2018-01-01,ZCH07T24,ST12000NM0007,12000138625024,0,70,9590296,99,0,100,1,100,0,82,153254765,99,1283,100,0,100,1,,,,,100.0,0.0,100.0,0.0,,,64.0,36.0,,,100.0,12.0,100.0,315.0,36,36,100,0,100,0,200,0,100.0,1181.0,100.0,12771023992.0,100.0,9699588034.0
2018-01-02,ZCH07T24,ST12000NM0007,12000138625024,0,82,168185104,99,0,100,1,100,0,82,154043217,99,1307,100,0,100,1,,,,,100.0,0.0,100.0,0.0,,,65.0,35.0,,,100.0,13.0,100.0,316.0,35,35,100,0,100,0,200,0,100.0,1205.0,100.0,12772989592.0,100.0,9856217242.0
2018-01-03,ZCH07T24,ST12000NM0007,12000138625024,0,79,78866896,99,0,100,1,100,0,82,155464342,99,1330,100,0,100,1,,,,,100.0,0.0,100.0,0.0,,,63.0,37.0,,,100.0,14.0,100.0,317.0,37,37,100,0,100,0,200,0,100.0,1228.0,100.0,12800268208.0,100.0,9983761178.0
2018-01-04,ZCH07T24,ST12000NM0007,12000138625024,0,82,175761304,99,0,100,1,100,0,82,155992841,99,1347,100,0,100,1,,,,,100.0,0.0,100.0,0.0,,,62.0,38.0,,,100.0,15.0,100.0,318.0,38,38,100,0,100,0,200,0,100.0,1245.0,100.0,12801727296.0,100.0,10079196498.0
2018-01-05,ZCH07T24,ST12000NM0007,12000138625024,0,80.0,89594576.0,99.0,0.0,100.0,1.0,100.0,0.0,82.0,156832732.0,99.0,1372.0,100.0,0.0,100.0,1.0,,,,,100.0,0.0,100.0,0.0,,,63.0,37.0,,,100.0,16.0,100.0,320.0,37.0,37.0,100.0,0.0,100.0,0.0,200.0,0.0,100.0,1269.0,100.0,12803861352.0,100.0,10235036770.0
2018-01-06,ZCH07T24,ST12000NM0007,12000138625024,0,68,6180608,99,0,100,1,100,0,82,157724670,99,1395,100,0,100,1,,,,,100.0,0.0,100.0,0.0,,,62.0,38.0,,,100.0,16.0,100.0,321.0,38,38,100,0,100,0,200,0,100.0,1293.0,100.0,12805890736.0,100.0,10393734098.0
2018-01-07,ZCH07T24,ST12000NM0007,12000138625024,0,81,136624480,99,0,100,1,100,0,82,158448377,99,1419,100,0,100,1,,,,,100.0,0.0,100.0,0.0,,,62.0,38.0,,,100.0,17.0,100.0,322.0,38,38,100,0,100,0,200,0,100.0,1317.0,100.0,12807545096.0,100.0,10522523610.0
2018-01-08,ZCH07T24,ST12000NM0007,12000138625024,0,81,112259968,99,0,100,1,100,0,82,162099324,99,1442,100,0,100,1,,,,,100.0,0.0,100.0,0.0,,,61.0,39.0,,,100.0,17.0,100.0,322.0,39,39,100,0,100,0,200,0,100.0,1340.0,100.0,13078039312.0,100.0,10715946354.0
2018-01-09,ZCH07T24,ST12000NM0007,12000138625024,0,82,157369728,99,0,100,1,100,0,82,166146657,99,1466,100,0,100,1,,,,,100.0,0.0,100.0,0.0,,,61.0,39.0,,,100.0,17.0,100.0,323.0,39,39,100,0,100,0,200,0,100.0,1364.0,100.0,13420253656.0,100.0,10907123122.0
2018-01-10,ZCH07T24,ST12000NM0007,12000138625024,0,83,202754488,99,0,100,1,100,0,82,170314426,99,1490,100,0,100,1,,,,,100.0,0.0,100.0,0.0,,,61.0,39.0,,,100.0,17.0,100.0,324.0,39,39,100,0,100,0,200,0,100.0,1388.0,100.0,13772216480.0,100.0,11088826386.0
2018-01-11,ZCH07T24,ST12000NM0007,12000138625024,0,82,166266352,99,0,100,1,100,0,82,175570394,99,1524,100,0,100,1,,,,,100.0,0.0,100.0,0.0,,,64.0,36.0,,,100.0,17.0,100.0,326.0,36,36,100,0,100,0,200,0,100.0,1421.0,100.0,14239091880.0,100.0,11317885210.0
2018-01-12,ZCH07T24,ST12000NM0007,12000138625024,0,83,198326824,99,0,100,1,100,0,83,179359773,99,1548,100,0,100,1,,,,,100.0,0.0,100.0,0.0,,,62.0,38.0,,,100.0,17.0,100.0,327.0,38,38,100,0,100,0,200,0,100.0,1446.0,100.0,14573557496.0,100.0,11503761506.0
2018-01-13,ZCH07T24,ST12000NM0007,12000138625024,0,83.0,203364472.0,99.0,0.0,100.0,1.0,100,0,83.0,182942129.0,99,1572,100.0,0.0,100,1,,,,,100.0,0.0,100.0,0.0,,,62.0,38.0,,,100.0,17.0,100.0,328.0,38.0,38.0,100.0,0.0,100.0,0.0,200,0,100.0,1469.0,100.0,14899206352.0,100.0,11671432042.0
2018-01-14,ZCH07T24,ST12000NM0007,12000138625024,0,80.0,90555792.0,99.0,0.0,100.0,1.0,100,0,83.0,185862099.0,99,1596,100.0,0.0,100,1,,,,,100.0,0.0,100.0,0.0,,,63.0,37.0,,,100.0,18.0,100.0,329.0,37.0,37.0,100.0,0.0,100.0,0.0,200,0,100.0,1494.0,100.0,15043529520.0,100.0,11902581562.0
2018-01-15,ZCH07T24,ST12000NM0007,12000138625024,0,84.0,239883272.0,99.0,0.0,100.0,1.0,100,0,83.0,186562383.0,99,1621,100.0,0.0,100,1,,,,,100.0,0.0,100.0,0.0,,,62.0,38.0,,,100.0,19.0,100.0,330.0,38.0,38.0,100.0,0.0,100.0,0.0,200,0,100.0,1518.0,100.0,15045375408.0,100.0,12050063154.0
2018-01-16,ZCH07T24,ST12000NM0007,12000138625024,0,82.0,159016288.0,99.0,0.0,100.0,1.0,100,0,83.0,187603350.0,99,1644,100.0,0.0,100,1,,,,,100.0,0.0,100.0,0.0,,,62.0,38.0,,,100.0,20.0,100.0,331.0,38.0,38.0,100.0,0.0,100.0,0.0,200,0,100.0,1541.0,100.0,15057986752.0,100.0,12200725674.0
2018-01-17,ZCH07T24,ST12000NM0007,12000138625024,0,81.0,139974824.0,99.0,0.0,100.0,1.0,100,0,83.0,189679994.0,99,1669,100.0,0.0,100,1,,,,,100.0,0.0,100.0,0.0,,,65.0,35.0,,,100.0,20.0,100.0,332.0,35.0,35.0,100.0,0.0,100.0,0.0,200,0,100.0,1566.0,100.0,15092675640.0,100.0,12391135954.0
2018-01-18,ZCH07T24,ST12000NM0007,12000138625024,0,72.0,14494992.0,99.0,0.0,100.0,1.0,100.0,0.0,83.0,190614025.0,99.0,1683.0,100.0,0.0,100.0,1.0,,,,,100.0,0.0,100.0,0.0,,,65.0,35.0,,,100.0,20.0,100.0,332.0,35.0,35.0,100.0,0.0,100.0,0.0,200.0,0.0,100.0,1580.0,100.0,15102999816.0,100.0,12499472682.0
2018-01-19,ZCH07T24,ST12000NM0007,12000138625024,0,84.0,231362600.0,99.0,0.0,100.0,1.0,100.0,0.0,83.0,192256005.0,99.0,1708.0,100.0,0.0,100.0,1.0,,,,,100.0,0.0,100.0,0.0,,,65.0,35.0,,,100.0,20.0,100.0,334.0,35.0,35.0,100.0,0.0,100.0,0.0,200.0,0.0,100.0,1605.0,100.0,15119849360.0,100.0,12699490746.0
2018-01-20,ZCH07T24,ST12000NM0007,12000138625024,0,83.0,187869600.0,99.0,0.0,100.0,1.0,100,0,83.0,194000429.0,99,1731,100.0,0.0,100,1,,,,,100.0,0.0,100.0,0.0,,,64.0,36.0,,,100.0,20.0,100.0,335.0,36.0,36.0,100.0,0.0,100.0,0.0,200,0,100.0,1628.0,100.0,15135925192.0,100.0,12884062554.0
2018-01-21,ZCH07T24,ST12000NM0007,12000138625024,0,81.0,130051096.0,99.0,0.0,100.0,1.0,100,0,83.0,195376334.0,98,1755,100.0,0.0,100,1,,,,,100.0,0.0,100.0,0.0,,,64.0,36.0,,,100.0,21.0,100.0,336.0,36.0,36.0,100.0,0.0,100.0,0.0,200,0,100.0,1652.0,100.0,15146306576.0,100.0,13060003482.0
2018-01-22,ZCH07T24,ST12000NM0007,12000138625024,0,82.0,149259528.0,99.0,0.0,100.0,1.0,100,0,83.0,197876608.0,98,1779,100.0,0.0,100,1,,,,,100.0,0.0,100.0,0.0,,,64.0,36.0,,,100.0,22.0,100.0,337.0,36.0,36.0,100.0,0.0,100.0,0.0,200,0,100.0,1676.0,100.0,15188038144.0,100.0,13281620978.0
2018-01-23,ZCH07T24,ST12000NM0007,12000138625024,0,79.0,72433032.0,99.0,0.0,100.0,1.0,100,0,83.0,199187323.0,98,1804,100.0,0.0,100,1,,,,,100.0,0.0,100.0,0.0,,,64.0,36.0,,,100.0,23.0,100.0,339.0,36.0,36.0,100.0,0.0,100.0,0.0,200,0,100.0,1700.0,100.0,15202359960.0,100.0,13434613418.0
2018-01-24,ZCH07T24,ST12000NM0007,12000138625024,0,80.0,91903240.0,99.0,0.0,100.0,1.0,100,0,83.0,201401162.0,98,1836,100.0,0.0,100,1,,,,,100.0,0.0,100.0,0.0,,,63.0,37.0,,,100.0,24.0,100.0,340.0,37.0,37.0,100.0,0.0,100.0,0.0,200,0,100.0,1732.0,100.0,15241100952.0,100.0,13659483266.0
2018-01-25,ZCH07T24,ST12000NM0007,12000138625024,0,83.0,187241048.0,99.0,0.0,100.0,1.0,100,0,83.0,202004100.0,98,1852,100.0,0.0,100,1,,,,,100.0,0.0,100.0,0.0,,,63.0,37.0,,,100.0,25.0,100.0,341.0,37.0,37.0,100.0,0.0,100.0,0.0,200,0,100.0,1749.0,100.0,15243884240.0,100.0,13752037786.0
2018-01-26,ZCH07T24,ST12000NM0007,12000138625024,0,83.0,186138536.0,99.0,0.0,100.0,1.0,100,0,83.0,205246411.0,98,1877,100.0,0.0,100,1,,,,,100.0,0.0,100.0,0.0,,,61.0,39.0,,,100.0,25.0,100.0,343.0,39.0,39.0,100.0,0.0,100.0,0.0,200,0,100.0,1773.0,100.0,15570060264.0,100.0,13913040882.0
2018-01-27,ZCH07T24,ST12000NM0007,12000138625024,0,82.0,174944824.0,99.0,0.0,100.0,1.0,100,0,83.0,208806442.0,98,1900,100.0,0.0,100,1,,,,,100.0,0.0,100.0,0.0,,,63.0,37.0,,,100.0,25.0,100.0,344.0,37.0,37.0,100.0,0.0,100.0,0.0,200,0,100.0,1796.0,100.0,15853167656.0,100.0,14107021082.0
2018-01-28,ZCH07T24,ST12000NM0007,12000138625024,0,82.0,159342528.0,99.0,0.0,100.0,1.0,100,0,83.0,212475237.0,98,1924,100.0,0.0,100,1,,,,,100.0,0.0,100.0,0.0,,,62.0,38.0,,,100.0,25.0,100.0,345.0,38.0,38.0,100.0,0.0,100.0,0.0,200,0,100.0,1820.0,100.0,16149792112.0,100.0,14283075938.0
2018-01-29,ZCH07T24,ST12000NM0007,12000138625024,0,83.0,196111368.0,99.0,0.0,100.0,1.0,100,0,83.0,216828990.0,98,1948,100.0,0.0,100,1,,,,,100.0,0.0,100.0,0.0,,,62.0,38.0,,,100.0,25.0,100.0,345.0,38.0,38.0,100.0,0.0,100.0,0.0,200,0,100.0,1844.0,100.0,16465155440.0,100.0,14492762954.0
2018-01-30,ZCH07T24,ST12000NM0007,12000138625024,0,81.0,135253688.0,99.0,0.0,100.0,1.0,100,0,83.0,222031313.0,98,1981,100.0,0.0,100,1,,,,,100.0,0.0,100.0,0.0,,,63.0,37.0,,,100.0,25.0,100.0,347.0,37.0,37.0,100.0,0.0,100.0,0.0,200,0,100.0,1876.0,100.0,16880228912.0,100.0,14749254066.0
2018-01-31,ZCH07T24,ST12000NM0007,12000138625024,0,100.0,454472.0,99.0,0.0,100.0,1.0,100.0,0.0,84.0,226697993.0,98.0,2005.0,100.0,0.0,100.0,1.0,,,,,100.0,0.0,100.0,0.0,,,62.0,38.0,,,100.0,25.0,100.0,348.0,38.0,38.0,100.0,0.0,100.0,0.0,200.0,0.0,100.0,1901.0,100.0,17301480720.0,100.0,14925625170.0
2018-02-01,ZCH07T24,ST12000NM0007,12000138625024,0,68.0,6507992.0,99.0,0.0,100.0,1.0,100,0,84.0,228862940.0,98,2029,100.0,0.0,100,1,,,,,100.0,0.0,100.0,0.0,,,62.0,38.0,,,100.0,25.0,100.0,349.0,38.0,38.0,100.0,0.0,100.0,0.0,200,0,100.0,1925.0,100.0,17377819408.0,100.0,15099480634.0
2018-02-02,ZCH07T24,ST12000NM0007,12000138625024,0,83.0,219190976.0,99.0,0.0,100.0,1.0,100,0,84.0,230759191.0,98,2053,100.0,0.0,100,1,,,,,100.0,0.0,100.0,0.0,,,62.0,38.0,,,100.0,26.0,100.0,350.0,38.0,38.0,100.0,0.0,100.0,0.0,200,0,100.0,1949.0,100.0,17400352024.0,100.0,15289631002.0
2018-02-03,ZCH07T24,ST12000NM0007,12000138625024,0,82.0,175241944.0,99.0,0.0,100.0,1.0,100,0,84.0,232413305.0,98,2077,100.0,0.0,100,1,,,,,100.0,0.0,100.0,0.0,,,63.0,37.0,,,100.0,26.0,100.0,351.0,37.0,37.0,100.0,0.0,100.0,0.0,200,0,100.0,1972.0,100.0,17414852000.0,100.0,15475322746.0
2018-02-04,ZCH07T24,ST12000NM0007,12000138625024,0,80.0,89878224.0,99.0,0.0,100.0,1.0,100,0,84.0,233608074.0,98,2096,100.0,0.0,100,1,,,,,100.0,0.0,100.0,0.0,,,63.0,37.0,,,100.0,27.0,100.0,352.0,37.0,37.0,100.0,0.0,100.0,0.0,200,0,100.0,1992.0,100.0,17424792848.0,100.0,15624158938.0
2018-02-05,ZCH07T24,ST12000NM0007,12000138625024,0,81.0,129248656.0,99.0,0.0,100.0,1.0,100,0,84.0,236605102.0,98,2121,100.0,0.0,100,1,,,,,100.0,0.0,100.0,0.0,,,63.0,37.0,,,100.0,28.0,100.0,353.0,37.0,37.0,100.0,0.0,100.0,0.0,200,0,100.0,2016.0,100.0,17474106016.0,100.0,15858357050.0
2018-02-06,ZCH07T24,ST12000NM0007,12000138625024,0,78.0,67505976.0,99.0,0.0,100.0,1.0,100,0,84.0,238232337.0,98,2145,100.0,0.0,100,1,,,,,100.0,0.0,100.0,0.0,,,62.0,38.0,,,100.0,29.0,100.0,354.0,38.0,38.0,100.0,0.0,100.0,0.0,200,0,100.0,2040.0,100.0,17486827080.0,100.0,16028034042.0
2018-02-07,ZCH07T24,ST12000NM0007,12000138625024,0,76.0,39138760.0,99.0,0.0,100.0,1.0,100,0,84.0,240971211.0,98,2169,100.0,0.0,100,1,,,,,100.0,0.0,100.0,0.0,,,62.0,38.0,,,100.0,30.0,100.0,355.0,38.0,38.0,100.0,0.0,100.0,0.0,200,0,100.0,2064.0,100.0,17533349168.0,100.0,16197285498.0
2018-02-08,ZCH07T24,ST12000NM0007,12000138625024,0,84.0,228914600.0,99.0,0.0,100.0,1.0,100,0,84.0,242237148.0,98,2194,100.0,0.0,100,1,,,,,100.0,0.0,100.0,0.0,,,64.0,36.0,,,100.0,30.0,100.0,356.0,36.0,36.0,100.0,0.0,100.0,0.0,200,0,100.0,2089.0,100.0,17542005736.0,100.0,16378404770.0
2018-02-09,ZCH07T24,ST12000NM0007,12000138625024,0,82,159223088,99,0,100,1,100,0,84,243280224,98,2218,100,0,100,1,,,,,100.0,0.0,100.0,0.0,,,60.0,40.0,,,100.0,31.0,100.0,357.0,40,40,100,0,100,0,200,0,100.0,2113.0,100.0,17547043696.0,100.0,16547816162.0
2018-02-10,ZCH07T24,ST12000NM0007,12000138625024,0,79.0,87205288.0,99.0,0.0,100.0,1.0,100.0,0.0,84.0,244320840.0,98.0,2242.0,100.0,0.0,100.0,1.0,,,,,100.0,0.0,100.0,0.0,,,60.0,40.0,,,100.0,32.0,100.0,358.0,40.0,40.0,100.0,0.0,100.0,0.0,200.0,0.0,100.0,2137.0,100.0,17573137192.0,100.0,16693845586.0
2018-02-11,ZCH07T24,ST12000NM0007,12000138625024,0,80,96467464,99,0,100,1,100,0,84,248176512,98,2266,100,0,100,1,,,,,100.0,0.0,100.0,0.0,,,60.0,40.0,,,100.0,32.0,100.0,359.0,40,40,100,0,100,0,200,0,100.0,2161.0,100.0,17880005256.0,100.0,16884521162.0
2018-02-12,ZCH07T24,ST12000NM0007,12000138625024,0,83,179377720,99,0,100,1,100,0,84,252831123,98,2290,100,0,100,1,,,,,100.0,0.0,100.0,0.0,,,60.0,40.0,,,100.0,32.0,100.0,360.0,40,40,100,0,100,0,200,0,100.0,2185.0,100.0,18221444008.0,100.0,17114274210.0
2018-02-13,ZCH07T24,ST12000NM0007,12000138625024,0,82,155169080,99,0,100,1,100,0,84,256385781,98,2314,100,0,100,1,,,,,100.0,0.0,100.0,0.0,,,62.0,38.0,,,100.0,32.0,100.0,361.0,38,38,100,0,100,0,200,0,100.0,2209.0,100.0,18515633432.0,100.0,17284157554.0
2018-02-14,ZCH07T24,ST12000NM0007,12000138625024,0,82,155190184,99,0,100,1,100,0,84,260561399,98,2338,100,0,100,1,,,,,100.0,0.0,100.0,0.0,,,63.0,37.0,,,100.0,32.0,100.0,362.0,37,37,100,0,100,0,200,0,100.0,2232.0,100.0,18847258720.0,100.0,17440834866.0
2018-02-15,ZCH07T24,ST12000NM0007,12000138625024,0,81,133158144,99,0,100,1,100,0,84,264375554,98,2362,100,0,100,1,,,,,100.0,0.0,100.0,0.0,,,63.0,37.0,,,100.0,32.0,100.0,363.0,37,37,100,0,100,0,200,0,100.0,2256.0,100.0,19144606488.0,100.0,17609736410.0
2018-02-16,ZCH07T24,ST12000NM0007,12000138625024,0,81,125813648,99,0,100,1,100,0,84,268343967,98,2387,100,0,100,1,,,,,100.0,0.0,100.0,0.0,,,64.0,36.0,,,100.0,32.0,100.0,364.0,36,36,100,0,100,0,200,0,100.0,2281.0,100.0,19462740584.0,100.0,17772539386.0
2018-02-17,ZCH07T24,ST12000NM0007,12000138625024,0,83,223749832,99,0,100,1,100,0,84,271093593,98,2411,100,0,100,1,,,,,100.0,0.0,100.0,0.0,,,64.0,36.0,,,100.0,32.0,100.0,365.0,36,36,100,0,100,0,200,0,100.0,2305.0,100.0,19611030992.0,100.0,17966325994.0
2018-02-18,ZCH07T24,ST12000NM0007,12000138625024,0,83,188714640,99,0,100,1,100,0,84,272764114,98,2434,100,0,100,1,,,,,100.0,0.0,100.0,0.0,,,63.0,37.0,,,100.0,32.0,100.0,366.0,37,37,100,0,100,0,200,0,100.0,2328.0,100.0,19630560968.0,100.0,18155901818.0
2018-02-19,ZCH07T24,ST12000NM0007,12000138625024,0,83,217804016,99,0,100,1,100,0,84,275493675,98,2458,100,0,100,1,,,,,100.0,0.0,100.0,0.0,,,64.0,36.0,,,100.0,33.0,100.0,367.0,36,36,100,0,100,0,200,0,100.0,2352.0,100.0,19682000256.0,100.0,18377692538.0
2018-02-20,ZCH07T24,ST12000NM0007,12000138625024,0,83,179094136,99,0,100,1,100,0,84,277038219,98,2482,100,0,100,1,,,,,100.0,0.0,100.0,0.0,,,65.0,35.0,,,100.0,34.0,100.0,368.0,35,35,100,0,100,0,200,0,100.0,2376.0,100.0,19701701632.0,100.0,18563421970.0
2018-02-21,ZCH07T24,ST12000NM0007,12000138625024,0,83,184999240,99,0,100,1,100,0,84,279416312,98,2506,100,0,100,1,,,,,100.0,0.0,100.0,0.0,,,63.0,37.0,,,100.0,35.0,100.0,369.0,37,37,100,0,100,0,200,0,100.0,2400.0,100.0,19743442432.0,100.0,18771726930.0
2018-02-22,ZCH07T24,ST12000NM0007,12000138625024,0,80,94794328,99,0,100,1,100,0,84,280332757,98,2530,100,0,100,1,,,,,100.0,0.0,100.0,0.0,,,63.0,37.0,,,100.0,36.0,100.0,371.0,37,37,100,0,100,0,200,0,100.0,2423.0,100.0,19748916856.0,100.0,18920188306.0
2018-02-23,ZCH07T24,ST12000NM0007,12000138625024,0,72,14733880,99,0,100,1,100,0,84,281246427,98,2553,100,0,100,1,,,,,100.0,0.0,100.0,0.0,,,63.0,37.0,,,100.0,37.0,100.0,372.0,37,37,100,0,100,0,200,0,100.0,2447.0,100.0,19752931880.0,100.0,19080253522.0
2018-02-24,ZCH07T24,ST12000NM0007,12000138625024,0,83,205988456,99,0,100,1,100,0,85,282637268,98,2578,100,0,100,1,,,,,100.0,0.0,100.0,0.0,,,63.0,37.0,,,100.0,38.0,100.0,373.0,37,37,100,0,100,0,200,0,100.0,2471.0,100.0,19763912904.0,100.0,19260527074.0
2018-02-25,ZCH07T24,ST12000NM0007,12000138625024,0,82,162468000,99,0,100,1,100,0,85,284077233,98,2602,100,0,100,1,,,,,100.0,0.0,100.0,0.0,,,61.0,39.0,,,100.0,39.0,100.0,374.0,39,39,100,0,100,0,200,0,100.0,2495.0,100.0,19783851992.0,100.0,19441208210.0
2018-02-26,ZCH07T24,ST12000NM0007,12000138625024,0,81,127063432,99,0,100,1,100,0,85,286077753,98,2626,100,0,100,1,,,,,100.0,0.0,100.0,0.0,,,63.0,37.0,,,100.0,40.0,100.0,375.0,37,37,100,0,100,0,200,0,100.0,2519.0,100.0,19812892920.0,100.0,19620903346.0
2018-02-27,ZCH07T24,ST12000NM0007,12000138625024,0,77,53184464,99,0,100,1,100,0,85,287005497,97,2650,100,0,100,1,,,,,100.0,0.0,100.0,0.0,,,64.0,36.0,,,100.0,40.0,100.0,376.0,36,36,100,0,100,0,200,0,100.0,2543.0,100.0,19816698816.0,100.0,19787359394.0
2018-02-28,ZCH07T24,ST12000NM0007,12000138625024,0,84,234474408,99,0,100,1,100,0,85,289179460,97,2673,100,0,100,1,,,,,100.0,0.0,100.0,0.0,,,65.0,35.0,,,100.0,41.0,100.0,377.0,35,35,100,0,100,0,200,0,100.0,2566.0,100.0,19858331128.0,100.0,19927017026.0
2018-03-01,ZCH07T24,ST12000NM0007,12000138625024,0,83,185458496,99,0,100,1,100,0,85,290312958,97,2700,100,0,100,1,,,,,100.0,0.0,100.0,0.0,,,64.0,36.0,,,100.0,42.0,100.0,379.0,36,36,100,0,100,0,200,0,100.0,2593.0,100.0,19864321600.0,100.0,20116151642.0
2018-03-02,ZCH07T24,ST12000NM0007,12000138625024,0,80,102432992,99,0,100,1,100,0,85,291430376,97,2724,100,0,100,1,,,,,100.0,0.0,100.0,0.0,,,65.0,35.0,,,100.0,43.0,100.0,380.0,35,35,100,0,100,0,200,0,100.0,2617.0,100.0,19874858752.0,100.0,20266729914.0
2018-03-03,ZCH07T24,ST12000NM0007,12000138625024,0,79,80212336,99,0,100,1,100,0,85,292904503,97,2748,100,0,100,1,,,,,100.0,0.0,100.0,0.0,,,64.0,36.0,,,100.0,44.0,100.0,381.0,36,36,100,0,100,0,200,0,100.0,2640.0,100.0,19931445880.0,100.0,20432062762.0
2018-03-04,ZCH07T24,ST12000NM0007,12000138625024,0,77,46247104,99,0,100,1,100,0,85,296432864,97,2771,100,0,100,1,,,,,100.0,0.0,100.0,0.0,,,63.0,37.0,,,100.0,44.0,100.0,382.0,37,37,100,0,100,0,200,0,100.0,2663.0,100.0,20221196272.0,100.0,20596629178.0
2018-03-05,ZCH07T24,ST12000NM0007,12000138625024,0,82,168625312,99,0,100,1,100,0,85,301536475,97,2796,100,0,100,1,,,,,100.0,0.0,100.0,0.0,,,64.0,36.0,,,100.0,44.0,100.0,383.0,36,36,100,0,100,0,200,0,100.0,2688.0,100.0,20581730232.0,100.0,20846755074.0
2018-03-06,ZCH07T24,ST12000NM0007,12000138625024,0,84,225026296,99,0,100,1,100,0,85,305722349,97,2823,100,0,100,1,,,,,100.0,0.0,100.0,0.0,,,64.0,36.0,,,100.0,44.0,100.0,384.0,36,36,100,0,100,0,200,0,100.0,2715.0,100.0,20916615088.0,100.0,21056552762.0
2018-03-07,ZCH07T24,ST12000NM0007,12000138625024,0,75.0,33529976.0,99.0,0.0,100.0,1.0,100.0,0.0,85.0,310550923.0,97.0,2847.0,100.0,0.0,100.0,1.0,,,,,100.0,0.0,100.0,0.0,,,64.0,36.0,,,100.0,44.0,100.0,385.0,36.0,36.0,100.0,0.0,100.0,0.0,200.0,0.0,100.0,2738.0,100.0,21260668192.0,100.0,21253425586.0
2018-03-08,ZCH07T24,ST12000NM0007,12000138625024,0,84,233026408,99,0,100,1,100,0,85,313981543,97,2868,100,0,100,1,,,,,100.0,0.0,100.0,0.0,,,64.0,36.0,,,100.0,44.0,100.0,386.0,36,36,100,0,100,0,200,0,100.0,2759.0,100.0,21534053600.0,100.0,21423677250.0
2018-03-09,ZCH07T24,ST12000NM0007,12000138625024,0,65,2927960,99,0,100,1,100,0,85,317847541,97,2891,100,0,100,1,,,,,100.0,0.0,100.0,0.0,,,65.0,35.0,,,100.0,44.0,100.0,387.0,35,35,100,0,100,0,200,0,100.0,2783.0,100.0,21836474920.0,100.0,21623579946.0
2018-03-10,ZCH07T24,ST12000NM0007,12000138625024,0,78,58146432,99,0,100,1,100,0,85,319991291,97,2915,100,0,100,1,,,,,100.0,0.0,100.0,0.0,,,64.0,36.0,,,100.0,44.0,100.0,388.0,36,36,100,0,100,0,200,0,100.0,2807.0,100.0,21931758232.0,100.0,21827655754.0
2018-03-11,ZCH07T24,ST12000NM0007,12000138625024,0,82,160429600,99,0,100,1,100,0,85,324582816,97,2939,100,0,100,1,,,,,100.0,0.0,100.0,0.0,,,64.0,36.0,,,100.0,44.0,100.0,389.0,36,36,100,0,100,0,200,0,100.0,2831.0,100.0,22290629648.0,100.0,22059348882.0
2018-03-12,ZCH07T24,ST12000NM0007,12000138625024,0,78,70002048,99,0,100,1,100,0,85,329967375,97,2964,100,0,100,1,,,,,100.0,0.0,100.0,0.0,,,65.0,35.0,,,100.0,44.0,100.0,390.0,35,35,100,0,100,0,200,0,100.0,2855.0,100.0,22666934272.0,100.0,22325039010.0
2018-03-13,ZCH07T24,ST12000NM0007,12000138625024,0,79,84167832,99,0,100,1,100,0,85,333773617,97,2987,100,0,100,1,,,,,100.0,0.0,100.0,0.0,,,64.0,36.0,,,100.0,44.0,100.0,391.0,36,36,100,0,100,0,200,0,100.0,2878.0,100.0,22993715312.0,100.0,22500705378.0
2018-03-14,ZCH07T24,ST12000NM0007,12000138625024,0,82,155092424,99,0,100,1,100,0,85,339029078,97,3011,100,0,100,1,,,,,100.0,0.0,100.0,0.0,,,64.0,36.0,,,100.0,44.0,100.0,392.0,36,36,100,0,100,0,200,0,100.0,2902.0,100.0,23359530680.0,100.0,22694096114.0
2018-03-15,ZCH07T24,ST12000NM0007,12000138625024,0,83,207521888,99,0,100,1,100,0,85,343427780,97,3035,100,0,100,1,,,,,100.0,0.0,100.0,0.0,,,64.0,36.0,,,100.0,44.0,100.0,393.0,36,36,100,0,100,0,200,0,100.0,2926.0,100.0,23710377536.0,100.0,22883960218.0
2018-03-16,ZCH07T24,ST12000NM0007,12000138625024,0,83.0,218380304.0,99.0,0.0,100.0,1.0,100.0,0.0,85.0,345637436.0,97.0,3059.0,100.0,0.0,100.0,1.0,,,,,100.0,0.0,100.0,0.0,,,65.0,35.0,,,100.0,44.0,100.0,394.0,35.0,35.0,100.0,0.0,100.0,0.0,200.0,0.0,100.0,2950.0,100.0,23760084080.0,100.0,23089252826.0
2018-03-17,ZCH07T24,ST12000NM0007,12000138625024,0,82,170619072,99,0,100,1,100,0,85,347263798,97,3084,100,0,100,1,,,,,100.0,0.0,100.0,0.0,,,65.0,35.0,,,100.0,45.0,100.0,395.0,35,35,100,0,100,0,200,0,100.0,2975.0,100.0,23773280256.0,100.0,23272436098.0
2018-03-18,ZCH07T24,ST12000NM0007,12000138625024,0,82,145667352,99,0,100,1,100,0,85,348914565,97,3108,100,0,100,1,,,,,100.0,0.0,100.0,0.0,,,64.0,36.0,,,100.0,46.0,100.0,396.0,36,36,100,0,100,0,200,0,100.0,2998.0,100.0,23804744104.0,100.0,23460161242.0
2018-03-19,ZCH07T24,ST12000NM0007,12000138625024,0,80,111064016,99,0,100,1,100,0,85,350915836,97,3131,100,0,100,1,,,,,100.0,0.0,100.0,0.0,,,65.0,35.0,,,100.0,47.0,100.0,397.0,35,35,100,0,100,0,200,0,100.0,3022.0,100.0,23834099096.0,100.0,23640343562.0
2018-03-20,ZCH07T24,ST12000NM0007,12000138625024,0,75,34140360,99,0,100,1,100,0,85,351850007,97,3156,100,0,100,1,,,,,100.0,0.0,100.0,0.0,,,65.0,35.0,,,100.0,48.0,100.0,398.0,35,35,100,0,100,0,200,0,100.0,3046.0,100.0,23839698216.0,100.0,23801961674.0
2018-03-21,ZCH07T24,ST12000NM0007,12000138625024,0,77,49138384,99,0,100,1,100,0,86,354902060,97,3180,100,0,100,1,,,,,100.0,0.0,100.0,0.0,,,65.0,35.0,,,100.0,48.0,100.0,399.0,35,35,100,0,100,0,200,0,100.0,3070.0,100.0,23892413368.0,100.0,24008385194.0
2018-03-22,ZCH07T24,ST12000NM0007,12000138625024,0,69,7227368,99,0,100,1,100,0,86,356052498,97,3204,100,0,100,1,,,,,100.0,0.0,100.0,0.0,,,65.0,35.0,,,100.0,49.0,100.0,400.0,35,35,100,0,100,0,200,0,100.0,3094.0,100.0,23899182960.0,100.0,24203845274.0
2018-03-23,ZCH07T24,ST12000NM0007,12000138625024,0,83,192725552,99,0,100,1,100,0,86,357228613,97,3227,100,0,100,1,,,,,100.0,0.0,100.0,0.0,,,65.0,35.0,,,100.0,50.0,100.0,401.0,35,35,100,0,100,0,200,0,100.0,3117.0,100.0,23908841984.0,100.0,24379684434.0
2018-03-24,ZCH07T24,ST12000NM0007,12000138625024,0,81,119271296,99,0,100,1,100,0,86,358137700,97,3251,100,0,100,1,,,,,100.0,0.0,100.0,0.0,,,65.0,35.0,,,100.0,51.0,100.0,402.0,35,35,100,0,100,0,200,0,100.0,3141.0,100.0,23913575104.0,100.0,24545637706.0
2018-03-25,ZCH07T24,ST12000NM0007,12000138625024,0,77,51408912,99,0,100,1,100,0,86,359250041,97,3275,100,0,100,1,,,,,100.0,0.0,100.0,0.0,,,64.0,36.0,,,100.0,52.0,100.0,403.0,36,36,100,0,100,0,200,0,100.0,3165.0,100.0,23921636304.0,100.0,24713854882.0
2018-03-26,ZCH07T24,ST12000NM0007,12000138625024,0,81,119740552,99,0,100,1,100,0,86,362641259,97,3298,100,0,100,1,,,,,100.0,0.0,100.0,0.0,,,65.0,35.0,,,100.0,53.0,100.0,404.0,35,35,100,0,100,0,200,0,100.0,3188.0,100.0,23970039688.0,100.0,24977923970.0
2018-03-27,ZCH07T24,ST12000NM0007,12000138625024,0,78,66834688,99,0,100,1,100,0,86,364187749,97,3323,100,0,100,1,,,,,100.0,0.0,100.0,0.0,,,65.0,35.0,,,100.0,54.0,100.0,405.0,35,35,100,0,100,0,200,0,100.0,3213.0,100.0,23982300784.0,100.0,25156897834.0
2018-03-28,ZCH07T24,ST12000NM0007,12000138625024,0,75,32100424,99,0,100,1,100,0,86,367012833,97,3347,100,0,100,1,,,,,100.0,0.0,100.0,0.0,,,64.0,36.0,,,100.0,55.0,100.0,406.0,36,36,100,0,100,0,200,0,100.0,3237.0,100.0,24028376728.0,100.0,25320228290.0
2018-03-29,ZCH07T24,ST12000NM0007,12000138625024,0,83,206200480,99,0,100,1,100,0,86,368354424,97,3371,100,0,100,1,,,,,100.0,0.0,100.0,0.0,,,64.0,36.0,,,100.0,56.0,100.0,409.0,36,36,100,0,100,0,200,0,100.0,3261.0,100.0,24037813128.0,100.0,25484891946.0
2018-03-30,ZCH07T24,ST12000NM0007,12000138625024,0,81,139003584,99,0,100,1,100,0,86,369446671,97,3395,100,0,100,1,,,,,100.0,0.0,100.0,0.0,,,65.0,35.0,,,100.0,57.0,100.0,410.0,35,35,100,0,100,0,200,0,100.0,3284.0,100.0,24043919896.0,100.0,25655729362.0
2018-03-31,ZCH07T24,ST12000NM0007,12000138625024,0,78,65064512,99,0,100,1,100,0,86,370711538,97,3419,100,0,100,1,,,,,100.0,0.0,100.0,0.0,,,65.0,35.0,,,100.0,57.0,100.0,411.0,35,35,100,0,100,0,200,0,100.0,3309.0,100.0,24053941480.0,100.0,25815909538.0
2018-04-01,ZCH07T24,ST12000NM0007,12000138625024,0,70,10493016,99,0,100,1,100,0,86,372051773,97,3443,100,0,100,1,,,,,100.0,0.0,100.0,0.0,,,64.0,36.0,,,100.0,58.0,100.0,412.0,36,36,100,0,100,0,200,0,100.0,3332.0,100.0,24070128744.0,100.0,25989291554.0
2018-04-02,ZCH07T24,ST12000NM0007,12000138625024,0,72,16505520,99,0,100,1,100,0,86,374710744,97,3467,100,0,100,1,,,,,100.0,0.0,100.0,0.0,,,65.0,35.0,,,100.0,59.0,100.0,413.0,35,35,100,0,100,0,200,0,100.0,3356.0,100.0,24113035088.0,100.0,26196538458.0
2018-04-03,ZCH07T24,ST12000NM0007,12000138625024,0,83,196784184,99,0,100,1,100,0,86,375814536,97,3491,100,0,100,1,,,,,100.0,0.0,100.0,0.0,,,65.0,35.0,,,100.0,60.0,100.0,414.0,35,35,100,0,100,0,200,0,100.0,3380.0,100.0,24121591088.0,100.0,26368261122.0
2018-04-04,ZCH07T24,ST12000NM0007,12000138625024,0,83,218325554,98,0,100,2,100,0,86,378737988,96,3516,100,0,100,1,,,,,100.0,0.0,100.0,0.0,,,65.0,35.0,,,100.0,61.0,100.0,418.0,35,35,100,0,100,0,200,0,100.0,3405.0,100.0,24175210352.0,100.0,26580323860.0
2018-04-05,ZCH07T24,ST12000NM0007,12000138625024,0,82,177792352,98,0,100,2,100,0,86,380063726,96,3541,100,0,100,1,,,,,100.0,0.0,100.0,0.0,,,65.0,35.0,,,100.0,62.0,100.0,419.0,35,35,100,0,100,0,200,0,100.0,3430.0,100.0,24182617416.0,100.0,26776524252.0
2018-04-06,ZCH07T24,ST12000NM0007,12000138625024,0,80,105825936,98,0,100,2,100,0,86,381097279,96,3564,100,0,100,1,,,,,100.0,0.0,100.0,0.0,,,65.0,35.0,,,100.0,63.0,100.0,420.0,35,35,100,0,100,0,200,0,100.0,3453.0,100.0,24189941184.0,100.0,26941375036.0
2018-04-07,ZCH07T24,ST12000NM0007,12000138625024,0,77.0,46992720.0,98.0,0.0,100.0,2.0,100.0,0.0,86.0,382260822.0,96.0,3589.0,100.0,0.0,100.0,1.0,,,,,100.0,0.0,100.0,0.0,,,65.0,35.0,,,100.0,63.0,100.0,421.0,35.0,35.0,100.0,0.0,100.0,0.0,200.0,0.0,100.0,3477.0,100.0,24199157360.0,100.0,27117466436.0
2018-04-08,ZCH07T24,ST12000NM0007,12000138625024,0,76,42026312,98,0,100,2,100,0,86,384429122,96,3612,100,0,100,1,,,,,100.0,0.0,100.0,0.0,,,64.0,36.0,,,100.0,64.0,100.0,422.0,36,36,100,0,100,0,200,0,100.0,3501.0,100.0,24241283656.0,100.0,27314514364.0
2018-04-09,ZCH07T24,ST12000NM0007,12000138625024,0,71,13984296,98,0,100,2,100,0,86,386381852,96,3637,100,0,100,1,,,,,100.0,0.0,100.0,0.0,,,65.0,35.0,,,100.0,65.0,100.0,423.0,35,35,100,0,100,0,200,0,100.0,3525.0,100.0,24260098320.0,100.0,27511798556.0
2018-04-10,ZCH07T24,ST12000NM0007,12000138625024,0,82,169062088,98,0,100,2,100,0,86,387437201,96,3661,100,0,100,1,,,,,100.0,0.0,100.0,0.0,,,61.0,39.0,,,100.0,66.0,100.0,424.0,39,39,100,0,100,0,200,0,100.0,3549.0,100.0,24268566864.0,100.0,27658407804.0
2018-04-11,ZCH07T24,ST12000NM0007,12000138625024,0,82,176549152,98,0,100,2,100,0,86,390059364,96,3684,100,0,100,1,,,,,100.0,0.0,100.0,0.0,,,61.0,39.0,,,100.0,67.0,100.0,425.0,39,39,100,0,100,0,200,0,100.0,3572.0,100.0,24318241616.0,100.0,27860360748.0
2018-04-12,ZCH07T24,ST12000NM0007,12000138625024,0,78,70371824,98,0,100,2,100,0,86,391014242,96,3707,100,0,100,1,,,,,100.0,0.0,100.0,0.0,,,61.0,39.0,,,100.0,67.0,100.0,426.0,39,39,100,0,100,0,200,0,100.0,3594.0,100.0,24322278664.0,100.0,27994287044.0
2018-04-13,ZCH07T24,ST12000NM0007,12000138625024,0,84,226714920,98,0,100,2,100,0,86,391904276,96,3730,100,0,100,1,,,,,100.0,0.0,100.0,0.0,,,62.0,38.0,,,100.0,68.0,100.0,427.0,38,38,100,0,100,0,200,0,100.0,3618.0,100.0,24326363488.0,100.0,28146545316.0
2018-04-14,ZCH07T24,ST12000NM0007,12000138625024,0,81,138209608,98,0,100,2,100,0,86,392885632,96,3755,100,0,100,1,,,,,100.0,0.0,100.0,0.0,,,61.0,39.0,,,100.0,69.0,100.0,428.0,39,39,100,0,100,0,200,0,100.0,3642.0,100.0,24330717304.0,100.0,28297826860.0
2018-04-15,ZCH07T24,ST12000NM0007,12000138625024,0,78,61512024,98,0,100,2,100,0,86,393923355,96,3778,100,0,100,1,,,,,100.0,0.0,100.0,0.0,,,61.0,39.0,,,100.0,70.0,100.0,429.0,39,39,100,0,100,0,200,0,100.0,3666.0,100.0,24338318816.0,100.0,28457669076.0
2018-04-16,ZCH07T24,ST12000NM0007,12000138625024,0,80,107934936,98,0,100,2,100,0,86,396834242,96,3803,100,0,100,1,,,,,100.0,0.0,100.0,0.0,,,61.0,39.0,,,100.0,71.0,100.0,430.0,39,39,100,0,100,0,200,0,100.0,3690.0,100.0,24382018336.0,100.0,28704533172.0
2018-04-17,ZCH07T24,ST12000NM0007,12000138625024,0,76,38678128,98,0,100,2,100,0,86,397931413,96,3827,100,0,100,1,,,,,100.0,0.0,100.0,0.0,,,62.0,38.0,,,100.0,72.0,100.0,431.0,38,38,100,0,100,0,200,0,100.0,3714.0,100.0,24385101552.0,100.0,28876333788.0
2018-04-18,ZCH07T24,ST12000NM0007,12000138625024,0,68,5928696,98,0,100,2,100,0,86,400692285,96,3851,100,0,100,1,,,,,100.0,0.0,100.0,0.0,,,63.0,37.0,,,100.0,73.0,100.0,432.0,37,37,100,0,100,0,200,0,100.0,3737.0,100.0,24430815616.0,100.0,29042010988.0
2018-04-19,ZCH07T24,ST12000NM0007,12000138625024,0,83,180424856,98,0,100,2,100,0,86,402046347,96,3875,100,0,100,1,,,,,100.0,0.0,100.0,0.0,,,62.0,38.0,,,100.0,74.0,100.0,433.0,38,38,100,0,100,0,200,0,100.0,3762.0,100.0,24435707808.0,100.0,29211614956.0
2018-04-20,ZCH07T24,ST12000NM0007,12000138625024,0,81,116463200,98,0,100,2,100,0,86,403459099,96,3899,100,0,100,1,,,,,100.0,0.0,100.0,0.0,,,62.0,38.0,,,100.0,75.0,100.0,434.0,38,38,100,0,100,0,200,0,100.0,3785.0,100.0,24444477888.0,100.0,29383023868.0
2018-04-21,ZCH07T24,ST12000NM0007,12000138625024,0,75,30823120,98,0,100,2,100,0,86,404513310,96,3923,100,0,100,1,,,,,100.0,0.0,100.0,0.0,,,62.0,38.0,,,100.0,76.0,100.0,435.0,38,38,100,0,100,0,200,0,100.0,3809.0,100.0,24449725800.0,100.0,29536276668.0
2018-04-22,ZCH07T24,ST12000NM0007,12000138625024,0,83,200569288,98,0,100,2,100,0,86,405672018,96,3946,100,0,100,1,,,,,100.0,0.0,100.0,0.0,,,61.0,39.0,,,100.0,77.0,100.0,436.0,39,39,100,0,100,0,200,0,100.0,3833.0,100.0,24465827432.0,100.0,29689921204.0
2018-04-23,ZCH07T24,ST12000NM0007,12000138625024,0,84,230349496,98,0,100,2,100,0,86,408231523,96,3971,100,0,100,1,,,,,100.0,0.0,100.0,0.0,,,62.0,38.0,,,100.0,77.0,100.0,437.0,38,38,100,0,100,0,200,0,100.0,3857.0,100.0,24505773608.0,100.0,29923895996.0
2018-04-24,ZCH07T24,ST12000NM0007,12000138625024,0,82,165492040,98,0,100,2,100,0,86,409520018,96,3995,100,0,100,1,,,,,100.0,0.0,100.0,0.0,,,62.0,38.0,,,100.0,77.0,100.0,438.0,38,38,100,0,100,0,200,0,100.0,3881.0,100.0,24523717984.0,100.0,30085234940.0
2018-04-25,ZCH07T24,ST12000NM0007,12000138625024,0,82,159491392,98,0,100,2,100,0,86,412259320,96,4019,100,0,100,1,,,,,100.0,0.0,100.0,0.0,,,62.0,38.0,,,100.0,78.0,100.0,439.0,38,38,100,0,100,0,200,0,100.0,3905.0,100.0,24574037192.0,100.0,30273056076.0
2018-04-26,ZCH07T24,ST12000NM0007,12000138625024,0,82,148552240,98,0,100,2,100,0,86,414129754,96,4045,100,0,100,1,,,,,100.0,0.0,100.0,0.0,,,61.0,39.0,,,100.0,79.0,100.0,441.0,39,39,100,0,100,0,200,0,100.0,3931.0,100.0,24635186920.0,100.0,30445107900.0
2018-04-27,ZCH07T24,ST12000NM0007,12000138625024,0,83,217369456,98,0,100,2,100,0,86,416579044,96,4069,100,0,100,1,,,,,100.0,0.0,100.0,0.0,,,61.0,39.0,,,100.0,80.0,100.0,442.0,39,39,100,0,100,0,200,0,100.0,3955.0,100.0,24751092672.0,100.0,30642160292.0
2018-04-28,ZCH07T24,ST12000NM0007,12000138625024,0,78,63525040,98,0,100,2,100,0,86,419130259,96,4093,100,0,100,1,,,,,100.0,0.0,100.0,0.0,,,61.0,39.0,,,100.0,81.0,100.0,443.0,39,39,100,0,100,0,200,0,100.0,3979.0,100.0,24880365240.0,100.0,30847325852.0
2018-04-29,ZCH07T24,ST12000NM0007,12000138625024,0,83,211579360,98,0,100,2,100,0,86,422297184,96,4117,100,0,100,1,,,,,100.0,0.0,100.0,0.0,,,60.0,40.0,,,100.0,82.0,100.0,444.0,40,40,100,0,100,0,200,0,100.0,4002.0,100.0,25043223344.0,100.0,31076662844.0
2018-04-30,ZCH07T24,ST12000NM0007,12000138625024,0,81,136802576,98,0,100,2,100,0,86,426021461,96,4141,100,0,100,1,,,,,100.0,0.0,100.0,0.0,,,61.0,39.0,,,100.0,82.0,100.0,445.0,39,39,100,0,100,0,200,0,100.0,4026.0,100.0,25209749688.0,100.0,31323641028.0
2018-05-01,ZCH07T24,ST12000NM0007,12000138625024,0,84,241402704,98,0,100,2,100,0,86,428712496,96,4165,100,0,100,1,,,,,100.0,0.0,100.0,0.0,,,61.0,39.0,,,100.0,82.0,100.0,446.0,39,39,100,0,100,0,200,0,100.0,4050.0,100.0,25372558280.0,100.0,31509573220.0
2018-05-02,ZCH07T24,ST12000NM0007,12000138625024,0,81.0,137549696.0,98.0,0.0,100.0,2.0,100.0,0.0,86.0,432788644.0,96.0,4189.0,100.0,0.0,100.0,1.0,,,,,100.0,0.0,100.0,0.0,,,61.0,39.0,,,100.0,82.0,100.0,447.0,39.0,39.0,100.0,0.0,100.0,0.0,200.0,0.0,100.0,4074.0,100.0,25549503952.0,100.0,31717056036.0
2018-05-03,ZCH07T24,ST12000NM0007,12000138625024,0,73,21889088,98,0,100,2,100,0,86,435576537,96,4211,100,0,100,1,,,,,100.0,0.0,100.0,0.0,,,61.0,39.0,,,100.0,82.0,100.0,448.0,39,39,100,0,100,0,200,0,100.0,4096.0,100.0,25718747104.0,100.0,31920433628.0
2018-05-04,ZCH07T24,ST12000NM0007,12000138625024,0,81,125650640,98,0,100,2,100,0,86,438232233,96,4235,100,0,100,1,,,,,100.0,0.0,100.0,0.0,,,61.0,39.0,,,100.0,82.0,100.0,449.0,39,39,100,0,100,0,200,0,100.0,4120.0,100.0,25885762760.0,100.0,32101320172.0
2018-05-05,ZCH07T24,ST12000NM0007,12000138625024,0,82,176112144,98,0,100,2,100,0,86,440427326,96,4259,100,0,100,1,,,,,100.0,0.0,100.0,0.0,,,61.0,39.0,,,100.0,83.0,100.0,450.0,39,39,100,0,100,0,200,0,100.0,4144.0,100.0,25992424848.0,100.0,32289260300.0
2018-05-06,ZCH07T24,ST12000NM0007,12000138625024,0,83,205861024,98,0,100,2,100,0,86,442386279,96,4282,100,0,100,1,,,,,100.0,0.0,100.0,0.0,,,61.0,39.0,,,100.0,83.0,100.0,451.0,39,39,100,0,100,0,200,0,100.0,4167.0,100.0,26070295416.0,100.0,32485279724.0
2018-05-07,ZCH07T24,ST12000NM0007,12000138625024,0,80,96978560,98,0,100,2,100,0,86,445938128,96,4307,100,0,100,1,,,,,100.0,0.0,100.0,0.0,,,61.0,39.0,,,100.0,83.0,100.0,452.0,39,39,100,0,100,0,200,0,100.0,4191.0,100.0,26196600040.0,100.0,32738374348.0
2018-05-08,ZCH07T24,ST12000NM0007,12000138625024,0,79,75576312,98,0,100,2,100,0,87,447775770,96,4331,100,0,100,1,,,,,100.0,0.0,100.0,0.0,,,61.0,39.0,,,100.0,83.0,100.0,453.0,39,39,100,0,100,0,200,0,100.0,4215.0,100.0,26283040232.0,100.0,32874672628.0
2018-05-09,ZCH07T24,ST12000NM0007,12000138625024,0,81,128515280,98,0,100,2,100,0,87,451340669,96,4355,100,0,100,1,,,,,100.0,0.0,100.0,0.0,,,61.0,39.0,,,100.0,83.0,100.0,454.0,39,39,100,0,100,0,200,0,100.0,4239.0,100.0,26424020904.0,100.0,33030771556.0
2018-05-10,ZCH07T24,ST12000NM0007,12000138625024,0,82,159008952,98,0,100,2,100,0,87,453554659,96,4379,100,0,100,1,,,,,100.0,0.0,100.0,0.0,,,60.0,40.0,,,100.0,83.0,100.0,455.0,40,40,100,0,100,0,200,0,100.0,4263.0,100.0,26519230720.0,100.0,33210196220.0
2018-05-11,ZCH07T24,ST12000NM0007,12000138625024,0,84,226144848,98,0,100,2,100,0,87,455940340,95,4403,100,0,100,1,,,,,100.0,0.0,100.0,0.0,,,61.0,39.0,,,100.0,83.0,100.0,456.0,39,39,100,0,100,0,200,0,100.0,4287.0,100.0,26647852288.0,100.0,33392851212.0
2018-05-12,ZCH07T24,ST12000NM0007,12000138625024,0,100,1921080,98,0,100,2,100,0,87,458110162,95,4423,100,0,100,1,,,,,100.0,0.0,100.0,0.0,,,60.0,40.0,,,100.0,83.0,100.0,457.0,40,40,100,0,100,0,200,0,100.0,4308.0,100.0,26775738104.0,100.0,33529023324.0
2018-05-13,ZCH07T24,ST12000NM0007,12000138625024,0,77,54437016,98,0,100,2,100,0,87,460397799,95,4447,100,0,100,1,,,,,100.0,0.0,100.0,0.0,,,61.0,39.0,,,100.0,83.0,100.0,458.0,39,39,100,0,100,0,200,0,100.0,4331.0,100.0,26899470320.0,100.0,33701947748.0
2018-05-14,ZCH07T24,ST12000NM0007,12000138625024,0,83,212383944,98,0,100,2,100,0,87,464206998,95,4471,100,0,100,1,,,,,100.0,0.0,100.0,0.0,,,61.0,39.0,,,100.0,83.0,100.0,459.0,39,39,100,0,100,0,200,0,100.0,4355.0,100.0,27041069392.0,100.0,33962436348.0
2018-05-15,ZCH07T24,ST12000NM0007,12000138625024,0,73.0,18495912.0,98.0,0.0,100.0,2.0,100.0,0.0,87.0,466383397.0,95.0,4495.0,100.0,0.0,100.0,1.0,,,,,100.0,0.0,100.0,0.0,,,61.0,39.0,,,100.0,83.0,100.0,460.0,39.0,39.0,100.0,0.0,100.0,0.0,200.0,0.0,100.0,4379.0,100.0,27134207152.0,100.0,34163692188.0
2018-05-16,ZCH07T24,ST12000NM0007,12000138625024,0,80,111393928,98,0,100,2,100,0,87,470178494,95,4519,100,0,100,1,,,,,100.0,0.0,100.0,0.0,,,61.0,39.0,,,100.0,83.0,100.0,461.0,39,39,100,0,100,0,200,0,100.0,4403.0,100.0,27264744536.0,100.0,34370193588.0
2018-05-17,ZCH07T24,ST12000NM0007,12000138625024,0,83,214754920,98,0,100,2,100,0,87,472751654,95,4546,100,0,100,1,,,,,100.0,0.0,100.0,0.0,,,60.0,40.0,,,100.0,83.0,100.0,462.0,40,40,100,0,100,0,200,0,100.0,4430.0,100.0,27380027816.0,100.0,34602411948.0
2018-05-18,ZCH07T24,ST12000NM0007,12000138625024,0,75,30962720,98,0,100,2,100,0,87,475341482,95,4571,100,0,100,1,,,,,100.0,0.0,100.0,0.0,,,61.0,39.0,,,100.0,83.0,100.0,463.0,39,39,100,0,100,0,200,0,100.0,4455.0,100.0,27494679112.0,100.0,34792250076.0
2018-05-19,ZCH07T24,ST12000NM0007,12000138625024,0,77,55251328,98,0,100,2,100,0,87,477591963,95,4594,100,0,100,1,,,,,100.0,0.0,100.0,0.0,,,61.0,39.0,,,100.0,84.0,100.0,464.0,39,39,100,0,100,0,200,0,100.0,4478.0,100.0,27582705184.0,100.0,34972653260.0
2018-05-20,ZCH07T24,ST12000NM0007,12000138625024,0,81,132011944,98,0,100,2,100,0,87,480226128,95,4619,100,0,100,1,,,,,100.0,0.0,100.0,0.0,,,60.0,40.0,,,100.0,84.0,100.0,465.0,40,40,100,0,100,0,200,0,100.0,4502.0,100.0,27696605424.0,100.0,35179654364.0
2018-05-21,ZCH07T24,ST12000NM0007,12000138625024,0,73,18498096,98,0,100,2,100,0,87,483995687,95,4642,100,0,100,1,,,,,100.0,0.0,100.0,0.0,,,61.0,39.0,,,100.0,84.0,100.0,466.0,39,39,100,0,100,0,200,0,100.0,4526.0,100.0,27820364296.0,100.0,35430663236.0
2018-05-22,ZCH07T24,ST12000NM0007,12000138625024,0,83,202143448,98,0,100,2,100,0,87,485674472,95,4659,100,0,100,1,,,,,100.0,0.0,100.0,0.0,,,60.0,40.0,,,100.0,85.0,100.0,467.0,40,40,100,0,100,0,200,0,100.0,4542.0,100.0,27888001384.0,100.0,35546671500.0
2018-05-23,ZCH07T24,ST12000NM0007,12000138625024,0,82,141710864,98,0,100,2,100,0,87,490255913,95,4691,100,0,100,1,,,,,100.0,0.0,100.0,0.0,,,64.0,36.0,,,100.0,85.0,100.0,468.0,36,36,100,0,100,0,200,0,100.0,4574.0,100.0,28051390680.0,100.0,35811131404.0
2018-05-24,ZCH07T24,ST12000NM0007,12000138625024,0,83,196654096,98,0,100,2,100,0,87,492435944,95,4714,100,0,100,1,,,,,100.0,0.0,100.0,0.0,,,64.0,36.0,,,100.0,85.0,100.0,469.0,36,36,100,0,100,0,200,0,100.0,4597.0,100.0,28166444904.0,100.0,35995161292.0
2018-05-25,ZCH07T24,ST12000NM0007,12000138625024,0,84,243500072,98,0,100,2,100,0,87,494579215,95,4739,100,0,100,1,,,,,100.0,0.0,100.0,0.0,,,64.0,36.0,,,100.0,85.0,100.0,470.0,36,36,100,0,100,0,200,0,100.0,4621.0,100.0,28262670664.0,100.0,36189922236.0
2018-05-26,ZCH07T24,ST12000NM0007,12000138625024,0,76,40319640,98,0,100,2,100,0,87,496937595,95,4763,100,0,100,1,,,,,100.0,0.0,100.0,0.0,,,64.0,36.0,,,100.0,85.0,100.0,471.0,36,36,100,0,100,0,200,0,100.0,4645.0,100.0,28355896664.0,100.0,36381797324.0
2018-05-27,ZCH07T24,ST12000NM0007,12000138625024,0,76,39950280,98,0,100,2,100,0,87,499151466,95,4787,100,0,100,1,,,,,100.0,0.0,100.0,0.0,,,64.0,36.0,,,100.0,85.0,100.0,472.0,36,36,100,0,100,0,200,0,100.0,4669.0,100.0,28441874664.0,100.0,36539590620.0
2018-05-28,ZCH07T24,ST12000NM0007,12000138625024,0,80,108661480,98,0,100,2,100,0,87,502550106,95,4811,100,0,100,1,,,,,100.0,0.0,100.0,0.0,,,64.0,36.0,,,100.0,85.0,100.0,473.0,36,36,100,0,100,0,200,0,100.0,4693.0,100.0,28560796136.0,100.0,36733520988.0
2018-05-29,ZCH07T24,ST12000NM0007,12000138625024,0,82,154072944,98,0,100,2,100,0,87,504869766,95,4835,100,0,100,1,,,,,100.0,0.0,100.0,0.0,,,64.0,36.0,,,100.0,85.0,100.0,474.0,36,36,100,0,100,0,200,0,100.0,4717.0,100.0,28653623488.0,100.0,36930245916.0
2018-05-30,ZCH07T24,ST12000NM0007,12000138625024,0,75,34051992,98,0,100,2,100,0,87,508771886,95,4859,100,0,100,1,,,,,100.0,0.0,100.0,0.0,,,64.0,36.0,,,100.0,85.0,100.0,475.0,36,36,100,0,100,0,200,0,100.0,4741.0,100.0,28799543816.0,100.0,37152586500.0
2018-05-31,ZCH07T24,ST12000NM0007,12000138625024,0,80,110319952,98,0,100,2,100,0,87,511244381,95,4884,100,0,100,1,,,,,100.0,0.0,100.0,0.0,,,64.0,36.0,,,100.0,85.0,100.0,477.0,36,36,100,0,100,0,200,0,100.0,4766.0,100.0,28912592800.0,100.0,37359946292.0
2018-06-01,ZCH07T24,ST12000NM0007,12000138625024,0,83,181587944,98,0,100,2,100,0,87,513762183,95,4909,100,0,100,1,,,,,100.0,0.0,100.0,0.0,,,64.0,36.0,,,100.0,86.0,100.0,478.0,36,36,100,0,100,0,200,0,100.0,4791.0,100.0,29021491728.0,100.0,37566456020.0
2018-06-02,ZCH07T24,ST12000NM0007,12000138625024,0,82,170069472,98,0,100,2,100,0,87,516093380,95,4933,100,0,100,1,,,,,100.0,0.0,100.0,0.0,,,64.0,36.0,,,100.0,87.0,100.0,479.0,36,36,100,0,100,0,200,0,100.0,4815.0,100.0,29120491072.0,100.0,37700079020.0
2018-06-03,ZCH07T24,ST12000NM0007,12000138625024,0,73,22025584,98,0,100,2,100,0,87,518993325,95,4956,100,0,100,1,,,,,100.0,0.0,100.0,0.0,,,63.0,37.0,,,100.0,87.0,100.0,480.0,37,37,100,0,100,0,200,0,100.0,4838.0,100.0,29261029024.0,100.0,37899778668.0
2018-06-04,ZCH07T24,ST12000NM0007,12000138625024,0,83,196025840,98,0,100,2,100,0,87,522697674,95,4980,100,0,100,1,,,,,100.0,0.0,100.0,0.0,,,64.0,36.0,,,100.0,87.0,100.0,481.0,36,36,100,0,100,0,200,0,100.0,4862.0,100.0,29415546520.0,100.0,38163402220.0
2018-06-05,ZCH07T24,ST12000NM0007,12000138625024,0,75,34659616,98,0,100,2,100,0,87,525008917,95,5005,100,0,100,1,,,,,100.0,0.0,100.0,0.0,,,64.0,36.0,,,100.0,87.0,100.0,482.0,36,36,100,0,100,0,200,0,100.0,4886.0,100.0,29519934464.0,100.0,38385929508.0
2018-06-06,ZCH07T24,ST12000NM0007,12000138625024,0,81,140224744,98,0,100,2,100,0,87,528855788,95,5028,100,0,100,1,,,,,100.0,0.0,100.0,0.0,,,64.0,36.0,,,100.0,87.0,100.0,483.0,36,36,100,0,100,0,200,0,100.0,4910.0,100.0,29660904344.0,100.0,38594665388.0
2018-06-07,ZCH07T24,ST12000NM0007,12000138625024,0,82,175072456,98,0,100,2,100,0,87,531102445,95,5053,100,0,100,1,,,,,100.0,0.0,100.0,0.0,,,64.0,36.0,,,100.0,87.0,100.0,484.0,36,36,100,0,100,0,200,0,100.0,4934.0,100.0,29776225776.0,100.0,38758332540.0
2018-06-08,ZCH07T24,ST12000NM0007,12000138625024,0,82,162270720,98,0,100,2,100,0,87,533200280,95,5076,100,0,100,1,,,,,100.0,0.0,100.0,0.0,,,64.0,36.0,,,100.0,87.0,100.0,485.0,36,36,100,0,100,0,200,0,100.0,4957.0,100.0,29882255648.0,100.0,38883641564.0
2018-06-09,ZCH07T24,ST12000NM0007,12000138625024,0,83,210232200,98,0,100,2,100,0,87,535541677,95,5100,100,0,100,1,,,,,100.0,0.0,100.0,0.0,,,63.0,37.0,,,100.0,87.0,100.0,486.0,37,37,100,0,100,0,200,0,100.0,4981.0,100.0,29981073224.0,100.0,39076926244.0
2018-06-10,ZCH07T24,ST12000NM0007,12000138625024,0,69,7489560,98,0,100,2,100,0,87,538391314,95,5124,100,0,100,1,,,,,100.0,0.0,100.0,0.0,,,63.0,37.0,,,100.0,87.0,100.0,487.0,37,37,100,0,100,0,200,0,100.0,5005.0,100.0,30081450160.0,100.0,39262088012.0
2018-06-11,ZCH07T24,ST12000NM0007,12000138625024,0,79,87950416,98,0,100,2,100,0,87,541521388,95,5148,100,0,100,1,,,,,100.0,0.0,100.0,0.0,,,63.0,37.0,,,100.0,87.0,100.0,488.0,37,37,100,0,100,0,200,0,100.0,5028.0,100.0,30185553336.0,100.0,39482586436.0
2018-06-12,ZCH07T24,ST12000NM0007,12000138625024,0,81,140108624,98,0,100,2,100,0,87,543878982,95,5172,100,0,100,1,,,,,100.0,0.0,100.0,0.0,,,64.0,36.0,,,100.0,87.0,100.0,489.0,36,36,100,0,100,0,200,0,100.0,5052.0,100.0,30300488720.0,100.0,39663949900.0
2018-06-13,ZCH07T24,ST12000NM0007,12000138625024,0,83,221273920,98,0,100,2,100,0,87,547547932,95,5196,100,0,100,1,,,,,100.0,0.0,100.0,0.0,,,64.0,36.0,,,100.0,87.0,100.0,490.0,36,36,100,0,100,0,200,0,100.0,5077.0,100.0,30425092360.0,100.0,39864652188.0
2018-06-14,ZCH07T24,ST12000NM0007,12000138625024,0,77,53417496,98,0,100,2,100,0,87,550174052,95,5220,100,0,100,1,,,,,100.0,0.0,100.0,0.0,,,64.0,36.0,,,100.0,87.0,100.0,491.0,36,36,100,0,100,0,200,0,100.0,5101.0,100.0,30518590376.0,100.0,40091579468.0
2018-06-15,ZCH07T24,ST12000NM0007,12000138625024,0,77.0,50449952.0,98.0,0.0,100.0,2.0,100.0,0.0,87.0,552259308.0,95.0,5244.0,100.0,0.0,100.0,1.0,,,,,100.0,0.0,100.0,0.0,,,64.0,36.0,,,100.0,88.0,100.0,492.0,36.0,36.0,100.0,0.0,100.0,0.0,200.0,0.0,100.0,5124.0,100.0,30610669480.0,100.0,40240673548.0
2018-06-16,ZCH07T24,ST12000NM0007,12000138625024,0,79.0,77757328.0,98.0,0.0,100.0,2.0,100.0,0.0,87.0,554542445.0,94.0,5268.0,100.0,0.0,100.0,1.0,,,,,100.0,0.0,100.0,0.0,,,63.0,37.0,,,100.0,89.0,100.0,493.0,37.0,37.0,100.0,0.0,100.0,0.0,200.0,0.0,100.0,5148.0,100.0,30707066456.0,100.0,40415724740.0
2018-06-17,ZCH07T24,ST12000NM0007,12000138625024,0,82.0,155321416.0,98.0,0.0,100.0,2.0,100.0,0.0,87.0,557257110.0,94.0,5292.0,100.0,0.0,100.0,1.0,,,,,100.0,0.0,100.0,0.0,,,64.0,36.0,,,100.0,89.0,100.0,494.0,36.0,36.0,100.0,0.0,100.0,0.0,200.0,0.0,100.0,5172.0,100.0,30812744120.0,100.0,40631752100.0
2018-06-18,ZCH07T24,ST12000NM0007,12000138625024,0,77.0,53038840.0,98.0,0.0,100.0,2.0,100.0,0.0,87.0,560996053.0,94.0,5318.0,100.0,0.0,100.0,1.0,,,,,100.0,0.0,100.0,0.0,,,64.0,36.0,,,100.0,90.0,100.0,495.0,36.0,36.0,100.0,0.0,100.0,0.0,200.0,0.0,100.0,5198.0,100.0,30919094776.0,100.0,40911400332.0
2018-06-19,ZCH07T24,ST12000NM0007,12000138625024,0,77,46061208,98,0,100,2,100,0,88,562969595,94,5341,100,0,100,1,,,,,100.0,0.0,100.0,0.0,,,63.0,37.0,,,100.0,91.0,100.0,496.0,37,37,100,0,100,0,200,0,100.0,5221.0,100.0,30997335896.0,100.0,41070322364.0
2018-06-20,ZCH07T24,ST12000NM0007,12000138625024,0,81,126148320,98,0,100,2,100,0,88,566668896,94,5365,100,0,100,1,,,,,100.0,0.0,100.0,0.0,,,65.0,35.0,,,100.0,91.0,100.0,497.0,35,35,100,0,100,0,200,0,100.0,5245.0,100.0,31108305328.0,100.0,41283580684.0
2018-06-21,ZCH07T24,ST12000NM0007,12000138625024,0,82,160674816,98,0,100,2,100,0,88,569062934,94,5389,100,0,100,1,,,,,100.0,0.0,100.0,0.0,,,64.0,36.0,,,100.0,92.0,100.0,498.0,36,36,100,0,100,0,200,0,100.0,5269.0,100.0,31200051848.0,100.0,41470501460.0
2018-06-22,ZCH07T24,ST12000NM0007,12000138625024,0,83,208392752,98,0,100,2,100,0,88,571438702,94,5414,100,0,100,1,,,,,100.0,0.0,100.0,0.0,,,64.0,36.0,,,100.0,93.0,100.0,499.0,36,36,100,0,100,0,200,0,100.0,5294.0,100.0,31302639000.0,100.0,41659773132.0
2018-06-23,ZCH07T24,ST12000NM0007,12000138625024,0,83,216599080,98,0,100,2,100,0,88,573561922,94,5438,100,0,100,1,,,,,100.0,0.0,100.0,0.0,,,64.0,36.0,,,100.0,93.0,100.0,500.0,36,36,100,0,100,0,200,0,100.0,5317.0,100.0,31390472456.0,100.0,41824286780.0
2018-06-24,ZCH07T24,ST12000NM0007,12000138625024,0,76,43556176,98,0,100,2,100,0,88,576458526,94,5461,100,0,100,1,,,,,100.0,0.0,100.0,0.0,,,63.0,37.0,,,100.0,93.0,100.0,501.0,37,37,100,0,100,0,200,0,100.0,5341.0,100.0,31502918664.0,100.0,42027078964.0
2018-06-25,ZCH07T24,ST12000NM0007,12000138625024,0,82,152013648,98,0,100,2,100,0,88,579818294,94,5485,100,0,100,1,,,,,100.0,0.0,100.0,0.0,,,64.0,36.0,,,100.0,93.0,100.0,502.0,36,36,100,0,100,0,200,0,100.0,5365.0,100.0,31614093256.0,100.0,42268502516.0
2018-06-26,ZCH07T24,ST12000NM0007,12000138625024,0,82,152781080,98,0,100,2,100,0,88,582019979,94,5509,100,0,100,1,,,,,100.0,0.0,100.0,0.0,,,64.0,36.0,,,100.0,93.0,100.0,503.0,36,36,100,0,100,0,200,0,100.0,5389.0,100.0,31700011168.0,100.0,42427492820.0
2018-06-27,ZCH07T24,ST12000NM0007,12000138625024,0,84,229035760,98,0,100,2,100,0,88,585567469,94,5533,100,0,100,1,,,,,100.0,0.0,100.0,0.0,,,64.0,36.0,,,100.0,93.0,100.0,504.0,36,36,100,0,100,0,200,0,100.0,5413.0,100.0,31818646048.0,100.0,42629253444.0
2018-06-28,ZCH07T24,ST12000NM0007,12000138625024,0,68,6693624,98,0,100,2,100,0,88,587826414,94,5558,100,0,100,1,,,,,100.0,0.0,100.0,0.0,,,64.0,36.0,,,100.0,93.0,100.0,505.0,36,36,100,0,100,0,200,0,100.0,5437.0,100.0,31893841600.0,100.0,42819997404.0
2018-06-29,ZCH07T24,ST12000NM0007,12000138625024,0,75,30166440,98,0,100,2,100,0,88,589962198,94,5581,100,0,100,1,,,,,100.0,0.0,100.0,0.0,,,64.0,36.0,,,100.0,94.0,100.0,506.0,36,36,100,0,100,0,200,0,100.0,5461.0,100.0,31976774184.0,100.0,43004678388.0
2018-06-30,ZCH07T24,ST12000NM0007,12000138625024,0,78,65976384,98,0,100,2,100,0,88,592295158,94,5604,100,0,100,1,,,,,100.0,0.0,100.0,0.0,,,65.0,35.0,,,100.0,94.0,100.0,507.0,35,35,100,0,100,0,200,0,100.0,5483.0,100.0,32073277248.0,100.0,43188125932.0
2018-07-01,ZCH07T24,ST12000NM0007,12000138625024,0,81,137620016,98,0,100,2,100,0,88,595171554,94,5629,100,0,100,1,,,,,100.0,0.0,100.0,0.0,,,64.0,36.0,,,100.0,94.0,100.0,508.0,36,36,100,0,100,0,200,0,100.0,5508.0,100.0,32185946088.0,100.0,43391241412.0
2018-07-02,ZCH07T24,ST12000NM0007,12000138625024,0,84,232655000,98,0,100,2,100,0,88,598747939,94,5653,100,0,100,1,,,,,100.0,0.0,100.0,0.0,,,65.0,35.0,,,100.0,94.0,100.0,509.0,35,35,100,0,100,0,200,0,100.0,5532.0,100.0,32285261424.0,100.0,43631101812.0
2018-07-03,ZCH07T24,ST12000NM0007,12000138625024,0,76,41813680,98,0,100,2,100,0,88,601285899,94,5677,100,0,100,1,,,,,100.0,0.0,100.0,0.0,,,64.0,36.0,,,100.0,95.0,100.0,510.0,36,36,100,0,100,0,200,0,100.0,5556.0,100.0,32395874040.0,100.0,43817929252.0
2018-07-04,ZCH07T24,ST12000NM0007,12000138625024,0,82,162373112,98,0,100,2,100,0,88,605173468,94,5701,100,0,100,1,,,,,100.0,0.0,100.0,0.0,,,64.0,36.0,,,100.0,95.0,100.0,511.0,36,36,100,0,100,0,200,0,100.0,5579.0,100.0,32572298080.0,100.0,44006205300.0
2018-07-05,ZCH07T24,ST12000NM0007,12000138625024,0,83,210709608,98,0,100,2,100,0,88,607682206,94,5726,100,0,100,1,,,,,100.0,0.0,100.0,0.0,,,64.0,36.0,,,100.0,96.0,100.0,512.0,36,36,100,0,100,0,200,0,100.0,5604.0,100.0,32683504440.0,100.0,44187476180.0
2018-07-06,ZCH07T24,ST12000NM0007,12000138625024,0,83,206345880,98,0,100,2,100,0,88,610167843,94,5749,100,0,100,1,,,,,100.0,0.0,100.0,0.0,,,66.0,34.0,,,100.0,96.0,100.0,513.0,34,34,100,0,100,0,200,0,100.0,5628.0,100.0,32803586984.0,100.0,44307170548.0
2018-07-07,ZCH07T24,ST12000NM0007,12000138625024,0,77,56002424,98,0,100,2,100,0,88,612840484,94,5773,100,0,100,1,,,,,100.0,0.0,100.0,0.0,,,64.0,36.0,,,100.0,97.0,100.0,514.0,36,36,100,0,100,0,200,0,100.0,5652.0,100.0,32923722144.0,100.0,44524973500.0
2018-07-08,ZCH07T24,ST12000NM0007,12000138625024,0,81,141234896,98,0,100,2,100,0,88,615675061,94,5797,100,0,100,1,,,,,100.0,0.0,100.0,0.0,,,64.0,36.0,,,100.0,98.0,100.0,515.0,36,36,100,0,100,0,200,0,100.0,5675.0,100.0,33030423456.0,100.0,44747645364.0
2018-07-09,ZCH07T24,ST12000NM0007,12000138625024,0,84,239507904,98,0,100,2,100,0,88,618840427,94,5821,100,0,100,1,,,,,100.0,0.0,100.0,0.0,,,64.0,36.0,,,100.0,98.0,100.0,516.0,36,36,100,0,100,0,200,0,100.0,5699.0,100.0,33126631680.0,100.0,44993850924.0
2018-07-10,ZCH07T24,ST12000NM0007,12000138625024,0,83.0,222544208.0,98.0,0.0,100.0,2.0,100.0,0.0,88.0,621007868.0,94.0,5845.0,100.0,0.0,100.0,1.0,,,,,100.0,0.0,100.0,0.0,,,65.0,35.0,,,100.0,99.0,100.0,517.0,35.0,35.0,100.0,0.0,100.0,0.0,200.0,0.0,100.0,5723.0,100.0,33199866296.0,100.0,45147793252.0
2018-07-11,ZCH07T24,ST12000NM0007,12000138625024,0,75,29461536,98,0,100,2,100,0,88,624223168,94,5869,100,0,100,1,,,,,100.0,0.0,100.0,0.0,,,65.0,35.0,,,100.0,100.0,100.0,518.0,35,35,100,0,100,0,200,0,100.0,5747.0,100.0,33289888560.0,100.0,45352969756.0
2018-07-12,ZCH07T24,ST12000NM0007,12000138625024,0,83,211485600,98,0,100,2,100,0,88,625550677,94,5886,100,0,100,1,,,,,100.0,0.0,100.0,0.0,,,65.0,35.0,,,100.0,101.0,100.0,519.0,35,35,100,0,100,0,200,0,100.0,5764.0,100.0,33329756712.0,100.0,45495125668.0
2018-07-13,ZCH07T24,ST12000NM0007,12000138625024,0,83,218351376,98,0,100,2,100,0,88,627438947,94,5910,100,0,100,1,,,,,100.0,0.0,100.0,0.0,,,66.0,34.0,,,100.0,101.0,100.0,521.0,34,34,100,0,100,0,200,0,100.0,5788.0,100.0,33389288648.0,100.0,45686600548.0
2018-07-14,ZCH07T24,ST12000NM0007,12000138625024,0,83,210478792,98,0,100,2,100,0,88,629780948,94,5935,100,0,100,1,,,,,100.0,0.0,100.0,0.0,,,65.0,35.0,,,100.0,101.0,100.0,522.0,35,35,100,0,100,0,200,0,100.0,5812.0,100.0,33492767200.0,100.0,45819390172.0
2018-07-15,ZCH07T24,ST12000NM0007,12000138625024,0,74,27384424,98,0,100,2,100,0,88,632215022,94,5959,100,0,100,1,,,,,100.0,0.0,100.0,0.0,,,66.0,34.0,,,100.0,102.0,100.0,523.0,34,34,100,0,100,0,200,0,100.0,5836.0,100.0,33574744504.0,100.0,46042599940.0
2018-07-16,ZCH07T24,ST12000NM0007,12000138625024,0,81,140184368,98,0,100,2,100,0,88,635851955,94,5983,100,0,100,1,,,,,100.0,0.0,100.0,0.0,,,64.0,36.0,,,100.0,102.0,100.0,525.0,36,36,100,0,100,0,200,0,100.0,5860.0,100.0,33688746440.0,100.0,46285538588.0
2018-07-17,ZCH07T24,ST12000NM0007,12000138625024,0,83,188625544,98,0,100,2,100,0,88,638241838,94,6007,100,0,100,1,,,,,100.0,0.0,100.0,0.0,,,65.0,35.0,,,100.0,102.0,100.0,526.0,35,35,100,0,100,0,200,0,100.0,5884.0,100.0,33786833616.0,100.0,46480033340.0
2018-07-18,ZCH07T24,ST12000NM0007,12000138625024,0,75,34892080,98,0,100,2,100,0,88,642123827,94,6031,100,0,100,1,,,,,100.0,0.0,100.0,0.0,,,64.0,36.0,,,100.0,102.0,100.0,527.0,36,36,100,0,100,0,200,0,100.0,5907.0,100.0,33907306600.0,100.0,46694108564.0
2018-07-19,ZCH07T24,ST12000NM0007,12000138625024,0,78,64693128,98,0,100,2,100,0,88,644425847,94,6055,100,0,100,1,,,,,100.0,0.0,100.0,0.0,,,64.0,36.0,,,100.0,103.0,100.0,528.0,36,36,100,0,100,0,200,0,100.0,5931.0,100.0,33987701696.0,100.0,46887655300.0
2018-07-20,ZCH07T24,ST12000NM0007,12000138625024,0,80,97469960,98,0,100,2,100,0,88,646709288,94,6079,100,0,100,1,,,,,100.0,0.0,100.0,0.0,,,63.0,37.0,,,100.0,103.0,100.0,529.0,37,37,100,0,100,0,200,0,100.0,5955.0,100.0,34079048256.0,100.0,47073226356.0
2018-07-21,ZCH07T24,ST12000NM0007,12000138625024,0,81,139901336,98,0,100,2,100,0,88,649167266,94,6102,100,0,100,1,,,,,100.0,0.0,100.0,0.0,,,64.0,36.0,,,100.0,103.0,100.0,530.0,36,36,100,0,100,0,200,0,100.0,5978.0,100.0,34187178704.0,100.0,47251668068.0
2018-07-22,ZCH07T24,ST12000NM0007,12000138625024,0,83,185346808,98,0,100,2,100,0,88,651632637,94,6127,100,0,100,1,,,,,100.0,0.0,100.0,0.0,,,64.0,36.0,,,100.0,103.0,100.0,531.0,36,36,100,0,100,0,200,0,100.0,6003.0,100.0,34289889088.0,100.0,47438544156.0
2018-07-23,ZCH07T24,ST12000NM0007,12000138625024,0,80,90636904,98,0,100,2,100,0,88,655627211,93,6151,100,0,100,1,,,,,100.0,0.0,100.0,0.0,,,64.0,36.0,,,100.0,103.0,100.0,532.0,36,36,100,0,100,0,200,0,100.0,6026.0,100.0,34423050008.0,100.0,47698954908.0
2018-07-24,ZCH07T24,ST12000NM0007,12000138625024,0,81,130550552,98,0,100,2,100,0,88,658189807,93,6175,100,0,100,1,,,,,100.0,0.0,100.0,0.0,,,64.0,36.0,,,100.0,104.0,100.0,533.0,36,36,100,0,100,0,200,0,100.0,6050.0,100.0,34544250304.0,100.0,47861809028.0
2018-07-25,ZCH07T24,ST12000NM0007,12000138625024,0,83.0,214443104.0,98.0,0.0,100.0,2.0,100.0,0.0,88.0,661887740.0,93.0,6199.0,100.0,0.0,100.0,1.0,,,,,100.0,0.0,100.0,0.0,,,63.0,37.0,,,100.0,104.0,100.0,534.0,37.0,37.0,100.0,0.0,100.0,0.0,200.0,0.0,100.0,6074.0,100.0,34665434176.0,100.0,48068659004.0
2018-07-26,ZCH07T24,ST12000NM0007,12000138625024,0,83,223133368,98,0,100,2,100,0,88,664131273,93,6223,100,0,100,1,,,,,100.0,0.0,100.0,0.0,,,63.0,37.0,,,100.0,105.0,100.0,535.0,37,37,100,0,100,0,200,0,100.0,6098.0,100.0,34755114352.0,100.0,48231809828.0
2018-07-27,ZCH07T24,ST12000NM0007,12000138625024,0,78,56382144,98,0,100,2,100,0,88,666794668,93,6249,100,0,100,1,,,,,100.0,0.0,100.0,0.0,,,63.0,37.0,,,100.0,105.0,100.0,536.0,37,37,100,0,100,0,200,0,100.0,6124.0,100.0,34850535360.0,100.0,48457919156.0
2018-07-28,ZCH07T24,ST12000NM0007,12000138625024,0,79,85576624,98,0,100,2,100,0,88,669055606,93,6274,100,0,100,1,,,,,100.0,0.0,100.0,0.0,,,63.0,37.0,,,100.0,105.0,100.0,537.0,37,37,100,0,100,0,200,0,100.0,6148.0,100.0,34948321080.0,100.0,48633468772.0
2018-07-29,ZCH07T24,ST12000NM0007,12000138625024,0,82,144369608,98,0,100,2,100,0,88,671618516,93,6298,100,0,100,1,,,,,100.0,0.0,100.0,0.0,,,63.0,37.0,,,100.0,105.0,100.0,538.0,37,37,100,0,100,0,200,0,100.0,6172.0,100.0,35060211928.0,100.0,48824512044.0
2018-07-30,ZCH07T24,ST12000NM0007,12000138625024,0,78,68669560,98,0,100,2,100,0,88,675794056,93,6322,100,0,100,1,,,,,100.0,0.0,100.0,0.0,,,63.0,37.0,,,100.0,105.0,100.0,539.0,37,37,100,0,100,0,200,0,100.0,6196.0,100.0,35205178728.0,100.0,49092126636.0
2018-07-31,ZCH07T24,ST12000NM0007,12000138625024,0,81,117552592,98,0,100,2,100,0,88,678268935,93,6346,100,0,100,1,,,,,100.0,0.0,100.0,0.0,,,62.0,38.0,,,100.0,105.0,100.0,540.0,38,38,100,0,100,0,200,0,100.0,6219.0,100.0,35310059184.0,100.0,49280270012.0
2018-08-01,ZCH07T24,ST12000NM0007,12000138625024,0,82,171084832,98,0,100,2,100,0,88,681729328,93,6369,100,0,100,1,,,,,100.0,0.0,100.0,0.0,,,63.0,37.0,,,100.0,105.0,100.0,541.0,37,37,100,0,100,0,200,0,100.0,6243.0,100.0,35428700600.0,100.0,49459301468.0
2018-08-02,ZCH07T24,ST12000NM0007,12000138625024,0,82,160198008,98,0,100,2,100,0,88,684052543,93,6394,100,0,100,1,,,,,100.0,0.0,100.0,0.0,,,64.0,36.0,,,100.0,106.0,100.0,542.0,36,36,100,0,100,0,200,0,100.0,6267.0,100.0,35530767160.0,100.0,49590488748.0
2018-08-03,ZCH07T24,ST12000NM0007,12000138625024,0,82,158987488,98,0,100,2,100,0,88,686043836,93,6417,100,0,100,1,,,,,100.0,0.0,100.0,0.0,,,64.0,36.0,,,100.0,106.0,100.0,543.0,36,36,100,0,100,0,200,0,100.0,6290.0,100.0,35607741624.0,100.0,49756444580.0
2018-08-04,ZCH07T24,ST12000NM0007,12000138625024,0,84,227665416,98,0,100,2,100,0,88,688598542,93,6441,100,0,100,1,,,,,100.0,0.0,100.0,0.0,,,64.0,36.0,,,100.0,106.0,100.0,544.0,36,36,100,0,100,0,200,0,100.0,6314.0,100.0,35708741488.0,100.0,49968263316.0
2018-08-05,ZCH07T24,ST12000NM0007,12000138625024,0,83,195413080,98,0,100,2,100,0,88,690818136,93,6465,100,0,100,1,,,,,100.0,0.0,100.0,0.0,,,64.0,36.0,,,100.0,106.0,100.0,545.0,36,36,100,0,100,0,200,0,100.0,6338.0,100.0,35797229440.0,100.0,50091663740.0
2018-08-06,ZCH07T24,ST12000NM0007,12000138625024,0,80,94198240,98,0,100,2,100,0,88,694660255,93,6489,100,0,100,1,,,,,100.0,0.0,100.0,0.0,,,64.0,36.0,,,100.0,106.0,100.0,546.0,36,36,100,0,100,0,200,0,100.0,6362.0,100.0,35919208808.0,100.0,50356750860.0
2018-08-07,ZCH07T24,ST12000NM0007,12000138625024,0,80,106792600,98,0,100,2,100,0,88,696888078,93,6513,100,0,100,1,,,,,100.0,0.0,100.0,0.0,,,64.0,36.0,,,100.0,107.0,100.0,547.0,36,36,100,0,100,0,200,0,100.0,6386.0,100.0,36005492552.0,100.0,50527202140.0
2018-08-08,ZCH07T24,ST12000NM0007,12000138625024,0,83,197072064,98,0,100,2,100,0,88,700517405,93,6537,100,0,100,1,,,,,100.0,0.0,100.0,0.0,,,64.0,36.0,,,100.0,107.0,100.0,548.0,36,36,100,0,100,0,200,0,100.0,6410.0,100.0,36118372184.0,100.0,50748742812.0
2018-08-09,ZCH07T24,ST12000NM0007,12000138625024,0,74,25302064,98,0,100,2,100,0,88,703199029,93,6565,100,0,100,1,,,,,100.0,0.0,100.0,0.0,,,63.0,37.0,,,100.0,107.0,100.0,551.0,37,37,100,0,100,0,200,0,100.0,6436.0,100.0,36219381280.0,100.0,50964245492.0
2018-08-10,ZCH07T24,ST12000NM0007,12000138625024,0,80,100459160,98,0,100,2,100,0,88,705938003,93,6589,100,0,100,1,,,,,100.0,0.0,100.0,0.0,,,63.0,37.0,,,100.0,107.0,100.0,552.0,37,37,100,0,100,0,200,0,100.0,6461.0,100.0,36339497592.0,100.0,51163426980.0
2018-08-11,ZCH07T24,ST12000NM0007,12000138625024,0,83,178321272,98,0,100,2,100,0,89,708863388,93,6613,100,0,100,1,,,,,100.0,0.0,100.0,0.0,,,63.0,37.0,,,100.0,107.0,100.0,553.0,37,37,100,0,100,0,200,0,100.0,6484.0,100.0,36458576952.0,100.0,51366350476.0
2018-08-12,ZCH07T24,ST12000NM0007,12000138625024,0,74,24644520,98,0,100,2,100,0,89,711750987,93,6637,100,0,100,1,,,,,100.0,0.0,100.0,0.0,,,63.0,37.0,,,100.0,107.0,100.0,554.0,37,37,100,0,100,0,200,0,100.0,6508.0,100.0,36566848816.0,100.0,51592683468.0
2018-08-13,ZCH07T24,ST12000NM0007,12000138625024,0,81,132594008,98,0,100,2,100,0,89,715107583,93,6661,100,0,100,1,,,,,100.0,0.0,100.0,0.0,,,64.0,36.0,,,100.0,108.0,100.0,555.0,36,36,100,0,100,0,200,0,100.0,6532.0,100.0,36706478656.0,100.0,51805144012.0
2018-08-14,ZCH07T24,ST12000NM0007,12000138625024,0,82.0,152909896.0,98.0,0.0,100.0,2.0,100.0,0.0,89.0,717549171.0,93.0,6686.0,100.0,0.0,100.0,1.0,,,,,100.0,0.0,100.0,0.0,,,63.0,37.0,,,100.0,109.0,100.0,556.0,37.0,37.0,100.0,0.0,100.0,0.0,200.0,0.0,100.0,6557.0,100.0,36824443168.0,100.0,51951636284.0
2018-08-15,ZCH07T24,ST12000NM0007,12000138625024,0,83.0,203872144.0,98.0,0.0,100.0,2.0,100.0,0.0,89.0,720865791.0,93.0,6708.0,100.0,0.0,100.0,1.0,,,,,100.0,0.0,100.0,0.0,,,64.0,36.0,,,100.0,109.0,100.0,557.0,36.0,36.0,100.0,0.0,100.0,0.0,200.0,0.0,100.0,6579.0,100.0,36923747672.0,100.0,52147434892.0
2018-08-16,ZCH07T24,ST12000NM0007,12000138625024,0,74,25042424,98,0,100,2,100,0,89,723518243,93,6732,100,0,100,1,,,,,100.0,0.0,100.0,0.0,,,63.0,37.0,,,100.0,110.0,100.0,558.0,37,37,100,0,100,0,200,0,100.0,6603.0,100.0,37015038488.0,100.0,52365595788.0
2018-08-17,ZCH07T24,ST12000NM0007,12000138625024,0,73,18544696,98,0,100,2,100,0,89,725723017,93,6756,100,0,100,1,,,,,100.0,0.0,100.0,0.0,,,63.0,37.0,,,100.0,111.0,100.0,559.0,37,37,100,0,100,0,200,0,100.0,6627.0,100.0,37100891456.0,100.0,52517385836.0
2018-08-18,ZCH07T24,ST12000NM0007,12000138625024,0,77,54151120,98,0,100,2,100,0,89,728221285,93,6780,100,0,100,1,,,,,100.0,0.0,100.0,0.0,,,66.0,34.0,,,100.0,111.0,100.0,560.0,34,34,100,0,100,0,200,0,100.0,6651.0,100.0,37203488704.0,100.0,52694535868.0
2018-08-19,ZCH07T24,ST12000NM0007,12000138625024,0,80,111584336,98,0,100,2,100,0,89,730849738,93,6804,100,0,100,1,,,,,100.0,0.0,100.0,0.0,,,65.0,35.0,,,100.0,111.0,100.0,561.0,35,35,100,0,100,0,200,0,100.0,6675.0,100.0,37315957888.0,100.0,52883640748.0
2018-08-20,ZCH07T24,ST12000NM0007,12000138625024,0,83,215796544,98,0,100,2,100,0,89,734088123,93,6828,100,0,100,1,,,,,100.0,0.0,100.0,0.0,,,66.0,34.0,,,100.0,111.0,100.0,562.0,34,34,100,0,100,0,200,0,100.0,6698.0,100.0,37427390592.0,100.0,53120560892.0
2018-08-21,ZCH07T24,ST12000NM0007,12000138625024,0,84,241875448,98,0,100,2,100,0,89,736410098,93,6852,100,0,100,1,,,,,100.0,0.0,100.0,0.0,,,64.0,36.0,,,100.0,111.0,100.0,563.0,36,36,100,0,100,0,200,0,100.0,6722.0,100.0,37523572384.0,100.0,53294598636.0
2018-08-22,ZCH07T24,ST12000NM0007,12000138625024,0,79,79312984,98,0,100,2,100,0,89,740077849,93,6876,100,0,100,1,,,,,100.0,0.0,100.0,0.0,,,65.0,35.0,,,100.0,111.0,100.0,564.0,35,35,100,0,100,0,200,0,100.0,6746.0,100.0,37635644368.0,100.0,53508245644.0
2018-08-23,ZCH07T24,ST12000NM0007,12000138625024,0,81,124368200,98,0,100,2,100,0,89,742682925,93,6901,100,0,100,1,,,,,100.0,0.0,100.0,0.0,,,65.0,35.0,,,100.0,112.0,100.0,565.0,35,35,100,0,100,0,200,0,100.0,6771.0,100.0,37726822504.0,100.0,53706263756.0
2018-08-24,ZCH07T24,ST12000NM0007,12000138625024,0,81,113633216,98,0,100,2,100,0,89,744884576,93,6924,100,0,100,1,,,,,100.0,0.0,100.0,0.0,,,66.0,34.0,,,100.0,113.0,100.0,566.0,34,34,100,0,100,0,200,0,100.0,6794.0,100.0,37796462192.0,100.0,53870029820.0
2018-08-25,ZCH07T24,ST12000NM0007,12000138625024,0,81,120457952,98,0,100,2,100,0,89,747059518,93,6948,100,0,100,1,,,,,100.0,0.0,100.0,0.0,,,66.0,34.0,,,100.0,114.0,100.0,567.0,34,34,100,0,100,0,200,0,100.0,6818.0,100.0,37876137640.0,100.0,54041319764.0
2018-08-26,ZCH07T24,ST12000NM0007,12000138625024,0,83,196034544,98,0,100,2,100,0,89,749901020,93,6972,100,0,100,1,,,,,100.0,0.0,100.0,0.0,,,65.0,35.0,,,100.0,115.0,100.0,568.0,35,35,100,0,100,0,200,0,100.0,6842.0,100.0,37984398496.0,100.0,54252776172.0
2018-08-27,ZCH07T24,ST12000NM0007,12000138625024,0,74,22555160,98,0,100,2,100,0,89,752953892,93,6997,100,0,100,1,,,,,100.0,0.0,100.0,0.0,,,65.0,35.0,,,100.0,116.0,100.0,569.0,35,35,100,0,100,0,200,0,100.0,6867.0,100.0,38087390480.0,100.0,54464586412.0
2018-08-28,ZCH07T24,ST12000NM0007,12000138625024,0,78,69856080,98,0,100,2,100,0,89,755447776,92,7020,100,0,100,1,,,,,100.0,0.0,100.0,0.0,,,63.0,37.0,,,100.0,117.0,100.0,570.0,37,37,100,0,100,0,200,0,100.0,6890.0,100.0,38187294664.0,100.0,54656123780.0
2018-08-29,ZCH07T24,ST12000NM0007,12000138625024,0,83,206557424,98,0,100,2,100,0,89,759367600,92,7044,100,0,100,1,,,,,100.0,0.0,100.0,0.0,,,65.0,35.0,,,100.0,117.0,100.0,571.0,35,35,100,0,100,0,200,0,100.0,6913.0,100.0,38326502568.0,100.0,54897757852.0
2018-08-30,ZCH07T24,ST12000NM0007,12000138625024,0,77,53606816,98,0,100,2,100,0,89,762111072,92,7071,100,0,100,1,,,,,100.0,0.0,100.0,0.0,,,66.0,34.0,,,100.0,117.0,100.0,572.0,34,34,100,0,100,0,200,0,100.0,6940.0,100.0,38444901896.0,100.0,55114689444.0
2018-08-31,ZCH07T24,ST12000NM0007,12000138625024,0,79,88583088,98,0,100,2,100,0,89,764686608,92,7094,100,0,100,1,,,,,100.0,0.0,100.0,0.0,,,65.0,35.0,,,100.0,118.0,100.0,573.0,35,35,100,0,100,0,200,0,100.0,6964.0,100.0,38549852616.0,100.0,55288856012.0
2018-09-01,ZCH07T24,ST12000NM0007,12000138625024,0,81,124650296,98,0,100,2,100,0,89,767304318,92,7119,100,0,100,1,,,,,100.0,0.0,100.0,0.0,,,65.0,35.0,,,100.0,118.0,100.0,574.0,35,35,100,0,100,0,200,0,100.0,6988.0,100.0,38645351688.0,100.0,55473565012.0
2018-09-02,ZCH07T24,ST12000NM0007,12000138625024,0,83,189854328,98,0,100,2,100,0,89,770409700,92,7143,100,0,100,1,,,,,100.0,0.0,100.0,0.0,,,65.0,35.0,,,100.0,119.0,100.0,575.0,35,35,100,0,100,0,200,0,100.0,7012.0,100.0,38744726384.0,100.0,55683535332.0
2018-09-03,ZCH07T24,ST12000NM0007,12000138625024,0,71,11264112,98,0,100,2,100,0,89,773155885,92,7167,100,0,100,1,,,,,100.0,0.0,100.0,0.0,,,66.0,34.0,,,100.0,120.0,100.0,576.0,34,34,100,0,100,0,200,0,100.0,7036.0,100.0,38841702776.0,100.0,55896250252.0
2018-09-04,ZCH07T24,ST12000NM0007,12000138625024,0,73,22091672,98,0,100,2,100,0,89,775458181,92,7190,100,0,100,1,,,,,100.0,0.0,100.0,0.0,,,66.0,34.0,,,100.0,120.0,100.0,577.0,34,34,100,0,100,0,200,0,100.0,7059.0,100.0,38940344304.0,100.0,56052576916.0
2018-09-05,ZCH07T24,ST12000NM0007,12000138625024,0,82,144754552,98,0,100,2,100,0,89,779621827,92,7214,100,0,100,1,,,,,100.0,0.0,100.0,0.0,,,66.0,34.0,,,100.0,120.0,100.0,578.0,34,34,100,0,100,0,200,0,100.0,7083.0,100.0,39087888664.0,100.0,56271836148.0
2018-09-06,ZCH07T24,ST12000NM0007,12000138625024,0,81,124664256,98,0,100,2,100,0,89,781660025,92,7237,100,0,100,1,,,,,100.0,0.0,100.0,0.0,,,66.0,34.0,,,100.0,120.0,100.0,579.0,34,34,100,0,100,0,200,0,100.0,7105.0,100.0,39162703800.0,100.0,56421071452.0
2018-09-07,ZCH07T24,ST12000NM0007,12000138625024,0,82,158474296,98,0,100,2,100,0,89,784147899,92,7261,100,0,100,1,,,,,100.0,0.0,100.0,0.0,,,65.0,35.0,,,100.0,121.0,100.0,580.0,35,35,100,0,100,0,200,0,100.0,7129.0,100.0,39242623904.0,100.0,56619102316.0
2018-09-08,ZCH07T24,ST12000NM0007,12000138625024,0,82,167043216,98,0,100,2,100,0,89,786366972,92,7285,100,0,100,1,,,,,100.0,0.0,100.0,0.0,,,65.0,35.0,,,100.0,121.0,100.0,581.0,35,35,100,0,100,0,200,0,100.0,7153.0,100.0,39324755520.0,100.0,56789680284.0
2018-09-09,ZCH07T24,ST12000NM0007,12000138625024,0,68,6619328,98,0,100,2,100,0,89,789342976,92,7308,100,0,100,1,,,,,100.0,0.0,100.0,0.0,,,65.0,35.0,,,100.0,122.0,100.0,582.0,35,35,100,0,100,0,200,0,100.0,7177.0,100.0,39433380544.0,100.0,57008913268.0
2018-09-10,ZCH07T24,ST12000NM0007,12000138625024,0,80,112058640,98,0,100,2,100,0,89,792475975,92,7332,100,0,100,1,,,,,100.0,0.0,100.0,0.0,,,65.0,35.0,,,100.0,122.0,100.0,583.0,35,35,100,0,100,0,200,0,100.0,7201.0,100.0,39542764312.0,100.0,57249109548.0
2018-09-11,ZCH07T24,ST12000NM0007,12000138625024,0,83,206338720,98,0,100,2,100,0,89,795051322,92,7357,100,0,100,1,,,,,100.0,0.0,100.0,0.0,,,65.0,35.0,,,100.0,122.0,100.0,584.0,35,35,100,0,100,0,200,0,100.0,7225.0,100.0,39669754696.0,100.0,57460539932.0
2018-09-12,ZCH07T24,ST12000NM0007,12000138625024,0,76,41712864,98,0,100,2,100,0,89,798568436,92,7381,100,0,100,1,,,,,100.0,0.0,100.0,0.0,,,65.0,35.0,,,100.0,123.0,100.0,585.0,35,35,100,0,100,0,200,0,100.0,7249.0,100.0,39800998632.0,100.0,57652951700.0
2018-09-13,ZCH07T24,ST12000NM0007,12000138625024,0,76,37520208,98,0,100,2,100,0,89,800819925,92,7401,100,0,100,1,,,,,100.0,0.0,100.0,0.0,,,65.0,35.0,,,100.0,123.0,100.0,586.0,35,35,100,0,100,0,200,0,100.0,7269.0,100.0,39876100368.0,100.0,57817798028.0
2018-09-14,ZCH07T24,ST12000NM0007,12000138625024,0,77,46519096,98,0,100,2,100,0,89,803014105,92,7425,100,0,100,1,,,,,100.0,0.0,100.0,0.0,,,65.0,35.0,,,100.0,123.0,100.0,587.0,35,35,100,0,100,0,200,0,100.0,7293.0,100.0,39951380368.0,100.0,57995657676.0
2018-09-15,ZCH07T24,ST12000NM0007,12000138625024,0,74,25395616,98,0,100,2,100,0,89,804946844,92,7448,100,0,100,1,,,,,100.0,0.0,100.0,0.0,,,64.0,36.0,,,100.0,123.0,100.0,588.0,36,36,100,0,100,0,200,0,100.0,7316.0,100.0,40009920536.0,100.0,58160134884.0
2018-09-16,ZCH07T24,ST12000NM0007,12000138625024,0,79,72560328,98,0,100,2,100,0,89,807471797,92,7473,100,0,100,1,,,,,100.0,0.0,100.0,0.0,,,64.0,36.0,,,100.0,123.0,100.0,589.0,36,36,100,0,100,0,200,0,100.0,7340.0,100.0,40106306376.0,100.0,58355054460.0
2018-09-17,ZCH07T24,ST12000NM0007,12000138625024,0,83,223624904,98,0,100,2,100,0,89,811252884,92,7496,100,0,100,1,,,,,100.0,0.0,100.0,0.0,,,64.0,36.0,,,100.0,123.0,100.0,590.0,36,36,100,0,100,0,200,0,100.0,7364.0,100.0,40229271456.0,100.0,58627294588.0
2018-09-18,ZCH07T24,ST12000NM0007,12000138625024,0,74,27919048,98,0,100,2,100,0,89,813792605,92,7521,100,0,100,1,,,,,100.0,0.0,100.0,0.0,,,64.0,36.0,,,100.0,123.0,100.0,591.0,36,36,100,0,100,0,200,0,100.0,7388.0,100.0,40321106424.0,100.0,58828035212.0
2018-09-19,ZCH07T24,ST12000NM0007,12000138625024,0,81,131508632,98,0,100,2,100,0,89,817563567,92,7544,100,0,100,1,,,,,100.0,0.0,100.0,0.0,,,64.0,36.0,,,100.0,123.0,100.0,592.0,36,36,100,0,100,0,200,0,100.0,7411.0,100.0,40463176992.0,100.0,59033694860.0
2018-09-20,ZCH07T24,ST12000NM0007,12000138625024,0,82,176312904,98,0,100,2,100,0,89,819898056,92,7569,100,0,100,1,,,,,100.0,0.0,100.0,0.0,,,65.0,35.0,,,100.0,123.0,100.0,593.0,35,35,100,0,100,0,200,0,100.0,7436.0,100.0,40559633280.0,100.0,59226183508.0
2018-09-21,ZCH07T24,ST12000NM0007,12000138625024,0,82,164696048,98,0,100,2,100,0,89,821872756,92,7593,100,0,100,1,,,,,100.0,0.0,100.0,0.0,,,65.0,35.0,,,100.0,123.0,100.0,594.0,35,35,100,0,100,0,200,0,100.0,7459.0,100.0,40627388400.0,100.0,59390952172.0
2018-09-22,ZCH07T24,ST12000NM0007,12000138625024,0,84,227844256,98,0,100,2,100,0,89,824721499,92,7617,100,0,100,1,,,,,100.0,0.0,100.0,0.0,,,64.0,36.0,,,100.0,123.0,100.0,595.0,36,36,100,0,100,0,200,0,100.0,7483.0,100.0,40741021576.0,100.0,59584607852.0
2018-09-23,ZCH07T24,ST12000NM0007,12000138625024,0,76,42668632,98,0,100,2,100,0,89,827148357,92,7640,100,0,100,1,,,,,100.0,0.0,100.0,0.0,,,64.0,36.0,,,100.0,124.0,100.0,596.0,36,36,100,0,100,0,200,0,100.0,7507.0,100.0,40840541416.0,100.0,59788193708.0
2018-09-24,ZCH07T24,ST12000NM0007,12000138625024,0,82,160479400,98,0,100,2,100,0,89,830815815,92,7665,100,0,100,1,,,,,100.0,0.0,100.0,0.0,,,64.0,36.0,,,100.0,124.0,100.0,597.0,36,36,100,0,100,0,200,0,100.0,7531.0,100.0,40954725000.0,100.0,60035961644.0
2018-09-25,ZCH07T24,ST12000NM0007,12000138625024,0,83,198085176,98,0,100,2,100,0,89,833184956,92,7689,100,0,100,1,,,,,100.0,0.0,100.0,0.0,,,63.0,37.0,,,100.0,124.0,100.0,598.0,37,37,100,0,100,0,200,0,100.0,7555.0,100.0,41055210240.0,100.0,60217222868.0
2018-09-26,ZCH07T24,ST12000NM0007,12000138625024,0,73,20099912,98,0,100,2,100,0,89,836467552,92,7712,100,0,100,1,,,,,100.0,0.0,100.0,0.0,,,63.0,37.0,,,100.0,125.0,100.0,599.0,37,37,100,0,100,0,200,0,100.0,7578.0,100.0,41166851336.0,100.0,60415877852.0
2018-09-27,ZCH07T24,ST12000NM0007,12000138625024,0,79,72308992,98,0,100,2,100,0,89,838786842,92,7736,100,0,100,1,,,,,100.0,0.0,100.0,0.0,,,63.0,37.0,,,100.0,126.0,100.0,600.0,37,37,100,0,100,0,200,0,100.0,7602.0,100.0,41257164888.0,100.0,60621914188.0
2018-09-28,ZCH07T24,ST12000NM0007,12000138625024,0,81,125296976,98,0,100,2,100,0,89,841010681,92,7760,100,0,100,1,,,,,100.0,0.0,100.0,0.0,,,64.0,36.0,,,100.0,126.0,100.0,601.0,36,36,100,0,100,0,200,0,100.0,7625.0,100.0,41349604440.0,100.0,60826603348.0
2018-09-29,ZCH07T24,ST12000NM0007,12000138625024,0,82,173714106,98,0,100,2,100,0,89,843201541,92,7786,100,0,100,1,,,,,100.0,0.0,100.0,0.0,,,65.0,35.0,,,100.0,126.0,100.0,608.0,35,35,100,0,100,0,200,0,100.0,7650.0,100.0,41436283632.0,100.0,61032482054.0
2018-09-30,ZCH07T24,ST12000NM0007,12000138625024,0,69,8576904,98,0,100,2,100,0,89,845908988,92,7810,100,0,100,1,,,,,100.0,0.0,100.0,0.0,,,64.0,36.0,,,100.0,126.0,100.0,609.0,36,36,100,0,100,0,200,0,100.0,7675.0,100.0,41538334696.0,100.0,61253576230.0
2018-10-01,ZCH07T24,ST12000NM0007,12000138625024,0,81,136606672,98,0,100,2,100,0,89,849406123,92,7834,100,0,100,1,,,,,100.0,0.0,100.0,0.0,,,65.0,35.0,,,100.0,127.0,100.0,610.0,35,35,100,0,100,0,200,0,100.0,7698.0,100.0,41661883080.0,100.0,61502198302.0
2018-10-02,ZCH07T24,ST12000NM0007,12000138625024,0,83,187227808,98,0,100,2,100,0,89,851908162,92,7858,100,0,100,1,,,,,100.0,0.0,100.0,0.0,,,65.0,35.0,,,100.0,127.0,100.0,611.0,35,35,100,0,100,0,200,0,100.0,7722.0,100.0,41752554704.0,100.0,61706288630.0
2018-10-03,ZCH07T24,ST12000NM0007,12000138625024,0,78,66818872,98,0,100,2,100,0,89,855064827,91,7885,100,0,100,1,,,,,100.0,0.0,100.0,0.0,,,65.0,35.0,,,100.0,127.0,100.0,612.0,35,35,100,0,100,0,200,0,100.0,7749.0,100.0,41883030312.0,100.0,61943685886.0
2018-10-04,ZCH07T24,ST12000NM0007,12000138625024,0,82.0,171648424.0,98.0,0.0,100.0,2.0,100.0,0.0,89.0,857720080.0,91.0,7909.0,100.0,0.0,100.0,1.0,,,,,100.0,0.0,100.0,0.0,,,66.0,34.0,,,100.0,127.0,100.0,613.0,34.0,34.0,100.0,0.0,100.0,0.0,200.0,0.0,100.0,7773.0,100.0,41990953136.0,100.0,62184733254.0
2018-10-05,ZCH07T24,ST12000NM0007,12000138625024,0,84,224680456,98,0,100,2,100,0,89,860027295,91,7934,100,0,100,1,,,,,100.0,0.0,100.0,0.0,,,68.0,32.0,,,100.0,128.0,100.0,614.0,32,32,100,0,100,0,200,0,100.0,7798.0,100.0,42086879168.0,100.0,62385980126.0
2018-10-06,ZCH07T24,ST12000NM0007,12000138625024,0,69,8873776,98,0,100,2,100,0,89,862033659,91,7958,100,0,100,1,,,,,100.0,0.0,100.0,0.0,,,66.0,34.0,,,100.0,129.0,100.0,615.0,34,34,100,0,100,0,200,0,100.0,7821.0,100.0,42168921760.0,100.0,62576413310.0
2018-10-07,ZCH07T24,ST12000NM0007,12000138625024,0,79,73070328,98,0,100,2,100,0,89,865002280,91,7981,100,0,100,1,,,,,100.0,0.0,100.0,0.0,,,67.0,33.0,,,100.0,129.0,100.0,616.0,33,33,100,0,100,0,200,0,100.0,7845.0,100.0,42279300736.0,100.0,62774371518.0
2018-10-08,ZCH07T24,ST12000NM0007,12000138625024,0,82,153561632,98,0,100,2,100,0,89,867661404,91,8005,100,0,100,1,,,,,100.0,0.0,100.0,0.0,,,66.0,34.0,,,100.0,129.0,100.0,617.0,34,34,100,0,100,0,200,0,100.0,7868.0,100.0,42385960040.0,100.0,62992344198.0
2018-10-09,ZCH07T24,ST12000NM0007,12000138625024,0,83.0,192706512.0,98.0,0.0,100.0,2.0,100.0,0.0,89.0,870097389.0,91.0,8029.0,100.0,0.0,100.0,1.0,,,,,100.0,0.0,100.0,0.0,,,65.0,35.0,,,100.0,130.0,100.0,618.0,35.0,35.0,100.0,0.0,100.0,0.0,200.0,0.0,100.0,7892.0,100.0,42487635056.0,100.0,63173954814.0
2018-10-10,ZCH07T24,ST12000NM0007,12000138625024,0,74,22711048,98,0,100,2,100,0,89,873258643,91,8054,100,0,100,1,,,,,100.0,0.0,100.0,0.0,,,65.0,35.0,,,100.0,130.0,100.0,619.0,35,35,100,0,100,0,200,0,100.0,7917.0,100.0,42600154344.0,100.0,63379721678.0
2018-10-11,ZCH07T24,ST12000NM0007,12000138625024,0,77,48920928,98,0,100,2,100,0,89,875300130,91,8078,100,0,100,1,,,,,100.0,0.0,100.0,0.0,,,65.0,35.0,,,100.0,130.0,100.0,620.0,35,35,100,0,100,0,200,0,100.0,7940.0,100.0,42684638840.0,100.0,63565587734.0
2018-10-12,ZCH07T24,ST12000NM0007,12000138625024,0,81,115356248,98,0,100,2,100,0,89,877655297,91,8101,100,0,100,1,,,,,100.0,0.0,100.0,0.0,,,65.0,35.0,,,100.0,130.0,100.0,621.0,35,35,100,0,100,0,200,0,100.0,7964.0,100.0,42784771976.0,100.0,63776030806.0
2018-10-13,ZCH07T24,ST12000NM0007,12000138625024,0,83,218459704,98,0,100,2,100,0,89,880385730,91,8126,100,0,100,1,,,,,100.0,0.0,100.0,0.0,,,64.0,36.0,,,100.0,130.0,100.0,622.0,36,36,100,0,100,0,200,0,100.0,7988.0,100.0,42913212552.0,100.0,63994834526.0
2018-10-14,ZCH07T24,ST12000NM0007,12000138625024,0,78,60834552,98,0,100,2,100,0,89,883761488,91,8150,100,0,100,1,,,,,100.0,0.0,100.0,0.0,,,64.0,36.0,,,100.0,130.0,100.0,623.0,36,36,100,0,100,0,200,0,100.0,8012.0,100.0,43026499440.0,100.0,64212204206.0
2018-10-15,ZCH07T24,ST12000NM0007,12000138625024,0,81,141161088,98,0,100,2,100,0,89,886881581,91,8174,100,0,100,1,,,,,100.0,0.0,100.0,0.0,,,65.0,35.0,,,100.0,130.0,100.0,624.0,35,35,100,0,100,0,200,0,100.0,8036.0,100.0,43137621336.0,100.0,64425549550.0
2018-10-16,ZCH07T24,ST12000NM0007,12000138625024,0,82,163985056,98,0,100,2,100,0,89,889184756,91,8198,100,0,100,1,,,,,100.0,0.0,100.0,0.0,,,65.0,35.0,,,100.0,131.0,100.0,625.0,35,35,100,0,100,0,200,0,100.0,8060.0,100.0,43241981112.0,100.0,64588154502.0
2018-10-17,ZCH07T24,ST12000NM0007,12000138625024,0,65,2941256,98,0,100,2,100,0,90,892293636,91,8221,100,0,100,1,,,,,100.0,0.0,100.0,0.0,,,65.0,35.0,,,100.0,131.0,100.0,626.0,35,35,100,0,100,0,200,0,100.0,8083.0,100.0,43352184080.0,100.0,64805190166.0
2018-10-18,ZCH07T24,ST12000NM0007,12000138625024,0,80,89925800,98,0,100,2,100,0,90,894940538,91,8247,100,0,100,1,,,,,100.0,0.0,100.0,0.0,,,66.0,34.0,,,100.0,132.0,100.0,627.0,34,34,100,0,100,0,200,0,100.0,8109.0,100.0,43475764296.0,100.0,65012735198.0
2018-10-19,ZCH07T24,ST12000NM0007,12000138625024,0,79,88162272,98,0,100,2,100,0,90,896936793,91,8271,100,0,100,1,,,,,100.0,0.0,100.0,0.0,,,66.0,34.0,,,100.0,133.0,100.0,628.0,34,34,100,0,100,0,200,0,100.0,8133.0,100.0,43549803248.0,100.0,65181073862.0
2018-10-20,ZCH07T24,ST12000NM0007,12000138625024,0,80,97924864,98,0,100,2,100,0,90,899332973,91,8295,100,0,100,1,,,,,100.0,0.0,100.0,0.0,,,66.0,34.0,,,100.0,133.0,100.0,629.0,34,34,100,0,100,0,200,0,100.0,8157.0,100.0,43624994344.0,100.0,65359786182.0
2018-10-21,ZCH07T24,ST12000NM0007,12000138625024,0,82,161557568,98,0,100,2,100,0,90,902331852,91,8319,100,0,100,1,,,,,100.0,0.0,100.0,0.0,,,65.0,35.0,,,100.0,134.0,100.0,630.0,35,35,100,0,100,0,200,0,100.0,8180.0,100.0,43723018208.0,100.0,65569536038.0
2018-10-22,ZCH07T24,ST12000NM0007,12000138625024,0,82,173011400,98,0,100,2,100,0,90,904812443,91,8343,100,0,100,1,,,,,100.0,0.0,100.0,0.0,,,65.0,35.0,,,100.0,135.0,100.0,631.0,35,35,100,0,100,0,200,0,100.0,8205.0,100.0,43821501976.0,100.0,65726646902.0
2018-10-23,ZCH07T24,ST12000NM0007,12000138625024,0,81,137398656,98,0,100,2,100,0,90,906918297,91,8367,100,0,100,1,,,,,100.0,0.0,100.0,0.0,,,66.0,34.0,,,100.0,135.0,100.0,632.0,34,34,100,0,100,0,200,0,100.0,8229.0,100.0,43908391952.0,100.0,65848285046.0
2018-10-24,ZCH07T24,ST12000NM0007,12000138625024,0,83,216352776,98,0,100,2,100,0,90,910127718,91,8391,100,0,100,1,,,,,100.0,0.0,100.0,0.0,,,66.0,34.0,,,100,136,100.0,633.0,34,34,100,0,100,0,200,0,100.0,8252.0,100.0,44037427192.0,100.0,66042344606.0
2018-10-25,ZCH07T24,ST12000NM0007,12000138625024,0,83,208302488,98,0,100,2,100,0,90,912313071,91,8410,100,0,100,1,,,,,100.0,0.0,100.0,0.0,,,65.0,35.0,,,100.0,136.0,100.0,634.0,35,35,100,0,100,0,200,0,100.0,8272.0,100.0,44116632048.0,100.0,66199230214.0
2018-10-26,ZCH07T24,ST12000NM0007,12000138625024,0,84,232018648,98,0,100,2,100,0,90,914393953,91,8434,100,0,100,1,,,,,100.0,0.0,100.0,0.0,,,65.0,35.0,,,100.0,136.0,100.0,635.0,35,35,100,0,100,0,200,0,100.0,8295.0,100.0,44219773176.0,100.0,66363946190.0
2018-10-27,ZCH07T24,ST12000NM0007,12000138625024,0,79,81594768,98,0,100,2,100,0,90,916838146,91,8458,100,0,100,1,,,,,100.0,0.0,100.0,0.0,,,65.0,35.0,,,100.0,136.0,100.0,636.0,35,35,100,0,100,0,200,0,100.0,8319.0,100.0,44305898304.0,100.0,66615678694.0
2018-10-28,ZCH07T24,ST12000NM0007,12000138625024,0,80,99761752,98,0,100,2,100,0,90,919125688,91,8481,100,0,100,1,,,,,100.0,0.0,100.0,0.0,,,65.0,35.0,,,100.0,136.0,100.0,637.0,35,35,100,0,100,0,200,0,100.0,8343.0,100.0,44409783584.0,100.0,66774101214.0
2018-10-29,ZCH07T24,ST12000NM0007,12000138625024,0,72,16944080,98,0,100,2,100,0,90,922981657,91,8506,100,0,100,1,,,,,100.0,0.0,100.0,0.0,,,64.0,36.0,,,100.0,136.0,100.0,638.0,36,36,100,0,100,0,200,0,100.0,8367.0,100.0,44536658584.0,100.0,67052690134.0
2018-10-30,ZCH07T24,ST12000NM0007,12000138625024,0,75,30476344,98,0,100,2,100,0,90,925382149,91,8530,100,0,100,1,,,,,100.0,0.0,100.0,0.0,,,64.0,36.0,,,100.0,137.0,100.0,639.0,36,36,100,0,100,0,200,0,100.0,8391.0,100.0,44642417136.0,100.0,67204604614.0
2018-10-31,ZCH07T24,ST12000NM0007,12000138625024,0,80,100615696,98.0,0.0,100.0,2.0,100.0,0.0,90.0,928509588.0,91,8554,100.0,0.0,100,1,,,,,100.0,0.0,100.0,0.0,,,65.0,35.0,,,100.0,138.0,100.0,640.0,35,35,100.0,0.0,100.0,0.0,200.0,0.0,100.0,8415.0,100.0,44751487352.0,100.0,67409814390.0
2018-11-01,ZCH07T24,ST12000NM0007,12000138625024,0,83,210962992,98.0,0.0,100.0,2.0,100.0,0.0,90.0,931374584.0,91,8582,100.0,0.0,100,1,,,,,100.0,0.0,100.0,0.0,,,64.0,36.0,,,100.0,139.0,100.0,642.0,36,36,100.0,0.0,100.0,0.0,200.0,0.0,100.0,8443.0,100.0,44855008456.0,100.0,67660781374.0
2018-11-02,ZCH07T24,ST12000NM0007,12000138625024,0,84,240037424,98.0,0.0,100.0,2.0,100.0,0.0,90.0,933466046.0,91,8607,100.0,0.0,100,1,,,,,100.0,0.0,100.0,0.0,,,65.0,35.0,,,100.0,140.0,100.0,643.0,35,35,100.0,0.0,100.0,0.0,200.0,0.0,100.0,8468.0,100.0,44953431824.0,100.0,67835573070.0
2018-11-03,ZCH07T24,ST12000NM0007,12000138625024,0,84,225824720,98.0,0.0,100.0,2.0,100.0,0.0,90.0,935554886.0,91,8631,100.0,0.0,100,1,,,,,100.0,0.0,100.0,0.0,,,65.0,35.0,,,100.0,140.0,100.0,644.0,35,35,100.0,0.0,100.0,0.0,200.0,0.0,100.0,8492.0,100.0,45038536312.0,100.0,67980396702.0
2018-11-04,ZCH07T24,ST12000NM0007,12000138625024,0,78,68914272,98.0,0.0,100.0,2.0,100.0,0.0,90.0,939019374.0,91,8655,100.0,0.0,100,1,,,,,100.0,0.0,100.0,0.0,,,64.0,36.0,,,100.0,141.0,100.0,645.0,36,36,100.0,0.0,100.0,0.0,200.0,0.0,100.0,8515.0,100.0,45149898184.0,100.0,68200405854.0
2018-11-05,ZCH07T24,ST12000NM0007,12000138625024,0,79,76683608,98.0,0.0,100.0,2.0,100.0,0.0,90.0,941394740.0,91,8678,100.0,0.0,100,1,,,,,100.0,0.0,100.0,0.0,,,64.0,36.0,,,100.0,141.0,100.0,646.0,36,36,100.0,0.0,100.0,0.0,200.0,0.0,100.0,8538.0,100.0,45242654672.0,100.0,68359559414.0
2018-11-06,ZCH07T24,ST12000NM0007,12000138625024,0,82.0,141460424.0,98.0,0.0,100.0,2.0,100.0,0.0,90.0,943795345.0,91.0,8703.0,100.0,0.0,100.0,1.0,,,,,100.0,0.0,100.0,0.0,,,64.0,36.0,,,100.0,142.0,100.0,647.0,36.0,36.0,100.0,0.0,100.0,0.0,200.0,0.0,100.0,8563.0,100.0,45361817224.0,100.0,68549314502.0
2018-11-07,ZCH07T24,ST12000NM0007,12000138625024,0,83.0,202294920.0,98.0,0.0,100.0,2.0,100.0,0.0,90.0,946765300.0,91.0,8727.0,100.0,0.0,100.0,1.0,,,,,100.0,0.0,100.0,0.0,,,64.0,36.0,,,100.0,142.0,100.0,648.0,36.0,36.0,100.0,0.0,100.0,0.0,200.0,0.0,100.0,8587.0,100.0,45474890648.0,100.0,68741216366.0
2018-11-08,ZCH07T24,ST12000NM0007,12000138625024,0,83.0,195556544.0,98.0,0.0,100.0,2.0,100.0,0.0,90.0,948694310.0,91.0,8749.0,100.0,0.0,100.0,1.0,,,,,100.0,0.0,100.0,0.0,,,64.0,36.0,,,100.0,143.0,100.0,649.0,36.0,36.0,100.0,0.0,100.0,0.0,200.0,0.0,100.0,8609.0,100.0,45534707280.0,100.0,68918802030.0
2018-11-09,ZCH07T24,ST12000NM0007,12000138625024,0,83,222457352,98.0,0.0,100.0,2.0,100.0,0.0,90.0,950722487.0,90,8773,100.0,0.0,100,1,,,,,100.0,0.0,100.0,0.0,,,64.0,36.0,,,100.0,143.0,100.0,650.0,36,36,100.0,0.0,100.0,0.0,200.0,0.0,100.0,8632.0,100.0,45620260872.0,100.0,69104289950.0
2018-11-10,ZCH07T24,ST12000NM0007,12000138625024,0,84,231724584,98.0,0.0,100.0,2.0,100.0,0.0,90.0,952994880.0,90,8796,100.0,0.0,100,1,,,,,100.0,0.0,100.0,0.0,,,64.0,36.0,,,100.0,144.0,100.0,651.0,36,36,100.0,0.0,100.0,0.0,200.0,0.0,100.0,8656.0,100.0,45707844488.0,100.0,69270114286.0
2018-11-11,ZCH07T24,ST12000NM0007,12000138625024,0,76,42581304,98.0,0.0,100.0,2.0,100.0,0.0,90.0,955845470.0,90,8820,100.0,0.0,100,1,,,,,100.0,0.0,100.0,0.0,,,63.0,37.0,,,100.0,144.0,100.0,652.0,37,37,100.0,0.0,100.0,0.0,200.0,0.0,100.0,8680.0,100.0,45817742712.0,100.0,69459354046.0
2018-11-12,ZCH07T24,ST12000NM0007,12000138625024,0,82,157171432,98.0,0.0,100.0,2.0,100.0,0.0,90.0,959140255.0,90,8844,100.0,0.0,100,1,,,,,100.0,0.0,100.0,0.0,,,64.0,36.0,,,100.0,145.0,100.0,653.0,36,36,100.0,0.0,100.0,0.0,200.0,0.0,100.0,8704.0,100.0,45942674808.0,100.0,69693152726.0
2018-11-13,ZCH07T24,ST12000NM0007,12000138625024,0,83,181495640,98.0,0.0,100.0,2.0,100.0,0.0,90.0,961480789.0,90,8868,100.0,0.0,100,1,,,,,100.0,0.0,100.0,0.0,,,64.0,36.0,,,100.0,146.0,100.0,654.0,36,36,100.0,0.0,100.0,0.0,200.0,0.0,100.0,8728.0,100.0,46029931336.0,100.0,69874361038.0
2018-11-14,ZCH07T24,ST12000NM0007,12000138625024,0,84,224010824,98.0,0.0,100.0,2.0,100.0,0.0,90.0,964402136.0,90,8892,100.0,0.0,100,1,,,,,100.0,0.0,100.0,0.0,,,64.0,36.0,,,100.0,146.0,100.0,655.0,36,36,100.0,0.0,100.0,0.0,200.0,0.0,100.0,8751.0,100.0,46137125352.0,100.0,70053822998.0
2018-11-15,ZCH07T24,ST12000NM0007,12000138625024,0,75,29707192,98.0,0.0,100.0,2.0,100.0,0.0,90.0,966562947.0,90,8917,100.0,0.0,100,1,,,,,100.0,0.0,100.0,0.0,,,63.0,37.0,,,100.0,146.0,100.0,656.0,37,37,100.0,0.0,100.0,0.0,200.0,0.0,100.0,8776.0,100.0,46243502512.0,100.0,70241423606.0
2018-11-16,ZCH07T24,ST12000NM0007,12000138625024,0,79,88104152,98.0,0.0,100.0,2.0,100.0,0.0,90.0,969227918.0,90,8941,100.0,0.0,100,1,,,,,100.0,0.0,100.0,0.0,,,63.0,37.0,,,100.0,146.0,100.0,657.0,37,37,100.0,0.0,100.0,0.0,200.0,0.0,100.0,8800.0,100.0,46341921432.0,100.0,70445542382.0
2018-11-17,ZCH07T24,ST12000NM0007,12000138625024,0,82.0,160924704.0,98.0,0.0,100.0,2.0,100.0,0.0,90.0,971671141.0,90.0,8965.0,100.0,0.0,100.0,1.0,,,,,100.0,0.0,100.0,0.0,,,63.0,37.0,,,100.0,146.0,100.0,658.0,37.0,37.0,100.0,0.0,100.0,0.0,200.0,0.0,100.0,8824.0,100.0,46449425512.0,100.0,70654999686.0
2018-11-18,ZCH07T24,ST12000NM0007,12000138625024,0,84,226726768,98.0,0.0,100.0,2.0,100.0,0.0,90.0,974298786.0,90,8988,100.0,0.0,100,1,,,,,100.0,0.0,100.0,0.0,,,62.0,38.0,,,100.0,147.0,100.0,659.0,38,38,100.0,0.0,100.0,0.0,200.0,0.0,100.0,8847.0,100.0,46554100384.0,100.0,70860267646.0
2018-11-19,ZCH07T24,ST12000NM0007,12000138625024,0,79,76290096,98.0,0.0,100.0,2.0,100.0,0.0,90.0,977272296.0,90,9012,100.0,0.0,100,1,,,,,100.0,0.0,100.0,0.0,,,63.0,37.0,,,100.0,148.0,100.0,660.0,37,37,100.0,0.0,100.0,0.0,200.0,0.0,100.0,8870.0,100.0,46649158944.0,100.0,71103053950.0
2018-11-20,ZCH07T24,ST12000NM0007,12000138625024,0,81,122164408,98.0,0.0,100.0,2.0,100.0,0.0,90.0,979741696.0,90,9037,100.0,0.0,100,1,,,,,100.0,0.0,100.0,0.0,,,63.0,37.0,,,100.0,148.0,100.0,661.0,37,37,100.0,0.0,100.0,0.0,200.0,0.0,100.0,8895.0,100.0,46745308536.0,100.0,71296919318.0
2018-11-21,ZCH07T24,ST12000NM0007,12000138625024,0,83,216731840,98.0,0.0,100.0,2.0,100.0,0.0,90.0,982834303.0,90,9060,100.0,0.0,100,1,,,,,100.0,0.0,100.0,0.0,,,64.0,36.0,,,100.0,149.0,100.0,662.0,36,36,100.0,0.0,100.0,0.0,200.0,0.0,100.0,8918.0,100.0,46874304936.0,100.0,71506631294.0
2018-11-22,ZCH07T24,ST12000NM0007,12000138625024,0,84,239450040,98.0,0.0,100.0,2.0,100.0,0.0,90.0,984801660.0,90,9084,100.0,0.0,100,1,,,,,100.0,0.0,100.0,0.0,,,63.0,37.0,,,100.0,149.0,100.0,663.0,37,37,100.0,0.0,100.0,0.0,200.0,0.0,100.0,8942.0,100.0,46953977120.0,100.0,71693818014.0
2018-11-23,ZCH07T24,ST12000NM0007,12000138625024,0,74,25678976,98.0,0.0,100.0,2.0,100.0,0.0,90.0,987115642.0,90,9109,100.0,0.0,100,1,,,,,100.0,0.0,100.0,0.0,,,64.0,36.0,,,100.0,149.0,100.0,664.0,36,36,100.0,0.0,100.0,0.0,200.0,0.0,100.0,8967.0,100.0,47029253656.0,100.0,71893051926.0
2018-11-24,ZCH07T24,ST12000NM0007,12000138625024,0,69,8349592,98.0,0.0,100.0,2.0,100.0,0.0,90.0,988747542.0,90,9132,100.0,0.0,100,1,,,,,100.0,0.0,100.0,0.0,,,64.0,36.0,,,100.0,149.0,100.0,665.0,36,36,100.0,0.0,100.0,0.0,200.0,0.0,100.0,8990.0,100.0,47097520944.0,100.0,72051596070.0
2018-11-25,ZCH07T24,ST12000NM0007,12000138625024,0,78,62165960,98.0,0.0,100.0,2.0,100.0,0.0,90.0,990952920.0,90,9156,100.0,0.0,100,1,,,,,100.0,0.0,100.0,0.0,,,64.0,36.0,,,100.0,150.0,100.0,666.0,36,36,100.0,0.0,100.0,0.0,200.0,0.0,100.0,9013.0,100.0,47196969656.0,100.0,72250104422.0
2018-11-26,ZCH07T24,ST12000NM0007,12000138625024,0,83,189918880,98.0,0.0,100.0,2.0,100.0,0.0,90.0,993785110.0,90,9181,100.0,0.0,100,1,,,,,100.0,0.0,100.0,0.0,,,64.0,36.0,,,100.0,150.0,100.0,667.0,36,36,100.0,0.0,100.0,0.0,200.0,0.0,100.0,9038.0,100.0,47307838088.0,100.0,72511129742.0
2018-11-27,ZCH07T24,ST12000NM0007,12000138625024,0,83,211357664,98.0,0.0,100.0,2.0,100.0,0.0,90.0,995874574.0,90,9205,100.0,0.0,100,1,,,,,100.0,0.0,100.0,0.0,,,63.0,37.0,,,100.0,150.0,100.0,668.0,37,37,100.0,0.0,100.0,0.0,200.0,0.0,100.0,9062.0,100.0,47405019432.0,100.0,72679527886.0
2018-11-28,ZCH07T24,ST12000NM0007,12000138625024,0,79,87281136,98.0,0.0,100.0,2.0,100.0,0.0,90.0,999215399.0,90,9228,100.0,0.0,100,1,,,,,100.0,0.0,100.0,0.0,,,63.0,37.0,,,100.0,150.0,100.0,669.0,37,37,100.0,0.0,100.0,0.0,200.0,0.0,100.0,9085.0,100.0,47555524080.0,100.0,72893228582.0
2018-11-29,ZCH07T24,ST12000NM0007,12000138625024,0,82,167460232,98.0,0.0,100.0,2.0,100.0,0.0,62.0,1660780.0,90,9253,100.0,0.0,100,1,,,,,100.0,0.0,100.0,0.0,,,63.0,37.0,,,100.0,151.0,100.0,670.0,37,37,100.0,0.0,100.0,0.0,200.0,0.0,100.0,9110.0,100.0,47675198104.0,100.0,73097874334.0
2018-11-30,ZCH07T24,ST12000NM0007,12000138625024,0,84,241086088,98.0,0.0,100.0,2.0,100.0,0.0,66.0,4150238.0,90,9277,100.0,0.0,100,1,,,,,100.0,0.0,100.0,0.0,,,64.0,36.0,,,100.0,151.0,100.0,671.0,36,36,100.0,0.0,100.0,0.0,200.0,0.0,100.0,9133.0,100.0,47791737936.0,100.0,73299101302.0
2018-12-01,ZCH07T24,ST12000NM0007,12000138625024,0,78,67006864,98.0,0.0,100.0,2.0,100.0,0.0,68.0,7019861.0,90,9301,100.0,0.0,100,1,,,,,100.0,0.0,100.0,0.0,,,63.0,37.0,,,100.0,151.0,100.0,672.0,37,37,100.0,0.0,100.0,0.0,200.0,0.0,100.0,9157.0,100.0,47881520984.0,100.0,73523520558.0
2018-12-02,ZCH07T24,ST12000NM0007,12000138625024,0,82,154949768,98.0,0.0,100.0,2.0,100.0,0.0,70.0,10037715.0,90,9325,100.0,0.0,100,1,,,,,100.0,0.0,100.0,0.0,,,63.0,37.0,,,100.0,151.0,100.0,673.0,37,37,100.0,0.0,100.0,0.0,200.0,0.0,100.0,9181.0,100.0,47986185488.0,100.0,73750939630.0
2018-12-03,ZCH07T24,ST12000NM0007,12000138625024,0,83,209938560,98.0,0.0,100.0,2.0,100.0,0.0,71.0,12697852.0,90,9348,100.0,0.0,100,1,,,,,100.0,0.0,100.0,0.0,,,63.0,37.0,,,100.0,152.0,100.0,674.0,37,37,100.0,0.0,100.0,0.0,200.0,0.0,100.0,9204.0,100.0,48067049432.0,100.0,73969205118.0
2018-12-04,ZCH07T24,ST12000NM0007,12000138625024,0,77,49434504,98.0,0.0,100.0,2.0,100.0,0.0,72.0,15472819.0,90,9373,100.0,0.0,100,1,,,,,100.0,0.0,100.0,0.0,,,63.0,37.0,,,100.0,152.0,100.0,675.0,37,37,100.0,0.0,100.0,0.0,200.0,0.0,100.0,9229.0,100.0,48183823776.0,100.0,74180207998.0
2018-12-05,ZCH07T24,ST12000NM0007,12000138625024,0,83.0,181138832.0,98.0,0.0,100.0,2.0,100.0,0.0,73.0,19123540.0,90.0,9396.0,100.0,0.0,100.0,1.0,,,,,100.0,0.0,100.0,0.0,,,63.0,37.0,,,100.0,152.0,100.0,676.0,37.0,37.0,100.0,0.0,100.0,0.0,200.0,0.0,100.0,9252.0,100.0,48331764424.0,100.0,74408112350.0
2018-12-06,ZCH07T24,ST12000NM0007,12000138625024,0,84,229023520,98.0,0.0,100.0,2.0,100.0,0.0,73.0,21642627.0,90,9422,100.0,0.0,100,1,,,,,100.0,0.0,100.0,0.0,,,63.0,37.0,,,100.0,152.0,100.0,677.0,37,37,100.0,0.0,100.0,0.0,200.0,0.0,100.0,9278.0,100.0,48431566568.0,100.0,74600335710.0
2018-12-07,ZCH07T24,ST12000NM0007,12000138625024,0,84,240270560,98.0,0.0,100.0,2.0,100.0,0.0,74.0,23837957.0,90,9446,100.0,0.0,100,1,,,,,100.0,0.0,100.0,0.0,,,63.0,37.0,,,100.0,153.0,100.0,678.0,37,37,100.0,0.0,100.0,0.0,200.0,0.0,100.0,9302.0,100.0,48499224656.0,100.0,74788065502.0
2018-12-08,ZCH07T24,ST12000NM0007,12000138625024,0,74,23553192,98.0,0.0,100.0,2.0,100.0,0.0,74.0,26724792.0,90,9468,100.0,0.0,100,1,,,,,100.0,0.0,100.0,0.0,,,65.0,35.0,,,100.0,154.0,100.0,679.0,35,35,100.0,0.0,100.0,0.0,200.0,0.0,100.0,9324.0,100.0,48579420112.0,100.0,74979434414.0
2018-12-09,ZCH07T24,ST12000NM0007,12000138625024,0,80,91153472,98.0,0.0,100.0,2.0,100.0,0.0,75.0,29932699.0,90,9493,100.0,0.0,100,1,,,,,100.0,0.0,100.0,0.0,,,63.0,37.0,,,100.0,155.0,100.0,680.0,37,37,100.0,0.0,100.0,0.0,200.0,0.0,100.0,9349.0,100.0,48682863712.0,100.0,75187731758.0
2018-12-10,ZCH07T24,ST12000NM0007,12000138625024,0,82,160228744,98.0,0.0,100.0,2.0,100.0,0.0,75.0,32833354.0,90,9517,100.0,0.0,100,1,,,,,100.0,0.0,100.0,0.0,,,63.0,37.0,,,100.0,155.0,100.0,681.0,37,37,100.0,0.0,100.0,0.0,200.0,0.0,100.0,9373.0,100.0,48761344136.0,100.0,75422467302.0
2018-12-11,ZCH07T24,ST12000NM0007,12000138625024,0,82,162188688,98.0,0.0,100.0,2.0,100.0,0.0,75.0,35208836.0,90,9541,100.0,0.0,100,1,,,,,100.0,0.0,100.0,0.0,,,62.0,38.0,,,100.0,155.0,100.0,682.0,38,38,100.0,0.0,100.0,0.0,200.0,0.0,100.0,9396.0,100.0,48848034976.0,100.0,75581877270.0
2018-12-12,ZCH07T24,ST12000NM0007,12000138625024,0,74,25159344,98.0,0.0,100.0,2.0,100.0,0.0,76.0,38872228.0,90,9566,100.0,0.0,100,1,,,,,100.0,0.0,100.0,0.0,,,62.0,38.0,,,100.0,155.0,100.0,683.0,38,38,100.0,0.0,100.0,0.0,200.0,0.0,100.0,9421.0,100.0,48966340248.0,100.0,75814824030.0
2018-12-13,ZCH07T24,ST12000NM0007,12000138625024,0,77,54539728,98.0,0.0,100.0,2.0,100.0,0.0,76.0,41155004.0,90,9590,100.0,0.0,100,1,,,,,100.0,0.0,100.0,0.0,,,63.0,37.0,,,100.0,155.0,100.0,684.0,37,37,100.0,0.0,100.0,0.0,200.0,0.0,100.0,9445.0,100.0,49050189288.0,100.0,76004496006.0
2018-12-14,ZCH07T24,ST12000NM0007,12000138625024,0,80,104689928,98.0,0.0,100.0,2.0,100.0,0.0,76.0,43579807.0,90,9615,100.0,0.0,100,1,,,,,100.0,0.0,100.0,0.0,,,63.0,37.0,,,100.0,156.0,100.0,685.0,37,37,100.0,0.0,100.0,0.0,200.0,0.0,100.0,9470.0,100.0,49135595920.0,100.0,76213380214.0
2018-12-15,ZCH07T24,ST12000NM0007,12000138625024,0,82,172053136,98.0,0.0,100.0,2.0,100.0,0.0,77.0,46477644.0,89,9638,100.0,0.0,100,1,,,,,100.0,0.0,100.0,0.0,,,63.0,37.0,,,100.0,156.0,100.0,686.0,37,37,100.0,0.0,100.0,0.0,200.0,0.0,100.0,9493.0,100.0,49232088312.0,100.0,76428391886.0
2018-12-16,ZCH07T24,ST12000NM0007,12000138625024,0,84,241061696,98.0,0.0,100.0,2.0,100.0,0.0,77.0,49468688.0,89,9662,100.0,0.0,100,1,,,,,100.0,0.0,100.0,0.0,,,62.0,38.0,,,100.0,157.0,100.0,687.0,38,38,100.0,0.0,100.0,0.0,200.0,0.0,100.0,9516.0,100.0,49328290808.0,100.0,76645339014.0
2018-12-17,ZCH07T24,ST12000NM0007,12000138625024,0,80,92872712,98.0,0.0,100.0,2.0,100.0,0.0,77.0,52648944.0,89,9686,100.0,0.0,100,1,,,,,100.0,0.0,100.0,0.0,,,62.0,38.0,,,100.0,157.0,100.0,688.0,38,38,100.0,0.0,100.0,0.0,200.0,0.0,100.0,9541.0,100.0,49439863736.0,100.0,76873858638.0
2018-12-18,ZCH07T24,ST12000NM0007,12000138625024,0,79,86620912,98.0,0.0,100.0,2.0,100.0,0.0,77.0,54933689.0,89,9710,100.0,0.0,100,1,,,,,100.0,0.0,100.0,0.0,,,63.0,37.0,,,100.0,158.0,100.0,689.0,37,37,100.0,0.0,100.0,0.0,200.0,0.0,100.0,9564.0,100.0,49514374176.0,100.0,77037237310.0
2018-12-19,ZCH07T24,ST12000NM0007,12000138625024,0,80,99268408,98.0,0.0,100.0,2.0,100.0,0.0,78.0,58167641.0,89,9733,100.0,0.0,100,1,,,,,100.0,0.0,100.0,0.0,,,63.0,37.0,,,100.0,158.0,100.0,690.0,37,37,100.0,0.0,100.0,0.0,200.0,0.0,100.0,9587.0,100.0,49626667864.0,100.0,77181731870.0
2018-12-20,ZCH07T24,ST12000NM0007,12000138625024,0,81,114731616,98.0,0.0,100.0,2.0,100.0,0.0,78.0,60614782.0,89,9758,100.0,0.0,100,1,,,,,100.0,0.0,100.0,0.0,,,62.0,38.0,,,100.0,158.0,100.0,691.0,38,38,100.0,0.0,100.0,0.0,200.0,0.0,100.0,9612.0,100.0,49718531856.0,100.0,77349471798.0
2018-12-21,ZCH07T24,ST12000NM0007,12000138625024,0,82,155088096,98.0,0.0,100.0,2.0,100.0,0.0,78.0,63199204.0,89,9782,100.0,0.0,100,1,,,,,100.0,0.0,100.0,0.0,,,63.0,37.0,,,100.0,159.0,100.0,692.0,37,37,100.0,0.0,100.0,0.0,200.0,0.0,100.0,9636.0,100.0,49806955320.0,100.0,77545545502.0
2018-12-22,ZCH07T24,ST12000NM0007,12000138625024,0,83,193624664,98.0,0.0,100.0,2.0,100.0,0.0,78.0,65675285.0,89,9806,100.0,0.0,100,1,,,,,100.0,0.0,100.0,0.0,,,62.0,38.0,,,100.0,160.0,100.0,693.0,38,38,100.0,0.0,100.0,0.0,200.0,0.0,100.0,9660.0,100.0,49895790448.0,100.0,77739387718.0
2018-12-23,ZCH07T24,ST12000NM0007,12000138625024,0,78,67283944,98.0,0.0,100.0,2.0,100.0,0.0,78.0,69493074.0,89,9830,100.0,0.0,100,1,,,,,100.0,0.0,100.0,0.0,,,62.0,38.0,,,100.0,160.0,100.0,694.0,38,38,100.0,0.0,100.0,0.0,200.0,0.0,100.0,9684.0,100.0,50008228688.0,100.0,77988890190.0
2018-12-24,ZCH07T24,ST12000NM0007,12000138625024,0,81,122233616,98.0,0.0,100.0,2.0,100.0,0.0,79.0,72311985.0,89,9854,100.0,0.0,100,1,,,,,100.0,0.0,100.0,0.0,,,62.0,38.0,,,100.0,160.0,100.0,695.0,38,38,100.0,0.0,100.0,0.0,200.0,0.0,100.0,9708.0,100.0,50079787016.0,100.0,78216422382.0
2018-12-25,ZCH07T24,ST12000NM0007,12000138625024,0,81,115304432,98.0,0.0,100.0,2.0,100.0,0.0,79.0,74513987.0,89,9877,100.0,0.0,100,1,,,,,100.0,0.0,100.0,0.0,,,63.0,37.0,,,100.0,161.0,100.0,696.0,37,37,100.0,0.0,100.0,0.0,200.0,0.0,100.0,9731.0,100.0,50149626784.0,100.0,78383794470.0
2018-12-26,ZCH07T24,ST12000NM0007,12000138625024,0,82,152987792,98.0,0.0,100.0,2.0,100.0,0.0,79.0,77685412.0,89,9901,100.0,0.0,100,1,,,,,100.0,0.0,100.0,0.0,,,62.0,38.0,,,100.0,162.0,100.0,697.0,38,38,100.0,0.0,100.0,0.0,200.0,0.0,100.0,9755.0,100.0,50243880136.0,100.0,78571365238.0
2018-12-27,ZCH07T24,ST12000NM0007,12000138625024,0,83,184734824,98.0,0.0,100.0,2.0,100.0,0.0,79.0,80039372.0,89,9926,100.0,0.0,100,1,,,,,100.0,0.0,100.0,0.0,,,62.0,38.0,,,100.0,163.0,100.0,698.0,38,38,100.0,0.0,100.0,0.0,200.0,0.0,100.0,9779.0,100.0,50312347296.0,100.0,78778785790.0
2018-12-28,ZCH07T24,ST12000NM0007,12000138625024,0,82,176502344,98.0,0.0,100.0,2.0,100.0,0.0,79.0,82041545.0,89,9950,100.0,0.0,100,1,,,,,100.0,0.0,100.0,0.0,,,63.0,37.0,,,100.0,164.0,100.0,699.0,37,37,100.0,0.0,100.0,0.0,200.0,0.0,100.0,9803.0,100.0,50374699272.0,100.0,78952342030.0
2018-12-29,ZCH07T24,ST12000NM0007,12000138625024,0,82,165266872,98.0,0.0,100.0,2.0,100.0,0.0,79.0,83850697.0,89,9973,100.0,0.0,100,1,,,,,100.0,0.0,100.0,0.0,,,63.0,37.0,,,100.0,165.0,100.0,700.0,37,37,100.0,0.0,100.0,0.0,200.0,0.0,100.0,9826.0,100.0,50433449536.0,100.0,79126497030.0
2018-12-30,ZCH07T24,ST12000NM0007,12000138625024,0,71,12367648,98.0,0.0,100.0,2.0,100.0,0.0,79.0,86885983.0,89,9998,100.0,0.0,100,1,,,,,100.0,0.0,100.0,0.0,,,62.0,38.0,,,100.0,165.0,100.0,701.0,38,38,100.0,0.0,100.0,0.0,200.0,0.0,100.0,9851.0,100.0,50523420648.0,100.0,79371908246.0
2018-12-31,ZCH07T24,ST12000NM0007,12000138625024,0,82,145103888,98.0,0.0,100.0,2.0,100.0,0.0,80.0,90117791.0,89,10022,100.0,0.0,100,1,,,,,100.0,0.0,100.0,0.0,,,63.0,37.0,,,100.0,165.0,100.0,702.0,37,37,100.0,0.0,100.0,0.0,200.0,0.0,100.0,9875.0,100.0,50626059792.0,100.0,79646146030.0
