2018-01-01,ZCH06NGN,ST12000NM0007,12000138625024,0,82,144818272,98,0,100,2,100,0,75,35280143,99,1500,100,0,100,2,,,,,100.0,0.0,100.0,0.0,,,64.0,36.0,,,100.0,1.0,99.0,2443.0,36,36,100,0,100,0,200,0,100.0,321.0,100.0,3990133024.0,100.0,2746734566.0
2018-01-02,ZCH06NGN,ST12000NM0007,12000138625024,0,81,135059296,98,0,100,2,100,0,76,38432109,99,1524,100,0,100,2,,,,,100.0,0.0,100.0,0.0,,,64.0,36.0,,,100.0,1.0,99.0,2444.0,36,36,100,0,100,0,200,0,100.0,344.0,100.0,4251352872.0,100.0,2964037254.0
2018-01-03,ZCH06NGN,ST12000NM0007,12000138625024,0,83,189667160,98,0,100,2,100,0,76,41808568,99,1547,100,0,100,2,,,,,100.0,0.0,100.0,0.0,,,64.0,36.0,,,100.0,1.0,99.0,2445.0,36,36,100,0,100,0,200,0,100.0,368.0,100.0,4556829584.0,100.0,3201449982.0
2018-01-04,ZCH06NGN,ST12000NM0007,12000138625024,0,69,8310896,98,0,100,2,100,0,76,43802760,99,1562,100,0,100,2,,,,,100.0,0.0,100.0,0.0,,,63.0,37.0,,,100.0,1.0,99.0,2446.0,37,37,100,0,100,0,200,0,100.0,383.0,100.0,4724392144.0,100.0,3340812702.0
2018-01-05,ZCH06NGN,ST12000NM0007,12000138625024,0,77.0,45432024.0,98.0,0.0,100.0,2.0,100.0,0.0,77.0,45527413.0,99.0,1574.0,100.0,0.0,100.0,2.0,,,,,100.0,0.0,100.0,0.0,,,64.0,36.0,,,100.0,1.0,99.0,2446.0,36.0,36.0,100.0,0.0,100.0,0.0,200.0,0.0,100.0,395.0,100.0,4868960936.0,100.0,3477505958.0
2018-01-06,ZCH06NGN,ST12000NM0007,12000138625024,0,76,38603456,98,0,100,2,100,0,77,50414117,99,1611,100,0,100,2,,,,,100.0,0.0,100.0,0.0,,,63.0,37.0,,,100.0,1.0,99.0,2448.0,37,37,100,0,100,0,200,0,100.0,431.0,100.0,5276195712.0,100.0,3795864806.0
2018-01-07,ZCH06NGN,ST12000NM0007,12000138625024,0,83,208051736,98,0,100,2,100,0,77,53285022,99,1635,100,0,100,2,,,,,100.0,0.0,100.0,0.0,,,64.0,36.0,,,100.0,1.0,99.0,2449.0,36,36,100,0,100,0,200,0,100.0,455.0,100.0,5475911960.0,100.0,4009737646.0
2018-01-08,ZCH06NGN,ST12000NM0007,12000138625024,0,80,98568640,98,0,100,2,100,0,77,56014766,99,1659,100,0,100,2,,,,,100.0,0.0,100.0,0.0,,,64.0,36.0,,,100.0,1.0,99.0,2450.0,36,36,100,0,100,0,200,0,100.0,479.0,100.0,5663072880.0,100.0,4201375190.0
2018-01-09,ZCH06NGN,ST12000NM0007,12000138625024,0,80,111760336,98,0,100,2,100,0,78,59318894,99,1682,100,0,100,2,,,,,100.0,0.0,100.0,0.0,,,63.0,37.0,,,100.0,1.0,99.0,2451.0,37,37,100,0,100,0,200,0,100.0,502.0,100.0,5921234432.0,100.0,4444686934.0
2018-01-10,ZCH06NGN,ST12000NM0007,12000138625024,0,82,158204456,98,0,100,2,100,0,78,62752613,99,1707,100,0,100,2,,,,,100.0,0.0,100.0,0.0,,,63.0,37.0,,,100.0,1.0,99.0,2452.0,37,37,100,0,100,0,200,0,100.0,527.0,100.0,6198702328.0,100.0,4701944478.0
2018-01-11,ZCH06NGN,ST12000NM0007,12000138625024,0,80,111030104,98,0,100,2,100,0,78,67295266,99,1741,100,0,100,2,,,,,100.0,0.0,100.0,0.0,,,61.0,39.0,,,100.0,1.0,99.0,2453.0,39,39,100,0,100,0,200,0,100.0,561.0,100.0,6552152968.0,100.0,5033741910.0
2018-01-12,ZCH06NGN,ST12000NM0007,12000138625024,0,81,136823624,98,0,100,2,100,0,78,70591507,98,1765,100,0,100,2,,,,,100.0,0.0,100.0,0.0,,,60.0,40.0,,,100.0,1.0,99.0,2454.0,40,40,100,0,100,0,200,0,100.0,584.0,100.0,6834129816.0,100.0,5265840134.0
2018-01-13,ZCH06NGN,ST12000NM0007,12000138625024,0,82.0,157132096.0,98.0,0.0,100.0,2.0,100,0,79.0,73931564.0,98,1788,100.0,0.0,100,2,,,,,100.0,0.0,100.0,0.0,,,60.0,40.0,,,100.0,1.0,99.0,2455.0,40.0,40.0,100.0,0.0,100.0,0.0,200,0,100.0,608.0,100.0,7114128456.0,100.0,5494431718.0
2018-01-14,ZCH06NGN,ST12000NM0007,12000138625024,0,82.0,143112192.0,98.0,0.0,100.0,2.0,100,0,79.0,77073315.0,98,1812,100.0,0.0,100,2,,,,,100.0,0.0,100.0,0.0,,,60.0,40.0,,,100.0,1.0,99.0,2456.0,40.0,40.0,100.0,0.0,100.0,0.0,200,0,100.0,631.0,100.0,7344962296.0,100.0,5737859478.0
2018-01-15,ZCH06NGN,ST12000NM0007,12000138625024,0,82.0,147743296.0,98.0,0.0,100.0,2.0,100,0,79.0,80365250.0,98,1836,100.0,0.0,100,2,,,,,100.0,0.0,100.0,0.0,,,59.0,41.0,,,100.0,1.0,99.0,2457.0,41.0,41.0,100.0,0.0,100.0,0.0,200,0,100.0,655.0,100.0,7629728160.0,100.0,5946006214.0
2018-01-16,ZCH06NGN,ST12000NM0007,12000138625024,0,82.0,164065320.0,98.0,0.0,100.0,2.0,100,0,79.0,83903134.0,98,1860,100.0,0.0,100,2,,,,,100.0,0.0,100.0,0.0,,,60.0,40.0,,,100.0,1.0,99.0,2458.0,40.0,40.0,100.0,0.0,100.0,0.0,200,0,100.0,679.0,100.0,7897508584.0,100.0,6182829222.0
2018-01-17,ZCH06NGN,ST12000NM0007,12000138625024,0,82.0,142652808.0,98.0,0.0,100.0,2.0,100,0,79.0,87212935.0,98,1885,100.0,0.0,100,2,,,,,100.0,0.0,100.0,0.0,,,61.0,39.0,,,100.0,1.0,99.0,2459.0,39.0,39.0,100.0,0.0,100.0,0.0,200,0,100.0,704.0,100.0,8151250712.0,100.0,6395956278.0
2018-01-18,ZCH06NGN,ST12000NM0007,12000138625024,0,82.0,155346304.0,98.0,0.0,100.0,2.0,100.0,0.0,79.0,89121020.0,98.0,1900.0,100.0,0.0,100.0,2.0,,,,,100.0,0.0,100.0,0.0,,,61.0,39.0,,,100.0,1.0,99.0,2460.0,39.0,39.0,100.0,0.0,100.0,0.0,200.0,0.0,100.0,719.0,100.0,8270801056.0,100.0,6533240102.0
2018-01-19,ZCH06NGN,ST12000NM0007,12000138625024,0,82.0,160428912.0,98.0,0.0,100.0,2.0,100.0,0.0,80.0,92484499.0,98.0,1923.0,100.0,0.0,100.0,2.0,,,,,100.0,0.0,100.0,0.0,,,62.0,38.0,,,100.0,1.0,99.0,2461.0,38.0,38.0,100.0,0.0,100.0,0.0,200.0,0.0,100.0,742.0,100.0,8538771392.0,100.0,6758633862.0
2018-01-20,ZCH06NGN,ST12000NM0007,12000138625024,0,83.0,188058272.0,98.0,0.0,100.0,2.0,100,0,80.0,95963044.0,98,1948,100.0,0.0,100,2,,,,,100.0,0.0,100.0,0.0,,,61.0,39.0,,,100.0,1.0,99.0,2463.0,39.0,39.0,100.0,0.0,100.0,0.0,200,0,100.0,766.0,100.0,8822310816.0,100.0,6991005254.0
2018-01-21,ZCH06NGN,ST12000NM0007,12000138625024,0,82.0,158571832.0,98.0,0.0,100.0,2.0,100,0,80.0,99282390.0,98,1972,100.0,0.0,100,2,,,,,100.0,0.0,100.0,0.0,,,62.0,38.0,,,100.0,1.0,99.0,2464.0,38.0,38.0,100.0,0.0,100.0,0.0,200,0,100.0,791.0,100.0,9066344016.0,100.0,7205767110.0
2018-01-22,ZCH06NGN,ST12000NM0007,12000138625024,0,78.0,62165472.0,98.0,0.0,100.0,2.0,100,0,80.0,102204739.0,98,1995,100.0,0.0,100,2,,,,,100.0,0.0,100.0,0.0,,,62.0,38.0,,,100.0,1.0,99.0,2465.0,38.0,38.0,100.0,0.0,100.0,0.0,200,0,100.0,814.0,100.0,9266902504.0,100.0,7397083646.0
2018-01-23,ZCH06NGN,ST12000NM0007,12000138625024,0,69.0,7174336.0,98.0,0.0,100.0,2.0,100,0,80.0,105356187.0,98,2019,100.0,0.0,100,2,,,,,100.0,0.0,100.0,0.0,,,63.0,37.0,,,100.0,1.0,99.0,2466.0,37.0,37.0,100.0,0.0,100.0,0.0,200,0,100.0,837.0,100.0,9483657944.0,100.0,7613618478.0
2018-01-24,ZCH06NGN,ST12000NM0007,12000138625024,0,82.0,153808168.0,98.0,0.0,100.0,2.0,100,0,80.0,110066090.0,98,2052,100.0,0.0,100,2,,,,,100.0,0.0,100.0,0.0,,,63.0,37.0,,,100.0,1.0,99.0,2467.0,37.0,37.0,100.0,0.0,100.0,0.0,200,0,100.0,870.0,100.0,9785332976.0,100.0,7946858558.0
2018-01-25,ZCH06NGN,ST12000NM0007,12000138625024,0,83.0,184692600.0,98.0,0.0,100.0,2.0,100,0,80.0,112103108.0,98,2068,100.0,0.0,100,2,,,,,100.0,0.0,100.0,0.0,,,61.0,39.0,,,100.0,1.0,99.0,2468.0,39.0,39.0,100.0,0.0,100.0,0.0,200,0,100.0,886.0,100.0,9930027936.0,100.0,8077188702.0
2018-01-26,ZCH06NGN,ST12000NM0007,12000138625024,0,80.0,97054448.0,98.0,0.0,100.0,2.0,100,0,81.0,115091305.0,98,2092,100.0,0.0,100,2,,,,,100.0,0.0,100.0,0.0,,,62.0,38.0,,,100.0,1.0,99.0,2469.0,38.0,38.0,100.0,0.0,100.0,0.0,200,0,100.0,910.0,100.0,10121485904.0,100.0,8286374230.0
2018-01-27,ZCH06NGN,ST12000NM0007,12000138625024,0,78.0,67045328.0,98.0,0.0,100.0,2.0,100,0,81.0,118300877.0,98,2117,100.0,0.0,100,2,,,,,100.0,0.0,100.0,0.0,,,62.0,38.0,,,100.0,1.0,99.0,2470.0,38.0,38.0,100.0,0.0,100.0,0.0,200,0,100.0,934.0,100.0,10306174400.0,100.0,8559958046.0
2018-01-28,ZCH06NGN,ST12000NM0007,12000138625024,0,76.0,36849208.0,98.0,0.0,100.0,2.0,100,0,81.0,121537601.0,98,2140,100.0,0.0,100,2,,,,,100.0,0.0,100.0,0.0,,,62.0,38.0,,,100.0,1.0,99.0,2471.0,38.0,38.0,100.0,0.0,100.0,0.0,200,0,100.0,958.0,100.0,10539281816.0,100.0,8784935934.0
2018-01-29,ZCH06NGN,ST12000NM0007,12000138625024,0,72.0,15654808.0,98.0,0.0,100.0,2.0,100,0,81.0,124797028.0,98,2164,100.0,0.0,100,2,,,,,100.0,0.0,100.0,0.0,,,62.0,38.0,,,100.0,2.0,99.0,2473.0,38.0,38.0,100.0,0.0,100.0,0.0,200,0,100.0,982.0,100.0,10774985520.0,100.0,9016319278.0
2018-01-30,ZCH06NGN,ST12000NM0007,12000138625024,0,81.0,117740784.0,98.0,0.0,100.0,2.0,100,0,81.0,129098267.0,98,2197,100.0,0.0,100,2,,,,,100.0,0.0,100.0,0.0,,,62.0,38.0,,,100.0,2.0,99.0,2474.0,38.0,38.0,100.0,0.0,100.0,0.0,200,0,100.0,1014.0,100.0,11077198592.0,100.0,9304473742.0
2018-01-31,ZCH06NGN,ST12000NM0007,12000138625024,0,76.0,40223080.0,98.0,0.0,100.0,2.0,100.0,0.0,81.0,132123672.0,98.0,2221.0,100.0,0.0,100.0,2.0,,,,,100.0,0.0,100.0,0.0,,,61.0,39.0,,,100.0,3.0,99.0,2475.0,39.0,39.0,100.0,0.0,100.0,0.0,200.0,0.0,100.0,1038.0,100.0,11243587176.0,100.0,9548848838.0
2018-02-01,ZCH06NGN,ST12000NM0007,12000138625024,0,73.0,22057992.0,98.0,0.0,100.0,2.0,100,0,81.0,135527093.0,98,2245,100.0,0.0,100,2,,,,,100.0,0.0,100.0,0.0,,,63.0,37.0,,,100.0,3.0,99.0,2476.0,37.0,37.0,100.0,0.0,100.0,0.0,200,0,100.0,1062.0,100.0,11457695304.0,100.0,9804857078.0
2018-02-02,ZCH06NGN,ST12000NM0007,12000138625024,0,83.0,221397832.0,98.0,0.0,100.0,2.0,100,0,81.0,138754716.0,98,2269,100.0,0.0,100,2,,,,,100.0,0.0,100.0,0.0,,,62.0,38.0,,,100.0,3.0,99.0,2477.0,38.0,38.0,100.0,0.0,100.0,0.0,200,0,100.0,1086.0,100.0,11672125432.0,100.0,10033907566.0
2018-02-03,ZCH06NGN,ST12000NM0007,12000138625024,0,82.0,175565888.0,98.0,0.0,100.0,2.0,100,0,82.0,141882876.0,98,2293,100.0,0.0,100,2,,,,,100.0,0.0,100.0,0.0,,,63.0,37.0,,,100.0,3.0,99.0,2478.0,37.0,37.0,100.0,0.0,100.0,0.0,200,0,100.0,1110.0,100.0,11879381184.0,100.0,10269101350.0
2018-02-04,ZCH06NGN,ST12000NM0007,12000138625024,0,80.0,108913424.0,98.0,0.0,100.0,2.0,100,0,82.0,144708894.0,98,2313,100.0,0.0,100,2,,,,,100.0,0.0,100.0,0.0,,,62.0,38.0,,,100.0,3.0,99.0,2479.0,38.0,38.0,100.0,0.0,100.0,0.0,200,0,100.0,1130.0,100.0,12073857048.0,100.0,10496254702.0
2018-02-05,ZCH06NGN,ST12000NM0007,12000138625024,0,80.0,110855488.0,98.0,0.0,100.0,2.0,100,0,82.0,148029532.0,98,2336,100.0,0.0,100,2,,,,,100.0,0.0,100.0,0.0,,,61.0,39.0,,,100.0,3.0,99.0,2480.0,39.0,39.0,100.0,0.0,100.0,0.0,200,0,100.0,1153.0,100.0,12310698600.0,100.0,10749636710.0
2018-02-06,ZCH06NGN,ST12000NM0007,12000138625024,0,82.0,177236928.0,98.0,0.0,100.0,2.0,100,0,82.0,151710966.0,98,2361,100.0,0.0,100,2,,,,,100.0,0.0,100.0,0.0,,,62.0,38.0,,,100.0,3.0,99.0,2481.0,38.0,38.0,100.0,0.0,100.0,0.0,200,0,100.0,1178.0,100.0,12600220536.0,100.0,11014777878.0
2018-02-07,ZCH06NGN,ST12000NM0007,12000138625024,0,83.0,203101760.0,98.0,0.0,100.0,2.0,100,0,82.0,155206265.0,98,2384,100.0,0.0,100,2,,,,,100.0,0.0,100.0,0.0,,,62.0,38.0,,,100.0,3.0,99.0,2482.0,38.0,38.0,100.0,0.0,100.0,0.0,200,0,100.0,1201.0,100.0,12818499200.0,100.0,11310645502.0
2018-02-08,ZCH06NGN,ST12000NM0007,12000138625024,0,84.0,235606296.0,98.0,0.0,100.0,2.0,100,0,82.0,158943087.0,98,2411,100.0,0.0,100,2,,,,,100.0,0.0,100.0,0.0,,,60.0,40.0,,,100.0,3.0,99.0,2483.0,40.0,40.0,100.0,0.0,100.0,0.0,200,0,100.0,1227.0,100.0,13061279752.0,100.0,11588651654.0
2018-02-09,ZCH06NGN,ST12000NM0007,12000138625024,0,83,221286184,98,0,100,2,100,0,82,162283880,98,2433,100,0,100,2,,,,,100.0,0.0,100.0,0.0,,,61.0,39.0,,,100.0,3.0,99.0,2484.0,39,39,100,0,100,0,200,0,100.0,1250.0,100.0,13303894648.0,100.0,11819998022.0
2018-02-10,ZCH06NGN,ST12000NM0007,12000138625024,0,78.0,70150464.0,98.0,0.0,100.0,2.0,100.0,0.0,82.0,166057118.0,98.0,2458.0,100.0,0.0,100.0,2.0,,,,,100.0,0.0,100.0,0.0,,,61.0,39.0,,,100.0,3.0,99.0,2485.0,39.0,39.0,100.0,0.0,100.0,0.0,200.0,0.0,100.0,1274.0,100.0,13609216432.0,100.0,12095962502.0
2018-02-11,ZCH06NGN,ST12000NM0007,12000138625024,0,82,142048136,98,0,100,2,100,0,82,169632753,98,2482,100,0,100,2,,,,,100.0,0.0,100.0,0.0,,,61.0,39.0,,,100.0,3.0,99.0,2486.0,39,39,100,0,100,0,200,0,100.0,1298.0,100.0,13895489176.0,100.0,12369868958.0
2018-02-12,ZCH06NGN,ST12000NM0007,12000138625024,0,82,157138696,98,0,100,2,100,0,82,172978506,98,2505,100,0,100,2,,,,,100.0,0.0,100.0,0.0,,,62.0,38.0,,,100.0,3.0,99.0,2487.0,38,38,100,0,100,0,200,0,100.0,1321.0,100.0,14141835264.0,100.0,12626895414.0
2018-02-13,ZCH06NGN,ST12000NM0007,12000138625024,0,81,137197768,98,0,100,2,100,0,82,176316029,98,2530,100,0,100,2,,,,,100.0,0.0,100.0,0.0,,,63.0,37.0,,,100.0,3.0,99.0,2488.0,37,37,100,0,100,0,200,0,100.0,1346.0,100.0,14359780016.0,100.0,12877291254.0
2018-02-14,ZCH06NGN,ST12000NM0007,12000138625024,0,78,67377568,98,0,100,2,100,0,83,179250461,98,2553,100,0,100,2,,,,,100.0,0.0,100.0,0.0,,,62.0,38.0,,,100.0,3.0,99.0,2489.0,38,38,100,0,100,0,200,0,100.0,1370.0,100.0,14563398976.0,100.0,13092133790.0
2018-02-15,ZCH06NGN,ST12000NM0007,12000138625024,0,82,160339384,98,0,100,2,100,0,83,182983301,98,2578,100,0,100,2,,,,,100.0,0.0,100.0,0.0,,,62.0,38.0,,,100.0,3.0,99.0,2490.0,38,38,100,0,100,0,200,0,100.0,1395.0,100.0,14839072584.0,100.0,13397703654.0
2018-02-16,ZCH06NGN,ST12000NM0007,12000138625024,0,81,127637488,98,0,100,2,100,0,83,186168250,98,2601,100,0,100,2,,,,,100.0,0.0,100.0,0.0,,,63.0,37.0,,,100.0,4.0,99.0,2491.0,37,37,100,0,100,0,200,0,100.0,1417.0,100.0,15039481344.0,100.0,13652874758.0
2018-02-17,ZCH06NGN,ST12000NM0007,12000138625024,0,81,139291872,98,0,100,2,100,0,83,189750722,98,2626,100,0,100,2,,,,,100.0,0.0,100.0,0.0,,,62.0,38.0,,,100.0,4.0,99.0,2492.0,38,38,100,0,100,0,200,0,100.0,1442.0,100.0,15287645832.0,100.0,13904645942.0
2018-02-18,ZCH06NGN,ST12000NM0007,12000138625024,0,82,169858320,98,0,100,2,100,0,83,193122141,97,2650,100,0,100,2,,,,,100.0,0.0,100.0,0.0,,,64.0,36.0,,,100.0,4.0,99.0,2493.0,36,36,100,0,100,0,200,0,100.0,1466.0,100.0,15509048160.0,100.0,14202091702.0
2018-02-19,ZCH06NGN,ST12000NM0007,12000138625024,0,83,189992448,98,0,100,2,100,0,83,196450245,97,2674,100,0,100,2,,,,,100.0,0.0,100.0,0.0,,,63.0,37.0,,,100.0,4.0,99.0,2494.0,37,37,100,0,100,0,200,0,100.0,1490.0,100.0,15773969992.0,100.0,14445585518.0
2018-02-20,ZCH06NGN,ST12000NM0007,12000138625024,0,83,185563384,98,0,100,2,100,0,83,199875450,97,2698,100,0,100,2,,,,,100.0,0.0,100.0,0.0,,,64.0,36.0,,,100.0,4.0,99.0,2495.0,36,36,100,0,100,0,200,0,100.0,1514.0,100.0,16023663984.0,100.0,14679745486.0
2018-02-21,ZCH06NGN,ST12000NM0007,12000138625024,0,73,20962624,98,0,100,2,100,0,83,203402328,97,2722,100,0,100,2,,,,,100.0,0.0,100.0,0.0,,,63.0,37.0,,,100.0,4.0,99.0,2496.0,37,37,100,0,100,0,200,0,100.0,1537.0,100.0,16314098160.0,100.0,14957132670.0
2018-02-22,ZCH06NGN,ST12000NM0007,12000138625024,0,78,64747952,98,0,100,2,100,0,83,206944705,97,2745,100,0,100,2,,,,,100.0,0.0,100.0,0.0,,,62.0,38.0,,,100.0,4.0,99.0,2497.0,38,38,100,0,100,0,200,0,100.0,1560.0,100.0,16602991904.0,100.0,15200306150.0
2018-02-23,ZCH06NGN,ST12000NM0007,12000138625024,0,80,107666168,98,0,100,2,100,0,83,210623771,97,2769,100,0,100,2,,,,,100.0,0.0,100.0,0.0,,,61.0,39.0,,,100.0,4.0,99.0,2498.0,39,39,100,0,100,0,200,0,100.0,1584.0,100.0,16855674456.0,100.0,15478823526.0
2018-02-24,ZCH06NGN,ST12000NM0007,12000138625024,0,81,137135280,98,0,100,2,100,0,83,214257597,97,2793,100,0,100,2,,,,,100.0,0.0,100.0,0.0,,,63.0,37.0,,,100.0,4.0,99.0,2499.0,37,37,100,0,100,0,200,0,100.0,1608.0,100.0,17083736632.0,100.0,15768511910.0
2018-02-25,ZCH06NGN,ST12000NM0007,12000138625024,0,79,81297152,98,0,100,2,100,0,83,217456419,97,2817,100,0,100,2,,,,,100.0,0.0,100.0,0.0,,,62.0,38.0,,,100.0,4.0,99.0,2500.0,38,38,100,0,100,0,200,0,100.0,1632.0,100.0,17266246480.0,100.0,16018445382.0
2018-02-26,ZCH06NGN,ST12000NM0007,12000138625024,0,82,145459720,98,0,100,2,100,0,83,221114474,97,2842,100,0,100,2,,,,,100.0,0.0,100.0,0.0,,,62.0,38.0,,,100.0,4.0,99.0,2501.0,38,38,100,0,100,0,200,0,100.0,1657.0,100.0,17519083120.0,100.0,16318052694.0
2018-02-27,ZCH06NGN,ST12000NM0007,12000138625024,0,82,171783256,98,0,100,2,100,0,84,224483406,97,2865,100,0,100,2,,,,,100.0,0.0,100.0,0.0,,,60.0,40.0,,,100.0,4.0,99.0,2502.0,40,40,100,0,100,0,200,0,100.0,1680.0,100.0,17780986720.0,100.0,16570754230.0
2018-02-28,ZCH06NGN,ST12000NM0007,12000138625024,0,82,162886744,98,0,100,2,100,0,84,227864614,97,2890,100,0,100,2,,,,,100.0,0.0,100.0,0.0,,,61.0,39.0,,,100.0,4.0,99.0,2503.0,39,39,100,0,100,0,200,0,100.0,1705.0,100.0,17991164408.0,100.0,16839961446.0
2018-03-01,ZCH06NGN,ST12000NM0007,12000138625024,0,82,144289856,98,0,100,2,100,0,84,231452420,97,2916,100,0,100,2,,,,,100.0,0.0,100.0,0.0,,,61.0,39.0,,,100.0,4.0,99.0,2504.0,39,39,100,0,100,0,200,0,100.0,1731.0,100.0,18204390480.0,100.0,17096419926.0
2018-03-02,ZCH06NGN,ST12000NM0007,12000138625024,0,80,95258000,98,0,100,2,100,0,84,234815742,97,2940,100,0,100,2,,,,,100.0,0.0,100.0,0.0,,,61.0,39.0,,,100.0,4.0,99.0,2505.0,39,39,100,0,100,0,200,0,100.0,1755.0,100.0,18391172808.0,100.0,17348887046.0
2018-03-03,ZCH06NGN,ST12000NM0007,12000138625024,0,74,27054208,98,0,100,2,100,0,84,238059054,97,2964,100,0,100,2,,,,,100.0,0.0,100.0,0.0,,,61.0,39.0,,,100.0,4.0,99.0,2506.0,39,39,100,0,100,0,200,0,100.0,1778.0,100.0,18577394464.0,100.0,17582743102.0
2018-03-04,ZCH06NGN,ST12000NM0007,12000138625024,0,84,231219792,98,0,100,2,100,0,84,241526872,97,2988,100,0,100,2,,,,,100.0,0.0,100.0,0.0,,,60.0,40.0,,,100.0,4.0,99.0,2507.0,40,40,100,0,100,0,200,0,100.0,1802.0,100.0,18752146832.0,100.0,17856297046.0
2018-03-05,ZCH06NGN,ST12000NM0007,12000138625024,0,82,145259080,98,0,100,2,100,0,84,244845250,97,3013,100,0,100,2,,,,,100.0,0.0,100.0,0.0,,,61.0,39.0,,,100.0,4.0,99.0,2508.0,39,39,100,0,100,0,200,0,100.0,1827.0,100.0,18922110712.0,100.0,18088653814.0
2018-03-06,ZCH06NGN,ST12000NM0007,12000138625024,0,84,242175608,98,0,100,2,100,0,84,247360086,97,3030,100,0,100,2,,,,,100.0,0.0,100.0,0.0,,,61.0,39.0,,,100.0,4.0,99.0,2509.0,39,39,100,0,100,0,200,0,100.0,1845.0,100.0,19086204040.0,100.0,18265617646.0
2018-03-07,ZCH06NGN,ST12000NM0007,12000138625024,0,83.0,215063120.0,98.0,0.0,100.0,2.0,100.0,0.0,84.0,250818398.0,97.0,3055.0,100.0,0.0,100.0,2.0,,,,,100.0,0.0,100.0,0.0,,,65.0,35.0,,,100.0,4.0,99.0,2510.0,35.0,35.0,100.0,0.0,100.0,0.0,200.0,0.0,100.0,1870.0,100.0,19281404144.0,100.0,18531586694.0
2018-03-08,ZCH06NGN,ST12000NM0007,12000138625024,0,83,217290840,98,0,100,2,100,0,84,254585145,97,3084,100,0,100,2,,,,,100.0,0.0,100.0,0.0,,,61.0,39.0,,,100.0,4.0,99.0,2511.0,39,39,100,0,100,0,200,0,100.0,1898.0,100.0,19474990200.0,100.0,18828509742.0
2018-03-09,ZCH06NGN,ST12000NM0007,12000138625024,0,81,118148104,98,0,100,2,100,0,84,257611201,97,3108,100,0,100,2,,,,,100.0,0.0,100.0,0.0,,,61.0,39.0,,,100.0,4.0,99.0,2512.0,39,39,100,0,100,0,200,0,100.0,1922.0,100.0,19632975992.0,100.0,19059662862.0
2018-03-10,ZCH06NGN,ST12000NM0007,12000138625024,0,77,49685792,98,0,100,2,100,0,84,260827402,97,3132,100,0,100,2,,,,,100.0,0.0,100.0,0.0,,,61.0,39.0,,,100.0,4.0,99.0,2513.0,39,39,100,0,100,0,200,0,100.0,1946.0,100.0,19815767248.0,100.0,19296690566.0
2018-03-11,ZCH06NGN,ST12000NM0007,12000138625024,0,83,178269592,98,0,100,2,100,0,84,263824396,97,3155,100,0,100,2,,,,,100.0,0.0,100.0,0.0,,,61.0,39.0,,,100.0,4.0,99.0,2514.0,39,39,100,0,100,0,200,0,100.0,1969.0,100.0,19972814448.0,100.0,19512368454.0
2018-03-12,ZCH06NGN,ST12000NM0007,12000138625024,0,82,174112048,98,0,100,2,100,0,84,267317493,97,3180,100,0,100,2,,,,,100.0,0.0,100.0,0.0,,,61.0,39.0,,,100.0,4.0,99.0,2515.0,39,39,100,0,100,0,200,0,100.0,1993.0,100.0,20162917344.0,100.0,19806389518.0
2018-03-13,ZCH06NGN,ST12000NM0007,12000138625024,0,80,101963016,98,0,100,2,100,0,84,270720494,97,3203,100,0,100,2,,,,,100.0,0.0,100.0,0.0,,,61.0,39.0,,,100.0,4.0,99.0,2516.0,39,39,100,0,100,0,200,0,100.0,2017.0,100.0,20343869160.0,100.0,20041570286.0
2018-03-14,ZCH06NGN,ST12000NM0007,12000138625024,0,83,212132168,98,0,100,2,100,0,84,273566578,97,3227,100,0,100,2,,,,,100.0,0.0,100.0,0.0,,,61.0,39.0,,,100.0,5.0,99.0,2517.0,39,39,100,0,100,0,200,0,100.0,2041.0,100.0,20477642400.0,100.0,20262106998.0
2018-03-15,ZCH06NGN,ST12000NM0007,12000138625024,0,81,131564408,98,0,100,2,100,0,84,276779638,97,3252,100,0,100,2,,,,,100.0,0.0,100.0,0.0,,,61.0,39.0,,,100.0,5.0,99.0,2519.0,39,39,100,0,100,0,200,0,100.0,2065.0,100.0,20633026112.0,100.0,20514436902.0
2018-03-16,ZCH06NGN,ST12000NM0007,12000138625024,0,67.0,4919288.0,98.0,0.0,100.0,2.0,100.0,0.0,84.0,279633640.0,97.0,3275.0,100.0,0.0,100.0,2.0,,,,,100.0,0.0,100.0,0.0,,,61.0,39.0,,,100.0,5.0,99.0,2520.0,39.0,39.0,100.0,0.0,100.0,0.0,200.0,0.0,100.0,2088.0,100.0,20784375168.0,100.0,20724724206.0
2018-03-17,ZCH06NGN,ST12000NM0007,12000138625024,0,75,34036920,98,0,100,2,100,0,85,283080112,97,3300,100,0,100,2,,,,,100.0,0.0,100.0,0.0,,,61.0,39.0,,,100.0,5.0,99.0,2521.0,39,39,100,0,100,0,200,0,100.0,2113.0,100.0,20997614680.0,100.0,21028883814.0
2018-03-18,ZCH06NGN,ST12000NM0007,12000138625024,0,83,208037912,98,0,100,2,100,0,85,286216108,97,3323,100,0,100,2,,,,,100.0,0.0,100.0,0.0,,,61.0,39.0,,,100.0,5.0,99.0,2522.0,39,39,100,0,100,0,200,0,100.0,2136.0,100.0,21190225912.0,100.0,21254414358.0
2018-03-19,ZCH06NGN,ST12000NM0007,12000138625024,0,82,173585880,98,0,100,2,100,0,85,289466548,97,3347,100,0,100,2,,,,,100.0,0.0,100.0,0.0,,,61.0,39.0,,,100.0,5.0,99.0,2523.0,39,39,100,0,100,0,200,0,100.0,2160.0,100.0,21368196816.0,100.0,21530273366.0
2018-03-20,ZCH06NGN,ST12000NM0007,12000138625024,0,81,120506760,98,0,100,2,100,0,85,292873413,97,3371,100,0,100,2,,,,,100.0,0.0,100.0,0.0,,,61.0,39.0,,,100.0,5.0,99.0,2524.0,39,39,100,0,100,0,200,0,100.0,2184.0,100.0,21564439464.0,100.0,21769233206.0
2018-03-21,ZCH06NGN,ST12000NM0007,12000138625024,0,76,36191480,98,0,100,2,100,0,85,295817103,97,3395,100,0,100,2,,,,,100.0,0.0,100.0,0.0,,,62.0,38.0,,,100.0,5.0,99.0,2525.0,38,38,100,0,100,0,200,0,100.0,2208.0,100.0,21719112024.0,100.0,22018526774.0
2018-03-22,ZCH06NGN,ST12000NM0007,12000138625024,0,81,136528048,98,0,100,2,100,0,85,298526784,97,3420,100,0,100,2,,,,,100.0,0.0,100.0,0.0,,,62.0,38.0,,,100.0,6.0,99.0,2526.0,38,38,100,0,100,0,200,0,100.0,2232.0,100.0,21857083208.0,100.0,22225032790.0
2018-03-23,ZCH06NGN,ST12000NM0007,12000138625024,0,69,8295192,98,0,100,2,100,0,85,301234837,97,3444,100,0,100,2,,,,,100.0,0.0,100.0,0.0,,,61.0,39.0,,,100.0,6.0,99.0,2527.0,39,39,100,0,100,0,200,0,100.0,2256.0,100.0,21987678232.0,100.0,22454486334.0
2018-03-24,ZCH06NGN,ST12000NM0007,12000138625024,0,80,100380584,98,0,100,2,100,0,85,303810140,97,3467,100,0,100,2,,,,,100.0,0.0,100.0,0.0,,,61.0,39.0,,,100.0,6.0,99.0,2528.0,39,39,100,0,100,0,200,0,100.0,2280.0,100.0,22109022784.0,100.0,22669367854.0
2018-03-25,ZCH06NGN,ST12000NM0007,12000138625024,0,82,169989272,98,0,100,2,100,0,85,306386988,97,3492,100,0,100,2,,,,,100.0,0.0,100.0,0.0,,,61.0,39.0,,,100.0,7.0,99.0,2529.0,39,39,100,0,100,0,200,0,100.0,2304.0,100.0,22229494760.0,100.0,22862645390.0
2018-03-26,ZCH06NGN,ST12000NM0007,12000138625024,0,73,21534152,98,0,100,2,100,0,85,309294013,96,3515,100,0,100,2,,,,,100.0,0.0,100.0,0.0,,,62.0,38.0,,,100.0,7.0,99.0,2530.0,38,38,100,0,100,0,200,0,100.0,2328.0,100.0,22351187696.0,100.0,23080778830.0
2018-03-27,ZCH06NGN,ST12000NM0007,12000138625024,0,80,103174592,98,0,100,2,100,0,85,311899197,96,3540,100,0,100,2,,,,,100.0,0.0,100.0,0.0,,,61.0,39.0,,,100.0,7.0,99.0,2531.0,39,39,100,0,100,0,200,0,100.0,2352.0,100.0,22473948648.0,100.0,23283799126.0
2018-03-28,ZCH06NGN,ST12000NM0007,12000138625024,0,83,214921864,98,0,100,2,100,0,85,314598315,96,3563,100,0,100,2,,,,,100.0,0.0,100.0,0.0,,,61.0,39.0,,,100.0,7.0,99.0,2532.0,39,39,100,0,100,0,200,0,100.0,2375.0,100.0,22598051904.0,100.0,23515583774.0
2018-03-29,ZCH06NGN,ST12000NM0007,12000138625024,0,80,110226504,98,0,100,2,100,0,85,317380408,96,3587,100,0,100,2,,,,,100.0,0.0,100.0,0.0,,,61.0,39.0,,,100.0,7.0,99.0,2534.0,39,39,100,0,100,0,200,0,100.0,2399.0,100.0,22736208288.0,100.0,23761013390.0
2018-03-30,ZCH06NGN,ST12000NM0007,12000138625024,0,82,176456792,98,0,100,2,100,0,85,319772157,96,3611,100,0,100,2,,,,,100.0,0.0,100.0,0.0,,,61.0,39.0,,,100.0,7.0,99.0,2535.0,39,39,100,0,100,0,200,0,100.0,2423.0,100.0,22840325832.0,100.0,23967266998.0
2018-03-31,ZCH06NGN,ST12000NM0007,12000138625024,0,78,62547216,98,0,100,2,100,0,85,322676177,96,3636,100,0,100,2,,,,,100.0,0.0,100.0,0.0,,,61.0,39.0,,,100.0,8.0,99.0,2536.0,39,39,100,0,100,0,200,0,100.0,2447.0,100.0,22969247520.0,100.0,24212717222.0
2018-04-01,ZCH06NGN,ST12000NM0007,12000138625024,0,84,234791856,98,0,100,2,100,0,85,325695983,96,3659,100,0,100,2,,,,,100.0,0.0,100.0,0.0,,,61.0,39.0,,,100.0,9.0,99.0,2537.0,39,39,100,0,100,0,200,0,100.0,2470.0,100.0,23131255856.0,100.0,24467094326.0
2018-04-02,ZCH06NGN,ST12000NM0007,12000138625024,0,82,152478888,98,0,100,2,100,0,85,328871327,96,3683,100,0,100,2,,,,,100.0,0.0,100.0,0.0,,,61.0,39.0,,,100.0,9.0,99.0,2538.0,39,39,100,0,100,0,200,0,100.0,2495.0,100.0,23275196776.0,100.0,24729122126.0
2018-04-03,ZCH06NGN,ST12000NM0007,12000138625024,0,74,25286992,98,0,100,2,100,0,85,331723306,96,3707,100,0,100,2,,,,,100.0,0.0,100.0,0.0,,,61.0,39.0,,,100.0,9.0,99.0,2539.0,39,39,100,0,100,0,200,0,100.0,2519.0,100.0,23443150544.0,100.0,24922257854.0
2018-04-04,ZCH06NGN,ST12000NM0007,12000138625024,0,82,164686544,98,0,100,2,100,0,85,334819557,96,3732,100,0,100,2,,,,,100.0,0.0,100.0,0.0,,,61.0,39.0,,,100.0,9.0,99.0,2540.0,39,39,100,0,100,0,200,0,100.0,2543.0,100.0,23629232440.0,100.0,25119716334.0
2018-04-05,ZCH06NGN,ST12000NM0007,12000138625024,0,71,13601632,98,0,100,2,100,0,85,337527952,96,3755,100,0,100,2,,,,,100.0,0.0,100.0,0.0,,,61.0,39.0,,,100.0,10.0,99.0,2541.0,39,39,100,0,100,0,200,0,100.0,2566.0,100.0,23777223936.0,100.0,25308921350.0
2018-04-06,ZCH06NGN,ST12000NM0007,12000138625024,0,77,54618408,98,0,100,2,100,0,85,340057702,96,3779,100,0,100,2,,,,,100.0,0.0,100.0,0.0,,,61.0,39.0,,,100.0,10.0,99.0,2542.0,39,39,100,0,100,0,200,0,100.0,2590.0,100.0,23903048568.0,100.0,25468254438.0
2018-04-07,ZCH06NGN,ST12000NM0007,12000138625024,0,82.0,153286656.0,98.0,0.0,100.0,2.0,100.0,0.0,85.0,342918584.0,96.0,3804.0,100.0,0.0,100.0,2.0,,,,,100.0,0.0,100.0,0.0,,,61.0,39.0,,,100.0,10.0,99.0,2543.0,39.0,39.0,100.0,0.0,100.0,0.0,200.0,0.0,100.0,2615.0,100.0,24036256256.0,100.0,25677855774.0
2018-04-08,ZCH06NGN,ST12000NM0007,12000138625024,0,82,175753248,98,0,100,2,100,0,85,345366340,96,3827,100,0,100,2,,,,,100.0,0.0,100.0,0.0,,,61.0,39.0,,,100.0,11.0,99.0,2544.0,39,39,100,0,100,0,200,0,100.0,2638.0,100.0,24153744064.0,100.0,25826975502.0
2018-04-09,ZCH06NGN,ST12000NM0007,12000138625024,0,77,54143376,98,0,100,2,100,0,85,348384709,96,3851,100,0,100,2,,,,,100.0,0.0,100.0,0.0,,,61.0,39.0,,,100.0,11.0,99.0,2545.0,39,39,100,0,100,0,200,0,100.0,2662.0,100.0,24274100496.0,100.0,26073290798.0
2018-04-10,ZCH06NGN,ST12000NM0007,12000138625024,0,82,146189056,98,0,100,2,100,0,85,350963725,96,3875,100,0,100,2,,,,,100.0,0.0,100.0,0.0,,,63.0,37.0,,,100.0,11.0,99.0,2546.0,37,37,100,0,100,0,200,0,100.0,2686.0,100.0,24387761632.0,100.0,26295816046.0
2018-04-11,ZCH06NGN,ST12000NM0007,12000138625024,0,77,46509664,98,0,100,2,100,0,85,353866959,96,3900,100,0,100,2,,,,,100.0,0.0,100.0,0.0,,,62.0,38.0,,,100.0,11.0,99.0,2547.0,38,38,100,0,100,0,200,0,100.0,2711.0,100.0,24521685368.0,100.0,26550494702.0
2018-04-12,ZCH06NGN,ST12000NM0007,12000138625024,0,80,92411944,98,0,100,2,100,0,86,356258096,96,3923,100,0,100,2,,,,,100.0,0.0,100.0,0.0,,,61.0,39.0,,,100.0,12.0,99.0,2550.0,39,39,100,0,100,0,200,0,100.0,2734.0,100.0,24630398432.0,100.0,26731824750.0
2018-04-13,ZCH06NGN,ST12000NM0007,12000138625024,0,84,226237440,98,0,100,2,100,0,86,359108622,96,3949,100,0,100,2,,,,,100.0,0.0,100.0,0.0,,,62.0,38.0,,,100.0,12.0,99.0,2551.0,38,38,100,0,100,0,200,0,100.0,2759.0,100.0,24776886424.0,100.0,26963302958.0
2018-04-14,ZCH06NGN,ST12000NM0007,12000138625024,0,79,87756232,98,0,100,2,100,0,86,361962256,96,3972,100,0,100,2,,,,,100.0,0.0,100.0,0.0,,,62.0,38.0,,,100.0,12.0,99.0,2552.0,38,38,100,0,100,0,200,0,100.0,2783.0,100.0,24912856360.0,100.0,27177133326.0
2018-04-15,ZCH06NGN,ST12000NM0007,12000138625024,0,82,151949168,98,0,100,2,100,0,86,364449630,96,3996,100,0,100,2,,,,,100.0,0.0,100.0,0.0,,,62.0,38.0,,,100.0,13.0,99.0,2553.0,38,38,100,0,100,0,200,0,100.0,2806.0,100.0,25024817368.0,100.0,27373507790.0
2018-04-16,ZCH06NGN,ST12000NM0007,12000138625024,0,76,43481696,98,0,100,2,100,0,86,367585345,96,4021,100,0,100,2,,,,,100.0,0.0,100.0,0.0,,,62.0,38.0,,,100.0,13.0,99.0,2554.0,38,38,100,0,100,0,200,0,100.0,2831.0,100.0,25159334720.0,100.0,27618804310.0
2018-04-17,ZCH06NGN,ST12000NM0007,12000138625024,0,80,107547648,98,0,100,2,100,0,86,369994165,96,4044,100,0,100,2,,,,,100.0,0.0,100.0,0.0,,,62.0,38.0,,,100.0,13.0,99.0,2555.0,38,38,100,0,100,0,200,0,100.0,2854.0,100.0,25257215976.0,100.0,27829129782.0
2018-04-18,ZCH06NGN,ST12000NM0007,12000138625024,0,83,187659992,98,0,100,2,100,0,86,372510604,96,4068,100,0,100,2,,,,,100.0,0.0,100.0,0.0,,,62.0,38.0,,,100.0,13.0,99.0,2556.0,38,38,100,0,100,0,200,0,100.0,2878.0,100.0,25342521224.0,100.0,28068077718.0
2018-04-19,ZCH06NGN,ST12000NM0007,12000138625024,0,83,200032362,97,0,100,3,100,0,86,374451686,96,4090,100,0,100,2,,,,,100.0,0.0,100.0,0.0,,,62.0,38.0,,,100.0,13.0,99.0,2561.0,38,38,100,0,100,0,200,0,100.0,2900.0,100.0,25405846712.0,100.0,28261265352.0
2018-04-20,ZCH06NGN,ST12000NM0007,12000138625024,0,84,241957592,97,0,100,3,100,0,86,376770916,96,4114,100,0,100,2,,,,,100.0,0.0,100.0,0.0,,,62.0,38.0,,,100.0,13.0,99.0,2562.0,38,38,100,0,100,0,200,0,100.0,2923.0,100.0,25499855920.0,100.0,28453322080.0
2018-04-21,ZCH06NGN,ST12000NM0007,12000138625024,0,81,112242896,97,0,100,3,100,0,86,379517274,96,4138,100,0,100,2,,,,,100.0,0.0,100.0,0.0,,,62.0,38.0,,,100.0,13.0,99.0,2563.0,38,38,100,0,100,0,200,0,100.0,2947.0,100.0,25620128608.0,100.0,28691616096.0
2018-04-22,ZCH06NGN,ST12000NM0007,12000138625024,0,83,194721912,97,0,100,3,100,0,86,382068604,96,4163,100,0,100,2,,,,,100.0,0.0,100.0,0.0,,,62.0,38.0,,,100.0,13.0,99.0,2564.0,38,38,100,0,100,0,200,0,100.0,2972.0,100.0,25717786592.0,100.0,28920577952.0
2018-04-23,ZCH06NGN,ST12000NM0007,12000138625024,0,76,41312224,97,0,100,3,100,0,86,384877193,96,4186,100,0,100,2,,,,,100.0,0.0,100.0,0.0,,,63.0,37.0,,,100.0,13.0,99.0,2565.0,37,37,100,0,100,0,200,0,100.0,2995.0,100.0,25820655928.0,100.0,29152580296.0
2018-04-24,ZCH06NGN,ST12000NM0007,12000138625024,0,81,127207232,97,0,100,3,100,0,86,387457618,96,4210,100,0,100,2,,,,,100.0,0.0,100.0,0.0,,,62.0,38.0,,,100.0,14.0,99.0,2566.0,38,38,100,0,100,0,200,0,100.0,3019.0,100.0,25925014312.0,100.0,29378257592.0
2018-04-25,ZCH06NGN,ST12000NM0007,12000138625024,0,83,217969032,97,0,100,3,100,0,86,389943146,96,4234,100,0,100,2,,,,,100.0,0.0,100.0,0.0,,,62.0,38.0,,,100.0,14.0,99.0,2567.0,38,38,100,0,100,0,200,0,100.0,3043.0,100.0,26011868944.0,100.0,29626305472.0
2018-04-26,ZCH06NGN,ST12000NM0007,12000138625024,0,84,227472936,97,0,100,3,100,0,86,391979479,96,4255,100,0,100,2,,,,,100.0,0.0,100.0,0.0,,,62.0,38.0,,,100.0,15.0,99.0,2568.0,38,38,100,0,100,0,200,0,100.0,3064.0,100.0,26088253024.0,100.0,29803565928.0
2018-04-27,ZCH06NGN,ST12000NM0007,12000138625024,0,84,235441280,97,0,100,3,100,0,86,394434685,96,4280,100,0,100,2,,,,,100.0,0.0,100.0,0.0,,,62.0,38.0,,,100.0,15.0,99.0,2569.0,38,38,100,0,100,0,200,0,100.0,3088.0,100.0,26190857672.0,100.0,29953079080.0
2018-04-28,ZCH06NGN,ST12000NM0007,12000138625024,0,81,114145784,97,0,100,3,100,0,86,397092974,96,4303,100,0,100,2,,,,,100.0,0.0,100.0,0.0,,,62.0,38.0,,,100.0,15.0,99.0,2570.0,38,38,100,0,100,0,200,0,100.0,3112.0,100.0,26274342720.0,100.0,30236579832.0
2018-04-29,ZCH06NGN,ST12000NM0007,12000138625024,0,84,230120720,97,0,100,3,100,0,86,400121919,96,4328,100,0,100,2,,,,,100.0,0.0,100.0,0.0,,,62.0,38.0,,,100.0,15.0,99.0,2571.0,38,38,100,0,100,0,200,0,100.0,3136.0,100.0,26375881160.0,100.0,30495157200.0
2018-04-30,ZCH06NGN,ST12000NM0007,12000138625024,0,73,21660448,97,0,100,3,100,0,86,402324468,96,4351,100,0,100,2,,,,,100.0,0.0,100.0,0.0,,,62.0,38.0,,,100.0,15.0,99.0,2572.0,38,38,100,0,100,0,200,0,100.0,3159.0,100.0,26453325144.0,100.0,30697534520.0
2018-05-01,ZCH06NGN,ST12000NM0007,12000138625024,0,78,69934056,97,0,100,3,100,0,86,404716382,96,4376,100,0,100,2,,,,,100.0,0.0,100.0,0.0,,,62.0,38.0,,,100.0,16.0,99.0,2573.0,38,38,100,0,100,0,200,0,100.0,3184.0,100.0,26542780440.0,100.0,30900493512.0
2018-05-02,ZCH06NGN,ST12000NM0007,12000138625024,0,82.0,165261648.0,97.0,0.0,100.0,3.0,100.0,0.0,86.0,407350243.0,95.0,4400.0,100.0,0.0,100.0,2.0,,,,,100.0,0.0,100.0,0.0,,,62.0,38.0,,,100.0,17.0,99.0,2574.0,38.0,38.0,100.0,0.0,100.0,0.0,200.0,0.0,100.0,3208.0,100.0,26643147856.0,100.0,31139594360.0
2018-05-03,ZCH06NGN,ST12000NM0007,12000138625024,0,75,30977504,97,0,100,3,100,0,86,410089898,95,4428,100,0,100,2,,,,,100.0,0.0,100.0,0.0,,,62.0,38.0,,,100.0,18.0,99.0,2576.0,38,38,100,0,100,0,200,0,100.0,3235.0,100.0,26736646808.0,100.0,31400092536.0
2018-05-04,ZCH06NGN,ST12000NM0007,12000138625024,0,79,73882424,97,0,100,3,100,0,86,412402874,95,4451,100,0,100,2,,,,,100.0,0.0,100.0,0.0,,,62.0,38.0,,,100.0,19.0,99.0,2577.0,38,38,100,0,100,0,200,0,100.0,3259.0,100.0,26813092384.0,100.0,31610692512.0
2018-05-05,ZCH06NGN,ST12000NM0007,12000138625024,0,81,134385608,97,0,100,3,100,0,86,415211172,95,4475,100,0,100,2,,,,,100.0,0.0,100.0,0.0,,,62.0,38.0,,,100.0,19.0,99.0,2578.0,38,38,100,0,100,0,200,0,100.0,3283.0,100.0,26886849472.0,100.0,31841579384.0
2018-05-06,ZCH06NGN,ST12000NM0007,12000138625024,0,83,181494504,97,0,100,3,100,0,86,417675504,95,4500,100,0,100,2,,,,,100.0,0.0,100.0,0.0,,,61.0,39.0,,,100.0,19.0,99.0,2579.0,39,39,100,0,100,0,200,0,100.0,3307.0,100.0,26962717952.0,100.0,32056960440.0
2018-05-07,ZCH06NGN,ST12000NM0007,12000138625024,0,82,171350440,97,0,100,3,100,0,86,419447017,95,4523,100,0,100,2,,,,,100.0,0.0,100.0,0.0,,,62.0,38.0,,,100.0,19.0,99.0,2580.0,38,38,100,0,100,0,200,0,100.0,3331.0,100.0,27012661088.0,100.0,32241014280.0
2018-05-08,ZCH06NGN,ST12000NM0007,12000138625024,0,100,573776,97,0,100,3,100,0,86,422015291,95,4548,100,0,100,2,,,,,100.0,0.0,100.0,0.0,,,62.0,38.0,,,100.0,20.0,99.0,2581.0,38,38,100,0,100,0,200,0,100.0,3355.0,100.0,27086139616.0,100.0,32485040840.0
2018-05-09,ZCH06NGN,ST12000NM0007,12000138625024,0,79,82446928,97,0,100,3,100,0,86,424781178,95,4571,100,0,100,2,,,,,100.0,0.0,100.0,0.0,,,62.0,38.0,,,100.0,20.0,99.0,2582.0,38,38,100,0,100,0,200,0,100.0,3379.0,100.0,27180662728.0,100.0,32716531752.0
2018-05-10,ZCH06NGN,ST12000NM0007,12000138625024,0,82,145483640,97,0,100,3,100,0,86,427382120,95,4595,100,0,100,2,,,,,100.0,0.0,100.0,0.0,,,62.0,38.0,,,100.0,20.0,99.0,2584.0,38,38,100,0,100,0,200,0,100.0,3402.0,100.0,27268082808.0,100.0,32936289192.0
2018-05-11,ZCH06NGN,ST12000NM0007,12000138625024,0,84,235608848,97,0,100,3,100,0,86,430163505,95,4620,100,0,100,2,,,,,100.0,0.0,100.0,0.0,,,62.0,38.0,,,100.0,21.0,99.0,2585.0,38,38,100,0,100,0,200,0,100.0,3427.0,100.0,27372260704.0,100.0,33166377240.0
2018-05-12,ZCH06NGN,ST12000NM0007,12000138625024,0,80,94006272,97,0,100,3,100,0,86,433035117,95,4644,100,0,100,2,,,,,100.0,0.0,100.0,0.0,,,62.0,38.0,,,100.0,21.0,99.0,2586.0,38,38,100,0,100,0,200,0,100.0,3450.0,100.0,27480611720.0,100.0,33404705280.0
2018-05-13,ZCH06NGN,ST12000NM0007,12000138625024,0,81,131370072,97,0,100,3,100,0,86,435864142,95,4668,100,0,100,2,,,,,100.0,0.0,100.0,0.0,,,62.0,38.0,,,100.0,22.0,99.0,2587.0,38,38,100,0,100,0,200,0,100.0,3475.0,100.0,27574260096.0,100.0,33592561472.0
2018-05-14,ZCH06NGN,ST12000NM0007,12000138625024,0,81,135370712,97,0,100,3,100,0,86,438136916,95,4692,100,0,100,2,,,,,100.0,0.0,100.0,0.0,,,62.0,38.0,,,100.0,22.0,99.0,2588.0,38,38,100,0,100,0,200,0,100.0,3498.0,100.0,27649236408.0,100.0,33765726664.0
2018-05-15,ZCH06NGN,ST12000NM0007,12000138625024,0,82.0,165572936.0,97.0,0.0,100.0,3.0,100.0,0.0,86.0,440608161.0,95.0,4716.0,100.0,0.0,100.0,2.0,,,,,100.0,0.0,100.0,0.0,,,62.0,38.0,,,100.0,22.0,99.0,2589.0,38.0,38.0,100.0,0.0,100.0,0.0,200.0,0.0,100.0,3523.0,100.0,27716547256.0,100.0,33972758880.0
2018-05-16,ZCH06NGN,ST12000NM0007,12000138625024,0,100,1993992,97,0,100,3,100,0,86,443262256,95,4740,100,0,100,2,,,,,100.0,0.0,100.0,0.0,,,62.0,38.0,,,100.0,22.0,99.0,2590.0,38,38,100,0,100,0,200,0,100.0,3546.0,100.0,27793671240.0,100.0,34220337408.0
2018-05-17,ZCH06NGN,ST12000NM0007,12000138625024,0,75,29544920,97,0,100,3,100,0,86,445689875,95,4763,100,0,100,2,,,,,100.0,0.0,100.0,0.0,,,63.0,37.0,,,100.0,22.0,99.0,2591.0,37,37,100,0,100,0,200,0,100.0,3570.0,100.0,27873566968.0,100.0,34412133248.0
2018-05-18,ZCH06NGN,ST12000NM0007,12000138625024,0,77,47410024,97,0,100,3,100,0,87,448107350,95,4788,100,0,100,2,,,,,100.0,0.0,100.0,0.0,,,62.0,38.0,,,100.0,23.0,99.0,2592.0,38,38,100,0,100,0,200,0,100.0,3594.0,100.0,27962799760.0,100.0,34584906192.0
2018-05-19,ZCH06NGN,ST12000NM0007,12000138625024,0,81,135353616,97,0,100,3,100,0,87,450971157,95,4811,100,0,100,2,,,,,100.0,0.0,100.0,0.0,,,61.0,39.0,,,100.0,23.0,99.0,2593.0,39,39,100,0,100,0,200,0,100.0,3617.0,100.0,28065345832.0,100.0,34814444384.0
2018-05-20,ZCH06NGN,ST12000NM0007,12000138625024,0,83,189728424,97,0,100,3,100,0,87,453794689,95,4836,100,0,100,2,,,,,100.0,0.0,100.0,0.0,,,62.0,38.0,,,100.0,24.0,99.0,2594.0,38,38,100,0,100,0,200,0,100.0,3641.0,100.0,28152700552.0,100.0,35025605184.0
2018-05-21,ZCH06NGN,ST12000NM0007,12000138625024,0,83,223728272,97,0,100,3,100,0,87,456145000,95,4859,100,0,100,2,,,,,100.0,0.0,100.0,0.0,,,62.0,38.0,,,100.0,25.0,99.0,2595.0,38,38,100,0,100,0,200,0,100.0,3665.0,100.0,28223422176.0,100.0,35233024176.0
2018-05-22,ZCH06NGN,ST12000NM0007,12000138625024,0,77,52820704,97,0,100,3,100,0,87,458824528,95,4884,100,0,100,2,,,,,100.0,0.0,100.0,0.0,,,62.0,38.0,,,100.0,26.0,99.0,2596.0,38,38,100,0,100,0,200,0,100.0,3689.0,100.0,28311058432.0,100.0,35462761640.0
2018-05-23,ZCH06NGN,ST12000NM0007,12000138625024,0,82,173123352,97,0,100,3,100,0,87,461726096,95,4907,100,0,100,2,,,,,100.0,0.0,100.0,0.0,,,62.0,38.0,,,100.0,26.0,99.0,2597.0,38,38,100,0,100,0,200,0,100.0,3712.0,100.0,28412024896.0,100.0,35726238576.0
2018-05-24,ZCH06NGN,ST12000NM0007,12000138625024,0,84,227369896,97,0,100,3,100,0,87,464277917,95,4931,100,0,100,2,,,,,100.0,0.0,100.0,0.0,,,62.0,38.0,,,100.0,27.0,99.0,2598.0,38,38,100,0,100,0,200,0,100.0,3737.0,100.0,28500981544.0,100.0,35935669344.0
2018-05-25,ZCH06NGN,ST12000NM0007,12000138625024,0,76,38682240,97,0,100,3,100,0,87,466718916,95,4955,100,0,100,2,,,,,100.0,0.0,100.0,0.0,,,62.0,38.0,,,100.0,28.0,99.0,2599.0,38,38,100,0,100,0,200,0,100.0,3760.0,100.0,28587201440.0,100.0,36149043312.0
2018-05-26,ZCH06NGN,ST12000NM0007,12000138625024,0,74,24384016,97,0,100,3,100,0,87,468666260,95,4973,100,0,100,2,,,,,100.0,0.0,100.0,0.0,,,62.0,38.0,,,100.0,28.0,99.0,2600.0,38,38,100,0,100,0,200,0,100.0,3778.0,100.0,28648840240.0,100.0,36317247152.0
2018-05-27,ZCH06NGN,ST12000NM0007,12000138625024,0,79,74813800,97,0,100,3,100,0,87,471252363,95,4998,100,0,100,2,,,,,100.0,0.0,100.0,0.0,,,62.0,38.0,,,100.0,28.0,99.0,2601.0,38,38,100,0,100,0,200,0,100.0,3802.0,100.0,28723999208.0,100.0,36536658728.0
2018-05-28,ZCH06NGN,ST12000NM0007,12000138625024,0,81,116094440,97,0,100,3,100,0,87,473610475,95,5022,100,0,100,2,,,,,100.0,0.0,100.0,0.0,,,61.0,39.0,,,100.0,28.0,99.0,2602.0,39,39,100,0,100,0,200,0,100.0,3827.0,100.0,28800040048.0,100.0,36746039184.0
2018-05-29,ZCH06NGN,ST12000NM0007,12000138625024,0,82,141481968,97,0,100,3,100,0,87,475755957,95,5046,100,0,100,2,,,,,100.0,0.0,100.0,0.0,,,61.0,39.0,,,100.0,29.0,99.0,2603.0,39,39,100,0,100,0,200,0,100.0,3850.0,100.0,28868685144.0,100.0,36946922944.0
2018-05-30,ZCH06NGN,ST12000NM0007,12000138625024,0,83,214010712,97,0,100,3,100,0,87,478234519,95,5070,100,0,100,2,,,,,100.0,0.0,100.0,0.0,,,61.0,39.0,,,100.0,29.0,99.0,2604.0,39,39,100,0,100,0,200,0,100.0,3874.0,100.0,28941987056.0,100.0,37190290464.0
2018-05-31,ZCH06NGN,ST12000NM0007,12000138625024,0,84,237152096,97,0,100,3,100,0,87,480373061,95,5093,100,0,100,2,,,,,100.0,0.0,100.0,0.0,,,62.0,38.0,,,100.0,29.0,99.0,2605.0,38,38,100,0,100,0,200,0,100.0,3898.0,100.0,29010251840.0,100.0,37389307824.0
2018-06-01,ZCH06NGN,ST12000NM0007,12000138625024,0,77,49883480,97,0,100,3,100,0,87,482833785,95,5118,100,0,100,2,,,,,100.0,0.0,100.0,0.0,,,61.0,39.0,,,100.0,29.0,99.0,2606.0,39,39,100,0,100,0,200,0,100.0,3922.0,100.0,29095598032.0,100.0,37604974368.0
2018-06-02,ZCH06NGN,ST12000NM0007,12000138625024,0,81,123440960,97,0,100,3,100,0,87,485630492,95,5142,100,0,100,2,,,,,100.0,0.0,100.0,0.0,,,62.0,38.0,,,100.0,30.0,99.0,2608.0,38,38,100,0,100,0,200,0,100.0,3945.0,100.0,29170919168.0,100.0,37847351728.0
2018-06-03,ZCH06NGN,ST12000NM0007,12000138625024,0,83,199303584,97,0,100,3,100,0,87,488281907,95,5166,100,0,100,2,,,,,100.0,0.0,100.0,0.0,,,61.0,39.0,,,100.0,31.0,99.0,2609.0,39,39,100,0,100,0,200,0,100.0,3969.0,100.0,29267857104.0,100.0,38070417048.0
2018-06-04,ZCH06NGN,ST12000NM0007,12000138625024,0,83,211224344,97,0,100,3,100,0,87,490445376,95,5189,100,0,100,2,,,,,100.0,0.0,100.0,0.0,,,61.0,39.0,,,100.0,31.0,99.0,2609.0,39,39,100,0,100,0,200,0,100.0,3993.0,100.0,29342557696.0,100.0,38251777968.0
2018-06-05,ZCH06NGN,ST12000NM0007,12000138625024,0,76,39795680,97,0,100,3,100,0,87,492930892,95,5214,100,0,100,2,,,,,100.0,0.0,100.0,0.0,,,61.0,39.0,,,100.0,31.0,99.0,2611.0,39,39,100,0,100,0,200,0,100.0,4017.0,100.0,29417148632.0,100.0,38494039960.0
2018-06-06,ZCH06NGN,ST12000NM0007,12000138625024,0,82,164146160,97,0,100,3,100,0,87,495707473,95,5238,100,0,100,2,,,,,100.0,0.0,100.0,0.0,,,61.0,39.0,,,100.0,31.0,99.0,2611.0,39,39,100,0,100,0,200,0,100.0,4041.0,100.0,29525063320.0,100.0,38754616632.0
2018-06-07,ZCH06NGN,ST12000NM0007,12000138625024,0,83,212386752,97,0,100,3,100,0,87,497973045,94,5262,100,0,100,2,,,,,100.0,0.0,100.0,0.0,,,62.0,38.0,,,100.0,32.0,99.0,2612.0,38,38,100,0,100,0,200,0,100.0,4065.0,100.0,29612574824.0,100.0,38959486360.0
2018-06-08,ZCH06NGN,ST12000NM0007,12000138625024,0,75,34072232,97,0,100,3,100,0,87,500570057,94,5286,100,0,100,2,,,,,100.0,0.0,100.0,0.0,,,61.0,39.0,,,100.0,32.0,99.0,2613.0,39,39,100,0,100,0,200,0,100.0,4089.0,100.0,29719242056.0,100.0,39162786328.0
2018-06-09,ZCH06NGN,ST12000NM0007,12000138625024,0,81,125737688,97,0,100,3,100,0,87,503365892,94,5309,100,0,100,2,,,,,100.0,0.0,100.0,0.0,,,62.0,38.0,,,100.0,32.0,99.0,2614.0,38,38,100,0,100,0,200,0,100.0,4112.0,100.0,29800115800.0,100.0,39417718968.0
2018-06-10,ZCH06NGN,ST12000NM0007,12000138625024,0,81,127591584,97,0,100,3,100,0,87,505621166,94,5334,100,0,100,2,,,,,100.0,0.0,100.0,0.0,,,61.0,39.0,,,100.0,32.0,99.0,2615.0,39,39,100,0,100,0,200,0,100.0,4137.0,100.0,29871501472.0,100.0,39592327896.0
2018-06-11,ZCH06NGN,ST12000NM0007,12000138625024,0,82,145344944,97,0,100,3,100,0,87,507858482,94,5358,100,0,100,2,,,,,100.0,0.0,100.0,0.0,,,61.0,39.0,,,100.0,32.0,99.0,2616.0,39,39,100,0,100,0,200,0,100.0,4161.0,100.0,29940725744.0,100.0,39784997904.0
2018-06-12,ZCH06NGN,ST12000NM0007,12000138625024,0,82,161067176,97,0,100,3,100,0,87,510037006,94,5382,100,0,100,2,,,,,100.0,0.0,100.0,0.0,,,61.0,39.0,,,100.0,32.0,99.0,2617.0,39,39,100,0,100,0,200,0,100.0,4184.0,100.0,30014155840.0,100.0,39971430768.0
2018-06-13,ZCH06NGN,ST12000NM0007,12000138625024,0,83,207659288,97,0,100,3,100,0,87,512471579,94,5406,100,0,100,2,,,,,100.0,0.0,100.0,0.0,,,61.0,39.0,,,100.0,33.0,99.0,2618.0,39,39,100,0,100,0,200,0,100.0,4209.0,100.0,30103866320.0,100.0,40172453208.0
2018-06-14,ZCH06NGN,ST12000NM0007,12000138625024,0,79,86385000,97,0,100,3,100,0,87,515695844,94,5437,100,0,100,2,,,,,100.0,0.0,100.0,0.0,,,62.0,38.0,,,100.0,33.0,99.0,2621.0,38,38,100,0,100,0,200,0,100.0,4239.0,100.0,30219354232.0,100.0,40423972512.0
2018-06-15,ZCH06NGN,ST12000NM0007,12000138625024,0,83.0,182834808.0,97.0,0.0,100.0,3.0,100.0,0.0,87.0,518685719.0,94.0,5462.0,100.0,0.0,100.0,2.0,,,,,100.0,0.0,100.0,0.0,,,62.0,38.0,,,100.0,33.0,99.0,2622.0,38.0,38.0,100.0,0.0,100.0,0.0,200.0,0.0,100.0,4263.0,100.0,30309604328.0,100.0,40674312992.0
2018-06-16,ZCH06NGN,ST12000NM0007,12000138625024,0,83.0,217867600.0,97.0,0.0,100.0,3.0,100.0,0.0,87.0,521150540.0,94.0,5485.0,100.0,0.0,100.0,2.0,,,,,100.0,0.0,100.0,0.0,,,62.0,38.0,,,100.0,33.0,99.0,2623.0,38.0,38.0,100.0,0.0,100.0,0.0,200.0,0.0,100.0,4287.0,100.0,30398136160.0,100.0,40864954744.0
2018-06-17,ZCH06NGN,ST12000NM0007,12000138625024,0,75.0,33304904.0,97.0,0.0,100.0,3.0,100.0,0.0,87.0,523765509.0,94.0,5509.0,100.0,0.0,100.0,2.0,,,,,100.0,0.0,100.0,0.0,,,61.0,39.0,,,100.0,33.0,99.0,2624.0,39.0,39.0,100.0,0.0,100.0,0.0,200.0,0.0,100.0,4311.0,100.0,30490724512.0,100.0,41076084984.0
2018-06-18,ZCH06NGN,ST12000NM0007,12000138625024,0,79.0,89092944.0,97.0,0.0,100.0,3.0,100.0,0.0,87.0,526417698.0,94.0,5534.0,100.0,0.0,100.0,2.0,,,,,100.0,0.0,100.0,0.0,,,61.0,39.0,,,100.0,34.0,99.0,2625.0,39.0,39.0,100.0,0.0,100.0,0.0,200.0,0.0,100.0,4335.0,100.0,30575912192.0,100.0,41290826008.0
2018-06-19,ZCH06NGN,ST12000NM0007,12000138625024,0,78,70609552,97,0,100,3,100,0,87,528454771,94,5556,100,0,100,2,,,,,100.0,0.0,100.0,0.0,,,61.0,39.0,,,100.0,34.0,99.0,2626.0,39,39,100,0,100,0,200,0,100.0,4358.0,100.0,30639348848.0,100.0,41453046784.0
2018-06-20,ZCH06NGN,ST12000NM0007,12000138625024,0,82,163806424,97,0,100,3,100,0,87,531218138,94,5581,100,0,100,2,,,,,100.0,0.0,100.0,0.0,,,61.0,39.0,,,100.0,34.0,99.0,2627.0,39,39,100,0,100,0,200,0,100.0,4382.0,100.0,30734591328.0,100.0,41695141952.0
2018-06-21,ZCH06NGN,ST12000NM0007,12000138625024,0,84,225011848,97,0,100,3,100,0,87,533831528,94,5604,100,0,100,2,,,,,100.0,0.0,100.0,0.0,,,63.0,37.0,,,100.0,34.0,99.0,2628.0,37,37,100,0,100,0,200,0,100.0,4405.0,100.0,30831802424.0,100.0,41903277352.0
2018-06-22,ZCH06NGN,ST12000NM0007,12000138625024,0,79,81807056,97,0,100,3,100,0,87,536977885,94,5629,100,0,100,2,,,,,100.0,0.0,100.0,0.0,,,62.0,38.0,,,100.0,34.0,99.0,2629.0,38,38,100,0,100,0,200,0,100.0,4430.0,100.0,30925482424.0,100.0,42154673984.0
2018-06-23,ZCH06NGN,ST12000NM0007,12000138625024,0,79,76570896,97,0,100,3,100,0,87,539182565,94,5652,100,0,100,2,,,,,100.0,0.0,100.0,0.0,,,62.0,38.0,,,100.0,34.0,99.0,2630.0,38,38,100,0,100,0,200,0,100.0,4453.0,100.0,30998598096.0,100.0,42320462816.0
2018-06-24,ZCH06NGN,ST12000NM0007,12000138625024,0,82,145892888,97,0,100,3,100,0,87,541739104,94,5677,100,0,100,2,,,,,100.0,0.0,100.0,0.0,,,61.0,39.0,,,100.0,34.0,99.0,2631.0,39,39,100,0,100,0,200,0,100.0,4478.0,100.0,31085728824.0,100.0,42546794712.0
2018-06-25,ZCH06NGN,ST12000NM0007,12000138625024,0,83,204609744,97,0,100,3,100,0,87,544267300,94,5701,100,0,100,2,,,,,100.0,0.0,100.0,0.0,,,61.0,39.0,,,100.0,34.0,99.0,2632.0,39,39,100,0,100,0,200,0,100.0,4502.0,100.0,31171146160.0,100.0,42764234944.0
2018-06-26,ZCH06NGN,ST12000NM0007,12000138625024,0,84,236192472,97,0,100,3,100,0,87,546674195,94,5724,100,0,100,2,,,,,100.0,0.0,100.0,0.0,,,61.0,39.0,,,100.0,34.0,99.0,2633.0,39,39,100,0,100,0,200,0,100.0,4525.0,100.0,31278828016.0,100.0,42932276688.0
2018-06-27,ZCH06NGN,ST12000NM0007,12000138625024,0,77,54402776,97,0,100,3,100,0,87,549046716,94,5749,100,0,100,2,,,,,100.0,0.0,100.0,0.0,,,62.0,38.0,,,100.0,34.0,99.0,2634.0,38,38,100,0,100,0,200,0,100.0,4550.0,100.0,31362075216.0,100.0,43155521360.0
2018-06-28,ZCH06NGN,ST12000NM0007,12000138625024,0,79,71958408,97,0,100,3,100,0,87,551380127,94,5772,100,0,100,2,,,,,100.0,0.0,100.0,0.0,,,61.0,39.0,,,100.0,34.0,99.0,2635.0,39,39,100,0,100,0,200,0,100.0,4573.0,100.0,31435053952.0,100.0,43344238928.0
2018-06-29,ZCH06NGN,ST12000NM0007,12000138625024,0,82,167241184,97,0,100,3,100,0,87,554271660,94,5797,100,0,100,2,,,,,100.0,0.0,100.0,0.0,,,61.0,39.0,,,100.0,34.0,99.0,2636.0,39,39,100,0,100,0,200,0,100.0,4597.0,100.0,31534865608.0,100.0,43583850824.0
2018-06-30,ZCH06NGN,ST12000NM0007,12000138625024,0,81,121346704,97,0,100,3,100,0,87,556159744,94,5815,100,0,100,2,,,,,100.0,0.0,100.0,0.0,,,62.0,38.0,,,100.0,34.0,99.0,2637.0,38,38,100,0,100,0,200,0,100.0,4616.0,100.0,31596681888.0,100.0,43720280696.0
2018-07-01,ZCH06NGN,ST12000NM0007,12000138625024,0,82,162754048,97,0,100,3,100,0,87,558695630,94,5840,100,0,100,2,,,,,100.0,0.0,100.0,0.0,,,61.0,39.0,,,100.0,34.0,99.0,2638.0,39,39,100,0,100,0,200,0,100.0,4640.0,100.0,31682913568.0,100.0,43919597056.0
2018-07-02,ZCH06NGN,ST12000NM0007,12000138625024,0,83,199000752,97,0,100,3,100,0,87,561206122,94,5863,100,0,100,2,,,,,100.0,0.0,100.0,0.0,,,61.0,39.0,,,100.0,34.0,99.0,2639.0,39,39,100,0,100,0,200,0,100.0,4663.0,100.0,31777616776.0,100.0,44105281312.0
2018-07-03,ZCH06NGN,ST12000NM0007,12000138625024,0,84,242855936,97,0,100,3,100,0,88,563656453,94,5887,100,0,100,2,,,,,100.0,0.0,100.0,0.0,,,61.0,39.0,,,100.0,34.0,99.0,2640.0,39,39,100,0,100,0,200,0,100.0,4688.0,100.0,31866023808.0,100.0,44304870192.0
2018-07-04,ZCH06NGN,ST12000NM0007,12000138625024,0,79,76068144,97,0,100,3,100,0,88,566254300,94,5912,100,0,100,2,,,,,100.0,0.0,100.0,0.0,,,61.0,39.0,,,100.0,34.0,99.0,2641.0,39,39,100,0,100,0,200,0,100.0,4712.0,100.0,31967448384.0,100.0,44524939096.0
2018-07-05,ZCH06NGN,ST12000NM0007,12000138625024,0,82,155853720,97,0,100,3,100,0,88,569136920,94,5935,100,0,100,2,,,,,100.0,0.0,100.0,0.0,,,61.0,39.0,,,100.0,35.0,99.0,2642.0,39,39,100,0,100,0,200,0,100.0,4735.0,100.0,32045825176.0,100.0,44770488680.0
2018-07-06,ZCH06NGN,ST12000NM0007,12000138625024,0,83,187603712,97,0,100,3,100,0,88,571539679,94,5960,100,0,100,2,,,,,100.0,0.0,100.0,0.0,,,61.0,39.0,,,100.0,36.0,99.0,2643.0,39,39,100,0,100,0,200,0,100.0,4760.0,100.0,32134427072.0,100.0,44957777424.0
2018-07-07,ZCH06NGN,ST12000NM0007,12000138625024,0,83,188932232,97,0,100,3,100,0,88,573584064,94,5983,100,0,100,2,,,,,100.0,0.0,100.0,0.0,,,62.0,38.0,,,100.0,36.0,99.0,2644.0,38,38,100,0,100,0,200,0,100.0,4783.0,100.0,32205612160.0,100.0,45132061552.0
2018-07-08,ZCH06NGN,ST12000NM0007,12000138625024,0,82,159176920,97,0,100,3,100,0,88,575637625,94,6008,100,0,100,2,,,,,100.0,0.0,100.0,0.0,,,62.0,38.0,,,100.0,37.0,99.0,2645.0,38,38,100,0,100,0,200,0,100.0,4807.0,100.0,32275850360.0,100.0,45276208720.0
2018-07-09,ZCH06NGN,ST12000NM0007,12000138625024,0,82,145279328,97,0,100,3,100,0,88,577733073,94,6031,100,0,100,2,,,,,100.0,0.0,100.0,0.0,,,62.0,38.0,,,100.0,37.0,99.0,2646.0,38,38,100,0,100,0,200,0,100.0,4830.0,100.0,32347432152.0,100.0,45434869968.0
2018-07-10,ZCH06NGN,ST12000NM0007,12000138625024,0,82.0,174949720.0,97.0,0.0,100.0,3.0,100.0,0.0,88.0,580233921.0,94.0,6055.0,100.0,0.0,100.0,2.0,,,,,100.0,0.0,100.0,0.0,,,63.0,37.0,,,100.0,37.0,99.0,2647.0,37.0,37.0,100.0,0.0,100.0,0.0,200.0,0.0,100.0,4854.0,100.0,32417711936.0,100.0,45638401600.0
2018-07-11,ZCH06NGN,ST12000NM0007,12000138625024,0,82,169634384,97,0,100,3,100,0,88,582337059,94,6080,100,0,100,2,,,,,100.0,0.0,100.0,0.0,,,61.0,39.0,,,100.0,37.0,99.0,2648.0,39,39,100,0,100,0,200,0,100.0,4879.0,100.0,32478833640.0,100.0,45816105384.0
2018-07-12,ZCH06NGN,ST12000NM0007,12000138625024,0,83,190777128,97,0,100,3,100,0,88,584499612,94,6107,100,0,100,2,,,,,100.0,0.0,100.0,0.0,,,62.0,38.0,,,100.0,37.0,99.0,2649.0,38,38,100,0,100,0,200,0,100.0,4906.0,100.0,32539759704.0,100.0,46020462904.0
2018-07-13,ZCH06NGN,ST12000NM0007,12000138625024,0,84,241411200,97,0,100,3,100,0,88,586786349,94,6131,100,0,100,2,,,,,100.0,0.0,100.0,0.0,,,62.0,38.0,,,100.0,37.0,99.0,2651.0,38,38,100,0,100,0,200,0,100.0,4929.0,100.0,32598680088.0,100.0,46256317240.0
2018-07-14,ZCH06NGN,ST12000NM0007,12000138625024,0,74,27242072,97,0,100,3,100,0,88,589221089,93,6156,100,0,100,2,,,,,100.0,0.0,100.0,0.0,,,62.0,38.0,,,100.0,38.0,99.0,2652.0,38,38,100,0,100,0,200,0,100.0,4954.0,100.0,32656148504.0,100.0,46472961080.0
2018-07-15,ZCH06NGN,ST12000NM0007,12000138625024,0,70,10313560,97,0,100,3,100,0,88,591235163,93,6179,100,0,100,2,,,,,100.0,0.0,100.0,0.0,,,62.0,38.0,,,100.0,39.0,99.0,2653.0,38,38,100,0,100,0,200,0,100.0,4977.0,100.0,32709946448.0,100.0,46646375272.0
2018-07-16,ZCH06NGN,ST12000NM0007,12000138625024,0,76,36729464,97,0,100,3,100,0,88,593701429,93,6204,100,0,100,2,,,,,100.0,0.0,100.0,0.0,,,62.0,38.0,,,100.0,40.0,99.0,2654.0,38,38,100,0,100,0,200,0,100.0,5001.0,100.0,32771790680.0,100.0,46855087680.0
2018-07-17,ZCH06NGN,ST12000NM0007,12000138625024,0,78,62769368,97,0,100,3,100,0,88,595960316,93,6228,100,0,100,2,,,,,100.0,0.0,100.0,0.0,,,62.0,38.0,,,100.0,40.0,99.0,2656.0,38,38,100,0,100,0,200,0,100.0,5026.0,100.0,32845699656.0,100.0,47051359368.0
2018-07-18,ZCH06NGN,ST12000NM0007,12000138625024,0,78,70634592,97,0,100,3,100,0,88,598043016,93,6252,100,0,100,2,,,,,100.0,0.0,100.0,0.0,,,62.0,38.0,,,100.0,40.0,99.0,2656.0,38,38,100,0,100,0,200,0,100.0,5049.0,100.0,32921754816.0,100.0,47227310160.0
2018-07-19,ZCH06NGN,ST12000NM0007,12000138625024,0,78,57476688,97,0,100,3,100,0,88,600058020,93,6276,100,0,100,2,,,,,100.0,0.0,100.0,0.0,,,62.0,38.0,,,100.0,41.0,99.0,2658.0,38,38,100,0,100,0,200,0,100.0,5073.0,100.0,32992840384.0,100.0,47387207504.0
2018-07-20,ZCH06NGN,ST12000NM0007,12000138625024,0,79,81744224,97,0,100,3,100,0,88,602206426,93,6300,100,0,100,2,,,,,100.0,0.0,100.0,0.0,,,63.0,37.0,,,100.0,42.0,99.0,2659.0,37,37,100,0,100,0,200,0,100.0,5097.0,100.0,33068178512.0,100.0,47580277664.0
2018-07-21,ZCH06NGN,ST12000NM0007,12000138625024,0,82,147833640,97,0,100,3,100,0,88,604875158,93,6324,100,0,100,2,,,,,100.0,0.0,100.0,0.0,,,62.0,38.0,,,100.0,42.0,99.0,2660.0,38,38,100,0,100,0,200,0,100.0,5121.0,100.0,33154117040.0,100.0,47804569312.0
2018-07-22,ZCH06NGN,ST12000NM0007,12000138625024,0,81,128196336,97,0,100,3,100,0,88,606694713,93,6348,100,0,100,2,,,,,100.0,0.0,100.0,0.0,,,62.0,38.0,,,100.0,42.0,99.0,2660.0,38,38,100,0,100,0,200,0,100.0,5144.0,100.0,33209807208.0,100.0,47973382680.0
2018-07-23,ZCH06NGN,ST12000NM0007,12000138625024,0,82,157085696,97,0,100,3,100,0,88,609041131,93,6372,100,0,100,2,,,,,100.0,0.0,100.0,0.0,,,62.0,38.0,,,100.0,43.0,99.0,2662.0,38,38,100,0,100,0,200,0,100.0,5169.0,100.0,33288796272.0,100.0,48167423632.0
2018-07-24,ZCH06NGN,ST12000NM0007,12000138625024,0,81,138285760,97,0,100,3,100,0,88,610884476,93,6395,100,0,100,2,,,,,100.0,0.0,100.0,0.0,,,61.0,39.0,,,100.0,43.0,99.0,2662.0,39,39,100,0,100,0,200,0,100.0,5192.0,100.0,33352458224.0,100.0,48329102448.0
2018-07-25,ZCH06NGN,ST12000NM0007,12000138625024,0,83.0,200644552.0,97.0,0.0,100.0,3.0,100.0,0.0,88.0,613195823.0,93.0,6420.0,100.0,0.0,100.0,2.0,,,,,100.0,0.0,100.0,0.0,,,60.0,40.0,,,100.0,43.0,99.0,2664.0,40.0,40.0,100.0,0.0,100.0,0.0,200.0,0.0,100.0,5216.0,100.0,33426596168.0,100.0,48561464112.0
2018-07-26,ZCH06NGN,ST12000NM0007,12000138625024,0,83,205354400,97,0,100,3,100,0,88,615299570,93,6444,100,0,100,2,,,,,100.0,0.0,100.0,0.0,,,60.0,40.0,,,100.0,43.0,99.0,2664.0,40,40,100,0,100,0,200,0,100.0,5241.0,100.0,33513805736.0,100.0,48723105040.0
2018-07-27,ZCH06NGN,ST12000NM0007,12000138625024,0,84,231239072,97,0,100,3,100,0,88,617642502,93,6467,100,0,100,2,,,,,100.0,0.0,100.0,0.0,,,59.0,41.0,,,100.0,44.0,99.0,2665.0,41,41,100,0,100,0,200,0,100.0,5263.0,100.0,33590764800.0,100.0,48916171296.0
2018-07-28,ZCH06NGN,ST12000NM0007,12000138625024,0,83,223477880,97,0,100,3,100,0,88,619855718,93,6490,100,0,100,2,,,,,100.0,0.0,100.0,0.0,,,60.0,40.0,,,100.0,44.0,99.0,2666.0,40,40,100,0,100,0,200,0,100.0,5286.0,100.0,33671725184.0,100.0,49071590352.0
2018-07-29,ZCH06NGN,ST12000NM0007,12000138625024,0,74,27208664,97,0,100,3,100,0,88,622241123,93,6515,100,0,100,2,,,,,100.0,0.0,100.0,0.0,,,59.0,41.0,,,100.0,45.0,99.0,2667.0,41,41,100,0,100,0,200,0,100.0,5311.0,100.0,33735467984.0,100.0,49299859960.0
2018-07-30,ZCH06NGN,ST12000NM0007,12000138625024,0,100,1874768,97,0,100,3,100,0,88,624250097,93,6538,100,0,100,2,,,,,100.0,0.0,100.0,0.0,,,60.0,40.0,,,100.0,46.0,99.0,2668.0,40,40,100,0,100,0,200,0,100.0,5334.0,100.0,33798040632.0,100.0,49456094056.0
2018-07-31,ZCH06NGN,ST12000NM0007,12000138625024,0,78,58028752,97,0,100,3,100,0,88,626777633,93,6563,100,0,100,2,,,,,100.0,0.0,100.0,0.0,,,59.0,41.0,,,100.0,47.0,99.0,2669.0,41,41,100,0,100,0,200,0,100.0,5359.0,100.0,33876989992.0,100.0,49677439360.0
2018-08-01,ZCH06NGN,ST12000NM0007,12000138625024,0,79,79574472,97,0,100,3,100,0,88,629116942,93,6587,100,0,100,2,,,,,100.0,0.0,100.0,0.0,,,59.0,41.0,,,100.0,47.0,99.0,2670.0,41,41,100,0,100,0,200,0,100.0,5382.0,100.0,33968491416.0,100.0,49851624520.0
2018-08-02,ZCH06NGN,ST12000NM0007,12000138625024,0,80,103328088,97,0,100,3,100,0,88,631618781,93,6611,100,0,100,2,,,,,100.0,0.0,100.0,0.0,,,59.0,41.0,,,100.0,47.0,99.0,2671.0,41,41,100,0,100,0,200,0,100.0,5407.0,100.0,34060636848.0,100.0,50027373616.0
2018-08-03,ZCH06NGN,ST12000NM0007,12000138625024,0,83,197189480,97,0,100,3,100,0,88,634781809,93,6635,100,0,100,2,,,,,100.0,0.0,100.0,0.0,,,60.0,40.0,,,100.0,48.0,99.0,2672.0,40,40,100,0,100,0,200,0,100.0,5430.0,100.0,34154850056.0,100.0,50271162632.0
2018-08-04,ZCH06NGN,ST12000NM0007,12000138625024,0,83,198957480,97,0,100,3,100,0,88,636794513,93,6659,100,0,100,2,,,,,100.0,0.0,100.0,0.0,,,60.0,40.0,,,100.0,48.0,99.0,2673.0,40,40,100,0,100,0,200,0,100.0,5454.0,100.0,34226824328.0,100.0,50445097088.0
2018-08-05,ZCH06NGN,ST12000NM0007,12000138625024,0,83,207696216,97,0,100,3,100,0,88,638885204,93,6683,100,0,100,2,,,,,100.0,0.0,100.0,0.0,,,60.0,40.0,,,100.0,48.0,99.0,2674.0,40,40,100,0,100,0,200,0,100.0,5478.0,100.0,34307727856.0,100.0,50617073128.0
2018-08-06,ZCH06NGN,ST12000NM0007,12000138625024,0,84,229353528,97,0,100,3,100,0,88,641110182,93,6707,100,0,100,2,,,,,100.0,0.0,100.0,0.0,,,59.0,41.0,,,100.0,48.0,99.0,2675.0,41,41,100,0,100,0,200,0,100.0,5502.0,100.0,34391928080.0,100.0,50798670928.0
2018-08-07,ZCH06NGN,ST12000NM0007,12000138625024,0,84,243440080,97,0,100,3,100,0,88,643446935,93,6731,100,0,100,2,,,,,100.0,0.0,100.0,0.0,,,59.0,41.0,,,100.0,48.0,99.0,2676.0,41,41,100,0,100,0,200,0,100.0,5526.0,100.0,34481532480.0,100.0,50967293712.0
2018-08-08,ZCH06NGN,ST12000NM0007,12000138625024,0,77,52742304,97,0,100,3,100,0,88,646017581,93,6755,100,0,100,2,,,,,100.0,0.0,100.0,0.0,,,60.0,40.0,,,100.0,48.0,99.0,2677.0,40,40,100,0,100,0,200,0,100.0,5550.0,100.0,34571004432.0,100.0,51175405712.0
2018-08-09,ZCH06NGN,ST12000NM0007,12000138625024,0,75,34867168,97,0,100,3,100,0,88,647892182,93,6775,100,0,100,2,,,,,100.0,0.0,100.0,0.0,,,60.0,40.0,,,100.0,48.0,99.0,2678.0,40,40,100,0,100,0,200,0,100.0,5570.0,100.0,34637025216.0,100.0,51335650688.0
2018-08-10,ZCH06NGN,ST12000NM0007,12000138625024,0,81,120888944,97,0,100,3,100,0,88,650779859,93,6800,100,0,100,2,,,,,100.0,0.0,100.0,0.0,,,60.0,40.0,,,100.0,48.0,99.0,2680.0,40,40,100,0,100,0,200,0,100.0,5595.0,100.0,34705357496.0,100.0,51597480816.0
2018-08-11,ZCH06NGN,ST12000NM0007,12000138625024,0,79,77596240,97,0,100,3,100,0,88,652623759,93,6824,100,0,100,2,,,,,100.0,0.0,100.0,0.0,,,60.0,40.0,,,100.0,49.0,99.0,2681.0,40,40,100,0,100,0,200,0,100.0,5618.0,100.0,34758465312.0,100.0,51745221016.0
2018-08-12,ZCH06NGN,ST12000NM0007,12000138625024,0,79,86685208,97,0,100,3,100,0,88,654907086,93,6848,100,0,100,2,,,,,100.0,0.0,100.0,0.0,,,59.0,41.0,,,100.0,50.0,99.0,2682.0,41,41,100,0,100,0,200,0,100.0,5642.0,100.0,34833587776.0,100.0,51923328400.0
2018-08-13,ZCH06NGN,ST12000NM0007,12000138625024,0,81,129866272,97,0,100,3,100,0,88,657067403,93,6871,100,0,100,2,,,,,100.0,0.0,100.0,0.0,,,60.0,40.0,,,100.0,50.0,99.0,2683.0,40,40,100,0,100,0,200,0,100.0,5665.0,100.0,34907565840.0,100.0,52136673016.0
2018-08-14,ZCH06NGN,ST12000NM0007,12000138625024,0,83.0,195728944.0,97.0,0.0,100.0,3.0,100.0,0.0,88.0,659589340.0,93.0,6896.0,100.0,0.0,100.0,2.0,,,,,100.0,0.0,100.0,0.0,,,59.0,41.0,,,100.0,50.0,99.0,2684.0,41.0,41.0,100.0,0.0,100.0,0.0,200.0,0.0,100.0,5689.0,100.0,35021771584.0,100.0,52332470704.0
2018-08-15,ZCH06NGN,ST12000NM0007,12000138625024,0,71.0,12559048.0,97.0,0.0,100.0,3.0,100.0,0.0,88.0,661952649.0,93.0,6920.0,100.0,0.0,100.0,2.0,,,,,100.0,0.0,100.0,0.0,,,59.0,41.0,,,100.0,50.0,99.0,2686.0,41.0,41.0,100.0,0.0,100.0,0.0,200.0,0.0,100.0,5713.0,100.0,35113133664.0,100.0,52546220248.0
2018-08-16,ZCH06NGN,ST12000NM0007,12000138625024,0,76,41863480,97,0,100,3,100,0,88,664286348,93,6948,100,0,100,2,,,,,100.0,0.0,100.0,0.0,,,59.0,41.0,,,100.0,50.0,99.0,2687.0,41,41,100,0,100,0,200,0,100.0,5741.0,100.0,35195572704.0,100.0,52737226376.0
2018-08-17,ZCH06NGN,ST12000NM0007,12000138625024,0,80,96704440,97,0,100,3,100,0,88,666977942,93,6972,100,0,100,2,,,,,100.0,0.0,100.0,0.0,,,59.0,41.0,,,100.0,51.0,99.0,2688.0,41,41,100,0,100,0,200,0,100.0,5765.0,100.0,35265937400.0,100.0,52965843392.0
2018-08-18,ZCH06NGN,ST12000NM0007,12000138625024,0,80,101096944,97,0,100,3,100,0,88,669058404,93,6996,100,0,100,2,,,,,100.0,0.0,100.0,0.0,,,59.0,41.0,,,100.0,51.0,99.0,2689.0,41,41,100,0,100,0,200,0,100.0,5789.0,100.0,35337237080.0,100.0,53143076856.0
2018-08-19,ZCH06NGN,ST12000NM0007,12000138625024,0,81,118357912,97,0,100,3,100,0,88,671110475,92,7020,100,0,100,2,,,,,100.0,0.0,100.0,0.0,,,60.0,40.0,,,100.0,52.0,99.0,2690.0,40,40,100,0,100,0,200,0,100.0,5813.0,100.0,35427165744.0,100.0,53314549944.0
2018-08-20,ZCH06NGN,ST12000NM0007,12000138625024,0,82,164026848,97,0,100,3,100,0,88,673334118,92,7043,100,0,100,2,,,,,100.0,0.0,100.0,0.0,,,59.0,41.0,,,100.0,53.0,99.0,2691.0,41,41,100,0,100,0,200,0,100.0,5836.0,100.0,35514593848.0,100.0,53516931432.0
2018-08-21,ZCH06NGN,ST12000NM0007,12000138625024,0,83,196554200,97,0,100,3,100,0,88,675757815,92,7068,100,0,100,2,,,,,100.0,0.0,100.0,0.0,,,59.0,41.0,,,100.0,53.0,99.0,2692.0,41,41,100,0,100,0,200,0,100.0,5861.0,100.0,35622137928.0,100.0,53686055368.0
2018-08-22,ZCH06NGN,ST12000NM0007,12000138625024,0,83,220244864,97,0,100,3,100,0,88,677769216,92,7091,100,0,100,2,,,,,100.0,0.0,100.0,0.0,,,60.0,40.0,,,100.0,53.0,99.0,2693.0,40,40,100,0,100,0,200,0,100.0,5884.0,100.0,35684161112.0,100.0,53891863512.0
2018-08-23,ZCH06NGN,ST12000NM0007,12000138625024,0,84,239772080,97,0,100,3,100,0,88,679968258,92,7116,100,0,100,2,,,,,100.0,0.0,100.0,0.0,,,60.0,40.0,,,100.0,54.0,99.0,2694.0,40,40,100,0,100,0,200,0,100.0,5908.0,100.0,35739239544.0,100.0,54100453088.0
2018-08-24,ZCH06NGN,ST12000NM0007,12000138625024,0,74,23754704,97,0,100,3,100,0,88,681915115,92,7140,100,0,100,2,,,,,100.0,0.0,100.0,0.0,,,60.0,40.0,,,100.0,54.0,99.0,2695.0,40,40,100,0,100,0,200,0,100.0,5932.0,100.0,35810944752.0,100.0,54301011976.0
2018-08-25,ZCH06NGN,ST12000NM0007,12000138625024,0,79,79941592,97,0,100,3,100,0,88,684141302,92,7163,100,0,100,2,,,,,100.0,0.0,100.0,0.0,,,60.0,40.0,,,100.0,54.0,99.0,2696.0,40,40,100,0,100,0,200,0,100.0,5956.0,100.0,35900019584.0,100.0,54512264680.0
2018-08-26,ZCH06NGN,ST12000NM0007,12000138625024,0,80,92245392,97,0,100,3,100,0,88,686322569,92,7188,100,0,100,2,,,,,100.0,0.0,100.0,0.0,,,59.0,41.0,,,100.0,55.0,99.0,2697.0,41,41,100,0,100,0,200,0,100.0,5980.0,100.0,35985064736.0,100.0,54683664224.0
2018-08-27,ZCH06NGN,ST12000NM0007,12000138625024,0,79,74944976,97,0,100,3,100,0,88,688420755,92,7211,100,0,100,2,,,,,100.0,0.0,100.0,0.0,,,59.0,41.0,,,100.0,56.0,99.0,2698.0,41,41,100,0,100,0,200,0,100.0,6003.0,100.0,36063323048.0,100.0,54832246288.0
2018-08-28,ZCH06NGN,ST12000NM0007,12000138625024,0,78,67075712,97,0,100,3,100,0,88,690641610,92,7236,100,0,100,2,,,,,100.0,0.0,100.0,0.0,,,59.0,41.0,,,100.0,56.0,99.0,2699.0,41,41,100,0,100,0,200,0,100.0,6028.0,100.0,36143598672.0,100.0,54988242080.0
2018-08-29,ZCH06NGN,ST12000NM0007,12000138625024,0,78,68990184,97,0,100,3,100,0,88,692555535,92,7260,100,0,100,2,,,,,100.0,0.0,100.0,0.0,,,60.0,40.0,,,100.0,57.0,99.0,2700.0,40,40,100,0,100,0,200,0,100.0,6052.0,100.0,36211727816.0,100.0,55166168200.0
2018-08-30,ZCH06NGN,ST12000NM0007,12000138625024,0,76,37547112,97,0,100,3,100,0,88,694516906,92,7278,100,0,100,2,,,,,100.0,0.0,100.0,0.0,,,59.0,41.0,,,100.0,57.0,99.0,2701.0,41,41,100,0,100,0,200,0,100.0,6069.0,100.0,36262193720.0,100.0,55328400024.0
2018-08-31,ZCH06NGN,ST12000NM0007,12000138625024,0,80,97975072,97,0,100,3,100,0,88,696972775,92,7302,100,0,100,2,,,,,100.0,0.0,100.0,0.0,,,59.0,41.0,,,100.0,57.0,99.0,2702.0,41,41,100,0,100,0,200,0,100.0,6093.0,100.0,36332112688.0,100.0,55563049696.0
2018-09-01,ZCH06NGN,ST12000NM0007,12000138625024,0,82,152394728,97,0,100,3,100,0,88,699448450,92,7325,100,0,100,2,,,,,100.0,0.0,100.0,0.0,,,58.0,42.0,,,100.0,57.0,99.0,2703.0,42,42,100,0,100,0,200,0,100.0,6117.0,100.0,36412754800.0,100.0,55780967872.0
2018-09-02,ZCH06NGN,ST12000NM0007,12000138625024,0,83,192898000,97,0,100,3,100,0,88,701953997,92,7350,100,0,100,2,,,,,100.0,0.0,100.0,0.0,,,59.0,41.0,,,100.0,57.0,99.0,2704.0,41,41,100,0,100,0,200,0,100.0,6141.0,100.0,36496632840.0,100.0,55981734464.0
2018-09-03,ZCH06NGN,ST12000NM0007,12000138625024,0,83,219018592,97,0,100,3,100,0,88,704447887,92,7373,100,0,100,2,,,,,100.0,0.0,100.0,0.0,,,59.0,41.0,,,100.0,57.0,99.0,2705.0,41,41,100,0,100,0,200,0,100.0,6164.0,100.0,36573277760.0,100.0,56175351024.0
2018-09-04,ZCH06NGN,ST12000NM0007,12000138625024,0,68,6842816,97,0,100,3,100,0,88,706942655,92,7398,100,0,100,2,,,,,100.0,0.0,100.0,0.0,,,59.0,41.0,,,100.0,57.0,99.0,2706.0,41,41,100,0,100,0,200,0,100.0,6189.0,100.0,36655418136.0,100.0,56369316312.0
2018-09-05,ZCH06NGN,ST12000NM0007,12000138625024,0,79,88210760,97,0,100,3,100,0,89,709427950,92,7421,100,0,100,2,,,,,100.0,0.0,100.0,0.0,,,59.0,41.0,,,100.0,58.0,99.0,2707.0,41,41,100,0,100,0,200,0,100.0,6212.0,100.0,36736584496.0,100.0,56613658608.0
2018-09-06,ZCH06NGN,ST12000NM0007,12000138625024,0,83,208845648,97,0,100,3,100,0,89,712574792,92,7451,100,0,100,2,,,,,100.0,0.0,100.0,0.0,,,60.0,40.0,,,100.0,58.0,99.0,2708.0,40,40,100,0,100,0,200,0,100.0,6242.0,100.0,36838082328.0,100.0,56876936384.0
2018-09-07,ZCH06NGN,ST12000NM0007,12000138625024,0,84,241502888,97,0,100,3,100,0,89,714927860,92,7474,100,0,100,2,,,,,100.0,0.0,100.0,0.0,,,59.0,41.0,,,100.0,58.0,99.0,2709.0,41,41,100,0,100,0,200,0,100.0,6265.0,100.0,36935727456.0,100.0,57056089168.0
2018-09-08,ZCH06NGN,ST12000NM0007,12000138625024,0,72,16440960,97,0,100,3,100,0,89,717033638,92,7499,100,0,100,2,,,,,100.0,0.0,100.0,0.0,,,59.0,41.0,,,100.0,58.0,99.0,2710.0,41,41,100,0,100,0,200,0,100.0,6289.0,100.0,37023723032.0,100.0,57231313200.0
2018-09-09,ZCH06NGN,ST12000NM0007,12000138625024,0,77,49639800,97,0,100,3,100,0,89,719156736,92,7522,100,0,100,2,,,,,100.0,0.0,100.0,0.0,,,59.0,41.0,,,100.0,58.0,99.0,2711.0,41,41,100,0,100,0,200,0,100.0,6313.0,100.0,37100123424.0,100.0,57432252888.0
2018-09-10,ZCH06NGN,ST12000NM0007,12000138625024,0,79,85385808,97,0,100,3,100,0,89,721371262,92,7547,100,0,100,2,,,,,100.0,0.0,100.0,0.0,,,59.0,41.0,,,100.0,58.0,99.0,2712.0,41,41,100,0,100,0,200,0,100.0,6337.0,100.0,37169101104.0,100.0,57643162120.0
2018-09-11,ZCH06NGN,ST12000NM0007,12000138625024,0,81,140306984,97,0,100,3,100,0,89,723545921,92,7571,100,0,100,2,,,,,100.0,0.0,100.0,0.0,,,59.0,41.0,,,100.0,58.0,99.0,2713.0,41,41,100,0,100,0,200,0,100.0,6362.0,100.0,37249498920.0,100.0,57861826328.0
2018-09-12,ZCH06NGN,ST12000NM0007,12000138625024,0,83,186911304,97,0,100,3,100,0,89,725617522,92,7595,100,0,100,2,,,,,100.0,0.0,100.0,0.0,,,59.0,41.0,,,100.0,59.0,99.0,2714.0,41,41,100,0,100,0,200,0,100.0,6385.0,100.0,37323480272.0,100.0,58078590352.0
2018-09-13,ZCH06NGN,ST12000NM0007,12000138625024,0,82,175996016,97,0,100,3,100,0,89,727801952,92,7616,100,0,100,2,,,,,100.0,0.0,100.0,0.0,,,59.0,41.0,,,100.0,60.0,99.0,2715.0,41,41,100,0,100,0,200,0,100.0,6406.0,100.0,37381320824.0,100.0,58253975256.0
2018-09-14,ZCH06NGN,ST12000NM0007,12000138625024,0,83,192216448,97,0,100,3,100,0,89,729938042,92,7639,100,0,100,2,,,,,100.0,0.0,100.0,0.0,,,59.0,41.0,,,100.0,60.0,99.0,2716.0,41,41,100,0,100,0,200,0,100.0,6430.0,100.0,37431188320.0,100.0,58464468872.0
2018-09-15,ZCH06NGN,ST12000NM0007,12000138625024,0,84,229160360,97,0,100,3,100,0,89,732367672,92,7664,100,0,100,2,,,,,100.0,0.0,100.0,0.0,,,59.0,41.0,,,100.0,61.0,99.0,2717.0,41,41,100,0,100,0,200,0,100.0,6454.0,100.0,37507416608.0,100.0,58669325208.0
2018-09-16,ZCH06NGN,ST12000NM0007,12000138625024,0,72,14512808,97,0,100,3,100,0,89,734766064,92,7687,100,0,100,2,,,,,100.0,0.0,100.0,0.0,,,59.0,41.0,,,100.0,62.0,99.0,2718.0,41,41,100,0,100,0,200,0,100.0,6478.0,100.0,37581940304.0,100.0,58868435528.0
2018-09-17,ZCH06NGN,ST12000NM0007,12000138625024,0,76,39128048,97,0,100,3,100,0,89,736920508,92,7712,100,0,100,2,,,,,100.0,0.0,100.0,0.0,,,59.0,41.0,,,100.0,63.0,99.0,2719.0,41,41,100,0,100,0,200,0,100.0,6502.0,100.0,37661081568.0,100.0,59058050160.0
2018-09-18,ZCH06NGN,ST12000NM0007,12000138625024,0,78,64906728,97,0,100,3,100,0,89,738867924,92,7736,100,0,100,2,,,,,100.0,0.0,100.0,0.0,,,59.0,41.0,,,100.0,64.0,99.0,2720.0,41,41,100,0,100,0,200,0,100.0,6526.0,100.0,37732329240.0,100.0,59256721912.0
2018-09-19,ZCH06NGN,ST12000NM0007,12000138625024,0,80,99275120,97,0,100,3,100,0,89,740709178,92,7760,100,0,100,2,,,,,100.0,0.0,100.0,0.0,,,59.0,41.0,,,100.0,64.0,99.0,2721.0,41,41,100,0,100,0,200,0,100.0,6550.0,100.0,37794571448.0,100.0,59472988928.0
2018-09-20,ZCH06NGN,ST12000NM0007,12000138625024,0,81,131753024,97,0,100,3,100,0,89,742680918,92,7784,100,0,100,2,,,,,100.0,0.0,100.0,0.0,,,59.0,41.0,,,100.0,64.0,99.0,2722.0,41,41,100,0,100,0,200,0,100.0,6573.0,100.0,37862325728.0,100.0,59681853488.0
2018-09-21,ZCH06NGN,ST12000NM0007,12000138625024,0,82,149521520,97,0,100,3,100,0,89,745130555,92,7807,100,0,100,2,,,,,100.0,0.0,100.0,0.0,,,59.0,41.0,,,100.0,64.0,99.0,2723.0,41,41,100,0,100,0,200,0,100.0,6597.0,100.0,37949129768.0,100.0,59856959112.0
2018-09-22,ZCH06NGN,ST12000NM0007,12000138625024,0,83,184150232,97,0,100,3,100,0,89,747171910,92,7832,100,0,100,2,,,,,100.0,0.0,100.0,0.0,,,58.0,42.0,,,100.0,64.0,99.0,2724.0,42,42,100,0,100,0,200,0,100.0,6622.0,100.0,38021128840.0,100.0,60063729480.0
2018-09-23,ZCH06NGN,ST12000NM0007,12000138625024,0,83,211259512,97,0,100,3,100,0,89,749370325,92,7856,100,0,100,2,,,,,100.0,0.0,100.0,0.0,,,59.0,41.0,,,100.0,64.0,99.0,2725.0,41,41,100,0,100,0,200,0,100.0,6645.0,100.0,38098534864.0,100.0,60257573536.0
2018-09-24,ZCH06NGN,ST12000NM0007,12000138625024,0,84,231842608,97,0,100,3,100,0,89,751656040,92,7880,100,0,100,2,,,,,100.0,0.0,100.0,0.0,,,59.0,41.0,,,100.0,65.0,99.0,2726.0,41,41,100,0,100,0,200,0,100.0,6669.0,100.0,38172745408.0,100.0,60448087040.0
2018-09-25,ZCH06NGN,ST12000NM0007,12000138625024,0,71,12725720,97,0,100,3,100,0,89,753969711,91,7903,100,0,100,2,,,,,100.0,0.0,100.0,0.0,,,58.0,42.0,,,100.0,66.0,99.0,2727.0,42,42,100,0,100,0,200,0,100.0,6693.0,100.0,38266890552.0,100.0,60623106560.0
2018-09-26,ZCH06NGN,ST12000NM0007,12000138625024,0,78,68892216,97,0,100,3,100,0,89,756126416,91,7927,100,0,100,2,,,,,100.0,0.0,100.0,0.0,,,58.0,42.0,,,100.0,67.0,99.0,2728.0,42,42,100,0,100,0,200,0,100.0,6717.0,100.0,38336970448.0,100.0,60853333944.0
2018-09-27,ZCH06NGN,ST12000NM0007,12000138625024,0,74,27339112,97,0,100,3,100,0,89,757818445,91,7952,100,0,100,2,,,,,100.0,0.0,100.0,0.0,,,58.0,42.0,,,100.0,68.0,99.0,2729.0,42,42,100,0,100,0,200,0,100.0,6741.0,100.0,38392780784.0,100.0,61000111544.0
2018-09-28,ZCH06NGN,ST12000NM0007,12000138625024,0,74,26940656,97,0,100,3,100,0,89,759660305,91,7975,100,0,100,2,,,,,100.0,0.0,100.0,0.0,,,58.0,42.0,,,100.0,68.0,99.0,2730.0,42,42,100,0,100,0,200,0,100.0,6765.0,100.0,38458788816.0,100.0,61177845696.0
2018-09-29,ZCH06NGN,ST12000NM0007,12000138625024,0,82,142681840,97,0,100,3,100,0,89,762650533,91,8000,100,0,100,2,,,,,100.0,0.0,100.0,0.0,,,59.0,41.0,,,100.0,69.0,99.0,2731.0,41,41,100,0,100,0,200,0,100.0,6789.0,100.0,38529580800.0,100.0,61466935920.0
2018-09-30,ZCH06NGN,ST12000NM0007,12000138625024,0,83,191743560,97,0,100,3,100,0,89,765072833,91,8024,100,0,100,2,,,,,100.0,0.0,100.0,0.0,,,59.0,41.0,,,100.0,70.0,99.0,2732.0,41,41,100,0,100,0,200,0,100.0,6813.0,100.0,38617869184.0,100.0,61671849944.0
2018-10-01,ZCH06NGN,ST12000NM0007,12000138625024,0,83,199741080,97,0,100,3,100,0,89,767358965,91,8048,100,0,100,2,,,,,100.0,0.0,100.0,0.0,,,59.0,41.0,,,100.0,70.0,99.0,2733.0,41,41,100,0,100,0,200,0,100.0,6837.0,100.0,38703648552.0,100.0,61838208728.0
2018-10-02,ZCH06NGN,ST12000NM0007,12000138625024,0,75,31275584,97,0,100,3,100,0,89,770080321,91,8072,100,0,100,2,,,,,100.0,0.0,100.0,0.0,,,59.0,41.0,,,100.0,70.0,99.0,2734.0,41,41,100,0,100,0,200,0,100.0,6861.0,100.0,38829417808.0,100.0,62032255368.0
2018-10-03,ZCH06NGN,ST12000NM0007,12000138625024,0,81,139325120,97,0,100,3,100,0,89,772628173,91,8095,100,0,100,2,,,,,100.0,0.0,100.0,0.0,,,59.0,41.0,,,100.0,70.0,99.0,2735.0,41,41,100,0,100,0,200,0,100.0,6884.0,100.0,38925017808.0,100.0,62288845712.0
2018-10-04,ZCH06NGN,ST12000NM0007,12000138625024,0,83.0,192564776.0,97.0,0.0,100.0,3.0,100.0,0.0,89.0,774982935.0,91.0,8120.0,100.0,0.0,100.0,2.0,,,,,100.0,0.0,100.0,0.0,,,59.0,41.0,,,100.0,71.0,99.0,2736.0,41.0,41.0,100.0,0.0,100.0,0.0,200.0,0.0,100.0,6909.0,100.0,39021110432.0,100.0,62490134056.0
2018-10-05,ZCH06NGN,ST12000NM0007,12000138625024,0,83,205334680,97,0,100,3,100,0,89,777387687,91,8143,100,0,100,2,,,,,100.0,0.0,100.0,0.0,,,58.0,42.0,,,100.0,72.0,99.0,2737.0,42,42,100,0,100,0,200,0,100.0,6932.0,100.0,39103135712.0,100.0,62665019312.0
2018-10-06,ZCH06NGN,ST12000NM0007,12000138625024,0,84,236565474,97,0,100,3,100,0,89,779533512,91,8166,100,0,100,2,,,,,100.0,0.0,100.0,0.0,,,59.0,41.0,,,100.0,72.0,99.0,2743.0,41,41,100,0,100,0,200,0,100.0,6953.0,100.0,39191170032.0,100.0,62852356418.0
2018-10-07,ZCH06NGN,ST12000NM0007,12000138625024,0,79,74773088,97,0,100,3,100,0,89,781930255,91,8190,100,0,100,2,,,,,100.0,0.0,100.0,0.0,,,59.0,41.0,,,100.0,72.0,99.0,2744.0,41,41,100,0,100,0,200,0,100.0,6978.0,100.0,39301249456.0,100.0,63068766258.0
2018-10-08,ZCH06NGN,ST12000NM0007,12000138625024,0,79,87686112,97,0,100,3,100,0,89,783997695,91,8214,100,0,100,2,,,,,100.0,0.0,100.0,0.0,,,60.0,40.0,,,100.0,73.0,99.0,2745.0,40,40,100,0,100,0,200,0,100.0,7001.0,100.0,39385956256.0,100.0,63241114074.0
2018-10-09,ZCH06NGN,ST12000NM0007,12000138625024,0,80.0,109426400.0,97.0,0.0,100.0,3.0,100.0,0.0,89.0,785923422.0,91.0,8238.0,100.0,0.0,100.0,2.0,,,,,100.0,0.0,100.0,0.0,,,59.0,41.0,,,100.0,73.0,99.0,2746.0,41.0,41.0,100.0,0.0,100.0,0.0,200.0,0.0,100.0,7025.0,100.0,39465303360.0,100.0,63427647946.0
2018-10-10,ZCH06NGN,ST12000NM0007,12000138625024,0,82,165545776,97,0,100,3,100,0,89,788609942,91,8262,100,0,100,2,,,,,100.0,0.0,100.0,0.0,,,59.0,41.0,,,100.0,73.0,99.0,2747.0,41,41,100,0,100,0,200,0,100.0,7049.0,100.0,39537842256.0,100.0,63655369610.0
2018-10-11,ZCH06NGN,ST12000NM0007,12000138625024,0,70,10349808,97,0,100,3,100,0,89,791250283,91,8294,100,0,100,2,,,,,100.0,0.0,100.0,0.0,,,58.0,42.0,,,100.0,73.0,99.0,2748.0,42,42,100,0,100,0,200,0,100.0,7081.0,100.0,39656319216.0,100.0,63869978546.0
2018-10-12,ZCH06NGN,ST12000NM0007,12000138625024,0,83,193662208,97,0,100,3,100,0,89,792615584,91,8309,100,0,100,2,,,,,100.0,0.0,100.0,0.0,,,59.0,41.0,,,100.0,74.0,99.0,2749.0,41,41,100,0,100,0,200,0,100.0,7096.0,100.0,39711703440.0,100.0,63997906722.0
2018-10-13,ZCH06NGN,ST12000NM0007,12000138625024,0,83,206053768,97,0,100,3,100,0,89,794765902,91,8334,100,0,100,2,,,,,100.0,0.0,100.0,0.0,,,59.0,41.0,,,100.0,75.0,99.0,2750.0,41,41,100,0,100,0,200,0,100.0,7121.0,100.0,39809713176.0,100.0,64156429226.0
2018-10-14,ZCH06NGN,ST12000NM0007,12000138625024,0,83,218634352,97,0,100,3,100,0,89,796751824,91,8357,100,0,100,2,,,,,100.0,0.0,100.0,0.0,,,59.0,41.0,,,100.0,76.0,99.0,2751.0,41,41,100,0,100,0,200,0,100.0,7144.0,100.0,39898061168.0,100.0,64324802522.0
2018-10-15,ZCH06NGN,ST12000NM0007,12000138625024,0,84,231308616,97,0,100,3,100,0,89,799062493,91,8382,100,0,100,2,,,,,100.0,0.0,100.0,0.0,,,59.0,41.0,,,100.0,77.0,99.0,2752.0,41,41,100,0,100,0,200,0,100.0,7169.0,100.0,39978948288.0,100.0,64500730450.0
2018-10-16,ZCH06NGN,ST12000NM0007,12000138625024,0,69,7899504,97,0,100,3,100,0,89,801095400,91,8406,100,0,100,2,,,,,100.0,0.0,100.0,0.0,,,59.0,41.0,,,100.0,78.0,99.0,2753.0,41,41,100,0,100,0,200,0,100.0,7193.0,100.0,40058670256.0,100.0,64685880762.0
2018-10-17,ZCH06NGN,ST12000NM0007,12000138625024,0,73,18239576,97,0,100,3,100,0,89,803029412,91,8430,100,0,100,2,,,,,100.0,0.0,100.0,0.0,,,59.0,41.0,,,100.0,79.0,99.0,2754.0,41,41,100,0,100,0,200,0,100.0,7216.0,100.0,40135514192.0,100.0,64863517802.0
2018-10-18,ZCH06NGN,ST12000NM0007,12000138625024,0,79,74939792,97,0,100,3,100,0,89,805743578,91,8460,100,0,100,2,,,,,100.0,0.0,100.0,0.0,,,59.0,41.0,,,100.0,79.0,99.0,2755.0,41,41,100,0,100,0,200,0,100.0,7247.0,100.0,40247732680.0,100.0,65052140178.0
2018-10-19,ZCH06NGN,ST12000NM0007,12000138625024,0,81,124729456,97,0,100,3,100,0,89,808143577,91,8485,100,0,100,2,,,,,100.0,0.0,100.0,0.0,,,61.0,39.0,,,100.0,79.0,99.0,2756.0,39,39,100,0,100,0,200,0,100.0,7271.0,100.0,40327037344.0,100.0,65266765970.0
2018-10-20,ZCH06NGN,ST12000NM0007,12000138625024,0,79,75826192,97,0,100,3,100,0,89,810563757,91,8508,100,0,100,2,,,,,100.0,0.0,100.0,0.0,,,61.0,39.0,,,100.0,80.0,99.0,2757.0,39,39,100,0,100,0,200,0,100.0,7295.0,100.0,40395892688.0,100.0,65393148130.0
2018-10-21,ZCH06NGN,ST12000NM0007,12000138625024,0,84,224481792,97,0,100,3,100,0,89,812384501,91,8533,100,0,100,2,,,,,100.0,0.0,100.0,0.0,,,60.0,40.0,,,100.0,81.0,99.0,2758.0,40,40,100,0,100,0,200,0,100.0,7319.0,100.0,40470500560.0,100.0,65467195858.0
2018-10-22,ZCH06NGN,ST12000NM0007,12000138625024,0,82,161600488,97,0,100,3,100,0,89,814140496,91,8556,100,0,100,2,,,,,100.0,0.0,100.0,0.0,,,61.0,39.0,,,100.0,81.0,99.0,2759.0,39,39,100,0,100,0,200,0,100.0,7342.0,100.0,40536854024.0,100.0,65582101850.0
2018-10-23,ZCH06NGN,ST12000NM0007,12000138625024,0,83,200816008,97,0,100,3,100,0,89,816614998,91,8581,100,0,100,2,,,,,100.0,0.0,100.0,0.0,,,60.0,40.0,,,100.0,82.0,99.0,2760.0,40,40,100,0,100,0,200,0,100.0,7367.0,100.0,40629468600.0,100.0,65772843546.0
2018-10-24,ZCH06NGN,ST12000NM0007,12000138625024,0,83,200874472,97,0,100,3,100,0,89,818989755,91,8604,100,0,100,2,,,,,100.0,0.0,100.0,0.0,,,61.0,39.0,,,100,82,99.0,2761.0,39,39,100,0,100,0,200,0,100.0,7390.0,100.0,40716419728.0,100.0,65930091514.0
2018-10-25,ZCH06NGN,ST12000NM0007,12000138625024,0,82,150321304,97,0,100,3,100,0,89,820862400,91,8625,100,0,100,2,,,,,100.0,0.0,100.0,0.0,,,60.0,40.0,,,100.0,83.0,99.0,2762.0,40,40,100,0,100,0,200,0,100.0,7410.0,100.0,40778954672.0,100.0,66061144274.0
2018-10-26,ZCH06NGN,ST12000NM0007,12000138625024,0,81,112279400,97,0,100,3,100,0,89,822882808,91,8649,100,0,100,2,,,,,100.0,0.0,100.0,0.0,,,61.0,39.0,,,100.0,83.0,99.0,2763.0,39,39,100,0,100,0,200,0,100.0,7434.0,100.0,40875414464.0,100.0,66170783250.0
2018-10-27,ZCH06NGN,ST12000NM0007,12000138625024,0,82,148866712,97,0,100,3,100,0,89,825562135,91,8673,100,0,100,2,,,,,100.0,0.0,100.0,0.0,,,61.0,39.0,,,100.0,83.0,99.0,2764.0,39,39,100,0,100,0,200,0,100.0,7458.0,100.0,40952743480.0,100.0,66374182354.0
2018-10-28,ZCH06NGN,ST12000NM0007,12000138625024,0,81,129466112,97,0,100,3,100,0,89,827683174,91,8697,100,0,100,2,,,,,100.0,0.0,100.0,0.0,,,60.0,40.0,,,100.0,84.0,99.0,2765.0,40,40,100,0,100,0,200,0,100.0,7482.0,100.0,41049671864.0,100.0,66501994042.0
2018-10-29,ZCH06NGN,ST12000NM0007,12000138625024,0,82,145219424,97,0,100,3,100,0,89,830026808,91,8721,100,0,100,2,,,,,100.0,0.0,100.0,0.0,,,60.0,40.0,,,100.0,85.0,99.0,2766.0,40,40,100,0,100,0,200,0,100.0,7506.0,100.0,41121326160.0,100.0,66690234138.0
2018-10-30,ZCH06NGN,ST12000NM0007,12000138625024,0,80,100132192,97,0,100,3,100,0,89,832127768,91,8744,100,0,100,2,,,,,100.0,0.0,100.0,0.0,,,60.0,40.0,,,100.0,86.0,99.0,2767.0,40,40,100,0,100,0,200,0,100.0,7529.0,100.0,41181988464.0,100.0,66828625274.0
2018-10-31,ZCH06NGN,ST12000NM0007,12000138625024,0,82,145186056,97.0,0.0,100.0,3.0,100.0,0.0,89.0,834710874.0,90,8768,100.0,0.0,100,2,,,,,100.0,0.0,100.0,0.0,,,61.0,39.0,,,100.0,87.0,99.0,2768.0,39,39,100.0,0.0,100.0,0.0,200.0,0.0,100.0,7553.0,100.0,41266824856.0,100.0,67032983378.0
2018-11-01,ZCH06NGN,ST12000NM0007,12000138625024,0,81,112291736,97.0,0.0,100.0,3.0,100.0,0.0,89.0,836334844.0,90,8790,100.0,0.0,100,2,,,,,100.0,0.0,100.0,0.0,,,61.0,39.0,,,100.0,87.0,99.0,2769.0,39,39,100.0,0.0,100.0,0.0,200.0,0.0,100.0,7574.0,100.0,41342662272.0,100.0,67168392306.0
2018-11-02,ZCH06NGN,ST12000NM0007,12000138625024,0,78,70572568,97.0,0.0,100.0,3.0,100.0,0.0,89.0,838170857.0,90,8814,100.0,0.0,100,2,,,,,100.0,0.0,100.0,0.0,,,61.0,39.0,,,100.0,87.0,99.0,2770.0,39,39,100.0,0.0,100.0,0.0,200.0,0.0,100.0,7598.0,100.0,41420603248.0,100.0,67292872970.0
2018-11-03,ZCH06NGN,ST12000NM0007,12000138625024,0,80,89373928,97.0,0.0,100.0,3.0,100.0,0.0,89.0,840751054.0,90,8838,100.0,0.0,100,2,,,,,100.0,0.0,100.0,0.0,,,60.0,40.0,,,100.0,88.0,99.0,2771.0,40,40,100.0,0.0,100.0,0.0,200.0,0.0,100.0,7622.0,100.0,41500664224.0,100.0,67475754018.0
2018-11-04,ZCH06NGN,ST12000NM0007,12000138625024,0,80,110729760,97.0,0.0,100.0,3.0,100.0,0.0,89.0,843080405.0,90,8863,100.0,0.0,100,2,,,,,100.0,0.0,100.0,0.0,,,61.0,39.0,,,100.0,89.0,99.0,2772.0,39,39,100.0,0.0,100.0,0.0,200.0,0.0,100.0,7647.0,100.0,41576193488.0,100.0,67665721522.0
2018-11-05,ZCH06NGN,ST12000NM0007,12000138625024,0,79,83666768,97.0,0.0,100.0,3.0,100.0,0.0,89.0,845222217.0,90,8886,100.0,0.0,100,2,,,,,100.0,0.0,100.0,0.0,,,61.0,39.0,,,100.0,89.0,99.0,2773.0,39,39,100.0,0.0,100.0,0.0,200.0,0.0,100.0,7670.0,100.0,41643961256.0,100.0,67815031490.0
2018-11-06,ZCH06NGN,ST12000NM0007,12000138625024,0,79.0,88979592.0,97.0,0.0,100.0,3.0,100.0,0.0,89.0,847423677.0,90.0,8911.0,100.0,0.0,100.0,2.0,,,,,100.0,0.0,100.0,0.0,,,60.0,40.0,,,100.0,89.0,99.0,2775.0,40.0,40.0,100.0,0.0,100.0,0.0,200.0,0.0,100.0,7694.0,100.0,41720110448.0,100.0,67988335850.0
2018-11-07,ZCH06NGN,ST12000NM0007,12000138625024,0,81.0,125811552.0,97.0,0.0,100.0,3.0,100.0,0.0,89.0,849814184.0,90.0,8935.0,100.0,0.0,100.0,2.0,,,,,100.0,0.0,100.0,0.0,,,60.0,40.0,,,100.0,89.0,99.0,2776.0,40.0,40.0,100.0,0.0,100.0,0.0,200.0,0.0,100.0,7718.0,100.0,41801294512.0,100.0,68188124378.0
2018-11-08,ZCH06NGN,ST12000NM0007,12000138625024,0,81.0,127849960.0,97.0,0.0,100.0,3.0,100.0,0.0,89.0,852088789.0,90.0,8965.0,100.0,0.0,100.0,2.0,,,,,100.0,0.0,100.0,0.0,,,61.0,39.0,,,100.0,90.0,99.0,2777.0,39.0,39.0,100.0,0.0,100.0,0.0,200.0,0.0,100.0,7749.0,100.0,41872091480.0,100.0,68363506474.0
2018-11-09,ZCH06NGN,ST12000NM0007,12000138625024,0,81,114674048,97.0,0.0,100.0,3.0,100.0,0.0,89.0,854034965.0,90,8988,100.0,0.0,100,2,,,,,100.0,0.0,100.0,0.0,,,61.0,39.0,,,100.0,90.0,99.0,2778.0,39,39,100.0,0.0,100.0,0.0,200.0,0.0,100.0,7772.0,100.0,41935986432.0,100.0,68530576562.0
2018-11-10,ZCH06NGN,ST12000NM0007,12000138625024,0,79,72540960,97.0,0.0,100.0,3.0,100.0,0.0,89.0,856382911.0,90,9012,100.0,0.0,100,2,,,,,100.0,0.0,100.0,0.0,,,61.0,39.0,,,100.0,90.0,99.0,2779.0,39,39,100.0,0.0,100.0,0.0,200.0,0.0,100.0,7795.0,100.0,41999321360.0,100.0,68669249234.0
2018-11-11,ZCH06NGN,ST12000NM0007,12000138625024,0,79,72569704,97.0,0.0,100.0,3.0,100.0,0.0,89.0,858478292.0,90,9037,100.0,0.0,100,2,,,,,100.0,0.0,100.0,0.0,,,61.0,39.0,,,100.0,91.0,99.0,2780.0,39,39,100.0,0.0,100.0,0.0,200.0,0.0,100.0,7820.0,100.0,42073865848.0,100.0,68838874122.0
2018-11-12,ZCH06NGN,ST12000NM0007,12000138625024,0,80,100707664,97.0,0.0,100.0,3.0,100.0,0.0,89.0,860846131.0,90,9061,100.0,0.0,100,2,,,,,100.0,0.0,100.0,0.0,,,61.0,39.0,,,100.0,91.0,99.0,2781.0,39,39,100.0,0.0,100.0,0.0,200.0,0.0,100.0,7844.0,100.0,42145415928.0,100.0,69039602682.0
2018-11-13,ZCH06NGN,ST12000NM0007,12000138625024,0,81,118120248,97.0,0.0,100.0,3.0,100.0,0.0,89.0,863265198.0,90,9084,100.0,0.0,100,2,,,,,100.0,0.0,100.0,0.0,,,61.0,39.0,,,100.0,91.0,99.0,2782.0,39,39,100.0,0.0,100.0,0.0,200.0,0.0,100.0,7867.0,100.0,42233707424.0,100.0,69212864426.0
2018-11-14,ZCH06NGN,ST12000NM0007,12000138625024,0,81,140040696,97.0,0.0,100.0,3.0,100.0,0.0,89.0,865700075.0,90,9108,100.0,0.0,100,2,,,,,100.0,0.0,100.0,0.0,,,61.0,39.0,,,100.0,92.0,99.0,2783.0,39,39,100.0,0.0,100.0,0.0,200.0,0.0,100.0,7891.0,100.0,42314033872.0,100.0,69398599058.0
2018-11-15,ZCH06NGN,ST12000NM0007,12000138625024,0,81,133317832,97.0,0.0,100.0,3.0,100.0,0.0,89.0,867840872.0,90,9133,100.0,0.0,100,2,,,,,100.0,0.0,100.0,0.0,,,61.0,39.0,,,100.0,93.0,99.0,2784.0,39,39,100.0,0.0,100.0,0.0,200.0,0.0,100.0,7916.0,100.0,42384450584.0,100.0,69565600330.0
2018-11-16,ZCH06NGN,ST12000NM0007,12000138625024,0,81,139520496,97.0,0.0,100.0,3.0,100.0,0.0,89.0,869998335.0,90,9156,100.0,0.0,100,2,,,,,100.0,0.0,100.0,0.0,,,61.0,39.0,,,100.0,94.0,99.0,2785.0,39,39,100.0,0.0,100.0,0.0,200.0,0.0,100.0,7939.0,100.0,42460350816.0,100.0,69740043786.0
2018-11-17,ZCH06NGN,ST12000NM0007,12000138625024,0,82.0,147682568.0,97.0,0.0,100.0,3.0,100.0,0.0,89.0,871851621.0,90.0,9181.0,100.0,0.0,100.0,2.0,,,,,100.0,0.0,100.0,0.0,,,61.0,39.0,,,100.0,95.0,99.0,2786.0,39.0,39.0,100.0,0.0,100.0,0.0,200.0,0.0,100.0,7964.0,100.0,42527035136.0,100.0,69925662202.0
2018-11-18,ZCH06NGN,ST12000NM0007,12000138625024,0,82,163931408,97.0,0.0,100.0,3.0,100.0,0.0,89.0,874335306.0,90,9205,100.0,0.0,100,2,,,,,100.0,0.0,100.0,0.0,,,61.0,39.0,,,100.0,95.0,99.0,2787.0,39,39,100.0,0.0,100.0,0.0,200.0,0.0,100.0,7987.0,100.0,42601540544.0,100.0,70111546698.0
2018-11-19,ZCH06NGN,ST12000NM0007,12000138625024,0,82,168048432,97.0,0.0,100.0,3.0,100.0,0.0,89.0,876423403.0,90,9228,100.0,0.0,100,2,,,,,100.0,0.0,100.0,0.0,,,61.0,39.0,,,100.0,96.0,99.0,2788.0,39,39,100.0,0.0,100.0,0.0,200.0,0.0,100.0,8011.0,100.0,42685311952.0,100.0,70276038938.0
2018-11-20,ZCH06NGN,ST12000NM0007,12000138625024,0,83,186861336,97.0,0.0,100.0,3.0,100.0,0.0,89.0,878852504.0,90,9253,100.0,0.0,100,2,,,,,100.0,0.0,100.0,0.0,,,61.0,39.0,,,100.0,97.0,99.0,2789.0,39,39,100.0,0.0,100.0,0.0,200.0,0.0,100.0,8035.0,100.0,42776918408.0,100.0,70447386018.0
2018-11-21,ZCH06NGN,ST12000NM0007,12000138625024,0,84,225722312,97.0,0.0,100.0,3.0,100.0,0.0,89.0,881187399.0,90,9277,100.0,0.0,100,2,,,,,100.0,0.0,100.0,0.0,,,61.0,39.0,,,100.0,98.0,99.0,2790.0,39,39,100.0,0.0,100.0,0.0,200.0,0.0,100.0,8059.0,100.0,42847721520.0,100.0,70659584970.0
2018-11-22,ZCH06NGN,ST12000NM0007,12000138625024,0,84,229824704,97.0,0.0,100.0,3.0,100.0,0.0,89.0,883439282.0,90,9300,100.0,0.0,100,2,,,,,100.0,0.0,100.0,0.0,,,61.0,39.0,,,100.0,98.0,99.0,2791.0,39,39,100.0,0.0,100.0,0.0,200.0,0.0,100.0,8083.0,100.0,42928287816.0,100.0,70827261834.0
2018-11-23,ZCH06NGN,ST12000NM0007,12000138625024,0,84,243643784,97.0,0.0,100.0,3.0,100.0,0.0,89.0,885591981.0,90,9325,100.0,0.0,100,2,,,,,100.0,0.0,100.0,0.0,,,61.0,39.0,,,100.0,99.0,99.0,2792.0,39,39,100.0,0.0,100.0,0.0,200.0,0.0,100.0,8107.0,100.0,42993940896.0,100.0,71019568698.0
2018-11-24,ZCH06NGN,ST12000NM0007,12000138625024,0,82,162736000,97.0,0.0,100.0,3.0,100.0,0.0,89.0,887194554.0,90,9349,100.0,0.0,100,2,,,,,100.0,0.0,100.0,0.0,,,61.0,39.0,,,100.0,99.0,99.0,2793.0,39,39,100.0,0.0,100.0,0.0,200.0,0.0,100.0,8131.0,100.0,43060426520.0,100.0,71116316162.0
2018-11-25,ZCH06NGN,ST12000NM0007,12000138625024,0,83,180586488,97.0,0.0,100.0,3.0,100.0,0.0,89.0,889751704.0,90,9373,100.0,0.0,100,2,,,,,100.0,0.0,100.0,0.0,,,61.0,39.0,,,100.0,99.0,99.0,2794.0,39,39,100.0,0.0,100.0,0.0,200.0,0.0,100.0,8155.0,100.0,43137777704.0,100.0,71300956410.0
2018-11-26,ZCH06NGN,ST12000NM0007,12000138625024,0,83,188133792,97.0,0.0,100.0,3.0,100.0,0.0,90.0,891816108.0,90,9396,100.0,0.0,100,2,,,,,100.0,0.0,100.0,0.0,,,61.0,39.0,,,100.0,99.0,99.0,2795.0,39,39,100.0,0.0,100.0,0.0,200.0,0.0,100.0,8178.0,100.0,43221291216.0,100.0,71469131010.0
2018-11-27,ZCH06NGN,ST12000NM0007,12000138625024,0,83,212570440,97.0,0.0,100.0,3.0,100.0,0.0,90.0,894274366.0,90,9420,100.0,0.0,100,2,,,,,100.0,0.0,100.0,0.0,,,61.0,39.0,,,100.0,100.0,99.0,2796.0,39,39,100.0,0.0,100.0,0.0,200.0,0.0,100.0,8202.0,100.0,43312291656.0,100.0,71646708090.0
2018-11-28,ZCH06NGN,ST12000NM0007,12000138625024,0,73,19301992,97.0,0.0,100.0,3.0,100.0,0.0,90.0,896805290.0,90,9444,100.0,0.0,100,2,,,,,100.0,0.0,100.0,0.0,,,61.0,39.0,,,100.0,100.0,99.0,2797.0,39,39,100.0,0.0,100.0,0.0,200.0,0.0,100.0,8226.0,100.0,43388215928.0,100.0,71865796882.0
2018-11-29,ZCH06NGN,ST12000NM0007,12000138625024,0,71,11222288,97.0,0.0,100.0,3.0,100.0,0.0,90.0,898701622.0,90,9469,100.0,0.0,100,2,,,,,100.0,0.0,100.0,0.0,,,61.0,39.0,,,100.0,101.0,99.0,2798.0,39,39,100.0,0.0,100.0,0.0,200.0,0.0,100.0,8250.0,100.0,43440012344.0,100.0,72050061466.0
2018-11-30,ZCH06NGN,ST12000NM0007,12000138625024,0,70,10523080,97.0,0.0,100.0,3.0,100.0,0.0,90.0,901054246.0,90,9492,100.0,0.0,100,2,,,,,100.0,0.0,100.0,0.0,,,61.0,39.0,,,100.0,102.0,99.0,2799.0,39,39,100.0,0.0,100.0,0.0,200.0,0.0,100.0,8273.0,100.0,43511171624.0,100.0,72222343690.0
2018-12-01,ZCH06NGN,ST12000NM0007,12000138625024,0,84,238630656,97.0,0.0,100.0,3.0,100.0,0.0,90.0,902992472.0,90,9516,100.0,0.0,100,2,,,,,100.0,0.0,100.0,0.0,,,61.0,39.0,,,100.0,102.0,99.0,2800.0,39,39,100.0,0.0,100.0,0.0,200.0,0.0,100.0,8297.0,100.0,43579102928.0,100.0,72382519962.0
2018-12-02,ZCH06NGN,ST12000NM0007,12000138625024,0,74,27592680,97.0,0.0,100.0,3.0,100.0,0.0,90.0,905534928.0,90,9541,100.0,0.0,100,2,,,,,100.0,0.0,100.0,0.0,,,60.0,40.0,,,100.0,103.0,99.0,2801.0,40,40,100.0,0.0,100.0,0.0,200.0,0.0,100.0,8321.0,100.0,43640529152.0,100.0,72598337234.0
2018-12-03,ZCH06NGN,ST12000NM0007,12000138625024,0,78,60584632,97.0,0.0,100.0,3.0,100.0,0.0,90.0,907927647.0,90,9564,100.0,0.0,100,2,,,,,100.0,0.0,100.0,0.0,,,61.0,39.0,,,100.0,103.0,99.0,2802.0,39,39,100.0,0.0,100.0,0.0,200.0,0.0,100.0,8345.0,100.0,43724414968.0,100.0,72791584218.0
2018-12-04,ZCH06NGN,ST12000NM0007,12000138625024,0,78,66179384,97.0,0.0,100.0,3.0,100.0,0.0,90.0,910300860.0,90,9588,100.0,0.0,100,2,,,,,100.0,0.0,100.0,0.0,,,61.0,39.0,,,100.0,103.0,99.0,2803.0,39,39,100.0,0.0,100.0,0.0,200.0,0.0,100.0,8369.0,100.0,43783360304.0,100.0,72982374330.0
2018-12-05,ZCH06NGN,ST12000NM0007,12000138625024,0,80.0,106631296.0,97.0,0.0,100.0,3.0,100.0,0.0,90.0,913182055.0,90.0,9613.0,100.0,0.0,100.0,2.0,,,,,100.0,0.0,100.0,0.0,,,60.0,40.0,,,100.0,103.0,99.0,2804.0,40.0,40.0,100.0,0.0,100.0,0.0,200.0,0.0,100.0,8393.0,100.0,43852242112.0,100.0,73198085098.0
2018-12-06,ZCH06NGN,ST12000NM0007,12000138625024,0,82,154512632,97.0,0.0,100.0,3.0,100.0,0.0,90.0,915788342.0,89,9637,100.0,0.0,100,2,,,,,100.0,0.0,100.0,0.0,,,61.0,39.0,,,100.0,103.0,99.0,2806.0,39,39,100.0,0.0,100.0,0.0,200.0,0.0,100.0,8417.0,100.0,43925616464.0,100.0,73416732802.0
2018-12-07,ZCH06NGN,ST12000NM0007,12000138625024,0,82,155284712,97.0,0.0,100.0,3.0,100.0,0.0,90.0,918102917.0,89,9661,100.0,0.0,100,2,,,,,100.0,0.0,100.0,0.0,,,61.0,39.0,,,100.0,104.0,99.0,2807.0,39,39,100.0,0.0,100.0,0.0,200.0,0.0,100.0,8441.0,100.0,44023964992.0,100.0,73563297002.0
2018-12-08,ZCH06NGN,ST12000NM0007,12000138625024,0,83,180394896,97.0,0.0,100.0,3.0,100.0,0.0,90.0,920508391.0,89,9685,100.0,0.0,100,2,,,,,100.0,0.0,100.0,0.0,,,61.0,39.0,,,100.0,104.0,99.0,2808.0,39,39,100.0,0.0,100.0,0.0,200.0,0.0,100.0,8465.0,100.0,44126411048.0,100.0,73730101794.0
2018-12-09,ZCH06NGN,ST12000NM0007,12000138625024,0,82,175463136,97.0,0.0,100.0,3.0,100.0,0.0,90.0,922637746.0,89,9709,100.0,0.0,100,2,,,,,100.0,0.0,100.0,0.0,,,60.0,40.0,,,100.0,104.0,99.0,2809.0,40,40,100.0,0.0,100.0,0.0,200.0,0.0,100.0,8489.0,100.0,44193824376.0,100.0,73901897370.0
2018-12-10,ZCH06NGN,ST12000NM0007,12000138625024,0,84,225611152,97.0,0.0,100.0,3.0,100.0,0.0,90.0,925551124.0,89,9733,100.0,0.0,100,2,,,,,100.0,0.0,100.0,0.0,,,60.0,40.0,,,100.0,104.0,99.0,2810.0,40,40,100.0,0.0,100.0,0.0,200.0,0.0,100.0,8513.0,100.0,44282339784.0,100.0,74107670818.0
2018-12-11,ZCH06NGN,ST12000NM0007,12000138625024,0,84,235816800,97.0,0.0,100.0,3.0,100.0,0.0,90.0,928138544.0,89,9757,100.0,0.0,100,2,,,,,100.0,0.0,100.0,0.0,,,60.0,40.0,,,100.0,104.0,99.0,2811.0,40,40,100.0,0.0,100.0,0.0,200.0,0.0,100.0,8536.0,100.0,44352435888.0,100.0,74291921218.0
2018-12-12,ZCH06NGN,ST12000NM0007,12000138625024,0,78,61058352,97.0,0.0,100.0,3.0,100.0,0.0,90.0,930966795.0,89,9781,100.0,0.0,100,2,,,,,100.0,0.0,100.0,0.0,,,60.0,40.0,,,100.0,104.0,99.0,2812.0,40,40,100.0,0.0,100.0,0.0,200.0,0.0,100.0,8560.0,100.0,44445676712.0,100.0,74512203322.0
2018-12-13,ZCH06NGN,ST12000NM0007,12000138625024,0,79,88361552,97.0,0.0,100.0,3.0,100.0,0.0,90.0,933443128.0,89,9806,100.0,0.0,100,2,,,,,100.0,0.0,100.0,0.0,,,60.0,40.0,,,100.0,104.0,99.0,2813.0,40,40,100.0,0.0,100.0,0.0,200.0,0.0,100.0,8585.0,100.0,44535844536.0,100.0,74693479466.0
2018-12-14,ZCH06NGN,ST12000NM0007,12000138625024,0,81,139409984,97.0,0.0,100.0,3.0,100.0,0.0,90.0,936275160.0,89,9829,100.0,0.0,100,2,,,,,100.0,0.0,100.0,0.0,,,60.0,40.0,,,100.0,105.0,99.0,2814.0,40,40,100.0,0.0,100.0,0.0,200.0,0.0,100.0,8608.0,100.0,44629350240.0,100.0,74895162946.0
2018-12-15,ZCH06NGN,ST12000NM0007,12000138625024,0,81,112569440,97.0,0.0,100.0,3.0,100.0,0.0,90.0,938282560.0,89,9853,100.0,0.0,100,2,,,,,100.0,0.0,100.0,0.0,,,61.0,39.0,,,100.0,105.0,99.0,2815.0,39,39,100.0,0.0,100.0,0.0,200.0,0.0,100.0,8632.0,100.0,44688545576.0,100.0,75053267914.0
2018-12-16,ZCH06NGN,ST12000NM0007,12000138625024,0,77,53288448,97.0,0.0,100.0,3.0,100.0,0.0,90.0,940337846.0,89,9877,100.0,0.0,100,2,,,,,100.0,0.0,100.0,0.0,,,60.0,40.0,,,100.0,105.0,99.0,2816.0,40,40,100.0,0.0,100.0,0.0,200.0,0.0,100.0,8656.0,100.0,44761999696.0,100.0,75164673474.0
2018-12-17,ZCH06NGN,ST12000NM0007,12000138625024,0,77,44805080,97.0,0.0,100.0,3.0,100.0,0.0,90.0,942472128.0,89,9902,100.0,0.0,100,2,,,,,100.0,0.0,100.0,0.0,,,61.0,39.0,,,100.0,105.0,99.0,2817.0,39,39,100.0,0.0,100.0,0.0,200.0,0.0,100.0,8680.0,100.0,44817841392.0,100.0,75344489082.0
2018-12-18,ZCH06NGN,ST12000NM0007,12000138625024,0,79,75325248,97.0,0.0,100.0,3.0,100.0,0.0,90.0,945520025.0,89,9926,100.0,0.0,100,2,,,,,100.0,0.0,100.0,0.0,,,60.0,40.0,,,100.0,105.0,99.0,2818.0,40,40,100.0,0.0,100.0,0.0,200.0,0.0,100.0,8704.0,100.0,44892874192.0,100.0,75544117082.0
2018-12-19,ZCH06NGN,ST12000NM0007,12000138625024,0,78,65716656,97.0,0.0,100.0,3.0,100.0,0.0,90.0,947691013.0,89,9948,100.0,0.0,100,2,,,,,100.0,0.0,100.0,0.0,,,60.0,40.0,,,100.0,105.0,99.0,2819.0,40,40,100.0,0.0,100.0,0.0,200.0,0.0,100.0,8727.0,100.0,44951708928.0,100.0,75719814530.0
2018-12-20,ZCH06NGN,ST12000NM0007,12000138625024,0,79,84713944,97.0,0.0,100.0,3.0,100.0,0.0,90.0,950201696.0,89,9972,100.0,0.0,100,2,,,,,100.0,0.0,100.0,0.0,,,60.0,40.0,,,100.0,105.0,99.0,2820.0,40,40,100.0,0.0,100.0,0.0,200.0,0.0,100.0,8751.0,100.0,45037800880.0,100.0,75896860874.0
2018-12-21,ZCH06NGN,ST12000NM0007,12000138625024,0,82,150687904,97.0,0.0,100.0,3.0,100.0,0.0,90.0,953160221.0,89,9997,100.0,0.0,100,2,,,,,100.0,0.0,100.0,0.0,,,60.0,40.0,,,100.0,105.0,99.0,2821.0,40,40,100.0,0.0,100.0,0.0,200.0,0.0,100.0,8775.0,100.0,45126999376.0,100.0,76117777018.0
2018-12-22,ZCH06NGN,ST12000NM0007,12000138625024,0,82,173907280,97.0,0.0,100.0,3.0,100.0,0.0,90.0,955756163.0,89,10021,100.0,0.0,100,2,,,,,100.0,0.0,100.0,0.0,,,60.0,40.0,,,100.0,105.0,99.0,2822.0,40,40,100.0,0.0,100.0,0.0,200.0,0.0,100.0,8799.0,100.0,45205087544.0,100.0,76307049122.0
2018-12-23,ZCH06NGN,ST12000NM0007,12000138625024,0,81,132309368,97.0,0.0,100.0,3.0,100.0,0.0,90.0,957856173.0,89,10044,100.0,0.0,100,2,,,,,100.0,0.0,100.0,0.0,,,60.0,40.0,,,100.0,106.0,99.0,2823.0,40,40,100.0,0.0,100.0,0.0,200.0,0.0,100.0,8822.0,100.0,45280150248.0,100.0,76434529234.0
2018-12-24,ZCH06NGN,ST12000NM0007,12000138625024,0,82,167379272,97.0,0.0,100.0,3.0,100.0,0.0,90.0,960552544.0,89,10069,100.0,0.0,100,2,,,,,100.0,0.0,100.0,0.0,,,60.0,40.0,,,100.0,106.0,99.0,2824.0,40,40,100.0,0.0,100.0,0.0,200.0,0.0,100.0,8846.0,100.0,45377072920.0,100.0,76616817538.0
2018-12-25,ZCH06NGN,ST12000NM0007,12000138625024,0,83,182211320,97.0,0.0,100.0,3.0,100.0,0.0,90.0,962907324.0,89,10094,100.0,0.0,100,2,,,,,100.0,0.0,100.0,0.0,,,60.0,40.0,,,100.0,107.0,99.0,2825.0,40,40,100.0,0.0,100.0,0.0,200.0,0.0,100.0,8871.0,100.0,45453585624.0,100.0,76799277618.0
2018-12-26,ZCH06NGN,ST12000NM0007,12000138625024,0,83,205582600,97.0,0.0,100.0,3.0,100.0,0.0,90.0,965129048.0,89,10118,100.0,0.0,100,2,,,,,100.0,0.0,100.0,0.0,,,60.0,40.0,,,100.0,108.0,99.0,2826.0,40,40,100.0,0.0,100.0,0.0,200.0,0.0,100.0,8895.0,100.0,45517710336.0,100.0,77002664850.0
2018-12-27,ZCH06NGN,ST12000NM0007,12000138625024,0,83,218698592,97.0,0.0,100.0,3.0,100.0,0.0,90.0,968039264.0,89,10140,100.0,0.0,100,2,,,,,100.0,0.0,100.0,0.0,,,60.0,40.0,,,100.0,108.0,99.0,2827.0,40,40,100.0,0.0,100.0,0.0,200.0,0.0,100.0,8917.0,100.0,45580528792.0,100.0,77197104338.0
2018-12-28,ZCH06NGN,ST12000NM0007,12000138625024,0,84,238962880,97.0,0.0,100.0,3.0,100.0,0.0,90.0,970506807.0,89,10165,100.0,0.0,100,2,,,,,100.0,0.0,100.0,0.0,,,60.0,40.0,,,100.0,109.0,99.0,2828.0,40,40,100.0,0.0,100.0,0.0,200.0,0.0,100.0,8942.0,100.0,45644071848.0,100.0,77397966378.0
2018-12-29,ZCH06NGN,ST12000NM0007,12000138625024,0,84,232803664,97.0,0.0,100.0,3.0,100.0,0.0,90.0,972723477.0,89,10189,100.0,0.0,100,2,,,,,100.0,0.0,100.0,0.0,,,60.0,40.0,,,100.0,109.0,99.0,2829.0,40,40,100.0,0.0,100.0,0.0,200.0,0.0,100.0,8966.0,100.0,45714138088.0,100.0,77565881642.0
2018-12-30,ZCH06NGN,ST12000NM0007,12000138625024,0,83,220363240,97.0,0.0,100.0,3.0,100.0,0.0,90.0,974835311.0,89,10213,100.0,0.0,100,2,,,,,100.0,0.0,100.0,0.0,,,60.0,40.0,,,100.0,109.0,99.0,2830.0,40,40,100.0,0.0,100.0,0.0,200.0,0.0,100.0,8990.0,100.0,45769943280.0,100.0,77741776890.0
2018-12-31,ZCH06NGN,ST12000NM0007,12000138625024,0,83,196425680,97.0,0.0,100.0,3.0,100.0,0.0,90.0,976796955.0,89,10238,100.0,0.0,100,2,,,,,100.0,0.0,100.0,0.0,,,60.0,40.0,,,100.0,110.0,99.0,2831.0,40,40,100.0,0.0,100.0,0.0,200.0,0.0,100.0,9014.0,100.0,45829199504.0,100.0,77902724170.0
