2018-01-01,ZCH057ZZ,ST12000NM0007,12000138625024,0,75,29006608,95,0,100,4,100,0,76,36587652,99,1119,100,0,100,4,,,,,100.0,0.0,100.0,0.0,,,69.0,31.0,,,100.0,1.0,99.0,2142.0,31,31,100,0,100,0,200,0,100.0,320.0,100.0,3901067144.0,100.0,2719825556.0
2018-01-02,ZCH057ZZ,ST12000NM0007,12000138625024,0,84,228001584,95,0,100,4,100,0,76,39608777,99,1143,100,0,100,4,,,,,100.0,0.0,100.0,0.0,,,68.0,32.0,,,100.0,1.0,99.0,2143.0,32,32,100,0,100,0,200,0,100.0,343.0,100.0,4145681032.0,100.0,2918347348.0
2018-01-03,ZCH057ZZ,ST12000NM0007,12000138625024,0,84,230637768,95,0,100,4,100,0,76,42819830,99,1166,100,0,100,4,,,,,100.0,0.0,100.0,0.0,,,69.0,31.0,,,100.0,1.0,99.0,2144.0,31,31,100,0,100,0,200,0,100.0,367.0,100.0,4425418800.0,100.0,3129527460.0
2018-01-04,ZCH057ZZ,ST12000NM0007,12000138625024,0,78,62007136,95,0,100,4,100,0,77,44848505,99,1181,100,0,100,4,,,,,100.0,0.0,100.0,0.0,,,68.0,32.0,,,100.0,1.0,99.0,2144.0,32,32,100,0,100,0,200,0,100.0,381.0,100.0,4605512288.0,100.0,3269084700.0
2018-01-05,ZCH057ZZ,ST12000NM0007,12000138625024,0,78.0,57638232.0,95.0,0.0,100.0,4.0,100.0,0.0,77.0,48004228.0,99.0,1205.0,100.0,0.0,100.0,4.0,,,,,100.0,0.0,100.0,0.0,,,69.0,31.0,,,100.0,1.0,99.0,2146.0,31.0,31.0,100.0,0.0,100.0,0.0,200.0,0.0,100.0,405.0,100.0,4853171136.0,100.0,3505338644.0
2018-01-06,ZCH057ZZ,ST12000NM0007,12000138625024,0,76,42543480,95,0,100,4,100,0,77,51194676,99,1229,100,0,100,4,,,,,100.0,0.0,100.0,0.0,,,68.0,32.0,,,100.0,1.0,99.0,2147.0,32,32,100,0,100,0,200,0,100.0,429.0,100.0,5109918440.0,100.0,3721778156.0
2018-01-07,ZCH057ZZ,ST12000NM0007,12000138625024,0,73,18739128,95,0,100,4,100,0,77,54230679,99,1253,100,0,100,4,,,,,100.0,0.0,100.0,0.0,,,69.0,31.0,,,100.0,1.0,99.0,2148.0,31,31,100,0,100,0,200,0,100.0,453.0,100.0,5336827272.0,100.0,3959346332.0
2018-01-08,ZCH057ZZ,ST12000NM0007,12000138625024,0,82,146219368,95,0,100,4,100,0,78,56969568,99,1277,100,0,100,4,,,,,100.0,0.0,100.0,0.0,,,69.0,31.0,,,100.0,1.0,99.0,2149.0,31,31,100,0,100,0,200,0,100.0,477.0,100.0,5524719768.0,100.0,4143074924.0
2018-01-09,ZCH057ZZ,ST12000NM0007,12000138625024,0,82,159476816,95,0,100,4,100,0,78,60383812,99,1301,100,0,100,4,,,,,100.0,0.0,100.0,0.0,,,68.0,32.0,,,100.0,1.0,99.0,2151.0,32,32,100,0,100,0,200,0,100.0,501.0,100.0,5779142336.0,100.0,4390191724.0
2018-01-10,ZCH057ZZ,ST12000NM0007,12000138625024,0,81,135321296,95,0,100,4,100,0,78,63520626,99,1325,100,0,100,4,,,,,100.0,0.0,100.0,0.0,,,68.0,32.0,,,100.0,1.0,99.0,2152.0,32,32,100,0,100,0,200,0,100.0,525.0,100.0,6025755288.0,100.0,4607704740.0
2018-01-11,ZCH057ZZ,ST12000NM0007,12000138625024,0,78,63080912,95,0,100,4,100,0,78,68069426,99,1358,100,0,100,4,,,,,100.0,0.0,100.0,0.0,,,68.0,32.0,,,100.0,2.0,99.0,2154.0,32,32,100,0,100,0,200,0,100.0,558.0,100.0,6381089776.0,100.0,4912551972.0
2018-01-12,ZCH057ZZ,ST12000NM0007,12000138625024,0,82,142107224,95,0,100,4,100,0,79,71671789,99,1383,100,0,100,4,,,,,100.0,0.0,100.0,0.0,,,68.0,32.0,,,100.0,2.0,99.0,2155.0,32,32,100,0,100,0,200,0,100.0,583.0,100.0,6706488176.0,100.0,5154461372.0
2018-01-13,ZCH057ZZ,ST12000NM0007,12000138625024,0,81.0,136496264.0,95.0,0.0,100.0,4.0,100,0,79.0,74896728.0,99,1406,100.0,0.0,100,4,,,,,100.0,0.0,100.0,0.0,,,67.0,33.0,,,100.0,2.0,99.0,2156.0,33.0,33.0,100.0,0.0,100.0,0.0,200,0,100.0,606.0,100.0,6986074120.0,100.0,5357545956.0
2018-01-14,ZCH057ZZ,ST12000NM0007,12000138625024,0,80.0,107363840.0,95.0,0.0,100.0,4.0,100,0,79.0,78201472.0,99,1430,100.0,0.0,100,4,,,,,100.0,0.0,100.0,0.0,,,67.0,33.0,,,100.0,2.0,99.0,2157.0,33.0,33.0,100.0,0.0,100.0,0.0,200,0,100.0,630.0,100.0,7230836328.0,100.0,5571932876.0
2018-01-15,ZCH057ZZ,ST12000NM0007,12000138625024,0,83.0,201643272.0,95.0,0.0,100.0,4.0,100,0,79.0,81666573.0,99,1454,100.0,0.0,100,4,,,,,100.0,0.0,100.0,0.0,,,66.0,34.0,,,100.0,2.0,99.0,2158.0,34.0,34.0,100.0,0.0,100.0,0.0,200,0,100.0,654.0,100.0,7542958112.0,100.0,5842371916.0
2018-01-16,ZCH057ZZ,ST12000NM0007,12000138625024,0,68.0,6686304.0,95.0,0.0,100.0,4.0,100,0,79.0,85173386.0,99,1478,100.0,0.0,100,4,,,,,100.0,0.0,100.0,0.0,,,66.0,34.0,,,100.0,2.0,99.0,2159.0,34.0,34.0,100.0,0.0,100.0,0.0,200,0,100.0,678.0,100.0,7825487600.0,100.0,6097307660.0
2018-01-17,ZCH057ZZ,ST12000NM0007,12000138625024,0,84.0,243892360.0,95.0,0.0,100.0,4.0,100,0,79.0,88520846.0,99,1503,100.0,0.0,100,4,,,,,100.0,0.0,100.0,0.0,,,66.0,34.0,,,100.0,2.0,99.0,2160.0,34.0,34.0,100.0,0.0,100.0,0.0,200,0,100.0,702.0,100.0,8103327928.0,100.0,6300814124.0
2018-01-18,ZCH057ZZ,ST12000NM0007,12000138625024,0,84.0,225887104.0,95.0,0.0,100.0,4.0,100.0,0.0,80.0,90260979.0,99.0,1517.0,100.0,0.0,100.0,4.0,,,,,100.0,0.0,100.0,0.0,,,66.0,34.0,,,100.0,2.0,99.0,2161.0,34.0,34.0,100.0,0.0,100.0,0.0,200.0,0.0,100.0,716.0,100.0,8235769552.0,100.0,6394507876.0
2018-01-19,ZCH057ZZ,ST12000NM0007,12000138625024,0,82.0,162763216.0,95.0,0.0,100.0,4.0,100.0,0.0,80.0,93541729.0,99.0,1542.0,100.0,0.0,100.0,4.0,,,,,100.0,0.0,100.0,0.0,,,66.0,34.0,,,100.0,2.0,99.0,2163.0,34.0,34.0,100.0,0.0,100.0,0.0,200.0,0.0,100.0,741.0,100.0,8465878800.0,100.0,6589556492.0
2018-01-20,ZCH057ZZ,ST12000NM0007,12000138625024,0,81.0,117602928.0,95.0,0.0,100.0,4.0,100,0,80.0,96659110.0,99,1565,100.0,0.0,100,4,,,,,100.0,0.0,100.0,0.0,,,67.0,33.0,,,100.0,2.0,99.0,2164.0,33.0,33.0,100.0,0.0,100.0,0.0,200,0,100.0,764.0,100.0,8698041912.0,100.0,6800514468.0
2018-01-21,ZCH057ZZ,ST12000NM0007,12000138625024,0,76.0,43926264.0,95.0,0.0,100.0,4.0,100,0,80.0,99732963.0,99,1589,100.0,0.0,100,4,,,,,100.0,0.0,100.0,0.0,,,68.0,32.0,,,100.0,2.0,99.0,2164.0,32.0,32.0,100.0,0.0,100.0,0.0,200,0,100.0,788.0,100.0,8910841856.0,100.0,7002319612.0
2018-01-22,ZCH057ZZ,ST12000NM0007,12000138625024,0,67.0,5229344.0,95.0,0.0,100.0,4.0,100,0,80.0,102855237.0,99,1613,100.0,0.0,100,4,,,,,100.0,0.0,100.0,0.0,,,68.0,32.0,,,100.0,2.0,99.0,2165.0,32.0,32.0,100.0,0.0,100.0,0.0,200,0,100.0,812.0,100.0,9138172080.0,100.0,7224573948.0
2018-01-23,ZCH057ZZ,ST12000NM0007,12000138625024,0,84.0,238753392.0,95.0,0.0,100.0,4.0,100,0,80.0,106039312.0,99,1637,100.0,0.0,100,4,,,,,100.0,0.0,100.0,0.0,,,68.0,32.0,,,100.0,2.0,99.0,2166.0,32.0,32.0,100.0,0.0,100.0,0.0,200,0,100.0,836.0,100.0,9368666688.0,100.0,7471744284.0
2018-01-24,ZCH057ZZ,ST12000NM0007,12000138625024,0,82.0,147680024.0,95.0,0.0,100.0,4.0,100,0,80.0,110668828.0,99,1670,100.0,0.0,100,4,,,,,100.0,0.0,100.0,0.0,,,68.0,32.0,,,100.0,2.0,99.0,2168.0,32.0,32.0,100.0,0.0,100.0,0.0,200,0,100.0,868.0,100.0,9660540088.0,100.0,7821219772.0
2018-01-25,ZCH057ZZ,ST12000NM0007,12000138625024,0,83.0,187319200.0,95.0,0.0,100.0,4.0,100,0,81.0,112750149.0,99,1686,100.0,0.0,100,4,,,,,100.0,0.0,100.0,0.0,,,67.0,33.0,,,100.0,2.0,99.0,2168.0,33.0,33.0,100.0,0.0,100.0,0.0,200,0,100.0,884.0,100.0,9806369336.0,100.0,7959170540.0
2018-01-26,ZCH057ZZ,ST12000NM0007,12000138625024,0,82.0,141342376.0,95.0,0.0,100.0,4.0,100,0,81.0,115940226.0,99,1709,100.0,0.0,100,4,,,,,100.0,0.0,100.0,0.0,,,66.0,34.0,,,100.0,2.0,99.0,2170.0,34.0,34.0,100.0,0.0,100.0,0.0,200,0,100.0,907.0,100.0,10019654960.0,100.0,8188189428.0
2018-01-27,ZCH057ZZ,ST12000NM0007,12000138625024,0,79.0,80948152.0,95.0,0.0,100.0,4.0,100,0,81.0,119208770.0,99,1734,100.0,0.0,100,4,,,,,100.0,0.0,100.0,0.0,,,66.0,34.0,,,100.0,2.0,99.0,2172.0,34.0,34.0,100.0,0.0,100.0,0.0,200,0,100.0,932.0,100.0,10235399688.0,100.0,8400332036.0
2018-01-28,ZCH057ZZ,ST12000NM0007,12000138625024,0,68.0,6531648.0,95.0,0.0,100.0,4.0,100,0,81.0,122311028.0,98,1757,100.0,0.0,100,4,,,,,100.0,0.0,100.0,0.0,,,66.0,34.0,,,100.0,2.0,99.0,2172.0,34.0,34.0,100.0,0.0,100.0,0.0,200,0,100.0,955.0,100.0,10440523800.0,100.0,8609073076.0
2018-01-29,ZCH057ZZ,ST12000NM0007,12000138625024,0,83.0,180883344.0,95.0,0.0,100.0,4.0,100,0,81.0,125200394.0,98,1781,100.0,0.0,100,4,,,,,100.0,0.0,100.0,0.0,,,65.0,35.0,,,100.0,2.0,99.0,2174.0,35.0,35.0,100.0,0.0,100.0,0.0,200,0,100.0,979.0,100.0,10637983648.0,100.0,8830105676.0
2018-01-30,ZCH057ZZ,ST12000NM0007,12000138625024,0,71.0,12500120.0,95.0,0.0,100.0,4.0,100,0,81.0,129190098.0,98,1813,100.0,0.0,100,4,,,,,100.0,0.0,100.0,0.0,,,66.0,34.0,,,100.0,2.0,99.0,2175.0,34.0,34.0,100.0,0.0,100.0,0.0,200,0,100.0,1011.0,100.0,10907725848.0,100.0,9124402564.0
2018-01-31,ZCH057ZZ,ST12000NM0007,12000138625024,0,80.0,102818512.0,94.0,0.0,100.0,5.0,100.0,0.0,81.0,131372703.0,98.0,1828.0,100.0,0.0,100.0,5.0,,,,,100.0,0.0,100.0,0.0,,,68.0,32.0,,,100.0,2.0,99.0,2179.0,32.0,32.0,100.0,0.0,100.0,0.0,200.0,0.0,100.0,1026.0,100.0,11051487976.0,100.0,9315099580.0
2018-02-01,ZCH057ZZ,ST12000NM0007,12000138625024,0,72.0,17395248.0,94.0,0.0,100.0,5.0,100,0,81.0,134441624.0,98,1853,100.0,0.0,100,5,,,,,100.0,0.0,100.0,0.0,,,63.0,37.0,,,100.0,2.0,99.0,2180.0,37.0,37.0,100.0,0.0,100.0,0.0,200,0,100.0,1051.0,100.0,11223287088.0,100.0,9546158934.0
2018-02-02,ZCH057ZZ,ST12000NM0007,12000138625024,0,83.0,221196568.0,94.0,0.0,100.0,5.0,100,0,81.0,137662928.0,98,1877,100.0,0.0,100,5,,,,,100.0,0.0,100.0,0.0,,,65.0,35.0,,,100.0,2.0,99.0,2181.0,35.0,35.0,100.0,0.0,100.0,0.0,200,0,100.0,1074.0,100.0,11468875528.0,100.0,9748512446.0
2018-02-03,ZCH057ZZ,ST12000NM0007,12000138625024,0,83.0,193374824.0,94.0,0.0,100.0,5.0,100,0,81.0,140968773.0,98,1901,100.0,0.0,100,5,,,,,100.0,0.0,100.0,0.0,,,65.0,35.0,,,100.0,2.0,99.0,2181.0,35.0,35.0,100.0,0.0,100.0,0.0,200,0,100.0,1098.0,100.0,11698782344.0,100.0,9979065326.0
2018-02-04,ZCH057ZZ,ST12000NM0007,12000138625024,0,84.0,226156256.0,94.0,0.0,100.0,5.0,100,0,82.0,144741059.0,98,1929,100.0,0.0,100,5,,,,,100.0,0.0,100.0,0.0,,,65.0,35.0,,,100.0,2.0,99.0,2183.0,35.0,35.0,100.0,0.0,100.0,0.0,200,0,100.0,1126.0,100.0,11951575216.0,100.0,10247335166.0
2018-02-05,ZCH057ZZ,ST12000NM0007,12000138625024,0,84.0,238234648.0,94.0,0.0,100.0,5.0,100,0,82.0,148313667.0,98,1953,100.0,0.0,100,5,,,,,100.0,0.0,100.0,0.0,,,65.0,35.0,,,100.0,2.0,99.0,2184.0,35.0,35.0,100.0,0.0,100.0,0.0,200,0,100.0,1150.0,100.0,12190244656.0,100.0,10509026014.0
2018-02-06,ZCH057ZZ,ST12000NM0007,12000138625024,0,84.0,237302560.0,94.0,0.0,100.0,5.0,100,0,82.0,151708669.0,98,1977,100.0,0.0,100,5,,,,,100.0,0.0,100.0,0.0,,,64.0,36.0,,,100.0,2.0,99.0,2185.0,36.0,36.0,100.0,0.0,100.0,0.0,200,0,100.0,1174.0,100.0,12432623672.0,100.0,10753996334.0
2018-02-07,ZCH057ZZ,ST12000NM0007,12000138625024,0,76.0,40326440.0,94.0,0.0,100.0,5.0,100,0,82.0,155225099.0,98,2001,100.0,0.0,100,5,,,,,100.0,0.0,100.0,0.0,,,64.0,36.0,,,100.0,2.0,99.0,2186.0,36.0,36.0,100.0,0.0,100.0,0.0,200,0,100.0,1197.0,100.0,12670621656.0,100.0,11051444398.0
2018-02-08,ZCH057ZZ,ST12000NM0007,12000138625024,0,100.0,315488.0,94.0,0.0,100.0,5.0,100,0,82.0,158388062.0,98,2027,100.0,0.0,100,5,,,,,100.0,0.0,100.0,0.0,,,66.0,34.0,,,100.0,2.0,99.0,2187.0,34.0,34.0,100.0,0.0,100.0,0.0,200,0,100.0,1224.0,100.0,12842223424.0,100.0,11328113070.0
2018-02-09,ZCH057ZZ,ST12000NM0007,12000138625024,0,79,73344152,94,0,100,5,100,0,82,162019014,98,2051,100,0,100,5,,,,,100.0,0.0,100.0,0.0,,,65.0,35.0,,,100.0,2.0,99.0,2188.0,35,35,100,0,100,0,200,0,100.0,1248.0,100.0,13088828784.0,100.0,11642817758.0
2018-02-10,ZCH057ZZ,ST12000NM0007,12000138625024,0,75.0,34604712.0,94.0,0.0,100.0,5.0,100.0,0.0,82.0,165070565.0,98.0,2076.0,100.0,0.0,100.0,5.0,,,,,100.0,0.0,100.0,0.0,,,65.0,35.0,,,100.0,2.0,99.0,2189.0,35.0,35.0,100.0,0.0,100.0,0.0,200.0,0.0,100.0,1271.0,100.0,13257557272.0,100.0,11923631534.0
2018-02-11,ZCH057ZZ,ST12000NM0007,12000138625024,0,75,28506072,94,0,100,5,100,0,82,168379297,98,2100,100,0,100,5,,,,,100.0,0.0,100.0,0.0,,,65.0,35.0,,,100.0,2.0,99.0,2190.0,35,35,100,0,100,0,200,0,100.0,1296.0,100.0,13501183464.0,100.0,12162188334.0
2018-02-12,ZCH057ZZ,ST12000NM0007,12000138625024,0,78,64152784,94,0,100,5,100,0,82,171817255,98,2124,100,0,100,5,,,,,100.0,0.0,100.0,0.0,,,65.0,35.0,,,100.0,2.0,99.0,2191.0,35,35,100,0,100,0,200,0,100.0,1320.0,100.0,13783771176.0,100.0,12403528654.0
2018-02-13,ZCH057ZZ,ST12000NM0007,12000138625024,0,79,84515368,94,0,100,5,100,0,82,175304312,98,2147,100,0,100,5,,,,,100.0,0.0,100.0,0.0,,,66.0,34.0,,,100.0,2.0,99.0,2192.0,34,34,100,0,100,0,200,0,100.0,1342.0,100.0,14041432312.0,100.0,12654511446.0
2018-02-14,ZCH057ZZ,ST12000NM0007,12000138625024,0,81,114162792,94,0,100,5,100,0,83,178684035,98,2171,100,0,100,5,,,,,100.0,0.0,100.0,0.0,,,66.0,34.0,,,100.0,2.0,99.0,2193.0,34,34,100,0,100,0,200,0,100.0,1366.0,100.0,14304286208.0,100.0,12909586558.0
2018-02-15,ZCH057ZZ,ST12000NM0007,12000138625024,0,83,196447016,94,0,100,5,100,0,83,182469925,98,2196,100,0,100,5,,,,,100.0,0.0,100.0,0.0,,,66.0,34.0,,,100.0,2.0,99.0,2194.0,34,34,100,0,100,0,200,0,100.0,1391.0,100.0,14591923448.0,100.0,13192515206.0
2018-02-16,ZCH057ZZ,ST12000NM0007,12000138625024,0,83,200176528,94,0,100,5,100,0,83,185723991,98,2219,100,0,100,5,,,,,100.0,0.0,100.0,0.0,,,66.0,34.0,,,100.0,2.0,99.0,2195.0,34,34,100,0,100,0,200,0,100.0,1414.0,100.0,14821518448.0,100.0,13454931102.0
2018-02-17,ZCH057ZZ,ST12000NM0007,12000138625024,0,84,225690600,94,0,100,5,100,0,83,189223109,98,2243,100,0,100,5,,,,,100.0,0.0,100.0,0.0,,,66.0,34.0,,,100.0,2.0,99.0,2196.0,34,34,100,0,100,0,200,0,100.0,1438.0,100.0,15102495976.0,100.0,13687749270.0
2018-02-18,ZCH057ZZ,ST12000NM0007,12000138625024,0,76,38454624,94,0,100,5,100,0,83,192878079,98,2267,100,0,100,5,,,,,100.0,0.0,100.0,0.0,,,66.0,34.0,,,100.0,2.0,99.0,2197.0,34,34,100,0,100,0,200,0,100.0,1462.0,100.0,15370153952.0,100.0,13965277382.0
2018-02-19,ZCH057ZZ,ST12000NM0007,12000138625024,0,81,122208936,94,0,100,5,100,0,83,196524487,98,2292,100,0,100,5,,,,,100.0,0.0,100.0,0.0,,,65.0,35.0,,,100.0,2.0,99.0,2198.0,35,35,100,0,100,0,200,0,100.0,1486.0,100.0,15672368952.0,100.0,14235098110.0
2018-02-20,ZCH057ZZ,ST12000NM0007,12000138625024,0,82,174517144,94,0,100,5,100,0,83,200115487,98,2316,100,0,100,5,,,,,100.0,0.0,100.0,0.0,,,66.0,34.0,,,100.0,2.0,99.0,2199.0,34,34,100,0,100,0,200,0,100.0,1511.0,100.0,15948531968.0,100.0,14499524798.0
2018-02-21,ZCH057ZZ,ST12000NM0007,12000138625024,0,83,202032824,94,0,100,5,100,0,83,203441896,98,2339,100,0,100,5,,,,,100.0,0.0,100.0,0.0,,,65.0,35.0,,,100.0,2.0,99.0,2200.0,35,35,100,0,100,0,200,0,100.0,1533.0,100.0,16212209952.0,100.0,14751644086.0
2018-02-22,ZCH057ZZ,ST12000NM0007,12000138625024,0,83,221748192,94,0,100,5,100,0,83,206938347,98,2362,100,0,100,5,,,,,100.0,0.0,100.0,0.0,,,65.0,35.0,,,100.0,2.0,99.0,2201.0,35,35,100,0,100,0,200,0,100.0,1557.0,100.0,16451426616.0,100.0,15020424510.0
2018-02-23,ZCH057ZZ,ST12000NM0007,12000138625024,0,83,204216456,94,0,100,5,100,0,83,210199758,98,2386,100,0,100,5,,,,,100.0,0.0,100.0,0.0,,,66.0,34.0,,,100.0,2.0,99.0,2202.0,34,34,100,0,100,0,200,0,100.0,1580.0,100.0,16692576624.0,100.0,15250024630.0
2018-02-24,ZCH057ZZ,ST12000NM0007,12000138625024,0,83,190178088,94,0,100,5,100,0,83,213606757,98,2411,100,0,100,5,,,,,100.0,0.0,100.0,0.0,,,66.0,34.0,,,100.0,2.0,99.0,2203.0,34,34,100,0,100,0,200,0,100.0,1605.0,100.0,16905958424.0,100.0,15510885942.0
2018-02-25,ZCH057ZZ,ST12000NM0007,12000138625024,0,84,238530984,94,0,100,5,100,0,83,217146352,98,2435,100,0,100,5,,,,,100.0,0.0,100.0,0.0,,,67.0,33.0,,,100.0,2.0,99.0,2204.0,33,33,100,0,100,0,200,0,100.0,1629.0,100.0,17175656392.0,100.0,15777822766.0
2018-02-26,ZCH057ZZ,ST12000NM0007,12000138625024,0,83,199515024,94,0,100,5,100,0,83,220334629,98,2459,100,0,100,5,,,,,100.0,0.0,100.0,0.0,,,66.0,34.0,,,100.0,2.0,99.0,2205.0,34,34,100,0,100,0,200,0,100.0,1652.0,100.0,17409523720.0,100.0,15993220926.0
2018-02-27,ZCH057ZZ,ST12000NM0007,12000138625024,0,83,212308152,94,0,100,5,100,0,83,223635470,98,2482,100,0,100,5,,,,,100.0,0.0,100.0,0.0,,,62.0,38.0,,,100.0,2.0,99.0,2206.0,38,38,100,0,100,0,200,0,100.0,1676.0,100.0,17668619440.0,100.0,16235199782.0
2018-02-28,ZCH057ZZ,ST12000NM0007,12000138625024,0,83,212869488,94,0,100,5,100,0,84,227153396,98,2508,100,0,100,5,,,,,100.0,0.0,100.0,0.0,,,62.0,38.0,,,100.0,2.0,99.0,2207.0,38,38,100,0,100,0,200,0,100.0,1701.0,100.0,17901085816.0,100.0,16491576342.0
2018-03-01,ZCH057ZZ,ST12000NM0007,12000138625024,0,83,197843392,94,0,100,5,100,0,84,230682570,98,2533,100,0,100,5,,,,,100.0,0.0,100.0,0.0,,,62.0,38.0,,,100.0,2.0,99.0,2208.0,38,38,100,0,100,0,200,0,100.0,1726.0,100.0,18101117616.0,100.0,16764800398.0
2018-03-02,ZCH057ZZ,ST12000NM0007,12000138625024,0,83,183768896,94,0,100,5,100,0,84,234346900,98,2558,100,0,100,5,,,,,100.0,0.0,100.0,0.0,,,62.0,38.0,,,100.0,2.0,99.0,2209.0,38,38,100,0,100,0,200,0,100.0,1751.0,100.0,18262418744.0,100.0,17077706366.0
2018-03-03,ZCH057ZZ,ST12000NM0007,12000138625024,0,77,53736928,94,0,100,5,100,0,84,237244920,98,2581,100,0,100,5,,,,,100.0,0.0,100.0,0.0,,,62.0,38.0,,,100.0,2.0,99.0,2210.0,38,38,100,0,100,0,200,0,100.0,1774.0,100.0,18410732832.0,100.0,17287641798.0
2018-03-04,ZCH057ZZ,ST12000NM0007,12000138625024,0,73,22043640,94,0,100,5,100,0,84,240699941,98,2606,100,0,100,5,,,,,100.0,0.0,100.0,0.0,,,62.0,38.0,,,100.0,2.0,99.0,2211.0,38,38,100,0,100,0,200,0,100.0,1798.0,100.0,18610981272.0,100.0,17543981510.0
2018-03-05,ZCH057ZZ,ST12000NM0007,12000138625024,0,84,230189608,94,0,100,5,100,0,84,244049023,97,2629,100,0,100,5,,,,,100.0,0.0,100.0,0.0,,,62.0,38.0,,,100.0,2.0,99.0,2212.0,38,38,100,0,100,0,200,0,100.0,1822.0,100.0,18820591280.0,100.0,17786658214.0
2018-03-06,ZCH057ZZ,ST12000NM0007,12000138625024,0,69,7989392,94,0,100,5,100,0,84,247872492,97,2656,100,0,100,5,,,,,100.0,0.0,100.0,0.0,,,62.0,38.0,,,100.0,2.0,99.0,2213.0,38,38,100,0,100,0,200,0,100.0,1848.0,100.0,19046385152.0,100.0,18071086582.0
2018-03-07,ZCH057ZZ,ST12000NM0007,12000138625024,0,84.0,234138760.0,94.0,0.0,100.0,5.0,100.0,0.0,84.0,251170836.0,97.0,2679.0,100.0,0.0,100.0,5.0,,,,,100.0,0.0,100.0,0.0,,,63.0,37.0,,,100.0,2.0,99.0,2214.0,37.0,37.0,100.0,0.0,100.0,0.0,200.0,0.0,100.0,1871.0,100.0,19256315744.0,100.0,18331446070.0
2018-03-08,ZCH057ZZ,ST12000NM0007,12000138625024,0,82,142592512,94,0,100,5,100,0,84,254062197,97,2700,100,0,100,5,,,,,100.0,0.0,100.0,0.0,,,62.0,38.0,,,100.0,2.0,99.0,2215.0,38,38,100,0,100,0,200,0,100.0,1892.0,100.0,19431017104.0,100.0,18553479966.0
2018-03-09,ZCH057ZZ,ST12000NM0007,12000138625024,0,78,66389648,94,0,100,5,100,0,84,257240939,97,2724,100,0,100,5,,,,,100.0,0.0,100.0,0.0,,,62.0,38.0,,,100.0,2.0,99.0,2216.0,38,38,100,0,100,0,200,0,100.0,1916.0,100.0,19622890840.0,100.0,18773684814.0
2018-03-10,ZCH057ZZ,ST12000NM0007,12000138625024,0,84,230734720,94,0,100,5,100,0,84,260495647,97,2748,100,0,100,5,,,,,100.0,0.0,100.0,0.0,,,62.0,38.0,,,100.0,2.0,99.0,2217.0,38,38,100,0,100,0,200,0,100.0,1940.0,100.0,19795524152.0,100.0,19009537366.0
2018-03-11,ZCH057ZZ,ST12000NM0007,12000138625024,0,82,162753768,94,0,100,5,100,0,84,263677792,97,2772,100,0,100,5,,,,,100.0,0.0,100.0,0.0,,,62.0,38.0,,,100.0,2.0,99.0,2218.0,38,38,100,0,100,0,200,0,100.0,1964.0,100.0,19972132456.0,100.0,19253229638.0
2018-03-12,ZCH057ZZ,ST12000NM0007,12000138625024,0,81,136644776,94,0,100,5,100,0,84,267299621,97,2796,100,0,100,5,,,,,100.0,0.0,100.0,0.0,,,62.0,38.0,,,100.0,2.0,99.0,2219.0,38,38,100,0,100,0,200,0,100.0,1988.0,100.0,20154669496.0,100.0,19532865182.0
2018-03-13,ZCH057ZZ,ST12000NM0007,12000138625024,0,76,37988648,94,0,100,5,100,0,84,270413010,97,2820,100,0,100,5,,,,,100.0,0.0,100.0,0.0,,,62.0,38.0,,,100.0,2.0,99.0,2220.0,38,38,100,0,100,0,200,0,100.0,2011.0,100.0,20333569304.0,100.0,19743590550.0
2018-03-14,ZCH057ZZ,ST12000NM0007,12000138625024,0,83,190804240,94,0,100,5,100,0,84,273472297,97,2844,100,0,100,5,,,,,100.0,0.0,100.0,0.0,,,62.0,38.0,,,100.0,3.0,99.0,2221.0,38,38,100,0,100,0,200,0,100.0,2035.0,100.0,20493790504.0,100.0,19980325622.0
2018-03-15,ZCH057ZZ,ST12000NM0007,12000138625024,0,81,125197064,94,0,100,5,100,0,84,276741904,97,2869,100,0,100,5,,,,,100.0,0.0,100.0,0.0,,,62.0,38.0,,,100.0,3.0,99.0,2222.0,38,38,100,0,100,0,200,0,100.0,2059.0,100.0,20635318576.0,100.0,20261471870.0
2018-03-16,ZCH057ZZ,ST12000NM0007,12000138625024,0,76.0,36544944.0,94.0,0.0,100.0,5.0,100.0,0.0,84.0,279944104.0,97.0,2893.0,100.0,0.0,100.0,5.0,,,,,100.0,0.0,100.0,0.0,,,62.0,38.0,,,100.0,3.0,99.0,2223.0,38.0,38.0,100.0,0.0,100.0,0.0,200.0,0.0,100.0,2084.0,100.0,20807687976.0,100.0,20488732158.0
2018-03-17,ZCH057ZZ,ST12000NM0007,12000138625024,0,83,218903232,94,0,100,5,100,0,85,283257739,97,2917,100,0,100,5,,,,,100.0,0.0,100.0,0.0,,,62.0,38.0,,,100.0,3.0,99.0,2224.0,38,38,100,0,100,0,200,0,100.0,2108.0,100.0,20995033384.0,100.0,20727885950.0
2018-03-18,ZCH057ZZ,ST12000NM0007,12000138625024,0,81,121066776,94,0,100,5,100,0,85,286332245,97,2941,100,0,100,5,,,,,100.0,0.0,100.0,0.0,,,62.0,38.0,,,100.0,3.0,99.0,2225.0,38,38,100,0,100,0,200,0,100.0,2132.0,100.0,21156532856.0,100.0,20956831558.0
2018-03-19,ZCH057ZZ,ST12000NM0007,12000138625024,0,77,49792448,94,0,100,5,100,0,85,289601759,97,2966,100,0,100,5,,,,,100.0,0.0,100.0,0.0,,,62.0,38.0,,,100.0,4.0,99.0,2226.0,38,38,100,0,100,0,200,0,100.0,2156.0,100.0,21296682744.0,100.0,21233688662.0
2018-03-20,ZCH057ZZ,ST12000NM0007,12000138625024,0,83,219744512,94,0,100,5,100,0,85,293012194,97,2990,100,0,100,5,,,,,100.0,0.0,100.0,0.0,,,62.0,38.0,,,100.0,4.0,99.0,2227.0,38,38,100,0,100,0,200,0,100.0,2181.0,100.0,21455733040.0,100.0,21488731086.0
2018-03-21,ZCH057ZZ,ST12000NM0007,12000138625024,0,80,90892456,94,0,100,5,100,0,85,295760082,97,3014,100,0,100,5,,,,,100.0,0.0,100.0,0.0,,,63.0,37.0,,,100.0,4.0,99.0,2228.0,37,37,100,0,100,0,200,0,100.0,2204.0,100.0,21576451208.0,100.0,21727442358.0
2018-03-22,ZCH057ZZ,ST12000NM0007,12000138625024,0,82,169188456,94,0,100,5,100,0,85,298445718,97,3038,100,0,100,5,,,,,100.0,0.0,100.0,0.0,,,62.0,38.0,,,100.0,4.0,99.0,2229.0,38,38,100,0,100,0,200,0,100.0,2228.0,100.0,21691033736.0,100.0,21935296742.0
2018-03-23,ZCH057ZZ,ST12000NM0007,12000138625024,0,84,231816200,94,0,100,5,100,0,85,301102688,97,3062,100,0,100,5,,,,,100.0,0.0,100.0,0.0,,,62.0,38.0,,,100.0,4.0,99.0,2230.0,38,38,100,0,100,0,200,0,100.0,2252.0,100.0,21799928648.0,100.0,22133170366.0
2018-03-24,ZCH057ZZ,ST12000NM0007,12000138625024,0,79,82918528,94,0,100,5,100,0,85,303967674,97,3086,100,0,100,5,,,,,100.0,0.0,100.0,0.0,,,62.0,38.0,,,100.0,4.0,99.0,2231.0,38,38,100,0,100,0,200,0,100.0,2276.0,100.0,21930799512.0,100.0,22341683182.0
2018-03-25,ZCH057ZZ,ST12000NM0007,12000138625024,0,83,181340744,94,0,100,5,100,0,85,306949680,97,3110,100,0,100,5,,,,,100.0,0.0,100.0,0.0,,,62.0,38.0,,,100.0,4.0,99.0,2232.0,38,38,100,0,100,0,200,0,100.0,2301.0,100.0,22066346200.0,100.0,22548699454.0
2018-03-26,ZCH057ZZ,ST12000NM0007,12000138625024,0,80,97020328,94,0,100,5,100,0,85,310227132,97,3134,100,0,100,5,,,,,100.0,0.0,100.0,0.0,,,62.0,38.0,,,100.0,4.0,99.0,2233.0,38,38,100,0,100,0,200,0,100.0,2324.0,100.0,22215677584.0,100.0,22803329110.0
2018-03-27,ZCH057ZZ,ST12000NM0007,12000138625024,0,84,237370632,94,0,100,5,100,0,85,313223656,97,3159,100,0,100,5,,,,,100.0,0.0,100.0,0.0,,,62.0,38.0,,,100.0,4.0,99.0,2234.0,38,38,100,0,100,0,200,0,100.0,2349.0,100.0,22349166696.0,100.0,23054331278.0
2018-03-28,ZCH057ZZ,ST12000NM0007,12000138625024,0,81,122734896,94,0,100,5,100,0,85,316160424,97,3182,100,0,100,5,,,,,100.0,0.0,100.0,0.0,,,62.0,38.0,,,100.0,4.0,99.0,2235.0,38,38,100,0,100,0,200,0,100.0,2372.0,100.0,22488592384.0,100.0,23288551470.0
2018-03-29,ZCH057ZZ,ST12000NM0007,12000138625024,0,84,230713776,94,0,100,5,100,0,85,318761787,97,3204,100,0,100,5,,,,,100.0,0.0,100.0,0.0,,,62.0,38.0,,,100.0,4.0,99.0,2237.0,38,38,100,0,100,0,200,0,100.0,2394.0,100.0,22601254064.0,100.0,23528009358.0
2018-03-30,ZCH057ZZ,ST12000NM0007,12000138625024,0,79,85090400,94,0,100,5,100,0,85,321444120,97,3229,100,0,100,5,,,,,100.0,0.0,100.0,0.0,,,62.0,38.0,,,100.0,5.0,99.0,2238.0,38,38,100,0,100,0,200,0,100.0,2419.0,100.0,22726846808.0,100.0,23745074822.0
2018-03-31,ZCH057ZZ,ST12000NM0007,12000138625024,0,83,197921520,94,0,100,5,100,0,85,324197886,97,3253,100,0,100,5,,,,,100.0,0.0,100.0,0.0,,,62.0,38.0,,,100.0,5.0,99.0,2239.0,38,38,100,0,100,0,200,0,100.0,2442.0,100.0,22851891704.0,100.0,23977001678.0
2018-04-01,ZCH057ZZ,ST12000NM0007,12000138625024,0,80,109932640,94,0,100,5,100,0,85,327254084,97,3277,100,0,100,5,,,,,100.0,0.0,100.0,0.0,,,62.0,38.0,,,100.0,5.0,99.0,2240.0,38,38,100,0,100,0,200,0,100.0,2466.0,100.0,22994223168.0,100.0,24234963014.0
2018-04-02,ZCH057ZZ,ST12000NM0007,12000138625024,0,83,216045760,94,0,100,5,100,0,85,330028846,97,3301,100,0,100,5,,,,,100.0,0.0,100.0,0.0,,,62.0,38.0,,,100.0,5.0,99.0,2241.0,38,38,100,0,100,0,200,0,100.0,2491.0,100.0,23122790592.0,100.0,24456649470.0
2018-04-03,ZCH057ZZ,ST12000NM0007,12000138625024,0,80,96657056,94,0,100,5,100,0,85,333150264,97,3325,100,0,100,5,,,,,100.0,0.0,100.0,0.0,,,64.0,36.0,,,100.0,5.0,99.0,2242.0,36,36,100,0,100,0,200,0,100.0,2514.0,100.0,23265050512.0,100.0,24683282262.0
2018-04-04,ZCH057ZZ,ST12000NM0007,12000138625024,0,74,25313920,94,0,100,5,100,0,85,336299975,97,3349,100,0,100,5,,,,,100.0,0.0,100.0,0.0,,,62.0,38.0,,,100.0,5.0,99.0,2243.0,38,38,100,0,100,0,200,0,100.0,2538.0,100.0,23440672848.0,100.0,24924598166.0
2018-04-05,ZCH057ZZ,ST12000NM0007,12000138625024,0,81,117823920,94,0,100,5,100,0,85,338813059,97,3373,100,0,100,5,,,,,100.0,0.0,100.0,0.0,,,62.0,38.0,,,100.0,6.0,99.0,2244.0,38,38,100,0,100,0,200,0,100.0,2562.0,100.0,23563292056.0,100.0,25138629630.0
2018-04-06,ZCH057ZZ,ST12000NM0007,12000138625024,0,84,234135672,94,0,100,5,100,0,85,341534297,97,3397,100,0,100,5,,,,,100.0,0.0,100.0,0.0,,,62.0,38.0,,,100.0,7.0,99.0,2245.0,38,38,100,0,100,0,200,0,100.0,2586.0,100.0,23690101072.0,100.0,25372273150.0
2018-04-07,ZCH057ZZ,ST12000NM0007,12000138625024,0,80.0,93819512.0,94.0,0.0,100.0,5.0,100.0,0.0,85.0,344322140.0,97.0,3421.0,100.0,0.0,100.0,5.0,,,,,100.0,0.0,100.0,0.0,,,62.0,38.0,,,100.0,7.0,99.0,2246.0,38.0,38.0,100.0,0.0,100.0,0.0,200.0,0.0,100.0,2610.0,100.0,23827790272.0,100.0,25582549462.0
2018-04-08,ZCH057ZZ,ST12000NM0007,12000138625024,0,83,184660616,94,0,100,5,100,0,85,347206191,97,3445,100,0,100,5,,,,,100.0,0.0,100.0,0.0,,,62.0,38.0,,,100.0,8.0,99.0,2247.0,38,38,100,0,100,0,200,0,100.0,2634.0,100.0,23972653496.0,100.0,25772668118.0
2018-04-09,ZCH057ZZ,ST12000NM0007,12000138625024,0,79,71257496,94,0,100,5,100,0,85,350153890,97,3469,100,0,100,5,,,,,100.0,0.0,100.0,0.0,,,62.0,38.0,,,100.0,8.0,99.0,2248.0,38,38,100,0,100,0,200,0,100.0,2658.0,100.0,24122382976.0,100.0,25997817542.0
2018-04-10,ZCH057ZZ,ST12000NM0007,12000138625024,0,83,184394864,94,0,100,5,100,0,85,353163140,97,3492,100,0,100,5,,,,,100.0,0.0,100.0,0.0,,,62.0,38.0,,,100.0,8.0,99.0,2249.0,38,38,100,0,100,0,200,0,100.0,2680.0,100.0,24240783200.0,100.0,26236695702.0
2018-04-11,ZCH057ZZ,ST12000NM0007,12000138625024,0,76,38134288,94,0,100,5,100,0,86,355857773,96,3516,100,0,100,5,,,,,100.0,0.0,100.0,0.0,,,63.0,37.0,,,100.0,8.0,99.0,2250.0,37,37,100,0,100,0,200,0,100.0,2704.0,100.0,24358802928.0,100.0,26460696814.0
2018-04-12,ZCH057ZZ,ST12000NM0007,12000138625024,0,79,77236992,94,0,100,5,100,0,86,358335536,96,3540,100,0,100,5,,,,,100.0,0.0,100.0,0.0,,,61.0,39.0,,,100.0,8.0,99.0,2251.0,39,39,100,0,100,0,200,0,100.0,2729.0,100.0,24472805448.0,100.0,26629937678.0
2018-04-13,ZCH057ZZ,ST12000NM0007,12000138625024,0,83,191382112,94,0,100,5,100,0,86,360960365,96,3564,100,0,100,5,,,,,100.0,0.0,100.0,0.0,,,62.0,38.0,,,100.0,8.0,99.0,2252.0,38,38,100,0,100,0,200,0,100.0,2753.0,100.0,24612410608.0,100.0,26848618390.0
2018-04-14,ZCH057ZZ,ST12000NM0007,12000138625024,0,78,59341296,94,0,100,5,100,0,86,363802533,96,3587,100,0,100,5,,,,,100.0,0.0,100.0,0.0,,,62.0,38.0,,,100.0,9.0,99.0,2253.0,38,38,100,0,100,0,200,0,100.0,2775.0,100.0,24741562928.0,100.0,27075706710.0
2018-04-15,ZCH057ZZ,ST12000NM0007,12000138625024,0,72,14580192,94,0,100,5,100,0,86,367382149,96,3615,100,0,100,5,,,,,100.0,0.0,100.0,0.0,,,62.0,38.0,,,100.0,9.0,99.0,2254.0,38,38,100,0,100,0,200,0,100.0,2803.0,100.0,24931364736.0,100.0,27329425750.0
2018-04-16,ZCH057ZZ,ST12000NM0007,12000138625024,0,79,89095704,94,0,100,5,100,0,86,370005221,96,3640,100,0,100,5,,,,,100.0,0.0,100.0,0.0,,,62.0,38.0,,,100.0,9.0,99.0,2255.0,38,38,100,0,100,0,200,0,100.0,2828.0,100.0,25048552928.0,100.0,27530893934.0
2018-04-17,ZCH057ZZ,ST12000NM0007,12000138625024,0,79,72077992,93,0,100,6,100,0,86,371839715,96,3659,100,0,100,5,,,,,100.0,0.0,100.0,0.0,,,62.0,38.0,,,100.0,9.0,99.0,2259.0,38,38,100,0,100,0,200,0,100.0,2847.0,100.0,25118989192.0,100.0,27687580656.0
2018-04-18,ZCH057ZZ,ST12000NM0007,12000138625024,0,83,182562968,93,0,100,6,100,0,86,374389567,96,3683,100,0,100,5,,,,,100.0,0.0,100.0,0.0,,,62.0,38.0,,,100.0,9.0,99.0,2260.0,38,38,100,0,100,0,200,0,100.0,2870.0,100.0,25202282792.0,100.0,27958912800.0
2018-04-19,ZCH057ZZ,ST12000NM0007,12000138625024,0,76,41540928,93,0,100,6,100,0,86,376984366,96,3707,100,0,100,5,,,,,100.0,0.0,100.0,0.0,,,62.0,38.0,,,100.0,9.0,99.0,2261.0,38,38,100,0,100,0,200,0,100.0,2894.0,100.0,25294600440.0,100.0,28213854552.0
2018-04-20,ZCH057ZZ,ST12000NM0007,12000138625024,0,80,107437480,93,0,100,6,100,0,86,379643887,96,3730,100,0,100,5,,,,,100.0,0.0,100.0,0.0,,,62.0,38.0,,,100.0,9.0,99.0,2262.0,38,38,100,0,100,0,200,0,100.0,2917.0,100.0,25380414712.0,100.0,28438077704.0
2018-04-21,ZCH057ZZ,ST12000NM0007,12000138625024,0,83,210302992,93,0,100,6,100,0,86,382295180,96,3754,100,0,100,5,,,,,100.0,0.0,100.0,0.0,,,62.0,38.0,,,100.0,10.0,99.0,2263.0,38,38,100,0,100,0,200,0,100.0,2941.0,100.0,25480587864.0,100.0,28684910808.0
2018-04-22,ZCH057ZZ,ST12000NM0007,12000138625024,0,75,34484984,93,0,100,6,100,0,86,384734725,96,3778,100,0,100,5,,,,,100.0,0.0,100.0,0.0,,,62.0,38.0,,,100.0,11.0,99.0,2264.0,38,38,100,0,100,0,200,0,100.0,2965.0,100.0,25568922848.0,100.0,28909039312.0
2018-04-23,ZCH057ZZ,ST12000NM0007,12000138625024,0,81,112591744,93,0,100,6,100,0,86,387254323,96,3802,100,0,100,5,,,,,100.0,0.0,100.0,0.0,,,62.0,38.0,,,100.0,12.0,99.0,2265.0,38,38,100,0,100,0,200,0,100.0,2988.0,100.0,25667269000.0,100.0,29132940896.0
2018-04-24,ZCH057ZZ,ST12000NM0007,12000138625024,0,79,72904384,93,0,100,6,100,0,86,389376756,96,3826,100,0,100,5,,,,,100.0,0.0,100.0,0.0,,,62.0,38.0,,,100.0,12.0,99.0,2266.0,38,38,100,0,100,0,200,0,100.0,3012.0,100.0,25761012920.0,100.0,29243650288.0
2018-04-25,ZCH057ZZ,ST12000NM0007,12000138625024,0,83,185121672,93,0,100,6,100,0,86,391988863,96,3851,100,0,100,5,,,,,100.0,0.0,100.0,0.0,,,62.0,38.0,,,100.0,12.0,99.0,2267.0,38,38,100,0,100,0,200,0,100.0,3037.0,100.0,25863194968.0,100.0,29497832720.0
2018-04-26,ZCH057ZZ,ST12000NM0007,12000138625024,0,72,17488144,93,0,100,6,100,0,86,394513980,96,3877,100,0,100,5,,,,,100.0,0.0,100.0,0.0,,,62.0,38.0,,,100.0,12.0,99.0,2269.0,38,38,100,0,100,0,200,0,100.0,3063.0,100.0,25951511944.0,100.0,29730163784.0
2018-04-27,ZCH057ZZ,ST12000NM0007,12000138625024,0,80,97349600,93,0,100,6,100,0,86,397477646,96,3903,100,0,100,5,,,,,100.0,0.0,100.0,0.0,,,62.0,38.0,,,100.0,13.0,99.0,2270.0,38,38,100,0,100,0,200,0,100.0,3089.0,100.0,26041946592.0,100.0,29963731648.0
2018-04-28,ZCH057ZZ,ST12000NM0007,12000138625024,0,81,133656792,93,0,100,6,100,0,86,399714819,96,3925,100,0,100,5,,,,,100.0,0.0,100.0,0.0,,,62.0,38.0,,,100.0,13.0,99.0,2271.0,38,38,100,0,100,0,200,0,100.0,3111.0,100.0,26106079384.0,100.0,30180046680.0
2018-04-29,ZCH057ZZ,ST12000NM0007,12000138625024,0,83,195647960,93,0,100,6,100,0,86,402141806,96,3949,100,0,100,5,,,,,100.0,0.0,100.0,0.0,,,62.0,38.0,,,100.0,13.0,99.0,2272.0,38,38,100,0,100,0,200,0,100.0,3135.0,100.0,26200261024.0,100.0,30391996984.0
2018-04-30,ZCH057ZZ,ST12000NM0007,12000138625024,0,76,43729896,93,0,100,6,100,0,86,404779368,96,3974,100,0,100,5,,,,,100.0,0.0,100.0,0.0,,,63.0,37.0,,,100.0,14.0,99.0,2273.0,37,37,100,0,100,0,200,0,100.0,3160.0,100.0,26303222416.0,100.0,30625398880.0
2018-05-01,ZCH057ZZ,ST12000NM0007,12000138625024,0,80,100677192,93,0,100,6,100,0,86,407103474,96,3997,100,0,100,5,,,,,100.0,0.0,100.0,0.0,,,62.0,38.0,,,100.0,14.0,99.0,2274.0,38,38,100,0,100,0,200,0,100.0,3183.0,100.0,26398409840.0,100.0,30831299416.0
2018-05-02,ZCH057ZZ,ST12000NM0007,12000138625024,0,83.0,201638872.0,93.0,0.0,100.0,6.0,100.0,0.0,86.0,409788600.0,96.0,4022.0,100.0,0.0,100.0,5.0,,,,,100.0,0.0,100.0,0.0,,,62.0,38.0,,,100.0,14.0,99.0,2275.0,38.0,38.0,100.0,0.0,100.0,0.0,200.0,0.0,100.0,3207.0,100.0,26505757088.0,100.0,31069054616.0
2018-05-03,ZCH057ZZ,ST12000NM0007,12000138625024,0,78,66969632,93,0,100,6,100,0,86,412749614,96,4045,100,0,100,5,,,,,100.0,0.0,100.0,0.0,,,62.0,38.0,,,100.0,14.0,99.0,2276.0,38,38,100,0,100,0,200,0,100.0,3230.0,100.0,26594221504.0,100.0,31334202288.0
2018-05-04,ZCH057ZZ,ST12000NM0007,12000138625024,0,80,106703040,93,0,100,6,100,0,86,415255059,96,4069,100,0,100,5,,,,,100.0,0.0,100.0,0.0,,,62.0,38.0,,,100.0,15.0,99.0,2277.0,38,38,100,0,100,0,200,0,100.0,3253.0,100.0,26699194560.0,100.0,31513103440.0
2018-05-05,ZCH057ZZ,ST12000NM0007,12000138625024,0,83,201977056,93,0,100,6,100,0,86,417986776,96,4093,100,0,100,5,,,,,100.0,0.0,100.0,0.0,,,62.0,38.0,,,100.0,16.0,99.0,2278.0,38,38,100,0,100,0,200,0,100.0,3278.0,100.0,26797122488.0,100.0,31754590256.0
2018-05-06,ZCH057ZZ,ST12000NM0007,12000138625024,0,84,241271008,93,0,100,6,100,0,86,420282285,96,4116,100,0,100,5,,,,,100.0,0.0,100.0,0.0,,,62.0,38.0,,,100.0,16.0,99.0,2279.0,38,38,100,0,100,0,200,0,100.0,3300.0,100.0,26867333176.0,100.0,31967814328.0
2018-05-07,ZCH057ZZ,ST12000NM0007,12000138625024,0,84,240512184,93,0,100,6,100,0,86,422227374,96,4140,100,0,100,5,,,,,100.0,0.0,100.0,0.0,,,62.0,38.0,,,100.0,17.0,99.0,2280.0,38,38,100,0,100,0,200,0,100.0,3325.0,100.0,26918509200.0,100.0,32160020128.0
2018-05-08,ZCH057ZZ,ST12000NM0007,12000138625024,0,78,67933976,93,0,100,6,100,0,86,424682617,96,4164,100,0,100,5,,,,,100.0,0.0,100.0,0.0,,,62.0,38.0,,,100.0,17.0,99.0,2281.0,38,38,100,0,100,0,200,0,100.0,3348.0,100.0,26990675264.0,100.0,32403557416.0
2018-05-09,ZCH057ZZ,ST12000NM0007,12000138625024,0,83,190840760,93,0,100,6,100,0,86,427650720,96,4187,100,0,100,5,,,,,100.0,0.0,100.0,0.0,,,62.0,38.0,,,100.0,17.0,99.0,2282.0,38,38,100,0,100,0,200,0,100.0,3371.0,100.0,27083303464.0,100.0,32677976936.0
2018-05-10,ZCH057ZZ,ST12000NM0007,12000138625024,0,79,74185440,93,0,100,6,100,0,86,431056500,96,4212,100,0,100,5,,,,,100.0,0.0,100.0,0.0,,,62.0,38.0,,,100.0,17.0,99.0,2283.0,38,38,100,0,100,0,200,0,100.0,3396.0,100.0,27192366528.0,100.0,32940540112.0
2018-05-11,ZCH057ZZ,ST12000NM0007,12000138625024,0,79,72299344,93,0,100,6,100,0,86,433209844,96,4236,100,0,100,5,,,,,100.0,0.0,100.0,0.0,,,62.0,38.0,,,100.0,17.0,99.0,2284.0,38,38,100,0,100,0,200,0,100.0,3420.0,100.0,27263366448.0,100.0,33111794808.0
2018-05-12,ZCH057ZZ,ST12000NM0007,12000138625024,0,83,194540192,93,0,100,6,100,0,86,436212696,96,4261,100,0,100,5,,,,,100.0,0.0,100.0,0.0,,,61.0,39.0,,,100.0,17.0,99.0,2285.0,39,39,100,0,100,0,200,0,100.0,3445.0,100.0,27366437336.0,100.0,33375105424.0
2018-05-13,ZCH057ZZ,ST12000NM0007,12000138625024,0,76,35613400,93,0,100,6,100,0,86,438927974,96,4285,100,0,100,5,,,,,100.0,0.0,100.0,0.0,,,62.0,38.0,,,100.0,17.0,99.0,2286.0,38,38,100,0,100,0,200,0,100.0,3468.0,100.0,27462900272.0,100.0,33607997312.0
2018-05-14,ZCH057ZZ,ST12000NM0007,12000138625024,0,78,60514104,93,0,100,6,100,0,86,441248076,96,4309,100,0,100,5,,,,,100.0,0.0,100.0,0.0,,,62.0,38.0,,,100.0,17.0,99.0,2287.0,38,38,100,0,100,0,200,0,100.0,3492.0,100.0,27530549000.0,100.0,33809389968.0
2018-05-15,ZCH057ZZ,ST12000NM0007,12000138625024,0,81.0,129102592.0,93.0,0.0,100.0,6.0,100.0,0.0,86.0,443987655.0,96.0,4333.0,100.0,0.0,100.0,5.0,,,,,100.0,0.0,100.0,0.0,,,62.0,38.0,,,100.0,18.0,99.0,2288.0,38.0,38.0,100.0,0.0,100.0,0.0,200.0,0.0,100.0,3516.0,100.0,27644778328.0,100.0,34007889864.0
2018-05-16,ZCH057ZZ,ST12000NM0007,12000138625024,0,84,237466392,93,0,100,6,100,0,87,446887047,96,4357,100,0,100,5,,,,,100.0,0.0,100.0,0.0,,,62.0,38.0,,,100.0,18.0,99.0,2289.0,38,38,100,0,100,0,200,0,100.0,3540.0,100.0,27733915328.0,100.0,34271257424.0
2018-05-17,ZCH057ZZ,ST12000NM0007,12000138625024,0,77,55455288,93,0,100,6,100,0,87,449428846,96,4379,100,0,100,5,,,,,100.0,0.0,100.0,0.0,,,62.0,38.0,,,100.0,19.0,99.0,2291.0,38,38,100,0,100,0,200,0,100.0,3562.0,100.0,27803941968.0,100.0,34507501256.0
2018-05-18,ZCH057ZZ,ST12000NM0007,12000138625024,0,82,156628656,93,0,100,6,100,0,87,452657263,95,4404,100,0,100,5,,,,,100.0,0.0,100.0,0.0,,,62.0,38.0,,,100.0,20.0,99.0,2292.0,38,38,100,0,100,0,200,0,100.0,3587.0,100.0,27891240064.0,100.0,34765517376.0
2018-05-19,ZCH057ZZ,ST12000NM0007,12000138625024,0,83,206953864,93,0,100,6,100,0,87,455166701,95,4428,100,0,100,5,,,,,100.0,0.0,100.0,0.0,,,62.0,38.0,,,100.0,20.0,99.0,2293.0,38,38,100,0,100,0,200,0,100.0,3611.0,100.0,27971302376.0,100.0,34979920984.0
2018-05-20,ZCH057ZZ,ST12000NM0007,12000138625024,0,69,8409776,93,0,100,6,100,0,87,457708552,95,4452,100,0,100,5,,,,,100.0,0.0,100.0,0.0,,,62.0,38.0,,,100.0,21.0,99.0,2294.0,38,38,100,0,100,0,200,0,100.0,3635.0,100.0,28039795224.0,100.0,35201165784.0
2018-05-21,ZCH057ZZ,ST12000NM0007,12000138625024,0,78,56293240,93,0,100,6,100,0,87,460196199,95,4476,100,0,100,5,,,,,100.0,0.0,100.0,0.0,,,63.0,37.0,,,100.0,21.0,99.0,2295.0,37,37,100,0,100,0,200,0,100.0,3659.0,100.0,28107217584.0,100.0,35425767816.0
2018-05-22,ZCH057ZZ,ST12000NM0007,12000138625024,0,84,232209024,93,0,100,6,100,0,87,461777607,95,4492,100,0,100,5,,,,,100.0,0.0,100.0,0.0,,,62.0,38.0,,,100.0,22.0,99.0,2296.0,38,38,100,0,100,0,200,0,100.0,3675.0,100.0,28151870568.0,100.0,35557030616.0
2018-05-23,ZCH057ZZ,ST12000NM0007,12000138625024,0,83,191482776,93,0,100,6,100,0,87,465492365,95,4525,100,0,100,5,,,,,100.0,0.0,100.0,0.0,,,60.0,40.0,,,100.0,23.0,99.0,2297.0,40,40,100,0,100,0,200,0,100.0,3707.0,100.0,28266138672.0,100.0,35890317608.0
2018-05-24,ZCH057ZZ,ST12000NM0007,12000138625024,0,83,215322672,93,0,100,6,100,0,87,467944045,95,4548,100,0,100,5,,,,,100.0,0.0,100.0,0.0,,,61.0,39.0,,,100.0,23.0,99.0,2298.0,39,39,100,0,100,0,200,0,100.0,3730.0,100.0,28354090656.0,100.0,36070346184.0
2018-05-25,ZCH057ZZ,ST12000NM0007,12000138625024,0,77,45604384,93,0,100,6,100,0,87,470921517,95,4572,100,0,100,5,,,,,100.0,0.0,100.0,0.0,,,60.0,40.0,,,100.0,23.0,99.0,2301.0,40,40,100,0,100,0,200,0,100.0,3754.0,100.0,28437458544.0,100.0,36305541528.0
2018-05-26,ZCH057ZZ,ST12000NM0007,12000138625024,0,81,135673408,93,0,100,6,100,0,87,473593671,95,4596,100,0,100,5,,,,,100.0,0.0,100.0,0.0,,,61.0,39.0,,,100.0,24.0,99.0,2302.0,39,39,100,0,100,0,200,0,100.0,3777.0,100.0,28519522872.0,100.0,36557686864.0
2018-05-27,ZCH057ZZ,ST12000NM0007,12000138625024,0,83,208259376,93,0,100,6,100,0,87,476191521,95,4620,100,0,100,5,,,,,100.0,0.0,100.0,0.0,,,61.0,39.0,,,100.0,25.0,99.0,2303.0,39,39,100,0,100,0,200,0,100.0,3802.0,100.0,28603578752.0,100.0,36790357656.0
2018-05-28,ZCH057ZZ,ST12000NM0007,12000138625024,0,68,6265456,93,0,100,6,100,0,87,478723475,95,4644,100,0,100,5,,,,,100.0,0.0,100.0,0.0,,,61.0,39.0,,,100.0,25.0,99.0,2304.0,39,39,100,0,100,0,200,0,100.0,3825.0,100.0,28680514960.0,100.0,36999708848.0
2018-05-29,ZCH057ZZ,ST12000NM0007,12000138625024,0,73,21368008,93,0,100,6,100,0,87,480917419,95,4667,100,0,100,5,,,,,100.0,0.0,100.0,0.0,,,60.0,40.0,,,100.0,25.0,99.0,2305.0,40,40,100,0,100,0,200,0,100.0,3849.0,100.0,28751336184.0,100.0,37188131088.0
2018-05-30,ZCH057ZZ,ST12000NM0007,12000138625024,0,82,152167680,93,0,100,6,100,0,87,483760212,95,4692,100,0,100,5,,,,,100.0,0.0,100.0,0.0,,,60.0,40.0,,,100.0,25.0,99.0,2306.0,40,40,100,0,100,0,200,0,100.0,3873.0,100.0,28848557160.0,100.0,37465850536.0
2018-05-31,ZCH057ZZ,ST12000NM0007,12000138625024,0,74,28133216,93,0,100,6,100,0,87,486672757,95,4719,100,0,100,5,,,,,100.0,0.0,100.0,0.0,,,60.0,40.0,,,100.0,25.0,99.0,2309.0,40,40,100,0,100,0,200,0,100.0,3899.0,100.0,28960496312.0,100.0,37718158552.0
2018-06-01,ZCH057ZZ,ST12000NM0007,12000138625024,0,81,132736224,93,0,100,6,100,0,87,489967319,95,4742,100,0,100,5,,,,,100.0,0.0,100.0,0.0,,,61.0,39.0,,,100.0,25.0,99.0,2310.0,39,39,100,0,100,0,200,0,100.0,3923.0,100.0,29054007856.0,100.0,37973390768.0
2018-06-02,ZCH057ZZ,ST12000NM0007,12000138625024,0,81,137770128,93,0,100,6,100,0,87,492306910,95,4766,100,0,100,5,,,,,100.0,0.0,100.0,0.0,,,61.0,39.0,,,100.0,26.0,99.0,2311.0,39,39,100,0,100,0,200,0,100.0,3946.0,100.0,29135638120.0,100.0,38140935192.0
2018-06-03,ZCH057ZZ,ST12000NM0007,12000138625024,0,83,190070536,93,0,100,6,100,0,87,495006951,95,4790,100,0,100,5,,,,,100.0,0.0,100.0,0.0,,,60.0,40.0,,,100.0,26.0,99.0,2312.0,40,40,100,0,100,0,200,0,100.0,3971.0,100.0,29239277544.0,100.0,38333736952.0
2018-06-04,ZCH057ZZ,ST12000NM0007,12000138625024,0,76,40351712,93,0,100,6,100,0,87,497735240,95,4814,100,0,100,5,,,,,100.0,0.0,100.0,0.0,,,61.0,39.0,,,100.0,26.0,99.0,2313.0,39,39,100,0,100,0,200,0,100.0,3994.0,100.0,29324157840.0,100.0,38587419192.0
2018-06-05,ZCH057ZZ,ST12000NM0007,12000138625024,0,81,117847496,93,0,100,6,100,0,87,500446236,95,4838,100,0,100,5,,,,,100.0,0.0,100.0,0.0,,,60.0,40.0,,,100.0,26.0,99.0,2314.0,40,40,100,0,100,0,200,0,100.0,4018.0,100.0,29420152648.0,100.0,38813060992.0
2018-06-06,ZCH057ZZ,ST12000NM0007,12000138625024,0,83,204598920,93,0,100,6,100,0,87,503023294,95,4862,100,0,100,5,,,,,100.0,0.0,100.0,0.0,,,60.0,40.0,,,100.0,26.0,99.0,2315.0,40,40,100,0,100,0,200,0,100.0,4042.0,100.0,29513201336.0,100.0,39050904640.0
2018-06-07,ZCH057ZZ,ST12000NM0007,12000138625024,0,79,76877680,93,0,100,6,100,0,87,505958784,95,4887,100,0,100,5,,,,,100.0,0.0,100.0,0.0,,,61.0,39.0,,,100.0,26.0,99.0,2316.0,39,39,100,0,100,0,200,0,100.0,4066.0,100.0,29597217824.0,100.0,39327448368.0
2018-06-08,ZCH057ZZ,ST12000NM0007,12000138625024,0,81,125215360,93,0,100,6,100,0,87,508413332,95,4909,100,0,100,5,,,,,100.0,0.0,100.0,0.0,,,60.0,40.0,,,100.0,26.0,99.0,2317.0,40,40,100,0,100,0,200,0,100.0,4089.0,100.0,29683580128.0,100.0,39533564424.0
2018-06-09,ZCH057ZZ,ST12000NM0007,12000138625024,0,83,186693560,93,0,100,6,100,0,87,510983652,95,4933,100,0,100,5,,,,,100.0,0.0,100.0,0.0,,,60.0,40.0,,,100.0,27.0,99.0,2318.0,40,40,100,0,100,0,200,0,100.0,4113.0,100.0,29772206616.0,100.0,39750557016.0
2018-06-10,ZCH057ZZ,ST12000NM0007,12000138625024,0,73,21016008,93,0,100,6,100,0,87,513669582,95,4958,100,0,100,5,,,,,100.0,0.0,100.0,0.0,,,61.0,39.0,,,100.0,27.0,99.0,2319.0,39,39,100,0,100,0,200,0,100.0,4138.0,100.0,29849212496.0,100.0,39996154920.0
2018-06-11,ZCH057ZZ,ST12000NM0007,12000138625024,0,78,66779448,93,0,100,6,100,0,87,516088050,95,4982,100,0,100,5,,,,,100.0,0.0,100.0,0.0,,,60.0,40.0,,,100.0,27.0,99.0,2320.0,40,40,100,0,100,0,200,0,100.0,4161.0,100.0,29921906368.0,100.0,40213365192.0
2018-06-12,ZCH057ZZ,ST12000NM0007,12000138625024,0,80,105983616,93,0,100,6,100,0,87,518489692,95,5006,100,0,100,5,,,,,100.0,0.0,100.0,0.0,,,60.0,40.0,,,100.0,27.0,99.0,2321.0,40,40,100,0,100,0,200,0,100.0,4185.0,100.0,30002580968.0,100.0,40416035560.0
2018-06-13,ZCH057ZZ,ST12000NM0007,12000138625024,0,83,196030480,93,0,100,6,100,0,87,521138436,95,5029,100,0,100,5,,,,,100.0,0.0,100.0,0.0,,,61.0,39.0,,,100.0,28.0,99.0,2322.0,39,39,100,0,100,0,200,0,100.0,4208.0,100.0,30104288648.0,100.0,40648515648.0
2018-06-14,ZCH057ZZ,ST12000NM0007,12000138625024,0,70,10317552,93,0,100,6,100,0,87,523776259,95,5053,100,0,100,5,,,,,100.0,0.0,100.0,0.0,,,61.0,39.0,,,100.0,28.0,99.0,2323.0,39,39,100,0,100,0,200,0,100.0,4232.0,100.0,30196701416.0,100.0,40858671352.0
2018-06-15,ZCH057ZZ,ST12000NM0007,12000138625024,0,79.0,89107000.0,93.0,0.0,100.0,6.0,100.0,0.0,87.0,526866155.0,95.0,5077.0,100.0,0.0,100.0,5.0,,,,,100.0,0.0,100.0,0.0,,,61.0,39.0,,,100.0,28.0,99.0,2324.0,39.0,39.0,100.0,0.0,100.0,0.0,200.0,0.0,100.0,4256.0,100.0,30275997416.0,100.0,41102305456.0
2018-06-16,ZCH057ZZ,ST12000NM0007,12000138625024,0,82.0,153271112.0,93.0,0.0,100.0,6.0,100.0,0.0,87.0,529473996.0,95.0,5102.0,100.0,0.0,100.0,5.0,,,,,100.0,0.0,100.0,0.0,,,61.0,39.0,,,100.0,28.0,99.0,2325.0,39.0,39.0,100.0,0.0,100.0,0.0,200.0,0.0,100.0,4281.0,100.0,30357493304.0,100.0,41329114496.0
2018-06-17,ZCH057ZZ,ST12000NM0007,12000138625024,0,82.0,170075896.0,93.0,0.0,100.0,6.0,100.0,0.0,87.0,531688608.0,95.0,5126.0,100.0,0.0,100.0,5.0,,,,,100.0,0.0,100.0,0.0,,,61.0,39.0,,,100.0,28.0,99.0,2326.0,39.0,39.0,100.0,0.0,100.0,0.0,200.0,0.0,100.0,4304.0,100.0,30422389464.0,100.0,41525163800.0
2018-06-18,ZCH057ZZ,ST12000NM0007,12000138625024,0,82.0,154833680.0,93.0,0.0,100.0,6.0,100.0,0.0,87.0,533999635.0,95.0,5149.0,100.0,0.0,100.0,5.0,,,,,100.0,0.0,100.0,0.0,,,61.0,39.0,,,100.0,29.0,99.0,2327.0,39.0,39.0,100.0,0.0,100.0,0.0,200.0,0.0,100.0,4328.0,100.0,30505526600.0,100.0,41670925256.0
2018-06-19,ZCH057ZZ,ST12000NM0007,12000138625024,0,82,172220288,93,0,100,6,100,0,87,536525384,95,5173,100,0,100,5,,,,,100.0,0.0,100.0,0.0,,,60.0,40.0,,,100.0,29.0,99.0,2328.0,40,40,100,0,100,0,200,0,100.0,4351.0,100.0,30607428200.0,100.0,41830550928.0
2018-06-20,ZCH057ZZ,ST12000NM0007,12000138625024,0,67,5279272,93,0,100,6,100,0,87,539155202,95,5197,100,0,100,5,,,,,100.0,0.0,100.0,0.0,,,62.0,38.0,,,100.0,29.0,99.0,2329.0,38,38,100,0,100,0,200,0,100.0,4375.0,100.0,30695204832.0,100.0,42064114616.0
2018-06-21,ZCH057ZZ,ST12000NM0007,12000138625024,0,78,66022096,93,0,100,6,100,0,87,541688235,95,5221,100,0,100,5,,,,,100.0,0.0,100.0,0.0,,,63.0,37.0,,,100.0,29.0,99.0,2330.0,37,37,100,0,100,0,200,0,100.0,4399.0,100.0,30786768096.0,100.0,42277435120.0
2018-06-22,ZCH057ZZ,ST12000NM0007,12000138625024,0,82,160220960,93,0,100,6,100,0,87,544926949,95,5245,100,0,100,5,,,,,100.0,0.0,100.0,0.0,,,62.0,38.0,,,100.0,30.0,99.0,2331.0,38,38,100,0,100,0,200,0,100.0,4424.0,100.0,30875000528.0,100.0,42527542200.0
2018-06-23,ZCH057ZZ,ST12000NM0007,12000138625024,0,83,213871808,93,0,100,6,100,0,87,547478180,94,5270,100,0,100,5,,,,,100.0,0.0,100.0,0.0,,,62.0,38.0,,,100.0,30.0,99.0,2332.0,38,38,100,0,100,0,200,0,100.0,4448.0,100.0,30949273112.0,100.0,42751061112.0
2018-06-24,ZCH057ZZ,ST12000NM0007,12000138625024,0,82,164653888,93,0,100,6,100,0,87,549458931,94,5294,100,0,100,5,,,,,100.0,0.0,100.0,0.0,,,62.0,38.0,,,100.0,31.0,99.0,2333.0,38,38,100,0,100,0,200,0,100.0,4472.0,100.0,31004095216.0,100.0,42891161864.0
2018-06-25,ZCH057ZZ,ST12000NM0007,12000138625024,0,83,214586544,93,0,100,6,100,0,87,551796221,94,5317,100,0,100,5,,,,,100.0,0.0,100.0,0.0,,,62.0,38.0,,,100.0,32.0,99.0,2334.0,38,38,100,0,100,0,200,0,100.0,4495.0,100.0,31081507848.0,100.0,43107823000.0
2018-06-26,ZCH057ZZ,ST12000NM0007,12000138625024,0,77,50844792,93,0,100,6,100,0,87,554532158,94,5341,100,0,100,5,,,,,100.0,0.0,100.0,0.0,,,62.0,38.0,,,100.0,32.0,99.0,2335.0,38,38,100,0,100,0,200,0,100.0,4519.0,100.0,31196248760.0,100.0,43317621880.0
2018-06-27,ZCH057ZZ,ST12000NM0007,12000138625024,0,80,104409392,93,0,100,6,100,0,87,557040061,94,5365,100,0,100,5,,,,,100.0,0.0,100.0,0.0,,,62.0,38.0,,,100.0,32.0,99.0,2336.0,38,38,100,0,100,0,200,0,100.0,4543.0,100.0,31280172584.0,100.0,43531403304.0
2018-06-28,ZCH057ZZ,ST12000NM0007,12000138625024,0,80,111044184,93,0,100,6,100,0,87,559225639,94,5389,100,0,100,5,,,,,100.0,0.0,100.0,0.0,,,61.0,39.0,,,100.0,32.0,99.0,2337.0,39,39,100,0,100,0,200,0,100.0,4566.0,100.0,31356181592.0,100.0,43706169952.0
2018-06-29,ZCH057ZZ,ST12000NM0007,12000138625024,0,82,162501112,93,0,100,6,100,0,87,561952254,94,5413,100,0,100,5,,,,,100.0,0.0,100.0,0.0,,,60.0,40.0,,,100.0,33.0,99.0,2338.0,40,40,100,0,100,0,200,0,100.0,4591.0,100.0,31433967616.0,100.0,43923981728.0
2018-06-30,ZCH057ZZ,ST12000NM0007,12000138625024,0,77,45867568,93,0,100,6,100,0,88,565304414,94,5439,100,0,100,5,,,,,100.0,0.0,100.0,0.0,,,61.0,39.0,,,100.0,33.0,99.0,2339.0,39,39,100,0,100,0,200,0,100.0,4616.0,100.0,31518191736.0,100.0,44211405432.0
2018-07-01,ZCH057ZZ,ST12000NM0007,12000138625024,0,78,61650696,93,0,100,6,100,0,88,567586512,94,5462,100,0,100,5,,,,,100.0,0.0,100.0,0.0,,,62.0,38.0,,,100.0,33.0,99.0,2340.0,38,38,100,0,100,0,200,0,100.0,4639.0,100.0,31587543992.0,100.0,44401977192.0
2018-07-02,ZCH057ZZ,ST12000NM0007,12000138625024,0,78,66019240,93,0,100,6,100,0,88,569766126,94,5486,100,0,100,5,,,,,100.0,0.0,100.0,0.0,,,61.0,39.0,,,100.0,33.0,99.0,2341.0,39,39,100,0,100,0,200,0,100.0,4663.0,100.0,31658151600.0,100.0,44579878952.0
2018-07-03,ZCH057ZZ,ST12000NM0007,12000138625024,0,81,123025384,93,0,100,6,100,0,88,572198504,94,5511,100,0,100,5,,,,,100.0,0.0,100.0,0.0,,,62.0,38.0,,,100.0,33.0,99.0,2342.0,38,38,100,0,100,0,200,0,100.0,4688.0,100.0,31744108168.0,100.0,44795069248.0
2018-07-04,ZCH057ZZ,ST12000NM0007,12000138625024,0,83,186577368,93,0,100,6,100,0,88,574781563,94,5535,100,0,100,5,,,,,100.0,0.0,100.0,0.0,,,62.0,38.0,,,100.0,34.0,99.0,2343.0,38,38,100,0,100,0,200,0,100.0,4711.0,100.0,31840828104.0,100.0,45006042136.0
2018-07-05,ZCH057ZZ,ST12000NM0007,12000138625024,0,82,159649776,93,0,100,6,100,0,88,576883327,94,5558,100,0,100,5,,,,,100.0,0.0,100.0,0.0,,,62.0,38.0,,,100.0,35.0,99.0,2344.0,38,38,100,0,100,0,200,0,100.0,4735.0,100.0,31909826752.0,100.0,45154256832.0
2018-07-06,ZCH057ZZ,ST12000NM0007,12000138625024,0,83,206850584,93,0,100,6,100,0,88,579490055,94,5582,100,0,100,5,,,,,100.0,0.0,100.0,0.0,,,63.0,37.0,,,100.0,35.0,99.0,2345.0,37,37,100,0,100,0,200,0,100.0,4759.0,100.0,31983807488.0,100.0,45371617848.0
2018-07-07,ZCH057ZZ,ST12000NM0007,12000138625024,0,77,48564016,93,0,100,6,100,0,88,582600715,94,5606,100,0,100,5,,,,,100.0,0.0,100.0,0.0,,,61.0,39.0,,,100.0,35.0,99.0,2346.0,39,39,100,0,100,0,200,0,100.0,4783.0,100.0,32052135312.0,100.0,45633284944.0
2018-07-08,ZCH057ZZ,ST12000NM0007,12000138625024,0,75,33689520,93,0,100,6,100,0,88,584664757,94,5631,100,0,100,5,,,,,100.0,0.0,100.0,0.0,,,62.0,38.0,,,100.0,35.0,99.0,2347.0,38,38,100,0,100,0,200,0,100.0,4807.0,100.0,32110710232.0,100.0,45803976192.0
2018-07-09,ZCH057ZZ,ST12000NM0007,12000138625024,0,79,88617896,93,0,100,6,100,0,88,586985808,94,5655,100,0,100,5,,,,,100.0,0.0,100.0,0.0,,,62.0,38.0,,,100.0,35.0,99.0,2348.0,38,38,100,0,100,0,200,0,100.0,4831.0,100.0,32187057032.0,100.0,46026698504.0
2018-07-10,ZCH057ZZ,ST12000NM0007,12000138625024,0,79.0,83737408.0,93.0,0.0,100.0,6.0,100.0,0.0,88.0,588861078.0,94.0,5679.0,100.0,0.0,100.0,5.0,,,,,100.0,0.0,100.0,0.0,,,63.0,37.0,,,100.0,36.0,99.0,2349.0,37.0,37.0,100.0,0.0,100.0,0.0,200.0,0.0,100.0,4855.0,100.0,32238686280.0,100.0,46214329568.0
2018-07-11,ZCH057ZZ,ST12000NM0007,12000138625024,0,81,136669744,93,0,100,6,100,0,88,591244208,94,5703,100,0,100,5,,,,,100.0,0.0,100.0,0.0,,,62.0,38.0,,,100.0,36.0,99.0,2350.0,38,38,100,0,100,0,200,0,100.0,4879.0,100.0,32291846120.0,100.0,46458242848.0
2018-07-12,ZCH057ZZ,ST12000NM0007,12000138625024,0,82,162119104,93,0,100,6,100,0,88,593508746,94,5729,100,0,100,5,,,,,100.0,0.0,100.0,0.0,,,62.0,38.0,,,100.0,36.0,99.0,2353.0,38,38,100,0,100,0,200,0,100.0,4904.0,100.0,32355391792.0,100.0,46664287296.0
2018-07-13,ZCH057ZZ,ST12000NM0007,12000138625024,0,83,186503728,93,0,100,6,100,0,88,595738167,94,5752,100,0,100,5,,,,,100.0,0.0,100.0,0.0,,,61.0,39.0,,,100.0,37.0,99.0,2354.0,39,39,100,0,100,0,200,0,100.0,4928.0,100.0,32414304336.0,100.0,46873900008.0
2018-07-14,ZCH057ZZ,ST12000NM0007,12000138625024,0,84,238371824,93,0,100,6,100,0,88,598503980,94,5776,100,0,100,5,,,,,100.0,0.0,100.0,0.0,,,60.0,40.0,,,100.0,37.0,99.0,2355.0,40,40,100,0,100,0,200,0,100.0,4951.0,100.0,32488871808.0,100.0,47095341696.0
2018-07-15,ZCH057ZZ,ST12000NM0007,12000138625024,0,78,56754472,93,0,100,6,100,0,88,601022850,94,5800,100,0,100,5,,,,,100.0,0.0,100.0,0.0,,,61.0,39.0,,,100.0,38.0,99.0,2356.0,39,39,100,0,100,0,200,0,100.0,4975.0,100.0,32552171360.0,100.0,47338706424.0
2018-07-16,ZCH057ZZ,ST12000NM0007,12000138625024,0,80,89305584,93,0,100,6,100,0,88,603312020,94,5824,100,0,100,5,,,,,100.0,0.0,100.0,0.0,,,61.0,39.0,,,100.0,38.0,99.0,2357.0,39,39,100,0,100,0,200,0,100.0,4999.0,100.0,32630714216.0,100.0,47536855512.0
2018-07-17,ZCH057ZZ,ST12000NM0007,12000138625024,0,72,14727808,92,0,100,7,100,0,88,604865238,94,5844,100,0,100,6,,,,,100.0,0.0,100.0,0.0,,,62.0,38.0,,,100.0,38.0,99.0,2360.0,38,38,100,0,100,0,200,0,100.0,5019.0,100.0,32674175560.0,100.0,47662957220.0
2018-07-18,ZCH057ZZ,ST12000NM0007,12000138625024,0,80,98827152,92,0,100,7,100,0,88,607895829,94,5867,100,0,100,6,,,,,100.0,0.0,100.0,0.0,,,62.0,38.0,,,100.0,39.0,99.0,2361.0,38,38,100,0,100,0,200,0,100.0,5042.0,100.0,32743471528.0,100.0,47921901236.0
2018-07-19,ZCH057ZZ,ST12000NM0007,12000138625024,0,81,121997280,92,0,100,7,100,0,88,610155179,94,5892,100,0,100,6,,,,,100.0,0.0,100.0,0.0,,,62.0,38.0,,,100.0,39.0,99.0,2362.0,38,38,100,0,100,0,200,0,100.0,5066.0,100.0,32823895696.0,100.0,48108787900.0
2018-07-20,ZCH057ZZ,ST12000NM0007,12000138625024,0,81,125062736,92,0,100,7,100,0,88,612341423,94,5915,100,0,100,6,,,,,100.0,0.0,100.0,0.0,,,62.0,38.0,,,100.0,40.0,99.0,2363.0,38,38,100,0,100,0,200,0,100.0,5090.0,100.0,32904493720.0,100.0,48275396100.0
2018-07-21,ZCH057ZZ,ST12000NM0007,12000138625024,0,82,162028304,92,0,100,7,100,0,88,614663635,94,5940,100,0,100,6,,,,,100.0,0.0,100.0,0.0,,,62.0,38.0,,,100.0,41.0,99.0,2364.0,38,38,100,0,100,0,200,0,100.0,5114.0,100.0,32987520592.0,100.0,48473475428.0
2018-07-22,ZCH057ZZ,ST12000NM0007,12000138625024,0,82,170241808,92,0,100,7,100,0,88,616733800,94,5964,100,0,100,6,,,,,100.0,0.0,100.0,0.0,,,62.0,38.0,,,100.0,41.0,99.0,2365.0,38,38,100,0,100,0,200,0,100.0,5139.0,100.0,33051573920.0,100.0,48661776364.0
2018-07-23,ZCH057ZZ,ST12000NM0007,12000138625024,0,84,239610984,92,0,100,7,100,0,88,619432891,94,5992,100,0,100,6,,,,,100.0,0.0,100.0,0.0,,,62.0,38.0,,,100.0,41.0,99.0,2366.0,38,38,100,0,100,0,200,0,100.0,5166.0,100.0,33141526120.0,100.0,48885334252.0
2018-07-24,ZCH057ZZ,ST12000NM0007,12000138625024,0,69,7640752,92,0,100,7,100,0,88,622219427,94,6016,100,0,100,6,,,,,100.0,0.0,100.0,0.0,,,62.0,38.0,,,100.0,41.0,99.0,2367.0,38,38,100,0,100,0,200,0,100.0,5191.0,100.0,33226435032.0,100.0,49056736396.0
2018-07-25,ZCH057ZZ,ST12000NM0007,12000138625024,0,80.0,105546544.0,92.0,0.0,100.0,7.0,100.0,0.0,88.0,624989553.0,94.0,6040.0,100.0,0.0,100.0,6.0,,,,,100.0,0.0,100.0,0.0,,,61.0,39.0,,,100.0,41.0,99.0,2368.0,39.0,39.0,100.0,0.0,100.0,0.0,200.0,0.0,100.0,5214.0,100.0,33324421080.0,100.0,49300796788.0
2018-07-26,ZCH057ZZ,ST12000NM0007,12000138625024,0,79,88472096,92,0,100,7,100,0,88,627100613,94,6064,100,0,100,6,,,,,100.0,0.0,100.0,0.0,,,61.0,39.0,,,100.0,42.0,99.0,2369.0,39,39,100,0,100,0,200,0,100.0,5238.0,100.0,33405335856.0,100.0,49446948300.0
2018-07-27,ZCH057ZZ,ST12000NM0007,12000138625024,0,81,122072600,92,0,100,7,100,0,88,629408231,94,6088,100,0,100,6,,,,,100.0,0.0,100.0,0.0,,,61.0,39.0,,,100.0,42.0,99.0,2370.0,39,39,100,0,100,0,200,0,100.0,5262.0,100.0,33483612640.0,100.0,49646412700.0
2018-07-28,ZCH057ZZ,ST12000NM0007,12000138625024,0,83,183757392,92,0,100,7,100,0,88,632098904,94,6111,100,0,100,6,,,,,100.0,0.0,100.0,0.0,,,61.0,39.0,,,100.0,42.0,99.0,2372.0,39,39,100,0,100,0,200,0,100.0,5285.0,100.0,33574662456.0,100.0,49861188356.0
2018-07-29,ZCH057ZZ,ST12000NM0007,12000138625024,0,83,188422808,92,0,100,7,100,0,88,634551511,93,6135,100,0,100,6,,,,,100.0,0.0,100.0,0.0,,,61.0,39.0,,,100.0,43.0,99.0,2373.0,39,39,100,0,100,0,200,0,100.0,5308.0,100.0,33660793680.0,100.0,50023863276.0
2018-07-30,ZCH057ZZ,ST12000NM0007,12000138625024,0,82,156793120,92,0,100,7,100,0,88,636758045,93,6160,100,0,100,6,,,,,100.0,0.0,100.0,0.0,,,61.0,39.0,,,100.0,43.0,99.0,2374.0,39,39,100,0,100,0,200,0,100.0,5332.0,100.0,33741645728.0,100.0,50155522220.0
2018-07-31,ZCH057ZZ,ST12000NM0007,12000138625024,0,84,226149248,92,0,100,7,100,0,88,639791698,93,6183,100,0,100,6,,,,,100.0,0.0,100.0,0.0,,,61.0,39.0,,,100.0,44.0,99.0,2375.0,39,39,100,0,100,0,200,0,100.0,5356.0,100.0,33826397984.0,100.0,50384266740.0
2018-08-01,ZCH057ZZ,ST12000NM0007,12000138625024,0,77,53673912,92,0,100,7,100,0,88,642312193,93,6207,100,0,100,6,,,,,100.0,0.0,100.0,0.0,,,61.0,39.0,,,100.0,45.0,99.0,2376.0,39,39,100,0,100,0,200,0,100.0,5380.0,100.0,33908025288.0,100.0,50618445500.0
2018-08-02,ZCH057ZZ,ST12000NM0007,12000138625024,0,80,89318872,92,0,100,7,100,0,88,644653285,93,6231,100,0,100,6,,,,,100.0,0.0,100.0,0.0,,,60.0,40.0,,,100.0,46.0,99.0,2377.0,40,40,100,0,100,0,200,0,100.0,5404.0,100.0,33984015496.0,100.0,50822241124.0
2018-08-03,ZCH057ZZ,ST12000NM0007,12000138625024,0,82,143500832,92,0,100,7,100,0,88,647119636,93,6255,100,0,100,6,,,,,100.0,0.0,100.0,0.0,,,61.0,39.0,,,100.0,46.0,99.0,2378.0,39,39,100,0,100,0,200,0,100.0,5427.0,100.0,34081888976.0,100.0,51022690484.0
2018-08-04,ZCH057ZZ,ST12000NM0007,12000138625024,0,83,218036408,92,0,100,7,100,0,88,649607688,93,6279,100,0,100,6,,,,,100.0,0.0,100.0,0.0,,,61.0,39.0,,,100.0,46.0,99.0,2379.0,39,39,100,0,100,0,200,0,100.0,5452.0,100.0,34188696520.0,100.0,51234559268.0
2018-08-05,ZCH057ZZ,ST12000NM0007,12000138625024,0,64,2651952,92,0,100,7,100,0,88,651907233,93,6303,100,0,100,6,,,,,100.0,0.0,100.0,0.0,,,61.0,39.0,,,100.0,47.0,99.0,2380.0,39,39,100,0,100,0,200,0,100.0,5475.0,100.0,34278334384.0,100.0,51417818396.0
2018-08-06,ZCH057ZZ,ST12000NM0007,12000138625024,0,76,35748408,92,0,100,7,100,0,88,654209571,93,6327,100,0,100,6,,,,,100.0,0.0,100.0,0.0,,,60.0,40.0,,,100.0,48.0,99.0,2381.0,40,40,100,0,100,0,200,0,100.0,5499.0,100.0,34359355400.0,100.0,51614034524.0
2018-08-07,ZCH057ZZ,ST12000NM0007,12000138625024,0,80,100167448,92,0,100,7,100,0,88,657173559,93,6351,100,0,100,6,,,,,100.0,0.0,100.0,0.0,,,59.0,41.0,,,100.0,49.0,99.0,2382.0,41,41,100,0,100,0,200,0,100.0,5523.0,100.0,34448593632.0,100.0,51833355988.0
2018-08-08,ZCH057ZZ,ST12000NM0007,12000138625024,0,82,161505072,92,0,100,7,100,0,88,659828256,93,6375,100,0,100,6,,,,,100.0,0.0,100.0,0.0,,,61.0,39.0,,,100.0,49.0,99.0,2383.0,39,39,100,0,100,0,200,0,100.0,5547.0,100.0,34528298360.0,100.0,52059129668.0
2018-08-09,ZCH057ZZ,ST12000NM0007,12000138625024,0,83,180895608,92,0,100,7,100,0,88,662160926,93,6398,100,0,100,6,,,,,100.0,0.0,100.0,0.0,,,61.0,39.0,,,100.0,49.0,99.0,2385.0,39,39,100,0,100,0,200,0,100.0,5569.0,100.0,34613350312.0,100.0,52237608956.0
2018-08-10,ZCH057ZZ,ST12000NM0007,12000138625024,0,82,174249080,92,0,100,7,100,0,88,664327546,93,6423,100,0,100,6,,,,,100.0,0.0,100.0,0.0,,,61.0,39.0,,,100.0,50.0,99.0,2386.0,39,39,100,0,100,0,200,0,100.0,5594.0,100.0,34688568712.0,100.0,52399884708.0
2018-08-11,ZCH057ZZ,ST12000NM0007,12000138625024,0,67,5249416,92,0,100,7,100,0,88,666839683,93,6446,100,0,100,6,,,,,100.0,0.0,100.0,0.0,,,61.0,39.0,,,100.0,50.0,99.0,2387.0,39,39,100,0,100,0,200,0,100.0,5617.0,100.0,34763123016.0,100.0,52644612484.0
2018-08-12,ZCH057ZZ,ST12000NM0007,12000138625024,0,75,29532064,92,0,100,7,100,0,88,669136974,93,6470,100,0,100,6,,,,,100.0,0.0,100.0,0.0,,,61.0,39.0,,,100.0,50.0,99.0,2388.0,39,39,100,0,100,0,200,0,100.0,5641.0,100.0,34826727888.0,100.0,52849431124.0
2018-08-13,ZCH057ZZ,ST12000NM0007,12000138625024,0,80,96735632,92,0,100,7,100,0,88,671799797,93,6494,100,0,100,6,,,,,100.0,0.0,100.0,0.0,,,61.0,39.0,,,100.0,50.0,99.0,2389.0,39,39,100,0,100,0,200,0,100.0,5665.0,100.0,34920109392.0,100.0,53067393956.0
2018-08-14,ZCH057ZZ,ST12000NM0007,12000138625024,0,82.0,145614576.0,92.0,0.0,100.0,7.0,100.0,0.0,88.0,674459622.0,93.0,6519.0,100.0,0.0,100.0,6.0,,,,,100.0,0.0,100.0,0.0,,,61.0,39.0,,,100.0,51.0,99.0,2390.0,39.0,39.0,100.0,0.0,100.0,0.0,200.0,0.0,100.0,5689.0,100.0,34992918240.0,100.0,53287604708.0
2018-08-15,ZCH057ZZ,ST12000NM0007,12000138625024,0,82.0,145680864.0,92.0,0.0,100.0,7.0,100.0,0.0,88.0,676700002.0,93.0,6542.0,100.0,0.0,100.0,6.0,,,,,100.0,0.0,100.0,0.0,,,61.0,39.0,,,100.0,51.0,99.0,2391.0,39.0,39.0,100.0,0.0,100.0,0.0,200.0,0.0,100.0,5713.0,100.0,35056915144.0,100.0,53467814748.0
2018-08-16,ZCH057ZZ,ST12000NM0007,12000138625024,0,83,197470504,92,0,100,7,100,0,88,679610716,93,6565,100,0,100,6,,,,,100.0,0.0,100.0,0.0,,,60.0,40.0,,,100.0,51.0,99.0,2392.0,40,40,100,0,100,0,200,0,100.0,5736.0,100.0,35132955232.0,100.0,53687705020.0
2018-08-17,ZCH057ZZ,ST12000NM0007,12000138625024,0,82,166853784,92,0,100,7,100,0,88,681415785,93,6590,100,0,100,6,,,,,100.0,0.0,100.0,0.0,,,61.0,39.0,,,100.0,51.0,99.0,2393.0,39,39,100,0,100,0,200,0,100.0,5760.0,100.0,35196812656.0,100.0,53837371524.0
2018-08-18,ZCH057ZZ,ST12000NM0007,12000138625024,0,83,205252696,92,0,100,7,100,0,88,683678137,93,6614,100,0,100,6,,,,,100.0,0.0,100.0,0.0,,,62.0,38.0,,,100.0,51.0,99.0,2394.0,38,38,100,0,100,0,200,0,100.0,5785.0,100.0,35261870928.0,100.0,54054852868.0
2018-08-19,ZCH057ZZ,ST12000NM0007,12000138625024,0,83,192267192,92,0,100,7,100,0,88,685526464,93,6638,100,0,100,6,,,,,100.0,0.0,100.0,0.0,,,62.0,38.0,,,100.0,51.0,99.0,2395.0,38,38,100,0,100,0,200,0,100.0,5808.0,100.0,35314514744.0,100.0,54233364660.0
2018-08-20,ZCH057ZZ,ST12000NM0007,12000138625024,0,83,212118944,92,0,100,7,100,0,88,687732480,93,6662,100,0,100,6,,,,,100.0,0.0,100.0,0.0,,,62.0,38.0,,,100.0,51.0,99.0,2396.0,38,38,100,0,100,0,200,0,100.0,5832.0,100.0,35380737392.0,100.0,54431134468.0
2018-08-21,ZCH057ZZ,ST12000NM0007,12000138625024,0,84,241085384,92,0,100,7,100,0,88,690267399,93,6686,100,0,100,6,,,,,100.0,0.0,100.0,0.0,,,62.0,38.0,,,100.0,51.0,99.0,2397.0,38,38,100,0,100,0,200,0,100.0,5856.0,100.0,35476948688.0,100.0,54608030244.0
2018-08-22,ZCH057ZZ,ST12000NM0007,12000138625024,0,79,84752008,92,0,100,7,100,0,88,693071604,93,6710,100,0,100,6,,,,,100.0,0.0,100.0,0.0,,,62.0,38.0,,,100.0,51.0,99.0,2398.0,38,38,100,0,100,0,200,0,100.0,5880.0,100.0,35584160104.0,100.0,54832766932.0
2018-08-23,ZCH057ZZ,ST12000NM0007,12000138625024,0,82,167818648,92,0,100,7,100,0,88,696061594,93,6733,100,0,100,6,,,,,100.0,0.0,100.0,0.0,,,63.0,37.0,,,100.0,51.0,99.0,2399.0,37,37,100,0,100,0,200,0,100.0,5903.0,100.0,35679669936.0,100.0,55064464660.0
2018-08-24,ZCH057ZZ,ST12000NM0007,12000138625024,0,82,162929024,92,0,100,7,100,0,88,697989090,93,6758,100,0,100,6,,,,,100.0,0.0,100.0,0.0,,,64.0,36.0,,,100.0,51.0,99.0,2400.0,36,36,100,0,100,0,200,0,100.0,5928.0,100.0,35756621376.0,100.0,55226764252.0
2018-08-25,ZCH057ZZ,ST12000NM0007,12000138625024,0,83,218597032,92,0,100,7,100,0,88,700362608,93,6782,100,0,100,6,,,,,100.0,0.0,100.0,0.0,,,63.0,37.0,,,100.0,52.0,99.0,2401.0,37,37,100,0,100,0,200,0,100.0,5952.0,100.0,35838551016.0,100.0,55444643380.0
2018-08-26,ZCH057ZZ,ST12000NM0007,12000138625024,0,84,242727848,92,0,100,7,100,0,88,702536935,93,6806,100,0,100,6,,,,,100.0,0.0,100.0,0.0,,,62.0,38.0,,,100.0,52.0,99.0,2402.0,38,38,100,0,100,0,200,0,100.0,5975.0,100.0,35907709368.0,100.0,55643756564.0
2018-08-27,ZCH057ZZ,ST12000NM0007,12000138625024,0,73,19720512,92,0,100,7,100,0,88,704838456,93,6830,100,0,100,6,,,,,100.0,0.0,100.0,0.0,,,62.0,38.0,,,100.0,52.0,99.0,2403.0,38,38,100,0,100,0,200,0,100.0,5999.0,100.0,35986910272.0,100.0,55829829700.0
2018-08-28,ZCH057ZZ,ST12000NM0007,12000138625024,0,80,104395904,92,0,100,7,100,0,88,707494483,93,6854,100,0,100,6,,,,,100.0,0.0,100.0,0.0,,,63.0,37.0,,,100.0,52.0,99.0,2404.0,37,37,100,0,100,0,200,0,100.0,6023.0,100.0,36086997408.0,100.0,56058558596.0
2018-08-29,ZCH057ZZ,ST12000NM0007,12000138625024,0,82,176431880,92,0,100,7,100,0,89,709779746,93,6878,100,0,100,6,,,,,100.0,0.0,100.0,0.0,,,62.0,38.0,,,100.0,52.0,99.0,2405.0,38,38,100,0,100,0,200,0,100.0,6047.0,100.0,36163927840.0,100.0,56297805100.0
2018-08-30,ZCH057ZZ,ST12000NM0007,12000138625024,0,77,50791552,92,0,100,7,100,0,89,713100310,93,6905,100,0,100,6,,,,,100.0,0.0,100.0,0.0,,,63.0,37.0,,,100.0,52.0,99.0,2406.0,37,37,100,0,100,0,200,0,100.0,6074.0,100.0,36243219664.0,100.0,56581154684.0
2018-08-31,ZCH057ZZ,ST12000NM0007,12000138625024,0,79,73184568,92,0,100,7,100,0,89,715539165,93,6928,100,0,100,6,,,,,100.0,0.0,100.0,0.0,,,62.0,38.0,,,100.0,52.0,99.0,2407.0,38,38,100,0,100,0,200,0,100.0,6097.0,100.0,36309407624.0,100.0,56781500444.0
2018-09-01,ZCH057ZZ,ST12000NM0007,12000138625024,0,80,107887800,92,0,100,7,100,0,89,717996557,93,6953,100,0,100,6,,,,,100.0,0.0,100.0,0.0,,,63.0,37.0,,,100.0,52.0,99.0,2408.0,37,37,100,0,100,0,200,0,100.0,6121.0,100.0,36366865672.0,100.0,57002886444.0
2018-09-02,ZCH057ZZ,ST12000NM0007,12000138625024,0,81,124903832,92,0,100,7,100,0,89,720438137,93,6976,100,0,100,6,,,,,100.0,0.0,100.0,0.0,,,62.0,38.0,,,100.0,52.0,99.0,2409.0,38,38,100,0,100,0,200,0,100.0,6145.0,100.0,36432683888.0,100.0,57198225164.0
2018-09-03,ZCH057ZZ,ST12000NM0007,12000138625024,0,82,164303688,92,0,100,7,100,0,89,723024669,93,7001,100,0,100,6,,,,,100.0,0.0,100.0,0.0,,,64.0,36.0,,,100.0,52.0,99.0,2410.0,36,36,100,0,100,0,200,0,100.0,6169.0,100.0,36507632408.0,100.0,57406817220.0
2018-09-04,ZCH057ZZ,ST12000NM0007,12000138625024,0,83,182466720,92,0,100,7,100,0,89,725465682,92,7024,100,0,100,6,,,,,100.0,0.0,100.0,0.0,,,64.0,36.0,,,100.0,52.0,99.0,2411.0,36,36,100,0,100,0,200,0,100.0,6193.0,100.0,36588349496.0,100.0,57588403804.0
2018-09-05,ZCH057ZZ,ST12000NM0007,12000138625024,0,83,199613464,92,0,100,7,100,0,89,727822836,92,7048,100,0,100,6,,,,,100.0,0.0,100.0,0.0,,,63.0,37.0,,,100.0,52.0,99.0,2412.0,37,37,100,0,100,0,200,0,100.0,6216.0,100.0,36660609928.0,100.0,57777430748.0
2018-09-06,ZCH057ZZ,ST12000NM0007,12000138625024,0,82,176894304,92,0,100,7,100,0,89,729737508,92,7069,100,0,100,6,,,,,100.0,0.0,100.0,0.0,,,63.0,37.0,,,100.0,53.0,99.0,2413.0,37,37,100,0,100,0,200,0,100.0,6238.0,100.0,36720161720.0,100.0,57939300452.0
2018-09-07,ZCH057ZZ,ST12000NM0007,12000138625024,0,83,214874512,92,0,100,7,100,0,89,732474774,92,7094,100,0,100,6,,,,,100.0,0.0,100.0,0.0,,,61.0,39.0,,,100.0,53.0,99.0,2414.0,39,39,100,0,100,0,200,0,100.0,6262.0,100.0,36813878816.0,100.0,58127704268.0
2018-09-08,ZCH057ZZ,ST12000NM0007,12000138625024,0,75,34476032,92,0,100,7,100,0,89,735397693,92,7117,100,0,100,6,,,,,100.0,0.0,100.0,0.0,,,63.0,37.0,,,100.0,53.0,99.0,2415.0,37,37,100,0,100,0,200,0,100.0,6286.0,100.0,36902639880.0,100.0,58346826308.0
2018-09-09,ZCH057ZZ,ST12000NM0007,12000138625024,0,74,27502664,92,0,100,7,100,0,89,737548572,92,7141,100,0,100,6,,,,,100.0,0.0,100.0,0.0,,,62.0,38.0,,,100.0,53.0,99.0,2416.0,38,38,100,0,100,0,200,0,100.0,6309.0,100.0,36973485368.0,100.0,58513148564.0
2018-09-10,ZCH057ZZ,ST12000NM0007,12000138625024,0,79,86398968,92,0,100,7,100,0,89,739907895,92,7165,100,0,100,6,,,,,100.0,0.0,100.0,0.0,,,62.0,38.0,,,100.0,53.0,99.0,2417.0,38,38,100,0,100,0,200,0,100.0,6333.0,100.0,37048778104.0,100.0,58740892940.0
2018-09-11,ZCH057ZZ,ST12000NM0007,12000138625024,0,78,61010288,92,0,100,7,100,0,89,741880167,92,7190,100,0,100,6,,,,,100.0,0.0,100.0,0.0,,,63.0,37.0,,,100.0,54.0,99.0,2418.0,37,37,100,0,100,0,200,0,100.0,6358.0,100.0,37119395296.0,100.0,58889027756.0
2018-09-12,ZCH057ZZ,ST12000NM0007,12000138625024,0,81,121225904,92,0,100,7,100,0,89,744166338,92,7213,100,0,100,6,,,,,100.0,0.0,100.0,0.0,,,62.0,38.0,,,100.0,54.0,99.0,2419.0,38,38,100,0,100,0,200,0,100.0,6381.0,100.0,37207365144.0,100.0,59105414212.0
2018-09-13,ZCH057ZZ,ST12000NM0007,12000138625024,0,80,100640512,92,0,100,7,100,0,89,746119192,92,7235,100,0,100,6,,,,,100.0,0.0,100.0,0.0,,,62.0,38.0,,,100.0,54.0,99.0,2420.0,38,38,100,0,100,0,200,0,100.0,6402.0,100.0,37282967680.0,100.0,59253367228.0
2018-09-14,ZCH057ZZ,ST12000NM0007,12000138625024,0,80,95589112,92,0,100,7,100,0,89,748298021,92,7258,100,0,100,6,,,,,100.0,0.0,100.0,0.0,,,62.0,38.0,,,100.0,55.0,99.0,2421.0,38,38,100,0,100,0,200,0,100.0,6426.0,100.0,37339962384.0,100.0,59435461764.0
2018-09-15,ZCH057ZZ,ST12000NM0007,12000138625024,0,80,107337624,92,0,100,7,100,0,89,750815213,92,7283,100,0,100,6,,,,,100.0,0.0,100.0,0.0,,,62.0,38.0,,,100.0,56.0,99.0,2422.0,38,38,100,0,100,0,200,0,100.0,6450.0,100.0,37420018720.0,100.0,59611294732.0
2018-09-16,ZCH057ZZ,ST12000NM0007,12000138625024,0,84,227527600,92,0,100,7,100,0,89,754615191,92,7307,100,0,100,6,,,,,100.0,0.0,100.0,0.0,,,62.0,38.0,,,100.0,56.0,99.0,2423.0,38,38,100,0,100,0,200,0,100.0,6474.0,100.0,37525378536.0,100.0,59870265732.0
2018-09-17,ZCH057ZZ,ST12000NM0007,12000138625024,0,71,12533944,92,0,100,7,100,0,89,756920508,92,7330,100,0,100,6,,,,,100.0,0.0,100.0,0.0,,,62.0,38.0,,,100.0,56.0,99.0,2424.0,38,38,100,0,100,0,200,0,100.0,6498.0,100.0,37601434440.0,100.0,60067497476.0
2018-09-18,ZCH057ZZ,ST12000NM0007,12000138625024,0,64,2756344,92,0,100,7,100,0,89,758821130,92,7355,100,0,100,6,,,,,100.0,0.0,100.0,0.0,,,62.0,38.0,,,100.0,57.0,99.0,2425.0,38,38,100,0,100,0,200,0,100.0,6522.0,100.0,37663252920.0,100.0,60240042044.0
2018-09-19,ZCH057ZZ,ST12000NM0007,12000138625024,0,77,50280944,92,0,100,7,100,0,89,760842233,92,7379,100,0,100,6,,,,,100.0,0.0,100.0,0.0,,,61.0,39.0,,,100.0,57.0,99.0,2426.0,39,39,100,0,100,0,200,0,100.0,6546.0,100.0,37730785128.0,100.0,60464175364.0
2018-09-20,ZCH057ZZ,ST12000NM0007,12000138625024,0,79,89059392,92,0,100,7,100,0,89,763031781,92,7403,100,0,100,6,,,,,100.0,0.0,100.0,0.0,,,62.0,38.0,,,100.0,57.0,99.0,2427.0,38,38,100,0,100,0,200,0,100.0,6570.0,100.0,37808460840.0,100.0,60669419412.0
2018-09-21,ZCH057ZZ,ST12000NM0007,12000138625024,0,79,88109888,92,0,100,7,100,0,89,764872039,92,7426,100,0,100,6,,,,,100.0,0.0,100.0,0.0,,,62.0,38.0,,,100.0,58.0,99.0,2428.0,38,38,100,0,100,0,200,0,100.0,6594.0,100.0,37883384792.0,100.0,60837686748.0
2018-09-22,ZCH057ZZ,ST12000NM0007,12000138625024,0,80,101152912,92,0,100,7,100,0,89,767048099,92,7451,100,0,100,6,,,,,100.0,0.0,100.0,0.0,,,62.0,38.0,,,100.0,58.0,99.0,2429.0,38,38,100,0,100,0,200,0,100.0,6618.0,100.0,37958807696.0,100.0,61019447572.0
2018-09-23,ZCH057ZZ,ST12000NM0007,12000138625024,0,77,49369408,92,0,100,7,100,0,89,769012519,92,7474,100,0,100,6,,,,,100.0,0.0,100.0,0.0,,,62.0,38.0,,,100.0,58.0,99.0,2430.0,38,38,100,0,100,0,200,0,100.0,6641.0,100.0,38037867904.0,100.0,61132744500.0
2018-09-24,ZCH057ZZ,ST12000NM0007,12000138625024,0,79,78972616,92,0,100,7,100,0,89,771384523,92,7498,100,0,100,6,,,,,100.0,0.0,100.0,0.0,,,62.0,38.0,,,100.0,59.0,99.0,2431.0,38,38,100,0,100,0,200,0,100.0,6665.0,100.0,38122251696.0,100.0,61322104684.0
2018-09-25,ZCH057ZZ,ST12000NM0007,12000138625024,0,79,87353888,92,0,100,7,100,0,89,773587007,92,7522,100,0,100,6,,,,,100.0,0.0,100.0,0.0,,,62.0,38.0,,,100.0,59.0,99.0,2432.0,38,38,100,0,100,0,200,0,100.0,6689.0,100.0,38198540440.0,100.0,61498337940.0
2018-09-26,ZCH057ZZ,ST12000NM0007,12000138625024,0,80,91758014,90,0,100,8,100,0,89,775838634,92,7550,100,0,100,7,,,,,100.0,0.0,100.0,0.0,,,63.0,37.0,,,100.0,60.0,99.0,2454.0,37,37,100,0,100,0,200,0,100.0,6713.0,100.0,38272116480.0,100.0,61673306898.0
2018-09-27,ZCH057ZZ,ST12000NM0007,12000138625024,0,82,141683776,90,0,100,8,100,0,89,779051053,92,7574,100,0,100,7,,,,,100.0,0.0,100.0,0.0,,,63.0,37.0,,,100.0,60.0,99.0,2455.0,37,37,100,0,100,0,200,0,100.0,6737.0,100.0,38343367848.0,100.0,61896121946.0
2018-09-28,ZCH057ZZ,ST12000NM0007,12000138625024,0,81,117751920,90,0,100,8,100,0,89,780933687,92,7594,100,0,100,7,,,,,100.0,0.0,100.0,0.0,,,62.0,38.0,,,100.0,60.0,99.0,2456.0,38,38,100,0,100,0,200,0,100.0,6757.0,100.0,38410433512.0,100.0,62049265058.0
2018-09-29,ZCH057ZZ,ST12000NM0007,12000138625024,0,83,218753656,90,0,100,8,100,0,89,783630520,92,7619,100,0,100,7,,,,,100.0,0.0,100.0,0.0,,,62.0,38.0,,,100.0,61.0,99.0,2457.0,38,38,100,0,100,0,200,0,100.0,6781.0,100.0,38505151760.0,100.0,62299689210.0
2018-09-30,ZCH057ZZ,ST12000NM0007,12000138625024,0,72,15405440,90,0,100,8,100,0,89,785945329,92,7642,100,0,100,7,,,,,100.0,0.0,100.0,0.0,,,62.0,38.0,,,100.0,62.0,99.0,2458.0,38,38,100,0,100,0,200,0,100.0,6804.0,100.0,38584910408.0,100.0,62504863770.0
2018-10-01,ZCH057ZZ,ST12000NM0007,12000138625024,0,77,49050744,90,0,100,8,100,0,89,788445644,92,7666,100,0,100,7,,,,,100.0,0.0,100.0,0.0,,,62.0,38.0,,,100.0,63.0,99.0,2459.0,38,38,100,0,100,0,200,0,100.0,6829.0,100.0,38656765144.0,100.0,62710795074.0
2018-10-02,ZCH057ZZ,ST12000NM0007,12000138625024,0,80,106193032,90,0,100,8,100,0,89,790759270,92,7691,100,0,100,7,,,,,100.0,0.0,100.0,0.0,,,62.0,38.0,,,100.0,64.0,99.0,2460.0,38,38,100,0,100,0,200,0,100.0,6853.0,100.0,38755538736.0,100.0,62913304642.0
2018-10-03,ZCH057ZZ,ST12000NM0007,12000138625024,0,83,200667712,90,0,100,8,100,0,89,793218580,92,7714,100,0,100,7,,,,,100.0,0.0,100.0,0.0,,,64.0,36.0,,,100.0,64.0,99.0,2461.0,36,36,100,0,100,0,200,0,100.0,6876.0,100.0,38852981120.0,100.0,63154477594.0
2018-10-04,ZCH057ZZ,ST12000NM0007,12000138625024,0,83.0,201029704.0,90.0,0.0,100.0,8.0,100.0,0.0,89.0,795026347.0,92.0,7739.0,100.0,0.0,100.0,7.0,,,,,100.0,0.0,100.0,0.0,,,64.0,36.0,,,100.0,64.0,99.0,2462.0,36.0,36.0,100.0,0.0,100.0,0.0,200.0,0.0,100.0,6901.0,100.0,38929758672.0,100.0,63322202690.0
2018-10-05,ZCH057ZZ,ST12000NM0007,12000138625024,0,70,10201456,90,0,100,8,100,0,89,797581866,92,7762,100,0,100,7,,,,,100.0,0.0,100.0,0.0,,,62.0,38.0,,,100.0,65.0,99.0,2463.0,38,38,100,0,100,0,200,0,100.0,6924.0,100.0,39008483640.0,100.0,63540930850.0
2018-10-06,ZCH057ZZ,ST12000NM0007,12000138625024,0,71,12915608,90,0,100,8,100,0,89,799583266,92,7786,100,0,100,7,,,,,100.0,0.0,100.0,0.0,,,63.0,37.0,,,100.0,65.0,99.0,2464.0,37,37,100,0,100,0,200,0,100.0,6948.0,100.0,39091789664.0,100.0,63704479706.0
2018-10-07,ZCH057ZZ,ST12000NM0007,12000138625024,0,73,19579504,90,0,100,8,100,0,89,801589777,92,7811,100,0,100,7,,,,,100.0,0.0,100.0,0.0,,,63.0,37.0,,,100.0,66.0,99.0,2465.0,37,37,100,0,100,0,200,0,100.0,6973.0,100.0,39155741112.0,100.0,63891333282.0
2018-10-08,ZCH057ZZ,ST12000NM0007,12000138625024,0,83,223010264,90,0,100,8,100,0,89,803591648,92,7834,100,0,100,7,,,,,100.0,0.0,100.0,0.0,,,64.0,36.0,,,100.0,67.0,99.0,2466.0,36,36,100,0,100,0,200,0,100.0,6996.0,100.0,39231403992.0,100.0,64019101162.0
2018-10-09,ZCH057ZZ,ST12000NM0007,12000138625024,0,71.0,11555176.0,90.0,0.0,100.0,8.0,100.0,0.0,89.0,805737871.0,92.0,7859.0,100.0,0.0,100.0,7.0,,,,,100.0,0.0,100.0,0.0,,,62.0,38.0,,,100.0,67.0,99.0,2467.0,38.0,38.0,100.0,0.0,100.0,0.0,200.0,0.0,100.0,7020.0,100.0,39313567960.0,100.0,64213763818.0
2018-10-10,ZCH057ZZ,ST12000NM0007,12000138625024,0,83,219646000,90,0,100,8,100,0,89,807532273,92,7882,100,0,100,7,,,,,100.0,0.0,100.0,0.0,,,62.0,38.0,,,100.0,67.0,99.0,2468.0,38,38,100,0,100,0,200,0,100.0,7044.0,100.0,39373494536.0,100.0,64361928066.0
2018-10-11,ZCH057ZZ,ST12000NM0007,12000138625024,0,84,241702680,90,0,100,8,100,0,89,809627085,91,7906,100,0,100,7,,,,,100.0,0.0,100.0,0.0,,,63.0,37.0,,,100.0,68.0,99.0,2469.0,37,37,100,0,100,0,200,0,100.0,7068.0,100.0,39476811832.0,100.0,64524808146.0
2018-10-12,ZCH057ZZ,ST12000NM0007,12000138625024,0,77,48342096,90,0,100,8,100,0,89,812741557,91,7931,100,0,100,7,,,,,100.0,0.0,100.0,0.0,,,63.0,37.0,,,100.0,69.0,99.0,2470.0,37,37,100,0,100,0,200,0,100.0,7092.0,100.0,39576444152.0,100.0,64720096970.0
2018-10-13,ZCH057ZZ,ST12000NM0007,12000138625024,0,80,105151512,90,0,100,8,100,0,89,815302116,91,7954,100,0,100,7,,,,,100.0,0.0,100.0,0.0,,,61.0,39.0,,,100.0,70.0,99.0,2471.0,39,39,100,0,100,0,200,0,100.0,7115.0,100.0,39674461152.0,100.0,64923030170.0
2018-10-14,ZCH057ZZ,ST12000NM0007,12000138625024,0,80,101653488,90,0,100,8,100,0,89,817450039,91,7979,100,0,100,7,,,,,100.0,0.0,100.0,0.0,,,61.0,39.0,,,100.0,71.0,99.0,2472.0,39,39,100,0,100,0,200,0,100.0,7140.0,100.0,39775233784.0,100.0,65062900250.0
2018-10-15,ZCH057ZZ,ST12000NM0007,12000138625024,0,79,74493312,90,0,100,8,100,0,89,819191432,91,8002,100,0,100,7,,,,,100.0,0.0,100.0,0.0,,,63.0,37.0,,,100.0,72.0,99.0,2473.0,37,37,100,0,100,0,200,0,100.0,7163.0,100.0,39845491408.0,100.0,65209623298.0
2018-10-16,ZCH057ZZ,ST12000NM0007,12000138625024,0,76,36890336,90,0,100,8,100,0,89,821004345,91,8026,100,0,100,7,,,,,100.0,0.0,100.0,0.0,,,63.0,37.0,,,100.0,72.0,99.0,2474.0,37,37,100,0,100,0,200,0,100.0,7188.0,100.0,39920418456.0,100.0,65341234130.0
2018-10-17,ZCH057ZZ,ST12000NM0007,12000138625024,0,78,65438352,90,0,100,8,100,0,89,823387463,91,8051,100,0,100,7,,,,,100.0,0.0,100.0,0.0,,,62.0,38.0,,,100.0,72.0,99.0,2475.0,38,38,100,0,100,0,200,0,100.0,7212.0,100.0,40005958808.0,100.0,65528382634.0
2018-10-18,ZCH057ZZ,ST12000NM0007,12000138625024,0,82,173662568,90,0,100,8,100,0,89,826608654,91,8079,100,0,100,7,,,,,100.0,0.0,100.0,0.0,,,62.0,38.0,,,100.0,72.0,99.0,2476.0,38,38,100,0,100,0,200,0,100.0,7240.0,100.0,40099052352.0,100.0,65787654338.0
2018-10-19,ZCH057ZZ,ST12000NM0007,12000138625024,0,82,151602808,90,0,100,8,100,0,89,828744025,91,8104,100,0,100,7,,,,,100.0,0.0,100.0,0.0,,,61.0,39.0,,,100.0,73.0,99.0,2477.0,39,39,100,0,100,0,200,0,100.0,7265.0,100.0,40169117360.0,100.0,65939670522.0
2018-10-20,ZCH057ZZ,ST12000NM0007,12000138625024,0,83,198197376,90,0,100,8,100,0,89,831279462,91,8127,100,0,100,7,,,,,100.0,0.0,100.0,0.0,,,62.0,38.0,,,100.0,73.0,99.0,2478.0,38,38,100,0,100,0,200,0,100.0,7288.0,100.0,40240764888.0,100.0,66158758442.0
2018-10-21,ZCH057ZZ,ST12000NM0007,12000138625024,0,82,160507296,90,0,100,8,100,0,89,833317537,91,8152,100,0,100,7,,,,,100.0,0.0,100.0,0.0,,,62.0,38.0,,,100.0,74.0,99.0,2479.0,38,38,100,0,100,0,200,0,100.0,7312.0,100.0,40322722024.0,100.0,66283251906.0
2018-10-22,ZCH057ZZ,ST12000NM0007,12000138625024,0,82,164531952,90,0,100,8,100,0,89,835452426,91,8175,100,0,100,7,,,,,100.0,0.0,100.0,0.0,,,62.0,38.0,,,100.0,74.0,99.0,2480.0,38,38,100,0,100,0,200,0,100.0,7336.0,100.0,40396578128.0,100.0,66457561138.0
2018-10-23,ZCH057ZZ,ST12000NM0007,12000138625024,0,82,153038896,90,0,100,8,100,0,89,837788381,91,8199,100,0,100,7,,,,,100.0,0.0,100.0,0.0,,,61.0,39.0,,,100.0,74.0,99.0,2481.0,39,39,100,0,100,0,200,0,100.0,7360.0,100.0,40488936816.0,100.0,66597850058.0
2018-10-24,ZCH057ZZ,ST12000NM0007,12000138625024,0,83,181306368,90,0,100,8,100,0,89,840491153,91,8224,100,0,100,7,,,,,100.0,0.0,100.0,0.0,,,62.0,38.0,,,100,74,99.0,2482.0,38,38,100,0,100,0,200,0,100.0,7384.0,100.0,40576053744.0,100.0,66783141410.0
2018-10-25,ZCH057ZZ,ST12000NM0007,12000138625024,0,75,31196064,90,0,100,8,100,0,89,841730327,91,8243,100,0,100,7,,,,,100.0,0.0,100.0,0.0,,,61.0,39.0,,,100.0,74.0,99.0,2483.0,39,39,100,0,100,0,200,0,100.0,7403.0,100.0,40628632280.0,100.0,66824593330.0
2018-10-26,ZCH057ZZ,ST12000NM0007,12000138625024,0,79,77446864,90,0,100,8,100,0,89,844837300,91,8267,100,0,100,7,,,,,100.0,0.0,100.0,0.0,,,62.0,38.0,,,100.0,75.0,99.0,2484.0,38,38,100,0,100,0,200,0,100.0,7428.0,100.0,40706770824.0,100.0,67036846386.0
2018-10-27,ZCH057ZZ,ST12000NM0007,12000138625024,0,77,48534312,90,0,100,8,100,0,89,846960341,91,8292,100,0,100,7,,,,,100.0,0.0,100.0,0.0,,,61.0,39.0,,,100.0,76.0,99.0,2485.0,39,39,100,0,100,0,200,0,100.0,7452.0,100.0,40777013568.0,100.0,67181831850.0
2018-10-28,ZCH057ZZ,ST12000NM0007,12000138625024,0,74,24079952,90,0,100,8,100,0,89,849007239,91,8315,100,0,100,7,,,,,100.0,0.0,100.0,0.0,,,61.0,39.0,,,100.0,77.0,99.0,2486.0,39,39,100,0,100,0,200,0,100.0,7475.0,100.0,40846289512.0,100.0,67332242354.0
2018-10-29,ZCH057ZZ,ST12000NM0007,12000138625024,0,100,2387520,90,0,100,8,100,0,89,851291125,91,8340,100,0,100,7,,,,,100.0,0.0,100.0,0.0,,,61.0,39.0,,,100.0,77.0,99.0,2487.0,39,39,100,0,100,0,200,0,100.0,7500.0,100.0,40925752712.0,100.0,67475227418.0
2018-10-30,ZCH057ZZ,ST12000NM0007,12000138625024,0,75,31618200,90,0,100,8,100,0,89,853533240,91,8363,100,0,100,7,,,,,100.0,0.0,100.0,0.0,,,61.0,39.0,,,100.0,78.0,99.0,2488.0,39,39,100,0,100,0,200,0,100.0,7523.0,100.0,40981578576.0,100.0,67692773234.0
2018-10-31,ZCH057ZZ,ST12000NM0007,12000138625024,0,78,61373456,90.0,0.0,100.0,8.0,100.0,0.0,89.0,856309680.0,91,8388,100.0,0.0,100,7,,,,,100.0,0.0,100.0,0.0,,,61.0,39.0,,,100.0,79.0,99.0,2489.0,39,39,100.0,0.0,100.0,0.0,200.0,0.0,100.0,7548.0,100.0,41072369464.0,100.0,67875878282.0
2018-11-01,ZCH057ZZ,ST12000NM0007,12000138625024,0,76,36455064,90.0,0.0,100.0,8.0,100.0,0.0,89.0,858775805.0,91,8417,100.0,0.0,100,7,,,,,100.0,0.0,100.0,0.0,,,61.0,39.0,,,100.0,79.0,99.0,2490.0,39,39,100.0,0.0,100.0,0.0,200.0,0.0,100.0,7576.0,100.0,41163207672.0,100.0,68004262394.0
2018-11-02,ZCH057ZZ,ST12000NM0007,12000138625024,0,77,49092576,90.0,0.0,100.0,8.0,100.0,0.0,89.0,861006239.0,91,8441,100.0,0.0,100,7,,,,,100.0,0.0,100.0,0.0,,,60.0,40.0,,,100.0,79.0,99.0,2491.0,40,40,100.0,0.0,100.0,0.0,200.0,0.0,100.0,7600.0,100.0,41239015224.0,100.0,68185233058.0
2018-11-03,ZCH057ZZ,ST12000NM0007,12000138625024,0,73,20583440,90.0,0.0,100.0,8.0,100.0,0.0,89.0,863055363.0,91,8464,100.0,0.0,100,7,,,,,100.0,0.0,100.0,0.0,,,61.0,39.0,,,100.0,79.0,99.0,2492.0,39,39,100.0,0.0,100.0,0.0,200.0,0.0,100.0,7624.0,100.0,41314036280.0,100.0,68325843674.0
2018-11-04,ZCH057ZZ,ST12000NM0007,12000138625024,0,72,14448864,90.0,0.0,100.0,8.0,100.0,0.0,89.0,865994670.0,91,8488,100.0,0.0,100,7,,,,,100.0,0.0,100.0,0.0,,,61.0,39.0,,,100.0,80.0,99.0,2493.0,39,39,100.0,0.0,100.0,0.0,200.0,0.0,100.0,7647.0,100.0,41377346104.0,100.0,68500539922.0
2018-11-05,ZCH057ZZ,ST12000NM0007,12000138625024,0,83,214268632,90.0,0.0,100.0,8.0,100.0,0.0,89.0,868218780.0,91,8512,100.0,0.0,100,7,,,,,100.0,0.0,100.0,0.0,,,61.0,39.0,,,100.0,81.0,99.0,2494.0,39,39,100.0,0.0,100.0,0.0,200.0,0.0,100.0,7672.0,100.0,41447405448.0,100.0,68630300346.0
2018-11-06,ZCH057ZZ,ST12000NM0007,12000138625024,0,83.0,212961608.0,90.0,0.0,100.0,8.0,100.0,0.0,89.0,870561171.0,91.0,8537.0,100.0,0.0,100.0,7.0,,,,,100.0,0.0,100.0,0.0,,,61.0,39.0,,,100.0,81.0,99.0,2495.0,39.0,39.0,100.0,0.0,100.0,0.0,200.0,0.0,100.0,7696.0,100.0,41527067560.0,100.0,68793472378.0
2018-11-07,ZCH057ZZ,ST12000NM0007,12000138625024,0,84.0,236727880.0,90.0,0.0,100.0,8.0,100.0,0.0,89.0,873260579.0,91.0,8560.0,100.0,0.0,100.0,7.0,,,,,100.0,0.0,100.0,0.0,,,60.0,40.0,,,100.0,81.0,99.0,2496.0,40.0,40.0,100.0,0.0,100.0,0.0,200.0,0.0,100.0,7719.0,100.0,41612385456.0,100.0,68976061594.0
2018-11-08,ZCH057ZZ,ST12000NM0007,12000138625024,0,84.0,243976584.0,90.0,0.0,100.0,8.0,100.0,0.0,89.0,875500490.0,91.0,8584.0,100.0,0.0,100.0,7.0,,,,,100.0,0.0,100.0,0.0,,,60.0,40.0,,,100.0,81.0,99.0,2497.0,40.0,40.0,100.0,0.0,100.0,0.0,200.0,0.0,100.0,7743.0,100.0,41687370976.0,100.0,69152465570.0
2018-11-09,ZCH057ZZ,ST12000NM0007,12000138625024,0,84,226218608,90.0,0.0,100.0,8.0,100.0,0.0,89.0,877273701.0,91,8607,100.0,0.0,100,7,,,,,100.0,0.0,100.0,0.0,,,61.0,39.0,,,100.0,82.0,99.0,2498.0,39,39,100.0,0.0,100.0,0.0,200.0,0.0,100.0,7766.0,100.0,41752468712.0,100.0,69313750754.0
2018-11-10,ZCH057ZZ,ST12000NM0007,12000138625024,0,84,229781528,90.0,0.0,100.0,8.0,100.0,0.0,89.0,879282459.0,91,8631,100.0,0.0,100,7,,,,,100.0,0.0,100.0,0.0,,,61.0,39.0,,,100.0,83.0,99.0,2499.0,39,39,100.0,0.0,100.0,0.0,200.0,0.0,100.0,7790.0,100.0,41813732088.0,100.0,69500190994.0
2018-11-11,ZCH057ZZ,ST12000NM0007,12000138625024,0,83,194356272,90.0,0.0,100.0,8.0,100.0,0.0,89.0,881103976.0,91,8655,100.0,0.0,100,7,,,,,100.0,0.0,100.0,0.0,,,61.0,39.0,,,100.0,84.0,99.0,2500.0,39,39,100.0,0.0,100.0,0.0,200.0,0.0,100.0,7814.0,100.0,41880187376.0,100.0,69642451666.0
2018-11-12,ZCH057ZZ,ST12000NM0007,12000138625024,0,83,219479896,90.0,0.0,100.0,8.0,100.0,0.0,89.0,883474784.0,91,8679,100.0,0.0,100,7,,,,,100.0,0.0,100.0,0.0,,,60.0,40.0,,,100.0,84.0,99.0,2501.0,40,40,100.0,0.0,100.0,0.0,200.0,0.0,100.0,7837.0,100.0,41953177920.0,100.0,69838725458.0
2018-11-13,ZCH057ZZ,ST12000NM0007,12000138625024,0,72,16815072,90.0,0.0,100.0,8.0,100.0,0.0,89.0,886657614.0,91,8703,100.0,0.0,100,7,,,,,100.0,0.0,100.0,0.0,,,61.0,39.0,,,100.0,84.0,99.0,2502.0,39,39,100.0,0.0,100.0,0.0,200.0,0.0,100.0,7862.0,100.0,42062621048.0,100.0,70014898954.0
2018-11-14,ZCH057ZZ,ST12000NM0007,12000138625024,0,75,33428984,90.0,0.0,100.0,8.0,100.0,0.0,89.0,889350433.0,91,8727,100.0,0.0,100,7,,,,,100.0,0.0,100.0,0.0,,,61.0,39.0,,,100.0,84.0,99.0,2503.0,39,39,100.0,0.0,100.0,0.0,200.0,0.0,100.0,7885.0,100.0,42155144984.0,100.0,70183129722.0
2018-11-15,ZCH057ZZ,ST12000NM0007,12000138625024,0,77,51070528,90.0,0.0,100.0,8.0,100.0,0.0,90.0,891834878.0,91,8751,100.0,0.0,100,7,,,,,100.0,0.0,100.0,0.0,,,60.0,40.0,,,100.0,84.0,99.0,2504.0,40,40,100.0,0.0,100.0,0.0,200.0,0.0,100.0,7909.0,100.0,42240485200.0,100.0,70359571682.0
2018-11-16,ZCH057ZZ,ST12000NM0007,12000138625024,0,77,54105520,90.0,0.0,100.0,8.0,100.0,0.0,90.0,893851199.0,90,8775,100.0,0.0,100,7,,,,,100.0,0.0,100.0,0.0,,,60.0,40.0,,,100.0,84.0,99.0,2505.0,40,40,100.0,0.0,100.0,0.0,200.0,0.0,100.0,7933.0,100.0,42319078464.0,100.0,70528154058.0
2018-11-17,ZCH057ZZ,ST12000NM0007,12000138625024,0,78.0,62745864.0,90.0,0.0,100.0,8.0,100.0,0.0,90.0,896087286.0,90.0,8799.0,100.0,0.0,100.0,7.0,,,,,100.0,0.0,100.0,0.0,,,61.0,39.0,,,100.0,84.0,99.0,2506.0,39.0,39.0,100.0,0.0,100.0,0.0,200.0,0.0,100.0,7957.0,100.0,42383553544.0,100.0,70716460154.0
2018-11-18,ZCH057ZZ,ST12000NM0007,12000138625024,0,74,22972736,90.0,0.0,100.0,8.0,100.0,0.0,90.0,897953502.0,90,8823,100.0,0.0,100,7,,,,,100.0,0.0,100.0,0.0,,,61.0,39.0,,,100.0,85.0,99.0,2507.0,39,39,100.0,0.0,100.0,0.0,200.0,0.0,100.0,7981.0,100.0,42454396896.0,100.0,70849984650.0
2018-11-19,ZCH057ZZ,ST12000NM0007,12000138625024,0,100,1401856,90.0,0.0,100.0,8.0,100.0,0.0,90.0,900052213.0,90,8847,100.0,0.0,100,7,,,,,100.0,0.0,100.0,0.0,,,60.0,40.0,,,100.0,85.0,99.0,2508.0,40,40,100.0,0.0,100.0,0.0,200.0,0.0,100.0,8005.0,100.0,42530916048.0,100.0,70996035506.0
2018-11-20,ZCH057ZZ,ST12000NM0007,12000138625024,0,100,327016,90.0,0.0,100.0,8.0,100.0,0.0,90.0,902238449.0,90,8871,100.0,0.0,100,7,,,,,100.0,0.0,100.0,0.0,,,60.0,40.0,,,100.0,85.0,99.0,2509.0,40,40,100.0,0.0,100.0,0.0,200.0,0.0,100.0,8028.0,100.0,42609336224.0,100.0,71160681362.0
2018-11-21,ZCH057ZZ,ST12000NM0007,12000138625024,0,77,55692280,90.0,0.0,100.0,8.0,100.0,0.0,90.0,904930398.0,90,8895,100.0,0.0,100,7,,,,,100.0,0.0,100.0,0.0,,,60.0,40.0,,,100.0,86.0,99.0,2510.0,40,40,100.0,0.0,100.0,0.0,200.0,0.0,100.0,8053.0,100.0,42701243696.0,100.0,71368280002.0
2018-11-22,ZCH057ZZ,ST12000NM0007,12000138625024,0,79,82497104,90.0,0.0,100.0,8.0,100.0,0.0,90.0,907708569.0,90,8919,100.0,0.0,100,7,,,,,100.0,0.0,100.0,0.0,,,58.0,42.0,,,100.0,86.0,99.0,2511.0,42,42,100.0,0.0,100.0,0.0,200.0,0.0,100.0,8076.0,100.0,42793689480.0,100.0,71546779674.0
2018-11-23,ZCH057ZZ,ST12000NM0007,12000138625024,0,80,90700792,90.0,0.0,100.0,8.0,100.0,0.0,90.0,910178290.0,90,8944,100.0,0.0,100,7,,,,,100.0,0.0,100.0,0.0,,,61.0,39.0,,,100.0,86.0,99.0,2512.0,39,39,100.0,0.0,100.0,0.0,200.0,0.0,100.0,8101.0,100.0,42857654424.0,100.0,71735159226.0
2018-11-24,ZCH057ZZ,ST12000NM0007,12000138625024,0,81,121164864,90.0,0.0,100.0,8.0,100.0,0.0,90.0,912416194.0,90,8968,100.0,0.0,100,7,,,,,100.0,0.0,100.0,0.0,,,60.0,40.0,,,100.0,87.0,99.0,2513.0,40,40,100.0,0.0,100.0,0.0,200.0,0.0,100.0,8124.0,100.0,42927097912.0,100.0,71940320754.0
2018-11-25,ZCH057ZZ,ST12000NM0007,12000138625024,0,81,117649328,90.0,0.0,100.0,8.0,100.0,0.0,90.0,914155765.0,90,8991,100.0,0.0,100,7,,,,,100.0,0.0,100.0,0.0,,,60.0,40.0,,,100.0,88.0,99.0,2514.0,40,40,100.0,0.0,100.0,0.0,200.0,0.0,100.0,8148.0,100.0,42999161088.0,100.0,72108882834.0
2018-11-26,ZCH057ZZ,ST12000NM0007,12000138625024,0,81,114726480,90.0,0.0,100.0,8.0,100.0,0.0,90.0,916193543.0,90,9015,100.0,0.0,100,7,,,,,100.0,0.0,100.0,0.0,,,60.0,40.0,,,100.0,88.0,99.0,2515.0,40,40,100.0,0.0,100.0,0.0,200.0,0.0,100.0,8171.0,100.0,43072398544.0,100.0,72276863346.0
2018-11-27,ZCH057ZZ,ST12000NM0007,12000138625024,0,82,149545792,90.0,0.0,100.0,8.0,100.0,0.0,90.0,918786824.0,90,9039,100.0,0.0,100,7,,,,,100.0,0.0,100.0,0.0,,,60.0,40.0,,,100.0,88.0,99.0,2516.0,40,40,100.0,0.0,100.0,0.0,200.0,0.0,100.0,8195.0,100.0,43156670856.0,100.0,72471551146.0
2018-11-28,ZCH057ZZ,ST12000NM0007,12000138625024,0,84,232834608,90.0,0.0,100.0,8.0,100.0,0.0,90.0,921726075.0,90,9063,100.0,0.0,100,7,,,,,100.0,0.0,100.0,0.0,,,60.0,40.0,,,100.0,89.0,99.0,2517.0,40,40,100.0,0.0,100.0,0.0,200.0,0.0,100.0,8219.0,100.0,43247995440.0,100.0,72707656306.0
2018-11-29,ZCH057ZZ,ST12000NM0007,12000138625024,0,83,196155056,90.0,0.0,100.0,8.0,100.0,0.0,90.0,923502954.0,90,9087,100.0,0.0,100,7,,,,,100.0,0.0,100.0,0.0,,,60.0,40.0,,,100.0,90.0,99.0,2518.0,40,40,100.0,0.0,100.0,0.0,200.0,0.0,100.0,8243.0,100.0,43300218440.0,100.0,72862894450.0
2018-11-30,ZCH057ZZ,ST12000NM0007,12000138625024,0,83,180641848,90.0,0.0,100.0,8.0,100.0,0.0,90.0,925535720.0,90,9111,100.0,0.0,100,7,,,,,100.0,0.0,100.0,0.0,,,60.0,40.0,,,100.0,90.0,99.0,2519.0,40,40,100.0,0.0,100.0,0.0,200.0,0.0,100.0,8267.0,100.0,43358089648.0,100.0,73033650826.0
2018-12-01,ZCH057ZZ,ST12000NM0007,12000138625024,0,72,15226816,90.0,0.0,100.0,8.0,100.0,0.0,90.0,929834532.0,90,9135,100.0,0.0,100,7,,,,,100.0,0.0,100.0,0.0,,,60.0,40.0,,,100.0,90.0,99.0,2520.0,40,40,100.0,0.0,100.0,0.0,200.0,0.0,100.0,8291.0,100.0,43440004672.0,100.0,73274602322.0
2018-12-02,ZCH057ZZ,ST12000NM0007,12000138625024,0,83,197668824,90.0,0.0,100.0,8.0,100.0,0.0,90.0,931190661.0,90,9159,100.0,0.0,100,7,,,,,100.0,0.0,100.0,0.0,,,61.0,39.0,,,100.0,91.0,99.0,2521.0,39,39,100.0,0.0,100.0,0.0,200.0,0.0,100.0,8315.0,100.0,43482057816.0,100.0,73414991186.0
2018-12-03,ZCH057ZZ,ST12000NM0007,12000138625024,0,83,183614208,90.0,0.0,100.0,8.0,100.0,0.0,90.0,933266241.0,90,9184,100.0,0.0,100,7,,,,,100.0,0.0,100.0,0.0,,,60.0,40.0,,,100.0,92.0,99.0,2522.0,40,40,100.0,0.0,100.0,0.0,200.0,0.0,100.0,8339.0,100.0,43566978112.0,100.0,73560156962.0
2018-12-04,ZCH057ZZ,ST12000NM0007,12000138625024,0,83,195305472,90.0,0.0,100.0,8.0,100.0,0.0,90.0,935666832.0,90,9207,100.0,0.0,100,7,,,,,100.0,0.0,100.0,0.0,,,60.0,40.0,,,100.0,92.0,99.0,2523.0,40,40,100.0,0.0,100.0,0.0,200.0,0.0,100.0,8363.0,100.0,43643306672.0,100.0,73739660586.0
2018-12-05,ZCH057ZZ,ST12000NM0007,12000138625024,0,100.0,1117952.0,90.0,0.0,100.0,8.0,100.0,0.0,90.0,938454606.0,90.0,9231.0,100.0,0.0,100.0,7.0,,,,,100.0,0.0,100.0,0.0,,,60.0,40.0,,,100.0,92.0,99.0,2524.0,40.0,40.0,100.0,0.0,100.0,0.0,200.0,0.0,100.0,8386.0,100.0,43733095960.0,100.0,73943965514.0
2018-12-06,ZCH057ZZ,ST12000NM0007,12000138625024,0,75,34945400,90.0,0.0,100.0,8.0,100.0,0.0,90.0,940916305.0,90,9256,100.0,0.0,100,7,,,,,100.0,0.0,100.0,0.0,,,60.0,40.0,,,100.0,92.0,99.0,2525.0,40,40,100.0,0.0,100.0,0.0,200.0,0.0,100.0,8411.0,100.0,43800117184.0,100.0,74154912530.0
2018-12-07,ZCH057ZZ,ST12000NM0007,12000138625024,0,75,34634576,90.0,0.0,100.0,8.0,100.0,0.0,90.0,942865139.0,90,9279,100.0,0.0,100,7,,,,,100.0,0.0,100.0,0.0,,,60.0,40.0,,,100.0,92.0,99.0,2526.0,40,40,100.0,0.0,100.0,0.0,200.0,0.0,100.0,8434.0,100.0,43860787976.0,100.0,74338071922.0
2018-12-08,ZCH057ZZ,ST12000NM0007,12000138625024,0,75,31842344,90.0,0.0,100.0,8.0,100.0,0.0,90.0,945348174.0,90,9304,100.0,0.0,100,7,,,,,100.0,0.0,100.0,0.0,,,61.0,39.0,,,100.0,93.0,99.0,2527.0,39,39,100.0,0.0,100.0,0.0,200.0,0.0,100.0,8458.0,100.0,43937503440.0,100.0,74502704954.0
2018-12-09,ZCH057ZZ,ST12000NM0007,12000138625024,0,70,10338264,90.0,0.0,100.0,8.0,100.0,0.0,90.0,947458300.0,90,9328,100.0,0.0,100,7,,,,,100.0,0.0,100.0,0.0,,,60.0,40.0,,,100.0,94.0,99.0,2528.0,40,40,100.0,0.0,100.0,0.0,200.0,0.0,100.0,8483.0,100.0,44003751696.0,100.0,74659093274.0
2018-12-10,ZCH057ZZ,ST12000NM0007,12000138625024,0,73,20013432,90.0,0.0,100.0,8.0,100.0,0.0,90.0,949823844.0,90,9352,100.0,0.0,100,7,,,,,100.0,0.0,100.0,0.0,,,60.0,40.0,,,100.0,95.0,99.0,2529.0,40,40,100.0,0.0,100.0,0.0,200.0,0.0,100.0,8507.0,100.0,44096942344.0,100.0,74819718426.0
2018-12-11,ZCH057ZZ,ST12000NM0007,12000138625024,0,79,72062704,90.0,0.0,100.0,8.0,100.0,0.0,90.0,953307452.0,90,9376,100.0,0.0,100,7,,,,,100.0,0.0,100.0,0.0,,,59.0,41.0,,,100.0,96.0,99.0,2530.0,41,41,100.0,0.0,100.0,0.0,200.0,0.0,100.0,8531.0,100.0,44166667872.0,100.0,75046183010.0
2018-12-12,ZCH057ZZ,ST12000NM0007,12000138625024,0,80,98975224,90.0,0.0,100.0,8.0,100.0,0.0,90.0,956082757.0,90,9399,100.0,0.0,100,7,,,,,100.0,0.0,100.0,0.0,,,59.0,41.0,,,100.0,97.0,99.0,2531.0,41,41,100.0,0.0,100.0,0.0,200.0,0.0,100.0,8553.0,100.0,44241414736.0,100.0,75242489434.0
2018-12-13,ZCH057ZZ,ST12000NM0007,12000138625024,0,80,102110072,90.0,0.0,100.0,8.0,100.0,0.0,90.0,958486828.0,90,9424,100.0,0.0,100,7,,,,,100.0,0.0,100.0,0.0,,,59.0,41.0,,,100.0,97.0,99.0,2532.0,41,41,100.0,0.0,100.0,0.0,200.0,0.0,100.0,8578.0,100.0,44317499944.0,100.0,75413679754.0
2018-12-14,ZCH057ZZ,ST12000NM0007,12000138625024,0,80,105662464,90.0,0.0,100.0,8.0,100.0,0.0,90.0,960935974.0,90,9448,100.0,0.0,100,7,,,,,100.0,0.0,100.0,0.0,,,58.0,42.0,,,100.0,97.0,99.0,2533.0,42,42,100.0,0.0,100.0,0.0,200.0,0.0,100.0,8602.0,100.0,44390823328.0,100.0,75588049418.0
2018-12-15,ZCH057ZZ,ST12000NM0007,12000138625024,0,80,98725968,90.0,0.0,100.0,8.0,100.0,0.0,90.0,963243632.0,90,9472,100.0,0.0,100,7,,,,,100.0,0.0,100.0,0.0,,,60.0,40.0,,,100.0,98.0,99.0,2534.0,40,40,100.0,0.0,100.0,0.0,200.0,0.0,100.0,8626.0,100.0,44449136536.0,100.0,75766940410.0
2018-12-16,ZCH057ZZ,ST12000NM0007,12000138625024,0,77,55992232,90.0,0.0,100.0,8.0,100.0,0.0,90.0,965362355.0,90,9496,100.0,0.0,100,7,,,,,100.0,0.0,100.0,0.0,,,59.0,41.0,,,100.0,98.0,99.0,2535.0,41,41,100.0,0.0,100.0,0.0,200.0,0.0,100.0,8650.0,100.0,44514589992.0,100.0,75902893954.0
2018-12-17,ZCH057ZZ,ST12000NM0007,12000138625024,0,68,6526584,90.0,0.0,100.0,8.0,100.0,0.0,90.0,967360425.0,90,9520,100.0,0.0,100,7,,,,,100.0,0.0,100.0,0.0,,,59.0,41.0,,,100.0,99.0,99.0,2536.0,41,41,100.0,0.0,100.0,0.0,200.0,0.0,100.0,8674.0,100.0,44577799232.0,100.0,76034359866.0
2018-12-18,ZCH057ZZ,ST12000NM0007,12000138625024,0,73,22240160,90.0,0.0,100.0,8.0,100.0,0.0,90.0,969743015.0,90,9544,100.0,0.0,100,7,,,,,100.0,0.0,100.0,0.0,,,59.0,41.0,,,100.0,99.0,99.0,2537.0,41,41,100.0,0.0,100.0,0.0,200.0,0.0,100.0,8698.0,100.0,44641856832.0,100.0,76230156482.0
2018-12-19,ZCH057ZZ,ST12000NM0007,12000138625024,0,79,87692584,90.0,0.0,100.0,8.0,100.0,0.0,90.0,972832900.0,90,9567,100.0,0.0,100,7,,,,,100.0,0.0,100.0,0.0,,,59.0,41.0,,,100.0,100.0,99.0,2538.0,41,41,100.0,0.0,100.0,0.0,200.0,0.0,100.0,8721.0,100.0,44708409744.0,100.0,76473196738.0
2018-12-20,ZCH057ZZ,ST12000NM0007,12000138625024,0,81,132246224,90.0,0.0,100.0,8.0,100.0,0.0,90.0,976569634.0,90,9592,100.0,0.0,100,7,,,,,100.0,0.0,100.0,0.0,,,59.0,41.0,,,100.0,100.0,99.0,2539.0,41,41,100.0,0.0,100.0,0.0,200.0,0.0,100.0,8746.0,100.0,44785260808.0,100.0,76685039986.0
2018-12-21,ZCH057ZZ,ST12000NM0007,12000138625024,0,82,151570680,90.0,0.0,100.0,8.0,100.0,0.0,90.0,979145444.0,90,9616,100.0,0.0,100,7,,,,,100.0,0.0,100.0,0.0,,,58.0,42.0,,,100.0,101.0,99.0,2540.0,42,42,100.0,0.0,100.0,0.0,200.0,0.0,100.0,8770.0,100.0,44858281144.0,100.0,76875484962.0
2018-12-22,ZCH057ZZ,ST12000NM0007,12000138625024,0,83,183297472,90.0,0.0,100.0,8.0,100.0,0.0,90.0,982081608.0,89,9640,100.0,0.0,100,7,,,,,100.0,0.0,100.0,0.0,,,59.0,41.0,,,100.0,102.0,99.0,2541.0,41,41,100.0,0.0,100.0,0.0,200.0,0.0,100.0,8793.0,100.0,44940486664.0,100.0,77069146922.0
2018-12-23,ZCH057ZZ,ST12000NM0007,12000138625024,0,81,129014968,90.0,0.0,100.0,8.0,100.0,0.0,90.0,984153991.0,89,9664,100.0,0.0,100,7,,,,,100.0,0.0,100.0,0.0,,,59.0,41.0,,,100.0,102.0,99.0,2542.0,41,41,100.0,0.0,100.0,0.0,200.0,0.0,100.0,8817.0,100.0,45025267608.0,100.0,77174224138.0
2018-12-24,ZCH057ZZ,ST12000NM0007,12000138625024,0,81,126067592,90.0,0.0,100.0,8.0,100.0,0.0,90.0,986572018.0,89,9687,100.0,0.0,100,7,,,,,100.0,0.0,100.0,0.0,,,59.0,41.0,,,100.0,103.0,99.0,2543.0,41,41,100.0,0.0,100.0,0.0,200.0,0.0,100.0,8840.0,100.0,45127671168.0,100.0,77313014162.0
2018-12-25,ZCH057ZZ,ST12000NM0007,12000138625024,0,82,148116016,90.0,0.0,100.0,8.0,100.0,0.0,90.0,988811256.0,89,9712,100.0,0.0,100,7,,,,,100.0,0.0,100.0,0.0,,,59.0,41.0,,,100.0,103.0,99.0,2544.0,41,41,100.0,0.0,100.0,0.0,200.0,0.0,100.0,8865.0,100.0,45181152872.0,100.0,77525721818.0
2018-12-26,ZCH057ZZ,ST12000NM0007,12000138625024,0,83,178388024,90.0,0.0,100.0,8.0,100.0,0.0,90.0,991232147.0,89,9736,100.0,0.0,100,7,,,,,100.0,0.0,100.0,0.0,,,60.0,40.0,,,100.0,104.0,99.0,2545.0,40,40,100.0,0.0,100.0,0.0,200.0,0.0,100.0,8889.0,100.0,45240223080.0,100.0,77741064482.0
2018-12-27,ZCH057ZZ,ST12000NM0007,12000138625024,0,82,149536872,90.0,0.0,100.0,8.0,100.0,0.0,90.0,993269488.0,89,9760,100.0,0.0,100,7,,,,,100.0,0.0,100.0,0.0,,,59.0,41.0,,,100.0,104.0,99.0,2546.0,41,41,100.0,0.0,100.0,0.0,200.0,0.0,100.0,8913.0,100.0,45296804904.0,100.0,77899772282.0
2018-12-28,ZCH057ZZ,ST12000NM0007,12000138625024,0,82,166490112,90.0,0.0,100.0,8.0,100.0,0.0,90.0,995514578.0,89,9784,100.0,0.0,100,7,,,,,100.0,0.0,100.0,0.0,,,59.0,41.0,,,100.0,105.0,99.0,2547.0,41,41,100.0,0.0,100.0,0.0,200.0,0.0,100.0,8937.0,100.0,45379240280.0,100.0,78078430794.0
2018-12-29,ZCH057ZZ,ST12000NM0007,12000138625024,0,83,208931592,90.0,0.0,100.0,8.0,100.0,0.0,90.0,998258467.0,89,9808,100.0,0.0,100,7,,,,,100.0,0.0,100.0,0.0,,,59.0,41.0,,,100.0,105.0,99.0,2548.0,41,41,100.0,0.0,100.0,0.0,200.0,0.0,100.0,8960.0,100.0,45464976144.0,100.0,78279277242.0
2018-12-30,ZCH057ZZ,ST12000NM0007,12000138625024,0,71,12418792,90.0,0.0,100.0,8.0,100.0,0.0,62.0,1620282.0,89,9832,100.0,0.0,100,7,,,,,100.0,0.0,100.0,0.0,,,59.0,41.0,,,100.0,106.0,99.0,2549.0,41,41,100.0,0.0,100.0,0.0,200.0,0.0,100.0,8984.0,100.0,45538262048.0,100.0,78497759954.0
2018-12-31,ZCH057ZZ,ST12000NM0007,12000138625024,0,84,238231792,90.0,0.0,100.0,8.0,100.0,0.0,65.0,3518915.0,89,9856,100.0,0.0,100,7,,,,,100.0,0.0,100.0,0.0,,,60.0,40.0,,,100.0,107.0,99.0,2550.0,40,40,100.0,0.0,100.0,0.0,200.0,0.0,100.0,9008.0,100.0,45594104808.0,100.0,78667730194.0
