2018-01-01,ZCH06W5P,ST12000NM0007,12000138625024,0,79,72543496,99,0,100,1,100,0,84,235406514,99,1566,100,0,100,1,,,,,100.0,0.0,100.0,0.0,,,70.0,30.0,,,100.0,5.0,100.0,131.0,30,30,100,0,100,0,200,0,100.0,1532.0,100.0,20379684888.0,100.0,18999559490.0
2018-01-02,ZCH06W5P,ST12000NM0007,12000138625024,0,84,229719944,99,0,100,1,100,0,84,239355365,99,1590,100,0,100,1,,,,,100.0,0.0,100.0,0.0,,,69.0,31.0,,,100.0,5.0,100.0,132.0,31,31,100,0,100,0,200,0,100.0,1556.0,100.0,20691858200.0,100.0,19332844522.0
2018-01-03,ZCH06W5P,ST12000NM0007,12000138625024,0,81,129995784,99,0,100,1,100,0,84,243326308,99,1614,100,0,100,1,,,,,100.0,0.0,100.0,0.0,,,69.0,31.0,,,100.0,5.0,100.0,133.0,31,31,100,0,100,0,200,0,100.0,1580.0,100.0,21006329792.0,100.0,19651071122.0
2018-01-04,ZCH06W5P,ST12000NM0007,12000138625024,0,77,49726536,99,0,100,1,100,0,84,245880095,99,1631,100,0,100,1,,,,,100.0,0.0,100.0,0.0,,,69.0,31.0,,,100.0,5.0,100.0,133.0,31,31,100,0,100,0,200,0,100.0,1596.0,100.0,21202767560.0,100.0,19862645730.0
2018-01-05,ZCH06W5P,ST12000NM0007,12000138625024,0,83.0,214476464.0,99.0,0.0,100.0,1.0,100.0,0.0,84.0,249821646.0,99.0,1655.0,100.0,0.0,100.0,1.0,,,,,100.0,0.0,100.0,0.0,,,69.0,31.0,,,100.0,5.0,100.0,134.0,31.0,31.0,100.0,0.0,100.0,0.0,200.0,0.0,100.0,1620.0,100.0,21520128904.0,100.0,20198316122.0
2018-01-06,ZCH06W5P,ST12000NM0007,12000138625024,0,80,106975152,99,0,100,1,100,0,84,253692128,99,1679,100,0,100,1,,,,,100.0,0.0,100.0,0.0,,,72.0,28.0,,,100.0,5.0,100.0,135.0,28,28,100,0,100,0,200,0,100.0,1645.0,100.0,21832749800.0,100.0,20510616554.0
2018-01-07,ZCH06W5P,ST12000NM0007,12000138625024,0,83,209983944,99,0,100,1,100,0,84,257422113,99,1703,100,0,100,1,,,,,100.0,0.0,100.0,0.0,,,72.0,28.0,,,100.0,5.0,100.0,136.0,28,28,100,0,100,0,200,0,100.0,1669.0,100.0,22121173456.0,100.0,20813483410.0
2018-01-08,ZCH06W5P,ST12000NM0007,12000138625024,0,84,238632368,99,0,100,1,100,0,84,260735673,99,1726,100,0,100,1,,,,,100.0,0.0,100.0,0.0,,,71.0,29.0,,,100.0,5.0,100.0,137.0,29,29,100,0,100,0,200,0,100.0,1691.0,100.0,22373854216.0,100.0,21077732474.0
2018-01-09,ZCH06W5P,ST12000NM0007,12000138625024,0,82,165584224,99,0,100,1,100,0,84,264768398,99,1750,100,0,100,1,,,,,100.0,0.0,100.0,0.0,,,72.0,28.0,,,100.0,5.0,100.0,138.0,28,28,100,0,100,0,200,0,100.0,1715.0,100.0,22687199656.0,100.0,21423761074.0
2018-01-10,ZCH06W5P,ST12000NM0007,12000138625024,0,82,157928680,99,0,100,1,100,0,84,269353263,98,1779,100,0,100,1,,,,,100.0,0.0,100.0,0.0,,,72.0,28.0,,,100.0,5.0,100.0,140.0,28,28,100,0,100,0,200,0,100.0,1743.0,100.0,23035626976.0,100.0,21800100642.0
2018-01-11,ZCH06W5P,ST12000NM0007,12000138625024,0,80,110163416,99,0,100,1,100,0,84,274088419,98,1808,100,0,100,1,,,,,100.0,0.0,100.0,0.0,,,71.0,29.0,,,100.0,5.0,100.0,141.0,29,29,100,0,100,0,200,0,100.0,1773.0,100.0,23360205808.0,100.0,22160178754.0
2018-01-12,ZCH06W5P,ST12000NM0007,12000138625024,0,84,239350088,99,0,100,1,100,0,84,278213855,98,1833,100,0,100,1,,,,,100.0,0.0,100.0,0.0,,,70.0,30.0,,,100.0,5.0,100.0,142.0,30,30,100,0,100,0,200,0,100.0,1797.0,100.0,23650855432.0,100.0,22486997418.0
2018-01-13,ZCH06W5P,ST12000NM0007,12000138625024,0,100.0,1463456.0,99.0,0.0,100.0,1.0,100,0,85.0,282003329.0,98,1856,100.0,0.0,100,1,,,,,100.0,0.0,100.0,0.0,,,71.0,29.0,,,100.0,5.0,100.0,143.0,29.0,29.0,100.0,0.0,100.0,0.0,200,0,100.0,1820.0,100.0,23877762512.0,100.0,22754626010.0
2018-01-14,ZCH06W5P,ST12000NM0007,12000138625024,0,80.0,93629464.0,99.0,0.0,100.0,1.0,100,0,85.0,286122519.0,98,1880,100.0,0.0,100,1,,,,,100.0,0.0,100.0,0.0,,,72.0,28.0,,,100.0,5.0,100.0,144.0,28.0,28.0,100.0,0.0,100.0,0.0,200,0,100.0,1845.0,100.0,24153472968.0,100.0,23059362898.0
2018-01-15,ZCH06W5P,ST12000NM0007,12000138625024,0,81.0,135697232.0,99.0,0.0,100.0,1.0,100,0,85.0,289990571.0,98,1905,100.0,0.0,100,1,,,,,100.0,0.0,100.0,0.0,,,70.0,30.0,,,100.0,5.0,100.0,145.0,30.0,30.0,100.0,0.0,100.0,0.0,200,0,100.0,1869.0,100.0,24408547208.0,100.0,23334637946.0
2018-01-16,ZCH06W5P,ST12000NM0007,12000138625024,0,83.0,206618832.0,99.0,0.0,100.0,1.0,100,0,85.0,294020488.0,98,1929,100.0,0.0,100,1,,,,,100.0,0.0,100.0,0.0,,,71.0,29.0,,,100.0,5.0,100.0,146.0,29.0,29.0,100.0,0.0,100.0,0.0,200,0,100.0,1893.0,100.0,24661198832.0,100.0,23641189970.0
2018-01-17,ZCH06W5P,ST12000NM0007,12000138625024,0,83.0,200159600.0,99.0,0.0,100.0,1.0,100,0,85.0,297747639.0,98,1953,100.0,0.0,100,1,,,,,100.0,0.0,100.0,0.0,,,73.0,27.0,,,100.0,5.0,100.0,147.0,27.0,27.0,100.0,0.0,100.0,0.0,200,0,100.0,1917.0,100.0,24896406312.0,100.0,23887804874.0
2018-01-18,ZCH06W5P,ST12000NM0007,12000138625024,0,83.0,213781776.0,99.0,0.0,100.0,1.0,100.0,0.0,85.0,299660308.0,98.0,1965.0,100.0,0.0,100.0,1.0,,,,,100.0,0.0,100.0,0.0,,,72.0,28.0,,,100.0,5.0,100.0,148.0,28.0,28.0,100.0,0.0,100.0,0.0,200.0,0.0,100.0,1929.0,100.0,25018360128.0,100.0,24023613906.0
2018-01-19,ZCH06W5P,ST12000NM0007,12000138625024,0,84.0,240821480.0,99.0,0.0,100.0,1.0,100.0,0.0,85.0,301918115.0,98.0,1979.0,100.0,0.0,100.0,1.0,,,,,100.0,0.0,100.0,0.0,,,72.0,28.0,,,100.0,5.0,100.0,148.0,28.0,28.0,100.0,0.0,100.0,0.0,200.0,0.0,100.0,1943.0,100.0,25142249400.0,100.0,24170904986.0
2018-01-20,ZCH06W5P,ST12000NM0007,12000138625024,0,73.0,19808440.0,99.0,0.0,100.0,1.0,100,0,85.0,307620368.0,98,2015,100.0,0.0,100,1,,,,,100.0,0.0,100.0,0.0,,,72.0,28.0,,,100.0,5.0,100.0,150.0,28.0,28.0,100.0,0.0,100.0,0.0,200,0,100.0,1979.0,100.0,25504164768.0,100.0,24564539322.0
2018-01-21,ZCH06W5P,ST12000NM0007,12000138625024,0,67.0,5553280.0,99.0,0.0,100.0,1.0,100,0,85.0,311283065.0,98,2039,100.0,0.0,100,1,,,,,100.0,0.0,100.0,0.0,,,72.0,28.0,,,100.0,5.0,100.0,151.0,28.0,28.0,100.0,0.0,100.0,0.0,200,0,100.0,2003.0,100.0,25727992072.0,100.0,24814738362.0
2018-01-22,ZCH06W5P,ST12000NM0007,12000138625024,0,73.0,19359984.0,99.0,0.0,100.0,1.0,100,0,85.0,315042236.0,98,2063,100.0,0.0,100,1,,,,,100.0,0.0,100.0,0.0,,,72.0,28.0,,,100.0,5.0,100.0,152.0,28.0,28.0,100.0,0.0,100.0,0.0,200,0,100.0,2027.0,100.0,25955244696.0,100.0,25089574178.0
2018-01-23,ZCH06W5P,ST12000NM0007,12000138625024,0,77.0,47428024.0,99.0,0.0,100.0,1.0,100,0,85.0,318816823.0,98,2087,100.0,0.0,100,1,,,,,100.0,0.0,100.0,0.0,,,70.0,30.0,,,100.0,5.0,100.0,153.0,30.0,30.0,100.0,0.0,100.0,0.0,200,0,100.0,2051.0,100.0,26195136288.0,100.0,25366032210.0
2018-01-24,ZCH06W5P,ST12000NM0007,12000138625024,0,100.0,1883032.0,99.0,0.0,100.0,1.0,100,0,85.0,323898893.0,98,2120,100.0,0.0,100,1,,,,,100.0,0.0,100.0,0.0,,,72.0,28.0,,,100.0,5.0,100.0,154.0,28.0,28.0,100.0,0.0,100.0,0.0,200,0,100.0,2083.0,100.0,26500605656.0,100.0,25747445410.0
2018-01-25,ZCH06W5P,ST12000NM0007,12000138625024,0,100.0,1883032.0,99.0,0.0,100.0,1.0,100,0,85.0,323898893.0,98,2120,100.0,0.0,100,1,,,,,100.0,0.0,100.0,0.0,,,72.0,28.0,,,100.0,5.0,100.0,154.0,28.0,28.0,100.0,0.0,100.0,0.0,200,0,100.0,2083.0,100.0,26500605656.0,100.0,25747445410.0
2018-01-26,ZCH06W5P,ST12000NM0007,12000138625024,0,82.0,158115696.0,99.0,0.0,100.0,1.0,100,0,85.0,330860975.0,98,2167,100.0,0.0,100,1,,,,,100.0,0.0,100.0,0.0,,,73.0,27.0,,,100.0,5.0,100.0,156.0,27.0,27.0,100.0,0.0,100.0,0.0,200,0,100.0,2130.0,100.0,26832608352.0,100.0,26304097474.0
2018-01-27,ZCH06W5P,ST12000NM0007,12000138625024,0,74.0,23820128.0,99.0,0.0,100.0,1.0,100,0,85.0,333896022.0,98,2190,100.0,0.0,100,1,,,,,100.0,0.0,100.0,0.0,,,74.0,26.0,,,100.0,6.0,100.0,157.0,26.0,26.0,100.0,0.0,100.0,0.0,200,0,100.0,2153.0,100.0,26942054824.0,100.0,26548636826.0
2018-01-28,ZCH06W5P,ST12000NM0007,12000138625024,0,84.0,238989408.0,99.0,0.0,100.0,1.0,100,0,85.0,335754190.0,98,2207,100.0,0.0,100,1,,,,,100.0,0.0,100.0,0.0,,,73.0,27.0,,,100.0,6.0,100.0,158.0,27.0,27.0,100.0,0.0,100.0,0.0,200,0,100.0,2170.0,100.0,27008121288.0,100.0,26697739642.0
2018-01-29,ZCH06W5P,ST12000NM0007,12000138625024,0,84.0,236092160.0,98.0,0.0,100.0,2.0,100,0,85.0,339336519.0,98,2232,100.0,0.0,100,1,,,,,100.0,0.0,100.0,0.0,,,73.0,27.0,,,100.0,6.0,100.0,160.0,27.0,27.0,100.0,0.0,100.0,0.0,200,0,100.0,2195.0,100.0,27099674304.0,100.0,27091570988.0
2018-01-30,ZCH06W5P,ST12000NM0007,12000138625024,0,80.0,103530088.0,98.0,0.0,100.0,2.0,100,0,85.0,343969392.0,98,2264,100.0,0.0,100,1,,,,,100.0,0.0,100.0,0.0,,,73.0,27.0,,,100.0,6.0,100.0,162.0,27.0,27.0,100.0,0.0,100.0,0.0,200,0,100.0,2227.0,100.0,27267896280.0,100.0,27523209092.0
2018-01-31,ZCH06W5P,ST12000NM0007,12000138625024,0,82.0,174091512.0,98.0,0.0,100.0,2.0,100.0,0.0,85.0,346799581.0,98.0,2288.0,100.0,0.0,100.0,1.0,,,,,100.0,0.0,100.0,0.0,,,73.0,27.0,,,100.0,6.0,100.0,163.0,27.0,27.0,100.0,0.0,100.0,0.0,200.0,0.0,100.0,2251.0,100.0,27384151784.0,100.0,27721655676.0
2018-02-01,ZCH06W5P,ST12000NM0007,12000138625024,0,77.0,56208208.0,98.0,0.0,100.0,2.0,100,0,85.0,350051766.0,98,2313,100.0,0.0,100,1,,,,,100.0,0.0,100.0,0.0,,,73.0,27.0,,,100.0,6.0,100.0,164.0,27.0,27.0,100.0,0.0,100.0,0.0,200,0,100.0,2276.0,100.0,27531166744.0,100.0,27945038988.0
2018-02-02,ZCH06W5P,ST12000NM0007,12000138625024,0,81.0,128741752.0,98.0,0.0,100.0,2.0,100,0,85.0,352769844.0,98,2336,100.0,0.0,100,1,,,,,100.0,0.0,100.0,0.0,,,73.0,27.0,,,100.0,6.0,100.0,165.0,27.0,27.0,100.0,0.0,100.0,0.0,200,0,100.0,2299.0,100.0,27658376376.0,100.0,28134503564.0
2018-02-03,ZCH06W5P,ST12000NM0007,12000138625024,0,83.0,215189656.0,98.0,0.0,100.0,2.0,100,0,86.0,355716519.0,98,2360,100.0,0.0,100,1,,,,,100.0,0.0,100.0,0.0,,,73.0,27.0,,,100.0,6.0,100.0,166.0,27.0,27.0,100.0,0.0,100.0,0.0,200,0,100.0,2322.0,100.0,27803568624.0,100.0,28319899972.0
2018-02-04,ZCH06W5P,ST12000NM0007,12000138625024,0,75.0,29727544.0,98.0,0.0,100.0,2.0,100,0,86.0,358394065.0,98,2380,100.0,0.0,100,1,,,,,100.0,0.0,100.0,0.0,,,73.0,27.0,,,100.0,6.0,100.0,167.0,27.0,27.0,100.0,0.0,100.0,0.0,200,0,100.0,2342.0,100.0,27938818104.0,100.0,28487469812.0
2018-02-05,ZCH06W5P,ST12000NM0007,12000138625024,0,83.0,220822664.0,98.0,0.0,100.0,2.0,100,0,86.0,362193758.0,98,2404,100.0,0.0,100,1,,,,,100.0,0.0,100.0,0.0,,,73.0,27.0,,,100.0,6.0,100.0,168.0,27.0,27.0,100.0,0.0,100.0,0.0,200,0,100.0,2366.0,100.0,28159444744.0,100.0,28702078940.0
2018-02-06,ZCH06W5P,ST12000NM0007,12000138625024,0,81.0,117335560.0,98.0,0.0,100.0,2.0,100,0,86.0,365873460.0,98,2429,100.0,0.0,100,1,,,,,100.0,0.0,100.0,0.0,,,73.0,27.0,,,100.0,6.0,100.0,169.0,27.0,27.0,100.0,0.0,100.0,0.0,200,0,100.0,2391.0,100.0,28332196328.0,100.0,28914121732.0
2018-02-07,ZCH06W5P,ST12000NM0007,12000138625024,0,84.0,239828464.0,98.0,0.0,100.0,2.0,100,0,86.0,369204978.0,98,2453,100.0,0.0,100,1,,,,,100.0,0.0,100.0,0.0,,,74.0,26.0,,,100.0,6.0,100.0,170.0,26.0,26.0,100.0,0.0,100.0,0.0,200,0,100.0,2414.0,100.0,28481234864.0,100.0,29131716828.0
2018-02-08,ZCH06W5P,ST12000NM0007,12000138625024,0,81.0,129245968.0,98.0,0.0,100.0,2.0,100,0,86.0,372598288.0,98,2478,100.0,0.0,100,1,,,,,100.0,0.0,100.0,0.0,,,74.0,26.0,,,100.0,6.0,100.0,172.0,26.0,26.0,100.0,0.0,100.0,0.0,200,0,100.0,2439.0,100.0,28638463592.0,100.0,29352187108.0
2018-02-09,ZCH06W5P,ST12000NM0007,12000138625024,0,83,207002800,98,0,100,2,100,0,86,375603999,98,2503,100,0,100,1,,,,,100.0,0.0,100.0,0.0,,,72.0,28.0,,,100.0,6.0,100.0,173.0,28,28,100,0,100,0,200,0,100.0,2464.0,100.0,28770383352.0,100.0,29542164884.0
2018-02-10,ZCH06W5P,ST12000NM0007,12000138625024,0,75.0,35020864.0,98.0,0.0,100.0,2.0,100.0,0.0,86.0,378645168.0,98.0,2526.0,100.0,0.0,100.0,1.0,,,,,100.0,0.0,100.0,0.0,,,72.0,28.0,,,100.0,6.0,100.0,174.0,28.0,28.0,100.0,0.0,100.0,0.0,200.0,0.0,100.0,2488.0,100.0,28899920752.0,100.0,29728926940.0
2018-02-11,ZCH06W5P,ST12000NM0007,12000138625024,0,81,113311792,98,0,100,2,100,0,86,381648091,98,2550,100,0,100,1,,,,,100.0,0.0,100.0,0.0,,,73.0,27.0,,,100.0,6.0,100.0,175.0,27,27,100,0,100,0,200,0,100.0,2511.0,100.0,29031272664.0,100.0,29920006588.0
2018-02-12,ZCH06W5P,ST12000NM0007,12000138625024,0,100,1829888,98,0,100,2,100,0,86,385271206,98,2573,100,0,100,1,,,,,100.0,0.0,100.0,0.0,,,72.0,28.0,,,100.0,6.0,100.0,176.0,28,28,100,0,100,0,200,0,100.0,2535.0,100.0,29183406440.0,100.0,30144685732.0
2018-02-13,ZCH06W5P,ST12000NM0007,12000138625024,0,82,172300888,98,0,100,2,100,0,86,388948911,98,2598,100,0,100,1,,,,,100.0,0.0,100.0,0.0,,,72.0,28.0,,,100.0,6.0,100.0,177.0,28,28,100,0,100,0,200,0,100.0,2559.0,100.0,29325600768.0,100.0,30417103092.0
2018-02-14,ZCH06W5P,ST12000NM0007,12000138625024,0,84,235668848,98,0,100,2,100,0,86,391792904,98,2623,100,0,100,1,,,,,100.0,0.0,100.0,0.0,,,72.0,28.0,,,100.0,6.0,100.0,178.0,28,28,100,0,100,0,200,0,100.0,2584.0,100.0,29430702080.0,100.0,30619510412.0
2018-02-15,ZCH06W5P,ST12000NM0007,12000138625024,0,80,110387048,98,0,100,2,100,0,86,395121185,97,2647,100,0,100,1,,,,,100.0,0.0,100.0,0.0,,,72.0,28.0,,,100.0,6.0,100.0,179.0,28,28,100,0,100,0,200,0,100.0,2608.0,100.0,29590671944.0,100.0,30822540284.0
2018-02-16,ZCH06W5P,ST12000NM0007,12000138625024,0,82,166089592,98,0,100,2,100,0,86,397903771,97,2670,100,0,100,1,,,,,100.0,0.0,100.0,0.0,,,73.0,27.0,,,100.0,6.0,100.0,180.0,27,27,100,0,100,0,200,0,100.0,2631.0,100.0,29704614192.0,100.0,31008441332.0
2018-02-17,ZCH06W5P,ST12000NM0007,12000138625024,0,84,235364064,98,0,100,2,100,0,86,400645645,97,2694,100,0,100,1,,,,,100.0,0.0,100.0,0.0,,,73.0,27.0,,,100.0,6.0,100.0,181.0,27,27,100,0,100,0,200,0,100.0,2655.0,100.0,29813835344.0,100.0,31212635316.0
2018-02-18,ZCH06W5P,ST12000NM0007,12000138625024,0,77,46803656,98,0,100,2,100,0,86,403257212,97,2718,100,0,100,1,,,,,100.0,0.0,100.0,0.0,,,73.0,27.0,,,100.0,6.0,100.0,182.0,27,27,100,0,100,0,200,0,100.0,2679.0,100.0,29913840976.0,100.0,31412350836.0
2018-02-19,ZCH06W5P,ST12000NM0007,12000138625024,0,79,88574168,98,0,100,2,100,0,86,405813567,97,2742,100,0,100,1,,,,,100.0,0.0,100.0,0.0,,,73.0,27.0,,,100.0,7.0,100.0,183.0,27,27,100,0,100,0,200,0,100.0,2703.0,100.0,30003401904.0,100.0,31608701244.0
2018-02-20,ZCH06W5P,ST12000NM0007,12000138625024,0,83,215870592,98,0,100,2,100,0,86,409079174,97,2766,100,0,100,1,,,,,100.0,0.0,100.0,0.0,,,72.0,28.0,,,100.0,7.0,100.0,184.0,28,28,100,0,100,0,200,0,100.0,2727.0,100.0,30132319480.0,100.0,31851220876.0
2018-02-21,ZCH06W5P,ST12000NM0007,12000138625024,0,71,13890536,98,0,100,2,100,0,86,411720253,97,2790,100,0,100,1,,,,,100.0,0.0,100.0,0.0,,,73.0,27.0,,,100.0,8.0,100.0,185.0,27,27,100,0,100,0,200,0,100.0,2751.0,100.0,30230165568.0,100.0,32039676188.0
2018-02-22,ZCH06W5P,ST12000NM0007,12000138625024,0,79,83584848,98,0,100,2,100,0,86,414575314,97,2814,100,0,100,1,,,,,100.0,0.0,100.0,0.0,,,73.0,27.0,,,100.0,8.0,100.0,186.0,27,27,100,0,100,0,200,0,100.0,2774.0,100.0,30338481944.0,100.0,32245194812.0
2018-02-23,ZCH06W5P,ST12000NM0007,12000138625024,0,81,136613960,98,0,100,2,100,0,86,417775025,97,2837,100,0,100,1,,,,,100.0,0.0,100.0,0.0,,,72.0,28.0,,,100.0,9.0,100.0,187.0,28,28,100,0,100,0,200,0,100.0,2797.0,100.0,30434448360.0,100.0,32446398292.0
2018-02-24,ZCH06W5P,ST12000NM0007,12000138625024,0,83,209075616,98,0,100,2,100,0,86,420741366,97,2862,100,0,100,1,,,,,100.0,0.0,100.0,0.0,,,73.0,27.0,,,100.0,9.0,100.0,188.0,27,27,100,0,100,0,200,0,100.0,2822.0,100.0,30544325536.0,100.0,32653123412.0
2018-02-25,ZCH06W5P,ST12000NM0007,12000138625024,0,71,12721736,98,0,100,2,100,0,86,423551400,97,2885,100,0,100,1,,,,,100.0,0.0,100.0,0.0,,,73.0,27.0,,,100.0,10.0,100.0,189.0,27,27,100,0,100,0,200,0,100.0,2845.0,100.0,30641955352.0,100.0,32847421092.0
2018-02-26,ZCH06W5P,ST12000NM0007,12000138625024,0,80,96782840,98,0,100,2,100,0,86,426612988,97,2909,100,0,100,1,,,,,100.0,0.0,100.0,0.0,,,73.0,27.0,,,100.0,10.0,100.0,190.0,27,27,100,0,100,0,200,0,100.0,2869.0,100.0,30765833696.0,100.0,33051744484.0
2018-02-27,ZCH06W5P,ST12000NM0007,12000138625024,0,84,241483304,98,0,100,2,100,0,86,430279632,97,2934,100,0,100,1,,,,,100.0,0.0,100.0,0.0,,,73.0,27.0,,,100.0,10.0,100.0,191.0,27,27,100,0,100,0,200,0,100.0,2894.0,100.0,30912452288.0,100.0,33293967492.0
2018-02-28,ZCH06W5P,ST12000NM0007,12000138625024,0,80,101888120,98,0,100,2,100,0,86,433453923,97,2957,100,0,100,1,,,,,100.0,0.0,100.0,0.0,,,73.0,27.0,,,100.0,11.0,100.0,192.0,27,27,100,0,100,0,200,0,100.0,2917.0,100.0,31037029272.0,100.0,33518077108.0
2018-03-01,ZCH06W5P,ST12000NM0007,12000138625024,0,84,231846800,98,0,100,2,100,0,86,437871946,97,2984,100,0,100,1,,,,,100.0,0.0,100.0,0.0,,,73.0,27.0,,,100.0,11.0,100.0,194.0,27,27,100,0,100,0,200,0,100.0,2944.0,100.0,31148319776.0,100.0,33780885956.0
2018-03-02,ZCH06W5P,ST12000NM0007,12000138625024,0,70,9803592,98,0,100,2,100,0,86,440499675,97,3008,100,0,100,1,,,,,100.0,0.0,100.0,0.0,,,73.0,27.0,,,100.0,11.0,100.0,195.0,27,27,100,0,100,0,200,0,100.0,2968.0,100.0,31245181568.0,100.0,33950262348.0
2018-03-03,ZCH06W5P,ST12000NM0007,12000138625024,0,77,51555888,98,0,100,2,100,0,86,443147092,97,3032,100,0,100,1,,,,,100.0,0.0,100.0,0.0,,,73.0,27.0,,,100.0,11.0,100.0,196.0,27,27,100,0,100,0,200,0,100.0,2992.0,100.0,31344116984.0,100.0,34137219916.0
2018-03-04,ZCH06W5P,ST12000NM0007,12000138625024,0,79,70812944,98,0,100,2,100,0,86,445621947,97,3058,100,0,100,1,,,,,100.0,0.0,100.0,0.0,,,73.0,27.0,,,100.0,11.0,100.0,197.0,27,27,100,0,100,0,200,0,100.0,3017.0,100.0,31421517440.0,100.0,34323217228.0
2018-03-05,ZCH06W5P,ST12000NM0007,12000138625024,0,80,93614728,98,0,100,2,100,0,87,447958563,97,3082,100,0,100,1,,,,,100.0,0.0,100.0,0.0,,,73.0,27.0,,,100.0,12.0,100.0,198.0,27,27,100,0,100,0,200,0,100.0,3042.0,100.0,31495560312.0,100.0,34516116788.0
2018-03-06,ZCH06W5P,ST12000NM0007,12000138625024,0,80,107326264,98,0,100,2,100,0,87,450620797,97,3099,100,0,100,1,,,,,100.0,0.0,100.0,0.0,,,73.0,27.0,,,100.0,12.0,100.0,199.0,27,27,100,0,100,0,200,0,100.0,3058.0,100.0,31564155848.0,100.0,34705373596.0
2018-03-07,ZCH06W5P,ST12000NM0007,12000138625024,0,81.0,124332656.0,98.0,0.0,100.0,2.0,100.0,0.0,87.0,453002596.0,97.0,3123.0,100.0,0.0,100.0,1.0,,,,,100.0,0.0,100.0,0.0,,,73.0,27.0,,,100.0,12.0,100.0,200.0,27.0,27.0,100.0,0.0,100.0,0.0,200.0,0.0,100.0,3082.0,100.0,31636480984.0,100.0,34894195540.0
2018-03-08,ZCH06W5P,ST12000NM0007,12000138625024,0,83,223502224,98,0,100,2,100,0,87,456103905,97,3152,100,0,100,1,,,,,100.0,0.0,100.0,0.0,,,73.0,27.0,,,100.0,13.0,100.0,203.0,27,27,100,0,100,0,200,0,100.0,3111.0,100.0,31730827376.0,100.0,35143159412.0
2018-03-09,ZCH06W5P,ST12000NM0007,12000138625024,0,76,38686512,98,0,100,2,100,0,87,458877903,97,3176,100,0,100,1,,,,,100.0,0.0,100.0,0.0,,,74.0,26.0,,,100.0,14.0,100.0,204.0,26,26,100,0,100,0,200,0,100.0,3134.0,100.0,31821427592.0,100.0,35356024948.0
2018-03-10,ZCH06W5P,ST12000NM0007,12000138625024,0,78,58015008,98,0,100,2,100,0,87,461306854,97,3200,100,0,100,1,,,,,100.0,0.0,100.0,0.0,,,74.0,26.0,,,100.0,15.0,100.0,205.0,26,26,100,0,100,0,200,0,100.0,3158.0,100.0,31906192368.0,100.0,35534729356.0
2018-03-11,ZCH06W5P,ST12000NM0007,12000138625024,0,79,88477352,98,0,100,2,100,0,87,463750263,97,3224,100,0,100,1,,,,,100.0,0.0,100.0,0.0,,,73.0,27.0,,,100.0,16.0,100.0,206.0,27,27,100,0,100,0,200,0,100.0,3182.0,100.0,31973244736.0,100.0,35742280324.0
2018-03-12,ZCH06W5P,ST12000NM0007,12000138625024,0,82,161362872,98,0,100,2,100,0,87,466477719,97,3248,100,0,100,1,,,,,100.0,0.0,100.0,0.0,,,74.0,26.0,,,100.0,17.0,100.0,207.0,26,26,100,0,100,0,200,0,100.0,3206.0,100.0,32071401336.0,100.0,35961150172.0
2018-03-13,ZCH06W5P,ST12000NM0007,12000138625024,0,83,210325320,98,0,100,2,100,0,87,469810048,97,3272,100,0,100,1,,,,,100.0,0.0,100.0,0.0,,,73.0,27.0,,,100.0,17.0,100.0,208.0,27,27,100,0,100,0,200,0,100.0,3230.0,100.0,32143559104.0,100.0,36182095548.0
2018-03-14,ZCH06W5P,ST12000NM0007,12000138625024,0,84,230067536,98,0,100,2,100,0,87,472610213,97,3295,100,0,100,1,,,,,100.0,0.0,100.0,0.0,,,73.0,27.0,,,100.0,18.0,100.0,209.0,27,27,100,0,100,0,200,0,100.0,3253.0,100.0,32209059656.0,100.0,36380477868.0
2018-03-15,ZCH06W5P,ST12000NM0007,12000138625024,0,79,73385912,98,0,100,2,100,0,87,475584596,97,3320,100,0,100,1,,,,,100.0,0.0,100.0,0.0,,,73.0,27.0,,,100.0,19.0,100.0,211.0,27,27,100,0,100,0,200,0,100.0,3277.0,100.0,32314414880.0,100.0,36606722476.0
2018-03-16,ZCH06W5P,ST12000NM0007,12000138625024,0,78.0,59870704.0,98.0,0.0,100.0,2.0,100.0,0.0,87.0,477935122.0,97.0,3343.0,100.0,0.0,100.0,1.0,,,,,100.0,0.0,100.0,0.0,,,73.0,27.0,,,100.0,19.0,100.0,212.0,27.0,27.0,100.0,0.0,100.0,0.0,200.0,0.0,100.0,3301.0,100.0,32386216224.0,100.0,36765546988.0
2018-03-17,ZCH06W5P,ST12000NM0007,12000138625024,0,79,84496112,98,0,100,2,100,0,87,480465650,97,3368,100,0,100,1,,,,,100.0,0.0,100.0,0.0,,,74.0,26.0,,,100.0,19.0,100.0,213.0,26,26,100,0,100,0,200,0,100.0,3325.0,100.0,32462814856.0,100.0,36957714420.0
2018-03-18,ZCH06W5P,ST12000NM0007,12000138625024,0,81,124813960,98,0,100,2,100,0,87,483174304,97,3392,100,0,100,1,,,,,100.0,0.0,100.0,0.0,,,73.0,27.0,,,100.0,19.0,100.0,214.0,27,27,100,0,100,0,200,0,100.0,3349.0,100.0,32561358368.0,100.0,37143629692.0
2018-03-19,ZCH06W5P,ST12000NM0007,12000138625024,0,82,142779416,98,0,100,2,100,0,87,485638749,97,3416,100,0,100,1,,,,,100.0,0.0,100.0,0.0,,,73.0,27.0,,,100.0,20.0,100.0,215.0,27,27,100,0,100,0,200,0,100.0,3373.0,100.0,32644695688.0,100.0,37322398636.0
2018-03-20,ZCH06W5P,ST12000NM0007,12000138625024,0,83,192424952,98,0,100,2,100,0,87,488400446,97,3439,100,0,100,1,,,,,100.0,0.0,100.0,0.0,,,73.0,27.0,,,100.0,20.0,100.0,216.0,27,27,100,0,100,0,200,0,100.0,3396.0,100.0,32727731640.0,100.0,37533149060.0
2018-03-21,ZCH06W5P,ST12000NM0007,12000138625024,0,84,234137088,98,0,100,2,100,0,87,491301599,97,3464,100,0,100,1,,,,,100.0,0.0,100.0,0.0,,,73.0,27.0,,,100.0,20.0,100.0,217.0,27,27,100,0,100,0,200,0,100.0,3421.0,100.0,32820084072.0,100.0,37726649396.0
2018-03-22,ZCH06W5P,ST12000NM0007,12000138625024,0,64,2660416,98,0,100,2,100,0,87,494120812,97,3488,100,0,100,1,,,,,100.0,0.0,100.0,0.0,,,73.0,27.0,,,100.0,20.0,100.0,218.0,27,27,100,0,100,0,200,0,100.0,3445.0,100.0,32885004648.0,100.0,37918533556.0
2018-03-23,ZCH06W5P,ST12000NM0007,12000138625024,0,72,15690584,98,0,100,2,100,0,87,496809051,96,3512,100,0,100,1,,,,,100.0,0.0,100.0,0.0,,,72.0,28.0,,,100.0,21.0,100.0,219.0,28,28,100,0,100,0,200,0,100.0,3469.0,100.0,32956094200.0,100.0,38104614820.0
2018-03-24,ZCH06W5P,ST12000NM0007,12000138625024,0,75,31325784,98,0,100,2,100,0,87,499426774,96,3535,100,0,100,1,,,,,100.0,0.0,100.0,0.0,,,72.0,28.0,,,100.0,22.0,100.0,220.0,28,28,100,0,100,0,200,0,100.0,3492.0,100.0,33031946384.0,100.0,38288538628.0
2018-03-25,ZCH06W5P,ST12000NM0007,12000138625024,0,81,122147784,98,0,100,2,100,0,87,503257467,96,3559,100,0,100,1,,,,,100.0,0.0,100.0,0.0,,,72.0,28.0,,,100.0,22.0,100.0,221.0,28,28,100,0,100,0,200,0,100.0,3516.0,100.0,33132754232.0,100.0,38522693508.0
2018-03-26,ZCH06W5P,ST12000NM0007,12000138625024,0,83,209485184,98,0,100,2,100,0,87,506597505,96,3584,100,0,100,1,,,,,100.0,0.0,100.0,0.0,,,72.0,28.0,,,100.0,23.0,100.0,222.0,28,28,100,0,100,0,200,0,100.0,3540.0,100.0,33257748536.0,100.0,38729177652.0
2018-03-27,ZCH06W5P,ST12000NM0007,12000138625024,0,75,32325880,98,0,100,2,100,0,87,509842822,96,3608,100,0,100,1,,,,,100.0,0.0,100.0,0.0,,,72.0,28.0,,,100.0,24.0,100.0,223.0,28,28,100,0,100,0,200,0,100.0,3564.0,100.0,33355400216.0,100.0,38942648180.0
2018-03-28,ZCH06W5P,ST12000NM0007,12000138625024,0,78,59907560,98,0,100,2,100,0,87,512686935,96,3632,100,0,100,1,,,,,100.0,0.0,100.0,0.0,,,72.0,28.0,,,100.0,24.0,100.0,224.0,28,28,100,0,100,0,200,0,100.0,3587.0,100.0,33436342496.0,100.0,39133428268.0
2018-03-29,ZCH06W5P,ST12000NM0007,12000138625024,0,80,90655888,98,0,100,2,100,0,87,515552020,96,3655,100,0,100,1,,,,,100.0,0.0,100.0,0.0,,,72.0,28.0,,,100.0,24.0,100.0,225.0,28,28,100,0,100,0,200,0,100.0,3610.0,100.0,33509126368.0,100.0,39335533356.0
2018-03-30,ZCH06W5P,ST12000NM0007,12000138625024,0,81,131642344,98,0,100,2,100,0,87,518485257,96,3680,100,0,100,1,,,,,100.0,0.0,100.0,0.0,,,72.0,28.0,,,100.0,24.0,100.0,226.0,28,28,100,0,100,0,200,0,100.0,3635.0,100.0,33589074480.0,100.0,39540712540.0
2018-03-31,ZCH06W5P,ST12000NM0007,12000138625024,0,82,150599968,98,0,100,2,100,0,87,521276500,96,3703,100,0,100,1,,,,,100.0,0.0,100.0,0.0,,,72.0,28.0,,,100.0,25.0,100.0,227.0,28,28,100,0,100,0,200,0,100.0,3659.0,100.0,33661274744.0,100.0,39731610540.0
2018-04-01,ZCH06W5P,ST12000NM0007,12000138625024,0,83,192176656,98,0,100,2,100,0,87,524168863,96,3727,100,0,100,1,,,,,100.0,0.0,100.0,0.0,,,73.0,27.0,,,100.0,26.0,100.0,228.0,27,27,100,0,100,0,200,0,100.0,3682.0,100.0,33743462944.0,100.0,39935139676.0
2018-04-02,ZCH06W5P,ST12000NM0007,12000138625024,0,84,225445272,98,0,100,2,100,0,87,527026163,96,3751,100,0,100,1,,,,,100.0,0.0,100.0,0.0,,,73.0,27.0,,,100.0,26.0,100.0,229.0,27,27,100,0,100,0,200,0,100.0,3707.0,100.0,33810322160.0,100.0,40145689820.0
2018-04-03,ZCH06W5P,ST12000NM0007,12000138625024,0,77,45541584,98,0,100,2,100,0,87,530307156,96,3775,100,0,100,1,,,,,100.0,0.0,100.0,0.0,,,73.0,27.0,,,100.0,26.0,100.0,230.0,27,27,100,0,100,0,200,0,100.0,3731.0,100.0,33890517032.0,100.0,40373872692.0
2018-04-04,ZCH06W5P,ST12000NM0007,12000138625024,0,80,101307688,98,0,100,2,100,0,87,533941706,96,3800,100,0,100,1,,,,,100.0,0.0,100.0,0.0,,,73.0,27.0,,,100.0,27.0,100.0,231.0,27,27,100,0,100,0,200,0,100.0,3755.0,100.0,33967545656.0,100.0,40596750964.0
2018-04-05,ZCH06W5P,ST12000NM0007,12000138625024,0,81,122904872,98,0,100,2,100,0,87,536849450,96,3823,100,0,100,1,,,,,100.0,0.0,100.0,0.0,,,74.0,26.0,,,100.0,28.0,100.0,232.0,26,26,100,0,100,0,200,0,100.0,3778.0,100.0,34054278688.0,100.0,40775755916.0
2018-04-06,ZCH06W5P,ST12000NM0007,12000138625024,0,81,116509512,98,0,100,2,100,0,87,539551928,96,3847,100,0,100,1,,,,,100.0,0.0,100.0,0.0,,,74.0,26.0,,,100.0,28.0,100.0,233.0,26,26,100,0,100,0,200,0,100.0,3802.0,100.0,34126758880.0,100.0,40941021036.0
2018-04-07,ZCH06W5P,ST12000NM0007,12000138625024,0,80.0,111953032.0,98.0,0.0,100.0,2.0,100.0,0.0,87.0,542299547.0,96.0,3871.0,100.0,0.0,100.0,1.0,,,,,100.0,0.0,100.0,0.0,,,74.0,26.0,,,100.0,28.0,100.0,234.0,26.0,26.0,100.0,0.0,100.0,0.0,200.0,0.0,100.0,3826.0,100.0,34218893592.0,100.0,41088470532.0
2018-04-08,ZCH06W5P,ST12000NM0007,12000138625024,0,81,113759176,98,0,100,2,100,0,87,545137190,96,3895,100,0,100,1,,,,,100.0,0.0,100.0,0.0,,,74.0,26.0,,,100.0,28.0,100.0,235.0,26,26,100,0,100,0,200,0,100.0,3850.0,100.0,34299615368.0,100.0,41253695620.0
2018-04-09,ZCH06W5P,ST12000NM0007,12000138625024,0,81,126619112,98,0,100,2,100,0,87,548271440,96,3920,100,0,100,1,,,,,100.0,0.0,100.0,0.0,,,74.0,26.0,,,100.0,28.0,100.0,236.0,26,26,100,0,100,0,200,0,100.0,3874.0,100.0,34378537856.0,100.0,41431773796.0
2018-04-10,ZCH06W5P,ST12000NM0007,12000138625024,0,81,129864360,98,0,100,2,100,0,87,551247105,96,3944,100,0,100,1,,,,,100.0,0.0,100.0,0.0,,,75.0,25.0,,,100.0,28.0,100.0,237.0,25,25,100,0,100,0,200,0,100.0,3898.0,100.0,34457811008.0,100.0,41599886524.0
2018-04-11,ZCH06W5P,ST12000NM0007,12000138625024,0,81,127939304,98,0,100,2,100,0,87,554086938,96,3968,100,0,100,1,,,,,100.0,0.0,100.0,0.0,,,74.0,26.0,,,100.0,29.0,100.0,238.0,26,26,100,0,100,0,200,0,100.0,3922.0,100.0,34556365720.0,100.0,41743547564.0
2018-04-12,ZCH06W5P,ST12000NM0007,12000138625024,0,81,131910712,98,0,100,2,100,0,87,556894140,96,3991,100,0,100,1,,,,,100.0,0.0,100.0,0.0,,,74.0,26.0,,,100.0,30.0,100.0,240.0,26,26,100,0,100,0,200,0,100.0,3945.0,100.0,34634014464.0,100.0,41914010940.0
2018-04-13,ZCH06W5P,ST12000NM0007,12000138625024,0,81,112935288,98,0,100,2,100,0,87,560304597,96,4015,100,0,100,1,,,,,100.0,0.0,100.0,0.0,,,74.0,26.0,,,100.0,30.0,100.0,241.0,26,26,100,0,100,0,200,0,100.0,3969.0,100.0,34721244992.0,100.0,42051945668.0
2018-04-14,ZCH06W5P,ST12000NM0007,12000138625024,0,77,54205752,98,0,100,2,100,0,88,562769438,96,4039,100,0,100,1,,,,,100.0,0.0,100.0,0.0,,,74.0,26.0,,,100.0,31.0,100.0,242.0,26,26,100,0,100,0,200,0,100.0,3993.0,100.0,34803832344.0,100.0,42154769564.0
2018-04-15,ZCH06W5P,ST12000NM0007,12000138625024,0,76,36048448,98,0,100,2,100,0,88,565526638,96,4063,100,0,100,1,,,,,100.0,0.0,100.0,0.0,,,74.0,26.0,,,100.0,32.0,100.0,243.0,26,26,100,0,100,0,200,0,100.0,4017.0,100.0,34890850792.0,100.0,42293734476.0
2018-04-16,ZCH06W5P,ST12000NM0007,12000138625024,0,83,191043496,98,0,100,2,100,0,88,567724170,96,4087,100,0,100,1,,,,,100.0,0.0,100.0,0.0,,,74.0,26.0,,,100.0,33.0,100.0,244.0,26,26,100,0,100,0,200,0,100.0,4040.0,100.0,34942549096.0,100.0,42397031220.0
2018-04-17,ZCH06W5P,ST12000NM0007,12000138625024,0,84,226293976,98,0,100,2,100,0,88,570755036,96,4111,100,0,100,1,,,,,100.0,0.0,100.0,0.0,,,75.0,25.0,,,100.0,33.0,100.0,245.0,25,25,100,0,100,0,200,0,100.0,4064.0,100.0,35022270376.0,100.0,42596701212.0
2018-04-18,ZCH06W5P,ST12000NM0007,12000138625024,0,83,195821528,98,0,100,2,100,0,88,573385159,96,4136,100,0,100,1,,,,,100.0,0.0,100.0,0.0,,,75.0,25.0,,,100.0,34.0,100.0,246.0,25,25,100,0,100,0,200,0,100.0,4089.0,100.0,35089970680.0,100.0,42742669204.0
2018-04-19,ZCH06W5P,ST12000NM0007,12000138625024,0,84,224950800,98,0,100,2,100,0,88,576546970,96,4159,100,0,100,1,,,,,100.0,0.0,100.0,0.0,,,74.0,26.0,,,100.0,34.0,100.0,247.0,26,26,100,0,100,0,200,0,100.0,4112.0,100.0,35194690408.0,100.0,42911219484.0
2018-04-20,ZCH06W5P,ST12000NM0007,12000138625024,0,84,228268272,98,0,100,2,100,0,88,579477150,96,4183,100,0,100,1,,,,,100.0,0.0,100.0,0.0,,,74.0,26.0,,,100.0,35.0,100.0,248.0,26,26,100,0,100,0,200,0,100.0,4136.0,100.0,35279573928.0,100.0,43073794164.0
2018-04-21,ZCH06W5P,ST12000NM0007,12000138625024,0,82,173533960,98,0,100,2,100,0,88,581996630,96,4207,100,0,100,1,,,,,100.0,0.0,100.0,0.0,,,74.0,26.0,,,100.0,36.0,100.0,249.0,26,26,100,0,100,0,200,0,100.0,4160.0,100.0,35359673680.0,100.0,43183100812.0
2018-04-22,ZCH06W5P,ST12000NM0007,12000138625024,0,81,131452424,98,0,100,2,100,0,88,584515266,96,4231,100,0,100,1,,,,,100.0,0.0,100.0,0.0,,,75.0,25.0,,,100.0,36.0,100.0,250.0,25,25,100,0,100,0,200,0,100.0,4184.0,100.0,35426152632.0,100.0,43318680956.0
2018-04-23,ZCH06W5P,ST12000NM0007,12000138625024,0,80,105639320,98,0,100,2,100,0,88,587229017,96,4255,100,0,100,1,,,,,100.0,0.0,100.0,0.0,,,75.0,25.0,,,100.0,37.0,100.0,251.0,25,25,100,0,100,0,200,0,100.0,4208.0,100.0,35509493240.0,100.0,43453667956.0
2018-04-24,ZCH06W5P,ST12000NM0007,12000138625024,0,81,117035248,98,0,100,2,100,0,88,590400229,96,4279,100,0,100,1,,,,,100.0,0.0,100.0,0.0,,,75.0,25.0,,,100.0,38.0,100.0,252.0,25,25,100,0,100,0,200,0,100.0,4232.0,100.0,35583233880.0,100.0,43635464036.0
2018-04-25,ZCH06W5P,ST12000NM0007,12000138625024,0,81,115058392,98,0,100,2,100,0,88,593801509,96,4303,100,0,100,1,,,,,100.0,0.0,100.0,0.0,,,74.0,26.0,,,100.0,38.0,100.0,253.0,26,26,100,0,100,0,200,0,100.0,4256.0,100.0,35658097280.0,100.0,43802764468.0
2018-04-26,ZCH06W5P,ST12000NM0007,12000138625024,0,81,114277728,98,0,100,2,100,0,88,597078196,96,4330,100,0,100,1,,,,,100.0,0.0,100.0,0.0,,,74.0,26.0,,,100.0,39.0,100.0,255.0,26,26,100,0,100,0,200,0,100.0,4283.0,100.0,35738680672.0,100.0,43965541044.0
2018-04-27,ZCH06W5P,ST12000NM0007,12000138625024,0,80,92588208,98,0,100,2,100,0,88,599767120,96,4354,100,0,100,1,,,,,100.0,0.0,100.0,0.0,,,74.0,26.0,,,100.0,39.0,100.0,256.0,26,26,100,0,100,0,200,0,100.0,4307.0,100.0,35820257584.0,100.0,44106415244.0
2018-04-28,ZCH06W5P,ST12000NM0007,12000138625024,0,80,93286736,98,0,100,2,100,0,88,602673905,96,4377,100,0,100,1,,,,,100.0,0.0,100.0,0.0,,,74.0,26.0,,,100.0,39.0,100.0,257.0,26,26,100,0,100,0,200,0,100.0,4330.0,100.0,35892496128.0,100.0,44279015868.0
2018-04-29,ZCH06W5P,ST12000NM0007,12000138625024,0,81,123582216,98,0,100,2,100,0,88,606125470,95,4402,100,0,100,1,,,,,100.0,0.0,100.0,0.0,,,74.0,26.0,,,100.0,40.0,100.0,258.0,26,26,100,0,100,0,200,0,100.0,4355.0,100.0,35988277336.0,100.0,44457670812.0
2018-04-30,ZCH06W5P,ST12000NM0007,12000138625024,0,79,84456952,98,0,100,2,100,0,88,608751026,95,4426,100,0,100,1,,,,,100.0,0.0,100.0,0.0,,,74.0,26.0,,,100.0,40.0,100.0,259.0,26,26,100,0,100,0,200,0,100.0,4378.0,100.0,36065887240.0,100.0,44585076276.0
2018-05-01,ZCH06W5P,ST12000NM0007,12000138625024,0,81,114492776,98,0,100,2,100,0,88,611925473,95,4450,100,0,100,1,,,,,100.0,0.0,100.0,0.0,,,74.0,26.0,,,100.0,41.0,100.0,260.0,26,26,100,0,100,0,200,0,100.0,4402.0,100.0,36149701448.0,100.0,44775438604.0
2018-05-02,ZCH06W5P,ST12000NM0007,12000138625024,0,81.0,122982696.0,98.0,0.0,100.0,2.0,100.0,0.0,88.0,614794249.0,95.0,4473.0,100.0,0.0,100.0,1.0,,,,,100.0,0.0,100.0,0.0,,,75.0,25.0,,,100.0,41.0,100.0,261.0,25.0,25.0,100.0,0.0,100.0,0.0,200.0,0.0,100.0,4425.0,100.0,36225725264.0,100.0,44952045516.0
2018-05-03,ZCH06W5P,ST12000NM0007,12000138625024,0,81,137565936,98,0,100,2,100,0,88,617721333,95,4495,100,0,100,1,,,,,100.0,0.0,100.0,0.0,,,75.0,25.0,,,100.0,41.0,100.0,262.0,25,25,100,0,100,0,200,0,100.0,4447.0,100.0,36317367952.0,100.0,45119127012.0
2018-05-04,ZCH06W5P,ST12000NM0007,12000138625024,0,81,136153776,98,0,100,2,100,0,88,620845371,95,4519,100,0,100,1,,,,,100.0,0.0,100.0,0.0,,,75.0,25.0,,,100.0,41.0,100.0,263.0,25,25,100,0,100,0,200,0,100.0,4470.0,100.0,36408618104.0,100.0,45270605556.0
2018-05-05,ZCH06W5P,ST12000NM0007,12000138625024,0,80,100542168,98,0,100,2,100,0,88,623496902,95,4543,100,0,100,1,,,,,100.0,0.0,100.0,0.0,,,74.0,26.0,,,100.0,41.0,100.0,264.0,26,26,100,0,100,0,200,0,100.0,4494.0,100.0,36484043584.0,100.0,45403709116.0
2018-05-06,ZCH06W5P,ST12000NM0007,12000138625024,0,78,60135456,98,0,100,2,100,0,88,626135708,95,4568,100,0,100,1,,,,,100.0,0.0,100.0,0.0,,,74.0,26.0,,,100.0,41.0,100.0,265.0,26,26,100,0,100,0,200,0,100.0,4519.0,100.0,36551975776.0,100.0,45539511124.0
2018-05-07,ZCH06W5P,ST12000NM0007,12000138625024,0,73,18148968,98,0,100,2,100,0,88,628733703,95,4592,100,0,100,1,,,,,100.0,0.0,100.0,0.0,,,74.0,26.0,,,100.0,41.0,100.0,266.0,26,26,100,0,100,0,200,0,100.0,4543.0,100.0,36624449688.0,100.0,45669191356.0
2018-05-08,ZCH06W5P,ST12000NM0007,12000138625024,0,68,6193520,98,0,100,2,100,0,88,632198357,95,4615,100,0,100,1,,,,,100.0,0.0,100.0,0.0,,,74.0,26.0,,,100.0,41.0,100.0,267.0,26,26,100,0,100,0,200,0,100.0,4566.0,100.0,36691654392.0,100.0,45834171948.0
2018-05-09,ZCH06W5P,ST12000NM0007,12000138625024,0,83,205229000,98,0,100,2,100,0,88,634707953,95,4640,100,0,100,1,,,,,100.0,0.0,100.0,0.0,,,74.0,26.0,,,100.0,41.0,100.0,268.0,26,26,100,0,100,0,200,0,100.0,4590.0,100.0,36759430264.0,100.0,45965431556.0
2018-05-10,ZCH06W5P,ST12000NM0007,12000138625024,0,83,219775728,98,0,100,2,100,0,88,637636713,95,4663,100,0,100,1,,,,,100.0,0.0,100.0,0.0,,,74.0,26.0,,,100.0,42.0,100.0,270.0,26,26,100,0,100,0,200,0,100.0,4614.0,100.0,36828202488.0,100.0,46155346756.0
2018-05-11,ZCH06W5P,ST12000NM0007,12000138625024,0,84,228190328,98,0,100,2,100,0,88,640453850,95,4688,100,0,100,1,,,,,100.0,0.0,100.0,0.0,,,74.0,26.0,,,100.0,42.0,100.0,271.0,26,26,100,0,100,0,200,0,100.0,4638.0,100.0,36898294296.0,100.0,46337810612.0
2018-05-12,ZCH06W5P,ST12000NM0007,12000138625024,0,69,8644488,98,0,100,2,100,0,88,643200104,95,4712,100,0,100,1,,,,,100.0,0.0,100.0,0.0,,,74.0,26.0,,,100.0,43.0,100.0,272.0,26,26,100,0,100,0,200,0,100.0,4662.0,100.0,36980933824.0,100.0,46523906508.0
2018-05-13,ZCH06W5P,ST12000NM0007,12000138625024,0,78,60988008,98,0,100,2,100,0,88,646231622,95,4736,100,0,100,1,,,,,100.0,0.0,100.0,0.0,,,74.0,26.0,,,100.0,43.0,100.0,273.0,26,26,100,0,100,0,200,0,100.0,4686.0,100.0,37077733472.0,100.0,46723591156.0
2018-05-14,ZCH06W5P,ST12000NM0007,12000138625024,0,76,41327096,98,0,100,2,100,0,88,648743277,95,4760,100,0,100,1,,,,,100.0,0.0,100.0,0.0,,,74.0,26.0,,,100.0,43.0,100.0,274.0,26,26,100,0,100,0,200,0,100.0,4709.0,100.0,37143044720.0,100.0,46882759628.0
2018-05-15,ZCH06W5P,ST12000NM0007,12000138625024,0,77.0,51461112.0,98.0,0.0,100.0,2.0,100.0,0.0,88.0,651841173.0,95.0,4786.0,100.0,0.0,100.0,1.0,,,,,100.0,0.0,100.0,0.0,,,74.0,26.0,,,100.0,43.0,100.0,275.0,26.0,26.0,100.0,0.0,100.0,0.0,200.0,0.0,100.0,4736.0,100.0,37223495408.0,100.0,47056583708.0
2018-05-16,ZCH06W5P,ST12000NM0007,12000138625024,0,73,21942176,98,0,100,2,100,0,88,654440346,95,4810,100,0,100,1,,,,,100.0,0.0,100.0,0.0,,,74.0,26.0,,,100.0,43.0,100.0,276.0,26,26,100,0,100,0,200,0,100.0,4759.0,100.0,37291240544.0,100.0,47203460628.0
2018-05-17,ZCH06W5P,ST12000NM0007,12000138625024,0,71,11344280,98,0,100,2,100,0,88,657179671,95,4831,100,0,100,1,,,,,100.0,0.0,100.0,0.0,,,73.0,27.0,,,100.0,43.0,100.0,278.0,27,27,100,0,100,0,200,0,100.0,4780.0,100.0,37359762488.0,100.0,47368481564.0
2018-05-18,ZCH06W5P,ST12000NM0007,12000138625024,0,83,213367128,98,0,100,2,100,0,88,659545648,95,4855,100,0,100,1,,,,,100.0,0.0,100.0,0.0,,,74.0,26.0,,,100.0,43.0,100.0,279.0,26,26,100,0,100,0,200,0,100.0,4803.0,100.0,37417792824.0,100.0,47512474076.0
2018-05-19,ZCH06W5P,ST12000NM0007,12000138625024,0,83,213294704,98,0,100,2,100,0,88,662530110,95,4879,100,0,100,1,,,,,100.0,0.0,100.0,0.0,,,74.0,26.0,,,100.0,43.0,100.0,280.0,26,26,100,0,100,0,200,0,100.0,4828.0,100.0,37496977712.0,100.0,47677357396.0
2018-05-20,ZCH06W5P,ST12000NM0007,12000138625024,0,73,18784416,98,0,100,2,100,0,88,665711062,95,4903,100,0,100,1,,,,,100.0,0.0,100.0,0.0,,,74.0,26.0,,,100.0,43.0,100.0,281.0,26,26,100,0,100,0,200,0,100.0,4852.0,100.0,37578827072.0,100.0,47889279172.0
2018-05-21,ZCH06W5P,ST12000NM0007,12000138625024,0,71,13642792,98,0,100,2,100,0,88,668969134,95,4927,100,0,100,1,,,,,100.0,0.0,100.0,0.0,,,74.0,26.0,,,100.0,43.0,100.0,282.0,26,26,100,0,100,0,200,0,100.0,4876.0,100.0,37630906240.0,100.0,48076199108.0
2018-05-22,ZCH06W5P,ST12000NM0007,12000138625024,0,76,43899840,98,0,100,2,100,0,88,672096540,95,4951,100,0,100,1,,,,,100.0,0.0,100.0,0.0,,,74.0,26.0,,,100.0,44.0,100.0,283.0,26,26,100,0,100,0,200,0,100.0,4899.0,100.0,37709555896.0,100.0,48271947148.0
2018-05-23,ZCH06W5P,ST12000NM0007,12000138625024,0,75,32240792,98,0,100,2,100,0,88,674982089,95,4975,100,0,100,1,,,,,100.0,0.0,100.0,0.0,,,74.0,26.0,,,100.0,45.0,100.0,284.0,26,26,100,0,100,0,200,0,100.0,4924.0,100.0,37790454768.0,100.0,48423530116.0
2018-05-24,ZCH06W5P,ST12000NM0007,12000138625024,0,70,10201160,98,0,100,2,100,0,88,677710085,95,4999,100,0,100,1,,,,,100.0,0.0,100.0,0.0,,,74.0,26.0,,,100.0,45.0,100.0,285.0,26,26,100,0,100,0,200,0,100.0,4947.0,100.0,37849284792.0,100.0,48586801484.0
2018-05-25,ZCH06W5P,ST12000NM0007,12000138625024,0,76,37069264,98,0,100,2,100,0,88,680729680,95,5025,100,0,100,1,,,,,100.0,0.0,100.0,0.0,,,74.0,26.0,,,100.0,45.0,100.0,286.0,26,26,100,0,100,0,200,0,100.0,4973.0,100.0,37932218464.0,100.0,48774876572.0
2018-05-26,ZCH06W5P,ST12000NM0007,12000138625024,0,74,27206800,98,0,100,2,100,0,88,683354844,95,5049,100,0,100,1,,,,,100.0,0.0,100.0,0.0,,,74.0,26.0,,,100.0,45.0,100.0,287.0,26,26,100,0,100,0,200,0,100.0,4997.0,100.0,37991163312.0,100.0,48950209980.0
2018-05-27,ZCH06W5P,ST12000NM0007,12000138625024,0,82,177634864,98,0,100,2,100,0,88,685060496,95,5066,100,0,100,1,,,,,100.0,0.0,100.0,0.0,,,74.0,26.0,,,100.0,45.0,100.0,287.0,26,26,100,0,100,0,200,0,100.0,5014.0,100.0,38029508768.0,100.0,49062292588.0
2018-05-28,ZCH06W5P,ST12000NM0007,12000138625024,0,81,122530200,98,0,100,2,100,0,88,687307494,95,5090,100,0,100,1,,,,,100.0,0.0,100.0,0.0,,,75.0,25.0,,,100.0,45.0,100.0,288.0,25,25,100,0,100,0,200,0,100.0,5038.0,100.0,38078722376.0,100.0,49202115132.0
2018-05-29,ZCH06W5P,ST12000NM0007,12000138625024,0,81,139301848,98,0,100,2,100,0,88,690398953,95,5115,100,0,100,1,,,,,100.0,0.0,100.0,0.0,,,75.0,25.0,,,100.0,46.0,100.0,289.0,25,25,100,0,100,0,200,0,100.0,5062.0,100.0,38152448048.0,100.0,49389301852.0
2018-05-30,ZCH06W5P,ST12000NM0007,12000138625024,0,82,148948048,98,0,100,2,100,0,88,693335014,95,5139,100,0,100,1,,,,,100.0,0.0,100.0,0.0,,,74.0,26.0,,,100.0,46.0,100.0,290.0,26,26,100,0,100,0,200,0,100.0,5086.0,100.0,38234667448.0,100.0,49560869284.0
2018-05-31,ZCH06W5P,ST12000NM0007,12000138625024,0,84,241894248,98,0,100,2,100,0,88,697321942,95,5169,100,0,100,1,,,,,100.0,0.0,100.0,0.0,,,74.0,26.0,,,100.0,46.0,100.0,292.0,26,26,100,0,100,0,200,0,100.0,5116.0,100.0,38335157600.0,100.0,49797466236.0
2018-06-01,ZCH06W5P,ST12000NM0007,12000138625024,0,74,23552696,98,0,100,2,100,0,88,701016858,95,5194,100,0,100,1,,,,,100.0,0.0,100.0,0.0,,,75.0,25.0,,,100.0,46.0,100.0,293.0,25,25,100,0,100,0,200,0,100.0,5141.0,100.0,38403162912.0,100.0,49999401092.0
2018-06-02,ZCH06W5P,ST12000NM0007,12000138625024,0,84,233339080,98,0,100,2,100,0,88,703493958,95,5217,100,0,100,1,,,,,100.0,0.0,100.0,0.0,,,74.0,26.0,,,100.0,46.0,100.0,294.0,26,26,100,0,100,0,200,0,100.0,5164.0,100.0,38474919424.0,100.0,50137430964.0
2018-06-03,ZCH06W5P,ST12000NM0007,12000138625024,0,84,241072848,98,0,100,2,100,0,88,706432221,95,5241,100,0,100,1,,,,,100.0,0.0,100.0,0.0,,,74.0,26.0,,,100.0,47.0,100.0,295.0,26,26,100,0,100,0,200,0,100.0,5188.0,100.0,38553087272.0,100.0,50311137860.0
2018-06-04,ZCH06W5P,ST12000NM0007,12000138625024,0,70,10673152,98,0,100,2,100,0,89,709076591,94,5265,100,0,100,1,,,,,100.0,0.0,100.0,0.0,,,74.0,26.0,,,100.0,48.0,100.0,296.0,26,26,100,0,100,0,200,0,100.0,5212.0,100.0,38613212792.0,100.0,50508894052.0
2018-06-05,ZCH06W5P,ST12000NM0007,12000138625024,0,77,51412496,98,0,100,2,100,0,89,712187286,94,5289,100,0,100,1,,,,,100.0,0.0,100.0,0.0,,,75.0,25.0,,,100.0,49.0,100.0,297.0,25,25,100,0,100,0,200,0,100.0,5236.0,100.0,38683726568.0,100.0,50723260476.0
2018-06-06,ZCH06W5P,ST12000NM0007,12000138625024,0,78,64508872,98,0,100,2,100,0,89,714968078,94,5314,100,0,100,1,,,,,100.0,0.0,100.0,0.0,,,75.0,25.0,,,100.0,49.0,100.0,298.0,25,25,100,0,100,0,200,0,100.0,5260.0,100.0,38767109792.0,100.0,50897114308.0
2018-06-07,ZCH06W5P,ST12000NM0007,12000138625024,0,78,56790424,98,0,100,2,100,0,89,717847886,94,5337,100,0,100,1,,,,,100.0,0.0,100.0,0.0,,,75.0,25.0,,,100.0,49.0,100.0,299.0,25,25,100,0,100,0,200,0,100.0,5284.0,100.0,38836693400.0,100.0,51063953044.0
2018-06-08,ZCH06W5P,ST12000NM0007,12000138625024,0,78,57678656,98,0,100,2,100,0,89,720489720,94,5360,100,0,100,1,,,,,100.0,0.0,100.0,0.0,,,75.0,25.0,,,100.0,50.0,100.0,300.0,25,25,100,0,100,0,200,0,100.0,5306.0,100.0,38910136920.0,100.0,51235538452.0
2018-06-09,ZCH06W5P,ST12000NM0007,12000138625024,0,75,31541896,98,0,100,2,100,0,89,723204130,94,5385,100,0,100,1,,,,,100.0,0.0,100.0,0.0,,,75.0,25.0,,,100.0,50.0,100.0,301.0,25,25,100,0,100,0,200,0,100.0,5331.0,100.0,38976418616.0,100.0,51387260684.0
2018-06-10,ZCH06W5P,ST12000NM0007,12000138625024,0,83,217968584,98,0,100,2,100,0,89,725667013,94,5409,100,0,100,1,,,,,100.0,0.0,100.0,0.0,,,75.0,25.0,,,100.0,50.0,100.0,302.0,25,25,100,0,100,0,200,0,100.0,5355.0,100.0,39034106336.0,100.0,51515999652.0
2018-06-11,ZCH06W5P,ST12000NM0007,12000138625024,0,82,147025112,98,0,100,2,100,0,89,727995155,94,5432,100,0,100,1,,,,,100.0,0.0,100.0,0.0,,,75.0,25.0,,,100.0,50.0,100.0,303.0,25,25,100,0,100,0,200,0,100.0,5378.0,100.0,39116227240.0,100.0,51607076204.0
2018-06-12,ZCH06W5P,ST12000NM0007,12000138625024,0,82,167755408,98,0,100,2,100,0,89,731969248,94,5456,100,0,100,1,,,,,100.0,0.0,100.0,0.0,,,75.0,25.0,,,100.0,50.0,100.0,304.0,25,25,100,0,100,0,200,0,100.0,5402.0,100.0,39197151584.0,100.0,51791022788.0
2018-06-13,ZCH06W5P,ST12000NM0007,12000138625024,0,80,110288672,98,0,100,2,100,0,89,734501872,94,5480,100,0,100,1,,,,,100.0,0.0,100.0,0.0,,,74.0,26.0,,,100.0,50.0,100.0,305.0,26,26,100,0,100,0,200,0,100.0,5426.0,100.0,39288121520.0,100.0,51886726948.0
2018-06-14,ZCH06W5P,ST12000NM0007,12000138625024,0,81,138832960,98,0,100,2,100,0,89,737641171,94,5505,100,0,100,1,,,,,100.0,0.0,100.0,0.0,,,72.0,28.0,,,100.0,51.0,100.0,308.0,28,28,100,0,100,0,200,0,100.0,5450.0,100.0,39382537744.0,100.0,52064995676.0
2018-06-15,ZCH06W5P,ST12000NM0007,12000138625024,0,82.0,157335136.0,98.0,0.0,100.0,2.0,100.0,0.0,89.0,740493438.0,94.0,5529.0,100.0,0.0,100.0,1.0,,,,,100.0,0.0,100.0,0.0,,,72.0,28.0,,,100.0,51.0,100.0,309.0,28.0,28.0,100.0,0.0,100.0,0.0,200.0,0.0,100.0,5473.0,100.0,39457023168.0,100.0,52253153060.0
2018-06-16,ZCH06W5P,ST12000NM0007,12000138625024,0,78.0,67468160.0,98.0,0.0,100.0,2.0,100.0,0.0,89.0,742721548.0,94.0,5553.0,100.0,0.0,100.0,1.0,,,,,100.0,0.0,100.0,0.0,,,72.0,28.0,,,100.0,52.0,100.0,310.0,28.0,28.0,100.0,0.0,100.0,0.0,200.0,0.0,100.0,5498.0,100.0,39529275720.0,100.0,52335174460.0
2018-06-17,ZCH06W5P,ST12000NM0007,12000138625024,0,75.0,31988520.0,98.0,0.0,100.0,2.0,100.0,0.0,89.0,745292117.0,94.0,5577.0,100.0,0.0,100.0,1.0,,,,,100.0,0.0,100.0,0.0,,,74.0,26.0,,,100.0,53.0,100.0,311.0,26.0,26.0,100.0,0.0,100.0,0.0,200.0,0.0,100.0,5521.0,100.0,39612516736.0,100.0,52460594604.0
2018-06-18,ZCH06W5P,ST12000NM0007,12000138625024,0,74.0,22452040.0,98.0,0.0,100.0,2.0,100.0,0.0,89.0,747993094.0,94.0,5600.0,100.0,0.0,100.0,1.0,,,,,100.0,0.0,100.0,0.0,,,74.0,26.0,,,100.0,54.0,100.0,312.0,26.0,26.0,100.0,0.0,100.0,0.0,200.0,0.0,100.0,5545.0,100.0,39700465728.0,100.0,52607249948.0
2018-06-19,ZCH06W5P,ST12000NM0007,12000138625024,0,83,211912480,98,0,100,2,100,0,89,750632074,94,5624,100,0,100,1,,,,,100.0,0.0,100.0,0.0,,,75.0,25.0,,,100.0,54.0,100.0,313.0,25,25,100,0,100,0,200,0,100.0,5568.0,100.0,39776693096.0,100.0,52720483020.0
2018-06-20,ZCH06W5P,ST12000NM0007,12000138625024,0,82,164850208,98,0,100,2,100,0,89,753014694,94,5648,100,0,100,1,,,,,100.0,0.0,100.0,0.0,,,74.0,26.0,,,100.0,54.0,100.0,314.0,26,26,100,0,100,0,200,0,100.0,5592.0,100.0,39845374376.0,100.0,52848880116.0
2018-06-21,ZCH06W5P,ST12000NM0007,12000138625024,0,82,164244528,98,0,100,2,100,0,89,755999252,94,5673,100,0,100,1,,,,,100.0,0.0,100.0,0.0,,,75.0,25.0,,,100.0,55.0,100.0,315.0,25,25,100,0,100,0,200,0,100.0,5617.0,100.0,39917178440.0,100.0,53020611092.0
2018-06-22,ZCH06W5P,ST12000NM0007,12000138625024,0,81,127072864,98,0,100,2,100,0,89,758434656,94,5697,100,0,100,1,,,,,100.0,0.0,100.0,0.0,,,75.0,25.0,,,100.0,56.0,100.0,316.0,25,25,100,0,100,0,200,0,100.0,5641.0,100.0,39988178848.0,100.0,53156579788.0
2018-06-23,ZCH06W5P,ST12000NM0007,12000138625024,0,82,148078016,98,0,100,2,100,0,89,761163274,94,5721,100,0,100,1,,,,,100.0,0.0,100.0,0.0,,,75.0,25.0,,,100.0,56.0,100.0,317.0,25,25,100,0,100,0,200,0,100.0,5664.0,100.0,40054308752.0,100.0,53355595732.0
2018-06-24,ZCH06W5P,ST12000NM0007,12000138625024,0,82,165141824,98,0,100,2,100,0,89,764638131,94,5745,100,0,100,1,,,,,100.0,0.0,100.0,0.0,,,75.0,25.0,,,100.0,56.0,100.0,318.0,25,25,100,0,100,0,200,0,100.0,5688.0,100.0,40127356128.0,100.0,53543752828.0
2018-06-25,ZCH06W5P,ST12000NM0007,12000138625024,0,82,152280816,98,0,100,2,100,0,89,767193079,94,5769,100,0,100,1,,,,,100.0,0.0,100.0,0.0,,,75.0,25.0,,,100.0,57.0,100.0,319.0,25,25,100,0,100,0,200,0,100.0,5712.0,100.0,40185036296.0,100.0,53717352516.0
2018-06-26,ZCH06W5P,ST12000NM0007,12000138625024,0,83,191739632,98,0,100,2,100,0,89,770218950,94,5793,100,0,100,1,,,,,100.0,0.0,100.0,0.0,,,75.0,25.0,,,100.0,57.0,100.0,320.0,25,25,100,0,100,0,200,0,100.0,5736.0,100.0,40252073816.0,100.0,53933914556.0
2018-06-27,ZCH06W5P,ST12000NM0007,12000138625024,0,83,203933336,98,0,100,2,100,0,89,772895135,94,5816,100,0,100,1,,,,,100.0,0.0,100.0,0.0,,,74.0,26.0,,,100.0,58.0,100.0,321.0,26,26,100,0,100,0,200,0,100.0,5759.0,100.0,40327903560.0,100.0,54114419308.0
2018-06-28,ZCH06W5P,ST12000NM0007,12000138625024,0,65,3099992,98,0,100,2,100,0,89,776076707,94,5841,100,0,100,1,,,,,100.0,0.0,100.0,0.0,,,74.0,26.0,,,100.0,58.0,100.0,322.0,26,26,100,0,100,0,200,0,100.0,5784.0,100.0,40407188856.0,100.0,54322581964.0
2018-06-29,ZCH06W5P,ST12000NM0007,12000138625024,0,84,242746832,98,0,100,2,100,0,89,778568478,94,5865,100,0,100,1,,,,,100.0,0.0,100.0,0.0,,,74.0,26.0,,,100.0,58.0,100.0,323.0,26,26,100,0,100,0,200,0,100.0,5807.0,100.0,40471175808.0,100.0,54498241852.0
2018-06-30,ZCH06W5P,ST12000NM0007,12000138625024,0,83,200834576,98,0,100,2,100,0,89,780574248,94,5883,100,0,100,1,,,,,100.0,0.0,100.0,0.0,,,74.0,26.0,,,100.0,58.0,100.0,324.0,26,26,100,0,100,0,200,0,100.0,5825.0,100.0,40528745008.0,100.0,54642901060.0
2018-07-01,ZCH06W5P,ST12000NM0007,12000138625024,0,70,9783400,98,0,100,2,100,0,89,783131723,94,5907,100,0,100,1,,,,,100.0,0.0,100.0,0.0,,,75.0,25.0,,,100.0,58.0,100.0,325.0,25,25,100,0,100,0,200,0,100.0,5849.0,100.0,40624951032.0,100.0,54843925300.0
2018-07-02,ZCH06W5P,ST12000NM0007,12000138625024,0,77,49664696,98,0,100,2,100,0,89,785609812,94,5931,100,0,100,1,,,,,100.0,0.0,100.0,0.0,,,74.0,26.0,,,100.0,58.0,100.0,326.0,26,26,100,0,100,0,200,0,100.0,5873.0,100.0,40696710816.0,100.0,55056187516.0
2018-07-03,ZCH06W5P,ST12000NM0007,12000138625024,0,80,95176088,98,0,100,2,100,0,89,788479259,94,5955,100,0,100,1,,,,,100.0,0.0,100.0,0.0,,,75.0,25.0,,,100.0,59.0,100.0,327.0,25,25,100,0,100,0,200,0,100.0,5897.0,100.0,40773885768.0,100.0,55268664660.0
2018-07-04,ZCH06W5P,ST12000NM0007,12000138625024,0,79,88952312,98,0,100,2,100,0,89,791011658,94,5979,100,0,100,1,,,,,100.0,0.0,100.0,0.0,,,75.0,25.0,,,100.0,59.0,100.0,328.0,25,25,100,0,100,0,200,0,100.0,5921.0,100.0,40856415432.0,100.0,55424052084.0
2018-07-05,ZCH06W5P,ST12000NM0007,12000138625024,0,77,52492384,98,0,100,2,100,0,89,793609200,94,6003,100,0,100,1,,,,,100.0,0.0,100.0,0.0,,,75.0,25.0,,,100.0,59.0,100.0,329.0,25,25,100,0,100,0,200,0,100.0,5945.0,100.0,40916887040.0,100.0,55571261180.0
2018-07-06,ZCH06W5P,ST12000NM0007,12000138625024,0,76,42507224,98,0,100,2,100,0,89,796830277,94,6027,100,0,100,1,,,,,100.0,0.0,100.0,0.0,,,75.0,25.0,,,100.0,60.0,100.0,330.0,25,25,100,0,100,0,200,0,100.0,5969.0,100.0,40994147336.0,100.0,55728156428.0
2018-07-07,ZCH06W5P,ST12000NM0007,12000138625024,0,83,216542816,98,0,100,2,100,0,89,798550537,94,6051,100,0,100,1,,,,,100.0,0.0,100.0,0.0,,,74.0,26.0,,,100.0,61.0,100.0,331.0,26,26,100,0,100,0,200,0,100.0,5992.0,100.0,41043298784.0,100.0,55853040572.0
2018-07-08,ZCH06W5P,ST12000NM0007,12000138625024,0,83,179504496,98,0,100,2,100,0,89,800770338,94,6075,100,0,100,1,,,,,100.0,0.0,100.0,0.0,,,75.0,25.0,,,100.0,61.0,100.0,332.0,25,25,100,0,100,0,200,0,100.0,6017.0,100.0,41122936248.0,100.0,55980505572.0
2018-07-09,ZCH06W5P,ST12000NM0007,12000138625024,0,82,153437432,98,0,100,2,100,0,89,803172422,94,6099,100,0,100,1,,,,,100.0,0.0,100.0,0.0,,,75.0,25.0,,,100.0,62.0,100.0,333.0,25,25,100,0,100,0,200,0,100.0,6040.0,100.0,41197658760.0,100.0,56123857068.0
2018-07-10,ZCH06W5P,ST12000NM0007,12000138625024,0,83.0,182495176.0,98.0,0.0,100.0,2.0,100.0,0.0,89.0,806329846.0,94.0,6123.0,100.0,0.0,100.0,1.0,,,,,100.0,0.0,100.0,0.0,,,74.0,26.0,,,100.0,63.0,100.0,334.0,26.0,26.0,100.0,0.0,100.0,0.0,200.0,0.0,100.0,6065.0,100.0,41296837944.0,100.0,56297876452.0
2018-07-11,ZCH06W5P,ST12000NM0007,12000138625024,0,82,174040680,98,0,100,2,100,0,89,808847466,93,6147,100,0,100,1,,,,,100.0,0.0,100.0,0.0,,,75.0,25.0,,,100.0,63.0,100.0,335.0,25,25,100,0,100,0,200,0,100.0,6088.0,100.0,41383585984.0,100.0,56446814908.0
2018-07-12,ZCH06W5P,ST12000NM0007,12000138625024,0,83,217901112,98,0,100,2,100,0,89,812109486,93,6174,100,0,100,1,,,,,100.0,0.0,100.0,0.0,,,74.0,26.0,,,100.0,63.0,100.0,336.0,26,26,100,0,100,0,200,0,100.0,6115.0,100.0,41490985848.0,100.0,56627416388.0
2018-07-13,ZCH06W5P,ST12000NM0007,12000138625024,0,73,18040048,98,0,100,2,100,0,89,815080998,93,6199,100,0,100,1,,,,,100.0,0.0,100.0,0.0,,,74.0,26.0,,,100.0,64.0,100.0,339.0,26,26,100,0,100,0,200,0,100.0,6139.0,100.0,41569897672.0,100.0,56836924884.0
2018-07-14,ZCH06W5P,ST12000NM0007,12000138625024,0,73,21126392,98,0,100,2,100,0,89,817810836,93,6223,100,0,100,1,,,,,100.0,0.0,100.0,0.0,,,74.0,26.0,,,100.0,64.0,100.0,340.0,26,26,100,0,100,0,200,0,100.0,6163.0,100.0,41644243400.0,100.0,57009806332.0
2018-07-15,ZCH06W5P,ST12000NM0007,12000138625024,0,73,18502432,98,0,100,2,100,0,89,820518448,93,6246,100,0,100,1,,,,,100.0,0.0,100.0,0.0,,,74.0,26.0,,,100.0,64.0,100.0,341.0,26,26,100,0,100,0,200,0,100.0,6186.0,100.0,41708428624.0,100.0,57187137788.0
2018-07-16,ZCH06W5P,ST12000NM0007,12000138625024,0,84,243833792,98,0,100,2,100,0,89,823467002,93,6270,100,0,100,1,,,,,100.0,0.0,100.0,0.0,,,74.0,26.0,,,100.0,64.0,100.0,342.0,26,26,100,0,100,0,200,0,100.0,6210.0,100.0,41776716784.0,100.0,57344180988.0
2018-07-17,ZCH06W5P,ST12000NM0007,12000138625024,0,75,33271592,98,0,100,2,100,0,89,826697854,93,6294,100,0,100,1,,,,,100.0,0.0,100.0,0.0,,,75.0,25.0,,,100.0,65.0,100.0,343.0,25,25,100,0,100,0,200,0,100.0,6234.0,100.0,41848019568.0,100.0,57550597764.0
2018-07-18,ZCH06W5P,ST12000NM0007,12000138625024,0,76,36870656,98,0,100,2,100,0,89,830325216,93,6318,100,0,100,1,,,,,100.0,0.0,100.0,0.0,,,75.0,25.0,,,100.0,66.0,100.0,344.0,25,25,100,0,100,0,200,0,100.0,6258.0,100.0,41938475200.0,100.0,57707881964.0
2018-07-19,ZCH06W5P,ST12000NM0007,12000138625024,0,71,13769560,98,0,100,2,100,0,89,832975380,93,6342,100,0,100,1,,,,,100.0,0.0,100.0,0.0,,,75.0,25.0,,,100.0,67.0,100.0,345.0,25,25,100,0,100,0,200,0,100.0,6282.0,100.0,41994952920.0,100.0,57872443820.0
2018-07-20,ZCH06W5P,ST12000NM0007,12000138625024,0,76,37968336,98,0,100,2,100,0,89,835787031,93,6366,100,0,100,1,,,,,100.0,0.0,100.0,0.0,,,74.0,26.0,,,100.0,67.0,100.0,346.0,26,26,100,0,100,0,200,0,100.0,6306.0,100.0,42074290328.0,100.0,58061445948.0
2018-07-21,ZCH06W5P,ST12000NM0007,12000138625024,0,80,111067368,98,0,100,2,100,0,89,839252120,93,6390,100,0,100,1,,,,,100.0,0.0,100.0,0.0,,,74.0,26.0,,,100.0,67.0,100.0,347.0,26,26,100,0,100,0,200,0,100.0,6330.0,100.0,42195533048.0,100.0,58257442916.0
2018-07-22,ZCH06W5P,ST12000NM0007,12000138625024,0,71,13947776,98,0,100,2,100,0,89,841398521,93,6414,100,0,100,1,,,,,100.0,0.0,100.0,0.0,,,75.0,25.0,,,100.0,68.0,100.0,348.0,25,25,100,0,100,0,200,0,100.0,6354.0,100.0,42250046168.0,100.0,58349951076.0
2018-07-23,ZCH06W5P,ST12000NM0007,12000138625024,0,84,241877168,98,0,100,2,100,0,89,844174538,93,6439,100,0,100,1,,,,,100.0,0.0,100.0,0.0,,,74.0,26.0,,,100.0,68.0,100.0,349.0,26,26,100,0,100,0,200,0,100.0,6378.0,100.0,42327996760.0,100.0,58499929876.0
2018-07-24,ZCH06W5P,ST12000NM0007,12000138625024,0,81,125923792,98,0,100,2,100,0,89,848043275,93,6462,100,0,100,1,,,,,100.0,0.0,100.0,0.0,,,74.0,26.0,,,100.0,68.0,100.0,350.0,26,26,100,0,100,0,200,0,100.0,6401.0,100.0,42453645672.0,100.0,58746609100.0
2018-07-25,ZCH06W5P,ST12000NM0007,12000138625024,0,82.0,145662944.0,98.0,0.0,100.0,2.0,100.0,0.0,89.0,851008047.0,93.0,6487.0,100.0,0.0,100.0,1.0,,,,,100.0,0.0,100.0,0.0,,,75.0,25.0,,,100.0,68.0,100.0,351.0,25.0,25.0,100.0,0.0,100.0,0.0,200.0,0.0,100.0,6426.0,100.0,42564986600.0,100.0,58899148044.0
2018-07-26,ZCH06W5P,ST12000NM0007,12000138625024,0,82,151156568,98,0,100,2,100,0,89,853928451,93,6511,100,0,100,1,,,,,100.0,0.0,100.0,0.0,,,74.0,26.0,,,100.0,68.0,100.0,352.0,26,26,100,0,100,0,200,0,100.0,6450.0,100.0,42646526968.0,100.0,59067242260.0
2018-07-27,ZCH06W5P,ST12000NM0007,12000138625024,0,82,158029016,98,0,100,2,100,0,89,856634837,93,6537,100,0,100,1,,,,,100.0,0.0,100.0,0.0,,,74.0,26.0,,,100.0,68.0,100.0,354.0,26,26,100,0,100,0,200,0,100.0,6476.0,100.0,42711695008.0,100.0,59253087340.0
2018-07-28,ZCH06W5P,ST12000NM0007,12000138625024,0,82,142680160,98,0,100,2,100,0,89,859092946,93,6562,100,0,100,1,,,,,100.0,0.0,100.0,0.0,,,75.0,25.0,,,100.0,68.0,100.0,355.0,25,25,100,0,100,0,200,0,100.0,6500.0,100.0,42775295304.0,100.0,59418278956.0
2018-07-29,ZCH06W5P,ST12000NM0007,12000138625024,0,81,115956672,98,0,100,2,100,0,89,861328736,93,6585,100,0,100,1,,,,,100.0,0.0,100.0,0.0,,,75.0,25.0,,,100.0,69.0,100.0,356.0,25,25,100,0,100,0,200,0,100.0,6524.0,100.0,42826530040.0,100.0,59584461364.0
2018-07-30,ZCH06W5P,ST12000NM0007,12000138625024,0,80,94727048,98,0,100,2,100,0,89,863539199,93,6609,100,0,100,1,,,,,100.0,0.0,100.0,0.0,,,75.0,25.0,,,100.0,69.0,100.0,357.0,25,25,100,0,100,0,200,0,100.0,6547.0,100.0,42891789320.0,100.0,59742113196.0
2018-07-31,ZCH06W5P,ST12000NM0007,12000138625024,0,82,148766576,98,0,100,2,100,0,89,867704914,93,6633,100,0,100,1,,,,,100.0,0.0,100.0,0.0,,,74.0,26.0,,,100.0,69.0,100.0,358.0,26,26,100,0,100,0,200,0,100.0,6571.0,100.0,42965547280.0,100.0,59966535508.0
2018-08-01,ZCH06W5P,ST12000NM0007,12000138625024,0,81,130259592,98,0,100,2,100,0,89,869897348,93,6657,100,0,100,1,,,,,100.0,0.0,100.0,0.0,,,74.0,26.0,,,100.0,70.0,100.0,359.0,26,26,100,0,100,0,200,0,100.0,6595.0,100.0,43032822976.0,100.0,60124893500.0
2018-08-02,ZCH06W5P,ST12000NM0007,12000138625024,0,81,121768072,98,0,100,2,100,0,89,872414198,93,6681,100,0,100,1,,,,,100.0,0.0,100.0,0.0,,,75.0,25.0,,,100.0,70.0,100.0,360.0,25,25,100,0,100,0,200,0,100.0,6620.0,100.0,43099160264.0,100.0,60294205556.0
2018-08-03,ZCH06W5P,ST12000NM0007,12000138625024,0,79,82913968,98,0,100,2,100,0,89,874369861,93,6705,100,0,100,1,,,,,100.0,0.0,100.0,0.0,,,75.0,25.0,,,100.0,70.0,100.0,361.0,25,25,100,0,100,0,200,0,100.0,6644.0,100.0,43145586312.0,100.0,60453066036.0
2018-08-04,ZCH06W5P,ST12000NM0007,12000138625024,0,78,60636832,98,0,100,2,100,0,89,876505855,93,6729,100,0,100,1,,,,,100.0,0.0,100.0,0.0,,,75.0,25.0,,,100.0,71.0,100.0,362.0,25,25,100,0,100,0,200,0,100.0,6668.0,100.0,43202645720.0,100.0,60617870228.0
2018-08-05,ZCH06W5P,ST12000NM0007,12000138625024,0,75,34350368,98,0,100,2,100,0,89,878439581,93,6753,100,0,100,1,,,,,100.0,0.0,100.0,0.0,,,75.0,25.0,,,100.0,72.0,100.0,363.0,25,25,100,0,100,0,200,0,100.0,6691.0,100.0,43256929072.0,100.0,60781441156.0
2018-08-06,ZCH06W5P,ST12000NM0007,12000138625024,0,77,46679152,98,0,100,2,100,0,89,880849244,93,6778,100,0,100,1,,,,,100.0,0.0,100.0,0.0,,,74.0,26.0,,,100.0,73.0,100.0,364.0,26,26,100,0,100,0,200,0,100.0,6716.0,100.0,43337433416.0,100.0,60957406476.0
2018-08-07,ZCH06W5P,ST12000NM0007,12000138625024,0,79,88223368,98,0,100,2,100,0,89,883892907,93,6801,100,0,100,1,,,,,100.0,0.0,100.0,0.0,,,75.0,25.0,,,100.0,73.0,100.0,365.0,25,25,100,0,100,0,200,0,100.0,6739.0,100.0,43436528520.0,100.0,61143996532.0
2018-08-08,ZCH06W5P,ST12000NM0007,12000138625024,0,79,75150120,98,0,100,2,100,0,89,886491423,93,6826,100,0,100,1,,,,,100.0,0.0,100.0,0.0,,,74.0,26.0,,,100.0,73.0,100.0,366.0,26,26,100,0,100,0,200,0,100.0,6764.0,100.0,43512474808.0,100.0,61299119364.0
2018-08-09,ZCH06W5P,ST12000NM0007,12000138625024,0,69,7398608,98,0,100,2,100,0,89,888433606,93,6843,100,0,100,1,,,,,100.0,0.0,100.0,0.0,,,74.0,26.0,,,100.0,73.0,100.0,366.0,26,26,100,0,100,0,200,0,100.0,6781.0,100.0,43574501312.0,100.0,61413482132.0
2018-08-10,ZCH06W5P,ST12000NM0007,12000138625024,0,83,192381624,98,0,100,2,100,0,89,890943692,93,6867,100,0,100,1,,,,,100.0,0.0,100.0,0.0,,,74.0,26.0,,,100.0,73.0,100.0,368.0,26,26,100,0,100,0,200,0,100.0,6804.0,100.0,43647339584.0,100.0,61525626876.0
2018-08-11,ZCH06W5P,ST12000NM0007,12000138625024,0,82,155373688,98,0,100,2,100,0,90,893515761,93,6891,100,0,100,1,,,,,100.0,0.0,100.0,0.0,,,74.0,26.0,,,100.0,74.0,100.0,369.0,26,26,100,0,100,0,200,0,100.0,6828.0,100.0,43698958624.0,100.0,61681140772.0
2018-08-12,ZCH06W5P,ST12000NM0007,12000138625024,0,81,130561416,98,0,100,2,100,0,90,896167525,93,6915,100,0,100,1,,,,,100.0,0.0,100.0,0.0,,,75.0,25.0,,,100.0,74.0,100.0,370.0,25,25,100,0,100,0,200,0,100.0,6852.0,100.0,43745170568.0,100.0,61854257316.0
2018-08-13,ZCH06W5P,ST12000NM0007,12000138625024,0,77,51516896,98,0,100,2,100,0,90,898452249,93,6939,100,0,100,1,,,,,100.0,0.0,100.0,0.0,,,75.0,25.0,,,100.0,75.0,100.0,371.0,25,25,100,0,100,0,200,0,100.0,6876.0,100.0,43800579840.0,100.0,61963944396.0
2018-08-14,ZCH06W5P,ST12000NM0007,12000138625024,0,74.0,25986392.0,98.0,0.0,100.0,2.0,100.0,0.0,90.0,901661014.0,93.0,6963.0,100.0,0.0,100.0,1.0,,,,,100.0,0.0,100.0,0.0,,,74.0,26.0,,,100.0,76.0,100.0,372.0,26.0,26.0,100.0,0.0,100.0,0.0,200.0,0.0,100.0,6900.0,100.0,43861829984.0,100.0,62121304412.0
2018-08-15,ZCH06W5P,ST12000NM0007,12000138625024,0,80.0,110643640.0,98.0,0.0,100.0,2.0,100.0,0.0,90.0,906062412.0,93.0,6992.0,100.0,0.0,100.0,1.0,,,,,100.0,0.0,100.0,0.0,,,74.0,26.0,,,100.0,76.0,100.0,374.0,26.0,26.0,100.0,0.0,100.0,0.0,200.0,0.0,100.0,6929.0,100.0,43948246664.0,100.0,62363685684.0
2018-08-16,ZCH06W5P,ST12000NM0007,12000138625024,0,80,89903648,98,0,100,2,100,0,90,908938302,92,7016,100,0,100,1,,,,,100.0,0.0,100.0,0.0,,,74.0,26.0,,,100.0,77.0,100.0,375.0,26,26,100,0,100,0,200,0,100.0,6953.0,100.0,44018844496.0,100.0,62516488700.0
2018-08-17,ZCH06W5P,ST12000NM0007,12000138625024,0,78,56317792,98,0,100,2,100,0,90,911282400,92,7040,100,0,100,1,,,,,100.0,0.0,100.0,0.0,,,74.0,26.0,,,100.0,77.0,100.0,376.0,26,26,100,0,100,0,200,0,100.0,6977.0,100.0,44077293824.0,100.0,62668594428.0
2018-08-18,ZCH06W5P,ST12000NM0007,12000138625024,0,79,77858504,98,0,100,2,100,0,90,914140751,92,7063,100,0,100,1,,,,,100.0,0.0,100.0,0.0,,,74.0,26.0,,,100.0,77.0,100.0,377.0,26,26,100,0,100,0,200,0,100.0,7000.0,100.0,44147326416.0,100.0,62864243284.0
2018-08-19,ZCH06W5P,ST12000NM0007,12000138625024,0,79,88086552,98,0,100,2,100,0,90,916766478,92,7088,100,0,100,1,,,,,100.0,0.0,100.0,0.0,,,74.0,26.0,,,100.0,77.0,100.0,378.0,26,26,100,0,100,0,200,0,100.0,7025.0,100.0,44233579064.0,100.0,63032359364.0
2018-08-20,ZCH06W5P,ST12000NM0007,12000138625024,0,80,101450912,98,0,100,2,100,0,90,919331329,92,7112,100,0,100,1,,,,,100.0,0.0,100.0,0.0,,,74.0,26.0,,,100.0,77.0,100.0,379.0,26,26,100,0,100,0,200,0,100.0,7048.0,100.0,44304831936.0,100.0,63218611532.0
2018-08-21,ZCH06W5P,ST12000NM0007,12000138625024,0,81,135307064,98,0,100,2,100,0,90,922428187,92,7135,100,0,100,1,,,,,100.0,0.0,100.0,0.0,,,74.0,26.0,,,100.0,78.0,100.0,380.0,26,26,100,0,100,0,200,0,100.0,7072.0,100.0,44376800920.0,100.0,63424639548.0
2018-08-22,ZCH06W5P,ST12000NM0007,12000138625024,0,82,157501552,98,0,100,2,100,0,90,924952846,92,7160,100,0,100,1,,,,,100.0,0.0,100.0,0.0,,,74.0,26.0,,,100.0,79.0,100.0,381.0,26,26,100,0,100,0,200,0,100.0,7096.0,100.0,44437532320.0,100.0,63630243284.0
2018-08-23,ZCH06W5P,ST12000NM0007,12000138625024,0,83,202348912,98,0,100,2,100,0,90,928151814,92,7184,100,0,100,1,,,,,100.0,0.0,100.0,0.0,,,74.0,26.0,,,100.0,79.0,100.0,382.0,26,26,100,0,100,0,200,0,100.0,7120.0,100.0,44505249344.0,100.0,63851514444.0
2018-08-24,ZCH06W5P,ST12000NM0007,12000138625024,0,84,231939392,98,0,100,2,100,0,90,930845068,92,7208,100,0,100,1,,,,,100.0,0.0,100.0,0.0,,,74.0,26.0,,,100.0,79.0,100.0,383.0,26,26,100,0,100,0,200,0,100.0,7144.0,100.0,44586784832.0,100.0,64043710156.0
2018-08-25,ZCH06W5P,ST12000NM0007,12000138625024,0,78,67857608,98,0,100,2,100,0,90,933916800,92,7232,100,0,100,1,,,,,100.0,0.0,100.0,0.0,,,74.0,26.0,,,100.0,79.0,100.0,384.0,26,26,100,0,100,0,200,0,100.0,7167.0,100.0,44687378336.0,100.0,64267316412.0
2018-08-26,ZCH06W5P,ST12000NM0007,12000138625024,0,80,102833832,98,0,100,2,100,0,90,936418640,92,7256,100,0,100,1,,,,,100.0,0.0,100.0,0.0,,,74.0,26.0,,,100.0,79.0,100.0,385.0,26,26,100,0,100,0,200,0,100.0,7192.0,100.0,44747275504.0,100.0,64486536276.0
2018-08-27,ZCH06W5P,ST12000NM0007,12000138625024,0,81,115656664,98,0,100,2,100,0,90,939063532,92,7280,100,0,100,1,,,,,100.0,0.0,100.0,0.0,,,74.0,26.0,,,100.0,79.0,100.0,386.0,26,26,100,0,100,0,200,0,100.0,7215.0,100.0,44804196896.0,100.0,64686578628.0
2018-08-28,ZCH06W5P,ST12000NM0007,12000138625024,0,83,183436504,98,0,100,2,100,0,90,942436083,92,7304,100,0,100,1,,,,,100.0,0.0,100.0,0.0,,,74.0,26.0,,,100.0,79.0,100.0,387.0,26,26,100,0,100,0,200,0,100.0,7240.0,100.0,44882606488.0,100.0,64920089548.0
2018-08-29,ZCH06W5P,ST12000NM0007,12000138625024,0,72,16078040,98,0,100,2,100,0,90,946378987,92,7328,100,0,100,1,,,,,100.0,0.0,100.0,0.0,,,73.0,27.0,,,100.0,80.0,100.0,388.0,27,27,100,0,100,0,200,0,100.0,7263.0,100.0,44965100656.0,100.0,65158518268.0
2018-08-30,ZCH06W5P,ST12000NM0007,12000138625024,0,70,10786888,98,0,100,2,100,0,90,949019645,92,7347,100,0,100,1,,,,,100.0,0.0,100.0,0.0,,,74.0,26.0,,,100.0,80.0,100.0,389.0,26,26,100,0,100,0,200,0,100.0,7282.0,100.0,45029733080.0,100.0,65332735452.0
2018-08-31,ZCH06W5P,ST12000NM0007,12000138625024,0,75,31888448,98,0,100,2,100,0,90,951757679,92,7371,100,0,100,1,,,,,100.0,0.0,100.0,0.0,,,74.0,26.0,,,100.0,80.0,100.0,390.0,26,26,100,0,100,0,200,0,100.0,7306.0,100.0,45098227600.0,100.0,65529483204.0
2018-09-01,ZCH06W5P,ST12000NM0007,12000138625024,0,73,20659088,98,0,100,2,100,0,90,954396656,92,7395,100,0,100,1,,,,,100.0,0.0,100.0,0.0,,,74.0,26.0,,,100.0,81.0,100.0,391.0,26,26,100,0,100,0,200,0,100.0,7330.0,100.0,45162565448.0,100.0,65698056828.0
2018-09-02,ZCH06W5P,ST12000NM0007,12000138625024,0,79,74333296,98,0,100,2,100,0,90,957450466,92,7419,100,0,100,1,,,,,100.0,0.0,100.0,0.0,,,74.0,26.0,,,100.0,81.0,100.0,392.0,26,26,100,0,100,0,200,0,100.0,7354.0,100.0,45246082144.0,100.0,65912355052.0
2018-09-03,ZCH06W5P,ST12000NM0007,12000138625024,0,77,54223008,98,0,100,2,100,0,90,960178254,92,7443,100,0,100,1,,,,,100.0,0.0,100.0,0.0,,,74.0,26.0,,,100.0,81.0,100.0,393.0,26,26,100,0,100,0,200,0,100.0,7378.0,100.0,45326996808.0,100.0,66055470764.0
2018-09-04,ZCH06W5P,ST12000NM0007,12000138625024,0,80,91673184,98,0,100,2,100,0,90,963463004,92,7467,100,0,100,1,,,,,100.0,0.0,100.0,0.0,,,74.0,26.0,,,100.0,82.0,100.0,394.0,26,26,100,0,100,0,200,0,100.0,7402.0,100.0,45398707128.0,100.0,66265351260.0
2018-09-05,ZCH06W5P,ST12000NM0007,12000138625024,0,81,129922416,98,0,100,2,100,0,90,966623987,92,7490,100,0,100,1,,,,,100.0,0.0,100.0,0.0,,,74.0,26.0,,,100.0,82.0,100.0,395.0,26,26,100,0,100,0,200,0,100.0,7425.0,100.0,45480699256.0,100.0,66465749020.0
2018-09-06,ZCH06W5P,ST12000NM0007,12000138625024,0,73,18716592,98,0,100,2,100,0,90,971250116,92,7519,100,0,100,1,,,,,100.0,0.0,100.0,0.0,,,73.0,27.0,,,100.0,82.0,100.0,396.0,27,27,100,0,100,0,200,0,100.0,7454.0,100.0,45600389928.0,100.0,66723134060.0
2018-09-07,ZCH06W5P,ST12000NM0007,12000138625024,0,84,229332136,98,0,100,2,100,0,90,973981707,92,7543,100,0,100,1,,,,,100.0,0.0,100.0,0.0,,,74.0,26.0,,,100.0,83.0,100.0,397.0,26,26,100,0,100,0,200,0,100.0,7478.0,100.0,45684808560.0,100.0,66849330972.0
2018-09-08,ZCH06W5P,ST12000NM0007,12000138625024,0,83,217102736,98,0,100,2,100,0,90,976804024,92,7568,100,0,100,1,,,,,100.0,0.0,100.0,0.0,,,74.0,26.0,,,100.0,83.0,100.0,398.0,26,26,100,0,100,0,200,0,100.0,7503.0,100.0,45758385280.0,100.0,67007665484.0
2018-09-09,ZCH06W5P,ST12000NM0007,12000138625024,0,75,30667720,98,0,100,2,100,0,90,979875543,92,7592,100,0,100,1,,,,,100.0,0.0,100.0,0.0,,,74.0,26.0,,,100.0,84.0,100.0,399.0,26,26,100,0,100,0,200,0,100.0,7527.0,100.0,45839699264.0,100.0,67228197820.0
2018-09-10,ZCH06W5P,ST12000NM0007,12000138625024,0,78,64379792,98,0,100,2,100,0,90,982552731,92,7615,100,0,100,1,,,,,100.0,0.0,100.0,0.0,,,74.0,26.0,,,100.0,84.0,100.0,400.0,26,26,100,0,100,0,200,0,100.0,7550.0,100.0,45910813096.0,100.0,67434936836.0
2018-09-11,ZCH06W5P,ST12000NM0007,12000138625024,0,80,90815680,98,0,100,2,100,0,90,985569841,92,7636,100,0,100,1,,,,,100.0,0.0,100.0,0.0,,,73.0,27.0,,,100.0,84.0,100.0,401.0,27,27,100,0,100,0,200,0,100.0,7570.0,100.0,45973204584.0,100.0,67643121940.0
2018-09-12,ZCH06W5P,ST12000NM0007,12000138625024,0,81,122021248,98,0,100,2,100,0,90,988478930,92,7660,100,0,100,1,,,,,100.0,0.0,100.0,0.0,,,73.0,27.0,,,100.0,84.0,100.0,402.0,27,27,100,0,100,0,200,0,100.0,7594.0,100.0,46033752296.0,100.0,67857920564.0
2018-09-13,ZCH06W5P,ST12000NM0007,12000138625024,0,83,197368424,98,0,100,2,100,0,90,992215062,92,7686,100,0,100,1,,,,,100.0,0.0,100.0,0.0,,,74.0,26.0,,,100.0,84.0,100.0,404.0,26,26,100,0,100,0,200,0,100.0,7620.0,100.0,46135593944.0,100.0,68075566732.0
2018-09-14,ZCH06W5P,ST12000NM0007,12000138625024,0,84,242048080,98,0,100,2,100,0,90,995339546,92,7709,100,0,100,1,,,,,100.0,0.0,100.0,0.0,,,69.0,31.0,,,100.0,84.0,100.0,405.0,31,31,100,0,100,0,200,0,100.0,7642.0,100.0,46222997272.0,100.0,68276983996.0
2018-09-15,ZCH06W5P,ST12000NM0007,12000138625024,0,74,24273896,98,0,100,2,100,0,90,998008192,92,7733,100,0,100,1,,,,,100.0,0.0,100.0,0.0,,,70.0,30.0,,,100.0,84.0,100.0,406.0,30,30,100,0,100,0,200,0,100.0,7667.0,100.0,46292520104.0,100.0,68477986956.0
2018-09-16,ZCH06W5P,ST12000NM0007,12000138625024,0,76,40335816,98,0,100,2,100,0,90,759473,92,7758,100,0,100,1,,,,,100.0,0.0,100.0,0.0,,,69.0,31.0,,,100.0,84.0,100.0,407.0,31,31,100,0,100,0,200,0,100.0,7691.0,100.0,46362752200.0,100.0,68667957628.0
2018-09-17,ZCH06W5P,ST12000NM0007,12000138625024,0,82,164008176,97,0,100,3,100,0,67,5324836,92,7786,100,0,100,2,,,,,100.0,0.0,100.0,0.0,,,69.0,31.0,,,100.0,85.0,100.0,409.0,31,31,100,0,100,0,200,0,100.0,7718.0,100.0,46481764064.0,100.0,68916758774.0
2018-09-18,ZCH06W5P,ST12000NM0007,12000138625024,0,82,141384152,97,0,100,3,100,0,69,7661677,92,7802,100,0,100,2,,,,,100.0,0.0,100.0,0.0,,,72.0,28.0,,,100.0,85.0,100.0,410.0,28,28,100,0,100,0,200,0,100.0,7735.0,100.0,46524032072.0,100.0,69096007374.0
2018-09-19,ZCH06W5P,ST12000NM0007,12000138625024,0,84,237884968,96,0,100,4,100,0,70,10629017,92,7827,100,0,100,3,,,,,100.0,0.0,100.0,0.0,,,72.0,28.0,,,100.0,85.0,100.0,411.0,28,28,100,0,100,0,200,0,100.0,7759.0,100.0,46586358104.0,100.0,69374323064.0
2018-09-20,ZCH06W5P,ST12000NM0007,12000138625024,0,75,30566920,96,0,100,4,100,0,71,13739814,92,7851,100,0,100,3,,,,,100.0,0.0,100.0,0.0,,,72.0,28.0,,,100.0,86.0,100.0,412.0,28,28,100,0,100,0,200,0,100.0,7784.0,100.0,46660899464.0,100.0,69580745408.0
2018-09-21,ZCH06W5P,ST12000NM0007,12000138625024,0,77,44863960,96,0,100,4,100,0,72,16212656,92,7874,100,0,100,3,,,,,100.0,0.0,100.0,0.0,,,72.0,28.0,,,100.0,86.0,100.0,413.0,28,28,100,0,100,0,200,0,100.0,7807.0,100.0,46739306432.0,100.0,69760776616.0
2018-09-22,ZCH06W5P,ST12000NM0007,12000138625024,0,77,56172536,96,0,100,4,100,0,73,18603113,91,7898,100,0,100,3,,,,,100.0,0.0,100.0,0.0,,,72.0,28.0,,,100.0,86.0,100.0,414.0,28,28,100,0,100,0,200,0,100.0,7831.0,100.0,46809086936.0,100.0,69946445368.0
2018-09-23,ZCH06W5P,ST12000NM0007,12000138625024,0,83,215803896,96,0,100,4,100,0,73,21961013,91,7922,100,0,100,3,,,,,100.0,0.0,100.0,0.0,,,72.0,28.0,,,100.0,86.0,100.0,415.0,28,28,100,0,100,0,200,0,100.0,7855.0,100.0,46872283904.0,100.0,70287020768.0
2018-09-24,ZCH06W5P,ST12000NM0007,12000138625024,0,84,232516272,96,0,100,4,100,0,74,24537739,91,7946,100,0,100,3,,,,,100.0,0.0,100.0,0.0,,,71.0,29.0,,,100.0,86.0,100.0,416.0,29,29,100,0,100,0,200,0,100.0,7879.0,100.0,46956861392.0,100.0,70463296296.0
2018-09-25,ZCH06W5P,ST12000NM0007,12000138625024,0,75,29681888,96,0,100,4,100,0,74,27800763,91,7971,100,0,100,3,,,,,100.0,0.0,100.0,0.0,,,72.0,28.0,,,100.0,87.0,100.0,418.0,28,28,100,0,100,0,200,0,100.0,7903.0,100.0,47050846784.0,100.0,70654757784.0
2018-09-26,ZCH06W5P,ST12000NM0007,12000138625024,0,77,44756016,96,0,100,4,100,0,75,30690240,91,7995,100,0,100,3,,,,,100.0,0.0,100.0,0.0,,,71.0,29.0,,,100.0,87.0,100.0,418.0,29,29,100,0,100,0,200,0,100.0,7927.0,100.0,47155945528.0,100.0,70808873848.0
2018-09-27,ZCH06W5P,ST12000NM0007,12000138625024,0,77,54744424,96,0,100,4,100,0,75,33766030,91,8019,100,0,100,3,,,,,100.0,0.0,100.0,0.0,,,71.0,29.0,,,100.0,87.0,100.0,419.0,29,29,100,0,100,0,200,0,100.0,7951.0,100.0,47249235408.0,100.0,70969713144.0
2018-09-28,ZCH06W5P,ST12000NM0007,12000138625024,0,79,83225712,96,0,100,4,100,0,76,36962338,91,8043,100,0,100,3,,,,,100.0,0.0,100.0,0.0,,,72.0,28.0,,,100.0,88.0,100.0,421.0,28,28,100,0,100,0,200,0,100.0,7975.0,100.0,47345318704.0,100.0,71146251800.0
2018-09-29,ZCH06W5P,ST12000NM0007,12000138625024,0,78,63979336,96,0,100,4,100,0,76,39465130,91,8066,100,0,100,3,,,,,100.0,0.0,100.0,0.0,,,72.0,28.0,,,100.0,88.0,100.0,421.0,28,28,100,0,100,0,200,0,100.0,7998.0,100.0,47418321952.0,100.0,71298142808.0
2018-09-30,ZCH06W5P,ST12000NM0007,12000138625024,0,79,78535520,96,0,100,4,100,0,76,42233048,91,8091,100,0,100,3,,,,,100.0,0.0,100.0,0.0,,,71.0,29.0,,,100.0,88.0,100.0,423.0,29,29,100,0,100,0,200,0,100.0,8023.0,100.0,47503834288.0,100.0,71471327288.0
2018-10-01,ZCH06W5P,ST12000NM0007,12000138625024,0,79,78224072,96,0,100,4,100,0,77,44986022,91,8116,100,0,100,3,,,,,100.0,0.0,100.0,0.0,,,72.0,28.0,,,100.0,88.0,100.0,424.0,28,28,100,0,100,0,200,0,100.0,8047.0,100.0,47586543160.0,100.0,71632447600.0
2018-10-02,ZCH06W5P,ST12000NM0007,12000138625024,0,81,129736280,96,0,100,4,100,0,77,48467222,91,8139,100,0,100,3,,,,,100.0,0.0,100.0,0.0,,,71.0,29.0,,,100.0,88.0,100.0,425.0,29,29,100,0,100,0,200,0,100.0,8071.0,100.0,47689533096.0,100.0,71825110744.0
2018-10-03,ZCH06W5P,ST12000NM0007,12000138625024,0,83,182441240,96,0,100,4,100,0,77,52673858,91,8164,100,0,100,3,,,,,100.0,0.0,100.0,0.0,,,72.0,28.0,,,100.0,89.0,100.0,426.0,28,28,100,0,100,0,200,0,100.0,8095.0,100.0,47782389480.0,100.0,72029100104.0
2018-10-04,ZCH06W5P,ST12000NM0007,12000138625024,0,83.0,206736480.0,96.0,0.0,100.0,4.0,100.0,0.0,77.0,56009225.0,91.0,8187.0,100.0,0.0,100.0,3.0,,,,,100.0,0.0,100.0,0.0,,,71.0,29.0,,,100.0,90.0,100.0,427.0,29.0,29.0,100.0,0.0,100.0,0.0,200.0,0.0,100.0,8118.0,100.0,47870504672.0,100.0,72209420824.0
2018-10-05,ZCH06W5P,ST12000NM0007,12000138625024,0,100,671936,96,0,100,4,100,0,78,58998738,91,8212,100,0,100,3,,,,,100.0,0.0,100.0,0.0,,,72.0,28.0,,,100.0,91.0,100.0,428.0,28,28,100,0,100,0,200,0,100.0,8143.0,100.0,47952507424.0,100.0,72409634928.0
2018-10-06,ZCH06W5P,ST12000NM0007,12000138625024,0,100,519864,96,0,100,4,100,0,78,61665000,91,8235,100,0,100,3,,,,,100.0,0.0,100.0,0.0,,,71.0,29.0,,,100.0,91.0,100.0,429.0,29,29,100,0,100,0,200,0,100.0,8166.0,100.0,48030658480.0,100.0,72575472904.0
2018-10-07,ZCH06W5P,ST12000NM0007,12000138625024,0,76,37007552,96,0,100,4,100,0,78,64552973,91,8259,100,0,100,3,,,,,100.0,0.0,100.0,0.0,,,72.0,28.0,,,100.0,91.0,100.0,430.0,28,28,100,0,100,0,200,0,100.0,8190.0,100.0,48118753336.0,100.0,72768006432.0
2018-10-08,ZCH06W5P,ST12000NM0007,12000138625024,0,81,126793736,96,0,100,4,100,0,78,67700906,91,8284,100,0,100,3,,,,,100.0,0.0,100.0,0.0,,,71.0,29.0,,,100.0,92.0,100.0,431.0,29,29,100,0,100,0,200,0,100.0,8215.0,100.0,48232065656.0,100.0,72988621192.0
2018-10-09,ZCH06W5P,ST12000NM0007,12000138625024,0,82.0,153594352.0,96.0,0.0,100.0,4.0,100.0,0.0,79.0,70868534.0,91.0,8307.0,100.0,0.0,100.0,3.0,,,,,100.0,0.0,100.0,0.0,,,72.0,28.0,,,100.0,92.0,100.0,432.0,28.0,28.0,100.0,0.0,100.0,0.0,200.0,0.0,100.0,8238.0,100.0,48308958864.0,100.0,73182669368.0
2018-10-10,ZCH06W5P,ST12000NM0007,12000138625024,0,82,170365152,96,0,100,4,100,0,79,73632710,91,8331,100,0,100,3,,,,,100.0,0.0,100.0,0.0,,,70.0,30.0,,,100.0,93.0,100.0,433.0,30,30,100,0,100,0,200,0,100.0,8262.0,100.0,48392762712.0,100.0,73359776992.0
2018-10-11,ZCH06W5P,ST12000NM0007,12000138625024,0,83,220655264,96,0,100,4,100,0,79,77170316,91,8355,100,0,100,3,,,,,100.0,0.0,100.0,0.0,,,70.0,30.0,,,100.0,93.0,100.0,434.0,30,30,100,0,100,0,200,0,100.0,8286.0,100.0,48490049136.0,100.0,73556921464.0
2018-10-12,ZCH06W5P,ST12000NM0007,12000138625024,0,77,49069696,96,0,100,4,100,0,79,80289848,91,8379,100,0,100,3,,,,,100.0,0.0,100.0,0.0,,,71.0,29.0,,,100.0,93.0,100.0,435.0,29,29,100,0,100,0,200,0,100.0,8310.0,100.0,48600468200.0,100.0,73763198328.0
2018-10-13,ZCH06W5P,ST12000NM0007,12000138625024,0,78,59564272,96,0,100,4,100,0,79,82983180,91,8403,100,0,100,3,,,,,100.0,0.0,100.0,0.0,,,71.0,29.0,,,100.0,94.0,100.0,436.0,29,29,100,0,100,0,200,0,100.0,8333.0,100.0,48666930992.0,100.0,73951370744.0
2018-10-14,ZCH06W5P,ST12000NM0007,12000138625024,0,79,84704896,96,0,100,4,100,0,79,85906106,91,8428,100,0,100,3,,,,,100.0,0.0,100.0,0.0,,,71.0,29.0,,,100.0,94.0,100.0,437.0,29,29,100,0,100,0,200,0,100.0,8358.0,100.0,48742531712.0,100.0,74145051360.0
2018-10-15,ZCH06W5P,ST12000NM0007,12000138625024,0,81,121627048,96,0,100,4,100,0,79,88975824,91,8451,100,0,100,3,,,,,100.0,0.0,100.0,0.0,,,71.0,29.0,,,100.0,94.0,100.0,438.0,29,29,100,0,100,0,200,0,100.0,8381.0,100.0,48842169440.0,100.0,74326476432.0
2018-10-16,ZCH06W5P,ST12000NM0007,12000138625024,0,84,229718960,96,0,100,4,100,0,80,93032945,91,8476,100,0,100,3,,,,,100.0,0.0,100.0,0.0,,,71.0,29.0,,,100.0,95.0,100.0,439.0,29,29,100,0,100,0,200,0,100.0,8406.0,100.0,48972485336.0,100.0,74548393352.0
2018-10-17,ZCH06W5P,ST12000NM0007,12000138625024,0,78,58587992,96,0,100,4,100,0,80,97256929,91,8499,100,0,100,3,,,,,100.0,0.0,100.0,0.0,,,71.0,29.0,,,100.0,95.0,100.0,440.0,29,29,100,0,100,0,200,0,100.0,8429.0,100.0,49087918344.0,100.0,74750110728.0
2018-10-18,ZCH06W5P,ST12000NM0007,12000138625024,0,82,150873000,96,0,100,4,100,0,80,101098920,91,8526,100,0,100,3,,,,,100.0,0.0,100.0,0.0,,,70.0,30.0,,,100.0,95.0,100.0,441.0,30,30,100,0,100,0,200,0,100.0,8456.0,100.0,49199920032.0,100.0,74974534768.0
2018-10-19,ZCH06W5P,ST12000NM0007,12000138625024,0,82,160472152,96,0,100,4,100,0,80,103667023,91,8550,100,0,100,3,,,,,100.0,0.0,100.0,0.0,,,71.0,29.0,,,100.0,95.0,100.0,442.0,29,29,100,0,100,0,200,0,100.0,8480.0,100.0,49275033536.0,100.0,75153161224.0
2018-10-20,ZCH06W5P,ST12000NM0007,12000138625024,0,83,217347920,96,0,100,4,100,0,80,106791310,91,8575,100,0,100,3,,,,,100.0,0.0,100.0,0.0,,,70.0,30.0,,,100.0,95.0,100.0,443.0,30,30,100,0,100,0,200,0,100.0,8504.0,100.0,49361557896.0,100.0,75367653272.0
2018-10-21,ZCH06W5P,ST12000NM0007,12000138625024,0,83,223558888,96,0,100,4,100,0,80,109614362,91,8598,100,0,100,3,,,,,100.0,0.0,100.0,0.0,,,71.0,29.0,,,100.0,95.0,100.0,444.0,29,29,100,0,100,0,200,0,100.0,8527.0,100.0,49447673752.0,100.0,75531889376.0
2018-10-22,ZCH06W5P,ST12000NM0007,12000138625024,0,75,31665368,96,0,100,4,100,0,81,112660827,91,8622,100,0,100,3,,,,,100.0,0.0,100.0,0.0,,,70.0,30.0,,,100.0,95.0,100.0,445.0,30,30,100,0,100,0,200,0,100.0,8552.0,100.0,49534132704.0,100.0,75741818296.0
2018-10-23,ZCH06W5P,ST12000NM0007,12000138625024,0,81,137638096,96,0,100,4,100,0,81,116648765,91,8646,100,0,100,3,,,,,100.0,0.0,100.0,0.0,,,70.0,30.0,,,100.0,95.0,100.0,446.0,30,30,100,0,100,0,200,0,100.0,8575.0,100.0,49642126040.0,100.0,75983938352.0
2018-10-25,ZCH06W5P,ST12000NM0007,12000138625024,0,83,222154856,96,0,100,4,100,0,81,123043667,91,8692,100,0,100,3,,,,,100.0,0.0,100.0,0.0,,,70.0,30.0,,,100.0,95.0,100.0,448.0,30,30,100,0,100,0,200,0,100.0,8622.0,100.0,49824143368.0,100.0,76374719208.0
2018-10-26,ZCH06W5P,ST12000NM0007,12000138625024,0,74,23660328,96,0,100,4,100,0,81,126000149,91,8717,100,0,100,3,,,,,100.0,0.0,100.0,0.0,,,70.0,30.0,,,100.0,95.0,100.0,449.0,30,30,100,0,100,0,200,0,100.0,8647.0,100.0,49909138736.0,100.0,76579510720.0
2018-10-27,ZCH06W5P,ST12000NM0007,12000138625024,0,78,64508856,96,0,100,4,100,0,81,128936539,91,8741,100,0,100,3,,,,,100.0,0.0,100.0,0.0,,,70.0,30.0,,,100.0,95.0,100.0,450.0,30,30,100,0,100,0,200,0,100.0,8671.0,100.0,50009800168.0,100.0,76763838592.0
2018-10-28,ZCH06W5P,ST12000NM0007,12000138625024,0,80,90685176,96,0,100,4,100,0,81,131648098,90,8765,100,0,100,3,,,,,100.0,0.0,100.0,0.0,,,70.0,30.0,,,100.0,95.0,100.0,451.0,30,30,100,0,100,0,200,0,100.0,8694.0,100.0,50081457304.0,100.0,76962498424.0
2018-10-29,ZCH06W5P,ST12000NM0007,12000138625024,0,80,108546672,96,0,100,4,100,0,81,134379492,90,8789,100,0,100,3,,,,,100.0,0.0,100.0,0.0,,,70.0,30.0,,,100.0,96.0,100.0,452.0,30,30,100,0,100,0,200,0,100.0,8718.0,100.0,50161175432.0,100.0,77144782448.0
2018-10-30,ZCH06W5P,ST12000NM0007,12000138625024,0,83,203872144,96,0,100,4,100,0,81,138238220,90,8814,100,0,100,3,,,,,100.0,0.0,100.0,0.0,,,70.0,30.0,,,100.0,96.0,100.0,453.0,30,30,100,0,100,0,200,0,100.0,8742.0,100.0,50259492640.0,100.0,77385931344.0
2018-10-31,ZCH06W5P,ST12000NM0007,12000138625024,0,84,233925168,96.0,0.0,100.0,4.0,100.0,0.0,81.0,141081061.0,90,8837,100.0,0.0,100,3,,,,,100.0,0.0,100.0,0.0,,,70.0,30.0,,,100.0,97.0,100.0,454.0,30,30,100.0,0.0,100.0,0.0,200.0,0.0,100.0,8766.0,100.0,50336953136.0,100.0,77582664592.0
2018-11-01,ZCH06W5P,ST12000NM0007,12000138625024,0,79,88724768,96.0,0.0,100.0,4.0,100.0,0.0,82.0,145978613.0,90,8858,100.0,0.0,100,3,,,,,100.0,0.0,100.0,0.0,,,69.0,31.0,,,100.0,97.0,100.0,455.0,31,31,100.0,0.0,100.0,0.0,200.0,0.0,100.0,8787.0,100.0,50436701288.0,100.0,77825997528.0
2018-11-02,ZCH06W5P,ST12000NM0007,12000138625024,0,82,159256104,96.0,0.0,100.0,4.0,100.0,0.0,82.0,149179466.0,90,8882,100.0,0.0,100,3,,,,,100.0,0.0,100.0,0.0,,,69.0,31.0,,,100.0,97.0,100.0,456.0,31,31,100.0,0.0,100.0,0.0,200.0,0.0,100.0,8811.0,100.0,50540428048.0,100.0,78036942888.0
2018-11-03,ZCH06W5P,ST12000NM0007,12000138625024,0,83,207443384,96.0,0.0,100.0,4.0,100.0,0.0,82.0,152073347.0,90,8906,100.0,0.0,100,3,,,,,100.0,0.0,100.0,0.0,,,70.0,30.0,,,100.0,98.0,100.0,457.0,30,30,100.0,0.0,100.0,0.0,200.0,0.0,100.0,8834.0,100.0,50616709384.0,100.0,78252989512.0
2018-11-04,ZCH06W5P,ST12000NM0007,12000138625024,0,68,6989112,96.0,0.0,100.0,4.0,100.0,0.0,82.0,154954541.0,90,8930,100.0,0.0,100,3,,,,,100.0,0.0,100.0,0.0,,,70.0,30.0,,,100.0,99.0,100.0,458.0,30,30,100.0,0.0,100.0,0.0,200.0,0.0,100.0,8858.0,100.0,50700826464.0,100.0,78456699464.0
2018-11-05,ZCH06W5P,ST12000NM0007,12000138625024,0,78,69130520,96.0,0.0,100.0,4.0,100.0,0.0,82.0,158023382.0,90,8954,100.0,0.0,100,3,,,,,100.0,0.0,100.0,0.0,,,70.0,30.0,,,100.0,100.0,100.0,459.0,30,30,100.0,0.0,100.0,0.0,200.0,0.0,100.0,8882.0,100.0,50798861488.0,100.0,78664946608.0
2018-11-06,ZCH06W5P,ST12000NM0007,12000138625024,0,82.0,147275648.0,96.0,0.0,100.0,4.0,100.0,0.0,82.0,161780430.0,90.0,8978.0,100.0,0.0,100.0,3.0,,,,,100.0,0.0,100.0,0.0,,,70.0,30.0,,,100.0,100.0,100.0,460.0,30.0,30.0,100.0,0.0,100.0,0.0,200.0,0.0,100.0,8906.0,100.0,50882824264.0,100.0,78903269592.0
2018-11-07,ZCH06W5P,ST12000NM0007,12000138625024,0,83.0,219502928.0,96.0,0.0,100.0,4.0,100.0,0.0,82.0,164975629.0,90.0,9003.0,100.0,0.0,100.0,3.0,,,,,100.0,0.0,100.0,0.0,,,70.0,30.0,,,100.0,101.0,100.0,461.0,30.0,30.0,100.0,0.0,100.0,0.0,200.0,0.0,100.0,8931.0,100.0,50978206160.0,100.0,79124255688.0
2018-11-08,ZCH06W5P,ST12000NM0007,12000138625024,0,79.0,82225792.0,96.0,0.0,100.0,4.0,100.0,0.0,82.0,169358598.0,90.0,9032.0,100.0,0.0,100.0,3.0,,,,,100.0,0.0,100.0,0.0,,,71.0,29.0,,,100.0,102.0,100.0,463.0,29.0,29.0,100.0,0.0,100.0,0.0,200.0,0.0,100.0,8959.0,100.0,51104472896.0,100.0,79348993096.0
2018-11-09,ZCH06W5P,ST12000NM0007,12000138625024,0,80,103147688,96.0,0.0,100.0,4.0,100.0,0.0,82.0,172251285.0,90,9056,100.0,0.0,100,3,,,,,100.0,0.0,100.0,0.0,,,71.0,29.0,,,100.0,103.0,100.0,464.0,29,29,100.0,0.0,100.0,0.0,200.0,0.0,100.0,8984.0,100.0,51187253632.0,100.0,79531275000.0
2018-11-10,ZCH06W5P,ST12000NM0007,12000138625024,0,82,160964232,96.0,0.0,100.0,4.0,100.0,0.0,82.0,175183944.0,90,9079,100.0,0.0,100,3,,,,,100.0,0.0,100.0,0.0,,,71.0,29.0,,,100.0,104.0,100.0,465.0,29,29,100.0,0.0,100.0,0.0,200.0,0.0,100.0,9007.0,100.0,51259483608.0,100.0,79761002320.0
2018-11-11,ZCH06W5P,ST12000NM0007,12000138625024,0,84,225415336,96.0,0.0,100.0,4.0,100.0,0.0,83.0,178196355.0,90,9104,100.0,0.0,100,3,,,,,100.0,0.0,100.0,0.0,,,71.0,29.0,,,100.0,104.0,100.0,466.0,29,29,100.0,0.0,100.0,0.0,200.0,0.0,100.0,9032.0,100.0,51327835528.0,100.0,80001242272.0
2018-11-12,ZCH06W5P,ST12000NM0007,12000138625024,0,73,18873864,96.0,0.0,100.0,4.0,100.0,0.0,83.0,180935139.0,90,9127,100.0,0.0,100,3,,,,,100.0,0.0,100.0,0.0,,,71.0,29.0,,,100.0,104.0,100.0,467.0,29,29,100.0,0.0,100.0,0.0,200.0,0.0,100.0,9055.0,100.0,51407628368.0,100.0,80203189416.0
2018-11-13,ZCH06W5P,ST12000NM0007,12000138625024,0,80,99058048,96.0,0.0,100.0,4.0,100.0,0.0,83.0,184571567.0,90,9152,100.0,0.0,100,3,,,,,100.0,0.0,100.0,0.0,,,71.0,29.0,,,100.0,105.0,100.0,468.0,29,29,100.0,0.0,100.0,0.0,200.0,0.0,100.0,9079.0,100.0,51502244376.0,100.0,80432898528.0
2018-11-14,ZCH06W5P,ST12000NM0007,12000138625024,0,82,168674016,96.0,0.0,100.0,4.0,100.0,0.0,83.0,187718576.0,90,9176,100.0,0.0,100,3,,,,,100.0,0.0,100.0,0.0,,,70.0,30.0,,,100.0,106.0,100.0,469.0,30,30,100.0,0.0,100.0,0.0,200.0,0.0,100.0,9103.0,100.0,51608339064.0,100.0,80640560584.0
2018-11-15,ZCH06W5P,ST12000NM0007,12000138625024,0,83,208485312,96.0,0.0,100.0,4.0,100.0,0.0,83.0,191207039.0,90,9199,100.0,0.0,100,3,,,,,100.0,0.0,100.0,0.0,,,70.0,30.0,,,100.0,107.0,100.0,470.0,30,30,100.0,0.0,100.0,0.0,200.0,0.0,100.0,9127.0,100.0,51693783336.0,100.0,80839068336.0
2018-11-16,ZCH06W5P,ST12000NM0007,12000138625024,0,76,42131992,96.0,0.0,100.0,4.0,100.0,0.0,83.0,194165286.0,90,9224,100.0,0.0,100,3,,,,,100.0,0.0,100.0,0.0,,,71.0,29.0,,,100.0,108.0,100.0,471.0,29,29,100.0,0.0,100.0,0.0,200.0,0.0,100.0,9151.0,100.0,51791709952.0,100.0,81063070024.0
2018-11-17,ZCH06W5P,ST12000NM0007,12000138625024,0,79.0,79367560.0,96.0,0.0,100.0,4.0,100.0,0.0,83.0,198089869.0,90.0,9248.0,100.0,0.0,100.0,3.0,,,,,100.0,0.0,100.0,0.0,,,70.0,30.0,,,100.0,108.0,100.0,472.0,30.0,30.0,100.0,0.0,100.0,0.0,200.0,0.0,100.0,9176.0,100.0,51855004120.0,100.0,81281152064.0
2018-11-18,ZCH06W5P,ST12000NM0007,12000138625024,0,80,90371712,96.0,0.0,100.0,4.0,100.0,0.0,83.0,200561578.0,90,9272,100.0,0.0,100,3,,,,,100.0,0.0,100.0,0.0,,,70.0,30.0,,,100.0,109.0,100.0,473.0,30,30,100.0,0.0,100.0,0.0,200.0,0.0,100.0,9199.0,100.0,51912344424.0,100.0,81478956712.0
2018-11-19,ZCH06W5P,ST12000NM0007,12000138625024,0,80,102984672,96.0,0.0,100.0,4.0,100.0,0.0,83.0,204511972.0,90,9296,100.0,0.0,100,3,,,,,100.0,0.0,100.0,0.0,,,70.0,30.0,,,100.0,110.0,100.0,474.0,30,30,100.0,0.0,100.0,0.0,200.0,0.0,100.0,9223.0,100.0,51977921000.0,100.0,81670133976.0
2018-11-20,ZCH06W5P,ST12000NM0007,12000138625024,0,82,152050440,96.0,0.0,100.0,4.0,100.0,0.0,83.0,207920280.0,90,9320,100.0,0.0,100,3,,,,,100.0,0.0,100.0,0.0,,,70.0,30.0,,,100.0,110.0,100.0,475.0,30,30,100.0,0.0,100.0,0.0,200.0,0.0,100.0,9247.0,100.0,52047840104.0,100.0,81893421360.0
2018-11-21,ZCH06W5P,ST12000NM0007,12000138625024,0,83,183822072,96.0,0.0,100.0,4.0,100.0,0.0,83.0,210769209.0,90,9343,100.0,0.0,100,3,,,,,100.0,0.0,100.0,0.0,,,70.0,30.0,,,100.0,110.0,100.0,476.0,30,30,100.0,0.0,100.0,0.0,200.0,0.0,100.0,9270.0,100.0,52127188496.0,100.0,82089985344.0
2018-11-22,ZCH06W5P,ST12000NM0007,12000138625024,0,73,21011272,96.0,0.0,100.0,4.0,100.0,0.0,83.0,214826633.0,90,9370,100.0,0.0,100,3,,,,,100.0,0.0,100.0,0.0,,,67.0,33.0,,,100.0,111.0,100.0,477.0,33,33,100.0,0.0,100.0,0.0,200.0,0.0,100.0,9297.0,100.0,52217356504.0,100.0,82325288128.0
2018-11-23,ZCH06W5P,ST12000NM0007,12000138625024,0,74,23250024,96.0,0.0,100.0,4.0,100.0,0.0,83.0,217277029.0,90,9394,100.0,0.0,100,3,,,,,100.0,0.0,100.0,0.0,,,68.0,32.0,,,100.0,111.0,100.0,478.0,32,32,100.0,0.0,100.0,0.0,200.0,0.0,100.0,9320.0,100.0,52281836528.0,100.0,82507187488.0
2018-11-24,ZCH06W5P,ST12000NM0007,12000138625024,0,75,28362184,96.0,0.0,100.0,4.0,100.0,0.0,83.0,219864381.0,90,9418,100.0,0.0,100,3,,,,,100.0,0.0,100.0,0.0,,,68.0,32.0,,,100.0,111.0,100.0,479.0,32,32,100.0,0.0,100.0,0.0,200.0,0.0,100.0,9344.0,100.0,52351685296.0,100.0,82686591560.0
2018-11-25,ZCH06W5P,ST12000NM0007,12000138625024,0,79,74700816,96.0,0.0,100.0,4.0,100.0,0.0,83.0,222544758.0,90,9442,100.0,0.0,100,3,,,,,100.0,0.0,100.0,0.0,,,68.0,32.0,,,100.0,111.0,100.0,480.0,32,32,100.0,0.0,100.0,0.0,200.0,0.0,100.0,9368.0,100.0,52431974048.0,100.0,82896782312.0
2018-11-26,ZCH06W5P,ST12000NM0007,12000138625024,0,80,89514272,96.0,0.0,100.0,4.0,100.0,0.0,84.0,225071481.0,90,9466,100.0,0.0,100,3,,,,,100.0,0.0,100.0,0.0,,,68.0,32.0,,,100.0,111.0,100.0,481.0,32,32,100.0,0.0,100.0,0.0,200.0,0.0,100.0,9392.0,100.0,52494405344.0,100.0,83093305120.0
2018-11-27,ZCH06W5P,ST12000NM0007,12000138625024,0,81,137499752,96.0,0.0,100.0,4.0,100.0,0.0,84.0,228621978.0,90,9490,100.0,0.0,100,3,,,,,100.0,0.0,100.0,0.0,,,68.0,32.0,,,100.0,112.0,100.0,482.0,32,32,100.0,0.0,100.0,0.0,200.0,0.0,100.0,9416.0,100.0,52571640808.0,100.0,83308195872.0
2018-11-28,ZCH06W5P,ST12000NM0007,12000138625024,0,82,158254392,96.0,0.0,100.0,4.0,100.0,0.0,84.0,231397758.0,90,9514,100.0,0.0,100,3,,,,,100.0,0.0,100.0,0.0,,,68.0,32.0,,,100.0,112.0,100.0,483.0,32,32,100.0,0.0,100.0,0.0,200.0,0.0,100.0,9440.0,100.0,52639793616.0,100.0,83504938656.0
2018-11-29,ZCH06W5P,ST12000NM0007,12000138625024,0,83,194145736,96.0,0.0,100.0,4.0,100.0,0.0,84.0,234781242.0,90,9538,100.0,0.0,100,3,,,,,100.0,0.0,100.0,0.0,,,71.0,29.0,,,100.0,112.0,100.0,484.0,29,29,100.0,0.0,100.0,0.0,200.0,0.0,100.0,9465.0,100.0,52705895736.0,100.0,83718868960.0
2018-11-30,ZCH06W5P,ST12000NM0007,12000138625024,0,83,202994680,96.0,0.0,100.0,4.0,100.0,0.0,84.0,238269687.0,90,9562,100.0,0.0,100,3,,,,,100.0,0.0,100.0,0.0,,,71.0,29.0,,,100.0,112.0,100.0,485.0,29,29,100.0,0.0,100.0,0.0,200.0,0.0,100.0,9488.0,100.0,52769325224.0,100.0,83908429048.0
2018-12-01,ZCH06W5P,ST12000NM0007,12000138625024,0,84,225659144,96.0,0.0,100.0,4.0,100.0,0.0,84.0,240929234.0,90,9585,100.0,0.0,100,3,,,,,100.0,0.0,100.0,0.0,,,72.0,28.0,,,100.0,112.0,100.0,486.0,28,28,100.0,0.0,100.0,0.0,200.0,0.0,100.0,9511.0,100.0,52851094680.0,100.0,84093464752.0
2018-12-02,ZCH06W5P,ST12000NM0007,12000138625024,0,83,206515088,96.0,0.0,100.0,4.0,100.0,0.0,84.0,243218904.0,90,9610,100.0,0.0,100,3,,,,,100.0,0.0,100.0,0.0,,,72.0,28.0,,,100.0,113.0,100.0,487.0,28,28,100.0,0.0,100.0,0.0,200.0,0.0,100.0,9536.0,100.0,52913032232.0,100.0,84256523816.0
2018-12-03,ZCH06W5P,ST12000NM0007,12000138625024,0,83,209122592,96.0,0.0,100.0,4.0,100.0,0.0,84.0,245795495.0,90,9634,100.0,0.0,100,3,,,,,100.0,0.0,100.0,0.0,,,71.0,29.0,,,100.0,113.0,100.0,488.0,29,29,100.0,0.0,100.0,0.0,200.0,0.0,100.0,9560.0,100.0,52986222864.0,100.0,84430081792.0
2018-12-04,ZCH06W5P,ST12000NM0007,12000138625024,0,70,10111440,96.0,0.0,100.0,4.0,100.0,0.0,84.0,249365833.0,89,9658,100.0,0.0,100,3,,,,,100.0,0.0,100.0,0.0,,,71.0,29.0,,,100.0,114.0,100.0,489.0,29,29,100.0,0.0,100.0,0.0,200.0,0.0,100.0,9584.0,100.0,53075804864.0,100.0,84629769928.0
2018-12-05,ZCH06W5P,ST12000NM0007,12000138625024,0,77.0,45269392.0,96.0,0.0,100.0,4.0,100.0,0.0,84.0,252431237.0,89.0,9682.0,100.0,0.0,100.0,3.0,,,,,100.0,0.0,100.0,0.0,,,71.0,29.0,,,100.0,115.0,100.0,490.0,29.0,29.0,100.0,0.0,100.0,0.0,200.0,0.0,100.0,9608.0,100.0,53172056416.0,100.0,84812816960.0
2018-12-06,ZCH06W5P,ST12000NM0007,12000138625024,0,81,120831456,96.0,0.0,100.0,4.0,100.0,0.0,84.0,256273018.0,89,9706,100.0,0.0,100,3,,,,,100.0,0.0,100.0,0.0,,,71.0,29.0,,,100.0,115.0,100.0,491.0,29,29,100.0,0.0,100.0,0.0,200.0,0.0,100.0,9632.0,100.0,53287163616.0,100.0,85017412488.0
2018-12-07,ZCH06W5P,ST12000NM0007,12000138625024,0,81,130304848,96.0,0.0,100.0,4.0,100.0,0.0,84.0,258915987.0,89,9730,100.0,0.0,100,3,,,,,100.0,0.0,100.0,0.0,,,72.0,28.0,,,100.0,116.0,100.0,492.0,28,28,100.0,0.0,100.0,0.0,200.0,0.0,100.0,9655.0,100.0,53359843384.0,100.0,85198346776.0
2018-12-08,ZCH06W5P,ST12000NM0007,12000138625024,0,82,142395992,96.0,0.0,100.0,4.0,100.0,0.0,84.0,261751779.0,89,9754,100.0,0.0,100,3,,,,,100.0,0.0,100.0,0.0,,,72.0,28.0,,,100.0,116.0,100.0,493.0,28,28,100.0,0.0,100.0,0.0,200.0,0.0,100.0,9679.0,100.0,53430969160.0,100.0,85383452976.0
2018-12-09,ZCH06W5P,ST12000NM0007,12000138625024,0,81,137129792,96.0,0.0,100.0,4.0,100.0,0.0,84.0,264468192.0,89,9778,100.0,0.0,100,3,,,,,100.0,0.0,100.0,0.0,,,71.0,29.0,,,100.0,116.0,100.0,494.0,29,29,100.0,0.0,100.0,0.0,200.0,0.0,100.0,9703.0,100.0,53484412032.0,100.0,85568884600.0
2018-12-10,ZCH06W5P,ST12000NM0007,12000138625024,0,81,137957144,96.0,0.0,100.0,4.0,100.0,0.0,84.0,267208682.0,89,9802,100.0,0.0,100,3,,,,,100.0,0.0,100.0,0.0,,,72.0,28.0,,,100.0,116.0,100.0,495.0,28,28,100.0,0.0,100.0,0.0,200.0,0.0,100.0,9727.0,100.0,53549443632.0,100.0,85748821216.0
2018-12-11,ZCH06W5P,ST12000NM0007,12000138625024,0,83,190486672,96.0,0.0,100.0,4.0,100.0,0.0,84.0,270943301.0,89,9825,100.0,0.0,100,3,,,,,100.0,0.0,100.0,0.0,,,71.0,29.0,,,100.0,116.0,100.0,496.0,29,29,100.0,0.0,100.0,0.0,200.0,0.0,100.0,9751.0,100.0,53625466304.0,100.0,85969468728.0
2018-12-12,ZCH06W5P,ST12000NM0007,12000138625024,0,83,190115816,96.0,0.0,100.0,4.0,100.0,0.0,84.0,273555250.0,89,9850,100.0,0.0,100,3,,,,,100.0,0.0,100.0,0.0,,,72.0,28.0,,,100.0,117.0,100.0,497.0,28,28,100.0,0.0,100.0,0.0,200.0,0.0,100.0,9775.0,100.0,53685433632.0,100.0,86153271232.0
2018-12-13,ZCH06W5P,ST12000NM0007,12000138625024,0,83,196743656,96.0,0.0,100.0,4.0,100.0,0.0,84.0,276909863.0,89,9874,100.0,0.0,100,3,,,,,100.0,0.0,100.0,0.0,,,71.0,29.0,,,100.0,117.0,100.0,498.0,29,29,100.0,0.0,100.0,0.0,200.0,0.0,100.0,9799.0,100.0,53745875832.0,100.0,86343597672.0
2018-12-14,ZCH06W5P,ST12000NM0007,12000138625024,0,83,182808960,96.0,0.0,100.0,4.0,100.0,0.0,84.0,279413390.0,89,9898,100.0,0.0,100,3,,,,,100.0,0.0,100.0,0.0,,,71.0,29.0,,,100.0,117.0,100.0,499.0,29,29,100.0,0.0,100.0,0.0,200.0,0.0,100.0,9823.0,100.0,53805810416.0,100.0,86513869104.0
2018-12-15,ZCH06W5P,ST12000NM0007,12000138625024,0,82,164208992,96.0,0.0,100.0,4.0,100.0,0.0,85.0,282471928.0,89,9921,100.0,0.0,100,3,,,,,100.0,0.0,100.0,0.0,,,70.0,30.0,,,100.0,118.0,100.0,500.0,30,30,100.0,0.0,100.0,0.0,200.0,0.0,100.0,9846.0,100.0,53865363408.0,100.0,86679856864.0
2018-12-16,ZCH06W5P,ST12000NM0007,12000138625024,0,81,134383688,96.0,0.0,100.0,4.0,100.0,0.0,85.0,285964865.0,89,9945,100.0,0.0,100,3,,,,,100.0,0.0,100.0,0.0,,,71.0,29.0,,,100.0,118.0,100.0,501.0,29,29,100.0,0.0,100.0,0.0,200.0,0.0,100.0,9870.0,100.0,53932551128.0,100.0,86826984544.0
2018-12-17,ZCH06W5P,ST12000NM0007,12000138625024,0,79,72735848,96.0,0.0,100.0,4.0,100.0,0.0,85.0,288508854.0,89,9970,100.0,0.0,100,3,,,,,100.0,0.0,100.0,0.0,,,71.0,29.0,,,100.0,118.0,100.0,502.0,29,29,100.0,0.0,100.0,0.0,200.0,0.0,100.0,9895.0,100.0,53997348376.0,100.0,86944680184.0
2018-12-18,ZCH06W5P,ST12000NM0007,12000138625024,0,78,63563120,96.0,0.0,100.0,4.0,100.0,0.0,85.0,292037848.0,89,9993,100.0,0.0,100,3,,,,,100.0,0.0,100.0,0.0,,,71.0,29.0,,,100.0,118.0,100.0,503.0,29,29,100.0,0.0,100.0,0.0,200.0,0.0,100.0,9918.0,100.0,54080683648.0,100.0,87096312880.0
2018-12-19,ZCH06W5P,ST12000NM0007,12000138625024,0,83,221179760,96.0,0.0,100.0,4.0,100.0,0.0,85.0,294341729.0,89,10017,100.0,0.0,100,3,,,,,100.0,0.0,100.0,0.0,,,71.0,29.0,,,100.0,118.0,100.0,504.0,29,29,100.0,0.0,100.0,0.0,200.0,0.0,100.0,9942.0,100.0,54139631736.0,100.0,87194981432.0
2018-12-20,ZCH06W5P,ST12000NM0007,12000138625024,0,82,165073184,96.0,0.0,100.0,4.0,100.0,0.0,85.0,297569843.0,89,10042,100.0,0.0,100,3,,,,,100.0,0.0,100.0,0.0,,,71.0,29.0,,,100.0,118.0,100.0,505.0,29,29,100.0,0.0,100.0,0.0,200.0,0.0,100.0,9966.0,100.0,54221011328.0,100.0,87301636296.0
2018-12-21,ZCH06W5P,ST12000NM0007,12000138625024,0,81,120717514,96.0,0.0,100.0,4.0,100.0,0.0,85.0,300144771.0,89,10066,100.0,0.0,100,3,,,,,100.0,0.0,100.0,0.0,,,71.0,29.0,,,100.0,118.0,100.0,511.0,29,29,100.0,0.0,100.0,0.0,200.0,0.0,100.0,9990.0,100.0,54308407064.0,100.0,87414025538.0
2018-12-22,ZCH06W5P,ST12000NM0007,12000138625024,0,79,78059032,96.0,0.0,100.0,4.0,100.0,0.0,85.0,302655297.0,89,10089,100.0,0.0,100,3,,,,,100.0,0.0,100.0,0.0,,,71.0,29.0,,,100.0,119.0,100.0,512.0,29,29,100.0,0.0,100.0,0.0,200.0,0.0,100.0,10013.0,100.0,54365396936.0,100.0,87558518050.0
2018-12-23,ZCH06W5P,ST12000NM0007,12000138625024,0,77,51824912,96.0,0.0,100.0,4.0,100.0,0.0,85.0,305323448.0,89,10113,100.0,0.0,100,3,,,,,100.0,0.0,100.0,0.0,,,71.0,29.0,,,100.0,120.0,100.0,513.0,29,29,100.0,0.0,100.0,0.0,200.0,0.0,100.0,10036.0,100.0,54416386584.0,100.0,87725435018.0
2018-12-24,ZCH06W5P,ST12000NM0007,12000138625024,0,75,29273408,96.0,0.0,100.0,4.0,100.0,0.0,85.0,308062941.0,89,10137,100.0,0.0,100,3,,,,,100.0,0.0,100.0,0.0,,,71.0,29.0,,,100.0,120.0,100.0,514.0,29,29,100.0,0.0,100.0,0.0,200.0,0.0,100.0,10060.0,100.0,54472281416.0,100.0,87891129338.0
2018-12-25,ZCH06W5P,ST12000NM0007,12000138625024,0,83,217368872,96.0,0.0,100.0,4.0,100.0,0.0,85.0,311084864.0,89,10161,100.0,0.0,100,3,,,,,100.0,0.0,100.0,0.0,,,71.0,29.0,,,100.0,120.0,100.0,515.0,29,29,100.0,0.0,100.0,0.0,200.0,0.0,100.0,10085.0,100.0,54504897264.0,100.0,88046608954.0
2018-12-26,ZCH06W5P,ST12000NM0007,12000138625024,0,80,95048848,96.0,0.0,100.0,4.0,100.0,0.0,85.0,312797731.0,89,10185,100.0,0.0,100,3,,,,,100.0,0.0,100.0,0.0,,,71.0,29.0,,,100.0,121.0,100.0,516.0,29,29,100.0,0.0,100.0,0.0,200.0,0.0,100.0,10109.0,100.0,54512702192.0,100.0,88160624698.0
2018-12-27,ZCH06W5P,ST12000NM0007,12000138625024,0,78,70273376,96.0,0.0,100.0,4.0,100.0,0.0,85.0,315973042.0,89,10210,100.0,0.0,100,3,,,,,100.0,0.0,100.0,0.0,,,71.0,29.0,,,100.0,122.0,100.0,517.0,29,29,100.0,0.0,100.0,0.0,200.0,0.0,100.0,10133.0,100.0,54542411256.0,100.0,88350280850.0
2018-12-28,ZCH06W5P,ST12000NM0007,12000138625024,0,79,76423448,96.0,0.0,100.0,4.0,100.0,0.0,85.0,318915253.0,89,10233,100.0,0.0,100,3,,,,,100.0,0.0,100.0,0.0,,,70.0,30.0,,,100.0,123.0,100.0,518.0,30,30,100.0,0.0,100.0,0.0,200.0,0.0,100.0,10157.0,100.0,54619965128.0,100.0,88523017682.0
2018-12-29,ZCH06W5P,ST12000NM0007,12000138625024,0,73,22194904,96.0,0.0,100.0,4.0,100.0,0.0,85.0,321409011.0,89,10257,100.0,0.0,100,3,,,,,100.0,0.0,100.0,0.0,,,71.0,29.0,,,100.0,124.0,100.0,519.0,29,29,100.0,0.0,100.0,0.0,200.0,0.0,100.0,10180.0,100.0,54675264600.0,100.0,88657630466.0
2018-12-30,ZCH06W5P,ST12000NM0007,12000138625024,0,83,217405088,96.0,0.0,100.0,4.0,100.0,0.0,85.0,324038582.0,89,10280,100.0,0.0,100,3,,,,,100.0,0.0,100.0,0.0,,,71.0,29.0,,,100.0,125.0,100.0,520.0,29,29,100.0,0.0,100.0,0.0,200.0,0.0,100.0,10203.0,100.0,54722648448.0,100.0,88805456802.0
2018-12-31,ZCH06W5P,ST12000NM0007,12000138625024,0,84,227726096,96.0,0.0,100.0,4.0,100.0,0.0,85.0,328930737.0,89,10304,100.0,0.0,100,3,,,,,100.0,0.0,100.0,0.0,,,70.0,30.0,,,100.0,125.0,100.0,521.0,30,30,100.0,0.0,100.0,0.0,200.0,0.0,100.0,10227.0,100.0,54809151792.0,100.0,88973415186.0
