2018-01-13,ZCH0D2M5,ST12000NM0007,12000138625024,0,83.0,179728576.0,99.0,0.0,100.0,1.0,100,0,63.0,1975319.0,100,60,100.0,0.0,100,1,,,,,100.0,0.0,100.0,0.0,,,66.0,34.0,,,100.0,0.0,100.0,63.0,34.0,34.0,100.0,0.0,100.0,0.0,200,0,100.0,34.0,100.0,643697216.0,100.0,268478954.0
2018-01-14,ZCH0D2M5,ST12000NM0007,12000138625024,0,83.0,180018688.0,99.0,0.0,100.0,1.0,100,0,63.0,2011621.0,100,85,100.0,0.0,100,1,,,,,100.0,0.0,100.0,0.0,,,66.0,34.0,,,100.0,1.0,100.0,64.0,34.0,34.0,100.0,0.0,100.0,0.0,200,0,100.0,58.0,100.0,643788216.0,100.0,268678066.0
2018-01-15,ZCH0D2M5,ST12000NM0007,12000138625024,0,83.0,180311304.0,99.0,0.0,100.0,1.0,100,0,63.0,2046893.0,100,109,100.0,0.0,100,1,,,,,100.0,0.0,100.0,0.0,,,65.0,35.0,,,100.0,2.0,100.0,65.0,35.0,35.0,100.0,0.0,100.0,0.0,200,0,100.0,82.0,100.0,643881728.0,100.0,268877170.0
2018-01-16,ZCH0D2M5,ST12000NM0007,12000138625024,0,83.0,180590656.0,99.0,0.0,100.0,1.0,100,0,63.0,2080918.0,100,133,100.0,0.0,100,1,,,,,100.0,0.0,100.0,0.0,,,65.0,35.0,,,100.0,3.0,100.0,66.0,35.0,35.0,100.0,0.0,100.0,0.0,200,0,100.0,106.0,100.0,643970272.0,100.0,269067978.0
2018-01-17,ZCH0D2M5,ST12000NM0007,12000138625024,0,83.0,180876824.0,99.0,0.0,100.0,1.0,100,0,63.0,2114250.0,100,157,100.0,0.0,100,1,,,,,100.0,0.0,100.0,0.0,,,67.0,33.0,,,100.0,4.0,100.0,67.0,33.0,33.0,100.0,0.0,100.0,0.0,200,0,100.0,130.0,100.0,644057336.0,100.0,269267082.0
2018-01-18,ZCH0D2M5,ST12000NM0007,12000138625024,0,83.0,181163600.0,99.0,0.0,100.0,1.0,100.0,0.0,63.0,2147821.0,100.0,181.0,100.0,0.0,100.0,1.0,,,,,100.0,0.0,100.0,0.0,,,68.0,32.0,,,100.0,5.0,100.0,68.0,32.0,32.0,100.0,0.0,100.0,0.0,200.0,0.0,100.0,154.0,100.0,644145008.0,100.0,269466186.0
2018-01-19,ZCH0D2M5,ST12000NM0007,12000138625024,0,83.0,181438872.0,99.0,0.0,100.0,1.0,100.0,0.0,63.0,2179901.0,100.0,205.0,100.0,0.0,100.0,1.0,,,,,100.0,0.0,100.0,0.0,,,69.0,31.0,,,100.0,6.0,100.0,69.0,31.0,31.0,100.0,0.0,100.0,0.0,200.0,0.0,100.0,177.0,100.0,644229472.0,100.0,269656994.0
2018-01-20,ZCH0D2M5,ST12000NM0007,12000138625024,0,83.0,181607064.0,99.0,0.0,100.0,1.0,100,0,63.0,2199132.0,100,219,100.0,0.0,100,1,,,,,100.0,0.0,100.0,0.0,,,68.0,32.0,,,100.0,7.0,100.0,70.0,32.0,32.0,100.0,0.0,100.0,0.0,200,0,100.0,191.0,100.0,644279640.0,100.0,269775018.0
2018-01-21,ZCH0D2M5,ST12000NM0007,12000138625024,0,83.0,181908824.0,99.0,0.0,100.0,1.0,100,0,63.0,2232126.0,100,243,100.0,0.0,100,1,,,,,100.0,0.0,100.0,0.0,,,69.0,31.0,,,100.0,8.0,100.0,71.0,31.0,31.0,100.0,0.0,100.0,0.0,200,0,100.0,216.0,100.0,644367912.0,100.0,269988506.0
2018-01-22,ZCH0D2M5,ST12000NM0007,12000138625024,0,83.0,182181392.0,99.0,0.0,100.0,1.0,100,0,64.0,2264011.0,100,267,100.0,0.0,100,1,,,,,100.0,0.0,100.0,0.0,,,69.0,31.0,,,100.0,8.0,100.0,71.0,31.0,31.0,100.0,0.0,100.0,0.0,200,0,100.0,239.0,100.0,644449672.0,100.0,270179314.0
2018-01-23,ZCH0D2M5,ST12000NM0007,12000138625024,0,83.0,182465072.0,99.0,0.0,100.0,1.0,100,0,64.0,2297203.0,100,291,100.0,0.0,100,1,,,,,100.0,0.0,100.0,0.0,,,70.0,30.0,,,100.0,10.0,100.0,73.0,30.0,30.0,100.0,0.0,100.0,0.0,200,0,100.0,263.0,100.0,644534248.0,100.0,270378418.0
2018-01-24,ZCH0D2M5,ST12000NM0007,12000138625024,0,83.0,182748264.0,99.0,0.0,100.0,1.0,100,0,64.0,2330130.0,100,316,100.0,0.0,100,1,,,,,100.0,0.0,100.0,0.0,,,69.0,31.0,,,100.0,11.0,100.0,74.0,31.0,31.0,100.0,0.0,100.0,0.0,200,0,100.0,288.0,100.0,644618336.0,100.0,270577522.0
2018-01-25,ZCH0D2M5,ST12000NM0007,12000138625024,0,83.0,183020192.0,99.0,0.0,100.0,1.0,100,0,64.0,2361700.0,100,339,100.0,0.0,100,1,,,,,100.0,0.0,100.0,0.0,,,69.0,31.0,,,100.0,12.0,100.0,75.0,31.0,31.0,100.0,0.0,100.0,0.0,200,0,100.0,311.0,100.0,644699456.0,100.0,270768330.0
2018-01-26,ZCH0D2M5,ST12000NM0007,12000138625024,0,83.0,183304248.0,99.0,0.0,100.0,1.0,100,0,64.0,2394441.0,100,363,100.0,0.0,100,1,,,,,100.0,0.0,100.0,0.0,,,69.0,31.0,,,100.0,13.0,100.0,76.0,31.0,31.0,100.0,0.0,100.0,0.0,200,0,100.0,335.0,100.0,644784408.0,100.0,270967434.0
2018-01-27,ZCH0D2M5,ST12000NM0007,12000138625024,0,83.0,183576800.0,99.0,0.0,100.0,1.0,100,0,64.0,2426125.0,100,387,100.0,0.0,100,1,,,,,100.0,0.0,100.0,0.0,,,69.0,31.0,,,100.0,14.0,100.0,77.0,31.0,31.0,100.0,0.0,100.0,0.0,200,0,100.0,359.0,100.0,644866144.0,100.0,271158250.0
2018-01-28,ZCH0D2M5,ST12000NM0007,12000138625024,0,83.0,183860368.0,99.0,0.0,100.0,1.0,100,0,64.0,2458795.0,100,411,100.0,0.0,100,1,,,,,100.0,0.0,100.0,0.0,,,69.0,31.0,,,100.0,15.0,100.0,78.0,31.0,31.0,100.0,0.0,100.0,0.0,200,0,100.0,383.0,100.0,644950608.0,100.0,271357354.0
2018-01-29,ZCH0D2M5,ST12000NM0007,12000138625024,0,83.0,184143880.0,99.0,0.0,100.0,1.0,100,0,64.0,2491859.0,100,436,100.0,0.0,100,1,,,,,100.0,0.0,100.0,0.0,,,69.0,31.0,,,100.0,16.0,100.0,79.0,31.0,31.0,100.0,0.0,100.0,0.0,200,0,100.0,407.0,100.0,645035016.0,100.0,271556458.0
2018-01-30,ZCH0D2M5,ST12000NM0007,12000138625024,0,83.0,184416120.0,99.0,0.0,100.0,1.0,100,0,64.0,2523511.0,100,459,100.0,0.0,100,1,,,,,100.0,0.0,100.0,0.0,,,68.0,32.0,,,100.0,17.0,100.0,80.0,32.0,32.0,100.0,0.0,100.0,0.0,200,0,100.0,430.0,100.0,645116448.0,100.0,271747266.0
2018-01-31,ZCH0D2M5,ST12000NM0007,12000138625024,0,83.0,184699944.0,99.0,0.0,100.0,1.0,100.0,0.0,64.0,2556725.0,100.0,483.0,100.0,0.0,100.0,1.0,,,,,100.0,0.0,100.0,0.0,,,67.0,33.0,,,100.0,18.0,100.0,81.0,33.0,33.0,100.0,0.0,100.0,0.0,200.0,0.0,100.0,455.0,100.0,645201168.0,100.0,271946370.0
2018-02-01,ZCH0D2M5,ST12000NM0007,12000138625024,0,83.0,184983200.0,99.0,0.0,100.0,1.0,100,0,64.0,2590304.0,100,508,100.0,0.0,100,1,,,,,100.0,0.0,100.0,0.0,,,68.0,32.0,,,100.0,19.0,100.0,82.0,32.0,32.0,100.0,0.0,100.0,0.0,200,0,100.0,479.0,100.0,645285320.0,100.0,272145474.0
2018-02-02,ZCH0D2M5,ST12000NM0007,12000138625024,0,83.0,185255440.0,99.0,0.0,100.0,1.0,100,0,64.0,2622344.0,100,531,100.0,0.0,100,1,,,,,100.0,0.0,100.0,0.0,,,68.0,32.0,,,100.0,19.0,100.0,82.0,32.0,32.0,100.0,0.0,100.0,0.0,200,0,100.0,502.0,100.0,645366352.0,100.0,272336682.0
2018-02-03,ZCH0D2M5,ST12000NM0007,12000138625024,0,83.0,185539608.0,99.0,0.0,100.0,1.0,100,0,64.0,2654903.0,100,556,100.0,0.0,100,1,,,,,100.0,0.0,100.0,0.0,,,68.0,32.0,,,100.0,21.0,100.0,84.0,32.0,32.0,100.0,0.0,100.0,0.0,200,0,100.0,527.0,100.0,645451016.0,100.0,272536186.0
2018-02-04,ZCH0D2M5,ST12000NM0007,12000138625024,0,83.0,185811256.0,99.0,0.0,100.0,1.0,100,0,64.0,2686412.0,100,579,100.0,0.0,100,1,,,,,100.0,0.0,100.0,0.0,,,69.0,31.0,,,100.0,22.0,100.0,85.0,31.0,31.0,100.0,0.0,100.0,0.0,200,0,100.0,550.0,100.0,645531856.0,100.0,272726994.0
2018-02-05,ZCH0D2M5,ST12000NM0007,12000138625024,0,83.0,186094376.0,99.0,0.0,100.0,1.0,100,0,64.0,2719044.0,100,603,100.0,0.0,100,1,,,,,100.0,0.0,100.0,0.0,,,68.0,32.0,,,100.0,23.0,100.0,86.0,32.0,32.0,100.0,0.0,100.0,0.0,200,0,100.0,574.0,100.0,645615872.0,100.0,272926098.0
2018-02-06,ZCH0D2M5,ST12000NM0007,12000138625024,0,83.0,186377832.0,99.0,0.0,100.0,1.0,100,0,64.0,2751967.0,100,628,100.0,0.0,100,1,,,,,100.0,0.0,100.0,0.0,,,68.0,32.0,,,100.0,24.0,100.0,87.0,32.0,32.0,100.0,0.0,100.0,0.0,200,0,100.0,599.0,100.0,645700216.0,100.0,273125210.0
2018-02-07,ZCH0D2M5,ST12000NM0007,12000138625024,0,83.0,186760410.0,97.0,0.0,100.0,2.0,100,0,64.0,2791932.0,100,660,100.0,0.0,100,2,,,,,100.0,0.0,100.0,0.0,,,69.0,31.0,,,100.0,25.0,100.0,91.0,31.0,31.0,100.0,0.0,100.0,0.0,200,0,100.0,630.0,100.0,645787512.0,100.0,273420492.0
2018-02-08,ZCH0D2M5,ST12000NM0007,12000138625024,0,83.0,186972930.0,97.0,0.0,100.0,2.0,100,0,64.0,2814512.0,100,684,100.0,0.0,100,2,,,,,100.0,0.0,100.0,0.0,,,69.0,31.0,,,100.0,26.0,100.0,92.0,31.0,31.0,100.0,0.0,100.0,0.0,200,0,100.0,654.0,100.0,645800776.0,100.0,273619748.0
2018-02-09,ZCH0D2M5,ST12000NM0007,12000138625024,0,83,187181946,97,0,100,2,100,0,65,2837046,100,709,100,0,100,2,,,,,100.0,0.0,100.0,0.0,,,69.0,31.0,,,100.0,27.0,100.0,93.0,31,31,100,0,100,0,200,0,100.0,679.0,100.0,645810688.0,100.0,273818852.0
2018-02-10,ZCH0D2M5,ST12000NM0007,12000138625024,0,83.0,187382266.0,97.0,0.0,100.0,2.0,100.0,0.0,65.0,2858342.0,100.0,732.0,100.0,0.0,100.0,2.0,,,,,100.0,0.0,100.0,0.0,,,69.0,31.0,,,100.0,28.0,100.0,94.0,31.0,31.0,100.0,0.0,100.0,0.0,200.0,0.0,100.0,702.0,100.0,645820200.0,100.0,274009660.0
2018-02-11,ZCH0D2M5,ST12000NM0007,12000138625024,0,83,187590930,97,0,100,2,100,0,65,2880877,100,756,100,0,100,2,,,,,100.0,0.0,100.0,0.0,,,68.0,32.0,,,100.0,29.0,100.0,95.0,32,32,100,0,100,0,200,0,100.0,726.0,100.0,645829760.0,100.0,274208764.0
2018-02-12,ZCH0D2M5,ST12000NM0007,12000138625024,0,83,187791050,97,0,100,2,100,0,65,2902094,100,780,100,0,100,2,,,,,100.0,0.0,100.0,0.0,,,69.0,31.0,,,100.0,30.0,100.0,96.0,31,31,100,0,100,0,200,0,100.0,750.0,100.0,645839072.0,100.0,274399572.0
2018-02-13,ZCH0D2M5,ST12000NM0007,12000138625024,0,83,187999346,97,0,100,2,100,0,65,2924526,100,804,100,0,100,2,,,,,100.0,0.0,100.0,0.0,,,69.0,31.0,,,100.0,31.0,100.0,97.0,31,31,100,0,100,0,200,0,100.0,774.0,100.0,645848264.0,100.0,274598676.0
2018-02-14,ZCH0D2M5,ST12000NM0007,12000138625024,0,83,188207490,97,0,100,2,100,0,65,2946613,100,829,100,0,100,2,,,,,100.0,0.0,100.0,0.0,,,70.0,30.0,,,100.0,32.0,100.0,98.0,30,30,100,0,100,0,200,0,100.0,798.0,100.0,645857304.0,100.0,274797780.0
2018-02-15,ZCH0D2M5,ST12000NM0007,12000138625024,0,83,188407458,97,0,100,2,100,0,65,2968064,100,852,100,0,100,2,,,,,100.0,0.0,100.0,0.0,,,70.0,30.0,,,100.0,33.0,100.0,99.0,30,30,100,0,100,0,200,0,100.0,822.0,100.0,645866464.0,100.0,274988588.0
2018-02-16,ZCH0D2M5,ST12000NM0007,12000138625024,0,83,188616722,97,0,100,2,100,0,65,2990336,99,876,100,0,100,2,,,,,100.0,0.0,100.0,0.0,,,70.0,30.0,,,100.0,34.0,100.0,100.0,30,30,100,0,100,0,200,0,100.0,846.0,100.0,645876624.0,100.0,275187692.0
2018-02-17,ZCH0D2M5,ST12000NM0007,12000138625024,0,83,188816906,97,0,100,2,100,0,65,3011923,99,900,100,0,100,2,,,,,100.0,0.0,100.0,0.0,,,70.0,30.0,,,100.0,35.0,100.0,101.0,30,30,100,0,100,0,200,0,100.0,869.0,100.0,645886000.0,100.0,275378500.0
2018-02-18,ZCH0D2M5,ST12000NM0007,12000138625024,0,83,189025330,97,0,100,2,100,0,65,3034276,99,924,100,0,100,2,,,,,100.0,0.0,100.0,0.0,,,70.0,30.0,,,100.0,36.0,100.0,102.0,30,30,100,0,100,0,200,0,100.0,893.0,100.0,645895320.0,100.0,275577604.0
2018-02-19,ZCH0D2M5,ST12000NM0007,12000138625024,0,83,189233490,97,0,100,2,100,0,65,3056635,99,949,100,0,100,2,,,,,100.0,0.0,100.0,0.0,,,70.0,30.0,,,100.0,37.0,100.0,103.0,30,30,100,0,100,0,200,0,100.0,917.0,100.0,645904376.0,100.0,275776708.0
2018-02-20,ZCH0D2M5,ST12000NM0007,12000138625024,0,83,189433538,97,0,100,2,100,0,65,3078066,99,972,100,0,100,2,,,,,100.0,0.0,100.0,0.0,,,70.0,30.0,,,100.0,38.0,100.0,104.0,30,30,100,0,100,0,200,0,100.0,941.0,100.0,645913616.0,100.0,275967516.0
2018-02-21,ZCH0D2M5,ST12000NM0007,12000138625024,0,83,189641746,97,0,100,2,100,0,65,3100430,99,996,100,0,100,2,,,,,100.0,0.0,100.0,0.0,,,70.0,30.0,,,100.0,39.0,100.0,105.0,30,30,100,0,100,0,200,0,100.0,965.0,100.0,645922720.0,100.0,276166620.0
2018-02-22,ZCH0D2M5,ST12000NM0007,12000138625024,0,83,189849826,97,0,100,2,100,0,65,3122714,99,1021,100,0,100,2,,,,,100.0,0.0,100.0,0.0,,,70.0,30.0,,,100.0,40.0,100.0,106.0,30,30,100,0,100,0,200,0,100.0,989.0,100.0,645931696.0,100.0,276365724.0
2018-02-23,ZCH0D2M5,ST12000NM0007,12000138625024,0,83,190042290,97,0,100,2,100,0,65,3144109,99,1044,100,0,100,2,,,,,100.0,0.0,100.0,0.0,,,70.0,30.0,,,100.0,40.0,100.0,112.0,30,30,100,0,100,0,200,0,100.0,1012.0,100.0,645941648.0,100.0,276548236.0
2018-02-24,ZCH0D2M5,ST12000NM0007,12000138625024,0,83,190250874,97,0,100,2,100,0,65,3166682,99,1068,100,0,100,2,,,,,100.0,0.0,100.0,0.0,,,71.0,29.0,,,100.0,41.0,100.0,113.0,29,29,100,0,100,0,200,0,100.0,1036.0,100.0,645951128.0,100.0,276747340.0
2018-02-25,ZCH0D2M5,ST12000NM0007,12000138625024,0,83,190459618,97,0,100,2,100,0,65,3189140,99,1093,100,0,100,2,,,,,100.0,0.0,100.0,0.0,,,71.0,29.0,,,100.0,42.0,100.0,114.0,29,29,100,0,100,0,200,0,100.0,1060.0,100.0,645960768.0,100.0,276946444.0
2018-02-26,ZCH0D2M5,ST12000NM0007,12000138625024,0,83,190659394,97,0,100,2,100,0,65,3210697,99,1116,100,0,100,2,,,,,100.0,0.0,100.0,0.0,,,70.0,30.0,,,100.0,43.0,100.0,115.0,30,30,100,0,100,0,200,0,100.0,1083.0,100.0,645969736.0,100.0,277137252.0
2018-02-27,ZCH0D2M5,ST12000NM0007,12000138625024,0,84,224217090,97,0,100,2,100,0,66,3551287,99,1138,100,0,100,2,,,,,100.0,0.0,100.0,0.0,,,66.0,34.0,,,100.0,43.0,100.0,116.0,34,34,100,0,100,0,200,0,100.0,1106.0,100.0,666535320.0,100.0,290129364.0
2018-02-28,ZCH0D2M5,ST12000NM0007,12000138625024,0,81,133402208,97,0,100,2,100,0,68,6258303,99,1162,100,0,100,2,,,,,100.0,0.0,100.0,0.0,,,64.0,36.0,,,100.0,43.0,100.0,117.0,36,36,100,0,100,0,200,0,100.0,1129.0,100.0,882855872.0,100.0,471275220.0
2018-03-01,ZCH0D2M5,ST12000NM0007,12000138625024,0,84,229179200,97,0,100,2,100,0,70,9677015,99,1187,100,0,100,2,,,,,100.0,0.0,100.0,0.0,,,64.0,36.0,,,100.0,43.0,100.0,119.0,36,36,100,0,100,0,200,0,100.0,1154.0,100.0,1193206376.0,100.0,744983284.0
2018-03-02,ZCH0D2M5,ST12000NM0007,12000138625024,0,78,61253952,97,0,100,2,100,0,71,12953069,99,1211,100,0,100,2,,,,,100.0,0.0,100.0,0.0,,,64.0,36.0,,,100.0,43.0,100.0,120.0,36,36,100,0,100,0,200,0,100.0,1177.0,100.0,1501147056.0,100.0,1001539756.0
2018-03-03,ZCH0D2M5,ST12000NM0007,12000138625024,0,82,158917664,97,0,100,2,100,0,72,16314543,99,1234,100,0,100,2,,,,,100.0,0.0,100.0,0.0,,,64.0,36.0,,,100.0,43.0,100.0,121.0,36,36,100,0,100,0,200,0,100.0,1201.0,100.0,1812744768.0,100.0,1275887452.0
2018-03-04,ZCH0D2M5,ST12000NM0007,12000138625024,0,79,82235832,97,0,100,2,100,0,73,19921889,99,1259,100,0,100,2,,,,,100.0,0.0,100.0,0.0,,,64.0,36.0,,,100.0,43.0,100.0,122.0,36,36,100,0,100,0,200,0,100.0,1225.0,100.0,2160987688.0,100.0,1583385060.0
2018-03-05,ZCH0D2M5,ST12000NM0007,12000138625024,0,83,195257768,97,0,100,2,100,0,74,23458406,99,1284,100,0,100,2,,,,,100.0,0.0,100.0,0.0,,,65.0,35.0,,,100.0,43.0,100.0,123.0,35,35,100,0,100,0,200,0,100.0,1250.0,100.0,2476469448.0,100.0,1869206772.0
2018-03-06,ZCH0D2M5,ST12000NM0007,12000138625024,0,77,56128792,97,0,100,2,100,0,74,26985493,99,1308,100,0,100,2,,,,,100.0,0.0,100.0,0.0,,,65.0,35.0,,,100.0,43.0,100.0,124.0,35,35,100,0,100,0,200,0,100.0,1275.0,100.0,2801444568.0,100.0,2137524972.0
2018-03-07,ZCH0D2M5,ST12000NM0007,12000138625024,0,83.0,185660816.0,97.0,0.0,100.0,2.0,100.0,0.0,75.0,30552086.0,99.0,1333.0,100.0,0.0,100.0,2.0,,,,,100.0,0.0,100.0,0.0,,,65.0,35.0,,,100.0,43.0,100.0,125.0,35.0,35.0,100.0,0.0,100.0,0.0,200.0,0.0,100.0,1299.0,100.0,3120881472.0,100.0,2435901572.0
2018-03-08,ZCH0D2M5,ST12000NM0007,12000138625024,0,83,197888008,97,0,100,2,100,0,75,33536967,99,1353,100,0,100,2,,,,,100.0,0.0,100.0,0.0,,,65.0,35.0,,,100.0,43.0,100.0,126.0,35,35,100,0,100,0,200,0,100.0,1319.0,100.0,3371838832.0,100.0,2685453036.0
2018-03-09,ZCH0D2M5,ST12000NM0007,12000138625024,0,78,66255240,97,0,100,2,100,0,76,37108966,99,1378,100,0,100,2,,,,,100.0,0.0,100.0,0.0,,,65.0,35.0,,,100.0,43.0,100.0,127.0,35,35,100,0,100,0,200,0,100.0,1344.0,100.0,3699119528.0,100.0,2958961788.0
2018-03-10,ZCH0D2M5,ST12000NM0007,12000138625024,0,82,165269712,97,0,100,2,100,0,76,40581758,99,1402,100,0,100,2,,,,,100.0,0.0,100.0,0.0,,,65.0,35.0,,,100.0,43.0,100.0,128.0,35,35,100,0,100,0,200,0,100.0,1368.0,100.0,4026493008.0,100.0,3218884372.0
2018-03-11,ZCH0D2M5,ST12000NM0007,12000138625024,0,65,3215128,97,0,100,2,100,0,76,44047549,99,1426,100,0,100,2,,,,,100.0,0.0,100.0,0.0,,,65.0,35.0,,,100.0,43.0,100.0,129.0,35,35,100,0,100,0,200,0,100.0,1392.0,100.0,4331643424.0,100.0,3484101684.0
2018-03-12,ZCH0D2M5,ST12000NM0007,12000138625024,0,80,100342144,97,0,100,2,100,0,77,47515547,99,1449,100,0,100,2,,,,,100.0,0.0,100.0,0.0,,,65.0,35.0,,,100.0,43.0,100.0,130.0,35,35,100,0,100,0,200,0,100.0,1415.0,100.0,4639466008.0,100.0,3761687628.0
2018-03-13,ZCH0D2M5,ST12000NM0007,12000138625024,0,84,231129752,97,0,100,2,100,0,77,51156862,99,1474,100,0,100,2,,,,,100.0,0.0,100.0,0.0,,,65.0,35.0,,,100.0,43.0,100.0,131.0,35,35,100,0,100,0,200,0,100.0,1439.0,100.0,4964545008.0,100.0,4055677772.0
2018-03-14,ZCH0D2M5,ST12000NM0007,12000138625024,0,75,34085664,97,0,100,2,100,0,77,54601632,99,1498,100,0,100,2,,,,,100.0,0.0,100.0,0.0,,,65.0,35.0,,,100.0,43.0,100.0,132.0,35,35,100,0,100,0,200,0,100.0,1464.0,100.0,5244389960.0,100.0,4311211068.0
2018-03-15,ZCH0D2M5,ST12000NM0007,12000138625024,0,77,51751504,97,0,100,2,100,0,78,57984989,99,1523,100,0,100,2,,,,,100.0,0.0,100.0,0.0,,,65.0,35.0,,,100.0,43.0,100.0,133.0,35,35,100,0,100,0,200,0,100.0,1488.0,100.0,5499160912.0,100.0,4562387316.0
2018-03-16,ZCH0D2M5,ST12000NM0007,12000138625024,0,79.0,80572480.0,97.0,0.0,100.0,2.0,100.0,0.0,78.0,61277325.0,99.0,1546.0,100.0,0.0,100.0,2.0,,,,,100.0,0.0,100.0,0.0,,,65.0,35.0,,,100.0,43.0,100.0,134.0,35.0,35.0,100.0,0.0,100.0,0.0,200.0,0.0,100.0,1511.0,100.0,5761438752.0,100.0,4817211748.0
2018-03-17,ZCH0D2M5,ST12000NM0007,12000138625024,0,83,193177768,97,0,100,2,100,0,78,64960390,99,1570,100,0,100,2,,,,,100.0,0.0,100.0,0.0,,,65.0,35.0,,,100.0,44.0,100.0,135.0,35,35,100,0,100,0,200,0,100.0,1536.0,100.0,6083952240.0,100.0,5095584964.0
2018-03-18,ZCH0D2M5,ST12000NM0007,12000138625024,0,78,60231720,97,0,100,2,100,0,78,68584295,99,1594,100,0,100,2,,,,,100.0,0.0,100.0,0.0,,,65.0,35.0,,,100.0,44.0,100.0,136.0,35,35,100,0,100,0,200,0,100.0,1560.0,100.0,6390625712.0,100.0,5388387788.0
2018-03-19,ZCH0D2M5,ST12000NM0007,12000138625024,0,82,155668648,97,0,100,2,100,0,79,72160234,99,1619,100,0,100,2,,,,,100.0,0.0,100.0,0.0,,,65.0,35.0,,,100.0,44.0,100.0,137.0,35,35,100,0,100,0,200,0,100.0,1584.0,100.0,6676510304.0,100.0,5686221884.0
2018-03-20,ZCH0D2M5,ST12000NM0007,12000138625024,0,83,222280168,97,0,100,2,100,0,79,75621784,99,1642,100,0,100,2,,,,,100.0,0.0,100.0,0.0,,,65.0,35.0,,,100.0,44.0,100.0,138.0,35,35,100,0,100,0,200,0,100.0,1607.0,100.0,6961975480.0,100.0,5955649876.0
2018-03-21,ZCH0D2M5,ST12000NM0007,12000138625024,0,84,230781296,97,0,100,2,100,0,79,78972367,99,1667,100,0,100,2,,,,,100.0,0.0,100.0,0.0,,,65.0,35.0,,,100.0,44.0,100.0,139.0,35,35,100,0,100,0,200,0,100.0,1632.0,100.0,7216693456.0,100.0,6197714524.0
2018-03-22,ZCH0D2M5,ST12000NM0007,12000138625024,0,74,26686696,97,0,100,2,100,0,79,82383965,99,1690,100,0,100,2,,,,,100.0,0.0,100.0,0.0,,,65.0,35.0,,,100.0,44.0,100.0,140.0,35,35,100,0,100,0,200,0,100.0,1655.0,100.0,7495559976.0,100.0,6447175660.0
2018-03-23,ZCH0D2M5,ST12000NM0007,12000138625024,0,80,100180952,97,0,100,2,100,0,79,85772726,99,1714,100,0,100,2,,,,,100.0,0.0,100.0,0.0,,,66.0,34.0,,,100.0,44.0,100.0,141.0,34,34,100,0,100,0,200,0,100.0,1679.0,100.0,7767266664.0,100.0,6737244788.0
2018-03-24,ZCH0D2M5,ST12000NM0007,12000138625024,0,79,74640680,97,0,100,2,100,0,79,88985957,99,1738,100,0,100,2,,,,,100.0,0.0,100.0,0.0,,,66.0,34.0,,,100.0,44.0,100.0,142.0,34,34,100,0,100,0,200,0,100.0,1703.0,100.0,8004855800.0,100.0,6962396820.0
2018-03-25,ZCH0D2M5,ST12000NM0007,12000138625024,0,73,22172632,97,0,100,2,100,0,80,92165701,98,1763,100,0,100,2,,,,,100.0,0.0,100.0,0.0,,,66.0,34.0,,,100.0,44.0,100.0,143.0,34,34,100,0,100,0,200,0,100.0,1727.0,100.0,8219210784.0,100.0,7183855324.0
2018-03-26,ZCH0D2M5,ST12000NM0007,12000138625024,0,74,23626320,97,0,100,2,100,0,80,95456175,98,1786,100,0,100,2,,,,,100.0,0.0,100.0,0.0,,,65.0,35.0,,,100.0,44.0,100.0,144.0,35,35,100,0,100,0,200,0,100.0,1751.0,100.0,8489714040.0,100.0,7403087572.0
2018-03-27,ZCH0D2M5,ST12000NM0007,12000138625024,0,74,27365504,97,0,100,2,100,0,80,98808825,98,1810,100,0,100,2,,,,,100.0,0.0,100.0,0.0,,,66.0,34.0,,,100.0,44.0,100.0,145.0,34,34,100,0,100,0,200,0,100.0,1774.0,100.0,8751505024.0,100.0,7633317260.0
2018-03-28,ZCH0D2M5,ST12000NM0007,12000138625024,0,77,50995000,97,0,100,2,100,0,80,102228512,98,1834,100,0,100,2,,,,,100.0,0.0,100.0,0.0,,,65.0,35.0,,,100.0,45.0,100.0,146.0,35,35,100,0,100,0,200,0,100.0,1799.0,100.0,9021858136.0,100.0,7874875140.0
2018-03-29,ZCH0D2M5,ST12000NM0007,12000138625024,0,73,20619096,97,0,100,2,100,0,80,105508543,98,1858,100,0,100,2,,,,,100.0,0.0,100.0,0.0,,,65.0,35.0,,,100.0,45.0,100.0,147.0,35,35,100,0,100,0,200,0,100.0,1823.0,100.0,9235756704.0,100.0,8118882276.0
2018-03-30,ZCH0D2M5,ST12000NM0007,12000138625024,0,83,219603400,97,0,100,2,100,0,80,108675414,98,1882,100,0,100,2,,,,,100.0,0.0,100.0,0.0,,,65.0,35.0,,,100.0,45.0,100.0,148.0,35,35,100,0,100,0,200,0,100.0,1846.0,100.0,9474671656.0,100.0,8323092564.0
2018-03-31,ZCH0D2M5,ST12000NM0007,12000138625024,0,83,178604984,97,0,100,2,100,0,80,111853866,98,1906,100,0,100,2,,,,,100.0,0.0,100.0,0.0,,,65.0,35.0,,,100.0,45.0,100.0,149.0,35,35,100,0,100,0,200,0,100.0,1871.0,100.0,9701025144.0,100.0,8544022244.0
2018-04-01,ZCH0D2M5,ST12000NM0007,12000138625024,0,83,184009104,97,0,100,2,100,0,81,115197636,98,1930,100,0,100,2,,,,,100.0,0.0,100.0,0.0,,,65.0,35.0,,,100.0,45.0,100.0,150.0,35,35,100,0,100,0,200,0,100.0,1894.0,100.0,9934145384.0,100.0,8804587460.0
2018-04-02,ZCH0D2M5,ST12000NM0007,12000138625024,0,81,137901632,97,0,100,2,100,0,81,118392438,98,1954,100,0,100,2,,,,,100.0,0.0,100.0,0.0,,,65.0,35.0,,,100.0,45.0,100.0,151.0,35,35,100,0,100,0,200,0,100.0,1917.0,100.0,10160072824.0,100.0,9020833956.0
2018-04-03,ZCH0D2M5,ST12000NM0007,12000138625024,0,82,176899960,97,0,100,2,100,0,81,121862747,98,1978,100,0,100,2,,,,,100.0,0.0,100.0,0.0,,,65.0,35.0,,,100.0,45.0,100.0,152.0,35,35,100,0,100,0,200,0,100.0,1942.0,100.0,10427062384.0,100.0,9281124500.0
2018-04-04,ZCH0D2M5,ST12000NM0007,12000138625024,0,83,199651128,97,0,100,2,100,0,81,125317335,98,2002,100,0,100,2,,,,,100.0,0.0,100.0,0.0,,,65.0,35.0,,,100.0,45.0,100.0,153.0,35,35,100,0,100,0,200,0,100.0,1966.0,100.0,10692086992.0,100.0,9527132388.0
2018-04-05,ZCH0D2M5,ST12000NM0007,12000138625024,0,83,191047664,97,0,100,2,100,0,81,128716974,98,2026,100,0,100,2,,,,,100.0,0.0,100.0,0.0,,,65.0,35.0,,,100.0,45.0,100.0,154.0,35,35,100,0,100,0,200,0,100.0,1990.0,100.0,10934043760.0,100.0,9764853900.0
2018-04-06,ZCH0D2M5,ST12000NM0007,12000138625024,0,83,178676608,97,0,100,2,100,0,81,131981827,98,2050,100,0,100,2,,,,,100.0,0.0,100.0,0.0,,,65.0,35.0,,,100.0,45.0,100.0,155.0,35,35,100,0,100,0,200,0,100.0,2014.0,100.0,11159015112.0,100.0,10015792932.0
2018-04-07,ZCH0D2M5,ST12000NM0007,12000138625024,0,79.0,75808672.0,97.0,0.0,100.0,2.0,100.0,0.0,81.0,134874248.0,98.0,2074.0,100.0,0.0,100.0,2.0,,,,,100.0,0.0,100.0,0.0,,,64.0,36.0,,,100.0,45.0,100.0,156.0,36.0,36.0,100.0,0.0,100.0,0.0,200.0,0.0,100.0,2037.0,100.0,11335721552.0,100.0,10224500124.0
2018-04-08,ZCH0D2M5,ST12000NM0007,12000138625024,0,76,41633080,97,0,100,2,100,0,81,138147986,98,2098,100,0,100,2,,,,,100.0,0.0,100.0,0.0,,,64.0,36.0,,,100.0,45.0,100.0,157.0,36,36,100,0,100,0,200,0,100.0,2061.0,100.0,11566387712.0,100.0,10447940020.0
2018-04-09,ZCH0D2M5,ST12000NM0007,12000138625024,0,70,9049768,97,0,100,2,100,0,82,141364394,98,2122,100,0,100,2,,,,,100.0,0.0,100.0,0.0,,,64.0,36.0,,,100.0,45.0,100.0,158.0,36,36,100,0,100,0,200,0,100.0,2085.0,100.0,11769593864.0,100.0,10700432020.0
2018-04-10,ZCH0D2M5,ST12000NM0007,12000138625024,0,84,236277456,97,0,100,2,100,0,82,144825933,98,2146,100,0,100,2,,,,,100.0,0.0,100.0,0.0,,,65.0,35.0,,,100.0,45.0,100.0,159.0,35,35,100,0,100,0,200,0,100.0,2109.0,100.0,11999208832.0,100.0,10942185460.0
2018-04-11,ZCH0D2M5,ST12000NM0007,12000138625024,0,83,205653608,97,0,100,2,100,0,82,148047541,98,2170,100,0,100,2,,,,,100.0,0.0,100.0,0.0,,,65.0,35.0,,,100.0,45.0,100.0,160.0,35,35,100,0,100,0,200,0,100.0,2133.0,100.0,12240266864.0,100.0,11158785348.0
2018-04-12,ZCH0D2M5,ST12000NM0007,12000138625024,0,84,239833960,97,0,100,2,100,0,82,151457055,98,2194,100,0,100,2,,,,,100.0,0.0,100.0,0.0,,,65.0,35.0,,,100.0,45.0,100.0,161.0,35,35,100,0,100,0,200,0,100.0,2157.0,100.0,12490724984.0,100.0,11430789108.0
2018-04-13,ZCH0D2M5,ST12000NM0007,12000138625024,0,100,2124304,97,0,100,2,100,0,82,154579618,98,2217,100,0,100,2,,,,,100.0,0.0,100.0,0.0,,,65.0,35.0,,,100.0,45.0,100.0,162.0,35,35,100,0,100,0,200,0,100.0,2180.0,100.0,12745681720.0,100.0,11670544932.0
2018-04-14,ZCH0D2M5,ST12000NM0007,12000138625024,0,72,14425864,97,0,100,2,100,0,82,157993509,98,2242,100,0,100,2,,,,,100.0,0.0,100.0,0.0,,,65.0,35.0,,,100.0,45.0,100.0,163.0,35,35,100,0,100,0,200,0,100.0,2204.0,100.0,12983082736.0,100.0,11933726980.0
2018-04-15,ZCH0D2M5,ST12000NM0007,12000138625024,0,76,35728808,97,0,100,2,100,0,82,161407172,98,2266,100,0,100,2,,,,,100.0,0.0,100.0,0.0,,,65.0,35.0,,,100.0,45.0,100.0,164.0,35,35,100,0,100,0,200,0,100.0,2228.0,100.0,13227719920.0,100.0,12198674284.0
2018-04-16,ZCH0D2M5,ST12000NM0007,12000138625024,0,72,16413096,97,0,100,2,100,0,82,164738242,98,2290,100,0,100,2,,,,,100.0,0.0,100.0,0.0,,,65.0,35.0,,,100.0,45.0,100.0,165.0,35,35,100,0,100,0,200,0,100.0,2253.0,100.0,13447239720.0,100.0,12448120244.0
2018-04-17,ZCH0D2M5,ST12000NM0007,12000138625024,0,84,241944896,97,0,100,2,100,0,82,168026209,98,2314,100,0,100,2,,,,,100.0,0.0,100.0,0.0,,,65.0,35.0,,,100.0,45.0,100.0,166.0,35,35,100,0,100,0,200,0,100.0,2276.0,100.0,13674565096.0,100.0,12690467412.0
2018-04-18,ZCH0D2M5,ST12000NM0007,12000138625024,0,83,184618984,97,0,100,2,100,0,82,171158941,98,2338,100,0,100,2,,,,,100.0,0.0,100.0,0.0,,,65.0,35.0,,,100.0,45.0,100.0,167.0,35,35,100,0,100,0,200,0,100.0,2300.0,100.0,13874795664.0,100.0,12921192252.0
2018-04-19,ZCH0D2M5,ST12000NM0007,12000138625024,0,79,82530752,97,0,100,2,100,0,82,174200182,98,2362,100,0,100,2,,,,,100.0,0.0,100.0,0.0,,,65.0,35.0,,,100.0,45.0,100.0,168.0,35,35,100,0,100,0,200,0,100.0,2324.0,100.0,14078334976.0,100.0,13103846404.0
2018-04-20,ZCH0D2M5,ST12000NM0007,12000138625024,0,83,194830624,97,0,100,2,100,0,82,177073480,98,2386,100,0,100,2,,,,,100.0,0.0,100.0,0.0,,,65.0,35.0,,,100.0,45.0,100.0,169.0,35,35,100,0,100,0,200,0,100.0,2348.0,100.0,14231706648.0,100.0,13306915236.0
2018-04-21,ZCH0D2M5,ST12000NM0007,12000138625024,0,78,64709192,97,0,100,2,100,0,83,179851515,98,2410,100,0,100,2,,,,,100.0,0.0,100.0,0.0,,,65.0,35.0,,,100.0,45.0,100.0,170.0,35,35,100,0,100,0,200,0,100.0,2373.0,100.0,14390425656.0,100.0,13506356220.0
2018-04-22,ZCH0D2M5,ST12000NM0007,12000138625024,0,83,181911336,97,0,100,2,100,0,83,182626926,98,2434,100,0,100,2,,,,,100.0,0.0,100.0,0.0,,,65.0,35.0,,,100.0,45.0,100.0,171.0,35,35,100,0,100,0,200,0,100.0,2396.0,100.0,14545322904.0,100.0,13712801932.0
2018-04-23,ZCH0D2M5,ST12000NM0007,12000138625024,0,78,62884880,97,0,100,2,100,0,83,185440724,98,2458,100,0,100,2,,,,,100.0,0.0,100.0,0.0,,,65.0,35.0,,,100.0,45.0,100.0,172.0,35,35,100,0,100,0,200,0,100.0,2420.0,100.0,14696902448.0,100.0,13930477564.0
2018-04-24,ZCH0D2M5,ST12000NM0007,12000138625024,0,83,186727080,97,0,100,2,100,0,83,188262394,98,2482,100,0,100,2,,,,,100.0,0.0,100.0,0.0,,,65.0,35.0,,,100.0,45.0,100.0,173.0,35,35,100,0,100,0,200,0,100.0,2444.0,100.0,14849184408.0,100.0,14146178484.0
2018-04-25,ZCH0D2M5,ST12000NM0007,12000138625024,0,81,116172376,97,0,100,2,100,0,83,191458511,98,2506,100,0,100,2,,,,,100.0,0.0,100.0,0.0,,,65.0,35.0,,,100.0,45.0,100.0,174.0,35,35,100,0,100,0,200,0,100.0,2468.0,100.0,15026327536.0,100.0,14386762156.0
2018-04-26,ZCH0D2M5,ST12000NM0007,12000138625024,0,84,234691440,97,0,100,2,100,0,83,194393357,98,2532,100,0,100,2,,,,,100.0,0.0,100.0,0.0,,,65.0,35.0,,,100.0,45.0,100.0,176.0,35,35,100,0,100,0,200,0,100.0,2494.0,100.0,15189976744.0,100.0,14585772700.0
2018-04-27,ZCH0D2M5,ST12000NM0007,12000138625024,0,80,99715424,97,0,100,2,100,0,83,197087362,98,2556,100,0,100,2,,,,,100.0,0.0,100.0,0.0,,,65.0,35.0,,,100.0,45.0,100.0,177.0,35,35,100,0,100,0,200,0,100.0,2518.0,100.0,15329011608.0,100.0,14800043620.0
2018-04-28,ZCH0D2M5,ST12000NM0007,12000138625024,0,84,239181208,97,0,100,2,100,0,83,199972210,98,2580,100,0,100,2,,,,,100.0,0.0,100.0,0.0,,,65.0,35.0,,,100.0,45.0,100.0,178.0,35,35,100,0,100,0,200,0,100.0,2541.0,100.0,15478621720.0,100.0,15034039972.0
2018-04-29,ZCH0D2M5,ST12000NM0007,12000138625024,0,78,58277768,97,0,100,2,100,0,83,202647889,98,2603,100,0,100,2,,,,,100.0,0.0,100.0,0.0,,,65.0,35.0,,,100.0,45.0,100.0,179.0,35,35,100,0,100,0,200,0,100.0,2565.0,100.0,15623917288.0,100.0,15196122788.0
2018-04-30,ZCH0D2M5,ST12000NM0007,12000138625024,0,82,165397792,97,0,100,2,100,0,83,205299956,97,2628,100,0,100,2,,,,,100.0,0.0,100.0,0.0,,,66.0,34.0,,,100.0,45.0,100.0,180.0,34,34,100,0,100,0,200,0,100.0,2589.0,100.0,15768536408.0,100.0,15402764348.0
2018-05-01,ZCH0D2M5,ST12000NM0007,12000138625024,0,75,30758904,97,0,100,2,100,0,83,207857763,97,2651,100,0,100,2,,,,,100.0,0.0,100.0,0.0,,,65.0,35.0,,,100.0,45.0,100.0,181.0,35,35,100,0,100,0,200,0,100.0,2613.0,100.0,15898387432.0,100.0,15626556028.0
2018-05-02,ZCH0D2M5,ST12000NM0007,12000138625024,0,83.0,200389026.0,97.0,0.0,100.0,3.0,100.0,0.0,83.0,210863799.0,97.0,2677.0,100.0,0.0,100.0,2.0,,,,,100.0,0.0,100.0,0.0,,,65.0,35.0,,,100.0,45.0,100.0,185.0,35.0,35.0,100.0,0.0,100.0,0.0,200.0,0.0,100.0,2638.0,100.0,16050551848.0,100.0,15888162726.0
2018-05-03,ZCH0D2M5,ST12000NM0007,12000138625024,0,76,44474328,97,0,100,3,100,0,83,213556283,97,2698,100,0,100,2,,,,,100.0,0.0,100.0,0.0,,,64.0,36.0,,,100.0,45.0,100.0,186.0,36,36,100,0,100,0,200,0,100.0,2659.0,100.0,16173242944.0,100.0,16097838254.0
2018-05-04,ZCH0D2M5,ST12000NM0007,12000138625024,0,82,143467848,97,0,100,3,100,0,83,216210106,97,2722,100,0,100,2,,,,,100.0,0.0,100.0,0.0,,,65.0,35.0,,,100.0,45.0,100.0,187.0,35,35,100,0,100,0,200,0,100.0,2682.0,100.0,16307083624.0,100.0,16307131958.0
2018-05-05,ZCH0D2M5,ST12000NM0007,12000138625024,0,76,42119288,97,0,100,3,100,0,83,219146974,97,2746,100,0,100,2,,,,,100.0,0.0,100.0,0.0,,,65.0,35.0,,,100.0,45.0,100.0,188.0,35,35,100,0,100,0,200,0,100.0,2707.0,100.0,16436987336.0,100.0,16564161278.0
2018-05-06,ZCH0D2M5,ST12000NM0007,12000138625024,0,81,128507136,97,0,100,3,100,0,83,221765602,97,2769,100,0,100,2,,,,,100.0,0.0,100.0,0.0,,,65.0,35.0,,,100.0,45.0,100.0,189.0,35,35,100,0,100,0,200,0,100.0,2729.0,100.0,16555246496.0,100.0,16776430846.0
2018-05-07,ZCH0D2M5,ST12000NM0007,12000138625024,0,77,50975576,97,0,100,3,100,0,84,224911285,97,2794,100,0,100,2,,,,,100.0,0.0,100.0,0.0,,,65.0,35.0,,,100.0,46.0,100.0,190.0,35,35,100,0,100,0,200,0,100.0,2754.0,100.0,16695885128.0,100.0,17046542102.0
2018-05-08,ZCH0D2M5,ST12000NM0007,12000138625024,0,83,181009856,97,0,100,3,100,0,84,227797615,97,2818,100,0,100,2,,,,,100.0,0.0,100.0,0.0,,,65.0,35.0,,,100.0,46.0,100.0,191.0,35,35,100,0,100,0,200,0,100.0,2778.0,100.0,16824793888.0,100.0,17291808566.0
2018-05-09,ZCH0D2M5,ST12000NM0007,12000138625024,0,80,111129384,97,0,100,3,100,0,84,231112460,97,2842,100,0,100,2,,,,,100.0,0.0,100.0,0.0,,,65.0,35.0,,,100.0,46.0,100.0,192.0,35,35,100,0,100,0,200,0,100.0,2803.0,100.0,16984531360.0,100.0,17550472286.0
2018-05-10,ZCH0D2M5,ST12000NM0007,12000138625024,0,84,232097240,97,0,100,3,100,0,84,233928795,97,2867,100,0,100,2,,,,,100.0,0.0,100.0,0.0,,,66.0,34.0,,,100.0,47.0,100.0,194.0,34,34,100,0,100,0,200,0,100.0,2827.0,100.0,17124601128.0,100.0,17775511030.0
2018-05-11,ZCH0D2M5,ST12000NM0007,12000138625024,0,78,68117456,97,0,100,3,100,0,84,236597754,97,2891,100,0,100,2,,,,,100.0,0.0,100.0,0.0,,,65.0,35.0,,,100.0,47.0,100.0,195.0,35,35,100,0,100,0,200,0,100.0,2851.0,100.0,17253964896.0,100.0,17970448814.0
2018-05-12,ZCH0D2M5,ST12000NM0007,12000138625024,0,83,209203952,97,0,100,3,100,0,84,239478007,97,2914,100,0,100,2,,,,,100.0,0.0,100.0,0.0,,,64.0,36.0,,,100.0,47.0,100.0,196.0,36,36,100,0,100,0,200,0,100.0,2874.0,100.0,17378678768.0,100.0,18230962246.0
2018-05-13,ZCH0D2M5,ST12000NM0007,12000138625024,0,76,40817144,97,0,100,3,100,0,84,242090302,97,2938,100,0,100,2,,,,,100.0,0.0,100.0,0.0,,,66.0,34.0,,,100.0,48.0,100.0,197.0,34,34,100,0,100,0,200,0,100.0,2898.0,100.0,17494420104.0,100.0,18435115534.0
2018-05-14,ZCH0D2M5,ST12000NM0007,12000138625024,0,82,149172696,97,0,100,3,100,0,84,245318343,97,2962,100,0,100,2,,,,,100.0,0.0,100.0,0.0,,,65.0,35.0,,,100.0,48.0,100.0,198.0,35,35,100,0,100,0,200,0,100.0,2922.0,100.0,17636040464.0,100.0,18645991414.0
2018-05-15,ZCH0D2M5,ST12000NM0007,12000138625024,0,84.0,234968792.0,97.0,0.0,100.0,3.0,100.0,0.0,84.0,248016661.0,97.0,2986.0,100.0,0.0,100.0,2.0,,,,,100.0,0.0,100.0,0.0,,,65.0,35.0,,,100.0,49.0,100.0,199.0,35.0,35.0,100.0,0.0,100.0,0.0,200.0,0.0,100.0,2946.0,100.0,17764920600.0,100.0,18847048006.0
2018-05-16,ZCH0D2M5,ST12000NM0007,12000138625024,0,81,119540184,97,0,100,3,100,0,84,250810304,97,3010,100,0,100,2,,,,,100.0,0.0,100.0,0.0,,,66.0,34.0,,,100.0,50.0,100.0,200.0,34,34,100,0,100,0,200,0,100.0,2970.0,100.0,17878818272.0,100.0,19106003206.0
2018-05-17,ZCH0D2M5,ST12000NM0007,12000138625024,0,74,25515120,97,0,100,3,100,0,84,253676078,97,3034,100,0,100,2,,,,,100.0,0.0,100.0,0.0,,,66.0,34.0,,,100.0,50.0,100.0,201.0,34,34,100,0,100,0,200,0,100.0,2994.0,100.0,17998484816.0,100.0,19380593246.0
2018-05-18,ZCH0D2M5,ST12000NM0007,12000138625024,0,81,115339872,97,0,100,3,100,0,84,256290565,97,3058,100,0,100,2,,,,,100.0,0.0,100.0,0.0,,,65.0,35.0,,,100.0,50.0,100.0,202.0,35,35,100,0,100,0,200,0,100.0,3017.0,100.0,18108036176.0,100.0,19605007430.0
2018-05-19,ZCH0D2M5,ST12000NM0007,12000138625024,0,82,177189680,97,0,100,3,100,0,84,258627978,97,3081,100,0,100,2,,,,,100.0,0.0,100.0,0.0,,,65.0,35.0,,,100.0,51.0,100.0,203.0,35,35,100,0,100,0,200,0,100.0,3040.0,100.0,18208004264.0,100.0,19811029782.0
2018-05-20,ZCH0D2M5,ST12000NM0007,12000138625024,0,75,32709256,97,0,100,3,100,0,84,261193739,97,3106,100,0,100,2,,,,,100.0,0.0,100.0,0.0,,,65.0,35.0,,,100.0,51.0,100.0,204.0,35,35,100,0,100,0,200,0,100.0,3065.0,100.0,18302299272.0,100.0,20060536198.0
2018-05-21,ZCH0D2M5,ST12000NM0007,12000138625024,0,82,145978792,97,0,100,3,100,0,84,264302752,97,3130,100,0,100,2,,,,,100.0,0.0,100.0,0.0,,,65.0,35.0,,,100.0,51.0,100.0,205.0,35,35,100,0,100,0,200,0,100.0,3089.0,100.0,18404948360.0,100.0,20315297406.0
2018-05-22,ZCH0D2M5,ST12000NM0007,12000138625024,0,80,99601824,97,0,100,3,100,0,84,265986573,97,3146,100,0,100,2,,,,,100.0,0.0,100.0,0.0,,,64.0,36.0,,,100.0,51.0,100.0,205.0,36,36,100,0,100,0,200,0,100.0,3105.0,100.0,18477070976.0,100.0,20440938694.0
2018-05-23,ZCH0D2M5,ST12000NM0007,12000138625024,0,77,52352520,97,0,100,3,100,0,84,269459485,97,3178,100,0,100,2,,,,,100.0,0.0,100.0,0.0,,,62.0,38.0,,,100.0,52.0,100.0,207.0,38,38,100,0,100,0,200,0,100.0,3136.0,100.0,18606163592.0,100.0,20752878334.0
2018-05-24,ZCH0D2M5,ST12000NM0007,12000138625024,0,82,152398552,97,0,100,3,100,0,84,272061852,97,3202,100,0,100,2,,,,,100.0,0.0,100.0,0.0,,,62.0,38.0,,,100.0,52.0,100.0,208.0,38,38,100,0,100,0,200,0,100.0,3160.0,100.0,18726276840.0,100.0,20976951838.0
2018-05-25,ZCH0D2M5,ST12000NM0007,12000138625024,0,76,37309016,97,0,100,3,100,0,84,274748546,97,3226,100,0,100,2,,,,,100.0,0.0,100.0,0.0,,,62.0,38.0,,,100.0,52.0,100.0,209.0,38,38,100,0,100,0,200,0,100.0,3184.0,100.0,18864868072.0,100.0,21211552574.0
2018-05-26,ZCH0D2M5,ST12000NM0007,12000138625024,0,81,121828176,97,0,100,3,100,0,84,277454604,97,3249,100,0,100,2,,,,,100.0,0.0,100.0,0.0,,,62.0,38.0,,,100.0,52.0,100.0,210.0,38,38,100,0,100,0,200,0,100.0,3207.0,100.0,18986594880.0,100.0,21418485566.0
2018-05-27,ZCH0D2M5,ST12000NM0007,12000138625024,0,82,176211904,97,0,100,3,100,0,84,279929941,97,3273,100,0,100,2,,,,,100.0,0.0,100.0,0.0,,,62.0,38.0,,,100.0,53.0,100.0,211.0,38,38,100,0,100,0,200,0,100.0,3231.0,100.0,19107595136.0,100.0,21596009886.0
2018-05-28,ZCH0D2M5,ST12000NM0007,12000138625024,0,83,210067232,97,0,100,3,100,0,85,282044171,97,3297,100,0,100,2,,,,,100.0,0.0,100.0,0.0,,,62.0,38.0,,,100.0,53.0,100.0,212.0,38,38,100,0,100,0,200,0,100.0,3255.0,100.0,19194254048.0,100.0,21787347102.0
2018-05-29,ZCH0D2M5,ST12000NM0007,12000138625024,0,76,37973032,97,0,100,3,100,0,85,284587086,97,3321,100,0,100,2,,,,,100.0,0.0,100.0,0.0,,,62.0,38.0,,,100.0,53.0,100.0,213.0,38,38,100,0,100,0,200,0,100.0,3279.0,100.0,19311220104.0,100.0,21986568502.0
2018-05-30,ZCH0D2M5,ST12000NM0007,12000138625024,0,82,142611680,97,0,100,3,100,0,85,287571751,97,3346,100,0,100,2,,,,,100.0,0.0,100.0,0.0,,,62.0,38.0,,,100.0,54.0,100.0,214.0,38,38,100,0,100,0,200,0,100.0,3303.0,100.0,19437446208.0,100.0,22209121902.0
2018-05-31,ZCH0D2M5,ST12000NM0007,12000138625024,0,83,205831360,97,0,100,3,100,0,85,290053069,97,3371,100,0,100,2,,,,,100.0,0.0,100.0,0.0,,,62.0,38.0,,,100.0,54.0,100.0,216.0,38,38,100,0,100,0,200,0,100.0,3329.0,100.0,19554196520.0,100.0,22399732190.0
2018-06-01,ZCH0D2M5,ST12000NM0007,12000138625024,0,77,47428328,97,0,100,3,100,0,85,292433279,97,3396,100,0,100,2,,,,,100.0,0.0,100.0,0.0,,,62.0,38.0,,,100.0,54.0,100.0,217.0,38,38,100,0,100,0,200,0,100.0,3353.0,100.0,19652751552.0,100.0,22631055726.0
2018-06-02,ZCH0D2M5,ST12000NM0007,12000138625024,0,78,65535528,97,0,100,3,100,0,85,294711135,97,3419,100,0,100,2,,,,,100.0,0.0,100.0,0.0,,,62.0,38.0,,,100.0,55.0,100.0,218.0,38,38,100,0,100,0,200,0,100.0,3376.0,100.0,19758568984.0,100.0,22787486334.0
2018-06-03,ZCH0D2M5,ST12000NM0007,12000138625024,0,80,91315176,97,0,100,3,100,0,85,297181490,97,3444,100,0,100,2,,,,,100.0,0.0,100.0,0.0,,,62.0,38.0,,,100.0,55.0,100.0,219.0,38,38,100,0,100,0,200,0,100.0,3400.0,100.0,19874984776.0,100.0,22940990982.0
2018-06-04,ZCH0D2M5,ST12000NM0007,12000138625024,0,82,174741952,97,0,100,3,100,0,85,299865682,97,3468,100,0,100,2,,,,,100.0,0.0,100.0,0.0,,,62.0,38.0,,,100.0,55.0,100.0,220.0,38,38,100,0,100,0,200,0,100.0,3425.0,100.0,19978805368.0,100.0,23164740494.0
2018-06-05,ZCH0D2M5,ST12000NM0007,12000138625024,0,84,243149680,97,0,100,3,100,0,85,302336779,97,3492,100,0,100,2,,,,,100.0,0.0,100.0,0.0,,,62.0,38.0,,,100.0,55.0,100.0,221.0,38,38,100,0,100,0,200,0,100.0,3449.0,100.0,20097924600.0,100.0,23358169758.0
2018-06-06,ZCH0D2M5,ST12000NM0007,12000138625024,0,77,51104056,97,0,100,3,100,0,85,304804626,96,3517,100,0,100,2,,,,,100.0,0.0,100.0,0.0,,,62.0,38.0,,,100.0,55.0,100.0,222.0,38,38,100,0,100,0,200,0,100.0,3474.0,100.0,20215599656.0,100.0,23536730902.0
2018-06-07,ZCH0D2M5,ST12000NM0007,12000138625024,0,79,87950560,97,0,100,3,100,0,85,307171233,96,3541,100,0,100,2,,,,,100.0,0.0,100.0,0.0,,,62.0,38.0,,,100.0,56.0,100.0,223.0,38,38,100,0,100,0,200,0,100.0,3498.0,100.0,20313805872.0,100.0,23719511886.0
2018-06-08,ZCH0D2M5,ST12000NM0007,12000138625024,0,82,177037776,97,0,100,3,100,0,85,309906416,96,3563,100,0,100,2,,,,,100.0,0.0,100.0,0.0,,,62.0,38.0,,,100.0,56.0,100.0,224.0,38,38,100,0,100,0,200,0,100.0,3519.0,100.0,20412463872.0,100.0,23954081742.0
2018-06-09,ZCH0D2M5,ST12000NM0007,12000138625024,0,84,232638200,97,0,100,3,100,0,85,312305074,96,3587,100,0,100,2,,,,,100.0,0.0,100.0,0.0,,,62.0,38.0,,,100.0,56.0,100.0,225.0,38,38,100,0,100,0,200,0,100.0,3543.0,100.0,20536299096.0,100.0,24129987734.0
2018-06-10,ZCH0D2M5,ST12000NM0007,12000138625024,0,73,19458784,97,0,100,3,100,0,85,314509033,96,3611,100,0,100,2,,,,,100.0,0.0,100.0,0.0,,,62.0,38.0,,,100.0,57.0,100.0,226.0,38,38,100,0,100,0,200,0,100.0,3567.0,100.0,20641634456.0,100.0,24299754846.0
2018-06-11,ZCH0D2M5,ST12000NM0007,12000138625024,0,82,149734256,97,0,100,3,100,0,85,317280086,96,3635,100,0,100,2,,,,,100.0,0.0,100.0,0.0,,,62.0,38.0,,,100.0,57.0,100.0,227.0,38,38,100,0,100,0,200,0,100.0,3591.0,100.0,20786054440.0,100.0,24529751110.0
2018-06-12,ZCH0D2M5,ST12000NM0007,12000138625024,0,74,22803248,97,0,100,3,100,0,85,319913966,96,3658,100,0,100,2,,,,,100.0,0.0,100.0,0.0,,,62.0,38.0,,,100.0,58.0,100.0,228.0,38,38,100,0,100,0,200,0,100.0,3615.0,100.0,20920735984.0,100.0,24756420206.0
2018-06-13,ZCH0D2M5,ST12000NM0007,12000138625024,0,82,157014464,97,0,100,3,100,0,85,322814741,96,3683,100,0,100,2,,,,,100.0,0.0,100.0,0.0,,,63.0,37.0,,,100.0,58.0,100.0,229.0,37,37,100,0,100,0,200,0,100.0,3639.0,100.0,21055705896.0,100.0,24999802142.0
2018-06-14,ZCH0D2M5,ST12000NM0007,12000138625024,0,84,240651696,97,0,100,3,100,0,85,325180831,96,3707,100,0,100,2,,,,,100.0,0.0,100.0,0.0,,,63.0,37.0,,,100.0,58.0,100.0,231.0,37,37,100,0,100,0,200,0,100.0,3662.0,100.0,21160187336.0,100.0,25223098590.0
2018-06-15,ZCH0D2M5,ST12000NM0007,12000138625024,0,78.0,59270528.0,97.0,0.0,100.0,3.0,100.0,0.0,85.0,327559321.0,96.0,3731.0,100.0,0.0,100.0,2.0,,,,,100.0,0.0,100.0,0.0,,,62.0,38.0,,,100.0,58.0,100.0,232.0,38.0,38.0,100.0,0.0,100.0,0.0,200.0,0.0,100.0,3686.0,100.0,21267818264.0,100.0,25422368078.0
2018-06-16,ZCH0D2M5,ST12000NM0007,12000138625024,0,82.0,168045472.0,97.0,0.0,100.0,3.0,100.0,0.0,85.0,330248879.0,96.0,3754.0,100.0,0.0,100.0,2.0,,,,,100.0,0.0,100.0,0.0,,,63.0,37.0,,,100.0,58.0,100.0,233.0,37.0,37.0,100.0,0.0,100.0,0.0,200.0,0.0,100.0,3710.0,100.0,21404407168.0,100.0,25638694838.0
2018-06-17,ZCH0D2M5,ST12000NM0007,12000138625024,0,78.0,68774424.0,97.0,0.0,100.0,3.0,100.0,0.0,85.0,333381910.0,96.0,3779.0,100.0,0.0,100.0,2.0,,,,,100.0,0.0,100.0,0.0,,,62.0,38.0,,,100.0,58.0,100.0,234.0,38.0,38.0,100.0,0.0,100.0,0.0,200.0,0.0,100.0,3734.0,100.0,21544501392.0,100.0,25887615646.0
2018-06-18,ZCH0D2M5,ST12000NM0007,12000138625024,0,82.0,166591328.0,97.0,0.0,100.0,3.0,100.0,0.0,85.0,335891943.0,96.0,3803.0,100.0,0.0,100.0,2.0,,,,,100.0,0.0,100.0,0.0,,,62.0,38.0,,,100.0,59.0,100.0,235.0,38.0,38.0,100.0,0.0,100.0,0.0,200.0,0.0,100.0,3758.0,100.0,21667754624.0,100.0,26106319982.0
2018-06-19,ZCH0D2M5,ST12000NM0007,12000138625024,0,70,10717840,97,0,100,3,100,0,85,338230888,96,3827,100,0,100,2,,,,,100.0,0.0,100.0,0.0,,,63.0,37.0,,,100.0,59.0,100.0,236.0,37,37,100,0,100,0,200,0,100.0,3782.0,100.0,21778817736.0,100.0,26327665022.0
2018-06-20,ZCH0D2M5,ST12000NM0007,12000138625024,0,81,112551904,97,0,100,3,100,0,85,340735807,96,3851,100,0,100,2,,,,,100.0,0.0,100.0,0.0,,,65.0,35.0,,,100.0,59.0,100.0,237.0,35,35,100,0,100,0,200,0,100.0,3806.0,100.0,21874425104.0,100.0,26578032438.0
2018-06-21,ZCH0D2M5,ST12000NM0007,12000138625024,0,83,202059480,97,0,100,3,100,0,85,343115799,96,3874,100,0,100,2,,,,,100.0,0.0,100.0,0.0,,,66.0,34.0,,,100.0,59.0,100.0,238.0,34,34,100,0,100,0,200,0,100.0,3829.0,100.0,21961478808.0,100.0,26824626942.0
2018-06-22,ZCH0D2M5,ST12000NM0007,12000138625024,0,79,77170888,97,0,100,3,100,0,85,346016703,96,3899,100,0,100,2,,,,,100.0,0.0,100.0,0.0,,,65.0,35.0,,,100.0,59.0,100.0,239.0,35,35,100,0,100,0,200,0,100.0,3853.0,100.0,22092264776.0,100.0,27057234006.0
2018-06-23,ZCH0D2M5,ST12000NM0007,12000138625024,0,81,127709736,97,0,100,3,100,0,85,348387550,96,3923,100,0,100,2,,,,,100.0,0.0,100.0,0.0,,,65.0,35.0,,,100.0,59.0,100.0,240.0,35,35,100,0,100,0,200,0,100.0,3878.0,100.0,22195355632.0,100.0,27248822630.0
2018-06-24,ZCH0D2M5,ST12000NM0007,12000138625024,0,83,183375352,97,0,100,3,100,0,85,350592163,96,3947,100,0,100,2,,,,,100.0,0.0,100.0,0.0,,,65.0,35.0,,,100.0,59.0,100.0,241.0,35,35,100,0,100,0,200,0,100.0,3901.0,100.0,22289008512.0,100.0,27454976238.0
2018-06-25,ZCH0D2M5,ST12000NM0007,12000138625024,0,72,15887168,97,0,100,3,100,0,85,353066748,96,3971,100,0,100,2,,,,,100.0,0.0,100.0,0.0,,,65.0,35.0,,,100.0,59.0,100.0,242.0,35,35,100,0,100,0,200,0,100.0,3926.0,100.0,22392250592.0,100.0,27672527350.0
2018-06-26,ZCH0D2M5,ST12000NM0007,12000138625024,0,79,71823600,97,0,100,3,100,0,86,355580829,96,3994,100,0,100,2,,,,,100.0,0.0,100.0,0.0,,,65.0,35.0,,,100.0,60.0,100.0,243.0,35,35,100,0,100,0,200,0,100.0,3949.0,100.0,22493471016.0,100.0,27871384254.0
2018-06-27,ZCH0D2M5,ST12000NM0007,12000138625024,0,80,101379784,97,0,100,3,100,0,86,357505339,96,4015,100,0,100,2,,,,,100.0,0.0,100.0,0.0,,,66.0,34.0,,,100.0,60.0,100.0,244.0,34,34,100,0,100,0,200,0,100.0,3969.0,100.0,22566438848.0,100.0,28072113358.0
2018-06-28,ZCH0D2M5,ST12000NM0007,12000138625024,0,81,140074608,97,0,100,3,100,0,86,359882784,96,4038,100,0,100,2,,,,,100.0,0.0,100.0,0.0,,,65.0,35.0,,,100.0,60.0,100.0,245.0,35,35,100,0,100,0,200,0,100.0,3992.0,100.0,22669165560.0,100.0,28252222310.0
2018-06-29,ZCH0D2M5,ST12000NM0007,12000138625024,0,83,188142992,97,0,100,3,100,0,86,362440360,96,4063,100,0,100,2,,,,,100.0,0.0,100.0,0.0,,,66.0,34.0,,,100.0,60.0,100.0,246.0,34,34,100,0,100,0,200,0,100.0,4017.0,100.0,22782948544.0,100.0,28430648630.0
2018-06-30,ZCH0D2M5,ST12000NM0007,12000138625024,0,75,29697392,97,0,100,3,100,0,86,365609102,96,4092,100,0,100,2,,,,,100.0,0.0,100.0,0.0,,,63.0,37.0,,,100.0,60.0,100.0,247.0,37,37,100,0,100,0,200,0,100.0,4046.0,100.0,22901561216.0,100.0,28641872046.0
2018-07-01,ZCH0D2M5,ST12000NM0007,12000138625024,0,80,107606800,97,0,100,3,100,0,86,367974976,96,4116,100,0,100,2,,,,,100.0,0.0,100.0,0.0,,,64.0,36.0,,,100.0,61.0,100.0,248.0,36,36,100,0,100,0,200,0,100.0,4070.0,100.0,23014206584.0,100.0,28851276790.0
2018-07-02,ZCH0D2M5,ST12000NM0007,12000138625024,0,83,204565216,97,0,100,3,100,0,86,370551157,96,4140,100,0,100,2,,,,,100.0,0.0,100.0,0.0,,,65.0,35.0,,,100.0,61.0,100.0,249.0,35,35,100,0,100,0,200,0,100.0,4094.0,100.0,23139486296.0,100.0,29067096398.0
2018-07-03,ZCH0D2M5,ST12000NM0007,12000138625024,0,68,5678040,97,0,100,3,100,0,86,372875548,96,4164,100,0,100,2,,,,,100.0,0.0,100.0,0.0,,,64.0,36.0,,,100.0,62.0,100.0,250.0,36,36,100,0,100,0,200,0,100.0,4117.0,100.0,23226012336.0,100.0,29269964630.0
2018-07-04,ZCH0D2M5,ST12000NM0007,12000138625024,0,79,81951424,97,0,100,3,100,0,86,375418891,96,4188,100,0,100,2,,,,,100.0,0.0,100.0,0.0,,,65.0,35.0,,,100.0,62.0,100.0,251.0,35,35,100,0,100,0,200,0,100.0,4142.0,100.0,23301755312.0,100.0,29514635766.0
2018-07-05,ZCH0D2M5,ST12000NM0007,12000138625024,0,81,121713840,97,0,100,3,100,0,86,377516792,96,4212,100,0,100,2,,,,,100.0,0.0,100.0,0.0,,,65.0,35.0,,,100.0,62.0,100.0,252.0,35,35,100,0,100,0,200,0,100.0,4166.0,100.0,23387744296.0,100.0,29712549998.0
2018-07-06,ZCH0D2M5,ST12000NM0007,12000138625024,0,83,198017408,97,0,100,3,100,0,86,380012805,96,4236,100,0,100,2,,,,,100.0,0.0,100.0,0.0,,,66.0,34.0,,,100.0,62.0,100.0,253.0,34,34,100,0,100,0,200,0,100.0,4190.0,100.0,23495437712.0,100.0,29925300814.0
2018-07-07,ZCH0D2M5,ST12000NM0007,12000138625024,0,75,33491088,97,0,100,3,100,0,86,382594277,96,4260,100,0,100,2,,,,,100.0,0.0,100.0,0.0,,,64.0,36.0,,,100.0,63.0,100.0,254.0,36,36,100,0,100,0,200,0,100.0,4214.0,100.0,23606400752.0,100.0,30138093294.0
2018-07-08,ZCH0D2M5,ST12000NM0007,12000138625024,0,80,96767800,97,0,100,3,100,0,86,385118979,96,4284,100,0,100,2,,,,,100.0,0.0,100.0,0.0,,,64.0,36.0,,,100.0,63.0,100.0,255.0,36,36,100,0,100,0,200,0,100.0,4237.0,100.0,23712394456.0,100.0,30339517134.0
2018-07-09,ZCH0D2M5,ST12000NM0007,12000138625024,0,81,138149280,97,0,100,3,100,0,86,387646918,96,4303,100,0,100,2,,,,,100.0,0.0,100.0,0.0,,,66.0,34.0,,,100.0,63.0,100.0,256.0,34,34,100,0,100,0,200,0,100.0,4257.0,100.0,23805631400.0,100.0,30531802326.0
2018-07-10,ZCH0D2M5,ST12000NM0007,12000138625024,0,82.0,159077448.0,97.0,0.0,100.0,3.0,100.0,0.0,86.0,389578114.0,96.0,4328.0,100.0,0.0,100.0,2.0,,,,,100.0,0.0,100.0,0.0,,,65.0,35.0,,,100.0,64.0,100.0,257.0,35.0,35.0,100.0,0.0,100.0,0.0,200.0,0.0,100.0,4281.0,100.0,23882416328.0,100.0,30720086510.0
2018-07-11,ZCH0D2M5,ST12000NM0007,12000138625024,0,83,209687280,97,0,100,3,100,0,86,391731670,96,4351,100,0,100,2,,,,,100.0,0.0,100.0,0.0,,,65.0,35.0,,,100.0,65.0,100.0,258.0,35,35,100,0,100,0,200,0,100.0,4305.0,100.0,23951691656.0,100.0,30945561726.0
2018-07-12,ZCH0D2M5,ST12000NM0007,12000138625024,0,78,59343088,97,0,100,3,100,0,86,394412478,95,4382,100,0,100,2,,,,,100.0,0.0,100.0,0.0,,,65.0,35.0,,,100.0,65.0,100.0,261.0,35,35,100,0,100,0,200,0,100.0,4335.0,100.0,24041086272.0,100.0,31194104422.0
2018-07-13,ZCH0D2M5,ST12000NM0007,12000138625024,0,82,143874080,97,0,100,3,100,0,86,397047840,95,4405,100,0,100,2,,,,,100.0,0.0,100.0,0.0,,,65.0,35.0,,,100.0,65.0,100.0,262.0,35,35,100,0,100,0,200,0,100.0,4358.0,100.0,24119853992.0,100.0,31444008558.0
2018-07-14,ZCH0D2M5,ST12000NM0007,12000138625024,0,83,193415048,97,0,100,3,100,0,86,399351854,95,4430,100,0,100,2,,,,,100.0,0.0,100.0,0.0,,,65.0,35.0,,,100.0,65.0,100.0,263.0,35,35,100,0,100,0,200,0,100.0,4383.0,100.0,24221771680.0,100.0,31635772934.0
2018-07-15,ZCH0D2M5,ST12000NM0007,12000138625024,0,84,242505232,97,0,100,3,100,0,86,401528964,95,4453,100,0,100,2,,,,,100.0,0.0,100.0,0.0,,,65.0,35.0,,,100.0,66.0,100.0,264.0,35,35,100,0,100,0,200,0,100.0,4406.0,100.0,24308391904.0,100.0,31842383558.0
2018-07-16,ZCH0D2M5,ST12000NM0007,12000138625024,0,78,61625272,97,0,100,3,100,0,86,404051435,95,4478,100,0,100,2,,,,,100.0,0.0,100.0,0.0,,,64.0,36.0,,,100.0,67.0,100.0,265.0,36,36,100,0,100,0,200,0,100.0,4431.0,100.0,24397733368.0,100.0,32060443398.0
2018-07-17,ZCH0D2M5,ST12000NM0007,12000138625024,0,81,136320296,97,0,100,3,100,0,86,406788773,95,4501,100,0,100,2,,,,,100.0,0.0,100.0,0.0,,,65.0,35.0,,,100.0,67.0,100.0,266.0,35,35,100,0,100,0,200,0,100.0,4454.0,100.0,24498396560.0,100.0,32278615958.0
2018-07-18,ZCH0D2M5,ST12000NM0007,12000138625024,0,83,211093088,97,0,100,3,100,0,86,409192148,95,4526,100,0,100,2,,,,,100.0,0.0,100.0,0.0,,,65.0,35.0,,,100.0,68.0,100.0,267.0,35,35,100,0,100,0,200,0,100.0,4478.0,100.0,24591095872.0,100.0,32504830134.0
2018-07-19,ZCH0D2M5,ST12000NM0007,12000138625024,0,68,6220952,97,0,100,3,100,0,86,411365817,95,4550,100,0,100,2,,,,,100.0,0.0,100.0,0.0,,,65.0,35.0,,,100.0,68.0,100.0,268.0,35,35,100,0,100,0,200,0,100.0,4503.0,100.0,24678888856.0,100.0,32700446894.0
2018-07-20,ZCH0D2M5,ST12000NM0007,12000138625024,0,77,53997936,97,0,100,3,100,0,86,413812054,95,4574,100,0,100,2,,,,,100.0,0.0,100.0,0.0,,,65.0,35.0,,,100.0,68.0,100.0,269.0,35,35,100,0,100,0,200,0,100.0,4526.0,100.0,24762970184.0,100.0,32908283214.0
2018-07-21,ZCH0D2M5,ST12000NM0007,12000138625024,0,78,58519176,97,0,100,3,100,0,86,415981316,95,4597,100,0,100,2,,,,,100.0,0.0,100.0,0.0,,,65.0,35.0,,,100.0,68.0,100.0,270.0,35,35,100,0,100,0,200,0,100.0,4550.0,100.0,24835749000.0,100.0,33084166286.0
2018-07-22,ZCH0D2M5,ST12000NM0007,12000138625024,0,82,147050160,97,0,100,3,100,0,86,418645036,95,4622,100,0,100,2,,,,,100.0,0.0,100.0,0.0,,,65.0,35.0,,,100.0,69.0,100.0,271.0,35,35,100,0,100,0,200,0,100.0,4574.0,100.0,24934706104.0,100.0,33317881174.0
2018-07-23,ZCH0D2M5,ST12000NM0007,12000138625024,0,83,178624232,97,0,100,3,100,0,86,420822749,95,4645,100,0,100,2,,,,,100.0,0.0,100.0,0.0,,,65.0,35.0,,,100.0,69.0,100.0,272.0,35,35,100,0,100,0,200,0,100.0,4597.0,100.0,25023168720.0,100.0,33505133342.0
2018-07-24,ZCH0D2M5,ST12000NM0007,12000138625024,0,83,196101128,97,0,100,3,100,0,86,423052890,95,4670,100,0,100,2,,,,,100.0,0.0,100.0,0.0,,,65.0,35.0,,,100.0,69.0,100.0,273.0,35,35,100,0,100,0,200,0,100.0,4622.0,100.0,25121909744.0,100.0,33668009918.0
2018-07-25,ZCH0D2M5,ST12000NM0007,12000138625024,0,75.0,35037008.0,97.0,0.0,100.0,3.0,100.0,0.0,86.0,425559504.0,95.0,4693.0,100.0,0.0,100.0,2.0,,,,,100.0,0.0,100.0,0.0,,,65.0,35.0,,,100.0,69.0,100.0,274.0,35.0,35.0,100.0,0.0,100.0,0.0,200.0,0.0,100.0,4645.0,100.0,25220618488.0,100.0,33896518558.0
2018-07-26,ZCH0D2M5,ST12000NM0007,12000138625024,0,78,62126856,97,0,100,3,100,0,86,427864663,95,4718,100,0,100,2,,,,,100.0,0.0,100.0,0.0,,,64.0,36.0,,,100.0,70.0,100.0,275.0,36,36,100,0,100,0,200,0,100.0,4670.0,100.0,25312632480.0,100.0,34075735270.0
2018-07-27,ZCH0D2M5,ST12000NM0007,12000138625024,0,79,85142496,97,0,100,3,100,0,86,429771610,95,4736,100,0,100,2,,,,,100.0,0.0,100.0,0.0,,,64.0,36.0,,,100.0,70.0,100.0,277.0,36,36,100,0,100,0,200,0,100.0,4687.0,100.0,25402234136.0,100.0,34253290366.0
2018-07-28,ZCH0D2M5,ST12000NM0007,12000138625024,0,82,141334736,97,0,100,3,100,0,86,431959772,95,4760,100,0,100,2,,,,,100.0,0.0,100.0,0.0,,,65.0,35.0,,,100.0,70.0,100.0,278.0,35,35,100,0,100,0,200,0,100.0,4711.0,100.0,25512266128.0,100.0,34443591318.0
2018-07-29,ZCH0D2M5,ST12000NM0007,12000138625024,0,83,182216456,97,0,100,3,100,0,86,434085523,95,4784,100,0,100,2,,,,,100.0,0.0,100.0,0.0,,,64.0,36.0,,,100.0,71.0,100.0,279.0,36,36,100,0,100,0,200,0,100.0,4735.0,100.0,25621453992.0,100.0,34619425830.0
2018-07-30,ZCH0D2M5,ST12000NM0007,12000138625024,0,75,29568256,97,0,100,3,100,0,86,436617117,95,4808,100,0,100,2,,,,,100.0,0.0,100.0,0.0,,,65.0,35.0,,,100.0,71.0,100.0,280.0,35,35,100,0,100,0,200,0,100.0,4759.0,100.0,25735496216.0,100.0,34841016822.0
2018-07-31,ZCH0D2M5,ST12000NM0007,12000138625024,0,81,114138048,97,0,100,3,100,0,86,439200069,95,4832,100,0,100,2,,,,,100.0,0.0,100.0,0.0,,,64.0,36.0,,,100.0,71.0,100.0,281.0,36,36,100,0,100,0,200,0,100.0,4782.0,100.0,25860781112.0,100.0,35044442430.0
2018-08-01,ZCH0D2M5,ST12000NM0007,12000138625024,0,84,233231328,97,0,100,3,100,0,86,441991810,95,4856,100,0,100,2,,,,,100.0,0.0,100.0,0.0,,,64.0,36.0,,,100.0,71.0,100.0,282.0,36,36,100,0,100,0,200,0,100.0,4807.0,100.0,25990880912.0,100.0,35277576614.0
2018-08-02,ZCH0D2M5,ST12000NM0007,12000138625024,0,81,135409720,97,0,100,3,100,0,86,444940812,95,4879,100,0,100,2,,,,,100.0,0.0,100.0,0.0,,,64.0,36.0,,,100.0,72.0,100.0,283.0,36,36,100,0,100,0,200,0,100.0,4830.0,100.0,26112771752.0,100.0,35546145478.0
2018-08-03,ZCH0D2M5,ST12000NM0007,12000138625024,0,84,232151472,97,0,100,3,100,0,87,447253938,95,4904,100,0,100,2,,,,,100.0,0.0,100.0,0.0,,,64.0,36.0,,,100.0,73.0,100.0,284.0,36,36,100,0,100,0,200,0,100.0,4854.0,100.0,26216595200.0,100.0,35783204598.0
2018-08-04,ZCH0D2M5,ST12000NM0007,12000138625024,0,76,37577416,97,0,100,3,100,0,87,449566313,95,4928,100,0,100,2,,,,,100.0,0.0,100.0,0.0,,,64.0,36.0,,,100.0,74.0,100.0,285.0,36,36,100,0,100,0,200,0,100.0,4878.0,100.0,26324693016.0,100.0,35968814342.0
2018-08-05,ZCH0D2M5,ST12000NM0007,12000138625024,0,79,83016432,97,0,100,3,100,0,87,452392312,95,4957,100,0,100,2,,,,,100.0,0.0,100.0,0.0,,,64.0,36.0,,,100.0,74.0,100.0,286.0,36,36,100,0,100,0,200,0,100.0,4907.0,100.0,26469593832.0,100.0,36113493174.0
2018-08-06,ZCH0D2M5,ST12000NM0007,12000138625024,0,77,48134816,97,0,100,3,100,0,87,454396656,95,4981,100,0,100,2,,,,,100.0,0.0,100.0,0.0,,,64.0,36.0,,,100.0,74.0,100.0,287.0,36,36,100,0,100,0,200,0,100.0,4931.0,100.0,26549369936.0,100.0,36242976118.0
2018-08-07,ZCH0D2M5,ST12000NM0007,12000138625024,0,75,28801904,95,0,100,4,100,0,87,456169804,95,5001,100,0,100,3,,,,,100.0,0.0,100.0,0.0,,,64.0,36.0,,,100.0,74.0,100.0,288.0,36,36,100,0,100,0,200,0,100.0,4951.0,100.0,26628793768.0,100.0,36388360032.0
2018-08-08,ZCH0D2M5,ST12000NM0007,12000138625024,0,81,114212504,95,0,100,4,100,0,87,458685760,95,5024,100,0,100,3,,,,,100.0,0.0,100.0,0.0,,,64.0,36.0,,,100.0,74.0,100.0,289.0,36,36,100,0,100,0,200,0,100.0,4974.0,100.0,26742936432.0,100.0,36603768976.0
2018-08-09,ZCH0D2M5,ST12000NM0007,12000138625024,0,68,6839168,95,0,100,4,100,0,87,461792656,95,5052,100,0,100,3,,,,,100.0,0.0,100.0,0.0,,,63.0,37.0,,,100.0,75.0,100.0,291.0,37,37,100,0,100,0,200,0,100.0,5001.0,100.0,26870618088.0,100.0,36856995464.0
2018-08-10,ZCH0D2M5,ST12000NM0007,12000138625024,0,79,77697232,95,0,100,4,100,0,87,464054758,95,5076,100,0,100,3,,,,,100.0,0.0,100.0,0.0,,,64.0,36.0,,,100.0,75.0,100.0,292.0,36,36,100,0,100,0,200,0,100.0,5026.0,100.0,26956749656.0,100.0,37085862592.0
2018-08-11,ZCH0D2M5,ST12000NM0007,12000138625024,0,76,43505024,95,0,100,4,100,0,87,465522490,95,5100,100,0,100,3,,,,,100.0,0.0,100.0,0.0,,,64.0,36.0,,,100.0,76.0,100.0,293.0,36,36,100,0,100,0,200,0,100.0,5049.0,100.0,26996715720.0,100.0,37255845008.0
2018-08-12,ZCH0D2M5,ST12000NM0007,12000138625024,0,79,85005576,95,0,100,4,100,0,87,467701963,95,5126,100,0,100,3,,,,,100.0,0.0,100.0,0.0,,,64.0,36.0,,,100.0,77.0,100.0,294.0,36,36,100,0,100,0,200,0,100.0,5075.0,100.0,27077094056.0,100.0,37461107904.0
2018-08-13,ZCH0D2M5,ST12000NM0007,12000138625024,0,82,141766752,95,0,100,4,100,0,87,470255711,95,5150,100,0,100,3,,,,,100.0,0.0,100.0,0.0,,,64.0,36.0,,,100.0,77.0,100.0,295.0,36,36,100,0,100,0,200,0,100.0,5099.0,100.0,27185647128.0,100.0,37653457120.0
2018-08-14,ZCH0D2M5,ST12000NM0007,12000138625024,0,68.0,6948680.0,95.0,0.0,100.0,4.0,100.0,0.0,87.0,473423235.0,95.0,5174.0,100.0,0.0,100.0,3.0,,,,,100.0,0.0,100.0,0.0,,,63.0,37.0,,,100.0,77.0,100.0,296.0,37.0,37.0,100.0,0.0,100.0,0.0,200.0,0.0,100.0,5123.0,100.0,27307477416.0,100.0,37885090424.0
2018-08-15,ZCH0D2M5,ST12000NM0007,12000138625024,0,78.0,60544320.0,95.0,0.0,100.0,4.0,100.0,0.0,87.0,475724772.0,95.0,5194.0,100.0,0.0,100.0,3.0,,,,,100.0,0.0,100.0,0.0,,,64.0,36.0,,,100.0,77.0,100.0,297.0,36.0,36.0,100.0,0.0,100.0,0.0,200.0,0.0,100.0,5143.0,100.0,27392869248.0,100.0,38097435008.0
2018-08-16,ZCH0D2M5,ST12000NM0007,12000138625024,0,79,88530856,95,0,100,4,100,0,87,477975907,95,5219,100,0,100,3,,,,,100.0,0.0,100.0,0.0,,,64.0,36.0,,,100.0,77.0,100.0,298.0,36,36,100,0,100,0,200,0,100.0,5168.0,100.0,27475962672.0,100.0,38286468840.0
2018-08-17,ZCH0D2M5,ST12000NM0007,12000138625024,0,82,143779760,95,0,100,4,100,0,87,480215432,95,5243,100,0,100,3,,,,,100.0,0.0,100.0,0.0,,,64.0,36.0,,,100.0,77.0,100.0,299.0,36,36,100,0,100,0,200,0,100.0,5192.0,100.0,27563342144.0,100.0,38498478992.0
2018-08-18,ZCH0D2M5,ST12000NM0007,12000138625024,0,82,162560936,95,0,100,4,100,0,87,482282178,94,5267,100,0,100,3,,,,,100.0,0.0,100.0,0.0,,,66.0,34.0,,,100.0,77.0,100.0,300.0,34,34,100,0,100,0,200,0,100.0,5215.0,100.0,27642587928.0,100.0,38682155048.0
2018-08-19,ZCH0D2M5,ST12000NM0007,12000138625024,0,83,202538480,95,0,100,4,100,0,87,484541740,94,5291,100,0,100,3,,,,,100.0,0.0,100.0,0.0,,,65.0,35.0,,,100.0,78.0,100.0,301.0,35,35,100,0,100,0,200,0,100.0,5240.0,100.0,27720266008.0,100.0,38888595152.0
2018-08-20,ZCH0D2M5,ST12000NM0007,12000138625024,0,79,76903288,95,0,100,4,100,0,87,487767310,94,5315,100,0,100,3,,,,,100.0,0.0,100.0,0.0,,,65.0,35.0,,,100.0,79.0,100.0,302.0,35,35,100,0,100,0,200,0,100.0,5263.0,100.0,27847020472.0,100.0,39124487352.0
2018-08-21,ZCH0D2M5,ST12000NM0007,12000138625024,0,80,93998264,95,0,100,4,100,0,87,489927782,94,5339,100,0,100,3,,,,,100.0,0.0,100.0,0.0,,,67.0,33.0,,,100.0,80.0,100.0,303.0,33,33,100,0,100,0,200,0,100.0,5287.0,100.0,27944666112.0,100.0,39288077384.0
2018-08-22,ZCH0D2M5,ST12000NM0007,12000138625024,0,83,198242136,95,0,100,4,100,0,87,492110621,94,5363,100,0,100,3,,,,,100.0,0.0,100.0,0.0,,,66.0,34.0,,,100.0,80.0,100.0,304.0,34,34,100,0,100,0,200,0,100.0,5311.0,100.0,28001560920.0,100.0,39579567080.0
2018-08-23,ZCH0D2M5,ST12000NM0007,12000138625024,0,84,241692680,95,0,100,4,100,0,87,494386536,94,5387,100,0,100,3,,,,,100.0,0.0,100.0,0.0,,,66.0,34.0,,,100.0,80.0,100.0,305.0,34,34,100,0,100,0,200,0,100.0,5335.0,100.0,28095598504.0,100.0,39773120720.0
2018-08-24,ZCH0D2M5,ST12000NM0007,12000138625024,0,78,56721224,95,0,100,4,100,0,87,496909081,94,5411,100,0,100,3,,,,,100.0,0.0,100.0,0.0,,,67.0,33.0,,,100.0,80.0,100.0,306.0,33,33,100,0,100,0,200,0,100.0,5359.0,100.0,28200551592.0,100.0,39971477600.0
2018-08-25,ZCH0D2M5,ST12000NM0007,12000138625024,0,81,134819504,95,0,100,4,100,0,87,499935449,94,5435,100,0,100,3,,,,,100.0,0.0,100.0,0.0,,,67.0,33.0,,,100.0,80.0,100.0,307.0,33,33,100,0,100,0,200,0,100.0,5383.0,100.0,28303263344.0,100.0,40191004760.0
2018-08-26,ZCH0D2M5,ST12000NM0007,12000138625024,0,82,158163544,95,0,100,4,100,0,87,502112844,94,5459,100,0,100,3,,,,,100.0,0.0,100.0,0.0,,,66.0,34.0,,,100.0,80.0,100.0,308.0,34,34,100,0,100,0,200,0,100.0,5407.0,100.0,28383768984.0,100.0,40377983976.0
2018-08-27,ZCH0D2M5,ST12000NM0007,12000138625024,0,82,177198912,95,0,100,4,100,0,87,504257926,94,5483,100,0,100,3,,,,,100.0,0.0,100.0,0.0,,,66.0,34.0,,,100.0,80.0,100.0,309.0,34,34,100,0,100,0,200,0,100.0,5430.0,100.0,28475785496.0,100.0,40549144184.0
2018-08-28,ZCH0D2M5,ST12000NM0007,12000138625024,0,84,243572696,95,0,100,4,100,0,87,506814063,94,5507,100,0,100,3,,,,,100.0,0.0,100.0,0.0,,,66.0,34.0,,,100.0,80.0,100.0,310.0,34,34,100,0,100,0,200,0,100.0,5455.0,100.0,28588566808.0,100.0,40746877416.0
2018-08-29,ZCH0D2M5,ST12000NM0007,12000138625024,0,79,86455232,95,0,100,4,100,0,87,509418527,94,5531,100,0,100,3,,,,,100.0,0.0,100.0,0.0,,,66.0,34.0,,,100.0,80.0,100.0,311.0,34,34,100,0,100,0,200,0,100.0,5478.0,100.0,28693396200.0,100.0,40973212104.0
2018-08-30,ZCH0D2M5,ST12000NM0007,12000138625024,0,82,171147712,95,0,100,4,100,0,87,512002996,94,5558,100,0,100,3,,,,,100.0,0.0,100.0,0.0,,,67.0,33.0,,,100.0,80.0,100.0,312.0,33,33,100,0,100,0,200,0,100.0,5506.0,100.0,28791411504.0,100.0,41204030072.0
2018-08-31,ZCH0D2M5,ST12000NM0007,12000138625024,0,100,1349424,95,0,100,4,100,0,87,514764030,94,5582,100,0,100,3,,,,,100.0,0.0,100.0,0.0,,,67.0,33.0,,,100.0,80.0,100.0,313.0,33,33,100,0,100,0,200,0,100.0,5529.0,100.0,28871111616.0,100.0,41442813104.0
2018-09-01,ZCH0D2M5,ST12000NM0007,12000138625024,0,77,53142424,95,0,100,4,100,0,87,517073019,94,5606,100,0,100,3,,,,,100.0,0.0,100.0,0.0,,,66.0,34.0,,,100.0,80.0,100.0,314.0,34,34,100,0,100,0,200,0,100.0,5553.0,100.0,28958663112.0,100.0,41651195280.0
2018-09-02,ZCH0D2M5,ST12000NM0007,12000138625024,0,80,93402040,95,0,100,4,100,0,87,519313223,94,5630,100,0,100,3,,,,,100.0,0.0,100.0,0.0,,,67.0,33.0,,,100.0,81.0,100.0,315.0,33,33,100,0,100,0,200,0,100.0,5578.0,100.0,29052325488.0,100.0,41841933184.0
2018-09-03,ZCH0D2M5,ST12000NM0007,12000138625024,0,80,111462584,95,0,100,4,100,0,87,521667697,94,5654,100,0,100,3,,,,,100.0,0.0,100.0,0.0,,,67.0,33.0,,,100.0,82.0,100.0,316.0,33,33,100,0,100,0,200,0,100.0,5601.0,100.0,29145254208.0,100.0,42011205824.0
2018-09-04,ZCH0D2M5,ST12000NM0007,12000138625024,0,82,168929184,95,0,100,4,100,0,87,524335760,94,5678,100,0,100,3,,,,,100.0,0.0,100.0,0.0,,,67.0,33.0,,,100.0,82.0,100.0,317.0,33,33,100,0,100,0,200,0,100.0,5625.0,100.0,29262318168.0,100.0,42195749552.0
2018-09-05,ZCH0D2M5,ST12000NM0007,12000138625024,0,76,38518192,95,0,100,4,100,0,87,527330267,94,5702,100,0,100,3,,,,,100.0,0.0,100.0,0.0,,,67.0,33.0,,,100.0,82.0,100.0,318.0,33,33,100,0,100,0,200,0,100.0,5649.0,100.0,29367661440.0,100.0,42448276808.0
2018-09-06,ZCH0D2M5,ST12000NM0007,12000138625024,0,77,49167936,95,0,100,4,100,0,87,529409685,94,5723,100,0,100,3,,,,,100.0,0.0,100.0,0.0,,,67.0,33.0,,,100.0,83.0,100.0,319.0,33,33,100,0,100,0,200,0,100.0,5670.0,100.0,29452997760.0,100.0,42617730864.0
2018-09-07,ZCH0D2M5,ST12000NM0007,12000138625024,0,81,130299592,95,0,100,4,100,0,87,531885745,94,5746,100,0,100,3,,,,,100.0,0.0,100.0,0.0,,,66.0,34.0,,,100.0,83.0,100.0,320.0,34,34,100,0,100,0,200,0,100.0,5693.0,100.0,29562857176.0,100.0,42833143736.0
2018-09-08,ZCH0D2M5,ST12000NM0007,12000138625024,0,81,128987656,95,0,100,4,100,0,87,533988819,94,5771,100,0,100,3,,,,,100.0,0.0,100.0,0.0,,,66.0,34.0,,,100.0,84.0,100.0,321.0,34,34,100,0,100,0,200,0,100.0,5718.0,100.0,29650950984.0,100.0,42987878784.0
2018-09-09,ZCH0D2M5,ST12000NM0007,12000138625024,0,82,154011080,95,0,100,4,100,0,87,536414276,94,5795,100,0,100,3,,,,,100.0,0.0,100.0,0.0,,,66.0,34.0,,,100.0,84.0,100.0,322.0,34,34,100,0,100,0,200,0,100.0,5742.0,100.0,29736728128.0,100.0,43171265720.0
2018-09-10,ZCH0D2M5,ST12000NM0007,12000138625024,0,83,186877408,95,0,100,4,100,0,87,538766813,94,5819,100,0,100,3,,,,,100.0,0.0,100.0,0.0,,,66.0,34.0,,,100.0,84.0,100.0,323.0,34,34,100,0,100,0,200,0,100.0,5766.0,100.0,29820162824.0,100.0,43364838008.0
2018-09-11,ZCH0D2M5,ST12000NM0007,12000138625024,0,77,55619336,95,0,100,4,100,0,87,542011970,94,5843,100,0,100,3,,,,,100.0,0.0,100.0,0.0,,,66.0,34.0,,,100.0,84.0,100.0,324.0,34,34,100,0,100,0,200,0,100.0,5789.0,100.0,29926455880.0,100.0,43615568384.0
2018-09-12,ZCH0D2M5,ST12000NM0007,12000138625024,0,81,124576568,95,0,100,4,100,0,87,544558211,94,5867,100,0,100,3,,,,,100.0,0.0,100.0,0.0,,,66.0,34.0,,,100.0,84.0,100.0,325.0,34,34,100,0,100,0,200,0,100.0,5814.0,100.0,30019697600.0,100.0,43835424656.0
2018-09-13,ZCH0D2M5,ST12000NM0007,12000138625024,0,77,54124264,95,0,100,4,100,0,87,546122658,94,5888,100,0,100,3,,,,,100.0,0.0,100.0,0.0,,,66.0,34.0,,,100.0,85.0,100.0,327.0,34,34,100,0,100,0,200,0,100.0,5834.0,100.0,30082866136.0,100.0,43945944704.0
2018-09-14,ZCH0D2M5,ST12000NM0007,12000138625024,0,79,71163232,95,0,100,4,100,0,87,548298937,94,5912,100,0,100,3,,,,,100.0,0.0,100.0,0.0,,,66.0,34.0,,,100.0,86.0,100.0,328.0,34,34,100,0,100,0,200,0,100.0,5859.0,100.0,30153631008.0,100.0,44136359440.0
2018-09-15,ZCH0D2M5,ST12000NM0007,12000138625024,0,79,88329280,95,0,100,4,100,0,87,550554906,94,5936,100,0,100,3,,,,,100.0,0.0,100.0,0.0,,,66.0,34.0,,,100.0,86.0,100.0,329.0,34,34,100,0,100,0,200,0,100.0,5882.0,100.0,30251052400.0,100.0,44300244800.0
2018-09-16,ZCH0D2M5,ST12000NM0007,12000138625024,0,82,163820232,95,0,100,4,100,0,87,553087475,94,5960,100,0,100,3,,,,,100.0,0.0,100.0,0.0,,,65.0,35.0,,,100.0,86.0,100.0,330.0,35,35,100,0,100,0,200,0,100.0,5906.0,100.0,30355973264.0,100.0,44514955608.0
2018-09-17,ZCH0D2M5,ST12000NM0007,12000138625024,0,78,57721928,95,0,100,4,100,0,87,556600114,94,5989,100,0,100,3,,,,,100.0,0.0,100.0,0.0,,,66.0,34.0,,,100.0,86.0,100.0,331.0,34,34,100,0,100,0,200,0,100.0,5935.0,100.0,30470074400.0,100.0,44783037888.0
2018-09-18,ZCH0D2M5,ST12000NM0007,12000138625024,0,81,118839504,95,0,100,4,100,0,87,559188548,94,6013,100,0,100,3,,,,,100.0,0.0,100.0,0.0,,,67.0,33.0,,,100.0,87.0,100.0,332.0,33,33,100,0,100,0,200,0,100.0,5959.0,100.0,30606957856.0,100.0,44951412736.0
2018-09-19,ZCH0D2M5,ST12000NM0007,12000138625024,0,72,16655152,95,0,100,4,100,0,87,562082471,94,6037,100,0,100,3,,,,,100.0,0.0,100.0,0.0,,,66.0,34.0,,,100.0,87.0,100.0,333.0,34,34,100,0,100,0,200,0,100.0,5983.0,100.0,30768887136.0,100.0,45175580744.0
2018-09-20,ZCH0D2M5,ST12000NM0007,12000138625024,0,80,95631696,95,0,100,4,100,0,88,564674787,94,6061,100,0,100,3,,,,,100.0,0.0,100.0,0.0,,,65.0,35.0,,,100.0,87.0,100.0,334.0,35,35,100,0,100,0,200,0,100.0,6007.0,100.0,30892951848.0,100.0,45374633480.0
2018-09-21,ZCH0D2M5,ST12000NM0007,12000138625024,0,82,173660400,95,0,100,4,100,0,88,567338224,94,6085,100,0,100,3,,,,,100.0,0.0,100.0,0.0,,,66.0,34.0,,,100.0,87.0,100.0,335.0,34,34,100,0,100,0,200,0,100.0,6031.0,100.0,31003447056.0,100.0,45586307608.0
2018-09-22,ZCH0D2M5,ST12000NM0007,12000138625024,0,83,197545304,95,0,100,4,100,0,88,569644053,94,6108,100,0,100,3,,,,,100.0,0.0,100.0,0.0,,,67.0,33.0,,,100.0,88.0,100.0,336.0,33,33,100,0,100,0,200,0,100.0,6054.0,100.0,31090558680.0,100.0,45767221712.0
2018-09-23,ZCH0D2M5,ST12000NM0007,12000138625024,0,66,4117384,95,0,100,4,100,0,88,572231815,93,6133,100,0,100,3,,,,,100.0,0.0,100.0,0.0,,,67.0,33.0,,,100.0,89.0,100.0,337.0,33,33,100,0,100,0,200,0,100.0,6078.0,100.0,31199650744.0,100.0,45952983120.0
2018-09-24,ZCH0D2M5,ST12000NM0007,12000138625024,0,80,89609832,95,0,100,4,100,0,88,575432879,93,6157,100,0,100,3,,,,,100.0,0.0,100.0,0.0,,,67.0,33.0,,,100.0,89.0,100.0,338.0,33,33,100,0,100,0,200,0,100.0,6102.0,100.0,31307687184.0,100.0,46174579928.0
2018-09-25,ZCH0D2M5,ST12000NM0007,12000138625024,0,81,112810880,95,0,100,4,100,0,88,577724942,93,6181,100,0,100,3,,,,,100.0,0.0,100.0,0.0,,,66.0,34.0,,,100.0,90.0,100.0,339.0,34,34,100,0,100,0,200,0,100.0,6126.0,100.0,31402183528.0,100.0,46347425384.0
2018-09-26,ZCH0D2M5,ST12000NM0007,12000138625024,0,83,187969960,95,0,100,4,100,0,88,580231399,93,6205,100,0,100,3,,,,,100.0,0.0,100.0,0.0,,,66.0,34.0,,,100.0,90.0,100.0,340.0,34,34,100,0,100,0,200,0,100.0,6150.0,100.0,31498390576.0,100.0,46570518408.0
2018-09-27,ZCH0D2M5,ST12000NM0007,12000138625024,0,84,227401224,95,0,100,4,100,0,88,582369680,93,6229,100,0,100,3,,,,,100.0,0.0,100.0,0.0,,,66.0,34.0,,,100.0,90.0,100.0,341.0,34,34,100,0,100,0,200,0,100.0,6174.0,100.0,31581512016.0,100.0,46770968920.0
2018-09-28,ZCH0D2M5,ST12000NM0007,12000138625024,0,78,57156008,95,0,100,4,100,0,88,584619821,93,6253,100,0,100,3,,,,,100.0,0.0,100.0,0.0,,,67.0,33.0,,,100.0,91.0,100.0,347.0,33,33,100,0,100,0,200,0,100.0,6197.0,100.0,31666597632.0,100.0,47003919610.0
2018-09-29,ZCH0D2M5,ST12000NM0007,12000138625024,0,80,100765840,95,0,100,4,100,0,88,587083899,93,6276,100,0,100,3,,,,,100.0,0.0,100.0,0.0,,,66.0,34.0,,,100.0,92.0,100.0,348.0,34,34,100,0,100,0,200,0,100.0,6220.0,100.0,31750698096.0,100.0,47207569650.0
2018-09-30,ZCH0D2M5,ST12000NM0007,12000138625024,0,82,156105072,95,0,100,4,100,0,88,589476143,93,6300,100,0,100,3,,,,,100.0,0.0,100.0,0.0,,,67.0,33.0,,,100.0,92.0,100.0,349.0,33,33,100,0,100,0,200,0,100.0,6244.0,100.0,31845875648.0,100.0,47411872210.0
2018-10-01,ZCH0D2M5,ST12000NM0007,12000138625024,0,76,42704792,95,0,100,4,100,0,88,592422479,93,6325,100,0,100,3,,,,,100.0,0.0,100.0,0.0,,,67.0,33.0,,,100.0,92.0,100.0,350.0,33,33,100,0,100,0,200,0,100.0,6269.0,100.0,31945212288.0,100.0,47687416666.0
2018-10-02,ZCH0D2M5,ST12000NM0007,12000138625024,0,78,56848264,95,0,100,4,100,0,88,594323876,93,6348,100,0,100,3,,,,,100.0,0.0,100.0,0.0,,,67.0,33.0,,,100.0,93.0,100.0,351.0,33,33,100,0,100,0,200,0,100.0,6292.0,100.0,32039339152.0,100.0,47851574058.0
2018-10-03,ZCH0D2M5,ST12000NM0007,12000138625024,0,81,132790624,95,0,100,4,100,0,88,596571632,93,6372,100,0,100,3,,,,,100.0,0.0,100.0,0.0,,,66.0,34.0,,,100.0,93.0,100.0,352.0,34,34,100,0,100,0,200,0,100.0,6316.0,100.0,32140088672.0,100.0,48070907690.0
2018-10-04,ZCH0D2M5,ST12000NM0007,12000138625024,0,82.0,169927112.0,95.0,0.0,100.0,4.0,100.0,0.0,88.0,598542143.0,93.0,6396.0,100.0,0.0,100.0,3.0,,,,,100.0,0.0,100.0,0.0,,,68.0,32.0,,,100.0,94.0,100.0,353.0,32.0,32.0,100.0,0.0,100.0,0.0,200.0,0.0,100.0,6340.0,100.0,32249268992.0,100.0,48243004546.0
2018-10-05,ZCH0D2M5,ST12000NM0007,12000138625024,0,83,218516048,95,0,100,4,100,0,88,600822475,93,6420,100,0,100,3,,,,,100.0,0.0,100.0,0.0,,,67.0,33.0,,,100.0,94.0,100.0,354.0,33,33,100,0,100,0,200,0,100.0,6364.0,100.0,32344017120.0,100.0,48440986066.0
2018-10-06,ZCH0D2M5,ST12000NM0007,12000138625024,0,75,33632480,95,0,100,4,100,0,88,603371291,93,6444,100,0,100,3,,,,,100.0,0.0,100.0,0.0,,,66.0,34.0,,,100.0,94.0,100.0,355.0,34,34,100,0,100,0,200,0,100.0,6388.0,100.0,32440767928.0,100.0,48647633650.0
2018-10-07,ZCH0D2M5,ST12000NM0007,12000138625024,0,74,24020816,95,0,100,4,100,0,88,605341722,93,6469,100,0,100,3,,,,,100.0,0.0,100.0,0.0,,,68.0,32.0,,,100.0,94.0,100.0,356.0,32,32,100,0,100,0,200,0,100.0,6412.0,100.0,32566501952.0,100.0,48756428778.0
2018-10-08,ZCH0D2M5,ST12000NM0007,12000138625024,0,72,17623264,95,0,100,4,100,0,88,607325244,93,6492,100,0,100,3,,,,,100.0,0.0,100.0,0.0,,,66.0,34.0,,,100.0,94.0,100.0,357.0,34,34,100,0,100,0,200,0,100.0,6436.0,100.0,32652641120.0,100.0,48908032698.0
2018-10-09,ZCH0D2M5,ST12000NM0007,12000138625024,0,72.0,14843432.0,95.0,0.0,100.0,4.0,100.0,0.0,88.0,609179656.0,93.0,6517.0,100.0,0.0,100.0,3.0,,,,,100.0,0.0,100.0,0.0,,,65.0,35.0,,,100.0,95.0,100.0,358.0,35.0,35.0,100.0,0.0,100.0,0.0,200.0,0.0,100.0,6460.0,100.0,32754502104.0,100.0,49047532714.0
2018-10-10,ZCH0D2M5,ST12000NM0007,12000138625024,0,80,95772240,95,0,100,4,100,0,88,611595557,93,6540,100,0,100,3,,,,,100.0,0.0,100.0,0.0,,,65.0,35.0,,,100.0,95.0,100.0,359.0,35,35,100,0,100,0,200,0,100.0,6483.0,100.0,32874063768.0,100.0,49253040634.0
2018-10-11,ZCH0D2M5,ST12000NM0007,12000138625024,0,81,127371792,95,0,100,4,100,0,88,614086046,93,6564,100,0,100,3,,,,,100.0,0.0,100.0,0.0,,,65.0,35.0,,,100.0,96.0,100.0,360.0,35,35,100,0,100,0,200,0,100.0,6508.0,100.0,32974052032.0,100.0,49428792666.0
2018-10-12,ZCH0D2M5,ST12000NM0007,12000138625024,0,83,194280824,95,0,100,4,100,0,88,616378986,93,6589,100,0,100,3,,,,,100.0,0.0,100.0,0.0,,,65.0,35.0,,,100.0,96.0,100.0,361.0,35,35,100,0,100,0,200,0,100.0,6532.0,100.0,33071843200.0,100.0,49642051218.0
2018-10-13,ZCH0D2M5,ST12000NM0007,12000138625024,0,74,27373512,95,0,100,4,100,0,88,618471120,93,6612,100,0,100,3,,,,,100.0,0.0,100.0,0.0,,,64.0,36.0,,,100.0,97.0,100.0,362.0,36,36,100,0,100,0,200,0,100.0,6555.0,100.0,33153015648.0,100.0,49882253274.0
2018-10-14,ZCH0D2M5,ST12000NM0007,12000138625024,0,79,80656016,95,0,100,4,100,0,88,620574002,93,6637,100,0,100,3,,,,,100.0,0.0,100.0,0.0,,,64.0,36.0,,,100.0,98.0,100.0,363.0,36,36,100,0,100,0,200,0,100.0,6579.0,100.0,33218035440.0,100.0,50114656698.0
2018-10-15,ZCH0D2M5,ST12000NM0007,12000138625024,0,81,126417808,95,0,100,4,100,0,88,622615356,93,6660,100,0,100,3,,,,,100.0,0.0,100.0,0.0,,,65.0,35.0,,,100.0,98.0,100.0,364.0,35,35,100,0,100,0,200,0,100.0,6603.0,100.0,33278562440.0,100.0,50344032138.0
2018-10-16,ZCH0D2M5,ST12000NM0007,12000138625024,0,79,81989888,95,0,100,4,100,0,88,625835428,93,6684,100,0,100,3,,,,,100.0,0.0,100.0,0.0,,,65.0,35.0,,,100.0,98.0,100.0,365.0,35,35,100,0,100,0,200,0,100.0,6627.0,100.0,33359759264.0,100.0,50706688786.0
2018-10-17,ZCH0D2M5,ST12000NM0007,12000138625024,0,100,57784,95,0,100,4,100,0,88,628500771,93,6709,100,0,100,3,,,,,100.0,0.0,100.0,0.0,,,65.0,35.0,,,100.0,98.0,100.0,366.0,35,35,100,0,100,0,200,0,100.0,6651.0,100.0,33438320080.0,100.0,51034477578.0
2018-10-18,ZCH0D2M5,ST12000NM0007,12000138625024,0,69,7507224,95,0,100,4,100,0,88,630453384,93,6733,100,0,100,3,,,,,100.0,0.0,100.0,0.0,,,66.0,34.0,,,100.0,99.0,100.0,367.0,34,34,100,0,100,0,200,0,100.0,6675.0,100.0,33536294480.0,100.0,51188093250.0
2018-10-19,ZCH0D2M5,ST12000NM0007,12000138625024,0,80,92066736,95,0,100,4,100,0,88,632666374,93,6756,100,0,100,3,,,,,100.0,0.0,100.0,0.0,,,66.0,34.0,,,100.0,99.0,100.0,368.0,34,34,100,0,100,0,200,0,100.0,6699.0,100.0,33631881736.0,100.0,51421206282.0
2018-10-20,ZCH0D2M5,ST12000NM0007,12000138625024,0,80,96705120,95,0,100,4,100,0,88,634670871,93,6781,100,0,100,3,,,,,100.0,0.0,100.0,0.0,,,65.0,35.0,,,100.0,100.0,100.0,369.0,35,35,100,0,100,0,200,0,100.0,6723.0,100.0,33714780048.0,100.0,51587087130.0
2018-10-21,ZCH0D2M5,ST12000NM0007,12000138625024,0,81,128585760,95,0,100,4,100,0,88,636724934,93,6804,100,0,100,3,,,,,100.0,0.0,100.0,0.0,,,65.0,35.0,,,100.0,100.0,100.0,370.0,35,35,100,0,100,0,200,0,100.0,6746.0,100.0,33792300040.0,100.0,51785588594.0
2018-10-22,ZCH0D2M5,ST12000NM0007,12000138625024,0,82,174316064,95,0,100,4,100,0,88,638817415,93,6829,100,0,100,3,,,,,100.0,0.0,100.0,0.0,,,65.0,35.0,,,100.0,100.0,100.0,371.0,35,35,100,0,100,0,200,0,100.0,6771.0,100.0,33883843272.0,100.0,51983916618.0
2018-10-23,ZCH0D2M5,ST12000NM0007,12000138625024,0,83,193186848,95,0,100,4,100,0,88,641447546,93,6852,100,0,100,3,,,,,100.0,0.0,100.0,0.0,,,65.0,35.0,,,100.0,101.0,100.0,372.0,35,35,100,0,100,0,200,0,100.0,6794.0,100.0,33966117552.0,100.0,52164653930.0
2018-10-24,ZCH0D2M5,ST12000NM0007,12000138625024,0,84,235331904,95,0,100,4,100,0,88,643752656,93,6877,100,0,100,3,,,,,100.0,0.0,100.0,0.0,,,65.0,35.0,,,100,102,100.0,373.0,35,35,100,0,100,0,200,0,100.0,6819.0,100.0,34049699072.0,100.0,52367358154.0
2018-10-25,ZCH0D2M5,ST12000NM0007,12000138625024,0,82,170534552,95,0,100,4,100,0,88,645247702,93,6897,100,0,100,3,,,,,100.0,0.0,100.0,0.0,,,64.0,36.0,,,100.0,103.0,100.0,374.0,36,36,100,0,100,0,200,0,100.0,6839.0,100.0,34126856544.0,100.0,52469544066.0
2018-10-26,ZCH0D2M5,ST12000NM0007,12000138625024,0,82,165990944,95,0,100,4,100,0,88,647108609,93,6921,100,0,100,3,,,,,100.0,0.0,100.0,0.0,,,65.0,35.0,,,100.0,103.0,100.0,375.0,35,35,100,0,100,0,200,0,100.0,6862.0,100.0,34201843160.0,100.0,52634154682.0
2018-10-27,ZCH0D2M5,ST12000NM0007,12000138625024,0,81,118043352,95,0,100,4,100,0,88,648988445,93,6945,100,0,100,3,,,,,100.0,0.0,100.0,0.0,,,64.0,36.0,,,100.0,104.0,100.0,376.0,36,36,100,0,100,0,200,0,100.0,6887.0,100.0,34283069288.0,100.0,52749121666.0
2018-10-28,ZCH0D2M5,ST12000NM0007,12000138625024,0,82,164393896,95,0,100,4,100,0,88,651208726,93,6969,100,0,100,3,,,,,100.0,0.0,100.0,0.0,,,64.0,36.0,,,100.0,104.0,100.0,377.0,36,36,100,0,100,0,200,0,100.0,6910.0,100.0,34375752352.0,100.0,52946930146.0
2018-10-29,ZCH0D2M5,ST12000NM0007,12000138625024,0,76,40307040,95,0,100,4,100,0,88,654335867,93,6993,100,0,100,3,,,,,100.0,0.0,100.0,0.0,,,64.0,36.0,,,100.0,105.0,100.0,379.0,36,36,100,0,100,0,200,0,100.0,6934.0,100.0,34474270176.0,100.0,53212607034.0
2018-10-30,ZCH0D2M5,ST12000NM0007,12000138625024,0,77,49341992,95,0,100,4,100,0,88,656643950,92,7017,100,0,100,3,,,,,100.0,0.0,100.0,0.0,,,64.0,36.0,,,100.0,105.0,100.0,379.0,36,36,100,0,100,0,200,0,100.0,6958.0,100.0,34577865136.0,100.0,53362187714.0
2018-10-31,ZCH0D2M5,ST12000NM0007,12000138625024,0,80,111865584,95.0,0.0,100.0,4.0,100.0,0.0,88.0,658882561.0,92,7041,100.0,0.0,100,3,,,,,100.0,0.0,100.0,0.0,,,65.0,35.0,,,100.0,106.0,100.0,380.0,35,35,100.0,0.0,100.0,0.0,200.0,0.0,100.0,6982.0,100.0,34686574256.0,100.0,53560142914.0
2018-11-01,ZCH0D2M5,ST12000NM0007,12000138625024,0,82,164825880,95.0,0.0,100.0,4.0,100.0,0.0,88.0,661258444.0,92,7070,100.0,0.0,100,3,,,,,100.0,0.0,100.0,0.0,,,64.0,36.0,,,100.0,107.0,100.0,382.0,36,36,100.0,0.0,100.0,0.0,200.0,0.0,100.0,7011.0,100.0,34792168464.0,100.0,53751650002.0
2018-11-02,ZCH0D2M5,ST12000NM0007,12000138625024,0,83,219369840,95.0,0.0,100.0,4.0,100.0,0.0,88.0,663643536.0,92,7094,100.0,0.0,100,3,,,,,100.0,0.0,100.0,0.0,,,64.0,36.0,,,100.0,107.0,100.0,383.0,36,36,100.0,0.0,100.0,0.0,200.0,0.0,100.0,7035.0,100.0,34877308744.0,100.0,53965194482.0
2018-11-03,ZCH0D2M5,ST12000NM0007,12000138625024,0,84,232853176,95.0,0.0,100.0,4.0,100.0,0.0,88.0,665761084.0,92,7118,100.0,0.0,100,3,,,,,100.0,0.0,100.0,0.0,,,64.0,36.0,,,100.0,107.0,100.0,384.0,36,36,100.0,0.0,100.0,0.0,200.0,0.0,100.0,7058.0,100.0,34960002456.0,100.0,54140124738.0
2018-11-04,ZCH0D2M5,ST12000NM0007,12000138625024,0,75,31147184,95.0,0.0,100.0,4.0,100.0,0.0,88.0,667782907.0,92,7142,100.0,0.0,100,3,,,,,100.0,0.0,100.0,0.0,,,64.0,36.0,,,100.0,108.0,100.0,385.0,36,36,100.0,0.0,100.0,0.0,200.0,0.0,100.0,7083.0,100.0,35035579352.0,100.0,54351123298.0
2018-11-05,ZCH0D2M5,ST12000NM0007,12000138625024,0,78,60931656,95.0,0.0,100.0,4.0,100.0,0.0,88.0,669787632.0,92,7165,100.0,0.0,100,3,,,,,100.0,0.0,100.0,0.0,,,64.0,36.0,,,100.0,109.0,100.0,386.0,36,36,100.0,0.0,100.0,0.0,200.0,0.0,100.0,7106.0,100.0,35128808832.0,100.0,54531819154.0
2018-11-06,ZCH0D2M5,ST12000NM0007,12000138625024,0,80.0,97416136.0,95.0,0.0,100.0,4.0,100.0,0.0,88.0,672324549.0,92.0,7190.0,100.0,0.0,100.0,3.0,,,,,100.0,0.0,100.0,0.0,,,65.0,35.0,,,100.0,110.0,100.0,387.0,35.0,35.0,100.0,0.0,100.0,0.0,200.0,0.0,100.0,7130.0,100.0,35232584136.0,100.0,54708669170.0
2018-11-07,ZCH0D2M5,ST12000NM0007,12000138625024,0,77.0,49914344.0,95.0,0.0,100.0,4.0,100.0,0.0,88.0,674203142.0,92.0,7213.0,100.0,0.0,100.0,3.0,,,,,100.0,0.0,100.0,0.0,,,64.0,36.0,,,100.0,111.0,100.0,388.0,36.0,36.0,100.0,0.0,100.0,0.0,200.0,0.0,100.0,7154.0,100.0,35319455576.0,100.0,54818436762.0
2018-11-08,ZCH0D2M5,ST12000NM0007,12000138625024,0,71.0,11564256.0,95.0,0.0,100.0,4.0,100.0,0.0,88.0,676221554.0,92.0,7237.0,100.0,0.0,100.0,3.0,,,,,100.0,0.0,100.0,0.0,,,63.0,37.0,,,100.0,112.0,100.0,389.0,37.0,37.0,100.0,0.0,100.0,0.0,200.0,0.0,100.0,7177.0,100.0,35408481984.0,100.0,54935201234.0
2018-11-09,ZCH0D2M5,ST12000NM0007,12000138625024,0,81,118481616,95.0,0.0,100.0,4.0,100.0,0.0,88.0,678443797.0,92,7260,100.0,0.0,100,3,,,,,100.0,0.0,100.0,0.0,,,64.0,36.0,,,100.0,113.0,100.0,390.0,36,36,100.0,0.0,100.0,0.0,200.0,0.0,100.0,7200.0,100.0,35502831480.0,100.0,55191909786.0
2018-11-10,ZCH0D2M5,ST12000NM0007,12000138625024,0,81,113071800,95.0,0.0,100.0,4.0,100.0,0.0,88.0,680532771.0,92,7285,100.0,0.0,100,3,,,,,100.0,0.0,100.0,0.0,,,64.0,36.0,,,100.0,114.0,100.0,391.0,36,36,100.0,0.0,100.0,0.0,200.0,0.0,100.0,7225.0,100.0,35589241072.0,100.0,55344231802.0
2018-11-11,ZCH0D2M5,ST12000NM0007,12000138625024,0,83,190075288,95.0,0.0,100.0,4.0,100.0,0.0,88.0,682707423.0,92,7308,100.0,0.0,100,3,,,,,100.0,0.0,100.0,0.0,,,63.0,37.0,,,100.0,115.0,100.0,392.0,37,37,100.0,0.0,100.0,0.0,200.0,0.0,100.0,7248.0,100.0,35686470432.0,100.0,55568147490.0
2018-11-12,ZCH0D2M5,ST12000NM0007,12000138625024,0,74,24786368,95.0,0.0,100.0,4.0,100.0,0.0,88.0,685410902.0,92,7333,100.0,0.0,100,3,,,,,100.0,0.0,100.0,0.0,,,64.0,36.0,,,100.0,115.0,100.0,393.0,36,36,100.0,0.0,100.0,0.0,200.0,0.0,100.0,7272.0,100.0,35775102072.0,100.0,55802508746.0
2018-11-13,ZCH0D2M5,ST12000NM0007,12000138625024,0,77,47595168,95.0,0.0,100.0,4.0,100.0,0.0,88.0,687764243.0,92,7357,100.0,0.0,100,3,,,,,100.0,0.0,100.0,0.0,,,63.0,37.0,,,100.0,115.0,100.0,394.0,37,37,100.0,0.0,100.0,0.0,200.0,0.0,100.0,7296.0,100.0,35872431144.0,100.0,55972134866.0
2018-11-14,ZCH0D2M5,ST12000NM0007,12000138625024,0,80,103519424,95.0,0.0,100.0,4.0,100.0,0.0,88.0,690000408.0,92,7381,100.0,0.0,100,3,,,,,100.0,0.0,100.0,0.0,,,64.0,36.0,,,100.0,116.0,100.0,395.0,36,36,100.0,0.0,100.0,0.0,200.0,0.0,100.0,7320.0,100.0,35977785096.0,100.0,56166846610.0
2018-11-15,ZCH0D2M5,ST12000NM0007,12000138625024,0,82,176056752,95.0,0.0,100.0,4.0,100.0,0.0,88.0,692107012.0,92,7404,100.0,0.0,100,3,,,,,100.0,0.0,100.0,0.0,,,64.0,36.0,,,100.0,117.0,100.0,396.0,36,36,100.0,0.0,100.0,0.0,200.0,0.0,100.0,7344.0,100.0,36088331792.0,100.0,56372978058.0
2018-11-16,ZCH0D2M5,ST12000NM0007,12000138625024,0,83,198498680,95.0,0.0,100.0,4.0,100.0,0.0,88.0,694566289.0,92,7428,100.0,0.0,100,3,,,,,100.0,0.0,100.0,0.0,,,63.0,37.0,,,100.0,118.0,100.0,397.0,37,37,100.0,0.0,100.0,0.0,200.0,0.0,100.0,7368.0,100.0,36211770648.0,100.0,56516121818.0
2018-11-17,ZCH0D2M5,ST12000NM0007,12000138625024,0,72.0,15195688.0,95.0,0.0,100.0,4.0,100.0,0.0,88.0,696932774.0,92.0,7453.0,100.0,0.0,100.0,3.0,,,,,100.0,0.0,100.0,0.0,,,64.0,36.0,,,100.0,119.0,100.0,398.0,36.0,36.0,100.0,0.0,100.0,0.0,200.0,0.0,100.0,7392.0,100.0,36316209560.0,100.0,56716661602.0
2018-11-18,ZCH0D2M5,ST12000NM0007,12000138625024,0,80,106479776,95.0,0.0,100.0,4.0,100.0,0.0,88.0,699907021.0,92,7477,100.0,0.0,100,3,,,,,100.0,0.0,100.0,0.0,,,63.0,37.0,,,100.0,119.0,100.0,399.0,37,37,100.0,0.0,100.0,0.0,200.0,0.0,100.0,7416.0,100.0,36414495032.0,100.0,56953801058.0
2018-11-19,ZCH0D2M5,ST12000NM0007,12000138625024,0,83,185786088,95.0,0.0,100.0,4.0,100.0,0.0,88.0,702319568.0,92,7501,100.0,0.0,100,3,,,,,100.0,0.0,100.0,0.0,,,63.0,37.0,,,100.0,120.0,100.0,400.0,37,37,100.0,0.0,100.0,0.0,200.0,0.0,100.0,7440.0,100.0,36513491288.0,100.0,57178251810.0
2018-11-20,ZCH0D2M5,ST12000NM0007,12000138625024,0,84,237220944,95.0,0.0,100.0,4.0,100.0,0.0,88.0,704437927.0,92,7524,100.0,0.0,100,3,,,,,100.0,0.0,100.0,0.0,,,63.0,37.0,,,100.0,120.0,100.0,401.0,37,37,100.0,0.0,100.0,0.0,200.0,0.0,100.0,7463.0,100.0,36602020736.0,100.0,57385297850.0
2018-11-21,ZCH0D2M5,ST12000NM0007,12000138625024,0,78,69179664,95.0,0.0,100.0,4.0,100.0,0.0,88.0,706993564.0,92,7549,100.0,0.0,100,3,,,,,100.0,0.0,100.0,0.0,,,64.0,36.0,,,100.0,121.0,100.0,402.0,36,36,100.0,0.0,100.0,0.0,200.0,0.0,100.0,7488.0,100.0,36699824120.0,100.0,57607735154.0
2018-11-22,ZCH0D2M5,ST12000NM0007,12000138625024,0,80,91651344,95.0,0.0,100.0,4.0,100.0,0.0,89.0,709051565.0,92,7572,100.0,0.0,100,3,,,,,100.0,0.0,100.0,0.0,,,64.0,36.0,,,100.0,122.0,100.0,403.0,36,36,100.0,0.0,100.0,0.0,200.0,0.0,100.0,7511.0,100.0,36796913712.0,100.0,57777257938.0
2018-11-23,ZCH0D2M5,ST12000NM0007,12000138625024,0,82,176535336,95.0,0.0,100.0,4.0,100.0,0.0,89.0,711510954.0,92,7596,100.0,0.0,100,3,,,,,100.0,0.0,100.0,0.0,,,64.0,36.0,,,100.0,123.0,100.0,404.0,36,36,100.0,0.0,100.0,0.0,200.0,0.0,100.0,7535.0,100.0,36903579176.0,100.0,57999617138.0
2018-11-24,ZCH0D2M5,ST12000NM0007,12000138625024,0,74,26418856,95.0,0.0,100.0,4.0,100.0,0.0,89.0,714019892.0,92,7621,100.0,0.0,100,3,,,,,100.0,0.0,100.0,0.0,,,63.0,37.0,,,100.0,123.0,100.0,405.0,37,37,100.0,0.0,100.0,0.0,200.0,0.0,100.0,7559.0,100.0,36985831376.0,100.0,58255530482.0
2018-11-25,ZCH0D2M5,ST12000NM0007,12000138625024,0,80,103888096,95.0,0.0,100.0,4.0,100.0,0.0,89.0,716980459.0,92,7644,100.0,0.0,100,3,,,,,100.0,0.0,100.0,0.0,,,64.0,36.0,,,100.0,123.0,100.0,406.0,36,36,100.0,0.0,100.0,0.0,200.0,0.0,100.0,7582.0,100.0,37068186192.0,100.0,58494785722.0
2018-11-26,ZCH0D2M5,ST12000NM0007,12000138625024,0,83,179465424,95.0,0.0,100.0,4.0,100.0,0.0,89.0,719238153.0,92,7668,100.0,0.0,100,3,,,,,100.0,0.0,100.0,0.0,,,64.0,36.0,,,100.0,124.0,100.0,407.0,36,36,100.0,0.0,100.0,0.0,200.0,0.0,100.0,7607.0,100.0,37168770112.0,100.0,58713919818.0
2018-11-27,ZCH0D2M5,ST12000NM0007,12000138625024,0,83,181777384,95.0,0.0,100.0,4.0,100.0,0.0,89.0,721415298.0,92,7693,100.0,0.0,100,3,,,,,100.0,0.0,100.0,0.0,,,64.0,36.0,,,100.0,125.0,100.0,408.0,36,36,100.0,0.0,100.0,0.0,200.0,0.0,100.0,7631.0,100.0,37248509432.0,100.0,58880633186.0
2018-11-28,ZCH0D2M5,ST12000NM0007,12000138625024,0,83,211348880,95.0,0.0,100.0,4.0,100.0,0.0,89.0,723762518.0,92,7717,100.0,0.0,100,3,,,,,100.0,0.0,100.0,0.0,,,64.0,36.0,,,100.0,126.0,100.0,409.0,36,36,100.0,0.0,100.0,0.0,200.0,0.0,100.0,7655.0,100.0,37332500296.0,100.0,59070354586.0
2018-11-29,ZCH0D2M5,ST12000NM0007,12000138625024,0,76,43551008,95.0,0.0,100.0,4.0,100.0,0.0,89.0,726062094.0,92,7741,100.0,0.0,100,3,,,,,100.0,0.0,100.0,0.0,,,63.0,37.0,,,100.0,127.0,100.0,410.0,37,37,100.0,0.0,100.0,0.0,200.0,0.0,100.0,7679.0,100.0,37437818640.0,100.0,59285519858.0
2018-11-30,ZCH0D2M5,ST12000NM0007,12000138625024,0,82,159584048,95.0,0.0,100.0,4.0,100.0,0.0,89.0,728816712.0,92,7765,100.0,0.0,100,3,,,,,100.0,0.0,100.0,0.0,,,63.0,37.0,,,100.0,127.0,100.0,411.0,37,37,100.0,0.0,100.0,0.0,200.0,0.0,100.0,7702.0,100.0,37529546536.0,100.0,59553965674.0
2018-12-01,ZCH0D2M5,ST12000NM0007,12000138625024,0,83,194648032,95.0,0.0,100.0,4.0,100.0,0.0,89.0,731169631.0,92,7789,100.0,0.0,100,3,,,,,100.0,0.0,100.0,0.0,,,63.0,37.0,,,100.0,127.0,100.0,412.0,37,37,100.0,0.0,100.0,0.0,200.0,0.0,100.0,7727.0,100.0,37612229864.0,100.0,59750487210.0
2018-12-02,ZCH0D2M5,ST12000NM0007,12000138625024,0,79,75383280,95.0,0.0,100.0,4.0,100.0,0.0,89.0,734421320.0,92,7813,100.0,0.0,100,3,,,,,100.0,0.0,100.0,0.0,,,63.0,37.0,,,100.0,127.0,100.0,413.0,37,37,100.0,0.0,100.0,0.0,200.0,0.0,100.0,7750.0,100.0,37716000592.0,100.0,60015733202.0
2018-12-03,ZCH0D2M5,ST12000NM0007,12000138625024,0,79,80714408,95.0,0.0,100.0,4.0,100.0,0.0,89.0,736352748.0,92,7837,100.0,0.0,100,3,,,,,100.0,0.0,100.0,0.0,,,64.0,36.0,,,100.0,128.0,100.0,414.0,36,36,100.0,0.0,100.0,0.0,200.0,0.0,100.0,7774.0,100.0,37789444864.0,100.0,60191760874.0
2018-12-04,ZCH0D2M5,ST12000NM0007,12000138625024,0,80,91077528,95.0,0.0,100.0,4.0,100.0,0.0,89.0,738476844.0,92,7861,100.0,0.0,100,3,,,,,100.0,0.0,100.0,0.0,,,64.0,36.0,,,100.0,129.0,100.0,415.0,36,36,100.0,0.0,100.0,0.0,200.0,0.0,100.0,7798.0,100.0,37868648480.0,100.0,60367061018.0
2018-12-05,ZCH0D2M5,ST12000NM0007,12000138625024,0,82.0,170134416.0,95.0,0.0,100.0,4.0,100.0,0.0,89.0,741325624.0,91.0,7885.0,100.0,0.0,100.0,3.0,,,,,100.0,0.0,100.0,0.0,,,63.0,37.0,,,100.0,130.0,100.0,416.0,37.0,37.0,100.0,0.0,100.0,0.0,200.0,0.0,100.0,7822.0,100.0,37973087624.0,100.0,60585819530.0
2018-12-06,ZCH0D2M5,ST12000NM0007,12000138625024,0,83,201658032,95.0,0.0,100.0,4.0,100.0,0.0,89.0,743587637.0,91,7909,100.0,0.0,100,3,,,,,100.0,0.0,100.0,0.0,,,63.0,37.0,,,100.0,130.0,100.0,417.0,37,37,100.0,0.0,100.0,0.0,200.0,0.0,100.0,7846.0,100.0,38041365032.0,100.0,60793206466.0
2018-12-07,ZCH0D2M5,ST12000NM0007,12000138625024,0,74,24668488,95.0,0.0,100.0,4.0,100.0,0.0,89.0,746139760.0,91,7933,100.0,0.0,100,3,,,,,100.0,0.0,100.0,0.0,,,63.0,37.0,,,100.0,131.0,100.0,418.0,37,37,100.0,0.0,100.0,0.0,200.0,0.0,100.0,7869.0,100.0,38136218536.0,100.0,61009645410.0
2018-12-08,ZCH0D2M5,ST12000NM0007,12000138625024,0,76,38276592,95.0,0.0,100.0,4.0,100.0,0.0,89.0,748341406.0,91,7958,100.0,0.0,100,3,,,,,100.0,0.0,100.0,0.0,,,63.0,37.0,,,100.0,131.0,100.0,419.0,37,37,100.0,0.0,100.0,0.0,200.0,0.0,100.0,7894.0,100.0,38218039432.0,100.0,61185573266.0
2018-12-09,ZCH0D2M5,ST12000NM0007,12000138625024,0,77,49981384,95.0,0.0,100.0,4.0,100.0,0.0,89.0,750830302.0,91,7980,100.0,0.0,100,3,,,,,100.0,0.0,100.0,0.0,,,63.0,37.0,,,100.0,131.0,100.0,420.0,37,37,100.0,0.0,100.0,0.0,200.0,0.0,100.0,7916.0,100.0,38277535968.0,100.0,61381922338.0
2018-12-10,ZCH0D2M5,ST12000NM0007,12000138625024,0,78,69642976,95.0,0.0,100.0,4.0,100.0,0.0,89.0,753390837.0,91,8005,100.0,0.0,100,3,,,,,100.0,0.0,100.0,0.0,,,64.0,36.0,,,100.0,132.0,100.0,421.0,36,36,100.0,0.0,100.0,0.0,200.0,0.0,100.0,7941.0,100.0,38347144160.0,100.0,61576116378.0
2018-12-11,ZCH0D2M5,ST12000NM0007,12000138625024,0,79,77565408,95.0,0.0,100.0,4.0,100.0,0.0,89.0,755601114.0,91,8029,100.0,0.0,100,3,,,,,100.0,0.0,100.0,0.0,,,63.0,37.0,,,100.0,133.0,100.0,422.0,37,37,100.0,0.0,100.0,0.0,200.0,0.0,100.0,7964.0,100.0,38431501080.0,100.0,61743822530.0
2018-12-12,ZCH0D2M5,ST12000NM0007,12000138625024,0,81,133642208,95.0,0.0,100.0,4.0,100.0,0.0,89.0,758400994.0,91,8053,100.0,0.0,100,3,,,,,100.0,0.0,100.0,0.0,,,63.0,37.0,,,100.0,133.0,100.0,423.0,37,37,100.0,0.0,100.0,0.0,200.0,0.0,100.0,7989.0,100.0,38518446232.0,100.0,61957094842.0
2018-12-13,ZCH0D2M5,ST12000NM0007,12000138625024,0,82,163978936,95.0,0.0,100.0,4.0,100.0,0.0,89.0,760797349.0,91,8077,100.0,0.0,100,3,,,,,100.0,0.0,100.0,0.0,,,63.0,37.0,,,100.0,134.0,100.0,424.0,37,37,100.0,0.0,100.0,0.0,200.0,0.0,100.0,8013.0,100.0,38596976568.0,100.0,62153041906.0
2018-12-14,ZCH0D2M5,ST12000NM0007,12000138625024,0,83,199070192,95.0,0.0,100.0,4.0,100.0,0.0,89.0,763223075.0,91,8101,100.0,0.0,100,3,,,,,100.0,0.0,100.0,0.0,,,63.0,37.0,,,100.0,135.0,100.0,425.0,37,37,100.0,0.0,100.0,0.0,200.0,0.0,100.0,8036.0,100.0,38670443840.0,100.0,62358806618.0
2018-12-15,ZCH0D2M5,ST12000NM0007,12000138625024,0,84,228830808,95.0,0.0,100.0,4.0,100.0,0.0,89.0,765573122.0,91,8125,100.0,0.0,100,3,,,,,100.0,0.0,100.0,0.0,,,63.0,37.0,,,100.0,135.0,100.0,426.0,37,37,100.0,0.0,100.0,0.0,200.0,0.0,100.0,8061.0,100.0,38746312704.0,100.0,62556839162.0
2018-12-16,ZCH0D2M5,ST12000NM0007,12000138625024,0,74,25576552,95.0,0.0,100.0,4.0,100.0,0.0,89.0,767901710.0,91,8149,100.0,0.0,100,3,,,,,100.0,0.0,100.0,0.0,,,63.0,37.0,,,100.0,135.0,100.0,427.0,37,37,100.0,0.0,100.0,0.0,200.0,0.0,100.0,8085.0,100.0,38880132896.0,100.0,62708047026.0
2018-12-17,ZCH0D2M5,ST12000NM0007,12000138625024,0,81,127814008,95.0,0.0,100.0,4.0,100.0,0.0,89.0,771052711.0,91,8173,100.0,0.0,100,3,,,,,100.0,0.0,100.0,0.0,,,63.0,37.0,,,100.0,135.0,100.0,428.0,37,37,100.0,0.0,100.0,0.0,200.0,0.0,100.0,8108.0,100.0,38959452608.0,100.0,62975105402.0
2018-12-18,ZCH0D2M5,ST12000NM0007,12000138625024,0,81,139288040,95.0,0.0,100.0,4.0,100.0,0.0,89.0,773386760.0,91,8197,100.0,0.0,100,3,,,,,100.0,0.0,100.0,0.0,,,63.0,37.0,,,100.0,135.0,100.0,429.0,37,37,100.0,0.0,100.0,0.0,200.0,0.0,100.0,8133.0,100.0,39047787472.0,100.0,63142385242.0
2018-12-19,ZCH0D2M5,ST12000NM0007,12000138625024,0,83,201063720,95.0,0.0,100.0,4.0,100.0,0.0,89.0,775978607.0,91,8221,100.0,0.0,100,3,,,,,100.0,0.0,100.0,0.0,,,63.0,37.0,,,100.0,135.0,100.0,430.0,37,37,100.0,0.0,100.0,0.0,200.0,0.0,100.0,8156.0,100.0,39141097728.0,100.0,63354991474.0
2018-12-20,ZCH0D2M5,ST12000NM0007,12000138625024,0,84,231695552,95.0,0.0,100.0,4.0,100.0,0.0,89.0,778349888.0,91,8245,100.0,0.0,100,3,,,,,100.0,0.0,100.0,0.0,,,63.0,37.0,,,100.0,136.0,100.0,431.0,37,37,100.0,0.0,100.0,0.0,200.0,0.0,100.0,8180.0,100.0,39230683720.0,100.0,63540178034.0
2018-12-21,ZCH0D2M5,ST12000NM0007,12000138625024,0,76,39589184,95.0,0.0,100.0,4.0,100.0,0.0,89.0,780898483.0,91,8269,100.0,0.0,100,3,,,,,100.0,0.0,100.0,0.0,,,63.0,37.0,,,100.0,136.0,100.0,432.0,37,37,100.0,0.0,100.0,0.0,200.0,0.0,100.0,8204.0,100.0,39308262488.0,100.0,63758774434.0
2018-12-22,ZCH0D2M5,ST12000NM0007,12000138625024,0,79,77419264,95.0,0.0,100.0,4.0,100.0,0.0,89.0,783336082.0,91,8293,100.0,0.0,100,3,,,,,100.0,0.0,100.0,0.0,,,63.0,37.0,,,100.0,137.0,100.0,433.0,37,37,100.0,0.0,100.0,0.0,200.0,0.0,100.0,8228.0,100.0,39387825256.0,100.0,63961182498.0
2018-12-23,ZCH0D2M5,ST12000NM0007,12000138625024,0,80,90847064,95.0,0.0,100.0,4.0,100.0,0.0,89.0,785525112.0,91,8317,100.0,0.0,100,3,,,,,100.0,0.0,100.0,0.0,,,63.0,37.0,,,100.0,138.0,100.0,434.0,37,37,100.0,0.0,100.0,0.0,200.0,0.0,100.0,8252.0,100.0,39449029752.0,100.0,64157546434.0
2018-12-24,ZCH0D2M5,ST12000NM0007,12000138625024,0,81,127048016,95.0,0.0,100.0,4.0,100.0,0.0,89.0,787980327.0,91,8341,100.0,0.0,100,3,,,,,100.0,0.0,100.0,0.0,,,63.0,37.0,,,100.0,138.0,100.0,435.0,37,37,100.0,0.0,100.0,0.0,200.0,0.0,100.0,8276.0,100.0,39516425624.0,100.0,64370492170.0
2018-12-25,ZCH0D2M5,ST12000NM0007,12000138625024,0,83,193674440,95.0,0.0,100.0,4.0,100.0,0.0,89.0,791072167.0,91,8365,100.0,0.0,100,3,,,,,100.0,0.0,100.0,0.0,,,63.0,37.0,,,100.0,139.0,100.0,436.0,37,37,100.0,0.0,100.0,0.0,200.0,0.0,100.0,8300.0,100.0,39585506600.0,100.0,64612178714.0
2018-12-26,ZCH0D2M5,ST12000NM0007,12000138625024,0,66,4103592,95.0,0.0,100.0,4.0,100.0,0.0,89.0,793350578.0,91,8389,100.0,0.0,100,3,,,,,100.0,0.0,100.0,0.0,,,64.0,36.0,,,100.0,140.0,100.0,437.0,36,36,100.0,0.0,100.0,0.0,200.0,0.0,100.0,8324.0,100.0,39649633456.0,100.0,64846762818.0
2018-12-27,ZCH0D2M5,ST12000NM0007,12000138625024,0,84,231758216,95.0,0.0,100.0,4.0,100.0,0.0,89.0,795601104.0,91,8413,100.0,0.0,100,3,,,,,100.0,0.0,100.0,0.0,,,63.0,37.0,,,100.0,141.0,100.0,438.0,37,37,100.0,0.0,100.0,0.0,200.0,0.0,100.0,8348.0,100.0,39736638968.0,100.0,64987411930.0
2018-12-28,ZCH0D2M5,ST12000NM0007,12000138625024,0,76,38551696,95.0,0.0,100.0,4.0,100.0,0.0,89.0,798237831.0,91,8437,100.0,0.0,100,3,,,,,100.0,0.0,100.0,0.0,,,63.0,37.0,,,100.0,141.0,100.0,439.0,37,37,100.0,0.0,100.0,0.0,200.0,0.0,100.0,8371.0,100.0,39823112432.0,100.0,65196013506.0
2018-12-29,ZCH0D2M5,ST12000NM0007,12000138625024,0,84,230565144,95.0,0.0,100.0,4.0,100.0,0.0,89.0,800062761.0,91,8460,100.0,0.0,100,3,,,,,100.0,0.0,100.0,0.0,,,64.0,36.0,,,100.0,141.0,100.0,440.0,36,36,100.0,0.0,100.0,0.0,200.0,0.0,100.0,8395.0,100.0,39882700624.0,100.0,65328438762.0
2018-12-30,ZCH0D2M5,ST12000NM0007,12000138625024,0,83,179217488,95.0,0.0,100.0,4.0,100.0,0.0,89.0,801763213.0,91,8479,100.0,0.0,100,3,,,,,100.0,0.0,100.0,0.0,,,63.0,37.0,,,100.0,141.0,100.0,440.0,37,37,100.0,0.0,100.0,0.0,200.0,0.0,100.0,8413.0,100.0,39947125088.0,100.0,65456807418.0
2018-12-31,ZCH0D2M5,ST12000NM0007,12000138625024,0,83,181796752,95.0,0.0,100.0,4.0,100.0,0.0,89.0,803998835.0,91,8502,100.0,0.0,100,3,,,,,100.0,0.0,100.0,0.0,,,63.0,37.0,,,100.0,141.0,100.0,441.0,37,37,100.0,0.0,100.0,0.0,200.0,0.0,100.0,8437.0,100.0,40013623544.0,100.0,65637028978.0
