2018-05-16,ZJV02SG7,ST12000NM0007,12000138625024,0,81,140387808,97,0,100,2,100,0,62,1747992,100,167,100,0,100,2,,,,,100.0,0.0,100.0,0.0,,,80.0,20.0,,,100.0,1.0,100.0,420.0,20,20,100,0,100,0,200,0,100.0,24.0,100.0,603237520.0,100.0,269599898.0
2018-05-17,ZJV02SG7,ST12000NM0007,12000138625024,0,81,140934384,97,0,100,2,100,0,63,1798561,100,191,100,0,100,2,,,,,100.0,0.0,100.0,0.0,,,81.0,19.0,,,100.0,2.0,100.0,421.0,19,19,100,0,100,0,200,0,100.0,49.0,100.0,603584992.0,100.0,269799002.0
2018-05-18,ZJV02SG7,ST12000NM0007,12000138625024,0,82,141601500,96,0,100,3,100,0,63,1846325,100,219,100,0,100,3,,,,,100.0,0.0,100.0,0.0,,,81.0,19.0,,,100.0,2.0,100.0,427.0,19,19,100,0,100,0,200,0,100.0,76.0,100.0,603848696.0,100.0,270202414.0
2018-05-19,ZJV02SG7,ST12000NM0007,12000138625024,0,83,184803078,96,0,100,3,100,0,63,2128993,100,247,100,0,100,3,,,,,100.0,0.0,100.0,0.0,,,81.0,19.0,,,100.0,2.0,100.0,428.0,19,19,100,0,100,0,200,0,100.0,103.0,100.0,646796664.0,100.0,270456024.0
2018-05-20,ZJV02SG7,ST12000NM0007,12000138625024,0,83,185013030,96,0,100,3,100,0,63,2151927,100,271,100,0,100,3,,,,,100.0,0.0,100.0,0.0,,,81.0,19.0,,,100.0,3.0,100.0,429.0,19,19,100,0,100,0,200,0,100.0,127.0,100.0,646807512.0,100.0,270655128.0
2018-05-21,ZJV02SG7,ST12000NM0007,12000138625024,0,83,185215502,96,0,100,3,100,0,63,2174278,100,294,100,0,100,3,,,,,100.0,0.0,100.0,0.0,,,81.0,19.0,,,100.0,4.0,100.0,430.0,19,19,100,0,100,0,200,0,100.0,151.0,100.0,646819176.0,100.0,270845936.0
2018-05-22,ZJV02SG7,ST12000NM0007,12000138625024,0,83,185425790,96,0,100,3,100,0,63,2197234,100,319,100,0,100,3,,,,,100.0,0.0,100.0,0.0,,,79.0,21.0,,,100.0,5.0,100.0,431.0,21,21,100,0,100,0,200,0,100.0,175.0,100.0,646830360.0,100.0,271045040.0
2018-05-23,ZJV02SG7,ST12000NM0007,12000138625024,0,83,185627350,96,0,100,3,100,0,63,2219288,100,342,100,0,100,3,,,,,100.0,0.0,100.0,0.0,,,80.0,20.0,,,100.0,6.0,100.0,432.0,20,20,100,0,100,0,200,0,100.0,198.0,100.0,646841112.0,100.0,271235848.0
2018-05-24,ZJV02SG7,ST12000NM0007,12000138625024,0,83,185837950,96,0,100,3,100,0,64,2242075,100,367,100,0,100,3,,,,,100.0,0.0,100.0,0.0,,,80.0,20.0,,,100.0,7.0,100.0,433.0,20,20,100,0,100,0,200,0,100.0,223.0,100.0,646852608.0,100.0,271434952.0
2018-05-25,ZJV02SG7,ST12000NM0007,12000138625024,0,83,186048822,96,0,100,3,100,0,64,2265148,100,391,100,0,100,3,,,,,100.0,0.0,100.0,0.0,,,80.0,20.0,,,100.0,8.0,100.0,434.0,20,20,100,0,100,0,200,0,100.0,247.0,100.0,646863576.0,100.0,271634856.0
2018-05-26,ZJV02SG7,ST12000NM0007,12000138625024,0,83,186250262,96,0,100,3,100,0,64,2286839,100,414,100,0,100,3,,,,,100.0,0.0,100.0,0.0,,,79.0,21.0,,,100.0,9.0,100.0,435.0,21,21,100,0,100,0,200,0,100.0,270.0,100.0,646874208.0,100.0,271825664.0
2018-05-27,ZJV02SG7,ST12000NM0007,12000138625024,0,83,186460262,96,0,100,3,100,0,64,2309889,100,439,100,0,100,3,,,,,100.0,0.0,100.0,0.0,,,80.0,20.0,,,100.0,10.0,100.0,436.0,20,20,100,0,100,0,200,0,100.0,295.0,100.0,646885104.0,100.0,272024768.0
2018-05-28,ZJV02SG7,ST12000NM0007,12000138625024,0,83,186662190,96,0,100,3,100,0,64,2331962,100,462,100,0,100,3,,,,,100.0,0.0,100.0,0.0,,,80.0,20.0,,,100.0,11.0,100.0,437.0,20,20,100,0,100,0,200,0,100.0,318.0,100.0,646896224.0,100.0,272215576.0
2018-05-29,ZJV02SG7,ST12000NM0007,12000138625024,0,83,186871238,96,0,100,3,100,0,64,2355250,100,487,100,0,100,3,,,,,100.0,0.0,100.0,0.0,,,75.0,25.0,,,100.0,12.0,100.0,438.0,25,25,100,0,100,0,200,0,100.0,342.0,100.0,646906168.0,100.0,272414680.0
2018-05-30,ZJV02SG7,ST12000NM0007,12000138625024,0,83,187080334,96,0,100,3,100,0,64,2378200,100,511,100,0,100,3,,,,,100.0,0.0,100.0,0.0,,,75.0,25.0,,,100.0,13.0,100.0,439.0,25,25,100,0,100,0,200,0,100.0,367.0,100.0,646916160.0,100.0,272613784.0
2018-05-31,ZJV02SG7,ST12000NM0007,12000138625024,0,83,187280718,96,0,100,3,100,0,64,2399861,100,534,100,0,100,3,,,,,100.0,0.0,100.0,0.0,,,75.0,25.0,,,100.0,14.0,100.0,440.0,25,25,100,0,100,0,200,0,100.0,390.0,100.0,646925736.0,100.0,272804592.0
2018-06-01,ZJV02SG7,ST12000NM0007,12000138625024,0,83,187489654,96,0,100,3,100,0,64,2422607,100,559,100,0,100,3,,,,,100.0,0.0,100.0,0.0,,,75.0,25.0,,,100.0,15.0,100.0,441.0,25,25,100,0,100,0,200,0,100.0,414.0,100.0,646935568.0,100.0,273003696.0
2018-06-02,ZJV02SG7,ST12000NM0007,12000138625024,0,83,187690638,96,0,100,3,100,0,64,2444181,100,582,100,0,100,3,,,,,100.0,0.0,100.0,0.0,,,75.0,25.0,,,100.0,16.0,100.0,442.0,25,25,100,0,100,0,200,0,100.0,437.0,100.0,646945744.0,100.0,273194504.0
2018-06-03,ZJV02SG7,ST12000NM0007,12000138625024,0,83,187900358,96,0,100,3,100,0,64,2466929,100,607,100,0,100,3,,,,,100.0,0.0,100.0,0.0,,,75.0,25.0,,,100.0,17.0,100.0,443.0,25,25,100,0,100,0,200,0,100.0,461.0,100.0,646956360.0,100.0,273393608.0
2018-06-04,ZJV02SG7,ST12000NM0007,12000138625024,0,83,188111062,96,0,100,3,100,0,64,2489580,100,631,100,0,100,3,,,,,100.0,0.0,100.0,0.0,,,75.0,25.0,,,100.0,18.0,100.0,444.0,25,25,100,0,100,0,200,0,100.0,486.0,100.0,646967960.0,100.0,273592712.0
2018-06-05,ZJV02SG7,ST12000NM0007,12000138625024,0,83,188312446,96,0,100,3,100,0,64,2511510,100,654,100,0,100,3,,,,,100.0,0.0,100.0,0.0,,,80.0,20.0,,,100.0,19.0,100.0,445.0,20,20,100,0,100,0,200,0,100.0,509.0,100.0,646978536.0,100.0,273783520.0
2018-06-06,ZJV02SG7,ST12000NM0007,12000138625024,0,83,188522174,96,0,100,3,100,0,64,2534139,100,679,100,0,100,3,,,,,100.0,0.0,100.0,0.0,,,81.0,19.0,,,100.0,20.0,100.0,446.0,19,19,100,0,100,0,200,0,100.0,533.0,100.0,646989160.0,100.0,273982624.0
2018-06-07,ZJV02SG7,ST12000NM0007,12000138625024,0,83,188711296,94,0,100,4,100,0,64,2550776,100,696,100,0,100,4,,,,,100.0,0.0,100.0,0.0,,,81.0,19.0,,,100.0,21.0,100.0,449.0,19,19,100,0,100,0,200,0,100.0,550.0,100.0,646997096.0,100.0,274163810.0
2018-06-08,ZJV02SG7,ST12000NM0007,12000138625024,0,83,194482592,94,0,100,4,100,0,64,2650345,100,717,100,0,100,4,,,,,100.0,0.0,100.0,0.0,,,81.0,19.0,,,100.0,22.0,100.0,451.0,19,19,100,0,100,0,200,0,100.0,570.0,100.0,652599448.0,100.0,274332754.0
2018-06-09,ZJV02SG7,ST12000NM0007,12000138625024,0,83,194728906,94,0,100,4,100,0,64,2672678,100,740,100,0,100,4,,,,,100.0,0.0,100.0,0.0,,,81.0,19.0,,,100.0,22.0,100.0,452.0,19,19,100,0,100,0,200,0,100.0,594.0,100.0,652615664.0,100.0,274562852.0
2018-06-10,ZJV02SG7,ST12000NM0007,12000138625024,0,83,194939858,94,0,100,4,100,0,64,2695352,100,764,100,0,100,4,,,,,100.0,0.0,100.0,0.0,,,81.0,19.0,,,100.0,23.0,100.0,453.0,19,19,100,0,100,0,200,0,100.0,618.0,100.0,652627504.0,100.0,274761964.0
2018-06-11,ZJV02SG7,ST12000NM0007,12000138625024,0,83,195150458,94,0,100,4,100,0,64,2718011,100,789,100,0,100,4,,,,,100.0,0.0,100.0,0.0,,,82.0,18.0,,,100.0,24.0,100.0,454.0,18,18,100,0,100,0,200,0,100.0,642.0,100.0,652639000.0,100.0,274961068.0
2018-06-12,ZJV02SG7,ST12000NM0007,12000138625024,0,75,34929120,94,0,100,4,100,0,65,3318345,100,812,100,0,100,4,,,,,100.0,0.0,100.0,0.0,,,81.0,19.0,,,100.0,25.0,100.0,455.0,19,19,100,0,100,0,200,0,100.0,665.0,100.0,687379096.0,100.0,324140516.0
2018-06-13,ZJV02SG7,ST12000NM0007,12000138625024,0,82,155879112,94,0,100,4,100,0,68,5992552,100,837,100,0,100,4,,,,,100.0,0.0,100.0,0.0,,,81.0,19.0,,,100.0,25.0,100.0,456.0,19,19,100,0,100,0,200,0,100.0,690.0,100.0,899902832.0,100.0,476707620.0
2018-06-14,ZJV02SG7,ST12000NM0007,12000138625024,0,83,200214224,94,0,100,4,100,0,70,9257772,100,860,100,0,100,4,,,,,100.0,0.0,100.0,0.0,,,80.0,20.0,,,100.0,25.0,100.0,457.0,20,20,100,0,100,0,200,0,100.0,713.0,100.0,1198265680.0,100.0,710961340.0
2018-06-15,ZJV02SG7,ST12000NM0007,12000138625024,0,84.0,225551136.0,94.0,0.0,100.0,4.0,100.0,0.0,71.0,12401548.0,99.0,883.0,100.0,0.0,100.0,4.0,,,,,100.0,0.0,100.0,0.0,,,82.0,18.0,,,100.0,25.0,100.0,458.0,18.0,18.0,100.0,0.0,100.0,0.0,200.0,0.0,100.0,736.0,100.0,1507041048.0,100.0,915804180.0
2018-06-16,ZJV02SG7,ST12000NM0007,12000138625024,0,79.0,75649688.0,94.0,0.0,100.0,4.0,100.0,0.0,72.0,15774541.0,99.0,907.0,100.0,0.0,100.0,4.0,,,,,100.0,0.0,100.0,0.0,,,82.0,18.0,,,100.0,25.0,100.0,459.0,18.0,18.0,100.0,0.0,100.0,0.0,200.0,0.0,100.0,760.0,100.0,1834975928.0,100.0,1170390404.0
2018-06-17,ZJV02SG7,ST12000NM0007,12000138625024,0,77.0,49823032.0,94.0,0.0,100.0,4.0,100.0,0.0,73.0,18855899.0,99.0,932.0,100.0,0.0,100.0,4.0,,,,,100.0,0.0,100.0,0.0,,,82.0,18.0,,,100.0,25.0,100.0,460.0,18.0,18.0,100.0,0.0,100.0,0.0,200.0,0.0,100.0,784.0,100.0,2092437152.0,100.0,1375383924.0
2018-06-18,ZJV02SG7,ST12000NM0007,12000138625024,0,81.0,133788808.0,94.0,0.0,100.0,4.0,100.0,0.0,73.0,22182212.0,99.0,956.0,100.0,0.0,100.0,4.0,,,,,100.0,0.0,100.0,0.0,,,82.0,18.0,,,100.0,25.0,100.0,461.0,18.0,18.0,100.0,0.0,100.0,0.0,200.0,0.0,100.0,809.0,100.0,2400830616.0,100.0,1639237764.0
2018-06-19,ZJV02SG7,ST12000NM0007,12000138625024,0,83,223561554,93,0,100,5,100,0,74,25801303,99,985,100,0,100,5,,,,,100.0,0.0,100.0,0.0,,,75.0,25.0,,,100.0,26.0,100.0,465.0,25,25,100,0,100,0,200,0,100.0,837.0,100.0,2685492272.0,100.0,1932630214.0
2018-06-20,ZJV02SG7,ST12000NM0007,12000138625024,0,77,48810016,93,0,100,5,100,0,75,29126469,99,1009,100,0,100,5,,,,,100.0,0.0,100.0,0.0,,,77.0,23.0,,,100.0,26.0,100.0,466.0,23,23,100,0,100,0,200,0,100.0,861.0,100.0,2963265112.0,100.0,2212528502.0
2018-06-21,ZJV02SG7,ST12000NM0007,12000138625024,0,79,77760264,93,0,100,5,100,0,75,32399696,99,1033,100,0,100,5,,,,,100.0,0.0,100.0,0.0,,,77.0,23.0,,,100.0,26.0,100.0,467.0,23,23,100,0,100,0,200,0,100.0,885.0,100.0,3241418856.0,100.0,2451606726.0
2018-06-22,ZJV02SG7,ST12000NM0007,12000138625024,0,81,116750320,93,0,100,5,100,0,76,35643634,99,1057,100,0,100,5,,,,,100.0,0.0,100.0,0.0,,,78.0,22.0,,,100.0,26.0,100.0,468.0,22,22,100,0,100,0,200,0,100.0,909.0,100.0,3500395296.0,100.0,2719901894.0
2018-06-23,ZJV02SG7,ST12000NM0007,12000138625024,0,81,135432808,93,0,100,5,100,0,76,38700826,99,1081,100,0,100,5,,,,,100.0,0.0,100.0,0.0,,,78.0,22.0,,,100.0,26.0,100.0,469.0,22,22,100,0,100,0,200,0,100.0,933.0,100.0,3742967248.0,100.0,2984294294.0
2018-06-24,ZJV02SG7,ST12000NM0007,12000138625024,0,81,140276760,93,0,100,5,100,0,76,41899377,99,1105,100,0,100,5,,,,,100.0,0.0,100.0,0.0,,,78.0,22.0,,,100.0,26.0,100.0,470.0,22,22,100,0,100,0,200,0,100.0,957.0,100.0,4000696664.0,100.0,3219690246.0
2018-06-25,ZJV02SG7,ST12000NM0007,12000138625024,0,82,163375144,93,0,100,5,100,0,77,45131788,99,1129,100,0,100,5,,,,,100.0,0.0,100.0,0.0,,,78.0,22.0,,,100.0,26.0,100.0,471.0,22,22,100,0,100,0,200,0,100.0,981.0,100.0,4277900400.0,100.0,3453866358.0
2018-06-26,ZJV02SG7,ST12000NM0007,12000138625024,0,83,205377256,93,0,100,5,100,0,77,48484654,99,1153,100,0,100,5,,,,,100.0,0.0,100.0,0.0,,,80.0,20.0,,,100.0,26.0,100.0,472.0,20,20,100,0,100,0,200,0,100.0,1005.0,100.0,4567971048.0,100.0,3694079502.0
2018-06-27,ZJV02SG7,ST12000NM0007,12000138625024,0,84,242625920,93,0,100,5,100,0,77,51819018,99,1177,100,0,100,5,,,,,100.0,0.0,100.0,0.0,,,80.0,20.0,,,100.0,26.0,100.0,473.0,20,20,100,0,100,0,200,0,100.0,1028.0,100.0,4847240008.0,100.0,3940340590.0
2018-06-28,ZJV02SG7,ST12000NM0007,12000138625024,0,80,95431040,93,0,100,5,100,0,77,55419108,99,1201,100,0,100,5,,,,,100.0,0.0,100.0,0.0,,,80.0,20.0,,,100.0,26.0,100.0,474.0,20,20,100,0,100,0,200,0,100.0,1053.0,100.0,5153340008.0,100.0,4219467782.0
2018-06-29,ZJV02SG7,ST12000NM0007,12000138625024,0,82,142906504,93,0,100,5,100,0,78,58737727,99,1224,100,0,100,5,,,,,100.0,0.0,100.0,0.0,,,80.0,20.0,,,100.0,26.0,100.0,475.0,20,20,100,0,100,0,200,0,100.0,1076.0,100.0,5399811376.0,100.0,4508753414.0
2018-06-30,ZJV02SG7,ST12000NM0007,12000138625024,0,77,48353056,93,0,100,5,100,0,78,62600296,99,1249,100,0,100,5,,,,,100.0,0.0,100.0,0.0,,,80.0,20.0,,,100.0,26.0,100.0,476.0,20,20,100,0,100,0,200,0,100.0,1101.0,100.0,5731023288.0,100.0,4815410294.0
2018-07-01,ZJV02SG7,ST12000NM0007,12000138625024,0,79,85920192,93,0,100,5,100,0,78,66073808,99,1274,100,0,100,5,,,,,100.0,0.0,100.0,0.0,,,80.0,20.0,,,100.0,26.0,100.0,477.0,20,20,100,0,100,0,200,0,100.0,1125.0,100.0,5988442472.0,100.0,5083839582.0
2018-07-02,ZJV02SG7,ST12000NM0007,12000138625024,0,83,201818520,93,0,100,5,100,0,78,69682016,99,1297,100,0,100,5,,,,,100.0,0.0,100.0,0.0,,,80.0,20.0,,,100.0,26.0,100.0,478.0,20,20,100,0,100,0,200,0,100.0,1148.0,100.0,6288283408.0,100.0,5388178782.0
2018-07-03,ZJV02SG7,ST12000NM0007,12000138625024,0,80,109068800,93,0,100,5,100,0,79,73528111,99,1321,100,0,100,5,,,,,100.0,0.0,100.0,0.0,,,77.0,23.0,,,100.0,26.0,100.0,479.0,23,23,100,0,100,0,200,0,100.0,1172.0,100.0,6602892824.0,100.0,5713242334.0
2018-07-04,ZJV02SG7,ST12000NM0007,12000138625024,0,84,235385016,93,0,100,5,100,0,79,77286412,99,1345,100,0,100,5,,,,,100.0,0.0,100.0,0.0,,,78.0,22.0,,,100.0,26.0,100.0,480.0,22,22,100,0,100,0,200,0,100.0,1196.0,100.0,6904404632.0,100.0,6026328406.0
2018-07-05,ZJV02SG7,ST12000NM0007,12000138625024,0,81,122806104,93,0,100,5,100,0,79,81070574,99,1369,100,0,100,5,,,,,100.0,0.0,100.0,0.0,,,78.0,22.0,,,100.0,26.0,100.0,481.0,22,22,100,0,100,0,200,0,100.0,1220.0,100.0,7206416512.0,100.0,6344159814.0
2018-07-06,ZJV02SG7,ST12000NM0007,12000138625024,0,82,168617472,93,0,100,5,100,0,79,84623963,99,1393,100,0,100,5,,,,,100.0,0.0,100.0,0.0,,,80.0,20.0,,,100.0,26.0,100.0,482.0,20,20,100,0,100,0,200,0,100.0,1244.0,100.0,7470241024.0,100.0,6614428270.0
2018-07-07,ZJV02SG7,ST12000NM0007,12000138625024,0,73,21200864,93,0,100,5,100,0,79,88290345,99,1417,100,0,100,5,,,,,100.0,0.0,100.0,0.0,,,78.0,22.0,,,100.0,26.0,100.0,483.0,22,22,100,0,100,0,200,0,100.0,1268.0,100.0,7754850560.0,100.0,6914824806.0
2018-07-08,ZJV02SG7,ST12000NM0007,12000138625024,0,81,115309216,93,0,100,5,100,0,80,91953786,99,1441,100,0,100,5,,,,,100.0,0.0,100.0,0.0,,,79.0,21.0,,,100.0,26.0,100.0,484.0,21,21,100,0,100,0,200,0,100.0,1292.0,100.0,8033605544.0,100.0,7218459934.0
2018-07-09,ZJV02SG7,ST12000NM0007,12000138625024,0,79,78766240,93,0,100,5,100,0,80,94894911,99,1465,100,0,100,5,,,,,100.0,0.0,100.0,0.0,,,78.0,22.0,,,100.0,27.0,100.0,485.0,22,22,100,0,100,0,200,0,100.0,1316.0,100.0,8208924720.0,100.0,7494879518.0
2018-07-10,ZJV02SG7,ST12000NM0007,12000138625024,0,83.0,223659448.0,93.0,0.0,100.0,5.0,100.0,0.0,80.0,97493423.0,99.0,1491.0,100.0,0.0,100.0,5.0,,,,,100.0,0.0,100.0,0.0,,,78.0,22.0,,,100.0,27.0,100.0,487.0,22.0,22.0,100.0,0.0,100.0,0.0,200.0,0.0,100.0,1342.0,100.0,8338501744.0,100.0,7754336366.0
2018-07-11,ZJV02SG7,ST12000NM0007,12000138625024,0,83,183588856,93,0,100,5,100,0,80,100091497,99,1511,100,0,100,5,,,,,100.0,0.0,100.0,0.0,,,78.0,22.0,,,100.0,27.0,100.0,488.0,22,22,100,0,100,0,200,0,100.0,1362.0,100.0,8495529192.0,100.0,8045520054.0
2018-07-12,ZJV02SG7,ST12000NM0007,12000138625024,0,75,32241576,93,0,100,5,100,0,80,103584854,99,1533,100,0,100,5,,,,,100.0,0.0,100.0,0.0,,,77.0,23.0,,,100.0,27.0,100.0,489.0,23,23,100,0,100,0,200,0,100.0,1384.0,100.0,8765572192.0,100.0,8356552342.0
2018-07-13,ZJV02SG7,ST12000NM0007,12000138625024,0,83,188127160,93,0,100,5,100,0,80,107618852,99,1559,100,0,100,5,,,,,100.0,0.0,100.0,0.0,,,78.0,22.0,,,100.0,27.0,100.0,490.0,22,22,100,0,100,0,200,0,100.0,1410.0,100.0,9050409368.0,100.0,8715882278.0
2018-07-14,ZJV02SG7,ST12000NM0007,12000138625024,0,84,242058696,93,0,100,5,100,0,80,111100059,99,1583,100,0,100,5,,,,,100.0,0.0,100.0,0.0,,,78.0,22.0,,,100.0,27.0,100.0,491.0,22,22,100,0,100,0,200,0,100.0,1433.0,100.0,9319377488.0,100.0,8989127310.0
2018-07-15,ZJV02SG7,ST12000NM0007,12000138625024,0,76,37344952,93,0,100,5,100,0,81,113204287,99,1599,100,0,100,5,,,,,100.0,0.0,100.0,0.0,,,77.0,23.0,,,100.0,27.0,100.0,492.0,23,23,100,0,100,0,200,0,100.0,1449.0,100.0,9457636200.0,100.0,9134436406.0
2018-07-16,ZJV02SG7,ST12000NM0007,12000138625024,0,82,157845632,93,0,100,5,100,0,81,117622499,99,1632,100,0,100,5,,,,,100.0,0.0,100.0,0.0,,,78.0,22.0,,,100.0,27.0,100.0,493.0,22,22,100,0,100,0,200,0,100.0,1482.0,100.0,9729231680.0,100.0,9471623326.0
2018-07-17,ZJV02SG7,ST12000NM0007,12000138625024,0,80,96485752,93,0,100,5,100,0,81,120787190,99,1656,100,0,100,5,,,,,100.0,0.0,100.0,0.0,,,79.0,21.0,,,100.0,27.0,100.0,494.0,21,21,100,0,100,0,200,0,100.0,1506.0,100.0,9920984632.0,100.0,9706792078.0
2018-07-18,ZJV02SG7,ST12000NM0007,12000138625024,0,75,35228288,93,0,100,5,100,0,81,123998894,99,1680,100,0,100,5,,,,,100.0,0.0,100.0,0.0,,,79.0,21.0,,,100.0,27.0,100.0,495.0,21,21,100,0,100,0,200,0,100.0,1530.0,100.0,10111589880.0,100.0,9943210662.0
2018-07-19,ZJV02SG7,ST12000NM0007,12000138625024,0,83,200778720,93,0,100,5,100,0,81,127111088,99,1704,100,0,100,5,,,,,100.0,0.0,100.0,0.0,,,79.0,21.0,,,100.0,27.0,100.0,496.0,21,21,100,0,100,0,200,0,100.0,1554.0,100.0,10308853872.0,100.0,10155637846.0
2018-07-20,ZJV02SG7,ST12000NM0007,12000138625024,0,81,133530168,93,0,100,5,100,0,81,130110667,99,1727,100,0,100,5,,,,,100.0,0.0,100.0,0.0,,,79.0,21.0,,,100.0,27.0,100.0,497.0,21,21,100,0,100,0,200,0,100.0,1577.0,100.0,10486924568.0,100.0,10398600190.0
2018-07-21,ZJV02SG7,ST12000NM0007,12000138625024,0,77,50503840,93,0,100,5,100,0,81,133020347,99,1751,100,0,100,5,,,,,100.0,0.0,100.0,0.0,,,79.0,21.0,,,100.0,27.0,100.0,498.0,21,21,100,0,100,0,200,0,100.0,1601.0,100.0,10645233816.0,100.0,10645545950.0
2018-07-22,ZJV02SG7,ST12000NM0007,12000138625024,0,83,210886664,93,0,100,5,100,0,81,136078963,98,1776,100,0,100,5,,,,,100.0,0.0,100.0,0.0,,,80.0,20.0,,,100.0,27.0,100.0,499.0,20,20,100,0,100,0,200,0,100.0,1625.0,100.0,10817084064.0,100.0,10878219358.0
2018-07-23,ZJV02SG7,ST12000NM0007,12000138625024,0,80,109369728,93,0,100,5,100,0,81,138996396,98,1799,100,0,100,5,,,,,100.0,0.0,100.0,0.0,,,79.0,21.0,,,100.0,27.0,100.0,500.0,21,21,100,0,100,0,200,0,100.0,1649.0,100.0,10981201616.0,100.0,11100866534.0
2018-07-24,ZJV02SG7,ST12000NM0007,12000138625024,0,75,28745104,93,0,100,5,100,0,82,142056068,98,1823,100,0,100,5,,,,,100.0,0.0,100.0,0.0,,,80.0,20.0,,,100.0,27.0,100.0,501.0,20,20,100,0,100,0,200,0,100.0,1672.0,100.0,11179700440.0,100.0,11310024526.0
2018-07-25,ZJV02SG7,ST12000NM0007,12000138625024,0,83.0,204124600.0,93.0,0.0,100.0,5.0,100.0,0.0,82.0,145172234.0,98.0,1847.0,100.0,0.0,100.0,5.0,,,,,100.0,0.0,100.0,0.0,,,79.0,21.0,,,100.0,27.0,100.0,502.0,21.0,21.0,100.0,0.0,100.0,0.0,200.0,0.0,100.0,1696.0,100.0,11392976160.0,100.0,11516268966.0
2018-07-26,ZJV02SG7,ST12000NM0007,12000138625024,0,84,242463512,93,0,100,5,100,0,82,148719630,98,1871,100,0,100,5,,,,,100.0,0.0,100.0,0.0,,,78.0,22.0,,,100.0,27.0,100.0,503.0,22,22,100,0,100,0,200,0,100.0,1720.0,100.0,11634623144.0,100.0,11801242726.0
2018-07-27,ZJV02SG7,ST12000NM0007,12000138625024,0,84,236289904,93,0,100,5,100,0,82,152004891,98,1894,100,0,100,5,,,,,100.0,0.0,100.0,0.0,,,77.0,23.0,,,100.0,27.0,100.0,505.0,23,23,100,0,100,0,200,0,100.0,1743.0,100.0,11856229552.0,100.0,12061744166.0
2018-07-28,ZJV02SG7,ST12000NM0007,12000138625024,0,71,12296264,93,0,100,5,100,0,82,155464896,98,1918,100,0,100,5,,,,,100.0,0.0,100.0,0.0,,,78.0,22.0,,,100.0,27.0,100.0,506.0,22,22,100,0,100,0,200,0,100.0,1767.0,100.0,12079628000.0,100.0,12346774406.0
2018-07-30,ZJV02SG7,ST12000NM0007,12000138625024,0,83,208779744,93,0,100,5,100,0,82,161976210,98,1965,100,0,100,5,,,,,100.0,0.0,100.0,0.0,,,78.0,22.0,,,100.0,28.0,100.0,508.0,22,22,100,0,100,0,200,0,100.0,1814.0,100.0,12480486536.0,100.0,12874821350.0
2018-07-31,ZJV02SG7,ST12000NM0007,12000138625024,0,83,215579288,93,0,100,5,100,0,82,165403424,98,1989,100,0,100,5,,,,,100.0,0.0,100.0,0.0,,,79.0,21.0,,,100.0,28.0,100.0,509.0,21,21,100,0,100,0,200,0,100.0,1838.0,100.0,12690826000.0,100.0,13159562806.0
2018-08-01,ZJV02SG7,ST12000NM0007,12000138625024,0,82,177622872,93,0,100,5,100,0,82,168671364,98,2014,100,0,100,5,,,,,100.0,0.0,100.0,0.0,,,80.0,20.0,,,100.0,28.0,100.0,510.0,20,20,100,0,100,0,200,0,100.0,1863.0,100.0,12886477056.0,100.0,13414236910.0
2018-08-02,ZJV02SG7,ST12000NM0007,12000138625024,0,81,140970808,93,0,100,5,100,0,82,171790625,98,2037,100,0,100,5,,,,,100.0,0.0,100.0,0.0,,,81.0,19.0,,,100.0,28.0,100.0,511.0,19,19,100,0,100,0,200,0,100.0,1885.0,100.0,13084438744.0,100.0,13667904830.0
2018-08-03,ZJV02SG7,ST12000NM0007,12000138625024,0,81,136643824,93,0,100,5,100,0,82,175266862,98,2062,100,0,100,5,,,,,100.0,0.0,100.0,0.0,,,81.0,19.0,,,100.0,28.0,100.0,512.0,19,19,100,0,100,0,200,0,100.0,1910.0,100.0,13324710312.0,100.0,13911587710.0
2018-08-04,ZJV02SG7,ST12000NM0007,12000138625024,0,79,82023032,93,0,100,5,100,0,83,178213822,98,2087,100,0,100,5,,,,,100.0,0.0,100.0,0.0,,,80.0,20.0,,,100.0,28.0,100.0,513.0,20,20,100,0,100,0,200,0,100.0,1935.0,100.0,13499056072.0,100.0,14170902542.0
2018-08-05,ZJV02SG7,ST12000NM0007,12000138625024,0,82,173484624,93,0,100,5,100,0,83,180866143,98,2110,100,0,100,5,,,,,100.0,0.0,100.0,0.0,,,80.0,20.0,,,100.0,28.0,100.0,514.0,20,20,100,0,100,0,200,0,100.0,1959.0,100.0,13643969448.0,100.0,14361591590.0
2018-08-06,ZJV02SG7,ST12000NM0007,12000138625024,0,82,176865448,93,0,100,5,100,0,83,184065002,98,2134,100,0,100,5,,,,,100.0,0.0,100.0,0.0,,,80.0,20.0,,,100.0,28.0,100.0,515.0,20,20,100,0,100,0,200,0,100.0,1982.0,100.0,13890770736.0,100.0,14606452534.0
2018-08-07,ZJV02SG7,ST12000NM0007,12000138625024,0,81,137303848,93,0,100,5,100,0,83,187304027,98,2157,100,0,100,5,,,,,100.0,0.0,100.0,0.0,,,77.0,23.0,,,100.0,28.0,100.0,516.0,23,23,100,0,100,0,200,0,100.0,2005.0,100.0,14147947376.0,100.0,14797995894.0
2018-08-08,ZJV02SG7,ST12000NM0007,12000138625024,0,83,177859808,93,0,100,5,100,0,83,190973023,98,2182,100,0,100,5,,,,,100.0,0.0,100.0,0.0,,,76.0,24.0,,,100.0,28.0,100.0,517.0,24,24,100,0,100,0,200,0,100.0,2030.0,100.0,14460573032.0,100.0,15014207702.0
2018-08-09,ZJV02SG7,ST12000NM0007,12000138625024,0,79,76321040,93,0,100,5,100,0,83,195049723,98,2209,100,0,100,5,,,,,100.0,0.0,100.0,0.0,,,76.0,24.0,,,100.0,28.0,100.0,518.0,24,24,100,0,100,0,200,0,100.0,2057.0,100.0,14786991048.0,100.0,15318673134.0
2018-08-10,ZJV02SG7,ST12000NM0007,12000138625024,0,81,118489728,93,0,100,5,100,0,83,198553888,98,2234,100,0,100,5,,,,,100.0,0.0,100.0,0.0,,,77.0,23.0,,,100.0,28.0,100.0,519.0,23,23,100,0,100,0,200,0,100.0,2082.0,100.0,15046679040.0,100.0,15589435262.0
2018-08-11,ZJV02SG7,ST12000NM0007,12000138625024,0,81,119177736,93,0,100,5,100,0,83,201999253,98,2258,100,0,100,5,,,,,100.0,0.0,100.0,0.0,,,77.0,23.0,,,100.0,28.0,100.0,520.0,23,23,100,0,100,0,200,0,100.0,2106.0,100.0,15265391448.0,100.0,15859692750.0
2018-08-12,ZJV02SG7,ST12000NM0007,12000138625024,0,73,19721728,93,0,100,5,100,0,83,204931249,98,2281,100,0,100,5,,,,,100.0,0.0,100.0,0.0,,,77.0,23.0,,,100.0,28.0,100.0,521.0,23,23,100,0,100,0,200,0,100.0,2128.0,100.0,15449999368.0,100.0,16063910222.0
2018-08-13,ZJV02SG7,ST12000NM0007,12000138625024,0,78,59861808,93,0,100,5,100,0,83,208637791,98,2306,100,0,100,5,,,,,100.0,0.0,100.0,0.0,,,77.0,23.0,,,100.0,28.0,100.0,522.0,23,23,100,0,100,0,200,0,100.0,2153.0,100.0,15687430496.0,100.0,16354900510.0
2018-08-14,ZJV02SG7,ST12000NM0007,12000138625024,0,79.0,72744152.0,93.0,0.0,100.0,5.0,100.0,0.0,83.0,212071012.0,98.0,2329.0,100.0,0.0,100.0,5.0,,,,,100.0,0.0,100.0,0.0,,,79.0,21.0,,,100.0,28.0,100.0,523.0,21.0,21.0,100.0,0.0,100.0,0.0,200.0,0.0,100.0,2177.0,100.0,15903722376.0,100.0,16639772598.0
2018-08-15,ZJV02SG7,ST12000NM0007,12000138625024,0,77.0,56114152.0,93.0,0.0,100.0,5.0,100.0,0.0,83.0,215444842.0,98.0,2354.0,100.0,0.0,100.0,5.0,,,,,100.0,0.0,100.0,0.0,,,79.0,21.0,,,100.0,28.0,100.0,524.0,21.0,21.0,100.0,0.0,100.0,0.0,200.0,0.0,100.0,2201.0,100.0,16138587320.0,100.0,16876559294.0
2018-08-16,ZJV02SG7,ST12000NM0007,12000138625024,0,75,28319488,93,0,100,5,100,0,83,218777382,98,2378,100,0,100,5,,,,,100.0,0.0,100.0,0.0,,,79.0,21.0,,,100.0,28.0,100.0,525.0,21,21,100,0,100,0,200,0,100.0,2225.0,100.0,16357586384.0,100.0,17118047366.0
2018-08-17,ZJV02SG7,ST12000NM0007,12000138625024,0,84,242524544,93,0,100,5,100,0,83,222104012,98,2402,100,0,100,5,,,,,100.0,0.0,100.0,0.0,,,80.0,20.0,,,100.0,28.0,100.0,526.0,20,20,100,0,100,0,200,0,100.0,2249.0,100.0,16573861624.0,100.0,17360118118.0
2018-08-18,ZJV02SG7,ST12000NM0007,12000138625024,0,83,208942952,93,0,100,5,100,0,84,225306720,98,2425,100,0,100,5,,,,,100.0,0.0,100.0,0.0,,,79.0,21.0,,,100.0,28.0,100.0,527.0,21,21,100,0,100,0,200,0,100.0,2272.0,100.0,16775284976.0,100.0,17613394454.0
2018-08-19,ZJV02SG7,ST12000NM0007,12000138625024,0,67,4839160,93,0,100,5,100,0,84,228807777,98,2450,100,0,100,5,,,,,100.0,0.0,100.0,0.0,,,79.0,21.0,,,100.0,28.0,100.0,528.0,21,21,100,0,100,0,200,0,100.0,2296.0,100.0,17013551360.0,100.0,17903446350.0
2018-08-20,ZJV02SG7,ST12000NM0007,12000138625024,0,77,50296464,93,0,100,5,100,0,84,232432944,98,2474,100,0,100,5,,,,,100.0,0.0,100.0,0.0,,,80.0,20.0,,,100.0,28.0,100.0,529.0,20,20,100,0,100,0,200,0,100.0,2321.0,100.0,17258164624.0,100.0,18192571750.0
2018-08-21,ZJV02SG7,ST12000NM0007,12000138625024,0,83,206207640,93,0,100,5,100,0,84,235463687,98,2497,100,0,100,5,,,,,100.0,0.0,100.0,0.0,,,82.0,18.0,,,100.0,28.0,100.0,530.0,18,18,100,0,100,0,200,0,100.0,2344.0,100.0,17441019160.0,100.0,18409769182.0
2018-08-22,ZJV02SG7,ST12000NM0007,12000138625024,0,82,174694208,93,0,100,5,100,0,84,238715503,98,2521,100,0,100,5,,,,,100.0,0.0,100.0,0.0,,,82.0,18.0,,,100.0,28.0,100.0,531.0,18,18,100,0,100,0,200,0,100.0,2368.0,100.0,17667216704.0,100.0,18640339910.0
2018-08-23,ZJV02SG7,ST12000NM0007,12000138625024,0,83,222846584,93,0,100,5,100,0,84,242294074,98,2545,100,0,100,5,,,,,100.0,0.0,100.0,0.0,,,83.0,17.0,,,100.0,28.0,100.0,532.0,17,17,100,0,100,0,200,0,100.0,2392.0,100.0,17940765696.0,100.0,18903224926.0
2018-08-24,ZJV02SG7,ST12000NM0007,12000138625024,0,83,211418944,93,0,100,5,100,0,84,245684499,98,2569,100,0,100,5,,,,,100.0,0.0,100.0,0.0,,,82.0,18.0,,,100.0,28.0,100.0,533.0,18,18,100,0,100,0,200,0,100.0,2416.0,100.0,18187055000.0,100.0,19133789622.0
2018-08-25,ZJV02SG7,ST12000NM0007,12000138625024,0,73,19537952,93,0,100,5,100,0,84,249235241,98,2593,100,0,100,5,,,,,100.0,0.0,100.0,0.0,,,82.0,18.0,,,100.0,28.0,100.0,534.0,18,18,100,0,100,0,200,0,100.0,2439.0,100.0,18470083752.0,100.0,19391302070.0
2018-08-26,ZJV02SG7,ST12000NM0007,12000138625024,0,79,87127936,93,0,100,5,100,0,84,252904741,98,2618,100,0,100,5,,,,,100.0,0.0,100.0,0.0,,,82.0,18.0,,,100.0,28.0,100.0,535.0,18,18,100,0,100,0,200,0,100.0,2464.0,100.0,18738662664.0,100.0,19678594774.0
2018-08-27,ZJV02SG7,ST12000NM0007,12000138625024,0,81,127641064,93,0,100,5,100,0,84,256580521,97,2642,100,0,100,5,,,,,100.0,0.0,100.0,0.0,,,82.0,18.0,,,100.0,28.0,100.0,536.0,18,18,100,0,100,0,200,0,100.0,2488.0,100.0,18992927056.0,100.0,19953125022.0
2018-08-28,ZJV02SG7,ST12000NM0007,12000138625024,0,82,151352960,93,0,100,5,100,0,84,260057860,97,2665,100,0,100,5,,,,,100.0,0.0,100.0,0.0,,,77.0,23.0,,,100.0,28.0,100.0,537.0,23,23,100,0,100,0,200,0,100.0,2511.0,100.0,19225695520.0,100.0,20232349958.0
2018-08-29,ZJV02SG7,ST12000NM0007,12000138625024,0,83,213337712,93,0,100,5,100,0,84,263762453,97,2689,100,0,100,5,,,,,100.0,0.0,100.0,0.0,,,77.0,23.0,,,100.0,28.0,100.0,538.0,23,23,100,0,100,0,200,0,100.0,2535.0,100.0,19478199080.0,100.0,20530112726.0
2018-08-30,ZJV02SG7,ST12000NM0007,12000138625024,0,80,105978008,93,0,100,5,100,0,84,266337367,97,2708,100,0,100,5,,,,,100.0,0.0,100.0,0.0,,,78.0,22.0,,,100.0,28.0,100.0,539.0,22,22,100,0,100,0,200,0,100.0,2553.0,100.0,19655473608.0,100.0,20733765798.0
2018-08-31,ZJV02SG7,ST12000NM0007,12000138625024,0,81,122878160,93,0,100,5,100,0,84,269673688,97,2732,100,0,100,5,,,,,100.0,0.0,100.0,0.0,,,77.0,23.0,,,100.0,28.0,100.0,540.0,23,23,100,0,100,0,200,0,100.0,2577.0,100.0,19868082304.0,100.0,21026338558.0
2018-09-01,ZJV02SG7,ST12000NM0007,12000138625024,0,82,170499536,93,0,100,5,100,0,84,273201355,97,2755,100,0,100,5,,,,,100.0,0.0,100.0,0.0,,,77.0,23.0,,,100.0,28.0,100.0,541.0,23,23,100,0,100,0,200,0,100.0,2601.0,100.0,20133430128.0,100.0,21296893630.0
2018-09-02,ZJV02SG7,ST12000NM0007,12000138625024,0,84,232924232,93,0,100,5,100,0,84,276847554,97,2780,100,0,100,5,,,,,100.0,0.0,100.0,0.0,,,71.0,29.0,,,100.0,28.0,100.0,542.0,29,29,100,0,100,0,200,0,100.0,2625.0,100.0,20387927832.0,100.0,21593101950.0
2018-09-03,ZJV02SG7,ST12000NM0007,12000138625024,0,76,41261344,93,0,100,5,100,0,84,280278398,97,2803,100,0,100,5,,,,,100.0,0.0,100.0,0.0,,,72.0,28.0,,,100.0,28.0,100.0,543.0,28,28,100,0,100,0,200,0,100.0,2648.0,100.0,20658319256.0,100.0,21863469638.0
2018-09-04,ZJV02SG7,ST12000NM0007,12000138625024,0,77,56118048,93,0,100,5,100,0,85,283710422,97,2827,100,0,100,5,,,,,100.0,0.0,100.0,0.0,,,78.0,22.0,,,100.0,28.0,100.0,544.0,22,22,100,0,100,0,200,0,100.0,2671.0,100.0,20870244464.0,100.0,22154682582.0
2018-09-05,ZJV02SG7,ST12000NM0007,12000138625024,0,80,89349144,93,0,100,5,100,0,85,287169889,97,2852,100,0,100,5,,,,,100.0,0.0,100.0,0.0,,,78.0,22.0,,,100.0,29.0,100.0,545.0,22,22,100,0,100,0,200,0,100.0,2697.0,100.0,21131637576.0,100.0,22414802158.0
2018-09-06,ZJV02SG7,ST12000NM0007,12000138625024,0,84,225202496,93,0,100,5,100,0,85,291157738,97,2880,100,0,100,5,,,,,100.0,0.0,100.0,0.0,,,77.0,23.0,,,100.0,29.0,100.0,546.0,23,23,100,0,100,0,200,0,100.0,2725.0,100.0,21444501872.0,100.0,22726072718.0
2018-09-07,ZJV02SG7,ST12000NM0007,12000138625024,0,74,23816704,93,0,100,5,100,0,85,294569164,97,2902,100,0,100,5,,,,,100.0,0.0,100.0,0.0,,,73.0,27.0,,,100.0,29.0,100.0,547.0,27,27,100,0,100,0,200,0,100.0,2747.0,100.0,21714910328.0,100.0,22986700726.0
2018-09-08,ZJV02SG7,ST12000NM0007,12000138625024,0,82,157729776,93,0,100,5,100,0,85,298364976,97,2926,100,0,100,5,,,,,100.0,0.0,100.0,0.0,,,73.0,27.0,,,100.0,29.0,100.0,548.0,27,27,100,0,100,0,200,0,100.0,2771.0,100.0,21992199816.0,100.0,23331606462.0
2018-09-09,ZJV02SG7,ST12000NM0007,12000138625024,0,74,27726384,93,0,100,5,100,0,85,302211330,97,2951,100,0,100,5,,,,,100.0,0.0,100.0,0.0,,,73.0,27.0,,,100.0,29.0,100.0,549.0,27,27,100,0,100,0,200,0,100.0,2795.0,100.0,22246904344.0,100.0,23679321078.0
2018-09-10,ZJV02SG7,ST12000NM0007,12000138625024,0,76,41334600,93,0,100,5,100,0,85,305695204,97,2975,100,0,100,5,,,,,100.0,0.0,100.0,0.0,,,73.0,27.0,,,100.0,29.0,100.0,550.0,27,27,100,0,100,0,200,0,100.0,2819.0,100.0,22479525648.0,100.0,23948589598.0
2018-09-11,ZJV02SG7,ST12000NM0007,12000138625024,0,81,138003168,93,0,100,5,100,0,85,309262835,97,2999,100,0,100,5,,,,,100.0,0.0,100.0,0.0,,,72.0,28.0,,,100.0,29.0,100.0,551.0,28,28,100,0,100,0,200,0,100.0,2843.0,100.0,22732814688.0,100.0,24280250718.0
2018-09-12,ZJV02SG7,ST12000NM0007,12000138625024,0,83,199199272,93,0,100,5,100,0,85,312807150,97,3023,100,0,100,5,,,,,100.0,0.0,100.0,0.0,,,72.0,28.0,,,100.0,29.0,100.0,552.0,28,28,100,0,100,0,200,0,100.0,2868.0,100.0,22990678552.0,100.0,24571866478.0
2018-09-13,ZJV02SG7,ST12000NM0007,12000138625024,0,82,147712664,93,0,100,5,100,0,85,315981371,97,3045,100,0,100,5,,,,,100.0,0.0,100.0,0.0,,,72.0,28.0,,,100.0,29.0,100.0,553.0,28,28,100,0,100,0,200,0,100.0,2889.0,100.0,23202372160.0,100.0,24796967782.0
2018-09-14,ZJV02SG7,ST12000NM0007,12000138625024,0,83,211324680,93,0,100,5,100,0,85,319581967,97,3069,100,0,100,5,,,,,100.0,0.0,100.0,0.0,,,72.0,28.0,,,100.0,29.0,100.0,554.0,28,28,100,0,100,0,200,0,100.0,2914.0,100.0,23463741768.0,100.0,25087491798.0
2018-09-15,ZJV02SG7,ST12000NM0007,12000138625024,0,77,54268408,93,0,100,5,100,0,85,323217235,97,3094,100,0,100,5,,,,,100.0,0.0,100.0,0.0,,,72.0,28.0,,,100.0,29.0,100.0,555.0,28,28,100,0,100,0,200,0,100.0,2938.0,100.0,23711207512.0,100.0,25415392134.0
2018-09-16,ZJV02SG7,ST12000NM0007,12000138625024,0,80,103757648,93,0,100,5,100,0,85,326638342,97,3118,100,0,100,5,,,,,100.0,0.0,100.0,0.0,,,72.0,28.0,,,100.0,29.0,100.0,556.0,28,28,100,0,100,0,200,0,100.0,2962.0,100.0,23940947584.0,100.0,25723423294.0
2018-09-17,ZJV02SG7,ST12000NM0007,12000138625024,0,82,167253856,93,0,100,5,100,0,85,330225359,97,3142,100,0,100,5,,,,,100.0,0.0,100.0,0.0,,,72.0,28.0,,,100.0,29.0,100.0,557.0,28,28,100,0,100,0,200,0,100.0,2986.0,100.0,24216856536.0,100.0,25999291926.0
2018-09-18,ZJV02SG7,ST12000NM0007,12000138625024,0,82,164835232,93,0,100,5,100,0,85,333804459,97,3166,100,0,100,5,,,,,100.0,0.0,100.0,0.0,,,75.0,25.0,,,100.0,29.0,100.0,558.0,25,25,100,0,100,0,200,0,100.0,3010.0,100.0,24451857760.0,100.0,26250153582.0
2018-09-19,ZJV02SG7,ST12000NM0007,12000138625024,0,82,169362072,93,0,100,5,100,0,85,337402053,97,3190,100,0,100,5,,,,,100.0,0.0,100.0,0.0,,,74.0,26.0,,,100.0,29.0,100.0,559.0,26,26,100,0,100,0,200,0,100.0,3034.0,100.0,24672291968.0,100.0,26522527918.0
2018-09-20,ZJV02SG7,ST12000NM0007,12000138625024,0,80,108933016,93,0,100,5,100,0,85,340606615,97,3213,100,0,100,5,,,,,100.0,0.0,100.0,0.0,,,70.0,30.0,,,100.0,29.0,100.0,560.0,30,30,100,0,100,0,200,0,100.0,3056.0,100.0,24843140008.0,100.0,26779532334.0
2018-09-21,ZJV02SG7,ST12000NM0007,12000138625024,0,80,107757968,93,0,100,5,100,0,85,344436604,97,3238,100,0,100,5,,,,,100.0,0.0,100.0,0.0,,,71.0,29.0,,,100.0,29.0,100.0,561.0,29,29,100,0,100,0,200,0,100.0,3082.0,100.0,25021473424.0,100.0,27088305542.0
2018-09-22,ZJV02SG7,ST12000NM0007,12000138625024,0,79,71818264,93,0,100,5,100,0,85,347850190,97,3262,100,0,100,5,,,,,100.0,0.0,100.0,0.0,,,70.0,30.0,,,100.0,29.0,100.0,562.0,30,30,100,0,100,0,200,0,100.0,3105.0,100.0,25215184520.0,100.0,27346936078.0
2018-09-23,ZJV02SG7,ST12000NM0007,12000138625024,0,77,53116736,93,0,100,5,100,0,85,351514387,97,3286,100,0,100,5,,,,,100.0,0.0,100.0,0.0,,,70.0,30.0,,,100.0,29.0,100.0,563.0,30,30,100,0,100,0,200,0,100.0,3130.0,100.0,25423706704.0,100.0,27607993934.0
2018-09-24,ZJV02SG7,ST12000NM0007,12000138625024,0,77,52239680,93,0,100,5,100,0,86,355152129,97,3310,100,0,100,5,,,,,100.0,0.0,100.0,0.0,,,70.0,30.0,,,100.0,29.0,100.0,564.0,30,30,100,0,100,0,200,0,100.0,3153.0,100.0,25642024200.0,100.0,27877080974.0
2018-09-25,ZJV02SG7,ST12000NM0007,12000138625024,0,79,71715816,93,0,100,5,100,0,86,358840743,97,3334,100,0,100,5,,,,,100.0,0.0,100.0,0.0,,,71.0,29.0,,,100.0,29.0,100.0,565.0,29,29,100,0,100,0,200,0,100.0,3177.0,100.0,25850325192.0,100.0,28176537694.0
2018-09-26,ZJV02SG7,ST12000NM0007,12000138625024,0,71,12417464,93,0,100,5,100,0,86,362187004,97,3357,100,0,100,5,,,,,100.0,0.0,100.0,0.0,,,71.0,29.0,,,100.0,29.0,100.0,566.0,29,29,100,0,100,0,200,0,100.0,3201.0,100.0,26038741328.0,100.0,28417105014.0
2018-09-27,ZJV02SG7,ST12000NM0007,12000138625024,0,83,180884472,93,0,100,5,100,0,86,365413802,97,3380,100,0,100,5,,,,,100.0,0.0,100.0,0.0,,,71.0,29.0,,,100.0,29.0,100.0,567.0,29,29,100,0,100,0,200,0,100.0,3223.0,100.0,26228893376.0,100.0,28639560734.0
2018-09-28,ZJV02SG7,ST12000NM0007,12000138625024,0,82,148026376,93,0,100,5,100,0,86,369359060,97,3405,100,0,100,5,,,,,100.0,0.0,100.0,0.0,,,71.0,29.0,,,100.0,29.0,100.0,568.0,29,29,100,0,100,0,200,0,100.0,3248.0,100.0,26385458872.0,100.0,28938419038.0
2018-09-29,ZJV02SG7,ST12000NM0007,12000138625024,0,77,54769304,93,0,100,5,100,0,86,372719927,97,3428,100,0,100,5,,,,,100.0,0.0,100.0,0.0,,,71.0,29.0,,,100.0,29.0,100.0,569.0,29,29,100,0,100,0,200,0,100.0,3271.0,100.0,26513117392.0,100.0,29205784894.0
2018-09-30,ZJV02SG7,ST12000NM0007,12000138625024,0,81,137596032,93,0,100,5,100,0,86,375947593,97,3453,100,0,100,5,,,,,100.0,0.0,100.0,0.0,,,71.0,29.0,,,100.0,30.0,100.0,570.0,29,29,100,0,100,0,200,0,100.0,3296.0,100.0,26622316320.0,100.0,29423553854.0
2018-10-01,ZJV02SG7,ST12000NM0007,12000138625024,0,79,84454008,93,0,100,5,100,0,86,379809747,97,3477,100,0,100,5,,,,,100.0,0.0,100.0,0.0,,,71.0,29.0,,,100.0,30.0,100.0,571.0,29,29,100,0,100,0,200,0,100.0,3320.0,100.0,26770444216.0,100.0,29710565350.0
2018-10-02,ZJV02SG7,ST12000NM0007,12000138625024,0,83,198028624,93,0,100,5,100,0,86,383267628,97,3501,100,0,100,5,,,,,100.0,0.0,100.0,0.0,,,69.0,31.0,,,100.0,30.0,100.0,572.0,31,31,100,0,100,0,200,0,100.0,3343.0,100.0,26924976400.0,100.0,29913748758.0
2018-10-03,ZJV02SG7,ST12000NM0007,12000138625024,0,74,27367424,93,0,100,5,100,0,86,386660453,96,3526,100,0,100,5,,,,,100.0,0.0,100.0,0.0,,,69.0,31.0,,,100.0,30.0,100.0,573.0,31,31,100,0,100,0,200,0,100.0,3368.0,100.0,27075578664.0,100.0,30080767526.0
2018-10-04,ZJV02SG7,ST12000NM0007,12000138625024,0,82.0,170825304.0,93.0,0.0,100.0,5.0,100.0,0.0,86.0,390305079.0,96.0,3550.0,100.0,0.0,100.0,5.0,,,,,100.0,0.0,100.0,0.0,,,70.0,30.0,,,100.0,30.0,100.0,574.0,30.0,30.0,100.0,0.0,100.0,0.0,200.0,0.0,100.0,3392.0,100.0,27257848576.0,100.0,30286096174.0
2018-10-05,ZJV02SG7,ST12000NM0007,12000138625024,0,71,12360488,93,0,100,5,100,0,86,393670145,96,3573,100,0,100,5,,,,,100.0,0.0,100.0,0.0,,,70.0,30.0,,,100.0,30.0,100.0,575.0,30,30,100,0,100,0,200,0,100.0,3415.0,100.0,27366458552.0,100.0,30507302830.0
2018-10-06,ZJV02SG7,ST12000NM0007,12000138625024,0,81,119903016,93,0,100,5,100,0,86,396741687,96,3597,100,0,100,5,,,,,100.0,0.0,100.0,0.0,,,71.0,29.0,,,100.0,30.0,100.0,576.0,29,29,100,0,100,0,200,0,100.0,3439.0,100.0,27461787880.0,100.0,30763656758.0
2018-10-07,ZJV02SG7,ST12000NM0007,12000138625024,0,82,149927048,93,0,100,5,100,0,86,399431903,96,3621,100,0,100,5,,,,,100.0,0.0,100.0,0.0,,,71.0,29.0,,,100.0,31.0,100.0,577.0,29,29,100,0,100,0,200,0,100.0,3462.0,100.0,27560430984.0,100.0,30939178390.0
2018-10-08,ZJV02SG7,ST12000NM0007,12000138625024,0,83,188960256,93,0,100,5,100,0,86,402196928,96,3645,100,0,100,5,,,,,100.0,0.0,100.0,0.0,,,71.0,29.0,,,100.0,31.0,100.0,578.0,29,29,100,0,100,0,200,0,100.0,3487.0,100.0,27669678832.0,100.0,31113104486.0
2018-10-09,ZJV02SG7,ST12000NM0007,12000138625024,0,76.0,38168304.0,93.0,0.0,100.0,5.0,100.0,0.0,86.0,405627037.0,96.0,3669.0,100.0,0.0,100.0,5.0,,,,,100.0,0.0,100.0,0.0,,,69.0,31.0,,,100.0,31.0,100.0,579.0,31.0,31.0,100.0,0.0,100.0,0.0,200.0,0.0,100.0,3511.0,100.0,27778368584.0,100.0,31341904142.0
2018-10-10,ZJV02SG7,ST12000NM0007,12000138625024,0,79,70831304,93,0,100,5,100,0,86,408393881,96,3693,100,0,100,5,,,,,100.0,0.0,100.0,0.0,,,69.0,31.0,,,100.0,31.0,100.0,580.0,31,31,100,0,100,0,200,0,100.0,3534.0,100.0,27895726216.0,100.0,31501350862.0
2018-10-11,ZJV02SG7,ST12000NM0007,12000138625024,0,82,143993736,93,0,100,5,100,0,86,411509251,96,3717,100,0,100,5,,,,,100.0,0.0,100.0,0.0,,,71.0,29.0,,,100.0,31.0,100.0,581.0,29,29,100,0,100,0,200,0,100.0,3558.0,100.0,28019994912.0,100.0,31694385414.0
2018-10-12,ZJV02SG7,ST12000NM0007,12000138625024,0,72,17031416,93,0,100,5,100,0,86,414697893,96,3743,100,0,100,5,,,,,100.0,0.0,100.0,0.0,,,71.0,29.0,,,100.0,31.0,100.0,589.0,29,29,100,0,100,0,200,0,100.0,3583.0,100.0,28157634008.0,100.0,31918065648.0
2018-10-13,ZJV02SG7,ST12000NM0007,12000138625024,0,77,47741608,93,0,100,5,100,0,86,417372189,96,3766,100,0,100,5,,,,,100.0,0.0,100.0,0.0,,,70.0,30.0,,,100.0,31.0,100.0,590.0,30,30,100,0,100,0,200,0,100.0,3606.0,100.0,28243680952.0,100.0,32106869904.0
2018-10-14,ZJV02SG7,ST12000NM0007,12000138625024,0,80,107284744,93,0,100,5,100,0,86,420497236,96,3791,100,0,100,5,,,,,100.0,0.0,100.0,0.0,,,71.0,29.0,,,100.0,31.0,100.0,591.0,29,29,100,0,100,0,200,0,100.0,3630.0,100.0,28328435800.0,100.0,32325799568.0
2018-10-15,ZJV02SG7,ST12000NM0007,12000138625024,0,83,187554640,93,0,100,5,100,0,86,423461839,96,3814,100,0,100,5,,,,,100.0,0.0,100.0,0.0,,,71.0,29.0,,,100.0,32.0,100.0,592.0,29,29,100,0,100,0,200,0,100.0,3653.0,100.0,28419301784.0,100.0,32559344304.0
2018-10-16,ZJV02SG7,ST12000NM0007,12000138625024,0,73,20377720,93,0,100,5,100,0,86,426423351,96,3838,100,0,100,5,,,,,100.0,0.0,100.0,0.0,,,70.0,30.0,,,100.0,33.0,100.0,593.0,30,30,100,0,100,0,200,0,100.0,3678.0,100.0,28532539432.0,100.0,32767211344.0
2018-10-17,ZJV02SG7,ST12000NM0007,12000138625024,0,81,129225088,93,0,100,5,100,0,86,429731851,96,3862,100,0,100,5,,,,,100.0,0.0,100.0,0.0,,,70.0,30.0,,,100.0,34.0,100.0,594.0,30,30,100,0,100,0,200,0,100.0,3702.0,100.0,28671441424.0,100.0,32981297440.0
2018-10-18,ZJV02SG7,ST12000NM0007,12000138625024,0,72,16533216,93,0,100,5,100,0,86,433103047,96,3889,100,0,100,5,,,,,100.0,0.0,100.0,0.0,,,70.0,30.0,,,100.0,34.0,100.0,595.0,30,30,100,0,100,0,200,0,100.0,3728.0,100.0,28802083648.0,100.0,33226244896.0
2018-10-19,ZJV02SG7,ST12000NM0007,12000138625024,0,80,110737024,93,0,100,5,100,0,86,436286376,96,3914,100,0,100,5,,,,,100.0,0.0,100.0,0.0,,,70.0,30.0,,,100.0,34.0,100.0,596.0,30,30,100,0,100,0,200,0,100.0,3753.0,100.0,28928213400.0,100.0,33438459584.0
2018-10-20,ZJV02SG7,ST12000NM0007,12000138625024,0,83,197193616,93,0,100,5,100,0,86,439950729,96,3937,100,0,100,5,,,,,100.0,0.0,100.0,0.0,,,70.0,30.0,,,100.0,34.0,100.0,597.0,30,30,100,0,100,0,200,0,100.0,3776.0,100.0,29035825176.0,100.0,33661445056.0
2018-10-21,ZJV02SG7,ST12000NM0007,12000138625024,0,73,21125704,93,0,100,5,100,0,86,443186620,96,3962,100,0,100,5,,,,,100.0,0.0,100.0,0.0,,,70.0,30.0,,,100.0,34.0,100.0,598.0,30,30,100,0,100,0,200,0,100.0,3801.0,100.0,29159515568.0,100.0,33849968512.0
2018-10-22,ZJV02SG7,ST12000NM0007,12000138625024,0,80,97328112,93,0,100,5,100,0,86,446231887,96,3985,100,0,100,5,,,,,100.0,0.0,100.0,0.0,,,70.0,30.0,,,100.0,34.0,100.0,599.0,30,30,100,0,100,0,200,0,100.0,3824.0,100.0,29268647112.0,100.0,34061180120.0
2018-10-23,ZJV02SG7,ST12000NM0007,12000138625024,0,83,213998920,93,0,100,5,100,0,87,449409858,96,4009,100,0,100,5,,,,,100.0,0.0,100.0,0.0,,,76.0,24.0,,,100.0,34.0,100.0,600.0,24,24,100,0,100,0,200,0,100.0,3848.0,100.0,29414123896.0,100.0,34276514976.0
2018-10-25,ZJV02SG7,ST12000NM0007,12000138625024,0,83,206472872,93,0,100,5,100,0,87,456475587,96,4054,100,0,100,5,,,,,100.0,0.0,100.0,0.0,,,69.0,31.0,,,100.0,34.0,100.0,602.0,31,31,100,0,100,0,200,0,100.0,3893.0,100.0,29683387384.0,100.0,34732147424.0
2018-10-26,ZJV02SG7,ST12000NM0007,12000138625024,0,74,26955008,93,0,100,5,100,0,87,459522152,96,4079,100,0,100,5,,,,,100.0,0.0,100.0,0.0,,,69.0,31.0,,,100.0,34.0,100.0,604.0,31,31,100,0,100,0,200,0,100.0,3918.0,100.0,29802155000.0,100.0,34922143376.0
2018-10-27,ZJV02SG7,ST12000NM0007,12000138625024,0,81,132285632,93,0,100,5,100,0,87,463160529,96,4102,100,0,100,5,,,,,100.0,0.0,100.0,0.0,,,69.0,31.0,,,100.0,34.0,100.0,605.0,31,31,100,0,100,0,200,0,100.0,3941.0,100.0,29909057712.0,100.0,35164711920.0
2018-10-28,ZJV02SG7,ST12000NM0007,12000138625024,0,83,184378480,93,0,100,5,100,0,87,466062511,96,4127,100,0,100,5,,,,,100.0,0.0,100.0,0.0,,,69.0,31.0,,,100.0,34.0,100.0,606.0,31,31,100,0,100,0,200,0,100.0,3965.0,100.0,29987302128.0,100.0,35382701096.0
2018-10-29,ZJV02SG7,ST12000NM0007,12000138625024,0,100,1452096,93,0,100,5,100,0,87,469102780,96,4151,100,0,100,5,,,,,100.0,0.0,100.0,0.0,,,69.0,31.0,,,100.0,34.0,100.0,607.0,31,31,100,0,100,0,200,0,100.0,3989.0,100.0,30085989136.0,100.0,35589369312.0
2018-10-30,ZJV02SG7,ST12000NM0007,12000138625024,0,74,23104384,93,0,100,5,100,0,87,472179402,96,4175,100,0,100,5,,,,,100.0,0.0,100.0,0.0,,,69.0,31.0,,,100.0,34.0,100.0,608.0,31,31,100,0,100,0,200,0,100.0,4013.0,100.0,30181132168.0,100.0,35760019368.0
2018-10-31,ZJV02SG7,ST12000NM0007,12000138625024,0,79,84050840,93.0,0.0,100.0,5.0,100.0,0.0,87.0,474849481.0,96,4199,100.0,0.0,100,5,,,,,100.0,0.0,100.0,0.0,,,69.0,31.0,,,100.0,34.0,100.0,609.0,31,31,100.0,0.0,100.0,0.0,200.0,0.0,100.0,4037.0,100.0,30285244496.0,100.0,35960995256.0
2018-11-01,ZJV02SG7,ST12000NM0007,12000138625024,0,84,236818912,93.0,0.0,100.0,5.0,100.0,0.0,87.0,478422693.0,96,4228,100.0,0.0,100,5,,,,,100.0,0.0,100.0,0.0,,,74.0,26.0,,,100.0,34.0,100.0,610.0,26,26,100.0,0.0,100.0,0.0,200.0,0.0,100.0,4066.0,100.0,30431963792.0,100.0,36211184680.0
2018-11-02,ZJV02SG7,ST12000NM0007,12000138625024,0,80,103338896,93.0,0.0,100.0,5.0,100.0,0.0,87.0,481915839.0,96,4251,100.0,0.0,100,5,,,,,100.0,0.0,100.0,0.0,,,74.0,26.0,,,100.0,35.0,100.0,611.0,26,26,100.0,0.0,100.0,0.0,200.0,0.0,100.0,4089.0,100.0,30544103768.0,100.0,36453846368.0
2018-11-03,ZJV02SG7,ST12000NM0007,12000138625024,0,82,171825952,93.0,0.0,100.0,5.0,100.0,0.0,87.0,485435135.0,96,4275,100.0,0.0,100,5,,,,,100.0,0.0,100.0,0.0,,,74.0,26.0,,,100.0,35.0,100.0,612.0,26,26,100.0,0.0,100.0,0.0,200.0,0.0,100.0,4113.0,100.0,30643353680.0,100.0,36667224168.0
2018-11-04,ZJV02SG7,ST12000NM0007,12000138625024,0,83,207131336,93.0,0.0,100.0,5.0,100.0,0.0,87.0,488317216.0,96,4300,100.0,0.0,100,5,,,,,100.0,0.0,100.0,0.0,,,75.0,25.0,,,100.0,36.0,100.0,613.0,25,25,100.0,0.0,100.0,0.0,200.0,0.0,100.0,4137.0,100.0,30727505432.0,100.0,36862518480.0
2018-11-05,ZJV02SG7,ST12000NM0007,12000138625024,0,83,220010192,93.0,0.0,100.0,5.0,100.0,0.0,87.0,491139925.0,96,4324,100.0,0.0,100,5,,,,,100.0,0.0,100.0,0.0,,,75.0,25.0,,,100.0,37.0,100.0,614.0,25,25,100.0,0.0,100.0,0.0,200.0,0.0,100.0,4161.0,100.0,30819587688.0,100.0,37027456664.0
2018-11-06,ZJV02SG7,ST12000NM0007,12000138625024,0,74.0,25843744.0,93.0,0.0,100.0,5.0,100.0,0.0,87.0,493813390.0,96.0,4347.0,100.0,0.0,100.0,5.0,,,,,100.0,0.0,100.0,0.0,,,74.0,26.0,,,100.0,38.0,100.0,615.0,26.0,26.0,100.0,0.0,100.0,0.0,200.0,0.0,100.0,4184.0,100.0,30929390544.0,100.0,37211769072.0
2018-11-07,ZJV02SG7,ST12000NM0007,12000138625024,0,82.0,144844104.0,93.0,0.0,100.0,5.0,100.0,0.0,87.0,497213631.0,96.0,4372.0,100.0,0.0,100.0,5.0,,,,,100.0,0.0,100.0,0.0,,,74.0,26.0,,,100.0,39.0,100.0,616.0,26.0,26.0,100.0,0.0,100.0,0.0,200.0,0.0,100.0,4209.0,100.0,31067204768.0,100.0,37437095880.0
2018-11-08,ZJV02SG7,ST12000NM0007,12000138625024,0,81.0,132423472.0,93.0,0.0,100.0,5.0,100.0,0.0,87.0,499594994.0,95.0,4393.0,100.0,0.0,100.0,5.0,,,,,100.0,0.0,100.0,0.0,,,74.0,26.0,,,100.0,39.0,100.0,617.0,26.0,26.0,100.0,0.0,100.0,0.0,200.0,0.0,100.0,4230.0,100.0,31150064960.0,100.0,37585955816.0
2018-11-09,ZJV02SG7,ST12000NM0007,12000138625024,0,83,203757504,93.0,0.0,100.0,5.0,100.0,0.0,87.0,502751471.0,95,4417,100.0,0.0,100,5,,,,,100.0,0.0,100.0,0.0,,,74.0,26.0,,,100.0,39.0,100.0,618.0,26,26,100.0,0.0,100.0,0.0,200.0,0.0,100.0,4254.0,100.0,31242625600.0,100.0,37808869984.0
2018-11-10,ZJV02SG7,ST12000NM0007,12000138625024,0,75,34578664,93.0,0.0,100.0,5.0,100.0,0.0,87.0,506016471.0,95,4441,100.0,0.0,100,5,,,,,100.0,0.0,100.0,0.0,,,72.0,28.0,,,100.0,40.0,100.0,619.0,28,28,100.0,0.0,100.0,0.0,200.0,0.0,100.0,4278.0,100.0,31312603816.0,100.0,38057994304.0
2018-11-11,ZJV02SG7,ST12000NM0007,12000138625024,0,76,41689848,93.0,0.0,100.0,5.0,100.0,0.0,87.0,508599148.0,95,4466,100.0,0.0,100,5,,,,,100.0,0.0,100.0,0.0,,,72.0,28.0,,,100.0,41.0,100.0,620.0,28,28,100.0,0.0,100.0,0.0,200.0,0.0,100.0,4303.0,100.0,31368904384.0,100.0,38252945728.0
2018-11-12,ZJV02SG7,ST12000NM0007,12000138625024,0,75,34901512,93.0,0.0,100.0,5.0,100.0,0.0,87.0,511220662.0,95,4489,100.0,0.0,100,5,,,,,100.0,0.0,100.0,0.0,,,72.0,28.0,,,100.0,41.0,100.0,621.0,28,28,100.0,0.0,100.0,0.0,200.0,0.0,100.0,4326.0,100.0,31423637952.0,100.0,38435564600.0
2018-11-13,ZJV02SG7,ST12000NM0007,12000138625024,0,78,56742520,93.0,0.0,100.0,5.0,100.0,0.0,87.0,513861992.0,95,4514,100.0,0.0,100,5,,,,,100.0,0.0,100.0,0.0,,,75.0,25.0,,,100.0,41.0,100.0,622.0,25,25,100.0,0.0,100.0,0.0,200.0,0.0,100.0,4350.0,100.0,31499706224.0,100.0,38625478104.0
2018-11-14,ZJV02SG7,ST12000NM0007,12000138625024,0,73,22222056,93.0,0.0,100.0,5.0,100.0,0.0,87.0,516068349.0,95,4536,100.0,0.0,100,5,,,,,100.0,0.0,100.0,0.0,,,75.0,25.0,,,100.0,42.0,100.0,623.0,25,25,100.0,0.0,100.0,0.0,200.0,0.0,100.0,4373.0,100.0,31562984728.0,100.0,38771819808.0
2018-11-15,ZJV02SG7,ST12000NM0007,12000138625024,0,76,42777112,93.0,0.0,100.0,5.0,100.0,0.0,87.0,518713874.0,95,4561,100.0,0.0,100,5,,,,,100.0,0.0,100.0,0.0,,,75.0,25.0,,,100.0,42.0,100.0,624.0,25,25,100.0,0.0,100.0,0.0,200.0,0.0,100.0,4398.0,100.0,31649923880.0,100.0,38949576496.0
2018-11-16,ZJV02SG7,ST12000NM0007,12000138625024,0,79,81054304,93.0,0.0,100.0,5.0,100.0,0.0,87.0,521720607.0,95,4586,100.0,0.0,100,5,,,,,100.0,0.0,100.0,0.0,,,74.0,26.0,,,100.0,42.0,100.0,625.0,26,26,100.0,0.0,100.0,0.0,200.0,0.0,100.0,4422.0,100.0,31741869296.0,100.0,39140049064.0
2018-11-17,ZJV02SG7,ST12000NM0007,12000138625024,0,77.0,53582936.0,90.0,0.0,100.0,7.0,100.0,0.0,87.0,524594188.0,95.0,4604.0,100.0,0.0,100.0,7.0,,,,,100.0,0.0,100.0,0.0,,,74.0,26.0,,,100.0,42.0,100.0,633.0,26.0,26.0,100.0,0.0,100.0,0.0,200.0,0.0,100.0,4440.0,100.0,31785361912.0,100.0,39313225708.0
2018-11-18,ZJV02SG7,ST12000NM0007,12000138625024,0,81,123177312,90.0,0.0,100.0,7.0,100.0,0.0,87.0,527234145.0,95,4629,100.0,0.0,100,7,,,,,100.0,0.0,100.0,0.0,,,74.0,26.0,,,100.0,42.0,100.0,634.0,26,26,100.0,0.0,100.0,0.0,200.0,0.0,100.0,4465.0,100.0,31852674120.0,100.0,39559648628.0
2018-11-19,ZJV02SG7,ST12000NM0007,12000138625024,0,82,169098128,90.0,0.0,100.0,7.0,100.0,0.0,87.0,530083006.0,95,4653,100.0,0.0,100,7,,,,,100.0,0.0,100.0,0.0,,,74.0,26.0,,,100.0,42.0,100.0,635.0,26,26,100.0,0.0,100.0,0.0,200.0,0.0,100.0,4488.0,100.0,31938104760.0,100.0,39764279668.0
2018-11-20,ZJV02SG7,ST12000NM0007,12000138625024,0,83,203135760,90.0,0.0,100.0,7.0,100.0,0.0,87.0,533968076.0,95,4676,100.0,0.0,100,7,,,,,100.0,0.0,100.0,0.0,,,72.0,28.0,,,100.0,43.0,100.0,636.0,28,28,100.0,0.0,100.0,0.0,200.0,0.0,100.0,4512.0,100.0,32021162336.0,100.0,40203541332.0
2018-11-21,ZJV02SG7,ST12000NM0007,12000138625024,0,78,67249952,90.0,0.0,100.0,7.0,100.0,0.0,87.0,541641396.0,95,4701,100.0,0.0,100,7,,,,,100.0,0.0,100.0,0.0,,,73.0,27.0,,,100.0,44.0,100.0,637.0,27,27,100.0,0.0,100.0,0.0,200.0,0.0,100.0,4536.0,100.0,32034012984.0,100.0,42496213260.0
2018-11-22,ZJV02SG7,ST12000NM0007,12000138625024,0,77,46067312,90.0,0.0,100.0,7.0,100.0,0.0,87.0,549701742.0,95,4725,100.0,0.0,100,7,,,,,100.0,0.0,100.0,0.0,,,72.0,28.0,,,100.0,44.0,100.0,638.0,28,28,100.0,0.0,100.0,0.0,200.0,0.0,100.0,4560.0,100.0,32049220416.0,100.0,44901231156.0
2018-11-23,ZJV02SG7,ST12000NM0007,12000138625024,0,82,166476728,90.0,0.0,100.0,7.0,100.0,0.0,87.0,557544676.0,95,4748,100.0,0.0,100,7,,,,,100.0,0.0,100.0,0.0,,,71.0,29.0,,,100.0,44.0,100.0,639.0,29,29,100.0,0.0,100.0,0.0,200.0,0.0,100.0,4583.0,100.0,32065662688.0,100.0,47202465684.0
2018-11-24,ZJV02SG7,ST12000NM0007,12000138625024,0,81,115080168,90.0,0.0,100.0,7.0,100.0,0.0,88.0,565661079.0,95,4773,100.0,0.0,100,7,,,,,100.0,0.0,100.0,0.0,,,74.0,26.0,,,100.0,45.0,100.0,640.0,26,26,100.0,0.0,100.0,0.0,200.0,0.0,100.0,4608.0,100.0,32084378168.0,100.0,49573762228.0
2018-11-25,ZJV02SG7,ST12000NM0007,12000138625024,0,82,153600800,90.0,0.0,100.0,7.0,100.0,0.0,88.0,572458854.0,95,4796,100.0,0.0,100,7,,,,,100.0,0.0,100.0,0.0,,,75.0,25.0,,,100.0,45.0,100.0,641.0,25,25,100.0,0.0,100.0,0.0,200.0,0.0,100.0,4631.0,100.0,32101181544.0,100.0,51792746372.0
2018-11-26,ZJV02SG7,ST12000NM0007,12000138625024,0,80,100761648,90.0,0.0,100.0,7.0,100.0,0.0,88.0,579580653.0,95,4820,100.0,0.0,100,7,,,,,100.0,0.0,100.0,0.0,,,77.0,23.0,,,100.0,46.0,100.0,642.0,23,23,100.0,0.0,100.0,0.0,200.0,0.0,100.0,4655.0,100.0,32120854136.0,100.0,53917501380.0
2018-11-27,ZJV02SG7,ST12000NM0007,12000138625024,0,75,31979528,90.0,0.0,100.0,7.0,100.0,0.0,88.0,581213093.0,95,4837,100.0,0.0,100,7,,,,,100.0,0.0,100.0,0.0,,,77.0,23.0,,,100.0,46.0,100.0,643.0,23,23,100.0,0.0,100.0,0.0,200.0,0.0,100.0,4672.0,100.0,32183137368.0,100.0,54030576708.0
2018-11-28,ZJV02SG7,ST12000NM0007,12000138625024,0,81,129872126,88.0,0.0,100.0,9.0,100.0,0.0,88.0,582418657.0,95,4874,100.0,0.0,100,9,,,,,100.0,0.0,100.0,0.0,,,76.0,24.0,,,100.0,46.0,100.0,711.0,24,24,100.0,0.0,100.0,0.0,200.0,0.0,100.0,4680.0,100.0,32248600840.0,100.0,54063005834.0
2018-11-29,ZJV02SG7,ST12000NM0007,12000138625024,0,81,130330752,88.0,0.0,100.0,9.0,100.0,0.0,88.0,584609186.0,95,4892,100.0,0.0,100,9,,,,,100.0,0.0,100.0,0.0,,,77.0,23.0,,,100.0,47.0,100.0,712.0,23,23,100.0,0.0,100.0,0.0,200.0,0.0,100.0,4699.0,100.0,32362298144.0,100.0,54193907986.0
2018-11-30,ZJV02SG7,ST12000NM0007,12000138625024,0,81,134256624,88.0,0.0,100.0,9.0,100.0,0.0,88.0,587332161.0,95,4916,100.0,0.0,100,9,,,,,100.0,0.0,100.0,0.0,,,77.0,23.0,,,100.0,48.0,100.0,713.0,23,23,100.0,0.0,100.0,0.0,200.0,0.0,100.0,4722.0,100.0,32445876712.0,100.0,54358396114.0
2018-12-01,ZJV02SG7,ST12000NM0007,12000138625024,0,83,204539672,88.0,0.0,100.0,9.0,100.0,0.0,88.0,590322147.0,95,4941,100.0,0.0,100,9,,,,,100.0,0.0,100.0,0.0,,,77.0,23.0,,,100.0,48.0,100.0,714.0,23,23,100.0,0.0,100.0,0.0,200.0,0.0,100.0,4747.0,100.0,32543858192.0,100.0,54574838330.0
2018-12-02,ZJV02SG7,ST12000NM0007,12000138625024,0,84,242403904,88.0,0.0,100.0,9.0,100.0,0.0,88.0,593263691.0,95,4964,100.0,0.0,100,9,,,,,100.0,0.0,100.0,0.0,,,78.0,22.0,,,100.0,49.0,100.0,715.0,22,22,100.0,0.0,100.0,0.0,200.0,0.0,100.0,4770.0,100.0,32619055160.0,100.0,54781646338.0
2018-12-03,ZJV02SG7,ST12000NM0007,12000138625024,0,79,76193584,88.0,0.0,100.0,9.0,100.0,0.0,88.0,596033550.0,95,4989,100.0,0.0,100,9,,,,,100.0,0.0,100.0,0.0,,,77.0,23.0,,,100.0,49.0,100.0,716.0,23,23,100.0,0.0,100.0,0.0,200.0,0.0,100.0,4795.0,100.0,32726224904.0,100.0,54996547794.0
2018-12-04,ZJV02SG7,ST12000NM0007,12000138625024,0,79,79242968,88.0,0.0,100.0,9.0,100.0,0.0,88.0,598094571.0,95,5012,100.0,0.0,100,9,,,,,100.0,0.0,100.0,0.0,,,74.0,26.0,,,100.0,49.0,100.0,716.0,26,26,100.0,0.0,100.0,0.0,200.0,0.0,100.0,4817.0,100.0,32804163936.0,100.0,55165798786.0
2018-12-05,ZJV02SG7,ST12000NM0007,12000138625024,0,79.0,79202568.0,88.0,0.0,100.0,9.0,100.0,0.0,88.0,600356826.0,95.0,5036.0,100.0,0.0,100.0,9.0,,,,,100.0,0.0,100.0,0.0,,,74.0,26.0,,,100.0,50.0,100.0,718.0,26.0,26.0,100.0,0.0,100.0,0.0,200.0,0.0,100.0,4841.0,100.0,32891364016.0,100.0,55322699114.0
2018-12-06,ZJV02SG7,ST12000NM0007,12000138625024,0,82,159815352,88.0,0.0,100.0,9.0,100.0,0.0,88.0,603292846.0,95,5060,100.0,0.0,100,9,,,,,100.0,0.0,100.0,0.0,,,73.0,27.0,,,100.0,51.0,100.0,719.0,27,27,100.0,0.0,100.0,0.0,200.0,0.0,100.0,4866.0,100.0,33026618040.0,100.0,55512198714.0
2018-12-07,ZJV02SG7,ST12000NM0007,12000138625024,0,82,153164232,88.0,0.0,100.0,9.0,100.0,0.0,88.0,605847353.0,95,5084,100.0,0.0,100,9,,,,,100.0,0.0,100.0,0.0,,,75.0,25.0,,,100.0,51.0,100.0,720.0,25,25,100.0,0.0,100.0,0.0,200.0,0.0,100.0,4889.0,100.0,33118437728.0,100.0,55657868754.0
2018-12-08,ZJV02SG7,ST12000NM0007,12000138625024,0,84,240793128,88.0,0.0,100.0,9.0,100.0,0.0,88.0,609337012.0,95,5108,100.0,0.0,100,9,,,,,100.0,0.0,100.0,0.0,,,76.0,24.0,,,100.0,51.0,100.0,721.0,24,24,100.0,0.0,100.0,0.0,200.0,0.0,100.0,4913.0,100.0,33203148960.0,100.0,55904927050.0
2018-12-09,ZJV02SG7,ST12000NM0007,12000138625024,0,84,224369384,88.0,0.0,100.0,9.0,100.0,0.0,88.0,611425334.0,95,5132,100.0,0.0,100,9,,,,,100.0,0.0,100.0,0.0,,,74.0,26.0,,,100.0,52.0,100.0,722.0,26,26,100.0,0.0,100.0,0.0,200.0,0.0,100.0,4937.0,100.0,33282433440.0,100.0,56053359826.0
2018-12-10,ZJV02SG7,ST12000NM0007,12000138625024,0,84,243557648,88.0,0.0,100.0,9.0,100.0,0.0,88.0,613965966.0,95,5155,100.0,0.0,100,9,,,,,100.0,0.0,100.0,0.0,,,78.0,22.0,,,100.0,52.0,100.0,723.0,22,22,100.0,0.0,100.0,0.0,200.0,0.0,100.0,4960.0,100.0,33367211384.0,100.0,56231910906.0
2018-12-11,ZJV02SG7,ST12000NM0007,12000138625024,0,72,17285320,88.0,0.0,100.0,9.0,100.0,0.0,88.0,615960176.0,95,5179,100.0,0.0,100,9,,,,,100.0,0.0,100.0,0.0,,,76.0,24.0,,,100.0,52.0,100.0,724.0,24,24,100.0,0.0,100.0,0.0,200.0,0.0,100.0,4984.0,100.0,33452609848.0,100.0,56408521882.0
2018-12-12,ZJV02SG7,ST12000NM0007,12000138625024,0,78,64632752,88.0,0.0,100.0,9.0,100.0,0.0,88.0,618389007.0,95,5203,100.0,0.0,100,9,,,,,100.0,0.0,100.0,0.0,,,78.0,22.0,,,100.0,52.0,100.0,725.0,22,22,100.0,0.0,100.0,0.0,200.0,0.0,100.0,5009.0,100.0,33573909792.0,100.0,56578710066.0
2018-12-13,ZJV02SG7,ST12000NM0007,12000138625024,0,80,109272800,88.0,0.0,100.0,9.0,100.0,0.0,88.0,620849493.0,95,5228,100.0,0.0,100,9,,,,,100.0,0.0,100.0,0.0,,,78.0,22.0,,,100.0,53.0,100.0,726.0,22,22,100.0,0.0,100.0,0.0,200.0,0.0,100.0,5033.0,100.0,33673145880.0,100.0,56768254794.0
2018-12-14,ZJV02SG7,ST12000NM0007,12000138625024,0,81,136121072,88.0,0.0,100.0,9.0,100.0,0.0,88.0,623514165.0,95,5252,100.0,0.0,100,9,,,,,100.0,0.0,100.0,0.0,,,77.0,23.0,,,100.0,54.0,100.0,727.0,23,23,100.0,0.0,100.0,0.0,200.0,0.0,100.0,5057.0,100.0,33764529384.0,100.0,56947860562.0
2018-12-15,ZJV02SG7,ST12000NM0007,12000138625024,0,82,161479408,88.0,0.0,100.0,9.0,100.0,0.0,88.0,626549071.0,94,5275,100.0,0.0,100,9,,,,,100.0,0.0,100.0,0.0,,,74.0,26.0,,,100.0,55.0,100.0,728.0,26,26,100.0,0.0,100.0,0.0,200.0,0.0,100.0,5080.0,100.0,33866633520.0,100.0,57115255794.0
2018-12-16,ZJV02SG7,ST12000NM0007,12000138625024,0,82,154452528,88.0,0.0,100.0,9.0,100.0,0.0,88.0,628964010.0,94,5300,100.0,0.0,100,9,,,,,100.0,0.0,100.0,0.0,,,75.0,25.0,,,100.0,55.0,100.0,729.0,25,25,100.0,0.0,100.0,0.0,200.0,0.0,100.0,5104.0,100.0,33942040344.0,100.0,57276962802.0
2018-12-17,ZJV02SG7,ST12000NM0007,12000138625024,0,82,177761176,88.0,0.0,100.0,9.0,100.0,0.0,88.0,631655504.0,94,5323,100.0,0.0,100,9,,,,,100.0,0.0,100.0,0.0,,,74.0,26.0,,,100.0,56.0,100.0,730.0,26,26,100.0,0.0,100.0,0.0,200.0,0.0,100.0,5128.0,100.0,34015638032.0,100.0,57470814538.0
2018-12-18,ZJV02SG7,ST12000NM0007,12000138625024,0,84,230663568,88.0,0.0,100.0,9.0,100.0,0.0,88.0,634407698.0,94,5348,100.0,0.0,100,9,,,,,100.0,0.0,100.0,0.0,,,77.0,23.0,,,100.0,56.0,100.0,731.0,23,23,100.0,0.0,100.0,0.0,200.0,0.0,100.0,5153.0,100.0,34120030872.0,100.0,57663464890.0
2018-12-19,ZJV02SG7,ST12000NM0007,12000138625024,0,76,38458168,88.0,0.0,100.0,9.0,100.0,0.0,88.0,636877235.0,94,5372,100.0,0.0,100,9,,,,,100.0,0.0,100.0,0.0,,,78.0,22.0,,,100.0,56.0,100.0,732.0,22,22,100.0,0.0,100.0,0.0,200.0,0.0,100.0,5176.0,100.0,34199832672.0,100.0,57879739338.0
2018-12-20,ZJV02SG7,ST12000NM0007,12000138625024,0,75,28421072,88.0,0.0,100.0,9.0,100.0,0.0,88.0,638722684.0,94,5396,100.0,0.0,100,9,,,,,100.0,0.0,100.0,0.0,,,73.0,27.0,,,100.0,57.0,100.0,733.0,27,27,100.0,0.0,100.0,0.0,200.0,0.0,100.0,5200.0,100.0,34231568648.0,100.0,58082106914.0
2018-12-21,ZJV02SG7,ST12000NM0007,12000138625024,0,73,20590568,88.0,0.0,100.0,9.0,100.0,0.0,88.0,641183663.0,94,5419,100.0,0.0,100,9,,,,,100.0,0.0,100.0,0.0,,,77.0,23.0,,,100.0,57.0,100.0,734.0,23,23,100.0,0.0,100.0,0.0,200.0,0.0,100.0,5223.0,100.0,34286287960.0,100.0,58263698082.0
2018-12-22,ZJV02SG7,ST12000NM0007,12000138625024,0,68,6490472,88.0,0.0,100.0,9.0,100.0,0.0,88.0,643398243.0,94,5444,100.0,0.0,100,9,,,,,100.0,0.0,100.0,0.0,,,78.0,22.0,,,100.0,58.0,100.0,735.0,22,22,100.0,0.0,100.0,0.0,200.0,0.0,100.0,5248.0,100.0,34323431488.0,100.0,58456595106.0
2018-12-23,ZJV02SG7,ST12000NM0007,12000138625024,0,83,183041536,88.0,0.0,100.0,9.0,100.0,0.0,88.0,645127496.0,94,5468,100.0,0.0,100,9,,,,,100.0,0.0,100.0,0.0,,,78.0,22.0,,,100.0,58.0,100.0,736.0,22,22,100.0,0.0,100.0,0.0,200.0,0.0,100.0,5272.0,100.0,34373168968.0,100.0,58583408690.0
2018-12-24,ZJV02SG7,ST12000NM0007,12000138625024,0,81,134202544,88.0,0.0,100.0,9.0,100.0,0.0,88.0,647209715.0,94,5492,100.0,0.0,100,9,,,,,100.0,0.0,100.0,0.0,,,78.0,22.0,,,100.0,59.0,100.0,737.0,22,22,100.0,0.0,100.0,0.0,200.0,0.0,100.0,5295.0,100.0,34409922016.0,100.0,58741957538.0
2018-12-25,ZJV02SG7,ST12000NM0007,12000138625024,0,79,80607672,88.0,0.0,100.0,9.0,100.0,0.0,88.0,648720853.0,94,5516,100.0,0.0,100,9,,,,,100.0,0.0,100.0,0.0,,,78.0,22.0,,,100.0,60.0,100.0,738.0,22,22,100.0,0.0,100.0,0.0,200.0,0.0,100.0,5320.0,100.0,34438292440.0,100.0,58904132962.0
2018-12-26,ZJV02SG7,ST12000NM0007,12000138625024,0,83,214702360,88.0,0.0,100.0,9.0,100.0,0.0,88.0,649749185.0,94,5539,100.0,0.0,100,9,,,,,100.0,0.0,100.0,0.0,,,78.0,22.0,,,100.0,61.0,100.0,739.0,22,22,100.0,0.0,100.0,0.0,200.0,0.0,100.0,5343.0,100.0,34450946448.0,100.0,59025573642.0
2018-12-27,ZJV02SG7,ST12000NM0007,12000138625024,0,82,154738088,88.0,0.0,100.0,9.0,100.0,0.0,88.0,651228693.0,94,5564,100.0,0.0,100,9,,,,,100.0,0.0,100.0,0.0,,,78.0,22.0,,,100.0,61.0,100.0,740.0,22,22,100.0,0.0,100.0,0.0,200.0,0.0,100.0,5367.0,100.0,34477184168.0,100.0,59183512370.0
2018-12-28,ZJV02SG7,ST12000NM0007,12000138625024,0,80,110764016,88.0,0.0,100.0,9.0,100.0,0.0,88.0,653379561.0,94,5588,100.0,0.0,100,9,,,,,100.0,0.0,100.0,0.0,,,77.0,23.0,,,100.0,61.0,100.0,741.0,23,23,100.0,0.0,100.0,0.0,200.0,0.0,100.0,5392.0,100.0,34543024608.0,100.0,59317838578.0
2018-12-29,ZJV02SG7,ST12000NM0007,12000138625024,0,80,107002864,88.0,0.0,100.0,9.0,100.0,0.0,88.0,655801392.0,94,5612,100.0,0.0,100,9,,,,,100.0,0.0,100.0,0.0,,,71.0,29.0,,,100.0,62.0,100.0,742.0,29,29,100.0,0.0,100.0,0.0,200.0,0.0,100.0,5415.0,100.0,34584479576.0,100.0,59516763138.0
2018-12-30,ZJV02SG7,ST12000NM0007,12000138625024,0,76,40129552,88.0,0.0,100.0,10.0,100.0,0.0,88.0,657422482.0,94,5641,100.0,0.0,100,10,,,,,100.0,0.0,100.0,0.0,,,78.0,22.0,,,100.0,63.0,100.0,746.0,22,22,100.0,0.0,100.0,0.0,200.0,0.0,100.0,5445.0,100.0,34618682632.0,100.0,59659827468.0
2018-12-31,ZJV02SG7,ST12000NM0007,12000138625024,0,76,39479352,88.0,0.0,100.0,10.0,100.0,0.0,88.0,660342309.0,94,5665,100.0,0.0,100,10,,,,,100.0,0.0,100.0,0.0,,,78.0,22.0,,,100.0,63.0,100.0,747.0,22,22,100.0,0.0,100.0,0.0,200.0,0.0,100.0,5468.0,100.0,34648615096.0,100.0,59873385884.0
