2018-05-16,ZJV04L6S,ST12000NM0007,12000138625024,0,82,141569728,97,0,100,2,100,0,63,1887852,100,167,100,0,100,2,,,,,100.0,0.0,100.0,0.0,,,65.0,35.0,,,100.0,0.0,100.0,420.0,35,35,100,0,100,0,200,0,100.0,24.0,100.0,603097520.0,100.0,270896098.0
2018-05-17,ZJV04L6S,ST12000NM0007,12000138625024,0,82,142113072,97,0,100,2,100,0,63,1937787,100,191,100,0,100,2,,,,,100.0,0.0,100.0,0.0,,,65.0,35.0,,,100.0,1.0,100.0,421.0,35,35,100,0,100,0,200,0,100.0,48.0,100.0,603441624.0,100.0,271095338.0
2018-05-18,ZJV04L6S,ST12000NM0007,12000138625024,0,82,142755610,96,0,100,3,100,0,63,1986273,100,219,100,0,100,3,,,,,100.0,0.0,100.0,0.0,,,65.0,35.0,,,100.0,1.0,100.0,426.0,35,35,100,0,100,0,200,0,100.0,75.0,100.0,603715584.0,100.0,271463916.0
2018-05-19,ZJV04L6S,ST12000NM0007,12000138625024,0,83,186656060,96,0,100,3,100,0,64,2269887,100,247,100,0,100,3,,,,,100.0,0.0,100.0,0.0,,,66.0,34.0,,,100.0,1.0,100.0,427.0,34,34,100,0,100,0,200,0,100.0,102.0,100.0,647361736.0,100.0,271718214.0
2018-05-20,ZJV04L6S,ST12000NM0007,12000138625024,0,83,186856844,96,0,100,3,100,0,64,2291726,100,270,100,0,100,3,,,,,100.0,0.0,100.0,0.0,,,65.0,35.0,,,100.0,2.0,100.0,428.0,35,35,100,0,100,0,200,0,100.0,126.0,100.0,647371704.0,100.0,271909030.0
2018-05-21,ZJV04L6S,ST12000NM0007,12000138625024,0,83,187067588,96,0,100,3,100,0,64,2314562,100,295,100,0,100,3,,,,,100.0,0.0,100.0,0.0,,,66.0,34.0,,,100.0,3.0,100.0,429.0,34,34,100,0,100,0,200,0,100.0,150.0,100.0,647383344.0,100.0,272108134.0
2018-05-22,ZJV04L6S,ST12000NM0007,12000138625024,0,83,187278612,96,0,100,3,100,0,64,2337366,100,319,100,0,100,3,,,,,100.0,0.0,100.0,0.0,,,70.0,30.0,,,100.0,4.0,100.0,430.0,30,30,100,0,100,0,200,0,100.0,174.0,100.0,647394472.0,100.0,272308030.0
2018-05-23,ZJV04L6S,ST12000NM0007,12000138625024,0,83,187479580,96,0,100,3,100,0,64,2359364,100,342,100,0,100,3,,,,,100.0,0.0,100.0,0.0,,,69.0,31.0,,,100.0,5.0,100.0,431.0,31,31,100,0,100,0,200,0,100.0,197.0,100.0,647404632.0,100.0,272498838.0
2018-05-24,ZJV04L6S,ST12000NM0007,12000138625024,0,83,187691820,96,0,100,3,100,0,64,2382250,100,367,100,0,100,3,,,,,100.0,0.0,100.0,0.0,,,70.0,30.0,,,100.0,6.0,100.0,432.0,30,30,100,0,100,0,200,0,100.0,222.0,100.0,647417768.0,100.0,272697942.0
2018-05-25,ZJV04L6S,ST12000NM0007,12000138625024,0,83,187893092,96,0,100,3,100,0,64,2404121,100,390,100,0,100,3,,,,,100.0,0.0,100.0,0.0,,,69.0,31.0,,,100.0,7.0,100.0,433.0,31,31,100,0,100,0,200,0,100.0,245.0,100.0,647427696.0,100.0,272889286.0
2018-05-26,ZJV04L6S,ST12000NM0007,12000138625024,0,83,188101396,96,0,100,3,100,0,64,2425692,100,413,100,0,100,3,,,,,100.0,0.0,100.0,0.0,,,70.0,30.0,,,100.0,8.0,100.0,435.0,30,30,100,0,100,0,200,0,100.0,267.0,100.0,647441520.0,100.0,273083766.0
2018-05-27,ZJV04L6S,ST12000NM0007,12000138625024,0,83,188311396,96,0,100,3,100,0,64,2448743,100,437,100,0,100,3,,,,,100.0,0.0,100.0,0.0,,,69.0,31.0,,,100.0,9.0,100.0,436.0,31,31,100,0,100,0,200,0,100.0,291.0,100.0,647452416.0,100.0,273282870.0
2018-05-28,ZJV04L6S,ST12000NM0007,12000138625024,0,83,188513020,96,0,100,3,100,0,64,2470937,100,460,100,0,100,3,,,,,100.0,0.0,100.0,0.0,,,70.0,30.0,,,100.0,10.0,100.0,437.0,30,30,100,0,100,0,200,0,100.0,314.0,100.0,647463232.0,100.0,273473678.0
2018-05-29,ZJV04L6S,ST12000NM0007,12000138625024,0,83,188722900,96,0,100,3,100,0,64,2494007,100,485,100,0,100,3,,,,,100.0,0.0,100.0,0.0,,,75.0,25.0,,,100.0,11.0,100.0,438.0,25,25,100,0,100,0,200,0,100.0,338.0,100.0,647474008.0,100.0,273672782.0
2018-05-30,ZJV04L6S,ST12000NM0007,12000138625024,0,83,188932852,96,0,100,3,100,0,64,2517339,100,509,100,0,100,3,,,,,100.0,0.0,100.0,0.0,,,75.0,25.0,,,100.0,12.0,100.0,439.0,25,25,100,0,100,0,200,0,100.0,363.0,100.0,647484856.0,100.0,273871886.0
2018-05-31,ZJV04L6S,ST12000NM0007,12000138625024,0,83,189134132,96,0,100,3,100,0,64,2539281,100,533,100,0,100,3,,,,,100.0,0.0,100.0,0.0,,,76.0,24.0,,,100.0,13.0,100.0,440.0,24,24,100,0,100,0,200,0,100.0,386.0,100.0,647495328.0,100.0,274062694.0
2018-06-01,ZJV04L6S,ST12000NM0007,12000138625024,0,83,189344644,96,0,100,3,100,0,64,2562787,100,557,100,0,100,3,,,,,100.0,0.0,100.0,0.0,,,76.0,24.0,,,100.0,14.0,100.0,441.0,24,24,100,0,100,0,200,0,100.0,410.0,100.0,647506736.0,100.0,274261798.0
2018-06-02,ZJV04L6S,ST12000NM0007,12000138625024,0,83,189546284,96,0,100,3,100,0,64,2584887,100,580,100,0,100,3,,,,,100.0,0.0,100.0,0.0,,,76.0,24.0,,,100.0,15.0,100.0,442.0,24,24,100,0,100,0,200,0,100.0,433.0,100.0,647517568.0,100.0,274452606.0
2018-06-03,ZJV04L6S,ST12000NM0007,12000138625024,0,83,189756332,96,0,100,3,100,0,64,2608042,100,605,100,0,100,3,,,,,100.0,0.0,100.0,0.0,,,76.0,24.0,,,100.0,16.0,100.0,443.0,24,24,100,0,100,0,200,0,100.0,457.0,100.0,647528512.0,100.0,274651710.0
2018-06-04,ZJV04L6S,ST12000NM0007,12000138625024,0,83,189965900,96,0,100,3,100,0,64,2630823,100,629,100,0,100,3,,,,,100.0,0.0,100.0,0.0,,,76.0,24.0,,,100.0,17.0,100.0,444.0,24,24,100,0,100,0,200,0,100.0,482.0,100.0,647538976.0,100.0,274850814.0
2018-06-05,ZJV04L6S,ST12000NM0007,12000138625024,0,83,190167028,96,0,100,3,100,0,64,2652983,100,653,100,0,100,3,,,,,100.0,0.0,100.0,0.0,,,66.0,34.0,,,100.0,18.0,100.0,445.0,34,34,100,0,100,0,200,0,100.0,505.0,100.0,647549296.0,100.0,275041622.0
2018-06-06,ZJV04L6S,ST12000NM0007,12000138625024,0,83,190376556,96,0,100,3,100,0,64,2676184,100,677,100,0,100,3,,,,,100.0,0.0,100.0,0.0,,,67.0,33.0,,,100.0,19.0,100.0,446.0,33,33,100,0,100,0,200,0,100.0,529.0,100.0,647559720.0,100.0,275240726.0
2018-06-07,ZJV04L6S,ST12000NM0007,12000138625024,0,83,190582374,95,0,100,4,100,0,64,2694978,100,696,100,0,100,4,,,,,100.0,0.0,100.0,0.0,,,68.0,32.0,,,100.0,19.0,100.0,448.0,32,32,100,0,100,0,200,0,100.0,549.0,100.0,647568384.0,100.0,275437880.0
2018-06-08,ZJV04L6S,ST12000NM0007,12000138625024,0,83,195594246,95,0,100,4,100,0,64,2786192,100,717,100,0,100,4,,,,,100.0,0.0,100.0,0.0,,,66.0,34.0,,,100.0,20.0,100.0,449.0,34,34,100,0,100,0,200,0,100.0,569.0,100.0,652411864.0,100.0,275606272.0
2018-06-09,ZJV04L6S,ST12000NM0007,12000138625024,0,83,195827584,95,0,100,4,100,0,64,2808256,100,740,100,0,100,4,,,,,100.0,0.0,100.0,0.0,,,66.0,34.0,,,100.0,20.0,100.0,450.0,34,34,100,0,100,0,200,0,100.0,592.0,100.0,652425872.0,100.0,275825602.0
2018-06-10,ZJV04L6S,ST12000NM0007,12000138625024,0,83,196036720,95,0,100,4,100,0,65,2831039,100,765,100,0,100,4,,,,,100.0,0.0,100.0,0.0,,,67.0,33.0,,,100.0,21.0,100.0,451.0,33,33,100,0,100,0,200,0,100.0,616.0,100.0,652435904.0,100.0,276024706.0
2018-06-11,ZJV04L6S,ST12000NM0007,12000138625024,0,83,196246080,95,0,100,4,100,0,65,2853720,100,789,100,0,100,4,,,,,100.0,0.0,100.0,0.0,,,67.0,33.0,,,100.0,22.0,100.0,452.0,33,33,100,0,100,0,200,0,100.0,641.0,100.0,652446160.0,100.0,276223810.0
2018-06-12,ZJV04L6S,ST12000NM0007,12000138625024,0,74,23160648,95,0,100,4,100,0,65,3411918,100,812,100,0,100,4,,,,,100.0,0.0,100.0,0.0,,,66.0,34.0,,,100.0,23.0,100.0,454.0,34,34,100,0,100,0,200,0,100.0,664.0,100.0,687781120.0,100.0,311944170.0
2018-06-13,ZJV04L6S,ST12000NM0007,12000138625024,0,83,178624864,95,0,100,4,100,0,68,6190673,100,837,100,0,100,4,,,,,100.0,0.0,100.0,0.0,,,65.0,35.0,,,100.0,23.0,100.0,455.0,35,35,100,0,100,0,200,0,100.0,688.0,100.0,908836864.0,100.0,490493458.0
2018-06-14,ZJV04L6S,ST12000NM0007,12000138625024,0,83,222976096,95,0,100,4,100,0,70,9259166,100,859,100,0,100,4,,,,,100.0,0.0,100.0,0.0,,,67.0,33.0,,,100.0,23.0,100.0,455.0,33,33,100,0,100,0,200,0,100.0,710.0,100.0,1203040520.0,100.0,728922458.0
2018-06-15,ZJV04L6S,ST12000NM0007,12000138625024,0,81.0,124215464.0,95.0,0.0,100.0,4.0,100.0,0.0,71.0,12873414.0,99.0,885.0,100.0,0.0,100.0,4.0,,,,,100.0,0.0,100.0,0.0,,,65.0,35.0,,,100.0,23.0,100.0,457.0,35.0,35.0,100.0,0.0,100.0,0.0,200.0,0.0,100.0,736.0,100.0,1544973184.0,100.0,1020651618.0
2018-06-16,ZJV04L6S,ST12000NM0007,12000138625024,0,83.0,178621632.0,95.0,0.0,100.0,4.0,100.0,0.0,72.0,16105088.0,99.0,908.0,100.0,0.0,100.0,4.0,,,,,100.0,0.0,100.0,0.0,,,66.0,34.0,,,100.0,23.0,100.0,457.0,34.0,34.0,100.0,0.0,100.0,0.0,200.0,0.0,100.0,759.0,100.0,1863660920.0,100.0,1244651890.0
2018-06-17,ZJV04L6S,ST12000NM0007,12000138625024,0,72.0,14291944.0,95.0,0.0,100.0,4.0,100.0,0.0,73.0,19472746.0,99.0,933.0,100.0,0.0,100.0,4.0,,,,,100.0,0.0,100.0,0.0,,,64.0,36.0,,,100.0,23.0,100.0,459.0,36.0,36.0,100.0,0.0,100.0,0.0,200.0,0.0,100.0,784.0,100.0,2174309120.0,100.0,1502096250.0
2018-06-18,ZJV04L6S,ST12000NM0007,12000138625024,0,76.0,37445240.0,95.0,0.0,100.0,4.0,100.0,0.0,74.0,22618859.0,99.0,956.0,100.0,0.0,100.0,4.0,,,,,100.0,0.0,100.0,0.0,,,65.0,35.0,,,100.0,23.0,100.0,460.0,35.0,35.0,100.0,0.0,100.0,0.0,200.0,0.0,100.0,807.0,100.0,2454687784.0,100.0,1733152346.0
2018-06-19,ZJV04L6S,ST12000NM0007,12000138625024,0,81,114815032,95,0,100,4,100,0,74,25990007,99,981,100,0,100,4,,,,,100.0,0.0,100.0,0.0,,,73.0,27.0,,,100.0,23.0,100.0,461.0,27,27,100,0,100,0,200,0,100.0,831.0,100.0,2760259480.0,100.0,1993231826.0
2018-06-20,ZJV04L6S,ST12000NM0007,12000138625024,0,83,183880696,95,0,100,4,100,0,75,29224895,99,1005,100,0,100,4,,,,,100.0,0.0,100.0,0.0,,,72.0,28.0,,,100.0,23.0,100.0,462.0,28,28,100,0,100,0,200,0,100.0,855.0,100.0,3020806944.0,100.0,2290031498.0
2018-06-21,ZJV04L6S,ST12000NM0007,12000138625024,0,75,30843088,95,0,100,4,100,0,75,32643969,99,1029,100,0,100,4,,,,,100.0,0.0,100.0,0.0,,,72.0,28.0,,,100.0,23.0,100.0,463.0,28,28,100,0,100,0,200,0,100.0,879.0,100.0,3312113408.0,100.0,2578109618.0
2018-06-22,ZJV04L6S,ST12000NM0007,12000138625024,0,81,127826602,93,0,100,5,100,0,76,36563281,99,1059,100,0,100,5,,,,,100.0,0.0,100.0,0.0,,,71.0,29.0,,,100.0,23.0,100.0,464.0,29,29,100,0,100,0,200,0,100.0,909.0,100.0,3633586408.0,100.0,2841901756.0
2018-06-23,ZJV04L6S,ST12000NM0007,12000138625024,0,83,220470880,93,0,100,5,100,0,76,40017238,99,1084,100,0,100,5,,,,,100.0,0.0,100.0,0.0,,,72.0,28.0,,,100.0,23.0,100.0,465.0,28,28,100,0,100,0,200,0,100.0,934.0,100.0,3939007208.0,100.0,3117406596.0
2018-06-24,ZJV04L6S,ST12000NM0007,12000138625024,0,84,238642208,93,0,100,5,100,0,76,43242397,99,1107,100,0,100,5,,,,,100.0,0.0,100.0,0.0,,,72.0,28.0,,,100.0,23.0,100.0,466.0,28,28,100,0,100,0,200,0,100.0,957.0,100.0,4211947400.0,100.0,3350919060.0
2018-06-25,ZJV04L6S,ST12000NM0007,12000138625024,0,77,49207128,93,0,100,5,100,0,77,46599870,99,1132,100,0,100,5,,,,,100.0,0.0,100.0,0.0,,,72.0,28.0,,,100.0,23.0,100.0,467.0,28,28,100,0,100,0,200,0,100.0,982.0,100.0,4501857856.0,100.0,3603995692.0
2018-06-26,ZJV04L6S,ST12000NM0007,12000138625024,0,79,79767552,93,0,100,5,100,0,77,49900474,99,1156,100,0,100,5,,,,,100.0,0.0,100.0,0.0,,,63.0,37.0,,,100.0,23.0,100.0,468.0,37,37,100,0,100,0,200,0,100.0,1006.0,100.0,4785203112.0,100.0,3839492164.0
2018-06-27,ZJV04L6S,ST12000NM0007,12000138625024,0,81,114007688,93,0,100,5,100,0,77,53166592,99,1179,100,0,100,5,,,,,100.0,0.0,100.0,0.0,,,63.0,37.0,,,100.0,23.0,100.0,469.0,37,37,100,0,100,0,200,0,100.0,1029.0,100.0,5056998608.0,100.0,4090218300.0
2018-06-28,ZJV04L6S,ST12000NM0007,12000138625024,0,83,220712392,93,0,100,5,100,0,78,56797976,99,1204,100,0,100,5,,,,,100.0,0.0,100.0,0.0,,,64.0,36.0,,,100.0,23.0,100.0,470.0,36,36,100,0,100,0,200,0,100.0,1053.0,100.0,5361719784.0,100.0,4380483180.0
2018-06-29,ZJV04L6S,ST12000NM0007,12000138625024,0,79,74861472,93,0,100,5,100,0,78,60357583,99,1228,100,0,100,5,,,,,100.0,0.0,100.0,0.0,,,64.0,36.0,,,100.0,23.0,100.0,471.0,36,36,100,0,100,0,200,0,100.0,1077.0,100.0,5655339352.0,100.0,4673435012.0
2018-06-30,ZJV04L6S,ST12000NM0007,12000138625024,0,82,158627080,93,0,100,5,100,0,78,63905949,99,1252,100,0,100,5,,,,,100.0,0.0,100.0,0.0,,,64.0,36.0,,,100.0,23.0,100.0,472.0,36,36,100,0,100,0,200,0,100.0,1101.0,100.0,5949084600.0,100.0,4951736780.0
2018-07-01,ZJV04L6S,ST12000NM0007,12000138625024,0,83,209979264,93,0,100,5,100,0,78,67308274,99,1275,100,0,100,5,,,,,100.0,0.0,100.0,0.0,,,64.0,36.0,,,100.0,23.0,100.0,473.0,36,36,100,0,100,0,200,0,100.0,1124.0,100.0,6209744944.0,100.0,5230709924.0
2018-07-02,ZJV04L6S,ST12000NM0007,12000138625024,0,79,74789632,93,0,100,5,100,0,79,71044825,99,1299,100,0,100,5,,,,,100.0,0.0,100.0,0.0,,,64.0,36.0,,,100.0,23.0,100.0,474.0,36,36,100,0,100,0,200,0,100.0,1149.0,100.0,6523315752.0,100.0,5514371708.0
2018-07-03,ZJV04L6S,ST12000NM0007,12000138625024,0,82,158833112,93,0,100,5,100,0,79,74714897,99,1323,100,0,100,5,,,,,100.0,0.0,100.0,0.0,,,69.0,31.0,,,100.0,23.0,100.0,475.0,31,31,100,0,100,0,200,0,100.0,1173.0,100.0,6827528840.0,100.0,5782483412.0
2018-07-04,ZJV04L6S,ST12000NM0007,12000138625024,0,83,195652248,93,0,100,5,100,0,79,78256387,99,1347,100,0,100,5,,,,,100.0,0.0,100.0,0.0,,,71.0,29.0,,,100.0,23.0,100.0,476.0,29,29,100,0,100,0,200,0,100.0,1197.0,100.0,7103242448.0,100.0,6031870348.0
2018-07-05,ZJV04L6S,ST12000NM0007,12000138625024,0,67,5000296,93,0,100,5,100,0,79,81885411,99,1371,100,0,100,5,,,,,100.0,0.0,100.0,0.0,,,70.0,30.0,,,100.0,23.0,100.0,477.0,30,30,100,0,100,0,200,0,100.0,1220.0,100.0,7388633712.0,100.0,6288249724.0
2018-07-06,ZJV04L6S,ST12000NM0007,12000138625024,0,82,145664720,93,0,100,5,100,0,79,86004335,99,1396,100,0,100,5,,,,,100.0,0.0,100.0,0.0,,,68.0,32.0,,,100.0,23.0,100.0,478.0,32,32,100,0,100,0,200,0,100.0,1245.0,100.0,7738136992.0,100.0,6567692660.0
2018-07-07,ZJV04L6S,ST12000NM0007,12000138625024,0,83,207245600,93,0,100,5,100,0,80,89726268,99,1419,100,0,100,5,,,,,100.0,0.0,100.0,0.0,,,70.0,30.0,,,100.0,23.0,100.0,479.0,30,30,100,0,100,0,200,0,100.0,1268.0,100.0,8037122568.0,100.0,6818569756.0
2018-07-08,ZJV04L6S,ST12000NM0007,12000138625024,0,75,32294248,93,0,100,5,100,0,80,93492441,99,1444,100,0,100,5,,,,,100.0,0.0,100.0,0.0,,,69.0,31.0,,,100.0,23.0,100.0,480.0,31,31,100,0,100,0,200,0,100.0,1293.0,100.0,8301613176.0,100.0,7111550308.0
2018-07-09,ZJV04L6S,ST12000NM0007,12000138625024,0,83,202120904,93,0,100,5,100,0,80,96316973,99,1467,100,0,100,5,,,,,100.0,0.0,100.0,0.0,,,71.0,29.0,,,100.0,23.0,100.0,481.0,29,29,100,0,100,0,200,0,100.0,1316.0,100.0,8448200152.0,100.0,7378930636.0
2018-07-10,ZJV04L6S,ST12000NM0007,12000138625024,0,80.0,105614080.0,93.0,0.0,100.0,5.0,100.0,0.0,80.0,98931341.0,99.0,1492.0,100.0,0.0,100.0,5.0,,,,,100.0,0.0,100.0,0.0,,,73.0,27.0,,,100.0,23.0,100.0,485.0,27.0,27.0,100.0,0.0,100.0,0.0,200.0,0.0,100.0,1340.0,100.0,8589854760.0,100.0,7629050796.0
2018-07-11,ZJV04L6S,ST12000NM0007,12000138625024,0,79,88076384,93,0,100,5,100,0,80,101560901,99,1511,100,0,100,5,,,,,100.0,0.0,100.0,0.0,,,71.0,29.0,,,100.0,23.0,100.0,486.0,29,29,100,0,100,0,200,0,100.0,1359.0,100.0,8730686744.0,100.0,7958962532.0
2018-07-12,ZJV04L6S,ST12000NM0007,12000138625024,0,81,127555504,93,0,100,5,100,0,80,105661161,99,1535,100,0,100,5,,,,,100.0,0.0,100.0,0.0,,,70.0,30.0,,,100.0,23.0,100.0,487.0,30,30,100,0,100,0,200,0,100.0,1383.0,100.0,8995811984.0,100.0,8465738916.0
2018-07-13,ZJV04L6S,ST12000NM0007,12000138625024,0,82,150751160,93,0,100,5,100,0,80,110154496,99,1563,100,0,100,5,,,,,100.0,0.0,100.0,0.0,,,71.0,29.0,,,100.0,23.0,100.0,489.0,29,29,100,0,100,0,200,0,100.0,1410.0,100.0,9297704824.0,100.0,8919464052.0
2018-07-14,ZJV04L6S,ST12000NM0007,12000138625024,0,83,205579304,93,0,100,5,100,0,81,113651364,99,1586,100,0,100,5,,,,,100.0,0.0,100.0,0.0,,,71.0,29.0,,,100.0,23.0,100.0,490.0,29,29,100,0,100,0,200,0,100.0,1433.0,100.0,9564835760.0,100.0,9195442780.0
2018-07-15,ZJV04L6S,ST12000NM0007,12000138625024,0,64,2514256,93,0,100,5,100,0,81,115735677,99,1602,100,0,100,5,,,,,100.0,0.0,100.0,0.0,,,71.0,29.0,,,100.0,23.0,100.0,491.0,29,29,100,0,100,0,200,0,100.0,1449.0,100.0,9689942512.0,100.0,9355552724.0
2018-07-16,ZJV04L6S,ST12000NM0007,12000138625024,0,80,91671296,93,0,100,5,100,0,81,120069558,99,1634,100,0,100,5,,,,,100.0,0.0,100.0,0.0,,,72.0,28.0,,,100.0,23.0,100.0,492.0,28,28,100,0,100,0,200,0,100.0,1481.0,100.0,9933726008.0,100.0,9689208356.0
2018-07-17,ZJV04L6S,ST12000NM0007,12000138625024,0,77,45866160,93,0,100,5,100,0,81,123374922,99,1658,100,0,100,5,,,,,100.0,0.0,100.0,0.0,,,63.0,37.0,,,100.0,23.0,100.0,493.0,37,37,100,0,100,0,200,0,100.0,1506.0,100.0,10103025440.0,100.0,9962385284.0
2018-07-18,ZJV04L6S,ST12000NM0007,12000138625024,0,76,43503472,93,0,100,5,100,0,81,126770046,99,1682,100,0,100,5,,,,,100.0,0.0,100.0,0.0,,,63.0,37.0,,,100.0,23.0,100.0,494.0,37,37,100,0,100,0,200,0,100.0,1530.0,100.0,10329705648.0,100.0,10221623692.0
2018-07-19,ZJV04L6S,ST12000NM0007,12000138625024,0,72,14912408,93,0,100,5,100,0,81,130186640,99,1706,100,0,100,5,,,,,100.0,0.0,100.0,0.0,,,63.0,37.0,,,100.0,23.0,100.0,495.0,37,37,100,0,100,0,200,0,100.0,1553.0,100.0,10537215128.0,100.0,10473804620.0
2018-07-20,ZJV04L6S,ST12000NM0007,12000138625024,0,82,169709240,93,0,100,5,100,0,81,133321542,99,1730,100,0,100,5,,,,,100.0,0.0,100.0,0.0,,,62.0,38.0,,,100.0,23.0,100.0,496.0,38,38,100,0,100,0,200,0,100.0,1577.0,100.0,10731064224.0,100.0,10678893084.0
2018-07-21,ZJV04L6S,ST12000NM0007,12000138625024,0,78,57457544,93,0,100,5,100,0,81,136238269,98,1754,100,0,100,5,,,,,100.0,0.0,100.0,0.0,,,62.0,38.0,,,100.0,23.0,100.0,497.0,38,38,100,0,100,0,200,0,100.0,1601.0,100.0,10888832928.0,100.0,10897154076.0
2018-07-22,ZJV04L6S,ST12000NM0007,12000138625024,0,84,228785160,93,0,100,5,100,0,81,139405561,98,1778,100,0,100,5,,,,,100.0,0.0,100.0,0.0,,,62.0,38.0,,,100.0,23.0,100.0,498.0,38,38,100,0,100,0,200,0,100.0,1625.0,100.0,11054488208.0,100.0,11146967116.0
2018-07-23,ZJV04L6S,ST12000NM0007,12000138625024,0,80,96132056,93,0,100,5,100,0,82,142245943,98,1802,100,0,100,5,,,,,100.0,0.0,100.0,0.0,,,62.0,38.0,,,100.0,23.0,100.0,499.0,38,38,100,0,100,0,200,0,100.0,1649.0,100.0,11225859736.0,100.0,11331224052.0
2018-07-24,ZJV04L6S,ST12000NM0007,12000138625024,0,77,48238696,93,0,100,5,100,0,82,145543898,98,1827,100,0,100,5,,,,,100.0,0.0,100.0,0.0,,,72.0,28.0,,,100.0,23.0,100.0,500.0,28,28,100,0,100,0,200,0,100.0,1673.0,100.0,11442397000.0,100.0,11555074988.0
2018-07-25,ZJV04L6S,ST12000NM0007,12000138625024,0,84.0,231097088.0,93.0,0.0,100.0,5.0,100.0,0.0,82.0,148796350.0,98.0,1850.0,100.0,0.0,100.0,5.0,,,,,100.0,0.0,100.0,0.0,,,73.0,27.0,,,100.0,23.0,100.0,501.0,27.0,27.0,100.0,0.0,100.0,0.0,200.0,0.0,100.0,1696.0,100.0,11656246520.0,100.0,11768224764.0
2018-07-26,ZJV04L6S,ST12000NM0007,12000138625024,0,100,1601912,93,0,100,5,100,0,82,152349243,98,1874,100,0,100,5,,,,,100.0,0.0,100.0,0.0,,,73.0,27.0,,,100.0,23.0,100.0,502.0,27,27,100,0,100,0,200,0,100.0,1721.0,100.0,11892613848.0,100.0,12034784332.0
2018-07-27,ZJV04L6S,ST12000NM0007,12000138625024,0,84,225979672,93,0,100,5,100,0,82,155671325,98,1898,100,0,100,5,,,,,100.0,0.0,100.0,0.0,,,73.0,27.0,,,100.0,23.0,100.0,503.0,27,27,100,0,100,0,200,0,100.0,1744.0,100.0,12103749024.0,100.0,12292167596.0
2018-07-28,ZJV04L6S,ST12000NM0007,12000138625024,0,83,179244288,93,0,100,5,100,0,82,158842646,98,1921,100,0,100,5,,,,,100.0,0.0,100.0,0.0,,,72.0,28.0,,,100.0,23.0,100.0,505.0,28,28,100,0,100,0,200,0,100.0,1767.0,100.0,12304996256.0,100.0,12532466340.0
2018-07-30,ZJV04L6S,ST12000NM0007,12000138625024,0,83,198098744,93,0,100,5,100,0,82,164326146,98,1961,100,0,100,5,,,,,100.0,0.0,100.0,0.0,,,70.0,30.0,,,100.0,23.0,100.0,506.0,30,30,100,0,100,0,200,0,100.0,1807.0,100.0,12645078568.0,100.0,12943661004.0
2018-07-31,ZJV04L6S,ST12000NM0007,12000138625024,0,82,151924128,93,0,100,5,100,0,82,168994220,98,1993,100,0,100,5,,,,,100.0,0.0,100.0,0.0,,,68.0,32.0,,,100.0,23.0,100.0,508.0,32,32,100,0,100,0,200,0,100.0,1839.0,100.0,12951637800.0,100.0,13323349636.0
2018-08-01,ZJV04L6S,ST12000NM0007,12000138625024,0,81,112389792,93,0,100,5,100,0,82,172227535,98,2017,100,0,100,5,,,,,100.0,0.0,100.0,0.0,,,68.0,32.0,,,100.0,24.0,100.0,509.0,32,32,100,0,100,0,200,0,100.0,1863.0,100.0,13157424536.0,100.0,13566310156.0
2018-08-02,ZJV04L6S,ST12000NM0007,12000138625024,0,75,31130984,93,0,100,5,100,0,82,175141442,98,2041,100,0,100,5,,,,,100.0,0.0,100.0,0.0,,,68.0,32.0,,,100.0,24.0,100.0,510.0,32,32,100,0,100,0,200,0,100.0,1886.0,100.0,13316886264.0,100.0,13813871180.0
2018-08-03,ZJV04L6S,ST12000NM0007,12000138625024,0,74,26427392,93,0,100,5,100,0,83,178427143,98,2065,100,0,100,5,,,,,100.0,0.0,100.0,0.0,,,68.0,32.0,,,100.0,24.0,100.0,511.0,32,32,100,0,100,0,200,0,100.0,1911.0,100.0,13540821664.0,100.0,14073513900.0
2018-08-04,ZJV04L6S,ST12000NM0007,12000138625024,0,76,35783256,93,0,100,5,100,0,83,181840846,98,2089,100,0,100,5,,,,,100.0,0.0,100.0,0.0,,,68.0,32.0,,,100.0,24.0,100.0,512.0,32,32,100,0,100,0,200,0,100.0,1935.0,100.0,13776303360.0,100.0,14335669852.0
2018-08-05,ZJV04L6S,ST12000NM0007,12000138625024,0,72,15507264,93,0,100,5,100,0,83,185250349,98,2113,100,0,100,5,,,,,100.0,0.0,100.0,0.0,,,68.0,32.0,,,100.0,24.0,100.0,513.0,32,32,100,0,100,0,200,0,100.0,1958.0,100.0,14021422280.0,100.0,14558556556.0
2018-08-06,ZJV04L6S,ST12000NM0007,12000138625024,0,76,36097888,93,0,100,5,100,0,83,188822988,98,2137,100,0,100,5,,,,,100.0,0.0,100.0,0.0,,,68.0,32.0,,,100.0,24.0,100.0,514.0,32,32,100,0,100,0,200,0,100.0,1982.0,100.0,14254361616.0,100.0,14834489420.0
2018-08-07,ZJV04L6S,ST12000NM0007,12000138625024,0,79,73999592,93,0,100,5,100,0,83,192328671,98,2161,100,0,100,5,,,,,100.0,0.0,100.0,0.0,,,70.0,30.0,,,100.0,24.0,100.0,515.0,30,30,100,0,100,0,200,0,100.0,2006.0,100.0,14541023240.0,100.0,15074011164.0
2018-08-08,ZJV04L6S,ST12000NM0007,12000138625024,0,81,122219600,93,0,100,5,100,0,83,195960556,98,2184,100,0,100,5,,,,,100.0,0.0,100.0,0.0,,,69.0,31.0,,,100.0,24.0,100.0,516.0,31,31,100,0,100,0,200,0,100.0,2030.0,100.0,14841432496.0,100.0,15310103348.0
2018-08-09,ZJV04L6S,ST12000NM0007,12000138625024,0,82,164223000,93,0,100,5,100,0,83,199569938,98,2209,100,0,100,5,,,,,100.0,0.0,100.0,0.0,,,69.0,31.0,,,100.0,24.0,100.0,517.0,31,31,100,0,100,0,200,0,100.0,2054.0,100.0,15103541928.0,100.0,15578278852.0
2018-08-10,ZJV04L6S,ST12000NM0007,12000138625024,0,83,218342264,93,0,100,5,100,0,83,203182896,98,2233,100,0,100,5,,,,,100.0,0.0,100.0,0.0,,,69.0,31.0,,,100.0,24.0,100.0,518.0,31,31,100,0,100,0,200,0,100.0,2078.0,100.0,15372609544.0,100.0,15851612020.0
2018-08-11,ZJV04L6S,ST12000NM0007,12000138625024,0,65,3250568,93,0,100,5,100,0,83,206698343,98,2257,100,0,100,5,,,,,100.0,0.0,100.0,0.0,,,70.0,30.0,,,100.0,24.0,100.0,519.0,30,30,100,0,100,0,200,0,100.0,2102.0,100.0,15583177072.0,100.0,16158374892.0
2018-08-12,ZJV04L6S,ST12000NM0007,12000138625024,0,83,223422144,93,0,100,5,100,0,83,210107168,98,2280,100,0,100,5,,,,,100.0,0.0,100.0,0.0,,,69.0,31.0,,,100.0,24.0,100.0,520.0,31,31,100,0,100,0,200,0,100.0,2125.0,100.0,15814740048.0,100.0,16391124220.0
2018-08-13,ZJV04L6S,ST12000NM0007,12000138625024,0,77,53207608,93,0,100,5,100,0,83,213880150,98,2305,100,0,100,5,,,,,100.0,0.0,100.0,0.0,,,70.0,30.0,,,100.0,24.0,100.0,521.0,30,30,100,0,100,0,200,0,100.0,2150.0,100.0,16095198320.0,100.0,16672873860.0
2018-08-14,ZJV04L6S,ST12000NM0007,12000138625024,0,79.0,75230152.0,93.0,0.0,100.0,5.0,100.0,0.0,83.0,217102723.0,98.0,2328.0,100.0,0.0,100.0,5.0,,,,,100.0,0.0,100.0,0.0,,,65.0,35.0,,,100.0,24.0,100.0,522.0,35.0,35.0,100.0,0.0,100.0,0.0,200.0,0.0,100.0,2173.0,100.0,16303794368.0,100.0,16974582132.0
2018-08-15,ZJV04L6S,ST12000NM0007,12000138625024,0,78.0,56724320.0,93.0,0.0,100.0,5.0,100.0,0.0,83.0,220478989.0,98.0,2353.0,100.0,0.0,100.0,5.0,,,,,100.0,0.0,100.0,0.0,,,63.0,37.0,,,100.0,24.0,100.0,523.0,37.0,37.0,100.0,0.0,100.0,0.0,200.0,0.0,100.0,2198.0,100.0,16522184856.0,100.0,17225967260.0
2018-08-16,ZJV04L6S,ST12000NM0007,12000138625024,0,83,185800080,93,0,100,5,100,0,83,223003985,98,2371,100,0,100,5,,,,,100.0,0.0,100.0,0.0,,,62.0,38.0,,,100.0,24.0,100.0,523.0,38,38,100,0,100,0,200,0,100.0,2216.0,100.0,16694896496.0,100.0,17426472012.0
2018-08-17,ZJV04L6S,ST12000NM0007,12000138625024,0,82,149022312,93,0,100,5,100,0,84,226190222,98,2395,100,0,100,5,,,,,100.0,0.0,100.0,0.0,,,62.0,38.0,,,100.0,24.0,100.0,524.0,38,38,100,0,100,0,200,0,100.0,2240.0,100.0,16870759672.0,100.0,17702112852.0
2018-08-18,ZJV04L6S,ST12000NM0007,12000138625024,0,81,114957120,93,0,100,5,100,0,84,229551121,98,2420,100,0,100,5,,,,,100.0,0.0,100.0,0.0,,,62.0,38.0,,,100.0,24.0,100.0,525.0,38,38,100,0,100,0,200,0,100.0,2265.0,100.0,17080265544.0,100.0,17946823540.0
2018-08-19,ZJV04L6S,ST12000NM0007,12000138625024,0,79,71573344,93,0,100,5,100,0,84,232713747,98,2443,100,0,100,5,,,,,100.0,0.0,100.0,0.0,,,63.0,37.0,,,100.0,24.0,100.0,526.0,37,37,100,0,100,0,200,0,100.0,2287.0,100.0,17305418640.0,100.0,18166568060.0
2018-08-20,ZJV04L6S,ST12000NM0007,12000138625024,0,80,97486224,93,0,100,5,100,0,84,236545806,98,2468,100,0,100,5,,,,,100.0,0.0,100.0,0.0,,,63.0,37.0,,,100.0,24.0,100.0,527.0,37,37,100,0,100,0,200,0,100.0,2312.0,100.0,17562040640.0,100.0,18424140380.0
2018-08-21,ZJV04L6S,ST12000NM0007,12000138625024,0,83,186694272,93,0,100,5,100,0,84,239123856,98,2492,100,0,100,5,,,,,100.0,0.0,100.0,0.0,,,68.0,32.0,,,100.0,25.0,100.0,529.0,32,32,100,0,100,0,200,0,100.0,2337.0,100.0,17678874680.0,100.0,18640655020.0
2018-08-22,ZJV04L6S,ST12000NM0007,12000138625024,0,75,33368592,93,0,100,5,100,0,84,241713763,98,2516,100,0,100,5,,,,,100.0,0.0,100.0,0.0,,,67.0,33.0,,,100.0,25.0,100.0,530.0,33,33,100,0,100,0,200,0,100.0,2360.0,100.0,17811238800.0,100.0,18843246588.0
2018-08-23,ZJV04L6S,ST12000NM0007,12000138625024,0,73,19997728,93,0,100,5,100,0,84,245064771,98,2540,100,0,100,5,,,,,100.0,0.0,100.0,0.0,,,68.0,32.0,,,100.0,25.0,100.0,531.0,32,32,100,0,100,0,200,0,100.0,2384.0,100.0,18061783896.0,100.0,19067612076.0
2018-08-24,ZJV04L6S,ST12000NM0007,12000138625024,0,77,46503480,93,0,100,5,100,0,84,248472384,98,2563,100,0,100,5,,,,,100.0,0.0,100.0,0.0,,,67.0,33.0,,,100.0,25.0,100.0,532.0,33,33,100,0,100,0,200,0,100.0,2407.0,100.0,18335163696.0,100.0,19309019668.0
2018-08-25,ZJV04L6S,ST12000NM0007,12000138625024,0,79,72039632,93,0,100,5,100,0,84,251956677,98,2587,100,0,100,5,,,,,100.0,0.0,100.0,0.0,,,67.0,33.0,,,100.0,25.0,100.0,532.0,33,33,100,0,100,0,200,0,100.0,2431.0,100.0,18579686016.0,100.0,19578314892.0
2018-08-26,ZJV04L6S,ST12000NM0007,12000138625024,0,79,82417680,93,0,100,5,100,0,84,255370666,98,2611,100,0,100,5,,,,,100.0,0.0,100.0,0.0,,,67.0,33.0,,,100.0,25.0,100.0,534.0,33,33,100,0,100,0,200,0,100.0,2455.0,100.0,18808514440.0,100.0,19848146724.0
2018-08-27,ZJV04L6S,ST12000NM0007,12000138625024,0,82,142025608,93,0,100,5,100,0,84,259079591,97,2635,100,0,100,5,,,,,100.0,0.0,100.0,0.0,,,67.0,33.0,,,100.0,25.0,100.0,535.0,33,33,100,0,100,0,200,0,100.0,2479.0,100.0,19059987064.0,100.0,20144563716.0
2018-08-28,ZJV04L6S,ST12000NM0007,12000138625024,0,81,114690048,93,0,100,5,100,0,84,262356033,97,2659,100,0,100,5,,,,,100.0,0.0,100.0,0.0,,,69.0,31.0,,,100.0,25.0,100.0,535.0,31,31,100,0,100,0,200,0,100.0,2502.0,100.0,19237115920.0,100.0,20428380852.0
2018-08-29,ZJV04L6S,ST12000NM0007,12000138625024,0,83,194178896,93,0,100,5,100,0,84,266097407,97,2683,100,0,100,5,,,,,100.0,0.0,100.0,0.0,,,70.0,30.0,,,100.0,25.0,100.0,537.0,30,30,100,0,100,0,200,0,100.0,2527.0,100.0,19511195680.0,100.0,20722071548.0
2018-08-30,ZJV04L6S,ST12000NM0007,12000138625024,0,73,20127008,93,0,100,5,100,0,84,269812704,97,2710,100,0,100,5,,,,,100.0,0.0,100.0,0.0,,,69.0,31.0,,,100.0,25.0,100.0,538.0,31,31,100,0,100,0,200,0,100.0,2553.0,100.0,19774035048.0,100.0,21017602204.0
2018-08-31,ZJV04L6S,ST12000NM0007,12000138625024,0,70,10686120,93,0,100,5,100,0,84,273030473,97,2734,100,0,100,5,,,,,100.0,0.0,100.0,0.0,,,69.0,31.0,,,100.0,25.0,100.0,539.0,31,31,100,0,100,0,200,0,100.0,2577.0,100.0,20002340336.0,100.0,21268137572.0
2018-09-01,ZJV04L6S,ST12000NM0007,12000138625024,0,79,81308296,93,0,100,5,100,0,84,276563226,97,2758,100,0,100,5,,,,,100.0,0.0,100.0,0.0,,,71.0,29.0,,,100.0,25.0,100.0,540.0,29,29,100,0,100,0,200,0,100.0,2601.0,100.0,20277515304.0,100.0,21551866660.0
2018-09-02,ZJV04L6S,ST12000NM0007,12000138625024,0,77,46196816,93,0,100,5,100,0,84,279847175,97,2780,100,0,100,5,,,,,100.0,0.0,100.0,0.0,,,70.0,30.0,,,100.0,25.0,100.0,541.0,30,30,100,0,100,0,200,0,100.0,2623.0,100.0,20487447448.0,100.0,21795104932.0
2018-09-03,ZJV04L6S,ST12000NM0007,12000138625024,0,82,167176128,93,0,100,5,100,0,85,283756363,97,2806,100,0,100,5,,,,,100.0,0.0,100.0,0.0,,,70.0,30.0,,,100.0,25.0,100.0,542.0,30,30,100,0,100,0,200,0,100.0,2649.0,100.0,20776591032.0,100.0,22115222484.0
2018-09-04,ZJV04L6S,ST12000NM0007,12000138625024,0,70,9360152,93,0,100,5,100,0,85,287525007,97,2830,100,0,100,5,,,,,100.0,0.0,100.0,0.0,,,63.0,37.0,,,100.0,25.0,100.0,543.0,37,37,100,0,100,0,200,0,100.0,2673.0,100.0,21035658384.0,100.0,22430761108.0
2018-09-05,ZJV04L6S,ST12000NM0007,12000138625024,0,77,53725904,93,0,100,5,100,0,85,291088104,97,2854,100,0,100,5,,,,,100.0,0.0,100.0,0.0,,,61.0,39.0,,,100.0,25.0,100.0,544.0,39,39,100,0,100,0,200,0,100.0,2697.0,100.0,21302485840.0,100.0,22696580708.0
2018-09-06,ZJV04L6S,ST12000NM0007,12000138625024,0,81,135641896,93,0,100,5,100,0,85,295066029,97,2880,100,0,100,5,,,,,100.0,0.0,100.0,0.0,,,61.0,39.0,,,100.0,25.0,100.0,545.0,39,39,100,0,100,0,200,0,100.0,2723.0,100.0,21558487520.0,100.0,23010776548.0
2018-09-07,ZJV04L6S,ST12000NM0007,12000138625024,0,82,172040592,93,0,100,5,100,0,85,298710836,97,2904,100,0,100,5,,,,,100.0,0.0,100.0,0.0,,,69.0,31.0,,,100.0,25.0,100.0,546.0,31,31,100,0,100,0,200,0,100.0,2747.0,100.0,21854780344.0,100.0,23239163828.0
2018-09-08,ZJV04L6S,ST12000NM0007,12000138625024,0,83,207829760,93,0,100,5,100,0,85,302338764,97,2929,100,0,100,5,,,,,100.0,0.0,100.0,0.0,,,68.0,32.0,,,100.0,25.0,100.0,547.0,32,32,100,0,100,0,200,0,100.0,2771.0,100.0,22119231144.0,100.0,23498783740.0
2018-09-09,ZJV04L6S,ST12000NM0007,12000138625024,0,77,54526352,93,0,100,5,100,0,85,306025855,97,2953,100,0,100,5,,,,,100.0,0.0,100.0,0.0,,,68.0,32.0,,,100.0,25.0,100.0,548.0,32,32,100,0,100,0,200,0,100.0,2795.0,100.0,22343820376.0,100.0,23853313540.0
2018-09-10,ZJV04L6S,ST12000NM0007,12000138625024,0,79,82462448,93,0,100,5,100,0,85,309661839,97,2977,100,0,100,5,,,,,100.0,0.0,100.0,0.0,,,67.0,33.0,,,100.0,25.0,100.0,549.0,33,33,100,0,100,0,200,0,100.0,2819.0,100.0,22579717152.0,100.0,24133634348.0
2018-09-11,ZJV04L6S,ST12000NM0007,12000138625024,0,83,190677160,93,0,100,5,100,0,85,313366686,97,3001,100,0,100,5,,,,,100.0,0.0,100.0,0.0,,,64.0,36.0,,,100.0,25.0,100.0,550.0,36,36,100,0,100,0,200,0,100.0,2843.0,100.0,22834091488.0,100.0,24475756596.0
2018-09-12,ZJV04L6S,ST12000NM0007,12000138625024,0,83,219182424,93,0,100,5,100,0,85,317000318,97,3026,100,0,100,5,,,,,100.0,0.0,100.0,0.0,,,64.0,36.0,,,100.0,25.0,100.0,551.0,36,36,100,0,100,0,200,0,100.0,2867.0,100.0,23094779680.0,100.0,24731855348.0
2018-09-13,ZJV04L6S,ST12000NM0007,12000138625024,0,70,10334096,93,0,100,5,100,0,85,320354111,97,3047,100,0,100,5,,,,,100.0,0.0,100.0,0.0,,,64.0,36.0,,,100.0,25.0,100.0,552.0,36,36,100,0,100,0,200,0,100.0,2889.0,100.0,23328099776.0,100.0,25022109204.0
2018-09-14,ZJV04L6S,ST12000NM0007,12000138625024,0,77,52912896,93,0,100,5,100,0,85,323897201,97,3072,100,0,100,5,,,,,100.0,0.0,100.0,0.0,,,63.0,37.0,,,100.0,25.0,100.0,553.0,37,37,100,0,100,0,200,0,100.0,2913.0,100.0,23590884760.0,100.0,25290184900.0
2018-09-15,ZJV04L6S,ST12000NM0007,12000138625024,0,81,139370784,93,0,100,5,100,0,85,327547481,97,3096,100,0,100,5,,,,,100.0,0.0,100.0,0.0,,,64.0,36.0,,,100.0,25.0,100.0,554.0,36,36,100,0,100,0,200,0,100.0,2938.0,100.0,23845157480.0,100.0,25610651420.0
2018-09-16,ZJV04L6S,ST12000NM0007,12000138625024,0,83,219431536,93,0,100,5,100,0,85,331165464,97,3120,100,0,100,5,,,,,100.0,0.0,100.0,0.0,,,63.0,37.0,,,100.0,25.0,100.0,555.0,37,37,100,0,100,0,200,0,100.0,2962.0,100.0,24113272416.0,100.0,25910878820.0
2018-09-17,ZJV04L6S,ST12000NM0007,12000138625024,0,79,82101520,92,0,100,6,100,0,85,335273200,97,3146,100,0,100,6,,,,,100.0,0.0,100.0,0.0,,,63.0,37.0,,,100.0,25.0,100.0,556.0,37,37,100,0,100,0,200,0,100.0,2988.0,100.0,24388555000.0,100.0,26230688326.0
2018-09-18,ZJV04L6S,ST12000NM0007,12000138625024,0,82,171957720,92,0,100,6,100,0,85,339082014,97,3171,100,0,100,6,,,,,100.0,0.0,100.0,0.0,,,66.0,34.0,,,100.0,25.0,100.0,557.0,34,34,100,0,100,0,200,0,100.0,3012.0,100.0,24647671160.0,100.0,26549709918.0
2018-09-19,ZJV04L6S,ST12000NM0007,12000138625024,0,82,175945224,92,0,100,6,100,0,85,342774014,97,3195,100,0,100,6,,,,,100.0,0.0,100.0,0.0,,,67.0,33.0,,,100.0,25.0,100.0,558.0,33,33,100,0,100,0,200,0,100.0,3037.0,100.0,24866003120.0,100.0,26823646918.0
2018-09-20,ZJV04L6S,ST12000NM0007,12000138625024,0,81,115404192,92,0,100,6,100,0,85,346134725,97,3218,100,0,100,6,,,,,100.0,0.0,100.0,0.0,,,68.0,32.0,,,100.0,25.0,100.0,559.0,32,32,100,0,100,0,200,0,100.0,3059.0,100.0,25021615424.0,100.0,27095774942.0
2018-09-21,ZJV04L6S,ST12000NM0007,12000138625024,0,74,24696352,92,0,100,6,100,0,85,349403321,97,3242,100,0,100,6,,,,,100.0,0.0,100.0,0.0,,,67.0,33.0,,,100.0,25.0,100.0,560.0,33,33,100,0,100,0,200,0,100.0,3083.0,100.0,25188927600.0,100.0,27326036478.0
2018-09-22,ZJV04L6S,ST12000NM0007,12000138625024,0,83,222833256,92,0,100,6,100,0,85,352930425,97,3266,100,0,100,6,,,,,100.0,0.0,100.0,0.0,,,67.0,33.0,,,100.0,25.0,100.0,561.0,33,33,100,0,100,0,200,0,100.0,3107.0,100.0,25373166128.0,100.0,27584075486.0
2018-09-23,ZJV04L6S,ST12000NM0007,12000138625024,0,83,207499648,92,0,100,6,100,0,86,356714091,97,3291,100,0,100,6,,,,,100.0,0.0,100.0,0.0,,,67.0,33.0,,,100.0,25.0,100.0,562.0,33,33,100,0,100,0,200,0,100.0,3132.0,100.0,25558280416.0,100.0,27871909198.0
2018-09-24,ZJV04L6S,ST12000NM0007,12000138625024,0,83,180295752,92,0,100,6,100,0,86,360238510,97,3315,100,0,100,6,,,,,100.0,0.0,100.0,0.0,,,67.0,33.0,,,100.0,25.0,100.0,563.0,33,33,100,0,100,0,200,0,100.0,3156.0,100.0,25726350248.0,100.0,28164917182.0
2018-09-25,ZJV04L6S,ST12000NM0007,12000138625024,0,81,129497464,92,0,100,6,100,0,86,363512076,97,3339,100,0,100,6,,,,,100.0,0.0,100.0,0.0,,,67.0,33.0,,,100.0,25.0,100.0,564.0,33,33,100,0,100,0,200,0,100.0,3179.0,100.0,25896237144.0,100.0,28432513494.0
2018-09-26,ZJV04L6S,ST12000NM0007,12000138625024,0,79,76916760,92,0,100,6,100,0,86,367061318,97,3363,100,0,100,6,,,,,100.0,0.0,100.0,0.0,,,67.0,33.0,,,100.0,25.0,100.0,565.0,33,33,100,0,100,0,200,0,100.0,3204.0,100.0,26056032032.0,100.0,28708419310.0
2018-09-27,ZJV04L6S,ST12000NM0007,12000138625024,0,82,155866888,92,0,100,6,100,0,86,369696110,97,3382,100,0,100,6,,,,,100.0,0.0,100.0,0.0,,,67.0,33.0,,,100.0,25.0,100.0,566.0,33,33,100,0,100,0,200,0,100.0,3223.0,100.0,26189141560.0,100.0,28898400566.0
2018-09-28,ZJV04L6S,ST12000NM0007,12000138625024,0,81,118336664,92,0,100,6,100,0,86,373551287,97,3407,100,0,100,6,,,,,100.0,0.0,100.0,0.0,,,68.0,32.0,,,100.0,25.0,100.0,567.0,32,32,100,0,100,0,200,0,100.0,3248.0,100.0,26359223288.0,100.0,29179070086.0
2018-09-29,ZJV04L6S,ST12000NM0007,12000138625024,0,75,32261344,92,0,100,6,100,0,86,377124764,97,3431,100,0,100,6,,,,,100.0,0.0,100.0,0.0,,,67.0,33.0,,,100.0,25.0,100.0,568.0,33,33,100,0,100,0,200,0,100.0,3272.0,100.0,26502180592.0,100.0,29438318862.0
2018-09-30,ZJV04L6S,ST12000NM0007,12000138625024,0,82,158614496,92,0,100,6,100,0,86,380440561,97,3455,100,0,100,6,,,,,100.0,0.0,100.0,0.0,,,67.0,33.0,,,100.0,25.0,100.0,569.0,33,33,100,0,100,0,200,0,100.0,3296.0,100.0,26656765760.0,100.0,29654227662.0
2018-10-01,ZJV04L6S,ST12000NM0007,12000138625024,0,80,100479832,92,0,100,6,100,0,86,384434011,97,3479,100,0,100,6,,,,,100.0,0.0,100.0,0.0,,,67.0,33.0,,,100.0,25.0,100.0,570.0,33,33,100,0,100,0,200,0,100.0,3320.0,100.0,26802176320.0,100.0,29938963806.0
2018-10-02,ZJV04L6S,ST12000NM0007,12000138625024,0,73,21802064,92,0,100,6,100,0,86,388087317,97,3503,100,0,100,6,,,,,100.0,0.0,100.0,0.0,,,62.0,38.0,,,100.0,25.0,100.0,571.0,38,38,100,0,100,0,200,0,100.0,3343.0,100.0,26957299240.0,100.0,30193445934.0
2018-10-03,ZJV04L6S,ST12000NM0007,12000138625024,0,83,193989280,92,0,100,6,100,0,86,391829313,96,3528,100,0,100,6,,,,,100.0,0.0,100.0,0.0,,,62.0,38.0,,,100.0,26.0,100.0,572.0,38,38,100,0,100,0,200,0,100.0,3368.0,100.0,27149824176.0,100.0,30417249046.0
2018-10-04,ZJV04L6S,ST12000NM0007,12000138625024,0,78.0,68374000.0,92.0,0.0,100.0,6.0,100.0,0.0,86.0,395502408.0,96.0,3552.0,100.0,0.0,100.0,6.0,,,,,100.0,0.0,100.0,0.0,,,63.0,37.0,,,100.0,26.0,100.0,573.0,37.0,37.0,100.0,0.0,100.0,0.0,200.0,0.0,100.0,3392.0,100.0,27308284056.0,100.0,30621455214.0
2018-10-05,ZJV04L6S,ST12000NM0007,12000138625024,0,82,152689212,90,0,100,7,100,0,86,399011262,96,3578,100,0,100,7,,,,,100.0,0.0,100.0,0.0,,,63.0,37.0,,,100.0,27.0,100.0,575.0,37,37,100,0,100,0,200,0,100.0,3417.0,100.0,27413578152.0,100.0,30844617218.0
2018-10-06,ZJV04L6S,ST12000NM0007,12000138625024,0,83,195792048,90,0,100,7,100,0,86,402022444,96,3601,100,0,100,7,,,,,100.0,0.0,100.0,0.0,,,63.0,37.0,,,100.0,27.0,100.0,576.0,37,37,100,0,100,0,200,0,100.0,3441.0,100.0,27517937296.0,100.0,31027501666.0
2018-10-07,ZJV04L6S,ST12000NM0007,12000138625024,0,78,59765720,90,0,100,7,100,0,86,405119833,96,3625,100,0,100,7,,,,,100.0,0.0,100.0,0.0,,,64.0,36.0,,,100.0,27.0,100.0,577.0,36,36,100,0,100,0,200,0,100.0,3465.0,100.0,27627282232.0,100.0,31270412042.0
2018-10-08,ZJV04L6S,ST12000NM0007,12000138625024,0,81,133497808,90,0,100,7,100,0,86,408025853,96,3650,100,0,100,7,,,,,100.0,0.0,100.0,0.0,,,63.0,37.0,,,100.0,28.0,100.0,578.0,37,37,100,0,100,0,200,0,100.0,3489.0,100.0,27731688224.0,100.0,31483878786.0
2018-10-09,ZJV04L6S,ST12000NM0007,12000138625024,0,79.0,82438352.0,90.0,0.0,100.0,7.0,100.0,0.0,86.0,411915605.0,96.0,3674.0,100.0,0.0,100.0,7.0,,,,,100.0,0.0,100.0,0.0,,,69.0,31.0,,,100.0,28.0,100.0,579.0,31.0,31.0,100.0,0.0,100.0,0.0,200.0,0.0,100.0,3513.0,100.0,27882418720.0,100.0,31770370210.0
2018-10-10,ZJV04L6S,ST12000NM0007,12000138625024,0,82,150891496,90,0,100,7,100,0,86,415004565,96,3697,100,0,100,7,,,,,100.0,0.0,100.0,0.0,,,68.0,32.0,,,100.0,28.0,100.0,580.0,32,32,100,0,100,0,200,0,100.0,3537.0,100.0,27991205096.0,100.0,31974177666.0
2018-10-11,ZJV04L6S,ST12000NM0007,12000138625024,0,71,14052448,90,0,100,7,100,0,86,418449369,96,3721,100,0,100,7,,,,,100.0,0.0,100.0,0.0,,,68.0,32.0,,,100.0,28.0,100.0,581.0,32,32,100,0,100,0,200,0,100.0,3560.0,100.0,28098762976.0,100.0,32218062274.0
2018-10-12,ZJV04L6S,ST12000NM0007,12000138625024,0,81,123769144,90,0,100,7,100,0,86,421489814,96,3745,100,0,100,7,,,,,100.0,0.0,100.0,0.0,,,67.0,33.0,,,100.0,28.0,100.0,582.0,33,33,100,0,100,0,200,0,100.0,3584.0,100.0,28208590656.0,100.0,32462092130.0
2018-10-13,ZJV04L6S,ST12000NM0007,12000138625024,0,83,177996728,90,0,100,7,100,0,86,424358318,96,3769,100,0,100,7,,,,,100.0,0.0,100.0,0.0,,,68.0,32.0,,,100.0,29.0,100.0,583.0,32,32,100,0,100,0,200,0,100.0,3608.0,100.0,28319871440.0,100.0,32649179954.0
2018-10-14,ZJV04L6S,ST12000NM0007,12000138625024,0,73,19195768,90,0,100,7,100,0,86,427511935,96,3793,100,0,100,7,,,,,100.0,0.0,100.0,0.0,,,68.0,32.0,,,100.0,30.0,100.0,584.0,32,32,100,0,100,0,200,0,100.0,3632.0,100.0,28423995512.0,100.0,32874536626.0
2018-10-15,ZJV04L6S,ST12000NM0007,12000138625024,0,80,96356720,90,0,100,7,100,0,86,430248934,96,3817,100,0,100,7,,,,,100.0,0.0,100.0,0.0,,,68.0,32.0,,,100.0,30.0,100.0,585.0,32,32,100,0,100,0,200,0,100.0,3656.0,100.0,28508645504.0,100.0,33111188282.0
2018-10-16,ZJV04L6S,ST12000NM0007,12000138625024,0,83,221044040,90,0,100,7,100,0,86,433681682,96,3842,100,0,100,7,,,,,100.0,0.0,100.0,0.0,,,68.0,32.0,,,100.0,30.0,100.0,586.0,32,32,100,0,100,0,200,0,100.0,3680.0,100.0,28613445768.0,100.0,33375215978.0
2018-10-17,ZJV04L6S,ST12000NM0007,12000138625024,0,76,41735000,90,0,100,7,100,0,86,436557717,96,3866,100,0,100,7,,,,,100.0,0.0,100.0,0.0,,,67.0,33.0,,,100.0,30.0,100.0,587.0,33,33,100,0,100,0,200,0,100.0,3704.0,100.0,28728895048.0,100.0,33568739266.0
2018-10-18,ZJV04L6S,ST12000NM0007,12000138625024,0,80,111897176,90,0,100,7,100,0,86,439528418,96,3889,100,0,100,7,,,,,100.0,0.0,100.0,0.0,,,67.0,33.0,,,100.0,30.0,100.0,588.0,33,33,100,0,100,0,200,0,100.0,3727.0,100.0,28828312944.0,100.0,33783624658.0
2018-10-19,ZJV04L6S,ST12000NM0007,12000138625024,0,82,163606504,90,0,100,7,100,0,86,442608998,96,3913,100,0,100,7,,,,,100.0,0.0,100.0,0.0,,,67.0,33.0,,,100.0,30.0,100.0,589.0,33,33,100,0,100,0,200,0,100.0,3751.0,100.0,28943175768.0,100.0,33964611866.0
2018-10-20,ZJV04L6S,ST12000NM0007,12000138625024,0,83,223516288,90,0,100,7,100,0,86,445661716,96,3937,100,0,100,7,,,,,100.0,0.0,100.0,0.0,,,68.0,32.0,,,100.0,31.0,100.0,590.0,32,32,100,0,100,0,200,0,100.0,3776.0,100.0,29050574024.0,100.0,34161264026.0
2018-10-21,ZJV04L6S,ST12000NM0007,12000138625024,0,74,26831448,90,0,100,7,100,0,87,448679314,96,3961,100,0,100,7,,,,,100.0,0.0,100.0,0.0,,,68.0,32.0,,,100.0,31.0,100.0,591.0,32,32,100,0,100,0,200,0,100.0,3799.0,100.0,29142833496.0,100.0,34360601146.0
2018-10-22,ZJV04L6S,ST12000NM0007,12000138625024,0,80,98535328,90,0,100,7,100,0,87,452984820,96,3985,100,0,100,7,,,,,100.0,0.0,100.0,0.0,,,68.0,32.0,,,100.0,31.0,100.0,592.0,32,32,100,0,100,0,200,0,100.0,3823.0,100.0,29251988160.0,100.0,34567291226.0
2018-10-23,ZJV04L6S,ST12000NM0007,12000138625024,0,83,205301648,90,0,100,7,100,0,87,456512130,96,4009,100,0,100,7,,,,,100.0,0.0,100.0,0.0,,,63.0,37.0,,,100.0,31.0,100.0,593.0,37,37,100,0,100,0,200,0,100.0,3846.0,100.0,29384410080.0,100.0,34785776362.0
2018-10-25,ZJV04L6S,ST12000NM0007,12000138625024,0,83,183230928,90,0,100,7,100,0,87,463468860,96,4054,100,0,100,7,,,,,100.0,0.0,100.0,0.0,,,63.0,37.0,,,100.0,31.0,100.0,595.0,37,37,100,0,100,0,200,0,100.0,3891.0,100.0,29666051680.0,100.0,35214486130.0
2018-10-26,ZJV04L6S,ST12000NM0007,12000138625024,0,77,46988976,90,0,100,7,100,0,87,466636579,96,4078,100,0,100,7,,,,,100.0,0.0,100.0,0.0,,,63.0,37.0,,,100.0,31.0,100.0,597.0,37,37,100,0,100,0,200,0,100.0,3915.0,100.0,29786642408.0,100.0,35445934754.0
2018-10-27,ZJV04L6S,ST12000NM0007,12000138625024,0,80,105893712,90,0,100,7,100,0,87,469497638,96,4102,100,0,100,7,,,,,100.0,0.0,100.0,0.0,,,64.0,36.0,,,100.0,31.0,100.0,597.0,36,36,100,0,100,0,200,0,100.0,3939.0,100.0,29888040152.0,100.0,35647582426.0
2018-10-28,ZJV04L6S,ST12000NM0007,12000138625024,0,82,156308544,90,0,100,7,100,0,87,472215758,96,4126,100,0,100,7,,,,,100.0,0.0,100.0,0.0,,,64.0,36.0,,,100.0,31.0,100.0,598.0,36,36,100,0,100,0,200,0,100.0,3963.0,100.0,29965482440.0,100.0,35864695810.0
2018-10-29,ZJV04L6S,ST12000NM0007,12000138625024,0,84,235116680,90,0,100,7,100,0,87,475343029,96,4150,100,0,100,7,,,,,100.0,0.0,100.0,0.0,,,64.0,36.0,,,100.0,32.0,100.0,599.0,36,36,100,0,100,0,200,0,100.0,3987.0,100.0,30056006480.0,100.0,36097120722.0
2018-10-30,ZJV04L6S,ST12000NM0007,12000138625024,0,79,71018136,90,0,100,7,100,0,87,478283903,96,4174,100,0,100,7,,,,,100.0,0.0,100.0,0.0,,,67.0,33.0,,,100.0,32.0,100.0,600.0,33,33,100,0,100,0,200,0,100.0,4011.0,100.0,30157950648.0,100.0,36319360314.0
2018-10-31,ZJV04L6S,ST12000NM0007,12000138625024,0,80,99889984,90.0,0.0,100.0,7.0,100.0,0.0,87.0,480838089.0,96,4198,100.0,0.0,100,7,,,,,100.0,0.0,100.0,0.0,,,68.0,32.0,,,100.0,32.0,100.0,601.0,32,32,100.0,0.0,100.0,0.0,200.0,0.0,100.0,4035.0,100.0,30261071944.0,100.0,36489251714.0
2018-11-01,ZJV04L6S,ST12000NM0007,12000138625024,0,80,89347064,90.0,0.0,100.0,7.0,100.0,0.0,87.0,483088834.0,96,4219,100.0,0.0,100,7,,,,,100.0,0.0,100.0,0.0,,,68.0,32.0,,,100.0,33.0,100.0,602.0,32,32,100.0,0.0,100.0,0.0,200.0,0.0,100.0,4056.0,100.0,30362149112.0,100.0,36621772418.0
2018-11-02,ZJV04L6S,ST12000NM0007,12000138625024,0,82,172531472,90.0,0.0,100.0,7.0,100.0,0.0,87.0,486442150.0,96,4243,100.0,0.0,100,7,,,,,100.0,0.0,100.0,0.0,,,68.0,32.0,,,100.0,33.0,100.0,603.0,32,32,100.0,0.0,100.0,0.0,200.0,0.0,100.0,4080.0,100.0,30478428960.0,100.0,36832817730.0
2018-11-03,ZJV04L6S,ST12000NM0007,12000138625024,0,84,223915312,90.0,0.0,100.0,7.0,100.0,0.0,87.0,489427060.0,96,4267,100.0,0.0,100,7,,,,,100.0,0.0,100.0,0.0,,,68.0,32.0,,,100.0,33.0,100.0,604.0,32,32,100.0,0.0,100.0,0.0,200.0,0.0,100.0,4104.0,100.0,30586828808.0,100.0,37019942434.0
2018-11-04,ZJV04L6S,ST12000NM0007,12000138625024,0,80,98457640,90.0,0.0,100.0,7.0,100.0,0.0,87.0,493074927.0,96,4291,100.0,0.0,100,7,,,,,100.0,0.0,100.0,0.0,,,68.0,32.0,,,100.0,33.0,100.0,605.0,32,32,100.0,0.0,100.0,0.0,200.0,0.0,100.0,4128.0,100.0,30705323160.0,100.0,37264271954.0
2018-11-05,ZJV04L6S,ST12000NM0007,12000138625024,0,83,215375552,90.0,0.0,100.0,7.0,100.0,0.0,87.0,498405657.0,96,4316,100.0,0.0,100,7,,,,,100.0,0.0,100.0,0.0,,,68.0,32.0,,,100.0,34.0,100.0,606.0,32,32,100.0,0.0,100.0,0.0,200.0,0.0,100.0,4152.0,100.0,30806276856.0,100.0,37524376938.0
2018-11-06,ZJV04L6S,ST12000NM0007,12000138625024,0,71.0,11669256.0,90.0,0.0,100.0,7.0,100.0,0.0,87.0,501410532.0,96.0,4339.0,100.0,0.0,100.0,7.0,,,,,100.0,0.0,100.0,0.0,,,69.0,31.0,,,100.0,34.0,100.0,607.0,31.0,31.0,100.0,0.0,100.0,0.0,200.0,0.0,100.0,4175.0,100.0,30882747120.0,100.0,37732482250.0
2018-11-07,ZJV04L6S,ST12000NM0007,12000138625024,0,80.0,99847648.0,90.0,0.0,100.0,7.0,100.0,0.0,87.0,504389161.0,96.0,4363.0,100.0,0.0,100.0,7.0,,,,,100.0,0.0,100.0,0.0,,,69.0,31.0,,,100.0,35.0,100.0,608.0,31.0,31.0,100.0,0.0,100.0,0.0,200.0,0.0,100.0,4199.0,100.0,30987795456.0,100.0,37959753298.0
2018-11-08,ZJV04L6S,ST12000NM0007,12000138625024,0,83.0,222049872.0,90.0,0.0,100.0,7.0,100.0,0.0,87.0,507684699.0,95.0,4393.0,100.0,0.0,100.0,7.0,,,,,100.0,0.0,100.0,0.0,,,70.0,30.0,,,100.0,36.0,100.0,610.0,30.0,30.0,100.0,0.0,100.0,0.0,200.0,0.0,100.0,4229.0,100.0,31095640048.0,100.0,38218251586.0
2018-11-09,ZJV04L6S,ST12000NM0007,12000138625024,0,78,67882136,90.0,0.0,100.0,7.0,100.0,0.0,87.0,510567831.0,95,4417,100.0,0.0,100,7,,,,,100.0,0.0,100.0,0.0,,,69.0,31.0,,,100.0,36.0,100.0,611.0,31,31,100.0,0.0,100.0,0.0,200.0,0.0,100.0,4252.0,100.0,31187601648.0,100.0,38460403730.0
2018-11-10,ZJV04L6S,ST12000NM0007,12000138625024,0,80,99420088,90.0,0.0,100.0,7.0,100.0,0.0,87.0,513179671.0,95,4441,100.0,0.0,100,7,,,,,100.0,0.0,100.0,0.0,,,69.0,31.0,,,100.0,36.0,100.0,612.0,31,31,100.0,0.0,100.0,0.0,200.0,0.0,100.0,4276.0,100.0,31279759096.0,100.0,38643924914.0
2018-11-11,ZJV04L6S,ST12000NM0007,12000138625024,0,83,192298032,90.0,0.0,100.0,7.0,100.0,0.0,87.0,516750772.0,95,4465,100.0,0.0,100,7,,,,,100.0,0.0,100.0,0.0,,,69.0,31.0,,,100.0,37.0,100.0,613.0,31,31,100.0,0.0,100.0,0.0,200.0,0.0,100.0,4300.0,100.0,31363187328.0,100.0,38897515498.0
2018-11-12,ZJV04L6S,ST12000NM0007,12000138625024,0,83,190857744,90.0,0.0,100.0,7.0,100.0,0.0,87.0,519022386.0,95,4489,100.0,0.0,100,7,,,,,100.0,0.0,100.0,0.0,,,69.0,31.0,,,100.0,38.0,100.0,614.0,31,31,100.0,0.0,100.0,0.0,200.0,0.0,100.0,4324.0,100.0,31427391232.0,100.0,39076012034.0
2018-11-13,ZJV04L6S,ST12000NM0007,12000138625024,0,70,10062688,90.0,0.0,100.0,7.0,100.0,0.0,87.0,522022731.0,95,4513,100.0,0.0,100,7,,,,,100.0,0.0,100.0,0.0,,,65.0,35.0,,,100.0,38.0,100.0,615.0,35,35,100.0,0.0,100.0,0.0,200.0,0.0,100.0,4348.0,100.0,31510811344.0,100.0,39300078650.0
2018-11-14,ZJV04L6S,ST12000NM0007,12000138625024,0,84,243256736,90.0,0.0,100.0,7.0,100.0,0.0,87.0,524343545.0,95,4537,100.0,0.0,100,7,,,,,100.0,0.0,100.0,0.0,,,65.0,35.0,,,100.0,39.0,100.0,616.0,35,35,100.0,0.0,100.0,0.0,200.0,0.0,100.0,4372.0,100.0,31578434232.0,100.0,39465649810.0
2018-11-15,ZJV04L6S,ST12000NM0007,12000138625024,0,84,241127472,90.0,0.0,100.0,7.0,100.0,0.0,87.0,527530770.0,95,4561,100.0,0.0,100,7,,,,,100.0,0.0,100.0,0.0,,,66.0,34.0,,,100.0,40.0,100.0,617.0,34,34,100.0,0.0,100.0,0.0,200.0,0.0,100.0,4395.0,100.0,31644572072.0,100.0,39641523442.0
2018-11-16,ZJV04L6S,ST12000NM0007,12000138625024,0,74,24182712,90.0,0.0,100.0,7.0,100.0,0.0,87.0,530265198.0,95,4584,100.0,0.0,100,7,,,,,100.0,0.0,100.0,0.0,,,65.0,35.0,,,100.0,40.0,100.0,618.0,35,35,100.0,0.0,100.0,0.0,200.0,0.0,100.0,4419.0,100.0,31722434776.0,100.0,39834997834.0
2018-11-17,ZJV04L6S,ST12000NM0007,12000138625024,0,78.0,61742456.0,90.0,0.0,100.0,7.0,100.0,0.0,87.0,532931698.0,95.0,4609.0,100.0,0.0,100.0,7.0,,,,,100.0,0.0,100.0,0.0,,,66.0,34.0,,,100.0,40.0,100.0,619.0,34.0,34.0,100.0,0.0,100.0,0.0,200.0,0.0,100.0,4444.0,100.0,31801923368.0,100.0,40037209818.0
2018-11-18,ZJV04L6S,ST12000NM0007,12000138625024,0,78,57322440,90.0,0.0,100.0,7.0,100.0,0.0,87.0,535357834.0,95,4632,100.0,0.0,100,7,,,,,100.0,0.0,100.0,0.0,,,66.0,34.0,,,100.0,41.0,100.0,620.0,34,34,100.0,0.0,100.0,0.0,200.0,0.0,100.0,4467.0,100.0,31851137264.0,100.0,40227716650.0
2018-11-19,ZJV04L6S,ST12000NM0007,12000138625024,0,79,77700432,90.0,0.0,100.0,7.0,100.0,0.0,87.0,538279789.0,95,4656,100.0,0.0,100,7,,,,,100.0,0.0,100.0,0.0,,,65.0,35.0,,,100.0,41.0,100.0,621.0,35,35,100.0,0.0,100.0,0.0,200.0,0.0,100.0,4491.0,100.0,31922694808.0,100.0,40420677770.0
2018-11-20,ZJV04L6S,ST12000NM0007,12000138625024,0,79,89117440,90.0,0.0,100.0,7.0,100.0,0.0,87.0,540765896.0,95,4680,100.0,0.0,100,7,,,,,100.0,0.0,100.0,0.0,,,65.0,35.0,,,100.0,42.0,100.0,622.0,35,35,100.0,0.0,100.0,0.0,200.0,0.0,100.0,4515.0,100.0,31990094392.0,100.0,40608835850.0
2018-11-21,ZJV04L6S,ST12000NM0007,12000138625024,0,79,78609832,90.0,0.0,100.0,7.0,100.0,0.0,87.0,543041833.0,95,4705,100.0,0.0,100,7,,,,,100.0,0.0,100.0,0.0,,,64.0,36.0,,,100.0,42.0,100.0,623.0,36,36,100.0,0.0,100.0,0.0,200.0,0.0,100.0,4539.0,100.0,32065808616.0,100.0,40766755034.0
2018-11-22,ZJV04L6S,ST12000NM0007,12000138625024,0,80,102371872,90.0,0.0,100.0,7.0,100.0,0.0,87.0,545390217.0,95,4729,100.0,0.0,100,7,,,,,100.0,0.0,100.0,0.0,,,67.0,33.0,,,100.0,43.0,100.0,624.0,33,33,100.0,0.0,100.0,0.0,200.0,0.0,100.0,4563.0,100.0,32148700696.0,100.0,40951765778.0
2018-11-23,ZJV04L6S,ST12000NM0007,12000138625024,0,81,125631064,90.0,0.0,100.0,7.0,100.0,0.0,87.0,548060475.0,95,4753,100.0,0.0,100,7,,,,,100.0,0.0,100.0,0.0,,,67.0,33.0,,,100.0,43.0,100.0,625.0,33,33,100.0,0.0,100.0,0.0,200.0,0.0,100.0,4587.0,100.0,32214840304.0,100.0,41153026146.0
2018-11-24,ZJV04L6S,ST12000NM0007,12000138625024,0,82,143417792,90.0,0.0,100.0,7.0,100.0,0.0,87.0,550483739.0,95,4776,100.0,0.0,100,7,,,,,100.0,0.0,100.0,0.0,,,67.0,33.0,,,100.0,43.0,100.0,626.0,33,33,100.0,0.0,100.0,0.0,200.0,0.0,100.0,4610.0,100.0,32293364504.0,100.0,41336429482.0
2018-11-25,ZJV04L6S,ST12000NM0007,12000138625024,0,83,182542984,90.0,0.0,100.0,7.0,100.0,0.0,87.0,553039787.0,95,4801,100.0,0.0,100,7,,,,,100.0,0.0,100.0,0.0,,,67.0,33.0,,,100.0,44.0,100.0,627.0,33,33,100.0,0.0,100.0,0.0,200.0,0.0,100.0,4635.0,100.0,32371260376.0,100.0,41541799434.0
2018-11-26,ZJV04L6S,ST12000NM0007,12000138625024,0,83,212971960,90.0,0.0,100.0,7.0,100.0,0.0,87.0,555183388.0,95,4824,100.0,0.0,100,7,,,,,100.0,0.0,100.0,0.0,,,67.0,33.0,,,100.0,44.0,100.0,628.0,33,33,100.0,0.0,100.0,0.0,200.0,0.0,100.0,4658.0,100.0,32446285176.0,100.0,41741344242.0
2018-11-27,ZJV04L6S,ST12000NM0007,12000138625024,0,100,1721496,90.0,0.0,100.0,7.0,100.0,0.0,87.0,558357959.0,95,4849,100.0,0.0,100,7,,,,,100.0,0.0,100.0,0.0,,,68.0,32.0,,,100.0,45.0,100.0,629.0,32,32,100.0,0.0,100.0,0.0,200.0,0.0,100.0,4682.0,100.0,32517858632.0,100.0,41946802394.0
2018-11-28,ZJV04L6S,ST12000NM0007,12000138625024,0,69,8373264,90.0,0.0,100.0,7.0,100.0,0.0,87.0,560612759.0,95,4873,100.0,0.0,100,7,,,,,100.0,0.0,100.0,0.0,,,67.0,33.0,,,100.0,45.0,100.0,630.0,33,33,100.0,0.0,100.0,0.0,200.0,0.0,100.0,4706.0,100.0,32588976152.0,100.0,42126477506.0
2018-11-29,ZJV04L6S,ST12000NM0007,12000138625024,0,72,14514488,90.0,0.0,100.0,7.0,100.0,0.0,88.0,562742032.0,95,4897,100.0,0.0,100,7,,,,,100.0,0.0,100.0,0.0,,,67.0,33.0,,,100.0,45.0,100.0,631.0,33,33,100.0,0.0,100.0,0.0,200.0,0.0,100.0,4729.0,100.0,32657593080.0,100.0,42308142450.0
2018-11-30,ZJV04L6S,ST12000NM0007,12000138625024,0,78,67912200,90.0,0.0,100.0,7.0,100.0,0.0,88.0,565538970.0,95,4920,100.0,0.0,100,7,,,,,100.0,0.0,100.0,0.0,,,66.0,34.0,,,100.0,46.0,100.0,632.0,34,34,100.0,0.0,100.0,0.0,200.0,0.0,100.0,4753.0,100.0,32757814120.0,100.0,42505459922.0
2018-12-01,ZJV04L6S,ST12000NM0007,12000138625024,0,77,50309792,90.0,0.0,100.0,7.0,100.0,0.0,88.0,567703630.0,95,4944,100.0,0.0,100,7,,,,,100.0,0.0,100.0,0.0,,,66.0,34.0,,,100.0,46.0,100.0,633.0,34,34,100.0,0.0,100.0,0.0,200.0,0.0,100.0,4777.0,100.0,32828496152.0,100.0,42661316146.0
2018-12-02,ZJV04L6S,ST12000NM0007,12000138625024,0,74,23242672,90.0,0.0,100.0,7.0,100.0,0.0,88.0,569493734.0,95,4969,100.0,0.0,100,7,,,,,100.0,0.0,100.0,0.0,,,66.0,34.0,,,100.0,47.0,100.0,634.0,34,34,100.0,0.0,100.0,0.0,200.0,0.0,100.0,4801.0,100.0,32887850000.0,100.0,42819036682.0
2018-12-03,ZJV04L6S,ST12000NM0007,12000138625024,0,70,9938952,90.0,0.0,100.0,7.0,100.0,0.0,88.0,571189761.0,95,4992,100.0,0.0,100,7,,,,,100.0,0.0,100.0,0.0,,,67.0,33.0,,,100.0,47.0,100.0,635.0,33,33,100.0,0.0,100.0,0.0,200.0,0.0,100.0,4825.0,100.0,32953489248.0,100.0,42984234610.0
2018-12-04,ZJV04L6S,ST12000NM0007,12000138625024,0,75,29229080,90.0,0.0,100.0,7.0,100.0,0.0,88.0,574634009.0,95,5017,100.0,0.0,100,7,,,,,100.0,0.0,100.0,0.0,,,67.0,33.0,,,100.0,47.0,100.0,636.0,33,33,100.0,0.0,100.0,0.0,200.0,0.0,100.0,4849.0,100.0,33008319472.0,100.0,43192835402.0
2018-12-05,ZJV04L6S,ST12000NM0007,12000138625024,0,77.0,45226224.0,90.0,0.0,100.0,7.0,100.0,0.0,88.0,576724909.0,95.0,5040.0,100.0,0.0,100.0,7.0,,,,,100.0,0.0,100.0,0.0,,,66.0,34.0,,,100.0,47.0,100.0,637.0,34.0,34.0,100.0,0.0,100.0,0.0,200.0,0.0,100.0,4873.0,100.0,33108542336.0,100.0,43352750474.0
2018-12-06,ZJV04L6S,ST12000NM0007,12000138625024,0,75,30890176,90.0,0.0,100.0,7.0,100.0,0.0,88.0,578880322.0,95,5065,100.0,0.0,100,7,,,,,100.0,0.0,100.0,0.0,,,70.0,30.0,,,100.0,47.0,100.0,638.0,30,30,100.0,0.0,100.0,0.0,200.0,0.0,100.0,4897.0,100.0,33183774008.0,100.0,43507323506.0
2018-12-07,ZJV04L6S,ST12000NM0007,12000138625024,0,72,14925840,90.0,0.0,100.0,7.0,100.0,0.0,88.0,581137446.0,95,5088,100.0,0.0,100,7,,,,,100.0,0.0,100.0,0.0,,,66.0,34.0,,,100.0,48.0,100.0,639.0,34,34,100.0,0.0,100.0,0.0,200.0,0.0,100.0,4920.0,100.0,33257023896.0,100.0,43662249986.0
2018-12-08,ZJV04L6S,ST12000NM0007,12000138625024,0,72,15099128,90.0,0.0,100.0,7.0,100.0,0.0,88.0,583214177.0,95,5113,100.0,0.0,100,7,,,,,100.0,0.0,100.0,0.0,,,65.0,35.0,,,100.0,48.0,100.0,640.0,35,35,100.0,0.0,100.0,0.0,200.0,0.0,100.0,4945.0,100.0,33335795712.0,100.0,43827792210.0
2018-12-09,ZJV04L6S,ST12000NM0007,12000138625024,0,84,228649232,90.0,0.0,100.0,7.0,100.0,0.0,88.0,585138257.0,95,5136,100.0,0.0,100,7,,,,,100.0,0.0,100.0,0.0,,,65.0,35.0,,,100.0,49.0,100.0,641.0,35,35,100.0,0.0,100.0,0.0,200.0,0.0,100.0,4968.0,100.0,33408489608.0,100.0,43968648418.0
2018-12-10,ZJV04L6S,ST12000NM0007,12000138625024,0,83,211471888,90.0,0.0,100.0,7.0,100.0,0.0,88.0,587744353.0,95,5161,100.0,0.0,100,7,,,,,100.0,0.0,100.0,0.0,,,65.0,35.0,,,100.0,49.0,100.0,642.0,35,35,100.0,0.0,100.0,0.0,200.0,0.0,100.0,4992.0,100.0,33487048888.0,100.0,44117052650.0
2018-12-11,ZJV04L6S,ST12000NM0007,12000138625024,0,83,199477840,90.0,0.0,100.0,7.0,100.0,0.0,88.0,590028664.0,95,5185,100.0,0.0,100,7,,,,,100.0,0.0,100.0,0.0,,,71.0,29.0,,,100.0,50.0,100.0,643.0,29,29,100.0,0.0,100.0,0.0,200.0,0.0,100.0,5016.0,100.0,33570351672.0,100.0,44265896450.0
2018-12-12,ZJV04L6S,ST12000NM0007,12000138625024,0,84,225378168,90.0,0.0,100.0,7.0,100.0,0.0,88.0,592323329.0,95,5209,100.0,0.0,100,7,,,,,100.0,0.0,100.0,0.0,,,71.0,29.0,,,100.0,50.0,100.0,644.0,29,29,100.0,0.0,100.0,0.0,200.0,0.0,100.0,5040.0,100.0,33654321000.0,100.0,44451968266.0
2018-12-13,ZJV04L6S,ST12000NM0007,12000138625024,0,82,175665400,90.0,0.0,100.0,7.0,100.0,0.0,88.0,594234262.0,95,5233,100.0,0.0,100,7,,,,,100.0,0.0,100.0,0.0,,,71.0,29.0,,,100.0,51.0,100.0,645.0,29,29,100.0,0.0,100.0,0.0,200.0,0.0,100.0,5064.0,100.0,33727198448.0,100.0,44573518874.0
2018-12-14,ZJV04L6S,ST12000NM0007,12000138625024,0,82,161952816,90.0,0.0,100.0,7.0,100.0,0.0,88.0,596780351.0,94,5256,100.0,0.0,100,7,,,,,100.0,0.0,100.0,0.0,,,71.0,29.0,,,100.0,51.0,100.0,645.0,29,29,100.0,0.0,100.0,0.0,200.0,0.0,100.0,5087.0,100.0,33816731920.0,100.0,44714413658.0
2018-12-15,ZJV04L6S,ST12000NM0007,12000138625024,0,83,202219896,90.0,0.0,100.0,7.0,100.0,0.0,88.0,599222586.0,94,5280,100.0,0.0,100,7,,,,,100.0,0.0,100.0,0.0,,,69.0,31.0,,,100.0,52.0,100.0,647.0,31,31,100.0,0.0,100.0,0.0,200.0,0.0,100.0,5111.0,100.0,33922239088.0,100.0,44893314354.0
2018-12-16,ZJV04L6S,ST12000NM0007,12000138625024,0,82,167103088,90.0,0.0,100.0,7.0,100.0,0.0,88.0,601507051.0,94,5305,100.0,0.0,100,7,,,,,100.0,0.0,100.0,0.0,,,70.0,30.0,,,100.0,52.0,100.0,648.0,30,30,100.0,0.0,100.0,0.0,200.0,0.0,100.0,5135.0,100.0,34012031904.0,100.0,45012545570.0
2018-12-17,ZJV04L6S,ST12000NM0007,12000138625024,0,82,161480936,90.0,0.0,100.0,7.0,100.0,0.0,88.0,603571577.0,94,5328,100.0,0.0,100,7,,,,,100.0,0.0,100.0,0.0,,,69.0,31.0,,,100.0,53.0,100.0,649.0,31,31,100.0,0.0,100.0,0.0,200.0,0.0,100.0,5159.0,100.0,34082905072.0,100.0,45180191114.0
2018-12-18,ZJV04L6S,ST12000NM0007,12000138625024,0,78,63954344,90.0,0.0,100.0,7.0,100.0,0.0,88.0,607939118.0,94,5352,100.0,0.0,100,7,,,,,100.0,0.0,100.0,0.0,,,68.0,32.0,,,100.0,53.0,100.0,650.0,32,32,100.0,0.0,100.0,0.0,200.0,0.0,100.0,5183.0,100.0,34262876328.0,100.0,45390974690.0
2018-12-19,ZJV04L6S,ST12000NM0007,12000138625024,0,84,244002456,90.0,0.0,100.0,7.0,100.0,0.0,88.0,609608372.0,94,5377,100.0,0.0,100,7,,,,,100.0,0.0,100.0,0.0,,,69.0,31.0,,,100.0,54.0,100.0,651.0,31,31,100.0,0.0,100.0,0.0,200.0,0.0,100.0,5208.0,100.0,34309348408.0,100.0,45524550722.0
2018-12-20,ZJV04L6S,ST12000NM0007,12000138625024,0,83,221942744,90.0,0.0,100.0,7.0,100.0,0.0,88.0,611531221.0,94,5401,100.0,0.0,100,7,,,,,100.0,0.0,100.0,0.0,,,65.0,35.0,,,100.0,54.0,100.0,652.0,35,35,100.0,0.0,100.0,0.0,200.0,0.0,100.0,5231.0,100.0,34342935248.0,100.0,45713044810.0
2018-12-21,ZJV04L6S,ST12000NM0007,12000138625024,0,82,162533800,90.0,0.0,100.0,7.0,100.0,0.0,88.0,613679379.0,94,5424,100.0,0.0,100,7,,,,,100.0,0.0,100.0,0.0,,,65.0,35.0,,,100.0,54.0,100.0,653.0,35,35,100.0,0.0,100.0,0.0,200.0,0.0,100.0,5255.0,100.0,34377232344.0,100.0,45863479402.0
2018-12-22,ZJV04L6S,ST12000NM0007,12000138625024,0,80,102011808,90.0,0.0,100.0,7.0,100.0,0.0,88.0,615127311.0,94,5449,100.0,0.0,100,7,,,,,100.0,0.0,100.0,0.0,,,66.0,34.0,,,100.0,55.0,100.0,654.0,34,34,100.0,0.0,100.0,0.0,200.0,0.0,100.0,5279.0,100.0,34412112072.0,100.0,46012218634.0
2018-12-23,ZJV04L6S,ST12000NM0007,12000138625024,0,84,235119504,90.0,0.0,100.0,7.0,100.0,0.0,88.0,616389378.0,94,5473,100.0,0.0,100,7,,,,,100.0,0.0,100.0,0.0,,,65.0,35.0,,,100.0,56.0,100.0,655.0,35,35,100.0,0.0,100.0,0.0,200.0,0.0,100.0,5303.0,100.0,34446447992.0,100.0,46110990410.0
2018-12-24,ZJV04L6S,ST12000NM0007,12000138625024,0,84,228405248,90.0,0.0,100.0,7.0,100.0,0.0,88.0,618797633.0,94,5497,100.0,0.0,100,7,,,,,100.0,0.0,100.0,0.0,,,65.0,35.0,,,100.0,57.0,100.0,656.0,35,35,100.0,0.0,100.0,0.0,200.0,0.0,100.0,5327.0,100.0,34482068704.0,100.0,46312796074.0
2018-12-25,ZJV04L6S,ST12000NM0007,12000138625024,0,81,117981456,90.0,0.0,100.0,7.0,100.0,0.0,88.0,620320406.0,94,5521,100.0,0.0,100,7,,,,,100.0,0.0,100.0,0.0,,,71.0,29.0,,,100.0,58.0,100.0,657.0,29,29,100.0,0.0,100.0,0.0,200.0,0.0,100.0,5350.0,100.0,34502299888.0,100.0,46426281842.0
2018-12-26,ZJV04L6S,ST12000NM0007,12000138625024,0,74,24407672,90.0,0.0,100.0,7.0,100.0,0.0,88.0,621381794.0,94,5545,100.0,0.0,100,7,,,,,100.0,0.0,100.0,0.0,,,71.0,29.0,,,100.0,59.0,100.0,658.0,29,29,100.0,0.0,100.0,0.0,200.0,0.0,100.0,5375.0,100.0,34514990136.0,100.0,46564158482.0
2018-12-27,ZJV04L6S,ST12000NM0007,12000138625024,0,82,155836624,90.0,0.0,100.0,7.0,100.0,0.0,88.0,622474601.0,94,5568,100.0,0.0,100,7,,,,,100.0,0.0,100.0,0.0,,,71.0,29.0,,,100.0,59.0,100.0,659.0,29,29,100.0,0.0,100.0,0.0,200.0,0.0,100.0,5398.0,100.0,34535883584.0,100.0,46674693986.0
2018-12-28,ZJV04L6S,ST12000NM0007,12000138625024,0,79,76457720,90.0,0.0,100.0,7.0,100.0,0.0,88.0,624393317.0,94,5593,100.0,0.0,100,7,,,,,100.0,0.0,100.0,0.0,,,71.0,29.0,,,100.0,59.0,100.0,660.0,29,29,100.0,0.0,100.0,0.0,200.0,0.0,100.0,5423.0,100.0,34578186760.0,100.0,46797152770.0
2018-12-29,ZJV04L6S,ST12000NM0007,12000138625024,0,84,243413096,90.0,0.0,100.0,7.0,100.0,0.0,88.0,625704594.0,94,5617,100.0,0.0,100,7,,,,,100.0,0.0,100.0,0.0,,,71.0,29.0,,,100.0,60.0,100.0,661.0,29,29,100.0,0.0,100.0,0.0,200.0,0.0,100.0,5447.0,100.0,34612210264.0,100.0,46930084642.0
2018-12-30,ZJV04L6S,ST12000NM0007,12000138625024,0,81,116081656,90.0,0.0,100.0,7.0,100.0,0.0,88.0,627384453.0,94,5634,100.0,0.0,100,7,,,,,100.0,0.0,100.0,0.0,,,71.0,29.0,,,100.0,60.0,100.0,661.0,29,29,100.0,0.0,100.0,0.0,200.0,0.0,100.0,5464.0,100.0,34627839768.0,100.0,47031264642.0
2018-12-31,ZJV04L6S,ST12000NM0007,12000138625024,0,76,38404272,89.0,0.0,100.0,8.0,100.0,0.0,88.0,628666175.0,94,5659,100.0,0.0,100,8,,,,,100.0,0.0,100.0,0.0,,,70.0,30.0,,,100.0,60.0,100.0,663.0,30,30,100.0,0.0,100.0,0.0,200.0,0.0,100.0,5488.0,100.0,34650128840.0,100.0,47175438908.0
