2019-01-01,ZCH06HA3,ST12000NM0007,12000138625024,0,68,6855712,90.0,0.0,100.0,12.0,100.0,0.0,90.0,957760320.0,89,10261,100.0,0.0,100,11,,,,,100.0,0.0,100.0,0.0,,,67.0,33.0,,,100.0,102.0,99.0,3510.0,33,33,100.0,0.0,100.0,0.0,200.0,0.0,100.0,8700.0,100.0,44695801848.0,100.0,76649145080.0
2019-01-02,ZCH06HA3,ST12000NM0007,12000138625024,0,84,242088704,90.0,0.0,100.0,12.0,100.0,0.0,90.0,959898767.0,89,10284,100.0,0.0,100,11,,,,,100.0,0.0,100.0,0.0,,,67.0,33.0,,,100.0,103.0,99.0,3511.0,33,33,100.0,0.0,100.0,0.0,200.0,0.0,100.0,8723.0,100.0,44773870936.0,100.0,76806308984.0
2019-01-03,ZCH06HA3,ST12000NM0007,12000138625024,0,84.0,241327456.0,90.0,0.0,100.0,12.0,100.0,0.0,90.0,962752128.0,89.0,10309.0,100.0,0.0,100.0,11.0,,,,,100.0,0.0,100.0,0.0,,,68.0,32.0,,,100.0,104.0,99.0,3512.0,32.0,32.0,100.0,0.0,100.0,0.0,200.0,0.0,100.0,8748.0,100.0,44843326448.0,100.0,76980233000.0
2019-01-04,ZCH06HA3,ST12000NM0007,12000138625024,0,83,190043672,90.0,0.0,100.0,12.0,100.0,0.0,90.0,964685766.0,89,10332,100.0,0.0,100,11,,,,,100.0,0.0,100.0,0.0,,,68.0,32.0,,,100.0,104.0,99.0,3513.0,32,32,100.0,0.0,100.0,0.0,200.0,0.0,100.0,8771.0,100.0,44909260232.0,100.0,77107156144.0
2019-01-05,ZCH06HA3,ST12000NM0007,12000138625024,0,83,194143568,90.0,0.0,100.0,12.0,100.0,0.0,90.0,966920499.0,89,10355,100.0,0.0,100,11,,,,,100.0,0.0,100.0,0.0,,,67.0,33.0,,,100.0,104.0,99.0,3514.0,33,33,100.0,0.0,100.0,0.0,200.0,0.0,100.0,8794.0,100.0,44972196528.0,100.0,77292460552.0
2019-01-06,ZCH06HA3,ST12000NM0007,12000138625024,0,84,234612976,90.0,0.0,100.0,12.0,100.0,0.0,90.0,969518455.0,89,10381,100.0,0.0,100,11,,,,,100.0,0.0,100.0,0.0,,,67.0,33.0,,,100.0,104.0,99.0,3515.0,33,33,100.0,0.0,100.0,0.0,200.0,0.0,100.0,8820.0,100.0,45047850264.0,100.0,77501416992.0
2019-01-07,ZCH06HA3,ST12000NM0007,12000138625024,0,83,197084480,90.0,0.0,100.0,12.0,100.0,0.0,90.0,971369156.0,89,10404,100.0,0.0,100,11,,,,,100.0,0.0,100.0,0.0,,,67.0,33.0,,,100.0,105.0,99.0,3516.0,33,33,100.0,0.0,100.0,0.0,200.0,0.0,100.0,8843.0,100.0,45102342320.0,100.0,77653537072.0
2019-01-08,ZCH06HA3,ST12000NM0007,12000138625024,0,76,38975968,90.0,0.0,100.0,12.0,100.0,0.0,90.0,974343544.0,89,10428,100.0,0.0,100,11,,,,,100.0,0.0,100.0,0.0,,,70.0,30.0,,,100.0,105.0,99.0,3517.0,30,30,100.0,0.0,100.0,0.0,200.0,0.0,100.0,8867.0,100.0,45202145280.0,100.0,77883907080.0
2019-01-09,ZCH06HA3,ST12000NM0007,12000138625024,0,84,242806832,90.0,0.0,100.0,12.0,100.0,0.0,90.0,976259665.0,89,10451,100.0,0.0,100,11,,,,,100.0,0.0,100.0,0.0,,,69.0,31.0,,,100.0,106.0,99.0,3518.0,31,31,100.0,0.0,100.0,0.0,200.0,0.0,100.0,8889.0,100.0,45267325240.0,100.0,78022557984.0
2019-01-10,ZCH06HA3,ST12000NM0007,12000138625024,0,82,176585720,90.0,0.0,100.0,12.0,100.0,0.0,90.0,977913330.0,89,10471,100.0,0.0,100,11,,,,,100.0,0.0,100.0,0.0,,,70.0,30.0,,,100.0,106.0,99.0,3519.0,30,30,100.0,0.0,100.0,0.0,200.0,0.0,100.0,8909.0,100.0,45330385224.0,100.0,78137417704.0
2019-01-11,ZCH06HA3,ST12000NM0007,12000138625024,0,81.0,120513304.0,90.0,0.0,100.0,12.0,100.0,0.0,90.0,979649784.0,89.0,10486.0,100.0,0.0,100.0,11.0,,,,,100.0,0.0,100.0,0.0,,,69.0,31.0,,,100.0,106.0,99.0,3520.0,31.0,31.0,100.0,0.0,100.0,0.0,200.0,0.0,100.0,8925.0,100.0,45401720856.0,100.0,78254150952.0
2019-01-12,ZCH06HA3,ST12000NM0007,12000138625024,0,76,42548816,90.0,0.0,100.0,12.0,100.0,0.0,90.0,984004499.0,88,10518,100.0,0.0,100,11,,,,,100.0,0.0,100.0,0.0,,,71.0,29.0,,,100.0,106.0,99.0,3521.0,29,29,100.0,0.0,100.0,0.0,200.0,0.0,100.0,8956.0,100.0,45549506752.0,100.0,78516682376.0
2019-01-13,ZCH06HA3,ST12000NM0007,12000138625024,0,83,199005880,90.0,0.0,100.0,12.0,100.0,0.0,90.0,985333286.0,88,10534,100.0,0.0,100,11,,,,,100.0,0.0,100.0,0.0,,,70.0,30.0,,,100.0,107.0,99.0,3522.0,30,30,100.0,0.0,100.0,0.0,200.0,0.0,100.0,8972.0,100.0,45598313640.0,100.0,78624332552.0
2019-01-14,ZCH06HA3,ST12000NM0007,12000138625024,0,73,21452344,90.0,0.0,100.0,12.0,100.0,0.0,90.0,988076608.0,88,10566,100.0,0.0,100,11,,,,,100.0,0.0,100.0,0.0,,,70.0,30.0,,,100.0,107.0,99.0,3523.0,30,30,100.0,0.0,100.0,0.0,200.0,0.0,100.0,9003.0,100.0,45698154944.0,100.0,78835219256.0
2019-01-15,ZCH06HA3,ST12000NM0007,12000138625024,0,84.0,238962592.0,90.0,0.0,100.0,12.0,100.0,0.0,90.0,990091389.0,88.0,10582.0,100.0,0.0,100.0,11.0,,,,,100.0,0.0,100.0,0.0,,,70.0,30.0,,,100.0,107.0,99.0,3524.0,30.0,30.0,100.0,0.0,100.0,0.0,200.0,0.0,100.0,9019.0,100.0,45755806952.0,100.0,78995077496.0
2019-01-16,ZCH06HA3,ST12000NM0007,12000138625024,0,79,83802608,90.0,0.0,100.0,12.0,100.0,0.0,90.0,993155846.0,88,10614,100.0,0.0,100,11,,,,,100.0,0.0,100.0,0.0,,,64.0,36.0,,,100,108,99.0,3525.0,36,36,100.0,0.0,100.0,0.0,200.0,0.0,100.0,9051.0,100.0,45869920960.0,100.0,79214085192.0
2019-01-17,ZCH06HA3,ST12000NM0007,12000138625024,0,84,244106840,90.0,0.0,100.0,12.0,100.0,0.0,90.0,994652445.0,88,10630,100.0,0.0,100,11,,,,,100.0,0.0,100.0,0.0,,,65.0,35.0,,,100,108,99.0,3526.0,35,35,100.0,0.0,100.0,0.0,200.0,0.0,100.0,9066.0,100.0,45913463792.0,100.0,79330846592.0
2019-01-18,ZCH06HA3,ST12000NM0007,12000138625024,0,81,119076528,90.0,0.0,100.0,12.0,100.0,0.0,90.0,998573223.0,88,10661,100.0,0.0,100,11,,,,,100.0,0.0,100.0,0.0,,,65.0,35.0,,,100,108,99.0,3527.0,35,35,100.0,0.0,100.0,0.0,200.0,0.0,100.0,9098.0,100.0,46027832864.0,100.0,79579729192.0
2019-01-19,ZCH06HA3,ST12000NM0007,12000138625024,0,82,149007496,90.0,0.0,100.0,12.0,100.0,0.0,61.0,1382798.0,88,10693,100.0,0.0,100,11,,,,,100.0,0.0,100.0,0.0,,,65.0,35.0,,,100,108,99.0,3528.0,35,35,100.0,0.0,100.0,0.0,200.0,0.0,100.0,9129.0,100.0,46106641840.0,100.0,79774992048.0
2019-01-20,ZCH06HA3,ST12000NM0007,12000138625024,0,78,62108936,90.0,0.0,100.0,12.0,100.0,0.0,64.0,2721196.0,88,10709,100.0,0.0,100,11,,,,,100.0,0.0,100.0,0.0,,,63.0,37.0,,,100,108,99.0,3529.0,37,37,100.0,0.0,100.0,0.0,200.0,0.0,100.0,9145.0,100.0,46154148888.0,100.0,79884727288.0
2019-01-21,ZCH06HA3,ST12000NM0007,12000138625024,0,84,223910144,90.0,0.0,100.0,12.0,100.0,0.0,69.0,7191361.0,88,10740,100.0,0.0,100,11,,,,,100.0,0.0,100.0,0.0,,,64.0,36.0,,,100,108,99.0,3530.0,36,36,100.0,0.0,100.0,0.0,200.0,0.0,100.0,9177.0,100.0,46265881736.0,100.0,80178936480.0
2019-01-22,ZCH06HA3,ST12000NM0007,12000138625024,0,83.0,206992504.0,90.0,0.0,100.0,12.0,100.0,0.0,70.0,9636334.0,88.0,10756.0,100.0,0.0,100.0,11.0,,,,,100.0,0.0,100.0,0.0,,,63.0,37.0,,,100.0,109.0,99.0,3531.0,37.0,37.0,100.0,0.0,100.0,0.0,200.0,0.0,100.0,9192.0,100.0,46327415768.0,100.0,80344625536.0
2019-01-23,ZCH06HA3,ST12000NM0007,12000138625024,0,76.0,35966376.0,90.0,0.0,100.0,12.0,100.0,0.0,71.0,12480870.0,88.0,10788.0,100.0,0.0,100.0,11.0,,,,,100.0,0.0,100.0,0.0,,,64.0,36.0,,,100.0,109.0,99.0,3532.0,36.0,36.0,100.0,0.0,100.0,0.0,200.0,0.0,100.0,9224.0,100.0,46418514352.0,100.0,80570782648.0
2019-01-24,ZCH06HA3,ST12000NM0007,12000138625024,0,83.0,204554032.0,90.0,0.0,100.0,12.0,100.0,0.0,71.0,13855738.0,88.0,10804.0,100.0,0.0,100.0,11.0,,,,,100.0,0.0,100.0,0.0,,,63.0,37.0,,,100.0,109.0,99.0,3533.0,37.0,37.0,100.0,0.0,100.0,0.0,200.0,0.0,100.0,9240.0,100.0,46456973792.0,100.0,80700910864.0
2019-01-25,ZCH06HA3,ST12000NM0007,12000138625024,0,67,5163680,90.0,0.0,100.0,12.0,100.0,0.0,72.0,17673819.0,88,10835,100.0,0.0,100,11,,,,,100.0,0.0,100.0,0.0,,,64.0,36.0,,,100,110,99.0,3534.0,36,36,100.0,0.0,100.0,0.0,200.0,0.0,100.0,9271.0,100.0,46519485480.0,100.0,80927290096.0
2019-01-26,ZCH06HA3,ST12000NM0007,12000138625024,0,83,180802680,90.0,0.0,100.0,12.0,100.0,0.0,73.0,19169718.0,88,10851,100.0,0.0,100,11,,,,,100.0,0.0,100.0,0.0,,,64.0,36.0,,,100,111,99.0,3535.0,36,36,100.0,0.0,100.0,0.0,200.0,0.0,100.0,9287.0,100.0,46586071800.0,100.0,81036342776.0
2019-01-27,ZCH06HA3,ST12000NM0007,12000138625024,0,84,233103120,90.0,0.0,100.0,12.0,100.0,0.0,73.0,22129320.0,88,10883,100.0,0.0,100,11,,,,,100.0,0.0,100.0,0.0,,,64.0,36.0,,,100,112,99.0,3536.0,36,36,100.0,0.0,100.0,0.0,200.0,0.0,100.0,9319.0,100.0,46675556104.0,100.0,81243299704.0
2019-01-28,ZCH06HA3,ST12000NM0007,12000138625024,0,83,198834040,90.0,0.0,100.0,12.0,100.0,0.0,74.0,23869830.0,88,10899,100.0,0.0,100,11,,,,,100.0,0.0,100.0,0.0,,,63.0,37.0,,,100,113,99.0,3537.0,37,37,100.0,0.0,100.0,0.0,200.0,0.0,100.0,9335.0,100.0,46761583176.0,100.0,81367144312.0
2019-01-29,ZCH06HA3,ST12000NM0007,12000138625024,0,79,86315296,90.0,0.0,100.0,12.0,100.0,0.0,74.0,27133393.0,88,10930,100.0,0.0,100,11,,,,,100.0,0.0,100.0,0.0,,,64.0,36.0,,,100,114,99.0,3538.0,36,36,100.0,0.0,100.0,0.0,200.0,0.0,100.0,9366.0,100.0,46889966776.0,100.0,81614523576.0
2019-01-30,ZCH06HA3,ST12000NM0007,12000138625024,0,66,3637632,90.0,0.0,100.0,12.0,100.0,0.0,75.0,28334329.0,88,10946,100.0,0.0,100,11,,,,,100.0,0.0,100.0,0.0,,,63.0,37.0,,,100,115,99.0,3539.0,37,37,100.0,0.0,100.0,0.0,200.0,0.0,100.0,9382.0,100.0,46941314160.0,100.0,81724639424.0
2019-01-31,ZCH06HA3,ST12000NM0007,12000138625024,0,82,171395056,90.0,0.0,100.0,12.0,100.0,0.0,75.0,32799606.0,88,10978,100.0,0.0,100,11,,,,,100.0,0.0,100.0,0.0,,,64.0,36.0,,,100,115,99.0,3540.0,36,36,100.0,0.0,100.0,0.0,200.0,0.0,100.0,9413.0,100.0,47042018920.0,100.0,82035832752.0
2019-02-01,ZCH06HA3,ST12000NM0007,12000138625024,0,78,66411336,90.0,0.0,100.0,12.0,100.0,0.0,75.0,34099234.0,88,10994,100.0,0.0,100,11,,,,,100.0,0.0,100.0,0.0,,,63.0,37.0,,,100,116,99.0,3541.0,37,37,100.0,0.0,100.0,0.0,200.0,0.0,100.0,9429.0,100.0,47083351544.0,100.0,82133657232.0
2019-02-02,ZCH06HA3,ST12000NM0007,12000138625024,0,79.0,76122896.0,90.0,0.0,100.0,12.0,100.0,0.0,76.0,36785221.0,88.0,11025.0,100.0,0.0,100.0,11.0,,,,,100.0,0.0,100.0,0.0,,,64.0,36.0,,,100.0,116.0,99.0,3542.0,36.0,36.0,100.0,0.0,100.0,0.0,200.0,0.0,100.0,9460.0,100.0,47164448176.0,100.0,82306412976.0
2019-02-03,ZCH06HA3,ST12000NM0007,12000138625024,0,74,27902136,90.0,0.0,100.0,12.0,100.0,0.0,76.0,38167722.0,88,11041,100.0,0.0,100,11,,,,,100.0,0.0,100.0,0.0,,,64.0,36.0,,,100,116,99.0,3543.0,36,36,100.0,0.0,100.0,0.0,200.0,0.0,100.0,9476.0,100.0,47228961216.0,100.0,82437819936.0
2019-02-04,ZCH06HA3,ST12000NM0007,12000138625024,0,80,95745832,90.0,0.0,100.0,12.0,100.0,0.0,76.0,40824907.0,88,11073,100.0,0.0,100,11,,,,,100.0,0.0,100.0,0.0,,,65.0,35.0,,,100,116,99.0,3544.0,35,35,100.0,0.0,100.0,0.0,200.0,0.0,100.0,9507.0,100.0,47328733120.0,100.0,82650032536.0
2019-02-05,ZCH06HA3,ST12000NM0007,12000138625024,0,77.0,53015048.0,90.0,0.0,100.0,12.0,100.0,0.0,76.0,42791707.0,88.0,11089.0,100.0,0.0,100.0,11.0,,,,,100.0,0.0,100.0,0.0,,,65.0,35.0,,,100.0,116.0,99.0,3545.0,35.0,35.0,100.0,0.0,100.0,0.0,200.0,0.0,100.0,9523.0,100.0,47385227304.0,100.0,82794948664.0
2019-02-06,ZCH06HA3,ST12000NM0007,12000138625024,0,82,141305704,90.0,0.0,100.0,12.0,100.0,0.0,77.0,45437299.0,88,11120,100.0,0.0,100,11,,,,,100.0,0.0,100.0,0.0,,,64.0,36.0,,,100,117,99.0,3546.0,36,36,100.0,0.0,100.0,0.0,200.0,0.0,100.0,9555.0,100.0,47487259312.0,100.0,83025348192.0
2019-02-07,ZCH06HA3,ST12000NM0007,12000138625024,0,78.0,63711768.0,90.0,0.0,100.0,12.0,100.0,0.0,77.0,46867336.0,88.0,11136.0,100.0,0.0,100.0,11.0,,,,,100.0,0.0,100.0,0.0,,,64.0,36.0,,,100.0,117.0,99.0,3547.0,36.0,36.0,100.0,0.0,100.0,0.0,200.0,0.0,100.0,9570.0,100.0,47546485584.0,100.0,83132668696.0
2019-02-08,ZCH06HA3,ST12000NM0007,12000138625024,0,81,132884912,90.0,0.0,100.0,12.0,100.0,0.0,77.0,49855706.0,88,11168,100.0,0.0,100,11,,,,,100.0,0.0,100.0,0.0,,,64.0,36.0,,,100,118,99.0,3548.0,36,36,100.0,0.0,100.0,0.0,200.0,0.0,100.0,9602.0,100.0,47645483304.0,100.0,83346984872.0
2019-02-09,ZCH06HA3,ST12000NM0007,12000138625024,0,76.0,40435072.0,90.0,0.0,100.0,12.0,100.0,0.0,77.0,51273796.0,88.0,11183.0,100.0,0.0,100.0,11.0,,,,,100.0,0.0,100.0,0.0,,,64.0,36.0,,,100.0,118.0,99.0,3549.0,36.0,36.0,100.0,0.0,100.0,0.0,200.0,0.0,100.0,9617.0,100.0,47699427888.0,100.0,83444731280.0
2019-02-10,ZCH06HA3,ST12000NM0007,12000138625024,0,82,143957480,90.0,0.0,100.0,12.0,100.0,0.0,77.0,55284412.0,88,11215,100.0,0.0,100,11,,,,,100.0,0.0,100.0,0.0,,,64.0,36.0,,,100,119,99.0,3550.0,36,36,100.0,0.0,100.0,0.0,200.0,0.0,100.0,9649.0,100.0,47807153528.0,100.0,83684669064.0
2019-02-11,ZCH06HA3,ST12000NM0007,12000138625024,0,79,83535976,90.0,0.0,100.0,12.0,100.0,0.0,78.0,56874827.0,88,11231,100.0,0.0,100,11,,,,,100.0,0.0,100.0,0.0,,,64.0,36.0,,,100,119,99.0,3551.0,36,36,100.0,0.0,100.0,0.0,200.0,0.0,100.0,9664.0,100.0,47868035928.0,100.0,83807506248.0
2019-02-12,ZCH06HA3,ST12000NM0007,12000138625024,0,68.0,5782928.0,90.0,0.0,100.0,12.0,100.0,0.0,78.0,60362580.0,88.0,11263.0,100.0,0.0,100.0,11.0,,,,,100.0,0.0,100.0,0.0,,,64.0,36.0,,,100.0,120.0,99.0,3552.0,36.0,36.0,100.0,0.0,100.0,0.0,200.0,0.0,100.0,9696.0,100.0,47992806424.0,100.0,84093264280.0
2019-02-13,ZCH06HA3,ST12000NM0007,12000138625024,0,71,11690880,90.0,0.0,100.0,12.0,100.0,0.0,78.0,62813806.0,88,11294,100.0,0.0,100,11,,,,,100.0,0.0,100.0,0.0,,,64.0,36.0,,,100,121,99.0,3553.0,36,36,100.0,0.0,100.0,0.0,200.0,0.0,100.0,9727.0,100.0,48070746008.0,100.0,84265373512.0
2019-02-14,ZCH06HA3,ST12000NM0007,12000138625024,0,83,200695384,90.0,0.0,100.0,12.0,100.0,0.0,78.0,64625584.0,88,11310,100.0,0.0,100,11,,,,,100.0,0.0,100.0,0.0,,,63.0,37.0,,,100,122,99.0,3554.0,37,37,100.0,0.0,100.0,0.0,200.0,0.0,100.0,9743.0,100.0,48112685872.0,100.0,84412438152.0
2019-02-15,ZCH06HA3,ST12000NM0007,12000138625024,0,75.0,35409112.0,90.0,0.0,100.0,12.0,100.0,0.0,78.0,67230094.0,88.0,11342.0,100.0,0.0,100.0,11.0,,,,,100.0,0.0,100.0,0.0,,,64.0,36.0,,,100.0,123.0,99.0,3555.0,36.0,36.0,100.0,0.0,100.0,0.0,200.0,0.0,100.0,9774.0,100.0,48190817000.0,100.0,84657302432.0
2019-02-16,ZCH06HA3,ST12000NM0007,12000138625024,0,83.0,194197496.0,90.0,0.0,100.0,12.0,100.0,0.0,78.0,68527670.0,88.0,11357.0,100.0,0.0,100.0,11.0,,,,,100.0,0.0,100.0,0.0,,,64.0,36.0,,,100.0,123.0,99.0,3556.0,36.0,36.0,100.0,0.0,100.0,0.0,200.0,0.0,100.0,9790.0,100.0,48234777128.0,100.0,84772130688.0
2019-02-17,ZCH06HA3,ST12000NM0007,12000138625024,0,73,20152600,90.0,0.0,100.0,12.0,100.0,0.0,79.0,71420297.0,87,11389,100.0,0.0,100,11,,,,,100.0,0.0,100.0,0.0,,,64.0,36.0,,,100,123,99.0,3557.0,36,36,100.0,0.0,100.0,0.0,200.0,0.0,100.0,9821.0,100.0,48326997976.0,100.0,84994146480.0
2019-02-18,ZCH06HA3,ST12000NM0007,12000138625024,0,83,180647600,90.0,0.0,100.0,12.0,100.0,0.0,79.0,72743762.0,87,11405,100.0,0.0,100,11,,,,,100.0,0.0,100.0,0.0,,,64.0,36.0,,,100,123,99.0,3558.0,36,36,100.0,0.0,100.0,0.0,200.0,0.0,100.0,9837.0,100.0,48369400968.0,100.0,85112238488.0
2019-02-19,ZCH06HA3,ST12000NM0007,12000138625024,0,81,117188952,90.0,0.0,100.0,12.0,100.0,0.0,79.0,77249401.0,87,11437,100.0,0.0,100,11,,,,,100.0,0.0,100.0,0.0,,,63.0,37.0,,,100,123,99.0,3559.0,37,37,100.0,0.0,100.0,0.0,200.0,0.0,100.0,9869.0,100.0,48469766384.0,100.0,85436695832.0
2019-02-20,ZCH06HA3,ST12000NM0007,12000138625024,0,83.0,210712752.0,90.0,0.0,100.0,12.0,100.0,0.0,79.0,78514501.0,87.0,11452.0,100.0,0.0,100.0,11.0,,,,,100.0,0.0,100.0,0.0,,,63.0,37.0,,,100.0,124.0,99.0,3560.0,37.0,37.0,100.0,0.0,100.0,0.0,200.0,0.0,100.0,9884.0,100.0,48515547416.0,100.0,85484438600.0
2019-02-21,ZCH06HA3,ST12000NM0007,12000138625024,0,79,85563712,90.0,0.0,100.0,12.0,100.0,0.0,79.0,79998105.0,87,11468,100.0,0.0,100,11,,,,,100.0,0.0,100.0,0.0,,,64.0,36.0,,,100,125,99.0,3561.0,36,36,100.0,0.0,100.0,0.0,200.0,0.0,100.0,9900.0,100.0,48585711600.0,100.0,85533266192.0
2019-02-22,ZCH06HA3,ST12000NM0007,12000138625024,0,83,180475424,90.0,0.0,100.0,12.0,100.0,0.0,79.0,83226443.0,87,11500,100.0,0.0,100,11,,,,,100.0,0.0,100.0,0.0,,,64.0,36.0,,,100,125,99.0,3562.0,36,36,100.0,0.0,100.0,0.0,200.0,0.0,100.0,9932.0,100.0,48685384416.0,100.0,85772645936.0
2019-02-23,ZCH06HA3,ST12000NM0007,12000138625024,0,77.0,47090992.0,90.0,0.0,100.0,12.0,100.0,0.0,79.0,84428335.0,87.0,11516.0,100.0,0.0,100.0,11.0,,,,,100.0,0.0,100.0,0.0,,,64.0,36.0,,,100.0,126.0,99.0,3563.0,36.0,36.0,100.0,0.0,100.0,0.0,200.0,0.0,100.0,9947.0,100.0,48739301320.0,100.0,85829485296.0
2019-02-24,ZCH06HA3,ST12000NM0007,12000138625024,0,81,136085696,90.0,0.0,100.0,12.0,100.0,0.0,79.0,87207159.0,87,11547,100.0,0.0,100,11,,,,,100.0,0.0,100.0,0.0,,,63.0,37.0,,,100,127,99.0,3564.0,37,37,100.0,0.0,100.0,0.0,200.0,0.0,100.0,9979.0,100.0,48846117696.0,100.0,86055804568.0
2019-02-25,ZCH06HA3,ST12000NM0007,12000138625024,0,77,48549272,90.0,0.0,100.0,12.0,100.0,0.0,79.0,88636436.0,87,11563,100.0,0.0,100,11,,,,,100.0,0.0,100.0,0.0,,,64.0,36.0,,,100,127,99.0,3565.0,36,36,100.0,0.0,100.0,0.0,200.0,0.0,100.0,9995.0,100.0,48884154208.0,100.0,86174372416.0
2019-02-26,ZCH06HA3,ST12000NM0007,12000138625024,0,82,143801720,90.0,0.0,100.0,12.0,100.0,0.0,80.0,92121453.0,87,11595,100.0,0.0,100,11,,,,,100.0,0.0,100.0,0.0,,,63.0,37.0,,,100,127,99.0,3566.0,37,37,100.0,0.0,100.0,0.0,200.0,0.0,100.0,10026.0,100.0,48963546960.0,100.0,86434372952.0
2019-02-27,ZCH06HA3,ST12000NM0007,12000138625024,0,82.0,163053440.0,90.0,0.0,100.0,12.0,100.0,0.0,80.0,94927463.0,87.0,11626.0,100.0,0.0,100.0,11.0,,,,,100.0,0.0,100.0,0.0,,,63.0,37.0,,,100.0,128.0,99.0,3567.0,37.0,37.0,100.0,0.0,100.0,0.0,200.0,0.0,100.0,10057.0,100.0,49062037024.0,100.0,86599275312.0
2019-02-28,ZCH06HA3,ST12000NM0007,12000138625024,0,81,113627344,90.0,0.0,100.0,12.0,100.0,0.0,80.0,96572497.0,87,11642,100.0,0.0,100,11,,,,,100.0,0.0,100.0,0.0,,,62.0,38.0,,,100,129,99.0,3568.0,38,38,100.0,0.0,100.0,0.0,200.0,0.0,100.0,10073.0,100.0,49116165072.0,100.0,86739861952.0
2019-03-01,ZCH06HA3,ST12000NM0007,12000138625024,0,78.0,58056960.0,90.0,0.0,100.0,12.0,100.0,0.0,80.0,98649651.0,87.0,11658.0,100.0,0.0,100.0,11.0,,,,,100.0,0.0,100.0,0.0,,,63.0,37.0,,,100.0,129.0,99.0,3568.0,37.0,37.0,100.0,0.0,100.0,0.0,200.0,0.0,100.0,10089.0,100.0,49173606752.0,100.0,86870990528.0
2019-03-02,ZCH06HA3,ST12000NM0007,12000138625024,0,80.0,99377512.0,90.0,0.0,100.0,12.0,100.0,0.0,80.0,101855203.0,87.0,11689.0,100.0,0.0,100.0,11.0,,,,,100.0,0.0,100.0,0.0,,,63.0,37.0,,,100.0,131.0,99.0,3570.0,37.0,37.0,100.0,0.0,100.0,0.0,200.0,0.0,100.0,10120.0,100.0,49298494376.0,100.0,87031564088.0
2019-03-03,ZCH06HA3,ST12000NM0007,12000138625024,0,80.0,94044640.0,90.0,0.0,100.0,12.0,100.0,0.0,80.0,104782586.0,87.0,11705.0,100.0,0.0,100.0,11.0,,,,,100.0,0.0,100.0,0.0,,,63.0,37.0,,,100.0,131.0,99.0,3570.0,37.0,37.0,100.0,0.0,100.0,0.0,200.0,0.0,100.0,10136.0,100.0,49358301272.0,100.0,87210565168.0
2019-03-04,ZCH06HA3,ST12000NM0007,12000138625024,0,82,162129520,90.0,0.0,100.0,12.0,100.0,0.0,80.0,108006035.0,87,11737,100.0,0.0,100,11,,,,,100.0,0.0,100.0,0.0,,,63.0,37.0,,,100,132,99.0,3572.0,37,37,100.0,0.0,100.0,0.0,200.0,0.0,100.0,10168.0,100.0,49445574680.0,100.0,87435517432.0
2019-03-05,ZCH06HA3,ST12000NM0007,12000138625024,0,81.0,131367280.0,90.0,0.0,100.0,12.0,100.0,0.0,80.0,109893424.0,87.0,11753.0,100.0,0.0,100.0,11.0,,,,,100.0,0.0,100.0,0.0,,,63.0,37.0,,,100.0,132.0,99.0,3572.0,37.0,37.0,100.0,0.0,100.0,0.0,200.0,0.0,100.0,10184.0,100.0,49486503280.0,100.0,87607967296.0
2019-03-06,ZCH06HA3,ST12000NM0007,12000138625024,0,84.0,227219344.0,90.0,0.0,100.0,12.0,100.0,0.0,81.0,112969398.0,87.0,11785.0,100.0,0.0,100.0,11.0,,,,,100.0,0.0,100.0,0.0,,,63.0,37.0,,,100.0,133.0,99.0,3574.0,37.0,37.0,100.0,0.0,100.0,0.0,200.0,0.0,100.0,10215.0,100.0,49572450952.0,100.0,87862012720.0
2019-03-07,ZCH06HA3,ST12000NM0007,12000138625024,0,81.0,137948160.0,90.0,0.0,100.0,12.0,100.0,0.0,81.0,114407326.0,87.0,11800.0,100.0,0.0,100.0,11.0,,,,,100.0,0.0,100.0,0.0,,,63.0,37.0,,,100.0,133.0,99.0,3574.0,37.0,37.0,100.0,0.0,100.0,0.0,200.0,0.0,100.0,10231.0,100.0,49614625976.0,100.0,87974707232.0
2019-03-08,ZCH06HA3,ST12000NM0007,12000138625024,0,74.0,24501872.0,90.0,0.0,100.0,12.0,100.0,0.0,81.0,118221634.0,87.0,11832.0,100.0,0.0,100.0,11.0,,,,,100.0,0.0,100.0,0.0,,,63.0,37.0,,,100.0,133.0,99.0,3576.0,37.0,37.0,100.0,0.0,100.0,0.0,200.0,0.0,100.0,10262.0,100.0,49720285280.0,100.0,88243882920.0
2019-03-09,ZCH06HA3,ST12000NM0007,12000138625024,0,82.0,151304848.0,90.0,0.0,100.0,12.0,100.0,0.0,81.0,119563424.0,87.0,11848.0,100.0,0.0,100.0,11.0,,,,,100.0,0.0,100.0,0.0,,,62.0,38.0,,,100.0,133.0,99.0,3576.0,38.0,38.0,100.0,0.0,100.0,0.0,200.0,0.0,100.0,10278.0,100.0,49754212944.0,100.0,88336758232.0
2019-03-10,ZCH06HA3,ST12000NM0007,12000138625024,0,84.0,230045440.0,90.0,0.0,100.0,12.0,100.0,0.0,81.0,122558246.0,87.0,11880.0,100.0,0.0,100.0,11.0,,,,,100.0,0.0,100.0,0.0,,,63.0,37.0,,,100.0,134.0,99.0,3578.0,37.0,37.0,100.0,0.0,100.0,0.0,200.0,0.0,100.0,10309.0,100.0,49842551872.0,100.0,88571300632.0
2019-03-11,ZCH06HA3,ST12000NM0007,12000138625024,0,83.0,220096024.0,90.0,0.0,100.0,12.0,100.0,0.0,81.0,126389045.0,87.0,11911.0,100.0,0.0,100.0,11.0,,,,,100.0,0.0,100.0,0.0,,,62.0,38.0,,,100.0,134.0,99.0,3579.0,38.0,38.0,100.0,0.0,100.0,0.0,200.0,0.0,100.0,10341.0,100.0,50096101912.0,100.0,88796083168.0
2019-03-12,ZCH06HA3,ST12000NM0007,12000138625024,0,83.0,201918440.0,90.0,0.0,100.0,12.0,100.0,0.0,81.0,128870535.0,87.0,11927.0,100.0,0.0,100.0,11.0,,,,,100.0,0.0,100.0,0.0,,,62.0,38.0,,,100.0,135.0,99.0,3580.0,38.0,38.0,100.0,0.0,100.0,0.0,200.0,0.0,100.0,10356.0,100.0,50164446920.0,100.0,88953701208.0
2019-03-13,ZCH06HA3,ST12000NM0007,12000138625024,0,78.0,57589008.0,90.0,0.0,100.0,12.0,100.0,0.0,81.0,132339162.0,87.0,11961.0,100.0,0.0,100.0,11.0,,,,,100.0,0.0,100.0,0.0,,,68.0,32.0,,,100.0,135.0,99.0,3581.0,32.0,32.0,100.0,0.0,100.0,0.0,200.0,0.0,100.0,10390.0,100.0,50274015408.0,100.0,89188084832.0
2019-03-14,ZCH06HA3,ST12000NM0007,12000138625024,0,82.0,177559664.0,90.0,0.0,100.0,12.0,100.0,0.0,81.0,133547492.0,87.0,11976.0,100.0,0.0,100.0,11.0,,,,,100.0,0.0,100.0,0.0,,,67.0,33.0,,,100.0,136.0,99.0,3582.0,33.0,33.0,100.0,0.0,100.0,0.0,200.0,0.0,100.0,10406.0,100.0,50307941024.0,100.0,89274129872.0
2019-03-15,ZCH06HA3,ST12000NM0007,12000138625024,0,81.0,134376672.0,90.0,0.0,100.0,12.0,100.0,0.0,81.0,138929971.0,87.0,12008.0,100.0,0.0,100.0,11.0,,,,,100.0,0.0,100.0,0.0,,,67.0,33.0,,,100.0,136.0,99.0,3583.0,33.0,33.0,100.0,0.0,100.0,0.0,200.0,0.0,100.0,10437.0,100.0,50417608856.0,100.0,89609560440.0
2019-03-16,ZCH06HA3,ST12000NM0007,12000138625024,0,79.0,87813800.0,90.0,0.0,100.0,12.0,100.0,0.0,81.0,140830304.0,87.0,12024.0,100.0,0.0,100.0,11.0,,,,,100.0,0.0,100.0,0.0,,,67.0,33.0,,,100.0,136.0,99.0,3584.0,33.0,33.0,100.0,0.0,100.0,0.0,200.0,0.0,100.0,10453.0,100.0,50482677384.0,100.0,89742069864.0
2019-03-17,ZCH06HA3,ST12000NM0007,12000138625024,0,83.0,200248472.0,90.0,0.0,100.0,12.0,100.0,0.0,82.0,144450211.0,87.0,12056.0,100.0,0.0,100.0,11.0,,,,,100.0,0.0,100.0,0.0,,,71.0,29.0,,,100.0,136.0,99.0,3585.0,29.0,29.0,100.0,0.0,100.0,0.0,200.0,0.0,100.0,10485.0,100.0,50584745504.0,100.0,89996577072.0
2019-03-18,ZCH06HA3,ST12000NM0007,12000138625024,0,82.0,149257904.0,90.0,0.0,100.0,12.0,100.0,0.0,82.0,146440105.0,87.0,12072.0,100.0,0.0,100.0,11.0,,,,,100.0,0.0,100.0,0.0,,,67.0,33.0,,,100.0,136.0,99.0,3586.0,33.0,33.0,100.0,0.0,100.0,0.0,200.0,0.0,100.0,10500.0,100.0,50645845064.0,100.0,90128627712.0
2019-03-19,ZCH06HA3,ST12000NM0007,12000138625024,0,75.0,31614640.0,90.0,0.0,100.0,12.0,100.0,0.0,82.0,150566874.0,87.0,12103.0,100.0,0.0,100.0,11.0,,,,,100.0,0.0,100.0,0.0,,,70.0,30.0,,,100.0,136.0,99.0,3587.0,30.0,30.0,100.0,0.0,100.0,0.0,200.0,0.0,100.0,10532.0,100.0,50761182536.0,100.0,90383928512.0
2019-03-20,ZCH06HA3,ST12000NM0007,12000138625024,0,82.0,158938440.0,90.0,0.0,100.0,12.0,100.0,0.0,82.0,152083241.0,87.0,12119.0,100.0,0.0,100.0,11.0,,,,,100.0,0.0,100.0,0.0,,,67.0,33.0,,,100.0,136.0,99.0,3588.0,33.0,33.0,100.0,0.0,100.0,0.0,200.0,0.0,100.0,10548.0,100.0,50799532296.0,100.0,90472902552.0
2019-03-21,ZCH06HA3,ST12000NM0007,12000138625024,0,76.0,42274904.0,90.0,0.0,100.0,12.0,100.0,0.0,82.0,155608698.0,87.0,12150.0,100.0,0.0,100.0,11.0,,,,,100.0,0.0,100.0,0.0,,,70.0,30.0,,,100.0,136.0,99.0,3589.0,30.0,30.0,100.0,0.0,100.0,0.0,200.0,0.0,100.0,10579.0,100.0,50899469736.0,100.0,90744583008.0
2019-03-22,ZCH06HA3,ST12000NM0007,12000138625024,0,66.0,4005224.0,90.0,0.0,100.0,12.0,100.0,0.0,82.0,157540224.0,87.0,12166.0,100.0,0.0,100.0,11.0,,,,,100.0,0.0,100.0,0.0,,,67.0,33.0,,,100.0,136.0,99.0,3590.0,33.0,33.0,100.0,0.0,100.0,0.0,200.0,0.0,100.0,10595.0,100.0,50953653808.0,100.0,90896269920.0
2019-03-23,ZCH06HA3,ST12000NM0007,12000138625024,0,81.0,135361152.0,90.0,0.0,100.0,12.0,100.0,0.0,82.0,161198143.0,87.0,12198.0,100.0,0.0,100.0,11.0,,,,,100.0,0.0,100.0,0.0,,,67.0,33.0,,,100.0,137.0,99.0,3591.0,33.0,33.0,100.0,0.0,100.0,0.0,200.0,0.0,100.0,10626.0,100.0,51070201392.0,100.0,91155219144.0
2019-03-24,ZCH06HA3,ST12000NM0007,12000138625024,0,76.0,43080416.0,90.0,0.0,100.0,12.0,100.0,0.0,82.0,162752957.0,87.0,12214.0,100.0,0.0,100.0,11.0,,,,,100.0,0.0,100.0,0.0,,,67.0,33.0,,,100.0,138.0,99.0,3592.0,33.0,33.0,100.0,0.0,100.0,0.0,200.0,0.0,100.0,10642.0,100.0,51109267048.0,100.0,91268014080.0
2019-03-25,ZCH06HA3,ST12000NM0007,12000138625024,0,83.0,219938368.0,90.0,0.0,100.0,12.0,100.0,0.0,82.0,166735346.0,87.0,12248.0,100.0,0.0,100.0,11.0,,,,,100.0,0.0,100.0,0.0,,,67.0,33.0,,,100.0,139.0,99.0,3593.0,33.0,33.0,100.0,0.0,100.0,0.0,200.0,0.0,100.0,10676.0,100.0,51249594272.0,100.0,91548685480.0
2019-03-26,ZCH06HA3,ST12000NM0007,12000138625024,0,84.0,242072000.0,90.0,0.0,100.0,12.0,100.0,0.0,82.0,169321498.0,86.0,12264.0,100.0,0.0,100.0,11.0,,,,,100.0,0.0,100.0,0.0,,,68.0,32.0,,,100.0,140.0,99.0,3594.0,32.0,32.0,100.0,0.0,100.0,0.0,200.0,0.0,100.0,10692.0,100.0,51321537448.0,100.0,91743016904.0
2019-03-27,ZCH06HA3,ST12000NM0007,12000138625024,0,80.0,109598304.0,90.0,0.0,100.0,12.0,100.0,0.0,82.0,172568928.0,86.0,12295.0,100.0,0.0,100.0,11.0,,,,,100.0,0.0,100.0,0.0,,,68.0,32.0,,,100.0,141.0,99.0,3595.0,32.0,32.0,100.0,0.0,100.0,0.0,200.0,0.0,100.0,10723.0,100.0,51421517256.0,100.0,91998845184.0
2019-03-28,ZCH06HA3,ST12000NM0007,12000138625024,0,78.0,56336960.0,90.0,0.0,100.0,12.0,100.0,0.0,82.0,174278899.0,86.0,12311.0,100.0,0.0,100.0,11.0,,,,,100.0,0.0,100.0,0.0,,,67.0,33.0,,,100.0,141.0,99.0,3596.0,33.0,33.0,100.0,0.0,100.0,0.0,200.0,0.0,100.0,10739.0,100.0,51463996648.0,100.0,92147245080.0
2019-03-29,ZCH06HA3,ST12000NM0007,12000138625024,0,68.0,6421336.0,90.0,0.0,100.0,12.0,100.0,0.0,83.0,179205879.0,86.0,12343.0,100.0,0.0,100.0,11.0,,,,,100.0,0.0,100.0,0.0,,,68.0,32.0,,,100.0,141.0,99.0,3597.0,32.0,32.0,100.0,0.0,100.0,0.0,200.0,0.0,100.0,10771.0,100.0,51564300184.0,100.0,92485307400.0
2019-03-30,ZCH06HA3,ST12000NM0007,12000138625024,0,82.0,154539648.0,90.0,0.0,100.0,12.0,100.0,0.0,83.0,180780376.0,86.0,12359.0,100.0,0.0,100.0,11.0,,,,,100.0,0.0,100.0,0.0,,,67.0,33.0,,,100.0,142.0,99.0,3598.0,33.0,33.0,100.0,0.0,100.0,0.0,200.0,0.0,100.0,10787.0,100.0,51608789568.0,100.0,92588936328.0
2019-03-31,ZCH06HA3,ST12000NM0007,12000138625024,0,83.0,214911408.0,90.0,0.0,100.0,12.0,100.0,0.0,83.0,183842559.0,86.0,12390.0,100.0,0.0,100.0,11.0,,,,,100.0,0.0,100.0,0.0,,,67.0,33.0,,,100.0,142.0,99.0,3599.0,33.0,33.0,100.0,0.0,100.0,0.0,200.0,0.0,100.0,10818.0,100.0,51707407312.0,100.0,92794831136.0
2019-04-01,ZCH06HA3,ST12000NM0007,12000138625024,0,81.0,117193528.0,90.0,0.0,100.0,12.0,100.0,0.0,83.0,185168146.0,86.0,12406.0,100.0,0.0,100.0,11.0,,,,,100.0,0.0,100.0,0.0,,,67.0,33.0,,,100.0,142.0,99.0,3600.0,33.0,33.0,100.0,0.0,100.0,0.0,200.0,0.0,100.0,10834.0,100.0,51717756144.0,100.0,92930905080.0
2019-04-02,ZCH06HA3,ST12000NM0007,12000138625024,0,66.0,4180176.0,90.0,0.0,100.0,12.0,100.0,0.0,83.0,189190267.0,86.0,12438.0,100.0,0.0,100.0,11.0,,,,,100.0,0.0,100.0,0.0,,,68.0,32.0,,,100.0,142.0,99.0,3601.0,32.0,32.0,100.0,0.0,100.0,0.0,200.0,0.0,100.0,10865.0,100.0,51817733936.0,100.0,93206195416.0
2019-04-03,ZCH06HA3,ST12000NM0007,12000138625024,0,83.0,183313904.0,90.0,0.0,100.0,12.0,100.0,0.0,83.0,191014488.0,86.0,12454.0,100.0,0.0,100.0,11.0,,,,,100.0,0.0,100.0,0.0,,,67.0,33.0,,,100.0,143.0,99.0,3602.0,33.0,33.0,100.0,0.0,100.0,0.0,200.0,0.0,100.0,10881.0,100.0,51873715872.0,100.0,93329347208.0
2019-04-04,ZCH06HA3,ST12000NM0007,12000138625024,0,74.0,28168376.0,90.0,0.0,100.0,12.0,100.0,0.0,83.0,199729654.0,86.0,12486.0,100.0,0.0,100.0,11.0,,,,,100.0,0.0,100.0,0.0,,,69.0,31.0,,,100.0,144.0,99.0,3603.0,31.0,31.0,100.0,0.0,100.0,0.0,200.0,0.0,100.0,10913.0,100.0,51923856160.0,100.0,95321330072.0
2019-04-05,ZCH06HA3,ST12000NM0007,12000138625024,0,81.0,140786984.0,90.0,0.0,100.0,12.0,100.0,0.0,83.0,201446473.0,86.0,12501.0,100.0,0.0,100.0,11.0,,,,,100.0,0.0,100.0,0.0,,,68.0,32.0,,,100.0,145.0,99.0,3604.0,32.0,32.0,100.0,0.0,100.0,0.0,200.0,0.0,100.0,10928.0,100.0,51942897120.0,100.0,95414907720.0
2019-04-06,ZCH06HA3,ST12000NM0007,12000138625024,0,69.0,8021792.0,90.0,0.0,100.0,12.0,100.0,0.0,83.0,205064619.0,86.0,12533.0,100.0,0.0,100.0,11.0,,,,,100.0,0.0,100.0,0.0,,,69.0,31.0,,,100.0,145.0,99.0,3605.0,31.0,31.0,100.0,0.0,100.0,0.0,200.0,0.0,100.0,10960.0,100.0,52037941824.0,100.0,95675380432.0
2019-04-07,ZCH06HA3,ST12000NM0007,12000138625024,0,82.0,162241064.0,90.0,0.0,100.0,12.0,100.0,0.0,83.0,206346162.0,86.0,12548.0,100.0,0.0,100.0,11.0,,,,,100.0,0.0,100.0,0.0,,,67.0,33.0,,,100.0,146.0,99.0,3606.0,33.0,33.0,100.0,0.0,100.0,0.0,200.0,0.0,100.0,10975.0,100.0,52083453512.0,100.0,95784088016.0
2019-04-08,ZCH06HA3,ST12000NM0007,12000138625024,0,83.0,205439664.0,90.0,0.0,100.0,12.0,100.0,0.0,83.0,209058939.0,86.0,12580.0,100.0,0.0,100.0,11.0,,,,,100.0,0.0,100.0,0.0,,,68.0,32.0,,,100.0,147.0,99.0,3607.0,32.0,32.0,100.0,0.0,100.0,0.0,200.0,0.0,100.0,11007.0,100.0,52168259520.0,100.0,95986621344.0
2019-04-09,ZCH06HA3,ST12000NM0007,12000138625024,0,83.0,189488648.0,90.0,0.0,100.0,12.0,100.0,0.0,83.0,211338938.0,86.0,12596.0,100.0,0.0,100.0,11.0,,,,,100.0,0.0,100.0,0.0,,,68.0,32.0,,,100.0,148.0,99.0,3608.0,32.0,32.0,100.0,0.0,100.0,0.0,200.0,0.0,100.0,11023.0,100.0,52218146184.0,100.0,96164924688.0
2019-04-10,ZCH06HA3,ST12000NM0007,12000138625024,0,67.0,5113096.0,90.0,0.0,100.0,12.0,100.0,0.0,83.0,214203677.0,86.0,12628.0,100.0,0.0,100.0,11.0,,,,,100.0,0.0,100.0,0.0,,,70.0,30.0,,,100.0,149.0,99.0,3609.0,30.0,30.0,100.0,0.0,100.0,0.0,200.0,0.0,100.0,11054.0,100.0,52298877424.0,100.0,96388099432.0
2019-04-11,ZCH06HA3,ST12000NM0007,12000138625024,0,83.0,197004288.0,90.0,0.0,100.0,12.0,100.0,0.0,83.0,216240104.0,86.0,12643.0,100.0,0.0,100.0,11.0,,,,,100.0,0.0,100.0,0.0,,,66.0,34.0,,,100.0,149.0,99.0,3610.0,34.0,34.0,100.0,0.0,100.0,0.0,200.0,0.0,100.0,11070.0,100.0,52338493320.0,100.0,96540374728.0
2019-04-12,ZCH06HA3,ST12000NM0007,12000138625024,0,79.0,89024080.0,90.0,0.0,100.0,12.0,100.0,0.0,83.0,220651346.0,86.0,12675.0,100.0,0.0,100.0,11.0,,,,,100.0,0.0,100.0,0.0,,,68.0,32.0,,,100.0,150.0,99.0,3611.0,32.0,32.0,100.0,0.0,100.0,0.0,200.0,0.0,100.0,11101.0,100.0,52418504632.0,100.0,96840664976.0
2019-04-13,ZCH06HA3,ST12000NM0007,12000138625024,0,84.0,238121088.0,90.0,0.0,100.0,12.0,100.0,0.0,83.0,222118305.0,86.0,12691.0,100.0,0.0,100.0,11.0,,,,,100.0,0.0,100.0,0.0,,,72.0,28.0,,,100.0,150.0,99.0,3611.0,28.0,28.0,100.0,0.0,100.0,0.0,200.0,0.0,100.0,11117.0,100.0,52454889688.0,100.0,96953376928.0
2019-04-14,ZCH06HA3,ST12000NM0007,12000138625024,0,79.0,89043168.0,90.0,0.0,100.0,12.0,100.0,0.0,84.0,225658446.0,86.0,12725.0,100.0,0.0,100.0,11.0,,,,,100.0,0.0,100.0,0.0,,,68.0,32.0,,,100.0,151.0,99.0,3613.0,32.0,32.0,100.0,0.0,100.0,0.0,200.0,0.0,100.0,11151.0,100.0,52537716984.0,100.0,97209753256.0
2019-04-15,ZCH06HA3,ST12000NM0007,12000138625024,0,84.0,233530680.0,90.0,0.0,100.0,12.0,100.0,0.0,84.0,227230807.0,86.0,12740.0,100.0,0.0,100.0,11.0,,,,,100.0,0.0,100.0,0.0,,,72.0,28.0,,,100.0,151.0,99.0,3614.0,28.0,28.0,100.0,0.0,100.0,0.0,200.0,0.0,100.0,11167.0,100.0,52573486592.0,100.0,97318471160.0
2019-04-16,ZCH06HA3,ST12000NM0007,12000138625024,0,82.0,162548568.0,90.0,0.0,100.0,12.0,100.0,0.0,84.0,231798066.0,86.0,12772.0,100.0,0.0,100.0,11.0,,,,,100.0,0.0,100.0,0.0,,,70.0,30.0,,,100.0,152.0,99.0,3615.0,30.0,30.0,100.0,0.0,100.0,0.0,200.0,0.0,100.0,11198.0,100.0,52709419160.0,100.0,97599838112.0
2019-04-17,ZCH06HA3,ST12000NM0007,12000138625024,0,83.0,194701992.0,90.0,0.0,100.0,12.0,100.0,0.0,84.0,234762436.0,86.0,12804.0,100.0,0.0,100.0,11.0,,,,,100.0,0.0,100.0,0.0,,,72.0,28.0,,,100.0,153.0,99.0,3616.0,28.0,28.0,100.0,0.0,100.0,0.0,200.0,0.0,100.0,11230.0,100.0,52802267472.0,100.0,97783283904.0
2019-04-18,ZCH06HA3,ST12000NM0007,12000138625024,0,82.0,162156864.0,90.0,0.0,100.0,12.0,100.0,0.0,84.0,236581407.0,86.0,12820.0,100.0,0.0,100.0,11.0,,,,,100.0,0.0,100.0,0.0,,,70.0,30.0,,,100.0,154.0,99.0,3617.0,30.0,30.0,100.0,0.0,100.0,0.0,200.0,0.0,100.0,11246.0,100.0,52842567736.0,100.0,97954579224.0
2019-04-19,ZCH06HA3,ST12000NM0007,12000138625024,0,84.0,233634336.0,90.0,0.0,100.0,12.0,100.0,0.0,84.0,240004776.0,86.0,12852.0,100.0,0.0,100.0,11.0,,,,,100.0,0.0,100.0,0.0,,,70.0,30.0,,,100.0,154.0,99.0,3618.0,30.0,30.0,100.0,0.0,100.0,0.0,200.0,0.0,100.0,11278.0,100.0,52911962528.0,100.0,98200802784.0
2019-04-20,ZCH06HA3,ST12000NM0007,12000138625024,0,81.0,114083720.0,90.0,0.0,100.0,12.0,100.0,0.0,84.0,241275543.0,86.0,12868.0,100.0,0.0,100.0,11.0,,,,,100.0,0.0,100.0,0.0,,,68.0,32.0,,,100.0,154.0,99.0,3619.0,32.0,32.0,100.0,0.0,100.0,0.0,200.0,0.0,100.0,11294.0,100.0,52943188112.0,100.0,98294167264.0
2019-04-21,ZCH06HA3,ST12000NM0007,12000138625024,0,82.0,149805448.0,90.0,0.0,100.0,12.0,100.0,0.0,84.0,244090861.0,86.0,12900.0,100.0,0.0,100.0,11.0,,,,,100.0,0.0,100.0,0.0,,,68.0,32.0,,,100.0,154.0,99.0,3620.0,32.0,32.0,100.0,0.0,100.0,0.0,200.0,0.0,100.0,11325.0,100.0,53010701176.0,100.0,98506516616.0
2019-04-22,ZCH06HA3,ST12000NM0007,12000138625024,0,73.0,19187232.0,90.0,0.0,100.0,12.0,100.0,0.0,84.0,245284758.0,86.0,12915.0,100.0,0.0,100.0,11.0,,,,,100.0,0.0,100.0,0.0,,,69.0,31.0,,,100.0,155.0,99.0,3621.0,31.0,31.0,100.0,0.0,100.0,0.0,200.0,0.0,100.0,11341.0,100.0,53045920608.0,100.0,98584819800.0
2019-04-23,ZCH06HA3,ST12000NM0007,12000138625024,0,81.0,131004264.0,90.0,0.0,100.0,12.0,100.0,0.0,84.0,248975180.0,86.0,12947.0,100.0,0.0,100.0,11.0,,,,,100.0,0.0,100.0,0.0,,,70.0,30.0,,,100.0,156.0,99.0,3622.0,30.0,30.0,100.0,0.0,100.0,0.0,200.0,0.0,100.0,11373.0,100.0,53143727104.0,100.0,98842971152.0
2019-04-24,ZCH06HA3,ST12000NM0007,12000138625024,0,84.0,242587552.0,90.0,0.0,100.0,12.0,100.0,0.0,84.0,250167182.0,86.0,12963.0,100.0,0.0,100.0,11.0,,,,,100.0,0.0,100.0,0.0,,,69.0,31.0,,,100.0,156.0,99.0,3623.0,31.0,31.0,100.0,0.0,100.0,0.0,200.0,0.0,100.0,11388.0,100.0,53182404960.0,100.0,98915876584.0
2019-04-25,ZCH06HA3,ST12000NM0007,12000138625024,0,83.0,218070400.0,90.0,0.0,100.0,12.0,100.0,0.0,84.0,253274713.0,86.0,12979.0,100.0,0.0,100.0,11.0,,,,,100.0,0.0,100.0,0.0,,,72.0,28.0,,,100.0,156.0,99.0,3624.0,28.0,28.0,100.0,0.0,100.0,0.0,200.0,0.0,100.0,11404.0,100.0,53237231608.0,100.0,99080673608.0
2019-04-26,ZCH06HA3,ST12000NM0007,12000138625024,0,77.0,55822848.0,90.0,0.0,100.0,12.0,100.0,0.0,84.0,256827707.0,86.0,13010.0,100.0,0.0,100.0,11.0,,,,,100.0,0.0,100.0,0.0,,,67.0,33.0,,,100.0,157.0,99.0,3625.0,33.0,33.0,100.0,0.0,100.0,0.0,200.0,0.0,100.0,11435.0,100.0,53333770104.0,100.0,99310169016.0
2019-04-27,ZCH06HA3,ST12000NM0007,12000138625024,0,84.0,223957456.0,90.0,0.0,100.0,12.0,100.0,0.0,84.0,258515497.0,86.0,13026.0,100.0,0.0,100.0,11.0,,,,,100.0,0.0,100.0,0.0,,,71.0,29.0,,,100.0,157.0,99.0,3626.0,29.0,29.0,100.0,0.0,100.0,0.0,200.0,0.0,100.0,11451.0,100.0,53380321240.0,100.0,99431752488.0
2019-04-28,ZCH06HA3,ST12000NM0007,12000138625024,0,70.0,9367528.0,90.0,0.0,100.0,12.0,100.0,0.0,84.0,261823927.0,86.0,13058.0,100.0,0.0,100.0,11.0,,,,,100.0,0.0,100.0,0.0,,,67.0,33.0,,,100.0,157.0,99.0,3627.0,33.0,33.0,100.0,0.0,100.0,0.0,200.0,0.0,100.0,11483.0,100.0,53504212112.0,100.0,99581553120.0
2019-04-29,ZCH06HA3,ST12000NM0007,12000138625024,0,82.0,161834984.0,90.0,0.0,100.0,12.0,100.0,0.0,84.0,263540175.0,86.0,13073.0,100.0,0.0,100.0,11.0,,,,,100.0,0.0,100.0,0.0,,,71.0,29.0,,,100.0,158.0,99.0,3628.0,29.0,29.0,100.0,0.0,100.0,0.0,200.0,0.0,100.0,11499.0,100.0,53576948608.0,100.0,99661284080.0
2019-04-30,ZCH06HA3,ST12000NM0007,12000138625024,0,74.0,23778808.0,90.0,0.0,100.0,12.0,100.0,0.0,84.0,267607237.0,86.0,13105.0,100.0,0.0,100.0,11.0,,,,,100.0,0.0,100.0,0.0,,,70.0,30.0,,,100.0,158.0,99.0,3629.0,30.0,30.0,100.0,0.0,100.0,0.0,200.0,0.0,100.0,11530.0,100.0,53702686040.0,100.0,99885772344.0
2019-05-01,ZCH06HA3,ST12000NM0007,12000138625024,0,68.0,6446992.0,90.0,0.0,100.0,12.0,100.0,0.0,84.0,270305176.0,86.0,13137.0,100.0,0.0,100.0,11.0,,,,,100.0,0.0,100.0,0.0,,,70.0,30.0,,,100.0,159.0,99.0,3630.0,30.0,30.0,100.0,0.0,100.0,0.0,200.0,0.0,100.0,11562.0,100.0,53800184632.0,100.0,100015082616.0
2019-05-02,ZCH06HA3,ST12000NM0007,12000138625024,0,83.0,190356208.0,90.0,0.0,100.0,12.0,100.0,0.0,84.0,272040294.0,85.0,13153.0,100.0,0.0,100.0,11.0,,,,,100.0,0.0,100.0,0.0,,,71.0,29.0,,,100.0,159.0,99.0,3631.0,29.0,29.0,100.0,0.0,100.0,0.0,200.0,0.0,100.0,11578.0,100.0,53853588208.0,100.0,100145588256.0
2019-05-03,ZCH06HA3,ST12000NM0007,12000138625024,0,83.0,205176960.0,90.0,0.0,100.0,12.0,100.0,0.0,84.0,275798461.0,85.0,13185.0,100.0,0.0,100.0,11.0,,,,,100.0,0.0,100.0,0.0,,,70.0,30.0,,,100.0,159.0,99.0,3632.0,30.0,30.0,100.0,0.0,100.0,0.0,200.0,0.0,100.0,11610.0,100.0,53911580928.0,100.0,100346556968.0
2019-05-04,ZCH06HA3,ST12000NM0007,12000138625024,0,79.0,81370696.0,90.0,0.0,100.0,12.0,100.0,0.0,84.0,277118889.0,85.0,13200.0,100.0,0.0,100.0,11.0,,,,,100.0,0.0,100.0,0.0,,,70.0,30.0,,,100.0,159.0,99.0,3633.0,30.0,30.0,100.0,0.0,100.0,0.0,200.0,0.0,100.0,11625.0,100.0,53956157968.0,100.0,100422314472.0
2019-05-05,ZCH06HA3,ST12000NM0007,12000138625024,0,81.0,124845400.0,90.0,0.0,100.0,12.0,100.0,0.0,84.0,279917929.0,85.0,13232.0,100.0,0.0,100.0,11.0,,,,,100.0,0.0,100.0,0.0,,,69.0,31.0,,,100.0,160.0,99.0,3634.0,31.0,31.0,100.0,0.0,100.0,0.0,200.0,0.0,100.0,11657.0,100.0,54025508960.0,100.0,100640578952.0
2019-05-06,ZCH06HA3,ST12000NM0007,12000138625024,0,84.0,226379808.0,90.0,0.0,100.0,12.0,100.0,0.0,84.0,281060113.0,85.0,13248.0,100.0,0.0,100.0,11.0,,,,,100.0,0.0,100.0,0.0,,,70.0,30.0,,,100.0,161.0,99.0,3635.0,30.0,30.0,100.0,0.0,100.0,0.0,200.0,0.0,100.0,11673.0,100.0,54058584816.0,100.0,100709037504.0
2019-05-07,ZCH06HA3,ST12000NM0007,12000138625024,0,74.0,22492736.0,90.0,0.0,100.0,12.0,100.0,0.0,85.0,288892627.0,85.0,13280.0,100.0,0.0,100.0,11.0,,,,,100.0,0.0,100.0,0.0,,,70.0,30.0,,,100.0,162.0,99.0,3636.0,30.0,30.0,100.0,0.0,100.0,0.0,200.0,0.0,100.0,11704.0,100.0,54130233976.0,100.0,100921783064.0
2019-05-08,ZCH06HA3,ST12000NM0007,12000138625024,0,83.0,207080952.0,90.0,0.0,100.0,12.0,100.0,0.0,85.0,292631084.0,85.0,13296.0,100.0,0.0,100.0,11.0,,,,,100.0,0.0,100.0,0.0,,,73.0,27.0,,,100.0,162.0,99.0,3637.0,27.0,27.0,100.0,0.0,100.0,0.0,200.0,0.0,100.0,11720.0,100.0,54159206376.0,100.0,101077398888.0
2019-05-09,ZCH06HA3,ST12000NM0007,12000138625024,0,65.0,2943576.0,90.0,0.0,100.0,12.0,100.0,0.0,85.0,296066538.0,85.0,13327.0,100.0,0.0,100.0,11.0,,,,,100.0,0.0,100.0,0.0,,,72.0,28.0,,,100.0,162.0,99.0,3638.0,28.0,28.0,100.0,0.0,100.0,0.0,200.0,0.0,100.0,11752.0,100.0,54230488536.0,100.0,101290260640.0
2019-05-10,ZCH06HA3,ST12000NM0007,12000138625024,0,80.0,97800424.0,90.0,0.0,100.0,12.0,100.0,0.0,85.0,297096572.0,85.0,13343.0,100.0,0.0,100.0,11.0,,,,,100.0,0.0,100.0,0.0,,,72.0,28.0,,,100.0,163.0,99.0,3639.0,28.0,28.0,100.0,0.0,100.0,0.0,200.0,0.0,100.0,11768.0,100.0,54257454648.0,100.0,101358151376.0
2019-05-11,ZCH06HA3,ST12000NM0007,12000138625024,0,78.0,69199856.0,90.0,0.0,100.0,12.0,100.0,0.0,85.0,299419434.0,85.0,13375.0,100.0,0.0,100.0,11.0,,,,,100.0,0.0,100.0,0.0,,,69.0,31.0,,,100.0,164.0,99.0,3640.0,31.0,31.0,100.0,0.0,100.0,0.0,200.0,0.0,100.0,11799.0,100.0,54316606296.0,100.0,101514539800.0
2019-05-12,ZCH06HA3,ST12000NM0007,12000138625024,0,83.0,181657192.0,90.0,0.0,100.0,12.0,100.0,0.0,85.0,300689669.0,85.0,13391.0,100.0,0.0,100.0,11.0,,,,,100.0,0.0,100.0,0.0,,,72.0,28.0,,,100.0,165.0,99.0,3641.0,28.0,28.0,100.0,0.0,100.0,0.0,200.0,0.0,100.0,11815.0,100.0,54341513048.0,100.0,101602090384.0
2019-05-13,ZCH06HA3,ST12000NM0007,12000138625024,0,82.0,166286600.0,90.0,0.0,100.0,12.0,100.0,0.0,85.0,306876835.0,85.0,13423.0,100.0,0.0,100.0,11.0,,,,,100.0,0.0,100.0,0.0,,,69.0,31.0,,,100.0,165.0,99.0,3642.0,31.0,31.0,100.0,0.0,100.0,0.0,200.0,0.0,100.0,11847.0,100.0,54380798680.0,100.0,101791574800.0
2019-05-14,ZCH06HA3,ST12000NM0007,12000138625024,0,81.0,121809904.0,90.0,0.0,100.0,12.0,100.0,0.0,85.0,310324617.0,85.0,13439.0,100.0,0.0,100.0,11.0,,,,,100.0,0.0,100.0,0.0,,,71.0,29.0,,,100.0,166.0,99.0,3643.0,29.0,29.0,100.0,0.0,100.0,0.0,200.0,0.0,100.0,11863.0,100.0,54420364056.0,100.0,101951673360.0
2019-05-15,ZCH06HA3,ST12000NM0007,12000138625024,0,82.0,166698176.0,90.0,0.0,100.0,12.0,100.0,0.0,85.0,313243741.0,85.0,13470.0,100.0,0.0,100.0,11.0,,,,,100.0,0.0,100.0,0.0,,,68.0,32.0,,,100.0,167.0,99.0,3644.0,32.0,32.0,100.0,0.0,100.0,0.0,200.0,0.0,100.0,11895.0,100.0,54517066640.0,100.0,102143999784.0
2019-05-16,ZCH06HA3,ST12000NM0007,12000138625024,0,82.0,143682552.0,90.0,0.0,100.0,12.0,100.0,0.0,85.0,316534380.0,85.0,13502.0,100.0,0.0,100.0,11.0,,,,,100.0,0.0,100.0,0.0,,,70.0,30.0,,,100.0,168.0,99.0,3646.0,30.0,30.0,100.0,0.0,100.0,0.0,200.0,0.0,100.0,11926.0,100.0,54600443232.0,100.0,102281748304.0
2019-05-17,ZCH06HA3,ST12000NM0007,12000138625024,0,84.0,242479592.0,90.0,0.0,100.0,12.0,100.0,0.0,85.0,317800342.0,85.0,13518.0,100.0,0.0,100.0,11.0,,,,,100.0,0.0,100.0,0.0,,,68.0,32.0,,,100.0,168.0,99.0,3646.0,32.0,32.0,100.0,0.0,100.0,0.0,200.0,0.0,100.0,11942.0,100.0,54643956672.0,100.0,102337031904.0
2019-05-18,ZCH06HA3,ST12000NM0007,12000138625024,0,83.0,202768520.0,90.0,0.0,100.0,12.0,100.0,0.0,85.0,320173780.0,85.0,13550.0,100.0,0.0,100.0,11.0,,,,,100.0,0.0,100.0,0.0,,,72.0,28.0,,,100.0,170.0,99.0,3648.0,28.0,28.0,100.0,0.0,100.0,0.0,200.0,0.0,100.0,11974.0,100.0,54704021632.0,100.0,102481396568.0
2019-05-19,ZCH06HA3,ST12000NM0007,12000138625024,0,76.0,38749760.0,90.0,0.0,100.0,12.0,100.0,0.0,85.0,321382833.0,85.0,13566.0,100.0,0.0,100.0,11.0,,,,,100.0,0.0,100.0,0.0,,,69.0,31.0,,,100.0,170.0,99.0,3648.0,31.0,31.0,100.0,0.0,100.0,0.0,200.0,0.0,100.0,11990.0,100.0,54727297976.0,100.0,102538242240.0
2019-05-20,ZCH06HA3,ST12000NM0007,12000138625024,0,77.0,47800472.0,90.0,0.0,100.0,12.0,100.0,0.0,85.0,324083212.0,85.0,13598.0,100.0,0.0,100.0,11.0,,,,,100.0,0.0,100.0,0.0,,,70.0,30.0,,,100.0,171.0,99.0,3650.0,30.0,30.0,100.0,0.0,100.0,0.0,200.0,0.0,100.0,12021.0,100.0,54780883256.0,100.0,102737848480.0
2019-05-21,ZCH06HA3,ST12000NM0007,12000138625024,0,75.0,31457344.0,90.0,0.0,100.0,12.0,100.0,0.0,85.0,327825921.0,85.0,13615.0,100.0,0.0,100.0,11.0,,,,,100.0,0.0,100.0,0.0,,,70.0,30.0,,,100.0,171.0,99.0,3650.0,30.0,30.0,100.0,0.0,100.0,0.0,200.0,0.0,100.0,12039.0,100.0,54822783232.0,100.0,102923746024.0
2019-05-22,ZCH06HA3,ST12000NM0007,12000138625024,0,82.0,141802536.0,90.0,0.0,100.0,12.0,100.0,0.0,85.0,329261774.0,85.0,13631.0,100.0,0.0,100.0,11.0,,,,,100.0,0.0,100.0,0.0,,,72.0,28.0,,,100.0,172.0,99.0,3651.0,28.0,28.0,100.0,0.0,100.0,0.0,200.0,0.0,100.0,12055.0,100.0,54874636984.0,100.0,102982237464.0
2019-05-23,ZCH06HA3,ST12000NM0007,12000138625024,0,82.0,153416784.0,90.0,0.0,100.0,12.0,100.0,0.0,85.0,332700457.0,85.0,13663.0,100.0,0.0,100.0,11.0,,,,,100.0,0.0,100.0,0.0,,,70.0,30.0,,,100.0,173.0,99.0,3652.0,30.0,30.0,100.0,0.0,100.0,0.0,200.0,0.0,100.0,12087.0,100.0,54945680424.0,100.0,103166948904.0
2019-05-24,ZCH06HA3,ST12000NM0007,12000138625024,0,84.0,238452528.0,90.0,0.0,100.0,12.0,100.0,0.0,85.0,333727135.0,85.0,13679.0,100.0,0.0,100.0,11.0,,,,,100.0,0.0,100.0,0.0,,,72.0,28.0,,,100.0,173.0,99.0,3653.0,28.0,28.0,100.0,0.0,100.0,0.0,200.0,0.0,100.0,12102.0,100.0,54971197480.0,100.0,103226467592.0
2019-05-25,ZCH06HA3,ST12000NM0007,12000138625024,0,82.0,160694264.0,90.0,0.0,100.0,12.0,100.0,0.0,85.0,335949615.0,85.0,13711.0,100.0,0.0,100.0,11.0,,,,,100.0,0.0,100.0,0.0,,,69.0,31.0,,,100.0,173.0,99.0,3654.0,31.0,31.0,100.0,0.0,100.0,0.0,200.0,0.0,100.0,12134.0,100.0,55014640576.0,100.0,103349407080.0
2019-05-26,ZCH06HA3,ST12000NM0007,12000138625024,0,100.0,2303520.0,90.0,0.0,100.0,12.0,100.0,0.0,85.0,337069850.0,85.0,13727.0,100.0,0.0,100.0,11.0,,,,,100.0,0.0,100.0,0.0,,,71.0,29.0,,,100.0,173.0,99.0,3655.0,29.0,29.0,100.0,0.0,100.0,0.0,200.0,0.0,100.0,12150.0,100.0,55045681728.0,100.0,103404115816.0
2019-05-27,ZCH06HA3,ST12000NM0007,12000138625024,0,75.0,30396888.0,90.0,0.0,100.0,12.0,100.0,0.0,85.0,339902529.0,85.0,13759.0,100.0,0.0,100.0,11.0,,,,,100.0,0.0,100.0,0.0,,,69.0,31.0,,,100.0,173.0,99.0,3656.0,31.0,31.0,100.0,0.0,100.0,0.0,200.0,0.0,100.0,12182.0,100.0,55120616928.0,100.0,103601414864.0
2019-05-28,ZCH06HA3,ST12000NM0007,12000138625024,0,83.0,194880896.0,90.0,0.0,100.0,12.0,100.0,0.0,85.0,342099409.0,85.0,13774.0,100.0,0.0,100.0,11.0,,,,,100.0,0.0,100.0,0.0,,,71.0,29.0,,,100.0,173.0,99.0,3657.0,29.0,29.0,100.0,0.0,100.0,0.0,200.0,0.0,100.0,12197.0,100.0,55175712544.0,100.0,103710803256.0
2019-05-29,ZCH06HA3,ST12000NM0007,12000138625024,0,78.0,66877184.0,90.0,0.0,100.0,12.0,100.0,0.0,85.0,345121828.0,85.0,13811.0,100.0,0.0,100.0,11.0,,,,,100.0,0.0,100.0,0.0,,,70.0,30.0,,,100.0,174.0,99.0,3659.0,30.0,30.0,100.0,0.0,100.0,0.0,200.0,0.0,100.0,12234.0,100.0,55228011400.0,100.0,104018782024.0
2019-05-30,ZCH06HA3,ST12000NM0007,12000138625024,0,84.0,240676656.0,90.0,0.0,100.0,12.0,100.0,0.0,85.0,346772923.0,85.0,13827.0,100.0,0.0,100.0,11.0,,,,,100.0,0.0,100.0,0.0,,,68.0,32.0,,,100.0,174.0,99.0,3659.0,32.0,32.0,100.0,0.0,100.0,0.0,200.0,0.0,100.0,12250.0,100.0,55266684072.0,100.0,104153908824.0
2019-05-31,ZCH06HA3,ST12000NM0007,12000138625024,0,81.0,132591112.0,90.0,0.0,100.0,12.0,100.0,0.0,85.0,348721262.0,85.0,13843.0,100.0,0.0,100.0,11.0,,,,,100.0,0.0,100.0,0.0,,,71.0,29.0,,,100.0,175.0,99.0,3660.0,29.0,29.0,100.0,0.0,100.0,0.0,200.0,0.0,100.0,12266.0,100.0,55301310032.0,100.0,104255338000.0
2019-06-01,ZCH06HA3,ST12000NM0007,12000138625024,0,82.0,177243272.0,90.0,0.0,100.0,12.0,100.0,0.0,85.0,351515102.0,85.0,13875.0,100.0,0.0,100.0,11.0,,,,,100.0,0.0,100.0,0.0,,,68.0,32.0,,,100.0,176.0,99.0,3662.0,32.0,32.0,100.0,0.0,100.0,0.0,200.0,0.0,100.0,12297.0,100.0,55373916496.0,100.0,104471524488.0
2019-06-02,ZCH06HA3,ST12000NM0007,12000138625024,0,81.0,138721664.0,90.0,0.0,100.0,12.0,100.0,0.0,85.0,353078064.0,85.0,13891.0,100.0,0.0,100.0,11.0,,,,,100.0,0.0,100.0,0.0,,,70.0,30.0,,,100.0,176.0,99.0,3662.0,30.0,30.0,100.0,0.0,100.0,0.0,200.0,0.0,100.0,12313.0,100.0,55404155752.0,100.0,104646904584.0
2019-06-03,ZCH06HA3,ST12000NM0007,12000138625024,0,83.0,215828752.0,90.0,0.0,100.0,12.0,100.0,0.0,86.0,356242833.0,85.0,13922.0,100.0,0.0,100.0,11.0,,,,,100.0,0.0,100.0,0.0,,,68.0,32.0,,,100.0,176.0,99.0,3663.0,32.0,32.0,100.0,0.0,100.0,0.0,200.0,0.0,100.0,12345.0,100.0,55492233800.0,100.0,104880074256.0
2019-06-04,ZCH06HA3,ST12000NM0007,12000138625024,0,82.0,152992440.0,90.0,0.0,100.0,12.0,100.0,0.0,86.0,358558756.0,85.0,13938.0,100.0,0.0,100.0,11.0,,,,,100.0,0.0,100.0,0.0,,,69.0,31.0,,,100.0,177.0,99.0,3664.0,31.0,31.0,100.0,0.0,100.0,0.0,200.0,0.0,100.0,12361.0,100.0,55543708544.0,100.0,105009903968.0
2019-06-05,ZCH06HA3,ST12000NM0007,12000138625024,0,82.0,143600552.0,90.0,0.0,100.0,12.0,100.0,0.0,86.0,361452967.0,85.0,13970.0,100.0,0.0,100.0,11.0,,,,,100.0,0.0,100.0,0.0,,,68.0,32.0,,,100.0,178.0,99.0,3665.0,32.0,32.0,100.0,0.0,100.0,0.0,200.0,0.0,100.0,12392.0,100.0,55634914296.0,100.0,105153446968.0
2019-06-06,ZCH06HA3,ST12000NM0007,12000138625024,0,77.0,46769056.0,90.0,0.0,100.0,12.0,100.0,0.0,86.0,366812658.0,85.0,14002.0,100.0,0.0,100.0,11.0,,,,,100.0,0.0,100.0,0.0,,,67.0,33.0,,,100.0,178.0,99.0,3667.0,33.0,33.0,100.0,0.0,100.0,0.0,200.0,0.0,100.0,12424.0,100.0,55717063328.0,100.0,105462747848.0
2019-06-07,ZCH06HA3,ST12000NM0007,12000138625024,0,84.0,238732816.0,90.0,0.0,100.0,12.0,100.0,0.0,86.0,368363189.0,84.0,14018.0,100.0,0.0,100.0,11.0,,,,,100.0,0.0,100.0,0.0,,,68.0,32.0,,,100.0,178.0,99.0,3667.0,32.0,32.0,100.0,0.0,100.0,0.0,200.0,0.0,100.0,12440.0,100.0,55742306664.0,100.0,105629468272.0
2019-06-08,ZCH06HA3,ST12000NM0007,12000138625024,0,78.0,58922736.0,90.0,0.0,100.0,12.0,100.0,0.0,86.0,371297456.0,84.0,14050.0,100.0,0.0,100.0,11.0,,,,,100.0,0.0,100.0,0.0,,,68.0,32.0,,,100.0,179.0,99.0,3669.0,32.0,32.0,100.0,0.0,100.0,0.0,200.0,0.0,100.0,12472.0,100.0,55831782232.0,100.0,105848464136.0
2019-06-09,ZCH06HA3,ST12000NM0007,12000138625024,0,83.0,215777440.0,90.0,0.0,100.0,12.0,100.0,0.0,86.0,372886258.0,84.0,14066.0,100.0,0.0,100.0,11.0,,,,,100.0,0.0,100.0,0.0,,,68.0,32.0,,,100.0,179.0,99.0,3669.0,32.0,32.0,100.0,0.0,100.0,0.0,200.0,0.0,100.0,12488.0,100.0,55861006856.0,100.0,105976094216.0
2019-06-10,ZCH06HA3,ST12000NM0007,12000138625024,0,76.0,40113880.0,90.0,0.0,100.0,12.0,100.0,0.0,86.0,375891170.0,84.0,14098.0,100.0,0.0,100.0,11.0,,,,,100.0,0.0,100.0,0.0,,,67.0,33.0,,,100.0,179.0,99.0,3671.0,33.0,33.0,100.0,0.0,100.0,0.0,200.0,0.0,100.0,12520.0,100.0,55919398816.0,100.0,106230320280.0
2019-06-11,ZCH06HA3,ST12000NM0007,12000138625024,0,84.0,236836856.0,90.0,0.0,100.0,12.0,100.0,0.0,86.0,378297822.0,84.0,14114.0,100.0,0.0,100.0,11.0,,,,,100.0,0.0,100.0,0.0,,,67.0,33.0,,,100.0,179.0,99.0,3671.0,33.0,33.0,100.0,0.0,100.0,0.0,200.0,0.0,100.0,12536.0,100.0,55962700096.0,100.0,106383741976.0
2019-06-12,ZCH06HA3,ST12000NM0007,12000138625024,0,77.0,50191640.0,90.0,0.0,100.0,12.0,100.0,0.0,86.0,381228315.0,84.0,14146.0,100.0,0.0,100.0,11.0,,,,,100.0,0.0,100.0,0.0,,,67.0,33.0,,,100.0,180.0,99.0,3673.0,33.0,33.0,100.0,0.0,100.0,0.0,200.0,0.0,100.0,12567.0,100.0,56042077936.0,100.0,106606000536.0
2019-06-13,ZCH06HA3,ST12000NM0007,12000138625024,0,83.0,222739000.0,90.0,0.0,100.0,12.0,100.0,0.0,86.0,382683764.0,84.0,14162.0,100.0,0.0,100.0,11.0,,,,,100.0,0.0,100.0,0.0,,,67.0,33.0,,,100.0,180.0,99.0,3673.0,33.0,33.0,100.0,0.0,100.0,0.0,200.0,0.0,100.0,12583.0,100.0,56068385824.0,100.0,106752240008.0
2019-06-14,ZCH06HA3,ST12000NM0007,12000138625024,0,76.0,42894952.0,90.0,0.0,100.0,12.0,100.0,0.0,86.0,386706435.0,84.0,14193.0,100.0,0.0,100.0,11.0,,,,,100.0,0.0,100.0,0.0,,,66.0,34.0,,,100.0,182.0,99.0,3675.0,34.0,34.0,100.0,0.0,100.0,0.0,200.0,0.0,100.0,12615.0,100.0,56136903368.0,100.0,106992159688.0
2019-06-15,ZCH06HA3,ST12000NM0007,12000138625024,0,83.0,186003344.0,90.0,0.0,100.0,12.0,100.0,0.0,86.0,388214851.0,84.0,14209.0,100.0,0.0,100.0,11.0,,,,,100.0,0.0,100.0,0.0,,,67.0,33.0,,,100.0,182.0,99.0,3675.0,33.0,33.0,100.0,0.0,100.0,0.0,200.0,0.0,100.0,12630.0,100.0,56187463320.0,100.0,107084708128.0
2019-06-16,ZCH06HA3,ST12000NM0007,12000138625024,0,75.0,32364776.0,90.0,0.0,100.0,12.0,100.0,0.0,86.0,392085977.0,84.0,14241.0,100.0,0.0,100.0,11.0,,,,,100.0,0.0,100.0,0.0,,,66.0,34.0,,,100.0,184.0,99.0,3677.0,34.0,34.0,100.0,0.0,100.0,0.0,200.0,0.0,100.0,12662.0,100.0,56286223104.0,100.0,107320591128.0
2019-06-17,ZCH06HA3,ST12000NM0007,12000138625024,0,83.0,180152400.0,90.0,0.0,100.0,12.0,100.0,0.0,86.0,393550529.0,84.0,14257.0,100.0,0.0,100.0,11.0,,,,,100.0,0.0,100.0,0.0,,,67.0,33.0,,,100.0,184.0,99.0,3677.0,33.0,33.0,100.0,0.0,100.0,0.0,200.0,0.0,100.0,12678.0,100.0,56314771192.0,100.0,107439830664.0
2019-06-18,ZCH06HA3,ST12000NM0007,12000138625024,0,79.0,88215240.0,90.0,0.0,100.0,12.0,100.0,0.0,86.0,397777928.0,84.0,14289.0,100.0,0.0,100.0,11.0,,,,,100.0,0.0,100.0,0.0,,,66.0,34.0,,,100.0,185.0,99.0,3679.0,34.0,34.0,100.0,0.0,100.0,0.0,200.0,0.0,100.0,12710.0,100.0,56385750088.0,100.0,107765196120.0
2019-06-19,ZCH06HA3,ST12000NM0007,12000138625024,0,79.0,79703560.0,90.0,0.0,100.0,12.0,100.0,0.0,86.0,400698773.0,84.0,14305.0,100.0,0.0,100.0,11.0,,,,,100.0,0.0,100.0,0.0,,,66.0,34.0,,,100.0,185.0,99.0,3679.0,34.0,34.0,100.0,0.0,100.0,0.0,200.0,0.0,100.0,12726.0,100.0,56440282936.0,100.0,107946292376.0
2019-06-20,ZCH06HA3,ST12000NM0007,12000138625024,0,71.0,12379256.0,90.0,0.0,100.0,12.0,100.0,0.0,86.0,402672101.0,84.0,14321.0,100.0,0.0,100.0,11.0,,,,,100.0,0.0,100.0,0.0,,,69.0,31.0,,,100.0,185.0,99.0,3680.0,31.0,31.0,100.0,0.0,100.0,0.0,200.0,0.0,100.0,12741.0,100.0,56471659464.0,100.0,108091732280.0
2019-06-21,ZCH06HA3,ST12000NM0007,12000138625024,0,78.0,57875816.0,90.0,0.0,100.0,12.0,100.0,0.0,86.0,406387684.0,84.0,14352.0,100.0,0.0,100.0,11.0,,,,,100.0,0.0,100.0,0.0,,,67.0,33.0,,,100.0,186.0,99.0,3681.0,33.0,33.0,100.0,0.0,100.0,0.0,200.0,0.0,100.0,12773.0,100.0,56540469256.0,100.0,108312559704.0
2019-06-22,ZCH06HA3,ST12000NM0007,12000138625024,0,77.0,45574992.0,90.0,0.0,100.0,12.0,100.0,0.0,86.0,409117369.0,84.0,14384.0,100.0,0.0,100.0,11.0,,,,,100.0,0.0,100.0,0.0,,,67.0,33.0,,,100.0,188.0,99.0,3683.0,33.0,33.0,100.0,0.0,100.0,0.0,200.0,0.0,100.0,12805.0,100.0,56608484640.0,100.0,108476384184.0
2019-06-23,ZCH06HA3,ST12000NM0007,12000138625024,0,83.0,217958488.0,90.0,0.0,100.0,12.0,100.0,0.0,86.0,410754410.0,84.0,14400.0,100.0,0.0,100.0,11.0,,,,,100.0,0.0,100.0,0.0,,,68.0,32.0,,,100.0,188.0,99.0,3683.0,32.0,32.0,100.0,0.0,100.0,0.0,200.0,0.0,100.0,12820.0,100.0,56638808472.0,100.0,108618443848.0
2019-06-24,ZCH06HA3,ST12000NM0007,12000138625024,0,84.0,224356672.0,90.0,0.0,100.0,12.0,100.0,0.0,86.0,413343313.0,84.0,14432.0,100.0,0.0,100.0,11.0,,,,,100.0,0.0,100.0,0.0,,,67.0,33.0,,,100.0,189.0,99.0,3685.0,33.0,33.0,100.0,0.0,100.0,0.0,200.0,0.0,100.0,12852.0,100.0,56694842944.0,100.0,108812948392.0
2019-06-25,ZCH06HA3,ST12000NM0007,12000138625024,0,82.0,173770632.0,90.0,0.0,100.0,12.0,100.0,0.0,86.0,415643874.0,84.0,14447.0,100.0,0.0,100.0,11.0,,,,,100.0,0.0,100.0,0.0,,,68.0,32.0,,,100.0,189.0,99.0,3685.0,32.0,32.0,100.0,0.0,100.0,0.0,200.0,0.0,100.0,12868.0,100.0,56734243096.0,100.0,108967102832.0
2019-06-26,ZCH06HA3,ST12000NM0007,12000138625024,0,84.0,226216640.0,90.0,0.0,100.0,12.0,100.0,0.0,86.0,418342513.0,84.0,14479.0,100.0,0.0,100.0,11.0,,,,,100.0,0.0,100.0,0.0,,,66.0,34.0,,,100.0,189.0,99.0,3687.0,34.0,34.0,100.0,0.0,100.0,0.0,200.0,0.0,100.0,12899.0,100.0,56805802112.0,100.0,109192130632.0
2019-06-27,ZCH06HA3,ST12000NM0007,12000138625024,0,83.0,204667912.0,90.0,0.0,100.0,12.0,100.0,0.0,86.0,420226450.0,84.0,14495.0,100.0,0.0,100.0,11.0,,,,,100.0,0.0,100.0,0.0,,,67.0,33.0,,,100.0,189.0,99.0,3687.0,33.0,33.0,100.0,0.0,100.0,0.0,200.0,0.0,100.0,12915.0,100.0,56837202168.0,100.0,109383322600.0
2019-06-28,ZCH06HA3,ST12000NM0007,12000138625024,0,82.0,166854864.0,90.0,0.0,100.0,12.0,100.0,0.0,86.0,424510936.0,84.0,14527.0,100.0,0.0,100.0,11.0,,,,,100.0,0.0,100.0,0.0,,,65.0,35.0,,,100.0,191.0,99.0,3689.0,35.0,35.0,100.0,0.0,100.0,0.0,200.0,0.0,100.0,12947.0,100.0,56933147184.0,100.0,109737845904.0
2019-06-29,ZCH06HA3,ST12000NM0007,12000138625024,0,82.0,152461040.0,90.0,0.0,100.0,12.0,100.0,0.0,86.0,426283712.0,84.0,14543.0,100.0,0.0,100.0,11.0,,,,,100.0,0.0,100.0,0.0,,,67.0,33.0,,,100.0,191.0,99.0,3689.0,33.0,33.0,100.0,0.0,100.0,0.0,200.0,0.0,100.0,12963.0,100.0,56976441984.0,100.0,109924297928.0
2019-06-30,ZCH06HA3,ST12000NM0007,12000138625024,0,81.0,120699912.0,90.0,0.0,100.0,12.0,100.0,0.0,86.0,435085927.0,84.0,14575.0,100.0,0.0,100.0,11.0,,,,,100.0,0.0,100.0,0.0,,,63.0,37.0,,,100.0,191.0,99.0,3691.0,37.0,37.0,100.0,0.0,100.0,0.0,200.0,0.0,100.0,12994.0,100.0,57030899848.0,100.0,111791205088.0
2019-07-01,ZCH06HA3,ST12000NM0007,12000138625024,0,84.0,241950992.0,90.0,0.0,100.0,12.0,100.0,0.0,86.0,440410599.0,84.0,14590.0,100.0,0.0,100.0,11.0,,,,,100.0,0.0,100.0,0.0,,,65.0,35.0,,,100.0,191.0,99.0,3691.0,35.0,35.0,100.0,0.0,100.0,0.0,200.0,0.0,100.0,13010.0,100.0,57042082584.0,100.0,112633695616.0
2019-07-02,ZCH06HA3,ST12000NM0007,12000138625024,0,84.0,227930120.0,90.0,0.0,100.0,12.0,100.0,0.0,87.0,451770806.0,84.0,14622.0,100.0,0.0,100.0,11.0,,,,,100.0,0.0,100.0,0.0,,,63.0,37.0,,,100.0,191.0,99.0,3693.0,37.0,37.0,100.0,0.0,100.0,0.0,200.0,0.0,100.0,13042.0,100.0,57069429000.0,100.0,114301313736.0
2019-07-03,ZCH06HA3,ST12000NM0007,12000138625024,0,69.0,8616968.0,90.0,0.0,100.0,12.0,100.0,0.0,87.0,457487092.0,84.0,14638.0,100.0,0.0,100.0,11.0,,,,,100.0,0.0,100.0,0.0,,,65.0,35.0,,,100.0,191.0,99.0,3693.0,35.0,35.0,100.0,0.0,100.0,0.0,200.0,0.0,100.0,13058.0,100.0,57077477712.0,100.0,115050514864.0
2019-07-04,ZCH06HA3,ST12000NM0007,12000138625024,0,81.0,116799832.0,90.0,0.0,100.0,12.0,100.0,0.0,87.0,467401518.0,84.0,14670.0,100.0,0.0,100.0,11.0,,,,,100.0,0.0,100.0,0.0,,,65.0,35.0,,,100.0,191.0,99.0,3695.0,35.0,35.0,100.0,0.0,100.0,0.0,200.0,0.0,100.0,13089.0,100.0,57102254224.0,100.0,116842906072.0
2019-07-05,ZCH06HA3,ST12000NM0007,12000138625024,0,80.0,91628504.0,90.0,0.0,100.0,12.0,100.0,0.0,87.0,469686930.0,84.0,14686.0,100.0,0.0,100.0,11.0,,,,,100.0,0.0,100.0,0.0,,,67.0,33.0,,,100.0,191.0,99.0,3695.0,33.0,33.0,100.0,0.0,100.0,0.0,200.0,0.0,100.0,13105.0,100.0,57128549696.0,100.0,117035580152.0
2019-07-06,ZCH06HA3,ST12000NM0007,12000138625024,0,79.0,74649240.0,90.0,0.0,100.0,12.0,100.0,0.0,87.0,473047704.0,84.0,14717.0,100.0,0.0,100.0,11.0,,,,,100.0,0.0,100.0,0.0,,,65.0,35.0,,,100.0,191.0,99.0,3697.0,35.0,35.0,100.0,0.0,100.0,0.0,200.0,0.0,100.0,13137.0,100.0,57206784088.0,100.0,117428648176.0
2019-07-07,ZCH06HA3,ST12000NM0007,12000138625024,0,77.0,50566776.0,90.0,0.0,100.0,12.0,100.0,0.0,87.0,474790259.0,84.0,14733.0,100.0,0.0,100.0,11.0,,,,,100.0,0.0,100.0,0.0,,,67.0,33.0,,,100.0,191.0,99.0,3697.0,33.0,33.0,100.0,0.0,100.0,0.0,200.0,0.0,100.0,13152.0,100.0,57254426672.0,100.0,117601063816.0
2019-07-08,ZCH06HA3,ST12000NM0007,12000138625024,0,80.0,110738720.0,90.0,0.0,100.0,12.0,100.0,0.0,87.0,478584312.0,84.0,14765.0,100.0,0.0,100.0,11.0,,,,,100.0,0.0,100.0,0.0,,,65.0,35.0,,,100.0,191.0,99.0,3699.0,35.0,35.0,100.0,0.0,100.0,0.0,200.0,0.0,100.0,13184.0,100.0,57342312008.0,100.0,118061632200.0
2019-07-09,ZCH06HA3,ST12000NM0007,12000138625024,0,82.0,171109072.0,90.0,0.0,100.0,12.0,100.0,0.0,87.0,481258408.0,84.0,14781.0,100.0,0.0,100.0,11.0,,,,,100.0,0.0,100.0,0.0,,,67.0,33.0,,,100.0,191.0,99.0,3699.0,33.0,33.0,100.0,0.0,100.0,0.0,200.0,0.0,100.0,13200.0,100.0,57378087792.0,100.0,118330367512.0
2019-07-10,ZCH06HA3,ST12000NM0007,12000138625024,0,82.0,160998864.0,90.0,0.0,100.0,12.0,100.0,0.0,87.0,484840604.0,84.0,14813.0,100.0,0.0,100.0,11.0,,,,,100.0,0.0,100.0,0.0,,,65.0,35.0,,,100.0,191.0,99.0,3701.0,35.0,35.0,100.0,0.0,100.0,0.0,200.0,0.0,100.0,13231.0,100.0,57458595216.0,100.0,118728031280.0
2019-07-11,ZCH06HA3,ST12000NM0007,12000138625024,0,83.0,185785520.0,90.0,0.0,100.0,12.0,100.0,0.0,87.0,490552121.0,84.0,14845.0,100.0,0.0,100.0,11.0,,,,,100.0,0.0,100.0,0.0,,,66.0,34.0,,,100.0,191.0,99.0,3702.0,34.0,34.0,100.0,0.0,100.0,0.0,200.0,0.0,100.0,13263.0,100.0,57535910336.0,100.0,119163784272.0
2019-07-12,ZCH06HA3,ST12000NM0007,12000138625024,0,81.0,138401736.0,90.0,0.0,100.0,12.0,100.0,0.0,87.0,492595435.0,84.0,14860.0,100.0,0.0,100.0,11.0,,,,,100.0,0.0,100.0,0.0,,,64.0,36.0,,,100.0,192.0,99.0,3703.0,36.0,36.0,100.0,0.0,100.0,0.0,200.0,0.0,100.0,13279.0,100.0,57566052328.0,100.0,119330399160.0
2019-07-13,ZCH06HA3,ST12000NM0007,12000138625024,0,80.0,109877712.0,90.0,0.0,100.0,12.0,100.0,0.0,87.0,495790871.0,83.0,14892.0,100.0,0.0,100.0,11.0,,,,,100.0,0.0,100.0,0.0,,,65.0,35.0,,,100.0,193.0,99.0,3704.0,35.0,35.0,100.0,0.0,100.0,0.0,200.0,0.0,100.0,13311.0,100.0,57647728040.0,100.0,119708480968.0
2019-07-14,ZCH06HA3,ST12000NM0007,12000138625024,0,80.0,109550616.0,90.0,0.0,100.0,12.0,100.0,0.0,87.0,497485842.0,83.0,14908.0,100.0,0.0,100.0,11.0,,,,,100.0,0.0,100.0,0.0,,,64.0,36.0,,,100.0,193.0,99.0,3705.0,36.0,36.0,100.0,0.0,100.0,0.0,200.0,0.0,100.0,13326.0,100.0,57682598872.0,100.0,119917424016.0
2019-07-15,ZCH06HA3,ST12000NM0007,12000138625024,0,78.0,67013896.0,90.0,0.0,100.0,12.0,100.0,0.0,87.0,500650587.0,83.0,14940.0,100.0,0.0,100.0,11.0,,,,,100.0,0.0,100.0,0.0,,,65.0,35.0,,,100.0,194.0,99.0,3706.0,35.0,35.0,100.0,0.0,100.0,0.0,200.0,0.0,100.0,13358.0,100.0,57743778040.0,100.0,120301990184.0
2019-07-16,ZCH06HA3,ST12000NM0007,12000138625024,0,81.0,130313616.0,90.0,0.0,100.0,12.0,100.0,0.0,87.0,503649799.0,83.0,14956.0,100.0,0.0,100.0,11.0,,,,,100.0,0.0,100.0,0.0,,,64.0,36.0,,,100.0,194.0,99.0,3707.0,36.0,36.0,100.0,0.0,100.0,0.0,200.0,0.0,100.0,13374.0,100.0,57791337560.0,100.0,120561871488.0
2019-07-17,ZCH06HA3,ST12000NM0007,12000138625024,0,81.0,125780832.0,90.0,0.0,100.0,12.0,100.0,0.0,87.0,505453552.0,83.0,14972.0,100.0,0.0,100.0,11.0,,,,,100.0,0.0,100.0,0.0,,,66.0,34.0,,,100.0,194.0,99.0,3707.0,34.0,34.0,100.0,0.0,100.0,0.0,200.0,0.0,100.0,13390.0,100.0,57832701984.0,100.0,120760115328.0
2019-07-18,ZCH06HA3,ST12000NM0007,12000138625024,0,83.0,204272536.0,90.0,0.0,100.0,12.0,100.0,0.0,87.0,509842787.0,83.0,15003.0,100.0,0.0,100.0,11.0,,,,,100.0,0.0,100.0,0.0,,,65.0,35.0,,,100.0,194.0,99.0,3708.0,35.0,35.0,100.0,0.0,100.0,0.0,200.0,0.0,100.0,13421.0,100.0,57979250008.0,100.0,121180340688.0
2019-07-19,ZCH06HA3,ST12000NM0007,12000138625024,0,83.0,214906528.0,90.0,0.0,100.0,12.0,100.0,0.0,87.0,512777911.0,83.0,15020.0,100.0,0.0,100.0,11.0,,,,,100.0,0.0,100.0,0.0,,,67.0,33.0,,,100.0,195.0,99.0,3709.0,33.0,33.0,100.0,0.0,100.0,0.0,200.0,0.0,100.0,13438.0,100.0,58021901968.0,100.0,121392463656.0
2019-07-20,ZCH06HA3,ST12000NM0007,12000138625024,0,73.0,20618312.0,90.0,0.0,100.0,12.0,100.0,0.0,87.0,517922878.0,83.0,15052.0,100.0,0.0,100.0,11.0,,,,,100.0,0.0,100.0,0.0,,,65.0,35.0,,,100.0,195.0,99.0,3710.0,35.0,35.0,100.0,0.0,100.0,0.0,200.0,0.0,100.0,13470.0,100.0,58102843008.0,100.0,121849656864.0
2019-07-21,ZCH06HA3,ST12000NM0007,12000138625024,0,69.0,7530328.0,90.0,0.0,100.0,12.0,100.0,0.0,87.0,519516066.0,83.0,15068.0,100.0,0.0,100.0,11.0,,,,,100.0,0.0,100.0,0.0,,,67.0,33.0,,,100.0,195.0,99.0,3711.0,33.0,33.0,100.0,0.0,100.0,0.0,200.0,0.0,100.0,13486.0,100.0,58135484656.0,100.0,122048067920.0
2019-07-22,ZCH06HA3,ST12000NM0007,12000138625024,0,83.0,214201008.0,90.0,0.0,100.0,12.0,100.0,0.0,87.0,522592258.0,83.0,15100.0,100.0,0.0,100.0,11.0,,,,,100.0,0.0,100.0,0.0,,,65.0,35.0,,,100.0,196.0,99.0,3713.0,35.0,35.0,100.0,0.0,100.0,0.0,200.0,0.0,100.0,13517.0,100.0,58204334856.0,100.0,122430029048.0
2019-07-23,ZCH06HA3,ST12000NM0007,12000138625024,0,83.0,223852672.0,90.0,0.0,100.0,12.0,100.0,0.0,87.0,527210576.0,83.0,15132.0,100.0,0.0,100.0,11.0,,,,,100.0,0.0,100.0,0.0,,,66.0,34.0,,,100.0,196.0,99.0,3715.0,34.0,34.0,100.0,0.0,100.0,0.0,200.0,0.0,100.0,13548.0,100.0,58295187416.0,100.0,122837109624.0
2019-07-24,ZCH06HA3,ST12000NM0007,12000138625024,0,83.0,210720952.0,90.0,0.0,100.0,12.0,100.0,0.0,87.0,529068462.0,83.0,15148.0,100.0,0.0,100.0,11.0,,,,,100.0,0.0,100.0,0.0,,,65.0,35.0,,,100.0,196.0,99.0,3715.0,35.0,35.0,100.0,0.0,100.0,0.0,200.0,0.0,100.0,13564.0,100.0,58325785760.0,100.0,123037520400.0
2019-07-25,ZCH06HA3,ST12000NM0007,12000138625024,0,82.0,175968504.0,90.0,0.0,100.0,12.0,100.0,0.0,87.0,530555900.0,83.0,15163.0,100.0,0.0,100.0,11.0,,,,,100.0,0.0,100.0,0.0,,,66.0,34.0,,,100.0,196.0,99.0,3716.0,34.0,34.0,100.0,0.0,100.0,0.0,200.0,0.0,100.0,13580.0,100.0,58355605408.0,100.0,123217089080.0
2019-07-26,ZCH06HA3,ST12000NM0007,12000138625024,0,80.0,110586576.0,90.0,0.0,100.0,12.0,100.0,0.0,87.0,534730402.0,83.0,15195.0,100.0,0.0,100.0,11.0,,,,,100.0,0.0,100.0,0.0,,,65.0,35.0,,,100.0,196.0,99.0,3717.0,35.0,35.0,100.0,0.0,100.0,0.0,200.0,0.0,100.0,13612.0,100.0,58433882992.0,100.0,123561711568.0
2019-07-27,ZCH06HA3,ST12000NM0007,12000138625024,0,77.0,55533696.0,90.0,0.0,100.0,12.0,100.0,0.0,87.0,535892382.0,83.0,15211.0,100.0,0.0,100.0,11.0,,,,,100.0,0.0,100.0,0.0,,,67.0,33.0,,,100.0,196.0,99.0,3718.0,33.0,33.0,100.0,0.0,100.0,0.0,200.0,0.0,100.0,13628.0,100.0,58447333416.0,100.0,123737348920.0
2019-07-28,ZCH06HA3,ST12000NM0007,12000138625024,0,83.0,188784704.0,90.0,0.0,100.0,12.0,100.0,0.0,87.0,538148539.0,83.0,15244.0,100.0,0.0,100.0,11.0,,,,,100.0,0.0,100.0,0.0,,,64.0,36.0,,,100.0,196.0,99.0,3719.0,36.0,36.0,100.0,0.0,100.0,0.0,200.0,0.0,100.0,13660.0,100.0,58458497304.0,100.0,124103576960.0
2019-07-29,ZCH06HA3,ST12000NM0007,12000138625024,0,81.0,129095632.0,90.0,0.0,100.0,12.0,100.0,0.0,87.0,539353237.0,83.0,15260.0,100.0,0.0,100.0,11.0,,,,,100.0,0.0,100.0,0.0,,,66.0,34.0,,,100.0,196.0,99.0,3720.0,34.0,34.0,100.0,0.0,100.0,0.0,200.0,0.0,100.0,13676.0,100.0,58464430168.0,100.0,124282095752.0
2019-07-30,ZCH06HA3,ST12000NM0007,12000138625024,0,82.0,143689760.0,90.0,0.0,100.0,12.0,100.0,0.0,87.0,543145834.0,83.0,15292.0,100.0,0.0,100.0,11.0,,,,,100.0,0.0,100.0,0.0,,,65.0,35.0,,,100.0,196.0,99.0,3721.0,35.0,35.0,100.0,0.0,100.0,0.0,200.0,0.0,100.0,13708.0,100.0,58484661128.0,100.0,124764740768.0
2019-07-31,ZCH06HA3,ST12000NM0007,12000138625024,0,80.0,102782576.0,90.0,0.0,100.0,12.0,100.0,0.0,87.0,544288637.0,83.0,15308.0,100.0,0.0,100.0,11.0,,,,,100.0,0.0,100.0,0.0,,,67.0,33.0,,,100.0,197.0,99.0,3722.0,33.0,33.0,100.0,0.0,100.0,0.0,200.0,0.0,100.0,13724.0,100.0,58490687760.0,100.0,124961947784.0
2019-08-01,ZCH06HA3,ST12000NM0007,12000138625024,0,82.0,168549864.0,90.0,0.0,100.0,12.0,100.0,0.0,87.0,546420674.0,83.0,15340.0,100.0,0.0,100.0,11.0,,,,,100.0,0.0,100.0,0.0,,,67.0,33.0,,,100.0,197.0,99.0,3724.0,33.0,33.0,100.0,0.0,100.0,0.0,200.0,0.0,100.0,13755.0,100.0,58504710912.0,100.0,125257832616.0
2019-08-02,ZCH06HA3,ST12000NM0007,12000138625024,0,76.0,37720840.0,90.0,0.0,100.0,12.0,100.0,0.0,87.0,548387639.0,83.0,15357.0,100.0,0.0,100.0,11.0,,,,,100.0,0.0,100.0,0.0,,,67.0,33.0,,,100.0,198.0,99.0,3725.0,33.0,33.0,100.0,0.0,100.0,0.0,200.0,0.0,100.0,13772.0,100.0,58516342344.0,100.0,125359512872.0
2019-08-03,ZCH06HA3,ST12000NM0007,12000138625024,0,83.0,203073872.0,90.0,0.0,100.0,12.0,100.0,0.0,87.0,550843797.0,83.0,15391.0,100.0,0.0,100.0,11.0,,,,,100.0,0.0,100.0,0.0,,,64.0,36.0,,,100.0,199.0,99.0,3726.0,36.0,36.0,100.0,0.0,100.0,0.0,200.0,0.0,100.0,13807.0,100.0,58533021640.0,100.0,125752327240.0
2019-08-04,ZCH06HA3,ST12000NM0007,12000138625024,0,81.0,120998160.0,90.0,0.0,100.0,12.0,100.0,0.0,87.0,551933753.0,83.0,15407.0,100.0,0.0,100.0,11.0,,,,,100.0,0.0,100.0,0.0,,,66.0,34.0,,,100.0,199.0,99.0,3727.0,34.0,34.0,100.0,0.0,100.0,0.0,200.0,0.0,100.0,13823.0,100.0,58540122064.0,100.0,125907291792.0
2019-08-05,ZCH06HA3,ST12000NM0007,12000138625024,0,81.0,115396480.0,90.0,0.0,100.0,12.0,100.0,0.0,87.0,553392740.0,83.0,15424.0,100.0,0.0,100.0,11.0,,,,,100.0,0.0,100.0,0.0,,,67.0,33.0,,,100.0,199.0,99.0,3728.0,33.0,33.0,100.0,0.0,100.0,0.0,200.0,0.0,100.0,13840.0,100.0,58547599192.0,100.0,126138353704.0
2019-08-06,ZCH06HA3,ST12000NM0007,12000138625024,0,84.0,241253384.0,90.0,0.0,100.0,12.0,100.0,0.0,87.0,556062780.0,83.0,15456.0,100.0,0.0,100.0,11.0,,,,,100.0,0.0,100.0,0.0,,,65.0,35.0,,,100.0,199.0,99.0,3729.0,35.0,35.0,100.0,0.0,100.0,0.0,200.0,0.0,100.0,13871.0,100.0,58564753416.0,100.0,126491197016.0
2019-08-07,ZCH06HA3,ST12000NM0007,12000138625024,0,84.0,234792416.0,90.0,0.0,100.0,12.0,100.0,0.0,87.0,559943022.0,83.0,15488.0,100.0,0.0,100.0,11.0,,,,,100.0,0.0,100.0,0.0,,,66.0,34.0,,,100.0,199.0,99.0,3730.0,34.0,34.0,100.0,0.0,100.0,0.0,200.0,0.0,100.0,13903.0,100.0,58580643952.0,100.0,126957126880.0
2019-08-08,ZCH06HA3,ST12000NM0007,12000138625024,0,83.0,203630968.0,90.0,0.0,100.0,12.0,100.0,0.0,87.0,561372449.0,83.0,15504.0,100.0,0.0,100.0,11.0,,,,,100.0,0.0,100.0,0.0,,,67.0,33.0,,,100.0,200.0,99.0,3731.0,33.0,33.0,100.0,0.0,100.0,0.0,200.0,0.0,100.0,13919.0,100.0,58587555768.0,100.0,127163194248.0
2019-08-09,ZCH06HA3,ST12000NM0007,12000138625024,0,74.0,27640360.0,90.0,0.0,100.0,12.0,100.0,0.0,88.0,566555219.0,83.0,15535.0,100.0,0.0,100.0,11.0,,,,,100.0,0.0,100.0,0.0,,,66.0,34.0,,,100.0,200.0,99.0,3732.0,34.0,34.0,100.0,0.0,100.0,0.0,200.0,0.0,100.0,13950.0,100.0,58606873376.0,100.0,127456167832.0
2019-08-10,ZCH06HA3,ST12000NM0007,12000138625024,0,82.0,144139016.0,90.0,0.0,100.0,12.0,100.0,0.0,88.0,567644454.0,83.0,15551.0,100.0,0.0,100.0,11.0,,,,,100.0,0.0,100.0,0.0,,,68.0,32.0,,,100.0,201.0,99.0,3733.0,32.0,32.0,100.0,0.0,100.0,0.0,200.0,0.0,100.0,13966.0,100.0,58614167328.0,100.0,127565372536.0
2019-08-11,ZCH06HA3,ST12000NM0007,12000138625024,0,77.0,46224120.0,90.0,0.0,100.0,12.0,100.0,0.0,88.0,568902110.0,83.0,15583.0,100.0,0.0,100.0,11.0,,,,,100.0,0.0,100.0,0.0,,,67.0,33.0,,,100.0,201.0,99.0,3734.0,33.0,33.0,100.0,0.0,100.0,0.0,200.0,0.0,100.0,13998.0,100.0,58619618384.0,100.0,127706147496.0
2019-08-12,ZCH06HA3,ST12000NM0007,12000138625024,0,77.0,55785152.0,90.0,0.0,100.0,12.0,100.0,0.0,88.0,569053424.0,83.0,15599.0,100.0,0.0,100.0,11.0,,,,,100.0,0.0,100.0,0.0,,,68.0,32.0,,,100.0,202.0,99.0,3735.0,32.0,32.0,100.0,0.0,100.0,0.0,200.0,0.0,100.0,14014.0,100.0,58620058984.0,100.0,127715267928.0
2019-08-13,ZCH06HA3,ST12000NM0007,12000138625024,0,79.0,85666128.0,90.0,0.0,100.0,12.0,100.0,0.0,88.0,569483826.0,83.0,15631.0,100.0,0.0,100.0,11.0,,,,,100.0,0.0,100.0,0.0,,,67.0,33.0,,,100.0,203.0,99.0,3736.0,33.0,33.0,100.0,0.0,100.0,0.0,200.0,0.0,100.0,14046.0,100.0,58621117896.0,100.0,127744089992.0
2019-08-14,ZCH06HA3,ST12000NM0007,12000138625024,0,80.0,90243448.0,90.0,0.0,100.0,12.0,100.0,0.0,88.0,569577516.0,83.0,15647.0,100.0,0.0,100.0,11.0,,,,,100.0,0.0,100.0,0.0,,,68.0,32.0,,,100.0,204.0,99.0,3737.0,32.0,32.0,100.0,0.0,100.0,0.0,200.0,0.0,100.0,14062.0,100.0,58621473536.0,100.0,127748311672.0
2019-08-15,ZCH06HA3,ST12000NM0007,12000138625024,0,80.0,99139088.0,90.0,0.0,100.0,12.0,100.0,0.0,88.0,569728431.0,83.0,15663.0,100.0,0.0,100.0,11.0,,,,,100.0,0.0,100.0,0.0,,,68.0,32.0,,,100.0,205.0,99.0,3738.0,32.0,32.0,100.0,0.0,100.0,0.0,200.0,0.0,100.0,14077.0,100.0,58622233784.0,100.0,127756447064.0
2019-08-16,ZCH06HA3,ST12000NM0007,12000138625024,0,82.0,163037312.0,90.0,0.0,100.0,12.0,100.0,0.0,88.0,571114958.0,83.0,15695.0,100.0,0.0,100.0,11.0,,,,,100.0,0.0,100.0,0.0,,,68.0,32.0,,,100.0,206.0,99.0,3739.0,32.0,32.0,100.0,0.0,100.0,0.0,200.0,0.0,100.0,14109.0,100.0,58634607552.0,100.0,127807971520.0
2019-08-17,ZCH06HA3,ST12000NM0007,12000138625024,0,81.0,129236208.0,90.0,0.0,100.0,12.0,100.0,0.0,88.0,574207150.0,83.0,15727.0,100.0,0.0,100.0,11.0,,,,,100.0,0.0,100.0,0.0,,,69.0,31.0,,,100.0,206.0,99.0,3740.0,31.0,31.0,100.0,0.0,100.0,0.0,200.0,0.0,100.0,14141.0,100.0,58653980200.0,100.0,127998938400.0
2019-08-18,ZCH06HA3,ST12000NM0007,12000138625024,0,83.0,206058056.0,90.0,0.0,100.0,12.0,100.0,0.0,88.0,575113975.0,83.0,15743.0,100.0,0.0,100.0,11.0,,,,,100.0,0.0,100.0,0.0,,,66.0,34.0,,,100.0,207.0,99.0,3741.0,34.0,34.0,100.0,0.0,100.0,0.0,200.0,0.0,100.0,14157.0,100.0,58660753816.0,100.0,128068986632.0
2019-08-19,ZCH06HA3,ST12000NM0007,12000138625024,0,82.0,159027368.0,90.0,0.0,100.0,12.0,100.0,0.0,88.0,577164160.0,82.0,15775.0,100.0,0.0,100.0,11.0,,,,,100.0,0.0,100.0,0.0,,,64.0,36.0,,,100.0,207.0,99.0,3742.0,36.0,36.0,100.0,0.0,100.0,0.0,200.0,0.0,100.0,14189.0,100.0,58675296072.0,100.0,128251554368.0
2019-08-20,ZCH06HA3,ST12000NM0007,12000138625024,0,79.0,86441880.0,90.0,0.0,100.0,12.0,100.0,0.0,88.0,578919691.0,82.0,15790.0,100.0,0.0,100.0,11.0,,,,,100.0,0.0,100.0,0.0,,,65.0,35.0,,,100.0,207.0,99.0,3743.0,35.0,35.0,100.0,0.0,100.0,0.0,200.0,0.0,100.0,14204.0,100.0,58694642136.0,100.0,128403763512.0
2019-08-21,ZCH06HA3,ST12000NM0007,12000138625024,0,82.0,144422544.0,90.0,0.0,100.0,12.0,100.0,0.0,88.0,584101159.0,82.0,15823.0,100.0,0.0,100.0,11.0,,,,,100.0,0.0,100.0,0.0,,,63.0,37.0,,,100.0,208.0,99.0,3744.0,37.0,37.0,100.0,0.0,100.0,0.0,200.0,0.0,100.0,14237.0,100.0,58710733808.0,100.0,128689793136.0
2019-08-22,ZCH06HA3,ST12000NM0007,12000138625024,0,72.0,14370000.0,90.0,0.0,100.0,12.0,100.0,0.0,88.0,585224242.0,82.0,15839.0,100.0,0.0,100.0,11.0,,,,,100.0,0.0,100.0,0.0,,,65.0,35.0,,,100.0,208.0,99.0,3745.0,35.0,35.0,100.0,0.0,100.0,0.0,200.0,0.0,100.0,14253.0,100.0,58718440688.0,100.0,128796174504.0
2019-08-23,ZCH06HA3,ST12000NM0007,12000138625024,0,74.0,27251400.0,90.0,0.0,100.0,12.0,100.0,0.0,88.0,587548287.0,82.0,15871.0,100.0,0.0,100.0,11.0,,,,,100.0,0.0,100.0,0.0,,,63.0,37.0,,,100.0,209.0,99.0,3746.0,37.0,37.0,100.0,0.0,100.0,0.0,200.0,0.0,100.0,14285.0,100.0,58735968160.0,100.0,129035669200.0
2019-08-24,ZCH06HA3,ST12000NM0007,12000138625024,0,81.0,139006616.0,90.0,0.0,100.0,12.0,100.0,0.0,88.0,588628507.0,82.0,15887.0,100.0,0.0,100.0,11.0,,,,,100.0,0.0,100.0,0.0,,,65.0,35.0,,,100.0,209.0,99.0,3747.0,35.0,35.0,100.0,0.0,100.0,0.0,200.0,0.0,100.0,14301.0,100.0,58743221368.0,100.0,129140171208.0
2019-08-25,ZCH06HA3,ST12000NM0007,12000138625024,0,80.0,101348744.0,90.0,0.0,100.0,12.0,100.0,0.0,88.0,590721839.0,82.0,15919.0,100.0,0.0,100.0,11.0,,,,,100.0,0.0,100.0,0.0,,,64.0,36.0,,,100.0,210.0,99.0,3748.0,36.0,36.0,100.0,0.0,100.0,0.0,200.0,0.0,100.0,14332.0,100.0,58756869112.0,100.0,129333006248.0
2019-08-26,ZCH06HA3,ST12000NM0007,12000138625024,0,77.0,55434048.0,90.0,0.0,100.0,12.0,100.0,0.0,88.0,595453077.0,82.0,15966.0,100.0,0.0,100.0,11.0,,,,,100.0,0.0,100.0,0.0,,,59.0,41.0,,,100.0,211.0,99.0,3750.0,41.0,41.0,100.0,0.0,100.0,0.0,200.0,0.0,100.0,14380.0,100.0,58786328360.0,100.0,129745913672.0
2019-08-27,ZCH06HA3,ST12000NM0007,12000138625024,0,77.0,55434048.0,90.0,0.0,100.0,12.0,100.0,0.0,88.0,595453077.0,82.0,15966.0,100.0,0.0,100.0,11.0,,,,,100.0,0.0,100.0,0.0,,,59.0,41.0,,,100.0,211.0,99.0,3750.0,41.0,41.0,100.0,0.0,100.0,0.0,200.0,0.0,100.0,14380.0,100.0,58786328360.0,100.0,129745913672.0
2019-08-28,ZCH06HA3,ST12000NM0007,12000138625024,0,83.0,182621048.0,90.0,0.0,100.0,12.0,100.0,0.0,88.0,596642369.0,82.0,15982.0,100.0,0.0,100.0,11.0,,,,,100.0,0.0,100.0,0.0,,,60.0,40.0,,,100.0,211.0,99.0,3751.0,40.0,40.0,100.0,0.0,100.0,0.0,200.0,0.0,100.0,14395.0,100.0,58793840032.0,100.0,129865589000.0
2019-08-29,ZCH06HA3,ST12000NM0007,12000138625024,0,83.0,191183904.0,90.0,0.0,100.0,12.0,100.0,0.0,88.0,599441047.0,82.0,16014.0,100.0,0.0,100.0,11.0,,,,,100.0,0.0,100.0,0.0,,,62.0,38.0,,,100.0,212.0,99.0,3752.0,38.0,38.0,100.0,0.0,100.0,0.0,200.0,0.0,100.0,14427.0,100.0,58817197752.0,100.0,130094934768.0
2019-08-30,ZCH06HA3,ST12000NM0007,12000138625024,0,76.0,42894136.0,90.0,0.0,100.0,12.0,100.0,0.0,88.0,600918310.0,82.0,16030.0,100.0,0.0,100.0,11.0,,,,,100.0,0.0,100.0,0.0,,,65.0,35.0,,,100.0,213.0,99.0,3753.0,35.0,35.0,100.0,0.0,100.0,0.0,200.0,0.0,100.0,14443.0,100.0,58824666856.0,100.0,130183316744.0
2019-08-31,ZCH06HA3,ST12000NM0007,12000138625024,0,76.0,41415920.0,90.0,0.0,100.0,12.0,100.0,0.0,88.0,603271655.0,82.0,16062.0,100.0,0.0,100.0,11.0,,,,,100.0,0.0,100.0,0.0,,,63.0,37.0,,,100.0,214.0,99.0,3754.0,37.0,37.0,100.0,0.0,100.0,0.0,200.0,0.0,100.0,14474.0,100.0,58839672224.0,100.0,130410974096.0
2019-09-01,ZCH06HA3,ST12000NM0007,12000138625024,0,83.0,188526952.0,90.0,0.0,100.0,12.0,100.0,0.0,88.0,604544939.0,82.0,16078.0,100.0,0.0,100.0,11.0,,,,,100.0,0.0,100.0,0.0,,,65.0,35.0,,,100.0,215.0,99.0,3755.0,35.0,35.0,100.0,0.0,100.0,0.0,200.0,0.0,100.0,14490.0,100.0,58847733160.0,100.0,130550024192.0
2019-09-02,ZCH06HA3,ST12000NM0007,12000138625024,0,83.0,203328112.0,90.0,0.0,100.0,12.0,100.0,0.0,88.0,606870527.0,82.0,16109.0,100.0,0.0,100.0,11.0,,,,,100.0,0.0,100.0,0.0,,,63.0,37.0,,,100.0,216.0,99.0,3756.0,37.0,37.0,100.0,0.0,100.0,0.0,200.0,0.0,100.0,14522.0,100.0,58864048496.0,100.0,130792650648.0
2019-09-03,ZCH06HA3,ST12000NM0007,12000138625024,0,81.0,135997960.0,90.0,0.0,100.0,12.0,100.0,0.0,88.0,608287747.0,82.0,16125.0,100.0,0.0,100.0,11.0,,,,,100.0,0.0,100.0,0.0,,,65.0,35.0,,,100.0,216.0,99.0,3757.0,35.0,35.0,100.0,0.0,100.0,0.0,200.0,0.0,100.0,14538.0,100.0,58876986912.0,100.0,130956522792.0
2019-09-04,ZCH06HA3,ST12000NM0007,12000138625024,0,83.0,210833040.0,90.0,0.0,100.0,12.0,100.0,0.0,88.0,613798885.0,82.0,16157.0,100.0,0.0,100.0,11.0,,,,,100.0,0.0,100.0,0.0,,,63.0,37.0,,,100.0,216.0,99.0,3758.0,37.0,37.0,100.0,0.0,100.0,0.0,200.0,0.0,100.0,14569.0,100.0,58901570320.0,100.0,131250915176.0
2019-09-05,ZCH06HA3,ST12000NM0007,12000138625024,0,83.0,193775216.0,90.0,0.0,100.0,12.0,100.0,0.0,88.0,616420386.0,82.0,16189.0,100.0,0.0,100.0,11.0,,,,,100.0,0.0,100.0,0.0,,,64.0,36.0,,,100.0,218.0,99.0,3760.0,36.0,36.0,100.0,0.0,100.0,0.0,200.0,0.0,100.0,14601.0,100.0,58924742624.0,100.0,131454826024.0
2019-09-06,ZCH06HA3,ST12000NM0007,12000138625024,0,79.0,75694936.0,90.0,0.0,100.0,12.0,100.0,0.0,88.0,617550244.0,82.0,16205.0,100.0,0.0,100.0,11.0,,,,,100.0,0.0,100.0,0.0,,,63.0,37.0,,,100.0,218.0,99.0,3760.0,37.0,37.0,100.0,0.0,100.0,0.0,200.0,0.0,100.0,14617.0,100.0,58932091904.0,100.0,131573537112.0
2019-09-07,ZCH06HA3,ST12000NM0007,12000138625024,0,77.0,50338520.0,90.0,0.0,100.0,12.0,100.0,0.0,88.0,619604418.0,82.0,16237.0,100.0,0.0,100.0,11.0,,,,,100.0,0.0,100.0,0.0,,,64.0,36.0,,,100.0,220.0,99.0,3762.0,36.0,36.0,100.0,0.0,100.0,0.0,200.0,0.0,100.0,14648.0,100.0,58946319616.0,100.0,131778093640.0
2019-09-08,ZCH06HA3,ST12000NM0007,12000138625024,0,82.0,152118784.0,90.0,0.0,100.0,12.0,100.0,0.0,88.0,620441522.0,82.0,16253.0,100.0,0.0,100.0,11.0,,,,,100.0,0.0,100.0,0.0,,,63.0,37.0,,,100.0,220.0,99.0,3762.0,37.0,37.0,100.0,0.0,100.0,0.0,200.0,0.0,100.0,14664.0,100.0,58949633648.0,100.0,131876559872.0
2019-09-09,ZCH06HA3,ST12000NM0007,12000138625024,0,81.0,117349920.0,90.0,0.0,100.0,12.0,100.0,0.0,88.0,622514842.0,82.0,16284.0,100.0,0.0,100.0,11.0,,,,,100.0,0.0,100.0,0.0,,,65.0,35.0,,,100.0,222.0,99.0,3764.0,35.0,35.0,100.0,0.0,100.0,0.0,200.0,0.0,100.0,14696.0,100.0,58965862416.0,100.0,132069702872.0
2019-09-10,ZCH06HA3,ST12000NM0007,12000138625024,0,78.0,65621264.0,90.0,0.0,100.0,12.0,100.0,0.0,88.0,624672327.0,82.0,16300.0,100.0,0.0,100.0,11.0,,,,,100.0,0.0,100.0,0.0,,,65.0,35.0,,,100.0,222.0,99.0,3764.0,35.0,35.0,100.0,0.0,100.0,0.0,200.0,0.0,100.0,14712.0,100.0,58979090016.0,100.0,132248887752.0
2019-09-11,ZCH06HA3,ST12000NM0007,12000138625024,0,84.0,229998408.0,90.0,0.0,100.0,12.0,100.0,0.0,88.0,626042947.0,82.0,16332.0,100.0,0.0,100.0,11.0,,,,,100.0,0.0,100.0,0.0,,,65.0,35.0,,,100.0,223.0,99.0,3766.0,35.0,35.0,100.0,0.0,100.0,0.0,200.0,0.0,100.0,14743.0,100.0,58984907000.0,100.0,132407447912.0
2019-09-12,ZCH06HA3,ST12000NM0007,12000138625024,0,80.0,102017312.0,90.0,0.0,100.0,12.0,100.0,0.0,88.0,626899439.0,82.0,16348.0,100.0,0.0,100.0,11.0,,,,,100.0,0.0,100.0,0.0,,,65.0,35.0,,,100.0,223.0,99.0,3766.0,35.0,35.0,100.0,0.0,100.0,0.0,200.0,0.0,100.0,14759.0,100.0,58991372672.0,100.0,132517141872.0
2019-09-13,ZCH06HA3,ST12000NM0007,12000138625024,0,84.0,227175536.0,90.0,0.0,100.0,12.0,100.0,0.0,88.0,628714633.0,82.0,16364.0,100.0,0.0,100.0,11.0,,,,,100.0,0.0,100.0,0.0,,,66.0,34.0,,,100.0,224.0,99.0,3767.0,34.0,34.0,100.0,0.0,100.0,0.0,200.0,0.0,100.0,14775.0,100.0,59000665520.0,100.0,132633007248.0
2019-09-14,ZCH06HA3,ST12000NM0007,12000138625024,0,83.0,202422184.0,90.0,0.0,100.0,12.0,100.0,0.0,88.0,630631616.0,82.0,16395.0,100.0,0.0,100.0,11.0,,,,,100.0,0.0,100.0,0.0,,,64.0,36.0,,,100.0,224.0,99.0,3768.0,36.0,36.0,100.0,0.0,100.0,0.0,200.0,0.0,100.0,14806.0,100.0,59011870992.0,100.0,132841189192.0
2019-09-15,ZCH06HA3,ST12000NM0007,12000138625024,0,79.0,77080328.0,90.0,0.0,100.0,12.0,100.0,0.0,88.0,631521618.0,82.0,16411.0,100.0,0.0,100.0,11.0,,,,,100.0,0.0,100.0,0.0,,,66.0,34.0,,,100.0,225.0,99.0,3769.0,34.0,34.0,100.0,0.0,100.0,0.0,200.0,0.0,100.0,14822.0,100.0,59014862136.0,100.0,132956996824.0
2019-09-16,ZCH06HA3,ST12000NM0007,12000138625024,0,80.0,110936336.0,90.0,0.0,100.0,12.0,100.0,0.0,88.0,635186131.0,82.0,16443.0,100.0,0.0,100.0,11.0,,,,,100.0,0.0,100.0,0.0,,,65.0,35.0,,,100.0,226.0,99.0,3770.0,35.0,35.0,100.0,0.0,100.0,0.0,200.0,0.0,100.0,14854.0,100.0,59032626016.0,100.0,133217229584.0
2019-09-17,ZCH06HA3,ST12000NM0007,12000138625024,0,74.0,22588152.0,90.0,0.0,100.0,12.0,100.0,0.0,88.0,637002273.0,82.0,16459.0,100.0,0.0,100.0,11.0,,,,,100.0,0.0,100.0,0.0,,,65.0,35.0,,,100.0,227.0,99.0,3771.0,35.0,35.0,100.0,0.0,100.0,0.0,200.0,0.0,100.0,14869.0,100.0,59036873032.0,100.0,133368775016.0
2019-09-18,ZCH06HA3,ST12000NM0007,12000138625024,0,84.0,236803888.0,90.0,0.0,100.0,12.0,100.0,0.0,88.0,638681723.0,82.0,16491.0,100.0,0.0,100.0,11.0,,,,,100.0,0.0,100.0,0.0,,,65.0,35.0,,,100.0,228.0,99.0,3772.0,35.0,35.0,100.0,0.0,100.0,0.0,200.0,0.0,100.0,14901.0,100.0,59043399320.0,100.0,133576464464.0
2019-09-19,ZCH06HA3,ST12000NM0007,12000138625024,0,83.0,192133976.0,90.0,0.0,100.0,12.0,100.0,0.0,88.0,640922216.0,82.0,16522.0,100.0,0.0,100.0,11.0,,,,,100.0,0.0,100.0,0.0,,,65.0,35.0,,,100.0,229.0,99.0,3773.0,35.0,35.0,100.0,0.0,100.0,0.0,200.0,0.0,100.0,14933.0,100.0,59054386832.0,100.0,133764947744.0
2019-09-20,ZCH06HA3,ST12000NM0007,12000138625024,0,76.0,39203960.0,90.0,0.0,100.0,12.0,100.0,0.0,88.0,641616761.0,82.0,16538.0,100.0,0.0,100.0,11.0,,,,,100.0,0.0,100.0,0.0,,,65.0,35.0,,,100.0,230.0,99.0,3774.0,35.0,35.0,100.0,0.0,100.0,0.0,200.0,0.0,100.0,14948.0,100.0,59056661176.0,100.0,133853884056.0
2019-09-21,ZCH06HA3,ST12000NM0007,12000138625024,0,74.0,25004416.0,90.0,0.0,100.0,12.0,100.0,0.0,88.0,643427385.0,82.0,16570.0,100.0,0.0,100.0,11.0,,,,,100.0,0.0,100.0,0.0,,,65.0,35.0,,,100.0,230.0,99.0,3775.0,35.0,35.0,100.0,0.0,100.0,0.0,200.0,0.0,100.0,14980.0,100.0,59066879008.0,100.0,134073607384.0
2019-09-22,ZCH06HA3,ST12000NM0007,12000138625024,0,81.0,135701000.0,90.0,0.0,100.0,12.0,100.0,0.0,88.0,644300097.0,82.0,16586.0,100.0,0.0,100.0,11.0,,,,,100.0,0.0,100.0,0.0,,,66.0,34.0,,,100.0,230.0,99.0,3776.0,34.0,34.0,100.0,0.0,100.0,0.0,200.0,0.0,100.0,14996.0,100.0,59069671072.0,100.0,134181511904.0
2019-09-23,ZCH06HA3,ST12000NM0007,12000138625024,0,80.0,108232056.0,90.0,0.0,100.0,12.0,100.0,0.0,88.0,645929457.0,82.0,16618.0,100.0,0.0,100.0,11.0,,,,,100.0,0.0,100.0,0.0,,,66.0,34.0,,,100.0,231.0,99.0,3777.0,34.0,34.0,100.0,0.0,100.0,0.0,200.0,0.0,100.0,15028.0,100.0,59076760800.0,100.0,134391094016.0
2019-09-24,ZCH06HA3,ST12000NM0007,12000138625024,0,77.0,48873232.0,90.0,0.0,100.0,12.0,100.0,0.0,88.0,647829878.0,82.0,16634.0,100.0,0.0,100.0,11.0,,,,,100.0,0.0,100.0,0.0,,,65.0,35.0,,,100.0,232.0,99.0,3778.0,35.0,35.0,100.0,0.0,100.0,0.0,200.0,0.0,100.0,15043.0,100.0,59086104744.0,100.0,134566532120.0
2019-09-25,ZCH06HA3,ST12000NM0007,12000138625024,0,67.0,5024136.0,90.0,0.0,100.0,12.0,100.0,0.0,88.0,649167465.0,81.0,16665.0,100.0,0.0,100.0,11.0,,,,,100.0,0.0,100.0,0.0,,,65.0,35.0,,,100.0,233.0,99.0,3780.0,35.0,35.0,100.0,0.0,100.0,0.0,200.0,0.0,100.0,15075.0,100.0,59089578008.0,100.0,134763350424.0
2019-09-26,ZCH06HA3,ST12000NM0007,12000138625024,0,82.0,156196016.0,90.0,0.0,100.0,12.0,100.0,0.0,88.0,651160645.0,81.0,16687.0,100.0,0.0,100.0,11.0,,,,,100.0,0.0,100.0,0.0,,,65.0,35.0,,,100.0,233.0,99.0,3781.0,35.0,35.0,100.0,0.0,100.0,0.0,200.0,0.0,100.0,15096.0,100.0,59100917560.0,100.0,134903182752.0
2019-09-27,ZCH06HA3,ST12000NM0007,12000138625024,0,70.0,11055072.0,90.0,0.0,100.0,12.0,100.0,0.0,88.0,651968203.0,81.0,16702.0,100.0,0.0,100.0,11.0,,,,,100.0,0.0,100.0,0.0,,,66.0,34.0,,,100.0,233.0,99.0,3781.0,34.0,34.0,100.0,0.0,100.0,0.0,200.0,0.0,100.0,15112.0,100.0,59104405720.0,100.0,134998694488.0
2019-09-28,ZCH06HA3,ST12000NM0007,12000138625024,0,76.0,39694120.0,90.0,0.0,100.0,12.0,100.0,0.0,88.0,654229489.0,81.0,16734.0,100.0,0.0,100.0,11.0,,,,,100.0,0.0,100.0,0.0,,,64.0,36.0,,,100.0,234.0,99.0,3782.0,36.0,36.0,100.0,0.0,100.0,0.0,200.0,0.0,100.0,15143.0,100.0,59127030640.0,100.0,135248849304.0
2019-09-29,ZCH06HA3,ST12000NM0007,12000138625024,0,84.0,232836288.0,90.0,0.0,100.0,12.0,100.0,0.0,88.0,656933203.0,81.0,16750.0,100.0,0.0,100.0,11.0,,,,,100.0,0.0,100.0,0.0,,,66.0,34.0,,,100.0,234.0,99.0,3783.0,34.0,34.0,100.0,0.0,100.0,0.0,200.0,0.0,100.0,15159.0,100.0,59195489056.0,100.0,135373533056.0
2019-09-30,ZCH06HA3,ST12000NM0007,12000138625024,0,78.0,58268664.0,90.0,0.0,100.0,12.0,100.0,0.0,88.0,659883850.0,81.0,16782.0,100.0,0.0,100.0,11.0,,,,,100.0,0.0,100.0,0.0,,,65.0,35.0,,,100.0,234.0,99.0,3785.0,35.0,35.0,100.0,0.0,100.0,0.0,200.0,0.0,100.0,15191.0,100.0,59284240600.0,100.0,135598495192.0
2019-10-01,ZCH06HA3,ST12000NM0007,12000138625024,0,76.0,39101600.0,90.0,0.0,100.0,12.0,100.0,0.0,88.0,662396566.0,81.0,16798.0,100.0,0.0,100.0,11.0,,,,,100.0,0.0,100.0,0.0,,,66.0,34.0,,,100.0,234.0,99.0,3785.0,34.0,34.0,100.0,0.0,100.0,0.0,200.0,0.0,100.0,15207.0,100.0,59348724816.0,100.0,135758984856.0
2019-10-02,ZCH06HA3,ST12000NM0007,12000138625024,0,79.0,76049072.0,90.0,0.0,100.0,12.0,100.0,0.0,88.0,665169214.0,81.0,16830.0,100.0,0.0,100.0,11.0,,,,,100.0,0.0,100.0,0.0,,,65.0,35.0,,,100.0,234.0,99.0,3786.0,35.0,35.0,100.0,0.0,100.0,0.0,200.0,0.0,100.0,15239.0,100.0,59452944072.0,100.0,135935853816.0
2019-10-03,ZCH06HA3,ST12000NM0007,12000138625024,0,83.0,215835304.0,90.0,0.0,100.0,12.0,100.0,0.0,88.0,666516067.0,81.0,16846.0,100.0,0.0,100.0,11.0,,,,,100.0,0.0,100.0,0.0,,,67.0,33.0,,,100.0,235.0,99.0,3787.0,33.0,33.0,100.0,0.0,100.0,0.0,200.0,0.0,100.0,15255.0,100.0,59506227792.0,100.0,136022356328.0
2019-10-04,ZCH06HA3,ST12000NM0007,12000138625024,0,80.0,100200456.0,90.0,0.0,100.0,12.0,100.0,0.0,88.0,670857572.0,81.0,16878.0,100.0,0.0,100.0,11.0,,,,,100.0,0.0,100.0,0.0,,,65.0,35.0,,,100.0,235.0,99.0,3788.0,35.0,35.0,100.0,0.0,100.0,0.0,200.0,0.0,100.0,15286.0,100.0,59655918968.0,100.0,136245311632.0
2019-10-05,ZCH06HA3,ST12000NM0007,12000138625024,0,83.0,222069208.0,90.0,0.0,100.0,12.0,100.0,0.0,88.0,672150450.0,81.0,16894.0,100.0,0.0,100.0,11.0,,,,,100.0,0.0,100.0,0.0,,,66.0,34.0,,,100.0,235.0,99.0,3789.0,34.0,34.0,100.0,0.0,100.0,0.0,200.0,0.0,100.0,15302.0,100.0,59699636440.0,100.0,136323462912.0
2019-10-06,ZCH06HA3,ST12000NM0007,12000138625024,0,84.0,243483672.0,90.0,0.0,100.0,12.0,100.0,0.0,88.0,674931571.0,81.0,16926.0,100.0,0.0,100.0,11.0,,,,,100.0,0.0,100.0,0.0,,,65.0,35.0,,,100.0,235.0,99.0,3790.0,35.0,35.0,100.0,0.0,100.0,0.0,200.0,0.0,100.0,15334.0,100.0,59785093608.0,100.0,136503560872.0
2019-10-07,ZCH06HA3,ST12000NM0007,12000138625024,0,82.0,147089640.0,90.0,0.0,100.0,12.0,100.0,0.0,88.0,676493441.0,81.0,16942.0,100.0,0.0,100.0,11.0,,,,,100.0,0.0,100.0,0.0,,,67.0,33.0,,,100.0,235.0,99.0,3791.0,33.0,33.0,100.0,0.0,100.0,0.0,200.0,0.0,100.0,15350.0,100.0,59848854112.0,100.0,136587547048.0
2019-10-08,ZCH06HA3,ST12000NM0007,12000138625024,0,74.0,26247152.0,90.0,0.0,100.0,12.0,100.0,0.0,88.0,681043788.0,81.0,16973.0,100.0,0.0,100.0,11.0,,,,,100.0,0.0,100.0,0.0,,,65.0,35.0,,,100.0,236.0,99.0,3792.0,35.0,35.0,100.0,0.0,100.0,0.0,200.0,0.0,100.0,15381.0,100.0,59994465088.0,100.0,136809375064.0
2019-10-09,ZCH06HA3,ST12000NM0007,12000138625024,0,82.0,151535376.0,90.0,0.0,100.0,12.0,100.0,0.0,88.0,682613016.0,81.0,16989.0,100.0,0.0,100.0,11.0,,,,,100.0,0.0,100.0,0.0,,,67.0,33.0,,,100.0,236.0,99.0,3793.0,33.0,33.0,100.0,0.0,100.0,0.0,200.0,0.0,100.0,15397.0,100.0,60076783584.0,100.0,136852344792.0
2019-10-10,ZCH06HA3,ST12000NM0007,12000138625024,0,82.0,172153120.0,90.0,0.0,100.0,12.0,100.0,0.0,88.0,685710506.0,81.0,17021.0,100.0,0.0,100.0,11.0,,,,,100.0,0.0,100.0,0.0,,,65.0,35.0,,,100.0,236.0,99.0,3794.0,35.0,35.0,100.0,0.0,100.0,0.0,200.0,0.0,100.0,15428.0,100.0,60207769832.0,100.0,136986117040.0
2019-10-11,ZCH06HA3,ST12000NM0007,12000138625024,0,82.0,152967136.0,90.0,0.0,100.0,12.0,100.0,0.0,88.0,688511215.0,81.0,17053.0,100.0,0.0,100.0,11.0,,,,,100.0,0.0,100.0,0.0,,,66.0,34.0,,,100.0,238.0,99.0,3796.0,34.0,34.0,100.0,0.0,100.0,0.0,200.0,0.0,100.0,15460.0,100.0,60353818416.0,100.0,137065023328.0
2019-10-12,ZCH06HA3,ST12000NM0007,12000138625024,0,100.0,1902016.0,90.0,0.0,100.0,12.0,100.0,0.0,88.0,689598443.0,81.0,17069.0,100.0,0.0,100.0,11.0,,,,,100.0,0.0,100.0,0.0,,,66.0,34.0,,,100.0,238.0,99.0,3796.0,34.0,34.0,100.0,0.0,100.0,0.0,200.0,0.0,100.0,15476.0,100.0,60402123144.0,100.0,137109794352.0
2019-10-13,ZCH06HA3,ST12000NM0007,12000138625024,0,84.0,227494608.0,90.0,0.0,100.0,12.0,100.0,0.0,88.0,692365588.0,81.0,17100.0,100.0,0.0,100.0,11.0,,,,,100.0,0.0,100.0,0.0,,,66.0,34.0,,,100.0,239.0,99.0,3798.0,34.0,34.0,100.0,0.0,100.0,0.0,200.0,0.0,100.0,15507.0,100.0,60531444152.0,100.0,137206065936.0
2019-10-14,ZCH06HA3,ST12000NM0007,12000138625024,0,80.0,94846848.0,90.0,0.0,100.0,12.0,100.0,0.0,88.0,693729983.0,81.0,17116.0,100.0,0.0,100.0,11.0,,,,,100.0,0.0,100.0,0.0,,,64.0,36.0,,,100.0,239.0,99.0,3798.0,36.0,36.0,100.0,0.0,100.0,0.0,200.0,0.0,100.0,15523.0,100.0,60589061952.0,100.0,137259941064.0
2019-10-15,ZCH06HA3,ST12000NM0007,12000138625024,0,84.0,236066512.0,90.0,0.0,100.0,12.0,100.0,0.0,88.0,699938172.0,81.0,17165.0,100.0,0.0,100.0,11.0,,,,,100.0,0.0,100.0,0.0,,,65.0,35.0,,,100.0,239.0,99.0,3800.0,35.0,35.0,100.0,0.0,100.0,0.0,200.0,0.0,100.0,15572.0,100.0,60771793936.0,100.0,137462569640.0
2019-10-16,ZCH06HA3,ST12000NM0007,12000138625024,0,84.0,236066512.0,90.0,0.0,100.0,12.0,100.0,0.0,88.0,699938172.0,81.0,17165.0,100.0,0.0,100.0,11.0,,,,,100.0,0.0,100.0,0.0,,,65.0,35.0,,,100.0,239.0,99.0,3800.0,35.0,35.0,100.0,0.0,100.0,0.0,200.0,0.0,100.0,15572.0,100.0,60771793936.0,100.0,137462569640.0
2019-10-17,ZCH06HA3,ST12000NM0007,12000138625024,0,70.0,9766304.0,90.0,0.0,100.0,12.0,100.0,0.0,88.0,702870307.0,81.0,17197.0,100.0,0.0,100.0,11.0,,,,,100.0,0.0,100.0,0.0,,,66.0,34.0,,,100.0,240.0,99.0,3803.0,34.0,34.0,100.0,0.0,100.0,0.0,200.0,0.0,100.0,15603.0,100.0,60890568752.0,100.0,137605776234.0
2019-10-18,ZCH06HA3,ST12000NM0007,12000138625024,0,81.0,138538544.0,90.0,0.0,100.0,12.0,100.0,0.0,88.0,704572253.0,81.0,17213.0,100.0,0.0,100.0,11.0,,,,,100.0,0.0,100.0,0.0,,,65.0,35.0,,,100.0,240.0,99.0,3803.0,35.0,35.0,100.0,0.0,100.0,0.0,200.0,0.0,100.0,15619.0,100.0,60972700616.0,100.0,137652416610.0
2019-10-19,ZCH06HA3,ST12000NM0007,12000138625024,0,82.0,144000432.0,90.0,0.0,100.0,12.0,100.0,0.0,88.0,707390068.0,81.0,17245.0,100.0,0.0,100.0,11.0,,,,,100.0,0.0,100.0,0.0,,,65.0,35.0,,,100.0,242.0,99.0,3805.0,35.0,35.0,100.0,0.0,100.0,0.0,200.0,0.0,100.0,15651.0,100.0,61097942656.0,100.0,137776777250.0
2019-10-20,ZCH06HA3,ST12000NM0007,12000138625024,0,74.0,22798352.0,90.0,0.0,100.0,12.0,100.0,0.0,89.0,709139651.0,81.0,17261.0,100.0,0.0,100.0,11.0,,,,,100.0,0.0,100.0,0.0,,,66.0,34.0,,,100.0,242.0,99.0,3805.0,34.0,34.0,100.0,0.0,100.0,0.0,200.0,0.0,100.0,15666.0,100.0,61157440656.0,100.0,137840217986.0
2019-10-21,ZCH06HA3,ST12000NM0007,12000138625024,0,79.0,85833144.0,90.0,0.0,100.0,12.0,100.0,0.0,89.0,712704078.0,81.0,17292.0,100.0,0.0,100.0,11.0,,,,,100.0,0.0,100.0,0.0,,,66.0,34.0,,,100.0,243.0,99.0,3807.0,34.0,34.0,100.0,0.0,100.0,0.0,200.0,0.0,100.0,15698.0,100.0,61276697528.0,100.0,138028136538.0
2019-10-22,ZCH06HA3,ST12000NM0007,12000138625024,0,80.0,93450776.0,90.0,0.0,100.0,12.0,100.0,0.0,89.0,716002455.0,81.0,17308.0,100.0,0.0,100.0,11.0,,,,,100.0,0.0,100.0,0.0,,,66.0,34.0,,,100.0,243.0,99.0,3807.0,34.0,34.0,100.0,0.0,100.0,0.0,200.0,0.0,100.0,15714.0,100.0,61353644672.0,100.0,138202947658.0
2019-10-23,ZCH06HA3,ST12000NM0007,12000138625024,0,82.0,152018448.0,90.0,0.0,100.0,12.0,100.0,0.0,89.0,719272459.0,81.0,17340.0,100.0,0.0,100.0,11.0,,,,,100.0,0.0,100.0,0.0,,,66.0,34.0,,,100.0,244.0,99.0,3810.0,34.0,34.0,100.0,0.0,100.0,0.0,200.0,0.0,100.0,15745.0,100.0,61466324856.0,100.0,138392976170.0
2019-10-24,ZCH06HA3,ST12000NM0007,12000138625024,0,77.0,47347976.0,90.0,0.0,100.0,12.0,100.0,0.0,89.0,720658097.0,81.0,17356.0,100.0,0.0,100.0,11.0,,,,,100.0,0.0,100.0,0.0,,,66.0,34.0,,,100.0,244.0,99.0,3810.0,34.0,34.0,100.0,0.0,100.0,0.0,200.0,0.0,100.0,15761.0,100.0,61515709312.0,100.0,138483061874.0
2019-10-25,ZCH06HA3,ST12000NM0007,12000138625024,0,78.0,66126608.0,90.0,0.0,100.0,12.0,100.0,0.0,89.0,724838427.0,81.0,17387.0,100.0,0.0,100.0,11.0,,,,,100.0,0.0,100.0,0.0,,,66.0,34.0,,,100.0,245.0,99.0,3812.0,34.0,34.0,100.0,0.0,100.0,0.0,200.0,0.0,100.0,15792.0,100.0,61635982448.0,100.0,138625708442.0
2019-10-26,ZCH06HA3,ST12000NM0007,12000138625024,0,83.0,191160768.0,90.0,0.0,100.0,12.0,100.0,0.0,89.0,726389604.0,81.0,17403.0,100.0,0.0,100.0,11.0,,,,,100.0,0.0,100.0,0.0,,,66.0,34.0,,,100.0,245.0,99.0,3812.0,34.0,34.0,100.0,0.0,100.0,0.0,200.0,0.0,100.0,15808.0,100.0,61701386624.0,100.0,138685338426.0
2019-10-27,ZCH06HA3,ST12000NM0007,12000138625024,0,82.0,158788272.0,90.0,0.0,100.0,12.0,100.0,0.0,89.0,729173852.0,81.0,17435.0,100.0,0.0,100.0,11.0,,,,,100.0,0.0,100.0,0.0,,,66.0,34.0,,,100.0,247.0,99.0,3814.0,34.0,34.0,100.0,0.0,100.0,0.0,200.0,0.0,100.0,15839.0,100.0,61813872192.0,100.0,138784621162.0
2019-10-28,ZCH06HA3,ST12000NM0007,12000138625024,0,79.0,73421024.0,90.0,0.0,100.0,12.0,100.0,0.0,89.0,730947909.0,81.0,17451.0,100.0,0.0,100.0,11.0,,,,,100.0,0.0,100.0,0.0,,,66.0,34.0,,,100.0,247.0,99.0,3814.0,34.0,34.0,100.0,0.0,100.0,0.0,200.0,0.0,100.0,15855.0,100.0,61906444744.0,100.0,138850822010.0
2019-10-29,ZCH06HA3,ST12000NM0007,12000138625024,0,80.0,106484680.0,90.0,0.0,100.0,12.0,100.0,0.0,89.0,734873474.0,81.0,17483.0,100.0,0.0,100.0,11.0,,,,,100.0,0.0,100.0,0.0,,,67.0,33.0,,,100.0,248.0,99.0,3816.0,33.0,33.0,100.0,0.0,100.0,0.0,200.0,0.0,100.0,15887.0,100.0,62015747096.0,100.0,139018724210.0
2019-10-30,ZCH06HA3,ST12000NM0007,12000138625024,0,83.0,209991784.0,90.0,0.0,100.0,12.0,100.0,0.0,89.0,736096199.0,81.0,17499.0,100.0,0.0,100.0,11.0,,,,,100.0,0.0,100.0,0.0,,,67.0,33.0,,,100.0,248.0,99.0,3816.0,33.0,33.0,100.0,0.0,100.0,0.0,200.0,0.0,100.0,15903.0,100.0,62070899760.0,100.0,139067078650.0
2019-10-31,ZCH06HA3,ST12000NM0007,12000138625024,0,81.0,130581472.0,90.0,0.0,100.0,12.0,100.0,0.0,89.0,739263577.0,81.0,17514.0,100.0,0.0,100.0,11.0,,,,,100.0,0.0,100.0,0.0,,,66.0,34.0,,,100.0,248.0,99.0,3817.0,34.0,34.0,100.0,0.0,100.0,0.0,200.0,0.0,100.0,15919.0,100.0,62136473888.0,100.0,139166234890.0
2019-11-01,ZCH06HA3,ST12000NM0007,12000138625024,0,83.0,216371536.0,90.0,0.0,100.0,12.0,100.0,0.0,89.0,743274158.0,80.0,17546.0,100.0,0.0,100.0,11.0,,,,,100.0,0.0,100.0,0.0,,,65.0,35.0,,,100.0,248.0,99.0,3818.0,35.0,35.0,100.0,0.0,100.0,0.0,200.0,0.0,100.0,15950.0,100.0,62266843176.0,100.0,139365796330.0
2019-11-02,ZCH06HA3,ST12000NM0007,12000138625024,0,81.0,140256416.0,90.0,0.0,100.0,12.0,100.0,0.0,89.0,744723462.0,80.0,17562.0,100.0,0.0,100.0,11.0,,,,,100.0,0.0,100.0,0.0,,,66.0,34.0,,,100.0,249.0,99.0,3819.0,34.0,34.0,100.0,0.0,100.0,0.0,200.0,0.0,100.0,15966.0,100.0,62316249752.0,100.0,139484415266.0
2019-11-03,ZCH06HA3,ST12000NM0007,12000138625024,0,84.0,230166384.0,90.0,0.0,100.0,12.0,100.0,0.0,89.0,748146991.0,80.0,17594.0,100.0,0.0,100.0,11.0,,,,,100.0,0.0,100.0,0.0,,,64.0,36.0,,,100.0,249.0,99.0,3820.0,36.0,36.0,100.0,0.0,100.0,0.0,200.0,0.0,100.0,15998.0,100.0,62427528688.0,100.0,139707186970.0
2019-11-04,ZCH06HA3,ST12000NM0007,12000138625024,0,82.0,154475392.0,90.0,0.0,100.0,12.0,100.0,0.0,89.0,750204715.0,80.0,17610.0,100.0,0.0,100.0,11.0,,,,,100.0,0.0,100.0,0.0,,,65.0,35.0,,,100.0,250.0,99.0,3821.0,35.0,35.0,100.0,0.0,100.0,0.0,200.0,0.0,100.0,16013.0,100.0,62490094720.0,100.0,139813070610.0
2019-11-05,ZCH06HA3,ST12000NM0007,12000138625024,0,78.0,59259896.0,90.0,0.0,100.0,12.0,100.0,0.0,89.0,754820340.0,80.0,17641.0,100.0,0.0,100.0,11.0,,,,,100.0,0.0,100.0,0.0,,,63.0,37.0,,,100.0,251.0,99.0,3822.0,37.0,37.0,100.0,0.0,100.0,0.0,200.0,0.0,100.0,16045.0,100.0,62632899544.0,100.0,140063331554.0
2019-11-06,ZCH06HA3,ST12000NM0007,12000138625024,0,83.0,215588320.0,90.0,0.0,100.0,12.0,100.0,0.0,89.0,756529069.0,80.0,17657.0,100.0,0.0,100.0,11.0,,,,,100.0,0.0,100.0,0.0,,,65.0,35.0,,,100.0,252.0,99.0,3823.0,35.0,35.0,100.0,0.0,100.0,0.0,200.0,0.0,100.0,16061.0,100.0,62687360024.0,100.0,140165199498.0
2019-11-07,ZCH06HA3,ST12000NM0007,12000138625024,0,79.0,72335048.0,90.0,0.0,100.0,12.0,100.0,0.0,89.0,759975647.0,80.0,17689.0,100.0,0.0,100.0,11.0,,,,,100.0,0.0,100.0,0.0,,,63.0,37.0,,,100.0,252.0,99.0,3824.0,37.0,37.0,100.0,0.0,100.0,0.0,200.0,0.0,100.0,16092.0,100.0,62807110560.0,100.0,140390477018.0
2019-11-08,ZCH06HA3,ST12000NM0007,12000138625024,0,75.0,32484424.0,90.0,0.0,100.0,12.0,100.0,0.0,89.0,762730326.0,80.0,17705.0,100.0,0.0,100.0,11.0,,,,,100.0,0.0,100.0,0.0,,,64.0,36.0,,,100.0,253.0,99.0,3825.0,36.0,36.0,100.0,0.0,100.0,0.0,200.0,0.0,100.0,16107.0,100.0,62880313384.0,100.0,140521564562.0
2019-11-09,ZCH06HA3,ST12000NM0007,12000138625024,0,84.0,233174240.0,90.0,0.0,100.0,12.0,100.0,0.0,89.0,766063040.0,80.0,17737.0,100.0,0.0,100.0,11.0,,,,,100.0,0.0,100.0,0.0,,,62.0,38.0,,,100.0,254.0,99.0,3826.0,38.0,38.0,100.0,0.0,100.0,0.0,200.0,0.0,100.0,16139.0,100.0,62972404968.0,100.0,140874303474.0
2019-11-10,ZCH06HA3,ST12000NM0007,12000138625024,0,71.0,12908720.0,90.0,0.0,100.0,12.0,100.0,0.0,89.0,768086986.0,80.0,17752.0,100.0,0.0,100.0,11.0,,,,,100.0,0.0,100.0,0.0,,,63.0,37.0,,,100.0,254.0,99.0,3827.0,37.0,37.0,100.0,0.0,100.0,0.0,200.0,0.0,100.0,16155.0,100.0,63020342152.0,100.0,141094382458.0
2019-11-11,ZCH06HA3,ST12000NM0007,12000138625024,0,67.0,4932376.0,90.0,0.0,100.0,12.0,100.0,0.0,89.0,771991291.0,80.0,17784.0,100.0,0.0,100.0,11.0,,,,,100.0,0.0,100.0,0.0,,,63.0,37.0,,,100.0,255.0,99.0,3828.0,37.0,37.0,100.0,0.0,100.0,0.0,200.0,0.0,100.0,16186.0,100.0,63127101088.0,100.0,141467929226.0
2019-11-12,ZCH06HA3,ST12000NM0007,12000138625024,0,77.0,44828816.0,90.0,0.0,100.0,12.0,100.0,0.0,89.0,774315918.0,80.0,17800.0,100.0,0.0,100.0,11.0,,,,,100.0,0.0,100.0,0.0,,,63.0,37.0,,,100.0,255.0,99.0,3829.0,37.0,37.0,100.0,0.0,100.0,0.0,200.0,0.0,100.0,16202.0,100.0,63178009456.0,100.0,141701057930.0
2019-11-13,ZCH06HA3,ST12000NM0007,12000138625024,0,75.0,34023864.0,90.0,0.0,100.0,12.0,100.0,0.0,89.0,779470977.0,80.0,17832.0,100.0,0.0,100.0,11.0,,,,,100.0,0.0,100.0,0.0,,,63.0,37.0,,,100.0,255.0,99.0,3830.0,37.0,37.0,100.0,0.0,100.0,0.0,200.0,0.0,100.0,16234.0,100.0,63289871120.0,100.0,142066672674.0
2019-11-14,ZCH06HA3,ST12000NM0007,12000138625024,0,84.0,232888376.0,90.0,0.0,100.0,12.0,100.0,0.0,89.0,783637582.0,80.0,17864.0,100.0,0.0,100.0,11.0,,,,,100.0,0.0,100.0,0.0,,,61.0,39.0,,,100.0,256.0,99.0,3832.0,39.0,39.0,100.0,0.0,100.0,0.0,200.0,0.0,100.0,16265.0,100.0,63372801976.0,100.0,142426747178.0
2019-11-15,ZCH06HA3,ST12000NM0007,12000138625024,0,81.0,135606272.0,90.0,0.0,100.0,12.0,100.0,0.0,89.0,785287033.0,80.0,17879.0,100.0,0.0,100.0,11.0,,,,,100.0,0.0,100.0,0.0,,,64.0,36.0,,,100.0,256.0,99.0,3832.0,36.0,36.0,100.0,0.0,100.0,0.0,200.0,0.0,100.0,16281.0,100.0,63408279296.0,100.0,142538128778.0
2019-11-16,ZCH06HA3,ST12000NM0007,12000138625024,0,83.0,218934808.0,90.0,0.0,100.0,12.0,100.0,0.0,89.0,789453319.0,80.0,17911.0,100.0,0.0,100.0,11.0,,,,,100.0,0.0,100.0,0.0,,,63.0,37.0,,,100.0,256.0,99.0,3833.0,37.0,37.0,100.0,0.0,100.0,0.0,200.0,0.0,100.0,16313.0,100.0,63489493872.0,100.0,143028524338.0
2019-11-17,ZCH06HA3,ST12000NM0007,12000138625024,0,79.0,83729936.0,90.0,0.0,100.0,12.0,100.0,0.0,89.0,792926945.0,80.0,17927.0,100.0,0.0,100.0,11.0,,,,,100.0,0.0,100.0,0.0,,,63.0,37.0,,,100.0,257.0,99.0,3834.0,37.0,37.0,100.0,0.0,100.0,0.0,200.0,0.0,100.0,16329.0,100.0,63529525040.0,100.0,143341569706.0
2019-11-18,ZCH06HA3,ST12000NM0007,12000138625024,0,79.0,82311696.0,90.0,0.0,100.0,12.0,100.0,0.0,89.0,796891853.0,80.0,17959.0,100.0,0.0,100.0,11.0,,,,,100.0,0.0,100.0,0.0,,,63.0,37.0,,,100.0,258.0,99.0,3835.0,37.0,37.0,100.0,0.0,100.0,0.0,200.0,0.0,100.0,16360.0,100.0,63608510040.0,100.0,143749447986.0
2019-11-19,ZCH06HA3,ST12000NM0007,12000138625024,0,82.0,160102232.0,90.0,0.0,100.0,12.0,100.0,0.0,89.0,800093294.0,80.0,17975.0,100.0,0.0,100.0,11.0,,,,,100.0,0.0,100.0,0.0,,,63.0,37.0,,,100.0,258.0,99.0,3836.0,37.0,37.0,100.0,0.0,100.0,0.0,200.0,0.0,100.0,16376.0,100.0,63643331904.0,100.0,144036557306.0
2019-11-20,ZCH06HA3,ST12000NM0007,12000138625024,0,83.0,182482968.0,90.0,0.0,100.0,12.0,100.0,0.0,89.0,804447931.0,80.0,18006.0,100.0,0.0,100.0,11.0,,,,,100.0,0.0,100.0,0.0,,,64.0,36.0,,,100.0,258.0,99.0,3837.0,36.0,36.0,100.0,0.0,100.0,0.0,200.0,0.0,100.0,16408.0,100.0,63734421888.0,100.0,144456129778.0
2019-11-21,ZCH06HA3,ST12000NM0007,12000138625024,0,82.0,142686280.0,90.0,0.0,100.0,12.0,100.0,0.0,89.0,806097956.0,80.0,18022.0,100.0,0.0,100.0,11.0,,,,,100.0,0.0,100.0,0.0,,,64.0,36.0,,,100.0,258.0,99.0,3838.0,36.0,36.0,100.0,0.0,100.0,0.0,200.0,0.0,100.0,16423.0,100.0,63772701000.0,100.0,144622194610.0
2019-11-22,ZCH06HA3,ST12000NM0007,12000138625024,0,81.0,128518152.0,90.0,0.0,100.0,12.0,100.0,0.0,89.0,810452266.0,80.0,18054.0,100.0,0.0,100.0,11.0,,,,,100.0,0.0,100.0,0.0,,,64.0,36.0,,,100.0,259.0,99.0,3839.0,36.0,36.0,100.0,0.0,100.0,0.0,200.0,0.0,100.0,16455.0,100.0,63885607592.0,100.0,144983401402.0
2019-11-23,ZCH06HA3,ST12000NM0007,12000138625024,0,80.0,111849728.0,90.0,0.0,100.0,12.0,100.0,0.0,89.0,811842693.0,80.0,18070.0,100.0,0.0,100.0,11.0,,,,,100.0,0.0,100.0,0.0,,,64.0,36.0,,,100.0,260.0,99.0,3840.0,36.0,36.0,100.0,0.0,100.0,0.0,200.0,0.0,100.0,16471.0,100.0,63886903448.0,100.0,145209578002.0
2019-11-24,ZCH06HA3,ST12000NM0007,12000138625024,0,78.0,60548112.0,90.0,0.0,100.0,12.0,100.0,0.0,89.0,814664286.0,80.0,18102.0,100.0,0.0,100.0,11.0,,,,,100.0,0.0,100.0,0.0,,,62.0,38.0,,,100.0,261.0,99.0,3841.0,38.0,38.0,100.0,0.0,100.0,0.0,200.0,0.0,100.0,16503.0,100.0,63887927944.0,100.0,145645533610.0
2019-11-25,ZCH06HA3,ST12000NM0007,12000138625024,0,84.0,243302112.0,90.0,0.0,100.0,12.0,100.0,0.0,89.0,815883819.0,80.0,18118.0,100.0,0.0,100.0,11.0,,,,,100.0,0.0,100.0,0.0,,,63.0,37.0,,,100.0,262.0,99.0,3842.0,37.0,37.0,100.0,0.0,100.0,0.0,200.0,0.0,100.0,16518.0,100.0,63888150960.0,100.0,145828064594.0
2019-11-26,ZCH06HA3,ST12000NM0007,12000138625024,0,82.0,158648368.0,90.0,0.0,100.0,12.0,100.0,0.0,89.0,818844059.0,80.0,18150.0,100.0,0.0,100.0,11.0,,,,,100.0,0.0,100.0,0.0,,,63.0,37.0,,,100.0,262.0,99.0,3843.0,37.0,37.0,100.0,0.0,100.0,0.0,200.0,0.0,100.0,16550.0,100.0,63888562880.0,100.0,146231280474.0
2019-11-27,ZCH06HA3,ST12000NM0007,12000138625024,0,84.0,228605792.0,90.0,0.0,100.0,12.0,100.0,0.0,89.0,820352947.0,80.0,18181.0,100.0,0.0,100.0,11.0,,,,,100.0,0.0,100.0,0.0,,,62.0,38.0,,,100.0,262.0,99.0,3845.0,38.0,38.0,100.0,0.0,100.0,0.0,200.0,0.0,100.0,16581.0,100.0,63888919832.0,100.0,146545021714.0
2019-11-28,ZCH06HA3,ST12000NM0007,12000138625024,0,82.0,167270576.0,90.0,0.0,100.0,12.0,100.0,0.0,89.0,821912952.0,80.0,18197.0,100.0,0.0,100.0,11.0,,,,,100.0,0.0,100.0,0.0,,,64.0,36.0,,,100.0,262.0,99.0,3845.0,36.0,36.0,100.0,0.0,100.0,0.0,200.0,0.0,100.0,16598.0,100.0,63889053312.0,100.0,146727694074.0
2019-11-29,ZCH06HA3,ST12000NM0007,12000138625024,0,70.0,11191944.0,90.0,0.0,100.0,12.0,100.0,0.0,89.0,823868985.0,80.0,18229.0,100.0,0.0,100.0,11.0,,,,,100.0,0.0,100.0,0.0,,,64.0,36.0,,,100.0,262.0,99.0,3847.0,36.0,36.0,100.0,0.0,100.0,0.0,200.0,0.0,100.0,16629.0,100.0,63889378664.0,100.0,147059571530.0
2019-11-30,ZCH06HA3,ST12000NM0007,12000138625024,0,83.0,184036800.0,90.0,0.0,100.0,12.0,100.0,0.0,89.0,824657791.0,80.0,18245.0,100.0,0.0,100.0,11.0,,,,,100.0,0.0,100.0,0.0,,,63.0,37.0,,,100.0,262.0,99.0,3847.0,37.0,37.0,100.0,0.0,100.0,0.0,200.0,0.0,100.0,16645.0,100.0,63889548264.0,100.0,147232246786.0
2019-12-01,ZCH06HA3,ST12000NM0007,12000138625024,0,75.0,31531592.0,90.0,0.0,100.0,12.0,100.0,0.0,89.0,826443949.0,80.0,18277.0,100.0,0.0,100.0,11.0,,,,,100.0,0.0,100.0,0.0,,,63.0,37.0,,,100.0,263.0,99.0,3849.0,37.0,37.0,100.0,0.0,100.0,0.0,200.0,0.0,100.0,16677.0,100.0,63890739120.0,100.0,147566832218.0
2019-12-02,ZCH06HA3,ST12000NM0007,12000138625024,0,83.0,202500560.0,90.0,0.0,100.0,12.0,100.0,0.0,89.0,827231602.0,80.0,18293.0,100.0,0.0,100.0,11.0,,,,,100.0,0.0,100.0,0.0,,,63.0,37.0,,,100.0,263.0,99.0,3849.0,37.0,37.0,100.0,0.0,100.0,0.0,200.0,0.0,100.0,16693.0,100.0,63890939008.0,100.0,147737601298.0
2019-12-03,ZCH06HA3,ST12000NM0007,12000138625024,0,80.0,93848176.0,90.0,0.0,100.0,12.0,100.0,0.0,89.0,830099072.0,80.0,18324.0,100.0,0.0,100.0,11.0,,,,,100.0,0.0,100.0,0.0,,,64.0,36.0,,,100.0,264.0,99.0,3851.0,36.0,36.0,100.0,0.0,100.0,0.0,200.0,0.0,100.0,16724.0,100.0,63891304064.0,100.0,148116865466.0
2019-12-04,ZCH06HA3,ST12000NM0007,12000138625024,0,75.0,34149656.0,90.0,0.0,100.0,12.0,100.0,0.0,89.0,830904419.0,80.0,18340.0,100.0,0.0,100.0,11.0,,,,,100.0,0.0,100.0,0.0,,,63.0,37.0,,,100.0,264.0,99.0,3851.0,37.0,37.0,100.0,0.0,100.0,0.0,200.0,0.0,100.0,16740.0,100.0,63891472608.0,100.0,148301139242.0
2019-12-05,ZCH06HA3,ST12000NM0007,12000138625024,0,77.0,47062584.0,90.0,0.0,100.0,12.0,100.0,0.0,89.0,833537515.0,80.0,18372.0,100.0,0.0,100.0,11.0,,,,,100.0,0.0,100.0,0.0,,,63.0,37.0,,,100.0,265.0,99.0,3853.0,37.0,37.0,100.0,0.0,100.0,0.0,200.0,0.0,100.0,16771.0,100.0,63891704064.0,100.0,148557961514.0
2019-12-06,ZCH06HA3,ST12000NM0007,12000138625024,0,83.0,218618736.0,90.0,0.0,100.0,12.0,100.0,0.0,89.0,834476477.0,80.0,18388.0,100.0,0.0,100.0,11.0,,,,,100.0,0.0,100.0,0.0,,,63.0,37.0,,,100.0,265.0,99.0,3853.0,37.0,37.0,100.0,0.0,100.0,0.0,200.0,0.0,100.0,16787.0,100.0,63891872112.0,100.0,148729349618.0
2019-12-07,ZCH06HA3,ST12000NM0007,12000138625024,0,79.0,72680888.0,90.0,0.0,100.0,12.0,100.0,0.0,89.0,836209714.0,79.0,18420.0,100.0,0.0,100.0,11.0,,,,,100.0,0.0,100.0,0.0,,,63.0,37.0,,,100.0,266.0,99.0,3855.0,37.0,37.0,100.0,0.0,100.0,0.0,200.0,0.0,100.0,16819.0,100.0,63892217184.0,100.0,149071348130.0
2019-12-08,ZCH06HA3,ST12000NM0007,12000138625024,0,68.0,5746568.0,90.0,0.0,100.0,12.0,100.0,0.0,89.0,837223065.0,79.0,18436.0,100.0,0.0,100.0,11.0,,,,,100.0,0.0,100.0,0.0,,,63.0,37.0,,,100.0,266.0,99.0,3855.0,37.0,37.0,100.0,0.0,100.0,0.0,200.0,0.0,100.0,16835.0,100.0,63892386296.0,100.0,149248385394.0
2019-12-09,ZCH06HA3,ST12000NM0007,12000138625024,0,80.0,102625640.0,90.0,0.0,100.0,12.0,100.0,0.0,89.0,838929314.0,79.0,18467.0,100.0,0.0,100.0,11.0,,,,,100.0,0.0,100.0,0.0,,,64.0,36.0,,,100.0,267.0,99.0,3857.0,36.0,36.0,100.0,0.0,100.0,0.0,200.0,0.0,100.0,16866.0,100.0,63892798680.0,100.0,149588992914.0
2019-12-10,ZCH06HA3,ST12000NM0007,12000138625024,0,80.0,94732040.0,90.0,0.0,100.0,12.0,100.0,0.0,89.0,841298754.0,79.0,18483.0,100.0,0.0,100.0,11.0,,,,,100.0,0.0,100.0,0.0,,,63.0,37.0,,,100.0,267.0,99.0,3857.0,37.0,37.0,100.0,0.0,100.0,0.0,200.0,0.0,100.0,16882.0,100.0,63892968504.0,100.0,149825070122.0
2019-12-11,ZCH06HA3,ST12000NM0007,12000138625024,0,74.0,25833504.0,90.0,0.0,100.0,12.0,100.0,0.0,89.0,842246286.0,79.0,18499.0,100.0,0.0,100.0,11.0,,,,,100.0,0.0,100.0,0.0,,,65.0,35.0,,,100.0,267.0,99.0,3858.0,35.0,35.0,100.0,0.0,100.0,0.0,200.0,0.0,100.0,16898.0,100.0,63893138032.0,100.0,150000142770.0
2019-12-12,ZCH06HA3,ST12000NM0007,12000138625024,0,81.0,117102648.0,90.0,0.0,100.0,12.0,100.0,0.0,89.0,843953776.0,79.0,18531.0,100.0,0.0,100.0,11.0,,,,,100.0,0.0,100.0,0.0,,,65.0,35.0,,,100.0,268.0,99.0,3860.0,35.0,35.0,100.0,0.0,100.0,0.0,200.0,0.0,100.0,16929.0,100.0,63893507968.0,100.0,150335182858.0
2019-12-13,ZCH06HA3,ST12000NM0007,12000138625024,0,84.0,243079600.0,90.0,0.0,100.0,12.0,100.0,0.0,89.0,845805876.0,79.0,18547.0,100.0,0.0,100.0,11.0,,,,,100.0,0.0,100.0,0.0,,,66.0,34.0,,,100.0,269.0,99.0,3861.0,34.0,34.0,100.0,0.0,100.0,0.0,200.0,0.0,100.0,16945.0,100.0,63893587600.0,100.0,150461080178.0
2019-12-14,ZCH06HA3,ST12000NM0007,12000138625024,0,81.0,139386880.0,90.0,0.0,100.0,12.0,100.0,0.0,89.0,847724372.0,79.0,18579.0,100.0,0.0,100.0,11.0,,,,,100.0,0.0,100.0,0.0,,,65.0,35.0,,,100.0,269.0,99.0,3862.0,35.0,35.0,100.0,0.0,100.0,0.0,200.0,0.0,100.0,16977.0,100.0,63893927576.0,100.0,150845328850.0
2019-12-15,ZCH06HA3,ST12000NM0007,12000138625024,0,78.0,64034128.0,90.0,0.0,100.0,12.0,100.0,0.0,89.0,848501814.0,79.0,18595.0,100.0,0.0,100.0,11.0,,,,,100.0,0.0,100.0,0.0,,,65.0,35.0,,,100.0,269.0,99.0,3863.0,35.0,35.0,100.0,0.0,100.0,0.0,200.0,0.0,100.0,16993.0,100.0,63894147704.0,100.0,151013896650.0
2019-12-16,ZCH06HA3,ST12000NM0007,12000138625024,0,81.0,113697728.0,90.0,0.0,100.0,12.0,100.0,0.0,89.0,849875039.0,79.0,18626.0,100.0,0.0,100.0,11.0,,,,,100.0,0.0,100.0,0.0,,,65.0,35.0,,,100.0,270.0,99.0,3864.0,35.0,35.0,100.0,0.0,100.0,0.0,200.0,0.0,100.0,17024.0,100.0,63894499480.0,100.0,151307349122.0
2019-12-17,ZCH06HA3,ST12000NM0007,12000138625024,0,78.0,69023304.0,90.0,0.0,100.0,12.0,100.0,0.0,89.0,850769586.0,79.0,18642.0,100.0,0.0,100.0,11.0,,,,,100.0,0.0,100.0,0.0,,,65.0,35.0,,,100.0,270.0,99.0,3865.0,35.0,35.0,100.0,0.0,100.0,0.0,200.0,0.0,100.0,17040.0,100.0,63894668808.0,100.0,151506646050.0
2019-12-18,ZCH06HA3,ST12000NM0007,12000138625024,0,80.0,100702472.0,90.0,0.0,100.0,12.0,100.0,0.0,89.0,853211140.0,79.0,18674.0,100.0,0.0,100.0,11.0,,,,,100.0,0.0,100.0,0.0,,,65.0,35.0,,,100.0,271.0,99.0,3866.0,35.0,35.0,100.0,0.0,100.0,0.0,200.0,0.0,100.0,17072.0,100.0,63895006736.0,100.0,151782128146.0
2019-12-19,ZCH06HA3,ST12000NM0007,12000138625024,0,76.0,41504248.0,90.0,0.0,100.0,12.0,100.0,0.0,89.0,853907389.0,79.0,18690.0,100.0,0.0,100.0,11.0,,,,,100.0,0.0,100.0,0.0,,,65.0,35.0,,,100.0,271.0,99.0,3867.0,35.0,35.0,100.0,0.0,100.0,0.0,200.0,0.0,100.0,17087.0,100.0,63895183744.0,100.0,151966893778.0
2019-12-20,ZCH06HA3,ST12000NM0007,12000138625024,0,81.0,119157936.0,90.0,0.0,100.0,12.0,100.0,0.0,89.0,855173837.0,79.0,18722.0,100.0,0.0,100.0,11.0,,,,,100.0,0.0,100.0,0.0,,,61.0,39.0,,,100.0,272.0,99.0,3868.0,39.0,39.0,100.0,0.0,100.0,0.0,200.0,0.0,100.0,17119.0,100.0,63895522192.0,100.0,152288349724.0
2019-12-21,ZCH06HA3,ST12000NM0007,12000138625024,0,75.0,28409552.0,90.0,0.0,100.0,12.0,100.0,0.0,89.0,855901652.0,79.0,18738.0,100.0,0.0,100.0,11.0,,,,,100.0,0.0,100.0,0.0,,,62.0,38.0,,,100.0,273.0,99.0,3869.0,38.0,38.0,100.0,0.0,100.0,0.0,200.0,0.0,100.0,17135.0,100.0,63895691776.0,100.0,152441572604.0
2019-12-22,ZCH06HA3,ST12000NM0007,12000138625024,0,81.0,129126064.0,90.0,0.0,100.0,12.0,100.0,0.0,89.0,857707033.0,79.0,18770.0,100.0,0.0,100.0,11.0,,,,,100.0,0.0,100.0,0.0,,,64.0,36.0,,,100.0,273.0,99.0,3870.0,36.0,36.0,100.0,0.0,100.0,0.0,200.0,0.0,100.0,17167.0,100.0,63896033552.0,100.0,152786087972.0
2019-12-23,ZCH06HA3,ST12000NM0007,12000138625024,0,74.0,26535288.0,90.0,0.0,100.0,12.0,100.0,0.0,89.0,858605318.0,79.0,18785.0,100.0,0.0,100.0,11.0,,,,,100.0,0.0,100.0,0.0,,,64.0,36.0,,,100.0,274.0,99.0,3871.0,36.0,36.0,100.0,0.0,100.0,0.0,200.0,0.0,100.0,17182.0,100.0,63896202096.0,100.0,152927469356.0
2019-12-24,ZCH06HA3,ST12000NM0007,12000138625024,0,81.0,136887368.0,90.0,0.0,100.0,12.0,100.0,0.0,89.0,861331590.0,79.0,18817.0,100.0,0.0,100.0,11.0,,,,,100.0,0.0,100.0,0.0,,,64.0,36.0,,,100.0,274.0,99.0,3872.0,36.0,36.0,100.0,0.0,100.0,0.0,200.0,0.0,100.0,17214.0,100.0,63896484704.0,100.0,153281679556.0
2019-12-25,ZCH06HA3,ST12000NM0007,12000138625024,0,77.0,52893488.0,90.0,0.0,100.0,12.0,100.0,0.0,89.0,861984801.0,79.0,18833.0,100.0,0.0,100.0,11.0,,,,,100.0,0.0,100.0,0.0,,,64.0,36.0,,,100.0,275.0,99.0,3873.0,36.0,36.0,100.0,0.0,100.0,0.0,200.0,0.0,100.0,17230.0,100.0,63896653472.0,100.0,153441657540.0
2019-12-26,ZCH06HA3,ST12000NM0007,12000138625024,0,77.0,46656592.0,90.0,0.0,100.0,12.0,100.0,0.0,89.0,863040457.0,79.0,18865.0,100.0,0.0,100.0,11.0,,,,,100.0,0.0,100.0,0.0,,,66.0,34.0,,,100.0,275.0,99.0,3874.0,34.0,34.0,100.0,0.0,100.0,0.0,200.0,0.0,100.0,17262.0,100.0,63896994248.0,100.0,153679220652.0
2019-12-27,ZCH06HA3,ST12000NM0007,12000138625024,0,82.0,163859904.0,90.0,0.0,100.0,12.0,100.0,0.0,89.0,863567191.0,79.0,18881.0,100.0,0.0,100.0,11.0,,,,,100.0,0.0,100.0,0.0,,,65.0,35.0,,,100.0,275.0,99.0,3875.0,35.0,35.0,100.0,0.0,100.0,0.0,200.0,0.0,100.0,17277.0,100.0,63897164968.0,100.0,153796253244.0
2019-12-28,ZCH06HA3,ST12000NM0007,12000138625024,0,84.0,242716912.0,90.0,0.0,100.0,12.0,100.0,0.0,89.0,865212435.0,79.0,18913.0,100.0,0.0,100.0,11.0,,,,,100.0,0.0,100.0,0.0,,,65.0,35.0,,,100.0,275.0,99.0,3876.0,35.0,35.0,100.0,0.0,100.0,0.0,200.0,0.0,100.0,17309.0,100.0,63897504512.0,100.0,154118911540.0
2019-12-29,ZCH06HA3,ST12000NM0007,12000138625024,0,83.0,211207776.0,90.0,0.0,100.0,12.0,100.0,0.0,89.0,866411079.0,79.0,18929.0,100.0,0.0,100.0,11.0,,,,,100.0,0.0,100.0,0.0,,,65.0,35.0,,,100.0,275.0,99.0,3877.0,35.0,35.0,100.0,0.0,100.0,0.0,200.0,0.0,100.0,17325.0,100.0,63897674088.0,100.0,154331373460.0
2019-12-30,ZCH06HA3,ST12000NM0007,12000138625024,0,72.0,16547760.0,90.0,0.0,100.0,12.0,100.0,0.0,89.0,867888665.0,79.0,18960.0,100.0,0.0,100.0,11.0,,,,,100.0,0.0,100.0,0.0,,,64.0,36.0,,,100.0,276.0,99.0,3878.0,36.0,36.0,100.0,0.0,100.0,0.0,200.0,0.0,100.0,17357.0,100.0,63898012960.0,100.0,154624655980.0
2019-12-31,ZCH06HA3,ST12000NM0007,12000138625024,0,82.0,148436506.0,90.0,0.0,100.0,13.0,100.0,0.0,89.0,869685896.0,79.0,18992.0,100.0,0.0,100.0,12.0,,,,,100.0,0.0,100.0,0.0,,,64.0,36.0,,,100.0,278.0,99.0,3881.0,36.0,36.0,100.0,0.0,100.0,0.0,200.0,0.0,100.0,17388.0,100.0,63899404920.0,100.0,154999293406.0
