2019-01-01,ZCH06TLA,ST12000NM0007,12000138625024,0,75,29033760,97.0,0.0,100.0,3.0,100.0,0.0,86.0,391230744.0,88,10643,100.0,0.0,100,2,,,,,100.0,0.0,100.0,0.0,,,70.0,30.0,,,100.0,129.0,100.0,665.0,30,30,100.0,0.0,100.0,0.0,200.0,0.0,100.0,10490.0,100.0,56560829168.0,100.0,96544968504.0
2019-01-02,ZCH06TLA,ST12000NM0007,12000138625024,0,82,161181992,97.0,0.0,100.0,3.0,100.0,0.0,86.0,393326833.0,88,10669,100.0,0.0,100,2,,,,,100.0,0.0,100.0,0.0,,,70.0,30.0,,,100.0,129.0,100.0,666.0,30,30,100.0,0.0,100.0,0.0,200.0,0.0,100.0,10515.0,100.0,56620089304.0,100.0,96617856600.0
2019-01-03,ZCH06TLA,ST12000NM0007,12000138625024,0,81.0,133110712.0,97.0,0.0,100.0,3.0,100.0,0.0,86.0,396615241.0,88.0,10692.0,100.0,0.0,100.0,2.0,,,,,100.0,0.0,100.0,0.0,,,66.0,34.0,,,100.0,129.0,100.0,667.0,34.0,34.0,100.0,0.0,100.0,0.0,200.0,0.0,100.0,10538.0,100.0,56684718816.0,100.0,96769296616.0
2019-01-04,ZCH06TLA,ST12000NM0007,12000138625024,0,77,55983264,97.0,0.0,100.0,3.0,100.0,0.0,86.0,398932965.0,88,10716,100.0,0.0,100,2,,,,,100.0,0.0,100.0,0.0,,,67.0,33.0,,,100.0,130.0,100.0,668.0,33,33,100.0,0.0,100.0,0.0,200.0,0.0,100.0,10562.0,100.0,56739225184.0,100.0,96881803592.0
2019-01-05,ZCH06TLA,ST12000NM0007,12000138625024,0,83,205228336,97.0,0.0,100.0,3.0,100.0,0.0,86.0,401195610.0,88,10740,100.0,0.0,100,2,,,,,100.0,0.0,100.0,0.0,,,67.0,33.0,,,100.0,130.0,100.0,669.0,33,33,100.0,0.0,100.0,0.0,200.0,0.0,100.0,10587.0,100.0,56802138168.0,100.0,96968135680.0
2019-01-06,ZCH06TLA,ST12000NM0007,12000138625024,0,81,117009448,97.0,0.0,100.0,3.0,100.0,0.0,86.0,403575342.0,88,10764,100.0,0.0,100,2,,,,,100.0,0.0,100.0,0.0,,,67.0,33.0,,,100.0,131.0,100.0,670.0,33,33,100.0,0.0,100.0,0.0,200.0,0.0,100.0,10610.0,100.0,56874541112.0,100.0,97051654584.0
2019-01-07,ZCH06TLA,ST12000NM0007,12000138625024,0,78,69007376,97.0,0.0,100.0,3.0,100.0,0.0,86.0,407050855.0,88,10788,100.0,0.0,100,2,,,,,100.0,0.0,100.0,0.0,,,67.0,33.0,,,100.0,131.0,100.0,671.0,33,33,100.0,0.0,100.0,0.0,200.0,0.0,100.0,10634.0,100.0,56949809264.0,100.0,97172524992.0
2019-01-08,ZCH06TLA,ST12000NM0007,12000138625024,0,100,26368,97.0,0.0,100.0,3.0,100.0,0.0,86.0,409778642.0,88,10812,100.0,0.0,100,2,,,,,100.0,0.0,100.0,0.0,,,68.0,32.0,,,100.0,131.0,100.0,672.0,32,32,100.0,0.0,100.0,0.0,200.0,0.0,100.0,10658.0,100.0,57026947896.0,100.0,97270546184.0
2019-01-09,ZCH06TLA,ST12000NM0007,12000138625024,0,82,145558496,97.0,0.0,100.0,3.0,100.0,0.0,86.0,412247462.0,88,10837,100.0,0.0,100,2,,,,,100.0,0.0,100.0,0.0,,,68.0,32.0,,,100.0,131.0,100.0,673.0,32,32,100.0,0.0,100.0,0.0,200.0,0.0,100.0,10683.0,100.0,57103286240.0,100.0,97339739968.0
2019-01-10,ZCH06TLA,ST12000NM0007,12000138625024,0,77,52923072,97.0,0.0,100.0,3.0,100.0,0.0,86.0,415165599.0,88,10854,100.0,0.0,100,2,,,,,100.0,0.0,100.0,0.0,,,69.0,31.0,,,100.0,131.0,100.0,674.0,31,31,100.0,0.0,100.0,0.0,200.0,0.0,100.0,10700.0,100.0,57154609128.0,100.0,97439922992.0
2019-01-11,ZCH06TLA,ST12000NM0007,12000138625024,0,70.0,9870176.0,97.0,0.0,100.0,3.0,100.0,0.0,86.0,417483689.0,88.0,10874.0,100.0,0.0,100.0,2.0,,,,,100.0,0.0,100.0,0.0,,,69.0,31.0,,,100.0,131.0,100.0,675.0,31.0,31.0,100.0,0.0,100.0,0.0,200.0,0.0,100.0,10720.0,100.0,57204666864.0,100.0,97590953120.0
2019-01-12,ZCH06TLA,ST12000NM0007,12000138625024,0,81,130362904,97.0,0.0,100.0,3.0,100.0,0.0,86.0,419181858.0,88,10890,100.0,0.0,100,2,,,,,100.0,0.0,100.0,0.0,,,68.0,32.0,,,100.0,132.0,100.0,676.0,32,32,100.0,0.0,100.0,0.0,200.0,0.0,100.0,10736.0,100.0,57251326552.0,100.0,97664786160.0
2019-01-13,ZCH06TLA,ST12000NM0007,12000138625024,0,80,109748304,97.0,0.0,100.0,3.0,100.0,0.0,86.0,422193896.0,88,10922,100.0,0.0,100,2,,,,,100.0,0.0,100.0,0.0,,,68.0,32.0,,,100.0,133.0,100.0,677.0,32,32,100.0,0.0,100.0,0.0,200.0,0.0,100.0,10767.0,100.0,57319175080.0,100.0,97820464104.0
2019-01-14,ZCH06TLA,ST12000NM0007,12000138625024,0,73,19372264,97.0,0.0,100.0,3.0,100.0,0.0,86.0,424246851.0,88,10938,100.0,0.0,100,2,,,,,100.0,0.0,100.0,0.0,,,68.0,32.0,,,100.0,133.0,100.0,678.0,32,32,100.0,0.0,100.0,0.0,200.0,0.0,100.0,10783.0,100.0,57368445240.0,100.0,97924958664.0
2019-01-15,ZCH06TLA,ST12000NM0007,12000138625024,0,70.0,11195568.0,97.0,0.0,100.0,3.0,100.0,0.0,86.0,428349864.0,88.0,10969.0,100.0,0.0,100.0,2.0,,,,,100.0,0.0,100.0,0.0,,,68.0,32.0,,,100.0,134.0,100.0,679.0,32.0,32.0,100.0,0.0,100.0,0.0,200.0,0.0,100.0,10815.0,100.0,57441338344.0,100.0,98088029568.0
2019-01-16,ZCH06TLA,ST12000NM0007,12000138625024,0,82,162004904,97.0,0.0,100.0,3.0,100.0,0.0,86.0,430242940.0,88,10985,100.0,0.0,100,2,,,,,100.0,0.0,100.0,0.0,,,67.0,33.0,,,100,135,100.0,680.0,33,33,100.0,0.0,100.0,0.0,200.0,0.0,100.0,10831.0,100.0,57482022112.0,100.0,98198155136.0
2019-01-17,ZCH06TLA,ST12000NM0007,12000138625024,0,83,217723176,97.0,0.0,100.0,3.0,100.0,0.0,86.0,436118507.0,88,11017,100.0,0.0,100,2,,,,,100.0,0.0,100.0,0.0,,,69.0,31.0,,,100,136,100.0,681.0,31,31,100.0,0.0,100.0,0.0,200.0,0.0,100.0,10862.0,100.0,57573601632.0,100.0,98406435424.0
2019-01-18,ZCH06TLA,ST12000NM0007,12000138625024,0,78,66391480,97.0,0.0,100.0,3.0,100.0,0.0,86.0,437481595.0,88,11033,100.0,0.0,100,2,,,,,100.0,0.0,100.0,0.0,,,69.0,31.0,,,100,137,100.0,682.0,31,31,100.0,0.0,100.0,0.0,200.0,0.0,100.0,10878.0,100.0,57602640264.0,100.0,98470205808.0
2019-01-19,ZCH06TLA,ST12000NM0007,12000138625024,0,79,74652776,97.0,0.0,100.0,3.0,100.0,0.0,86.0,440769990.0,88,11065,100.0,0.0,100,2,,,,,100.0,0.0,100.0,0.0,,,69.0,31.0,,,100,137,100.0,683.0,31,31,100.0,0.0,100.0,0.0,200.0,0.0,100.0,10910.0,100.0,57677502400.0,100.0,98647745928.0
2019-01-20,ZCH06TLA,ST12000NM0007,12000138625024,0,83,196726616,97.0,0.0,100.0,3.0,100.0,0.0,86.0,442412062.0,88,11080,100.0,0.0,100,2,,,,,100.0,0.0,100.0,0.0,,,69.0,31.0,,,100,138,100.0,684.0,31,31,100.0,0.0,100.0,0.0,200.0,0.0,100.0,10925.0,100.0,57725518488.0,100.0,98721803680.0
2019-01-21,ZCH06TLA,ST12000NM0007,12000138625024,0,84,241084880,97.0,0.0,100.0,3.0,100.0,0.0,86.0,445896032.0,88,11112,100.0,0.0,100,2,,,,,100.0,0.0,100.0,0.0,,,69.0,31.0,,,100,138,100.0,685.0,31,31,100.0,0.0,100.0,0.0,200.0,0.0,100.0,10957.0,100.0,57821794160.0,100.0,98914027000.0
2019-01-22,ZCH06TLA,ST12000NM0007,-1,0,,,,,,,,,,,,,,,,,,,,,,,,,,,,,,,,,,,,,,,,,,,,,,,,
2019-01-23,ZCH06TLA,ST12000NM0007,12000138625024,0,82.0,154284632.0,95.0,0.0,100.0,4.0,100.0,0.0,87.0,451966932.0,88.0,11164.0,100.0,0.0,100.0,3.0,,,,,100.0,0.0,100.0,0.0,,,67.0,33.0,,,100.0,139.0,100.0,706.0,33.0,33.0,100.0,0.0,100.0,0.0,200.0,0.0,100.0,11004.0,100.0,57969970840.0,100.0,99167331552.0
2019-01-24,ZCH06TLA,ST12000NM0007,12000138625024,0,77.0,51964096.0,95.0,0.0,100.0,4.0,100.0,0.0,87.0,454529324.0,88.0,11180.0,100.0,0.0,100.0,3.0,,,,,100.0,0.0,100.0,0.0,,,66.0,34.0,,,100.0,139.0,100.0,706.0,34.0,34.0,100.0,0.0,100.0,0.0,200.0,0.0,100.0,11020.0,100.0,58014670048.0,100.0,99264452536.0
2019-01-25,ZCH06TLA,ST12000NM0007,12000138625024,0,83,214114224,95.0,0.0,100.0,4.0,100.0,0.0,87.0,457485350.0,88,11211,100.0,0.0,100,3,,,,,100.0,0.0,100.0,0.0,,,67.0,33.0,,,100,140,100.0,708.0,33,33,100.0,0.0,100.0,0.0,200.0,0.0,100.0,11051.0,100.0,58117004384.0,100.0,99324268328.0
2019-01-26,ZCH06TLA,ST12000NM0007,12000138625024,0,77,53297024,95.0,0.0,100.0,4.0,100.0,0.0,87.0,458973695.0,88,11227,100.0,0.0,100,3,,,,,100.0,0.0,100.0,0.0,,,66.0,34.0,,,100,140,100.0,708.0,34,34,100.0,0.0,100.0,0.0,200.0,0.0,100.0,11067.0,100.0,58170384776.0,100.0,99354211392.0
2019-01-27,ZCH06TLA,ST12000NM0007,12000138625024,0,76,39096856,95.0,0.0,100.0,4.0,100.0,0.0,87.0,462237470.0,88,11259,100.0,0.0,100,3,,,,,100.0,0.0,100.0,0.0,,,68.0,32.0,,,100,141,100.0,709.0,32,32,100.0,0.0,100.0,0.0,200.0,0.0,100.0,11099.0,100.0,58255067664.0,100.0,99499469128.0
2019-01-28,ZCH06TLA,ST12000NM0007,12000138625024,0,82,141930920,95.0,0.0,100.0,4.0,100.0,0.0,87.0,463948024.0,88,11275,100.0,0.0,100,3,,,,,100.0,0.0,100.0,0.0,,,67.0,33.0,,,100,141,100.0,710.0,33,33,100.0,0.0,100.0,0.0,200.0,0.0,100.0,11114.0,100.0,58302331824.0,100.0,99555039032.0
2019-01-29,ZCH06TLA,ST12000NM0007,12000138625024,0,83,204432112,95.0,0.0,100.0,4.0,100.0,0.0,87.0,470061968.0,88,11306,100.0,0.0,100,3,,,,,100.0,0.0,100.0,0.0,,,68.0,32.0,,,100,142,100.0,711.0,32,32,100.0,0.0,100.0,0.0,200.0,0.0,100.0,11146.0,100.0,58407012408.0,100.0,99757000512.0
2019-01-30,ZCH06TLA,ST12000NM0007,12000138625024,0,76,43725008,95.0,0.0,100.0,4.0,100.0,0.0,87.0,471460736.0,88,11322,100.0,0.0,100,3,,,,,100.0,0.0,100.0,0.0,,,68.0,32.0,,,100,143,100.0,712.0,32,32,100.0,0.0,100.0,0.0,200.0,0.0,100.0,11162.0,100.0,58453481368.0,100.0,99793965080.0
2019-01-31,ZCH06TLA,ST12000NM0007,12000138625024,0,75,34649544,95.0,0.0,100.0,4.0,100.0,0.0,87.0,475608237.0,88,11354,100.0,0.0,100,3,,,,,100.0,0.0,100.0,0.0,,,68.0,32.0,,,100,143,100.0,713.0,32,32,100.0,0.0,100.0,0.0,200.0,0.0,100.0,11193.0,100.0,58554696880.0,100.0,99927814736.0
2019-02-01,ZCH06TLA,ST12000NM0007,12000138625024,0,81,128532976,95.0,0.0,100.0,4.0,100.0,0.0,87.0,479725594.0,88,11386,100.0,0.0,100,3,,,,,100.0,0.0,100.0,0.0,,,68.0,32.0,,,100,144,100.0,715.0,32,32,100.0,0.0,100.0,0.0,200.0,0.0,100.0,11225.0,100.0,58645108136.0,100.0,100175427600.0
2019-02-02,ZCH06TLA,ST12000NM0007,12000138625024,0,84.0,243456952.0,95.0,0.0,100.0,4.0,100.0,0.0,87.0,481468831.0,87.0,11402.0,100.0,0.0,100.0,3.0,,,,,100.0,0.0,100.0,0.0,,,67.0,33.0,,,100.0,144.0,100.0,715.0,33.0,33.0,100.0,0.0,100.0,0.0,200.0,0.0,100.0,11241.0,100.0,58686204232.0,100.0,100249255480.0
2019-02-03,ZCH06TLA,ST12000NM0007,12000138625024,0,79,76631776,95.0,0.0,100.0,4.0,100.0,0.0,87.0,485029824.0,87,11434,100.0,0.0,100,3,,,,,100.0,0.0,100.0,0.0,,,67.0,33.0,,,100,146,100.0,717.0,33,33,100.0,0.0,100.0,0.0,200.0,0.0,100.0,11272.0,100.0,58779323568.0,100.0,100477592432.0
2019-02-04,ZCH06TLA,ST12000NM0007,12000138625024,0,83,212687704,95.0,0.0,100.0,4.0,100.0,0.0,87.0,486782140.0,87,11449,100.0,0.0,100,3,,,,,100.0,0.0,100.0,0.0,,,67.0,33.0,,,100,146,100.0,717.0,33,33,100.0,0.0,100.0,0.0,200.0,0.0,100.0,11288.0,100.0,58831659712.0,100.0,100561312216.0
2019-02-05,ZCH06TLA,ST12000NM0007,12000138625024,0,81.0,114521552.0,95.0,0.0,100.0,4.0,100.0,0.0,87.0,492292019.0,87.0,11481.0,100.0,0.0,100.0,3.0,,,,,100.0,0.0,100.0,0.0,,,67.0,33.0,,,100.0,147.0,100.0,719.0,33.0,33.0,100.0,0.0,100.0,0.0,200.0,0.0,100.0,11320.0,100.0,58949463224.0,100.0,100833623976.0
2019-02-06,ZCH06TLA,ST12000NM0007,12000138625024,0,84,241374144,95.0,0.0,100.0,4.0,100.0,0.0,87.0,494158800.0,87,11497,100.0,0.0,100,3,,,,,100.0,0.0,100.0,0.0,,,66.0,34.0,,,100,147,100.0,719.0,34,34,100.0,0.0,100.0,0.0,200.0,0.0,100.0,11336.0,100.0,58994364600.0,100.0,100915575192.0
2019-02-07,ZCH06TLA,ST12000NM0007,12000138625024,0,81.0,126784232.0,95.0,0.0,100.0,4.0,100.0,0.0,87.0,496401254.0,87.0,11513.0,100.0,0.0,100.0,3.0,,,,,100.0,0.0,100.0,0.0,,,66.0,34.0,,,100.0,148.0,100.0,720.0,34.0,34.0,100.0,0.0,100.0,0.0,200.0,0.0,100.0,11351.0,100.0,59034453568.0,100.0,101005037016.0
2019-02-08,ZCH06TLA,ST12000NM0007,12000138625024,0,81,139264584,95.0,0.0,100.0,4.0,100.0,0.0,87.0,500294014.0,87,11545,100.0,0.0,100,3,,,,,100.0,0.0,100.0,0.0,,,67.0,33.0,,,100,148,100.0,721.0,33,33,100.0,0.0,100.0,0.0,200.0,0.0,100.0,11383.0,100.0,59132756832.0,100.0,101163354832.0
2019-02-09,ZCH06TLA,ST12000NM0007,12000138625024,0,74.0,27998472.0,95.0,0.0,100.0,4.0,100.0,0.0,87.0,501945011.0,87.0,11560.0,100.0,0.0,100.0,3.0,,,,,100.0,0.0,100.0,0.0,,,66.0,34.0,,,100.0,148.0,100.0,722.0,34.0,34.0,100.0,0.0,100.0,0.0,200.0,0.0,100.0,11399.0,100.0,59173403112.0,100.0,101255583072.0
2019-02-10,ZCH06TLA,ST12000NM0007,12000138625024,0,75,29415808,95.0,0.0,100.0,4.0,100.0,0.0,87.0,505112543.0,87,11592,100.0,0.0,100,3,,,,,100.0,0.0,100.0,0.0,,,66.0,34.0,,,100,148,100.0,723.0,34,34,100.0,0.0,100.0,0.0,200.0,0.0,100.0,11430.0,100.0,59268027272.0,100.0,101406516920.0
2019-02-11,ZCH06TLA,ST12000NM0007,12000138625024,0,80,94248832,95.0,0.0,100.0,4.0,100.0,0.0,87.0,506199088.0,87,11608,100.0,0.0,100,3,,,,,100.0,0.0,100.0,0.0,,,67.0,33.0,,,100,148,100.0,724.0,33,33,100.0,0.0,100.0,0.0,200.0,0.0,100.0,11446.0,100.0,59299802448.0,100.0,101439574768.0
2019-02-12,ZCH06TLA,ST12000NM0007,12000138625024,0,81.0,137986504.0,95.0,0.0,100.0,4.0,100.0,0.0,87.0,510432832.0,87.0,11640.0,100.0,0.0,100.0,3.0,,,,,100.0,0.0,100.0,0.0,,,66.0,34.0,,,100.0,148.0,100.0,725.0,34.0,34.0,100.0,0.0,100.0,0.0,200.0,0.0,100.0,11478.0,100.0,59378533944.0,100.0,101648721624.0
2019-02-13,ZCH06TLA,ST12000NM0007,12000138625024,0,72,15814688,95.0,0.0,100.0,4.0,100.0,0.0,87.0,513037092.0,87,11656,100.0,0.0,100,3,,,,,100.0,0.0,100.0,0.0,,,66.0,34.0,,,100,149,100.0,726.0,34,34,100.0,0.0,100.0,0.0,200.0,0.0,100.0,11493.0,100.0,59412901408.0,100.0,101736323064.0
2019-02-14,ZCH06TLA,ST12000NM0007,12000138625024,0,83,216032432,95.0,0.0,100.0,4.0,100.0,0.0,87.0,516849627.0,87,11687,100.0,0.0,100,3,,,,,100.0,0.0,100.0,0.0,,,67.0,33.0,,,100,150,100.0,727.0,33,33,100.0,0.0,100.0,0.0,200.0,0.0,100.0,11525.0,100.0,59500209984.0,100.0,101849232232.0
2019-02-15,ZCH06TLA,ST12000NM0007,12000138625024,0,81.0,116139424.0,95.0,0.0,100.0,4.0,100.0,0.0,87.0,518398342.0,87.0,11703.0,100.0,0.0,100.0,3.0,,,,,100.0,0.0,100.0,0.0,,,67.0,33.0,,,100.0,151.0,100.0,728.0,33.0,33.0,100.0,0.0,100.0,0.0,200.0,0.0,100.0,11540.0,100.0,59542619600.0,100.0,101951070424.0
2019-02-16,ZCH06TLA,ST12000NM0007,12000138625024,0,81.0,115612656.0,95.0,0.0,100.0,4.0,100.0,0.0,87.0,521181908.0,87.0,11735.0,100.0,0.0,100.0,3.0,,,,,100.0,0.0,100.0,0.0,,,67.0,33.0,,,100.0,152.0,100.0,729.0,33.0,33.0,100.0,0.0,100.0,0.0,200.0,0.0,100.0,11572.0,100.0,59612152640.0,100.0,102125151376.0
2019-02-17,ZCH06TLA,ST12000NM0007,12000138625024,0,84,227861112,95.0,0.0,100.0,4.0,100.0,0.0,87.0,522349335.0,87,11751,100.0,0.0,100,3,,,,,100.0,0.0,100.0,0.0,,,68.0,32.0,,,100,153,100.0,730.0,32,32,100.0,0.0,100.0,0.0,200.0,0.0,100.0,11588.0,100.0,59637615360.0,100.0,102211937112.0
2019-02-18,ZCH06TLA,ST12000NM0007,12000138625024,0,84,233135888,95.0,0.0,100.0,4.0,100.0,0.0,87.0,524572139.0,87,11782,100.0,0.0,100,3,,,,,100.0,0.0,100.0,0.0,,,67.0,33.0,,,100,154,100.0,731.0,33,33,100.0,0.0,100.0,0.0,200.0,0.0,100.0,11619.0,100.0,59690990512.0,100.0,102407977496.0
2019-02-19,ZCH06TLA,ST12000NM0007,12000138625024,0,75,30427424,95.0,0.0,100.0,4.0,100.0,0.0,87.0,528208673.0,87,11814,100.0,0.0,100,3,,,,,100.0,0.0,100.0,0.0,,,67.0,33.0,,,100,156,100.0,733.0,33,33,100.0,0.0,100.0,0.0,200.0,0.0,100.0,11651.0,100.0,59753111080.0,100.0,102631429904.0
2019-02-20,ZCH06TLA,ST12000NM0007,12000138625024,0,82.0,156773848.0,95.0,0.0,100.0,4.0,100.0,0.0,87.0,529413367.0,87.0,11830.0,100.0,0.0,100.0,3.0,,,,,100.0,0.0,100.0,0.0,,,66.0,34.0,,,100.0,156.0,100.0,733.0,34.0,34.0,100.0,0.0,100.0,0.0,200.0,0.0,100.0,11667.0,100.0,59784660296.0,100.0,102726227112.0
2019-02-21,ZCH06TLA,ST12000NM0007,12000138625024,0,83,193190672,95.0,0.0,100.0,4.0,100.0,0.0,87.0,533210445.0,87,11861,100.0,0.0,100,3,,,,,100.0,0.0,100.0,0.0,,,67.0,33.0,,,100,156,100.0,735.0,33,33,100.0,0.0,100.0,0.0,200.0,0.0,100.0,11698.0,100.0,59832592272.0,100.0,102958852680.0
2019-02-22,ZCH06TLA,ST12000NM0007,12000138625024,0,80,104421544,95.0,0.0,100.0,4.0,100.0,0.0,87.0,535015829.0,87,11877,100.0,0.0,100,3,,,,,100.0,0.0,100.0,0.0,,,66.0,34.0,,,100,156,100.0,735.0,34,34,100.0,0.0,100.0,0.0,200.0,0.0,100.0,11714.0,100.0,59852192168.0,100.0,103094624392.0
2019-02-23,ZCH06TLA,ST12000NM0007,12000138625024,0,82.0,159915080.0,95.0,0.0,100.0,4.0,100.0,0.0,87.0,538770913.0,87.0,11909.0,100.0,0.0,100.0,3.0,,,,,100.0,0.0,100.0,0.0,,,66.0,34.0,,,100.0,157.0,100.0,737.0,34.0,34.0,100.0,0.0,100.0,0.0,200.0,0.0,100.0,11746.0,100.0,59903287416.0,100.0,103343163320.0
2019-02-24,ZCH06TLA,ST12000NM0007,12000138625024,0,78,57280480,95.0,0.0,100.0,4.0,100.0,0.0,87.0,540639320.0,87,11925,100.0,0.0,100,3,,,,,100.0,0.0,100.0,0.0,,,66.0,34.0,,,100,157,100.0,737.0,34,34,100.0,0.0,100.0,0.0,200.0,0.0,100.0,11762.0,100.0,59922351096.0,100.0,103465605720.0
2019-02-25,ZCH06TLA,ST12000NM0007,12000138625024,0,80,101356672,95.0,0.0,100.0,4.0,100.0,0.0,87.0,544243555.0,87,11956,100.0,0.0,100,3,,,,,100.0,0.0,100.0,0.0,,,67.0,33.0,,,100,157,100.0,739.0,33,33,100.0,0.0,100.0,0.0,200.0,0.0,100.0,11792.0,100.0,59962202272.0,100.0,103713971392.0
2019-02-26,ZCH06TLA,ST12000NM0007,12000138625024,0,84,236701768,95.0,0.0,100.0,4.0,100.0,0.0,87.0,546579534.0,87,11972,100.0,0.0,100,3,,,,,100.0,0.0,100.0,0.0,,,66.0,34.0,,,100,157,100.0,739.0,34,34,100.0,0.0,100.0,0.0,200.0,0.0,100.0,11808.0,100.0,59989823288.0,100.0,103821695472.0
2019-02-27,ZCH06TLA,ST12000NM0007,12000138625024,0,79.0,87172248.0,95.0,0.0,100.0,4.0,100.0,0.0,87.0,550213803.0,87.0,12004.0,100.0,0.0,100.0,3.0,,,,,100.0,0.0,100.0,0.0,,,67.0,33.0,,,100.0,157.0,100.0,741.0,33.0,33.0,100.0,0.0,100.0,0.0,200.0,0.0,100.0,11839.0,100.0,60053804000.0,100.0,104096466544.0
2019-02-28,ZCH06TLA,ST12000NM0007,12000138625024,0,81,133236536,95.0,0.0,100.0,4.0,100.0,0.0,87.0,556028818.0,87,12035,100.0,0.0,100,3,,,,,100.0,0.0,100.0,0.0,,,68.0,32.0,,,100,157,100.0,742.0,32,32,100.0,0.0,100.0,0.0,200.0,0.0,100.0,11871.0,100.0,60112265496.0,100.0,104328210472.0
2019-03-01,ZCH06TLA,ST12000NM0007,12000138625024,0,84.0,241233912.0,95.0,0.0,100.0,4.0,100.0,0.0,87.0,557651548.0,87.0,12051.0,100.0,0.0,100.0,3.0,,,,,100.0,0.0,100.0,0.0,,,68.0,32.0,,,100.0,157.0,100.0,743.0,32.0,32.0,100.0,0.0,100.0,0.0,200.0,0.0,100.0,11887.0,100.0,60143846392.0,100.0,104404626952.0
2019-03-02,ZCH06TLA,ST12000NM0007,12000138625024,0,71.0,11825520.0,95.0,0.0,100.0,4.0,100.0,0.0,87.0,560509614.0,87.0,12083.0,100.0,0.0,100.0,3.0,,,,,100.0,0.0,100.0,0.0,,,68.0,32.0,,,100.0,157.0,100.0,744.0,32.0,32.0,100.0,0.0,100.0,0.0,200.0,0.0,100.0,11918.0,100.0,60199194864.0,100.0,104608151608.0
2019-03-03,ZCH06TLA,ST12000NM0007,12000138625024,0,82.0,146377728.0,95.0,0.0,100.0,4.0,100.0,0.0,87.0,561938228.0,87.0,12099.0,100.0,0.0,100.0,3.0,,,,,100.0,0.0,100.0,0.0,,,68.0,32.0,,,100.0,157.0,100.0,745.0,32.0,32.0,100.0,0.0,100.0,0.0,200.0,0.0,100.0,11933.0,100.0,60225080056.0,100.0,104716818624.0
2019-03-04,ZCH06TLA,ST12000NM0007,12000138625024,0,84,228643936,95.0,0.0,100.0,4.0,100.0,0.0,88.0,566066555.0,87,12130,100.0,0.0,100,3,,,,,100.0,0.0,100.0,0.0,,,68.0,32.0,,,100,158,100.0,746.0,32,32,100.0,0.0,100.0,0.0,200.0,0.0,100.0,11965.0,100.0,60304869264.0,100.0,104963436296.0
2019-03-05,ZCH06TLA,ST12000NM0007,12000138625024,0,81.0,126112122.0,94.0,0.0,100.0,5.0,100.0,0.0,88.0,567557532.0,87.0,12147.0,100.0,0.0,100.0,4.0,,,,,100.0,0.0,100.0,0.0,,,69.0,31.0,,,100.0,158.0,100.0,749.0,31.0,31.0,100.0,0.0,100.0,0.0,200.0,0.0,100.0,11981.0,100.0,60336310960.0,100.0,105073603506.0
2019-03-06,ZCH06TLA,ST12000NM0007,12000138625024,0,69.0,7923936.0,94.0,0.0,100.0,5.0,100.0,0.0,88.0,568988933.0,87.0,12162.0,100.0,0.0,100.0,4.0,,,,,100.0,0.0,100.0,0.0,,,68.0,32.0,,,100.0,158.0,100.0,749.0,32.0,32.0,100.0,0.0,100.0,0.0,200.0,0.0,100.0,11997.0,100.0,60368421992.0,100.0,105167445186.0
2019-03-07,ZCH06TLA,ST12000NM0007,12000138625024,0,84.0,233899064.0,94.0,0.0,100.0,5.0,100.0,0.0,88.0,575875752.0,87.0,12194.0,100.0,0.0,100.0,4.0,,,,,100.0,0.0,100.0,0.0,,,69.0,31.0,,,100.0,159.0,100.0,751.0,31.0,31.0,100.0,0.0,100.0,0.0,200.0,0.0,100.0,12028.0,100.0,60404261096.0,100.0,105357581210.0
2019-03-08,ZCH06TLA,ST12000NM0007,12000138625024,0,73.0,20392856.0,92.0,0.0,100.0,6.0,100.0,0.0,88.0,579000410.0,87.0,12226.0,100.0,0.0,100.0,5.0,,,,,100.0,0.0,100.0,0.0,,,67.0,33.0,,,100.0,160.0,100.0,753.0,33.0,33.0,100.0,0.0,100.0,0.0,200.0,0.0,100.0,12060.0,100.0,60470459192.0,100.0,105566158262.0
2019-03-09,ZCH06TLA,ST12000NM0007,12000138625024,0,82.0,159193992.0,92.0,0.0,100.0,6.0,100.0,0.0,88.0,580430002.0,87.0,12242.0,100.0,0.0,100.0,5.0,,,,,100.0,0.0,100.0,0.0,,,68.0,32.0,,,100.0,160.0,100.0,753.0,32.0,32.0,100.0,0.0,100.0,0.0,200.0,0.0,100.0,12075.0,100.0,60494724104.0,100.0,105680694486.0
2019-03-10,ZCH06TLA,ST12000NM0007,12000138625024,0,82.0,175392312.0,92.0,0.0,100.0,6.0,100.0,0.0,88.0,583305174.0,86.0,12273.0,100.0,0.0,100.0,5.0,,,,,100.0,0.0,100.0,0.0,,,67.0,33.0,,,100.0,161.0,100.0,755.0,33.0,33.0,100.0,0.0,100.0,0.0,200.0,0.0,100.0,12107.0,100.0,60565345672.0,100.0,105870411998.0
2019-03-11,ZCH06TLA,ST12000NM0007,12000138625024,0,80.0,91794528.0,92.0,0.0,100.0,6.0,100.0,0.0,88.0,585004701.0,86.0,12289.0,100.0,0.0,100.0,5.0,,,,,100.0,0.0,100.0,0.0,,,68.0,32.0,,,100.0,161.0,100.0,755.0,32.0,32.0,100.0,0.0,100.0,0.0,200.0,0.0,100.0,12123.0,100.0,60624271456.0,100.0,105972029110.0
2019-03-12,ZCH06TLA,ST12000NM0007,12000138625024,0,83.0,179625184.0,92.0,0.0,100.0,6.0,100.0,0.0,88.0,589195315.0,86.0,12321.0,100.0,0.0,100.0,5.0,,,,,100.0,0.0,100.0,0.0,,,68.0,32.0,,,100.0,163.0,100.0,757.0,32.0,32.0,100.0,0.0,100.0,0.0,200.0,0.0,100.0,12154.0,100.0,60703378976.0,100.0,106224892878.0
2019-03-13,ZCH06TLA,ST12000NM0007,12000138625024,0,80.0,97500648.0,92.0,0.0,100.0,6.0,100.0,0.0,88.0,590795874.0,86.0,12337.0,100.0,0.0,100.0,5.0,,,,,100.0,0.0,100.0,0.0,,,69.0,31.0,,,100.0,163.0,100.0,757.0,31.0,31.0,100.0,0.0,100.0,0.0,200.0,0.0,100.0,12170.0,100.0,60738982040.0,100.0,106351306054.0
2019-03-14,ZCH06TLA,ST12000NM0007,12000138625024,0,82.0,149542384.0,92.0,0.0,100.0,6.0,100.0,0.0,88.0,594873886.0,86.0,12368.0,100.0,0.0,100.0,5.0,,,,,100.0,0.0,100.0,0.0,,,68.0,32.0,,,100.0,165.0,100.0,759.0,32.0,32.0,100.0,0.0,100.0,0.0,200.0,0.0,100.0,12202.0,100.0,60824122136.0,100.0,106562348326.0
2019-03-15,ZCH06TLA,ST12000NM0007,12000138625024,0,77.0,50546992.0,92.0,0.0,100.0,6.0,100.0,0.0,88.0,596501975.0,86.0,12384.0,100.0,0.0,100.0,5.0,,,,,100.0,0.0,100.0,0.0,,,69.0,31.0,,,100.0,165.0,100.0,759.0,31.0,31.0,100.0,0.0,100.0,0.0,200.0,0.0,100.0,12218.0,100.0,60864653072.0,100.0,106666962678.0
2019-03-16,ZCH06TLA,ST12000NM0007,12000138625024,0,79.0,81127096.0,92.0,0.0,100.0,6.0,100.0,0.0,88.0,599492185.0,86.0,12416.0,100.0,0.0,100.0,5.0,,,,,100.0,0.0,100.0,0.0,,,69.0,31.0,,,100.0,166.0,100.0,761.0,31.0,31.0,100.0,0.0,100.0,0.0,200.0,0.0,100.0,12249.0,100.0,60924686368.0,100.0,106881650286.0
2019-03-17,ZCH06TLA,ST12000NM0007,12000138625024,0,84.0,236278136.0,92.0,0.0,100.0,6.0,100.0,0.0,88.0,601141474.0,86.0,12432.0,100.0,0.0,100.0,5.0,,,,,100.0,0.0,100.0,0.0,,,69.0,31.0,,,100.0,166.0,100.0,761.0,31.0,31.0,100.0,0.0,100.0,0.0,200.0,0.0,100.0,12265.0,100.0,60975659328.0,100.0,106985828366.0
2019-03-18,ZCH06TLA,ST12000NM0007,12000138625024,0,79.0,72239600.0,92.0,0.0,100.0,6.0,100.0,0.0,88.0,605228503.0,86.0,12463.0,100.0,0.0,100.0,5.0,,,,,100.0,0.0,100.0,0.0,,,69.0,31.0,,,100.0,166.0,100.0,763.0,31.0,31.0,100.0,0.0,100.0,0.0,200.0,0.0,100.0,12296.0,100.0,61044838640.0,100.0,107240891846.0
2019-03-19,ZCH06TLA,ST12000NM0007,12000138625024,0,70.0,10333400.0,92.0,0.0,100.0,6.0,100.0,0.0,88.0,608981255.0,86.0,12479.0,100.0,0.0,100.0,5.0,,,,,100.0,0.0,100.0,0.0,,,69.0,31.0,,,100.0,166.0,100.0,763.0,31.0,31.0,100.0,0.0,100.0,0.0,200.0,0.0,100.0,12312.0,100.0,61087155560.0,100.0,107380809366.0
2019-03-20,ZCH06TLA,ST12000NM0007,12000138625024,0,77.0,55042904.0,92.0,0.0,100.0,6.0,100.0,0.0,88.0,612375457.0,86.0,12511.0,100.0,0.0,100.0,5.0,,,,,100.0,0.0,100.0,0.0,,,69.0,31.0,,,100.0,166.0,100.0,765.0,31.0,31.0,100.0,0.0,100.0,0.0,200.0,0.0,100.0,12343.0,100.0,61162624264.0,100.0,107594191118.0
2019-03-21,ZCH06TLA,ST12000NM0007,12000138625024,0,83.0,190205032.0,92.0,0.0,100.0,6.0,100.0,0.0,88.0,615120038.0,86.0,12526.0,100.0,0.0,100.0,5.0,,,,,100.0,0.0,100.0,0.0,,,68.0,32.0,,,100.0,166.0,100.0,765.0,32.0,32.0,100.0,0.0,100.0,0.0,200.0,0.0,100.0,12359.0,100.0,61218188784.0,100.0,107673788726.0
2019-03-22,ZCH06TLA,ST12000NM0007,12000138625024,0,82.0,166380360.0,92.0,0.0,100.0,6.0,100.0,0.0,88.0,618244873.0,86.0,12558.0,100.0,0.0,100.0,5.0,,,,,100.0,0.0,100.0,0.0,,,69.0,31.0,,,100.0,168.0,100.0,767.0,31.0,31.0,100.0,0.0,100.0,0.0,200.0,0.0,100.0,12390.0,100.0,61294201432.0,100.0,107818092070.0
2019-03-23,ZCH06TLA,ST12000NM0007,12000138625024,0,76.0,37840920.0,92.0,0.0,100.0,6.0,100.0,0.0,88.0,619686265.0,86.0,12574.0,100.0,0.0,100.0,5.0,,,,,100.0,0.0,100.0,0.0,,,67.0,33.0,,,100.0,168.0,100.0,767.0,33.0,33.0,100.0,0.0,100.0,0.0,200.0,0.0,100.0,12406.0,100.0,61328963056.0,100.0,107898931774.0
2019-03-24,ZCH06TLA,ST12000NM0007,12000138625024,0,67.0,4704320.0,92.0,0.0,100.0,6.0,100.0,0.0,88.0,622468409.0,86.0,12605.0,100.0,0.0,100.0,5.0,,,,,100.0,0.0,100.0,0.0,,,69.0,31.0,,,100.0,168.0,100.0,769.0,31.0,31.0,100.0,0.0,100.0,0.0,200.0,0.0,100.0,12438.0,100.0,61395612304.0,100.0,108043286702.0
2019-03-25,ZCH06TLA,ST12000NM0007,12000138625024,0,80.0,90334440.0,92.0,0.0,100.0,6.0,100.0,0.0,88.0,623717435.0,86.0,12621.0,100.0,0.0,100.0,5.0,,,,,100.0,0.0,100.0,0.0,,,67.0,33.0,,,100.0,168.0,100.0,769.0,33.0,33.0,100.0,0.0,100.0,0.0,200.0,0.0,100.0,12454.0,100.0,61428046200.0,100.0,108096482926.0
2019-03-26,ZCH06TLA,ST12000NM0007,12000138625024,0,80.0,112013464.0,92.0,0.0,100.0,6.0,100.0,0.0,88.0,627931964.0,86.0,12653.0,100.0,0.0,100.0,5.0,,,,,100.0,0.0,100.0,0.0,,,69.0,31.0,,,100.0,169.0,100.0,771.0,31.0,31.0,100.0,0.0,100.0,0.0,200.0,0.0,100.0,12485.0,100.0,61513133112.0,100.0,108277216078.0
2019-03-27,ZCH06TLA,ST12000NM0007,12000138625024,0,84.0,240448576.0,92.0,0.0,100.0,6.0,100.0,0.0,88.0,629450832.0,86.0,12669.0,100.0,0.0,100.0,5.0,,,,,100.0,0.0,100.0,0.0,,,69.0,31.0,,,100.0,169.0,100.0,771.0,31.0,31.0,100.0,0.0,100.0,0.0,200.0,0.0,100.0,12501.0,100.0,61557559352.0,100.0,108361224950.0
2019-03-28,ZCH06TLA,ST12000NM0007,12000138625024,0,69.0,8563016.0,92.0,0.0,100.0,6.0,100.0,0.0,88.0,633549723.0,86.0,12700.0,100.0,0.0,100.0,5.0,,,,,100.0,0.0,100.0,0.0,,,69.0,31.0,,,100.0,170.0,100.0,773.0,31.0,31.0,100.0,0.0,100.0,0.0,200.0,0.0,100.0,12532.0,100.0,61629643584.0,100.0,108545536534.0
2019-03-29,ZCH06TLA,ST12000NM0007,12000138625024,0,75.0,32189216.0,92.0,0.0,100.0,6.0,100.0,0.0,88.0,636841164.0,86.0,12732.0,100.0,0.0,100.0,5.0,,,,,100.0,0.0,100.0,0.0,,,69.0,31.0,,,100.0,171.0,100.0,774.0,31.0,31.0,100.0,0.0,100.0,0.0,200.0,0.0,100.0,12564.0,100.0,61713236600.0,100.0,108729710558.0
2019-03-30,ZCH06TLA,ST12000NM0007,12000138625024,0,82.0,153872136.0,92.0,0.0,100.0,6.0,100.0,0.0,88.0,638384289.0,86.0,12748.0,100.0,0.0,100.0,5.0,,,,,100.0,0.0,100.0,0.0,,,69.0,31.0,,,100.0,171.0,100.0,775.0,31.0,31.0,100.0,0.0,100.0,0.0,200.0,0.0,100.0,12579.0,100.0,61751498912.0,100.0,108813131166.0
2019-03-31,ZCH06TLA,ST12000NM0007,12000138625024,0,77.0,55104504.0,92.0,0.0,100.0,6.0,100.0,0.0,88.0,640220244.0,86.0,12764.0,100.0,0.0,100.0,5.0,,,,,100.0,0.0,100.0,0.0,,,68.0,32.0,,,100.0,171.0,100.0,775.0,32.0,32.0,100.0,0.0,100.0,0.0,200.0,0.0,100.0,12595.0,100.0,61802605480.0,100.0,108907397758.0
2019-04-01,ZCH06TLA,ST12000NM0007,12000138625024,0,80.0,106030352.0,92.0,0.0,100.0,6.0,100.0,0.0,88.0,643500989.0,86.0,12796.0,100.0,0.0,100.0,5.0,,,,,100.0,0.0,100.0,0.0,,,70.0,30.0,,,100.0,172.0,100.0,776.0,30.0,30.0,100.0,0.0,100.0,0.0,200.0,0.0,100.0,12627.0,100.0,61901865808.0,100.0,109103204470.0
2019-04-02,ZCH06TLA,ST12000NM0007,12000138625024,0,73.0,17817608.0,92.0,0.0,100.0,6.0,100.0,0.0,88.0,646383801.0,86.0,12811.0,100.0,0.0,100.0,5.0,,,,,100.0,0.0,100.0,0.0,,,69.0,31.0,,,100.0,172.0,100.0,777.0,31.0,31.0,100.0,0.0,100.0,0.0,200.0,0.0,100.0,12643.0,100.0,61946239408.0,100.0,109214758814.0
2019-04-03,ZCH06TLA,ST12000NM0007,12000138625024,0,80.0,91151712.0,92.0,0.0,100.0,6.0,100.0,0.0,88.0,651465872.0,86.0,12843.0,100.0,0.0,100.0,5.0,,,,,100.0,0.0,100.0,0.0,,,69.0,31.0,,,100.0,173.0,100.0,779.0,31.0,31.0,100.0,0.0,100.0,0.0,200.0,0.0,100.0,12674.0,100.0,62039541208.0,100.0,109438931934.0
2019-04-04,ZCH06TLA,ST12000NM0007,12000138625024,0,83.0,220937296.0,92.0,0.0,100.0,6.0,100.0,0.0,88.0,653915818.0,86.0,12859.0,100.0,0.0,100.0,5.0,,,,,100.0,0.0,100.0,0.0,,,69.0,31.0,,,100.0,173.0,100.0,779.0,31.0,31.0,100.0,0.0,100.0,0.0,200.0,0.0,100.0,12690.0,100.0,62072394784.0,100.0,109535863942.0
2019-04-05,ZCH06TLA,ST12000NM0007,12000138625024,0,84.0,224942072.0,92.0,0.0,100.0,6.0,100.0,0.0,88.0,657042283.0,86.0,12891.0,100.0,0.0,100.0,5.0,,,,,100.0,0.0,100.0,0.0,,,69.0,31.0,,,100.0,175.0,100.0,781.0,31.0,31.0,100.0,0.0,100.0,0.0,200.0,0.0,100.0,12722.0,100.0,62132602360.0,100.0,109723801902.0
2019-04-06,ZCH06TLA,ST12000NM0007,12000138625024,0,80.0,104937000.0,92.0,0.0,100.0,6.0,100.0,0.0,88.0,658497791.0,86.0,12907.0,100.0,0.0,100.0,5.0,,,,,100.0,0.0,100.0,0.0,,,68.0,32.0,,,100.0,175.0,100.0,781.0,32.0,32.0,100.0,0.0,100.0,0.0,200.0,0.0,100.0,12738.0,100.0,62164789328.0,100.0,109815750718.0
2019-04-07,ZCH06TLA,ST12000NM0007,12000138625024,0,80.0,110797792.0,92.0,0.0,100.0,6.0,100.0,0.0,88.0,661210895.0,86.0,12939.0,100.0,0.0,100.0,5.0,,,,,100.0,0.0,100.0,0.0,,,69.0,31.0,,,100.0,176.0,100.0,782.0,31.0,31.0,100.0,0.0,100.0,0.0,200.0,0.0,100.0,12769.0,100.0,62223497752.0,100.0,110007043854.0
2019-04-08,ZCH06TLA,ST12000NM0007,12000138625024,0,83.0,221923416.0,92.0,0.0,100.0,6.0,100.0,0.0,88.0,662552943.0,86.0,12954.0,100.0,0.0,100.0,5.0,,,,,100.0,0.0,100.0,0.0,,,68.0,32.0,,,100.0,177.0,100.0,783.0,32.0,32.0,100.0,0.0,100.0,0.0,200.0,0.0,100.0,12785.0,100.0,62250558416.0,100.0,110091108814.0
2019-04-09,ZCH06TLA,ST12000NM0007,12000138625024,0,76.0,35490080.0,92.0,0.0,100.0,6.0,100.0,0.0,88.0,666905922.0,86.0,12986.0,100.0,0.0,100.0,5.0,,,,,100.0,0.0,100.0,0.0,,,69.0,31.0,,,100.0,177.0,100.0,785.0,31.0,31.0,100.0,0.0,100.0,0.0,200.0,0.0,100.0,12817.0,100.0,62321561560.0,100.0,110321953798.0
2019-04-10,ZCH06TLA,ST12000NM0007,12000138625024,0,82.0,147308376.0,92.0,0.0,100.0,6.0,100.0,0.0,88.0,668140088.0,86.0,13002.0,100.0,0.0,100.0,5.0,,,,,100.0,0.0,100.0,0.0,,,69.0,31.0,,,100.0,177.0,100.0,785.0,31.0,31.0,100.0,0.0,100.0,0.0,200.0,0.0,100.0,12833.0,100.0,62347943392.0,100.0,110407390262.0
2019-04-11,ZCH06TLA,ST12000NM0007,12000138625024,0,82.0,162676720.0,92.0,0.0,100.0,6.0,100.0,0.0,88.0,671796521.0,86.0,13034.0,100.0,0.0,100.0,5.0,,,,,100.0,0.0,100.0,0.0,,,69.0,31.0,,,100.0,178.0,100.0,787.0,31.0,31.0,100.0,0.0,100.0,0.0,200.0,0.0,100.0,12865.0,100.0,62389133744.0,100.0,110625708942.0
2019-04-12,ZCH06TLA,ST12000NM0007,12000138625024,0,76.0,37161424.0,92.0,0.0,100.0,6.0,100.0,0.0,88.0,672975229.0,86.0,13050.0,100.0,0.0,100.0,5.0,,,,,100.0,0.0,100.0,0.0,,,69.0,31.0,,,100.0,178.0,100.0,787.0,31.0,31.0,100.0,0.0,100.0,0.0,200.0,0.0,100.0,12881.0,100.0,62410628704.0,100.0,110722839614.0
2019-04-13,ZCH06TLA,ST12000NM0007,12000138625024,0,78.0,58485008.0,92.0,0.0,100.0,6.0,100.0,0.0,88.0,675864640.0,86.0,13082.0,100.0,0.0,100.0,5.0,,,,,100.0,0.0,100.0,0.0,,,69.0,31.0,,,100.0,180.0,100.0,789.0,31.0,31.0,100.0,0.0,100.0,0.0,200.0,0.0,100.0,12912.0,100.0,62467417072.0,100.0,110931515486.0
2019-04-14,ZCH06TLA,ST12000NM0007,12000138625024,0,83.0,195644840.0,92.0,0.0,100.0,6.0,100.0,0.0,88.0,677293171.0,86.0,13098.0,100.0,0.0,100.0,5.0,,,,,100.0,0.0,100.0,0.0,,,69.0,31.0,,,100.0,180.0,100.0,789.0,31.0,31.0,100.0,0.0,100.0,0.0,200.0,0.0,100.0,12928.0,100.0,62496591376.0,100.0,111039501014.0
2019-04-15,ZCH06TLA,ST12000NM0007,12000138625024,0,83.0,210215144.0,92.0,0.0,100.0,6.0,100.0,0.0,88.0,680041753.0,86.0,13129.0,100.0,0.0,100.0,5.0,,,,,100.0,0.0,100.0,0.0,,,70.0,30.0,,,100.0,182.0,100.0,791.0,30.0,30.0,100.0,0.0,100.0,0.0,200.0,0.0,100.0,12960.0,100.0,62549444792.0,100.0,111245359038.0
2019-04-16,ZCH06TLA,ST12000NM0007,12000138625024,0,81.0,132405480.0,92.0,0.0,100.0,6.0,100.0,0.0,88.0,682668780.0,85.0,13145.0,100.0,0.0,100.0,5.0,,,,,100.0,0.0,100.0,0.0,,,69.0,31.0,,,100.0,182.0,100.0,791.0,31.0,31.0,100.0,0.0,100.0,0.0,200.0,0.0,100.0,12975.0,100.0,62576390944.0,100.0,111384743854.0
2019-04-17,ZCH06TLA,ST12000NM0007,12000138625024,0,82.0,171352576.0,92.0,0.0,100.0,6.0,100.0,0.0,88.0,685492594.0,85.0,13177.0,100.0,0.0,100.0,5.0,,,,,100.0,0.0,100.0,0.0,,,69.0,31.0,,,100.0,183.0,100.0,793.0,31.0,31.0,100.0,0.0,100.0,0.0,200.0,0.0,100.0,13007.0,100.0,62632888784.0,100.0,111611333870.0
2019-04-18,ZCH06TLA,ST12000NM0007,12000138625024,0,83.0,203454288.0,92.0,0.0,100.0,6.0,100.0,0.0,88.0,689561084.0,85.0,13209.0,100.0,0.0,100.0,5.0,,,,,100.0,0.0,100.0,0.0,,,69.0,31.0,,,100.0,184.0,100.0,794.0,31.0,31.0,100.0,0.0,100.0,0.0,200.0,0.0,100.0,13039.0,100.0,62695978424.0,100.0,111824486574.0
2019-04-19,ZCH06TLA,ST12000NM0007,12000138625024,0,80.0,92595440.0,92.0,0.0,100.0,6.0,100.0,0.0,88.0,691148774.0,85.0,13224.0,100.0,0.0,100.0,5.0,,,,,100.0,0.0,100.0,0.0,,,69.0,31.0,,,100.0,184.0,100.0,795.0,31.0,31.0,100.0,0.0,100.0,0.0,200.0,0.0,100.0,13055.0,100.0,62727657376.0,100.0,111926089758.0
2019-04-20,ZCH06TLA,ST12000NM0007,12000138625024,0,81.0,121836752.0,92.0,0.0,100.0,6.0,100.0,0.0,88.0,693857869.0,85.0,13256.0,100.0,0.0,100.0,5.0,,,,,100.0,0.0,100.0,0.0,,,69.0,31.0,,,100.0,185.0,100.0,796.0,31.0,31.0,100.0,0.0,100.0,0.0,200.0,0.0,100.0,13086.0,100.0,62781160600.0,100.0,112145968494.0
2019-04-21,ZCH06TLA,ST12000NM0007,12000138625024,0,84.0,242990608.0,92.0,0.0,100.0,6.0,100.0,0.0,88.0,695053584.0,85.0,13272.0,100.0,0.0,100.0,5.0,,,,,100.0,0.0,100.0,0.0,,,69.0,31.0,,,100.0,185.0,100.0,796.0,31.0,31.0,100.0,0.0,100.0,0.0,200.0,0.0,100.0,13102.0,100.0,62791548048.0,100.0,112256734902.0
2019-04-22,ZCH06TLA,ST12000NM0007,12000138625024,0,76.0,40321736.0,92.0,0.0,100.0,6.0,100.0,0.0,88.0,698134826.0,85.0,13304.0,100.0,0.0,100.0,5.0,,,,,100.0,0.0,100.0,0.0,,,69.0,31.0,,,100.0,185.0,100.0,798.0,31.0,31.0,100.0,0.0,100.0,0.0,200.0,0.0,100.0,13134.0,100.0,62846907288.0,100.0,112486988318.0
2019-04-23,ZCH06TLA,ST12000NM0007,12000138625024,0,84.0,225017696.0,92.0,0.0,100.0,6.0,100.0,0.0,88.0,702863978.0,85.0,13320.0,100.0,0.0,100.0,5.0,,,,,100.0,0.0,100.0,0.0,,,69.0,31.0,,,100.0,186.0,100.0,799.0,31.0,31.0,100.0,0.0,100.0,0.0,200.0,0.0,100.0,13150.0,100.0,62880313392.0,100.0,112638278366.0
2019-04-24,ZCH06TLA,ST12000NM0007,12000138625024,0,81.0,123286472.0,92.0,0.0,100.0,6.0,100.0,0.0,88.0,704410467.0,85.0,13336.0,100.0,0.0,100.0,5.0,,,,,100.0,0.0,100.0,0.0,,,69.0,31.0,,,100.0,186.0,100.0,799.0,31.0,31.0,100.0,0.0,100.0,0.0,200.0,0.0,100.0,13166.0,100.0,62913757128.0,100.0,112747244110.0
2019-04-25,ZCH06TLA,ST12000NM0007,12000138625024,0,81.0,124177080.0,92.0,0.0,100.0,6.0,100.0,0.0,89.0,708539202.0,85.0,13367.0,100.0,0.0,100.0,5.0,,,,,100.0,0.0,100.0,0.0,,,70.0,30.0,,,100.0,186.0,100.0,801.0,30.0,30.0,100.0,0.0,100.0,0.0,200.0,0.0,100.0,13197.0,100.0,62976366640.0,100.0,112929666270.0
2019-04-26,ZCH06TLA,ST12000NM0007,12000138625024,0,73.0,17967480.0,92.0,0.0,100.0,6.0,100.0,0.0,89.0,709988017.0,85.0,13383.0,100.0,0.0,100.0,5.0,,,,,100.0,0.0,100.0,0.0,,,69.0,31.0,,,100.0,186.0,100.0,802.0,31.0,31.0,100.0,0.0,100.0,0.0,200.0,0.0,100.0,13213.0,100.0,63010702872.0,100.0,113033262206.0
2019-04-27,ZCH06TLA,ST12000NM0007,12000138625024,0,77.0,49017704.0,92.0,0.0,100.0,6.0,100.0,0.0,89.0,712744253.0,85.0,13415.0,100.0,0.0,100.0,5.0,,,,,100.0,0.0,100.0,0.0,,,69.0,31.0,,,100.0,186.0,100.0,803.0,31.0,31.0,100.0,0.0,100.0,0.0,200.0,0.0,100.0,13244.0,100.0,63067880744.0,100.0,113251275214.0
2019-04-28,ZCH06TLA,ST12000NM0007,12000138625024,0,83.0,208410816.0,92.0,0.0,100.0,6.0,100.0,0.0,89.0,714313866.0,85.0,13430.0,100.0,0.0,100.0,5.0,,,,,100.0,0.0,100.0,0.0,,,69.0,31.0,,,100.0,187.0,100.0,804.0,31.0,31.0,100.0,0.0,100.0,0.0,200.0,0.0,100.0,13260.0,100.0,63105848664.0,100.0,113372700406.0
2019-04-29,ZCH06TLA,ST12000NM0007,12000138625024,0,76.0,42623656.0,92.0,0.0,100.0,6.0,100.0,0.0,89.0,717668581.0,85.0,13462.0,100.0,0.0,100.0,5.0,,,,,100.0,0.0,100.0,0.0,,,69.0,31.0,,,100.0,187.0,100.0,805.0,31.0,31.0,100.0,0.0,100.0,0.0,200.0,0.0,100.0,13292.0,100.0,63159332432.0,100.0,113641710766.0
2019-04-30,ZCH06TLA,ST12000NM0007,12000138625024,0,81.0,122307368.0,92.0,0.0,100.0,6.0,100.0,0.0,89.0,722223044.0,85.0,13494.0,100.0,0.0,100.0,5.0,,,,,100.0,0.0,100.0,0.0,,,70.0,30.0,,,100.0,188.0,100.0,806.0,30.0,30.0,100.0,0.0,100.0,0.0,200.0,0.0,100.0,13324.0,100.0,63233413040.0,100.0,113891454614.0
2019-05-01,ZCH06TLA,ST12000NM0007,12000138625024,0,74.0,24780544.0,92.0,0.0,100.0,6.0,100.0,0.0,89.0,723665044.0,85.0,13510.0,100.0,0.0,100.0,5.0,,,,,100.0,0.0,100.0,0.0,,,68.0,32.0,,,100.0,189.0,100.0,807.0,32.0,32.0,100.0,0.0,100.0,0.0,200.0,0.0,100.0,13339.0,100.0,63261954032.0,100.0,114009527430.0
2019-05-02,ZCH06TLA,ST12000NM0007,12000138625024,0,70.0,9725072.0,92.0,0.0,100.0,6.0,100.0,0.0,89.0,727717965.0,85.0,13542.0,100.0,0.0,100.0,5.0,,,,,100.0,0.0,100.0,0.0,,,69.0,31.0,,,100.0,189.0,100.0,808.0,31.0,31.0,100.0,0.0,100.0,0.0,200.0,0.0,100.0,13371.0,100.0,63328404712.0,100.0,114172162238.0
2019-05-03,ZCH06TLA,ST12000NM0007,12000138625024,0,82.0,155160648.0,92.0,0.0,100.0,6.0,100.0,0.0,89.0,729102436.0,85.0,13557.0,100.0,0.0,100.0,5.0,,,,,100.0,0.0,100.0,0.0,,,69.0,31.0,,,100.0,190.0,100.0,809.0,31.0,31.0,100.0,0.0,100.0,0.0,200.0,0.0,100.0,13387.0,100.0,63362866256.0,100.0,114283136270.0
2019-05-04,ZCH06TLA,ST12000NM0007,12000138625024,0,83.0,184404392.0,92.0,0.0,100.0,6.0,100.0,0.0,89.0,731788013.0,85.0,13589.0,100.0,0.0,100.0,5.0,,,,,100.0,0.0,100.0,0.0,,,69.0,31.0,,,100.0,190.0,100.0,810.0,31.0,31.0,100.0,0.0,100.0,0.0,200.0,0.0,100.0,13418.0,100.0,63422884888.0,100.0,114496502254.0
2019-05-05,ZCH06TLA,ST12000NM0007,12000138625024,0,80.0,94514104.0,92.0,0.0,100.0,6.0,100.0,0.0,89.0,733346626.0,85.0,13605.0,100.0,0.0,100.0,5.0,,,,,100.0,0.0,100.0,0.0,,,69.0,31.0,,,100.0,191.0,100.0,811.0,31.0,31.0,100.0,0.0,100.0,0.0,200.0,0.0,100.0,13434.0,100.0,63457116488.0,100.0,114616521190.0
2019-05-06,ZCH06TLA,ST12000NM0007,12000138625024,0,83.0,183128152.0,92.0,0.0,100.0,6.0,100.0,0.0,89.0,736503881.0,85.0,13637.0,100.0,0.0,100.0,5.0,,,,,100.0,0.0,100.0,0.0,,,69.0,31.0,,,100.0,191.0,100.0,812.0,31.0,31.0,100.0,0.0,100.0,0.0,200.0,0.0,100.0,13466.0,100.0,63528526088.0,100.0,114877866278.0
2019-05-07,ZCH06TLA,ST12000NM0007,12000138625024,0,80.0,96831392.0,92.0,0.0,100.0,6.0,100.0,0.0,89.0,739342433.0,85.0,13653.0,100.0,0.0,100.0,5.0,,,,,100.0,0.0,100.0,0.0,,,68.0,32.0,,,100.0,191.0,100.0,813.0,32.0,32.0,100.0,0.0,100.0,0.0,200.0,0.0,100.0,13481.0,100.0,63556542656.0,100.0,115007693582.0
2019-05-08,ZCH06TLA,ST12000NM0007,12000138625024,0,82.0,148100896.0,92.0,0.0,100.0,6.0,100.0,0.0,89.0,742296480.0,85.0,13685.0,100.0,0.0,100.0,5.0,,,,,100.0,0.0,100.0,0.0,,,70.0,30.0,,,100.0,192.0,100.0,814.0,30.0,30.0,100.0,0.0,100.0,0.0,200.0,0.0,100.0,13513.0,100.0,63627067664.0,100.0,115232578798.0
2019-05-09,ZCH06TLA,ST12000NM0007,12000138625024,0,77.0,48040248.0,92.0,0.0,100.0,6.0,100.0,0.0,89.0,744335444.0,85.0,13701.0,100.0,0.0,100.0,5.0,,,,,100.0,0.0,100.0,0.0,,,69.0,31.0,,,100.0,193.0,100.0,815.0,31.0,31.0,100.0,0.0,100.0,0.0,200.0,0.0,100.0,13529.0,100.0,63666343512.0,100.0,115337382982.0
2019-05-10,ZCH06TLA,ST12000NM0007,12000138625024,0,80.0,92810888.0,92.0,0.0,100.0,6.0,100.0,0.0,89.0,748220676.0,85.0,13732.0,100.0,0.0,100.0,5.0,,,,,100.0,0.0,100.0,0.0,,,70.0,30.0,,,100.0,193.0,100.0,816.0,30.0,30.0,100.0,0.0,100.0,0.0,200.0,0.0,100.0,13561.0,100.0,63742909008.0,100.0,115549728862.0
2019-05-11,ZCH06TLA,ST12000NM0007,12000138625024,0,84.0,237460592.0,92.0,0.0,100.0,6.0,100.0,0.0,89.0,749812993.0,85.0,13748.0,100.0,0.0,100.0,5.0,,,,,100.0,0.0,100.0,0.0,,,69.0,31.0,,,100.0,193.0,100.0,817.0,31.0,31.0,100.0,0.0,100.0,0.0,200.0,0.0,100.0,13576.0,100.0,63775064776.0,100.0,115662222798.0
2019-05-12,ZCH06TLA,ST12000NM0007,12000138625024,0,76.0,36006032.0,92.0,0.0,100.0,6.0,100.0,0.0,89.0,752990211.0,85.0,13780.0,100.0,0.0,100.0,5.0,,,,,100.0,0.0,100.0,0.0,,,70.0,30.0,,,100.0,193.0,100.0,818.0,30.0,30.0,100.0,0.0,100.0,0.0,200.0,0.0,100.0,13608.0,100.0,63849567088.0,100.0,115874547494.0
2019-05-13,ZCH06TLA,ST12000NM0007,12000138625024,0,82.0,176279688.0,92.0,0.0,100.0,6.0,100.0,0.0,89.0,754708524.0,85.0,13796.0,100.0,0.0,100.0,5.0,,,,,100.0,0.0,100.0,0.0,,,69.0,31.0,,,100.0,193.0,100.0,819.0,31.0,31.0,100.0,0.0,100.0,0.0,200.0,0.0,100.0,13624.0,100.0,63891502040.0,100.0,115972886198.0
2019-05-14,ZCH06TLA,ST12000NM0007,12000138625024,0,77.0,48618400.0,92.0,0.0,100.0,6.0,100.0,0.0,89.0,759581580.0,85.0,13828.0,100.0,0.0,100.0,5.0,,,,,100.0,0.0,100.0,0.0,,,70.0,30.0,,,100.0,193.0,100.0,820.0,30.0,30.0,100.0,0.0,100.0,0.0,200.0,0.0,100.0,13655.0,100.0,63984145896.0,100.0,116240862414.0
2019-05-15,ZCH06TLA,ST12000NM0007,12000138625024,0,83.0,209323224.0,92.0,0.0,100.0,6.0,100.0,0.0,89.0,761305806.0,85.0,13844.0,100.0,0.0,100.0,5.0,,,,,100.0,0.0,100.0,0.0,,,69.0,31.0,,,100.0,193.0,100.0,821.0,31.0,31.0,100.0,0.0,100.0,0.0,200.0,0.0,100.0,13671.0,100.0,64016127096.0,100.0,116369586038.0
2019-05-16,ZCH06TLA,ST12000NM0007,12000138625024,0,72.0,17405592.0,92.0,0.0,100.0,6.0,100.0,0.0,89.0,765868938.0,85.0,13875.0,100.0,0.0,100.0,5.0,,,,,100.0,0.0,100.0,0.0,,,69.0,31.0,,,100.0,193.0,100.0,822.0,31.0,31.0,100.0,0.0,100.0,0.0,200.0,0.0,100.0,13703.0,100.0,64096045424.0,100.0,116586031486.0
2019-05-17,ZCH06TLA,ST12000NM0007,12000138625024,0,83.0,209648312.0,92.0,0.0,100.0,6.0,100.0,0.0,89.0,769702005.0,85.0,13891.0,100.0,0.0,100.0,5.0,,,,,100.0,0.0,100.0,0.0,,,67.0,33.0,,,100.0,193.0,100.0,823.0,33.0,33.0,100.0,0.0,100.0,0.0,200.0,0.0,100.0,13719.0,100.0,64135974088.0,100.0,116738345542.0
2019-05-18,ZCH06TLA,ST12000NM0007,12000138625024,0,84.0,238550984.0,92.0,0.0,100.0,6.0,100.0,0.0,89.0,772646565.0,85.0,13923.0,100.0,0.0,100.0,5.0,,,,,100.0,0.0,100.0,0.0,,,69.0,31.0,,,100.0,193.0,100.0,824.0,31.0,31.0,100.0,0.0,100.0,0.0,200.0,0.0,100.0,13750.0,100.0,64190293160.0,100.0,116957069966.0
2019-05-19,ZCH06TLA,ST12000NM0007,12000138625024,0,82.0,147216304.0,92.0,0.0,100.0,6.0,100.0,0.0,89.0,774492920.0,85.0,13939.0,100.0,0.0,100.0,5.0,,,,,100.0,0.0,100.0,0.0,,,67.0,33.0,,,100.0,193.0,100.0,825.0,33.0,33.0,100.0,0.0,100.0,0.0,200.0,0.0,100.0,13766.0,100.0,64225608856.0,100.0,117074560222.0
2019-05-20,ZCH06TLA,ST12000NM0007,12000138625024,0,83.0,201950240.0,92.0,0.0,100.0,6.0,100.0,0.0,89.0,778035752.0,85.0,13971.0,100.0,0.0,100.0,5.0,,,,,100.0,0.0,100.0,0.0,,,68.0,32.0,,,100.0,194.0,100.0,826.0,32.0,32.0,100.0,0.0,100.0,0.0,200.0,0.0,100.0,13798.0,100.0,64291350712.0,100.0,117307693102.0
2019-05-21,ZCH06TLA,ST12000NM0007,12000138625024,0,81.0,128632824.0,92.0,0.0,100.0,6.0,100.0,0.0,89.0,781123265.0,85.0,13987.0,100.0,0.0,100.0,5.0,,,,,100.0,0.0,100.0,0.0,,,67.0,33.0,,,100.0,194.0,100.0,827.0,33.0,33.0,100.0,0.0,100.0,0.0,200.0,0.0,100.0,13814.0,100.0,64334573544.0,100.0,117435293486.0
2019-05-22,ZCH06TLA,ST12000NM0007,12000138625024,0,83.0,201004032.0,92.0,0.0,100.0,6.0,100.0,0.0,89.0,784594499.0,84.0,14019.0,100.0,0.0,100.0,5.0,,,,,100.0,0.0,100.0,0.0,,,69.0,31.0,,,100.0,194.0,100.0,828.0,31.0,31.0,100.0,0.0,100.0,0.0,200.0,0.0,100.0,13845.0,100.0,64405089168.0,100.0,117681289798.0
2019-05-23,ZCH06TLA,ST12000NM0007,12000138625024,0,83.0,215317608.0,92.0,0.0,100.0,6.0,100.0,0.0,89.0,788955575.0,84.0,14050.0,100.0,0.0,100.0,5.0,,,,,100.0,0.0,100.0,0.0,,,69.0,31.0,,,100.0,195.0,100.0,830.0,31.0,31.0,100.0,0.0,100.0,0.0,200.0,0.0,100.0,13877.0,100.0,64480471416.0,100.0,117864361934.0
2019-05-24,ZCH06TLA,ST12000NM0007,12000138625024,0,79.0,79766584.0,92.0,0.0,100.0,6.0,100.0,0.0,89.0,790434383.0,84.0,14066.0,100.0,0.0,100.0,5.0,,,,,100.0,0.0,100.0,0.0,,,70.0,30.0,,,100.0,195.0,100.0,830.0,30.0,30.0,100.0,0.0,100.0,0.0,200.0,0.0,100.0,13893.0,100.0,64518560592.0,100.0,117934862582.0
2019-05-25,ZCH06TLA,ST12000NM0007,12000138625024,0,80.0,107009464.0,92.0,0.0,100.0,6.0,100.0,0.0,89.0,793759146.0,84.0,14098.0,100.0,0.0,100.0,5.0,,,,,100.0,0.0,100.0,0.0,,,69.0,31.0,,,100.0,195.0,100.0,832.0,31.0,31.0,100.0,0.0,100.0,0.0,200.0,0.0,100.0,13924.0,100.0,64591588688.0,100.0,118133218038.0
2019-05-26,ZCH06TLA,ST12000NM0007,12000138625024,0,83.0,221561864.0,92.0,0.0,100.0,6.0,100.0,0.0,89.0,795239758.0,84.0,14114.0,100.0,0.0,100.0,5.0,,,,,100.0,0.0,100.0,0.0,,,70.0,30.0,,,100.0,195.0,100.0,832.0,30.0,30.0,100.0,0.0,100.0,0.0,200.0,0.0,100.0,13940.0,100.0,64629865224.0,100.0,118209493902.0
2019-05-27,ZCH06TLA,ST12000NM0007,12000138625024,0,83.0,186148560.0,92.0,0.0,100.0,6.0,100.0,0.0,89.0,799276418.0,84.0,14145.0,100.0,0.0,100.0,5.0,,,,,100.0,0.0,100.0,0.0,,,69.0,31.0,,,100.0,196.0,100.0,834.0,31.0,31.0,100.0,0.0,100.0,0.0,200.0,0.0,100.0,13972.0,100.0,64704948896.0,100.0,118343137686.0
2019-05-28,ZCH06TLA,ST12000NM0007,12000138625024,0,78.0,59361952.0,92.0,0.0,100.0,6.0,100.0,0.0,89.0,800749846.0,84.0,14161.0,100.0,0.0,100.0,5.0,,,,,100.0,0.0,100.0,0.0,,,70.0,30.0,,,100.0,196.0,100.0,834.0,30.0,30.0,100.0,0.0,100.0,0.0,200.0,0.0,100.0,13988.0,100.0,64744944440.0,100.0,118420496166.0
2019-05-29,ZCH06TLA,ST12000NM0007,12000138625024,0,69.0,7660160.0,92.0,0.0,100.0,6.0,100.0,0.0,89.0,803220601.0,84.0,14193.0,100.0,0.0,100.0,5.0,,,,,100.0,0.0,100.0,0.0,,,70.0,30.0,,,100.0,198.0,100.0,836.0,30.0,30.0,100.0,0.0,100.0,0.0,200.0,0.0,100.0,14019.0,100.0,64801830304.0,100.0,118556049142.0
2019-05-30,ZCH06TLA,ST12000NM0007,12000138625024,0,82.0,148800248.0,92.0,0.0,100.0,6.0,100.0,0.0,89.0,806040600.0,84.0,14210.0,100.0,0.0,100.0,5.0,,,,,100.0,0.0,100.0,0.0,,,70.0,30.0,,,100.0,198.0,100.0,836.0,30.0,30.0,100.0,0.0,100.0,0.0,200.0,0.0,100.0,14036.0,100.0,64845459136.0,100.0,118653560398.0
2019-05-31,ZCH06TLA,ST12000NM0007,12000138625024,0,69.0,7167984.0,92.0,0.0,100.0,6.0,100.0,0.0,89.0,807457302.0,84.0,14225.0,100.0,0.0,100.0,5.0,,,,,100.0,0.0,100.0,0.0,,,70.0,30.0,,,100.0,198.0,100.0,837.0,30.0,30.0,100.0,0.0,100.0,0.0,200.0,0.0,100.0,14051.0,100.0,64881104248.0,100.0,118720423726.0
2019-06-01,ZCH06TLA,ST12000NM0007,12000138625024,0,82.0,173064624.0,92.0,0.0,100.0,6.0,100.0,0.0,89.0,810135529.0,84.0,14257.0,100.0,0.0,100.0,5.0,,,,,100.0,0.0,100.0,0.0,,,70.0,30.0,,,100.0,199.0,100.0,838.0,30.0,30.0,100.0,0.0,100.0,0.0,200.0,0.0,100.0,14083.0,100.0,64945925832.0,100.0,118821498782.0
2019-06-02,ZCH06TLA,ST12000NM0007,12000138625024,0,74.0,26690432.0,92.0,0.0,100.0,6.0,100.0,0.0,89.0,811639704.0,84.0,14273.0,100.0,0.0,100.0,5.0,,,,,100.0,0.0,100.0,0.0,,,70.0,30.0,,,100.0,200.0,100.0,839.0,30.0,30.0,100.0,0.0,100.0,0.0,200.0,0.0,100.0,14099.0,100.0,64986918288.0,100.0,118878273566.0
2019-06-03,ZCH06TLA,ST12000NM0007,12000138625024,0,83.0,179853864.0,92.0,0.0,100.0,6.0,100.0,0.0,89.0,814177064.0,84.0,14305.0,100.0,0.0,100.0,5.0,,,,,100.0,0.0,100.0,0.0,,,70.0,30.0,,,100.0,201.0,100.0,840.0,30.0,30.0,100.0,0.0,100.0,0.0,200.0,0.0,100.0,14130.0,100.0,65048619720.0,100.0,118969735566.0
2019-06-04,ZCH06TLA,ST12000NM0007,12000138625024,0,77.0,55576608.0,92.0,0.0,100.0,6.0,100.0,0.0,89.0,817040480.0,84.0,14321.0,100.0,0.0,100.0,5.0,,,,,100.0,0.0,100.0,0.0,,,70.0,30.0,,,100.0,202.0,100.0,841.0,30.0,30.0,100.0,0.0,100.0,0.0,200.0,0.0,100.0,14146.0,100.0,65097484408.0,100.0,119040734254.0
2019-06-05,ZCH06TLA,ST12000NM0007,12000138625024,0,70.0,10751024.0,92.0,0.0,100.0,6.0,100.0,0.0,89.0,820249206.0,84.0,14352.0,100.0,0.0,100.0,5.0,,,,,100.0,0.0,100.0,0.0,,,70.0,30.0,,,100.0,202.0,100.0,842.0,30.0,30.0,100.0,0.0,100.0,0.0,200.0,0.0,100.0,14178.0,100.0,65209239640.0,100.0,119128294366.0
2019-06-06,ZCH06TLA,ST12000NM0007,12000138625024,0,83.0,213352720.0,92.0,0.0,100.0,6.0,100.0,0.0,89.0,823880731.0,84.0,14368.0,100.0,0.0,100.0,5.0,,,,,100.0,0.0,100.0,0.0,,,70.0,30.0,,,100.0,202.0,100.0,843.0,30.0,30.0,100.0,0.0,100.0,0.0,200.0,0.0,100.0,14194.0,100.0,65254459200.0,100.0,119285676502.0
2019-06-07,ZCH06TLA,ST12000NM0007,12000138625024,0,82.0,164147568.0,92.0,0.0,100.0,6.0,100.0,0.0,89.0,828168843.0,84.0,14400.0,100.0,0.0,100.0,5.0,,,,,100.0,0.0,100.0,0.0,,,71.0,29.0,,,100.0,203.0,100.0,844.0,29.0,29.0,100.0,0.0,100.0,0.0,200.0,0.0,100.0,14225.0,100.0,65318616848.0,100.0,119416454334.0
2019-06-08,ZCH06TLA,ST12000NM0007,12000138625024,0,76.0,42759552.0,92.0,0.0,100.0,6.0,100.0,0.0,89.0,829739150.0,84.0,14416.0,100.0,0.0,100.0,5.0,,,,,100.0,0.0,100.0,0.0,,,71.0,29.0,,,100.0,203.0,100.0,845.0,29.0,29.0,100.0,0.0,100.0,0.0,200.0,0.0,100.0,14241.0,100.0,65383787880.0,100.0,119474036246.0
2019-06-09,ZCH06TLA,ST12000NM0007,12000138625024,0,84.0,241429656.0,92.0,0.0,100.0,6.0,100.0,0.0,89.0,832528668.0,84.0,14448.0,100.0,0.0,100.0,5.0,,,,,100.0,0.0,100.0,0.0,,,71.0,29.0,,,100.0,203.0,100.0,846.0,29.0,29.0,100.0,0.0,100.0,0.0,200.0,0.0,100.0,14273.0,100.0,65454906136.0,100.0,119601588094.0
2019-06-10,ZCH06TLA,ST12000NM0007,12000138625024,0,80.0,108472616.0,92.0,0.0,100.0,6.0,100.0,0.0,89.0,834015392.0,84.0,14464.0,100.0,0.0,100.0,5.0,,,,,100.0,0.0,100.0,0.0,,,71.0,29.0,,,100.0,203.0,100.0,847.0,29.0,29.0,100.0,0.0,100.0,0.0,200.0,0.0,100.0,14289.0,100.0,65490172384.0,100.0,119677505486.0
2019-06-11,ZCH06TLA,ST12000NM0007,12000138625024,0,81.0,123936032.0,92.0,0.0,100.0,6.0,100.0,0.0,89.0,838643182.0,84.0,14495.0,100.0,0.0,100.0,5.0,,,,,100.0,0.0,100.0,0.0,,,71.0,29.0,,,100.0,203.0,100.0,848.0,29.0,29.0,100.0,0.0,100.0,0.0,200.0,0.0,100.0,14320.0,100.0,65573771472.0,100.0,119853510510.0
2019-06-12,ZCH06TLA,ST12000NM0007,12000138625024,0,84.0,231348360.0,92.0,0.0,100.0,6.0,100.0,0.0,89.0,840318175.0,84.0,14512.0,100.0,0.0,100.0,5.0,,,,,100.0,0.0,100.0,0.0,,,70.0,30.0,,,100.0,203.0,100.0,849.0,30.0,30.0,100.0,0.0,100.0,0.0,200.0,0.0,100.0,14336.0,100.0,65621333536.0,100.0,119913360774.0
2019-06-13,ZCH06TLA,ST12000NM0007,12000138625024,0,74.0,22853176.0,92.0,0.0,100.0,6.0,100.0,0.0,89.0,845164549.0,84.0,14543.0,100.0,0.0,100.0,5.0,,,,,100.0,0.0,100.0,0.0,,,71.0,29.0,,,100.0,203.0,100.0,850.0,29.0,29.0,100.0,0.0,100.0,0.0,200.0,0.0,100.0,14368.0,100.0,65706243320.0,100.0,120108237358.0
2019-06-14,ZCH06TLA,ST12000NM0007,12000138625024,0,82.0,153136408.0,92.0,0.0,100.0,6.0,100.0,0.0,89.0,846876355.0,84.0,14559.0,100.0,0.0,100.0,5.0,,,,,100.0,0.0,100.0,0.0,,,70.0,30.0,,,100.0,203.0,100.0,851.0,30.0,30.0,100.0,0.0,100.0,0.0,200.0,0.0,100.0,14384.0,100.0,65746832344.0,100.0,120197931566.0
2019-06-15,ZCH06TLA,ST12000NM0007,12000138625024,0,80.0,93362416.0,92.0,0.0,100.0,6.0,100.0,0.0,89.0,849729706.0,84.0,14591.0,100.0,0.0,100.0,5.0,,,,,100.0,0.0,100.0,0.0,,,70.0,30.0,,,100.0,203.0,100.0,852.0,30.0,30.0,100.0,0.0,100.0,0.0,200.0,0.0,100.0,14415.0,100.0,65840392032.0,100.0,120288738702.0
2019-06-16,ZCH06TLA,ST12000NM0007,12000138625024,0,77.0,49075464.0,92.0,0.0,100.0,6.0,100.0,0.0,89.0,852611318.0,84.0,14622.0,100.0,0.0,100.0,5.0,,,,,100.0,0.0,100.0,0.0,,,71.0,29.0,,,100.0,203.0,100.0,854.0,29.0,29.0,100.0,0.0,100.0,0.0,200.0,0.0,100.0,14447.0,100.0,65906674416.0,100.0,120422310326.0
2019-06-17,ZCH06TLA,ST12000NM0007,12000138625024,0,82.0,146947968.0,92.0,0.0,100.0,6.0,100.0,0.0,89.0,854206389.0,84.0,14638.0,100.0,0.0,100.0,5.0,,,,,100.0,0.0,100.0,0.0,,,71.0,29.0,,,100.0,203.0,100.0,854.0,29.0,29.0,100.0,0.0,100.0,0.0,200.0,0.0,100.0,14463.0,100.0,65945092032.0,100.0,120481765214.0
2019-06-18,ZCH06TLA,ST12000NM0007,12000138625024,0,79.0,77861696.0,92.0,0.0,100.0,6.0,100.0,0.0,89.0,859696832.0,84.0,14670.0,100.0,0.0,100.0,5.0,,,,,100.0,0.0,100.0,0.0,,,71.0,29.0,,,100.0,204.0,100.0,856.0,29.0,29.0,100.0,0.0,100.0,0.0,200.0,0.0,100.0,14494.0,100.0,66037901912.0,100.0,120808150598.0
2019-06-19,ZCH06TLA,ST12000NM0007,12000138625024,0,83.0,181419096.0,92.0,0.0,100.0,6.0,100.0,0.0,89.0,861104672.0,84.0,14686.0,100.0,0.0,100.0,5.0,,,,,100.0,0.0,100.0,0.0,,,71.0,29.0,,,100.0,204.0,100.0,856.0,29.0,29.0,100.0,0.0,100.0,0.0,200.0,0.0,100.0,14510.0,100.0,66069370024.0,100.0,120880239886.0
2019-06-20,ZCH06TLA,ST12000NM0007,12000138625024,0,84.0,235117736.0,92.0,0.0,100.0,6.0,100.0,0.0,89.0,865770082.0,84.0,14717.0,100.0,0.0,100.0,5.0,,,,,100.0,0.0,100.0,0.0,,,71.0,29.0,,,100.0,204.0,100.0,858.0,29.0,29.0,100.0,0.0,100.0,0.0,200.0,0.0,100.0,14541.0,100.0,66145412368.0,100.0,121102036974.0
2019-06-21,ZCH06TLA,ST12000NM0007,12000138625024,0,79.0,81470984.0,92.0,0.0,100.0,6.0,100.0,0.0,89.0,867029299.0,84.0,14733.0,100.0,0.0,100.0,5.0,,,,,100.0,0.0,100.0,0.0,,,71.0,29.0,,,100.0,204.0,100.0,858.0,29.0,29.0,100.0,0.0,100.0,0.0,200.0,0.0,100.0,14557.0,100.0,66182801584.0,100.0,121155141750.0
2019-06-22,ZCH06TLA,ST12000NM0007,12000138625024,0,79.0,85387576.0,92.0,0.0,100.0,6.0,100.0,0.0,89.0,870118207.0,84.0,14765.0,100.0,0.0,100.0,5.0,,,,,100.0,0.0,100.0,0.0,,,71.0,29.0,,,100.0,205.0,100.0,859.0,29.0,29.0,100.0,0.0,100.0,0.0,200.0,0.0,100.0,14589.0,100.0,66255246920.0,100.0,121330753750.0
2019-06-23,ZCH06TLA,ST12000NM0007,12000138625024,0,83.0,197611272.0,92.0,0.0,100.0,6.0,100.0,0.0,89.0,871628694.0,84.0,14781.0,100.0,0.0,100.0,5.0,,,,,100.0,0.0,100.0,0.0,,,71.0,29.0,,,100.0,206.0,100.0,860.0,29.0,29.0,100.0,0.0,100.0,0.0,200.0,0.0,100.0,14605.0,100.0,66285842744.0,100.0,121412381622.0
2019-06-24,ZCH06TLA,ST12000NM0007,12000138625024,0,83.0,207462344.0,92.0,0.0,100.0,6.0,100.0,0.0,89.0,874724971.0,84.0,14813.0,100.0,0.0,100.0,5.0,,,,,100.0,0.0,100.0,0.0,,,70.0,30.0,,,100.0,206.0,100.0,861.0,30.0,30.0,100.0,0.0,100.0,0.0,200.0,0.0,100.0,14636.0,100.0,66347400904.0,100.0,121604815166.0
2019-06-25,ZCH06TLA,ST12000NM0007,12000138625024,0,81.0,128034856.0,92.0,0.0,100.0,6.0,100.0,0.0,89.0,877993780.0,84.0,14829.0,100.0,0.0,100.0,5.0,,,,,100.0,0.0,100.0,0.0,,,70.0,30.0,,,100.0,206.0,100.0,862.0,30.0,30.0,100.0,0.0,100.0,0.0,200.0,0.0,100.0,14652.0,100.0,66398654360.0,100.0,121718274854.0
2019-06-26,ZCH06TLA,ST12000NM0007,12000138625024,0,82.0,148101656.0,92.0,0.0,100.0,6.0,100.0,0.0,89.0,883267859.0,84.0,14861.0,100.0,0.0,100.0,5.0,,,,,100.0,0.0,100.0,0.0,,,71.0,29.0,,,100.0,207.0,100.0,863.0,29.0,29.0,100.0,0.0,100.0,0.0,200.0,0.0,100.0,14684.0,100.0,66495607944.0,100.0,121885528830.0
2019-06-27,ZCH06TLA,ST12000NM0007,12000138625024,0,80.0,107583344.0,92.0,0.0,100.0,6.0,100.0,0.0,89.0,886582070.0,84.0,14877.0,100.0,0.0,100.0,5.0,,,,,100.0,0.0,100.0,0.0,,,70.0,30.0,,,100.0,207.0,100.0,864.0,30.0,30.0,100.0,0.0,100.0,0.0,200.0,0.0,100.0,14700.0,100.0,66544083656.0,100.0,122040675598.0
2019-06-28,ZCH06TLA,ST12000NM0007,12000138625024,0,72.0,16103248.0,92.0,0.0,100.0,6.0,100.0,0.0,89.0,890736268.0,83.0,14908.0,100.0,0.0,100.0,5.0,,,,,100.0,0.0,100.0,0.0,,,71.0,29.0,,,100.0,207.0,100.0,865.0,29.0,29.0,100.0,0.0,100.0,0.0,200.0,0.0,100.0,14731.0,100.0,66625619368.0,100.0,122355941478.0
2019-06-29,ZCH06TLA,ST12000NM0007,12000138625024,0,82.0,153965896.0,92.0,0.0,100.0,6.0,100.0,0.0,90.0,892630721.0,83.0,14924.0,100.0,0.0,100.0,5.0,,,,,100.0,0.0,100.0,0.0,,,70.0,30.0,,,100.0,207.0,100.0,866.0,30.0,30.0,100.0,0.0,100.0,0.0,200.0,0.0,100.0,14747.0,100.0,66674533552.0,100.0,122444889942.0
2019-06-30,ZCH06TLA,ST12000NM0007,12000138625024,0,81.0,116471136.0,92.0,0.0,100.0,6.0,100.0,0.0,90.0,897086695.0,83.0,14955.0,100.0,0.0,100.0,5.0,,,,,100.0,0.0,100.0,0.0,,,70.0,30.0,,,100.0,208.0,100.0,867.0,30.0,30.0,100.0,0.0,100.0,0.0,200.0,0.0,100.0,14778.0,100.0,66775757056.0,100.0,122794453118.0
2019-07-01,ZCH06TLA,ST12000NM0007,12000138625024,0,79.0,82004816.0,92.0,0.0,100.0,6.0,100.0,0.0,90.0,899112698.0,83.0,14971.0,100.0,0.0,100.0,5.0,,,,,100.0,0.0,100.0,0.0,,,70.0,30.0,,,100.0,208.0,100.0,868.0,30.0,30.0,100.0,0.0,100.0,0.0,200.0,0.0,100.0,14794.0,100.0,66810005528.0,100.0,122969879158.0
2019-07-02,ZCH06TLA,ST12000NM0007,12000138625024,0,71.0,13310488.0,92.0,0.0,100.0,6.0,100.0,0.0,90.0,904585063.0,83.0,15003.0,100.0,0.0,100.0,5.0,,,,,100.0,0.0,100.0,0.0,,,71.0,29.0,,,100.0,208.0,100.0,869.0,29.0,29.0,100.0,0.0,100.0,0.0,200.0,0.0,100.0,14825.0,100.0,66907240720.0,100.0,123292231206.0
2019-07-03,ZCH06TLA,ST12000NM0007,12000138625024,0,83.0,182655944.0,92.0,0.0,100.0,6.0,100.0,0.0,90.0,906500601.0,83.0,15019.0,100.0,0.0,100.0,5.0,,,,,100.0,0.0,100.0,0.0,,,70.0,30.0,,,100.0,208.0,100.0,870.0,30.0,30.0,100.0,0.0,100.0,0.0,200.0,0.0,100.0,14841.0,100.0,66958236448.0,100.0,123410580934.0
2019-07-04,ZCH06TLA,ST12000NM0007,12000138625024,0,75.0,33883872.0,92.0,0.0,100.0,6.0,100.0,0.0,90.0,911524501.0,83.0,15050.0,100.0,0.0,100.0,5.0,,,,,100.0,0.0,100.0,0.0,,,70.0,30.0,,,100.0,208.0,100.0,871.0,30.0,30.0,100.0,0.0,100.0,0.0,200.0,0.0,100.0,14873.0,100.0,67028984872.0,100.0,123679341750.0
2019-07-05,ZCH06TLA,ST12000NM0007,12000138625024,0,83.0,203651456.0,92.0,0.0,100.0,6.0,100.0,0.0,90.0,913379955.0,83.0,15066.0,100.0,0.0,100.0,5.0,,,,,100.0,0.0,100.0,0.0,,,70.0,30.0,,,100.0,208.0,100.0,872.0,30.0,30.0,100.0,0.0,100.0,0.0,200.0,0.0,100.0,14888.0,100.0,67063104800.0,100.0,123814989406.0
2019-07-06,ZCH06TLA,ST12000NM0007,12000138625024,0,81.0,123121704.0,92.0,0.0,100.0,6.0,100.0,0.0,90.0,917432256.0,83.0,15098.0,100.0,0.0,100.0,5.0,,,,,100.0,0.0,100.0,0.0,,,70.0,30.0,,,100.0,208.0,100.0,873.0,30.0,30.0,100.0,0.0,100.0,0.0,200.0,0.0,100.0,14920.0,100.0,67129605528.0,100.0,124156240862.0
2019-07-07,ZCH06TLA,ST12000NM0007,12000138625024,0,77.0,49947640.0,92.0,0.0,100.0,6.0,100.0,0.0,90.0,919334472.0,83.0,15113.0,100.0,0.0,100.0,5.0,,,,,100.0,0.0,100.0,0.0,,,71.0,29.0,,,100.0,209.0,100.0,874.0,29.0,29.0,100.0,0.0,100.0,0.0,200.0,0.0,100.0,14936.0,100.0,67160876200.0,100.0,124295936806.0
2019-07-08,ZCH06TLA,ST12000NM0007,12000138625024,0,78.0,66730160.0,92.0,0.0,100.0,6.0,100.0,0.0,90.0,922267003.0,83.0,15145.0,100.0,0.0,100.0,5.0,,,,,100.0,0.0,100.0,0.0,,,70.0,30.0,,,100.0,210.0,100.0,875.0,30.0,30.0,100.0,0.0,100.0,0.0,200.0,0.0,100.0,14967.0,100.0,67211118200.0,100.0,124506617974.0
2019-07-09,ZCH06TLA,ST12000NM0007,12000138625024,0,79.0,73266312.0,92.0,0.0,100.0,6.0,100.0,0.0,90.0,925905220.0,83.0,15161.0,100.0,0.0,100.0,5.0,,,,,100.0,0.0,100.0,0.0,,,70.0,30.0,,,100.0,210.0,100.0,876.0,30.0,30.0,100.0,0.0,100.0,0.0,200.0,0.0,100.0,14983.0,100.0,67263115760.0,100.0,124705297230.0
2019-07-10,ZCH06TLA,ST12000NM0007,12000138625024,0,84.0,238326496.0,92.0,0.0,100.0,6.0,100.0,0.0,90.0,929959252.0,83.0,15192.0,100.0,0.0,100.0,5.0,,,,,100.0,0.0,100.0,0.0,,,70.0,30.0,,,100.0,211.0,100.0,877.0,30.0,30.0,100.0,0.0,100.0,0.0,200.0,0.0,100.0,15014.0,100.0,67349330872.0,100.0,125028283070.0
2019-07-11,ZCH06TLA,ST12000NM0007,12000138625024,0,82.0,177781672.0,92.0,0.0,100.0,6.0,100.0,0.0,90.0,932036539.0,83.0,15208.0,100.0,0.0,100.0,5.0,,,,,100.0,0.0,100.0,0.0,,,70.0,30.0,,,100.0,211.0,100.0,878.0,30.0,30.0,100.0,0.0,100.0,0.0,200.0,0.0,100.0,15030.0,100.0,67389303608.0,100.0,125171906286.0
2019-07-12,ZCH06TLA,ST12000NM0007,12000138625024,0,67.0,4861432.0,92.0,0.0,100.0,6.0,100.0,0.0,90.0,936895638.0,83.0,15240.0,100.0,0.0,100.0,5.0,,,,,100.0,0.0,100.0,0.0,,,70.0,30.0,,,100.0,211.0,100.0,879.0,30.0,30.0,100.0,0.0,100.0,0.0,200.0,0.0,100.0,15062.0,100.0,67464234984.0,100.0,125412335982.0
2019-07-13,ZCH06TLA,ST12000NM0007,12000138625024,0,83.0,192661456.0,92.0,0.0,100.0,6.0,100.0,0.0,90.0,938889113.0,83.0,15256.0,100.0,0.0,100.0,5.0,,,,,100.0,0.0,100.0,0.0,,,70.0,30.0,,,100.0,211.0,100.0,880.0,30.0,30.0,100.0,0.0,100.0,0.0,200.0,0.0,100.0,15078.0,100.0,67497292888.0,100.0,125567078102.0
2019-07-14,ZCH06TLA,ST12000NM0007,12000138625024,0,81.0,126052112.0,92.0,0.0,100.0,6.0,100.0,0.0,90.0,943224038.0,83.0,15287.0,100.0,0.0,100.0,5.0,,,,,100.0,0.0,100.0,0.0,,,70.0,30.0,,,100.0,212.0,100.0,881.0,30.0,30.0,100.0,0.0,100.0,0.0,200.0,0.0,100.0,15109.0,100.0,67578321616.0,100.0,125907721446.0
2019-07-15,ZCH06TLA,ST12000NM0007,12000138625024,0,76.0,44146512.0,92.0,0.0,100.0,6.0,100.0,0.0,90.0,947963513.0,83.0,15319.0,100.0,0.0,100.0,5.0,,,,,100.0,0.0,100.0,0.0,,,70.0,30.0,,,100.0,213.0,100.0,883.0,30.0,30.0,100.0,0.0,100.0,0.0,200.0,0.0,100.0,15140.0,100.0,67641171880.0,100.0,126251247126.0
2019-07-16,ZCH06TLA,ST12000NM0007,12000138625024,0,78.0,61211720.0,92.0,0.0,100.0,6.0,100.0,0.0,90.0,951169739.0,83.0,15335.0,100.0,0.0,100.0,5.0,,,,,100.0,0.0,100.0,0.0,,,70.0,30.0,,,100.0,213.0,100.0,883.0,30.0,30.0,100.0,0.0,100.0,0.0,200.0,0.0,100.0,15156.0,100.0,67689494712.0,100.0,126464130206.0
2019-07-17,ZCH06TLA,ST12000NM0007,12000138625024,0,77.0,47510040.0,92.0,0.0,100.0,6.0,100.0,0.0,90.0,956281912.0,83.0,15366.0,100.0,0.0,100.0,5.0,,,,,100.0,0.0,100.0,0.0,,,69.0,31.0,,,100.0,213.0,100.0,885.0,31.0,31.0,100.0,0.0,100.0,0.0,200.0,0.0,100.0,15188.0,100.0,67826778856.0,100.0,126801425766.0
2019-07-18,ZCH06TLA,ST12000NM0007,12000138625024,0,83.0,207590848.0,92.0,0.0,100.0,6.0,100.0,0.0,90.0,959199528.0,83.0,15382.0,100.0,0.0,100.0,5.0,,,,,100.0,0.0,100.0,0.0,,,70.0,30.0,,,100.0,213.0,100.0,885.0,30.0,30.0,100.0,0.0,100.0,0.0,200.0,0.0,100.0,15204.0,100.0,67868229104.0,100.0,126920056326.0
2019-07-19,ZCH06TLA,ST12000NM0007,12000138625024,0,81.0,136879032.0,92.0,0.0,100.0,6.0,100.0,0.0,90.0,963944776.0,83.0,15414.0,100.0,0.0,100.0,5.0,,,,,100.0,0.0,100.0,0.0,,,69.0,31.0,,,100.0,213.0,100.0,887.0,31.0,31.0,100.0,0.0,100.0,0.0,200.0,0.0,100.0,15235.0,100.0,67941606312.0,100.0,127264248998.0
2019-07-20,ZCH06TLA,ST12000NM0007,12000138625024,0,78.0,61274992.0,92.0,0.0,100.0,6.0,100.0,0.0,90.0,965899859.0,83.0,15430.0,100.0,0.0,100.0,5.0,,,,,100.0,0.0,100.0,0.0,,,70.0,30.0,,,100.0,213.0,100.0,887.0,30.0,30.0,100.0,0.0,100.0,0.0,200.0,0.0,100.0,15251.0,100.0,67988052456.0,100.0,127386339502.0
2019-07-21,ZCH06TLA,ST12000NM0007,12000138625024,0,82.0,172438360.0,92.0,0.0,100.0,6.0,100.0,0.0,90.0,970038471.0,83.0,15461.0,100.0,0.0,100.0,5.0,,,,,100.0,0.0,100.0,0.0,,,70.0,30.0,,,100.0,214.0,100.0,888.0,30.0,30.0,100.0,0.0,100.0,0.0,200.0,0.0,100.0,15282.0,100.0,68049420664.0,100.0,127680275294.0
2019-07-22,ZCH06TLA,ST12000NM0007,12000138625024,0,80.0,100320304.0,92.0,0.0,100.0,6.0,100.0,0.0,90.0,971805221.0,83.0,15477.0,100.0,0.0,100.0,5.0,,,,,100.0,0.0,100.0,0.0,,,70.0,30.0,,,100.0,215.0,100.0,889.0,30.0,30.0,100.0,0.0,100.0,0.0,200.0,0.0,100.0,15298.0,100.0,68070186280.0,100.0,127831532254.0
2019-07-23,ZCH06TLA,ST12000NM0007,12000138625024,0,75.0,33747360.0,92.0,0.0,100.0,6.0,100.0,0.0,90.0,978423896.0,83.0,15508.0,100.0,0.0,100.0,5.0,,,,,100.0,0.0,100.0,0.0,,,69.0,31.0,,,100.0,215.0,100.0,891.0,31.0,31.0,100.0,0.0,100.0,0.0,200.0,0.0,100.0,15329.0,100.0,68142394368.0,100.0,128181033222.0
2019-07-24,ZCH06TLA,ST12000NM0007,12000138625024,0,84.0,241362840.0,92.0,0.0,100.0,6.0,100.0,0.0,90.0,980563766.0,83.0,15524.0,100.0,0.0,100.0,5.0,,,,,100.0,0.0,100.0,0.0,,,70.0,30.0,,,100.0,215.0,100.0,891.0,30.0,30.0,100.0,0.0,100.0,0.0,200.0,0.0,100.0,15345.0,100.0,68172509376.0,100.0,128358533694.0
2019-07-25,ZCH06TLA,ST12000NM0007,12000138625024,0,79.0,88485200.0,92.0,0.0,100.0,6.0,100.0,0.0,90.0,986141476.0,83.0,15556.0,100.0,0.0,100.0,5.0,,,,,100.0,0.0,100.0,0.0,,,70.0,30.0,,,100.0,215.0,100.0,893.0,30.0,30.0,100.0,0.0,100.0,0.0,200.0,0.0,100.0,15376.0,100.0,68249949664.0,100.0,128616497558.0
2019-07-26,ZCH06TLA,ST12000NM0007,12000138625024,0,75.0,34447616.0,92.0,0.0,100.0,6.0,100.0,0.0,90.0,988306304.0,83.0,15572.0,100.0,0.0,100.0,5.0,,,,,100.0,0.0,100.0,0.0,,,70.0,30.0,,,100.0,215.0,100.0,893.0,30.0,30.0,100.0,0.0,100.0,0.0,200.0,0.0,100.0,15392.0,100.0,68284626000.0,100.0,128771924366.0
2019-07-27,ZCH06TLA,ST12000NM0007,12000138625024,0,83.0,214863728.0,92.0,0.0,100.0,6.0,100.0,0.0,90.0,992605624.0,83.0,15603.0,100.0,0.0,100.0,5.0,,,,,100.0,0.0,100.0,0.0,,,70.0,30.0,,,100.0,215.0,100.0,895.0,30.0,30.0,100.0,0.0,100.0,0.0,200.0,0.0,100.0,15423.0,100.0,68350416408.0,100.0,129130690942.0
2019-07-28,ZCH06TLA,ST12000NM0007,12000138625024,0,83.0,183693992.0,92.0,0.0,100.0,6.0,100.0,0.0,90.0,994848792.0,83.0,15619.0,100.0,0.0,100.0,5.0,,,,,100.0,0.0,100.0,0.0,,,70.0,30.0,,,100.0,215.0,100.0,895.0,30.0,30.0,100.0,0.0,100.0,0.0,200.0,0.0,100.0,15439.0,100.0,68379532552.0,100.0,129314545750.0
2019-07-29,ZCH06TLA,ST12000NM0007,12000138625024,0,79.0,72148440.0,92.0,0.0,100.0,6.0,100.0,0.0,90.0,998823841.0,83.0,15651.0,100.0,0.0,100.0,5.0,,,,,100.0,0.0,100.0,0.0,,,70.0,30.0,,,100.0,216.0,100.0,897.0,30.0,30.0,100.0,0.0,100.0,0.0,200.0,0.0,100.0,15471.0,100.0,68451481248.0,100.0,129619332838.0
2019-07-30,ZCH06TLA,ST12000NM0007,12000138625024,0,79.0,73888960.0,92.0,0.0,100.0,6.0,100.0,0.0,64.0,2448411.0,83.0,15667.0,100.0,0.0,100.0,5.0,,,,,100.0,0.0,100.0,0.0,,,70.0,30.0,,,100.0,216.0,100.0,897.0,30.0,30.0,100.0,0.0,100.0,0.0,200.0,0.0,100.0,15487.0,100.0,68486575120.0,100.0,129830120310.0
2019-07-31,ZCH06TLA,ST12000NM0007,12000138625024,0,68.0,6611128.0,92.0,0.0,100.0,6.0,100.0,0.0,68.0,6938776.0,83.0,15698.0,100.0,0.0,100.0,5.0,,,,,100.0,0.0,100.0,0.0,,,70.0,30.0,,,100.0,216.0,100.0,899.0,30.0,30.0,100.0,0.0,100.0,0.0,200.0,0.0,100.0,15518.0,100.0,68551171792.0,100.0,130186527206.0
2019-08-01,ZCH06TLA,ST12000NM0007,12000138625024,0,83.0,183427592.0,92.0,0.0,100.0,6.0,100.0,0.0,70.0,9257137.0,83.0,15714.0,100.0,0.0,100.0,5.0,,,,,100.0,0.0,100.0,0.0,,,70.0,30.0,,,100.0,216.0,100.0,899.0,30.0,30.0,100.0,0.0,100.0,0.0,200.0,0.0,100.0,15534.0,100.0,68557288912.0,100.0,130357226550.0
2019-08-02,ZCH06TLA,ST12000NM0007,12000138625024,0,79.0,80111768.0,92.0,0.0,100.0,6.0,100.0,0.0,72.0,14518640.0,83.0,15746.0,100.0,0.0,100.0,5.0,,,,,100.0,0.0,100.0,0.0,,,70.0,30.0,,,100.0,216.0,100.0,901.0,30.0,30.0,100.0,0.0,100.0,0.0,200.0,0.0,100.0,15565.0,100.0,68629715888.0,100.0,130669765182.0
2019-08-03,ZCH06TLA,ST12000NM0007,12000138625024,0,74.0,25861888.0,92.0,0.0,100.0,6.0,100.0,0.0,72.0,16667869.0,83.0,15762.0,100.0,0.0,100.0,5.0,,,,,100.0,0.0,100.0,0.0,,,70.0,30.0,,,100.0,216.0,100.0,901.0,30.0,30.0,100.0,0.0,100.0,0.0,200.0,0.0,100.0,15581.0,100.0,68675197752.0,100.0,130814174230.0
2019-08-04,ZCH06TLA,ST12000NM0007,12000138625024,0,83.0,212828384.0,92.0,0.0,100.0,6.0,100.0,0.0,73.0,21268371.0,82.0,15793.0,100.0,0.0,100.0,5.0,,,,,100.0,0.0,100.0,0.0,,,70.0,30.0,,,100.0,217.0,100.0,903.0,30.0,30.0,100.0,0.0,100.0,0.0,200.0,0.0,100.0,15613.0,100.0,68739115056.0,100.0,131181364102.0
2019-08-05,ZCH06TLA,ST12000NM0007,12000138625024,0,81.0,117891696.0,92.0,0.0,100.0,6.0,100.0,0.0,74.0,23145162.0,82.0,15809.0,100.0,0.0,100.0,5.0,,,,,100.0,0.0,100.0,0.0,,,70.0,30.0,,,100.0,217.0,100.0,903.0,30.0,30.0,100.0,0.0,100.0,0.0,200.0,0.0,100.0,15629.0,100.0,68769789144.0,100.0,131299894134.0
2019-08-06,ZCH06TLA,ST12000NM0007,12000138625024,0,84.0,234591672.0,92.0,0.0,100.0,6.0,100.0,0.0,75.0,28594183.0,82.0,15841.0,100.0,0.0,100.0,5.0,,,,,100.0,0.0,100.0,0.0,,,69.0,31.0,,,100.0,218.0,100.0,905.0,31.0,31.0,100.0,0.0,100.0,0.0,200.0,0.0,100.0,15660.0,100.0,68828689256.0,100.0,131601834630.0
2019-08-07,ZCH06TLA,ST12000NM0007,12000138625024,0,81.0,130617928.0,92.0,0.0,100.0,6.0,100.0,0.0,75.0,33773328.0,82.0,15873.0,100.0,0.0,100.0,5.0,,,,,100.0,0.0,100.0,0.0,,,70.0,30.0,,,100.0,219.0,100.0,906.0,30.0,30.0,100.0,0.0,100.0,0.0,200.0,0.0,100.0,15692.0,100.0,68902453768.0,100.0,131912377942.0
2019-08-08,ZCH06TLA,ST12000NM0007,12000138625024,0,84.0,231882896.0,92.0,0.0,100.0,6.0,100.0,0.0,75.0,35240630.0,82.0,15889.0,100.0,0.0,100.0,5.0,,,,,100.0,0.0,100.0,0.0,,,70.0,30.0,,,100.0,219.0,100.0,907.0,30.0,30.0,100.0,0.0,100.0,0.0,200.0,0.0,100.0,15708.0,100.0,68934993128.0,100.0,131981103550.0
2019-08-09,ZCH06TLA,ST12000NM0007,12000138625024,0,66.0,4350608.0,92.0,0.0,100.0,6.0,100.0,0.0,76.0,40101823.0,82.0,15921.0,100.0,0.0,100.0,5.0,,,,,100.0,0.0,100.0,0.0,,,70.0,30.0,,,100.0,220.0,100.0,908.0,30.0,30.0,100.0,0.0,100.0,0.0,200.0,0.0,100.0,15740.0,100.0,69001043544.0,100.0,132175802766.0
2019-08-10,ZCH06TLA,ST12000NM0007,12000138625024,0,82.0,159849760.0,92.0,0.0,100.0,6.0,100.0,0.0,76.0,42008085.0,82.0,15936.0,100.0,0.0,100.0,5.0,,,,,100.0,0.0,100.0,0.0,,,70.0,30.0,,,100.0,220.0,100.0,908.0,30.0,30.0,100.0,0.0,100.0,0.0,200.0,0.0,100.0,15755.0,100.0,69034316088.0,100.0,132298029374.0
2019-08-11,ZCH06TLA,ST12000NM0007,12000138625024,0,80.0,109889632.0,92.0,0.0,100.0,6.0,100.0,0.0,77.0,46430304.0,82.0,15968.0,100.0,0.0,100.0,5.0,,,,,100.0,0.0,100.0,0.0,,,69.0,31.0,,,100.0,221.0,100.0,910.0,31.0,31.0,100.0,0.0,100.0,0.0,200.0,0.0,100.0,15787.0,100.0,69129951480.0,100.0,132640715198.0
2019-08-12,ZCH06TLA,ST12000NM0007,12000138625024,0,74.0,24473328.0,92.0,0.0,100.0,6.0,100.0,0.0,77.0,48285214.0,82.0,15984.0,100.0,0.0,100.0,5.0,,,,,100.0,0.0,100.0,0.0,,,71.0,29.0,,,100.0,221.0,100.0,910.0,29.0,29.0,100.0,0.0,100.0,0.0,200.0,0.0,100.0,15803.0,100.0,69157372632.0,100.0,132772018558.0
2019-08-13,ZCH06TLA,ST12000NM0007,12000138625024,0,84.0,235482536.0,92.0,0.0,100.0,6.0,100.0,0.0,77.0,54325090.0,82.0,16016.0,100.0,0.0,100.0,5.0,,,,,100.0,0.0,100.0,0.0,,,70.0,30.0,,,100.0,221.0,100.0,912.0,30.0,30.0,100.0,0.0,100.0,0.0,200.0,0.0,100.0,15835.0,100.0,69221434016.0,100.0,133163107166.0
2019-08-14,ZCH06TLA,ST12000NM0007,12000138625024,0,82.0,171419720.0,92.0,0.0,100.0,6.0,100.0,0.0,78.0,56238545.0,82.0,16032.0,100.0,0.0,100.0,5.0,,,,,100.0,0.0,100.0,0.0,,,70.0,30.0,,,100.0,221.0,100.0,912.0,30.0,30.0,100.0,0.0,100.0,0.0,200.0,0.0,100.0,15850.0,100.0,69251488600.0,100.0,133313130430.0
2019-08-15,ZCH06TLA,ST12000NM0007,12000138625024,0,84.0,240263328.0,92.0,0.0,100.0,6.0,100.0,0.0,78.0,61307994.0,82.0,16064.0,100.0,0.0,100.0,5.0,,,,,100.0,0.0,100.0,0.0,,,70.0,30.0,,,100.0,222.0,100.0,914.0,30.0,30.0,100.0,0.0,100.0,0.0,200.0,0.0,100.0,15882.0,100.0,69325725776.0,100.0,133551877694.0
2019-08-16,ZCH06TLA,ST12000NM0007,12000138625024,0,83.0,189114008.0,92.0,0.0,100.0,6.0,100.0,0.0,78.0,63685099.0,82.0,16079.0,100.0,0.0,100.0,5.0,,,,,100.0,0.0,100.0,0.0,,,70.0,30.0,,,100.0,222.0,100.0,914.0,30.0,30.0,100.0,0.0,100.0,0.0,200.0,0.0,100.0,15898.0,100.0,69366533712.0,100.0,133704061142.0
2019-08-17,ZCH06TLA,ST12000NM0007,12000138625024,0,82.0,171830504.0,92.0,0.0,100.0,6.0,100.0,0.0,78.0,68663743.0,82.0,16111.0,100.0,0.0,100.0,5.0,,,,,100.0,0.0,100.0,0.0,,,70.0,30.0,,,100.0,222.0,100.0,916.0,30.0,30.0,100.0,0.0,100.0,0.0,200.0,0.0,100.0,15929.0,100.0,69461262136.0,100.0,134080330582.0
2019-08-18,ZCH06TLA,ST12000NM0007,12000138625024,0,82.0,173604496.0,92.0,0.0,100.0,6.0,100.0,0.0,79.0,71069003.0,82.0,16127.0,100.0,0.0,100.0,5.0,,,,,100.0,0.0,100.0,0.0,,,69.0,31.0,,,100.0,222.0,100.0,916.0,31.0,31.0,100.0,0.0,100.0,0.0,200.0,0.0,100.0,15945.0,100.0,69492647568.0,100.0,134294859926.0
2019-08-19,ZCH06TLA,ST12000NM0007,12000138625024,0,81.0,115990384.0,92.0,0.0,100.0,6.0,100.0,0.0,79.0,75643961.0,82.0,16159.0,100.0,0.0,100.0,5.0,,,,,100.0,0.0,100.0,0.0,,,70.0,30.0,,,100.0,223.0,100.0,918.0,30.0,30.0,100.0,0.0,100.0,0.0,200.0,0.0,100.0,15976.0,100.0,69556495480.0,100.0,134661679398.0
2019-08-20,ZCH06TLA,ST12000NM0007,12000138625024,0,82.0,146691104.0,92.0,0.0,100.0,6.0,100.0,0.0,79.0,79514112.0,82.0,16174.0,100.0,0.0,100.0,5.0,,,,,100.0,0.0,100.0,0.0,,,70.0,30.0,,,100.0,223.0,100.0,918.0,30.0,30.0,100.0,0.0,100.0,0.0,200.0,0.0,100.0,15992.0,100.0,69586097056.0,100.0,134906919318.0
2019-08-21,ZCH06TLA,ST12000NM0007,12000138625024,0,82.0,141324936.0,92.0,0.0,100.0,6.0,100.0,0.0,79.0,84792237.0,82.0,16206.0,100.0,0.0,100.0,5.0,,,,,100.0,0.0,100.0,0.0,,,70.0,30.0,,,100.0,224.0,100.0,920.0,30.0,30.0,100.0,0.0,100.0,0.0,200.0,0.0,100.0,16024.0,100.0,69668147536.0,100.0,135307784038.0
2019-08-22,ZCH06TLA,ST12000NM0007,12000138625024,0,78.0,56852024.0,92.0,0.0,100.0,6.0,100.0,0.0,79.0,86545189.0,82.0,16222.0,100.0,0.0,100.0,5.0,,,,,100.0,0.0,100.0,0.0,,,70.0,30.0,,,100.0,224.0,100.0,920.0,30.0,30.0,100.0,0.0,100.0,0.0,200.0,0.0,100.0,16039.0,100.0,69689931008.0,100.0,135445668438.0
2019-08-23,ZCH06TLA,ST12000NM0007,12000138625024,0,84.0,225335034.0,92.0,0.0,100.0,6.0,100.0,0.0,80.0,90135471.0,82.0,16254.0,100.0,0.0,100.0,5.0,,,,,100.0,0.0,100.0,0.0,,,70.0,30.0,,,100.0,225.0,100.0,922.0,30.0,30.0,100.0,0.0,100.0,0.0,200.0,0.0,100.0,16071.0,100.0,69735696456.0,100.0,135568386000.0
2019-08-24,ZCH06TLA,ST12000NM0007,12000138625024,0,84.0,237135496.0,92.0,0.0,100.0,6.0,100.0,0.0,80.0,92611480.0,82.0,16270.0,100.0,0.0,100.0,5.0,,,,,100.0,0.0,100.0,0.0,,,70.0,30.0,,,100.0,225.0,100.0,922.0,30.0,30.0,100.0,0.0,100.0,0.0,200.0,0.0,100.0,16087.0,100.0,69753720528.0,100.0,135806303088.0
2019-08-25,ZCH06TLA,ST12000NM0007,12000138625024,0,83.0,198013604.0,91.0,0.0,100.0,7.0,100.0,0.0,80.0,97163696.0,82.0,16302.0,100.0,0.0,100.0,6.0,,,,,100.0,0.0,100.0,0.0,,,70.0,30.0,,,100.0,225.0,100.0,928.0,30.0,30.0,100.0,0.0,100.0,0.0,200.0,0.0,100.0,16118.0,100.0,69805381856.0,100.0,136203801388.0
2019-08-26,ZCH06TLA,ST12000NM0007,12000138625024,0,79.0,77155664.0,91.0,0.0,100.0,7.0,100.0,0.0,80.0,108462579.0,82.0,16349.0,100.0,0.0,100.0,6.0,,,,,100.0,0.0,100.0,0.0,,,69.0,31.0,,,100.0,225.0,100.0,930.0,31.0,31.0,100.0,0.0,100.0,0.0,200.0,0.0,100.0,16165.0,100.0,69898188224.0,100.0,136966700076.0
2019-08-27,ZCH06TLA,ST12000NM0007,12000138625024,0,79.0,77155664.0,91.0,0.0,100.0,7.0,100.0,0.0,80.0,108462579.0,82.0,16349.0,100.0,0.0,100.0,6.0,,,,,100.0,0.0,100.0,0.0,,,69.0,31.0,,,100.0,225.0,100.0,930.0,31.0,31.0,100.0,0.0,100.0,0.0,200.0,0.0,100.0,16165.0,100.0,69898188224.0,100.0,136966700076.0
2019-08-28,ZCH06TLA,ST12000NM0007,12000138625024,0,80.0,90794616.0,91.0,0.0,100.0,7.0,100.0,0.0,80.0,111329963.0,82.0,16365.0,100.0,0.0,100.0,6.0,,,,,100.0,0.0,100.0,0.0,,,70.0,30.0,,,100.0,225.0,100.0,930.0,30.0,30.0,100.0,0.0,100.0,0.0,200.0,0.0,100.0,16181.0,100.0,69922417032.0,100.0,137200250964.0
2019-08-29,ZCH06TLA,ST12000NM0007,12000138625024,0,77.0,48017280.0,89.0,0.0,100.0,8.0,100.0,0.0,81.0,116654083.0,82.0,16397.0,100.0,0.0,100.0,7.0,,,,,100.0,0.0,100.0,0.0,,,69.0,31.0,,,100.0,225.0,100.0,933.0,31.0,31.0,100.0,0.0,100.0,0.0,200.0,0.0,100.0,16213.0,100.0,69968632144.0,100.0,137599539864.0
2019-08-30,ZCH06TLA,ST12000NM0007,12000138625024,0,84.0,238824920.0,89.0,0.0,100.0,8.0,100.0,0.0,81.0,118295105.0,82.0,16413.0,100.0,0.0,100.0,7.0,,,,,100.0,0.0,100.0,0.0,,,70.0,30.0,,,100.0,225.0,100.0,933.0,30.0,30.0,100.0,0.0,100.0,0.0,200.0,0.0,100.0,16229.0,100.0,69997701784.0,100.0,137761277864.0
2019-08-31,ZCH06TLA,ST12000NM0007,12000138625024,0,81.0,135916112.0,89.0,0.0,100.0,8.0,100.0,0.0,81.0,121249391.0,82.0,16445.0,100.0,0.0,100.0,7.0,,,,,100.0,0.0,100.0,0.0,,,70.0,30.0,,,100.0,226.0,100.0,935.0,30.0,30.0,100.0,0.0,100.0,0.0,200.0,0.0,100.0,16260.0,100.0,70038312832.0,100.0,138106039704.0
2019-09-01,ZCH06TLA,ST12000NM0007,12000138625024,0,80.0,96205376.0,89.0,0.0,100.0,8.0,100.0,0.0,81.0,122825758.0,82.0,16461.0,100.0,0.0,100.0,7.0,,,,,100.0,0.0,100.0,0.0,,,70.0,30.0,,,100.0,226.0,100.0,935.0,30.0,30.0,100.0,0.0,100.0,0.0,200.0,0.0,100.0,16276.0,100.0,70065778056.0,100.0,138283004552.0
2019-09-02,ZCH06TLA,ST12000NM0007,12000138625024,0,80.0,97470712.0,89.0,0.0,100.0,8.0,100.0,0.0,81.0,126593753.0,82.0,16493.0,100.0,0.0,100.0,7.0,,,,,100.0,0.0,100.0,0.0,,,70.0,30.0,,,100.0,226.0,100.0,937.0,30.0,30.0,100.0,0.0,100.0,0.0,200.0,0.0,100.0,16308.0,100.0,70139187752.0,100.0,138699141664.0
2019-09-03,ZCH06TLA,ST12000NM0007,12000138625024,0,79.0,73965768.0,89.0,0.0,100.0,8.0,100.0,0.0,81.0,128222026.0,82.0,16509.0,100.0,0.0,100.0,7.0,,,,,100.0,0.0,100.0,0.0,,,70.0,30.0,,,100.0,226.0,100.0,937.0,30.0,30.0,100.0,0.0,100.0,0.0,200.0,0.0,100.0,16324.0,100.0,70172625288.0,100.0,138886339856.0
2019-09-04,ZCH06TLA,ST12000NM0007,12000138625024,0,73.0,18806008.0,89.0,0.0,100.0,8.0,100.0,0.0,81.0,131482645.0,82.0,16541.0,100.0,0.0,100.0,7.0,,,,,100.0,0.0,100.0,0.0,,,69.0,31.0,,,100.0,227.0,100.0,939.0,31.0,31.0,100.0,0.0,100.0,0.0,200.0,0.0,100.0,16355.0,100.0,70227181688.0,100.0,139264905280.0
2019-09-05,ZCH06TLA,ST12000NM0007,12000138625024,0,83.0,184316440.0,89.0,0.0,100.0,8.0,100.0,0.0,81.0,134207836.0,82.0,16556.0,100.0,0.0,100.0,7.0,,,,,100.0,0.0,100.0,0.0,,,70.0,30.0,,,100.0,228.0,100.0,940.0,30.0,30.0,100.0,0.0,100.0,0.0,200.0,0.0,100.0,16371.0,100.0,70259691120.0,100.0,139397906280.0
2019-09-06,ZCH06TLA,ST12000NM0007,12000138625024,0,80.0,110461672.0,89.0,0.0,100.0,8.0,100.0,0.0,81.0,139180493.0,82.0,16589.0,100.0,0.0,100.0,7.0,,,,,100.0,0.0,100.0,0.0,,,69.0,31.0,,,100.0,228.0,100.0,941.0,31.0,31.0,100.0,0.0,100.0,0.0,200.0,0.0,100.0,16403.0,100.0,70335937320.0,100.0,139736086704.0
2019-09-07,ZCH06TLA,ST12000NM0007,12000138625024,0,76.0,42384120.0,89.0,0.0,100.0,8.0,100.0,0.0,81.0,140928210.0,82.0,16604.0,100.0,0.0,100.0,7.0,,,,,100.0,0.0,100.0,0.0,,,70.0,30.0,,,100.0,228.0,100.0,942.0,30.0,30.0,100.0,0.0,100.0,0.0,200.0,0.0,100.0,16419.0,100.0,70374130648.0,100.0,139873956536.0
2019-09-08,ZCH06TLA,ST12000NM0007,12000138625024,0,79.0,77571416.0,89.0,0.0,100.0,8.0,100.0,0.0,82.0,144267009.0,82.0,16636.0,100.0,0.0,100.0,7.0,,,,,100.0,0.0,100.0,0.0,,,70.0,30.0,,,100.0,229.0,100.0,943.0,30.0,30.0,100.0,0.0,100.0,0.0,200.0,0.0,100.0,16451.0,100.0,70464622448.0,100.0,140062792672.0
2019-09-09,ZCH06TLA,ST12000NM0007,12000138625024,0,70.0,9334160.0,89.0,0.0,100.0,8.0,100.0,0.0,82.0,146063918.0,81.0,16653.0,100.0,0.0,100.0,7.0,,,,,100.0,0.0,100.0,0.0,,,70.0,30.0,,,100.0,229.0,100.0,944.0,30.0,30.0,100.0,0.0,100.0,0.0,200.0,0.0,100.0,16466.0,100.0,70505046096.0,100.0,140198272472.0
2019-09-10,ZCH06TLA,ST12000NM0007,12000138625024,0,82.0,171696160.0,89.0,0.0,100.0,8.0,100.0,0.0,82.0,151489422.0,81.0,16684.0,100.0,0.0,100.0,7.0,,,,,100.0,0.0,100.0,0.0,,,70.0,30.0,,,100.0,230.0,100.0,946.0,30.0,30.0,100.0,0.0,100.0,0.0,200.0,0.0,100.0,16498.0,100.0,70581797008.0,100.0,140528024208.0
2019-09-11,ZCH06TLA,ST12000NM0007,12000138625024,0,80.0,106239432.0,89.0,0.0,100.0,8.0,100.0,0.0,82.0,153274908.0,81.0,16700.0,100.0,0.0,100.0,7.0,,,,,100.0,0.0,100.0,0.0,,,70.0,30.0,,,100.0,230.0,100.0,946.0,30.0,30.0,100.0,0.0,100.0,0.0,200.0,0.0,100.0,16514.0,100.0,70619305184.0,100.0,140669199992.0
2019-09-12,ZCH06TLA,ST12000NM0007,12000138625024,0,83.0,207320144.0,89.0,0.0,100.0,8.0,100.0,0.0,82.0,158347320.0,81.0,16732.0,100.0,0.0,100.0,7.0,,,,,100.0,0.0,100.0,0.0,,,70.0,30.0,,,100.0,231.0,100.0,948.0,30.0,30.0,100.0,0.0,100.0,0.0,200.0,0.0,100.0,16545.0,100.0,70698837280.0,100.0,140934889256.0
2019-09-13,ZCH06TLA,ST12000NM0007,12000138625024,0,83.0,194332400.0,89.0,0.0,100.0,8.0,100.0,0.0,82.0,161123740.0,81.0,16748.0,100.0,0.0,100.0,7.0,,,,,100.0,0.0,100.0,0.0,,,69.0,31.0,,,100.0,231.0,100.0,948.0,31.0,31.0,100.0,0.0,100.0,0.0,200.0,0.0,100.0,16561.0,100.0,70736410656.0,100.0,141128468800.0
2019-09-14,ZCH06TLA,ST12000NM0007,12000138625024,0,79.0,79419472.0,89.0,0.0,100.0,8.0,100.0,0.0,82.0,165889003.0,81.0,16779.0,100.0,0.0,100.0,7.0,,,,,100.0,0.0,100.0,0.0,,,70.0,30.0,,,100.0,232.0,100.0,949.0,30.0,30.0,100.0,0.0,100.0,0.0,200.0,0.0,100.0,16592.0,100.0,70798334448.0,100.0,141439913792.0
2019-09-15,ZCH06TLA,ST12000NM0007,12000138625024,0,73.0,19619344.0,89.0,0.0,100.0,8.0,100.0,0.0,82.0,167430096.0,81.0,16795.0,100.0,0.0,100.0,7.0,,,,,100.0,0.0,100.0,0.0,,,70.0,30.0,,,100.0,233.0,100.0,950.0,30.0,30.0,100.0,0.0,100.0,0.0,200.0,0.0,100.0,16608.0,100.0,70826505464.0,100.0,141596083392.0
2019-09-16,ZCH06TLA,ST12000NM0007,12000138625024,0,83.0,189314088.0,89.0,0.0,100.0,8.0,100.0,0.0,82.0,171023789.0,81.0,16826.0,100.0,0.0,100.0,7.0,,,,,100.0,0.0,100.0,0.0,,,70.0,30.0,,,100.0,233.0,100.0,951.0,30.0,30.0,100.0,0.0,100.0,0.0,200.0,0.0,100.0,16640.0,100.0,70898596912.0,100.0,141937827496.0
2019-09-17,ZCH06TLA,ST12000NM0007,12000138625024,0,83.0,191520688.0,89.0,0.0,100.0,8.0,100.0,0.0,82.0,174568334.0,81.0,16842.0,100.0,0.0,100.0,7.0,,,,,100.0,0.0,100.0,0.0,,,70.0,30.0,,,100.0,234.0,100.0,952.0,30.0,30.0,100.0,0.0,100.0,0.0,200.0,0.0,100.0,16655.0,100.0,70932725624.0,100.0,142150046216.0
2019-09-18,ZCH06TLA,ST12000NM0007,12000138625024,0,80.0,110261128.0,89.0,0.0,100.0,8.0,100.0,0.0,83.0,178050317.0,81.0,16874.0,100.0,0.0,100.0,7.0,,,,,100.0,0.0,100.0,0.0,,,70.0,30.0,,,100.0,234.0,100.0,953.0,30.0,30.0,100.0,0.0,100.0,0.0,200.0,0.0,100.0,16687.0,100.0,70993384512.0,100.0,142496409272.0
2019-09-19,ZCH06TLA,ST12000NM0007,12000138625024,0,79.0,75379712.0,89.0,0.0,100.0,8.0,100.0,0.0,83.0,180398350.0,81.0,16890.0,100.0,0.0,100.0,7.0,,,,,100.0,0.0,100.0,0.0,,,70.0,30.0,,,100.0,235.0,100.0,954.0,30.0,30.0,100.0,0.0,100.0,0.0,200.0,0.0,100.0,16702.0,100.0,71030654752.0,100.0,142668398344.0
2019-09-20,ZCH06TLA,ST12000NM0007,12000138625024,0,83.0,194979570.0,89.0,0.0,100.0,8.0,100.0,0.0,83.0,186457244.0,81.0,16925.0,100.0,0.0,100.0,7.0,,,,,100.0,0.0,100.0,0.0,,,70.0,30.0,,,100.0,236.0,100.0,956.0,30.0,30.0,100.0,0.0,100.0,0.0,200.0,0.0,100.0,16734.0,100.0,71100984592.0,100.0,142961809050.0
2019-09-21,ZCH06TLA,ST12000NM0007,12000138625024,0,82.0,153450768.0,89.0,0.0,100.0,8.0,100.0,0.0,83.0,188275207.0,81.0,16941.0,100.0,0.0,100.0,7.0,,,,,100.0,0.0,100.0,0.0,,,70.0,30.0,,,100.0,236.0,100.0,957.0,30.0,30.0,100.0,0.0,100.0,0.0,200.0,0.0,100.0,16750.0,100.0,71135934328.0,100.0,143129471234.0
2019-09-22,ZCH06TLA,ST12000NM0007,12000138625024,0,78.0,59901560.0,89.0,0.0,100.0,8.0,100.0,0.0,83.0,191525415.0,81.0,16973.0,100.0,0.0,100.0,7.0,,,,,100.0,0.0,100.0,0.0,,,70.0,30.0,,,100.0,236.0,100.0,958.0,30.0,30.0,100.0,0.0,100.0,0.0,200.0,0.0,100.0,16781.0,100.0,71179761712.0,100.0,143480376058.0
2019-09-23,ZCH06TLA,ST12000NM0007,12000138625024,0,84.0,232619288.0,89.0,0.0,100.0,8.0,100.0,0.0,83.0,193203364.0,81.0,16989.0,100.0,0.0,100.0,7.0,,,,,100.0,0.0,100.0,0.0,,,70.0,30.0,,,100.0,237.0,100.0,959.0,30.0,30.0,100.0,0.0,100.0,0.0,200.0,0.0,100.0,16797.0,100.0,71197400488.0,100.0,143635455010.0
2019-09-24,ZCH06TLA,ST12000NM0007,12000138625024,0,83.0,184469424.0,89.0,0.0,100.0,8.0,100.0,0.0,83.0,198800832.0,81.0,17020.0,100.0,0.0,100.0,7.0,,,,,100.0,0.0,100.0,0.0,,,69.0,31.0,,,100.0,238.0,100.0,960.0,31.0,31.0,100.0,0.0,100.0,0.0,200.0,0.0,100.0,16829.0,100.0,71263910560.0,100.0,144009076538.0
2019-09-25,ZCH06TLA,ST12000NM0007,12000138625024,0,79.0,80930704.0,89.0,0.0,100.0,8.0,100.0,0.0,83.0,202353659.0,81.0,17052.0,100.0,0.0,100.0,7.0,,,,,100.0,0.0,100.0,0.0,,,69.0,31.0,,,100.0,239.0,100.0,961.0,31.0,31.0,100.0,0.0,100.0,0.0,200.0,0.0,100.0,16860.0,100.0,71311795632.0,100.0,144345934186.0
2019-09-26,ZCH06TLA,ST12000NM0007,12000138625024,0,82.0,176983256.0,89.0,0.0,100.0,8.0,100.0,0.0,83.0,205016440.0,81.0,17068.0,100.0,0.0,100.0,7.0,,,,,100.0,0.0,100.0,0.0,,,70.0,30.0,,,100.0,240.0,100.0,962.0,30.0,30.0,100.0,0.0,100.0,0.0,200.0,0.0,100.0,16876.0,100.0,71342601728.0,100.0,144411180642.0
2019-09-27,ZCH06TLA,ST12000NM0007,12000138625024,0,80.0,92751600.0,89.0,0.0,100.0,8.0,100.0,0.0,83.0,209891929.0,81.0,17100.0,100.0,0.0,100.0,7.0,,,,,100.0,0.0,100.0,0.0,,,70.0,30.0,,,100.0,240.0,100.0,963.0,30.0,30.0,100.0,0.0,100.0,0.0,200.0,0.0,100.0,16908.0,100.0,71420864144.0,100.0,144736968066.0
2019-09-28,ZCH06TLA,ST12000NM0007,12000138625024,0,75.0,28434712.0,89.0,0.0,100.0,8.0,100.0,0.0,83.0,211585269.0,81.0,17116.0,100.0,0.0,100.0,7.0,,,,,100.0,0.0,100.0,0.0,,,70.0,30.0,,,100.0,240.0,100.0,964.0,30.0,30.0,100.0,0.0,100.0,0.0,200.0,0.0,100.0,16924.0,100.0,71450287216.0,100.0,144887368986.0
2019-09-29,ZCH06TLA,ST12000NM0007,12000138625024,0,82.0,174506136.0,89.0,0.0,100.0,8.0,100.0,0.0,83.0,214547228.0,81.0,17147.0,100.0,0.0,100.0,7.0,,,,,100.0,0.0,100.0,0.0,,,69.0,31.0,,,100.0,241.0,100.0,965.0,31.0,31.0,100.0,0.0,100.0,0.0,200.0,0.0,100.0,16955.0,100.0,71485109672.0,100.0,145242758698.0
2019-09-30,ZCH06TLA,ST12000NM0007,12000138625024,0,81.0,124639544.0,89.0,0.0,100.0,8.0,100.0,0.0,83.0,215982522.0,81.0,17163.0,100.0,0.0,100.0,7.0,,,,,100.0,0.0,100.0,0.0,,,70.0,30.0,,,100.0,241.0,100.0,966.0,30.0,30.0,100.0,0.0,100.0,0.0,200.0,0.0,100.0,16971.0,100.0,71503153904.0,100.0,145418988714.0
2019-10-01,ZCH06TLA,ST12000NM0007,12000138625024,0,81.0,124209128.0,89.0,0.0,100.0,8.0,100.0,0.0,83.0,223141935.0,81.0,17195.0,100.0,0.0,100.0,7.0,,,,,100.0,0.0,100.0,0.0,,,69.0,31.0,,,100.0,241.0,100.0,967.0,31.0,31.0,100.0,0.0,100.0,0.0,200.0,0.0,100.0,17003.0,100.0,71540586272.0,100.0,145869407218.0
2019-10-02,ZCH06TLA,ST12000NM0007,12000138625024,0,81.0,116548000.0,89.0,0.0,100.0,8.0,100.0,0.0,84.0,225163517.0,81.0,17211.0,100.0,0.0,100.0,7.0,,,,,100.0,0.0,100.0,0.0,,,70.0,30.0,,,100.0,241.0,100.0,968.0,30.0,30.0,100.0,0.0,100.0,0.0,200.0,0.0,100.0,17019.0,100.0,71554527896.0,100.0,146091945242.0
2019-10-03,ZCH06TLA,ST12000NM0007,12000138625024,0,84.0,236811056.0,89.0,0.0,100.0,8.0,100.0,0.0,84.0,226736377.0,81.0,17227.0,100.0,0.0,100.0,7.0,,,,,100.0,0.0,100.0,0.0,,,70.0,30.0,,,100.0,242.0,100.0,969.0,30.0,30.0,100.0,0.0,100.0,0.0,200.0,0.0,100.0,17034.0,100.0,71568977632.0,100.0,146197758562.0
2019-10-04,ZCH06TLA,ST12000NM0007,12000138625024,0,82.0,149057360.0,89.0,0.0,100.0,8.0,100.0,0.0,84.0,230209592.0,81.0,17258.0,100.0,0.0,100.0,7.0,,,,,100.0,0.0,100.0,0.0,,,70.0,30.0,,,100.0,243.0,100.0,970.0,30.0,30.0,100.0,0.0,100.0,0.0,200.0,0.0,100.0,17066.0,100.0,71603211272.0,100.0,146319911858.0
2019-10-05,ZCH06TLA,ST12000NM0007,12000138625024,0,80.0,102797360.0,89.0,0.0,100.0,8.0,100.0,0.0,84.0,232721314.0,81.0,17290.0,100.0,0.0,100.0,7.0,,,,,100.0,0.0,100.0,0.0,,,70.0,30.0,,,100.0,243.0,100.0,971.0,30.0,30.0,100.0,0.0,100.0,0.0,200.0,0.0,100.0,17097.0,100.0,71627557824.0,100.0,146493446074.0
2019-10-06,ZCH06TLA,ST12000NM0007,12000138625024,0,83.0,214165552.0,89.0,0.0,100.0,8.0,100.0,0.0,84.0,233981704.0,81.0,17306.0,100.0,0.0,100.0,7.0,,,,,100.0,0.0,100.0,0.0,,,70.0,30.0,,,100.0,244.0,100.0,972.0,30.0,30.0,100.0,0.0,100.0,0.0,200.0,0.0,100.0,17113.0,100.0,71645800848.0,100.0,146586571242.0
2019-10-07,ZCH06TLA,ST12000NM0007,12000138625024,0,83.0,217808312.0,89.0,0.0,100.0,8.0,100.0,0.0,84.0,237376417.0,81.0,17338.0,100.0,0.0,100.0,7.0,,,,,100.0,0.0,100.0,0.0,,,70.0,30.0,,,100.0,245.0,100.0,973.0,30.0,30.0,100.0,0.0,100.0,0.0,200.0,0.0,100.0,17145.0,100.0,71686871720.0,100.0,146793283978.0
2019-10-08,ZCH06TLA,ST12000NM0007,12000138625024,0,79.0,75801256.0,89.0,0.0,100.0,8.0,100.0,0.0,84.0,239664892.0,81.0,17354.0,100.0,0.0,100.0,7.0,,,,,100.0,0.0,100.0,0.0,,,70.0,30.0,,,100.0,246.0,100.0,974.0,30.0,30.0,100.0,0.0,100.0,0.0,200.0,0.0,100.0,17160.0,100.0,71712149112.0,100.0,146870140162.0
2019-10-09,ZCH06TLA,ST12000NM0007,12000138625024,0,76.0,37331600.0,89.0,0.0,100.0,8.0,100.0,0.0,84.0,242281547.0,81.0,17386.0,100.0,0.0,100.0,7.0,,,,,100.0,0.0,100.0,0.0,,,70.0,30.0,,,100.0,247.0,100.0,975.0,30.0,30.0,100.0,0.0,100.0,0.0,200.0,0.0,100.0,17192.0,100.0,71761300752.0,100.0,147026659578.0
2019-10-10,ZCH06TLA,ST12000NM0007,12000138625024,0,81.0,121677864.0,89.0,0.0,100.0,8.0,100.0,0.0,84.0,244304007.0,81.0,17402.0,100.0,0.0,100.0,7.0,,,,,100.0,0.0,100.0,0.0,,,70.0,30.0,,,100.0,248.0,100.0,976.0,30.0,30.0,100.0,0.0,100.0,0.0,200.0,0.0,100.0,17208.0,100.0,71786197024.0,100.0,147086109570.0
2019-10-11,ZCH06TLA,ST12000NM0007,12000138625024,0,83.0,194850288.0,89.0,0.0,100.0,8.0,100.0,0.0,84.0,246219421.0,81.0,17417.0,100.0,0.0,100.0,7.0,,,,,100.0,0.0,100.0,0.0,,,70.0,30.0,,,100.0,249.0,100.0,977.0,30.0,30.0,100.0,0.0,100.0,0.0,200.0,0.0,100.0,17224.0,100.0,71805775944.0,100.0,147139703074.0
2019-10-12,ZCH06TLA,ST12000NM0007,12000138625024,0,81.0,114591800.0,89.0,0.0,100.0,8.0,100.0,0.0,84.0,249021141.0,81.0,17449.0,100.0,0.0,100.0,7.0,,,,,100.0,0.0,100.0,0.0,,,70.0,30.0,,,100.0,250.0,100.0,978.0,30.0,30.0,100.0,0.0,100.0,0.0,200.0,0.0,100.0,17255.0,100.0,71853010520.0,100.0,147256350746.0
2019-10-13,ZCH06TLA,ST12000NM0007,12000138625024,0,83.0,203705040.0,89.0,0.0,100.0,8.0,100.0,0.0,84.0,250315979.0,81.0,17465.0,100.0,0.0,100.0,7.0,,,,,100.0,0.0,100.0,0.0,,,71.0,29.0,,,100.0,251.0,100.0,979.0,29.0,29.0,100.0,0.0,100.0,0.0,200.0,0.0,100.0,17271.0,100.0,71861872704.0,100.0,147336601802.0
2019-10-14,ZCH06TLA,ST12000NM0007,12000138625024,0,80.0,110464440.0,89.0,0.0,100.0,8.0,100.0,0.0,84.0,251885125.0,81.0,17497.0,100.0,0.0,100.0,7.0,,,,,100.0,0.0,100.0,0.0,,,71.0,29.0,,,100.0,252.0,100.0,980.0,29.0,29.0,100.0,0.0,100.0,0.0,200.0,0.0,100.0,17302.0,100.0,71875488608.0,100.0,147473885962.0
2019-10-15,ZCH06TLA,ST12000NM0007,12000138625024,0,80.0,94076360.0,89.0,0.0,100.0,8.0,100.0,0.0,84.0,255564136.0,80.0,17544.0,100.0,0.0,100.0,7.0,,,,,100.0,0.0,100.0,0.0,,,71.0,29.0,,,100.0,254.0,100.0,982.0,29.0,29.0,100.0,0.0,100.0,0.0,200.0,0.0,100.0,17350.0,100.0,71891625928.0,100.0,147685501250.0
2019-10-16,ZCH06TLA,ST12000NM0007,12000138625024,0,80.0,94076360.0,89.0,0.0,100.0,8.0,100.0,0.0,84.0,255564136.0,80.0,17544.0,100.0,0.0,100.0,7.0,,,,,100.0,0.0,100.0,0.0,,,71.0,29.0,,,100.0,254.0,100.0,982.0,29.0,29.0,100.0,0.0,100.0,0.0,200.0,0.0,100.0,17350.0,100.0,71891625928.0,100.0,147685501250.0
2019-10-17,ZCH06TLA,ST12000NM0007,12000138625024,0,68.0,6153712.0,89.0,0.0,100.0,8.0,100.0,0.0,84.0,258733583.0,80.0,17576.0,100.0,0.0,100.0,7.0,,,,,100.0,0.0,100.0,0.0,,,71.0,29.0,,,100.0,255.0,100.0,983.0,29.0,29.0,100.0,0.0,100.0,0.0,200.0,0.0,100.0,17381.0,100.0,71905326880.0,100.0,147828018402.0
2019-10-18,ZCH06TLA,ST12000NM0007,12000138625024,0,79.0,82387464.0,89.0,0.0,100.0,8.0,100.0,0.0,84.0,259462636.0,80.0,17592.0,100.0,0.0,100.0,7.0,,,,,100.0,0.0,100.0,0.0,,,71.0,29.0,,,100.0,256.0,100.0,984.0,29.0,29.0,100.0,0.0,100.0,0.0,200.0,0.0,100.0,17397.0,100.0,71906753576.0,100.0,147902825458.0
2019-10-19,ZCH06TLA,ST12000NM0007,12000138625024,0,83.0,210034344.0,89.0,0.0,100.0,8.0,100.0,0.0,84.0,260666867.0,80.0,17625.0,100.0,0.0,100.0,7.0,,,,,100.0,0.0,100.0,0.0,,,71.0,29.0,,,100.0,257.0,100.0,985.0,29.0,29.0,100.0,0.0,100.0,0.0,200.0,0.0,100.0,17430.0,100.0,71912694632.0,100.0,148024531282.0
2019-10-20,ZCH06TLA,ST12000NM0007,12000138625024,0,77.0,48778360.0,89.0,0.0,100.0,8.0,100.0,0.0,84.0,261818099.0,80.0,17640.0,100.0,0.0,100.0,7.0,,,,,100.0,0.0,100.0,0.0,,,70.0,30.0,,,100.0,257.0,100.0,986.0,30.0,30.0,100.0,0.0,100.0,0.0,200.0,0.0,100.0,17445.0,100.0,71924360744.0,100.0,148095750066.0
2019-10-21,ZCH06TLA,ST12000NM0007,12000138625024,0,75.0,31654248.0,89.0,0.0,100.0,8.0,100.0,0.0,84.0,265178501.0,80.0,17672.0,100.0,0.0,100.0,7.0,,,,,100.0,0.0,100.0,0.0,,,70.0,30.0,,,100.0,258.0,100.0,987.0,30.0,30.0,100.0,0.0,100.0,0.0,200.0,0.0,100.0,17477.0,100.0,71955705248.0,100.0,148291422090.0
2019-10-22,ZCH06TLA,ST12000NM0007,12000138625024,0,81.0,141217152.0,89.0,0.0,100.0,8.0,100.0,0.0,84.0,267585469.0,80.0,17688.0,100.0,0.0,100.0,7.0,,,,,100.0,0.0,100.0,0.0,,,70.0,30.0,,,100.0,259.0,100.0,988.0,30.0,30.0,100.0,0.0,100.0,0.0,200.0,0.0,100.0,17492.0,100.0,71975997176.0,100.0,148380693066.0
2019-10-23,ZCH06TLA,ST12000NM0007,12000138625024,0,80.0,103915152.0,89.0,0.0,100.0,8.0,100.0,0.0,84.0,270263863.0,80.0,17720.0,100.0,0.0,100.0,7.0,,,,,100.0,0.0,100.0,0.0,,,71.0,29.0,,,100.0,260.0,100.0,989.0,29.0,29.0,100.0,0.0,100.0,0.0,200.0,0.0,100.0,17524.0,100.0,72007983920.0,100.0,148555545002.0
2019-10-24,ZCH06TLA,ST12000NM0007,12000138625024,0,83.0,217488072.0,89.0,0.0,100.0,8.0,100.0,0.0,84.0,273076735.0,80.0,17735.0,100.0,0.0,100.0,7.0,,,,,100.0,0.0,100.0,0.0,,,70.0,30.0,,,100.0,260.0,100.0,990.0,30.0,30.0,100.0,0.0,100.0,0.0,200.0,0.0,100.0,17540.0,100.0,72025449200.0,100.0,148651652642.0
2019-10-25,ZCH06TLA,ST12000NM0007,12000138625024,0,83.0,184638920.0,89.0,0.0,100.0,8.0,100.0,0.0,84.0,275644785.0,80.0,17767.0,100.0,0.0,100.0,7.0,,,,,100.0,0.0,100.0,0.0,,,71.0,29.0,,,100.0,260.0,100.0,991.0,29.0,29.0,100.0,0.0,100.0,0.0,200.0,0.0,100.0,17571.0,100.0,72059161584.0,100.0,148829231786.0
2019-10-26,ZCH06TLA,ST12000NM0007,12000138625024,0,77.0,49990640.0,89.0,0.0,100.0,8.0,100.0,0.0,84.0,276885038.0,80.0,17783.0,100.0,0.0,100.0,7.0,,,,,100.0,0.0,100.0,0.0,,,71.0,29.0,,,100.0,260.0,100.0,992.0,29.0,29.0,100.0,0.0,100.0,0.0,200.0,0.0,100.0,17587.0,100.0,72073798552.0,100.0,148924087170.0
2019-10-27,ZCH06TLA,ST12000NM0007,12000138625024,0,77.0,53665312.0,89.0,0.0,100.0,8.0,100.0,0.0,85.0,281859873.0,80.0,17815.0,100.0,0.0,100.0,7.0,,,,,100.0,0.0,100.0,0.0,,,70.0,30.0,,,100.0,260.0,100.0,996.0,30.0,30.0,100.0,0.0,100.0,0.0,200.0,0.0,100.0,17619.0,100.0,72097420800.0,100.0,149148280220.0
2019-10-28,ZCH06TLA,ST12000NM0007,12000138625024,0,82.0,160265304.0,89.0,0.0,100.0,8.0,100.0,0.0,85.0,283202703.0,80.0,17831.0,100.0,0.0,100.0,7.0,,,,,100.0,0.0,100.0,0.0,,,71.0,29.0,,,100.0,261.0,100.0,997.0,29.0,29.0,100.0,0.0,100.0,0.0,200.0,0.0,100.0,17634.0,100.0,72108358576.0,100.0,149243942436.0
2019-10-29,ZCH06TLA,ST12000NM0007,12000138625024,0,83.0,193091952.0,89.0,0.0,100.0,8.0,100.0,0.0,85.0,287596850.0,80.0,17862.0,100.0,0.0,100.0,7.0,,,,,100.0,0.0,100.0,0.0,,,71.0,29.0,,,100.0,262.0,100.0,998.0,29.0,29.0,100.0,0.0,100.0,0.0,200.0,0.0,100.0,17666.0,100.0,72150903464.0,100.0,149478364892.0
2019-10-30,ZCH06TLA,ST12000NM0007,12000138625024,0,78.0,56591664.0,89.0,0.0,100.0,8.0,100.0,0.0,85.0,288974810.0,80.0,17878.0,100.0,0.0,100.0,7.0,,,,,100.0,0.0,100.0,0.0,,,70.0,30.0,,,100.0,263.0,100.0,999.0,30.0,30.0,100.0,0.0,100.0,0.0,200.0,0.0,100.0,17682.0,100.0,72174726632.0,100.0,149562182100.0
2019-10-31,ZCH06TLA,ST12000NM0007,12000138625024,0,80.0,93936984.0,89.0,0.0,100.0,8.0,100.0,0.0,85.0,293272832.0,80.0,17910.0,100.0,0.0,100.0,7.0,,,,,100.0,0.0,100.0,0.0,,,69.0,31.0,,,100.0,263.0,100.0,1000.0,31.0,31.0,100.0,0.0,100.0,0.0,200.0,0.0,100.0,17713.0,100.0,72201369928.0,100.0,149817024892.0
2019-11-01,ZCH06TLA,ST12000NM0007,12000138625024,0,75.0,33880952.0,89.0,0.0,100.0,8.0,100.0,0.0,85.0,294914034.0,80.0,17926.0,100.0,0.0,100.0,7.0,,,,,100.0,0.0,100.0,0.0,,,66.0,34.0,,,100.0,263.0,100.0,1000.0,34.0,34.0,100.0,0.0,100.0,0.0,200.0,0.0,100.0,17729.0,100.0,72209347120.0,100.0,149993132396.0
2019-11-02,ZCH06TLA,ST12000NM0007,12000138625024,0,80.0,110471168.0,89.0,0.0,100.0,8.0,100.0,0.0,85.0,297806348.0,80.0,17957.0,100.0,0.0,100.0,7.0,,,,,100.0,0.0,100.0,0.0,,,69.0,31.0,,,100.0,264.0,100.0,1002.0,31.0,31.0,100.0,0.0,100.0,0.0,200.0,0.0,100.0,17760.0,100.0,72223384472.0,100.0,150299825948.0
2019-11-03,ZCH06TLA,ST12000NM0007,12000138625024,0,71.0,11534320.0,89.0,0.0,100.0,8.0,100.0,0.0,85.0,299346768.0,80.0,17973.0,100.0,0.0,100.0,7.0,,,,,100.0,0.0,100.0,0.0,,,66.0,34.0,,,100.0,264.0,100.0,1002.0,34.0,34.0,100.0,0.0,100.0,0.0,200.0,0.0,100.0,17776.0,100.0,72233377504.0,100.0,150435036716.0
2019-11-04,ZCH06TLA,ST12000NM0007,12000138625024,0,80.0,89263664.0,89.0,0.0,100.0,8.0,100.0,0.0,85.0,302532234.0,80.0,18005.0,100.0,0.0,100.0,7.0,,,,,100.0,0.0,100.0,0.0,,,69.0,31.0,,,100.0,265.0,100.0,1004.0,31.0,31.0,100.0,0.0,100.0,0.0,200.0,0.0,100.0,17807.0,100.0,72248594416.0,100.0,150741689844.0
2019-11-06,ZCH06TLA,ST12000NM0007,12000138625024,0,79.0,75576552.0,89.0,0.0,100.0,8.0,100.0,0.0,85.0,307070265.0,80.0,18052.0,100.0,0.0,100.0,7.0,,,,,100.0,0.0,100.0,0.0,,,70.0,30.0,,,100.0,267.0,100.0,1006.0,30.0,30.0,100.0,0.0,100.0,0.0,200.0,0.0,100.0,17854.0,100.0,72277673056.0,100.0,150943064724.0
2019-11-07,ZCH06TLA,ST12000NM0007,12000138625024,0,83.0,207462640.0,89.0,0.0,100.0,8.0,100.0,0.0,85.0,309516042.0,80.0,18068.0,100.0,0.0,100.0,7.0,,,,,100.0,0.0,100.0,0.0,,,70.0,30.0,,,100.0,267.0,100.0,1007.0,30.0,30.0,100.0,0.0,100.0,0.0,200.0,0.0,100.0,17870.0,100.0,72297803528.0,100.0,151054820340.0
2019-11-08,ZCH06TLA,ST12000NM0007,12000138625024,0,83.0,210642968.0,89.0,0.0,100.0,8.0,100.0,0.0,85.0,312589179.0,80.0,18099.0,100.0,0.0,100.0,7.0,,,,,100.0,0.0,100.0,0.0,,,70.0,30.0,,,100.0,267.0,100.0,1008.0,30.0,30.0,100.0,0.0,100.0,0.0,200.0,0.0,100.0,17901.0,100.0,72318481080.0,100.0,151281463780.0
2019-11-09,ZCH06TLA,ST12000NM0007,12000138625024,0,76.0,39900272.0,89.0,0.0,100.0,8.0,100.0,0.0,85.0,313578864.0,80.0,18115.0,100.0,0.0,100.0,7.0,,,,,100.0,0.0,100.0,0.0,,,70.0,30.0,,,100.0,267.0,100.0,1009.0,30.0,30.0,100.0,0.0,100.0,0.0,200.0,0.0,100.0,17917.0,100.0,72327101656.0,100.0,151346241220.0
2019-11-10,ZCH06TLA,ST12000NM0007,12000138625024,0,66.0,3939208.0,89.0,0.0,100.0,8.0,100.0,0.0,85.0,315892967.0,80.0,18147.0,100.0,0.0,100.0,7.0,,,,,100.0,0.0,100.0,0.0,,,71.0,29.0,,,100.0,267.0,100.0,1010.0,29.0,29.0,100.0,0.0,100.0,0.0,200.0,0.0,100.0,17948.0,100.0,72346581544.0,100.0,151534940996.0
2019-11-11,ZCH06TLA,ST12000NM0007,12000138625024,0,80.0,111644368.0,89.0,0.0,100.0,8.0,100.0,0.0,85.0,317045606.0,80.0,18162.0,100.0,0.0,100.0,7.0,,,,,100.0,0.0,100.0,0.0,,,70.0,30.0,,,100.0,268.0,100.0,1011.0,30.0,30.0,100.0,0.0,100.0,0.0,200.0,0.0,100.0,17964.0,100.0,72356236984.0,100.0,151632990716.0
2019-11-12,ZCH06TLA,ST12000NM0007,12000138625024,0,81.0,116854560.0,89.0,0.0,100.0,8.0,100.0,0.0,85.0,321212055.0,80.0,18194.0,100.0,0.0,100.0,7.0,,,,,100.0,0.0,100.0,0.0,,,70.0,30.0,,,100.0,268.0,100.0,1012.0,30.0,30.0,100.0,0.0,100.0,0.0,200.0,0.0,100.0,17995.0,100.0,72375172776.0,100.0,151863405756.0
2019-11-13,ZCH06TLA,ST12000NM0007,12000138625024,0,80.0,108304152.0,89.0,0.0,100.0,8.0,100.0,0.0,85.0,323702552.0,80.0,18225.0,100.0,0.0,100.0,7.0,,,,,100.0,0.0,100.0,0.0,,,70.0,30.0,,,100.0,268.0,100.0,1014.0,30.0,30.0,100.0,0.0,100.0,0.0,200.0,0.0,100.0,18026.0,100.0,72393775056.0,100.0,152080393884.0
2019-11-14,ZCH06TLA,ST12000NM0007,12000138625024,0,84.0,233423744.0,89.0,0.0,100.0,8.0,100.0,0.0,85.0,326464170.0,80.0,18241.0,100.0,0.0,100.0,7.0,,,,,100.0,0.0,100.0,0.0,,,70.0,30.0,,,100.0,268.0,100.0,1015.0,30.0,30.0,100.0,0.0,100.0,0.0,200.0,0.0,100.0,18042.0,100.0,72406237648.0,100.0,152193050884.0
2019-11-15,ZCH06TLA,ST12000NM0007,12000138625024,0,81.0,123403416.0,89.0,0.0,100.0,8.0,100.0,0.0,85.0,327832395.0,80.0,18257.0,100.0,0.0,100.0,7.0,,,,,100.0,0.0,100.0,0.0,,,71.0,29.0,,,100.0,268.0,100.0,1016.0,29.0,29.0,100.0,0.0,100.0,0.0,200.0,0.0,100.0,18057.0,100.0,72416490872.0,100.0,152316918196.0
2019-11-16,ZCH06TLA,ST12000NM0007,12000138625024,0,82.0,171758576.0,89.0,0.0,100.0,8.0,100.0,0.0,85.0,330712948.0,80.0,18289.0,100.0,0.0,100.0,7.0,,,,,100.0,0.0,100.0,0.0,,,71.0,29.0,,,100.0,269.0,100.0,1017.0,29.0,29.0,100.0,0.0,100.0,0.0,200.0,0.0,100.0,18088.0,100.0,72443981296.0,100.0,152581923612.0
2019-11-17,ZCH06TLA,ST12000NM0007,12000138625024,0,83.0,203300920.0,89.0,0.0,100.0,8.0,100.0,0.0,85.0,333455014.0,80.0,18320.0,100.0,0.0,100.0,7.0,,,,,100.0,0.0,100.0,0.0,,,70.0,30.0,,,100.0,269.0,100.0,1018.0,30.0,30.0,100.0,0.0,100.0,0.0,200.0,0.0,100.0,18120.0,100.0,72458966424.0,100.0,152842621564.0
2019-11-18,ZCH06TLA,ST12000NM0007,12000138625024,0,81.0,136471640.0,89.0,0.0,100.0,8.0,100.0,0.0,85.0,335110152.0,80.0,18336.0,100.0,0.0,100.0,7.0,,,,,100.0,0.0,100.0,0.0,,,70.0,30.0,,,100.0,270.0,100.0,1019.0,30.0,30.0,100.0,0.0,100.0,0.0,200.0,0.0,100.0,18136.0,100.0,72472802016.0,100.0,153006097340.0
2019-11-19,ZCH06TLA,ST12000NM0007,12000138625024,0,84.0,228185568.0,89.0,0.0,100.0,8.0,100.0,0.0,85.0,339567485.0,80.0,18368.0,100.0,0.0,100.0,7.0,,,,,100.0,0.0,100.0,0.0,,,70.0,30.0,,,100.0,271.0,100.0,1020.0,30.0,30.0,100.0,0.0,100.0,0.0,200.0,0.0,100.0,18168.0,100.0,72506518656.0,100.0,153308235372.0
2019-11-20,ZCH06TLA,ST12000NM0007,12000138625024,0,82.0,150864376.0,89.0,0.0,100.0,8.0,100.0,0.0,85.0,341046121.0,80.0,18384.0,100.0,0.0,100.0,7.0,,,,,100.0,0.0,100.0,0.0,,,69.0,31.0,,,100.0,271.0,100.0,1021.0,31.0,31.0,100.0,0.0,100.0,0.0,200.0,0.0,100.0,18183.0,100.0,72515745880.0,100.0,153465827732.0
2019-11-21,ZCH06TLA,ST12000NM0007,12000138625024,0,83.0,221596000.0,89.0,0.0,100.0,8.0,100.0,0.0,85.0,345092990.0,79.0,18415.0,100.0,0.0,100.0,7.0,,,,,100.0,0.0,100.0,0.0,,,70.0,30.0,,,100.0,271.0,100.0,1022.0,30.0,30.0,100.0,0.0,100.0,0.0,200.0,0.0,100.0,18214.0,100.0,72534737024.0,100.0,153761708844.0
2019-11-22,ZCH06TLA,ST12000NM0007,12000138625024,0,83.0,190213848.0,89.0,0.0,100.0,8.0,100.0,0.0,85.0,346538919.0,79.0,18431.0,100.0,0.0,100.0,7.0,,,,,100.0,0.0,100.0,0.0,,,69.0,31.0,,,100.0,272.0,100.0,1023.0,31.0,31.0,100.0,0.0,100.0,0.0,200.0,0.0,100.0,18230.0,100.0,72546341360.0,100.0,153962863004.0
2019-11-23,ZCH06TLA,ST12000NM0007,12000138625024,0,84.0,234010056.0,89.0,0.0,100.0,8.0,100.0,0.0,85.0,348663337.0,79.0,18462.0,100.0,0.0,100.0,7.0,,,,,100.0,0.0,100.0,0.0,,,71.0,29.0,,,100.0,272.0,100.0,1024.0,29.0,29.0,100.0,0.0,100.0,0.0,200.0,0.0,100.0,18261.0,100.0,72549862832.0,100.0,154247278596.0
2019-11-24,ZCH06TLA,ST12000NM0007,12000138625024,0,80.0,102742384.0,89.0,0.0,100.0,8.0,100.0,0.0,85.0,349577519.0,79.0,18478.0,100.0,0.0,100.0,7.0,,,,,100.0,0.0,100.0,0.0,,,71.0,29.0,,,100.0,273.0,100.0,1025.0,29.0,29.0,100.0,0.0,100.0,0.0,200.0,0.0,100.0,18277.0,100.0,72550036752.0,100.0,154359977700.0
2019-11-25,ZCH06TLA,ST12000NM0007,12000138625024,0,82.0,155521480.0,89.0,0.0,100.0,8.0,100.0,0.0,85.0,352257392.0,79.0,18509.0,100.0,0.0,100.0,7.0,,,,,100.0,0.0,100.0,0.0,,,70.0,30.0,,,100.0,273.0,100.0,1026.0,30.0,30.0,100.0,0.0,100.0,0.0,200.0,0.0,100.0,18308.0,100.0,72550391112.0,100.0,154656543172.0
2019-11-26,ZCH06TLA,ST12000NM0007,12000138625024,0,78.0,66747488.0,89.0,0.0,100.0,8.0,100.0,0.0,85.0,354343037.0,79.0,18525.0,100.0,0.0,100.0,7.0,,,,,100.0,0.0,100.0,0.0,,,71.0,29.0,,,100.0,274.0,100.0,1027.0,29.0,29.0,100.0,0.0,100.0,0.0,200.0,0.0,100.0,18324.0,100.0,72550588360.0,100.0,154811712668.0
2019-11-27,ZCH06TLA,ST12000NM0007,12000138625024,0,82.0,147247072.0,89.0,0.0,100.0,8.0,100.0,0.0,86.0,356693513.0,79.0,18557.0,100.0,0.0,100.0,7.0,,,,,100.0,0.0,100.0,0.0,,,71.0,29.0,,,100.0,274.0,100.0,1028.0,29.0,29.0,100.0,0.0,100.0,0.0,200.0,0.0,100.0,18355.0,100.0,72550936888.0,100.0,155136004388.0
2019-11-28,ZCH06TLA,ST12000NM0007,12000138625024,0,81.0,124084536.0,89.0,0.0,100.0,8.0,100.0,0.0,86.0,359894660.0,79.0,18588.0,100.0,0.0,100.0,7.0,,,,,100.0,0.0,100.0,0.0,,,71.0,29.0,,,100.0,275.0,100.0,1030.0,29.0,29.0,100.0,0.0,100.0,0.0,200.0,0.0,100.0,18387.0,100.0,72551208568.0,100.0,155356711004.0
2019-11-29,ZCH06TLA,ST12000NM0007,12000138625024,0,83.0,214201968.0,89.0,0.0,100.0,8.0,100.0,0.0,86.0,360656231.0,79.0,18604.0,100.0,0.0,100.0,7.0,,,,,100.0,0.0,100.0,0.0,,,71.0,29.0,,,100.0,275.0,100.0,1030.0,29.0,29.0,100.0,0.0,100.0,0.0,200.0,0.0,100.0,18402.0,100.0,72551391336.0,100.0,155446645668.0
2019-11-30,ZCH06TLA,ST12000NM0007,12000138625024,0,79.0,77844712.0,89.0,0.0,100.0,8.0,100.0,0.0,86.0,363199567.0,79.0,18636.0,100.0,0.0,100.0,7.0,,,,,100.0,0.0,100.0,0.0,,,71.0,29.0,,,100.0,275.0,100.0,1032.0,29.0,29.0,100.0,0.0,100.0,0.0,200.0,0.0,100.0,18434.0,100.0,72554502400.0,100.0,155795458660.0
2019-12-01,ZCH06TLA,ST12000NM0007,12000138625024,0,82.0,175462760.0,89.0,0.0,100.0,8.0,100.0,0.0,86.0,364160824.0,79.0,18651.0,100.0,0.0,100.0,7.0,,,,,100.0,0.0,100.0,0.0,,,71.0,29.0,,,100.0,275.0,100.0,1032.0,29.0,29.0,100.0,0.0,100.0,0.0,200.0,0.0,100.0,18449.0,100.0,72560937720.0,100.0,155886641388.0
2019-12-02,ZCH06TLA,ST12000NM0007,12000138625024,0,82.0,157834232.0,89.0,0.0,100.0,8.0,100.0,0.0,86.0,367612376.0,79.0,18683.0,100.0,0.0,100.0,7.0,,,,,100.0,0.0,100.0,0.0,,,70.0,30.0,,,100.0,276.0,100.0,1034.0,30.0,30.0,100.0,0.0,100.0,0.0,200.0,0.0,100.0,18480.0,100.0,72562491552.0,100.0,156111599700.0
2019-12-03,ZCH06TLA,ST12000NM0007,12000138625024,0,77.0,50464024.0,89.0,0.0,100.0,8.0,100.0,0.0,86.0,368809234.0,79.0,18698.0,100.0,0.0,100.0,7.0,,,,,100.0,0.0,100.0,0.0,,,71.0,29.0,,,100.0,276.0,100.0,1034.0,29.0,29.0,100.0,0.0,100.0,0.0,200.0,0.0,100.0,18496.0,100.0,72562673040.0,100.0,156248188868.0
2019-12-04,ZCH06TLA,ST12000NM0007,12000138625024,0,83.0,220638296.0,89.0,0.0,100.0,8.0,100.0,0.0,86.0,370333623.0,79.0,18730.0,100.0,0.0,100.0,7.0,,,,,100.0,0.0,100.0,0.0,,,71.0,29.0,,,100.0,276.0,100.0,1036.0,29.0,29.0,100.0,0.0,100.0,0.0,200.0,0.0,100.0,18527.0,100.0,72565441800.0,100.0,156415594380.0
2019-12-05,ZCH06TLA,ST12000NM0007,12000138625024,0,76.0,44098496.0,89.0,0.0,100.0,8.0,100.0,0.0,86.0,372354029.0,79.0,18746.0,100.0,0.0,100.0,7.0,,,,,100.0,0.0,100.0,0.0,,,71.0,29.0,,,100.0,276.0,100.0,1036.0,29.0,29.0,100.0,0.0,100.0,0.0,200.0,0.0,100.0,18543.0,100.0,72565485752.0,100.0,156483151364.0
2019-12-06,ZCH06TLA,ST12000NM0007,12000138625024,0,84.0,237264968.0,89.0,0.0,100.0,8.0,100.0,0.0,86.0,374321751.0,79.0,18778.0,100.0,0.0,100.0,7.0,,,,,100.0,0.0,100.0,0.0,,,71.0,29.0,,,100.0,276.0,100.0,1037.0,29.0,29.0,100.0,0.0,100.0,0.0,200.0,0.0,100.0,18574.0,100.0,72565824752.0,100.0,156675978836.0
2019-12-07,ZCH06TLA,ST12000NM0007,12000138625024,0,82.0,158398176.0,89.0,0.0,100.0,8.0,100.0,0.0,86.0,375690520.0,79.0,18794.0,100.0,0.0,100.0,7.0,,,,,100.0,0.0,100.0,0.0,,,71.0,29.0,,,100.0,276.0,100.0,1038.0,29.0,29.0,100.0,0.0,100.0,0.0,200.0,0.0,100.0,18590.0,100.0,72566605024.0,100.0,156840472460.0
2019-12-08,ZCH06TLA,ST12000NM0007,12000138625024,0,81.0,123954832.0,89.0,0.0,100.0,8.0,100.0,0.0,86.0,377600352.0,79.0,18825.0,100.0,0.0,100.0,7.0,,,,,100.0,0.0,100.0,0.0,,,71.0,29.0,,,100.0,277.0,100.0,1040.0,29.0,29.0,100.0,0.0,100.0,0.0,200.0,0.0,100.0,18622.0,100.0,72566966744.0,100.0,157049808276.0
2019-12-09,ZCH06TLA,ST12000NM0007,12000138625024,0,84.0,228118496.0,89.0,0.0,100.0,8.0,100.0,0.0,86.0,378542035.0,79.0,18841.0,100.0,0.0,100.0,7.0,,,,,100.0,0.0,100.0,0.0,,,71.0,29.0,,,100.0,277.0,100.0,1040.0,29.0,29.0,100.0,0.0,100.0,0.0,200.0,0.0,100.0,18638.0,100.0,72567144752.0,100.0,157153793932.0
2019-12-10,ZCH06TLA,ST12000NM0007,12000138625024,0,84.0,242506192.0,89.0,0.0,100.0,8.0,100.0,0.0,86.0,382567566.0,79.0,18873.0,100.0,0.0,100.0,7.0,,,,,100.0,0.0,100.0,0.0,,,71.0,29.0,,,100.0,277.0,100.0,1042.0,29.0,29.0,100.0,0.0,100.0,0.0,200.0,0.0,100.0,18669.0,100.0,72567511728.0,100.0,157411955300.0
2019-12-11,ZCH06TLA,ST12000NM0007,12000138625024,0,82.0,142338016.0,89.0,0.0,100.0,8.0,100.0,0.0,86.0,383883189.0,79.0,18888.0,100.0,0.0,100.0,7.0,,,,,100.0,0.0,100.0,0.0,,,71.0,29.0,,,100.0,277.0,100.0,1042.0,29.0,29.0,100.0,0.0,100.0,0.0,200.0,0.0,100.0,18685.0,100.0,72567689048.0,100.0,157555750572.0
2019-12-12,ZCH06TLA,ST12000NM0007,12000138625024,0,84.0,243482544.0,89.0,0.0,100.0,8.0,100.0,0.0,86.0,384824004.0,79.0,18904.0,100.0,0.0,100.0,7.0,,,,,100.0,0.0,100.0,0.0,,,71.0,29.0,,,100.0,278.0,100.0,1043.0,29.0,29.0,100.0,0.0,100.0,0.0,200.0,0.0,100.0,18700.0,100.0,72567837576.0,100.0,157656746572.0
2019-12-13,ZCH06TLA,ST12000NM0007,12000138625024,0,81.0,139387648.0,89.0,0.0,100.0,8.0,100.0,0.0,86.0,387914130.0,79.0,18936.0,100.0,0.0,100.0,7.0,,,,,100.0,0.0,100.0,0.0,,,71.0,29.0,,,100.0,279.0,100.0,1044.0,29.0,29.0,100.0,0.0,100.0,0.0,200.0,0.0,100.0,18732.0,100.0,72568057632.0,100.0,157796572380.0
2019-12-14,ZCH06TLA,ST12000NM0007,12000138625024,0,84.0,239530664.0,89.0,0.0,100.0,8.0,100.0,0.0,86.0,388841147.0,79.0,18952.0,100.0,0.0,100.0,7.0,,,,,100.0,0.0,100.0,0.0,,,71.0,29.0,,,100.0,280.0,100.0,1045.0,29.0,29.0,100.0,0.0,100.0,0.0,200.0,0.0,100.0,18747.0,100.0,72568236160.0,100.0,157896536868.0
2019-12-15,ZCH06TLA,ST12000NM0007,12000138625024,0,82.0,174939912.0,89.0,0.0,100.0,8.0,100.0,0.0,86.0,390629981.0,79.0,18983.0,100.0,0.0,100.0,7.0,,,,,100.0,0.0,100.0,0.0,,,71.0,29.0,,,100.0,281.0,100.0,1046.0,29.0,29.0,100.0,0.0,100.0,0.0,200.0,0.0,100.0,18779.0,100.0,72568591336.0,100.0,158075731596.0
2019-12-16,ZCH06TLA,ST12000NM0007,12000138625024,0,75.0,29328608.0,89.0,0.0,100.0,8.0,100.0,0.0,86.0,391628841.0,79.0,18999.0,100.0,0.0,100.0,7.0,,,,,100.0,0.0,100.0,0.0,,,71.0,29.0,,,100.0,281.0,100.0,1047.0,29.0,29.0,100.0,0.0,100.0,0.0,200.0,0.0,100.0,18794.0,100.0,72568772400.0,100.0,158174079892.0
2019-12-17,ZCH06TLA,ST12000NM0007,12000138625024,0,83.0,194867208.0,89.0,0.0,100.0,8.0,100.0,0.0,86.0,395047420.0,79.0,19030.0,100.0,0.0,100.0,7.0,,,,,100.0,0.0,100.0,0.0,,,71.0,29.0,,,100.0,282.0,100.0,1048.0,29.0,29.0,100.0,0.0,100.0,0.0,200.0,0.0,100.0,18826.0,100.0,72569130104.0,100.0,158339260788.0
2019-12-18,ZCH06TLA,ST12000NM0007,12000138625024,0,84.0,237463760.0,89.0,0.0,100.0,8.0,100.0,0.0,86.0,395572769.0,79.0,19046.0,100.0,0.0,100.0,7.0,,,,,100.0,0.0,100.0,0.0,,,71.0,29.0,,,100.0,283.0,100.0,1049.0,29.0,29.0,100.0,0.0,100.0,0.0,200.0,0.0,100.0,18842.0,100.0,72569308760.0,100.0,158381678684.0
2019-12-19,ZCH06TLA,ST12000NM0007,12000138625024,0,83.0,223333824.0,89.0,0.0,100.0,8.0,100.0,0.0,86.0,397779131.0,79.0,19078.0,100.0,0.0,100.0,7.0,,,,,100.0,0.0,100.0,0.0,,,71.0,29.0,,,100.0,284.0,100.0,1050.0,29.0,29.0,100.0,0.0,100.0,0.0,200.0,0.0,100.0,18873.0,100.0,72569676408.0,100.0,158611321932.0
2019-12-20,ZCH06TLA,ST12000NM0007,12000138625024,0,79.0,71281960.0,89.0,0.0,100.0,8.0,100.0,0.0,86.0,398575931.0,79.0,19094.0,100.0,0.0,100.0,7.0,,,,,100.0,0.0,100.0,0.0,,,71.0,29.0,,,100.0,284.0,100.0,1054.0,29.0,29.0,100.0,0.0,100.0,0.0,200.0,0.0,100.0,18888.0,100.0,72569847944.0,100.0,158703239160.0
2019-12-21,ZCH06TLA,ST12000NM0007,12000138625024,0,83.0,211196670.0,89.0,0.0,100.0,9.0,100.0,0.0,86.0,399987229.0,79.0,19126.0,100.0,0.0,100.0,8.0,,,,,100.0,0.0,100.0,0.0,,,72.0,28.0,,,100.0,284.0,100.0,1060.0,28.0,28.0,100.0,0.0,100.0,0.0,200.0,0.0,100.0,18920.0,100.0,72570206536.0,100.0,158842795278.0
2019-12-22,ZCH06TLA,ST12000NM0007,12000138625024,0,76.0,43535200.0,89.0,0.0,100.0,9.0,100.0,0.0,86.0,400671095.0,79.0,19142.0,100.0,0.0,100.0,8.0,,,,,100.0,0.0,100.0,0.0,,,71.0,29.0,,,100.0,284.0,100.0,1060.0,29.0,29.0,100.0,0.0,100.0,0.0,200.0,0.0,100.0,18936.0,100.0,72570386912.0,100.0,158919094222.0
2019-12-23,ZCH06TLA,ST12000NM0007,12000138625024,0,81.0,118430208.0,89.0,0.0,100.0,9.0,100.0,0.0,86.0,403202346.0,79.0,19174.0,100.0,0.0,100.0,8.0,,,,,100.0,0.0,100.0,0.0,,,71.0,29.0,,,100.0,286.0,100.0,1062.0,29.0,29.0,100.0,0.0,100.0,0.0,200.0,0.0,100.0,18968.0,100.0,72570744256.0,100.0,159237772534.0
2019-12-24,ZCH06TLA,ST12000NM0007,12000138625024,0,77.0,54395704.0,89.0,0.0,100.0,9.0,100.0,0.0,86.0,404770165.0,79.0,19205.0,100.0,0.0,100.0,8.0,,,,,100.0,0.0,100.0,0.0,,,71.0,29.0,,,100.0,287.0,100.0,1063.0,29.0,29.0,100.0,0.0,100.0,0.0,200.0,0.0,100.0,18999.0,100.0,72571099504.0,100.0,159417523534.0
2019-12-25,ZCH06TLA,ST12000NM0007,12000138625024,0,81.0,137429368.0,89.0,0.0,100.0,9.0,100.0,0.0,86.0,405555320.0,79.0,19221.0,100.0,0.0,100.0,8.0,,,,,100.0,0.0,100.0,0.0,,,71.0,29.0,,,100.0,288.0,100.0,1064.0,29.0,29.0,100.0,0.0,100.0,0.0,200.0,0.0,100.0,19014.0,100.0,72571277416.0,100.0,159500379286.0
2019-12-26,ZCH06TLA,ST12000NM0007,12000138625024,0,81.0,132846568.0,89.0,0.0,100.0,9.0,100.0,0.0,86.0,407676656.0,79.0,19252.0,100.0,0.0,100.0,8.0,,,,,100.0,0.0,100.0,0.0,,,71.0,29.0,,,100.0,288.0,100.0,1065.0,29.0,29.0,100.0,0.0,100.0,0.0,200.0,0.0,100.0,19046.0,100.0,72571638264.0,100.0,159739576374.0
2019-12-27,ZCH06TLA,ST12000NM0007,12000138625024,0,100.0,1320656.0,89.0,0.0,100.0,9.0,100.0,0.0,86.0,408566267.0,79.0,19268.0,100.0,0.0,100.0,8.0,,,,,100.0,0.0,100.0,0.0,,,71.0,29.0,,,100.0,288.0,100.0,1065.0,29.0,29.0,100.0,0.0,100.0,0.0,200.0,0.0,100.0,19061.0,100.0,72571817224.0,100.0,159852012318.0
2019-12-28,ZCH06TLA,ST12000NM0007,12000138625024,0,83.0,196887000.0,89.0,0.0,100.0,9.0,100.0,0.0,86.0,410287893.0,78.0,19300.0,100.0,0.0,100.0,8.0,,,,,100.0,0.0,100.0,0.0,,,71.0,29.0,,,100.0,289.0,100.0,1067.0,29.0,29.0,100.0,0.0,100.0,0.0,200.0,0.0,100.0,19093.0,100.0,72572176952.0,100.0,160047218934.0
2019-12-29,ZCH06TLA,ST12000NM0007,12000138625024,0,74.0,27244704.0,89.0,0.0,100.0,9.0,100.0,0.0,86.0,411001209.0,78.0,19315.0,100.0,0.0,100.0,8.0,,,,,100.0,0.0,100.0,0.0,,,71.0,29.0,,,100.0,289.0,100.0,1068.0,29.0,29.0,100.0,0.0,100.0,0.0,200.0,0.0,100.0,19109.0,100.0,72572351280.0,100.0,160121543150.0
2019-12-30,ZCH06TLA,ST12000NM0007,12000138625024,0,79.0,84454872.0,89.0,0.0,100.0,9.0,100.0,0.0,86.0,414042320.0,78.0,19347.0,100.0,0.0,100.0,8.0,,,,,100.0,0.0,100.0,0.0,,,71.0,29.0,,,100.0,289.0,100.0,1069.0,29.0,29.0,100.0,0.0,100.0,0.0,200.0,0.0,100.0,19140.0,100.0,72572694112.0,100.0,160422551334.0
2019-12-31,ZCH06TLA,ST12000NM0007,12000138625024,0,82.0,173057848.0,89.0,0.0,100.0,9.0,100.0,0.0,86.0,414986854.0,78.0,19363.0,100.0,0.0,100.0,8.0,,,,,100.0,0.0,100.0,0.0,,,71.0,29.0,,,100.0,290.0,100.0,1070.0,29.0,29.0,100.0,0.0,100.0,0.0,200.0,0.0,100.0,19156.0,100.0,72573534736.0,100.0,160510313686.0
