2019-01-01,ZJV03MHT,ST12000NM0007,12000138625024,0,74,25919432,92.0,0.0,100.0,6.0,100.0,0.0,89.0,778922904.0,93,6391,100.0,0.0,100,6,,,,,100.0,0.0,100.0,0.0,,,65.0,35.0,,,100.0,56.0,100.0,489.0,35,35,100.0,0.0,100.0,0.0,200.0,0.0,100.0,6293.0,100.0,39725991248.0,100.0,56247272062.0
2019-01-02,ZJV03MHT,ST12000NM0007,12000138625024,0,72,15094600,92.0,0.0,100.0,6.0,100.0,0.0,89.0,781501717.0,93,6414,100.0,0.0,100,6,,,,,100.0,0.0,100.0,0.0,,,65.0,35.0,,,100.0,57.0,100.0,490.0,35,35,100.0,0.0,100.0,0.0,200.0,0.0,100.0,6316.0,100.0,39798412688.0,100.0,56408166494.0
2019-01-03,ZJV03MHT,ST12000NM0007,12000138625024,0,100.0,1408512.0,92.0,0.0,100.0,6.0,100.0,0.0,89.0,783544981.0,93.0,6439.0,100.0,0.0,100.0,6.0,,,,,100.0,0.0,100.0,0.0,,,65.0,35.0,,,100.0,57.0,100.0,491.0,35.0,35.0,100.0,0.0,100.0,0.0,200.0,0.0,100.0,6341.0,100.0,39863594816.0,100.0,56573439134.0
2019-01-04,ZJV03MHT,ST12000NM0007,12000138625024,0,73,19150392,92.0,0.0,100.0,6.0,100.0,0.0,89.0,785875266.0,93,6462,100.0,0.0,100,6,,,,,100.0,0.0,100.0,0.0,,,64.0,36.0,,,100.0,57.0,100.0,492.0,36,36,100.0,0.0,100.0,0.0,200.0,0.0,100.0,6364.0,100.0,39952275472.0,100.0,56746641030.0
2019-01-05,ZJV03MHT,ST12000NM0007,12000138625024,0,78,56372272,92.0,0.0,100.0,6.0,100.0,0.0,89.0,788827862.0,93,6487,100.0,0.0,100,6,,,,,100.0,0.0,100.0,0.0,,,64.0,36.0,,,100.0,57.0,100.0,493.0,36,36,100.0,0.0,100.0,0.0,200.0,0.0,100.0,6389.0,100.0,40053315440.0,100.0,56926963718.0
2019-01-06,ZJV03MHT,ST12000NM0007,12000138625024,0,80,103975184,92.0,0.0,100.0,6.0,100.0,0.0,89.0,791510051.0,93,6511,100.0,0.0,100,6,,,,,100.0,0.0,100.0,0.0,,,64.0,36.0,,,100.0,58.0,100.0,494.0,36,36,100.0,0.0,100.0,0.0,200.0,0.0,100.0,6412.0,100.0,40162524584.0,100.0,57109498822.0
2019-01-07,ZJV03MHT,ST12000NM0007,12000138625024,0,65,3181544,92.0,0.0,100.0,6.0,100.0,0.0,89.0,794949640.0,93,6535,100.0,0.0,100,6,,,,,100.0,0.0,100.0,0.0,,,64.0,36.0,,,100.0,58.0,100.0,495.0,36,36,100.0,0.0,100.0,0.0,200.0,0.0,100.0,6436.0,100.0,40245250208.0,100.0,57414261054.0
2019-01-08,ZJV03MHT,ST12000NM0007,12000138625024,0,81,132297392,92.0,0.0,100.0,6.0,100.0,0.0,89.0,798058515.0,93,6559,100.0,0.0,100,6,,,,,100.0,0.0,100.0,0.0,,,60.0,40.0,,,100.0,58.0,100.0,496.0,40,40,100.0,0.0,100.0,0.0,200.0,0.0,100.0,6460.0,100.0,40324638472.0,100.0,57708129686.0
2019-01-09,ZJV03MHT,ST12000NM0007,12000138625024,0,74,24458688,92.0,0.0,100.0,6.0,100.0,0.0,89.0,802647590.0,93,6583,100.0,0.0,100,6,,,,,100.0,0.0,100.0,0.0,,,62.0,38.0,,,100.0,58.0,100.0,497.0,38,38,100.0,0.0,100.0,0.0,200.0,0.0,100.0,6484.0,100.0,40426258088.0,100.0,57986953134.0
2019-01-10,ZJV03MHT,ST12000NM0007,12000138625024,0,82,170224448,92.0,0.0,100.0,6.0,100.0,0.0,89.0,803935130.0,93,6600,100.0,0.0,100,6,,,,,100.0,0.0,100.0,0.0,,,61.0,39.0,,,100.0,58.0,100.0,497.0,39,39,100.0,0.0,100.0,0.0,200.0,0.0,100.0,6501.0,100.0,40461787992.0,100.0,58097188990.0
2019-01-11,ZJV03MHT,ST12000NM0007,12000138625024,0,81.0,117875672.0,92.0,0.0,100.0,6.0,100.0,0.0,89.0,805384939.0,93.0,6623.0,100.0,0.0,100.0,6.0,,,,,100.0,0.0,100.0,0.0,,,62.0,38.0,,,100.0,59.0,100.0,498.0,38.0,38.0,100.0,0.0,100.0,0.0,200.0,0.0,100.0,6525.0,100.0,40499839800.0,100.0,58250929038.0
2019-01-12,ZJV03MHT,ST12000NM0007,12000138625024,0,84,239894312,92.0,0.0,100.0,6.0,100.0,0.0,89.0,806554011.0,93,6639,100.0,0.0,100,6,,,,,100.0,0.0,100.0,0.0,,,61.0,39.0,,,100.0,60.0,100.0,499.0,39,39,100.0,0.0,100.0,0.0,200.0,0.0,100.0,6540.0,100.0,40527783992.0,100.0,58345003486.0
2019-01-13,ZJV03MHT,ST12000NM0007,12000138625024,0,78,59835576,92.0,0.0,100.0,6.0,100.0,0.0,89.0,809151262.0,93,6671,100.0,0.0,100,6,,,,,100.0,0.0,100.0,0.0,,,61.0,39.0,,,100.0,60.0,100.0,500.0,39,39,100.0,0.0,100.0,0.0,200.0,0.0,100.0,6572.0,100.0,40583755400.0,100.0,58597255014.0
2019-01-14,ZJV03MHT,ST12000NM0007,12000138625024,0,83,213532128,92.0,0.0,100.0,6.0,100.0,0.0,89.0,810600523.0,93,6686,100.0,0.0,100,6,,,,,100.0,0.0,100.0,0.0,,,61.0,39.0,,,100.0,61.0,100.0,501.0,39,39,100.0,0.0,100.0,0.0,200.0,0.0,100.0,6587.0,100.0,40608707880.0,100.0,58725999086.0
2019-01-15,ZJV03MHT,ST12000NM0007,12000138625024,0,74.0,25726672.0,92.0,0.0,100.0,6.0,100.0,0.0,89.0,813544601.0,93.0,6718.0,100.0,0.0,100.0,6.0,,,,,100.0,0.0,100.0,0.0,,,64.0,36.0,,,100.0,62.0,100.0,502.0,36.0,36.0,100.0,0.0,100.0,0.0,200.0,0.0,100.0,6619.0,100.0,40680958288.0,100.0,58954224574.0
2019-01-16,ZJV03MHT,ST12000NM0007,12000138625024,0,83,223497648,92.0,0.0,100.0,6.0,100.0,0.0,89.0,814852594.0,93,6734,100.0,0.0,100,6,,,,,100.0,0.0,100.0,0.0,,,65.0,35.0,,,100,62,100.0,503.0,35,35,100.0,0.0,100.0,0.0,200.0,0.0,100.0,6634.0,100.0,40713281048.0,100.0,59119672790.0
2019-01-17,ZJV03MHT,ST12000NM0007,12000138625024,0,80,94471074,92.0,0.0,100.0,6.0,100.0,0.0,89.0,818625979.0,93,6769,100.0,0.0,100,6,,,,,100.0,0.0,100.0,0.0,,,65.0,35.0,,,100,62,100.0,512.0,35,35,100.0,0.0,100.0,0.0,200.0,0.0,100.0,6668.0,100.0,40808834776.0,100.0,59383374376.0
2019-01-18,ZJV03MHT,ST12000NM0007,12000138625024,0,79,85698680,92.0,0.0,100.0,6.0,100.0,0.0,89.0,821670497.0,93,6794,100.0,0.0,100,6,,,,,100.0,0.0,100.0,0.0,,,65.0,35.0,,,100,62,100.0,513.0,35,35,100.0,0.0,100.0,0.0,200.0,0.0,100.0,6692.0,100.0,40870413192.0,100.0,59557164216.0
2019-01-19,ZJV03MHT,ST12000NM0007,12000138625024,0,79,87406072,92.0,0.0,100.0,6.0,100.0,0.0,89.0,823610532.0,93,6818,100.0,0.0,100,6,,,,,100.0,0.0,100.0,0.0,,,65.0,35.0,,,100,63,100.0,514.0,35,35,100.0,0.0,100.0,0.0,200.0,0.0,100.0,6716.0,100.0,40933613840.0,100.0,59739811632.0
2019-01-20,ZJV03MHT,ST12000NM0007,12000138625024,0,76,43203896,92.0,0.0,100.0,6.0,100.0,0.0,89.0,825376376.0,93,6842,100.0,0.0,100,6,,,,,100.0,0.0,100.0,0.0,,,65.0,35.0,,,100,63,100.0,515.0,35,35,100.0,0.0,100.0,0.0,200.0,0.0,100.0,6740.0,100.0,40982976032.0,100.0,59890388064.0
2019-01-21,ZJV03MHT,ST12000NM0007,12000138625024,0,80,100217616,92.0,0.0,100.0,6.0,100.0,0.0,89.0,828541663.0,93,6866,100.0,0.0,100,6,,,,,100.0,0.0,100.0,0.0,,,65.0,35.0,,,100,64,100.0,516.0,35,35,100.0,0.0,100.0,0.0,200.0,0.0,100.0,6764.0,100.0,41050617792.0,100.0,60123900736.0
2019-01-22,ZJV03MHT,ST12000NM0007,12000138625024,0,80.0,109844056.0,92.0,0.0,100.0,6.0,100.0,0.0,89.0,830729672.0,93.0,6890.0,100.0,0.0,100.0,6.0,,,,,100.0,0.0,100.0,0.0,,,64.0,36.0,,,100.0,64.0,100.0,517.0,36.0,36.0,100.0,0.0,100.0,0.0,200.0,0.0,100.0,6787.0,100.0,41114022968.0,100.0,60314263128.0
2019-01-23,ZJV03MHT,ST12000NM0007,12000138625024,0,66.0,4157592.0,92.0,0.0,100.0,6.0,100.0,0.0,89.0,832159460.0,93.0,6905.0,100.0,0.0,100.0,6.0,,,,,100.0,0.0,100.0,0.0,,,64.0,36.0,,,100.0,64.0,100.0,517.0,36.0,36.0,100.0,0.0,100.0,0.0,200.0,0.0,100.0,6803.0,100.0,41164928752.0,100.0,60401811904.0
2019-01-26,ZJV03MHT,ST12000NM0007,12000138625024,0,84,226013448,92.0,0.0,100.0,6.0,100.0,0.0,89.0,838834856.0,93,6976,100.0,0.0,100,6,,,,,100.0,0.0,100.0,0.0,,,65.0,35.0,,,100,67,100.0,520.0,35,35,100.0,0.0,100.0,0.0,200.0,0.0,100.0,6872.0,100.0,41296385768.0,100.0,60980492296.0
2019-01-27,ZJV03MHT,ST12000NM0007,12000138625024,0,71,11821256,92.0,0.0,100.0,6.0,100.0,0.0,89.0,841397582.0,93,7007,100.0,0.0,100,6,,,,,100.0,0.0,100.0,0.0,,,65.0,35.0,,,100,68,100.0,522.0,35,35,100.0,0.0,100.0,0.0,200.0,0.0,100.0,6903.0,100.0,41361148848.0,100.0,61189818448.0
2019-01-28,ZJV03MHT,ST12000NM0007,12000138625024,0,83,223187904,92.0,0.0,100.0,6.0,100.0,0.0,89.0,843364826.0,92,7023,100.0,0.0,100,6,,,,,100.0,0.0,100.0,0.0,,,64.0,36.0,,,100,68,100.0,522.0,36,36,100.0,0.0,100.0,0.0,200.0,0.0,100.0,6919.0,100.0,41428312760.0,100.0,61334021184.0
2019-01-29,ZJV03MHT,ST12000NM0007,12000138625024,0,80,96125216,92.0,0.0,100.0,6.0,100.0,0.0,89.0,847017814.0,92,7055,100.0,0.0,100,6,,,,,100.0,0.0,100.0,0.0,,,62.0,38.0,,,100,69,100.0,524.0,38,38,100.0,0.0,100.0,0.0,200.0,0.0,100.0,6951.0,100.0,41517040296.0,100.0,61606512728.0
2019-01-30,ZJV03MHT,ST12000NM0007,12000138625024,0,67,5609672,92.0,0.0,100.0,6.0,100.0,0.0,89.0,848670010.0,92,7070,100.0,0.0,100,6,,,,,100.0,0.0,100.0,0.0,,,62.0,38.0,,,100,69,100.0,524.0,38,38,100.0,0.0,100.0,0.0,200.0,0.0,100.0,6966.0,100.0,41560101688.0,100.0,61717076448.0
2019-01-31,ZJV03MHT,ST12000NM0007,12000138625024,0,80,92197144,92.0,0.0,100.0,6.0,100.0,0.0,89.0,852819999.0,92,7102,100.0,0.0,100,6,,,,,100.0,0.0,100.0,0.0,,,62.0,38.0,,,100,71,100.0,526.0,38,38,100.0,0.0,100.0,0.0,200.0,0.0,100.0,6998.0,100.0,41663399096.0,100.0,61944507144.0
2019-02-01,ZJV03MHT,ST12000NM0007,12000138625024,0,80,90669904,92.0,0.0,100.0,6.0,100.0,0.0,89.0,855597137.0,92,7134,100.0,0.0,100,6,,,,,100.0,0.0,100.0,0.0,,,61.0,39.0,,,100,72,100.0,527.0,39,39,100.0,0.0,100.0,0.0,200.0,0.0,100.0,7029.0,100.0,41747509376.0,100.0,62103010328.0
2019-02-02,ZJV03MHT,ST12000NM0007,12000138625024,0,84.0,224979720.0,92.0,0.0,100.0,6.0,100.0,0.0,89.0,857094647.0,92.0,7150.0,100.0,0.0,100.0,6.0,,,,,100.0,0.0,100.0,0.0,,,61.0,39.0,,,100.0,72.0,100.0,528.0,39.0,39.0,100.0,0.0,100.0,0.0,200.0,0.0,100.0,7045.0,100.0,41789997368.0,100.0,62194832152.0
2019-02-03,ZJV03MHT,ST12000NM0007,12000138625024,0,78,60013848,92.0,0.0,100.0,6.0,100.0,0.0,89.0,860421378.0,92,7181,100.0,0.0,100,6,,,,,100.0,0.0,100.0,0.0,,,61.0,39.0,,,100,72,100.0,529.0,39,39,100.0,0.0,100.0,0.0,200.0,0.0,100.0,7076.0,100.0,41924012928.0,100.0,62384132328.0
2019-02-04,ZJV03MHT,ST12000NM0007,12000138625024,0,77,51800104,92.0,0.0,100.0,6.0,100.0,0.0,89.0,863234356.0,92,7197,100.0,0.0,100,6,,,,,100.0,0.0,100.0,0.0,,,61.0,39.0,,,100,72,100.0,530.0,39,39,100.0,0.0,100.0,0.0,200.0,0.0,100.0,7092.0,100.0,42014693736.0,100.0,62529378656.0
2019-02-05,ZJV03MHT,ST12000NM0007,12000138625024,0,82.0,160061280.0,92.0,0.0,100.0,6.0,100.0,0.0,89.0,867363174.0,92.0,7229.0,100.0,0.0,100.0,6.0,,,,,100.0,0.0,100.0,0.0,,,65.0,35.0,,,100.0,72.0,100.0,531.0,35.0,35.0,100.0,0.0,100.0,0.0,200.0,0.0,100.0,7124.0,100.0,42167425192.0,100.0,62729049232.0
2019-02-06,ZJV03MHT,ST12000NM0007,12000138625024,0,77,47932440,92.0,0.0,100.0,6.0,100.0,0.0,89.0,868984508.0,92,7245,100.0,0.0,100,6,,,,,100.0,0.0,100.0,0.0,,,65.0,35.0,,,100,72,100.0,532.0,35,35,100.0,0.0,100.0,0.0,200.0,0.0,100.0,7139.0,100.0,42224303024.0,100.0,62804183880.0
2019-02-07,ZJV03MHT,ST12000NM0007,12000138625024,0,74.0,25484512.0,92.0,0.0,100.0,6.0,100.0,0.0,89.0,872669910.0,92.0,7260.0,100.0,0.0,100.0,6.0,,,,,100.0,0.0,100.0,0.0,,,66.0,34.0,,,100.0,72.0,100.0,532.0,34.0,34.0,100.0,0.0,100.0,0.0,200.0,0.0,100.0,7155.0,100.0,42295291744.0,100.0,62954888096.0
2019-02-08,ZJV03MHT,ST12000NM0007,12000138625024,0,78,67084064,92.0,0.0,100.0,6.0,100.0,0.0,89.0,875824020.0,92,7292,100.0,0.0,100,6,,,,,100.0,0.0,100.0,0.0,,,66.0,34.0,,,100,74,100.0,534.0,34,34,100.0,0.0,100.0,0.0,200.0,0.0,100.0,7186.0,100.0,42374557296.0,100.0,63161362728.0
2019-02-09,ZJV03MHT,ST12000NM0007,12000138625024,0,82.0,175162104.0,92.0,0.0,100.0,6.0,100.0,0.0,89.0,877150295.0,92.0,7308.0,100.0,0.0,100.0,6.0,,,,,100.0,0.0,100.0,0.0,,,66.0,34.0,,,100.0,74.0,100.0,534.0,34.0,34.0,100.0,0.0,100.0,0.0,200.0,0.0,100.0,7202.0,100.0,42394441008.0,100.0,63249557056.0
2019-02-10,ZJV03MHT,ST12000NM0007,12000138625024,0,82,151938472,92.0,0.0,100.0,6.0,100.0,0.0,89.0,879330087.0,92,7340,100.0,0.0,100,6,,,,,100.0,0.0,100.0,0.0,,,66.0,34.0,,,100,76,100.0,536.0,34,34,100.0,0.0,100.0,0.0,200.0,0.0,100.0,7233.0,100.0,42431806280.0,100.0,63433108840.0
2019-02-11,ZJV03MHT,ST12000NM0007,12000138625024,0,75,29868512,92.0,0.0,100.0,6.0,100.0,0.0,89.0,880587934.0,92,7355,100.0,0.0,100,6,,,,,100.0,0.0,100.0,0.0,,,66.0,34.0,,,100,76,100.0,536.0,34,34,100.0,0.0,100.0,0.0,200.0,0.0,100.0,7249.0,100.0,42453567488.0,100.0,63533418416.0
2019-02-12,ZJV03MHT,ST12000NM0007,12000138625024,0,78.0,69960200.0,92.0,0.0,100.0,6.0,100.0,0.0,89.0,883899265.0,92.0,7387.0,100.0,0.0,100.0,6.0,,,,,100.0,0.0,100.0,0.0,,,65.0,35.0,,,100.0,77.0,100.0,538.0,35.0,35.0,100.0,0.0,100.0,0.0,200.0,0.0,100.0,7280.0,100.0,42506546080.0,100.0,63764672144.0
2019-02-13,ZJV03MHT,ST12000NM0007,12000138625024,0,83,193241936,92.0,0.0,100.0,6.0,100.0,0.0,89.0,885087521.0,92,7403,100.0,0.0,100,6,,,,,100.0,0.0,100.0,0.0,,,66.0,34.0,,,100,77,100.0,538.0,34,34,100.0,0.0,100.0,0.0,200.0,0.0,100.0,7296.0,100.0,42527154016.0,100.0,63867345944.0
2019-02-14,ZJV03MHT,ST12000NM0007,12000138625024,0,73,19991256,92.0,0.0,100.0,6.0,100.0,0.0,89.0,888659707.0,92,7435,100.0,0.0,100,6,,,,,100.0,0.0,100.0,0.0,,,65.0,35.0,,,100,77,100.0,540.0,35,35,100.0,0.0,100.0,0.0,200.0,0.0,100.0,7328.0,100.0,42583881000.0,100.0,64125649728.0
2019-02-15,ZJV03MHT,ST12000NM0007,12000138625024,0,82.0,159395872.0,92.0,0.0,100.0,6.0,100.0,0.0,89.0,890131113.0,92.0,7451.0,100.0,0.0,100.0,6.0,,,,,100.0,0.0,100.0,0.0,,,66.0,34.0,,,100.0,77.0,100.0,540.0,34.0,34.0,100.0,0.0,100.0,0.0,200.0,0.0,100.0,7344.0,100.0,42612244280.0,100.0,64236691064.0
2019-02-16,ZJV03MHT,ST12000NM0007,12000138625024,0,74.0,24910504.0,92.0,0.0,100.0,6.0,100.0,0.0,90.0,893832659.0,92.0,7482.0,100.0,0.0,100.0,6.0,,,,,100.0,0.0,100.0,0.0,,,65.0,35.0,,,100.0,78.0,100.0,542.0,35.0,35.0,100.0,0.0,100.0,0.0,200.0,0.0,100.0,7375.0,100.0,42677828496.0,100.0,64524903488.0
2019-02-17,ZJV03MHT,ST12000NM0007,12000138625024,0,83,200326024,92.0,0.0,100.0,6.0,100.0,0.0,90.0,896215930.0,92,7498,100.0,0.0,100,6,,,,,100.0,0.0,100.0,0.0,,,65.0,35.0,,,100,78,100.0,542.0,35,35,100.0,0.0,100.0,0.0,200.0,0.0,100.0,7391.0,100.0,42727609608.0,100.0,64650537896.0
2019-02-18,ZJV03MHT,ST12000NM0007,12000138625024,0,74,24575544,92.0,0.0,100.0,6.0,100.0,0.0,90.0,900194766.0,92,7530,100.0,0.0,100,6,,,,,100.0,0.0,100.0,0.0,,,65.0,35.0,,,100,80,100.0,544.0,35,35,100.0,0.0,100.0,0.0,200.0,0.0,100.0,7423.0,100.0,42828695392.0,100.0,64861983288.0
2019-02-19,ZJV03MHT,ST12000NM0007,12000138625024,0,83,208145416,92.0,0.0,100.0,6.0,100.0,0.0,90.0,902064918.0,92,7546,100.0,0.0,100,6,,,,,100.0,0.0,100.0,0.0,,,66.0,34.0,,,100,80,100.0,544.0,34,34,100.0,0.0,100.0,0.0,200.0,0.0,100.0,7439.0,100.0,42881561968.0,100.0,64992686584.0
2019-02-20,ZJV03MHT,ST12000NM0007,12000138625024,0,71.0,13806656.0,92.0,0.0,100.0,6.0,100.0,0.0,90.0,905681030.0,92.0,7577.0,100.0,0.0,100.0,6.0,,,,,100.0,0.0,100.0,0.0,,,62.0,38.0,,,100.0,81.0,100.0,546.0,38.0,38.0,100.0,0.0,100.0,0.0,200.0,0.0,100.0,7470.0,100.0,42978405936.0,100.0,65189785352.0
2019-02-21,ZJV03MHT,ST12000NM0007,12000138625024,0,77,49880944,92.0,0.0,100.0,6.0,100.0,0.0,90.0,909700880.0,92,7609,100.0,0.0,100,6,,,,,100.0,0.0,100.0,0.0,,,62.0,38.0,,,100,81,100.0,547.0,38,38,100.0,0.0,100.0,0.0,200.0,0.0,100.0,7502.0,100.0,43059861336.0,100.0,65388544952.0
2019-02-22,ZJV03MHT,ST12000NM0007,12000138625024,0,83,192094568,92.0,0.0,100.0,6.0,100.0,0.0,90.0,911321209.0,92,7625,100.0,0.0,100,6,,,,,100.0,0.0,100.0,0.0,,,62.0,38.0,,,100,81,100.0,548.0,38,38,100.0,0.0,100.0,0.0,200.0,0.0,100.0,7517.0,100.0,43102830648.0,100.0,65487789264.0
2019-02-23,ZJV03MHT,ST12000NM0007,12000138625024,0,82.0,156078856.0,92.0,0.0,100.0,6.0,100.0,0.0,90.0,913836162.0,92.0,7656.0,100.0,0.0,100.0,6.0,,,,,100.0,0.0,100.0,0.0,,,62.0,38.0,,,100.0,82.0,100.0,549.0,38.0,38.0,100.0,0.0,100.0,0.0,200.0,0.0,100.0,7549.0,100.0,43163602976.0,100.0,65635141992.0
2019-02-24,ZJV03MHT,ST12000NM0007,12000138625024,0,76,38822832,92.0,0.0,100.0,6.0,100.0,0.0,90.0,915168783.0,92,7672,100.0,0.0,100,6,,,,,100.0,0.0,100.0,0.0,,,62.0,38.0,,,100,82,100.0,549.0,38,38,100.0,0.0,100.0,0.0,200.0,0.0,100.0,7564.0,100.0,43203191680.0,100.0,65722438032.0
2019-02-25,ZJV03MHT,ST12000NM0007,12000138625024,0,80,95392392,92.0,0.0,100.0,6.0,100.0,0.0,90.0,918930253.0,92,7704,100.0,0.0,100,6,,,,,100.0,0.0,100.0,0.0,,,62.0,38.0,,,100,83,100.0,551.0,38,38,100.0,0.0,100.0,0.0,200.0,0.0,100.0,7596.0,100.0,43287377240.0,100.0,65938962984.0
2019-02-26,ZJV03MHT,ST12000NM0007,12000138625024,0,84,241853928,92.0,0.0,100.0,6.0,100.0,0.0,90.0,920408937.0,92,7720,100.0,0.0,100,6,,,,,100.0,0.0,100.0,0.0,,,66.0,34.0,,,100,83,100.0,551.0,34,34,100.0,0.0,100.0,0.0,200.0,0.0,100.0,7612.0,100.0,43323967896.0,100.0,66048833864.0
2019-02-27,ZJV03MHT,ST12000NM0007,12000138625024,0,76.0,43751240.0,92.0,0.0,100.0,6.0,100.0,0.0,90.0,923546964.0,92.0,7752.0,100.0,0.0,100.0,6.0,,,,,100.0,0.0,100.0,0.0,,,66.0,34.0,,,100.0,83.0,100.0,553.0,34.0,34.0,100.0,0.0,100.0,0.0,200.0,0.0,100.0,7643.0,100.0,43386309256.0,100.0,66276672000.0
2019-02-28,ZJV03MHT,ST12000NM0007,12000138625024,0,83,206883824,92.0,0.0,100.0,6.0,100.0,0.0,90.0,926001025.0,92,7767,100.0,0.0,100,6,,,,,100.0,0.0,100.0,0.0,,,65.0,35.0,,,100,83,100.0,553.0,35,35,100.0,0.0,100.0,0.0,200.0,0.0,100.0,7659.0,100.0,43440094576.0,100.0,66386019264.0
2019-03-01,ZJV03MHT,ST12000NM0007,12000138625024,0,76.0,40078976.0,92.0,0.0,100.0,6.0,100.0,0.0,90.0,930400128.0,92.0,7799.0,100.0,0.0,100.0,6.0,,,,,100.0,0.0,100.0,0.0,,,65.0,35.0,,,100.0,85.0,100.0,555.0,35.0,35.0,100.0,0.0,100.0,0.0,200.0,0.0,100.0,7690.0,100.0,43512886032.0,100.0,66634704488.0
2019-03-02,ZJV03MHT,ST12000NM0007,12000138625024,0,77.0,51039016.0,92.0,0.0,100.0,6.0,100.0,0.0,90.0,933494769.0,92.0,7831.0,100.0,0.0,100.0,6.0,,,,,100.0,0.0,100.0,0.0,,,65.0,35.0,,,100.0,86.0,100.0,556.0,35.0,35.0,100.0,0.0,100.0,0.0,200.0,0.0,100.0,7722.0,100.0,43603719912.0,100.0,66798971304.0
2019-03-03,ZJV03MHT,ST12000NM0007,12000138625024,0,82.0,157803880.0,92.0,0.0,100.0,6.0,100.0,0.0,90.0,934961567.0,92.0,7847.0,100.0,0.0,100.0,6.0,,,,,100.0,0.0,100.0,0.0,,,65.0,35.0,,,100.0,86.0,100.0,557.0,35.0,35.0,100.0,0.0,100.0,0.0,200.0,0.0,100.0,7737.0,100.0,43639818360.0,100.0,66869637720.0
2019-03-04,ZJV03MHT,ST12000NM0007,12000138625024,0,84,242996872,92.0,0.0,100.0,6.0,100.0,0.0,90.0,939282993.0,92,7878,100.0,0.0,100,6,,,,,100.0,0.0,100.0,0.0,,,65.0,35.0,,,100,86,100.0,558.0,35,35,100.0,0.0,100.0,0.0,200.0,0.0,100.0,7769.0,100.0,43728179448.0,100.0,67110610488.0
2019-03-05,ZJV03MHT,ST12000NM0007,12000138625024,0,81.0,135054904.0,92.0,0.0,100.0,6.0,100.0,0.0,90.0,940952859.0,91.0,7894.0,100.0,0.0,100.0,6.0,,,,,100.0,0.0,100.0,0.0,,,64.0,36.0,,,100.0,87.0,100.0,559.0,36.0,36.0,100.0,0.0,100.0,0.0,200.0,0.0,100.0,7785.0,100.0,43778567680.0,100.0,67196420960.0
2019-03-06,ZJV03MHT,ST12000NM0007,12000138625024,0,83.0,199319488.0,92.0,0.0,100.0,6.0,100.0,0.0,90.0,945192713.0,91.0,7926.0,100.0,0.0,100.0,6.0,,,,,100.0,0.0,100.0,0.0,,,66.0,34.0,,,100.0,88.0,100.0,560.0,34.0,34.0,100.0,0.0,100.0,0.0,200.0,0.0,100.0,7816.0,100.0,43864632168.0,100.0,67418761800.0
2019-03-07,ZJV03MHT,ST12000NM0007,12000138625024,0,79.0,73090800.0,92.0,0.0,100.0,6.0,100.0,0.0,90.0,946507898.0,91.0,7942.0,100.0,0.0,100.0,6.0,,,,,100.0,0.0,100.0,0.0,,,65.0,35.0,,,100.0,89.0,100.0,561.0,35.0,35.0,100.0,0.0,100.0,0.0,200.0,0.0,100.0,7832.0,100.0,43896676512.0,100.0,67504629400.0
2019-03-08,ZJV03MHT,ST12000NM0007,12000138625024,0,76.0,42776336.0,92.0,0.0,100.0,6.0,100.0,0.0,90.0,949277869.0,91.0,7973.0,100.0,0.0,100.0,6.0,,,,,100.0,0.0,100.0,0.0,,,64.0,36.0,,,100.0,89.0,100.0,562.0,36.0,36.0,100.0,0.0,100.0,0.0,200.0,0.0,100.0,7864.0,100.0,43957790448.0,100.0,67657341792.0
2019-03-09,ZJV03MHT,ST12000NM0007,12000138625024,0,82.0,161008576.0,92.0,0.0,100.0,6.0,100.0,0.0,90.0,950800249.0,91.0,7989.0,100.0,0.0,100.0,6.0,,,,,100.0,0.0,100.0,0.0,,,65.0,35.0,,,100.0,89.0,100.0,563.0,35.0,35.0,100.0,0.0,100.0,0.0,200.0,0.0,100.0,7879.0,100.0,43997443192.0,100.0,67735921288.0
2019-03-10,ZJV03MHT,ST12000NM0007,12000138625024,0,82.0,165217600.0,92.0,0.0,100.0,6.0,100.0,0.0,90.0,953995186.0,91.0,8021.0,100.0,0.0,100.0,6.0,,,,,100.0,0.0,100.0,0.0,,,65.0,35.0,,,100.0,90.0,100.0,564.0,35.0,35.0,100.0,0.0,100.0,0.0,200.0,0.0,100.0,7911.0,100.0,44088286896.0,100.0,67893427328.0
2019-03-11,ZJV03MHT,ST12000NM0007,12000138625024,0,80.0,105032064.0,92.0,0.0,100.0,6.0,100.0,0.0,90.0,956472987.0,91.0,8037.0,100.0,0.0,100.0,6.0,,,,,100.0,0.0,100.0,0.0,,,65.0,35.0,,,100.0,90.0,100.0,565.0,35.0,35.0,100.0,0.0,100.0,0.0,200.0,0.0,100.0,7927.0,100.0,44152130616.0,100.0,68013538928.0
2019-03-12,ZJV03MHT,ST12000NM0007,12000138625024,0,83.0,194263312.0,92.0,0.0,100.0,6.0,100.0,0.0,90.0,960854184.0,91.0,8068.0,100.0,0.0,100.0,6.0,,,,,100.0,0.0,100.0,0.0,,,61.0,39.0,,,100.0,90.0,100.0,566.0,39.0,39.0,100.0,0.0,100.0,0.0,200.0,0.0,100.0,7958.0,100.0,44301944456.0,100.0,68197097024.0
2019-03-13,ZJV03MHT,ST12000NM0007,12000138625024,0,82.0,167789080.0,92.0,0.0,100.0,6.0,100.0,0.0,90.0,964312394.0,91.0,8084.0,100.0,0.0,100.0,6.0,,,,,100.0,0.0,100.0,0.0,,,61.0,39.0,,,100.0,91.0,100.0,567.0,39.0,39.0,100.0,0.0,100.0,0.0,200.0,0.0,100.0,7974.0,100.0,44385540040.0,100.0,68331167992.0
2019-03-14,ZJV03MHT,ST12000NM0007,12000138625024,0,75.0,32310968.0,92.0,0.0,100.0,6.0,100.0,0.0,90.0,968729197.0,91.0,8116.0,100.0,0.0,100.0,6.0,,,,,100.0,0.0,100.0,0.0,,,63.0,37.0,,,100.0,92.0,100.0,569.0,37.0,37.0,100.0,0.0,100.0,0.0,200.0,0.0,100.0,8005.0,100.0,44507413776.0,100.0,68562097568.0
2019-03-15,ZJV03MHT,ST12000NM0007,12000138625024,0,81.0,138775056.0,92.0,0.0,100.0,6.0,100.0,0.0,90.0,969860693.0,91.0,8132.0,100.0,0.0,100.0,6.0,,,,,100.0,0.0,100.0,0.0,,,64.0,36.0,,,100.0,92.0,100.0,569.0,36.0,36.0,100.0,0.0,100.0,0.0,200.0,0.0,100.0,8021.0,100.0,44528243656.0,100.0,68647731776.0
2019-03-16,ZJV03MHT,ST12000NM0007,12000138625024,0,82.0,144868368.0,92.0,0.0,100.0,6.0,100.0,0.0,90.0,972450689.0,91.0,8164.0,100.0,0.0,100.0,6.0,,,,,100.0,0.0,100.0,0.0,,,62.0,38.0,,,100.0,93.0,100.0,571.0,38.0,38.0,100.0,0.0,100.0,0.0,200.0,0.0,100.0,8053.0,100.0,44577948848.0,100.0,68848260648.0
2019-03-17,ZJV03MHT,ST12000NM0007,12000138625024,0,74.0,23177768.0,92.0,0.0,100.0,6.0,100.0,0.0,90.0,973956064.0,91.0,8180.0,100.0,0.0,100.0,6.0,,,,,100.0,0.0,100.0,0.0,,,62.0,38.0,,,100.0,93.0,100.0,571.0,38.0,38.0,100.0,0.0,100.0,0.0,200.0,0.0,100.0,8068.0,100.0,44620150704.0,100.0,68928508904.0
2019-03-18,ZJV03MHT,ST12000NM0007,12000138625024,0,81.0,133936808.0,92.0,0.0,100.0,6.0,100.0,0.0,90.0,978566385.0,91.0,8211.0,100.0,0.0,100.0,6.0,,,,,100.0,0.0,100.0,0.0,,,62.0,38.0,,,100.0,94.0,100.0,573.0,38.0,38.0,100.0,0.0,100.0,0.0,200.0,0.0,100.0,8100.0,100.0,44739732808.0,100.0,69163826872.0
2019-03-19,ZJV03MHT,ST12000NM0007,12000138625024,0,74.0,24534416.0,92.0,0.0,100.0,6.0,100.0,0.0,90.0,980221786.0,91.0,8227.0,100.0,0.0,100.0,6.0,,,,,100.0,0.0,100.0,0.0,,,66.0,34.0,,,100.0,94.0,100.0,573.0,34.0,34.0,100.0,0.0,100.0,0.0,200.0,0.0,100.0,8116.0,100.0,44808647008.0,100.0,69229650920.0
2019-03-20,ZJV03MHT,ST12000NM0007,12000138625024,0,72.0,17225168.0,92.0,0.0,100.0,6.0,100.0,0.0,90.0,983813970.0,91.0,8259.0,100.0,0.0,100.0,6.0,,,,,100.0,0.0,100.0,0.0,,,65.0,35.0,,,100.0,95.0,100.0,575.0,35.0,35.0,100.0,0.0,100.0,0.0,200.0,0.0,100.0,8147.0,100.0,44923751920.0,100.0,69351377392.0
2019-03-21,ZJV03MHT,ST12000NM0007,12000138625024,0,81.0,140612544.0,92.0,0.0,100.0,6.0,100.0,0.0,90.0,985567460.0,91.0,8275.0,100.0,0.0,100.0,6.0,,,,,100.0,0.0,100.0,0.0,,,66.0,34.0,,,100.0,95.0,100.0,575.0,34.0,34.0,100.0,0.0,100.0,0.0,200.0,0.0,100.0,8163.0,100.0,44976946816.0,100.0,69421569872.0
2019-03-22,ZJV03MHT,ST12000NM0007,12000138625024,0,80.0,98037632.0,92.0,0.0,100.0,6.0,100.0,0.0,90.0,987608698.0,91.0,8306.0,100.0,0.0,100.0,6.0,,,,,100.0,0.0,100.0,0.0,,,66.0,34.0,,,100.0,97.0,100.0,577.0,34.0,34.0,100.0,0.0,100.0,0.0,200.0,0.0,100.0,8194.0,100.0,45004390680.0,100.0,69595691744.0
2019-03-23,ZJV03MHT,ST12000NM0007,12000138625024,0,82.0,170063984.0,92.0,0.0,100.0,6.0,100.0,0.0,90.0,988552112.0,91.0,8322.0,100.0,0.0,100.0,6.0,,,,,100.0,0.0,100.0,0.0,,,69.0,31.0,,,100.0,97.0,100.0,577.0,31.0,31.0,100.0,0.0,100.0,0.0,200.0,0.0,100.0,8210.0,100.0,45013180488.0,100.0,69658928288.0
2019-03-24,ZJV03MHT,ST12000NM0007,12000138625024,0,82.0,151427120.0,92.0,0.0,100.0,6.0,100.0,0.0,90.0,991946820.0,91.0,8354.0,100.0,0.0,100.0,6.0,,,,,100.0,0.0,100.0,0.0,,,68.0,32.0,,,100.0,97.0,100.0,579.0,32.0,32.0,100.0,0.0,100.0,0.0,200.0,0.0,100.0,8242.0,100.0,45043737712.0,100.0,69853875032.0
2019-03-25,ZJV03MHT,ST12000NM0007,12000138625024,0,77.0,49630664.0,92.0,0.0,100.0,6.0,100.0,0.0,90.0,994178665.0,91.0,8370.0,100.0,0.0,100.0,6.0,,,,,100.0,0.0,100.0,0.0,,,69.0,31.0,,,100.0,97.0,100.0,579.0,31.0,31.0,100.0,0.0,100.0,0.0,200.0,0.0,100.0,8258.0,100.0,45060818816.0,100.0,69979138216.0
2019-03-26,ZJV03MHT,ST12000NM0007,12000138625024,0,75.0,30468800.0,92.0,0.0,100.0,6.0,100.0,0.0,90.0,997450404.0,91.0,8401.0,100.0,0.0,100.0,6.0,,,,,100.0,0.0,100.0,0.0,,,68.0,32.0,,,100.0,98.0,100.0,581.0,32.0,32.0,100.0,0.0,100.0,0.0,200.0,0.0,100.0,8289.0,100.0,45089417136.0,100.0,70175518808.0
2019-03-27,ZJV03MHT,ST12000NM0007,12000138625024,0,81.0,131668904.0,92.0,0.0,100.0,6.0,100.0,0.0,90.0,998621606.0,91.0,8417.0,100.0,0.0,100.0,6.0,,,,,100.0,0.0,100.0,0.0,,,67.0,33.0,,,100.0,98.0,100.0,581.0,33.0,33.0,100.0,0.0,100.0,0.0,200.0,0.0,100.0,8305.0,100.0,45107672816.0,100.0,70258463232.0
2019-03-28,ZJV03MHT,ST12000NM0007,12000138625024,0,76.0,43695448.0,92.0,0.0,100.0,6.0,100.0,0.0,62.0,1423150.0,91.0,8449.0,100.0,0.0,100.0,6.0,,,,,100.0,0.0,100.0,0.0,,,68.0,32.0,,,100.0,99.0,100.0,583.0,32.0,32.0,100.0,0.0,100.0,0.0,200.0,0.0,100.0,8336.0,100.0,45148587888.0,100.0,70373715432.0
2019-03-29,ZJV03MHT,ST12000NM0007,12000138625024,0,81.0,118020408.0,92.0,0.0,100.0,6.0,100.0,0.0,64.0,2361027.0,91.0,8465.0,100.0,0.0,100.0,6.0,,,,,100.0,0.0,100.0,0.0,,,68.0,32.0,,,100.0,99.0,100.0,583.0,32.0,32.0,100.0,0.0,100.0,0.0,200.0,0.0,100.0,8352.0,100.0,45165018264.0,100.0,70431610016.0
2019-03-30,ZJV03MHT,ST12000NM0007,12000138625024,0,81.0,114812096.0,92.0,0.0,100.0,6.0,100.0,0.0,67.0,4704723.0,91.0,8497.0,100.0,0.0,100.0,6.0,,,,,100.0,0.0,100.0,0.0,,,68.0,32.0,,,100.0,100.0,100.0,585.0,32.0,32.0,100.0,0.0,100.0,0.0,200.0,0.0,100.0,8383.0,100.0,45202345176.0,100.0,70635215616.0
2019-03-31,ZJV03MHT,ST12000NM0007,12000138625024,0,84.0,230778880.0,92.0,0.0,100.0,6.0,100.0,0.0,68.0,5721208.0,91.0,8512.0,100.0,0.0,100.0,6.0,,,,,100.0,0.0,100.0,0.0,,,67.0,33.0,,,100.0,100.0,100.0,585.0,33.0,33.0,100.0,0.0,100.0,0.0,200.0,0.0,100.0,8399.0,100.0,45221082976.0,100.0,70732444600.0
2019-04-01,ZJV03MHT,ST12000NM0007,12000138625024,0,74.0,27592072.0,92.0,0.0,100.0,6.0,100.0,0.0,70.0,9045136.0,91.0,8544.0,100.0,0.0,100.0,6.0,,,,,100.0,0.0,100.0,0.0,,,67.0,33.0,,,100.0,102.0,100.0,587.0,33.0,33.0,100.0,0.0,100.0,0.0,200.0,0.0,100.0,8430.0,100.0,45263684952.0,100.0,70974937400.0
2019-04-02,ZJV03MHT,ST12000NM0007,12000138625024,0,82.0,154074672.0,92.0,0.0,100.0,6.0,100.0,0.0,70.0,10151439.0,91.0,8560.0,100.0,0.0,100.0,6.0,,,,,100.0,0.0,100.0,0.0,,,66.0,34.0,,,100.0,102.0,100.0,587.0,34.0,34.0,100.0,0.0,100.0,0.0,200.0,0.0,100.0,8446.0,100.0,45287284632.0,100.0,71077820320.0
2019-04-03,ZJV03MHT,ST12000NM0007,12000138625024,0,82.0,175014168.0,92.0,0.0,100.0,6.0,100.0,0.0,71.0,12929315.0,91.0,8592.0,100.0,0.0,100.0,6.0,,,,,100.0,0.0,100.0,0.0,,,64.0,36.0,,,100.0,103.0,100.0,589.0,36.0,36.0,100.0,0.0,100.0,0.0,200.0,0.0,100.0,8478.0,100.0,45350075800.0,100.0,71280109336.0
2019-04-04,ZJV03MHT,ST12000NM0007,12000138625024,0,78.0,62074912.0,92.0,0.0,100.0,6.0,100.0,0.0,72.0,15247280.0,91.0,8607.0,100.0,0.0,100.0,6.0,,,,,100.0,0.0,100.0,0.0,,,65.0,35.0,,,100.0,103.0,100.0,589.0,35.0,35.0,100.0,0.0,100.0,0.0,200.0,0.0,100.0,8493.0,100.0,45390815536.0,100.0,71370571040.0
2019-04-05,ZJV03MHT,ST12000NM0007,12000138625024,0,79.0,77234072.0,92.0,0.0,100.0,6.0,100.0,0.0,73.0,18929836.0,91.0,8639.0,100.0,0.0,100.0,6.0,,,,,100.0,0.0,100.0,0.0,,,64.0,36.0,,,100.0,104.0,100.0,591.0,36.0,36.0,100.0,0.0,100.0,0.0,200.0,0.0,100.0,8525.0,100.0,45447146192.0,100.0,71573540176.0
2019-04-06,ZJV03MHT,ST12000NM0007,12000138625024,0,83.0,212160848.0,92.0,0.0,100.0,6.0,100.0,0.0,73.0,20378721.0,91.0,8655.0,100.0,0.0,100.0,6.0,,,,,100.0,0.0,100.0,0.0,,,64.0,36.0,,,100.0,104.0,100.0,591.0,36.0,36.0,100.0,0.0,100.0,0.0,200.0,0.0,100.0,8541.0,100.0,45471898024.0,100.0,71683715120.0
2019-04-07,ZJV03MHT,ST12000NM0007,12000138625024,0,84.0,226215712.0,92.0,0.0,100.0,6.0,100.0,0.0,74.0,23090377.0,91.0,8687.0,100.0,0.0,100.0,6.0,,,,,100.0,0.0,100.0,0.0,,,64.0,36.0,,,100.0,106.0,100.0,593.0,36.0,36.0,100.0,0.0,100.0,0.0,200.0,0.0,100.0,8572.0,100.0,45521718608.0,100.0,71892090160.0
2019-04-08,ZJV03MHT,ST12000NM0007,12000138625024,0,82.0,149576280.0,92.0,0.0,100.0,6.0,100.0,0.0,74.0,24792460.0,91.0,8703.0,100.0,0.0,100.0,6.0,,,,,100.0,0.0,100.0,0.0,,,64.0,36.0,,,100.0,106.0,100.0,593.0,36.0,36.0,100.0,0.0,100.0,0.0,200.0,0.0,100.0,8588.0,100.0,45548807184.0,100.0,72032502824.0
2019-04-09,ZJV03MHT,ST12000NM0007,12000138625024,0,81.0,121296784.0,92.0,0.0,100.0,6.0,100.0,0.0,74.0,27678607.0,91.0,8734.0,100.0,0.0,100.0,6.0,,,,,100.0,0.0,100.0,0.0,,,68.0,32.0,,,100.0,107.0,100.0,595.0,32.0,32.0,100.0,0.0,100.0,0.0,200.0,0.0,100.0,8620.0,100.0,45594918872.0,100.0,72202252312.0
2019-04-10,ZJV03MHT,ST12000NM0007,12000138625024,0,81.0,112996696.0,92.0,0.0,100.0,6.0,100.0,0.0,75.0,31154635.0,90.0,8766.0,100.0,0.0,100.0,6.0,,,,,100.0,0.0,100.0,0.0,,,68.0,32.0,,,100.0,108.0,100.0,596.0,32.0,32.0,100.0,0.0,100.0,0.0,200.0,0.0,100.0,8651.0,100.0,45649314720.0,100.0,72383697096.0
2019-04-11,ZJV03MHT,ST12000NM0007,12000138625024,0,83.0,218221400.0,92.0,0.0,100.0,6.0,100.0,0.0,75.0,32464366.0,90.0,8782.0,100.0,0.0,100.0,6.0,,,,,100.0,0.0,100.0,0.0,,,68.0,32.0,,,100.0,109.0,100.0,597.0,32.0,32.0,100.0,0.0,100.0,0.0,200.0,0.0,100.0,8667.0,100.0,45678192104.0,100.0,72460045232.0
2019-04-12,ZJV03MHT,ST12000NM0007,12000138625024,0,76.0,40455384.0,92.0,0.0,100.0,6.0,100.0,0.0,75.0,33512525.0,90.0,8798.0,100.0,0.0,100.0,6.0,,,,,100.0,0.0,100.0,0.0,,,68.0,32.0,,,100.0,109.0,100.0,597.0,32.0,32.0,100.0,0.0,100.0,0.0,200.0,0.0,100.0,8683.0,100.0,45705447504.0,100.0,72499164808.0
2019-04-13,ZJV03MHT,ST12000NM0007,12000138625024,0,79.0,71048680.0,92.0,0.0,100.0,6.0,100.0,0.0,76.0,36115669.0,90.0,8829.0,100.0,0.0,100.0,6.0,,,,,100.0,0.0,100.0,0.0,,,68.0,32.0,,,100.0,110.0,100.0,599.0,32.0,32.0,100.0,0.0,100.0,0.0,200.0,0.0,100.0,8714.0,100.0,45749258232.0,100.0,72730088040.0
2019-04-14,ZJV03MHT,ST12000NM0007,12000138625024,0,84.0,224948208.0,92.0,0.0,100.0,6.0,100.0,0.0,76.0,38214059.0,90.0,8845.0,100.0,0.0,100.0,6.0,,,,,100.0,0.0,100.0,0.0,,,68.0,32.0,,,100.0,110.0,100.0,599.0,32.0,32.0,100.0,0.0,100.0,0.0,200.0,0.0,100.0,8730.0,100.0,45804742616.0,100.0,72828503184.0
2019-04-15,ZJV03MHT,ST12000NM0007,12000138625024,0,78.0,64170552.0,92.0,0.0,100.0,6.0,100.0,0.0,76.0,42728913.0,90.0,8877.0,100.0,0.0,100.0,6.0,,,,,100.0,0.0,100.0,0.0,,,68.0,32.0,,,100.0,111.0,100.0,601.0,32.0,32.0,100.0,0.0,100.0,0.0,200.0,0.0,100.0,8762.0,100.0,45901310416.0,100.0,73059439944.0
2019-04-16,ZJV03MHT,ST12000NM0007,12000138625024,0,82.0,169093984.0,92.0,0.0,100.0,6.0,100.0,0.0,76.0,43975955.0,90.0,8893.0,100.0,0.0,100.0,6.0,,,,,100.0,0.0,100.0,0.0,,,68.0,32.0,,,100.0,111.0,100.0,601.0,32.0,32.0,100.0,0.0,100.0,0.0,200.0,0.0,100.0,8777.0,100.0,45933977344.0,100.0,73131696448.0
2019-04-17,ZJV03MHT,ST12000NM0007,12000138625024,0,83.0,187740592.0,92.0,0.0,100.0,6.0,100.0,0.0,77.0,48075735.0,90.0,8925.0,100.0,0.0,100.0,6.0,,,,,100.0,0.0,100.0,0.0,,,67.0,33.0,,,100.0,113.0,100.0,603.0,33.0,33.0,100.0,0.0,100.0,0.0,200.0,0.0,100.0,8809.0,100.0,46002719872.0,100.0,73325741312.0
2019-04-18,ZJV03MHT,ST12000NM0007,12000138625024,0,83.0,210226864.0,92.0,0.0,100.0,6.0,100.0,0.0,77.0,51781028.0,90.0,8956.0,100.0,0.0,100.0,6.0,,,,,100.0,0.0,100.0,0.0,,,67.0,33.0,,,100.0,114.0,100.0,604.0,33.0,33.0,100.0,0.0,100.0,0.0,200.0,0.0,100.0,8840.0,100.0,46068258496.0,100.0,73526829808.0
2019-04-19,ZJV03MHT,ST12000NM0007,12000138625024,0,80.0,104992152.0,92.0,0.0,100.0,6.0,100.0,0.0,77.0,53388075.0,90.0,8972.0,100.0,0.0,100.0,6.0,,,,,100.0,0.0,100.0,0.0,,,66.0,34.0,,,100.0,114.0,100.0,604.0,34.0,34.0,100.0,0.0,100.0,0.0,200.0,0.0,100.0,8856.0,100.0,46101171200.0,100.0,73632823360.0
2019-04-20,ZJV03MHT,ST12000NM0007,12000138625024,0,82.0,165718392.0,92.0,0.0,100.0,6.0,100.0,0.0,78.0,56768558.0,90.0,9004.0,100.0,0.0,100.0,6.0,,,,,100.0,0.0,100.0,0.0,,,66.0,34.0,,,100.0,115.0,100.0,606.0,34.0,34.0,100.0,0.0,100.0,0.0,200.0,0.0,100.0,8888.0,100.0,46195319112.0,100.0,73843543008.0
2019-04-21,ZJV03MHT,ST12000NM0007,12000138625024,0,75.0,28474936.0,92.0,0.0,100.0,6.0,100.0,0.0,78.0,57902018.0,90.0,9019.0,100.0,0.0,100.0,6.0,,,,,100.0,0.0,100.0,0.0,,,67.0,33.0,,,100.0,116.0,100.0,607.0,33.0,33.0,100.0,0.0,100.0,0.0,200.0,0.0,100.0,8903.0,100.0,46215477792.0,100.0,73930281600.0
2019-04-22,ZJV03MHT,ST12000NM0007,12000138625024,0,75.0,32941848.0,92.0,0.0,100.0,6.0,100.0,0.0,78.0,61277832.0,90.0,9051.0,100.0,0.0,100.0,6.0,,,,,100.0,0.0,100.0,0.0,,,67.0,33.0,,,100.0,117.0,100.0,608.0,33.0,33.0,100.0,0.0,100.0,0.0,200.0,0.0,100.0,8935.0,100.0,46270138128.0,100.0,74124228960.0
2019-04-23,ZJV03MHT,ST12000NM0007,12000138625024,0,81.0,129454864.0,92.0,0.0,100.0,6.0,100.0,0.0,78.0,62283399.0,90.0,9067.0,100.0,0.0,100.0,6.0,,,,,100.0,0.0,100.0,0.0,,,64.0,36.0,,,100.0,118.0,100.0,609.0,36.0,36.0,100.0,0.0,100.0,0.0,200.0,0.0,100.0,8951.0,100.0,46283985536.0,100.0,74206894568.0
2019-04-24,ZJV03MHT,ST12000NM0007,12000138625024,0,83.0,213180832.0,92.0,0.0,100.0,6.0,100.0,0.0,78.0,63298495.0,90.0,9083.0,100.0,0.0,100.0,6.0,,,,,100.0,0.0,100.0,0.0,,,64.0,36.0,,,100.0,118.0,100.0,609.0,36.0,36.0,100.0,0.0,100.0,0.0,200.0,0.0,100.0,8967.0,100.0,46302793408.0,100.0,74271812664.0
2019-04-25,ZJV03MHT,ST12000NM0007,12000138625024,0,82.0,177482720.0,92.0,0.0,100.0,6.0,100.0,0.0,78.0,65699670.0,90.0,9114.0,100.0,0.0,100.0,6.0,,,,,100.0,0.0,100.0,0.0,,,65.0,35.0,,,100.0,119.0,100.0,610.0,35.0,35.0,100.0,0.0,100.0,0.0,200.0,0.0,100.0,8998.0,100.0,46349425088.0,100.0,74433623520.0
2019-04-26,ZJV03MHT,ST12000NM0007,12000138625024,0,77.0,49865344.0,92.0,0.0,100.0,6.0,100.0,0.0,78.0,66961524.0,90.0,9130.0,100.0,0.0,100.0,6.0,,,,,100.0,0.0,100.0,0.0,,,64.0,36.0,,,100.0,119.0,100.0,611.0,36.0,36.0,100.0,0.0,100.0,0.0,200.0,0.0,100.0,9014.0,100.0,46378678096.0,100.0,74520893912.0
2019-04-27,ZJV03MHT,ST12000NM0007,12000138625024,0,75.0,30397384.0,92.0,0.0,100.0,6.0,100.0,0.0,78.0,69572590.0,90.0,9162.0,100.0,0.0,100.0,6.0,,,,,100.0,0.0,100.0,0.0,,,63.0,37.0,,,100.0,119.0,100.0,612.0,37.0,37.0,100.0,0.0,100.0,0.0,200.0,0.0,100.0,9045.0,100.0,46433642704.0,100.0,74690602048.0
2019-04-28,ZJV03MHT,ST12000NM0007,12000138625024,0,81.0,138334984.0,92.0,0.0,100.0,6.0,100.0,0.0,79.0,71074551.0,90.0,9177.0,100.0,0.0,100.0,6.0,,,,,100.0,0.0,100.0,0.0,,,63.0,37.0,,,100.0,119.0,100.0,613.0,37.0,37.0,100.0,0.0,100.0,0.0,200.0,0.0,100.0,9061.0,100.0,46466349136.0,100.0,74765833216.0
2019-04-29,ZJV03MHT,ST12000NM0007,12000138625024,0,81.0,112872232.0,92.0,0.0,100.0,6.0,100.0,0.0,79.0,74261725.0,90.0,9209.0,100.0,0.0,100.0,6.0,,,,,100.0,0.0,100.0,0.0,,,63.0,37.0,,,100.0,120.0,100.0,614.0,37.0,37.0,100.0,0.0,100.0,0.0,200.0,0.0,100.0,9092.0,100.0,46535506864.0,100.0,74915353488.0
2019-04-30,ZJV03MHT,ST12000NM0007,12000138625024,0,69.0,7383416.0,92.0,0.0,100.0,6.0,100.0,0.0,79.0,77643222.0,90.0,9225.0,100.0,0.0,100.0,6.0,,,,,100.0,0.0,100.0,0.0,,,63.0,37.0,,,100.0,120.0,100.0,615.0,37.0,37.0,100.0,0.0,100.0,0.0,200.0,0.0,100.0,9108.0,100.0,46567627320.0,100.0,75021885352.0
2019-05-01,ZJV03MHT,ST12000NM0007,12000138625024,0,83.0,217507736.0,92.0,0.0,100.0,6.0,100.0,0.0,79.0,80583023.0,90.0,9256.0,100.0,0.0,100.0,6.0,,,,,100.0,0.0,100.0,0.0,,,66.0,34.0,,,100.0,120.0,100.0,616.0,34.0,34.0,100.0,0.0,100.0,0.0,200.0,0.0,100.0,9139.0,100.0,46641066952.0,100.0,75158570040.0
2019-05-02,ZJV03MHT,ST12000NM0007,12000138625024,0,77.0,50873744.0,92.0,0.0,100.0,6.0,100.0,0.0,79.0,84966776.0,90.0,9288.0,100.0,0.0,100.0,6.0,,,,,100.0,0.0,100.0,0.0,,,66.0,34.0,,,100.0,121.0,100.0,618.0,34.0,34.0,100.0,0.0,100.0,0.0,200.0,0.0,100.0,9171.0,100.0,46720605064.0,100.0,75400679504.0
2019-05-03,ZJV03MHT,ST12000NM0007,12000138625024,0,82.0,144978528.0,92.0,0.0,100.0,6.0,100.0,0.0,79.0,86525649.0,90.0,9304.0,100.0,0.0,100.0,6.0,,,,,100.0,0.0,100.0,0.0,,,67.0,33.0,,,100.0,121.0,100.0,618.0,33.0,33.0,100.0,0.0,100.0,0.0,200.0,0.0,100.0,9186.0,100.0,46753643928.0,100.0,75461745424.0
2019-05-04,ZJV03MHT,ST12000NM0007,12000138625024,0,78.0,57670904.0,92.0,0.0,100.0,6.0,100.0,0.0,79.0,88749158.0,90.0,9336.0,100.0,0.0,100.0,6.0,,,,,100.0,0.0,100.0,0.0,,,66.0,34.0,,,100.0,122.0,100.0,620.0,34.0,34.0,100.0,0.0,100.0,0.0,200.0,0.0,100.0,9218.0,100.0,46786066264.0,100.0,75586156232.0
2019-05-05,ZJV03MHT,ST12000NM0007,12000138625024,0,82.0,160821184.0,92.0,0.0,100.0,6.0,100.0,0.0,80.0,90219638.0,90.0,9352.0,100.0,0.0,100.0,6.0,,,,,100.0,0.0,100.0,0.0,,,67.0,33.0,,,100.0,122.0,100.0,620.0,33.0,33.0,100.0,0.0,100.0,0.0,200.0,0.0,100.0,9234.0,100.0,46827737872.0,100.0,75647634904.0
2019-05-06,ZJV03MHT,ST12000NM0007,12000138625024,0,83.0,182959616.0,92.0,0.0,100.0,6.0,100.0,0.0,80.0,94138051.0,90.0,9383.0,100.0,0.0,100.0,6.0,,,,,100.0,0.0,100.0,0.0,,,66.0,34.0,,,100.0,123.0,100.0,622.0,34.0,34.0,100.0,0.0,100.0,0.0,200.0,0.0,100.0,9266.0,100.0,46934183304.0,100.0,75807468904.0
2019-05-07,ZJV03MHT,ST12000NM0007,12000138625024,0,78.0,56274896.0,92.0,0.0,100.0,6.0,100.0,0.0,80.0,96063539.0,90.0,9399.0,100.0,0.0,100.0,6.0,,,,,100.0,0.0,100.0,0.0,,,66.0,34.0,,,100.0,123.0,100.0,622.0,34.0,34.0,100.0,0.0,100.0,0.0,200.0,0.0,100.0,9281.0,100.0,46976100784.0,100.0,75883007344.0
2019-05-08,ZJV03MHT,ST12000NM0007,12000138625024,0,73.0,22192376.0,92.0,0.0,100.0,6.0,100.0,0.0,80.0,99181544.0,90.0,9431.0,100.0,0.0,100.0,6.0,,,,,100.0,0.0,100.0,0.0,,,63.0,37.0,,,100.0,125.0,100.0,624.0,37.0,37.0,100.0,0.0,100.0,0.0,200.0,0.0,100.0,9313.0,100.0,47067341752.0,100.0,76001824568.0
2019-05-09,ZJV03MHT,ST12000NM0007,12000138625024,0,81.0,122536696.0,92.0,0.0,100.0,6.0,100.0,0.0,80.0,100481759.0,90.0,9447.0,100.0,0.0,100.0,6.0,,,,,100.0,0.0,100.0,0.0,,,64.0,36.0,,,100.0,125.0,100.0,625.0,36.0,36.0,100.0,0.0,100.0,0.0,200.0,0.0,100.0,9329.0,100.0,47094773720.0,100.0,76074736920.0
2019-05-10,ZJV03MHT,ST12000NM0007,12000138625024,0,79.0,80736080.0,92.0,0.0,100.0,6.0,100.0,0.0,80.0,103224828.0,90.0,9478.0,100.0,0.0,100.0,6.0,,,,,100.0,0.0,100.0,0.0,,,63.0,37.0,,,100.0,125.0,100.0,626.0,37.0,37.0,100.0,0.0,100.0,0.0,200.0,0.0,100.0,9360.0,100.0,47155413328.0,100.0,76216437512.0
2019-05-11,ZJV03MHT,ST12000NM0007,12000138625024,0,83.0,192890568.0,92.0,0.0,100.0,6.0,100.0,0.0,80.0,104741194.0,90.0,9494.0,100.0,0.0,100.0,6.0,,,,,100.0,0.0,100.0,0.0,,,64.0,36.0,,,100.0,126.0,100.0,627.0,36.0,36.0,100.0,0.0,100.0,0.0,200.0,0.0,100.0,9376.0,100.0,47179754456.0,100.0,76304250872.0
2019-05-12,ZJV03MHT,ST12000NM0007,12000138625024,0,83.0,184351832.0,92.0,0.0,100.0,6.0,100.0,0.0,80.0,107658652.0,90.0,9526.0,100.0,0.0,100.0,6.0,,,,,100.0,0.0,100.0,0.0,,,63.0,37.0,,,100.0,127.0,100.0,628.0,37.0,37.0,100.0,0.0,100.0,0.0,200.0,0.0,100.0,9408.0,100.0,47241356032.0,100.0,76478251392.0
2019-05-13,ZJV03MHT,ST12000NM0007,12000138625024,0,78.0,60348904.0,92.0,0.0,100.0,6.0,100.0,0.0,80.0,109153451.0,90.0,9542.0,100.0,0.0,100.0,6.0,,,,,100.0,0.0,100.0,0.0,,,63.0,37.0,,,100.0,127.0,100.0,629.0,37.0,37.0,100.0,0.0,100.0,0.0,200.0,0.0,100.0,9424.0,100.0,47267040136.0,100.0,76572705104.0
2019-05-14,ZJV03MHT,ST12000NM0007,12000138625024,0,79.0,80747960.0,92.0,0.0,100.0,6.0,100.0,0.0,81.0,113607771.0,90.0,9574.0,100.0,0.0,100.0,6.0,,,,,100.0,0.0,100.0,0.0,,,62.0,38.0,,,100.0,127.0,100.0,630.0,38.0,38.0,100.0,0.0,100.0,0.0,200.0,0.0,100.0,9455.0,100.0,47317275608.0,100.0,76787009584.0
2019-05-15,ZJV03MHT,ST12000NM0007,12000138625024,0,76.0,41068264.0,92.0,0.0,100.0,6.0,100.0,0.0,81.0,117009323.0,90.0,9590.0,100.0,0.0,100.0,6.0,,,,,100.0,0.0,100.0,0.0,,,63.0,37.0,,,100.0,128.0,100.0,631.0,37.0,37.0,100.0,0.0,100.0,0.0,200.0,0.0,100.0,9471.0,100.0,47349292776.0,100.0,76959453424.0
2019-05-16,ZJV03MHT,ST12000NM0007,12000138625024,0,79.0,80464424.0,92.0,0.0,100.0,6.0,100.0,0.0,81.0,121229243.0,90.0,9621.0,100.0,0.0,100.0,6.0,,,,,100.0,0.0,100.0,0.0,,,63.0,37.0,,,100.0,128.0,100.0,632.0,37.0,37.0,100.0,0.0,100.0,0.0,200.0,0.0,100.0,9502.0,100.0,47411405840.0,100.0,77180877280.0
2019-05-17,ZJV03MHT,ST12000NM0007,12000138625024,0,83.0,221502928.0,92.0,0.0,100.0,6.0,100.0,0.0,81.0,123095773.0,89.0,9637.0,100.0,0.0,100.0,6.0,,,,,100.0,0.0,100.0,0.0,,,63.0,37.0,,,100.0,128.0,100.0,633.0,37.0,37.0,100.0,0.0,100.0,0.0,200.0,0.0,100.0,9518.0,100.0,47457670048.0,100.0,77275651576.0
2019-05-18,ZJV03MHT,ST12000NM0007,12000138625024,0,84.0,238389576.0,92.0,0.0,100.0,6.0,100.0,0.0,81.0,125963526.0,89.0,9669.0,100.0,0.0,100.0,6.0,,,,,100.0,0.0,100.0,0.0,,,67.0,33.0,,,100.0,128.0,100.0,634.0,33.0,33.0,100.0,0.0,100.0,0.0,200.0,0.0,100.0,9550.0,100.0,47525276456.0,100.0,77469072552.0
2019-05-19,ZJV03MHT,ST12000NM0007,12000138625024,0,77.0,54652320.0,92.0,0.0,100.0,6.0,100.0,0.0,81.0,126973910.0,89.0,9685.0,100.0,0.0,100.0,6.0,,,,,100.0,0.0,100.0,0.0,,,66.0,34.0,,,100.0,129.0,100.0,635.0,34.0,34.0,100.0,0.0,100.0,0.0,200.0,0.0,100.0,9566.0,100.0,47541505736.0,100.0,77513246704.0
2019-05-20,ZJV03MHT,ST12000NM0007,12000138625024,0,83.0,205054200.0,92.0,0.0,100.0,6.0,100.0,0.0,81.0,130072178.0,89.0,9717.0,100.0,0.0,100.0,6.0,,,,,100.0,0.0,100.0,0.0,,,66.0,34.0,,,100.0,130.0,100.0,636.0,34.0,34.0,100.0,0.0,100.0,0.0,200.0,0.0,100.0,9598.0,100.0,47590212208.0,100.0,77614942112.0
2019-05-21,ZJV03MHT,ST12000NM0007,12000138625024,0,79.0,86328928.0,92.0,0.0,100.0,6.0,100.0,0.0,81.0,131437194.0,89.0,9733.0,100.0,0.0,100.0,6.0,,,,,100.0,0.0,100.0,0.0,,,66.0,34.0,,,100.0,131.0,100.0,637.0,34.0,34.0,100.0,0.0,100.0,0.0,200.0,0.0,100.0,9613.0,100.0,47618077904.0,100.0,77712491952.0
2019-05-22,ZJV03MHT,ST12000NM0007,12000138625024,0,79.0,73434224.0,92.0,0.0,100.0,6.0,100.0,0.0,81.0,134094970.0,89.0,9764.0,100.0,0.0,100.0,6.0,,,,,100.0,0.0,100.0,0.0,,,66.0,34.0,,,100.0,132.0,100.0,638.0,34.0,34.0,100.0,0.0,100.0,0.0,200.0,0.0,100.0,9645.0,100.0,47680717528.0,100.0,77881098328.0
2019-05-23,ZJV03MHT,ST12000NM0007,12000138625024,0,80.0,101064488.0,92.0,0.0,100.0,6.0,100.0,0.0,81.0,137780722.0,89.0,9796.0,100.0,0.0,100.0,6.0,,,,,100.0,0.0,100.0,0.0,,,66.0,34.0,,,100.0,133.0,100.0,640.0,34.0,34.0,100.0,0.0,100.0,0.0,200.0,0.0,100.0,9677.0,100.0,47757250224.0,100.0,78076336704.0
2019-05-24,ZJV03MHT,ST12000NM0007,12000138625024,0,83.0,186441552.0,92.0,0.0,100.0,6.0,100.0,0.0,81.0,138695145.0,89.0,9812.0,100.0,0.0,100.0,6.0,,,,,100.0,0.0,100.0,0.0,,,66.0,34.0,,,100.0,133.0,100.0,640.0,34.0,34.0,100.0,0.0,100.0,0.0,200.0,0.0,100.0,9692.0,100.0,47782299128.0,100.0,78136664864.0
2019-05-25,ZJV03MHT,ST12000NM0007,12000138625024,0,81.0,117161608.0,92.0,0.0,100.0,6.0,100.0,0.0,81.0,140897980.0,89.0,9844.0,100.0,0.0,100.0,6.0,,,,,100.0,0.0,100.0,0.0,,,66.0,34.0,,,100.0,133.0,100.0,641.0,34.0,34.0,100.0,0.0,100.0,0.0,200.0,0.0,100.0,9724.0,100.0,47843148728.0,100.0,78250676136.0
2019-05-26,ZJV03MHT,ST12000NM0007,12000138625024,0,83.0,216790768.0,92.0,0.0,100.0,6.0,100.0,0.0,82.0,142072092.0,89.0,9860.0,100.0,0.0,100.0,6.0,,,,,100.0,0.0,100.0,0.0,,,66.0,34.0,,,100.0,134.0,100.0,642.0,34.0,34.0,100.0,0.0,100.0,0.0,200.0,0.0,100.0,9740.0,100.0,47867373856.0,100.0,78326080168.0
2019-05-27,ZJV03MHT,ST12000NM0007,12000138625024,0,83.0,198396744.0,92.0,0.0,100.0,6.0,100.0,0.0,82.0,145438731.0,89.0,9891.0,100.0,0.0,100.0,6.0,,,,,100.0,0.0,100.0,0.0,,,66.0,34.0,,,100.0,136.0,100.0,644.0,34.0,34.0,100.0,0.0,100.0,0.0,200.0,0.0,100.0,9771.0,100.0,47931181768.0,100.0,78488018960.0
2019-05-28,ZJV03MHT,ST12000NM0007,12000138625024,0,79.0,72989128.0,92.0,0.0,100.0,6.0,100.0,0.0,82.0,146687138.0,89.0,9907.0,100.0,0.0,100.0,6.0,,,,,100.0,0.0,100.0,0.0,,,66.0,34.0,,,100.0,136.0,100.0,644.0,34.0,34.0,100.0,0.0,100.0,0.0,200.0,0.0,100.0,9787.0,100.0,47965814328.0,100.0,78572119552.0
2019-05-29,ZJV03MHT,ST12000NM0007,12000138625024,0,83.0,180807664.0,92.0,0.0,100.0,6.0,100.0,0.0,82.0,151843159.0,89.0,9939.0,100.0,0.0,100.0,6.0,,,,,100.0,0.0,100.0,0.0,,,66.0,34.0,,,100.0,136.0,100.0,646.0,34.0,34.0,100.0,0.0,100.0,0.0,200.0,0.0,100.0,9819.0,100.0,48044240096.0,100.0,78845653544.0
2019-05-30,ZJV03MHT,ST12000NM0007,12000138625024,0,77.0,55771584.0,92.0,0.0,100.0,6.0,100.0,0.0,82.0,153947413.0,89.0,9955.0,100.0,0.0,100.0,6.0,,,,,100.0,0.0,100.0,0.0,,,66.0,34.0,,,100.0,136.0,100.0,646.0,34.0,34.0,100.0,0.0,100.0,0.0,200.0,0.0,100.0,9835.0,100.0,48076789280.0,100.0,78932208920.0
2019-05-31,ZJV03MHT,ST12000NM0007,12000138625024,0,82.0,144531808.0,92.0,0.0,100.0,6.0,100.0,0.0,82.0,154845449.0,89.0,9971.0,100.0,0.0,100.0,6.0,,,,,100.0,0.0,100.0,0.0,,,67.0,33.0,,,100.0,136.0,100.0,647.0,33.0,33.0,100.0,0.0,100.0,0.0,200.0,0.0,100.0,9850.0,100.0,48094897880.0,100.0,79002860544.0
2019-06-01,ZJV03MHT,ST12000NM0007,12000138625024,0,80.0,109760184.0,92.0,0.0,100.0,6.0,100.0,0.0,82.0,156957301.0,89.0,10003.0,100.0,0.0,100.0,6.0,,,,,100.0,0.0,100.0,0.0,,,66.0,34.0,,,100.0,136.0,100.0,648.0,34.0,34.0,100.0,0.0,100.0,0.0,200.0,0.0,100.0,9882.0,100.0,48137347056.0,100.0,79169780528.0
2019-06-02,ZJV03MHT,ST12000NM0007,12000138625024,0,83.0,201508896.0,92.0,0.0,100.0,6.0,100.0,0.0,82.0,158238841.0,89.0,10018.0,100.0,0.0,100.0,6.0,,,,,100.0,0.0,100.0,0.0,,,67.0,33.0,,,100.0,137.0,100.0,649.0,33.0,33.0,100.0,0.0,100.0,0.0,200.0,0.0,100.0,9898.0,100.0,48165195576.0,100.0,79233680720.0
2019-06-03,ZJV03MHT,ST12000NM0007,12000138625024,0,83.0,208243176.0,92.0,0.0,100.0,6.0,100.0,0.0,82.0,161829635.0,89.0,10050.0,100.0,0.0,100.0,6.0,,,,,100.0,0.0,100.0,0.0,,,66.0,34.0,,,100.0,138.0,100.0,650.0,34.0,34.0,100.0,0.0,100.0,0.0,200.0,0.0,100.0,9929.0,100.0,48227553872.0,100.0,79422197512.0
2019-06-04,ZJV03MHT,ST12000NM0007,12000138625024,0,81.0,120666896.0,92.0,0.0,100.0,6.0,100.0,0.0,82.0,163606439.0,89.0,10066.0,100.0,0.0,100.0,6.0,,,,,100.0,0.0,100.0,0.0,,,67.0,33.0,,,100.0,139.0,100.0,651.0,33.0,33.0,100.0,0.0,100.0,0.0,200.0,0.0,100.0,9945.0,100.0,48286996200.0,100.0,79519319656.0
2019-06-05,ZJV03MHT,ST12000NM0007,12000138625024,0,82.0,145582664.0,92.0,0.0,100.0,6.0,100.0,0.0,82.0,166216791.0,89.0,10098.0,100.0,0.0,100.0,6.0,,,,,100.0,0.0,100.0,0.0,,,66.0,34.0,,,100.0,139.0,100.0,652.0,34.0,34.0,100.0,0.0,100.0,0.0,200.0,0.0,100.0,9977.0,100.0,48339977776.0,100.0,79735394600.0
2019-06-06,ZJV03MHT,ST12000NM0007,12000138625024,0,82.0,146540688.0,92.0,0.0,100.0,6.0,100.0,0.0,82.0,168131288.0,89.0,10114.0,100.0,0.0,100.0,6.0,,,,,100.0,0.0,100.0,0.0,,,67.0,33.0,,,100.0,140.0,100.0,654.0,33.0,33.0,100.0,0.0,100.0,0.0,200.0,0.0,100.0,9992.0,100.0,48420267912.0,100.0,79900203256.0
2019-06-07,ZJV03MHT,ST12000NM0007,12000138625024,0,80.0,108808784.0,92.0,0.0,100.0,6.0,100.0,0.0,82.0,176976188.0,89.0,10145.0,100.0,0.0,100.0,6.0,,,,,100.0,0.0,100.0,0.0,,,65.0,35.0,,,100.0,140.0,100.0,655.0,35.0,35.0,100.0,0.0,100.0,0.0,200.0,0.0,100.0,10024.0,100.0,48454059736.0,100.0,81781805504.0
2019-06-08,ZJV03MHT,ST12000NM0007,12000138625024,0,83.0,187103336.0,92.0,0.0,100.0,6.0,100.0,0.0,83.0,180908643.0,89.0,10161.0,100.0,0.0,100.0,6.0,,,,,100.0,0.0,100.0,0.0,,,66.0,34.0,,,100.0,140.0,100.0,656.0,34.0,34.0,100.0,0.0,100.0,0.0,200.0,0.0,100.0,10040.0,100.0,48471156880.0,100.0,82819566104.0
2019-06-09,ZJV03MHT,ST12000NM0007,12000138625024,0,74.0,27319144.0,92.0,0.0,100.0,6.0,100.0,0.0,83.0,191490826.0,89.0,10193.0,100.0,0.0,100.0,6.0,,,,,100.0,0.0,100.0,0.0,,,65.0,35.0,,,100.0,140.0,100.0,657.0,35.0,35.0,100.0,0.0,100.0,0.0,200.0,0.0,100.0,10072.0,100.0,48500330728.0,100.0,84339592960.0
2019-06-10,ZJV03MHT,ST12000NM0007,12000138625024,0,84.0,226160376.0,92.0,0.0,100.0,6.0,100.0,0.0,83.0,197179805.0,89.0,10209.0,100.0,0.0,100.0,6.0,,,,,100.0,0.0,100.0,0.0,,,66.0,34.0,,,100.0,140.0,100.0,658.0,34.0,34.0,100.0,0.0,100.0,0.0,200.0,0.0,100.0,10088.0,100.0,48512321480.0,100.0,85014724824.0
2019-06-11,ZJV03MHT,ST12000NM0007,12000138625024,0,83.0,217279544.0,91.0,0.0,100.0,7.0,100.0,0.0,83.0,206895461.0,89.0,10241.0,100.0,0.0,100.0,7.0,,,,,100.0,0.0,100.0,0.0,,,66.0,34.0,,,100.0,140.0,100.0,661.0,34.0,34.0,100.0,0.0,100.0,0.0,200.0,0.0,100.0,10119.0,100.0,48535605024.0,100.0,86203264010.0
2019-06-12,ZJV03MHT,ST12000NM0007,12000138625024,0,80.0,89589888.0,91.0,0.0,100.0,7.0,100.0,0.0,83.0,218697577.0,89.0,10272.0,100.0,0.0,100.0,7.0,,,,,100.0,0.0,100.0,0.0,,,65.0,35.0,,,100.0,141.0,100.0,663.0,35.0,35.0,100.0,0.0,100.0,0.0,200.0,0.0,100.0,10150.0,100.0,48560132728.0,100.0,88736595162.0
2019-06-13,ZJV03MHT,ST12000NM0007,12000138625024,0,82.0,169578388.0,90.0,0.0,100.0,8.0,100.0,0.0,84.0,224832699.0,89.0,10288.0,100.0,0.0,100.0,8.0,,,,,100.0,0.0,100.0,0.0,,,66.0,34.0,,,100.0,141.0,100.0,664.0,34.0,34.0,100.0,0.0,100.0,0.0,200.0,0.0,100.0,10166.0,100.0,48570146368.0,100.0,90027273686.0
2019-06-14,ZJV03MHT,ST12000NM0007,12000138625024,0,80.0,102792544.0,90.0,0.0,100.0,8.0,100.0,0.0,84.0,235618153.0,89.0,10320.0,100.0,0.0,100.0,8.0,,,,,100.0,0.0,100.0,0.0,,,67.0,33.0,,,100.0,141.0,100.0,665.0,33.0,33.0,100.0,0.0,100.0,0.0,200.0,0.0,100.0,10197.0,100.0,48595618160.0,100.0,92864705198.0
2019-06-15,ZJV03MHT,ST12000NM0007,12000138625024,0,84.0,242189688.0,90.0,0.0,100.0,8.0,100.0,0.0,84.0,240614818.0,89.0,10336.0,100.0,0.0,100.0,8.0,,,,,100.0,0.0,100.0,0.0,,,67.0,33.0,,,100.0,142.0,100.0,666.0,33.0,33.0,100.0,0.0,100.0,0.0,200.0,0.0,100.0,10213.0,100.0,48608995512.0,100.0,94211429086.0
2019-06-16,ZJV03MHT,ST12000NM0007,12000138625024,0,83.0,210751464.0,90.0,0.0,100.0,8.0,100.0,0.0,84.0,252843913.0,89.0,10368.0,100.0,0.0,100.0,8.0,,,,,100.0,0.0,100.0,0.0,,,64.0,36.0,,,100.0,142.0,100.0,667.0,36.0,36.0,100.0,0.0,100.0,0.0,200.0,0.0,100.0,10245.0,100.0,48632634848.0,100.0,96841900086.0
2019-06-17,ZJV03MHT,ST12000NM0007,12000138625024,0,77.0,49982808.0,90.0,0.0,100.0,8.0,100.0,0.0,84.0,258758539.0,89.0,10383.0,100.0,0.0,100.0,8.0,,,,,100.0,0.0,100.0,0.0,,,65.0,35.0,,,100.0,142.0,100.0,668.0,35.0,35.0,100.0,0.0,100.0,0.0,200.0,0.0,100.0,10261.0,100.0,48642008752.0,100.0,97892461206.0
2019-06-18,ZJV03MHT,ST12000NM0007,12000138625024,0,67.0,4629184.0,90.0,0.0,100.0,8.0,100.0,0.0,84.0,270729821.0,89.0,10415.0,100.0,0.0,100.0,8.0,,,,,100.0,0.0,100.0,0.0,,,64.0,36.0,,,100.0,143.0,100.0,669.0,36.0,36.0,100.0,0.0,100.0,0.0,200.0,0.0,100.0,10292.0,100.0,48663398320.0,100.0,99778844462.0
2019-06-19,ZJV03MHT,ST12000NM0007,12000138625024,0,84.0,224237584.0,90.0,0.0,100.0,8.0,100.0,0.0,84.0,276554777.0,89.0,10431.0,100.0,0.0,100.0,8.0,,,,,100.0,0.0,100.0,0.0,,,65.0,35.0,,,100.0,143.0,100.0,670.0,35.0,35.0,100.0,0.0,100.0,0.0,200.0,0.0,100.0,10308.0,100.0,48670994144.0,100.0,100723279054.0
2019-06-20,ZJV03MHT,ST12000NM0007,12000138625024,0,80.0,99903000.0,90.0,0.0,100.0,8.0,100.0,0.0,85.0,283451379.0,89.0,10462.0,100.0,0.0,100.0,8.0,,,,,100.0,0.0,100.0,0.0,,,64.0,36.0,,,100.0,143.0,100.0,671.0,36.0,36.0,100.0,0.0,100.0,0.0,200.0,0.0,100.0,10339.0,100.0,48719398272.0,100.0,101527103614.0
2019-06-21,ZJV03MHT,ST12000NM0007,12000138625024,0,81.0,130297296.0,90.0,0.0,100.0,8.0,100.0,0.0,85.0,285423857.0,89.0,10478.0,100.0,0.0,100.0,8.0,,,,,100.0,0.0,100.0,0.0,,,65.0,35.0,,,100.0,143.0,100.0,671.0,35.0,35.0,100.0,0.0,100.0,0.0,200.0,0.0,100.0,10355.0,100.0,48739584776.0,100.0,101781452222.0
2019-06-22,ZJV03MHT,ST12000NM0007,12000138625024,0,83.0,191030528.0,90.0,0.0,100.0,8.0,100.0,0.0,85.0,289479529.0,89.0,10510.0,100.0,0.0,100.0,8.0,,,,,100.0,0.0,100.0,0.0,,,64.0,36.0,,,100.0,143.0,100.0,673.0,36.0,36.0,100.0,0.0,100.0,0.0,200.0,0.0,100.0,10387.0,100.0,48788121464.0,100.0,102281930662.0
2019-06-23,ZJV03MHT,ST12000NM0007,12000138625024,0,83.0,221824816.0,90.0,0.0,100.0,8.0,100.0,0.0,85.0,291622688.0,88.0,10526.0,100.0,0.0,100.0,8.0,,,,,100.0,0.0,100.0,0.0,,,65.0,35.0,,,100.0,143.0,100.0,673.0,35.0,35.0,100.0,0.0,100.0,0.0,200.0,0.0,100.0,10403.0,100.0,48813238544.0,100.0,102531748742.0
2019-06-24,ZJV03MHT,ST12000NM0007,12000138625024,0,79.0,79710888.0,90.0,0.0,100.0,8.0,100.0,0.0,85.0,296764055.0,88.0,10558.0,100.0,0.0,100.0,8.0,,,,,100.0,0.0,100.0,0.0,,,64.0,36.0,,,100.0,143.0,100.0,675.0,36.0,36.0,100.0,0.0,100.0,0.0,200.0,0.0,100.0,10434.0,100.0,48878875352.0,100.0,103056420118.0
2019-06-25,ZJV03MHT,ST12000NM0007,12000138625024,0,81.0,127655088.0,90.0,0.0,100.0,8.0,100.0,0.0,85.0,299039464.0,88.0,10573.0,100.0,0.0,100.0,8.0,,,,,100.0,0.0,100.0,0.0,,,64.0,36.0,,,100.0,143.0,100.0,675.0,36.0,36.0,100.0,0.0,100.0,0.0,200.0,0.0,100.0,10450.0,100.0,48928118856.0,100.0,103299261614.0
2019-06-26,ZJV03MHT,ST12000NM0007,12000138625024,0,100.0,1578096.0,90.0,0.0,100.0,8.0,100.0,0.0,85.0,305091760.0,88.0,10605.0,100.0,0.0,100.0,8.0,,,,,100.0,0.0,100.0,0.0,,,64.0,36.0,,,100.0,144.0,100.0,677.0,36.0,36.0,100.0,0.0,100.0,0.0,200.0,0.0,100.0,10482.0,100.0,49017966024.0,100.0,103815759622.0
2019-06-27,ZJV03MHT,ST12000NM0007,12000138625024,0,82.0,157180128.0,90.0,0.0,100.0,8.0,100.0,0.0,85.0,309796170.0,88.0,10621.0,100.0,0.0,100.0,8.0,,,,,100.0,0.0,100.0,0.0,,,64.0,36.0,,,100.0,144.0,100.0,677.0,36.0,36.0,100.0,0.0,100.0,0.0,200.0,0.0,100.0,10497.0,100.0,49029743600.0,100.0,104447865510.0
2019-06-28,ZJV03MHT,ST12000NM0007,12000138625024,0,82.0,160553288.0,90.0,0.0,100.0,8.0,100.0,0.0,85.0,313157764.0,88.0,10652.0,100.0,0.0,100.0,8.0,,,,,100.0,0.0,100.0,0.0,,,65.0,35.0,,,100.0,145.0,100.0,679.0,35.0,35.0,100.0,0.0,100.0,0.0,200.0,0.0,100.0,10529.0,100.0,49099610392.0,100.0,104869653478.0
2019-06-29,ZJV03MHT,ST12000NM0007,12000138625024,0,81.0,137454696.0,90.0,0.0,100.0,8.0,100.0,0.0,85.0,314349106.0,88.0,10668.0,100.0,0.0,100.0,8.0,,,,,100.0,0.0,100.0,0.0,,,64.0,36.0,,,100.0,145.0,100.0,679.0,36.0,36.0,100.0,0.0,100.0,0.0,200.0,0.0,100.0,10545.0,100.0,49115452944.0,100.0,105074853214.0
2019-06-30,ZJV03MHT,ST12000NM0007,12000138625024,0,82.0,156556328.0,90.0,0.0,100.0,8.0,100.0,0.0,85.0,317601112.0,88.0,10700.0,100.0,0.0,100.0,8.0,,,,,100.0,0.0,100.0,0.0,,,65.0,35.0,,,100.0,146.0,100.0,681.0,35.0,35.0,100.0,0.0,100.0,0.0,200.0,0.0,100.0,10576.0,100.0,49178660488.0,100.0,105519028934.0
2019-07-01,ZJV03MHT,ST12000NM0007,12000138625024,0,81.0,113413152.0,90.0,0.0,100.0,8.0,100.0,0.0,85.0,318896911.0,88.0,10716.0,100.0,0.0,100.0,8.0,,,,,100.0,0.0,100.0,0.0,,,65.0,35.0,,,100.0,146.0,100.0,681.0,35.0,35.0,100.0,0.0,100.0,0.0,200.0,0.0,100.0,10592.0,100.0,49198170048.0,100.0,105700517030.0
2019-07-02,ZJV03MHT,ST12000NM0007,12000138625024,0,79.0,75354768.0,90.0,0.0,100.0,8.0,100.0,0.0,85.0,322835764.0,88.0,10747.0,100.0,0.0,100.0,8.0,,,,,100.0,0.0,100.0,0.0,,,64.0,36.0,,,100.0,147.0,100.0,683.0,36.0,36.0,100.0,0.0,100.0,0.0,200.0,0.0,100.0,10623.0,100.0,49245184016.0,100.0,106103726590.0
2019-07-03,ZJV03MHT,ST12000NM0007,12000138625024,0,77.0,54017088.0,90.0,0.0,100.0,8.0,100.0,0.0,85.0,326597420.0,88.0,10779.0,100.0,0.0,100.0,8.0,,,,,100.0,0.0,100.0,0.0,,,64.0,36.0,,,100.0,147.0,100.0,684.0,36.0,36.0,100.0,0.0,100.0,0.0,200.0,0.0,100.0,10655.0,100.0,49305818088.0,100.0,106510036678.0
2019-07-04,ZJV03MHT,ST12000NM0007,12000138625024,0,73.0,18277960.0,90.0,0.0,100.0,8.0,100.0,0.0,85.0,328453753.0,88.0,10795.0,100.0,0.0,100.0,8.0,,,,,100.0,0.0,100.0,0.0,,,64.0,36.0,,,100.0,147.0,100.0,685.0,36.0,36.0,100.0,0.0,100.0,0.0,200.0,0.0,100.0,10671.0,100.0,49330735624.0,100.0,106693520854.0
2019-07-05,ZJV03MHT,ST12000NM0007,12000138625024,0,83.0,207020800.0,90.0,0.0,100.0,8.0,100.0,0.0,85.0,331269885.0,88.0,10826.0,100.0,0.0,100.0,8.0,,,,,100.0,0.0,100.0,0.0,,,64.0,36.0,,,100.0,147.0,100.0,686.0,36.0,36.0,100.0,0.0,100.0,0.0,200.0,0.0,100.0,10702.0,100.0,49376899416.0,100.0,107080240614.0
2019-07-06,ZJV03MHT,ST12000NM0007,12000138625024,0,82.0,148395744.0,90.0,0.0,100.0,8.0,100.0,0.0,85.0,332328779.0,88.0,10842.0,100.0,0.0,100.0,8.0,,,,,100.0,0.0,100.0,0.0,,,64.0,36.0,,,100.0,147.0,100.0,687.0,36.0,36.0,100.0,0.0,100.0,0.0,200.0,0.0,100.0,10718.0,100.0,49393356456.0,100.0,107249299310.0
2019-07-07,ZJV03MHT,ST12000NM0007,12000138625024,0,79.0,86058328.0,90.0,0.0,100.0,8.0,100.0,0.0,85.0,334524733.0,88.0,10874.0,100.0,0.0,100.0,8.0,,,,,100.0,0.0,100.0,0.0,,,63.0,37.0,,,100.0,148.0,100.0,688.0,37.0,37.0,100.0,0.0,100.0,0.0,200.0,0.0,100.0,10749.0,100.0,49434336808.0,100.0,107634263166.0
2019-07-08,ZJV03MHT,ST12000NM0007,12000138625024,0,82.0,157320752.0,90.0,0.0,100.0,8.0,100.0,0.0,85.0,337138076.0,88.0,10889.0,100.0,0.0,100.0,8.0,,,,,100.0,0.0,100.0,0.0,,,64.0,36.0,,,100.0,148.0,100.0,689.0,36.0,36.0,100.0,0.0,100.0,0.0,200.0,0.0,100.0,10765.0,100.0,49493894584.0,100.0,107890108590.0
2019-07-09,ZJV03MHT,ST12000NM0007,12000138625024,0,79.0,84202824.0,90.0,0.0,100.0,8.0,100.0,0.0,85.0,339954084.0,88.0,10921.0,100.0,0.0,100.0,8.0,,,,,100.0,0.0,100.0,0.0,,,64.0,36.0,,,100.0,148.0,100.0,690.0,36.0,36.0,100.0,0.0,100.0,0.0,200.0,0.0,100.0,10797.0,100.0,49527044976.0,100.0,108272121918.0
2019-07-10,ZJV03MHT,ST12000NM0007,12000138625024,0,80.0,106171032.0,90.0,0.0,100.0,8.0,100.0,0.0,85.0,341535347.0,88.0,10937.0,100.0,0.0,100.0,8.0,,,,,100.0,0.0,100.0,0.0,,,64.0,36.0,,,100.0,148.0,100.0,691.0,36.0,36.0,100.0,0.0,100.0,0.0,200.0,0.0,100.0,10812.0,100.0,49548497464.0,100.0,108516778502.0
2019-07-11,ZJV03MHT,ST12000NM0007,12000138625024,0,83.0,220657072.0,90.0,0.0,100.0,8.0,100.0,0.0,85.0,345446943.0,88.0,10968.0,100.0,0.0,100.0,8.0,,,,,100.0,0.0,100.0,0.0,,,63.0,37.0,,,100.0,148.0,100.0,692.0,37.0,37.0,100.0,0.0,100.0,0.0,200.0,0.0,100.0,10844.0,100.0,49668344632.0,100.0,108999698862.0
2019-07-12,ZJV03MHT,ST12000NM0007,12000138625024,0,84.0,234162736.0,90.0,0.0,100.0,8.0,100.0,0.0,85.0,347106622.0,88.0,10984.0,100.0,0.0,100.0,8.0,,,,,100.0,0.0,100.0,0.0,,,64.0,36.0,,,100.0,149.0,100.0,693.0,36.0,36.0,100.0,0.0,100.0,0.0,200.0,0.0,100.0,10859.0,100.0,49718938104.0,100.0,109206752070.0
2019-07-13,ZJV03MHT,ST12000NM0007,12000138625024,0,79.0,84127840.0,90.0,0.0,100.0,8.0,100.0,0.0,85.0,349844965.0,88.0,11016.0,100.0,0.0,100.0,8.0,,,,,100.0,0.0,100.0,0.0,,,63.0,37.0,,,100.0,150.0,100.0,694.0,37.0,37.0,100.0,0.0,100.0,0.0,200.0,0.0,100.0,10891.0,100.0,49771994808.0,100.0,109491942262.0
2019-07-14,ZJV03MHT,ST12000NM0007,12000138625024,0,80.0,108533280.0,90.0,0.0,100.0,8.0,100.0,0.0,85.0,353329295.0,88.0,11031.0,100.0,0.0,100.0,8.0,,,,,100.0,0.0,100.0,0.0,,,64.0,36.0,,,100.0,151.0,100.0,695.0,36.0,36.0,100.0,0.0,100.0,0.0,200.0,0.0,100.0,10907.0,100.0,49825142544.0,100.0,109707340686.0
2019-07-15,ZJV03MHT,ST12000NM0007,12000138625024,0,79.0,88661048.0,90.0,0.0,100.0,8.0,100.0,0.0,86.0,357552418.0,88.0,11063.0,100.0,0.0,100.0,8.0,,,,,100.0,0.0,100.0,0.0,,,63.0,37.0,,,100.0,152.0,100.0,696.0,37.0,37.0,100.0,0.0,100.0,0.0,200.0,0.0,100.0,10938.0,100.0,49890731976.0,100.0,110110163934.0
2019-07-16,ZJV03MHT,ST12000NM0007,12000138625024,0,77.0,44827680.0,90.0,0.0,100.0,8.0,100.0,0.0,86.0,358877684.0,88.0,11079.0,100.0,0.0,100.0,8.0,,,,,100.0,0.0,100.0,0.0,,,64.0,36.0,,,100.0,152.0,100.0,697.0,36.0,36.0,100.0,0.0,100.0,0.0,200.0,0.0,100.0,10954.0,100.0,49927935736.0,100.0,110273267622.0
2019-07-17,ZJV03MHT,ST12000NM0007,12000138625024,0,72.0,14733744.0,90.0,0.0,100.0,8.0,100.0,0.0,86.0,361777481.0,88.0,11110.0,100.0,0.0,100.0,8.0,,,,,100.0,0.0,100.0,0.0,,,64.0,36.0,,,100.0,152.0,100.0,698.0,36.0,36.0,100.0,0.0,100.0,0.0,200.0,0.0,100.0,10985.0,100.0,49997007616.0,100.0,110662383686.0
2019-07-18,ZJV03MHT,ST12000NM0007,12000138625024,0,83.0,188934056.0,90.0,0.0,100.0,8.0,100.0,0.0,86.0,363376538.0,88.0,11126.0,100.0,0.0,100.0,8.0,,,,,100.0,0.0,100.0,0.0,,,64.0,36.0,,,100.0,152.0,100.0,699.0,36.0,36.0,100.0,0.0,100.0,0.0,200.0,0.0,100.0,11001.0,100.0,50026257776.0,100.0,110807333838.0
2019-07-19,ZJV03MHT,ST12000NM0007,12000138625024,0,82.0,177155856.0,90.0,0.0,100.0,8.0,100.0,0.0,86.0,366463006.0,88.0,11158.0,100.0,0.0,100.0,8.0,,,,,100.0,0.0,100.0,0.0,,,63.0,37.0,,,100.0,152.0,100.0,700.0,37.0,37.0,100.0,0.0,100.0,0.0,200.0,0.0,100.0,11033.0,100.0,50130511048.0,100.0,111179583918.0
2019-07-20,ZJV03MHT,ST12000NM0007,12000138625024,0,82.0,160491008.0,90.0,0.0,100.0,8.0,100.0,0.0,86.0,367865558.0,88.0,11174.0,100.0,0.0,100.0,8.0,,,,,100.0,0.0,100.0,0.0,,,64.0,36.0,,,100.0,152.0,100.0,701.0,36.0,36.0,100.0,0.0,100.0,0.0,200.0,0.0,100.0,11048.0,100.0,50166673880.0,100.0,111370897014.0
2019-07-21,ZJV03MHT,ST12000NM0007,12000138625024,0,80.0,91716848.0,90.0,0.0,100.0,8.0,100.0,0.0,86.0,370525497.0,88.0,11205.0,100.0,0.0,100.0,8.0,,,,,100.0,0.0,100.0,0.0,,,63.0,37.0,,,100.0,153.0,100.0,702.0,37.0,37.0,100.0,0.0,100.0,0.0,200.0,0.0,100.0,11080.0,100.0,50227631928.0,100.0,111729446174.0
2019-07-22,ZJV03MHT,ST12000NM0007,12000138625024,0,82.0,150265672.0,90.0,0.0,100.0,8.0,100.0,0.0,86.0,372507247.0,88.0,11221.0,100.0,0.0,100.0,8.0,,,,,100.0,0.0,100.0,0.0,,,64.0,36.0,,,100.0,153.0,100.0,703.0,36.0,36.0,100.0,0.0,100.0,0.0,200.0,0.0,100.0,11096.0,100.0,50279870472.0,100.0,111979897342.0
2019-07-23,ZJV03MHT,ST12000NM0007,12000138625024,0,80.0,103897696.0,90.0,0.0,100.0,8.0,100.0,0.0,86.0,376465808.0,88.0,11253.0,100.0,0.0,100.0,8.0,,,,,100.0,0.0,100.0,0.0,,,63.0,37.0,,,100.0,154.0,100.0,704.0,37.0,37.0,100.0,0.0,100.0,0.0,200.0,0.0,100.0,11127.0,100.0,50332148736.0,100.0,112369532886.0
2019-07-24,ZJV03MHT,ST12000NM0007,12000138625024,0,79.0,84181216.0,90.0,0.0,100.0,8.0,100.0,0.0,86.0,380134257.0,88.0,11284.0,100.0,0.0,100.0,8.0,,,,,100.0,0.0,100.0,0.0,,,63.0,37.0,,,100.0,155.0,100.0,706.0,37.0,37.0,100.0,0.0,100.0,0.0,200.0,0.0,100.0,11159.0,100.0,50409396304.0,100.0,112760863094.0
2019-07-25,ZJV03MHT,ST12000NM0007,12000138625024,0,81.0,125952560.0,90.0,0.0,100.0,8.0,100.0,0.0,86.0,381871326.0,88.0,11300.0,100.0,0.0,100.0,8.0,,,,,100.0,0.0,100.0,0.0,,,63.0,37.0,,,100.0,155.0,100.0,706.0,37.0,37.0,100.0,0.0,100.0,0.0,200.0,0.0,100.0,11174.0,100.0,50448700488.0,100.0,113007470966.0
2019-07-26,ZJV03MHT,ST12000NM0007,12000138625024,0,77.0,50274712.0,90.0,0.0,100.0,8.0,100.0,0.0,86.0,384207590.0,88.0,11332.0,100.0,0.0,100.0,8.0,,,,,100.0,0.0,100.0,0.0,,,64.0,36.0,,,100.0,155.0,100.0,708.0,36.0,36.0,100.0,0.0,100.0,0.0,200.0,0.0,100.0,11206.0,100.0,50482284224.0,100.0,113386490678.0
2019-07-27,ZJV03MHT,ST12000NM0007,12000138625024,0,75.0,31660264.0,90.0,0.0,100.0,8.0,100.0,0.0,86.0,385720795.0,88.0,11347.0,100.0,0.0,100.0,8.0,,,,,100.0,0.0,100.0,0.0,,,63.0,37.0,,,100.0,155.0,100.0,708.0,37.0,37.0,100.0,0.0,100.0,0.0,200.0,0.0,100.0,11222.0,100.0,50504778864.0,100.0,113589522358.0
2019-07-28,ZJV03MHT,ST12000NM0007,12000138625024,0,76.0,43109672.0,90.0,0.0,100.0,8.0,100.0,0.0,86.0,389350129.0,88.0,11379.0,100.0,0.0,100.0,8.0,,,,,100.0,0.0,100.0,0.0,,,63.0,37.0,,,100.0,155.0,100.0,710.0,37.0,37.0,100.0,0.0,100.0,0.0,200.0,0.0,100.0,11253.0,100.0,50597886632.0,100.0,113996147358.0
2019-07-29,ZJV03MHT,ST12000NM0007,12000138625024,0,80.0,90107512.0,90.0,0.0,100.0,8.0,100.0,0.0,86.0,391953062.0,87.0,11395.0,100.0,0.0,100.0,8.0,,,,,100.0,0.0,100.0,0.0,,,62.0,38.0,,,100.0,155.0,100.0,710.0,38.0,38.0,100.0,0.0,100.0,0.0,200.0,0.0,100.0,11269.0,100.0,50632396040.0,100.0,114252776422.0
2019-07-30,ZJV03MHT,ST12000NM0007,12000138625024,0,82.0,159801512.0,90.0,0.0,100.0,8.0,100.0,0.0,86.0,396755091.0,87.0,11426.0,100.0,0.0,100.0,8.0,,,,,100.0,0.0,100.0,0.0,,,63.0,37.0,,,100.0,155.0,100.0,712.0,37.0,37.0,100.0,0.0,100.0,0.0,200.0,0.0,100.0,11300.0,100.0,50725952752.0,100.0,114717195326.0
2019-07-31,ZJV03MHT,ST12000NM0007,12000138625024,0,82.0,155251848.0,90.0,0.0,100.0,8.0,100.0,0.0,86.0,399272398.0,87.0,11442.0,100.0,0.0,100.0,8.0,,,,,100.0,0.0,100.0,0.0,,,64.0,36.0,,,100.0,155.0,100.0,712.0,36.0,36.0,100.0,0.0,100.0,0.0,200.0,0.0,100.0,11316.0,100.0,50764068480.0,100.0,114918670710.0
2019-08-01,ZJV03MHT,ST12000NM0007,12000138625024,0,76.0,42730464.0,90.0,0.0,100.0,8.0,100.0,0.0,86.0,403559496.0,87.0,11474.0,100.0,0.0,100.0,8.0,,,,,100.0,0.0,100.0,0.0,,,64.0,36.0,,,100.0,156.0,100.0,714.0,36.0,36.0,100.0,0.0,100.0,0.0,200.0,0.0,100.0,11347.0,100.0,50847072872.0,100.0,115211426366.0
2019-08-02,ZJV03MHT,ST12000NM0007,12000138625024,0,84.0,243065616.0,90.0,0.0,100.0,8.0,100.0,0.0,86.0,405353559.0,87.0,11490.0,100.0,0.0,100.0,8.0,,,,,100.0,0.0,100.0,0.0,,,64.0,36.0,,,100.0,156.0,100.0,714.0,36.0,36.0,100.0,0.0,100.0,0.0,200.0,0.0,100.0,11363.0,100.0,50899184760.0,100.0,115359649630.0
2019-08-03,ZJV03MHT,ST12000NM0007,12000138625024,0,84.0,225165344.0,90.0,0.0,100.0,8.0,100.0,0.0,86.0,407225340.0,87.0,11506.0,100.0,0.0,100.0,8.0,,,,,100.0,0.0,100.0,0.0,,,64.0,36.0,,,100.0,156.0,100.0,715.0,36.0,36.0,100.0,0.0,100.0,0.0,200.0,0.0,100.0,11379.0,100.0,50948518720.0,100.0,115536556214.0
2019-08-04,ZJV03MHT,ST12000NM0007,12000138625024,0,83.0,208569528.0,90.0,0.0,100.0,9.0,100.0,0.0,86.0,411632147.0,87.0,11537.0,100.0,0.0,100.0,9.0,,,,,100.0,0.0,100.0,0.0,,,63.0,37.0,,,100.0,156.0,100.0,721.0,37.0,37.0,100.0,0.0,100.0,0.0,200.0,0.0,100.0,11410.0,100.0,51084369112.0,100.0,115872391408.0
2019-08-05,ZJV03MHT,ST12000NM0007,12000138625024,0,83.0,209748000.0,90.0,0.0,100.0,9.0,100.0,0.0,86.0,413799581.0,87.0,11553.0,100.0,0.0,100.0,9.0,,,,,100.0,0.0,100.0,0.0,,,63.0,37.0,,,100.0,156.0,100.0,721.0,37.0,37.0,100.0,0.0,100.0,0.0,200.0,0.0,100.0,11426.0,100.0,51144275544.0,100.0,116057804136.0
2019-08-06,ZJV03MHT,ST12000NM0007,12000138625024,0,77.0,45016928.0,90.0,0.0,100.0,9.0,100.0,0.0,86.0,419839253.0,87.0,11585.0,100.0,0.0,100.0,9.0,,,,,100.0,0.0,100.0,0.0,,,63.0,37.0,,,100.0,156.0,100.0,722.0,37.0,37.0,100.0,0.0,100.0,0.0,200.0,0.0,100.0,11457.0,100.0,51262521264.0,100.0,116507249512.0
2019-08-07,ZJV03MHT,ST12000NM0007,12000138625024,0,83.0,198366808.0,90.0,0.0,100.0,9.0,100.0,0.0,86.0,425229248.0,87.0,11616.0,100.0,0.0,100.0,9.0,,,,,100.0,0.0,100.0,0.0,,,63.0,37.0,,,100.0,156.0,100.0,725.0,37.0,37.0,100.0,0.0,100.0,0.0,200.0,0.0,100.0,11489.0,100.0,51417271864.0,100.0,116994130504.0
2019-08-08,ZJV03MHT,ST12000NM0007,12000138625024,0,82.0,156526776.0,90.0,0.0,100.0,9.0,100.0,0.0,86.0,428828298.0,87.0,11632.0,100.0,0.0,100.0,9.0,,,,,100.0,0.0,100.0,0.0,,,64.0,36.0,,,100.0,156.0,100.0,725.0,36.0,36.0,100.0,0.0,100.0,0.0,200.0,0.0,100.0,11505.0,100.0,51494461584.0,100.0,117119241448.0
2019-08-09,ZJV03MHT,ST12000NM0007,12000138625024,0,78.0,56678672.0,90.0,0.0,100.0,9.0,100.0,0.0,86.0,432592369.0,87.0,11664.0,100.0,0.0,100.0,9.0,,,,,100.0,0.0,100.0,0.0,,,63.0,37.0,,,100.0,156.0,100.0,727.0,37.0,37.0,100.0,0.0,100.0,0.0,200.0,0.0,100.0,11536.0,100.0,51567777912.0,100.0,117434358632.0
2019-08-10,ZJV03MHT,ST12000NM0007,12000138625024,0,74.0,25251552.0,90.0,0.0,100.0,9.0,100.0,0.0,86.0,434753970.0,87.0,11680.0,100.0,0.0,100.0,9.0,,,,,100.0,0.0,100.0,0.0,,,63.0,37.0,,,100.0,156.0,100.0,727.0,37.0,37.0,100.0,0.0,100.0,0.0,200.0,0.0,100.0,11552.0,100.0,51619149608.0,100.0,117595700512.0
2019-08-11,ZJV03MHT,ST12000NM0007,12000138625024,0,83.0,219089408.0,90.0,0.0,100.0,9.0,100.0,0.0,86.0,439773356.0,87.0,11711.0,100.0,0.0,100.0,9.0,,,,,100.0,0.0,100.0,0.0,,,63.0,37.0,,,100.0,156.0,100.0,729.0,37.0,37.0,100.0,0.0,100.0,0.0,200.0,0.0,100.0,11583.0,100.0,51740712528.0,100.0,117912116096.0
2019-08-12,ZJV03MHT,ST12000NM0007,12000138625024,0,72.0,15983664.0,90.0,0.0,100.0,9.0,100.0,0.0,86.0,442580491.0,87.0,11727.0,100.0,0.0,100.0,9.0,,,,,100.0,0.0,100.0,0.0,,,63.0,37.0,,,100.0,156.0,100.0,729.0,37.0,37.0,100.0,0.0,100.0,0.0,200.0,0.0,100.0,11599.0,100.0,51831471568.0,100.0,118106532864.0
2019-08-13,ZJV03MHT,ST12000NM0007,12000138625024,0,83.0,200178280.0,90.0,0.0,100.0,9.0,100.0,0.0,87.0,449493847.0,87.0,11759.0,100.0,0.0,100.0,9.0,,,,,100.0,0.0,100.0,0.0,,,63.0,37.0,,,100.0,157.0,100.0,731.0,37.0,37.0,100.0,0.0,100.0,0.0,200.0,0.0,100.0,11631.0,100.0,52018451032.0,100.0,118592029384.0
2019-08-14,ZJV03MHT,ST12000NM0007,12000138625024,0,83.0,215702704.0,90.0,0.0,100.0,9.0,100.0,0.0,87.0,452295450.0,87.0,11775.0,100.0,0.0,100.0,9.0,,,,,100.0,0.0,100.0,0.0,,,63.0,37.0,,,100.0,157.0,100.0,731.0,37.0,37.0,100.0,0.0,100.0,0.0,200.0,0.0,100.0,11647.0,100.0,52129599040.0,100.0,118740546488.0
2019-08-15,ZJV03MHT,ST12000NM0007,12000138625024,0,82.0,146184352.0,90.0,0.0,100.0,9.0,100.0,0.0,87.0,457230298.0,87.0,11807.0,100.0,0.0,100.0,9.0,,,,,100.0,0.0,100.0,0.0,,,63.0,37.0,,,100.0,157.0,100.0,733.0,37.0,37.0,100.0,0.0,100.0,0.0,200.0,0.0,100.0,11678.0,100.0,52229401680.0,100.0,119059506872.0
2019-08-16,ZJV03MHT,ST12000NM0007,12000138625024,0,80.0,96998632.0,90.0,0.0,100.0,9.0,100.0,0.0,87.0,459358747.0,87.0,11822.0,100.0,0.0,100.0,9.0,,,,,100.0,0.0,100.0,0.0,,,63.0,37.0,,,100.0,158.0,100.0,734.0,37.0,37.0,100.0,0.0,100.0,0.0,200.0,0.0,100.0,11693.0,100.0,52256486464.0,100.0,119227377104.0
2019-08-17,ZJV03MHT,ST12000NM0007,12000138625024,0,83.0,201252648.0,90.0,0.0,100.0,9.0,100.0,0.0,87.0,463423286.0,87.0,11854.0,100.0,0.0,100.0,9.0,,,,,100.0,0.0,100.0,0.0,,,62.0,38.0,,,100.0,159.0,100.0,735.0,38.0,38.0,100.0,0.0,100.0,0.0,200.0,0.0,100.0,11725.0,100.0,52344306632.0,100.0,119487951640.0
2019-08-18,ZJV03MHT,ST12000NM0007,12000138625024,0,81.0,115449584.0,90.0,0.0,100.0,9.0,100.0,0.0,87.0,465128232.0,87.0,11870.0,100.0,0.0,100.0,9.0,,,,,100.0,0.0,100.0,0.0,,,64.0,36.0,,,100.0,159.0,100.0,736.0,36.0,36.0,100.0,0.0,100.0,0.0,200.0,0.0,100.0,11741.0,100.0,52373878088.0,100.0,119616717880.0
2019-08-19,ZJV03MHT,ST12000NM0007,12000138625024,0,80.0,89551464.0,90.0,0.0,100.0,9.0,100.0,0.0,87.0,470840701.0,87.0,11901.0,100.0,0.0,100.0,9.0,,,,,100.0,0.0,100.0,0.0,,,63.0,37.0,,,100.0,159.0,100.0,737.0,37.0,37.0,100.0,0.0,100.0,0.0,200.0,0.0,100.0,11772.0,100.0,52440291440.0,100.0,120012688144.0
2019-08-20,ZJV03MHT,ST12000NM0007,12000138625024,0,80.0,93917576.0,90.0,0.0,100.0,9.0,100.0,0.0,87.0,473419808.0,87.0,11917.0,100.0,0.0,100.0,9.0,,,,,100.0,0.0,100.0,0.0,,,62.0,38.0,,,100.0,160.0,100.0,738.0,38.0,38.0,100.0,0.0,100.0,0.0,200.0,0.0,100.0,11788.0,100.0,52495129280.0,100.0,120206357224.0
2019-08-21,ZJV03MHT,ST12000NM0007,12000138625024,0,83.0,207063616.0,90.0,0.0,100.0,9.0,100.0,0.0,87.0,477293370.0,87.0,11949.0,100.0,0.0,100.0,9.0,,,,,100.0,0.0,100.0,0.0,,,63.0,37.0,,,100.0,161.0,100.0,739.0,37.0,37.0,100.0,0.0,100.0,0.0,200.0,0.0,100.0,11819.0,100.0,52571140560.0,100.0,120487632632.0
2019-08-22,ZJV03MHT,ST12000NM0007,12000138625024,0,72.0,17113376.0,90.0,0.0,100.0,9.0,100.0,0.0,87.0,482739596.0,87.0,11981.0,100.0,0.0,100.0,9.0,,,,,100.0,0.0,100.0,0.0,,,64.0,36.0,,,100.0,162.0,100.0,740.0,36.0,36.0,100.0,0.0,100.0,0.0,200.0,0.0,100.0,11851.0,100.0,52635982128.0,100.0,120721122208.0
2019-08-23,ZJV03MHT,ST12000NM0007,12000138625024,0,84.0,238219480.0,90.0,0.0,100.0,9.0,100.0,0.0,87.0,484915807.0,87.0,11996.0,100.0,0.0,100.0,9.0,,,,,100.0,0.0,100.0,0.0,,,63.0,37.0,,,100.0,162.0,100.0,741.0,37.0,37.0,100.0,0.0,100.0,0.0,200.0,0.0,100.0,11866.0,100.0,52692086344.0,100.0,120886124096.0
2019-08-24,ZJV03MHT,ST12000NM0007,12000138625024,0,82.0,170709928.0,90.0,0.0,100.0,9.0,100.0,0.0,87.0,488934737.0,87.0,12028.0,100.0,0.0,100.0,9.0,,,,,100.0,0.0,100.0,0.0,,,63.0,37.0,,,100.0,162.0,100.0,742.0,37.0,37.0,100.0,0.0,100.0,0.0,200.0,0.0,100.0,11898.0,100.0,52781293688.0,100.0,121217688680.0
2019-08-25,ZJV03MHT,ST12000NM0007,12000138625024,0,76.0,42039328.0,90.0,0.0,100.0,9.0,100.0,0.0,87.0,490557372.0,87.0,12044.0,100.0,0.0,100.0,9.0,,,,,100.0,0.0,100.0,0.0,,,63.0,37.0,,,100.0,163.0,100.0,743.0,37.0,37.0,100.0,0.0,100.0,0.0,200.0,0.0,100.0,11914.0,100.0,52810630568.0,100.0,121303821888.0
2019-08-26,ZJV03MHT,ST12000NM0007,12000138625024,0,84.0,234388808.0,90.0,0.0,100.0,9.0,100.0,0.0,87.0,498022592.0,87.0,12091.0,100.0,0.0,100.0,9.0,,,,,100.0,0.0,100.0,0.0,,,63.0,37.0,,,100.0,163.0,100.0,745.0,37.0,37.0,100.0,0.0,100.0,0.0,200.0,0.0,100.0,11961.0,100.0,52914589872.0,100.0,121880493528.0
2019-08-27,ZJV03MHT,ST12000NM0007,12000138625024,0,84.0,234388808.0,90.0,0.0,100.0,9.0,100.0,0.0,87.0,498022592.0,87.0,12091.0,100.0,0.0,100.0,9.0,,,,,100.0,0.0,100.0,0.0,,,63.0,37.0,,,100.0,163.0,100.0,745.0,37.0,37.0,100.0,0.0,100.0,0.0,200.0,0.0,100.0,11961.0,100.0,52914589872.0,100.0,121880493528.0
2019-08-28,ZJV03MHT,ST12000NM0007,12000138625024,0,81.0,125414136.0,90.0,0.0,100.0,9.0,100.0,0.0,87.0,502369516.0,87.0,12123.0,100.0,0.0,100.0,9.0,,,,,100.0,0.0,100.0,0.0,,,63.0,37.0,,,100.0,164.0,100.0,746.0,37.0,37.0,100.0,0.0,100.0,0.0,200.0,0.0,100.0,11992.0,100.0,52982833416.0,100.0,122191556768.0
2019-08-29,ZJV03MHT,ST12000NM0007,12000138625024,0,78.0,63625040.0,90.0,0.0,100.0,9.0,100.0,0.0,87.0,505614458.0,87.0,12138.0,100.0,0.0,100.0,9.0,,,,,100.0,0.0,100.0,0.0,,,62.0,38.0,,,100.0,164.0,100.0,747.0,38.0,38.0,100.0,0.0,100.0,0.0,200.0,0.0,100.0,12008.0,100.0,53030361000.0,100.0,122326380784.0
2019-08-30,ZJV03MHT,ST12000NM0007,12000138625024,0,84.0,241718648.0,90.0,0.0,100.0,9.0,100.0,0.0,87.0,509872069.0,87.0,12170.0,100.0,0.0,100.0,9.0,,,,,100.0,0.0,100.0,0.0,,,63.0,37.0,,,100.0,164.0,100.0,748.0,37.0,37.0,100.0,0.0,100.0,0.0,200.0,0.0,100.0,12039.0,100.0,53085812464.0,100.0,122693163576.0
2019-08-31,ZJV03MHT,ST12000NM0007,12000138625024,0,83.0,193270976.0,90.0,0.0,100.0,9.0,100.0,0.0,87.0,512188811.0,87.0,12186.0,100.0,0.0,100.0,9.0,,,,,100.0,0.0,100.0,0.0,,,63.0,37.0,,,100.0,164.0,100.0,749.0,37.0,37.0,100.0,0.0,100.0,0.0,200.0,0.0,100.0,12055.0,100.0,53131576168.0,100.0,122843092848.0
2019-09-01,ZJV03MHT,ST12000NM0007,12000138625024,0,81.0,124416024.0,90.0,0.0,100.0,9.0,100.0,0.0,87.0,516509803.0,87.0,12217.0,100.0,0.0,100.0,9.0,,,,,100.0,0.0,100.0,0.0,,,63.0,37.0,,,100.0,164.0,100.0,750.0,37.0,37.0,100.0,0.0,100.0,0.0,200.0,0.0,100.0,12087.0,100.0,53214843800.0,100.0,123179251696.0
2019-09-02,ZJV03MHT,ST12000NM0007,12000138625024,0,81.0,124315608.0,90.0,0.0,100.0,9.0,100.0,0.0,87.0,519323093.0,87.0,12233.0,100.0,0.0,100.0,9.0,,,,,100.0,0.0,100.0,0.0,,,62.0,38.0,,,100.0,165.0,100.0,751.0,38.0,38.0,100.0,0.0,100.0,0.0,200.0,0.0,100.0,12102.0,100.0,53262275192.0,100.0,123375860552.0
2019-09-03,ZJV03MHT,ST12000NM0007,12000138625024,0,74.0,24405952.0,90.0,0.0,100.0,9.0,100.0,0.0,87.0,524378551.0,86.0,12265.0,100.0,0.0,100.0,9.0,,,,,100.0,0.0,100.0,0.0,,,63.0,37.0,,,100.0,165.0,100.0,752.0,37.0,37.0,100.0,0.0,100.0,0.0,200.0,0.0,100.0,12134.0,100.0,53368825136.0,100.0,123657682920.0
2019-09-04,ZJV03MHT,ST12000NM0007,12000138625024,0,83.0,199831976.0,90.0,0.0,100.0,9.0,100.0,0.0,87.0,526208789.0,86.0,12280.0,100.0,0.0,100.0,9.0,,,,,100.0,0.0,100.0,0.0,,,62.0,38.0,,,100.0,166.0,100.0,753.0,38.0,38.0,100.0,0.0,100.0,0.0,200.0,0.0,100.0,12149.0,100.0,53399824840.0,100.0,123802109240.0
2019-09-05,ZJV03MHT,ST12000NM0007,12000138625024,0,81.0,130361720.0,90.0,0.0,100.0,9.0,100.0,0.0,87.0,531886772.0,86.0,12312.0,100.0,0.0,100.0,9.0,,,,,100.0,0.0,100.0,0.0,,,63.0,37.0,,,100.0,167.0,100.0,754.0,37.0,37.0,100.0,0.0,100.0,0.0,200.0,0.0,100.0,12181.0,100.0,53511523928.0,100.0,124109221440.0
2019-09-06,ZJV03MHT,ST12000NM0007,12000138625024,0,78.0,69234648.0,90.0,0.0,100.0,9.0,100.0,0.0,87.0,533910491.0,86.0,12327.0,100.0,0.0,100.0,9.0,,,,,100.0,0.0,100.0,0.0,,,63.0,37.0,,,100.0,167.0,100.0,755.0,37.0,37.0,100.0,0.0,100.0,0.0,200.0,0.0,100.0,12196.0,100.0,53561642024.0,100.0,124242116968.0
2019-09-07,ZJV03MHT,ST12000NM0007,12000138625024,0,83.0,191261088.0,90.0,0.0,100.0,9.0,100.0,0.0,87.0,537892177.0,86.0,12359.0,100.0,0.0,100.0,9.0,,,,,100.0,0.0,100.0,0.0,,,64.0,36.0,,,100.0,168.0,100.0,756.0,36.0,36.0,100.0,0.0,100.0,0.0,200.0,0.0,100.0,12227.0,100.0,53623331568.0,100.0,124546594496.0
2019-09-08,ZJV03MHT,ST12000NM0007,12000138625024,0,81.0,125966744.0,90.0,0.0,100.0,9.0,100.0,0.0,87.0,539819290.0,86.0,12375.0,100.0,0.0,100.0,9.0,,,,,100.0,0.0,100.0,0.0,,,65.0,35.0,,,100.0,169.0,100.0,757.0,35.0,35.0,100.0,0.0,100.0,0.0,200.0,0.0,100.0,12243.0,100.0,53651347112.0,100.0,124697425376.0
2019-09-09,ZJV03MHT,ST12000NM0007,12000138625024,0,78.0,64018424.0,90.0,0.0,100.0,9.0,100.0,0.0,87.0,545608519.0,86.0,12406.0,100.0,0.0,100.0,9.0,,,,,100.0,0.0,100.0,0.0,,,65.0,35.0,,,100.0,169.0,100.0,758.0,35.0,35.0,100.0,0.0,100.0,0.0,200.0,0.0,100.0,12275.0,100.0,53745530544.0,100.0,125029575032.0
2019-09-10,ZJV03MHT,ST12000NM0007,12000138625024,0,73.0,17872600.0,90.0,0.0,100.0,9.0,100.0,0.0,87.0,548921725.0,86.0,12422.0,100.0,0.0,100.0,9.0,,,,,100.0,0.0,100.0,0.0,,,65.0,35.0,,,100.0,170.0,100.0,759.0,35.0,35.0,100.0,0.0,100.0,0.0,200.0,0.0,100.0,12291.0,100.0,53774808984.0,100.0,125198291456.0
2019-09-11,ZJV03MHT,ST12000NM0007,12000138625024,0,73.0,21446768.0,90.0,0.0,100.0,9.0,100.0,0.0,87.0,552943164.0,86.0,12454.0,100.0,0.0,100.0,9.0,,,,,100.0,0.0,100.0,0.0,,,65.0,35.0,,,100.0,170.0,100.0,760.0,35.0,35.0,100.0,0.0,100.0,0.0,200.0,0.0,100.0,12322.0,100.0,53830204904.0,100.0,125390610392.0
2019-09-12,ZJV03MHT,ST12000NM0007,12000138625024,0,81.0,130224016.0,90.0,0.0,100.0,9.0,100.0,0.0,87.0,557851977.0,86.0,12486.0,100.0,0.0,100.0,9.0,,,,,100.0,0.0,100.0,0.0,,,65.0,35.0,,,100.0,170.0,100.0,763.0,35.0,35.0,100.0,0.0,100.0,0.0,200.0,0.0,100.0,12353.0,100.0,53932535360.0,100.0,125641197840.0
2019-09-13,ZJV03MHT,ST12000NM0007,12000138625024,0,78.0,62911520.0,90.0,0.0,100.0,9.0,100.0,0.0,87.0,559800621.0,86.0,12501.0,100.0,0.0,100.0,9.0,,,,,100.0,0.0,100.0,0.0,,,64.0,36.0,,,100.0,170.0,100.0,763.0,36.0,36.0,100.0,0.0,100.0,0.0,200.0,0.0,100.0,12369.0,100.0,53962474032.0,100.0,125788087416.0
2019-09-14,ZJV03MHT,ST12000NM0007,12000138625024,0,76.0,35990264.0,90.0,0.0,100.0,9.0,100.0,0.0,88.0,564757286.0,86.0,12533.0,100.0,0.0,100.0,9.0,,,,,100.0,0.0,100.0,0.0,,,65.0,35.0,,,100.0,170.0,100.0,764.0,35.0,35.0,100.0,0.0,100.0,0.0,200.0,0.0,100.0,12401.0,100.0,54086657360.0,100.0,126125264328.0
2019-09-15,ZJV03MHT,ST12000NM0007,12000138625024,0,78.0,59224056.0,90.0,0.0,100.0,9.0,100.0,0.0,88.0,567795488.0,86.0,12549.0,100.0,0.0,100.0,9.0,,,,,100.0,0.0,100.0,0.0,,,63.0,37.0,,,100.0,170.0,100.0,765.0,37.0,37.0,100.0,0.0,100.0,0.0,200.0,0.0,100.0,12417.0,100.0,54154747424.0,100.0,126324549440.0
2019-09-16,ZJV03MHT,ST12000NM0007,12000138625024,0,80.0,91146400.0,90.0,0.0,100.0,9.0,100.0,0.0,88.0,574454334.0,86.0,12581.0,100.0,0.0,100.0,9.0,,,,,100.0,0.0,100.0,0.0,,,65.0,35.0,,,100.0,170.0,100.0,766.0,35.0,35.0,100.0,0.0,100.0,0.0,200.0,0.0,100.0,12448.0,100.0,54277888616.0,100.0,126721612072.0
2019-09-17,ZJV03MHT,ST12000NM0007,12000138625024,0,73.0,18235736.0,90.0,0.0,100.0,9.0,100.0,0.0,88.0,576369118.0,86.0,12597.0,100.0,0.0,100.0,9.0,,,,,100.0,0.0,100.0,0.0,,,65.0,35.0,,,100.0,170.0,100.0,767.0,35.0,35.0,100.0,0.0,100.0,0.0,200.0,0.0,100.0,12464.0,100.0,54311375752.0,100.0,126859355000.0
2019-09-18,ZJV03MHT,ST12000NM0007,12000138625024,0,84.0,230981472.0,90.0,0.0,100.0,9.0,100.0,0.0,88.0,578790132.0,86.0,12612.0,100.0,0.0,100.0,9.0,,,,,100.0,0.0,100.0,0.0,,,65.0,35.0,,,100.0,170.0,100.0,768.0,35.0,35.0,100.0,0.0,100.0,0.0,200.0,0.0,100.0,12480.0,100.0,54368546472.0,100.0,127014930016.0
2019-09-19,ZJV03MHT,ST12000NM0007,12000138625024,0,100.0,16384.0,90.0,0.0,100.0,9.0,100.0,0.0,88.0,583733013.0,86.0,12644.0,100.0,0.0,100.0,9.0,,,,,100.0,0.0,100.0,0.0,,,65.0,35.0,,,100.0,170.0,100.0,769.0,35.0,35.0,100.0,0.0,100.0,0.0,200.0,0.0,100.0,12511.0,100.0,54435874360.0,100.0,127204918616.0
2019-09-20,ZJV03MHT,ST12000NM0007,12000138625024,0,82.0,150971216.0,90.0,0.0,100.0,9.0,100.0,0.0,88.0,585638475.0,86.0,12660.0,100.0,0.0,100.0,9.0,,,,,100.0,0.0,100.0,0.0,,,65.0,35.0,,,100.0,170.0,100.0,770.0,35.0,35.0,100.0,0.0,100.0,0.0,200.0,0.0,100.0,12527.0,100.0,54469743360.0,100.0,127322004448.0
2019-09-21,ZJV03MHT,ST12000NM0007,12000138625024,0,79.0,84071688.0,90.0,0.0,100.0,9.0,100.0,0.0,88.0,590260470.0,86.0,12692.0,100.0,0.0,100.0,9.0,,,,,100.0,0.0,100.0,0.0,,,65.0,35.0,,,100.0,170.0,100.0,771.0,35.0,35.0,100.0,0.0,100.0,0.0,200.0,0.0,100.0,12559.0,100.0,54568619304.0,100.0,127644510616.0
2019-09-22,ZJV03MHT,ST12000NM0007,12000138625024,0,84.0,235938672.0,90.0,0.0,100.0,9.0,100.0,0.0,88.0,592141533.0,86.0,12708.0,100.0,0.0,100.0,9.0,,,,,100.0,0.0,100.0,0.0,,,65.0,35.0,,,100.0,170.0,100.0,772.0,35.0,35.0,100.0,0.0,100.0,0.0,200.0,0.0,100.0,12575.0,100.0,54598402728.0,100.0,127766594176.0
2019-09-23,ZJV03MHT,ST12000NM0007,12000138625024,0,83.0,205530840.0,90.0,0.0,100.0,9.0,100.0,0.0,88.0,596945204.0,86.0,12739.0,100.0,0.0,100.0,9.0,,,,,100.0,0.0,100.0,0.0,,,62.0,38.0,,,100.0,170.0,100.0,773.0,38.0,38.0,100.0,0.0,100.0,0.0,200.0,0.0,100.0,12606.0,100.0,54669897392.0,100.0,128152973216.0
2019-09-24,ZJV03MHT,ST12000NM0007,12000138625024,0,83.0,204359456.0,90.0,0.0,100.0,9.0,100.0,0.0,88.0,600111208.0,86.0,12755.0,100.0,0.0,100.0,9.0,,,,,100.0,0.0,100.0,0.0,,,63.0,37.0,,,100.0,170.0,100.0,774.0,37.0,37.0,100.0,0.0,100.0,0.0,200.0,0.0,100.0,12622.0,100.0,54697438792.0,100.0,128368401216.0
2019-09-25,ZJV03MHT,ST12000NM0007,12000138625024,0,80.0,91946384.0,90.0,0.0,100.0,9.0,100.0,0.0,88.0,604026500.0,86.0,12787.0,100.0,0.0,100.0,9.0,,,,,100.0,0.0,100.0,0.0,,,65.0,35.0,,,100.0,171.0,100.0,775.0,35.0,35.0,100.0,0.0,100.0,0.0,200.0,0.0,100.0,12653.0,100.0,54762055456.0,100.0,128679653080.0
2019-09-26,ZJV03MHT,ST12000NM0007,12000138625024,0,83.0,209654936.0,90.0,0.0,100.0,9.0,100.0,0.0,88.0,608872725.0,86.0,12818.0,100.0,0.0,100.0,9.0,,,,,100.0,0.0,100.0,0.0,,,62.0,38.0,,,100.0,172.0,100.0,776.0,38.0,38.0,100.0,0.0,100.0,0.0,200.0,0.0,100.0,12685.0,100.0,54816844920.0,100.0,128986712888.0
2019-09-27,ZJV03MHT,ST12000NM0007,12000138625024,0,82.0,155566760.0,90.0,0.0,100.0,9.0,100.0,0.0,88.0,610740937.0,86.0,12834.0,100.0,0.0,100.0,9.0,,,,,100.0,0.0,100.0,0.0,,,62.0,38.0,,,100.0,173.0,100.0,777.0,38.0,38.0,100.0,0.0,100.0,0.0,200.0,0.0,100.0,12700.0,100.0,54846067520.0,100.0,129147542832.0
2019-09-28,ZJV03MHT,ST12000NM0007,12000138625024,0,81.0,121128632.0,90.0,0.0,100.0,9.0,100.0,0.0,88.0,615179046.0,86.0,12866.0,100.0,0.0,100.0,9.0,,,,,100.0,0.0,100.0,0.0,,,61.0,39.0,,,100.0,174.0,100.0,778.0,39.0,39.0,100.0,0.0,100.0,0.0,200.0,0.0,100.0,12732.0,100.0,54928070784.0,100.0,129519383024.0
2019-09-29,ZJV03MHT,ST12000NM0007,12000138625024,0,80.0,91409896.0,90.0,0.0,100.0,9.0,100.0,0.0,88.0,617372048.0,86.0,12882.0,100.0,0.0,100.0,9.0,,,,,100.0,0.0,100.0,0.0,,,62.0,38.0,,,100.0,174.0,100.0,779.0,38.0,38.0,100.0,0.0,100.0,0.0,200.0,0.0,100.0,12748.0,100.0,54963070128.0,100.0,129698805632.0
2019-09-30,ZJV03MHT,ST12000NM0007,12000138625024,0,81.0,138551528.0,90.0,0.0,100.0,9.0,100.0,0.0,88.0,623609701.0,86.0,12913.0,100.0,0.0,100.0,9.0,,,,,100.0,0.0,100.0,0.0,,,62.0,38.0,,,100.0,175.0,100.0,780.0,38.0,38.0,100.0,0.0,100.0,0.0,200.0,0.0,100.0,12779.0,100.0,55066116896.0,100.0,130131182296.0
2019-10-01,ZJV03MHT,ST12000NM0007,12000138625024,0,80.0,111061136.0,90.0,0.0,100.0,9.0,100.0,0.0,88.0,625975519.0,86.0,12929.0,100.0,0.0,100.0,9.0,,,,,100.0,0.0,100.0,0.0,,,64.0,36.0,,,100.0,175.0,100.0,781.0,36.0,36.0,100.0,0.0,100.0,0.0,200.0,0.0,100.0,12795.0,100.0,55105758184.0,100.0,130308191424.0
2019-10-02,ZJV03MHT,ST12000NM0007,12000138625024,0,75.0,31791056.0,90.0,0.0,100.0,9.0,100.0,0.0,88.0,630139503.0,86.0,12961.0,100.0,0.0,100.0,9.0,,,,,100.0,0.0,100.0,0.0,,,63.0,37.0,,,100.0,175.0,100.0,782.0,37.0,37.0,100.0,0.0,100.0,0.0,200.0,0.0,100.0,12827.0,100.0,55157132760.0,100.0,130665828208.0
2019-10-03,ZJV03MHT,ST12000NM0007,12000138625024,0,81.0,116498088.0,90.0,0.0,100.0,9.0,100.0,0.0,88.0,631378558.0,86.0,12976.0,100.0,0.0,100.0,9.0,,,,,100.0,0.0,100.0,0.0,,,64.0,36.0,,,100.0,175.0,100.0,783.0,36.0,36.0,100.0,0.0,100.0,0.0,200.0,0.0,100.0,12842.0,100.0,55175878072.0,100.0,130731789928.0
2019-10-04,ZJV03MHT,ST12000NM0007,12000138625024,0,73.0,18737008.0,90.0,0.0,100.0,9.0,100.0,0.0,88.0,633708268.0,86.0,13008.0,100.0,0.0,100.0,9.0,,,,,100.0,0.0,100.0,0.0,,,65.0,35.0,,,100.0,175.0,100.0,784.0,35.0,35.0,100.0,0.0,100.0,0.0,200.0,0.0,100.0,12873.0,100.0,55199258312.0,100.0,130854789408.0
2019-10-05,ZJV03MHT,ST12000NM0007,12000138625024,0,81.0,129031472.0,90.0,0.0,100.0,9.0,100.0,0.0,88.0,636655476.0,86.0,13024.0,100.0,0.0,100.0,9.0,,,,,100.0,0.0,100.0,0.0,,,65.0,35.0,,,100.0,176.0,100.0,785.0,35.0,35.0,100.0,0.0,100.0,0.0,200.0,0.0,100.0,12889.0,100.0,55217582376.0,100.0,130946759808.0
2019-10-06,ZJV03MHT,ST12000NM0007,12000138625024,0,76.0,38127800.0,90.0,0.0,100.0,9.0,100.0,0.0,88.0,639113631.0,86.0,13055.0,100.0,0.0,100.0,9.0,,,,,100.0,0.0,100.0,0.0,,,64.0,36.0,,,100.0,176.0,100.0,786.0,36.0,36.0,100.0,0.0,100.0,0.0,200.0,0.0,100.0,12920.0,100.0,55239374168.0,100.0,131078204976.0
2019-10-07,ZJV03MHT,ST12000NM0007,12000138625024,0,81.0,136789256.0,90.0,0.0,100.0,9.0,100.0,0.0,88.0,640610020.0,86.0,13071.0,100.0,0.0,100.0,9.0,,,,,100.0,0.0,100.0,0.0,,,64.0,36.0,,,100.0,177.0,100.0,787.0,36.0,36.0,100.0,0.0,100.0,0.0,200.0,0.0,100.0,12936.0,100.0,55262628544.0,100.0,131153612056.0
2019-10-08,ZJV03MHT,ST12000NM0007,12000138625024,0,77.0,49823936.0,90.0,0.0,100.0,9.0,100.0,0.0,88.0,644575465.0,86.0,13102.0,100.0,0.0,100.0,9.0,,,,,100.0,0.0,100.0,0.0,,,64.0,36.0,,,100.0,177.0,100.0,788.0,36.0,36.0,100.0,0.0,100.0,0.0,200.0,0.0,100.0,12967.0,100.0,55304660816.0,100.0,131268755096.0
2019-10-09,ZJV03MHT,ST12000NM0007,12000138625024,0,81.0,122161104.0,90.0,0.0,100.0,9.0,100.0,0.0,88.0,646029519.0,86.0,13118.0,100.0,0.0,100.0,9.0,,,,,100.0,0.0,100.0,0.0,,,64.0,36.0,,,100.0,177.0,100.0,789.0,36.0,36.0,100.0,0.0,100.0,0.0,200.0,0.0,100.0,12983.0,100.0,55331493736.0,100.0,131314259344.0
2019-10-10,ZJV03MHT,ST12000NM0007,12000138625024,0,78.0,67033604.0,90.0,0.0,100.0,9.0,100.0,0.0,88.0,650033383.0,85.0,13150.0,100.0,0.0,100.0,9.0,,,,,100.0,0.0,100.0,0.0,,,76.0,24.0,,,100.0,178.0,100.0,797.0,24.0,24.0,100.0,0.0,100.0,0.0,200.0,0.0,100.0,13014.0,100.0,55375349864.0,100.0,131459416348.0
2019-10-11,ZJV03MHT,ST12000NM0007,12000138625024,0,82.0,153408694.0,90.0,0.0,100.0,9.0,100.0,0.0,88.0,651010659.0,85.0,13166.0,100.0,0.0,100.0,9.0,,,,,100.0,0.0,100.0,0.0,,,74.0,26.0,,,100.0,178.0,100.0,806.0,26.0,26.0,100.0,0.0,100.0,0.0,200.0,0.0,100.0,13028.0,100.0,55389148424.0,100.0,131531992878.0
2019-10-12,ZJV03MHT,ST12000NM0007,12000138625024,0,100.0,511336.0,90.0,0.0,100.0,10.0,100.0,0.0,88.0,652196726.0,85.0,13197.0,100.0,0.0,100.0,10.0,,,,,100.0,0.0,100.0,0.0,,,74.0,26.0,,,100.0,179.0,100.0,811.0,26.0,26.0,100.0,0.0,100.0,0.0,200.0,0.0,100.0,13059.0,100.0,55413788600.0,100.0,131598596176.0
2019-10-13,ZJV03MHT,ST12000NM0007,12000138625024,0,77.0,44988568.0,90.0,0.0,100.0,10.0,100.0,0.0,88.0,652855726.0,85.0,13213.0,100.0,0.0,100.0,10.0,,,,,100.0,0.0,100.0,0.0,,,74.0,26.0,,,100.0,179.0,100.0,811.0,26.0,26.0,100.0,0.0,100.0,0.0,200.0,0.0,100.0,13075.0,100.0,55429964992.0,100.0,131626897016.0
2019-10-14,ZJV03MHT,ST12000NM0007,12000138625024,0,83.0,185717816.0,90.0,0.0,100.0,10.0,100.0,0.0,88.0,655902972.0,85.0,13245.0,100.0,0.0,100.0,10.0,,,,,100.0,0.0,100.0,0.0,,,74.0,26.0,,,100.0,181.0,100.0,813.0,26.0,26.0,100.0,0.0,100.0,0.0,200.0,0.0,100.0,13107.0,100.0,55471515136.0,100.0,131726076120.0
2019-10-15,ZJV03MHT,ST12000NM0007,12000138625024,0,79.0,81827504.0,90.0,0.0,100.0,10.0,100.0,0.0,88.0,657790990.0,85.0,13292.0,100.0,0.0,100.0,10.0,,,,,100.0,0.0,100.0,0.0,,,63.0,37.0,,,100.0,183.0,100.0,815.0,37.0,37.0,100.0,0.0,100.0,0.0,200.0,0.0,100.0,13154.0,100.0,55515143128.0,100.0,131822698624.0
2019-10-16,ZJV03MHT,ST12000NM0007,12000138625024,0,79.0,81827504.0,90.0,0.0,100.0,10.0,100.0,0.0,88.0,657790990.0,85.0,13292.0,100.0,0.0,100.0,10.0,,,,,100.0,0.0,100.0,0.0,,,63.0,37.0,,,100.0,183.0,100.0,815.0,37.0,37.0,100.0,0.0,100.0,0.0,200.0,0.0,100.0,13154.0,100.0,55515143128.0,100.0,131822698624.0
2019-10-17,ZJV03MHT,ST12000NM0007,12000138625024,0,82.0,158117072.0,90.0,0.0,100.0,10.0,100.0,0.0,88.0,659217426.0,85.0,13308.0,100.0,0.0,100.0,10.0,,,,,100.0,0.0,100.0,0.0,,,63.0,37.0,,,100.0,183.0,100.0,815.0,37.0,37.0,100.0,0.0,100.0,0.0,200.0,0.0,100.0,13170.0,100.0,55534839576.0,100.0,131879291744.0
2019-10-18,ZJV03MHT,ST12000NM0007,12000138625024,0,84.0,232154488.0,90.0,0.0,100.0,10.0,100.0,0.0,88.0,660387534.0,85.0,13339.0,100.0,0.0,100.0,10.0,,,,,100.0,0.0,100.0,0.0,,,63.0,37.0,,,100.0,184.0,100.0,816.0,37.0,37.0,100.0,0.0,100.0,0.0,200.0,0.0,100.0,13201.0,100.0,55566511040.0,100.0,131921657696.0
2019-10-19,ZJV03MHT,ST12000NM0007,12000138625024,0,75.0,28772392.0,90.0,0.0,100.0,10.0,100.0,0.0,88.0,661025741.0,85.0,13355.0,100.0,0.0,100.0,10.0,,,,,100.0,0.0,100.0,0.0,,,63.0,37.0,,,100.0,185.0,100.0,817.0,37.0,37.0,100.0,0.0,100.0,0.0,200.0,0.0,100.0,13217.0,100.0,55581196000.0,100.0,131947731336.0
2019-10-20,ZJV03MHT,ST12000NM0007,12000138625024,0,82.0,145210850.0,90.0,0.0,100.0,11.0,100.0,0.0,88.0,663020012.0,85.0,13387.0,100.0,0.0,100.0,11.0,,,,,100.0,0.0,100.0,0.0,,,63.0,37.0,,,100.0,185.0,100.0,822.0,37.0,37.0,100.0,0.0,100.0,0.0,200.0,0.0,100.0,13248.0,100.0,55611723120.0,100.0,132033642674.0
2019-10-21,ZJV03MHT,ST12000NM0007,12000138625024,0,84.0,224671610.0,90.0,0.0,100.0,11.0,100.0,0.0,88.0,664350281.0,85.0,13403.0,100.0,0.0,100.0,11.0,,,,,100.0,0.0,100.0,0.0,,,63.0,37.0,,,100.0,185.0,100.0,822.0,37.0,37.0,100.0,0.0,100.0,0.0,200.0,0.0,100.0,13264.0,100.0,55628914672.0,100.0,132095911882.0
2019-10-22,ZJV03MHT,ST12000NM0007,12000138625024,0,81.0,138377248.0,90.0,0.0,100.0,11.0,100.0,0.0,88.0,668584532.0,85.0,13434.0,100.0,0.0,100.0,11.0,,,,,100.0,0.0,100.0,0.0,,,72.0,28.0,,,100.0,187.0,100.0,824.0,28.0,28.0,100.0,0.0,100.0,0.0,200.0,0.0,100.0,13295.0,100.0,55673063448.0,100.0,132209609418.0
2019-10-23,ZJV03MHT,ST12000NM0007,12000138625024,0,83.0,209009640.0,90.0,0.0,100.0,11.0,100.0,0.0,88.0,670154901.0,85.0,13450.0,100.0,0.0,100.0,11.0,,,,,100.0,0.0,100.0,0.0,,,73.0,27.0,,,100.0,187.0,100.0,824.0,27.0,27.0,100.0,0.0,100.0,0.0,200.0,0.0,100.0,13311.0,100.0,55705975744.0,100.0,132247329514.0
2019-10-24,ZJV03MHT,ST12000NM0007,12000138625024,0,82.0,157157128.0,90.0,0.0,100.0,11.0,100.0,0.0,88.0,676358062.0,85.0,13482.0,100.0,0.0,100.0,11.0,,,,,100.0,0.0,100.0,0.0,,,73.0,27.0,,,100.0,188.0,100.0,826.0,27.0,27.0,100.0,0.0,100.0,0.0,200.0,0.0,100.0,13343.0,100.0,55756238992.0,100.0,132389354394.0
2019-10-25,ZJV03MHT,ST12000NM0007,12000138625024,0,69.0,7283344.0,90.0,0.0,100.0,11.0,100.0,0.0,88.0,678554578.0,85.0,13513.0,100.0,0.0,100.0,11.0,,,,,100.0,0.0,100.0,0.0,,,73.0,27.0,,,100.0,189.0,100.0,829.0,27.0,27.0,100.0,0.0,100.0,0.0,200.0,0.0,100.0,13374.0,100.0,55790902344.0,100.0,132448957900.0
2019-10-26,ZJV03MHT,ST12000NM0007,12000138625024,0,77.0,55060440.0,90.0,0.0,100.0,11.0,100.0,0.0,88.0,679498421.0,85.0,13529.0,100.0,0.0,100.0,11.0,,,,,100.0,0.0,100.0,0.0,,,73.0,27.0,,,100.0,189.0,100.0,829.0,27.0,27.0,100.0,0.0,100.0,0.0,200.0,0.0,100.0,13390.0,100.0,55806810008.0,100.0,132480827332.0
2019-10-27,ZJV03MHT,ST12000NM0007,12000138625024,0,83.0,207578488.0,90.0,0.0,100.0,11.0,100.0,0.0,88.0,682153484.0,85.0,13561.0,100.0,0.0,100.0,11.0,,,,,100.0,0.0,100.0,0.0,,,72.0,28.0,,,100.0,191.0,100.0,831.0,28.0,28.0,100.0,0.0,100.0,0.0,200.0,0.0,100.0,13421.0,100.0,55861572808.0,100.0,132578582580.0
2019-10-28,ZJV03MHT,ST12000NM0007,12000138625024,0,78.0,66750856.0,90.0,0.0,100.0,11.0,100.0,0.0,88.0,684088907.0,85.0,13576.0,100.0,0.0,100.0,11.0,,,,,100.0,0.0,100.0,0.0,,,72.0,28.0,,,100.0,191.0,100.0,831.0,28.0,28.0,100.0,0.0,100.0,0.0,200.0,0.0,100.0,13437.0,100.0,55890983872.0,100.0,132652484548.0
2019-10-29,ZJV03MHT,ST12000NM0007,12000138625024,0,83.0,208855600.0,90.0,0.0,100.0,11.0,100.0,0.0,88.0,687197961.0,85.0,13608.0,100.0,0.0,100.0,11.0,,,,,100.0,0.0,100.0,0.0,,,74.0,26.0,,,100.0,192.0,100.0,833.0,26.0,26.0,100.0,0.0,100.0,0.0,200.0,0.0,100.0,13468.0,100.0,55950889760.0,100.0,132734683404.0
2019-10-30,ZJV03MHT,ST12000NM0007,12000138625024,0,77.0,49598696.0,90.0,0.0,100.0,11.0,100.0,0.0,88.0,688564840.0,85.0,13624.0,100.0,0.0,100.0,11.0,,,,,100.0,0.0,100.0,0.0,,,73.0,27.0,,,100.0,192.0,100.0,833.0,27.0,27.0,100.0,0.0,100.0,0.0,200.0,0.0,100.0,13483.0,100.0,55994911976.0,100.0,132775544940.0
2019-10-31,ZJV03MHT,ST12000NM0007,12000138625024,0,72.0,17221416.0,90.0,0.0,100.0,11.0,100.0,0.0,88.0,692960308.0,85.0,13655.0,100.0,0.0,100.0,11.0,,,,,100.0,0.0,100.0,0.0,,,74.0,26.0,,,100.0,193.0,100.0,835.0,26.0,26.0,100.0,0.0,100.0,0.0,200.0,0.0,100.0,13514.0,100.0,56070392368.0,100.0,132911828060.0
2019-11-01,ZJV03MHT,ST12000NM0007,12000138625024,0,82.0,145090856.0,90.0,0.0,100.0,11.0,100.0,0.0,88.0,694578230.0,85.0,13671.0,100.0,0.0,100.0,11.0,,,,,100.0,0.0,100.0,0.0,,,73.0,27.0,,,100.0,193.0,100.0,835.0,27.0,27.0,100.0,0.0,100.0,0.0,200.0,0.0,100.0,13530.0,100.0,56109119880.0,100.0,133000969988.0
2019-11-02,ZJV03MHT,ST12000NM0007,12000138625024,0,79.0,73982680.0,90.0,0.0,100.0,11.0,100.0,0.0,88.0,697234153.0,85.0,13702.0,100.0,0.0,100.0,11.0,,,,,100.0,0.0,100.0,0.0,,,74.0,26.0,,,100.0,194.0,100.0,837.0,26.0,26.0,100.0,0.0,100.0,0.0,200.0,0.0,100.0,13562.0,100.0,56186256088.0,100.0,133096866260.0
2019-11-03,ZJV03MHT,ST12000NM0007,12000138625024,0,82.0,155082592.0,90.0,0.0,100.0,11.0,100.0,0.0,88.0,698262165.0,85.0,13718.0,100.0,0.0,100.0,11.0,,,,,100.0,0.0,100.0,0.0,,,73.0,27.0,,,100.0,194.0,100.0,837.0,27.0,27.0,100.0,0.0,100.0,0.0,200.0,0.0,100.0,13577.0,100.0,56201556440.0,100.0,133162665820.0
2019-11-04,ZJV03MHT,ST12000NM0007,12000138625024,0,79.0,81175656.0,90.0,0.0,100.0,11.0,100.0,0.0,88.0,701809400.0,85.0,13750.0,100.0,0.0,100.0,11.0,,,,,100.0,0.0,100.0,0.0,,,74.0,26.0,,,100.0,195.0,100.0,839.0,26.0,26.0,100.0,0.0,100.0,0.0,200.0,0.0,100.0,13609.0,100.0,56244109040.0,100.0,133290346996.0
2019-11-05,ZJV03MHT,ST12000NM0007,12000138625024,0,83.0,190185176.0,90.0,0.0,100.0,11.0,100.0,0.0,88.0,703388672.0,85.0,13766.0,100.0,0.0,100.0,11.0,,,,,100.0,0.0,100.0,0.0,,,73.0,27.0,,,100.0,195.0,100.0,839.0,27.0,27.0,100.0,0.0,100.0,0.0,200.0,0.0,100.0,13624.0,100.0,56283852408.0,100.0,133359613148.0
2019-11-06,ZJV03MHT,ST12000NM0007,12000138625024,0,81.0,119353912.0,90.0,0.0,100.0,11.0,100.0,0.0,88.0,707098442.0,85.0,13797.0,100.0,0.0,100.0,11.0,,,,,100.0,0.0,100.0,0.0,,,64.0,36.0,,,100.0,196.0,100.0,841.0,36.0,36.0,100.0,0.0,100.0,0.0,200.0,0.0,100.0,13656.0,100.0,56335421928.0,100.0,133481353524.0
2019-11-07,ZJV03MHT,ST12000NM0007,12000138625024,0,83.0,215319416.0,90.0,0.0,100.0,11.0,100.0,0.0,89.0,708406510.0,85.0,13813.0,100.0,0.0,100.0,11.0,,,,,100.0,0.0,100.0,0.0,,,64.0,36.0,,,100.0,196.0,100.0,841.0,36.0,36.0,100.0,0.0,100.0,0.0,200.0,0.0,100.0,13672.0,100.0,56361213240.0,100.0,133551527716.0
2019-11-08,ZJV03MHT,ST12000NM0007,12000138625024,0,82.0,158636752.0,90.0,0.0,100.0,11.0,100.0,0.0,89.0,710981445.0,85.0,13845.0,100.0,0.0,100.0,11.0,,,,,100.0,0.0,100.0,0.0,,,65.0,35.0,,,100.0,196.0,100.0,842.0,35.0,35.0,100.0,0.0,100.0,0.0,200.0,0.0,100.0,13703.0,100.0,56421279392.0,100.0,133678920548.0
2019-11-09,ZJV03MHT,ST12000NM0007,12000138625024,0,81.0,124195512.0,90.0,0.0,100.0,11.0,100.0,0.0,89.0,713317600.0,85.0,13860.0,100.0,0.0,100.0,11.0,,,,,100.0,0.0,100.0,0.0,,,64.0,36.0,,,100.0,197.0,100.0,843.0,36.0,36.0,100.0,0.0,100.0,0.0,200.0,0.0,100.0,13719.0,100.0,56456316040.0,100.0,133853583316.0
2019-11-10,ZJV03MHT,ST12000NM0007,12000138625024,0,71.0,13353688.0,90.0,0.0,100.0,11.0,100.0,0.0,89.0,717479952.0,85.0,13892.0,100.0,0.0,100.0,11.0,,,,,100.0,0.0,100.0,0.0,,,64.0,36.0,,,100.0,197.0,100.0,844.0,36.0,36.0,100.0,0.0,100.0,0.0,200.0,0.0,100.0,13750.0,100.0,56495654528.0,100.0,134191684580.0
2019-11-11,ZJV03MHT,ST12000NM0007,12000138625024,0,65.0,3532968.0,90.0,0.0,100.0,11.0,100.0,0.0,89.0,719838235.0,85.0,13908.0,100.0,0.0,100.0,11.0,,,,,100.0,0.0,100.0,0.0,,,64.0,36.0,,,100.0,197.0,100.0,845.0,36.0,36.0,100.0,0.0,100.0,0.0,200.0,0.0,100.0,13765.0,100.0,56515726632.0,100.0,134405932428.0
2019-11-12,ZJV03MHT,ST12000NM0007,12000138625024,0,82.0,146273880.0,90.0,0.0,100.0,11.0,100.0,0.0,89.0,725411541.0,85.0,13939.0,100.0,0.0,100.0,11.0,,,,,100.0,0.0,100.0,0.0,,,72.0,28.0,,,100.0,198.0,100.0,846.0,28.0,28.0,100.0,0.0,100.0,0.0,200.0,0.0,100.0,13797.0,100.0,56559511728.0,100.0,134749029116.0
2019-11-13,ZJV03MHT,ST12000NM0007,12000138625024,0,84.0,239632426.0,90.0,0.0,100.0,12.0,100.0,0.0,89.0,729411597.0,85.0,13972.0,100.0,0.0,100.0,12.0,,,,,100.0,0.0,100.0,0.0,,,71.0,29.0,,,100.0,198.0,100.0,857.0,29.0,29.0,100.0,0.0,100.0,0.0,200.0,0.0,100.0,13828.0,100.0,56594211248.0,100.0,135051828880.0
2019-11-14,ZJV03MHT,ST12000NM0007,12000138625024,0,80.0,111625536.0,90.0,0.0,100.0,12.0,100.0,0.0,89.0,732957354.0,85.0,13988.0,100.0,0.0,100.0,12.0,,,,,100.0,0.0,100.0,0.0,,,71.0,29.0,,,100.0,198.0,100.0,857.0,29.0,29.0,100.0,0.0,100.0,0.0,200.0,0.0,100.0,13844.0,100.0,56620175344.0,100.0,135141998520.0
2019-11-15,ZJV03MHT,ST12000NM0007,12000138625024,0,77.0,51644352.0,90.0,0.0,100.0,12.0,100.0,0.0,89.0,735050262.0,85.0,14003.0,100.0,0.0,100.0,12.0,,,,,100.0,0.0,100.0,0.0,,,72.0,28.0,,,100.0,199.0,100.0,858.0,28.0,28.0,100.0,0.0,100.0,0.0,200.0,0.0,100.0,13859.0,100.0,56638235960.0,100.0,135308097448.0
2019-11-16,ZJV03MHT,ST12000NM0007,12000138625024,0,82.0,158406232.0,90.0,0.0,100.0,12.0,100.0,0.0,89.0,738054316.0,84.0,14035.0,100.0,0.0,100.0,12.0,,,,,100.0,0.0,100.0,0.0,,,72.0,28.0,,,100.0,200.0,100.0,859.0,28.0,28.0,100.0,0.0,100.0,0.0,200.0,0.0,100.0,13891.0,100.0,56681145344.0,100.0,135616090576.0
2019-11-17,ZJV03MHT,ST12000NM0007,12000138625024,0,81.0,135419048.0,90.0,0.0,100.0,12.0,100.0,0.0,89.0,739434314.0,84.0,14051.0,100.0,0.0,100.0,12.0,,,,,100.0,0.0,100.0,0.0,,,73.0,27.0,,,100.0,201.0,100.0,860.0,27.0,27.0,100.0,0.0,100.0,0.0,200.0,0.0,100.0,13906.0,100.0,56710978792.0,100.0,135807410888.0
2019-11-18,ZJV03MHT,ST12000NM0007,12000138625024,0,76.0,41583368.0,90.0,0.0,100.0,12.0,100.0,0.0,89.0,742609865.0,84.0,14082.0,100.0,0.0,100.0,12.0,,,,,100.0,0.0,100.0,0.0,,,72.0,28.0,,,100.0,201.0,100.0,861.0,28.0,28.0,100.0,0.0,100.0,0.0,200.0,0.0,100.0,13938.0,100.0,56732816944.0,100.0,136180018624.0
2019-11-19,ZJV03MHT,ST12000NM0007,12000138625024,0,83.0,216463368.0,90.0,0.0,100.0,12.0,100.0,0.0,89.0,746564611.0,84.0,14114.0,100.0,0.0,100.0,12.0,,,,,100.0,0.0,100.0,0.0,,,72.0,28.0,,,100.0,201.0,100.0,863.0,28.0,28.0,100.0,0.0,100.0,0.0,200.0,0.0,100.0,13969.0,100.0,56760778976.0,100.0,136571077344.0
2019-11-20,ZJV03MHT,ST12000NM0007,12000138625024,0,82.0,147356448.0,90.0,0.0,100.0,12.0,100.0,0.0,89.0,747688432.0,84.0,14130.0,100.0,0.0,100.0,12.0,,,,,100.0,0.0,100.0,0.0,,,73.0,27.0,,,100.0,201.0,100.0,863.0,27.0,27.0,100.0,0.0,100.0,0.0,200.0,0.0,100.0,13985.0,100.0,56769189592.0,100.0,136737700448.0
2019-11-21,ZJV03MHT,ST12000NM0007,12000138625024,0,79.0,73467376.0,90.0,0.0,100.0,12.0,100.0,0.0,89.0,749933801.0,84.0,14161.0,100.0,0.0,100.0,12.0,,,,,100.0,0.0,100.0,0.0,,,73.0,27.0,,,100.0,202.0,100.0,865.0,27.0,27.0,100.0,0.0,100.0,0.0,200.0,0.0,100.0,14016.0,100.0,56791075296.0,100.0,137130207032.0
2019-11-22,ZJV03MHT,ST12000NM0007,12000138625024,0,78.0,57980152.0,90.0,0.0,100.0,12.0,100.0,0.0,89.0,751077289.0,84.0,14177.0,100.0,0.0,100.0,12.0,,,,,100.0,0.0,100.0,0.0,,,73.0,27.0,,,100.0,202.0,100.0,865.0,27.0,27.0,100.0,0.0,100.0,0.0,200.0,0.0,100.0,14032.0,100.0,56801425992.0,100.0,137348509752.0
2019-11-23,ZJV03MHT,ST12000NM0007,12000138625024,0,83.0,212784232.0,90.0,0.0,100.0,12.0,100.0,0.0,89.0,753549320.0,84.0,14208.0,100.0,0.0,100.0,12.0,,,,,100.0,0.0,100.0,0.0,,,74.0,26.0,,,100.0,203.0,100.0,867.0,26.0,26.0,100.0,0.0,100.0,0.0,200.0,0.0,100.0,14064.0,100.0,56814554200.0,100.0,137734326312.0
2019-11-24,ZJV03MHT,ST12000NM0007,12000138625024,0,82.0,170439288.0,90.0,0.0,100.0,12.0,100.0,0.0,89.0,754549440.0,84.0,14224.0,100.0,0.0,100.0,12.0,,,,,100.0,0.0,100.0,0.0,,,74.0,26.0,,,100.0,203.0,100.0,867.0,26.0,26.0,100.0,0.0,100.0,0.0,200.0,0.0,100.0,14079.0,100.0,56814741960.0,100.0,137935934424.0
2019-11-25,ZJV03MHT,ST12000NM0007,12000138625024,0,82.0,153169032.0,90.0,0.0,100.0,12.0,100.0,0.0,89.0,758186944.0,84.0,14256.0,100.0,0.0,100.0,12.0,,,,,100.0,0.0,100.0,0.0,,,74.0,26.0,,,100.0,205.0,100.0,869.0,26.0,26.0,100.0,0.0,100.0,0.0,200.0,0.0,100.0,14111.0,100.0,56815239104.0,100.0,138406448584.0
2019-11-26,ZJV03MHT,ST12000NM0007,12000138625024,0,80.0,111358216.0,90.0,0.0,100.0,12.0,100.0,0.0,89.0,759189298.0,84.0,14272.0,100.0,0.0,100.0,12.0,,,,,100.0,0.0,100.0,0.0,,,66.0,34.0,,,100.0,205.0,100.0,869.0,34.0,34.0,100.0,0.0,100.0,0.0,200.0,0.0,100.0,14127.0,100.0,56815536600.0,100.0,138608481088.0
2019-11-27,ZJV03MHT,ST12000NM0007,12000138625024,0,75.0,35386880.0,90.0,0.0,100.0,12.0,100.0,0.0,89.0,760997357.0,84.0,14304.0,100.0,0.0,100.0,12.0,,,,,100.0,0.0,100.0,0.0,,,65.0,35.0,,,100.0,207.0,100.0,872.0,35.0,35.0,100.0,0.0,100.0,0.0,200.0,0.0,100.0,14158.0,100.0,56815912872.0,100.0,139020414928.0
2019-11-28,ZJV03MHT,ST12000NM0007,12000138625024,0,81.0,125770776.0,90.0,0.0,100.0,12.0,100.0,0.0,89.0,763108970.0,84.0,14319.0,100.0,0.0,100.0,12.0,,,,,100.0,0.0,100.0,0.0,,,64.0,36.0,,,100.0,207.0,100.0,872.0,36.0,36.0,100.0,0.0,100.0,0.0,200.0,0.0,100.0,14174.0,100.0,56816143968.0,100.0,139110567728.0
2019-11-29,ZJV03MHT,ST12000NM0007,12000138625024,0,84.0,224251584.0,90.0,0.0,100.0,12.0,100.0,0.0,89.0,764711701.0,84.0,14351.0,100.0,0.0,100.0,12.0,,,,,100.0,0.0,100.0,0.0,,,65.0,35.0,,,100.0,207.0,100.0,874.0,35.0,35.0,100.0,0.0,100.0,0.0,200.0,0.0,100.0,14205.0,100.0,56816559752.0,100.0,139452773456.0
2019-11-30,ZJV03MHT,ST12000NM0007,12000138625024,0,83.0,179867216.0,90.0,0.0,100.0,12.0,100.0,0.0,89.0,765785752.0,84.0,14367.0,100.0,0.0,100.0,12.0,,,,,100.0,0.0,100.0,0.0,,,64.0,36.0,,,100.0,207.0,100.0,874.0,36.0,36.0,100.0,0.0,100.0,0.0,200.0,0.0,100.0,14221.0,100.0,56816747728.0,100.0,139652342032.0
2019-12-01,ZJV03MHT,ST12000NM0007,12000138625024,0,80.0,94258912.0,90.0,0.0,100.0,12.0,100.0,0.0,89.0,767760589.0,84.0,14398.0,100.0,0.0,100.0,12.0,,,,,100.0,0.0,100.0,0.0,,,64.0,36.0,,,100.0,208.0,100.0,875.0,36.0,36.0,100.0,0.0,100.0,0.0,200.0,0.0,100.0,14252.0,100.0,56817110704.0,100.0,140054652368.0
2019-12-02,ZJV03MHT,ST12000NM0007,12000138625024,0,79.0,73500944.0,90.0,0.0,100.0,12.0,100.0,0.0,89.0,769009947.0,84.0,14414.0,100.0,0.0,100.0,12.0,,,,,100.0,0.0,100.0,0.0,,,63.0,37.0,,,100.0,209.0,100.0,876.0,37.0,37.0,100.0,0.0,100.0,0.0,200.0,0.0,100.0,14268.0,100.0,56817296112.0,100.0,140277849752.0
2019-12-03,ZJV03MHT,ST12000NM0007,12000138625024,0,83.0,212248632.0,90.0,0.0,100.0,12.0,100.0,0.0,89.0,771894433.0,84.0,14446.0,100.0,0.0,100.0,12.0,,,,,100.0,0.0,100.0,0.0,,,74.0,26.0,,,100.0,209.0,100.0,877.0,26.0,26.0,100.0,0.0,100.0,0.0,200.0,0.0,100.0,14300.0,100.0,56817665176.0,100.0,140660369216.0
2019-12-04,ZJV03MHT,ST12000NM0007,12000138625024,0,82.0,169191408.0,90.0,0.0,100.0,12.0,100.0,0.0,89.0,772683763.0,84.0,14462.0,100.0,0.0,100.0,12.0,,,,,100.0,0.0,100.0,0.0,,,74.0,26.0,,,100.0,210.0,100.0,878.0,26.0,26.0,100.0,0.0,100.0,0.0,200.0,0.0,100.0,14316.0,100.0,56817847648.0,100.0,140861270272.0
2019-12-05,ZJV03MHT,ST12000NM0007,12000138625024,0,74.0,23643936.0,90.0,0.0,100.0,12.0,100.0,0.0,89.0,775827417.0,84.0,14493.0,100.0,0.0,100.0,12.0,,,,,100.0,0.0,100.0,0.0,,,74.0,26.0,,,100.0,210.0,100.0,880.0,26.0,26.0,100.0,0.0,100.0,0.0,200.0,0.0,100.0,14347.0,100.0,56818128904.0,100.0,141203722904.0
2019-12-06,ZJV03MHT,ST12000NM0007,12000138625024,0,83.0,222886040.0,90.0,0.0,100.0,12.0,100.0,0.0,89.0,776715360.0,84.0,14509.0,100.0,0.0,100.0,12.0,,,,,100.0,0.0,100.0,0.0,,,74.0,26.0,,,100.0,211.0,100.0,881.0,26.0,26.0,100.0,0.0,100.0,0.0,200.0,0.0,100.0,14363.0,100.0,56818311472.0,100.0,141402782440.0
2019-12-07,ZJV03MHT,ST12000NM0007,12000138625024,0,82.0,167196000.0,90.0,0.0,100.0,12.0,100.0,0.0,89.0,778534181.0,84.0,14541.0,100.0,0.0,100.0,12.0,,,,,100.0,0.0,100.0,0.0,,,73.0,27.0,,,100.0,211.0,100.0,882.0,27.0,27.0,100.0,0.0,100.0,0.0,200.0,0.0,100.0,14394.0,100.0,56818679104.0,100.0,141835006064.0
2019-12-08,ZJV03MHT,ST12000NM0007,12000138625024,0,81.0,136059464.0,90.0,0.0,100.0,12.0,100.0,0.0,89.0,779364626.0,84.0,14557.0,100.0,0.0,100.0,12.0,,,,,100.0,0.0,100.0,0.0,,,74.0,26.0,,,100.0,212.0,100.0,883.0,26.0,26.0,100.0,0.0,100.0,0.0,200.0,0.0,100.0,14410.0,100.0,56818857240.0,100.0,142047832144.0
2019-12-09,ZJV03MHT,ST12000NM0007,12000138625024,0,83.0,194044192.0,90.0,0.0,100.0,12.0,100.0,0.0,89.0,782313662.0,84.0,14588.0,100.0,0.0,100.0,12.0,,,,,100.0,0.0,100.0,0.0,,,74.0,26.0,,,100.0,213.0,100.0,884.0,26.0,26.0,100.0,0.0,100.0,0.0,200.0,0.0,100.0,14441.0,100.0,56819209784.0,100.0,142349605088.0
2019-12-10,ZJV03MHT,ST12000NM0007,12000138625024,0,80.0,110168704.0,90.0,0.0,100.0,12.0,100.0,0.0,89.0,783003492.0,84.0,14604.0,100.0,0.0,100.0,12.0,,,,,100.0,0.0,100.0,0.0,,,73.0,27.0,,,100.0,213.0,100.0,885.0,27.0,27.0,100.0,0.0,100.0,0.0,200.0,0.0,100.0,14457.0,100.0,56819387232.0,100.0,142509692968.0
2019-12-11,ZJV03MHT,ST12000NM0007,12000138625024,0,83.0,200816216.0,90.0,0.0,100.0,12.0,100.0,0.0,89.0,784579107.0,84.0,14636.0,100.0,0.0,100.0,12.0,,,,,100.0,0.0,100.0,0.0,,,74.0,26.0,,,100.0,213.0,100.0,886.0,26.0,26.0,100.0,0.0,100.0,0.0,200.0,0.0,100.0,14489.0,100.0,56819744184.0,100.0,142844124344.0
2019-12-12,ZJV03MHT,ST12000NM0007,12000138625024,0,81.0,135807000.0,90.0,0.0,100.0,12.0,100.0,0.0,89.0,785320988.0,84.0,14651.0,100.0,0.0,100.0,12.0,,,,,100.0,0.0,100.0,0.0,,,74.0,26.0,,,100.0,213.0,100.0,887.0,26.0,26.0,100.0,0.0,100.0,0.0,200.0,0.0,100.0,14504.0,100.0,56819926960.0,100.0,143023073112.0
2019-12-13,ZJV03MHT,ST12000NM0007,12000138625024,0,73.0,17844992.0,90.0,0.0,100.0,12.0,100.0,0.0,89.0,786753091.0,84.0,14683.0,100.0,0.0,100.0,12.0,,,,,100.0,0.0,100.0,0.0,,,74.0,26.0,,,100.0,213.0,100.0,888.0,26.0,26.0,100.0,0.0,100.0,0.0,200.0,0.0,100.0,14536.0,100.0,56820286968.0,100.0,143393033040.0
2019-12-14,ZJV03MHT,ST12000NM0007,12000138625024,0,83.0,212184096.0,90.0,0.0,100.0,12.0,100.0,0.0,89.0,787493372.0,84.0,14699.0,100.0,0.0,100.0,12.0,,,,,100.0,0.0,100.0,0.0,,,74.0,26.0,,,100.0,214.0,100.0,889.0,26.0,26.0,100.0,0.0,100.0,0.0,200.0,0.0,100.0,14551.0,100.0,56820466208.0,100.0,143587192904.0
2019-12-15,ZJV03MHT,ST12000NM0007,12000138625024,0,80.0,94392152.0,90.0,0.0,100.0,12.0,100.0,0.0,89.0,789235508.0,84.0,14731.0,100.0,0.0,100.0,12.0,,,,,100.0,0.0,100.0,0.0,,,74.0,26.0,,,100.0,215.0,100.0,890.0,26.0,26.0,100.0,0.0,100.0,0.0,200.0,0.0,100.0,14583.0,100.0,56820826720.0,100.0,143957321720.0
2019-12-16,ZJV03MHT,ST12000NM0007,12000138625024,0,73.0,21037264.0,90.0,0.0,100.0,12.0,100.0,0.0,89.0,790357461.0,84.0,14747.0,100.0,0.0,100.0,12.0,,,,,100.0,0.0,100.0,0.0,,,73.0,27.0,,,100.0,216.0,100.0,891.0,27.0,27.0,100.0,0.0,100.0,0.0,200.0,0.0,100.0,14599.0,100.0,56821007080.0,100.0,144127927408.0
2019-12-17,ZJV03MHT,ST12000NM0007,12000138625024,0,82.0,174070088.0,90.0,0.0,100.0,12.0,100.0,0.0,89.0,793524294.0,84.0,14778.0,100.0,0.0,100.0,12.0,,,,,100.0,0.0,100.0,0.0,,,65.0,35.0,,,100.0,217.0,100.0,892.0,35.0,35.0,100.0,0.0,100.0,0.0,200.0,0.0,100.0,14630.0,100.0,56821363040.0,100.0,144524744920.0
2019-12-18,ZJV03MHT,ST12000NM0007,12000138625024,0,80.0,96791504.0,90.0,0.0,100.0,12.0,100.0,0.0,89.0,794228698.0,84.0,14794.0,100.0,0.0,100.0,12.0,,,,,100.0,0.0,100.0,0.0,,,65.0,35.0,,,100.0,218.0,100.0,893.0,35.0,35.0,100.0,0.0,100.0,0.0,200.0,0.0,100.0,14646.0,100.0,56821541672.0,100.0,144691428576.0
2019-12-19,ZJV03MHT,ST12000NM0007,12000138625024,0,71.0,12790920.0,90.0,0.0,100.0,12.0,100.0,0.0,89.0,795767859.0,84.0,14826.0,100.0,0.0,100.0,12.0,,,,,100.0,0.0,100.0,0.0,,,64.0,36.0,,,100.0,218.0,100.0,894.0,36.0,36.0,100.0,0.0,100.0,0.0,200.0,0.0,100.0,14677.0,100.0,56821900456.0,100.0,145095357096.0
2019-12-20,ZJV03MHT,ST12000NM0007,12000138625024,0,83.0,213486544.0,90.0,0.0,100.0,12.0,100.0,0.0,89.0,796527781.0,84.0,14842.0,100.0,0.0,100.0,12.0,,,,,100.0,0.0,100.0,0.0,,,65.0,35.0,,,100.0,219.0,100.0,895.0,35.0,35.0,100.0,0.0,100.0,0.0,200.0,0.0,100.0,14693.0,100.0,56822079808.0,100.0,145295873368.0
2019-12-21,ZJV03MHT,ST12000NM0007,12000138625024,0,79.0,88747594.0,90.0,0.0,100.0,12.0,100.0,0.0,89.0,797907050.0,84.0,14873.0,100.0,0.0,100.0,12.0,,,,,100.0,0.0,100.0,0.0,,,64.0,36.0,,,100.0,220.0,100.0,898.0,36.0,36.0,100.0,0.0,100.0,0.0,200.0,0.0,100.0,14724.0,100.0,56822436064.0,100.0,145659065354.0
2019-12-22,ZJV03MHT,ST12000NM0007,12000138625024,0,76.0,37719936.0,90.0,0.0,100.0,12.0,100.0,0.0,89.0,798707537.0,84.0,14889.0,100.0,0.0,100.0,12.0,,,,,100.0,0.0,100.0,0.0,,,64.0,36.0,,,100.0,220.0,100.0,898.0,36.0,36.0,100.0,0.0,100.0,0.0,200.0,0.0,100.0,14740.0,100.0,56822610344.0,100.0,145852004210.0
2019-12-23,ZJV03MHT,ST12000NM0007,12000138625024,0,83.0,201401008.0,90.0,0.0,100.0,12.0,100.0,0.0,89.0,800685827.0,83.0,14921.0,100.0,0.0,100.0,12.0,,,,,100.0,0.0,100.0,0.0,,,65.0,35.0,,,100.0,221.0,100.0,900.0,35.0,35.0,100.0,0.0,100.0,0.0,200.0,0.0,100.0,14772.0,100.0,56822960416.0,100.0,146259475850.0
2019-12-24,ZJV03MHT,ST12000NM0007,12000138625024,0,81.0,137960536.0,90.0,0.0,100.0,12.0,100.0,0.0,89.0,801484039.0,83.0,14937.0,100.0,0.0,100.0,12.0,,,,,100.0,0.0,100.0,0.0,,,65.0,35.0,,,100.0,221.0,100.0,900.0,35.0,35.0,100.0,0.0,100.0,0.0,200.0,0.0,100.0,14787.0,100.0,56823134096.0,100.0,146440002514.0
2019-12-25,ZJV03MHT,ST12000NM0007,12000138625024,0,73.0,22176568.0,90.0,0.0,100.0,12.0,100.0,0.0,89.0,803155528.0,83.0,14968.0,100.0,0.0,100.0,12.0,,,,,100.0,0.0,100.0,0.0,,,73.0,27.0,,,100.0,223.0,100.0,902.0,27.0,27.0,100.0,0.0,100.0,0.0,200.0,0.0,100.0,14819.0,100.0,56823479720.0,100.0,146812154722.0
2019-12-26,ZJV03MHT,ST12000NM0007,12000138625024,0,81.0,139211984.0,90.0,0.0,100.0,12.0,100.0,0.0,89.0,803808940.0,83.0,14984.0,100.0,0.0,100.0,12.0,,,,,100.0,0.0,100.0,0.0,,,73.0,27.0,,,100.0,223.0,100.0,902.0,27.0,27.0,100.0,0.0,100.0,0.0,200.0,0.0,100.0,14835.0,100.0,56823652696.0,100.0,146929017162.0
2019-12-27,ZJV03MHT,ST12000NM0007,12000138625024,0,82.0,159504488.0,90.0,0.0,100.0,12.0,100.0,0.0,89.0,805243063.0,83.0,15015.0,100.0,0.0,100.0,12.0,,,,,100.0,0.0,100.0,0.0,,,73.0,27.0,,,100.0,225.0,100.0,904.0,27.0,27.0,100.0,0.0,100.0,0.0,200.0,0.0,100.0,14866.0,100.0,56824000400.0,100.0,147193102882.0
2019-12-28,ZJV03MHT,ST12000NM0007,12000138625024,0,83.0,206932264.0,90.0,0.0,100.0,12.0,100.0,0.0,89.0,807165610.0,83.0,15047.0,100.0,0.0,100.0,12.0,,,,,100.0,0.0,100.0,0.0,,,74.0,26.0,,,100.0,225.0,100.0,905.0,26.0,26.0,100.0,0.0,100.0,0.0,200.0,0.0,100.0,14897.0,100.0,56824346136.0,100.0,147484325650.0
2019-12-29,ZJV03MHT,ST12000NM0007,12000138625024,0,81.0,122550144.0,90.0,0.0,100.0,12.0,100.0,0.0,89.0,808121158.0,83.0,15062.0,100.0,0.0,100.0,12.0,,,,,100.0,0.0,100.0,0.0,,,74.0,26.0,,,100.0,225.0,100.0,906.0,26.0,26.0,100.0,0.0,100.0,0.0,200.0,0.0,100.0,14913.0,100.0,56824519464.0,100.0,147643911130.0
2019-12-30,ZJV03MHT,ST12000NM0007,12000138625024,0,84.0,230732448.0,90.0,0.0,100.0,12.0,100.0,0.0,89.0,810354912.0,83.0,15094.0,100.0,0.0,100.0,12.0,,,,,100.0,0.0,100.0,0.0,,,73.0,27.0,,,100.0,226.0,100.0,907.0,27.0,27.0,100.0,0.0,100.0,0.0,200.0,0.0,100.0,14944.0,100.0,56824867128.0,100.0,147995886426.0
2019-12-31,ZJV03MHT,ST12000NM0007,12000138625024,0,83.0,191755512.0,90.0,0.0,100.0,12.0,100.0,0.0,89.0,811691947.0,83.0,15110.0,100.0,0.0,100.0,12.0,,,,,100.0,0.0,100.0,0.0,,,74.0,26.0,,,100.0,227.0,100.0,908.0,26.0,26.0,100.0,0.0,100.0,0.0,200.0,0.0,100.0,14960.0,100.0,56825040208.0,100.0,148200877306.0
