2019-03-02,ZJV1ZZQ2,ST12000NM0007,12000138625024,0,81.0,140243872.0,99.0,0.0,100.0,1.0,100.0,0.0,62.0,1656541.0,100.0,79.0,100.0,0.0,100.0,1.0,,,,,100.0,0.0,100.0,0.0,,,70.0,30.0,,,100.0,0.0,100.0,145.0,30.0,30.0,100.0,0.0,100.0,0.0,200.0,0.0,100.0,29.0,100.0,606425096.0,100.0,266249546.0
2019-03-03,ZJV1ZZQ2,ST12000NM0007,12000138625024,0,83.0,223032296.0,99.0,0.0,100.0,1.0,100.0,0.0,63.0,2008789.0,100.0,104.0,100.0,0.0,100.0,1.0,,,,,100.0,0.0,100.0,0.0,,,70.0,30.0,,,100.0,1.0,100.0,146.0,30.0,30.0,100.0,0.0,100.0,0.0,200.0,0.0,100.0,53.0,100.0,688974696.0,100.0,266488370.0
2019-03-04,ZJV1ZZQ2,ST12000NM0007,12000138625024,0,83,223280888,99.0,0.0,100.0,1.0,100.0,0.0,63.0,2032845.0,100,128,100.0,0.0,100,1,,,,,100.0,0.0,100.0,0.0,,,70.0,30.0,,,100,2,100.0,147.0,30,30,100.0,0.0,100.0,0.0,200.0,0.0,100.0,78.0,100.0,688984720.0,100.0,266726938.0
2019-03-05,ZJV1ZZQ2,ST12000NM0007,12000138625024,0,83.0,223515336.0,99.0,0.0,100.0,1.0,100.0,0.0,63.0,2055399.0,100.0,152.0,100.0,0.0,100.0,1.0,,,,,100.0,0.0,100.0,0.0,,,69.0,31.0,,,100.0,3.0,100.0,148.0,31.0,31.0,100.0,0.0,100.0,0.0,200.0,0.0,100.0,101.0,100.0,688994464.0,100.0,266951642.0
2019-03-06,ZJV1ZZQ2,ST12000NM0007,12000138625024,0,83.0,223773192.0,99.0,0.0,100.0,1.0,100.0,0.0,63.0,2079478.0,100.0,176.0,100.0,0.0,100.0,1.0,,,,,100.0,0.0,100.0,0.0,,,70.0,30.0,,,100.0,4.0,100.0,149.0,30.0,30.0,100.0,0.0,100.0,0.0,200.0,0.0,100.0,126.0,100.0,689004592.0,100.0,267199370.0
2019-03-07,ZJV1ZZQ2,ST12000NM0007,12000138625024,0,84.0,223916080.0,99.0,0.0,100.0,1.0,100.0,0.0,63.0,2092707.0,100.0,190.0,100.0,0.0,100.0,1.0,,,,,100.0,0.0,100.0,0.0,,,70.0,30.0,,,100.0,4.0,100.0,149.0,30.0,30.0,100.0,0.0,100.0,0.0,200.0,0.0,100.0,139.0,100.0,689009616.0,100.0,267337234.0
2019-03-08,ZJV1ZZQ2,ST12000NM0007,12000138625024,0,84.0,223982152.0,99.0,0.0,100.0,1.0,100.0,0.0,63.0,2101764.0,100.0,216.0,100.0,0.0,100.0,1.0,,,,,100.0,0.0,100.0,0.0,,,73.0,27.0,,,100.0,4.0,100.0,310.0,27.0,27.0,100.0,0.0,100.0,0.0,200.0,0.0,100.0,140.0,100.0,689026352.0,100.0,267386570.0
2019-03-09,ZJV1ZZQ2,ST12000NM0007,12000138625024,0,84.0,224000976.0,99.0,0.0,100.0,1.0,100.0,0.0,63.0,2106512.0,100.0,232.0,100.0,0.0,100.0,1.0,,,,,100.0,0.0,100.0,0.0,,,73.0,27.0,,,100.0,4.0,100.0,400.0,27.0,27.0,100.0,0.0,100.0,0.0,200.0,0.0,100.0,140.0,100.0,689033352.0,100.0,267398394.0
2019-03-10,ZJV1ZZQ2,ST12000NM0007,12000138625024,0,84.0,224035320.0,99.0,0.0,100.0,1.0,100.0,0.0,63.0,2116153.0,100.0,263.0,100.0,0.0,100.0,1.0,,,,,100.0,0.0,100.0,0.0,,,70.0,30.0,,,100.0,4.0,100.0,588.0,30.0,30.0,100.0,0.0,100.0,0.0,200.0,0.0,100.0,141.0,100.0,689045248.0,100.0,267420842.0
2019-03-11,ZJV1ZZQ2,ST12000NM0007,12000138625024,0,84.0,224071320.0,99.0,0.0,100.0,1.0,100.0,0.0,63.0,2125874.0,100.0,294.0,100.0,0.0,100.0,1.0,,,,,100.0,0.0,100.0,0.0,,,69.0,31.0,,,100.0,4.0,100.0,778.0,31.0,31.0,100.0,0.0,100.0,0.0,200.0,0.0,100.0,141.0,100.0,689058800.0,100.0,267443290.0
2019-03-12,ZJV1ZZQ2,ST12000NM0007,12000138625024,0,84.0,224088384.0,99.0,0.0,100.0,1.0,100.0,0.0,63.0,2130812.0,100.0,310.0,100.0,0.0,100.0,1.0,,,,,100.0,0.0,100.0,0.0,,,70.0,30.0,,,100.0,4.0,100.0,873.0,30.0,30.0,100.0,0.0,100.0,0.0,200.0,0.0,100.0,142.0,100.0,689064640.0,100.0,267454514.0
2019-03-13,ZJV1ZZQ2,ST12000NM0007,12000138625024,0,84.0,224125840.0,99.0,0.0,100.0,1.0,100.0,0.0,63.0,2140447.0,100.0,341.0,100.0,0.0,100.0,1.0,,,,,100.0,0.0,100.0,0.0,,,70.0,30.0,,,100.0,4.0,100.0,1059.0,30.0,30.0,100.0,0.0,100.0,0.0,200.0,0.0,100.0,142.0,100.0,689077848.0,100.0,267478762.0
2019-03-14,ZJV1ZZQ2,ST12000NM0007,12000138625024,0,84.0,224145352.0,99.0,0.0,100.0,1.0,100.0,0.0,63.0,2145416.0,100.0,357.0,100.0,0.0,100.0,1.0,,,,,100.0,0.0,100.0,0.0,,,70.0,30.0,,,100.0,4.0,100.0,1151.0,30.0,30.0,100.0,0.0,100.0,0.0,200.0,0.0,100.0,143.0,100.0,689084928.0,100.0,267491194.0
2019-03-15,ZJV1ZZQ2,ST12000NM0007,12000138625024,0,74.0,27057472.0,99.0,0.0,100.0,1.0,100.0,0.0,67.0,5060422.0,100.0,388.0,100.0,0.0,100.0,1.0,,,,,100.0,0.0,100.0,0.0,,,64.0,36.0,,,100.0,4.0,100.0,1183.0,36.0,36.0,100.0,0.0,100.0,0.0,200.0,0.0,100.0,169.0,100.0,1009411184.0,100.0,482503818.0
2019-03-16,ZJV1ZZQ2,ST12000NM0007,12000138625024,0,80.0,98516000.0,99.0,0.0,100.0,1.0,100.0,0.0,68.0,6898157.0,100.0,404.0,100.0,0.0,100.0,1.0,,,,,100.0,0.0,100.0,0.0,,,65.0,35.0,,,100.0,4.0,100.0,1183.0,35.0,35.0,100.0,0.0,100.0,0.0,200.0,0.0,100.0,185.0,100.0,1197775200.0,100.0,609739098.0
2019-03-17,ZJV1ZZQ2,ST12000NM0007,12000138625024,0,79.0,76346248.0,99.0,0.0,100.0,1.0,100.0,0.0,69.0,7917976.0,100.0,436.0,100.0,0.0,100.0,1.0,,,,,100.0,0.0,100.0,0.0,,,66.0,34.0,,,100.0,6.0,100.0,1185.0,34.0,34.0,100.0,0.0,100.0,0.0,200.0,0.0,100.0,216.0,100.0,1228124400.0,100.0,801360802.0
2019-03-18,ZJV1ZZQ2,ST12000NM0007,12000138625024,0,83.0,182106928.0,99.0,0.0,100.0,1.0,100.0,0.0,69.0,8329113.0,100.0,451.0,100.0,0.0,100.0,1.0,,,,,100.0,0.0,100.0,0.0,,,67.0,33.0,,,100.0,6.0,100.0,1185.0,33.0,33.0,100.0,0.0,100.0,0.0,200.0,0.0,100.0,232.0,100.0,1238374384.0,100.0,896871498.0
2019-03-19,ZJV1ZZQ2,ST12000NM0007,12000138625024,0,82.0,143221192.0,99.0,0.0,100.0,1.0,100.0,0.0,70.0,9258400.0,100.0,483.0,100.0,0.0,100.0,1.0,,,,,100.0,0.0,100.0,0.0,,,66.0,34.0,,,100.0,8.0,100.0,1187.0,34.0,34.0,100.0,0.0,100.0,0.0,200.0,0.0,100.0,264.0,100.0,1256917504.0,100.0,1083583906.0
2019-03-20,ZJV1ZZQ2,ST12000NM0007,12000138625024,0,84.0,235540864.0,99.0,0.0,100.0,1.0,100.0,0.0,70.0,9705933.0,100.0,499.0,100.0,0.0,100.0,1.0,,,,,100.0,0.0,100.0,0.0,,,66.0,34.0,,,100.0,8.0,100.0,1187.0,34.0,34.0,100.0,0.0,100.0,0.0,200.0,0.0,100.0,279.0,100.0,1263772560.0,100.0,1169048522.0
2019-03-21,ZJV1ZZQ2,ST12000NM0007,12000138625024,0,74.0,23713536.0,99.0,0.0,100.0,1.0,100.0,0.0,71.0,12758774.0,100.0,531.0,100.0,0.0,100.0,1.0,,,,,100.0,0.0,100.0,0.0,,,62.0,38.0,,,100.0,9.0,100.0,1191.0,38.0,38.0,100.0,0.0,100.0,0.0,200.0,0.0,100.0,311.0,100.0,1541334816.0,100.0,1412081696.0
2019-03-22,ZJV1ZZQ2,ST12000NM0007,12000138625024,0,79.0,76451916.0,96.0,0.0,100.0,3.0,100.0,0.0,72.0,14568639.0,100.0,548.0,100.0,0.0,100.0,3.0,,,,,100.0,0.0,100.0,0.0,,,63.0,37.0,,,100.0,9.0,100.0,1194.0,37.0,37.0,100.0,0.0,100.0,0.0,200.0,0.0,100.0,326.0,100.0,1714482472.0,100.0,1535813932.0
2019-03-23,ZJV1ZZQ2,ST12000NM0007,12000138625024,0,82.0,173632740.0,92.0,0.0,100.0,6.0,100.0,0.0,73.0,18012328.0,100.0,581.0,100.0,0.0,100.0,6.0,,,,,100.0,0.0,100.0,0.0,,,65.0,35.0,,,100.0,9.0,100.0,1204.0,35.0,35.0,100.0,0.0,100.0,0.0,200.0,0.0,100.0,357.0,100.0,2027224568.0,100.0,1808534716.0
2019-03-24,ZJV1ZZQ2,ST12000NM0007,12000138625024,0,80.0,100844240.0,92.0,0.0,100.0,6.0,100.0,0.0,73.0,19658451.0,100.0,597.0,100.0,0.0,100.0,6.0,,,,,100.0,0.0,100.0,0.0,,,65.0,35.0,,,100.0,9.0,100.0,1205.0,35.0,35.0,100.0,0.0,100.0,0.0,200.0,0.0,100.0,373.0,100.0,2258390664.0,100.0,1992862542.0
2019-03-25,ZJV1ZZQ2,ST12000NM0007,12000138625024,0,83.0,214570920.0,92.0,0.0,100.0,6.0,100.0,0.0,74.0,22922418.0,100.0,628.0,100.0,0.0,100.0,6.0,,,,,100.0,0.0,100.0,0.0,,,65.0,35.0,,,100.0,9.0,100.0,1206.0,35.0,35.0,100.0,0.0,100.0,0.0,200.0,0.0,100.0,405.0,100.0,2755340568.0,100.0,2342062190.0
2019-03-26,ZJV1ZZQ2,ST12000NM0007,12000138625024,0,82.0,171977224.0,92.0,0.0,100.0,6.0,100.0,0.0,74.0,24538931.0,100.0,644.0,100.0,0.0,100.0,6.0,,,,,100.0,0.0,100.0,0.0,,,64.0,36.0,,,100.0,9.0,100.0,1207.0,36.0,36.0,100.0,0.0,100.0,0.0,200.0,0.0,100.0,421.0,100.0,3012848744.0,100.0,2530241886.0
2019-03-27,ZJV1ZZQ2,ST12000NM0007,12000138625024,0,80.0,92339632.0,92.0,0.0,100.0,6.0,100.0,0.0,74.0,27989082.0,100.0,676.0,100.0,0.0,100.0,6.0,,,,,100.0,0.0,100.0,0.0,,,64.0,36.0,,,100.0,9.0,100.0,1208.0,36.0,36.0,100.0,0.0,100.0,0.0,200.0,0.0,100.0,452.0,100.0,3559033608.0,100.0,2880983390.0
2019-03-28,ZJV1ZZQ2,ST12000NM0007,12000138625024,0,79.0,74682672.0,92.0,0.0,100.0,6.0,100.0,0.0,75.0,29773026.0,100.0,692.0,100.0,0.0,100.0,6.0,,,,,100.0,0.0,100.0,0.0,,,64.0,36.0,,,100.0,9.0,100.0,1209.0,36.0,36.0,100.0,0.0,100.0,0.0,200.0,0.0,100.0,468.0,100.0,3829535976.0,100.0,3081105862.0
2019-03-29,ZJV1ZZQ2,ST12000NM0007,12000138625024,0,73.0,22204360.0,92.0,0.0,100.0,6.0,100.0,0.0,75.0,33449830.0,100.0,723.0,100.0,0.0,100.0,6.0,,,,,100.0,0.0,100.0,0.0,,,68.0,32.0,,,100.0,9.0,100.0,1210.0,32.0,32.0,100.0,0.0,100.0,0.0,200.0,0.0,100.0,500.0,100.0,4291923424.0,100.0,3542803094.0
2019-03-30,ZJV1ZZQ2,ST12000NM0007,12000138625024,0,83.0,200736040.0,92.0,0.0,100.0,6.0,100.0,0.0,75.0,35224327.0,100.0,739.0,100.0,0.0,100.0,6.0,,,,,100.0,0.0,100.0,0.0,,,68.0,32.0,,,100.0,9.0,100.0,1211.0,32.0,32.0,100.0,0.0,100.0,0.0,200.0,0.0,100.0,516.0,100.0,4532266312.0,100.0,3725133606.0
2019-03-31,ZJV1ZZQ2,ST12000NM0007,12000138625024,0,81.0,114267680.0,92.0,0.0,100.0,6.0,100.0,0.0,76.0,38843545.0,100.0,771.0,100.0,0.0,100.0,6.0,,,,,100.0,0.0,100.0,0.0,,,69.0,31.0,,,100.0,10.0,100.0,1213.0,31.0,31.0,100.0,0.0,100.0,0.0,200.0,0.0,100.0,547.0,100.0,5002858968.0,100.0,4144635902.0
2019-04-01,ZJV1ZZQ2,ST12000NM0007,12000138625024,0,80.0,90764352.0,92.0,0.0,100.0,6.0,100.0,0.0,76.0,40712555.0,100.0,787.0,100.0,0.0,100.0,6.0,,,,,100.0,0.0,100.0,0.0,,,68.0,32.0,,,100.0,10.0,100.0,1213.0,32.0,32.0,100.0,0.0,100.0,0.0,200.0,0.0,100.0,563.0,100.0,5266619496.0,100.0,4345654366.0
2019-04-02,ZJV1ZZQ2,ST12000NM0007,12000138625024,0,79.0,87055936.0,92.0,0.0,100.0,6.0,100.0,0.0,76.0,44602857.0,100.0,819.0,100.0,0.0,100.0,6.0,,,,,100.0,0.0,100.0,0.0,,,69.0,31.0,,,100.0,12.0,100.0,1215.0,31.0,31.0,100.0,0.0,100.0,0.0,200.0,0.0,100.0,594.0,100.0,5803949040.0,100.0,4781179214.0
2019-04-03,ZJV1ZZQ2,ST12000NM0007,12000138625024,0,76.0,37263696.0,92.0,0.0,100.0,6.0,100.0,0.0,77.0,46431015.0,100.0,834.0,100.0,0.0,100.0,6.0,,,,,100.0,0.0,100.0,0.0,,,69.0,31.0,,,100.0,12.0,100.0,1215.0,31.0,31.0,100.0,0.0,100.0,0.0,200.0,0.0,100.0,610.0,100.0,6040685496.0,100.0,4982933782.0
2019-04-04,ZJV1ZZQ2,ST12000NM0007,12000138625024,0,82.0,146217640.0,92.0,0.0,100.0,6.0,100.0,0.0,77.0,49964681.0,100.0,866.0,100.0,0.0,100.0,6.0,,,,,100.0,0.0,100.0,0.0,,,69.0,31.0,,,100.0,12.0,100.0,1217.0,31.0,31.0,100.0,0.0,100.0,0.0,200.0,0.0,100.0,641.0,100.0,6524742776.0,100.0,5340252862.0
2019-04-05,ZJV1ZZQ2,ST12000NM0007,12000138625024,0,78.0,56318728.0,92.0,0.0,100.0,6.0,100.0,0.0,77.0,51657546.0,99.0,882.0,100.0,0.0,100.0,6.0,,,,,100.0,0.0,100.0,0.0,,,68.0,32.0,,,100.0,12.0,100.0,1217.0,32.0,32.0,100.0,0.0,100.0,0.0,200.0,0.0,100.0,657.0,100.0,6725492392.0,100.0,5537887126.0
2019-04-06,ZJV1ZZQ2,ST12000NM0007,12000138625024,0,82.0,163720800.0,92.0,0.0,100.0,6.0,100.0,0.0,77.0,55153736.0,99.0,914.0,100.0,0.0,100.0,6.0,,,,,100.0,0.0,100.0,0.0,,,69.0,31.0,,,100.0,13.0,100.0,1219.0,31.0,31.0,100.0,0.0,100.0,0.0,200.0,0.0,100.0,689.0,100.0,7203063672.0,100.0,5900141862.0
2019-04-07,ZJV1ZZQ2,ST12000NM0007,12000138625024,0,78.0,64619336.0,92.0,0.0,100.0,6.0,100.0,0.0,78.0,56879429.0,99.0,930.0,100.0,0.0,100.0,6.0,,,,,100.0,0.0,100.0,0.0,,,69.0,31.0,,,100.0,13.0,100.0,1219.0,31.0,31.0,100.0,0.0,100.0,0.0,200.0,0.0,100.0,705.0,100.0,7412711400.0,100.0,6079674286.0
2019-04-08,ZJV1ZZQ2,ST12000NM0007,12000138625024,0,81.0,122849440.0,92.0,0.0,100.0,6.0,100.0,0.0,78.0,60374894.0,99.0,961.0,100.0,0.0,100.0,6.0,,,,,100.0,0.0,100.0,0.0,,,69.0,31.0,,,100.0,14.0,100.0,1221.0,31.0,31.0,100.0,0.0,100.0,0.0,200.0,0.0,100.0,736.0,100.0,7848685120.0,100.0,6434353774.0
2019-04-09,ZJV1ZZQ2,ST12000NM0007,12000138625024,0,75.0,34743224.0,92.0,0.0,100.0,6.0,100.0,0.0,78.0,62134561.0,99.0,977.0,100.0,0.0,100.0,6.0,,,,,100.0,0.0,100.0,0.0,,,69.0,31.0,,,100.0,14.0,100.0,1221.0,31.0,31.0,100.0,0.0,100.0,0.0,200.0,0.0,100.0,752.0,100.0,8068016704.0,100.0,6615198630.0
2019-04-10,ZJV1ZZQ2,ST12000NM0007,12000138625024,0,81.0,117689224.0,92.0,0.0,100.0,6.0,100.0,0.0,78.0,65585445.0,99.0,1009.0,100.0,0.0,100.0,6.0,,,,,100.0,0.0,100.0,0.0,,,69.0,31.0,,,100.0,14.0,100.0,1223.0,31.0,31.0,100.0,0.0,100.0,0.0,200.0,0.0,100.0,783.0,100.0,8514702184.0,100.0,6983882182.0
2019-04-11,ZJV1ZZQ2,ST12000NM0007,12000138625024,0,78.0,68282440.0,92.0,0.0,100.0,6.0,100.0,0.0,78.0,67422174.0,99.0,1025.0,100.0,0.0,100.0,6.0,,,,,100.0,0.0,100.0,0.0,,,69.0,31.0,,,100.0,14.0,100.0,1223.0,31.0,31.0,100.0,0.0,100.0,0.0,200.0,0.0,100.0,799.0,100.0,8747117160.0,100.0,7190341942.0
2019-04-12,ZJV1ZZQ2,ST12000NM0007,12000138625024,0,82.0,168019720.0,92.0,0.0,100.0,6.0,100.0,0.0,79.0,71086940.0,99.0,1056.0,100.0,0.0,100.0,6.0,,,,,100.0,0.0,100.0,0.0,,,65.0,35.0,,,100.0,14.0,100.0,1225.0,35.0,35.0,100.0,0.0,100.0,0.0,200.0,0.0,100.0,830.0,100.0,9187833912.0,100.0,7581786062.0
2019-04-13,ZJV1ZZQ2,ST12000NM0007,12000138625024,0,75.0,31178248.0,92.0,0.0,100.0,6.0,100.0,0.0,79.0,74658597.0,99.0,1088.0,100.0,0.0,100.0,6.0,,,,,100.0,0.0,100.0,0.0,,,64.0,36.0,,,100.0,14.0,100.0,1226.0,36.0,36.0,100.0,0.0,100.0,0.0,200.0,0.0,100.0,862.0,100.0,9635081400.0,100.0,7974261542.0
2019-04-14,ZJV1ZZQ2,ST12000NM0007,12000138625024,0,84.0,236803208.0,92.0,0.0,100.0,6.0,100.0,0.0,79.0,76453190.0,99.0,1104.0,100.0,0.0,100.0,6.0,,,,,100.0,0.0,100.0,0.0,,,64.0,36.0,,,100.0,15.0,100.0,1227.0,36.0,36.0,100.0,0.0,100.0,0.0,200.0,0.0,100.0,878.0,100.0,9873658208.0,100.0,8185450486.0
2019-04-15,ZJV1ZZQ2,ST12000NM0007,12000138625024,0,82.0,165862104.0,92.0,0.0,100.0,6.0,100.0,0.0,79.0,80348641.0,99.0,1135.0,100.0,0.0,100.0,6.0,,,,,100.0,0.0,100.0,0.0,,,65.0,35.0,,,100.0,15.0,100.0,1228.0,35.0,35.0,100.0,0.0,100.0,0.0,200.0,0.0,100.0,909.0,100.0,10370807024.0,100.0,8593923798.0
2019-04-16,ZJV1ZZQ2,ST12000NM0007,12000138625024,0,81.0,126812864.0,92.0,0.0,100.0,6.0,100.0,0.0,79.0,82200689.0,99.0,1151.0,100.0,0.0,100.0,6.0,,,,,100.0,0.0,100.0,0.0,,,65.0,35.0,,,100.0,15.0,100.0,1229.0,35.0,35.0,100.0,0.0,100.0,0.0,200.0,0.0,100.0,925.0,100.0,10616916608.0,100.0,8797046558.0
2019-04-17,ZJV1ZZQ2,ST12000NM0007,12000138625024,0,76.0,37764104.0,92.0,0.0,100.0,6.0,100.0,0.0,79.0,85837133.0,99.0,1183.0,100.0,0.0,100.0,6.0,,,,,100.0,0.0,100.0,0.0,,,65.0,35.0,,,100.0,15.0,100.0,1230.0,35.0,35.0,100.0,0.0,100.0,0.0,200.0,0.0,100.0,957.0,100.0,11095427296.0,100.0,9206049878.0
2019-04-18,ZJV1ZZQ2,ST12000NM0007,12000138625024,0,83.0,223746584.0,92.0,0.0,100.0,6.0,100.0,0.0,79.0,87667518.0,99.0,1199.0,100.0,0.0,100.0,6.0,,,,,100.0,0.0,100.0,0.0,,,65.0,35.0,,,100.0,15.0,100.0,1231.0,35.0,35.0,100.0,0.0,100.0,0.0,200.0,0.0,100.0,973.0,100.0,11333858776.0,100.0,9397741662.0
2019-04-19,ZJV1ZZQ2,ST12000NM0007,12000138625024,0,81.0,134072776.0,92.0,0.0,100.0,6.0,100.0,0.0,80.0,91584843.0,99.0,1231.0,100.0,0.0,100.0,6.0,,,,,100.0,0.0,100.0,0.0,,,65.0,35.0,,,100.0,15.0,100.0,1233.0,35.0,35.0,100.0,0.0,100.0,0.0,200.0,0.0,100.0,1005.0,100.0,11810461224.0,100.0,9808028558.0
2019-04-20,ZJV1ZZQ2,ST12000NM0007,12000138625024,0,80.0,92817656.0,92.0,0.0,100.0,6.0,100.0,0.0,80.0,93531568.0,99.0,1247.0,100.0,0.0,100.0,6.0,,,,,100.0,0.0,100.0,0.0,,,65.0,35.0,,,100.0,15.0,100.0,1233.0,35.0,35.0,100.0,0.0,100.0,0.0,200.0,0.0,100.0,1020.0,100.0,12050330512.0,100.0,10015185462.0
2019-04-21,ZJV1ZZQ2,ST12000NM0007,12000138625024,0,84.0,243486560.0,92.0,0.0,100.0,6.0,100.0,0.0,80.0,97439481.0,99.0,1279.0,100.0,0.0,100.0,6.0,,,,,100.0,0.0,100.0,0.0,,,65.0,35.0,,,100.0,16.0,100.0,1235.0,35.0,35.0,100.0,0.0,100.0,0.0,200.0,0.0,100.0,1052.0,100.0,12529798096.0,100.0,10418811094.0
2019-04-22,ZJV1ZZQ2,ST12000NM0007,12000138625024,0,75.0,32076832.0,92.0,0.0,100.0,6.0,100.0,0.0,80.0,99392782.0,99.0,1295.0,100.0,0.0,100.0,6.0,,,,,100.0,0.0,100.0,0.0,,,65.0,35.0,,,100.0,16.0,100.0,1235.0,35.0,35.0,100.0,0.0,100.0,0.0,200.0,0.0,100.0,1068.0,100.0,12810262944.0,100.0,10659358830.0
2019-04-23,ZJV1ZZQ2,ST12000NM0007,12000138625024,0,81.0,113771936.0,92.0,0.0,100.0,6.0,100.0,0.0,80.0,103134416.0,99.0,1326.0,100.0,0.0,100.0,6.0,,,,,100.0,0.0,100.0,0.0,,,65.0,35.0,,,100.0,16.0,100.0,1237.0,35.0,35.0,100.0,0.0,100.0,0.0,200.0,0.0,100.0,1100.0,100.0,13253840600.0,100.0,11029899342.0
2019-04-24,ZJV1ZZQ2,ST12000NM0007,12000138625024,0,78.0,66955344.0,92.0,0.0,100.0,6.0,100.0,0.0,80.0,105087965.0,99.0,1342.0,100.0,0.0,100.0,6.0,,,,,100.0,0.0,100.0,0.0,,,65.0,35.0,,,100.0,16.0,100.0,1237.0,35.0,35.0,100.0,0.0,100.0,0.0,200.0,0.0,100.0,1116.0,100.0,13499914768.0,100.0,11225290942.0
2019-04-25,ZJV1ZZQ2,ST12000NM0007,12000138625024,0,73.0,22000864.0,92.0,0.0,100.0,6.0,100.0,0.0,80.0,107033004.0,99.0,1358.0,100.0,0.0,100.0,6.0,,,,,100.0,0.0,100.0,0.0,,,65.0,35.0,,,100.0,16.0,100.0,1239.0,35.0,35.0,100.0,0.0,100.0,0.0,200.0,0.0,100.0,1131.0,100.0,13728553568.0,100.0,11439979062.0
2019-04-26,ZJV1ZZQ2,ST12000NM0007,12000138625024,0,83.0,217383464.0,92.0,0.0,100.0,6.0,100.0,0.0,80.0,111043368.0,99.0,1390.0,100.0,0.0,100.0,6.0,,,,,100.0,0.0,100.0,0.0,,,64.0,36.0,,,100.0,16.0,100.0,1240.0,36.0,36.0,100.0,0.0,100.0,0.0,200.0,0.0,100.0,1163.0,100.0,14195795592.0,100.0,11900541678.0
2019-04-27,ZJV1ZZQ2,ST12000NM0007,12000138625024,0,84.0,238730656.0,92.0,0.0,100.0,6.0,100.0,0.0,81.0,113326432.0,99.0,1405.0,100.0,0.0,100.0,6.0,,,,,100.0,0.0,100.0,0.0,,,65.0,35.0,,,100.0,16.0,100.0,1241.0,35.0,35.0,100.0,0.0,100.0,0.0,200.0,0.0,100.0,1178.0,100.0,14434181472.0,100.0,12171784574.0
2019-04-28,ZJV1ZZQ2,ST12000NM0007,12000138625024,0,77.0,46190528.0,92.0,0.0,100.0,6.0,100.0,0.0,81.0,117792222.0,99.0,1437.0,100.0,0.0,100.0,6.0,,,,,100.0,0.0,100.0,0.0,,,65.0,35.0,,,100.0,16.0,100.0,1242.0,35.0,35.0,100.0,0.0,100.0,0.0,200.0,0.0,100.0,1210.0,100.0,14906542064.0,100.0,12727587854.0
2019-04-29,ZJV1ZZQ2,ST12000NM0007,12000138625024,0,79.0,85441528.0,92.0,0.0,100.0,6.0,100.0,0.0,81.0,120059610.0,99.0,1453.0,100.0,0.0,100.0,6.0,,,,,100.0,0.0,100.0,0.0,,,65.0,35.0,,,100.0,16.0,100.0,1243.0,35.0,35.0,100.0,0.0,100.0,0.0,200.0,0.0,100.0,1226.0,100.0,15156181432.0,100.0,13005481094.0
2019-04-30,ZJV1ZZQ2,ST12000NM0007,12000138625024,0,81.0,139338560.0,92.0,0.0,100.0,6.0,100.0,0.0,81.0,124325557.0,99.0,1485.0,100.0,0.0,100.0,6.0,,,,,100.0,0.0,100.0,0.0,,,65.0,35.0,,,100.0,16.0,100.0,1244.0,35.0,35.0,100.0,0.0,100.0,0.0,200.0,0.0,100.0,1257.0,100.0,15622626648.0,100.0,13569496278.0
2019-05-01,ZJV1ZZQ2,ST12000NM0007,12000138625024,0,81.0,130238224.0,92.0,0.0,100.0,6.0,100.0,0.0,81.0,128463205.0,99.0,1516.0,100.0,0.0,100.0,6.0,,,,,100.0,0.0,100.0,0.0,,,65.0,35.0,,,100.0,16.0,100.0,1246.0,35.0,35.0,100.0,0.0,100.0,0.0,200.0,0.0,100.0,1289.0,100.0,16089168080.0,100.0,14070423638.0
2019-05-02,ZJV1ZZQ2,ST12000NM0007,12000138625024,0,80.0,96500152.0,92.0,0.0,100.0,6.0,100.0,0.0,81.0,130502060.0,99.0,1532.0,100.0,0.0,100.0,6.0,,,,,100.0,0.0,100.0,0.0,,,65.0,35.0,,,100.0,16.0,100.0,1246.0,35.0,35.0,100.0,0.0,100.0,0.0,200.0,0.0,100.0,1304.0,100.0,16342654752.0,100.0,14271481414.0
2019-05-03,ZJV1ZZQ2,ST12000NM0007,12000138625024,0,77.0,51185760.0,92.0,0.0,100.0,6.0,100.0,0.0,81.0,135181770.0,99.0,1564.0,100.0,0.0,100.0,6.0,,,,,100.0,0.0,100.0,0.0,,,65.0,35.0,,,100.0,16.0,100.0,1248.0,35.0,35.0,100.0,0.0,100.0,0.0,200.0,0.0,100.0,1336.0,100.0,16816517712.0,100.0,14728868406.0
2019-05-04,ZJV1ZZQ2,ST12000NM0007,12000138625024,0,100.0,829592.0,92.0,0.0,100.0,6.0,100.0,0.0,81.0,137199811.0,99.0,1580.0,100.0,0.0,100.0,6.0,,,,,100.0,0.0,100.0,0.0,,,65.0,35.0,,,100.0,16.0,100.0,1248.0,35.0,35.0,100.0,0.0,100.0,0.0,200.0,0.0,100.0,1352.0,100.0,17061111944.0,100.0,14922201054.0
2019-05-05,ZJV1ZZQ2,ST12000NM0007,12000138625024,0,84.0,230184536.0,92.0,0.0,100.0,6.0,100.0,0.0,82.0,141399670.0,99.0,1611.0,100.0,0.0,100.0,6.0,,,,,100.0,0.0,100.0,0.0,,,65.0,35.0,,,100.0,17.0,100.0,1250.0,35.0,35.0,100.0,0.0,100.0,0.0,200.0,0.0,100.0,1383.0,100.0,17591376712.0,100.0,15353714254.0
2019-05-06,ZJV1ZZQ2,ST12000NM0007,12000138625024,0,83.0,183647088.0,92.0,0.0,100.0,6.0,100.0,0.0,82.0,143565803.0,99.0,1627.0,100.0,0.0,100.0,6.0,,,,,100.0,0.0,100.0,0.0,,,65.0,35.0,,,100.0,17.0,100.0,1250.0,35.0,35.0,100.0,0.0,100.0,0.0,200.0,0.0,100.0,1399.0,100.0,17812417864.0,100.0,15574417790.0
2019-05-07,ZJV1ZZQ2,ST12000NM0007,12000138625024,0,77.0,47354688.0,92.0,0.0,100.0,6.0,100.0,0.0,82.0,147624490.0,99.0,1659.0,100.0,0.0,100.0,6.0,,,,,100.0,0.0,100.0,0.0,,,65.0,35.0,,,100.0,17.0,100.0,1252.0,35.0,35.0,100.0,0.0,100.0,0.0,200.0,0.0,100.0,1431.0,100.0,18259167072.0,100.0,15967940094.0
2019-05-08,ZJV1ZZQ2,ST12000NM0007,12000138625024,0,73.0,18960112.0,92.0,0.0,100.0,6.0,100.0,0.0,82.0,149904711.0,99.0,1675.0,100.0,0.0,100.0,6.0,,,,,100.0,0.0,100.0,0.0,,,65.0,35.0,,,100.0,17.0,100.0,1252.0,35.0,35.0,100.0,0.0,100.0,0.0,200.0,0.0,100.0,1447.0,100.0,18500459848.0,100.0,16186534926.0
2019-05-09,ZJV1ZZQ2,ST12000NM0007,12000138625024,0,82.0,143150192.0,92.0,0.0,100.0,6.0,100.0,0.0,82.0,154129256.0,99.0,1706.0,100.0,0.0,100.0,6.0,,,,,100.0,0.0,100.0,0.0,,,65.0,35.0,,,100.0,19.0,100.0,1254.0,35.0,35.0,100.0,0.0,100.0,0.0,200.0,0.0,100.0,1478.0,100.0,18956235072.0,100.0,16587372646.0
2019-05-10,ZJV1ZZQ2,ST12000NM0007,12000138625024,0,80.0,100592016.0,92.0,0.0,100.0,6.0,100.0,0.0,82.0,156200512.0,99.0,1722.0,100.0,0.0,100.0,6.0,,,,,100.0,0.0,100.0,0.0,,,65.0,35.0,,,100.0,19.0,100.0,1254.0,35.0,35.0,100.0,0.0,100.0,0.0,200.0,0.0,100.0,1494.0,100.0,19201721000.0,100.0,16787609902.0
2019-05-11,ZJV1ZZQ2,ST12000NM0007,12000138625024,0,84.0,241371464.0,92.0,0.0,100.0,6.0,100.0,0.0,82.0,160306515.0,98.0,1754.0,100.0,0.0,100.0,6.0,,,,,100.0,0.0,100.0,0.0,,,64.0,36.0,,,100.0,19.0,100.0,1256.0,36.0,36.0,100.0,0.0,100.0,0.0,200.0,0.0,100.0,1525.0,100.0,19665867672.0,100.0,17196664918.0
2019-05-12,ZJV1ZZQ2,ST12000NM0007,12000138625024,0,82.0,148138968.0,92.0,0.0,100.0,6.0,100.0,0.0,82.0,162212318.0,98.0,1770.0,100.0,0.0,100.0,6.0,,,,,100.0,0.0,100.0,0.0,,,65.0,35.0,,,100.0,19.0,100.0,1256.0,35.0,35.0,100.0,0.0,100.0,0.0,200.0,0.0,100.0,1541.0,100.0,19880340320.0,100.0,17377243166.0
2019-05-13,ZJV1ZZQ2,ST12000NM0007,12000138625024,0,83.0,198790832.0,92.0,0.0,100.0,6.0,100.0,0.0,82.0,166112544.0,98.0,1802.0,100.0,0.0,100.0,6.0,,,,,100.0,0.0,100.0,0.0,,,65.0,35.0,,,100.0,19.0,100.0,1258.0,35.0,35.0,100.0,0.0,100.0,0.0,200.0,0.0,100.0,1573.0,100.0,20285295528.0,100.0,17755361998.0
2019-05-14,ZJV1ZZQ2,ST12000NM0007,12000138625024,0,82.0,142940656.0,92.0,0.0,100.0,6.0,100.0,0.0,82.0,168092012.0,98.0,1817.0,100.0,0.0,100.0,6.0,,,,,100.0,0.0,100.0,0.0,,,65.0,35.0,,,100.0,19.0,100.0,1258.0,35.0,35.0,100.0,0.0,100.0,0.0,200.0,0.0,100.0,1589.0,100.0,20495168488.0,100.0,17977920678.0
2019-05-15,ZJV1ZZQ2,ST12000NM0007,12000138625024,0,77.0,51708504.0,92.0,0.0,100.0,6.0,100.0,0.0,82.0,172417323.0,98.0,1849.0,100.0,0.0,100.0,6.0,,,,,100.0,0.0,100.0,0.0,,,65.0,35.0,,,100.0,20.0,100.0,1260.0,35.0,35.0,100.0,0.0,100.0,0.0,200.0,0.0,100.0,1620.0,100.0,20935002944.0,100.0,18423417390.0
2019-05-16,ZJV1ZZQ2,ST12000NM0007,12000138625024,0,84.0,233538688.0,92.0,0.0,100.0,6.0,100.0,0.0,82.0,174426342.0,98.0,1865.0,100.0,0.0,100.0,6.0,,,,,100.0,0.0,100.0,0.0,,,64.0,36.0,,,100.0,20.0,100.0,1260.0,36.0,36.0,100.0,0.0,100.0,0.0,200.0,0.0,100.0,1636.0,100.0,21153709224.0,100.0,18630683710.0
2019-05-17,ZJV1ZZQ2,ST12000NM0007,12000138625024,0,81.0,140216704.0,92.0,0.0,100.0,6.0,100.0,0.0,83.0,178786135.0,98.0,1897.0,100.0,0.0,100.0,6.0,,,,,100.0,0.0,100.0,0.0,,,65.0,35.0,,,100.0,20.0,100.0,1263.0,35.0,35.0,100.0,0.0,100.0,0.0,200.0,0.0,100.0,1667.0,100.0,21609322152.0,100.0,19058313022.0
2019-05-18,ZJV1ZZQ2,ST12000NM0007,12000138625024,0,81.0,114466848.0,92.0,0.0,100.0,6.0,100.0,0.0,83.0,180986334.0,98.0,1912.0,100.0,0.0,100.0,6.0,,,,,100.0,0.0,100.0,0.0,,,65.0,35.0,,,100.0,20.0,100.0,1263.0,35.0,35.0,100.0,0.0,100.0,0.0,200.0,0.0,100.0,1683.0,100.0,21865451368.0,100.0,19264715486.0
2019-05-19,ZJV1ZZQ2,ST12000NM0007,12000138625024,0,80.0,99545744.0,92.0,0.0,100.0,6.0,100.0,0.0,83.0,185175920.0,98.0,1944.0,100.0,0.0,100.0,6.0,,,,,100.0,0.0,100.0,0.0,,,65.0,35.0,,,100.0,20.0,100.0,1264.0,35.0,35.0,100.0,0.0,100.0,0.0,200.0,0.0,100.0,1715.0,100.0,22213250336.0,100.0,19634448326.0
2019-05-20,ZJV1ZZQ2,ST12000NM0007,12000138625024,0,77.0,52146128.0,92.0,0.0,100.0,6.0,100.0,0.0,83.0,190048587.0,98.0,1976.0,100.0,0.0,100.0,6.0,,,,,100.0,0.0,100.0,0.0,,,65.0,35.0,,,100.0,21.0,100.0,1266.0,35.0,35.0,100.0,0.0,100.0,0.0,200.0,0.0,100.0,1746.0,100.0,22631469280.0,100.0,20145393966.0
2019-05-21,ZJV1ZZQ2,ST12000NM0007,12000138625024,0,82.0,151177696.0,92.0,0.0,100.0,6.0,100.0,0.0,83.0,191987106.0,98.0,1992.0,100.0,0.0,100.0,6.0,,,,,100.0,0.0,100.0,0.0,,,65.0,35.0,,,100.0,21.0,100.0,1266.0,35.0,35.0,100.0,0.0,100.0,0.0,200.0,0.0,100.0,1762.0,100.0,22805136632.0,100.0,20314898942.0
2019-05-22,ZJV1ZZQ2,ST12000NM0007,12000138625024,0,79.0,71904784.0,92.0,0.0,100.0,6.0,100.0,0.0,83.0,196568311.0,98.0,2023.0,100.0,0.0,100.0,6.0,,,,,100.0,0.0,100.0,0.0,,,65.0,35.0,,,100.0,21.0,100.0,1268.0,35.0,35.0,100.0,0.0,100.0,0.0,200.0,0.0,100.0,1793.0,100.0,23268154096.0,100.0,20749172638.0
2019-05-23,ZJV1ZZQ2,ST12000NM0007,12000138625024,0,84.0,229715016.0,92.0,0.0,100.0,6.0,100.0,0.0,83.0,198782081.0,98.0,2039.0,100.0,0.0,100.0,6.0,,,,,100.0,0.0,100.0,0.0,,,65.0,35.0,,,100.0,21.0,100.0,1268.0,35.0,35.0,100.0,0.0,100.0,0.0,200.0,0.0,100.0,1809.0,100.0,23486397736.0,100.0,20932879958.0
2019-05-24,ZJV1ZZQ2,ST12000NM0007,12000138625024,0,80.0,101555744.0,92.0,0.0,100.0,6.0,100.0,0.0,83.0,201005821.0,98.0,2055.0,100.0,0.0,100.0,6.0,,,,,100.0,0.0,100.0,0.0,,,65.0,35.0,,,100.0,21.0,100.0,1270.0,35.0,35.0,100.0,0.0,100.0,0.0,200.0,0.0,100.0,1825.0,100.0,23661325176.0,100.0,21118074614.0
2019-05-25,ZJV1ZZQ2,ST12000NM0007,12000138625024,0,83.0,204242656.0,92.0,0.0,100.0,6.0,100.0,0.0,83.0,205341279.0,98.0,2087.0,100.0,0.0,100.0,6.0,,,,,100.0,0.0,100.0,0.0,,,65.0,35.0,,,100.0,21.0,100.0,1271.0,35.0,35.0,100.0,0.0,100.0,0.0,200.0,0.0,100.0,1857.0,100.0,24092196984.0,100.0,21522312870.0
2019-05-26,ZJV1ZZQ2,ST12000NM0007,12000138625024,0,81.0,112922064.0,92.0,0.0,100.0,6.0,100.0,0.0,83.0,207498522.0,98.0,2103.0,100.0,0.0,100.0,6.0,,,,,100.0,0.0,100.0,0.0,,,65.0,35.0,,,100.0,21.0,100.0,1272.0,35.0,35.0,100.0,0.0,100.0,0.0,200.0,0.0,100.0,1872.0,100.0,24285095520.0,100.0,21726375918.0
2019-05-27,ZJV1ZZQ2,ST12000NM0007,12000138625024,0,80.0,103533224.0,92.0,0.0,100.0,6.0,100.0,0.0,83.0,211953564.0,98.0,2134.0,100.0,0.0,100.0,6.0,,,,,100.0,0.0,100.0,0.0,,,65.0,35.0,,,100.0,21.0,100.0,1273.0,35.0,35.0,100.0,0.0,100.0,0.0,200.0,0.0,100.0,1904.0,100.0,24622566272.0,100.0,22111964838.0
2019-05-28,ZJV1ZZQ2,ST12000NM0007,12000138625024,0,83.0,221455120.0,92.0,0.0,100.0,6.0,100.0,0.0,83.0,214049016.0,98.0,2150.0,100.0,0.0,100.0,6.0,,,,,100.0,0.0,100.0,0.0,,,65.0,35.0,,,100.0,21.0,100.0,1274.0,35.0,35.0,100.0,0.0,100.0,0.0,200.0,0.0,100.0,1920.0,100.0,24783380800.0,100.0,22313212958.0
2019-05-29,ZJV1ZZQ2,ST12000NM0007,12000138625024,0,83.0,179017280.0,92.0,0.0,100.0,6.0,100.0,0.0,83.0,218042227.0,98.0,2182.0,100.0,0.0,100.0,6.0,,,,,100.0,0.0,100.0,0.0,,,65.0,35.0,,,100.0,21.0,100.0,1275.0,35.0,35.0,100.0,0.0,100.0,0.0,200.0,0.0,100.0,1951.0,100.0,25130613968.0,100.0,22655964902.0
2019-05-30,ZJV1ZZQ2,ST12000NM0007,12000138625024,0,69.0,8573976.0,92.0,0.0,100.0,6.0,100.0,0.0,83.0,220018436.0,98.0,2198.0,100.0,0.0,100.0,6.0,,,,,100.0,0.0,100.0,0.0,,,67.0,33.0,,,100.0,22.0,100.0,1276.0,33.0,33.0,100.0,0.0,100.0,0.0,200.0,0.0,100.0,1967.0,100.0,25293695688.0,100.0,22810721510.0
2019-05-31,ZJV1ZZQ2,ST12000NM0007,12000138625024,0,78.0,69818296.0,92.0,0.0,100.0,6.0,100.0,0.0,84.0,224430093.0,98.0,2229.0,100.0,0.0,100.0,6.0,,,,,100.0,0.0,100.0,0.0,,,66.0,34.0,,,100.0,22.0,100.0,1277.0,34.0,34.0,100.0,0.0,100.0,0.0,200.0,0.0,100.0,1999.0,100.0,25551169984.0,100.0,23102773166.0
2019-06-01,ZJV1ZZQ2,ST12000NM0007,12000138625024,0,82.0,156093592.0,92.0,0.0,100.0,6.0,100.0,0.0,84.0,229177894.0,98.0,2261.0,100.0,0.0,100.0,6.0,,,,,100.0,0.0,100.0,0.0,,,66.0,34.0,,,100.0,23.0,100.0,1279.0,34.0,34.0,100.0,0.0,100.0,0.0,200.0,0.0,100.0,2030.0,100.0,25807537544.0,100.0,23420962678.0
2019-06-02,ZJV1ZZQ2,ST12000NM0007,12000138625024,0,83.0,219984088.0,92.0,0.0,100.0,6.0,100.0,0.0,84.0,231070947.0,98.0,2277.0,100.0,0.0,100.0,6.0,,,,,100.0,0.0,100.0,0.0,,,66.0,34.0,,,100.0,23.0,100.0,1279.0,34.0,34.0,100.0,0.0,100.0,0.0,200.0,0.0,100.0,2046.0,100.0,25947005016.0,100.0,23589526350.0
2019-06-03,ZJV1ZZQ2,ST12000NM0007,12000138625024,0,82.0,142764856.0,92.0,0.0,100.0,6.0,100.0,0.0,84.0,235487094.0,98.0,2309.0,100.0,0.0,100.0,6.0,,,,,100.0,0.0,100.0,0.0,,,66.0,34.0,,,100.0,23.0,100.0,1281.0,34.0,34.0,100.0,0.0,100.0,0.0,200.0,0.0,100.0,2077.0,100.0,26237350840.0,100.0,23954383550.0
2019-06-04,ZJV1ZZQ2,ST12000NM0007,12000138625024,0,83.0,204454112.0,92.0,0.0,100.0,6.0,100.0,0.0,84.0,237385346.0,98.0,2324.0,100.0,0.0,100.0,6.0,,,,,100.0,0.0,100.0,0.0,,,66.0,34.0,,,100.0,23.0,100.0,1282.0,34.0,34.0,100.0,0.0,100.0,0.0,200.0,0.0,100.0,2093.0,100.0,26393507280.0,100.0,24104058158.0
2019-06-05,ZJV1ZZQ2,ST12000NM0007,12000138625024,0,80.0,96478864.0,92.0,0.0,100.0,6.0,100.0,0.0,84.0,241713036.0,98.0,2356.0,100.0,0.0,100.0,6.0,,,,,100.0,0.0,100.0,0.0,,,66.0,34.0,,,100.0,23.0,100.0,1283.0,34.0,34.0,100.0,0.0,100.0,0.0,200.0,0.0,100.0,2124.0,100.0,26710544024.0,100.0,24411469070.0
2019-06-06,ZJV1ZZQ2,ST12000NM0007,12000138625024,0,81.0,125000496.0,92.0,0.0,100.0,6.0,100.0,0.0,84.0,243806423.0,98.0,2372.0,100.0,0.0,100.0,6.0,,,,,100.0,0.0,100.0,0.0,,,66.0,34.0,,,100.0,23.0,100.0,1284.0,34.0,34.0,100.0,0.0,100.0,0.0,200.0,0.0,100.0,2140.0,100.0,26839134312.0,100.0,24555541110.0
2019-06-07,ZJV1ZZQ2,ST12000NM0007,12000138625024,0,79.0,83173080.0,92.0,0.0,100.0,6.0,100.0,0.0,84.0,248732832.0,98.0,2404.0,100.0,0.0,100.0,6.0,,,,,100.0,0.0,100.0,0.0,,,66.0,34.0,,,100.0,23.0,100.0,1285.0,34.0,34.0,100.0,0.0,100.0,0.0,200.0,0.0,100.0,2171.0,100.0,27168987848.0,100.0,24916282982.0
2019-06-08,ZJV1ZZQ2,ST12000NM0007,12000138625024,0,81.0,140251232.0,92.0,0.0,100.0,6.0,100.0,0.0,84.0,251241643.0,98.0,2420.0,100.0,0.0,100.0,6.0,,,,,100.0,0.0,100.0,0.0,,,66.0,34.0,,,100.0,23.0,100.0,1286.0,34.0,34.0,100.0,0.0,100.0,0.0,200.0,0.0,100.0,2187.0,100.0,27318514368.0,100.0,25067975406.0
2019-06-09,ZJV1ZZQ2,ST12000NM0007,12000138625024,0,77.0,55837416.0,92.0,0.0,100.0,6.0,100.0,0.0,84.0,254512189.0,98.0,2451.0,100.0,0.0,100.0,6.0,,,,,100.0,0.0,100.0,0.0,,,66.0,34.0,,,100.0,23.0,100.0,1287.0,34.0,34.0,100.0,0.0,100.0,0.0,200.0,0.0,100.0,2219.0,100.0,27463132504.0,100.0,25327225342.0
2019-06-10,ZJV1ZZQ2,ST12000NM0007,12000138625024,0,84.0,235991672.0,92.0,0.0,100.0,6.0,100.0,0.0,84.0,256255580.0,98.0,2467.0,100.0,0.0,100.0,6.0,,,,,100.0,0.0,100.0,0.0,,,67.0,33.0,,,100.0,23.0,100.0,1288.0,33.0,33.0,100.0,0.0,100.0,0.0,200.0,0.0,100.0,2234.0,100.0,27508648736.0,100.0,25461863366.0
2019-06-11,ZJV1ZZQ2,ST12000NM0007,12000138625024,0,77.0,55896984.0,92.0,0.0,100.0,6.0,100.0,0.0,84.0,259025264.0,98.0,2499.0,100.0,0.0,100.0,6.0,,,,,100.0,0.0,100.0,0.0,,,66.0,34.0,,,100.0,24.0,100.0,1289.0,34.0,34.0,100.0,0.0,100.0,0.0,200.0,0.0,100.0,2266.0,100.0,27598434032.0,100.0,25680264918.0
2019-06-12,ZJV1ZZQ2,ST12000NM0007,12000138625024,0,76.0,42023856.0,92.0,0.0,100.0,6.0,100.0,0.0,84.0,261062297.0,98.0,2515.0,100.0,0.0,100.0,6.0,,,,,100.0,0.0,100.0,0.0,,,67.0,33.0,,,100.0,24.0,100.0,1290.0,33.0,33.0,100.0,0.0,100.0,0.0,200.0,0.0,100.0,2282.0,100.0,27664872048.0,100.0,25844094406.0
2019-06-13,ZJV1ZZQ2,ST12000NM0007,12000138625024,0,80.0,93805464.0,92.0,0.0,100.0,6.0,100.0,0.0,84.0,263608084.0,98.0,2546.0,100.0,0.0,100.0,6.0,,,,,100.0,0.0,100.0,0.0,,,66.0,34.0,,,100.0,25.0,100.0,1291.0,34.0,34.0,100.0,0.0,100.0,0.0,200.0,0.0,100.0,2313.0,100.0,27743833496.0,100.0,26061055206.0
2019-06-14,ZJV1ZZQ2,ST12000NM0007,12000138625024,0,80.0,110574416.0,92.0,0.0,100.0,6.0,100.0,0.0,84.0,265990330.0,98.0,2562.0,100.0,0.0,100.0,6.0,,,,,100.0,0.0,100.0,0.0,,,66.0,34.0,,,100.0,26.0,100.0,1292.0,34.0,34.0,100.0,0.0,100.0,0.0,200.0,0.0,100.0,2329.0,100.0,27804546888.0,100.0,26261251542.0
2019-06-15,ZJV1ZZQ2,ST12000NM0007,12000138625024,0,74.0,23476264.0,92.0,0.0,100.0,6.0,100.0,0.0,84.0,269546867.0,98.0,2594.0,100.0,0.0,100.0,6.0,,,,,100.0,0.0,100.0,0.0,,,65.0,35.0,,,100.0,27.0,100.0,1293.0,35.0,35.0,100.0,0.0,100.0,0.0,200.0,0.0,100.0,2361.0,100.0,27902450512.0,100.0,26564540038.0
2019-06-16,ZJV1ZZQ2,ST12000NM0007,12000138625024,0,68.0,5948032.0,92.0,0.0,100.0,6.0,100.0,0.0,84.0,271349047.0,98.0,2610.0,100.0,0.0,100.0,6.0,,,,,100.0,0.0,100.0,0.0,,,74.0,26.0,,,100.0,28.0,100.0,1294.0,26.0,26.0,100.0,0.0,100.0,0.0,200.0,0.0,100.0,2376.0,100.0,27971172336.0,100.0,26722430646.0
2019-06-17,ZJV1ZZQ2,ST12000NM0007,12000138625024,0,83.0,184731288.0,92.0,0.0,100.0,6.0,100.0,0.0,84.0,274759622.0,97.0,2641.0,100.0,0.0,100.0,6.0,,,,,100.0,0.0,100.0,0.0,,,74.0,26.0,,,100.0,28.0,100.0,1295.0,26.0,26.0,100.0,0.0,100.0,0.0,200.0,0.0,100.0,2407.0,100.0,28101789968.0,100.0,27014736902.0
2019-06-18,ZJV1ZZQ2,ST12000NM0007,12000138625024,0,80.0,106520744.0,92.0,0.0,100.0,6.0,100.0,0.0,84.0,276114512.0,97.0,2657.0,100.0,0.0,100.0,6.0,,,,,100.0,0.0,100.0,0.0,,,74.0,26.0,,,100.0,29.0,100.0,1296.0,26.0,26.0,100.0,0.0,100.0,0.0,200.0,0.0,100.0,2423.0,100.0,28151276352.0,100.0,27131180790.0
2019-06-19,ZJV1ZZQ2,ST12000NM0007,12000138625024,0,72.0,16488936.0,92.0,0.0,100.0,6.0,100.0,0.0,84.0,279110262.0,97.0,2689.0,100.0,0.0,100.0,6.0,,,,,100.0,0.0,100.0,0.0,,,74.0,26.0,,,100.0,29.0,100.0,1297.0,26.0,26.0,100.0,0.0,100.0,0.0,200.0,0.0,100.0,2454.0,100.0,28304935560.0,100.0,27375771230.0
2019-06-20,ZJV1ZZQ2,ST12000NM0007,12000138625024,0,80.0,90636864.0,92.0,0.0,100.0,6.0,100.0,0.0,85.0,282139869.0,97.0,2720.0,100.0,0.0,100.0,6.0,,,,,100.0,0.0,100.0,0.0,,,74.0,26.0,,,100.0,31.0,100.0,1299.0,26.0,26.0,100.0,0.0,100.0,0.0,200.0,0.0,100.0,2486.0,100.0,28378290752.0,100.0,27620704918.0
2019-06-21,ZJV1ZZQ2,ST12000NM0007,12000138625024,0,74.0,24555760.0,92.0,0.0,100.0,6.0,100.0,0.0,85.0,283852224.0,97.0,2736.0,100.0,0.0,100.0,6.0,,,,,100.0,0.0,100.0,0.0,,,74.0,26.0,,,100.0,31.0,100.0,1299.0,26.0,26.0,100.0,0.0,100.0,0.0,200.0,0.0,100.0,2502.0,100.0,28430805112.0,100.0,27746250246.0
2019-06-22,ZJV1ZZQ2,ST12000NM0007,12000138625024,0,83.0,220745720.0,92.0,0.0,100.0,6.0,100.0,0.0,85.0,287342492.0,97.0,2768.0,100.0,0.0,100.0,6.0,,,,,100.0,0.0,100.0,0.0,,,75.0,25.0,,,100.0,33.0,100.0,1301.0,25.0,25.0,100.0,0.0,100.0,0.0,200.0,0.0,100.0,2533.0,100.0,28593587568.0,100.0,28023798390.0
2019-06-23,ZJV1ZZQ2,ST12000NM0007,12000138625024,0,82.0,154816576.0,92.0,0.0,100.0,6.0,100.0,0.0,85.0,288799523.0,97.0,2784.0,100.0,0.0,100.0,6.0,,,,,100.0,0.0,100.0,0.0,,,75.0,25.0,,,100.0,33.0,100.0,1301.0,25.0,25.0,100.0,0.0,100.0,0.0,200.0,0.0,100.0,2549.0,100.0,28644721568.0,100.0,28150876006.0
2019-06-24,ZJV1ZZQ2,ST12000NM0007,12000138625024,0,82.0,151484688.0,92.0,0.0,100.0,6.0,100.0,0.0,85.0,293137538.0,97.0,2816.0,100.0,0.0,100.0,6.0,,,,,100.0,0.0,100.0,0.0,,,75.0,25.0,,,100.0,34.0,100.0,1303.0,25.0,25.0,100.0,0.0,100.0,0.0,200.0,0.0,100.0,2581.0,100.0,28839393960.0,100.0,28441153094.0
2019-06-25,ZJV1ZZQ2,ST12000NM0007,12000138625024,0,82.0,151735560.0,92.0,0.0,100.0,6.0,100.0,0.0,85.0,295152192.0,97.0,2831.0,100.0,0.0,100.0,6.0,,,,,100.0,0.0,100.0,0.0,,,74.0,26.0,,,100.0,34.0,100.0,1303.0,26.0,26.0,100.0,0.0,100.0,0.0,200.0,0.0,100.0,2596.0,100.0,28939030144.0,100.0,28585908414.0
2019-06-26,ZJV1ZZQ2,ST12000NM0007,12000138625024,0,81.0,134140080.0,92.0,0.0,100.0,6.0,100.0,0.0,85.0,297111910.0,97.0,2847.0,100.0,0.0,100.0,6.0,,,,,100.0,0.0,100.0,0.0,,,74.0,26.0,,,100.0,35.0,100.0,1304.0,26.0,26.0,100.0,0.0,100.0,0.0,200.0,0.0,100.0,2612.0,100.0,29044269680.0,100.0,28707214662.0
2019-06-27,ZJV1ZZQ2,ST12000NM0007,12000138625024,0,77.0,51246456.0,92.0,0.0,100.0,6.0,100.0,0.0,85.0,301117904.0,97.0,2879.0,100.0,0.0,100.0,6.0,,,,,100.0,0.0,100.0,0.0,,,74.0,26.0,,,100.0,35.0,100.0,1305.0,26.0,26.0,100.0,0.0,100.0,0.0,200.0,0.0,100.0,2644.0,100.0,29148633664.0,100.0,29252379462.0
2019-06-28,ZJV1ZZQ2,ST12000NM0007,12000138625024,0,83.0,192965144.0,92.0,0.0,100.0,6.0,100.0,0.0,85.0,306073946.0,97.0,2910.0,100.0,0.0,100.0,6.0,,,,,100.0,0.0,100.0,0.0,,,75.0,25.0,,,100.0,35.0,100.0,1307.0,25.0,25.0,100.0,0.0,100.0,0.0,200.0,0.0,100.0,2675.0,100.0,29308993080.0,100.0,29722020294.0
2019-06-29,ZJV1ZZQ2,ST12000NM0007,12000138625024,0,84.0,225522600.0,92.0,0.0,100.0,6.0,100.0,0.0,85.0,307615303.0,97.0,2926.0,100.0,0.0,100.0,6.0,,,,,100.0,0.0,100.0,0.0,,,75.0,25.0,,,100.0,35.0,100.0,1307.0,25.0,25.0,100.0,0.0,100.0,0.0,200.0,0.0,100.0,2691.0,100.0,29357329168.0,100.0,29950382494.0
2019-06-30,ZJV1ZZQ2,ST12000NM0007,12000138625024,0,79.0,87836792.0,92.0,0.0,100.0,6.0,100.0,0.0,85.0,311830792.0,97.0,2958.0,100.0,0.0,100.0,6.0,,,,,100.0,0.0,100.0,0.0,,,75.0,25.0,,,100.0,35.0,100.0,1309.0,25.0,25.0,100.0,0.0,100.0,0.0,200.0,0.0,100.0,2722.0,100.0,29491658160.0,100.0,30410789798.0
2019-07-01,ZJV1ZZQ2,ST12000NM0007,12000138625024,0,82.0,148052264.0,92.0,0.0,100.0,6.0,100.0,0.0,85.0,314026635.0,97.0,2974.0,100.0,0.0,100.0,6.0,,,,,100.0,0.0,100.0,0.0,,,75.0,25.0,,,100.0,35.0,100.0,1309.0,25.0,25.0,100.0,0.0,100.0,0.0,200.0,0.0,100.0,2738.0,100.0,29557780752.0,100.0,30649023406.0
2019-07-02,ZJV1ZZQ2,ST12000NM0007,12000138625024,0,83.0,212897464.0,92.0,0.0,100.0,6.0,100.0,0.0,85.0,317452190.0,97.0,3006.0,100.0,0.0,100.0,6.0,,,,,100.0,0.0,100.0,0.0,,,75.0,25.0,,,100.0,35.0,100.0,1311.0,25.0,25.0,100.0,0.0,100.0,0.0,200.0,0.0,100.0,2770.0,100.0,29693852232.0,100.0,31066078886.0
2019-07-03,ZJV1ZZQ2,ST12000NM0007,12000138625024,0,83.0,216815576.0,92.0,0.0,100.0,6.0,100.0,0.0,85.0,318996122.0,97.0,3022.0,100.0,0.0,100.0,6.0,,,,,100.0,0.0,100.0,0.0,,,75.0,25.0,,,100.0,35.0,100.0,1311.0,25.0,25.0,100.0,0.0,100.0,0.0,200.0,0.0,100.0,2786.0,100.0,29760305208.0,100.0,31247685582.0
2019-07-04,ZJV1ZZQ2,ST12000NM0007,12000138625024,0,79.0,70836960.0,92.0,0.0,100.0,6.0,100.0,0.0,85.0,322733346.0,97.0,3053.0,100.0,0.0,100.0,6.0,,,,,100.0,0.0,100.0,0.0,,,74.0,26.0,,,100.0,36.0,100.0,1313.0,26.0,26.0,100.0,0.0,100.0,0.0,200.0,0.0,100.0,2818.0,100.0,29899382312.0,100.0,31695052238.0
2019-07-05,ZJV1ZZQ2,ST12000NM0007,12000138625024,0,81.0,123965432.0,92.0,0.0,100.0,6.0,100.0,0.0,85.0,324385535.0,97.0,3069.0,100.0,0.0,100.0,6.0,,,,,100.0,0.0,100.0,0.0,,,75.0,25.0,,,100.0,36.0,100.0,1313.0,25.0,25.0,100.0,0.0,100.0,0.0,200.0,0.0,100.0,2833.0,100.0,29960875656.0,100.0,31930828126.0
2019-07-06,ZJV1ZZQ2,ST12000NM0007,12000138625024,0,84.0,229057816.0,92.0,0.0,100.0,6.0,100.0,0.0,85.0,328371728.0,97.0,3101.0,100.0,0.0,100.0,6.0,,,,,100.0,0.0,100.0,0.0,,,73.0,27.0,,,100.0,36.0,100.0,1315.0,27.0,27.0,100.0,0.0,100.0,0.0,200.0,0.0,100.0,2865.0,100.0,30067846648.0,100.0,32417230846.0
2019-07-07,ZJV1ZZQ2,ST12000NM0007,12000138625024,0,78.0,58829936.0,92.0,0.0,100.0,6.0,100.0,0.0,85.0,330835057.0,97.0,3117.0,100.0,0.0,100.0,6.0,,,,,100.0,0.0,100.0,0.0,,,73.0,27.0,,,100.0,36.0,100.0,1315.0,27.0,27.0,100.0,0.0,100.0,0.0,200.0,0.0,100.0,2881.0,100.0,30131213352.0,100.0,32671917566.0
2019-07-08,ZJV1ZZQ2,ST12000NM0007,12000138625024,0,79.0,82302896.0,92.0,0.0,100.0,6.0,100.0,0.0,85.0,334622555.0,97.0,3148.0,100.0,0.0,100.0,6.0,,,,,100.0,0.0,100.0,0.0,,,73.0,27.0,,,100.0,37.0,100.0,1317.0,27.0,27.0,100.0,0.0,100.0,0.0,200.0,0.0,100.0,2912.0,100.0,30233703928.0,100.0,33081181262.0
2019-07-09,ZJV1ZZQ2,ST12000NM0007,12000138625024,0,78.0,66963792.0,92.0,0.0,100.0,6.0,100.0,0.0,85.0,336187397.0,97.0,3164.0,100.0,0.0,100.0,6.0,,,,,100.0,0.0,100.0,0.0,,,73.0,27.0,,,100.0,37.0,100.0,1317.0,27.0,27.0,100.0,0.0,100.0,0.0,200.0,0.0,100.0,2928.0,100.0,30273308048.0,100.0,33270378990.0
2019-07-10,ZJV1ZZQ2,ST12000NM0007,12000138625024,0,80.0,103141344.0,92.0,0.0,100.0,6.0,100.0,0.0,85.0,339484230.0,97.0,3196.0,100.0,0.0,100.0,6.0,,,,,100.0,0.0,100.0,0.0,,,72.0,28.0,,,100.0,37.0,100.0,1318.0,28.0,28.0,100.0,0.0,100.0,0.0,200.0,0.0,100.0,2959.0,100.0,30365290448.0,100.0,33702856870.0
2019-07-11,ZJV1ZZQ2,ST12000NM0007,12000138625024,0,82.0,176016400.0,92.0,0.0,100.0,6.0,100.0,0.0,85.0,341690033.0,97.0,3211.0,100.0,0.0,100.0,6.0,,,,,100.0,0.0,100.0,0.0,,,72.0,28.0,,,100.0,38.0,100.0,1319.0,28.0,28.0,100.0,0.0,100.0,0.0,200.0,0.0,100.0,2975.0,100.0,30459688024.0,100.0,33925475102.0
2019-07-12,ZJV1ZZQ2,ST12000NM0007,12000138625024,0,84.0,237341072.0,92.0,0.0,100.0,6.0,100.0,0.0,85.0,346157161.0,97.0,3243.0,100.0,0.0,100.0,6.0,,,,,100.0,0.0,100.0,0.0,,,73.0,27.0,,,100.0,38.0,100.0,1320.0,27.0,27.0,100.0,0.0,100.0,0.0,200.0,0.0,100.0,3007.0,100.0,30604030216.0,100.0,34330739318.0
2019-07-13,ZJV1ZZQ2,ST12000NM0007,12000138625024,0,84.0,231348120.0,92.0,0.0,100.0,6.0,100.0,0.0,85.0,347900831.0,97.0,3259.0,100.0,0.0,100.0,6.0,,,,,100.0,0.0,100.0,0.0,,,73.0,27.0,,,100.0,38.0,100.0,1321.0,27.0,27.0,100.0,0.0,100.0,0.0,200.0,0.0,100.0,3022.0,100.0,30666569584.0,100.0,34506347806.0
2019-07-14,ZJV1ZZQ2,ST12000NM0007,12000138625024,0,79.0,79170168.0,92.0,0.0,100.0,6.0,100.0,0.0,85.0,351573481.0,97.0,3291.0,100.0,0.0,100.0,6.0,,,,,100.0,0.0,100.0,0.0,,,73.0,27.0,,,100.0,38.0,100.0,1322.0,27.0,27.0,100.0,0.0,100.0,0.0,200.0,0.0,100.0,3054.0,100.0,30853372912.0,100.0,34899788846.0
2019-07-15,ZJV1ZZQ2,ST12000NM0007,12000138625024,0,80.0,95754960.0,92.0,0.0,100.0,6.0,100.0,0.0,85.0,353722824.0,97.0,3306.0,100.0,0.0,100.0,6.0,,,,,100.0,0.0,100.0,0.0,,,73.0,27.0,,,100.0,39.0,100.0,1323.0,27.0,27.0,100.0,0.0,100.0,0.0,200.0,0.0,100.0,3070.0,100.0,30892839856.0,100.0,35121050430.0
2019-07-16,ZJV1ZZQ2,ST12000NM0007,12000138625024,0,80.0,99554840.0,92.0,0.0,100.0,6.0,100.0,0.0,86.0,356735067.0,97.0,3338.0,100.0,0.0,100.0,6.0,,,,,100.0,0.0,100.0,0.0,,,73.0,27.0,,,100.0,39.0,100.0,1324.0,27.0,27.0,100.0,0.0,100.0,0.0,200.0,0.0,100.0,3101.0,100.0,30967842872.0,100.0,35538130270.0
2019-07-17,ZJV1ZZQ2,ST12000NM0007,12000138625024,0,81.0,119626240.0,92.0,0.0,100.0,6.0,100.0,0.0,86.0,358208574.0,97.0,3354.0,100.0,0.0,100.0,6.0,,,,,100.0,0.0,100.0,0.0,,,74.0,26.0,,,100.0,40.0,100.0,1325.0,26.0,26.0,100.0,0.0,100.0,0.0,200.0,0.0,100.0,3117.0,100.0,31014741728.0,100.0,35755443630.0
2019-07-18,ZJV1ZZQ2,ST12000NM0007,12000138625024,0,82.0,169119472.0,92.0,0.0,100.0,6.0,100.0,0.0,86.0,361275976.0,97.0,3386.0,100.0,0.0,100.0,6.0,,,,,100.0,0.0,100.0,0.0,,,72.0,28.0,,,100.0,41.0,100.0,1326.0,28.0,28.0,100.0,0.0,100.0,0.0,200.0,0.0,100.0,3149.0,100.0,31124891528.0,100.0,36183069030.0
2019-07-19,ZJV1ZZQ2,ST12000NM0007,12000138625024,0,81.0,114718536.0,92.0,0.0,100.0,6.0,100.0,0.0,86.0,369966320.0,97.0,3417.0,100.0,0.0,100.0,6.0,,,,,100.0,0.0,100.0,0.0,,,72.0,28.0,,,100.0,41.0,100.0,1328.0,28.0,28.0,100.0,0.0,100.0,0.0,200.0,0.0,100.0,3180.0,100.0,31203685160.0,100.0,38247141750.0
2019-07-20,ZJV1ZZQ2,ST12000NM0007,12000138625024,0,82.0,155949648.0,92.0,0.0,100.0,6.0,100.0,0.0,86.0,377357978.0,97.0,3433.0,100.0,0.0,100.0,6.0,,,,,100.0,0.0,100.0,0.0,,,71.0,29.0,,,100.0,41.0,100.0,1328.0,29.0,29.0,100.0,0.0,100.0,0.0,200.0,0.0,100.0,3196.0,100.0,31221887808.0,100.0,40467436646.0
2019-07-21,ZJV1ZZQ2,ST12000NM0007,12000138625024,0,78.0,61661360.0,92.0,0.0,100.0,6.0,100.0,0.0,86.0,390177100.0,97.0,3465.0,100.0,0.0,100.0,6.0,,,,,100.0,0.0,100.0,0.0,,,71.0,29.0,,,100.0,41.0,100.0,1330.0,29.0,29.0,100.0,0.0,100.0,0.0,200.0,0.0,100.0,3227.0,100.0,31250652128.0,100.0,43762354262.0
2019-07-22,ZJV1ZZQ2,ST12000NM0007,12000138625024,0,73.0,21437752.0,92.0,0.0,100.0,6.0,100.0,0.0,86.0,395482613.0,97.0,3481.0,100.0,0.0,100.0,6.0,,,,,100.0,0.0,100.0,0.0,,,73.0,27.0,,,100.0,41.0,100.0,1330.0,27.0,27.0,100.0,0.0,100.0,0.0,200.0,0.0,100.0,3243.0,100.0,31267234408.0,100.0,45170392910.0
2019-07-23,ZJV1ZZQ2,ST12000NM0007,12000138625024,0,84.0,230557536.0,92.0,0.0,100.0,6.0,100.0,0.0,86.0,398326193.0,96.0,3512.0,100.0,0.0,100.0,6.0,,,,,100.0,0.0,100.0,0.0,,,73.0,27.0,,,100.0,42.0,100.0,1332.0,27.0,27.0,100.0,0.0,100.0,0.0,200.0,0.0,100.0,3274.0,100.0,31357212080.0,100.0,45533675662.0
2019-07-24,ZJV1ZZQ2,ST12000NM0007,12000138625024,0,70.0,10205256.0,92.0,0.0,100.0,6.0,100.0,0.0,86.0,399858529.0,96.0,3528.0,100.0,0.0,100.0,6.0,,,,,100.0,0.0,100.0,0.0,,,73.0,27.0,,,100.0,42.0,100.0,1332.0,27.0,27.0,100.0,0.0,100.0,0.0,200.0,0.0,100.0,3290.0,100.0,31427395056.0,100.0,45731421894.0
2019-07-25,ZJV1ZZQ2,ST12000NM0007,12000138625024,0,82.0,143029376.0,92.0,0.0,100.0,6.0,100.0,0.0,86.0,403345239.0,96.0,3560.0,100.0,0.0,100.0,6.0,,,,,100.0,0.0,100.0,0.0,,,73.0,27.0,,,100.0,42.0,100.0,1335.0,27.0,27.0,100.0,0.0,100.0,0.0,200.0,0.0,100.0,3321.0,100.0,31561249752.0,100.0,46218672638.0
2019-07-26,ZJV1ZZQ2,ST12000NM0007,12000138625024,0,82.0,148800720.0,92.0,0.0,100.0,6.0,100.0,0.0,86.0,405088033.0,96.0,3575.0,100.0,0.0,100.0,6.0,,,,,100.0,0.0,100.0,0.0,,,72.0,28.0,,,100.0,42.0,100.0,1336.0,28.0,28.0,100.0,0.0,100.0,0.0,200.0,0.0,100.0,3337.0,100.0,31619140896.0,100.0,46410694518.0
2019-07-27,ZJV1ZZQ2,ST12000NM0007,12000138625024,0,78.0,66089544.0,92.0,0.0,100.0,6.0,100.0,0.0,86.0,410291634.0,96.0,3607.0,100.0,0.0,100.0,6.0,,,,,100.0,0.0,100.0,0.0,,,71.0,29.0,,,100.0,42.0,100.0,1337.0,29.0,29.0,100.0,0.0,100.0,0.0,200.0,0.0,100.0,3368.0,100.0,31761183088.0,100.0,46918363854.0
2019-07-28,ZJV1ZZQ2,ST12000NM0007,12000138625024,0,80.0,106783720.0,92.0,0.0,100.0,6.0,100.0,0.0,86.0,412278781.0,96.0,3623.0,100.0,0.0,100.0,6.0,,,,,100.0,0.0,100.0,0.0,,,72.0,28.0,,,100.0,43.0,100.0,1338.0,28.0,28.0,100.0,0.0,100.0,0.0,200.0,0.0,100.0,3384.0,100.0,31823840544.0,100.0,47140541582.0
2019-07-29,ZJV1ZZQ2,ST12000NM0007,12000138625024,0,80.0,89675640.0,92.0,0.0,100.0,6.0,100.0,0.0,86.0,416352284.0,96.0,3655.0,100.0,0.0,100.0,6.0,,,,,100.0,0.0,100.0,0.0,,,73.0,27.0,,,100.0,43.0,100.0,1339.0,27.0,27.0,100.0,0.0,100.0,0.0,200.0,0.0,100.0,3416.0,100.0,31969529656.0,100.0,47466026022.0
2019-07-30,ZJV1ZZQ2,ST12000NM0007,12000138625024,0,82.0,170332504.0,92.0,0.0,100.0,6.0,100.0,0.0,86.0,418437253.0,96.0,3671.0,100.0,0.0,100.0,6.0,,,,,100.0,0.0,100.0,0.0,,,74.0,26.0,,,100.0,44.0,100.0,1340.0,26.0,26.0,100.0,0.0,100.0,0.0,200.0,0.0,100.0,3431.0,100.0,32071890464.0,100.0,47688462718.0
2019-07-31,ZJV1ZZQ2,ST12000NM0007,12000138625024,0,83.0,215600520.0,92.0,0.0,100.0,6.0,100.0,0.0,86.0,420171826.0,96.0,3686.0,100.0,0.0,100.0,6.0,,,,,100.0,0.0,100.0,0.0,,,73.0,27.0,,,100.0,45.0,100.0,1341.0,27.0,27.0,100.0,0.0,100.0,0.0,200.0,0.0,100.0,3447.0,100.0,32128187800.0,100.0,47921574166.0
2019-08-01,ZJV1ZZQ2,ST12000NM0007,12000138625024,0,82.0,170547304.0,92.0,0.0,100.0,6.0,100.0,0.0,86.0,423718928.0,96.0,3718.0,100.0,0.0,100.0,6.0,,,,,100.0,0.0,100.0,0.0,,,73.0,27.0,,,100.0,45.0,100.0,1342.0,27.0,27.0,100.0,0.0,100.0,0.0,200.0,0.0,100.0,3478.0,100.0,32230442864.0,100.0,48262547718.0
2019-08-02,ZJV1ZZQ2,ST12000NM0007,12000138625024,0,82.0,164324464.0,92.0,0.0,100.0,6.0,100.0,0.0,86.0,425906392.0,96.0,3734.0,100.0,0.0,100.0,6.0,,,,,100.0,0.0,100.0,0.0,,,73.0,27.0,,,100.0,45.0,100.0,1343.0,27.0,27.0,100.0,0.0,100.0,0.0,200.0,0.0,100.0,3494.0,100.0,32304014176.0,100.0,48426894198.0
2019-08-03,ZJV1ZZQ2,ST12000NM0007,12000138625024,0,83.0,183121312.0,92.0,0.0,100.0,6.0,100.0,0.0,86.0,430416651.0,96.0,3766.0,100.0,0.0,100.0,6.0,,,,,100.0,0.0,100.0,0.0,,,73.0,27.0,,,100.0,45.0,100.0,1344.0,27.0,27.0,100.0,0.0,100.0,0.0,200.0,0.0,100.0,3526.0,100.0,32448562448.0,100.0,48789424046.0
2019-08-04,ZJV1ZZQ2,ST12000NM0007,12000138625024,0,84.0,234264696.0,92.0,0.0,100.0,6.0,100.0,0.0,86.0,432797781.0,96.0,3781.0,100.0,0.0,100.0,6.0,,,,,100.0,0.0,100.0,0.0,,,74.0,26.0,,,100.0,45.0,100.0,1345.0,26.0,26.0,100.0,0.0,100.0,0.0,200.0,0.0,100.0,3542.0,100.0,32600790176.0,100.0,48932480518.0
2019-08-05,ZJV1ZZQ2,ST12000NM0007,12000138625024,0,79.0,86844752.0,92.0,0.0,100.0,6.0,100.0,0.0,86.0,437947169.0,96.0,3813.0,100.0,0.0,100.0,6.0,,,,,100.0,0.0,100.0,0.0,,,74.0,26.0,,,100.0,45.0,100.0,1346.0,26.0,26.0,100.0,0.0,100.0,0.0,200.0,0.0,100.0,3573.0,100.0,32851525472.0,100.0,49266748094.0
2019-08-06,ZJV1ZZQ2,ST12000NM0007,12000138625024,0,82.0,153140952.0,92.0,0.0,100.0,6.0,100.0,0.0,86.0,440336879.0,96.0,3829.0,100.0,0.0,100.0,6.0,,,,,100.0,0.0,100.0,0.0,,,74.0,26.0,,,100.0,45.0,100.0,1347.0,26.0,26.0,100.0,0.0,100.0,0.0,200.0,0.0,100.0,3589.0,100.0,32964958504.0,100.0,49463751950.0
2019-08-07,ZJV1ZZQ2,ST12000NM0007,12000138625024,0,82.0,165862048.0,92.0,0.0,100.0,6.0,100.0,0.0,86.0,444209284.0,96.0,3861.0,100.0,0.0,100.0,6.0,,,,,100.0,0.0,100.0,0.0,,,74.0,26.0,,,100.0,45.0,100.0,1348.0,26.0,26.0,100.0,0.0,100.0,0.0,200.0,0.0,100.0,3621.0,100.0,33181336528.0,100.0,49748376534.0
2019-08-08,ZJV1ZZQ2,ST12000NM0007,12000138625024,0,81.0,128261024.0,92.0,0.0,100.0,6.0,100.0,0.0,87.0,447888923.0,96.0,3892.0,100.0,0.0,100.0,6.0,,,,,100.0,0.0,100.0,0.0,,,74.0,26.0,,,100.0,45.0,100.0,1350.0,26.0,26.0,100.0,0.0,100.0,0.0,200.0,0.0,100.0,3652.0,100.0,33327791272.0,100.0,50052603038.0
2019-08-09,ZJV1ZZQ2,ST12000NM0007,12000138625024,0,81.0,121147688.0,92.0,0.0,100.0,6.0,100.0,0.0,87.0,449744619.0,96.0,3908.0,100.0,0.0,100.0,6.0,,,,,100.0,0.0,100.0,0.0,,,74.0,26.0,,,100.0,46.0,100.0,1351.0,26.0,26.0,100.0,0.0,100.0,0.0,200.0,0.0,100.0,3668.0,100.0,33396054856.0,100.0,50221367126.0
2019-08-10,ZJV1ZZQ2,ST12000NM0007,12000138625024,0,83.0,211370288.0,92.0,0.0,100.0,6.0,100.0,0.0,87.0,455598767.0,96.0,3940.0,100.0,0.0,100.0,6.0,,,,,100.0,0.0,100.0,0.0,,,73.0,27.0,,,100.0,46.0,100.0,1352.0,27.0,27.0,100.0,0.0,100.0,0.0,200.0,0.0,100.0,3699.0,100.0,33592175960.0,100.0,50603750030.0
2019-08-11,ZJV1ZZQ2,ST12000NM0007,12000138625024,0,84.0,241349776.0,92.0,0.0,100.0,6.0,100.0,0.0,87.0,457778158.0,96.0,3956.0,100.0,0.0,100.0,6.0,,,,,100.0,0.0,100.0,0.0,,,74.0,26.0,,,100.0,46.0,100.0,1353.0,26.0,26.0,100.0,0.0,100.0,0.0,200.0,0.0,100.0,3715.0,100.0,33658912560.0,100.0,50811133718.0
2019-08-12,ZJV1ZZQ2,ST12000NM0007,12000138625024,0,84.0,224408136.0,92.0,0.0,100.0,6.0,100.0,0.0,87.0,462439762.0,96.0,3987.0,100.0,0.0,100.0,6.0,,,,,100.0,0.0,100.0,0.0,,,73.0,27.0,,,100.0,46.0,100.0,1354.0,27.0,27.0,100.0,0.0,100.0,0.0,200.0,0.0,100.0,3747.0,100.0,33811450216.0,100.0,51129935926.0
2019-08-13,ZJV1ZZQ2,ST12000NM0007,12000138625024,0,79.0,70812336.0,92.0,0.0,100.0,6.0,100.0,0.0,87.0,464874914.0,96.0,4003.0,100.0,0.0,100.0,6.0,,,,,100.0,0.0,100.0,0.0,,,73.0,27.0,,,100.0,46.0,100.0,1355.0,27.0,27.0,100.0,0.0,100.0,0.0,200.0,0.0,100.0,3762.0,100.0,33949653472.0,100.0,51326418310.0
2019-08-14,ZJV1ZZQ2,ST12000NM0007,12000138625024,0,82.0,170436344.0,92.0,0.0,100.0,6.0,100.0,0.0,87.0,469345070.0,96.0,4035.0,100.0,0.0,100.0,6.0,,,,,100.0,0.0,100.0,0.0,,,73.0,27.0,,,100.0,46.0,100.0,1356.0,27.0,27.0,100.0,0.0,100.0,0.0,200.0,0.0,100.0,3794.0,100.0,34142711152.0,100.0,51721266094.0
2019-08-15,ZJV1ZZQ2,ST12000NM0007,12000138625024,0,80.0,93332224.0,92.0,0.0,100.0,6.0,100.0,0.0,87.0,470923321.0,96.0,4051.0,100.0,0.0,100.0,6.0,,,,,100.0,0.0,100.0,0.0,,,74.0,26.0,,,100.0,47.0,100.0,1358.0,26.0,26.0,100.0,0.0,100.0,0.0,200.0,0.0,100.0,3810.0,100.0,34164219056.0,100.0,51866794766.0
2019-08-16,ZJV1ZZQ2,ST12000NM0007,12000138625024,0,83.0,198429952.0,92.0,0.0,100.0,6.0,100.0,0.0,87.0,474521248.0,96.0,4082.0,100.0,0.0,100.0,6.0,,,,,100.0,0.0,100.0,0.0,,,73.0,27.0,,,100.0,48.0,100.0,1359.0,27.0,27.0,100.0,0.0,100.0,0.0,200.0,0.0,100.0,3841.0,100.0,34250176728.0,100.0,52130075574.0
2019-08-17,ZJV1ZZQ2,ST12000NM0007,12000138625024,0,80.0,95944608.0,92.0,0.0,100.0,6.0,100.0,0.0,87.0,476240299.0,96.0,4098.0,100.0,0.0,100.0,6.0,,,,,100.0,0.0,100.0,0.0,,,74.0,26.0,,,100.0,49.0,100.0,1360.0,26.0,26.0,100.0,0.0,100.0,0.0,200.0,0.0,100.0,3857.0,100.0,34279258416.0,100.0,52242649590.0
2019-08-18,ZJV1ZZQ2,ST12000NM0007,12000138625024,0,83.0,199252320.0,92.0,0.0,100.0,6.0,100.0,0.0,87.0,479294380.0,96.0,4130.0,100.0,0.0,100.0,6.0,,,,,100.0,0.0,100.0,0.0,,,73.0,27.0,,,100.0,50.0,100.0,1361.0,27.0,27.0,100.0,0.0,100.0,0.0,200.0,0.0,100.0,3889.0,100.0,34339904968.0,100.0,52529451542.0
2019-08-19,ZJV1ZZQ2,ST12000NM0007,12000138625024,0,82.0,176656392.0,92.0,0.0,100.0,6.0,100.0,0.0,87.0,481694711.0,96.0,4146.0,100.0,0.0,100.0,6.0,,,,,100.0,0.0,100.0,0.0,,,75.0,25.0,,,100.0,50.0,100.0,1363.0,25.0,25.0,100.0,0.0,100.0,0.0,200.0,0.0,100.0,3904.0,100.0,34365288168.0,100.0,52725613286.0
2019-08-20,ZJV1ZZQ2,ST12000NM0007,12000138625024,0,79.0,80483960.0,92.0,0.0,100.0,6.0,100.0,0.0,87.0,485016489.0,96.0,4177.0,100.0,0.0,100.0,6.0,,,,,100.0,0.0,100.0,0.0,,,74.0,26.0,,,100.0,50.0,100.0,1364.0,26.0,26.0,100.0,0.0,100.0,0.0,200.0,0.0,100.0,3936.0,100.0,34450499896.0,100.0,53032510486.0
2019-08-21,ZJV1ZZQ2,ST12000NM0007,12000138625024,0,77.0,48987688.0,92.0,0.0,100.0,6.0,100.0,0.0,87.0,486802248.0,96.0,4193.0,100.0,0.0,100.0,6.0,,,,,100.0,0.0,100.0,0.0,,,74.0,26.0,,,100.0,50.0,100.0,1365.0,26.0,26.0,100.0,0.0,100.0,0.0,200.0,0.0,100.0,3951.0,100.0,34485352440.0,100.0,53210302430.0
2019-08-22,ZJV1ZZQ2,ST12000NM0007,12000138625024,0,83.0,195852432.0,92.0,0.0,100.0,6.0,100.0,0.0,87.0,491080951.0,96.0,4225.0,100.0,0.0,100.0,6.0,,,,,100.0,0.0,100.0,0.0,,,73.0,27.0,,,100.0,50.0,100.0,1366.0,27.0,27.0,100.0,0.0,100.0,0.0,200.0,0.0,100.0,3982.0,100.0,34554044904.0,100.0,53532615542.0
2019-08-23,ZJV1ZZQ2,ST12000NM0007,12000138625024,0,80.0,105650632.0,92.0,0.0,100.0,6.0,100.0,0.0,87.0,492824544.0,96.0,4241.0,100.0,0.0,100.0,6.0,,,,,100.0,0.0,100.0,0.0,,,75.0,25.0,,,100.0,51.0,100.0,1367.0,25.0,25.0,100.0,0.0,100.0,0.0,200.0,0.0,100.0,3998.0,100.0,34603153008.0,100.0,53637446446.0
2019-08-24,ZJV1ZZQ2,ST12000NM0007,12000138625024,0,81.0,114979896.0,92.0,0.0,100.0,6.0,100.0,0.0,87.0,497325481.0,96.0,4272.0,100.0,0.0,100.0,6.0,,,,,100.0,0.0,100.0,0.0,,,73.0,27.0,,,100.0,51.0,100.0,1368.0,27.0,27.0,100.0,0.0,100.0,0.0,200.0,0.0,100.0,4029.0,100.0,34705988568.0,100.0,54032221462.0
2019-08-25,ZJV1ZZQ2,ST12000NM0007,12000138625024,0,79.0,76534352.0,92.0,0.0,100.0,6.0,100.0,0.0,87.0,498982281.0,96.0,4288.0,100.0,0.0,100.0,6.0,,,,,100.0,0.0,100.0,0.0,,,75.0,25.0,,,100.0,51.0,100.0,1369.0,25.0,25.0,100.0,0.0,100.0,0.0,200.0,0.0,100.0,4045.0,100.0,34744400216.0,100.0,54199505998.0
2019-08-26,ZJV1ZZQ2,ST12000NM0007,12000138625024,0,78.0,62692824.0,92.0,0.0,100.0,6.0,100.0,0.0,87.0,504587053.0,96.0,4335.0,100.0,0.0,100.0,6.0,,,,,100.0,0.0,100.0,0.0,,,75.0,25.0,,,100.0,51.0,100.0,1371.0,25.0,25.0,100.0,0.0,100.0,0.0,200.0,0.0,100.0,4092.0,100.0,34891932336.0,100.0,54526413838.0
2019-08-27,ZJV1ZZQ2,ST12000NM0007,12000138625024,0,78.0,62692824.0,92.0,0.0,100.0,6.0,100.0,0.0,87.0,504587053.0,96.0,4335.0,100.0,0.0,100.0,6.0,,,,,100.0,0.0,100.0,0.0,,,75.0,25.0,,,100.0,51.0,100.0,1371.0,25.0,25.0,100.0,0.0,100.0,0.0,200.0,0.0,100.0,4092.0,100.0,34891932336.0,100.0,54526413838.0
2019-08-28,ZJV1ZZQ2,ST12000NM0007,12000138625024,0,83.0,185868336.0,92.0,0.0,100.0,6.0,100.0,0.0,87.0,507856267.0,96.0,4367.0,100.0,0.0,100.0,6.0,,,,,100.0,0.0,100.0,0.0,,,74.0,26.0,,,100.0,52.0,100.0,1372.0,26.0,26.0,100.0,0.0,100.0,0.0,200.0,0.0,100.0,4124.0,100.0,34995512552.0,100.0,54790149990.0
2019-08-29,ZJV1ZZQ2,ST12000NM0007,12000138625024,0,79.0,87715256.0,92.0,0.0,100.0,6.0,100.0,0.0,87.0,509496570.0,95.0,4383.0,100.0,0.0,100.0,6.0,,,,,100.0,0.0,100.0,0.0,,,74.0,26.0,,,100.0,52.0,100.0,1373.0,26.0,26.0,100.0,0.0,100.0,0.0,200.0,0.0,100.0,4139.0,100.0,35047592808.0,100.0,54884057422.0
2019-08-30,ZJV1ZZQ2,ST12000NM0007,12000138625024,0,77.0,45934984.0,92.0,0.0,100.0,6.0,100.0,0.0,87.0,513897166.0,95.0,4415.0,100.0,0.0,100.0,6.0,,,,,100.0,0.0,100.0,0.0,,,74.0,26.0,,,100.0,53.0,100.0,1374.0,26.0,26.0,100.0,0.0,100.0,0.0,200.0,0.0,100.0,4171.0,100.0,35191940576.0,100.0,55186210678.0
2019-08-31,ZJV1ZZQ2,ST12000NM0007,12000138625024,0,82.0,173363736.0,92.0,0.0,100.0,6.0,100.0,0.0,87.0,516399979.0,95.0,4431.0,100.0,0.0,100.0,6.0,,,,,100.0,0.0,100.0,0.0,,,74.0,26.0,,,100.0,53.0,100.0,1375.0,26.0,26.0,100.0,0.0,100.0,0.0,200.0,0.0,100.0,4187.0,100.0,35232752696.0,100.0,55272827310.0
2019-09-01,ZJV1ZZQ2,ST12000NM0007,12000138625024,0,78.0,68811480.0,92.0,0.0,100.0,6.0,100.0,0.0,87.0,520274095.0,95.0,4462.0,100.0,0.0,100.0,6.0,,,,,100.0,0.0,100.0,0.0,,,74.0,26.0,,,100.0,53.0,100.0,1376.0,26.0,26.0,100.0,0.0,100.0,0.0,200.0,0.0,100.0,4218.0,100.0,35330825728.0,100.0,55558484134.0
2019-09-02,ZJV1ZZQ2,ST12000NM0007,12000138625024,0,77.0,48216008.0,92.0,0.0,100.0,6.0,100.0,0.0,87.0,522863676.0,95.0,4478.0,100.0,0.0,100.0,6.0,,,,,100.0,0.0,100.0,0.0,,,74.0,26.0,,,100.0,54.0,100.0,1377.0,26.0,26.0,100.0,0.0,100.0,0.0,200.0,0.0,100.0,4234.0,100.0,35398992088.0,100.0,55713863806.0
2019-09-03,ZJV1ZZQ2,ST12000NM0007,12000138625024,0,79.0,71230296.0,92.0,0.0,100.0,6.0,100.0,0.0,87.0,526298567.0,95.0,4510.0,100.0,0.0,100.0,6.0,,,,,100.0,0.0,100.0,0.0,,,74.0,26.0,,,100.0,55.0,100.0,1378.0,26.0,26.0,100.0,0.0,100.0,0.0,200.0,0.0,100.0,4266.0,100.0,35487567072.0,100.0,56136584566.0
2019-09-04,ZJV1ZZQ2,ST12000NM0007,12000138625024,0,81.0,120752000.0,92.0,0.0,100.0,6.0,100.0,0.0,87.0,529372218.0,95.0,4526.0,100.0,0.0,100.0,6.0,,,,,100.0,0.0,100.0,0.0,,,75.0,25.0,,,100.0,56.0,100.0,1379.0,25.0,25.0,100.0,0.0,100.0,0.0,200.0,0.0,100.0,4281.0,100.0,35534724648.0,100.0,56383089406.0
2019-09-05,ZJV1ZZQ2,ST12000NM0007,12000138625024,0,82.0,147935096.0,92.0,0.0,100.0,6.0,100.0,0.0,87.0,532810884.0,95.0,4557.0,100.0,0.0,100.0,6.0,,,,,100.0,0.0,100.0,0.0,,,74.0,26.0,,,100.0,56.0,100.0,1380.0,26.0,26.0,100.0,0.0,100.0,0.0,200.0,0.0,100.0,4313.0,100.0,35637147056.0,100.0,56796131678.0
2019-09-06,ZJV1ZZQ2,ST12000NM0007,12000138625024,0,78.0,68336760.0,92.0,0.0,100.0,6.0,100.0,0.0,87.0,537081529.0,95.0,4589.0,100.0,0.0,100.0,6.0,,,,,100.0,0.0,100.0,0.0,,,75.0,25.0,,,100.0,56.0,100.0,1381.0,25.0,25.0,100.0,0.0,100.0,0.0,200.0,0.0,100.0,4345.0,100.0,35720530624.0,100.0,57121431190.0
2019-09-07,ZJV1ZZQ2,ST12000NM0007,12000138625024,0,83.0,213351040.0,92.0,0.0,100.0,6.0,100.0,0.0,87.0,538493987.0,95.0,4605.0,100.0,0.0,100.0,6.0,,,,,100.0,0.0,100.0,0.0,,,75.0,25.0,,,100.0,57.0,100.0,1382.0,25.0,25.0,100.0,0.0,100.0,0.0,200.0,0.0,100.0,4360.0,100.0,35749189296.0,100.0,57237786798.0
2019-09-08,ZJV1ZZQ2,ST12000NM0007,12000138625024,0,82.0,155288024.0,92.0,0.0,100.0,6.0,100.0,0.0,87.0,541891106.0,95.0,4637.0,100.0,0.0,100.0,6.0,,,,,100.0,0.0,100.0,0.0,,,74.0,26.0,,,100.0,57.0,100.0,1383.0,26.0,26.0,100.0,0.0,100.0,0.0,200.0,0.0,100.0,4392.0,100.0,35862072648.0,100.0,57555122390.0
2019-09-09,ZJV1ZZQ2,ST12000NM0007,12000138625024,0,82.0,155744280.0,92.0,0.0,100.0,6.0,100.0,0.0,87.0,544529570.0,95.0,4652.0,100.0,0.0,100.0,6.0,,,,,100.0,0.0,100.0,0.0,,,74.0,26.0,,,100.0,58.0,100.0,1384.0,26.0,26.0,100.0,0.0,100.0,0.0,200.0,0.0,100.0,4407.0,100.0,35926555464.0,100.0,57735236462.0
2019-09-10,ZJV1ZZQ2,ST12000NM0007,12000138625024,0,82.0,165702392.0,92.0,0.0,100.0,6.0,100.0,0.0,87.0,548110582.0,95.0,4684.0,100.0,0.0,100.0,6.0,,,,,100.0,0.0,100.0,0.0,,,74.0,26.0,,,100.0,59.0,100.0,1385.0,26.0,26.0,100.0,0.0,100.0,0.0,200.0,0.0,100.0,4439.0,100.0,36001743944.0,100.0,58158287574.0
2019-09-11,ZJV1ZZQ2,ST12000NM0007,12000138625024,0,82.0,165747144.0,92.0,0.0,100.0,6.0,100.0,0.0,87.0,549848406.0,95.0,4700.0,100.0,0.0,100.0,6.0,,,,,100.0,0.0,100.0,0.0,,,74.0,26.0,,,100.0,60.0,100.0,1386.0,26.0,26.0,100.0,0.0,100.0,0.0,200.0,0.0,100.0,4455.0,100.0,36044843552.0,100.0,58359373566.0
2019-09-12,ZJV1ZZQ2,ST12000NM0007,12000138625024,0,83.0,205551800.0,92.0,0.0,100.0,6.0,100.0,0.0,87.0,553763125.0,95.0,4732.0,100.0,0.0,100.0,6.0,,,,,100.0,0.0,100.0,0.0,,,74.0,26.0,,,100.0,60.0,100.0,1387.0,26.0,26.0,100.0,0.0,100.0,0.0,200.0,0.0,100.0,4486.0,100.0,36183057096.0,100.0,58749245990.0
2019-09-13,ZJV1ZZQ2,ST12000NM0007,12000138625024,0,81.0,129254264.0,92.0,0.0,100.0,6.0,100.0,0.0,87.0,555298404.0,95.0,4747.0,100.0,0.0,100.0,6.0,,,,,100.0,0.0,100.0,0.0,,,74.0,26.0,,,100.0,60.0,100.0,1388.0,26.0,26.0,100.0,0.0,100.0,0.0,200.0,0.0,100.0,4502.0,100.0,36221563056.0,100.0,58878583166.0
2019-09-14,ZJV1ZZQ2,ST12000NM0007,12000138625024,0,82.0,176129352.0,92.0,0.0,100.0,6.0,100.0,0.0,87.0,560068575.0,95.0,4779.0,100.0,0.0,100.0,6.0,,,,,100.0,0.0,100.0,0.0,,,73.0,27.0,,,100.0,61.0,100.0,1389.0,27.0,27.0,100.0,0.0,100.0,0.0,200.0,0.0,100.0,4534.0,100.0,36332260504.0,100.0,59303042126.0
2019-09-15,ZJV1ZZQ2,ST12000NM0007,12000138625024,0,80.0,95777368.0,92.0,0.0,100.0,6.0,100.0,0.0,88.0,562460821.0,95.0,4795.0,100.0,0.0,100.0,6.0,,,,,100.0,0.0,100.0,0.0,,,73.0,27.0,,,100.0,61.0,100.0,1390.0,27.0,27.0,100.0,0.0,100.0,0.0,200.0,0.0,100.0,4549.0,100.0,36439460496.0,100.0,59603772238.0
2019-09-16,ZJV1ZZQ2,ST12000NM0007,12000138625024,0,80.0,95951552.0,92.0,0.0,100.0,6.0,100.0,0.0,88.0,567393220.0,95.0,4827.0,100.0,0.0,100.0,6.0,,,,,100.0,0.0,100.0,0.0,,,74.0,26.0,,,100.0,62.0,100.0,1391.0,26.0,26.0,100.0,0.0,100.0,0.0,200.0,0.0,100.0,4581.0,100.0,36576023704.0,100.0,59955669550.0
2019-09-17,ZJV1ZZQ2,ST12000NM0007,12000138625024,0,81.0,123352400.0,92.0,0.0,100.0,6.0,100.0,0.0,88.0,570327276.0,95.0,4843.0,100.0,0.0,100.0,6.0,,,,,100.0,0.0,100.0,0.0,,,74.0,26.0,,,100.0,62.0,100.0,1392.0,26.0,26.0,100.0,0.0,100.0,0.0,200.0,0.0,100.0,4597.0,100.0,36612947648.0,100.0,60190287126.0
2019-09-18,ZJV1ZZQ2,ST12000NM0007,12000138625024,0,83.0,188781664.0,92.0,0.0,100.0,6.0,100.0,0.0,88.0,574075327.0,95.0,4874.0,100.0,0.0,100.0,6.0,,,,,100.0,0.0,100.0,0.0,,,74.0,26.0,,,100.0,63.0,100.0,1393.0,26.0,26.0,100.0,0.0,100.0,0.0,200.0,0.0,100.0,4628.0,100.0,36736791288.0,100.0,60620154190.0
2019-09-19,ZJV1ZZQ2,ST12000NM0007,12000138625024,0,82.0,155669256.0,92.0,0.0,100.0,6.0,100.0,0.0,88.0,575676720.0,95.0,4890.0,100.0,0.0,100.0,6.0,,,,,100.0,0.0,100.0,0.0,,,74.0,26.0,,,100.0,64.0,100.0,1394.0,26.0,26.0,100.0,0.0,100.0,0.0,200.0,0.0,100.0,4644.0,100.0,36762003072.0,100.0,60805970630.0
2019-09-20,ZJV1ZZQ2,ST12000NM0007,12000138625024,0,81.0,121409152.0,92.0,0.0,100.0,6.0,100.0,0.0,88.0,579754562.0,95.0,4922.0,100.0,0.0,100.0,6.0,,,,,100.0,0.0,100.0,0.0,,,74.0,26.0,,,100.0,64.0,100.0,1395.0,26.0,26.0,100.0,0.0,100.0,0.0,200.0,0.0,100.0,4675.0,100.0,36878264016.0,100.0,61143731022.0
2019-09-21,ZJV1ZZQ2,ST12000NM0007,12000138625024,0,82.0,144533216.0,92.0,0.0,100.0,6.0,100.0,0.0,88.0,582655003.0,95.0,4938.0,100.0,0.0,100.0,6.0,,,,,100.0,0.0,100.0,0.0,,,75.0,25.0,,,100.0,64.0,100.0,1396.0,25.0,25.0,100.0,0.0,100.0,0.0,200.0,0.0,100.0,4691.0,100.0,36946488448.0,100.0,61342771302.0
2019-09-22,ZJV1ZZQ2,ST12000NM0007,12000138625024,0,80.0,111413744.0,92.0,0.0,100.0,6.0,100.0,0.0,88.0,586179996.0,95.0,4969.0,100.0,0.0,100.0,6.0,,,,,100.0,0.0,100.0,0.0,,,73.0,27.0,,,100.0,64.0,100.0,1397.0,27.0,27.0,100.0,0.0,100.0,0.0,200.0,0.0,100.0,4722.0,100.0,37000278168.0,100.0,61744145110.0
2019-09-23,ZJV1ZZQ2,ST12000NM0007,12000138625024,0,78.0,65146424.0,92.0,0.0,100.0,6.0,100.0,0.0,88.0,588911122.0,95.0,4985.0,100.0,0.0,100.0,6.0,,,,,100.0,0.0,100.0,0.0,,,75.0,25.0,,,100.0,64.0,100.0,1398.0,25.0,25.0,100.0,0.0,100.0,0.0,200.0,0.0,100.0,4738.0,100.0,37040778504.0,100.0,61901518086.0
2019-09-24,ZJV1ZZQ2,ST12000NM0007,12000138625024,0,81.0,131410392.0,92.0,0.0,100.0,6.0,100.0,0.0,88.0,592679639.0,95.0,5017.0,100.0,0.0,100.0,6.0,,,,,100.0,0.0,100.0,0.0,,,74.0,26.0,,,100.0,65.0,100.0,1399.0,26.0,26.0,100.0,0.0,100.0,0.0,200.0,0.0,100.0,4770.0,100.0,37168356984.0,100.0,62328485230.0
2019-09-25,ZJV1ZZQ2,ST12000NM0007,12000138625024,0,80.0,100542608.0,92.0,0.0,100.0,6.0,100.0,0.0,88.0,596026970.0,95.0,5048.0,100.0,0.0,100.0,6.0,,,,,100.0,0.0,100.0,0.0,,,75.0,25.0,,,100.0,65.0,100.0,1401.0,25.0,25.0,100.0,0.0,100.0,0.0,200.0,0.0,100.0,4801.0,100.0,37236971640.0,100.0,62717284502.0
2019-09-26,ZJV1ZZQ2,ST12000NM0007,12000138625024,0,78.0,64754240.0,92.0,0.0,100.0,6.0,100.0,0.0,88.0,597527952.0,95.0,5064.0,100.0,0.0,100.0,6.0,,,,,100.0,0.0,100.0,0.0,,,74.0,26.0,,,100.0,65.0,100.0,1401.0,26.0,26.0,100.0,0.0,100.0,0.0,200.0,0.0,100.0,4817.0,100.0,37262256128.0,100.0,62900352582.0
2019-09-27,ZJV1ZZQ2,ST12000NM0007,12000138625024,0,81.0,128762384.0,92.0,0.0,100.0,6.0,100.0,0.0,88.0,602464260.0,95.0,5096.0,100.0,0.0,100.0,6.0,,,,,100.0,0.0,100.0,0.0,,,74.0,26.0,,,100.0,66.0,100.0,1402.0,26.0,26.0,100.0,0.0,100.0,0.0,200.0,0.0,100.0,4849.0,100.0,37364618152.0,100.0,63350280022.0
2019-09-28,ZJV1ZZQ2,ST12000NM0007,12000138625024,0,82.0,161059616.0,92.0,0.0,100.0,6.0,100.0,0.0,88.0,604427840.0,95.0,5112.0,100.0,0.0,100.0,6.0,,,,,100.0,0.0,100.0,0.0,,,75.0,25.0,,,100.0,67.0,100.0,1403.0,25.0,25.0,100.0,0.0,100.0,0.0,200.0,0.0,100.0,4864.0,100.0,37427356728.0,100.0,63563979366.0
2019-09-29,ZJV1ZZQ2,ST12000NM0007,12000138625024,0,84.0,230012584.0,92.0,0.0,100.0,6.0,100.0,0.0,88.0,608193637.0,95.0,5144.0,100.0,0.0,100.0,6.0,,,,,100.0,0.0,100.0,0.0,,,74.0,26.0,,,100.0,69.0,100.0,1405.0,26.0,26.0,100.0,0.0,100.0,0.0,200.0,0.0,100.0,4896.0,100.0,37518257856.0,100.0,64030312654.0
2019-09-30,ZJV1ZZQ2,ST12000NM0007,12000138625024,0,84.0,228148896.0,92.0,0.0,100.0,6.0,100.0,0.0,88.0,611124921.0,95.0,5159.0,100.0,0.0,100.0,6.0,,,,,100.0,0.0,100.0,0.0,,,74.0,26.0,,,100.0,69.0,100.0,1405.0,26.0,26.0,100.0,0.0,100.0,0.0,200.0,0.0,100.0,4911.0,100.0,37571159408.0,100.0,64219688046.0
2019-10-01,ZJV1ZZQ2,ST12000NM0007,12000138625024,0,79.0,81863616.0,92.0,0.0,100.0,6.0,100.0,0.0,88.0,614811777.0,95.0,5191.0,100.0,0.0,100.0,6.0,,,,,100.0,0.0,100.0,0.0,,,75.0,25.0,,,100.0,69.0,100.0,1407.0,25.0,25.0,100.0,0.0,100.0,0.0,200.0,0.0,100.0,4943.0,100.0,37683872552.0,100.0,64693112086.0
2019-10-02,ZJV1ZZQ2,ST12000NM0007,12000138625024,0,80.0,104581360.0,92.0,0.0,100.0,6.0,100.0,0.0,88.0,616533446.0,95.0,5207.0,100.0,0.0,100.0,6.0,,,,,100.0,0.0,100.0,0.0,,,75.0,25.0,,,100.0,69.0,100.0,1407.0,25.0,25.0,100.0,0.0,100.0,0.0,200.0,0.0,100.0,4959.0,100.0,37732947928.0,100.0,64910895190.0
2019-10-03,ZJV1ZZQ2,ST12000NM0007,12000138625024,0,72.0,15768976.0,92.0,0.0,100.0,6.0,100.0,0.0,88.0,618342283.0,95.0,5239.0,100.0,0.0,100.0,6.0,,,,,100.0,0.0,100.0,0.0,,,76.0,24.0,,,100.0,69.0,100.0,1409.0,24.0,24.0,100.0,0.0,100.0,0.0,200.0,0.0,100.0,4990.0,100.0,37771602432.0,100.0,65027568990.0
2019-10-04,ZJV1ZZQ2,ST12000NM0007,12000138625024,0,80.0,97489728.0,92.0,0.0,100.0,6.0,100.0,0.0,88.0,619392838.0,95.0,5254.0,100.0,0.0,100.0,6.0,,,,,100.0,0.0,100.0,0.0,,,75.0,25.0,,,100.0,69.0,100.0,1409.0,25.0,25.0,100.0,0.0,100.0,0.0,200.0,0.0,100.0,5006.0,100.0,37789246424.0,100.0,65091645750.0
2019-10-05,ZJV1ZZQ2,ST12000NM0007,12000138625024,0,69.0,8219544.0,92.0,0.0,100.0,6.0,100.0,0.0,88.0,622064548.0,94.0,5286.0,100.0,0.0,100.0,6.0,,,,,100.0,0.0,100.0,0.0,,,75.0,25.0,,,100.0,70.0,100.0,1411.0,25.0,25.0,100.0,0.0,100.0,0.0,200.0,0.0,100.0,5038.0,100.0,37820921840.0,100.0,65214840782.0
2019-10-06,ZJV1ZZQ2,ST12000NM0007,12000138625024,0,80.0,102798592.0,92.0,0.0,100.0,6.0,100.0,0.0,88.0,623158236.0,94.0,5302.0,100.0,0.0,100.0,6.0,,,,,100.0,0.0,100.0,0.0,,,75.0,25.0,,,100.0,70.0,100.0,1412.0,25.0,25.0,100.0,0.0,100.0,0.0,200.0,0.0,100.0,5053.0,100.0,37845219448.0,100.0,65285122222.0
2019-10-07,ZJV1ZZQ2,ST12000NM0007,12000138625024,0,80.0,99991280.0,92.0,0.0,100.0,6.0,100.0,0.0,88.0,626588204.0,94.0,5334.0,100.0,0.0,100.0,6.0,,,,,100.0,0.0,100.0,0.0,,,75.0,25.0,,,100.0,71.0,100.0,1413.0,25.0,25.0,100.0,0.0,100.0,0.0,200.0,0.0,100.0,5085.0,100.0,37889095024.0,100.0,65482580086.0
2019-10-08,ZJV1ZZQ2,ST12000NM0007,12000138625024,0,84.0,228473136.0,92.0,0.0,100.0,6.0,100.0,0.0,88.0,627975918.0,94.0,5350.0,100.0,0.0,100.0,6.0,,,,,100.0,0.0,100.0,0.0,,,75.0,25.0,,,100.0,72.0,100.0,1414.0,25.0,25.0,100.0,0.0,100.0,0.0,200.0,0.0,100.0,5101.0,100.0,37929523040.0,100.0,65570633926.0
2019-10-09,ZJV1ZZQ2,ST12000NM0007,12000138625024,0,83.0,207078376.0,92.0,0.0,100.0,6.0,100.0,0.0,88.0,630321441.0,94.0,5381.0,100.0,0.0,100.0,6.0,,,,,100.0,0.0,100.0,0.0,,,75.0,25.0,,,100.0,72.0,100.0,1415.0,25.0,25.0,100.0,0.0,100.0,0.0,200.0,0.0,100.0,5132.0,100.0,37992071272.0,100.0,65730831758.0
2019-10-10,ZJV1ZZQ2,ST12000NM0007,12000138625024,0,78.0,63293528.0,92.0,0.0,100.0,6.0,100.0,0.0,88.0,631542615.0,94.0,5397.0,100.0,0.0,100.0,6.0,,,,,100.0,0.0,100.0,0.0,,,76.0,24.0,,,100.0,73.0,100.0,1416.0,24.0,24.0,100.0,0.0,100.0,0.0,200.0,0.0,100.0,5148.0,100.0,38029424624.0,100.0,65793834302.0
2019-10-11,ZJV1ZZQ2,ST12000NM0007,12000138625024,0,82.0,171630152.0,92.0,0.0,100.0,6.0,100.0,0.0,88.0,632601692.0,94.0,5413.0,100.0,0.0,100.0,6.0,,,,,100.0,0.0,100.0,0.0,,,75.0,25.0,,,100.0,73.0,100.0,1417.0,25.0,25.0,100.0,0.0,100.0,0.0,200.0,0.0,100.0,5163.0,100.0,38070084024.0,100.0,65861511526.0
2019-10-12,ZJV1ZZQ2,ST12000NM0007,12000138625024,0,81.0,136581440.0,92.0,0.0,100.0,6.0,100.0,0.0,88.0,635793391.0,94.0,5444.0,100.0,0.0,100.0,6.0,,,,,100.0,0.0,100.0,0.0,,,75.0,25.0,,,100.0,74.0,100.0,1418.0,25.0,25.0,100.0,0.0,100.0,0.0,200.0,0.0,100.0,5195.0,100.0,38126733872.0,100.0,66013953646.0
2019-10-13,ZJV1ZZQ2,ST12000NM0007,12000138625024,0,76.0,44538112.0,92.0,0.0,100.0,6.0,100.0,0.0,88.0,638134912.0,94.0,5476.0,100.0,0.0,100.0,6.0,,,,,100.0,0.0,100.0,0.0,,,75.0,25.0,,,100.0,75.0,100.0,1419.0,25.0,25.0,100.0,0.0,100.0,0.0,200.0,0.0,100.0,5227.0,100.0,38164012136.0,100.0,66128772806.0
2019-10-14,ZJV1ZZQ2,ST12000NM0007,12000138625024,0,81.0,139588088.0,92.0,0.0,100.0,6.0,100.0,0.0,88.0,639869487.0,94.0,5492.0,100.0,0.0,100.0,6.0,,,,,100.0,0.0,100.0,0.0,,,75.0,25.0,,,100.0,75.0,100.0,1420.0,25.0,25.0,100.0,0.0,100.0,0.0,200.0,0.0,100.0,5242.0,100.0,38180165832.0,100.0,66207669086.0
2019-10-15,ZJV1ZZQ2,ST12000NM0007,12000138625024,0,81.0,116955488.0,92.0,0.0,100.0,6.0,100.0,0.0,88.0,643288341.0,94.0,5540.0,100.0,0.0,100.0,6.0,,,,,100.0,0.0,100.0,0.0,,,75.0,25.0,,,100.0,77.0,100.0,1422.0,25.0,25.0,100.0,0.0,100.0,0.0,200.0,0.0,100.0,5289.0,100.0,38255212144.0,100.0,66598271606.0
2019-10-16,ZJV1ZZQ2,ST12000NM0007,12000138625024,0,81.0,116955488.0,92.0,0.0,100.0,6.0,100.0,0.0,88.0,643288341.0,94.0,5540.0,100.0,0.0,100.0,6.0,,,,,100.0,0.0,100.0,0.0,,,75.0,25.0,,,100.0,77.0,100.0,1422.0,25.0,25.0,100.0,0.0,100.0,0.0,200.0,0.0,100.0,5289.0,100.0,38255212144.0,100.0,66598271606.0
2019-10-17,ZJV1ZZQ2,ST12000NM0007,12000138625024,0,81.0,115001112.0,92.0,0.0,100.0,6.0,100.0,0.0,88.0,646509959.0,94.0,5571.0,100.0,0.0,100.0,6.0,,,,,100.0,0.0,100.0,0.0,,,75.0,25.0,,,100.0,77.0,100.0,1423.0,25.0,25.0,100.0,0.0,100.0,0.0,200.0,0.0,100.0,5321.0,100.0,38321905632.0,100.0,67017905982.0
2019-10-18,ZJV1ZZQ2,ST12000NM0007,12000138625024,0,79.0,70942168.0,92.0,0.0,100.0,6.0,100.0,0.0,88.0,647917161.0,94.0,5587.0,100.0,0.0,100.0,6.0,,,,,100.0,0.0,100.0,0.0,,,75.0,25.0,,,100.0,77.0,100.0,1424.0,25.0,25.0,100.0,0.0,100.0,0.0,200.0,0.0,100.0,5337.0,100.0,38338991704.0,100.0,67200901694.0
2019-10-19,ZJV1ZZQ2,ST12000NM0007,12000138625024,0,80.0,111354896.0,92.0,0.0,100.0,6.0,100.0,0.0,88.0,652514512.0,94.0,5619.0,100.0,0.0,100.0,6.0,,,,,100.0,0.0,100.0,0.0,,,75.0,25.0,,,100.0,78.0,100.0,1425.0,25.0,25.0,100.0,0.0,100.0,0.0,200.0,0.0,100.0,5368.0,100.0,38400568696.0,100.0,67668021622.0
2019-10-20,ZJV1ZZQ2,ST12000NM0007,12000138625024,0,81.0,114984600.0,92.0,0.0,100.0,6.0,100.0,0.0,88.0,654111757.0,94.0,5634.0,100.0,0.0,100.0,6.0,,,,,100.0,0.0,100.0,0.0,,,74.0,26.0,,,100.0,78.0,100.0,1426.0,26.0,26.0,100.0,0.0,100.0,0.0,200.0,0.0,100.0,5384.0,100.0,38453728512.0,100.0,67862632142.0
2019-10-21,ZJV1ZZQ2,ST12000NM0007,12000138625024,0,78.0,59889888.0,92.0,0.0,100.0,6.0,100.0,0.0,88.0,658011411.0,94.0,5666.0,100.0,0.0,100.0,6.0,,,,,100.0,0.0,100.0,0.0,,,75.0,25.0,,,100.0,79.0,100.0,1427.0,25.0,25.0,100.0,0.0,100.0,0.0,200.0,0.0,100.0,5415.0,100.0,38505077680.0,100.0,68244469702.0
2019-10-22,ZJV1ZZQ2,ST12000NM0007,12000138625024,0,78.0,58673824.0,92.0,0.0,100.0,6.0,100.0,0.0,88.0,659549109.0,94.0,5682.0,100.0,0.0,100.0,6.0,,,,,100.0,0.0,100.0,0.0,,,74.0,26.0,,,100.0,80.0,100.0,1428.0,26.0,26.0,100.0,0.0,100.0,0.0,200.0,0.0,100.0,5431.0,100.0,38536566688.0,100.0,68455905494.0
2019-10-23,ZJV1ZZQ2,ST12000NM0007,12000138625024,0,78.0,63260712.0,92.0,0.0,100.0,6.0,100.0,0.0,88.0,663193283.0,94.0,5714.0,100.0,0.0,100.0,6.0,,,,,100.0,0.0,100.0,0.0,,,74.0,26.0,,,100.0,80.0,100.0,1429.0,26.0,26.0,100.0,0.0,100.0,0.0,200.0,0.0,100.0,5462.0,100.0,38610179688.0,100.0,68875161278.0
2019-10-24,ZJV1ZZQ2,ST12000NM0007,12000138625024,0,77.0,49747224.0,92.0,0.0,100.0,6.0,100.0,0.0,88.0,665744241.0,94.0,5729.0,100.0,0.0,100.0,6.0,,,,,100.0,0.0,100.0,0.0,,,74.0,26.0,,,100.0,81.0,100.0,1430.0,26.0,26.0,100.0,0.0,100.0,0.0,200.0,0.0,100.0,5478.0,100.0,38648739864.0,100.0,69067228246.0
2019-10-25,ZJV1ZZQ2,ST12000NM0007,12000138625024,0,75.0,30237400.0,92.0,0.0,100.0,6.0,100.0,0.0,88.0,669338065.0,94.0,5761.0,100.0,0.0,100.0,6.0,,,,,100.0,0.0,100.0,0.0,,,74.0,26.0,,,100.0,81.0,100.0,1431.0,26.0,26.0,100.0,0.0,100.0,0.0,200.0,0.0,100.0,5510.0,100.0,38707380960.0,100.0,69477358758.0
2019-10-26,ZJV1ZZQ2,ST12000NM0007,12000138625024,0,74.0,23203536.0,92.0,0.0,100.0,6.0,100.0,0.0,88.0,671368212.0,94.0,5777.0,100.0,0.0,100.0,6.0,,,,,100.0,0.0,100.0,0.0,,,75.0,25.0,,,100.0,81.0,100.0,1432.0,25.0,25.0,100.0,0.0,100.0,0.0,200.0,0.0,100.0,5525.0,100.0,38733476104.0,100.0,69688370486.0
2019-10-27,ZJV1ZZQ2,ST12000NM0007,12000138625024,0,70.0,9857456.0,92.0,0.0,100.0,6.0,100.0,0.0,88.0,674396333.0,94.0,5808.0,100.0,0.0,100.0,6.0,,,,,100.0,0.0,100.0,0.0,,,75.0,25.0,,,100.0,82.0,100.0,1434.0,25.0,25.0,100.0,0.0,100.0,0.0,200.0,0.0,100.0,5557.0,100.0,38794413120.0,100.0,70102368984.0
2019-10-28,ZJV1ZZQ2,ST12000NM0007,12000138625024,0,83.0,220527528.0,92.0,0.0,100.0,6.0,100.0,0.0,88.0,677219280.0,94.0,5824.0,100.0,0.0,100.0,6.0,,,,,100.0,0.0,100.0,0.0,,,74.0,26.0,,,100.0,82.0,100.0,1434.0,26.0,26.0,100.0,0.0,100.0,0.0,200.0,0.0,100.0,5573.0,100.0,38832482448.0,100.0,70274969728.0
2019-10-29,ZJV1ZZQ2,ST12000NM0007,12000138625024,0,82.0,171088032.0,92.0,0.0,100.0,6.0,100.0,0.0,88.0,680694175.0,94.0,5856.0,100.0,0.0,100.0,6.0,,,,,100.0,0.0,100.0,0.0,,,75.0,25.0,,,100.0,82.0,100.0,1436.0,25.0,25.0,100.0,0.0,100.0,0.0,200.0,0.0,100.0,5604.0,100.0,38923766832.0,100.0,70622527176.0
2019-10-30,ZJV1ZZQ2,ST12000NM0007,12000138625024,0,82.0,155154032.0,92.0,0.0,100.0,6.0,100.0,0.0,88.0,682301461.0,94.0,5872.0,100.0,0.0,100.0,6.0,,,,,100.0,0.0,100.0,0.0,,,75.0,25.0,,,100.0,82.0,100.0,1436.0,25.0,25.0,100.0,0.0,100.0,0.0,200.0,0.0,100.0,5620.0,100.0,38962933544.0,100.0,70811567104.0
2019-10-31,ZJV1ZZQ2,ST12000NM0007,12000138625024,0,81.0,136262048.0,92.0,0.0,100.0,6.0,100.0,0.0,88.0,685615506.0,94.0,5903.0,100.0,0.0,100.0,6.0,,,,,100.0,0.0,100.0,0.0,,,74.0,26.0,,,100.0,83.0,100.0,1438.0,26.0,26.0,100.0,0.0,100.0,0.0,200.0,0.0,100.0,5651.0,100.0,39046286160.0,100.0,71197604032.0
2019-11-01,ZJV1ZZQ2,ST12000NM0007,12000138625024,0,82.0,161785768.0,92.0,0.0,100.0,6.0,100.0,0.0,88.0,690067064.0,94.0,5935.0,100.0,0.0,100.0,6.0,,,,,100.0,0.0,100.0,0.0,,,74.0,26.0,,,100.0,83.0,100.0,1439.0,26.0,26.0,100.0,0.0,100.0,0.0,200.0,0.0,100.0,5683.0,100.0,39123281984.0,100.0,71634413200.0
2019-11-02,ZJV1ZZQ2,ST12000NM0007,12000138625024,0,83.0,197181272.0,92.0,0.0,100.0,6.0,100.0,0.0,88.0,691635686.0,94.0,5951.0,100.0,0.0,100.0,6.0,,,,,100.0,0.0,100.0,0.0,,,75.0,25.0,,,100.0,83.0,100.0,1440.0,25.0,25.0,100.0,0.0,100.0,0.0,200.0,0.0,100.0,5698.0,100.0,39183585888.0,100.0,71853645504.0
2019-11-03,ZJV1ZZQ2,ST12000NM0007,12000138625024,0,82.0,161209600.0,92.0,0.0,100.0,6.0,100.0,0.0,88.0,694373248.0,94.0,5982.0,100.0,0.0,100.0,6.0,,,,,100.0,0.0,100.0,0.0,,,75.0,25.0,,,100.0,83.0,100.0,1441.0,25.0,25.0,100.0,0.0,100.0,0.0,200.0,0.0,100.0,5730.0,100.0,39225553896.0,100.0,72263988136.0
2019-11-04,ZJV1ZZQ2,ST12000NM0007,12000138625024,0,82.0,142070584.0,92.0,0.0,100.0,6.0,100.0,0.0,88.0,697582617.0,94.0,5998.0,100.0,0.0,100.0,6.0,,,,,100.0,0.0,100.0,0.0,,,74.0,26.0,,,100.0,83.0,100.0,1442.0,26.0,26.0,100.0,0.0,100.0,0.0,200.0,0.0,100.0,5746.0,100.0,39259854488.0,100.0,72454689352.0
2019-11-05,ZJV1ZZQ2,ST12000NM0007,12000138625024,0,82.0,160338696.0,92.0,0.0,100.0,6.0,100.0,0.0,88.0,701719718.0,94.0,6030.0,100.0,0.0,100.0,6.0,,,,,100.0,0.0,100.0,0.0,,,74.0,26.0,,,100.0,83.0,100.0,1443.0,26.0,26.0,100.0,0.0,100.0,0.0,200.0,0.0,100.0,5777.0,100.0,39328708840.0,100.0,72892384656.0
2019-11-06,ZJV1ZZQ2,ST12000NM0007,12000138625024,0,83.0,212274160.0,92.0,0.0,100.0,6.0,100.0,0.0,88.0,704209776.0,94.0,6046.0,100.0,0.0,100.0,6.0,,,,,100.0,0.0,100.0,0.0,,,74.0,26.0,,,100.0,84.0,100.0,1444.0,26.0,26.0,100.0,0.0,100.0,0.0,200.0,0.0,100.0,5793.0,100.0,39386927568.0,100.0,73130242176.0
2019-11-07,ZJV1ZZQ2,ST12000NM0007,12000138625024,0,80.0,90353016.0,92.0,0.0,100.0,6.0,100.0,0.0,89.0,709162212.0,94.0,6077.0,100.0,0.0,100.0,6.0,,,,,100.0,0.0,100.0,0.0,,,74.0,26.0,,,100.0,84.0,100.0,1445.0,26.0,26.0,100.0,0.0,100.0,0.0,200.0,0.0,100.0,5825.0,100.0,39518907592.0,100.0,73608763144.0
2019-11-08,ZJV1ZZQ2,ST12000NM0007,12000138625024,0,81.0,116491752.0,92.0,0.0,100.0,6.0,100.0,0.0,89.0,711451083.0,94.0,6093.0,100.0,0.0,100.0,6.0,,,,,100.0,0.0,100.0,0.0,,,75.0,25.0,,,100.0,84.0,100.0,1445.0,25.0,25.0,100.0,0.0,100.0,0.0,200.0,0.0,100.0,5840.0,100.0,39590928184.0,100.0,73807021920.0
2019-11-09,ZJV1ZZQ2,ST12000NM0007,12000138625024,0,78.0,60493832.0,92.0,0.0,100.0,6.0,100.0,0.0,89.0,717536204.0,94.0,6125.0,100.0,0.0,100.0,6.0,,,,,100.0,0.0,100.0,0.0,,,74.0,26.0,,,100.0,86.0,100.0,1447.0,26.0,26.0,100.0,0.0,100.0,0.0,200.0,0.0,100.0,5872.0,100.0,39728050008.0,100.0,74346324528.0
2019-11-10,ZJV1ZZQ2,ST12000NM0007,12000138625024,0,81.0,139626480.0,92.0,0.0,100.0,6.0,100.0,0.0,89.0,719929123.0,93.0,6140.0,100.0,0.0,100.0,6.0,,,,,100.0,0.0,100.0,0.0,,,74.0,26.0,,,100.0,86.0,100.0,1447.0,26.0,26.0,100.0,0.0,100.0,0.0,200.0,0.0,100.0,5887.0,100.0,39788172704.0,100.0,74609475152.0
2019-11-11,ZJV1ZZQ2,ST12000NM0007,12000138625024,0,84.0,237845528.0,92.0,0.0,100.0,6.0,100.0,0.0,89.0,725976197.0,93.0,6172.0,100.0,0.0,100.0,6.0,,,,,100.0,0.0,100.0,0.0,,,73.0,27.0,,,100.0,88.0,100.0,1449.0,27.0,27.0,100.0,0.0,100.0,0.0,200.0,0.0,100.0,5919.0,100.0,39933373632.0,100.0,75050774792.0
2019-11-12,ZJV1ZZQ2,ST12000NM0007,12000138625024,0,81.0,129582496.0,92.0,0.0,100.0,6.0,100.0,0.0,89.0,728640118.0,93.0,6188.0,100.0,0.0,100.0,6.0,,,,,100.0,0.0,100.0,0.0,,,73.0,27.0,,,100.0,88.0,100.0,1449.0,27.0,27.0,100.0,0.0,100.0,0.0,200.0,0.0,100.0,5935.0,100.0,40008063664.0,100.0,75356103256.0
2019-11-13,ZJV1ZZQ2,ST12000NM0007,12000138625024,0,84.0,232932296.0,92.0,0.0,100.0,6.0,100.0,0.0,89.0,732747756.0,93.0,6220.0,100.0,0.0,100.0,6.0,,,,,100.0,0.0,100.0,0.0,,,74.0,26.0,,,100.0,88.0,100.0,1452.0,26.0,26.0,100.0,0.0,100.0,0.0,200.0,0.0,100.0,5966.0,100.0,40127916136.0,100.0,75827882480.0
2019-11-14,ZJV1ZZQ2,ST12000NM0007,12000138625024,0,83.0,212976344.0,92.0,0.0,100.0,6.0,100.0,0.0,89.0,733830019.0,93.0,6235.0,100.0,0.0,100.0,6.0,,,,,100.0,0.0,100.0,0.0,,,74.0,26.0,,,100.0,88.0,100.0,1452.0,26.0,26.0,100.0,0.0,100.0,0.0,200.0,0.0,100.0,5982.0,100.0,40168896144.0,100.0,76011087320.0
2019-11-15,ZJV1ZZQ2,ST12000NM0007,12000138625024,0,83.0,215043720.0,92.0,0.0,100.0,6.0,100.0,0.0,89.0,737034108.0,93.0,6267.0,100.0,0.0,100.0,6.0,,,,,100.0,0.0,100.0,0.0,,,74.0,26.0,,,100.0,89.0,100.0,1453.0,26.0,26.0,100.0,0.0,100.0,0.0,200.0,0.0,100.0,6014.0,100.0,40250298080.0,100.0,76420034288.0
2019-11-16,ZJV1ZZQ2,ST12000NM0007,12000138625024,0,70.0,10605552.0,92.0,0.0,100.0,6.0,100.0,0.0,89.0,739480537.0,93.0,6283.0,100.0,0.0,100.0,6.0,,,,,100.0,0.0,100.0,0.0,,,75.0,25.0,,,100.0,89.0,100.0,1454.0,25.0,25.0,100.0,0.0,100.0,0.0,200.0,0.0,100.0,6029.0,100.0,40296985304.0,100.0,76657190184.0
2019-11-17,ZJV1ZZQ2,ST12000NM0007,12000138625024,0,73.0,18595928.0,92.0,0.0,100.0,6.0,100.0,0.0,89.0,742386132.0,93.0,6315.0,100.0,0.0,100.0,6.0,,,,,100.0,0.0,100.0,0.0,,,75.0,25.0,,,100.0,90.0,100.0,1455.0,25.0,25.0,100.0,0.0,100.0,0.0,200.0,0.0,100.0,6061.0,100.0,40378785800.0,100.0,77071661432.0
2019-11-18,ZJV1ZZQ2,ST12000NM0007,12000138625024,0,84.0,231819248.0,92.0,0.0,100.0,6.0,100.0,0.0,89.0,745002395.0,93.0,6330.0,100.0,0.0,100.0,6.0,,,,,100.0,0.0,100.0,0.0,,,74.0,26.0,,,100.0,90.0,100.0,1456.0,26.0,26.0,100.0,0.0,100.0,0.0,200.0,0.0,100.0,6076.0,100.0,40412431456.0,100.0,77251239096.0
2019-11-19,ZJV1ZZQ2,ST12000NM0007,12000138625024,0,83.0,211393216.0,92.0,0.0,100.0,6.0,100.0,0.0,89.0,747746017.0,93.0,6362.0,100.0,0.0,100.0,6.0,,,,,100.0,0.0,100.0,0.0,,,74.0,26.0,,,100.0,90.0,100.0,1457.0,26.0,26.0,100.0,0.0,100.0,0.0,200.0,0.0,100.0,6108.0,100.0,40477848360.0,100.0,77653677640.0
2019-11-20,ZJV1ZZQ2,ST12000NM0007,12000138625024,0,69.0,7375312.0,92.0,0.0,100.0,6.0,100.0,0.0,89.0,750700092.0,93.0,6378.0,100.0,0.0,100.0,6.0,,,,,100.0,0.0,100.0,0.0,,,73.0,27.0,,,100.0,91.0,100.0,1458.0,27.0,27.0,100.0,0.0,100.0,0.0,200.0,0.0,100.0,6124.0,100.0,40540601912.0,100.0,77875188632.0
2019-11-21,ZJV1ZZQ2,ST12000NM0007,12000138625024,0,75.0,34220472.0,92.0,0.0,100.0,6.0,100.0,0.0,89.0,753888998.0,93.0,6410.0,100.0,0.0,100.0,6.0,,,,,100.0,0.0,100.0,0.0,,,75.0,25.0,,,100.0,92.0,100.0,1459.0,25.0,25.0,100.0,0.0,100.0,0.0,200.0,0.0,100.0,6156.0,100.0,40629540920.0,100.0,78301376288.0
2019-11-22,ZJV1ZZQ2,ST12000NM0007,12000138625024,0,72.0,16265528.0,92.0,0.0,100.0,6.0,100.0,0.0,89.0,754870249.0,93.0,6426.0,100.0,0.0,100.0,6.0,,,,,100.0,0.0,100.0,0.0,,,74.0,26.0,,,100.0,93.0,100.0,1460.0,26.0,26.0,100.0,0.0,100.0,0.0,200.0,0.0,100.0,6171.0,100.0,40659242952.0,100.0,78497860024.0
2019-11-23,ZJV1ZZQ2,ST12000NM0007,12000138625024,0,68.0,6389272.0,92.0,0.0,100.0,6.0,100.0,0.0,89.0,758595308.0,93.0,6457.0,100.0,0.0,100.0,6.0,,,,,100.0,0.0,100.0,0.0,,,74.0,26.0,,,100.0,94.0,100.0,1461.0,26.0,26.0,100.0,0.0,100.0,0.0,200.0,0.0,100.0,6203.0,100.0,40731944640.0,100.0,78903563608.0
2019-11-24,ZJV1ZZQ2,ST12000NM0007,12000138625024,0,76.0,41798376.0,92.0,0.0,100.0,6.0,100.0,0.0,89.0,761573856.0,93.0,6489.0,100.0,0.0,100.0,6.0,,,,,100.0,0.0,100.0,0.0,,,74.0,26.0,,,100.0,96.0,100.0,1463.0,26.0,26.0,100.0,0.0,100.0,0.0,200.0,0.0,100.0,6234.0,100.0,40848170088.0,100.0,79311028632.0
2019-11-25,ZJV1ZZQ2,ST12000NM0007,12000138625024,0,84.0,236037520.0,92.0,0.0,100.0,6.0,100.0,0.0,89.0,763631735.0,93.0,6505.0,100.0,0.0,100.0,6.0,,,,,100.0,0.0,100.0,0.0,,,75.0,25.0,,,100.0,96.0,100.0,1463.0,25.0,25.0,100.0,0.0,100.0,0.0,200.0,0.0,100.0,6250.0,100.0,40895560024.0,100.0,79457877840.0
2019-11-26,ZJV1ZZQ2,ST12000NM0007,12000138625024,0,84.0,236025152.0,92.0,0.0,100.0,6.0,100.0,0.0,89.0,766185009.0,93.0,6536.0,100.0,0.0,100.0,6.0,,,,,100.0,0.0,100.0,0.0,,,75.0,25.0,,,100.0,97.0,100.0,1465.0,25.0,25.0,100.0,0.0,100.0,0.0,200.0,0.0,100.0,6282.0,100.0,40994355104.0,100.0,79847362880.0
2019-11-27,ZJV1ZZQ2,ST12000NM0007,12000138625024,0,84.0,225066496.0,92.0,0.0,100.0,6.0,100.0,0.0,89.0,767467790.0,93.0,6552.0,100.0,0.0,100.0,6.0,,,,,100.0,0.0,100.0,0.0,,,75.0,25.0,,,100.0,97.0,100.0,1465.0,25.0,25.0,100.0,0.0,100.0,0.0,200.0,0.0,100.0,6297.0,100.0,41040928616.0,100.0,80033971536.0
2019-11-28,ZJV1ZZQ2,ST12000NM0007,12000138625024,0,78.0,67795184.0,92.0,0.0,100.0,6.0,100.0,0.0,89.0,769361860.0,93.0,6584.0,100.0,0.0,100.0,6.0,,,,,100.0,0.0,100.0,0.0,,,75.0,25.0,,,100.0,98.0,100.0,1467.0,25.0,25.0,100.0,0.0,100.0,0.0,200.0,0.0,100.0,6329.0,100.0,41112596816.0,100.0,80293313720.0
2019-11-29,ZJV1ZZQ2,ST12000NM0007,12000138625024,0,100.0,2067776.0,92.0,0.0,100.0,6.0,100.0,0.0,89.0,770868890.0,93.0,6600.0,100.0,0.0,100.0,6.0,,,,,100.0,0.0,100.0,0.0,,,75.0,25.0,,,100.0,98.0,100.0,1467.0,25.0,25.0,100.0,0.0,100.0,0.0,200.0,0.0,100.0,6345.0,100.0,41144119632.0,100.0,80440204376.0
2019-11-30,ZJV1ZZQ2,ST12000NM0007,12000138625024,0,82.0,166507632.0,92.0,0.0,100.0,6.0,100.0,0.0,89.0,773500143.0,93.0,6631.0,100.0,0.0,100.0,6.0,,,,,100.0,0.0,100.0,0.0,,,75.0,25.0,,,100.0,99.0,100.0,1469.0,25.0,25.0,100.0,0.0,100.0,0.0,200.0,0.0,100.0,6376.0,100.0,41196773536.0,100.0,80796131040.0
2019-12-01,ZJV1ZZQ2,ST12000NM0007,12000138625024,0,81.0,140959168.0,92.0,0.0,100.0,6.0,100.0,0.0,89.0,774581049.0,93.0,6647.0,100.0,0.0,100.0,6.0,,,,,100.0,0.0,100.0,0.0,,,75.0,25.0,,,100.0,99.0,100.0,1469.0,25.0,25.0,100.0,0.0,100.0,0.0,200.0,0.0,100.0,6392.0,100.0,41228702616.0,100.0,80982794184.0
2019-12-02,ZJV1ZZQ2,ST12000NM0007,12000138625024,0,80.0,100633952.0,92.0,0.0,100.0,6.0,100.0,0.0,89.0,777974671.0,93.0,6679.0,100.0,0.0,100.0,6.0,,,,,100.0,0.0,100.0,0.0,,,75.0,25.0,,,100.0,101.0,100.0,1471.0,25.0,25.0,100.0,0.0,100.0,0.0,200.0,0.0,100.0,6423.0,100.0,41296656248.0,100.0,81362796632.0
2019-12-03,ZJV1ZZQ2,ST12000NM0007,12000138625024,0,79.0,84654120.0,92.0,0.0,100.0,6.0,100.0,0.0,89.0,779100366.0,93.0,6694.0,100.0,0.0,100.0,6.0,,,,,100.0,0.0,100.0,0.0,,,76.0,24.0,,,100.0,101.0,100.0,1471.0,24.0,24.0,100.0,0.0,100.0,0.0,200.0,0.0,100.0,6439.0,100.0,41331758560.0,100.0,81555855368.0
2019-12-04,ZJV1ZZQ2,ST12000NM0007,12000138625024,0,77.0,44909856.0,92.0,0.0,100.0,6.0,100.0,0.0,89.0,781238686.0,93.0,6726.0,100.0,0.0,100.0,6.0,,,,,100.0,0.0,100.0,0.0,,,75.0,25.0,,,100.0,103.0,100.0,1473.0,25.0,25.0,100.0,0.0,100.0,0.0,200.0,0.0,100.0,6470.0,100.0,41395256632.0,100.0,81940894408.0
2019-12-05,ZJV1ZZQ2,ST12000NM0007,12000138625024,0,78.0,66237376.0,92.0,0.0,100.0,6.0,100.0,0.0,89.0,782315359.0,93.0,6742.0,100.0,0.0,100.0,6.0,,,,,100.0,0.0,100.0,0.0,,,74.0,26.0,,,100.0,103.0,100.0,1473.0,26.0,26.0,100.0,0.0,100.0,0.0,200.0,0.0,100.0,6486.0,100.0,41431911480.0,100.0,82169707920.0
2019-12-06,ZJV1ZZQ2,ST12000NM0007,12000138625024,0,78.0,67155720.0,92.0,0.0,100.0,6.0,100.0,0.0,89.0,785820142.0,93.0,6773.0,100.0,0.0,100.0,6.0,,,,,100.0,0.0,100.0,0.0,,,74.0,26.0,,,100.0,104.0,100.0,1475.0,26.0,26.0,100.0,0.0,100.0,0.0,200.0,0.0,100.0,6517.0,100.0,41502892200.0,100.0,82587928016.0
2019-12-07,ZJV1ZZQ2,ST12000NM0007,12000138625024,0,76.0,38150168.0,92.0,0.0,100.0,6.0,100.0,0.0,89.0,786857371.0,93.0,6789.0,100.0,0.0,100.0,6.0,,,,,100.0,0.0,100.0,0.0,,,75.0,25.0,,,100.0,104.0,100.0,1475.0,25.0,25.0,100.0,0.0,100.0,0.0,200.0,0.0,100.0,6533.0,100.0,41540997264.0,100.0,82764958216.0
2019-12-08,ZJV1ZZQ2,ST12000NM0007,12000138625024,0,71.0,13722584.0,92.0,0.0,100.0,6.0,100.0,0.0,89.0,789116964.0,93.0,6821.0,100.0,0.0,100.0,6.0,,,,,100.0,0.0,100.0,0.0,,,74.0,26.0,,,100.0,104.0,100.0,1476.0,26.0,26.0,100.0,0.0,100.0,0.0,200.0,0.0,100.0,6565.0,100.0,41612322592.0,100.0,83157486912.0
2019-12-09,ZJV1ZZQ2,ST12000NM0007,12000138625024,0,83.0,207883288.0,92.0,0.0,100.0,6.0,100.0,0.0,89.0,791232534.0,93.0,6837.0,100.0,0.0,100.0,6.0,,,,,100.0,0.0,100.0,0.0,,,76.0,24.0,,,100.0,105.0,100.0,1477.0,24.0,24.0,100.0,0.0,100.0,0.0,200.0,0.0,100.0,6581.0,100.0,41638915960.0,100.0,83325054248.0
2019-12-10,ZJV1ZZQ2,ST12000NM0007,12000138625024,0,82.0,176933104.0,92.0,0.0,100.0,6.0,100.0,0.0,89.0,793670604.0,93.0,6869.0,100.0,0.0,100.0,6.0,,,,,100.0,0.0,100.0,0.0,,,75.0,25.0,,,100.0,105.0,100.0,1478.0,25.0,25.0,100.0,0.0,100.0,0.0,200.0,0.0,100.0,6612.0,100.0,41721100848.0,100.0,83700201288.0
2019-12-11,ZJV1ZZQ2,ST12000NM0007,12000138625024,0,82.0,170027536.0,92.0,0.0,100.0,6.0,100.0,0.0,89.0,794798603.0,93.0,6884.0,100.0,0.0,100.0,6.0,,,,,100.0,0.0,100.0,0.0,,,76.0,24.0,,,100.0,105.0,100.0,1479.0,24.0,24.0,100.0,0.0,100.0,0.0,200.0,0.0,100.0,6628.0,100.0,41741015232.0,100.0,83917522072.0
2019-12-12,ZJV1ZZQ2,ST12000NM0007,12000138625024,0,81.0,113610288.0,92.0,0.0,100.0,6.0,100.0,0.0,89.0,796725314.0,93.0,6916.0,100.0,0.0,100.0,6.0,,,,,100.0,0.0,100.0,0.0,,,75.0,25.0,,,100.0,107.0,100.0,1481.0,25.0,25.0,100.0,0.0,100.0,0.0,200.0,0.0,100.0,6659.0,100.0,41793255304.0,100.0,84297147192.0
2019-12-13,ZJV1ZZQ2,ST12000NM0007,12000138625024,0,79.0,71711384.0,92.0,0.0,100.0,6.0,100.0,0.0,89.0,797720096.0,93.0,6932.0,100.0,0.0,100.0,6.0,,,,,100.0,0.0,100.0,0.0,,,75.0,25.0,,,100.0,107.0,100.0,1481.0,25.0,25.0,100.0,0.0,100.0,0.0,200.0,0.0,100.0,6675.0,100.0,41815127200.0,100.0,84477517432.0
2019-12-14,ZJV1ZZQ2,ST12000NM0007,12000138625024,0,76.0,36813112.0,92.0,0.0,100.0,6.0,100.0,0.0,89.0,801126744.0,93.0,6963.0,100.0,0.0,100.0,6.0,,,,,100.0,0.0,100.0,0.0,,,75.0,25.0,,,100.0,108.0,100.0,1483.0,25.0,25.0,100.0,0.0,100.0,0.0,200.0,0.0,100.0,6706.0,100.0,41866349240.0,100.0,84879678896.0
2019-12-15,ZJV1ZZQ2,ST12000NM0007,12000138625024,0,77.0,45921656.0,92.0,0.0,100.0,6.0,100.0,0.0,89.0,802389737.0,93.0,6979.0,100.0,0.0,100.0,6.0,,,,,100.0,0.0,100.0,0.0,,,75.0,25.0,,,100.0,108.0,100.0,1483.0,25.0,25.0,100.0,0.0,100.0,0.0,200.0,0.0,100.0,6722.0,100.0,41905428976.0,100.0,85093848784.0
2019-12-16,ZJV1ZZQ2,ST12000NM0007,12000138625024,0,72.0,16209568.0,92.0,0.0,100.0,6.0,100.0,0.0,89.0,806237693.0,92.0,7011.0,100.0,0.0,100.0,6.0,,,,,100.0,0.0,100.0,0.0,,,75.0,25.0,,,100.0,109.0,100.0,1485.0,25.0,25.0,100.0,0.0,100.0,0.0,200.0,0.0,100.0,6753.0,100.0,41948647016.0,100.0,85509200080.0
2019-12-17,ZJV1ZZQ2,ST12000NM0007,12000138625024,0,100.0,524144.0,92.0,0.0,100.0,6.0,100.0,0.0,89.0,807581889.0,92.0,7027.0,100.0,0.0,100.0,6.0,,,,,100.0,0.0,100.0,0.0,,,75.0,25.0,,,100.0,109.0,100.0,1485.0,25.0,25.0,100.0,0.0,100.0,0.0,200.0,0.0,100.0,6769.0,100.0,41969985312.0,100.0,85716317048.0
2019-12-18,ZJV1ZZQ2,ST12000NM0007,12000138625024,0,83.0,215988512.0,92.0,0.0,100.0,6.0,100.0,0.0,89.0,809891657.0,92.0,7058.0,100.0,0.0,100.0,6.0,,,,,100.0,0.0,100.0,0.0,,,75.0,25.0,,,100.0,109.0,100.0,1486.0,25.0,25.0,100.0,0.0,100.0,0.0,200.0,0.0,100.0,6801.0,100.0,42008856216.0,100.0,86137051192.0
2019-12-19,ZJV1ZZQ2,ST12000NM0007,12000138625024,0,82.0,173812696.0,92.0,0.0,100.0,6.0,100.0,0.0,89.0,810913431.0,92.0,7074.0,100.0,0.0,100.0,6.0,,,,,100.0,0.0,100.0,0.0,,,76.0,24.0,,,100.0,109.0,100.0,1487.0,24.0,24.0,100.0,0.0,100.0,0.0,200.0,0.0,100.0,6816.0,100.0,42032463240.0,100.0,86315409112.0
2019-12-20,ZJV1ZZQ2,ST12000NM0007,12000138625024,0,79.0,84569474.0,92.0,0.0,100.0,6.0,100.0,0.0,89.0,812940763.0,92.0,7106.0,100.0,0.0,100.0,6.0,,,,,100.0,0.0,100.0,0.0,,,75.0,25.0,,,100.0,110.0,100.0,1489.0,25.0,25.0,100.0,0.0,100.0,0.0,200.0,0.0,100.0,6848.0,100.0,42073721520.0,100.0,86673189178.0
2019-12-21,ZJV1ZZQ2,ST12000NM0007,12000138625024,0,77.0,49147304.0,92.0,0.0,100.0,6.0,100.0,0.0,89.0,813987783.0,92.0,7122.0,100.0,0.0,100.0,6.0,,,,,100.0,0.0,100.0,0.0,,,76.0,24.0,,,100.0,110.0,100.0,1489.0,24.0,24.0,100.0,0.0,100.0,0.0,200.0,0.0,100.0,6864.0,100.0,42095573528.0,100.0,86860055730.0
2019-12-22,ZJV1ZZQ2,ST12000NM0007,12000138625024,0,83.0,217615016.0,92.0,0.0,100.0,6.0,100.0,0.0,89.0,815984943.0,92.0,7153.0,100.0,0.0,100.0,6.0,,,,,100.0,0.0,100.0,0.0,,,75.0,25.0,,,100.0,111.0,100.0,1491.0,25.0,25.0,100.0,0.0,100.0,0.0,200.0,0.0,100.0,6895.0,100.0,42137449840.0,100.0,87230787794.0
2019-12-23,ZJV1ZZQ2,ST12000NM0007,12000138625024,0,82.0,162577624.0,92.0,0.0,100.0,6.0,100.0,0.0,89.0,818139754.0,92.0,7169.0,100.0,0.0,100.0,6.0,,,,,100.0,0.0,100.0,0.0,,,76.0,24.0,,,100.0,111.0,100.0,1491.0,24.0,24.0,100.0,0.0,100.0,0.0,200.0,0.0,100.0,6911.0,100.0,42161102088.0,100.0,87396238874.0
2019-12-24,ZJV1ZZQ2,ST12000NM0007,12000138625024,0,78.0,66190944.0,92.0,0.0,100.0,6.0,100.0,0.0,89.0,820019884.0,92.0,7201.0,100.0,0.0,100.0,6.0,,,,,100.0,0.0,100.0,0.0,,,76.0,24.0,,,100.0,113.0,100.0,1493.0,24.0,24.0,100.0,0.0,100.0,0.0,200.0,0.0,100.0,6942.0,100.0,42190850176.0,100.0,87758385730.0
2019-12-25,ZJV1ZZQ2,ST12000NM0007,12000138625024,0,72.0,16092336.0,92.0,0.0,100.0,6.0,100.0,0.0,89.0,820995495.0,92.0,7216.0,100.0,0.0,100.0,6.0,,,,,100.0,0.0,100.0,0.0,,,76.0,24.0,,,100.0,113.0,100.0,1493.0,24.0,24.0,100.0,0.0,100.0,0.0,200.0,0.0,100.0,6958.0,100.0,42207806696.0,100.0,87935471266.0
2019-12-26,ZJV1ZZQ2,ST12000NM0007,12000138625024,0,82.0,170807544.0,92.0,0.0,100.0,6.0,100.0,0.0,89.0,822889926.0,92.0,7248.0,100.0,0.0,100.0,6.0,,,,,100.0,0.0,100.0,0.0,,,75.0,25.0,,,100.0,115.0,100.0,1495.0,25.0,25.0,100.0,0.0,100.0,0.0,200.0,0.0,100.0,6989.0,100.0,42242044304.0,100.0,88300089762.0
2019-12-27,ZJV1ZZQ2,ST12000NM0007,12000138625024,0,81.0,121062224.0,92.0,0.0,100.0,6.0,100.0,0.0,89.0,823908613.0,92.0,7264.0,100.0,0.0,100.0,6.0,,,,,100.0,0.0,100.0,0.0,,,76.0,24.0,,,100.0,115.0,100.0,1495.0,24.0,24.0,100.0,0.0,100.0,0.0,200.0,0.0,100.0,7005.0,100.0,42265178456.0,100.0,88471350954.0
2019-12-28,ZJV1ZZQ2,ST12000NM0007,12000138625024,0,78.0,69723544.0,92.0,0.0,100.0,6.0,100.0,0.0,89.0,827117896.0,92.0,7296.0,100.0,0.0,100.0,6.0,,,,,100.0,0.0,100.0,0.0,,,75.0,25.0,,,100.0,115.0,100.0,1497.0,25.0,25.0,100.0,0.0,100.0,0.0,200.0,0.0,100.0,7036.0,100.0,42299153536.0,100.0,88874318658.0
2019-12-29,ZJV1ZZQ2,ST12000NM0007,12000138625024,0,72.0,14592888.0,92.0,0.0,100.0,6.0,100.0,0.0,89.0,828024777.0,92.0,7311.0,100.0,0.0,100.0,6.0,,,,,100.0,0.0,100.0,0.0,,,76.0,24.0,,,100.0,115.0,100.0,1497.0,24.0,24.0,100.0,0.0,100.0,0.0,200.0,0.0,100.0,7052.0,100.0,42317379936.0,100.0,89045102298.0
2019-12-30,ZJV1ZZQ2,ST12000NM0007,12000138625024,0,82.0,144561904.0,92.0,0.0,100.0,6.0,100.0,0.0,89.0,831056616.0,92.0,7343.0,100.0,0.0,100.0,6.0,,,,,100.0,0.0,100.0,0.0,,,75.0,25.0,,,100.0,117.0,100.0,1499.0,25.0,25.0,100.0,0.0,100.0,0.0,200.0,0.0,100.0,7084.0,100.0,42351973912.0,100.0,89384618010.0
2019-12-31,ZJV1ZZQ2,ST12000NM0007,12000138625024,0,80.0,102716992.0,92.0,0.0,100.0,6.0,100.0,0.0,89.0,831971711.0,92.0,7359.0,100.0,0.0,100.0,6.0,,,,,100.0,0.0,100.0,0.0,,,76.0,24.0,,,100.0,117.0,100.0,1499.0,24.0,24.0,100.0,0.0,100.0,0.0,200.0,0.0,100.0,7100.0,100.0,42366248992.0,100.0,89572638778.0
