2019-01-01,ZJV1G0PB,ST12000NM0007,12000138625024,0,80,111212712,98.0,0.0,100.0,2.0,100.0,0.0,83.0,192341074.0,98,1752,100.0,0.0,100,2,,,,,100.0,0.0,100.0,0.0,,,75.0,25.0,,,100.0,30.0,100.0,543.0,25,25,100.0,0.0,100.0,0.0,200.0,0.0,100.0,1551.0,100.0,15996308640.0,100.0,12191327612.0
2019-01-02,ZJV1G0PB,ST12000NM0007,12000138625024,0,81,123301664,98.0,0.0,100.0,2.0,100.0,0.0,83.0,196237271.0,98,1777,100.0,0.0,100,2,,,,,100.0,0.0,100.0,0.0,,,75.0,25.0,,,100.0,30.0,100.0,544.0,25,25,100.0,0.0,100.0,0.0,200.0,0.0,100.0,1576.0,100.0,16273863968.0,100.0,12414143020.0
2019-01-03,ZJV1G0PB,ST12000NM0007,12000138625024,0,81.0,122987056.0,98.0,0.0,100.0,2.0,100.0,0.0,83.0,200057268.0,98.0,1801.0,100.0,0.0,100.0,2.0,,,,,100.0,0.0,100.0,0.0,,,75.0,25.0,,,100.0,30.0,100.0,545.0,25.0,25.0,100.0,0.0,100.0,0.0,200.0,0.0,100.0,1599.0,100.0,16561261848.0,100.0,12614711972.0
2019-01-04,ZJV1G0PB,ST12000NM0007,12000138625024,0,82,152271360,98.0,0.0,100.0,2.0,100.0,0.0,83.0,204099178.0,98,1825,100.0,0.0,100,2,,,,,100.0,0.0,100.0,0.0,,,75.0,25.0,,,100.0,30.0,100.0,546.0,25,25,100.0,0.0,100.0,0.0,200.0,0.0,100.0,1623.0,100.0,16874585704.0,100.0,12818954036.0
2019-01-05,ZJV1G0PB,ST12000NM0007,12000138625024,0,82,153334536,98.0,0.0,100.0,2.0,100.0,0.0,83.0,207788855.0,98,1848,100.0,0.0,100,2,,,,,100.0,0.0,100.0,0.0,,,75.0,25.0,,,100.0,30.0,100.0,547.0,25,25,100.0,0.0,100.0,0.0,200.0,0.0,100.0,1646.0,100.0,17129865224.0,100.0,13053019468.0
2019-01-06,ZJV1G0PB,ST12000NM0007,12000138625024,0,82,176927776,98.0,0.0,100.0,2.0,100.0,0.0,83.0,211661938.0,98,1873,100.0,0.0,100,2,,,,,100.0,0.0,100.0,0.0,,,75.0,25.0,,,100.0,31.0,100.0,548.0,25,25,100.0,0.0,100.0,0.0,200.0,0.0,100.0,1670.0,100.0,17412412360.0,100.0,13282347276.0
2019-01-07,ZJV1G0PB,ST12000NM0007,12000138625024,0,72,16686936,98.0,0.0,100.0,2.0,100.0,0.0,83.0,215959303.0,98,1896,100.0,0.0,100,2,,,,,100.0,0.0,100.0,0.0,,,75.0,25.0,,,100.0,31.0,100.0,549.0,25,25,100.0,0.0,100.0,0.0,200.0,0.0,100.0,1694.0,100.0,17696266176.0,100.0,13570674900.0
2019-01-08,ZJV1G0PB,ST12000NM0007,12000138625024,0,80,111485216,98.0,0.0,100.0,2.0,100.0,0.0,83.0,220161490.0,98,1920,100.0,0.0,100,2,,,,,100.0,0.0,100.0,0.0,,,73.0,27.0,,,100.0,31.0,100.0,550.0,27,27,100.0,0.0,100.0,0.0,200.0,0.0,100.0,1718.0,100.0,17989767360.0,100.0,13860253436.0
2019-01-09,ZJV1G0PB,ST12000NM0007,12000138625024,0,82,158688096,98.0,0.0,100.0,2.0,100.0,0.0,84.0,224240399.0,98,1944,100.0,0.0,100,2,,,,,100.0,0.0,100.0,0.0,,,73.0,27.0,,,100.0,31.0,100.0,551.0,27,27,100.0,0.0,100.0,0.0,200.0,0.0,100.0,1741.0,100.0,18264015512.0,100.0,14121490556.0
2019-01-10,ZJV1G0PB,ST12000NM0007,12000138625024,0,84,243472360,98.0,0.0,100.0,2.0,100.0,0.0,84.0,228354230.0,98,1969,100.0,0.0,100,2,,,,,100.0,0.0,100.0,0.0,,,73.0,27.0,,,100.0,32.0,100.0,552.0,27,27,100.0,0.0,100.0,0.0,200.0,0.0,100.0,1766.0,100.0,18489751936.0,100.0,14468819828.0
2019-01-11,ZJV1G0PB,ST12000NM0007,12000138625024,0,82.0,147068680.0,98.0,0.0,100.0,2.0,100.0,0.0,84.0,231563123.0,98.0,1992.0,100.0,0.0,100.0,2.0,,,,,100.0,0.0,100.0,0.0,,,73.0,27.0,,,100.0,32.0,100.0,553.0,27.0,27.0,100.0,0.0,100.0,0.0,200.0,0.0,100.0,1789.0,100.0,18710605136.0,100.0,14639844844.0
2019-01-12,ZJV1G0PB,ST12000NM0007,12000138625024,0,79,81638592,98.0,0.0,100.0,2.0,100.0,0.0,84.0,235155073.0,98,2017,100.0,0.0,100,2,,,,,100.0,0.0,100.0,0.0,,,73.0,27.0,,,100.0,32.0,100.0,554.0,27,27,100.0,0.0,100.0,0.0,200.0,0.0,100.0,1814.0,100.0,18953433424.0,100.0,14819867812.0
2019-01-13,ZJV1G0PB,ST12000NM0007,12000138625024,0,79,72918080,98.0,0.0,100.0,2.0,100.0,0.0,84.0,238949796.0,98,2041,100.0,0.0,100,2,,,,,100.0,0.0,100.0,0.0,,,73.0,27.0,,,100.0,32.0,100.0,555.0,27,27,100.0,0.0,100.0,0.0,200.0,0.0,100.0,1837.0,100.0,19196536016.0,100.0,15056326076.0
2019-01-14,ZJV1G0PB,ST12000NM0007,12000138625024,0,72,14155256,98.0,0.0,100.0,2.0,100.0,0.0,84.0,242740136.0,98,2065,100.0,0.0,100,2,,,,,100.0,0.0,100.0,0.0,,,72.0,28.0,,,100.0,32.0,100.0,556.0,28,28,100.0,0.0,100.0,0.0,200.0,0.0,100.0,1861.0,100.0,19417318520.0,100.0,15265062100.0
2019-01-15,ZJV1G0PB,ST12000NM0007,12000138625024,0,66.0,3943168.0,98.0,0.0,100.0,2.0,100.0,0.0,84.0,246477039.0,98.0,2088.0,100.0,0.0,100.0,2.0,,,,,100.0,0.0,100.0,0.0,,,77.0,23.0,,,100.0,33.0,100.0,557.0,23.0,23.0,100.0,0.0,100.0,0.0,200.0,0.0,100.0,1885.0,100.0,19654192080.0,100.0,15506258068.0
2019-01-16,ZJV1G0PB,ST12000NM0007,12000138625024,0,83,202637208,98.0,0.0,100.0,2.0,100.0,0.0,84.0,250394121.0,98,2113,100.0,0.0,100,2,,,,,100.0,0.0,100.0,0.0,,,77.0,23.0,,,100,33,100.0,558.0,23,23,100.0,0.0,100.0,0.0,200.0,0.0,100.0,1909.0,100.0,19917622112.0,100.0,15685662708.0
2019-01-17,ZJV1G0PB,ST12000NM0007,12000138625024,0,83,220487192,98.0,0.0,100.0,2.0,100.0,0.0,84.0,254700972.0,98,2137,100.0,0.0,100,2,,,,,100.0,0.0,100.0,0.0,,,77.0,23.0,,,100,33,100.0,559.0,23,23,100.0,0.0,100.0,0.0,200.0,0.0,100.0,1933.0,100.0,20235527016.0,100.0,15873889148.0
2019-01-18,ZJV1G0PB,ST12000NM0007,12000138625024,0,82,149028808,98.0,0.0,100.0,2.0,100.0,0.0,84.0,258545050.0,98,2160,100.0,0.0,100,2,,,,,100.0,0.0,100.0,0.0,,,77.0,23.0,,,100,33,100.0,560.0,23,23,100.0,0.0,100.0,0.0,200.0,0.0,100.0,1956.0,100.0,20509655536.0,100.0,16016583652.0
2019-01-19,ZJV1G0PB,ST12000NM0007,12000138625024,0,82,177362288,98.0,0.0,100.0,2.0,100.0,0.0,84.0,262865597.0,98,2185,100.0,0.0,100,2,,,,,100.0,0.0,100.0,0.0,,,78.0,22.0,,,100,34,100.0,561.0,22,22,100.0,0.0,100.0,0.0,200.0,0.0,100.0,1981.0,100.0,20820408904.0,100.0,16222445516.0
2019-01-20,ZJV1G0PB,ST12000NM0007,12000138625024,0,83,186130888,98.0,0.0,100.0,2.0,100.0,0.0,84.0,266878703.0,98,2208,100.0,0.0,100,2,,,,,100.0,0.0,100.0,0.0,,,77.0,23.0,,,100,34,100.0,562.0,23,23,100.0,0.0,100.0,0.0,200.0,0.0,100.0,2005.0,100.0,21120011152.0,100.0,16419893740.0
2019-01-21,ZJV1G0PB,ST12000NM0007,12000138625024,0,83,216496608,98.0,0.0,100.0,2.0,100.0,0.0,84.0,271303001.0,98,2233,100.0,0.0,100,2,,,,,100.0,0.0,100.0,0.0,,,77.0,23.0,,,100,34,100.0,563.0,23,23,100.0,0.0,100.0,0.0,200.0,0.0,100.0,2029.0,100.0,21428964592.0,100.0,16629587892.0
2019-01-22,ZJV1G0PB,ST12000NM0007,12000138625024,0,77.0,45966120.0,98.0,0.0,100.0,2.0,100.0,0.0,84.0,275559848.0,98.0,2256.0,100.0,0.0,100.0,2.0,,,,,100.0,0.0,100.0,0.0,,,75.0,25.0,,,100.0,35.0,100.0,564.0,25.0,25.0,100.0,0.0,100.0,0.0,200.0,0.0,100.0,2052.0,100.0,21741225400.0,100.0,16879219364.0
2019-01-23,ZJV1G0PB,ST12000NM0007,12000138625024,0,80.0,96581784.0,98.0,0.0,100.0,2.0,100.0,0.0,84.0,280151740.0,98.0,2281.0,100.0,0.0,100.0,2.0,,,,,100.0,0.0,100.0,0.0,,,75.0,25.0,,,100.0,35.0,100.0,565.0,25.0,25.0,100.0,0.0,100.0,0.0,200.0,0.0,100.0,2077.0,100.0,22032307184.0,100.0,17127034812.0
2019-01-24,ZJV1G0PB,ST12000NM0007,12000138625024,0,80.0,107558672.0,98.0,0.0,100.0,2.0,100.0,0.0,85.0,282334149.0,98.0,2295.0,100.0,0.0,100.0,2.0,,,,,100.0,0.0,100.0,0.0,,,75.0,25.0,,,100.0,35.0,100.0,566.0,25.0,25.0,100.0,0.0,100.0,0.0,200.0,0.0,100.0,2090.0,100.0,22173348264.0,100.0,17241111412.0
2019-01-25,ZJV1G0PB,ST12000NM0007,12000138625024,0,70,9381280,98.0,0.0,100.0,2.0,100.0,0.0,85.0,287662925.0,98,2326,100.0,0.0,100,2,,,,,100.0,0.0,100.0,0.0,,,75.0,25.0,,,100,35,100.0,567.0,25,25,100.0,0.0,100.0,0.0,200.0,0.0,100.0,2122.0,100.0,22573258936.0,100.0,17475445588.0
2019-01-26,ZJV1G0PB,ST12000NM0007,12000138625024,0,77,55072912,98.0,0.0,100.0,2.0,100.0,0.0,85.0,290183206.0,98,2342,100.0,0.0,100,2,,,,,100.0,0.0,100.0,0.0,,,75.0,25.0,,,100,35,100.0,568.0,25,25,100.0,0.0,100.0,0.0,200.0,0.0,100.0,2138.0,100.0,22724298184.0,100.0,17614238748.0
2019-01-27,ZJV1G0PB,ST12000NM0007,12000138625024,0,81,137277680,98.0,0.0,100.0,2.0,100.0,0.0,85.0,295266672.0,98,2374,100.0,0.0,100,2,,,,,100.0,0.0,100.0,0.0,,,75.0,25.0,,,100,35,100.0,569.0,25,25,100.0,0.0,100.0,0.0,200.0,0.0,100.0,2169.0,100.0,23043625112.0,100.0,17865398292.0
2019-01-28,ZJV1G0PB,ST12000NM0007,12000138625024,0,68,5922160,98.0,0.0,100.0,2.0,100.0,0.0,85.0,298127014.0,98,2390,100.0,0.0,100,2,,,,,100.0,0.0,100.0,0.0,,,75.0,25.0,,,100,35,100.0,570.0,25,25,100.0,0.0,100.0,0.0,200.0,0.0,100.0,2185.0,100.0,23212567808.0,100.0,18053381764.0
2019-01-29,ZJV1G0PB,ST12000NM0007,12000138625024,0,78,68783608,98.0,0.0,100.0,2.0,100.0,0.0,85.0,303031976.0,98,2422,100.0,0.0,100,2,,,,,100.0,0.0,100.0,0.0,,,73.0,27.0,,,100,35,100.0,571.0,27,27,100.0,0.0,100.0,0.0,200.0,0.0,100.0,2217.0,100.0,23534125552.0,100.0,18282966876.0
2019-01-30,ZJV1G0PB,ST12000NM0007,12000138625024,0,82,152440056,98.0,0.0,100.0,2.0,100.0,0.0,85.0,305634606.0,98,2437,100.0,0.0,100,2,,,,,100.0,0.0,100.0,0.0,,,73.0,27.0,,,100,35,100.0,572.0,27,27,100.0,0.0,100.0,0.0,200.0,0.0,100.0,2233.0,100.0,23722475952.0,100.0,18422413596.0
2019-01-31,ZJV1G0PB,ST12000NM0007,12000138625024,0,69,8321912,98.0,0.0,100.0,2.0,100.0,0.0,85.0,310783139.0,98,2469,100.0,0.0,100,2,,,,,100.0,0.0,100.0,0.0,,,72.0,28.0,,,100,35,100.0,573.0,28,28,100.0,0.0,100.0,0.0,200.0,0.0,100.0,2264.0,100.0,24055772688.0,100.0,18677421308.0
2019-02-01,ZJV1G0PB,ST12000NM0007,12000138625024,0,78,59906832,98.0,0.0,100.0,2.0,100.0,0.0,85.0,313506222.0,98,2485,100.0,0.0,100,2,,,,,100.0,0.0,100.0,0.0,,,73.0,27.0,,,100,35,100.0,574.0,27,27,100.0,0.0,100.0,0.0,200.0,0.0,100.0,2280.0,100.0,24221472664.0,100.0,18807447204.0
2019-02-02,ZJV1G0PB,ST12000NM0007,12000138625024,0,83.0,208568936.0,98.0,0.0,100.0,2.0,100.0,0.0,85.0,318763793.0,98.0,2517.0,100.0,0.0,100.0,2.0,,,,,100.0,0.0,100.0,0.0,,,73.0,27.0,,,100.0,35.0,100.0,575.0,27.0,27.0,100.0,0.0,100.0,0.0,200.0,0.0,100.0,2311.0,100.0,24599364064.0,100.0,19066499452.0
2019-02-03,ZJV1G0PB,ST12000NM0007,12000138625024,0,84,237806144,98.0,0.0,100.0,2.0,100.0,0.0,85.0,321214934.0,98,2532,100.0,0.0,100,2,,,,,100.0,0.0,100.0,0.0,,,72.0,28.0,,,100,36,100.0,576.0,28,28,100.0,0.0,100.0,0.0,200.0,0.0,100.0,2327.0,100.0,24752304808.0,100.0,19186936612.0
2019-02-04,ZJV1G0PB,ST12000NM0007,12000138625024,0,82,162181056,98.0,0.0,100.0,2.0,100.0,0.0,85.0,326360426.0,98,2564,100.0,0.0,100,2,,,,,100.0,0.0,100.0,0.0,,,73.0,27.0,,,100,37,100.0,577.0,27,27,100.0,0.0,100.0,0.0,200.0,0.0,100.0,2358.0,100.0,25122690544.0,100.0,19473347836.0
2019-02-05,ZJV1G0PB,ST12000NM0007,12000138625024,0,74.0,22454400.0,98.0,0.0,100.0,2.0,100.0,0.0,85.0,328993737.0,98.0,2580.0,100.0,0.0,100.0,2.0,,,,,100.0,0.0,100.0,0.0,,,72.0,28.0,,,100.0,37.0,100.0,577.0,28.0,28.0,100.0,0.0,100.0,0.0,200.0,0.0,100.0,2374.0,100.0,25303314664.0,100.0,19641278916.0
2019-02-06,ZJV1G0PB,ST12000NM0007,12000138625024,0,70,9571208,98.0,0.0,100.0,2.0,100.0,0.0,85.0,334451796.0,98,2612,100.0,0.0,100,2,,,,,100.0,0.0,100.0,0.0,,,77.0,23.0,,,100,37,100.0,579.0,23,23,100.0,0.0,100.0,0.0,200.0,0.0,100.0,2406.0,100.0,25593783632.0,100.0,20070349644.0
2019-02-07,ZJV1G0PB,ST12000NM0007,12000138625024,0,80.0,92065928.0,98.0,0.0,100.0,2.0,100.0,0.0,85.0,337044632.0,97.0,2628.0,100.0,0.0,100.0,2.0,,,,,100.0,0.0,100.0,0.0,,,77.0,23.0,,,100.0,37.0,100.0,580.0,23.0,23.0,100.0,0.0,100.0,0.0,200.0,0.0,100.0,2422.0,100.0,25718424184.0,100.0,20272344508.0
2019-02-08,ZJV1G0PB,ST12000NM0007,12000138625024,0,76,36965672,98.0,0.0,100.0,2.0,100.0,0.0,85.0,340305676.0,97,2660,100.0,0.0,100,2,,,,,100.0,0.0,100.0,0.0,,,77.0,23.0,,,100,37,100.0,581.0,23,23,100.0,0.0,100.0,0.0,200.0,0.0,100.0,2454.0,100.0,25808681080.0,100.0,20615268772.0
2019-02-09,ZJV1G0PB,ST12000NM0007,12000138625024,0,80.0,106415952.0,98.0,0.0,100.0,2.0,100.0,0.0,85.0,342514301.0,97.0,2675.0,100.0,0.0,100.0,2.0,,,,,100.0,0.0,100.0,0.0,,,76.0,24.0,,,100.0,37.0,100.0,581.0,24.0,24.0,100.0,0.0,100.0,0.0,200.0,0.0,100.0,2470.0,100.0,25889693560.0,100.0,20847847316.0
2019-02-10,ZJV1G0PB,ST12000NM0007,12000138625024,0,81,135848488,98.0,0.0,100.0,2.0,100.0,0.0,85.0,347986785.0,97,2707,100.0,0.0,100,2,,,,,100.0,0.0,100.0,0.0,,,76.0,24.0,,,100,37,100.0,583.0,24,24,100.0,0.0,100.0,0.0,200.0,0.0,100.0,2501.0,100.0,26020305752.0,100.0,21723230548.0
2019-02-11,ZJV1G0PB,ST12000NM0007,12000138625024,0,82,147202232,98.0,0.0,100.0,2.0,100.0,0.0,85.0,351060495.0,97,2723,100.0,0.0,100,2,,,,,100.0,0.0,100.0,0.0,,,77.0,23.0,,,100,37,100.0,583.0,23,23,100.0,0.0,100.0,0.0,200.0,0.0,100.0,2517.0,100.0,26064290664.0,100.0,22178881260.0
2019-02-12,ZJV1G0PB,ST12000NM0007,12000138625024,0,79.0,74278088.0,98.0,0.0,100.0,2.0,100.0,0.0,86.0,354855896.0,97.0,2755.0,100.0,0.0,100.0,2.0,,,,,100.0,0.0,100.0,0.0,,,76.0,24.0,,,100.0,37.0,100.0,585.0,24.0,24.0,100.0,0.0,100.0,0.0,200.0,0.0,100.0,2548.0,100.0,26256248408.0,100.0,22402280844.0
2019-02-13,ZJV1G0PB,ST12000NM0007,12000138625024,0,75,32570016,98.0,0.0,100.0,2.0,100.0,0.0,86.0,356844012.0,97,2771,100.0,0.0,100,2,,,,,100.0,0.0,100.0,0.0,,,76.0,24.0,,,100,37,100.0,585.0,24,24,100.0,0.0,100.0,0.0,200.0,0.0,100.0,2564.0,100.0,26334777696.0,100.0,22526184580.0
2019-02-14,ZJV1G0PB,ST12000NM0007,12000138625024,0,69,7483224,98.0,0.0,100.0,2.0,100.0,0.0,86.0,361444966.0,97,2802,100.0,0.0,100,2,,,,,100.0,0.0,100.0,0.0,,,76.0,24.0,,,100,38,100.0,587.0,24,24,100.0,0.0,100.0,0.0,200.0,0.0,100.0,2596.0,100.0,26538129216.0,100.0,22786027772.0
2019-02-15,ZJV1G0PB,ST12000NM0007,12000138625024,0,83.0,197111024.0,98.0,0.0,100.0,2.0,100.0,0.0,86.0,363686682.0,97.0,2818.0,100.0,0.0,100.0,2.0,,,,,100.0,0.0,100.0,0.0,,,75.0,25.0,,,100.0,38.0,100.0,587.0,25.0,25.0,100.0,0.0,100.0,0.0,200.0,0.0,100.0,2612.0,100.0,26622451344.0,100.0,22891333444.0
2019-02-16,ZJV1G0PB,ST12000NM0007,12000138625024,0,83.0,198774584.0,98.0,0.0,100.0,2.0,100.0,0.0,86.0,368500825.0,97.0,2850.0,100.0,0.0,100.0,2.0,,,,,100.0,0.0,100.0,0.0,,,74.0,26.0,,,100.0,38.0,100.0,589.0,26.0,26.0,100.0,0.0,100.0,0.0,200.0,0.0,100.0,2643.0,100.0,26847044792.0,100.0,23156684932.0
2019-02-17,ZJV1G0PB,ST12000NM0007,12000138625024,0,100,657144,98.0,0.0,100.0,2.0,100.0,0.0,86.0,371024490.0,97,2866,100.0,0.0,100,2,,,,,100.0,0.0,100.0,0.0,,,75.0,25.0,,,100,38,100.0,589.0,25,25,100.0,0.0,100.0,0.0,200.0,0.0,100.0,2659.0,100.0,26962747392.0,100.0,23331146316.0
2019-02-18,ZJV1G0PB,ST12000NM0007,12000138625024,0,71,13095192,98.0,0.0,100.0,2.0,100.0,0.0,86.0,375745868.0,97,2897,100.0,0.0,100,2,,,,,100.0,0.0,100.0,0.0,,,75.0,25.0,,,100,38,100.0,591.0,25,25,100.0,0.0,100.0,0.0,200.0,0.0,100.0,2690.0,100.0,27183019424.0,100.0,23611594988.0
2019-02-19,ZJV1G0PB,ST12000NM0007,12000138625024,0,68,5831440,98.0,0.0,100.0,2.0,100.0,0.0,86.0,378160144.0,97,2913,100.0,0.0,100,2,,,,,100.0,0.0,100.0,0.0,,,75.0,25.0,,,100,38,100.0,591.0,25,25,100.0,0.0,100.0,0.0,200.0,0.0,100.0,2706.0,100.0,27287876568.0,100.0,23743615348.0
2019-02-20,ZJV1G0PB,ST12000NM0007,12000138625024,0,84.0,240202912.0,98.0,0.0,100.0,2.0,100.0,0.0,86.0,382970407.0,97.0,2945.0,100.0,0.0,100.0,2.0,,,,,100.0,0.0,100.0,0.0,,,73.0,27.0,,,100.0,40.0,100.0,593.0,27.0,27.0,100.0,0.0,100.0,0.0,200.0,0.0,100.0,2738.0,100.0,27542182448.0,100.0,23967821908.0
2019-02-21,ZJV1G0PB,ST12000NM0007,12000138625024,0,83,191424824,98.0,0.0,100.0,2.0,100.0,0.0,86.0,387712741.0,97,2977,100.0,0.0,100,2,,,,,100.0,0.0,100.0,0.0,,,72.0,28.0,,,100,41,100.0,594.0,28,28,100.0,0.0,100.0,0.0,200.0,0.0,100.0,2769.0,100.0,27771671216.0,100.0,24177836652.0
2019-02-22,ZJV1G0PB,ST12000NM0007,12000138625024,0,82,167596576,98.0,0.0,100.0,2.0,100.0,0.0,86.0,390004044.0,97,2992,100.0,0.0,100,2,,,,,100.0,0.0,100.0,0.0,,,72.0,28.0,,,100,41,100.0,595.0,28,28,100.0,0.0,100.0,0.0,200.0,0.0,100.0,2785.0,100.0,27878137272.0,100.0,24291683156.0
2019-02-23,ZJV1G0PB,ST12000NM0007,12000138625024,0,83.0,202029280.0,98.0,0.0,100.0,2.0,100.0,0.0,86.0,392986956.0,97.0,3008.0,100.0,0.0,100.0,2.0,,,,,100.0,0.0,100.0,0.0,,,72.0,28.0,,,100.0,41.0,100.0,595.0,28.0,28.0,100.0,0.0,100.0,0.0,200.0,0.0,100.0,2801.0,100.0,27991596448.0,100.0,24456797436.0
2019-02-24,ZJV1G0PB,ST12000NM0007,12000138625024,0,82,158121808,98.0,0.0,100.0,2.0,100.0,0.0,86.0,397648264.0,97,3040,100.0,0.0,100,2,,,,,100.0,0.0,100.0,0.0,,,73.0,27.0,,,100,42,100.0,596.0,27,27,100.0,0.0,100.0,0.0,200.0,0.0,100.0,2832.0,100.0,28192450880.0,100.0,24700316820.0
2019-02-25,ZJV1G0PB,ST12000NM0007,12000138625024,0,82,157171472,98.0,0.0,100.0,2.0,100.0,0.0,86.0,400219722.0,97,3056,100.0,0.0,100,2,,,,,100.0,0.0,100.0,0.0,,,73.0,27.0,,,100,43,100.0,597.0,27,27,100.0,0.0,100.0,0.0,200.0,0.0,100.0,2848.0,100.0,28285614384.0,100.0,24850343732.0
2019-02-26,ZJV1G0PB,ST12000NM0007,12000138625024,0,81,133799256,98.0,0.0,100.0,2.0,100.0,0.0,86.0,404809571.0,97,3087,100.0,0.0,100,2,,,,,100.0,0.0,100.0,0.0,,,77.0,23.0,,,100,43,100.0,598.0,23,23,100.0,0.0,100.0,0.0,200.0,0.0,100.0,2879.0,100.0,28487341480.0,100.0,25113525836.0
2019-02-27,ZJV1G0PB,ST12000NM0007,12000138625024,0,80.0,106630928.0,98.0,0.0,100.0,2.0,100.0,0.0,86.0,407137884.0,97.0,3103.0,100.0,0.0,100.0,2.0,,,,,100.0,0.0,100.0,0.0,,,77.0,23.0,,,100.0,44.0,100.0,599.0,23.0,23.0,100.0,0.0,100.0,0.0,200.0,0.0,100.0,2895.0,100.0,28600045832.0,100.0,25217793860.0
2019-02-28,ZJV1G0PB,ST12000NM0007,12000138625024,0,78,67309656,98.0,0.0,100.0,2.0,100.0,0.0,86.0,412372032.0,97,3135,100.0,0.0,100,2,,,,,100.0,0.0,100.0,0.0,,,77.0,23.0,,,100,45,100.0,600.0,23,23,100.0,0.0,100.0,0.0,200.0,0.0,100.0,2927.0,100.0,28807516864.0,100.0,25459283332.0
2019-03-01,ZJV1G0PB,ST12000NM0007,12000138625024,0,73.0,21861520.0,98.0,0.0,100.0,2.0,100.0,0.0,86.0,417020604.0,97.0,3166.0,100.0,0.0,100.0,2.0,,,,,100.0,0.0,100.0,0.0,,,77.0,23.0,,,100.0,45.0,100.0,602.0,23.0,23.0,100.0,0.0,100.0,0.0,200.0,0.0,100.0,2958.0,100.0,28998938528.0,100.0,25710694900.0
2019-03-02,ZJV1G0PB,ST12000NM0007,12000138625024,0,78.0,69423880.0,98.0,0.0,100.0,2.0,100.0,0.0,86.0,419488307.0,97.0,3182.0,100.0,0.0,100.0,2.0,,,,,100.0,0.0,100.0,0.0,,,77.0,23.0,,,100.0,45.0,100.0,602.0,23.0,23.0,100.0,0.0,100.0,0.0,200.0,0.0,100.0,2974.0,100.0,29107262944.0,100.0,25894073612.0
2019-03-03,ZJV1G0PB,ST12000NM0007,12000138625024,0,81.0,123685112.0,98.0,0.0,100.0,2.0,100.0,0.0,86.0,424220138.0,97.0,3214.0,100.0,0.0,100.0,2.0,,,,,100.0,0.0,100.0,0.0,,,77.0,23.0,,,100.0,45.0,100.0,604.0,23.0,23.0,100.0,0.0,100.0,0.0,200.0,0.0,100.0,3006.0,100.0,29297334552.0,100.0,26246544644.0
2019-03-04,ZJV1G0PB,ST12000NM0007,12000138625024,0,82,145613080,98.0,0.0,100.0,2.0,100.0,0.0,86.0,426568972.0,97,3230,100.0,0.0,100,2,,,,,100.0,0.0,100.0,0.0,,,77.0,23.0,,,100,45,100.0,604.0,23,23,100.0,0.0,100.0,0.0,200.0,0.0,100.0,3021.0,100.0,29395248976.0,100.0,26414698820.0
2019-03-05,ZJV1G0PB,ST12000NM0007,12000138625024,0,83.0,180335256.0,98.0,0.0,100.0,2.0,100.0,0.0,86.0,431060089.0,97.0,3261.0,100.0,0.0,100.0,2.0,,,,,100.0,0.0,100.0,0.0,,,75.0,25.0,,,100.0,45.0,100.0,606.0,25.0,25.0,100.0,0.0,100.0,0.0,200.0,0.0,100.0,3053.0,100.0,29563625496.0,100.0,26769325764.0
2019-03-06,ZJV1G0PB,ST12000NM0007,12000138625024,0,83.0,194137016.0,98.0,0.0,100.0,2.0,100.0,0.0,86.0,433232203.0,97.0,3277.0,100.0,0.0,100.0,2.0,,,,,100.0,0.0,100.0,0.0,,,75.0,25.0,,,100.0,45.0,100.0,606.0,25.0,25.0,100.0,0.0,100.0,0.0,200.0,0.0,100.0,3069.0,100.0,29651216912.0,100.0,26939677004.0
2019-03-07,ZJV1G0PB,ST12000NM0007,12000138625024,0,84.0,227738424.0,98.0,0.0,100.0,2.0,100.0,0.0,86.0,438703108.0,97.0,3309.0,100.0,0.0,100.0,2.0,,,,,100.0,0.0,100.0,0.0,,,76.0,24.0,,,100.0,45.0,100.0,608.0,24.0,24.0,100.0,0.0,100.0,0.0,200.0,0.0,100.0,3100.0,100.0,29841078488.0,100.0,27271698188.0
2019-03-08,ZJV1G0PB,ST12000NM0007,12000138625024,0,64.0,2695184.0,98.0,0.0,100.0,2.0,100.0,0.0,86.0,441111401.0,97.0,3325.0,100.0,0.0,100.0,2.0,,,,,100.0,0.0,100.0,0.0,,,75.0,25.0,,,100.0,45.0,100.0,608.0,25.0,25.0,100.0,0.0,100.0,0.0,200.0,0.0,100.0,3117.0,100.0,29943312808.0,100.0,27432702380.0
2019-03-09,ZJV1G0PB,ST12000NM0007,12000138625024,0,73.0,17917440.0,98.0,0.0,100.0,2.0,100.0,0.0,86.0,445708437.0,97.0,3357.0,100.0,0.0,100.0,2.0,,,,,100.0,0.0,100.0,0.0,,,76.0,24.0,,,100.0,46.0,100.0,610.0,24.0,24.0,100.0,0.0,100.0,0.0,200.0,0.0,100.0,3148.0,100.0,30105194976.0,100.0,27774323940.0
2019-03-10,ZJV1G0PB,ST12000NM0007,12000138625024,0,73.0,20304744.0,98.0,0.0,100.0,2.0,100.0,0.0,87.0,447948860.0,97.0,3373.0,100.0,0.0,100.0,2.0,,,,,100.0,0.0,100.0,0.0,,,75.0,25.0,,,100.0,46.0,100.0,610.0,25.0,25.0,100.0,0.0,100.0,0.0,200.0,0.0,100.0,3164.0,100.0,30199294032.0,100.0,27926752828.0
2019-03-11,ZJV1G0PB,ST12000NM0007,12000138625024,0,77.0,54319416.0,98.0,0.0,100.0,2.0,100.0,0.0,87.0,452593344.0,97.0,3405.0,100.0,0.0,100.0,2.0,,,,,100.0,0.0,100.0,0.0,,,76.0,24.0,,,100.0,47.0,100.0,612.0,24.0,24.0,100.0,0.0,100.0,0.0,200.0,0.0,100.0,3195.0,100.0,30432265680.0,100.0,28216077180.0
2019-03-12,ZJV1G0PB,ST12000NM0007,12000138625024,0,80.0,101133192.0,98.0,0.0,100.0,2.0,100.0,0.0,87.0,457348264.0,97.0,3436.0,100.0,0.0,100.0,2.0,,,,,100.0,0.0,100.0,0.0,,,72.0,28.0,,,100.0,47.0,100.0,613.0,28.0,28.0,100.0,0.0,100.0,0.0,200.0,0.0,100.0,3227.0,100.0,30656347616.0,100.0,28527091108.0
2019-03-13,ZJV1G0PB,ST12000NM0007,12000138625024,0,81.0,136186816.0,98.0,0.0,100.0,2.0,100.0,0.0,87.0,460274035.0,97.0,3452.0,100.0,0.0,100.0,2.0,,,,,100.0,0.0,100.0,0.0,,,72.0,28.0,,,100.0,47.0,100.0,613.0,28.0,28.0,100.0,0.0,100.0,0.0,200.0,0.0,100.0,3243.0,100.0,30768612280.0,100.0,28694020804.0
2019-03-14,ZJV1G0PB,ST12000NM0007,12000138625024,0,80.0,103812960.0,98.0,0.0,100.0,2.0,100.0,0.0,87.0,462560771.0,97.0,3468.0,100.0,0.0,100.0,2.0,,,,,100.0,0.0,100.0,0.0,,,73.0,27.0,,,100.0,47.0,100.0,615.0,27.0,27.0,100.0,0.0,100.0,0.0,200.0,0.0,100.0,3258.0,100.0,30862446432.0,100.0,28811953644.0
2019-03-15,ZJV1G0PB,ST12000NM0007,12000138625024,0,83.0,212410960.0,98.0,0.0,100.0,2.0,100.0,0.0,87.0,466689404.0,97.0,3500.0,100.0,0.0,100.0,2.0,,,,,100.0,0.0,100.0,0.0,,,72.0,28.0,,,100.0,48.0,100.0,616.0,28.0,28.0,100.0,0.0,100.0,0.0,200.0,0.0,100.0,3290.0,100.0,31000809352.0,100.0,29026329564.0
2019-03-16,ZJV1G0PB,ST12000NM0007,12000138625024,0,81.0,126235856.0,98.0,0.0,100.0,2.0,100.0,0.0,87.0,468222536.0,96.0,3516.0,100.0,0.0,100.0,2.0,,,,,100.0,0.0,100.0,0.0,,,73.0,27.0,,,100.0,48.0,100.0,617.0,27.0,27.0,100.0,0.0,100.0,0.0,200.0,0.0,100.0,3306.0,100.0,31046992928.0,100.0,29138111572.0
2019-03-17,ZJV1G0PB,ST12000NM0007,12000138625024,0,84.0,233329080.0,98.0,0.0,100.0,2.0,100.0,0.0,87.0,471912771.0,96.0,3547.0,100.0,0.0,100.0,2.0,,,,,100.0,0.0,100.0,0.0,,,72.0,28.0,,,100.0,49.0,100.0,618.0,28.0,28.0,100.0,0.0,100.0,0.0,200.0,0.0,100.0,3337.0,100.0,31208911760.0,100.0,29327426708.0
2019-03-18,ZJV1G0PB,ST12000NM0007,12000138625024,0,83.0,197729264.0,98.0,0.0,100.0,2.0,100.0,0.0,87.0,474260329.0,96.0,3563.0,100.0,0.0,100.0,2.0,,,,,100.0,0.0,100.0,0.0,,,72.0,28.0,,,100.0,49.0,100.0,619.0,28.0,28.0,100.0,0.0,100.0,0.0,200.0,0.0,100.0,3353.0,100.0,31281533216.0,100.0,29463346068.0
2019-03-19,ZJV1G0PB,ST12000NM0007,12000138625024,0,80.0,92475048.0,98.0,0.0,100.0,2.0,100.0,0.0,87.0,477969956.0,96.0,3595.0,100.0,0.0,100.0,2.0,,,,,100.0,0.0,100.0,0.0,,,78.0,22.0,,,100.0,49.0,100.0,620.0,22.0,22.0,100.0,0.0,100.0,0.0,200.0,0.0,100.0,3385.0,100.0,31432433848.0,100.0,29695473484.0
2019-03-20,ZJV1G0PB,ST12000NM0007,12000138625024,0,100.0,2080552.0,98.0,0.0,100.0,2.0,100.0,0.0,87.0,479717546.0,96.0,3611.0,100.0,0.0,100.0,2.0,,,,,100.0,0.0,100.0,0.0,,,78.0,22.0,,,100.0,50.0,100.0,621.0,22.0,22.0,100.0,0.0,100.0,0.0,200.0,0.0,100.0,3400.0,100.0,31508044024.0,100.0,29773609764.0
2019-03-21,ZJV1G0PB,ST12000NM0007,12000138625024,0,81.0,130216064.0,98.0,0.0,100.0,2.0,100.0,0.0,87.0,484747032.0,96.0,3643.0,100.0,0.0,100.0,2.0,,,,,100.0,0.0,100.0,0.0,,,78.0,22.0,,,100.0,50.0,100.0,622.0,22.0,22.0,100.0,0.0,100.0,0.0,200.0,0.0,100.0,3432.0,100.0,31654668912.0,100.0,29999261220.0
2019-03-22,ZJV1G0PB,ST12000NM0007,12000138625024,0,77.0,54649704.0,98.0,0.0,100.0,2.0,100.0,0.0,87.0,486320765.0,96.0,3658.0,100.0,0.0,100.0,2.0,,,,,100.0,0.0,100.0,0.0,,,78.0,22.0,,,100.0,50.0,100.0,623.0,22.0,22.0,100.0,0.0,100.0,0.0,200.0,0.0,100.0,3448.0,100.0,31690990560.0,100.0,30131513932.0
2019-03-23,ZJV1G0PB,ST12000NM0007,12000138625024,0,81.0,124215008.0,98.0,0.0,100.0,2.0,100.0,0.0,87.0,489296193.0,96.0,3690.0,100.0,0.0,100.0,2.0,,,,,100.0,0.0,100.0,0.0,,,78.0,22.0,,,100.0,51.0,100.0,624.0,22.0,22.0,100.0,0.0,100.0,0.0,200.0,0.0,100.0,3479.0,100.0,31752025544.0,100.0,30384184900.0
2019-03-24,ZJV1G0PB,ST12000NM0007,12000138625024,0,77.0,50052096.0,98.0,0.0,100.0,2.0,100.0,0.0,87.0,490977081.0,96.0,3706.0,100.0,0.0,100.0,2.0,,,,,100.0,0.0,100.0,0.0,,,77.0,23.0,,,100.0,52.0,100.0,625.0,23.0,23.0,100.0,0.0,100.0,0.0,200.0,0.0,100.0,3495.0,100.0,31811321456.0,100.0,30494866972.0
2019-03-25,ZJV1G0PB,ST12000NM0007,12000138625024,0,81.0,127373104.0,98.0,0.0,100.0,2.0,100.0,0.0,87.0,494909052.0,96.0,3737.0,100.0,0.0,100.0,2.0,,,,,100.0,0.0,100.0,0.0,,,78.0,22.0,,,100.0,53.0,100.0,626.0,22.0,22.0,100.0,0.0,100.0,0.0,200.0,0.0,100.0,3526.0,100.0,31917646904.0,100.0,30710003164.0
2019-03-26,ZJV1G0PB,ST12000NM0007,12000138625024,0,74.0,25616792.0,98.0,0.0,100.0,2.0,100.0,0.0,87.0,496536317.0,96.0,3753.0,100.0,0.0,100.0,2.0,,,,,100.0,0.0,100.0,0.0,,,78.0,22.0,,,100.0,53.0,100.0,627.0,22.0,22.0,100.0,0.0,100.0,0.0,200.0,0.0,100.0,3542.0,100.0,31963683376.0,100.0,30806351020.0
2019-03-27,ZJV1G0PB,ST12000NM0007,12000138625024,0,81.0,115161848.0,98.0,0.0,100.0,2.0,100.0,0.0,87.0,500177415.0,96.0,3785.0,100.0,0.0,100.0,2.0,,,,,100.0,0.0,100.0,0.0,,,76.0,24.0,,,100.0,53.0,100.0,628.0,24.0,24.0,100.0,0.0,100.0,0.0,200.0,0.0,100.0,3573.0,100.0,32059804016.0,100.0,31043916172.0
2019-03-28,ZJV1G0PB,ST12000NM0007,12000138625024,0,78.0,56746336.0,98.0,0.0,100.0,2.0,100.0,0.0,87.0,502360557.0,96.0,3801.0,100.0,0.0,100.0,2.0,,,,,100.0,0.0,100.0,0.0,,,75.0,25.0,,,100.0,54.0,100.0,629.0,25.0,25.0,100.0,0.0,100.0,0.0,200.0,0.0,100.0,3589.0,100.0,32110868408.0,100.0,31178577060.0
2019-03-29,ZJV1G0PB,ST12000NM0007,12000138625024,0,81.0,136070312.0,98.0,0.0,100.0,2.0,100.0,0.0,87.0,505360040.0,96.0,3833.0,100.0,0.0,100.0,2.0,,,,,100.0,0.0,100.0,0.0,,,76.0,24.0,,,100.0,54.0,100.0,630.0,24.0,24.0,100.0,0.0,100.0,0.0,200.0,0.0,100.0,3621.0,100.0,32204601840.0,100.0,31408313380.0
2019-03-30,ZJV1G0PB,ST12000NM0007,12000138625024,0,76.0,42889632.0,98.0,0.0,100.0,2.0,100.0,0.0,87.0,506695856.0,96.0,3848.0,100.0,0.0,100.0,2.0,,,,,100.0,0.0,100.0,0.0,,,76.0,24.0,,,100.0,54.0,100.0,631.0,24.0,24.0,100.0,0.0,100.0,0.0,200.0,0.0,100.0,3636.0,100.0,32237878600.0,100.0,31525996788.0
2019-03-31,ZJV1G0PB,ST12000NM0007,12000138625024,0,80.0,97105256.0,98.0,0.0,100.0,2.0,100.0,0.0,87.0,509687646.0,96.0,3880.0,100.0,0.0,100.0,2.0,,,,,100.0,0.0,100.0,0.0,,,76.0,24.0,,,100.0,54.0,100.0,632.0,24.0,24.0,100.0,0.0,100.0,0.0,200.0,0.0,100.0,3668.0,100.0,32316406536.0,100.0,31745825156.0
2019-04-01,ZJV1G0PB,ST12000NM0007,12000138625024,0,75.0,32609968.0,98.0,0.0,100.0,2.0,100.0,0.0,87.0,511728830.0,96.0,3896.0,100.0,0.0,100.0,2.0,,,,,100.0,0.0,100.0,0.0,,,76.0,24.0,,,100.0,54.0,100.0,633.0,24.0,24.0,100.0,0.0,100.0,0.0,200.0,0.0,100.0,3684.0,100.0,32353685352.0,100.0,31888191732.0
2019-04-02,ZJV1G0PB,ST12000NM0007,12000138625024,0,80.0,111519080.0,98.0,0.0,100.0,2.0,100.0,0.0,87.0,514762411.0,96.0,3927.0,100.0,0.0,100.0,2.0,,,,,100.0,0.0,100.0,0.0,,,72.0,28.0,,,100.0,54.0,100.0,634.0,28.0,28.0,100.0,0.0,100.0,0.0,200.0,0.0,100.0,3715.0,100.0,32447035672.0,100.0,32117891428.0
2019-04-03,ZJV1G0PB,ST12000NM0007,12000138625024,0,73.0,21445464.0,98.0,0.0,100.0,2.0,100.0,0.0,87.0,516505439.0,96.0,3943.0,100.0,0.0,100.0,2.0,,,,,100.0,0.0,100.0,0.0,,,72.0,28.0,,,100.0,55.0,100.0,635.0,28.0,28.0,100.0,0.0,100.0,0.0,200.0,0.0,100.0,3731.0,100.0,32496216152.0,100.0,32222778068.0
2019-04-04,ZJV1G0PB,ST12000NM0007,12000138625024,0,80.0,109184320.0,98.0,0.0,100.0,2.0,100.0,0.0,87.0,520764386.0,96.0,3975.0,100.0,0.0,100.0,2.0,,,,,100.0,0.0,100.0,0.0,,,72.0,28.0,,,100.0,56.0,100.0,636.0,28.0,28.0,100.0,0.0,100.0,0.0,200.0,0.0,100.0,3763.0,100.0,32571311816.0,100.0,32479562188.0
2019-04-05,ZJV1G0PB,ST12000NM0007,12000138625024,0,69.0,7967208.0,98.0,0.0,100.0,2.0,100.0,0.0,87.0,522234939.0,96.0,3991.0,100.0,0.0,100.0,2.0,,,,,100.0,0.0,100.0,0.0,,,72.0,28.0,,,100.0,56.0,100.0,637.0,28.0,28.0,100.0,0.0,100.0,0.0,200.0,0.0,100.0,3778.0,100.0,32616520640.0,100.0,32577277068.0
2019-04-06,ZJV1G0PB,ST12000NM0007,12000138625024,0,79.0,75426376.0,98.0,0.0,100.0,2.0,100.0,0.0,87.0,525048599.0,96.0,4022.0,100.0,0.0,100.0,2.0,,,,,100.0,0.0,100.0,0.0,,,72.0,28.0,,,100.0,57.0,100.0,638.0,28.0,28.0,100.0,0.0,100.0,0.0,200.0,0.0,100.0,3810.0,100.0,32702801216.0,100.0,32802596324.0
2019-04-07,ZJV1G0PB,ST12000NM0007,12000138625024,0,74.0,25252880.0,98.0,0.0,100.0,2.0,100.0,0.0,87.0,526697378.0,96.0,4038.0,100.0,0.0,100.0,2.0,,,,,100.0,0.0,100.0,0.0,,,72.0,28.0,,,100.0,58.0,100.0,639.0,28.0,28.0,100.0,0.0,100.0,0.0,200.0,0.0,100.0,3825.0,100.0,32753675336.0,100.0,32945689612.0
2019-04-08,ZJV1G0PB,ST12000NM0007,12000138625024,0,80.0,105475496.0,98.0,0.0,100.0,2.0,100.0,0.0,87.0,530463924.0,96.0,4070.0,100.0,0.0,100.0,2.0,,,,,100.0,0.0,100.0,0.0,,,72.0,28.0,,,100.0,58.0,100.0,640.0,28.0,28.0,100.0,0.0,100.0,0.0,200.0,0.0,100.0,3857.0,100.0,32850864776.0,100.0,33172863420.0
2019-04-09,ZJV1G0PB,ST12000NM0007,12000138625024,0,67.0,5319736.0,98.0,0.0,100.0,2.0,100.0,0.0,87.0,531909192.0,96.0,4086.0,100.0,0.0,100.0,2.0,,,,,100.0,0.0,100.0,0.0,,,72.0,28.0,,,100.0,59.0,100.0,641.0,28.0,28.0,100.0,0.0,100.0,0.0,200.0,0.0,100.0,3873.0,100.0,32906113400.0,100.0,33261599708.0
2019-04-10,ZJV1G0PB,ST12000NM0007,12000138625024,0,78.0,66166264.0,98.0,0.0,100.0,2.0,100.0,0.0,87.0,534990169.0,96.0,4117.0,100.0,0.0,100.0,2.0,,,,,100.0,0.0,100.0,0.0,,,78.0,22.0,,,100.0,60.0,100.0,642.0,22.0,22.0,100.0,0.0,100.0,0.0,200.0,0.0,100.0,3904.0,100.0,32991021552.0,100.0,33481678716.0
2019-04-11,ZJV1G0PB,ST12000NM0007,12000138625024,0,82.0,171750888.0,98.0,0.0,100.0,2.0,100.0,0.0,87.0,538732524.0,96.0,4149.0,100.0,0.0,100.0,2.0,,,,,100.0,0.0,100.0,0.0,,,78.0,22.0,,,100.0,60.0,100.0,644.0,22.0,22.0,100.0,0.0,100.0,0.0,200.0,0.0,100.0,3936.0,100.0,33086998168.0,100.0,33735427412.0
2019-04-12,ZJV1G0PB,ST12000NM0007,12000138625024,0,81.0,124002768.0,98.0,0.0,100.0,2.0,100.0,0.0,87.0,541215346.0,96.0,4165.0,100.0,0.0,100.0,2.0,,,,,100.0,0.0,100.0,0.0,,,78.0,22.0,,,100.0,60.0,100.0,644.0,22.0,22.0,100.0,0.0,100.0,0.0,200.0,0.0,100.0,3951.0,100.0,33139476536.0,100.0,33879341780.0
2019-04-13,ZJV1G0PB,ST12000NM0007,12000138625024,0,83.0,206983304.0,98.0,0.0,100.0,2.0,100.0,0.0,87.0,544565613.0,96.0,4196.0,100.0,0.0,100.0,2.0,,,,,100.0,0.0,100.0,0.0,,,78.0,22.0,,,100.0,60.0,100.0,646.0,22.0,22.0,100.0,0.0,100.0,0.0,200.0,0.0,100.0,3983.0,100.0,33242471736.0,100.0,34103504156.0
2019-04-14,ZJV1G0PB,ST12000NM0007,12000138625024,0,81.0,126352112.0,98.0,0.0,100.0,2.0,100.0,0.0,87.0,546256372.0,96.0,4212.0,100.0,0.0,100.0,2.0,,,,,100.0,0.0,100.0,0.0,,,78.0,22.0,,,100.0,60.0,100.0,646.0,22.0,22.0,100.0,0.0,100.0,0.0,200.0,0.0,100.0,3999.0,100.0,33293511616.0,100.0,34215973932.0
2019-04-15,ZJV1G0PB,ST12000NM0007,12000138625024,0,84.0,233099960.0,98.0,0.0,100.0,2.0,100.0,0.0,87.0,550283735.0,96.0,4244.0,100.0,0.0,100.0,2.0,,,,,100.0,0.0,100.0,0.0,,,78.0,22.0,,,100.0,61.0,100.0,647.0,22.0,22.0,100.0,0.0,100.0,0.0,200.0,0.0,100.0,4030.0,100.0,33398430832.0,100.0,34461943412.0
2019-04-16,ZJV1G0PB,ST12000NM0007,12000138625024,0,82.0,155086736.0,98.0,0.0,100.0,2.0,100.0,0.0,87.0,552038362.0,96.0,4260.0,100.0,0.0,100.0,2.0,,,,,100.0,0.0,100.0,0.0,,,78.0,22.0,,,100.0,61.0,100.0,648.0,22.0,22.0,100.0,0.0,100.0,0.0,200.0,0.0,100.0,4046.0,100.0,33449012336.0,100.0,34577490108.0
2019-04-17,ZJV1G0PB,ST12000NM0007,12000138625024,0,77.0,53712776.0,98.0,0.0,100.0,2.0,100.0,0.0,87.0,556688287.0,96.0,4291.0,100.0,0.0,100.0,2.0,,,,,100.0,0.0,100.0,0.0,,,76.0,24.0,,,100.0,61.0,100.0,649.0,24.0,24.0,100.0,0.0,100.0,0.0,200.0,0.0,100.0,4078.0,100.0,33581148656.0,100.0,34832261340.0
2019-04-18,ZJV1G0PB,ST12000NM0007,12000138625024,0,82.0,153347880.0,98.0,0.0,100.0,2.0,100.0,0.0,87.0,560089896.0,96.0,4323.0,100.0,0.0,100.0,2.0,,,,,100.0,0.0,100.0,0.0,,,76.0,24.0,,,100.0,61.0,100.0,651.0,24.0,24.0,100.0,0.0,100.0,0.0,200.0,0.0,100.0,4109.0,100.0,33688614192.0,100.0,35068571668.0
2019-04-19,ZJV1G0PB,ST12000NM0007,12000138625024,0,80.0,107894000.0,98.0,0.0,100.0,2.0,100.0,0.0,87.0,562232300.0,96.0,4339.0,100.0,0.0,100.0,2.0,,,,,100.0,0.0,100.0,0.0,,,75.0,25.0,,,100.0,61.0,100.0,651.0,25.0,25.0,100.0,0.0,100.0,0.0,200.0,0.0,100.0,4125.0,100.0,33774728656.0,100.0,35181144092.0
2019-04-20,ZJV1G0PB,ST12000NM0007,12000138625024,0,84.0,230616472.0,98.0,0.0,100.0,2.0,100.0,0.0,88.0,567109185.0,96.0,4370.0,100.0,0.0,100.0,2.0,,,,,100.0,0.0,100.0,0.0,,,76.0,24.0,,,100.0,62.0,100.0,653.0,24.0,24.0,100.0,0.0,100.0,0.0,200.0,0.0,100.0,4157.0,100.0,33870053416.0,100.0,35452682548.0
2019-04-21,ZJV1G0PB,ST12000NM0007,12000138625024,0,81.0,133483680.0,98.0,0.0,100.0,2.0,100.0,0.0,88.0,568464243.0,95.0,4386.0,100.0,0.0,100.0,2.0,,,,,100.0,0.0,100.0,0.0,,,75.0,25.0,,,100.0,62.0,100.0,653.0,25.0,25.0,100.0,0.0,100.0,0.0,200.0,0.0,100.0,4172.0,100.0,33898834240.0,100.0,35570909612.0
2019-04-22,ZJV1G0PB,ST12000NM0007,12000138625024,0,83.0,196379312.0,98.0,0.0,100.0,2.0,100.0,0.0,88.0,572061119.0,95.0,4418.0,100.0,0.0,100.0,2.0,,,,,100.0,0.0,100.0,0.0,,,76.0,24.0,,,100.0,63.0,100.0,655.0,24.0,24.0,100.0,0.0,100.0,0.0,200.0,0.0,100.0,4204.0,100.0,33965501368.0,100.0,35811278876.0
2019-04-23,ZJV1G0PB,ST12000NM0007,12000138625024,0,80.0,94998048.0,98.0,0.0,100.0,2.0,100.0,0.0,88.0,573554802.0,95.0,4434.0,100.0,0.0,100.0,2.0,,,,,100.0,0.0,100.0,0.0,,,72.0,28.0,,,100.0,63.0,100.0,655.0,28.0,28.0,100.0,0.0,100.0,0.0,200.0,0.0,100.0,4220.0,100.0,34006538304.0,100.0,35913001436.0
2019-04-24,ZJV1G0PB,ST12000NM0007,12000138625024,0,67.0,4626504.0,98.0,0.0,100.0,2.0,100.0,0.0,88.0,575130670.0,95.0,4450.0,100.0,0.0,100.0,2.0,,,,,100.0,0.0,100.0,0.0,,,72.0,28.0,,,100.0,64.0,100.0,656.0,28.0,28.0,100.0,0.0,100.0,0.0,200.0,0.0,100.0,4236.0,100.0,34056607256.0,100.0,36016701588.0
2019-04-25,ZJV1G0PB,ST12000NM0007,12000138625024,0,80.0,106458824.0,98.0,0.0,100.0,2.0,100.0,0.0,88.0,579061417.0,95.0,4481.0,100.0,0.0,100.0,2.0,,,,,100.0,0.0,100.0,0.0,,,71.0,29.0,,,100.0,64.0,100.0,658.0,29.0,29.0,100.0,0.0,100.0,0.0,200.0,0.0,100.0,4267.0,100.0,34139354976.0,100.0,36279927052.0
2019-04-26,ZJV1G0PB,ST12000NM0007,12000138625024,0,73.0,19030016.0,98.0,0.0,100.0,2.0,100.0,0.0,88.0,580720677.0,95.0,4497.0,100.0,0.0,100.0,2.0,,,,,100.0,0.0,100.0,0.0,,,72.0,28.0,,,100.0,65.0,100.0,659.0,28.0,28.0,100.0,0.0,100.0,0.0,200.0,0.0,100.0,4283.0,100.0,34179915416.0,100.0,36396078500.0
2019-04-27,ZJV1G0PB,ST12000NM0007,12000138625024,0,76.0,36907960.0,98.0,0.0,100.0,2.0,100.0,0.0,88.0,583999047.0,95.0,4529.0,100.0,0.0,100.0,2.0,,,,,100.0,0.0,100.0,0.0,,,72.0,28.0,,,100.0,66.0,100.0,660.0,28.0,28.0,100.0,0.0,100.0,0.0,200.0,0.0,100.0,4314.0,100.0,34268989616.0,100.0,36569023052.0
2019-04-28,ZJV1G0PB,ST12000NM0007,12000138625024,0,83.0,198329648.0,98.0,0.0,100.0,2.0,100.0,0.0,88.0,585871364.0,95.0,4545.0,100.0,0.0,100.0,2.0,,,,,100.0,0.0,100.0,0.0,,,72.0,28.0,,,100.0,67.0,100.0,661.0,28.0,28.0,100.0,0.0,100.0,0.0,200.0,0.0,100.0,4330.0,100.0,34319023840.0,100.0,36680410516.0
2019-04-29,ZJV1G0PB,ST12000NM0007,12000138625024,0,79.0,76153680.0,98.0,0.0,100.0,2.0,100.0,0.0,88.0,590960780.0,95.0,4576.0,100.0,0.0,100.0,2.0,,,,,100.0,0.0,100.0,0.0,,,72.0,28.0,,,100.0,67.0,100.0,662.0,28.0,28.0,100.0,0.0,100.0,0.0,200.0,0.0,100.0,4361.0,100.0,34428059080.0,100.0,36937480740.0
2019-04-30,ZJV1G0PB,ST12000NM0007,12000138625024,0,83.0,217378816.0,98.0,0.0,100.0,2.0,100.0,0.0,88.0,592480987.0,95.0,4592.0,100.0,0.0,100.0,2.0,,,,,100.0,0.0,100.0,0.0,,,72.0,28.0,,,100.0,68.0,100.0,663.0,28.0,28.0,100.0,0.0,100.0,0.0,200.0,0.0,100.0,4377.0,100.0,34466353480.0,100.0,37040411476.0
2019-05-01,ZJV1G0PB,ST12000NM0007,12000138625024,0,77.0,52389336.0,98.0,0.0,100.0,2.0,100.0,0.0,88.0,596042370.0,95.0,4624.0,100.0,0.0,100.0,2.0,,,,,100.0,0.0,100.0,0.0,,,75.0,25.0,,,100.0,68.0,100.0,664.0,25.0,25.0,100.0,0.0,100.0,0.0,200.0,0.0,100.0,4409.0,100.0,34593284128.0,100.0,37236772628.0
2019-05-02,ZJV1G0PB,ST12000NM0007,12000138625024,0,81.0,119407184.0,98.0,0.0,100.0,2.0,100.0,0.0,88.0,600613810.0,95.0,4655.0,100.0,0.0,100.0,2.0,,,,,100.0,0.0,100.0,0.0,,,76.0,24.0,,,100.0,69.0,100.0,666.0,24.0,24.0,100.0,0.0,100.0,0.0,200.0,0.0,100.0,4440.0,100.0,34707565592.0,100.0,37433649684.0
2019-05-03,ZJV1G0PB,ST12000NM0007,12000138625024,0,74.0,27417840.0,98.0,0.0,100.0,2.0,100.0,0.0,88.0,602402459.0,95.0,4671.0,100.0,0.0,100.0,2.0,,,,,100.0,0.0,100.0,0.0,,,76.0,24.0,,,100.0,69.0,100.0,666.0,24.0,24.0,100.0,0.0,100.0,0.0,200.0,0.0,100.0,4456.0,100.0,34770240192.0,100.0,37523126396.0
2019-05-04,ZJV1G0PB,ST12000NM0007,12000138625024,0,80.0,100932784.0,98.0,0.0,100.0,2.0,100.0,0.0,88.0,606293388.0,95.0,4703.0,100.0,0.0,100.0,2.0,,,,,100.0,0.0,100.0,0.0,,,76.0,24.0,,,100.0,70.0,100.0,668.0,24.0,24.0,100.0,0.0,100.0,0.0,200.0,0.0,100.0,4488.0,100.0,34892103648.0,100.0,37718918612.0
2019-05-05,ZJV1G0PB,ST12000NM0007,12000138625024,0,69.0,7898448.0,98.0,0.0,100.0,2.0,100.0,0.0,88.0,608229379.0,95.0,4719.0,100.0,0.0,100.0,2.0,,,,,100.0,0.0,100.0,0.0,,,76.0,24.0,,,100.0,70.0,100.0,668.0,24.0,24.0,100.0,0.0,100.0,0.0,200.0,0.0,100.0,4503.0,100.0,34945662304.0,100.0,37816466356.0
2019-05-06,ZJV1G0PB,ST12000NM0007,12000138625024,0,82.0,143766128.0,98.0,0.0,100.0,2.0,100.0,0.0,88.0,613112292.0,95.0,4751.0,100.0,0.0,100.0,2.0,,,,,100.0,0.0,100.0,0.0,,,76.0,24.0,,,100.0,70.0,100.0,670.0,24.0,24.0,100.0,0.0,100.0,0.0,200.0,0.0,100.0,4535.0,100.0,35094960632.0,100.0,38047176548.0
2019-05-07,ZJV1G0PB,ST12000NM0007,12000138625024,0,77.0,54950264.0,98.0,0.0,100.0,2.0,100.0,0.0,88.0,614964777.0,95.0,4766.0,100.0,0.0,100.0,2.0,,,,,100.0,0.0,100.0,0.0,,,72.0,28.0,,,100.0,70.0,100.0,670.0,28.0,28.0,100.0,0.0,100.0,0.0,200.0,0.0,100.0,4551.0,100.0,35159711896.0,100.0,38137750124.0
2019-05-08,ZJV1G0PB,ST12000NM0007,12000138625024,0,83.0,187437608.0,98.0,0.0,100.0,2.0,100.0,0.0,88.0,620735636.0,95.0,4798.0,100.0,0.0,100.0,2.0,,,,,100.0,0.0,100.0,0.0,,,72.0,28.0,,,100.0,70.0,100.0,672.0,28.0,28.0,100.0,0.0,100.0,0.0,200.0,0.0,100.0,4582.0,100.0,35306783504.0,100.0,38367306564.0
2019-05-09,ZJV1G0PB,ST12000NM0007,12000138625024,0,81.0,121648792.0,98.0,0.0,100.0,2.0,100.0,0.0,88.0,622776086.0,95.0,4814.0,100.0,0.0,100.0,2.0,,,,,100.0,0.0,100.0,0.0,,,72.0,28.0,,,100.0,70.0,100.0,672.0,28.0,28.0,100.0,0.0,100.0,0.0,200.0,0.0,100.0,4598.0,100.0,35381259376.0,100.0,38471183068.0
2019-05-10,ZJV1G0PB,ST12000NM0007,12000138625024,0,83.0,207229664.0,98.0,0.0,100.0,2.0,100.0,0.0,88.0,626657484.0,95.0,4846.0,100.0,0.0,100.0,2.0,,,,,100.0,0.0,100.0,0.0,,,71.0,29.0,,,100.0,70.0,100.0,673.0,29.0,29.0,100.0,0.0,100.0,0.0,200.0,0.0,100.0,4629.0,100.0,35511847968.0,100.0,38670316228.0
2019-05-11,ZJV1G0PB,ST12000NM0007,12000138625024,0,81.0,132420144.0,98.0,0.0,100.0,2.0,100.0,0.0,88.0,628479353.0,95.0,4861.0,100.0,0.0,100.0,2.0,,,,,100.0,0.0,100.0,0.0,,,72.0,28.0,,,100.0,71.0,100.0,674.0,28.0,28.0,100.0,0.0,100.0,0.0,200.0,0.0,100.0,4645.0,100.0,35547940920.0,100.0,38803554724.0
2019-05-12,ZJV1G0PB,ST12000NM0007,12000138625024,0,83.0,197074696.0,98.0,0.0,100.0,2.0,100.0,0.0,88.0,631800394.0,95.0,4893.0,100.0,0.0,100.0,2.0,,,,,100.0,0.0,100.0,0.0,,,72.0,28.0,,,100.0,71.0,100.0,675.0,28.0,28.0,100.0,0.0,100.0,0.0,200.0,0.0,100.0,4677.0,100.0,35631412104.0,100.0,39028878724.0
2019-05-13,ZJV1G0PB,ST12000NM0007,12000138625024,0,80.0,103868512.0,98.0,0.0,100.0,2.0,100.0,0.0,88.0,634085541.0,95.0,4909.0,100.0,0.0,100.0,2.0,,,,,100.0,0.0,100.0,0.0,,,72.0,28.0,,,100.0,71.0,100.0,676.0,28.0,28.0,100.0,0.0,100.0,0.0,200.0,0.0,100.0,4692.0,100.0,35668383976.0,100.0,39142841332.0
2019-05-14,ZJV1G0PB,ST12000NM0007,12000138625024,0,80.0,112031384.0,98.0,0.0,100.0,2.0,100.0,0.0,88.0,637043890.0,95.0,4941.0,100.0,0.0,100.0,2.0,,,,,100.0,0.0,100.0,0.0,,,72.0,28.0,,,100.0,71.0,100.0,677.0,28.0,28.0,100.0,0.0,100.0,0.0,200.0,0.0,100.0,4724.0,100.0,35769129880.0,100.0,39294398940.0
2019-05-15,ZJV1G0PB,ST12000NM0007,12000138625024,0,84.0,240736168.0,98.0,0.0,100.0,2.0,100.0,0.0,88.0,638744370.0,95.0,4957.0,100.0,0.0,100.0,2.0,,,,,100.0,0.0,100.0,0.0,,,72.0,28.0,,,100.0,72.0,100.0,678.0,28.0,28.0,100.0,0.0,100.0,0.0,200.0,0.0,100.0,4740.0,100.0,35832996944.0,100.0,39359236660.0
2019-05-16,ZJV1G0PB,ST12000NM0007,12000138625024,0,79.0,82374296.0,98.0,0.0,100.0,2.0,100.0,0.0,88.0,643820491.0,95.0,4988.0,100.0,0.0,100.0,2.0,,,,,100.0,0.0,100.0,0.0,,,72.0,28.0,,,100.0,73.0,100.0,679.0,28.0,28.0,100.0,0.0,100.0,0.0,200.0,0.0,100.0,4771.0,100.0,35937241536.0,100.0,39584911492.0
2019-05-17,ZJV1G0PB,ST12000NM0007,12000138625024,0,83.0,204313000.0,98.0,0.0,100.0,2.0,100.0,0.0,88.0,645330126.0,95.0,5004.0,100.0,0.0,100.0,2.0,,,,,100.0,0.0,100.0,0.0,,,72.0,28.0,,,100.0,74.0,100.0,680.0,28.0,28.0,100.0,0.0,100.0,0.0,200.0,0.0,100.0,4787.0,100.0,35982987808.0,100.0,39661103924.0
2019-05-18,ZJV1G0PB,ST12000NM0007,12000138625024,0,83.0,189525184.0,98.0,0.0,100.0,2.0,100.0,0.0,88.0,648341360.0,95.0,5035.0,100.0,0.0,100.0,2.0,,,,,100.0,0.0,100.0,0.0,,,75.0,25.0,,,100.0,74.0,100.0,682.0,25.0,25.0,100.0,0.0,100.0,0.0,200.0,0.0,100.0,4818.0,100.0,36072547368.0,100.0,39800897308.0
2019-05-19,ZJV1G0PB,ST12000NM0007,12000138625024,0,79.0,77195760.0,98.0,0.0,100.0,2.0,100.0,0.0,88.0,649857006.0,95.0,5052.0,100.0,0.0,100.0,2.0,,,,,100.0,0.0,100.0,0.0,,,76.0,24.0,,,100.0,74.0,100.0,682.0,24.0,24.0,100.0,0.0,100.0,0.0,200.0,0.0,100.0,4834.0,100.0,36099474080.0,100.0,39905782100.0
2019-05-20,ZJV1G0PB,ST12000NM0007,12000138625024,0,81.0,129245416.0,98.0,0.0,100.0,2.0,100.0,0.0,88.0,653785906.0,95.0,5083.0,100.0,0.0,100.0,2.0,,,,,100.0,0.0,100.0,0.0,,,76.0,24.0,,,100.0,75.0,100.0,683.0,24.0,24.0,100.0,0.0,100.0,0.0,200.0,0.0,100.0,4866.0,100.0,36189780864.0,100.0,40111665620.0
2019-05-21,ZJV1G0PB,ST12000NM0007,12000138625024,0,69.0,8033872.0,98.0,0.0,100.0,2.0,100.0,0.0,88.0,655278989.0,95.0,5099.0,100.0,0.0,100.0,2.0,,,,,100.0,0.0,100.0,0.0,,,75.0,25.0,,,100.0,75.0,100.0,684.0,25.0,25.0,100.0,0.0,100.0,0.0,200.0,0.0,100.0,4882.0,100.0,36227182592.0,100.0,40197193452.0
2019-05-22,ZJV1G0PB,ST12000NM0007,12000138625024,0,81.0,120456608.0,98.0,0.0,100.0,2.0,100.0,0.0,88.0,659679204.0,95.0,5131.0,100.0,0.0,100.0,2.0,,,,,100.0,0.0,100.0,0.0,,,76.0,24.0,,,100.0,76.0,100.0,685.0,24.0,24.0,100.0,0.0,100.0,0.0,200.0,0.0,100.0,4913.0,100.0,36318084824.0,100.0,40462854692.0
2019-05-23,ZJV1G0PB,ST12000NM0007,12000138625024,0,82.0,164207824.0,98.0,0.0,100.0,2.0,100.0,0.0,88.0,663007954.0,95.0,5162.0,100.0,0.0,100.0,2.0,,,,,100.0,0.0,100.0,0.0,,,76.0,24.0,,,100.0,77.0,100.0,687.0,24.0,24.0,100.0,0.0,100.0,0.0,200.0,0.0,100.0,4945.0,100.0,36405672944.0,100.0,40663159484.0
2019-05-24,ZJV1G0PB,ST12000NM0007,12000138625024,0,78.0,57814248.0,98.0,0.0,100.0,2.0,100.0,0.0,88.0,664490042.0,95.0,5178.0,100.0,0.0,100.0,2.0,,,,,100.0,0.0,100.0,0.0,,,75.0,25.0,,,100.0,77.0,100.0,687.0,25.0,25.0,100.0,0.0,100.0,0.0,200.0,0.0,100.0,4961.0,100.0,36443326328.0,100.0,40763254068.0
2019-05-25,ZJV1G0PB,ST12000NM0007,12000138625024,0,80.0,104786176.0,98.0,0.0,100.0,2.0,100.0,0.0,88.0,667601947.0,95.0,5210.0,100.0,0.0,100.0,2.0,,,,,100.0,0.0,100.0,0.0,,,75.0,25.0,,,100.0,78.0,100.0,689.0,25.0,25.0,100.0,0.0,100.0,0.0,200.0,0.0,100.0,4992.0,100.0,36514384592.0,100.0,40983308548.0
2019-05-26,ZJV1G0PB,ST12000NM0007,12000138625024,0,66.0,3869936.0,98.0,0.0,100.0,2.0,100.0,0.0,88.0,669071929.0,95.0,5226.0,100.0,0.0,100.0,2.0,,,,,100.0,0.0,100.0,0.0,,,75.0,25.0,,,100.0,78.0,100.0,689.0,25.0,25.0,100.0,0.0,100.0,0.0,200.0,0.0,100.0,5008.0,100.0,36542243600.0,100.0,41098674260.0
2019-05-27,ZJV1G0PB,ST12000NM0007,12000138625024,0,82.0,149109840.0,98.0,0.0,100.0,2.0,100.0,0.0,88.0,674315812.0,94.0,5257.0,100.0,0.0,100.0,2.0,,,,,100.0,0.0,100.0,0.0,,,75.0,25.0,,,100.0,79.0,100.0,691.0,25.0,25.0,100.0,0.0,100.0,0.0,200.0,0.0,100.0,5039.0,100.0,36637657160.0,100.0,41392641372.0
2019-05-28,ZJV1G0PB,ST12000NM0007,12000138625024,0,78.0,69676400.0,98.0,0.0,100.0,2.0,100.0,0.0,88.0,676065546.0,94.0,5273.0,100.0,0.0,100.0,2.0,,,,,100.0,0.0,100.0,0.0,,,76.0,24.0,,,100.0,79.0,100.0,691.0,24.0,24.0,100.0,0.0,100.0,0.0,200.0,0.0,100.0,5055.0,100.0,36683426504.0,100.0,41511579356.0
2019-05-29,ZJV1G0PB,ST12000NM0007,12000138625024,0,82.0,161277272.0,98.0,0.0,100.0,2.0,100.0,0.0,88.0,680351564.0,94.0,5305.0,100.0,0.0,100.0,2.0,,,,,100.0,0.0,100.0,0.0,,,75.0,25.0,,,100.0,80.0,100.0,693.0,25.0,25.0,100.0,0.0,100.0,0.0,200.0,0.0,100.0,5087.0,100.0,36799335480.0,100.0,41731412108.0
2019-05-30,ZJV1G0PB,ST12000NM0007,12000138625024,0,77.0,55834096.0,98.0,0.0,100.0,2.0,100.0,0.0,88.0,681895881.0,94.0,5321.0,100.0,0.0,100.0,2.0,,,,,100.0,0.0,100.0,0.0,,,75.0,25.0,,,100.0,80.0,100.0,693.0,25.0,25.0,100.0,0.0,100.0,0.0,200.0,0.0,100.0,5102.0,100.0,36833463776.0,100.0,41835981388.0
2019-05-31,ZJV1G0PB,ST12000NM0007,12000138625024,0,83.0,204999560.0,98.0,0.0,100.0,2.0,100.0,0.0,88.0,683468354.0,94.0,5337.0,100.0,0.0,100.0,2.0,,,,,100.0,0.0,100.0,0.0,,,76.0,24.0,,,100.0,81.0,100.0,695.0,24.0,24.0,100.0,0.0,100.0,0.0,200.0,0.0,100.0,5118.0,100.0,36873746576.0,100.0,41944864052.0
2019-06-01,ZJV1G0PB,ST12000NM0007,12000138625024,0,83.0,203521640.0,98.0,0.0,100.0,2.0,100.0,0.0,88.0,686263076.0,94.0,5368.0,100.0,0.0,100.0,2.0,,,,,100.0,0.0,100.0,0.0,,,75.0,25.0,,,100.0,82.0,100.0,696.0,25.0,25.0,100.0,0.0,100.0,0.0,200.0,0.0,100.0,5150.0,100.0,36933584216.0,100.0,42127689260.0
2019-06-02,ZJV1G0PB,ST12000NM0007,12000138625024,0,82.0,145427752.0,98.0,0.0,100.0,2.0,100.0,0.0,88.0,688159766.0,94.0,5384.0,100.0,0.0,100.0,2.0,,,,,100.0,0.0,100.0,0.0,,,75.0,25.0,,,100.0,82.0,100.0,697.0,25.0,25.0,100.0,0.0,100.0,0.0,200.0,0.0,100.0,5165.0,100.0,36989360776.0,100.0,42257959572.0
2019-06-03,ZJV1G0PB,ST12000NM0007,12000138625024,0,82.0,176531808.0,98.0,0.0,100.0,2.0,100.0,0.0,88.0,692016316.0,94.0,5416.0,100.0,0.0,100.0,2.0,,,,,100.0,0.0,100.0,0.0,,,75.0,25.0,,,100.0,83.0,100.0,698.0,25.0,25.0,100.0,0.0,100.0,0.0,200.0,0.0,100.0,5197.0,100.0,37094599888.0,100.0,42427965316.0
2019-06-04,ZJV1G0PB,ST12000NM0007,12000138625024,0,81.0,122644320.0,98.0,0.0,100.0,2.0,100.0,0.0,88.0,693949807.0,94.0,5432.0,100.0,0.0,100.0,2.0,,,,,100.0,0.0,100.0,0.0,,,75.0,25.0,,,100.0,84.0,100.0,699.0,25.0,25.0,100.0,0.0,100.0,0.0,200.0,0.0,100.0,5213.0,100.0,37178936704.0,100.0,42533881828.0
2019-06-05,ZJV1G0PB,ST12000NM0007,12000138625024,0,83.0,223719880.0,98.0,0.0,100.0,2.0,100.0,0.0,88.0,697839530.0,94.0,5463.0,100.0,0.0,100.0,2.0,,,,,100.0,0.0,100.0,0.0,,,74.0,26.0,,,100.0,84.0,100.0,700.0,26.0,26.0,100.0,0.0,100.0,0.0,200.0,0.0,100.0,5244.0,100.0,37348832112.0,100.0,42709202796.0
2019-06-06,ZJV1G0PB,ST12000NM0007,12000138625024,0,76.0,44413520.0,98.0,0.0,100.0,2.0,100.0,0.0,88.0,703230655.0,94.0,5495.0,100.0,0.0,100.0,2.0,,,,,100.0,0.0,100.0,0.0,,,75.0,25.0,,,100.0,84.0,100.0,702.0,25.0,25.0,100.0,0.0,100.0,0.0,200.0,0.0,100.0,5275.0,100.0,37489801480.0,100.0,42877208356.0
2019-06-07,ZJV1G0PB,ST12000NM0007,12000138625024,0,83.0,188692552.0,98.0,0.0,100.0,2.0,100.0,0.0,88.0,705101401.0,94.0,5511.0,100.0,0.0,100.0,2.0,,,,,100.0,0.0,100.0,0.0,,,75.0,25.0,,,100.0,85.0,100.0,703.0,25.0,25.0,100.0,0.0,100.0,0.0,200.0,0.0,100.0,5291.0,100.0,37563097472.0,100.0,42948191468.0
2019-06-08,ZJV1G0PB,ST12000NM0007,12000138625024,0,78.0,63603496.0,98.0,0.0,100.0,2.0,100.0,0.0,89.0,708901928.0,94.0,5543.0,100.0,0.0,100.0,2.0,,,,,100.0,0.0,100.0,0.0,,,75.0,25.0,,,100.0,85.0,100.0,704.0,25.0,25.0,100.0,0.0,100.0,0.0,200.0,0.0,100.0,5322.0,100.0,37655970488.0,100.0,43218511164.0
2019-06-09,ZJV1G0PB,ST12000NM0007,12000138625024,0,83.0,192112144.0,98.0,0.0,100.0,2.0,100.0,0.0,89.0,710341797.0,94.0,5558.0,100.0,0.0,100.0,2.0,,,,,100.0,0.0,100.0,0.0,,,75.0,25.0,,,100.0,85.0,100.0,705.0,25.0,25.0,100.0,0.0,100.0,0.0,200.0,0.0,100.0,5338.0,100.0,37676303344.0,100.0,43326686956.0
2019-06-10,ZJV1G0PB,ST12000NM0007,12000138625024,0,82.0,175187640.0,98.0,0.0,100.0,2.0,100.0,0.0,89.0,713794492.0,94.0,5590.0,100.0,0.0,100.0,2.0,,,,,100.0,0.0,100.0,0.0,,,76.0,24.0,,,100.0,86.0,100.0,706.0,24.0,24.0,100.0,0.0,100.0,0.0,200.0,0.0,100.0,5370.0,100.0,37717582440.0,100.0,43512624244.0
2019-06-11,ZJV1G0PB,ST12000NM0007,12000138625024,0,78.0,62113576.0,98.0,0.0,100.0,2.0,100.0,0.0,89.0,715099731.0,94.0,5606.0,100.0,0.0,100.0,2.0,,,,,100.0,0.0,100.0,0.0,,,75.0,25.0,,,100.0,87.0,100.0,707.0,25.0,25.0,100.0,0.0,100.0,0.0,200.0,0.0,100.0,5385.0,100.0,37737635368.0,100.0,43623637932.0
2019-06-12,ZJV1G0PB,ST12000NM0007,12000138625024,0,81.0,113398968.0,98.0,0.0,100.0,2.0,100.0,0.0,89.0,718959300.0,94.0,5638.0,100.0,0.0,100.0,2.0,,,,,100.0,0.0,100.0,0.0,,,75.0,25.0,,,100.0,87.0,100.0,708.0,25.0,25.0,100.0,0.0,100.0,0.0,200.0,0.0,100.0,5417.0,100.0,37806553400.0,100.0,43850146116.0
2019-06-13,ZJV1G0PB,ST12000NM0007,12000138625024,0,83.0,222063656.0,98.0,0.0,100.0,2.0,100.0,0.0,89.0,720255777.0,94.0,5653.0,100.0,0.0,100.0,2.0,,,,,100.0,0.0,100.0,0.0,,,76.0,24.0,,,100.0,87.0,100.0,709.0,24.0,24.0,100.0,0.0,100.0,0.0,200.0,0.0,100.0,5433.0,100.0,37824868800.0,100.0,43940495404.0
2019-06-14,ZJV1G0PB,ST12000NM0007,12000138625024,0,84.0,227835216.0,98.0,0.0,100.0,2.0,100.0,0.0,89.0,723235302.0,94.0,5685.0,100.0,0.0,100.0,2.0,,,,,100.0,0.0,100.0,0.0,,,75.0,25.0,,,100.0,87.0,100.0,710.0,25.0,25.0,100.0,0.0,100.0,0.0,200.0,0.0,100.0,5464.0,100.0,37872644136.0,100.0,44142632348.0
2019-06-15,ZJV1G0PB,ST12000NM0007,12000138625024,0,81.0,115470088.0,98.0,0.0,100.0,2.0,100.0,0.0,89.0,724591920.0,94.0,5701.0,100.0,0.0,100.0,2.0,,,,,100.0,0.0,100.0,0.0,,,76.0,24.0,,,100.0,88.0,100.0,711.0,24.0,24.0,100.0,0.0,100.0,0.0,200.0,0.0,100.0,5480.0,100.0,37896641832.0,100.0,44250410348.0
2019-06-16,ZJV1G0PB,ST12000NM0007,12000138625024,0,80.0,111260664.0,98.0,0.0,100.0,2.0,100.0,0.0,89.0,728321163.0,94.0,5733.0,100.0,0.0,100.0,2.0,,,,,100.0,0.0,100.0,0.0,,,75.0,25.0,,,100.0,89.0,100.0,712.0,25.0,25.0,100.0,0.0,100.0,0.0,200.0,0.0,100.0,5512.0,100.0,37955727464.0,100.0,44431256044.0
2019-06-17,ZJV1G0PB,ST12000NM0007,12000138625024,0,84.0,242381136.0,98.0,0.0,100.0,2.0,100.0,0.0,89.0,730554889.0,94.0,5748.0,100.0,0.0,100.0,2.0,,,,,100.0,0.0,100.0,0.0,,,75.0,25.0,,,100.0,90.0,100.0,713.0,25.0,25.0,100.0,0.0,100.0,0.0,200.0,0.0,100.0,5527.0,100.0,37990117928.0,100.0,44527986052.0
2019-06-18,ZJV1G0PB,ST12000NM0007,12000138625024,0,84.0,229567288.0,98.0,0.0,100.0,2.0,100.0,0.0,89.0,733321467.0,94.0,5780.0,100.0,0.0,100.0,2.0,,,,,100.0,0.0,100.0,0.0,,,74.0,26.0,,,100.0,90.0,100.0,715.0,26.0,26.0,100.0,0.0,100.0,0.0,200.0,0.0,100.0,5559.0,100.0,38035863184.0,100.0,44713567900.0
2019-06-19,ZJV1G0PB,ST12000NM0007,12000138625024,0,84.0,242888384.0,98.0,0.0,100.0,2.0,100.0,0.0,89.0,736961114.0,94.0,5812.0,100.0,0.0,100.0,2.0,,,,,100.0,0.0,100.0,0.0,,,75.0,25.0,,,100.0,90.0,100.0,716.0,25.0,25.0,100.0,0.0,100.0,0.0,200.0,0.0,100.0,5590.0,100.0,38083466560.0,100.0,44923426332.0
2019-06-20,ZJV1G0PB,ST12000NM0007,12000138625024,0,81.0,118944912.0,98.0,0.0,100.0,2.0,100.0,0.0,89.0,738296003.0,94.0,5828.0,100.0,0.0,100.0,2.0,,,,,100.0,0.0,100.0,0.0,,,74.0,26.0,,,100.0,90.0,100.0,716.0,26.0,26.0,100.0,0.0,100.0,0.0,200.0,0.0,100.0,5606.0,100.0,38112753472.0,100.0,45014336764.0
2019-06-21,ZJV1G0PB,ST12000NM0007,12000138625024,0,81.0,131588552.0,98.0,0.0,100.0,2.0,100.0,0.0,89.0,741189043.0,94.0,5859.0,100.0,0.0,100.0,2.0,,,,,100.0,0.0,100.0,0.0,,,74.0,26.0,,,100.0,91.0,100.0,718.0,26.0,26.0,100.0,0.0,100.0,0.0,200.0,0.0,100.0,5638.0,100.0,38193007976.0,100.0,45190866556.0
2019-06-22,ZJV1G0PB,ST12000NM0007,12000138625024,0,72.0,15928904.0,98.0,0.0,100.0,2.0,100.0,0.0,89.0,742766145.0,94.0,5875.0,100.0,0.0,100.0,2.0,,,,,100.0,0.0,100.0,0.0,,,74.0,26.0,,,100.0,91.0,100.0,718.0,26.0,26.0,100.0,0.0,100.0,0.0,200.0,0.0,100.0,5654.0,100.0,38243777584.0,100.0,45268577988.0
2019-06-23,ZJV1G0PB,ST12000NM0007,12000138625024,0,71.0,13468976.0,98.0,0.0,100.0,2.0,100.0,0.0,89.0,745679480.0,94.0,5907.0,100.0,0.0,100.0,2.0,,,,,100.0,0.0,100.0,0.0,,,74.0,26.0,,,100.0,91.0,100.0,720.0,26.0,26.0,100.0,0.0,100.0,0.0,200.0,0.0,100.0,5685.0,100.0,38323925000.0,100.0,45430111332.0
2019-06-24,ZJV1G0PB,ST12000NM0007,12000138625024,0,82.0,162422072.0,98.0,0.0,100.0,2.0,100.0,0.0,89.0,747997955.0,94.0,5923.0,100.0,0.0,100.0,2.0,,,,,100.0,0.0,100.0,0.0,,,74.0,26.0,,,100.0,91.0,100.0,720.0,26.0,26.0,100.0,0.0,100.0,0.0,200.0,0.0,100.0,5701.0,100.0,38363768992.0,100.0,45539220436.0
2019-06-25,ZJV1G0PB,ST12000NM0007,12000138625024,0,83.0,197526064.0,98.0,0.0,100.0,2.0,100.0,0.0,89.0,752101294.0,94.0,5954.0,100.0,0.0,100.0,2.0,,,,,100.0,0.0,100.0,0.0,,,74.0,26.0,,,100.0,92.0,100.0,722.0,26.0,26.0,100.0,0.0,100.0,0.0,200.0,0.0,100.0,5732.0,100.0,38451062360.0,100.0,45731171756.0
2019-06-26,ZJV1G0PB,ST12000NM0007,12000138625024,0,80.0,103065184.0,98.0,0.0,100.0,2.0,100.0,0.0,89.0,754634350.0,94.0,5970.0,100.0,0.0,100.0,2.0,,,,,100.0,0.0,100.0,0.0,,,73.0,27.0,,,100.0,92.0,100.0,722.0,27.0,27.0,100.0,0.0,100.0,0.0,200.0,0.0,100.0,5748.0,100.0,38513175640.0,100.0,45818738236.0
2019-06-27,ZJV1G0PB,ST12000NM0007,12000138625024,0,69.0,7576448.0,98.0,0.0,100.0,2.0,100.0,0.0,89.0,756370976.0,94.0,5986.0,100.0,0.0,100.0,2.0,,,,,100.0,0.0,100.0,0.0,,,74.0,26.0,,,100.0,92.0,100.0,723.0,26.0,26.0,100.0,0.0,100.0,0.0,200.0,0.0,100.0,5764.0,100.0,38545148112.0,100.0,45935417660.0
2019-06-28,ZJV1G0PB,ST12000NM0007,12000138625024,0,77.0,49008528.0,98.0,0.0,100.0,2.0,100.0,0.0,89.0,759579801.0,94.0,6018.0,100.0,0.0,100.0,2.0,,,,,100.0,0.0,100.0,0.0,,,74.0,26.0,,,100.0,92.0,100.0,724.0,26.0,26.0,100.0,0.0,100.0,0.0,200.0,0.0,100.0,5795.0,100.0,38615255680.0,100.0,46150883028.0
2019-06-29,ZJV1G0PB,ST12000NM0007,12000138625024,0,83.0,192576432.0,98.0,0.0,100.0,2.0,100.0,0.0,89.0,760981572.0,94.0,6033.0,100.0,0.0,100.0,2.0,,,,,100.0,0.0,100.0,0.0,,,74.0,26.0,,,100.0,93.0,100.0,725.0,26.0,26.0,100.0,0.0,100.0,0.0,200.0,0.0,100.0,5811.0,100.0,38638175072.0,100.0,46271531540.0
2019-06-30,ZJV1G0PB,ST12000NM0007,12000138625024,0,80.0,108477008.0,98.0,0.0,100.0,2.0,100.0,0.0,89.0,765094132.0,94.0,6065.0,100.0,0.0,100.0,2.0,,,,,100.0,0.0,100.0,0.0,,,74.0,26.0,,,100.0,93.0,100.0,726.0,26.0,26.0,100.0,0.0,100.0,0.0,200.0,0.0,100.0,5842.0,100.0,38708985184.0,100.0,46604903484.0
2019-07-01,ZJV1G0PB,ST12000NM0007,12000138625024,0,79.0,82746880.0,98.0,0.0,100.0,2.0,100.0,0.0,89.0,767996152.0,94.0,6081.0,100.0,0.0,100.0,2.0,,,,,100.0,0.0,100.0,0.0,,,74.0,26.0,,,100.0,94.0,100.0,727.0,26.0,26.0,100.0,0.0,100.0,0.0,200.0,0.0,100.0,5858.0,100.0,38751339064.0,100.0,46780960108.0
2019-07-02,ZJV1G0PB,ST12000NM0007,12000138625024,0,83.0,185835928.0,98.0,0.0,100.0,2.0,100.0,0.0,89.0,771408804.0,94.0,6113.0,100.0,0.0,100.0,2.0,,,,,100.0,0.0,100.0,0.0,,,74.0,26.0,,,100.0,94.0,100.0,728.0,26.0,26.0,100.0,0.0,100.0,0.0,200.0,0.0,100.0,5890.0,100.0,38812355592.0,100.0,47067173436.0
2019-07-03,ZJV1G0PB,ST12000NM0007,12000138625024,0,81.0,121228136.0,98.0,0.0,100.0,2.0,100.0,0.0,89.0,773125115.0,94.0,6129.0,100.0,0.0,100.0,2.0,,,,,100.0,0.0,100.0,0.0,,,74.0,26.0,,,100.0,94.0,100.0,729.0,26.0,26.0,100.0,0.0,100.0,0.0,200.0,0.0,100.0,5906.0,100.0,38847925136.0,100.0,47211136964.0
2019-07-04,ZJV1G0PB,ST12000NM0007,12000138625024,0,83.0,218414312.0,98.0,0.0,100.0,2.0,100.0,0.0,89.0,777212911.0,93.0,6160.0,100.0,0.0,100.0,2.0,,,,,100.0,0.0,100.0,0.0,,,73.0,27.0,,,100.0,94.0,100.0,730.0,27.0,27.0,100.0,0.0,100.0,0.0,200.0,0.0,100.0,5937.0,100.0,38912631744.0,100.0,47487757252.0
2019-07-05,ZJV1G0PB,ST12000NM0007,12000138625024,0,84.0,231018552.0,98.0,0.0,100.0,2.0,100.0,0.0,89.0,779106672.0,93.0,6176.0,100.0,0.0,100.0,2.0,,,,,100.0,0.0,100.0,0.0,,,74.0,26.0,,,100.0,95.0,100.0,731.0,26.0,26.0,100.0,0.0,100.0,0.0,200.0,0.0,100.0,5953.0,100.0,38995826752.0,100.0,47661307132.0
2019-07-06,ZJV1G0PB,ST12000NM0007,12000138625024,0,72.0,15788904.0,98.0,0.0,100.0,2.0,100.0,0.0,89.0,782710664.0,93.0,6208.0,100.0,0.0,100.0,2.0,,,,,100.0,0.0,100.0,0.0,,,73.0,27.0,,,100.0,96.0,100.0,732.0,27.0,27.0,100.0,0.0,100.0,0.0,200.0,0.0,100.0,5985.0,100.0,39096220712.0,100.0,48078105796.0
2019-07-07,ZJV1G0PB,ST12000NM0007,12000138625024,0,75.0,31611488.0,98.0,0.0,100.0,2.0,100.0,0.0,89.0,784692032.0,93.0,6224.0,100.0,0.0,100.0,2.0,,,,,100.0,0.0,100.0,0.0,,,74.0,26.0,,,100.0,96.0,100.0,733.0,26.0,26.0,100.0,0.0,100.0,0.0,200.0,0.0,100.0,6000.0,100.0,39119820680.0,100.0,48314469092.0
2019-07-08,ZJV1G0PB,ST12000NM0007,12000138625024,0,83.0,206070784.0,98.0,0.0,100.0,2.0,100.0,0.0,89.0,790451364.0,93.0,6255.0,100.0,0.0,100.0,2.0,,,,,100.0,0.0,100.0,0.0,,,74.0,26.0,,,100.0,96.0,100.0,734.0,26.0,26.0,100.0,0.0,100.0,0.0,200.0,0.0,100.0,6032.0,100.0,39208594008.0,100.0,48644295724.0
2019-07-09,ZJV1G0PB,ST12000NM0007,12000138625024,0,83.0,184177296.0,98.0,0.0,100.0,2.0,100.0,0.0,89.0,792249042.0,93.0,6271.0,100.0,0.0,100.0,2.0,,,,,100.0,0.0,100.0,0.0,,,74.0,26.0,,,100.0,97.0,100.0,735.0,26.0,26.0,100.0,0.0,100.0,0.0,200.0,0.0,100.0,6048.0,100.0,39247559512.0,100.0,48827577396.0
2019-07-10,ZJV1G0PB,ST12000NM0007,12000138625024,0,82.0,145929888.0,98.0,0.0,100.0,2.0,100.0,0.0,89.0,796235184.0,93.0,6303.0,100.0,0.0,100.0,2.0,,,,,100.0,0.0,100.0,0.0,,,73.0,27.0,,,100.0,97.0,100.0,736.0,27.0,27.0,100.0,0.0,100.0,0.0,200.0,0.0,100.0,6079.0,100.0,39319469128.0,100.0,49205701908.0
2019-07-11,ZJV1G0PB,ST12000NM0007,12000138625024,0,81.0,137347488.0,98.0,0.0,100.0,2.0,100.0,0.0,89.0,799430710.0,93.0,6319.0,100.0,0.0,100.0,2.0,,,,,100.0,0.0,100.0,0.0,,,73.0,27.0,,,100.0,98.0,100.0,737.0,27.0,27.0,100.0,0.0,100.0,0.0,200.0,0.0,100.0,6095.0,100.0,39391661824.0,100.0,49369067500.0
2019-07-12,ZJV1G0PB,ST12000NM0007,12000138625024,0,74.0,27684432.0,98.0,0.0,100.0,2.0,100.0,0.0,89.0,803646100.0,93.0,6350.0,100.0,0.0,100.0,2.0,,,,,100.0,0.0,100.0,0.0,,,73.0,27.0,,,100.0,99.0,100.0,738.0,27.0,27.0,100.0,0.0,100.0,0.0,200.0,0.0,100.0,6126.0,100.0,39540236744.0,100.0,49599111012.0
2019-07-13,ZJV1G0PB,ST12000NM0007,12000138625024,0,80.0,105879408.0,98.0,0.0,100.0,2.0,100.0,0.0,89.0,805804579.0,93.0,6366.0,100.0,0.0,100.0,2.0,,,,,100.0,0.0,100.0,0.0,,,73.0,27.0,,,100.0,99.0,100.0,739.0,27.0,27.0,100.0,0.0,100.0,0.0,200.0,0.0,100.0,6142.0,100.0,39596616416.0,100.0,49865067140.0
2019-07-14,ZJV1G0PB,ST12000NM0007,12000138625024,0,81.0,121552264.0,98.0,0.0,100.0,2.0,100.0,0.0,89.0,810433778.0,93.0,6398.0,100.0,0.0,100.0,2.0,,,,,100.0,0.0,100.0,0.0,,,73.0,27.0,,,100.0,99.0,100.0,740.0,27.0,27.0,100.0,0.0,100.0,0.0,200.0,0.0,100.0,6174.0,100.0,39721693808.0,100.0,50243944052.0
2019-07-15,ZJV1G0PB,ST12000NM0007,12000138625024,0,81.0,122464448.0,98.0,0.0,100.0,2.0,100.0,0.0,89.0,812612450.0,93.0,6414.0,100.0,0.0,100.0,2.0,,,,,100.0,0.0,100.0,0.0,,,73.0,27.0,,,100.0,100.0,100.0,741.0,27.0,27.0,100.0,0.0,100.0,0.0,200.0,0.0,100.0,6190.0,100.0,39750491072.0,100.0,50460199732.0
2019-07-16,ZJV1G0PB,ST12000NM0007,12000138625024,0,79.0,84583752.0,98.0,0.0,100.0,2.0,100.0,0.0,89.0,816456506.0,93.0,6445.0,100.0,0.0,100.0,2.0,,,,,100.0,0.0,100.0,0.0,,,74.0,26.0,,,100.0,100.0,100.0,742.0,26.0,26.0,100.0,0.0,100.0,0.0,200.0,0.0,100.0,6221.0,100.0,39819581400.0,100.0,50841510116.0
2019-07-17,ZJV1G0PB,ST12000NM0007,12000138625024,0,75.0,33050760.0,98.0,0.0,100.0,2.0,100.0,0.0,89.0,820558091.0,93.0,6477.0,100.0,0.0,100.0,2.0,,,,,100.0,0.0,100.0,0.0,,,73.0,27.0,,,100.0,101.0,100.0,744.0,27.0,27.0,100.0,0.0,100.0,0.0,200.0,0.0,100.0,6253.0,100.0,39890657280.0,100.0,51207182660.0
2019-07-18,ZJV1G0PB,ST12000NM0007,12000138625024,0,71.0,12632272.0,98.0,0.0,100.0,2.0,100.0,0.0,89.0,822277334.0,93.0,6493.0,100.0,0.0,100.0,2.0,,,,,100.0,0.0,100.0,0.0,,,73.0,27.0,,,100.0,101.0,100.0,744.0,27.0,27.0,100.0,0.0,100.0,0.0,200.0,0.0,100.0,6268.0,100.0,39923090168.0,100.0,51398471956.0
2019-07-19,ZJV1G0PB,ST12000NM0007,12000138625024,0,71.0,13086880.0,98.0,0.0,100.0,2.0,100.0,0.0,89.0,825884323.0,93.0,6525.0,100.0,0.0,100.0,2.0,,,,,100.0,0.0,100.0,0.0,,,73.0,27.0,,,100.0,102.0,100.0,746.0,27.0,27.0,100.0,0.0,100.0,0.0,200.0,0.0,100.0,6300.0,100.0,40014605552.0,100.0,51795693036.0
2019-07-20,ZJV1G0PB,ST12000NM0007,12000138625024,0,67.0,5608224.0,98.0,0.0,100.0,2.0,100.0,0.0,89.0,827538522.0,93.0,6540.0,100.0,0.0,100.0,2.0,,,,,100.0,0.0,100.0,0.0,,,73.0,27.0,,,100.0,102.0,100.0,746.0,27.0,27.0,100.0,0.0,100.0,0.0,200.0,0.0,100.0,6316.0,100.0,40046535656.0,100.0,52000424908.0
2019-07-21,ZJV1G0PB,ST12000NM0007,12000138625024,0,69.0,8251640.0,98.0,0.0,100.0,2.0,100.0,0.0,89.0,832073995.0,93.0,6572.0,100.0,0.0,100.0,2.0,,,,,100.0,0.0,100.0,0.0,,,73.0,27.0,,,100.0,104.0,100.0,748.0,27.0,27.0,100.0,0.0,100.0,0.0,200.0,0.0,100.0,6347.0,100.0,40110342640.0,100.0,52427542660.0
2019-07-22,ZJV1G0PB,ST12000NM0007,12000138625024,0,80.0,105599392.0,98.0,0.0,100.0,2.0,100.0,0.0,89.0,835384949.0,93.0,6588.0,100.0,0.0,100.0,2.0,,,,,100.0,0.0,100.0,0.0,,,73.0,27.0,,,100.0,104.0,100.0,748.0,27.0,27.0,100.0,0.0,100.0,0.0,200.0,0.0,100.0,6363.0,100.0,40207261208.0,100.0,52672112676.0
2019-07-23,ZJV1G0PB,ST12000NM0007,12000138625024,0,79.0,81427424.0,98.0,0.0,100.0,2.0,100.0,0.0,89.0,838960742.0,93.0,6620.0,100.0,0.0,100.0,2.0,,,,,100.0,0.0,100.0,0.0,,,73.0,27.0,,,100.0,106.0,100.0,750.0,27.0,27.0,100.0,0.0,100.0,0.0,200.0,0.0,100.0,6395.0,100.0,40310916608.0,100.0,53032575044.0
2019-07-24,ZJV1G0PB,ST12000NM0007,12000138625024,0,80.0,105464096.0,98.0,0.0,100.0,2.0,100.0,0.0,89.0,843525117.0,93.0,6652.0,100.0,0.0,100.0,2.0,,,,,100.0,0.0,100.0,0.0,,,73.0,27.0,,,100.0,106.0,100.0,751.0,27.0,27.0,100.0,0.0,100.0,0.0,200.0,0.0,100.0,6426.0,100.0,40418836328.0,100.0,53436973548.0
2019-07-25,ZJV1G0PB,ST12000NM0007,12000138625024,0,80.0,89793048.0,98.0,0.0,100.0,2.0,100.0,0.0,89.0,845336914.0,93.0,6667.0,100.0,0.0,100.0,2.0,,,,,100.0,0.0,100.0,0.0,,,73.0,27.0,,,100.0,106.0,100.0,752.0,27.0,27.0,100.0,0.0,100.0,0.0,200.0,0.0,100.0,6442.0,100.0,40462657240.0,100.0,53621622468.0
2019-07-26,ZJV1G0PB,ST12000NM0007,12000138625024,0,76.0,39218152.0,98.0,0.0,100.0,2.0,100.0,0.0,89.0,848880325.0,93.0,6699.0,100.0,0.0,100.0,2.0,,,,,100.0,0.0,100.0,0.0,,,74.0,26.0,,,100.0,106.0,100.0,753.0,26.0,26.0,100.0,0.0,100.0,0.0,200.0,0.0,100.0,6474.0,100.0,40541505504.0,100.0,53980480836.0
2019-07-27,ZJV1G0PB,ST12000NM0007,12000138625024,0,78.0,59089112.0,98.0,0.0,100.0,2.0,100.0,0.0,89.0,850776133.0,93.0,6715.0,100.0,0.0,100.0,2.0,,,,,100.0,0.0,100.0,0.0,,,73.0,27.0,,,100.0,107.0,100.0,754.0,27.0,27.0,100.0,0.0,100.0,0.0,200.0,0.0,100.0,6490.0,100.0,40592736416.0,100.0,54193261812.0
2019-07-28,ZJV1G0PB,ST12000NM0007,12000138625024,0,81.0,137066512.0,98.0,0.0,100.0,2.0,100.0,0.0,89.0,854941282.0,93.0,6747.0,100.0,0.0,100.0,2.0,,,,,100.0,0.0,100.0,0.0,,,74.0,26.0,,,100.0,107.0,100.0,755.0,26.0,26.0,100.0,0.0,100.0,0.0,200.0,0.0,100.0,6521.0,100.0,40702220408.0,100.0,54650036820.0
2019-07-29,ZJV1G0PB,ST12000NM0007,12000138625024,0,82.0,157391424.0,98.0,0.0,100.0,2.0,100.0,0.0,89.0,857771701.0,93.0,6763.0,100.0,0.0,100.0,2.0,,,,,100.0,0.0,100.0,0.0,,,73.0,27.0,,,100.0,107.0,100.0,756.0,27.0,27.0,100.0,0.0,100.0,0.0,200.0,0.0,100.0,6537.0,100.0,40755861824.0,100.0,54860860964.0
2019-07-30,ZJV1G0PB,ST12000NM0007,12000138625024,0,67.0,5065664.0,98.0,0.0,100.0,2.0,100.0,0.0,89.0,861950315.0,93.0,6795.0,100.0,0.0,100.0,2.0,,,,,100.0,0.0,100.0,0.0,,,74.0,26.0,,,100.0,107.0,100.0,758.0,26.0,26.0,100.0,0.0,100.0,0.0,200.0,0.0,100.0,6569.0,100.0,40905842848.0,100.0,55290976332.0
2019-07-31,ZJV1G0PB,ST12000NM0007,12000138625024,0,71.0,11354704.0,98.0,0.0,100.0,2.0,100.0,0.0,89.0,864661644.0,93.0,6811.0,100.0,0.0,100.0,2.0,,,,,100.0,0.0,100.0,0.0,,,73.0,27.0,,,100.0,107.0,100.0,758.0,27.0,27.0,100.0,0.0,100.0,0.0,200.0,0.0,100.0,6585.0,100.0,40981238968.0,100.0,55466009884.0
2019-08-01,ZJV1G0PB,ST12000NM0007,12000138625024,0,80.0,97215880.0,98.0,0.0,100.0,2.0,100.0,0.0,89.0,869640306.0,93.0,6842.0,100.0,0.0,100.0,2.0,,,,,100.0,0.0,100.0,0.0,,,73.0,27.0,,,100.0,108.0,100.0,760.0,27.0,27.0,100.0,0.0,100.0,0.0,200.0,0.0,100.0,6616.0,100.0,41114732976.0,100.0,55906658508.0
2019-08-02,ZJV1G0PB,ST12000NM0007,12000138625024,0,81.0,116375640.0,98.0,0.0,100.0,2.0,100.0,0.0,89.0,872250892.0,93.0,6858.0,100.0,0.0,100.0,2.0,,,,,100.0,0.0,100.0,0.0,,,72.0,28.0,,,100.0,108.0,100.0,760.0,28.0,28.0,100.0,0.0,100.0,0.0,200.0,0.0,100.0,6632.0,100.0,41219865320.0,100.0,56064826732.0
2019-08-03,ZJV1G0PB,ST12000NM0007,12000138625024,0,83.0,181539032.0,98.0,0.0,100.0,2.0,100.0,0.0,89.0,876741466.0,93.0,6890.0,100.0,0.0,100.0,2.0,,,,,100.0,0.0,100.0,0.0,,,71.0,29.0,,,100.0,109.0,100.0,761.0,29.0,29.0,100.0,0.0,100.0,0.0,200.0,0.0,100.0,6664.0,100.0,41365521624.0,100.0,56472615380.0
2019-08-04,ZJV1G0PB,ST12000NM0007,12000138625024,0,74.0,22749256.0,98.0,0.0,100.0,2.0,100.0,0.0,89.0,879092362.0,93.0,6906.0,100.0,0.0,100.0,2.0,,,,,100.0,0.0,100.0,0.0,,,72.0,28.0,,,100.0,109.0,100.0,762.0,28.0,28.0,100.0,0.0,100.0,0.0,200.0,0.0,100.0,6679.0,100.0,41435754792.0,100.0,56731876988.0
2019-08-05,ZJV1G0PB,ST12000NM0007,12000138625024,0,83.0,182927840.0,98.0,0.0,100.0,2.0,100.0,0.0,89.0,885685205.0,93.0,6937.0,100.0,0.0,100.0,2.0,,,,,100.0,0.0,100.0,0.0,,,71.0,29.0,,,100.0,109.0,100.0,763.0,29.0,29.0,100.0,0.0,100.0,0.0,200.0,0.0,100.0,6711.0,100.0,41591634664.0,100.0,57224457028.0
2019-08-06,ZJV1G0PB,ST12000NM0007,12000138625024,0,83.0,199466472.0,98.0,0.0,100.0,2.0,100.0,0.0,89.0,888229994.0,93.0,6953.0,100.0,0.0,100.0,2.0,,,,,100.0,0.0,100.0,0.0,,,72.0,28.0,,,100.0,109.0,100.0,764.0,28.0,28.0,100.0,0.0,100.0,0.0,200.0,0.0,100.0,6727.0,100.0,41657535520.0,100.0,57419235452.0
2019-08-07,ZJV1G0PB,ST12000NM0007,12000138625024,0,73.0,18926944.0,98.0,0.0,100.0,2.0,100.0,0.0,89.0,890571144.0,93.0,6969.0,100.0,0.0,100.0,2.0,,,,,100.0,0.0,100.0,0.0,,,71.0,29.0,,,100.0,109.0,100.0,765.0,29.0,29.0,100.0,0.0,100.0,0.0,200.0,0.0,100.0,6742.0,100.0,41735770112.0,100.0,57648742764.0
2019-08-08,ZJV1G0PB,ST12000NM0007,12000138625024,0,82.0,141310616.0,98.0,0.0,100.0,2.0,100.0,0.0,90.0,896365236.0,93.0,7001.0,100.0,0.0,100.0,2.0,,,,,100.0,0.0,100.0,0.0,,,72.0,28.0,,,100.0,110.0,100.0,766.0,28.0,28.0,100.0,0.0,100.0,0.0,200.0,0.0,100.0,6774.0,100.0,41915066368.0,100.0,58080111540.0
2019-08-09,ZJV1G0PB,ST12000NM0007,12000138625024,0,81.0,137604920.0,98.0,0.0,100.0,2.0,100.0,0.0,90.0,898650397.0,92.0,7017.0,100.0,0.0,100.0,2.0,,,,,100.0,0.0,100.0,0.0,,,72.0,28.0,,,100.0,110.0,100.0,767.0,28.0,28.0,100.0,0.0,100.0,0.0,200.0,0.0,100.0,6790.0,100.0,41965085632.0,100.0,58270527396.0
2019-08-10,ZJV1G0PB,ST12000NM0007,12000138625024,0,73.0,18419696.0,98.0,0.0,100.0,2.0,100.0,0.0,90.0,904526511.0,92.0,7048.0,100.0,0.0,100.0,2.0,,,,,100.0,0.0,100.0,0.0,,,72.0,28.0,,,100.0,110.0,100.0,768.0,28.0,28.0,100.0,0.0,100.0,0.0,200.0,0.0,100.0,6821.0,100.0,42129120432.0,100.0,58719729372.0
2019-08-11,ZJV1G0PB,ST12000NM0007,12000138625024,0,79.0,80511856.0,98.0,0.0,100.0,2.0,100.0,0.0,90.0,909093282.0,92.0,7080.0,100.0,0.0,100.0,2.0,,,,,100.0,0.0,100.0,0.0,,,72.0,28.0,,,100.0,110.0,100.0,769.0,28.0,28.0,100.0,0.0,100.0,0.0,200.0,0.0,100.0,6853.0,100.0,42225298960.0,100.0,59173924380.0
2019-08-12,ZJV1G0PB,ST12000NM0007,12000138625024,0,82.0,154812288.0,98.0,0.0,100.0,2.0,100.0,0.0,90.0,912462122.0,92.0,7096.0,100.0,0.0,100.0,2.0,,,,,100.0,0.0,100.0,0.0,,,72.0,28.0,,,100.0,110.0,100.0,770.0,28.0,28.0,100.0,0.0,100.0,0.0,200.0,0.0,100.0,6869.0,100.0,42297770616.0,100.0,59419893788.0
2019-08-13,ZJV1G0PB,ST12000NM0007,12000138625024,0,84.0,237620336.0,98.0,0.0,100.0,2.0,100.0,0.0,90.0,917518917.0,92.0,7128.0,100.0,0.0,100.0,2.0,,,,,100.0,0.0,100.0,0.0,,,72.0,28.0,,,100.0,110.0,100.0,771.0,28.0,28.0,100.0,0.0,100.0,0.0,200.0,0.0,100.0,6900.0,100.0,42476919712.0,100.0,59811834604.0
2019-08-14,ZJV1G0PB,ST12000NM0007,12000138625024,0,77.0,47314944.0,98.0,0.0,100.0,2.0,100.0,0.0,90.0,920139327.0,92.0,7144.0,100.0,0.0,100.0,2.0,,,,,100.0,0.0,100.0,0.0,,,72.0,28.0,,,100.0,110.0,100.0,772.0,28.0,28.0,100.0,0.0,100.0,0.0,200.0,0.0,100.0,6916.0,100.0,42548638896.0,100.0,60038091636.0
2019-08-15,ZJV1G0PB,ST12000NM0007,12000138625024,0,100.0,2432632.0,98.0,0.0,100.0,2.0,100.0,0.0,90.0,925088955.0,92.0,7175.0,100.0,0.0,100.0,2.0,,,,,100.0,0.0,100.0,0.0,,,72.0,28.0,,,100.0,111.0,100.0,774.0,28.0,28.0,100.0,0.0,100.0,0.0,200.0,0.0,100.0,6947.0,100.0,42610832968.0,100.0,60419296636.0
2019-08-16,ZJV1G0PB,ST12000NM0007,12000138625024,0,83.0,219048008.0,98.0,0.0,100.0,2.0,100.0,0.0,90.0,927368450.0,92.0,7191.0,100.0,0.0,100.0,2.0,,,,,100.0,0.0,100.0,0.0,,,72.0,28.0,,,100.0,111.0,100.0,775.0,28.0,28.0,100.0,0.0,100.0,0.0,200.0,0.0,100.0,6963.0,100.0,42644807216.0,100.0,60601937764.0
2019-08-17,ZJV1G0PB,ST12000NM0007,12000138625024,0,82.0,160715536.0,98.0,0.0,100.0,2.0,100.0,0.0,90.0,930766289.0,92.0,7223.0,100.0,0.0,100.0,2.0,,,,,100.0,0.0,100.0,0.0,,,72.0,28.0,,,100.0,112.0,100.0,776.0,28.0,28.0,100.0,0.0,100.0,0.0,200.0,0.0,100.0,6995.0,100.0,42702686424.0,100.0,60974007564.0
2019-08-18,ZJV1G0PB,ST12000NM0007,12000138625024,0,81.0,140763704.0,98.0,0.0,100.0,2.0,100.0,0.0,90.0,932429317.0,92.0,7239.0,100.0,0.0,100.0,2.0,,,,,100.0,0.0,100.0,0.0,,,72.0,28.0,,,100.0,112.0,100.0,777.0,28.0,28.0,100.0,0.0,100.0,0.0,200.0,0.0,100.0,7011.0,100.0,42726793344.0,100.0,61174089564.0
2019-08-19,ZJV1G0PB,ST12000NM0007,12000138625024,0,81.0,137213136.0,98.0,0.0,100.0,2.0,100.0,0.0,90.0,936853120.0,92.0,7271.0,100.0,0.0,100.0,2.0,,,,,100.0,0.0,100.0,0.0,,,72.0,28.0,,,100.0,112.0,100.0,778.0,28.0,28.0,100.0,0.0,100.0,0.0,200.0,0.0,100.0,7042.0,100.0,42784334672.0,100.0,61601279220.0
2019-08-20,ZJV1G0PB,ST12000NM0007,12000138625024,0,82.0,147233248.0,98.0,0.0,100.0,2.0,100.0,0.0,90.0,938752558.0,92.0,7286.0,100.0,0.0,100.0,2.0,,,,,100.0,0.0,100.0,0.0,,,72.0,28.0,,,100.0,112.0,100.0,779.0,28.0,28.0,100.0,0.0,100.0,0.0,200.0,0.0,100.0,7058.0,100.0,42840077968.0,100.0,61799696788.0
2019-08-21,ZJV1G0PB,ST12000NM0007,12000138625024,0,81.0,131077696.0,98.0,0.0,100.0,2.0,100.0,0.0,90.0,940365960.0,92.0,7302.0,100.0,0.0,100.0,2.0,,,,,100.0,0.0,100.0,0.0,,,72.0,28.0,,,100.0,112.0,100.0,780.0,28.0,28.0,100.0,0.0,100.0,0.0,200.0,0.0,100.0,7074.0,100.0,42868905376.0,100.0,61998854612.0
2019-08-22,ZJV1G0PB,ST12000NM0007,12000138625024,0,77.0,54935480.0,98.0,0.0,100.0,2.0,100.0,0.0,90.0,945065663.0,92.0,7334.0,100.0,0.0,100.0,2.0,,,,,100.0,0.0,100.0,0.0,,,72.0,28.0,,,100.0,112.0,100.0,781.0,28.0,28.0,100.0,0.0,100.0,0.0,200.0,0.0,100.0,7105.0,100.0,42936972056.0,100.0,62342927028.0
2019-08-23,ZJV1G0PB,ST12000NM0007,12000138625024,0,75.0,33306960.0,98.0,0.0,100.0,2.0,100.0,0.0,90.0,950022069.0,92.0,7366.0,100.0,0.0,100.0,2.0,,,,,100.0,0.0,100.0,0.0,,,71.0,29.0,,,100.0,112.0,100.0,782.0,29.0,29.0,100.0,0.0,100.0,0.0,200.0,0.0,100.0,7137.0,100.0,43011720248.0,100.0,62734831996.0
2019-08-24,ZJV1G0PB,ST12000NM0007,12000138625024,0,78.0,68774528.0,98.0,0.0,100.0,2.0,100.0,0.0,90.0,952308673.0,92.0,7381.0,100.0,0.0,100.0,2.0,,,,,100.0,0.0,100.0,0.0,,,72.0,28.0,,,100.0,112.0,100.0,783.0,28.0,28.0,100.0,0.0,100.0,0.0,200.0,0.0,100.0,7152.0,100.0,43078937568.0,100.0,62947222884.0
2019-08-25,ZJV1G0PB,ST12000NM0007,12000138625024,0,69.0,8862312.0,98.0,0.0,100.0,2.0,100.0,0.0,90.0,955647236.0,92.0,7413.0,100.0,0.0,100.0,2.0,,,,,100.0,0.0,100.0,0.0,,,72.0,28.0,,,100.0,112.0,100.0,784.0,28.0,28.0,100.0,0.0,100.0,0.0,200.0,0.0,100.0,7184.0,100.0,43145780840.0,100.0,63308749076.0
2019-08-26,ZJV1G0PB,ST12000NM0007,12000138625024,0,75.0,31254784.0,98.0,0.0,100.0,2.0,100.0,0.0,90.0,962561654.0,92.0,7461.0,100.0,0.0,100.0,2.0,,,,,100.0,0.0,100.0,0.0,,,71.0,29.0,,,100.0,112.0,100.0,786.0,29.0,29.0,100.0,0.0,100.0,0.0,200.0,0.0,100.0,7232.0,100.0,43268783328.0,100.0,63940561556.0
2019-08-27,ZJV1G0PB,ST12000NM0007,12000138625024,0,75.0,31254784.0,98.0,0.0,100.0,2.0,100.0,0.0,90.0,962561654.0,92.0,7461.0,100.0,0.0,100.0,2.0,,,,,100.0,0.0,100.0,0.0,,,71.0,29.0,,,100.0,112.0,100.0,786.0,29.0,29.0,100.0,0.0,100.0,0.0,200.0,0.0,100.0,7232.0,100.0,43268783328.0,100.0,63940561556.0
2019-08-28,ZJV1G0PB,ST12000NM0007,12000138625024,0,74.0,28166192.0,98.0,0.0,100.0,2.0,100.0,0.0,90.0,968091385.0,92.0,7493.0,100.0,0.0,100.0,2.0,,,,,100.0,0.0,100.0,0.0,,,72.0,28.0,,,100.0,113.0,100.0,788.0,28.0,28.0,100.0,0.0,100.0,0.0,200.0,0.0,100.0,7263.0,100.0,43365921664.0,100.0,64328616004.0
2019-08-29,ZJV1G0PB,ST12000NM0007,12000138625024,0,77.0,48488896.0,98.0,0.0,100.0,2.0,100.0,0.0,90.0,970351384.0,92.0,7509.0,100.0,0.0,100.0,2.0,,,,,100.0,0.0,100.0,0.0,,,72.0,28.0,,,100.0,113.0,100.0,788.0,28.0,28.0,100.0,0.0,100.0,0.0,200.0,0.0,100.0,7279.0,100.0,43433562584.0,100.0,64525438556.0
2019-08-30,ZJV1G0PB,ST12000NM0007,12000138625024,0,77.0,44804080.0,98.0,0.0,100.0,2.0,100.0,0.0,90.0,974202559.0,92.0,7540.0,100.0,0.0,100.0,2.0,,,,,100.0,0.0,100.0,0.0,,,72.0,28.0,,,100.0,114.0,100.0,790.0,28.0,28.0,100.0,0.0,100.0,0.0,200.0,0.0,100.0,7310.0,100.0,43505912560.0,100.0,64937685372.0
2019-08-31,ZJV1G0PB,ST12000NM0007,12000138625024,0,79.0,73228552.0,98.0,0.0,100.0,2.0,100.0,0.0,90.0,976546533.0,92.0,7556.0,100.0,0.0,100.0,2.0,,,,,100.0,0.0,100.0,0.0,,,72.0,28.0,,,100.0,114.0,100.0,790.0,28.0,28.0,100.0,0.0,100.0,0.0,200.0,0.0,100.0,7326.0,100.0,43559253904.0,100.0,65156909236.0
2019-09-01,ZJV1G0PB,ST12000NM0007,12000138625024,0,79.0,73826408.0,98.0,0.0,100.0,2.0,100.0,0.0,90.0,980508022.0,92.0,7588.0,100.0,0.0,100.0,2.0,,,,,100.0,0.0,100.0,0.0,,,72.0,28.0,,,100.0,114.0,100.0,792.0,28.0,28.0,100.0,0.0,100.0,0.0,200.0,0.0,100.0,7358.0,100.0,43629487552.0,100.0,65575554772.0
2019-09-02,ZJV1G0PB,ST12000NM0007,12000138625024,0,80.0,106709776.0,98.0,0.0,100.0,2.0,100.0,0.0,90.0,983706710.0,92.0,7604.0,100.0,0.0,100.0,2.0,,,,,100.0,0.0,100.0,0.0,,,71.0,29.0,,,100.0,114.0,100.0,792.0,29.0,29.0,100.0,0.0,100.0,0.0,200.0,0.0,100.0,7373.0,100.0,43677116056.0,100.0,65804950324.0
2019-09-03,ZJV1G0PB,ST12000NM0007,12000138625024,0,79.0,84252216.0,98.0,0.0,100.0,2.0,100.0,0.0,90.0,987275440.0,92.0,7635.0,100.0,0.0,100.0,2.0,,,,,100.0,0.0,100.0,0.0,,,72.0,28.0,,,100.0,116.0,100.0,794.0,28.0,28.0,100.0,0.0,100.0,0.0,200.0,0.0,100.0,7405.0,100.0,43749817584.0,100.0,66198072812.0
2019-09-04,ZJV1G0PB,ST12000NM0007,12000138625024,0,78.0,60904752.0,98.0,0.0,100.0,2.0,100.0,0.0,90.0,989966718.0,92.0,7651.0,100.0,0.0,100.0,2.0,,,,,100.0,0.0,100.0,0.0,,,72.0,28.0,,,100.0,116.0,100.0,794.0,28.0,28.0,100.0,0.0,100.0,0.0,200.0,0.0,100.0,7421.0,100.0,43786269688.0,100.0,66382413956.0
2019-09-05,ZJV1G0PB,ST12000NM0007,12000138625024,0,78.0,62609552.0,98.0,0.0,100.0,2.0,100.0,0.0,90.0,992307021.0,92.0,7667.0,100.0,0.0,100.0,2.0,,,,,100.0,0.0,100.0,0.0,,,72.0,28.0,,,100.0,116.0,100.0,795.0,28.0,28.0,100.0,0.0,100.0,0.0,200.0,0.0,100.0,7436.0,100.0,43847498696.0,100.0,66567030412.0
2019-09-06,ZJV1G0PB,ST12000NM0007,12000138625024,0,83.0,206922368.0,98.0,0.0,100.0,2.0,100.0,0.0,90.0,997532191.0,92.0,7699.0,100.0,0.0,100.0,2.0,,,,,100.0,0.0,100.0,0.0,,,72.0,28.0,,,100.0,116.0,100.0,796.0,28.0,28.0,100.0,0.0,100.0,0.0,200.0,0.0,100.0,7468.0,100.0,43918861024.0,100.0,66884121716.0
2019-09-07,ZJV1G0PB,ST12000NM0007,12000138625024,0,81.0,119440136.0,98.0,0.0,100.0,2.0,100.0,0.0,90.0,999170420.0,92.0,7715.0,100.0,0.0,100.0,2.0,,,,,100.0,0.0,100.0,0.0,,,73.0,27.0,,,100.0,116.0,100.0,797.0,27.0,27.0,100.0,0.0,100.0,0.0,200.0,0.0,100.0,7484.0,100.0,43944797872.0,100.0,67014843356.0
2019-09-08,ZJV1G0PB,ST12000NM0007,12000138625024,0,83.0,215666640.0,98.0,0.0,100.0,2.0,100.0,0.0,65.0,2983619.0,92.0,7746.0,100.0,0.0,100.0,2.0,,,,,100.0,0.0,100.0,0.0,,,73.0,27.0,,,100.0,116.0,100.0,798.0,27.0,27.0,100.0,0.0,100.0,0.0,200.0,0.0,100.0,7516.0,100.0,44017278624.0,100.0,67282729748.0
2019-09-09,ZJV1G0PB,ST12000NM0007,12000138625024,0,68.0,5656248.0,98.0,0.0,100.0,2.0,100.0,0.0,68.0,6508134.0,92.0,7762.0,100.0,0.0,100.0,2.0,,,,,100.0,0.0,100.0,0.0,,,73.0,27.0,,,100.0,116.0,100.0,799.0,27.0,27.0,100.0,0.0,100.0,0.0,200.0,0.0,100.0,7531.0,100.0,44055101640.0,100.0,67523177620.0
2019-09-10,ZJV1G0PB,ST12000NM0007,12000138625024,0,83.0,217096880.0,98.0,0.0,100.0,2.0,100.0,0.0,70.0,10424311.0,92.0,7794.0,100.0,0.0,100.0,2.0,,,,,100.0,0.0,100.0,0.0,,,73.0,27.0,,,100.0,117.0,100.0,800.0,27.0,27.0,100.0,0.0,100.0,0.0,200.0,0.0,100.0,7563.0,100.0,44126257056.0,100.0,67907603556.0
2019-09-11,ZJV1G0PB,ST12000NM0007,12000138625024,0,83.0,181963456.0,98.0,0.0,100.0,2.0,100.0,0.0,72.0,15568124.0,92.0,7826.0,100.0,0.0,100.0,2.0,,,,,100.0,0.0,100.0,0.0,,,73.0,27.0,,,100.0,117.0,100.0,802.0,27.0,27.0,100.0,0.0,100.0,0.0,200.0,0.0,100.0,7594.0,100.0,44239868480.0,100.0,68247140068.0
2019-09-12,ZJV1G0PB,ST12000NM0007,12000138625024,0,82.0,177072592.0,98.0,0.0,100.0,2.0,100.0,0.0,73.0,17830086.0,92.0,7841.0,100.0,0.0,100.0,2.0,,,,,100.0,0.0,100.0,0.0,,,73.0,27.0,,,100.0,117.0,100.0,802.0,27.0,27.0,100.0,0.0,100.0,0.0,200.0,0.0,100.0,7610.0,100.0,44276393840.0,100.0,68449864476.0
2019-09-13,ZJV1G0PB,ST12000NM0007,12000138625024,0,82.0,143397880.0,98.0,0.0,100.0,2.0,100.0,0.0,73.0,21155849.0,92.0,7873.0,100.0,0.0,100.0,2.0,,,,,100.0,0.0,100.0,0.0,,,73.0,27.0,,,100.0,117.0,100.0,804.0,27.0,27.0,100.0,0.0,100.0,0.0,200.0,0.0,100.0,7641.0,100.0,44335062072.0,100.0,68845803036.0
2019-09-14,ZJV1G0PB,ST12000NM0007,12000138625024,0,82.0,145317712.0,98.0,0.0,100.0,2.0,100.0,0.0,74.0,22923707.0,91.0,7889.0,100.0,0.0,100.0,2.0,,,,,100.0,0.0,100.0,0.0,,,72.0,28.0,,,100.0,117.0,100.0,804.0,28.0,28.0,100.0,0.0,100.0,0.0,200.0,0.0,100.0,7657.0,100.0,44365811784.0,100.0,69061113820.0
2019-09-15,ZJV1G0PB,ST12000NM0007,12000138625024,0,83.0,196453616.0,98.0,0.0,100.0,2.0,100.0,0.0,74.0,27233176.0,91.0,7920.0,100.0,0.0,100.0,2.0,,,,,100.0,0.0,100.0,0.0,,,73.0,27.0,,,100.0,117.0,100.0,806.0,27.0,27.0,100.0,0.0,100.0,0.0,200.0,0.0,100.0,7689.0,100.0,44494615248.0,100.0,69471727596.0
2019-09-16,ZJV1G0PB,ST12000NM0007,12000138625024,0,75.0,30435152.0,98.0,0.0,100.0,2.0,100.0,0.0,75.0,30804476.0,91.0,7936.0,100.0,0.0,100.0,2.0,,,,,100.0,0.0,100.0,0.0,,,73.0,27.0,,,100.0,117.0,100.0,806.0,27.0,27.0,100.0,0.0,100.0,0.0,200.0,0.0,100.0,7704.0,100.0,44579766264.0,100.0,69708839556.0
2019-09-17,ZJV1G0PB,ST12000NM0007,12000138625024,0,84.0,236216160.0,98.0,0.0,100.0,2.0,100.0,0.0,75.0,34654054.0,91.0,7968.0,100.0,0.0,100.0,2.0,,,,,100.0,0.0,100.0,0.0,,,73.0,27.0,,,100.0,117.0,100.0,808.0,27.0,27.0,100.0,0.0,100.0,0.0,200.0,0.0,100.0,7736.0,100.0,44650306376.0,100.0,70088221164.0
2019-09-18,ZJV1G0PB,ST12000NM0007,12000138625024,0,73.0,18948616.0,98.0,0.0,100.0,2.0,100.0,0.0,76.0,37093526.0,91.0,7984.0,100.0,0.0,100.0,2.0,,,,,100.0,0.0,100.0,0.0,,,72.0,28.0,,,100.0,117.0,100.0,808.0,28.0,28.0,100.0,0.0,100.0,0.0,200.0,0.0,100.0,7752.0,100.0,44712990256.0,100.0,70296551156.0
2019-09-19,ZJV1G0PB,ST12000NM0007,12000138625024,0,84.0,224732928.0,98.0,0.0,100.0,2.0,100.0,0.0,76.0,41947650.0,91.0,8016.0,100.0,0.0,100.0,2.0,,,,,100.0,0.0,100.0,0.0,,,73.0,27.0,,,100.0,117.0,100.0,810.0,27.0,27.0,100.0,0.0,100.0,0.0,200.0,0.0,100.0,7783.0,100.0,44781145376.0,100.0,70678321100.0
2019-09-20,ZJV1G0PB,ST12000NM0007,12000138625024,0,83.0,179953976.0,98.0,0.0,100.0,2.0,100.0,0.0,76.0,44488278.0,91.0,8032.0,100.0,0.0,100.0,2.0,,,,,100.0,0.0,100.0,0.0,,,73.0,27.0,,,100.0,118.0,100.0,811.0,27.0,27.0,100.0,0.0,100.0,0.0,200.0,0.0,100.0,7799.0,100.0,44814387416.0,100.0,70844440796.0
2019-09-21,ZJV1G0PB,ST12000NM0007,12000138625024,0,82.0,162823360.0,98.0,0.0,100.0,2.0,100.0,0.0,77.0,48663939.0,91.0,8063.0,100.0,0.0,100.0,2.0,,,,,100.0,0.0,100.0,0.0,,,73.0,27.0,,,100.0,118.0,100.0,812.0,27.0,27.0,100.0,0.0,100.0,0.0,200.0,0.0,100.0,7830.0,100.0,44890770568.0,100.0,71239208668.0
2019-09-22,ZJV1G0PB,ST12000NM0007,12000138625024,0,83.0,195657792.0,98.0,0.0,100.0,2.0,100.0,0.0,77.0,52193212.0,91.0,8079.0,100.0,0.0,100.0,2.0,,,,,100.0,0.0,100.0,0.0,,,73.0,27.0,,,100.0,118.0,100.0,813.0,27.0,27.0,100.0,0.0,100.0,0.0,200.0,0.0,100.0,7846.0,100.0,44920893824.0,100.0,71486060556.0
2019-09-23,ZJV1G0PB,ST12000NM0007,12000138625024,0,83.0,204038592.0,98.0,0.0,100.0,2.0,100.0,0.0,78.0,57024365.0,91.0,8111.0,100.0,0.0,100.0,2.0,,,,,100.0,0.0,100.0,0.0,,,73.0,27.0,,,100.0,119.0,100.0,814.0,27.0,27.0,100.0,0.0,100.0,0.0,200.0,0.0,100.0,7878.0,100.0,44976074616.0,100.0,71927542236.0
2019-09-24,ZJV1G0PB,ST12000NM0007,12000138625024,0,83.0,180718848.0,98.0,0.0,100.0,2.0,100.0,0.0,78.0,58661049.0,91.0,8127.0,100.0,0.0,100.0,2.0,,,,,100.0,0.0,100.0,0.0,,,73.0,27.0,,,100.0,120.0,100.0,815.0,27.0,27.0,100.0,0.0,100.0,0.0,200.0,0.0,100.0,7893.0,100.0,45003754064.0,100.0,72120683708.0
2019-09-25,ZJV1G0PB,ST12000NM0007,12000138625024,0,82.0,145794624.0,98.0,0.0,100.0,2.0,100.0,0.0,78.0,63224732.0,91.0,8158.0,100.0,0.0,100.0,2.0,,,,,100.0,0.0,100.0,0.0,,,74.0,26.0,,,100.0,120.0,100.0,817.0,26.0,26.0,100.0,0.0,100.0,0.0,200.0,0.0,100.0,7925.0,100.0,45068164240.0,100.0,72509630796.0
2019-09-26,ZJV1G0PB,ST12000NM0007,12000138625024,0,81.0,132064976.0,98.0,0.0,100.0,2.0,100.0,0.0,78.0,65269725.0,91.0,8174.0,100.0,0.0,100.0,2.0,,,,,100.0,0.0,100.0,0.0,,,73.0,27.0,,,100.0,120.0,100.0,817.0,27.0,27.0,100.0,0.0,100.0,0.0,200.0,0.0,100.0,7941.0,100.0,45094556552.0,100.0,72713649636.0
2019-09-27,ZJV1G0PB,ST12000NM0007,12000138625024,0,80.0,109465496.0,98.0,0.0,100.0,2.0,100.0,0.0,78.0,68713020.0,91.0,8206.0,100.0,0.0,100.0,2.0,,,,,100.0,0.0,100.0,0.0,,,72.0,28.0,,,100.0,120.0,100.0,819.0,28.0,28.0,100.0,0.0,100.0,0.0,200.0,0.0,100.0,7972.0,100.0,45155215336.0,100.0,73118672804.0
2019-09-28,ZJV1G0PB,ST12000NM0007,12000138625024,0,80.0,105415224.0,98.0,0.0,100.0,2.0,100.0,0.0,78.0,70778650.0,91.0,8222.0,100.0,0.0,100.0,2.0,,,,,100.0,0.0,100.0,0.0,,,72.0,28.0,,,100.0,120.0,100.0,819.0,28.0,28.0,100.0,0.0,100.0,0.0,200.0,0.0,100.0,7988.0,100.0,45216318992.0,100.0,73297659676.0
2019-09-29,ZJV1G0PB,ST12000NM0007,12000138625024,0,82.0,151594144.0,98.0,0.0,100.0,2.0,100.0,0.0,79.0,75188281.0,91.0,8253.0,100.0,0.0,100.0,2.0,,,,,100.0,0.0,100.0,0.0,,,73.0,27.0,,,100.0,120.0,100.0,821.0,27.0,27.0,100.0,0.0,100.0,0.0,200.0,0.0,100.0,8019.0,100.0,45303636432.0,100.0,73744802692.0
2019-09-30,ZJV1G0PB,ST12000NM0007,12000138625024,0,83.0,205568136.0,98.0,0.0,100.0,2.0,100.0,0.0,79.0,78381923.0,91.0,8269.0,100.0,0.0,100.0,2.0,,,,,100.0,0.0,100.0,0.0,,,72.0,28.0,,,100.0,120.0,100.0,821.0,28.0,28.0,100.0,0.0,100.0,0.0,200.0,0.0,100.0,8035.0,100.0,45359866264.0,100.0,73986688300.0
2019-10-01,ZJV1G0PB,ST12000NM0007,12000138625024,0,84.0,240406296.0,98.0,0.0,100.0,2.0,100.0,0.0,79.0,82458869.0,91.0,8301.0,100.0,0.0,100.0,2.0,,,,,100.0,0.0,100.0,0.0,,,76.0,24.0,,,100.0,120.0,100.0,822.0,24.0,24.0,100.0,0.0,100.0,0.0,200.0,0.0,100.0,8067.0,100.0,45474215816.0,100.0,74395458244.0
2019-10-02,ZJV1G0PB,ST12000NM0007,12000138625024,0,83.0,219065872.0,98.0,0.0,100.0,2.0,100.0,0.0,79.0,84158197.0,91.0,8317.0,100.0,0.0,100.0,2.0,,,,,100.0,0.0,100.0,0.0,,,75.0,25.0,,,100.0,120.0,100.0,823.0,25.0,25.0,100.0,0.0,100.0,0.0,200.0,0.0,100.0,8083.0,100.0,45500384632.0,100.0,74592091116.0
2019-10-03,ZJV1G0PB,ST12000NM0007,12000138625024,0,84.0,234206016.0,98.0,0.0,100.0,2.0,100.0,0.0,79.0,88511390.0,91.0,8348.0,100.0,0.0,100.0,2.0,,,,,100.0,0.0,100.0,0.0,,,75.0,25.0,,,100.0,120.0,100.0,824.0,25.0,25.0,100.0,0.0,100.0,0.0,200.0,0.0,100.0,8114.0,100.0,45548117664.0,100.0,74803638860.0
2019-10-04,ZJV1G0PB,ST12000NM0007,12000138625024,0,80.0,97172280.0,98.0,0.0,100.0,2.0,100.0,0.0,80.0,89862261.0,91.0,8364.0,100.0,0.0,100.0,2.0,,,,,100.0,0.0,100.0,0.0,,,75.0,25.0,,,100.0,121.0,100.0,825.0,25.0,25.0,100.0,0.0,100.0,0.0,200.0,0.0,100.0,8129.0,100.0,45565794008.0,100.0,74893069476.0
2019-10-05,ZJV1G0PB,ST12000NM0007,12000138625024,0,81.0,124649064.0,98.0,0.0,100.0,2.0,100.0,0.0,80.0,92654153.0,91.0,8395.0,100.0,0.0,100.0,2.0,,,,,100.0,0.0,100.0,0.0,,,75.0,25.0,,,100.0,122.0,100.0,826.0,25.0,25.0,100.0,0.0,100.0,0.0,200.0,0.0,100.0,8161.0,100.0,45588718688.0,100.0,75141762468.0
2019-10-06,ZJV1G0PB,ST12000NM0007,12000138625024,0,83.0,209008480.0,98.0,0.0,100.0,2.0,100.0,0.0,80.0,93924475.0,91.0,8411.0,100.0,0.0,100.0,2.0,,,,,100.0,0.0,100.0,0.0,,,75.0,25.0,,,100.0,123.0,100.0,827.0,25.0,25.0,100.0,0.0,100.0,0.0,200.0,0.0,100.0,8177.0,100.0,45608548584.0,100.0,75206291988.0
2019-10-07,ZJV1G0PB,ST12000NM0007,12000138625024,0,83.0,221947968.0,98.0,0.0,100.0,2.0,100.0,0.0,80.0,98216364.0,91.0,8443.0,100.0,0.0,100.0,2.0,,,,,100.0,0.0,100.0,0.0,,,75.0,25.0,,,100.0,123.0,100.0,828.0,25.0,25.0,100.0,0.0,100.0,0.0,200.0,0.0,100.0,8208.0,100.0,45651202768.0,100.0,75420718044.0
2019-10-08,ZJV1G0PB,ST12000NM0007,12000138625024,0,81.0,131008840.0,98.0,0.0,100.0,2.0,100.0,0.0,80.0,99851187.0,91.0,8459.0,100.0,0.0,100.0,2.0,,,,,100.0,0.0,100.0,0.0,,,74.0,26.0,,,100.0,124.0,100.0,829.0,26.0,26.0,100.0,0.0,100.0,0.0,200.0,0.0,100.0,8224.0,100.0,45683238568.0,100.0,75541883804.0
2019-10-09,ZJV1G0PB,ST12000NM0007,12000138625024,0,68.0,5909936.0,98.0,0.0,100.0,2.0,100.0,0.0,80.0,104749305.0,91.0,8491.0,100.0,0.0,100.0,2.0,,,,,100.0,0.0,100.0,0.0,,,74.0,26.0,,,100.0,125.0,100.0,830.0,26.0,26.0,100.0,0.0,100.0,0.0,200.0,0.0,100.0,8256.0,100.0,45739509800.0,100.0,75848795276.0
2019-10-10,ZJV1G0PB,ST12000NM0007,12000138625024,0,82.0,155326576.0,98.0,0.0,100.0,2.0,100.0,0.0,80.0,111655352.0,91.0,8523.0,100.0,0.0,100.0,2.0,,,,,100.0,0.0,100.0,0.0,,,79.0,21.0,,,100.0,126.0,100.0,833.0,21.0,21.0,100.0,0.0,100.0,0.0,200.0,0.0,100.0,8287.0,100.0,45786928992.0,100.0,76194933356.0
2019-10-11,ZJV1G0PB,ST12000NM0007,12000138625024,0,84.0,240352248.0,98.0,0.0,100.0,2.0,100.0,0.0,81.0,112641948.0,91.0,8538.0,100.0,0.0,100.0,2.0,,,,,100.0,0.0,100.0,0.0,,,79.0,21.0,,,100.0,126.0,100.0,833.0,21.0,21.0,100.0,0.0,100.0,0.0,200.0,0.0,100.0,8303.0,100.0,45803292152.0,100.0,76263595868.0
2019-10-12,ZJV1G0PB,ST12000NM0007,12000138625024,0,79.0,73823080.0,98.0,0.0,100.0,2.0,100.0,0.0,81.0,113578448.0,91.0,8554.0,100.0,0.0,100.0,2.0,,,,,100.0,0.0,100.0,0.0,,,80.0,20.0,,,100.0,126.0,100.0,834.0,20.0,20.0,100.0,0.0,100.0,0.0,200.0,0.0,100.0,8319.0,100.0,45817801448.0,100.0,76326698108.0
2019-10-13,ZJV1G0PB,ST12000NM0007,12000138625024,0,65.0,3302520.0,98.0,0.0,100.0,2.0,100.0,0.0,81.0,115261273.0,91.0,8586.0,100.0,0.0,100.0,2.0,,,,,100.0,0.0,100.0,0.0,,,79.0,21.0,,,100.0,127.0,100.0,835.0,21.0,21.0,100.0,0.0,100.0,0.0,200.0,0.0,100.0,8350.0,100.0,45841864416.0,100.0,76476255276.0
2019-10-14,ZJV1G0PB,ST12000NM0007,12000138625024,0,82.0,151513072.0,98.0,0.0,100.0,2.0,100.0,0.0,81.0,117538208.0,91.0,8602.0,100.0,0.0,100.0,2.0,,,,,100.0,0.0,100.0,0.0,,,79.0,21.0,,,100.0,128.0,100.0,836.0,21.0,21.0,100.0,0.0,100.0,0.0,200.0,0.0,100.0,8366.0,100.0,45857010928.0,100.0,76609319316.0
2019-10-15,ZJV1G0PB,ST12000NM0007,12000138625024,0,83.0,201888568.0,98.0,0.0,100.0,2.0,100.0,0.0,81.0,120060456.0,91.0,8649.0,100.0,0.0,100.0,2.0,,,,,100.0,0.0,100.0,0.0,,,73.0,27.0,,,100.0,130.0,100.0,838.0,27.0,27.0,100.0,0.0,100.0,0.0,200.0,0.0,100.0,8413.0,100.0,45899787536.0,100.0,76861058924.0
2019-10-16,ZJV1G0PB,ST12000NM0007,12000138625024,0,83.0,201888568.0,98.0,0.0,100.0,2.0,100.0,0.0,81.0,120060456.0,91.0,8649.0,100.0,0.0,100.0,2.0,,,,,100.0,0.0,100.0,0.0,,,73.0,27.0,,,100.0,130.0,100.0,838.0,27.0,27.0,100.0,0.0,100.0,0.0,200.0,0.0,100.0,8413.0,100.0,45899787536.0,100.0,76861058924.0
2019-10-17,ZJV1G0PB,ST12000NM0007,12000138625024,0,65.0,3000632.0,98.0,0.0,100.0,2.0,100.0,0.0,81.0,124475090.0,91.0,8681.0,100.0,0.0,100.0,2.0,,,,,100.0,0.0,100.0,0.0,,,72.0,28.0,,,100.0,130.0,100.0,839.0,28.0,28.0,100.0,0.0,100.0,0.0,200.0,0.0,100.0,8445.0,100.0,45922434312.0,100.0,77127805772.0
2019-10-18,ZJV1G0PB,ST12000NM0007,12000138625024,0,81.0,118621600.0,98.0,0.0,100.0,2.0,100.0,0.0,81.0,125522452.0,91.0,8697.0,100.0,0.0,100.0,2.0,,,,,100.0,0.0,100.0,0.0,,,72.0,28.0,,,100.0,131.0,100.0,841.0,28.0,28.0,100.0,0.0,100.0,0.0,200.0,0.0,100.0,8461.0,100.0,45937777112.0,100.0,77228083940.0
2019-10-19,ZJV1G0PB,ST12000NM0007,12000138625024,0,79.0,73013208.0,98.0,0.0,100.0,2.0,100.0,0.0,81.0,127515941.0,91.0,8729.0,100.0,0.0,100.0,2.0,,,,,100.0,0.0,100.0,0.0,,,72.0,28.0,,,100.0,132.0,100.0,842.0,28.0,28.0,100.0,0.0,100.0,0.0,200.0,0.0,100.0,8493.0,100.0,45963369064.0,100.0,77401024260.0
2019-10-20,ZJV1G0PB,ST12000NM0007,12000138625024,0,83.0,187105392.0,98.0,0.0,100.0,2.0,100.0,0.0,81.0,128821233.0,91.0,8745.0,100.0,0.0,100.0,2.0,,,,,100.0,0.0,100.0,0.0,,,72.0,28.0,,,100.0,132.0,100.0,843.0,28.0,28.0,100.0,0.0,100.0,0.0,200.0,0.0,100.0,8508.0,100.0,45980987568.0,100.0,77497497940.0
2019-10-21,ZJV1G0PB,ST12000NM0007,12000138625024,0,82.0,170952232.0,98.0,0.0,100.0,2.0,100.0,0.0,81.0,131853408.0,90.0,8777.0,100.0,0.0,100.0,2.0,,,,,100.0,0.0,100.0,0.0,,,72.0,28.0,,,100.0,132.0,100.0,844.0,28.0,28.0,100.0,0.0,100.0,0.0,200.0,0.0,100.0,8540.0,100.0,46005057816.0,100.0,77701415316.0
2019-10-22,ZJV1G0PB,ST12000NM0007,12000138625024,0,74.0,23711200.0,98.0,0.0,100.0,2.0,100.0,0.0,81.0,132675876.0,90.0,8793.0,100.0,0.0,100.0,2.0,,,,,100.0,0.0,100.0,0.0,,,72.0,28.0,,,100.0,132.0,100.0,845.0,28.0,28.0,100.0,0.0,100.0,0.0,200.0,0.0,100.0,8556.0,100.0,46018149512.0,100.0,77785223220.0
2019-10-23,ZJV1G0PB,ST12000NM0007,12000138625024,0,72.0,16905784.0,98.0,0.0,100.0,2.0,100.0,0.0,81.0,134750559.0,90.0,8825.0,100.0,0.0,100.0,2.0,,,,,100.0,0.0,100.0,0.0,,,79.0,21.0,,,100.0,133.0,100.0,846.0,21.0,21.0,100.0,0.0,100.0,0.0,200.0,0.0,100.0,8587.0,100.0,46050641760.0,100.0,77990066236.0
2019-10-24,ZJV1G0PB,ST12000NM0007,12000138625024,0,82.0,146954384.0,98.0,0.0,100.0,2.0,100.0,0.0,81.0,137065187.0,90.0,8841.0,100.0,0.0,100.0,2.0,,,,,100.0,0.0,100.0,0.0,,,80.0,20.0,,,100.0,133.0,100.0,847.0,20.0,20.0,100.0,0.0,100.0,0.0,200.0,0.0,100.0,8603.0,100.0,46063977096.0,100.0,78106779500.0
2019-10-25,ZJV1G0PB,ST12000NM0007,12000138625024,0,81.0,136592520.0,98.0,0.0,100.0,2.0,100.0,0.0,81.0,140378361.0,90.0,8872.0,100.0,0.0,100.0,2.0,,,,,100.0,0.0,100.0,0.0,,,80.0,20.0,,,100.0,134.0,100.0,848.0,20.0,20.0,100.0,0.0,100.0,0.0,200.0,0.0,100.0,8635.0,100.0,46085151120.0,100.0,78319384380.0
2019-10-26,ZJV1G0PB,ST12000NM0007,12000138625024,0,74.0,25759152.0,98.0,0.0,100.0,2.0,100.0,0.0,82.0,141366697.0,90.0,8888.0,100.0,0.0,100.0,2.0,,,,,100.0,0.0,100.0,0.0,,,80.0,20.0,,,100.0,135.0,100.0,849.0,20.0,20.0,100.0,0.0,100.0,0.0,200.0,0.0,100.0,8651.0,100.0,46097457528.0,100.0,78440385244.0
2019-10-27,ZJV1G0PB,ST12000NM0007,12000138625024,0,80.0,110361872.0,98.0,0.0,100.0,2.0,100.0,0.0,82.0,143738897.0,90.0,8920.0,100.0,0.0,100.0,2.0,,,,,100.0,0.0,100.0,0.0,,,80.0,20.0,,,100.0,135.0,100.0,850.0,20.0,20.0,100.0,0.0,100.0,0.0,200.0,0.0,100.0,8682.0,100.0,46125331880.0,100.0,78741254380.0
2019-10-28,ZJV1G0PB,ST12000NM0007,12000138625024,0,80.0,110361872.0,98.0,0.0,100.0,2.0,100.0,0.0,82.0,143738897.0,90.0,8920.0,100.0,0.0,100.0,2.0,,,,,100.0,0.0,100.0,0.0,,,80.0,20.0,,,100.0,135.0,100.0,850.0,20.0,20.0,100.0,0.0,100.0,0.0,200.0,0.0,100.0,8682.0,100.0,46125331880.0,100.0,78741254380.0
2019-10-29,ZJV1G0PB,ST12000NM0007,12000138625024,0,83.0,216160058.0,96.0,0.0,100.0,3.0,100.0,0.0,82.0,147891439.0,90.0,8972.0,100.0,0.0,100.0,3.0,,,,,100.0,0.0,100.0,0.0,,,79.0,21.0,,,100.0,136.0,100.0,914.0,21.0,21.0,100.0,0.0,100.0,0.0,200.0,0.0,100.0,8708.0,100.0,46181265600.0,100.0,79035259630.0
2019-10-30,ZJV1G0PB,ST12000NM0007,12000138625024,0,78.0,60051224.0,96.0,0.0,100.0,3.0,100.0,0.0,82.0,149288881.0,90.0,8988.0,100.0,0.0,100.0,3.0,,,,,100.0,0.0,100.0,0.0,,,80.0,20.0,,,100.0,136.0,100.0,914.0,20.0,20.0,100.0,0.0,100.0,0.0,200.0,0.0,100.0,8724.0,100.0,46206781464.0,100.0,79097775654.0
2019-10-31,ZJV1G0PB,ST12000NM0007,12000138625024,0,81.0,120002968.0,96.0,0.0,100.0,3.0,100.0,0.0,82.0,157964999.0,90.0,9019.0,100.0,0.0,100.0,3.0,,,,,100.0,0.0,100.0,0.0,,,79.0,21.0,,,100.0,136.0,100.0,916.0,21.0,21.0,100.0,0.0,100.0,0.0,200.0,0.0,100.0,8755.0,100.0,46261715912.0,100.0,79591074214.0
2019-11-01,ZJV1G0PB,ST12000NM0007,12000138625024,0,79.0,71121264.0,96.0,0.0,100.0,3.0,100.0,0.0,82.0,159844420.0,90.0,9035.0,100.0,0.0,100.0,3.0,,,,,100.0,0.0,100.0,0.0,,,78.0,22.0,,,100.0,136.0,100.0,916.0,22.0,22.0,100.0,0.0,100.0,0.0,200.0,0.0,100.0,8770.0,100.0,46284262312.0,100.0,79763786934.0
2019-11-02,ZJV1G0PB,ST12000NM0007,12000138625024,0,77.0,49204112.0,96.0,0.0,100.0,3.0,100.0,0.0,82.0,164546940.0,90.0,9066.0,100.0,0.0,100.0,3.0,,,,,100.0,0.0,100.0,0.0,,,79.0,21.0,,,100.0,136.0,100.0,918.0,21.0,21.0,100.0,0.0,100.0,0.0,200.0,0.0,100.0,8802.0,100.0,46333851328.0,100.0,80180562342.0
2019-11-03,ZJV1G0PB,ST12000NM0007,12000138625024,0,84.0,242146216.0,96.0,0.0,100.0,3.0,100.0,0.0,82.0,166017584.0,90.0,9082.0,100.0,0.0,100.0,3.0,,,,,100.0,0.0,100.0,0.0,,,79.0,21.0,,,100.0,136.0,100.0,918.0,21.0,21.0,100.0,0.0,100.0,0.0,200.0,0.0,100.0,8817.0,100.0,46347679352.0,100.0,80359676422.0
2019-11-04,ZJV1G0PB,ST12000NM0007,12000138625024,0,82.0,166235504.0,96.0,0.0,100.0,3.0,100.0,0.0,82.0,170382208.0,90.0,9113.0,100.0,0.0,100.0,3.0,,,,,100.0,0.0,100.0,0.0,,,79.0,21.0,,,100.0,136.0,100.0,920.0,21.0,21.0,100.0,0.0,100.0,0.0,200.0,0.0,100.0,8848.0,100.0,46372388312.0,100.0,80747338382.0
2019-11-05,ZJV1G0PB,ST12000NM0007,12000138625024,0,81.0,125938136.0,96.0,0.0,100.0,3.0,100.0,0.0,82.0,171805727.0,90.0,9129.0,100.0,0.0,100.0,3.0,,,,,100.0,0.0,100.0,0.0,,,79.0,21.0,,,100.0,136.0,100.0,920.0,21.0,21.0,100.0,0.0,100.0,0.0,200.0,0.0,100.0,8864.0,100.0,46387933176.0,100.0,80935636798.0
2019-11-06,ZJV1G0PB,ST12000NM0007,12000138625024,0,76.0,41117888.0,96.0,0.0,100.0,3.0,100.0,0.0,82.0,175047174.0,90.0,9160.0,100.0,0.0,100.0,3.0,,,,,100.0,0.0,100.0,0.0,,,71.0,29.0,,,100.0,136.0,100.0,921.0,29.0,29.0,100.0,0.0,100.0,0.0,200.0,0.0,100.0,8896.0,100.0,46428140176.0,100.0,81298891070.0
2019-11-07,ZJV1G0PB,ST12000NM0007,12000138625024,0,66.0,4076688.0,96.0,0.0,100.0,3.0,100.0,0.0,82.0,177787227.0,90.0,9176.0,100.0,0.0,100.0,3.0,,,,,100.0,0.0,100.0,0.0,,,71.0,29.0,,,100.0,136.0,100.0,922.0,29.0,29.0,100.0,0.0,100.0,0.0,200.0,0.0,100.0,8911.0,100.0,46460078456.0,100.0,81474052262.0
2019-11-08,ZJV1G0PB,ST12000NM0007,12000138625024,0,83.0,180048832.0,96.0,0.0,100.0,3.0,100.0,0.0,83.0,180649202.0,90.0,9207.0,100.0,0.0,100.0,3.0,,,,,100.0,0.0,100.0,0.0,,,70.0,30.0,,,100.0,138.0,100.0,924.0,30.0,30.0,100.0,0.0,100.0,0.0,200.0,0.0,100.0,8942.0,100.0,46499033168.0,100.0,81855210566.0
2019-11-09,ZJV1G0PB,ST12000NM0007,12000138625024,0,79.0,86173208.0,96.0,0.0,100.0,3.0,100.0,0.0,83.0,183439542.0,90.0,9238.0,100.0,0.0,100.0,3.0,,,,,100.0,0.0,100.0,0.0,,,71.0,29.0,,,100.0,138.0,100.0,925.0,29.0,29.0,100.0,0.0,100.0,0.0,200.0,0.0,100.0,8972.0,100.0,46530798504.0,100.0,82217851550.0
2019-11-10,ZJV1G0PB,ST12000NM0007,12000138625024,0,77.0,46874608.0,96.0,0.0,100.0,3.0,100.0,0.0,83.0,184908991.0,90.0,9254.0,100.0,0.0,100.0,3.0,,,,,100.0,0.0,100.0,0.0,,,72.0,28.0,,,100.0,138.0,100.0,925.0,28.0,28.0,100.0,0.0,100.0,0.0,200.0,0.0,100.0,8988.0,100.0,46550425648.0,100.0,82403066502.0
2019-11-11,ZJV1G0PB,ST12000NM0007,12000138625024,0,72.0,17655000.0,96.0,0.0,100.0,3.0,100.0,0.0,83.0,189324351.0,90.0,9285.0,100.0,0.0,100.0,3.0,,,,,100.0,0.0,100.0,0.0,,,71.0,29.0,,,100.0,138.0,100.0,927.0,29.0,29.0,100.0,0.0,100.0,0.0,200.0,0.0,100.0,9020.0,100.0,46589859528.0,100.0,82822694542.0
2019-11-12,ZJV1G0PB,ST12000NM0007,12000138625024,0,83.0,219935216.0,96.0,0.0,100.0,3.0,100.0,0.0,83.0,190761582.0,90.0,9301.0,100.0,0.0,100.0,3.0,,,,,100.0,0.0,100.0,0.0,,,78.0,22.0,,,100.0,138.0,100.0,927.0,22.0,22.0,100.0,0.0,100.0,0.0,200.0,0.0,100.0,9035.0,100.0,46609362240.0,100.0,83005472046.0
2019-11-13,ZJV1G0PB,ST12000NM0007,12000138625024,0,82.0,175240000.0,96.0,0.0,100.0,3.0,100.0,0.0,83.0,195302085.0,90.0,9332.0,100.0,0.0,100.0,3.0,,,,,100.0,0.0,100.0,0.0,,,78.0,22.0,,,100.0,138.0,100.0,929.0,22.0,22.0,100.0,0.0,100.0,0.0,200.0,0.0,100.0,9067.0,100.0,46665719040.0,100.0,83392701622.0
2019-11-14,ZJV1G0PB,ST12000NM0007,12000138625024,0,82.0,177116176.0,96.0,0.0,100.0,3.0,100.0,0.0,83.0,198936604.0,90.0,9348.0,100.0,0.0,100.0,3.0,,,,,100.0,0.0,100.0,0.0,,,77.0,23.0,,,100.0,138.0,100.0,929.0,23.0,23.0,100.0,0.0,100.0,0.0,200.0,0.0,100.0,9082.0,100.0,46694835360.0,100.0,83609602182.0
2019-11-15,ZJV1G0PB,ST12000NM0007,12000138625024,0,82.0,159440400.0,96.0,0.0,100.0,3.0,100.0,0.0,83.0,202869593.0,90.0,9379.0,100.0,0.0,100.0,3.0,,,,,100.0,0.0,100.0,0.0,,,79.0,21.0,,,100.0,139.0,100.0,931.0,21.0,21.0,100.0,0.0,100.0,0.0,200.0,0.0,100.0,9113.0,100.0,46743007264.0,100.0,84032036078.0
2019-11-16,ZJV1G0PB,ST12000NM0007,12000138625024,0,81.0,128876176.0,96.0,0.0,100.0,3.0,100.0,0.0,83.0,204439210.0,90.0,9395.0,100.0,0.0,100.0,3.0,,,,,100.0,0.0,100.0,0.0,,,79.0,21.0,,,100.0,139.0,100.0,931.0,21.0,21.0,100.0,0.0,100.0,0.0,200.0,0.0,100.0,9129.0,100.0,46766307016.0,100.0,84222312862.0
2019-11-17,ZJV1G0PB,ST12000NM0007,12000138625024,0,81.0,125260344.0,96.0,0.0,100.0,3.0,100.0,0.0,83.0,208079006.0,90.0,9426.0,100.0,0.0,100.0,3.0,,,,,100.0,0.0,100.0,0.0,,,78.0,22.0,,,100.0,140.0,100.0,933.0,22.0,22.0,100.0,0.0,100.0,0.0,200.0,0.0,100.0,9160.0,100.0,46825428968.0,100.0,84647856374.0
2019-11-18,ZJV1G0PB,ST12000NM0007,12000138625024,0,81.0,134557896.0,96.0,0.0,100.0,3.0,100.0,0.0,83.0,211190821.0,90.0,9442.0,100.0,0.0,100.0,3.0,,,,,100.0,0.0,100.0,0.0,,,79.0,21.0,,,100.0,140.0,100.0,933.0,21.0,21.0,100.0,0.0,100.0,0.0,200.0,0.0,100.0,9175.0,100.0,46856452224.0,100.0,84870271518.0
2019-11-19,ZJV1G0PB,ST12000NM0007,12000138625024,0,79.0,81368760.0,96.0,0.0,100.0,3.0,100.0,0.0,83.0,214225796.0,90.0,9473.0,100.0,0.0,100.0,3.0,,,,,100.0,0.0,100.0,0.0,,,78.0,22.0,,,100.0,141.0,100.0,935.0,22.0,22.0,100.0,0.0,100.0,0.0,200.0,0.0,100.0,9207.0,100.0,46899819808.0,100.0,85261996198.0
2019-11-20,ZJV1G0PB,ST12000NM0007,12000138625024,0,77.0,50239912.0,96.0,0.0,100.0,3.0,100.0,0.0,83.0,215842984.0,90.0,9489.0,100.0,0.0,100.0,3.0,,,,,100.0,0.0,100.0,0.0,,,78.0,22.0,,,100.0,141.0,100.0,935.0,22.0,22.0,100.0,0.0,100.0,0.0,200.0,0.0,100.0,9223.0,100.0,46932065384.0,100.0,85442762414.0
2019-11-21,ZJV1G0PB,ST12000NM0007,12000138625024,0,83.0,185845232.0,96.0,0.0,100.0,3.0,100.0,0.0,83.0,219625458.0,90.0,9520.0,100.0,0.0,100.0,3.0,,,,,100.0,0.0,100.0,0.0,,,78.0,22.0,,,100.0,142.0,100.0,937.0,22.0,22.0,100.0,0.0,100.0,0.0,200.0,0.0,100.0,9253.0,100.0,46969572728.0,100.0,85785001390.0
2019-11-22,ZJV1G0PB,ST12000NM0007,12000138625024,0,79.0,79862432.0,96.0,0.0,100.0,3.0,100.0,0.0,83.0,221814338.0,90.0,9551.0,100.0,0.0,100.0,3.0,,,,,100.0,0.0,100.0,0.0,,,78.0,22.0,,,100.0,142.0,100.0,938.0,22.0,22.0,100.0,0.0,100.0,0.0,200.0,0.0,100.0,9284.0,100.0,47000165552.0,100.0,86136707534.0
2019-11-23,ZJV1G0PB,ST12000NM0007,12000138625024,0,70.0,10649760.0,96.0,0.0,100.0,3.0,100.0,0.0,83.0,222763541.0,90.0,9567.0,100.0,0.0,100.0,3.0,,,,,100.0,0.0,100.0,0.0,,,79.0,21.0,,,100.0,142.0,100.0,938.0,21.0,21.0,100.0,0.0,100.0,0.0,200.0,0.0,100.0,9300.0,100.0,47002223960.0,100.0,86309577414.0
2019-11-24,ZJV1G0PB,ST12000NM0007,12000138625024,0,81.0,123699864.0,96.0,0.0,100.0,3.0,100.0,0.0,84.0,224645415.0,90.0,9598.0,100.0,0.0,100.0,3.0,,,,,100.0,0.0,100.0,0.0,,,79.0,21.0,,,100.0,143.0,100.0,940.0,21.0,21.0,100.0,0.0,100.0,0.0,200.0,0.0,100.0,9331.0,100.0,47006255984.0,100.0,86662736214.0
2019-11-25,ZJV1G0PB,ST12000NM0007,12000138625024,0,80.0,89809632.0,96.0,0.0,100.0,3.0,100.0,0.0,84.0,227058316.0,90.0,9614.0,100.0,0.0,100.0,3.0,,,,,100.0,0.0,100.0,0.0,,,79.0,21.0,,,100.0,143.0,100.0,940.0,21.0,21.0,100.0,0.0,100.0,0.0,200.0,0.0,100.0,9347.0,100.0,47011063504.0,100.0,86868179302.0
2019-11-26,ZJV1G0PB,ST12000NM0007,12000138625024,0,83.0,188134176.0,96.0,0.0,100.0,3.0,100.0,0.0,84.0,228774575.0,89.0,9646.0,100.0,0.0,100.0,3.0,,,,,100.0,0.0,100.0,0.0,,,71.0,29.0,,,100.0,144.0,100.0,942.0,29.0,29.0,100.0,0.0,100.0,0.0,200.0,0.0,100.0,9378.0,100.0,47014139464.0,100.0,87207568638.0
2019-11-27,ZJV1G0PB,ST12000NM0007,12000138625024,0,81.0,113904584.0,96.0,0.0,100.0,3.0,100.0,0.0,84.0,229612629.0,89.0,9662.0,100.0,0.0,100.0,3.0,,,,,100.0,0.0,100.0,0.0,,,71.0,29.0,,,100.0,144.0,100.0,942.0,29.0,29.0,100.0,0.0,100.0,0.0,200.0,0.0,100.0,9394.0,100.0,47015809432.0,100.0,87375809830.0
2019-11-28,ZJV1G0PB,ST12000NM0007,12000138625024,0,83.0,205322112.0,96.0,0.0,100.0,3.0,100.0,0.0,84.0,232817027.0,89.0,9693.0,100.0,0.0,100.0,3.0,,,,,100.0,0.0,100.0,0.0,,,71.0,29.0,,,100.0,146.0,100.0,944.0,29.0,29.0,100.0,0.0,100.0,0.0,200.0,0.0,100.0,9425.0,100.0,47020989488.0,100.0,87706187974.0
2019-11-29,ZJV1G0PB,ST12000NM0007,12000138625024,0,77.0,56150840.0,96.0,0.0,100.0,3.0,100.0,0.0,84.0,234520798.0,89.0,9724.0,100.0,0.0,100.0,3.0,,,,,100.0,0.0,100.0,0.0,,,71.0,29.0,,,100.0,147.0,100.0,945.0,29.0,29.0,100.0,0.0,100.0,0.0,200.0,0.0,100.0,9456.0,100.0,47024418720.0,100.0,88041868830.0
2019-11-30,ZJV1G0PB,ST12000NM0007,12000138625024,0,74.0,23383080.0,96.0,0.0,100.0,3.0,100.0,0.0,84.0,235761955.0,89.0,9740.0,100.0,0.0,100.0,3.0,,,,,100.0,0.0,100.0,0.0,,,72.0,28.0,,,100.0,147.0,100.0,946.0,28.0,28.0,100.0,0.0,100.0,0.0,200.0,0.0,100.0,9471.0,100.0,47026747800.0,100.0,88250912886.0
2019-12-01,ZJV1G0PB,ST12000NM0007,12000138625024,0,81.0,120968448.0,96.0,0.0,100.0,3.0,100.0,0.0,84.0,237479787.0,89.0,9771.0,100.0,0.0,100.0,3.0,,,,,100.0,0.0,100.0,0.0,,,71.0,29.0,,,100.0,148.0,100.0,947.0,29.0,29.0,100.0,0.0,100.0,0.0,200.0,0.0,100.0,9502.0,100.0,47029948448.0,100.0,88589438374.0
2019-12-02,ZJV1G0PB,ST12000NM0007,12000138625024,0,80.0,97300840.0,96.0,0.0,100.0,3.0,100.0,0.0,84.0,239945020.0,89.0,9787.0,100.0,0.0,100.0,3.0,,,,,100.0,0.0,100.0,0.0,,,71.0,29.0,,,100.0,148.0,100.0,948.0,29.0,29.0,100.0,0.0,100.0,0.0,200.0,0.0,100.0,9518.0,100.0,47034586984.0,100.0,88805273318.0
2019-12-03,ZJV1G0PB,ST12000NM0007,12000138625024,0,82.0,171663496.0,96.0,0.0,100.0,3.0,100.0,0.0,84.0,241523347.0,89.0,9818.0,100.0,0.0,100.0,3.0,,,,,100.0,0.0,100.0,0.0,,,80.0,20.0,,,100.0,149.0,100.0,949.0,20.0,20.0,100.0,0.0,100.0,0.0,200.0,0.0,100.0,9549.0,100.0,47037595528.0,100.0,89120768110.0
2019-12-04,ZJV1G0PB,ST12000NM0007,12000138625024,0,80.0,97467768.0,96.0,0.0,100.0,3.0,100.0,0.0,84.0,243087368.0,89.0,9833.0,100.0,0.0,100.0,3.0,,,,,100.0,0.0,100.0,0.0,,,80.0,20.0,,,100.0,149.0,100.0,950.0,20.0,20.0,100.0,0.0,100.0,0.0,200.0,0.0,100.0,9564.0,100.0,47041087104.0,100.0,89287221550.0
2019-12-05,ZJV1G0PB,ST12000NM0007,12000138625024,0,83.0,180985192.0,96.0,0.0,100.0,3.0,100.0,0.0,84.0,245398725.0,89.0,9864.0,100.0,0.0,100.0,3.0,,,,,100.0,0.0,100.0,0.0,,,80.0,20.0,,,100.0,150.0,100.0,951.0,20.0,20.0,100.0,0.0,100.0,0.0,200.0,0.0,100.0,9595.0,100.0,47044350528.0,100.0,89611616198.0
2019-12-06,ZJV1G0PB,ST12000NM0007,12000138625024,0,80.0,105590384.0,96.0,0.0,100.0,3.0,100.0,0.0,84.0,246298139.0,89.0,9880.0,100.0,0.0,100.0,3.0,,,,,100.0,0.0,100.0,0.0,,,80.0,20.0,,,100.0,151.0,100.0,952.0,20.0,20.0,100.0,0.0,100.0,0.0,200.0,0.0,100.0,9611.0,100.0,47045968776.0,100.0,89778743790.0
2019-12-07,ZJV1G0PB,ST12000NM0007,12000138625024,0,83.0,202071528.0,96.0,0.0,100.0,3.0,100.0,0.0,84.0,247961810.0,89.0,9911.0,100.0,0.0,100.0,3.0,,,,,100.0,0.0,100.0,0.0,,,79.0,21.0,,,100.0,152.0,100.0,953.0,21.0,21.0,100.0,0.0,100.0,0.0,200.0,0.0,100.0,9642.0,100.0,47049167232.0,100.0,90116167134.0
2019-12-08,ZJV1G0PB,ST12000NM0007,12000138625024,0,81.0,131323088.0,96.0,0.0,100.0,3.0,100.0,0.0,84.0,248864883.0,89.0,9927.0,100.0,0.0,100.0,3.0,,,,,100.0,0.0,100.0,0.0,,,80.0,20.0,,,100.0,153.0,100.0,954.0,20.0,20.0,100.0,0.0,100.0,0.0,200.0,0.0,100.0,9657.0,100.0,47050695312.0,100.0,90288031262.0
2019-12-09,ZJV1G0PB,ST12000NM0007,12000138625024,0,74.0,23147440.0,96.0,0.0,100.0,3.0,100.0,0.0,84.0,252083835.0,89.0,9958.0,100.0,0.0,100.0,3.0,,,,,100.0,0.0,100.0,0.0,,,80.0,20.0,,,100.0,154.0,100.0,955.0,20.0,20.0,100.0,0.0,100.0,0.0,200.0,0.0,100.0,9689.0,100.0,47056909936.0,100.0,90661922510.0
2019-12-10,ZJV1G0PB,ST12000NM0007,12000138625024,0,83.0,192558776.0,96.0,0.0,100.0,3.0,100.0,0.0,84.0,252951712.0,89.0,9974.0,100.0,0.0,100.0,3.0,,,,,100.0,0.0,100.0,0.0,,,78.0,22.0,,,100.0,155.0,100.0,956.0,22.0,22.0,100.0,0.0,100.0,0.0,200.0,0.0,100.0,9704.0,100.0,47058455200.0,100.0,90829788582.0
2019-12-11,ZJV1G0PB,ST12000NM0007,12000138625024,0,81.0,119505256.0,96.0,0.0,100.0,3.0,100.0,0.0,84.0,253782489.0,89.0,9990.0,100.0,0.0,100.0,3.0,,,,,100.0,0.0,100.0,0.0,,,80.0,20.0,,,100.0,155.0,100.0,956.0,20.0,20.0,100.0,0.0,100.0,0.0,200.0,0.0,100.0,9720.0,100.0,47059941880.0,100.0,90999389094.0
2019-12-12,ZJV1G0PB,ST12000NM0007,12000138625024,0,83.0,199993680.0,96.0,0.0,100.0,3.0,100.0,0.0,84.0,256984648.0,89.0,10021.0,100.0,0.0,100.0,3.0,,,,,100.0,0.0,100.0,0.0,,,80.0,20.0,,,100.0,156.0,100.0,957.0,20.0,20.0,100.0,0.0,100.0,0.0,200.0,0.0,100.0,9751.0,100.0,47065462760.0,100.0,91318497270.0
2019-12-13,ZJV1G0PB,ST12000NM0007,12000138625024,0,76.0,39566280.0,96.0,0.0,100.0,3.0,100.0,0.0,84.0,258574482.0,89.0,10052.0,100.0,0.0,100.0,3.0,,,,,100.0,0.0,100.0,0.0,,,80.0,20.0,,,100.0,157.0,100.0,959.0,20.0,20.0,100.0,0.0,100.0,0.0,200.0,0.0,100.0,9782.0,100.0,47068372880.0,100.0,91643441222.0
2019-12-14,ZJV1G0PB,ST12000NM0007,12000138625024,0,83.0,210353904.0,96.0,0.0,100.0,3.0,100.0,0.0,84.0,259417989.0,89.0,10068.0,100.0,0.0,100.0,3.0,,,,,100.0,0.0,100.0,0.0,,,79.0,21.0,,,100.0,157.0,100.0,959.0,21.0,21.0,100.0,0.0,100.0,0.0,200.0,0.0,100.0,9798.0,100.0,47069993232.0,100.0,91812608494.0
2019-12-15,ZJV1G0PB,ST12000NM0007,12000138625024,0,80.0,109606472.0,96.0,0.0,100.0,3.0,100.0,0.0,84.0,261614980.0,89.0,10099.0,100.0,0.0,100.0,3.0,,,,,100.0,0.0,100.0,0.0,,,80.0,20.0,,,100.0,159.0,100.0,961.0,20.0,20.0,100.0,0.0,100.0,0.0,200.0,0.0,100.0,9829.0,100.0,47074487944.0,100.0,92195647806.0
2019-12-16,ZJV1G0PB,ST12000NM0007,12000138625024,0,80.0,92585856.0,96.0,0.0,100.0,3.0,100.0,0.0,84.0,264341565.0,89.0,10115.0,100.0,0.0,100.0,3.0,,,,,100.0,0.0,100.0,0.0,,,79.0,21.0,,,100.0,159.0,100.0,961.0,21.0,21.0,100.0,0.0,100.0,0.0,200.0,0.0,100.0,9844.0,100.0,47080242104.0,100.0,92417013662.0
2019-12-17,ZJV1G0PB,ST12000NM0007,12000138625024,0,83.0,190106104.0,96.0,0.0,100.0,3.0,100.0,0.0,84.0,266020001.0,89.0,10146.0,100.0,0.0,100.0,3.0,,,,,100.0,0.0,100.0,0.0,,,73.0,27.0,,,100.0,159.0,100.0,963.0,27.0,27.0,100.0,0.0,100.0,0.0,200.0,0.0,100.0,9875.0,100.0,47083334816.0,100.0,92755581878.0
2019-12-18,ZJV1G0PB,ST12000NM0007,12000138625024,0,80.0,110586648.0,96.0,0.0,100.0,3.0,100.0,0.0,84.0,266814594.0,89.0,10161.0,100.0,0.0,100.0,3.0,,,,,100.0,0.0,100.0,0.0,,,72.0,28.0,,,100.0,159.0,100.0,963.0,28.0,28.0,100.0,0.0,100.0,0.0,200.0,0.0,100.0,9891.0,100.0,47084862752.0,100.0,92918675302.0
2019-12-19,ZJV1G0PB,ST12000NM0007,12000138625024,0,83.0,194194330.0,96.0,0.0,100.0,3.0,100.0,0.0,84.0,270029024.0,89.0,10193.0,100.0,0.0,100.0,3.0,,,,,100.0,0.0,100.0,0.0,,,72.0,28.0,,,100.0,161.0,100.0,966.0,28.0,28.0,100.0,0.0,100.0,0.0,200.0,0.0,100.0,9922.0,100.0,47089975144.0,100.0,93241311352.0
2019-12-20,ZJV1G0PB,ST12000NM0007,12000138625024,0,76.0,36781264.0,96.0,0.0,100.0,3.0,100.0,0.0,84.0,271630021.0,89.0,10224.0,100.0,0.0,100.0,3.0,,,,,100.0,0.0,100.0,0.0,,,72.0,28.0,,,100.0,162.0,100.0,967.0,28.0,28.0,100.0,0.0,100.0,0.0,200.0,0.0,100.0,9953.0,100.0,47093089632.0,100.0,93569065424.0
2019-12-21,ZJV1G0PB,ST12000NM0007,12000138625024,0,83.0,207343760.0,96.0,0.0,100.0,3.0,100.0,0.0,84.0,272450089.0,89.0,10240.0,100.0,0.0,100.0,3.0,,,,,100.0,0.0,100.0,0.0,,,72.0,28.0,,,100.0,162.0,100.0,967.0,28.0,28.0,100.0,0.0,100.0,0.0,200.0,0.0,100.0,9968.0,100.0,47094547312.0,100.0,93738170240.0
2019-12-22,ZJV1G0PB,ST12000NM0007,12000138625024,0,78.0,66142960.0,96.0,0.0,100.0,3.0,100.0,0.0,84.0,274188464.0,89.0,10271.0,100.0,0.0,100.0,3.0,,,,,100.0,0.0,100.0,0.0,,,72.0,28.0,,,100.0,163.0,100.0,969.0,28.0,28.0,100.0,0.0,100.0,0.0,200.0,0.0,100.0,9999.0,100.0,47097935496.0,100.0,94081862992.0
2019-12-23,ZJV1G0PB,ST12000NM0007,12000138625024,0,84.0,241757240.0,96.0,0.0,100.0,3.0,100.0,0.0,84.0,275076293.0,89.0,10287.0,100.0,0.0,100.0,3.0,,,,,100.0,0.0,100.0,0.0,,,72.0,28.0,,,100.0,163.0,100.0,969.0,28.0,28.0,100.0,0.0,100.0,0.0,200.0,0.0,100.0,10015.0,100.0,47099486016.0,100.0,94255926752.0
2019-12-24,ZJV1G0PB,ST12000NM0007,12000138625024,0,79.0,85729232.0,96.0,0.0,100.0,3.0,100.0,0.0,84.0,276681569.0,89.0,10318.0,100.0,0.0,100.0,3.0,,,,,100.0,0.0,100.0,0.0,,,80.0,20.0,,,100.0,164.0,100.0,971.0,20.0,20.0,100.0,0.0,100.0,0.0,200.0,0.0,100.0,10047.0,100.0,47102651008.0,100.0,94585015272.0
2019-12-25,ZJV1G0PB,ST12000NM0007,12000138625024,0,71.0,11501096.0,96.0,0.0,100.0,3.0,100.0,0.0,84.0,277494292.0,89.0,10334.0,100.0,0.0,100.0,3.0,,,,,100.0,0.0,100.0,0.0,,,79.0,21.0,,,100.0,164.0,100.0,971.0,21.0,21.0,100.0,0.0,100.0,0.0,200.0,0.0,100.0,10062.0,100.0,47104091856.0,100.0,94753487280.0
2019-12-26,ZJV1G0PB,ST12000NM0007,12000138625024,0,80.0,99318184.0,96.0,0.0,100.0,3.0,100.0,0.0,84.0,279092642.0,89.0,10366.0,100.0,0.0,100.0,3.0,,,,,100.0,0.0,100.0,0.0,,,80.0,20.0,,,100.0,164.0,100.0,973.0,20.0,20.0,100.0,0.0,100.0,0.0,200.0,0.0,100.0,10094.0,100.0,47107243424.0,100.0,95082293432.0
2019-12-27,ZJV1G0PB,ST12000NM0007,12000138625024,0,74.0,24414560.0,96.0,0.0,100.0,3.0,100.0,0.0,84.0,279901823.0,89.0,10382.0,100.0,0.0,100.0,3.0,,,,,100.0,0.0,100.0,0.0,,,80.0,20.0,,,100.0,164.0,100.0,973.0,20.0,20.0,100.0,0.0,100.0,0.0,200.0,0.0,100.0,10110.0,100.0,47108671392.0,100.0,95250102640.0
2019-12-28,ZJV1G0PB,ST12000NM0007,12000138625024,0,81.0,123055480.0,96.0,0.0,100.0,3.0,100.0,0.0,84.0,281590842.0,89.0,10414.0,100.0,0.0,100.0,3.0,,,,,100.0,0.0,100.0,0.0,,,79.0,21.0,,,100.0,164.0,100.0,975.0,21.0,21.0,100.0,0.0,100.0,0.0,200.0,0.0,100.0,10141.0,100.0,47111976328.0,100.0,95589579376.0
2019-12-29,ZJV1G0PB,ST12000NM0007,12000138625024,0,77.0,53744744.0,96.0,0.0,100.0,3.0,100.0,0.0,85.0,282443833.0,89.0,10429.0,100.0,0.0,100.0,3.0,,,,,100.0,0.0,100.0,0.0,,,80.0,20.0,,,100.0,164.0,100.0,975.0,20.0,20.0,100.0,0.0,100.0,0.0,200.0,0.0,100.0,10157.0,100.0,47113366496.0,100.0,95763019128.0
2019-12-30,ZJV1G0PB,ST12000NM0007,12000138625024,0,82.0,153982208.0,96.0,0.0,100.0,3.0,100.0,0.0,85.0,284162712.0,89.0,10461.0,100.0,0.0,100.0,3.0,,,,,100.0,0.0,100.0,0.0,,,80.0,20.0,,,100.0,165.0,100.0,977.0,20.0,20.0,100.0,0.0,100.0,0.0,200.0,0.0,100.0,10189.0,100.0,47116728024.0,100.0,96104035704.0
2019-12-31,ZJV1G0PB,ST12000NM0007,12000138625024,0,79.0,80162400.0,96.0,0.0,100.0,3.0,100.0,0.0,85.0,284979438.0,89.0,10477.0,100.0,0.0,100.0,3.0,,,,,100.0,0.0,100.0,0.0,,,78.0,22.0,,,100.0,165.0,100.0,977.0,22.0,22.0,100.0,0.0,100.0,0.0,200.0,0.0,100.0,10205.0,100.0,47118133440.0,100.0,96272951152.0
