2018-01-01,S300Z3WX,ST4000DM000,4000787030016,0,115,99686976,98,0,100,2,100,0,90,969172198,76,21559,100,0,100,2,100.0,0.0,100.0,0.0,100.0,0.0,100.0,0.0,100.0,0.0,74.0,26.0,100.0,0.0,100.0,0.0,77.0,47461.0,26,26,100,0,100,0,200,0,100.0,21219.0,100.0,46652648656.0,100.0,63334890936.0
2018-01-02,S300Z3WX,ST4000DM000,4000787030016,0,117,151005584,98,0,100,2,100,0,90,970235205,76,21583,100,0,100,2,100.0,0.0,100.0,0.0,100.0,0.0,100.0,0.0,100.0,0.0,74.0,26.0,100.0,0.0,100.0,0.0,77.0,47461.0,26,26,100,0,100,0,200,0,100.0,21244.0,100.0,46665712696.0,100.0,63501971830.0
2018-01-03,S300Z3WX,ST4000DM000,4000787030016,0,117,127131288,98,0,100,2,100,0,90,971371437,76,21607,100,0,100,2,100.0,0.0,100.0,0.0,100.0,0.0,100.0,0.0,100.0,0.0,73.0,27.0,100.0,0.0,100.0,0.0,77.0,47461.0,27,27,100,0,100,0,200,0,100.0,21268.0,100.0,46675726240.0,100.0,63677698211.0
2018-01-04,S300Z3WX,ST4000DM000,4000787030016,0,114,67836368,98,0,100,2,100,0,90,972004063,76,21619,100,0,100,2,100.0,0.0,100.0,0.0,100.0,0.0,100.0,0.0,100.0,0.0,73.0,27.0,100.0,0.0,100.0,0.0,77.0,47461.0,27,27,100,0,100,0,200,0,100.0,21280.0,100.0,46681231616.0,100.0,63769237744.0
2018-01-05,S300Z3WX,ST4000DM000,4000787030016,0,105.0,10229552.0,98.0,0.0,100.0,2.0,100.0,0.0,90.0,973279877.0,76.0,21648.0,100.0,0.0,100.0,2.0,100.0,0.0,100.0,0.0,100.0,0.0,100.0,0.0,100.0,0.0,73.0,27.0,100.0,0.0,100.0,0.0,77.0,47462.0,27.0,27.0,100.0,0.0,100.0,0.0,200.0,0.0,100.0,21308.0,100.0,46690915440.0,100.0,63971377713.0
2018-01-06,S300Z3WX,ST4000DM000,4000787030016,0,114,69492456,98,0,100,2,100,0,90,975291709,76,21671,100,0,100,2,100.0,0.0,100.0,0.0,100.0,0.0,100.0,0.0,100.0,0.0,76.0,24.0,100.0,0.0,100.0,0.0,77.0,47462.0,24,24,100,0,100,0,200,0,100.0,21332.0,100.0,46707168912.0,100.0,64152311435.0
2018-01-07,S300Z3WX,ST4000DM000,4000787030016,0,119,229957376,98,0,100,2,100,0,90,976129188,76,21695,100,0,100,2,100.0,0.0,100.0,0.0,100.0,0.0,100.0,0.0,100.0,0.0,75.0,25.0,100.0,0.0,100.0,0.0,77.0,47462.0,25,25,100,0,100,0,200,0,100.0,21356.0,100.0,46714886176.0,100.0,64292978479.0
2018-01-08,S300Z3WX,ST4000DM000,4000787030016,0,119,207211496,98,0,100,2,100,0,90,977816734,76,21719,100,0,100,2,100.0,0.0,100.0,0.0,100.0,0.0,100.0,0.0,100.0,0.0,75.0,25.0,100.0,0.0,100.0,0.0,77.0,47462.0,25,25,100,0,100,0,200,0,100.0,21380.0,100.0,46726330472.0,100.0,64446412401.0
2018-01-09,S300Z3WX,ST4000DM000,4000787030016,0,118,179260352,98,0,100,2,100,0,90,978890528,76,21743,100,0,100,2,100.0,0.0,100.0,0.0,100.0,0.0,100.0,0.0,100.0,0.0,75.0,25.0,100.0,0.0,100.0,0.0,77.0,47462.0,25,25,100,0,100,0,200,0,100.0,21404.0,100.0,46737968608.0,100.0,64616665797.0
2018-01-10,S300Z3WX,ST4000DM000,4000787030016,0,117,153562120,98,0,100,2,100,0,90,979863939,76,21767,100,0,100,2,100.0,0.0,100.0,0.0,100.0,0.0,100.0,0.0,100.0,0.0,76.0,24.0,100.0,0.0,100.0,0.0,77.0,47462.0,24,24,100,0,100,0,200,0,100.0,21427.0,100.0,46750784904.0,100.0,64770045610.0
2018-01-11,S300Z3WX,ST4000DM000,4000787030016,0,116,115275392,98,0,100,2,100,0,90,981597639,76,21800,100,0,100,2,100.0,0.0,100.0,0.0,100.0,0.0,100.0,0.0,100.0,0.0,75.0,25.0,100.0,0.0,100.0,0.0,77.0,47465.0,25,25,100,0,100,0,200,0,100.0,21461.0,100.0,46763059792.0,100.0,65059881030.0
2018-01-12,S300Z3WX,ST4000DM000,4000787030016,0,119,216523272,98,0,100,2,100,0,90,983370232,76,21825,100,0,100,2,100.0,0.0,100.0,0.0,100.0,0.0,100.0,0.0,100.0,0.0,75.0,25.0,100.0,0.0,100.0,0.0,77.0,47465.0,25,25,100,0,100,0,200,0,100.0,21485.0,100.0,46777792912.0,100.0,65246146689.0
2018-01-13,S300Z3WX,ST4000DM000,4000787030016,0,117.0,120008256.0,98.0,0.0,100.0,2.0,100,0,90.0,986015969.0,76,21849,100.0,0.0,100,2,100.0,0.0,100.0,0.0,100.0,0.0,100.0,0.0,100.0,0.0,75.0,25.0,100.0,0.0,100.0,0.0,77.0,47465.0,25.0,25.0,100.0,0.0,100.0,0.0,200,0,100.0,21509.0,100.0,46799485688.0,100.0,65416266290.0
2018-01-14,S300Z3WX,ST4000DM000,4000787030016,0,106.0,11215296.0,98.0,0.0,100.0,2.0,100,0,90.0,987392489.0,76,21873,100.0,0.0,100,2,100.0,0.0,100.0,0.0,100.0,0.0,100.0,0.0,100.0,0.0,74.0,26.0,100.0,0.0,100.0,0.0,77.0,47465.0,26.0,26.0,100.0,0.0,100.0,0.0,200,0,100.0,21533.0,100.0,46814624448.0,100.0,65593378162.0
2018-01-15,S300Z3WX,ST4000DM000,4000787030016,0,117.0,129232120.0,98.0,0.0,100.0,2.0,100,0,90.0,989175570.0,76,21897,100.0,0.0,100,2,100.0,0.0,100.0,0.0,100.0,0.0,100.0,0.0,100.0,0.0,75.0,25.0,100.0,0.0,100.0,0.0,77.0,47466.0,25.0,25.0,100.0,0.0,100.0,0.0,200,0,100.0,21557.0,100.0,46831201216.0,100.0,65714081838.0
2018-01-16,S300Z3WX,ST4000DM000,4000787030016,0,119.0,212436312.0,98.0,0.0,100.0,2.0,100,0,90.0,990808719.0,75,21921,100.0,0.0,100,2,100.0,0.0,100.0,0.0,100.0,0.0,100.0,0.0,100.0,0.0,75.0,25.0,100.0,0.0,100.0,0.0,77.0,47466.0,25.0,25.0,100.0,0.0,100.0,0.0,200,0,100.0,21581.0,100.0,46850544880.0,100.0,65888585972.0
2018-01-17,S300Z3WX,ST4000DM000,4000787030016,0,117.0,133372792.0,98.0,0.0,100.0,2.0,100,0,90.0,992425763.0,75,21945,100.0,0.0,100,2,100.0,0.0,100.0,0.0,100.0,0.0,100.0,0.0,100.0,0.0,75.0,25.0,100.0,0.0,100.0,0.0,77.0,47466.0,25.0,25.0,100.0,0.0,100.0,0.0,200,0,100.0,21605.0,100.0,46869587264.0,100.0,66058837632.0
2018-01-18,S300Z3WX,ST4000DM000,4000787030016,0,119.0,213776488.0,98.0,0.0,100.0,2.0,100.0,0.0,90.0,993195674.0,75.0,21960.0,100.0,0.0,100.0,2.0,100.0,0.0,100.0,0.0,100.0,0.0,100.0,0.0,100.0,0.0,75.0,25.0,100.0,0.0,100.0,0.0,77.0,47466.0,25.0,25.0,100.0,0.0,100.0,0.0,200.0,0.0,100.0,21620.0,100.0,46876767384.0,100.0,66157849807.0
2018-01-19,S300Z3WX,ST4000DM000,4000787030016,0,116.0,109704976.0,98.0,0.0,100.0,2.0,100.0,0.0,90.0,993635848.0,75.0,21971.0,100.0,0.0,100.0,2.0,100.0,0.0,100.0,0.0,100.0,0.0,100.0,0.0,100.0,0.0,75.0,25.0,100.0,0.0,100.0,0.0,77.0,47469.0,25.0,25.0,100.0,0.0,100.0,0.0,200.0,0.0,100.0,21632.0,100.0,46883586544.0,100.0,66225169574.0
2018-01-20,S300Z3WX,ST4000DM000,4000787030016,0,110.0,26601720.0,98.0,0.0,100.0,2.0,100,0,90.0,996386506.0,75,22008,100.0,0.0,100,2,100.0,0.0,100.0,0.0,100.0,0.0,100.0,0.0,100.0,0.0,75.0,25.0,100.0,0.0,100.0,0.0,77.0,47469.0,25.0,25.0,100.0,0.0,100.0,0.0,200,0,100.0,21668.0,100.0,46906918864.0,100.0,66451743826.0
2018-01-21,S300Z3WX,ST4000DM000,4000787030016,0,118.0,171458368.0,98.0,0.0,100.0,2.0,100,0,90.0,997377666.0,75,22032,100.0,0.0,100,2,100.0,0.0,100.0,0.0,100.0,0.0,100.0,0.0,100.0,0.0,75.0,25.0,100.0,0.0,100.0,0.0,77.0,47469.0,25.0,25.0,100.0,0.0,100.0,0.0,200,0,100.0,21692.0,100.0,46916451864.0,100.0,66612752674.0
2018-01-22,S300Z3WX,ST4000DM000,4000787030016,0,117.0,132858376.0,98.0,0.0,100.0,2.0,100,0,90.0,999132106.0,75,22056,100.0,0.0,100,2,100.0,0.0,100.0,0.0,100.0,0.0,100.0,0.0,100.0,0.0,76.0,24.0,100.0,0.0,100.0,0.0,77.0,47469.0,24.0,24.0,100.0,0.0,100.0,0.0,200,0,100.0,21716.0,100.0,46930259248.0,100.0,66745207908.0
2018-01-23,S300Z3WX,ST4000DM000,4000787030016,0,118.0,193419880.0,98.0,0.0,100.0,2.0,100,0,90.0,999944831.0,75,22079,100.0,0.0,100,2,100.0,0.0,100.0,0.0,100.0,0.0,100.0,0.0,100.0,0.0,76.0,24.0,100.0,0.0,100.0,0.0,77.0,47469.0,24.0,24.0,100.0,0.0,100.0,0.0,200,0,100.0,21740.0,100.0,46946051944.0,100.0,66848061878.0
2018-01-24,S300Z3WX,ST4000DM000,4000787030016,0,109.0,24672200.0,98.0,0.0,100.0,2.0,100,0,60.0,1302444.0,75,22112,100.0,0.0,100,2,100.0,0.0,100.0,0.0,100.0,0.0,100.0,0.0,100.0,0.0,76.0,24.0,100.0,0.0,100.0,0.0,77.0,47469.0,24.0,24.0,100.0,0.0,100.0,0.0,200,0,100.0,21772.0,100.0,46973940680.0,100.0,67039558378.0
2018-01-25,S300Z3WX,ST4000DM000,4000787030016,0,118.0,184756000.0,98.0,0.0,100.0,2.0,100,0,63.0,1899378.0,75,22128,100.0,0.0,100,2,100.0,0.0,100.0,0.0,100.0,0.0,100.0,0.0,100.0,0.0,76.0,24.0,100.0,0.0,100.0,0.0,77.0,47469.0,24.0,24.0,100.0,0.0,100.0,0.0,200,0,100.0,21789.0,100.0,46989856648.0,100.0,67123130623.0
2018-01-26,S300Z3WX,ST4000DM000,4000787030016,0,112.0,45091200.0,98.0,0.0,100.0,2.0,100,0,64.0,2670845.0,75,22152,100.0,0.0,100,2,100.0,0.0,100.0,0.0,100.0,0.0,100.0,0.0,100.0,0.0,76.0,24.0,100.0,0.0,100.0,0.0,77.0,47471.0,24.0,24.0,100.0,0.0,100.0,0.0,200,0,100.0,21812.0,100.0,47007046512.0,100.0,67248684340.0
2018-01-27,S300Z3WX,ST4000DM000,4000787030016,0,118.0,180088888.0,98.0,0.0,100.0,2.0,100,0,66.0,4228051.0,75,22176,100.0,0.0,100,2,100.0,0.0,100.0,0.0,100.0,0.0,100.0,0.0,100.0,0.0,76.0,24.0,100.0,0.0,100.0,0.0,77.0,47471.0,24.0,24.0,100.0,0.0,100.0,0.0,200,0,100.0,21836.0,100.0,47027348504.0,100.0,67436142578.0
2018-01-28,S300Z3WX,ST4000DM000,4000787030016,0,117.0,131140784.0,98.0,0.0,100.0,2.0,100,0,66.0,5014953.0,75,22201,100.0,0.0,100,2,100.0,0.0,100.0,0.0,100.0,0.0,100.0,0.0,100.0,0.0,76.0,24.0,100.0,0.0,100.0,0.0,77.0,47471.0,24.0,24.0,100.0,0.0,100.0,0.0,200,0,100.0,21861.0,100.0,47054067088.0,100.0,67582134767.0
2018-01-29,S300Z3WX,ST4000DM000,4000787030016,0,117.0,148773288.0,98.0,0.0,100.0,2.0,100,0,69.0,7680259.0,75,22224,100.0,0.0,100,2,100.0,0.0,100.0,0.0,100.0,0.0,100.0,0.0,100.0,0.0,76.0,24.0,100.0,0.0,100.0,0.0,77.0,47471.0,24.0,24.0,100.0,0.0,100.0,0.0,200,0,100.0,21884.0,100.0,47079230432.0,100.0,67716043486.0
2018-01-30,S300Z3WX,ST4000DM000,4000787030016,0,110.0,28743744.0,98.0,0.0,100.0,2.0,100,0,69.0,8997633.0,75,22257,100.0,0.0,100,2,100.0,0.0,100.0,0.0,100.0,0.0,100.0,0.0,100.0,0.0,76.0,24.0,100.0,0.0,100.0,0.0,77.0,47473.0,24.0,24.0,100.0,0.0,100.0,0.0,200,0,100.0,21917.0,100.0,47124554704.0,100.0,67933441409.0
2018-01-31,S300Z3WX,ST4000DM000,4000787030016,0,111.0,37300104.0,98.0,0.0,100.0,2.0,100.0,0.0,69.0,9629065.0,75.0,22281.0,100.0,0.0,100.0,2.0,100.0,0.0,100.0,0.0,100.0,0.0,100.0,0.0,100.0,0.0,76.0,24.0,100.0,0.0,100.0,0.0,77.0,47473.0,24.0,24.0,100.0,0.0,100.0,0.0,200.0,0.0,100.0,21941.0,100.0,47137594808.0,100.0,68107642494.0
2018-02-01,S300Z3WX,ST4000DM000,4000787030016,0,114.0,81685136.0,98.0,0.0,100.0,2.0,100,0,69.0,10263085.0,75,22305,100.0,0.0,100,2,100.0,0.0,100.0,0.0,100.0,0.0,100.0,0.0,100.0,0.0,76.0,24.0,100.0,0.0,100.0,0.0,77.0,47473.0,24.0,24.0,100.0,0.0,100.0,0.0,200,0,100.0,21965.0,100.0,47157814952.0,100.0,68275525650.0
2018-02-02,S300Z3WX,ST4000DM000,4000787030016,0,115.0,86462216.0,98.0,0.0,100.0,2.0,100,0,70.0,11543735.0,75,22329,100.0,0.0,100,2,100.0,0.0,100.0,0.0,100.0,0.0,100.0,0.0,100.0,0.0,75.0,25.0,100.0,0.0,100.0,0.0,77.0,47473.0,25.0,25.0,100.0,0.0,100.0,0.0,200,0,100.0,21989.0,100.0,47176645704.0,100.0,68472657440.0
2018-02-03,S300Z3WX,ST4000DM000,4000787030016,0,117.0,118031736.0,98.0,0.0,100.0,2.0,100,0,70.0,12561596.0,75,22353,100.0,0.0,100,2,100.0,0.0,100.0,0.0,100.0,0.0,100.0,0.0,100.0,0.0,76.0,24.0,100.0,0.0,100.0,0.0,77.0,47473.0,24.0,24.0,100.0,0.0,100.0,0.0,200,0,100.0,22013.0,100.0,47193729296.0,100.0,68647774021.0
2018-02-04,S300Z3WX,ST4000DM000,4000787030016,0,105.0,7920464.0,98.0,0.0,100.0,2.0,100,0,71.0,13388132.0,75,22373,100.0,0.0,100,2,100.0,0.0,100.0,0.0,100.0,0.0,100.0,0.0,100.0,0.0,75.0,25.0,100.0,0.0,100.0,0.0,77.0,47473.0,25.0,25.0,100.0,0.0,100.0,0.0,200,0,100.0,22033.0,100.0,47207545408.0,100.0,68776008829.0
2018-02-05,S300Z3WX,ST4000DM000,4000787030016,0,119.0,222429784.0,98.0,0.0,100.0,2.0,100,0,72.0,14997425.0,75,22397,100.0,0.0,100,2,100.0,0.0,100.0,0.0,100.0,0.0,100.0,0.0,100.0,0.0,76.0,24.0,100.0,0.0,100.0,0.0,77.0,47474.0,24.0,24.0,100.0,0.0,100.0,0.0,200,0,100.0,22057.0,100.0,47219620160.0,100.0,68911790559.0
2018-02-06,S300Z3WX,ST4000DM000,4000787030016,0,111.0,41068120.0,98.0,0.0,100.0,2.0,100,0,72.0,15998849.0,75,22421,100.0,0.0,100,2,100.0,0.0,100.0,0.0,100.0,0.0,100.0,0.0,100.0,0.0,76.0,24.0,100.0,0.0,100.0,0.0,77.0,47474.0,24.0,24.0,100.0,0.0,100.0,0.0,200,0,100.0,22081.0,100.0,47228281664.0,100.0,69099878657.0
2018-02-07,S300Z3WX,ST4000DM000,4000787030016,0,112.0,46427728.0,98.0,0.0,100.0,2.0,100,0,72.0,17217602.0,75,22445,100.0,0.0,100,2,100.0,0.0,100.0,0.0,100.0,0.0,100.0,0.0,100.0,0.0,76.0,24.0,100.0,0.0,100.0,0.0,77.0,47474.0,24.0,24.0,100.0,0.0,100.0,0.0,200,0,100.0,22105.0,100.0,47239785232.0,100.0,69303457894.0
2018-02-08,S300Z3WX,ST4000DM000,4000787030016,0,118.0,180564824.0,98.0,0.0,100.0,2.0,100,0,72.0,18373762.0,75,22471,100.0,0.0,100,2,100.0,0.0,100.0,0.0,100.0,0.0,100.0,0.0,100.0,0.0,76.0,24.0,100.0,0.0,100.0,0.0,77.0,47476.0,24.0,24.0,100.0,0.0,100.0,0.0,200,0,100.0,22131.0,100.0,47257545936.0,100.0,69469241394.0
2018-02-09,S300Z3WX,ST4000DM000,4000787030016,0,118,184969848,98,0,100,2,100,0,72,19389163,75,22494,100,0,100,2,100.0,0.0,100.0,0.0,100.0,0.0,100.0,0.0,100.0,0.0,76.0,24.0,100.0,0.0,100.0,0.0,77.0,47476.0,24,24,100,0,100,0,200,0,100.0,22154.0,100.0,47269758704.0,100.0,69596481887.0
2018-02-10,S300Z3WX,ST4000DM000,4000787030016,0,108.0,16851936.0,98.0,0.0,100.0,2.0,100.0,0.0,72.0,20689442.0,75.0,22518.0,100.0,0.0,100.0,2.0,100.0,0.0,100.0,0.0,100.0,0.0,100.0,0.0,100.0,0.0,76.0,24.0,100.0,0.0,100.0,0.0,77.0,47476.0,24.0,24.0,100.0,0.0,100.0,0.0,200.0,0.0,100.0,22179.0,100.0,47282549824.0,100.0,69664318930.0
2018-02-11,S300Z3WX,ST4000DM000,4000787030016,0,115,98539736,98,0,100,2,100,0,73,23664928,75,22542,100,0,100,2,100.0,0.0,100.0,0.0,100.0,0.0,100.0,0.0,100.0,0.0,76.0,24.0,100.0,0.0,100.0,0.0,77.0,47476.0,24,24,100,0,100,0,200,0,100.0,22202.0,100.0,47294322008.0,100.0,69846032618.0
2018-02-12,S300Z3WX,ST4000DM000,4000787030016,0,117,165103608,98,0,100,2,100,0,74,25658702,75,22566,100,0,100,2,100.0,0.0,100.0,0.0,100.0,0.0,100.0,0.0,100.0,0.0,75.0,25.0,100.0,0.0,100.0,0.0,77.0,47477.0,25,25,100,0,100,0,200,0,100.0,22226.0,100.0,47306402176.0,100.0,69975748863.0
2018-02-13,S300Z3WX,ST4000DM000,4000787030016,0,108,18465216,98,0,100,2,100,0,74,27078616,75,22591,100,0,100,2,100.0,0.0,100.0,0.0,100.0,0.0,100.0,0.0,100.0,0.0,76.0,24.0,100.0,0.0,100.0,0.0,77.0,47477.0,24,24,100,0,100,0,200,0,100.0,22251.0,100.0,47317746504.0,100.0,70165345022.0
2018-02-14,S300Z3WX,ST4000DM000,4000787030016,0,118,195069672,98,0,100,2,100,0,74,27830331,75,22615,100,0,100,2,100.0,0.0,100.0,0.0,100.0,0.0,100.0,0.0,100.0,0.0,75.0,25.0,100.0,0.0,100.0,0.0,77.0,47477.0,25,25,100,0,100,0,200,0,100.0,22275.0,100.0,47332693336.0,100.0,70297436717.0
2018-02-15,S300Z3WX,ST4000DM000,4000787030016,0,115,95731784,98,0,100,2,100,0,74,28842383,75,22638,100,0,100,2,100.0,0.0,100.0,0.0,100.0,0.0,100.0,0.0,100.0,0.0,75.0,25.0,100.0,0.0,100.0,0.0,77.0,47477.0,25,25,100,0,100,0,200,0,100.0,22298.0,100.0,47343852736.0,100.0,70470187979.0
2018-02-16,S300Z3WX,ST4000DM000,4000787030016,0,120,235694592,98,0,100,2,100,0,75,30185084,75,22662,100,0,100,2,100.0,0.0,100.0,0.0,100.0,0.0,100.0,0.0,100.0,0.0,76.0,24.0,100.0,0.0,100.0,0.0,77.0,47477.0,24,24,100,0,100,0,200,0,100.0,22323.0,100.0,47352821872.0,100.0,70633106820.0
2018-02-17,S300Z3WX,ST4000DM000,4000787030016,0,117,121503688,98,0,100,2,100,0,75,31760533,75,22686,100,0,100,2,100.0,0.0,100.0,0.0,100.0,0.0,100.0,0.0,100.0,0.0,76.0,24.0,100.0,0.0,100.0,0.0,77.0,47477.0,24,24,100,0,100,0,200,0,100.0,22347.0,100.0,47364262416.0,100.0,70803925251.0
2018-02-18,S300Z3WX,ST4000DM000,4000787030016,0,117,135905216,98,0,100,2,100,0,75,32842311,75,22710,100,0,100,2,100.0,0.0,100.0,0.0,100.0,0.0,100.0,0.0,100.0,0.0,76.0,24.0,100.0,0.0,100.0,0.0,77.0,47477.0,24,24,100,0,100,0,200,0,100.0,22371.0,100.0,47370036928.0,100.0,70958236187.0
2018-02-19,S300Z3WX,ST4000DM000,4000787030016,0,112,48809032,98,0,100,2,100,0,75,34689929,75,22734,100,0,100,2,100.0,0.0,100.0,0.0,100.0,0.0,100.0,0.0,100.0,0.0,75.0,25.0,100.0,0.0,100.0,0.0,77.0,47478.0,25,25,100,0,100,0,200,0,100.0,22395.0,100.0,47383245536.0,100.0,71087995677.0
2018-02-20,S300Z3WX,ST4000DM000,4000787030016,0,111,36104208,98,0,100,2,100,0,75,35820410,75,22759,100,0,100,2,100.0,0.0,100.0,0.0,100.0,0.0,100.0,0.0,100.0,0.0,76.0,24.0,100.0,0.0,100.0,0.0,77.0,47478.0,24,24,100,0,100,0,200,0,100.0,22419.0,100.0,47392901736.0,100.0,71260106899.0
2018-02-21,S300Z3WX,ST4000DM000,4000787030016,0,114,83093944,98,0,100,2,100,0,75,36817471,74,22783,100,0,100,2,100.0,0.0,100.0,0.0,100.0,0.0,100.0,0.0,100.0,0.0,76.0,24.0,100.0,0.0,100.0,0.0,77.0,47478.0,24,24,100,0,100,0,200,0,100.0,22443.0,100.0,47404365880.0,100.0,71427284807.0
2018-02-22,S300Z3WX,ST4000DM000,4000787030016,0,110,28580056,98,0,100,2,100,0,75,38981870,74,22806,100,0,100,2,100.0,0.0,100.0,0.0,100.0,0.0,100.0,0.0,100.0,0.0,75.0,25.0,100.0,0.0,100.0,0.0,77.0,47481.0,25,25,100,0,100,0,200,0,100.0,22466.0,100.0,47426166368.0,100.0,71589914670.0
2018-02-23,S300Z3WX,ST4000DM000,4000787030016,0,116,104876304,98,0,100,2,100,0,75,40317708,74,22830,100,0,100,2,100.0,0.0,100.0,0.0,100.0,0.0,100.0,0.0,100.0,0.0,75.0,25.0,100.0,0.0,100.0,0.0,77.0,47481.0,25,25,100,0,100,0,200,0,100.0,22490.0,100.0,47441997440.0,100.0,71755105428.0
2018-02-24,S300Z3WX,ST4000DM000,4000787030016,0,113,53000896,98,0,100,2,100,0,76,42096484,74,22853,100,0,100,2,100.0,0.0,100.0,0.0,100.0,0.0,100.0,0.0,100.0,0.0,76.0,24.0,100.0,0.0,100.0,0.0,77.0,47481.0,24,24,100,0,100,0,200,0,100.0,22514.0,100.0,47456570840.0,100.0,71941823700.0
2018-02-25,S300Z3WX,ST4000DM000,4000787030016,0,116,113187432,98,0,100,2,100,0,76,43431893,74,22878,100,0,100,2,100.0,0.0,100.0,0.0,100.0,0.0,100.0,0.0,100.0,0.0,76.0,24.0,100.0,0.0,100.0,0.0,77.0,47481.0,24,24,100,0,100,0,200,0,100.0,22538.0,100.0,47474975480.0,100.0,72127859765.0
2018-02-26,S300Z3WX,ST4000DM000,4000787030016,0,118,190523008,98,0,100,2,100,0,76,44952492,74,22902,100,0,100,2,100.0,0.0,100.0,0.0,100.0,0.0,100.0,0.0,100.0,0.0,75.0,25.0,100.0,0.0,100.0,0.0,77.0,47481.0,25,25,100,0,100,0,200,0,100.0,22562.0,100.0,47489757736.0,100.0,72237023560.0
2018-02-27,S300Z3WX,ST4000DM000,4000787030016,0,117,162988632,98,0,100,2,100,0,76,46054054,74,22926,100,0,100,2,100.0,0.0,100.0,0.0,100.0,0.0,100.0,0.0,100.0,0.0,75.0,25.0,100.0,0.0,100.0,0.0,77.0,47481.0,25,25,100,0,100,0,200,0,100.0,22586.0,100.0,47501979296.0,100.0,72425287587.0
2018-02-28,S300Z3WX,ST4000DM000,4000787030016,0,100,2868912,98,0,100,2,100,0,76,47045341,74,22950,100,0,100,2,100.0,0.0,100.0,0.0,100.0,0.0,100.0,0.0,100.0,0.0,76.0,24.0,100.0,0.0,100.0,0.0,77.0,47481.0,24,24,100,0,100,0,200,0,100.0,22610.0,100.0,47512036760.0,100.0,72583349152.0
2018-03-01,S300Z3WX,ST4000DM000,4000787030016,0,107,14142864,98,0,100,2,100,0,76,48061290,74,22976,100,0,100,2,100.0,0.0,100.0,0.0,100.0,0.0,100.0,0.0,100.0,0.0,76.0,24.0,100.0,0.0,100.0,0.0,77.0,47485.0,24,24,100,0,100,0,200,0,100.0,22636.0,100.0,47522472296.0,100.0,72756639544.0
2018-03-02,S300Z3WX,ST4000DM000,4000787030016,0,107,14188848,98,0,100,2,100,0,76,49866202,74,23000,100,0,100,2,100.0,0.0,100.0,0.0,100.0,0.0,100.0,0.0,100.0,0.0,75.0,25.0,100.0,0.0,100.0,0.0,77.0,47485.0,25,25,100,0,100,0,200,0,100.0,22660.0,100.0,47534211288.0,100.0,72966898995.0
2018-03-03,S300Z3WX,ST4000DM000,4000787030016,0,110,28503312,98,0,100,2,100,0,77,51200244,74,23024,100,0,100,2,100.0,0.0,100.0,0.0,100.0,0.0,100.0,0.0,100.0,0.0,76.0,24.0,100.0,0.0,100.0,0.0,77.0,47485.0,24,24,100,0,100,0,200,0,100.0,22684.0,100.0,47541793248.0,100.0,73146618597.0
2018-03-04,S300Z3WX,ST4000DM000,4000787030016,0,116,101396984,98,0,100,2,100,0,77,52068788,74,23048,100,0,100,2,100.0,0.0,100.0,0.0,100.0,0.0,100.0,0.0,100.0,0.0,75.0,25.0,100.0,0.0,100.0,0.0,77.0,47485.0,25,25,100,0,100,0,200,0,100.0,22708.0,100.0,47543787136.0,100.0,73292996487.0
2018-03-05,S300Z3WX,ST4000DM000,4000787030016,0,116,111388960,98,0,100,2,100,0,77,53824951,74,23073,100,0,100,2,100.0,0.0,100.0,0.0,100.0,0.0,100.0,0.0,100.0,0.0,75.0,25.0,100.0,0.0,100.0,0.0,77.0,47497.0,25,25,100,0,100,0,200,0,100.0,22733.0,100.0,47548724056.0,100.0,73444472496.0
2018-03-06,S300Z3WX,ST4000DM000,4000787030016,0,118,170514384,98,0,100,2,100,0,77,55087714,74,23099,100,0,100,2,100.0,0.0,100.0,0.0,100.0,0.0,100.0,0.0,100.0,0.0,76.0,24.0,100.0,0.0,100.0,0.0,77.0,47499.0,24,24,100,0,100,0,200,0,100.0,22759.0,100.0,47551295984.0,100.0,73620825372.0
2018-03-07,S300Z3WX,ST4000DM000,4000787030016,0,117.0,141223440.0,98.0,0.0,100.0,2.0,100.0,0.0,77.0,56507855.0,74.0,23122.0,100.0,0.0,100.0,2.0,100.0,0.0,100.0,0.0,100.0,0.0,100.0,0.0,100.0,0.0,75.0,25.0,100.0,0.0,100.0,0.0,77.0,47499.0,25.0,25.0,100.0,0.0,100.0,0.0,200.0,0.0,100.0,22783.0,100.0,47553062392.0,100.0,73786456697.0
2018-03-08,S300Z3WX,ST4000DM000,4000787030016,0,117,141830376,98,0,100,2,100,0,77,57648526,74,23143,100,0,100,2,100.0,0.0,100.0,0.0,100.0,0.0,100.0,0.0,100.0,0.0,77.0,23.0,100.0,0.0,100.0,0.0,77.0,47502.0,23,23,100,0,100,0,200,0,100.0,22803.0,100.0,47555558072.0,100.0,73932273695.0
2018-03-09,S300Z3WX,ST4000DM000,4000787030016,0,120,543344,98,0,100,2,100,0,78,60689896,74,23167,100,0,100,2,100.0,0.0,100.0,0.0,100.0,0.0,100.0,0.0,100.0,0.0,76.0,24.0,100.0,0.0,100.0,0.0,77.0,47502.0,24,24,100,0,100,0,200,0,100.0,22827.0,100.0,47562093536.0,100.0,74092101930.0
2018-03-10,S300Z3WX,ST4000DM000,4000787030016,0,116,111262624,98,0,100,2,100,0,78,61948767,74,23191,100,0,100,2,100.0,0.0,100.0,0.0,100.0,0.0,100.0,0.0,100.0,0.0,76.0,24.0,100.0,0.0,100.0,0.0,77.0,47502.0,24,24,100,0,100,0,200,0,100.0,22851.0,100.0,47565130088.0,100.0,74268671012.0
2018-03-11,S300Z3WX,ST4000DM000,4000787030016,0,115,95326320,98,0,100,2,100,0,78,62885323,74,23215,100,0,100,2,100.0,0.0,100.0,0.0,100.0,0.0,100.0,0.0,100.0,0.0,76.0,24.0,100.0,0.0,100.0,0.0,77.0,47502.0,24,24,100,0,100,0,200,0,100.0,22875.0,100.0,47569297744.0,100.0,74410523733.0
2018-03-12,S300Z3WX,ST4000DM000,4000787030016,0,116,103566704,98,0,100,2,100,0,78,64420437,74,23240,100,0,100,2,100.0,0.0,100.0,0.0,100.0,0.0,100.0,0.0,100.0,0.0,76.0,24.0,100.0,0.0,100.0,0.0,77.0,47507.0,24,24,100,0,100,0,200,0,100.0,22900.0,100.0,47575959144.0,100.0,74523812043.0
2018-03-13,S300Z3WX,ST4000DM000,4000787030016,0,114,73848888,98,0,100,2,100,0,78,65256718,74,23264,100,0,100,2,100.0,0.0,100.0,0.0,100.0,0.0,100.0,0.0,100.0,0.0,76.0,24.0,100.0,0.0,100.0,0.0,77.0,47507.0,24,24,100,0,100,0,200,0,100.0,22923.0,100.0,47580376120.0,100.0,74670865147.0
2018-03-14,S300Z3WX,ST4000DM000,4000787030016,0,118,188281048,98,0,100,2,100,0,78,65987871,74,23287,100,0,100,2,100.0,0.0,100.0,0.0,100.0,0.0,100.0,0.0,100.0,0.0,76.0,24.0,100.0,0.0,100.0,0.0,77.0,47507.0,24,24,100,0,100,0,200,0,100.0,22947.0,100.0,47583628496.0,100.0,74798620273.0
2018-03-15,S300Z3WX,ST4000DM000,4000787030016,0,119,216860152,98,0,100,2,100,0,78,66634102,74,23311,100,0,100,2,100.0,0.0,100.0,0.0,100.0,0.0,100.0,0.0,100.0,0.0,76.0,24.0,100.0,0.0,100.0,0.0,77.0,47509.0,24,24,100,0,100,0,200,0,100.0,22971.0,100.0,47594331144.0,100.0,74888405462.0
2018-03-16,S300Z3WX,ST4000DM000,4000787030016,0,115.0,93622528.0,98.0,0.0,100.0,2.0,100.0,0.0,78.0,67822902.0,74.0,23335.0,100.0,0.0,100.0,2.0,100.0,0.0,100.0,0.0,100.0,0.0,100.0,0.0,100.0,0.0,75.0,25.0,100.0,0.0,100.0,0.0,77.0,47509.0,25.0,25.0,100.0,0.0,100.0,0.0,200.0,0.0,100.0,22995.0,100.0,47598159056.0,100.0,75025469551.0
2018-03-17,S300Z3WX,ST4000DM000,4000787030016,0,118,185566152,98,0,100,2,100,0,78,68689020,74,23359,100,0,100,2,100.0,0.0,100.0,0.0,100.0,0.0,100.0,0.0,100.0,0.0,75.0,25.0,100.0,0.0,100.0,0.0,77.0,47521.0,25,25,100,0,100,0,200,0,100.0,23019.0,100.0,47606526376.0,100.0,75161674657.0
2018-03-18,S300Z3WX,ST4000DM000,4000787030016,0,117,147934072,98,0,100,2,100,0,78,69169572,74,23384,100,0,100,2,100.0,0.0,100.0,0.0,100.0,0.0,100.0,0.0,100.0,0.0,75.0,25.0,100.0,0.0,100.0,0.0,77.0,47521.0,25,25,100,0,100,0,200,0,100.0,23043.0,100.0,47609469000.0,100.0,75325470329.0
2018-03-19,S300Z3WX,ST4000DM000,4000787030016,0,117,145834304,98,0,100,2,100,0,78,70339236,74,23407,100,0,100,2,100.0,0.0,100.0,0.0,100.0,0.0,100.0,0.0,100.0,0.0,75.0,25.0,100.0,0.0,100.0,0.0,77.0,47525.0,25,25,100,0,100,0,200,0,100.0,23067.0,100.0,47616559592.0,100.0,75436606145.0
2018-03-20,S300Z3WX,ST4000DM000,4000787030016,0,117,147001704,98,0,100,2,100,0,78,70817363,74,23431,100,0,100,2,100.0,0.0,100.0,0.0,100.0,0.0,100.0,0.0,100.0,0.0,76.0,24.0,100.0,0.0,100.0,0.0,77.0,47525.0,24,24,100,0,100,0,200,0,100.0,23091.0,100.0,47626356576.0,100.0,75584997901.0
2018-03-21,S300Z3WX,ST4000DM000,4000787030016,0,114,80310768,98,0,100,2,100,0,78,71350608,74,23455,100,0,100,2,100.0,0.0,100.0,0.0,100.0,0.0,100.0,0.0,100.0,0.0,76.0,24.0,100.0,0.0,100.0,0.0,77.0,47525.0,24,24,100,0,100,0,200,0,100.0,23115.0,100.0,47634266696.0,100.0,75751571864.0
2018-03-22,S300Z3WX,ST4000DM000,4000787030016,0,112,44251824,98,0,100,2,100,0,78,73322185,74,23479,100,0,100,2,100.0,0.0,100.0,0.0,100.0,0.0,100.0,0.0,100.0,0.0,76.0,24.0,100.0,0.0,100.0,0.0,77.0,47525.0,24,24,100,0,100,0,200,0,100.0,23139.0,100.0,47654481744.0,100.0,75929731181.0
2018-03-23,S300Z3WX,ST4000DM000,4000787030016,0,115,84758256,98,0,100,2,100,0,78,74332664,74,23504,100,0,100,2,100.0,0.0,100.0,0.0,100.0,0.0,100.0,0.0,100.0,0.0,76.0,24.0,100.0,0.0,100.0,0.0,77.0,47525.0,24,24,100,0,100,0,200,0,100.0,23164.0,100.0,47666093520.0,100.0,76134830568.0
2018-03-24,S300Z3WX,ST4000DM000,4000787030016,0,117,146781816,98,0,100,2,100,0,78,75395402,74,23527,100,0,100,2,100.0,0.0,100.0,0.0,100.0,0.0,100.0,0.0,100.0,0.0,76.0,24.0,100.0,0.0,100.0,0.0,77.0,47525.0,24,24,100,0,100,0,200,0,100.0,23187.0,100.0,47680497832.0,100.0,76302898856.0
2018-03-25,S300Z3WX,ST4000DM000,4000787030016,0,117,132969312,98,0,100,2,100,0,78,76287327,74,23551,100,0,100,2,100.0,0.0,100.0,0.0,100.0,0.0,100.0,0.0,100.0,0.0,76.0,24.0,100.0,0.0,100.0,0.0,77.0,47525.0,24,24,100,0,100,0,200,0,100.0,23211.0,100.0,47694572448.0,100.0,76442809185.0
2018-03-26,S300Z3WX,ST4000DM000,4000787030016,0,111,34978496,98,0,100,2,100,0,78,78023350,74,23575,100,0,100,2,100.0,0.0,100.0,0.0,100.0,0.0,100.0,0.0,100.0,0.0,76.0,24.0,100.0,0.0,100.0,0.0,77.0,47525.0,24,24,100,0,100,0,200,0,100.0,23235.0,100.0,47714380440.0,100.0,76591568463.0
2018-03-27,S300Z3WX,ST4000DM000,4000787030016,0,117,129281520,98,0,100,2,100,0,78,79059958,74,23599,100,0,100,2,100.0,0.0,100.0,0.0,100.0,0.0,100.0,0.0,100.0,0.0,76.0,24.0,100.0,0.0,100.0,0.0,77.0,47525.0,24,24,100,0,100,0,200,0,100.0,23259.0,100.0,47724025632.0,100.0,76780240726.0
2018-03-28,S300Z3WX,ST4000DM000,4000787030016,0,116,114900480,98,0,100,2,100,0,78,80240849,74,23624,100,0,100,2,100.0,0.0,100.0,0.0,100.0,0.0,100.0,0.0,100.0,0.0,76.0,24.0,100.0,0.0,100.0,0.0,77.0,47525.0,24,24,100,0,100,0,200,0,100.0,23284.0,100.0,47734128536.0,100.0,76981014306.0
2018-03-29,S300Z3WX,ST4000DM000,4000787030016,0,118,191661912,98,0,100,2,100,0,78,81004397,74,23647,100,0,100,2,100.0,0.0,100.0,0.0,100.0,0.0,100.0,0.0,100.0,0.0,77.0,23.0,100.0,0.0,100.0,0.0,77.0,47529.0,23,23,100,0,100,0,200,0,100.0,23307.0,100.0,47747656584.0,100.0,77119351723.0
2018-03-30,S300Z3WX,ST4000DM000,4000787030016,0,112,47464432,98,0,100,2,100,0,78,82364653,73,23671,100,0,100,2,100.0,0.0,100.0,0.0,100.0,0.0,100.0,0.0,100.0,0.0,76.0,24.0,100.0,0.0,100.0,0.0,77.0,47529.0,24,24,100,0,100,0,200,0,100.0,23331.0,100.0,47761970840.0,100.0,77258321281.0
2018-03-31,S300Z3WX,ST4000DM000,4000787030016,0,111,33172456,98,0,100,2,100,0,78,83432127,73,23695,100,0,100,2,100.0,0.0,100.0,0.0,100.0,0.0,100.0,0.0,100.0,0.0,76.0,24.0,100.0,0.0,100.0,0.0,77.0,47529.0,24,24,100,0,100,0,200,0,100.0,23355.0,100.0,47774881888.0,100.0,77320080679.0
2018-04-01,S300Z3WX,ST4000DM000,4000787030016,0,115,87028232,98,0,100,2,100,0,79,85406297,73,23719,100,0,100,2,100.0,0.0,100.0,0.0,100.0,0.0,100.0,0.0,100.0,0.0,76.0,24.0,100.0,0.0,100.0,0.0,77.0,47529.0,24,24,100,0,100,0,200,0,100.0,23379.0,100.0,47785030888.0,100.0,77507612636.0
2018-04-02,S300Z3WX,ST4000DM000,4000787030016,0,113,55014064,98,0,100,2,100,0,79,87151807,73,23743,100,0,100,2,100.0,0.0,100.0,0.0,100.0,0.0,100.0,0.0,100.0,0.0,76.0,24.0,100.0,0.0,100.0,0.0,77.0,47529.0,24,24,100,0,100,0,200,0,100.0,23403.0,100.0,47795347528.0,100.0,77641188114.0
2018-04-03,S300Z3WX,ST4000DM000,4000787030016,0,118,195161104,98,0,100,2,100,0,79,88332199,73,23767,100,0,100,2,100.0,0.0,100.0,0.0,100.0,0.0,100.0,0.0,100.0,0.0,76.0,24.0,100.0,0.0,100.0,0.0,77.0,47529.0,24,24,100,0,100,0,200,0,100.0,23427.0,100.0,47808917416.0,100.0,77787889607.0
2018-04-04,S300Z3WX,ST4000DM000,4000787030016,0,117,156864808,98,0,100,2,100,0,79,90292110,73,23791,100,0,100,2,100.0,0.0,100.0,0.0,100.0,0.0,100.0,0.0,100.0,0.0,76.0,24.0,100.0,0.0,100.0,0.0,77.0,47529.0,24,24,100,0,100,0,200,0,100.0,23451.0,100.0,47827146488.0,100.0,77959833395.0
2018-04-05,S300Z3WX,ST4000DM000,4000787030016,0,117,133594304,98,0,100,2,100,0,79,91330312,73,23815,100,0,100,2,100.0,0.0,100.0,0.0,100.0,0.0,100.0,0.0,100.0,0.0,77.0,23.0,100.0,0.0,100.0,0.0,77.0,47529.0,23,23,100,0,100,0,200,0,100.0,23475.0,100.0,47839339200.0,100.0,78128126911.0
2018-04-06,S300Z3WX,ST4000DM000,4000787030016,0,117,157369176,98,0,100,2,100,0,79,92891824,73,23839,100,0,100,2,100.0,0.0,100.0,0.0,100.0,0.0,100.0,0.0,100.0,0.0,77.0,23.0,100.0,0.0,100.0,0.0,77.0,47529.0,23,23,100,0,100,0,200,0,100.0,23499.0,100.0,47858906336.0,100.0,78299123817.0
2018-04-07,S300Z3WX,ST4000DM000,4000787030016,0,105.0,9649544.0,98.0,0.0,100.0,2.0,100.0,0.0,79.0,94506244.0,73.0,23863.0,100.0,0.0,100.0,2.0,100.0,0.0,100.0,0.0,100.0,0.0,100.0,0.0,100.0,0.0,77.0,23.0,100.0,0.0,100.0,0.0,77.0,47529.0,23.0,23.0,100.0,0.0,100.0,0.0,200.0,0.0,100.0,23523.0,100.0,47871732440.0,100.0,78460126473.0
2018-04-08,S300Z3WX,ST4000DM000,4000787030016,0,109,23827672,98,0,100,2,100,0,79,95771639,73,23887,100,0,100,2,100.0,0.0,100.0,0.0,100.0,0.0,100.0,0.0,100.0,0.0,77.0,23.0,100.0,0.0,100.0,0.0,77.0,47529.0,23,23,100,0,100,0,200,0,100.0,23547.0,100.0,47875124872.0,100.0,78616433469.0
2018-04-09,S300Z3WX,ST4000DM000,4000787030016,0,115,96663128,98,0,100,2,100,0,79,97372809,73,23911,100,0,100,2,100.0,0.0,100.0,0.0,100.0,0.0,100.0,0.0,100.0,0.0,77.0,23.0,100.0,0.0,100.0,0.0,77.0,47531.0,23,23,100,0,100,0,200,0,100.0,23571.0,100.0,47880669776.0,100.0,78755662153.0
2018-04-10,S300Z3WX,ST4000DM000,4000787030016,0,119,203621960,98,0,100,2,100,0,79,98257477,73,23935,100,0,100,2,100.0,0.0,100.0,0.0,100.0,0.0,100.0,0.0,100.0,0.0,77.0,23.0,100.0,0.0,100.0,0.0,77.0,47531.0,23,23,100,0,100,0,200,0,100.0,23595.0,100.0,47882284272.0,100.0,78922460050.0
2018-04-11,S300Z3WX,ST4000DM000,4000787030016,0,118,172519608,98,0,100,2,100,0,79,99120826,73,23959,100,0,100,2,100.0,0.0,100.0,0.0,100.0,0.0,100.0,0.0,100.0,0.0,77.0,23.0,100.0,0.0,100.0,0.0,77.0,47531.0,23,23,100,0,100,0,200,0,100.0,23619.0,100.0,47884068016.0,100.0,79082155985.0
2018-04-12,S300Z3WX,ST4000DM000,4000787030016,0,118,174056152,98,0,100,2,100,0,79,99953856,73,23983,100,0,100,2,100.0,0.0,100.0,0.0,100.0,0.0,100.0,0.0,100.0,0.0,77.0,23.0,100.0,0.0,100.0,0.0,77.0,47535.0,23,23,100,0,100,0,200,0,100.0,23643.0,100.0,47886027080.0,100.0,79241159118.0
2018-04-13,S300Z3WX,ST4000DM000,4000787030016,0,120,241890680,98,0,100,2,100,0,80,101453589,73,24007,100,0,100,2,100.0,0.0,100.0,0.0,100.0,0.0,100.0,0.0,100.0,0.0,77.0,23.0,100.0,0.0,100.0,0.0,77.0,47535.0,23,23,100,0,100,0,200,0,100.0,23667.0,100.0,47889782664.0,100.0,79431476942.0
2018-04-14,S300Z3WX,ST4000DM000,4000787030016,0,117,158888696,98,0,100,2,100,0,80,102938517,73,24031,100,0,100,2,100.0,0.0,100.0,0.0,100.0,0.0,100.0,0.0,100.0,0.0,76.0,24.0,100.0,0.0,100.0,0.0,77.0,47535.0,24,24,100,0,100,0,200,0,100.0,23691.0,100.0,47894909760.0,100.0,79607354736.0
2018-04-15,S300Z3WX,ST4000DM000,4000787030016,0,111,40990864,98,0,100,2,100,0,80,103687704,73,24055,100,0,100,2,100.0,0.0,100.0,0.0,100.0,0.0,100.0,0.0,100.0,0.0,76.0,24.0,100.0,0.0,100.0,0.0,77.0,47535.0,24,24,100,0,100,0,200,0,100.0,23715.0,100.0,47897839792.0,100.0,79745980292.0
2018-04-16,S300Z3WX,ST4000DM000,4000787030016,0,107,13286592,98,0,100,2,100,0,80,106599566,73,24079,100,0,100,2,100.0,0.0,100.0,0.0,100.0,0.0,100.0,0.0,100.0,0.0,76.0,24.0,100.0,0.0,100.0,0.0,77.0,47556.0,24,24,100,0,100,0,200,0,100.0,23739.0,100.0,47903694424.0,100.0,79913849230.0
2018-04-17,S300Z3WX,ST4000DM000,4000787030016,0,118,194317008,98,0,100,2,100,0,80,107642054,73,24103,100,0,100,2,100.0,0.0,100.0,0.0,100.0,0.0,100.0,0.0,100.0,0.0,76.0,24.0,100.0,0.0,100.0,0.0,77.0,47556.0,24,24,100,0,100,0,200,0,100.0,23762.0,100.0,47909923896.0,100.0,80088206829.0
2018-04-18,S300Z3WX,ST4000DM000,4000787030016,0,106,12253656,98,0,100,2,100,0,80,108596404,73,24127,100,0,100,2,100.0,0.0,100.0,0.0,100.0,0.0,100.0,0.0,100.0,0.0,76.0,24.0,100.0,0.0,100.0,0.0,77.0,47556.0,24,24,100,0,100,0,200,0,100.0,23786.0,100.0,47914131144.0,100.0,80243975937.0
2018-04-19,S300Z3WX,ST4000DM000,4000787030016,0,117,143963720,98,0,100,2,100,0,80,109859031,73,24151,100,0,100,2,100.0,0.0,100.0,0.0,100.0,0.0,100.0,0.0,100.0,0.0,77.0,23.0,100.0,0.0,100.0,0.0,77.0,47556.0,23,23,100,0,100,0,200,0,100.0,23810.0,100.0,47916894496.0,100.0,80463511619.0
2018-04-20,S300Z3WX,ST4000DM000,4000787030016,0,117,137994792,98,0,100,2,100,0,80,111259363,73,24175,100,0,100,2,100.0,0.0,100.0,0.0,100.0,0.0,100.0,0.0,100.0,0.0,77.0,23.0,100.0,0.0,100.0,0.0,77.0,47556.0,23,23,100,0,100,0,200,0,100.0,23834.0,100.0,47920851224.0,100.0,80621546032.0
2018-04-21,S300Z3WX,ST4000DM000,4000787030016,0,105,9396136,98,0,100,2,100,0,80,112820721,73,24199,100,0,100,2,100.0,0.0,100.0,0.0,100.0,0.0,100.0,0.0,100.0,0.0,77.0,23.0,100.0,0.0,100.0,0.0,77.0,47556.0,23,23,100,0,100,0,200,0,100.0,23858.0,100.0,47924920816.0,100.0,80803413638.0
2018-04-22,S300Z3WX,ST4000DM000,4000787030016,0,115,88045208,98,0,100,2,100,0,80,114015006,73,24223,100,0,100,2,100.0,0.0,100.0,0.0,100.0,0.0,100.0,0.0,100.0,0.0,77.0,23.0,100.0,0.0,100.0,0.0,77.0,47556.0,23,23,100,0,100,0,200,0,100.0,23883.0,100.0,47926762712.0,100.0,80959145913.0
2018-04-23,S300Z3WX,ST4000DM000,4000787030016,0,117,164304872,98,0,100,2,100,0,80,115953131,73,24247,100,0,100,2,100.0,0.0,100.0,0.0,100.0,0.0,100.0,0.0,100.0,0.0,77.0,23.0,100.0,0.0,100.0,0.0,77.0,47580.0,23,23,100,0,100,0,200,0,100.0,23907.0,100.0,47931534952.0,100.0,81095424733.0
2018-04-24,S300Z3WX,ST4000DM000,4000787030016,0,115,89257904,98,0,100,2,100,0,80,117226170,73,24271,100,0,100,2,100.0,0.0,100.0,0.0,100.0,0.0,100.0,0.0,100.0,0.0,77.0,23.0,100.0,0.0,100.0,0.0,77.0,47580.0,23,23,100,0,100,0,200,0,100.0,23931.0,100.0,47934287112.0,100.0,81263728756.0
2018-04-25,S300Z3WX,ST4000DM000,4000787030016,0,117,145084416,98,0,100,2,100,0,81,118228059,73,24295,100,0,100,2,100.0,0.0,100.0,0.0,100.0,0.0,100.0,0.0,100.0,0.0,77.0,23.0,100.0,0.0,100.0,0.0,77.0,47580.0,23,23,100,0,100,0,200,0,100.0,23955.0,100.0,47936203664.0,100.0,81391125653.0
2018-04-26,S300Z3WX,ST4000DM000,4000787030016,0,117,146042336,98,0,100,2,100,0,81,119206829,73,24321,100,0,100,2,100.0,0.0,100.0,0.0,100.0,0.0,100.0,0.0,100.0,0.0,76.0,24.0,100.0,0.0,100.0,0.0,77.0,47584.0,24,24,100,0,100,0,200,0,100.0,23980.0,100.0,47939287112.0,100.0,81561876993.0
2018-04-27,S300Z3WX,ST4000DM000,4000787030016,0,116,117126176,98,0,100,2,100,0,81,120864957,73,24345,100,0,100,2,100.0,0.0,100.0,0.0,100.0,0.0,100.0,0.0,100.0,0.0,77.0,23.0,100.0,0.0,100.0,0.0,77.0,47584.0,23,23,100,0,100,0,200,0,100.0,24005.0,100.0,47943717064.0,100.0,81726654966.0
2018-04-28,S300Z3WX,ST4000DM000,4000787030016,0,120,289592,98,0,100,2,100,0,81,121708177,73,24369,100,0,100,2,100.0,0.0,100.0,0.0,100.0,0.0,100.0,0.0,100.0,0.0,77.0,23.0,100.0,0.0,100.0,0.0,77.0,47584.0,23,23,100,0,100,0,200,0,100.0,24029.0,100.0,47947701360.0,100.0,81852351925.0
2018-04-29,S300Z3WX,ST4000DM000,4000787030016,0,119,232399632,98,0,100,2,100,0,81,123790905,73,24393,100,0,100,2,100.0,0.0,100.0,0.0,100.0,0.0,100.0,0.0,100.0,0.0,77.0,23.0,100.0,0.0,100.0,0.0,77.0,47584.0,23,23,100,0,100,0,200,0,100.0,24052.0,100.0,47956067696.0,100.0,81979483623.0
2018-04-30,S300Z3WX,ST4000DM000,4000787030016,0,115,94986280,98,0,100,2,100,0,81,125135101,73,24418,100,0,100,2,100.0,0.0,100.0,0.0,100.0,0.0,100.0,0.0,100.0,0.0,77.0,23.0,100.0,0.0,100.0,0.0,77.0,47592.0,23,23,100,0,100,0,200,0,100.0,24077.0,100.0,47959099696.0,100.0,82099241894.0
2018-05-01,S300Z3WX,ST4000DM000,4000787030016,0,118,189809072,98,0,100,2,100,0,81,125651733,73,24442,100,0,100,2,100.0,0.0,100.0,0.0,100.0,0.0,100.0,0.0,100.0,0.0,77.0,23.0,100.0,0.0,100.0,0.0,77.0,47592.0,23,23,100,0,100,0,200,0,100.0,24101.0,100.0,47961341880.0,100.0,82202980245.0
2018-05-02,S300Z3WX,ST4000DM000,4000787030016,0,117.0,126085288.0,98.0,0.0,100.0,2.0,100.0,0.0,81.0,126117335.0,73.0,24465.0,100.0,0.0,100.0,2.0,100.0,0.0,100.0,0.0,100.0,0.0,100.0,0.0,100.0,0.0,77.0,23.0,100.0,0.0,100.0,0.0,77.0,47619.0,23.0,23.0,100.0,0.0,100.0,0.0,200.0,0.0,100.0,24125.0,100.0,47963606512.0,100.0,82359256406.0
2018-05-03,S300Z3WX,ST4000DM000,4000787030016,0,117,134236984,98,0,100,2,100,0,81,126557219,73,24487,100,0,100,2,100.0,0.0,100.0,0.0,100.0,0.0,100.0,0.0,100.0,0.0,77.0,23.0,100.0,0.0,100.0,0.0,77.0,47622.0,23,23,100,0,100,0,200,0,100.0,24146.0,100.0,47966438464.0,100.0,82500818695.0
2018-05-04,S300Z3WX,ST4000DM000,4000787030016,0,119,206333432,98,0,100,2,100,0,81,127518472,73,24511,100,0,100,2,100.0,0.0,100.0,0.0,100.0,0.0,100.0,0.0,100.0,0.0,77.0,23.0,100.0,0.0,100.0,0.0,77.0,47622.0,23,23,100,0,100,0,200,0,100.0,24170.0,100.0,47970509376.0,100.0,82640646150.0
2018-05-05,S300Z3WX,ST4000DM000,4000787030016,0,119,207891664,98,0,100,2,100,0,81,128233029,72,24536,100,0,100,2,100.0,0.0,100.0,0.0,100.0,0.0,100.0,0.0,100.0,0.0,76.0,24.0,100.0,0.0,100.0,0.0,77.0,47622.0,24,24,100,0,100,0,200,0,100.0,24195.0,100.0,47974423840.0,100.0,82802362533.0
2018-05-06,S300Z3WX,ST4000DM000,4000787030016,0,114,75739640,98,0,100,2,100,0,81,128720353,72,24559,100,0,100,2,100.0,0.0,100.0,0.0,100.0,0.0,100.0,0.0,100.0,0.0,77.0,23.0,100.0,0.0,100.0,0.0,77.0,47622.0,23,23,100,0,100,0,200,0,100.0,24218.0,100.0,47977360040.0,100.0,82973383013.0
2018-05-07,S300Z3WX,ST4000DM000,4000787030016,0,110,29051368,98,0,100,2,100,0,81,129905030,72,24583,100,0,100,2,100.0,0.0,100.0,0.0,100.0,0.0,100.0,0.0,100.0,0.0,77.0,23.0,100.0,0.0,100.0,0.0,77.0,47636.0,23,23,100,0,100,0,200,0,100.0,24242.0,100.0,47983496728.0,100.0,83104291902.0
2018-05-08,S300Z3WX,ST4000DM000,4000787030016,0,116,113335384,98,0,100,2,100,0,81,130243023,72,24607,100,0,100,2,100.0,0.0,100.0,0.0,100.0,0.0,100.0,0.0,100.0,0.0,76.0,24.0,100.0,0.0,100.0,0.0,77.0,47636.0,24,24,100,0,100,0,200,0,100.0,24266.0,100.0,47985986568.0,100.0,83283548313.0
2018-05-09,S300Z3WX,ST4000DM000,4000787030016,0,105,9622368,98,0,100,2,100,0,81,130872117,72,24631,100,0,100,2,100.0,0.0,100.0,0.0,100.0,0.0,100.0,0.0,100.0,0.0,76.0,24.0,100.0,0.0,100.0,0.0,77.0,47636.0,24,24,100,0,100,0,200,0,100.0,24290.0,100.0,47989238792.0,100.0,83438450866.0
2018-05-10,S300Z3WX,ST4000DM000,4000787030016,0,118,171661048,98,0,100,2,100,0,81,133016977,72,24656,100,0,100,2,100.0,0.0,100.0,0.0,100.0,0.0,100.0,0.0,100.0,0.0,77.0,23.0,100.0,0.0,100.0,0.0,77.0,47638.0,23,23,100,0,100,0,200,0,100.0,24315.0,100.0,47996760776.0,100.0,83610735500.0
2018-05-11,S300Z3WX,ST4000DM000,4000787030016,0,106,11141848,98,0,100,2,100,0,81,134402066,72,24679,100,0,100,2,100.0,0.0,100.0,0.0,100.0,0.0,100.0,0.0,100.0,0.0,77.0,23.0,100.0,0.0,100.0,0.0,77.0,47638.0,23,23,100,0,100,0,200,0,100.0,24338.0,100.0,48000402112.0,100.0,83811742868.0
2018-05-12,S300Z3WX,ST4000DM000,4000787030016,0,115,98962376,98,0,100,2,100,0,81,135946835,72,24703,100,0,100,2,100.0,0.0,100.0,0.0,100.0,0.0,100.0,0.0,100.0,0.0,77.0,23.0,100.0,0.0,100.0,0.0,77.0,47638.0,23,23,100,0,100,0,200,0,100.0,24362.0,100.0,48005585960.0,100.0,84023362163.0
2018-05-13,S300Z3WX,ST4000DM000,4000787030016,0,116,103769832,98,0,100,2,100,0,81,136856750,72,24728,100,0,100,2,100.0,0.0,100.0,0.0,100.0,0.0,100.0,0.0,100.0,0.0,77.0,23.0,100.0,0.0,100.0,0.0,77.0,47638.0,23,23,100,0,100,0,200,0,100.0,24387.0,100.0,48009018328.0,100.0,84191796294.0
2018-05-14,S300Z3WX,ST4000DM000,4000787030016,0,118,177004392,98,0,100,2,100,0,81,138244401,72,24751,100,0,100,2,100.0,0.0,100.0,0.0,100.0,0.0,100.0,0.0,100.0,0.0,77.0,23.0,100.0,0.0,100.0,0.0,77.0,47650.0,23,23,100,0,100,0,200,0,100.0,24410.0,100.0,48013922112.0,100.0,84281116684.0
2018-05-15,S300Z3WX,ST4000DM000,4000787030016,0,114.0,77474376.0,98.0,0.0,100.0,2.0,100.0,0.0,81.0,139228383.0,72.0,24775.0,100.0,0.0,100.0,2.0,100.0,0.0,100.0,0.0,100.0,0.0,100.0,0.0,100.0,0.0,77.0,23.0,100.0,0.0,100.0,0.0,77.0,47651.0,23.0,23.0,100.0,0.0,100.0,0.0,200.0,0.0,100.0,24434.0,100.0,48016583368.0,100.0,84373156404.0
2018-05-16,S300Z3WX,ST4000DM000,4000787030016,0,119,214296760,98,0,100,2,100,0,81,140842270,72,24800,100,0,100,2,100.0,0.0,100.0,0.0,100.0,0.0,100.0,0.0,100.0,0.0,76.0,24.0,100.0,0.0,100.0,0.0,77.0,47651.0,24,24,100,0,100,0,200,0,100.0,24459.0,100.0,48018371224.0,100.0,84560709705.0
2018-05-17,S300Z3WX,ST4000DM000,4000787030016,0,117,123767784,98,0,100,2,100,0,81,141864765,72,24823,100,0,100,2,100.0,0.0,100.0,0.0,100.0,0.0,100.0,0.0,100.0,0.0,76.0,24.0,100.0,0.0,100.0,0.0,77.0,47656.0,24,24,100,0,100,0,200,0,100.0,24482.0,100.0,48020209480.0,100.0,84715684793.0
2018-05-18,S300Z3WX,ST4000DM000,4000787030016,0,115,95741816,98,0,100,2,100,0,81,143017652,72,24847,100,0,100,2,100.0,0.0,100.0,0.0,100.0,0.0,100.0,0.0,100.0,0.0,76.0,24.0,100.0,0.0,100.0,0.0,77.0,47656.0,24,24,100,0,100,0,200,0,100.0,24506.0,100.0,48024884520.0,100.0,84868602132.0
2018-05-19,S300Z3WX,ST4000DM000,4000787030016,0,119,202770064,98,0,100,2,100,0,81,144283267,72,24871,100,0,100,2,100.0,0.0,100.0,0.0,100.0,0.0,100.0,0.0,100.0,0.0,76.0,24.0,100.0,0.0,100.0,0.0,77.0,47656.0,24,24,100,0,100,0,200,0,100.0,24530.0,100.0,48030737224.0,100.0,85032789170.0
2018-05-20,S300Z3WX,ST4000DM000,4000787030016,0,119,220054560,98,0,100,2,100,0,81,145254832,72,24895,100,0,100,2,100.0,0.0,100.0,0.0,100.0,0.0,100.0,0.0,100.0,0.0,76.0,24.0,100.0,0.0,100.0,0.0,77.0,47656.0,24,24,100,0,100,0,200,0,100.0,24554.0,100.0,48033836312.0,100.0,85199304580.0
2018-05-21,S300Z3WX,ST4000DM000,4000787030016,0,116,105205912,98,0,100,2,100,0,81,146727128,72,24919,100,0,100,2,100.0,0.0,100.0,0.0,100.0,0.0,100.0,0.0,100.0,0.0,76.0,24.0,100.0,0.0,100.0,0.0,77.0,47664.0,24,24,100,0,100,0,200,0,100.0,24578.0,100.0,48038783496.0,100.0,85312965223.0
2018-05-22,S300Z3WX,ST4000DM000,4000787030016,0,113,51933544,98,0,100,2,100,0,81,147573242,72,24935,100,0,100,2,100.0,0.0,100.0,0.0,100.0,0.0,100.0,0.0,100.0,0.0,76.0,24.0,100.0,0.0,100.0,0.0,77.0,47664.0,24,24,100,0,100,0,200,0,100.0,24594.0,100.0,48041155712.0,100.0,85416939200.0
2018-05-23,S300Z3WX,ST4000DM000,4000787030016,0,119,207199152,98,0,100,2,100,0,81,150258824,72,24967,100,0,100,2,100.0,0.0,100.0,0.0,100.0,0.0,100.0,0.0,100.0,0.0,76.0,24.0,100.0,0.0,100.0,0.0,77.0,47664.0,24,24,100,0,100,0,200,0,100.0,24626.0,100.0,48048768456.0,100.0,85652117873.0
2018-05-24,S300Z3WX,ST4000DM000,4000787030016,0,105,9023336,98,0,100,2,100,0,81,151112004,72,24991,100,0,100,2,100.0,0.0,100.0,0.0,100.0,0.0,100.0,0.0,100.0,0.0,76.0,24.0,100.0,0.0,100.0,0.0,77.0,47664.0,24,24,100,0,100,0,200,0,100.0,24650.0,100.0,48051230496.0,100.0,85813784798.0
2018-05-25,S300Z3WX,ST4000DM000,4000787030016,0,118,196085104,98,0,100,2,100,0,81,152493193,72,25015,100,0,100,2,100.0,0.0,100.0,0.0,100.0,0.0,100.0,0.0,100.0,0.0,76.0,24.0,100.0,0.0,100.0,0.0,77.0,47669.0,24,24,100,0,100,0,200,0,100.0,24674.0,100.0,48054986304.0,100.0,85982593083.0
2018-05-26,S300Z3WX,ST4000DM000,4000787030016,0,113,51435120,98,0,100,2,100,0,81,153927048,72,25040,100,0,100,2,100.0,0.0,100.0,0.0,100.0,0.0,100.0,0.0,100.0,0.0,76.0,24.0,100.0,0.0,100.0,0.0,77.0,47669.0,24,24,100,0,100,0,200,0,100.0,24698.0,100.0,48059372808.0,100.0,86171670278.0
2018-05-27,S300Z3WX,ST4000DM000,4000787030016,0,119,212461624,98,0,100,2,100,0,81,154957011,72,25064,100,0,100,2,100.0,0.0,100.0,0.0,100.0,0.0,100.0,0.0,100.0,0.0,76.0,24.0,100.0,0.0,100.0,0.0,77.0,47669.0,24,24,100,0,100,0,200,0,100.0,24722.0,100.0,48061335496.0,100.0,86343388265.0
2018-05-28,S300Z3WX,ST4000DM000,4000787030016,0,119,203433048,98,0,100,2,100,0,81,156472846,72,25088,100,0,100,2,100.0,0.0,100.0,0.0,100.0,0.0,100.0,0.0,100.0,0.0,76.0,24.0,100.0,0.0,100.0,0.0,77.0,47687.0,24,24,100,0,100,0,200,0,100.0,24746.0,100.0,48066129512.0,100.0,86472247212.0
2018-05-29,S300Z3WX,ST4000DM000,4000787030016,0,118,172035736,98,0,100,2,100,0,81,157308343,72,25111,100,0,100,2,100.0,0.0,100.0,0.0,100.0,0.0,100.0,0.0,100.0,0.0,76.0,24.0,100.0,0.0,100.0,0.0,77.0,47687.0,24,24,100,0,100,0,200,0,100.0,24770.0,100.0,48068609488.0,100.0,86627614447.0
2018-05-30,S300Z3WX,ST4000DM000,4000787030016,0,115,86225008,98,0,100,2,100,0,81,158200386,72,25136,100,0,100,2,100.0,0.0,100.0,0.0,100.0,0.0,100.0,0.0,100.0,0.0,76.0,24.0,100.0,0.0,100.0,0.0,77.0,47687.0,24,24,100,0,100,0,200,0,100.0,24794.0,100.0,48072017456.0,100.0,86786995441.0
2018-05-31,S300Z3WX,ST4000DM000,4000787030016,0,118,182745808,98,0,100,2,100,0,81,159092190,72,25161,100,0,100,2,100.0,0.0,100.0,0.0,100.0,0.0,100.0,0.0,100.0,0.0,76.0,24.0,100.0,0.0,100.0,0.0,77.0,47690.0,24,24,100,0,100,0,200,0,100.0,24820.0,100.0,48074058616.0,100.0,86953520552.0
2018-06-01,S300Z3WX,ST4000DM000,4000787030016,0,119,211659952,98,0,100,2,100,0,81,161113540,72,25185,100,0,100,2,100.0,0.0,100.0,0.0,100.0,0.0,100.0,0.0,100.0,0.0,76.0,24.0,100.0,0.0,100.0,0.0,77.0,47690.0,24,24,100,0,100,0,200,0,100.0,24844.0,100.0,48079219760.0,100.0,87174631127.0
2018-06-02,S300Z3WX,ST4000DM000,4000787030016,0,113,58167472,98,0,100,2,100,0,81,162088262,72,25209,100,0,100,2,100.0,0.0,100.0,0.0,100.0,0.0,100.0,0.0,100.0,0.0,76.0,24.0,100.0,0.0,100.0,0.0,77.0,47690.0,24,24,100,0,100,0,200,0,100.0,24868.0,100.0,48082682032.0,100.0,87328949325.0
2018-06-03,S300Z3WX,ST4000DM000,4000787030016,0,117,139990408,98,0,100,2,100,0,81,163495257,72,25233,100,0,100,2,100.0,0.0,100.0,0.0,100.0,0.0,100.0,0.0,100.0,0.0,76.0,24.0,100.0,0.0,100.0,0.0,77.0,47690.0,24,24,100,0,100,0,200,0,100.0,24892.0,100.0,48085548240.0,100.0,87509523066.0
2018-06-04,S300Z3WX,ST4000DM000,4000787030016,0,114,81076072,98,0,100,2,100,0,81,166035260,72,25257,100,0,100,2,100.0,0.0,100.0,0.0,100.0,0.0,100.0,0.0,100.0,0.0,76.0,24.0,100.0,0.0,100.0,0.0,77.0,47787.0,24,24,100,0,100,0,200,0,100.0,24915.0,100.0,48091302168.0,100.0,87632915984.0
2018-06-05,S300Z3WX,ST4000DM000,4000787030016,0,119,213125784,98,0,100,2,100,0,81,167361937,72,25281,100,0,100,2,100.0,0.0,100.0,0.0,100.0,0.0,100.0,0.0,100.0,0.0,76.0,24.0,100.0,0.0,100.0,0.0,77.0,47788.0,24,24,100,0,100,0,200,0,100.0,24939.0,100.0,48093840992.0,100.0,87794678743.0
2018-06-06,S300Z3WX,ST4000DM000,4000787030016,0,117,153006240,98,0,100,2,100,0,82,168620948,72,25305,100,0,100,2,100.0,0.0,100.0,0.0,100.0,0.0,100.0,0.0,100.0,0.0,76.0,24.0,100.0,0.0,100.0,0.0,77.0,47788.0,24,24,100,0,100,0,200,0,100.0,24963.0,100.0,48096181552.0,100.0,87951286813.0
2018-06-07,S300Z3WX,ST4000DM000,4000787030016,0,112,47295216,98,0,100,2,100,0,82,169733820,72,25329,100,0,100,2,100.0,0.0,100.0,0.0,100.0,0.0,100.0,0.0,100.0,0.0,76.0,24.0,100.0,0.0,100.0,0.0,77.0,47788.0,24,24,100,0,100,0,200,0,100.0,24988.0,100.0,48098364376.0,100.0,88086159022.0
2018-06-08,S300Z3WX,ST4000DM000,4000787030016,0,110,27668672,98,0,100,2,100,0,82,171149394,72,25352,100,0,100,2,100.0,0.0,100.0,0.0,100.0,0.0,100.0,0.0,100.0,0.0,76.0,24.0,100.0,0.0,100.0,0.0,77.0,47793.0,24,24,100,0,100,0,200,0,100.0,25010.0,100.0,48101418192.0,100.0,88249104500.0
2018-06-09,S300Z3WX,ST4000DM000,4000787030016,0,117,119203672,98,0,100,2,100,0,82,172417333,72,25376,100,0,100,2,100.0,0.0,100.0,0.0,100.0,0.0,100.0,0.0,100.0,0.0,77.0,23.0,100.0,0.0,100.0,0.0,77.0,47793.0,23,23,100,0,100,0,200,0,100.0,25034.0,100.0,48105874584.0,100.0,88415745030.0
2018-06-10,S300Z3WX,ST4000DM000,4000787030016,0,112,49331616,98,0,100,2,100,0,82,173118471,72,25401,100,0,100,2,100.0,0.0,100.0,0.0,100.0,0.0,100.0,0.0,100.0,0.0,76.0,24.0,100.0,0.0,100.0,0.0,77.0,47793.0,24,24,100,0,100,0,200,0,100.0,25059.0,100.0,48108766144.0,100.0,88534413737.0
2018-06-11,S300Z3WX,ST4000DM000,4000787030016,0,119,222963144,98,0,100,2,100,0,82,174484346,71,25425,100,0,100,2,100.0,0.0,100.0,0.0,100.0,0.0,100.0,0.0,100.0,0.0,77.0,23.0,100.0,0.0,100.0,0.0,77.0,47806.0,23,23,100,0,100,0,200,0,100.0,25083.0,100.0,48113092984.0,100.0,88643007419.0
2018-06-12,S300Z3WX,ST4000DM000,4000787030016,0,118,193346312,98,0,100,2,100,0,82,174987070,71,25448,100,0,100,2,100.0,0.0,100.0,0.0,100.0,0.0,100.0,0.0,100.0,0.0,77.0,23.0,100.0,0.0,100.0,0.0,77.0,47806.0,23,23,100,0,100,0,200,0,100.0,25106.0,100.0,48115332008.0,100.0,88738246657.0
2018-06-13,S300Z3WX,ST4000DM000,4000787030016,0,108,15003352,98,0,100,2,100,0,82,175571126,71,25472,100,0,100,2,100.0,0.0,100.0,0.0,100.0,0.0,100.0,0.0,100.0,0.0,76.0,24.0,100.0,0.0,100.0,0.0,77.0,47827.0,24,24,100,0,100,0,200,0,100.0,25130.0,100.0,48117764392.0,100.0,88867455716.0
2018-06-14,S300Z3WX,ST4000DM000,4000787030016,0,119,220414856,98,0,100,2,100,0,82,176039141,71,25497,100,0,100,2,100.0,0.0,100.0,0.0,100.0,0.0,100.0,0.0,100.0,0.0,75.0,25.0,100.0,0.0,100.0,0.0,77.0,47830.0,25,25,100,0,100,0,200,0,100.0,25154.0,100.0,48120718680.0,100.0,89033496450.0
2018-06-15,S300Z3WX,ST4000DM000,4000787030016,0,117.0,160209448.0,98.0,0.0,100.0,2.0,100.0,0.0,82.0,178254776.0,71.0,25520.0,100.0,0.0,100.0,2.0,100.0,0.0,100.0,0.0,100.0,0.0,100.0,0.0,100.0,0.0,75.0,25.0,100.0,0.0,100.0,0.0,77.0,47830.0,25.0,25.0,100.0,0.0,100.0,0.0,200.0,0.0,100.0,25178.0,100.0,48127421296.0,100.0,89188398859.0
2018-06-16,S300Z3WX,ST4000DM000,4000787030016,0,112.0,46800696.0,98.0,0.0,100.0,2.0,100.0,0.0,82.0,178993227.0,71.0,25545.0,100.0,0.0,100.0,2.0,100.0,0.0,100.0,0.0,100.0,0.0,100.0,0.0,100.0,0.0,75.0,25.0,100.0,0.0,100.0,0.0,77.0,47830.0,25.0,25.0,100.0,0.0,100.0,0.0,200.0,0.0,100.0,25203.0,100.0,48130720280.0,100.0,89342340202.0
2018-06-17,S300Z3WX,ST4000DM000,4000787030016,0,116.0,100932256.0,98.0,0.0,100.0,2.0,100.0,0.0,82.0,179468407.0,71.0,25568.0,100.0,0.0,100.0,2.0,100.0,0.0,100.0,0.0,100.0,0.0,100.0,0.0,100.0,0.0,77.0,23.0,100.0,0.0,100.0,0.0,77.0,47830.0,23.0,23.0,100.0,0.0,100.0,0.0,200.0,0.0,100.0,25226.0,100.0,48133608608.0,100.0,89506621225.0
2018-06-18,S300Z3WX,ST4000DM000,4000787030016,0,107.0,14282584.0,98.0,0.0,100.0,2.0,100.0,0.0,82.0,180666694.0,71.0,25593.0,100.0,0.0,100.0,2.0,100.0,0.0,100.0,0.0,100.0,0.0,100.0,0.0,100.0,0.0,77.0,23.0,100.0,0.0,100.0,0.0,77.0,47843.0,23.0,23.0,100.0,0.0,100.0,0.0,200.0,0.0,100.0,25251.0,100.0,48139134504.0,100.0,89650211910.0
2018-06-19,S300Z3WX,ST4000DM000,4000787030016,0,115,93738400,98,0,100,2,100,0,82,181030388,71,25616,100,0,100,2,100.0,0.0,100.0,0.0,100.0,0.0,100.0,0.0,100.0,0.0,77.0,23.0,100.0,0.0,100.0,0.0,77.0,47843.0,23,23,100,0,100,0,200,0,100.0,25274.0,100.0,48142063752.0,100.0,89829391278.0
2018-06-20,S300Z3WX,ST4000DM000,4000787030016,0,118,175296912,98,0,100,2,100,0,82,181529968,71,25641,100,0,100,2,100.0,0.0,100.0,0.0,100.0,0.0,100.0,0.0,100.0,0.0,77.0,23.0,100.0,0.0,100.0,0.0,77.0,47843.0,23,23,100,0,100,0,200,0,100.0,25299.0,100.0,48144076408.0,100.0,89987027647.0
2018-06-21,S300Z3WX,ST4000DM000,4000787030016,0,118,185813272,98,0,100,2,100,0,82,182271508,71,25664,100,0,100,2,100.0,0.0,100.0,0.0,100.0,0.0,100.0,0.0,100.0,0.0,77.0,23.0,100.0,0.0,100.0,0.0,77.0,47843.0,23,23,100,0,100,0,200,0,100.0,25322.0,100.0,48146375200.0,100.0,90128583680.0
2018-06-22,S300Z3WX,ST4000DM000,4000787030016,0,119,228302016,98,0,100,2,100,0,82,183787344,71,25688,100,0,100,2,100.0,0.0,100.0,0.0,100.0,0.0,100.0,0.0,100.0,0.0,77.0,23.0,100.0,0.0,100.0,0.0,77.0,47843.0,23,23,100,0,100,0,200,0,100.0,25346.0,100.0,48150758776.0,100.0,90322977602.0
2018-06-23,S300Z3WX,ST4000DM000,4000787030016,0,112,47516072,98,0,100,2,100,0,82,185097791,71,25713,100,0,100,2,100.0,0.0,100.0,0.0,100.0,0.0,100.0,0.0,100.0,0.0,77.0,23.0,100.0,0.0,100.0,0.0,77.0,47844.0,23,23,100,0,100,0,200,0,100.0,25370.0,100.0,48154984160.0,100.0,90534020162.0
2018-06-24,S300Z3WX,ST4000DM000,4000787030016,0,118,185262032,98,0,100,2,100,0,82,185974779,71,25736,100,0,100,2,100.0,0.0,100.0,0.0,100.0,0.0,100.0,0.0,100.0,0.0,77.0,23.0,100.0,0.0,100.0,0.0,77.0,47844.0,23,23,100,0,100,0,200,0,100.0,25394.0,100.0,48157455664.0,100.0,90696961958.0
2018-06-25,S300Z3WX,ST4000DM000,4000787030016,0,118,170987672,98,0,100,2,100,0,82,187497175,71,25760,100,0,100,2,100.0,0.0,100.0,0.0,100.0,0.0,100.0,0.0,100.0,0.0,77.0,23.0,100.0,0.0,100.0,0.0,77.0,47875.0,23,23,100,0,100,0,200,0,100.0,25418.0,100.0,48163230856.0,100.0,95103001868.0
2018-06-26,S300Z3WX,ST4000DM000,4000787030016,0,108,17758376,98,0,100,2,100,0,82,188083228,71,25784,100,0,100,2,100.0,0.0,100.0,0.0,100.0,0.0,100.0,0.0,100.0,0.0,77.0,23.0,100.0,0.0,100.0,0.0,77.0,47875.0,23,23,100,0,100,0,200,0,100.0,25442.0,100.0,48165048032.0,100.0,95158790837.0
2018-06-27,S300Z3WX,ST4000DM000,4000787030016,0,117,153090464,98,0,100,2,100,0,82,189796041,71,25808,100,0,100,2,100.0,0.0,100.0,0.0,100.0,0.0,100.0,0.0,100.0,0.0,77.0,23.0,100.0,0.0,100.0,0.0,77.0,47875.0,23,23,100,0,100,0,200,0,100.0,25466.0,100.0,48167566728.0,100.0,95346216531.0
2018-06-28,S300Z3WX,ST4000DM000,4000787030016,0,108,20411928,98,0,100,2,100,0,82,190960036,71,25833,100,0,100,2,100.0,0.0,100.0,0.0,100.0,0.0,100.0,0.0,100.0,0.0,77.0,23.0,100.0,0.0,100.0,0.0,77.0,47876.0,23,23,100,0,100,0,200,0,100.0,25491.0,100.0,48169892104.0,100.0,95518739938.0
2018-06-29,S300Z3WX,ST4000DM000,4000787030016,0,119,229680456,98,0,100,2,100,0,82,193291180,71,25856,100,0,100,2,100.0,0.0,100.0,0.0,100.0,0.0,100.0,0.0,100.0,0.0,77.0,23.0,100.0,0.0,100.0,0.0,77.0,47876.0,23,23,100,0,100,0,200,0,100.0,25514.0,100.0,48176702648.0,100.0,95681286386.0
2018-06-30,S300Z3WX,ST4000DM000,4000787030016,0,119,232206448,98,0,100,2,100,0,82,194610468,71,25882,100,0,100,2,100.0,0.0,100.0,0.0,100.0,0.0,100.0,0.0,100.0,0.0,76.0,24.0,100.0,0.0,100.0,0.0,77.0,47879.0,24,24,100,0,100,0,200,0,100.0,25540.0,100.0,48181149632.0,100.0,95849216928.0
2018-07-01,S300Z3WX,ST4000DM000,4000787030016,0,118,181292152,98,0,100,2,100,0,82,195567463,71,25905,100,0,100,2,100.0,0.0,100.0,0.0,100.0,0.0,100.0,0.0,100.0,0.0,77.0,23.0,100.0,0.0,100.0,0.0,77.0,47879.0,23,23,100,0,100,0,200,0,100.0,25563.0,100.0,48184064160.0,100.0,96011938970.0
2018-07-02,S300Z3WX,ST4000DM000,4000787030016,0,117,120867128,98,0,100,2,100,0,82,197130096,71,25929,100,0,100,2,100.0,0.0,100.0,0.0,100.0,0.0,100.0,0.0,100.0,0.0,77.0,23.0,100.0,0.0,100.0,0.0,77.0,47894.0,23,23,100,0,100,0,200,0,100.0,25587.0,100.0,48189221344.0,100.0,96139914647.0
2018-07-03,S300Z3WX,ST4000DM000,4000787030016,0,105,8215032,98,0,100,2,100,0,82,198265798,71,25953,100,0,100,2,100.0,0.0,100.0,0.0,100.0,0.0,100.0,0.0,100.0,0.0,77.0,23.0,100.0,0.0,100.0,0.0,77.0,47894.0,23,23,100,0,100,0,200,0,100.0,25611.0,100.0,48192752776.0,100.0,96289996228.0
2018-07-04,S300Z3WX,ST4000DM000,4000787030016,0,111,36191456,98,0,100,2,100,0,82,199332773,71,25978,100,0,100,2,100.0,0.0,100.0,0.0,100.0,0.0,100.0,0.0,100.0,0.0,77.0,23.0,100.0,0.0,100.0,0.0,77.0,47894.0,23,23,100,0,100,0,200,0,100.0,25636.0,100.0,48194818712.0,100.0,96458580940.0
2018-07-05,S300Z3WX,ST4000DM000,4000787030016,0,111,39767800,98,0,100,2,100,0,82,200189401,71,26001,100,0,100,2,100.0,0.0,100.0,0.0,100.0,0.0,100.0,0.0,100.0,0.0,77.0,23.0,100.0,0.0,100.0,0.0,77.0,47894.0,23,23,100,0,100,0,200,0,100.0,25659.0,100.0,48197246816.0,100.0,96619667337.0
2018-07-06,S300Z3WX,ST4000DM000,4000787030016,0,117,139953824,98,0,100,2,100,0,83,201983610,71,26026,100,0,100,2,100.0,0.0,100.0,0.0,100.0,0.0,100.0,0.0,100.0,0.0,77.0,23.0,100.0,0.0,100.0,0.0,77.0,47894.0,23,23,100,0,100,0,200,0,100.0,25683.0,100.0,48202580104.0,100.0,96799158223.0
2018-07-07,S300Z3WX,ST4000DM000,4000787030016,0,119,214965232,98,0,100,2,100,0,83,203755276,71,26050,100,0,100,2,100.0,0.0,100.0,0.0,100.0,0.0,100.0,0.0,100.0,0.0,77.0,23.0,100.0,0.0,100.0,0.0,77.0,47894.0,23,23,100,0,100,0,200,0,100.0,25707.0,100.0,48204494448.0,100.0,96986734490.0
2018-07-08,S300Z3WX,ST4000DM000,4000787030016,0,114,66154120,98,0,100,2,100,0,83,204818036,71,26073,100,0,100,2,100.0,0.0,100.0,0.0,100.0,0.0,100.0,0.0,100.0,0.0,77.0,23.0,100.0,0.0,100.0,0.0,77.0,47895.0,23,23,100,0,100,0,200,0,100.0,25731.0,100.0,48207181032.0,100.0,97154705222.0
2018-07-09,S300Z3WX,ST4000DM000,4000787030016,0,116,109778088,98,0,100,2,100,0,83,206196733,71,26097,100,0,100,2,100.0,0.0,100.0,0.0,100.0,0.0,100.0,0.0,100.0,0.0,77.0,23.0,100.0,0.0,100.0,0.0,77.0,47910.0,23,23,100,0,100,0,200,0,100.0,25755.0,100.0,48211815336.0,100.0,97269374818.0
2018-07-10,S300Z3WX,ST4000DM000,4000787030016,0,105.0,7626456.0,98.0,0.0,100.0,2.0,100.0,0.0,83.0,207094892.0,71.0,26122.0,100.0,0.0,100.0,2.0,100.0,0.0,100.0,0.0,100.0,0.0,100.0,0.0,100.0,0.0,77.0,23.0,100.0,0.0,100.0,0.0,77.0,47910.0,23.0,23.0,100.0,0.0,100.0,0.0,200.0,0.0,100.0,25779.0,100.0,48213851016.0,100.0,97444131949.0
2018-07-11,S300Z3WX,ST4000DM000,4000787030016,0,119,222428200,98,0,100,2,100,0,83,207872160,71,26145,100,0,100,2,100.0,0.0,100.0,0.0,100.0,0.0,100.0,0.0,100.0,0.0,77.0,23.0,100.0,0.0,100.0,0.0,77.0,47910.0,23,23,100,0,100,0,200,0,100.0,25803.0,100.0,48215473840.0,100.0,97594724595.0
2018-07-12,S300Z3WX,ST4000DM000,4000787030016,0,111,32962408,98,0,100,2,100,0,83,208655975,71,26165,100,0,100,2,100.0,0.0,100.0,0.0,100.0,0.0,100.0,0.0,100.0,0.0,77.0,23.0,100.0,0.0,100.0,0.0,77.0,47911.0,23,23,100,0,100,0,200,0,100.0,25822.0,100.0,48217177312.0,100.0,97728986431.0
2018-07-13,S300Z3WX,ST4000DM000,4000787030016,0,102,4790208,98,0,100,2,100,0,83,210004631,71,26189,100,0,100,2,100.0,0.0,100.0,0.0,100.0,0.0,100.0,0.0,100.0,0.0,76.0,24.0,100.0,0.0,100.0,0.0,77.0,47916.0,24,24,100,0,100,0,200,0,100.0,25846.0,100.0,48220069752.0,100.0,97946081521.0
2018-07-14,S300Z3WX,ST4000DM000,4000787030016,0,110,25409360,98,0,100,2,100,0,83,211842030,71,26212,100,0,100,2,100.0,0.0,100.0,0.0,100.0,0.0,100.0,0.0,100.0,0.0,77.0,23.0,100.0,0.0,100.0,0.0,77.0,47916.0,23,23,100,0,100,0,200,0,100.0,25870.0,100.0,48226690608.0,100.0,98120468531.0
2018-07-15,S300Z3WX,ST4000DM000,4000787030016,0,117,163529152,98,0,100,2,100,0,83,212976924,71,26236,100,0,100,2,100.0,0.0,100.0,0.0,100.0,0.0,100.0,0.0,100.0,0.0,77.0,23.0,100.0,0.0,100.0,0.0,77.0,47917.0,23,23,100,0,100,0,200,0,100.0,25894.0,100.0,48228751248.0,100.0,98286405648.0
2018-07-16,S300Z3WX,ST4000DM000,4000787030016,0,117,161690576,98,0,100,2,100,0,83,214734865,71,26260,100,0,100,2,100.0,0.0,100.0,0.0,100.0,0.0,100.0,0.0,100.0,0.0,76.0,24.0,100.0,0.0,100.0,0.0,77.0,47929.0,24,24,100,0,100,0,200,0,100.0,25918.0,100.0,48233809296.0,100.0,98418682130.0
2018-07-17,S300Z3WX,ST4000DM000,4000787030016,0,118,191361904,98,0,100,2,100,0,83,216176061,70,26285,100,0,100,2,100.0,0.0,100.0,0.0,100.0,0.0,100.0,0.0,100.0,0.0,77.0,23.0,100.0,0.0,100.0,0.0,77.0,47929.0,23,23,100,0,100,0,200,0,100.0,25942.0,100.0,48236384904.0,100.0,98585163084.0
2018-07-18,S300Z3WX,ST4000DM000,4000787030016,0,119,231812688,98,0,100,2,100,0,83,217670490,70,26309,100,0,100,2,100.0,0.0,100.0,0.0,100.0,0.0,100.0,0.0,100.0,0.0,76.0,24.0,100.0,0.0,100.0,0.0,77.0,47929.0,24,24,100,0,100,0,200,0,100.0,25966.0,100.0,48240212216.0,100.0,98706939889.0
2018-07-19,S300Z3WX,ST4000DM000,4000787030016,0,119,225433240,98,0,100,2,100,0,83,219390661,70,26333,100,0,100,2,100.0,0.0,100.0,0.0,100.0,0.0,100.0,0.0,100.0,0.0,77.0,23.0,100.0,0.0,100.0,0.0,77.0,47929.0,23,23,100,0,100,0,200,0,100.0,25990.0,100.0,48245736168.0,100.0,98872695070.0
2018-07-20,S300Z3WX,ST4000DM000,4000787030016,0,117,147427272,98,0,100,2,100,0,83,220546067,70,26356,100,0,100,2,100.0,0.0,100.0,0.0,100.0,0.0,100.0,0.0,100.0,0.0,77.0,23.0,100.0,0.0,100.0,0.0,77.0,47929.0,23,23,100,0,100,0,200,0,100.0,26014.0,100.0,48248897312.0,100.0,99039012267.0
2018-07-21,S300Z3WX,ST4000DM000,4000787030016,0,117,149827360,98,0,100,2,100,0,83,221933988,70,26381,100,0,100,2,100.0,0.0,100.0,0.0,100.0,0.0,100.0,0.0,100.0,0.0,77.0,23.0,100.0,0.0,100.0,0.0,77.0,47930.0,23,23,100,0,100,0,200,0,100.0,26038.0,100.0,48253211880.0,100.0,99180473575.0
2018-07-22,S300Z3WX,ST4000DM000,4000787030016,0,117,123478136,98,0,100,2,100,0,83,222511882,70,26405,100,0,100,2,100.0,0.0,100.0,0.0,100.0,0.0,100.0,0.0,100.0,0.0,77.0,23.0,100.0,0.0,100.0,0.0,77.0,47930.0,23,23,100,0,100,0,200,0,100.0,26062.0,100.0,48254494312.0,100.0,99287381924.0
2018-07-23,S300Z3WX,ST4000DM000,4000787030016,0,118,172541528,98,0,100,2,100,0,83,223737763,70,26428,100,0,100,2,100.0,0.0,100.0,0.0,100.0,0.0,100.0,0.0,100.0,0.0,77.0,23.0,100.0,0.0,100.0,0.0,77.0,47942.0,23,23,100,0,100,0,200,0,100.0,26086.0,100.0,48259074328.0,100.0,99378375156.0
2018-07-24,S300Z3WX,ST4000DM000,4000787030016,0,117,161885640,98,0,100,2,100,0,83,224300850,70,26453,100,0,100,2,100.0,0.0,100.0,0.0,100.0,0.0,100.0,0.0,100.0,0.0,77.0,23.0,100.0,0.0,100.0,0.0,77.0,47962.0,23,23,100,0,100,0,200,0,100.0,26110.0,100.0,48261438528.0,100.0,99514862396.0
2018-07-25,S300Z3WX,ST4000DM000,4000787030016,0,112.0,47784904.0,98.0,0.0,100.0,2.0,100.0,0.0,83.0,224741617.0,70.0,26477.0,100.0,0.0,100.0,2.0,100.0,0.0,100.0,0.0,100.0,0.0,100.0,0.0,100.0,0.0,77.0,23.0,100.0,0.0,100.0,0.0,77.0,47962.0,23.0,23.0,100.0,0.0,100.0,0.0,200.0,0.0,100.0,26134.0,100.0,48263568896.0,100.0,99671484782.0
2018-07-26,S300Z3WX,ST4000DM000,4000787030016,0,115,90194080,98,0,100,2,100,0,83,225091211,70,26501,100,0,100,2,100.0,0.0,100.0,0.0,100.0,0.0,100.0,0.0,100.0,0.0,77.0,23.0,100.0,0.0,100.0,0.0,77.0,47962.0,23,23,100,0,100,0,200,0,100.0,26158.0,100.0,48265410424.0,100.0,99802833911.0
2018-07-27,S300Z3WX,ST4000DM000,4000787030016,0,117,146319528,98,0,100,2,100,0,83,226122579,70,26528,100,0,100,2,100.0,0.0,100.0,0.0,100.0,0.0,100.0,0.0,100.0,0.0,77.0,23.0,100.0,0.0,100.0,0.0,77.0,47970.0,23,23,100,0,100,0,200,0,100.0,26185.0,100.0,48269202504.0,100.0,99963087358.0
2018-07-28,S300Z3WX,ST4000DM000,4000787030016,0,117,150634272,98,0,100,2,100,0,83,226819560,70,26552,100,0,100,2,100.0,0.0,100.0,0.0,100.0,0.0,100.0,0.0,100.0,0.0,77.0,23.0,100.0,0.0,100.0,0.0,77.0,47970.0,23,23,100,0,100,0,200,0,100.0,26209.0,100.0,48272787384.0,100.0,100140570172.0
2018-07-29,S300Z3WX,ST4000DM000,4000787030016,0,114,83173168,98,0,100,2,100,0,83,227194722,70,26576,100,0,100,2,100.0,0.0,100.0,0.0,100.0,0.0,100.0,0.0,100.0,0.0,77.0,23.0,100.0,0.0,100.0,0.0,77.0,47972.0,23,23,100,0,100,0,200,0,100.0,26233.0,100.0,48274953760.0,100.0,100329991226.0
2018-07-30,S300Z3WX,ST4000DM000,4000787030016,0,108,17661432,98,0,100,2,100,0,83,228231369,70,26600,100,0,100,2,100.0,0.0,100.0,0.0,100.0,0.0,100.0,0.0,100.0,0.0,77.0,23.0,100.0,0.0,100.0,0.0,77.0,47994.0,23,23,100,0,100,0,200,0,100.0,26257.0,100.0,48279361448.0,100.0,100455940248.0
2018-07-31,S300Z3WX,ST4000DM000,4000787030016,0,116,108204024,98,0,100,2,100,0,83,230135591,70,26624,100,0,100,2,100.0,0.0,100.0,0.0,100.0,0.0,100.0,0.0,100.0,0.0,77.0,23.0,100.0,0.0,100.0,0.0,77.0,47995.0,23,23,100,0,100,0,200,0,100.0,26280.0,100.0,48285554248.0,100.0,100624925453.0
2018-08-01,S300Z3WX,ST4000DM000,4000787030016,0,117,141822728,98,0,100,2,100,0,83,230925326,70,26648,100,0,100,2,100.0,0.0,100.0,0.0,100.0,0.0,100.0,0.0,100.0,0.0,77.0,23.0,100.0,0.0,100.0,0.0,77.0,47996.0,23,23,100,0,100,0,200,0,100.0,26305.0,100.0,48287269656.0,100.0,100782213869.0
2018-08-02,S300Z3WX,ST4000DM000,4000787030016,0,116,114164544,98,0,100,2,100,0,83,231834706,70,26672,100,0,100,2,100.0,0.0,100.0,0.0,100.0,0.0,100.0,0.0,100.0,0.0,77.0,23.0,100.0,0.0,100.0,0.0,77.0,47996.0,23,23,100,0,100,0,200,0,100.0,26329.0,100.0,48288898376.0,100.0,100976867105.0
2018-08-03,S300Z3WX,ST4000DM000,4000787030016,0,115,86808848,98,0,100,2,100,0,83,233491785,70,26696,100,0,100,2,100.0,0.0,100.0,0.0,100.0,0.0,100.0,0.0,100.0,0.0,77.0,23.0,100.0,0.0,100.0,0.0,77.0,47998.0,23,23,100,0,100,0,200,0,100.0,26353.0,100.0,48292300752.0,100.0,101185558260.0
2018-08-04,S300Z3WX,ST4000DM000,4000787030016,0,120,237262344,98,0,100,2,100,0,83,234489367,70,26720,100,0,100,2,100.0,0.0,100.0,0.0,100.0,0.0,100.0,0.0,100.0,0.0,77.0,23.0,100.0,0.0,100.0,0.0,77.0,47998.0,23,23,100,0,100,0,200,0,100.0,26377.0,100.0,48295569104.0,100.0,101332663170.0
2018-08-05,S300Z3WX,ST4000DM000,4000787030016,0,117,128910504,98,0,100,2,100,0,84,234948839,70,26744,100,0,100,2,100.0,0.0,100.0,0.0,100.0,0.0,100.0,0.0,100.0,0.0,76.0,24.0,100.0,0.0,100.0,0.0,77.0,47998.0,24,24,100,0,100,0,200,0,100.0,26401.0,100.0,48297192448.0,100.0,101378347410.0
2018-08-06,S300Z3WX,ST4000DM000,4000787030016,0,117,155104912,98,0,100,2,100,0,84,237105937,70,26768,100,0,100,2,100.0,0.0,100.0,0.0,100.0,0.0,100.0,0.0,100.0,0.0,77.0,23.0,100.0,0.0,100.0,0.0,76.0,48030.0,23,23,100,0,100,0,200,0,100.0,26424.0,100.0,48301519248.0,100.0,101534761838.0
2018-08-07,S300Z3WX,ST4000DM000,4000787030016,0,103,5264312,98,0,100,2,100,0,84,238477310,70,26792,100,0,100,2,100.0,0.0,100.0,0.0,100.0,0.0,100.0,0.0,100.0,0.0,77.0,23.0,100.0,0.0,100.0,0.0,76.0,48030.0,23,23,100,0,100,0,200,0,100.0,26448.0,100.0,48303021440.0,100.0,101707547112.0
2018-08-08,S300Z3WX,ST4000DM000,4000787030016,0,120,236580800,98,0,100,2,100,0,84,239190173,70,26816,100,0,100,2,100.0,0.0,100.0,0.0,100.0,0.0,100.0,0.0,100.0,0.0,77.0,23.0,100.0,0.0,100.0,0.0,76.0,48030.0,23,23,100,0,100,0,200,0,100.0,26473.0,100.0,48304891064.0,100.0,101841212530.0
2018-08-09,S300Z3WX,ST4000DM000,4000787030016,0,111,39094856,98,0,100,2,100,0,84,239930553,70,26841,100,0,100,2,100.0,0.0,100.0,0.0,100.0,0.0,100.0,0.0,100.0,0.0,77.0,23.0,100.0,0.0,100.0,0.0,76.0,48034.0,23,23,100,0,100,0,200,0,100.0,26498.0,100.0,48306814792.0,100.0,102001021462.0
2018-08-10,S300Z3WX,ST4000DM000,4000787030016,0,114,61990528,98,0,100,2,100,0,84,241588017,70,26865,100,0,100,2,100.0,0.0,100.0,0.0,100.0,0.0,100.0,0.0,100.0,0.0,77.0,23.0,100.0,0.0,100.0,0.0,76.0,48034.0,23,23,100,0,100,0,200,0,100.0,26522.0,100.0,48311760808.0,100.0,102170942512.0
2018-08-11,S300Z3WX,ST4000DM000,4000787030016,0,117,157042704,98,0,100,2,100,0,84,243646311,70,26890,100,0,100,2,100.0,0.0,100.0,0.0,100.0,0.0,100.0,0.0,100.0,0.0,77.0,23.0,100.0,0.0,100.0,0.0,76.0,48035.0,23,23,100,0,100,0,200,0,100.0,26547.0,100.0,48313726680.0,100.0,102342277047.0
2018-08-12,S300Z3WX,ST4000DM000,4000787030016,0,116,104654040,98,0,100,2,100,0,84,244692092,70,26914,100,0,100,2,100.0,0.0,100.0,0.0,100.0,0.0,100.0,0.0,100.0,0.0,77.0,23.0,100.0,0.0,100.0,0.0,76.0,48035.0,23,23,100,0,100,0,200,0,100.0,26570.0,100.0,48315550088.0,100.0,102491032207.0
2018-08-13,S300Z3WX,ST4000DM000,4000787030016,0,117,162292544,98,0,100,2,100,0,84,246411008,70,26938,100,0,100,2,100.0,0.0,100.0,0.0,100.0,0.0,100.0,0.0,100.0,0.0,77.0,23.0,100.0,0.0,100.0,0.0,76.0,48035.0,23,23,100,0,100,0,200,0,100.0,26594.0,100.0,48319962200.0,100.0,102625839190.0
2018-08-14,S300Z3WX,ST4000DM000,4000787030016,0,117.0,129674312.0,98.0,0.0,100.0,2.0,100.0,0.0,84.0,247249715.0,70.0,26962.0,100.0,0.0,100.0,2.0,100.0,0.0,100.0,0.0,100.0,0.0,100.0,0.0,100.0,0.0,77.0,23.0,100.0,0.0,100.0,0.0,76.0,48035.0,23.0,23.0,100.0,0.0,100.0,0.0,200.0,0.0,100.0,26618.0,100.0,48321542992.0,100.0,102790901629.0
2018-08-15,S300Z3WX,ST4000DM000,4000787030016,0,114.0,76592400.0,98.0,0.0,100.0,2.0,100.0,0.0,84.0,248065726.0,70.0,26985.0,100.0,0.0,100.0,2.0,100.0,0.0,100.0,0.0,100.0,0.0,100.0,0.0,100.0,0.0,77.0,23.0,100.0,0.0,100.0,0.0,76.0,48040.0,23.0,23.0,100.0,0.0,100.0,0.0,200.0,0.0,100.0,26642.0,100.0,48323169344.0,100.0,102943518145.0
2018-08-16,S300Z3WX,ST4000DM000,4000787030016,0,117,139089728,98,0,100,2,100,0,84,248959939,70,27009,100,0,100,2,100.0,0.0,100.0,0.0,100.0,0.0,100.0,0.0,100.0,0.0,77.0,23.0,100.0,0.0,100.0,0.0,76.0,48040.0,23,23,100,0,100,0,200,0,100.0,26666.0,100.0,48325050712.0,100.0,103105608276.0
2018-08-17,S300Z3WX,ST4000DM000,4000787030016,0,115,95944064,98,0,100,2,100,0,84,250431258,70,27033,100,0,100,2,100.0,0.0,100.0,0.0,100.0,0.0,100.0,0.0,100.0,0.0,77.0,23.0,100.0,0.0,100.0,0.0,76.0,48040.0,23,23,100,0,100,0,200,0,100.0,26690.0,100.0,48327826952.0,100.0,103296291431.0
2018-08-18,S300Z3WX,ST4000DM000,4000787030016,0,120,238584816,98,0,100,2,100,0,84,251588936,70,27057,100,0,100,2,100.0,0.0,100.0,0.0,100.0,0.0,100.0,0.0,100.0,0.0,77.0,23.0,100.0,0.0,100.0,0.0,76.0,48040.0,23,23,100,0,100,0,200,0,100.0,26714.0,100.0,48331536416.0,100.0,103426084624.0
2018-08-19,S300Z3WX,ST4000DM000,4000787030016,0,113,54968848,98,0,100,2,100,0,84,252452278,70,27081,100,0,100,2,100.0,0.0,100.0,0.0,100.0,0.0,100.0,0.0,100.0,0.0,77.0,23.0,100.0,0.0,100.0,0.0,76.0,48041.0,23,23,100,0,100,0,200,0,100.0,26738.0,100.0,48333059368.0,100.0,103595394410.0
2018-08-20,S300Z3WX,ST4000DM000,4000787030016,0,116,112645432,98,0,100,2,100,0,84,253881898,70,27105,100,0,100,2,100.0,0.0,100.0,0.0,100.0,0.0,100.0,0.0,100.0,0.0,77.0,23.0,100.0,0.0,100.0,0.0,76.0,48066.0,23,23,100,0,100,0,200,0,100.0,26762.0,100.0,48337399432.0,100.0,103714124705.0
2018-08-21,S300Z3WX,ST4000DM000,4000787030016,0,118,172220672,98,0,100,2,100,0,84,254645037,70,27129,100,0,100,2,100.0,0.0,100.0,0.0,100.0,0.0,100.0,0.0,100.0,0.0,77.0,23.0,100.0,0.0,100.0,0.0,76.0,48066.0,23,23,100,0,100,0,200,0,100.0,26786.0,100.0,48338850424.0,100.0,103862638345.0
2018-08-22,S300Z3WX,ST4000DM000,4000787030016,0,113,58497720,98,0,100,2,100,0,84,256878426,70,27153,100,0,100,2,100.0,0.0,100.0,0.0,100.0,0.0,100.0,0.0,100.0,0.0,77.0,23.0,100.0,0.0,100.0,0.0,76.0,48066.0,23,23,100,0,100,0,200,0,100.0,26810.0,100.0,48343787120.0,100.0,104084626313.0
2018-08-23,S300Z3WX,ST4000DM000,4000787030016,0,120,241459616,98,0,100,2,100,0,84,258050058,69,27177,100,0,100,2,100.0,0.0,100.0,0.0,100.0,0.0,100.0,0.0,100.0,0.0,77.0,23.0,100.0,0.0,100.0,0.0,76.0,48067.0,23,23,100,0,100,0,200,0,100.0,26834.0,100.0,48346929056.0,100.0,104233202967.0
2018-08-24,S300Z3WX,ST4000DM000,4000787030016,0,120,240371424,98,0,100,2,100,0,84,259962781,69,27202,100,0,100,2,100.0,0.0,100.0,0.0,100.0,0.0,100.0,0.0,100.0,0.0,77.0,23.0,100.0,0.0,100.0,0.0,76.0,48067.0,23,23,100,0,100,0,200,0,100.0,26858.0,100.0,48351647152.0,100.0,104419884370.0
2018-08-25,S300Z3WX,ST4000DM000,4000787030016,0,120,237705584,98,0,100,2,100,0,84,261086461,69,27226,100,0,100,2,100.0,0.0,100.0,0.0,100.0,0.0,100.0,0.0,100.0,0.0,77.0,23.0,100.0,0.0,100.0,0.0,76.0,48067.0,23,23,100,0,100,0,200,0,100.0,26882.0,100.0,48353480392.0,100.0,104571276953.0
2018-08-26,S300Z3WX,ST4000DM000,4000787030016,0,117,139727744,98,0,100,2,100,0,84,262432418,69,27249,100,0,100,2,100.0,0.0,100.0,0.0,100.0,0.0,100.0,0.0,100.0,0.0,77.0,23.0,100.0,0.0,100.0,0.0,76.0,48067.0,23,23,100,0,100,0,200,0,100.0,26906.0,100.0,48355310192.0,100.0,104723007738.0
2018-08-27,S300Z3WX,ST4000DM000,4000787030016,0,119,226758552,98,0,100,2,100,0,84,264116105,69,27274,100,0,100,2,100.0,0.0,100.0,0.0,100.0,0.0,100.0,0.0,100.0,0.0,77.0,23.0,100.0,0.0,100.0,0.0,76.0,48088.0,23,23,100,0,100,0,200,0,100.0,26930.0,100.0,48359524664.0,100.0,104858095894.0
2018-08-28,S300Z3WX,ST4000DM000,4000787030016,0,111,29595624,98,0,100,2,100,0,84,265057883,69,27297,100,0,100,2,100.0,0.0,100.0,0.0,100.0,0.0,100.0,0.0,100.0,0.0,77.0,23.0,100.0,0.0,100.0,0.0,76.0,48088.0,23,23,100,0,100,0,200,0,100.0,26954.0,100.0,48361076768.0,100.0,104979323716.0
2018-08-29,S300Z3WX,ST4000DM000,4000787030016,0,105,7725120,98,0,100,2,100,0,84,265884101,69,27320,100,0,100,2,100.0,0.0,100.0,0.0,100.0,0.0,100.0,0.0,100.0,0.0,77.0,23.0,100.0,0.0,100.0,0.0,76.0,48091.0,23,23,100,0,100,0,200,0,100.0,26977.0,100.0,48362578496.0,100.0,105125614495.0
2018-08-30,S300Z3WX,ST4000DM000,4000787030016,0,119,207170144,98,0,100,2,100,0,84,266648078,69,27344,100,0,100,2,100.0,0.0,100.0,0.0,100.0,0.0,100.0,0.0,100.0,0.0,77.0,23.0,100.0,0.0,100.0,0.0,76.0,48091.0,23,23,100,0,100,0,200,0,100.0,27000.0,100.0,48363994288.0,100.0,105266018851.0
2018-08-31,S300Z3WX,ST4000DM000,4000787030016,0,107,13990232,98,0,100,2,100,0,84,267954271,69,27368,100,0,100,2,100.0,0.0,100.0,0.0,100.0,0.0,100.0,0.0,100.0,0.0,77.0,23.0,100.0,0.0,100.0,0.0,76.0,48091.0,23,23,100,0,100,0,200,0,100.0,27024.0,100.0,48366940824.0,100.0,105408732511.0
2018-09-01,S300Z3WX,ST4000DM000,4000787030016,0,108,14763512,98,0,100,2,100,0,84,268738155,69,27392,100,0,100,2,100.0,0.0,100.0,0.0,100.0,0.0,100.0,0.0,100.0,0.0,77.0,23.0,100.0,0.0,100.0,0.0,76.0,48091.0,23,23,100,0,100,0,200,0,100.0,27048.0,100.0,48369799784.0,100.0,105510879610.0
2018-09-02,S300Z3WX,ST4000DM000,4000787030016,0,114,80191184,98,0,100,2,100,0,84,269153946,69,27416,100,0,100,2,100.0,0.0,100.0,0.0,100.0,0.0,100.0,0.0,100.0,0.0,77.0,23.0,100.0,0.0,100.0,0.0,76.0,48091.0,23,23,100,0,100,0,200,0,100.0,27072.0,100.0,48371093432.0,100.0,105599661938.0
2018-09-03,S300Z3WX,ST4000DM000,4000787030016,0,114,63647992,98,0,100,2,100,0,84,270376816,69,27440,100,0,100,2,100.0,0.0,100.0,0.0,100.0,0.0,100.0,0.0,100.0,0.0,77.0,23.0,100.0,0.0,100.0,0.0,76.0,48117.0,23,23,100,0,100,0,200,0,100.0,27097.0,100.0,48375681088.0,100.0,105731918593.0
2018-09-04,S300Z3WX,ST4000DM000,4000787030016,0,108,16332440,98,0,100,2,100,0,84,270837008,69,27464,100,0,100,2,100.0,0.0,100.0,0.0,100.0,0.0,100.0,0.0,100.0,0.0,77.0,23.0,100.0,0.0,100.0,0.0,76.0,48117.0,23,23,100,0,100,0,200,0,100.0,27121.0,100.0,48377860536.0,100.0,105886762291.0
2018-09-05,S300Z3WX,ST4000DM000,4000787030016,0,115,98176056,98,0,100,2,100,0,84,271190281,69,27488,100,0,100,2,100.0,0.0,100.0,0.0,100.0,0.0,100.0,0.0,100.0,0.0,77.0,23.0,100.0,0.0,100.0,0.0,76.0,48118.0,23,23,100,0,100,0,200,0,100.0,27144.0,100.0,48379785672.0,100.0,106007384484.0
2018-09-06,S300Z3WX,ST4000DM000,4000787030016,0,118,184411944,98,0,100,2,100,0,84,273001442,69,27513,100,0,100,2,100.0,0.0,100.0,0.0,100.0,0.0,100.0,0.0,100.0,0.0,77.0,23.0,100.0,0.0,100.0,0.0,76.0,48122.0,23,23,100,0,100,0,200,0,100.0,27170.0,100.0,48386495248.0,100.0,106177323279.0
2018-09-07,S300Z3WX,ST4000DM000,4000787030016,0,117,159193536,98,0,100,2,100,0,84,274267646,69,27537,100,0,100,2,100.0,0.0,100.0,0.0,100.0,0.0,100.0,0.0,100.0,0.0,77.0,23.0,100.0,0.0,100.0,0.0,76.0,48122.0,23,23,100,0,100,0,200,0,100.0,27194.0,100.0,48391369960.0,100.0,106367592772.0
2018-09-08,S300Z3WX,ST4000DM000,4000787030016,0,118,189995184,98,0,100,2,100,0,84,274691740,69,27561,100,0,100,2,100.0,0.0,100.0,0.0,100.0,0.0,100.0,0.0,100.0,0.0,77.0,23.0,100.0,0.0,100.0,0.0,76.0,48122.0,23,23,100,0,100,0,200,0,100.0,27217.0,100.0,48393856336.0,100.0,106545691651.0
2018-09-09,S300Z3WX,ST4000DM000,4000787030016,0,114,62084920,98,0,100,2,100,0,84,275075391,69,27585,100,0,100,2,100.0,0.0,100.0,0.0,100.0,0.0,100.0,0.0,100.0,0.0,77.0,23.0,100.0,0.0,100.0,0.0,76.0,48123.0,23,23,100,0,100,0,200,0,100.0,27241.0,100.0,48395819872.0,100.0,106708138981.0
2018-09-10,S300Z3WX,ST4000DM000,4000787030016,0,117,136953904,98,0,100,2,100,0,84,276475041,69,27609,100,0,100,2,100.0,0.0,100.0,0.0,100.0,0.0,100.0,0.0,100.0,0.0,77.0,23.0,100.0,0.0,100.0,0.0,76.0,48148.0,23,23,100,0,100,0,200,0,100.0,27266.0,100.0,48400518064.0,100.0,106832116588.0
2018-09-11,S300Z3WX,ST4000DM000,4000787030016,0,117,143302720,98,0,100,2,100,0,84,277223971,69,27633,100,0,100,2,100.0,0.0,100.0,0.0,100.0,0.0,100.0,0.0,100.0,0.0,77.0,23.0,100.0,0.0,100.0,0.0,76.0,48148.0,23,23,100,0,100,0,200,0,100.0,27289.0,100.0,48402185352.0,100.0,106981164288.0
2018-09-12,S300Z3WX,ST4000DM000,4000787030016,0,111,34711632,98,0,100,2,100,0,84,278151397,69,27657,100,0,100,2,100.0,0.0,100.0,0.0,100.0,0.0,100.0,0.0,100.0,0.0,77.0,23.0,100.0,0.0,100.0,0.0,76.0,48149.0,23,23,100,0,100,0,200,0,100.0,27313.0,100.0,48403977232.0,100.0,107174330493.0
2018-09-13,S300Z3WX,ST4000DM000,4000787030016,0,116,113878896,98,0,100,2,100,0,84,279023194,69,27677,100,0,100,2,100.0,0.0,100.0,0.0,100.0,0.0,100.0,0.0,100.0,0.0,78.0,22.0,100.0,0.0,100.0,0.0,76.0,48152.0,22,22,100,0,100,0,200,0,100.0,27333.0,100.0,48405510656.0,100.0,107335017353.0
2018-09-14,S300Z3WX,ST4000DM000,4000787030016,0,118,189614344,98,0,100,2,100,0,84,280145956,69,27701,100,0,100,2,100.0,0.0,100.0,0.0,100.0,0.0,100.0,0.0,100.0,0.0,73.0,27.0,100.0,0.0,100.0,0.0,76.0,48153.0,27,27,100,0,100,0,200,0,100.0,27358.0,100.0,48408241472.0,100.0,107508641258.0
2018-09-15,S300Z3WX,ST4000DM000,4000787030016,0,120,237659768,98,0,100,2,100,0,84,281240300,69,27725,100,0,100,2,100.0,0.0,100.0,0.0,100.0,0.0,100.0,0.0,100.0,0.0,73.0,27.0,100.0,0.0,100.0,0.0,76.0,48153.0,27,27,100,0,100,0,200,0,100.0,27382.0,100.0,48412666208.0,100.0,107578512942.0
2018-09-16,S300Z3WX,ST4000DM000,4000787030016,0,119,211750576,98,0,100,2,100,0,84,282822410,69,27749,100,0,100,2,100.0,0.0,100.0,0.0,100.0,0.0,100.0,0.0,100.0,0.0,73.0,27.0,100.0,0.0,100.0,0.0,76.0,48153.0,27,27,100,0,100,0,200,0,100.0,27405.0,100.0,48418298000.0,100.0,107732100985.0
2018-09-17,S300Z3WX,ST4000DM000,4000787030016,0,117,157751152,98,0,100,2,100,0,84,284836368,69,27774,100,0,100,2,100.0,0.0,100.0,0.0,100.0,0.0,100.0,0.0,100.0,0.0,73.0,27.0,100.0,0.0,100.0,0.0,76.0,48166.0,27,27,100,0,100,0,200,0,100.0,27430.0,100.0,48427515168.0,100.0,107873787433.0
2018-09-18,S300Z3WX,ST4000DM000,4000787030016,0,106,11585088,98,0,100,2,100,0,84,287453699,69,27797,100,0,100,2,100.0,0.0,100.0,0.0,100.0,0.0,100.0,0.0,100.0,0.0,75.0,25.0,100.0,0.0,100.0,0.0,76.0,48166.0,25,25,100,0,100,0,200,0,100.0,27453.0,100.0,48439297272.0,100.0,108051602250.0
2018-09-19,S300Z3WX,ST4000DM000,4000787030016,0,117,137450208,98,0,100,2,100,0,84,288127518,69,27821,100,0,100,2,100.0,0.0,100.0,0.0,100.0,0.0,100.0,0.0,100.0,0.0,75.0,25.0,100.0,0.0,100.0,0.0,76.0,48166.0,25,25,100,0,100,0,200,0,100.0,27477.0,100.0,48442348216.0,100.0,108194742499.0
2018-09-20,S300Z3WX,ST4000DM000,4000787030016,0,115,85721728,98,0,100,2,100,0,84,289029911,69,27845,100,0,100,2,100.0,0.0,100.0,0.0,100.0,0.0,100.0,0.0,100.0,0.0,75.0,25.0,100.0,0.0,100.0,0.0,76.0,48166.0,25,25,100,0,100,0,200,0,100.0,27501.0,100.0,48447537024.0,100.0,108353586867.0
2018-09-21,S300Z3WX,ST4000DM000,4000787030016,0,117,129863776,98,0,100,2,100,0,84,290193278,69,27869,100,0,100,2,100.0,0.0,100.0,0.0,100.0,0.0,100.0,0.0,100.0,0.0,75.0,25.0,100.0,0.0,100.0,0.0,76.0,48166.0,25,25,100,0,100,0,200,0,100.0,27525.0,100.0,48453448720.0,100.0,108518747434.0
2018-09-22,S300Z3WX,ST4000DM000,4000787030016,0,117,121787136,98,0,100,2,100,0,84,291988962,69,27893,100,0,100,2,100.0,0.0,100.0,0.0,100.0,0.0,100.0,0.0,100.0,0.0,75.0,25.0,100.0,0.0,100.0,0.0,76.0,48166.0,25,25,100,0,100,0,200,0,100.0,27549.0,100.0,48460079256.0,100.0,108680887645.0
2018-09-23,S300Z3WX,ST4000DM000,4000787030016,0,112,49709792,98,0,100,2,100,0,84,293283743,69,27918,100,0,100,2,100.0,0.0,100.0,0.0,100.0,0.0,100.0,0.0,100.0,0.0,75.0,25.0,100.0,0.0,100.0,0.0,76.0,48167.0,25,25,100,0,100,0,200,0,100.0,27574.0,100.0,48464370040.0,100.0,108842035763.0
2018-09-24,S300Z3WX,ST4000DM000,4000787030016,0,111,40606592,98,0,100,2,100,0,84,294882062,69,27941,100,0,100,2,100.0,0.0,100.0,0.0,100.0,0.0,100.0,0.0,100.0,0.0,75.0,25.0,100.0,0.0,100.0,0.0,76.0,48177.0,25,25,100,0,100,0,200,0,100.0,27597.0,100.0,48470674984.0,100.0,108994108600.0
2018-09-25,S300Z3WX,ST4000DM000,4000787030016,0,119,203102144,98,0,100,2,100,0,84,295742601,69,27965,100,0,100,2,100.0,0.0,100.0,0.0,100.0,0.0,100.0,0.0,100.0,0.0,75.0,25.0,100.0,0.0,100.0,0.0,76.0,48177.0,25,25,100,0,100,0,200,0,100.0,27621.0,100.0,48475067048.0,100.0,109140442966.0
2018-09-26,S300Z3WX,ST4000DM000,4000787030016,0,119,209668784,98,0,100,2,100,0,84,296706044,69,27989,100,0,100,2,100.0,0.0,100.0,0.0,100.0,0.0,100.0,0.0,100.0,0.0,75.0,25.0,100.0,0.0,100.0,0.0,76.0,48177.0,25,25,100,0,100,0,200,0,100.0,27645.0,100.0,48479402568.0,100.0,109302735913.0
2018-09-27,S300Z3WX,ST4000DM000,4000787030016,0,116,105837904,98,0,100,2,100,0,84,297821707,69,28014,100,0,100,2,100.0,0.0,100.0,0.0,100.0,0.0,100.0,0.0,100.0,0.0,75.0,25.0,100.0,0.0,100.0,0.0,76.0,48178.0,25,25,100,0,100,0,200,0,100.0,27670.0,100.0,48482488072.0,100.0,109491844511.0
2018-09-28,S300Z3WX,ST4000DM000,4000787030016,0,114,64441328,98,0,100,2,100,0,84,298751024,68,28037,100,0,100,2,100.0,0.0,100.0,0.0,100.0,0.0,100.0,0.0,100.0,0.0,75.0,25.0,100.0,0.0,100.0,0.0,76.0,48181.0,25,25,100,0,100,0,200,0,100.0,27693.0,100.0,48485662616.0,100.0,109617813818.0
2018-09-29,S300Z3WX,ST4000DM000,4000787030016,0,117,152383992,98,0,100,2,100,0,84,300365915,68,28061,100,0,100,2,100.0,0.0,100.0,0.0,100.0,0.0,100.0,0.0,100.0,0.0,75.0,25.0,100.0,0.0,100.0,0.0,76.0,48182.0,25,25,100,0,100,0,200,0,100.0,27717.0,100.0,48491161712.0,100.0,109801360312.0
2018-09-30,S300Z3WX,ST4000DM000,4000787030016,0,117,163231464,98,0,100,2,100,0,84,301204033,68,28084,100,0,100,2,100.0,0.0,100.0,0.0,100.0,0.0,100.0,0.0,100.0,0.0,75.0,25.0,100.0,0.0,100.0,0.0,76.0,48182.0,25,25,100,0,100,0,200,0,100.0,27741.0,100.0,48493646928.0,100.0,109954588905.0
2018-10-01,S300Z3WX,ST4000DM000,4000787030016,0,119,208773472,97,0,100,3,100,0,84,302343750,68,28114,100,0,100,3,100.0,0.0,100.0,0.0,100.0,0.0,100.0,0.0,100.0,0.0,77.0,23.0,100.0,0.0,100.0,1.0,76.0,48225.0,23,23,100,0,100,0,200,0,100.0,27770.0,100.0,48497334832.0,100.0,110130317100.0
2018-10-02,S300Z3WX,ST4000DM000,4000787030016,0,115,96343136,96,0,100,4,100,0,84,304163391,68,28136,100,0,100,4,100.0,0.0,100.0,0.0,100.0,0.0,100.0,0.0,100.0,0.0,75.0,25.0,100.0,0.0,100.0,0.0,76.0,48229.0,25,25,100,0,100,0,200,0,100.0,27792.0,100.0,48504326112.0,100.0,110287232251.0
2018-10-03,S300Z3WX,ST4000DM000,4000787030016,0,117,123984464,96,0,100,4,100,0,84,304530015,68,28160,100,0,100,4,100.0,0.0,100.0,0.0,100.0,0.0,100.0,0.0,100.0,0.0,75.0,25.0,100.0,0.0,100.0,0.0,76.0,48229.0,25,25,100,0,100,0,200,0,100.0,27816.0,100.0,48507588992.0,100.0,110407876467.0
2018-10-04,S300Z3WX,ST4000DM000,4000787030016,0,117.0,150859888.0,96.0,0.0,100.0,4.0,100.0,0.0,84.0,305006523.0,68.0,28184.0,100.0,0.0,100.0,4.0,100.0,0.0,100.0,0.0,100.0,0.0,100.0,0.0,100.0,0.0,75.0,25.0,100.0,0.0,100.0,0.0,76.0,48229.0,25.0,25.0,100.0,0.0,100.0,0.0,200.0,0.0,100.0,27840.0,100.0,48510488248.0,100.0,110565160303.0
2018-10-05,S300Z3WX,ST4000DM000,4000787030016,0,103,5560280,96,0,100,4,100,0,84,306150248,68,28208,100,0,100,4,100.0,0.0,100.0,0.0,100.0,0.0,100.0,0.0,100.0,0.0,75.0,25.0,100.0,0.0,100.0,0.0,76.0,48229.0,25,25,100,0,100,0,200,0,100.0,27864.0,100.0,48515497376.0,100.0,110761815364.0
2018-10-06,S300Z3WX,ST4000DM000,4000787030016,0,114,66637952,96,0,100,4,100,0,84,306685830,68,28232,100,0,100,4,100.0,0.0,100.0,0.0,100.0,0.0,100.0,0.0,100.0,0.0,76.0,24.0,100.0,0.0,100.0,0.0,76.0,48229.0,24,24,100,0,100,0,200,0,100.0,27888.0,100.0,48519001816.0,100.0,110922080715.0
2018-10-07,S300Z3WX,ST4000DM000,4000787030016,0,113,58416896,96,0,100,4,100,0,84,307343880,68,28256,100,0,100,4,100.0,0.0,100.0,0.0,100.0,0.0,100.0,0.0,100.0,0.0,75.0,25.0,100.0,0.0,100.0,0.0,76.0,48229.0,25,25,100,0,100,0,200,0,100.0,27912.0,100.0,48521459848.0,100.0,111067940855.0
2018-10-08,S300Z3WX,ST4000DM000,4000787030016,0,117,132663888,96,0,100,4,100,0,84,308815899,68,28280,100,0,100,4,100.0,0.0,100.0,0.0,100.0,0.0,100.0,0.0,100.0,0.0,75.0,25.0,100.0,0.0,100.0,0.0,76.0,48248.0,25,25,100,0,100,0,200,0,100.0,27936.0,100.0,48526706040.0,100.0,111197052159.0
2018-10-09,S300Z3WX,ST4000DM000,4000787030016,0,116.0,103847416.0,96.0,0.0,100.0,4.0,100.0,0.0,84.0,309725578.0,68.0,28304.0,100.0,0.0,100.0,4.0,100.0,0.0,100.0,0.0,100.0,0.0,100.0,0.0,100.0,0.0,75.0,25.0,100.0,0.0,100.0,0.0,76.0,48248.0,25.0,25.0,100.0,0.0,100.0,0.0,200.0,0.0,100.0,27960.0,100.0,48529400336.0,100.0,111387268823.0
2018-10-10,S300Z3WX,ST4000DM000,4000787030016,0,111,40505144,96,0,100,4,100,0,84,310802190,68,28328,100,0,100,4,100.0,0.0,100.0,0.0,100.0,0.0,100.0,0.0,100.0,0.0,75.0,25.0,100.0,0.0,100.0,0.0,76.0,48248.0,25,25,100,0,100,0,200,0,100.0,27984.0,100.0,48531646504.0,100.0,111583928119.0
2018-10-11,S300Z3WX,ST4000DM000,4000787030016,0,112,44738008,96,0,100,4,100,0,84,311502474,68,28352,100,0,100,4,100.0,0.0,100.0,0.0,100.0,0.0,100.0,0.0,100.0,0.0,75.0,25.0,100.0,0.0,100.0,0.0,76.0,48248.0,25,25,100,0,100,0,200,0,100.0,28008.0,100.0,48533541024.0,100.0,111725249584.0
2018-10-12,S300Z3WX,ST4000DM000,4000787030016,0,117,122307848,96,0,100,4,100,0,84,313697683,68,28376,100,0,100,4,100.0,0.0,100.0,0.0,100.0,0.0,100.0,0.0,100.0,0.0,75.0,25.0,100.0,0.0,100.0,0.0,76.0,48248.0,25,25,100,0,100,0,200,0,100.0,28032.0,100.0,48540056688.0,100.0,111799565016.0
2018-10-13,S300Z3WX,ST4000DM000,4000787030016,0,112,42785600,96,0,100,4,100,0,84,315526158,68,28400,100,0,100,4,100.0,0.0,100.0,0.0,100.0,0.0,100.0,0.0,100.0,0.0,75.0,25.0,100.0,0.0,100.0,0.0,76.0,48248.0,25,25,100,0,100,0,200,0,100.0,28056.0,100.0,48542231088.0,100.0,111976396090.0
2018-10-14,S300Z3WX,ST4000DM000,4000787030016,0,111,34133648,96,0,100,4,100,0,84,316886456,68,28424,100,0,100,4,100.0,0.0,100.0,0.0,100.0,0.0,100.0,0.0,100.0,0.0,75.0,25.0,100.0,0.0,100.0,0.0,76.0,48249.0,25,25,100,0,100,0,200,0,100.0,28080.0,100.0,48544990952.0,100.0,112150353058.0
2018-10-15,S300Z3WX,ST4000DM000,4000787030016,0,117,120006232,96,0,100,4,100,0,84,318154585,68,28448,100,0,100,4,100.0,0.0,100.0,0.0,100.0,0.0,100.0,0.0,100.0,0.0,75.0,25.0,100.0,0.0,100.0,0.0,76.0,48265.0,25,25,100,0,100,0,200,0,100.0,28104.0,100.0,48549800728.0,100.0,112248261072.0
2018-10-16,S300Z3WX,ST4000DM000,4000787030016,0,118,182508544,96,0,100,4,100,0,84,318899384,68,28472,100,0,100,4,100.0,0.0,100.0,0.0,100.0,0.0,100.0,0.0,100.0,0.0,75.0,25.0,100.0,0.0,100.0,0.0,76.0,48265.0,25,25,100,0,100,0,200,0,100.0,28128.0,100.0,48552162688.0,100.0,112405231619.0
2018-10-17,S300Z3WX,ST4000DM000,4000787030016,0,118,186660160,96,0,100,4,100,0,84,319665162,68,28496,100,0,100,4,100.0,0.0,100.0,0.0,100.0,0.0,100.0,0.0,100.0,0.0,75.0,25.0,100.0,0.0,100.0,0.0,76.0,48265.0,25,25,100,0,100,0,200,0,100.0,28152.0,100.0,48554211384.0,100.0,112549589733.0
2018-10-18,S300Z3WX,ST4000DM000,4000787030016,0,117,163381776,96,0,100,4,100,0,84,320591057,68,28519,100,0,100,4,100.0,0.0,100.0,0.0,100.0,0.0,100.0,0.0,100.0,0.0,75.0,25.0,100.0,0.0,100.0,0.0,76.0,48268.0,25,25,100,0,100,0,200,0,100.0,28174.0,100.0,48557209328.0,100.0,112696194196.0
2018-10-19,S300Z3WX,ST4000DM000,4000787030016,0,119,213648320,96,0,100,4,100,0,84,322060896,68,28542,100,0,100,4,100.0,0.0,100.0,0.0,100.0,0.0,100.0,0.0,100.0,0.0,75.0,25.0,100.0,0.0,100.0,0.0,76.0,48268.0,25,25,100,0,100,0,200,0,100.0,28198.0,100.0,48560238496.0,100.0,112851508569.0
2018-10-20,S300Z3WX,ST4000DM000,4000787030016,0,119,209731704,96,0,100,4,100,0,84,323645751,68,28567,100,0,100,4,100.0,0.0,100.0,0.0,100.0,0.0,100.0,0.0,100.0,0.0,75.0,25.0,100.0,0.0,100.0,0.0,76.0,48268.0,25,25,100,0,100,0,200,0,100.0,28223.0,100.0,48564800016.0,100.0,113029044094.0
2018-10-21,S300Z3WX,ST4000DM000,4000787030016,0,108,17837672,96,0,100,4,100,0,84,325581681,68,28591,100,0,100,4,100.0,0.0,100.0,0.0,100.0,0.0,100.0,0.0,100.0,0.0,75.0,25.0,100.0,0.0,100.0,0.0,76.0,48268.0,25,25,100,0,100,0,200,0,100.0,28247.0,100.0,48570320616.0,100.0,113201953660.0
2018-10-22,S300Z3WX,ST4000DM000,4000787030016,0,119,212001896,96,0,100,4,100,0,84,326918863,68,28615,100,0,100,4,100.0,0.0,100.0,0.0,100.0,0.0,100.0,0.0,100.0,0.0,75.0,25.0,100.0,0.0,100.0,0.0,76.0,48361.0,25,25,100,0,100,0,200,0,100.0,28270.0,100.0,48572811504.0,100.0,113313522031.0
2018-10-23,S300Z3WX,ST4000DM000,4000787030016,0,118,198427568,96,0,100,4,100,0,84,327889995,68,28639,100,0,100,4,100.0,0.0,100.0,0.0,100.0,0.0,100.0,0.0,100.0,0.0,75.0,25.0,100.0,0.0,100.0,0.0,76.0,48361.0,25,25,100,0,100,0,200,0,100.0,28294.0,100.0,48575001336.0,100.0,113487531220.0
2018-10-24,S300Z3WX,ST4000DM000,4000787030016,0,118,177231448,96,0,100,4,100,0,84,328904115,68,28663,100,0,100,4,100.0,0.0,100.0,0.0,100.0,0.0,100.0,0.0,100.0,0.0,75.0,25.0,100.0,0.0,100,0,76.0,48361.0,25,25,100,0,100,0,200,0,100.0,28318.0,100.0,48577680896.0,100.0,113655293061.0
2018-10-25,S300Z3WX,ST4000DM000,4000787030016,0,117,135002312,96,0,100,4,100,0,84,329643070,68,28688,100,0,100,4,100.0,0.0,100.0,0.0,100.0,0.0,100.0,0.0,100.0,0.0,75.0,25.0,100.0,0.0,100.0,0.0,76.0,48366.0,25,25,100,0,100,0,200,0,100.0,28343.0,100.0,48579489464.0,100.0,113785453111.0
2018-10-26,S300Z3WX,ST4000DM000,4000787030016,0,117,161711400,96,0,100,4,100,0,84,331199368,68,28712,100,0,100,4,100.0,0.0,100.0,0.0,100.0,0.0,100.0,0.0,100.0,0.0,75.0,25.0,100.0,0.0,100.0,0.0,76.0,48366.0,25,25,100,0,100,0,200,0,100.0,28368.0,100.0,48583210360.0,100.0,113967994344.0
2018-10-27,S300Z3WX,ST4000DM000,4000787030016,0,119,210739944,96,0,100,4,100,0,84,332165429,68,28736,100,0,100,4,100.0,0.0,100.0,0.0,100.0,0.0,100.0,0.0,100.0,0.0,75.0,25.0,100.0,0.0,100.0,0.0,76.0,48366.0,25,25,100,0,100,0,200,0,100.0,28392.0,100.0,48586170056.0,100.0,114117257379.0
2018-10-28,S300Z3WX,ST4000DM000,4000787030016,0,117,161203416,96,0,100,4,100,0,84,333277951,68,28760,100,0,100,4,100.0,0.0,100.0,0.0,100.0,0.0,100.0,0.0,100.0,0.0,75.0,25.0,100.0,0.0,100.0,0.0,76.0,48366.0,25,25,100,0,100,0,200,0,100.0,28416.0,100.0,48587997000.0,100.0,114317843944.0
2018-10-29,S300Z3WX,ST4000DM000,4000787030016,0,118,185451264,96,0,100,4,100,0,84,334756357,68,28784,100,0,100,4,100.0,0.0,100.0,0.0,100.0,0.0,100.0,0.0,100.0,0.0,75.0,25.0,100.0,0.0,100.0,0.0,76.0,48393.0,25,25,100,0,100,0,200,0,100.0,28439.0,100.0,48592603624.0,100.0,114440839285.0
2018-10-30,S300Z3WX,ST4000DM000,4000787030016,0,118,192278736,96,0,100,4,100,0,85,335791807,68,28808,100,0,100,4,100.0,0.0,100.0,0.0,100.0,0.0,100.0,0.0,100.0,0.0,75.0,25.0,100.0,0.0,100.0,0.0,76.0,48393.0,25,25,100,0,100,0,200,0,100.0,28463.0,100.0,48594787504.0,100.0,114609531366.0
2018-10-31,S300Z3WX,ST4000DM000,4000787030016,0,117,165527440,96.0,0.0,100.0,4.0,100.0,0.0,85.0,338032657.0,68,28832,100.0,0.0,100,4,100.0,0.0,100.0,0.0,100.0,0.0,100.0,0.0,100.0,0.0,75.0,25.0,100.0,0.0,100.0,0.0,76.0,48393.0,25,25,100.0,0.0,100.0,0.0,200.0,0.0,100.0,28487.0,100.0,48600857608.0,100.0,114770136081.0
2018-11-01,S300Z3WX,ST4000DM000,4000787030016,0,111,30084944,96.0,0.0,100.0,4.0,100.0,0.0,85.0,339158270.0,68,28854,100.0,0.0,100,4,100.0,0.0,100.0,0.0,100.0,0.0,100.0,0.0,100.0,0.0,74.0,26.0,100.0,0.0,100.0,0.0,76.0,48394.0,26,26,100.0,0.0,100.0,0.0,200.0,0.0,100.0,28509.0,100.0,48602658400.0,100.0,114898887104.0
2018-11-02,S300Z3WX,ST4000DM000,4000787030016,0,117,121731504,96.0,0.0,100.0,4.0,100.0,0.0,85.0,340627526.0,68,28878,100.0,0.0,100,4,100.0,0.0,100.0,0.0,100.0,0.0,100.0,0.0,100.0,0.0,74.0,26.0,100.0,0.0,100.0,0.0,76.0,48394.0,26,26,100.0,0.0,100.0,0.0,200.0,0.0,100.0,28534.0,100.0,48606324312.0,100.0,115045682042.0
2018-11-03,S300Z3WX,ST4000DM000,4000787030016,0,112,44522360,96.0,0.0,100.0,4.0,100.0,0.0,85.0,342052019.0,68,28902,100.0,0.0,100,4,100.0,0.0,100.0,0.0,100.0,0.0,100.0,0.0,100.0,0.0,75.0,25.0,100.0,0.0,100.0,0.0,76.0,48394.0,25,25,100.0,0.0,100.0,0.0,200.0,0.0,100.0,28557.0,100.0,48611593920.0,100.0,115188665972.0
2018-11-04,S300Z3WX,ST4000DM000,4000787030016,0,116,106183200,96.0,0.0,100.0,4.0,100.0,0.0,85.0,343521496.0,67,28926,100.0,0.0,100,4,100.0,0.0,100.0,0.0,100.0,0.0,100.0,0.0,100.0,0.0,75.0,25.0,100.0,0.0,100.0,0.0,76.0,48394.0,25,25,100.0,0.0,100.0,0.0,200.0,0.0,100.0,28581.0,100.0,48614878120.0,100.0,115352197050.0
2018-11-05,S300Z3WX,ST4000DM000,4000787030016,0,117,128846552,96.0,0.0,100.0,4.0,100.0,0.0,85.0,344864663.0,67,28950,100.0,0.0,100,4,100.0,0.0,100.0,0.0,100.0,0.0,100.0,0.0,100.0,0.0,75.0,25.0,100.0,0.0,100.0,0.0,76.0,48394.0,25,25,100.0,0.0,100.0,0.0,200.0,0.0,100.0,28605.0,100.0,48619547808.0,100.0,115461905860.0
2018-11-06,S300Z3WX,ST4000DM000,4000787030016,0,116.0,111194736.0,96.0,0.0,100.0,4.0,100.0,0.0,85.0,345498368.0,67.0,28974.0,100.0,0.0,100.0,4.0,100.0,0.0,100.0,0.0,100.0,0.0,100.0,0.0,100.0,0.0,75.0,25.0,100.0,0.0,100.0,0.0,76.0,48394.0,25.0,25.0,100.0,0.0,100.0,0.0,200.0,0.0,100.0,28630.0,100.0,48621228320.0,100.0,115569520827.0
2018-11-07,S300Z3WX,ST4000DM000,4000787030016,0,116.0,117020640.0,96.0,0.0,100.0,4.0,100.0,0.0,85.0,345995739.0,67.0,28998.0,100.0,0.0,100.0,4.0,100.0,0.0,100.0,0.0,100.0,0.0,100.0,0.0,100.0,0.0,75.0,25.0,100.0,0.0,100.0,0.0,76.0,48394.0,25.0,25.0,100.0,0.0,100.0,0.0,200.0,0.0,100.0,28653.0,100.0,48622634640.0,100.0,115668401321.0
2018-11-08,S300Z3WX,ST4000DM000,4000787030016,0,120.0,240857624.0,96.0,0.0,100.0,4.0,100.0,0.0,85.0,346536497.0,67.0,29023.0,100.0,0.0,100.0,4.0,100.0,0.0,100.0,0.0,100.0,0.0,100.0,0.0,100.0,0.0,76.0,24.0,100.0,0.0,100.0,0.0,76.0,48394.0,24.0,24.0,100.0,0.0,100.0,0.0,200.0,0.0,100.0,28679.0,100.0,48625421920.0,100.0,115814218915.0
2018-11-09,S300Z3WX,ST4000DM000,4000787030016,0,110,25838824,96.0,0.0,100.0,4.0,100.0,0.0,85.0,347804181.0,67,29048,100.0,0.0,100,4,100.0,0.0,100.0,0.0,100.0,0.0,100.0,0.0,100.0,0.0,76.0,24.0,100.0,0.0,100.0,0.0,76.0,48394.0,24,24,100.0,0.0,100.0,0.0,200.0,0.0,100.0,28704.0,100.0,48631129304.0,100.0,115986997157.0
2018-11-10,S300Z3WX,ST4000DM000,4000787030016,0,117,166773064,96.0,0.0,100.0,4.0,100.0,0.0,85.0,348238534.0,67,29072,100.0,0.0,100,4,100.0,0.0,100.0,0.0,100.0,0.0,100.0,0.0,100.0,0.0,76.0,24.0,100.0,0.0,100.0,0.0,76.0,48394.0,24,24,100.0,0.0,100.0,0.0,200.0,0.0,100.0,28728.0,100.0,48633776648.0,100.0,116113083192.0
2018-11-11,S300Z3WX,ST4000DM000,4000787030016,0,118,174399472,96.0,0.0,100.0,4.0,100.0,0.0,85.0,348672218.0,67,29096,100.0,0.0,100,4,100.0,0.0,100.0,0.0,100.0,0.0,100.0,0.0,100.0,0.0,76.0,24.0,100.0,0.0,100.0,0.0,76.0,48394.0,24,24,100.0,0.0,100.0,0.0,200.0,0.0,100.0,28752.0,100.0,48635943080.0,100.0,116269864363.0
2018-11-12,S300Z3WX,ST4000DM000,4000787030016,0,119,217302240,96.0,0.0,100.0,4.0,100.0,0.0,85.0,351060300.0,67,29120,100.0,0.0,100,4,100.0,0.0,100.0,0.0,100.0,0.0,100.0,0.0,100.0,0.0,75.0,25.0,100.0,0.0,100.0,0.0,76.0,48394.0,25,25,100.0,0.0,100.0,0.0,200.0,0.0,100.0,28776.0,100.0,48641923160.0,100.0,116446828330.0
2018-11-13,S300Z3WX,ST4000DM000,4000787030016,0,116,109092848,96.0,0.0,100.0,4.0,100.0,0.0,85.0,351432095.0,67,29144,100.0,0.0,100,4,100.0,0.0,100.0,0.0,100.0,0.0,100.0,0.0,100.0,0.0,76.0,24.0,100.0,0.0,100.0,0.0,76.0,48394.0,24,24,100.0,0.0,100.0,0.0,200.0,0.0,100.0,28799.0,100.0,48644926416.0,100.0,116608880615.0
2018-11-14,S300Z3WX,ST4000DM000,4000787030016,0,117,122287080,96.0,0.0,100.0,4.0,100.0,0.0,85.0,352210988.0,67,29168,100.0,0.0,100,4,100.0,0.0,100.0,0.0,100.0,0.0,100.0,0.0,100.0,0.0,75.0,25.0,100.0,0.0,100.0,0.0,76.0,48394.0,25,25,100.0,0.0,100.0,0.0,200.0,0.0,100.0,28824.0,100.0,48648976808.0,100.0,116765867930.0
2018-11-15,S300Z3WX,ST4000DM000,4000787030016,0,116,105269184,96.0,0.0,100.0,4.0,100.0,0.0,85.0,353065916.0,67,29192,100.0,0.0,100,4,100.0,0.0,100.0,0.0,100.0,0.0,100.0,0.0,100.0,0.0,74.0,26.0,100.0,0.0,100.0,0.0,76.0,48394.0,26,26,100.0,0.0,100.0,0.0,200.0,0.0,100.0,28848.0,100.0,48651723408.0,100.0,116929236950.0
2018-11-16,S300Z3WX,ST4000DM000,4000787030016,0,117,124208096,96.0,0.0,100.0,4.0,100.0,0.0,85.0,354757024.0,67,29216,100.0,0.0,100,4,100.0,0.0,100.0,0.0,100.0,0.0,100.0,0.0,100.0,0.0,75.0,25.0,100.0,0.0,100.0,0.0,76.0,48394.0,25,25,100.0,0.0,100.0,0.0,200.0,0.0,100.0,28872.0,100.0,48656680184.0,100.0,117137327263.0
2018-11-17,S300Z3WX,ST4000DM000,4000787030016,0,114.0,61042376.0,96.0,0.0,100.0,4.0,100.0,0.0,85.0,355922376.0,67.0,29240.0,100.0,0.0,100.0,4.0,100.0,0.0,100.0,0.0,100.0,0.0,100.0,0.0,100.0,0.0,75.0,25.0,100.0,0.0,100.0,0.0,76.0,48394.0,25.0,25.0,100.0,0.0,100.0,0.0,200.0,0.0,100.0,28896.0,100.0,48659613776.0,100.0,117329444906.0
2018-11-18,S300Z3WX,ST4000DM000,4000787030016,0,108,15896368,96.0,0.0,100.0,4.0,100.0,0.0,85.0,356566966.0,67,29264,100.0,0.0,100,4,100.0,0.0,100.0,0.0,100.0,0.0,100.0,0.0,100.0,0.0,75.0,25.0,100.0,0.0,100.0,0.0,76.0,48394.0,25,25,100.0,0.0,100.0,0.0,200.0,0.0,100.0,28919.0,100.0,48661329040.0,100.0,117429966603.0
2018-11-19,S300Z3WX,ST4000DM000,4000787030016,0,111,40130904,96.0,0.0,100.0,4.0,100.0,0.0,85.0,357911867.0,67,29288,100.0,0.0,100,4,100.0,0.0,100.0,0.0,100.0,0.0,100.0,0.0,100.0,0.0,75.0,25.0,100.0,0.0,100.0,0.0,76.0,48394.0,25,25,100.0,0.0,100.0,0.0,200.0,0.0,100.0,28944.0,100.0,48665874536.0,100.0,117496685536.0
2018-11-20,S300Z3WX,ST4000DM000,4000787030016,0,116,113110952,96.0,0.0,100.0,4.0,100.0,0.0,85.0,359558224.0,67,29312,100.0,0.0,100,4,100.0,0.0,100.0,0.0,100.0,0.0,100.0,0.0,100.0,0.0,75.0,25.0,100.0,0.0,100.0,0.0,76.0,48394.0,25,25,100.0,0.0,100.0,0.0,200.0,0.0,100.0,28968.0,100.0,48667565904.0,100.0,117677257643.0
2018-11-21,S300Z3WX,ST4000DM000,4000787030016,0,119,231820784,96.0,0.0,100.0,4.0,100.0,0.0,85.0,360531090.0,67,29336,100.0,0.0,100,4,100.0,0.0,100.0,0.0,100.0,0.0,100.0,0.0,100.0,0.0,75.0,25.0,100.0,0.0,100.0,0.0,76.0,48394.0,25,25,100.0,0.0,100.0,0.0,200.0,0.0,100.0,28992.0,100.0,48670990040.0,100.0,117819998405.0
2018-11-22,S300Z3WX,ST4000DM000,4000787030016,0,113,55528080,96.0,0.0,100.0,4.0,100.0,0.0,85.0,361228499.0,67,29360,100.0,0.0,100,4,100.0,0.0,100.0,0.0,100.0,0.0,100.0,0.0,100.0,0.0,72.0,28.0,100.0,0.0,100.0,0.0,76.0,48394.0,28,28,100.0,0.0,100.0,0.0,200.0,0.0,100.0,29016.0,100.0,48673241632.0,100.0,117972660609.0
2018-11-23,S300Z3WX,ST4000DM000,4000787030016,0,120,240842848,96.0,0.0,100.0,4.0,100.0,0.0,85.0,363825192.0,67,29384,100.0,0.0,100,4,100.0,0.0,100.0,0.0,100.0,0.0,100.0,0.0,100.0,0.0,75.0,25.0,100.0,0.0,100.0,0.0,76.0,48394.0,25,25,100.0,0.0,100.0,0.0,200.0,0.0,100.0,29040.0,100.0,48679992440.0,100.0,118156355074.0
2018-11-24,S300Z3WX,ST4000DM000,4000787030016,0,117,160123976,96.0,0.0,100.0,4.0,100.0,0.0,85.0,364922275.0,67,29408,100.0,0.0,100,4,100.0,0.0,100.0,0.0,100.0,0.0,100.0,0.0,100.0,0.0,75.0,25.0,100.0,0.0,100.0,0.0,76.0,48394.0,25,25,100.0,0.0,100.0,0.0,200.0,0.0,100.0,29063.0,100.0,48683319632.0,100.0,118309922730.0
2018-11-25,S300Z3WX,ST4000DM000,4000787030016,0,120,374960,96.0,0.0,100.0,4.0,100.0,0.0,85.0,366039341.0,67,29433,100.0,0.0,100,4,100.0,0.0,100.0,0.0,100.0,0.0,100.0,0.0,100.0,0.0,75.0,25.0,100.0,0.0,100.0,0.0,76.0,48394.0,25,25,100.0,0.0,100.0,0.0,200.0,0.0,100.0,29088.0,100.0,48685606856.0,100.0,118464284276.0
2018-11-26,S300Z3WX,ST4000DM000,4000787030016,0,108,16094768,96.0,0.0,100.0,4.0,100.0,0.0,85.0,367742847.0,67,29456,100.0,0.0,100,4,100.0,0.0,100.0,0.0,100.0,0.0,100.0,0.0,100.0,0.0,75.0,25.0,100.0,0.0,100.0,0.0,76.0,48394.0,25,25,100.0,0.0,100.0,0.0,200.0,0.0,100.0,29112.0,100.0,48691340776.0,100.0,118603590543.0
2018-11-27,S300Z3WX,ST4000DM000,4000787030016,0,115,99180112,96.0,0.0,100.0,4.0,100.0,0.0,85.0,368655774.0,67,29480,100.0,0.0,100,4,100.0,0.0,100.0,0.0,100.0,0.0,100.0,0.0,100.0,0.0,75.0,25.0,100.0,0.0,100.0,0.0,76.0,48394.0,25,25,100.0,0.0,100.0,0.0,200.0,0.0,100.0,29135.0,100.0,48693245336.0,100.0,118776912938.0
2018-11-28,S300Z3WX,ST4000DM000,4000787030016,0,112,42293992,96.0,0.0,100.0,4.0,100.0,0.0,85.0,369552391.0,67,29504,100.0,0.0,100,4,100.0,0.0,100.0,0.0,100.0,0.0,100.0,0.0,100.0,0.0,75.0,25.0,100.0,0.0,100.0,0.0,76.0,48394.0,25,25,100.0,0.0,100.0,0.0,200.0,0.0,100.0,29160.0,100.0,48695239448.0,100.0,118935763454.0
2018-11-29,S300Z3WX,ST4000DM000,4000787030016,0,118,194374688,96.0,0.0,100.0,4.0,100.0,0.0,85.0,370591772.0,67,29528,100.0,0.0,100,4,100.0,0.0,100.0,0.0,100.0,0.0,100.0,0.0,100.0,0.0,77.0,23.0,100.0,0.0,100.0,0.0,76.0,48394.0,23,23,100.0,0.0,100.0,0.0,200.0,0.0,100.0,29183.0,100.0,48697306128.0,100.0,119120213174.0
2018-11-30,S300Z3WX,ST4000DM000,4000787030016,0,114,80945640,96.0,0.0,100.0,4.0,100.0,0.0,85.0,372120067.0,67,29552,100.0,0.0,100,4,100.0,0.0,100.0,0.0,100.0,0.0,100.0,0.0,100.0,0.0,77.0,23.0,100.0,0.0,100.0,0.0,76.0,48394.0,23,23,100.0,0.0,100.0,0.0,200.0,0.0,100.0,29207.0,100.0,48701822328.0,100.0,119267970328.0
2018-12-01,S300Z3WX,ST4000DM000,4000787030016,0,114,70059312,96.0,0.0,100.0,4.0,100.0,0.0,85.0,373111777.0,67,29576,100.0,0.0,100,4,100.0,0.0,100.0,0.0,100.0,0.0,100.0,0.0,100.0,0.0,77.0,23.0,100.0,0.0,100.0,0.0,76.0,48394.0,23,23,100.0,0.0,100.0,0.0,200.0,0.0,100.0,29231.0,100.0,48704695392.0,100.0,119433333271.0
2018-12-02,S300Z3WX,ST4000DM000,4000787030016,0,110,29139928,96.0,0.0,100.0,4.0,100.0,0.0,85.0,374473946.0,67,29600,100.0,0.0,100,4,100.0,0.0,100.0,0.0,100.0,0.0,100.0,0.0,100.0,0.0,77.0,23.0,100.0,0.0,100.0,0.0,76.0,48394.0,23,23,100.0,0.0,100.0,0.0,200.0,0.0,100.0,29256.0,100.0,48709730032.0,100.0,119599597297.0
2018-12-03,S300Z3WX,ST4000DM000,4000787030016,0,114,63190472,96.0,0.0,100.0,4.0,100.0,0.0,85.0,376669977.0,67,29624,100.0,0.0,100,4,100.0,0.0,100.0,0.0,100.0,0.0,100.0,0.0,100.0,0.0,77.0,23.0,100.0,0.0,100.0,0.0,76.0,48394.0,23,23,100.0,0.0,100.0,0.0,200.0,0.0,100.0,29280.0,100.0,48715935528.0,100.0,119731698337.0
2018-12-04,S300Z3WX,ST4000DM000,4000787030016,0,111,30016824,96.0,0.0,100.0,4.0,100.0,0.0,85.0,377772469.0,67,29648,100.0,0.0,100,4,100.0,0.0,100.0,0.0,100.0,0.0,100.0,0.0,100.0,0.0,77.0,23.0,100.0,0.0,100.0,0.0,76.0,48394.0,23,23,100.0,0.0,100.0,0.0,200.0,0.0,100.0,29304.0,100.0,48717978504.0,100.0,119927373653.0
2018-12-05,S300Z3WX,ST4000DM000,4000787030016,0,119.0,211083856.0,96.0,0.0,100.0,4.0,100.0,0.0,85.0,378726579.0,67.0,29672.0,100.0,0.0,100.0,4.0,100.0,0.0,100.0,0.0,100.0,0.0,100.0,0.0,100.0,0.0,77.0,23.0,100.0,0.0,100.0,0.0,76.0,48394.0,23.0,23.0,100.0,0.0,100.0,0.0,200.0,0.0,100.0,29328.0,100.0,48721094784.0,100.0,120082457534.0
2018-12-06,S300Z3WX,ST4000DM000,4000787030016,0,110,25616208,96.0,0.0,100.0,4.0,100.0,0.0,85.0,379859203.0,67,29696,100.0,0.0,100,4,100.0,0.0,100.0,0.0,100.0,0.0,100.0,0.0,100.0,0.0,77.0,23.0,100.0,0.0,100.0,0.0,76.0,48394.0,23,23,100.0,0.0,100.0,0.0,200.0,0.0,100.0,29351.0,100.0,48723379048.0,100.0,120239274598.0
2018-12-07,S300Z3WX,ST4000DM000,4000787030016,0,119,215694224,96.0,0.0,100.0,4.0,100.0,0.0,85.0,381863748.0,67,29720,100.0,0.0,100,4,100.0,0.0,100.0,0.0,100.0,0.0,100.0,0.0,100.0,0.0,77.0,23.0,100.0,0.0,100.0,0.0,76.0,48394.0,23,23,100.0,0.0,100.0,0.0,200.0,0.0,100.0,29375.0,100.0,48727200712.0,100.0,120409266815.0
2018-12-08,S300Z3WX,ST4000DM000,4000787030016,0,118,188058848,96.0,0.0,100.0,4.0,100.0,0.0,85.0,382945999.0,67,29744,100.0,0.0,100,4,100.0,0.0,100.0,0.0,100.0,0.0,100.0,0.0,100.0,0.0,77.0,23.0,100.0,0.0,100.0,0.0,76.0,48394.0,23,23,100.0,0.0,100.0,0.0,200.0,0.0,100.0,29399.0,100.0,48730401904.0,100.0,120528296712.0
2018-12-09,S300Z3WX,ST4000DM000,4000787030016,0,117,164297824,96.0,0.0,100.0,4.0,100.0,0.0,85.0,383954559.0,67,29767,100.0,0.0,100,4,100.0,0.0,100.0,0.0,100.0,0.0,100.0,0.0,100.0,0.0,77.0,23.0,100.0,0.0,100.0,0.0,76.0,48394.0,23,23,100.0,0.0,100.0,0.0,200.0,0.0,100.0,29423.0,100.0,48732241200.0,100.0,120682542471.0
2018-12-10,S300Z3WX,ST4000DM000,4000787030016,0,117,145638944,96.0,0.0,100.0,4.0,100.0,0.0,85.0,385584218.0,66,29792,100.0,0.0,100,4,100.0,0.0,100.0,0.0,100.0,0.0,100.0,0.0,100.0,0.0,77.0,23.0,100.0,0.0,100.0,0.0,76.0,48394.0,23,23,100.0,0.0,100.0,0.0,200.0,0.0,100.0,29447.0,100.0,48737844600.0,100.0,120828125441.0
2018-12-11,S300Z3WX,ST4000DM000,4000787030016,0,116,104107872,96.0,0.0,100.0,4.0,100.0,0.0,85.0,386754289.0,66,29816,100.0,0.0,100,4,100.0,0.0,100.0,0.0,100.0,0.0,100.0,0.0,100.0,0.0,77.0,23.0,100.0,0.0,100.0,0.0,76.0,48394.0,23,23,100.0,0.0,100.0,0.0,200.0,0.0,100.0,29472.0,100.0,48741034464.0,100.0,120970926950.0
2018-12-12,S300Z3WX,ST4000DM000,4000787030016,0,116,102702616,96.0,0.0,100.0,4.0,100.0,0.0,85.0,388061442.0,66,29839,100.0,0.0,100,4,100.0,0.0,100.0,0.0,100.0,0.0,100.0,0.0,100.0,0.0,77.0,23.0,100.0,0.0,100.0,0.0,76.0,48394.0,23,23,100.0,0.0,100.0,0.0,200.0,0.0,100.0,29495.0,100.0,48745873664.0,100.0,121076085251.0
2018-12-13,S300Z3WX,ST4000DM000,4000787030016,0,119,234746016,96.0,0.0,100.0,4.0,100.0,0.0,85.0,388528288.0,66,29864,100.0,0.0,100,4,100.0,0.0,100.0,0.0,100.0,0.0,100.0,0.0,100.0,0.0,76.0,24.0,100.0,0.0,100.0,0.0,76.0,48394.0,24,24,100.0,0.0,100.0,0.0,200.0,0.0,100.0,29519.0,100.0,48747526496.0,100.0,121170019148.0
2018-12-14,S300Z3WX,ST4000DM000,4000787030016,0,120,243165704,96.0,0.0,100.0,4.0,100.0,0.0,85.0,389547150.0,66,29887,100.0,0.0,100,4,100.0,0.0,100.0,0.0,100.0,0.0,100.0,0.0,100.0,0.0,76.0,24.0,100.0,0.0,100.0,0.0,76.0,48394.0,24,24,100.0,0.0,100.0,0.0,200.0,0.0,100.0,29543.0,100.0,48751214144.0,100.0,121338566932.0
2018-12-15,S300Z3WX,ST4000DM000,4000787030016,0,120,236369608,96.0,0.0,100.0,4.0,100.0,0.0,85.0,390189477.0,66,29911,100.0,0.0,100,4,100.0,0.0,100.0,0.0,100.0,0.0,100.0,0.0,100.0,0.0,76.0,24.0,100.0,0.0,100.0,0.0,76.0,48394.0,24,24,100.0,0.0,100.0,0.0,200.0,0.0,100.0,29567.0,100.0,48754697552.0,100.0,121470308184.0
2018-12-16,S300Z3WX,ST4000DM000,4000787030016,0,117,154847760,96.0,0.0,100.0,4.0,100.0,0.0,85.0,390581702.0,66,29936,100.0,0.0,100,4,100.0,0.0,100.0,0.0,100.0,0.0,100.0,0.0,100.0,0.0,76.0,24.0,100.0,0.0,100.0,0.0,76.0,48394.0,24,24,100.0,0.0,100.0,0.0,200.0,0.0,100.0,29591.0,100.0,48757199296.0,100.0,121608799989.0
2018-12-17,S300Z3WX,ST4000DM000,4000787030016,0,114,61934968,96.0,0.0,100.0,4.0,100.0,0.0,85.0,391780791.0,66,29960,100.0,0.0,100,4,100.0,0.0,100.0,0.0,100.0,0.0,100.0,0.0,100.0,0.0,76.0,24.0,100.0,0.0,100.0,0.0,76.0,48394.0,24,24,100.0,0.0,100.0,0.0,200.0,0.0,100.0,29615.0,100.0,48762282000.0,100.0,121754268299.0
2018-12-18,S300Z3WX,ST4000DM000,4000787030016,0,102,4683456,96.0,0.0,100.0,4.0,100.0,0.0,85.0,392189924.0,66,29984,100.0,0.0,100,4,100.0,0.0,100.0,0.0,100.0,0.0,100.0,0.0,100.0,0.0,76.0,24.0,100.0,0.0,100.0,0.0,76.0,48394.0,24,24,100.0,0.0,100.0,0.0,200.0,0.0,100.0,29639.0,100.0,48764910704.0,100.0,121935965374.0
2018-12-19,S300Z3WX,ST4000DM000,4000787030016,0,116,117204056,96.0,0.0,100.0,4.0,100.0,0.0,85.0,392709008.0,66,30008,100.0,0.0,100,4,100.0,0.0,100.0,0.0,100.0,0.0,100.0,0.0,100.0,0.0,76.0,24.0,100.0,0.0,100.0,0.0,76.0,48394.0,24,24,100.0,0.0,100.0,0.0,200.0,0.0,100.0,29664.0,100.0,48767580032.0,100.0,122078215303.0
2018-12-20,S300Z3WX,ST4000DM000,4000787030016,0,109,23465216,96.0,0.0,100.0,4.0,100.0,0.0,85.0,394432466.0,66,30032,100.0,0.0,100,4,100.0,0.0,100.0,0.0,100.0,0.0,100.0,0.0,100.0,0.0,76.0,24.0,100.0,0.0,100.0,0.0,76.0,48394.0,24,24,100.0,0.0,100.0,0.0,200.0,0.0,100.0,29687.0,100.0,48773225312.0,100.0,122238694598.0
2018-12-21,S300Z3WX,ST4000DM000,4000787030016,0,120,236705456,96.0,0.0,100.0,4.0,100.0,0.0,85.0,395886086.0,66,30055,100.0,0.0,100,4,100.0,0.0,100.0,0.0,100.0,0.0,100.0,0.0,100.0,0.0,76.0,24.0,100.0,0.0,100.0,0.0,76.0,48394.0,24,24,100.0,0.0,100.0,0.0,200.0,0.0,100.0,29711.0,100.0,48776828232.0,100.0,122441870136.0
2018-12-22,S300Z3WX,ST4000DM000,4000787030016,0,106,10651328,96.0,0.0,100.0,4.0,100.0,0.0,85.0,397318088.0,66,30079,100.0,0.0,100,4,100.0,0.0,100.0,0.0,100.0,0.0,100.0,0.0,100.0,0.0,76.0,24.0,100.0,0.0,100.0,0.0,76.0,48394.0,24,24,100.0,0.0,100.0,0.0,200.0,0.0,100.0,29735.0,100.0,48780890248.0,100.0,122642287446.0
2018-12-23,S300Z3WX,ST4000DM000,4000787030016,0,111,40861808,96.0,0.0,100.0,4.0,100.0,0.0,85.0,398279279.0,66,30103,100.0,0.0,100,4,100.0,0.0,100.0,0.0,100.0,0.0,100.0,0.0,100.0,0.0,76.0,24.0,100.0,0.0,100.0,0.0,76.0,48394.0,24,24,100.0,0.0,100.0,0.0,200.0,0.0,100.0,29759.0,100.0,48782858792.0,100.0,122792915397.0
2018-12-24,S300Z3WX,ST4000DM000,4000787030016,0,117,137751672,96.0,0.0,100.0,4.0,100.0,0.0,85.0,400381845.0,66,30127,100.0,0.0,100,4,100.0,0.0,100.0,0.0,100.0,0.0,100.0,0.0,100.0,0.0,76.0,24.0,100.0,0.0,100.0,0.0,76.0,48394.0,24,24,100.0,0.0,100.0,0.0,200.0,0.0,100.0,29782.0,100.0,48787380344.0,100.0,122943730100.0
2018-12-25,S300Z3WX,ST4000DM000,4000787030016,0,118,185716752,96.0,0.0,100.0,4.0,100.0,0.0,85.0,401715610.0,66,30152,100.0,0.0,100,4,100.0,0.0,100.0,0.0,100.0,0.0,100.0,0.0,100.0,0.0,76.0,24.0,100.0,0.0,100.0,0.0,76.0,48394.0,24,24,100.0,0.0,100.0,0.0,200.0,0.0,100.0,29807.0,100.0,48789199840.0,100.0,123124989337.0
2018-12-26,S300Z3WX,ST4000DM000,4000787030016,0,118,186717776,96.0,0.0,100.0,4.0,100.0,0.0,85.0,402278561.0,66,30175,100.0,0.0,100,4,100.0,0.0,100.0,0.0,100.0,0.0,100.0,0.0,100.0,0.0,76.0,24.0,100.0,0.0,100.0,0.0,76.0,48394.0,24,24,100.0,0.0,100.0,0.0,200.0,0.0,100.0,29831.0,100.0,48791070976.0,100.0,123251497998.0
2018-12-27,S300Z3WX,ST4000DM000,4000787030016,0,117,166817120,96.0,0.0,100.0,4.0,100.0,0.0,86.0,403027153.0,66,30199,100.0,0.0,100,4,100.0,0.0,100.0,0.0,100.0,0.0,100.0,0.0,100.0,0.0,76.0,24.0,100.0,0.0,100.0,0.0,76.0,48394.0,24,24,100.0,0.0,100.0,0.0,200.0,0.0,100.0,29855.0,100.0,48793077304.0,100.0,123397892653.0
2018-12-28,S300Z3WX,ST4000DM000,4000787030016,0,118,168090800,96.0,0.0,100.0,4.0,100.0,0.0,86.0,404519542.0,66,30223,100.0,0.0,100,4,100.0,0.0,100.0,0.0,100.0,0.0,100.0,0.0,100.0,0.0,76.0,24.0,100.0,0.0,100.0,0.0,76.0,48394.0,24,24,100.0,0.0,100.0,0.0,200.0,0.0,100.0,29879.0,100.0,48796885272.0,100.0,123565167394.0
2018-12-29,S300Z3WX,ST4000DM000,4000787030016,0,108,18406016,96.0,0.0,100.0,4.0,100.0,0.0,86.0,405860724.0,66,30247,100.0,0.0,100,4,100.0,0.0,100.0,0.0,100.0,0.0,100.0,0.0,100.0,0.0,76.0,24.0,100.0,0.0,100.0,0.0,76.0,48394.0,24,24,100.0,0.0,100.0,0.0,200.0,0.0,100.0,29903.0,100.0,48801525608.0,100.0,123718871773.0
2018-12-30,S300Z3WX,ST4000DM000,4000787030016,0,118,170054256,96.0,0.0,100.0,4.0,100.0,0.0,86.0,408088194.0,66,30272,100.0,0.0,100,4,100.0,0.0,100.0,0.0,100.0,0.0,100.0,0.0,100.0,0.0,77.0,23.0,100.0,0.0,100.0,0.0,76.0,48394.0,23,23,100.0,0.0,100.0,0.0,200.0,0.0,100.0,29927.0,100.0,48808545008.0,100.0,123902662344.0
2018-12-31,S300Z3WX,ST4000DM000,4000787030016,0,111,35876600,96.0,0.0,100.0,4.0,100.0,0.0,86.0,409562058.0,66,30296,100.0,0.0,100,4,100.0,0.0,100.0,0.0,100.0,0.0,100.0,0.0,100.0,0.0,77.0,23.0,100.0,0.0,100.0,0.0,76.0,48394.0,23,23,100.0,0.0,100.0,0.0,200.0,0.0,100.0,29951.0,100.0,48810996128.0,100.0,124051649066.0
