2018-01-01,S300VL85,ST4000DM000,4000787030016,0,108,15558200,100,0,100,2,100,0,89,870174224,76,21622,100,0,100,0,100.0,0.0,100.0,0.0,100.0,0.0,100.0,0.0,100.0,0.0,76.0,24.0,100.0,0.0,100.0,0.0,37.0,127755.0,24,24,100,0,100,0,200,0,100.0,21107.0,100.0,35910928464.0,100.0,72104675051.0
2018-01-02,S300VL85,ST4000DM000,4000787030016,0,118,194474128,100,0,100,2,100,0,89,870637101,76,21645,100,0,100,0,100.0,0.0,100.0,0.0,100.0,0.0,100.0,0.0,100.0,0.0,76.0,24.0,100.0,0.0,100.0,0.0,37.0,127755.0,24,24,100,0,100,0,200,0,100.0,21130.0,100.0,35912734608.0,100.0,72275112716.0
2018-01-03,S300VL85,ST4000DM000,4000787030016,0,108,15883896,100,0,100,2,100,0,89,870812904,76,21657,100,0,100,0,100.0,0.0,100.0,0.0,100.0,0.0,100.0,0.0,100.0,0.0,75.0,25.0,100.0,0.0,100.0,0.0,37.0,127755.0,25,25,100,0,100,0,200,0,100.0,21142.0,100.0,35913534872.0,100.0,72360192438.0
2018-01-04,S300VL85,ST4000DM000,4000787030016,0,117,121533848,100,0,100,2,100,0,89,872099168,76,21694,100,0,100,0,100.0,0.0,100.0,0.0,100.0,0.0,100.0,0.0,100.0,0.0,76.0,24.0,100.0,0.0,100.0,0.0,37.0,127758.0,24,24,100,0,100,0,200,0,100.0,21179.0,100.0,35917569352.0,100.0,72611010991.0
2018-01-05,S300VL85,ST4000DM000,4000787030016,0,111.0,40306464.0,100.0,0.0,100.0,2.0,100.0,0.0,89.0,872474580.0,76.0,21718.0,100.0,0.0,100.0,0.0,100.0,0.0,100.0,0.0,100.0,0.0,100.0,0.0,100.0,0.0,76.0,24.0,100.0,0.0,100.0,0.0,37.0,127761.0,24.0,24.0,100.0,0.0,100.0,0.0,200.0,0.0,100.0,21204.0,100.0,35919327064.0,100.0,72802632229.0
2018-01-06,S300VL85,ST4000DM000,4000787030016,0,108,20481280,100,0,100,2,100,0,89,872700211,76,21731,100,0,100,0,100.0,0.0,100.0,0.0,100.0,0.0,100.0,0.0,100.0,0.0,76.0,24.0,100.0,0.0,100.0,0.0,37.0,127761.0,24,24,100,0,100,0,200,0,100.0,21216.0,100.0,35920252192.0,100.0,72901635997.0
2018-01-07,S300VL85,ST4000DM000,4000787030016,0,117,163246472,100,0,100,2,100,0,89,873345447,76,21767,100,0,100,0,100.0,0.0,100.0,0.0,100.0,0.0,100.0,0.0,100.0,0.0,78.0,22.0,100.0,0.0,100.0,0.0,37.0,127761.0,22,22,100,0,100,0,200,0,100.0,21252.0,100.0,35923047464.0,100.0,73174282827.0
2018-01-08,S300VL85,ST4000DM000,4000787030016,0,113,55183240,100,0,100,2,100,0,89,874173214,76,21791,100,0,100,0,100.0,0.0,100.0,0.0,100.0,0.0,100.0,0.0,100.0,0.0,78.0,22.0,100.0,0.0,100.0,0.0,37.0,127761.0,22,22,100,0,100,0,200,0,100.0,21276.0,100.0,35925807528.0,100.0,73350390441.0
2018-01-09,S300VL85,ST4000DM000,4000787030016,0,119,220460136,100,0,100,2,100,0,89,874914342,76,21815,100,0,100,0,100.0,0.0,100.0,0.0,100.0,0.0,100.0,0.0,100.0,0.0,78.0,22.0,100.0,0.0,100.0,0.0,37.0,127761.0,22,22,100,0,100,0,200,0,100.0,21300.0,100.0,35930783848.0,100.0,73511381728.0
2018-01-10,S300VL85,ST4000DM000,4000787030016,0,118,193196176,100,0,100,2,100,0,89,876356521,76,21841,100,0,100,0,100.0,0.0,100.0,0.0,100.0,0.0,100.0,0.0,100.0,0.0,78.0,22.0,100.0,0.0,100.0,0.0,37.0,127761.0,22,22,100,0,100,0,200,0,100.0,21326.0,100.0,35957452160.0,100.0,73671605207.0
2018-01-11,S300VL85,ST4000DM000,4000787030016,0,113,56359248,100,0,100,2,100,0,89,877833597,76,21873,100,0,100,0,100.0,0.0,100.0,0.0,100.0,0.0,100.0,0.0,100.0,0.0,77.0,23.0,100.0,0.0,100.0,0.0,37.0,127767.0,23,23,100,0,100,0,200,0,100.0,21358.0,100.0,35969909120.0,100.0,73837610687.0
2018-01-12,S300VL85,ST4000DM000,4000787030016,0,117,154069800,100,0,100,2,100,0,89,878839497,76,21896,100,0,100,0,100.0,0.0,100.0,0.0,100.0,0.0,100.0,0.0,100.0,0.0,77.0,23.0,100.0,0.0,100.0,0.0,37.0,127767.0,23,23,100,0,100,0,200,0,100.0,21381.0,100.0,35975171232.0,100.0,74022766400.0
2018-01-13,S300VL85,ST4000DM000,4000787030016,0,105.0,8193040.0,100.0,0.0,100.0,2.0,100,0,89.0,879950087.0,75,21920,100.0,0.0,100,0,100.0,0.0,100.0,0.0,100.0,0.0,100.0,0.0,100.0,0.0,76.0,24.0,100.0,0.0,100.0,0.0,37.0,127767.0,24.0,24.0,100.0,0.0,100.0,0.0,200,0,100.0,21405.0,100.0,35981397304.0,100.0,74223281799.0
2018-01-14,S300VL85,ST4000DM000,4000787030016,0,118.0,169575488.0,100.0,0.0,100.0,2.0,100,0,89.0,881262187.0,75,21943,100.0,0.0,100,0,100.0,0.0,100.0,0.0,100.0,0.0,100.0,0.0,100.0,0.0,77.0,23.0,100.0,0.0,100.0,0.0,37.0,127767.0,23.0,23.0,100.0,0.0,100.0,0.0,200,0,100.0,21428.0,100.0,35989819160.0,100.0,74432205160.0
2018-01-15,S300VL85,ST4000DM000,4000787030016,0,111.0,30091520.0,100.0,0.0,100.0,2.0,100,0,89.0,883382736.0,75,21967,100.0,0.0,100,0,100.0,0.0,100.0,0.0,100.0,0.0,100.0,0.0,100.0,0.0,77.0,23.0,100.0,0.0,100.0,0.0,37.0,127767.0,23.0,23.0,100.0,0.0,100.0,0.0,200,0,100.0,21452.0,100.0,36001544824.0,100.0,74643839522.0
2018-01-16,S300VL85,ST4000DM000,4000787030016,0,117.0,121861560.0,100.0,0.0,100.0,2.0,100,0,89.0,885120853.0,75,21992,100.0,0.0,100,0,100.0,0.0,100.0,0.0,100.0,0.0,100.0,0.0,100.0,0.0,77.0,23.0,100.0,0.0,100.0,0.0,37.0,127767.0,23.0,23.0,100.0,0.0,100.0,0.0,200,0,100.0,21477.0,100.0,36019679416.0,100.0,74844899030.0
2018-01-17,S300VL85,ST4000DM000,4000787030016,0,118.0,170948624.0,100.0,0.0,100.0,2.0,100,0,89.0,886424765.0,75,22016,100.0,0.0,100,0,100.0,0.0,100.0,0.0,100.0,0.0,100.0,0.0,100.0,0.0,78.0,22.0,100.0,0.0,100.0,0.0,37.0,127767.0,22.0,22.0,100.0,0.0,100.0,0.0,200,0,100.0,21501.0,100.0,36030460712.0,100.0,74966018843.0
2018-01-18,S300VL85,ST4000DM000,4000787030016,0,114.0,79412728.0,100.0,0.0,100.0,2.0,100.0,0.0,89.0,887320652.0,75.0,22031.0,100.0,0.0,100.0,0.0,100.0,0.0,100.0,0.0,100.0,0.0,100.0,0.0,100.0,0.0,78.0,22.0,100.0,0.0,100.0,0.0,37.0,127767.0,22.0,22.0,100.0,0.0,100.0,0.0,200.0,0.0,100.0,21516.0,100.0,36038542192.0,100.0,75040789673.0
2018-01-19,S300VL85,ST4000DM000,4000787030016,0,117.0,141772808.0,100.0,0.0,100.0,2.0,100.0,0.0,89.0,888817448.0,75.0,22055.0,100.0,0.0,100.0,0.0,100.0,0.0,100.0,0.0,100.0,0.0,100.0,0.0,100.0,0.0,78.0,22.0,100.0,0.0,100.0,0.0,37.0,127771.0,22.0,22.0,100.0,0.0,100.0,0.0,200.0,0.0,100.0,21540.0,100.0,36060001328.0,100.0,75231536687.0
2018-01-20,S300VL85,ST4000DM000,4000787030016,0,117.0,120099168.0,100.0,0.0,100.0,2.0,100,0,89.0,891141831.0,75,22079,100.0,0.0,100,0,100.0,0.0,100.0,0.0,100.0,0.0,100.0,0.0,100.0,0.0,78.0,22.0,100.0,0.0,100.0,0.0,37.0,127771.0,22.0,22.0,100.0,0.0,100.0,0.0,200,0,100.0,21564.0,100.0,36082980184.0,100.0,75399930455.0
2018-01-21,S300VL85,ST4000DM000,4000787030016,0,111.0,31032904.0,100.0,0.0,100.0,2.0,100,0,89.0,892411753.0,75,22102,100.0,0.0,100,0,100.0,0.0,100.0,0.0,100.0,0.0,100.0,0.0,100.0,0.0,78.0,22.0,100.0,0.0,100.0,0.0,37.0,127771.0,22.0,22.0,100.0,0.0,100.0,0.0,200,0,100.0,21587.0,100.0,36116051824.0,100.0,75560349226.0
2018-01-22,S300VL85,ST4000DM000,4000787030016,0,113.0,51897304.0,100.0,0.0,100.0,2.0,100,0,89.0,894949956.0,75,22127,100.0,0.0,100,0,100.0,0.0,100.0,0.0,100.0,0.0,100.0,0.0,100.0,0.0,79.0,21.0,100.0,0.0,100.0,0.0,37.0,127771.0,21.0,21.0,100.0,0.0,100.0,0.0,200,0,100.0,21612.0,100.0,36150144712.0,100.0,75764039531.0
2018-01-23,S300VL85,ST4000DM000,4000787030016,0,112.0,43572888.0,100.0,0.0,100.0,2.0,100,0,89.0,896786737.0,75,22151,100.0,0.0,100,0,100.0,0.0,100.0,0.0,100.0,0.0,100.0,0.0,100.0,0.0,79.0,21.0,100.0,0.0,100.0,0.0,37.0,127771.0,21.0,21.0,100.0,0.0,100.0,0.0,200,0,100.0,21636.0,100.0,36173902888.0,100.0,75942339922.0
2018-01-24,S300VL85,ST4000DM000,4000787030016,0,118.0,193090216.0,100.0,0.0,100.0,2.0,100,0,89.0,899297572.0,75,22183,100.0,0.0,100,0,100.0,0.0,100.0,0.0,100.0,0.0,100.0,0.0,100.0,0.0,79.0,21.0,100.0,0.0,100.0,0.0,37.0,127771.0,21.0,21.0,100.0,0.0,100.0,0.0,200,0,100.0,21668.0,100.0,36217448712.0,100.0,76141961726.0
2018-01-25,S300VL85,ST4000DM000,4000787030016,0,116.0,114239512.0,100.0,0.0,100.0,2.0,100,0,89.0,900522168.0,75,22199,100.0,0.0,100,0,100.0,0.0,100.0,0.0,100.0,0.0,100.0,0.0,100.0,0.0,78.0,22.0,100.0,0.0,100.0,0.0,37.0,127771.0,22.0,22.0,100.0,0.0,100.0,0.0,200,0,100.0,21684.0,100.0,36241888408.0,100.0,76225143216.0
2018-01-26,S300VL85,ST4000DM000,4000787030016,0,113.0,55966568.0,100.0,0.0,100.0,2.0,100,0,89.0,901514435.0,75,22223,100.0,0.0,100,0,100.0,0.0,100.0,0.0,100.0,0.0,100.0,0.0,100.0,0.0,78.0,22.0,100.0,0.0,100.0,0.0,37.0,127773.0,22.0,22.0,100.0,0.0,100.0,0.0,200,0,100.0,21708.0,100.0,36265040272.0,100.0,76337674563.0
2018-01-27,S300VL85,ST4000DM000,4000787030016,0,116.0,111620920.0,100.0,0.0,100.0,2.0,100,0,89.0,902906704.0,75,22248,100.0,0.0,100,0,100.0,0.0,100.0,0.0,100.0,0.0,100.0,0.0,100.0,0.0,79.0,21.0,100.0,0.0,100.0,0.0,37.0,127773.0,21.0,21.0,100.0,0.0,100.0,0.0,200,0,100.0,21733.0,100.0,36293379520.0,100.0,76516668353.0
2018-01-28,S300VL85,ST4000DM000,4000787030016,0,119.0,224524408.0,100.0,0.0,100.0,2.0,100,0,89.0,904309546.0,75,22271,100.0,0.0,100,0,100.0,0.0,100.0,0.0,100.0,0.0,100.0,0.0,100.0,0.0,79.0,21.0,100.0,0.0,100.0,0.0,37.0,127773.0,21.0,21.0,100.0,0.0,100.0,0.0,200,0,100.0,21756.0,100.0,36322916096.0,100.0,76690421739.0
2018-01-29,S300VL85,ST4000DM000,4000787030016,0,115.0,97868160.0,100.0,0.0,100.0,2.0,100,0,89.0,906921834.0,75,22296,100.0,0.0,100,0,100.0,0.0,100.0,0.0,100.0,0.0,100.0,0.0,100.0,0.0,79.0,21.0,100.0,0.0,100.0,0.0,37.0,127773.0,21.0,21.0,100.0,0.0,100.0,0.0,200,0,100.0,21781.0,100.0,36348631880.0,100.0,76889877997.0
2018-01-30,S300VL85,ST4000DM000,4000787030016,0,111.0,38920784.0,100.0,0.0,100.0,2.0,100,0,89.0,908877907.0,75,22328,100.0,0.0,100,0,100.0,0.0,100.0,0.0,100.0,0.0,100.0,0.0,100.0,0.0,79.0,21.0,100.0,0.0,100.0,0.0,37.0,127776.0,21.0,21.0,100.0,0.0,100.0,0.0,200,0,100.0,21813.0,100.0,36375639664.0,100.0,77090425963.0
2018-01-31,S300VL85,ST4000DM000,4000787030016,0,116.0,114646392.0,100.0,0.0,100.0,2.0,100.0,0.0,89.0,910592300.0,75.0,22352.0,100.0,0.0,100.0,0.0,100.0,0.0,100.0,0.0,100.0,0.0,100.0,0.0,100.0,0.0,78.0,22.0,100.0,0.0,100.0,0.0,37.0,127776.0,22.0,22.0,100.0,0.0,100.0,0.0,200.0,0.0,100.0,21837.0,100.0,36398477784.0,100.0,77207112118.0
2018-02-01,S300VL85,ST4000DM000,4000787030016,0,115.0,86681304.0,100.0,0.0,100.0,2.0,100,0,89.0,911959963.0,75,22376,100.0,0.0,100,0,100.0,0.0,100.0,0.0,100.0,0.0,100.0,0.0,100.0,0.0,78.0,22.0,100.0,0.0,100.0,0.0,37.0,127776.0,22.0,22.0,100.0,0.0,100.0,0.0,200,0,100.0,21861.0,100.0,36422537704.0,100.0,77362744505.0
2018-02-02,S300VL85,ST4000DM000,4000787030016,0,118.0,187675040.0,100.0,0.0,100.0,2.0,100,0,89.0,913060828.0,75,22400,100.0,0.0,100,0,100.0,0.0,100.0,0.0,100.0,0.0,100.0,0.0,100.0,0.0,78.0,22.0,100.0,0.0,100.0,0.0,37.0,127776.0,22.0,22.0,100.0,0.0,100.0,0.0,200,0,100.0,21885.0,100.0,36444627496.0,100.0,77530988185.0
2018-02-03,S300VL85,ST4000DM000,4000787030016,0,119.0,213608376.0,100.0,0.0,100.0,2.0,100,0,89.0,914222920.0,75,22424,100.0,0.0,100,0,100.0,0.0,100.0,0.0,100.0,0.0,100.0,0.0,100.0,0.0,78.0,22.0,100.0,0.0,100.0,0.0,37.0,127776.0,22.0,22.0,100.0,0.0,100.0,0.0,200,0,100.0,21909.0,100.0,36452396024.0,100.0,77715616712.0
2018-02-04,S300VL85,ST4000DM000,4000787030016,0,111.0,30138888.0,100.0,0.0,100.0,2.0,100,0,89.0,915141276.0,75,22444,100.0,0.0,100,0,100.0,0.0,100.0,0.0,100.0,0.0,100.0,0.0,100.0,0.0,78.0,22.0,100.0,0.0,100.0,0.0,37.0,127776.0,22.0,22.0,100.0,0.0,100.0,0.0,200,0,100.0,21929.0,100.0,36457392120.0,100.0,77853809929.0
2018-02-05,S300VL85,ST4000DM000,4000787030016,0,116.0,110729960.0,100.0,0.0,100.0,2.0,100,0,89.0,917431762.0,75,22467,100.0,0.0,100,0,100.0,0.0,100.0,0.0,100.0,0.0,100.0,0.0,100.0,0.0,78.0,22.0,100.0,0.0,100.0,0.0,37.0,127776.0,22.0,22.0,100.0,0.0,100.0,0.0,200,0,100.0,21952.0,100.0,36464372168.0,100.0,78045743566.0
2018-02-06,S300VL85,ST4000DM000,4000787030016,0,117.0,144317944.0,100.0,0.0,100.0,2.0,100,0,89.0,919267834.0,75,22492,100.0,0.0,100,0,100.0,0.0,100.0,0.0,100.0,0.0,100.0,0.0,100.0,0.0,78.0,22.0,100.0,0.0,100.0,0.0,37.0,127776.0,22.0,22.0,100.0,0.0,100.0,0.0,200,0,100.0,21976.0,100.0,36472344768.0,100.0,78193663555.0
2018-02-07,S300VL85,ST4000DM000,4000787030016,0,116.0,101510384.0,100.0,0.0,100.0,2.0,100,0,89.0,920511533.0,75,22515,100.0,0.0,100,0,100.0,0.0,100.0,0.0,100.0,0.0,100.0,0.0,100.0,0.0,79.0,21.0,100.0,0.0,100.0,0.0,37.0,127776.0,21.0,21.0,100.0,0.0,100.0,0.0,200,0,100.0,22000.0,100.0,36480581784.0,100.0,78321216154.0
2018-02-08,S300VL85,ST4000DM000,4000787030016,0,116.0,106871784.0,100.0,0.0,100.0,2.0,100,0,89.0,922071379.0,75,22541,100.0,0.0,100,0,100.0,0.0,100.0,0.0,100.0,0.0,100.0,0.0,100.0,0.0,78.0,22.0,100.0,0.0,100.0,0.0,37.0,127780.0,22.0,22.0,100.0,0.0,100.0,0.0,200,0,100.0,22026.0,100.0,36490838856.0,100.0,78467801649.0
2018-02-09,S300VL85,ST4000DM000,4000787030016,0,115,85885656,100,0,100,2,100,0,89,923445761,75,22566,100,0,100,0,100.0,0.0,100.0,0.0,100.0,0.0,100.0,0.0,100.0,0.0,78.0,22.0,100.0,0.0,100.0,0.0,37.0,127780.0,22,22,100,0,100,0,200,0,100.0,22050.0,100.0,36501854248.0,100.0,78644609437.0
2018-02-10,S300VL85,ST4000DM000,4000787030016,0,114.0,80840560.0,100.0,0.0,100.0,2.0,100.0,0.0,89.0,924769308.0,75.0,22589.0,100.0,0.0,100.0,0.0,100.0,0.0,100.0,0.0,100.0,0.0,100.0,0.0,100.0,0.0,78.0,22.0,100.0,0.0,100.0,0.0,37.0,127780.0,22.0,22.0,100.0,0.0,100.0,0.0,200.0,0.0,100.0,22074.0,100.0,36517622488.0,100.0,78802750378.0
2018-02-11,S300VL85,ST4000DM000,4000787030016,0,115,86266320,100,0,100,2,100,0,89,926137284,75,22614,100,0,100,0,100.0,0.0,100.0,0.0,100.0,0.0,100.0,0.0,100.0,0.0,76.0,24.0,100.0,0.0,100.0,0.0,37.0,127780.0,24,24,100,0,100,0,200,0,100.0,22098.0,100.0,36533150152.0,100.0,78971780106.0
2018-02-12,S300VL85,ST4000DM000,4000787030016,0,120,236351872,100,0,100,2,100,0,89,928433016,75,22637,100,0,100,0,100.0,0.0,100.0,0.0,100.0,0.0,100.0,0.0,100.0,0.0,78.0,22.0,100.0,0.0,100.0,0.0,37.0,127780.0,22,22,100,0,100,0,200,0,100.0,22122.0,100.0,36550327968.0,100.0,79140936562.0
2018-02-13,S300VL85,ST4000DM000,4000787030016,0,113,51921456,100,0,100,2,100,0,89,930802926,75,22662,100,0,100,0,100.0,0.0,100.0,0.0,100.0,0.0,100.0,0.0,100.0,0.0,78.0,22.0,100.0,0.0,100.0,0.0,37.0,127780.0,22,22,100,0,100,0,200,0,100.0,22146.0,100.0,36578206024.0,100.0,79306800038.0
2018-02-14,S300VL85,ST4000DM000,4000787030016,0,117,143502000,100,0,100,2,100,0,89,932412651,75,22686,100,0,100,0,100.0,0.0,100.0,0.0,100.0,0.0,100.0,0.0,100.0,0.0,78.0,22.0,100.0,0.0,100.0,0.0,37.0,127780.0,22,22,100,0,100,0,200,0,100.0,22170.0,100.0,36605560096.0,100.0,79400896804.0
2018-02-15,S300VL85,ST4000DM000,4000787030016,0,118,191991800,100,0,100,2,100,0,89,933575131,75,22709,100,0,100,0,100.0,0.0,100.0,0.0,100.0,0.0,100.0,0.0,100.0,0.0,78.0,22.0,100.0,0.0,100.0,0.0,37.0,127780.0,22,22,100,0,100,0,200,0,100.0,22194.0,100.0,36632233152.0,100.0,79531278202.0
2018-02-16,S300VL85,ST4000DM000,4000787030016,0,111,41178960,100,0,100,2,100,0,89,934443384,75,22734,100,0,100,0,100.0,0.0,100.0,0.0,100.0,0.0,100.0,0.0,100.0,0.0,79.0,21.0,100.0,0.0,100.0,0.0,37.0,127780.0,21,21,100,0,100,0,200,0,100.0,22218.0,100.0,36660743784.0,100.0,79630682053.0
2018-02-17,S300VL85,ST4000DM000,4000787030016,0,118,169305800,100,0,100,2,100,0,89,935330761,75,22758,100,0,100,0,100.0,0.0,100.0,0.0,100.0,0.0,100.0,0.0,100.0,0.0,78.0,22.0,100.0,0.0,100.0,0.0,37.0,127780.0,22,22,100,0,100,0,200,0,100.0,22243.0,100.0,36686786704.0,100.0,79761096511.0
2018-02-18,S300VL85,ST4000DM000,4000787030016,0,111,39297256,100,0,100,2,100,0,89,936186441,74,22781,100,0,100,0,100.0,0.0,100.0,0.0,100.0,0.0,100.0,0.0,100.0,0.0,78.0,22.0,100.0,0.0,100.0,0.0,37.0,127780.0,22,22,100,0,100,0,200,0,100.0,22266.0,100.0,36710763008.0,100.0,79914070161.0
2018-02-19,S300VL85,ST4000DM000,4000787030016,0,117,124641272,100,0,100,2,100,0,89,937856084,74,22805,100,0,100,0,100.0,0.0,100.0,0.0,100.0,0.0,100.0,0.0,100.0,0.0,78.0,22.0,100.0,0.0,100.0,0.0,37.0,127780.0,22,22,100,0,100,0,200,0,100.0,22290.0,100.0,36739101872.0,100.0,80101006467.0
2018-02-20,S300VL85,ST4000DM000,4000787030016,0,116,113551288,100,0,100,2,100,0,89,938710653,74,22830,100,0,100,0,100.0,0.0,100.0,0.0,100.0,0.0,100.0,0.0,100.0,0.0,77.0,23.0,100.0,0.0,100.0,0.0,37.0,127780.0,23,23,100,0,100,0,200,0,100.0,22314.0,100.0,36767852792.0,100.0,80268827270.0
2018-02-21,S300VL85,ST4000DM000,4000787030016,0,111,37707256,100,0,100,2,100,0,90,939740004,74,22853,100,0,100,0,100.0,0.0,100.0,0.0,100.0,0.0,100.0,0.0,100.0,0.0,78.0,22.0,100.0,0.0,100.0,0.0,37.0,127780.0,22,22,100,0,100,0,200,0,100.0,22338.0,100.0,36788522160.0,100.0,80407980063.0
2018-02-22,S300VL85,ST4000DM000,4000787030016,0,101,3428464,100,0,100,2,100,0,90,940926493,74,22877,100,0,100,0,100.0,0.0,100.0,0.0,100.0,0.0,100.0,0.0,100.0,0.0,78.0,22.0,100.0,0.0,100.0,0.0,37.0,127783.0,22,22,100,0,100,0,200,0,100.0,22361.0,100.0,36815020640.0,100.0,80556344210.0
2018-02-23,S300VL85,ST4000DM000,4000787030016,0,113,52655240,100,0,100,2,100,0,90,943054086,74,22901,100,0,100,0,100.0,0.0,100.0,0.0,100.0,0.0,100.0,0.0,100.0,0.0,77.0,23.0,100.0,0.0,100.0,0.0,37.0,127783.0,23,23,100,0,100,0,200,0,100.0,22385.0,100.0,36852130768.0,100.0,80738232101.0
2018-02-24,S300VL85,ST4000DM000,4000787030016,0,117,167373072,100,0,100,2,100,0,90,943821725,74,22925,100,0,100,0,100.0,0.0,100.0,0.0,100.0,0.0,100.0,0.0,100.0,0.0,78.0,22.0,100.0,0.0,100.0,0.0,37.0,127783.0,22,22,100,0,100,0,200,0,100.0,22409.0,100.0,36874296760.0,100.0,80921606611.0
2018-02-25,S300VL85,ST4000DM000,4000787030016,0,117,132964496,100,0,100,2,100,0,90,944665929,74,22949,100,0,100,0,100.0,0.0,100.0,0.0,100.0,0.0,100.0,0.0,100.0,0.0,78.0,22.0,100.0,0.0,100.0,0.0,37.0,127783.0,22,22,100,0,100,0,200,0,100.0,22433.0,100.0,36899939968.0,100.0,81114242174.0
2018-02-26,S300VL85,ST4000DM000,4000787030016,0,118,178810736,100,0,100,2,100,0,90,946294412,74,22973,100,0,100,0,100.0,0.0,100.0,0.0,100.0,0.0,100.0,0.0,100.0,0.0,78.0,22.0,100.0,0.0,100.0,0.0,37.0,127783.0,22,22,100,0,100,0,200,0,100.0,22457.0,100.0,36927230456.0,100.0,81351931886.0
2018-02-27,S300VL85,ST4000DM000,4000787030016,0,114,65803360,100,0,100,2,100,0,90,947231752,74,22997,100,0,100,0,100.0,0.0,100.0,0.0,100.0,0.0,100.0,0.0,100.0,0.0,78.0,22.0,100.0,0.0,100.0,0.0,37.0,127783.0,22,22,100,0,100,0,200,0,100.0,22481.0,100.0,36939703848.0,100.0,81608766805.0
2018-02-28,S300VL85,ST4000DM000,4000787030016,0,117,159757552,100,0,100,2,100,0,90,948138400,74,23021,100,0,100,0,100.0,0.0,100.0,0.0,100.0,0.0,100.0,0.0,100.0,0.0,78.0,22.0,100.0,0.0,100.0,0.0,37.0,127783.0,22,22,100,0,100,0,200,0,100.0,22505.0,100.0,36965120864.0,100.0,81760807297.0
2018-03-01,S300VL85,ST4000DM000,4000787030016,0,113,55417248,100,0,100,2,100,0,90,949445543,74,23047,100,0,100,0,100.0,0.0,100.0,0.0,100.0,0.0,100.0,0.0,100.0,0.0,78.0,22.0,100.0,0.0,100.0,0.0,37.0,127785.0,22,22,100,0,100,0,200,0,100.0,22532.0,100.0,36998681368.0,100.0,81887451442.0
2018-03-02,S300VL85,ST4000DM000,4000787030016,0,119,222697552,100,0,100,2,100,0,90,950238820,74,23072,100,0,100,0,100.0,0.0,100.0,0.0,100.0,0.0,100.0,0.0,100.0,0.0,77.0,23.0,100.0,0.0,100.0,0.0,37.0,127785.0,23,23,100,0,100,0,200,0,100.0,22556.0,100.0,37023163816.0,100.0,82003921411.0
2018-03-03,S300VL85,ST4000DM000,4000787030016,0,119,234206984,100,0,100,2,100,0,90,951324961,74,23095,100,0,100,0,100.0,0.0,100.0,0.0,100.0,0.0,100.0,0.0,100.0,0.0,78.0,22.0,100.0,0.0,100.0,0.0,37.0,127785.0,22,22,100,0,100,0,200,0,100.0,22580.0,100.0,37056163664.0,100.0,82150506624.0
2018-03-04,S300VL85,ST4000DM000,4000787030016,0,117,135676736,100,0,100,2,100,0,90,952495239,74,23120,100,0,100,0,100.0,0.0,100.0,0.0,100.0,0.0,100.0,0.0,100.0,0.0,78.0,22.0,100.0,0.0,100.0,0.0,37.0,127785.0,22,22,100,0,100,0,200,0,100.0,22604.0,100.0,37093086696.0,100.0,82309465758.0
2018-03-05,S300VL85,ST4000DM000,4000787030016,0,119,228821704,100,0,100,2,100,0,90,954684637,74,23144,100,0,100,0,100.0,0.0,100.0,0.0,100.0,0.0,100.0,0.0,100.0,0.0,78.0,22.0,100.0,0.0,100.0,0.0,37.0,127785.0,22,22,100,0,100,0,200,0,100.0,22628.0,100.0,37130647208.0,100.0,82522337774.0
2018-03-06,S300VL85,ST4000DM000,4000787030016,0,114,82947048,100,0,100,2,100,0,90,955870551,74,23162,100,0,100,0,100.0,0.0,100.0,0.0,100.0,0.0,100.0,0.0,100.0,0.0,78.0,22.0,100.0,0.0,100.0,0.0,37.0,127785.0,22,22,100,0,100,0,200,0,100.0,22646.0,100.0,37157294544.0,100.0,82691686662.0
2018-03-07,S300VL85,ST4000DM000,4000787030016,0,117.0,159143792.0,100.0,0.0,100.0,2.0,100.0,0.0,90.0,956908630.0,74.0,23185.0,100.0,0.0,100.0,0.0,100.0,0.0,100.0,0.0,100.0,0.0,100.0,0.0,100.0,0.0,78.0,22.0,100.0,0.0,100.0,0.0,37.0,127785.0,22.0,22.0,100.0,0.0,100.0,0.0,200.0,0.0,100.0,22670.0,100.0,37181246384.0,100.0,82836601887.0
2018-03-08,S300VL85,ST4000DM000,4000787030016,0,117,134806600,100,0,100,2,100,0,90,958648091,74,23215,100,0,100,0,100.0,0.0,100.0,0.0,100.0,0.0,100.0,0.0,100.0,0.0,78.0,22.0,100.0,0.0,100.0,0.0,37.0,127785.0,22,22,100,0,100,0,200,0,100.0,22699.0,100.0,37229867624.0,100.0,82952967208.0
2018-03-09,S300VL85,ST4000DM000,4000787030016,0,108,20932984,100,0,100,2,100,0,90,960145020,74,23239,100,0,100,0,100.0,0.0,100.0,0.0,100.0,0.0,100.0,0.0,100.0,0.0,78.0,22.0,100.0,0.0,100.0,0.0,37.0,127785.0,22,22,100,0,100,0,200,0,100.0,22723.0,100.0,37265812520.0,100.0,83143948250.0
2018-03-10,S300VL85,ST4000DM000,4000787030016,0,117,159262792,100,0,100,2,100,0,90,961723762,74,23263,100,0,100,0,100.0,0.0,100.0,0.0,100.0,0.0,100.0,0.0,100.0,0.0,78.0,22.0,100.0,0.0,100.0,0.0,37.0,127785.0,22,22,100,0,100,0,200,0,100.0,22747.0,100.0,37303879928.0,100.0,83327433020.0
2018-03-11,S300VL85,ST4000DM000,4000787030016,0,114,80386824,100,0,100,2,100,0,90,964385399,74,23287,100,0,100,0,100.0,0.0,100.0,0.0,100.0,0.0,100.0,0.0,100.0,0.0,78.0,22.0,100.0,0.0,100.0,0.0,37.0,127785.0,22,22,100,0,100,0,200,0,100.0,22772.0,100.0,37352230776.0,100.0,83516143198.0
2018-03-12,S300VL85,ST4000DM000,4000787030016,0,118,180781472,100,0,100,2,100,0,90,966696752,74,23311,100,0,100,0,100.0,0.0,100.0,0.0,100.0,0.0,100.0,0.0,100.0,0.0,78.0,22.0,100.0,0.0,100.0,0.0,37.0,127785.0,22,22,100,0,100,0,200,0,100.0,22796.0,100.0,37410712608.0,100.0,83674566595.0
2018-03-13,S300VL85,ST4000DM000,4000787030016,0,117,151671704,100,0,100,2,100,0,90,968217809,74,23335,100,0,100,0,100.0,0.0,100.0,0.0,100.0,0.0,100.0,0.0,100.0,0.0,78.0,22.0,100.0,0.0,100.0,0.0,37.0,127785.0,22,22,100,0,100,0,200,0,100.0,22820.0,100.0,37444707632.0,100.0,83857876429.0
2018-03-14,S300VL85,ST4000DM000,4000787030016,0,115,97439408,100,0,100,2,100,0,90,970051721,74,23359,100,0,100,0,100.0,0.0,100.0,0.0,100.0,0.0,100.0,0.0,100.0,0.0,78.0,22.0,100.0,0.0,100.0,0.0,37.0,127785.0,22,22,100,0,100,0,200,0,100.0,22844.0,100.0,37471067280.0,100.0,83982673512.0
2018-03-15,S300VL85,ST4000DM000,4000787030016,0,117,121396792,100,0,100,2,100,0,90,971797634,74,23383,100,0,100,0,100.0,0.0,100.0,0.0,100.0,0.0,100.0,0.0,100.0,0.0,78.0,22.0,100.0,0.0,100.0,0.0,37.0,127789.0,22,22,100,0,100,0,200,0,100.0,22867.0,100.0,37513321544.0,100.0,84141704286.0
2018-03-16,S300VL85,ST4000DM000,4000787030016,0,117.0,139879200.0,100.0,0.0,100.0,2.0,100.0,0.0,90.0,972781612.0,74.0,23407.0,100.0,0.0,100.0,0.0,100.0,0.0,100.0,0.0,100.0,0.0,100.0,0.0,100.0,0.0,78.0,22.0,100.0,0.0,100.0,0.0,37.0,127789.0,22.0,22.0,100.0,0.0,100.0,0.0,200.0,0.0,100.0,22892.0,100.0,37556368456.0,100.0,84235294917.0
2018-03-17,S300VL85,ST4000DM000,4000787030016,0,117,155835328,100,0,100,2,100,0,90,973864443,74,23431,100,0,100,0,100.0,0.0,100.0,0.0,100.0,0.0,100.0,0.0,100.0,0.0,77.0,23.0,100.0,0.0,100.0,0.0,37.0,127789.0,23,23,100,0,100,0,200,0,100.0,22915.0,100.0,37591355672.0,100.0,84373924356.0
2018-03-18,S300VL85,ST4000DM000,4000787030016,0,119,228264456,100,0,100,2,100,0,90,976022945,74,23454,100,0,100,0,100.0,0.0,100.0,0.0,100.0,0.0,100.0,0.0,100.0,0.0,78.0,22.0,100.0,0.0,100.0,0.0,37.0,127789.0,22,22,100,0,100,0,200,0,100.0,22939.0,100.0,37640375312.0,100.0,84558156803.0
2018-03-19,S300VL85,ST4000DM000,4000787030016,0,104,6827816,100,0,100,2,100,0,90,978591393,74,23479,100,0,100,0,100.0,0.0,100.0,0.0,100.0,0.0,100.0,0.0,100.0,0.0,78.0,22.0,100.0,0.0,100.0,0.0,37.0,127789.0,22,22,100,0,100,0,200,0,100.0,22963.0,100.0,37702660624.0,100.0,84744962447.0
2018-03-20,S300VL85,ST4000DM000,4000787030016,0,118,192714984,100,0,100,2,100,0,90,980562582,74,23503,100,0,100,0,100.0,0.0,100.0,0.0,100.0,0.0,100.0,0.0,100.0,0.0,78.0,22.0,100.0,0.0,100.0,0.0,37.0,127789.0,22,22,100,0,100,0,200,0,100.0,22987.0,100.0,37742383264.0,100.0,84933829972.0
2018-03-21,S300VL85,ST4000DM000,4000787030016,0,112,46097616,100,0,100,2,100,0,90,982517121,74,23527,100,0,100,0,100.0,0.0,100.0,0.0,100.0,0.0,100.0,0.0,100.0,0.0,78.0,22.0,100.0,0.0,100.0,0.0,37.0,127789.0,22,22,100,0,100,0,200,0,100.0,23011.0,100.0,37793555952.0,100.0,85060558905.0
2018-03-22,S300VL85,ST4000DM000,4000787030016,0,118,183601752,100,0,100,2,100,0,90,983981821,74,23551,100,0,100,0,100.0,0.0,100.0,0.0,100.0,0.0,100.0,0.0,100.0,0.0,78.0,22.0,100.0,0.0,100.0,0.0,37.0,127789.0,22,22,100,0,100,0,200,0,100.0,23035.0,100.0,37837714856.0,100.0,85205346757.0
2018-03-23,S300VL85,ST4000DM000,4000787030016,0,114,79440528,100,0,100,2,100,0,90,985285950,74,23574,100,0,100,0,100.0,0.0,100.0,0.0,100.0,0.0,100.0,0.0,100.0,0.0,78.0,22.0,100.0,0.0,100.0,0.0,37.0,127789.0,22,22,100,0,100,0,200,0,100.0,23059.0,100.0,37885537328.0,100.0,85371019430.0
2018-03-24,S300VL85,ST4000DM000,4000787030016,0,111,38481728,100,0,100,2,100,0,90,986722291,74,23598,100,0,100,0,100.0,0.0,100.0,0.0,100.0,0.0,100.0,0.0,100.0,0.0,78.0,22.0,100.0,0.0,100.0,0.0,37.0,127789.0,22,22,100,0,100,0,200,0,100.0,23083.0,100.0,37926826880.0,100.0,85542559899.0
2018-03-25,S300VL85,ST4000DM000,4000787030016,0,117,148264856,100,0,100,2,100,0,90,988137316,74,23623,100,0,100,0,100.0,0.0,100.0,0.0,100.0,0.0,100.0,0.0,100.0,0.0,78.0,22.0,100.0,0.0,100.0,0.0,37.0,127789.0,22,22,100,0,100,0,200,0,100.0,23107.0,100.0,37970245296.0,100.0,85701616086.0
2018-03-26,S300VL85,ST4000DM000,4000787030016,0,119,202369312,100,0,100,2,100,0,90,990459673,74,23647,100,0,100,0,100.0,0.0,100.0,0.0,100.0,0.0,100.0,0.0,100.0,0.0,78.0,22.0,100.0,0.0,100.0,0.0,37.0,127789.0,22,22,100,0,100,0,200,0,100.0,23131.0,100.0,38016765112.0,100.0,85877442800.0
2018-03-27,S300VL85,ST4000DM000,4000787030016,0,119,229650072,100,0,100,2,100,0,90,992152093,73,23671,100,0,100,0,100.0,0.0,100.0,0.0,100.0,0.0,100.0,0.0,100.0,0.0,78.0,22.0,100.0,0.0,100.0,0.0,37.0,127789.0,22,22,100,0,100,0,200,0,100.0,23155.0,100.0,38063451408.0,100.0,86026142901.0
2018-03-28,S300VL85,ST4000DM000,4000787030016,0,102,4871888,100,0,100,2,100,0,90,993623467,73,23695,100,0,100,0,100.0,0.0,100.0,0.0,100.0,0.0,100.0,0.0,100.0,0.0,78.0,22.0,100.0,0.0,100.0,0.0,37.0,127789.0,22,22,100,0,100,0,200,0,100.0,23179.0,100.0,38108252616.0,100.0,86139368683.0
2018-03-29,S300VL85,ST4000DM000,4000787030016,0,112,42620216,100,0,100,2,100,0,90,995918872,73,23718,100,0,100,0,100.0,0.0,100.0,0.0,100.0,0.0,100.0,0.0,100.0,0.0,78.0,22.0,100.0,0.0,100.0,0.0,37.0,127791.0,22,22,100,0,100,0,200,0,100.0,23203.0,100.0,38154684576.0,100.0,86283748198.0
2018-03-30,S300VL85,ST4000DM000,4000787030016,0,114,82838872,100,0,100,2,100,0,90,997381412,73,23742,100,0,100,0,100.0,0.0,100.0,0.0,100.0,0.0,100.0,0.0,100.0,0.0,78.0,22.0,100.0,0.0,100.0,0.0,37.0,127791.0,22,22,100,0,100,0,200,0,100.0,23227.0,100.0,38189821848.0,100.0,86385410958.0
2018-03-31,S300VL85,ST4000DM000,4000787030016,0,115,85875272,100,0,100,2,100,0,90,998661070,73,23766,100,0,100,0,100.0,0.0,100.0,0.0,100.0,0.0,100.0,0.0,100.0,0.0,79.0,21.0,100.0,0.0,100.0,0.0,37.0,127791.0,21,21,100,0,100,0,200,0,100.0,23251.0,100.0,38236461416.0,100.0,86546978038.0
2018-04-01,S300VL85,ST4000DM000,4000787030016,0,111,32243552,100,0,100,2,100,0,90,999683515,73,23790,100,0,100,0,100.0,0.0,100.0,0.0,100.0,0.0,100.0,0.0,100.0,0.0,78.0,22.0,100.0,0.0,100.0,0.0,37.0,127791.0,22,22,100,0,100,0,200,0,100.0,23275.0,100.0,38275166032.0,100.0,86657140151.0
2018-04-02,S300VL85,ST4000DM000,4000787030016,0,118,190618856,100,0,100,2,100,0,62,1772692,73,23814,100,0,100,0,100.0,0.0,100.0,0.0,100.0,0.0,100.0,0.0,100.0,0.0,79.0,21.0,100.0,0.0,100.0,0.0,37.0,127791.0,21,21,100,0,100,0,200,0,100.0,23298.0,100.0,38329790608.0,100.0,86814401702.0
2018-04-03,S300VL85,ST4000DM000,4000787030016,0,117,144229256,100,0,100,2,100,0,66,4016552,73,23839,100,0,100,0,100.0,0.0,100.0,0.0,100.0,0.0,100.0,0.0,100.0,0.0,78.0,22.0,100.0,0.0,100.0,0.0,37.0,127791.0,22,22,100,0,100,0,200,0,100.0,23323.0,100.0,38378883512.0,100.0,86982897037.0
2018-04-04,S300VL85,ST4000DM000,4000787030016,0,117,127857384,100,0,100,2,100,0,67,5721275,73,23862,100,0,100,0,100.0,0.0,100.0,0.0,100.0,0.0,100.0,0.0,100.0,0.0,79.0,21.0,100.0,0.0,100.0,0.0,37.0,127791.0,21,21,100,0,100,0,200,0,100.0,23347.0,100.0,38419263464.0,100.0,87080559816.0
2018-04-05,S300VL85,ST4000DM000,4000787030016,0,117,151137400,100,0,100,2,100,0,68,7071529,73,23887,100,0,100,0,100.0,0.0,100.0,0.0,100.0,0.0,100.0,0.0,100.0,0.0,78.0,22.0,100.0,0.0,100.0,0.0,37.0,127791.0,22,22,100,0,100,0,200,0,100.0,23371.0,100.0,38463902128.0,100.0,87167617179.0
2018-04-06,S300VL85,ST4000DM000,4000787030016,0,117,121357536,100,0,100,2,100,0,69,8286942,73,23910,100,0,100,0,100.0,0.0,100.0,0.0,100.0,0.0,100.0,0.0,100.0,0.0,79.0,21.0,100.0,0.0,100.0,0.0,37.0,127791.0,21,21,100,0,100,0,200,0,100.0,23394.0,100.0,38524405112.0,100.0,87292422847.0
2018-04-07,S300VL85,ST4000DM000,4000787030016,0,109.0,21870024.0,100.0,0.0,100.0,2.0,100.0,0.0,69.0,9586851.0,73.0,23935.0,100.0,0.0,100.0,0.0,100.0,0.0,100.0,0.0,100.0,0.0,100.0,0.0,100.0,0.0,79.0,21.0,100.0,0.0,100.0,0.0,37.0,127791.0,21.0,21.0,100.0,0.0,100.0,0.0,200.0,0.0,100.0,23419.0,100.0,38599118120.0,100.0,87406958166.0
2018-04-08,S300VL85,ST4000DM000,4000787030016,0,118,194306784,100,0,100,2,100,0,70,10496282,73,23958,100,0,100,0,100.0,0.0,100.0,0.0,100.0,0.0,100.0,0.0,100.0,0.0,79.0,21.0,100.0,0.0,100.0,0.0,37.0,127791.0,21,21,100,0,100,0,200,0,100.0,23442.0,100.0,38635697160.0,100.0,87535025237.0
2018-04-09,S300VL85,ST4000DM000,4000787030016,0,114,82966928,100,0,100,2,100,0,70,12367458,73,23983,100,0,100,0,100.0,0.0,100.0,0.0,100.0,0.0,100.0,0.0,100.0,0.0,79.0,21.0,100.0,0.0,100.0,0.0,37.0,127791.0,21,21,100,0,100,0,200,0,100.0,23467.0,100.0,38692095640.0,100.0,87654237605.0
2018-04-10,S300VL85,ST4000DM000,4000787030016,0,120,240229560,100,0,100,2,100,0,71,13607274,73,24007,100,0,100,0,100.0,0.0,100.0,0.0,100.0,0.0,100.0,0.0,100.0,0.0,79.0,21.0,100.0,0.0,100.0,0.0,37.0,127791.0,21,21,100,0,100,0,200,0,100.0,23491.0,100.0,38746501592.0,100.0,87796453660.0
2018-04-11,S300VL85,ST4000DM000,4000787030016,0,120,1175992,100,0,100,2,100,0,72,15100128,73,24030,100,0,100,0,100.0,0.0,100.0,0.0,100.0,0.0,100.0,0.0,100.0,0.0,78.0,22.0,100.0,0.0,100.0,0.0,37.0,127791.0,22,22,100,0,100,0,200,0,100.0,23515.0,100.0,38799235928.0,100.0,87918243622.0
2018-04-12,S300VL85,ST4000DM000,4000787030016,0,120,1141424,100,0,100,2,100,0,72,16566932,73,24055,100,0,100,0,100.0,0.0,100.0,0.0,100.0,0.0,100.0,0.0,100.0,0.0,78.0,22.0,100.0,0.0,100.0,0.0,37.0,127796.0,22,22,100,0,100,0,200,0,100.0,23539.0,100.0,38844692752.0,100.0,88051552883.0
2018-04-13,S300VL85,ST4000DM000,4000787030016,0,118,187105352,100,0,100,2,100,0,72,17689408,73,24078,100,0,100,0,100.0,0.0,100.0,0.0,100.0,0.0,100.0,0.0,100.0,0.0,78.0,22.0,100.0,0.0,100.0,0.0,37.0,127796.0,22,22,100,0,100,0,200,0,100.0,23563.0,100.0,38889934216.0,100.0,88176110175.0
2018-04-14,S300VL85,ST4000DM000,4000787030016,0,105,9197096,100,0,100,2,100,0,72,18919026,73,24102,100,0,100,0,100.0,0.0,100.0,0.0,100.0,0.0,100.0,0.0,100.0,0.0,79.0,21.0,100.0,0.0,100.0,0.0,37.0,127796.0,21,21,100,0,100,0,200,0,100.0,23587.0,100.0,38928168008.0,100.0,88324655821.0
2018-04-15,S300VL85,ST4000DM000,4000787030016,0,117,147382672,100,0,100,2,100,0,72,20102477,73,24126,100,0,100,0,100.0,0.0,100.0,0.0,100.0,0.0,100.0,0.0,100.0,0.0,78.0,22.0,100.0,0.0,100.0,0.0,37.0,127796.0,22,22,100,0,100,0,200,0,100.0,23611.0,100.0,38969669248.0,100.0,88469389222.0
2018-04-16,S300VL85,ST4000DM000,4000787030016,0,117,150890856,100,0,100,2,100,0,73,22216777,73,24151,100,0,100,0,100.0,0.0,100.0,0.0,100.0,0.0,100.0,0.0,100.0,0.0,78.0,22.0,100.0,0.0,100.0,0.0,37.0,127796.0,22,22,100,0,100,0,200,0,100.0,23635.0,100.0,39032714288.0,100.0,88630479571.0
2018-04-17,S300VL85,ST4000DM000,4000787030016,0,117,154618008,100,0,100,2,100,0,73,23473999,73,24174,100,0,100,0,100.0,0.0,100.0,0.0,100.0,0.0,100.0,0.0,100.0,0.0,78.0,22.0,100.0,0.0,100.0,0.0,37.0,127796.0,22,22,100,0,100,0,200,0,100.0,23658.0,100.0,39097451248.0,100.0,88766035537.0
2018-04-18,S300VL85,ST4000DM000,4000787030016,0,117,121758048,100,0,100,2,100,0,74,25695278,73,24198,100,0,100,0,100.0,0.0,100.0,0.0,100.0,0.0,100.0,0.0,100.0,0.0,78.0,22.0,100.0,0.0,100.0,0.0,37.0,127796.0,22,22,100,0,100,0,200,0,100.0,23682.0,100.0,39143407128.0,100.0,88877307108.0
2018-04-19,S300VL85,ST4000DM000,4000787030016,0,117,147449760,100,0,100,2,100,0,74,27358311,73,24222,100,0,100,0,100.0,0.0,100.0,0.0,100.0,0.0,100.0,0.0,100.0,0.0,78.0,22.0,100.0,0.0,100.0,0.0,37.0,127796.0,22,22,100,0,100,0,200,0,100.0,23707.0,100.0,39186942264.0,100.0,88972907006.0
2018-04-20,S300VL85,ST4000DM000,4000787030016,0,114,76520472,100,0,100,2,100,0,74,28583611,73,24246,100,0,100,0,100.0,0.0,100.0,0.0,100.0,0.0,100.0,0.0,100.0,0.0,78.0,22.0,100.0,0.0,100.0,0.0,37.0,127796.0,22,22,100,0,100,0,200,0,100.0,23730.0,100.0,39232977104.0,100.0,89127068770.0
2018-04-21,S300VL85,ST4000DM000,4000787030016,0,118,173727152,100,0,100,2,100,0,75,29825227,73,24271,100,0,100,0,100.0,0.0,100.0,0.0,100.0,0.0,100.0,0.0,100.0,0.0,79.0,21.0,100.0,0.0,100.0,0.0,37.0,127796.0,21,21,100,0,100,0,200,0,100.0,23755.0,100.0,39289436624.0,100.0,89256145646.0
2018-04-22,S300VL85,ST4000DM000,4000787030016,0,117,149325304,100,0,100,2,100,0,75,31068651,73,24294,100,0,100,0,100.0,0.0,100.0,0.0,100.0,0.0,100.0,0.0,100.0,0.0,79.0,21.0,100.0,0.0,100.0,0.0,37.0,127796.0,21,21,100,0,100,0,200,0,100.0,23778.0,100.0,39341331856.0,100.0,89396439851.0
2018-04-23,S300VL85,ST4000DM000,4000787030016,0,117,125631504,100,0,100,2,100,0,75,33224825,73,24318,100,0,100,0,100.0,0.0,100.0,0.0,100.0,0.0,100.0,0.0,100.0,0.0,80.0,20.0,100.0,0.0,100.0,0.0,37.0,127796.0,20,20,100,0,100,0,200,0,100.0,23802.0,100.0,39406225224.0,100.0,89554632329.0
2018-04-24,S300VL85,ST4000DM000,4000787030016,0,114,75601880,100,0,100,2,100,0,75,34565360,73,24342,100,0,100,0,100.0,0.0,100.0,0.0,100.0,0.0,100.0,0.0,100.0,0.0,78.0,22.0,100.0,0.0,100.0,0.0,37.0,127796.0,22,22,100,0,100,0,200,0,100.0,23827.0,100.0,39471329600.0,100.0,89696508337.0
2018-04-25,S300VL85,ST4000DM000,4000787030016,0,118,178751784,100,0,100,2,100,0,75,36176725,73,24366,100,0,100,0,100.0,0.0,100.0,0.0,100.0,0.0,100.0,0.0,100.0,0.0,79.0,21.0,100.0,0.0,100.0,0.0,37.0,127796.0,21,21,100,0,100,0,200,0,100.0,23851.0,100.0,39531432960.0,100.0,89825432221.0
2018-04-26,S300VL85,ST4000DM000,4000787030016,0,105,8157936,100,0,100,2,100,0,75,37887015,73,24393,100,0,100,0,100.0,0.0,100.0,0.0,100.0,0.0,100.0,0.0,100.0,0.0,79.0,21.0,100.0,0.0,100.0,0.0,37.0,127798.0,21,21,100,0,100,0,200,0,100.0,23877.0,100.0,39582884840.0,100.0,89984277039.0
2018-04-27,S300VL85,ST4000DM000,4000787030016,0,114,78890384,100,0,100,2,100,0,75,38689190,73,24409,100,0,100,0,100.0,0.0,100.0,0.0,100.0,0.0,100.0,0.0,100.0,0.0,79.0,21.0,100.0,0.0,100.0,0.0,37.0,127798.0,21,21,100,0,100,0,200,0,100.0,23894.0,100.0,39613588832.0,100.0,90073402828.0
2018-04-28,S300VL85,ST4000DM000,4000787030016,0,117,155604080,100,0,100,2,100,0,75,40003303,73,24433,100,0,100,0,100.0,0.0,100.0,0.0,100.0,0.0,100.0,0.0,100.0,0.0,79.0,21.0,100.0,0.0,100.0,0.0,37.0,127798.0,21,21,100,0,100,0,200,0,100.0,23917.0,100.0,39685046240.0,100.0,90201729730.0
2018-04-29,S300VL85,ST4000DM000,4000787030016,0,116,110885056,100,0,100,2,100,0,75,41339716,73,24457,100,0,100,0,100.0,0.0,100.0,0.0,100.0,0.0,100.0,0.0,100.0,0.0,79.0,21.0,100.0,0.0,100.0,0.0,37.0,127798.0,21,21,100,0,100,0,200,0,100.0,23941.0,100.0,39759600888.0,100.0,90323913312.0
2018-04-30,S300VL85,ST4000DM000,4000787030016,0,118,188637912,100,0,100,2,100,0,76,43442342,73,24489,100,0,100,0,100.0,0.0,100.0,0.0,100.0,0.0,100.0,0.0,100.0,0.0,78.0,22.0,100.0,0.0,100.0,0.0,37.0,127798.0,22,22,100,0,100,0,200,0,100.0,23974.0,100.0,39814532488.0,100.0,90544671200.0
2018-05-01,S300VL85,ST4000DM000,4000787030016,0,114,82611976,100,0,100,2,100,0,76,44150216,73,24506,100,0,100,0,100.0,0.0,100.0,0.0,100.0,0.0,100.0,0.0,100.0,0.0,79.0,21.0,100.0,0.0,100.0,0.0,37.0,127798.0,21,21,100,0,100,0,200,0,100.0,23990.0,100.0,39837966848.0,100.0,90660419170.0
2018-05-02,S300VL85,ST4000DM000,4000787030016,0,113.0,57622520.0,100.0,0.0,100.0,2.0,100.0,0.0,76.0,45166593.0,72.0,24529.0,100.0,0.0,100.0,0.0,100.0,0.0,100.0,0.0,100.0,0.0,100.0,0.0,100.0,0.0,79.0,21.0,100.0,0.0,100.0,0.0,37.0,127798.0,21.0,21.0,100.0,0.0,100.0,0.0,200.0,0.0,100.0,24013.0,100.0,39887193912.0,100.0,90807086321.0
2018-05-03,S300VL85,ST4000DM000,4000787030016,0,118,198875200,100,0,100,2,100,0,76,47029526,72,24558,100,0,100,0,100.0,0.0,100.0,0.0,100.0,0.0,100.0,0.0,100.0,0.0,79.0,21.0,100.0,0.0,100.0,0.0,37.0,127800.0,21,21,100,0,100,0,200,0,100.0,24043.0,100.0,39945368968.0,100.0,90952505215.0
2018-05-04,S300VL85,ST4000DM000,4000787030016,0,118,191021136,100,0,100,2,100,0,76,48294813,72,24583,100,0,100,0,100.0,0.0,100.0,0.0,100.0,0.0,100.0,0.0,100.0,0.0,79.0,21.0,100.0,0.0,100.0,0.0,37.0,127800.0,21,21,100,0,100,0,200,0,100.0,24067.0,100.0,40004213008.0,100.0,91105879547.0
2018-05-05,S300VL85,ST4000DM000,4000787030016,0,114,72011720,100,0,100,2,100,0,76,50299831,72,24607,100,0,100,0,100.0,0.0,100.0,0.0,100.0,0.0,100.0,0.0,100.0,0.0,78.0,22.0,100.0,0.0,100.0,0.0,37.0,127800.0,22,22,100,0,100,0,200,0,100.0,24091.0,100.0,40071199128.0,100.0,91296870149.0
2018-05-06,S300VL85,ST4000DM000,4000787030016,0,115,92280200,100,0,100,2,100,0,77,51636064,72,24631,100,0,100,0,100.0,0.0,100.0,0.0,100.0,0.0,100.0,0.0,100.0,0.0,79.0,21.0,100.0,0.0,100.0,0.0,37.0,127800.0,21,21,100,0,100,0,200,0,100.0,24115.0,100.0,40122159984.0,100.0,91502727919.0
2018-05-07,S300VL85,ST4000DM000,4000787030016,0,114,69353568,100,0,100,2,100,0,77,53497691,72,24654,100,0,100,0,100.0,0.0,100.0,0.0,100.0,0.0,100.0,0.0,100.0,0.0,79.0,21.0,100.0,0.0,100.0,0.0,37.0,127800.0,21,21,100,0,100,0,200,0,100.0,24139.0,100.0,40181309464.0,100.0,91706739942.0
2018-05-08,S300VL85,ST4000DM000,4000787030016,0,109,23531816,100,0,100,2,100,0,77,54312036,72,24678,100,0,100,0,100.0,0.0,100.0,0.0,100.0,0.0,100.0,0.0,100.0,0.0,78.0,22.0,100.0,0.0,100.0,0.0,37.0,127800.0,22,22,100,0,100,0,200,0,100.0,24163.0,100.0,40221352624.0,100.0,91877430886.0
2018-05-09,S300VL85,ST4000DM000,4000787030016,0,116,116684632,100,0,100,2,100,0,77,55868162,72,24703,100,0,100,0,100.0,0.0,100.0,0.0,100.0,0.0,100.0,0.0,100.0,0.0,78.0,22.0,100.0,0.0,100.0,0.0,37.0,127800.0,22,22,100,0,100,0,200,0,100.0,24187.0,100.0,40276104360.0,100.0,91998309508.0
2018-05-10,S300VL85,ST4000DM000,4000787030016,0,119,203599760,100,0,100,2,100,0,77,57377054,72,24727,100,0,100,0,100.0,0.0,100.0,0.0,100.0,0.0,100.0,0.0,100.0,0.0,79.0,21.0,100.0,0.0,100.0,0.0,37.0,127800.0,21,21,100,0,100,0,200,0,100.0,24211.0,100.0,40328689112.0,100.0,92117932099.0
2018-05-11,S300VL85,ST4000DM000,4000787030016,0,117,144412616,100,0,100,2,100,0,77,58692607,72,24751,100,0,100,0,100.0,0.0,100.0,0.0,100.0,0.0,100.0,0.0,100.0,0.0,79.0,21.0,100.0,0.0,100.0,0.0,37.0,127800.0,21,21,100,0,100,0,200,0,100.0,24235.0,100.0,40378352848.0,100.0,92269501517.0
2018-05-12,S300VL85,ST4000DM000,4000787030016,0,109,22038920,100,0,100,2,100,0,78,59888706,72,24775,100,0,100,0,100.0,0.0,100.0,0.0,100.0,0.0,100.0,0.0,100.0,0.0,79.0,21.0,100.0,0.0,100.0,0.0,37.0,127800.0,21,21,100,0,100,0,200,0,100.0,24260.0,100.0,40433256704.0,100.0,92390950273.0
2018-05-13,S300VL85,ST4000DM000,4000787030016,0,117,134446176,100,0,100,2,100,0,78,61075962,72,24799,100,0,100,0,100.0,0.0,100.0,0.0,100.0,0.0,100.0,0.0,100.0,0.0,79.0,21.0,100.0,0.0,100.0,0.0,37.0,127800.0,21,21,100,0,100,0,200,0,100.0,24283.0,100.0,40489423312.0,100.0,92501137388.0
2018-05-14,S300VL85,ST4000DM000,4000787030016,0,118,185192560,100,0,100,2,100,0,78,63398709,72,24823,100,0,100,0,100.0,0.0,100.0,0.0,100.0,0.0,100.0,0.0,100.0,0.0,79.0,21.0,100.0,0.0,100.0,0.0,37.0,127800.0,21,21,100,0,100,0,200,0,100.0,24307.0,100.0,40536680768.0,100.0,92720756831.0
2018-05-15,S300VL85,ST4000DM000,4000787030016,0,118.0,190753768.0,100.0,0.0,100.0,2.0,100.0,0.0,78.0,65074209.0,72.0,24847.0,100.0,0.0,100.0,0.0,100.0,0.0,100.0,0.0,100.0,0.0,100.0,0.0,100.0,0.0,79.0,21.0,100.0,0.0,100.0,0.0,37.0,127800.0,21.0,21.0,100.0,0.0,100.0,0.0,200.0,0.0,100.0,24332.0,100.0,40593166952.0,100.0,92918905112.0
2018-05-16,S300VL85,ST4000DM000,4000787030016,0,118,200082448,100,0,100,2,100,0,78,67354867,72,24871,100,0,100,0,100.0,0.0,100.0,0.0,100.0,0.0,100.0,0.0,100.0,0.0,79.0,21.0,100.0,0.0,100.0,0.0,37.0,127800.0,21,21,100,0,100,0,200,0,100.0,24355.0,100.0,40638257200.0,100.0,93065115169.0
2018-05-17,S300VL85,ST4000DM000,4000787030016,0,117,152320776,100,0,100,2,100,0,78,69071752,72,24894,100,0,100,0,100.0,0.0,100.0,0.0,100.0,0.0,100.0,0.0,100.0,0.0,79.0,21.0,100.0,0.0,100.0,0.0,37.0,127801.0,21,21,100,0,100,0,200,0,100.0,24379.0,100.0,40693879528.0,100.0,93170274718.0
2018-05-18,S300VL85,ST4000DM000,4000787030016,0,117,157423440,100,0,100,2,100,0,78,70208713,72,24918,100,0,100,0,100.0,0.0,100.0,0.0,100.0,0.0,100.0,0.0,100.0,0.0,79.0,21.0,100.0,0.0,100.0,0.0,37.0,127801.0,21,21,100,0,100,0,200,0,100.0,24403.0,100.0,40737416528.0,100.0,93319686919.0
2018-05-19,S300VL85,ST4000DM000,4000787030016,0,112,48430272,100,0,100,2,100,0,78,71605014,72,24942,100,0,100,0,100.0,0.0,100.0,0.0,100.0,0.0,100.0,0.0,100.0,0.0,79.0,21.0,100.0,0.0,100.0,0.0,37.0,127801.0,21,21,100,0,100,0,200,0,100.0,24427.0,100.0,40782060480.0,100.0,93480614299.0
2018-05-20,S300VL85,ST4000DM000,4000787030016,0,117,122184112,100,0,100,2,100,0,78,73345648,72,24966,100,0,100,0,100.0,0.0,100.0,0.0,100.0,0.0,100.0,0.0,100.0,0.0,79.0,21.0,100.0,0.0,100.0,0.0,37.0,127801.0,21,21,100,0,100,0,200,0,100.0,24451.0,100.0,40825328968.0,100.0,93651193029.0
2018-05-21,S300VL85,ST4000DM000,4000787030016,0,120,436432,100,0,100,2,100,0,78,75874772,72,24990,100,0,100,0,100.0,0.0,100.0,0.0,100.0,0.0,100.0,0.0,100.0,0.0,79.0,21.0,100.0,0.0,100.0,0.0,37.0,127801.0,21,21,100,0,100,0,200,0,100.0,24475.0,100.0,40859874880.0,100.0,93828156964.0
2018-05-22,S300VL85,ST4000DM000,4000787030016,0,110,26532592,100,0,100,2,100,0,78,77498337,72,25015,100,0,100,0,100.0,0.0,100.0,0.0,100.0,0.0,100.0,0.0,100.0,0.0,79.0,21.0,100.0,0.0,100.0,0.0,37.0,127801.0,21,21,100,0,100,0,200,0,100.0,24499.0,100.0,40908517992.0,100.0,93995540225.0
2018-05-23,S300VL85,ST4000DM000,4000787030016,0,114,68699488,100,0,100,2,100,0,78,78886489,72,25038,100,0,100,0,100.0,0.0,100.0,0.0,100.0,0.0,100.0,0.0,100.0,0.0,79.0,21.0,100.0,0.0,100.0,0.0,37.0,127801.0,21,21,100,0,100,0,200,0,100.0,24523.0,100.0,40951503688.0,100.0,94107722024.0
2018-05-24,S300VL85,ST4000DM000,4000787030016,0,119,205126024,100,0,100,2,100,0,78,80280294,72,25063,100,0,100,0,100.0,0.0,100.0,0.0,100.0,0.0,100.0,0.0,100.0,0.0,79.0,21.0,100.0,0.0,100.0,0.0,37.0,127801.0,21,21,100,0,100,0,200,0,100.0,24547.0,100.0,40991570912.0,100.0,94243634676.0
2018-05-25,S300VL85,ST4000DM000,4000787030016,0,117,118457872,100,0,100,2,100,0,78,81492904,72,25086,100,0,100,0,100.0,0.0,100.0,0.0,100.0,0.0,100.0,0.0,100.0,0.0,79.0,21.0,100.0,0.0,100.0,0.0,37.0,127801.0,21,21,100,0,100,0,200,0,100.0,24571.0,100.0,41037334200.0,100.0,94374903663.0
2018-05-26,S300VL85,ST4000DM000,4000787030016,0,116,112848584,100,0,100,2,100,0,78,82625381,72,25113,100,0,100,0,100.0,0.0,100.0,0.0,100.0,0.0,100.0,0.0,100.0,0.0,79.0,21.0,100.0,0.0,100.0,0.0,37.0,127805.0,21,21,100,0,100,0,200,0,100.0,24598.0,100.0,41092619824.0,100.0,94489120834.0
2018-05-27,S300VL85,ST4000DM000,4000787030016,0,117,154202200,100,0,100,2,100,0,78,83671790,72,25137,100,0,100,0,100.0,0.0,100.0,0.0,100.0,0.0,100.0,0.0,100.0,0.0,80.0,20.0,100.0,0.0,100.0,0.0,37.0,127805.0,20,20,100,0,100,0,200,0,100.0,24621.0,100.0,41125334128.0,100.0,94647932836.0
2018-05-28,S300VL85,ST4000DM000,4000787030016,0,119,228518944,100,0,100,2,100,0,79,85544982,72,25161,100,0,100,0,100.0,0.0,100.0,0.0,100.0,0.0,100.0,0.0,100.0,0.0,79.0,21.0,100.0,0.0,100.0,0.0,37.0,127805.0,21,21,100,0,100,0,200,0,100.0,24646.0,100.0,41154273592.0,100.0,94809784557.0
2018-05-29,S300VL85,ST4000DM000,4000787030016,0,119,220452576,100,0,100,2,100,0,79,87848000,72,25185,100,0,100,0,100.0,0.0,100.0,0.0,100.0,0.0,100.0,0.0,100.0,0.0,79.0,21.0,100.0,0.0,100.0,0.0,37.0,127805.0,21,21,100,0,100,0,200,0,100.0,24670.0,100.0,41197546456.0,100.0,94947094558.0
2018-05-30,S300VL85,ST4000DM000,4000787030016,0,119,213288232,100,0,100,2,100,0,79,89616699,72,25209,100,0,100,0,100.0,0.0,100.0,0.0,100.0,0.0,100.0,0.0,100.0,0.0,79.0,21.0,100.0,0.0,100.0,0.0,37.0,127805.0,21,21,100,0,100,0,200,0,100.0,24693.0,100.0,41240307328.0,100.0,95052924435.0
2018-05-31,S300VL85,ST4000DM000,4000787030016,0,117,133619768,100,0,100,2,100,0,79,91374215,72,25233,100,0,100,0,100.0,0.0,100.0,0.0,100.0,0.0,100.0,0.0,100.0,0.0,79.0,21.0,100.0,0.0,100.0,0.0,37.0,127809.0,21,21,100,0,100,0,200,0,100.0,24717.0,100.0,41287810984.0,100.0,95189909008.0
2018-06-01,S300VL85,ST4000DM000,4000787030016,0,120,238879232,100,0,100,2,100,0,79,92417938,72,25257,100,0,100,0,100.0,0.0,100.0,0.0,100.0,0.0,100.0,0.0,100.0,0.0,79.0,21.0,100.0,0.0,100.0,0.0,37.0,127809.0,21,21,100,0,100,0,200,0,100.0,24741.0,100.0,41327248160.0,100.0,95315191379.0
2018-06-02,S300VL85,ST4000DM000,4000787030016,0,117,144674440,100,0,100,2,100,0,79,93308494,72,25281,100,0,100,0,100.0,0.0,100.0,0.0,100.0,0.0,100.0,0.0,100.0,0.0,79.0,21.0,100.0,0.0,100.0,0.0,37.0,127809.0,21,21,100,0,100,0,200,0,100.0,24765.0,100.0,41360355640.0,100.0,95430620120.0
2018-06-03,S300VL85,ST4000DM000,4000787030016,0,117,132034224,100,0,100,2,100,0,79,94160223,72,25304,100,0,100,0,100.0,0.0,100.0,0.0,100.0,0.0,100.0,0.0,100.0,0.0,80.0,20.0,100.0,0.0,100.0,0.0,37.0,127809.0,20,20,100,0,100,0,200,0,100.0,24788.0,100.0,41391297136.0,100.0,95539169749.0
2018-06-04,S300VL85,ST4000DM000,4000787030016,0,119,222416080,100,0,100,2,100,0,79,95933634,72,25329,100,0,100,0,100.0,0.0,100.0,0.0,100.0,0.0,100.0,0.0,100.0,0.0,80.0,20.0,100.0,0.0,100.0,0.0,37.0,127809.0,20,20,100,0,100,0,200,0,100.0,24813.0,100.0,41443225640.0,100.0,95677628759.0
2018-06-05,S300VL85,ST4000DM000,4000787030016,0,118,183671432,100,0,100,2,100,0,79,96939401,72,25353,100,0,100,0,100.0,0.0,100.0,0.0,100.0,0.0,100.0,0.0,100.0,0.0,79.0,21.0,100.0,0.0,100.0,0.0,37.0,127809.0,21,21,100,0,100,0,200,0,100.0,24837.0,100.0,41497554400.0,100.0,95789338972.0
2018-06-06,S300VL85,ST4000DM000,4000787030016,0,118,200534608,100,0,100,2,100,0,79,98380403,72,25376,100,0,100,0,100.0,0.0,100.0,0.0,100.0,0.0,100.0,0.0,100.0,0.0,79.0,21.0,100.0,0.0,100.0,0.0,37.0,127809.0,21,21,100,0,100,0,200,0,100.0,24860.0,100.0,41544856688.0,100.0,95876885935.0
2018-06-07,S300VL85,ST4000DM000,4000787030016,0,114,62154280,100,0,100,2,100,0,79,99604819,72,25401,100,0,100,0,100.0,0.0,100.0,0.0,100.0,0.0,100.0,0.0,100.0,0.0,79.0,21.0,100.0,0.0,100.0,0.0,37.0,127809.0,21,21,100,0,100,0,200,0,100.0,24885.0,100.0,41590004344.0,100.0,96016998886.0
2018-06-08,S300VL85,ST4000DM000,4000787030016,0,115,84017512,100,0,100,2,100,0,79,100628134,71,25424,100,0,100,0,100.0,0.0,100.0,0.0,100.0,0.0,100.0,0.0,100.0,0.0,79.0,21.0,100.0,0.0,100.0,0.0,37.0,127813.0,21,21,100,0,100,0,200,0,100.0,24907.0,100.0,41628269656.0,100.0,96162866101.0
2018-06-09,S300VL85,ST4000DM000,4000787030016,0,115,90235080,100,0,100,2,100,0,80,101570912,71,25447,100,0,100,0,100.0,0.0,100.0,0.0,100.0,0.0,100.0,0.0,100.0,0.0,79.0,21.0,100.0,0.0,100.0,0.0,37.0,127813.0,21,21,100,0,100,0,200,0,100.0,24931.0,100.0,41672491184.0,100.0,96262833118.0
2018-06-10,S300VL85,ST4000DM000,4000787030016,0,118,186154464,100,0,100,2,100,0,80,102426364,71,25472,100,0,100,0,100.0,0.0,100.0,0.0,100.0,0.0,100.0,0.0,100.0,0.0,80.0,20.0,100.0,0.0,100.0,0.0,37.0,127813.0,20,20,100,0,100,0,200,0,100.0,24956.0,100.0,41706510328.0,100.0,96368283337.0
2018-06-11,S300VL85,ST4000DM000,4000787030016,0,110,28791352,100,0,100,2,100,0,80,104267325,71,25495,100,0,100,0,100.0,0.0,100.0,0.0,100.0,0.0,100.0,0.0,100.0,0.0,79.0,21.0,100.0,0.0,100.0,0.0,37.0,127813.0,21,21,100,0,100,0,200,0,100.0,24979.0,100.0,41748745912.0,100.0,96523749167.0
2018-06-12,S300VL85,ST4000DM000,4000787030016,0,116,103241688,100,0,100,2,100,0,80,106268684,71,25520,100,0,100,0,100.0,0.0,100.0,0.0,100.0,0.0,100.0,0.0,100.0,0.0,80.0,20.0,100.0,0.0,100.0,0.0,37.0,127813.0,20,20,100,0,100,0,200,0,100.0,25004.0,100.0,41785352584.0,100.0,96653872253.0
2018-06-13,S300VL85,ST4000DM000,4000787030016,0,119,215681536,100,0,100,2,100,0,80,107704311,71,25543,100,0,100,0,100.0,0.0,100.0,0.0,100.0,0.0,100.0,0.0,100.0,0.0,79.0,21.0,100.0,0.0,100.0,0.0,37.0,127813.0,21,21,100,0,100,0,200,0,100.0,25027.0,100.0,41819878024.0,100.0,96774773195.0
2018-06-14,S300VL85,ST4000DM000,4000787030016,0,116,106343856,100,0,100,2,100,0,80,108883657,71,25568,100,0,100,0,100.0,0.0,100.0,0.0,100.0,0.0,100.0,0.0,100.0,0.0,78.0,22.0,100.0,0.0,100.0,0.0,37.0,127817.0,22,22,100,0,100,0,200,0,100.0,25052.0,100.0,41857310600.0,100.0,96917286983.0
2018-06-15,S300VL85,ST4000DM000,4000787030016,0,119.0,233970408.0,100.0,0.0,100.0,2.0,100.0,0.0,80.0,109969246.0,71.0,25592.0,100.0,0.0,100.0,0.0,100.0,0.0,100.0,0.0,100.0,0.0,100.0,0.0,100.0,0.0,78.0,22.0,100.0,0.0,100.0,0.0,37.0,127817.0,22.0,22.0,100.0,0.0,100.0,0.0,200.0,0.0,100.0,25076.0,100.0,41900644248.0,100.0,97054630176.0
2018-06-16,S300VL85,ST4000DM000,4000787030016,0,106.0,12056440.0,100.0,0.0,100.0,2.0,100.0,0.0,80.0,111027070.0,71.0,25616.0,100.0,0.0,100.0,0.0,100.0,0.0,100.0,0.0,100.0,0.0,100.0,0.0,100.0,0.0,78.0,22.0,100.0,0.0,100.0,0.0,37.0,127817.0,22.0,22.0,100.0,0.0,100.0,0.0,200.0,0.0,100.0,25100.0,100.0,41930847224.0,100.0,97193365615.0
2018-06-17,S300VL85,ST4000DM000,4000787030016,0,117.0,165737936.0,100.0,0.0,100.0,2.0,100.0,0.0,80.0,112239197.0,71.0,25640.0,100.0,0.0,100.0,0.0,100.0,0.0,100.0,0.0,100.0,0.0,100.0,0.0,100.0,0.0,79.0,21.0,100.0,0.0,100.0,0.0,37.0,127817.0,21.0,21.0,100.0,0.0,100.0,0.0,200.0,0.0,100.0,25124.0,100.0,41977608288.0,100.0,97341529872.0
2018-06-18,S300VL85,ST4000DM000,4000787030016,0,108.0,20354096.0,100.0,0.0,100.0,2.0,100.0,0.0,80.0,114004854.0,71.0,25664.0,100.0,0.0,100.0,0.0,100.0,0.0,100.0,0.0,100.0,0.0,100.0,0.0,100.0,0.0,80.0,20.0,100.0,0.0,100.0,0.0,37.0,127817.0,20.0,20.0,100.0,0.0,100.0,0.0,200.0,0.0,100.0,25148.0,100.0,42008505856.0,100.0,97492712191.0
2018-06-19,S300VL85,ST4000DM000,4000787030016,0,117,124900728,100,0,100,2,100,0,80,115171122,71,25688,100,0,100,0,100.0,0.0,100.0,0.0,100.0,0.0,100.0,0.0,100.0,0.0,80.0,20.0,100.0,0.0,100.0,0.0,37.0,127817.0,20,20,100,0,100,0,200,0,100.0,25172.0,100.0,42047620968.0,100.0,97661620507.0
2018-06-20,S300VL85,ST4000DM000,4000787030016,0,113,51580648,100,0,100,2,100,0,80,116699321,71,25712,100,0,100,0,100.0,0.0,100.0,0.0,100.0,0.0,100.0,0.0,100.0,0.0,80.0,20.0,100.0,0.0,100.0,0.0,37.0,127817.0,20,20,100,0,100,0,200,0,100.0,25196.0,100.0,42094413800.0,100.0,97755060201.0
2018-06-21,S300VL85,ST4000DM000,4000787030016,0,118,196934800,100,0,100,2,100,0,81,117495046,71,25736,100,0,100,0,100.0,0.0,100.0,0.0,100.0,0.0,100.0,0.0,100.0,0.0,80.0,20.0,100.0,0.0,100.0,0.0,37.0,127817.0,20,20,100,0,100,0,200,0,100.0,25220.0,100.0,42125892592.0,100.0,97861468430.0
2018-06-22,S300VL85,ST4000DM000,4000787030016,0,108,14731352,100,0,100,2,100,0,81,118500709,71,25760,100,0,100,0,100.0,0.0,100.0,0.0,100.0,0.0,100.0,0.0,100.0,0.0,80.0,20.0,100.0,0.0,100.0,0.0,37.0,127817.0,20,20,100,0,100,0,200,0,100.0,25244.0,100.0,42162764184.0,100.0,98001964720.0
2018-06-23,S300VL85,ST4000DM000,4000787030016,0,118,168257656,100,0,100,2,100,0,81,119387408,71,25784,100,0,100,0,100.0,0.0,100.0,0.0,100.0,0.0,100.0,0.0,100.0,0.0,80.0,20.0,100.0,0.0,100.0,0.0,37.0,127817.0,20,20,100,0,100,0,200,0,100.0,25268.0,100.0,42200666864.0,100.0,98161411917.0
2018-06-24,S300VL85,ST4000DM000,4000787030016,0,117,121550888,100,0,100,2,100,0,81,120135252,71,25808,100,0,100,0,100.0,0.0,100.0,0.0,100.0,0.0,100.0,0.0,100.0,0.0,80.0,20.0,100.0,0.0,100.0,0.0,37.0,127817.0,20,20,100,0,100,0,200,0,100.0,25292.0,100.0,42229071936.0,100.0,98310612457.0
2018-06-25,S300VL85,ST4000DM000,4000787030016,0,118,187894368,100,0,100,2,100,0,81,122011468,71,25832,100,0,100,0,100.0,0.0,100.0,0.0,100.0,0.0,100.0,0.0,100.0,0.0,80.0,20.0,100.0,0.0,100.0,0.0,37.0,127817.0,20,20,100,0,100,0,200,0,100.0,25316.0,100.0,42258434096.0,100.0,98523135298.0
2018-06-26,S300VL85,ST4000DM000,4000787030016,0,118,171840448,100,0,100,2,100,0,81,123372388,71,25856,100,0,100,0,100.0,0.0,100.0,0.0,100.0,0.0,100.0,0.0,100.0,0.0,80.0,20.0,100.0,0.0,100.0,0.0,37.0,127817.0,20,20,100,0,100,0,200,0,100.0,25340.0,100.0,42286263336.0,100.0,98701294500.0
2018-06-27,S300VL85,ST4000DM000,4000787030016,0,115,100058464,100,0,100,2,100,0,81,124574455,71,25880,100,0,100,0,100.0,0.0,100.0,0.0,100.0,0.0,100.0,0.0,100.0,0.0,80.0,20.0,100.0,0.0,100.0,0.0,37.0,127817.0,20,20,100,0,100,0,200,0,100.0,25364.0,100.0,42314492456.0,100.0,98851265442.0
2018-06-28,S300VL85,ST4000DM000,4000787030016,0,119,231706592,100,0,100,2,100,0,81,125492368,71,25904,100,0,100,0,100.0,0.0,100.0,0.0,100.0,0.0,100.0,0.0,100.0,0.0,79.0,21.0,100.0,0.0,100.0,0.0,37.0,127817.0,21,21,100,0,100,0,200,0,100.0,25388.0,100.0,42347696080.0,100.0,99015013907.0
2018-06-29,S300VL85,ST4000DM000,4000787030016,0,115,95792312,100,0,100,2,100,0,81,126336988,71,25928,100,0,100,0,100.0,0.0,100.0,0.0,100.0,0.0,100.0,0.0,100.0,0.0,80.0,20.0,100.0,0.0,100.0,0.0,37.0,127817.0,20,20,100,0,100,0,200,0,100.0,25412.0,100.0,42386725440.0,100.0,99168842621.0
2018-06-30,S300VL85,ST4000DM000,4000787030016,0,119,212549864,100,0,100,2,100,0,81,127182257,71,25946,100,0,100,0,100.0,0.0,100.0,0.0,100.0,0.0,100.0,0.0,100.0,0.0,80.0,20.0,100.0,0.0,100.0,0.0,37.0,127820.0,20,20,100,0,100,0,200,0,100.0,25430.0,100.0,42422918360.0,100.0,99272571660.0
2018-07-01,S300VL85,ST4000DM000,4000787030016,0,118,170680360,100,0,100,2,100,0,81,128316985,71,25970,100,0,100,0,100.0,0.0,100.0,0.0,100.0,0.0,100.0,0.0,100.0,0.0,79.0,21.0,100.0,0.0,100.0,0.0,37.0,127820.0,21,21,100,0,100,0,200,0,100.0,25454.0,100.0,42451410440.0,100.0,99439428206.0
2018-07-02,S300VL85,ST4000DM000,4000787030016,0,116,104958584,100,0,100,2,100,0,81,130155863,71,25994,100,0,100,0,100.0,0.0,100.0,0.0,100.0,0.0,100.0,0.0,100.0,0.0,80.0,20.0,100.0,0.0,100.0,0.0,37.0,127820.0,20,20,100,0,100,0,200,0,100.0,25478.0,100.0,42485001752.0,100.0,99604093433.0
2018-07-03,S300VL85,ST4000DM000,4000787030016,0,118,178114128,100,0,100,2,100,0,81,131048115,71,26018,100,0,100,0,100.0,0.0,100.0,0.0,100.0,0.0,100.0,0.0,100.0,0.0,80.0,20.0,100.0,0.0,100.0,0.0,37.0,127820.0,20,20,100,0,100,0,200,0,100.0,25502.0,100.0,42514590168.0,100.0,99722469796.0
2018-07-04,S300VL85,ST4000DM000,4000787030016,0,119,219206024,100,0,100,2,100,0,81,132415762,71,26042,100,0,100,0,100.0,0.0,100.0,0.0,100.0,0.0,100.0,0.0,100.0,0.0,80.0,20.0,100.0,0.0,100.0,0.0,37.0,127820.0,20,20,100,0,100,0,200,0,100.0,25526.0,100.0,42547052384.0,100.0,99890111113.0
2018-07-05,S300VL85,ST4000DM000,4000787030016,0,115,87065872,100,0,100,2,100,0,81,134016614,71,26066,100,0,100,0,100.0,0.0,100.0,0.0,100.0,0.0,100.0,0.0,100.0,0.0,80.0,20.0,100.0,0.0,100.0,0.0,37.0,127820.0,20,20,100,0,100,0,200,0,100.0,25550.0,100.0,42582961040.0,100.0,100050522083.0
2018-07-06,S300VL85,ST4000DM000,4000787030016,0,115,84654640,100,0,100,2,100,0,81,136387437,71,26090,100,0,100,0,100.0,0.0,100.0,0.0,100.0,0.0,100.0,0.0,100.0,0.0,80.0,20.0,100.0,0.0,100.0,0.0,37.0,127820.0,20,20,100,0,100,0,200,0,100.0,25574.0,100.0,42615188400.0,100.0,100251870830.0
2018-07-07,S300VL85,ST4000DM000,4000787030016,0,118,187237408,100,0,100,2,100,0,81,137685450,71,26114,100,0,100,0,100.0,0.0,100.0,0.0,100.0,0.0,100.0,0.0,100.0,0.0,79.0,21.0,100.0,0.0,100.0,0.0,37.0,127820.0,21,21,100,0,100,0,200,0,100.0,25598.0,100.0,42657573128.0,100.0,100414323911.0
2018-07-08,S300VL85,ST4000DM000,4000787030016,0,113,57617968,100,0,100,2,100,0,81,139005081,71,26138,100,0,100,0,100.0,0.0,100.0,0.0,100.0,0.0,100.0,0.0,100.0,0.0,79.0,21.0,100.0,0.0,100.0,0.0,37.0,127820.0,21,21,100,0,100,0,200,0,100.0,25622.0,100.0,42678679680.0,100.0,100577544012.0
2018-07-09,S300VL85,ST4000DM000,4000787030016,0,105,9584776,100,0,100,2,100,0,81,141413990,71,26162,100,0,100,0,100.0,0.0,100.0,0.0,100.0,0.0,100.0,0.0,100.0,0.0,79.0,21.0,100.0,0.0,100.0,0.0,37.0,127820.0,21,21,100,0,100,0,200,0,100.0,25646.0,100.0,42726915616.0,100.0,100743158015.0
2018-07-10,S300VL85,ST4000DM000,4000787030016,0,112.0,48877352.0,100.0,0.0,100.0,2.0,100.0,0.0,81.0,142862954.0,71.0,26186.0,100.0,0.0,100.0,0.0,100.0,0.0,100.0,0.0,100.0,0.0,100.0,0.0,100.0,0.0,79.0,21.0,100.0,0.0,100.0,0.0,37.0,127820.0,21.0,21.0,100.0,0.0,100.0,0.0,200.0,0.0,100.0,25670.0,100.0,42754830736.0,100.0,100904501531.0
2018-07-11,S300VL85,ST4000DM000,4000787030016,0,120,239565208,100,0,100,2,100,0,81,143981634,71,26210,100,0,100,0,100.0,0.0,100.0,0.0,100.0,0.0,100.0,0.0,100.0,0.0,79.0,21.0,100.0,0.0,100.0,0.0,37.0,127820.0,21,21,100,0,100,0,200,0,100.0,25694.0,100.0,42783555184.0,100.0,101035090458.0
2018-07-12,S300VL85,ST4000DM000,4000787030016,0,120,241734320,100,0,100,2,100,0,81,145524938,71,26234,100,0,100,0,100.0,0.0,100.0,0.0,100.0,0.0,100.0,0.0,100.0,0.0,79.0,21.0,100.0,0.0,100.0,0.0,37.0,127820.0,21,21,100,0,100,0,200,0,100.0,25718.0,100.0,42822318664.0,100.0,101161212984.0
2018-07-13,S300VL85,ST4000DM000,4000787030016,0,114,70860536,100,0,100,2,100,0,81,146706497,71,26264,100,0,100,0,100.0,0.0,100.0,0.0,100.0,0.0,100.0,0.0,100.0,0.0,79.0,21.0,100.0,0.0,100.0,0.0,37.0,127842.0,21,21,100,0,100,0,200,0,100.0,25748.0,100.0,42854935640.0,100.0,101327652955.0
2018-07-14,S300VL85,ST4000DM000,4000787030016,0,117,125335176,100,0,100,2,100,0,81,147782987,70,26288,100,0,100,0,100.0,0.0,100.0,0.0,100.0,0.0,100.0,0.0,100.0,0.0,80.0,20.0,100.0,0.0,100.0,0.0,37.0,127842.0,20,20,100,0,100,0,200,0,100.0,25771.0,100.0,42875732376.0,100.0,101472357742.0
2018-07-15,S300VL85,ST4000DM000,4000787030016,0,108,19032896,100,0,100,2,100,0,81,149651296,70,26313,100,0,100,0,100.0,0.0,100.0,0.0,100.0,0.0,100.0,0.0,100.0,0.0,79.0,21.0,100.0,0.0,100.0,0.0,37.0,127842.0,21,21,100,0,100,0,200,0,100.0,25796.0,100.0,42902272640.0,100.0,101613155866.0
2018-07-16,S300VL85,ST4000DM000,4000787030016,0,119,222225264,100,0,100,2,100,0,81,151807316,70,26337,100,0,100,0,100.0,0.0,100.0,0.0,100.0,0.0,100.0,0.0,100.0,0.0,79.0,21.0,100.0,0.0,100.0,0.0,37.0,127842.0,21,21,100,0,100,0,200,0,100.0,25820.0,100.0,42933702032.0,100.0,101784662130.0
2018-07-17,S300VL85,ST4000DM000,4000787030016,0,110,28766632,100,0,100,2,100,0,81,153134457,70,26360,100,0,100,0,100.0,0.0,100.0,0.0,100.0,0.0,100.0,0.0,100.0,0.0,79.0,21.0,100.0,0.0,100.0,0.0,37.0,127842.0,21,21,100,0,100,0,200,0,100.0,25844.0,100.0,42973432640.0,100.0,101919801238.0
2018-07-18,S300VL85,ST4000DM000,4000787030016,0,110,29279920,100,0,100,2,100,0,81,155164064,70,26384,100,0,100,0,100.0,0.0,100.0,0.0,100.0,0.0,100.0,0.0,100.0,0.0,79.0,21.0,100.0,0.0,100.0,0.0,37.0,127842.0,21,21,100,0,100,0,200,0,100.0,25868.0,100.0,43008808168.0,100.0,102019330399.0
2018-07-19,S300VL85,ST4000DM000,4000787030016,0,117,144462288,100,0,100,2,100,0,81,156291924,70,26408,100,0,100,0,100.0,0.0,100.0,0.0,100.0,0.0,100.0,0.0,100.0,0.0,79.0,21.0,100.0,0.0,100.0,0.0,37.0,127842.0,21,21,100,0,100,0,200,0,100.0,25892.0,100.0,43051019872.0,100.0,102118403361.0
2018-07-20,S300VL85,ST4000DM000,4000787030016,0,114,76711200,100,0,100,2,100,0,81,157363712,70,26432,100,0,100,0,100.0,0.0,100.0,0.0,100.0,0.0,100.0,0.0,100.0,0.0,80.0,20.0,100.0,0.0,100.0,0.0,37.0,127842.0,20,20,100,0,100,0,200,0,100.0,25916.0,100.0,43098317632.0,100.0,102239949966.0
2018-07-21,S300VL85,ST4000DM000,4000787030016,0,114,67207968,100,0,100,2,100,0,81,158113275,70,26456,100,0,100,0,100.0,0.0,100.0,0.0,100.0,0.0,100.0,0.0,100.0,0.0,80.0,20.0,100.0,0.0,100.0,0.0,37.0,127842.0,20,20,100,0,100,0,200,0,100.0,25940.0,100.0,43128062528.0,100.0,102328807597.0
2018-07-22,S300VL85,ST4000DM000,4000787030016,0,114,76562432,100,0,100,2,100,0,81,158824544,70,26480,100,0,100,0,100.0,0.0,100.0,0.0,100.0,0.0,100.0,0.0,100.0,0.0,79.0,21.0,100.0,0.0,100.0,0.0,37.0,127842.0,21,21,100,0,100,0,200,0,100.0,25964.0,100.0,43155214384.0,100.0,102426313346.0
2018-07-23,S300VL85,ST4000DM000,4000787030016,0,118,182725904,100,0,100,2,100,0,81,160455467,70,26504,100,0,100,0,100.0,0.0,100.0,0.0,100.0,0.0,100.0,0.0,100.0,0.0,79.0,21.0,100.0,0.0,100.0,0.0,37.0,127842.0,21,21,100,0,100,0,200,0,100.0,25987.0,100.0,43182013832.0,100.0,102574529942.0
2018-07-24,S300VL85,ST4000DM000,4000787030016,0,111,40476976,100,0,100,2,100,0,81,161386889,70,26528,100,0,100,0,100.0,0.0,100.0,0.0,100.0,0.0,100.0,0.0,100.0,0.0,79.0,21.0,100.0,0.0,100.0,0.0,37.0,127842.0,21,21,100,0,100,0,200,0,100.0,26011.0,100.0,43208967176.0,100.0,102719282061.0
2018-07-25,S300VL85,ST4000DM000,4000787030016,0,102.0,5222960.0,100.0,0.0,100.0,2.0,100.0,0.0,81.0,162868639.0,70.0,26553.0,100.0,0.0,100.0,0.0,100.0,0.0,100.0,0.0,100.0,0.0,100.0,0.0,100.0,0.0,80.0,20.0,100.0,0.0,100.0,0.0,37.0,127842.0,20.0,20.0,100.0,0.0,100.0,0.0,200.0,0.0,100.0,26036.0,100.0,43244427728.0,100.0,102824116298.0
2018-07-26,S300VL85,ST4000DM000,4000787030016,0,114,82040384,100,0,100,2,100,0,81,163778370,70,26576,100,0,100,0,100.0,0.0,100.0,0.0,100.0,0.0,100.0,0.0,100.0,0.0,79.0,21.0,100.0,0.0,100.0,0.0,37.0,127842.0,21,21,100,0,100,0,200,0,100.0,26060.0,100.0,43274316048.0,100.0,102933040348.0
2018-07-27,S300VL85,ST4000DM000,4000787030016,0,117,163834424,100,0,100,2,100,0,81,165549316,70,26599,100,0,100,0,100.0,0.0,100.0,0.0,100.0,0.0,100.0,0.0,100.0,0.0,80.0,20.0,100.0,0.0,100.0,0.0,37.0,127842.0,20,20,100,0,100,0,200,0,100.0,26082.0,100.0,43295913744.0,100.0,103077777408.0
2018-07-28,S300VL85,ST4000DM000,4000787030016,0,117,142259464,100,0,100,2,100,0,81,166599378,70,26623,100,0,100,0,100.0,0.0,100.0,0.0,100.0,0.0,100.0,0.0,100.0,0.0,80.0,20.0,100.0,0.0,100.0,0.0,37.0,127846.0,20,20,100,0,100,0,200,0,100.0,26106.0,100.0,43330728728.0,100.0,103229273821.0
2018-07-29,S300VL85,ST4000DM000,4000787030016,0,120,240839056,100,0,100,2,100,0,81,167370631,70,26646,100,0,100,0,100.0,0.0,100.0,0.0,100.0,0.0,100.0,0.0,100.0,0.0,80.0,20.0,100.0,0.0,100.0,0.0,37.0,127846.0,20,20,100,0,100,0,200,0,100.0,26130.0,100.0,43354878456.0,100.0,103335185941.0
2018-07-30,S300VL85,ST4000DM000,4000787030016,0,112,43295512,100,0,100,2,100,0,82,168915731,70,26671,100,0,100,0,100.0,0.0,100.0,0.0,100.0,0.0,100.0,0.0,100.0,0.0,79.0,21.0,100.0,0.0,100.0,0.0,37.0,127846.0,21,21,100,0,100,0,200,0,100.0,26154.0,100.0,43376335336.0,100.0,103460600371.0
2018-07-31,S300VL85,ST4000DM000,4000787030016,0,114,62897256,100,0,100,2,100,0,82,169917779,70,26695,100,0,100,0,100.0,0.0,100.0,0.0,100.0,0.0,100.0,0.0,100.0,0.0,79.0,21.0,100.0,0.0,100.0,0.0,37.0,127846.0,21,21,100,0,100,0,200,0,100.0,26178.0,100.0,43401061152.0,100.0,103596802206.0
2018-08-01,S300VL85,ST4000DM000,4000787030016,0,117,136606944,100,0,100,2,100,0,82,171499136,70,26719,100,0,100,0,100.0,0.0,100.0,0.0,100.0,0.0,100.0,0.0,100.0,0.0,80.0,20.0,100.0,0.0,100.0,0.0,37.0,127846.0,20,20,100,0,100,0,200,0,100.0,26202.0,100.0,43423793144.0,100.0,103723531272.0
2018-08-02,S300VL85,ST4000DM000,4000787030016,0,114,76738232,100,0,100,2,100,0,82,172349901,70,26742,100,0,100,0,100.0,0.0,100.0,0.0,100.0,0.0,100.0,0.0,100.0,0.0,79.0,21.0,100.0,0.0,100.0,0.0,37.0,127846.0,21,21,100,0,100,0,200,0,100.0,26226.0,100.0,43443016808.0,100.0,103850376629.0
2018-08-03,S300VL85,ST4000DM000,4000787030016,0,114,65644912,100,0,100,2,100,0,82,173429855,70,26767,100,0,100,0,100.0,0.0,100.0,0.0,100.0,0.0,100.0,0.0,100.0,0.0,80.0,20.0,100.0,0.0,100.0,0.0,37.0,127846.0,20,20,100,0,100,0,200,0,100.0,26250.0,100.0,43464288016.0,100.0,104017509142.0
2018-08-04,S300VL85,ST4000DM000,4000787030016,0,116,106603280,100,0,100,2,100,0,82,174200097,70,26791,100,0,100,0,100.0,0.0,100.0,0.0,100.0,0.0,100.0,0.0,100.0,0.0,80.0,20.0,100.0,0.0,100.0,0.0,37.0,127846.0,20,20,100,0,100,0,200,0,100.0,26274.0,100.0,43482783608.0,100.0,104133872021.0
2018-08-05,S300VL85,ST4000DM000,4000787030016,0,118,187085216,100,0,100,2,100,0,82,174953216,70,26815,100,0,100,0,100.0,0.0,100.0,0.0,100.0,0.0,100.0,0.0,100.0,0.0,80.0,20.0,100.0,0.0,100.0,0.0,37.0,127846.0,20,20,100,0,100,0,200,0,100.0,26298.0,100.0,43497000984.0,100.0,104256848974.0
2018-08-06,S300VL85,ST4000DM000,4000787030016,0,116,111597512,100,0,100,2,100,0,82,176466072,70,26839,100,0,100,0,100.0,0.0,100.0,0.0,100.0,0.0,100.0,0.0,100.0,0.0,79.0,21.0,100.0,0.0,100.0,0.0,37.0,127846.0,21,21,100,0,100,0,200,0,100.0,26322.0,100.0,43527440576.0,100.0,104416511600.0
2018-08-07,S300VL85,ST4000DM000,4000787030016,0,117,157601280,100,0,100,2,100,0,82,178201961,70,26862,100,0,100,0,100.0,0.0,100.0,0.0,100.0,0.0,100.0,0.0,100.0,0.0,80.0,20.0,100.0,0.0,100.0,0.0,37.0,127846.0,20,20,100,0,100,0,200,0,100.0,26346.0,100.0,43560072088.0,100.0,104579382439.0
2018-08-08,S300VL85,ST4000DM000,4000787030016,0,118,184791760,100,0,100,2,100,0,82,179642323,70,26887,100,0,100,0,100.0,0.0,100.0,0.0,100.0,0.0,100.0,0.0,100.0,0.0,80.0,20.0,100.0,0.0,100.0,0.0,37.0,127846.0,20,20,100,0,100,0,200,0,100.0,26370.0,100.0,43600607480.0,100.0,104705429190.0
2018-08-09,S300VL85,ST4000DM000,4000787030016,0,118,188440736,100,0,100,2,100,0,82,180449179,70,26906,100,0,100,0,100.0,0.0,100.0,0.0,100.0,0.0,100.0,0.0,100.0,0.0,79.0,21.0,100.0,0.0,100.0,0.0,37.0,127846.0,21,21,100,0,100,0,200,0,100.0,26390.0,100.0,43636092976.0,100.0,104847550057.0
2018-08-10,S300VL85,ST4000DM000,4000787030016,0,112,41973144,100,0,100,2,100,0,82,181248935,70,26930,100,0,100,0,100.0,0.0,100.0,0.0,100.0,0.0,100.0,0.0,100.0,0.0,79.0,21.0,100.0,0.0,100.0,0.0,37.0,127849.0,21,21,100,0,100,0,200,0,100.0,26414.0,100.0,43653090776.0,100.0,104981588632.0
2018-08-11,S300VL85,ST4000DM000,4000787030016,0,118,193769216,100,0,100,2,100,0,82,181962255,70,26954,100,0,100,0,100.0,0.0,100.0,0.0,100.0,0.0,100.0,0.0,100.0,0.0,79.0,21.0,100.0,0.0,100.0,0.0,37.0,127849.0,21,21,100,0,100,0,200,0,100.0,26438.0,100.0,43670004024.0,100.0,105150814833.0
2018-08-12,S300VL85,ST4000DM000,4000787030016,0,117,154023264,100,0,100,2,100,0,82,182757634,70,26979,100,0,100,0,100.0,0.0,100.0,0.0,100.0,0.0,100.0,0.0,100.0,0.0,79.0,21.0,100.0,0.0,100.0,0.0,37.0,127849.0,21,21,100,0,100,0,200,0,100.0,26462.0,100.0,43697663272.0,100.0,105348962218.0
2018-08-13,S300VL85,ST4000DM000,4000787030016,0,115,95764768,100,0,100,2,100,0,82,184294831,70,27003,100,0,100,0,100.0,0.0,100.0,0.0,100.0,0.0,100.0,0.0,100.0,0.0,79.0,21.0,100.0,0.0,100.0,0.0,37.0,127849.0,21,21,100,0,100,0,200,0,100.0,26486.0,100.0,43727271704.0,100.0,105538221575.0
2018-08-14,S300VL85,ST4000DM000,4000787030016,0,105.0,9908328.0,100.0,0.0,100.0,2.0,100.0,0.0,82.0,186090820.0,70.0,27027.0,100.0,0.0,100.0,0.0,100.0,0.0,100.0,0.0,100.0,0.0,100.0,0.0,100.0,0.0,79.0,21.0,100.0,0.0,100.0,0.0,37.0,127849.0,21.0,21.0,100.0,0.0,100.0,0.0,200.0,0.0,100.0,26510.0,100.0,43755537416.0,100.0,105702497260.0
2018-08-15,S300VL85,ST4000DM000,4000787030016,0,114.0,81598976.0,100.0,0.0,100.0,2.0,100.0,0.0,82.0,187395069.0,70.0,27050.0,100.0,0.0,100.0,0.0,100.0,0.0,100.0,0.0,100.0,0.0,100.0,0.0,100.0,0.0,79.0,21.0,100.0,0.0,100.0,0.0,37.0,127849.0,21.0,21.0,100.0,0.0,100.0,0.0,200.0,0.0,100.0,26534.0,100.0,43788238824.0,100.0,105846646186.0
2018-08-16,S300VL85,ST4000DM000,4000787030016,0,117,137796520,100,0,100,2,100,0,82,188966186,70,27080,100,0,100,0,100.0,0.0,100.0,0.0,100.0,0.0,100.0,0.0,100.0,0.0,79.0,21.0,100.0,0.0,100.0,0.0,37.0,127853.0,21,21,100,0,100,0,200,0,100.0,26564.0,100.0,43818968000.0,100.0,106028326244.0
2018-08-17,S300VL85,ST4000DM000,4000787030016,0,102,4584488,100,0,100,2,100,0,82,190243010,70,27104,100,0,100,0,100.0,0.0,100.0,0.0,100.0,0.0,100.0,0.0,100.0,0.0,79.0,21.0,100.0,0.0,100.0,0.0,37.0,127853.0,21,21,100,0,100,0,200,0,100.0,26587.0,100.0,43846826808.0,100.0,106213457172.0
2018-08-18,S300VL85,ST4000DM000,4000787030016,0,103,5634072,100,0,100,2,100,0,82,191946677,70,27128,100,0,100,0,100.0,0.0,100.0,0.0,100.0,0.0,100.0,0.0,100.0,0.0,79.0,21.0,100.0,0.0,100.0,0.0,37.0,127853.0,21,21,100,0,100,0,200,0,100.0,26611.0,100.0,43872375096.0,100.0,106396879384.0
2018-08-19,S300VL85,ST4000DM000,4000787030016,0,114,60294864,100,0,100,2,100,0,82,193174206,70,27152,100,0,100,0,100.0,0.0,100.0,0.0,100.0,0.0,100.0,0.0,100.0,0.0,79.0,21.0,100.0,0.0,100.0,0.0,37.0,127853.0,21,21,100,0,100,0,200,0,100.0,26635.0,100.0,43904864272.0,100.0,106556313255.0
2018-08-20,S300VL85,ST4000DM000,4000787030016,0,117,125759328,100,0,100,2,100,0,82,195806870,69,27176,100,0,100,0,100.0,0.0,100.0,0.0,100.0,0.0,100.0,0.0,100.0,0.0,79.0,21.0,100.0,0.0,100.0,0.0,37.0,127853.0,21,21,100,0,100,0,200,0,100.0,26660.0,100.0,43962424600.0,100.0,106744871085.0
2018-08-21,S300VL85,ST4000DM000,4000787030016,0,117,142651032,100,0,100,2,100,0,82,197257106,69,27200,100,0,100,0,100.0,0.0,100.0,0.0,100.0,0.0,100.0,0.0,100.0,0.0,79.0,21.0,100.0,0.0,100.0,0.0,37.0,127853.0,21,21,100,0,100,0,200,0,100.0,26683.0,100.0,43988067768.0,100.0,106903483157.0
2018-08-22,S300VL85,ST4000DM000,4000787030016,0,119,204476600,100,0,100,2,100,0,82,199027870,69,27224,100,0,100,0,100.0,0.0,100.0,0.0,100.0,0.0,100.0,0.0,100.0,0.0,79.0,21.0,100.0,0.0,100.0,0.0,37.0,127853.0,21,21,100,0,100,0,200,0,100.0,26707.0,100.0,44008241000.0,100.0,107033906810.0
2018-08-23,S300VL85,ST4000DM000,4000787030016,0,111,32268192,100,0,100,2,100,0,82,200060539,69,27248,100,0,100,0,100.0,0.0,100.0,0.0,100.0,0.0,100.0,0.0,100.0,0.0,79.0,21.0,100.0,0.0,100.0,0.0,37.0,127853.0,21,21,100,0,100,0,200,0,100.0,26732.0,100.0,44030620744.0,100.0,107188539655.0
2018-08-24,S300VL85,ST4000DM000,4000787030016,0,117,153639904,100,0,100,2,100,0,82,201299438,69,27272,100,0,100,0,100.0,0.0,100.0,0.0,100.0,0.0,100.0,0.0,100.0,0.0,79.0,21.0,100.0,0.0,100.0,0.0,37.0,127853.0,21,21,100,0,100,0,200,0,100.0,26756.0,100.0,44059641464.0,100.0,107336342909.0
2018-08-25,S300VL85,ST4000DM000,4000787030016,0,114,76696272,100,0,100,2,100,0,83,202601340,69,27296,100,0,100,0,100.0,0.0,100.0,0.0,100.0,0.0,100.0,0.0,100.0,0.0,79.0,21.0,100.0,0.0,100.0,0.0,37.0,127853.0,21,21,100,0,100,0,200,0,100.0,26780.0,100.0,44083563496.0,100.0,107488491227.0
2018-08-26,S300VL85,ST4000DM000,4000787030016,0,105,8479752,100,0,100,2,100,0,83,203808096,69,27320,100,0,100,0,100.0,0.0,100.0,0.0,100.0,0.0,100.0,0.0,100.0,0.0,79.0,21.0,100.0,0.0,100.0,0.0,37.0,127853.0,21,21,100,0,100,0,200,0,100.0,26804.0,100.0,44109225512.0,100.0,107623835426.0
2018-08-27,S300VL85,ST4000DM000,4000787030016,0,118,187238056,100,0,100,2,100,0,83,206258104,69,27344,100,0,100,0,100.0,0.0,100.0,0.0,100.0,0.0,100.0,0.0,100.0,0.0,79.0,21.0,100.0,0.0,100.0,0.0,37.0,127853.0,21,21,100,0,100,0,200,0,100.0,26828.0,100.0,44137031072.0,100.0,107773707152.0
2018-08-28,S300VL85,ST4000DM000,4000787030016,0,113,58083440,100,0,100,2,100,0,83,207826402,69,27368,100,0,100,0,100.0,0.0,100.0,0.0,100.0,0.0,100.0,0.0,100.0,0.0,79.0,21.0,100.0,0.0,100.0,0.0,37.0,127853.0,21,21,100,0,100,0,200,0,100.0,26851.0,100.0,44160853624.0,100.0,107895582661.0
2018-08-29,S300VL85,ST4000DM000,4000787030016,0,117,140736936,100,0,100,2,100,0,83,209540239,69,27390,100,0,100,0,100.0,0.0,100.0,0.0,100.0,0.0,100.0,0.0,100.0,0.0,79.0,21.0,100.0,0.0,100.0,0.0,37.0,127856.0,21,21,100,0,100,0,200,0,100.0,26874.0,100.0,44180757808.0,100.0,107984872150.0
2018-08-30,S300VL85,ST4000DM000,4000787030016,0,117,135874504,100,0,100,2,100,0,83,210572327,69,27414,100,0,100,0,100.0,0.0,100.0,0.0,100.0,0.0,100.0,0.0,100.0,0.0,79.0,21.0,100.0,0.0,100.0,0.0,37.0,127856.0,21,21,100,0,100,0,200,0,100.0,26898.0,100.0,44205548912.0,100.0,108150617872.0
2018-08-31,S300VL85,ST4000DM000,4000787030016,0,111,35589944,100,0,100,2,100,0,83,211383633,69,27438,100,0,100,0,100.0,0.0,100.0,0.0,100.0,0.0,100.0,0.0,100.0,0.0,79.0,21.0,100.0,0.0,100.0,0.0,37.0,127856.0,21,21,100,0,100,0,200,0,100.0,26922.0,100.0,44228651768.0,100.0,108274081879.0
2018-09-01,S300VL85,ST4000DM000,4000787030016,0,111,33412768,100,0,100,2,100,0,83,212136601,69,27462,100,0,100,0,100.0,0.0,100.0,0.0,100.0,0.0,100.0,0.0,100.0,0.0,79.0,21.0,100.0,0.0,100.0,0.0,37.0,127856.0,21,21,100,0,100,0,200,0,100.0,26946.0,100.0,44252764520.0,100.0,108375718333.0
2018-09-02,S300VL85,ST4000DM000,4000787030016,0,114,63975600,100,0,100,2,100,0,83,212942933,69,27486,100,0,100,0,100.0,0.0,100.0,0.0,100.0,0.0,100.0,0.0,100.0,0.0,79.0,21.0,100.0,0.0,100.0,0.0,37.0,127856.0,21,21,100,0,100,0,200,0,100.0,26970.0,100.0,44273748592.0,100.0,108479348311.0
2018-09-03,S300VL85,ST4000DM000,4000787030016,0,119,214871760,100,0,100,2,100,0,83,214648582,69,27510,100,0,100,0,100.0,0.0,100.0,0.0,100.0,0.0,100.0,0.0,100.0,0.0,79.0,21.0,100.0,0.0,100.0,0.0,37.0,127856.0,21,21,100,0,100,0,200,0,100.0,26994.0,100.0,44298331288.0,100.0,108629039565.0
2018-09-04,S300VL85,ST4000DM000,4000787030016,0,119,203589376,100,0,100,2,100,0,83,215535160,69,27534,100,0,100,0,100.0,0.0,100.0,0.0,100.0,0.0,100.0,0.0,100.0,0.0,79.0,21.0,100.0,0.0,100.0,0.0,37.0,127856.0,21,21,100,0,100,0,200,0,100.0,27018.0,100.0,44324632984.0,100.0,108761994926.0
2018-09-05,S300VL85,ST4000DM000,4000787030016,0,111,32252328,100,0,100,2,100,0,83,216948033,69,27558,100,0,100,0,100.0,0.0,100.0,0.0,100.0,0.0,100.0,0.0,100.0,0.0,79.0,21.0,100.0,0.0,100.0,0.0,37.0,127856.0,21,21,100,0,100,0,200,0,100.0,27042.0,100.0,44362318128.0,100.0,108877240006.0
2018-09-06,S300VL85,ST4000DM000,4000787030016,0,117,155034904,100,0,100,2,100,0,83,218137062,69,27584,100,0,100,0,100.0,0.0,100.0,0.0,100.0,0.0,100.0,0.0,100.0,0.0,79.0,21.0,100.0,0.0,100.0,0.0,37.0,127858.0,21,21,100,0,100,0,200,0,100.0,27067.0,100.0,44407119208.0,100.0,108972545226.0
2018-09-07,S300VL85,ST4000DM000,4000787030016,0,119,231749752,100,0,100,2,100,0,83,219214801,69,27607,100,0,100,0,100.0,0.0,100.0,0.0,100.0,0.0,100.0,0.0,100.0,0.0,79.0,21.0,100.0,0.0,100.0,0.0,37.0,127858.0,21,21,100,0,100,0,200,0,100.0,27090.0,100.0,44441371688.0,100.0,109127383842.0
2018-09-08,S300VL85,ST4000DM000,4000787030016,0,119,226403344,100,0,100,2,100,0,83,220203289,69,27631,100,0,100,0,100.0,0.0,100.0,0.0,100.0,0.0,100.0,0.0,100.0,0.0,79.0,21.0,100.0,0.0,100.0,0.0,37.0,127858.0,21,21,100,0,100,0,200,0,100.0,27115.0,100.0,44470970928.0,100.0,109259221859.0
2018-09-09,S300VL85,ST4000DM000,4000787030016,0,110,26864488,100,0,100,2,100,0,83,221296575,69,27656,100,0,100,0,100.0,0.0,100.0,0.0,100.0,0.0,100.0,0.0,100.0,0.0,79.0,21.0,100.0,0.0,100.0,0.0,37.0,127858.0,21,21,100,0,100,0,200,0,100.0,27139.0,100.0,44505471352.0,100.0,109402482887.0
2018-09-10,S300VL85,ST4000DM000,4000787030016,0,118,172584232,100,0,100,2,100,0,83,223000730,69,27679,100,0,100,0,100.0,0.0,100.0,0.0,100.0,0.0,100.0,0.0,100.0,0.0,79.0,21.0,100.0,0.0,100.0,0.0,37.0,127858.0,21,21,100,0,100,0,200,0,100.0,27162.0,100.0,44540780488.0,100.0,109536362456.0
2018-09-11,S300VL85,ST4000DM000,4000787030016,0,117,134630568,100,0,100,2,100,0,83,224177848,69,27703,100,0,100,0,100.0,0.0,100.0,0.0,100.0,0.0,100.0,0.0,100.0,0.0,79.0,21.0,100.0,0.0,100.0,0.0,37.0,127858.0,21,21,100,0,100,0,200,0,100.0,27186.0,100.0,44583823136.0,100.0,109692715972.0
2018-09-12,S300VL85,ST4000DM000,4000787030016,0,111,38019456,100,0,100,2,100,0,83,225629466,69,27727,100,0,100,0,100.0,0.0,100.0,0.0,100.0,0.0,100.0,0.0,100.0,0.0,79.0,21.0,100.0,0.0,100.0,0.0,37.0,127858.0,21,21,100,0,100,0,200,0,100.0,27210.0,100.0,44613953896.0,100.0,109795006822.0
2018-09-13,S300VL85,ST4000DM000,4000787030016,0,114,77430760,100,0,100,2,100,0,83,226480803,69,27748,100,0,100,0,100.0,0.0,100.0,0.0,100.0,0.0,100.0,0.0,100.0,0.0,80.0,20.0,100.0,0.0,100.0,0.0,37.0,127860.0,20,20,100,0,100,0,200,0,100.0,27231.0,100.0,44647452712.0,100.0,109885793147.0
2018-09-14,S300VL85,ST4000DM000,4000787030016,0,115,91306480,100,0,100,2,100,0,83,228683015,69,27772,100,0,100,0,100.0,0.0,100.0,0.0,100.0,0.0,100.0,0.0,100.0,0.0,76.0,24.0,100.0,0.0,100.0,0.0,37.0,127860.0,24,24,100,0,100,0,200,0,100.0,27255.0,100.0,44682945192.0,100.0,110051310451.0
2018-09-15,S300VL85,ST4000DM000,4000787030016,0,114,78242032,100,0,100,2,100,0,83,229469438,69,27795,100,0,100,0,100.0,0.0,100.0,0.0,100.0,0.0,100.0,0.0,100.0,0.0,76.0,24.0,100.0,0.0,100.0,0.0,37.0,127860.0,24,24,100,0,100,0,200,0,100.0,27279.0,100.0,44706999640.0,100.0,110177276653.0
2018-09-16,S300VL85,ST4000DM000,4000787030016,0,113,51287184,100,0,100,2,100,0,83,230215312,69,27819,100,0,100,0,100.0,0.0,100.0,0.0,100.0,0.0,100.0,0.0,100.0,0.0,76.0,24.0,100.0,0.0,100.0,0.0,37.0,127860.0,24,24,100,0,100,0,200,0,100.0,27303.0,100.0,44728975368.0,100.0,110337692818.0
2018-09-17,S300VL85,ST4000DM000,4000787030016,0,117,133774632,100,0,100,2,100,0,83,231896174,69,27844,100,0,100,0,100.0,0.0,100.0,0.0,100.0,0.0,100.0,0.0,100.0,0.0,76.0,24.0,100.0,0.0,100.0,0.0,37.0,127860.0,24,24,100,0,100,0,200,0,100.0,27327.0,100.0,44765264904.0,100.0,110513876494.0
2018-09-18,S300VL85,ST4000DM000,4000787030016,0,119,217645808,100,0,100,2,100,0,83,232710157,69,27868,100,0,100,0,100.0,0.0,100.0,0.0,100.0,0.0,100.0,0.0,100.0,0.0,78.0,22.0,100.0,0.0,100.0,0.0,37.0,127860.0,22,22,100,0,100,0,200,0,100.0,27351.0,100.0,44794549424.0,100.0,110698331290.0
2018-09-19,S300VL85,ST4000DM000,4000787030016,0,111,32492376,100,0,100,2,100,0,83,233789256,69,27892,100,0,100,0,100.0,0.0,100.0,0.0,100.0,0.0,100.0,0.0,100.0,0.0,78.0,22.0,100.0,0.0,100.0,0.0,37.0,127860.0,22,22,100,0,100,0,200,0,100.0,27375.0,100.0,44820309112.0,100.0,110868916727.0
2018-09-20,S300VL85,ST4000DM000,4000787030016,0,117,131945520,100,0,100,2,100,0,84,235089239,69,27916,100,0,100,0,100.0,0.0,100.0,0.0,100.0,0.0,100.0,0.0,100.0,0.0,78.0,22.0,100.0,0.0,100.0,0.0,37.0,127860.0,22,22,100,0,100,0,200,0,100.0,27399.0,100.0,44872498688.0,100.0,111021284728.0
2018-09-21,S300VL85,ST4000DM000,4000787030016,0,115,91688016,100,0,100,2,100,0,84,235799818,69,27940,100,0,100,0,100.0,0.0,100.0,0.0,100.0,0.0,100.0,0.0,100.0,0.0,78.0,22.0,100.0,0.0,100.0,0.0,37.0,127860.0,22,22,100,0,100,0,200,0,100.0,27423.0,100.0,44893302864.0,100.0,111197801407.0
2018-09-22,S300VL85,ST4000DM000,4000787030016,0,117,139463912,100,0,100,2,100,0,84,236620650,69,27964,100,0,100,0,100.0,0.0,100.0,0.0,100.0,0.0,100.0,0.0,100.0,0.0,78.0,22.0,100.0,0.0,100.0,0.0,37.0,127860.0,22,22,100,0,100,0,200,0,100.0,27448.0,100.0,44915571320.0,100.0,111319123048.0
2018-09-23,S300VL85,ST4000DM000,4000787030016,0,119,221360576,100,0,100,2,100,0,84,237873579,69,27988,100,0,100,0,100.0,0.0,100.0,0.0,100.0,0.0,100.0,0.0,100.0,0.0,78.0,22.0,100.0,0.0,100.0,0.0,37.0,127860.0,22,22,100,0,100,0,200,0,100.0,27471.0,100.0,44939157960.0,100.0,111518251063.0
2018-09-24,S300VL85,ST4000DM000,4000787030016,0,111,32514336,100,0,100,2,100,0,84,240073147,69,28012,100,0,100,0,100.0,0.0,100.0,0.0,100.0,0.0,100.0,0.0,100.0,0.0,78.0,22.0,100.0,0.0,100.0,0.0,37.0,127860.0,22,22,100,0,100,0,200,0,100.0,27495.0,100.0,44971315536.0,100.0,111729194157.0
2018-09-25,S300VL85,ST4000DM000,4000787030016,0,117,148936432,100,0,100,2,100,0,84,241532214,68,28036,100,0,100,0,100.0,0.0,100.0,0.0,100.0,0.0,100.0,0.0,100.0,0.0,78.0,22.0,100.0,0.0,100.0,0.0,37.0,127860.0,22,22,100,0,100,0,200,0,100.0,27520.0,100.0,45005858864.0,100.0,111910458364.0
2018-09-26,S300VL85,ST4000DM000,4000787030016,0,119,201814048,100,0,100,2,100,0,84,243071834,68,28060,100,0,100,0,100.0,0.0,100.0,0.0,100.0,0.0,100.0,0.0,100.0,0.0,78.0,22.0,100.0,0.0,100.0,0.0,37.0,127860.0,22,22,100,0,100,0,200,0,100.0,27543.0,100.0,45044519552.0,100.0,112050439345.0
2018-09-27,S300VL85,ST4000DM000,4000787030016,0,120,238728560,100,0,100,2,100,0,84,244727297,68,28084,100,0,100,0,100.0,0.0,100.0,0.0,100.0,0.0,100.0,0.0,100.0,0.0,78.0,22.0,100.0,0.0,100.0,0.0,37.0,127860.0,22,22,100,0,100,0,200,0,100.0,27567.0,100.0,45068093712.0,100.0,112182560021.0
2018-09-28,S300VL85,ST4000DM000,4000787030016,0,111,37337048,100,0,100,2,100,0,84,246050375,68,28107,100,0,100,0,100.0,0.0,100.0,0.0,100.0,0.0,100.0,0.0,100.0,0.0,78.0,22.0,100.0,0.0,100.0,0.0,37.0,127863.0,22,22,100,0,100,0,200,0,100.0,27590.0,100.0,45088595400.0,100.0,112344500637.0
2018-09-29,S300VL85,ST4000DM000,4000787030016,0,118,177588368,100,0,100,2,100,0,84,247047181,68,28131,100,0,100,0,100.0,0.0,100.0,0.0,100.0,0.0,100.0,0.0,100.0,0.0,78.0,22.0,100.0,0.0,100.0,0.0,37.0,127863.0,22,22,100,0,100,0,200,0,100.0,27614.0,100.0,45111443104.0,100.0,112507883247.0
2018-09-30,S300VL85,ST4000DM000,4000787030016,0,119,1423104,100,0,100,2,100,0,84,249227627,68,28154,100,0,100,0,100.0,0.0,100.0,0.0,100.0,0.0,100.0,0.0,100.0,0.0,78.0,22.0,100.0,0.0,100.0,0.0,37.0,127863.0,22,22,100,0,100,0,200,0,100.0,27637.0,100.0,45142112424.0,100.0,112637853998.0
2018-10-01,S300VL85,ST4000DM000,4000787030016,0,115,96101208,100,0,100,2,100,0,84,251373586,68,28178,100,0,100,0,100.0,0.0,100.0,0.0,100.0,0.0,100.0,0.0,100.0,0.0,78.0,22.0,100.0,0.0,100.0,0.0,37.0,127863.0,22,22,100,0,100,0,200,0,100.0,27662.0,100.0,45165123032.0,100.0,112815810560.0
2018-10-02,S300VL85,ST4000DM000,4000787030016,0,116,108076936,100,0,100,2,100,0,84,252436435,68,28202,100,0,100,0,100.0,0.0,100.0,0.0,100.0,0.0,100.0,0.0,100.0,0.0,78.0,22.0,100.0,0.0,100.0,0.0,37.0,127863.0,22,22,100,0,100,0,200,0,100.0,27686.0,100.0,45192907144.0,100.0,112964696177.0
2018-10-03,S300VL85,ST4000DM000,4000787030016,0,112,44138400,100,0,100,2,100,0,84,254495995,68,28226,100,0,100,0,100.0,0.0,100.0,0.0,100.0,0.0,100.0,0.0,100.0,0.0,78.0,22.0,100.0,0.0,100.0,0.0,37.0,127863.0,22,22,100,0,100,0,200,0,100.0,27709.0,100.0,45212103040.0,100.0,113383378503.0
2018-10-04,S300VL85,ST4000DM000,4000787030016,0,116.0,107975416.0,100.0,0.0,100.0,2.0,100.0,0.0,84.0,258516220.0,68.0,28250.0,100.0,0.0,100.0,0.0,100.0,0.0,100.0,0.0,100.0,0.0,100.0,0.0,100.0,0.0,78.0,22.0,100.0,0.0,100.0,0.0,37.0,127863.0,22.0,22.0,100.0,0.0,100.0,0.0,200.0,0.0,100.0,27734.0,100.0,45221539904.0,100.0,114220556987.0
2018-10-05,S300VL85,ST4000DM000,4000787030016,0,117,158685752,100,0,100,2,100,0,84,262658931,68,28274,100,0,100,0,100.0,0.0,100.0,0.0,100.0,0.0,100.0,0.0,100.0,0.0,78.0,22.0,100.0,0.0,100.0,0.0,37.0,127863.0,22,22,100,0,100,0,200,0,100.0,27758.0,100.0,45228965856.0,100.0,114751261250.0
2018-10-06,S300VL85,ST4000DM000,4000787030016,0,117,135592008,100,0,100,2,100,0,84,266706896,68,28299,100,0,100,0,100.0,0.0,100.0,0.0,100.0,0.0,100.0,0.0,100.0,0.0,78.0,22.0,100.0,0.0,100.0,0.0,37.0,127863.0,22,22,100,0,100,0,200,0,100.0,27782.0,100.0,45234338440.0,100.0,115297627278.0
2018-10-07,S300VL85,ST4000DM000,4000787030016,0,102,4952912,100,0,100,2,100,0,84,271329617,68,28323,100,0,100,0,100.0,0.0,100.0,0.0,100.0,0.0,100.0,0.0,100.0,0.0,78.0,22.0,100.0,0.0,100.0,0.0,37.0,127863.0,22,22,100,0,100,0,200,0,100.0,27806.0,100.0,45238196624.0,100.0,115806043575.0
2018-10-08,S300VL85,ST4000DM000,4000787030016,0,114,72628448,100,0,100,2,100,0,84,275087352,68,28346,100,0,100,0,100.0,0.0,100.0,0.0,100.0,0.0,100.0,0.0,100.0,0.0,78.0,22.0,100.0,0.0,100.0,0.0,37.0,127863.0,22,22,100,0,100,0,200,0,100.0,27829.0,100.0,45242889328.0,100.0,116379866693.0
2018-10-09,S300VL85,ST4000DM000,4000787030016,0,119.0,202395968.0,100.0,0.0,100.0,2.0,100.0,0.0,84.0,279235856.0,68.0,28370.0,100.0,0.0,100.0,0.0,100.0,0.0,100.0,0.0,100.0,0.0,100.0,0.0,100.0,0.0,78.0,22.0,100.0,0.0,100.0,0.0,37.0,127863.0,22.0,22.0,100.0,0.0,100.0,0.0,200.0,0.0,100.0,27854.0,100.0,45248013152.0,100.0,116960458096.0
2018-10-10,S300VL85,ST4000DM000,4000787030016,0,114,68519768,100,0,100,2,100,0,84,283310725,68,28394,100,0,100,0,100.0,0.0,100.0,0.0,100.0,0.0,100.0,0.0,100.0,0.0,78.0,22.0,100.0,0.0,100.0,0.0,37.0,127863.0,22,22,100,0,100,0,200,0,100.0,27877.0,100.0,45255090560.0,100.0,117559415982.0
2018-10-11,S300VL85,ST4000DM000,4000787030016,0,114,81430960,100,0,100,2,100,0,84,287001144,68,28418,100,0,100,0,100.0,0.0,100.0,0.0,100.0,0.0,100.0,0.0,100.0,0.0,78.0,22.0,100.0,0.0,100.0,0.0,37.0,127863.0,22,22,100,0,100,0,200,0,100.0,27901.0,100.0,45261120992.0,100.0,118105210005.0
2018-10-12,S300VL85,ST4000DM000,4000787030016,0,111,36457944,100,0,100,2,100,0,84,290925456,68,28443,100,0,100,0,100.0,0.0,100.0,0.0,100.0,0.0,100.0,0.0,100.0,0.0,77.0,23.0,100.0,0.0,100.0,0.0,37.0,127863.0,23,23,100,0,100,0,200,0,100.0,27926.0,100.0,45267882920.0,100.0,118673640326.0
2018-10-13,S300VL85,ST4000DM000,4000787030016,0,102,3713216,100,0,100,2,100,0,84,294885702,68,28467,100,0,100,0,100.0,0.0,100.0,0.0,100.0,0.0,100.0,0.0,100.0,0.0,77.0,23.0,100.0,0.0,100.0,0.0,37.0,127863.0,23,23,100,0,100,0,200,0,100.0,27950.0,100.0,45275020512.0,100.0,119271449946.0
2018-10-14,S300VL85,ST4000DM000,4000787030016,0,119,205170192,100,0,100,2,100,0,84,299117631,68,28490,100,0,100,0,100.0,0.0,100.0,0.0,100.0,0.0,100.0,0.0,100.0,0.0,78.0,22.0,100.0,0.0,100.0,0.0,37.0,127863.0,22,22,100,0,100,0,200,0,100.0,27974.0,100.0,45280518800.0,100.0,119873159651.0
2018-10-15,S300VL85,ST4000DM000,4000787030016,0,110,26004392,100,0,100,2,100,0,84,303324671,68,28514,100,0,100,0,100.0,0.0,100.0,0.0,100.0,0.0,100.0,0.0,100.0,0.0,78.0,22.0,100.0,0.0,100.0,0.0,37.0,127863.0,22,22,100,0,100,0,200,0,100.0,27997.0,100.0,45300224568.0,100.0,120187221306.0
2018-10-16,S300VL85,ST4000DM000,4000787030016,0,117,142843280,100,0,100,2,100,0,84,304159897,68,28539,100,0,100,0,100.0,0.0,100.0,0.0,100.0,0.0,100.0,0.0,100.0,0.0,78.0,22.0,100.0,0.0,100.0,0.0,37.0,127863.0,22,22,100,0,100,0,200,0,100.0,28022.0,100.0,45345685056.0,100.0,120288244348.0
2018-10-17,S300VL85,ST4000DM000,4000787030016,0,116,104559664,100,0,100,2,100,0,84,305055244,68,28562,100,0,100,0,100.0,0.0,100.0,0.0,100.0,0.0,100.0,0.0,100.0,0.0,78.0,22.0,100.0,0.0,100.0,0.0,37.0,127863.0,22,22,100,0,100,0,200,0,100.0,28045.0,100.0,45378011184.0,100.0,120379392567.0
2018-10-18,S300VL85,ST4000DM000,4000787030016,0,119,232638704,100,0,100,2,100,0,84,306538382,68,28589,100,0,100,0,100.0,0.0,100.0,0.0,100.0,0.0,100.0,0.0,100.0,0.0,78.0,22.0,100.0,0.0,100.0,0.0,37.0,127866.0,22,22,100,0,100,0,200,0,100.0,28072.0,100.0,45422709888.0,100.0,120482827899.0
2018-10-19,S300VL85,ST4000DM000,4000787030016,0,115,88589192,100,0,100,2,100,0,84,307699433,68,28613,100,0,100,0,100.0,0.0,100.0,0.0,100.0,0.0,100.0,0.0,100.0,0.0,78.0,22.0,100.0,0.0,100.0,0.0,37.0,127866.0,22,22,100,0,100,0,200,0,100.0,28097.0,100.0,45454337328.0,100.0,120643516597.0
2018-10-20,S300VL85,ST4000DM000,4000787030016,0,111,35034048,100,0,100,2,100,0,84,308454941,68,28637,100,0,100,0,100.0,0.0,100.0,0.0,100.0,0.0,100.0,0.0,100.0,0.0,78.0,22.0,100.0,0.0,100.0,0.0,37.0,127866.0,22,22,100,0,100,0,200,0,100.0,28121.0,100.0,45483666880.0,100.0,120742313248.0
2018-10-21,S300VL85,ST4000DM000,4000787030016,0,120,236646048,100,0,100,2,100,0,84,309372413,68,28662,100,0,100,0,100.0,0.0,100.0,0.0,100.0,0.0,100.0,0.0,100.0,0.0,77.0,23.0,100.0,0.0,100.0,0.0,37.0,127866.0,23,23,100,0,100,0,200,0,100.0,28145.0,100.0,45521809768.0,100.0,120867442005.0
2018-10-22,S300VL85,ST4000DM000,4000787030016,0,118,174358464,100,0,100,2,100,0,84,311222663,68,28685,100,0,100,0,100.0,0.0,100.0,0.0,100.0,0.0,100.0,0.0,100.0,0.0,78.0,22.0,100.0,0.0,100.0,0.0,37.0,127866.0,22,22,100,0,100,0,200,0,100.0,28168.0,100.0,45565534448.0,100.0,121020105227.0
2018-10-23,S300VL85,ST4000DM000,4000787030016,0,120,240483760,100,0,100,2,100,0,84,312164352,68,28709,100,0,100,0,100.0,0.0,100.0,0.0,100.0,0.0,100.0,0.0,100.0,0.0,77.0,23.0,100.0,0.0,100.0,0.0,37.0,127866.0,23,23,100,0,100,0,200,0,100.0,28193.0,100.0,45600703168.0,100.0,121133043774.0
2018-10-25,S300VL85,ST4000DM000,4000787030016,0,112,49478184,100,0,100,2,100,0,84,314830352,68,28759,100,0,100,0,100.0,0.0,100.0,0.0,100.0,0.0,100.0,0.0,100.0,0.0,78.0,22.0,100.0,0.0,100.0,0.0,37.0,127869.0,22,22,100,0,100,0,200,0,100.0,28242.0,100.0,45683344792.0,100.0,121376938811.0
2018-10-26,S300VL85,ST4000DM000,4000787030016,0,118,177894960,100,0,100,2,100,0,84,315882252,68,28783,100,0,100,0,100.0,0.0,100.0,0.0,100.0,0.0,100.0,0.0,100.0,0.0,77.0,23.0,100.0,0.0,100.0,0.0,37.0,127869.0,23,23,100,0,100,0,200,0,100.0,28266.0,100.0,45718364496.0,100.0,121521618537.0
2018-10-27,S300VL85,ST4000DM000,4000787030016,0,119,219308904,100,0,100,2,100,0,84,316835748,68,28806,100,0,100,0,100.0,0.0,100.0,0.0,100.0,0.0,100.0,0.0,100.0,0.0,78.0,22.0,100.0,0.0,100.0,0.0,37.0,127869.0,22,22,100,0,100,0,200,0,100.0,28290.0,100.0,45743786008.0,100.0,121668314344.0
2018-10-28,S300VL85,ST4000DM000,4000787030016,0,119,217437240,100,0,100,2,100,0,84,317823570,68,28831,100,0,100,0,100.0,0.0,100.0,0.0,100.0,0.0,100.0,0.0,100.0,0.0,78.0,22.0,100.0,0.0,100.0,0.0,37.0,127869.0,22,22,100,0,100,0,200,0,100.0,28314.0,100.0,45770968688.0,100.0,121805869626.0
2018-10-29,S300VL85,ST4000DM000,4000787030016,0,117,122478192,100,0,100,2,100,0,84,320812316,68,28855,100,0,100,0,100.0,0.0,100.0,0.0,100.0,0.0,100.0,0.0,100.0,0.0,77.0,23.0,100.0,0.0,100.0,0.0,37.0,127869.0,23,23,100,0,100,0,200,0,100.0,28338.0,100.0,45803219992.0,100.0,121969877808.0
2018-10-30,S300VL85,ST4000DM000,4000787030016,0,109,23709984,100,0,100,2,100,0,84,321572724,68,28879,100,0,100,0,100.0,0.0,100.0,0.0,100.0,0.0,100.0,0.0,100.0,0.0,78.0,22.0,100.0,0.0,100.0,0.0,37.0,127869.0,22,22,100,0,100,0,200,0,100.0,28362.0,100.0,45830339016.0,100.0,122070157396.0
2018-10-31,S300VL85,ST4000DM000,4000787030016,0,114,62641832,100.0,0.0,100.0,2.0,100.0,0.0,84.0,322660677.0,68,28902,100.0,0.0,100,0,100.0,0.0,100.0,0.0,100.0,0.0,100.0,0.0,100.0,0.0,77.0,23.0,100.0,0.0,100.0,0.0,37.0,127869.0,23,23,100.0,0.0,100.0,0.0,200.0,0.0,100.0,28386.0,100.0,45850408472.0,100.0,122176313267.0
2018-11-01,S300VL85,ST4000DM000,4000787030016,0,108,19292416,100.0,0.0,100.0,2.0,100.0,0.0,84.0,323783854.0,67,28925,100.0,0.0,100,0,100.0,0.0,100.0,0.0,100.0,0.0,100.0,0.0,100.0,0.0,76.0,24.0,100.0,0.0,100.0,0.0,37.0,127873.0,24,24,100.0,0.0,100.0,0.0,200.0,0.0,100.0,28408.0,100.0,45878972072.0,100.0,122289561867.0
2018-11-02,S300VL85,ST4000DM000,4000787030016,0,106,11387584,100.0,0.0,100.0,2.0,100.0,0.0,84.0,324735390.0,67,28949,100.0,0.0,100,0,100.0,0.0,100.0,0.0,100.0,0.0,100.0,0.0,100.0,0.0,76.0,24.0,100.0,0.0,100.0,0.0,37.0,127873.0,24,24,100.0,0.0,100.0,0.0,200.0,0.0,100.0,28432.0,100.0,45907738008.0,100.0,122453500836.0
2018-11-03,S300VL85,ST4000DM000,4000787030016,0,119,209639120,100.0,0.0,100.0,2.0,100.0,0.0,84.0,325575184.0,67,28972,100.0,0.0,100,0,100.0,0.0,100.0,0.0,100.0,0.0,100.0,0.0,100.0,0.0,77.0,23.0,100.0,0.0,100.0,0.0,37.0,127873.0,23,23,100.0,0.0,100.0,0.0,200.0,0.0,100.0,28456.0,100.0,45943891392.0,100.0,122606088097.0
2018-11-04,S300VL85,ST4000DM000,4000787030016,0,120,237323480,100.0,0.0,100.0,2.0,100.0,0.0,84.0,326426178.0,67,28996,100.0,0.0,100,0,100.0,0.0,100.0,0.0,100.0,0.0,100.0,0.0,100.0,0.0,77.0,23.0,100.0,0.0,100.0,0.0,37.0,127873.0,23,23,100.0,0.0,100.0,0.0,200.0,0.0,100.0,28480.0,100.0,45983179312.0,100.0,122768856902.0
2018-11-05,S300VL85,ST4000DM000,4000787030016,0,116,107818088,100.0,0.0,100.0,2.0,100.0,0.0,84.0,328119304.0,67,29021,100.0,0.0,100,0,100.0,0.0,100.0,0.0,100.0,0.0,100.0,0.0,100.0,0.0,77.0,23.0,100.0,0.0,100.0,0.0,37.0,127873.0,23,23,100.0,0.0,100.0,0.0,200.0,0.0,100.0,28504.0,100.0,46024726768.0,100.0,122971846739.0
2018-11-06,S300VL85,ST4000DM000,4000787030016,0,117.0,128892664.0,100.0,0.0,100.0,2.0,100.0,0.0,84.0,328842330.0,67.0,29045.0,100.0,0.0,100.0,0.0,100.0,0.0,100.0,0.0,100.0,0.0,100.0,0.0,100.0,0.0,77.0,23.0,100.0,0.0,100.0,0.0,37.0,127873.0,23.0,23.0,100.0,0.0,100.0,0.0,200.0,0.0,100.0,28528.0,100.0,46049557928.0,100.0,123167269383.0
2018-11-07,S300VL85,ST4000DM000,4000787030016,0,119.0,234098760.0,100.0,0.0,100.0,2.0,100.0,0.0,84.0,329984736.0,67.0,29069.0,100.0,0.0,100.0,0.0,100.0,0.0,100.0,0.0,100.0,0.0,100.0,0.0,100.0,0.0,78.0,22.0,100.0,0.0,100.0,0.0,37.0,127873.0,22.0,22.0,100.0,0.0,100.0,0.0,200.0,0.0,100.0,28552.0,100.0,46080311576.0,100.0,123320313590.0
2018-11-08,S300VL85,ST4000DM000,4000787030016,0,110.0,28096856.0,100.0,0.0,100.0,2.0,100.0,0.0,84.0,331372510.0,67.0,29095.0,100.0,0.0,100.0,0.0,100.0,0.0,100.0,0.0,100.0,0.0,100.0,0.0,100.0,0.0,78.0,22.0,100.0,0.0,100.0,0.0,37.0,127873.0,22.0,22.0,100.0,0.0,100.0,0.0,200.0,0.0,100.0,28578.0,100.0,46112901824.0,100.0,123480555223.0
2018-11-09,S300VL85,ST4000DM000,4000787030016,0,114,61639120,100.0,0.0,100.0,2.0,100.0,0.0,84.0,332429399.0,67,29119,100.0,0.0,100,0,100.0,0.0,100.0,0.0,100.0,0.0,100.0,0.0,100.0,0.0,78.0,22.0,100.0,0.0,100.0,0.0,37.0,127877.0,22,22,100.0,0.0,100.0,0.0,200.0,0.0,100.0,28603.0,100.0,46143748768.0,100.0,123636930194.0
2018-11-10,S300VL85,ST4000DM000,4000787030016,0,117,160426280,100.0,0.0,100.0,2.0,100.0,0.0,84.0,333467776.0,67,29143,100.0,0.0,100,0,100.0,0.0,100.0,0.0,100.0,0.0,100.0,0.0,100.0,0.0,78.0,22.0,100.0,0.0,100.0,0.0,37.0,127877.0,22,22,100.0,0.0,100.0,0.0,200.0,0.0,100.0,28627.0,100.0,46173858408.0,100.0,123800415877.0
2018-11-11,S300VL85,ST4000DM000,4000787030016,0,114,77609920,100.0,0.0,100.0,2.0,100.0,0.0,84.0,334843731.0,67,29167,100.0,0.0,100,0,100.0,0.0,100.0,0.0,100.0,0.0,100.0,0.0,100.0,0.0,78.0,22.0,100.0,0.0,100.0,0.0,37.0,127877.0,22,22,100.0,0.0,100.0,0.0,200.0,0.0,100.0,28650.0,100.0,46211413560.0,100.0,123996306708.0
2018-11-12,S300VL85,ST4000DM000,4000787030016,0,114,63372584,100.0,0.0,100.0,2.0,100.0,0.0,85.0,337309571.0,67,29192,100.0,0.0,100,0,100.0,0.0,100.0,0.0,100.0,0.0,100.0,0.0,100.0,0.0,78.0,22.0,100.0,0.0,100.0,0.0,37.0,127877.0,22,22,100.0,0.0,100.0,0.0,200.0,0.0,100.0,28675.0,100.0,46256930672.0,100.0,124197782034.0
2018-11-13,S300VL85,ST4000DM000,4000787030016,0,103,5853552,100.0,0.0,100.0,2.0,100.0,0.0,85.0,339688234.0,67,29215,100.0,0.0,100,0,100.0,0.0,100.0,0.0,100.0,0.0,100.0,0.0,100.0,0.0,78.0,22.0,100.0,0.0,100.0,0.0,37.0,127877.0,22,22,100.0,0.0,100.0,0.0,200.0,0.0,100.0,28698.0,100.0,46294890176.0,100.0,124373092967.0
2018-11-14,S300VL85,ST4000DM000,4000787030016,0,111,30301736,100.0,0.0,100.0,2.0,100.0,0.0,85.0,341072194.0,67,29238,100.0,0.0,100,0,100.0,0.0,100.0,0.0,100.0,0.0,100.0,0.0,100.0,0.0,78.0,22.0,100.0,0.0,100.0,0.0,37.0,127877.0,22,22,100.0,0.0,100.0,0.0,200.0,0.0,100.0,28721.0,100.0,46319584432.0,100.0,124490278627.0
2018-11-15,S300VL85,ST4000DM000,4000787030016,0,101,3431560,100.0,0.0,100.0,2.0,100.0,0.0,85.0,342281099.0,67,29262,100.0,0.0,100,0,100.0,0.0,100.0,0.0,100.0,0.0,100.0,0.0,100.0,0.0,77.0,23.0,100.0,0.0,100.0,0.0,37.0,127877.0,23,23,100.0,0.0,100.0,0.0,200.0,0.0,100.0,28745.0,100.0,46344429784.0,100.0,124596620107.0
2018-11-16,S300VL85,ST4000DM000,4000787030016,0,117,165537392,100.0,0.0,100.0,2.0,100.0,0.0,85.0,343556307.0,67,29286,100.0,0.0,100,0,100.0,0.0,100.0,0.0,100.0,0.0,100.0,0.0,100.0,0.0,77.0,23.0,100.0,0.0,100.0,0.0,37.0,127877.0,23,23,100.0,0.0,100.0,0.0,200.0,0.0,100.0,28769.0,100.0,46374070008.0,100.0,124736494729.0
2018-11-17,S300VL85,ST4000DM000,4000787030016,0,117.0,120524696.0,100.0,0.0,100.0,2.0,100.0,0.0,85.0,345023554.0,67.0,29310.0,100.0,0.0,100.0,0.0,100.0,0.0,100.0,0.0,100.0,0.0,100.0,0.0,100.0,0.0,77.0,23.0,100.0,0.0,100.0,0.0,37.0,127877.0,23.0,23.0,100.0,0.0,100.0,0.0,200.0,0.0,100.0,28793.0,100.0,46391394144.0,100.0,124895722343.0
2018-11-18,S300VL85,ST4000DM000,4000787030016,0,119,227739512,100.0,0.0,100.0,2.0,100.0,0.0,85.0,346279623.0,67,29334,100.0,0.0,100,0,100.0,0.0,100.0,0.0,100.0,0.0,100.0,0.0,100.0,0.0,78.0,22.0,100.0,0.0,100.0,0.0,37.0,127877.0,22,22,100.0,0.0,100.0,0.0,200.0,0.0,100.0,28817.0,100.0,46411643560.0,100.0,125054115568.0
2018-11-19,S300VL85,ST4000DM000,4000787030016,0,117,146037720,100.0,0.0,100.0,2.0,100.0,0.0,85.0,348281290.0,67,29358,100.0,0.0,100,0,100.0,0.0,100.0,0.0,100.0,0.0,100.0,0.0,100.0,0.0,77.0,23.0,100.0,0.0,100.0,0.0,37.0,127877.0,23,23,100.0,0.0,100.0,0.0,200.0,0.0,100.0,28842.0,100.0,46432961392.0,100.0,125226838834.0
2018-11-20,S300VL85,ST4000DM000,4000787030016,0,119,210224584,100.0,0.0,100.0,2.0,100.0,0.0,85.0,349469885.0,67,29382,100.0,0.0,100,0,100.0,0.0,100.0,0.0,100.0,0.0,100.0,0.0,100.0,0.0,78.0,22.0,100.0,0.0,100.0,0.0,37.0,127877.0,22,22,100.0,0.0,100.0,0.0,200.0,0.0,100.0,28865.0,100.0,46468174144.0,100.0,125358376787.0
2018-11-21,S300VL85,ST4000DM000,4000787030016,0,120,239244808,100.0,0.0,100.0,2.0,100.0,0.0,85.0,350991881.0,67,29406,100.0,0.0,100,0,100.0,0.0,100.0,0.0,100.0,0.0,100.0,0.0,100.0,0.0,77.0,23.0,100.0,0.0,100.0,0.0,37.0,127877.0,23,23,100.0,0.0,100.0,0.0,200.0,0.0,100.0,28889.0,100.0,46494479824.0,100.0,125470489494.0
2018-11-22,S300VL85,ST4000DM000,4000787030016,0,118,173677176,100.0,0.0,100.0,2.0,100.0,0.0,85.0,352408183.0,67,29429,100.0,0.0,100,0,100.0,0.0,100.0,0.0,100.0,0.0,100.0,0.0,100.0,0.0,77.0,23.0,100.0,0.0,100.0,0.0,37.0,127877.0,23,23,100.0,0.0,100.0,0.0,200.0,0.0,100.0,28912.0,100.0,46524545120.0,100.0,125591167031.0
2018-11-23,S300VL85,ST4000DM000,4000787030016,0,117,153172728,100.0,0.0,100.0,2.0,100.0,0.0,85.0,354013474.0,67,29454,100.0,0.0,100,0,100.0,0.0,100.0,0.0,100.0,0.0,100.0,0.0,100.0,0.0,77.0,23.0,100.0,0.0,100.0,0.0,37.0,127877.0,23,23,100.0,0.0,100.0,0.0,200.0,0.0,100.0,28937.0,100.0,46547555832.0,100.0,125716133499.0
2018-11-24,S300VL85,ST4000DM000,4000787030016,0,115,87382400,100.0,0.0,100.0,2.0,100.0,0.0,85.0,354698983.0,67,29478,100.0,0.0,100,0,100.0,0.0,100.0,0.0,100.0,0.0,100.0,0.0,100.0,0.0,77.0,23.0,100.0,0.0,100.0,0.0,37.0,127877.0,23,23,100.0,0.0,100.0,0.0,200.0,0.0,100.0,28961.0,100.0,46565368616.0,100.0,125817557292.0
2018-11-25,S300VL85,ST4000DM000,4000787030016,0,115,86216952,100.0,0.0,100.0,2.0,100.0,0.0,85.0,355359717.0,67,29502,100.0,0.0,100,0,100.0,0.0,100.0,0.0,100.0,0.0,100.0,0.0,100.0,0.0,77.0,23.0,100.0,0.0,100.0,0.0,37.0,127877.0,23,23,100.0,0.0,100.0,0.0,200.0,0.0,100.0,28986.0,100.0,46582918152.0,100.0,125914277969.0
2018-11-26,S300VL85,ST4000DM000,4000787030016,0,118,181253096,100.0,0.0,100.0,2.0,100.0,0.0,85.0,356983061.0,67,29526,100.0,0.0,100,0,100.0,0.0,100.0,0.0,100.0,0.0,100.0,0.0,100.0,0.0,77.0,23.0,100.0,0.0,100.0,0.0,37.0,127877.0,23,23,100.0,0.0,100.0,0.0,200.0,0.0,100.0,29010.0,100.0,46604658872.0,100.0,126019607250.0
2018-11-27,S300VL85,ST4000DM000,4000787030016,0,108,19897288,100.0,0.0,100.0,2.0,100.0,0.0,85.0,357851133.0,67,29549,100.0,0.0,100,0,100.0,0.0,100.0,0.0,100.0,0.0,100.0,0.0,100.0,0.0,77.0,23.0,100.0,0.0,100.0,0.0,37.0,127877.0,23,23,100.0,0.0,100.0,0.0,200.0,0.0,100.0,29033.0,100.0,46642609872.0,100.0,126140896647.0
2018-11-28,S300VL85,ST4000DM000,4000787030016,0,118,180264488,100.0,0.0,100.0,2.0,100.0,0.0,85.0,359319335.0,67,29573,100.0,0.0,100,0,100.0,0.0,100.0,0.0,100.0,0.0,100.0,0.0,100.0,0.0,77.0,23.0,100.0,0.0,100.0,0.0,37.0,127877.0,23,23,100.0,0.0,100.0,0.0,200.0,0.0,100.0,29056.0,100.0,46682668224.0,100.0,126267839680.0
2018-11-29,S300VL85,ST4000DM000,4000787030016,0,118,171374928,100.0,0.0,100.0,2.0,100.0,0.0,85.0,361561990.0,67,29597,100.0,0.0,100,0,100.0,0.0,100.0,0.0,100.0,0.0,100.0,0.0,100.0,0.0,79.0,21.0,100.0,0.0,100.0,0.0,37.0,127877.0,21,21,100.0,0.0,100.0,0.0,200.0,0.0,100.0,29081.0,100.0,46702664824.0,100.0,126401362161.0
2018-11-30,S300VL85,ST4000DM000,4000787030016,0,117,167353312,100.0,0.0,100.0,2.0,100.0,0.0,85.0,362357266.0,67,29622,100.0,0.0,100,0,100.0,0.0,100.0,0.0,100.0,0.0,100.0,0.0,100.0,0.0,79.0,21.0,100.0,0.0,100.0,0.0,37.0,127877.0,21,21,100.0,0.0,100.0,0.0,200.0,0.0,100.0,29105.0,100.0,46726816224.0,100.0,126511282791.0
2018-12-01,S300VL85,ST4000DM000,4000787030016,0,111,35648880,100.0,0.0,100.0,2.0,100.0,0.0,85.0,363245146.0,67,29646,100.0,0.0,100,0,100.0,0.0,100.0,0.0,100.0,0.0,100.0,0.0,100.0,0.0,79.0,21.0,100.0,0.0,100.0,0.0,37.0,127877.0,21,21,100.0,0.0,100.0,0.0,200.0,0.0,100.0,29129.0,100.0,46747732976.0,100.0,126632880287.0
2018-12-02,S300VL85,ST4000DM000,4000787030016,0,117,118913120,100.0,0.0,100.0,2.0,100.0,0.0,85.0,364266369.0,67,29670,100.0,0.0,100,0,100.0,0.0,100.0,0.0,100.0,0.0,100.0,0.0,100.0,0.0,79.0,21.0,100.0,0.0,100.0,0.0,37.0,127877.0,21,21,100.0,0.0,100.0,0.0,200.0,0.0,100.0,29153.0,100.0,46783239216.0,100.0,126769211935.0
2018-12-03,S300VL85,ST4000DM000,4000787030016,0,119,203162784,100.0,0.0,100.0,2.0,100.0,0.0,85.0,366286206.0,67,29694,100.0,0.0,100,0,100.0,0.0,100.0,0.0,100.0,0.0,100.0,0.0,100.0,0.0,79.0,21.0,100.0,0.0,100.0,0.0,37.0,127877.0,21,21,100.0,0.0,100.0,0.0,200.0,0.0,100.0,29177.0,100.0,46828432168.0,100.0,126935362667.0
2018-12-04,S300VL85,ST4000DM000,4000787030016,0,109,22237976,100.0,0.0,100.0,2.0,100.0,0.0,85.0,367286536.0,67,29718,100.0,0.0,100,0,100.0,0.0,100.0,0.0,100.0,0.0,100.0,0.0,100.0,0.0,79.0,21.0,100.0,0.0,100.0,0.0,37.0,127877.0,21,21,100.0,0.0,100.0,0.0,200.0,0.0,100.0,29202.0,100.0,46856828680.0,100.0,127073256848.0
2018-12-05,S300VL85,ST4000DM000,4000787030016,0,119.0,219535224.0,100.0,0.0,100.0,2.0,100.0,0.0,85.0,368493870.0,67.0,29742.0,100.0,0.0,100.0,0.0,100.0,0.0,100.0,0.0,100.0,0.0,100.0,0.0,100.0,0.0,79.0,21.0,100.0,0.0,100.0,0.0,37.0,127877.0,21.0,21.0,100.0,0.0,100.0,0.0,200.0,0.0,100.0,29225.0,100.0,46882806424.0,100.0,127166921026.0
2018-12-06,S300VL85,ST4000DM000,4000787030016,0,120,235915528,100.0,0.0,100.0,2.0,100.0,0.0,85.0,369583034.0,67,29766,100.0,0.0,100,0,100.0,0.0,100.0,0.0,100.0,0.0,100.0,0.0,100.0,0.0,79.0,21.0,100.0,0.0,100.0,0.0,37.0,127877.0,21,21,100.0,0.0,100.0,0.0,200.0,0.0,100.0,29249.0,100.0,46910498200.0,100.0,127272960169.0
2018-12-07,S300VL85,ST4000DM000,4000787030016,0,114,60304024,100.0,0.0,100.0,2.0,100.0,0.0,85.0,370509341.0,66,29790,100.0,0.0,100,0,100.0,0.0,100.0,0.0,100.0,0.0,100.0,0.0,100.0,0.0,79.0,21.0,100.0,0.0,100.0,0.0,37.0,127877.0,21,21,100.0,0.0,100.0,0.0,200.0,0.0,100.0,29273.0,100.0,46936285128.0,100.0,127384013159.0
2018-12-08,S300VL85,ST4000DM000,4000787030016,0,117,150396984,100.0,0.0,100.0,2.0,100.0,0.0,85.0,371386781.0,66,29814,100.0,0.0,100,0,100.0,0.0,100.0,0.0,100.0,0.0,100.0,0.0,100.0,0.0,79.0,21.0,100.0,0.0,100.0,0.0,37.0,127877.0,21,21,100.0,0.0,100.0,0.0,200.0,0.0,100.0,29297.0,100.0,46962463976.0,100.0,127502688432.0
2018-12-09,S300VL85,ST4000DM000,4000787030016,0,109,23962440,100.0,0.0,100.0,2.0,100.0,0.0,85.0,372259626.0,66,29838,100.0,0.0,100,0,100.0,0.0,100.0,0.0,100.0,0.0,100.0,0.0,100.0,0.0,79.0,21.0,100.0,0.0,100.0,0.0,37.0,127877.0,21,21,100.0,0.0,100.0,0.0,200.0,0.0,100.0,29321.0,100.0,46982774096.0,100.0,127635007304.0
2018-12-10,S300VL85,ST4000DM000,4000787030016,0,117,142805768,100.0,0.0,100.0,2.0,100.0,0.0,85.0,374080335.0,66,29862,100.0,0.0,100,0,100.0,0.0,100.0,0.0,100.0,0.0,100.0,0.0,100.0,0.0,79.0,21.0,100.0,0.0,100.0,0.0,37.0,127877.0,21,21,100.0,0.0,100.0,0.0,200.0,0.0,100.0,29346.0,100.0,47000385912.0,100.0,127816681645.0
2018-12-11,S300VL85,ST4000DM000,4000787030016,0,117,144732416,100.0,0.0,100.0,2.0,100.0,0.0,85.0,374788049.0,66,29886,100.0,0.0,100,0,100.0,0.0,100.0,0.0,100.0,0.0,100.0,0.0,100.0,0.0,79.0,21.0,100.0,0.0,100.0,0.0,37.0,127877.0,21,21,100.0,0.0,100.0,0.0,200.0,0.0,100.0,29369.0,100.0,47019750744.0,100.0,127962906936.0
2018-12-12,S300VL85,ST4000DM000,4000787030016,0,117,138592264,100.0,0.0,100.0,2.0,100.0,0.0,85.0,376135811.0,66,29910,100.0,0.0,100,0,100.0,0.0,100.0,0.0,100.0,0.0,100.0,0.0,100.0,0.0,79.0,21.0,100.0,0.0,100.0,0.0,37.0,127877.0,21,21,100.0,0.0,100.0,0.0,200.0,0.0,100.0,29393.0,100.0,47045522456.0,100.0,128100057829.0
2018-12-13,S300VL85,ST4000DM000,4000787030016,0,118,189960000,100.0,0.0,100.0,2.0,100.0,0.0,85.0,378241228.0,66,29934,100.0,0.0,100,0,100.0,0.0,100.0,0.0,100.0,0.0,100.0,0.0,100.0,0.0,78.0,22.0,100.0,0.0,100.0,0.0,37.0,127877.0,22,22,100.0,0.0,100.0,0.0,200.0,0.0,100.0,29417.0,100.0,47077128184.0,100.0,128283859747.0
2018-12-14,S300VL85,ST4000DM000,4000787030016,0,118,168939920,100.0,0.0,100.0,2.0,100.0,0.0,85.0,378925629.0,66,29958,100.0,0.0,100,0,100.0,0.0,100.0,0.0,100.0,0.0,100.0,0.0,100.0,0.0,78.0,22.0,100.0,0.0,100.0,0.0,37.0,127877.0,22,22,100.0,0.0,100.0,0.0,200.0,0.0,100.0,29441.0,100.0,47096304824.0,100.0,128476604009.0
2018-12-15,S300VL85,ST4000DM000,4000787030016,0,119,204771768,100.0,0.0,100.0,2.0,100.0,0.0,85.0,379593477.0,66,29982,100.0,0.0,100,0,100.0,0.0,100.0,0.0,100.0,0.0,100.0,0.0,100.0,0.0,78.0,22.0,100.0,0.0,100.0,0.0,37.0,127877.0,22,22,100.0,0.0,100.0,0.0,200.0,0.0,100.0,29465.0,100.0,47119417264.0,100.0,128649419406.0
2018-12-16,S300VL85,ST4000DM000,4000787030016,0,117,127480032,100.0,0.0,100.0,2.0,100.0,0.0,85.0,380386799.0,66,30006,100.0,0.0,100,0,100.0,0.0,100.0,0.0,100.0,0.0,100.0,0.0,100.0,0.0,78.0,22.0,100.0,0.0,100.0,0.0,37.0,127877.0,22,22,100.0,0.0,100.0,0.0,200.0,0.0,100.0,29489.0,100.0,47134074024.0,100.0,128793846580.0
2018-12-17,S300VL85,ST4000DM000,4000787030016,0,114,83116000,100.0,0.0,100.0,2.0,100.0,0.0,85.0,382320262.0,66,30030,100.0,0.0,100,0,100.0,0.0,100.0,0.0,100.0,0.0,100.0,0.0,100.0,0.0,78.0,22.0,100.0,0.0,100.0,0.0,37.0,127877.0,22,22,100.0,0.0,100.0,0.0,200.0,0.0,100.0,29513.0,100.0,47153659864.0,100.0,128973073564.0
2018-12-18,S300VL85,ST4000DM000,4000787030016,0,113,50721144,100.0,0.0,100.0,2.0,100.0,0.0,85.0,383626768.0,66,30054,100.0,0.0,100,0,100.0,0.0,100.0,0.0,100.0,0.0,100.0,0.0,100.0,0.0,78.0,22.0,100.0,0.0,100.0,0.0,37.0,127877.0,22,22,100.0,0.0,100.0,0.0,200.0,0.0,100.0,29537.0,100.0,47179012160.0,100.0,129165316957.0
2018-12-19,S300VL85,ST4000DM000,4000787030016,0,117,145284696,100.0,0.0,100.0,2.0,100.0,0.0,85.0,385276597.0,66,30078,100.0,0.0,100,0,100.0,0.0,100.0,0.0,100.0,0.0,100.0,0.0,100.0,0.0,78.0,22.0,100.0,0.0,100.0,0.0,37.0,127877.0,22,22,100.0,0.0,100.0,0.0,200.0,0.0,100.0,29561.0,100.0,47201485560.0,100.0,129308743374.0
2018-12-20,S300VL85,ST4000DM000,4000787030016,0,119,226504792,100.0,0.0,100.0,2.0,100.0,0.0,85.0,386639102.0,66,30102,100.0,0.0,100,0,100.0,0.0,100.0,0.0,100.0,0.0,100.0,0.0,100.0,0.0,78.0,22.0,100.0,0.0,100.0,0.0,37.0,127877.0,22,22,100.0,0.0,100.0,0.0,200.0,0.0,100.0,29585.0,100.0,47226037624.0,100.0,129451495035.0
2018-12-21,S300VL85,ST4000DM000,4000787030016,0,118,193949784,100.0,0.0,100.0,2.0,100.0,0.0,85.0,388131420.0,66,30126,100.0,0.0,100,0,100.0,0.0,100.0,0.0,100.0,0.0,100.0,0.0,100.0,0.0,78.0,22.0,100.0,0.0,100.0,0.0,37.0,127877.0,22,22,100.0,0.0,100.0,0.0,200.0,0.0,100.0,29609.0,100.0,47249034944.0,100.0,129616374550.0
2018-12-22,S300VL85,ST4000DM000,4000787030016,0,117,158410544,100.0,0.0,100.0,2.0,100.0,0.0,85.0,389553891.0,66,30150,100.0,0.0,100,0,100.0,0.0,100.0,0.0,100.0,0.0,100.0,0.0,100.0,0.0,78.0,22.0,100.0,0.0,100.0,0.0,37.0,127877.0,22,22,100.0,0.0,100.0,0.0,200.0,0.0,100.0,29634.0,100.0,47269580528.0,100.0,129780496909.0
2018-12-23,S300VL85,ST4000DM000,4000787030016,0,119,219604296,100.0,0.0,100.0,2.0,100.0,0.0,85.0,390724572.0,66,30174,100.0,0.0,100,0,100.0,0.0,100.0,0.0,100.0,0.0,100.0,0.0,100.0,0.0,78.0,22.0,100.0,0.0,100.0,0.0,37.0,127877.0,22,22,100.0,0.0,100.0,0.0,200.0,0.0,100.0,29657.0,100.0,47287740376.0,100.0,129932051915.0
2018-12-24,S300VL85,ST4000DM000,4000787030016,0,116,102580336,100.0,0.0,100.0,2.0,100.0,0.0,85.0,392755785.0,66,30198,100.0,0.0,100,0,100.0,0.0,100.0,0.0,100.0,0.0,100.0,0.0,100.0,0.0,78.0,22.0,100.0,0.0,100.0,0.0,37.0,127877.0,22,22,100.0,0.0,100.0,0.0,200.0,0.0,100.0,29681.0,100.0,47316339288.0,100.0,130101301369.0
2018-12-25,S300VL85,ST4000DM000,4000787030016,0,117,137025168,100.0,0.0,100.0,2.0,100.0,0.0,85.0,393897596.0,66,30222,100.0,0.0,100,0,100.0,0.0,100.0,0.0,100.0,0.0,100.0,0.0,100.0,0.0,78.0,22.0,100.0,0.0,100.0,0.0,37.0,127877.0,22,22,100.0,0.0,100.0,0.0,200.0,0.0,100.0,29705.0,100.0,47344099616.0,100.0,130231016857.0
2018-12-26,S300VL85,ST4000DM000,4000787030016,0,119,229055928,100.0,0.0,100.0,2.0,100.0,0.0,85.0,395429942.0,66,30246,100.0,0.0,100,0,100.0,0.0,100.0,0.0,100.0,0.0,100.0,0.0,100.0,0.0,78.0,22.0,100.0,0.0,100.0,0.0,37.0,127877.0,22,22,100.0,0.0,100.0,0.0,200.0,0.0,100.0,29729.0,100.0,47362407016.0,100.0,130345054171.0
2018-12-27,S300VL85,ST4000DM000,4000787030016,0,118,190168608,100.0,0.0,100.0,2.0,100.0,0.0,85.0,397790459.0,66,30270,100.0,0.0,100,0,100.0,0.0,100.0,0.0,100.0,0.0,100.0,0.0,100.0,0.0,78.0,22.0,100.0,0.0,100.0,0.0,37.0,127877.0,22,22,100.0,0.0,100.0,0.0,200.0,0.0,100.0,29753.0,100.0,47377082664.0,100.0,130475669583.0
2018-12-28,S300VL85,ST4000DM000,4000787030016,0,117,134444808,100.0,0.0,100.0,2.0,100.0,0.0,85.0,399239888.0,66,30294,100.0,0.0,100,0,100.0,0.0,100.0,0.0,100.0,0.0,100.0,0.0,100.0,0.0,79.0,21.0,100.0,0.0,100.0,0.0,37.0,127877.0,21,21,100.0,0.0,100.0,0.0,200.0,0.0,100.0,29777.0,100.0,47390858488.0,100.0,130597846638.0
2018-12-29,S300VL85,ST4000DM000,4000787030016,0,119,233457488,100.0,0.0,100.0,2.0,100.0,0.0,85.0,399897101.0,66,30318,100.0,0.0,100,0,100.0,0.0,100.0,0.0,100.0,0.0,100.0,0.0,100.0,0.0,79.0,21.0,100.0,0.0,100.0,0.0,37.0,127877.0,21,21,100.0,0.0,100.0,0.0,200.0,0.0,100.0,29801.0,100.0,47406789816.0,100.0,130699185240.0
2018-12-30,S300VL85,ST4000DM000,4000787030016,0,113,55032744,100.0,0.0,100.0,2.0,100.0,0.0,85.0,400569468.0,66,30342,100.0,0.0,100,0,100.0,0.0,100.0,0.0,100.0,0.0,100.0,0.0,100.0,0.0,79.0,21.0,100.0,0.0,100.0,0.0,37.0,127877.0,21,21,100.0,0.0,100.0,0.0,200.0,0.0,100.0,29825.0,100.0,47424709144.0,100.0,130792251807.0
2018-12-31,S300VL85,ST4000DM000,4000787030016,0,119,201723280,100.0,0.0,100.0,2.0,100.0,0.0,85.0,402244055.0,66,30366,100.0,0.0,100,0,100.0,0.0,100.0,0.0,100.0,0.0,100.0,0.0,100.0,0.0,79.0,21.0,100.0,0.0,100.0,0.0,37.0,127877.0,21,21,100.0,0.0,100.0,0.0,200.0,0.0,100.0,29850.0,100.0,47452017224.0,100.0,130901486569.0
