2018-01-01,S3007BWN,ST4000DM000,4000787030016,0,117,136946928,92,0,100,21,100,0,81,156608515,63,33004,100,0,100,21,99.0,1.0,100.0,0.0,100.0,0.0,100.0,0.0,94.0,6.0,74.0,26.0,100.0,0.0,100.0,5.0,1.0,517517.0,26,26,100,0,100,0,200,0,100.0,29720.0,100.0,26719210462.0,100.0,301667397641.0
2018-01-02,S3007BWN,ST4000DM000,4000787030016,0,118,194108672,92,0,100,21,100,0,81,156618442,63,33040,100,0,100,21,99.0,1.0,100.0,0.0,100.0,0.0,100.0,0.0,94.0,6.0,73.0,27.0,100.0,0.0,100.0,5.0,1.0,519662.0,27,27,100,0,100,0,200,0,100.0,29739.0,100.0,26719211461.0,100.0,301718536242.0
2018-01-03,S3007BWN,ST4000DM000,4000787030016,0,119,232650704,92,0,100,21,100,0,81,156625561,63,33064,100,0,100,21,99.0,1.0,100.0,0.0,100.0,0.0,100.0,0.0,94.0,6.0,72.0,28.0,100.0,0.0,100.0,5.0,1.0,521038.0,28,28,100,0,100,0,200,0,100.0,29752.0,100.0,26719212109.0,100.0,301750879143.0
2018-01-04,S3007BWN,ST4000DM000,4000787030016,0,109,25065584,92,0,100,21,100,0,81,156631830,63,33088,100,0,100,21,99.0,1.0,100.0,0.0,100.0,0.0,100.0,0.0,94.0,6.0,72.0,28.0,100.0,0.0,100.0,5.0,1.0,522435.0,28,28,100,0,100,0,200,0,100.0,29765.0,100.0,26719212730.0,100.0,301783158378.0
2018-01-05,S3007BWN,ST4000DM000,4000787030016,0,113.0,58680776.0,92.0,0.0,100.0,21.0,100.0,0.0,81.0,156637004.0,63.0,33112.0,100.0,0.0,100.0,21.0,99.0,1.0,100.0,0.0,100.0,0.0,100.0,0.0,94.0,6.0,72.0,28.0,100.0,0.0,100.0,5.0,1.0,523904.0,28.0,28.0,100.0,0.0,100.0,0.0,200.0,0.0,100.0,29778.0,100.0,26719213378.0,100.0,301815757611.0
2018-01-06,S3007BWN,ST4000DM000,4000787030016,0,115,92868768,92,0,100,21,100,0,81,156641711,63,33136,100,0,100,21,99.0,1.0,100.0,0.0,100.0,0.0,100.0,0.0,94.0,6.0,72.0,28.0,100.0,0.0,100.0,5.0,1.0,525329.0,28,28,100,0,100,0,200,0,100.0,29790.0,100.0,26719214053.0,100.0,301849605691.0
2018-01-07,S3007BWN,ST4000DM000,4000787030016,0,117,124957256,92,0,100,21,100,0,81,156646425,63,33160,100,0,100,21,99.0,1.0,100.0,0.0,100.0,0.0,100.0,0.0,94.0,6.0,72.0,28.0,100.0,0.0,100.0,5.0,1.0,526753.0,28,28,100,0,100,0,200,0,100.0,29803.0,100.0,26719214674.0,100.0,301881508259.0
2018-01-08,S3007BWN,ST4000DM000,4000787030016,0,117,159042808,92,0,100,21,100,0,81,156651463,63,33184,100,0,100,21,99.0,1.0,100.0,0.0,100.0,0.0,100.0,0.0,94.0,6.0,72.0,28.0,100.0,0.0,100.0,5.0,1.0,528221.0,28,28,100,0,100,0,200,0,100.0,29815.0,100.0,26719215349.0,100.0,301915225652.0
2018-01-09,S3007BWN,ST4000DM000,4000787030016,0,118,174778760,92,0,100,21,100,0,81,156653952,63,33196,100,0,100,21,99.0,1.0,100.0,0.0,100.0,0.0,100.0,0.0,94.0,6.0,72.0,28.0,100.0,0.0,100.0,5.0,1.0,528909.0,28,28,100,0,100,0,200,0,100.0,29821.0,100.0,26719215646.0,100.0,301930525324.0
2018-01-10,S3007BWN,ST4000DM000,4000787030016,0,102,4905392,92,0,100,21,100,0,81,156668809,63,33230,100,0,100,21,99.0,1.0,100.0,0.0,100.0,0.0,100.0,0.0,94.0,6.0,72.0,28.0,100.0,0.0,100.0,5.0,1.0,530746.0,28,28,100,0,100,0,200,0,100.0,29842.0,100.0,26719216564.0,100.0,301979322343.0
2018-01-11,S3007BWN,ST4000DM000,4000787030016,0,113,53837600,92,0,100,21,100,0,81,156680867,63,33250,100,0,100,21,99.0,1.0,100.0,0.0,100.0,0.0,100.0,0.0,94.0,6.0,72.0,28.0,100.0,0.0,100.0,5.0,1.0,531722.0,28,28,100,0,100,0,200,0,100.0,29855.0,100.0,26719217131.0,100.0,302005660010.0
2018-01-12,S3007BWN,ST4000DM000,4000787030016,0,117,135708472,92,0,100,21,100,0,81,156701465,63,33274,100,0,100,21,99.0,1.0,100.0,0.0,100.0,0.0,100.0,0.0,94.0,6.0,73.0,27.0,100.0,0.0,100.0,5.0,1.0,532634.0,27,27,100,0,100,0,200,0,100.0,29873.0,100.0,26719217752.0,100.0,302042103307.0
2018-01-13,S3007BWN,ST4000DM000,4000787030016,0,118.0,178653816.0,92.0,0.0,100.0,21.0,100,0,81.0,156708888.0,62,33299,100.0,0.0,100,21,99.0,1.0,100.0,0.0,100.0,0.0,100.0,0.0,94.0,6.0,73.0,27.0,100.0,0.0,100.0,5.0,1.0,534113.0,27.0,27.0,100.0,0.0,100.0,0.0,200,0,100.0,29887.0,100.0,26719218427.0,100.0,302078618367.0
2018-01-14,S3007BWN,ST4000DM000,4000787030016,0,119.0,226479456.0,92.0,0.0,100.0,21.0,100,0,81.0,156718258.0,62,33323,100.0,0.0,100,21,99.0,1.0,100.0,0.0,100.0,0.0,100.0,0.0,94.0,6.0,74.0,26.0,100.0,0.0,100.0,5.0,1.0,535491.0,26.0,26.0,100.0,0.0,100.0,0.0,200,0,100.0,29900.0,100.0,26719219075.0,100.0,302114138292.0
2018-01-15,S3007BWN,ST4000DM000,4000787030016,0,108.0,15976024.0,92.0,0.0,100.0,21.0,100,0,81.0,156722967.0,62,33348,100.0,0.0,100,21,99.0,1.0,100.0,0.0,100.0,0.0,100.0,0.0,94.0,6.0,74.0,26.0,100.0,0.0,100.0,5.0,1.0,536956.0,26.0,26.0,100.0,0.0,100.0,0.0,200,0,100.0,29913.0,100.0,26719219750.0,100.0,302147645212.0
2018-01-16,S3007BWN,ST4000DM000,4000787030016,0,111.0,31614960.0,92.0,0.0,100.0,21.0,100,0,81.0,156725324.0,62,33359,100.0,0.0,100,21,99.0,1.0,100.0,0.0,100.0,0.0,100.0,0.0,94.0,6.0,74.0,26.0,100.0,0.0,100.0,5.0,1.0,537638.0,26.0,26.0,100.0,0.0,100.0,0.0,200,0,100.0,29919.0,100.0,26719220047.0,100.0,302162531229.0
2018-01-17,S3007BWN,ST4000DM000,4000787030016,0,115.0,84862512.0,92.0,0.0,100.0,21.0,100,0,81.0,156733247.0,62,33395,100.0,0.0,100,21,99.0,1.0,100.0,0.0,100.0,0.0,100.0,0.0,94.0,6.0,74.0,26.0,100.0,0.0,100.0,5.0,1.0,539772.0,26.0,26.0,100.0,0.0,100.0,0.0,200,0,100.0,29939.0,100.0,26719221046.0,100.0,302212236528.0
2018-01-18,S3007BWN,ST4000DM000,4000787030016,0,116.0,114465152.0,92.0,0.0,100.0,21.0,100.0,0.0,81.0,156737746.0,62.0,33417.0,100.0,0.0,100.0,21.0,99.0,1.0,100.0,0.0,100.0,0.0,100.0,0.0,94.0,6.0,74.0,26.0,100.0,0.0,100.0,5.0,1.0,541045.0,26.0,26.0,100.0,0.0,100.0,0.0,200.0,0.0,100.0,29951.0,100.0,26719221613.0,100.0,302240657642.0
2018-01-19,S3007BWN,ST4000DM000,4000787030016,0,118.0,170330392.0,92.0,0.0,100.0,21.0,100.0,0.0,81.0,156749809.0,62.0,33441.0,100.0,0.0,100.0,21.0,99.0,1.0,100.0,0.0,100.0,0.0,100.0,0.0,94.0,6.0,74.0,26.0,100.0,0.0,100.0,5.0,1.0,542229.0,26.0,26.0,100.0,0.0,100.0,0.0,200.0,0.0,100.0,29966.0,100.0,26719222261.0,100.0,302275381377.0
2018-01-20,S3007BWN,ST4000DM000,4000787030016,0,120.0,237817224.0,92.0,0.0,100.0,21.0,100,0,81.0,156765444.0,62,33465,100.0,0.0,100,21,99.0,1.0,100.0,0.0,100.0,0.0,100.0,0.0,94.0,6.0,75.0,25.0,100.0,0.0,100.0,5.0,1.0,543321.0,25.0,25.0,100.0,0.0,100.0,0.0,200,0,100.0,29983.0,100.0,26719222909.0,100.0,302311524748.0
2018-01-21,S3007BWN,ST4000DM000,4000787030016,0,110.0,28528272.0,92.0,0.0,100.0,21.0,100,0,81.0,156770318.0,62,33489,100.0,0.0,100,21,99.0,1.0,100.0,0.0,100.0,0.0,100.0,0.0,94.0,6.0,75.0,25.0,100.0,0.0,100.0,5.0,1.0,544724.0,25.0,25.0,100.0,0.0,100.0,0.0,200,0,100.0,29995.0,100.0,26719223584.0,100.0,302345940309.0
2018-01-22,S3007BWN,ST4000DM000,4000787030016,0,114.0,60816448.0,92.0,0.0,100.0,21.0,100,0,81.0,156775102.0,62,33513,100.0,0.0,100,21,99.0,1.0,100.0,0.0,100.0,0.0,100.0,0.0,94.0,6.0,75.0,25.0,100.0,0.0,100.0,5.0,1.0,546127.0,25.0,25.0,100.0,0.0,100.0,0.0,200,0,100.0,30008.0,100.0,26719224205.0,100.0,302377580449.0
2018-01-23,S3007BWN,ST4000DM000,4000787030016,0,116.0,101735992.0,92.0,0.0,100.0,21.0,100,0,81.0,156782517.0,62,33537,100.0,0.0,100,21,99.0,1.0,100.0,0.0,100.0,0.0,100.0,0.0,94.0,6.0,75.0,25.0,100.0,0.0,100.0,5.0,1.0,547529.0,25.0,25.0,100.0,0.0,100.0,0.0,200,0,100.0,30021.0,100.0,26719224826.0,100.0,302410258634.0
2018-01-24,S3007BWN,ST4000DM000,4000787030016,0,117.0,154078528.0,92.0,0.0,100.0,21.0,100,0,81.0,156790827.0,62,33569,100.0,0.0,100,21,99.0,1.0,100.0,0.0,100.0,0.0,100.0,0.0,94.0,6.0,76.0,24.0,100.0,0.0,100.0,5.0,1.0,549400.0,24.0,24.0,100.0,0.0,100.0,0.0,200,0,100.0,30038.0,100.0,26719225717.0,100.0,302456564436.0
2018-01-25,S3007BWN,ST4000DM000,4000787030016,0,118.0,173066728.0,92.0,0.0,100.0,21.0,100,0,81.0,156793439.0,62,33581,100.0,0.0,100,21,99.0,1.0,100.0,0.0,100.0,0.0,100.0,0.0,94.0,6.0,76.0,24.0,100.0,0.0,100.0,5.0,1.0,550120.0,24.0,24.0,100.0,0.0,100.0,0.0,200,0,100.0,30045.0,100.0,26719226068.0,100.0,302474806516.0
2018-01-26,S3007BWN,ST4000DM000,4000787030016,0,119.0,225489416.0,92.0,0.0,100.0,21.0,100,0,81.0,156801438.0,62,33617,100.0,0.0,100,21,99.0,1.0,100.0,0.0,100.0,0.0,100.0,0.0,94.0,6.0,74.0,26.0,100.0,0.0,100.0,5.0,1.0,552229.0,26.0,26.0,100.0,0.0,100.0,0.0,200,0,100.0,30064.0,100.0,26719227040.0,100.0,302524500797.0
2018-01-27,S3007BWN,ST4000DM000,4000787030016,0,111.0,37751720.0,92.0,0.0,100.0,21.0,100,0,81.0,156814276.0,62,33641,100.0,0.0,100,21,99.0,1.0,100.0,0.0,100.0,0.0,100.0,0.0,94.0,6.0,74.0,26.0,100.0,0.0,100.0,5.0,1.0,553405.0,26.0,26.0,100.0,0.0,100.0,0.0,200,0,100.0,30079.0,100.0,26719227661.0,100.0,302558456005.0
2018-01-28,S3007BWN,ST4000DM000,4000787030016,0,114.0,71489984.0,92.0,0.0,100.0,21.0,100,0,81.0,156819700.0,62,33665,100.0,0.0,100,21,99.0,1.0,100.0,0.0,100.0,0.0,100.0,0.0,94.0,6.0,74.0,26.0,100.0,0.0,100.0,5.0,1.0,554799.0,26.0,26.0,100.0,0.0,100.0,0.0,200,0,100.0,30092.0,100.0,26719228309.0,100.0,302591491087.0
2018-01-29,S3007BWN,ST4000DM000,4000787030016,0,116.0,104778464.0,92.0,0.0,100.0,21.0,100,0,81.0,156825112.0,62,33689,100.0,0.0,100,21,99.0,1.0,100.0,0.0,100.0,0.0,100.0,0.0,94.0,6.0,74.0,26.0,100.0,0.0,100.0,5.0,1.0,556246.0,26.0,26.0,100.0,0.0,100.0,0.0,200,0,100.0,30105.0,100.0,26719228957.0,100.0,302624477512.0
2018-01-30,S3007BWN,ST4000DM000,4000787030016,0,118.0,168668872.0,92.0,0.0,100.0,21.0,100,0,81.0,156842014.0,62,33707,100.0,0.0,100,21,99.0,1.0,100.0,0.0,100.0,0.0,100.0,0.0,94.0,6.0,74.0,26.0,100.0,0.0,100.0,5.0,1.0,557211.0,26.0,26.0,100.0,0.0,100.0,0.0,200,0,100.0,30116.0,100.0,26719229443.0,100.0,302657954284.0
2018-01-31,S3007BWN,ST4000DM000,4000787030016,0,119.0,209099824.0,92.0,0.0,100.0,21.0,100.0,0.0,81.0,156849319.0,62.0,33731.0,100.0,0.0,100.0,21.0,99.0,1.0,100.0,0.0,100.0,0.0,100.0,0.0,94.0,6.0,74.0,26.0,100.0,0.0,100.0,5.0,1.0,558597.0,26.0,26.0,100.0,0.0,100.0,0.0,200.0,0.0,100.0,30129.0,100.0,26719230091.0,100.0,302692090194.0
2018-02-01,S3007BWN,ST4000DM000,4000787030016,0,109.0,21203240.0,92.0,0.0,100.0,21.0,100,0,81.0,156861727.0,62,33754,100.0,0.0,100,21,99.0,1.0,100.0,0.0,100.0,0.0,100.0,0.0,94.0,6.0,73.0,27.0,100.0,0.0,100.0,5.0,1.0,559789.0,27.0,27.0,100.0,0.0,100.0,0.0,200,0,100.0,30144.0,100.0,26719230739.0,100.0,302727285749.0
2018-02-02,S3007BWN,ST4000DM000,4000787030016,0,114.0,80868040.0,92.0,0.0,100.0,21.0,100,0,81.0,156874847.0,62,33779,100.0,0.0,100,21,99.0,1.0,100.0,0.0,100.0,0.0,100.0,0.0,94.0,6.0,74.0,26.0,100.0,0.0,100.0,5.0,1.0,561002.0,26.0,26.0,100.0,0.0,100.0,0.0,200,0,100.0,30160.0,100.0,26719231414.0,100.0,302763940573.0
2018-02-03,S3007BWN,ST4000DM000,4000787030016,0,117.0,134999680.0,92.0,0.0,100.0,21.0,100,0,81.0,156886946.0,62,33803,100.0,0.0,100,21,99.0,1.0,100.0,0.0,100.0,0.0,100.0,0.0,94.0,6.0,73.0,27.0,100.0,0.0,100.0,5.0,1.0,562182.0,27.0,27.0,100.0,0.0,100.0,0.0,200,0,100.0,30175.0,100.0,26719232035.0,100.0,302797762263.0
2018-02-04,S3007BWN,ST4000DM000,4000787030016,0,118.0,174021296.0,92.0,0.0,100.0,21.0,100,0,81.0,156893045.0,62,33831,100.0,0.0,100,21,99.0,1.0,100.0,0.0,100.0,0.0,100.0,0.0,94.0,6.0,73.0,27.0,100.0,0.0,100.0,5.0,1.0,563881.0,27.0,27.0,100.0,0.0,100.0,0.0,200,0,100.0,30189.0,100.0,26719232791.0,100.0,302836446096.0
2018-02-05,S3007BWN,ST4000DM000,4000787030016,0,119.0,207691440.0,92.0,0.0,100.0,21.0,100,0,81.0,156898161.0,62,33855,100.0,0.0,100,21,99.0,1.0,100.0,0.0,100.0,0.0,100.0,0.0,94.0,6.0,73.0,27.0,100.0,0.0,100.0,5.0,1.0,565307.0,27.0,27.0,100.0,0.0,100.0,0.0,200,0,100.0,30202.0,100.0,26719233439.0,100.0,302869843032.0
2018-02-06,S3007BWN,ST4000DM000,4000787030016,0,120.0,241180760.0,92.0,0.0,100.0,21.0,100,0,81.0,156903302.0,62,33879,100.0,0.0,100,21,99.0,1.0,100.0,0.0,100.0,0.0,100.0,0.0,94.0,6.0,73.0,27.0,100.0,0.0,100.0,5.0,1.0,566732.0,27.0,27.0,100.0,0.0,100.0,0.0,200,0,100.0,30214.0,100.0,26719234087.0,100.0,302903075440.0
2018-02-07,S3007BWN,ST4000DM000,4000787030016,0,110.0,29153904.0,92.0,0.0,100.0,21.0,100,0,81.0,156908568.0,62,33902,100.0,0.0,100,21,99.0,1.0,100.0,0.0,100.0,0.0,100.0,0.0,94.0,6.0,73.0,27.0,100.0,0.0,100.0,5.0,1.0,568155.0,27.0,27.0,100.0,0.0,100.0,0.0,200,0,100.0,30227.0,100.0,26719234708.0,100.0,302935137296.0
2018-02-08,S3007BWN,ST4000DM000,4000787030016,0,114.0,64839400.0,92.0,0.0,100.0,21.0,100,0,81.0,156914130.0,62,33927,100.0,0.0,100,21,99.0,1.0,100.0,0.0,100.0,0.0,100.0,0.0,94.0,6.0,70.0,30.0,100.0,0.0,100.0,5.0,1.0,569624.0,30.0,30.0,100.0,0.0,100.0,0.0,200,0,100.0,30240.0,100.0,26719235383.0,100.0,302970005425.0
2018-02-09,S3007BWN,ST4000DM000,4000787030016,0,116,102656336,92,0,100,21,100,0,81,156920979,62,33951,100,0,100,21,99.0,1.0,100.0,0.0,100.0,0.0,100.0,0.0,94.0,6.0,72.0,28.0,100.0,0.0,100.0,5.0,1.0,571017.0,28,28,100,0,100,0,200,0,100.0,30253.0,100.0,26719236031.0,100.0,303004034299.0
2018-02-10,S3007BWN,ST4000DM000,4000787030016,0,117.0,137402576.0,92.0,0.0,100.0,21.0,100.0,0.0,81.0,156926590.0,62.0,33974.0,100.0,0.0,100.0,21.0,99.0,1.0,100.0,0.0,100.0,0.0,100.0,0.0,94.0,6.0,73.0,27.0,100.0,0.0,100.0,5.0,1.0,572438.0,27.0,27.0,100.0,0.0,100.0,0.0,200.0,0.0,100.0,30265.0,100.0,26719236679.0,100.0,303037395470.0
2018-02-11,S3007BWN,ST4000DM000,4000787030016,0,118,170953608,92,0,100,21,100,0,81,156931841,62,33999,100,0,100,21,99.0,1.0,100.0,0.0,100.0,0.0,100.0,0.0,94.0,6.0,73.0,27.0,100.0,0.0,100.0,5.0,1.0,573909.0,27,27,100,0,100,0,200,0,100.0,30278.0,100.0,26719237327.0,100.0,303070795342.0
2018-02-12,S3007BWN,ST4000DM000,4000787030016,0,119,205151056,92,0,100,21,100,0,81,156937223,62,34023,100,0,100,21,99.0,1.0,100.0,0.0,100.0,0.0,100.0,0.0,94.0,6.0,73.0,27.0,100.0,0.0,100.0,5.0,1.0,575330.0,27,27,100,0,100,0,200,0,100.0,30291.0,100.0,26719237975.0,100.0,303104130479.0
2018-02-13,S3007BWN,ST4000DM000,4000787030016,0,120,242123736,92,0,100,21,100,0,81,156943574,62,34046,100,0,100,21,99.0,1.0,100.0,0.0,100.0,0.0,100.0,0.0,94.0,6.0,73.0,27.0,100.0,0.0,100.0,5.0,1.0,576744.0,27,27,100,0,100,0,200,0,100.0,30303.0,100.0,26719238623.0,100.0,303137850960.0
2018-02-14,S3007BWN,ST4000DM000,4000787030016,0,111,34112112,92,0,100,21,100,0,81,156949251,62,34071,100,0,100,21,99.0,1.0,100.0,0.0,100.0,0.0,100.0,0.0,94.0,6.0,73.0,27.0,100.0,0.0,100.0,5.0,1.0,578207.0,27,27,100,0,100,0,200,0,100.0,30316.0,100.0,26719239298.0,100.0,303172682048.0
2018-02-15,S3007BWN,ST4000DM000,4000787030016,0,114,66697672,92,0,100,21,100,0,81,156954462,62,34095,100,0,100,21,99.0,1.0,100.0,0.0,100.0,0.0,100.0,0.0,94.0,6.0,73.0,27.0,100.0,0.0,100.0,5.0,1.0,579630.0,27,27,100,0,100,0,200,0,100.0,30329.0,100.0,26719239919.0,100.0,303204854352.0
2018-02-16,S3007BWN,ST4000DM000,4000787030016,0,116,101583680,92,0,100,21,100,0,81,156960197,62,34119,100,0,100,21,99.0,1.0,100.0,0.0,100.0,0.0,100.0,0.0,94.0,6.0,73.0,27.0,100.0,0.0,100.0,5.0,1.0,581053.0,27,27,100,0,100,0,200,0,100.0,30341.0,100.0,26719240567.0,100.0,303237673913.0
2018-02-17,S3007BWN,ST4000DM000,4000787030016,0,117,135538472,92,0,100,21,100,0,81,156965699,62,34142,100,0,100,21,99.0,1.0,100.0,0.0,100.0,0.0,100.0,0.0,94.0,6.0,73.0,27.0,100.0,0.0,100.0,5.0,1.0,582478.0,27,27,100,0,100,0,200,0,100.0,30354.0,100.0,26719241188.0,100.0,303269862986.0
2018-02-18,S3007BWN,ST4000DM000,4000787030016,0,118,171864560,92,0,100,21,100,0,81,156971553,61,34167,100,0,100,21,99.0,1.0,100.0,0.0,100.0,0.0,100.0,0.0,94.0,6.0,74.0,26.0,100.0,0.0,100.0,5.0,1.0,583941.0,26,26,100,0,100,0,200,0,100.0,30367.0,100.0,26719241863.0,100.0,303304814355.0
2018-02-19,S3007BWN,ST4000DM000,4000787030016,0,119,205582856,92,0,100,21,100,0,81,156976784,61,34191,100,0,100,21,99.0,1.0,100.0,0.0,100.0,0.0,100.0,0.0,94.0,6.0,73.0,27.0,100.0,0.0,100.0,5.0,1.0,585366.0,27,27,100,0,100,0,200,0,100.0,30379.0,100.0,26719242511.0,100.0,303338112964.0
2018-02-20,S3007BWN,ST4000DM000,4000787030016,0,120,40288,92,0,100,21,100,0,81,156983711,61,34214,100,0,100,21,99.0,1.0,100.0,0.0,100.0,0.0,100.0,0.0,94.0,6.0,72.0,28.0,100.0,0.0,100.0,5.0,1.0,586781.0,28,28,100,0,100,0,200,0,100.0,30392.0,100.0,26719243132.0,100.0,303370878429.0
2018-02-21,S3007BWN,ST4000DM000,4000787030016,0,111,41309672,92,0,100,21,100,0,81,156990861,61,34239,100,0,100,21,99.0,1.0,100.0,0.0,100.0,0.0,100.0,0.0,94.0,6.0,73.0,27.0,100.0,0.0,100.0,5.0,1.0,588242.0,27,27,100,0,100,0,200,0,100.0,30405.0,100.0,26719243807.0,100.0,303406291599.0
2018-02-22,S3007BWN,ST4000DM000,4000787030016,0,114,74863208,92,0,100,21,100,0,81,156996027,61,34263,100,0,100,21,99.0,1.0,100.0,0.0,100.0,0.0,100.0,0.0,94.0,6.0,73.0,27.0,100.0,0.0,100.0,5.0,1.0,589668.0,27,27,100,0,100,0,200,0,100.0,30417.0,100.0,26719244455.0,100.0,303439489799.0
2018-02-23,S3007BWN,ST4000DM000,4000787030016,0,116,107383632,92,0,100,21,100,0,81,157001162,61,34286,100,0,100,21,99.0,1.0,100.0,0.0,100.0,0.0,100.0,0.0,94.0,6.0,75.0,25.0,100.0,0.0,100.0,5.0,1.0,591090.0,25,25,100,0,100,0,200,0,100.0,30430.0,100.0,26719245076.0,100.0,303471192575.0
2018-02-24,S3007BWN,ST4000DM000,4000787030016,0,117,144518296,92,0,100,21,100,0,81,157007132,61,34311,100,0,100,21,99.0,1.0,100.0,0.0,100.0,0.0,100.0,0.0,94.0,6.0,74.0,26.0,100.0,0.0,100.0,5.0,1.0,592550.0,26,26,100,0,100,0,200,0,100.0,30443.0,100.0,26719245751.0,100.0,303505955080.0
2018-02-25,S3007BWN,ST4000DM000,4000787030016,0,118,180353424,92,0,100,21,100,0,81,157012910,61,34335,100,0,100,21,99.0,1.0,100.0,0.0,100.0,0.0,100.0,0.0,94.0,6.0,74.0,26.0,100.0,0.0,100.0,5.0,1.0,593967.0,26,26,100,0,100,0,200,0,100.0,30456.0,100.0,26719246399.0,100.0,303539524425.0
2018-02-26,S3007BWN,ST4000DM000,4000787030016,0,119,215427104,92,0,100,21,100,0,81,157018534,61,34358,100,0,100,21,99.0,1.0,100.0,0.0,100.0,0.0,100.0,0.0,94.0,6.0,74.0,26.0,100.0,0.0,100.0,5.0,1.0,595385.0,26,26,100,0,100,0,200,0,100.0,30469.0,100.0,26719247047.0,100.0,303572965834.0
2018-02-27,S3007BWN,ST4000DM000,4000787030016,0,106,10877528,92,0,100,21,100,0,81,157026199,61,34383,100,0,100,21,99.0,1.0,100.0,0.0,100.0,0.0,100.0,0.0,94.0,6.0,74.0,26.0,100.0,0.0,100.0,5.0,1.0,596838.0,26,26,100,0,100,0,200,0,100.0,30482.0,100.0,26719247695.0,100.0,303607051571.0
2018-02-28,S3007BWN,ST4000DM000,4000787030016,0,113,50360512,92,0,100,21,100,0,81,157033464,61,34407,100,0,100,21,99.0,1.0,100.0,0.0,100.0,0.0,100.0,0.0,94.0,6.0,74.0,26.0,100.0,0.0,100.0,5.0,1.0,598230.0,26,26,100,0,100,0,200,0,100.0,30496.0,100.0,26719248343.0,100.0,303640547030.0
2018-03-01,S3007BWN,ST4000DM000,4000787030016,0,115,92044400,92,0,100,21,100,0,81,157040396,61,34433,100,0,100,21,99.0,1.0,100.0,0.0,100.0,0.0,100.0,0.0,94.0,6.0,73.0,27.0,100.0,0.0,100.0,5.0,1.0,599766.0,27,27,100,0,100,0,200,0,100.0,30510.0,100.0,26719249072.0,100.0,303678375791.0
2018-03-02,S3007BWN,ST4000DM000,4000787030016,0,117,126974776,92,0,100,21,100,0,81,157046356,61,34457,100,0,100,21,99.0,1.0,100.0,0.0,100.0,0.0,100.0,0.0,94.0,6.0,74.0,26.0,100.0,0.0,100.0,5.0,1.0,601237.0,26,26,100,0,100,0,200,0,100.0,30523.0,100.0,26719249693.0,100.0,303710561743.0
2018-03-03,S3007BWN,ST4000DM000,4000787030016,0,117,163340136,92,0,100,21,100,0,81,157052394,61,34481,100,0,100,21,99.0,1.0,100.0,0.0,100.0,0.0,100.0,0.0,94.0,6.0,74.0,26.0,100.0,0.0,100.0,5.0,1.0,602658.0,26,26,100,0,100,0,200,0,100.0,30536.0,100.0,26719250341.0,100.0,303744119544.0
2018-03-04,S3007BWN,ST4000DM000,4000787030016,0,119,203262776,92,0,100,21,100,0,81,157059233,61,34505,100,0,100,21,99.0,1.0,100.0,0.0,100.0,0.0,100.0,0.0,94.0,6.0,74.0,26.0,100.0,0.0,100.0,5.0,1.0,604063.0,26,26,100,0,100,0,200,0,100.0,30548.0,100.0,26719250989.0,100.0,303778302741.0
2018-03-05,S3007BWN,ST4000DM000,4000787030016,0,120,238746560,92,0,100,21,100,0,81,157065127,61,34529,100,0,100,21,99.0,1.0,100.0,0.0,100.0,0.0,100.0,0.0,94.0,6.0,74.0,26.0,100.0,0.0,100.0,5.0,1.0,605466.0,26,26,100,0,100,0,200,0,100.0,30561.0,100.0,26719251637.0,100.0,303811659239.0
2018-03-06,S3007BWN,ST4000DM000,4000787030016,0,112,43871328,92,0,100,21,100,0,81,157074994,61,34555,100,0,100,21,99.0,1.0,100.0,0.0,100.0,0.0,100.0,0.0,94.0,6.0,74.0,26.0,100.0,0.0,100.0,5.0,1.0,607003.0,26,26,100,0,100,0,200,0,100.0,30575.0,100.0,26719252339.0,100.0,303849035274.0
2018-03-07,S3007BWN,ST4000DM000,4000787030016,0,114.0,80709288.0,92.0,0.0,100.0,21.0,100.0,0.0,81.0,157081308.0,61.0,34579.0,100.0,0.0,100.0,21.0,99.0,1.0,100.0,0.0,100.0,0.0,100.0,0.0,94.0,6.0,73.0,27.0,100.0,0.0,100.0,5.0,1.0,608434.0,27.0,27.0,100.0,0.0,100.0,0.0,200.0,0.0,100.0,30588.0,100.0,26719253014.0,100.0,303883259605.0
2018-03-08,S3007BWN,ST4000DM000,4000787030016,0,116,109210120,92,0,100,21,100,0,81,157085915,61,34600,100,0,100,21,99.0,1.0,100.0,0.0,100.0,0.0,100.0,0.0,94.0,6.0,72.0,28.0,100.0,0.0,100.0,5.0,1.0,609663.0,28,28,100,0,100,0,200,0,100.0,30599.0,100.0,26719253581.0,100.0,303911219591.0
2018-03-09,S3007BWN,ST4000DM000,4000787030016,0,117,143474240,92,0,100,21,100,0,81,157091939,61,34624,100,0,100,21,99.0,1.0,100.0,0.0,100.0,0.0,100.0,0.0,94.0,6.0,72.0,28.0,100.0,0.0,100.0,5.0,1.0,611078.0,28,28,100,0,100,0,200,0,100.0,30612.0,100.0,26719254229.0,100.0,303942502848.0
2018-03-10,S3007BWN,ST4000DM000,4000787030016,0,118,175760056,92,0,100,21,100,0,81,157097704,61,34648,100,0,100,21,99.0,1.0,100.0,0.0,100.0,0.0,100.0,0.0,94.0,6.0,72.0,28.0,100.0,0.0,100.0,5.0,1.0,612490.0,28,28,100,0,100,0,200,0,100.0,30625.0,100.0,26719254850.0,100.0,303972669603.0
2018-03-11,S3007BWN,ST4000DM000,4000787030016,0,119,211614672,92,0,100,21,100,0,81,157103912,61,34672,100,0,100,21,99.0,1.0,100.0,0.0,100.0,0.0,100.0,0.0,94.0,6.0,73.0,27.0,100.0,0.0,100.0,5.0,1.0,613951.0,27,27,100,0,100,0,200,0,100.0,30639.0,100.0,26719255525.0,100.0,304005506119.0
2018-03-12,S3007BWN,ST4000DM000,4000787030016,0,105,7447856,92,0,100,21,100,0,81,157111853,61,34696,100,0,100,21,99.0,1.0,100.0,0.0,100.0,0.0,100.0,0.0,94.0,6.0,73.0,27.0,100.0,0.0,100.0,5.0,1.0,615286.0,27,27,100,0,100,0,200,0,100.0,30652.0,100.0,26719256173.0,100.0,304037327770.0
2018-03-13,S3007BWN,ST4000DM000,4000787030016,0,114,59187480,92,0,100,21,100,0,81,157123861,61,34720,100,0,100,21,99.0,1.0,100.0,0.0,100.0,0.0,100.0,0.0,94.0,6.0,73.0,27.0,100.0,0.0,100.0,5.0,1.0,616573.0,27,27,100,0,100,0,200,0,100.0,30667.0,100.0,26719256794.0,100.0,304068912791.0
2018-03-14,S3007BWN,ST4000DM000,4000787030016,0,116,116392968,92,0,100,21,100,0,81,157137177,61,34744,100,0,100,21,99.0,1.0,100.0,0.0,100.0,0.0,100.0,0.0,94.0,6.0,74.0,26.0,100.0,0.0,100.0,5.0,1.0,617871.0,26,26,100,0,100,0,200,0,100.0,30682.0,100.0,26719257469.0,100.0,304103297353.0
2018-03-15,S3007BWN,ST4000DM000,4000787030016,0,118,168017400,92,0,100,21,100,0,81,157148687,61,34768,100,0,100,21,99.0,1.0,100.0,0.0,100.0,0.0,100.0,0.0,94.0,6.0,74.0,26.0,100.0,0.0,100.0,5.0,1.0,619152.0,26,26,100,0,100,0,200,0,100.0,30696.0,100.0,26719258117.0,100.0,304137700876.0
2018-03-16,S3007BWN,ST4000DM000,4000787030016,0,119.0,213384472.0,92.0,0.0,100.0,21.0,100.0,0.0,81.0,157158086.0,61.0,34793.0,100.0,0.0,100.0,21.0,99.0,1.0,100.0,0.0,100.0,0.0,100.0,0.0,94.0,6.0,74.0,26.0,100.0,0.0,100.0,5.0,1.0,620549.0,26.0,26.0,100.0,0.0,100.0,0.0,200.0,0.0,100.0,30710.0,100.0,26719258765.0,100.0,304171435519.0
2018-03-17,S3007BWN,ST4000DM000,4000787030016,0,108,14942536,92,0,100,21,100,0,81,157167555,61,34817,100,0,100,21,99.0,1.0,100.0,0.0,100.0,0.0,100.0,0.0,94.0,6.0,74.0,26.0,100.0,0.0,100.0,5.0,1.0,621864.0,26,26,100,0,100,0,200,0,100.0,30724.0,100.0,26719259413.0,100.0,304205588953.0
2018-03-18,S3007BWN,ST4000DM000,4000787030016,0,113,56668408,92,0,100,21,100,0,81,157175511,61,34840,100,0,100,21,99.0,1.0,100.0,0.0,100.0,0.0,100.0,0.0,94.0,6.0,74.0,26.0,100.0,0.0,100.0,5.0,1.0,623203.0,26,26,100,0,100,0,200,0,100.0,30738.0,100.0,26719260061.0,100.0,304239204942.0
2018-03-19,S3007BWN,ST4000DM000,4000787030016,0,116,106426640,92,0,100,21,100,0,81,157185769,61,34864,100,0,100,21,99.0,1.0,100.0,0.0,100.0,0.0,100.0,0.0,94.0,6.0,74.0,26.0,100.0,0.0,100.0,5.0,1.0,624516.0,26,26,100,0,100,0,200,0,100.0,30752.0,100.0,26719260709.0,100.0,304273422116.0
2018-03-20,S3007BWN,ST4000DM000,4000787030016,0,117,148250840,92,0,100,21,100,0,81,157194017,61,34889,100,0,100,21,99.0,1.0,100.0,0.0,100.0,0.0,100.0,0.0,94.0,6.0,74.0,26.0,100.0,0.0,100.0,5.0,1.0,625901.0,26,26,100,0,100,0,200,0,100.0,30766.0,100.0,26719261357.0,100.0,304306640054.0
2018-03-21,S3007BWN,ST4000DM000,4000787030016,0,112,46256568,92,0,100,21,100,0,81,157280638,61,34912,100,0,100,21,99.0,1.0,100.0,0.0,100.0,0.0,100.0,0.0,94.0,6.0,73.0,27.0,100.0,0.0,100.0,5.0,1.0,627040.0,27,27,100,0,100,0,200,0,100.0,30782.0,100.0,26719262005.0,100.0,304343415247.0
2018-03-22,S3007BWN,ST4000DM000,4000787030016,0,117,119110128,92,0,100,21,100,0,81,157296521,61,34936,100,0,100,21,99.0,1.0,100.0,0.0,100.0,0.0,100.0,0.0,94.0,6.0,72.0,28.0,100.0,0.0,100.0,5.0,1.0,628351.0,28,28,100,0,100,0,200,0,100.0,30796.0,100.0,26719262626.0,100.0,304376159118.0
2018-03-23,S3007BWN,ST4000DM000,4000787030016,0,117,157618384,92,0,100,21,100,0,81,157303290,61,34961,100,0,100,21,99.0,1.0,100.0,0.0,100.0,0.0,100.0,0.0,94.0,6.0,72.0,28.0,100.0,0.0,100.0,5.0,1.0,629769.0,28,28,100,0,100,0,200,0,100.0,30809.0,100.0,26719263301.0,100.0,304410306951.0
2018-03-24,S3007BWN,ST4000DM000,4000787030016,0,118,199289496,92,0,100,21,100,0,81,157311618,61,34985,100,0,100,21,99.0,1.0,100.0,0.0,100.0,0.0,100.0,0.0,94.0,6.0,71.0,29.0,100.0,0.0,100.0,5.0,1.0,631088.0,29,29,100,0,100,0,200,0,100.0,30823.0,100.0,26719263922.0,100.0,304441994444.0
2018-03-25,S3007BWN,ST4000DM000,4000787030016,0,120,242179624,92,0,100,21,100,0,81,157319618,61,35008,100,0,100,21,99.0,1.0,100.0,0.0,100.0,0.0,100.0,0.0,94.0,6.0,72.0,28.0,100.0,0.0,100.0,5.0,1.0,632422.0,28,28,100,0,100,0,200,0,100.0,30837.0,100.0,26719264597.0,100.0,304476656101.0
2018-03-26,S3007BWN,ST4000DM000,4000787030016,0,112,45135824,92,0,100,21,100,0,81,157328952,61,35033,100,0,100,21,99.0,1.0,100.0,0.0,100.0,0.0,100.0,0.0,94.0,6.0,72.0,28.0,100.0,0.0,100.0,5.0,1.0,633835.0,28,28,100,0,100,0,200,0,100.0,30851.0,100.0,26719265245.0,100.0,304510663686.0
2018-03-27,S3007BWN,ST4000DM000,4000787030016,0,115,86932528,92,0,100,21,100,0,81,157336967,60,35057,100,0,100,21,99.0,1.0,100.0,0.0,100.0,0.0,100.0,0.0,94.0,6.0,72.0,28.0,100.0,0.0,100.0,5.0,1.0,635166.0,28,28,100,0,100,0,200,0,100.0,30864.0,100.0,26719265893.0,100.0,304543705786.0
2018-03-28,S3007BWN,ST4000DM000,4000787030016,0,117,125263376,92,0,100,21,100,0,81,157343871,60,35080,100,0,100,21,99.0,1.0,100.0,0.0,100.0,0.0,100.0,0.0,94.0,6.0,72.0,28.0,100.0,0.0,100.0,5.0,1.0,636524.0,28,28,100,0,100,0,200,0,100.0,30878.0,100.0,26719266541.0,100.0,304576818708.0
2018-03-29,S3007BWN,ST4000DM000,4000787030016,0,118,170083832,92,0,100,21,100,0,81,157352794,60,35104,100,0,100,21,99.0,1.0,100.0,0.0,100.0,0.0,100.0,0.0,94.0,6.0,74.0,26.0,100.0,0.0,100.0,5.0,1.0,637830.0,26,26,100,0,100,0,200,0,100.0,30892.0,100.0,26719267189.0,100.0,304610413689.0
2018-03-30,S3007BWN,ST4000DM000,4000787030016,0,119,208378232,92,0,100,21,100,0,81,157359716,60,35128,100,0,100,21,99.0,1.0,100.0,0.0,100.0,0.0,100.0,0.0,94.0,6.0,72.0,28.0,100.0,0.0,100.0,5.0,1.0,639196.0,28,28,100,0,100,0,200,0,100.0,30905.0,100.0,26719267837.0,100.0,304643403276.0
2018-03-31,S3007BWN,ST4000DM000,4000787030016,0,100,2760592,92,0,100,21,100,0,81,157367009,60,35153,100,0,100,21,99.0,1.0,100.0,0.0,100.0,0.0,100.0,0.0,94.0,6.0,72.0,28.0,100.0,0.0,100.0,5.0,1.0,640613.0,28,28,100,0,100,0,200,0,100.0,30919.0,100.0,26719268485.0,100.0,304676810231.0
2018-04-01,S3007BWN,ST4000DM000,4000787030016,0,111,36300008,92,0,100,21,100,0,81,157372416,60,35176,100,0,100,21,99.0,1.0,100.0,0.0,100.0,0.0,100.0,0.0,94.0,6.0,73.0,27.0,100.0,0.0,100.0,5.0,1.0,642037.0,27,27,100,0,100,0,200,0,100.0,30931.0,100.0,26719269133.0,100.0,304709519791.0
2018-04-02,S3007BWN,ST4000DM000,4000787030016,0,114,72665192,92,0,100,21,100,0,81,157379164,60,35200,100,0,100,21,99.0,1.0,100.0,0.0,100.0,0.0,100.0,0.0,94.0,6.0,72.0,28.0,100.0,0.0,100.0,5.0,1.0,643405.0,28,28,100,0,100,0,200,0,100.0,30945.0,100.0,26719269754.0,100.0,304741078760.0
2018-04-03,S3007BWN,ST4000DM000,4000787030016,0,116,110096792,92,0,100,21,100,0,81,157385814,60,35224,100,0,100,21,99.0,1.0,100.0,0.0,100.0,0.0,100.0,0.0,94.0,6.0,71.0,29.0,100.0,0.0,100.0,5.0,1.0,644772.0,29,29,100,0,100,0,200,0,100.0,30958.0,100.0,26719270402.0,100.0,304774046426.0
2018-04-04,S3007BWN,ST4000DM000,4000787030016,0,117,154057640,92,0,100,21,100,0,81,157394259,60,35248,100,0,100,21,99.0,1.0,100.0,0.0,100.0,0.0,100.0,0.0,94.0,6.0,71.0,29.0,100.0,0.0,100.0,5.0,1.0,646132.0,29,29,100,0,100,0,200,0,100.0,30972.0,100.0,26719271077.0,100.0,304808967358.0
2018-04-05,S3007BWN,ST4000DM000,4000787030016,0,118,187920432,92,0,100,21,100,0,81,157400001,60,35272,100,0,100,21,99.0,1.0,100.0,0.0,100.0,0.0,100.0,0.0,94.0,6.0,71.0,29.0,100.0,0.0,100.0,5.0,1.0,647554.0,29,29,100,0,100,0,200,0,100.0,30985.0,100.0,26719271698.0,100.0,304840467522.0
2018-04-06,S3007BWN,ST4000DM000,4000787030016,0,119,229177728,92,0,100,21,100,0,81,157407796,60,35296,100,0,100,21,99.0,1.0,100.0,0.0,100.0,0.0,100.0,0.0,94.0,6.0,71.0,29.0,100.0,0.0,100.0,5.0,1.0,648973.0,29,29,100,0,100,0,200,0,100.0,30998.0,100.0,26719272346.0,100.0,304873689438.0
2018-04-07,S3007BWN,ST4000DM000,4000787030016,0,108.0,19684184.0,92.0,0.0,100.0,21.0,100.0,0.0,81.0,157413356.0,60.0,35320.0,100.0,0.0,100.0,21.0,99.0,1.0,100.0,0.0,100.0,0.0,100.0,0.0,94.0,6.0,71.0,29.0,100.0,0.0,100.0,5.0,1.0,650440.0,29.0,29.0,100.0,0.0,100.0,0.0,200.0,0.0,100.0,31011.0,100.0,26719273021.0,100.0,304907588342.0
2018-04-08,S3007BWN,ST4000DM000,4000787030016,0,113,54346096,92,0,100,21,100,0,81,157419189,60,35344,100,0,100,21,99.0,1.0,100.0,0.0,100.0,0.0,100.0,0.0,94.0,6.0,72.0,28.0,100.0,0.0,100.0,5.0,1.0,651855.0,28,28,100,0,100,0,200,0,100.0,31024.0,100.0,26719273669.0,100.0,304940426310.0
2018-04-09,S3007BWN,ST4000DM000,4000787030016,0,115,89864616,92,0,100,21,100,0,81,157425791,60,35368,100,0,100,21,99.0,1.0,100.0,0.0,100.0,0.0,100.0,0.0,94.0,6.0,73.0,27.0,100.0,0.0,100.0,5.0,1.0,653247.0,27,27,100,0,100,0,200,0,100.0,31037.0,100.0,26719274290.0,100.0,304971835600.0
2018-04-10,S3007BWN,ST4000DM000,4000787030016,0,117,128143696,92,0,100,21,100,0,81,157432563,60,35392,100,0,100,21,99.0,1.0,100.0,0.0,100.0,0.0,100.0,0.0,94.0,6.0,72.0,28.0,100.0,0.0,100.0,5.0,1.0,654691.0,28,28,100,0,100,0,200,0,100.0,31051.0,100.0,26719274965.0,100.0,305005971485.0
2018-04-11,S3007BWN,ST4000DM000,4000787030016,0,117,159663632,92,0,100,21,100,0,81,157437739,60,35416,100,0,100,21,99.0,1.0,100.0,0.0,100.0,0.0,100.0,0.0,94.0,6.0,72.0,28.0,100.0,0.0,100.0,5.0,1.0,656115.0,28,28,100,0,100,0,200,0,100.0,31064.0,100.0,26719275586.0,100.0,305037194333.0
2018-04-12,S3007BWN,ST4000DM000,4000787030016,0,119,201540968,92,0,100,21,100,0,81,157445249,60,35440,100,0,100,21,99.0,1.0,100.0,0.0,100.0,0.0,100.0,0.0,94.0,6.0,73.0,27.0,100.0,0.0,100.0,5.0,1.0,657482.0,27,27,100,0,100,0,200,0,100.0,31077.0,100.0,26719276261.0,100.0,305072588883.0
2018-04-13,S3007BWN,ST4000DM000,4000787030016,0,120,236919736,92,0,100,21,100,0,81,157450867,60,35464,100,0,100,21,99.0,1.0,100.0,0.0,100.0,0.0,100.0,0.0,94.0,6.0,71.0,29.0,100.0,0.0,100.0,5.0,1.0,658902.0,29,29,100,0,100,0,200,0,100.0,31090.0,100.0,26719276909.0,100.0,305106197828.0
2018-04-14,S3007BWN,ST4000DM000,4000787030016,0,111,34888768,92,0,100,21,100,0,81,157459241,60,35488,100,0,100,21,99.0,1.0,100.0,0.0,100.0,0.0,100.0,0.0,94.0,6.0,71.0,29.0,100.0,0.0,100.0,5.0,1.0,660299.0,29,29,100,0,100,0,200,0,100.0,31103.0,100.0,26719277530.0,100.0,305139550094.0
2018-04-15,S3007BWN,ST4000DM000,4000787030016,0,114,71019120,92,0,100,21,100,0,81,157464877,60,35512,100,0,100,21,99.0,1.0,100.0,0.0,100.0,0.0,100.0,0.0,94.0,6.0,71.0,29.0,100.0,0.0,100.0,5.0,1.0,661759.0,29,29,100,0,100,0,200,0,100.0,31116.0,100.0,26719278205.0,100.0,305174655768.0
2018-04-16,S3007BWN,ST4000DM000,4000787030016,0,116,105557768,92,0,100,21,100,0,81,157470849,60,35536,100,0,100,21,99.0,1.0,100.0,0.0,100.0,0.0,100.0,0.0,94.0,6.0,71.0,29.0,100.0,0.0,100.0,5.0,1.0,663168.0,29,29,100,0,100,0,200,0,100.0,31128.0,100.0,26719278826.0,100.0,305207232792.0
2018-04-17,S3007BWN,ST4000DM000,4000787030016,0,117,139366368,92,0,100,21,100,0,81,157476027,60,35560,100,0,100,21,99.0,1.0,100.0,0.0,100.0,0.0,100.0,0.0,94.0,6.0,72.0,28.0,100.0,0.0,100.0,5.0,1.0,664593.0,28,28,100,0,100,0,200,0,100.0,31141.0,100.0,26719279474.0,100.0,305240734724.0
2018-04-18,S3007BWN,ST4000DM000,4000787030016,0,118,172789224,92,0,100,21,100,0,81,157481165,60,35584,100,0,100,21,99.0,1.0,100.0,0.0,100.0,0.0,100.0,0.0,94.0,6.0,72.0,28.0,100.0,0.0,100.0,5.0,1.0,666017.0,28,28,100,0,100,0,200,0,100.0,31153.0,100.0,26719280122.0,100.0,305273925116.0
2018-04-19,S3007BWN,ST4000DM000,4000787030016,0,119,216548376,92,0,100,21,100,0,81,157488480,60,35608,100,0,100,21,99.0,1.0,100.0,0.0,100.0,0.0,100.0,0.0,94.0,6.0,73.0,27.0,100.0,0.0,100.0,5.0,1.0,667485.0,27,27,100,0,100,0,200,0,100.0,31166.0,100.0,26719280797.0,100.0,305310474137.0
2018-04-20,S3007BWN,ST4000DM000,4000787030016,0,102,4340024,92,0,100,21,100,0,81,157493652,60,35632,100,0,100,21,99.0,1.0,100.0,0.0,100.0,0.0,100.0,0.0,94.0,6.0,72.0,28.0,100.0,0.0,100.0,5.0,1.0,668911.0,28,28,100,0,100,0,200,0,100.0,31178.0,100.0,26719281418.0,100.0,305342611729.0
2018-04-21,S3007BWN,ST4000DM000,4000787030016,0,111,38370752,92,0,100,21,100,0,81,157498931,60,35656,100,0,100,21,99.0,1.0,100.0,0.0,100.0,0.0,100.0,0.0,94.0,6.0,73.0,27.0,100.0,0.0,100.0,5.0,1.0,670335.0,27,27,100,0,100,0,200,0,100.0,31191.0,100.0,26719282066.0,100.0,305376204658.0
2018-04-22,S3007BWN,ST4000DM000,4000787030016,0,114,73529496,92,0,100,21,100,0,81,157504258,60,35680,100,0,100,21,99.0,1.0,100.0,0.0,100.0,0.0,100.0,0.0,94.0,6.0,73.0,27.0,100.0,0.0,100.0,5.0,1.0,671801.0,27,27,100,0,100,0,200,0,100.0,31203.0,100.0,26719282741.0,100.0,305410984746.0
2018-04-23,S3007BWN,ST4000DM000,4000787030016,0,116,105813120,92,0,100,21,100,0,81,157509378,60,35704,100,0,100,21,99.0,1.0,100.0,0.0,100.0,0.0,100.0,0.0,94.0,6.0,73.0,27.0,100.0,0.0,100.0,5.0,1.0,673226.0,27,27,100,0,100,0,200,0,100.0,31216.0,100.0,26719283362.0,100.0,305443132426.0
2018-04-24,S3007BWN,ST4000DM000,4000787030016,0,117,139939984,92,0,100,21,100,0,81,157514622,60,35728,100,0,100,21,99.0,1.0,100.0,0.0,100.0,0.0,100.0,0.0,94.0,6.0,73.0,27.0,100.0,0.0,100.0,5.0,1.0,674643.0,27,27,100,0,100,0,200,0,100.0,31228.0,100.0,26719284010.0,100.0,305476615410.0
2018-04-25,S3007BWN,ST4000DM000,4000787030016,0,118,175976152,92,0,100,21,100,0,81,157520652,60,35752,100,0,100,21,99.0,1.0,100.0,0.0,100.0,0.0,100.0,0.0,94.0,6.0,73.0,27.0,100.0,0.0,100.0,5.0,1.0,676103.0,27,27,100,0,100,0,200,0,100.0,31241.0,100.0,26719284658.0,100.0,305510362747.0
2018-04-26,S3007BWN,ST4000DM000,4000787030016,0,119,212926224,92,0,100,21,100,0,81,157526357,60,35778,100,0,100,21,99.0,1.0,100.0,0.0,100.0,0.0,100.0,0.0,94.0,6.0,72.0,28.0,100.0,0.0,100.0,5.0,1.0,677616.0,28,28,100,0,100,0,200,0,100.0,31255.0,100.0,26719285360.0,100.0,305546507340.0
2018-04-27,S3007BWN,ST4000DM000,4000787030016,0,100,3112528,92,0,100,21,100,0,81,157532363,60,35802,100,0,100,21,99.0,1.0,100.0,0.0,100.0,0.0,100.0,0.0,94.0,6.0,72.0,28.0,100.0,0.0,100.0,5.0,1.0,679066.0,28,28,100,0,100,0,200,0,100.0,31268.0,100.0,26719286008.0,100.0,305579068552.0
2018-04-28,S3007BWN,ST4000DM000,4000787030016,0,111,41495304,92,0,100,21,100,0,81,157539297,60,35826,100,0,100,21,99.0,1.0,100.0,0.0,100.0,0.0,100.0,0.0,94.0,6.0,72.0,28.0,100.0,0.0,100.0,5.0,1.0,680437.0,28,28,100,0,100,0,200,0,100.0,31282.0,100.0,26719286656.0,100.0,305612289676.0
2018-04-29,S3007BWN,ST4000DM000,4000787030016,0,114,76772552,92,0,100,21,100,0,81,157545241,60,35850,100,0,100,21,99.0,1.0,100.0,0.0,100.0,0.0,100.0,0.0,94.0,6.0,72.0,28.0,100.0,0.0,100.0,5.0,1.0,681839.0,28,28,100,0,100,0,200,0,100.0,31295.0,100.0,26719287304.0,100.0,305645161061.0
2018-04-30,S3007BWN,ST4000DM000,4000787030016,0,116,116346872,92,0,100,21,100,0,81,157552447,60,35873,100,0,100,21,99.0,1.0,100.0,0.0,100.0,0.0,100.0,0.0,94.0,6.0,73.0,27.0,100.0,0.0,100.0,5.0,1.0,683249.0,27,27,100,0,100,0,200,0,100.0,31308.0,100.0,26719287952.0,100.0,305677936750.0
2018-05-01,S3007BWN,ST4000DM000,4000787030016,0,117,154819216,92,0,100,21,100,0,81,157559191,60,35898,100,0,100,21,99.0,1.0,100.0,0.0,100.0,0.0,100.0,0.0,94.0,6.0,72.0,28.0,100.0,0.0,100.0,5.0,1.0,684685.0,28,28,100,0,100,0,200,0,100.0,31321.0,100.0,26719288627.0,100.0,305712259519.0
2018-05-02,S3007BWN,ST4000DM000,4000787030016,0,118.0,197793000.0,92.0,0.0,100.0,21.0,100.0,0.0,81.0,157567735.0,59.0,35922.0,100.0,0.0,100.0,21.0,99.0,1.0,100.0,0.0,100.0,0.0,100.0,0.0,94.0,6.0,73.0,27.0,100.0,0.0,100.0,5.0,1.0,686077.0,27.0,27.0,100.0,0.0,100.0,0.0,200.0,0.0,100.0,31334.0,100.0,26719289248.0,100.0,305744913544.0
2018-05-03,S3007BWN,ST4000DM000,4000787030016,0,119,231258720,92,0,100,21,100,0,81,157573521,59,35944,100,0,100,21,99.0,1.0,100.0,0.0,100.0,0.0,100.0,0.0,94.0,6.0,72.0,28.0,100.0,0.0,100.0,5.0,1.0,687389.0,28,28,100,0,100,0,200,0,100.0,31346.0,100.0,26719289842.0,100.0,305775413729.0
2018-05-04,S3007BWN,ST4000DM000,4000787030016,0,110,28795296,92,0,100,21,100,0,81,157581353,59,35968,100,0,100,21,99.0,1.0,100.0,0.0,100.0,0.0,100.0,0.0,94.0,6.0,73.0,27.0,100.0,0.0,100.0,5.0,1.0,688779.0,27,27,100,0,100,0,200,0,100.0,31359.0,100.0,26719290490.0,100.0,305809556924.0
2018-05-05,S3007BWN,ST4000DM000,4000787030016,0,114,66173904,92,0,100,21,100,0,81,157587855,59,35992,100,0,100,21,99.0,1.0,100.0,0.0,100.0,0.0,100.0,0.0,94.0,6.0,73.0,27.0,100.0,0.0,100.0,5.0,1.0,690157.0,27,27,100,0,100,0,200,0,100.0,31372.0,100.0,26719291138.0,100.0,305843035367.0
2018-05-06,S3007BWN,ST4000DM000,4000787030016,0,116,101190680,92,0,100,21,100,0,81,157593653,59,36016,100,0,100,21,99.0,1.0,100.0,0.0,100.0,0.0,100.0,0.0,94.0,6.0,73.0,27.0,100.0,0.0,100.0,5.0,1.0,691626.0,27,27,100,0,100,0,200,0,100.0,31385.0,100.0,26719291786.0,100.0,305876722919.0
2018-05-07,S3007BWN,ST4000DM000,4000787030016,0,117,137050456,92,0,100,21,100,0,81,157599101,59,36040,100,0,100,21,99.0,1.0,100.0,0.0,100.0,0.0,100.0,0.0,94.0,6.0,73.0,27.0,100.0,0.0,100.0,5.0,1.0,693047.0,27,27,100,0,100,0,200,0,100.0,31398.0,100.0,26719292461.0,100.0,305911689599.0
2018-05-08,S3007BWN,ST4000DM000,4000787030016,0,118,170703368,92,0,100,21,100,0,81,157604728,59,36064,100,0,100,21,99.0,1.0,100.0,0.0,100.0,0.0,100.0,0.0,94.0,6.0,73.0,27.0,100.0,0.0,100.0,5.0,1.0,694468.0,27,27,100,0,100,0,200,0,100.0,31411.0,100.0,26719293082.0,100.0,305943952559.0
2018-05-09,S3007BWN,ST4000DM000,4000787030016,0,119,207175032,92,0,100,21,100,0,81,157610599,59,36088,100,0,100,21,99.0,1.0,100.0,0.0,100.0,0.0,100.0,0.0,94.0,6.0,72.0,28.0,100.0,0.0,100.0,5.0,1.0,695930.0,28,28,100,0,100,0,200,0,100.0,31424.0,100.0,26719293757.0,100.0,305978751136.0
2018-05-10,S3007BWN,ST4000DM000,4000787030016,0,120,241442384,92,0,100,21,100,0,81,157616363,59,36112,100,0,100,21,99.0,1.0,100.0,0.0,100.0,0.0,100.0,0.0,94.0,6.0,73.0,27.0,100.0,0.0,100.0,5.0,1.0,697352.0,27,27,100,0,100,0,200,0,100.0,31437.0,100.0,26719294378.0,100.0,306010869828.0
2018-05-11,S3007BWN,ST4000DM000,4000787030016,0,111,34119696,92,0,100,21,100,0,81,157622384,59,36137,100,0,100,21,99.0,1.0,100.0,0.0,100.0,0.0,100.0,0.0,94.0,6.0,73.0,27.0,100.0,0.0,100.0,5.0,1.0,698804.0,27,27,100,0,100,0,200,0,100.0,31450.0,100.0,26719295053.0,100.0,306045121997.0
2018-05-12,S3007BWN,ST4000DM000,4000787030016,0,114,68642336,92,0,100,21,100,0,81,157628172,59,36161,100,0,100,21,99.0,1.0,100.0,0.0,100.0,0.0,100.0,0.0,94.0,6.0,72.0,28.0,100.0,0.0,100.0,5.0,1.0,700220.0,28,28,100,0,100,0,200,0,100.0,31463.0,100.0,26719295701.0,100.0,306077748029.0
2018-05-13,S3007BWN,ST4000DM000,4000787030016,0,116,102281496,92,0,100,21,100,0,81,157633614,59,36184,100,0,100,21,99.0,1.0,100.0,0.0,100.0,0.0,100.0,0.0,94.0,6.0,73.0,27.0,100.0,0.0,100.0,5.0,1.0,701633.0,27,27,100,0,100,0,200,0,100.0,31476.0,100.0,26719296349.0,100.0,306110255997.0
2018-05-14,S3007BWN,ST4000DM000,4000787030016,0,117,137652904,92,0,100,21,100,0,81,157640400,59,36208,100,0,100,21,99.0,1.0,100.0,0.0,100.0,0.0,100.0,0.0,94.0,6.0,73.0,27.0,100.0,0.0,100.0,5.0,1.0,703025.0,27,27,100,0,100,0,200,0,100.0,31489.0,100.0,26719296970.0,100.0,306141819758.0
2018-05-15,S3007BWN,ST4000DM000,4000787030016,0,118.0,173850912.0,92.0,0.0,100.0,21.0,100.0,0.0,81.0,157646387.0,59.0,36233.0,100.0,0.0,100.0,21.0,99.0,1.0,100.0,0.0,100.0,0.0,100.0,0.0,94.0,6.0,73.0,27.0,100.0,0.0,100.0,5.0,1.0,704471.0,27.0,27.0,100.0,0.0,100.0,0.0,200.0,0.0,100.0,31502.0,100.0,26719297645.0,100.0,306176044591.0
2018-05-16,S3007BWN,ST4000DM000,4000787030016,0,119,208076536,92,0,100,21,100,0,81,157651886,59,36256,100,0,100,21,99.0,1.0,100.0,0.0,100.0,0.0,100.0,0.0,94.0,6.0,72.0,28.0,100.0,0.0,100.0,5.0,1.0,705895.0,28,28,100,0,100,0,200,0,100.0,31515.0,100.0,26719298293.0,100.0,306208746359.0
2018-05-17,S3007BWN,ST4000DM000,4000787030016,0,100,2754968,92,0,100,21,100,0,81,157659415,59,36280,100,0,100,21,99.0,1.0,100.0,0.0,100.0,0.0,100.0,0.0,94.0,6.0,72.0,28.0,100.0,0.0,100.0,5.0,1.0,707248.0,28,28,100,0,100,0,200,0,100.0,31527.0,100.0,26719298914.0,100.0,306241002937.0
2018-05-18,S3007BWN,ST4000DM000,4000787030016,0,112,43001352,92,0,100,21,100,0,81,157666889,59,36304,100,0,100,21,99.0,1.0,100.0,0.0,100.0,0.0,100.0,0.0,94.0,6.0,72.0,28.0,100.0,0.0,100.0,5.0,1.0,708659.0,28,28,100,0,100,0,200,0,100.0,31541.0,100.0,26719299562.0,100.0,306274896269.0
2018-05-19,S3007BWN,ST4000DM000,4000787030016,0,115,94533208,92,0,100,21,100,0,81,157678115,59,36328,100,0,100,21,99.0,1.0,100.0,0.0,100.0,0.0,100.0,0.0,94.0,6.0,72.0,28.0,100.0,0.0,100.0,5.0,1.0,710032.0,28,28,100,0,100,0,200,0,100.0,31554.0,100.0,26719300210.0,100.0,306311025895.0
2018-05-20,S3007BWN,ST4000DM000,4000787030016,0,117,137884488,92,0,100,21,100,0,81,157686392,59,36352,100,0,100,21,99.0,1.0,100.0,0.0,100.0,0.0,100.0,0.0,94.0,6.0,72.0,28.0,100.0,0.0,100.0,5.0,1.0,711379.0,28,28,100,0,100,0,200,0,100.0,31568.0,100.0,26719300858.0,100.0,306345665200.0
2018-05-21,S3007BWN,ST4000DM000,4000787030016,0,118,180658248,92,0,100,21,100,0,81,157694275,59,36376,100,0,100,21,99.0,1.0,100.0,0.0,100.0,0.0,100.0,0.0,94.0,6.0,72.0,28.0,100.0,0.0,100.0,5.0,1.0,712770.0,28,28,100,0,100,0,200,0,100.0,31582.0,100.0,26719301533.0,100.0,306381065674.0
2018-05-22,S3007BWN,ST4000DM000,4000787030016,0,119,218220768,92,0,100,21,100,0,81,157701151,59,36400,100,0,100,21,99.0,1.0,100.0,0.0,100.0,0.0,100.0,0.0,94.0,6.0,72.0,28.0,100.0,0.0,100.0,5.0,1.0,714130.0,28,28,100,0,100,0,200,0,100.0,31596.0,100.0,26719302154.0,100.0,306413619923.0
2018-05-23,S3007BWN,ST4000DM000,4000787030016,0,107,13869776,92,0,100,21,100,0,81,157708605,59,36424,100,0,100,21,99.0,1.0,100.0,0.0,100.0,0.0,100.0,0.0,94.0,6.0,72.0,28.0,100.0,0.0,100.0,5.0,1.0,715469.0,28,28,100,0,100,0,200,0,100.0,31609.0,100.0,26719302802.0,100.0,306447029444.0
2018-05-24,S3007BWN,ST4000DM000,4000787030016,0,113,51936512,92,0,100,21,100,0,81,157715203,59,36447,100,0,100,21,99.0,1.0,100.0,0.0,100.0,0.0,100.0,0.0,94.0,6.0,72.0,28.0,100.0,0.0,100.0,5.0,1.0,716846.0,28,28,100,0,100,0,200,0,100.0,31623.0,100.0,26719303450.0,100.0,306481011815.0
2018-05-25,S3007BWN,ST4000DM000,4000787030016,0,115,92735104,92,0,100,21,100,0,81,157722803,59,36472,100,0,100,21,99.0,1.0,100.0,0.0,100.0,0.0,100.0,0.0,94.0,6.0,72.0,28.0,100.0,0.0,100.0,5.0,1.0,718179.0,28,28,100,0,100,0,200,0,100.0,31637.0,100.0,26719304098.0,100.0,306514885676.0
2018-05-26,S3007BWN,ST4000DM000,4000787030016,0,117,129081256,92,0,100,21,100,0,81,157729390,59,36495,100,0,100,21,99.0,1.0,100.0,0.0,100.0,0.0,100.0,0.0,94.0,6.0,72.0,28.0,100.0,0.0,100.0,5.0,1.0,719556.0,28,28,100,0,100,0,200,0,100.0,31650.0,100.0,26719304719.0,100.0,306547296124.0
2018-05-27,S3007BWN,ST4000DM000,4000787030016,0,118,169838384,92,0,100,21,100,0,81,157737082,59,36519,100,0,100,21,99.0,1.0,100.0,0.0,100.0,0.0,100.0,0.0,94.0,6.0,72.0,28.0,100.0,0.0,100.0,5.0,1.0,720893.0,28,28,100,0,100,0,200,0,100.0,31664.0,100.0,26719305367.0,100.0,306580852662.0
2018-05-28,S3007BWN,ST4000DM000,4000787030016,0,119,208605792,92,0,100,21,100,0,81,157743623,59,36544,100,0,100,21,99.0,1.0,100.0,0.0,100.0,0.0,100.0,0.0,94.0,6.0,73.0,27.0,100.0,0.0,100.0,5.0,1.0,722309.0,27,27,100,0,100,0,200,0,100.0,31677.0,100.0,26719306042.0,100.0,306616058135.0
2018-05-29,S3007BWN,ST4000DM000,4000787030016,0,105,9337128,92,0,100,21,100,0,81,157752567,59,36567,100,0,100,21,99.0,1.0,100.0,0.0,100.0,0.0,100.0,0.0,94.0,6.0,73.0,27.0,100.0,0.0,100.0,5.0,1.0,723612.0,27,27,100,0,100,0,200,0,100.0,31691.0,100.0,26719306690.0,100.0,306650328188.0
2018-05-30,S3007BWN,ST4000DM000,4000787030016,0,113,55033504,92,0,100,21,100,0,81,157761492,59,36591,100,0,100,21,99.0,1.0,100.0,0.0,100.0,0.0,100.0,0.0,94.0,6.0,72.0,28.0,100.0,0.0,100.0,5.0,1.0,724916.0,28,28,100,0,100,0,200,0,100.0,31705.0,100.0,26719307338.0,100.0,306685453069.0
2018-05-31,S3007BWN,ST4000DM000,4000787030016,0,116,110452240,92,0,100,21,100,0,81,157773950,59,36617,100,0,100,21,99.0,1.0,100.0,0.0,100.0,0.0,100.0,0.0,94.0,6.0,72.0,28.0,100.0,0.0,100.0,5.0,1.0,726376.0,28,28,100,0,100,0,200,0,100.0,31720.0,100.0,26719308013.0,100.0,306722558647.0
2018-06-01,S3007BWN,ST4000DM000,4000787030016,0,117,145875064,92,0,100,21,100,0,81,157781597,59,36642,100,0,100,21,99.0,1.0,100.0,0.0,100.0,0.0,100.0,0.0,94.0,6.0,72.0,28.0,100.0,0.0,100.0,5.0,1.0,727757.0,28,28,100,0,100,0,200,0,100.0,31734.0,100.0,26719308688.0,100.0,306750661169.0
2018-06-02,S3007BWN,ST4000DM000,4000787030016,0,118,176608288,92,0,100,21,100,0,81,157787372,59,36666,100,0,100,21,99.0,1.0,100.0,0.0,100.0,0.0,100.0,0.0,94.0,6.0,72.0,28.0,100.0,0.0,100.0,5.0,1.0,729148.0,28,28,100,0,100,0,200,0,100.0,31746.0,100.0,26719309336.0,100.0,306777664571.0
2018-06-03,S3007BWN,ST4000DM000,4000787030016,0,119,210766584,92,0,100,21,100,0,81,157794486,59,36689,100,0,100,21,99.0,1.0,100.0,0.0,100.0,0.0,100.0,0.0,94.0,6.0,72.0,28.0,100.0,0.0,100.0,5.0,1.0,730505.0,28,28,100,0,100,0,200,0,100.0,31760.0,100.0,26719309984.0,100.0,306805012614.0
2018-06-04,S3007BWN,ST4000DM000,4000787030016,0,120,239603808,92,0,100,21,100,0,81,157799799,59,36714,100,0,100,21,99.0,1.0,100.0,0.0,100.0,0.0,100.0,0.0,94.0,6.0,72.0,28.0,100.0,0.0,100.0,5.0,1.0,731973.0,28,28,100,0,100,0,200,0,100.0,31772.0,100.0,26719310659.0,100.0,306832058545.0
2018-06-05,S3007BWN,ST4000DM000,4000787030016,0,109,21129920,92,0,100,21,100,0,81,157804581,59,36738,100,0,100,21,99.0,1.0,100.0,0.0,100.0,0.0,100.0,0.0,94.0,6.0,72.0,28.0,100.0,0.0,100.0,5.0,1.0,733399.0,28,28,100,0,100,0,200,0,100.0,31785.0,100.0,26719311280.0,100.0,306857316113.0
2018-06-06,S3007BWN,ST4000DM000,4000787030016,0,112,49098616,92,0,100,21,100,0,81,157809851,59,36761,100,0,100,21,99.0,1.0,100.0,0.0,100.0,0.0,100.0,0.0,94.0,6.0,73.0,27.0,100.0,0.0,100.0,5.0,1.0,734822.0,27,27,100,0,100,0,200,0,100.0,31797.0,100.0,26719311928.0,100.0,306884284414.0
2018-06-07,S3007BWN,ST4000DM000,4000787030016,0,116,106254472,92,0,100,21,100,0,81,157823537,59,36786,100,0,100,21,99.0,1.0,100.0,0.0,100.0,0.0,100.0,0.0,94.0,6.0,72.0,28.0,100.0,0.0,100.0,5.0,1.0,736256.0,28,28,100,0,100,0,200,0,100.0,31810.0,100.0,26719312603.0,100.0,306915641352.0
2018-06-08,S3007BWN,ST4000DM000,4000787030016,0,117,133789632,92,0,100,21,100,0,81,157828804,58,36810,100,0,100,21,99.0,1.0,100.0,0.0,100.0,0.0,100.0,0.0,94.0,6.0,72.0,28.0,100.0,0.0,100.0,5.0,1.0,737680.0,28,28,100,0,100,0,200,0,100.0,31823.0,100.0,26719313224.0,100.0,306942477744.0
2018-06-09,S3007BWN,ST4000DM000,4000787030016,0,118,200053224,92,0,100,21,100,0,81,157844035,58,36834,100,0,100,21,99.0,1.0,100.0,0.0,100.0,0.0,100.0,0.0,94.0,6.0,73.0,27.0,100.0,0.0,100.0,5.0,1.0,739021.0,27,27,100,0,100,0,200,0,100.0,31836.0,100.0,26719313845.0,100.0,306978595314.0
2018-06-10,S3007BWN,ST4000DM000,4000787030016,0,120,235495104,92,0,100,21,100,0,81,157849647,58,36858,100,0,100,21,99.0,1.0,100.0,0.0,100.0,0.0,100.0,0.0,94.0,6.0,73.0,27.0,100.0,0.0,100.0,5.0,1.0,740487.0,27,27,100,0,100,0,200,0,100.0,31849.0,100.0,26719314520.0,100.0,307013361988.0
2018-06-11,S3007BWN,ST4000DM000,4000787030016,0,111,41229824,92,0,100,21,100,0,81,157859791,58,36882,100,0,100,21,99.0,1.0,100.0,0.0,100.0,0.0,100.0,0.0,94.0,6.0,72.0,28.0,100.0,0.0,100.0,5.0,1.0,741873.0,28,28,100,0,100,0,200,0,100.0,31863.0,100.0,26719315168.0,100.0,307049194007.0
2018-06-12,S3007BWN,ST4000DM000,4000787030016,0,114,74925992,92,0,100,21,100,0,81,157865008,58,36906,100,0,100,21,99.0,1.0,100.0,0.0,100.0,0.0,100.0,0.0,94.0,6.0,72.0,28.0,100.0,0.0,100.0,5.0,1.0,743296.0,28,28,100,0,100,0,200,0,100.0,31875.0,100.0,26719315816.0,100.0,307082665215.0
2018-06-13,S3007BWN,ST4000DM000,4000787030016,0,116,111301304,92,0,100,21,100,0,81,157870868,58,36930,100,0,100,21,99.0,1.0,100.0,0.0,100.0,0.0,100.0,0.0,94.0,6.0,72.0,28.0,100.0,0.0,100.0,5.0,1.0,744755.0,28,28,100,0,100,0,200,0,100.0,31889.0,100.0,26719316491.0,100.0,307117598008.0
2018-06-14,S3007BWN,ST4000DM000,4000787030016,0,117,148648208,92,0,100,21,100,0,81,157878136,58,36952,100,0,100,21,99.0,1.0,100.0,0.0,100.0,0.0,100.0,0.0,94.0,6.0,72.0,28.0,100.0,0.0,100.0,5.0,1.0,746066.0,28,28,100,0,100,0,200,0,100.0,31901.0,100.0,26719317058.0,100.0,307148184283.0
2018-06-15,S3007BWN,ST4000DM000,4000787030016,0,118.0,185456032.0,92.0,0.0,100.0,21.0,100.0,0.0,81.0,157884520.0,58.0,36977.0,100.0,0.0,100.0,21.0,99.0,1.0,100.0,0.0,100.0,0.0,100.0,0.0,94.0,6.0,73.0,27.0,100.0,0.0,100.0,5.0,1.0,747517.0,27.0,27.0,100.0,0.0,100.0,0.0,200.0,0.0,100.0,31914.0,100.0,26719317733.0,100.0,307181998659.0
2018-06-16,S3007BWN,ST4000DM000,4000787030016,0,119.0,231925016.0,92.0,0.0,100.0,21.0,100.0,0.0,81.0,157894820.0,58.0,37001.0,100.0,0.0,100.0,21.0,99.0,1.0,100.0,0.0,100.0,0.0,100.0,0.0,94.0,6.0,73.0,27.0,100.0,0.0,100.0,5.0,1.0,748910.0,27.0,27.0,100.0,0.0,100.0,0.0,200.0,0.0,100.0,31927.0,100.0,26719318381.0,100.0,307216655576.0
2018-06-17,S3007BWN,ST4000DM000,4000787030016,0,114.0,77827664.0,92.0,0.0,100.0,21.0,100.0,0.0,81.0,157919456.0,58.0,37025.0,100.0,0.0,100.0,21.0,99.0,1.0,100.0,0.0,100.0,0.0,100.0,0.0,94.0,6.0,73.0,27.0,100.0,0.0,100.0,5.0,1.0,750108.0,27.0,27.0,100.0,0.0,100.0,0.0,200.0,0.0,100.0,31943.0,100.0,26719319029.0,100.0,307256580860.0
2018-06-18,S3007BWN,ST4000DM000,4000787030016,0,117.0,118150032.0,92.0,0.0,100.0,21.0,100.0,0.0,81.0,157926923.0,58.0,37049.0,100.0,0.0,100.0,21.0,99.0,1.0,100.0,0.0,100.0,0.0,100.0,0.0,94.0,6.0,73.0,27.0,100.0,0.0,100.0,5.0,1.0,751515.0,27.0,27.0,100.0,0.0,100.0,0.0,200.0,0.0,100.0,31956.0,100.0,26719319704.0,100.0,307291115428.0
2018-06-19,S3007BWN,ST4000DM000,4000787030016,0,117,151831440,92,0,100,21,100,0,81,157932897,58,37073,100,0,100,21,99.0,1.0,100.0,0.0,100.0,0.0,100.0,0.0,94.0,6.0,73.0,27.0,100.0,0.0,100.0,5.0,1.0,752921.0,27,27,100,0,100,0,200,0,100.0,31969.0,100.0,26719320325.0,100.0,307322456549.0
2018-06-20,S3007BWN,ST4000DM000,4000787030016,0,118,191672816,92,0,100,21,100,0,81,157940449,58,37097,100,0,100,21,99.0,1.0,100.0,0.0,100.0,0.0,100.0,0.0,94.0,6.0,73.0,27.0,100.0,0.0,100.0,5.0,1.0,754266.0,27,27,100,0,100,0,200,0,100.0,31983.0,100.0,26719320973.0,100.0,307355409615.0
2018-06-21,S3007BWN,ST4000DM000,4000787030016,0,119,227743080,92,0,100,21,100,0,81,157946984,58,37121,100,0,100,21,99.0,1.0,100.0,0.0,100.0,0.0,100.0,0.0,94.0,6.0,73.0,27.0,100.0,0.0,100.0,5.0,1.0,755700.0,27,27,100,0,100,0,200,0,100.0,31997.0,100.0,26719321621.0,100.0,307387936233.0
2018-06-22,S3007BWN,ST4000DM000,4000787030016,0,109,23104248,92,0,100,21,100,0,81,157954433,58,37145,100,0,100,21,99.0,1.0,100.0,0.0,100.0,0.0,100.0,0.0,94.0,6.0,73.0,27.0,100.0,0.0,100.0,5.0,1.0,757062.0,27,27,100,0,100,0,200,0,100.0,32011.0,100.0,26719322269.0,100.0,307421170564.0
2018-06-23,S3007BWN,ST4000DM000,4000787030016,0,114,60304864,92,0,100,21,100,0,81,157961206,58,37169,100,0,100,21,99.0,1.0,100.0,0.0,100.0,0.0,100.0,0.0,94.0,6.0,73.0,27.0,100.0,0.0,100.0,5.0,1.0,758425.0,27,27,100,0,100,0,200,0,100.0,32024.0,100.0,26719322917.0,100.0,307453743645.0
2018-06-24,S3007BWN,ST4000DM000,4000787030016,0,115,95184216,92,0,100,21,100,0,81,157967653,58,37192,100,0,100,21,99.0,1.0,100.0,0.0,100.0,0.0,100.0,0.0,94.0,6.0,73.0,27.0,100.0,0.0,100.0,5.0,1.0,759801.0,27,27,100,0,100,0,200,0,100.0,32037.0,100.0,26719323538.0,100.0,307484877189.0
2018-06-25,S3007BWN,ST4000DM000,4000787030016,0,117,136138232,92,0,100,21,100,0,81,157975271,58,37217,100,0,100,21,99.0,1.0,100.0,0.0,100.0,0.0,100.0,0.0,94.0,6.0,73.0,27.0,100.0,0.0,100.0,5.0,1.0,761181.0,27,27,100,0,100,0,200,0,100.0,32052.0,100.0,26719324213.0,100.0,307519340462.0
2018-06-26,S3007BWN,ST4000DM000,4000787030016,0,118,173218552,92,0,100,21,100,0,81,157982015,58,37241,100,0,100,21,99.0,1.0,100.0,0.0,100.0,0.0,100.0,0.0,94.0,6.0,73.0,27.0,100.0,0.0,100.0,5.0,1.0,762553.0,27,27,100,0,100,0,200,0,100.0,32065.0,100.0,26719324861.0,100.0,307551946000.0
2018-06-27,S3007BWN,ST4000DM000,4000787030016,0,119,209625744,92,0,100,21,100,0,81,157988509,58,37264,100,0,100,21,99.0,1.0,100.0,0.0,100.0,0.0,100.0,0.0,94.0,6.0,73.0,27.0,100.0,0.0,100.0,5.0,1.0,763931.0,27,27,100,0,100,0,200,0,100.0,32078.0,100.0,26719325509.0,100.0,307584598560.0
2018-06-28,S3007BWN,ST4000DM000,4000787030016,0,106,10863104,92,0,100,21,100,0,81,157998352,58,37289,100,0,100,21,99.0,1.0,100.0,0.0,100.0,0.0,100.0,0.0,94.0,6.0,73.0,27.0,100.0,0.0,100.0,5.0,1.0,765274.0,27,27,100,0,100,0,200,0,100.0,32093.0,100.0,26719326157.0,100.0,307617806474.0
2018-06-29,S3007BWN,ST4000DM000,4000787030016,0,112,48912360,92,0,100,21,100,0,81,158005745,58,37313,100,0,100,21,99.0,1.0,100.0,0.0,100.0,0.0,100.0,0.0,94.0,6.0,73.0,27.0,100.0,0.0,100.0,5.0,1.0,766638.0,27,27,100,0,100,0,200,0,100.0,32107.0,100.0,26719326805.0,100.0,307649417989.0
2018-06-30,S3007BWN,ST4000DM000,4000787030016,0,115,92506536,92,0,100,21,100,0,81,158013658,58,37338,100,0,100,21,99.0,1.0,100.0,0.0,100.0,0.0,100.0,0.0,94.0,6.0,73.0,27.0,100.0,0.0,100.0,5.0,1.0,768049.0,27,27,100,0,100,0,200,0,100.0,32121.0,100.0,26719327507.0,100.0,307685804666.0
2018-07-01,S3007BWN,ST4000DM000,4000787030016,0,117,134273936,92,0,100,21,100,0,81,158021522,58,37362,100,0,100,21,99.0,1.0,100.0,0.0,100.0,0.0,100.0,0.0,94.0,6.0,73.0,27.0,100.0,0.0,100.0,5.0,1.0,769362.0,27,27,100,0,100,0,200,0,100.0,32135.0,100.0,26719328155.0,100.0,307719817874.0
2018-07-02,S3007BWN,ST4000DM000,4000787030016,0,118,176420528,92,0,100,21,100,0,81,158029935,58,37386,100,0,100,21,99.0,1.0,100.0,0.0,100.0,0.0,100.0,0.0,94.0,6.0,73.0,27.0,100.0,0.0,100.0,5.0,1.0,770654.0,27,27,100,0,100,0,200,0,100.0,32149.0,100.0,26719328776.0,100.0,307752635396.0
2018-07-03,S3007BWN,ST4000DM000,4000787030016,0,119,218809616,92,0,100,21,100,0,81,158038034,58,37410,100,0,100,21,99.0,1.0,100.0,0.0,100.0,0.0,100.0,0.0,94.0,6.0,73.0,27.0,100.0,0.0,100.0,5.0,1.0,771959.0,27,27,100,0,100,0,200,0,100.0,32163.0,100.0,26719329424.0,100.0,307786884309.0
2018-07-04,S3007BWN,ST4000DM000,4000787030016,0,108,18648624,92,0,100,21,100,0,81,158046356,58,37434,100,0,100,21,99.0,1.0,100.0,0.0,100.0,0.0,100.0,0.0,94.0,6.0,73.0,27.0,100.0,0.0,100.0,5.0,1.0,773306.0,27,27,100,0,100,0,200,0,100.0,32177.0,100.0,26719330099.0,100.0,307822308376.0
2018-07-05,S3007BWN,ST4000DM000,4000787030016,0,113,51050056,92,0,100,21,100,0,81,158051635,58,37458,100,0,100,21,99.0,1.0,100.0,0.0,100.0,0.0,100.0,0.0,94.0,6.0,73.0,27.0,100.0,0.0,100.0,5.0,1.0,774707.0,27,27,100,0,100,0,200,0,100.0,32190.0,100.0,26719330720.0,100.0,307854200448.0
2018-07-06,S3007BWN,ST4000DM000,4000787030016,0,115,84548688,92,0,100,21,100,0,81,158056935,58,37482,100,0,100,21,99.0,1.0,100.0,0.0,100.0,0.0,100.0,0.0,94.0,6.0,73.0,27.0,100.0,0.0,100.0,5.0,1.0,776105.0,27,27,100,0,100,0,200,0,100.0,32203.0,100.0,26719331368.0,100.0,307887098584.0
2018-07-07,S3007BWN,ST4000DM000,4000787030016,0,117,118053504,92,0,100,21,100,0,81,158062224,58,37506,100,0,100,21,99.0,1.0,100.0,0.0,100.0,0.0,100.0,0.0,94.0,6.0,73.0,27.0,100.0,0.0,100.0,5.0,1.0,777551.0,27,27,100,0,100,0,200,0,100.0,32216.0,100.0,26719332016.0,100.0,307920317008.0
2018-07-08,S3007BWN,ST4000DM000,4000787030016,0,117,152279656,92,0,100,21,100,0,81,158067654,58,37530,100,0,100,21,99.0,1.0,100.0,0.0,100.0,0.0,100.0,0.0,94.0,6.0,73.0,27.0,100.0,0.0,100.0,5.0,1.0,778947.0,27,27,100,0,100,0,200,0,100.0,32228.0,100.0,26719332664.0,100.0,307953627688.0
2018-07-09,S3007BWN,ST4000DM000,4000787030016,0,118,186184008,92,0,100,21,100,0,81,158073020,58,37554,100,0,100,21,99.0,1.0,100.0,0.0,100.0,0.0,100.0,0.0,94.0,6.0,73.0,27.0,100.0,0.0,100.0,5.0,1.0,780348.0,27,27,100,0,100,0,200,0,100.0,32241.0,100.0,26719333312.0,100.0,307986926537.0
2018-07-10,S3007BWN,ST4000DM000,4000787030016,0,119.0,221539480.0,92.0,0.0,100.0,21.0,100.0,0.0,81.0,158078581.0,58.0,37578.0,100.0,0.0,100.0,21.0,99.0,1.0,100.0,0.0,100.0,0.0,100.0,0.0,94.0,6.0,73.0,27.0,100.0,0.0,100.0,5.0,1.0,781792.0,27.0,27.0,100.0,0.0,100.0,0.0,200.0,0.0,100.0,32254.0,100.0,26719333987.0,100.0,308021485841.0
2018-07-11,S3007BWN,ST4000DM000,4000787030016,0,107,14561304,92,0,100,21,100,0,81,158085464,58,37602,100,0,100,21,99.0,1.0,100.0,0.0,100.0,0.0,100.0,0.0,94.0,6.0,73.0,27.0,100.0,0.0,100.0,5.0,1.0,783171.0,27,27,100,0,100,0,200,0,100.0,32267.0,100.0,26719334608.0,100.0,308054052286.0
2018-07-12,S3007BWN,ST4000DM000,4000787030016,0,113,52565904,92,0,100,21,100,0,81,158091606,58,37628,100,0,100,21,99.0,1.0,100.0,0.0,100.0,0.0,100.0,0.0,94.0,6.0,73.0,27.0,100.0,0.0,100.0,5.0,1.0,784661.0,27,27,100,0,100,0,200,0,100.0,32281.0,100.0,26719335310.0,100.0,308090168808.0
2018-07-13,S3007BWN,ST4000DM000,4000787030016,0,115,90481168,92,0,100,21,100,0,81,158097911,58,37652,100,0,100,21,99.0,1.0,100.0,0.0,100.0,0.0,100.0,0.0,94.0,6.0,73.0,27.0,100.0,0.0,100.0,5.0,1.0,786120.0,27,27,100,0,100,0,200,0,100.0,32294.0,100.0,26719335985.0,100.0,308125287816.0
2018-07-14,S3007BWN,ST4000DM000,4000787030016,0,117,123693368,92,0,100,21,100,0,81,158103358,57,37676,100,0,100,21,99.0,1.0,100.0,0.0,100.0,0.0,100.0,0.0,94.0,6.0,73.0,27.0,100.0,0.0,100.0,5.0,1.0,787537.0,27,27,100,0,100,0,200,0,100.0,32307.0,100.0,26719336606.0,100.0,308157290441.0
2018-07-15,S3007BWN,ST4000DM000,4000787030016,0,117,157961920,92,0,100,21,100,0,81,158108708,57,37700,100,0,100,21,99.0,1.0,100.0,0.0,100.0,0.0,100.0,0.0,94.0,6.0,73.0,27.0,100.0,0.0,100.0,5.0,1.0,788962.0,27,27,100,0,100,0,200,0,100.0,32320.0,100.0,26719337254.0,100.0,308190833721.0
2018-07-16,S3007BWN,ST4000DM000,4000787030016,0,118,192212568,92,0,100,21,100,0,81,158114496,57,37723,100,0,100,21,99.0,1.0,100.0,0.0,100.0,0.0,100.0,0.0,94.0,6.0,73.0,27.0,100.0,0.0,100.0,5.0,1.0,790380.0,27,27,100,0,100,0,200,0,100.0,32333.0,100.0,26719337875.0,100.0,308222993810.0
2018-07-17,S3007BWN,ST4000DM000,4000787030016,0,119,228890816,92,0,100,21,100,0,81,158119894,57,37748,100,0,100,21,99.0,1.0,100.0,0.0,100.0,0.0,100.0,0.0,94.0,6.0,73.0,27.0,100.0,0.0,100.0,5.0,1.0,791849.0,27,27,100,0,100,0,200,0,100.0,32346.0,100.0,26719338577.0,100.0,308259319450.0
2018-07-18,S3007BWN,ST4000DM000,4000787030016,0,108,18712608,92,0,100,21,100,0,81,158125721,57,37772,100,0,100,21,99.0,1.0,100.0,0.0,100.0,0.0,100.0,0.0,94.0,6.0,73.0,27.0,100.0,0.0,100.0,5.0,1.0,793261.0,27,27,100,0,100,0,200,0,100.0,32358.0,100.0,26719339198.0,100.0,308291446653.0
2018-07-19,S3007BWN,ST4000DM000,4000787030016,0,113,53008496,92,0,100,21,100,0,81,158131087,57,37795,100,0,100,21,99.0,1.0,100.0,0.0,100.0,0.0,100.0,0.0,94.0,6.0,73.0,27.0,100.0,0.0,100.0,5.0,1.0,794678.0,27,27,100,0,100,0,200,0,100.0,32371.0,100.0,26719339846.0,100.0,308324896519.0
2018-07-20,S3007BWN,ST4000DM000,4000787030016,0,115,93617816,92,0,100,21,100,0,81,158138295,57,37820,100,0,100,21,99.0,1.0,100.0,0.0,100.0,0.0,100.0,0.0,94.0,6.0,73.0,27.0,100.0,0.0,100.0,5.0,1.0,796121.0,27,27,100,0,100,0,200,0,100.0,32385.0,100.0,26719340521.0,100.0,308359874672.0
2018-07-21,S3007BWN,ST4000DM000,4000787030016,0,117,132189600,92,0,100,21,100,0,81,158145492,57,37844,100,0,100,21,99.0,1.0,100.0,0.0,100.0,0.0,100.0,0.0,94.0,6.0,72.0,28.0,100.0,0.0,100.0,5.0,1.0,797489.0,28,28,100,0,100,0,200,0,100.0,32398.0,100.0,26719341142.0,100.0,308392448730.0
2018-07-22,S3007BWN,ST4000DM000,4000787030016,0,118,172743640,92,0,100,21,100,0,81,158152903,57,37868,100,0,100,21,99.0,1.0,100.0,0.0,100.0,0.0,100.0,0.0,94.0,6.0,73.0,27.0,100.0,0.0,100.0,5.0,1.0,798857.0,27,27,100,0,100,0,200,0,100.0,32412.0,100.0,26719341790.0,100.0,308426326813.0
2018-07-23,S3007BWN,ST4000DM000,4000787030016,0,119,216395160,92,0,100,21,100,0,81,158160943,57,37892,100,0,100,21,99.0,1.0,100.0,0.0,100.0,0.0,100.0,0.0,94.0,6.0,73.0,27.0,100.0,0.0,100.0,5.0,1.0,800233.0,27,27,100,0,100,0,200,0,100.0,32426.0,100.0,26719342465.0,100.0,308462220382.0
2018-07-24,S3007BWN,ST4000DM000,4000787030016,0,102,4910048,92,0,100,21,100,0,81,158166450,57,37916,100,0,100,21,99.0,1.0,100.0,0.0,100.0,0.0,100.0,0.0,94.0,6.0,73.0,27.0,100.0,0.0,100.0,5.0,1.0,801652.0,27,27,100,0,100,0,200,0,100.0,32438.0,100.0,26719343086.0,100.0,308494241158.0
2018-07-25,S3007BWN,ST4000DM000,4000787030016,0,112.0,42475088.0,92.0,0.0,100.0,21.0,100.0,0.0,81.0,158172892.0,57.0,37940.0,100.0,0.0,100.0,21.0,99.0,1.0,100.0,0.0,100.0,0.0,100.0,0.0,94.0,6.0,73.0,27.0,100.0,0.0,100.0,5.0,1.0,803060.0,27.0,27.0,100.0,0.0,100.0,0.0,200.0,0.0,100.0,32451.0,100.0,26719343734.0,100.0,308528006958.0
2018-07-26,S3007BWN,ST4000DM000,4000787030016,0,114,74675952,92,0,100,21,100,0,81,158178039,57,37963,100,0,100,21,99.0,1.0,100.0,0.0,100.0,0.0,100.0,0.0,94.0,6.0,72.0,28.0,100.0,0.0,100.0,5.0,1.0,804481.0,28,28,100,0,100,0,200,0,100.0,32464.0,100.0,26719344355.0,100.0,308559985009.0
2018-07-27,S3007BWN,ST4000DM000,4000787030016,0,116,100972904,92,0,100,21,100,0,81,158181792,57,37981,100,0,100,21,99.0,1.0,100.0,0.0,100.0,0.0,100.0,0.0,94.0,6.0,73.0,27.0,100.0,0.0,100.0,5.0,1.0,805531.0,27,27,100,0,100,0,200,0,100.0,32473.0,100.0,26719344868.0,100.0,308586072371.0
2018-07-28,S3007BWN,ST4000DM000,4000787030016,0,117,143878672,92,0,100,21,100,0,81,158190120,57,38006,100,0,100,21,99.0,1.0,100.0,0.0,100.0,0.0,100.0,0.0,94.0,6.0,73.0,27.0,100.0,0.0,100.0,5.0,1.0,806895.0,27,27,100,0,100,0,200,0,100.0,32488.0,100.0,26719345516.0,100.0,308619906216.0
2018-07-29,S3007BWN,ST4000DM000,4000787030016,0,118,185263608,92,0,100,21,100,0,81,158198154,57,38030,100,0,100,21,99.0,1.0,100.0,0.0,100.0,0.0,100.0,0.0,94.0,6.0,73.0,27.0,100.0,0.0,100.0,5.0,1.0,808208.0,27,27,100,0,100,0,200,0,100.0,32502.0,100.0,26719346164.0,100.0,308653114085.0
2018-07-30,S3007BWN,ST4000DM000,4000787030016,0,119,226684280,92,0,100,21,100,0,81,158206003,57,38053,100,0,100,21,99.0,1.0,100.0,0.0,100.0,0.0,100.0,0.0,94.0,6.0,73.0,27.0,100.0,0.0,100.0,5.0,1.0,809529.0,27,27,100,0,100,0,200,0,100.0,32515.0,100.0,26719346812.0,100.0,308686899458.0
2018-07-31,S3007BWN,ST4000DM000,4000787030016,0,109,23886192,92,0,100,21,100,0,81,158214058,57,38078,100,0,100,21,99.0,1.0,100.0,0.0,100.0,0.0,100.0,0.0,94.0,6.0,72.0,28.0,100.0,0.0,100.0,5.0,1.0,810885.0,28,28,100,0,100,0,200,0,100.0,32530.0,100.0,26719347460.0,100.0,308720670709.0
2018-08-01,S3007BWN,ST4000DM000,4000787030016,0,113,57769496,92,0,100,21,100,0,81,158219497,57,38102,100,0,100,21,99.0,1.0,100.0,0.0,100.0,0.0,100.0,0.0,94.0,6.0,73.0,27.0,100.0,0.0,100.0,5.0,1.0,812286.0,27,27,100,0,100,0,200,0,100.0,32543.0,100.0,26719348108.0,100.0,308753305766.0
2018-08-02,S3007BWN,ST4000DM000,4000787030016,0,116,101198600,92,0,100,21,100,0,81,158228257,57,38125,100,0,100,21,99.0,1.0,100.0,0.0,100.0,0.0,100.0,0.0,94.0,6.0,73.0,27.0,100.0,0.0,100.0,5.0,1.0,813598.0,27,27,100,0,100,0,200,0,100.0,32557.0,100.0,26719348756.0,100.0,308786702502.0
2018-08-03,S3007BWN,ST4000DM000,4000787030016,0,117,142628560,92,0,100,21,100,0,81,158236396,57,38150,100,0,100,21,99.0,1.0,100.0,0.0,100.0,0.0,100.0,0.0,94.0,6.0,73.0,27.0,100.0,0.0,100.0,5.0,1.0,814967.0,27,27,100,0,100,0,200,0,100.0,32571.0,100.0,26719349404.0,100.0,308819897086.0
2018-08-04,S3007BWN,ST4000DM000,4000787030016,0,118,185976944,92,0,100,21,100,0,81,158245100,57,38174,100,0,100,21,99.0,1.0,100.0,0.0,100.0,0.0,100.0,0.0,94.0,6.0,73.0,27.0,100.0,0.0,100.0,5.0,1.0,816283.0,27,27,100,0,100,0,200,0,100.0,32585.0,100.0,26719350052.0,100.0,308853083569.0
2018-08-05,S3007BWN,ST4000DM000,4000787030016,0,119,223552008,92,0,100,21,100,0,81,158251989,57,38198,100,0,100,21,99.0,1.0,100.0,0.0,100.0,0.0,100.0,0.0,94.0,6.0,72.0,28.0,100.0,0.0,100.0,5.0,1.0,817638.0,28,28,100,0,100,0,200,0,100.0,32599.0,100.0,26719350700.0,100.0,308886204017.0
2018-08-06,S3007BWN,ST4000DM000,4000787030016,0,108,20256944,92,0,100,21,100,0,81,158260176,57,38221,100,0,100,21,99.0,1.0,100.0,0.0,100.0,0.0,100.0,0.0,94.0,6.0,73.0,27.0,100.0,0.0,100.0,5.0,1.0,818958.0,27,27,100,0,100,0,200,0,100.0,32612.0,100.0,26719351321.0,100.0,308918531812.0
2018-08-07,S3007BWN,ST4000DM000,4000787030016,0,113,54363696,92,0,100,21,100,0,81,158265606,57,38246,100,0,100,21,99.0,1.0,100.0,0.0,100.0,0.0,100.0,0.0,94.0,6.0,73.0,27.0,100.0,0.0,100.0,5.0,1.0,820405.0,27,27,100,0,100,0,200,0,100.0,32625.0,100.0,26719351996.0,100.0,308952443436.0
2018-08-08,S3007BWN,ST4000DM000,4000787030016,0,115,89999856,92,0,100,21,100,0,81,158271811,57,38270,100,0,100,21,99.0,1.0,100.0,0.0,100.0,0.0,100.0,0.0,94.0,6.0,73.0,27.0,100.0,0.0,100.0,5.0,1.0,821802.0,27,27,100,0,100,0,200,0,100.0,32638.0,100.0,26719352644.0,100.0,308985441373.0
2018-08-09,S3007BWN,ST4000DM000,4000787030016,0,117,129654312,92,0,100,21,100,0,81,158278307,57,38297,100,0,100,21,99.0,1.0,100.0,0.0,100.0,0.0,100.0,0.0,94.0,6.0,73.0,27.0,100.0,0.0,100.0,5.0,1.0,823431.0,27,27,100,0,100,0,200,0,100.0,32653.0,100.0,26719353400.0,100.0,309023583509.0
2018-08-10,S3007BWN,ST4000DM000,4000787030016,0,117,162493664,92,0,100,21,100,0,81,158283423,57,38321,100,0,100,21,99.0,1.0,100.0,0.0,100.0,0.0,100.0,0.0,94.0,6.0,73.0,27.0,100.0,0.0,100.0,5.0,1.0,824857.0,27,27,100,0,100,0,200,0,100.0,32665.0,100.0,26719354048.0,100.0,309056223686.0
2018-08-11,S3007BWN,ST4000DM000,4000787030016,0,118,199202760,92,0,100,21,100,0,81,158290197,57,38346,100,0,100,21,99.0,1.0,100.0,0.0,100.0,0.0,100.0,0.0,94.0,6.0,73.0,27.0,100.0,0.0,100.0,5.0,1.0,826286.0,27,27,100,0,100,0,200,0,100.0,32679.0,100.0,26719354696.0,100.0,309089358175.0
2018-08-12,S3007BWN,ST4000DM000,4000787030016,0,119,234769472,92,0,100,21,100,0,81,158296405,57,38370,100,0,100,21,99.0,1.0,100.0,0.0,100.0,0.0,100.0,0.0,94.0,6.0,73.0,27.0,100.0,0.0,100.0,5.0,1.0,827675.0,27,27,100,0,100,0,200,0,100.0,32692.0,100.0,26719355344.0,100.0,309122363143.0
2018-08-13,S3007BWN,ST4000DM000,4000787030016,0,109,23669048,92,0,100,21,100,0,81,158301660,57,38393,100,0,100,21,99.0,1.0,100.0,0.0,100.0,0.0,100.0,0.0,94.0,6.0,74.0,26.0,100.0,0.0,100.0,5.0,1.0,829101.0,26,26,100,0,100,0,200,0,100.0,32705.0,100.0,26719355992.0,100.0,309155155024.0
2018-08-14,S3007BWN,ST4000DM000,4000787030016,0,113.0,57664768.0,92.0,0.0,100.0,21.0,100.0,0.0,81.0,158307796.0,57.0,38417.0,100.0,0.0,100.0,21.0,99.0,1.0,100.0,0.0,100.0,0.0,100.0,0.0,94.0,6.0,74.0,26.0,100.0,0.0,100.0,5.0,1.0,830483.0,26.0,26.0,100.0,0.0,100.0,0.0,200.0,0.0,100.0,32718.0,100.0,26719356613.0,100.0,309186743056.0
2018-08-15,S3007BWN,ST4000DM000,4000787030016,0,115.0,92876800.0,92.0,0.0,100.0,21.0,100.0,0.0,81.0,158314354.0,57.0,38441.0,100.0,0.0,100.0,21.0,99.0,1.0,100.0,0.0,100.0,0.0,100.0,0.0,94.0,6.0,73.0,27.0,100.0,0.0,100.0,5.0,1.0,831903.0,27.0,27.0,100.0,0.0,100.0,0.0,200.0,0.0,100.0,32731.0,100.0,26719357261.0,100.0,309217940048.0
2018-08-16,S3007BWN,ST4000DM000,4000787030016,0,117,120933696,92,0,100,21,100,0,81,158319937,57,38465,100,0,100,21,99.0,1.0,100.0,0.0,100.0,0.0,100.0,0.0,94.0,6.0,73.0,27.0,100.0,0.0,100.0,5.0,1.0,833322.0,27,27,100,0,100,0,200,0,100.0,32744.0,100.0,26719357909.0,100.0,309244308457.0
2018-08-17,S3007BWN,ST4000DM000,4000787030016,0,117,148738432,92,0,100,21,100,0,81,158325476,57,38488,100,0,100,21,99.0,1.0,100.0,0.0,100.0,0.0,100.0,0.0,94.0,6.0,72.0,28.0,100.0,0.0,100.0,5.0,1.0,834742.0,28,28,100,0,100,0,200,0,100.0,32756.0,100.0,26719358557.0,100.0,309270488210.0
2018-08-18,S3007BWN,ST4000DM000,4000787030016,0,118,182348224,92,0,100,21,100,0,81,158332963,57,38513,100,0,100,21,99.0,1.0,100.0,0.0,100.0,0.0,100.0,0.0,94.0,6.0,73.0,27.0,100.0,0.0,100.0,5.0,1.0,836190.0,27,27,100,0,100,0,200,0,100.0,32769.0,100.0,26719359205.0,100.0,309298019019.0
2018-08-19,S3007BWN,ST4000DM000,4000787030016,0,119,208706768,92,0,100,21,100,0,81,158338099,57,38537,100,0,100,21,99.0,1.0,100.0,0.0,100.0,0.0,100.0,0.0,94.0,6.0,73.0,27.0,100.0,0.0,100.0,5.0,1.0,837615.0,27,27,100,0,100,0,200,0,100.0,32781.0,100.0,26719359853.0,100.0,309323946916.0
2018-08-20,S3007BWN,ST4000DM000,4000787030016,0,120,235492480,92,0,100,21,100,0,81,158343736,56,38560,100,0,100,21,99.0,1.0,100.0,0.0,100.0,0.0,100.0,0.0,94.0,6.0,73.0,27.0,100.0,0.0,100.0,5.0,1.0,839030.0,27,27,100,0,100,0,200,0,100.0,32794.0,100.0,26719360474.0,100.0,309349016942.0
2018-08-21,S3007BWN,ST4000DM000,4000787030016,0,109,21706056,92,0,100,21,100,0,81,158349921,56,38585,100,0,100,21,99.0,1.0,100.0,0.0,100.0,0.0,100.0,0.0,94.0,6.0,73.0,27.0,100.0,0.0,100.0,5.0,1.0,840486.0,27,27,100,0,100,0,200,0,100.0,32807.0,100.0,26719361149.0,100.0,309376143566.0
2018-08-22,S3007BWN,ST4000DM000,4000787030016,0,112,49173832,92,0,100,21,100,0,81,158355279,56,38609,100,0,100,21,99.0,1.0,100.0,0.0,100.0,0.0,100.0,0.0,94.0,6.0,74.0,26.0,100.0,0.0,100.0,5.0,1.0,841902.0,26,26,100,0,100,0,200,0,100.0,32819.0,100.0,26719361797.0,100.0,309402120494.0
2018-08-23,S3007BWN,ST4000DM000,4000787030016,0,114,79585768,92,0,100,21,100,0,81,158361433,56,38633,100,0,100,21,99.0,1.0,100.0,0.0,100.0,0.0,100.0,0.0,94.0,6.0,73.0,27.0,100.0,0.0,100.0,5.0,1.0,843301.0,27,27,100,0,100,0,200,0,100.0,32832.0,100.0,26719362445.0,100.0,309429288648.0
2018-08-24,S3007BWN,ST4000DM000,4000787030016,0,117,118989136,92,0,100,21,100,0,81,158369790,56,38657,100,0,100,21,99.0,1.0,100.0,0.0,100.0,0.0,100.0,0.0,94.0,6.0,73.0,27.0,100.0,0.0,100.0,5.0,1.0,844770.0,27,27,100,0,100,0,200,0,100.0,32844.0,100.0,26719363120.0,100.0,309458586400.0
2018-08-25,S3007BWN,ST4000DM000,4000787030016,0,117,167089152,92,0,100,21,100,0,81,158382388,56,38681,100,0,100,21,99.0,1.0,100.0,0.0,100.0,0.0,100.0,0.0,94.0,6.0,73.0,27.0,100.0,0.0,100.0,5.0,1.0,846142.0,27,27,100,0,100,0,200,0,100.0,32858.0,100.0,26719363741.0,100.0,309487235841.0
2018-08-26,S3007BWN,ST4000DM000,4000787030016,0,119,204545776,92,0,100,21,100,0,81,158390541,56,38705,100,0,100,21,99.0,1.0,100.0,0.0,100.0,0.0,100.0,0.0,94.0,6.0,73.0,27.0,100.0,0.0,100.0,5.0,1.0,847489.0,27,27,100,0,100,0,200,0,100.0,32872.0,100.0,26719364389.0,100.0,309515716923.0
2018-08-27,S3007BWN,ST4000DM000,4000787030016,0,120,242576360,92,0,100,21,100,0,81,158399064,56,38728,100,0,100,21,99.0,1.0,100.0,0.0,100.0,0.0,100.0,0.0,94.0,6.0,73.0,27.0,100.0,0.0,100.0,5.0,1.0,848818.0,27,27,100,0,100,0,200,0,100.0,32885.0,100.0,26719365037.0,100.0,309543970869.0
2018-08-28,S3007BWN,ST4000DM000,4000787030016,0,111,34394312,92,0,100,21,100,0,81,158407391,56,38753,100,0,100,21,99.0,1.0,100.0,0.0,100.0,0.0,100.0,0.0,94.0,6.0,72.0,28.0,100.0,0.0,100.0,5.0,1.0,850206.0,28,28,100,0,100,0,200,0,100.0,32899.0,100.0,26719365685.0,100.0,309571072209.0
2018-08-29,S3007BWN,ST4000DM000,4000787030016,0,114,73273984,92,0,100,21,100,0,81,158416198,56,38777,100,0,100,21,99.0,1.0,100.0,0.0,100.0,0.0,100.0,0.0,94.0,6.0,73.0,27.0,100.0,0.0,100.0,5.0,1.0,851526.0,27,27,100,0,100,0,200,0,100.0,32913.0,100.0,26719366333.0,100.0,309599105885.0
2018-08-30,S3007BWN,ST4000DM000,4000787030016,0,116,110759488,92,0,100,21,100,0,81,158424669,56,38801,100,0,100,21,99.0,1.0,100.0,0.0,100.0,0.0,100.0,0.0,94.0,6.0,72.0,28.0,100.0,0.0,100.0,5.0,1.0,852846.0,28,28,100,0,100,0,200,0,100.0,32927.0,100.0,26719366981.0,100.0,309627134336.0
2018-08-31,S3007BWN,ST4000DM000,4000787030016,0,117,143018472,92,0,100,21,100,0,81,158430518,56,38825,100,0,100,21,99.0,1.0,100.0,0.0,100.0,0.0,100.0,0.0,94.0,6.0,73.0,27.0,100.0,0.0,100.0,5.0,1.0,854308.0,27,27,100,0,100,0,200,0,100.0,32940.0,100.0,26719367656.0,100.0,309657693777.0
2018-09-01,S3007BWN,ST4000DM000,4000787030016,0,118,182367216,92,0,100,21,100,0,81,158438771,56,38849,100,0,100,21,99.0,1.0,100.0,0.0,100.0,0.0,100.0,0.0,94.0,6.0,73.0,27.0,100.0,0.0,100.0,5.0,1.0,855628.0,27,27,100,0,100,0,200,0,100.0,32954.0,100.0,26719368277.0,100.0,309687741693.0
2018-09-02,S3007BWN,ST4000DM000,4000787030016,0,119,221077808,92,0,100,21,100,0,81,158446780,56,38873,100,0,100,21,99.0,1.0,100.0,0.0,100.0,0.0,100.0,0.0,94.0,6.0,73.0,27.0,100.0,0.0,100.0,5.0,1.0,856967.0,27,27,100,0,100,0,200,0,100.0,32968.0,100.0,26719368925.0,100.0,309718128817.0
2018-09-03,S3007BWN,ST4000DM000,4000787030016,0,107,14328856,92,0,100,21,100,0,81,158454505,56,38896,100,0,100,21,99.0,1.0,100.0,0.0,100.0,0.0,100.0,0.0,94.0,6.0,73.0,27.0,100.0,0.0,100.0,5.0,1.0,858300.0,27,27,100,0,100,0,200,0,100.0,32981.0,100.0,26719369573.0,100.0,309747864884.0
2018-09-04,S3007BWN,ST4000DM000,4000787030016,0,112,49510048,92,0,100,21,100,0,81,158461197,56,38921,100,0,100,21,99.0,1.0,100.0,0.0,100.0,0.0,100.0,0.0,94.0,6.0,72.0,28.0,100.0,0.0,100.0,5.0,1.0,859726.0,28,28,100,0,100,0,200,0,100.0,32995.0,100.0,26719370248.0,100.0,309778759948.0
2018-09-05,S3007BWN,ST4000DM000,4000787030016,0,114,81888280,92,0,100,21,100,0,81,158467401,56,38945,100,0,100,21,99.0,1.0,100.0,0.0,100.0,0.0,100.0,0.0,94.0,6.0,73.0,27.0,100.0,0.0,100.0,5.0,1.0,861105.0,27,27,100,0,100,0,200,0,100.0,33008.0,100.0,26719370869.0,100.0,309807557398.0
2018-09-06,S3007BWN,ST4000DM000,4000787030016,0,117,121875960,92,0,100,22,100,0,81,158475445,56,38968,100,0,100,22,99.0,1.0,100.0,0.0,100.0,0.0,100.0,0.0,94.0,6.0,77.0,23.0,100.0,0.0,100.0,5.0,1.0,862399.0,23,23,100,0,100,0,200,0,100.0,33022.0,100.0,26719371612.0,100.0,309838866053.0
2018-09-07,S3007BWN,ST4000DM000,4000787030016,0,117,166524288,92,0,100,22,100,0,81,158483516,56,38992,100,0,100,22,99.0,1.0,100.0,0.0,100.0,0.0,100.0,0.0,94.0,6.0,77.0,23.0,100.0,0.0,100.0,5.0,1.0,863724.0,23,23,100,0,100,0,200,0,100.0,33036.0,100.0,26719372260.0,100.0,309874431931.0
2018-09-08,S3007BWN,ST4000DM000,4000787030016,0,119,211585960,92,0,100,22,100,0,81,158491538,56,39016,100,0,100,22,99.0,1.0,100.0,0.0,100.0,0.0,100.0,0.0,94.0,6.0,77.0,23.0,100.0,0.0,100.0,5.0,1.0,865096.0,23,23,100,0,100,0,200,0,100.0,33050.0,100.0,26719372935.0,100.0,309911513630.0
2018-09-09,S3007BWN,ST4000DM000,4000787030016,0,108,16462944,92,0,100,22,100,0,81,158501699,56,39040,100,0,100,22,99.0,1.0,100.0,0.0,100.0,0.0,100.0,0.0,94.0,6.0,77.0,23.0,100.0,0.0,100.0,5.0,1.0,866442.0,23,23,100,0,100,0,200,0,100.0,33063.0,100.0,26719373556.0,100.0,309946791049.0
2018-09-10,S3007BWN,ST4000DM000,4000787030016,0,113,51957576,92,0,100,22,100,0,81,158507000,56,39064,100,0,100,22,99.0,1.0,100.0,0.0,100.0,0.0,100.0,0.0,94.0,6.0,77.0,23.0,100.0,0.0,100.0,5.0,1.0,867861.0,23,23,100,0,100,0,200,0,100.0,33076.0,100.0,26719374204.0,100.0,309981483145.0
2018-09-11,S3007BWN,ST4000DM000,4000787030016,0,115,86819160,92,0,100,22,100,0,81,158512186,56,39088,100,0,100,22,99.0,1.0,100.0,0.0,100.0,0.0,100.0,0.0,94.0,6.0,77.0,23.0,100.0,0.0,100.0,5.0,1.0,869332.0,23,23,100,0,100,0,200,0,100.0,33089.0,100.0,26719374852.0,100.0,310016158986.0
2018-09-12,S3007BWN,ST4000DM000,4000787030016,0,117,121682000,92,0,100,22,100,0,81,158517218,56,39112,100,0,100,22,99.0,1.0,100.0,0.0,100.0,0.0,100.0,0.0,94.0,6.0,77.0,23.0,100.0,0.0,100.0,5.0,1.0,870757.0,23,23,100,0,100,0,200,0,100.0,33101.0,100.0,26719375500.0,100.0,310050792314.0
2018-09-13,S3007BWN,ST4000DM000,4000787030016,0,117,158015144,92,0,100,22,100,0,81,158523170,56,39133,100,0,100,22,99.0,1.0,100.0,0.0,100.0,0.0,100.0,0.0,94.0,6.0,77.0,23.0,100.0,0.0,100.0,5.0,1.0,872042.0,23,23,100,0,100,0,200,0,100.0,33112.0,100.0,26719376094.0,100.0,310082480690.0
2018-09-14,S3007BWN,ST4000DM000,4000787030016,0,118,201201408,92,0,100,22,100,0,81,158531444,56,39157,100,0,100,22,99.0,1.0,100.0,0.0,100.0,0.0,100.0,0.0,94.0,6.0,77.0,23.0,100.0,0.0,100.0,5.0,1.0,873461.0,23,23,100,0,100,0,200,0,100.0,33125.0,100.0,26719376742.0,100.0,310115628922.0
2018-09-15,S3007BWN,ST4000DM000,4000787030016,0,117,148811968,92,0,100,22,100,0,81,158770586,56,39182,100,0,100,22,99.0,1.0,100.0,0.0,100.0,0.0,100.0,0.0,94.0,6.0,76.0,24.0,100.0,0.0,100.0,5.0,1.0,874192.0,24,24,100,0,100,0,200,0,100.0,33144.0,100.0,26719377390.0,100.0,310248559579.0
2018-09-16,S3007BWN,ST4000DM000,4000787030016,0,119,202225984,92,0,100,22,100,0,81,159097933,56,39206,100,0,100,22,99.0,1.0,100.0,0.0,100.0,0.0,100.0,0.0,94.0,6.0,76.0,24.0,100.0,0.0,100.0,5.0,1.0,874192.0,24,24,100,0,100,0,200,0,100.0,33167.0,100.0,26719378056.0,100.0,310442251957.0
2018-09-17,S3007BWN,ST4000DM000,4000787030016,0,119,227579592,92,0,100,22,100,0,81,159404729,56,39229,100,0,100,22,99.0,1.0,100.0,0.0,100.0,0.0,100.0,0.0,94.0,6.0,76.0,24.0,100.0,0.0,100.0,5.0,1.0,874192.0,24,24,100,0,100,0,200,0,100.0,33191.0,100.0,26719378704.0,100.0,310636456505.0
2018-09-18,S3007BWN,ST4000DM000,4000787030016,0,116,111666176,92,0,100,22,100,0,81,159741065,56,39254,100,0,100,22,99.0,1.0,100.0,0.0,100.0,0.0,100.0,0.0,94.0,6.0,74.0,26.0,100.0,0.0,100.0,5.0,1.0,874192.0,26,26,100,0,100,0,200,0,100.0,33216.0,100.0,26719379361.0,100.0,310836618989.0
2018-09-19,S3007BWN,ST4000DM000,4000787030016,0,118,195529080,92,0,100,22,100,0,81,160068236,56,39278,100,0,100,22,99.0,1.0,100.0,0.0,100.0,0.0,100.0,0.0,94.0,6.0,75.0,25.0,100.0,0.0,100.0,5.0,1.0,874192.0,25,25,100,0,100,0,200,0,100.0,33239.0,100.0,26719380009.0,100.0,311032603875.0
2018-09-20,S3007BWN,ST4000DM000,4000787030016,0,114,81627384,92,0,100,22,100,0,81,160407811,56,39301,100,0,100,22,99.0,1.0,100.0,0.0,100.0,0.0,100.0,0.0,94.0,6.0,75.0,25.0,100.0,0.0,100.0,5.0,1.0,874192.0,25,25,100,0,100,0,200,0,100.0,33263.0,100.0,26719380648.0,100.0,311228429394.0
2018-09-21,S3007BWN,ST4000DM000,4000787030016,0,108,17708448,92,0,100,22,100,0,81,160767051,56,39326,100,0,100,22,99.0,1.0,100.0,0.0,100.0,0.0,100.0,0.0,94.0,6.0,75.0,25.0,100.0,0.0,100.0,5.0,1.0,874192.0,25,25,100,0,100,0,200,0,100.0,33288.0,100.0,26719381377.0,100.0,311424277923.0
2018-09-22,S3007BWN,ST4000DM000,4000787030016,0,115,85404464,92,0,100,22,100,0,81,161094046,56,39350,100,0,100,22,99.0,1.0,100.0,0.0,100.0,0.0,100.0,0.0,94.0,6.0,76.0,24.0,100.0,0.0,100.0,5.0,1.0,874192.0,24,24,100,0,100,0,200,0,100.0,33312.0,100.0,26719381998.0,100.0,311611677769.0
2018-09-23,S3007BWN,ST4000DM000,4000787030016,0,119,212764632,92,0,100,22,100,0,81,161375498,56,39373,100,0,100,22,99.0,1.0,100.0,0.0,100.0,0.0,100.0,0.0,94.0,6.0,76.0,24.0,100.0,0.0,100.0,5.0,1.0,874194.0,24,24,100,0,100,0,200,0,100.0,33335.0,100.0,26719382646.0,100.0,311772353131.0
2018-09-24,S3007BWN,ST4000DM000,4000787030016,0,118,189611744,92,0,100,22,100,0,81,161680265,56,39397,100,0,100,22,99.0,1.0,100.0,0.0,100.0,0.0,100.0,0.0,94.0,6.0,75.0,25.0,100.0,0.0,100.0,5.0,1.0,874195.0,25,25,100,0,100,0,200,0,100.0,33359.0,100.0,26719383294.0,100.0,311953183141.0
2018-09-25,S3007BWN,ST4000DM000,4000787030016,0,118,177500056,92,0,100,22,100,0,81,161989135,55,39422,100,0,100,22,99.0,1.0,100.0,0.0,100.0,0.0,100.0,0.0,94.0,6.0,76.0,24.0,100.0,0.0,100.0,5.0,1.0,874195.0,24,24,100,0,100,0,200,0,100.0,33384.0,100.0,26719383960.0,100.0,312133823796.0
2018-09-26,S3007BWN,ST4000DM000,4000787030016,0,119,206416992,92,0,100,22,100,0,81,162317851,55,39445,100,0,100,22,99.0,1.0,100.0,0.0,100.0,0.0,100.0,0.0,94.0,6.0,76.0,24.0,100.0,0.0,100.0,5.0,1.0,874199.0,24,24,100,0,100,0,200,0,100.0,33407.0,100.0,26719384608.0,100.0,312316819144.0
2018-09-27,S3007BWN,ST4000DM000,4000787030016,0,119,222196536,92,0,100,22,100,0,81,162646225,55,39469,100,0,100,22,99.0,1.0,100.0,0.0,100.0,0.0,100.0,0.0,94.0,6.0,76.0,24.0,100.0,0.0,100.0,5.0,1.0,874204.0,24,24,100,0,100,0,200,0,100.0,33431.0,100.0,26719385256.0,100.0,312502817378.0
2018-09-28,S3007BWN,ST4000DM000,4000787030016,0,118,186298440,92,0,100,22,100,0,81,163102237,55,39496,100,0,100,22,99.0,1.0,100.0,0.0,100.0,0.0,100.0,0.0,94.0,6.0,75.0,25.0,100.0,0.0,100.0,5.0,1.0,874208.0,25,25,100,0,100,0,200,0,100.0,33458.0,100.0,26719385985.0,100.0,312744217288.0
2018-09-29,S3007BWN,ST4000DM000,4000787030016,0,119,225473544,92,0,100,22,100,0,81,163247572,55,39521,100,0,100,22,99.0,1.0,100.0,0.0,100.0,0.0,100.0,0.0,94.0,6.0,76.0,24.0,100.0,0.0,100.0,5.0,1.0,874728.0,24,24,100,0,100,0,200,0,100.0,33479.0,100.0,26719386642.0,100.0,312839963932.0
2018-09-30,S3007BWN,ST4000DM000,4000787030016,0,112,44184752,92,0,100,22,100,0,81,163331539,55,39544,100,0,100,22,99.0,1.0,100.0,0.0,100.0,0.0,100.0,0.0,94.0,6.0,75.0,25.0,100.0,0.0,100.0,5.0,1.0,876014.0,25,25,100,0,100,0,200,0,100.0,33492.0,100.0,26719387290.0,100.0,312888665064.0
2018-10-01,S3007BWN,ST4000DM000,4000787030016,0,119,213183912,92,0,100,22,100,0,81,164132053,55,39568,100,0,100,22,99.0,1.0,100.0,0.0,100.0,0.0,100.0,0.0,94.0,6.0,75.0,25.0,100.0,0.0,100.0,5.0,1.0,876014.0,25,25,100,0,100,0,200,0,100.0,33516.0,100.0,26719387938.0,100.0,313297182116.0
2018-10-02,S3007BWN,ST4000DM000,4000787030016,0,111,36337272,92,0,100,22,100,0,81,164808194,55,39593,100,0,100,22,99.0,1.0,100.0,0.0,100.0,0.0,100.0,0.0,94.0,6.0,75.0,25.0,100.0,0.0,100.0,5.0,1.0,876016.0,25,25,100,0,100,0,200,0,100.0,33541.0,100.0,26719388586.0,100.0,313672167482.0
2018-10-03,S3007BWN,ST4000DM000,4000787030016,0,118,200414544,92,0,100,22,100,0,81,165355985,55,39617,100,0,100,22,99.0,1.0,100.0,0.0,100.0,0.0,100.0,0.0,94.0,6.0,75.0,25.0,100.0,0.0,100.0,5.0,1.0,876017.0,25,25,100,0,100,0,200,0,100.0,33565.0,100.0,26719389234.0,100.0,313973775986.0
2018-10-04,S3007BWN,ST4000DM000,4000787030016,0,117.0,120971720.0,92.0,0.0,100.0,22.0,100.0,0.0,81.0,165736552.0,55.0,39640.0,100.0,0.0,100.0,22.0,99.0,1.0,100.0,0.0,100.0,0.0,100.0,0.0,94.0,6.0,75.0,25.0,100.0,0.0,100.0,5.0,1.0,876030.0,25.0,25.0,100.0,0.0,100.0,0.0,200.0,0.0,100.0,33588.0,100.0,26719389882.0,100.0,314201989664.0
2018-10-05,S3007BWN,ST4000DM000,4000787030016,0,118,179584632,92,0,100,22,100,0,81,166156350,55,39664,100,0,100,22,99.0,1.0,100.0,0.0,100.0,0.0,100.0,0.0,94.0,6.0,74.0,26.0,100.0,0.0,100.0,5.0,1.0,876030.0,26,26,100,0,100,0,200,0,100.0,33612.0,100.0,26719390530.0,100.0,314434350352.0
2018-10-06,S3007BWN,ST4000DM000,4000787030016,0,117,154644656,92,0,100,22,100,0,81,166559877,55,39689,100,0,100,22,99.0,1.0,100.0,0.0,100.0,0.0,100.0,0.0,94.0,6.0,74.0,26.0,100.0,0.0,100.0,5.0,1.0,876034.0,26,26,100,0,100,0,200,0,100.0,33637.0,100.0,26719391196.0,100.0,314657502468.0
2018-10-07,S3007BWN,ST4000DM000,4000787030016,0,118,170765304,92,0,100,22,100,0,81,166970001,55,39712,100,0,100,22,99.0,1.0,100.0,0.0,100.0,0.0,100.0,0.0,94.0,6.0,74.0,26.0,100.0,0.0,100.0,5.0,1.0,876035.0,26,26,100,0,100,0,200,0,100.0,33660.0,100.0,26719391844.0,100.0,314886784677.0
2018-10-08,S3007BWN,ST4000DM000,4000787030016,0,117,130127392,92,0,100,22,100,0,81,167380560,55,39736,100,0,100,22,99.0,1.0,100.0,0.0,100.0,0.0,100.0,0.0,94.0,6.0,73.0,27.0,100.0,0.0,100.0,5.0,1.0,876039.0,27,27,100,0,100,0,200,0,100.0,33684.0,100.0,26719392492.0,100.0,315107807334.0
2018-10-09,S3007BWN,ST4000DM000,4000787030016,0,119.0,220410552.0,92.0,0.0,100.0,22.0,100.0,0.0,81.0,167685335.0,55.0,39752.0,100.0,0.0,100.0,22.0,99.0,1.0,100.0,0.0,100.0,0.0,100.0,0.0,94.0,6.0,74.0,26.0,100.0,0.0,100.0,5.0,1.0,876040.0,26.0,26.0,100.0,0.0,100.0,0.0,200.0,0.0,100.0,33700.0,100.0,26719392924.0,100.0,315268148642.0
2018-10-10,S3007BWN,ST4000DM000,4000787030016,0,104,7046632,92,0,100,22,100,0,82,167899815,55,39784,100,0,100,22,99.0,1.0,100.0,0.0,100.0,0.0,100.0,0.0,94.0,6.0,76.0,24.0,100.0,0.0,100.0,5.0,1.0,876747.0,24,24,100,0,100,0,200,0,100.0,33728.0,100.0,26719393788.0,100.0,315398673129.0
2018-10-11,S3007BWN,ST4000DM000,4000787030016,0,111,39249872,92,0,100,22,100,0,82,167904828,55,39808,100,0,100,22,99.0,1.0,100.0,0.0,100.0,0.0,100.0,0.0,94.0,6.0,76.0,24.0,100.0,0.0,100.0,5.0,1.0,878173.0,24,24,100,0,100,0,200,0,100.0,33740.0,100.0,26719394409.0,100.0,315430725394.0
2018-10-12,S3007BWN,ST4000DM000,4000787030016,0,114,80848272,92,0,100,22,100,0,82,167912062,55,39833,100,0,100,22,99.0,1.0,100.0,0.0,100.0,0.0,100.0,0.0,94.0,6.0,75.0,25.0,100.0,0.0,100.0,5.0,1.0,879612.0,25,25,100,0,100,0,200,0,100.0,33754.0,100.0,26719395084.0,100.0,315466616753.0
2018-10-13,S3007BWN,ST4000DM000,4000787030016,0,119,204129312,92,0,100,22,100,0,82,168274517,55,39857,100,0,100,22,99.0,1.0,100.0,0.0,100.0,0.0,100.0,0.0,94.0,6.0,74.0,26.0,100.0,0.0,100.0,5.0,1.0,880329.0,26,26,100,0,100,0,200,0,100.0,33772.0,100.0,26719395750.0,100.0,315651235241.0
2018-10-14,S3007BWN,ST4000DM000,4000787030016,0,118,199295520,92,0,100,22,100,0,82,168941897,55,39880,100,0,100,22,99.0,1.0,100.0,0.0,100.0,0.0,100.0,0.0,94.0,6.0,74.0,26.0,100.0,0.0,100.0,5.0,1.0,880331.0,26,26,100,0,100,0,200,0,100.0,33796.0,100.0,26719396407.0,100.0,315988706967.0
2018-10-15,S3007BWN,ST4000DM000,4000787030016,0,114,67204072,92,0,100,22,100,0,82,169655155,55,39905,100,0,100,22,99.0,1.0,100.0,0.0,100.0,0.0,100.0,0.0,94.0,6.0,74.0,26.0,100.0,0.0,100.0,5.0,1.0,880331.0,26,26,100,0,100,0,200,0,100.0,33820.0,100.0,26719397082.0,100.0,316349256491.0
2018-10-16,S3007BWN,ST4000DM000,4000787030016,0,117,118123512,92,0,100,22,100,0,82,170249575,55,39929,100,0,100,22,99.0,1.0,100.0,0.0,100.0,0.0,100.0,0.0,94.0,6.0,74.0,26.0,100.0,0.0,100.0,5.0,1.0,880332.0,26,26,100,0,100,0,200,0,100.0,33844.0,100.0,26719397703.0,100.0,316636849775.0
2018-10-17,S3007BWN,ST4000DM000,4000787030016,0,114,73591776,92,0,100,22,100,0,82,170640472,55,39952,100,0,100,22,99.0,1.0,100.0,0.0,100.0,0.0,100.0,0.0,94.0,6.0,73.0,27.0,100.0,0.0,100.0,5.0,1.0,880345.0,27,27,100,0,100,0,200,0,100.0,33868.0,100.0,26719398324.0,100.0,316833616894.0
2018-10-18,S3007BWN,ST4000DM000,4000787030016,0,119,231062896,92,0,100,22,100,0,82,171086894,55,39976,100,0,100,22,99.0,1.0,100.0,0.0,100.0,0.0,100.0,0.0,94.0,6.0,74.0,26.0,100.0,0.0,100.0,5.0,1.0,880345.0,26,26,100,0,100,0,200,0,100.0,33892.0,100.0,26719398999.0,100.0,317065869637.0
2018-10-19,S3007BWN,ST4000DM000,4000787030016,0,118,182918464,92,0,100,22,100,0,82,171463623,55,39995,100,0,100,22,99.0,1.0,100.0,0.0,100.0,0.0,100.0,0.0,94.0,6.0,74.0,26.0,100.0,0.0,100.0,5.0,1.0,880346.0,26,26,100,0,100,0,200,0,100.0,33911.0,100.0,26719399539.0,100.0,317269103603.0
2018-10-20,S3007BWN,ST4000DM000,4000787030016,0,113,54863160,92,0,100,22,100,0,82,171970662,55,40019,100,0,100,22,99.0,1.0,100.0,0.0,100.0,0.0,100.0,0.0,94.0,6.0,74.0,26.0,100.0,0.0,100.0,5.0,1.0,880349.0,26,26,100,0,100,0,200,0,100.0,33935.0,100.0,26719400187.0,100.0,317532315054.0
2018-10-21,S3007BWN,ST4000DM000,4000787030016,0,110,28848600,92,0,100,22,100,0,82,172519746,55,40044,100,0,100,22,99.0,1.0,100.0,0.0,100.0,0.0,100.0,0.0,94.0,6.0,74.0,26.0,100.0,0.0,100.0,5.0,1.0,880349.0,26,26,100,0,100,0,200,0,100.0,33959.0,100.0,26719400835.0,100.0,317814149692.0
2018-10-22,S3007BWN,ST4000DM000,4000787030016,0,105,8812968,92,0,100,22,100,0,82,172739430,55,40067,100,0,100,22,99.0,1.0,100.0,0.0,100.0,0.0,100.0,0.0,94.0,6.0,74.0,26.0,100.0,0.0,100.0,5.0,1.0,880381.0,26,26,100,0,100,0,200,0,100.0,33983.0,100.0,26719401483.0,100.0,317940135213.0
2018-10-23,S3007BWN,ST4000DM000,4000787030016,0,114,63774152,92,0,100,22,100,0,82,172749868,55,40091,100,0,100,22,99.0,1.0,100.0,0.0,100.0,0.0,100.0,0.0,94.0,6.0,74.0,26.0,100.0,0.0,100.0,5.0,1.0,881439.0,26,26,100,0,100,0,200,0,100.0,33998.0,100.0,26719402104.0,100.0,317966986084.0
2018-10-25,S3007BWN,ST4000DM000,4000787030016,0,117,118592272,92,0,100,22,100,0,82,172760774,55,40142,100,0,100,22,99.0,1.0,100.0,0.0,100.0,0.0,100.0,0.0,94.0,6.0,74.0,26.0,100.0,0.0,100.0,5.0,1.0,884431.0,26,26,100,0,100,0,200,0,100.0,34025.0,100.0,26719403481.0,100.0,318021436164.0
2018-10-26,S3007BWN,ST4000DM000,4000787030016,0,117,144823976,92,0,100,22,100,0,82,172766033,55,40166,100,0,100,22,99.0,1.0,100.0,0.0,100.0,0.0,100.0,0.0,94.0,6.0,74.0,26.0,100.0,0.0,100.0,5.0,1.0,885902.0,26,26,100,0,100,0,200,0,100.0,34038.0,100.0,26719404156.0,100.0,318047410420.0
2018-10-27,S3007BWN,ST4000DM000,4000787030016,0,118,167779888,92,0,100,22,100,0,82,172771018,55,40190,100,0,100,22,99.0,1.0,100.0,0.0,100.0,0.0,100.0,0.0,94.0,6.0,74.0,26.0,100.0,0.0,100.0,5.0,1.0,887327.0,26,26,100,0,100,0,200,0,100.0,34050.0,100.0,26719404777.0,100.0,318070142132.0
2018-10-28,S3007BWN,ST4000DM000,4000787030016,0,118,192232688,92,0,100,22,100,0,82,172776110,55,40214,100,0,100,22,99.0,1.0,100.0,0.0,100.0,0.0,100.0,0.0,94.0,6.0,75.0,25.0,100.0,0.0,100.0,5.0,1.0,888752.0,25,25,100,0,100,0,200,0,100.0,34063.0,100.0,26719405425.0,100.0,318094332428.0
2018-10-29,S3007BWN,ST4000DM000,4000787030016,0,119,218647640,92,0,100,22,100,0,82,172781351,55,40238,100,0,100,22,99.0,1.0,100.0,0.0,100.0,0.0,100.0,0.0,94.0,6.0,75.0,25.0,100.0,0.0,100.0,5.0,1.0,890224.0,25,25,100,0,100,0,200,0,100.0,34076.0,100.0,26719406109.0,100.0,318120475076.0
2018-10-30,S3007BWN,ST4000DM000,4000787030016,0,120,242533936,92,0,100,22,100,0,82,172786413,55,40262,100,0,100,22,99.0,1.0,100.0,0.0,100.0,0.0,100.0,0.0,94.0,6.0,73.0,27.0,100.0,0.0,100.0,5.0,1.0,891648.0,27,27,100,0,100,0,200,0,100.0,34088.0,100.0,26719406730.0,100.0,318144131308.0
2018-10-31,S3007BWN,ST4000DM000,4000787030016,0,109,22384440,92.0,0.0,100.0,22.0,100.0,0.0,82.0,172791529.0,55,40286,100.0,0.0,100,22,99.0,1.0,100.0,0.0,100.0,0.0,100.0,0.0,94.0,6.0,73.0,27.0,100.0,0.0,100.0,5.0,1.0,893073.0,27,27,100.0,0.0,100.0,0.0,200.0,0.0,100.0,34101.0,100.0,26719407378.0,100.0,318168045244.0
2018-11-01,S3007BWN,ST4000DM000,4000787030016,0,111,32588976,92.0,0.0,100.0,22.0,100.0,0.0,82.0,172793332.0,55,40294,100.0,0.0,100,22,99.0,1.0,100.0,0.0,100.0,0.0,100.0,0.0,94.0,6.0,74.0,26.0,100.0,0.0,100.0,5.0,1.0,893579.0,26,26,100.0,0.0,100.0,0.0,200.0,0.0,100.0,34105.0,100.0,26719407621.0,100.0,318178153116.0
