2018-01-01,Z304L97T,ST4000DM000,4000787030016,0,111,30494528,96,0,100,4,100,0,89,909434109,79,18608,100,0,100,4,100.0,0.0,100.0,0.0,100.0,0.0,100.0,0.0,100.0,0.0,78.0,22.0,100.0,0.0,100.0,0.0,98.0,4673.0,22,22,100,0,100,0,200,0,100.0,18560.0,100.0,42664687752.0,100.0,70879592434.0
2018-01-02,Z304L97T,ST4000DM000,4000787030016,0,119,201875232,96,0,100,4,100,0,89,910775818,79,18632,100,0,100,4,100.0,0.0,100.0,0.0,100.0,0.0,100.0,0.0,100.0,0.0,78.0,22.0,100.0,0.0,100.0,0.0,98.0,4673.0,22,22,100,0,100,0,200,0,100.0,18584.0,100.0,42678301848.0,100.0,71008463267.0
2018-01-03,Z304L97T,ST4000DM000,4000787030016,0,117,150636080,96,0,100,4,100,0,89,911596316,79,18655,100,0,100,4,100.0,0.0,100.0,0.0,100.0,0.0,100.0,0.0,100.0,0.0,78.0,22.0,100.0,0.0,100.0,0.0,98.0,4673.0,22,22,100,0,100,0,200,0,100.0,18608.0,100.0,42689301536.0,100.0,71133640035.0
2018-01-04,Z304L97T,ST4000DM000,4000787030016,0,114,65202776,96,0,100,4,100,0,89,912275235,79,18672,100,0,100,4,100.0,0.0,100.0,0.0,100.0,0.0,100.0,0.0,100.0,0.0,77.0,23.0,100.0,0.0,100.0,0.0,98.0,4673.0,23,23,100,0,100,0,200,0,100.0,18624.0,100.0,42697922040.0,100.0,71234655612.0
2018-01-05,Z304L97T,ST4000DM000,4000787030016,0,118.0,169676632.0,96.0,0.0,100.0,4.0,100.0,0.0,89.0,913277141.0,79.0,18696.0,100.0,0.0,100.0,4.0,100.0,0.0,100.0,0.0,100.0,0.0,100.0,0.0,100.0,0.0,77.0,23.0,100.0,0.0,100.0,0.0,98.0,4674.0,23.0,23.0,100.0,0.0,100.0,0.0,200.0,0.0,100.0,18648.0,100.0,42710954392.0,100.0,71390797582.0
2018-01-06,Z304L97T,ST4000DM000,4000787030016,0,117,161341152,95,0,100,5,100,0,89,915090339,79,18727,100,0,100,5,100.0,0.0,100.0,0.0,100.0,0.0,100.0,0.0,100.0,0.0,76.0,24.0,100.0,0.0,100.0,1.0,98.0,4679.0,24,24,100,0,100,0,200,0,100.0,18680.0,100.0,42726318312.0,100.0,71632726541.0
2018-01-07,Z304L97T,ST4000DM000,4000787030016,0,118,196755288,95,0,100,5,100,0,89,916374681,79,18751,100,0,100,5,100.0,0.0,100.0,0.0,100.0,0.0,100.0,0.0,100.0,0.0,77.0,23.0,100.0,0.0,100.0,1.0,98.0,4679.0,23,23,100,0,100,0,200,0,100.0,18704.0,100.0,42741475536.0,100.0,71786991830.0
2018-01-08,Z304L97T,ST4000DM000,4000787030016,0,108,20865544,95,0,100,5,100,0,89,918321015,79,18775,100,0,100,5,100.0,0.0,100.0,0.0,100.0,0.0,100.0,0.0,100.0,0.0,77.0,23.0,100.0,0.0,100.0,1.0,98.0,4679.0,23,23,100,0,100,0,200,0,100.0,18728.0,100.0,42755204288.0,100.0,71959397023.0
2018-01-09,Z304L97T,ST4000DM000,4000787030016,0,111,31357448,95,0,100,5,100,0,89,921040852,79,18799,100,0,100,5,100.0,0.0,100.0,0.0,100.0,0.0,100.0,0.0,100.0,0.0,77.0,23.0,100.0,0.0,100.0,1.0,98.0,4679.0,23,23,100,0,100,0,200,0,100.0,18751.0,100.0,42769605856.0,100.0,72142829176.0
2018-01-10,Z304L97T,ST4000DM000,4000787030016,0,117,135930320,95,0,100,5,100,0,89,922488850,79,18823,100,0,100,5,100.0,0.0,100.0,0.0,100.0,0.0,100.0,0.0,100.0,0.0,76.0,24.0,100.0,0.0,100.0,1.0,98.0,4679.0,24,24,100,0,100,0,200,0,100.0,18775.0,100.0,42789762848.0,100.0,72315565040.0
2018-01-11,Z304L97T,ST4000DM000,4000787030016,0,117,123601232,95,0,100,5,100,0,89,923815974,79,18849,100,0,100,5,100.0,0.0,100.0,0.0,100.0,0.0,100.0,0.0,100.0,0.0,76.0,24.0,100.0,0.0,100.0,0.0,98.0,4680.0,24,24,100,0,100,0,200,0,100.0,18802.0,100.0,42816062640.0,100.0,72479703348.0
2018-01-12,Z304L97T,ST4000DM000,4000787030016,0,118,190694720,95,0,100,5,100,0,89,924852648,79,18873,100,0,100,5,100.0,0.0,100.0,0.0,100.0,0.0,100.0,0.0,100.0,0.0,75.0,25.0,100.0,0.0,100.0,0.0,98.0,4680.0,25,25,100,0,100,0,200,0,100.0,18826.0,100.0,42831411072.0,100.0,72635102066.0
2018-01-13,Z304L97T,ST4000DM000,4000787030016,0,115.0,88263416.0,95.0,0.0,100.0,5.0,100,0,89.0,926799959.0,79,18897,100.0,0.0,100,5,100.0,0.0,100.0,0.0,100.0,0.0,100.0,0.0,100.0,0.0,77.0,23.0,100.0,0.0,100.0,0.0,98.0,4680.0,23.0,23.0,100.0,0.0,100.0,0.0,200,0,100.0,18850.0,100.0,42867200552.0,100.0,72805178751.0
2018-01-14,Z304L97T,ST4000DM000,4000787030016,0,114.0,65543880.0,95.0,0.0,100.0,5.0,100,0,89.0,927779852.0,79,18921,100.0,0.0,100,5,100.0,0.0,100.0,0.0,100.0,0.0,100.0,0.0,100.0,0.0,76.0,24.0,100.0,0.0,100.0,0.0,98.0,4680.0,24.0,24.0,100.0,0.0,100.0,0.0,200,0,100.0,18873.0,100.0,42888660408.0,100.0,72935934520.0
2018-01-15,Z304L97T,ST4000DM000,4000787030016,0,114.0,72263184.0,95.0,0.0,100.0,5.0,100,0,89.0,929407424.0,79,18946,100.0,0.0,100,5,100.0,0.0,100.0,0.0,100.0,0.0,100.0,0.0,100.0,0.0,76.0,24.0,100.0,0.0,100.0,0.0,98.0,4680.0,24.0,24.0,100.0,0.0,100.0,0.0,200,0,100.0,18898.0,100.0,42912884632.0,100.0,73080760144.0
2018-01-16,Z304L97T,ST4000DM000,4000787030016,0,119.0,221101472.0,95.0,0.0,100.0,5.0,100,0,89.0,930222834.0,79,18969,100.0,0.0,100,5,100.0,0.0,100.0,0.0,100.0,0.0,100.0,0.0,100.0,0.0,76.0,24.0,100.0,0.0,100.0,0.0,98.0,4680.0,24.0,24.0,100.0,0.0,100.0,0.0,200,0,100.0,18921.0,100.0,42923398648.0,100.0,73223820599.0
2018-01-17,Z304L97T,ST4000DM000,4000787030016,0,111.0,36151752.0,95.0,0.0,100.0,5.0,100,0,89.0,930895032.0,79,18994,100.0,0.0,100,5,100.0,0.0,100.0,0.0,100.0,0.0,100.0,0.0,100.0,0.0,77.0,23.0,100.0,0.0,100.0,0.0,98.0,4680.0,23.0,23.0,100.0,0.0,100.0,0.0,200,0,100.0,18946.0,100.0,42939074672.0,100.0,73388596562.0
2018-01-18,Z304L97T,ST4000DM000,4000787030016,0,117.0,159253496.0,95.0,0.0,100.0,5.0,100.0,0.0,89.0,931239476.0,79.0,19008.0,100.0,0.0,100.0,5.0,100.0,0.0,100.0,0.0,100.0,0.0,100.0,0.0,100.0,0.0,77.0,23.0,100.0,0.0,100.0,0.0,98.0,4680.0,23.0,23.0,100.0,0.0,100.0,0.0,200.0,0.0,100.0,18961.0,100.0,42948510488.0,100.0,73503458678.0
2018-01-19,Z304L97T,ST4000DM000,4000787030016,0,119.0,208122232.0,95.0,0.0,100.0,5.0,100.0,0.0,89.0,931908974.0,79.0,19032.0,100.0,0.0,100.0,5.0,100.0,0.0,100.0,0.0,100.0,0.0,100.0,0.0,100.0,0.0,77.0,23.0,100.0,0.0,100.0,0.0,98.0,4680.0,23.0,23.0,100.0,0.0,100.0,0.0,200.0,0.0,100.0,18985.0,100.0,42964136152.0,100.0,73673836017.0
2018-01-20,Z304L97T,ST4000DM000,4000787030016,0,119.0,214495344.0,95.0,0.0,100.0,5.0,100,0,89.0,934462747.0,79,19056,100.0,0.0,100,5,100.0,0.0,100.0,0.0,100.0,0.0,100.0,0.0,100.0,0.0,76.0,24.0,100.0,0.0,100.0,0.0,98.0,4680.0,24.0,24.0,100.0,0.0,100.0,0.0,200,0,100.0,19009.0,100.0,42983957224.0,100.0,73879803556.0
2018-01-21,Z304L97T,ST4000DM000,4000787030016,0,116.0,102101368.0,95.0,0.0,100.0,5.0,100,0,89.0,935096269.0,79,19080,100.0,0.0,100,5,100.0,0.0,100.0,0.0,100.0,0.0,100.0,0.0,100.0,0.0,77.0,23.0,100.0,0.0,100.0,0.0,98.0,4680.0,23.0,23.0,100.0,0.0,100.0,0.0,200,0,100.0,19032.0,100.0,42999070088.0,100.0,74066512592.0
2018-01-22,Z304L97T,ST4000DM000,4000787030016,0,120.0,241801440.0,95.0,0.0,100.0,5.0,100,0,89.0,935749729.0,79,19105,100.0,0.0,100,5,100.0,0.0,100.0,0.0,100.0,0.0,100.0,0.0,100.0,0.0,77.0,23.0,100.0,0.0,100.0,0.0,98.0,4680.0,23.0,23.0,100.0,0.0,100.0,0.0,200,0,100.0,19057.0,100.0,43016624736.0,100.0,74231536494.0
2018-01-23,Z304L97T,ST4000DM000,4000787030016,0,117.0,126266784.0,95.0,0.0,100.0,5.0,100,0,89.0,937021375.0,79,19129,100.0,0.0,100,5,100.0,0.0,100.0,0.0,100.0,0.0,100.0,0.0,100.0,0.0,77.0,23.0,100.0,0.0,100.0,0.0,98.0,4680.0,23.0,23.0,100.0,0.0,100.0,0.0,200,0,100.0,19081.0,100.0,43035560936.0,100.0,74390287425.0
2018-01-24,Z304L97T,ST4000DM000,4000787030016,0,117.0,157821608.0,95.0,0.0,100.0,5.0,100,0,89.0,937904061.0,79,19160,100.0,0.0,100,5,100.0,0.0,100.0,0.0,100.0,0.0,100.0,0.0,100.0,0.0,77.0,23.0,100.0,0.0,100.0,0.0,98.0,4680.0,23.0,23.0,100.0,0.0,100.0,0.0,200,0,100.0,19112.0,100.0,43061135640.0,100.0,74630391080.0
2018-01-25,Z304L97T,ST4000DM000,4000787030016,0,115.0,90272576.0,95.0,0.0,100.0,5.0,100,0,89.0,938614681.0,79,19176,100.0,0.0,100,5,100.0,0.0,100.0,0.0,100.0,0.0,100.0,0.0,100.0,0.0,77.0,23.0,100.0,0.0,100.0,0.0,98.0,4680.0,23.0,23.0,100.0,0.0,100.0,0.0,200,0,100.0,19129.0,100.0,43075136416.0,100.0,74754825550.0
2018-01-26,Z304L97T,ST4000DM000,4000787030016,0,116.0,113320304.0,95.0,0.0,100.0,5.0,100,0,90.0,939546222.0,79,19201,100.0,0.0,100,5,100.0,0.0,100.0,0.0,100.0,0.0,100.0,0.0,100.0,0.0,77.0,23.0,100.0,0.0,100.0,0.0,98.0,4681.0,23.0,23.0,100.0,0.0,100.0,0.0,200,0,100.0,19153.0,100.0,43101917096.0,100.0,74899799183.0
2018-01-27,Z304L97T,ST4000DM000,4000787030016,0,117.0,149968856.0,95.0,0.0,100.0,5.0,100,0,90.0,941312925.0,79,19225,100.0,0.0,100,5,100.0,0.0,100.0,0.0,100.0,0.0,100.0,0.0,100.0,0.0,77.0,23.0,100.0,0.0,100.0,0.0,98.0,4681.0,23.0,23.0,100.0,0.0,100.0,0.0,200,0,100.0,19177.0,100.0,43117657472.0,100.0,75088928854.0
2018-01-28,Z304L97T,ST4000DM000,4000787030016,0,115.0,88188560.0,95.0,0.0,100.0,5.0,100,0,90.0,942338712.0,79,19249,100.0,0.0,100,5,100.0,0.0,100.0,0.0,100.0,0.0,100.0,0.0,100.0,0.0,77.0,23.0,100.0,0.0,100.0,0.0,98.0,4681.0,23.0,23.0,100.0,0.0,100.0,0.0,200,0,100.0,19201.0,100.0,43129609872.0,100.0,75256591618.0
2018-01-29,Z304L97T,ST4000DM000,4000787030016,0,120.0,959648.0,95.0,0.0,100.0,5.0,100,0,90.0,943895452.0,78,19273,100.0,0.0,100,5,100.0,0.0,100.0,0.0,100.0,0.0,100.0,0.0,100.0,0.0,77.0,23.0,100.0,0.0,100.0,0.0,98.0,4681.0,23.0,23.0,100.0,0.0,100.0,0.0,200,0,100.0,19225.0,100.0,43150274960.0,100.0,75432762534.0
2018-01-30,Z304L97T,ST4000DM000,4000787030016,0,118.0,170786184.0,95.0,0.0,100.0,5.0,100,0,90.0,947440918.0,78,19305,100.0,0.0,100,5,100.0,0.0,100.0,0.0,100.0,0.0,100.0,0.0,100.0,0.0,77.0,23.0,100.0,0.0,100.0,0.0,98.0,4681.0,23.0,23.0,100.0,0.0,100.0,0.0,200,0,100.0,19257.0,100.0,43190584688.0,100.0,75646821005.0
2018-01-31,Z304L97T,ST4000DM000,4000787030016,0,120.0,235344152.0,95.0,0.0,100.0,5.0,100.0,0.0,90.0,948828143.0,78.0,19329.0,100.0,0.0,100.0,5.0,100.0,0.0,100.0,0.0,100.0,0.0,100.0,0.0,100.0,0.0,77.0,23.0,100.0,0.0,100.0,0.0,98.0,4681.0,23.0,23.0,100.0,0.0,100.0,0.0,200.0,0.0,100.0,19281.0,100.0,43207181528.0,100.0,75833972710.0
2018-02-01,Z304L97T,ST4000DM000,4000787030016,0,119.0,203993800.0,95.0,0.0,100.0,5.0,100,0,90.0,949814485.0,78,19353,100.0,0.0,100,5,100.0,0.0,100.0,0.0,100.0,0.0,100.0,0.0,100.0,0.0,76.0,24.0,100.0,0.0,100.0,0.0,98.0,4681.0,24.0,24.0,100.0,0.0,100.0,0.0,200,0,100.0,19305.0,100.0,43219979200.0,100.0,75991737669.0
2018-02-02,Z304L97T,ST4000DM000,4000787030016,0,117.0,140504488.0,95.0,0.0,100.0,5.0,100,0,90.0,950698534.0,78,19377,100.0,0.0,100,5,100.0,0.0,100.0,0.0,100.0,0.0,100.0,0.0,100.0,0.0,77.0,23.0,100.0,0.0,100.0,0.0,98.0,4681.0,23.0,23.0,100.0,0.0,100.0,0.0,200,0,100.0,19329.0,100.0,43233874160.0,100.0,76165927401.0
2018-02-03,Z304L97T,ST4000DM000,4000787030016,0,118.0,188660864.0,95.0,0.0,100.0,5.0,100,0,90.0,952353480.0,78,19401,100.0,0.0,100,5,100.0,0.0,100.0,0.0,100.0,0.0,100.0,0.0,100.0,0.0,77.0,23.0,100.0,0.0,100.0,0.0,98.0,4681.0,23.0,23.0,100.0,0.0,100.0,0.0,200,0,100.0,19353.0,100.0,43253537440.0,100.0,76337800829.0
2018-02-04,Z304L97T,ST4000DM000,4000787030016,0,118.0,192263184.0,95.0,0.0,100.0,5.0,100,0,90.0,953142413.0,78,19421,100.0,0.0,100,5,100.0,0.0,100.0,0.0,100.0,0.0,100.0,0.0,100.0,0.0,77.0,23.0,100.0,0.0,100.0,0.0,98.0,4681.0,23.0,23.0,100.0,0.0,100.0,0.0,200,0,100.0,19373.0,100.0,43264751520.0,100.0,76462951860.0
2018-02-05,Z304L97T,ST4000DM000,4000787030016,0,115.0,84605872.0,95.0,0.0,100.0,5.0,100,0,90.0,954415052.0,78,19445,100.0,0.0,100,5,100.0,0.0,100.0,0.0,100.0,0.0,100.0,0.0,100.0,0.0,77.0,23.0,100.0,0.0,100.0,0.0,98.0,4681.0,23.0,23.0,100.0,0.0,100.0,0.0,200,0,100.0,19397.0,100.0,43284704088.0,100.0,76631626520.0
2018-02-06,Z304L97T,ST4000DM000,4000787030016,0,111.0,38767472.0,95.0,0.0,100.0,5.0,100,0,90.0,955889759.0,78,19469,100.0,0.0,100,5,100.0,0.0,100.0,0.0,100.0,0.0,100.0,0.0,100.0,0.0,77.0,23.0,100.0,0.0,100.0,0.0,98.0,4681.0,23.0,23.0,100.0,0.0,100.0,0.0,200,0,100.0,19422.0,100.0,43308458112.0,100.0,76750016155.0
2018-02-07,Z304L97T,ST4000DM000,4000787030016,0,105.0,9134048.0,95.0,0.0,100.0,5.0,100,0,90.0,957155981.0,78,19493,100.0,0.0,100,5,100.0,0.0,100.0,0.0,100.0,0.0,100.0,0.0,100.0,0.0,76.0,24.0,100.0,0.0,100.0,0.0,98.0,4681.0,24.0,24.0,100.0,0.0,100.0,0.0,200,0,100.0,19445.0,100.0,43321910408.0,100.0,76911355076.0
2018-02-08,Z304L97T,ST4000DM000,4000787030016,0,114.0,59459872.0,95.0,0.0,100.0,5.0,100,0,90.0,958130231.0,78,19519,100.0,0.0,100,5,100.0,0.0,100.0,0.0,100.0,0.0,100.0,0.0,100.0,0.0,76.0,24.0,100.0,0.0,100.0,0.0,98.0,4683.0,24.0,24.0,100.0,0.0,100.0,0.0,200,0,100.0,19471.0,100.0,43333680792.0,100.0,77049574838.0
2018-02-09,Z304L97T,ST4000DM000,4000787030016,0,117,132761256,95,0,100,5,100,0,90,958952826,78,19543,100,0,100,5,100.0,0.0,100.0,0.0,100.0,0.0,100.0,0.0,100.0,0.0,77.0,23.0,100.0,0.0,100.0,0.0,98.0,4683.0,23,23,100,0,100,0,200,0,100.0,19495.0,100.0,43350031640.0,100.0,77198312930.0
2018-02-10,Z304L97T,ST4000DM000,4000787030016,0,117.0,118776672.0,95.0,0.0,100.0,5.0,100.0,0.0,90.0,961947181.0,78.0,19567.0,100.0,0.0,100.0,5.0,100.0,0.0,100.0,0.0,100.0,0.0,100.0,0.0,100.0,0.0,76.0,24.0,100.0,0.0,100.0,0.0,98.0,4683.0,24.0,24.0,100.0,0.0,100.0,0.0,200.0,0.0,100.0,19519.0,100.0,43375106920.0,100.0,77386930144.0
2018-02-11,Z304L97T,ST4000DM000,4000787030016,0,111,31463712,95,0,100,5,100,0,90,963084965,78,19591,100,0,100,5,100.0,0.0,100.0,0.0,100.0,0.0,100.0,0.0,100.0,0.0,74.0,26.0,100.0,0.0,100.0,0.0,98.0,4683.0,26,26,100,0,100,0,200,0,100.0,19543.0,100.0,43400473240.0,100.0,77545438888.0
2018-02-12,Z304L97T,ST4000DM000,4000787030016,0,115,92027248,95,0,100,5,100,0,90,964468915,78,19615,100,0,100,5,100.0,0.0,100.0,0.0,100.0,0.0,100.0,0.0,100.0,0.0,76.0,24.0,100.0,0.0,100.0,0.0,98.0,4683.0,24,24,100,0,100,0,200,0,100.0,19567.0,100.0,43426505208.0,100.0,77720046751.0
2018-02-13,Z304L97T,ST4000DM000,4000787030016,0,116,106553176,95,0,100,5,100,0,90,965807441,78,19639,100,0,100,5,100.0,0.0,100.0,0.0,100.0,0.0,100.0,0.0,100.0,0.0,76.0,24.0,100.0,0.0,100.0,0.0,98.0,4683.0,24,24,100,0,100,0,200,0,100.0,19591.0,100.0,43439760720.0,100.0,77879960035.0
2018-02-14,Z304L97T,ST4000DM000,4000787030016,0,117,140799088,95,0,100,5,100,0,90,966763402,78,19663,100,0,100,5,100.0,0.0,100.0,0.0,100.0,0.0,100.0,0.0,100.0,0.0,76.0,24.0,100.0,0.0,100.0,0.0,98.0,4683.0,24,24,100,0,100,0,200,0,100.0,19615.0,100.0,43449162280.0,100.0,78018318476.0
2018-02-15,Z304L97T,ST4000DM000,4000787030016,0,116,110046648,95,0,100,5,100,0,90,967941411,78,19687,100,0,100,5,100.0,0.0,100.0,0.0,100.0,0.0,100.0,0.0,100.0,0.0,76.0,24.0,100.0,0.0,100.0,0.0,98.0,4683.0,24,24,100,0,100,0,200,0,100.0,19639.0,100.0,43465076344.0,100.0,78219539779.0
2018-02-16,Z304L97T,ST4000DM000,4000787030016,0,114,66472744,95,0,100,5,100,0,90,968953986,78,19711,100,0,100,5,100.0,0.0,100.0,0.0,100.0,0.0,100.0,0.0,100.0,0.0,76.0,24.0,100.0,0.0,100.0,0.0,98.0,4683.0,24,24,100,0,100,0,200,0,100.0,19663.0,100.0,43484109064.0,100.0,78384369144.0
2018-02-17,Z304L97T,ST4000DM000,4000787030016,0,114,62807544,95,0,100,5,100,0,90,970643307,78,19735,100,0,100,5,100.0,0.0,100.0,0.0,100.0,0.0,100.0,0.0,100.0,0.0,76.0,24.0,100.0,0.0,100.0,0.0,98.0,4683.0,24,24,100,0,100,0,200,0,100.0,19687.0,100.0,43501253104.0,100.0,78557267341.0
2018-02-18,Z304L97T,ST4000DM000,4000787030016,0,117,132980384,95,0,100,5,100,0,90,971607741,78,19759,100,0,100,5,100.0,0.0,100.0,0.0,100.0,0.0,100.0,0.0,100.0,0.0,77.0,23.0,100.0,0.0,100.0,0.0,98.0,4683.0,23,23,100,0,100,0,200,0,100.0,19711.0,100.0,43518413384.0,100.0,78698676690.0
2018-02-19,Z304L97T,ST4000DM000,4000787030016,0,114,77178376,95,0,100,5,100,0,90,973002546,78,19782,100,0,100,5,100.0,0.0,100.0,0.0,100.0,0.0,100.0,0.0,100.0,0.0,77.0,23.0,100.0,0.0,100.0,0.0,98.0,4683.0,23,23,100,0,100,0,200,0,100.0,19735.0,100.0,43537025080.0,100.0,78849866703.0
2018-02-20,Z304L97T,ST4000DM000,4000787030016,0,119,213920904,95,0,100,5,100,0,90,974119098,78,19806,100,0,100,5,100.0,0.0,100.0,0.0,100.0,0.0,100.0,0.0,100.0,0.0,76.0,24.0,100.0,0.0,100.0,0.0,98.0,4683.0,24,24,100,0,100,0,200,0,100.0,19759.0,100.0,43551091448.0,100.0,78974332804.0
2018-02-21,Z304L97T,ST4000DM000,4000787030016,0,119,225875048,95,0,100,5,100,0,90,976483731,78,19831,100,0,100,5,100.0,0.0,100.0,0.0,100.0,0.0,100.0,0.0,100.0,0.0,76.0,24.0,100.0,0.0,100.0,0.0,98.0,4683.0,24,24,100,0,100,0,200,0,100.0,19783.0,100.0,43570494608.0,100.0,79153120089.0
2018-02-22,Z304L97T,ST4000DM000,4000787030016,0,119,232389616,95,0,100,5,100,0,90,977482300,78,19853,100,0,100,5,100.0,0.0,100.0,0.0,100.0,0.0,100.0,0.0,100.0,0.0,76.0,24.0,100.0,0.0,100.0,0.0,98.0,4684.0,24,24,100,0,100,0,200,0,100.0,19806.0,100.0,43588138448.0,100.0,79283884093.0
2018-02-23,Z304L97T,ST4000DM000,4000787030016,0,119,222855824,95,0,100,5,100,0,90,978164736,78,19878,100,0,100,5,100.0,0.0,100.0,0.0,100.0,0.0,100.0,0.0,100.0,0.0,76.0,24.0,100.0,0.0,100.0,0.0,98.0,4684.0,24,24,100,0,100,0,200,0,100.0,19830.0,100.0,43597767432.0,100.0,79408015342.0
2018-02-24,Z304L97T,ST4000DM000,4000787030016,0,118,191058256,95,0,100,5,100,0,90,980170874,78,19902,100,0,100,5,100.0,0.0,100.0,0.0,100.0,0.0,100.0,0.0,100.0,0.0,76.0,24.0,100.0,0.0,100.0,0.0,98.0,4684.0,24,24,100,0,100,0,200,0,100.0,19854.0,100.0,43613451928.0,100.0,79580327361.0
2018-02-25,Z304L97T,ST4000DM000,4000787030016,0,118,181791184,95,0,100,5,100,0,90,981741739,78,19925,100,0,100,5,100.0,0.0,100.0,0.0,100.0,0.0,100.0,0.0,100.0,0.0,76.0,24.0,100.0,0.0,100.0,0.0,98.0,4684.0,24,24,100,0,100,0,200,0,100.0,19878.0,100.0,43630239728.0,100.0,79755444927.0
2018-02-26,Z304L97T,ST4000DM000,4000787030016,0,118,187880808,95,0,100,5,100,0,90,983360387,78,19950,100,0,100,5,100.0,0.0,100.0,0.0,100.0,0.0,100.0,0.0,100.0,0.0,76.0,24.0,100.0,0.0,100.0,0.0,98.0,4684.0,24,24,100,0,100,0,200,0,100.0,19902.0,100.0,43643128584.0,100.0,79930283831.0
2018-02-27,Z304L97T,ST4000DM000,4000787030016,0,117,145583896,95,0,100,5,100,0,90,984982852,78,19974,100,0,100,5,100.0,0.0,100.0,0.0,100.0,0.0,100.0,0.0,100.0,0.0,76.0,24.0,100.0,0.0,100.0,0.0,98.0,4684.0,24,24,100,0,100,0,200,0,100.0,19926.0,100.0,43654399048.0,100.0,80090092860.0
2018-02-28,Z304L97T,ST4000DM000,4000787030016,0,117,165409344,95,0,100,5,100,0,90,986057218,78,19998,100,0,100,5,100.0,0.0,100.0,0.0,100.0,0.0,100.0,0.0,100.0,0.0,76.0,24.0,100.0,0.0,100.0,0.0,98.0,4684.0,24,24,100,0,100,0,200,0,100.0,19950.0,100.0,43668548744.0,100.0,80247967901.0
2018-03-01,Z304L97T,ST4000DM000,4000787030016,0,118,187605488,95,0,100,5,100,0,90,987049178,78,20025,100,0,100,5,100.0,0.0,100.0,0.0,100.0,0.0,100.0,0.0,100.0,0.0,77.0,23.0,100.0,0.0,100.0,0.0,98.0,4686.0,23,23,100,0,100,0,200,0,100.0,19977.0,100.0,43678995664.0,100.0,80403717664.0
2018-03-02,Z304L97T,ST4000DM000,4000787030016,0,104,6361352,95,0,100,5,100,0,90,987926577,78,20049,100,0,100,5,100.0,0.0,100.0,0.0,100.0,0.0,100.0,0.0,100.0,0.0,76.0,24.0,100.0,0.0,100.0,0.0,98.0,4686.0,24,24,100,0,100,0,200,0,100.0,20001.0,100.0,43686417360.0,100.0,80551804964.0
2018-03-03,Z304L97T,ST4000DM000,4000787030016,0,116,105082472,95,0,100,5,100,0,90,989438572,78,20073,100,0,100,5,100.0,0.0,100.0,0.0,100.0,0.0,100.0,0.0,100.0,0.0,76.0,24.0,100.0,0.0,100.0,0.0,98.0,4686.0,24,24,100,0,100,0,200,0,100.0,20025.0,100.0,43697585728.0,100.0,80716146782.0
2018-03-04,Z304L97T,ST4000DM000,4000787030016,0,117,140164368,95,0,100,5,100,0,90,991270460,78,20097,100,0,100,5,100.0,0.0,100.0,0.0,100.0,0.0,100.0,0.0,100.0,0.0,76.0,24.0,100.0,0.0,100.0,0.0,98.0,4686.0,24,24,100,0,100,0,200,0,100.0,20049.0,100.0,43701263208.0,100.0,80870884717.0
2018-03-05,Z304L97T,ST4000DM000,4000787030016,0,120,242025832,95,0,100,5,100,0,90,992353052,78,20121,100,0,100,5,100.0,0.0,100.0,0.0,100.0,0.0,100.0,0.0,100.0,0.0,76.0,24.0,100.0,0.0,100.0,0.0,98.0,4686.0,24,24,100,0,100,0,200,0,100.0,20073.0,100.0,43706771384.0,100.0,80991057201.0
2018-03-06,Z304L97T,ST4000DM000,4000787030016,0,118,182832704,95,0,100,5,100,0,90,992987246,78,20139,100,0,100,5,100.0,0.0,100.0,0.0,100.0,0.0,100.0,0.0,100.0,0.0,76.0,24.0,100.0,0.0,100.0,0.0,98.0,4686.0,24,24,100,0,100,0,200,0,100.0,20091.0,100.0,43710722544.0,100.0,81077686323.0
2018-03-07,Z304L97T,ST4000DM000,4000787030016,0,116.0,112531224.0,95.0,0.0,100.0,5.0,100.0,0.0,90.0,993684970.0,77.0,20163.0,100.0,0.0,100.0,5.0,100.0,0.0,100.0,0.0,100.0,0.0,100.0,0.0,100.0,0.0,77.0,23.0,100.0,0.0,100.0,0.0,98.0,4686.0,23.0,23.0,100.0,0.0,100.0,0.0,200.0,0.0,100.0,20115.0,100.0,43717047296.0,100.0,81207062889.0
2018-03-08,Z304L97T,ST4000DM000,4000787030016,0,114,59706192,95,0,100,5,100,0,90,994330152,77,20192,100,0,100,5,100.0,0.0,100.0,0.0,100.0,0.0,100.0,0.0,100.0,0.0,76.0,24.0,100.0,0.0,100.0,0.0,98.0,4689.0,24,24,100,0,100,0,200,0,100.0,20144.0,100.0,43729783392.0,100.0,81405671980.0
2018-03-09,Z304L97T,ST4000DM000,4000787030016,0,108,16457656,95,0,100,5,100,0,90,994819859,77,20216,100,0,100,5,100.0,0.0,100.0,0.0,100.0,0.0,100.0,0.0,100.0,0.0,77.0,23.0,100.0,0.0,100.0,0.0,98.0,4689.0,23,23,100,0,100,0,200,0,100.0,20168.0,100.0,43734819096.0,100.0,81588463788.0
2018-03-10,Z304L97T,ST4000DM000,4000787030016,0,106,11979688,95,0,100,5,100,0,90,996069606,77,20241,100,0,100,5,100.0,0.0,100.0,0.0,100.0,0.0,100.0,0.0,100.0,0.0,77.0,23.0,100.0,0.0,100.0,0.0,98.0,4689.0,23,23,100,0,100,0,200,0,100.0,20193.0,100.0,43749330896.0,100.0,81773377950.0
2018-03-11,Z304L97T,ST4000DM000,4000787030016,0,118,183572776,95,0,100,5,100,0,90,996610086,77,20265,100,0,100,5,100.0,0.0,100.0,0.0,100.0,0.0,100.0,0.0,100.0,0.0,77.0,23.0,100.0,0.0,100.0,0.0,98.0,4689.0,23,23,100,0,100,0,200,0,100.0,20217.0,100.0,43765704080.0,100.0,81959780169.0
2018-03-12,Z304L97T,ST4000DM000,4000787030016,0,108,17984872,95,0,100,5,100,0,90,997700340,77,20289,100,0,100,5,100.0,0.0,100.0,0.0,100.0,0.0,100.0,0.0,100.0,0.0,77.0,23.0,100.0,0.0,100.0,0.0,98.0,4690.0,23,23,100,0,100,0,200,0,100.0,20240.0,100.0,43775985216.0,100.0,82100806886.0
2018-03-13,Z304L97T,ST4000DM000,4000787030016,0,115,95459088,95,0,100,5,100,0,90,999108814,77,20313,100,0,100,5,100.0,0.0,100.0,0.0,100.0,0.0,100.0,0.0,100.0,0.0,77.0,23.0,100.0,0.0,100.0,0.0,98.0,4690.0,23,23,100,0,100,0,200,0,100.0,20265.0,100.0,43780657192.0,100.0,82287027937.0
2018-03-14,Z304L97T,ST4000DM000,4000787030016,0,119,224081368,95,0,100,5,100,0,90,999619128,77,20337,100,0,100,5,100.0,0.0,100.0,0.0,100.0,0.0,100.0,0.0,100.0,0.0,76.0,24.0,100.0,0.0,100.0,0.0,98.0,4690.0,24,24,100,0,100,0,200,0,100.0,20289.0,100.0,43788804640.0,100.0,82483988575.0
2018-03-15,Z304L97T,ST4000DM000,4000787030016,0,116,102388856,95,0,100,5,100,0,90,458314,77,20360,100,0,100,5,100.0,0.0,100.0,0.0,100.0,0.0,100.0,0.0,100.0,0.0,76.0,24.0,100.0,0.0,100.0,0.0,98.0,4691.0,24,24,100,0,100,0,200,0,100.0,20312.0,100.0,43796087456.0,100.0,82655730096.0
2018-03-16,Z304L97T,ST4000DM000,4000787030016,0,117.0,120024568.0,95.0,0.0,100.0,5.0,100.0,0.0,61.0,1406121.0,77.0,20384.0,100.0,0.0,100.0,5.0,100.0,0.0,100.0,0.0,100.0,0.0,100.0,0.0,100.0,0.0,76.0,24.0,100.0,0.0,100.0,0.0,98.0,4691.0,24.0,24.0,100.0,0.0,100.0,0.0,200.0,0.0,100.0,20336.0,100.0,43803855656.0,100.0,82833520600.0
2018-03-17,Z304L97T,ST4000DM000,4000787030016,0,113,57063032,95,0,100,5,100,0,64,3098241,77,20408,100,0,100,5,100.0,0.0,100.0,0.0,100.0,0.0,100.0,0.0,100.0,0.0,76.0,24.0,100.0,0.0,100.0,0.0,98.0,4691.0,24,24,100,0,100,0,200,0,100.0,20360.0,100.0,43813555608.0,100.0,83015747958.0
2018-03-18,Z304L97T,ST4000DM000,4000787030016,0,117,148165048,95,0,100,5,100,0,66,4513186,77,20432,100,0,100,5,100.0,0.0,100.0,0.0,100.0,0.0,100.0,0.0,100.0,0.0,77.0,23.0,100.0,0.0,100.0,0.0,98.0,4691.0,23,23,100,0,100,0,200,0,100.0,20384.0,100.0,43819986984.0,100.0,83193894199.0
2018-03-19,Z304L97T,ST4000DM000,4000787030016,0,119,234284784,95,0,100,5,100,0,68,7209312,77,20456,100,0,100,5,100.0,0.0,100.0,0.0,100.0,0.0,100.0,0.0,100.0,0.0,77.0,23.0,100.0,0.0,100.0,0.0,98.0,4691.0,23,23,100,0,100,0,200,0,100.0,20408.0,100.0,43829428144.0,100.0,83368188543.0
2018-03-20,Z304L97T,ST4000DM000,4000787030016,0,109,24558448,95,0,100,5,100,0,69,8420975,77,20480,100,0,100,5,100.0,0.0,100.0,0.0,100.0,0.0,100.0,0.0,100.0,0.0,77.0,23.0,100.0,0.0,100.0,0.0,98.0,4691.0,23,23,100,0,100,0,200,0,100.0,20432.0,100.0,43834890600.0,100.0,83542805293.0
2018-03-21,Z304L97T,ST4000DM000,4000787030016,0,117,132236536,95,0,100,5,100,0,69,9398593,77,20504,100,0,100,5,100.0,0.0,100.0,0.0,100.0,0.0,100.0,0.0,100.0,0.0,76.0,24.0,100.0,0.0,100.0,0.0,98.0,4691.0,24,24,100,0,100,0,200,0,100.0,20456.0,100.0,43849786528.0,100.0,83703650025.0
2018-03-22,Z304L97T,ST4000DM000,4000787030016,0,118,193614208,95,0,100,5,100,0,70,10993330,77,20528,100,0,100,5,100.0,0.0,100.0,0.0,100.0,0.0,100.0,0.0,100.0,0.0,76.0,24.0,100.0,0.0,100.0,0.0,98.0,4691.0,24,24,100,0,100,0,200,0,100.0,20480.0,100.0,43864668104.0,100.0,83882709883.0
2018-03-23,Z304L97T,ST4000DM000,4000787030016,0,116,104066464,95,0,100,5,100,0,70,12281287,77,20552,100,0,100,5,100.0,0.0,100.0,0.0,100.0,0.0,100.0,0.0,100.0,0.0,77.0,23.0,100.0,0.0,100.0,0.0,98.0,4691.0,23,23,100,0,100,0,200,0,100.0,20503.0,100.0,43879461568.0,100.0,84023624764.0
2018-03-24,Z304L97T,ST4000DM000,4000787030016,0,115,88548840,95,0,100,5,100,0,71,13971073,77,20576,100,0,100,5,100.0,0.0,100.0,0.0,100.0,0.0,100.0,0.0,100.0,0.0,77.0,23.0,100.0,0.0,100.0,0.0,98.0,4691.0,23,23,100,0,100,0,200,0,100.0,20528.0,100.0,43891485080.0,100.0,84209731622.0
2018-03-25,Z304L97T,ST4000DM000,4000787030016,0,119,233919184,95,0,100,5,100,0,72,14860221,77,20600,100,0,100,5,100.0,0.0,100.0,0.0,100.0,0.0,100.0,0.0,100.0,0.0,77.0,23.0,100.0,0.0,100.0,0.0,98.0,4691.0,23,23,100,0,100,0,200,0,100.0,20552.0,100.0,43900478088.0,100.0,84349147354.0
2018-03-26,Z304L97T,ST4000DM000,4000787030016,0,119,230341688,95,0,100,5,100,0,72,16533148,77,20624,100,0,100,5,100.0,0.0,100.0,0.0,100.0,0.0,100.0,0.0,100.0,0.0,77.0,23.0,100.0,0.0,100.0,0.0,98.0,4691.0,23,23,100,0,100,0,200,0,100.0,20576.0,100.0,43923853344.0,100.0,84486375834.0
2018-03-27,Z304L97T,ST4000DM000,4000787030016,0,118,184801080,95,0,100,5,100,0,72,17604655,77,20648,100,0,100,5,100.0,0.0,100.0,0.0,100.0,0.0,100.0,0.0,100.0,0.0,77.0,23.0,100.0,0.0,100.0,0.0,98.0,4691.0,23,23,100,0,100,0,200,0,100.0,20599.0,100.0,43933719848.0,100.0,84618491093.0
2018-03-28,Z304L97T,ST4000DM000,4000787030016,0,109,22199912,95,0,100,5,100,0,72,18475457,77,20672,100,0,100,5,100.0,0.0,100.0,0.0,100.0,0.0,100.0,0.0,100.0,0.0,77.0,23.0,100.0,0.0,100.0,0.0,98.0,4691.0,23,23,100,0,100,0,200,0,100.0,20624.0,100.0,43943940848.0,100.0,84779072151.0
2018-03-29,Z304L97T,ST4000DM000,4000787030016,0,118,195265400,95,0,100,5,100,0,72,19330653,77,20695,100,0,100,5,100.0,0.0,100.0,0.0,100.0,0.0,100.0,0.0,100.0,0.0,78.0,22.0,100.0,0.0,100.0,0.0,98.0,4692.0,22,22,100,0,100,0,200,0,100.0,20647.0,100.0,43960623848.0,100.0,84930049228.0
2018-03-30,Z304L97T,ST4000DM000,4000787030016,0,117,122947128,95,0,100,5,100,0,72,20148277,77,20719,100,0,100,5,100.0,0.0,100.0,0.0,100.0,0.0,100.0,0.0,100.0,0.0,78.0,22.0,100.0,0.0,100.0,0.0,98.0,4692.0,22,22,100,0,100,0,200,0,100.0,20671.0,100.0,43968576192.0,100.0,85078205267.0
2018-03-31,Z304L97T,ST4000DM000,4000787030016,0,115,100036576,95,0,100,5,100,0,73,21927034,77,20744,100,0,100,5,100.0,0.0,100.0,0.0,100.0,0.0,100.0,0.0,100.0,0.0,76.0,24.0,100.0,0.0,100.0,0.0,98.0,4692.0,24,24,100,0,100,0,200,0,100.0,20696.0,100.0,43982945920.0,100.0,85279964837.0
2018-04-01,Z304L97T,ST4000DM000,4000787030016,0,116,112072240,95,0,100,5,100,0,73,23025126,77,20768,100,0,100,5,100.0,0.0,100.0,0.0,100.0,0.0,100.0,0.0,100.0,0.0,77.0,23.0,100.0,0.0,100.0,0.0,98.0,4692.0,23,23,100,0,100,0,200,0,100.0,20720.0,100.0,43999052032.0,100.0,85429721191.0
2018-04-02,Z304L97T,ST4000DM000,4000787030016,0,117,137408304,95,0,100,5,100,0,73,24569960,77,20792,100,0,100,5,100.0,0.0,100.0,0.0,100.0,0.0,100.0,0.0,100.0,0.0,77.0,23.0,100.0,0.0,100.0,0.0,98.0,4692.0,23,23,100,0,100,0,200,0,100.0,20743.0,100.0,44016044176.0,100.0,85576156355.0
2018-04-03,Z304L97T,ST4000DM000,4000787030016,0,118,198750216,95,0,100,5,100,0,74,25937018,77,20816,100,0,100,5,100.0,0.0,100.0,0.0,100.0,0.0,100.0,0.0,100.0,0.0,77.0,23.0,100.0,0.0,100.0,0.0,98.0,4692.0,23,23,100,0,100,0,200,0,100.0,20768.0,100.0,44036005528.0,100.0,85782508683.0
2018-04-04,Z304L97T,ST4000DM000,4000787030016,0,118,172795104,95,0,100,5,100,0,74,28007393,77,20840,100,0,100,5,100.0,0.0,100.0,0.0,100.0,0.0,100.0,0.0,100.0,0.0,77.0,23.0,100.0,0.0,100.0,0.0,98.0,4692.0,23,23,100,0,100,0,200,0,100.0,20792.0,100.0,44053474904.0,100.0,85942794093.0
2018-04-05,Z304L97T,ST4000DM000,4000787030016,0,114,75893920,95,0,100,5,100,0,74,28902337,77,20864,100,0,100,5,100.0,0.0,100.0,0.0,100.0,0.0,100.0,0.0,100.0,0.0,78.0,22.0,100.0,0.0,100.0,0.0,98.0,4692.0,22,22,100,0,100,0,200,0,100.0,20815.0,100.0,44063184000.0,100.0,86103698519.0
2018-04-06,Z304L97T,ST4000DM000,4000787030016,0,118,177607616,95,0,100,5,100,0,75,29816220,77,20888,100,0,100,5,100.0,0.0,100.0,0.0,100.0,0.0,100.0,0.0,100.0,0.0,78.0,22.0,100.0,0.0,100.0,0.0,98.0,4692.0,22,22,100,0,100,0,200,0,100.0,20839.0,100.0,44078226720.0,100.0,86238248814.0
2018-04-07,Z304L97T,ST4000DM000,4000787030016,0,119.0,216436544.0,95.0,0.0,100.0,5.0,100.0,0.0,75.0,31504297.0,77.0,20911.0,100.0,0.0,100.0,5.0,100.0,0.0,100.0,0.0,100.0,0.0,100.0,0.0,100.0,0.0,78.0,22.0,100.0,0.0,100.0,0.0,98.0,4692.0,22.0,22.0,100.0,0.0,100.0,0.0,200.0,0.0,100.0,20863.0,100.0,44094670536.0,100.0,86403129182.0
2018-04-08,Z304L97T,ST4000DM000,4000787030016,0,114,70310352,95,0,100,5,100,0,75,32419165,77,20936,100,0,100,5,100.0,0.0,100.0,0.0,100.0,0.0,100.0,0.0,100.0,0.0,78.0,22.0,100.0,0.0,100.0,0.0,98.0,4692.0,22,22,100,0,100,0,200,0,100.0,20888.0,100.0,44100578720.0,100.0,86543309167.0
2018-04-09,Z304L97T,ST4000DM000,4000787030016,0,114,63706152,95,0,100,5,100,0,75,34015295,77,20960,100,0,100,5,100.0,0.0,100.0,0.0,100.0,0.0,100.0,0.0,100.0,0.0,78.0,22.0,100.0,0.0,100.0,0.0,98.0,4692.0,22,22,100,0,100,0,200,0,100.0,20912.0,100.0,44105340752.0,100.0,86701733435.0
2018-04-10,Z304L97T,ST4000DM000,4000787030016,0,116,101458392,95,0,100,5,100,0,75,35052841,77,20984,100,0,100,5,100.0,0.0,100.0,0.0,100.0,0.0,100.0,0.0,100.0,0.0,78.0,22.0,100.0,0.0,100.0,0.0,98.0,4692.0,22,22,100,0,100,0,200,0,100.0,20935.0,100.0,44107011848.0,100.0,86847447063.0
2018-04-11,Z304L97T,ST4000DM000,4000787030016,0,117,123643280,95,0,100,5,100,0,75,36405362,77,21007,100,0,100,5,100.0,0.0,100.0,0.0,100.0,0.0,100.0,0.0,100.0,0.0,78.0,22.0,100.0,0.0,100.0,0.0,98.0,4692.0,22,22,100,0,100,0,200,0,100.0,20959.0,100.0,44110169032.0,100.0,87015516944.0
2018-04-12,Z304L97T,ST4000DM000,4000787030016,0,109,25090984,95,0,100,5,100,0,75,37488072,76,21032,100,0,100,5,100.0,0.0,100.0,0.0,100.0,0.0,100.0,0.0,100.0,0.0,78.0,22.0,100.0,0.0,100.0,0.0,98.0,4694.0,22,22,100,0,100,0,200,0,100.0,20983.0,100.0,44112862360.0,100.0,87165015136.0
2018-04-13,Z304L97T,ST4000DM000,4000787030016,0,118,173046320,95,0,100,5,100,0,75,38506095,76,21056,100,0,100,5,100.0,0.0,100.0,0.0,100.0,0.0,100.0,0.0,100.0,0.0,78.0,22.0,100.0,0.0,100.0,0.0,98.0,4694.0,22,22,100,0,100,0,200,0,100.0,21007.0,100.0,44116003688.0,100.0,87312048578.0
2018-04-14,Z304L97T,ST4000DM000,4000787030016,0,117,160729352,95,0,100,5,100,0,75,40756681,76,21080,100,0,100,5,100.0,0.0,100.0,0.0,100.0,0.0,100.0,0.0,100.0,0.0,77.0,23.0,100.0,0.0,100.0,0.0,98.0,4694.0,23,23,100,0,100,0,200,0,100.0,21032.0,100.0,44123018000.0,100.0,87495543912.0
2018-04-15,Z304L97T,ST4000DM000,4000787030016,0,120,242422488,95,0,100,5,100,0,75,41595268,76,21104,100,0,100,5,100.0,0.0,100.0,0.0,100.0,0.0,100.0,0.0,100.0,0.0,78.0,22.0,100.0,0.0,100.0,0.0,98.0,4694.0,22,22,100,0,100,0,200,0,100.0,21055.0,100.0,44126101112.0,100.0,87631202174.0
2018-04-16,Z304L97T,ST4000DM000,4000787030016,0,117,128879936,95,0,100,5,100,0,76,42969661,76,21128,100,0,100,5,100.0,0.0,100.0,0.0,100.0,0.0,100.0,0.0,100.0,0.0,78.0,22.0,100.0,0.0,100.0,0.0,98.0,4694.0,22,22,100,0,100,0,200,0,100.0,21079.0,100.0,44132093488.0,100.0,87770486222.0
2018-04-17,Z304L97T,ST4000DM000,4000787030016,0,119,205016776,95,0,100,5,100,0,76,43659204,76,21152,100,0,100,5,100.0,0.0,100.0,0.0,100.0,0.0,100.0,0.0,100.0,0.0,78.0,22.0,100.0,0.0,100.0,0.0,98.0,4694.0,22,22,100,0,100,0,200,0,100.0,21103.0,100.0,44134684856.0,100.0,87911205159.0
2018-04-18,Z304L97T,ST4000DM000,4000787030016,0,117,147867544,95,0,100,5,100,0,76,44266447,76,21176,100,0,100,5,100.0,0.0,100.0,0.0,100.0,0.0,100.0,0.0,100.0,0.0,78.0,22.0,100.0,0.0,100.0,0.0,98.0,4694.0,22,22,100,0,100,0,200,0,100.0,21127.0,100.0,44136831008.0,100.0,88039735938.0
2018-04-19,Z304L97T,ST4000DM000,4000787030016,0,114,60507872,95,0,100,5,100,0,76,44873678,76,21200,100,0,100,5,100.0,0.0,100.0,0.0,100.0,0.0,100.0,0.0,100.0,0.0,78.0,22.0,100.0,0.0,100.0,0.0,98.0,4694.0,22,22,100,0,100,0,200,0,100.0,21151.0,100.0,44139359232.0,100.0,88159551695.0
2018-04-20,Z304L97T,ST4000DM000,4000787030016,0,118,193783200,95,0,100,5,100,0,76,45519324,76,21224,100,0,100,5,100.0,0.0,100.0,0.0,100.0,0.0,100.0,0.0,100.0,0.0,78.0,22.0,100.0,0.0,100.0,0.0,98.0,4694.0,22,22,100,0,100,0,200,0,100.0,21175.0,100.0,44141312424.0,100.0,88299508766.0
2018-04-21,Z304L97T,ST4000DM000,4000787030016,0,114,70702888,95,0,100,5,100,0,76,46835029,76,21248,100,0,100,5,100.0,0.0,100.0,0.0,100.0,0.0,100.0,0.0,100.0,0.0,78.0,22.0,100.0,0.0,100.0,0.0,98.0,4697.0,22,22,100,0,100,0,200,0,100.0,21199.0,100.0,44146716312.0,100.0,88436370010.0
2018-04-22,Z304L97T,ST4000DM000,4000787030016,0,119,227281608,95,0,100,5,100,0,76,47307502,76,21271,100,0,100,5,100.0,0.0,100.0,0.0,100.0,0.0,100.0,0.0,100.0,0.0,78.0,22.0,100.0,0.0,100.0,0.0,98.0,4720.0,22,22,100,0,100,0,200,0,100.0,21223.0,100.0,44149898864.0,100.0,88606485659.0
2018-04-23,Z304L97T,ST4000DM000,4000787030016,0,117,162691912,95,0,100,5,100,0,76,48414421,76,21296,100,0,100,5,100.0,0.0,100.0,0.0,100.0,0.0,100.0,0.0,100.0,0.0,78.0,22.0,100.0,0.0,100.0,0.0,98.0,4720.0,22,22,100,0,100,0,200,0,100.0,21247.0,100.0,44155119176.0,100.0,88792142209.0
2018-04-24,Z304L97T,ST4000DM000,4000787030016,0,117,138092512,95,0,100,5,100,0,76,50038440,76,21320,100,0,100,5,100.0,0.0,100.0,0.0,100.0,0.0,100.0,0.0,100.0,0.0,78.0,22.0,100.0,0.0,100.0,0.0,98.0,4720.0,22,22,100,0,100,0,200,0,100.0,21271.0,100.0,44159123624.0,100.0,88975231256.0
2018-04-25,Z304L97T,ST4000DM000,4000787030016,0,117,152301496,95,0,100,5,100,0,77,50483202,76,21344,100,0,100,5,100.0,0.0,100.0,0.0,100.0,0.0,100.0,0.0,100.0,0.0,78.0,22.0,100.0,0.0,100.0,0.0,98.0,4720.0,22,22,100,0,100,0,200,0,100.0,21295.0,100.0,44162655440.0,100.0,89159203207.0
2018-04-26,Z304L97T,ST4000DM000,4000787030016,0,117,147047368,95,0,100,5,100,0,77,50806527,76,21364,100,0,100,5,100.0,0.0,100.0,0.0,100.0,0.0,100.0,0.0,100.0,0.0,78.0,22.0,100.0,0.0,100.0,0.0,98.0,4720.0,22,22,100,0,100,0,200,0,100.0,21315.0,100.0,44165644728.0,100.0,89282752181.0
2018-04-27,Z304L97T,ST4000DM000,4000787030016,0,117,166792832,95,0,100,5,100,0,77,51195740,76,21388,100,0,100,5,100.0,0.0,100.0,0.0,100.0,0.0,100.0,0.0,100.0,0.0,78.0,22.0,100.0,0.0,100.0,0.0,98.0,4721.0,22,22,100,0,100,0,200,0,100.0,21340.0,100.0,44167587488.0,100.0,89453931737.0
2018-04-28,Z304L97T,ST4000DM000,4000787030016,0,117,151701112,95,0,100,5,100,0,77,52277515,76,21412,100,0,100,5,100.0,0.0,100.0,0.0,100.0,0.0,100.0,0.0,100.0,0.0,78.0,22.0,100.0,0.0,100.0,0.0,98.0,4721.0,22,22,100,0,100,0,200,0,100.0,21363.0,100.0,44173145736.0,100.0,89645300227.0
2018-04-29,Z304L97T,ST4000DM000,4000787030016,0,110,25845896,95,0,100,5,100,0,77,53196098,76,21436,100,0,100,5,100.0,0.0,100.0,0.0,100.0,0.0,100.0,0.0,100.0,0.0,78.0,22.0,100.0,0.0,100.0,0.0,98.0,4721.0,22,22,100,0,100,0,200,0,100.0,21387.0,100.0,44179737072.0,100.0,89831470079.0
2018-04-30,Z304L97T,ST4000DM000,4000787030016,0,116,115648576,95,0,100,5,100,0,77,54053957,76,21460,100,0,100,5,100.0,0.0,100.0,0.0,100.0,0.0,100.0,0.0,100.0,0.0,78.0,22.0,100.0,0.0,100.0,0.0,98.0,4721.0,22,22,100,0,100,0,200,0,100.0,21411.0,100.0,44182804168.0,100.0,89995643849.0
2018-05-01,Z304L97T,ST4000DM000,4000787030016,0,118,195909768,95,0,100,5,100,0,77,55690191,76,21484,100,0,100,5,100.0,0.0,100.0,0.0,100.0,0.0,100.0,0.0,100.0,0.0,78.0,22.0,100.0,0.0,100.0,0.0,98.0,4721.0,22,22,100,0,100,0,200,0,100.0,21436.0,100.0,44187563392.0,100.0,90171770984.0
2018-05-02,Z304L97T,ST4000DM000,4000787030016,0,108.0,17818280.0,95.0,0.0,100.0,5.0,100.0,0.0,77.0,57046392.0,76.0,21508.0,100.0,0.0,100.0,5.0,100.0,0.0,100.0,0.0,100.0,0.0,100.0,0.0,100.0,0.0,78.0,22.0,100.0,0.0,100.0,0.0,98.0,4721.0,22.0,22.0,100.0,0.0,100.0,0.0,200.0,0.0,100.0,21459.0,100.0,44189570888.0,100.0,90340410020.0
2018-05-03,Z304L97T,ST4000DM000,4000787030016,0,112,44612416,95,0,100,5,100,0,78,60263338,76,21536,100,0,100,5,100.0,0.0,100.0,0.0,100.0,0.0,100.0,0.0,100.0,0.0,78.0,22.0,100.0,0.0,100.0,0.0,98.0,4724.0,22,22,100,0,100,0,200,0,100.0,21487.0,100.0,44196164832.0,100.0,90542134516.0
2018-05-04,Z304L97T,ST4000DM000,4000787030016,0,119,225540976,95,0,100,5,100,0,78,61256865,76,21560,100,0,100,5,100.0,0.0,100.0,0.0,100.0,0.0,100.0,0.0,100.0,0.0,78.0,22.0,100.0,0.0,100.0,0.0,98.0,4724.0,22,22,100,0,100,0,200,0,100.0,21511.0,100.0,44199269064.0,100.0,90697001873.0
2018-05-05,Z304L97T,ST4000DM000,4000787030016,0,117,137691744,95,0,100,5,100,0,78,62735550,76,21584,100,0,100,5,100.0,0.0,100.0,0.0,100.0,0.0,100.0,0.0,100.0,0.0,78.0,22.0,100.0,0.0,100.0,0.0,98.0,4724.0,22,22,100,0,100,0,200,0,100.0,21536.0,100.0,44204890744.0,100.0,90891312578.0
2018-05-06,Z304L97T,ST4000DM000,4000787030016,0,119,212063032,95,0,100,5,100,0,78,63462156,76,21608,100,0,100,5,100.0,0.0,100.0,0.0,100.0,0.0,100.0,0.0,100.0,0.0,78.0,22.0,100.0,0.0,100.0,0.0,98.0,4724.0,22,22,100,0,100,0,200,0,100.0,21560.0,100.0,44207516736.0,100.0,91038335979.0
2018-05-07,Z304L97T,ST4000DM000,4000787030016,0,119,232390088,95,0,100,5,100,0,78,64794363,76,21632,100,0,100,5,100.0,0.0,100.0,0.0,100.0,0.0,100.0,0.0,100.0,0.0,78.0,22.0,100.0,0.0,100.0,0.0,98.0,4724.0,22,22,100,0,100,0,200,0,100.0,21583.0,100.0,44212226600.0,100.0,91183062856.0
2018-05-08,Z304L97T,ST4000DM000,4000787030016,0,117,128227472,95,0,100,5,100,0,78,65634814,76,21656,100,0,100,5,100.0,0.0,100.0,0.0,100.0,0.0,100.0,0.0,100.0,0.0,78.0,22.0,100.0,0.0,100.0,0.0,98.0,4724.0,22,22,100,0,100,0,200,0,100.0,21607.0,100.0,44214131440.0,100.0,91337968241.0
2018-05-09,Z304L97T,ST4000DM000,4000787030016,0,119,225596552,95,0,100,5,100,0,78,66473142,76,21680,100,0,100,5,100.0,0.0,100.0,0.0,100.0,0.0,100.0,0.0,100.0,0.0,78.0,22.0,100.0,0.0,100.0,0.0,98.0,4724.0,22,22,100,0,100,0,200,0,100.0,21631.0,100.0,44217332016.0,100.0,91461997087.0
2018-05-10,Z304L97T,ST4000DM000,4000787030016,0,117,150654296,94,0,100,6,100,0,78,67239657,76,21704,100,0,100,6,100.0,0.0,100.0,0.0,100.0,0.0,100.0,0.0,100.0,0.0,78.0,22.0,100.0,0.0,100.0,0.0,98.0,4745.0,22,22,100,0,100,0,200,0,100.0,21655.0,100.0,44219936216.0,100.0,91620843052.0
2018-05-11,Z304L97T,ST4000DM000,4000787030016,0,111,38385328,94,0,100,6,100,0,78,67670185,76,21728,100,0,100,6,100.0,0.0,100.0,0.0,100.0,0.0,100.0,0.0,100.0,0.0,78.0,22.0,100.0,0.0,100.0,0.0,98.0,4745.0,22,22,100,0,100,0,200,0,100.0,21679.0,100.0,44222393520.0,100.0,91806084834.0
2018-05-12,Z304L97T,ST4000DM000,4000787030016,0,119,208961056,94,0,100,6,100,0,78,69564156,76,21752,100,0,100,6,100.0,0.0,100.0,0.0,100.0,0.0,100.0,0.0,100.0,0.0,78.0,22.0,100.0,0.0,100.0,0.0,98.0,4745.0,22,22,100,0,100,0,200,0,100.0,21703.0,100.0,44228518472.0,100.0,91999170918.0
2018-05-13,Z304L97T,ST4000DM000,4000787030016,0,109,24255568,94,0,100,6,100,0,78,69975692,76,21776,100,0,100,6,100.0,0.0,100.0,0.0,100.0,0.0,100.0,0.0,100.0,0.0,78.0,22.0,100.0,0.0,100.0,0.0,98.0,4745.0,22,22,100,0,100,0,200,0,100.0,21727.0,100.0,44230654048.0,100.0,92181825207.0
2018-05-14,Z304L97T,ST4000DM000,4000787030016,0,117,122951136,94,0,100,6,100,0,78,70243841,76,21793,100,0,100,6,100.0,0.0,100.0,0.0,100.0,0.0,100.0,0.0,100.0,0.0,78.0,22.0,100.0,0.0,100.0,0.0,98.0,4746.0,22,22,100,0,100,0,200,0,100.0,21744.0,100.0,44232138264.0,100.0,92303502560.0
2018-05-15,Z304L97T,ST4000DM000,4000787030016,0,119.0,234719616.0,93.0,0.0,100.0,7.0,100.0,0.0,78.0,71311748.0,76.0,21818.0,100.0,0.0,100.0,7.0,100.0,0.0,100.0,0.0,100.0,0.0,100.0,0.0,100.0,0.0,78.0,22.0,100.0,0.0,100.0,0.0,98.0,4750.0,22.0,22.0,100.0,0.0,100.0,0.0,200.0,0.0,100.0,21769.0,100.0,44238300008.0,100.0,92448157111.0
2018-05-16,Z304L97T,ST4000DM000,4000787030016,0,119,233976856,93,0,100,7,100,0,78,71750152,76,21842,100,0,100,7,100.0,0.0,100.0,0.0,100.0,0.0,100.0,0.0,100.0,0.0,78.0,22.0,100.0,0.0,100.0,0.0,98.0,4750.0,22,22,100,0,100,0,200,0,100.0,21793.0,100.0,44241934752.0,100.0,92640794037.0
2018-05-17,Z304L97T,ST4000DM000,4000787030016,0,118,195628600,93,0,100,7,100,0,78,72542100,76,21871,100,0,100,7,100.0,0.0,100.0,0.0,100.0,0.0,100.0,0.0,100.0,0.0,77.0,23.0,100.0,0.0,100.0,0.0,98.0,4753.0,23,23,100,0,100,0,200,0,100.0,21822.0,100.0,44245410840.0,100.0,92841431701.0
2018-05-18,Z304L97T,ST4000DM000,4000787030016,0,117,136464136,93,0,100,7,100,0,78,73476660,76,21895,100,0,100,7,100.0,0.0,100.0,0.0,100.0,0.0,100.0,0.0,100.0,0.0,77.0,23.0,100.0,0.0,100.0,0.0,98.0,4753.0,23,23,100,0,100,0,200,0,100.0,21846.0,100.0,44249050592.0,100.0,93017155222.0
2018-05-19,Z304L97T,ST4000DM000,4000787030016,0,114,66792464,93,0,100,7,100,0,78,75150689,75,21919,100,0,100,7,100.0,0.0,100.0,0.0,100.0,0.0,100.0,0.0,100.0,0.0,78.0,22.0,100.0,0.0,100.0,0.0,98.0,4753.0,22,22,100,0,100,0,200,0,100.0,21870.0,100.0,44254434328.0,100.0,93205347319.0
2018-05-20,Z304L97T,ST4000DM000,4000787030016,0,111,33243728,93,0,100,7,100,0,78,76497128,75,21943,100,0,100,7,100.0,0.0,100.0,0.0,100.0,0.0,100.0,0.0,100.0,0.0,78.0,22.0,100.0,0.0,100.0,0.0,98.0,4753.0,22,22,100,0,100,0,200,0,100.0,21894.0,100.0,44258114592.0,100.0,93376004079.0
2018-05-21,Z304L97T,ST4000DM000,4000787030016,0,117,132589312,93,0,100,7,100,0,78,79891014,75,21967,100,0,100,7,100.0,0.0,100.0,0.0,100.0,0.0,100.0,0.0,100.0,0.0,78.0,22.0,100.0,0.0,100.0,0.0,98.0,4753.0,22,22,100,0,100,0,200,0,100.0,21918.0,100.0,44265167880.0,100.0,93538108558.0
2018-05-22,Z304L97T,ST4000DM000,4000787030016,0,114,82716088,93,0,100,7,100,0,78,81113563,75,21991,100,0,100,7,100.0,0.0,100.0,0.0,100.0,0.0,100.0,0.0,100.0,0.0,78.0,22.0,100.0,0.0,100.0,0.0,98.0,4753.0,22,22,100,0,100,0,200,0,100.0,21942.0,100.0,44266986600.0,100.0,93714457571.0
2018-05-23,Z304L97T,ST4000DM000,4000787030016,0,118,192977432,93,0,100,7,100,0,78,81892602,75,22015,100,0,100,7,100.0,0.0,100.0,0.0,100.0,0.0,100.0,0.0,100.0,0.0,78.0,22.0,100.0,0.0,100.0,0.0,98.0,4753.0,22,22,100,0,100,0,200,0,100.0,21966.0,100.0,44269168016.0,100.0,93874122347.0
2018-05-24,Z304L97T,ST4000DM000,4000787030016,0,116,116432896,93,0,100,7,100,0,78,82592109,75,22039,100,0,100,7,100.0,0.0,100.0,0.0,100.0,0.0,100.0,0.0,100.0,0.0,78.0,22.0,100.0,0.0,100.0,0.0,98.0,4753.0,22,22,100,0,100,0,200,0,100.0,21990.0,100.0,44271686384.0,100.0,94026996438.0
2018-05-25,Z304L97T,ST4000DM000,4000787030016,0,120,235662896,93,0,100,7,100,0,78,83340171,75,22063,100,0,100,7,100.0,0.0,100.0,0.0,100.0,0.0,100.0,0.0,100.0,0.0,78.0,22.0,100.0,0.0,100.0,0.0,98.0,4753.0,22,22,100,0,100,0,200,0,100.0,22014.0,100.0,44273774904.0,100.0,94169660570.0
2018-05-26,Z304L97T,ST4000DM000,4000787030016,0,117,126506616,93,0,100,7,100,0,79,84020420,75,22082,100,0,100,7,100.0,0.0,100.0,0.0,100.0,0.0,100.0,0.0,100.0,0.0,78.0,22.0,100.0,0.0,100.0,0.0,98.0,4757.0,22,22,100,0,100,0,200,0,100.0,22032.0,100.0,44275694776.0,100.0,94289665330.0
2018-05-27,Z304L97T,ST4000DM000,4000787030016,0,119,230027176,93,0,100,7,100,0,79,84790276,75,22106,100,0,100,7,100.0,0.0,100.0,0.0,100.0,0.0,100.0,0.0,100.0,0.0,78.0,22.0,100.0,0.0,100.0,0.0,98.0,4757.0,22,22,100,0,100,0,200,0,100.0,22057.0,100.0,44278803632.0,100.0,94413512929.0
2018-05-28,Z304L97T,ST4000DM000,4000787030016,0,114,70174240,93,0,100,7,100,0,79,85805437,75,22130,100,0,100,7,100.0,0.0,100.0,0.0,100.0,0.0,100.0,0.0,100.0,0.0,78.0,22.0,100.0,0.0,100.0,0.0,98.0,4758.0,22,22,100,0,100,0,200,0,100.0,22081.0,100.0,44282597776.0,100.0,94556449397.0
2018-05-29,Z304L97T,ST4000DM000,4000787030016,0,112,42064696,93,0,100,7,100,0,79,87332376,75,22154,100,0,100,7,100.0,0.0,100.0,0.0,100.0,0.0,100.0,0.0,100.0,0.0,78.0,22.0,100.0,0.0,100.0,0.0,98.0,4758.0,22,22,100,0,100,0,200,0,100.0,22105.0,100.0,44288397920.0,100.0,94705292373.0
2018-05-30,Z304L97T,ST4000DM000,4000787030016,0,118,182906032,93,0,100,7,100,0,79,89300978,75,22178,100,0,100,7,100.0,0.0,100.0,0.0,100.0,0.0,100.0,0.0,100.0,0.0,78.0,22.0,100.0,0.0,100.0,0.0,98.0,4758.0,22,22,100,0,100,0,200,0,100.0,22128.0,100.0,44294918712.0,100.0,94882823251.0
2018-05-31,Z304L97T,ST4000DM000,4000787030016,0,118,187283888,92,0,100,8,100,0,79,90171826,75,22201,100,0,100,8,100.0,0.0,100.0,0.0,100.0,0.0,100.0,0.0,100.0,0.0,77.0,23.0,100.0,0.0,100.0,0.0,98.0,4763.0,23,23,100,0,100,0,200,0,100.0,22152.0,100.0,44296740368.0,100.0,95047025010.0
2018-06-01,Z304L97T,ST4000DM000,4000787030016,0,120,242396016,92,0,100,8,100,0,79,91084871,75,22226,100,0,100,8,100.0,0.0,100.0,0.0,100.0,0.0,100.0,0.0,100.0,0.0,77.0,23.0,100.0,0.0,100.0,0.0,98.0,4766.0,23,23,100,0,100,0,200,0,100.0,22176.0,100.0,44298755080.0,100.0,95232536286.0
2018-06-02,Z304L97T,ST4000DM000,4000787030016,0,112,45880744,92,0,100,8,100,0,79,92608233,75,22249,100,0,100,8,100.0,0.0,100.0,0.0,100.0,0.0,100.0,0.0,100.0,0.0,78.0,22.0,100.0,0.0,100.0,0.0,98.0,4766.0,22,22,100,0,100,0,200,0,100.0,22200.0,100.0,44303713568.0,100.0,95379655641.0
2018-06-03,Z304L97T,ST4000DM000,4000787030016,0,119,207116072,92,0,100,8,100,0,79,93491204,75,22273,100,0,100,8,100.0,0.0,100.0,0.0,100.0,0.0,100.0,0.0,100.0,0.0,78.0,22.0,100.0,0.0,100.0,0.0,98.0,4766.0,22,22,100,0,100,0,200,0,100.0,22224.0,100.0,44305324408.0,100.0,95548565480.0
2018-06-04,Z304L97T,ST4000DM000,4000787030016,0,118,169480496,92,0,100,8,100,0,79,94485768,75,22297,100,0,100,8,100.0,0.0,100.0,0.0,100.0,0.0,100.0,0.0,100.0,0.0,78.0,22.0,100.0,0.0,100.0,0.0,98.0,4767.0,22,22,100,0,100,0,200,0,100.0,22248.0,100.0,44306984992.0,100.0,95737936262.0
2018-06-05,Z304L97T,ST4000DM000,4000787030016,0,119,203935256,92,0,100,8,100,0,79,95759418,75,22321,100,0,100,8,100.0,0.0,100.0,0.0,100.0,0.0,100.0,0.0,100.0,0.0,78.0,22.0,100.0,0.0,100.0,0.0,98.0,4767.0,22,22,100,0,100,0,200,0,100.0,22272.0,100.0,44311495624.0,100.0,95869388507.0
2018-06-06,Z304L97T,ST4000DM000,4000787030016,0,115,85176528,92,0,100,8,100,0,79,96609536,75,22346,100,0,100,8,100.0,0.0,100.0,0.0,100.0,0.0,100.0,0.0,100.0,0.0,78.0,22.0,100.0,0.0,100.0,0.0,98.0,4768.0,22,22,100,0,100,0,200,0,100.0,22296.0,100.0,44314260064.0,100.0,96027663604.0
2018-06-07,Z304L97T,ST4000DM000,4000787030016,0,118,176745336,92,0,100,8,100,0,79,97422235,75,22369,100,0,100,8,100.0,0.0,100.0,0.0,100.0,0.0,100.0,0.0,100.0,0.0,77.0,23.0,100.0,0.0,100.0,0.0,98.0,4768.0,23,23,100,0,100,0,200,0,100.0,22320.0,100.0,44317069848.0,100.0,96164953956.0
2018-06-08,Z304L97T,ST4000DM000,4000787030016,0,115,95285880,92,0,100,8,100,0,79,99352084,75,22393,100,0,100,8,100.0,0.0,100.0,0.0,100.0,0.0,100.0,0.0,100.0,0.0,77.0,23.0,100.0,0.0,100.0,0.0,98.0,4768.0,23,23,100,0,100,0,200,0,100.0,22344.0,100.0,44323524984.0,100.0,96314012339.0
2018-06-09,Z304L97T,ST4000DM000,4000787030016,0,118,178792152,92,0,100,8,100,0,80,101002304,75,22417,100,0,100,8,100.0,0.0,100.0,0.0,100.0,0.0,100.0,0.0,100.0,0.0,78.0,22.0,100.0,0.0,100.0,0.0,98.0,4769.0,22,22,100,0,100,0,200,0,100.0,22368.0,100.0,44327165688.0,100.0,96484127056.0
2018-06-10,Z304L97T,ST4000DM000,4000787030016,0,116,111023888,92,0,100,8,100,0,80,102052207,75,22442,100,0,100,8,100.0,0.0,100.0,0.0,100.0,0.0,100.0,0.0,100.0,0.0,78.0,22.0,100.0,0.0,100.0,0.0,98.0,4770.0,22,22,100,0,100,0,200,0,100.0,22392.0,100.0,44329462800.0,100.0,96632836144.0
2018-06-11,Z304L97T,ST4000DM000,4000787030016,0,117,122210184,92,0,100,8,100,0,80,103305879,75,22465,100,0,100,8,100.0,0.0,100.0,0.0,100.0,0.0,100.0,0.0,100.0,0.0,78.0,22.0,100.0,0.0,100.0,0.0,98.0,4771.0,22,22,100,0,100,0,200,0,100.0,22416.0,100.0,44331507280.0,100.0,96793215206.0
2018-06-12,Z304L97T,ST4000DM000,4000787030016,0,118,179830752,92,0,100,8,100,0,80,105030370,75,22489,100,0,100,8,100.0,0.0,100.0,0.0,100.0,0.0,100.0,0.0,100.0,0.0,78.0,22.0,100.0,0.0,100.0,0.0,98.0,4772.0,22,22,100,0,100,0,200,0,100.0,22440.0,100.0,44336331952.0,100.0,96952719894.0
2018-06-13,Z304L97T,ST4000DM000,4000787030016,0,106,11876608,92,0,100,8,100,0,80,106211436,75,22513,100,0,100,8,100.0,0.0,100.0,0.0,100.0,0.0,100.0,0.0,100.0,0.0,78.0,22.0,100.0,0.0,100.0,0.0,98.0,4774.0,22,22,100,0,100,0,200,0,100.0,22464.0,100.0,44337783864.0,100.0,97114100856.0
2018-06-14,Z304L97T,ST4000DM000,4000787030016,0,117,161355968,92,0,100,8,100,0,80,106964887,75,22537,100,0,100,8,100.0,0.0,100.0,0.0,100.0,0.0,100.0,0.0,100.0,0.0,76.0,24.0,100.0,0.0,100.0,0.0,98.0,4775.0,24,24,100,0,100,0,200,0,100.0,22488.0,100.0,44339545624.0,100.0,97247767724.0
2018-06-15,Z304L97T,ST4000DM000,4000787030016,0,117.0,127632336.0,92.0,0.0,100.0,8.0,100.0,0.0,80.0,107970039.0,75.0,22569.0,100.0,0.0,100.0,8.0,100.0,0.0,100.0,0.0,100.0,0.0,100.0,0.0,100.0,0.0,76.0,24.0,100.0,0.0,100.0,0.0,98.0,4779.0,24.0,24.0,100.0,0.0,100.0,0.0,200.0,0.0,100.0,22519.0,100.0,44342428584.0,100.0,97436488060.0
2018-06-16,Z304L97T,ST4000DM000,4000787030016,0,117.0,136703872.0,92.0,0.0,100.0,8.0,100.0,0.0,80.0,109390093.0,75.0,22592.0,100.0,0.0,100.0,8.0,100.0,0.0,100.0,0.0,100.0,0.0,100.0,0.0,100.0,0.0,76.0,24.0,100.0,0.0,100.0,0.0,98.0,4780.0,24.0,24.0,100.0,0.0,100.0,0.0,200.0,0.0,100.0,22543.0,100.0,44347757152.0,100.0,97597502460.0
2018-06-17,Z304L97T,ST4000DM000,4000787030016,0,108.0,19410280.0,92.0,0.0,100.0,8.0,100.0,0.0,80.0,110890388.0,75.0,22616.0,100.0,0.0,100.0,8.0,100.0,0.0,100.0,0.0,100.0,0.0,100.0,0.0,100.0,0.0,77.0,23.0,100.0,0.0,100.0,0.0,98.0,4780.0,23.0,23.0,100.0,0.0,100.0,0.0,200.0,0.0,100.0,22567.0,100.0,44349896152.0,100.0,97718856869.0
2018-06-18,Z304L97T,ST4000DM000,4000787030016,0,114.0,80233776.0,92.0,0.0,100.0,8.0,100.0,0.0,80.0,112005225.0,75.0,22640.0,100.0,0.0,100.0,8.0,100.0,0.0,100.0,0.0,100.0,0.0,100.0,0.0,100.0,0.0,77.0,23.0,100.0,0.0,100.0,0.0,98.0,4780.0,23.0,23.0,100.0,0.0,100.0,0.0,200.0,0.0,100.0,22591.0,100.0,44353963952.0,100.0,97842366211.0
2018-06-19,Z304L97T,ST4000DM000,4000787030016,0,117,150822528,92,0,100,8,100,0,80,112622198,75,22665,100,0,100,8,100.0,0.0,100.0,0.0,100.0,0.0,100.0,0.0,100.0,0.0,77.0,23.0,100.0,0.0,100.0,0.0,98.0,4782.0,23,23,100,0,100,0,200,0,100.0,22615.0,100.0,44356006480.0,100.0,97953210055.0
2018-06-20,Z304L97T,ST4000DM000,4000787030016,0,114,70992576,92,0,100,8,100,0,80,113048345,75,22688,100,0,100,8,100.0,0.0,100.0,0.0,100.0,0.0,100.0,0.0,100.0,0.0,77.0,23.0,100.0,0.0,100.0,0.0,98.0,4782.0,23,23,100,0,100,0,200,0,100.0,22639.0,100.0,44358103832.0,100.0,98128980527.0
2018-06-21,Z304L97T,ST4000DM000,4000787030016,0,114,60621352,92,0,100,8,100,0,80,113551390,75,22712,100,0,100,8,100.0,0.0,100.0,0.0,100.0,0.0,100.0,0.0,100.0,0.0,77.0,23.0,100.0,0.0,100.0,0.0,98.0,4783.0,23,23,100,0,100,0,200,0,100.0,22663.0,100.0,44361346920.0,100.0,98309826659.0
2018-06-22,Z304L97T,ST4000DM000,4000787030016,0,114,60860504,92,0,100,8,100,0,80,113954265,75,22737,100,0,100,8,100.0,0.0,100.0,0.0,100.0,0.0,100.0,0.0,100.0,0.0,77.0,23.0,100.0,0.0,100.0,0.0,98.0,4783.0,23,23,100,0,100,0,200,0,100.0,22687.0,100.0,44363812352.0,100.0,98474842870.0
2018-06-23,Z304L97T,ST4000DM000,4000787030016,0,114,60610896,92,0,100,8,100,0,80,115034791,75,22760,100,0,100,8,100.0,0.0,100.0,0.0,100.0,0.0,100.0,0.0,100.0,0.0,77.0,23.0,100.0,0.0,100.0,0.0,98.0,4784.0,23,23,100,0,100,0,200,0,100.0,22711.0,100.0,44368859608.0,100.0,98679474578.0
2018-06-24,Z304L97T,ST4000DM000,4000787030016,0,115,99981000,92,0,100,8,100,0,80,116372328,74,22784,100,0,100,8,100.0,0.0,100.0,0.0,100.0,0.0,100.0,0.0,100.0,0.0,77.0,23.0,100.0,0.0,100.0,0.0,98.0,4786.0,23,23,100,0,100,0,200,0,100.0,22735.0,100.0,44374610224.0,100.0,98825371143.0
2018-06-25,Z304L97T,ST4000DM000,4000787030016,0,117,152637168,92,0,100,8,100,0,80,117411650,74,22809,100,0,100,8,100.0,0.0,100.0,0.0,100.0,0.0,100.0,0.0,100.0,0.0,77.0,23.0,100.0,0.0,100.0,0.0,98.0,4786.0,23,23,100,0,100,0,200,0,100.0,22759.0,100.0,44379660448.0,100.0,99017880022.0
2018-06-26,Z304L97T,ST4000DM000,4000787030016,0,117,143510880,92,0,100,8,100,0,81,117948058,74,22832,100,0,100,8,100.0,0.0,100.0,0.0,100.0,0.0,100.0,0.0,100.0,0.0,77.0,23.0,100.0,0.0,100.0,0.0,98.0,4786.0,23,23,100,0,100,0,200,0,100.0,22783.0,100.0,44382167960.0,100.0,99182436189.0
2018-06-27,Z304L97T,ST4000DM000,4000787030016,0,114,58923832,92,0,100,8,100,0,81,118816779,74,22856,100,0,100,8,100.0,0.0,100.0,0.0,100.0,0.0,100.0,0.0,100.0,0.0,77.0,23.0,100.0,0.0,100.0,0.0,98.0,4788.0,23,23,100,0,100,0,200,0,100.0,22807.0,100.0,44384962560.0,100.0,99356932202.0
2018-06-28,Z304L97T,ST4000DM000,4000787030016,0,117,131018696,92,0,100,8,100,0,81,119696696,74,22880,100,0,100,8,100.0,0.0,100.0,0.0,100.0,0.0,100.0,0.0,100.0,0.0,77.0,23.0,100.0,0.0,100.0,0.0,98.0,4788.0,23,23,100,0,100,0,200,0,100.0,22831.0,100.0,44388218024.0,100.0,99516733885.0
2018-06-29,Z304L97T,ST4000DM000,4000787030016,0,117,143284408,92,0,100,8,100,0,81,121037645,74,22905,100,0,100,8,100.0,0.0,100.0,0.0,100.0,0.0,100.0,0.0,100.0,0.0,77.0,23.0,100.0,0.0,100.0,0.0,98.0,4790.0,23,23,100,0,100,0,200,0,100.0,22855.0,100.0,44391048680.0,100.0,99697696291.0
2018-06-30,Z304L97T,ST4000DM000,4000787030016,0,117,123379104,92,0,100,8,100,0,81,123114936,74,22923,100,0,100,8,100.0,0.0,100.0,0.0,100.0,0.0,100.0,0.0,100.0,0.0,78.0,22.0,100.0,0.0,100.0,0.0,98.0,4791.0,22,22,100,0,100,0,200,0,100.0,22874.0,100.0,44395573080.0,100.0,99837899946.0
2018-07-01,Z304L97T,ST4000DM000,4000787030016,0,108,16201384,92,0,100,8,100,0,81,124203472,74,22947,100,0,100,8,100.0,0.0,100.0,0.0,100.0,0.0,100.0,0.0,100.0,0.0,77.0,23.0,100.0,0.0,100.0,0.0,98.0,4792.0,23,23,100,0,100,0,200,0,100.0,22898.0,100.0,44397653696.0,100.0,100008093256.0
2018-07-02,Z304L97T,ST4000DM000,4000787030016,0,118,172347992,92,0,100,8,100,0,81,124990664,74,22971,100,0,100,8,100.0,0.0,100.0,0.0,100.0,0.0,100.0,0.0,100.0,0.0,77.0,23.0,100.0,0.0,100.0,0.0,98.0,4793.0,23,23,100,0,100,0,200,0,100.0,22922.0,100.0,44399896248.0,100.0,100161368426.0
2018-07-03,Z304L97T,ST4000DM000,4000787030016,0,109,21525016,92,0,100,8,100,0,81,127212263,74,22995,100,0,100,8,100.0,0.0,100.0,0.0,100.0,0.0,100.0,0.0,100.0,0.0,77.0,23.0,100.0,0.0,100.0,0.0,98.0,4793.0,23,23,100,0,100,0,200,0,100.0,22945.0,100.0,44404520480.0,100.0,100331321870.0
2018-07-04,Z304L97T,ST4000DM000,4000787030016,0,107,13632824,92,0,100,8,100,0,81,127901253,74,23019,100,0,100,8,100.0,0.0,100.0,0.0,100.0,0.0,100.0,0.0,100.0,0.0,77.0,23.0,100.0,0.0,100.0,0.0,98.0,4794.0,23,23,100,0,100,0,200,0,100.0,22969.0,100.0,44407262088.0,100.0,100464108940.0
2018-07-05,Z304L97T,ST4000DM000,4000787030016,0,115,84619704,92,0,100,8,100,0,81,128766188,74,23043,100,0,100,8,100.0,0.0,100.0,0.0,100.0,0.0,100.0,0.0,100.0,0.0,77.0,23.0,100.0,0.0,100.0,0.0,98.0,4794.0,23,23,100,0,100,0,200,0,100.0,22994.0,100.0,44409229976.0,100.0,100628158948.0
2018-07-06,Z304L97T,ST4000DM000,4000787030016,0,119,209883848,92,0,100,8,100,0,81,129496810,74,23067,100,0,100,8,100.0,0.0,100.0,0.0,100.0,0.0,100.0,0.0,100.0,0.0,78.0,22.0,100.0,0.0,100.0,0.0,98.0,4794.0,22,22,100,0,100,0,200,0,100.0,23017.0,100.0,44411418408.0,100.0,100753089714.0
2018-07-07,Z304L97T,ST4000DM000,4000787030016,0,117,160509288,92,0,100,8,100,0,81,131170486,74,23091,100,0,100,8,100.0,0.0,100.0,0.0,100.0,0.0,100.0,0.0,100.0,0.0,78.0,22.0,100.0,0.0,100.0,0.0,98.0,4795.0,22,22,100,0,100,0,200,0,100.0,23041.0,100.0,44415956296.0,100.0,100907801461.0
2018-07-08,Z304L97T,ST4000DM000,4000787030016,0,120,235807560,92,0,100,8,100,0,81,132168360,74,23115,100,0,100,8,100.0,0.0,100.0,0.0,100.0,0.0,100.0,0.0,100.0,0.0,78.0,22.0,100.0,0.0,100.0,0.0,98.0,4797.0,22,22,100,0,100,0,200,0,100.0,23066.0,100.0,44419165232.0,100.0,101071585573.0
2018-07-09,Z304L97T,ST4000DM000,4000787030016,0,115,88792272,92,0,100,8,100,0,81,132895604,74,23139,100,0,100,8,100.0,0.0,100.0,0.0,100.0,0.0,100.0,0.0,100.0,0.0,78.0,22.0,100.0,0.0,100.0,0.0,98.0,4799.0,22,22,100,0,100,0,200,0,100.0,23090.0,100.0,44421462512.0,100.0,101218383736.0
2018-07-10,Z304L97T,ST4000DM000,4000787030016,0,107.0,13020528.0,92.0,0.0,100.0,8.0,100.0,0.0,81.0,134843421.0,74.0,23163.0,100.0,0.0,100.0,8.0,100.0,0.0,100.0,0.0,100.0,0.0,100.0,0.0,100.0,0.0,78.0,22.0,100.0,0.0,100.0,0.0,98.0,4800.0,22.0,22.0,100.0,0.0,100.0,0.0,200.0,0.0,100.0,23113.0,100.0,44426667488.0,100.0,101386300700.0
2018-07-11,Z304L97T,ST4000DM000,4000787030016,0,108,18348472,92,0,100,8,100,0,81,135797495,74,23187,100,0,100,8,100.0,0.0,100.0,0.0,100.0,0.0,100.0,0.0,100.0,0.0,78.0,22.0,100.0,0.0,100.0,0.0,98.0,4800.0,22,22,100,0,100,0,200,0,100.0,23137.0,100.0,44428392272.0,100.0,101574082262.0
2018-07-12,Z304L97T,ST4000DM000,4000787030016,0,118,184497448,92,0,100,8,100,0,81,136603886,74,23211,100,0,100,8,100.0,0.0,100.0,0.0,100.0,0.0,100.0,0.0,100.0,0.0,78.0,22.0,100.0,0.0,100.0,0.0,98.0,4801.0,22,22,100,0,100,0,200,0,100.0,23162.0,100.0,44430467448.0,100.0,101703910286.0
2018-07-13,Z304L97T,ST4000DM000,4000787030016,0,116,103913248,92,0,100,8,100,0,81,137767880,74,23241,100,0,100,8,100.0,0.0,100.0,0.0,100.0,0.0,100.0,0.0,100.0,0.0,78.0,22.0,100.0,0.0,100.0,0.0,98.0,4803.0,22,22,100,0,100,0,200,0,100.0,23191.0,100.0,44433031224.0,100.0,101917970745.0
2018-07-14,Z304L97T,ST4000DM000,4000787030016,0,117,159950944,92,0,100,8,100,0,81,139156087,74,23264,100,0,100,8,100.0,0.0,100.0,0.0,100.0,0.0,100.0,0.0,100.0,0.0,78.0,22.0,100.0,0.0,100.0,0.0,98.0,4804.0,22,22,100,0,100,0,200,0,100.0,23215.0,100.0,44437467320.0,100.0,102071624709.0
2018-07-15,Z304L97T,ST4000DM000,4000787030016,0,117,147795136,92,0,100,8,100,0,81,141067515,74,23288,100,0,100,8,100.0,0.0,100.0,0.0,100.0,0.0,100.0,0.0,100.0,0.0,77.0,23.0,100.0,0.0,100.0,0.0,98.0,4804.0,23,23,100,0,100,0,200,0,100.0,23239.0,100.0,44443246144.0,100.0,102242004604.0
2018-07-16,Z304L97T,ST4000DM000,4000787030016,0,118,191807952,92,0,100,8,100,0,81,142416352,74,23313,100,0,100,8,100.0,0.0,100.0,0.0,100.0,0.0,100.0,0.0,100.0,0.0,76.0,24.0,100.0,0.0,100.0,0.0,98.0,4804.0,24,24,100,0,100,0,200,0,100.0,23263.0,100.0,44447776328.0,100.0,102375422623.0
2018-07-17,Z304L97T,ST4000DM000,4000787030016,0,114,71602856,92,0,100,8,100,0,81,143180097,74,23337,100,0,100,8,100.0,0.0,100.0,0.0,100.0,0.0,100.0,0.0,100.0,0.0,76.0,24.0,100.0,0.0,100.0,0.0,98.0,4805.0,24,24,100,0,100,0,200,0,100.0,23287.0,100.0,44450581872.0,100.0,102507240265.0
2018-07-18,Z304L97T,ST4000DM000,4000787030016,0,117,158094160,92,0,100,8,100,0,81,144165440,74,23360,100,0,100,8,100.0,0.0,100.0,0.0,100.0,0.0,100.0,0.0,100.0,0.0,76.0,24.0,100.0,0.0,100.0,0.0,98.0,4807.0,24,24,100,0,100,0,200,0,100.0,23311.0,100.0,44452950768.0,100.0,102664686564.0
2018-07-19,Z304L97T,ST4000DM000,4000787030016,0,111,39213224,92,0,100,8,100,0,81,145192237,74,23384,100,0,100,8,100.0,0.0,100.0,0.0,100.0,0.0,100.0,0.0,100.0,0.0,78.0,22.0,100.0,0.0,100.0,0.0,98.0,4809.0,22,22,100,0,100,0,200,0,100.0,23335.0,100.0,44455566664.0,100.0,102808879874.0
2018-07-20,Z304L97T,ST4000DM000,4000787030016,0,114,75322696,92,0,100,8,100,0,81,146415390,74,23408,100,0,100,8,100.0,0.0,100.0,0.0,100.0,0.0,100.0,0.0,100.0,0.0,78.0,22.0,100.0,0.0,100.0,0.0,98.0,4810.0,22,22,100,0,100,0,200,0,100.0,23359.0,100.0,44457704216.0,100.0,102965652037.0
2018-07-21,Z304L97T,ST4000DM000,4000787030016,0,116,115281152,92,0,100,8,100,0,81,148413643,74,23433,100,0,100,8,100.0,0.0,100.0,0.0,100.0,0.0,100.0,0.0,100.0,0.0,77.0,23.0,100.0,0.0,100.0,0.0,98.0,4811.0,23,23,100,0,100,0,200,0,100.0,23383.0,100.0,44462072912.0,100.0,103159413961.0
2018-07-22,Z304L97T,ST4000DM000,4000787030016,0,117,140641032,92,0,100,8,100,0,81,149370983,74,23456,100,0,100,8,100.0,0.0,100.0,0.0,100.0,0.0,100.0,0.0,100.0,0.0,77.0,23.0,100.0,0.0,100.0,0.0,98.0,4812.0,23,23,100,0,100,0,200,0,100.0,23407.0,100.0,44463510064.0,100.0,103299958954.0
2018-07-23,Z304L97T,ST4000DM000,4000787030016,0,110,28243640,92,0,100,8,100,0,81,150759476,74,23480,100,0,100,8,100.0,0.0,100.0,0.0,100.0,0.0,100.0,0.0,100.0,0.0,77.0,23.0,100.0,0.0,100.0,0.0,98.0,4812.0,23,23,100,0,100,0,200,0,100.0,23431.0,100.0,44468319896.0,100.0,103436351301.0
2018-07-24,Z304L97T,ST4000DM000,4000787030016,0,116,109285448,92,0,100,8,100,0,81,152372536,74,23504,100,0,100,8,100.0,0.0,100.0,0.0,100.0,0.0,100.0,0.0,100.0,0.0,77.0,23.0,100.0,0.0,100.0,0.0,98.0,4813.0,23,23,100,0,100,0,200,0,100.0,23455.0,100.0,44469799424.0,100.0,103586564206.0
2018-07-25,Z304L97T,ST4000DM000,4000787030016,0,111.0,36585560.0,92.0,0.0,100.0,8.0,100.0,0.0,81.0,153076645.0,74.0,23529.0,100.0,0.0,100.0,8.0,100.0,0.0,100.0,0.0,100.0,0.0,100.0,0.0,100.0,0.0,77.0,23.0,100.0,0.0,100.0,0.0,98.0,4813.0,23.0,23.0,100.0,0.0,100.0,0.0,200.0,0.0,100.0,23479.0,100.0,44471349640.0,100.0,103737505103.0
2018-07-26,Z304L97T,ST4000DM000,4000787030016,0,117,161255792,92,0,100,8,100,0,81,153572529,74,23553,100,0,100,8,100.0,0.0,100.0,0.0,100.0,0.0,100.0,0.0,100.0,0.0,77.0,23.0,100.0,0.0,100.0,0.0,98.0,4814.0,23,23,100,0,100,0,200,0,100.0,23503.0,100.0,44472594288.0,100.0,103843344607.0
2018-07-27,Z304L97T,ST4000DM000,4000787030016,0,117,146330496,92,0,100,8,100,0,81,154130985,74,23576,100,0,100,8,100.0,0.0,100.0,0.0,100.0,0.0,100.0,0.0,100.0,0.0,77.0,23.0,100.0,0.0,100.0,0.0,98.0,4815.0,23,23,100,0,100,0,200,0,100.0,23527.0,100.0,44473838232.0,100.0,103966214500.0
2018-07-28,Z304L97T,ST4000DM000,4000787030016,0,116,106439392,92,0,100,8,100,0,81,155230577,74,23600,100,0,100,8,100.0,0.0,100.0,0.0,100.0,0.0,100.0,0.0,100.0,0.0,77.0,23.0,100.0,0.0,100.0,0.0,98.0,4873.0,23,23,100,0,100,0,200,0,100.0,23551.0,100.0,44477813328.0,100.0,104091530126.0
2018-07-29,Z304L97T,ST4000DM000,4000787030016,0,119,227335288,92,0,100,8,100,0,81,155637909,74,23625,100,0,100,8,100.0,0.0,100.0,0.0,100.0,0.0,100.0,0.0,100.0,0.0,77.0,23.0,100.0,0.0,100.0,0.0,98.0,4875.0,23,23,100,0,100,0,200,0,100.0,23575.0,100.0,44479669672.0,100.0,104277577892.0
2018-07-30,Z304L97T,ST4000DM000,4000787030016,0,117,156052184,92,0,100,8,100,0,81,156655959,74,23649,100,0,100,8,100.0,0.0,100.0,0.0,100.0,0.0,100.0,0.0,100.0,0.0,77.0,23.0,100.0,0.0,100.0,0.0,98.0,4877.0,23,23,100,0,100,0,200,0,100.0,23599.0,100.0,44483941808.0,100.0,104433140615.0
2018-07-31,Z304L97T,ST4000DM000,4000787030016,0,117,153065440,92,0,100,8,100,0,81,158005598,73,23673,100,0,100,8,100.0,0.0,100.0,0.0,100.0,0.0,100.0,0.0,100.0,0.0,77.0,23.0,100.0,0.0,100.0,0.0,98.0,4877.0,23,23,100,0,100,0,200,0,100.0,23623.0,100.0,44486271040.0,100.0,104619438379.0
2018-08-01,Z304L97T,ST4000DM000,4000787030016,0,119,214504184,92,0,100,8,100,0,81,158319380,73,23696,100,0,100,8,100.0,0.0,100.0,0.0,100.0,0.0,100.0,0.0,100.0,0.0,77.0,23.0,100.0,0.0,100.0,0.0,98.0,4878.0,23,23,100,0,100,0,200,0,100.0,23647.0,100.0,44488044720.0,100.0,104778882230.0
2018-08-02,Z304L97T,ST4000DM000,4000787030016,0,118,177348120,92,0,100,8,100,0,81,158687717,73,23721,100,0,100,8,100.0,0.0,100.0,0.0,100.0,0.0,100.0,0.0,100.0,0.0,77.0,23.0,100.0,0.0,100.0,0.0,98.0,4878.0,23,23,100,0,100,0,200,0,100.0,23671.0,100.0,44490011928.0,100.0,104935581497.0
2018-08-03,Z304L97T,ST4000DM000,4000787030016,0,114,66800640,92,0,100,8,100,0,81,159014537,73,23745,100,0,100,8,100.0,0.0,100.0,0.0,100.0,0.0,100.0,0.0,100.0,0.0,77.0,23.0,100.0,0.0,100.0,0.0,98.0,4879.0,23,23,100,0,100,0,200,0,100.0,23695.0,100.0,44491854184.0,100.0,105111485198.0
2018-08-04,Z304L97T,ST4000DM000,4000787030016,0,119,226593280,92,0,100,8,100,0,81,160486848,73,23769,100,0,100,8,100.0,0.0,100.0,0.0,100.0,0.0,100.0,0.0,100.0,0.0,77.0,23.0,100.0,0.0,100.0,0.0,98.0,4879.0,23,23,100,0,100,0,200,0,100.0,23719.0,100.0,44496255432.0,100.0,105303638197.0
2018-08-05,Z304L97T,ST4000DM000,4000787030016,0,113,55900152,92,0,100,8,100,0,81,161305277,73,23792,100,0,100,8,100.0,0.0,100.0,0.0,100.0,0.0,100.0,0.0,100.0,0.0,77.0,23.0,100.0,0.0,100.0,0.0,98.0,4880.0,23,23,100,0,100,0,200,0,100.0,23743.0,100.0,44498134088.0,100.0,105468482957.0
2018-08-06,Z304L97T,ST4000DM000,4000787030016,0,113,57898528,92,0,100,8,100,0,81,162895316,73,23817,100,0,100,8,100.0,0.0,100.0,0.0,100.0,0.0,100.0,0.0,100.0,0.0,77.0,23.0,100.0,0.0,100.0,0.0,98.0,4880.0,23,23,100,0,100,0,200,0,100.0,23767.0,100.0,44502504256.0,100.0,105646310319.0
2018-08-07,Z304L97T,ST4000DM000,4000787030016,0,120,235626600,92,0,100,8,100,0,81,164255042,73,23841,100,0,100,8,100.0,0.0,100.0,0.0,100.0,0.0,100.0,0.0,100.0,0.0,78.0,22.0,100.0,0.0,100.0,0.0,98.0,4880.0,22,22,100,0,100,0,200,0,100.0,23791.0,100.0,44504149160.0,100.0,105813054625.0
2018-08-08,Z304L97T,ST4000DM000,4000787030016,0,105,10237600,92,0,100,8,100,0,81,167286785,73,23865,100,0,100,8,100.0,0.0,100.0,0.0,100.0,0.0,100.0,0.0,100.0,0.0,78.0,22.0,100.0,0.0,100.0,0.0,98.0,4882.0,22,22,100,0,100,0,200,0,100.0,23815.0,100.0,44509450872.0,100.0,106010053413.0
2018-08-09,Z304L97T,ST4000DM000,4000787030016,0,108,16711280,92,0,100,8,100,0,82,167964581,73,23883,100,0,100,8,100.0,0.0,100.0,0.0,100.0,0.0,100.0,0.0,100.0,0.0,77.0,23.0,100.0,0.0,100.0,0.0,98.0,4883.0,23,23,100,0,100,0,200,0,100.0,23833.0,100.0,44510637360.0,100.0,106119555846.0
2018-08-10,Z304L97T,ST4000DM000,4000787030016,0,113,56589880,92,0,100,8,100,0,82,168712041,73,23908,100,0,100,8,100.0,0.0,100.0,0.0,100.0,0.0,100.0,0.0,100.0,0.0,76.0,24.0,100.0,0.0,100.0,0.0,98.0,4888.0,24,24,100,0,100,0,200,0,100.0,23858.0,100.0,44512587192.0,100.0,106287312147.0
2018-08-11,Z304L97T,ST4000DM000,4000787030016,0,112,44518352,92,0,100,8,100,0,82,170050523,73,23932,100,0,100,8,100.0,0.0,100.0,0.0,100.0,0.0,100.0,0.0,100.0,0.0,78.0,22.0,100.0,0.0,100.0,0.0,98.0,4888.0,22,22,100,0,100,0,200,0,100.0,23882.0,100.0,44516852432.0,100.0,106443794941.0
2018-08-12,Z304L97T,ST4000DM000,4000787030016,0,119,229750704,92,0,100,8,100,0,82,170804743,73,23955,100,0,100,8,100.0,0.0,100.0,0.0,100.0,0.0,100.0,0.0,100.0,0.0,78.0,22.0,100.0,0.0,100.0,0.0,98.0,4889.0,22,22,100,0,100,0,200,0,100.0,23905.0,100.0,44518507408.0,100.0,106591499460.0
2018-08-13,Z304L97T,ST4000DM000,4000787030016,0,117,163521584,92,0,100,8,100,0,82,171489783,73,23979,100,0,100,8,100.0,0.0,100.0,0.0,100.0,0.0,100.0,0.0,100.0,0.0,78.0,22.0,100.0,0.0,100.0,0.0,98.0,4890.0,22,22,100,0,100,0,200,0,100.0,23929.0,100.0,44520223656.0,100.0,106716538598.0
2018-08-14,Z304L97T,ST4000DM000,4000787030016,0,114.0,73653592.0,92.0,0.0,100.0,8.0,100.0,0.0,82.0,172869338.0,73.0,24004.0,100.0,0.0,100.0,8.0,100.0,0.0,100.0,0.0,100.0,0.0,100.0,0.0,100.0,0.0,78.0,22.0,100.0,0.0,100.0,0.0,98.0,4891.0,22.0,22.0,100.0,0.0,100.0,0.0,200.0,0.0,100.0,23954.0,100.0,44524179944.0,100.0,106843971565.0
2018-08-15,Z304L97T,ST4000DM000,4000787030016,0,118.0,198981648.0,92.0,0.0,100.0,8.0,100.0,0.0,82.0,173805056.0,73.0,24028.0,100.0,0.0,100.0,8.0,100.0,0.0,100.0,0.0,100.0,0.0,100.0,0.0,100.0,0.0,77.0,23.0,100.0,0.0,100.0,0.0,98.0,4892.0,23.0,23.0,100.0,0.0,100.0,0.0,200.0,0.0,100.0,23978.0,100.0,44525834904.0,100.0,106973541280.0
2018-08-16,Z304L97T,ST4000DM000,4000787030016,0,118,185565256,92,0,100,8,100,0,82,174586068,73,24055,100,0,100,8,100.0,0.0,100.0,0.0,100.0,0.0,100.0,0.0,100.0,0.0,77.0,23.0,100.0,0.0,100.0,0.0,98.0,4898.0,23,23,100,0,100,0,200,0,100.0,24005.0,100.0,44527759320.0,100.0,107136178485.0
2018-08-17,Z304L97T,ST4000DM000,4000787030016,0,115,91063024,92,0,100,8,100,0,82,175332917,73,24079,100,0,100,8,100.0,0.0,100.0,0.0,100.0,0.0,100.0,0.0,100.0,0.0,77.0,23.0,100.0,0.0,100.0,0.0,98.0,4902.0,23,23,100,0,100,0,200,0,100.0,24029.0,100.0,44529292648.0,100.0,107287122756.0
2018-08-18,Z304L97T,ST4000DM000,4000787030016,0,112,50317184,92,0,100,8,100,0,82,178073932,73,24103,100,0,100,8,100.0,0.0,100.0,0.0,100.0,0.0,100.0,0.0,100.0,0.0,77.0,23.0,100.0,0.0,100.0,0.0,98.0,4903.0,23,23,100,0,100,0,200,0,100.0,24053.0,100.0,44535023704.0,100.0,107498179532.0
2018-08-19,Z304L97T,ST4000DM000,4000787030016,0,119,206247832,92,0,100,8,100,0,82,178797706,73,24127,100,0,100,8,100.0,0.0,100.0,0.0,100.0,0.0,100.0,0.0,100.0,0.0,77.0,23.0,100.0,0.0,100.0,0.0,98.0,4904.0,23,23,100,0,100,0,200,0,100.0,24077.0,100.0,44536458680.0,100.0,107629413158.0
2018-08-20,Z304L97T,ST4000DM000,4000787030016,0,106,11279712,92,0,100,8,100,0,82,180108004,73,24151,100,0,100,8,100.0,0.0,100.0,0.0,100.0,0.0,100.0,0.0,100.0,0.0,77.0,23.0,100.0,0.0,100.0,0.0,98.0,4914.0,23,23,100,0,100,0,200,0,100.0,24101.0,100.0,44540088168.0,100.0,107753715294.0
2018-08-21,Z304L97T,ST4000DM000,4000787030016,0,119,212589072,92,0,100,8,100,0,82,180973055,73,24175,100,0,100,8,100.0,0.0,100.0,0.0,100.0,0.0,100.0,0.0,100.0,0.0,77.0,23.0,100.0,0.0,100.0,0.0,98.0,4930.0,23,23,100,0,100,0,200,0,100.0,24125.0,100.0,44541528000.0,100.0,107917187887.0
2018-08-22,Z304L97T,ST4000DM000,4000787030016,0,119,232970488,92,0,100,8,100,0,82,181592150,73,24199,100,0,100,8,100.0,0.0,100.0,0.0,100.0,0.0,100.0,0.0,100.0,0.0,77.0,23.0,100.0,0.0,100.0,0.0,98.0,4934.0,23,23,100,0,100,0,200,0,100.0,24149.0,100.0,44542836576.0,100.0,108041521746.0
2018-08-23,Z304L97T,ST4000DM000,4000787030016,0,116,100842640,92,0,100,8,100,0,82,182336712,73,24223,100,0,100,8,100.0,0.0,100.0,0.0,100.0,0.0,100.0,0.0,100.0,0.0,77.0,23.0,100.0,0.0,100.0,0.0,98.0,4937.0,23,23,100,0,100,0,200,0,100.0,24173.0,100.0,44544250352.0,100.0,108189315860.0
2018-08-24,Z304L97T,ST4000DM000,4000787030016,0,118,195371768,92,0,100,8,100,0,82,182972887,73,24247,100,0,100,8,100.0,0.0,100.0,0.0,100.0,0.0,100.0,0.0,100.0,0.0,77.0,23.0,100.0,0.0,100.0,0.0,98.0,4948.0,23,23,100,0,100,0,200,0,100.0,24197.0,100.0,44545670888.0,100.0,108302291729.0
2018-08-25,Z304L97T,ST4000DM000,4000787030016,0,113,54056704,92,0,100,8,100,0,82,184398732,73,24271,100,0,100,8,100.0,0.0,100.0,0.0,100.0,0.0,100.0,0.0,100.0,0.0,77.0,23.0,100.0,0.0,100.0,0.0,98.0,4961.0,23,23,100,0,100,0,200,0,100.0,24221.0,100.0,44549737360.0,100.0,108444071477.0
2018-08-26,Z304L97T,ST4000DM000,4000787030016,0,116,112702008,92,0,100,8,100,0,82,185289722,73,24295,100,0,100,8,100.0,0.0,100.0,0.0,100.0,0.0,100.0,0.0,100.0,0.0,78.0,22.0,100.0,0.0,100.0,0.0,98.0,4962.0,22,22,100,0,100,0,200,0,100.0,24245.0,100.0,44551172536.0,100.0,108592304939.0
2018-08-27,Z304L97T,ST4000DM000,4000787030016,0,116,110908200,92,0,100,8,100,0,82,186848014,73,24319,100,0,100,8,100.0,0.0,100.0,0.0,100.0,0.0,100.0,0.0,100.0,0.0,77.0,23.0,100.0,0.0,100.0,0.0,98.0,4968.0,23,23,100,0,100,0,200,0,100.0,24269.0,100.0,44555051680.0,100.0,108740496722.0
2018-08-28,Z304L97T,ST4000DM000,4000787030016,0,111,36640640,92,0,100,8,100,0,82,187826572,73,24343,100,0,100,8,100.0,0.0,100.0,0.0,100.0,0.0,100.0,0.0,100.0,0.0,77.0,23.0,100.0,0.0,100.0,0.0,98.0,4971.0,23,23,100,0,100,0,200,0,100.0,24293.0,100.0,44556438952.0,100.0,108870310643.0
2018-08-29,Z304L97T,ST4000DM000,4000787030016,0,119,216358464,92,0,100,8,100,0,82,190079342,73,24366,100,0,100,8,100.0,0.0,100.0,0.0,100.0,0.0,100.0,0.0,100.0,0.0,77.0,23.0,100.0,0.0,100.0,0.0,98.0,4975.0,23,23,100,0,100,0,200,0,100.0,24316.0,100.0,44561823704.0,100.0,109023816278.0
2018-08-30,Z304L97T,ST4000DM000,4000787030016,0,114,75007472,92,0,100,8,100,0,82,191253461,73,24390,100,0,100,8,100.0,0.0,100.0,0.0,100.0,0.0,100.0,0.0,100.0,0.0,77.0,23.0,100.0,0.0,100.0,0.0,98.0,4995.0,23,23,100,0,100,0,200,0,100.0,24340.0,100.0,44563049056.0,100.0,109174806028.0
2018-08-31,Z304L97T,ST4000DM000,4000787030016,0,111,34774536,92,0,100,8,100,0,82,192049842,73,24414,100,0,100,8,100.0,0.0,100.0,0.0,100.0,0.0,100.0,0.0,100.0,0.0,77.0,23.0,100.0,0.0,100.0,0.0,98.0,5007.0,23,23,100,0,100,0,200,0,100.0,24364.0,100.0,44564308128.0,100.0,109308806012.0
2018-09-01,Z304L97T,ST4000DM000,4000787030016,0,118,182045536,92,0,100,8,100,0,82,193566490,73,24438,100,0,100,8,100.0,0.0,100.0,0.0,100.0,0.0,100.0,0.0,100.0,0.0,77.0,23.0,100.0,0.0,100.0,0.0,98.0,5008.0,23,23,100,0,100,0,200,0,100.0,24388.0,100.0,44568326592.0,100.0,109465393484.0
2018-09-02,Z304L97T,ST4000DM000,4000787030016,0,111,29736320,92,0,100,8,100,0,82,194156245,73,24462,100,0,100,8,100.0,0.0,100.0,0.0,100.0,0.0,100.0,0.0,100.0,0.0,77.0,23.0,100.0,0.0,100.0,0.0,98.0,5024.0,23,23,100,0,100,0,200,0,100.0,24412.0,100.0,44569514088.0,100.0,109590678334.0
2018-09-03,Z304L97T,ST4000DM000,4000787030016,0,112,45713376,92,0,100,8,100,0,82,195250552,73,24486,100,0,100,8,100.0,0.0,100.0,0.0,100.0,0.0,100.0,0.0,100.0,0.0,77.0,23.0,100.0,0.0,100.0,0.0,98.0,5028.0,23,23,100,0,100,0,200,0,100.0,24436.0,100.0,44572677272.0,100.0,109722407110.0
2018-09-04,Z304L97T,ST4000DM000,4000787030016,0,119,229531712,92,0,100,8,100,0,82,195828223,73,24510,100,0,100,8,100.0,0.0,100.0,0.0,100.0,0.0,100.0,0.0,100.0,0.0,77.0,23.0,100.0,0.0,100.0,0.0,98.0,5032.0,23,23,100,0,100,0,200,0,100.0,24460.0,100.0,44574513064.0,100.0,109818019855.0
2018-09-05,Z304L97T,ST4000DM000,4000787030016,0,117,148028456,92,0,100,8,100,0,82,196376618,72,24534,100,0,100,8,100.0,0.0,100.0,0.0,100.0,0.0,100.0,0.0,100.0,0.0,77.0,23.0,100.0,0.0,100.0,0.0,98.0,5033.0,23,23,100,0,100,0,200,0,100.0,24484.0,100.0,44575864352.0,100.0,109932649995.0
2018-09-06,Z304L97T,ST4000DM000,4000787030016,0,116,114043016,92,0,100,8,100,0,82,196834448,72,24560,100,0,100,8,100.0,0.0,100.0,0.0,100.0,0.0,100.0,0.0,100.0,0.0,77.0,23.0,100.0,0.0,100.0,0.0,98.0,5049.0,23,23,100,0,100,0,200,0,100.0,24509.0,100.0,44577169416.0,100.0,110040206536.0
2018-09-07,Z304L97T,ST4000DM000,4000787030016,0,118,188225240,92,0,100,8,100,0,82,197235499,72,24583,100,0,100,8,100.0,0.0,100.0,0.0,100.0,0.0,100.0,0.0,100.0,0.0,77.0,23.0,100.0,0.0,100.0,0.0,98.0,5050.0,23,23,100,0,100,0,200,0,100.0,24533.0,100.0,44579060032.0,100.0,110208533218.0
2018-09-08,Z304L97T,ST4000DM000,4000787030016,0,118,180426016,92,0,100,8,100,0,82,199480933,72,24607,100,0,100,8,100.0,0.0,100.0,0.0,100.0,0.0,100.0,0.0,100.0,0.0,77.0,23.0,100.0,0.0,100.0,0.0,98.0,5060.0,23,23,100,0,100,0,200,0,100.0,24557.0,100.0,44583827408.0,100.0,110408556067.0
2018-09-09,Z304L97T,ST4000DM000,4000787030016,0,118,184452808,92,0,100,8,100,0,82,199879557,72,24631,100,0,100,8,100.0,0.0,100.0,0.0,100.0,0.0,100.0,0.0,100.0,0.0,77.0,23.0,100.0,0.0,100.0,0.0,98.0,5074.0,23,23,100,0,100,0,200,0,100.0,24581.0,100.0,44585880456.0,100.0,110561424357.0
2018-09-10,Z304L97T,ST4000DM000,4000787030016,0,116,105852928,92,0,100,8,100,0,82,200858473,72,24655,100,0,100,8,100.0,0.0,100.0,0.0,100.0,0.0,100.0,0.0,100.0,0.0,77.0,23.0,100.0,0.0,100.0,0.0,98.0,5081.0,23,23,100,0,100,0,200,0,100.0,24605.0,100.0,44589839616.0,100.0,110720307434.0
2018-09-11,Z304L97T,ST4000DM000,4000787030016,0,116,114891544,92,0,100,8,100,0,82,201170259,72,24679,100,0,100,8,100.0,0.0,100.0,0.0,100.0,0.0,100.0,0.0,100.0,0.0,77.0,23.0,100.0,0.0,100.0,0.0,98.0,5086.0,23,23,100,0,100,0,200,0,100.0,24629.0,100.0,44591753920.0,100.0,110843222972.0
2018-09-12,Z304L97T,ST4000DM000,4000787030016,0,111,39829800,92,0,100,8,100,0,83,201536883,72,24704,100,0,100,8,100.0,0.0,100.0,0.0,100.0,0.0,100.0,0.0,100.0,0.0,77.0,23.0,100.0,0.0,100.0,0.0,98.0,5092.0,23,23,100,0,100,0,200,0,100.0,24653.0,100.0,44593565256.0,100.0,111006436200.0
2018-09-13,Z304L97T,ST4000DM000,4000787030016,0,102,3930856,92,0,100,8,100,0,83,201824559,72,24724,100,0,100,8,100.0,0.0,100.0,0.0,100.0,0.0,100.0,0.0,100.0,0.0,77.0,23.0,100.0,0.0,100.0,0.0,98.0,5096.0,23,23,100,0,100,0,200,0,100.0,24674.0,100.0,44595174472.0,100.0,111144895809.0
2018-09-14,Z304L97T,ST4000DM000,4000787030016,0,116,110579704,92,0,100,8,100,0,83,202591543,72,24748,100,0,100,8,100.0,0.0,100.0,0.0,100.0,0.0,100.0,0.0,100.0,0.0,75.0,25.0,100.0,0.0,100.0,0.0,98.0,5099.0,25,25,100,0,100,0,200,0,100.0,24698.0,100.0,44597012704.0,100.0,111306465302.0
2018-09-15,Z304L97T,ST4000DM000,4000787030016,0,117,143038672,92,0,100,8,100,0,83,204119441,72,24772,100,0,100,8,100.0,0.0,100.0,0.0,100.0,0.0,100.0,0.0,100.0,0.0,74.0,26.0,100.0,0.0,100.0,0.0,98.0,5103.0,26,26,100,0,100,0,200,0,100.0,24721.0,100.0,44602988192.0,100.0,111472567731.0
2018-09-16,Z304L97T,ST4000DM000,4000787030016,0,118,194566688,92,0,100,8,100,0,83,205410130,72,24796,100,0,100,8,100.0,0.0,100.0,0.0,100.0,0.0,100.0,0.0,100.0,0.0,74.0,26.0,100.0,0.0,100.0,0.0,98.0,5106.0,26,26,100,0,100,0,200,0,100.0,24745.0,100.0,44612446448.0,100.0,111652976960.0
2018-09-17,Z304L97T,ST4000DM000,4000787030016,0,119,234092592,92,0,100,8,100,0,83,207033746,72,24820,100,0,100,8,100.0,0.0,100.0,0.0,100.0,0.0,100.0,0.0,100.0,0.0,74.0,26.0,100.0,0.0,100.0,0.0,98.0,5106.0,26,26,100,0,100,0,200,0,100.0,24769.0,100.0,44621355768.0,100.0,111823422997.0
2018-09-18,Z304L97T,ST4000DM000,4000787030016,0,117,154660704,92,0,100,8,100,0,83,210477231,72,24844,100,0,100,8,100.0,0.0,100.0,0.0,100.0,0.0,100.0,0.0,100.0,0.0,76.0,24.0,100.0,0.0,100.0,0.0,98.0,5110.0,24,24,100,0,100,0,200,0,100.0,24793.0,100.0,44629456984.0,100.0,111988252296.0
2018-09-19,Z304L97T,ST4000DM000,4000787030016,0,114,70285808,92,0,100,8,100,0,83,211479476,72,24868,100,0,100,8,100.0,0.0,100.0,0.0,100.0,0.0,100.0,0.0,100.0,0.0,76.0,24.0,100.0,0.0,100.0,0.0,98.0,5110.0,24,24,100,0,100,0,200,0,100.0,24818.0,100.0,44631175592.0,100.0,112145442107.0
2018-09-20,Z304L97T,ST4000DM000,4000787030016,0,117,163252672,92,0,100,8,100,0,83,212188793,72,24892,100,0,100,8,100.0,0.0,100.0,0.0,100.0,0.0,100.0,0.0,100.0,0.0,76.0,24.0,100.0,0.0,100.0,0.0,98.0,5112.0,24,24,100,0,100,0,200,0,100.0,24841.0,100.0,44633043320.0,100.0,112302186961.0
2018-09-21,Z304L97T,ST4000DM000,4000787030016,0,118,198543208,92,0,100,8,100,0,83,212954510,72,24915,100,0,100,8,100.0,0.0,100.0,0.0,100.0,0.0,100.0,0.0,100.0,0.0,76.0,24.0,100.0,0.0,100.0,0.0,98.0,5114.0,24,24,100,0,100,0,200,0,100.0,24865.0,100.0,44636858584.0,100.0,112447774870.0
2018-09-22,Z304L97T,ST4000DM000,4000787030016,0,119,234148296,92,0,100,8,100,0,83,214569293,72,24940,100,0,100,8,100.0,0.0,100.0,0.0,100.0,0.0,100.0,0.0,100.0,0.0,76.0,24.0,100.0,0.0,100.0,0.0,98.0,5114.0,24,24,100,0,100,0,200,0,100.0,24890.0,100.0,44645002352.0,100.0,112614763085.0
2018-09-23,Z304L97T,ST4000DM000,4000787030016,0,114,72261808,92,0,100,8,100,0,83,215344250,72,24964,100,0,100,8,100.0,0.0,100.0,0.0,100.0,0.0,100.0,0.0,100.0,0.0,76.0,24.0,100.0,0.0,100.0,0.0,98.0,5114.0,24,24,100,0,100,0,200,0,100.0,24914.0,100.0,44648872376.0,100.0,112741839387.0
2018-09-24,Z304L97T,ST4000DM000,4000787030016,0,118,188861680,92,0,100,8,100,0,83,216453595,72,24988,100,0,100,8,100.0,0.0,100.0,0.0,100.0,0.0,100.0,0.0,100.0,0.0,76.0,24.0,100.0,0.0,100.0,0.0,98.0,5115.0,24,24,100,0,100,0,200,0,100.0,24938.0,100.0,44654489536.0,100.0,112887136338.0
2018-09-25,Z304L97T,ST4000DM000,4000787030016,0,118,193754360,92,0,100,8,100,0,83,217870540,72,25012,100,0,100,8,100.0,0.0,100.0,0.0,100.0,0.0,100.0,0.0,100.0,0.0,76.0,24.0,100.0,0.0,100.0,0.0,98.0,5115.0,24,24,100,0,100,0,200,0,100.0,24962.0,100.0,44659927624.0,100.0,113009381393.0
2018-09-26,Z304L97T,ST4000DM000,4000787030016,0,112,43089744,92,0,100,8,100,0,83,218616338,72,25036,100,0,100,8,100.0,0.0,100.0,0.0,100.0,0.0,100.0,0.0,100.0,0.0,77.0,23.0,100.0,0.0,100.0,0.0,98.0,5115.0,23,23,100,0,100,0,200,0,100.0,24986.0,100.0,44662893240.0,100.0,113159678678.0
2018-09-27,Z304L97T,ST4000DM000,4000787030016,0,114,83444216,92,0,100,8,100,0,83,219405122,72,25060,100,0,100,8,100.0,0.0,100.0,0.0,100.0,0.0,100.0,0.0,100.0,0.0,76.0,24.0,100.0,0.0,100.0,0.0,98.0,5116.0,24,24,100,0,100,0,200,0,100.0,25009.0,100.0,44665883480.0,100.0,113310803068.0
2018-09-28,Z304L97T,ST4000DM000,4000787030016,0,114,74647136,92,0,100,8,100,0,83,220581530,72,25087,100,0,100,8,100.0,0.0,100.0,0.0,100.0,0.0,100.0,0.0,100.0,0.0,76.0,24.0,100.0,0.0,100.0,0.0,98.0,5118.0,24,24,100,0,100,0,200,0,100.0,25037.0,100.0,44668787584.0,100.0,113515783916.0
2018-09-29,Z304L97T,ST4000DM000,4000787030016,0,114,63136232,92,0,100,8,100,0,83,223010632,72,25111,100,0,100,8,100.0,0.0,100.0,0.0,100.0,0.0,100.0,0.0,100.0,0.0,76.0,24.0,100.0,0.0,100.0,0.0,98.0,5118.0,24,24,100,0,100,0,200,0,100.0,25061.0,100.0,44674091688.0,100.0,113664077153.0
2018-09-30,Z304L97T,ST4000DM000,4000787030016,0,119,223129880,92,0,100,8,100,0,83,223861735,72,25135,100,0,100,8,100.0,0.0,100.0,0.0,100.0,0.0,100.0,0.0,100.0,0.0,76.0,24.0,100.0,0.0,100.0,0.0,98.0,5118.0,24,24,100,0,100,0,200,0,100.0,25085.0,100.0,44675539472.0,100.0,113826904090.0
2018-10-01,Z304L97T,ST4000DM000,4000787030016,0,111,30475000,92,0,100,8,100,0,83,225157878,72,25160,100,0,100,8,100.0,0.0,100.0,0.0,100.0,0.0,100.0,0.0,100.0,0.0,76.0,24.0,100.0,0.0,100.0,0.0,98.0,5120.0,24,24,100,0,100,0,200,0,100.0,25109.0,100.0,44679869120.0,100.0,113969741451.0
2018-10-02,Z304L97T,ST4000DM000,4000787030016,0,109,23514280,92,0,100,8,100,0,83,225955762,72,25184,100,0,100,8,100.0,0.0,100.0,0.0,100.0,0.0,100.0,0.0,100.0,0.0,76.0,24.0,100.0,0.0,100.0,0.0,98.0,5120.0,24,24,100,0,100,0,200,0,100.0,25133.0,100.0,44682415384.0,100.0,114123912805.0
2018-10-03,Z304L97T,ST4000DM000,4000787030016,0,114,62808400,92,0,100,8,100,0,83,226639873,72,25208,100,0,100,8,100.0,0.0,100.0,0.0,100.0,0.0,100.0,0.0,100.0,0.0,76.0,24.0,100.0,0.0,100.0,0.0,98.0,5121.0,24,24,100,0,100,0,200,0,100.0,25157.0,100.0,44684672928.0,100.0,114242030031.0
2018-10-04,Z304L97T,ST4000DM000,4000787030016,0,117.0,153104104.0,92.0,0.0,100.0,8.0,100.0,0.0,83.0,227386110.0,72.0,25231.0,100.0,0.0,100.0,8.0,100.0,0.0,100.0,0.0,100.0,0.0,100.0,0.0,100.0,0.0,76.0,24.0,100.0,0.0,100.0,0.0,98.0,5121.0,24.0,24.0,100.0,0.0,100.0,0.0,200.0,0.0,100.0,25181.0,100.0,44687098936.0,100.0,114365550845.0
2018-10-05,Z304L97T,ST4000DM000,4000787030016,0,117,145945080,92,0,100,8,100,0,83,228305397,72,25255,100,0,100,8,100.0,0.0,100.0,0.0,100.0,0.0,100.0,0.0,100.0,0.0,76.0,24.0,100.0,0.0,100.0,0.0,98.0,5122.0,24,24,100,0,100,0,200,0,100.0,25205.0,100.0,44689175144.0,100.0,114512487715.0
2018-10-06,Z304L97T,ST4000DM000,4000787030016,0,119,215155840,92,0,100,8,100,0,83,229943094,72,25279,100,0,100,8,100.0,0.0,100.0,0.0,100.0,0.0,100.0,0.0,100.0,0.0,76.0,24.0,100.0,0.0,100.0,0.0,98.0,5123.0,24,24,100,0,100,0,200,0,100.0,25229.0,100.0,44693507640.0,100.0,114661926225.0
2018-10-07,Z304L97T,ST4000DM000,4000787030016,0,108,20444664,92,0,100,8,100,0,83,231137953,72,25303,100,0,100,8,100.0,0.0,100.0,0.0,100.0,0.0,100.0,0.0,100.0,0.0,76.0,24.0,100.0,0.0,100.0,0.0,98.0,5124.0,24,24,100,0,100,0,200,0,100.0,25253.0,100.0,44695245432.0,100.0,114815484486.0
2018-10-08,Z304L97T,ST4000DM000,4000787030016,0,116,107719896,92,0,100,8,100,0,83,233880297,72,25327,100,0,100,8,100.0,0.0,100.0,0.0,100.0,0.0,100.0,0.0,100.0,0.0,76.0,24.0,100.0,0.0,100.0,0.0,98.0,5124.0,24,24,100,0,100,0,200,0,100.0,25277.0,100.0,44700730104.0,100.0,114996755447.0
2018-10-09,Z304L97T,ST4000DM000,4000787030016,0,118.0,191598832.0,92.0,0.0,100.0,8.0,100.0,0.0,83.0,234811793.0,72.0,25351.0,100.0,0.0,100.0,8.0,100.0,0.0,100.0,0.0,100.0,0.0,100.0,0.0,100.0,0.0,76.0,24.0,100.0,0.0,100.0,0.0,98.0,5125.0,24.0,24.0,100.0,0.0,100.0,0.0,200.0,0.0,100.0,25301.0,100.0,44702064520.0,100.0,115136228249.0
2018-10-10,Z304L97T,ST4000DM000,4000787030016,0,119,232035024,92,0,100,8,100,0,84,235555146,72,25375,100,0,100,8,100.0,0.0,100.0,0.0,100.0,0.0,100.0,0.0,100.0,0.0,76.0,24.0,100.0,0.0,100.0,0.0,98.0,5126.0,24,24,100,0,100,0,200,0,100.0,25325.0,100.0,44703674352.0,100.0,115262691814.0
2018-10-11,Z304L97T,ST4000DM000,4000787030016,0,117,141542776,92,0,100,8,100,0,84,236165752,72,25399,100,0,100,8,100.0,0.0,100.0,0.0,100.0,0.0,100.0,0.0,100.0,0.0,76.0,24.0,100.0,0.0,100.0,0.0,98.0,5126.0,24,24,100,0,100,0,200,0,100.0,25349.0,100.0,44705702792.0,100.0,115385722236.0
2018-10-12,Z304L97T,ST4000DM000,4000787030016,0,105,8088528,92,0,100,8,100,0,84,236769644,71,25424,100,0,100,8,100.0,0.0,100.0,0.0,100.0,0.0,100.0,0.0,100.0,0.0,76.0,24.0,100.0,0.0,100.0,0.0,98.0,5126.0,24,24,100,0,100,0,200,0,100.0,25373.0,100.0,44708003664.0,100.0,115514517764.0
2018-10-13,Z304L97T,ST4000DM000,4000787030016,0,114,65564320,92,0,100,8,100,0,84,237944963,71,25447,100,0,100,8,100.0,0.0,100.0,0.0,100.0,0.0,100.0,0.0,100.0,0.0,76.0,24.0,100.0,0.0,100.0,0.0,98.0,5126.0,24,24,100,0,100,0,200,0,100.0,25397.0,100.0,44712135440.0,100.0,115629876046.0
2018-10-14,Z304L97T,ST4000DM000,4000787030016,0,118,171392560,92,0,100,8,100,0,84,238470173,71,25471,100,0,100,8,100.0,0.0,100.0,0.0,100.0,0.0,100.0,0.0,100.0,0.0,76.0,24.0,100.0,0.0,100.0,0.0,98.0,5126.0,24,24,100,0,100,0,200,0,100.0,25421.0,100.0,44713648536.0,100.0,115743271601.0
2018-10-15,Z304L97T,ST4000DM000,4000787030016,0,119,226221544,92,0,100,8,100,0,84,239510639,71,25496,100,0,100,8,100.0,0.0,100.0,0.0,100.0,0.0,100.0,0.0,100.0,0.0,76.0,24.0,100.0,0.0,100.0,0.0,98.0,5170.0,24,24,100,0,100,0,200,0,100.0,25445.0,100.0,44719719720.0,100.0,115884214518.0
2018-10-16,Z304L97T,ST4000DM000,4000787030016,0,114,79725072,92,0,100,8,100,0,84,240640086,71,25519,100,0,100,8,100.0,0.0,100.0,0.0,100.0,0.0,100.0,0.0,100.0,0.0,76.0,24.0,100.0,0.0,100.0,0.0,98.0,5171.0,24,24,100,0,100,0,200,0,100.0,25469.0,100.0,44721993712.0,100.0,116070346575.0
2018-10-17,Z304L97T,ST4000DM000,4000787030016,0,115,93934896,92,0,100,8,100,0,84,241030370,71,25543,100,0,100,8,100.0,0.0,100.0,0.0,100.0,0.0,100.0,0.0,100.0,0.0,76.0,24.0,100.0,0.0,100.0,0.0,98.0,5172.0,24,24,100,0,100,0,200,0,100.0,25493.0,100.0,44724107000.0,100.0,116224717647.0
2018-10-18,Z304L97T,ST4000DM000,4000787030016,0,120,237032608,92,0,100,8,100,0,84,241388585,71,25567,100,0,100,8,100.0,0.0,100.0,0.0,100.0,0.0,100.0,0.0,100.0,0.0,76.0,24.0,100.0,0.0,100.0,0.0,98.0,5173.0,24,24,100,0,100,0,200,0,100.0,25517.0,100.0,44726463472.0,100.0,116395311897.0
2018-10-19,Z304L97T,ST4000DM000,4000787030016,0,115,95982104,92,0,100,8,100,0,84,241735095,71,25591,100,0,100,8,100.0,0.0,100.0,0.0,100.0,0.0,100.0,0.0,100.0,0.0,76.0,24.0,100.0,0.0,100.0,0.0,98.0,5174.0,24,24,100,0,100,0,200,0,100.0,25540.0,100.0,44728523856.0,100.0,116525758191.0
2018-10-20,Z304L97T,ST4000DM000,4000787030016,0,113,57236072,92,0,100,8,100,0,84,242872716,71,25615,100,0,100,8,100.0,0.0,100.0,0.0,100.0,0.0,100.0,0.0,100.0,0.0,76.0,24.0,100.0,0.0,100.0,0.0,98.0,5174.0,24,24,100,0,100,0,200,0,100.0,25564.0,100.0,44734140952.0,100.0,116730209176.0
2018-10-21,Z304L97T,ST4000DM000,4000787030016,0,117,122806656,92,0,100,8,100,0,84,243377968,71,25638,100,0,100,8,100.0,0.0,100.0,0.0,100.0,0.0,100.0,0.0,100.0,0.0,76.0,24.0,100.0,0.0,100.0,0.0,98.0,5175.0,24,24,100,0,100,0,200,0,100.0,25588.0,100.0,44736340752.0,100.0,116885656099.0
2018-10-22,Z304L97T,ST4000DM000,4000787030016,0,119,215014776,92,0,100,8,100,0,84,244808819,71,25663,100,0,100,8,100.0,0.0,100.0,0.0,100.0,0.0,100.0,0.0,100.0,0.0,76.0,24.0,100.0,0.0,100.0,0.0,98.0,5176.0,24,24,100,0,100,0,200,0,100.0,25612.0,100.0,44741247576.0,100.0,117060347354.0
2018-10-23,Z304L97T,ST4000DM000,4000787030016,0,108,20245784,92,0,100,8,100,0,84,245692384,71,25687,100,0,100,8,100.0,0.0,100.0,0.0,100.0,0.0,100.0,0.0,100.0,0.0,76.0,24.0,100.0,0.0,100.0,0.0,98.0,5177.0,24,24,100,0,100,0,200,0,100.0,25636.0,100.0,44744371504.0,100.0,117215439780.0
2018-10-24,Z304L97T,ST4000DM000,4000787030016,0,117,135643656,92,0,100,8,100,0,84,247819050,71,25711,100,0,100,8,100.0,0.0,100.0,0.0,100.0,0.0,100.0,0.0,100.0,0.0,76.0,24.0,100.0,0.0,100,0,98.0,5178.0,24,24,100,0,100,0,200,0,100.0,25660.0,100.0,44749449648.0,100.0,117398297646.0
2018-10-25,Z304L97T,ST4000DM000,4000787030016,0,111,39557960,92,0,100,8,100,0,84,249681695,71,25735,100,0,100,8,100.0,0.0,100.0,0.0,100.0,0.0,100.0,0.0,100.0,0.0,76.0,24.0,100.0,0.0,100.0,0.0,98.0,5180.0,24,24,100,0,100,0,200,0,100.0,25685.0,100.0,44751650248.0,100.0,117557300167.0
2018-10-26,Z304L97T,ST4000DM000,4000787030016,0,118,174375440,92,0,100,8,100,0,84,250677430,71,25759,100,0,100,8,100.0,0.0,100.0,0.0,100.0,0.0,100.0,0.0,100.0,0.0,76.0,24.0,100.0,0.0,100.0,0.0,98.0,5181.0,24,24,100,0,100,0,200,0,100.0,25709.0,100.0,44753606680.0,100.0,117714225008.0
2018-10-27,Z304L97T,ST4000DM000,4000787030016,0,106,10984288,92,0,100,8,100,0,84,252083275,71,25783,100,0,100,8,100.0,0.0,100.0,0.0,100.0,0.0,100.0,0.0,100.0,0.0,76.0,24.0,100.0,0.0,100.0,0.0,98.0,5181.0,24,24,100,0,100,0,200,0,100.0,25732.0,100.0,44758130696.0,100.0,117893350271.0
2018-10-28,Z304L97T,ST4000DM000,4000787030016,0,119,234846840,92,0,100,8,100,0,84,252691998,71,25807,100,0,100,8,100.0,0.0,100.0,0.0,100.0,0.0,100.0,0.0,100.0,0.0,76.0,24.0,100.0,0.0,100.0,0.0,98.0,5182.0,24,24,100,0,100,0,200,0,100.0,25756.0,100.0,44760760624.0,100.0,118013136930.0
2018-10-29,Z304L97T,ST4000DM000,4000787030016,0,118,176965640,92,0,100,8,100,0,84,254102138,71,25831,100,0,100,8,100.0,0.0,100.0,0.0,100.0,0.0,100.0,0.0,100.0,0.0,76.0,24.0,100.0,0.0,100.0,0.0,98.0,5183.0,24,24,100,0,100,0,200,0,100.0,25781.0,100.0,44766863688.0,100.0,118166747476.0
2018-10-30,Z304L97T,ST4000DM000,4000787030016,0,114,74606800,92,0,100,8,100,0,84,254770918,71,25855,100,0,100,8,100.0,0.0,100.0,0.0,100.0,0.0,100.0,0.0,100.0,0.0,76.0,24.0,100.0,0.0,100.0,0.0,98.0,5184.0,24,24,100,0,100,0,200,0,100.0,25805.0,100.0,44768878704.0,100.0,118286102290.0
2018-10-31,Z304L97T,ST4000DM000,4000787030016,0,117,125625144,92.0,0.0,100.0,8.0,100.0,0.0,84.0,255666430.0,71,25879,100.0,0.0,100,8,100.0,0.0,100.0,0.0,100.0,0.0,100.0,0.0,100.0,0.0,76.0,24.0,100.0,0.0,100.0,0.0,98.0,5184.0,24,24,100.0,0.0,100.0,0.0,200.0,0.0,100.0,25829.0,100.0,44771034616.0,100.0,118417710712.0
2018-11-01,Z304L97T,ST4000DM000,4000787030016,0,117,121322312,92.0,0.0,100.0,8.0,100.0,0.0,84.0,257398456.0,71,25901,100.0,0.0,100,8,100.0,0.0,100.0,0.0,100.0,0.0,100.0,0.0,100.0,0.0,75.0,25.0,100.0,0.0,100.0,0.0,98.0,5185.0,25,25,100.0,0.0,100.0,0.0,200.0,0.0,100.0,25850.0,100.0,44776093344.0,100.0,118543761776.0
2018-11-02,Z304L97T,ST4000DM000,4000787030016,0,117,137117944,92.0,0.0,100.0,8.0,100.0,0.0,84.0,258138676.0,71,25925,100.0,0.0,100,8,100.0,0.0,100.0,0.0,100.0,0.0,100.0,0.0,100.0,0.0,75.0,25.0,100.0,0.0,100.0,0.0,98.0,5185.0,25,25,100.0,0.0,100.0,0.0,200.0,0.0,100.0,25874.0,100.0,44778245152.0,100.0,118695463017.0
2018-11-03,Z304L97T,ST4000DM000,4000787030016,0,115,86667056,92.0,0.0,100.0,8.0,100.0,0.0,84.0,259582500.0,71,25949,100.0,0.0,100,8,100.0,0.0,100.0,0.0,100.0,0.0,100.0,0.0,100.0,0.0,76.0,24.0,100.0,0.0,100.0,0.0,98.0,5186.0,24,24,100.0,0.0,100.0,0.0,200.0,0.0,100.0,25898.0,100.0,44782712616.0,100.0,118863993734.0
2018-11-04,Z304L97T,ST4000DM000,4000787030016,0,114,68803192,92.0,0.0,100.0,8.0,100.0,0.0,84.0,260465195.0,71,25973,100.0,0.0,100,8,100.0,0.0,100.0,0.0,100.0,0.0,100.0,0.0,100.0,0.0,75.0,25.0,100.0,0.0,100.0,0.0,98.0,5187.0,25,25,100.0,0.0,100.0,0.0,200.0,0.0,100.0,25922.0,100.0,44784392592.0,100.0,119043076794.0
2018-11-05,Z304L97T,ST4000DM000,4000787030016,0,115,92677288,92.0,0.0,100.0,8.0,100.0,0.0,84.0,261373817.0,71,25997,100.0,0.0,100,8,100.0,0.0,100.0,0.0,100.0,0.0,100.0,0.0,100.0,0.0,76.0,24.0,100.0,0.0,100.0,0.0,98.0,5188.0,24,24,100.0,0.0,100.0,0.0,200.0,0.0,100.0,25946.0,100.0,44787375376.0,100.0,119167010369.0
2018-11-06,Z304L97T,ST4000DM000,4000787030016,0,119.0,219589224.0,92.0,0.0,100.0,8.0,100.0,0.0,84.0,262737249.0,71.0,26021.0,100.0,0.0,100.0,8.0,100.0,0.0,100.0,0.0,100.0,0.0,100.0,0.0,100.0,0.0,76.0,24.0,100.0,0.0,100.0,0.0,98.0,5190.0,24.0,24.0,100.0,0.0,100.0,0.0,200.0,0.0,100.0,25971.0,100.0,44791723440.0,100.0,119329988644.0
2018-11-07,Z304L97T,ST4000DM000,4000787030016,0,116.0,113130696.0,92.0,0.0,100.0,8.0,100.0,0.0,84.0,263453907.0,71.0,26045.0,100.0,0.0,100.0,8.0,100.0,0.0,100.0,0.0,100.0,0.0,100.0,0.0,100.0,0.0,76.0,24.0,100.0,0.0,100.0,0.0,98.0,5190.0,24.0,24.0,100.0,0.0,100.0,0.0,200.0,0.0,100.0,25995.0,100.0,44793971816.0,100.0,119470656267.0
2018-11-08,Z304L97T,ST4000DM000,4000787030016,0,119.0,224105816.0,92.0,0.0,100.0,8.0,100.0,0.0,84.0,264356638.0,71.0,26072.0,100.0,0.0,100.0,8.0,100.0,0.0,100.0,0.0,100.0,0.0,100.0,0.0,100.0,0.0,77.0,23.0,100.0,0.0,100.0,0.0,98.0,5191.0,23.0,23.0,100.0,0.0,100.0,0.0,200.0,0.0,100.0,26022.0,100.0,44797132424.0,100.0,119639479433.0
2018-11-09,Z304L97T,ST4000DM000,4000787030016,0,116,116940096,92.0,0.0,100.0,8.0,100.0,0.0,84.0,265885968.0,71,26096,100.0,0.0,100,8,100.0,0.0,100.0,0.0,100.0,0.0,100.0,0.0,100.0,0.0,77.0,23.0,100.0,0.0,100.0,0.0,98.0,5197.0,23,23,100.0,0.0,100.0,0.0,200.0,0.0,100.0,26045.0,100.0,44801155048.0,100.0,119784338076.0
2018-11-10,Z304L97T,ST4000DM000,4000787030016,0,120,236166608,92.0,0.0,100.0,8.0,100.0,0.0,84.0,267569122.0,71,26120,100.0,0.0,100,8,100.0,0.0,100.0,0.0,100.0,0.0,100.0,0.0,100.0,0.0,77.0,23.0,100.0,0.0,100.0,0.0,98.0,5197.0,23,23,100.0,0.0,100.0,0.0,200.0,0.0,100.0,26069.0,100.0,44804600816.0,100.0,119922901263.0
2018-11-11,Z304L97T,ST4000DM000,4000787030016,0,115,88546648,92.0,0.0,100.0,8.0,100.0,0.0,84.0,268621146.0,71,26144,100.0,0.0,100,8,100.0,0.0,100.0,0.0,100.0,0.0,100.0,0.0,100.0,0.0,77.0,23.0,100.0,0.0,100.0,0.0,98.0,5197.0,23,23,100.0,0.0,100.0,0.0,200.0,0.0,100.0,26093.0,100.0,44807006600.0,100.0,120077890367.0
2018-11-12,Z304L97T,ST4000DM000,4000787030016,0,111,36228032,92.0,0.0,100.0,8.0,100.0,0.0,84.0,270321100.0,71,26168,100.0,0.0,100,8,100.0,0.0,100.0,0.0,100.0,0.0,100.0,0.0,100.0,0.0,76.0,24.0,100.0,0.0,100.0,0.0,98.0,5197.0,24,24,100.0,0.0,100.0,0.0,200.0,0.0,100.0,26118.0,100.0,44811924720.0,100.0,120225949137.0
2018-11-13,Z304L97T,ST4000DM000,4000787030016,0,99,2518664,92.0,0.0,100.0,8.0,100.0,0.0,84.0,271565666.0,71,26192,100.0,0.0,100,8,100.0,0.0,100.0,0.0,100.0,0.0,100.0,0.0,100.0,0.0,77.0,23.0,100.0,0.0,100.0,0.0,98.0,5199.0,23,23,100.0,0.0,100.0,0.0,200.0,0.0,100.0,26141.0,100.0,44813990616.0,100.0,120389429402.0
2018-11-14,Z304L97T,ST4000DM000,4000787030016,0,118,188377040,92.0,0.0,100.0,8.0,100.0,0.0,84.0,272641449.0,71,26216,100.0,0.0,100,8,100.0,0.0,100.0,0.0,100.0,0.0,100.0,0.0,100.0,0.0,76.0,24.0,100.0,0.0,100.0,0.0,98.0,5199.0,24,24,100.0,0.0,100.0,0.0,200.0,0.0,100.0,26165.0,100.0,44816321136.0,100.0,120540310244.0
2018-11-15,Z304L97T,ST4000DM000,4000787030016,0,118,189448528,92.0,0.0,100.0,8.0,100.0,0.0,84.0,273482044.0,71,26240,100.0,0.0,100,8,100.0,0.0,100.0,0.0,100.0,0.0,100.0,0.0,100.0,0.0,76.0,24.0,100.0,0.0,100.0,0.0,98.0,5200.0,24,24,100.0,0.0,100.0,0.0,200.0,0.0,100.0,26190.0,100.0,44818839472.0,100.0,120679804762.0
2018-11-16,Z304L97T,ST4000DM000,4000787030016,0,120,239864040,92.0,0.0,100.0,8.0,100.0,0.0,84.0,274112254.0,71,26264,100.0,0.0,100,8,100.0,0.0,100.0,0.0,100.0,0.0,100.0,0.0,100.0,0.0,76.0,24.0,100.0,0.0,100.0,0.0,98.0,5200.0,24,24,100.0,0.0,100.0,0.0,200.0,0.0,100.0,26213.0,100.0,44820798392.0,100.0,120805186324.0
2018-11-17,Z304L97T,ST4000DM000,4000787030016,0,120.0,240658696.0,92.0,0.0,100.0,8.0,100.0,0.0,84.0,275837618.0,70.0,26289.0,100.0,0.0,100.0,8.0,100.0,0.0,100.0,0.0,100.0,0.0,100.0,0.0,100.0,0.0,76.0,24.0,100.0,0.0,100.0,0.0,98.0,5201.0,24.0,24.0,100.0,0.0,100.0,0.0,200.0,0.0,100.0,26238.0,100.0,44824841744.0,100.0,120962583164.0
2018-11-18,Z304L97T,ST4000DM000,4000787030016,0,117,151486104,92.0,0.0,100.0,8.0,100.0,0.0,84.0,276898590.0,70,26313,100.0,0.0,100,8,100.0,0.0,100.0,0.0,100.0,0.0,100.0,0.0,100.0,0.0,76.0,24.0,100.0,0.0,100.0,0.0,98.0,5201.0,24,24,100.0,0.0,100.0,0.0,200.0,0.0,100.0,26262.0,100.0,44826630232.0,100.0,121074154103.0
2018-11-19,Z304L97T,ST4000DM000,4000787030016,0,117,122860856,92.0,0.0,100.0,8.0,100.0,0.0,84.0,277945097.0,70,26337,100.0,0.0,100,8,100.0,0.0,100.0,0.0,100.0,0.0,100.0,0.0,100.0,0.0,76.0,24.0,100.0,0.0,100.0,0.0,98.0,5201.0,24,24,100.0,0.0,100.0,0.0,200.0,0.0,100.0,26286.0,100.0,44830162752.0,100.0,121180131713.0
2018-11-20,Z304L97T,ST4000DM000,4000787030016,0,117,125595656,92.0,0.0,100.0,8.0,100.0,0.0,84.0,278416387.0,70,26361,100.0,0.0,100,8,100.0,0.0,100.0,0.0,100.0,0.0,100.0,0.0,100.0,0.0,76.0,24.0,100.0,0.0,100.0,0.0,98.0,5201.0,24,24,100.0,0.0,100.0,0.0,200.0,0.0,100.0,26311.0,100.0,44832944392.0,100.0,121340643145.0
2018-11-21,Z304L97T,ST4000DM000,4000787030016,0,109,23755256,92.0,0.0,100.0,8.0,100.0,0.0,84.0,278864334.0,70,26385,100.0,0.0,100,8,100.0,0.0,100.0,0.0,100.0,0.0,100.0,0.0,100.0,0.0,76.0,24.0,100.0,0.0,100.0,0.0,98.0,5201.0,24,24,100.0,0.0,100.0,0.0,200.0,0.0,100.0,26335.0,100.0,44835818664.0,100.0,121510345150.0
2018-11-22,Z304L97T,ST4000DM000,4000787030016,0,115,90907128,92.0,0.0,100.0,8.0,100.0,0.0,84.0,279293346.0,70,26409,100.0,0.0,100,8,100.0,0.0,100.0,0.0,100.0,0.0,100.0,0.0,100.0,0.0,76.0,24.0,100.0,0.0,100.0,0.0,98.0,5201.0,24,24,100.0,0.0,100.0,0.0,200.0,0.0,100.0,26359.0,100.0,44838402904.0,100.0,121679580202.0
2018-11-23,Z304L97T,ST4000DM000,4000787030016,0,117,155796072,92.0,0.0,100.0,8.0,100.0,0.0,84.0,279650294.0,70,26433,100.0,0.0,100,8,100.0,0.0,100.0,0.0,100.0,0.0,100.0,0.0,100.0,0.0,76.0,24.0,100.0,0.0,100.0,0.0,98.0,5201.0,24,24,100.0,0.0,100.0,0.0,200.0,0.0,100.0,26382.0,100.0,44841398528.0,100.0,121835451915.0
2018-11-24,Z304L97T,ST4000DM000,4000787030016,0,119,224025600,92.0,0.0,100.0,8.0,100.0,0.0,84.0,280731819.0,70,26457,100.0,0.0,100,8,100.0,0.0,100.0,0.0,100.0,0.0,100.0,0.0,100.0,0.0,76.0,24.0,100.0,0.0,100.0,0.0,98.0,5201.0,24,24,100.0,0.0,100.0,0.0,200.0,0.0,100.0,26406.0,100.0,44846647448.0,100.0,122010910096.0
2018-11-25,Z304L97T,ST4000DM000,4000787030016,0,118,187766896,92.0,0.0,100.0,8.0,100.0,0.0,84.0,282042960.0,70,26481,100.0,0.0,100,8,100.0,0.0,100.0,0.0,100.0,0.0,100.0,0.0,100.0,0.0,76.0,24.0,100.0,0.0,100.0,0.0,98.0,5201.0,24,24,100.0,0.0,100.0,0.0,200.0,0.0,100.0,26430.0,100.0,44849203056.0,100.0,122204839424.0
2018-11-26,Z304L97T,ST4000DM000,4000787030016,0,119,223118560,92.0,0.0,100.0,8.0,100.0,0.0,84.0,283474940.0,70,26505,100.0,0.0,100,8,100.0,0.0,100.0,0.0,100.0,0.0,100.0,0.0,100.0,0.0,76.0,24.0,100.0,0.0,100.0,0.0,98.0,5201.0,24,24,100.0,0.0,100.0,0.0,200.0,0.0,100.0,26454.0,100.0,44853791656.0,100.0,122380422089.0
2018-11-27,Z304L97T,ST4000DM000,4000787030016,0,119,204756040,92.0,0.0,100.0,8.0,100.0,0.0,84.0,284292601.0,70,26528,100.0,0.0,100,8,100.0,0.0,100.0,0.0,100.0,0.0,100.0,0.0,100.0,0.0,76.0,24.0,100.0,0.0,100.0,0.0,98.0,5201.0,24,24,100.0,0.0,100.0,0.0,200.0,0.0,100.0,26478.0,100.0,44855867400.0,100.0,122538665746.0
2018-11-28,Z304L97T,ST4000DM000,4000787030016,0,120,236450600,92.0,0.0,100.0,8.0,100.0,0.0,84.0,285567694.0,70,26553,100.0,0.0,100,8,100.0,0.0,100.0,0.0,100.0,0.0,100.0,0.0,100.0,0.0,76.0,24.0,100.0,0.0,100.0,0.0,98.0,5201.0,24,24,100.0,0.0,100.0,0.0,200.0,0.0,100.0,26502.0,100.0,44857888416.0,100.0,122718369296.0
2018-11-29,Z304L97T,ST4000DM000,4000787030016,0,117,154196616,92.0,0.0,100.0,8.0,100.0,0.0,84.0,287547608.0,70,26577,100.0,0.0,100,8,100.0,0.0,100.0,0.0,100.0,0.0,100.0,0.0,100.0,0.0,78.0,22.0,100.0,0.0,100.0,0.0,98.0,5201.0,22,22,100.0,0.0,100.0,0.0,200.0,0.0,100.0,26527.0,100.0,44860448544.0,100.0,122894393495.0
2018-11-30,Z304L97T,ST4000DM000,4000787030016,0,114,73193216,92.0,0.0,100.0,8.0,100.0,0.0,84.0,288602069.0,70,26601,100.0,0.0,100,8,100.0,0.0,100.0,0.0,100.0,0.0,100.0,0.0,100.0,0.0,76.0,24.0,100.0,0.0,100.0,0.0,98.0,5201.0,24,24,100.0,0.0,100.0,0.0,200.0,0.0,100.0,26550.0,100.0,44863754592.0,100.0,123053725651.0
2018-12-01,Z304L97T,ST4000DM000,4000787030016,0,118,200633224,92.0,0.0,100.0,8.0,100.0,0.0,84.0,290057112.0,70,26625,100.0,0.0,100,8,100.0,0.0,100.0,0.0,100.0,0.0,100.0,0.0,100.0,0.0,77.0,23.0,100.0,0.0,100.0,0.0,98.0,5201.0,23,23,100.0,0.0,100.0,0.0,200.0,0.0,100.0,26574.0,100.0,44871082520.0,100.0,123228339976.0
2018-12-02,Z304L97T,ST4000DM000,4000787030016,0,116,101544384,92.0,0.0,100.0,8.0,100.0,0.0,84.0,291638631.0,70,26649,100.0,0.0,100,8,100.0,0.0,100.0,0.0,100.0,0.0,100.0,0.0,100.0,0.0,77.0,23.0,100.0,0.0,100.0,0.0,98.0,5201.0,23,23,100.0,0.0,100.0,0.0,200.0,0.0,100.0,26598.0,100.0,44876158168.0,100.0,123374950383.0
2018-12-03,Z304L97T,ST4000DM000,4000787030016,0,119,223128128,92.0,0.0,100.0,8.0,100.0,0.0,84.0,293062190.0,70,26673,100.0,0.0,100,8,100.0,0.0,100.0,0.0,100.0,0.0,100.0,0.0,100.0,0.0,77.0,23.0,100.0,0.0,100.0,0.0,98.0,5201.0,23,23,100.0,0.0,100.0,0.0,200.0,0.0,100.0,26623.0,100.0,44880712728.0,100.0,123533096403.0
2018-12-04,Z304L97T,ST4000DM000,4000787030016,0,117,120816152,92.0,0.0,100.0,8.0,100.0,0.0,84.0,293678240.0,70,26697,100.0,0.0,100,8,100.0,0.0,100.0,0.0,100.0,0.0,100.0,0.0,100.0,0.0,77.0,23.0,100.0,0.0,100.0,0.0,98.0,5201.0,23,23,100.0,0.0,100.0,0.0,200.0,0.0,100.0,26646.0,100.0,44882312888.0,100.0,123638352446.0
2018-12-05,Z304L97T,ST4000DM000,4000787030016,0,105.0,9962104.0,92.0,0.0,100.0,8.0,100.0,0.0,84.0,294590281.0,70.0,26721.0,100.0,0.0,100.0,8.0,100.0,0.0,100.0,0.0,100.0,0.0,100.0,0.0,100.0,0.0,77.0,23.0,100.0,0.0,100.0,0.0,98.0,5201.0,23.0,23.0,100.0,0.0,100.0,0.0,200.0,0.0,100.0,26670.0,100.0,44884159392.0,100.0,123766134392.0
2018-12-06,Z304L97T,ST4000DM000,4000787030016,0,115,99801320,92.0,0.0,100.0,8.0,100.0,0.0,84.0,295293416.0,70,26742,100.0,0.0,100,8,100.0,0.0,100.0,0.0,100.0,0.0,100.0,0.0,100.0,0.0,77.0,23.0,100.0,0.0,100.0,0.0,98.0,5201.0,23,23,100.0,0.0,100.0,0.0,200.0,0.0,100.0,26692.0,100.0,44885767696.0,100.0,123903443483.0
2018-12-07,Z304L97T,ST4000DM000,4000787030016,0,113,58499984,92.0,0.0,100.0,8.0,100.0,0.0,84.0,296046077.0,70,26767,100.0,0.0,100,8,100.0,0.0,100.0,0.0,100.0,0.0,100.0,0.0,100.0,0.0,77.0,23.0,100.0,0.0,100.0,0.0,98.0,5201.0,23,23,100.0,0.0,100.0,0.0,200.0,0.0,100.0,26716.0,100.0,44887971272.0,100.0,124053395565.0
2018-12-08,Z304L97T,ST4000DM000,4000787030016,0,117,127644168,92.0,0.0,100.0,8.0,100.0,0.0,84.0,297264139.0,70,26791,100.0,0.0,100,8,100.0,0.0,100.0,0.0,100.0,0.0,100.0,0.0,100.0,0.0,77.0,23.0,100.0,0.0,100.0,0.0,98.0,5201.0,23,23,100.0,0.0,100.0,0.0,200.0,0.0,100.0,26740.0,100.0,44891472648.0,100.0,124238400651.0
2018-12-09,Z304L97T,ST4000DM000,4000787030016,0,118,186684840,92.0,0.0,100.0,8.0,100.0,0.0,84.0,298044215.0,70,26815,100.0,0.0,100,8,100.0,0.0,100.0,0.0,100.0,0.0,100.0,0.0,100.0,0.0,76.0,24.0,100.0,0.0,100.0,0.0,98.0,5201.0,24,24,100.0,0.0,100.0,0.0,200.0,0.0,100.0,26764.0,100.0,44893764576.0,100.0,124362560570.0
2018-12-10,Z304L97T,ST4000DM000,4000787030016,0,116,116360992,92.0,0.0,100.0,8.0,100.0,0.0,84.0,300300674.0,70,26838,100.0,0.0,100,8,100.0,0.0,100.0,0.0,100.0,0.0,100.0,0.0,100.0,0.0,77.0,23.0,100.0,0.0,100.0,0.0,98.0,5201.0,23,23,100.0,0.0,100.0,0.0,200.0,0.0,100.0,26788.0,100.0,44899291008.0,100.0,124540373620.0
2018-12-11,Z304L97T,ST4000DM000,4000787030016,0,118,180057008,92.0,0.0,100.0,8.0,100.0,0.0,84.0,301161466.0,70,26862,100.0,0.0,100,8,100.0,0.0,100.0,0.0,100.0,0.0,100.0,0.0,100.0,0.0,77.0,23.0,100.0,0.0,100.0,0.0,98.0,5201.0,23,23,100.0,0.0,100.0,0.0,200.0,0.0,100.0,26812.0,100.0,44901066504.0,100.0,124684453828.0
2018-12-12,Z304L97T,ST4000DM000,4000787030016,0,111,34425128,92.0,0.0,100.0,8.0,100.0,0.0,84.0,301941906.0,70,26887,100.0,0.0,100,8,100.0,0.0,100.0,0.0,100.0,0.0,100.0,0.0,100.0,0.0,77.0,23.0,100.0,0.0,100.0,0.0,98.0,5201.0,23,23,100.0,0.0,100.0,0.0,200.0,0.0,100.0,26836.0,100.0,44902846880.0,100.0,124838820532.0
2018-12-13,Z304L97T,ST4000DM000,4000787030016,0,117,165105928,92.0,0.0,100.0,8.0,100.0,0.0,84.0,302693356.0,70,26911,100.0,0.0,100,8,100.0,0.0,100.0,0.0,100.0,0.0,100.0,0.0,100.0,0.0,77.0,23.0,100.0,0.0,100.0,0.0,98.0,5201.0,23,23,100.0,0.0,100.0,0.0,200.0,0.0,100.0,26860.0,100.0,44904612352.0,100.0,124967786151.0
2018-12-14,Z304L97T,ST4000DM000,4000787030016,0,108,19766600,92.0,0.0,100.0,8.0,100.0,0.0,84.0,303368809.0,70,26935,100.0,0.0,100,8,100.0,0.0,100.0,0.0,100.0,0.0,100.0,0.0,100.0,0.0,77.0,23.0,100.0,0.0,100.0,0.0,98.0,5201.0,23,23,100.0,0.0,100.0,0.0,200.0,0.0,100.0,26884.0,100.0,44906276232.0,100.0,125079627939.0
2018-12-15,Z304L97T,ST4000DM000,4000787030016,0,117,146117904,92.0,0.0,100.0,8.0,100.0,0.0,84.0,305124785.0,70,26959,100.0,0.0,100,8,100.0,0.0,100.0,0.0,100.0,0.0,100.0,0.0,100.0,0.0,77.0,23.0,100.0,0.0,100.0,0.0,98.0,5201.0,23,23,100.0,0.0,100.0,0.0,200.0,0.0,100.0,26908.0,100.0,44910692776.0,100.0,125261090134.0
2018-12-16,Z304L97T,ST4000DM000,4000787030016,0,116,116337400,92.0,0.0,100.0,8.0,100.0,0.0,84.0,306198064.0,70,26982,100.0,0.0,100,8,100.0,0.0,100.0,0.0,100.0,0.0,100.0,0.0,100.0,0.0,77.0,23.0,100.0,0.0,100.0,0.0,98.0,5201.0,23,23,100.0,0.0,100.0,0.0,200.0,0.0,100.0,26932.0,100.0,44912685680.0,100.0,125396881282.0
2018-12-17,Z304L97T,ST4000DM000,4000787030016,0,114,83708144,92.0,0.0,100.0,8.0,100.0,0.0,84.0,308571840.0,70,27006,100.0,0.0,100,8,100.0,0.0,100.0,0.0,100.0,0.0,100.0,0.0,100.0,0.0,77.0,23.0,100.0,0.0,100.0,0.0,98.0,5201.0,23,23,100.0,0.0,100.0,0.0,200.0,0.0,100.0,26955.0,100.0,44917631352.0,100.0,125565683873.0
2018-12-18,Z304L97T,ST4000DM000,4000787030016,0,117,125847248,92.0,0.0,100.0,8.0,100.0,0.0,84.0,309804652.0,70,27030,100.0,0.0,100,8,100.0,0.0,100.0,0.0,100.0,0.0,100.0,0.0,100.0,0.0,77.0,23.0,100.0,0.0,100.0,0.0,98.0,5201.0,23,23,100.0,0.0,100.0,0.0,200.0,0.0,100.0,26980.0,100.0,44919550480.0,100.0,125721762786.0
2018-12-19,Z304L97T,ST4000DM000,4000787030016,0,118,172036824,92.0,0.0,100.0,8.0,100.0,0.0,84.0,310625450.0,70,27055,100.0,0.0,100,8,100.0,0.0,100.0,0.0,100.0,0.0,100.0,0.0,100.0,0.0,77.0,23.0,100.0,0.0,100.0,0.0,98.0,5201.0,23,23,100.0,0.0,100.0,0.0,200.0,0.0,100.0,27004.0,100.0,44921386856.0,100.0,125861698077.0
2018-12-20,Z304L97T,ST4000DM000,4000787030016,0,119,218982264,92.0,0.0,100.0,8.0,100.0,0.0,84.0,311287535.0,70,27079,100.0,0.0,100,8,100.0,0.0,100.0,0.0,100.0,0.0,100.0,0.0,100.0,0.0,77.0,23.0,100.0,0.0,100.0,0.0,98.0,5201.0,23,23,100.0,0.0,100.0,0.0,200.0,0.0,100.0,27028.0,100.0,44924240368.0,100.0,125988082873.0
2018-12-21,Z304L97T,ST4000DM000,4000787030016,0,117,141927600,92.0,0.0,100.0,8.0,100.0,0.0,84.0,311901921.0,70,27102,100.0,0.0,100,8,100.0,0.0,100.0,0.0,100.0,0.0,100.0,0.0,100.0,0.0,77.0,23.0,100.0,0.0,100.0,0.0,98.0,5201.0,23,23,100.0,0.0,100.0,0.0,200.0,0.0,100.0,27052.0,100.0,44925937472.0,100.0,126121318998.0
2018-12-22,Z304L97T,ST4000DM000,4000787030016,0,114,59643552,92.0,0.0,100.0,8.0,100.0,0.0,84.0,313116966.0,70,27126,100.0,0.0,100,8,100.0,0.0,100.0,0.0,100.0,0.0,100.0,0.0,100.0,0.0,77.0,23.0,100.0,0.0,100.0,0.0,98.0,5201.0,23,23,100.0,0.0,100.0,0.0,200.0,0.0,100.0,27076.0,100.0,44930280584.0,100.0,126244489913.0
2018-12-23,Z304L97T,ST4000DM000,4000787030016,0,117,163456032,92.0,0.0,100.0,8.0,100.0,0.0,84.0,313603748.0,70,27150,100.0,0.0,100,8,100.0,0.0,100.0,0.0,100.0,0.0,100.0,0.0,100.0,0.0,76.0,24.0,100.0,0.0,100.0,0.0,98.0,5201.0,24,24,100.0,0.0,100.0,0.0,200.0,0.0,100.0,27100.0,100.0,44931952224.0,100.0,126356841057.0
2018-12-24,Z304L97T,ST4000DM000,4000787030016,0,115,88922144,92.0,0.0,100.0,8.0,100.0,0.0,84.0,314694570.0,69,27175,100.0,0.0,100,8,100.0,0.0,100.0,0.0,100.0,0.0,100.0,0.0,100.0,0.0,76.0,24.0,100.0,0.0,100.0,0.0,98.0,5201.0,24,24,100.0,0.0,100.0,0.0,200.0,0.0,100.0,27124.0,100.0,44937229920.0,100.0,126534522012.0
2018-12-25,Z304L97T,ST4000DM000,4000787030016,0,117,167183240,92.0,0.0,100.0,8.0,100.0,0.0,84.0,315918022.0,69,27199,100.0,0.0,100,8,100.0,0.0,100.0,0.0,100.0,0.0,100.0,0.0,100.0,0.0,77.0,23.0,100.0,0.0,100.0,0.0,98.0,5201.0,23,23,100.0,0.0,100.0,0.0,200.0,0.0,100.0,27148.0,100.0,44940315472.0,100.0,126708952652.0
2018-12-26,Z304L97T,ST4000DM000,4000787030016,0,118,190972376,92.0,0.0,100.0,8.0,100.0,0.0,84.0,316334570.0,69,27223,100.0,0.0,100,8,100.0,0.0,100.0,0.0,100.0,0.0,100.0,0.0,100.0,0.0,77.0,23.0,100.0,0.0,100.0,0.0,98.0,5201.0,23,23,100.0,0.0,100.0,0.0,200.0,0.0,100.0,27172.0,100.0,44942698464.0,100.0,126886961429.0
2018-12-27,Z304L97T,ST4000DM000,4000787030016,0,112,47758768,92.0,0.0,100.0,8.0,100.0,0.0,84.0,316676044.0,69,27246,100.0,0.0,100,8,100.0,0.0,100.0,0.0,100.0,0.0,100.0,0.0,100.0,0.0,77.0,23.0,100.0,0.0,100.0,0.0,98.0,5201.0,23,23,100.0,0.0,100.0,0.0,200.0,0.0,100.0,27196.0,100.0,44946047944.0,100.0,127033026228.0
2018-12-28,Z304L97T,ST4000DM000,4000787030016,0,112,46906096,92.0,0.0,100.0,8.0,100.0,0.0,84.0,317087268.0,69,27270,100.0,0.0,100,8,100.0,0.0,100.0,0.0,100.0,0.0,100.0,0.0,100.0,0.0,77.0,23.0,100.0,0.0,100.0,0.0,98.0,5201.0,23,23,100.0,0.0,100.0,0.0,200.0,0.0,100.0,27220.0,100.0,44948843584.0,100.0,127215335274.0
2018-12-29,Z304L97T,ST4000DM000,4000787030016,0,117,126204848,92.0,0.0,100.0,8.0,100.0,0.0,84.0,318339750.0,69,27294,100.0,0.0,100,8,100.0,0.0,100.0,0.0,100.0,0.0,100.0,0.0,100.0,0.0,77.0,23.0,100.0,0.0,100.0,0.0,98.0,5201.0,23,23,100.0,0.0,100.0,0.0,200.0,0.0,100.0,27244.0,100.0,44953656592.0,100.0,127396349725.0
2018-12-30,Z304L97T,ST4000DM000,4000787030016,0,117,120812544,92.0,0.0,100.0,8.0,100.0,0.0,84.0,319200984.0,69,27319,100.0,0.0,100,8,100.0,0.0,100.0,0.0,100.0,0.0,100.0,0.0,100.0,0.0,77.0,23.0,100.0,0.0,100.0,0.0,98.0,5201.0,23,23,100.0,0.0,100.0,0.0,200.0,0.0,100.0,27268.0,100.0,44956317872.0,100.0,127564714056.0
2018-12-31,Z304L97T,ST4000DM000,4000787030016,0,116,112524368,92.0,0.0,100.0,8.0,100.0,0.0,84.0,321185546.0,69,27342,100.0,0.0,100,8,100.0,0.0,100.0,0.0,100.0,0.0,100.0,0.0,100.0,0.0,77.0,23.0,100.0,0.0,100.0,0.0,98.0,5201.0,23,23,100.0,0.0,100.0,0.0,200.0,0.0,100.0,27292.0,100.0,44962007712.0,100.0,127738228219.0
