2018-01-01,Z304HW7X,ST4000DM000,4000787030016,0,114,80203408,96,0,100,4,100,0,89,914977903,78,19591,100,0,100,4,100.0,0.0,100.0,0.0,100.0,0.0,100.0,0.0,100.0,0.0,80.0,20.0,100.0,0.0,100.0,0.0,97.0,7632.0,20,20,100,0,100,0,200,0,100.0,19491.0,100.0,45066154056.0,100.0,60264303528.0
2018-01-02,Z304HW7X,ST4000DM000,4000787030016,0,118,172379768,96,0,100,4,100,0,89,916828687,78,19615,100,0,100,4,100.0,0.0,100.0,0.0,100.0,0.0,100.0,0.0,100.0,0.0,79.0,21.0,100.0,0.0,100.0,0.0,97.0,7632.0,21,21,100,0,100,0,200,0,100.0,19515.0,100.0,45098097352.0,100.0,60385082504.0
2018-01-03,Z304HW7X,ST4000DM000,4000787030016,0,119,219582464,96,0,100,4,100,0,89,918281656,78,19638,100,0,100,4,100.0,0.0,100.0,0.0,100.0,0.0,100.0,0.0,100.0,0.0,79.0,21.0,100.0,0.0,100.0,0.0,97.0,7632.0,21,21,100,0,100,0,200,0,100.0,19539.0,100.0,45140024144.0,100.0,60531447552.0
2018-01-04,Z304HW7X,ST4000DM000,4000787030016,0,114,60725816,96,0,100,4,100,0,89,920517155,78,19667,100,0,100,4,100.0,0.0,100.0,0.0,100.0,0.0,100.0,0.0,100.0,0.0,78.0,22.0,100.0,0.0,100.0,0.0,97.0,7632.0,22,22,100,0,100,0,200,0,100.0,19567.0,100.0,45186864824.0,100.0,60712063813.0
2018-01-05,Z304HW7X,ST4000DM000,4000787030016,0,119.0,220365656.0,96.0,0.0,100.0,4.0,100.0,0.0,89.0,921223068.0,78.0,19679.0,100.0,0.0,100.0,4.0,100.0,0.0,100.0,0.0,100.0,0.0,100.0,0.0,100.0,0.0,77.0,23.0,100.0,0.0,100.0,0.0,97.0,7632.0,23.0,23.0,100.0,0.0,100.0,0.0,200.0,0.0,100.0,19579.0,100.0,45201672608.0,100.0,60779134200.0
2018-01-06,Z304HW7X,ST4000DM000,4000787030016,0,119,210018272,96,0,100,4,100,0,89,923802453,78,19714,100,0,100,4,100.0,0.0,100.0,0.0,100.0,0.0,100.0,0.0,100.0,0.0,80.0,20.0,100.0,0.0,100.0,0.0,97.0,7632.0,20,20,100,0,100,0,200,0,100.0,19615.0,100.0,45242810072.0,100.0,60983312619.0
2018-01-07,Z304HW7X,ST4000DM000,4000787030016,0,113,56915056,96,0,100,4,100,0,89,926225769,78,19739,100,0,100,4,100.0,0.0,100.0,0.0,100.0,0.0,100.0,0.0,100.0,0.0,80.0,20.0,100.0,0.0,100.0,0.0,97.0,7632.0,20,20,100,0,100,0,200,0,100.0,19639.0,100.0,45282504144.0,100.0,61136878929.0
2018-01-08,Z304HW7X,ST4000DM000,4000787030016,0,117,139244976,96,0,100,4,100,0,89,927867730,78,19762,100,0,100,4,100.0,0.0,100.0,0.0,100.0,0.0,100.0,0.0,100.0,0.0,79.0,21.0,100.0,0.0,100.0,0.0,97.0,7632.0,21,21,100,0,100,0,200,0,100.0,19663.0,100.0,45316453384.0,100.0,61284956844.0
2018-01-09,Z304HW7X,ST4000DM000,4000787030016,0,112,49186248,96,0,100,4,100,0,89,929779874,78,19787,100,0,100,4,100.0,0.0,100.0,0.0,100.0,0.0,100.0,0.0,100.0,0.0,80.0,20.0,100.0,0.0,100.0,0.0,97.0,7632.0,20,20,100,0,100,0,200,0,100.0,19687.0,100.0,45347696184.0,100.0,61365002702.0
2018-01-10,Z304HW7X,ST4000DM000,4000787030016,0,116,104898888,96,0,100,4,100,0,89,930903961,78,19802,100,0,100,4,100.0,0.0,100.0,0.0,100.0,0.0,100.0,0.0,100.0,0.0,79.0,21.0,100.0,0.0,100.0,0.0,97.0,7632.0,21,21,100,0,100,0,200,0,100.0,19703.0,100.0,45370129256.0,100.0,61468423180.0
2018-01-11,Z304HW7X,ST4000DM000,4000787030016,0,119,234438536,96,0,100,4,100,0,89,933034536,78,19832,100,0,100,4,100.0,0.0,100.0,0.0,100.0,0.0,100.0,0.0,100.0,0.0,78.0,22.0,100.0,0.0,100.0,0.0,97.0,7635.0,22,22,100,0,100,0,200,0,100.0,19733.0,100.0,45381756224.0,100.0,61606363478.0
2018-01-12,Z304HW7X,ST4000DM000,4000787030016,0,118,185428408,96,0,100,4,100,0,89,934028657,78,19856,100,0,100,4,100.0,0.0,100.0,0.0,100.0,0.0,100.0,0.0,100.0,0.0,80.0,20.0,100.0,0.0,100.0,0.0,97.0,7635.0,20,20,100,0,100,0,200,0,100.0,19756.0,100.0,45391358360.0,100.0,61730507774.0
2018-01-13,Z304HW7X,ST4000DM000,4000787030016,0,116.0,115152280.0,96.0,0.0,100.0,4.0,100,0,89.0,935145842.0,78,19880,100.0,0.0,100,4,100.0,0.0,100.0,0.0,100.0,0.0,100.0,0.0,100.0,0.0,79.0,21.0,100.0,0.0,100.0,0.0,97.0,7635.0,21.0,21.0,100.0,0.0,100.0,0.0,200,0,100.0,19780.0,100.0,45395161952.0,100.0,61899938403.0
2018-01-14,Z304HW7X,ST4000DM000,4000787030016,0,100.0,2756064.0,96.0,0.0,100.0,4.0,100,0,89.0,937341167.0,78,19904,100.0,0.0,100,4,100.0,0.0,100.0,0.0,100.0,0.0,100.0,0.0,100.0,0.0,80.0,20.0,100.0,0.0,100.0,0.0,97.0,7635.0,20.0,20.0,100.0,0.0,100.0,0.0,200,0,100.0,19805.0,100.0,45400264680.0,100.0,62042825265.0
2018-01-15,Z304HW7X,ST4000DM000,4000787030016,0,119.0,201423864.0,96.0,0.0,100.0,4.0,100,0,89.0,939115988.0,78,19928,100.0,0.0,100,4,100.0,0.0,100.0,0.0,100.0,0.0,100.0,0.0,100.0,0.0,79.0,21.0,100.0,0.0,100.0,0.0,97.0,7635.0,21.0,21.0,100.0,0.0,100.0,0.0,200,0,100.0,19828.0,100.0,45402505376.0,100.0,62188683015.0
2018-01-16,Z304HW7X,ST4000DM000,4000787030016,0,117.0,161484280.0,96.0,0.0,100.0,4.0,100,0,90.0,940768917.0,78,19952,100.0,0.0,100,4,100.0,0.0,100.0,0.0,100.0,0.0,100.0,0.0,100.0,0.0,80.0,20.0,100.0,0.0,100.0,0.0,97.0,7639.0,20.0,20.0,100.0,0.0,100.0,0.0,200,0,100.0,19852.0,100.0,45407496160.0,100.0,62318589506.0
2018-01-17,Z304HW7X,ST4000DM000,4000787030016,0,115.0,99358496.0,96.0,0.0,100.0,4.0,100,0,90.0,941892738.0,78,19976,100.0,0.0,100,4,100.0,0.0,100.0,0.0,100.0,0.0,100.0,0.0,100.0,0.0,80.0,20.0,100.0,0.0,100.0,0.0,97.0,7639.0,20.0,20.0,100.0,0.0,100.0,0.0,200,0,100.0,19876.0,100.0,45410065384.0,100.0,62469076120.0
2018-01-18,Z304HW7X,ST4000DM000,4000787030016,0,117.0,154256240.0,96.0,0.0,100.0,4.0,100.0,0.0,90.0,942604841.0,78.0,19991.0,100.0,0.0,100.0,4.0,100.0,0.0,100.0,0.0,100.0,0.0,100.0,0.0,100.0,0.0,80.0,20.0,100.0,0.0,100.0,0.0,97.0,7639.0,20.0,20.0,100.0,0.0,100.0,0.0,200.0,0.0,100.0,19891.0,100.0,45412417000.0,100.0,62565534450.0
2018-01-19,Z304HW7X,ST4000DM000,4000787030016,0,117.0,126253144.0,96.0,0.0,100.0,4.0,100.0,0.0,90.0,943649817.0,78.0,20015.0,100.0,0.0,100.0,4.0,100.0,0.0,100.0,0.0,100.0,0.0,100.0,0.0,100.0,0.0,80.0,20.0,100.0,0.0,100.0,0.0,97.0,7642.0,20.0,20.0,100.0,0.0,100.0,0.0,200.0,0.0,100.0,19915.0,100.0,45414823112.0,100.0,62702263897.0
2018-01-20,Z304HW7X,ST4000DM000,4000787030016,0,119.0,225863008.0,96.0,0.0,100.0,4.0,100,0,90.0,944527073.0,78,20039,100.0,0.0,100,4,100.0,0.0,100.0,0.0,100.0,0.0,100.0,0.0,100.0,0.0,80.0,20.0,100.0,0.0,100.0,0.0,97.0,7642.0,20.0,20.0,100.0,0.0,100.0,0.0,200,0,100.0,19939.0,100.0,45417400392.0,100.0,62828152051.0
2018-01-21,Z304HW7X,ST4000DM000,4000787030016,0,114.0,81731984.0,96.0,0.0,100.0,4.0,100,0,90.0,946178943.0,78,20063,100.0,0.0,100,4,100.0,0.0,100.0,0.0,100.0,0.0,100.0,0.0,100.0,0.0,79.0,21.0,100.0,0.0,100.0,0.0,97.0,7642.0,21.0,21.0,100.0,0.0,100.0,0.0,200,0,100.0,19963.0,100.0,45422859864.0,100.0,62944016311.0
2018-01-22,Z304HW7X,ST4000DM000,4000787030016,0,112.0,47077592.0,96.0,0.0,100.0,4.0,100,0,90.0,947137120.0,78,20087,100.0,0.0,100,4,100.0,0.0,100.0,0.0,100.0,0.0,100.0,0.0,100.0,0.0,81.0,19.0,100.0,0.0,100.0,0.0,97.0,7642.0,19.0,19.0,100.0,0.0,100.0,0.0,200,0,100.0,19987.0,100.0,45427306848.0,100.0,63076184836.0
2018-01-23,Z304HW7X,ST4000DM000,4000787030016,0,117.0,156071072.0,96.0,0.0,100.0,4.0,100,0,90.0,948670775.0,78,20111,100.0,0.0,100,4,100.0,0.0,100.0,0.0,100.0,0.0,100.0,0.0,100.0,0.0,80.0,20.0,100.0,0.0,100.0,0.0,97.0,7644.0,20.0,20.0,100.0,0.0,100.0,0.0,200,0,100.0,20011.0,100.0,45432822152.0,100.0,67482918575.0
2018-01-24,Z304HW7X,ST4000DM000,4000787030016,0,118.0,186703512.0,96.0,0.0,100.0,4.0,100,0,90.0,949770769.0,78,20131,100.0,0.0,100,4,100.0,0.0,100.0,0.0,100.0,0.0,100.0,0.0,100.0,0.0,80.0,20.0,100.0,0.0,100.0,0.0,97.0,7644.0,20.0,20.0,100.0,0.0,100.0,0.0,200,0,100.0,20032.0,100.0,45436575424.0,100.0,67603700369.0
2018-01-25,Z304HW7X,ST4000DM000,4000787030016,0,117.0,129507448.0,96.0,0.0,100.0,4.0,100,0,90.0,951086573.0,77,20160,100.0,0.0,100,4,100.0,0.0,100.0,0.0,100.0,0.0,100.0,0.0,100.0,0.0,81.0,19.0,100.0,0.0,100.0,0.0,97.0,7644.0,19.0,19.0,100.0,0.0,100.0,0.0,200,0,100.0,20060.0,100.0,45443210576.0,100.0,67754390901.0
2018-01-26,Z304HW7X,ST4000DM000,4000787030016,0,116.0,103684264.0,96.0,0.0,100.0,4.0,100,0,90.0,951743794.0,77,20184,100.0,0.0,100,4,100.0,0.0,100.0,0.0,100.0,0.0,100.0,0.0,100.0,0.0,81.0,19.0,100.0,0.0,100.0,0.0,97.0,7645.0,19.0,19.0,100.0,0.0,100.0,0.0,200,0,100.0,20084.0,100.0,45448232296.0,100.0,67841790913.0
2018-01-27,Z304HW7X,ST4000DM000,4000787030016,0,119.0,207369160.0,96.0,0.0,100.0,4.0,100,0,90.0,952558059.0,77,20208,100.0,0.0,100,4,100.0,0.0,100.0,0.0,100.0,0.0,100.0,0.0,100.0,0.0,81.0,19.0,100.0,0.0,100.0,0.0,97.0,7645.0,19.0,19.0,100.0,0.0,100.0,0.0,200,0,100.0,20108.0,100.0,45450976632.0,100.0,67961924112.0
2018-01-28,Z304HW7X,ST4000DM000,4000787030016,0,116.0,105107952.0,96.0,0.0,100.0,4.0,100,0,90.0,954282344.0,77,20232,100.0,0.0,100,4,100.0,0.0,100.0,0.0,100.0,0.0,100.0,0.0,100.0,0.0,80.0,20.0,100.0,0.0,100.0,0.0,97.0,7645.0,20.0,20.0,100.0,0.0,100.0,0.0,200,0,100.0,20132.0,100.0,45459331344.0,100.0,68082808427.0
2018-01-29,Z304HW7X,ST4000DM000,4000787030016,0,112.0,47071496.0,96.0,0.0,100.0,4.0,100,0,90.0,955243028.0,77,20256,100.0,0.0,100,4,100.0,0.0,100.0,0.0,100.0,0.0,100.0,0.0,100.0,0.0,81.0,19.0,100.0,0.0,100.0,0.0,97.0,7645.0,19.0,19.0,100.0,0.0,100.0,0.0,200,0,100.0,20156.0,100.0,45462885640.0,100.0,68204101358.0
2018-01-30,Z304HW7X,ST4000DM000,4000787030016,0,117.0,128382864.0,96.0,0.0,100.0,4.0,100,0,90.0,956944455.0,77,20288,100.0,0.0,100,4,100.0,0.0,100.0,0.0,100.0,0.0,100.0,0.0,100.0,0.0,80.0,20.0,100.0,0.0,100.0,0.0,97.0,7648.0,20.0,20.0,100.0,0.0,100.0,0.0,200,0,100.0,20188.0,100.0,45473215384.0,100.0,68368105112.0
2018-01-31,Z304HW7X,ST4000DM000,4000787030016,0,117.0,157012080.0,96.0,0.0,100.0,4.0,100.0,0.0,90.0,957635265.0,77.0,20313.0,100.0,0.0,100.0,4.0,100.0,0.0,100.0,0.0,100.0,0.0,100.0,0.0,100.0,0.0,80.0,20.0,100.0,0.0,100.0,0.0,97.0,7648.0,20.0,20.0,100.0,0.0,100.0,0.0,200.0,0.0,100.0,20213.0,100.0,45477499136.0,100.0,68452962276.0
2018-02-01,Z304HW7X,ST4000DM000,4000787030016,0,116.0,113827960.0,96.0,0.0,100.0,4.0,100,0,90.0,958519928.0,77,20337,100.0,0.0,100,4,100.0,0.0,100.0,0.0,100.0,0.0,100.0,0.0,100.0,0.0,79.0,21.0,100.0,0.0,100.0,0.0,97.0,7648.0,21.0,21.0,100.0,0.0,100.0,0.0,200,0,100.0,20237.0,100.0,45481266976.0,100.0,68549788043.0
2018-02-02,Z304HW7X,ST4000DM000,4000787030016,0,117.0,138146624.0,96.0,0.0,100.0,4.0,100,0,90.0,959468890.0,77,20361,100.0,0.0,100,4,100.0,0.0,100.0,0.0,100.0,0.0,100.0,0.0,100.0,0.0,80.0,20.0,100.0,0.0,100.0,0.0,97.0,7648.0,20.0,20.0,100.0,0.0,100.0,0.0,200,0,100.0,20261.0,100.0,45485234120.0,100.0,68644380586.0
2018-02-03,Z304HW7X,ST4000DM000,4000787030016,0,117.0,140136240.0,96.0,0.0,100.0,4.0,100,0,90.0,961308085.0,77,20385,100.0,0.0,100,4,100.0,0.0,100.0,0.0,100.0,0.0,100.0,0.0,100.0,0.0,79.0,21.0,100.0,0.0,100.0,0.0,97.0,7648.0,21.0,21.0,100.0,0.0,100.0,0.0,200,0,100.0,20285.0,100.0,45489811232.0,100.0,68765903169.0
2018-02-04,Z304HW7X,ST4000DM000,4000787030016,0,110.0,26740912.0,96.0,0.0,100.0,4.0,100,0,90.0,963227837.0,77,20405,100.0,0.0,100,4,100.0,0.0,100.0,0.0,100.0,0.0,100.0,0.0,100.0,0.0,80.0,20.0,100.0,0.0,100.0,0.0,97.0,7648.0,20.0,20.0,100.0,0.0,100.0,0.0,200,0,100.0,20305.0,100.0,45495966304.0,100.0,68832540899.0
2018-02-05,Z304HW7X,ST4000DM000,4000787030016,0,106.0,11803792.0,96.0,0.0,100.0,4.0,100,0,90.0,963836471.0,77,20429,100.0,0.0,100,4,100.0,0.0,100.0,0.0,100.0,0.0,100.0,0.0,100.0,0.0,80.0,20.0,100.0,0.0,100.0,0.0,97.0,7648.0,20.0,20.0,100.0,0.0,100.0,0.0,200,0,100.0,20329.0,100.0,45499634344.0,100.0,73199127595.0
2018-02-06,Z304HW7X,ST4000DM000,4000787030016,0,110.0,29306072.0,96.0,0.0,100.0,4.0,100,0,90.0,965293236.0,77,20452,100.0,0.0,100,4,100.0,0.0,100.0,0.0,100.0,0.0,100.0,0.0,100.0,0.0,81.0,19.0,100.0,0.0,100.0,0.0,97.0,7648.0,19.0,19.0,100.0,0.0,100.0,0.0,200,0,100.0,20352.0,100.0,45506460640.0,100.0,73283933302.0
2018-02-07,Z304HW7X,ST4000DM000,4000787030016,0,112.0,44787688.0,96.0,0.0,100.0,4.0,100,0,90.0,966136445.0,77,20476,100.0,0.0,100,4,100.0,0.0,100.0,0.0,100.0,0.0,100.0,0.0,100.0,0.0,81.0,19.0,100.0,0.0,100.0,0.0,97.0,7648.0,19.0,19.0,100.0,0.0,100.0,0.0,200,0,100.0,20376.0,100.0,45510242888.0,100.0,73387679461.0
2018-02-08,Z304HW7X,ST4000DM000,4000787030016,0,117.0,161355704.0,96.0,0.0,100.0,4.0,100,0,90.0,967054195.0,77,20501,100.0,0.0,100,4,100.0,0.0,100.0,0.0,100.0,0.0,100.0,0.0,100.0,0.0,80.0,20.0,100.0,0.0,100.0,0.0,97.0,7651.0,20.0,20.0,100.0,0.0,100.0,0.0,200,0,100.0,20402.0,100.0,45514381616.0,100.0,73506371477.0
2018-02-09,Z304HW7X,ST4000DM000,4000787030016,0,116,110323568,96,0,100,4,100,0,90,968552585,77,20525,100,0,100,4,100.0,0.0,100.0,0.0,100.0,0.0,100.0,0.0,100.0,0.0,81.0,19.0,100.0,0.0,100.0,0.0,97.0,7651.0,19,19,100,0,100,0,200,0,100.0,20425.0,100.0,45516825624.0,100.0,73655672831.0
2018-02-10,Z304HW7X,ST4000DM000,4000787030016,0,119.0,206564608.0,96.0,0.0,100.0,4.0,100.0,0.0,90.0,969846435.0,77.0,20549.0,100.0,0.0,100.0,4.0,100.0,0.0,100.0,0.0,100.0,0.0,100.0,0.0,100.0,0.0,80.0,20.0,100.0,0.0,100.0,0.0,97.0,7651.0,20.0,20.0,100.0,0.0,100.0,0.0,200.0,0.0,100.0,20449.0,100.0,45520737224.0,100.0,73790292953.0
2018-02-11,Z304HW7X,ST4000DM000,4000787030016,0,117,129479592,96,0,100,4,100,0,90,972065688,77,20574,100,0,100,4,100.0,0.0,100.0,0.0,100.0,0.0,100.0,0.0,100.0,0.0,80.0,20.0,100.0,0.0,100.0,0.0,97.0,7653.0,20,20,100,0,100,0,200,0,100.0,20474.0,100.0,45526446136.0,100.0,73925844256.0
2018-02-12,Z304HW7X,ST4000DM000,4000787030016,0,108,18731888,96,0,100,4,100,0,90,974085575,77,20597,100,0,100,4,100.0,0.0,100.0,0.0,100.0,0.0,100.0,0.0,100.0,0.0,80.0,20.0,100.0,0.0,100.0,0.0,97.0,7653.0,20,20,100,0,100,0,200,0,100.0,20497.0,100.0,45530643360.0,100.0,74023991531.0
2018-02-13,Z304HW7X,ST4000DM000,4000787030016,0,118,192208800,96,0,100,4,100,0,90,975175053,77,20621,100,0,100,4,100.0,0.0,100.0,0.0,100.0,0.0,100.0,0.0,100.0,0.0,79.0,21.0,100.0,0.0,100.0,0.0,97.0,7666.0,21,21,100,0,100,0,200,0,100.0,20521.0,100.0,45535347112.0,100.0,74112694133.0
2018-02-14,Z304HW7X,ST4000DM000,4000787030016,0,114,63935152,96,0,100,4,100,0,90,975729588,77,20645,100,0,100,4,100.0,0.0,100.0,0.0,100.0,0.0,100.0,0.0,100.0,0.0,80.0,20.0,100.0,0.0,100.0,0.0,97.0,7667.0,20,20,100,0,100,0,200,0,100.0,20545.0,100.0,45538560496.0,100.0,74274289534.0
2018-02-15,Z304HW7X,ST4000DM000,4000787030016,0,115,84772840,96,0,100,4,100,0,90,976190382,77,20669,100,0,100,4,100.0,0.0,100.0,0.0,100.0,0.0,100.0,0.0,100.0,0.0,80.0,20.0,100.0,0.0,100.0,0.0,97.0,7667.0,20,20,100,0,100,0,200,0,100.0,20569.0,100.0,45541721344.0,100.0,74433170329.0
2018-02-16,Z304HW7X,ST4000DM000,4000787030016,0,120,235008896,96,0,100,4,100,0,90,976669978,77,20694,100,0,100,4,100.0,0.0,100.0,0.0,100.0,0.0,100.0,0.0,100.0,0.0,81.0,19.0,100.0,0.0,100.0,0.0,97.0,7667.0,19,19,100,0,100,0,200,0,100.0,20594.0,100.0,45544635256.0,100.0,74606991847.0
2018-02-17,Z304HW7X,ST4000DM000,4000787030016,0,113,53684152,96,0,100,4,100,0,90,977146955,77,20717,100,0,100,4,100.0,0.0,100.0,0.0,100.0,0.0,100.0,0.0,100.0,0.0,80.0,20.0,100.0,0.0,100.0,0.0,97.0,7668.0,20,20,100,0,100,0,200,0,100.0,20617.0,100.0,45547687688.0,100.0,74763317252.0
2018-02-18,Z304HW7X,ST4000DM000,4000787030016,0,109,22643744,96,0,100,4,100,0,90,978537356,77,20741,100,0,100,4,100.0,0.0,100.0,0.0,100.0,0.0,100.0,0.0,100.0,0.0,80.0,20.0,100.0,0.0,100.0,0.0,97.0,7668.0,20,20,100,0,100,0,200,0,100.0,20641.0,100.0,45553891112.0,100.0,74953217238.0
2018-02-19,Z304HW7X,ST4000DM000,4000787030016,0,117,125111464,96,0,100,4,100,0,90,978979948,77,20765,100,0,100,4,100.0,0.0,100.0,0.0,100.0,0.0,100.0,0.0,100.0,0.0,80.0,20.0,100.0,0.0,100.0,0.0,97.0,7668.0,20,20,100,0,100,0,200,0,100.0,20665.0,100.0,45557188144.0,100.0,75125294581.0
2018-02-20,Z304HW7X,ST4000DM000,4000787030016,0,117,146081464,96,0,100,4,100,0,90,980119873,77,20789,100,0,100,4,100.0,0.0,100.0,0.0,100.0,0.0,100.0,0.0,100.0,0.0,79.0,21.0,100.0,0.0,100.0,0.0,97.0,7678.0,21,21,100,0,100,0,200,0,100.0,20689.0,100.0,45562175232.0,100.0,75230190863.0
2018-02-21,Z304HW7X,ST4000DM000,4000787030016,0,118,199815776,96,0,100,4,100,0,90,980695853,77,20813,100,0,100,4,100.0,0.0,100.0,0.0,100.0,0.0,100.0,0.0,100.0,0.0,80.0,20.0,100.0,0.0,100.0,0.0,97.0,7678.0,20,20,100,0,100,0,200,0,100.0,20713.0,100.0,45566241208.0,100.0,75375802074.0
2018-02-22,Z304HW7X,ST4000DM000,4000787030016,0,114,62678120,96,0,100,4,100,0,90,981614781,77,20837,100,0,100,4,100.0,0.0,100.0,0.0,100.0,0.0,100.0,0.0,100.0,0.0,80.0,20.0,100.0,0.0,100.0,0.0,97.0,7682.0,20,20,100,0,100,0,200,0,100.0,20736.0,100.0,45571238928.0,100.0,75542746105.0
2018-02-23,Z304HW7X,ST4000DM000,4000787030016,0,120,238400504,96,0,100,4,100,0,90,982431685,77,20861,100,0,100,4,100.0,0.0,100.0,0.0,100.0,0.0,100.0,0.0,100.0,0.0,79.0,21.0,100.0,0.0,100.0,0.0,97.0,7682.0,21,21,100,0,100,0,200,0,100.0,20761.0,100.0,45574858704.0,100.0,75704603108.0
2018-02-24,Z304HW7X,ST4000DM000,4000787030016,0,114,82857584,96,0,100,4,100,0,90,983399219,77,20885,100,0,100,4,100.0,0.0,100.0,0.0,100.0,0.0,100.0,0.0,100.0,0.0,79.0,21.0,100.0,0.0,100.0,0.0,97.0,7682.0,21,21,100,0,100,0,200,0,100.0,20785.0,100.0,45578801776.0,100.0,75885714891.0
2018-02-25,Z304HW7X,ST4000DM000,4000787030016,0,117,124568504,96,0,100,4,100,0,90,985236816,77,20909,100,0,100,4,100.0,0.0,100.0,0.0,100.0,0.0,100.0,0.0,100.0,0.0,80.0,20.0,100.0,0.0,100.0,0.0,97.0,7682.0,20,20,100,0,100,0,200,0,100.0,20809.0,100.0,45585387480.0,100.0,76071401381.0
2018-02-26,Z304HW7X,ST4000DM000,4000787030016,0,111,37746128,96,0,100,4,100,0,90,986683995,77,20933,100,0,100,4,100.0,0.0,100.0,0.0,100.0,0.0,100.0,0.0,100.0,0.0,80.0,20.0,100.0,0.0,100.0,0.0,97.0,7682.0,20,20,100,0,100,0,200,0,100.0,20833.0,100.0,45590842528.0,100.0,76233008149.0
2018-02-27,Z304HW7X,ST4000DM000,4000787030016,0,117,131708192,96,0,100,4,100,0,90,987836219,77,20957,100,0,100,4,100.0,0.0,100.0,0.0,100.0,0.0,100.0,0.0,100.0,0.0,79.0,21.0,100.0,0.0,100.0,0.0,97.0,7685.0,21,21,100,0,100,0,200,0,100.0,20857.0,100.0,45597506352.0,100.0,76265369545.0
2018-02-28,Z304HW7X,ST4000DM000,4000787030016,0,119,210271112,96,0,100,4,100,0,90,989087209,77,20981,100,0,100,4,100.0,0.0,100.0,0.0,100.0,0.0,100.0,0.0,100.0,0.0,80.0,20.0,100.0,0.0,100.0,0.0,97.0,7686.0,20,20,100,0,100,0,200,0,100.0,20881.0,100.0,45601990344.0,100.0,76394519912.0
2018-03-01,Z304HW7X,ST4000DM000,4000787030016,0,119,207684024,96,0,100,4,100,0,90,990395038,77,21008,100,0,100,4,100.0,0.0,100.0,0.0,100.0,0.0,100.0,0.0,100.0,0.0,80.0,20.0,100.0,0.0,100.0,0.0,97.0,7691.0,20,20,100,0,100,0,200,0,100.0,20907.0,100.0,45604128840.0,100.0,76605770804.0
2018-03-02,Z304HW7X,ST4000DM000,4000787030016,0,120,459264,96,0,100,4,100,0,90,991564893,76,21031,100,0,100,4,100.0,0.0,100.0,0.0,100.0,0.0,100.0,0.0,100.0,0.0,80.0,20.0,100.0,0.0,100.0,0.0,97.0,7691.0,20,20,100,0,100,0,200,0,100.0,20931.0,100.0,45606278392.0,100.0,76767631740.0
2018-03-03,Z304HW7X,ST4000DM000,4000787030016,0,117,140154464,96,0,100,4,100,0,90,992866087,76,21055,100,0,100,4,100.0,0.0,100.0,0.0,100.0,0.0,100.0,0.0,100.0,0.0,80.0,20.0,100.0,0.0,100.0,0.0,97.0,7692.0,20,20,100,0,100,0,200,0,100.0,20955.0,100.0,45613049232.0,100.0,76938968666.0
2018-03-04,Z304HW7X,ST4000DM000,4000787030016,0,118,168773728,96,0,100,4,100,0,90,994735205,76,21079,100,0,100,4,100.0,0.0,100.0,0.0,100.0,0.0,100.0,0.0,100.0,0.0,79.0,21.0,100.0,0.0,100.0,0.0,97.0,7692.0,21,21,100,0,100,0,200,0,100.0,20979.0,100.0,45631616200.0,100.0,77108672143.0
2018-03-05,Z304HW7X,ST4000DM000,4000787030016,0,109,21643816,96,0,100,4,100,0,90,996880727,76,21103,100,0,100,4,100.0,0.0,100.0,0.0,100.0,0.0,100.0,0.0,100.0,0.0,81.0,19.0,100.0,0.0,100.0,0.0,97.0,7692.0,19,19,100,0,100,0,200,0,100.0,21003.0,100.0,45651699352.0,100.0,77211168992.0
2018-03-06,Z304HW7X,ST4000DM000,4000787030016,0,117,122975088,96,0,100,4,100,0,90,998367617,76,21129,100,0,100,4,100.0,0.0,100.0,0.0,100.0,0.0,100.0,0.0,100.0,0.0,79.0,21.0,100.0,0.0,100.0,0.0,97.0,7694.0,21,21,100,0,100,0,200,0,100.0,21028.0,100.0,45660460808.0,100.0,77341860524.0
2018-03-07,Z304HW7X,ST4000DM000,4000787030016,0,119.0,226481016.0,96.0,0.0,100.0,4.0,100.0,0.0,90.0,999363156.0,76.0,21153.0,100.0,0.0,100.0,4.0,100.0,0.0,100.0,0.0,100.0,0.0,100.0,0.0,100.0,0.0,80.0,20.0,100.0,0.0,100.0,0.0,97.0,7695.0,20.0,20.0,100.0,0.0,100.0,0.0,200.0,0.0,100.0,21052.0,100.0,45667556696.0,100.0,77490517623.0
2018-03-08,Z304HW7X,ST4000DM000,4000787030016,0,119,217092824,96,0,100,4,100,0,90,380274,76,21174,100,0,100,4,100.0,0.0,100.0,0.0,100.0,0.0,100.0,0.0,100.0,0.0,80.0,20.0,100.0,0.0,100.0,0.0,97.0,7698.0,20,20,100,0,100,0,200,0,100.0,21074.0,100.0,45677148416.0,100.0,77621768448.0
2018-03-09,Z304HW7X,ST4000DM000,4000787030016,0,119,228363712,96,0,100,4,100,0,61,1467184,76,21198,100,0,100,4,100.0,0.0,100.0,0.0,100.0,0.0,100.0,0.0,100.0,0.0,81.0,19.0,100.0,0.0,100.0,0.0,97.0,7698.0,19,19,100,0,100,0,200,0,100.0,21098.0,100.0,45692971672.0,100.0,77776899782.0
2018-03-10,Z304HW7X,ST4000DM000,4000787030016,0,117,122865328,96,0,100,4,100,0,63,2566826,76,21222,100,0,100,4,100.0,0.0,100.0,0.0,100.0,0.0,100.0,0.0,100.0,0.0,81.0,19.0,100.0,0.0,100.0,0.0,97.0,7698.0,19,19,100,0,100,0,200,0,100.0,21121.0,100.0,45704463368.0,100.0,77916502249.0
2018-03-11,Z304HW7X,ST4000DM000,4000787030016,0,118,174193176,96,0,100,4,100,0,66,4690271,76,21246,100,0,100,4,100.0,0.0,100.0,0.0,100.0,0.0,100.0,0.0,100.0,0.0,80.0,20.0,100.0,0.0,100.0,0.0,97.0,7698.0,20,20,100,0,100,0,200,0,100.0,21146.0,100.0,45715876432.0,100.0,78084697829.0
2018-03-12,Z304HW7X,ST4000DM000,4000787030016,0,117,137315304,96,0,100,4,100,0,67,5792959,76,21270,100,0,100,4,100.0,0.0,100.0,0.0,100.0,0.0,100.0,0.0,100.0,0.0,80.0,20.0,100.0,0.0,100.0,0.0,97.0,7698.0,20,20,100,0,100,0,200,0,100.0,21170.0,100.0,45729898240.0,100.0,78236628957.0
2018-03-13,Z304HW7X,ST4000DM000,4000787030016,0,114,78560872,96,0,100,4,100,0,68,6820369,76,21292,100,0,100,4,100.0,0.0,100.0,0.0,100.0,0.0,100.0,0.0,100.0,0.0,81.0,19.0,100.0,0.0,100.0,0.0,97.0,7702.0,19,19,100,0,100,0,200,0,100.0,21191.0,100.0,45740702424.0,100.0,78354674976.0
2018-03-14,Z304HW7X,ST4000DM000,4000787030016,0,115,86239568,96,0,100,4,100,0,69,7918406,76,21315,100,0,100,4,100.0,0.0,100.0,0.0,100.0,0.0,100.0,0.0,100.0,0.0,80.0,20.0,100.0,0.0,100.0,0.0,97.0,7702.0,20,20,100,0,100,0,200,0,100.0,21215.0,100.0,45750679608.0,100.0,78486109668.0
2018-03-15,Z304HW7X,ST4000DM000,4000787030016,0,111,41060264,96,0,100,4,100,0,69,8993846,76,21343,100,0,100,4,100.0,0.0,100.0,0.0,100.0,0.0,100.0,0.0,100.0,0.0,81.0,19.0,100.0,0.0,100.0,0.0,97.0,7703.0,19,19,100,0,100,0,200,0,100.0,21242.0,100.0,45769429496.0,100.0,78616286548.0
2018-03-16,Z304HW7X,ST4000DM000,4000787030016,0,115.0,93739208.0,96.0,0.0,100.0,4.0,100.0,0.0,69.0,10037352.0,76.0,21366.0,100.0,0.0,100.0,4.0,100.0,0.0,100.0,0.0,100.0,0.0,100.0,0.0,100.0,0.0,79.0,21.0,100.0,0.0,100.0,0.0,97.0,7703.0,21.0,21.0,100.0,0.0,100.0,0.0,200.0,0.0,100.0,21266.0,100.0,45781210064.0,100.0,78770244716.0
2018-03-17,Z304HW7X,ST4000DM000,4000787030016,0,111,37386368,96,0,100,4,100,0,70,10925873,76,21390,100,0,100,4,100.0,0.0,100.0,0.0,100.0,0.0,100.0,0.0,100.0,0.0,80.0,20.0,100.0,0.0,100.0,0.0,97.0,7703.0,20,20,100,0,100,0,200,0,100.0,21290.0,100.0,45788397568.0,100.0,78887361120.0
2018-03-18,Z304HW7X,ST4000DM000,4000787030016,0,119,210782104,96,0,100,4,100,0,71,13082071,76,21415,100,0,100,4,100.0,0.0,100.0,0.0,100.0,0.0,100.0,0.0,100.0,0.0,79.0,21.0,100.0,0.0,100.0,0.0,97.0,7703.0,21,21,100,0,100,0,200,0,100.0,21314.0,100.0,45803507936.0,100.0,79061523502.0
2018-03-19,Z304HW7X,ST4000DM000,4000787030016,0,118,184409824,96,0,100,4,100,0,72,14810913,76,21438,100,0,100,4,100.0,0.0,100.0,0.0,100.0,0.0,100.0,0.0,100.0,0.0,80.0,20.0,100.0,0.0,100.0,0.0,97.0,7703.0,20,20,100,0,100,0,200,0,100.0,21337.0,100.0,45816253176.0,100.0,79215520738.0
2018-03-20,Z304HW7X,ST4000DM000,4000787030016,0,105,8299480,96,0,100,4,100,0,72,17524668,76,21463,100,0,100,4,100.0,0.0,100.0,0.0,100.0,0.0,100.0,0.0,100.0,0.0,80.0,20.0,100.0,0.0,100.0,0.0,97.0,7703.0,20,20,100,0,100,0,200,0,100.0,21362.0,100.0,45833031440.0,100.0,79374350393.0
2018-03-21,Z304HW7X,ST4000DM000,4000787030016,0,118,191540568,96,0,100,4,100,0,72,18595782,76,21487,100,0,100,4,100.0,0.0,100.0,0.0,100.0,0.0,100.0,0.0,100.0,0.0,80.0,20.0,100.0,0.0,100.0,0.0,97.0,7703.0,20,20,100,0,100,0,200,0,100.0,21386.0,100.0,45853537840.0,100.0,79503526906.0
2018-03-22,Z304HW7X,ST4000DM000,4000787030016,0,117,159179144,96,0,100,4,100,0,72,19657002,76,21511,100,0,100,4,100.0,0.0,100.0,0.0,100.0,0.0,100.0,0.0,100.0,0.0,81.0,19.0,100.0,0.0,100.0,0.0,97.0,7703.0,19,19,100,0,100,0,200,0,100.0,21410.0,100.0,45866690432.0,100.0,79631354987.0
2018-03-23,Z304HW7X,ST4000DM000,4000787030016,0,120,237010248,96,0,100,4,100,0,72,20763965,76,21534,100,0,100,4,100.0,0.0,100.0,0.0,100.0,0.0,100.0,0.0,100.0,0.0,80.0,20.0,100.0,0.0,100.0,0.0,97.0,7703.0,20,20,100,0,100,0,200,0,100.0,21434.0,100.0,45881827536.0,100.0,79762763813.0
2018-03-24,Z304HW7X,ST4000DM000,4000787030016,0,114,61887520,96,0,100,4,100,0,73,21627301,76,21558,100,0,100,4,100.0,0.0,100.0,0.0,100.0,0.0,100.0,0.0,100.0,0.0,79.0,21.0,100.0,0.0,100.0,0.0,97.0,7703.0,21,21,100,0,100,0,200,0,100.0,21458.0,100.0,45895873904.0,100.0,79860077107.0
2018-03-25,Z304HW7X,ST4000DM000,4000787030016,0,115,84716664,96,0,100,4,100,0,73,23823282,76,21583,100,0,100,4,100.0,0.0,100.0,0.0,100.0,0.0,100.0,0.0,100.0,0.0,80.0,20.0,100.0,0.0,100.0,0.0,97.0,7703.0,20,20,100,0,100,0,200,0,100.0,21482.0,100.0,45915600896.0,100.0,80015528017.0
2018-03-26,Z304HW7X,ST4000DM000,4000787030016,0,118,179309640,96,0,100,4,100,0,73,24984172,76,21607,100,0,100,4,99.0,1.0,100.0,0.0,100.0,0.0,100.0,0.0,100.0,0.0,80.0,20.0,100.0,0.0,100.0,0.0,97.0,7712.0,20,20,100,0,100,0,200,0,100.0,21506.0,100.0,45927084144.0,100.0,80135460099.0
2018-03-27,Z304HW7X,ST4000DM000,4000787030016,0,116,105229384,96,0,100,4,100,0,74,26312565,76,21630,100,0,100,4,99.0,1.0,100.0,0.0,100.0,0.0,100.0,0.0,100.0,0.0,80.0,20.0,100.0,0.0,100.0,0.0,97.0,7712.0,20,20,100,0,100,0,200,0,100.0,21530.0,100.0,45941119624.0,100.0,80208589008.0
2018-03-28,Z304HW7X,ST4000DM000,4000787030016,0,113,51853152,96,0,100,4,100,0,74,27119702,76,21655,100,0,100,4,99.0,1.0,100.0,0.0,100.0,0.0,100.0,0.0,100.0,0.0,81.0,19.0,100.0,0.0,100.0,0.0,97.0,7712.0,19,19,100,0,100,0,200,0,100.0,21554.0,100.0,45954054064.0,100.0,80285983380.0
2018-03-29,Z304HW7X,ST4000DM000,4000787030016,0,118,173470272,96,0,100,4,100,0,74,27826722,76,21678,100,0,100,4,99.0,1.0,100.0,0.0,100.0,0.0,100.0,0.0,100.0,0.0,80.0,20.0,100.0,0.0,100.0,0.0,97.0,7718.0,20,20,100,0,100,0,200,0,100.0,21578.0,100.0,45967590584.0,100.0,80372818790.0
2018-03-30,Z304HW7X,ST4000DM000,4000787030016,0,118,180849192,96,0,100,4,100,0,74,28617235,76,21702,100,0,100,4,99.0,1.0,100.0,0.0,100.0,0.0,100.0,0.0,100.0,0.0,81.0,19.0,100.0,0.0,100.0,0.0,97.0,7725.0,19,19,100,0,100,0,200,0,100.0,21601.0,100.0,45981208760.0,100.0,80487671385.0
2018-03-31,Z304HW7X,ST4000DM000,4000787030016,0,114,72878712,96,0,100,4,100,0,75,29805828,76,21727,100,0,100,4,99.0,1.0,100.0,0.0,100.0,0.0,100.0,0.0,100.0,0.0,81.0,19.0,100.0,0.0,100.0,0.0,97.0,7726.0,19,19,100,0,100,0,200,0,100.0,21626.0,100.0,45995521160.0,100.0,80628339739.0
2018-04-01,Z304HW7X,ST4000DM000,4000787030016,0,119,205648560,95,0,100,5,100,0,75,31088832,76,21747,100,0,100,5,99.0,1.0,100.0,0.0,100.0,0.0,100.0,0.0,100.0,0.0,81.0,19.0,100.0,0.0,100.0,0.0,97.0,7732.0,19,19,100,0,100,0,200,0,100.0,21647.0,100.0,46009763128.0,100.0,80733453060.0
2018-04-02,Z304HW7X,ST4000DM000,4000787030016,0,114,60302648,95,0,100,5,100,0,75,31802275,76,21771,100,0,100,5,99.0,1.0,100.0,0.0,100.0,0.0,100.0,0.0,100.0,0.0,80.0,20.0,100.0,0.0,100.0,0.0,97.0,7732.0,20,20,100,0,100,0,200,0,100.0,21670.0,100.0,46025158488.0,100.0,80908619722.0
2018-04-03,Z304HW7X,ST4000DM000,4000787030016,0,119,221854568,95,0,100,5,100,0,75,33290506,76,21795,100,0,100,5,99.0,1.0,100.0,0.0,100.0,0.0,100.0,0.0,100.0,0.0,81.0,19.0,100.0,0.0,100.0,0.0,97.0,7732.0,19,19,100,0,100,0,200,0,100.0,21694.0,100.0,46043526272.0,100.0,81045069281.0
2018-04-04,Z304HW7X,ST4000DM000,4000787030016,0,117,164553344,95,0,100,5,100,0,75,33946906,76,21820,100,0,100,5,99.0,1.0,100.0,0.0,100.0,0.0,100.0,0.0,100.0,0.0,81.0,19.0,100.0,0.0,100.0,0.0,97.0,7732.0,19,19,100,0,100,0,200,0,100.0,21719.0,100.0,46058268400.0,100.0,81222240102.0
2018-04-05,Z304HW7X,ST4000DM000,4000787030016,0,117,120933704,95,0,100,5,100,0,75,36107012,76,21844,100,0,100,5,99.0,1.0,100.0,0.0,100.0,0.0,100.0,0.0,100.0,0.0,82.0,18.0,100.0,0.0,100.0,0.0,97.0,7732.0,18,18,100,0,100,0,200,0,100.0,21743.0,100.0,46082321792.0,100.0,81400309481.0
2018-04-06,Z304HW7X,ST4000DM000,4000787030016,0,116,103957424,95,0,100,5,100,0,75,36868889,76,21868,100,0,100,5,99.0,1.0,100.0,0.0,100.0,0.0,100.0,0.0,100.0,0.0,82.0,18.0,100.0,0.0,100.0,0.0,97.0,7732.0,18,18,100,0,100,0,200,0,100.0,21767.0,100.0,46109558664.0,100.0,81581299250.0
2018-04-07,Z304HW7X,ST4000DM000,4000787030016,0,119.0,202940264.0,95.0,0.0,100.0,5.0,100.0,0.0,75.0,37534860.0,76.0,21891.0,100.0,0.0,100.0,5.0,99.0,1.0,100.0,0.0,100.0,0.0,100.0,0.0,100.0,0.0,82.0,18.0,100.0,0.0,100.0,0.0,97.0,7732.0,18.0,18.0,100.0,0.0,100.0,0.0,200.0,0.0,100.0,21791.0,100.0,46135842784.0,100.0,81750352621.0
2018-04-08,Z304HW7X,ST4000DM000,4000787030016,0,116,110041144,95,0,100,5,100,0,75,39142307,75,21915,100,0,100,5,99.0,1.0,100.0,0.0,100.0,0.0,100.0,0.0,100.0,0.0,82.0,18.0,100.0,0.0,100.0,0.0,97.0,7732.0,18,18,100,0,100,0,200,0,100.0,21815.0,100.0,46168686416.0,100.0,81909548894.0
2018-04-09,Z304HW7X,ST4000DM000,4000787030016,0,118,178623816,95,0,100,5,100,0,75,40239935,75,21939,100,0,100,5,99.0,1.0,100.0,0.0,100.0,0.0,100.0,0.0,100.0,0.0,81.0,19.0,100.0,0.0,100.0,0.0,97.0,7732.0,19,19,100,0,100,0,200,0,100.0,21838.0,100.0,46193360736.0,100.0,82083109906.0
2018-04-10,Z304HW7X,ST4000DM000,4000787030016,0,118,186976584,95,0,100,5,100,0,75,41823063,75,21963,100,0,100,5,99.0,1.0,100.0,0.0,100.0,0.0,100.0,0.0,100.0,0.0,82.0,18.0,100.0,0.0,100.0,0.0,97.0,7732.0,18,18,100,0,100,0,200,0,100.0,21862.0,100.0,46214455000.0,100.0,82202182132.0
2018-04-11,Z304HW7X,ST4000DM000,4000787030016,0,119,216396176,95,0,100,5,100,0,76,43036828,75,21987,100,0,100,5,99.0,1.0,100.0,0.0,100.0,0.0,100.0,0.0,100.0,0.0,81.0,19.0,100.0,0.0,100.0,0.0,97.0,7732.0,19,19,100,0,100,0,200,0,100.0,21886.0,100.0,46243708760.0,100.0,82368338390.0
2018-04-12,Z304HW7X,ST4000DM000,4000787030016,0,118,177297640,95,0,100,5,100,0,76,44206447,75,22014,100,0,100,5,99.0,1.0,100.0,0.0,100.0,0.0,100.0,0.0,100.0,0.0,81.0,19.0,100.0,0.0,100.0,0.0,97.0,7735.0,19,19,100,0,100,0,200,0,100.0,21913.0,100.0,46258978128.0,100.0,82556742569.0
2018-04-13,Z304HW7X,ST4000DM000,4000787030016,0,118,182644064,95,0,100,5,100,0,76,45676105,75,22038,100,0,100,5,99.0,1.0,100.0,0.0,100.0,0.0,100.0,0.0,100.0,0.0,81.0,19.0,100.0,0.0,100.0,0.0,97.0,7735.0,19,19,100,0,100,0,200,0,100.0,21937.0,100.0,46271353848.0,100.0,82733630386.0
2018-04-14,Z304HW7X,ST4000DM000,4000787030016,0,114,74297392,95,0,100,5,100,0,76,46052582,75,22062,100,0,100,5,99.0,1.0,100.0,0.0,100.0,0.0,100.0,0.0,100.0,0.0,81.0,19.0,100.0,0.0,100.0,0.0,97.0,7735.0,19,19,100,0,100,0,200,0,100.0,21961.0,100.0,46286019080.0,100.0,82746528060.0
2018-04-15,Z304HW7X,ST4000DM000,4000787030016,0,117,156716448,95,0,100,5,100,0,76,48324540,75,22086,100,0,100,5,99.0,1.0,100.0,0.0,100.0,0.0,100.0,0.0,100.0,0.0,81.0,19.0,100.0,0.0,100.0,0.0,97.0,7735.0,19,19,100,0,100,0,200,0,100.0,21985.0,100.0,46305230328.0,100.0,82903750872.0
2018-04-16,Z304HW7X,ST4000DM000,4000787030016,0,114,71332200,95,0,100,5,100,0,76,49769321,75,22110,100,0,100,5,99.0,1.0,100.0,0.0,100.0,0.0,100.0,0.0,100.0,0.0,81.0,19.0,100.0,0.0,100.0,0.0,97.0,7735.0,19,19,100,0,100,0,200,0,100.0,22009.0,100.0,46333341896.0,100.0,83099625125.0
2018-04-17,Z304HW7X,ST4000DM000,4000787030016,0,114,59723792,95,0,100,5,100,0,77,51623472,75,22134,100,0,100,5,99.0,1.0,100.0,0.0,100.0,0.0,100.0,0.0,100.0,0.0,81.0,19.0,100.0,0.0,100.0,0.0,97.0,7735.0,19,19,100,0,100,0,200,0,100.0,22033.0,100.0,46350293464.0,100.0,83230333350.0
2018-04-18,Z304HW7X,ST4000DM000,4000787030016,0,117,160853248,95,0,100,5,100,0,77,53030066,75,22158,100,0,100,5,99.0,1.0,100.0,0.0,100.0,0.0,100.0,0.0,100.0,0.0,82.0,18.0,100.0,0.0,100.0,0.0,97.0,7735.0,18,18,100,0,100,0,200,0,100.0,22058.0,100.0,46367353056.0,100.0,83404208495.0
2018-04-19,Z304HW7X,ST4000DM000,4000787030016,0,118,197286392,95,0,100,5,100,0,77,53952218,75,22182,100,0,100,5,99.0,1.0,100.0,0.0,100.0,0.0,100.0,0.0,100.0,0.0,82.0,18.0,100.0,0.0,100.0,0.0,97.0,7735.0,18,18,100,0,100,0,200,0,100.0,22081.0,100.0,46381411680.0,100.0,83548797088.0
2018-04-20,Z304HW7X,ST4000DM000,4000787030016,0,109,22366592,95,0,100,5,100,0,77,54580190,75,22206,100,0,100,5,99.0,1.0,100.0,0.0,100.0,0.0,100.0,0.0,100.0,0.0,82.0,18.0,100.0,0.0,100.0,0.0,97.0,7735.0,18,18,100,0,100,0,200,0,100.0,22105.0,100.0,46393577776.0,100.0,83628131177.0
2018-04-21,Z304HW7X,ST4000DM000,4000787030016,0,112,43976840,95,0,100,5,100,0,77,56769569,75,22230,100,0,100,5,99.0,1.0,100.0,0.0,100.0,0.0,100.0,0.0,100.0,0.0,82.0,18.0,100.0,0.0,100.0,0.0,97.0,7735.0,18,18,100,0,100,0,200,0,100.0,22129.0,100.0,46421470216.0,100.0,83780162119.0
2018-04-22,Z304HW7X,ST4000DM000,4000787030016,0,118,168269944,95,0,100,5,100,0,77,58714221,75,22254,100,0,100,5,99.0,1.0,100.0,0.0,100.0,0.0,100.0,0.0,100.0,0.0,82.0,18.0,100.0,0.0,100.0,0.0,97.0,7735.0,18,18,100,0,100,0,200,0,100.0,22153.0,100.0,46434244928.0,100.0,83940600518.0
2018-04-23,Z304HW7X,ST4000DM000,4000787030016,0,114,79705584,95,0,100,5,100,0,78,59866345,75,22278,100,0,100,5,99.0,1.0,100.0,0.0,100.0,0.0,100.0,0.0,100.0,0.0,82.0,18.0,100.0,0.0,100.0,0.0,97.0,7735.0,18,18,100,0,100,0,200,0,100.0,22177.0,100.0,46451832960.0,100.0,84096665969.0
2018-04-24,Z304HW7X,ST4000DM000,4000787030016,0,112,46877568,95,0,100,5,100,0,78,61740844,75,22302,100,0,100,5,99.0,1.0,100.0,0.0,100.0,0.0,100.0,0.0,100.0,0.0,82.0,18.0,100.0,0.0,100.0,0.0,97.0,7735.0,18,18,100,0,100,0,200,0,100.0,22202.0,100.0,46474984280.0,100.0,84217908902.0
2018-04-25,Z304HW7X,ST4000DM000,4000787030016,0,118,175411696,95,0,100,5,100,0,78,63053889,75,22326,100,0,100,5,99.0,1.0,100.0,0.0,100.0,0.0,100.0,0.0,100.0,0.0,81.0,19.0,100.0,0.0,100.0,0.0,97.0,7735.0,19,19,100,0,100,0,200,0,100.0,22225.0,100.0,46494061216.0,100.0,84368850661.0
2018-04-26,Z304HW7X,ST4000DM000,4000787030016,0,114,78547112,95,0,100,5,100,0,78,64286599,75,22352,100,0,100,5,99.0,1.0,100.0,0.0,100.0,0.0,100.0,0.0,100.0,0.0,82.0,18.0,100.0,0.0,100.0,0.0,97.0,7739.0,18,18,100,0,100,0,200,0,100.0,22251.0,100.0,46515817336.0,100.0,84511714311.0
2018-04-27,Z304HW7X,ST4000DM000,4000787030016,0,119,1374496,95,0,100,5,100,0,78,65333587,75,22376,100,0,100,5,99.0,1.0,100.0,0.0,100.0,0.0,100.0,0.0,100.0,0.0,81.0,19.0,100.0,0.0,100.0,0.0,97.0,7739.0,19,19,100,0,100,0,200,0,100.0,22275.0,100.0,46533843776.0,100.0,84643745573.0
2018-04-28,Z304HW7X,ST4000DM000,4000787030016,0,119,216650784,95,0,100,5,100,0,78,66814230,75,22400,100,0,100,5,99.0,1.0,100.0,0.0,100.0,0.0,100.0,0.0,100.0,0.0,81.0,19.0,100.0,0.0,100.0,0.0,97.0,7739.0,19,19,100,0,100,0,200,0,100.0,22299.0,100.0,46559932832.0,100.0,84788334416.0
2018-04-29,Z304HW7X,ST4000DM000,4000787030016,0,114,60385152,95,0,100,5,100,0,78,68378886,75,22424,100,0,100,5,99.0,1.0,100.0,0.0,100.0,0.0,100.0,0.0,100.0,0.0,81.0,19.0,100.0,0.0,100.0,0.0,97.0,7739.0,19,19,100,0,100,0,200,0,100.0,22323.0,100.0,46584743480.0,100.0,84897782069.0
2018-04-30,Z304HW7X,ST4000DM000,4000787030016,0,118,199618184,95,0,100,5,100,0,78,69580898,75,22448,100,0,100,5,99.0,1.0,100.0,0.0,100.0,0.0,100.0,0.0,100.0,0.0,81.0,19.0,100.0,0.0,100.0,0.0,97.0,7739.0,19,19,100,0,100,0,200,0,100.0,22347.0,100.0,46602078864.0,100.0,85059324170.0
2018-05-01,Z304HW7X,ST4000DM000,4000787030016,0,117,166634920,95,0,100,5,100,0,78,71421014,75,22472,100,0,100,5,99.0,1.0,100.0,0.0,100.0,0.0,100.0,0.0,100.0,0.0,81.0,19.0,100.0,0.0,100.0,0.0,97.0,7739.0,19,19,100,0,100,0,200,0,100.0,22371.0,100.0,46626379184.0,100.0,85178111756.0
2018-05-02,Z304HW7X,ST4000DM000,4000787030016,0,120.0,57336.0,95.0,0.0,100.0,5.0,100.0,0.0,78.0,72721012.0,75.0,22496.0,100.0,0.0,100.0,5.0,99.0,1.0,100.0,0.0,100.0,0.0,100.0,0.0,100.0,0.0,83.0,17.0,100.0,0.0,100.0,0.0,97.0,7739.0,17.0,17.0,100.0,0.0,100.0,0.0,200.0,0.0,100.0,22395.0,100.0,46649009400.0,100.0,85327130749.0
2018-05-03,Z304HW7X,ST4000DM000,4000787030016,0,104,6975568,95,0,100,5,100,0,78,73968625,75,22518,100,0,100,5,99.0,1.0,100.0,0.0,100.0,0.0,100.0,0.0,100.0,0.0,82.0,18.0,100.0,0.0,100.0,0.0,97.0,7742.0,18,18,100,0,100,0,200,0,100.0,22417.0,100.0,46665742384.0,100.0,85467686598.0
2018-05-04,Z304HW7X,ST4000DM000,4000787030016,0,114,77037000,95,0,100,5,100,0,78,76526783,75,22542,100,0,100,5,99.0,1.0,100.0,0.0,100.0,0.0,100.0,0.0,100.0,0.0,82.0,18.0,100.0,0.0,100.0,0.0,97.0,7742.0,18,18,100,0,100,0,200,0,100.0,22441.0,100.0,46688050264.0,100.0,85619526586.0
2018-05-05,Z304HW7X,ST4000DM000,4000787030016,0,118,171533136,95,0,100,5,100,0,78,77510233,75,22566,100,0,100,5,99.0,1.0,100.0,0.0,100.0,0.0,100.0,0.0,100.0,0.0,82.0,18.0,100.0,0.0,100.0,0.0,97.0,7742.0,18,18,100,0,100,0,200,0,100.0,22465.0,100.0,46695339696.0,100.0,85754584626.0
2018-05-06,Z304HW7X,ST4000DM000,4000787030016,0,114,62775240,95,0,100,5,100,0,78,79389901,75,22590,100,0,100,5,99.0,1.0,100.0,0.0,100.0,0.0,100.0,0.0,100.0,0.0,81.0,19.0,100.0,0.0,100.0,0.0,97.0,7742.0,19,19,100,0,100,0,200,0,100.0,22489.0,100.0,46715268904.0,100.0,85878795469.0
2018-05-07,Z304HW7X,ST4000DM000,4000787030016,0,114,69852792,95,0,100,5,100,0,78,80363417,75,22614,100,0,100,5,99.0,1.0,100.0,0.0,100.0,0.0,100.0,0.0,100.0,0.0,82.0,18.0,100.0,0.0,100.0,0.0,97.0,7742.0,18,18,100,0,100,0,200,0,100.0,22513.0,100.0,46728346312.0,100.0,85990683695.0
2018-05-08,Z304HW7X,ST4000DM000,4000787030016,0,116,107174776,95,0,100,5,100,0,78,81541565,75,22638,100,0,100,5,99.0,1.0,100.0,0.0,100.0,0.0,100.0,0.0,100.0,0.0,82.0,18.0,100.0,0.0,100.0,0.0,97.0,7742.0,18,18,100,0,100,0,200,0,100.0,22537.0,100.0,46749848008.0,100.0,86055649308.0
2018-05-09,Z304HW7X,ST4000DM000,4000787030016,0,118,192266272,95,0,100,5,100,0,78,83120564,75,22662,100,0,100,5,99.0,1.0,100.0,0.0,100.0,0.0,100.0,0.0,100.0,0.0,81.0,19.0,100.0,0.0,100.0,0.0,97.0,7742.0,19,19,100,0,100,0,200,0,100.0,22561.0,100.0,46769394616.0,100.0,86182643996.0
2018-05-10,Z304HW7X,ST4000DM000,4000787030016,0,114,61126856,95,0,100,5,100,0,79,84249235,75,22686,100,0,100,5,99.0,1.0,100.0,0.0,100.0,0.0,100.0,0.0,100.0,0.0,82.0,18.0,100.0,0.0,100.0,0.0,97.0,7745.0,18,18,100,0,100,0,200,0,100.0,22585.0,100.0,46786612048.0,100.0,86304753169.0
2018-05-11,Z304HW7X,ST4000DM000,4000787030016,0,119,219523272,95,0,100,5,100,0,79,84902628,75,22710,100,0,100,5,99.0,1.0,100.0,0.0,100.0,0.0,100.0,0.0,100.0,0.0,81.0,19.0,100.0,0.0,100.0,0.0,97.0,7745.0,19,19,100,0,100,0,200,0,100.0,22609.0,100.0,46801662296.0,100.0,86374616255.0
2018-05-12,Z304HW7X,ST4000DM000,4000787030016,0,113,57253936,95,0,100,5,100,0,79,85659593,75,22735,100,0,100,5,99.0,1.0,100.0,0.0,100.0,0.0,100.0,0.0,100.0,0.0,81.0,19.0,100.0,0.0,100.0,0.0,97.0,7745.0,19,19,100,0,100,0,200,0,100.0,22633.0,100.0,46813372480.0,100.0,86468013593.0
2018-05-13,Z304HW7X,ST4000DM000,4000787030016,0,118,176015992,95,0,100,5,100,0,79,87701191,75,22759,100,0,100,5,99.0,1.0,100.0,0.0,100.0,0.0,100.0,0.0,100.0,0.0,82.0,18.0,100.0,0.0,100.0,0.0,97.0,7745.0,18,18,100,0,100,0,200,0,100.0,22658.0,100.0,46834174792.0,100.0,86612861151.0
2018-05-14,Z304HW7X,ST4000DM000,4000787030016,0,117,130250512,95,0,100,5,100,0,79,88801935,74,22782,100,0,100,5,99.0,1.0,100.0,0.0,100.0,0.0,100.0,0.0,100.0,0.0,81.0,19.0,100.0,0.0,100.0,0.0,97.0,7745.0,19,19,100,0,100,0,200,0,100.0,22681.0,100.0,46859952320.0,100.0,86701732697.0
2018-05-15,Z304HW7X,ST4000DM000,4000787030016,0,113.0,50696824.0,95.0,0.0,100.0,5.0,100.0,0.0,79.0,90525378.0,74.0,22806.0,100.0,0.0,100.0,5.0,99.0,1.0,100.0,0.0,100.0,0.0,100.0,0.0,100.0,0.0,82.0,18.0,100.0,0.0,100.0,0.0,97.0,7745.0,18.0,18.0,100.0,0.0,100.0,0.0,200.0,0.0,100.0,22705.0,100.0,46896486312.0,100.0,86779723901.0
2018-05-16,Z304HW7X,ST4000DM000,4000787030016,0,118,177483744,95,0,100,5,100,0,79,91323969,74,22830,100,0,100,5,99.0,1.0,100.0,0.0,100.0,0.0,100.0,0.0,100.0,0.0,81.0,19.0,100.0,0.0,100.0,0.0,97.0,7745.0,19,19,100,0,100,0,200,0,100.0,22729.0,100.0,46915021016.0,100.0,86850365815.0
2018-05-17,Z304HW7X,ST4000DM000,4000787030016,0,119,203974728,95,0,100,5,100,0,79,92382337,74,22854,100,0,100,5,99.0,1.0,100.0,0.0,100.0,0.0,100.0,0.0,100.0,0.0,81.0,19.0,100.0,0.0,100.0,0.0,97.0,7746.0,19,19,100,0,100,0,200,0,100.0,22752.0,100.0,46931082176.0,100.0,86943981591.0
2018-05-18,Z304HW7X,ST4000DM000,4000787030016,0,120,237308904,95,0,100,5,100,0,79,93327756,74,22878,100,0,100,5,99.0,1.0,100.0,0.0,100.0,0.0,100.0,0.0,100.0,0.0,81.0,19.0,100.0,0.0,100.0,0.0,97.0,7746.0,19,19,100,0,100,0,200,0,100.0,22777.0,100.0,46944218392.0,100.0,87036508751.0
2018-05-19,Z304HW7X,ST4000DM000,4000787030016,0,114,75854400,95,0,100,5,100,0,79,95443908,74,22902,100,0,100,5,99.0,1.0,100.0,0.0,100.0,0.0,100.0,0.0,100.0,0.0,82.0,18.0,100.0,0.0,100.0,0.0,97.0,7746.0,18,18,100,0,100,0,200,0,100.0,22801.0,100.0,46964511496.0,100.0,87103546665.0
2018-05-20,Z304HW7X,ST4000DM000,4000787030016,0,111,35186832,95,0,100,5,100,0,79,97130540,74,22926,100,0,100,5,99.0,1.0,100.0,0.0,100.0,0.0,100.0,0.0,100.0,0.0,81.0,19.0,100.0,0.0,100.0,0.0,97.0,7746.0,19,19,100,0,100,0,200,0,100.0,22825.0,100.0,46981271936.0,100.0,87207195072.0
2018-05-21,Z304HW7X,ST4000DM000,4000787030016,0,118,194192152,95,0,100,5,100,0,79,97987203,74,22950,100,0,100,5,99.0,1.0,100.0,0.0,100.0,0.0,100.0,0.0,100.0,0.0,82.0,18.0,100.0,0.0,100.0,0.0,97.0,7746.0,18,18,100,0,100,0,200,0,100.0,22849.0,100.0,46994493760.0,100.0,87301444876.0
2018-05-22,Z304HW7X,ST4000DM000,4000787030016,0,118,178315392,95,0,100,5,100,0,79,99706948,74,22974,100,0,100,5,99.0,1.0,100.0,0.0,100.0,0.0,100.0,0.0,100.0,0.0,81.0,19.0,100.0,0.0,100.0,0.0,97.0,7746.0,19,19,100,0,100,0,200,0,100.0,22873.0,100.0,47011582736.0,100.0,87402252736.0
2018-05-23,Z304HW7X,ST4000DM000,4000787030016,0,117,122728728,95,0,100,5,100,0,80,101434797,74,22998,100,0,100,5,99.0,1.0,100.0,0.0,100.0,0.0,100.0,0.0,100.0,0.0,81.0,19.0,100.0,0.0,100.0,0.0,97.0,7746.0,19,19,100,0,100,0,200,0,100.0,22896.0,100.0,47036201568.0,100.0,87544728526.0
2018-05-24,Z304HW7X,ST4000DM000,4000787030016,0,118,186596024,95,0,100,5,100,0,80,102876066,74,23022,100,0,100,5,99.0,1.0,100.0,0.0,100.0,0.0,100.0,0.0,100.0,0.0,81.0,19.0,100.0,0.0,100.0,0.0,97.0,7746.0,19,19,100,0,100,0,200,0,100.0,22921.0,100.0,47058688592.0,100.0,87668937524.0
2018-05-25,Z304HW7X,ST4000DM000,4000787030016,0,115,90142688,95,0,100,5,100,0,80,104171162,74,23043,100,0,100,5,99.0,1.0,100.0,0.0,100.0,0.0,100.0,0.0,100.0,0.0,81.0,19.0,100.0,0.0,100.0,0.0,97.0,7749.0,19,19,100,0,100,0,200,0,100.0,22942.0,100.0,47077609816.0,100.0,87758233374.0
2018-05-26,Z304HW7X,ST4000DM000,4000787030016,0,105,9892560,95,0,100,5,100,0,80,104851201,74,23067,100,0,100,5,99.0,1.0,100.0,0.0,100.0,0.0,100.0,0.0,100.0,0.0,81.0,19.0,100.0,0.0,100.0,0.0,97.0,7749.0,19,19,100,0,100,0,200,0,100.0,22966.0,100.0,47091756384.0,100.0,87866947285.0
2018-05-27,Z304HW7X,ST4000DM000,4000787030016,0,108,17085016,95,0,100,5,100,0,80,106470308,74,23091,100,0,100,5,99.0,1.0,100.0,0.0,100.0,0.0,100.0,0.0,100.0,0.0,82.0,18.0,100.0,0.0,100.0,0.0,97.0,7749.0,18,18,100,0,100,0,200,0,100.0,22990.0,100.0,47108066176.0,100.0,87990109320.0
2018-05-28,Z304HW7X,ST4000DM000,4000787030016,0,117,127306136,95,0,100,5,100,0,80,107358897,74,23115,100,0,100,5,99.0,1.0,100.0,0.0,100.0,0.0,100.0,0.0,100.0,0.0,81.0,19.0,100.0,0.0,100.0,0.0,97.0,7749.0,19,19,100,0,100,0,200,0,100.0,23014.0,100.0,47115972776.0,100.0,88144316704.0
2018-05-29,Z304HW7X,ST4000DM000,4000787030016,0,107,13273656,95,0,100,5,100,0,80,108745904,74,23139,100,0,100,5,99.0,1.0,100.0,0.0,100.0,0.0,100.0,0.0,100.0,0.0,82.0,18.0,100.0,0.0,100.0,0.0,97.0,7749.0,18,18,100,0,100,0,200,0,100.0,23038.0,100.0,47131347384.0,100.0,88220266732.0
2018-05-30,Z304HW7X,ST4000DM000,4000787030016,0,119,203064336,95,0,100,5,100,0,80,109438428,74,23163,100,0,100,5,99.0,1.0,100.0,0.0,100.0,0.0,100.0,0.0,100.0,0.0,81.0,19.0,100.0,0.0,100.0,0.0,97.0,7749.0,19,19,100,0,100,0,200,0,100.0,23062.0,100.0,47155620760.0,100.0,88297689813.0
2018-05-31,Z304HW7X,ST4000DM000,4000787030016,0,117,133381320,95,0,100,5,100,0,80,110327008,74,23191,100,0,100,5,99.0,1.0,100.0,0.0,100.0,0.0,100.0,0.0,100.0,0.0,82.0,18.0,100.0,0.0,100.0,0.0,97.0,7750.0,18,18,100,0,100,0,200,0,100.0,23089.0,100.0,47176700896.0,100.0,88409204785.0
2018-06-01,Z304HW7X,ST4000DM000,4000787030016,0,119,212965816,95,0,100,5,100,0,80,111315399,74,23215,100,0,100,5,99.0,1.0,100.0,0.0,100.0,0.0,100.0,0.0,100.0,0.0,81.0,19.0,100.0,0.0,100.0,0.0,97.0,7750.0,19,19,100,0,100,0,200,0,100.0,23113.0,100.0,47193105360.0,100.0,88555945269.0
2018-06-02,Z304HW7X,ST4000DM000,4000787030016,0,115,96608360,95,0,100,5,100,0,80,113496830,74,23239,100,0,100,5,99.0,1.0,100.0,0.0,100.0,0.0,100.0,0.0,100.0,0.0,81.0,19.0,100.0,0.0,100.0,0.0,97.0,7750.0,19,19,100,0,100,0,200,0,100.0,23137.0,100.0,47210089048.0,100.0,88752357387.0
2018-06-03,Z304HW7X,ST4000DM000,4000787030016,0,117,149756184,95,0,100,5,100,0,80,115059111,74,23262,100,0,100,5,99.0,1.0,100.0,0.0,100.0,0.0,100.0,0.0,100.0,0.0,81.0,19.0,100.0,0.0,100.0,0.0,97.0,7750.0,19,19,100,0,100,0,200,0,100.0,23161.0,100.0,47227457416.0,100.0,88934186837.0
2018-06-04,Z304HW7X,ST4000DM000,4000787030016,0,116,112867784,95,0,100,5,100,0,80,115743794,74,23287,100,0,100,5,99.0,1.0,100.0,0.0,100.0,0.0,100.0,0.0,100.0,0.0,81.0,19.0,100.0,0.0,100.0,0.0,97.0,7750.0,19,19,100,0,100,0,200,0,100.0,23185.0,100.0,47245543872.0,100.0,89097548277.0
2018-06-05,Z304HW7X,ST4000DM000,4000787030016,0,120,236077144,95,0,100,5,100,0,80,117303569,74,23311,100,0,100,5,99.0,1.0,100.0,0.0,100.0,0.0,100.0,0.0,100.0,0.0,81.0,19.0,100.0,0.0,100.0,0.0,97.0,7750.0,19,19,100,0,100,0,200,0,100.0,23209.0,100.0,47266010016.0,100.0,89248545924.0
2018-06-06,Z304HW7X,ST4000DM000,4000787030016,0,117,159258648,95,0,100,5,100,0,81,117964013,74,23335,100,0,100,5,99.0,1.0,100.0,0.0,100.0,0.0,100.0,0.0,100.0,0.0,82.0,18.0,100.0,0.0,100.0,0.0,97.0,7750.0,18,18,100,0,100,0,200,0,100.0,23233.0,100.0,47284875208.0,100.0,89425586164.0
2018-06-07,Z304HW7X,ST4000DM000,4000787030016,0,111,34749112,95,0,100,5,100,0,81,118658495,74,23359,100,0,100,5,99.0,1.0,100.0,0.0,100.0,0.0,100.0,0.0,100.0,0.0,82.0,18.0,100.0,0.0,100.0,0.0,97.0,7750.0,18,18,100,0,100,0,200,0,100.0,23257.0,100.0,47307071408.0,100.0,89598650687.0
2018-06-08,Z304HW7X,ST4000DM000,4000787030016,0,107,13855320,95,0,100,5,100,0,81,119579024,74,23383,100,0,100,5,99.0,1.0,100.0,0.0,100.0,0.0,100.0,0.0,100.0,0.0,82.0,18.0,100.0,0.0,100.0,0.0,97.0,7752.0,18,18,100,0,100,0,200,0,100.0,23281.0,100.0,47348304360.0,100.0,89756017994.0
2018-06-09,Z304HW7X,ST4000DM000,4000787030016,0,116,113472704,95,0,100,5,100,0,81,120338765,74,23406,100,0,100,5,99.0,1.0,100.0,0.0,100.0,0.0,100.0,0.0,100.0,0.0,81.0,19.0,100.0,0.0,100.0,0.0,97.0,7752.0,19,19,100,0,100,0,200,0,100.0,23305.0,100.0,47360649856.0,100.0,89898770427.0
2018-06-10,Z304HW7X,ST4000DM000,4000787030016,0,118,173835672,95,0,100,5,100,0,81,122253255,74,23430,100,0,100,5,99.0,1.0,100.0,0.0,100.0,0.0,100.0,0.0,100.0,0.0,82.0,18.0,100.0,0.0,100.0,0.0,97.0,7752.0,18,18,100,0,100,0,200,0,100.0,23329.0,100.0,47377525552.0,100.0,90085015074.0
2018-06-11,Z304HW7X,ST4000DM000,4000787030016,0,118,184180920,95,0,100,5,100,0,81,123227418,74,23455,100,0,100,5,99.0,1.0,100.0,0.0,100.0,0.0,100.0,0.0,100.0,0.0,81.0,19.0,100.0,0.0,100.0,0.0,97.0,7752.0,19,19,100,0,100,0,200,0,100.0,23353.0,100.0,47390217016.0,100.0,90249928230.0
2018-06-12,Z304HW7X,ST4000DM000,4000787030016,0,105,9861808,95,0,100,5,100,0,81,124871091,74,23478,100,0,100,5,99.0,1.0,100.0,0.0,100.0,0.0,100.0,0.0,100.0,0.0,81.0,19.0,100.0,0.0,100.0,0.0,97.0,7752.0,19,19,100,0,100,0,200,0,100.0,23376.0,100.0,47403426264.0,100.0,90389995711.0
2018-06-13,Z304HW7X,ST4000DM000,4000787030016,0,117,125860312,95,0,100,5,100,0,81,126092744,74,23502,100,0,100,5,99.0,1.0,100.0,0.0,100.0,0.0,100.0,0.0,100.0,0.0,81.0,19.0,100.0,0.0,100.0,0.0,97.0,7752.0,19,19,100,0,100,0,200,0,100.0,23401.0,100.0,47427014744.0,100.0,90557726186.0
2018-06-14,Z304HW7X,ST4000DM000,4000787030016,0,118,184425568,95,0,100,5,100,0,81,127186556,74,23526,100,0,100,5,99.0,1.0,100.0,0.0,100.0,0.0,100.0,0.0,100.0,0.0,80.0,20.0,100.0,0.0,100.0,0.0,97.0,7760.0,20,20,100,0,100,0,200,0,100.0,23424.0,100.0,47439584664.0,100.0,90715796460.0
2018-06-15,Z304HW7X,ST4000DM000,4000787030016,0,118.0,184012648.0,95.0,0.0,100.0,5.0,100.0,0.0,81.0,127792643.0,74.0,23550.0,100.0,0.0,100.0,5.0,99.0,1.0,100.0,0.0,100.0,0.0,100.0,0.0,100.0,0.0,80.0,20.0,100.0,0.0,100.0,0.0,97.0,7760.0,20.0,20.0,100.0,0.0,100.0,0.0,200.0,0.0,100.0,23448.0,100.0,47452068256.0,100.0,90880747251.0
2018-06-16,Z304HW7X,ST4000DM000,4000787030016,0,119.0,217005568.0,95.0,0.0,100.0,5.0,100.0,0.0,81.0,128326023.0,74.0,23574.0,100.0,0.0,100.0,5.0,99.0,1.0,100.0,0.0,100.0,0.0,100.0,0.0,100.0,0.0,80.0,20.0,100.0,0.0,100.0,0.0,97.0,7760.0,20.0,20.0,100.0,0.0,100.0,0.0,200.0,0.0,100.0,23472.0,100.0,47462102664.0,100.0,91035403595.0
2018-06-17,Z304HW7X,ST4000DM000,4000787030016,0,116.0,110569112.0,95.0,0.0,100.0,5.0,100.0,0.0,81.0,130568709.0,74.0,23597.0,100.0,0.0,100.0,5.0,99.0,1.0,100.0,0.0,100.0,0.0,100.0,0.0,100.0,0.0,81.0,19.0,100.0,0.0,100.0,0.0,97.0,7760.0,19.0,19.0,100.0,0.0,100.0,0.0,200.0,0.0,100.0,23495.0,100.0,47482972216.0,100.0,91231932919.0
2018-06-18,Z304HW7X,ST4000DM000,4000787030016,0,114.0,68983520.0,95.0,0.0,100.0,5.0,100.0,0.0,81.0,131977733.0,74.0,23622.0,100.0,0.0,100.0,5.0,99.0,1.0,100.0,0.0,100.0,0.0,100.0,0.0,100.0,0.0,81.0,19.0,100.0,0.0,100.0,0.0,97.0,7760.0,19.0,19.0,100.0,0.0,100.0,0.0,200.0,0.0,100.0,23520.0,100.0,47497018464.0,100.0,91423298916.0
2018-06-19,Z304HW7X,ST4000DM000,4000787030016,0,119,201418240,95,0,100,5,100,0,81,133433142,74,23646,100,0,100,5,99.0,1.0,100.0,0.0,100.0,0.0,100.0,0.0,100.0,0.0,81.0,19.0,100.0,0.0,100.0,0.0,97.0,7760.0,19,19,100,0,100,0,200,0,100.0,23544.0,100.0,47513885728.0,100.0,91557643933.0
2018-06-20,Z304HW7X,ST4000DM000,4000787030016,0,117,153132312,95,0,100,5,100,0,81,133944074,73,23670,100,0,100,5,99.0,1.0,100.0,0.0,100.0,0.0,100.0,0.0,100.0,0.0,82.0,18.0,100.0,0.0,100.0,0.0,97.0,7760.0,18,18,100,0,100,0,200,0,100.0,23568.0,100.0,47526162048.0,100.0,91722877969.0
2018-06-21,Z304HW7X,ST4000DM000,4000787030016,0,116,104985752,95,0,100,5,100,0,81,134950645,73,23694,100,0,100,5,99.0,1.0,100.0,0.0,100.0,0.0,100.0,0.0,100.0,0.0,82.0,18.0,100.0,0.0,100.0,0.0,97.0,7760.0,18,18,100,0,100,0,200,0,100.0,23592.0,100.0,47556807536.0,100.0,91873646538.0
2018-06-22,Z304HW7X,ST4000DM000,4000787030016,0,118,180030704,95,0,100,5,100,0,81,135899711,73,23717,100,0,100,5,99.0,1.0,100.0,0.0,100.0,0.0,100.0,0.0,100.0,0.0,82.0,18.0,100.0,0.0,100.0,0.0,97.0,7760.0,18,18,100,0,100,0,200,0,100.0,23616.0,100.0,47566721696.0,100.0,92036362578.0
2018-06-23,Z304HW7X,ST4000DM000,4000787030016,0,118,201002568,95,0,100,5,100,0,81,136885445,73,23742,100,0,100,5,99.0,1.0,100.0,0.0,100.0,0.0,100.0,0.0,100.0,0.0,82.0,18.0,100.0,0.0,100.0,0.0,97.0,7760.0,18,18,100,0,100,0,200,0,100.0,23640.0,100.0,47583088288.0,100.0,92200658575.0
2018-06-24,Z304HW7X,ST4000DM000,4000787030016,0,119,215761328,95,0,100,5,100,0,81,138877012,73,23766,100,0,100,5,99.0,1.0,100.0,0.0,100.0,0.0,100.0,0.0,100.0,0.0,82.0,18.0,100.0,0.0,100.0,0.0,97.0,7760.0,18,18,100,0,100,0,200,0,100.0,23664.0,100.0,47604383664.0,100.0,92385457076.0
2018-06-25,Z304HW7X,ST4000DM000,4000787030016,0,117,164611560,95,0,100,5,100,0,81,140176559,73,23790,100,0,100,5,99.0,1.0,100.0,0.0,100.0,0.0,100.0,0.0,100.0,0.0,82.0,18.0,100.0,0.0,100.0,0.0,97.0,7760.0,18,18,100,0,100,0,200,0,100.0,23688.0,100.0,47617589720.0,100.0,92531425628.0
2018-06-26,Z304HW7X,ST4000DM000,4000787030016,0,106,11047920,95,0,100,5,100,0,81,141446356,73,23813,100,0,100,5,99.0,1.0,100.0,0.0,100.0,0.0,100.0,0.0,100.0,0.0,82.0,18.0,100.0,0.0,100.0,0.0,97.0,7760.0,18,18,100,0,100,0,200,0,100.0,23711.0,100.0,47639966696.0,100.0,92557909543.0
2018-06-27,Z304HW7X,ST4000DM000,4000787030016,0,120,235562928,94,0,100,6,100,0,81,142407807,73,23841,100,0,100,6,99.0,1.0,100.0,0.0,100.0,0.0,100.0,0.0,100.0,0.0,81.0,19.0,100.0,0.0,100.0,0.0,97.0,7767.0,19,19,100,0,100,0,200,0,100.0,23739.0,100.0,47661426248.0,100.0,92683268640.0
2018-06-28,Z304HW7X,ST4000DM000,4000787030016,0,108,15765992,94,0,100,6,100,0,81,143069710,73,23865,100,0,100,6,99.0,1.0,100.0,0.0,100.0,0.0,100.0,0.0,100.0,0.0,81.0,19.0,100.0,0.0,100.0,0.0,97.0,7767.0,19,19,100,0,100,0,200,0,100.0,23763.0,100.0,47678462040.0,100.0,92849384812.0
2018-06-29,Z304HW7X,ST4000DM000,4000787030016,0,118,178583344,94,0,100,6,100,0,81,143717239,73,23890,100,0,100,6,99.0,1.0,100.0,0.0,100.0,0.0,100.0,0.0,100.0,0.0,81.0,19.0,100.0,0.0,100.0,0.0,97.0,7769.0,19,19,100,0,100,0,200,0,100.0,23789.0,100.0,47693687912.0,100.0,93014377621.0
2018-06-30,Z304HW7X,ST4000DM000,4000787030016,0,119,211125248,94,0,100,6,100,0,81,144961591,73,23914,100,0,100,6,99.0,1.0,100.0,0.0,100.0,0.0,100.0,0.0,100.0,0.0,81.0,19.0,100.0,0.0,100.0,0.0,97.0,7769.0,19,19,100,0,100,0,200,0,100.0,23812.0,100.0,47712372616.0,100.0,93198281760.0
2018-07-01,Z304HW7X,ST4000DM000,4000787030016,0,102,4341360,94,0,100,6,100,0,81,146060287,73,23938,100,0,100,6,99.0,1.0,100.0,0.0,100.0,0.0,100.0,0.0,100.0,0.0,81.0,19.0,100.0,0.0,100.0,0.0,97.0,7769.0,19,19,100,0,100,0,200,0,100.0,23836.0,100.0,47733427472.0,100.0,93384251369.0
2018-07-02,Z304HW7X,ST4000DM000,4000787030016,0,114,79929792,94,0,100,6,100,0,81,146626193,73,23962,100,0,100,6,99.0,1.0,100.0,0.0,100.0,0.0,100.0,0.0,100.0,0.0,81.0,19.0,100.0,0.0,100.0,0.0,97.0,7769.0,19,19,100,0,100,0,200,0,100.0,23860.0,100.0,47747717680.0,100.0,93552568222.0
2018-07-03,Z304HW7X,ST4000DM000,4000787030016,0,118,183265360,94,0,100,6,100,0,81,147987621,73,23986,100,0,100,6,99.0,1.0,100.0,0.0,100.0,0.0,100.0,0.0,100.0,0.0,82.0,18.0,100.0,0.0,100.0,0.0,97.0,7769.0,18,18,100,0,100,0,200,0,100.0,23884.0,100.0,47766387960.0,100.0,93683852056.0
2018-07-04,Z304HW7X,ST4000DM000,4000787030016,0,115,95434104,94,0,100,6,100,0,81,150094200,73,24010,100,0,100,6,99.0,1.0,100.0,0.0,100.0,0.0,100.0,0.0,100.0,0.0,82.0,18.0,100.0,0.0,100.0,0.0,97.0,7769.0,18,18,100,0,100,0,200,0,100.0,23908.0,100.0,47777849408.0,100.0,93851924323.0
2018-07-05,Z304HW7X,ST4000DM000,4000787030016,0,113,51576544,94,0,100,6,100,0,81,151040197,73,24034,100,0,100,6,99.0,1.0,100.0,0.0,100.0,0.0,100.0,0.0,100.0,0.0,81.0,19.0,100.0,0.0,100.0,0.0,97.0,7769.0,19,19,100,0,100,0,200,0,100.0,23932.0,100.0,47793172048.0,100.0,94010528517.0
2018-07-06,Z304HW7X,ST4000DM000,4000787030016,0,108,16991968,94,0,100,6,100,0,81,152079827,73,24058,100,0,100,6,99.0,1.0,100.0,0.0,100.0,0.0,100.0,0.0,100.0,0.0,82.0,18.0,100.0,0.0,100.0,0.0,97.0,7769.0,18,18,100,0,100,0,200,0,100.0,23956.0,100.0,47805490816.0,100.0,94177476204.0
2018-07-07,Z304HW7X,ST4000DM000,4000787030016,0,117,159649808,94,0,100,6,100,0,81,153665838,73,24082,100,0,100,6,99.0,1.0,100.0,0.0,100.0,0.0,100.0,0.0,100.0,0.0,81.0,19.0,100.0,0.0,100.0,0.0,97.0,7769.0,19,19,100,0,100,0,200,0,100.0,23980.0,100.0,47827593872.0,100.0,94356085690.0
2018-07-08,Z304HW7X,ST4000DM000,4000787030016,0,119,206321136,94,0,100,6,100,0,81,155737577,73,24106,100,0,100,6,99.0,1.0,100.0,0.0,100.0,0.0,100.0,0.0,100.0,0.0,82.0,18.0,100.0,0.0,100.0,0.0,97.0,7769.0,18,18,100,0,100,0,200,0,100.0,24004.0,100.0,47863702504.0,100.0,94497917654.0
2018-07-09,Z304HW7X,ST4000DM000,4000787030016,0,108,16779640,94,0,100,6,100,0,81,156147765,73,24129,100,0,100,6,99.0,1.0,100.0,0.0,100.0,0.0,100.0,0.0,100.0,0.0,81.0,19.0,100.0,0.0,100.0,0.0,97.0,7769.0,19,19,100,0,100,0,200,0,100.0,24027.0,100.0,47875353776.0,100.0,94530386103.0
2018-07-10,Z304HW7X,ST4000DM000,4000787030016,0,117.0,117623416.0,94.0,0.0,100.0,6.0,100.0,0.0,81.0,158153136.0,73.0,24153.0,100.0,0.0,100.0,6.0,99.0,1.0,100.0,0.0,100.0,0.0,100.0,0.0,100.0,0.0,81.0,19.0,100.0,0.0,100.0,0.0,97.0,7769.0,19.0,19.0,100.0,0.0,100.0,0.0,200.0,0.0,100.0,24052.0,100.0,47889463264.0,100.0,94652587512.0
2018-07-11,Z304HW7X,ST4000DM000,4000787030016,0,113,53131704,94,0,100,6,100,0,81,159454951,73,24178,100,0,100,6,99.0,1.0,100.0,0.0,100.0,0.0,100.0,0.0,100.0,0.0,81.0,19.0,100.0,0.0,100.0,0.0,97.0,7769.0,19,19,100,0,100,0,200,0,100.0,24076.0,100.0,47899834720.0,100.0,94847425076.0
2018-07-12,Z304HW7X,ST4000DM000,4000787030016,0,109,21327176,94,0,100,6,100,0,81,160939252,73,24202,100,0,100,6,99.0,1.0,100.0,0.0,100.0,0.0,100.0,0.0,100.0,0.0,81.0,19.0,100.0,0.0,100.0,0.0,97.0,7773.0,19,19,100,0,100,0,200,0,100.0,24100.0,100.0,47912532104.0,100.0,95016777339.0
2018-07-13,Z304HW7X,ST4000DM000,4000787030016,0,113,55770976,94,0,100,6,100,0,81,161870085,73,24226,100,0,100,6,99.0,1.0,100.0,0.0,100.0,0.0,100.0,0.0,100.0,0.0,81.0,19.0,100.0,0.0,100.0,0.0,97.0,7773.0,19,19,100,0,100,0,200,0,100.0,24124.0,100.0,47927606640.0,100.0,95170693490.0
2018-07-14,Z304HW7X,ST4000DM000,4000787030016,0,111,38822384,94,0,100,6,100,0,81,163627830,73,24249,100,0,100,6,99.0,1.0,100.0,0.0,100.0,0.0,100.0,0.0,100.0,0.0,81.0,19.0,100.0,0.0,100.0,0.0,97.0,7773.0,19,19,100,0,100,0,200,0,100.0,24147.0,100.0,47951034440.0,100.0,95301742155.0
2018-07-15,Z304HW7X,ST4000DM000,4000787030016,0,115,91080208,94,0,100,6,100,0,81,165300960,73,24274,100,0,100,6,99.0,1.0,100.0,0.0,100.0,0.0,100.0,0.0,100.0,0.0,81.0,19.0,100.0,0.0,100.0,0.0,97.0,7773.0,19,19,100,0,100,0,200,0,100.0,24172.0,100.0,47979641648.0,100.0,95441675846.0
2018-07-16,Z304HW7X,ST4000DM000,4000787030016,0,117,136110776,94,0,100,6,100,0,81,166549866,73,24298,100,0,100,6,99.0,1.0,100.0,0.0,100.0,0.0,100.0,0.0,100.0,0.0,81.0,19.0,100.0,0.0,100.0,0.0,97.0,7773.0,19,19,100,0,100,0,200,0,100.0,24196.0,100.0,48008067472.0,100.0,95584420248.0
2018-07-17,Z304HW7X,ST4000DM000,4000787030016,0,117,138109440,94,0,100,6,100,0,82,168496960,73,24322,100,0,100,6,99.0,1.0,100.0,0.0,100.0,0.0,100.0,0.0,100.0,0.0,81.0,19.0,100.0,0.0,100.0,0.0,97.0,7773.0,19,19,100,0,100,0,200,0,100.0,24220.0,100.0,48029258112.0,100.0,95727423048.0
2018-07-18,Z304HW7X,ST4000DM000,4000787030016,0,114,75850864,94,0,100,6,100,0,82,169569513,73,24346,100,0,100,6,99.0,1.0,100.0,0.0,100.0,0.0,100.0,0.0,100.0,0.0,82.0,18.0,100.0,0.0,100.0,0.0,97.0,7773.0,18,18,100,0,100,0,200,0,100.0,24244.0,100.0,48044792632.0,100.0,95868549142.0
2018-07-19,Z304HW7X,ST4000DM000,4000787030016,0,119,208504592,94,0,100,6,100,0,82,170812189,73,24369,100,0,100,6,99.0,1.0,100.0,0.0,100.0,0.0,100.0,0.0,100.0,0.0,81.0,19.0,100.0,0.0,100.0,0.0,97.0,7773.0,19,19,100,0,100,0,200,0,100.0,24267.0,100.0,48057639104.0,100.0,96020695543.0
2018-07-20,Z304HW7X,ST4000DM000,4000787030016,0,114,81672248,94,0,100,6,100,0,82,171774077,73,24394,100,0,100,6,99.0,1.0,100.0,0.0,100.0,0.0,100.0,0.0,100.0,0.0,81.0,19.0,100.0,0.0,100.0,0.0,97.0,7773.0,19,19,100,0,100,0,200,0,100.0,24292.0,100.0,48066170368.0,100.0,96157426168.0
2018-07-21,Z304HW7X,ST4000DM000,4000787030016,0,114,58735384,94,0,100,6,100,0,82,173259937,73,24418,100,0,100,6,99.0,1.0,100.0,0.0,100.0,0.0,100.0,0.0,100.0,0.0,81.0,19.0,100.0,0.0,100.0,0.0,97.0,7773.0,19,19,100,0,100,0,200,0,100.0,24316.0,100.0,48082050336.0,100.0,96306738665.0
2018-07-22,Z304HW7X,ST4000DM000,4000787030016,0,114,74925864,94,0,100,6,100,0,82,175045421,73,24442,100,0,100,6,99.0,1.0,100.0,0.0,100.0,0.0,100.0,0.0,100.0,0.0,82.0,18.0,100.0,0.0,100.0,0.0,97.0,7773.0,18,18,100,0,100,0,200,0,100.0,24340.0,100.0,48107745992.0,100.0,96451873880.0
2018-07-23,Z304HW7X,ST4000DM000,4000787030016,0,115,98987280,94,0,100,6,100,0,82,175923789,73,24465,100,0,100,6,99.0,1.0,100.0,0.0,100.0,0.0,100.0,0.0,100.0,0.0,82.0,18.0,100.0,0.0,100.0,0.0,97.0,7773.0,18,18,100,0,100,0,200,0,100.0,24363.0,100.0,48131696624.0,100.0,96556792544.0
2018-07-24,Z304HW7X,ST4000DM000,4000787030016,0,118,178883392,94,0,100,6,100,0,82,177650279,73,24490,100,0,100,6,99.0,1.0,100.0,0.0,100.0,0.0,100.0,0.0,100.0,0.0,81.0,19.0,100.0,0.0,100.0,0.0,97.0,7773.0,19,19,100,0,100,0,200,0,100.0,24388.0,100.0,48148377144.0,100.0,96680051260.0
2018-07-25,Z304HW7X,ST4000DM000,4000787030016,0,111.0,36640776.0,94.0,0.0,100.0,6.0,100.0,0.0,82.0,178876161.0,73.0,24514.0,100.0,0.0,100.0,6.0,99.0,1.0,100.0,0.0,100.0,0.0,100.0,0.0,100.0,0.0,81.0,19.0,100.0,0.0,100.0,0.0,97.0,7773.0,19.0,19.0,100.0,0.0,100.0,0.0,200.0,0.0,100.0,24412.0,100.0,48168579064.0,100.0,96813695858.0
2018-07-26,Z304HW7X,ST4000DM000,4000787030016,0,119,214754264,94,0,100,6,100,0,82,179965971,72,24538,100,0,100,6,99.0,1.0,100.0,0.0,100.0,0.0,100.0,0.0,100.0,0.0,82.0,18.0,100.0,0.0,100.0,0.0,97.0,7777.0,18,18,100,0,100,0,200,0,100.0,24436.0,100.0,48179625944.0,100.0,96954089719.0
2018-07-27,Z304HW7X,ST4000DM000,4000787030016,0,118,191000528,94,0,100,6,100,0,82,182081094,72,24562,100,0,100,6,99.0,1.0,100.0,0.0,100.0,0.0,100.0,0.0,100.0,0.0,81.0,19.0,100.0,0.0,100.0,0.0,97.0,7777.0,19,19,100,0,100,0,200,0,100.0,24460.0,100.0,48189127968.0,100.0,97108597843.0
2018-07-28,Z304HW7X,ST4000DM000,4000787030016,0,100,2911944,94,0,100,6,100,0,82,183807552,72,24586,100,0,100,6,99.0,1.0,100.0,0.0,100.0,0.0,100.0,0.0,100.0,0.0,81.0,19.0,100.0,0.0,100.0,0.0,97.0,7777.0,19,19,100,0,100,0,200,0,100.0,24484.0,100.0,48202677696.0,100.0,97257391090.0
2018-07-29,Z304HW7X,ST4000DM000,4000787030016,0,114,80550664,94,0,100,6,100,0,82,185187177,72,24610,100,0,100,6,99.0,1.0,100.0,0.0,100.0,0.0,100.0,0.0,100.0,0.0,82.0,18.0,100.0,0.0,100.0,0.0,97.0,7777.0,18,18,100,0,100,0,200,0,100.0,24508.0,100.0,48213984912.0,100.0,97363273455.0
2018-07-30,Z304HW7X,ST4000DM000,4000787030016,0,117,147262296,94,0,100,6,100,0,82,186120923,72,24634,100,0,100,6,99.0,1.0,100.0,0.0,100.0,0.0,100.0,0.0,100.0,0.0,82.0,18.0,100.0,0.0,100.0,0.0,97.0,7777.0,18,18,100,0,100,0,200,0,100.0,24532.0,100.0,48227184496.0,100.0,97480126582.0
2018-07-31,Z304HW7X,ST4000DM000,4000787030016,0,106,10592440,94,0,100,6,100,0,82,187831685,72,24658,100,0,100,6,99.0,1.0,100.0,0.0,100.0,0.0,100.0,0.0,100.0,0.0,81.0,19.0,100.0,0.0,100.0,0.0,97.0,7777.0,19,19,100,0,100,0,200,0,100.0,24555.0,100.0,48242525608.0,100.0,97585663479.0
2018-08-01,Z304HW7X,ST4000DM000,4000787030016,0,117,129657856,94,0,100,6,100,0,82,189230198,72,24681,100,0,100,6,99.0,1.0,100.0,0.0,100.0,0.0,100.0,0.0,100.0,0.0,82.0,18.0,100.0,0.0,100.0,0.0,97.0,7777.0,18,18,100,0,100,0,200,0,100.0,24579.0,100.0,48253830232.0,100.0,97736510973.0
2018-08-02,Z304HW7X,ST4000DM000,4000787030016,0,117,122500832,94,0,100,6,100,0,82,190006550,72,24706,100,0,100,6,99.0,1.0,100.0,0.0,100.0,0.0,100.0,0.0,100.0,0.0,82.0,18.0,100.0,0.0,100.0,0.0,97.0,7777.0,18,18,100,0,100,0,200,0,100.0,24603.0,100.0,48265899856.0,100.0,97822154373.0
2018-08-03,Z304HW7X,ST4000DM000,4000787030016,0,119,228160128,94,0,100,6,100,0,82,190813555,72,24730,100,0,100,6,99.0,1.0,100.0,0.0,100.0,0.0,100.0,0.0,100.0,0.0,82.0,18.0,100.0,0.0,100.0,0.0,97.0,7777.0,18,18,100,0,100,0,200,0,100.0,24628.0,100.0,48281741888.0,100.0,97911042179.0
2018-08-04,Z304HW7X,ST4000DM000,4000787030016,0,119,226181392,94,0,100,6,100,0,82,192290429,72,24754,100,0,100,6,99.0,1.0,100.0,0.0,100.0,0.0,100.0,0.0,100.0,0.0,81.0,19.0,100.0,0.0,100.0,0.0,97.0,7777.0,19,19,100,0,100,0,200,0,100.0,24652.0,100.0,48304781624.0,100.0,98042314814.0
2018-08-05,Z304HW7X,ST4000DM000,4000787030016,0,114,69577344,94,0,100,6,100,0,82,193869732,72,24778,100,0,100,6,99.0,1.0,100.0,0.0,100.0,0.0,100.0,0.0,100.0,0.0,82.0,18.0,100.0,0.0,100.0,0.0,97.0,7777.0,18,18,100,0,100,0,200,0,100.0,24676.0,100.0,48329644024.0,100.0,98137903128.0
2018-08-06,Z304HW7X,ST4000DM000,4000787030016,0,119,226295104,94,0,100,6,100,0,82,194927972,72,24802,100,0,100,6,99.0,1.0,100.0,0.0,100.0,0.0,100.0,0.0,100.0,0.0,81.0,19.0,100.0,0.0,100.0,0.0,97.0,7777.0,19,19,100,0,100,0,200,0,100.0,24700.0,100.0,48352247528.0,100.0,98244317757.0
2018-08-07,Z304HW7X,ST4000DM000,4000787030016,0,118,177151352,94,0,100,6,100,0,82,196466376,72,24825,100,0,100,6,99.0,1.0,100.0,0.0,100.0,0.0,100.0,0.0,100.0,0.0,82.0,18.0,100.0,0.0,100.0,0.0,97.0,7777.0,18,18,100,0,100,0,200,0,100.0,24723.0,100.0,48365157736.0,100.0,98315886678.0
2018-08-08,Z304HW7X,ST4000DM000,4000787030016,0,114,80194968,94,0,100,6,100,0,82,197473848,72,24850,100,0,100,6,99.0,1.0,100.0,0.0,100.0,0.0,100.0,0.0,100.0,0.0,82.0,18.0,100.0,0.0,100.0,0.0,97.0,7777.0,18,18,100,0,100,0,200,0,100.0,24748.0,100.0,48374383648.0,100.0,98409959073.0
2018-08-09,Z304HW7X,ST4000DM000,4000787030016,0,118,188558520,94,0,100,6,100,0,82,198060378,72,24871,100,0,100,6,99.0,1.0,100.0,0.0,100.0,0.0,100.0,0.0,100.0,0.0,82.0,18.0,100.0,0.0,100.0,0.0,97.0,7778.0,18,18,100,0,100,0,200,0,100.0,24768.0,100.0,48384657184.0,100.0,98464138451.0
2018-08-10,Z304HW7X,ST4000DM000,4000787030016,0,118,187127224,94,0,100,6,100,0,82,199922099,72,24895,100,0,100,6,99.0,1.0,100.0,0.0,100.0,0.0,100.0,0.0,100.0,0.0,82.0,18.0,100.0,0.0,100.0,0.0,97.0,7778.0,18,18,100,0,100,0,200,0,100.0,24792.0,100.0,48401791312.0,100.0,98532452661.0
2018-08-11,Z304HW7X,ST4000DM000,4000787030016,0,114,73042704,94,0,100,6,100,0,82,200687292,72,24919,100,0,100,6,99.0,1.0,100.0,0.0,100.0,0.0,100.0,0.0,100.0,0.0,81.0,19.0,100.0,0.0,100.0,0.0,97.0,7778.0,19,19,100,0,100,0,200,0,100.0,24816.0,100.0,48412179264.0,100.0,98617508617.0
2018-08-12,Z304HW7X,ST4000DM000,4000787030016,0,118,190693736,94,0,100,6,100,0,83,202335593,72,24943,100,0,100,6,99.0,1.0,100.0,0.0,100.0,0.0,100.0,0.0,100.0,0.0,82.0,18.0,100.0,0.0,100.0,0.0,97.0,7778.0,18,18,100,0,100,0,200,0,100.0,24840.0,100.0,48425799440.0,100.0,98711088650.0
2018-08-13,Z304HW7X,ST4000DM000,4000787030016,0,117,167621304,94,0,100,6,100,0,83,203847990,72,24967,100,0,100,6,99.0,1.0,100.0,0.0,100.0,0.0,100.0,0.0,100.0,0.0,82.0,18.0,100.0,0.0,100.0,0.0,97.0,7778.0,18,18,100,0,100,0,200,0,100.0,24865.0,100.0,48441658056.0,100.0,98835190428.0
2018-08-14,Z304HW7X,ST4000DM000,4000787030016,0,105.0,8454256.0,94.0,0.0,100.0,6.0,100.0,0.0,83.0,205746428.0,72.0,24991.0,100.0,0.0,100.0,6.0,99.0,1.0,100.0,0.0,100.0,0.0,100.0,0.0,100.0,0.0,81.0,19.0,100.0,0.0,100.0,0.0,97.0,7778.0,19.0,19.0,100.0,0.0,100.0,0.0,200.0,0.0,100.0,24889.0,100.0,48461221152.0,100.0,98955847786.0
2018-08-15,Z304HW7X,ST4000DM000,4000787030016,0,116.0,111828824.0,94.0,0.0,100.0,6.0,100.0,0.0,83.0,207190696.0,72.0,25015.0,100.0,0.0,100.0,6.0,99.0,1.0,100.0,0.0,100.0,0.0,100.0,0.0,100.0,0.0,82.0,18.0,100.0,0.0,100.0,0.0,97.0,7781.0,18.0,18.0,100.0,0.0,100.0,0.0,200.0,0.0,100.0,24913.0,100.0,48474430048.0,100.0,99047110124.0
2018-08-16,Z304HW7X,ST4000DM000,4000787030016,0,119,227834304,94,0,100,6,100,0,83,207987601,72,25039,100,0,100,6,99.0,1.0,100.0,0.0,100.0,0.0,100.0,0.0,100.0,0.0,81.0,19.0,100.0,0.0,100.0,0.0,97.0,7781.0,19,19,100,0,100,0,200,0,100.0,24937.0,100.0,48486669240.0,100.0,99151486286.0
2018-08-17,Z304HW7X,ST4000DM000,4000787030016,0,118,176877600,94,0,100,6,100,0,83,208632742,72,25063,100,0,100,6,99.0,1.0,100.0,0.0,100.0,0.0,100.0,0.0,100.0,0.0,81.0,19.0,100.0,0.0,100.0,0.0,97.0,7781.0,19,19,100,0,100,0,200,0,100.0,24960.0,100.0,48496768912.0,100.0,99246811823.0
2018-08-18,Z304HW7X,ST4000DM000,4000787030016,0,118,172215352,94,0,100,6,100,0,83,209741656,72,25087,100,0,100,6,99.0,1.0,100.0,0.0,100.0,0.0,100.0,0.0,100.0,0.0,82.0,18.0,100.0,0.0,100.0,0.0,97.0,7781.0,18,18,100,0,100,0,200,0,100.0,24985.0,100.0,48510076168.0,100.0,99402749870.0
2018-08-19,Z304HW7X,ST4000DM000,4000787030016,0,119,219090848,94,0,100,6,100,0,83,211145889,72,25111,100,0,100,6,99.0,1.0,100.0,0.0,100.0,0.0,100.0,0.0,100.0,0.0,82.0,18.0,100.0,0.0,100.0,0.0,97.0,7781.0,18,18,100,0,100,0,200,0,100.0,25009.0,100.0,48525989008.0,100.0,99484440401.0
2018-08-20,Z304HW7X,ST4000DM000,4000787030016,0,117,129375832,94,0,100,6,100,0,83,211796877,72,25135,100,0,100,6,99.0,1.0,100.0,0.0,100.0,0.0,100.0,0.0,100.0,0.0,82.0,18.0,100.0,0.0,100.0,0.0,97.0,7781.0,18,18,100,0,100,0,200,0,100.0,25033.0,100.0,48536249464.0,100.0,99571765177.0
2018-08-21,Z304HW7X,ST4000DM000,4000787030016,0,118,200935808,94,0,100,6,100,0,83,213504113,72,25160,100,0,100,6,99.0,1.0,100.0,0.0,100.0,0.0,100.0,0.0,100.0,0.0,81.0,19.0,100.0,0.0,100.0,0.0,97.0,7781.0,19,19,100,0,100,0,200,0,100.0,25057.0,100.0,48557126192.0,100.0,99688839496.0
2018-08-22,Z304HW7X,ST4000DM000,4000787030016,0,117,126662800,94,0,100,6,100,0,83,214420104,72,25183,100,0,100,6,99.0,1.0,100.0,0.0,100.0,0.0,100.0,0.0,100.0,0.0,82.0,18.0,100.0,0.0,100.0,0.0,97.0,7781.0,18,18,100,0,100,0,200,0,100.0,25081.0,100.0,48571452336.0,100.0,99824207402.0
2018-08-23,Z304HW7X,ST4000DM000,4000787030016,0,117,151428744,94,0,100,6,100,0,83,215328349,72,25208,100,0,100,6,99.0,1.0,100.0,0.0,100.0,0.0,100.0,0.0,100.0,0.0,81.0,19.0,100.0,0.0,100.0,0.0,97.0,7781.0,19,19,100,0,100,0,200,0,100.0,25105.0,100.0,48592640784.0,100.0,99937203927.0
2018-08-24,Z304HW7X,ST4000DM000,4000787030016,0,117,133346872,94,0,100,6,100,0,83,216121258,72,25231,100,0,100,6,99.0,1.0,100.0,0.0,100.0,0.0,100.0,0.0,100.0,0.0,82.0,18.0,100.0,0.0,100.0,0.0,97.0,7781.0,18,18,100,0,100,0,200,0,100.0,25129.0,100.0,48615344152.0,100.0,100033566555.0
2018-08-25,Z304HW7X,ST4000DM000,4000787030016,0,118,177469464,94,0,100,6,100,0,83,218654093,72,25255,100,0,100,6,99.0,1.0,100.0,0.0,100.0,0.0,100.0,0.0,100.0,0.0,82.0,18.0,100.0,0.0,100.0,0.0,97.0,7781.0,18,18,100,0,100,0,200,0,100.0,25153.0,100.0,48643467496.0,100.0,100174343422.0
2018-08-26,Z304HW7X,ST4000DM000,4000787030016,0,115,93404992,94,0,100,6,100,0,83,220593742,72,25279,100,0,100,6,99.0,1.0,100.0,0.0,100.0,0.0,100.0,0.0,100.0,0.0,82.0,18.0,100.0,0.0,100.0,0.0,97.0,7781.0,18,18,100,0,100,0,200,0,100.0,25177.0,100.0,48666520984.0,100.0,100325344837.0
2018-08-27,Z304HW7X,ST4000DM000,4000787030016,0,118,196572112,94,0,100,6,100,0,83,221650360,72,25303,100,0,100,6,99.0,1.0,100.0,0.0,100.0,0.0,100.0,0.0,100.0,0.0,82.0,18.0,100.0,0.0,100.0,0.0,97.0,7781.0,18,18,100,0,100,0,200,0,100.0,25201.0,100.0,48685865344.0,100.0,100474688191.0
2018-08-28,Z304HW7X,ST4000DM000,4000787030016,0,113,54113424,94,0,100,6,100,0,83,223537661,72,25327,100,0,100,6,99.0,1.0,100.0,0.0,100.0,0.0,100.0,0.0,100.0,0.0,82.0,18.0,100.0,0.0,100.0,0.0,97.0,7781.0,18,18,100,0,100,0,200,0,100.0,25225.0,100.0,48709809200.0,100.0,100610394279.0
2018-08-29,Z304HW7X,ST4000DM000,4000787030016,0,112,48257672,94,0,100,6,100,0,83,224279122,72,25352,100,0,100,6,99.0,1.0,100.0,0.0,100.0,0.0,100.0,0.0,100.0,0.0,81.0,19.0,100.0,0.0,100.0,0.0,97.0,7785.0,19,19,100,0,100,0,200,0,100.0,25249.0,100.0,48725677928.0,100.0,100788638155.0
2018-08-30,Z304HW7X,ST4000DM000,4000787030016,0,119,227948792,94,0,100,6,100,0,83,224968299,72,25375,100,0,100,6,99.0,1.0,100.0,0.0,100.0,0.0,100.0,0.0,100.0,0.0,81.0,19.0,100.0,0.0,100.0,0.0,97.0,7785.0,19,19,100,0,100,0,200,0,100.0,25273.0,100.0,48743052416.0,100.0,100943404241.0
2018-08-31,Z304HW7X,ST4000DM000,4000787030016,0,119,212930328,94,0,100,6,100,0,83,225728183,72,25399,100,0,100,6,99.0,1.0,100.0,0.0,100.0,0.0,100.0,0.0,100.0,0.0,82.0,18.0,100.0,0.0,100.0,0.0,97.0,7785.0,18,18,100,0,100,0,200,0,100.0,25297.0,100.0,48762057176.0,100.0,101117881896.0
2018-09-01,Z304HW7X,ST4000DM000,4000787030016,0,114,63583472,94,0,100,6,100,0,83,226444253,71,25424,100,0,100,6,99.0,1.0,100.0,0.0,100.0,0.0,100.0,0.0,100.0,0.0,81.0,19.0,100.0,0.0,100.0,0.0,97.0,7785.0,19,19,100,0,100,0,200,0,100.0,25321.0,100.0,48773249032.0,100.0,101297316458.0
2018-09-02,Z304HW7X,ST4000DM000,4000787030016,0,117,127528248,94,0,100,6,100,0,83,227983815,71,25447,100,0,100,6,99.0,1.0,100.0,0.0,100.0,0.0,100.0,0.0,100.0,0.0,82.0,18.0,100.0,0.0,100.0,0.0,97.0,7785.0,18,18,100,0,100,0,200,0,100.0,25345.0,100.0,48786877816.0,100.0,101498243017.0
2018-09-03,Z304HW7X,ST4000DM000,4000787030016,0,111,41269968,94,0,100,6,100,0,83,228516493,71,25472,100,0,100,6,99.0,1.0,100.0,0.0,100.0,0.0,100.0,0.0,100.0,0.0,81.0,19.0,100.0,0.0,100.0,0.0,97.0,7785.0,19,19,100,0,100,0,200,0,100.0,25370.0,100.0,48802086384.0,100.0,101656790243.0
2018-09-04,Z304HW7X,ST4000DM000,4000787030016,0,119,207005888,94,0,100,6,100,0,83,230166871,71,25496,100,0,100,6,99.0,1.0,100.0,0.0,100.0,0.0,100.0,0.0,100.0,0.0,81.0,19.0,100.0,0.0,100.0,0.0,97.0,7785.0,19,19,100,0,100,0,200,0,100.0,25393.0,100.0,48819173976.0,100.0,101793238447.0
2018-09-05,Z304HW7X,ST4000DM000,4000787030016,0,110,28565792,94,0,100,6,100,0,83,231184565,71,25519,100,0,100,6,99.0,1.0,100.0,0.0,100.0,0.0,100.0,0.0,100.0,0.0,82.0,18.0,100.0,0.0,100.0,0.0,97.0,7785.0,18,18,100,0,100,0,200,0,100.0,25417.0,100.0,48833636864.0,100.0,101953243117.0
2018-09-06,Z304HW7X,ST4000DM000,4000787030016,0,116,115219816,94,0,100,6,100,0,83,232179991,71,25545,100,0,100,6,99.0,1.0,100.0,0.0,100.0,0.0,100.0,0.0,100.0,0.0,82.0,18.0,100.0,0.0,100.0,0.0,97.0,7787.0,18,18,100,0,100,0,200,0,100.0,25442.0,100.0,48848880672.0,100.0,102107018013.0
2018-09-07,Z304HW7X,ST4000DM000,4000787030016,0,115,96866328,94,0,100,6,100,0,83,233192148,71,25568,100,0,100,6,99.0,1.0,100.0,0.0,100.0,0.0,100.0,0.0,100.0,0.0,81.0,19.0,100.0,0.0,100.0,0.0,97.0,7787.0,19,19,100,0,100,0,200,0,100.0,25466.0,100.0,48869416872.0,100.0,102261356696.0
2018-09-08,Z304HW7X,ST4000DM000,4000787030016,0,109,25139536,94,0,100,6,100,0,83,234681643,71,25593,100,0,100,6,99.0,1.0,100.0,0.0,100.0,0.0,100.0,0.0,100.0,0.0,81.0,19.0,100.0,0.0,100.0,0.0,97.0,7787.0,19,19,100,0,100,0,200,0,100.0,25490.0,100.0,48889679272.0,100.0,102442007107.0
2018-09-09,Z304HW7X,ST4000DM000,4000787030016,0,117,124032400,94,0,100,6,100,0,84,236258328,71,25617,100,0,100,6,99.0,1.0,100.0,0.0,100.0,0.0,100.0,0.0,100.0,0.0,82.0,18.0,100.0,0.0,100.0,0.0,97.0,7787.0,18,18,100,0,100,0,200,0,100.0,25514.0,100.0,48911567320.0,100.0,102514977896.0
2018-09-10,Z304HW7X,ST4000DM000,4000787030016,0,105,10452096,94,0,100,6,100,0,84,237304505,71,25641,100,0,100,6,99.0,1.0,100.0,0.0,100.0,0.0,100.0,0.0,100.0,0.0,81.0,19.0,100.0,0.0,100.0,0.0,97.0,7787.0,19,19,100,0,100,0,200,0,100.0,25538.0,100.0,48929930200.0,100.0,102608239924.0
2018-09-11,Z304HW7X,ST4000DM000,4000787030016,0,109,21338656,94,0,100,6,100,0,84,239406892,71,25665,100,0,100,6,99.0,1.0,100.0,0.0,100.0,0.0,100.0,0.0,100.0,0.0,82.0,18.0,100.0,0.0,100.0,0.0,97.0,7787.0,18,18,100,0,100,0,200,0,100.0,25562.0,100.0,48950932816.0,100.0,102730542086.0
2018-09-12,Z304HW7X,ST4000DM000,4000787030016,0,116,113305832,94,0,100,6,100,0,84,242013134,71,25689,100,0,100,6,99.0,1.0,100.0,0.0,100.0,0.0,100.0,0.0,100.0,0.0,82.0,18.0,100.0,0.0,100.0,0.0,97.0,7787.0,18,18,100,0,100,0,200,0,100.0,25587.0,100.0,48966374672.0,100.0,102927162433.0
2018-09-13,Z304HW7X,ST4000DM000,4000787030016,0,117,165266912,94,0,100,6,100,0,84,243178253,71,25709,100,0,100,6,99.0,1.0,100.0,0.0,100.0,0.0,100.0,0.0,100.0,0.0,82.0,18.0,100.0,0.0,100.0,0.0,97.0,7788.0,18,18,100,0,100,0,200,0,100.0,25607.0,100.0,48982762288.0,100.0,103075524246.0
2018-09-14,Z304HW7X,ST4000DM000,4000787030016,0,115,99826016,94,0,100,6,100,0,84,244298601,71,25732,100,0,100,6,99.0,1.0,100.0,0.0,100.0,0.0,100.0,0.0,100.0,0.0,78.0,22.0,100.0,0.0,100.0,0.0,97.0,7788.0,22,22,100,0,100,0,200,0,100.0,25630.0,100.0,48996620088.0,100.0,103230889372.0
2018-09-15,Z304HW7X,ST4000DM000,4000787030016,0,110,28777584,94,0,100,6,100,0,84,245173847,71,25757,100,0,100,6,99.0,1.0,100.0,0.0,100.0,0.0,100.0,0.0,100.0,0.0,78.0,22.0,100.0,0.0,100.0,0.0,97.0,7788.0,22,22,100,0,100,0,200,0,100.0,25655.0,100.0,49006899160.0,100.0,103368216722.0
2018-09-16,Z304HW7X,ST4000DM000,4000787030016,0,104,7323376,94,0,100,6,100,0,84,246985033,71,25782,100,0,100,6,99.0,1.0,100.0,0.0,100.0,0.0,100.0,0.0,100.0,0.0,78.0,22.0,100.0,0.0,100.0,0.0,97.0,7788.0,22,22,100,0,100,0,200,0,100.0,25679.0,100.0,49027847096.0,100.0,103496216452.0
2018-09-17,Z304HW7X,ST4000DM000,4000787030016,0,112,46720480,94,0,100,6,100,0,84,247974989,71,25805,100,0,100,6,99.0,1.0,100.0,0.0,100.0,0.0,100.0,0.0,100.0,0.0,78.0,22.0,100.0,0.0,100.0,0.0,97.0,7788.0,22,22,100,0,100,0,200,0,100.0,25702.0,100.0,49039807720.0,100.0,103627773750.0
2018-09-18,Z304HW7X,ST4000DM000,4000787030016,0,119,204589408,94,0,100,6,100,0,84,249815269,71,25830,100,0,100,6,99.0,1.0,100.0,0.0,100.0,0.0,100.0,0.0,100.0,0.0,80.0,20.0,100.0,0.0,100.0,0.0,97.0,7788.0,20,20,100,0,100,0,200,0,100.0,25727.0,100.0,49056964280.0,100.0,103752490079.0
2018-09-19,Z304HW7X,ST4000DM000,4000787030016,0,112,44435456,94,0,100,6,100,0,84,250910963,71,25853,100,0,100,6,99.0,1.0,100.0,0.0,100.0,0.0,100.0,0.0,100.0,0.0,80.0,20.0,100.0,0.0,100.0,0.0,97.0,7788.0,20,20,100,0,100,0,200,0,100.0,25751.0,100.0,49073679416.0,100.0,103902322719.0
2018-09-20,Z304HW7X,ST4000DM000,4000787030016,0,117,126666848,94,0,100,6,100,0,84,252139993,71,25877,100,0,100,6,99.0,1.0,100.0,0.0,100.0,0.0,100.0,0.0,100.0,0.0,80.0,20.0,100.0,0.0,100.0,0.0,97.0,7788.0,20,20,100,0,100,0,200,0,100.0,25775.0,100.0,49092280696.0,100.0,104041748617.0
2018-09-21,Z304HW7X,ST4000DM000,4000787030016,0,114,63983568,94,0,100,6,100,0,84,253208204,71,25901,100,0,100,6,99.0,1.0,100.0,0.0,100.0,0.0,100.0,0.0,100.0,0.0,80.0,20.0,100.0,0.0,100.0,0.0,97.0,7788.0,20,20,100,0,100,0,200,0,100.0,25798.0,100.0,49112240320.0,100.0,104169916947.0
2018-09-22,Z304HW7X,ST4000DM000,4000787030016,0,113,54440768,94,0,100,6,100,0,84,254278857,71,25925,100,0,100,6,99.0,1.0,100.0,0.0,100.0,0.0,100.0,0.0,100.0,0.0,80.0,20.0,100.0,0.0,100.0,0.0,97.0,7788.0,20,20,100,0,100,0,200,0,100.0,25823.0,100.0,49122418792.0,100.0,104307261304.0
2018-09-23,Z304HW7X,ST4000DM000,4000787030016,0,118,172513456,94,0,100,6,100,0,84,256345778,71,25949,100,0,100,6,99.0,1.0,100.0,0.0,100.0,0.0,100.0,0.0,100.0,0.0,80.0,20.0,100.0,0.0,100.0,0.0,97.0,7788.0,20,20,100,0,100,0,200,0,100.0,25846.0,100.0,49142134480.0,100.0,104461084984.0
2018-09-24,Z304HW7X,ST4000DM000,4000787030016,0,118,184061648,94,0,100,6,100,0,84,257315599,71,25973,100,0,100,6,99.0,1.0,100.0,0.0,100.0,0.0,100.0,0.0,100.0,0.0,80.0,20.0,100.0,0.0,100.0,0.0,97.0,7788.0,20,20,100,0,100,0,200,0,100.0,25871.0,100.0,49170326896.0,100.0,104576607842.0
2018-09-25,Z304HW7X,ST4000DM000,4000787030016,0,114,76225936,94,0,100,6,100,0,84,260025195,71,25997,100,0,100,6,99.0,1.0,100.0,0.0,100.0,0.0,100.0,0.0,100.0,0.0,80.0,20.0,100.0,0.0,100.0,0.0,97.0,7788.0,20,20,100,0,100,0,200,0,100.0,25895.0,100.0,49190246528.0,100.0,104700287281.0
2018-09-26,Z304HW7X,ST4000DM000,4000787030016,0,119,233230800,94,0,100,6,100,0,84,261374990,71,26021,100,0,100,6,99.0,1.0,100.0,0.0,100.0,0.0,100.0,0.0,100.0,0.0,80.0,20.0,100.0,0.0,100.0,0.0,97.0,7788.0,20,20,100,0,100,0,200,0,100.0,25918.0,100.0,49225689360.0,100.0,104839200637.0
2018-09-27,Z304HW7X,ST4000DM000,4000787030016,0,111,37579912,94,0,100,6,100,0,84,262684314,71,26045,100,0,100,6,99.0,1.0,100.0,0.0,100.0,0.0,100.0,0.0,100.0,0.0,80.0,20.0,100.0,0.0,100.0,0.0,97.0,7788.0,20,20,100,0,100,0,200,0,100.0,25943.0,100.0,49246102240.0,100.0,104988858327.0
2018-09-28,Z304HW7X,ST4000DM000,4000787030016,0,115,84698848,94,0,100,6,100,0,84,263856878,71,26072,100,0,100,6,99.0,1.0,100.0,0.0,100.0,0.0,100.0,0.0,100.0,0.0,80.0,20.0,100.0,0.0,100.0,0.0,97.0,7791.0,20,20,100,0,100,0,200,0,100.0,25970.0,100.0,49260365448.0,100.0,105135087735.0
2018-09-29,Z304HW7X,ST4000DM000,4000787030016,0,116,115380256,94,0,100,6,100,0,84,265133317,71,26096,100,0,100,6,99.0,1.0,100.0,0.0,100.0,0.0,100.0,0.0,100.0,0.0,80.0,20.0,100.0,0.0,100.0,0.0,97.0,7791.0,20,20,100,0,100,0,200,0,100.0,25994.0,100.0,49279061832.0,100.0,105293569463.0
2018-09-30,Z304HW7X,ST4000DM000,4000787030016,0,117,163571264,94,0,100,6,100,0,84,267020535,71,26120,100,0,100,6,99.0,1.0,100.0,0.0,100.0,0.0,100.0,0.0,100.0,0.0,80.0,20.0,100.0,0.0,100.0,0.0,97.0,7791.0,20,20,100,0,100,0,200,0,100.0,26017.0,100.0,49301481144.0,100.0,105436673741.0
2018-10-01,Z304HW7X,ST4000DM000,4000787030016,0,111,38228832,94,0,100,6,100,0,84,268102369,71,26145,100,0,100,6,99.0,1.0,100.0,0.0,100.0,0.0,100.0,0.0,100.0,0.0,80.0,20.0,100.0,0.0,100.0,0.0,97.0,7791.0,20,20,100,0,100,0,200,0,100.0,26042.0,100.0,49318691344.0,100.0,105563397900.0
2018-10-02,Z304HW7X,ST4000DM000,4000787030016,0,111,33060296,94,0,100,6,100,0,84,269718188,71,26169,100,0,100,6,99.0,1.0,100.0,0.0,100.0,0.0,100.0,0.0,100.0,0.0,80.0,20.0,100.0,0.0,100.0,0.0,97.0,7791.0,20,20,100,0,100,0,200,0,100.0,26066.0,100.0,49334440464.0,100.0,105653536253.0
2018-10-03,Z304HW7X,ST4000DM000,4000787030016,0,108,19857952,94,0,100,6,100,0,84,270947771,71,26193,100,0,100,6,99.0,1.0,100.0,0.0,100.0,0.0,100.0,0.0,100.0,0.0,80.0,20.0,100.0,0.0,100.0,0.0,97.0,7791.0,20,20,100,0,100,0,200,0,100.0,26090.0,100.0,49349448824.0,100.0,105787089818.0
2018-10-04,Z304HW7X,ST4000DM000,4000787030016,0,112.0,43344504.0,94.0,0.0,100.0,6.0,100.0,0.0,84.0,272192070.0,71.0,26216.0,100.0,0.0,100.0,6.0,99.0,1.0,100.0,0.0,100.0,0.0,100.0,0.0,100.0,0.0,80.0,20.0,100.0,0.0,100.0,0.0,97.0,7791.0,20.0,20.0,100.0,0.0,100.0,0.0,200.0,0.0,100.0,26114.0,100.0,49368406696.0,100.0,105911361724.0
2018-10-05,Z304HW7X,ST4000DM000,4000787030016,0,103,5987088,94,0,100,6,100,0,84,273092427,71,26240,100,0,100,6,99.0,1.0,100.0,0.0,100.0,0.0,100.0,0.0,100.0,0.0,80.0,20.0,100.0,0.0,100.0,0.0,97.0,7791.0,20,20,100,0,100,0,200,0,100.0,26138.0,100.0,49394364016.0,100.0,105992734968.0
2018-10-06,Z304HW7X,ST4000DM000,4000787030016,0,119,217694568,94,0,100,6,100,0,84,274002973,71,26264,100,0,100,6,99.0,1.0,100.0,0.0,100.0,0.0,100.0,0.0,100.0,0.0,80.0,20.0,100.0,0.0,100.0,0.0,97.0,7791.0,20,20,100,0,100,0,200,0,100.0,26162.0,100.0,49411060560.0,100.0,106082323125.0
2018-10-07,Z304HW7X,ST4000DM000,4000787030016,0,117,151055304,94,0,100,6,100,0,84,276215283,70,26288,100,0,100,6,99.0,1.0,100.0,0.0,100.0,0.0,100.0,0.0,100.0,0.0,80.0,20.0,100.0,0.0,100.0,0.0,97.0,7791.0,20,20,100,0,100,0,200,0,100.0,26186.0,100.0,49432670216.0,100.0,106246073360.0
2018-10-08,Z304HW7X,ST4000DM000,4000787030016,0,117,158579920,94,0,100,6,100,0,84,277290155,70,26312,100,0,100,6,99.0,1.0,100.0,0.0,100.0,0.0,100.0,0.0,100.0,0.0,80.0,20.0,100.0,0.0,100.0,0.0,97.0,7791.0,20,20,100,0,100,0,200,0,100.0,26210.0,100.0,49458544416.0,100.0,106351718926.0
2018-10-09,Z304HW7X,ST4000DM000,4000787030016,0,111.0,30918888.0,94.0,0.0,100.0,6.0,100.0,0.0,84.0,278294447.0,70.0,26329.0,100.0,0.0,100.0,6.0,99.0,1.0,100.0,0.0,100.0,0.0,100.0,0.0,100.0,0.0,80.0,20.0,100.0,0.0,100.0,0.0,97.0,7791.0,20.0,20.0,100.0,0.0,100.0,0.0,200.0,0.0,100.0,26226.0,100.0,49471113280.0,100.0,106388238852.0
2018-10-10,Z304HW7X,ST4000DM000,4000787030016,0,118,169919160,94,0,100,6,100,0,84,279834177,70,26360,100,0,100,6,99.0,1.0,100.0,0.0,100.0,0.0,100.0,0.0,100.0,0.0,80.0,20.0,100.0,0.0,100.0,0.0,97.0,7791.0,20,20,100,0,100,0,200,0,100.0,26258.0,100.0,49491708920.0,100.0,106494549533.0
2018-10-11,Z304HW7X,ST4000DM000,4000787030016,0,117,147195384,94,0,100,6,100,0,84,282331374,70,26384,100,0,100,6,99.0,1.0,100.0,0.0,100.0,0.0,100.0,0.0,100.0,0.0,80.0,20.0,100.0,0.0,100.0,0.0,97.0,7791.0,20,20,100,0,100,0,200,0,100.0,26282.0,100.0,49515652680.0,100.0,106592122999.0
2018-10-12,Z304HW7X,ST4000DM000,4000787030016,0,115,96179472,94,0,100,6,100,0,84,282895514,70,26408,100,0,100,6,99.0,1.0,100.0,0.0,100.0,0.0,100.0,0.0,100.0,0.0,80.0,20.0,100.0,0.0,100.0,0.0,97.0,7791.0,20,20,100,0,100,0,200,0,100.0,26306.0,100.0,49531016920.0,100.0,106634173722.0
2018-10-13,Z304HW7X,ST4000DM000,4000787030016,0,117,164657056,94,0,100,6,100,0,84,283890316,70,26433,100,0,100,6,99.0,1.0,100.0,0.0,100.0,0.0,100.0,0.0,100.0,0.0,80.0,20.0,100.0,0.0,100.0,0.0,97.0,7791.0,20,20,100,0,100,0,200,0,100.0,26330.0,100.0,49554162272.0,100.0,106729829694.0
2018-10-14,Z304HW7X,ST4000DM000,4000787030016,0,106,12539856,94,0,100,6,100,0,84,285640828,70,26457,100,0,100,6,99.0,1.0,100.0,0.0,100.0,0.0,100.0,0.0,100.0,0.0,80.0,20.0,100.0,0.0,100.0,0.0,97.0,7791.0,20,20,100,0,100,0,200,0,100.0,26354.0,100.0,49581638968.0,100.0,106818828208.0
2018-10-15,Z304HW7X,ST4000DM000,4000787030016,0,117,153009984,94,0,100,6,100,0,84,287098319,70,26480,100,0,100,6,99.0,1.0,100.0,0.0,100.0,0.0,100.0,0.0,100.0,0.0,80.0,20.0,100.0,0.0,100.0,0.0,97.0,7791.0,20,20,100,0,100,0,200,0,100.0,26378.0,100.0,49601736288.0,100.0,106936070723.0
2018-10-16,Z304HW7X,ST4000DM000,4000787030016,0,119,207955512,94,0,100,6,100,0,84,289112947,70,26504,100,0,100,6,99.0,1.0,100.0,0.0,100.0,0.0,100.0,0.0,100.0,0.0,80.0,20.0,100.0,0.0,100.0,0.0,97.0,7791.0,20,20,100,0,100,0,200,0,100.0,26402.0,100.0,49626137664.0,100.0,107062242916.0
2018-10-17,Z304HW7X,ST4000DM000,4000787030016,0,117,160404808,94,0,100,6,100,0,84,290229455,70,26527,100,0,100,6,99.0,1.0,100.0,0.0,100.0,0.0,100.0,0.0,100.0,0.0,80.0,20.0,100.0,0.0,100.0,0.0,97.0,7792.0,20,20,100,0,100,0,200,0,100.0,26425.0,100.0,49648486872.0,100.0,107149805172.0
2018-10-18,Z304HW7X,ST4000DM000,4000787030016,0,117,126270480,94,0,100,6,100,0,84,291454577,70,26551,100,0,100,6,99.0,1.0,100.0,0.0,100.0,0.0,100.0,0.0,100.0,0.0,80.0,20.0,100.0,0.0,100.0,0.0,97.0,7792.0,20,20,100,0,100,0,200,0,100.0,26449.0,100.0,49663007352.0,100.0,107295812430.0
2018-10-19,Z304HW7X,ST4000DM000,4000787030016,0,118,191505848,94,0,100,6,100,0,84,292821344,70,26574,100,0,100,6,99.0,1.0,100.0,0.0,100.0,0.0,100.0,0.0,100.0,0.0,80.0,20.0,100.0,0.0,100.0,0.0,97.0,7792.0,20,20,100,0,100,0,200,0,100.0,26472.0,100.0,49679873648.0,100.0,107422228489.0
2018-10-20,Z304HW7X,ST4000DM000,4000787030016,0,110,27475280,94,0,100,6,100,0,84,293594676,70,26599,100,0,100,6,99.0,1.0,100.0,0.0,100.0,0.0,100.0,0.0,100.0,0.0,80.0,20.0,100.0,0.0,100.0,0.0,97.0,7792.0,20,20,100,0,100,0,200,0,100.0,26497.0,100.0,49696077024.0,100.0,107531651846.0
2018-10-21,Z304HW7X,ST4000DM000,4000787030016,0,119,208421304,94,0,100,6,100,0,84,295443668,70,26623,100,0,100,6,99.0,1.0,100.0,0.0,100.0,0.0,100.0,0.0,100.0,0.0,80.0,20.0,100.0,0.0,100.0,0.0,97.0,7792.0,20,20,100,0,100,0,200,0,100.0,26521.0,100.0,49717689408.0,100.0,107671672183.0
2018-10-22,Z304HW7X,ST4000DM000,4000787030016,0,119,222095528,94,0,100,6,100,0,84,296860772,70,26647,100,0,100,6,99.0,1.0,100.0,0.0,100.0,0.0,100.0,0.0,100.0,0.0,80.0,20.0,100.0,0.0,100.0,0.0,97.0,7792.0,20,20,100,0,100,0,200,0,100.0,26544.0,100.0,49735948760.0,100.0,107745364171.0
2018-10-23,Z304HW7X,ST4000DM000,4000787030016,0,114,63125600,94,0,100,6,100,0,84,298294648,70,26671,100,0,100,6,99.0,1.0,100.0,0.0,100.0,0.0,100.0,0.0,100.0,0.0,80.0,20.0,100.0,0.0,100.0,0.0,97.0,7792.0,20,20,100,0,100,0,200,0,100.0,26568.0,100.0,49757800032.0,100.0,107813906217.0
2018-10-25,Z304HW7X,ST4000DM000,4000787030016,0,116,112726160,94,0,100,6,100,0,84,300164507,70,26721,100,0,100,6,99.0,1.0,100.0,0.0,100.0,0.0,100.0,0.0,100.0,0.0,79.0,21.0,100.0,0.0,100.0,0.0,97.0,7792.0,21,21,100,0,100,0,200,0,100.0,26618.0,100.0,49799354600.0,100.0,108050779349.0
2018-10-26,Z304HW7X,ST4000DM000,4000787030016,0,114,64306032,94,0,100,6,100,0,84,301048521,70,26744,100,0,100,6,99.0,1.0,100.0,0.0,100.0,0.0,100.0,0.0,100.0,0.0,80.0,20.0,100.0,0.0,100.0,0.0,97.0,7792.0,20,20,100,0,100,0,200,0,100.0,26642.0,100.0,49816662576.0,100.0,108176187231.0
2018-10-27,Z304HW7X,ST4000DM000,4000787030016,0,108,14726992,94,0,100,6,100,0,84,301889401,70,26768,100,0,100,6,99.0,1.0,100.0,0.0,100.0,0.0,100.0,0.0,100.0,0.0,80.0,20.0,100.0,0.0,100.0,0.0,97.0,7792.0,20,20,100,0,100,0,200,0,100.0,26666.0,100.0,49830109672.0,100.0,108288018732.0
2018-10-28,Z304HW7X,ST4000DM000,4000787030016,0,118,184508120,94,0,100,6,100,0,84,303452469,70,26792,100,0,100,6,99.0,1.0,100.0,0.0,100.0,0.0,100.0,0.0,100.0,0.0,80.0,20.0,100.0,0.0,100.0,0.0,97.0,7792.0,20,20,100,0,100,0,200,0,100.0,26690.0,100.0,49845199512.0,100.0,108385773766.0
2018-10-29,Z304HW7X,ST4000DM000,4000787030016,0,119,227232672,94,0,100,6,100,0,84,304424585,70,26816,100,0,100,6,99.0,1.0,100.0,0.0,100.0,0.0,100.0,0.0,100.0,0.0,80.0,20.0,100.0,0.0,100.0,0.0,97.0,7792.0,20,20,100,0,100,0,200,0,100.0,26713.0,100.0,49857577928.0,100.0,108523568743.0
2018-10-30,Z304HW7X,ST4000DM000,4000787030016,0,111,30071608,94,0,100,6,100,0,84,306432668,70,26840,100,0,100,6,99.0,1.0,100.0,0.0,100.0,0.0,100.0,0.0,100.0,0.0,80.0,20.0,100.0,0.0,100.0,0.0,97.0,7792.0,20,20,100,0,100,0,200,0,100.0,26737.0,100.0,49886366280.0,100.0,108657069309.0
2018-10-31,Z304HW7X,ST4000DM000,4000787030016,0,114,81226960,94.0,0.0,100.0,6.0,100.0,0.0,84.0,307394809.0,70,26864,100.0,0.0,100,6,99.0,1.0,100.0,0.0,100.0,0.0,100.0,0.0,100.0,0.0,79.0,21.0,100.0,0.0,100.0,0.0,97.0,7792.0,21,21,100.0,0.0,100.0,0.0,200.0,0.0,100.0,26761.0,100.0,49903143968.0,100.0,108795502516.0
2018-11-01,Z304HW7X,ST4000DM000,4000787030016,0,114,59185944,94.0,0.0,100.0,6.0,100.0,0.0,84.0,308198964.0,70,26886,100.0,0.0,100,6,99.0,1.0,100.0,0.0,100.0,0.0,100.0,0.0,100.0,0.0,78.0,22.0,100.0,0.0,100.0,0.0,97.0,7792.0,22,22,100.0,0.0,100.0,0.0,200.0,0.0,100.0,26784.0,100.0,49919987592.0,100.0,108946340815.0
2018-11-02,Z304HW7X,ST4000DM000,4000787030016,0,117,148780248,93.0,0.0,100.0,7.0,100.0,0.0,84.0,308928766.0,70,26908,100.0,0.0,100,7,99.0,1.0,100.0,0.0,100.0,0.0,100.0,0.0,100.0,0.0,78.0,22.0,100.0,0.0,100.0,1.0,97.0,7793.0,22,22,100.0,0.0,100.0,0.0,200.0,0.0,100.0,26806.0,100.0,49938702960.0,100.0,109078279037.0
2018-11-03,Z304HW7X,ST4000DM000,4000787030016,0,114,62451312,93.0,0.0,100.0,7.0,100.0,0.0,84.0,309677173.0,70,26932,100.0,0.0,100,7,99.0,1.0,100.0,0.0,100.0,0.0,100.0,0.0,100.0,0.0,79.0,21.0,100.0,0.0,100.0,1.0,97.0,7793.0,21,21,100.0,0.0,100.0,0.0,200.0,0.0,100.0,26829.0,100.0,49956705984.0,100.0,109254880561.0
2018-11-04,Z304HW7X,ST4000DM000,4000787030016,0,119,234519424,93.0,0.0,100.0,7.0,100.0,0.0,84.0,311471842.0,70,26956,100.0,0.0,100,7,99.0,1.0,100.0,0.0,100.0,0.0,100.0,0.0,100.0,0.0,79.0,21.0,100.0,0.0,100.0,1.0,97.0,7793.0,21,21,100.0,0.0,100.0,0.0,200.0,0.0,100.0,26854.0,100.0,49981486600.0,100.0,109440884239.0
2018-11-05,Z304HW7X,ST4000DM000,4000787030016,0,118,167980240,93.0,0.0,100.0,7.0,100.0,0.0,84.0,312211009.0,70,26980,100.0,0.0,100,7,99.0,1.0,100.0,0.0,100.0,0.0,100.0,0.0,100.0,0.0,79.0,21.0,100.0,0.0,100.0,1.0,97.0,7793.0,21,21,100.0,0.0,100.0,0.0,200.0,0.0,100.0,26877.0,100.0,50004448312.0,100.0,109612691748.0
2018-11-06,Z304HW7X,ST4000DM000,4000787030016,0,117.0,133340704.0,93.0,0.0,100.0,7.0,100.0,0.0,84.0,313840679.0,70.0,27004.0,100.0,0.0,100.0,7.0,99.0,1.0,100.0,0.0,100.0,0.0,100.0,0.0,100.0,0.0,80.0,20.0,100.0,0.0,100.0,1.0,97.0,7793.0,20.0,20.0,100.0,0.0,100.0,0.0,200.0,0.0,100.0,26902.0,100.0,50037534256.0,100.0,109741637962.0
2018-11-07,Z304HW7X,ST4000DM000,4000787030016,0,116.0,115447080.0,93.0,0.0,100.0,7.0,100.0,0.0,84.0,316014939.0,70.0,27028.0,100.0,0.0,100.0,7.0,99.0,1.0,100.0,0.0,100.0,0.0,100.0,0.0,100.0,0.0,79.0,21.0,100.0,0.0,100.0,1.0,97.0,7793.0,21.0,21.0,100.0,0.0,100.0,0.0,200.0,0.0,100.0,26926.0,100.0,50058982752.0,100.0,109940753375.0
2018-11-08,Z304HW7X,ST4000DM000,4000787030016,0,117.0,152730080.0,93.0,0.0,100.0,7.0,100.0,0.0,84.0,316739577.0,70.0,27056.0,100.0,0.0,100.0,7.0,99.0,1.0,100.0,0.0,100.0,0.0,100.0,0.0,100.0,0.0,81.0,19.0,100.0,0.0,100.0,1.0,97.0,7793.0,19.0,19.0,100.0,0.0,100.0,0.0,200.0,0.0,100.0,26954.0,100.0,50083445976.0,100.0,110111731612.0
2018-11-09,Z304HW7X,ST4000DM000,4000787030016,0,119,233635480,93.0,0.0,100.0,7.0,100.0,0.0,84.0,317744134.0,70,27080,100.0,0.0,100,7,99.0,1.0,100.0,0.0,100.0,0.0,100.0,0.0,100.0,0.0,80.0,20.0,100.0,0.0,100.0,1.0,97.0,7793.0,20,20,100.0,0.0,100.0,0.0,200.0,0.0,100.0,26978.0,100.0,50098157992.0,100.0,110281283855.0
2018-11-10,Z304HW7X,ST4000DM000,4000787030016,0,119,227382392,93.0,0.0,100.0,7.0,100.0,0.0,84.0,318915437.0,70,27104,100.0,0.0,100,7,99.0,1.0,100.0,0.0,100.0,0.0,100.0,0.0,100.0,0.0,80.0,20.0,100.0,0.0,100.0,1.0,97.0,7793.0,20,20,100.0,0.0,100.0,0.0,200.0,0.0,100.0,27002.0,100.0,50119787592.0,100.0,110445364867.0
2018-11-11,Z304HW7X,ST4000DM000,4000787030016,0,117,137050016,93.0,0.0,100.0,7.0,100.0,0.0,84.0,320921782.0,70,27127,100.0,0.0,100,7,99.0,1.0,100.0,0.0,100.0,0.0,100.0,0.0,100.0,0.0,80.0,20.0,100.0,0.0,100.0,1.0,97.0,7793.0,20,20,100.0,0.0,100.0,0.0,200.0,0.0,100.0,27025.0,100.0,50141142616.0,100.0,110638100786.0
2018-11-12,Z304HW7X,ST4000DM000,4000787030016,0,114,81175744,93.0,0.0,100.0,7.0,100.0,0.0,84.0,322521050.0,70,27152,100.0,0.0,100,7,99.0,1.0,100.0,0.0,100.0,0.0,100.0,0.0,100.0,0.0,81.0,19.0,100.0,0.0,100.0,1.0,97.0,7793.0,19,19,100.0,0.0,100.0,0.0,200.0,0.0,100.0,27049.0,100.0,50154296680.0,100.0,110842594973.0
2018-11-13,Z304HW7X,ST4000DM000,4000787030016,0,114,77120864,93.0,0.0,100.0,7.0,100.0,0.0,84.0,323945527.0,69,27176,100.0,0.0,100,7,99.0,1.0,100.0,0.0,100.0,0.0,100.0,0.0,100.0,0.0,80.0,20.0,100.0,0.0,100.0,1.0,97.0,7793.0,20,20,100.0,0.0,100.0,0.0,200.0,0.0,100.0,27074.0,100.0,50179409920.0,100.0,110874155863.0
2018-11-14,Z304HW7X,ST4000DM000,4000787030016,0,118,192107416,93.0,0.0,100.0,7.0,100.0,0.0,84.0,325179731.0,69,27199,100.0,0.0,100,7,99.0,1.0,100.0,0.0,100.0,0.0,100.0,0.0,100.0,0.0,79.0,21.0,100.0,0.0,100.0,1.0,97.0,7793.0,21,21,100.0,0.0,100.0,0.0,200.0,0.0,100.0,27097.0,100.0,50197432120.0,100.0,110993224956.0
2018-11-15,Z304HW7X,ST4000DM000,4000787030016,0,118,170543352,93.0,0.0,100.0,7.0,100.0,0.0,84.0,326561694.0,69,27223,100.0,0.0,100,7,99.0,1.0,100.0,0.0,100.0,0.0,100.0,0.0,100.0,0.0,79.0,21.0,100.0,0.0,100.0,1.0,97.0,7793.0,21,21,100.0,0.0,100.0,0.0,200.0,0.0,100.0,27121.0,100.0,50219110576.0,100.0,111182187152.0
2018-11-16,Z304HW7X,ST4000DM000,4000787030016,0,119,214591504,93.0,0.0,100.0,7.0,100.0,0.0,84.0,328201143.0,69,27248,100.0,0.0,100,7,99.0,1.0,100.0,0.0,100.0,0.0,100.0,0.0,100.0,0.0,79.0,21.0,100.0,0.0,100.0,1.0,97.0,7793.0,21,21,100.0,0.0,100.0,0.0,200.0,0.0,100.0,27145.0,100.0,50239397472.0,100.0,111366608502.0
2018-11-17,Z304HW7X,ST4000DM000,4000787030016,0,117.0,151813184.0,93.0,0.0,100.0,7.0,100.0,0.0,84.0,329151836.0,69.0,27271.0,100.0,0.0,100.0,7.0,99.0,1.0,100.0,0.0,100.0,0.0,100.0,0.0,100.0,0.0,79.0,21.0,100.0,0.0,100.0,1.0,97.0,7793.0,21.0,21.0,100.0,0.0,100.0,0.0,200.0,0.0,100.0,27169.0,100.0,50255167920.0,100.0,111507081544.0
2018-11-18,Z304HW7X,ST4000DM000,4000787030016,0,118,178770208,93.0,0.0,100.0,7.0,100.0,0.0,84.0,332389773.0,69,27296,100.0,0.0,100,7,99.0,1.0,100.0,0.0,100.0,0.0,100.0,0.0,100.0,0.0,79.0,21.0,100.0,0.0,100.0,1.0,97.0,7793.0,21,21,100.0,0.0,100.0,0.0,200.0,0.0,100.0,27194.0,100.0,50279254568.0,100.0,111654321836.0
2018-11-19,Z304HW7X,ST4000DM000,4000787030016,0,116,115715392,93.0,0.0,100.0,7.0,100.0,0.0,84.0,333505481.0,69,27321,100.0,0.0,100,7,99.0,1.0,100.0,0.0,100.0,0.0,100.0,0.0,100.0,0.0,79.0,21.0,100.0,0.0,100.0,1.0,97.0,7793.0,21,21,100.0,0.0,100.0,0.0,200.0,0.0,100.0,27218.0,100.0,50299375856.0,100.0,111794530187.0
2018-11-20,Z304HW7X,ST4000DM000,4000787030016,0,114,78865408,93.0,0.0,100.0,7.0,100.0,0.0,84.0,335375344.0,69,27344,100.0,0.0,100,7,99.0,1.0,100.0,0.0,100.0,0.0,100.0,0.0,100.0,0.0,79.0,21.0,100.0,0.0,100.0,1.0,97.0,7793.0,21,21,100.0,0.0,100.0,0.0,200.0,0.0,100.0,27241.0,100.0,50322519304.0,100.0,111902207049.0
2018-11-21,Z304HW7X,ST4000DM000,4000787030016,0,116,105487704,93.0,0.0,100.0,7.0,100.0,0.0,85.0,336625056.0,69,27368,100.0,0.0,100,7,99.0,1.0,100.0,0.0,100.0,0.0,100.0,0.0,100.0,0.0,79.0,21.0,100.0,0.0,100.0,1.0,97.0,7793.0,21,21,100.0,0.0,100.0,0.0,200.0,0.0,100.0,27265.0,100.0,50339807792.0,100.0,112062916061.0
2018-11-22,Z304HW7X,ST4000DM000,4000787030016,0,116,112350832,93.0,0.0,100.0,7.0,100.0,0.0,85.0,337821727.0,69,27392,100.0,0.0,100,7,99.0,1.0,100.0,0.0,100.0,0.0,100.0,0.0,100.0,0.0,76.0,24.0,100.0,0.0,100.0,1.0,97.0,7793.0,24,24,100.0,0.0,100.0,0.0,200.0,0.0,100.0,27289.0,100.0,50359304136.0,100.0,112212878122.0
2018-11-23,Z304HW7X,ST4000DM000,4000787030016,0,114,83564888,93.0,0.0,100.0,7.0,100.0,0.0,85.0,338979077.0,69,27415,100.0,0.0,100,7,99.0,1.0,100.0,0.0,100.0,0.0,100.0,0.0,100.0,0.0,80.0,20.0,100.0,0.0,100.0,1.0,97.0,7793.0,20,20,100.0,0.0,100.0,0.0,200.0,0.0,100.0,27313.0,100.0,50372282408.0,100.0,112356524187.0
2018-11-24,Z304HW7X,ST4000DM000,4000787030016,0,115,91390568,93.0,0.0,100.0,7.0,100.0,0.0,85.0,340110935.0,69,27440,100.0,0.0,100,7,99.0,1.0,100.0,0.0,100.0,0.0,100.0,0.0,100.0,0.0,80.0,20.0,100.0,0.0,100.0,1.0,97.0,7793.0,20,20,100.0,0.0,100.0,0.0,200.0,0.0,100.0,27337.0,100.0,50388705096.0,100.0,112485767271.0
2018-11-25,Z304HW7X,ST4000DM000,4000787030016,0,104,7246944,93.0,0.0,100.0,7.0,100.0,0.0,85.0,342185522.0,69,27464,100.0,0.0,100,7,99.0,1.0,100.0,0.0,100.0,0.0,100.0,0.0,100.0,0.0,79.0,21.0,100.0,0.0,100.0,1.0,97.0,7793.0,21,21,100.0,0.0,100.0,0.0,200.0,0.0,100.0,27362.0,100.0,50409069168.0,100.0,112640876007.0
2018-11-26,Z304HW7X,ST4000DM000,4000787030016,0,115,91336016,93.0,0.0,100.0,7.0,100.0,0.0,85.0,343001546.0,69,27488,100.0,0.0,100,7,99.0,1.0,100.0,0.0,100.0,0.0,100.0,0.0,100.0,0.0,79.0,21.0,100.0,0.0,100.0,1.0,97.0,7793.0,21,21,100.0,0.0,100.0,0.0,200.0,0.0,100.0,27386.0,100.0,50426416736.0,100.0,112744903727.0
2018-11-27,Z304HW7X,ST4000DM000,4000787030016,0,113,50562760,93.0,0.0,100.0,7.0,100.0,0.0,85.0,344927171.0,69,27512,100.0,0.0,100,7,99.0,1.0,100.0,0.0,100.0,0.0,100.0,0.0,100.0,0.0,79.0,21.0,100.0,0.0,100.0,1.0,97.0,7793.0,21,21,100.0,0.0,100.0,0.0,200.0,0.0,100.0,27410.0,100.0,50443830928.0,100.0,112879490759.0
2018-11-28,Z304HW7X,ST4000DM000,4000787030016,0,116,109363792,93.0,0.0,100.0,7.0,100.0,0.0,85.0,346013516.0,69,27536,100.0,0.0,100,7,99.0,1.0,100.0,0.0,100.0,0.0,100.0,0.0,100.0,0.0,79.0,21.0,100.0,0.0,100.0,1.0,97.0,7793.0,21,21,100.0,0.0,100.0,0.0,200.0,0.0,100.0,27434.0,100.0,50456573416.0,100.0,113012683377.0
2018-11-29,Z304HW7X,ST4000DM000,4000787030016,0,118,185040288,93.0,0.0,100.0,7.0,100.0,0.0,85.0,348743664.0,69,27560,100.0,0.0,100,7,99.0,1.0,100.0,0.0,100.0,0.0,100.0,0.0,100.0,0.0,82.0,18.0,100.0,0.0,100.0,1.0,97.0,7793.0,18,18,100.0,0.0,100.0,0.0,200.0,0.0,100.0,27457.0,100.0,50475148840.0,100.0,113186074504.0
2018-11-30,Z304HW7X,ST4000DM000,4000787030016,0,118,176451328,93.0,0.0,100.0,7.0,100.0,0.0,85.0,349916092.0,69,27585,100.0,0.0,100,7,99.0,1.0,100.0,0.0,100.0,0.0,100.0,0.0,100.0,0.0,82.0,18.0,100.0,0.0,100.0,1.0,97.0,7793.0,18,18,100.0,0.0,100.0,0.0,200.0,0.0,100.0,27482.0,100.0,50490953280.0,100.0,113333309020.0
2018-12-01,Z304HW7X,ST4000DM000,4000787030016,0,111,41203688,93.0,0.0,100.0,7.0,100.0,0.0,85.0,351163387.0,69,27608,100.0,0.0,100,7,99.0,1.0,100.0,0.0,100.0,0.0,100.0,0.0,100.0,0.0,82.0,18.0,100.0,0.0,100.0,1.0,97.0,7793.0,18,18,100.0,0.0,100.0,0.0,200.0,0.0,100.0,27506.0,100.0,50505272672.0,100.0,113471537726.0
2018-12-02,Z304HW7X,ST4000DM000,4000787030016,0,118,196523384,93.0,0.0,100.0,7.0,100.0,0.0,85.0,353075484.0,69,27632,100.0,0.0,100,7,99.0,1.0,100.0,0.0,100.0,0.0,100.0,0.0,100.0,0.0,82.0,18.0,100.0,0.0,100.0,1.0,97.0,7793.0,18,18,100.0,0.0,100.0,0.0,200.0,0.0,100.0,27530.0,100.0,50522824592.0,100.0,113604049074.0
2018-12-03,Z304HW7X,ST4000DM000,4000787030016,0,116,104663728,93.0,0.0,100.0,7.0,100.0,0.0,85.0,354039532.0,69,27657,100.0,0.0,100,7,99.0,1.0,100.0,0.0,100.0,0.0,100.0,0.0,100.0,0.0,82.0,18.0,100.0,0.0,100.0,1.0,97.0,7793.0,18,18,100.0,0.0,100.0,0.0,200.0,0.0,100.0,27554.0,100.0,50545697424.0,100.0,113699376648.0
2018-12-04,Z304HW7X,ST4000DM000,4000787030016,0,119,223745456,93.0,0.0,100.0,7.0,100.0,0.0,85.0,356298958.0,69,27680,100.0,0.0,100,7,99.0,1.0,100.0,0.0,100.0,0.0,100.0,0.0,100.0,0.0,82.0,18.0,100.0,0.0,100.0,1.0,97.0,7793.0,18,18,100.0,0.0,100.0,0.0,200.0,0.0,100.0,27577.0,100.0,50571357480.0,100.0,113837831988.0
2018-12-05,Z304HW7X,ST4000DM000,4000787030016,0,117.0,147743232.0,93.0,0.0,100.0,7.0,100.0,0.0,85.0,357259665.0,69.0,27704.0,100.0,0.0,100.0,7.0,99.0,1.0,100.0,0.0,100.0,0.0,100.0,0.0,100.0,0.0,82.0,18.0,100.0,0.0,100.0,1.0,97.0,7793.0,18.0,18.0,100.0,0.0,100.0,0.0,200.0,0.0,100.0,27602.0,100.0,50586804168.0,100.0,113935183700.0
2018-12-06,Z304HW7X,ST4000DM000,4000787030016,0,118,198301184,93.0,0.0,100.0,7.0,100.0,0.0,85.0,358088282.0,69,27728,100.0,0.0,100,7,99.0,1.0,100.0,0.0,100.0,0.0,100.0,0.0,100.0,0.0,82.0,18.0,100.0,0.0,100.0,1.0,97.0,7793.0,18,18,100.0,0.0,100.0,0.0,200.0,0.0,100.0,27626.0,100.0,50603965760.0,100.0,114025475592.0
2018-12-07,Z304HW7X,ST4000DM000,4000787030016,0,119,231798904,93.0,0.0,100.0,7.0,100.0,0.0,85.0,358813695.0,69,27751,100.0,0.0,100,7,99.0,1.0,100.0,0.0,100.0,0.0,100.0,0.0,100.0,0.0,82.0,18.0,100.0,0.0,100.0,1.0,97.0,7793.0,18,18,100.0,0.0,100.0,0.0,200.0,0.0,100.0,27649.0,100.0,50617626000.0,100.0,114096850586.0
2018-12-08,Z304HW7X,ST4000DM000,4000787030016,0,117,137712456,93.0,0.0,100.0,7.0,100.0,0.0,85.0,360210832.0,69,27776,100.0,0.0,100,7,99.0,1.0,100.0,0.0,100.0,0.0,100.0,0.0,100.0,0.0,82.0,18.0,100.0,0.0,100.0,1.0,97.0,7793.0,18,18,100.0,0.0,100.0,0.0,200.0,0.0,100.0,27673.0,100.0,50637082440.0,100.0,114236404581.0
2018-12-09,Z304HW7X,ST4000DM000,4000787030016,0,119,211983592,93.0,0.0,100.0,7.0,100.0,0.0,85.0,361974485.0,69,27800,100.0,0.0,100,7,99.0,1.0,100.0,0.0,100.0,0.0,100.0,0.0,100.0,0.0,82.0,18.0,100.0,0.0,100.0,1.0,97.0,7793.0,18,18,100.0,0.0,100.0,0.0,200.0,0.0,100.0,27697.0,100.0,50663211232.0,100.0,114323595663.0
2018-12-10,Z304HW7X,ST4000DM000,4000787030016,0,117,150594592,93.0,0.0,100.0,7.0,100.0,0.0,85.0,362780043.0,69,27824,100.0,0.0,100,7,99.0,1.0,100.0,0.0,100.0,0.0,100.0,0.0,100.0,0.0,82.0,18.0,100.0,0.0,100.0,1.0,97.0,7793.0,18,18,100.0,0.0,100.0,0.0,200.0,0.0,100.0,27722.0,100.0,50684967456.0,100.0,114379318250.0
2018-12-11,Z304HW7X,ST4000DM000,4000787030016,0,117,120739912,93.0,0.0,100.0,7.0,100.0,0.0,85.0,364699184.0,69,27848,100.0,0.0,100,7,99.0,1.0,100.0,0.0,100.0,0.0,100.0,0.0,100.0,0.0,82.0,18.0,100.0,0.0,100.0,1.0,97.0,7793.0,18,18,100.0,0.0,100.0,0.0,200.0,0.0,100.0,27746.0,100.0,50705868840.0,100.0,114462053588.0
2018-12-12,Z304HW7X,ST4000DM000,4000787030016,0,116,116891368,93.0,0.0,100.0,7.0,100.0,0.0,85.0,365450721.0,69,27872,100.0,0.0,100,7,99.0,1.0,100.0,0.0,100.0,0.0,100.0,0.0,100.0,0.0,82.0,18.0,100.0,0.0,100.0,1.0,97.0,7793.0,18,18,100.0,0.0,100.0,0.0,200.0,0.0,100.0,27770.0,100.0,50729998776.0,100.0,114517106678.0
2018-12-13,Z304HW7X,ST4000DM000,4000787030016,0,118,186750408,93.0,0.0,100.0,7.0,100.0,0.0,85.0,366119851.0,69,27896,100.0,0.0,100,7,99.0,1.0,100.0,0.0,100.0,0.0,100.0,0.0,100.0,0.0,81.0,19.0,100.0,0.0,100.0,1.0,97.0,7793.0,19,19,100.0,0.0,100.0,0.0,200.0,0.0,100.0,27793.0,100.0,50746518768.0,100.0,114569099162.0
2018-12-14,Z304HW7X,ST4000DM000,4000787030016,0,117,127150888,93.0,0.0,100.0,7.0,100.0,0.0,85.0,367017389.0,69,27920,100.0,0.0,100,7,99.0,1.0,100.0,0.0,100.0,0.0,100.0,0.0,100.0,0.0,81.0,19.0,100.0,0.0,100.0,1.0,97.0,7793.0,19,19,100.0,0.0,100.0,0.0,200.0,0.0,100.0,27818.0,100.0,50769295024.0,100.0,114647480538.0
2018-12-15,Z304HW7X,ST4000DM000,4000787030016,0,111,34053720,93.0,0.0,100.0,7.0,100.0,0.0,85.0,369738723.0,69,27944,100.0,0.0,100,7,99.0,1.0,100.0,0.0,100.0,0.0,100.0,0.0,100.0,0.0,81.0,19.0,100.0,0.0,100.0,1.0,97.0,7793.0,19,19,100.0,0.0,100.0,0.0,200.0,0.0,100.0,27841.0,100.0,50790005680.0,100.0,114761107144.0
2018-12-16,Z304HW7X,ST4000DM000,4000787030016,0,115,85934864,93.0,0.0,100.0,7.0,100.0,0.0,85.0,372007856.0,69,27968,100.0,0.0,100,7,99.0,1.0,100.0,0.0,100.0,0.0,100.0,0.0,100.0,0.0,81.0,19.0,100.0,0.0,100.0,1.0,97.0,7793.0,19,19,100.0,0.0,100.0,0.0,200.0,0.0,100.0,27865.0,100.0,50818090928.0,100.0,114903257437.0
2018-12-17,Z304HW7X,ST4000DM000,4000787030016,0,117,131613208,93.0,0.0,100.0,7.0,100.0,0.0,85.0,373282423.0,69,27992,100.0,0.0,100,7,99.0,1.0,100.0,0.0,100.0,0.0,100.0,0.0,100.0,0.0,81.0,19.0,100.0,0.0,100.0,1.0,97.0,7793.0,19,19,100.0,0.0,100.0,0.0,200.0,0.0,100.0,27889.0,100.0,50844703160.0,100.0,115008566548.0
2018-12-18,Z304HW7X,ST4000DM000,4000787030016,0,112,46808560,93.0,0.0,100.0,7.0,100.0,0.0,85.0,375455362.0,69,28016,100.0,0.0,100,7,99.0,1.0,100.0,0.0,100.0,0.0,100.0,0.0,100.0,0.0,81.0,19.0,100.0,0.0,100.0,1.0,97.0,7793.0,19,19,100.0,0.0,100.0,0.0,200.0,0.0,100.0,27914.0,100.0,50870903200.0,100.0,115085274098.0
2018-12-19,Z304HW7X,ST4000DM000,4000787030016,0,115,100314584,93.0,0.0,100.0,7.0,100.0,0.0,85.0,376151491.0,68,28040,100.0,0.0,100,7,99.0,1.0,100.0,0.0,100.0,0.0,100.0,0.0,100.0,0.0,81.0,19.0,100.0,0.0,100.0,1.0,97.0,7793.0,19,19,100.0,0.0,100.0,0.0,200.0,0.0,100.0,27938.0,100.0,50886021312.0,100.0,115176804526.0
2018-12-20,Z304HW7X,ST4000DM000,4000787030016,0,117,145446120,93.0,0.0,100.0,7.0,100.0,0.0,85.0,376881435.0,68,28064,100.0,0.0,100,7,99.0,1.0,100.0,0.0,100.0,0.0,100.0,0.0,100.0,0.0,81.0,19.0,100.0,0.0,100.0,1.0,97.0,7793.0,19,19,100.0,0.0,100.0,0.0,200.0,0.0,100.0,27961.0,100.0,50897584456.0,100.0,115281191951.0
2018-12-21,Z304HW7X,ST4000DM000,4000787030016,0,111,31890368,93.0,0.0,100.0,7.0,100.0,0.0,85.0,377481487.0,68,28087,100.0,0.0,100,7,99.0,1.0,100.0,0.0,100.0,0.0,100.0,0.0,100.0,0.0,81.0,19.0,100.0,0.0,100.0,1.0,97.0,7793.0,19,19,100.0,0.0,100.0,0.0,200.0,0.0,100.0,27985.0,100.0,50911669904.0,100.0,115349454663.0
2018-12-22,Z304HW7X,ST4000DM000,4000787030016,0,114,64318896,93.0,0.0,100.0,7.0,100.0,0.0,85.0,378236794.0,68,28112,100.0,0.0,100,7,99.0,1.0,100.0,0.0,100.0,0.0,100.0,0.0,100.0,0.0,81.0,19.0,100.0,0.0,100.0,1.0,97.0,7793.0,19,19,100.0,0.0,100.0,0.0,200.0,0.0,100.0,28009.0,100.0,50927399888.0,100.0,115416889129.0
2018-12-23,Z304HW7X,ST4000DM000,4000787030016,0,112,46025264,93.0,0.0,100.0,7.0,100.0,0.0,85.0,379915036.0,68,28136,100.0,0.0,100,7,99.0,1.0,100.0,0.0,100.0,0.0,100.0,0.0,100.0,0.0,81.0,19.0,100.0,0.0,100.0,1.0,97.0,7793.0,19,19,100.0,0.0,100.0,0.0,200.0,0.0,100.0,28033.0,100.0,50942435008.0,100.0,115523415586.0
2018-12-24,Z304HW7X,ST4000DM000,4000787030016,0,117,128035224,93.0,0.0,100.0,7.0,100.0,0.0,85.0,380827956.0,68,28160,100.0,0.0,100,7,99.0,1.0,100.0,0.0,100.0,0.0,100.0,0.0,100.0,0.0,81.0,19.0,100.0,0.0,100.0,1.0,97.0,7793.0,19,19,100.0,0.0,100.0,0.0,200.0,0.0,100.0,28057.0,100.0,50955321672.0,100.0,115656152020.0
2018-12-25,Z304HW7X,ST4000DM000,4000787030016,0,119,234041368,93.0,0.0,100.0,7.0,100.0,0.0,85.0,382410268.0,68,28184,100.0,0.0,100,7,99.0,1.0,100.0,0.0,100.0,0.0,100.0,0.0,100.0,0.0,81.0,19.0,100.0,0.0,100.0,1.0,97.0,7793.0,19,19,100.0,0.0,100.0,0.0,200.0,0.0,100.0,28081.0,100.0,50973516896.0,100.0,115731343106.0
2018-12-26,Z304HW7X,ST4000DM000,4000787030016,0,115,89800728,93.0,0.0,100.0,7.0,100.0,0.0,85.0,382989794.0,68,28208,100.0,0.0,100,7,99.0,1.0,100.0,0.0,100.0,0.0,100.0,0.0,100.0,0.0,81.0,19.0,100.0,0.0,100.0,1.0,97.0,7793.0,19,19,100.0,0.0,100.0,0.0,200.0,0.0,100.0,28105.0,100.0,50985052512.0,100.0,115803860413.0
2018-12-27,Z304HW7X,ST4000DM000,4000787030016,0,119,209588696,93.0,0.0,100.0,7.0,100.0,0.0,85.0,383820306.0,68,28232,100.0,0.0,100,7,99.0,1.0,100.0,0.0,100.0,0.0,100.0,0.0,100.0,0.0,81.0,19.0,100.0,0.0,100.0,1.0,97.0,7793.0,19,19,100.0,0.0,100.0,0.0,200.0,0.0,100.0,28130.0,100.0,50996519136.0,100.0,115905910854.0
2018-12-28,Z304HW7X,ST4000DM000,4000787030016,0,117,140626888,93.0,0.0,100.0,7.0,100.0,0.0,85.0,384745012.0,68,28256,100.0,0.0,100,7,99.0,1.0,100.0,0.0,100.0,0.0,100.0,0.0,100.0,0.0,81.0,19.0,100.0,0.0,100.0,1.0,97.0,7793.0,19,19,100.0,0.0,100.0,0.0,200.0,0.0,100.0,28153.0,100.0,51008463000.0,100.0,116026108692.0
2018-12-29,Z304HW7X,ST4000DM000,4000787030016,0,112,46063760,93.0,0.0,100.0,7.0,100.0,0.0,85.0,385304357.0,68,28279,100.0,0.0,100,7,99.0,1.0,100.0,0.0,100.0,0.0,100.0,0.0,100.0,0.0,81.0,19.0,100.0,0.0,100.0,1.0,97.0,7793.0,19,19,100.0,0.0,100.0,0.0,200.0,0.0,100.0,28176.0,100.0,51020569832.0,100.0,116092845937.0
2018-12-30,Z304HW7X,ST4000DM000,4000787030016,0,118,182498504,93.0,0.0,100.0,7.0,100.0,0.0,85.0,387387935.0,68,28303,100.0,0.0,100,7,99.0,1.0,100.0,0.0,100.0,0.0,100.0,0.0,100.0,0.0,82.0,18.0,100.0,0.0,100.0,1.0,97.0,7793.0,18,18,100.0,0.0,100.0,0.0,200.0,0.0,100.0,28200.0,100.0,51042435328.0,100.0,116166695033.0
2018-12-31,Z304HW7X,ST4000DM000,4000787030016,0,118,176967584,93.0,0.0,100.0,7.0,100.0,0.0,85.0,388367182.0,68,28327,100.0,0.0,100,7,99.0,1.0,100.0,0.0,100.0,0.0,100.0,0.0,100.0,0.0,82.0,18.0,100.0,0.0,100.0,1.0,97.0,7793.0,18,18,100.0,0.0,100.0,0.0,200.0,0.0,100.0,28224.0,100.0,51066643504.0,100.0,116281314397.0
