2018-01-01,Z305D61K,ST4000DM000,4000787030016,0,119,234607072,95,0,100,5,100,0,88,718637752,82,16613,100,0,100,5,100.0,0.0,100.0,0.0,100.0,0.0,100.0,0.0,100.0,0.0,68.0,32.0,100.0,0.0,100.0,0.0,96.0,8790.0,32,32,100,0,100,0,200,0,100.0,16549.0,100.0,35834999672.0,100.0,70306625918.0
2018-01-02,Z305D61K,ST4000DM000,4000787030016,0,114,60402808,95,0,100,5,100,0,88,720261580,82,16636,100,0,100,5,100.0,0.0,100.0,0.0,100.0,0.0,100.0,0.0,100.0,0.0,69.0,31.0,100.0,0.0,100.0,0.0,96.0,8790.0,31,31,100,0,100,0,200,0,100.0,16572.0,100.0,35862149280.0,100.0,70465527088.0
2018-01-03,Z305D61K,ST4000DM000,4000787030016,0,116,101911000,95,0,100,5,100,0,88,721237254,81,16659,100,0,100,5,100.0,0.0,100.0,0.0,100.0,0.0,100.0,0.0,100.0,0.0,69.0,31.0,100.0,0.0,100.0,0.0,96.0,8790.0,31,31,100,0,100,0,200,0,100.0,16596.0,100.0,35902705208.0,100.0,70541117209.0
2018-01-04,Z305D61K,ST4000DM000,4000787030016,0,113,52898544,95,0,100,5,100,0,88,722816421,81,16675,100,0,100,5,100.0,0.0,100.0,0.0,100.0,0.0,100.0,0.0,100.0,0.0,69.0,31.0,100.0,0.0,100.0,0.0,96.0,8790.0,31,31,100,0,100,0,200,0,100.0,16612.0,100.0,35928115064.0,100.0,70657808914.0
2018-01-05,Z305D61K,ST4000DM000,4000787030016,0,119.0,217947616.0,95.0,0.0,100.0,5.0,100.0,0.0,88.0,724316455.0,81.0,16700.0,100.0,0.0,100.0,5.0,100.0,0.0,100.0,0.0,100.0,0.0,100.0,0.0,100.0,0.0,69.0,31.0,100.0,0.0,100.0,0.0,96.0,8790.0,31.0,31.0,100.0,0.0,100.0,0.0,200.0,0.0,100.0,16637.0,100.0,35967861880.0,100.0,70750180418.0
2018-01-06,Z305D61K,ST4000DM000,4000787030016,0,111,39112248,95,0,100,5,100,0,88,725900262,81,16724,100,0,100,5,100.0,0.0,100.0,0.0,100.0,0.0,100.0,0.0,100.0,0.0,68.0,32.0,100.0,0.0,100.0,0.0,96.0,8790.0,32,32,100,0,100,0,200,0,100.0,16660.0,100.0,36001936920.0,100.0,70886068447.0
2018-01-07,Z305D61K,ST4000DM000,4000787030016,0,115,100064104,95,0,100,5,100,0,88,728775493,81,16748,100,0,100,5,100.0,0.0,100.0,0.0,100.0,0.0,100.0,0.0,100.0,0.0,67.0,33.0,100.0,0.0,100.0,0.0,96.0,8790.0,33,33,100,0,100,0,200,0,100.0,16685.0,100.0,36035183728.0,100.0,71017682531.0
2018-01-08,Z305D61K,ST4000DM000,4000787030016,0,117,152948648,95,0,100,5,100,0,88,729816356,81,16760,100,0,100,5,100.0,0.0,100.0,0.0,100.0,0.0,100.0,0.0,100.0,0.0,67.0,33.0,100.0,0.0,100.0,0.0,96.0,8790.0,33,33,100,0,100,0,200,0,100.0,16697.0,100.0,36048691600.0,100.0,71108042206.0
2018-01-09,Z305D61K,ST4000DM000,4000787030016,0,116,109317456,95,0,100,5,100,0,88,732168736,81,16795,100,0,100,5,100.0,0.0,100.0,0.0,100.0,0.0,100.0,0.0,100.0,0.0,67.0,33.0,100.0,0.0,100.0,0.0,96.0,8790.0,33,33,100,0,100,0,200,0,100.0,16732.0,100.0,36088199712.0,100.0,71337205457.0
2018-01-10,Z305D61K,ST4000DM000,4000787030016,0,114,61426432,95,0,100,5,100,0,88,733879852,81,16823,100,0,100,5,100.0,0.0,100.0,0.0,100.0,0.0,100.0,0.0,100.0,0.0,67.0,33.0,100.0,0.0,100.0,0.0,96.0,8790.0,33,33,100,0,100,0,200,0,100.0,16759.0,100.0,36105343448.0,100.0,71526755272.0
2018-01-11,Z305D61K,ST4000DM000,4000787030016,0,118,185036424,95,0,100,5,100,0,88,736290687,81,16842,100,0,100,5,100.0,0.0,100.0,0.0,100.0,0.0,100.0,0.0,100.0,0.0,67.0,33.0,100.0,0.0,100.0,0.0,96.0,8791.0,33,33,100,0,100,0,200,0,100.0,16779.0,100.0,36117988344.0,100.0,71653136721.0
2018-01-12,Z305D61K,ST4000DM000,4000787030016,0,114,70547184,95,0,100,5,100,0,88,737529658,81,16878,100,0,100,5,100.0,0.0,100.0,0.0,100.0,0.0,100.0,0.0,100.0,0.0,67.0,33.0,100.0,0.0,100.0,0.0,96.0,8793.0,33,33,100,0,100,0,200,0,100.0,16815.0,100.0,36123753800.0,100.0,71807238614.0
2018-01-13,Z305D61K,ST4000DM000,4000787030016,0,118.0,190679856.0,95.0,0.0,100.0,5.0,100,0,88.0,738885831.0,81,16902,100.0,0.0,100,5,100.0,0.0,100.0,0.0,100.0,0.0,100.0,0.0,100.0,0.0,67.0,33.0,100.0,0.0,100.0,0.0,96.0,8802.0,33.0,33.0,100.0,0.0,100.0,0.0,200,0,100.0,16839.0,100.0,36130987256.0,100.0,71939499119.0
2018-01-14,Z305D61K,ST4000DM000,4000787030016,0,119.0,214789320.0,95.0,0.0,100.0,5.0,100,0,88.0,739925111.0,81,16926,100.0,0.0,100,5,100.0,0.0,100.0,0.0,100.0,0.0,100.0,0.0,100.0,0.0,66.0,34.0,100.0,0.0,100.0,0.0,96.0,8802.0,34.0,34.0,100.0,0.0,100.0,0.0,200,0,100.0,16863.0,100.0,36135109616.0,100.0,72093342420.0
2018-01-15,Z305D61K,ST4000DM000,4000787030016,0,117.0,134288128.0,95.0,0.0,100.0,5.0,100,0,88.0,741259216.0,81,16951,100.0,0.0,100,5,100.0,0.0,100.0,0.0,100.0,0.0,100.0,0.0,100.0,0.0,66.0,34.0,100.0,0.0,100.0,0.0,96.0,8802.0,34.0,34.0,100.0,0.0,100.0,0.0,200,0,100.0,16887.0,100.0,36141639776.0,100.0,72265111008.0
2018-01-16,Z305D61K,ST4000DM000,4000787030016,0,117.0,154815920.0,95.0,0.0,100.0,5.0,100,0,88.0,742126261.0,81,16974,100.0,0.0,100,5,100.0,0.0,100.0,0.0,100.0,0.0,100.0,0.0,100.0,0.0,66.0,34.0,100.0,0.0,100.0,0.0,96.0,8802.0,34.0,34.0,100.0,0.0,100.0,0.0,200,0,100.0,16911.0,100.0,36149807688.0,100.0,72364659432.0
2018-01-17,Z305D61K,ST4000DM000,4000787030016,0,114.0,60890040.0,95.0,0.0,100.0,5.0,100,0,88.0,743015509.0,81,16997,100.0,0.0,100,5,100.0,0.0,100.0,0.0,100.0,0.0,100.0,0.0,100.0,0.0,67.0,33.0,100.0,0.0,100.0,0.0,96.0,8802.0,33.0,33.0,100.0,0.0,100.0,0.0,200,0,100.0,16934.0,100.0,36160960336.0,100.0,72475670100.0
2018-01-18,Z305D61K,ST4000DM000,4000787030016,0,116.0,112991424.0,95.0,0.0,100.0,5.0,100.0,0.0,88.0,744451302.0,81.0,17013.0,100.0,0.0,100.0,5.0,100.0,0.0,100.0,0.0,100.0,0.0,100.0,0.0,100.0,0.0,67.0,33.0,100.0,0.0,100.0,0.0,96.0,8802.0,33.0,33.0,100.0,0.0,100.0,0.0,200.0,0.0,100.0,16950.0,100.0,36172793096.0,100.0,72588775910.0
2018-01-19,Z305D61K,ST4000DM000,4000787030016,0,102.0,3733464.0,95.0,0.0,100.0,5.0,100.0,0.0,88.0,745515348.0,81.0,17037.0,100.0,0.0,100.0,5.0,100.0,0.0,100.0,0.0,100.0,0.0,100.0,0.0,100.0,0.0,67.0,33.0,100.0,0.0,100.0,0.0,96.0,8805.0,33.0,33.0,100.0,0.0,100.0,0.0,200.0,0.0,100.0,16974.0,100.0,36186450664.0,100.0,72719281853.0
2018-01-20,Z305D61K,ST4000DM000,4000787030016,0,117.0,165059280.0,95.0,0.0,100.0,5.0,100,0,88.0,746252170.0,81,17061,100.0,0.0,100,5,100.0,0.0,100.0,0.0,100.0,0.0,100.0,0.0,100.0,0.0,67.0,33.0,100.0,0.0,100.0,0.0,96.0,8805.0,33.0,33.0,100.0,0.0,100.0,0.0,200,0,100.0,16997.0,100.0,36200404056.0,100.0,72811778362.0
2018-01-21,Z305D61K,ST4000DM000,4000787030016,0,118.0,195462464.0,95.0,0.0,100.0,5.0,100,0,88.0,748697012.0,81,17085,100.0,0.0,100,5,100.0,0.0,100.0,0.0,100.0,0.0,100.0,0.0,100.0,0.0,67.0,33.0,100.0,0.0,100.0,0.0,96.0,8805.0,33.0,33.0,100.0,0.0,100.0,0.0,200,0,100.0,17022.0,100.0,36222815848.0,100.0,72951972563.0
2018-01-22,Z305D61K,ST4000DM000,4000787030016,0,116.0,114512992.0,95.0,0.0,100.0,5.0,100,0,88.0,749631420.0,81,17109,100.0,0.0,100,5,100.0,0.0,100.0,0.0,100.0,0.0,100.0,0.0,100.0,0.0,67.0,33.0,100.0,0.0,100.0,0.0,96.0,8805.0,33.0,33.0,100.0,0.0,100.0,0.0,200,0,100.0,17046.0,100.0,36243049304.0,100.0,73068375755.0
2018-01-23,Z305D61K,ST4000DM000,4000787030016,0,102.0,4222576.0,95.0,0.0,100.0,5.0,100,0,88.0,750120761.0,81,17121,100.0,0.0,100,5,100.0,0.0,100.0,0.0,100.0,0.0,100.0,0.0,100.0,0.0,67.0,33.0,100.0,0.0,100.0,0.0,96.0,8805.0,33.0,33.0,100.0,0.0,100.0,0.0,200,0,100.0,17058.0,100.0,36246729368.0,100.0,73137436173.0
2018-01-24,Z305D61K,ST4000DM000,4000787030016,0,118.0,194424856.0,95.0,0.0,100.0,5.0,100,0,88.0,752520442.0,81,17165,100.0,0.0,100,5,100.0,0.0,100.0,0.0,100.0,0.0,100.0,0.0,100.0,0.0,67.0,33.0,100.0,0.0,100.0,0.0,96.0,8805.0,33.0,33.0,100.0,0.0,100.0,0.0,200,0,100.0,17102.0,100.0,36273988256.0,100.0,73366729997.0
2018-01-25,Z305D61K,ST4000DM000,4000787030016,0,114.0,67292592.0,95.0,0.0,100.0,5.0,100,0,88.0,753868140.0,81,17181,100.0,0.0,100,5,100.0,0.0,100.0,0.0,100.0,0.0,100.0,0.0,100.0,0.0,67.0,33.0,100.0,0.0,100.0,0.0,96.0,8805.0,33.0,33.0,100.0,0.0,100.0,0.0,200,0,100.0,17118.0,100.0,36283303760.0,100.0,73473476607.0
2018-01-26,Z305D61K,ST4000DM000,4000787030016,0,112.0,43933248.0,95.0,0.0,100.0,5.0,100,0,88.0,754186598.0,81,17193,100.0,0.0,100,5,100.0,0.0,100.0,0.0,100.0,0.0,100.0,0.0,100.0,0.0,67.0,33.0,100.0,0.0,100.0,0.0,96.0,8808.0,33.0,33.0,100.0,0.0,100.0,0.0,200,0,100.0,17130.0,100.0,36285379352.0,100.0,73527985204.0
2018-01-27,Z305D61K,ST4000DM000,4000787030016,0,116.0,105696944.0,95.0,0.0,100.0,5.0,100,0,88.0,755075003.0,81,17229,100.0,0.0,100,5,100.0,0.0,100.0,0.0,100.0,0.0,100.0,0.0,100.0,0.0,67.0,33.0,100.0,0.0,100.0,0.0,96.0,8808.0,33.0,33.0,100.0,0.0,100.0,0.0,200,0,100.0,17166.0,100.0,36289453624.0,100.0,73645369576.0
2018-01-28,Z305D61K,ST4000DM000,4000787030016,0,117.0,164691024.0,95.0,0.0,100.0,5.0,100,0,88.0,756171123.0,81,17254,100.0,0.0,100,5,100.0,0.0,100.0,0.0,100.0,0.0,100.0,0.0,100.0,0.0,67.0,33.0,100.0,0.0,100.0,0.0,96.0,8808.0,33.0,33.0,100.0,0.0,100.0,0.0,200,0,100.0,17191.0,100.0,36296280680.0,100.0,73728438254.0
2018-01-29,Z305D61K,ST4000DM000,4000787030016,0,112.0,43376552.0,95.0,0.0,100.0,5.0,100,0,88.0,756979076.0,81,17278,100.0,0.0,100,5,100.0,0.0,100.0,0.0,100.0,0.0,100.0,0.0,100.0,0.0,68.0,32.0,100.0,0.0,100.0,0.0,96.0,8808.0,32.0,32.0,100.0,0.0,100.0,0.0,200,0,100.0,17214.0,100.0,36300502904.0,100.0,73830637709.0
2018-01-30,Z305D61K,ST4000DM000,4000787030016,0,114.0,63378008.0,95.0,0.0,100.0,5.0,100,0,88.0,758016563.0,81,17310,100.0,0.0,100,5,100.0,0.0,100.0,0.0,100.0,0.0,100.0,0.0,100.0,0.0,68.0,32.0,100.0,0.0,100.0,0.0,96.0,8811.0,32.0,32.0,100.0,0.0,100.0,0.0,200,0,100.0,17246.0,100.0,36309575304.0,100.0,73932947449.0
2018-01-31,Z305D61K,ST4000DM000,4000787030016,0,114.0,76373848.0,95.0,0.0,100.0,5.0,100.0,0.0,88.0,758667887.0,81.0,17334.0,100.0,0.0,100.0,5.0,100.0,0.0,100.0,0.0,100.0,0.0,100.0,0.0,100.0,0.0,67.0,33.0,100.0,0.0,100.0,0.0,96.0,8811.0,33.0,33.0,100.0,0.0,100.0,0.0,200.0,0.0,100.0,17271.0,100.0,36314039576.0,100.0,74027084100.0
2018-02-01,Z305D61K,ST4000DM000,4000787030016,0,115.0,92930992.0,95.0,0.0,100.0,5.0,100,0,88.0,760971023.0,81,17358,100.0,0.0,100,5,100.0,0.0,100.0,0.0,100.0,0.0,100.0,0.0,100.0,0.0,67.0,33.0,100.0,0.0,100.0,0.0,96.0,8811.0,33.0,33.0,100.0,0.0,100.0,0.0,200,0,100.0,17294.0,100.0,36322121400.0,100.0,74170888759.0
2018-02-02,Z305D61K,ST4000DM000,4000787030016,0,118.0,193972240.0,95.0,0.0,100.0,5.0,100,0,88.0,761934187.0,81,17382,100.0,0.0,100,5,100.0,0.0,100.0,0.0,100.0,0.0,100.0,0.0,100.0,0.0,67.0,33.0,100.0,0.0,100.0,0.0,96.0,8811.0,33.0,33.0,100.0,0.0,100.0,0.0,200,0,100.0,17319.0,100.0,36326854016.0,100.0,74308270112.0
2018-02-03,Z305D61K,ST4000DM000,4000787030016,0,116.0,108679816.0,95.0,0.0,100.0,5.0,100,0,88.0,763623254.0,81,17406,100.0,0.0,100,5,100.0,0.0,100.0,0.0,100.0,0.0,100.0,0.0,100.0,0.0,67.0,33.0,100.0,0.0,100.0,0.0,96.0,8812.0,33.0,33.0,100.0,0.0,100.0,0.0,200,0,100.0,17343.0,100.0,36333920624.0,100.0,74455103062.0
2018-02-04,Z305D61K,ST4000DM000,4000787030016,0,119.0,206634128.0,95.0,0.0,100.0,5.0,100,0,88.0,764227315.0,81,17426,100.0,0.0,100,5,100.0,0.0,100.0,0.0,100.0,0.0,100.0,0.0,100.0,0.0,67.0,33.0,100.0,0.0,100.0,0.0,96.0,8812.0,33.0,33.0,100.0,0.0,100.0,0.0,200,0,100.0,17362.0,100.0,36335713480.0,100.0,74517759902.0
2018-02-05,Z305D61K,ST4000DM000,4000787030016,0,117.0,155121592.0,95.0,0.0,100.0,5.0,100,0,88.0,765102825.0,81,17450,100.0,0.0,100,5,100.0,0.0,100.0,0.0,100.0,0.0,100.0,0.0,100.0,0.0,67.0,33.0,100.0,0.0,100.0,0.0,96.0,8812.0,33.0,33.0,100.0,0.0,100.0,0.0,200,0,100.0,17386.0,100.0,36337790560.0,100.0,74601519321.0
2018-02-06,Z305D61K,ST4000DM000,4000787030016,0,120.0,243066600.0,95.0,0.0,100.0,5.0,100,0,88.0,766114254.0,81,17474,100.0,0.0,100,5,100.0,0.0,100.0,0.0,100.0,0.0,100.0,0.0,100.0,0.0,67.0,33.0,100.0,0.0,100.0,0.0,96.0,8812.0,33.0,33.0,100.0,0.0,100.0,0.0,200,0,100.0,17411.0,100.0,36339844816.0,100.0,74742126816.0
2018-02-07,Z305D61K,ST4000DM000,4000787030016,0,112.0,47197336.0,95.0,0.0,100.0,5.0,100,0,88.0,768932743.0,81,17499,100.0,0.0,100,5,100.0,0.0,100.0,0.0,100.0,0.0,100.0,0.0,100.0,0.0,67.0,33.0,100.0,0.0,100.0,0.0,96.0,8812.0,33.0,33.0,100.0,0.0,100.0,0.0,200,0,100.0,17435.0,100.0,36341936656.0,100.0,74901698653.0
2018-02-08,Z305D61K,ST4000DM000,4000787030016,0,117.0,162060024.0,95.0,0.0,100.0,5.0,100,0,88.0,770052912.0,80,17524,100.0,0.0,100,5,100.0,0.0,100.0,0.0,100.0,0.0,100.0,0.0,100.0,0.0,68.0,32.0,100.0,0.0,100.0,0.0,96.0,8815.0,32.0,32.0,100.0,0.0,100.0,0.0,200,0,100.0,17460.0,100.0,36349124464.0,100.0,74995846594.0
2018-02-09,Z305D61K,ST4000DM000,4000787030016,0,117,145673240,95,0,100,5,100,0,88,770494915,80,17547,100,0,100,5,100.0,0.0,100.0,0.0,100.0,0.0,100.0,0.0,100.0,0.0,67.0,33.0,100.0,0.0,100.0,0.0,96.0,8835.0,33,33,100,0,100,0,200,0,100.0,17483.0,100.0,36353442288.0,100.0,75130132691.0
2018-02-10,Z305D61K,ST4000DM000,4000787030016,0,120.0,240023248.0,95.0,0.0,100.0,5.0,100.0,0.0,88.0,771565460.0,80.0,17571.0,100.0,0.0,100.0,5.0,100.0,0.0,100.0,0.0,100.0,0.0,100.0,0.0,100.0,0.0,67.0,33.0,100.0,0.0,100.0,0.0,96.0,8835.0,33.0,33.0,100.0,0.0,100.0,0.0,200.0,0.0,100.0,17508.0,100.0,36361218224.0,100.0,75300093697.0
2018-02-11,Z305D61K,ST4000DM000,4000787030016,0,108,20576112,95,0,100,5,100,0,88,772156398,80,17596,100,0,100,5,100.0,0.0,100.0,0.0,100.0,0.0,100.0,0.0,100.0,0.0,67.0,33.0,100.0,0.0,100.0,0.0,96.0,8835.0,33,33,100,0,100,0,200,0,100.0,17532.0,100.0,36365923184.0,100.0,75486491570.0
2018-02-12,Z305D61K,ST4000DM000,4000787030016,0,114,74462696,95,0,100,5,100,0,88,773416891,80,17619,100,0,100,5,100.0,0.0,100.0,0.0,100.0,0.0,100.0,0.0,100.0,0.0,67.0,33.0,100.0,0.0,100.0,0.0,96.0,8835.0,33,33,100,0,100,0,200,0,100.0,17555.0,100.0,36372511824.0,100.0,75669413831.0
2018-02-13,Z305D61K,ST4000DM000,4000787030016,0,111,40354024,95,0,100,5,100,0,88,773850909,80,17644,100,0,100,5,100.0,0.0,100.0,0.0,100.0,0.0,100.0,0.0,100.0,0.0,67.0,33.0,100.0,0.0,100.0,0.0,96.0,8835.0,33,33,100,0,100,0,200,0,100.0,17580.0,100.0,36375077744.0,100.0,75855736405.0
2018-02-14,Z305D61K,ST4000DM000,4000787030016,0,111,31713144,95,0,100,5,100,0,88,774252176,80,17668,100,0,100,5,100.0,0.0,100.0,0.0,100.0,0.0,100.0,0.0,100.0,0.0,67.0,33.0,100.0,0.0,100.0,0.0,96.0,8835.0,33,33,100,0,100,0,200,0,100.0,17604.0,100.0,36377449456.0,100.0,76013782620.0
2018-02-15,Z305D61K,ST4000DM000,4000787030016,0,114,82781480,95,0,100,5,100,0,88,775345219,80,17692,100,0,100,5,100.0,0.0,100.0,0.0,100.0,0.0,100.0,0.0,100.0,0.0,67.0,33.0,100.0,0.0,100.0,0.0,96.0,8835.0,33,33,100,0,100,0,200,0,100.0,17628.0,100.0,36383049264.0,100.0,76208596382.0
2018-02-16,Z305D61K,ST4000DM000,4000787030016,0,117,155950352,95,0,100,5,100,0,88,775749847,80,17716,100,0,100,5,100.0,0.0,100.0,0.0,100.0,0.0,100.0,0.0,100.0,0.0,66.0,34.0,100.0,0.0,100.0,0.0,96.0,8835.0,34,34,100,0,100,0,200,0,100.0,17652.0,100.0,36385819840.0,100.0,76382581027.0
2018-02-17,Z305D61K,ST4000DM000,4000787030016,0,119,210097656,95,0,100,5,100,0,88,776713072,80,17740,100,0,100,5,100.0,0.0,100.0,0.0,100.0,0.0,100.0,0.0,100.0,0.0,67.0,33.0,100.0,0.0,100.0,0.0,96.0,8835.0,33,33,100,0,100,0,200,0,100.0,17676.0,100.0,36392365432.0,100.0,76546436309.0
2018-02-18,Z305D61K,ST4000DM000,4000787030016,0,116,106106568,95,0,100,5,100,0,88,777349841,80,17764,100,0,100,5,100.0,0.0,100.0,0.0,100.0,0.0,100.0,0.0,100.0,0.0,67.0,33.0,100.0,0.0,100.0,0.0,96.0,8835.0,33,33,100,0,100,0,200,0,100.0,17700.0,100.0,36396627256.0,100.0,76707464433.0
2018-02-19,Z305D61K,ST4000DM000,4000787030016,0,117,146305768,95,0,100,5,100,0,88,778136619,80,17787,100,0,100,5,100.0,0.0,100.0,0.0,100.0,0.0,100.0,0.0,100.0,0.0,67.0,33.0,100.0,0.0,100.0,0.0,96.0,8835.0,33,33,100,0,100,0,200,0,100.0,17724.0,100.0,36401116992.0,100.0,76872986242.0
2018-02-20,Z305D61K,ST4000DM000,4000787030016,0,117,158313608,95,0,100,5,100,0,88,779075176,80,17812,100,0,100,5,100.0,0.0,100.0,0.0,100.0,0.0,100.0,0.0,100.0,0.0,67.0,33.0,100.0,0.0,100.0,0.0,96.0,8835.0,33,33,100,0,100,0,200,0,100.0,17748.0,100.0,36406638728.0,100.0,77056734355.0
2018-02-21,Z305D61K,ST4000DM000,4000787030016,0,117,156040120,95,0,100,5,100,0,88,780195993,80,17836,100,0,100,5,100.0,0.0,100.0,0.0,100.0,0.0,100.0,0.0,100.0,0.0,66.0,34.0,100.0,0.0,100.0,0.0,96.0,8835.0,34,34,100,0,100,0,200,0,100.0,17772.0,100.0,36411154144.0,100.0,77256340153.0
2018-02-22,Z305D61K,ST4000DM000,4000787030016,0,108,18935000,94,0,100,6,100,0,88,781811315,80,17859,100,0,100,6,100.0,0.0,100.0,0.0,100.0,0.0,100.0,0.0,100.0,0.0,67.0,33.0,100.0,0.0,100.0,0.0,96.0,8850.0,33,33,100,0,100,0,200,0,100.0,17795.0,100.0,36416752600.0,100.0,77444656024.0
2018-02-23,Z305D61K,ST4000DM000,4000787030016,0,115,97278680,94,0,100,6,100,0,88,782308959,80,17884,100,0,100,6,100.0,0.0,100.0,0.0,100.0,0.0,100.0,0.0,100.0,0.0,66.0,34.0,100.0,0.0,100.0,0.0,96.0,8850.0,34,34,100,0,100,0,200,0,100.0,17820.0,100.0,36420007360.0,100.0,77631671937.0
2018-02-24,Z305D61K,ST4000DM000,4000787030016,0,115,91732400,94,0,100,6,100,0,88,783375728,80,17907,100,0,100,6,100.0,0.0,100.0,0.0,100.0,0.0,100.0,0.0,100.0,0.0,66.0,34.0,100.0,0.0,100.0,0.0,96.0,8851.0,34,34,100,0,100,0,200,0,100.0,17843.0,100.0,36426715216.0,100.0,77800000783.0
2018-02-25,Z305D61K,ST4000DM000,4000787030016,0,116,117044336,94,0,100,6,100,0,88,783931072,80,17931,100,0,100,6,100.0,0.0,100.0,0.0,100.0,0.0,100.0,0.0,100.0,0.0,67.0,33.0,100.0,0.0,100.0,0.0,96.0,8851.0,33,33,100,0,100,0,200,0,100.0,17867.0,100.0,36431498888.0,100.0,77964163035.0
2018-02-26,Z305D61K,ST4000DM000,4000787030016,0,112,47425368,94,0,100,6,100,0,88,785656680,80,17956,100,0,100,6,100.0,0.0,100.0,0.0,100.0,0.0,100.0,0.0,100.0,0.0,67.0,33.0,100.0,0.0,100.0,0.0,96.0,8851.0,33,33,100,0,100,0,200,0,100.0,17892.0,100.0,36440412104.0,100.0,78172383932.0
2018-02-27,Z305D61K,ST4000DM000,4000787030016,0,117,157002344,94,0,100,6,100,0,88,786153354,80,17979,100,0,100,6,100.0,0.0,100.0,0.0,100.0,0.0,100.0,0.0,100.0,0.0,66.0,34.0,100.0,0.0,100.0,0.0,96.0,8851.0,34,34,100,0,100,0,200,0,100.0,17915.0,100.0,36444859544.0,100.0,78334246505.0
2018-02-28,Z305D61K,ST4000DM000,4000787030016,0,117,129864688,94,0,100,6,100,0,88,786594220,80,18002,100,0,100,6,100.0,0.0,100.0,0.0,100.0,0.0,100.0,0.0,100.0,0.0,67.0,33.0,100.0,0.0,100.0,0.0,96.0,8851.0,33,33,100,0,100,0,200,0,100.0,17939.0,100.0,36448019880.0,100.0,78507008694.0
2018-03-01,Z305D61K,ST4000DM000,4000787030016,0,115,87407616,94,0,100,6,100,0,88,787755767,80,18029,100,0,100,6,100.0,0.0,100.0,0.0,100.0,0.0,100.0,0.0,100.0,0.0,67.0,33.0,100.0,0.0,100.0,0.0,96.0,8853.0,33,33,100,0,100,0,200,0,100.0,17965.0,100.0,36454127616.0,100.0,78725192858.0
2018-03-02,Z305D61K,ST4000DM000,4000787030016,0,118,175877328,94,0,100,6,100,0,88,788132899,80,18054,100,0,100,6,100.0,0.0,100.0,0.0,100.0,0.0,100.0,0.0,100.0,0.0,66.0,34.0,100.0,0.0,100.0,0.0,96.0,8853.0,34,34,100,0,100,0,200,0,100.0,17990.0,100.0,36458108112.0,100.0,78893483882.0
2018-03-03,Z305D61K,ST4000DM000,4000787030016,0,116,100778080,94,0,100,6,100,0,88,789324049,80,18077,100,0,100,6,100.0,0.0,100.0,0.0,100.0,0.0,100.0,0.0,100.0,0.0,66.0,34.0,100.0,0.0,100.0,0.0,96.0,8853.0,34,34,100,0,100,0,200,0,100.0,18013.0,100.0,36469465224.0,100.0,79039601152.0
2018-03-04,Z305D61K,ST4000DM000,4000787030016,0,114,81655600,94,0,100,6,100,0,88,790180608,80,18101,100,0,100,6,100.0,0.0,100.0,0.0,100.0,0.0,100.0,0.0,100.0,0.0,66.0,34.0,100.0,0.0,100.0,0.0,96.0,8853.0,34,34,100,0,100,0,200,0,100.0,18037.0,100.0,36485443416.0,100.0,79204651577.0
2018-03-05,Z305D61K,ST4000DM000,4000787030016,0,117,166030640,94,0,100,6,100,0,88,791060032,80,18125,100,0,100,6,100.0,0.0,100.0,0.0,100.0,0.0,100.0,0.0,100.0,0.0,66.0,34.0,100.0,0.0,100.0,0.0,96.0,8853.0,34,34,100,0,100,0,200,0,100.0,18061.0,100.0,36498606480.0,100.0,79373445090.0
2018-03-06,Z305D61K,ST4000DM000,4000787030016,0,115,88477808,94,0,100,6,100,0,88,792408087,80,18151,100,0,100,6,100.0,0.0,100.0,0.0,100.0,0.0,100.0,0.0,100.0,0.0,66.0,34.0,100.0,0.0,100.0,0.0,96.0,8855.0,34,34,100,0,100,0,200,0,100.0,18087.0,100.0,36519515200.0,100.0,79589937014.0
2018-03-07,Z305D61K,ST4000DM000,4000787030016,0,117.0,142472880.0,94.0,0.0,100.0,6.0,100.0,0.0,88.0,793863088.0,80.0,18176.0,100.0,0.0,100.0,6.0,100.0,0.0,100.0,0.0,100.0,0.0,100.0,0.0,100.0,0.0,66.0,34.0,100.0,0.0,100.0,0.0,96.0,8855.0,34.0,34.0,100.0,0.0,100.0,0.0,200.0,0.0,100.0,18112.0,100.0,36538399520.0,100.0,79780060622.0
2018-03-08,Z305D61K,ST4000DM000,4000787030016,0,111,33124856,94,0,100,6,100,0,88,795487189,80,18195,100,0,100,6,100.0,0.0,100.0,0.0,100.0,0.0,100.0,0.0,100.0,0.0,67.0,33.0,100.0,0.0,100.0,0.0,96.0,8858.0,33,33,100,0,100,0,200,0,100.0,18131.0,100.0,36552225552.0,100.0,79950175602.0
2018-03-09,Z305D61K,ST4000DM000,4000787030016,0,109,23365728,94,0,100,6,100,0,88,796708524,80,18220,100,0,100,6,100.0,0.0,100.0,0.0,100.0,0.0,100.0,0.0,100.0,0.0,67.0,33.0,100.0,0.0,100.0,0.0,96.0,8858.0,33,33,100,0,100,0,200,0,100.0,18156.0,100.0,36564130032.0,100.0,80120129484.0
2018-03-10,Z305D61K,ST4000DM000,4000787030016,0,119,206301264,94,0,100,6,100,0,88,798390697,80,18244,100,0,100,6,100.0,0.0,100.0,0.0,100.0,0.0,100.0,0.0,100.0,0.0,66.0,34.0,100.0,0.0,100.0,0.0,96.0,8858.0,34,34,100,0,100,0,200,0,100.0,18180.0,100.0,36578861680.0,100.0,80234940596.0
2018-03-11,Z305D61K,ST4000DM000,4000787030016,0,119,231158272,94,0,100,6,100,0,88,799235941,80,18269,100,0,100,6,100.0,0.0,100.0,0.0,100.0,0.0,100.0,0.0,100.0,0.0,66.0,34.0,100.0,0.0,100.0,0.0,96.0,8858.0,34,34,100,0,100,0,200,0,100.0,18205.0,100.0,36600511208.0,100.0,80368070738.0
2018-03-12,Z305D61K,ST4000DM000,4000787030016,0,113,56506352,94,0,100,6,100,0,88,800199098,80,18293,100,0,100,6,100.0,0.0,100.0,0.0,100.0,0.0,100.0,0.0,100.0,0.0,67.0,33.0,100.0,0.0,100.0,0.0,96.0,8858.0,33,33,100,0,100,0,200,0,100.0,18228.0,100.0,36616795192.0,100.0,80528333485.0
2018-03-13,Z305D61K,ST4000DM000,4000787030016,0,114,82770016,94,0,100,6,100,0,88,801567823,80,18316,100,0,100,6,100.0,0.0,100.0,0.0,100.0,0.0,100.0,0.0,100.0,0.0,67.0,33.0,100.0,0.0,100.0,0.0,96.0,8858.0,33,33,100,0,100,0,200,0,100.0,18252.0,100.0,36664419384.0,100.0,80703318513.0
2018-03-14,Z305D61K,ST4000DM000,4000787030016,0,118,188355000,94,0,100,6,100,0,88,802656316,80,18341,100,0,100,6,100.0,0.0,100.0,0.0,100.0,0.0,100.0,0.0,100.0,0.0,67.0,33.0,100.0,0.0,100.0,0.0,96.0,8858.0,33,33,100,0,100,0,200,0,100.0,18276.0,100.0,36673693872.0,100.0,80892142982.0
2018-03-15,Z305D61K,ST4000DM000,4000787030016,0,117,167629696,94,0,100,6,100,0,88,804462206,80,18365,100,0,100,6,100.0,0.0,100.0,0.0,100.0,0.0,100.0,0.0,100.0,0.0,66.0,34.0,100.0,0.0,100.0,0.0,96.0,8861.0,34,34,100,0,100,0,200,0,100.0,18300.0,100.0,36686356040.0,100.0,81065710167.0
2018-03-16,Z305D61K,ST4000DM000,4000787030016,0,120.0,239482208.0,94.0,0.0,100.0,6.0,100.0,0.0,89.0,805716375.0,80.0,18389.0,100.0,0.0,100.0,6.0,100.0,0.0,100.0,0.0,100.0,0.0,100.0,0.0,100.0,0.0,67.0,33.0,100.0,0.0,100.0,0.0,96.0,8861.0,33.0,33.0,100.0,0.0,100.0,0.0,200.0,0.0,100.0,18325.0,100.0,36697359960.0,100.0,81264671559.0
2018-03-17,Z305D61K,ST4000DM000,4000787030016,0,120,236004752,94,0,100,6,100,0,89,807170599,79,18413,100,0,100,6,100.0,0.0,100.0,0.0,100.0,0.0,100.0,0.0,100.0,0.0,67.0,33.0,100.0,0.0,100.0,0.0,96.0,8861.0,33,33,100,0,100,0,200,0,100.0,18349.0,100.0,36712128448.0,100.0,81381919958.0
2018-03-18,Z305D61K,ST4000DM000,4000787030016,0,120,237465616,94,0,100,6,100,0,89,807882524,79,18436,100,0,100,6,100.0,0.0,100.0,0.0,100.0,0.0,100.0,0.0,100.0,0.0,67.0,33.0,100.0,0.0,100.0,0.0,96.0,8861.0,33,33,100,0,100,0,200,0,100.0,18372.0,100.0,36722586800.0,100.0,81471746235.0
2018-03-19,Z305D61K,ST4000DM000,4000787030016,0,119,217171552,94,0,100,6,100,0,89,808774636,79,18460,100,0,100,6,100.0,0.0,100.0,0.0,100.0,0.0,100.0,0.0,100.0,0.0,67.0,33.0,100.0,0.0,100.0,0.0,96.0,8861.0,33,33,100,0,100,0,200,0,100.0,18396.0,100.0,36733070896.0,100.0,81608040766.0
2018-03-20,Z305D61K,ST4000DM000,4000787030016,0,116,111327808,94,0,100,6,100,0,89,809735831,79,18485,100,0,100,6,100.0,0.0,100.0,0.0,100.0,0.0,100.0,0.0,100.0,0.0,67.0,33.0,100.0,0.0,100.0,0.0,96.0,8861.0,33,33,100,0,100,0,200,0,100.0,18420.0,100.0,36745050072.0,100.0,81769091045.0
2018-03-21,Z305D61K,ST4000DM000,4000787030016,0,108,19035160,94,0,100,6,100,0,89,810355271,79,18508,100,0,100,6,100.0,0.0,100.0,0.0,100.0,0.0,100.0,0.0,100.0,0.0,67.0,33.0,100.0,0.0,100.0,0.0,96.0,8861.0,33,33,100,0,100,0,200,0,100.0,18444.0,100.0,36759775864.0,100.0,81833709997.0
2018-03-22,Z305D61K,ST4000DM000,4000787030016,0,119,218234440,94,0,100,6,100,0,89,813444054,79,18532,100,0,100,6,100.0,0.0,100.0,0.0,100.0,0.0,100.0,0.0,100.0,0.0,67.0,33.0,100.0,0.0,100.0,0.0,96.0,8861.0,33,33,100,0,100,0,200,0,100.0,18468.0,100.0,36782304344.0,100.0,82038546449.0
2018-03-23,Z305D61K,ST4000DM000,4000787030016,0,117,161328376,94,0,100,6,100,0,89,814653878,79,18556,100,0,100,6,100.0,0.0,100.0,0.0,100.0,0.0,100.0,0.0,100.0,0.0,67.0,33.0,100.0,0.0,100.0,0.0,96.0,8861.0,33,33,100,0,100,0,200,0,100.0,18492.0,100.0,36806424672.0,100.0,82199689837.0
2018-03-24,Z305D61K,ST4000DM000,4000787030016,0,108,17753968,94,0,100,6,100,0,89,816209051,79,18581,100,0,100,6,100.0,0.0,100.0,0.0,100.0,0.0,100.0,0.0,100.0,0.0,67.0,33.0,100.0,0.0,100.0,0.0,96.0,8861.0,33,33,100,0,100,0,200,0,100.0,18516.0,100.0,36820299152.0,100.0,82350828183.0
2018-03-25,Z305D61K,ST4000DM000,4000787030016,0,114,82931784,94,0,100,6,100,0,89,817517151,79,18605,100,0,100,6,100.0,0.0,100.0,0.0,100.0,0.0,100.0,0.0,100.0,0.0,67.0,33.0,100.0,0.0,100.0,0.0,96.0,8861.0,33,33,100,0,100,0,200,0,100.0,18541.0,100.0,36835229992.0,100.0,82513770144.0
2018-03-26,Z305D61K,ST4000DM000,4000787030016,0,114,78789552,94,0,100,6,100,0,89,818155536,79,18628,100,0,100,6,100.0,0.0,100.0,0.0,100.0,0.0,100.0,0.0,100.0,0.0,67.0,33.0,100.0,0.0,100.0,0.0,96.0,8861.0,33,33,100,0,100,0,200,0,100.0,18564.0,100.0,36853145576.0,100.0,82588198423.0
2018-03-27,Z305D61K,ST4000DM000,4000787030016,0,112,47936192,94,0,100,6,100,0,89,818995654,79,18652,100,0,100,6,100.0,0.0,100.0,0.0,100.0,0.0,100.0,0.0,100.0,0.0,67.0,33.0,100.0,0.0,100.0,0.0,96.0,8861.0,33,33,100,0,100,0,200,0,100.0,18588.0,100.0,36862356936.0,100.0,82717006724.0
2018-03-28,Z305D61K,ST4000DM000,4000787030016,0,117,148267232,94,0,100,6,100,0,89,820101519,79,18677,100,0,100,6,100.0,0.0,100.0,0.0,100.0,0.0,100.0,0.0,100.0,0.0,67.0,33.0,100.0,0.0,100.0,0.0,96.0,8861.0,33,33,100,0,100,0,200,0,100.0,18612.0,100.0,36873785032.0,100.0,82863824990.0
2018-03-29,Z305D61K,ST4000DM000,4000787030016,0,119,230065528,94,0,100,6,100,0,89,822106880,79,18700,100,0,100,6,100.0,0.0,100.0,0.0,100.0,0.0,100.0,0.0,100.0,0.0,68.0,32.0,100.0,0.0,100.0,0.0,96.0,8863.0,32,32,100,0,100,0,200,0,100.0,18636.0,100.0,36887506576.0,100.0,83037206874.0
2018-03-30,Z305D61K,ST4000DM000,4000787030016,0,120,240116680,94,0,100,6,100,0,89,822759787,79,18724,100,0,100,6,100.0,0.0,100.0,0.0,100.0,0.0,100.0,0.0,100.0,0.0,68.0,32.0,100.0,0.0,100.0,0.0,96.0,8863.0,32,32,100,0,100,0,200,0,100.0,18660.0,100.0,36897409488.0,100.0,83120052454.0
2018-03-31,Z305D61K,ST4000DM000,4000787030016,0,120,241828912,94,0,100,6,100,0,89,824244425,79,18748,100,0,100,6,100.0,0.0,100.0,0.0,100.0,0.0,100.0,0.0,100.0,0.0,67.0,33.0,100.0,0.0,100.0,0.0,96.0,8863.0,33,33,100,0,100,0,200,0,100.0,18684.0,100.0,36911447720.0,100.0,83250752431.0
2018-04-01,Z305D61K,ST4000DM000,4000787030016,0,117,123059208,94,0,100,6,100,0,89,825400562,79,18772,100,0,100,6,100.0,0.0,100.0,0.0,100.0,0.0,100.0,0.0,100.0,0.0,67.0,33.0,100.0,0.0,100.0,0.0,96.0,8863.0,33,33,100,0,100,0,200,0,100.0,18708.0,100.0,36930796632.0,100.0,83385140193.0
2018-04-02,Z305D61K,ST4000DM000,4000787030016,0,113,58332000,94,0,100,6,100,0,89,826178646,79,18796,100,0,100,6,100.0,0.0,100.0,0.0,100.0,0.0,100.0,0.0,100.0,0.0,67.0,33.0,100.0,0.0,100.0,0.0,96.0,8863.0,33,33,100,0,100,0,200,0,100.0,18732.0,100.0,36948699896.0,100.0,83473242771.0
2018-04-03,Z305D61K,ST4000DM000,4000787030016,0,113,53879160,94,0,100,6,100,0,89,827280616,79,18820,100,0,100,6,100.0,0.0,100.0,0.0,100.0,0.0,100.0,0.0,100.0,0.0,67.0,33.0,100.0,0.0,100.0,0.0,96.0,8863.0,33,33,100,0,100,0,200,0,100.0,18756.0,100.0,36967808704.0,100.0,83603581188.0
2018-04-04,Z305D61K,ST4000DM000,4000787030016,0,118,193100648,94,0,100,6,100,0,89,828408026,79,18845,100,0,100,6,100.0,0.0,100.0,0.0,100.0,0.0,100.0,0.0,100.0,0.0,67.0,33.0,100.0,0.0,100.0,0.0,96.0,8863.0,33,33,100,0,100,0,200,0,100.0,18780.0,100.0,37001976840.0,100.0,83723590630.0
2018-04-05,Z305D61K,ST4000DM000,4000787030016,0,119,212820176,94,0,100,6,100,0,89,831159349,79,18868,100,0,100,6,100.0,0.0,100.0,0.0,100.0,0.0,100.0,0.0,100.0,0.0,68.0,32.0,100.0,0.0,100.0,0.0,96.0,8863.0,32,32,100,0,100,0,200,0,100.0,18804.0,100.0,37024568392.0,100.0,83885252759.0
2018-04-06,Z305D61K,ST4000DM000,4000787030016,0,115,95152984,94,0,100,6,100,0,89,832652225,79,18892,100,0,100,6,100.0,0.0,100.0,0.0,100.0,0.0,100.0,0.0,100.0,0.0,68.0,32.0,100.0,0.0,100.0,0.0,96.0,8863.0,32,32,100,0,100,0,200,0,100.0,18828.0,100.0,37045792360.0,100.0,84001660887.0
2018-04-07,Z305D61K,ST4000DM000,4000787030016,0,118.0,195861008.0,94.0,0.0,100.0,6.0,100.0,0.0,89.0,834106873.0,79.0,18916.0,100.0,0.0,100.0,6.0,100.0,0.0,100.0,0.0,100.0,0.0,100.0,0.0,100.0,0.0,68.0,32.0,100.0,0.0,100.0,0.0,96.0,8863.0,32.0,32.0,100.0,0.0,100.0,0.0,200.0,0.0,100.0,18852.0,100.0,37069721600.0,100.0,84089594602.0
2018-04-08,Z305D61K,ST4000DM000,4000787030016,0,119,234497200,94,0,100,6,100,0,89,834817050,79,18941,100,0,100,6,100.0,0.0,100.0,0.0,100.0,0.0,100.0,0.0,100.0,0.0,68.0,32.0,100.0,0.0,100.0,0.0,96.0,8863.0,32,32,100,0,100,0,200,0,100.0,18876.0,100.0,37090380104.0,100.0,84165756321.0
2018-04-09,Z305D61K,ST4000DM000,4000787030016,0,113,51324008,94,0,100,6,100,0,89,835666199,79,18965,100,0,100,6,100.0,0.0,100.0,0.0,100.0,0.0,100.0,0.0,100.0,0.0,68.0,32.0,100.0,0.0,100.0,0.0,96.0,8863.0,32,32,100,0,100,0,200,0,100.0,18900.0,100.0,37119809296.0,100.0,84238637725.0
2018-04-10,Z305D61K,ST4000DM000,4000787030016,0,117,144273224,94,0,100,6,100,0,89,836525258,79,18988,100,0,100,6,100.0,0.0,100.0,0.0,100.0,0.0,100.0,0.0,100.0,0.0,68.0,32.0,100.0,0.0,100.0,0.0,96.0,8863.0,32,32,100,0,100,0,200,0,100.0,18924.0,100.0,37152380336.0,100.0,84310195742.0
2018-04-11,Z305D61K,ST4000DM000,4000787030016,0,108,20550944,94,0,100,6,100,0,89,837275622,79,19012,100,0,100,6,100.0,0.0,100.0,0.0,100.0,0.0,100.0,0.0,100.0,0.0,69.0,31.0,100.0,0.0,100.0,0.0,96.0,8863.0,31,31,100,0,100,0,200,0,100.0,18948.0,100.0,37174916736.0,100.0,84394678860.0
2018-04-12,Z305D61K,ST4000DM000,4000787030016,0,117,147040272,94,0,100,6,100,0,89,838947112,79,19036,100,0,100,6,100.0,0.0,100.0,0.0,100.0,0.0,100.0,0.0,100.0,0.0,68.0,32.0,100.0,0.0,100.0,0.0,96.0,8866.0,32,32,100,0,100,0,200,0,100.0,18971.0,100.0,37192541696.0,100.0,84539865349.0
2018-04-13,Z305D61K,ST4000DM000,4000787030016,0,118,187257408,94,0,100,6,100,0,89,839953453,79,19060,100,0,100,6,100.0,0.0,100.0,0.0,100.0,0.0,100.0,0.0,100.0,0.0,69.0,31.0,100.0,0.0,100.0,0.0,96.0,8866.0,31,31,100,0,100,0,200,0,100.0,18995.0,100.0,37207278128.0,100.0,84656114876.0
2018-04-14,Z305D61K,ST4000DM000,4000787030016,0,110,29188504,94,0,100,6,100,0,89,841498119,79,19084,100,0,100,6,100.0,0.0,100.0,0.0,100.0,0.0,100.0,0.0,100.0,0.0,68.0,32.0,100.0,0.0,100.0,0.0,96.0,8866.0,32,32,100,0,100,0,200,0,100.0,19019.0,100.0,37225775456.0,100.0,84748487495.0
2018-04-15,Z305D61K,ST4000DM000,4000787030016,0,111,40451880,94,0,100,6,100,0,89,842463577,79,19108,100,0,100,6,100.0,0.0,100.0,0.0,100.0,0.0,100.0,0.0,100.0,0.0,68.0,32.0,100.0,0.0,100.0,0.0,96.0,8866.0,32,32,100,0,100,0,200,0,100.0,19044.0,100.0,37240064080.0,100.0,84851797107.0
2018-04-16,Z305D61K,ST4000DM000,4000787030016,0,111,40001576,94,0,100,6,100,0,89,844624865,79,19132,100,0,100,6,100.0,0.0,100.0,0.0,100.0,0.0,100.0,0.0,100.0,0.0,68.0,32.0,100.0,0.0,100.0,0.0,96.0,8866.0,32,32,100,0,100,0,200,0,100.0,19068.0,100.0,37263010192.0,100.0,85005589171.0
2018-04-17,Z305D61K,ST4000DM000,4000787030016,0,117,133447288,94,0,100,6,100,0,89,845976679,79,19156,100,0,100,6,100.0,0.0,100.0,0.0,100.0,0.0,100.0,0.0,100.0,0.0,68.0,32.0,100.0,0.0,100.0,0.0,96.0,8866.0,32,32,100,0,100,0,200,0,100.0,19092.0,100.0,37282766600.0,100.0,85105677374.0
2018-04-18,Z305D61K,ST4000DM000,4000787030016,0,112,47036120,94,0,100,6,100,0,89,846695173,79,19180,100,0,100,6,100.0,0.0,100.0,0.0,100.0,0.0,100.0,0.0,100.0,0.0,69.0,31.0,100.0,0.0,100.0,0.0,96.0,8866.0,31,31,100,0,100,0,200,0,100.0,19115.0,100.0,37302699712.0,100.0,85199437405.0
2018-04-19,Z305D61K,ST4000DM000,4000787030016,0,111,32503040,94,0,100,6,100,0,89,848259493,79,19204,100,0,100,6,100.0,0.0,100.0,0.0,100.0,0.0,100.0,0.0,100.0,0.0,68.0,32.0,100.0,0.0,100.0,0.0,96.0,8866.0,32,32,100,0,100,0,200,0,100.0,19140.0,100.0,37322842896.0,100.0,85362387459.0
2018-04-20,Z305D61K,ST4000DM000,4000787030016,0,114,66247264,94,0,100,6,100,0,89,850299823,79,19229,100,0,100,6,100.0,0.0,100.0,0.0,100.0,0.0,100.0,0.0,100.0,0.0,69.0,31.0,100.0,0.0,100.0,0.0,96.0,8866.0,31,31,100,0,100,0,200,0,100.0,19164.0,100.0,37344054872.0,100.0,85544570881.0
2018-04-21,Z305D61K,ST4000DM000,4000787030016,0,119,224198008,94,0,100,6,100,0,89,851802714,79,19252,100,0,100,6,100.0,0.0,100.0,0.0,100.0,0.0,100.0,0.0,100.0,0.0,68.0,32.0,100.0,0.0,100.0,0.0,96.0,8866.0,32,32,100,0,100,0,200,0,100.0,19188.0,100.0,37374743608.0,100.0,85677442529.0
2018-04-22,Z305D61K,ST4000DM000,4000787030016,0,119,231266136,94,0,100,6,100,0,89,852407373,78,19276,100,0,100,6,100.0,0.0,100.0,0.0,100.0,0.0,100.0,0.0,100.0,0.0,68.0,32.0,100.0,0.0,100.0,0.0,96.0,8866.0,32,32,100,0,100,0,200,0,100.0,19211.0,100.0,37390393176.0,100.0,85848040176.0
2018-04-23,Z305D61K,ST4000DM000,4000787030016,0,117,149010800,94,0,100,6,100,0,89,852973819,78,19299,100,0,100,6,100.0,0.0,100.0,0.0,100.0,0.0,100.0,0.0,100.0,0.0,68.0,32.0,100.0,0.0,100.0,0.0,96.0,8866.0,32,32,100,0,100,0,200,0,100.0,19235.0,100.0,37406516768.0,100.0,86026345453.0
2018-04-24,Z305D61K,ST4000DM000,4000787030016,0,119,210837816,94,0,100,6,100,0,89,853942005,78,19324,100,0,100,6,100.0,0.0,100.0,0.0,100.0,0.0,100.0,0.0,100.0,0.0,69.0,31.0,100.0,0.0,100.0,0.0,96.0,8866.0,31,31,100,0,100,0,200,0,100.0,19259.0,100.0,37444092840.0,100.0,86195439094.0
2018-04-25,Z305D61K,ST4000DM000,4000787030016,0,115,84157144,94,0,100,6,100,0,89,854603285,78,19348,100,0,100,6,100.0,0.0,100.0,0.0,100.0,0.0,100.0,0.0,100.0,0.0,68.0,32.0,100.0,0.0,100.0,0.0,96.0,8866.0,32,32,100,0,100,0,200,0,100.0,19284.0,100.0,37462007384.0,100.0,86388297156.0
2018-04-26,Z305D61K,ST4000DM000,4000787030016,0,113,54443888,94,0,100,6,100,0,89,855973403,78,19374,100,0,100,6,100.0,0.0,100.0,0.0,100.0,0.0,100.0,0.0,100.0,0.0,68.0,32.0,100.0,0.0,100.0,0.0,96.0,8869.0,32,32,100,0,100,0,200,0,100.0,19309.0,100.0,37483790920.0,100.0,86552679106.0
2018-04-27,Z305D61K,ST4000DM000,4000787030016,0,116,101242152,94,0,100,6,100,0,89,856531191,78,19399,100,0,100,6,100.0,0.0,100.0,0.0,100.0,0.0,100.0,0.0,100.0,0.0,69.0,31.0,100.0,0.0,100.0,0.0,96.0,8869.0,31,31,100,0,100,0,200,0,100.0,19334.0,100.0,37508006096.0,100.0,86625382761.0
2018-04-28,Z305D61K,ST4000DM000,4000787030016,0,118,188273168,94,0,100,6,100,0,89,857763130,78,19423,100,0,100,6,100.0,0.0,100.0,0.0,100.0,0.0,100.0,0.0,100.0,0.0,68.0,32.0,100.0,0.0,100.0,0.0,96.0,8869.0,32,32,100,0,100,0,200,0,100.0,19358.0,100.0,37528351408.0,100.0,86792617424.0
2018-04-29,Z305D61K,ST4000DM000,4000787030016,0,117,136114896,94,0,100,6,100,0,89,858376466,78,19447,100,0,100,6,100.0,0.0,100.0,0.0,100.0,0.0,100.0,0.0,100.0,0.0,69.0,31.0,100.0,0.0,100.0,0.0,96.0,8869.0,31,31,100,0,100,0,200,0,100.0,19382.0,100.0,37543714328.0,100.0,86976637597.0
2018-04-30,Z305D61K,ST4000DM000,4000787030016,0,118,170899032,94,0,100,6,100,0,89,858908368,78,19471,100,0,100,6,100.0,0.0,100.0,0.0,100.0,0.0,100.0,0.0,100.0,0.0,69.0,31.0,100.0,0.0,100.0,0.0,96.0,8869.0,31,31,100,0,100,0,200,0,100.0,19406.0,100.0,37553317120.0,100.0,87148716750.0
2018-05-01,Z305D61K,ST4000DM000,4000787030016,0,114,74974128,94,0,100,6,100,0,89,859784578,78,19494,100,0,100,6,100.0,0.0,100.0,0.0,100.0,0.0,100.0,0.0,100.0,0.0,68.0,32.0,100.0,0.0,100.0,0.0,96.0,8869.0,32,32,100,0,100,0,200,0,100.0,19430.0,100.0,37569782264.0,100.0,87304719736.0
2018-05-02,Z305D61K,ST4000DM000,4000787030016,0,114.0,66098600.0,94.0,0.0,100.0,6.0,100.0,0.0,89.0,860747049.0,78.0,19518.0,100.0,0.0,100.0,6.0,100.0,0.0,100.0,0.0,100.0,0.0,100.0,0.0,100.0,0.0,69.0,31.0,100.0,0.0,100.0,0.0,96.0,8869.0,31.0,31.0,100.0,0.0,100.0,0.0,200.0,0.0,100.0,19454.0,100.0,37582982080.0,100.0,87486364218.0
2018-05-03,Z305D61K,ST4000DM000,4000787030016,0,114,74970920,94,0,100,6,100,0,89,862347061,78,19541,100,0,100,6,100.0,0.0,100.0,0.0,100.0,0.0,100.0,0.0,100.0,0.0,69.0,31.0,100.0,0.0,100.0,0.0,96.0,8873.0,31,31,100,0,100,0,200,0,100.0,19476.0,100.0,37607405496.0,100.0,87654080441.0
2018-05-04,Z305D61K,ST4000DM000,4000787030016,0,109,24018920,94,0,100,6,100,0,89,864058324,78,19564,100,0,100,6,100.0,0.0,100.0,0.0,100.0,0.0,100.0,0.0,100.0,0.0,69.0,31.0,100.0,0.0,100.0,0.0,96.0,8873.0,31,31,100,0,100,0,200,0,100.0,19499.0,100.0,37628197920.0,100.0,87818270559.0
2018-05-05,Z305D61K,ST4000DM000,4000787030016,0,116,112788992,94,0,100,6,100,0,89,866134835,78,19588,100,0,100,6,100.0,0.0,100.0,0.0,100.0,0.0,100.0,0.0,100.0,0.0,68.0,32.0,100.0,0.0,100.0,0.0,96.0,8873.0,32,32,100,0,100,0,200,0,100.0,19524.0,100.0,37645031664.0,100.0,87980215909.0
2018-05-06,Z305D61K,ST4000DM000,4000787030016,0,113,56921952,94,0,100,6,100,0,89,867630616,78,19613,100,0,100,6,100.0,0.0,100.0,0.0,100.0,0.0,100.0,0.0,100.0,0.0,68.0,32.0,100.0,0.0,100.0,0.0,96.0,8873.0,32,32,100,0,100,0,200,0,100.0,19548.0,100.0,37668100568.0,100.0,88166492586.0
2018-05-07,Z305D61K,ST4000DM000,4000787030016,0,116,106064552,94,0,100,6,100,0,89,869031216,78,19636,100,0,100,6,100.0,0.0,100.0,0.0,100.0,0.0,100.0,0.0,100.0,0.0,68.0,32.0,100.0,0.0,100.0,0.0,96.0,8873.0,32,32,100,0,100,0,200,0,100.0,19571.0,100.0,37690131344.0,100.0,88344825590.0
2018-05-08,Z305D61K,ST4000DM000,4000787030016,0,119,220082448,94,0,100,6,100,0,89,869843763,78,19660,100,0,100,6,100.0,0.0,100.0,0.0,100.0,0.0,100.0,0.0,100.0,0.0,68.0,32.0,100.0,0.0,100.0,0.0,96.0,8873.0,32,32,100,0,100,0,200,0,100.0,19595.0,100.0,37716803656.0,100.0,88465890689.0
2018-05-09,Z305D61K,ST4000DM000,4000787030016,0,118,187536216,94,0,100,6,100,0,89,870922032,78,19684,100,0,100,6,100.0,0.0,100.0,0.0,100.0,0.0,100.0,0.0,100.0,0.0,68.0,32.0,100.0,0.0,100.0,0.0,96.0,8873.0,32,32,100,0,100,0,200,0,100.0,19619.0,100.0,37760508008.0,100.0,88601790570.0
2018-05-10,Z305D61K,ST4000DM000,4000787030016,0,118,181287000,94,0,100,6,100,0,89,872713006,78,19709,100,0,100,6,100.0,0.0,100.0,0.0,100.0,0.0,100.0,0.0,100.0,0.0,68.0,32.0,100.0,0.0,100.0,0.0,96.0,8877.0,32,32,100,0,100,0,200,0,100.0,19644.0,100.0,37785143824.0,100.0,88783987342.0
2018-05-11,Z305D61K,ST4000DM000,4000787030016,0,116,117204008,94,0,100,6,100,0,89,873640957,78,19732,100,0,100,6,100.0,0.0,100.0,0.0,100.0,0.0,100.0,0.0,100.0,0.0,68.0,32.0,100.0,0.0,100.0,0.0,96.0,8877.0,32,32,100,0,100,0,200,0,100.0,19667.0,100.0,37804165632.0,100.0,88936093751.0
2018-05-12,Z305D61K,ST4000DM000,4000787030016,0,111,35097288,94,0,100,6,100,0,89,875280687,78,19756,100,0,100,6,100.0,0.0,100.0,0.0,100.0,0.0,100.0,0.0,100.0,0.0,68.0,32.0,100.0,0.0,100.0,0.0,96.0,8877.0,32,32,100,0,100,0,200,0,100.0,19691.0,100.0,37824843248.0,100.0,89082990187.0
2018-05-13,Z305D61K,ST4000DM000,4000787030016,0,119,205009376,94,0,100,6,100,0,89,876339274,78,19781,100,0,100,6,100.0,0.0,100.0,0.0,100.0,0.0,100.0,0.0,100.0,0.0,68.0,32.0,100.0,0.0,100.0,0.0,96.0,8877.0,32,32,100,0,100,0,200,0,100.0,19716.0,100.0,37844402192.0,100.0,89231960504.0
2018-05-14,Z305D61K,ST4000DM000,4000787030016,0,109,22163880,94,0,100,6,100,0,89,877854931,78,19804,100,0,100,6,100.0,0.0,100.0,0.0,100.0,0.0,100.0,0.0,100.0,0.0,68.0,32.0,100.0,0.0,100.0,0.0,96.0,8877.0,32,32,100,0,100,0,200,0,100.0,19739.0,100.0,37866390272.0,100.0,89430621421.0
2018-05-15,Z305D61K,ST4000DM000,4000787030016,0,117.0,151516208.0,94.0,0.0,100.0,6.0,100.0,0.0,89.0,878853611.0,78.0,19828.0,100.0,0.0,100.0,6.0,100.0,0.0,100.0,0.0,100.0,0.0,100.0,0.0,100.0,0.0,68.0,32.0,100.0,0.0,100.0,0.0,96.0,8877.0,32.0,32.0,100.0,0.0,100.0,0.0,200.0,0.0,100.0,19763.0,100.0,37887701984.0,100.0,89566895383.0
2018-05-16,Z305D61K,ST4000DM000,4000787030016,0,117,156119968,94,0,100,6,100,0,89,879695903,78,19852,100,0,100,6,100.0,0.0,100.0,0.0,100.0,0.0,100.0,0.0,100.0,0.0,68.0,32.0,100.0,0.0,100.0,0.0,96.0,8877.0,32,32,100,0,100,0,200,0,100.0,19787.0,100.0,37912323312.0,100.0,89653205731.0
2018-05-17,Z305D61K,ST4000DM000,4000787030016,0,120,235307224,94,0,100,6,100,0,89,881350655,78,19877,100,0,100,6,100.0,0.0,100.0,0.0,100.0,0.0,100.0,0.0,100.0,0.0,67.0,33.0,100.0,0.0,100.0,0.0,96.0,8878.0,33,33,100,0,100,0,200,0,100.0,19812.0,100.0,37942376040.0,100.0,89814113338.0
2018-05-18,Z305D61K,ST4000DM000,4000787030016,0,116,112627912,94,0,100,6,100,0,89,882155365,78,19900,100,0,100,6,100.0,0.0,100.0,0.0,100.0,0.0,100.0,0.0,100.0,0.0,67.0,33.0,100.0,0.0,100.0,0.0,96.0,8878.0,33,33,100,0,100,0,200,0,100.0,19835.0,100.0,37954289584.0,100.0,89935283707.0
2018-05-19,Z305D61K,ST4000DM000,4000787030016,0,111,33506776,94,0,100,6,100,0,89,884312258,78,19924,100,0,100,6,100.0,0.0,100.0,0.0,100.0,0.0,100.0,0.0,100.0,0.0,67.0,33.0,100.0,0.0,100.0,0.0,96.0,8878.0,33,33,100,0,100,0,200,0,100.0,19859.0,100.0,37973559912.0,100.0,90081435640.0
2018-05-20,Z305D61K,ST4000DM000,4000787030016,0,112,47981464,94,0,100,6,100,0,89,885405979,78,19948,100,0,100,6,100.0,0.0,100.0,0.0,100.0,0.0,100.0,0.0,100.0,0.0,68.0,32.0,100.0,0.0,100.0,0.0,96.0,8878.0,32,32,100,0,100,0,200,0,100.0,19883.0,100.0,37995294824.0,100.0,90151422414.0
2018-05-21,Z305D61K,ST4000DM000,4000787030016,0,117,164872944,94,0,100,6,100,0,89,886520033,78,19972,100,0,100,6,100.0,0.0,100.0,0.0,100.0,0.0,100.0,0.0,100.0,0.0,68.0,32.0,100.0,0.0,100.0,0.0,96.0,8878.0,32,32,100,0,100,0,200,0,100.0,19907.0,100.0,38008650936.0,100.0,90318713681.0
2018-05-22,Z305D61K,ST4000DM000,4000787030016,0,119,231744248,94,0,100,6,100,0,89,887625184,78,19996,100,0,100,6,100.0,0.0,100.0,0.0,100.0,0.0,100.0,0.0,100.0,0.0,68.0,32.0,100.0,0.0,100.0,0.0,96.0,8878.0,32,32,100,0,100,0,200,0,100.0,19931.0,100.0,38022145640.0,100.0,90476257563.0
2018-05-23,Z305D61K,ST4000DM000,4000787030016,0,114,76286848,94,0,100,6,100,0,89,888745782,78,20020,100,0,100,6,100.0,0.0,100.0,0.0,100.0,0.0,100.0,0.0,100.0,0.0,68.0,32.0,100.0,0.0,100.0,0.0,96.0,8878.0,32,32,100,0,100,0,200,0,100.0,19955.0,100.0,38036775752.0,100.0,90630524280.0
2018-05-24,Z305D61K,ST4000DM000,4000787030016,0,114,68892352,94,0,100,6,100,0,89,890604078,78,20044,100,0,100,6,100.0,0.0,100.0,0.0,100.0,0.0,100.0,0.0,100.0,0.0,68.0,32.0,100.0,0.0,100.0,0.0,96.0,8878.0,32,32,100,0,100,0,200,0,100.0,19979.0,100.0,38057085096.0,100.0,90776916813.0
2018-05-25,Z305D61K,ST4000DM000,4000787030016,0,120,236149520,94,0,100,6,100,0,89,891219149,78,20068,100,0,100,6,100.0,0.0,100.0,0.0,100.0,0.0,100.0,0.0,100.0,0.0,68.0,32.0,100.0,0.0,100.0,0.0,96.0,8883.0,32,32,100,0,100,0,200,0,100.0,20003.0,100.0,38072662232.0,100.0,90855428762.0
2018-05-26,Z305D61K,ST4000DM000,4000787030016,0,114,66821904,94,0,100,6,100,0,89,892687949,78,20093,100,0,100,6,100.0,0.0,100.0,0.0,100.0,0.0,100.0,0.0,100.0,0.0,68.0,32.0,100.0,0.0,100.0,0.0,96.0,8883.0,32,32,100,0,100,0,200,0,100.0,20028.0,100.0,38094771536.0,100.0,90976784411.0
2018-05-27,Z305D61K,ST4000DM000,4000787030016,0,105,10414360,94,0,100,6,100,0,89,893907449,78,20117,100,0,100,6,100.0,0.0,100.0,0.0,100.0,0.0,100.0,0.0,100.0,0.0,68.0,32.0,100.0,0.0,100.0,0.0,96.0,8883.0,32,32,100,0,100,0,200,0,100.0,20052.0,100.0,38116636160.0,100.0,91128413617.0
2018-05-28,Z305D61K,ST4000DM000,4000787030016,0,118,175947536,94,0,100,6,100,0,89,895388554,78,20141,100,0,100,6,100.0,0.0,100.0,0.0,100.0,0.0,100.0,0.0,100.0,0.0,68.0,32.0,100.0,0.0,100.0,0.0,96.0,8883.0,32,32,100,0,100,0,200,0,100.0,20076.0,100.0,38138199120.0,100.0,91289866757.0
2018-05-29,Z305D61K,ST4000DM000,4000787030016,0,116,116177016,94,0,100,6,100,0,89,896389364,77,20165,100,0,100,6,100.0,0.0,100.0,0.0,100.0,0.0,100.0,0.0,100.0,0.0,68.0,32.0,100.0,0.0,100.0,0.0,96.0,8883.0,32,32,100,0,100,0,200,0,100.0,20100.0,100.0,38153740200.0,100.0,91374631023.0
2018-05-30,Z305D61K,ST4000DM000,4000787030016,0,118,180234984,94,0,100,6,100,0,89,897338152,77,20189,100,0,100,6,100.0,0.0,100.0,0.0,100.0,0.0,100.0,0.0,100.0,0.0,68.0,32.0,100.0,0.0,100.0,0.0,96.0,8883.0,32,32,100,0,100,0,200,0,100.0,20124.0,100.0,38174352840.0,100.0,91492348159.0
2018-05-31,Z305D61K,ST4000DM000,4000787030016,0,118,188423560,94,0,100,6,100,0,89,899015263,77,20214,100,0,100,6,100.0,0.0,100.0,0.0,100.0,0.0,100.0,0.0,100.0,0.0,68.0,32.0,100.0,0.0,100.0,0.0,96.0,8886.0,32,32,100,0,100,0,200,0,100.0,20149.0,100.0,38206299536.0,100.0,91619316597.0
2018-06-01,Z305D61K,ST4000DM000,4000787030016,0,117,119806952,94,0,100,6,100,0,89,899888182,77,20238,100,0,100,6,100.0,0.0,100.0,0.0,100.0,0.0,100.0,0.0,100.0,0.0,68.0,32.0,100.0,0.0,100.0,0.0,96.0,8886.0,32,32,100,0,100,0,200,0,100.0,20173.0,100.0,38225543136.0,100.0,91724836728.0
2018-06-02,Z305D61K,ST4000DM000,4000787030016,0,115,89098088,94,0,100,6,100,0,89,901796472,77,20262,100,0,100,6,100.0,0.0,100.0,0.0,100.0,0.0,100.0,0.0,100.0,0.0,68.0,32.0,100.0,0.0,100.0,0.0,96.0,8886.0,32,32,100,0,100,0,200,0,100.0,20197.0,100.0,38250261872.0,100.0,91794916074.0
2018-06-03,Z305D61K,ST4000DM000,4000787030016,0,114,63501856,94,0,100,6,100,0,89,902952585,77,20287,100,0,100,6,100.0,0.0,100.0,0.0,100.0,0.0,100.0,0.0,100.0,0.0,68.0,32.0,100.0,0.0,100.0,0.0,96.0,8886.0,32,32,100,0,100,0,200,0,100.0,20221.0,100.0,38264803624.0,100.0,91951832154.0
2018-06-04,Z305D61K,ST4000DM000,4000787030016,0,115,84674480,94,0,100,6,100,0,89,903754736,77,20310,100,0,100,6,100.0,0.0,100.0,0.0,100.0,0.0,100.0,0.0,100.0,0.0,68.0,32.0,100.0,0.0,100.0,0.0,96.0,8886.0,32,32,100,0,100,0,200,0,100.0,20245.0,100.0,38283007568.0,100.0,92048203268.0
2018-06-05,Z305D61K,ST4000DM000,4000787030016,0,108,19414080,94,0,100,6,100,0,89,905019785,77,20335,100,0,100,6,100.0,0.0,100.0,0.0,100.0,0.0,100.0,0.0,100.0,0.0,68.0,32.0,100.0,0.0,100.0,0.0,96.0,8886.0,32,32,100,0,100,0,200,0,100.0,20269.0,100.0,38301323344.0,100.0,92170176758.0
2018-06-06,Z305D61K,ST4000DM000,4000787030016,0,118,192527504,94,0,100,6,100,0,89,906249078,77,20359,100,0,100,6,100.0,0.0,100.0,0.0,100.0,0.0,100.0,0.0,100.0,0.0,68.0,32.0,100.0,0.0,100.0,0.0,96.0,8886.0,32,32,100,0,100,0,200,0,100.0,20293.0,100.0,38329185400.0,100.0,92296396197.0
2018-06-07,Z305D61K,ST4000DM000,4000787030016,0,117,147230736,94,0,100,6,100,0,89,907604838,77,20383,100,0,100,6,100.0,0.0,100.0,0.0,100.0,0.0,100.0,0.0,100.0,0.0,68.0,32.0,100.0,0.0,100.0,0.0,96.0,8886.0,32,32,100,0,100,0,200,0,100.0,20317.0,100.0,38358033592.0,100.0,92359917746.0
2018-06-08,Z305D61K,ST4000DM000,4000787030016,0,117,159306944,94,0,100,6,100,0,89,908445065,77,20405,100,0,100,6,100.0,0.0,100.0,0.0,100.0,0.0,100.0,0.0,100.0,0.0,68.0,32.0,100.0,0.0,100.0,0.0,96.0,8888.0,32,32,100,0,100,0,200,0,100.0,20340.0,100.0,38371273096.0,100.0,92484727325.0
2018-06-09,Z305D61K,ST4000DM000,4000787030016,0,115,89366320,94,0,100,6,100,0,89,909773962,77,20429,100,0,100,6,100.0,0.0,100.0,0.0,100.0,0.0,100.0,0.0,100.0,0.0,69.0,31.0,100.0,0.0,100.0,0.0,96.0,8888.0,31,31,100,0,100,0,200,0,100.0,20364.0,100.0,38389224288.0,100.0,92571744651.0
2018-06-10,Z305D61K,ST4000DM000,4000787030016,0,120,238694104,94,0,100,6,100,0,89,911244337,77,20453,100,0,100,6,100.0,0.0,100.0,0.0,100.0,0.0,100.0,0.0,100.0,0.0,69.0,31.0,100.0,0.0,100.0,0.0,96.0,8888.0,31,31,100,0,100,0,200,0,100.0,20388.0,100.0,38400173424.0,100.0,92632932392.0
2018-06-11,Z305D61K,ST4000DM000,4000787030016,0,116,108288568,94,0,100,6,100,0,89,911968706,77,20477,100,0,100,6,100.0,0.0,100.0,0.0,100.0,0.0,100.0,0.0,100.0,0.0,69.0,31.0,100.0,0.0,100.0,0.0,96.0,8888.0,31,31,100,0,100,0,200,0,100.0,20412.0,100.0,38415323864.0,100.0,92714329366.0
2018-06-12,Z305D61K,ST4000DM000,4000787030016,0,120,240552400,94,0,100,6,100,0,89,912848461,77,20501,100,0,100,6,100.0,0.0,100.0,0.0,100.0,0.0,100.0,0.0,100.0,0.0,68.0,32.0,100.0,0.0,100.0,0.0,96.0,8888.0,32,32,100,0,100,0,200,0,100.0,20436.0,100.0,38435490392.0,100.0,92817056942.0
2018-06-13,Z305D61K,ST4000DM000,4000787030016,0,112,46194864,94,0,100,6,100,0,89,914040413,77,20526,100,0,100,6,100.0,0.0,100.0,0.0,100.0,0.0,100.0,0.0,100.0,0.0,69.0,31.0,100.0,0.0,100.0,0.0,96.0,8888.0,31,31,100,0,100,0,200,0,100.0,20460.0,100.0,38457007280.0,100.0,92949054223.0
2018-06-14,Z305D61K,ST4000DM000,4000787030016,0,116,103858928,94,0,100,6,100,0,89,915701982,77,20550,100,0,100,6,100.0,0.0,100.0,0.0,100.0,0.0,100.0,0.0,100.0,0.0,67.0,33.0,100.0,0.0,100.0,0.0,96.0,8892.0,33,33,100,0,100,0,200,0,100.0,20484.0,100.0,38490424936.0,100.0,93055994554.0
2018-06-15,Z305D61K,ST4000DM000,4000787030016,0,118.0,183544760.0,94.0,0.0,100.0,6.0,100.0,0.0,89.0,916593394.0,77.0,20574.0,100.0,0.0,100.0,6.0,100.0,0.0,100.0,0.0,100.0,0.0,100.0,0.0,100.0,0.0,67.0,33.0,100.0,0.0,100.0,0.0,96.0,8892.0,33.0,33.0,100.0,0.0,100.0,0.0,200.0,0.0,100.0,20508.0,100.0,38504613688.0,100.0,93155704297.0
2018-06-16,Z305D61K,ST4000DM000,4000787030016,0,113.0,58042832.0,94.0,0.0,100.0,6.0,100.0,0.0,89.0,918457547.0,77.0,20598.0,100.0,0.0,100.0,6.0,100.0,0.0,100.0,0.0,100.0,0.0,100.0,0.0,100.0,0.0,67.0,33.0,100.0,0.0,100.0,0.0,96.0,8892.0,33.0,33.0,100.0,0.0,100.0,0.0,200.0,0.0,100.0,20533.0,100.0,38527355984.0,100.0,93286197726.0
2018-06-17,Z305D61K,ST4000DM000,4000787030016,0,119.0,221044336.0,94.0,0.0,100.0,6.0,100.0,0.0,89.0,920180322.0,77.0,20622.0,100.0,0.0,100.0,6.0,100.0,0.0,100.0,0.0,100.0,0.0,100.0,0.0,100.0,0.0,69.0,31.0,100.0,0.0,100.0,0.0,96.0,8892.0,31.0,31.0,100.0,0.0,100.0,0.0,200.0,0.0,100.0,20556.0,100.0,38551129864.0,100.0,93401470834.0
2018-06-18,Z305D61K,ST4000DM000,4000787030016,0,109.0,24580368.0,94.0,0.0,100.0,6.0,100.0,0.0,89.0,920877636.0,77.0,20646.0,100.0,0.0,100.0,6.0,100.0,0.0,100.0,0.0,100.0,0.0,100.0,0.0,100.0,0.0,69.0,31.0,100.0,0.0,100.0,0.0,96.0,8892.0,31.0,31.0,100.0,0.0,100.0,0.0,200.0,0.0,100.0,20581.0,100.0,38584762344.0,100.0,93471592292.0
2018-06-19,Z305D61K,ST4000DM000,4000787030016,0,117,140607952,94,0,100,6,100,0,89,921794586,77,20670,100,0,100,6,100.0,0.0,100.0,0.0,100.0,0.0,100.0,0.0,100.0,0.0,69.0,31.0,100.0,0.0,100.0,0.0,96.0,8892.0,31,31,100,0,100,0,200,0,100.0,20605.0,100.0,38617068296.0,100.0,93606596524.0
2018-06-20,Z305D61K,ST4000DM000,4000787030016,0,115,88920328,94,0,100,6,100,0,89,922646457,77,20694,100,0,100,6,100.0,0.0,100.0,0.0,100.0,0.0,100.0,0.0,100.0,0.0,69.0,31.0,100.0,0.0,100.0,0.0,96.0,8892.0,31,31,100,0,100,0,200,0,100.0,20629.0,100.0,38641578368.0,100.0,93736544919.0
2018-06-21,Z305D61K,ST4000DM000,4000787030016,0,111,41767008,94,0,100,6,100,0,89,923982590,77,20716,100,0,100,6,100.0,0.0,100.0,0.0,100.0,0.0,100.0,0.0,100.0,0.0,68.0,32.0,100.0,0.0,100.0,0.0,96.0,8892.0,32,32,100,0,100,0,200,0,100.0,20651.0,100.0,38660922728.0,100.0,93848496608.0
2018-06-22,Z305D61K,ST4000DM000,4000787030016,0,117,151974360,94,0,100,6,100,0,89,924839640,77,20742,100,0,100,6,100.0,0.0,100.0,0.0,100.0,0.0,100.0,0.0,100.0,0.0,68.0,32.0,100.0,0.0,100.0,0.0,96.0,8892.0,32,32,100,0,100,0,200,0,100.0,20677.0,100.0,38675646272.0,100.0,93943185915.0
2018-06-23,Z305D61K,ST4000DM000,4000787030016,0,117,158827192,94,0,100,6,100,0,89,926543254,77,20765,100,0,100,6,100.0,0.0,100.0,0.0,100.0,0.0,100.0,0.0,100.0,0.0,69.0,31.0,100.0,0.0,100.0,0.0,96.0,8892.0,31,31,100,0,100,0,200,0,100.0,20700.0,100.0,38694379928.0,100.0,94039146102.0
2018-06-24,Z305D61K,ST4000DM000,4000787030016,0,117,151999104,94,0,100,6,100,0,89,927155302,77,20790,100,0,100,6,100.0,0.0,100.0,0.0,100.0,0.0,100.0,0.0,100.0,0.0,69.0,31.0,100.0,0.0,100.0,0.0,96.0,8892.0,31,31,100,0,100,0,200,0,100.0,20724.0,100.0,38705126136.0,100.0,94198120839.0
2018-06-25,Z305D61K,ST4000DM000,4000787030016,0,117,120764024,94,0,100,6,100,0,89,927772940,77,20814,100,0,100,6,100.0,0.0,100.0,0.0,100.0,0.0,100.0,0.0,100.0,0.0,69.0,31.0,100.0,0.0,100.0,0.0,96.0,8892.0,31,31,100,0,100,0,200,0,100.0,20749.0,100.0,38726104792.0,100.0,94364760198.0
2018-06-26,Z305D61K,ST4000DM000,4000787030016,0,114,67853344,94,0,100,6,100,0,89,928430256,77,20838,100,0,100,6,100.0,0.0,100.0,0.0,100.0,0.0,100.0,0.0,100.0,0.0,68.0,32.0,100.0,0.0,100.0,0.0,96.0,8892.0,32,32,100,0,100,0,200,0,100.0,20773.0,100.0,38748051224.0,100.0,94548879165.0
2018-06-27,Z305D61K,ST4000DM000,4000787030016,0,115,95913896,94,0,100,6,100,0,89,929006959,77,20862,100,0,100,6,100.0,0.0,100.0,0.0,100.0,0.0,100.0,0.0,100.0,0.0,68.0,32.0,100.0,0.0,100.0,0.0,96.0,8892.0,32,32,100,0,100,0,200,0,100.0,20797.0,100.0,38765892536.0,100.0,94717146323.0
2018-06-28,Z305D61K,ST4000DM000,4000787030016,0,117,134048832,94,0,100,6,100,0,89,930278496,77,20886,100,0,100,6,100.0,0.0,100.0,0.0,100.0,0.0,100.0,0.0,100.0,0.0,68.0,32.0,100.0,0.0,100.0,0.0,96.0,8892.0,32,32,100,0,100,0,200,0,100.0,20821.0,100.0,38784587584.0,100.0,94905312508.0
2018-06-29,Z305D61K,ST4000DM000,4000787030016,0,120,1618736,94,0,100,6,100,0,89,930770892,77,20910,100,0,100,6,100.0,0.0,100.0,0.0,100.0,0.0,100.0,0.0,100.0,0.0,68.0,32.0,100.0,0.0,100.0,0.0,96.0,8892.0,32,32,100,0,100,0,200,0,100.0,20845.0,100.0,38799823488.0,100.0,95076165655.0
2018-06-30,Z305D61K,ST4000DM000,4000787030016,0,114,77889792,94,0,100,6,100,0,89,931710861,77,20935,100,0,100,6,100.0,0.0,100.0,0.0,100.0,0.0,100.0,0.0,100.0,0.0,68.0,32.0,100.0,0.0,100.0,0.0,96.0,8896.0,32,32,100,0,100,0,200,0,100.0,20870.0,100.0,38818060920.0,100.0,95184958027.0
2018-07-01,Z305D61K,ST4000DM000,4000787030016,0,106,11415816,94,0,100,6,100,0,89,932830728,77,20958,100,0,100,6,100.0,0.0,100.0,0.0,100.0,0.0,100.0,0.0,100.0,0.0,68.0,32.0,100.0,0.0,100.0,0.0,96.0,8896.0,32,32,100,0,100,0,200,0,100.0,20893.0,100.0,38842681584.0,100.0,95306236428.0
2018-07-02,Z305D61K,ST4000DM000,4000787030016,0,120,240888440,94,0,100,6,100,0,89,933617352,77,20982,100,0,100,6,100.0,0.0,100.0,0.0,100.0,0.0,100.0,0.0,100.0,0.0,68.0,32.0,100.0,0.0,100.0,0.0,96.0,8896.0,32,32,100,0,100,0,200,0,100.0,20917.0,100.0,38864488728.0,100.0,95461489131.0
2018-07-03,Z305D61K,ST4000DM000,4000787030016,0,113,53817792,94,0,100,6,100,0,89,934382421,77,21006,100,0,100,6,100.0,0.0,100.0,0.0,100.0,0.0,100.0,0.0,100.0,0.0,68.0,32.0,100.0,0.0,100.0,0.0,96.0,8896.0,32,32,100,0,100,0,200,0,100.0,20941.0,100.0,38886511872.0,100.0,95614057772.0
2018-07-04,Z305D61K,ST4000DM000,4000787030016,0,117,119667064,94,0,100,6,100,0,89,935305517,76,21031,100,0,100,6,100.0,0.0,100.0,0.0,100.0,0.0,100.0,0.0,100.0,0.0,68.0,32.0,100.0,0.0,100.0,0.0,96.0,8896.0,32,32,100,0,100,0,200,0,100.0,20966.0,100.0,38904690352.0,100.0,95794318591.0
2018-07-05,Z305D61K,ST4000DM000,4000787030016,0,109,24710144,94,0,100,6,100,0,89,937101391,76,21054,100,0,100,6,100.0,0.0,100.0,0.0,100.0,0.0,100.0,0.0,100.0,0.0,68.0,32.0,100.0,0.0,100.0,0.0,96.0,8896.0,32,32,100,0,100,0,200,0,100.0,20989.0,100.0,38931439328.0,100.0,95994009168.0
2018-07-06,Z305D61K,ST4000DM000,4000787030016,0,118,194240632,94,0,100,6,100,0,89,938691036,76,21078,100,0,100,6,100.0,0.0,100.0,0.0,100.0,0.0,100.0,0.0,100.0,0.0,68.0,32.0,100.0,0.0,100.0,0.0,96.0,8896.0,32,32,100,0,100,0,200,0,100.0,21013.0,100.0,38973425560.0,100.0,96172848760.0
2018-07-07,Z305D61K,ST4000DM000,4000787030016,0,108,19588256,94,0,100,6,100,0,90,941890157,76,21103,100,0,100,6,100.0,0.0,100.0,0.0,100.0,0.0,100.0,0.0,100.0,0.0,68.0,32.0,100.0,0.0,100.0,0.0,96.0,8896.0,32,32,100,0,100,0,200,0,100.0,21038.0,100.0,39032661840.0,100.0,96345877910.0
2018-07-08,Z305D61K,ST4000DM000,4000787030016,0,112,48734568,94,0,100,6,100,0,90,943391602,76,21127,100,0,100,6,100.0,0.0,100.0,0.0,100.0,0.0,100.0,0.0,100.0,0.0,68.0,32.0,100.0,0.0,100.0,0.0,96.0,8896.0,32,32,100,0,100,0,200,0,100.0,21062.0,100.0,39080706952.0,100.0,96511049676.0
2018-07-09,Z305D61K,ST4000DM000,4000787030016,0,118,185053688,94,0,100,6,100,0,90,944162564,76,21151,100,0,100,6,100.0,0.0,100.0,0.0,100.0,0.0,100.0,0.0,100.0,0.0,68.0,32.0,100.0,0.0,100.0,0.0,96.0,8896.0,32,32,100,0,100,0,200,0,100.0,21085.0,100.0,39109256704.0,100.0,96618864861.0
2018-07-10,Z305D61K,ST4000DM000,4000787030016,0,115.0,94185160.0,94.0,0.0,100.0,6.0,100.0,0.0,90.0,944888779.0,76.0,21174.0,100.0,0.0,100.0,6.0,100.0,0.0,100.0,0.0,100.0,0.0,100.0,0.0,100.0,0.0,68.0,32.0,100.0,0.0,100.0,0.0,96.0,8896.0,32.0,32.0,100.0,0.0,100.0,0.0,200.0,0.0,100.0,21109.0,100.0,39120105672.0,100.0,96746413848.0
2018-07-11,Z305D61K,ST4000DM000,4000787030016,0,117,143822776,94,0,100,6,100,0,90,945801732,76,21199,100,0,100,6,100.0,0.0,100.0,0.0,100.0,0.0,100.0,0.0,100.0,0.0,68.0,32.0,100.0,0.0,100.0,0.0,96.0,8896.0,32,32,100,0,100,0,200,0,100.0,21134.0,100.0,39132216664.0,100.0,96897074036.0
2018-07-12,Z305D61K,ST4000DM000,4000787030016,0,117,163351872,94,0,100,6,100,0,90,947399222,76,21218,100,0,100,6,100.0,0.0,100.0,0.0,100.0,0.0,100.0,0.0,100.0,0.0,69.0,31.0,100.0,0.0,100.0,0.0,96.0,8900.0,31,31,100,0,100,0,200,0,100.0,21152.0,100.0,39150398424.0,100.0,97041504920.0
2018-07-13,Z305D61K,ST4000DM000,4000787030016,0,113,50815256,94,0,100,6,100,0,90,948346913,76,21241,100,0,100,6,100.0,0.0,100.0,0.0,100.0,0.0,100.0,0.0,100.0,0.0,68.0,32.0,100.0,0.0,100.0,0.0,96.0,8900.0,32,32,100,0,100,0,200,0,100.0,21176.0,100.0,39163438208.0,100.0,97202914519.0
2018-07-14,Z305D61K,ST4000DM000,4000787030016,0,104,6412184,94,0,100,6,100,0,90,949620461,76,21265,100,0,100,6,100.0,0.0,100.0,0.0,100.0,0.0,100.0,0.0,100.0,0.0,68.0,32.0,100.0,0.0,100.0,0.0,96.0,8901.0,32,32,100,0,100,0,200,0,100.0,21199.0,100.0,39174978392.0,100.0,97364241051.0
2018-07-15,Z305D61K,ST4000DM000,4000787030016,0,111,37702176,94,0,100,6,100,0,90,951282308,76,21294,100,0,100,6,100.0,0.0,100.0,0.0,100.0,0.0,100.0,0.0,100.0,0.0,68.0,32.0,100.0,0.0,100.0,0.0,96.0,8904.0,32,32,100,0,100,0,200,0,100.0,21229.0,100.0,39189893608.0,100.0,97545573272.0
2018-07-16,Z305D61K,ST4000DM000,4000787030016,0,118,186978608,94,0,100,6,100,0,90,952320327,76,21318,100,0,100,6,100.0,0.0,100.0,0.0,100.0,0.0,100.0,0.0,100.0,0.0,68.0,32.0,100.0,0.0,100.0,0.0,96.0,8904.0,32,32,100,0,100,0,200,0,100.0,21253.0,100.0,39206095640.0,100.0,97693055632.0
2018-07-17,Z305D61K,ST4000DM000,4000787030016,0,115,87512808,93,0,100,7,100,0,90,952807333,76,21337,100,0,100,7,100.0,0.0,100.0,0.0,100.0,0.0,100.0,0.0,100.0,0.0,68.0,32.0,100.0,0.0,100.0,0.0,96.0,8916.0,32,32,100,0,100,0,200,0,100.0,21272.0,100.0,39213547064.0,100.0,97788600301.0
2018-07-18,Z305D61K,ST4000DM000,4000787030016,0,120,239223896,93,0,100,7,100,0,90,953388901,76,21361,100,0,100,7,100.0,0.0,100.0,0.0,100.0,0.0,100.0,0.0,100.0,0.0,68.0,32.0,100.0,0.0,100.0,0.0,96.0,8916.0,32,32,100,0,100,0,200,0,100.0,21296.0,100.0,39229615856.0,100.0,97957119741.0
2018-07-19,Z305D61K,ST4000DM000,4000787030016,0,118,178761064,93,0,100,7,100,0,90,954673635,76,21385,100,0,100,7,100.0,0.0,100.0,0.0,100.0,0.0,100.0,0.0,100.0,0.0,69.0,31.0,100.0,0.0,100.0,0.0,96.0,8916.0,31,31,100,0,100,0,200,0,100.0,21320.0,100.0,39244449432.0,100.0,98134039144.0
2018-07-20,Z305D61K,ST4000DM000,4000787030016,0,120,242907280,93,0,100,7,100,0,90,955275444,76,21409,100,0,100,7,100.0,0.0,100.0,0.0,100.0,0.0,100.0,0.0,100.0,0.0,69.0,31.0,100.0,0.0,100.0,0.0,96.0,8919.0,31,31,100,0,100,0,200,0,100.0,21343.0,100.0,39253809408.0,100.0,98326910983.0
2018-07-21,Z305D61K,ST4000DM000,4000787030016,0,115,97606048,93,0,100,7,100,0,90,956106697,76,21432,100,0,100,7,100.0,0.0,100.0,0.0,100.0,0.0,100.0,0.0,100.0,0.0,69.0,31.0,100.0,0.0,100.0,0.0,96.0,8919.0,31,31,100,0,100,0,200,0,100.0,21367.0,100.0,39275147312.0,100.0,98485052267.0
2018-07-22,Z305D61K,ST4000DM000,4000787030016,0,119,226757496,93,0,100,7,100,0,90,957880162,76,21457,100,0,100,7,100.0,0.0,100.0,0.0,100.0,0.0,100.0,0.0,100.0,0.0,68.0,32.0,100.0,0.0,100.0,0.0,96.0,8919.0,32,32,100,0,100,0,200,0,100.0,21391.0,100.0,39288380312.0,100.0,98658015760.0
2018-07-23,Z305D61K,ST4000DM000,4000787030016,0,118,189736992,93,0,100,7,100,0,90,958369450,76,21480,100,0,100,7,100.0,0.0,100.0,0.0,100.0,0.0,100.0,0.0,100.0,0.0,68.0,32.0,100.0,0.0,100.0,0.0,96.0,8919.0,32,32,100,0,100,0,200,0,100.0,21415.0,100.0,39298467680.0,100.0,98832152191.0
2018-07-24,Z305D61K,ST4000DM000,4000787030016,0,117,153798888,93,0,100,7,100,0,90,958912891,76,21504,100,0,100,7,100.0,0.0,100.0,0.0,100.0,0.0,100.0,0.0,100.0,0.0,68.0,32.0,100.0,0.0,100.0,0.0,96.0,8919.0,32,32,100,0,100,0,200,0,100.0,21439.0,100.0,39315120944.0,100.0,98989788897.0
2018-07-25,Z305D61K,ST4000DM000,4000787030016,0,120.0,235128088.0,93.0,0.0,100.0,7.0,100.0,0.0,90.0,959611322.0,76.0,21528.0,100.0,0.0,100.0,7.0,100.0,0.0,100.0,0.0,100.0,0.0,100.0,0.0,100.0,0.0,68.0,32.0,100.0,0.0,100.0,0.0,96.0,8919.0,32.0,32.0,100.0,0.0,100.0,0.0,200.0,0.0,100.0,21463.0,100.0,39330603712.0,100.0,99141110239.0
2018-07-26,Z305D61K,ST4000DM000,4000787030016,0,117,120435440,93,0,100,7,100,0,90,961113060,76,21552,100,0,100,7,100.0,0.0,100.0,0.0,100.0,0.0,100.0,0.0,100.0,0.0,68.0,32.0,100.0,0.0,100.0,0.0,96.0,8919.0,32,32,100,0,100,0,200,0,100.0,21486.0,100.0,39345061696.0,100.0,99324651999.0
2018-07-27,Z305D61K,ST4000DM000,4000787030016,0,118,178204856,93,0,100,7,100,0,90,962334874,76,21581,100,0,100,7,100.0,0.0,100.0,0.0,100.0,0.0,100.0,0.0,100.0,0.0,68.0,32.0,100.0,0.0,100.0,0.0,96.0,8927.0,32,32,100,0,100,0,200,0,100.0,21514.0,100.0,39356119472.0,100.0,99545186472.0
2018-07-28,Z305D61K,ST4000DM000,4000787030016,0,118,190979304,93,0,100,7,100,0,90,964326987,76,21605,100,0,100,7,100.0,0.0,100.0,0.0,100.0,0.0,100.0,0.0,100.0,0.0,68.0,32.0,100.0,0.0,100.0,0.0,96.0,8927.0,32,32,100,0,100,0,200,0,100.0,21539.0,100.0,39380323416.0,100.0,99710523969.0
2018-07-29,Z305D61K,ST4000DM000,4000787030016,0,120,243723008,93,0,100,7,100,0,90,965738578,76,21629,100,0,100,7,100.0,0.0,100.0,0.0,100.0,0.0,100.0,0.0,100.0,0.0,68.0,32.0,100.0,0.0,100.0,0.0,96.0,8927.0,32,32,100,0,100,0,200,0,100.0,21563.0,100.0,39397083152.0,100.0,99898736151.0
2018-07-30,Z305D61K,ST4000DM000,4000787030016,0,120,237146184,93,0,100,7,100,0,90,966555144,76,21652,100,0,100,7,100.0,0.0,100.0,0.0,100.0,0.0,100.0,0.0,100.0,0.0,68.0,32.0,100.0,0.0,100.0,0.0,96.0,8927.0,32,32,100,0,100,0,200,0,100.0,21586.0,100.0,39415696816.0,100.0,100023632556.0
2018-07-31,Z305D61K,ST4000DM000,4000787030016,0,114,61556968,93,0,100,7,100,0,90,967363560,76,21676,100,0,100,7,100.0,0.0,100.0,0.0,100.0,0.0,100.0,0.0,100.0,0.0,69.0,31.0,100.0,0.0,100.0,0.0,96.0,8927.0,31,31,100,0,100,0,200,0,100.0,21610.0,100.0,39439882104.0,100.0,100143274773.0
2018-08-01,Z305D61K,ST4000DM000,4000787030016,0,117,157347416,93,0,100,7,100,0,90,969416024,76,21701,100,0,100,7,100.0,0.0,100.0,0.0,100.0,0.0,100.0,0.0,100.0,0.0,68.0,32.0,100.0,0.0,100.0,0.0,96.0,8927.0,32,32,100,0,100,0,200,0,100.0,21635.0,100.0,39461930976.0,100.0,100325201673.0
2018-08-02,Z305D61K,ST4000DM000,4000787030016,0,113,57621360,93,0,100,7,100,0,90,971074112,76,21725,100,0,100,7,100.0,0.0,100.0,0.0,100.0,0.0,100.0,0.0,100.0,0.0,68.0,32.0,100.0,0.0,100.0,0.0,96.0,8927.0,32,32,100,0,100,0,200,0,100.0,21659.0,100.0,39473459120.0,100.0,100491318733.0
2018-08-03,Z305D61K,ST4000DM000,4000787030016,0,111,33326432,93,0,100,7,100,0,90,971996879,76,21749,100,0,100,7,100.0,0.0,100.0,0.0,100.0,0.0,100.0,0.0,100.0,0.0,68.0,32.0,100.0,0.0,100.0,0.0,96.0,8927.0,32,32,100,0,100,0,200,0,100.0,21683.0,100.0,39486090648.0,100.0,100648152451.0
2018-08-04,Z305D61K,ST4000DM000,4000787030016,0,107,13143144,93,0,100,7,100,0,90,973800225,76,21773,100,0,100,7,100.0,0.0,100.0,0.0,100.0,0.0,100.0,0.0,100.0,0.0,69.0,31.0,100.0,0.0,100.0,0.0,96.0,8927.0,31,31,100,0,100,0,200,0,100.0,21707.0,100.0,39507833496.0,100.0,100805069392.0
2018-08-05,Z305D61K,ST4000DM000,4000787030016,0,115,91404720,93,0,100,7,100,0,90,974793198,76,21797,100,0,100,7,100.0,0.0,100.0,0.0,100.0,0.0,100.0,0.0,100.0,0.0,69.0,31.0,100.0,0.0,100.0,0.0,96.0,8927.0,31,31,100,0,100,0,200,0,100.0,21730.0,100.0,39520328960.0,100.0,100948202538.0
2018-08-06,Z305D61K,ST4000DM000,4000787030016,0,117,140881760,93,0,100,7,100,0,90,975525685,76,21820,100,0,100,7,100.0,0.0,100.0,0.0,100.0,0.0,100.0,0.0,100.0,0.0,69.0,31.0,100.0,0.0,100.0,0.0,96.0,8927.0,31,31,100,0,100,0,200,0,100.0,21754.0,100.0,39544761776.0,100.0,101027262640.0
2018-08-07,Z305D61K,ST4000DM000,4000787030016,0,117,134403600,93,0,100,7,100,0,90,976593825,76,21845,100,0,100,7,100.0,0.0,100.0,0.0,100.0,0.0,100.0,0.0,100.0,0.0,69.0,31.0,100.0,0.0,100.0,0.0,96.0,8927.0,31,31,100,0,100,0,200,0,100.0,21779.0,100.0,39570427144.0,100.0,101171703991.0
2018-08-08,Z305D61K,ST4000DM000,4000787030016,0,119,203548400,93,0,100,7,100,0,90,977602333,76,21869,100,0,100,7,100.0,0.0,100.0,0.0,100.0,0.0,100.0,0.0,100.0,0.0,69.0,31.0,100.0,0.0,100.0,0.0,96.0,8927.0,31,31,100,0,100,0,200,0,100.0,21803.0,100.0,39608785152.0,100.0,101292805992.0
2018-08-09,Z305D61K,ST4000DM000,4000787030016,0,114,60703504,93,0,100,7,100,0,90,978986393,76,21894,100,0,100,7,100.0,0.0,100.0,0.0,100.0,0.0,100.0,0.0,100.0,0.0,69.0,31.0,100.0,0.0,100.0,0.0,96.0,8931.0,31,31,100,0,100,0,200,0,100.0,21828.0,100.0,39627469904.0,100.0,101386604649.0
2018-08-10,Z305D61K,ST4000DM000,4000787030016,0,108,15725632,93,0,100,7,100,0,90,980031497,75,21919,100,0,100,7,100.0,0.0,100.0,0.0,100.0,0.0,100.0,0.0,100.0,0.0,68.0,32.0,100.0,0.0,100.0,0.0,96.0,8931.0,32,32,100,0,100,0,200,0,100.0,21852.0,100.0,39639042400.0,100.0,101548907086.0
2018-08-11,Z305D61K,ST4000DM000,4000787030016,0,118,178746992,93,0,100,7,100,0,90,981520814,75,21943,100,0,100,7,100.0,0.0,100.0,0.0,100.0,0.0,100.0,0.0,100.0,0.0,69.0,31.0,100.0,0.0,100.0,0.0,96.0,8931.0,31,31,100,0,100,0,200,0,100.0,21877.0,100.0,39656390712.0,100.0,101672808447.0
2018-08-12,Z305D61K,ST4000DM000,4000787030016,0,119,229421200,93,0,100,7,100,0,90,982657936,75,21967,100,0,100,7,100.0,0.0,100.0,0.0,100.0,0.0,100.0,0.0,100.0,0.0,68.0,32.0,100.0,0.0,100.0,0.0,96.0,8931.0,32,32,100,0,100,0,200,0,100.0,21901.0,100.0,39662651232.0,100.0,101837919265.0
2018-08-13,Z305D61K,ST4000DM000,4000787030016,0,107,12969712,93,0,100,7,100,0,90,983480851,75,21991,100,0,100,7,100.0,0.0,100.0,0.0,100.0,0.0,100.0,0.0,100.0,0.0,68.0,32.0,100.0,0.0,100.0,0.0,96.0,8931.0,32,32,100,0,100,0,200,0,100.0,21925.0,100.0,39670456952.0,100.0,101943381990.0
2018-08-14,Z305D61K,ST4000DM000,4000787030016,0,114.0,60174928.0,93.0,0.0,100.0,7.0,100.0,0.0,90.0,984203266.0,75.0,22014.0,100.0,0.0,100.0,7.0,100.0,0.0,100.0,0.0,100.0,0.0,100.0,0.0,100.0,0.0,69.0,31.0,100.0,0.0,100.0,0.0,96.0,8931.0,31.0,31.0,100.0,0.0,100.0,0.0,200.0,0.0,100.0,21948.0,100.0,39681443216.0,100.0,102049280493.0
2018-08-15,Z305D61K,ST4000DM000,4000787030016,0,107.0,13888176.0,93.0,0.0,100.0,7.0,100.0,0.0,90.0,986239915.0,75.0,22037.0,100.0,0.0,100.0,7.0,100.0,0.0,100.0,0.0,100.0,0.0,100.0,0.0,100.0,0.0,68.0,32.0,100.0,0.0,100.0,0.0,96.0,8934.0,32.0,32.0,100.0,0.0,100.0,0.0,200.0,0.0,100.0,21971.0,100.0,39698796704.0,100.0,102197698207.0
2018-08-16,Z305D61K,ST4000DM000,4000787030016,0,102,4513256,93,0,100,7,100,0,90,988308652,75,22061,100,0,100,7,100.0,0.0,100.0,0.0,100.0,0.0,100.0,0.0,100.0,0.0,69.0,31.0,100.0,0.0,100.0,0.0,96.0,8934.0,31,31,100,0,100,0,200,0,100.0,21995.0,100.0,39718352640.0,100.0,102348714354.0
2018-08-17,Z305D61K,ST4000DM000,4000787030016,0,114,59817576,93,0,100,7,100,0,90,988961566,75,22085,100,0,100,7,100.0,0.0,100.0,0.0,100.0,0.0,100.0,0.0,100.0,0.0,68.0,32.0,100.0,0.0,100.0,0.0,96.0,8934.0,32,32,100,0,100,0,200,0,100.0,22019.0,100.0,39727998824.0,100.0,102429710039.0
2018-08-18,Z305D61K,ST4000DM000,4000787030016,0,115,89209176,93,0,100,7,100,0,90,990582450,75,22109,100,0,100,7,100.0,0.0,100.0,0.0,100.0,0.0,100.0,0.0,100.0,0.0,68.0,32.0,100.0,0.0,100.0,0.0,96.0,8934.0,32,32,100,0,100,0,200,0,100.0,22043.0,100.0,39748024400.0,100.0,102555053289.0
2018-08-19,Z305D61K,ST4000DM000,4000787030016,0,117,136251432,93,0,100,7,100,0,90,991561345,75,22133,100,0,100,7,100.0,0.0,100.0,0.0,100.0,0.0,100.0,0.0,100.0,0.0,69.0,31.0,100.0,0.0,100.0,0.0,96.0,8934.0,31,31,100,0,100,0,200,0,100.0,22067.0,100.0,39767982264.0,100.0,102661747592.0
2018-08-20,Z305D61K,ST4000DM000,4000787030016,0,117,152768424,93,0,100,7,100,0,90,992504213,75,22157,100,0,100,7,100.0,0.0,100.0,0.0,100.0,0.0,100.0,0.0,100.0,0.0,68.0,32.0,100.0,0.0,100.0,0.0,96.0,8934.0,32,32,100,0,100,0,200,0,100.0,22091.0,100.0,39790098712.0,100.0,102771872178.0
2018-08-21,Z305D61K,ST4000DM000,4000787030016,0,120,59520,92,0,100,8,100,0,90,993482365,75,22183,100,0,100,8,100.0,0.0,100.0,0.0,100.0,0.0,100.0,0.0,100.0,0.0,69.0,31.0,100.0,0.0,100.0,0.0,96.0,8937.0,31,31,100,0,100,0,200,0,100.0,22117.0,100.0,39804070624.0,100.0,102898180661.0
2018-08-22,Z305D61K,ST4000DM000,4000787030016,0,116,111756968,92,0,100,8,100,0,90,994648254,75,22207,100,0,100,8,100.0,0.0,100.0,0.0,100.0,0.0,100.0,0.0,100.0,0.0,69.0,31.0,100.0,0.0,100.0,0.0,96.0,8937.0,31,31,100,0,100,0,200,0,100.0,22141.0,100.0,39821062000.0,100.0,103017922993.0
2018-08-23,Z305D61K,ST4000DM000,4000787030016,0,115,92985304,92,0,100,8,100,0,90,996488328,75,22232,100,0,100,8,100.0,0.0,100.0,0.0,100.0,0.0,100.0,0.0,100.0,0.0,69.0,31.0,100.0,0.0,100.0,0.0,96.0,8937.0,31,31,100,0,100,0,200,0,100.0,22165.0,100.0,39849058976.0,100.0,103145637346.0
2018-08-24,Z305D61K,ST4000DM000,4000787030016,0,119,213334288,92,0,100,8,100,0,90,997069640,75,22255,100,0,100,8,100.0,0.0,100.0,0.0,100.0,0.0,100.0,0.0,100.0,0.0,69.0,31.0,100.0,0.0,100.0,0.0,96.0,8938.0,31,31,100,0,100,0,200,0,100.0,22189.0,100.0,39861155000.0,100.0,103202550671.0
2018-08-25,Z305D61K,ST4000DM000,4000787030016,0,110,26415736,92,0,100,8,100,0,90,998704307,75,22279,100,0,100,8,100.0,0.0,100.0,0.0,100.0,0.0,100.0,0.0,100.0,0.0,69.0,31.0,100.0,0.0,100.0,0.0,96.0,8938.0,31,31,100,0,100,0,200,0,100.0,22213.0,100.0,39886531440.0,100.0,103318134713.0
2018-08-26,Z305D61K,ST4000DM000,4000787030016,0,109,23325184,92,0,100,8,100,0,90,999447763,75,22303,100,0,100,8,100.0,0.0,100.0,0.0,100.0,0.0,100.0,0.0,100.0,0.0,69.0,31.0,100.0,0.0,100.0,0.0,96.0,8938.0,31,31,100,0,100,0,200,0,100.0,22237.0,100.0,39910021152.0,100.0,103375238370.0
2018-08-27,Z305D61K,ST4000DM000,4000787030016,0,109,24556712,92,0,100,8,100,0,90,354446,75,22327,100,0,100,8,100.0,0.0,100.0,0.0,100.0,0.0,100.0,0.0,100.0,0.0,69.0,31.0,100.0,0.0,100.0,0.0,96.0,8938.0,31,31,100,0,100,0,200,0,100.0,22261.0,100.0,39948870168.0,100.0,103450443530.0
2018-08-28,Z305D61K,ST4000DM000,4000787030016,0,113,51735104,92,0,100,8,100,0,61,1339942,75,22351,100,0,100,8,100.0,0.0,100.0,0.0,100.0,0.0,100.0,0.0,100.0,0.0,69.0,31.0,100.0,0.0,100.0,0.0,96.0,8938.0,31,31,100,0,100,0,200,0,100.0,22285.0,100.0,39972701808.0,100.0,103554233444.0
2018-08-29,Z305D61K,ST4000DM000,4000787030016,0,114,59330712,92,0,100,8,100,0,63,2355747,75,22373,100,0,100,8,100.0,0.0,100.0,0.0,100.0,0.0,100.0,0.0,100.0,0.0,68.0,32.0,100.0,0.0,100.0,0.0,96.0,8941.0,32,32,100,0,100,0,200,0,100.0,22307.0,100.0,39985841808.0,100.0,103673869767.0
2018-08-30,Z305D61K,ST4000DM000,4000787030016,0,117,119559016,92,0,100,8,100,0,66,4123579,75,22398,100,0,100,8,100.0,0.0,100.0,0.0,100.0,0.0,100.0,0.0,100.0,0.0,69.0,31.0,100.0,0.0,100.0,0.0,96.0,8941.0,31,31,100,0,100,0,200,0,100.0,22331.0,100.0,40007657672.0,100.0,103772492000.0
2018-08-31,Z305D61K,ST4000DM000,4000787030016,0,118,178166920,92,0,100,8,100,0,67,5526973,75,22421,100,0,100,8,100.0,0.0,100.0,0.0,100.0,0.0,100.0,0.0,100.0,0.0,68.0,32.0,100.0,0.0,100.0,0.0,96.0,8941.0,32,32,100,0,100,0,200,0,100.0,22355.0,100.0,40023028880.0,100.0,103892473190.0
2018-09-01,Z305D61K,ST4000DM000,4000787030016,0,112,45262960,92,0,100,8,100,0,69,8541435,75,22445,100,0,100,8,100.0,0.0,100.0,0.0,100.0,0.0,100.0,0.0,100.0,0.0,68.0,32.0,100.0,0.0,100.0,0.0,96.0,8941.0,32,32,100,0,100,0,200,0,100.0,22379.0,100.0,40042226704.0,100.0,104002255954.0
2018-09-02,Z305D61K,ST4000DM000,4000787030016,0,112,47860760,92,0,100,8,100,0,69,9216311,75,22469,100,0,100,8,100.0,0.0,100.0,0.0,100.0,0.0,100.0,0.0,100.0,0.0,69.0,31.0,100.0,0.0,100.0,0.0,96.0,8941.0,31,31,100,0,100,0,200,0,100.0,22403.0,100.0,40062421832.0,100.0,104059863785.0
2018-09-03,Z305D61K,ST4000DM000,4000787030016,0,116,115186000,92,0,100,8,100,0,69,10048727,75,22493,100,0,100,8,100.0,0.0,100.0,0.0,100.0,0.0,100.0,0.0,100.0,0.0,69.0,31.0,100.0,0.0,100.0,0.0,96.0,8941.0,31,31,100,0,100,0,200,0,100.0,22427.0,100.0,40087255608.0,100.0,104181336743.0
2018-09-04,Z305D61K,ST4000DM000,4000787030016,0,115,100353784,92,0,100,8,100,0,70,10873960,75,22517,100,0,100,8,100.0,0.0,100.0,0.0,100.0,0.0,100.0,0.0,100.0,0.0,69.0,31.0,100.0,0.0,100.0,0.0,96.0,8941.0,31,31,100,0,100,0,200,0,100.0,22451.0,100.0,40103814712.0,100.0,104320382761.0
2018-09-05,Z305D61K,ST4000DM000,4000787030016,0,114,70815008,92,0,100,8,100,0,70,11413831,75,22541,100,0,100,8,100.0,0.0,100.0,0.0,100.0,0.0,100.0,0.0,100.0,0.0,69.0,31.0,100.0,0.0,100.0,0.0,96.0,8941.0,31,31,100,0,100,0,200,0,100.0,22475.0,100.0,40120447056.0,100.0,104379702966.0
2018-09-06,Z305D61K,ST4000DM000,4000787030016,0,118,169599416,92,0,100,8,100,0,71,13009350,75,22566,100,0,100,8,100.0,0.0,100.0,0.0,100.0,0.0,100.0,0.0,100.0,0.0,68.0,32.0,100.0,0.0,100.0,0.0,96.0,8944.0,32,32,100,0,100,0,200,0,100.0,22499.0,100.0,40140209680.0,100.0,104521448101.0
2018-09-07,Z305D61K,ST4000DM000,4000787030016,0,114,65555584,92,0,100,8,100,0,71,13734936,75,22590,100,0,100,8,100.0,0.0,100.0,0.0,100.0,0.0,100.0,0.0,100.0,0.0,69.0,31.0,100.0,0.0,100.0,0.0,96.0,8944.0,31,31,100,0,100,0,200,0,100.0,22524.0,100.0,40158366408.0,100.0,104629742210.0
2018-09-08,Z305D61K,ST4000DM000,4000787030016,0,117,154932432,92,0,100,8,100,0,72,14967483,75,22614,100,0,100,8,100.0,0.0,100.0,0.0,100.0,0.0,100.0,0.0,100.0,0.0,69.0,31.0,100.0,0.0,100.0,0.0,96.0,8944.0,31,31,100,0,100,0,200,0,100.0,22548.0,100.0,40179840904.0,100.0,104689049127.0
2018-09-09,Z305D61K,ST4000DM000,4000787030016,0,118,178853160,92,0,100,8,100,0,72,15885130,75,22638,100,0,100,8,100.0,0.0,100.0,0.0,100.0,0.0,100.0,0.0,100.0,0.0,69.0,31.0,100.0,0.0,100.0,0.0,96.0,8944.0,31,31,100,0,100,0,200,0,100.0,22572.0,100.0,40193643648.0,100.0,104835009753.0
2018-09-10,Z305D61K,ST4000DM000,4000787030016,0,111,29978032,92,0,100,8,100,0,72,16896552,75,22662,100,0,100,8,100.0,0.0,100.0,0.0,100.0,0.0,100.0,0.0,100.0,0.0,69.0,31.0,100.0,0.0,100.0,0.0,96.0,8944.0,31,31,100,0,100,0,200,0,100.0,22596.0,100.0,40213280800.0,100.0,104993624631.0
2018-09-11,Z305D61K,ST4000DM000,4000787030016,0,112,42963088,92,0,100,8,100,0,72,17835625,75,22686,100,0,100,8,100.0,0.0,100.0,0.0,100.0,0.0,100.0,0.0,100.0,0.0,69.0,31.0,100.0,0.0,100.0,0.0,96.0,8944.0,31,31,100,0,100,0,200,0,100.0,22620.0,100.0,40231599080.0,100.0,105128568900.0
2018-09-12,Z305D61K,ST4000DM000,4000787030016,0,118,178261552,92,0,100,8,100,0,72,18904674,75,22710,100,0,100,8,100.0,0.0,100.0,0.0,100.0,0.0,100.0,0.0,100.0,0.0,69.0,31.0,100.0,0.0,100.0,0.0,96.0,8944.0,31,31,100,0,100,0,200,0,100.0,22643.0,100.0,40246096832.0,100.0,105299873205.0
2018-09-13,Z305D61K,ST4000DM000,4000787030016,0,117,130954200,92,0,100,8,100,0,72,20391061,75,22730,100,0,100,8,100.0,0.0,100.0,0.0,100.0,0.0,100.0,0.0,100.0,0.0,68.0,32.0,100.0,0.0,100.0,0.0,96.0,8948.0,32,32,100,0,100,0,200,0,100.0,22664.0,100.0,40278523984.0,100.0,105390803879.0
2018-09-14,Z305D61K,ST4000DM000,4000787030016,0,117,136825984,92,0,100,8,100,0,73,21213904,75,22754,100,0,100,8,100.0,0.0,100.0,0.0,100.0,0.0,100.0,0.0,100.0,0.0,66.0,34.0,100.0,0.0,100.0,0.0,96.0,8948.0,34,34,100,0,100,0,200,0,100.0,22688.0,100.0,40294224528.0,100.0,105524487771.0
2018-09-15,Z305D61K,ST4000DM000,4000787030016,0,118,196337648,92,0,100,8,100,0,73,23088887,74,22778,100,0,100,8,100.0,0.0,100.0,0.0,100.0,0.0,100.0,0.0,100.0,0.0,66.0,34.0,100.0,0.0,100.0,0.0,96.0,8948.0,34,34,100,0,100,0,200,0,100.0,22712.0,100.0,40317478976.0,100.0,105654067444.0
2018-09-16,Z305D61K,ST4000DM000,4000787030016,0,118,191449280,92,0,100,8,100,0,73,24491029,74,22802,100,0,100,8,100.0,0.0,100.0,0.0,100.0,0.0,100.0,0.0,100.0,0.0,66.0,34.0,100.0,0.0,100.0,0.0,96.0,8948.0,34,34,100,0,100,0,200,0,100.0,22736.0,100.0,40334659464.0,100.0,105767472324.0
2018-09-17,Z305D61K,ST4000DM000,4000787030016,0,113,53512032,92,0,100,8,100,0,74,25435445,74,22826,100,0,100,8,100.0,0.0,100.0,0.0,100.0,0.0,100.0,0.0,100.0,0.0,66.0,34.0,100.0,0.0,100.0,0.0,96.0,8948.0,34,34,100,0,100,0,200,0,100.0,22759.0,100.0,40352607624.0,100.0,105906491452.0
2018-09-18,Z305D61K,ST4000DM000,4000787030016,0,105,8218664,92,0,100,8,100,0,74,26157176,74,22850,100,0,100,8,100.0,0.0,100.0,0.0,100.0,0.0,100.0,0.0,100.0,0.0,67.0,33.0,100.0,0.0,100.0,0.0,96.0,8948.0,33,33,100,0,100,0,200,0,100.0,22784.0,100.0,40373886112.0,100.0,106027315939.0
2018-09-19,Z305D61K,ST4000DM000,4000787030016,0,118,181420632,92,0,100,8,100,0,74,26915842,74,22875,100,0,100,8,100.0,0.0,100.0,0.0,100.0,0.0,100.0,0.0,100.0,0.0,67.0,33.0,100.0,0.0,100.0,0.0,96.0,8948.0,33,33,100,0,100,0,200,0,100.0,22809.0,100.0,40398177480.0,100.0,106212669959.0
2018-09-20,Z305D61K,ST4000DM000,4000787030016,0,120,808968,92,0,100,8,100,0,74,28365804,74,22899,100,0,100,8,100.0,0.0,100.0,0.0,100.0,0.0,100.0,0.0,100.0,0.0,67.0,33.0,100.0,0.0,100.0,0.0,96.0,8948.0,33,33,100,0,100,0,200,0,100.0,22833.0,100.0,40425822776.0,100.0,106389246653.0
2018-09-21,Z305D61K,ST4000DM000,4000787030016,0,116,103381144,92,0,100,8,100,0,74,29132963,74,22923,100,0,100,8,100.0,0.0,100.0,0.0,100.0,0.0,100.0,0.0,100.0,0.0,67.0,33.0,100.0,0.0,100.0,0.0,96.0,8948.0,33,33,100,0,100,0,200,0,100.0,22857.0,100.0,40448188416.0,100.0,106589477995.0
2018-09-22,Z305D61K,ST4000DM000,4000787030016,0,118,173037224,92,0,100,8,100,0,75,30214265,74,22946,100,0,100,8,100.0,0.0,100.0,0.0,100.0,0.0,100.0,0.0,100.0,0.0,68.0,32.0,100.0,0.0,100.0,0.0,96.0,8948.0,32,32,100,0,100,0,200,0,100.0,22880.0,100.0,40469526384.0,100.0,106730722624.0
2018-09-23,Z305D61K,ST4000DM000,4000787030016,0,118,170609472,92,0,100,8,100,0,75,31001036,74,22971,100,0,100,8,100.0,0.0,100.0,0.0,100.0,0.0,100.0,0.0,100.0,0.0,67.0,33.0,100.0,0.0,100.0,0.0,96.0,8948.0,33,33,100,0,100,0,200,0,100.0,22905.0,100.0,40483497848.0,100.0,106912694217.0
2018-09-24,Z305D61K,ST4000DM000,4000787030016,0,114,64471840,92,0,100,8,100,0,75,31457502,74,22995,100,0,100,8,100.0,0.0,100.0,0.0,100.0,0.0,100.0,0.0,100.0,0.0,67.0,33.0,100.0,0.0,100.0,0.0,96.0,8948.0,33,33,100,0,100,0,200,0,100.0,22929.0,100.0,40497558552.0,100.0,107069272456.0
2018-09-25,Z305D61K,ST4000DM000,4000787030016,0,116,112478168,92,0,100,8,100,0,75,32173768,74,23018,100,0,100,8,100.0,0.0,100.0,0.0,100.0,0.0,100.0,0.0,100.0,0.0,68.0,32.0,100.0,0.0,100.0,0.0,96.0,8948.0,32,32,100,0,100,0,200,0,100.0,22952.0,100.0,40513416768.0,100.0,107233500233.0
2018-09-26,Z305D61K,ST4000DM000,4000787030016,0,117,136572520,92,0,100,8,100,0,75,33021321,74,23042,100,0,100,8,100.0,0.0,100.0,0.0,100.0,0.0,100.0,0.0,100.0,0.0,67.0,33.0,100.0,0.0,100.0,0.0,96.0,8948.0,33,33,100,0,100,0,200,0,100.0,22976.0,100.0,40529097448.0,100.0,107393285382.0
2018-09-27,Z305D61K,ST4000DM000,4000787030016,0,117,130730904,92,0,100,8,100,0,75,35626091,74,23066,100,0,100,8,100.0,0.0,100.0,0.0,100.0,0.0,100.0,0.0,100.0,0.0,67.0,33.0,100.0,0.0,100.0,0.0,96.0,8948.0,33,33,100,0,100,0,200,0,100.0,23000.0,100.0,40550735696.0,100.0,107609810323.0
2018-09-28,Z305D61K,ST4000DM000,4000787030016,0,118,180582392,92,0,100,8,100,0,75,36985617,74,23090,100,0,100,8,100.0,0.0,100.0,0.0,100.0,0.0,100.0,0.0,100.0,0.0,68.0,32.0,100.0,0.0,100.0,0.0,96.0,8948.0,32,32,100,0,100,0,200,0,100.0,23024.0,100.0,40568738256.0,100.0,107800568493.0
2018-09-29,Z305D61K,ST4000DM000,4000787030016,0,114,80365168,92,0,100,8,100,0,75,38604672,74,23114,100,0,100,8,100.0,0.0,100.0,0.0,100.0,0.0,100.0,0.0,100.0,0.0,67.0,33.0,100.0,0.0,100.0,0.0,96.0,8948.0,33,33,100,0,100,0,200,0,100.0,23047.0,100.0,40591279984.0,100.0,107975796017.0
2018-09-30,Z305D61K,ST4000DM000,4000787030016,0,111,36476584,92,0,100,8,100,0,75,39578629,74,23139,100,0,100,8,100.0,0.0,100.0,0.0,100.0,0.0,100.0,0.0,100.0,0.0,67.0,33.0,100.0,0.0,100.0,0.0,96.0,8951.0,33,33,100,0,100,0,200,0,100.0,23072.0,100.0,40613647496.0,100.0,108083083474.0
2018-10-01,Z305D61K,ST4000DM000,4000787030016,0,117,161877480,92,0,100,8,100,0,75,40833727,74,23162,100,0,100,8,100.0,0.0,100.0,0.0,100.0,0.0,100.0,0.0,100.0,0.0,67.0,33.0,100.0,0.0,100.0,0.0,96.0,8951.0,33,33,100,0,100,0,200,0,100.0,23096.0,100.0,40633553896.0,100.0,108245829930.0
2018-10-02,Z305D61K,ST4000DM000,4000787030016,0,114,70783560,92,0,100,8,100,0,75,41542577,74,23186,100,0,100,8,100.0,0.0,100.0,0.0,100.0,0.0,100.0,0.0,100.0,0.0,67.0,33.0,100.0,0.0,100.0,0.0,96.0,8951.0,33,33,100,0,100,0,200,0,100.0,23120.0,100.0,40648421760.0,100.0,108370419055.0
2018-10-03,Z305D61K,ST4000DM000,4000787030016,0,119,223461696,92,0,100,8,100,0,76,42485685,74,23211,100,0,100,8,100.0,0.0,100.0,0.0,100.0,0.0,100.0,0.0,100.0,0.0,67.0,33.0,100.0,0.0,100.0,0.0,96.0,8951.0,33,33,100,0,100,0,200,0,100.0,23144.0,100.0,40671544112.0,100.0,108502075907.0
2018-10-04,Z305D61K,ST4000DM000,4000787030016,0,117.0,125110064.0,92.0,0.0,100.0,8.0,100.0,0.0,76.0,44266767.0,74.0,23234.0,100.0,0.0,100.0,8.0,100.0,0.0,100.0,0.0,100.0,0.0,100.0,0.0,100.0,0.0,67.0,33.0,100.0,0.0,100.0,0.0,96.0,8951.0,33.0,33.0,100.0,0.0,100.0,0.0,200.0,0.0,100.0,23168.0,100.0,40704132144.0,100.0,108657408939.0
2018-10-05,Z305D61K,ST4000DM000,4000787030016,0,115,91974512,92,0,100,8,100,0,76,45544120,74,23258,100,0,100,8,100.0,0.0,100.0,0.0,100.0,0.0,100.0,0.0,100.0,0.0,67.0,33.0,100.0,0.0,100.0,0.0,96.0,8951.0,33,33,100,0,100,0,200,0,100.0,23192.0,100.0,40734794032.0,100.0,108835744412.0
2018-10-06,Z305D61K,ST4000DM000,4000787030016,0,120,237623960,92,0,100,8,100,0,76,47178544,74,23282,100,0,100,8,100.0,0.0,100.0,0.0,100.0,0.0,100.0,0.0,100.0,0.0,67.0,33.0,100.0,0.0,100.0,0.0,96.0,8951.0,33,33,100,0,100,0,200,0,100.0,23216.0,100.0,40753459288.0,100.0,108982217783.0
2018-10-07,Z305D61K,ST4000DM000,4000787030016,0,117,156157352,92,0,100,8,100,0,76,48401186,74,23306,100,0,100,8,100.0,0.0,100.0,0.0,100.0,0.0,100.0,0.0,100.0,0.0,67.0,33.0,100.0,0.0,100.0,0.0,96.0,8951.0,33,33,100,0,100,0,200,0,100.0,23240.0,100.0,40778548640.0,100.0,109126321841.0
2018-10-08,Z305D61K,ST4000DM000,4000787030016,0,117,146537336,92,0,100,8,100,0,76,49254815,74,23330,100,0,100,8,100.0,0.0,100.0,0.0,100.0,0.0,100.0,0.0,100.0,0.0,67.0,33.0,100.0,0.0,100.0,0.0,96.0,8951.0,33,33,100,0,100,0,200,0,100.0,23264.0,100.0,40798244320.0,100.0,109231125745.0
2018-10-09,Z305D61K,ST4000DM000,4000787030016,0,120.0,235906872.0,92.0,0.0,100.0,8.0,100.0,0.0,76.0,50251301.0,74.0,23354.0,100.0,0.0,100.0,8.0,100.0,0.0,100.0,0.0,100.0,0.0,100.0,0.0,100.0,0.0,67.0,33.0,100.0,0.0,100.0,0.0,96.0,8951.0,33.0,33.0,100.0,0.0,100.0,0.0,200.0,0.0,100.0,23287.0,100.0,40829345864.0,100.0,109355147278.0
2018-10-10,Z305D61K,ST4000DM000,4000787030016,0,118,179020464,92,0,100,8,100,0,77,52649702,74,23379,100,0,100,8,100.0,0.0,100.0,0.0,100.0,0.0,100.0,0.0,100.0,0.0,67.0,33.0,100.0,0.0,100.0,0.0,96.0,8951.0,33,33,100,0,100,0,200,0,100.0,23312.0,100.0,40857311664.0,100.0,109503306344.0
2018-10-11,Z305D61K,ST4000DM000,4000787030016,0,120,240863096,92,0,100,8,100,0,77,54174770,74,23402,100,0,100,8,100.0,0.0,100.0,0.0,100.0,0.0,100.0,0.0,100.0,0.0,67.0,33.0,100.0,0.0,100.0,0.0,96.0,8951.0,33,33,100,0,100,0,200,0,100.0,23336.0,100.0,40888766240.0,100.0,109609162683.0
2018-10-12,Z305D61K,ST4000DM000,4000787030016,0,108,19089576,92,0,100,8,100,0,77,55282901,74,23426,100,0,100,8,100.0,0.0,100.0,0.0,100.0,0.0,100.0,0.0,100.0,0.0,67.0,33.0,100.0,0.0,100.0,0.0,96.0,8951.0,33,33,100,0,100,0,200,0,100.0,23360.0,100.0,40908005376.0,100.0,109766124614.0
2018-10-13,Z305D61K,ST4000DM000,4000787030016,0,118,191384368,92,0,100,8,100,0,77,57049865,74,23451,100,0,100,8,100.0,0.0,100.0,0.0,100.0,0.0,100.0,0.0,100.0,0.0,67.0,33.0,100.0,0.0,100.0,0.0,96.0,8951.0,33,33,100,0,100,0,200,0,100.0,23384.0,100.0,40937499000.0,100.0,109912146678.0
2018-10-14,Z305D61K,ST4000DM000,4000787030016,0,120,242655224,92,0,100,8,100,0,77,58347771,74,23474,100,0,100,8,100.0,0.0,100.0,0.0,100.0,0.0,100.0,0.0,100.0,0.0,67.0,33.0,100.0,0.0,100.0,0.0,96.0,8951.0,33,33,100,0,100,0,200,0,100.0,23408.0,100.0,40958706048.0,100.0,110069825827.0
2018-10-15,Z305D61K,ST4000DM000,4000787030016,0,115,88089288,92,0,100,8,100,0,78,59293429,74,23497,100,0,100,8,100.0,0.0,100.0,0.0,100.0,0.0,100.0,0.0,100.0,0.0,67.0,33.0,100.0,0.0,100.0,0.0,96.0,8951.0,33,33,100,0,100,0,200,0,100.0,23431.0,100.0,40978811120.0,100.0,110170897643.0
2018-10-16,Z305D61K,ST4000DM000,4000787030016,0,107,13021320,92,0,100,8,100,0,78,60199024,74,23523,100,0,100,8,100.0,0.0,100.0,0.0,100.0,0.0,100.0,0.0,100.0,0.0,67.0,33.0,100.0,0.0,100.0,0.0,96.0,8951.0,33,33,100,0,100,0,200,0,100.0,23456.0,100.0,41003061144.0,100.0,110284489028.0
2018-10-17,Z305D61K,ST4000DM000,4000787030016,0,115,92760592,92,0,100,8,100,0,78,61448639,74,23546,100,0,100,8,100.0,0.0,100.0,0.0,100.0,0.0,100.0,0.0,100.0,0.0,67.0,33.0,100.0,0.0,100.0,0.0,96.0,8951.0,33,33,100,0,100,0,200,0,100.0,23480.0,100.0,41034956344.0,100.0,110426603514.0
2018-10-18,Z305D61K,ST4000DM000,4000787030016,0,114,75450312,92,0,100,8,100,0,78,63646561,74,23572,100,0,100,8,100.0,0.0,100.0,0.0,100.0,0.0,100.0,0.0,100.0,0.0,67.0,33.0,100.0,0.0,100.0,0.0,96.0,8954.0,33,33,100,0,100,0,200,0,100.0,23506.0,100.0,41061311544.0,100.0,110599110850.0
2018-10-19,Z305D61K,ST4000DM000,4000787030016,0,118,194645888,92,0,100,8,100,0,78,65091290,74,23597,100,0,100,8,100.0,0.0,100.0,0.0,100.0,0.0,100.0,0.0,100.0,0.0,67.0,33.0,100.0,0.0,100.0,0.0,96.0,8954.0,33,33,100,0,100,0,200,0,100.0,23530.0,100.0,41084520056.0,100.0,110776093389.0
2018-10-20,Z305D61K,ST4000DM000,4000787030016,0,102,5171224,92,0,100,8,100,0,78,66753597,74,23620,100,0,100,8,100.0,0.0,100.0,0.0,100.0,0.0,100.0,0.0,100.0,0.0,67.0,33.0,100.0,0.0,100.0,0.0,96.0,8954.0,33,33,100,0,100,0,200,0,100.0,23554.0,100.0,41100635512.0,100.0,110901336165.0
2018-10-21,Z305D61K,ST4000DM000,4000787030016,0,114,65140672,92,0,100,8,100,0,78,67417411,74,23644,100,0,100,8,100.0,0.0,100.0,0.0,100.0,0.0,100.0,0.0,100.0,0.0,67.0,33.0,100.0,0.0,100.0,0.0,96.0,8954.0,33,33,100,0,100,0,200,0,100.0,23577.0,100.0,41120203416.0,100.0,110964154618.0
2018-10-22,Z305D61K,ST4000DM000,4000787030016,0,117,163710808,92,0,100,8,100,0,78,68373667,73,23669,100,0,100,8,100.0,0.0,100.0,0.0,100.0,0.0,100.0,0.0,100.0,0.0,67.0,33.0,100.0,0.0,100.0,0.0,96.0,8954.0,33,33,100,0,100,0,200,0,100.0,23602.0,100.0,41140094688.0,100.0,111070042852.0
2018-10-23,Z305D61K,ST4000DM000,4000787030016,0,110,27518632,92,0,100,8,100,0,78,69589404,73,23693,100,0,100,8,100.0,0.0,100.0,0.0,100.0,0.0,100.0,0.0,100.0,0.0,67.0,33.0,100.0,0.0,100.0,0.0,96.0,8954.0,33,33,100,0,100,0,200,0,100.0,23626.0,100.0,41165186768.0,100.0,111203063874.0
2018-10-25,Z305D61K,ST4000DM000,4000787030016,0,109,23458600,92,0,100,8,100,0,78,73659887,73,23744,100,0,100,8,100.0,0.0,100.0,0.0,100.0,0.0,100.0,0.0,100.0,0.0,67.0,33.0,100.0,0.0,100.0,0.0,96.0,8957.0,33,33,100,0,100,0,200,0,100.0,23677.0,100.0,41212903512.0,100.0,111466475520.0
2018-10-26,Z305D61K,ST4000DM000,4000787030016,0,119,209372448,92,0,100,8,100,0,78,74663021,73,23768,100,0,100,8,100.0,0.0,100.0,0.0,100.0,0.0,100.0,0.0,100.0,0.0,67.0,33.0,100.0,0.0,100.0,0.0,96.0,8957.0,33,33,100,0,100,0,200,0,100.0,23702.0,100.0,41229672472.0,100.0,111589444151.0
2018-10-27,Z305D61K,ST4000DM000,4000787030016,0,114,73420032,92,0,100,8,100,0,78,76639068,73,23792,100,0,100,8,100.0,0.0,100.0,0.0,100.0,0.0,100.0,0.0,100.0,0.0,67.0,33.0,100.0,0.0,100.0,0.0,96.0,8957.0,33,33,100,0,100,0,200,0,100.0,23726.0,100.0,41258923424.0,100.0,111713676959.0
2018-10-28,Z305D61K,ST4000DM000,4000787030016,0,117,153333768,92,0,100,8,100,0,78,77745182,73,23816,100,0,100,8,100.0,0.0,100.0,0.0,100.0,0.0,100.0,0.0,100.0,0.0,67.0,33.0,100.0,0.0,100.0,0.0,96.0,8957.0,33,33,100,0,100,0,200,0,100.0,23749.0,100.0,41279847680.0,100.0,111826345383.0
2018-10-29,Z305D61K,ST4000DM000,4000787030016,0,118,195564016,92,0,100,8,100,0,78,78419688,73,23839,100,0,100,8,100.0,0.0,100.0,0.0,100.0,0.0,100.0,0.0,100.0,0.0,67.0,33.0,100.0,0.0,100.0,0.0,96.0,8957.0,33,33,100,0,100,0,200,0,100.0,23773.0,100.0,41306384512.0,100.0,111876302294.0
2018-10-30,Z305D61K,ST4000DM000,4000787030016,0,119,211897288,92,0,100,8,100,0,78,79483903,73,23863,100,0,100,8,100.0,0.0,100.0,0.0,100.0,0.0,100.0,0.0,100.0,0.0,68.0,32.0,100.0,0.0,100.0,0.0,96.0,8957.0,32,32,100,0,100,0,200,0,100.0,23797.0,100.0,41350745152.0,100.0,111968376115.0
2018-10-31,Z305D61K,ST4000DM000,4000787030016,0,116,111988728,92.0,0.0,100.0,8.0,100.0,0.0,78.0,80256978.0,73,23888,100.0,0.0,100,8,100.0,0.0,100.0,0.0,100.0,0.0,100.0,0.0,100.0,0.0,67.0,33.0,100.0,0.0,100.0,0.0,96.0,8957.0,33,33,100.0,0.0,100.0,0.0,200.0,0.0,100.0,23822.0,100.0,41370438888.0,100.0,112035155623.0
2018-11-01,Z305D61K,ST4000DM000,4000787030016,0,117,159466632,92.0,0.0,100.0,8.0,100.0,0.0,78.0,81801705.0,73,23907,100.0,0.0,100,8,100.0,0.0,100.0,0.0,100.0,0.0,100.0,0.0,100.0,0.0,66.0,34.0,100.0,0.0,100.0,0.0,96.0,8959.0,34,34,100.0,0.0,100.0,0.0,200.0,0.0,100.0,23841.0,100.0,41387631248.0,100.0,112142554196.0
2018-11-02,Z305D61K,ST4000DM000,4000787030016,0,120,241417504,92.0,0.0,100.0,8.0,100.0,0.0,78.0,82743521.0,73,23931,100.0,0.0,100,8,100.0,0.0,100.0,0.0,100.0,0.0,100.0,0.0,100.0,0.0,67.0,33.0,100.0,0.0,100.0,0.0,96.0,8959.0,33,33,100.0,0.0,100.0,0.0,200.0,0.0,100.0,23864.0,100.0,41408955464.0,100.0,112248192932.0
2018-11-03,Z305D61K,ST4000DM000,4000787030016,0,112,43574008,92.0,0.0,100.0,8.0,100.0,0.0,79.0,84446458.0,73,23955,100.0,0.0,100,8,100.0,0.0,100.0,0.0,100.0,0.0,100.0,0.0,100.0,0.0,67.0,33.0,100.0,0.0,100.0,0.0,96.0,8959.0,33,33,100.0,0.0,100.0,0.0,200.0,0.0,100.0,23889.0,100.0,41429730856.0,100.0,112370228294.0
2018-11-04,Z305D61K,ST4000DM000,4000787030016,0,119,219038224,92.0,0.0,100.0,8.0,100.0,0.0,79.0,85395338.0,73,23979,100.0,0.0,100,8,100.0,0.0,100.0,0.0,100.0,0.0,100.0,0.0,100.0,0.0,67.0,33.0,100.0,0.0,100.0,0.0,96.0,8959.0,33,33,100.0,0.0,100.0,0.0,200.0,0.0,100.0,23913.0,100.0,41454236192.0,100.0,112462962229.0
2018-11-05,Z305D61K,ST4000DM000,4000787030016,0,112,49979496,92.0,0.0,100.0,8.0,100.0,0.0,79.0,86416983.0,73,24003,100.0,0.0,100,8,100.0,0.0,100.0,0.0,100.0,0.0,100.0,0.0,100.0,0.0,67.0,33.0,100.0,0.0,100.0,0.0,96.0,8959.0,33,33,100.0,0.0,100.0,0.0,200.0,0.0,100.0,23937.0,100.0,41472676024.0,100.0,112555486060.0
2018-11-06,Z305D61K,ST4000DM000,4000787030016,0,110.0,26396328.0,92.0,0.0,100.0,8.0,100.0,0.0,79.0,88117193.0,73.0,24027.0,100.0,0.0,100.0,8.0,100.0,0.0,100.0,0.0,100.0,0.0,100.0,0.0,100.0,0.0,67.0,33.0,100.0,0.0,100.0,0.0,96.0,8959.0,33.0,33.0,100.0,0.0,100.0,0.0,200.0,0.0,100.0,23961.0,100.0,41494996456.0,100.0,112686725381.0
2018-11-07,Z305D61K,ST4000DM000,4000787030016,0,120.0,236583456.0,92.0,0.0,100.0,8.0,100.0,0.0,79.0,89189285.0,73.0,24051.0,100.0,0.0,100.0,8.0,100.0,0.0,100.0,0.0,100.0,0.0,100.0,0.0,100.0,0.0,67.0,33.0,100.0,0.0,100.0,0.0,96.0,8959.0,33.0,33.0,100.0,0.0,100.0,0.0,200.0,0.0,100.0,23985.0,100.0,41518440728.0,100.0,112764785898.0
2018-11-08,Z305D61K,ST4000DM000,4000787030016,0,115.0,98826616.0,92.0,0.0,100.0,8.0,100.0,0.0,79.0,90926863.0,73.0,24078.0,100.0,0.0,100.0,8.0,100.0,0.0,100.0,0.0,100.0,0.0,100.0,0.0,100.0,0.0,68.0,32.0,100.0,0.0,100.0,0.0,96.0,8959.0,32.0,32.0,100.0,0.0,100.0,0.0,200.0,0.0,100.0,24011.0,100.0,41548630240.0,100.0,112897444703.0
2018-11-09,Z305D61K,ST4000DM000,4000787030016,0,116,105833456,92.0,0.0,100.0,8.0,100.0,0.0,79.0,92082254.0,73,24102,100.0,0.0,100,8,100.0,0.0,100.0,0.0,100.0,0.0,100.0,0.0,100.0,0.0,68.0,32.0,100.0,0.0,100.0,0.0,96.0,8962.0,32,32,100.0,0.0,100.0,0.0,200.0,0.0,100.0,24035.0,100.0,41568357848.0,100.0,113058653285.0
2018-11-10,Z305D61K,ST4000DM000,4000787030016,0,116,111324624,92.0,0.0,100.0,8.0,100.0,0.0,79.0,95089357.0,73,24126,100.0,0.0,100,8,100.0,0.0,100.0,0.0,100.0,0.0,100.0,0.0,100.0,0.0,68.0,32.0,100.0,0.0,100.0,0.0,96.0,8962.0,32,32,100.0,0.0,100.0,0.0,200.0,0.0,100.0,24059.0,100.0,41627159488.0,100.0,113189536189.0
2018-11-11,Z305D61K,ST4000DM000,4000787030016,0,117,159390696,92.0,0.0,100.0,8.0,100.0,0.0,79.0,95716431.0,73,24150,100.0,0.0,100,8,100.0,0.0,100.0,0.0,100.0,0.0,100.0,0.0,100.0,0.0,68.0,32.0,100.0,0.0,100.0,0.0,96.0,8962.0,32,32,100.0,0.0,100.0,0.0,200.0,0.0,100.0,24083.0,100.0,41659027448.0,100.0,113238549601.0
2018-11-12,Z305D61K,ST4000DM000,4000787030016,0,102,5007536,92.0,0.0,100.0,8.0,100.0,0.0,79.0,96597221.0,73,24174,100.0,0.0,100,8,100.0,0.0,100.0,0.0,100.0,0.0,100.0,0.0,100.0,0.0,68.0,32.0,100.0,0.0,100.0,0.0,96.0,8962.0,32,32,100.0,0.0,100.0,0.0,200.0,0.0,100.0,24108.0,100.0,41675746272.0,100.0,113371728515.0
2018-11-13,Z305D61K,ST4000DM000,4000787030016,0,118,201039360,92.0,0.0,100.0,8.0,100.0,0.0,79.0,97274154.0,73,24198,100.0,0.0,100,8,100.0,0.0,100.0,0.0,100.0,0.0,100.0,0.0,100.0,0.0,68.0,32.0,100.0,0.0,100.0,0.0,96.0,8962.0,32,32,100.0,0.0,100.0,0.0,200.0,0.0,100.0,24132.0,100.0,41694696160.0,100.0,113448781182.0
2018-11-14,Z305D61K,ST4000DM000,4000787030016,0,105,8529720,92.0,0.0,100.0,8.0,100.0,0.0,79.0,98252055.0,73,24222,100.0,0.0,100,8,100.0,0.0,100.0,0.0,100.0,0.0,100.0,0.0,100.0,0.0,67.0,33.0,100.0,0.0,100.0,0.0,96.0,8962.0,33,33,100.0,0.0,100.0,0.0,200.0,0.0,100.0,24156.0,100.0,41726069872.0,100.0,113570444301.0
2018-11-15,Z305D61K,ST4000DM000,4000787030016,0,118,192581992,92.0,0.0,100.0,8.0,100.0,0.0,79.0,100103420.0,73,24246,100.0,0.0,100,8,100.0,0.0,100.0,0.0,100.0,0.0,100.0,0.0,100.0,0.0,67.0,33.0,100.0,0.0,100.0,0.0,96.0,8962.0,33,33,100.0,0.0,100.0,0.0,200.0,0.0,100.0,24180.0,100.0,41755991232.0,100.0,113728020999.0
2018-11-16,Z305D61K,ST4000DM000,4000787030016,0,105,8025520,92.0,0.0,100.0,8.0,100.0,0.0,80.0,101188941.0,73,24270,100.0,0.0,100,8,100.0,0.0,100.0,0.0,100.0,0.0,100.0,0.0,100.0,0.0,67.0,33.0,100.0,0.0,100.0,0.0,96.0,8962.0,33,33,100.0,0.0,100.0,0.0,200.0,0.0,100.0,24204.0,100.0,41773142896.0,100.0,113897610599.0
2018-11-17,Z305D61K,ST4000DM000,4000787030016,0,119.0,224065832.0,92.0,0.0,100.0,8.0,100.0,0.0,80.0,102645059.0,73.0,24295.0,100.0,0.0,100.0,8.0,100.0,0.0,100.0,0.0,100.0,0.0,100.0,0.0,100.0,0.0,67.0,33.0,100.0,0.0,100.0,0.0,96.0,8962.0,33.0,33.0,100.0,0.0,100.0,0.0,200.0,0.0,100.0,24228.0,100.0,41793780624.0,100.0,113985011691.0
2018-11-18,Z305D61K,ST4000DM000,4000787030016,0,119,208051336,92.0,0.0,100.0,8.0,100.0,0.0,80.0,103539843.0,73,24318,100.0,0.0,100,8,100.0,0.0,100.0,0.0,100.0,0.0,100.0,0.0,100.0,0.0,67.0,33.0,100.0,0.0,100.0,0.0,96.0,8962.0,33,33,100.0,0.0,100.0,0.0,200.0,0.0,100.0,24252.0,100.0,41809401296.0,100.0,114117714733.0
2018-11-19,Z305D61K,ST4000DM000,4000787030016,0,120,1878320,92.0,0.0,100.0,8.0,100.0,0.0,80.0,104398813.0,73,24342,100.0,0.0,100,8,100.0,0.0,100.0,0.0,100.0,0.0,100.0,0.0,100.0,0.0,67.0,33.0,100.0,0.0,100.0,0.0,96.0,8962.0,33,33,100.0,0.0,100.0,0.0,200.0,0.0,100.0,24275.0,100.0,41822917104.0,100.0,114246058486.0
2018-11-20,Z305D61K,ST4000DM000,4000787030016,0,112,45470088,92.0,0.0,100.0,8.0,100.0,0.0,80.0,105314319.0,73,24366,100.0,0.0,100,8,100.0,0.0,100.0,0.0,100.0,0.0,100.0,0.0,100.0,0.0,67.0,33.0,100.0,0.0,100.0,0.0,96.0,8962.0,33,33,100.0,0.0,100.0,0.0,200.0,0.0,100.0,24300.0,100.0,41845559256.0,100.0,114368987064.0
2018-11-21,Z305D61K,ST4000DM000,4000787030016,0,119,211545000,92.0,0.0,100.0,8.0,100.0,0.0,80.0,106254266.0,73,24390,100.0,0.0,100,8,98.0,2.0,100.0,0.0,100.0,0.0,100.0,0.0,100.0,0.0,67.0,33.0,100.0,0.0,100.0,0.0,96.0,8974.0,33,33,100.0,0.0,100.0,0.0,200.0,0.0,100.0,24324.0,100.0,41871263056.0,100.0,114515477240.0
2018-11-22,Z305D61K,ST4000DM000,4000787030016,0,117,140171848,92.0,0.0,100.0,8.0,100.0,0.0,80.0,107890335.0,73,24414,100.0,0.0,100,8,98.0,2.0,100.0,0.0,100.0,0.0,100.0,0.0,100.0,0.0,64.0,36.0,100.0,0.0,100.0,0.0,96.0,8974.0,36,36,100.0,0.0,100.0,0.0,200.0,0.0,100.0,24347.0,100.0,41892776976.0,100.0,114717178785.0
2018-11-23,Z305D61K,ST4000DM000,4000787030016,0,119,223401952,92.0,0.0,100.0,8.0,100.0,0.0,80.0,108521600.0,73,24438,100.0,0.0,100,8,98.0,2.0,100.0,0.0,100.0,0.0,100.0,0.0,100.0,0.0,67.0,33.0,100.0,0.0,100.0,0.0,96.0,8974.0,33,33,100.0,0.0,100.0,0.0,200.0,0.0,100.0,24372.0,100.0,41907459472.0,100.0,114883677580.0
2018-11-24,Z305D61K,ST4000DM000,4000787030016,0,115,91806128,92.0,0.0,100.0,8.0,100.0,0.0,80.0,110851668.0,73,24462,100.0,0.0,100,8,98.0,2.0,100.0,0.0,100.0,0.0,100.0,0.0,100.0,0.0,67.0,33.0,100.0,0.0,100.0,0.0,96.0,8974.0,33,33,100.0,0.0,100.0,0.0,200.0,0.0,100.0,24396.0,100.0,41927001728.0,100.0,115069124950.0
2018-11-25,Z305D61K,ST4000DM000,4000787030016,0,117,128380824,92.0,0.0,100.0,8.0,100.0,0.0,80.0,111701154.0,73,24486,100.0,0.0,100,8,98.0,2.0,100.0,0.0,100.0,0.0,100.0,0.0,100.0,0.0,67.0,33.0,100.0,0.0,100.0,0.0,96.0,8974.0,33,33,100.0,0.0,100.0,0.0,200.0,0.0,100.0,24420.0,100.0,41940417448.0,100.0,115234712607.0
2018-11-26,Z305D61K,ST4000DM000,4000787030016,0,113,58376352,92.0,0.0,100.0,8.0,100.0,0.0,80.0,112301763.0,73,24510,100.0,0.0,100,8,98.0,2.0,100.0,0.0,100.0,0.0,100.0,0.0,100.0,0.0,67.0,33.0,100.0,0.0,100.0,0.0,96.0,8974.0,33,33,100.0,0.0,100.0,0.0,200.0,0.0,100.0,24444.0,100.0,41956988120.0,100.0,115415403791.0
2018-11-27,Z305D61K,ST4000DM000,4000787030016,0,118,191292088,92.0,0.0,100.0,8.0,100.0,0.0,80.0,112842598.0,72,24534,100.0,0.0,100,8,98.0,2.0,100.0,0.0,100.0,0.0,100.0,0.0,100.0,0.0,67.0,33.0,100.0,0.0,100.0,0.0,96.0,8974.0,33,33,100.0,0.0,100.0,0.0,200.0,0.0,100.0,24468.0,100.0,41977200792.0,100.0,115566542884.0
2018-11-28,Z305D61K,ST4000DM000,4000787030016,0,117,132548880,92.0,0.0,100.0,8.0,100.0,0.0,80.0,113688918.0,72,24557,100.0,0.0,100,8,98.0,2.0,100.0,0.0,100.0,0.0,100.0,0.0,100.0,0.0,66.0,34.0,100.0,0.0,100.0,0.0,96.0,8974.0,34,34,100.0,0.0,100.0,0.0,200.0,0.0,100.0,24491.0,100.0,41993377320.0,100.0,115722131171.0
2018-11-29,Z305D61K,ST4000DM000,4000787030016,0,112,48975312,92.0,0.0,100.0,8.0,100.0,0.0,80.0,115599592.0,72,24582,100.0,0.0,100,8,98.0,2.0,100.0,0.0,100.0,0.0,100.0,0.0,100.0,0.0,69.0,31.0,100.0,0.0,100.0,0.0,96.0,8974.0,31,31,100.0,0.0,100.0,0.0,200.0,0.0,100.0,24516.0,100.0,42018357832.0,100.0,115922567846.0
2018-11-30,Z305D61K,ST4000DM000,4000787030016,0,118,200338360,92.0,0.0,100.0,8.0,100.0,0.0,80.0,116853162.0,72,24606,100.0,0.0,100,8,98.0,2.0,100.0,0.0,100.0,0.0,100.0,0.0,100.0,0.0,68.0,32.0,100.0,0.0,100.0,0.0,96.0,8974.0,32,32,100.0,0.0,100.0,0.0,200.0,0.0,100.0,24540.0,100.0,42032604000.0,100.0,116106940026.0
2018-12-01,Z305D61K,ST4000DM000,4000787030016,0,118,187911528,92.0,0.0,100.0,8.0,100.0,0.0,81.0,118764079.0,72,24630,100.0,0.0,100,8,98.0,2.0,100.0,0.0,100.0,0.0,100.0,0.0,100.0,0.0,68.0,32.0,100.0,0.0,100.0,0.0,96.0,8974.0,32,32,100.0,0.0,100.0,0.0,200.0,0.0,100.0,24563.0,100.0,42058566720.0,100.0,116262667483.0
2018-12-02,Z305D61K,ST4000DM000,4000787030016,0,117,163688160,92.0,0.0,100.0,8.0,100.0,0.0,81.0,120040848.0,72,24655,100.0,0.0,100,8,98.0,2.0,100.0,0.0,100.0,0.0,100.0,0.0,100.0,0.0,68.0,32.0,100.0,0.0,100.0,0.0,96.0,8974.0,32,32,100.0,0.0,100.0,0.0,200.0,0.0,100.0,24588.0,100.0,42075284512.0,100.0,116443300134.0
2018-12-03,Z305D61K,ST4000DM000,4000787030016,0,112,44011792,92.0,0.0,100.0,8.0,100.0,0.0,81.0,120796559.0,72,24678,100.0,0.0,100,8,98.0,2.0,100.0,0.0,100.0,0.0,100.0,0.0,100.0,0.0,68.0,32.0,100.0,0.0,100.0,0.0,96.0,8974.0,32,32,100.0,0.0,100.0,0.0,200.0,0.0,100.0,24611.0,100.0,42090914968.0,100.0,116564060361.0
2018-12-04,Z305D61K,ST4000DM000,4000787030016,0,113,51697240,92.0,0.0,100.0,8.0,100.0,0.0,81.0,121708863.0,72,24703,100.0,0.0,100,8,98.0,2.0,100.0,0.0,100.0,0.0,100.0,0.0,100.0,0.0,68.0,32.0,100.0,0.0,100.0,0.0,96.0,8974.0,32,32,100.0,0.0,100.0,0.0,200.0,0.0,100.0,24636.0,100.0,42107964936.0,100.0,116697069339.0
2018-12-05,Z305D61K,ST4000DM000,4000787030016,0,118.0,189736912.0,92.0,0.0,100.0,8.0,100.0,0.0,81.0,122790923.0,72.0,24726.0,100.0,0.0,100.0,8.0,98.0,2.0,100.0,0.0,100.0,0.0,100.0,0.0,100.0,0.0,68.0,32.0,100.0,0.0,100.0,0.0,96.0,8974.0,32.0,32.0,100.0,0.0,100.0,0.0,200.0,0.0,100.0,24660.0,100.0,42126544904.0,100.0,116844437833.0
2018-12-06,Z305D61K,ST4000DM000,4000787030016,0,119,223868392,92.0,0.0,100.0,8.0,100.0,0.0,81.0,124529376.0,72,24750,100.0,0.0,100,8,98.0,2.0,100.0,0.0,100.0,0.0,100.0,0.0,100.0,0.0,68.0,32.0,100.0,0.0,100.0,0.0,96.0,8976.0,32,32,100.0,0.0,100.0,0.0,200.0,0.0,100.0,24683.0,100.0,42147922176.0,100.0,116982142087.0
2018-12-07,Z305D61K,ST4000DM000,4000787030016,0,117,145742192,92.0,0.0,100.0,8.0,100.0,0.0,81.0,125603727.0,72,24774,100.0,0.0,100,8,98.0,2.0,100.0,0.0,100.0,0.0,100.0,0.0,100.0,0.0,69.0,31.0,100.0,0.0,100.0,0.0,96.0,8976.0,31,31,100.0,0.0,100.0,0.0,200.0,0.0,100.0,24707.0,100.0,42168696712.0,100.0,117120865629.0
2018-12-08,Z305D61K,ST4000DM000,4000787030016,0,119,219044216,92.0,0.0,100.0,8.0,100.0,0.0,81.0,127416371.0,72,24798,100.0,0.0,100,8,98.0,2.0,100.0,0.0,100.0,0.0,100.0,0.0,100.0,0.0,68.0,32.0,100.0,0.0,100.0,0.0,96.0,8976.0,32,32,100.0,0.0,100.0,0.0,200.0,0.0,100.0,24731.0,100.0,42196572816.0,100.0,117197785634.0
2018-12-09,Z305D61K,ST4000DM000,4000787030016,0,119,225665944,92.0,0.0,100.0,8.0,100.0,0.0,81.0,129006922.0,72,24821,100.0,0.0,100,8,98.0,2.0,100.0,0.0,100.0,0.0,100.0,0.0,100.0,0.0,68.0,32.0,100.0,0.0,100.0,0.0,96.0,8976.0,32,32,100.0,0.0,100.0,0.0,200.0,0.0,100.0,24755.0,100.0,42218196200.0,100.0,117307186410.0
2018-12-10,Z305D61K,ST4000DM000,4000787030016,0,116,112217312,92.0,0.0,100.0,8.0,100.0,0.0,81.0,129829088.0,72,24844,100.0,0.0,100,8,98.0,2.0,100.0,0.0,100.0,0.0,100.0,0.0,100.0,0.0,68.0,32.0,100.0,0.0,100.0,0.0,96.0,8976.0,32,32,100.0,0.0,100.0,0.0,200.0,0.0,100.0,24778.0,100.0,42237556896.0,100.0,117426275336.0
2018-12-11,Z305D61K,ST4000DM000,4000787030016,0,114,79178376,92.0,0.0,100.0,8.0,100.0,0.0,81.0,130943825.0,72,24870,100.0,0.0,100,8,98.0,2.0,100.0,0.0,100.0,0.0,100.0,0.0,100.0,0.0,68.0,32.0,100.0,0.0,100.0,0.0,96.0,8976.0,32,32,100.0,0.0,100.0,0.0,200.0,0.0,100.0,24803.0,100.0,42256183528.0,100.0,117575956267.0
2018-12-12,Z305D61K,ST4000DM000,4000787030016,0,113,51880280,92.0,0.0,100.0,8.0,100.0,0.0,81.0,131940473.0,72,24893,100.0,0.0,100,8,98.0,2.0,100.0,0.0,100.0,0.0,100.0,0.0,100.0,0.0,69.0,31.0,100.0,0.0,100.0,0.0,96.0,8976.0,31,31,100.0,0.0,100.0,0.0,200.0,0.0,100.0,24827.0,100.0,42284462328.0,100.0,117712754714.0
2018-12-13,Z305D61K,ST4000DM000,4000787030016,0,113,58203224,92.0,0.0,100.0,8.0,100.0,0.0,81.0,133448919.0,72,24916,100.0,0.0,100,8,98.0,2.0,100.0,0.0,100.0,0.0,100.0,0.0,100.0,0.0,68.0,32.0,100.0,0.0,100.0,0.0,96.0,8976.0,32,32,100.0,0.0,100.0,0.0,200.0,0.0,100.0,24850.0,100.0,42306242800.0,100.0,117806631526.0
2018-12-14,Z305D61K,ST4000DM000,4000787030016,0,119,220206208,92.0,0.0,100.0,8.0,100.0,0.0,81.0,134430386.0,72,24942,100.0,0.0,100,8,98.0,2.0,100.0,0.0,100.0,0.0,100.0,0.0,100.0,0.0,68.0,32.0,100.0,0.0,100.0,0.0,96.0,8976.0,32,32,100.0,0.0,100.0,0.0,200.0,0.0,100.0,24876.0,100.0,42325336576.0,100.0,117945829713.0
2018-12-15,Z305D61K,ST4000DM000,4000787030016,0,118,173955704,92.0,0.0,100.0,8.0,100.0,0.0,81.0,135986378.0,72,24965,100.0,0.0,100,8,98.0,2.0,100.0,0.0,100.0,0.0,100.0,0.0,100.0,0.0,69.0,31.0,100.0,0.0,100.0,0.0,96.0,8976.0,31,31,100.0,0.0,100.0,0.0,200.0,0.0,100.0,24899.0,100.0,42346779512.0,100.0,118068789168.0
2018-12-16,Z305D61K,ST4000DM000,4000787030016,0,113,56349688,92.0,0.0,100.0,8.0,100.0,0.0,81.0,136559906.0,72,24990,100.0,0.0,100,8,98.0,2.0,100.0,0.0,100.0,0.0,100.0,0.0,100.0,0.0,68.0,32.0,100.0,0.0,100.0,0.0,96.0,8976.0,32,32,100.0,0.0,100.0,0.0,200.0,0.0,100.0,24923.0,100.0,42361450000.0,100.0,118141438928.0
2018-12-17,Z305D61K,ST4000DM000,4000787030016,0,109,23860672,92.0,0.0,100.0,8.0,100.0,0.0,81.0,137645534.0,72,25014,100.0,0.0,100,8,98.0,2.0,100.0,0.0,100.0,0.0,100.0,0.0,100.0,0.0,68.0,32.0,100.0,0.0,100.0,0.0,96.0,8976.0,32,32,100.0,0.0,100.0,0.0,200.0,0.0,100.0,24947.0,100.0,42381149416.0,100.0,118293780571.0
2018-12-18,Z305D61K,ST4000DM000,4000787030016,0,119,233361624,92.0,0.0,100.0,8.0,100.0,0.0,81.0,138888173.0,72,25038,100.0,0.0,100,8,98.0,2.0,100.0,0.0,100.0,0.0,100.0,0.0,100.0,0.0,68.0,32.0,100.0,0.0,100.0,0.0,96.0,8976.0,32,32,100.0,0.0,100.0,0.0,200.0,0.0,100.0,24971.0,100.0,42412471008.0,100.0,118457258640.0
2018-12-19,Z305D61K,ST4000DM000,4000787030016,0,119,230060880,92.0,0.0,100.0,8.0,100.0,0.0,81.0,140064861.0,72,25061,100.0,0.0,100,8,98.0,2.0,100.0,0.0,100.0,0.0,100.0,0.0,100.0,0.0,69.0,31.0,100.0,0.0,100.0,0.0,96.0,8976.0,31,31,100.0,0.0,100.0,0.0,200.0,0.0,100.0,24995.0,100.0,42431923080.0,100.0,118583577417.0
2018-12-20,Z305D61K,ST4000DM000,4000787030016,0,110,27239072,92.0,0.0,100.0,8.0,100.0,0.0,81.0,141419109.0,72,25081,100.0,0.0,100,8,98.0,2.0,100.0,0.0,100.0,0.0,100.0,0.0,100.0,0.0,68.0,32.0,100.0,0.0,100.0,0.0,96.0,8976.0,32,32,100.0,0.0,100.0,0.0,200.0,0.0,100.0,25015.0,100.0,42446824336.0,100.0,118671584005.0
2018-12-21,Z305D61K,ST4000DM000,4000787030016,0,120,237002056,92.0,0.0,100.0,8.0,100.0,0.0,81.0,142531414.0,72,25106,100.0,0.0,100,8,98.0,2.0,100.0,0.0,100.0,0.0,100.0,0.0,100.0,0.0,68.0,32.0,100.0,0.0,100.0,0.0,96.0,8976.0,32,32,100.0,0.0,100.0,0.0,200.0,0.0,100.0,25039.0,100.0,42478106448.0,100.0,118807287743.0
2018-12-22,Z305D61K,ST4000DM000,4000787030016,0,118,174730376,92.0,0.0,100.0,8.0,100.0,0.0,81.0,144076865.0,72,25129,100.0,0.0,100,8,98.0,2.0,100.0,0.0,100.0,0.0,100.0,0.0,100.0,0.0,68.0,32.0,100.0,0.0,100.0,0.0,96.0,8976.0,32,32,100.0,0.0,100.0,0.0,200.0,0.0,100.0,25063.0,100.0,42492965736.0,100.0,118948973594.0
2018-12-23,Z305D61K,ST4000DM000,4000787030016,0,119,228030608,92.0,0.0,100.0,8.0,100.0,0.0,81.0,146153469.0,72,25154,100.0,0.0,100,8,98.0,2.0,100.0,0.0,100.0,0.0,100.0,0.0,100.0,0.0,68.0,32.0,100.0,0.0,100.0,0.0,96.0,8976.0,32,32,100.0,0.0,100.0,0.0,200.0,0.0,100.0,25088.0,100.0,42523576864.0,100.0,119087663915.0
2018-12-24,Z305D61K,ST4000DM000,4000787030016,0,119,231941904,92.0,0.0,100.0,8.0,100.0,0.0,81.0,147286306.0,72,25179,100.0,0.0,100,8,98.0,2.0,100.0,0.0,100.0,0.0,100.0,0.0,100.0,0.0,68.0,32.0,100.0,0.0,100.0,0.0,96.0,8976.0,32,32,100.0,0.0,100.0,0.0,200.0,0.0,100.0,25112.0,100.0,42582133928.0,100.0,119201746532.0
2018-12-25,Z305D61K,ST4000DM000,4000787030016,0,119,216245016,92.0,0.0,100.0,8.0,100.0,0.0,81.0,148179835.0,72,25201,100.0,0.0,100,8,98.0,2.0,100.0,0.0,100.0,0.0,100.0,0.0,100.0,0.0,68.0,32.0,100.0,0.0,100.0,0.0,96.0,8976.0,32,32,100.0,0.0,100.0,0.0,200.0,0.0,100.0,25135.0,100.0,42603851528.0,100.0,119295982719.0
2018-12-26,Z305D61K,ST4000DM000,4000787030016,0,118,193581072,92.0,0.0,100.0,8.0,100.0,0.0,81.0,149140682.0,72,25225,100.0,0.0,100,8,98.0,2.0,100.0,0.0,100.0,0.0,100.0,0.0,100.0,0.0,68.0,32.0,100.0,0.0,100.0,0.0,96.0,8976.0,32,32,100.0,0.0,100.0,0.0,200.0,0.0,100.0,25159.0,100.0,42618874624.0,100.0,119411318189.0
2018-12-27,Z305D61K,ST4000DM000,4000787030016,0,119,209011504,92.0,0.0,100.0,8.0,100.0,0.0,81.0,150798775.0,72,25249,100.0,0.0,100,8,98.0,2.0,100.0,0.0,100.0,0.0,100.0,0.0,100.0,0.0,68.0,32.0,100.0,0.0,100.0,0.0,96.0,8976.0,32,32,100.0,0.0,100.0,0.0,200.0,0.0,100.0,25183.0,100.0,42641869952.0,100.0,119517935683.0
2018-12-28,Z305D61K,ST4000DM000,4000787030016,0,120,241955656,92.0,0.0,100.0,8.0,100.0,0.0,81.0,151711230.0,72,25274,100.0,0.0,100,8,98.0,2.0,100.0,0.0,100.0,0.0,100.0,0.0,100.0,0.0,68.0,32.0,100.0,0.0,100.0,0.0,96.0,8976.0,32,32,100.0,0.0,100.0,0.0,200.0,0.0,100.0,25207.0,100.0,42655813936.0,100.0,119633944612.0
2018-12-29,Z305D61K,ST4000DM000,4000787030016,0,117,154330200,92.0,0.0,100.0,8.0,100.0,0.0,81.0,152973044.0,72,25298,100.0,0.0,100,8,98.0,2.0,100.0,0.0,100.0,0.0,100.0,0.0,100.0,0.0,69.0,31.0,100.0,0.0,100.0,0.0,96.0,8976.0,31,31,100.0,0.0,100.0,0.0,200.0,0.0,100.0,25232.0,100.0,42669431344.0,100.0,119737896236.0
2018-12-30,Z305D61K,ST4000DM000,4000787030016,0,118,188824664,92.0,0.0,100.0,8.0,100.0,0.0,81.0,154382693.0,72,25322,100.0,0.0,100,8,98.0,2.0,100.0,0.0,100.0,0.0,100.0,0.0,100.0,0.0,69.0,31.0,100.0,0.0,100.0,0.0,96.0,8976.0,31,31,100.0,0.0,100.0,0.0,200.0,0.0,100.0,25255.0,100.0,42685001016.0,100.0,119844798375.0
2018-12-31,Z305D61K,ST4000DM000,4000787030016,0,114,82952024,92.0,0.0,100.0,8.0,100.0,0.0,81.0,155369413.0,72,25346,100.0,0.0,100,8,98.0,2.0,100.0,0.0,100.0,0.0,100.0,0.0,100.0,0.0,69.0,31.0,100.0,0.0,100.0,0.0,96.0,8976.0,31,31,100.0,0.0,100.0,0.0,200.0,0.0,100.0,25280.0,100.0,42698363488.0,100.0,119969416214.0
