2018-01-01,Z305DFVR,ST4000DM000,4000787030016,0,107,13235408,92,0,100,10,100,0,89,909558386,80,17950,100,0,100,10,100.0,0.0,100.0,0.0,100.0,0.0,100.0,0.0,100.0,0.0,76.0,24.0,100.0,0.0,100.0,0.0,84.0,33982.0,24,24,100,0,100,0,200,0,100.0,17700.0,100.0,39518145128.0,100.0,73445843525.0
2018-01-02,Z305DFVR,ST4000DM000,4000787030016,0,117,155369232,92,0,100,10,100,0,89,911047647,80,17974,100,0,100,10,100.0,0.0,100.0,0.0,100.0,0.0,100.0,0.0,100.0,0.0,76.0,24.0,100.0,0.0,100.0,0.0,84.0,33982.0,24,24,100,0,100,0,200,0,100.0,17724.0,100.0,39564040968.0,100.0,73569299924.0
2018-01-03,Z305DFVR,ST4000DM000,4000787030016,0,112,46131896,92,0,100,10,100,0,89,912790785,80,17998,100,0,100,10,100.0,0.0,100.0,0.0,100.0,0.0,100.0,0.0,100.0,0.0,73.0,27.0,100.0,0.0,100.0,0.0,84.0,33982.0,27,27,100,0,100,0,200,0,100.0,17749.0,100.0,39624260472.0,100.0,73650737502.0
2018-01-04,Z305DFVR,ST4000DM000,4000787030016,0,117,156494896,92,0,100,10,100,0,89,913958225,80,18015,100,0,100,10,100.0,0.0,100.0,0.0,100.0,0.0,100.0,0.0,100.0,0.0,76.0,24.0,100.0,0.0,100.0,0.0,84.0,33982.0,24,24,100,0,100,0,200,0,100.0,17765.0,100.0,39662189416.0,100.0,73691994779.0
2018-01-05,Z305DFVR,ST4000DM000,4000787030016,0,119.0,219320088.0,92.0,0.0,100.0,10.0,100.0,0.0,89.0,915247995.0,80.0,18038.0,100.0,0.0,100.0,10.0,100.0,0.0,100.0,0.0,100.0,0.0,100.0,0.0,100.0,0.0,76.0,24.0,100.0,0.0,100.0,0.0,84.0,33982.0,24.0,24.0,100.0,0.0,100.0,0.0,200.0,0.0,100.0,17789.0,100.0,39717716656.0,100.0,73769405305.0
2018-01-06,Z305DFVR,ST4000DM000,4000787030016,0,117,128109944,92,0,100,10,100,0,89,917002463,80,18063,100,0,100,10,100.0,0.0,100.0,0.0,100.0,0.0,100.0,0.0,100.0,0.0,78.0,22.0,100.0,0.0,100.0,0.0,84.0,33982.0,22,22,100,0,100,0,200,0,100.0,17813.0,100.0,39767973640.0,100.0,73887041989.0
2018-01-07,Z305DFVR,ST4000DM000,4000787030016,0,111,35920120,92,0,100,10,100,0,89,918890250,80,18087,100,0,100,10,100.0,0.0,100.0,0.0,100.0,0.0,100.0,0.0,100.0,0.0,78.0,22.0,100.0,0.0,100.0,0.0,84.0,33982.0,22,22,100,0,100,0,200,0,100.0,17837.0,100.0,39803509640.0,100.0,74015810691.0
2018-01-08,Z305DFVR,ST4000DM000,4000787030016,0,119,203653024,92,0,100,10,100,0,89,922053663,80,18111,100,0,100,10,100.0,0.0,100.0,0.0,100.0,0.0,100.0,0.0,100.0,0.0,78.0,22.0,100.0,0.0,100.0,0.0,84.0,33982.0,22,22,100,0,100,0,200,0,100.0,17861.0,100.0,39843283568.0,100.0,74144711463.0
2018-01-09,Z305DFVR,ST4000DM000,4000787030016,0,119,217136560,92,0,100,10,100,0,89,923711192,80,18134,100,0,100,10,100.0,0.0,100.0,0.0,100.0,0.0,100.0,0.0,100.0,0.0,78.0,22.0,100.0,0.0,100.0,0.0,84.0,33982.0,22,22,100,0,100,0,200,0,100.0,17885.0,100.0,39872317792.0,100.0,74278568226.0
2018-01-10,Z305DFVR,ST4000DM000,4000787030016,0,118,172756024,92,0,100,10,100,0,89,925245577,80,18162,100,0,100,10,100.0,0.0,100.0,0.0,100.0,0.0,100.0,0.0,100.0,0.0,78.0,22.0,100.0,0.0,100.0,0.0,84.0,33982.0,22,22,100,0,100,0,200,0,100.0,17912.0,100.0,39896210064.0,100.0,74392888089.0
2018-01-11,Z305DFVR,ST4000DM000,4000787030016,0,118,178238144,92,0,100,10,100,0,89,926477074,80,18174,100,0,100,10,100.0,0.0,100.0,0.0,100.0,0.0,100.0,0.0,100.0,0.0,77.0,23.0,100.0,0.0,100.0,0.0,84.0,33985.0,23,23,100,0,100,0,200,0,100.0,17925.0,100.0,39900134736.0,100.0,74460571085.0
2018-01-12,Z305DFVR,ST4000DM000,4000787030016,0,118,191941824,92,0,100,10,100,0,89,929903189,80,18216,100,0,100,10,100.0,0.0,100.0,0.0,100.0,0.0,100.0,0.0,100.0,0.0,77.0,23.0,100.0,0.0,100.0,0.0,84.0,33987.0,23,23,100,0,100,0,200,0,100.0,17967.0,100.0,39928160712.0,100.0,74708230087.0
2018-01-13,Z305DFVR,ST4000DM000,4000787030016,0,108.0,18462552.0,92.0,0.0,100.0,10.0,100,0,89.0,931170659.0,80,18241,100.0,0.0,100,10,100.0,0.0,100.0,0.0,100.0,0.0,100.0,0.0,100.0,0.0,77.0,23.0,100.0,0.0,100.0,0.0,84.0,33987.0,23.0,23.0,100.0,0.0,100.0,0.0,200,0,100.0,17991.0,100.0,39943339064.0,100.0,74846273680.0
2018-01-14,Z305DFVR,ST4000DM000,4000787030016,0,113.0,50914264.0,92.0,0.0,100.0,10.0,100,0,89.0,932285465.0,80,18264,100.0,0.0,100,10,100.0,0.0,100.0,0.0,100.0,0.0,100.0,0.0,100.0,0.0,78.0,22.0,100.0,0.0,100.0,0.0,84.0,33987.0,22.0,22.0,100.0,0.0,100.0,0.0,200,0,100.0,18014.0,100.0,39948121024.0,100.0,74989102911.0
2018-01-15,Z305DFVR,ST4000DM000,4000787030016,0,117.0,121973040.0,92.0,0.0,100.0,10.0,100,0,89.0,934228953.0,80,18288,100.0,0.0,100,10,100.0,0.0,100.0,0.0,100.0,0.0,100.0,0.0,100.0,0.0,78.0,22.0,100.0,0.0,100.0,0.0,84.0,33987.0,22.0,22.0,100.0,0.0,100.0,0.0,200,0,100.0,18038.0,100.0,39958131744.0,100.0,75123334037.0
2018-01-16,Z305DFVR,ST4000DM000,4000787030016,0,117.0,124918064.0,92.0,0.0,100.0,10.0,100,0,89.0,935168841.0,80,18312,100.0,0.0,100,10,100.0,0.0,100.0,0.0,100.0,0.0,100.0,0.0,100.0,0.0,77.0,23.0,100.0,0.0,100.0,0.0,84.0,33987.0,23.0,23.0,100.0,0.0,100.0,0.0,200,0,100.0,18063.0,100.0,39964453336.0,100.0,75210999062.0
2018-01-17,Z305DFVR,ST4000DM000,4000787030016,0,114.0,62040256.0,92.0,0.0,100.0,10.0,100,0,89.0,936799204.0,80,18336,100.0,0.0,100,10,100.0,0.0,100.0,0.0,100.0,0.0,100.0,0.0,100.0,0.0,78.0,22.0,100.0,0.0,100.0,0.0,84.0,33987.0,22.0,22.0,100.0,0.0,100.0,0.0,200,0,100.0,18087.0,100.0,39977695392.0,100.0,75317165273.0
2018-01-18,Z305DFVR,ST4000DM000,4000787030016,0,117.0,135626768.0,92.0,0.0,100.0,10.0,100.0,0.0,89.0,937417784.0,80.0,18351.0,100.0,0.0,100.0,10.0,100.0,0.0,100.0,0.0,100.0,0.0,100.0,0.0,100.0,0.0,79.0,21.0,100.0,0.0,100.0,0.0,84.0,33987.0,21.0,21.0,100.0,0.0,100.0,0.0,200.0,0.0,100.0,18101.0,100.0,39981796512.0,100.0,75380767483.0
2018-01-19,Z305DFVR,ST4000DM000,4000787030016,0,117.0,152049448.0,92.0,0.0,100.0,10.0,100.0,0.0,89.0,938414101.0,80.0,18375.0,100.0,0.0,100.0,10.0,100.0,0.0,100.0,0.0,100.0,0.0,100.0,0.0,100.0,0.0,78.0,22.0,100.0,0.0,100.0,0.0,84.0,33991.0,22.0,22.0,100.0,0.0,100.0,0.0,200.0,0.0,100.0,18125.0,100.0,39996828360.0,100.0,75477372106.0
2018-01-20,Z305DFVR,ST4000DM000,4000787030016,0,117.0,134377320.0,92.0,0.0,100.0,10.0,100,0,90.0,939592208.0,79,18399,100.0,0.0,100,10,100.0,0.0,100.0,0.0,100.0,0.0,100.0,0.0,100.0,0.0,79.0,21.0,100.0,0.0,100.0,0.0,84.0,33991.0,21.0,21.0,100.0,0.0,100.0,0.0,200,0,100.0,18150.0,100.0,40009166024.0,100.0,75582814491.0
2018-01-21,Z305DFVR,ST4000DM000,4000787030016,0,119.0,207981896.0,92.0,0.0,100.0,10.0,100,0,90.0,940645843.0,79,18423,100.0,0.0,100,10,100.0,0.0,100.0,0.0,100.0,0.0,100.0,0.0,100.0,0.0,78.0,22.0,100.0,0.0,100.0,0.0,84.0,33991.0,22.0,22.0,100.0,0.0,100.0,0.0,200,0,100.0,18174.0,100.0,40019888520.0,100.0,75680285463.0
2018-01-22,Z305DFVR,ST4000DM000,4000787030016,0,115.0,90559552.0,92.0,0.0,100.0,10.0,100,0,90.0,942558014.0,79,18447,100.0,0.0,100,10,100.0,0.0,100.0,0.0,100.0,0.0,100.0,0.0,100.0,0.0,79.0,21.0,100.0,0.0,100.0,0.0,84.0,33991.0,21.0,21.0,100.0,0.0,100.0,0.0,200,0,100.0,18197.0,100.0,40031919184.0,100.0,75847589022.0
2018-01-23,Z305DFVR,ST4000DM000,4000787030016,0,114.0,62792440.0,92.0,0.0,100.0,10.0,100,0,90.0,943010882.0,79,18459,100.0,0.0,100,10,100.0,0.0,100.0,0.0,100.0,0.0,100.0,0.0,100.0,0.0,78.0,22.0,100.0,0.0,100.0,0.0,84.0,33991.0,22.0,22.0,100.0,0.0,100.0,0.0,200,0,100.0,18209.0,100.0,40035307136.0,100.0,75900470954.0
2018-01-24,Z305DFVR,ST4000DM000,4000787030016,0,117.0,127280632.0,92.0,0.0,100.0,10.0,100,0,90.0,944910161.0,79,18504,100.0,0.0,100,10,100.0,0.0,100.0,0.0,100.0,0.0,100.0,0.0,100.0,0.0,79.0,21.0,100.0,0.0,100.0,0.0,84.0,33991.0,21.0,21.0,100.0,0.0,100.0,0.0,200,0,100.0,18254.0,100.0,40064746336.0,100.0,76043781573.0
2018-01-25,Z305DFVR,ST4000DM000,4000787030016,0,108.0,15117600.0,92.0,0.0,100.0,10.0,100,0,90.0,945771268.0,79,18520,100.0,0.0,100,10,100.0,0.0,100.0,0.0,100.0,0.0,100.0,0.0,100.0,0.0,79.0,21.0,100.0,0.0,100.0,0.0,84.0,33991.0,21.0,21.0,100.0,0.0,100.0,0.0,200,0,100.0,18270.0,100.0,40073769280.0,100.0,76129033656.0
2018-01-26,Z305DFVR,ST4000DM000,4000787030016,0,117.0,128367960.0,92.0,0.0,100.0,10.0,100,0,90.0,946174617.0,79,18531,100.0,0.0,100,10,100.0,0.0,100.0,0.0,100.0,0.0,100.0,0.0,100.0,0.0,79.0,21.0,100.0,0.0,100.0,0.0,84.0,33992.0,21.0,21.0,100.0,0.0,100.0,0.0,200,0,100.0,18282.0,100.0,40076625168.0,100.0,76193592773.0
2018-01-27,Z305DFVR,ST4000DM000,4000787030016,0,114.0,62773744.0,92.0,0.0,100.0,10.0,100,0,90.0,948958789.0,79,18568,100.0,0.0,100,10,100.0,0.0,100.0,0.0,100.0,0.0,100.0,0.0,100.0,0.0,79.0,21.0,100.0,0.0,100.0,0.0,84.0,33992.0,21.0,21.0,100.0,0.0,100.0,0.0,200,0,100.0,18318.0,100.0,40084878704.0,100.0,76396999071.0
2018-01-28,Z305DFVR,ST4000DM000,4000787030016,0,114.0,60801296.0,92.0,0.0,100.0,10.0,100,0,90.0,950161482.0,79,18591,100.0,0.0,100,10,100.0,0.0,100.0,0.0,100.0,0.0,100.0,0.0,100.0,0.0,79.0,21.0,100.0,0.0,100.0,0.0,84.0,33996.0,21.0,21.0,100.0,0.0,100.0,0.0,200,0,100.0,18342.0,100.0,40090174056.0,100.0,76523278933.0
2018-01-29,Z305DFVR,ST4000DM000,4000787030016,0,117.0,139126656.0,92.0,0.0,100.0,10.0,100,0,90.0,951954820.0,79,18616,100.0,0.0,100,10,100.0,0.0,100.0,0.0,100.0,0.0,100.0,0.0,100.0,0.0,79.0,21.0,100.0,0.0,100.0,0.0,84.0,33996.0,21.0,21.0,100.0,0.0,100.0,0.0,200,0,100.0,18366.0,100.0,40100087712.0,100.0,76724278716.0
2018-01-30,Z305DFVR,ST4000DM000,4000787030016,0,119.0,222399872.0,92.0,0.0,100.0,10.0,100,0,90.0,953385028.0,79,18649,100.0,0.0,100,10,100.0,0.0,100.0,0.0,100.0,0.0,100.0,0.0,100.0,0.0,79.0,21.0,100.0,0.0,100.0,0.0,84.0,33999.0,21.0,21.0,100.0,0.0,100.0,0.0,200,0,100.0,18399.0,100.0,40108259432.0,100.0,76940577326.0
2018-01-31,Z305DFVR,ST4000DM000,4000787030016,0,120.0,237528144.0,92.0,0.0,100.0,10.0,100.0,0.0,90.0,954580164.0,79.0,18673.0,100.0,0.0,100.0,10.0,100.0,0.0,100.0,0.0,100.0,0.0,100.0,0.0,100.0,0.0,78.0,22.0,100.0,0.0,100.0,0.0,84.0,33999.0,22.0,22.0,100.0,0.0,100.0,0.0,200.0,0.0,100.0,18423.0,100.0,40116004888.0,100.0,77073127750.0
2018-02-01,Z305DFVR,ST4000DM000,4000787030016,0,119.0,214474472.0,92.0,0.0,100.0,10.0,100,0,90.0,955134092.0,79,18697,100.0,0.0,100,10,100.0,0.0,100.0,0.0,100.0,0.0,100.0,0.0,100.0,0.0,78.0,22.0,100.0,0.0,100.0,0.0,84.0,33999.0,22.0,22.0,100.0,0.0,100.0,0.0,200,0,100.0,18447.0,100.0,40122672920.0,100.0,77238072047.0
2018-02-02,Z305DFVR,ST4000DM000,4000787030016,0,110.0,25391352.0,92.0,0.0,100.0,10.0,100,0,90.0,955675814.0,79,18721,100.0,0.0,100,10,100.0,0.0,100.0,0.0,100.0,0.0,100.0,0.0,100.0,0.0,79.0,21.0,100.0,0.0,100.0,0.0,84.0,33999.0,21.0,21.0,100.0,0.0,100.0,0.0,200,0,100.0,18471.0,100.0,40128596896.0,100.0,77410241652.0
2018-02-03,Z305DFVR,ST4000DM000,4000787030016,0,120.0,241456248.0,92.0,0.0,100.0,10.0,100,0,90.0,956289757.0,79,18744,100.0,0.0,100,10,100.0,0.0,100.0,0.0,100.0,0.0,100.0,0.0,100.0,0.0,79.0,21.0,100.0,0.0,100.0,0.0,84.0,33999.0,21.0,21.0,100.0,0.0,100.0,0.0,200,0,100.0,18494.0,100.0,40133557768.0,100.0,77585254911.0
2018-02-04,Z305DFVR,ST4000DM000,4000787030016,0,106.0,11861808.0,92.0,0.0,100.0,10.0,100,0,90.0,956664320.0,79,18764,100.0,0.0,100,10,100.0,0.0,100.0,0.0,100.0,0.0,100.0,0.0,100.0,0.0,79.0,21.0,100.0,0.0,100.0,0.0,84.0,33999.0,21.0,21.0,100.0,0.0,100.0,0.0,200,0,100.0,18514.0,100.0,40136421608.0,100.0,77719460474.0
2018-02-05,Z305DFVR,ST4000DM000,4000787030016,0,116.0,113907384.0,92.0,0.0,100.0,10.0,100,0,90.0,958024717.0,79,18789,100.0,0.0,100,10,100.0,0.0,100.0,0.0,100.0,0.0,100.0,0.0,100.0,0.0,79.0,21.0,100.0,0.0,100.0,0.0,84.0,33999.0,21.0,21.0,100.0,0.0,100.0,0.0,200,0,100.0,18539.0,100.0,40143338712.0,100.0,77931967057.0
2018-02-06,Z305DFVR,ST4000DM000,4000787030016,0,119.0,208787800.0,92.0,0.0,100.0,10.0,100,0,90.0,958511432.0,79,18812,100.0,0.0,100,10,100.0,0.0,100.0,0.0,100.0,0.0,100.0,0.0,100.0,0.0,78.0,22.0,100.0,0.0,100.0,0.0,84.0,33999.0,22.0,22.0,100.0,0.0,100.0,0.0,200,0,100.0,18562.0,100.0,40147681344.0,100.0,78101258285.0
2018-02-07,Z305DFVR,ST4000DM000,4000787030016,0,114.0,78302848.0,92.0,0.0,100.0,10.0,100,0,90.0,959664155.0,79,18836,100.0,0.0,100,10,100.0,0.0,100.0,0.0,100.0,0.0,100.0,0.0,100.0,0.0,79.0,21.0,100.0,0.0,100.0,0.0,83.0,34000.0,21.0,21.0,100.0,0.0,100.0,0.0,200,0,100.0,18586.0,100.0,40153741880.0,100.0,78226209537.0
2018-02-08,Z305DFVR,ST4000DM000,4000787030016,0,115.0,89560880.0,92.0,0.0,100.0,10.0,100,0,90.0,960622737.0,79,18862,100.0,0.0,100,10,100.0,0.0,100.0,0.0,100.0,0.0,100.0,0.0,100.0,0.0,79.0,21.0,100.0,0.0,100.0,0.0,83.0,34003.0,21.0,21.0,100.0,0.0,100.0,0.0,200,0,100.0,18612.0,100.0,40159162544.0,100.0,78348148114.0
2018-02-09,Z305DFVR,ST4000DM000,4000787030016,0,118,175296856,92,0,100,10,100,0,90,961363880,79,18885,100,0,100,10,100.0,0.0,100.0,0.0,100.0,0.0,100.0,0.0,100.0,0.0,79.0,21.0,100.0,0.0,100.0,0.0,83.0,34003.0,21,21,100,0,100,0,200,0,100.0,18635.0,100.0,40162438472.0,100.0,78476775281.0
2018-02-10,Z305DFVR,ST4000DM000,4000787030016,0,118.0,177922912.0,92.0,0.0,100.0,10.0,100.0,0.0,90.0,962221161.0,79.0,18910.0,100.0,0.0,100.0,10.0,100.0,0.0,100.0,0.0,100.0,0.0,100.0,0.0,100.0,0.0,79.0,21.0,100.0,0.0,100.0,0.0,83.0,34003.0,21.0,21.0,100.0,0.0,100.0,0.0,200.0,0.0,100.0,18660.0,100.0,40165870016.0,100.0,78630591664.0
2018-02-11,Z305DFVR,ST4000DM000,4000787030016,0,118,181781024,92,0,100,10,100,0,90,964370666,79,18934,100,0,100,10,100.0,0.0,100.0,0.0,100.0,0.0,100.0,0.0,100.0,0.0,79.0,21.0,100.0,0.0,100.0,0.0,83.0,34003.0,21,21,100,0,100,0,200,0,100.0,18684.0,100.0,40172838808.0,100.0,78797107616.0
2018-02-12,Z305DFVR,ST4000DM000,4000787030016,0,114,68538936,92,0,100,10,100,0,90,966847514,79,18958,100,0,100,10,100.0,0.0,100.0,0.0,100.0,0.0,100.0,0.0,100.0,0.0,79.0,21.0,100.0,0.0,100.0,0.0,83.0,34003.0,21,21,100,0,100,0,200,0,100.0,18707.0,100.0,40175718344.0,100.0,78996809724.0
2018-02-13,Z305DFVR,ST4000DM000,4000787030016,0,119,217023040,92,0,100,10,100,0,90,967754581,79,18982,100,0,100,10,100.0,0.0,100.0,0.0,100.0,0.0,100.0,0.0,100.0,0.0,78.0,22.0,100.0,0.0,100.0,0.0,83.0,34003.0,22,22,100,0,100,0,200,0,100.0,18731.0,100.0,40178212680.0,100.0,79156376478.0
2018-02-14,Z305DFVR,ST4000DM000,4000787030016,0,119,215347056,92,0,100,10,100,0,90,969462066,79,19006,100,0,100,10,100.0,0.0,100.0,0.0,100.0,0.0,100.0,0.0,100.0,0.0,79.0,21.0,100.0,0.0,100.0,0.0,83.0,34005.0,21,21,100,0,100,0,200,0,100.0,18756.0,100.0,40183347656.0,100.0,79323388803.0
2018-02-15,Z305DFVR,ST4000DM000,4000787030016,0,117,165379560,92,0,100,10,100,0,90,970890118,79,19030,100,0,100,10,100.0,0.0,100.0,0.0,100.0,0.0,100.0,0.0,100.0,0.0,79.0,21.0,100.0,0.0,100.0,0.0,83.0,34005.0,21,21,100,0,100,0,200,0,100.0,18780.0,100.0,40185394248.0,100.0,79471691485.0
2018-02-16,Z305DFVR,ST4000DM000,4000787030016,0,120,235116136,92,0,100,10,100,0,90,971620647,79,19054,100,0,100,10,100.0,0.0,100.0,0.0,100.0,0.0,100.0,0.0,100.0,0.0,79.0,21.0,100.0,0.0,100.0,0.0,83.0,34005.0,21,21,100,0,100,0,200,0,100.0,18804.0,100.0,40187324624.0,100.0,79630100916.0
2018-02-17,Z305DFVR,ST4000DM000,4000787030016,0,117,156083808,92,0,100,10,100,0,90,972383839,79,19077,100,0,100,10,100.0,0.0,100.0,0.0,100.0,0.0,100.0,0.0,100.0,0.0,79.0,21.0,100.0,0.0,100.0,0.0,83.0,34005.0,21,21,100,0,100,0,200,0,100.0,18827.0,100.0,40189902136.0,100.0,79756540785.0
2018-02-18,Z305DFVR,ST4000DM000,4000787030016,0,120,242047408,92,0,100,10,100,0,90,973266231,79,19101,100,0,100,10,100.0,0.0,100.0,0.0,100.0,0.0,100.0,0.0,100.0,0.0,78.0,22.0,100.0,0.0,100.0,0.0,83.0,34005.0,22,22,100,0,100,0,200,0,100.0,18851.0,100.0,40192357464.0,100.0,79898769656.0
2018-02-19,Z305DFVR,ST4000DM000,4000787030016,0,109,24416024,92,0,100,10,100,0,90,975284869,79,19126,100,0,100,10,100.0,0.0,100.0,0.0,100.0,0.0,100.0,0.0,100.0,0.0,78.0,22.0,100.0,0.0,100.0,0.0,83.0,34005.0,22,22,100,0,100,0,200,0,100.0,18876.0,100.0,40200515040.0,100.0,80090806874.0
2018-02-20,Z305DFVR,ST4000DM000,4000787030016,0,107,14009024,92,0,100,10,100,0,90,975998232,79,19150,100,0,100,10,100.0,0.0,100.0,0.0,100.0,0.0,100.0,0.0,100.0,0.0,78.0,22.0,100.0,0.0,100.0,0.0,83.0,34005.0,22,22,100,0,100,0,200,0,100.0,18900.0,100.0,40205642496.0,100.0,80171740294.0
2018-02-21,Z305DFVR,ST4000DM000,4000787030016,0,117,157832376,92,0,100,10,100,0,90,977191556,79,19174,100,0,100,10,100.0,0.0,100.0,0.0,100.0,0.0,100.0,0.0,100.0,0.0,78.0,22.0,100.0,0.0,100.0,0.0,83.0,34007.0,22,22,100,0,100,0,200,0,100.0,18924.0,100.0,40211450872.0,100.0,80241763745.0
2018-02-22,Z305DFVR,ST4000DM000,4000787030016,0,119,231122976,92,0,100,10,100,0,90,977591648,79,19197,100,0,100,10,100.0,0.0,100.0,0.0,100.0,0.0,100.0,0.0,100.0,0.0,78.0,22.0,100.0,0.0,100.0,0.0,83.0,34011.0,22,22,100,0,100,0,200,0,100.0,18947.0,100.0,40214123704.0,100.0,80294523015.0
2018-02-23,Z305DFVR,ST4000DM000,4000787030016,0,118,176886920,92,0,100,10,100,0,90,978340485,79,19221,100,0,100,10,100.0,0.0,100.0,0.0,100.0,0.0,100.0,0.0,100.0,0.0,77.0,23.0,100.0,0.0,100.0,0.0,83.0,34011.0,23,23,100,0,100,0,200,0,100.0,18971.0,100.0,40215986816.0,100.0,80401042194.0
2018-02-24,Z305DFVR,ST4000DM000,4000787030016,0,119,207618624,92,0,100,10,100,0,90,979427051,79,19245,100,0,100,10,100.0,0.0,100.0,0.0,100.0,0.0,100.0,0.0,100.0,0.0,79.0,21.0,100.0,0.0,100.0,0.0,83.0,34011.0,21,21,100,0,100,0,200,0,100.0,18995.0,100.0,40218376056.0,100.0,80554788021.0
2018-02-25,Z305DFVR,ST4000DM000,4000787030016,0,102,4308880,92,0,100,10,100,0,90,980305273,79,19269,100,0,100,10,100.0,0.0,100.0,0.0,100.0,0.0,100.0,0.0,100.0,0.0,78.0,22.0,100.0,0.0,100.0,0.0,83.0,34011.0,22,22,100,0,100,0,200,0,100.0,19019.0,100.0,40220747432.0,100.0,80685780625.0
2018-02-26,Z305DFVR,ST4000DM000,4000787030016,0,111,39294088,92,0,100,10,100,0,90,981852475,78,19293,100,0,100,10,100.0,0.0,100.0,0.0,100.0,0.0,100.0,0.0,100.0,0.0,78.0,22.0,100.0,0.0,100.0,0.0,83.0,34011.0,22,22,100,0,100,0,200,0,100.0,19043.0,100.0,40226550024.0,100.0,80811204597.0
2018-02-27,Z305DFVR,ST4000DM000,4000787030016,0,118,177093896,92,0,100,10,100,0,90,982536436,78,19317,100,0,100,10,100.0,0.0,100.0,0.0,100.0,0.0,100.0,0.0,100.0,0.0,78.0,22.0,100.0,0.0,100.0,0.0,83.0,34011.0,22,22,100,0,100,0,200,0,100.0,19067.0,100.0,40229517792.0,100.0,80902322130.0
2018-02-28,Z305DFVR,ST4000DM000,4000787030016,0,115,89376680,92,0,100,10,100,0,90,984164172,78,19341,100,0,100,10,100.0,0.0,100.0,0.0,100.0,0.0,100.0,0.0,100.0,0.0,79.0,21.0,100.0,0.0,100.0,0.0,83.0,34011.0,21,21,100,0,100,0,200,0,100.0,19090.0,100.0,40238378464.0,100.0,81046236906.0
2018-03-01,Z305DFVR,ST4000DM000,4000787030016,0,120,601768,92,0,100,10,100,0,90,986163160,78,19367,100,0,100,10,100.0,0.0,100.0,0.0,100.0,0.0,100.0,0.0,100.0,0.0,78.0,22.0,100.0,0.0,100.0,0.0,83.0,34015.0,22,22,100,0,100,0,200,0,100.0,19117.0,100.0,40241577648.0,100.0,81195414579.0
2018-03-02,Z305DFVR,ST4000DM000,4000787030016,0,118,173835408,92,0,100,10,100,0,90,987137701,78,19392,100,0,100,10,100.0,0.0,100.0,0.0,100.0,0.0,100.0,0.0,100.0,0.0,78.0,22.0,100.0,0.0,100.0,0.0,83.0,34015.0,22,22,100,0,100,0,200,0,100.0,19142.0,100.0,40244989976.0,100.0,81361053283.0
2018-03-03,Z305DFVR,ST4000DM000,4000787030016,0,117,118901112,92,0,100,10,100,0,90,987932134,78,19416,100,0,100,10,100.0,0.0,100.0,0.0,100.0,0.0,100.0,0.0,100.0,0.0,78.0,22.0,100.0,0.0,100.0,0.0,83.0,34015.0,22,22,100,0,100,0,200,0,100.0,19165.0,100.0,40250475856.0,100.0,81478622972.0
2018-03-04,Z305DFVR,ST4000DM000,4000787030016,0,114,75098008,92,0,100,10,100,0,90,989034173,78,19440,100,0,100,10,100.0,0.0,100.0,0.0,100.0,0.0,100.0,0.0,100.0,0.0,78.0,22.0,100.0,0.0,100.0,0.0,83.0,34015.0,22,22,100,0,100,0,200,0,100.0,19189.0,100.0,40261794192.0,100.0,81609965445.0
2018-03-05,Z305DFVR,ST4000DM000,4000787030016,0,119,223385160,92,0,100,10,100,0,90,990831138,78,19464,100,0,100,10,100.0,0.0,100.0,0.0,100.0,0.0,100.0,0.0,100.0,0.0,78.0,22.0,100.0,0.0,100.0,0.0,83.0,34015.0,22,22,100,0,100,0,200,0,100.0,19213.0,100.0,40274787776.0,100.0,81760659825.0
2018-03-06,Z305DFVR,ST4000DM000,4000787030016,0,114,69753576,92,0,100,10,100,0,90,991815740,78,19490,100,0,100,10,100.0,0.0,100.0,0.0,100.0,0.0,100.0,0.0,100.0,0.0,79.0,21.0,100.0,0.0,100.0,0.0,83.0,34016.0,21,21,100,0,100,0,200,0,100.0,19240.0,100.0,40286637232.0,100.0,81883859038.0
2018-03-07,Z305DFVR,ST4000DM000,4000787030016,0,117.0,152134048.0,92.0,0.0,100.0,10.0,100.0,0.0,90.0,992742597.0,78.0,19514.0,100.0,0.0,100.0,10.0,100.0,0.0,100.0,0.0,100.0,0.0,100.0,0.0,100.0,0.0,78.0,22.0,100.0,0.0,100.0,0.0,83.0,34018.0,22.0,22.0,100.0,0.0,100.0,0.0,200.0,0.0,100.0,19264.0,100.0,40296346944.0,100.0,81909044547.0
2018-03-08,Z305DFVR,ST4000DM000,4000787030016,0,111,34021064,92,0,100,10,100,0,90,993244615,78,19535,100,0,100,10,100.0,0.0,100.0,0.0,100.0,0.0,100.0,0.0,100.0,0.0,79.0,21.0,100.0,0.0,100.0,0.0,83.0,34021.0,21,21,100,0,100,0,200,0,100.0,19284.0,100.0,40312613416.0,100.0,81957185440.0
2018-03-09,Z305DFVR,ST4000DM000,4000787030016,0,102,3999136,92,0,100,10,100,0,90,994145847,78,19559,100,0,100,10,100.0,0.0,100.0,0.0,100.0,0.0,100.0,0.0,100.0,0.0,79.0,21.0,100.0,0.0,100.0,0.0,83.0,34021.0,21,21,100,0,100,0,200,0,100.0,19309.0,100.0,40322292000.0,100.0,82058990994.0
2018-03-10,Z305DFVR,ST4000DM000,4000787030016,0,110,26290304,92,0,100,10,100,0,90,994369290,78,19583,100,0,100,10,100.0,0.0,100.0,0.0,100.0,0.0,100.0,0.0,100.0,0.0,79.0,21.0,100.0,0.0,100.0,0.0,83.0,34021.0,21,21,100,0,100,0,200,0,100.0,19332.0,100.0,40331251240.0,100.0,82068550583.0
2018-03-11,Z305DFVR,ST4000DM000,4000787030016,0,118,193541008,92,0,100,10,100,0,90,995280868,78,19607,100,0,100,10,100.0,0.0,100.0,0.0,100.0,0.0,100.0,0.0,100.0,0.0,78.0,22.0,100.0,0.0,100.0,0.0,83.0,34021.0,22,22,100,0,100,0,200,0,100.0,19357.0,100.0,40344923264.0,100.0,82161604112.0
2018-03-12,Z305DFVR,ST4000DM000,4000787030016,0,110,26639440,92,0,100,10,100,0,90,998116385,78,19631,100,0,100,10,100.0,0.0,100.0,0.0,100.0,0.0,100.0,0.0,100.0,0.0,79.0,21.0,100.0,0.0,100.0,0.0,83.0,34021.0,21,21,100,0,100,0,200,0,100.0,19380.0,100.0,40361638008.0,100.0,82314718717.0
2018-03-13,Z305DFVR,ST4000DM000,4000787030016,0,117,117761896,92,0,100,10,100,0,90,999257922,78,19655,100,0,100,10,100.0,0.0,100.0,0.0,100.0,0.0,100.0,0.0,100.0,0.0,79.0,21.0,100.0,0.0,100.0,0.0,83.0,34021.0,21,21,100,0,100,0,200,0,100.0,19404.0,100.0,40371472520.0,100.0,82453386664.0
2018-03-14,Z305DFVR,ST4000DM000,4000787030016,0,118,191838696,92,0,100,10,100,0,90,796839,78,19679,100,0,100,10,100.0,0.0,100.0,0.0,100.0,0.0,100.0,0.0,100.0,0.0,79.0,21.0,100.0,0.0,100.0,0.0,83.0,34021.0,21,21,100,0,100,0,200,0,100.0,19429.0,100.0,40385720688.0,100.0,82562317641.0
2018-03-15,Z305DFVR,ST4000DM000,4000787030016,0,114,67460080,92,0,100,10,100,0,62,1603346,78,19703,100,0,100,10,100.0,0.0,100.0,0.0,100.0,0.0,100.0,0.0,100.0,0.0,79.0,21.0,100.0,0.0,100.0,0.0,83.0,34022.0,21,21,100,0,100,0,200,0,100.0,19452.0,100.0,40399001504.0,100.0,82659234414.0
2018-03-16,Z305DFVR,ST4000DM000,4000787030016,0,118.0,198552488.0,92.0,0.0,100.0,10.0,100.0,0.0,64.0,2851096.0,78.0,19727.0,100.0,0.0,100.0,10.0,100.0,0.0,100.0,0.0,100.0,0.0,100.0,0.0,100.0,0.0,78.0,22.0,100.0,0.0,100.0,0.0,83.0,34022.0,22.0,22.0,100.0,0.0,100.0,0.0,200.0,0.0,100.0,19476.0,100.0,40409405672.0,100.0,82800470312.0
2018-03-17,Z305DFVR,ST4000DM000,4000787030016,0,111,31793336,92,0,100,10,100,0,66,3691572,78,19751,100,0,100,10,100.0,0.0,100.0,0.0,100.0,0.0,100.0,0.0,100.0,0.0,78.0,22.0,100.0,0.0,100.0,0.0,83.0,34022.0,22,22,100,0,100,0,200,0,100.0,19500.0,100.0,40420049104.0,100.0,82886215972.0
2018-03-18,Z305DFVR,ST4000DM000,4000787030016,0,115,88180832,92,0,100,10,100,0,66,4346206,78,19775,100,0,100,10,100.0,0.0,100.0,0.0,100.0,0.0,100.0,0.0,100.0,0.0,78.0,22.0,100.0,0.0,100.0,0.0,83.0,34022.0,22,22,100,0,100,0,200,0,100.0,19525.0,100.0,40430275472.0,100.0,82954363371.0
2018-03-19,Z305DFVR,ST4000DM000,4000787030016,0,117,128127216,92,0,100,10,100,0,67,5929076,78,19799,100,0,100,10,100.0,0.0,100.0,0.0,100.0,0.0,100.0,0.0,100.0,0.0,79.0,21.0,100.0,0.0,100.0,0.0,83.0,34022.0,21,21,100,0,100,0,200,0,100.0,19548.0,100.0,40441275536.0,100.0,83071119925.0
2018-03-20,Z305DFVR,ST4000DM000,4000787030016,0,107,12884152,92,0,100,10,100,0,68,7127832,78,19823,100,0,100,10,100.0,0.0,100.0,0.0,100.0,0.0,100.0,0.0,100.0,0.0,79.0,21.0,100.0,0.0,100.0,0.0,83.0,34022.0,21,21,100,0,100,0,200,0,100.0,19573.0,100.0,40454165240.0,100.0,83220703473.0
2018-03-21,Z305DFVR,ST4000DM000,4000787030016,0,119,210474792,92,0,100,10,100,0,69,8537240,78,19847,100,0,100,10,100.0,0.0,100.0,0.0,100.0,0.0,100.0,0.0,100.0,0.0,78.0,22.0,100.0,0.0,100.0,0.0,83.0,34022.0,22,22,100,0,100,0,200,0,100.0,19596.0,100.0,40468800688.0,100.0,83299342941.0
2018-03-22,Z305DFVR,ST4000DM000,4000787030016,0,119,221985720,92,0,100,10,100,0,69,9776973,78,19871,100,0,100,10,100.0,0.0,100.0,0.0,100.0,0.0,100.0,0.0,100.0,0.0,79.0,21.0,100.0,0.0,100.0,0.0,83.0,34022.0,21,21,100,0,100,0,200,0,100.0,19620.0,100.0,40484919616.0,100.0,83438035342.0
2018-03-23,Z305DFVR,ST4000DM000,4000787030016,0,111,38087440,92,0,100,10,100,0,70,10899567,78,19895,100,0,100,10,100.0,0.0,100.0,0.0,100.0,0.0,100.0,0.0,100.0,0.0,78.0,22.0,100.0,0.0,100.0,0.0,83.0,34022.0,22,22,100,0,100,0,200,0,100.0,19644.0,100.0,40496582424.0,100.0,83569279350.0
2018-03-24,Z305DFVR,ST4000DM000,4000787030016,0,114,67052208,92,0,100,10,100,0,70,12039778,78,19919,100,0,100,10,100.0,0.0,100.0,0.0,100.0,0.0,100.0,0.0,100.0,0.0,79.0,21.0,100.0,0.0,100.0,0.0,83.0,34022.0,21,21,100,0,100,0,200,0,100.0,19668.0,100.0,40511154144.0,100.0,83676447372.0
2018-03-25,Z305DFVR,ST4000DM000,4000787030016,0,118,198758072,92,0,100,10,100,0,71,13228114,78,19943,100,0,100,10,100.0,0.0,100.0,0.0,100.0,0.0,100.0,0.0,100.0,0.0,78.0,22.0,100.0,0.0,100.0,0.0,83.0,34022.0,22,22,100,0,100,0,200,0,100.0,19692.0,100.0,40539626728.0,100.0,83773454791.0
2018-03-26,Z305DFVR,ST4000DM000,4000787030016,0,118,174712448,92,0,100,10,100,0,72,16233725,78,19967,100,0,100,10,100.0,0.0,100.0,0.0,100.0,0.0,100.0,0.0,100.0,0.0,78.0,22.0,100.0,0.0,100.0,0.0,83.0,34022.0,22,22,100,0,100,0,200,0,100.0,19716.0,100.0,40576745816.0,100.0,83878722351.0
2018-03-27,Z305DFVR,ST4000DM000,4000787030016,0,115,96218488,92,0,100,10,100,0,72,17303323,78,19991,100,0,100,10,100.0,0.0,100.0,0.0,100.0,0.0,100.0,0.0,100.0,0.0,78.0,22.0,100.0,0.0,100.0,0.0,83.0,34022.0,22,22,100,0,100,0,200,0,100.0,19740.0,100.0,40610691280.0,100.0,83965928940.0
2018-03-28,Z305DFVR,ST4000DM000,4000787030016,0,117,165911336,92,0,100,10,100,0,72,18330504,78,20015,100,0,100,10,100.0,0.0,100.0,0.0,100.0,0.0,100.0,0.0,100.0,0.0,79.0,21.0,100.0,0.0,100.0,0.0,83.0,34022.0,21,21,100,0,100,0,200,0,100.0,19764.0,100.0,40624875320.0,100.0,84032848345.0
2018-03-29,Z305DFVR,ST4000DM000,4000787030016,0,113,54743032,92,0,100,10,100,0,72,19473235,78,20038,100,0,100,10,100.0,0.0,100.0,0.0,100.0,0.0,100.0,0.0,100.0,0.0,77.0,23.0,100.0,0.0,100.0,0.0,83.0,34025.0,23,23,100,0,100,0,200,0,100.0,19788.0,100.0,40647783080.0,100.0,84127361347.0
2018-03-30,Z305DFVR,ST4000DM000,4000787030016,0,115,100084592,92,0,100,10,100,0,72,20360943,78,20063,100,0,100,10,100.0,0.0,100.0,0.0,100.0,0.0,100.0,0.0,100.0,0.0,79.0,21.0,100.0,0.0,100.0,0.0,83.0,34025.0,21,21,100,0,100,0,200,0,100.0,19812.0,100.0,40662174544.0,100.0,84265948893.0
2018-03-31,Z305DFVR,ST4000DM000,4000787030016,0,117,120490576,92,0,100,10,100,0,73,21572241,78,20087,100,0,100,10,100.0,0.0,100.0,0.0,100.0,0.0,100.0,0.0,100.0,0.0,79.0,21.0,100.0,0.0,100.0,0.0,83.0,34025.0,21,21,100,0,100,0,200,0,100.0,19836.0,100.0,40679125680.0,100.0,84409101276.0
2018-04-01,Z305DFVR,ST4000DM000,4000787030016,0,118,170934624,92,0,100,10,100,0,73,22289391,78,20111,100,0,100,10,100.0,0.0,100.0,0.0,100.0,0.0,100.0,0.0,100.0,0.0,78.0,22.0,100.0,0.0,100.0,0.0,83.0,34025.0,22,22,100,0,100,0,200,0,100.0,19860.0,100.0,40700085672.0,100.0,84479625940.0
2018-04-02,Z305DFVR,ST4000DM000,4000787030016,0,105,10285896,92,0,100,10,100,0,73,24294214,78,20135,100,0,100,10,100.0,0.0,100.0,0.0,100.0,0.0,100.0,0.0,100.0,0.0,79.0,21.0,100.0,0.0,100.0,0.0,83.0,34025.0,21,21,100,0,100,0,200,0,100.0,19884.0,100.0,40721260952.0,100.0,84615381329.0
2018-04-03,Z305DFVR,ST4000DM000,4000787030016,0,118,175804656,92,0,100,10,100,0,74,25959853,77,20159,100,0,100,10,100.0,0.0,100.0,0.0,100.0,0.0,100.0,0.0,100.0,0.0,79.0,21.0,100.0,0.0,100.0,0.0,83.0,34025.0,21,21,100,0,100,0,200,0,100.0,19908.0,100.0,40743531856.0,100.0,84742932824.0
2018-04-04,Z305DFVR,ST4000DM000,4000787030016,0,117,142057112,92,0,100,10,100,0,74,28429605,77,20183,100,0,100,10,100.0,0.0,100.0,0.0,100.0,0.0,100.0,0.0,100.0,0.0,79.0,21.0,100.0,0.0,100.0,0.0,83.0,34025.0,21,21,100,0,100,0,200,0,100.0,19932.0,100.0,40769318728.0,100.0,84849307679.0
2018-04-05,Z305DFVR,ST4000DM000,4000787030016,0,117,151317528,92,0,100,10,100,0,75,29536983,77,20207,100,0,100,10,100.0,0.0,100.0,0.0,100.0,0.0,100.0,0.0,100.0,0.0,80.0,20.0,100.0,0.0,100.0,0.0,83.0,34025.0,20,20,100,0,100,0,200,0,100.0,19956.0,100.0,40791790696.0,100.0,84987819960.0
2018-04-06,Z305DFVR,ST4000DM000,4000787030016,0,117,134119448,92,0,100,10,100,0,75,30360460,77,20231,100,0,100,10,100.0,0.0,100.0,0.0,100.0,0.0,100.0,0.0,100.0,0.0,80.0,20.0,100.0,0.0,100.0,0.0,83.0,34025.0,20,20,100,0,100,0,200,0,100.0,19980.0,100.0,40810264712.0,100.0,85121399848.0
2018-04-07,Z305DFVR,ST4000DM000,4000787030016,0,117.0,133536224.0,92.0,0.0,100.0,10.0,100.0,0.0,75.0,31240761.0,77.0,20255.0,100.0,0.0,100.0,10.0,100.0,0.0,100.0,0.0,100.0,0.0,100.0,0.0,100.0,0.0,80.0,20.0,100.0,0.0,100.0,0.0,83.0,34025.0,20.0,20.0,100.0,0.0,100.0,0.0,200.0,0.0,100.0,20004.0,100.0,40827824728.0,100.0,85259472207.0
2018-04-08,Z305DFVR,ST4000DM000,4000787030016,0,120,237428664,92,0,100,10,100,0,75,32069708,77,20279,100,0,100,10,100.0,0.0,100.0,0.0,100.0,0.0,100.0,0.0,100.0,0.0,80.0,20.0,100.0,0.0,100.0,0.0,83.0,34025.0,20,20,100,0,100,0,200,0,100.0,20028.0,100.0,40856954064.0,100.0,85422047145.0
2018-04-09,Z305DFVR,ST4000DM000,4000787030016,0,120,243484144,92,0,100,10,100,0,75,33555937,77,20303,100,0,100,10,100.0,0.0,100.0,0.0,100.0,0.0,100.0,0.0,100.0,0.0,80.0,20.0,100.0,0.0,100.0,0.0,83.0,34025.0,20,20,100,0,100,0,200,0,100.0,20052.0,100.0,40884005632.0,100.0,85595555484.0
2018-04-10,Z305DFVR,ST4000DM000,4000787030016,0,114,65644984,92,0,100,10,100,0,75,35110599,77,20326,100,0,100,10,100.0,0.0,100.0,0.0,100.0,0.0,100.0,0.0,100.0,0.0,80.0,20.0,100.0,0.0,100.0,0.0,83.0,34025.0,20,20,100,0,100,0,200,0,100.0,20076.0,100.0,40906498584.0,100.0,85776174022.0
2018-04-11,Z305DFVR,ST4000DM000,4000787030016,0,118,175114256,92,0,100,10,100,0,75,36872017,77,20350,100,0,100,10,100.0,0.0,100.0,0.0,100.0,0.0,100.0,0.0,100.0,0.0,80.0,20.0,100.0,0.0,100.0,0.0,83.0,34025.0,20,20,100,0,100,0,200,0,100.0,20100.0,100.0,40925304944.0,100.0,85915120422.0
2018-04-12,Z305DFVR,ST4000DM000,4000787030016,0,117,144273216,92,0,100,10,100,0,75,37662488,77,20374,100,0,100,10,100.0,0.0,100.0,0.0,100.0,0.0,100.0,0.0,100.0,0.0,79.0,21.0,100.0,0.0,100.0,0.0,83.0,34028.0,21,21,100,0,100,0,200,0,100.0,20123.0,100.0,40945800664.0,100.0,86069615445.0
2018-04-13,Z305DFVR,ST4000DM000,4000787030016,0,113,55507016,92,0,100,10,100,0,75,38392475,77,20398,100,0,100,10,100.0,0.0,100.0,0.0,100.0,0.0,100.0,0.0,100.0,0.0,79.0,21.0,100.0,0.0,100.0,0.0,83.0,34028.0,21,21,100,0,100,0,200,0,100.0,20147.0,100.0,40964289328.0,100.0,86228596193.0
2018-04-14,Z305DFVR,ST4000DM000,4000787030016,0,117,163333784,92,0,100,10,100,0,75,39047734,77,20423,100,0,100,10,100.0,0.0,100.0,0.0,100.0,0.0,100.0,0.0,100.0,0.0,80.0,20.0,100.0,0.0,100.0,0.0,83.0,34028.0,20,20,100,0,100,0,200,0,100.0,20172.0,100.0,40977969344.0,100.0,86403249729.0
2018-04-15,Z305DFVR,ST4000DM000,4000787030016,0,117,146944024,92,0,100,10,100,0,75,39614215,77,20447,100,0,100,10,100.0,0.0,100.0,0.0,100.0,0.0,100.0,0.0,100.0,0.0,79.0,21.0,100.0,0.0,100.0,0.0,83.0,34028.0,21,21,100,0,100,0,200,0,100.0,20196.0,100.0,40992186744.0,100.0,86577159098.0
2018-04-16,Z305DFVR,ST4000DM000,4000787030016,0,111,35812680,92,0,100,10,100,0,75,41168364,77,20470,100,0,100,10,100.0,0.0,100.0,0.0,100.0,0.0,100.0,0.0,100.0,0.0,79.0,21.0,100.0,0.0,100.0,0.0,83.0,34028.0,21,21,100,0,100,0,200,0,100.0,20220.0,100.0,41019043272.0,100.0,86771003821.0
2018-04-17,Z305DFVR,ST4000DM000,4000787030016,0,119,224285168,92,0,100,10,100,0,76,41976155,77,20494,100,0,100,10,100.0,0.0,100.0,0.0,100.0,0.0,100.0,0.0,100.0,0.0,79.0,21.0,100.0,0.0,100.0,0.0,83.0,34028.0,21,21,100,0,100,0,200,0,100.0,20243.0,100.0,41041178896.0,100.0,86872517504.0
2018-04-18,Z305DFVR,ST4000DM000,4000787030016,0,109,24841520,92,0,100,10,100,0,76,43359406,77,20518,100,0,100,10,100.0,0.0,100.0,0.0,100.0,0.0,100.0,0.0,100.0,0.0,79.0,21.0,100.0,0.0,100.0,0.0,83.0,34028.0,21,21,100,0,100,0,200,0,100.0,20267.0,100.0,41058631824.0,100.0,86985062220.0
2018-04-19,Z305DFVR,ST4000DM000,4000787030016,0,115,89600104,92,0,100,10,100,0,76,44321563,77,20543,100,0,100,10,100.0,0.0,100.0,0.0,100.0,0.0,100.0,0.0,100.0,0.0,79.0,21.0,100.0,0.0,100.0,0.0,83.0,34028.0,21,21,100,0,100,0,200,0,100.0,20292.0,100.0,41074192576.0,100.0,87104731590.0
2018-04-20,Z305DFVR,ST4000DM000,4000787030016,0,117,139385192,92,0,100,10,100,0,76,45244250,77,20566,100,0,100,10,100.0,0.0,100.0,0.0,100.0,0.0,100.0,0.0,100.0,0.0,80.0,20.0,100.0,0.0,100.0,0.0,83.0,34028.0,20,20,100,0,100,0,200,0,100.0,20316.0,100.0,41090088720.0,100.0,87243645935.0
2018-04-21,Z305DFVR,ST4000DM000,4000787030016,0,109,22221864,92,0,100,10,100,0,76,47099412,77,20591,100,0,100,10,100.0,0.0,100.0,0.0,100.0,0.0,100.0,0.0,100.0,0.0,80.0,20.0,100.0,0.0,100.0,0.0,83.0,34028.0,20,20,100,0,100,0,200,0,100.0,20340.0,100.0,41111059344.0,100.0,87427464638.0
2018-04-22,Z305DFVR,ST4000DM000,4000787030016,0,119,212500136,92,0,100,10,100,0,76,48274709,77,20614,100,0,100,10,100.0,0.0,100.0,0.0,100.0,0.0,100.0,0.0,100.0,0.0,80.0,20.0,100.0,0.0,100.0,0.0,83.0,34028.0,20,20,100,0,100,0,200,0,100.0,20363.0,100.0,41133666960.0,100.0,87589055769.0
2018-04-23,Z305DFVR,ST4000DM000,4000787030016,0,106,11007184,92,0,100,10,100,0,77,50428699,77,20639,100,0,100,10,100.0,0.0,100.0,0.0,100.0,0.0,100.0,0.0,100.0,0.0,81.0,19.0,100.0,0.0,100.0,0.0,83.0,34028.0,19,19,100,0,100,0,200,0,100.0,20388.0,100.0,41153423560.0,100.0,87787803843.0
2018-04-24,Z305DFVR,ST4000DM000,4000787030016,0,118,187872472,92,0,100,10,100,0,77,53240051,77,20663,100,0,100,10,100.0,0.0,100.0,0.0,100.0,0.0,100.0,0.0,100.0,0.0,80.0,20.0,100.0,0.0,100.0,0.0,83.0,34028.0,20,20,100,0,100,0,200,0,100.0,20412.0,100.0,41171138112.0,100.0,87952185561.0
2018-04-25,Z305DFVR,ST4000DM000,4000787030016,0,114,64524184,92,0,100,10,100,0,77,55195304,77,20687,100,0,100,10,100.0,0.0,100.0,0.0,100.0,0.0,100.0,0.0,100.0,0.0,79.0,21.0,100.0,0.0,100.0,0.0,83.0,34028.0,21,21,100,0,100,0,200,0,100.0,20436.0,100.0,41195175096.0,100.0,88150556497.0
2018-04-26,Z305DFVR,ST4000DM000,4000787030016,0,118,175958608,92,0,100,10,100,0,77,56328290,77,20712,100,0,100,10,100.0,0.0,100.0,0.0,100.0,0.0,100.0,0.0,100.0,0.0,80.0,20.0,100.0,0.0,100.0,0.0,83.0,34032.0,20,20,100,0,100,0,200,0,100.0,20461.0,100.0,41217947648.0,100.0,88292357030.0
2018-04-27,Z305DFVR,ST4000DM000,4000787030016,0,117,117634144,92,0,100,10,100,0,77,57375617,77,20737,100,0,100,10,100.0,0.0,100.0,0.0,100.0,0.0,100.0,0.0,100.0,0.0,80.0,20.0,100.0,0.0,100.0,0.0,83.0,34032.0,20,20,100,0,100,0,200,0,100.0,20486.0,100.0,41251193152.0,100.0,88429832164.0
2018-04-28,Z305DFVR,ST4000DM000,4000787030016,0,116,106867456,92,0,100,10,100,0,77,58517134,77,20761,100,0,100,10,100.0,0.0,100.0,0.0,100.0,0.0,100.0,0.0,100.0,0.0,80.0,20.0,100.0,0.0,100.0,0.0,83.0,34032.0,20,20,100,0,100,0,200,0,100.0,20510.0,100.0,41283192136.0,100.0,88562294264.0
2018-04-29,Z305DFVR,ST4000DM000,4000787030016,0,117,158912616,92,0,100,10,100,0,78,59743492,77,20784,100,0,100,10,100.0,0.0,100.0,0.0,100.0,0.0,100.0,0.0,100.0,0.0,80.0,20.0,100.0,0.0,100.0,0.0,83.0,34032.0,20,20,100,0,100,0,200,0,100.0,20533.0,100.0,41307591528.0,100.0,88714743544.0
2018-04-30,Z305DFVR,ST4000DM000,4000787030016,0,115,100444096,92,0,100,10,100,0,78,61483519,77,20809,100,0,100,10,100.0,0.0,100.0,0.0,100.0,0.0,100.0,0.0,100.0,0.0,80.0,20.0,100.0,0.0,100.0,0.0,83.0,34032.0,20,20,100,0,100,0,200,0,100.0,20558.0,100.0,41326209024.0,100.0,88824577485.0
2018-05-01,Z305DFVR,ST4000DM000,4000787030016,0,115,96554480,92,0,100,10,100,0,78,62210500,77,20833,100,0,100,10,100.0,0.0,100.0,0.0,100.0,0.0,100.0,0.0,100.0,0.0,80.0,20.0,100.0,0.0,100.0,0.0,83.0,34032.0,20,20,100,0,100,0,200,0,100.0,20582.0,100.0,41346024168.0,100.0,88889559661.0
2018-05-02,Z305DFVR,ST4000DM000,4000787030016,0,117.0,139021560.0,92.0,0.0,100.0,10.0,100.0,0.0,78.0,63557289.0,77.0,20857.0,100.0,0.0,100.0,10.0,100.0,0.0,100.0,0.0,100.0,0.0,100.0,0.0,100.0,0.0,80.0,20.0,100.0,0.0,100.0,0.0,83.0,34032.0,20.0,20.0,100.0,0.0,100.0,0.0,200.0,0.0,100.0,20606.0,100.0,41371941968.0,100.0,88950564892.0
2018-05-03,Z305DFVR,ST4000DM000,4000787030016,0,117,120351128,92,0,100,10,100,0,78,64499406,77,20878,100,0,100,10,100.0,0.0,100.0,0.0,100.0,0.0,100.0,0.0,100.0,0.0,80.0,20.0,100.0,0.0,100.0,0.0,83.0,34033.0,20,20,100,0,100,0,200,0,100.0,20627.0,100.0,41394759792.0,100.0,89062847822.0
2018-05-04,Z305DFVR,ST4000DM000,4000787030016,0,118,168479600,92,0,100,10,100,0,78,65711395,77,20902,100,0,100,10,100.0,0.0,100.0,0.0,100.0,0.0,100.0,0.0,100.0,0.0,80.0,20.0,100.0,0.0,100.0,0.0,83.0,34033.0,20,20,100,0,100,0,200,0,100.0,20651.0,100.0,41421214200.0,100.0,89203726193.0
2018-05-05,Z305DFVR,ST4000DM000,4000787030016,0,116,103193440,92,0,100,10,100,0,78,66930914,77,20927,100,0,100,10,100.0,0.0,100.0,0.0,100.0,0.0,100.0,0.0,100.0,0.0,80.0,20.0,100.0,0.0,100.0,0.0,83.0,34033.0,20,20,100,0,100,0,200,0,100.0,20676.0,100.0,41431503080.0,100.0,89362662553.0
2018-05-06,Z305DFVR,ST4000DM000,4000787030016,0,112,48238992,92,0,100,10,100,0,78,67802872,77,20951,100,0,100,10,100.0,0.0,100.0,0.0,100.0,0.0,100.0,0.0,100.0,0.0,80.0,20.0,100.0,0.0,100.0,0.0,83.0,34033.0,20,20,100,0,100,0,200,0,100.0,20700.0,100.0,41445428792.0,100.0,89471559760.0
2018-05-07,Z305DFVR,ST4000DM000,4000787030016,0,104,6934088,92,0,100,10,100,0,78,70631150,77,20975,100,0,100,10,100.0,0.0,100.0,0.0,100.0,0.0,100.0,0.0,100.0,0.0,80.0,20.0,100.0,0.0,100.0,0.0,83.0,34033.0,20,20,100,0,100,0,200,0,100.0,20724.0,100.0,41467326480.0,100.0,89602724415.0
2018-05-08,Z305DFVR,ST4000DM000,4000787030016,0,113,51275744,92,0,100,10,100,0,78,71634171,77,20999,100,0,100,10,100.0,0.0,100.0,0.0,100.0,0.0,100.0,0.0,100.0,0.0,80.0,20.0,100.0,0.0,100.0,0.0,83.0,34033.0,20,20,100,0,100,0,200,0,100.0,20748.0,100.0,41480851112.0,100.0,89743152112.0
2018-05-09,Z305DFVR,ST4000DM000,4000787030016,0,119,212021584,92,0,100,10,100,0,78,72996697,77,21023,100,0,100,10,100.0,0.0,100.0,0.0,100.0,0.0,100.0,0.0,100.0,0.0,80.0,20.0,100.0,0.0,100.0,0.0,83.0,34033.0,20,20,100,0,100,0,200,0,100.0,20771.0,100.0,41505076168.0,100.0,89838060092.0
2018-05-10,Z305DFVR,ST4000DM000,4000787030016,0,116,103982840,92,0,100,10,100,0,78,74042196,76,21047,100,0,100,10,100.0,0.0,100.0,0.0,100.0,0.0,100.0,0.0,100.0,0.0,80.0,20.0,100.0,0.0,100.0,0.0,83.0,34035.0,20,20,100,0,100,0,200,0,100.0,20796.0,100.0,41526006616.0,100.0,89975376229.0
2018-05-11,Z305DFVR,ST4000DM000,4000787030016,0,116,114129400,92,0,100,10,100,0,78,75184419,76,21071,100,0,100,10,100.0,0.0,100.0,0.0,100.0,0.0,100.0,0.0,100.0,0.0,80.0,20.0,100.0,0.0,100.0,0.0,83.0,34035.0,20,20,100,0,100,0,200,0,100.0,20820.0,100.0,41541263984.0,100.0,90137412101.0
2018-05-12,Z305DFVR,ST4000DM000,4000787030016,0,111,34276048,92,0,100,10,100,0,78,76004903,76,21095,100,0,100,10,100.0,0.0,100.0,0.0,100.0,0.0,100.0,0.0,100.0,0.0,80.0,20.0,100.0,0.0,100.0,0.0,83.0,34035.0,20,20,100,0,100,0,200,0,100.0,20844.0,100.0,41560440184.0,100.0,90227013585.0
2018-05-13,Z305DFVR,ST4000DM000,4000787030016,0,117,138529432,92,0,100,10,100,0,78,77200330,76,21119,100,0,100,10,100.0,0.0,100.0,0.0,100.0,0.0,100.0,0.0,100.0,0.0,80.0,20.0,100.0,0.0,100.0,0.0,83.0,34035.0,20,20,100,0,100,0,200,0,100.0,20868.0,100.0,41573735048.0,100.0,90370386380.0
2018-05-14,Z305DFVR,ST4000DM000,4000787030016,0,112,46281824,92,0,100,10,100,0,78,79051796,76,21143,100,0,100,10,100.0,0.0,100.0,0.0,100.0,0.0,100.0,0.0,100.0,0.0,80.0,20.0,100.0,0.0,100.0,0.0,83.0,34035.0,20,20,100,0,100,0,200,0,100.0,20892.0,100.0,41599464912.0,100.0,90492041173.0
2018-05-15,Z305DFVR,ST4000DM000,4000787030016,0,118.0,180952648.0,92.0,0.0,100.0,10.0,100.0,0.0,78.0,79517498.0,76.0,21167.0,100.0,0.0,100.0,10.0,100.0,0.0,100.0,0.0,100.0,0.0,100.0,0.0,100.0,0.0,80.0,20.0,100.0,0.0,100.0,0.0,83.0,34035.0,20.0,20.0,100.0,0.0,100.0,0.0,200.0,0.0,100.0,20916.0,100.0,41629538656.0,100.0,90505341906.0
2018-05-16,Z305DFVR,ST4000DM000,4000787030016,0,106,10788608,92,0,100,10,100,0,78,81028085,76,21191,100,0,100,10,100.0,0.0,100.0,0.0,100.0,0.0,100.0,0.0,100.0,0.0,80.0,20.0,100.0,0.0,100.0,0.0,83.0,34035.0,20,20,100,0,100,0,200,0,100.0,20940.0,100.0,41656204880.0,100.0,90582965249.0
2018-05-17,Z305DFVR,ST4000DM000,4000787030016,0,120,2058736,92,0,100,10,100,0,78,81715358,76,21213,100,0,100,10,100.0,0.0,100.0,0.0,100.0,0.0,100.0,0.0,100.0,0.0,79.0,21.0,100.0,0.0,100.0,0.0,83.0,34037.0,21,21,100,0,100,0,200,0,100.0,20961.0,100.0,41671765272.0,100.0,90646308092.0
2018-05-18,Z305DFVR,ST4000DM000,4000787030016,0,119,222081816,92,0,100,10,100,0,78,82444123,76,21236,100,0,100,10,100.0,0.0,100.0,0.0,100.0,0.0,100.0,0.0,100.0,0.0,79.0,21.0,100.0,0.0,100.0,0.0,83.0,34037.0,21,21,100,0,100,0,200,0,100.0,20985.0,100.0,41684286656.0,100.0,90747119461.0
2018-05-19,Z305DFVR,ST4000DM000,4000787030016,0,118,176602832,92,0,100,10,100,0,78,82787879,76,21260,100,0,100,10,100.0,0.0,100.0,0.0,100.0,0.0,100.0,0.0,100.0,0.0,80.0,20.0,100.0,0.0,100.0,0.0,83.0,34037.0,20,20,100,0,100,0,200,0,100.0,21009.0,100.0,41701094232.0,100.0,90763091145.0
2018-05-20,Z305DFVR,ST4000DM000,4000787030016,0,115,90421288,92,0,100,10,100,0,78,83812182,76,21284,100,0,100,10,100.0,0.0,100.0,0.0,100.0,0.0,100.0,0.0,100.0,0.0,80.0,20.0,100.0,0.0,100.0,0.0,83.0,34037.0,20,20,100,0,100,0,200,0,100.0,21033.0,100.0,41712269640.0,100.0,90879599344.0
2018-05-21,Z305DFVR,ST4000DM000,4000787030016,0,108,18125904,92,0,100,10,100,0,79,86953241,76,21308,100,0,100,10,100.0,0.0,100.0,0.0,100.0,0.0,100.0,0.0,100.0,0.0,80.0,20.0,100.0,0.0,100.0,0.0,83.0,34037.0,20,20,100,0,100,0,200,0,100.0,21057.0,100.0,41735705672.0,100.0,91040782234.0
2018-05-22,Z305DFVR,ST4000DM000,4000787030016,0,111,41255048,92,0,100,10,100,0,79,87963688,76,21332,100,0,100,10,100.0,0.0,100.0,0.0,100.0,0.0,100.0,0.0,100.0,0.0,80.0,20.0,100.0,0.0,100.0,0.0,83.0,34037.0,20,20,100,0,100,0,200,0,100.0,21081.0,100.0,41753276864.0,100.0,91154280950.0
2018-05-23,Z305DFVR,ST4000DM000,4000787030016,0,119,233974120,92,0,100,10,100,0,79,89208154,76,21356,100,0,100,10,100.0,0.0,100.0,0.0,100.0,0.0,100.0,0.0,100.0,0.0,80.0,20.0,100.0,0.0,100.0,0.0,83.0,34037.0,20,20,100,0,100,0,200,0,100.0,21105.0,100.0,41769143200.0,100.0,91239102625.0
2018-05-24,Z305DFVR,ST4000DM000,4000787030016,0,119,229735336,92,0,100,10,100,0,79,90421703,76,21380,100,0,100,10,100.0,0.0,100.0,0.0,100.0,0.0,100.0,0.0,100.0,0.0,80.0,20.0,100.0,0.0,100.0,0.0,83.0,34037.0,20,20,100,0,100,0,200,0,100.0,21129.0,100.0,41788813736.0,100.0,91338894465.0
2018-05-25,Z305DFVR,ST4000DM000,4000787030016,0,117,120404616,92,0,100,10,100,0,79,91425972,76,21407,100,0,100,10,100.0,0.0,100.0,0.0,100.0,0.0,100.0,0.0,100.0,0.0,80.0,20.0,100.0,0.0,100.0,0.0,83.0,34040.0,20,20,100,0,100,0,200,0,100.0,21156.0,100.0,41812298336.0,100.0,91440142989.0
2018-05-26,Z305DFVR,ST4000DM000,4000787030016,0,114,61827920,92,0,100,10,100,0,79,92259211,76,21431,100,0,100,10,100.0,0.0,100.0,0.0,100.0,0.0,100.0,0.0,100.0,0.0,80.0,20.0,100.0,0.0,100.0,0.0,83.0,34040.0,20,20,100,0,100,0,200,0,100.0,21179.0,100.0,41839125672.0,100.0,91521020929.0
2018-05-27,Z305DFVR,ST4000DM000,4000787030016,0,111,40926664,92,0,100,10,100,0,79,93243870,76,21455,100,0,100,10,100.0,0.0,100.0,0.0,100.0,0.0,100.0,0.0,100.0,0.0,80.0,20.0,100.0,0.0,100.0,0.0,83.0,34040.0,20,20,100,0,100,0,200,0,100.0,21203.0,100.0,41855714808.0,100.0,91633132670.0
2018-05-28,Z305DFVR,ST4000DM000,4000787030016,0,108,19433080,92,0,100,10,100,0,79,95009513,76,21479,100,0,100,10,100.0,0.0,100.0,0.0,100.0,0.0,100.0,0.0,100.0,0.0,80.0,20.0,100.0,0.0,100.0,0.0,83.0,34040.0,20,20,100,0,100,0,200,0,100.0,21228.0,100.0,41873139688.0,100.0,91767209034.0
2018-05-29,Z305DFVR,ST4000DM000,4000787030016,0,118,185704920,92,0,100,10,100,0,79,96082771,76,21503,100,0,100,10,100.0,0.0,100.0,0.0,100.0,0.0,100.0,0.0,100.0,0.0,80.0,20.0,100.0,0.0,100.0,0.0,83.0,34040.0,20,20,100,0,100,0,200,0,100.0,21252.0,100.0,41887442032.0,100.0,91880317226.0
2018-05-30,Z305DFVR,ST4000DM000,4000787030016,0,115,98330336,92,0,100,10,100,0,79,97745231,76,21527,100,0,100,10,100.0,0.0,100.0,0.0,100.0,0.0,100.0,0.0,100.0,0.0,80.0,20.0,100.0,0.0,100.0,0.0,83.0,34040.0,20,20,100,0,100,0,200,0,100.0,21275.0,100.0,41903961632.0,100.0,91998311374.0
2018-05-31,Z305DFVR,ST4000DM000,4000787030016,0,119,217033000,92,0,100,10,100,0,79,98861467,76,21553,100,0,100,10,100.0,0.0,100.0,0.0,100.0,0.0,100.0,0.0,100.0,0.0,80.0,20.0,100.0,0.0,100.0,0.0,83.0,34044.0,20,20,100,0,100,0,200,0,100.0,21301.0,100.0,41921399256.0,100.0,92141367502.0
2018-06-01,Z305DFVR,ST4000DM000,4000787030016,0,108,15857232,92,0,100,10,100,0,79,99824961,76,21576,100,0,100,10,100.0,0.0,100.0,0.0,100.0,0.0,100.0,0.0,100.0,0.0,80.0,20.0,100.0,0.0,100.0,0.0,83.0,34044.0,20,20,100,0,100,0,200,0,100.0,21325.0,100.0,41935177944.0,100.0,92231383777.0
2018-06-02,Z305DFVR,ST4000DM000,4000787030016,0,115,97216984,92,0,100,10,100,0,80,100903825,76,21600,100,0,100,10,100.0,0.0,100.0,0.0,100.0,0.0,100.0,0.0,100.0,0.0,80.0,20.0,100.0,0.0,100.0,0.0,83.0,34044.0,20,20,100,0,100,0,200,0,100.0,21349.0,100.0,41954608088.0,100.0,92326775518.0
2018-06-03,Z305DFVR,ST4000DM000,4000787030016,0,117,160334272,92,0,100,10,100,0,80,102888579,76,21625,100,0,100,10,100.0,0.0,100.0,0.0,100.0,0.0,100.0,0.0,100.0,0.0,80.0,20.0,100.0,0.0,100.0,0.0,83.0,34044.0,20,20,100,0,100,0,200,0,100.0,21373.0,100.0,41969257488.0,100.0,92411403170.0
2018-06-04,Z305DFVR,ST4000DM000,4000787030016,0,117,132721816,92,0,100,10,100,0,80,104428665,76,21648,100,0,100,10,100.0,0.0,100.0,0.0,100.0,0.0,100.0,0.0,100.0,0.0,80.0,20.0,100.0,0.0,100.0,0.0,83.0,34044.0,20,20,100,0,100,0,200,0,100.0,21397.0,100.0,41981007288.0,100.0,92506605499.0
2018-06-05,Z305DFVR,ST4000DM000,4000787030016,0,120,243681384,92,0,100,10,100,0,80,105184436,76,21672,100,0,100,10,100.0,0.0,100.0,0.0,100.0,0.0,100.0,0.0,100.0,0.0,80.0,20.0,100.0,0.0,100.0,0.0,83.0,34044.0,20,20,100,0,100,0,200,0,100.0,21421.0,100.0,41992554656.0,100.0,92586423646.0
2018-06-06,Z305DFVR,ST4000DM000,4000787030016,0,119,208629200,92,0,100,10,100,0,80,106877167,76,21696,100,0,100,10,100.0,0.0,100.0,0.0,100.0,0.0,100.0,0.0,100.0,0.0,80.0,20.0,100.0,0.0,100.0,0.0,83.0,34044.0,20,20,100,0,100,0,200,0,100.0,21445.0,100.0,42005733592.0,100.0,92711781182.0
2018-06-07,Z305DFVR,ST4000DM000,4000787030016,0,115,88917152,92,0,100,10,100,0,80,107508431,76,21720,100,0,100,10,100.0,0.0,100.0,0.0,100.0,0.0,100.0,0.0,100.0,0.0,80.0,20.0,100.0,0.0,100.0,0.0,83.0,34044.0,20,20,100,0,100,0,200,0,100.0,21469.0,100.0,42017354072.0,100.0,92781651928.0
2018-06-08,Z305DFVR,ST4000DM000,4000787030016,0,117,119310480,92,0,100,10,100,0,80,108364347,76,21744,100,0,100,10,100.0,0.0,100.0,0.0,100.0,0.0,100.0,0.0,100.0,0.0,80.0,20.0,100.0,0.0,100.0,0.0,83.0,34047.0,20,20,100,0,100,0,200,0,100.0,21492.0,100.0,42027133656.0,100.0,92893855392.0
2018-06-09,Z305DFVR,ST4000DM000,4000787030016,0,120,492232,92,0,100,10,100,0,80,109626658,76,21768,100,0,100,10,100.0,0.0,100.0,0.0,100.0,0.0,100.0,0.0,100.0,0.0,80.0,20.0,100.0,0.0,100.0,0.0,83.0,34047.0,20,20,100,0,100,0,200,0,100.0,21516.0,100.0,42045204600.0,100.0,93004617199.0
2018-06-10,Z305DFVR,ST4000DM000,4000787030016,0,114,78116144,92,0,100,10,100,0,80,111647870,76,21791,100,0,100,10,100.0,0.0,100.0,0.0,100.0,0.0,100.0,0.0,100.0,0.0,80.0,20.0,100.0,0.0,100.0,0.0,83.0,34047.0,20,20,100,0,100,0,200,0,100.0,21540.0,100.0,42061039896.0,100.0,93133166284.0
2018-06-11,Z305DFVR,ST4000DM000,4000787030016,0,120,241240912,92,0,100,10,100,0,80,113266216,76,21815,100,0,100,10,100.0,0.0,100.0,0.0,100.0,0.0,100.0,0.0,100.0,0.0,80.0,20.0,100.0,0.0,100.0,0.0,83.0,34047.0,20,20,100,0,100,0,200,0,100.0,21564.0,100.0,42076148584.0,100.0,93285580282.0
2018-06-12,Z305DFVR,ST4000DM000,4000787030016,0,114,62014224,92,0,100,10,100,0,80,115437471,76,21839,100,0,100,10,100.0,0.0,100.0,0.0,100.0,0.0,100.0,0.0,100.0,0.0,80.0,20.0,100.0,0.0,100.0,0.0,83.0,34047.0,20,20,100,0,100,0,200,0,100.0,21588.0,100.0,42090267920.0,100.0,93838497614.0
2018-06-13,Z305DFVR,ST4000DM000,4000787030016,0,119,204871640,92,0,100,10,100,0,81,119824172,76,21864,100,0,100,10,100.0,0.0,100.0,0.0,100.0,0.0,100.0,0.0,100.0,0.0,80.0,20.0,100.0,0.0,100.0,0.0,83.0,34047.0,20,20,100,0,100,0,200,0,100.0,21612.0,100.0,42100227864.0,100.0,94899886398.0
2018-06-14,Z305DFVR,ST4000DM000,4000787030016,0,113,55336480,92,0,100,10,100,0,81,124344206,76,21888,100,0,100,10,100.0,0.0,100.0,0.0,100.0,0.0,100.0,0.0,100.0,0.0,79.0,21.0,100.0,0.0,100.0,0.0,83.0,34050.0,21,21,100,0,100,0,200,0,100.0,21636.0,100.0,42106701608.0,100.0,95479160573.0
2018-06-15,Z305DFVR,ST4000DM000,4000787030016,0,112.0,42254736.0,92.0,0.0,100.0,10.0,100.0,0.0,81.0,129007946.0,75.0,21912.0,100.0,0.0,100.0,10.0,100.0,0.0,100.0,0.0,100.0,0.0,100.0,0.0,100.0,0.0,79.0,21.0,100.0,0.0,100.0,0.0,83.0,34050.0,21.0,21.0,100.0,0.0,100.0,0.0,200.0,0.0,100.0,21660.0,100.0,42112022824.0,100.0,96104981669.0
2018-06-16,Z305DFVR,ST4000DM000,4000787030016,0,100.0,2849168.0,92.0,0.0,100.0,10.0,100.0,0.0,81.0,132995844.0,75.0,21935.0,100.0,0.0,100.0,10.0,100.0,0.0,100.0,0.0,100.0,0.0,100.0,0.0,100.0,0.0,79.0,21.0,100.0,0.0,100.0,0.0,83.0,34050.0,21.0,21.0,100.0,0.0,100.0,0.0,200.0,0.0,100.0,21683.0,100.0,42117755552.0,100.0,96618572168.0
2018-06-17,Z305DFVR,ST4000DM000,4000787030016,0,118.0,168747552.0,92.0,0.0,100.0,10.0,100.0,0.0,81.0,137679951.0,75.0,21959.0,100.0,0.0,100.0,10.0,100.0,0.0,100.0,0.0,100.0,0.0,100.0,0.0,100.0,0.0,80.0,20.0,100.0,0.0,100.0,0.0,83.0,34050.0,20.0,20.0,100.0,0.0,100.0,0.0,200.0,0.0,100.0,21708.0,100.0,42123990664.0,100.0,97247464712.0
2018-06-18,Z305DFVR,ST4000DM000,4000787030016,0,117.0,125634688.0,92.0,0.0,100.0,10.0,100.0,0.0,81.0,142510691.0,75.0,21984.0,100.0,0.0,100.0,10.0,100.0,0.0,100.0,0.0,100.0,0.0,100.0,0.0,100.0,0.0,80.0,20.0,100.0,0.0,100.0,0.0,83.0,34050.0,20.0,20.0,100.0,0.0,100.0,0.0,200.0,0.0,100.0,21732.0,100.0,42133334016.0,100.0,97740597934.0
2018-06-19,Z305DFVR,ST4000DM000,4000787030016,0,118,195343288,92,0,100,10,100,0,81,146962248,75,22007,100,0,100,10,100.0,0.0,100.0,0.0,100.0,0.0,100.0,0.0,100.0,0.0,80.0,20.0,100.0,0.0,100.0,0.0,83.0,34050.0,20,20,100,0,100,0,200,0,100.0,21756.0,100.0,42144020080.0,100.0,98145383396.0
2018-06-20,Z305DFVR,ST4000DM000,4000787030016,0,118,168012800,92,0,100,10,100,0,81,151557120,75,22032,100,0,100,10,100.0,0.0,100.0,0.0,100.0,0.0,100.0,0.0,100.0,0.0,80.0,20.0,100.0,0.0,100.0,0.0,83.0,34050.0,20,20,100,0,100,0,200,0,100.0,21780.0,100.0,42150646224.0,100.0,98596445895.0
2018-06-21,Z305DFVR,ST4000DM000,4000787030016,0,103,6011592,92,0,100,10,100,0,81,156270696,75,22056,100,0,100,10,100.0,0.0,100.0,0.0,100.0,0.0,100.0,0.0,100.0,0.0,80.0,20.0,100.0,0.0,100.0,0.0,83.0,34050.0,20,20,100,0,100,0,200,0,100.0,21804.0,100.0,42158575056.0,100.0,99046371344.0
2018-06-22,Z305DFVR,ST4000DM000,4000787030016,0,117,154417560,92,0,100,10,100,0,81,161298812,75,22080,100,0,100,10,100.0,0.0,100.0,0.0,100.0,0.0,100.0,0.0,100.0,0.0,80.0,20.0,100.0,0.0,100.0,0.0,83.0,34050.0,20,20,100,0,100,0,200,0,100.0,21828.0,100.0,42164817368.0,100.0,99645986052.0
2018-06-23,Z305DFVR,ST4000DM000,4000787030016,0,117,143077232,92,0,100,10,100,0,81,164210927,75,22104,100,0,100,10,100.0,0.0,100.0,0.0,100.0,0.0,100.0,0.0,100.0,0.0,80.0,20.0,100.0,0.0,100.0,0.0,83.0,34050.0,20,20,100,0,100,0,200,0,100.0,21852.0,100.0,42177511760.0,100.0,100033844658.0
2018-06-24,Z305DFVR,ST4000DM000,4000787030016,0,114,75382048,92,0,100,10,100,0,81,164962810,75,22128,100,0,100,10,100.0,0.0,100.0,0.0,100.0,0.0,100.0,0.0,100.0,0.0,80.0,20.0,100.0,0.0,100.0,0.0,83.0,34050.0,20,20,100,0,100,0,200,0,100.0,21876.0,100.0,42201253672.0,100.0,100192992427.0
2018-06-25,Z305DFVR,ST4000DM000,4000787030016,0,119,211622240,92,0,100,10,100,0,81,166424523,75,22152,100,0,100,10,100.0,0.0,100.0,0.0,100.0,0.0,100.0,0.0,100.0,0.0,80.0,20.0,100.0,0.0,100.0,0.0,83.0,34050.0,20,20,100,0,100,0,200,0,100.0,21900.0,100.0,42224509296.0,100.0,100369350699.0
2018-06-26,Z305DFVR,ST4000DM000,4000787030016,0,118,200469216,92,0,100,10,100,0,81,167139580,75,22176,100,0,100,10,100.0,0.0,100.0,0.0,100.0,0.0,100.0,0.0,100.0,0.0,79.0,21.0,100.0,0.0,100.0,0.0,83.0,34050.0,21,21,100,0,100,0,200,0,100.0,21924.0,100.0,42246643464.0,100.0,100529625130.0
2018-06-27,Z305DFVR,ST4000DM000,4000787030016,0,116,112317496,92,0,100,10,100,0,82,168355745,75,22200,100,0,100,10,100.0,0.0,100.0,0.0,100.0,0.0,100.0,0.0,100.0,0.0,80.0,20.0,100.0,0.0,100.0,0.0,83.0,34050.0,20,20,100,0,100,0,200,0,100.0,21948.0,100.0,42273690856.0,100.0,100665867482.0
2018-06-28,Z305DFVR,ST4000DM000,4000787030016,0,119,214769352,92,0,100,10,100,0,82,169235145,75,22224,100,0,100,10,100.0,0.0,100.0,0.0,100.0,0.0,100.0,0.0,100.0,0.0,80.0,20.0,100.0,0.0,100.0,0.0,83.0,34050.0,20,20,100,0,100,0,200,0,100.0,21972.0,100.0,42296398960.0,100.0,100819169632.0
2018-06-29,Z305DFVR,ST4000DM000,4000787030016,0,120,322000,92,0,100,10,100,0,82,169797613,75,22248,100,0,100,10,100.0,0.0,100.0,0.0,100.0,0.0,100.0,0.0,100.0,0.0,80.0,20.0,100.0,0.0,100.0,0.0,83.0,34050.0,20,20,100,0,100,0,200,0,100.0,21996.0,100.0,42312264208.0,100.0,100979475205.0
2018-06-30,Z305DFVR,ST4000DM000,4000787030016,0,117,145958672,92,0,100,10,100,0,82,170538221,75,22272,100,0,100,10,100.0,0.0,100.0,0.0,100.0,0.0,100.0,0.0,100.0,0.0,80.0,20.0,100.0,0.0,100.0,0.0,83.0,34052.0,20,20,100,0,100,0,200,0,100.0,22021.0,100.0,42336634184.0,100.0,101114206693.0
2018-07-01,Z305DFVR,ST4000DM000,4000787030016,0,114,82608832,92,0,100,10,100,0,82,171326789,75,22297,100,0,100,10,100.0,0.0,100.0,0.0,100.0,0.0,100.0,0.0,100.0,0.0,80.0,20.0,100.0,0.0,100.0,0.0,83.0,34052.0,20,20,100,0,100,0,200,0,100.0,22045.0,100.0,42363565568.0,100.0,101278886526.0
2018-07-02,Z305DFVR,ST4000DM000,4000787030016,0,114,75468024,92,0,100,10,100,0,82,173051675,75,22321,100,0,100,10,100.0,0.0,100.0,0.0,100.0,0.0,100.0,0.0,100.0,0.0,80.0,20.0,100.0,0.0,100.0,0.0,83.0,34052.0,20,20,100,0,100,0,200,0,100.0,22069.0,100.0,42404173824.0,100.0,101467907783.0
2018-07-03,Z305DFVR,ST4000DM000,4000787030016,0,119,222451568,92,0,100,10,100,0,82,175086234,75,22345,100,0,100,10,100.0,0.0,100.0,0.0,100.0,0.0,100.0,0.0,100.0,0.0,80.0,20.0,100.0,0.0,100.0,0.0,83.0,34052.0,20,20,100,0,100,0,200,0,100.0,22093.0,100.0,42431378088.0,100.0,101580292041.0
2018-07-04,Z305DFVR,ST4000DM000,4000787030016,0,117,163625792,92,0,100,10,100,0,82,176531960,75,22369,100,0,100,10,100.0,0.0,100.0,0.0,100.0,0.0,100.0,0.0,100.0,0.0,80.0,20.0,100.0,0.0,100.0,0.0,83.0,34052.0,20,20,100,0,100,0,200,0,100.0,22117.0,100.0,42445701608.0,100.0,101695811853.0
2018-07-05,Z305DFVR,ST4000DM000,4000787030016,0,118,193013912,92,0,100,10,100,0,82,177204043,75,22393,100,0,100,10,100.0,0.0,100.0,0.0,100.0,0.0,100.0,0.0,100.0,0.0,80.0,20.0,100.0,0.0,100.0,0.0,83.0,34052.0,20,20,100,0,100,0,200,0,100.0,22141.0,100.0,42460403336.0,100.0,101801192996.0
2018-07-06,Z305DFVR,ST4000DM000,4000787030016,0,119,221705464,92,0,100,10,100,0,82,178145112,75,22417,100,0,100,10,100.0,0.0,100.0,0.0,100.0,0.0,100.0,0.0,100.0,0.0,80.0,20.0,100.0,0.0,100.0,0.0,83.0,34052.0,20,20,100,0,100,0,200,0,100.0,22166.0,100.0,42473963936.0,100.0,101950495571.0
2018-07-07,Z305DFVR,ST4000DM000,4000787030016,0,117,118585480,92,0,100,10,100,0,82,180001687,75,22441,100,0,100,10,100.0,0.0,100.0,0.0,100.0,0.0,100.0,0.0,100.0,0.0,80.0,20.0,100.0,0.0,100.0,0.0,83.0,34052.0,20,20,100,0,100,0,200,0,100.0,22189.0,100.0,42486811744.0,100.0,102142712026.0
2018-07-08,Z305DFVR,ST4000DM000,4000787030016,0,114,68425512,92,0,100,10,100,0,82,180912044,75,22464,100,0,100,10,100.0,0.0,100.0,0.0,100.0,0.0,100.0,0.0,100.0,0.0,80.0,20.0,100.0,0.0,100.0,0.0,83.0,34052.0,20,20,100,0,100,0,200,0,100.0,22213.0,100.0,42498267944.0,100.0,102294573370.0
2018-07-09,Z305DFVR,ST4000DM000,4000787030016,0,114,72439232,92,0,100,10,100,0,82,183504601,75,22489,100,0,100,10,100.0,0.0,100.0,0.0,100.0,0.0,100.0,0.0,100.0,0.0,80.0,20.0,100.0,0.0,100.0,0.0,83.0,34052.0,20,20,100,0,100,0,200,0,100.0,22237.0,100.0,42513170280.0,100.0,102486437068.0
2018-07-10,Z305DFVR,ST4000DM000,4000787030016,0,116.0,115971376.0,92.0,0.0,100.0,10.0,100.0,0.0,82.0,184394509.0,75.0,22513.0,100.0,0.0,100.0,10.0,100.0,0.0,100.0,0.0,100.0,0.0,100.0,0.0,100.0,0.0,80.0,20.0,100.0,0.0,100.0,0.0,83.0,34052.0,20.0,20.0,100.0,0.0,100.0,0.0,200.0,0.0,100.0,22261.0,100.0,42528732760.0,100.0,102648110514.0
2018-07-11,Z305DFVR,ST4000DM000,4000787030016,0,112,42486784,92,0,100,10,100,0,82,186021614,75,22537,100,0,100,10,100.0,0.0,100.0,0.0,100.0,0.0,100.0,0.0,100.0,0.0,80.0,20.0,100.0,0.0,100.0,0.0,83.0,34052.0,20,20,100,0,100,0,200,0,100.0,22285.0,100.0,42551224048.0,100.0,102759427223.0
2018-07-12,Z305DFVR,ST4000DM000,4000787030016,0,116,111058064,92,0,100,10,100,0,82,186677972,75,22555,100,0,100,10,100.0,0.0,100.0,0.0,100.0,0.0,100.0,0.0,100.0,0.0,80.0,20.0,100.0,0.0,100.0,0.0,83.0,34052.0,20,20,100,0,100,0,200,0,100.0,22303.0,100.0,42561042896.0,100.0,102848322020.0
2018-07-13,Z305DFVR,ST4000DM000,4000787030016,0,118,183571744,92,0,100,10,100,0,82,187461318,75,22578,100,0,100,10,100.0,0.0,100.0,0.0,100.0,0.0,100.0,0.0,100.0,0.0,80.0,20.0,100.0,0.0,100.0,0.0,83.0,34055.0,20,20,100,0,100,0,200,0,100.0,22327.0,100.0,42575863216.0,100.0,102964958733.0
2018-07-14,Z305DFVR,ST4000DM000,4000787030016,0,120,240708536,92,0,100,10,100,0,82,188286143,75,22603,100,0,100,10,100.0,0.0,100.0,0.0,100.0,0.0,100.0,0.0,100.0,0.0,80.0,20.0,100.0,0.0,100.0,0.0,83.0,34055.0,20,20,100,0,100,0,200,0,100.0,22351.0,100.0,42593061856.0,100.0,103078449164.0
2018-07-15,Z305DFVR,ST4000DM000,4000787030016,0,116,114029832,92,0,100,10,100,0,82,189324394,75,22626,100,0,100,10,100.0,0.0,100.0,0.0,100.0,0.0,100.0,0.0,100.0,0.0,80.0,20.0,100.0,0.0,100.0,0.0,83.0,34055.0,20,20,100,0,100,0,200,0,100.0,22374.0,100.0,42606196880.0,100.0,103216204650.0
2018-07-16,Z305DFVR,ST4000DM000,4000787030016,0,117,118502888,92,0,100,10,100,0,82,190859943,75,22651,100,0,100,10,100.0,0.0,100.0,0.0,100.0,0.0,100.0,0.0,100.0,0.0,79.0,21.0,100.0,0.0,100.0,0.0,83.0,34055.0,21,21,100,0,100,0,200,0,100.0,22399.0,100.0,42621748816.0,100.0,103312758723.0
2018-07-17,Z305DFVR,ST4000DM000,4000787030016,0,117,159891280,92,0,100,10,100,0,82,191315316,75,22675,100,0,100,10,100.0,0.0,100.0,0.0,100.0,0.0,100.0,0.0,100.0,0.0,80.0,20.0,100.0,0.0,100.0,0.0,83.0,34055.0,20,20,100,0,100,0,200,0,100.0,22423.0,100.0,42633363208.0,100.0,103351298175.0
2018-07-18,Z305DFVR,ST4000DM000,4000787030016,0,117,150168600,92,0,100,10,100,0,82,193409036,75,22699,100,0,100,10,100.0,0.0,100.0,0.0,100.0,0.0,100.0,0.0,100.0,0.0,80.0,20.0,100.0,0.0,100.0,0.0,83.0,34055.0,20,20,100,0,100,0,200,0,100.0,22447.0,100.0,42660099704.0,100.0,103451771362.0
2018-07-19,Z305DFVR,ST4000DM000,4000787030016,0,114,69765184,92,0,100,10,100,0,82,194844791,75,22723,100,0,100,10,100.0,0.0,100.0,0.0,100.0,0.0,100.0,0.0,100.0,0.0,80.0,20.0,100.0,0.0,100.0,0.0,83.0,34055.0,20,20,100,0,100,0,200,0,100.0,22471.0,100.0,42677024008.0,100.0,103571688272.0
2018-07-20,Z305DFVR,ST4000DM000,4000787030016,0,114,67288664,92,0,100,10,100,0,82,196072693,75,22747,100,0,100,10,100.0,0.0,100.0,0.0,100.0,0.0,100.0,0.0,100.0,0.0,80.0,20.0,100.0,0.0,100.0,0.0,83.0,34055.0,20,20,100,0,100,0,200,0,100.0,22495.0,100.0,42693442184.0,100.0,103720436487.0
2018-07-21,Z305DFVR,ST4000DM000,4000787030016,0,119,208822656,92,0,100,10,100,0,82,196826661,75,22771,100,0,100,10,100.0,0.0,100.0,0.0,100.0,0.0,100.0,0.0,100.0,0.0,80.0,20.0,100.0,0.0,100.0,0.0,83.0,34055.0,20,20,100,0,100,0,200,0,100.0,22519.0,100.0,42712996192.0,100.0,103804919746.0
2018-07-22,Z305DFVR,ST4000DM000,4000787030016,0,111,30967856,92,0,100,10,100,0,82,197750457,74,22794,100,0,100,10,100.0,0.0,100.0,0.0,100.0,0.0,100.0,0.0,100.0,0.0,80.0,20.0,100.0,0.0,100.0,0.0,83.0,34055.0,20,20,100,0,100,0,200,0,100.0,22543.0,100.0,42724908176.0,100.0,103929401156.0
2018-07-23,Z305DFVR,ST4000DM000,4000787030016,0,115,89762776,92,0,100,10,100,0,82,199525332,74,22819,100,0,100,10,100.0,0.0,100.0,0.0,100.0,0.0,100.0,0.0,100.0,0.0,80.0,20.0,100.0,0.0,100.0,0.0,83.0,34055.0,20,20,100,0,100,0,200,0,100.0,22567.0,100.0,42744784784.0,100.0,104088084101.0
2018-07-24,Z305DFVR,ST4000DM000,4000787030016,0,118,186782416,92,0,100,10,100,0,82,200428440,74,22843,100,0,100,10,100.0,0.0,100.0,0.0,100.0,0.0,100.0,0.0,100.0,0.0,80.0,20.0,100.0,0.0,100.0,0.0,83.0,34055.0,20,20,100,0,100,0,200,0,100.0,22591.0,100.0,42761986752.0,100.0,104215535993.0
2018-07-25,Z305DFVR,ST4000DM000,4000787030016,0,115.0,91969128.0,92.0,0.0,100.0,10.0,100.0,0.0,83.0,201685452.0,74.0,22867.0,100.0,0.0,100.0,10.0,100.0,0.0,100.0,0.0,100.0,0.0,100.0,0.0,100.0,0.0,80.0,20.0,100.0,0.0,100.0,0.0,83.0,34055.0,20.0,20.0,100.0,0.0,100.0,0.0,200.0,0.0,100.0,22615.0,100.0,42777250888.0,100.0,104335543374.0
2018-07-26,Z305DFVR,ST4000DM000,4000787030016,0,109,23961528,92,0,100,10,100,0,83,202938317,74,22891,100,0,100,10,100.0,0.0,100.0,0.0,100.0,0.0,100.0,0.0,100.0,0.0,80.0,20.0,100.0,0.0,100.0,0.0,83.0,34055.0,20,20,100,0,100,0,200,0,100.0,22639.0,100.0,42789020064.0,100.0,104437541393.0
2018-07-27,Z305DFVR,ST4000DM000,4000787030016,0,114,68298512,92,0,100,10,100,0,83,204788682,74,22919,100,0,100,10,100.0,0.0,100.0,0.0,100.0,0.0,100.0,0.0,100.0,0.0,80.0,20.0,100.0,0.0,100.0,0.0,83.0,34063.0,20,20,100,0,100,0,200,0,100.0,22667.0,100.0,42804140560.0,100.0,104585250334.0
2018-07-28,Z305DFVR,ST4000DM000,4000787030016,0,114,73727408,92,0,100,10,100,0,83,205627523,74,22943,100,0,100,10,100.0,0.0,100.0,0.0,100.0,0.0,100.0,0.0,100.0,0.0,80.0,20.0,100.0,0.0,100.0,0.0,83.0,34063.0,20,20,100,0,100,0,200,0,100.0,22691.0,100.0,42816730872.0,100.0,104712686118.0
2018-07-29,Z305DFVR,ST4000DM000,4000787030016,0,117,120333248,92,0,100,10,100,0,83,206140276,74,22967,100,0,100,10,100.0,0.0,100.0,0.0,100.0,0.0,100.0,0.0,100.0,0.0,80.0,20.0,100.0,0.0,100.0,0.0,83.0,34063.0,20,20,100,0,100,0,200,0,100.0,22715.0,100.0,42833764640.0,100.0,104756879832.0
2018-07-30,Z305DFVR,ST4000DM000,4000787030016,0,115,90191592,92,0,100,10,100,0,83,207381693,74,22991,100,0,100,10,100.0,0.0,100.0,0.0,100.0,0.0,100.0,0.0,100.0,0.0,80.0,20.0,100.0,0.0,100.0,0.0,83.0,34063.0,20,20,100,0,100,0,200,0,100.0,22739.0,100.0,42848387384.0,100.0,104799949752.0
2018-07-31,Z305DFVR,ST4000DM000,4000787030016,0,115,85579448,92,0,100,10,100,0,83,208282955,74,23015,100,0,100,10,100.0,0.0,100.0,0.0,100.0,0.0,100.0,0.0,100.0,0.0,80.0,20.0,100.0,0.0,100.0,0.0,83.0,34063.0,20,20,100,0,100,0,200,0,100.0,22763.0,100.0,42861200464.0,100.0,104897927179.0
2018-08-01,Z305DFVR,ST4000DM000,4000787030016,0,115,86332928,92,0,100,10,100,0,83,209175630,74,23039,100,0,100,10,100.0,0.0,100.0,0.0,100.0,0.0,100.0,0.0,100.0,0.0,80.0,20.0,100.0,0.0,100.0,0.0,83.0,34063.0,20,20,100,0,100,0,200,0,100.0,22786.0,100.0,42888706104.0,100.0,104928430011.0
2018-08-02,Z305DFVR,ST4000DM000,4000787030016,0,119,203093288,92,0,100,10,100,0,83,209872360,74,23064,100,0,100,10,100.0,0.0,100.0,0.0,100.0,0.0,100.0,0.0,100.0,0.0,80.0,20.0,100.0,0.0,100.0,0.0,83.0,34063.0,20,20,100,0,100,0,200,0,100.0,22811.0,100.0,42906024008.0,100.0,104947972521.0
2018-08-03,Z305DFVR,ST4000DM000,4000787030016,0,119,233417248,92,0,100,10,100,0,83,211017950,74,23087,100,0,100,10,100.0,0.0,100.0,0.0,100.0,0.0,100.0,0.0,100.0,0.0,80.0,20.0,100.0,0.0,100.0,0.0,83.0,34063.0,20,20,100,0,100,0,200,0,100.0,22835.0,100.0,42929611240.0,100.0,105075789854.0
2018-08-04,Z305DFVR,ST4000DM000,4000787030016,0,117,138682048,92,0,100,10,100,0,83,212206120,74,23111,100,0,100,10,100.0,0.0,100.0,0.0,100.0,0.0,100.0,0.0,100.0,0.0,80.0,20.0,100.0,0.0,100.0,0.0,83.0,34063.0,20,20,100,0,100,0,200,0,100.0,22859.0,100.0,42949630672.0,100.0,105219876225.0
2018-08-05,Z305DFVR,ST4000DM000,4000787030016,0,114,68394872,92,0,100,10,100,0,83,213062244,74,23135,100,0,100,10,100.0,0.0,100.0,0.0,100.0,0.0,100.0,0.0,100.0,0.0,80.0,20.0,100.0,0.0,100.0,0.0,83.0,34063.0,20,20,100,0,100,0,200,0,100.0,22883.0,100.0,42971748312.0,100.0,105304881957.0
2018-08-06,Z305DFVR,ST4000DM000,4000787030016,0,110,28789072,92,0,100,10,100,0,83,215021896,74,23159,100,0,100,10,100.0,0.0,100.0,0.0,100.0,0.0,100.0,0.0,100.0,0.0,80.0,20.0,100.0,0.0,100.0,0.0,83.0,34063.0,20,20,100,0,100,0,200,0,100.0,22907.0,100.0,42993406184.0,100.0,105428026986.0
2018-08-07,Z305DFVR,ST4000DM000,4000787030016,0,116,104153080,92,0,100,10,100,0,83,215643528,74,23183,100,0,100,10,100.0,0.0,100.0,0.0,100.0,0.0,100.0,0.0,100.0,0.0,80.0,20.0,100.0,0.0,100.0,0.0,83.0,34063.0,20,20,100,0,100,0,200,0,100.0,22931.0,100.0,43007456920.0,100.0,105490572335.0
2018-08-08,Z305DFVR,ST4000DM000,4000787030016,0,120,239997248,92,0,100,10,100,0,83,217823238,74,23208,100,0,100,10,100.0,0.0,100.0,0.0,100.0,0.0,100.0,0.0,100.0,0.0,80.0,20.0,100.0,0.0,100.0,0.0,83.0,34063.0,20,20,100,0,100,0,200,0,100.0,22955.0,100.0,43028114832.0,100.0,105559020342.0
2018-08-09,Z305DFVR,ST4000DM000,4000787030016,0,114,80504024,92,0,100,10,100,0,83,218964984,74,23233,100,0,100,10,100.0,0.0,100.0,0.0,100.0,0.0,100.0,0.0,100.0,0.0,80.0,20.0,100.0,0.0,100.0,0.0,83.0,34065.0,20,20,100,0,100,0,200,0,100.0,22981.0,100.0,43037219664.0,100.0,105676436300.0
2018-08-10,Z305DFVR,ST4000DM000,4000787030016,0,116,104297848,92,0,100,10,100,0,83,219813325,74,23257,100,0,100,10,100.0,0.0,100.0,0.0,100.0,0.0,100.0,0.0,100.0,0.0,80.0,20.0,100.0,0.0,100.0,0.0,83.0,34065.0,20,20,100,0,100,0,200,0,100.0,23004.0,100.0,43051316904.0,100.0,105800018859.0
2018-08-11,Z305DFVR,ST4000DM000,4000787030016,0,117,121515240,92,0,100,10,100,0,83,220726191,74,23281,100,0,100,10,100.0,0.0,100.0,0.0,100.0,0.0,100.0,0.0,100.0,0.0,80.0,20.0,100.0,0.0,100.0,0.0,83.0,34065.0,20,20,100,0,100,0,200,0,100.0,23028.0,100.0,43066771224.0,100.0,105913373432.0
2018-08-12,Z305DFVR,ST4000DM000,4000787030016,0,105,8665248,92,0,100,10,100,0,83,221783943,74,23305,100,0,100,10,100.0,0.0,100.0,0.0,100.0,0.0,100.0,0.0,100.0,0.0,80.0,20.0,100.0,0.0,100.0,0.0,83.0,34065.0,20,20,100,0,100,0,200,0,100.0,23052.0,100.0,43077816008.0,100.0,106025074508.0
2018-08-13,Z305DFVR,ST4000DM000,4000787030016,0,118,198348872,92,0,100,10,100,0,83,223715607,74,23329,100,0,100,10,100.0,0.0,100.0,0.0,100.0,0.0,100.0,0.0,100.0,0.0,80.0,20.0,100.0,0.0,100.0,0.0,83.0,34065.0,20,20,100,0,100,0,200,0,100.0,23076.0,100.0,43094894512.0,100.0,106169332128.0
2018-08-14,Z305DFVR,ST4000DM000,4000787030016,0,118.0,187877704.0,92.0,0.0,100.0,10.0,100.0,0.0,83.0,224973848.0,74.0,23353.0,100.0,0.0,100.0,10.0,100.0,0.0,100.0,0.0,100.0,0.0,100.0,0.0,100.0,0.0,80.0,20.0,100.0,0.0,100.0,0.0,83.0,34065.0,20.0,20.0,100.0,0.0,100.0,0.0,200.0,0.0,100.0,23100.0,100.0,43112548176.0,100.0,106286882752.0
2018-08-15,Z305DFVR,ST4000DM000,4000787030016,0,115.0,97925880.0,92.0,0.0,100.0,10.0,100.0,0.0,83.0,225791633.0,74.0,23377.0,100.0,0.0,100.0,10.0,100.0,0.0,100.0,0.0,100.0,0.0,100.0,0.0,100.0,0.0,80.0,20.0,100.0,0.0,100.0,0.0,83.0,34068.0,20.0,20.0,100.0,0.0,100.0,0.0,200.0,0.0,100.0,23124.0,100.0,43132445936.0,100.0,106359175268.0
2018-08-16,Z305DFVR,ST4000DM000,4000787030016,0,119,218236520,92,0,100,10,100,0,83,226687267,74,23400,100,0,100,10,100.0,0.0,100.0,0.0,100.0,0.0,100.0,0.0,100.0,0.0,80.0,20.0,100.0,0.0,100.0,0.0,83.0,34068.0,20,20,100,0,100,0,200,0,100.0,23148.0,100.0,43149245736.0,100.0,106451454800.0
2018-08-17,Z305DFVR,ST4000DM000,4000787030016,0,107,14288096,92,0,100,10,100,0,83,227453490,74,23425,100,0,100,10,100.0,0.0,100.0,0.0,100.0,0.0,100.0,0.0,100.0,0.0,80.0,20.0,100.0,0.0,100.0,0.0,83.0,34068.0,20,20,100,0,100,0,200,0,100.0,23172.0,100.0,43162683456.0,100.0,106519894399.0
2018-08-18,Z305DFVR,ST4000DM000,4000787030016,0,116,105553720,92,0,100,10,100,0,83,228073902,74,23449,100,0,100,10,100.0,0.0,100.0,0.0,100.0,0.0,100.0,0.0,100.0,0.0,81.0,19.0,100.0,0.0,100.0,0.0,83.0,34068.0,19,19,100,0,100,0,200,0,100.0,23196.0,100.0,43175534696.0,100.0,106584086455.0
2018-08-19,Z305DFVR,ST4000DM000,4000787030016,0,117,153494856,92,0,100,10,100,0,83,229401956,74,23473,100,0,100,10,100.0,0.0,100.0,0.0,100.0,0.0,100.0,0.0,100.0,0.0,81.0,19.0,100.0,0.0,100.0,0.0,83.0,34068.0,19,19,100,0,100,0,200,0,100.0,23220.0,100.0,43203070992.0,100.0,106702938291.0
2018-08-20,Z305DFVR,ST4000DM000,4000787030016,0,118,187225440,92,0,100,10,100,0,83,230961042,74,23496,100,0,100,10,100.0,0.0,100.0,0.0,100.0,0.0,100.0,0.0,100.0,0.0,80.0,20.0,100.0,0.0,100.0,0.0,83.0,34068.0,20,20,100,0,100,0,200,0,100.0,23243.0,100.0,43220950544.0,100.0,106796246334.0
2018-08-21,Z305DFVR,ST4000DM000,4000787030016,0,116,105636200,92,0,100,10,100,0,83,233029565,74,23520,100,0,100,10,100.0,0.0,100.0,0.0,100.0,0.0,100.0,0.0,100.0,0.0,80.0,20.0,100.0,0.0,100.0,0.0,83.0,34068.0,20,20,100,0,100,0,200,0,100.0,23267.0,100.0,43239878856.0,100.0,106905972865.0
2018-08-22,Z305DFVR,ST4000DM000,4000787030016,0,118,169187328,92,0,100,10,100,0,83,234290163,74,23545,100,0,100,10,100.0,0.0,100.0,0.0,100.0,0.0,100.0,0.0,100.0,0.0,80.0,20.0,100.0,0.0,100.0,0.0,83.0,34068.0,20,20,100,0,100,0,200,0,100.0,23292.0,100.0,43255180888.0,100.0,106982442571.0
2018-08-23,Z305DFVR,ST4000DM000,4000787030016,0,108,17732128,92,0,100,10,100,0,84,236227380,74,23568,100,0,100,10,100.0,0.0,100.0,0.0,100.0,0.0,100.0,0.0,100.0,0.0,80.0,20.0,100.0,0.0,100.0,0.0,83.0,34068.0,20,20,100,0,100,0,200,0,100.0,23315.0,100.0,43270430552.0,100.0,107077232673.0
2018-08-24,Z305DFVR,ST4000DM000,4000787030016,0,117,151021896,92,0,100,10,100,0,84,237263197,74,23592,100,0,100,10,100.0,0.0,100.0,0.0,100.0,0.0,100.0,0.0,100.0,0.0,80.0,20.0,100.0,0.0,100.0,0.0,83.0,34068.0,20,20,100,0,100,0,200,0,100.0,23340.0,100.0,43290812352.0,100.0,107218777981.0
2018-08-25,Z305DFVR,ST4000DM000,4000787030016,0,118,186528840,92,0,100,10,100,0,84,238037457,74,23616,100,0,100,10,100.0,0.0,100.0,0.0,100.0,0.0,100.0,0.0,100.0,0.0,80.0,20.0,100.0,0.0,100.0,0.0,83.0,34068.0,20,20,100,0,100,0,200,0,100.0,23364.0,100.0,43310213496.0,100.0,107331299103.0
2018-08-26,Z305DFVR,ST4000DM000,4000787030016,0,119,212495248,92,0,100,10,100,0,84,238876127,74,23640,100,0,100,10,100.0,0.0,100.0,0.0,100.0,0.0,100.0,0.0,100.0,0.0,80.0,20.0,100.0,0.0,100.0,0.0,83.0,34068.0,20,20,100,0,100,0,200,0,100.0,23388.0,100.0,43323039320.0,100.0,107460570856.0
2018-08-27,Z305DFVR,ST4000DM000,4000787030016,0,117,159880776,92,0,100,10,100,0,84,240785498,73,23664,100,0,100,10,100.0,0.0,100.0,0.0,100.0,0.0,100.0,0.0,100.0,0.0,80.0,20.0,100.0,0.0,100.0,0.0,83.0,34068.0,20,20,100,0,100,0,200,0,100.0,23411.0,100.0,43354256168.0,100.0,107607590319.0
2018-08-28,Z305DFVR,ST4000DM000,4000787030016,0,119,204439016,92,0,100,10,100,0,84,241667082,73,23688,100,0,100,10,100.0,0.0,100.0,0.0,100.0,0.0,100.0,0.0,100.0,0.0,80.0,20.0,100.0,0.0,100.0,0.0,83.0,34068.0,20,20,100,0,100,0,200,0,100.0,23436.0,100.0,43376495472.0,100.0,107777990486.0
2018-08-29,Z305DFVR,ST4000DM000,4000787030016,0,115,87767080,92,0,100,10,100,0,84,242476905,73,23712,100,0,100,10,100.0,0.0,100.0,0.0,100.0,0.0,100.0,0.0,100.0,0.0,80.0,20.0,100.0,0.0,100.0,0.0,83.0,34071.0,20,20,100,0,100,0,200,0,100.0,23460.0,100.0,43400620432.0,100.0,107913507585.0
2018-08-30,Z305DFVR,ST4000DM000,4000787030016,0,115,86200744,92,0,100,10,100,0,84,243000872,73,23736,100,0,100,10,100.0,0.0,100.0,0.0,100.0,0.0,100.0,0.0,100.0,0.0,80.0,20.0,100.0,0.0,100.0,0.0,83.0,34071.0,20,20,100,0,100,0,200,0,100.0,23484.0,100.0,43420407168.0,100.0,107960933141.0
2018-08-31,Z305DFVR,ST4000DM000,4000787030016,0,111,31305320,92,0,100,10,100,0,84,243884684,73,23761,100,0,100,10,100.0,0.0,100.0,0.0,100.0,0.0,100.0,0.0,100.0,0.0,80.0,20.0,100.0,0.0,100.0,0.0,83.0,34071.0,20,20,100,0,100,0,200,0,100.0,23508.0,100.0,43437561408.0,100.0,108100734999.0
2018-09-01,Z305DFVR,ST4000DM000,4000787030016,0,109,23379608,92,0,100,10,100,0,84,244613782,73,23785,100,0,100,10,100.0,0.0,100.0,0.0,100.0,0.0,100.0,0.0,100.0,0.0,80.0,20.0,100.0,0.0,100.0,0.0,83.0,34071.0,20,20,100,0,100,0,200,0,100.0,23532.0,100.0,43455396888.0,100.0,108268056864.0
2018-09-02,Z305DFVR,ST4000DM000,4000787030016,0,118,196732968,92,0,100,10,100,0,84,245214828,73,23809,100,0,100,10,100.0,0.0,100.0,0.0,100.0,0.0,100.0,0.0,100.0,0.0,80.0,20.0,100.0,0.0,100.0,0.0,83.0,34071.0,20,20,100,0,100,0,200,0,100.0,23556.0,100.0,43469624080.0,100.0,108434280181.0
2018-09-03,Z305DFVR,ST4000DM000,4000787030016,0,118,198007528,92,0,100,10,100,0,84,247528245,73,23832,100,0,100,10,100.0,0.0,100.0,0.0,100.0,0.0,100.0,0.0,100.0,0.0,80.0,20.0,100.0,0.0,100.0,0.0,83.0,34071.0,20,20,100,0,100,0,200,0,100.0,23580.0,100.0,43493859552.0,100.0,108618475879.0
2018-09-04,Z305DFVR,ST4000DM000,4000787030016,0,113,57830744,92,0,100,10,100,0,84,248130994,73,23857,100,0,100,10,100.0,0.0,100.0,0.0,100.0,0.0,100.0,0.0,100.0,0.0,80.0,20.0,100.0,0.0,100.0,0.0,83.0,34071.0,20,20,100,0,100,0,200,0,100.0,23604.0,100.0,43512390504.0,100.0,108797572206.0
2018-09-05,Z305DFVR,ST4000DM000,4000787030016,0,118,188603760,92,0,100,10,100,0,84,249435265,73,23880,100,0,100,10,100.0,0.0,100.0,0.0,100.0,0.0,100.0,0.0,100.0,0.0,80.0,20.0,100.0,0.0,100.0,0.0,83.0,34071.0,20,20,100,0,100,0,200,0,100.0,23628.0,100.0,43531119744.0,100.0,108932349339.0
2018-09-06,Z305DFVR,ST4000DM000,4000787030016,0,115,95420664,92,0,100,10,100,0,84,250335631,73,23904,100,0,100,10,100.0,0.0,100.0,0.0,100.0,0.0,100.0,0.0,100.0,0.0,79.0,21.0,100.0,0.0,100.0,0.0,83.0,34073.0,21,21,100,0,100,0,200,0,100.0,23652.0,100.0,43546930744.0,100.0,109111482125.0
2018-09-07,Z305DFVR,ST4000DM000,4000787030016,0,118,170963352,92,0,100,10,100,0,84,251120020,73,23929,100,0,100,10,100.0,0.0,100.0,0.0,100.0,0.0,100.0,0.0,100.0,0.0,80.0,20.0,100.0,0.0,100.0,0.0,83.0,34073.0,20,20,100,0,100,0,200,0,100.0,23676.0,100.0,43572285272.0,100.0,109212700883.0
2018-09-08,Z305DFVR,ST4000DM000,4000787030016,0,111,39487392,92,0,100,10,100,0,84,252111672,73,23952,100,0,100,10,100.0,0.0,100.0,0.0,100.0,0.0,100.0,0.0,100.0,0.0,80.0,20.0,100.0,0.0,100.0,0.0,83.0,34073.0,20,20,100,0,100,0,200,0,100.0,23700.0,100.0,43598348528.0,100.0,109345020205.0
2018-09-09,Z305DFVR,ST4000DM000,4000787030016,0,117,118505640,92,0,100,10,100,0,84,253125836,73,23976,100,0,100,10,100.0,0.0,100.0,0.0,100.0,0.0,100.0,0.0,100.0,0.0,80.0,20.0,100.0,0.0,100.0,0.0,83.0,34073.0,20,20,100,0,100,0,200,0,100.0,23724.0,100.0,43627934544.0,100.0,109475124249.0
2018-09-10,Z305DFVR,ST4000DM000,4000787030016,0,117,160223456,92,0,100,10,100,0,84,255248326,73,24000,100,0,100,10,100.0,0.0,100.0,0.0,100.0,0.0,100.0,0.0,100.0,0.0,80.0,20.0,100.0,0.0,100.0,0.0,83.0,34073.0,20,20,100,0,100,0,200,0,100.0,23748.0,100.0,43647388632.0,100.0,109656316946.0
2018-09-11,Z305DFVR,ST4000DM000,4000787030016,0,118,167867168,92,0,100,10,100,0,84,256848230,73,24024,100,0,100,10,100.0,0.0,100.0,0.0,100.0,0.0,100.0,0.0,100.0,0.0,80.0,20.0,100.0,0.0,100.0,0.0,83.0,34073.0,20,20,100,0,100,0,200,0,100.0,23772.0,100.0,43665106328.0,100.0,109833744991.0
2018-09-12,Z305DFVR,ST4000DM000,4000787030016,0,119,226325160,92,0,100,10,100,0,84,258295298,73,24048,100,0,100,10,100.0,0.0,100.0,0.0,100.0,0.0,100.0,0.0,100.0,0.0,81.0,19.0,100.0,0.0,100.0,0.0,83.0,34073.0,19,19,100,0,100,0,200,0,100.0,23796.0,100.0,43680521784.0,100.0,109955736261.0
2018-09-13,Z305DFVR,ST4000DM000,4000787030016,0,118,176082152,92,0,100,10,100,0,84,259459691,73,24069,100,0,100,10,100.0,0.0,100.0,0.0,100.0,0.0,100.0,0.0,100.0,0.0,79.0,21.0,100.0,0.0,100.0,0.0,83.0,34076.0,21,21,100,0,100,0,200,0,100.0,23816.0,100.0,43698296336.0,100.0,110086110190.0
2018-09-14,Z305DFVR,ST4000DM000,4000787030016,0,117,143151344,92,0,100,10,100,0,84,260577633,73,24092,100,0,100,10,100.0,0.0,100.0,0.0,100.0,0.0,100.0,0.0,100.0,0.0,77.0,23.0,100.0,0.0,100.0,0.0,83.0,34076.0,23,23,100,0,100,0,200,0,100.0,23840.0,100.0,43725118728.0,100.0,110193419555.0
2018-09-15,Z305DFVR,ST4000DM000,4000787030016,0,114,64686080,92,0,100,10,100,0,84,263330258,73,24116,100,0,100,10,100.0,0.0,100.0,0.0,100.0,0.0,100.0,0.0,100.0,0.0,77.0,23.0,100.0,0.0,100.0,0.0,83.0,34076.0,23,23,100,0,100,0,200,0,100.0,23864.0,100.0,43762548168.0,100.0,110370522754.0
2018-09-16,Z305DFVR,ST4000DM000,4000787030016,0,114,63474976,93,0,100,12,100,0,84,264374741,73,24139,100,0,100,11,100.0,0.0,100.0,0.0,100.0,0.0,100.0,0.0,100.0,0.0,76.0,24.0,100.0,0.0,100.0,1.0,83.0,34084.0,24,24,100,0,100,0,200,0,100.0,23886.0,100.0,43806587200.0,100.0,110510037710.0
2018-09-17,Z305DFVR,ST4000DM000,4000787030016,0,119,217585416,93,0,100,12,100,0,84,265943523,73,24164,100,0,100,11,100.0,0.0,100.0,0.0,100.0,0.0,100.0,0.0,100.0,0.0,76.0,24.0,100.0,0.0,100.0,1.0,83.0,34084.0,24,24,100,0,100,0,200,0,100.0,23911.0,100.0,43830170912.0,100.0,110686234868.0
2018-09-18,Z305DFVR,ST4000DM000,4000787030016,0,111,41576584,93,0,100,12,100,0,84,266527376,73,24186,100,0,100,11,100.0,0.0,100.0,0.0,100.0,0.0,100.0,0.0,100.0,0.0,79.0,21.0,100.0,0.0,100.0,1.0,83.0,34084.0,21,21,100,0,100,0,200,0,100.0,23933.0,100.0,43843749208.0,100.0,110835521916.0
2018-09-19,Z305DFVR,ST4000DM000,4000787030016,0,114,61969616,93,0,100,13,100,0,84,267685113,73,24210,100,0,100,12,100.0,0.0,100.0,0.0,100.0,0.0,100.0,0.0,100.0,0.0,79.0,21.0,100.0,0.0,100.0,1.0,83.0,34090.0,21,21,100,0,100,0,200,0,100.0,23957.0,100.0,43878113384.0,100.0,110996941449.0
2018-09-20,Z305DFVR,ST4000DM000,4000787030016,0,114,73314576,93,0,100,13,100,0,84,268929178,73,24234,100,0,100,12,100.0,0.0,100.0,0.0,100.0,0.0,100.0,0.0,100.0,0.0,77.0,23.0,100.0,0.0,100.0,1.0,83.0,34090.0,23,23,100,0,100,0,200,0,100.0,23981.0,100.0,43913610632.0,100.0,111126486103.0
2018-09-21,Z305DFVR,ST4000DM000,4000787030016,0,117,150687416,93,0,100,13,100,0,84,269533108,73,24258,100,0,100,12,100.0,0.0,100.0,0.0,100.0,0.0,100.0,0.0,100.0,0.0,79.0,21.0,100.0,0.0,100.0,1.0,83.0,34090.0,21,21,100,0,100,0,200,0,100.0,24005.0,100.0,43926743632.0,100.0,111277289787.0
2018-09-22,Z305DFVR,ST4000DM000,4000787030016,0,118,182004600,93,0,100,13,100,0,84,270151160,73,24282,100,0,100,12,100.0,0.0,100.0,0.0,100.0,0.0,100.0,0.0,100.0,0.0,79.0,21.0,100.0,0.0,100.0,1.0,83.0,34090.0,21,21,100,0,100,0,200,0,100.0,24029.0,100.0,43946785656.0,100.0,111459571081.0
2018-09-23,Z305DFVR,ST4000DM000,4000787030016,0,120,239721800,93,0,100,13,100,0,84,270750175,73,24306,100,0,100,12,100.0,0.0,100.0,0.0,100.0,0.0,100.0,0.0,100.0,0.0,79.0,21.0,100.0,0.0,100.0,1.0,83.0,34090.0,21,21,100,0,100,0,200,0,100.0,24053.0,100.0,43961928728.0,100.0,111633848402.0
2018-09-24,Z305DFVR,ST4000DM000,4000787030016,0,112,47605336,93,0,100,13,100,0,84,272477010,73,24330,100,0,100,12,100.0,0.0,100.0,0.0,100.0,0.0,100.0,0.0,100.0,0.0,79.0,21.0,100.0,0.0,100.0,1.0,83.0,34090.0,21,21,100,0,100,0,200,0,100.0,24077.0,100.0,43984536056.0,100.0,111772291292.0
2018-09-25,Z305DFVR,ST4000DM000,4000787030016,0,117,120676968,93,0,100,13,100,0,84,273522886,73,24355,100,0,100,12,100.0,0.0,100.0,0.0,100.0,0.0,100.0,0.0,100.0,0.0,78.0,22.0,100.0,0.0,100.0,1.0,83.0,34090.0,22,22,100,0,100,0,200,0,100.0,24102.0,100.0,44013823472.0,100.0,111908784706.0
2018-09-26,Z305DFVR,ST4000DM000,4000787030016,0,117,122001480,93,0,100,13,100,0,84,274484010,73,24378,100,0,100,12,100.0,0.0,100.0,0.0,100.0,0.0,100.0,0.0,100.0,0.0,79.0,21.0,100.0,0.0,100.0,1.0,83.0,34090.0,21,21,100,0,100,0,200,0,100.0,24125.0,100.0,44034047064.0,100.0,112021906260.0
2018-09-27,Z305DFVR,ST4000DM000,4000787030016,0,116,108495448,93,0,100,13,100,0,84,275908074,73,24402,100,0,100,12,100.0,0.0,100.0,0.0,100.0,0.0,100.0,0.0,100.0,0.0,79.0,21.0,100.0,0.0,100.0,1.0,83.0,34090.0,21,21,100,0,100,0,200,0,100.0,24149.0,100.0,44053651152.0,100.0,112132079985.0
2018-09-28,Z305DFVR,ST4000DM000,4000787030016,0,115,91449376,93,0,100,13,100,0,84,278057700,73,24432,100,0,100,12,100.0,0.0,100.0,0.0,100.0,0.0,100.0,0.0,100.0,0.0,79.0,21.0,100.0,0.0,100.0,1.0,83.0,34094.0,21,21,100,0,100,0,200,0,100.0,24179.0,100.0,44073995520.0,100.0,112372387045.0
2018-09-29,Z305DFVR,ST4000DM000,4000787030016,0,119,215096288,93,0,100,13,100,0,84,279966453,73,24456,100,0,100,12,100.0,0.0,100.0,0.0,100.0,0.0,100.0,0.0,100.0,0.0,78.0,22.0,100.0,0.0,100.0,1.0,83.0,34094.0,22,22,100,0,100,0,200,0,100.0,24203.0,100.0,44102003704.0,100.0,112544340388.0
2018-09-30,Z305DFVR,ST4000DM000,4000787030016,0,116,114944800,93,0,100,13,100,0,84,281760677,73,24480,100,0,100,12,100.0,0.0,100.0,0.0,100.0,0.0,100.0,0.0,100.0,0.0,79.0,21.0,100.0,0.0,100.0,1.0,83.0,34094.0,21,21,100,0,100,0,200,0,100.0,24227.0,100.0,44120381160.0,100.0,112713974400.0
2018-10-01,Z305DFVR,ST4000DM000,4000787030016,0,112,42401312,93,0,100,13,100,0,84,283658516,73,24504,100,0,100,12,100.0,0.0,100.0,0.0,100.0,0.0,100.0,0.0,100.0,0.0,79.0,21.0,100.0,0.0,100.0,1.0,83.0,34094.0,21,21,100,0,100,0,200,0,100.0,24251.0,100.0,44142256800.0,100.0,112894282409.0
2018-10-02,Z305DFVR,ST4000DM000,4000787030016,0,118,171465336,93,0,100,13,100,0,84,284638607,72,24528,100,0,100,12,100.0,0.0,100.0,0.0,100.0,0.0,100.0,0.0,100.0,0.0,79.0,21.0,100.0,0.0,100.0,1.0,83.0,34094.0,21,21,100,0,100,0,200,0,100.0,24275.0,100.0,44156795936.0,100.0,113030554773.0
2018-10-03,Z305DFVR,ST4000DM000,4000787030016,0,114,80138720,93,0,100,13,100,0,84,286375537,72,24552,100,0,100,12,100.0,0.0,100.0,0.0,100.0,0.0,100.0,0.0,100.0,0.0,79.0,21.0,100.0,0.0,100.0,1.0,83.0,34094.0,21,21,100,0,100,0,200,0,100.0,24299.0,100.0,44177734528.0,100.0,113152788877.0
2018-10-04,Z305DFVR,ST4000DM000,4000787030016,0,108.0,18147936.0,93.0,0.0,100.0,13.0,100.0,0.0,84.0,287406816.0,72.0,24576.0,100.0,0.0,100.0,12.0,100.0,0.0,100.0,0.0,100.0,0.0,100.0,0.0,100.0,0.0,79.0,21.0,100.0,0.0,100.0,1.0,83.0,34094.0,21.0,21.0,100.0,0.0,100.0,0.0,200.0,0.0,100.0,24323.0,100.0,44194311952.0,100.0,113281521024.0
2018-10-05,Z305DFVR,ST4000DM000,4000787030016,0,118,170824704,93,0,100,13,100,0,84,288152175,72,24600,100,0,100,12,100.0,0.0,100.0,0.0,100.0,0.0,100.0,0.0,100.0,0.0,79.0,21.0,100.0,0.0,100.0,1.0,83.0,34094.0,21,21,100,0,100,0,200,0,100.0,24347.0,100.0,44207862080.0,100.0,113362028859.0
2018-10-06,Z305DFVR,ST4000DM000,4000787030016,0,119,225719016,93,0,100,13,100,0,84,288698608,72,24624,100,0,100,12,100.0,0.0,100.0,0.0,100.0,0.0,100.0,0.0,100.0,0.0,78.0,22.0,100.0,0.0,100.0,1.0,83.0,34094.0,22,22,100,0,100,0,200,0,100.0,24371.0,100.0,44228714712.0,100.0,113401402308.0
2018-10-07,Z305DFVR,ST4000DM000,4000787030016,0,118,177830160,93,0,100,13,100,0,84,289536953,72,24648,100,0,100,12,100.0,0.0,100.0,0.0,100.0,0.0,100.0,0.0,100.0,0.0,78.0,22.0,100.0,0.0,100.0,1.0,83.0,34094.0,22,22,100,0,100,0,200,0,100.0,24395.0,100.0,44249377752.0,100.0,113491423151.0
2018-10-08,Z305DFVR,ST4000DM000,4000787030016,0,114,80610248,93,0,100,13,100,0,84,291880815,72,24672,100,0,100,12,100.0,0.0,100.0,0.0,100.0,0.0,100.0,0.0,100.0,0.0,79.0,21.0,100.0,0.0,100.0,1.0,83.0,34094.0,21,21,100,0,100,0,200,0,100.0,24419.0,100.0,44266904568.0,100.0,113679764640.0
2018-10-09,Z305DFVR,ST4000DM000,4000787030016,0,119.0,222423856.0,93.0,0.0,100.0,13.0,100.0,0.0,84.0,292441095.0,72.0,24688.0,100.0,0.0,100.0,12.0,100.0,0.0,100.0,0.0,100.0,0.0,100.0,0.0,100.0,0.0,78.0,22.0,100.0,0.0,100.0,1.0,83.0,34094.0,22.0,22.0,100.0,0.0,100.0,0.0,200.0,0.0,100.0,24435.0,100.0,44274622176.0,100.0,113750413908.0
2018-10-10,Z305DFVR,ST4000DM000,4000787030016,0,110,29314184,93,0,100,13,100,0,84,294011872,72,24720,100,0,100,12,100.0,0.0,100.0,0.0,100.0,0.0,100.0,0.0,100.0,0.0,79.0,21.0,100.0,0.0,100.0,1.0,83.0,34094.0,21,21,100,0,100,0,200,0,100.0,24467.0,100.0,44299699048.0,100.0,113883297011.0
2018-10-11,Z305DFVR,ST4000DM000,4000787030016,0,111,34545928,93,0,100,13,100,0,84,295473043,72,24744,100,0,100,12,100.0,0.0,100.0,0.0,100.0,0.0,100.0,0.0,100.0,0.0,78.0,22.0,100.0,0.0,100.0,1.0,83.0,34094.0,22,22,100,0,100,0,200,0,100.0,24491.0,100.0,44318486344.0,100.0,114014271147.0
2018-10-12,Z305DFVR,ST4000DM000,4000787030016,0,117,149440904,93,0,100,13,100,0,84,297573964,72,24768,100,0,100,12,100.0,0.0,100.0,0.0,100.0,0.0,100.0,0.0,100.0,0.0,78.0,22.0,100.0,0.0,100.0,1.0,83.0,34094.0,22,22,100,0,100,0,200,0,100.0,24515.0,100.0,44337453608.0,100.0,114137856569.0
2018-10-13,Z305DFVR,ST4000DM000,4000787030016,0,105,9795624,93,0,100,13,100,0,84,298631093,72,24792,100,0,100,12,100.0,0.0,100.0,0.0,100.0,0.0,100.0,0.0,100.0,0.0,78.0,22.0,100.0,0.0,100.0,1.0,83.0,34094.0,22,22,100,0,100,0,200,0,100.0,24539.0,100.0,44355178416.0,100.0,114281287594.0
2018-10-14,Z305DFVR,ST4000DM000,4000787030016,0,120,1452520,93,0,100,13,100,0,84,299436683,72,24816,100,0,100,12,100.0,0.0,100.0,0.0,100.0,0.0,100.0,0.0,100.0,0.0,78.0,22.0,100.0,0.0,100.0,1.0,83.0,34094.0,22,22,100,0,100,0,200,0,100.0,24563.0,100.0,44391374760.0,100.0,114360058436.0
2018-10-15,Z305DFVR,ST4000DM000,4000787030016,0,116,117342760,93,0,100,13,100,0,84,301700478,72,24840,100,0,100,12,100.0,0.0,100.0,0.0,100.0,0.0,100.0,0.0,100.0,0.0,78.0,22.0,100.0,0.0,100.0,1.0,83.0,34094.0,22,22,100,0,100,0,200,0,100.0,24587.0,100.0,44425286144.0,100.0,114529614896.0
2018-10-16,Z305DFVR,ST4000DM000,4000787030016,0,110,26164264,93,0,100,13,100,0,84,302581415,72,24864,100,0,100,12,100.0,0.0,100.0,0.0,100.0,0.0,100.0,0.0,100.0,0.0,79.0,21.0,100.0,0.0,100.0,1.0,83.0,34094.0,21,21,100,0,100,0,200,0,100.0,24611.0,100.0,44450469528.0,100.0,114612991698.0
2018-10-17,Z305DFVR,ST4000DM000,4000787030016,0,119,207163840,93,0,100,13,100,0,84,303790793,72,24888,100,0,100,12,100.0,0.0,100.0,0.0,100.0,0.0,100.0,0.0,100.0,0.0,79.0,21.0,100.0,0.0,100.0,1.0,83.0,34094.0,21,21,100,0,100,0,200,0,100.0,24635.0,100.0,44470122856.0,100.0,114647608677.0
2018-10-18,Z305DFVR,ST4000DM000,4000787030016,0,119,234045312,93,0,100,13,100,0,84,304462738,72,24910,100,0,100,12,100.0,0.0,100.0,0.0,100.0,0.0,100.0,0.0,100.0,0.0,78.0,22.0,100.0,0.0,100.0,1.0,83.0,34097.0,22,22,100,0,100,0,200,0,100.0,24657.0,100.0,44488970696.0,100.0,114691190244.0
2018-10-19,Z305DFVR,ST4000DM000,4000787030016,0,114,77230800,93,0,100,13,100,0,84,305315863,72,24934,100,0,100,12,100.0,0.0,100.0,0.0,100.0,0.0,100.0,0.0,100.0,0.0,78.0,22.0,100.0,0.0,100.0,1.0,83.0,34097.0,22,22,100,0,100,0,200,0,100.0,24681.0,100.0,44524045072.0,100.0,114758074672.0
2018-10-20,Z305DFVR,ST4000DM000,4000787030016,0,117,151278360,93,0,100,13,100,0,84,305772325,72,24958,100,0,100,12,100.0,0.0,100.0,0.0,100.0,0.0,100.0,0.0,100.0,0.0,78.0,22.0,100.0,0.0,100.0,1.0,83.0,34097.0,22,22,100,0,100,0,200,0,100.0,24705.0,100.0,44545953144.0,100.0,114779630263.0
2018-10-21,Z305DFVR,ST4000DM000,4000787030016,0,111,37956728,93,0,100,13,100,0,84,306759362,72,24982,100,0,100,12,100.0,0.0,100.0,0.0,100.0,0.0,100.0,0.0,100.0,0.0,78.0,22.0,100.0,0.0,100.0,1.0,83.0,34097.0,22,22,100,0,100,0,200,0,100.0,24729.0,100.0,44564795904.0,100.0,114875470566.0
2018-10-22,Z305DFVR,ST4000DM000,4000787030016,0,111,40182368,93,0,100,13,100,0,84,308830525,72,25006,100,0,100,12,100.0,0.0,100.0,0.0,100.0,0.0,100.0,0.0,100.0,0.0,78.0,22.0,100.0,0.0,100.0,1.0,83.0,34097.0,22,22,100,0,100,0,200,0,100.0,24753.0,100.0,44587144920.0,100.0,115031933705.0
2018-10-23,Z305DFVR,ST4000DM000,4000787030016,0,108,17346768,93,0,100,13,100,0,84,309851610,72,25030,100,0,100,12,100.0,0.0,100.0,0.0,100.0,0.0,100.0,0.0,100.0,0.0,78.0,22.0,100.0,0.0,100.0,1.0,83.0,34097.0,22,22,100,0,100,0,200,0,100.0,24777.0,100.0,44614986472.0,100.0,115121807797.0
2018-10-25,Z305DFVR,ST4000DM000,4000787030016,0,99,2461304,93,0,100,13,100,0,84,312414408,72,25082,100,0,100,12,100.0,0.0,100.0,0.0,100.0,0.0,100.0,0.0,100.0,0.0,79.0,21.0,100.0,0.0,100.0,1.0,83.0,34098.0,21,21,100,0,100,0,200,0,100.0,24829.0,100.0,44654308904.0,100.0,115300772573.0
2018-10-26,Z305DFVR,ST4000DM000,4000787030016,0,104,6603824,93,0,100,13,100,0,84,313146761,72,25106,100,0,100,12,100.0,0.0,100.0,0.0,100.0,0.0,100.0,0.0,100.0,0.0,78.0,22.0,100.0,0.0,100.0,1.0,83.0,34098.0,22,22,100,0,100,0,200,0,100.0,24853.0,100.0,44666687024.0,100.0,115368482297.0
2018-10-27,Z305DFVR,ST4000DM000,4000787030016,0,105,8191312,93,0,100,13,100,0,84,315502384,72,25130,100,0,100,12,100.0,0.0,100.0,0.0,100.0,0.0,100.0,0.0,100.0,0.0,79.0,21.0,100.0,0.0,100.0,1.0,83.0,34098.0,21,21,100,0,100,0,200,0,100.0,24877.0,100.0,44691353448.0,100.0,115484724756.0
2018-10-28,Z305DFVR,ST4000DM000,4000787030016,0,117,144493608,93,0,100,13,100,0,84,316649652,72,25154,100,0,100,12,100.0,0.0,100.0,0.0,100.0,0.0,100.0,0.0,100.0,0.0,78.0,22.0,100.0,0.0,100.0,1.0,83.0,34098.0,22,22,100,0,100,0,200,0,100.0,24901.0,100.0,44705102952.0,100.0,115625423587.0
2018-10-29,Z305DFVR,ST4000DM000,4000787030016,0,112,43520936,93,0,100,13,100,0,84,318623658,72,25177,100,0,100,12,100.0,0.0,100.0,0.0,100.0,0.0,100.0,0.0,100.0,0.0,78.0,22.0,100.0,0.0,100.0,1.0,83.0,34098.0,22,22,100,0,100,0,200,0,100.0,24925.0,100.0,44727657032.0,100.0,115745736480.0
2018-10-30,Z305DFVR,ST4000DM000,4000787030016,0,118,186119144,93,0,100,13,100,0,84,319844878,72,25202,100,0,100,12,100.0,0.0,100.0,0.0,100.0,0.0,100.0,0.0,100.0,0.0,78.0,22.0,100.0,0.0,100.0,1.0,83.0,34098.0,22,22,100,0,100,0,200,0,100.0,24949.0,100.0,44747786408.0,100.0,115879758970.0
2018-10-31,Z305DFVR,ST4000DM000,4000787030016,0,108,20387672,93.0,0.0,100.0,13.0,100.0,0.0,84.0,321586243.0,72,25226,100.0,0.0,100,12,100.0,0.0,100.0,0.0,100.0,0.0,100.0,0.0,100.0,0.0,78.0,22.0,100.0,0.0,100.0,1.0,83.0,34098.0,22,22,100.0,0.0,100.0,0.0,200.0,0.0,100.0,24973.0,100.0,44770700360.0,100.0,115970228592.0
2018-11-01,Z305DFVR,ST4000DM000,4000787030016,0,117,160263528,93.0,0.0,100.0,13.0,100.0,0.0,84.0,322269627.0,72,25247,100.0,0.0,100,12,100.0,0.0,100.0,0.0,100.0,0.0,100.0,0.0,100.0,0.0,77.0,23.0,100.0,0.0,100.0,1.0,83.0,34099.0,23,23,100.0,0.0,100.0,0.0,200.0,0.0,100.0,24994.0,100.0,44786782912.0,100.0,116015421772.0
2018-11-02,Z305DFVR,ST4000DM000,4000787030016,0,117,157359000,93.0,0.0,100.0,13.0,100.0,0.0,84.0,323108544.0,72,25271,100.0,0.0,100,12,100.0,0.0,100.0,0.0,100.0,0.0,100.0,0.0,100.0,0.0,77.0,23.0,100.0,0.0,100.0,1.0,83.0,34099.0,23,23,100.0,0.0,100.0,0.0,200.0,0.0,100.0,25018.0,100.0,44805390184.0,100.0,116090200500.0
2018-11-03,Z305DFVR,ST4000DM000,4000787030016,0,115,84223848,93.0,0.0,100.0,13.0,100.0,0.0,84.0,324030246.0,72,25295,100.0,0.0,100,12,100.0,0.0,100.0,0.0,100.0,0.0,100.0,0.0,100.0,0.0,78.0,22.0,100.0,0.0,100.0,1.0,83.0,34099.0,22,22,100.0,0.0,100.0,0.0,200.0,0.0,100.0,25042.0,100.0,44822088112.0,100.0,116172367799.0
2018-11-04,Z305DFVR,ST4000DM000,4000787030016,0,114,62523800,93.0,0.0,100.0,13.0,100.0,0.0,84.0,324799081.0,72,25319,100.0,0.0,100,12,100.0,0.0,100.0,0.0,100.0,0.0,100.0,0.0,100.0,0.0,78.0,22.0,100.0,0.0,100.0,1.0,83.0,34099.0,22,22,100.0,0.0,100.0,0.0,200.0,0.0,100.0,25066.0,100.0,44839022000.0,100.0,116245229504.0
2018-11-05,Z305DFVR,ST4000DM000,4000787030016,0,117,158338472,93.0,0.0,100.0,13.0,100.0,0.0,84.0,326974477.0,72,25343,100.0,0.0,100,12,100.0,0.0,100.0,0.0,100.0,0.0,100.0,0.0,100.0,0.0,78.0,22.0,100.0,0.0,100.0,1.0,83.0,34099.0,22,22,100.0,0.0,100.0,0.0,200.0,0.0,100.0,25090.0,100.0,44857209048.0,100.0,116384794555.0
2018-11-06,Z305DFVR,ST4000DM000,4000787030016,0,115.0,89464696.0,93.0,0.0,100.0,13.0,100.0,0.0,84.0,327737672.0,72.0,25367.0,100.0,0.0,100.0,12.0,100.0,0.0,100.0,0.0,100.0,0.0,100.0,0.0,100.0,0.0,78.0,22.0,100.0,0.0,100.0,1.0,83.0,34099.0,22.0,22.0,100.0,0.0,100.0,0.0,200.0,0.0,100.0,25114.0,100.0,44881542216.0,100.0,116453430738.0
2018-11-07,Z305DFVR,ST4000DM000,4000787030016,0,118.0,200211336.0,93.0,0.0,100.0,13.0,100.0,0.0,84.0,329316810.0,72.0,25391.0,100.0,0.0,100.0,12.0,100.0,0.0,100.0,0.0,100.0,0.0,100.0,0.0,100.0,0.0,78.0,22.0,100.0,0.0,100.0,1.0,83.0,34099.0,22.0,22.0,100.0,0.0,100.0,0.0,200.0,0.0,100.0,25138.0,100.0,44916915360.0,100.0,116547015863.0
2018-11-08,Z305DFVR,ST4000DM000,4000787030016,0,112.0,45198112.0,93.0,0.0,100.0,13.0,100.0,0.0,84.0,331444380.0,71.0,25416.0,100.0,0.0,100.0,12.0,100.0,0.0,100.0,0.0,100.0,0.0,100.0,0.0,100.0,0.0,79.0,21.0,100.0,0.0,100.0,1.0,83.0,34099.0,21.0,21.0,100.0,0.0,100.0,0.0,200.0,0.0,100.0,25163.0,100.0,44938579968.0,100.0,116666150008.0
2018-11-09,Z305DFVR,ST4000DM000,4000787030016,0,117,149376032,93.0,0.0,100.0,13.0,100.0,0.0,84.0,332612392.0,71,25440,100.0,0.0,100,12,100.0,0.0,100.0,0.0,100.0,0.0,100.0,0.0,100.0,0.0,79.0,21.0,100.0,0.0,100.0,1.0,83.0,34099.0,21,21,100.0,0.0,100.0,0.0,200.0,0.0,100.0,25187.0,100.0,44957963872.0,100.0,116802431622.0
2018-11-10,Z305DFVR,ST4000DM000,4000787030016,0,120,238757856,93.0,0.0,100.0,13.0,100.0,0.0,84.0,333339057.0,71,25463,100.0,0.0,100,12,100.0,0.0,100.0,0.0,100.0,0.0,100.0,0.0,100.0,0.0,79.0,21.0,100.0,0.0,100.0,1.0,83.0,34099.0,21,21,100.0,0.0,100.0,0.0,200.0,0.0,100.0,25210.0,100.0,44978935656.0,100.0,116908759102.0
2018-11-11,Z305DFVR,ST4000DM000,4000787030016,0,117,143207536,93.0,0.0,100.0,13.0,100.0,0.0,85.0,335739913.0,71,25488,100.0,0.0,100,12,100.0,0.0,100.0,0.0,100.0,0.0,100.0,0.0,100.0,0.0,79.0,21.0,100.0,0.0,100.0,1.0,83.0,34099.0,21,21,100.0,0.0,100.0,0.0,200.0,0.0,100.0,25235.0,100.0,45003451912.0,100.0,117067978080.0
2018-11-12,Z305DFVR,ST4000DM000,4000787030016,0,116,104509160,93.0,0.0,100.0,13.0,100.0,0.0,85.0,336874873.0,71,25512,100.0,0.0,100,12,100.0,0.0,100.0,0.0,100.0,0.0,100.0,0.0,100.0,0.0,79.0,21.0,100.0,0.0,100.0,1.0,83.0,34099.0,21,21,100.0,0.0,100.0,0.0,200.0,0.0,100.0,25259.0,100.0,45024217200.0,100.0,117225520032.0
2018-11-13,Z305DFVR,ST4000DM000,4000787030016,0,118,184991240,93.0,0.0,100.0,13.0,100.0,0.0,85.0,338027006.0,71,25536,100.0,0.0,100,12,100.0,0.0,100.0,0.0,100.0,0.0,100.0,0.0,100.0,0.0,79.0,21.0,100.0,0.0,100.0,1.0,83.0,34099.0,21,21,100.0,0.0,100.0,0.0,200.0,0.0,100.0,25283.0,100.0,45048827120.0,100.0,117368881970.0
2018-11-14,Z305DFVR,ST4000DM000,4000787030016,0,120,241428280,93.0,0.0,100.0,13.0,100.0,0.0,85.0,339658925.0,71,25560,100.0,0.0,100,12,100.0,0.0,100.0,0.0,100.0,0.0,100.0,0.0,100.0,0.0,78.0,22.0,100.0,0.0,100.0,1.0,83.0,34099.0,22,22,100.0,0.0,100.0,0.0,200.0,0.0,100.0,25307.0,100.0,45069667800.0,100.0,117483237135.0
2018-11-15,Z305DFVR,ST4000DM000,4000787030016,0,117,118458440,93.0,0.0,100.0,13.0,100.0,0.0,85.0,340590753.0,71,25583,100.0,0.0,100,12,100.0,0.0,100.0,0.0,100.0,0.0,100.0,0.0,100.0,0.0,78.0,22.0,100.0,0.0,100.0,1.0,83.0,34099.0,22,22,100.0,0.0,100.0,0.0,200.0,0.0,100.0,25330.0,100.0,45086855064.0,100.0,117589654559.0
2018-11-16,Z305DFVR,ST4000DM000,4000787030016,0,114,79933320,93.0,0.0,100.0,13.0,100.0,0.0,85.0,341461119.0,71,25608,100.0,0.0,100,12,100.0,0.0,100.0,0.0,100.0,0.0,100.0,0.0,100.0,0.0,78.0,22.0,100.0,0.0,100.0,1.0,83.0,34099.0,22,22,100.0,0.0,100.0,0.0,200.0,0.0,100.0,25355.0,100.0,45110925752.0,100.0,117688655120.0
2018-11-17,Z305DFVR,ST4000DM000,4000787030016,0,104.0,6909832.0,93.0,0.0,100.0,13.0,100.0,0.0,85.0,342479211.0,71.0,25632.0,100.0,0.0,100.0,12.0,100.0,0.0,100.0,0.0,100.0,0.0,100.0,0.0,100.0,0.0,78.0,22.0,100.0,0.0,100.0,1.0,83.0,34099.0,22.0,22.0,100.0,0.0,100.0,0.0,200.0,0.0,100.0,25379.0,100.0,45128522736.0,100.0,117834959297.0
2018-11-18,Z305DFVR,ST4000DM000,4000787030016,0,117,132261104,93.0,0.0,100.0,13.0,100.0,0.0,85.0,343004470.0,71,25656,100.0,0.0,100,12,100.0,0.0,100.0,0.0,100.0,0.0,100.0,0.0,100.0,0.0,78.0,22.0,100.0,0.0,100.0,1.0,83.0,34099.0,22,22,100.0,0.0,100.0,0.0,200.0,0.0,100.0,25403.0,100.0,45151024328.0,100.0,117869463418.0
2018-11-19,Z305DFVR,ST4000DM000,4000787030016,0,117,140647216,93.0,0.0,100.0,13.0,100.0,0.0,85.0,344837978.0,71,25679,100.0,0.0,100,12,100.0,0.0,100.0,0.0,100.0,0.0,100.0,0.0,100.0,0.0,78.0,22.0,100.0,0.0,100.0,1.0,83.0,34099.0,22,22,100.0,0.0,100.0,0.0,200.0,0.0,100.0,25426.0,100.0,45172945592.0,100.0,117996971576.0
2018-11-20,Z305DFVR,ST4000DM000,4000787030016,0,116,113721600,93.0,0.0,100.0,13.0,100.0,0.0,85.0,345961703.0,71,25704,100.0,0.0,100,12,100.0,0.0,100.0,0.0,100.0,0.0,100.0,0.0,100.0,0.0,78.0,22.0,100.0,0.0,100.0,1.0,83.0,34099.0,22,22,100.0,0.0,100.0,0.0,200.0,0.0,100.0,25451.0,100.0,45195929160.0,100.0,118148787210.0
2018-11-21,Z305DFVR,ST4000DM000,4000787030016,0,115,89256752,93.0,0.0,100.0,13.0,100.0,0.0,85.0,347358824.0,71,25728,100.0,0.0,100,12,100.0,0.0,100.0,0.0,100.0,0.0,100.0,0.0,100.0,0.0,78.0,22.0,100.0,0.0,100.0,1.0,83.0,34099.0,22,22,100.0,0.0,100.0,0.0,200.0,0.0,100.0,25475.0,100.0,45212922448.0,100.0,118231134449.0
2018-11-22,Z305DFVR,ST4000DM000,4000787030016,0,111,31695144,93.0,0.0,100.0,13.0,100.0,0.0,85.0,348506426.0,71,25751,100.0,0.0,100,12,100.0,0.0,100.0,0.0,100.0,0.0,100.0,0.0,100.0,0.0,75.0,25.0,100.0,0.0,100.0,1.0,83.0,34099.0,25,25,100.0,0.0,100.0,0.0,200.0,0.0,100.0,25498.0,100.0,45230399024.0,100.0,118367520297.0
2018-11-23,Z305DFVR,ST4000DM000,4000787030016,0,115,100076936,93.0,0.0,100.0,13.0,100.0,0.0,85.0,349637936.0,71,25775,100.0,0.0,100,12,100.0,0.0,100.0,0.0,100.0,0.0,100.0,0.0,100.0,0.0,78.0,22.0,100.0,0.0,100.0,1.0,83.0,34099.0,22,22,100.0,0.0,100.0,0.0,200.0,0.0,100.0,25522.0,100.0,45248182104.0,100.0,118494441317.0
2018-11-24,Z305DFVR,ST4000DM000,4000787030016,0,114,75309288,93.0,0.0,100.0,13.0,100.0,0.0,85.0,350888381.0,71,25800,100.0,0.0,100,12,100.0,0.0,100.0,0.0,100.0,0.0,100.0,0.0,100.0,0.0,78.0,22.0,100.0,0.0,100.0,1.0,83.0,34099.0,22,22,100.0,0.0,100.0,0.0,200.0,0.0,100.0,25547.0,100.0,45260589080.0,100.0,118653203103.0
2018-11-25,Z305DFVR,ST4000DM000,4000787030016,0,107,13406000,93.0,0.0,100.0,13.0,100.0,0.0,85.0,351789094.0,71,25823,100.0,0.0,100,12,100.0,0.0,100.0,0.0,100.0,0.0,100.0,0.0,100.0,0.0,78.0,22.0,100.0,0.0,100.0,1.0,83.0,34099.0,22,22,100.0,0.0,100.0,0.0,200.0,0.0,100.0,25570.0,100.0,45275411088.0,100.0,118752569799.0
2018-11-26,Z305DFVR,ST4000DM000,4000787030016,0,111,40368712,93.0,0.0,100.0,13.0,100.0,0.0,85.0,353795510.0,71,25848,100.0,0.0,100,12,100.0,0.0,100.0,0.0,100.0,0.0,100.0,0.0,100.0,0.0,78.0,22.0,100.0,0.0,100.0,1.0,83.0,34099.0,22,22,100.0,0.0,100.0,0.0,200.0,0.0,100.0,25595.0,100.0,45293060896.0,100.0,118900555755.0
2018-11-27,Z305DFVR,ST4000DM000,4000787030016,0,115,85783824,93.0,0.0,100.0,13.0,100.0,0.0,85.0,356286658.0,71,25872,100.0,0.0,100,12,100.0,0.0,100.0,0.0,100.0,0.0,100.0,0.0,100.0,0.0,78.0,22.0,100.0,0.0,100.0,1.0,83.0,34099.0,22,22,100.0,0.0,100.0,0.0,200.0,0.0,100.0,25619.0,100.0,45320317592.0,100.0,119042942370.0
2018-11-28,Z305DFVR,ST4000DM000,4000787030016,0,113,54530952,93.0,0.0,100.0,13.0,100.0,0.0,85.0,357904023.0,71,25896,100.0,0.0,100,12,100.0,0.0,100.0,0.0,100.0,0.0,100.0,0.0,100.0,0.0,78.0,22.0,100.0,0.0,100.0,1.0,83.0,34099.0,22,22,100.0,0.0,100.0,0.0,200.0,0.0,100.0,25643.0,100.0,45351295136.0,100.0,119131419354.0
2018-11-29,Z305DFVR,ST4000DM000,4000787030016,0,108,20813336,93.0,0.0,100.0,13.0,100.0,0.0,85.0,359161930.0,71,25920,100.0,0.0,100,12,100.0,0.0,100.0,0.0,100.0,0.0,100.0,0.0,100.0,0.0,81.0,19.0,100.0,0.0,100.0,1.0,83.0,34099.0,19,19,100.0,0.0,100.0,0.0,200.0,0.0,100.0,25667.0,100.0,45381809224.0,100.0,119251826297.0
2018-11-30,Z305DFVR,ST4000DM000,4000787030016,0,114,62925776,93.0,0.0,100.0,13.0,100.0,0.0,85.0,359879594.0,71,25944,100.0,0.0,100,12,100.0,0.0,100.0,0.0,100.0,0.0,100.0,0.0,100.0,0.0,79.0,21.0,100.0,0.0,100.0,1.0,83.0,34099.0,21,21,100.0,0.0,100.0,0.0,200.0,0.0,100.0,25691.0,100.0,45396269528.0,100.0,119402959154.0
2018-12-01,Z305DFVR,ST4000DM000,4000787030016,0,117,135319368,93.0,0.0,100.0,13.0,100.0,0.0,85.0,360564356.0,71,25968,100.0,0.0,100,12,100.0,0.0,100.0,0.0,100.0,0.0,100.0,0.0,100.0,0.0,79.0,21.0,100.0,0.0,100.0,1.0,83.0,34099.0,21,21,100.0,0.0,100.0,0.0,200.0,0.0,100.0,25715.0,100.0,45412989864.0,100.0,119568467463.0
2018-12-02,Z305DFVR,ST4000DM000,4000787030016,0,118,180373184,93.0,0.0,100.0,13.0,100.0,0.0,85.0,361256599.0,71,25992,100.0,0.0,100,12,100.0,0.0,100.0,0.0,100.0,0.0,100.0,0.0,100.0,0.0,79.0,21.0,100.0,0.0,100.0,1.0,83.0,34099.0,21,21,100.0,0.0,100.0,0.0,200.0,0.0,100.0,25739.0,100.0,45425255472.0,100.0,119730412600.0
2018-12-03,Z305DFVR,ST4000DM000,4000787030016,0,114,66870104,93.0,0.0,100.0,13.0,100.0,0.0,85.0,362984071.0,71,26016,100.0,0.0,100,12,100.0,0.0,100.0,0.0,100.0,0.0,100.0,0.0,100.0,0.0,79.0,21.0,100.0,0.0,100.0,1.0,83.0,34099.0,21,21,100.0,0.0,100.0,0.0,200.0,0.0,100.0,25763.0,100.0,45451193160.0,100.0,119912758159.0
2018-12-04,Z305DFVR,ST4000DM000,4000787030016,0,119,231305160,93.0,0.0,100.0,13.0,100.0,0.0,85.0,363779105.0,71,26040,100.0,0.0,100,12,100.0,0.0,100.0,0.0,100.0,0.0,100.0,0.0,100.0,0.0,79.0,21.0,100.0,0.0,100.0,1.0,83.0,34099.0,21,21,100.0,0.0,100.0,0.0,200.0,0.0,100.0,25787.0,100.0,45475288200.0,100.0,120076986516.0
2018-12-05,Z305DFVR,ST4000DM000,4000787030016,0,114.0,80261472.0,93.0,0.0,100.0,13.0,100.0,0.0,85.0,365367012.0,71.0,26064.0,100.0,0.0,100.0,12.0,100.0,0.0,100.0,0.0,100.0,0.0,100.0,0.0,100.0,0.0,79.0,21.0,100.0,0.0,100.0,1.0,83.0,34099.0,21.0,21.0,100.0,0.0,100.0,0.0,200.0,0.0,100.0,25811.0,100.0,45499042040.0,100.0,120221135206.0
2018-12-06,Z305DFVR,ST4000DM000,4000787030016,0,119,221894880,93.0,0.0,100.0,13.0,100.0,0.0,85.0,366079152.0,71,26087,100.0,0.0,100,12,100.0,0.0,100.0,0.0,100.0,0.0,100.0,0.0,100.0,0.0,79.0,21.0,100.0,0.0,100.0,1.0,83.0,34099.0,21,21,100.0,0.0,100.0,0.0,200.0,0.0,100.0,25834.0,100.0,45517585112.0,100.0,120370398906.0
2018-12-07,Z305DFVR,ST4000DM000,4000787030016,0,112,48796000,93.0,0.0,100.0,13.0,100.0,0.0,85.0,366853263.0,71,26111,100.0,0.0,100,12,100.0,0.0,100.0,0.0,100.0,0.0,100.0,0.0,100.0,0.0,79.0,21.0,100.0,0.0,100.0,1.0,83.0,34099.0,21,21,100.0,0.0,100.0,0.0,200.0,0.0,100.0,25858.0,100.0,45538693944.0,100.0,120482095634.0
2018-12-08,Z305DFVR,ST4000DM000,4000787030016,0,120,243391224,93.0,0.0,100.0,13.0,100.0,0.0,85.0,367622155.0,71,26135,100.0,0.0,100,12,100.0,0.0,100.0,0.0,100.0,0.0,100.0,0.0,100.0,0.0,78.0,22.0,100.0,0.0,100.0,1.0,83.0,34099.0,22,22,100.0,0.0,100.0,0.0,200.0,0.0,100.0,25882.0,100.0,45557930768.0,100.0,120593152736.0
2018-12-09,Z305DFVR,ST4000DM000,4000787030016,0,111,32876688,93.0,0.0,100.0,13.0,100.0,0.0,85.0,368593205.0,71,26159,100.0,0.0,100,12,100.0,0.0,100.0,0.0,100.0,0.0,100.0,0.0,100.0,0.0,79.0,21.0,100.0,0.0,100.0,1.0,83.0,34099.0,21,21,100.0,0.0,100.0,0.0,200.0,0.0,100.0,25906.0,100.0,45575287296.0,100.0,120728176677.0
2018-12-10,Z305DFVR,ST4000DM000,4000787030016,0,119,211881736,93.0,0.0,100.0,13.0,100.0,0.0,85.0,370526714.0,71,26183,100.0,0.0,100,12,100.0,0.0,100.0,0.0,100.0,0.0,100.0,0.0,100.0,0.0,79.0,21.0,100.0,0.0,100.0,1.0,83.0,34099.0,21,21,100.0,0.0,100.0,0.0,200.0,0.0,100.0,25930.0,100.0,45598634416.0,100.0,120873589175.0
2018-12-11,Z305DFVR,ST4000DM000,4000787030016,0,118,198745632,93.0,0.0,100.0,13.0,100.0,0.0,85.0,373214236.0,71,26207,100.0,0.0,100,12,100.0,0.0,100.0,0.0,100.0,0.0,100.0,0.0,100.0,0.0,79.0,21.0,100.0,0.0,100.0,1.0,83.0,34099.0,21,21,100.0,0.0,100.0,0.0,200.0,0.0,100.0,25954.0,100.0,45631919096.0,100.0,121049732779.0
2018-12-12,Z305DFVR,ST4000DM000,4000787030016,0,109,24148656,93.0,0.0,100.0,13.0,100.0,0.0,85.0,375211499.0,71,26231,100.0,0.0,100,12,100.0,0.0,100.0,0.0,100.0,0.0,100.0,0.0,100.0,0.0,80.0,20.0,100.0,0.0,100.0,1.0,83.0,34099.0,20,20,100.0,0.0,100.0,0.0,200.0,0.0,100.0,25978.0,100.0,45653811144.0,100.0,121199345318.0
2018-12-13,Z305DFVR,ST4000DM000,4000787030016,0,117,122947152,93.0,0.0,100.0,13.0,100.0,0.0,85.0,376424608.0,71,26255,100.0,0.0,100,12,100.0,0.0,100.0,0.0,100.0,0.0,100.0,0.0,100.0,0.0,79.0,21.0,100.0,0.0,100.0,1.0,83.0,34099.0,21,21,100.0,0.0,100.0,0.0,200.0,0.0,100.0,26002.0,100.0,45670353712.0,100.0,121350229748.0
2018-12-14,Z305DFVR,ST4000DM000,4000787030016,0,114,76727664,93.0,0.0,100.0,13.0,100.0,0.0,85.0,378046003.0,71,26279,100.0,0.0,100,12,100.0,0.0,100.0,0.0,100.0,0.0,100.0,0.0,100.0,0.0,79.0,21.0,100.0,0.0,100.0,1.0,83.0,34099.0,21,21,100.0,0.0,100.0,0.0,200.0,0.0,100.0,26026.0,100.0,45687064408.0,100.0,121510688778.0
2018-12-15,Z305DFVR,ST4000DM000,4000787030016,0,118,181347272,93.0,0.0,100.0,13.0,100.0,0.0,85.0,379074255.0,70,26303,100.0,0.0,100,12,100.0,0.0,100.0,0.0,100.0,0.0,100.0,0.0,100.0,0.0,79.0,21.0,100.0,0.0,100.0,1.0,83.0,34099.0,21,21,100.0,0.0,100.0,0.0,200.0,0.0,100.0,26050.0,100.0,45703324808.0,100.0,121673045853.0
2018-12-16,Z305DFVR,ST4000DM000,4000787030016,0,114,78352440,93.0,0.0,100.0,13.0,100.0,0.0,85.0,380118207.0,70,26327,100.0,0.0,100,12,100.0,0.0,100.0,0.0,100.0,0.0,100.0,0.0,100.0,0.0,79.0,21.0,100.0,0.0,100.0,1.0,83.0,34099.0,21,21,100.0,0.0,100.0,0.0,200.0,0.0,100.0,26074.0,100.0,45720133440.0,100.0,121813925933.0
2018-12-17,Z305DFVR,ST4000DM000,4000787030016,0,116,108459088,93.0,0.0,100.0,13.0,100.0,0.0,85.0,382235615.0,70,26351,100.0,0.0,100,12,100.0,0.0,100.0,0.0,100.0,0.0,100.0,0.0,100.0,0.0,79.0,21.0,100.0,0.0,100.0,1.0,83.0,34099.0,21,21,100.0,0.0,100.0,0.0,200.0,0.0,100.0,26098.0,100.0,45739395256.0,100.0,121980452998.0
2018-12-18,Z305DFVR,ST4000DM000,4000787030016,0,118,177453872,93.0,0.0,100.0,13.0,100.0,0.0,85.0,383055748.0,70,26375,100.0,0.0,100,12,100.0,0.0,100.0,0.0,100.0,0.0,100.0,0.0,100.0,0.0,80.0,20.0,100.0,0.0,100.0,1.0,83.0,34099.0,20,20,100.0,0.0,100.0,0.0,200.0,0.0,100.0,26122.0,100.0,45758739320.0,100.0,122059363087.0
2018-12-19,Z305DFVR,ST4000DM000,4000787030016,0,114,82924160,93.0,0.0,100.0,13.0,100.0,0.0,85.0,384590446.0,70,26399,100.0,0.0,100,12,100.0,0.0,100.0,0.0,100.0,0.0,100.0,0.0,100.0,0.0,79.0,21.0,100.0,0.0,100.0,1.0,83.0,34099.0,21,21,100.0,0.0,100.0,0.0,200.0,0.0,100.0,26146.0,100.0,45785454392.0,100.0,122119542100.0
2018-12-20,Z305DFVR,ST4000DM000,4000787030016,0,119,222016056,93.0,0.0,100.0,13.0,100.0,0.0,85.0,385130367.0,70,26423,100.0,0.0,100,12,100.0,0.0,100.0,0.0,100.0,0.0,100.0,0.0,100.0,0.0,79.0,21.0,100.0,0.0,100.0,1.0,83.0,34099.0,21,21,100.0,0.0,100.0,0.0,200.0,0.0,100.0,26170.0,100.0,45807088624.0,100.0,122158748362.0
2018-12-21,Z305DFVR,ST4000DM000,4000787030016,0,119,220330200,93.0,0.0,100.0,13.0,100.0,0.0,85.0,387167676.0,70,26447,100.0,0.0,100,12,100.0,0.0,100.0,0.0,100.0,0.0,100.0,0.0,100.0,0.0,79.0,21.0,100.0,0.0,100.0,1.0,83.0,34099.0,21,21,100.0,0.0,100.0,0.0,200.0,0.0,100.0,26194.0,100.0,45825472104.0,100.0,122296072535.0
2018-12-22,Z305DFVR,ST4000DM000,4000787030016,0,119,231075536,93.0,0.0,100.0,13.0,100.0,0.0,85.0,388359760.0,70,26471,100.0,0.0,100,12,100.0,0.0,100.0,0.0,100.0,0.0,100.0,0.0,100.0,0.0,79.0,21.0,100.0,0.0,100.0,1.0,83.0,34099.0,21,21,100.0,0.0,100.0,0.0,200.0,0.0,100.0,26218.0,100.0,45835508728.0,100.0,122443491402.0
2018-12-23,Z305DFVR,ST4000DM000,4000787030016,0,114,75804312,93.0,0.0,100.0,13.0,100.0,0.0,85.0,389198424.0,70,26495,100.0,0.0,100,12,100.0,0.0,100.0,0.0,100.0,0.0,100.0,0.0,100.0,0.0,79.0,21.0,100.0,0.0,100.0,1.0,83.0,34099.0,21,21,100.0,0.0,100.0,0.0,200.0,0.0,100.0,26242.0,100.0,45847825808.0,100.0,122542164106.0
2018-12-24,Z305DFVR,ST4000DM000,4000787030016,0,114,83046880,93.0,0.0,100.0,13.0,100.0,0.0,85.0,391226821.0,70,26519,100.0,0.0,100,12,100.0,0.0,100.0,0.0,100.0,0.0,100.0,0.0,100.0,0.0,79.0,21.0,100.0,0.0,100.0,1.0,83.0,34099.0,21,21,100.0,0.0,100.0,0.0,200.0,0.0,100.0,26266.0,100.0,45868494488.0,100.0,122699360568.0
2018-12-25,Z305DFVR,ST4000DM000,4000787030016,0,111,40358736,93.0,0.0,100.0,13.0,100.0,0.0,85.0,392059713.0,70,26543,100.0,0.0,100,12,100.0,0.0,100.0,0.0,100.0,0.0,100.0,0.0,100.0,0.0,79.0,21.0,100.0,0.0,100.0,1.0,83.0,34099.0,21,21,100.0,0.0,100.0,0.0,200.0,0.0,100.0,26290.0,100.0,45883460560.0,100.0,122812181602.0
2018-12-26,Z305DFVR,ST4000DM000,4000787030016,0,120,242043184,93.0,0.0,100.0,13.0,100.0,0.0,85.0,393643324.0,70,26567,100.0,0.0,100,12,100.0,0.0,100.0,0.0,100.0,0.0,100.0,0.0,100.0,0.0,80.0,20.0,100.0,0.0,100.0,1.0,83.0,34099.0,20,20,100.0,0.0,100.0,0.0,200.0,0.0,100.0,26314.0,100.0,45897671544.0,100.0,122940999242.0
2018-12-27,Z305DFVR,ST4000DM000,4000787030016,0,117,152725672,93.0,0.0,100.0,13.0,100.0,0.0,85.0,394545313.0,70,26591,100.0,0.0,100,12,100.0,0.0,100.0,0.0,100.0,0.0,100.0,0.0,100.0,0.0,80.0,20.0,100.0,0.0,100.0,1.0,83.0,34099.0,20,20,100.0,0.0,100.0,0.0,200.0,0.0,100.0,26338.0,100.0,45907845336.0,100.0,123017899011.0
2018-12-28,Z305DFVR,ST4000DM000,4000787030016,0,116,109670632,93.0,0.0,100.0,13.0,100.0,0.0,85.0,395755930.0,70,26615,100.0,0.0,100,12,100.0,0.0,100.0,0.0,100.0,0.0,100.0,0.0,100.0,0.0,80.0,20.0,100.0,0.0,100.0,1.0,83.0,34099.0,20,20,100.0,0.0,100.0,0.0,200.0,0.0,100.0,26362.0,100.0,45923651088.0,100.0,123154817715.0
2018-12-29,Z305DFVR,ST4000DM000,4000787030016,0,107,12701392,93.0,0.0,100.0,13.0,100.0,0.0,85.0,396612860.0,70,26639,100.0,0.0,100,12,100.0,0.0,100.0,0.0,100.0,0.0,100.0,0.0,100.0,0.0,80.0,20.0,100.0,0.0,100.0,1.0,83.0,34099.0,20,20,100.0,0.0,100.0,0.0,200.0,0.0,100.0,26386.0,100.0,45940878264.0,100.0,123248506301.0
2018-12-30,Z305DFVR,ST4000DM000,4000787030016,0,120,242398056,93.0,0.0,100.0,13.0,100.0,0.0,85.0,396987559.0,70,26663,100.0,0.0,100,12,100.0,0.0,100.0,0.0,100.0,0.0,100.0,0.0,100.0,0.0,80.0,20.0,100.0,0.0,100.0,1.0,83.0,34099.0,20,20,100.0,0.0,100.0,0.0,200.0,0.0,100.0,26410.0,100.0,45957794504.0,100.0,123264918945.0
2018-12-31,Z305DFVR,ST4000DM000,4000787030016,0,115,86223952,93.0,0.0,100.0,13.0,100.0,0.0,85.0,398912544.0,70,26687,100.0,0.0,100,12,100.0,0.0,100.0,0.0,100.0,0.0,100.0,0.0,100.0,0.0,80.0,20.0,100.0,0.0,100.0,1.0,83.0,34099.0,20,20,100.0,0.0,100.0,0.0,200.0,0.0,100.0,26434.0,100.0,45979236520.0,100.0,123376623561.0
