2018-01-01,Z305BJ1W,ST4000DM000,4000787030016,0,115,89210488,92,0,100,14,100,0,88,795087767,81,16861,100,0,100,14,100.0,0.0,100.0,0.0,100.0,0.0,100.0,0.0,100.0,0.0,78.0,22.0,100.0,0.0,100.0,0.0,98.0,4114.0,22,22,100,0,100,0,200,0,100.0,16810.0,100.0,37472691608.0,100.0,67115494102.0
2018-01-02,Z305BJ1W,ST4000DM000,4000787030016,0,119,214407848,92,0,100,14,100,0,88,796391240,81,16885,100,0,100,14,100.0,0.0,100.0,0.0,100.0,0.0,100.0,0.0,100.0,0.0,78.0,22.0,100.0,0.0,100.0,0.0,98.0,4114.0,22,22,100,0,100,0,200,0,100.0,16834.0,100.0,37504689200.0,100.0,67211643298.0
2018-01-03,Z305BJ1W,ST4000DM000,4000787030016,0,112,42439872,92,0,100,14,100,0,88,798639189,81,16909,100,0,100,14,100.0,0.0,100.0,0.0,100.0,0.0,100.0,0.0,100.0,0.0,78.0,22.0,100.0,0.0,100.0,0.0,98.0,4114.0,22,22,100,0,100,0,200,0,100.0,16858.0,100.0,37538857824.0,100.0,67337922637.0
2018-01-04,Z305BJ1W,ST4000DM000,4000787030016,0,116,104713352,92,0,100,14,100,0,88,799583904,81,16924,100,0,100,14,100.0,0.0,100.0,0.0,100.0,0.0,100.0,0.0,100.0,0.0,78.0,22.0,100.0,0.0,100.0,0.0,98.0,4114.0,22,22,100,0,100,0,200,0,100.0,16873.0,100.0,37565150472.0,100.0,67420236153.0
2018-01-05,Z305BJ1W,ST4000DM000,4000787030016,0,114.0,63473896.0,92.0,0.0,100.0,14.0,100.0,0.0,88.0,800840904.0,81.0,16948.0,100.0,0.0,100.0,14.0,100.0,0.0,100.0,0.0,100.0,0.0,100.0,0.0,100.0,0.0,77.0,23.0,100.0,0.0,100.0,0.0,98.0,4115.0,23.0,23.0,100.0,0.0,100.0,0.0,200.0,0.0,100.0,16896.0,100.0,37587275848.0,100.0,67518682159.0
2018-01-06,Z305BJ1W,ST4000DM000,4000787030016,0,119,202063976,92,0,100,14,100,0,88,803022160,81,16972,100,0,100,14,100.0,0.0,100.0,0.0,100.0,0.0,100.0,0.0,100.0,0.0,81.0,19.0,100.0,0.0,100.0,0.0,98.0,4115.0,19,19,100,0,100,0,200,0,100.0,16921.0,100.0,37615879232.0,100.0,67661072685.0
2018-01-07,Z305BJ1W,ST4000DM000,4000787030016,0,114,73937128,92,0,100,14,100,0,88,805098247,81,16996,100,0,100,14,100.0,0.0,100.0,0.0,100.0,0.0,100.0,0.0,100.0,0.0,80.0,20.0,100.0,0.0,100.0,0.0,98.0,4115.0,20,20,100,0,100,0,200,0,100.0,16945.0,100.0,37645410392.0,100.0,67801744233.0
2018-01-08,Z305BJ1W,ST4000DM000,4000787030016,0,107,12897584,92,0,100,14,100,0,89,806489486,81,17020,100,0,100,14,100.0,0.0,100.0,0.0,100.0,0.0,100.0,0.0,100.0,0.0,80.0,20.0,100.0,0.0,100.0,0.0,98.0,4115.0,20,20,100,0,100,0,200,0,100.0,16969.0,100.0,37669293448.0,100.0,67894248346.0
2018-01-09,Z305BJ1W,ST4000DM000,4000787030016,0,119,227524680,92,0,100,14,100,0,89,808064067,81,17044,100,0,100,14,100.0,0.0,100.0,0.0,100.0,0.0,100.0,0.0,100.0,0.0,80.0,20.0,100.0,0.0,100.0,0.0,98.0,4115.0,20,20,100,0,100,0,200,0,100.0,16993.0,100.0,37700026896.0,100.0,67953110619.0
2018-01-10,Z305BJ1W,ST4000DM000,4000787030016,0,114,64753752,92,0,100,14,100,0,89,809857976,81,17071,100,0,100,14,100.0,0.0,100.0,0.0,100.0,0.0,100.0,0.0,100.0,0.0,79.0,21.0,100.0,0.0,100.0,0.0,98.0,4115.0,21,21,100,0,100,0,200,0,100.0,17020.0,100.0,37730685032.0,100.0,68073343065.0
2018-01-11,Z305BJ1W,ST4000DM000,4000787030016,0,115,89631400,92,0,100,14,100,0,89,811035108,81,17083,100,0,100,14,100.0,0.0,100.0,0.0,100.0,0.0,100.0,0.0,100.0,0.0,80.0,20.0,100.0,0.0,100.0,0.0,98.0,4116.0,20,20,100,0,100,0,200,0,100.0,17031.0,100.0,37732675440.0,100.0,68139686807.0
2018-01-12,Z305BJ1W,ST4000DM000,4000787030016,0,111,36594280,92,0,100,14,100,0,89,812882619,81,17115,100,0,100,14,100.0,0.0,100.0,0.0,100.0,0.0,100.0,0.0,100.0,0.0,80.0,20.0,100.0,0.0,100.0,0.0,98.0,4119.0,20,20,100,0,100,0,200,0,100.0,17064.0,100.0,37742565952.0,100.0,68318412295.0
2018-01-13,Z305BJ1W,ST4000DM000,4000787030016,0,116.0,116742480.0,92.0,0.0,100.0,14.0,100,0,89.0,815418238.0,81,17139,100.0,0.0,100,14,100.0,0.0,100.0,0.0,100.0,0.0,100.0,0.0,100.0,0.0,79.0,21.0,100.0,0.0,100.0,0.0,98.0,4119.0,21.0,21.0,100.0,0.0,100.0,0.0,200,0,100.0,17087.0,100.0,37750677920.0,100.0,68440267686.0
2018-01-14,Z305BJ1W,ST4000DM000,4000787030016,0,102.0,4729880.0,92.0,0.0,100.0,14.0,100,0,89.0,815851049.0,81,17162,100.0,0.0,100,14,100.0,0.0,100.0,0.0,100.0,0.0,100.0,0.0,100.0,0.0,80.0,20.0,100.0,0.0,100.0,0.0,98.0,4127.0,20.0,20.0,100.0,0.0,100.0,0.0,200,0,100.0,17111.0,100.0,37753698184.0,100.0,68595561260.0
2018-01-15,Z305BJ1W,ST4000DM000,4000787030016,0,117.0,130985360.0,92.0,0.0,100.0,14.0,100,0,89.0,816114011.0,81,17174,100.0,0.0,100,14,100.0,0.0,100.0,0.0,100.0,0.0,100.0,0.0,100.0,0.0,78.0,22.0,100.0,0.0,100.0,0.0,98.0,4127.0,22.0,22.0,100.0,0.0,100.0,0.0,200,0,100.0,17123.0,100.0,37756755144.0,100.0,68685381570.0
2018-01-16,Z305BJ1W,ST4000DM000,4000787030016,0,112.0,49616904.0,92.0,0.0,100.0,14.0,100,0,89.0,817366939.0,81,17210,100.0,0.0,100,14,100.0,0.0,100.0,0.0,100.0,0.0,100.0,0.0,100.0,0.0,79.0,21.0,100.0,0.0,100.0,0.0,98.0,4137.0,21.0,21.0,100.0,0.0,100.0,0.0,200,0,100.0,17159.0,100.0,37763459256.0,100.0,68878442158.0
2018-01-17,Z305BJ1W,ST4000DM000,4000787030016,0,118.0,197929432.0,92.0,0.0,100.0,14.0,100,0,89.0,817652014.0,81,17223,100.0,0.0,100,14,100.0,0.0,100.0,0.0,100.0,0.0,100.0,0.0,100.0,0.0,79.0,21.0,100.0,0.0,100.0,0.0,98.0,4137.0,21.0,21.0,100.0,0.0,100.0,0.0,200,0,100.0,17171.0,100.0,37770947656.0,100.0,68970968866.0
2018-01-18,Z305BJ1W,ST4000DM000,4000787030016,0,119.0,209133392.0,92.0,0.0,100.0,14.0,100.0,0.0,89.0,818530543.0,81.0,17261.0,100.0,0.0,100.0,14.0,100.0,0.0,100.0,0.0,100.0,0.0,100.0,0.0,100.0,0.0,80.0,20.0,100.0,0.0,100.0,0.0,98.0,4137.0,20.0,20.0,100.0,0.0,100.0,0.0,200.0,0.0,100.0,17210.0,100.0,37784906176.0,100.0,69241454349.0
2018-01-19,Z305BJ1W,ST4000DM000,4000787030016,0,118.0,173356888.0,92.0,0.0,100.0,14.0,100.0,0.0,89.0,819818176.0,81.0,17286.0,100.0,0.0,100.0,14.0,100.0,0.0,100.0,0.0,100.0,0.0,100.0,0.0,100.0,0.0,80.0,20.0,100.0,0.0,100.0,0.0,98.0,4140.0,20.0,20.0,100.0,0.0,100.0,0.0,200.0,0.0,100.0,17234.0,100.0,37791288936.0,100.0,69427823530.0
2018-01-20,Z305BJ1W,ST4000DM000,4000787030016,0,115.0,98903016.0,92.0,0.0,100.0,14.0,100,0,89.0,821082020.0,81,17310,100.0,0.0,100,14,100.0,0.0,100.0,0.0,100.0,0.0,100.0,0.0,100.0,0.0,80.0,20.0,100.0,0.0,100.0,0.0,98.0,4140.0,20.0,20.0,100.0,0.0,100.0,0.0,200,0,100.0,17259.0,100.0,37799041008.0,100.0,69625835656.0
2018-01-21,Z305BJ1W,ST4000DM000,4000787030016,0,119.0,203657632.0,92.0,0.0,100.0,14.0,100,0,89.0,821589456.0,81,17333,100.0,0.0,100,14,100.0,0.0,100.0,0.0,100.0,0.0,100.0,0.0,100.0,0.0,80.0,20.0,100.0,0.0,100.0,0.0,98.0,4140.0,20.0,20.0,100.0,0.0,100.0,0.0,200,0,100.0,17282.0,100.0,37804527560.0,100.0,69797249748.0
2018-01-22,Z305BJ1W,ST4000DM000,4000787030016,0,118.0,170197088.0,92.0,0.0,100.0,14.0,100,0,89.0,822716571.0,81,17358,100.0,0.0,100,14,100.0,0.0,100.0,0.0,100.0,0.0,100.0,0.0,100.0,0.0,80.0,20.0,100.0,0.0,100.0,0.0,98.0,4142.0,20.0,20.0,100.0,0.0,100.0,0.0,200,0,100.0,17306.0,100.0,37812891320.0,100.0,69952344424.0
2018-01-23,Z305BJ1W,ST4000DM000,4000787030016,0,120.0,242480048.0,92.0,0.0,100.0,14.0,100,0,89.0,823222463.0,81,17381,100.0,0.0,100,14,100.0,0.0,100.0,0.0,100.0,0.0,100.0,0.0,100.0,0.0,81.0,19.0,100.0,0.0,100.0,0.0,98.0,4142.0,19.0,19.0,100.0,0.0,100.0,0.0,200,0,100.0,17330.0,100.0,37819296896.0,100.0,70128163040.0
2018-01-24,Z305BJ1W,ST4000DM000,4000787030016,0,120.0,239158432.0,92.0,0.0,100.0,14.0,100,0,89.0,824468409.0,81,17414,100.0,0.0,100,14,100.0,0.0,100.0,0.0,100.0,0.0,100.0,0.0,100.0,0.0,80.0,20.0,100.0,0.0,100.0,0.0,98.0,4142.0,20.0,20.0,100.0,0.0,100.0,0.0,200,0,100.0,17362.0,100.0,37836024312.0,100.0,70343880896.0
2018-01-25,Z305BJ1W,ST4000DM000,4000787030016,0,113.0,58640424.0,92.0,0.0,100.0,14.0,100,0,89.0,825137396.0,81,17430,100.0,0.0,100,14,100.0,0.0,100.0,0.0,100.0,0.0,100.0,0.0,100.0,0.0,81.0,19.0,100.0,0.0,100.0,0.0,98.0,4142.0,19.0,19.0,100.0,0.0,100.0,0.0,200,0,100.0,17378.0,100.0,37841109128.0,100.0,70460547760.0
2018-01-26,Z305BJ1W,ST4000DM000,4000787030016,0,117.0,147955768.0,92.0,0.0,100.0,14.0,100,0,89.0,825669516.0,81,17454,100.0,0.0,100,14,100.0,0.0,100.0,0.0,100.0,0.0,100.0,0.0,100.0,0.0,81.0,19.0,100.0,0.0,100.0,0.0,98.0,4145.0,19.0,19.0,100.0,0.0,100.0,0.0,200,0,100.0,17402.0,100.0,37845413600.0,100.0,70570408625.0
2018-01-27,Z305BJ1W,ST4000DM000,4000787030016,0,115.0,87098608.0,92.0,0.0,100.0,14.0,100,0,89.0,827329368.0,81,17478,100.0,0.0,100,14,100.0,0.0,100.0,0.0,100.0,0.0,100.0,0.0,100.0,0.0,81.0,19.0,100.0,0.0,100.0,0.0,98.0,4145.0,19.0,19.0,100.0,0.0,100.0,0.0,200,0,100.0,17426.0,100.0,37853444840.0,100.0,70767533125.0
2018-01-28,Z305BJ1W,ST4000DM000,4000787030016,0,117.0,149499504.0,92.0,0.0,100.0,14.0,100,0,89.0,829055470.0,81,17501,100.0,0.0,100,14,100.0,0.0,100.0,0.0,100.0,0.0,100.0,0.0,100.0,0.0,81.0,19.0,100.0,0.0,100.0,0.0,98.0,4145.0,19.0,19.0,100.0,0.0,100.0,0.0,200,0,100.0,17450.0,100.0,37860593248.0,100.0,70958492092.0
2018-01-29,Z305BJ1W,ST4000DM000,4000787030016,0,114.0,74673904.0,92.0,0.0,100.0,14.0,100,0,89.0,831219383.0,80,17526,100.0,0.0,100,14,100.0,0.0,100.0,0.0,100.0,0.0,100.0,0.0,100.0,0.0,81.0,19.0,100.0,0.0,100.0,0.0,98.0,4148.0,19.0,19.0,100.0,0.0,100.0,0.0,200,0,100.0,17474.0,100.0,37868854376.0,100.0,71150635954.0
2018-01-30,Z305BJ1W,ST4000DM000,4000787030016,0,111.0,32963048.0,92.0,0.0,100.0,14.0,100,0,89.0,832059055.0,80,17546,100.0,0.0,100,14,100.0,0.0,100.0,0.0,100.0,0.0,100.0,0.0,100.0,0.0,81.0,19.0,100.0,0.0,100.0,0.0,98.0,4148.0,19.0,19.0,100.0,0.0,100.0,0.0,200,0,100.0,17494.0,100.0,37872621448.0,100.0,71291280314.0
2018-01-31,Z305BJ1W,ST4000DM000,4000787030016,0,116.0,114918600.0,92.0,0.0,100.0,14.0,100.0,0.0,89.0,834515317.0,80.0,17570.0,100.0,0.0,100.0,14.0,100.0,0.0,100.0,0.0,100.0,0.0,100.0,0.0,100.0,0.0,81.0,19.0,100.0,0.0,100.0,0.0,98.0,4150.0,19.0,19.0,100.0,0.0,100.0,0.0,200.0,0.0,100.0,17518.0,100.0,37881567136.0,100.0,71497092027.0
2018-02-01,Z305BJ1W,ST4000DM000,4000787030016,0,119.0,204031032.0,92.0,0.0,100.0,14.0,100,0,89.0,835576198.0,80,17595,100.0,0.0,100,14,100.0,0.0,100.0,0.0,100.0,0.0,100.0,0.0,100.0,0.0,80.0,20.0,100.0,0.0,100.0,0.0,98.0,4150.0,20.0,20.0,100.0,0.0,100.0,0.0,200,0,100.0,17543.0,100.0,37886173136.0,100.0,71655837990.0
2018-02-02,Z305BJ1W,ST4000DM000,4000787030016,0,106.0,11155632.0,92.0,0.0,100.0,14.0,100,0,89.0,836370956.0,80,17618,100.0,0.0,100,14,100.0,0.0,100.0,0.0,100.0,0.0,100.0,0.0,100.0,0.0,80.0,20.0,100.0,0.0,100.0,0.0,98.0,4150.0,20.0,20.0,100.0,0.0,100.0,0.0,200,0,100.0,17567.0,100.0,37894269432.0,100.0,71804424345.0
2018-02-03,Z305BJ1W,ST4000DM000,4000787030016,0,105.0,8037464.0,92.0,0.0,100.0,14.0,100,0,89.0,837911526.0,80,17642,100.0,0.0,100,14,100.0,0.0,100.0,0.0,100.0,0.0,100.0,0.0,100.0,0.0,80.0,20.0,100.0,0.0,100.0,0.0,98.0,4150.0,20.0,20.0,100.0,0.0,100.0,0.0,200,0,100.0,17591.0,100.0,37900257312.0,100.0,71964392075.0
2018-02-04,Z305BJ1W,ST4000DM000,4000787030016,0,119.0,231367608.0,92.0,0.0,100.0,14.0,100,0,89.0,839199481.0,80,17674,100.0,0.0,100,14,100.0,0.0,100.0,0.0,100.0,0.0,100.0,0.0,100.0,0.0,79.0,21.0,100.0,0.0,100.0,0.0,98.0,4150.0,21.0,21.0,100.0,0.0,100.0,0.0,200,0,100.0,17623.0,100.0,37904153776.0,100.0,72176848252.0
2018-02-05,Z305BJ1W,ST4000DM000,4000787030016,0,116.0,103686536.0,92.0,0.0,100.0,14.0,100,0,89.0,840672430.0,80,17698,100.0,0.0,100,14,100.0,0.0,100.0,0.0,100.0,0.0,100.0,0.0,100.0,0.0,80.0,20.0,100.0,0.0,100.0,0.0,98.0,4152.0,20.0,20.0,100.0,0.0,100.0,0.0,200,0,100.0,17646.0,100.0,37909609616.0,100.0,72312543836.0
2018-02-06,Z305BJ1W,ST4000DM000,4000787030016,0,116.0,107692512.0,92.0,0.0,100.0,14.0,100,0,89.0,841531573.0,80,17722,100.0,0.0,100,14,100.0,0.0,100.0,0.0,100.0,0.0,100.0,0.0,100.0,0.0,81.0,19.0,100.0,0.0,100.0,0.0,98.0,4152.0,19.0,19.0,100.0,0.0,100.0,0.0,200,0,100.0,17671.0,100.0,37912231760.0,100.0,72444754790.0
2018-02-07,Z305BJ1W,ST4000DM000,4000787030016,0,119.0,207318312.0,92.0,0.0,100.0,14.0,100,0,89.0,842470696.0,80,17746,100.0,0.0,100,14,100.0,0.0,100.0,0.0,100.0,0.0,100.0,0.0,100.0,0.0,81.0,19.0,100.0,0.0,100.0,0.0,98.0,4152.0,19.0,19.0,100.0,0.0,100.0,0.0,200,0,100.0,17695.0,100.0,37915294768.0,100.0,72585734298.0
2018-02-08,Z305BJ1W,ST4000DM000,4000787030016,0,114.0,66219744.0,92.0,0.0,100.0,14.0,100,0,89.0,843534493.0,80,17773,100.0,0.0,100,14,100.0,0.0,100.0,0.0,100.0,0.0,100.0,0.0,100.0,0.0,81.0,19.0,100.0,0.0,100.0,0.0,98.0,4156.0,19.0,19.0,100.0,0.0,100.0,0.0,200,0,100.0,17721.0,100.0,37918501512.0,100.0,72747173259.0
2018-02-09,Z305BJ1W,ST4000DM000,4000787030016,0,117,149859416,92,0,100,14,100,0,89,844928293,80,17797,100,0,100,14,100.0,0.0,100.0,0.0,100.0,0.0,100.0,0.0,100.0,0.0,80.0,20.0,100.0,0.0,100.0,0.0,98.0,4156.0,20,20,100,0,100,0,200,0,100.0,17745.0,100.0,37922254456.0,100.0,72916032684.0
2018-02-10,Z305BJ1W,ST4000DM000,4000787030016,0,114.0,72490800.0,92.0,0.0,100.0,14.0,100.0,0.0,89.0,847326788.0,80.0,17820.0,100.0,0.0,100.0,14.0,100.0,0.0,100.0,0.0,100.0,0.0,100.0,0.0,100.0,0.0,80.0,20.0,100.0,0.0,100.0,0.0,98.0,4156.0,20.0,20.0,100.0,0.0,100.0,0.0,200.0,0.0,100.0,17769.0,100.0,37925439256.0,100.0,73090403394.0
2018-02-11,Z305BJ1W,ST4000DM000,4000787030016,0,115,98727264,92,0,100,14,100,0,89,848098029,80,17844,100,0,100,14,100.0,0.0,100.0,0.0,100.0,0.0,100.0,0.0,100.0,0.0,76.0,24.0,100.0,0.0,100.0,0.0,98.0,4156.0,24,24,100,0,100,0,200,0,100.0,17793.0,100.0,37927730696.0,100.0,73202260733.0
2018-02-12,Z305BJ1W,ST4000DM000,4000787030016,0,119,230063736,92,0,100,14,100,0,89,850036231,80,17869,100,0,100,14,100.0,0.0,100.0,0.0,100.0,0.0,100.0,0.0,100.0,0.0,80.0,20.0,100.0,0.0,100.0,0.0,98.0,4156.0,20,20,100,0,100,0,200,0,100.0,17817.0,100.0,37933423504.0,100.0,73436137147.0
2018-02-13,Z305BJ1W,ST4000DM000,4000787030016,0,118,189110160,92,0,100,14,100,0,89,851058306,80,17893,100,0,100,14,100.0,0.0,100.0,0.0,100.0,0.0,100.0,0.0,100.0,0.0,80.0,20.0,100.0,0.0,100.0,0.0,98.0,4156.0,20,20,100,0,100,0,200,0,100.0,17841.0,100.0,37937101480.0,100.0,73598247417.0
2018-02-14,Z305BJ1W,ST4000DM000,4000787030016,0,114,69079688,92,0,100,14,100,0,89,852036657,80,17916,100,0,100,14,100.0,0.0,100.0,0.0,100.0,0.0,100.0,0.0,100.0,0.0,80.0,20.0,100.0,0.0,100.0,0.0,98.0,4156.0,20,20,100,0,100,0,200,0,100.0,17865.0,100.0,37940940024.0,100.0,73737237720.0
2018-02-15,Z305BJ1W,ST4000DM000,4000787030016,0,115,87471936,92,0,100,14,100,0,89,853285617,80,17940,100,0,100,14,100.0,0.0,100.0,0.0,100.0,0.0,100.0,0.0,100.0,0.0,80.0,20.0,100.0,0.0,100.0,0.0,98.0,4156.0,20,20,100,0,100,0,200,0,100.0,17889.0,100.0,37945296472.0,100.0,73916862261.0
2018-02-16,Z305BJ1W,ST4000DM000,4000787030016,0,120,235981480,92,0,100,14,100,0,89,854880563,80,17964,100,0,100,14,100.0,0.0,100.0,0.0,100.0,0.0,100.0,0.0,100.0,0.0,80.0,20.0,100.0,0.0,100.0,0.0,98.0,4156.0,20,20,100,0,100,0,200,0,100.0,17913.0,100.0,37951242712.0,100.0,74054675070.0
2018-02-17,Z305BJ1W,ST4000DM000,4000787030016,0,117,137898760,92,0,100,14,100,0,89,855559635,80,17989,100,0,100,14,100.0,0.0,100.0,0.0,100.0,0.0,100.0,0.0,100.0,0.0,80.0,20.0,100.0,0.0,100.0,0.0,98.0,4156.0,20,20,100,0,100,0,200,0,100.0,17937.0,100.0,37956335520.0,100.0,74115309319.0
2018-02-18,Z305BJ1W,ST4000DM000,4000787030016,0,107,12854064,92,0,100,14,100,0,89,855970444,80,18013,100,0,100,14,100.0,0.0,100.0,0.0,100.0,0.0,100.0,0.0,100.0,0.0,81.0,19.0,100.0,0.0,100.0,0.0,98.0,4156.0,19,19,100,0,100,0,200,0,100.0,17961.0,100.0,37959226432.0,100.0,74163793069.0
2018-02-19,Z305BJ1W,ST4000DM000,4000787030016,0,111,36545328,92,0,100,14,100,0,89,857444552,80,18036,100,0,100,14,100.0,0.0,100.0,0.0,100.0,0.0,100.0,0.0,100.0,0.0,80.0,20.0,100.0,0.0,100.0,0.0,98.0,4157.0,20,20,100,0,100,0,200,0,100.0,17985.0,100.0,37963186336.0,100.0,74304236842.0
2018-02-20,Z305BJ1W,ST4000DM000,4000787030016,0,117,139264360,92,0,100,14,100,0,89,858108836,80,18060,100,0,100,14,100.0,0.0,100.0,0.0,100.0,0.0,100.0,0.0,100.0,0.0,79.0,21.0,100.0,0.0,100.0,0.0,98.0,4157.0,21,21,100,0,100,0,200,0,100.0,18009.0,100.0,37964784112.0,100.0,74400413969.0
2018-02-21,Z305BJ1W,ST4000DM000,4000787030016,0,115,98999896,92,0,100,14,100,0,89,859580753,80,18085,100,0,100,14,100.0,0.0,100.0,0.0,100.0,0.0,100.0,0.0,100.0,0.0,80.0,20.0,100.0,0.0,100.0,0.0,98.0,4157.0,20,20,100,0,100,0,200,0,100.0,18033.0,100.0,37970466296.0,100.0,74445350353.0
2018-02-22,Z305BJ1W,ST4000DM000,4000787030016,0,119,227587344,92,0,100,14,100,0,89,859964239,80,18107,100,0,100,14,100.0,0.0,100.0,0.0,100.0,0.0,100.0,0.0,100.0,0.0,80.0,20.0,100.0,0.0,100.0,0.0,98.0,4160.0,20,20,100,0,100,0,200,0,100.0,18055.0,100.0,37972966648.0,100.0,74494651657.0
2018-02-23,Z305BJ1W,ST4000DM000,4000787030016,0,112,48007656,92,0,100,14,100,0,89,860848526,80,18131,100,0,100,14,100.0,0.0,100.0,0.0,100.0,0.0,100.0,0.0,100.0,0.0,79.0,21.0,100.0,0.0,100.0,0.0,98.0,4160.0,21,21,100,0,100,0,200,0,100.0,18079.0,100.0,37975716328.0,100.0,74589869440.0
2018-02-24,Z305BJ1W,ST4000DM000,4000787030016,0,114,80840784,92,0,100,14,100,0,89,861870832,80,18155,100,0,100,14,100.0,0.0,100.0,0.0,100.0,0.0,100.0,0.0,100.0,0.0,81.0,19.0,100.0,0.0,100.0,0.0,98.0,4160.0,19,19,100,0,100,0,200,0,100.0,18103.0,100.0,37979285624.0,100.0,74689845416.0
2018-02-25,Z305BJ1W,ST4000DM000,4000787030016,0,119,226698480,92,0,100,14,100,0,89,863232210,80,18178,100,0,100,14,100.0,0.0,100.0,0.0,100.0,0.0,100.0,0.0,100.0,0.0,79.0,21.0,100.0,0.0,100.0,0.0,98.0,4160.0,21,21,100,0,100,0,200,0,100.0,18127.0,100.0,37983769096.0,100.0,74843245955.0
2018-02-26,Z305BJ1W,ST4000DM000,4000787030016,0,114,71280112,92,0,100,14,100,0,89,864948356,80,18203,100,0,100,14,100.0,0.0,100.0,0.0,100.0,0.0,100.0,0.0,100.0,0.0,80.0,20.0,100.0,0.0,100.0,0.0,98.0,4160.0,20,20,100,0,100,0,200,0,100.0,18151.0,100.0,37990787616.0,100.0,74972756724.0
2018-02-27,Z305BJ1W,ST4000DM000,4000787030016,0,118,196269040,92,0,100,14,100,0,89,866005276,80,18227,100,0,100,14,100.0,0.0,100.0,0.0,100.0,0.0,100.0,0.0,100.0,0.0,80.0,20.0,100.0,0.0,100.0,0.0,98.0,4160.0,20,20,100,0,100,0,200,0,100.0,18175.0,100.0,37994583824.0,100.0,75118409272.0
2018-02-28,Z305BJ1W,ST4000DM000,4000787030016,0,119,228861088,92,0,100,14,100,0,89,866736677,80,18251,100,0,100,14,100.0,0.0,100.0,0.0,100.0,0.0,100.0,0.0,100.0,0.0,80.0,20.0,100.0,0.0,100.0,0.0,98.0,4160.0,20,20,100,0,100,0,200,0,100.0,18199.0,100.0,37998358080.0,100.0,75218265754.0
2018-03-01,Z305BJ1W,ST4000DM000,4000787030016,0,114,60564120,92,0,100,14,100,0,89,867478606,80,18278,100,0,100,14,100.0,0.0,100.0,0.0,100.0,0.0,100.0,0.0,100.0,0.0,80.0,20.0,100.0,0.0,100.0,0.0,98.0,4161.0,20,20,100,0,100,0,200,0,100.0,18226.0,100.0,38001931432.0,100.0,75310434668.0
2018-03-02,Z305BJ1W,ST4000DM000,4000787030016,0,117,124981472,92,0,100,14,100,0,89,868788523,80,18302,100,0,100,14,100.0,0.0,100.0,0.0,100.0,0.0,100.0,0.0,100.0,0.0,80.0,20.0,100.0,0.0,100.0,0.0,98.0,4161.0,20,20,100,0,100,0,200,0,100.0,18250.0,100.0,38005188096.0,100.0,75430571588.0
2018-03-03,Z305BJ1W,ST4000DM000,4000787030016,0,113,51144704,92,0,100,14,100,0,89,869700085,80,18326,100,0,100,14,100.0,0.0,100.0,0.0,100.0,0.0,100.0,0.0,100.0,0.0,80.0,20.0,100.0,0.0,100.0,0.0,98.0,4161.0,20,20,100,0,100,0,200,0,100.0,18274.0,100.0,38010193720.0,100.0,75535742183.0
2018-03-04,Z305BJ1W,ST4000DM000,4000787030016,0,118,174766880,92,0,100,14,100,0,89,870435775,80,18350,100,0,100,14,100.0,0.0,100.0,0.0,100.0,0.0,100.0,0.0,100.0,0.0,79.0,21.0,100.0,0.0,100.0,0.0,98.0,4161.0,21,21,100,0,100,0,200,0,100.0,18298.0,100.0,38015233992.0,100.0,75616308194.0
2018-03-05,Z305BJ1W,ST4000DM000,4000787030016,0,119,224823912,92,0,100,14,100,0,89,873025539,80,18374,100,0,100,14,100.0,0.0,100.0,0.0,100.0,0.0,100.0,0.0,100.0,0.0,80.0,20.0,100.0,0.0,100.0,0.0,98.0,4161.0,20,20,100,0,100,0,200,0,100.0,18322.0,100.0,38028253168.0,100.0,75724434760.0
2018-03-06,Z305BJ1W,ST4000DM000,4000787030016,0,117,130664696,92,0,100,14,100,0,89,873373801,80,18394,100,0,100,14,100.0,0.0,100.0,0.0,100.0,0.0,100.0,0.0,100.0,0.0,81.0,19.0,100.0,0.0,100.0,0.0,98.0,4161.0,19,19,100,0,100,0,200,0,100.0,18342.0,100.0,38032777976.0,100.0,75756214285.0
2018-03-07,Z305BJ1W,ST4000DM000,4000787030016,0,118.0,200365976.0,92.0,0.0,100.0,14.0,100.0,0.0,89.0,874460198.0,79.0,18418.0,100.0,0.0,100.0,14.0,100.0,0.0,100.0,0.0,100.0,0.0,100.0,0.0,100.0,0.0,80.0,20.0,100.0,0.0,100.0,0.0,98.0,4162.0,20.0,20.0,100.0,0.0,100.0,0.0,200.0,0.0,100.0,18366.0,100.0,38040760512.0,100.0,75868544142.0
2018-03-08,Z305BJ1W,ST4000DM000,4000787030016,0,119,218666352,92,0,100,14,100,0,89,876640465,79,18446,100,0,100,14,100.0,0.0,100.0,0.0,100.0,0.0,100.0,0.0,100.0,0.0,80.0,20.0,100.0,0.0,100.0,0.0,98.0,4166.0,20,20,100,0,100,0,200,0,100.0,18394.0,100.0,38053225840.0,100.0,75932184931.0
2018-03-09,Z305BJ1W,ST4000DM000,4000787030016,0,114,67710792,92,0,100,14,100,0,89,878142033,79,18470,100,0,100,14,100.0,0.0,100.0,0.0,100.0,0.0,100.0,0.0,100.0,0.0,80.0,20.0,100.0,0.0,100.0,0.0,98.0,4166.0,20,20,100,0,100,0,200,0,100.0,18418.0,100.0,38063157152.0,100.0,76027523593.0
2018-03-10,Z305BJ1W,ST4000DM000,4000787030016,0,118,183387720,92,0,100,14,100,0,89,879048126,79,18494,100,0,100,14,100.0,0.0,100.0,0.0,100.0,0.0,100.0,0.0,100.0,0.0,80.0,20.0,100.0,0.0,100.0,0.0,98.0,4166.0,20,20,100,0,100,0,200,0,100.0,18442.0,100.0,38075923832.0,100.0,76137166483.0
2018-03-11,Z305BJ1W,ST4000DM000,4000787030016,0,118,176996416,92,0,100,14,100,0,89,880346042,79,18518,100,0,100,14,100.0,0.0,100.0,0.0,100.0,0.0,100.0,0.0,100.0,0.0,80.0,20.0,100.0,0.0,100.0,0.0,98.0,4166.0,20,20,100,0,100,0,200,0,100.0,18466.0,100.0,38090256416.0,100.0,76297314123.0
2018-03-12,Z305BJ1W,ST4000DM000,4000787030016,0,117,133421680,92,0,100,14,100,0,89,881783840,79,18542,100,0,100,14,100.0,0.0,100.0,0.0,100.0,0.0,100.0,0.0,100.0,0.0,80.0,20.0,100.0,0.0,100.0,0.0,98.0,4166.0,20,20,100,0,100,0,200,0,100.0,18490.0,100.0,38102031720.0,100.0,76385867298.0
2018-03-13,Z305BJ1W,ST4000DM000,4000787030016,0,110,25256200,92,0,100,14,100,0,89,882746293,79,18566,100,0,100,14,100.0,0.0,100.0,0.0,100.0,0.0,100.0,0.0,100.0,0.0,80.0,20.0,100.0,0.0,100.0,0.0,98.0,4166.0,20,20,100,0,100,0,200,0,100.0,18514.0,100.0,38110672208.0,100.0,76486369705.0
2018-03-14,Z305BJ1W,ST4000DM000,4000787030016,0,117,165412224,92,0,100,14,100,0,89,884063423,79,18590,100,0,100,14,100.0,0.0,100.0,0.0,100.0,0.0,100.0,0.0,100.0,0.0,80.0,20.0,100.0,0.0,100.0,0.0,98.0,4166.0,20,20,100,0,100,0,200,0,100.0,18538.0,100.0,38121198208.0,100.0,76629989469.0
2018-03-15,Z305BJ1W,ST4000DM000,4000787030016,0,119,226933128,92,0,100,14,100,0,89,886608465,79,18613,100,0,100,14,100.0,0.0,100.0,0.0,100.0,0.0,100.0,0.0,100.0,0.0,80.0,20.0,100.0,0.0,100.0,0.0,98.0,4169.0,20,20,100,0,100,0,200,0,100.0,18561.0,100.0,38135040288.0,100.0,76750135229.0
2018-03-16,Z305BJ1W,ST4000DM000,4000787030016,0,106.0,12210240.0,92.0,0.0,100.0,14.0,100.0,0.0,89.0,888097310.0,79.0,18637.0,100.0,0.0,100.0,14.0,100.0,0.0,100.0,0.0,100.0,0.0,100.0,0.0,100.0,0.0,79.0,21.0,100.0,0.0,100.0,0.0,98.0,4169.0,21.0,21.0,100.0,0.0,100.0,0.0,200.0,0.0,100.0,18585.0,100.0,38144693712.0,100.0,76865874768.0
2018-03-17,Z305BJ1W,ST4000DM000,4000787030016,0,116,112768152,92,0,100,14,100,0,89,889153295,79,18661,100,0,100,14,100.0,0.0,100.0,0.0,100.0,0.0,100.0,0.0,100.0,0.0,79.0,21.0,100.0,0.0,100.0,0.0,98.0,4169.0,21,21,100,0,100,0,200,0,100.0,18609.0,100.0,38161030104.0,100.0,77004873582.0
2018-03-18,Z305BJ1W,ST4000DM000,4000787030016,0,118,176393296,92,0,100,14,100,0,89,889750211,79,18686,100,0,100,14,100.0,0.0,100.0,0.0,100.0,0.0,100.0,0.0,100.0,0.0,79.0,21.0,100.0,0.0,100.0,0.0,98.0,4169.0,21,21,100,0,100,0,200,0,100.0,18634.0,100.0,38173459776.0,100.0,77181791180.0
2018-03-19,Z305BJ1W,ST4000DM000,4000787030016,0,114,61119376,92,0,100,14,100,0,89,890892642,79,18709,100,0,100,14,100.0,0.0,100.0,0.0,100.0,0.0,100.0,0.0,100.0,0.0,79.0,21.0,100.0,0.0,100.0,0.0,98.0,4169.0,21,21,100,0,100,0,200,0,100.0,18657.0,100.0,38185897816.0,100.0,77336416720.0
2018-03-20,Z305BJ1W,ST4000DM000,4000787030016,0,110,27707312,92,0,100,14,100,0,89,891417166,79,18733,100,0,100,14,100.0,0.0,100.0,0.0,100.0,0.0,100.0,0.0,100.0,0.0,80.0,20.0,100.0,0.0,100.0,0.0,98.0,4169.0,20,20,100,0,100,0,200,0,100.0,18681.0,100.0,38193183656.0,100.0,77506215795.0
2018-03-21,Z305BJ1W,ST4000DM000,4000787030016,0,119,229217248,92,0,100,14,100,0,89,891962243,79,18757,100,0,100,14,100.0,0.0,100.0,0.0,100.0,0.0,100.0,0.0,100.0,0.0,79.0,21.0,100.0,0.0,100.0,0.0,98.0,4169.0,21,21,100,0,100,0,200,0,100.0,18706.0,100.0,38202515944.0,100.0,77676432814.0
2018-03-22,Z305BJ1W,ST4000DM000,4000787030016,0,107,13442776,92,0,100,14,100,0,89,892566672,79,18781,100,0,100,14,100.0,0.0,100.0,0.0,100.0,0.0,100.0,0.0,100.0,0.0,79.0,21.0,100.0,0.0,100.0,0.0,98.0,4169.0,21,21,100,0,100,0,200,0,100.0,18729.0,100.0,38212848888.0,100.0,77847195028.0
2018-03-23,Z305BJ1W,ST4000DM000,4000787030016,0,115,96416616,92,0,100,14,100,0,89,893597509,79,18805,100,0,100,14,100.0,0.0,100.0,0.0,100.0,0.0,100.0,0.0,100.0,0.0,80.0,20.0,100.0,0.0,100.0,0.0,98.0,4169.0,20,20,100,0,100,0,200,0,100.0,18753.0,100.0,38227646704.0,100.0,78035085555.0
2018-03-24,Z305BJ1W,ST4000DM000,4000787030016,0,119,208646192,92,0,100,14,100,0,89,894496749,79,18829,100,0,100,14,100.0,0.0,100.0,0.0,100.0,0.0,100.0,0.0,100.0,0.0,80.0,20.0,100.0,0.0,100.0,0.0,98.0,4169.0,20,20,100,0,100,0,200,0,100.0,18777.0,100.0,38244095696.0,100.0,78206036623.0
2018-03-25,Z305BJ1W,ST4000DM000,4000787030016,0,119,220682944,92,0,100,14,100,0,89,895136382,79,18853,100,0,100,14,100.0,0.0,100.0,0.0,100.0,0.0,100.0,0.0,100.0,0.0,79.0,21.0,100.0,0.0,100.0,0.0,98.0,4169.0,21,21,100,0,100,0,200,0,100.0,18801.0,100.0,38255541168.0,100.0,78398860816.0
2018-03-26,Z305BJ1W,ST4000DM000,4000787030016,0,118,193459248,92,0,100,14,100,0,89,897394785,79,18877,100,0,100,14,100.0,0.0,100.0,0.0,100.0,0.0,100.0,0.0,100.0,0.0,80.0,20.0,100.0,0.0,100.0,0.0,98.0,4169.0,20,20,100,0,100,0,200,0,100.0,18825.0,100.0,38267661072.0,100.0,78541601153.0
2018-03-27,Z305BJ1W,ST4000DM000,4000787030016,0,117,166998352,92,0,100,14,100,0,89,898259589,79,18901,100,0,100,14,100.0,0.0,100.0,0.0,100.0,0.0,100.0,0.0,100.0,0.0,79.0,21.0,100.0,0.0,100.0,0.0,98.0,4169.0,21,21,100,0,100,0,200,0,100.0,18849.0,100.0,38276936224.0,100.0,78691084214.0
2018-03-28,Z305BJ1W,ST4000DM000,4000787030016,0,118,173366448,92,0,100,14,100,0,89,899238421,79,18925,100,0,100,14,100.0,0.0,100.0,0.0,100.0,0.0,100.0,0.0,100.0,0.0,80.0,20.0,100.0,0.0,100.0,0.0,98.0,4169.0,20,20,100,0,100,0,200,0,100.0,18873.0,100.0,38288590592.0,100.0,78862033052.0
2018-03-29,Z305BJ1W,ST4000DM000,4000787030016,0,114,69327248,92,0,100,14,100,0,89,900215150,79,18948,100,0,100,14,100.0,0.0,100.0,0.0,100.0,0.0,100.0,0.0,100.0,0.0,79.0,21.0,100.0,0.0,100.0,0.0,98.0,4172.0,21,21,100,0,100,0,200,0,100.0,18897.0,100.0,38306824272.0,100.0,79026660044.0
2018-03-30,Z305BJ1W,ST4000DM000,4000787030016,0,117,153212616,92,0,100,14,100,0,89,901768776,79,18973,100,0,100,14,100.0,0.0,100.0,0.0,100.0,0.0,100.0,0.0,100.0,0.0,80.0,20.0,100.0,0.0,100.0,0.0,98.0,4172.0,20,20,100,0,100,0,200,0,100.0,18921.0,100.0,38323534768.0,100.0,79190744274.0
2018-03-31,Z305BJ1W,ST4000DM000,4000787030016,0,119,226487560,92,0,100,14,100,0,89,903994828,79,18997,100,0,100,14,100.0,0.0,100.0,0.0,100.0,0.0,100.0,0.0,100.0,0.0,80.0,20.0,100.0,0.0,100.0,0.0,98.0,4172.0,20,20,100,0,100,0,200,0,100.0,18945.0,100.0,38342120672.0,100.0,79390765048.0
2018-04-01,Z305BJ1W,ST4000DM000,4000787030016,0,120,236508696,92,0,100,14,100,0,89,905177468,79,19021,100,0,100,14,100.0,0.0,100.0,0.0,100.0,0.0,100.0,0.0,100.0,0.0,80.0,20.0,100.0,0.0,100.0,0.0,98.0,4172.0,20,20,100,0,100,0,200,0,100.0,18969.0,100.0,38351598440.0,100.0,79574956546.0
2018-04-02,Z305BJ1W,ST4000DM000,4000787030016,0,117,159761552,92,0,100,14,100,0,89,906769916,79,19045,100,0,100,14,100.0,0.0,100.0,0.0,100.0,0.0,100.0,0.0,100.0,0.0,80.0,20.0,100.0,0.0,100.0,0.0,98.0,4172.0,20,20,100,0,100,0,200,0,100.0,18993.0,100.0,38363166808.0,100.0,79729598332.0
2018-04-03,Z305BJ1W,ST4000DM000,4000787030016,0,118,190018704,92,0,100,14,100,0,89,908064342,79,19069,100,0,100,14,100.0,0.0,100.0,0.0,100.0,0.0,100.0,0.0,100.0,0.0,80.0,20.0,100.0,0.0,100.0,0.0,98.0,4172.0,20,20,100,0,100,0,200,0,100.0,19017.0,100.0,38372005504.0,100.0,79890459502.0
2018-04-04,Z305BJ1W,ST4000DM000,4000787030016,0,120,235630696,92,0,100,14,100,0,89,908915151,79,19093,100,0,100,14,100.0,0.0,100.0,0.0,100.0,0.0,100.0,0.0,100.0,0.0,80.0,20.0,100.0,0.0,100.0,0.0,98.0,4172.0,20,20,100,0,100,0,200,0,100.0,19041.0,100.0,38383930576.0,100.0,80038956765.0
2018-04-05,Z305BJ1W,ST4000DM000,4000787030016,0,111,40263968,92,0,100,14,100,0,89,909888119,79,19116,100,0,100,14,100.0,0.0,100.0,0.0,100.0,0.0,100.0,0.0,100.0,0.0,81.0,19.0,100.0,0.0,100.0,0.0,98.0,4172.0,19,19,100,0,100,0,200,0,100.0,19064.0,100.0,38401102160.0,100.0,80176986831.0
2018-04-06,Z305BJ1W,ST4000DM000,4000787030016,0,117,125408352,92,0,100,14,100,0,89,911484594,79,19141,100,0,100,14,100.0,0.0,100.0,0.0,100.0,0.0,100.0,0.0,100.0,0.0,81.0,19.0,100.0,0.0,100.0,0.0,98.0,4172.0,19,19,100,0,100,0,200,0,100.0,19089.0,100.0,38437006904.0,100.0,80354229920.0
2018-04-07,Z305BJ1W,ST4000DM000,4000787030016,0,119.0,231556640.0,92.0,0.0,100.0,14.0,100.0,0.0,89.0,914300760.0,79.0,19165.0,100.0,0.0,100.0,14.0,100.0,0.0,100.0,0.0,100.0,0.0,100.0,0.0,100.0,0.0,81.0,19.0,100.0,0.0,100.0,0.0,98.0,4172.0,19.0,19.0,100.0,0.0,100.0,0.0,200.0,0.0,100.0,19113.0,100.0,38468958504.0,100.0,80520648678.0
2018-04-08,Z305BJ1W,ST4000DM000,4000787030016,0,117,123601184,92,0,100,14,100,0,89,915390280,79,19189,100,0,100,14,100.0,0.0,100.0,0.0,100.0,0.0,100.0,0.0,100.0,0.0,81.0,19.0,100.0,0.0,100.0,0.0,98.0,4172.0,19,19,100,0,100,0,200,0,100.0,19137.0,100.0,38500004480.0,100.0,80649807147.0
2018-04-09,Z305BJ1W,ST4000DM000,4000787030016,0,100,2785576,92,0,100,14,100,0,89,916694365,79,19213,100,0,100,14,100.0,0.0,100.0,0.0,100.0,0.0,100.0,0.0,100.0,0.0,80.0,20.0,100.0,0.0,100.0,0.0,98.0,4172.0,20,20,100,0,100,0,200,0,100.0,19161.0,100.0,38514929104.0,100.0,80726689205.0
2018-04-10,Z305BJ1W,ST4000DM000,4000787030016,0,111,29399760,92,0,100,14,100,0,89,918009532,79,19237,100,0,100,14,100.0,0.0,100.0,0.0,100.0,0.0,100.0,0.0,100.0,0.0,81.0,19.0,100.0,0.0,100.0,0.0,98.0,4172.0,19,19,100,0,100,0,200,0,100.0,19185.0,100.0,38546150944.0,100.0,80877105553.0
2018-04-11,Z305BJ1W,ST4000DM000,4000787030016,0,117,142632616,92,0,100,14,100,0,89,918966450,79,19261,100,0,100,14,100.0,0.0,100.0,0.0,100.0,0.0,100.0,0.0,100.0,0.0,78.0,22.0,100.0,0.0,100.0,0.0,98.0,4172.0,22,22,100,0,100,0,200,0,100.0,19209.0,100.0,38564650760.0,100.0,81019684723.0
2018-04-12,Z305BJ1W,ST4000DM000,4000787030016,0,114,61696568,92,0,100,14,100,0,89,920035341,78,19285,100,0,100,14,100.0,0.0,100.0,0.0,100.0,0.0,100.0,0.0,100.0,0.0,78.0,22.0,100.0,0.0,100.0,0.0,98.0,4175.0,22,22,100,0,100,0,200,0,100.0,19233.0,100.0,38578005920.0,100.0,81179051055.0
2018-04-13,Z305BJ1W,ST4000DM000,4000787030016,0,118,173052792,92,0,100,14,100,0,89,921518979,78,19309,100,0,100,14,100.0,0.0,100.0,0.0,100.0,0.0,100.0,0.0,100.0,0.0,79.0,21.0,100.0,0.0,100.0,0.0,98.0,4175.0,21,21,100,0,100,0,200,0,100.0,19257.0,100.0,38592252616.0,100.0,81345749881.0
2018-04-14,Z305BJ1W,ST4000DM000,4000787030016,0,117,134978776,92,0,100,14,100,0,89,922435793,78,19333,100,0,100,14,100.0,0.0,100.0,0.0,100.0,0.0,100.0,0.0,100.0,0.0,78.0,22.0,100.0,0.0,100.0,0.0,98.0,4175.0,22,22,100,0,100,0,200,0,100.0,19281.0,100.0,38609192568.0,100.0,81434562759.0
2018-04-15,Z305BJ1W,ST4000DM000,4000787030016,0,112,44236888,92,0,100,14,100,0,89,923911722,78,19357,100,0,100,14,100.0,0.0,100.0,0.0,100.0,0.0,100.0,0.0,100.0,0.0,79.0,21.0,100.0,0.0,100.0,0.0,98.0,4175.0,21,21,100,0,100,0,200,0,100.0,19305.0,100.0,38621685112.0,100.0,81679797677.0
2018-04-16,Z305BJ1W,ST4000DM000,4000787030016,0,120,241506368,92,0,100,14,100,0,89,925481508,78,19381,100,0,100,14,100.0,0.0,100.0,0.0,100.0,0.0,100.0,0.0,100.0,0.0,78.0,22.0,100.0,0.0,100.0,0.0,98.0,4175.0,22,22,100,0,100,0,200,0,100.0,19329.0,100.0,38638005816.0,100.0,81818569539.0
2018-04-17,Z305BJ1W,ST4000DM000,4000787030016,0,119,211877848,92,0,100,14,100,0,89,926503143,78,19405,100,0,100,14,100.0,0.0,100.0,0.0,100.0,0.0,100.0,0.0,100.0,0.0,79.0,21.0,100.0,0.0,100.0,0.0,98.0,4175.0,21,21,100,0,100,0,200,0,100.0,19353.0,100.0,38651505864.0,100.0,81957363210.0
2018-04-18,Z305BJ1W,ST4000DM000,4000787030016,0,112,45248016,92,0,100,14,100,0,89,927903480,78,19429,100,0,100,14,100.0,0.0,100.0,0.0,100.0,0.0,100.0,0.0,100.0,0.0,78.0,22.0,100.0,0.0,100.0,0.0,98.0,4175.0,22,22,100,0,100,0,200,0,100.0,19377.0,100.0,38664536400.0,100.0,82142276794.0
2018-04-19,Z305BJ1W,ST4000DM000,4000787030016,0,114,73904032,92,0,100,14,100,0,89,928880487,78,19453,100,0,100,14,100.0,0.0,100.0,0.0,100.0,0.0,100.0,0.0,100.0,0.0,79.0,21.0,100.0,0.0,100.0,0.0,98.0,4175.0,21,21,100,0,100,0,200,0,100.0,19401.0,100.0,38677417104.0,100.0,82254851147.0
2018-04-20,Z305BJ1W,ST4000DM000,4000787030016,0,112,43366440,92,0,100,14,100,0,89,929911966,78,19477,100,0,100,14,100.0,0.0,100.0,0.0,100.0,0.0,100.0,0.0,100.0,0.0,81.0,19.0,100.0,0.0,100.0,0.0,98.0,4175.0,19,19,100,0,100,0,200,0,100.0,19425.0,100.0,38693664240.0,100.0,82305617088.0
2018-04-21,Z305BJ1W,ST4000DM000,4000787030016,0,119,202223568,92,0,100,14,100,0,89,931773944,78,19501,100,0,100,14,100.0,0.0,100.0,0.0,100.0,0.0,100.0,0.0,100.0,0.0,81.0,19.0,100.0,0.0,100.0,0.0,98.0,4175.0,19,19,100,0,100,0,200,0,100.0,19449.0,100.0,38705503808.0,100.0,82393702905.0
2018-04-22,Z305BJ1W,ST4000DM000,4000787030016,0,118,193269464,92,0,100,14,100,0,89,932640599,78,19525,100,0,100,14,100.0,0.0,100.0,0.0,100.0,0.0,100.0,0.0,100.0,0.0,82.0,18.0,100.0,0.0,100.0,0.0,98.0,4175.0,18,18,100,0,100,0,200,0,100.0,19473.0,100.0,38721722464.0,100.0,82504033527.0
2018-04-23,Z305BJ1W,ST4000DM000,4000787030016,0,116,106910312,92,0,100,14,100,0,89,933998875,78,19549,100,0,100,14,100.0,0.0,100.0,0.0,100.0,0.0,100.0,0.0,100.0,0.0,82.0,18.0,100.0,0.0,100.0,0.0,98.0,4175.0,18,18,100,0,100,0,200,0,100.0,19497.0,100.0,38738588800.0,100.0,82594099814.0
2018-04-24,Z305BJ1W,ST4000DM000,4000787030016,0,117,147637376,92,0,100,14,100,0,89,934351907,78,19573,100,0,100,14,100.0,0.0,100.0,0.0,100.0,0.0,100.0,0.0,100.0,0.0,80.0,20.0,100.0,0.0,100.0,0.0,98.0,4175.0,20,20,100,0,100,0,200,0,100.0,19521.0,100.0,38751376320.0,100.0,82614761834.0
2018-04-25,Z305BJ1W,ST4000DM000,4000787030016,0,115,94571824,92,0,100,14,100,0,89,935000106,78,19597,100,0,100,14,100.0,0.0,100.0,0.0,100.0,0.0,100.0,0.0,100.0,0.0,81.0,19.0,100.0,0.0,100.0,0.0,98.0,4175.0,19,19,100,0,100,0,200,0,100.0,19545.0,100.0,38764793720.0,100.0,82695369879.0
2018-04-26,Z305BJ1W,ST4000DM000,4000787030016,0,111,31206536,92,0,100,14,100,0,89,935812947,78,19621,100,0,100,14,100.0,0.0,100.0,0.0,100.0,0.0,100.0,0.0,100.0,0.0,80.0,20.0,100.0,0.0,100.0,0.0,98.0,4175.0,20,20,100,0,100,0,200,0,100.0,19569.0,100.0,38775478528.0,100.0,82794622550.0
2018-04-27,Z305BJ1W,ST4000DM000,4000787030016,0,120,241650128,92,0,100,14,100,0,89,936275808,78,19638,100,0,100,14,100.0,0.0,100.0,0.0,100.0,0.0,100.0,0.0,100.0,0.0,81.0,19.0,100.0,0.0,100.0,0.0,98.0,4177.0,19,19,100,0,100,0,200,0,100.0,19586.0,100.0,38783747752.0,100.0,82857602008.0
2018-04-28,Z305BJ1W,ST4000DM000,4000787030016,0,117,155128608,92,0,100,14,100,0,89,938098743,78,19662,100,0,100,14,100.0,0.0,100.0,0.0,100.0,0.0,100.0,0.0,100.0,0.0,81.0,19.0,100.0,0.0,100.0,0.0,98.0,4177.0,19,19,100,0,100,0,200,0,100.0,19610.0,100.0,38804846048.0,100.0,83024538642.0
2018-04-29,Z305BJ1W,ST4000DM000,4000787030016,0,112,45957064,92,0,100,14,100,0,89,939264080,78,19686,100,0,100,14,100.0,0.0,100.0,0.0,100.0,0.0,100.0,0.0,100.0,0.0,82.0,18.0,100.0,0.0,100.0,0.0,98.0,4177.0,18,18,100,0,100,0,200,0,100.0,19634.0,100.0,38816411064.0,100.0,83151449898.0
2018-04-30,Z305BJ1W,ST4000DM000,4000787030016,0,117,149380872,92,0,100,14,100,0,90,941024922,78,19710,100,0,100,14,100.0,0.0,100.0,0.0,100.0,0.0,100.0,0.0,100.0,0.0,82.0,18.0,100.0,0.0,100.0,0.0,98.0,4177.0,18,18,100,0,100,0,200,0,100.0,19658.0,100.0,38830567448.0,100.0,83284144198.0
2018-05-01,Z305BJ1W,ST4000DM000,4000787030016,0,114,68278000,92,0,100,14,100,0,90,942022226,78,19735,100,0,100,14,100.0,0.0,100.0,0.0,100.0,0.0,100.0,0.0,100.0,0.0,82.0,18.0,100.0,0.0,100.0,0.0,98.0,4177.0,18,18,100,0,100,0,200,0,100.0,19682.0,100.0,38843713360.0,100.0,83420423420.0
2018-05-02,Z305BJ1W,ST4000DM000,4000787030016,0,117.0,119739816.0,92.0,0.0,100.0,14.0,100.0,0.0,90.0,942920405.0,78.0,19758.0,100.0,0.0,100.0,14.0,100.0,0.0,100.0,0.0,100.0,0.0,100.0,0.0,100.0,0.0,82.0,18.0,100.0,0.0,100.0,0.0,98.0,4177.0,18.0,18.0,100.0,0.0,100.0,0.0,200.0,0.0,100.0,19706.0,100.0,38862024752.0,100.0,83508854092.0
2018-05-03,Z305BJ1W,ST4000DM000,4000787030016,0,105,9923408,92,0,100,14,100,0,90,945016670,78,19789,100,0,100,14,100.0,0.0,100.0,0.0,100.0,0.0,100.0,0.0,100.0,0.0,80.0,20.0,100.0,0.0,100.0,0.0,98.0,4180.0,20,20,100,0,100,0,200,0,100.0,19737.0,100.0,38881565992.0,100.0,83656600180.0
2018-05-04,Z305BJ1W,ST4000DM000,4000787030016,0,117,133737152,92,0,100,14,100,0,90,946217680,78,19813,100,0,100,14,100.0,0.0,100.0,0.0,100.0,0.0,100.0,0.0,100.0,0.0,81.0,19.0,100.0,0.0,100.0,0.0,98.0,4180.0,19,19,100,0,100,0,200,0,100.0,19761.0,100.0,38894138008.0,100.0,83768215389.0
2018-05-05,Z305BJ1W,ST4000DM000,4000787030016,0,117,148538384,92,0,100,14,100,0,90,947331873,78,19838,100,0,100,14,100.0,0.0,100.0,0.0,100.0,0.0,100.0,0.0,100.0,0.0,81.0,19.0,100.0,0.0,100.0,0.0,98.0,4180.0,19,19,100,0,100,0,200,0,100.0,19785.0,100.0,38911391024.0,100.0,83848625750.0
2018-05-06,Z305BJ1W,ST4000DM000,4000787030016,0,117,127923344,92,0,100,14,100,0,90,948290748,78,19861,100,0,100,14,100.0,0.0,100.0,0.0,100.0,0.0,100.0,0.0,100.0,0.0,81.0,19.0,100.0,0.0,100.0,0.0,98.0,4180.0,19,19,100,0,100,0,200,0,100.0,19809.0,100.0,38932517224.0,100.0,83933503231.0
2018-05-07,Z305BJ1W,ST4000DM000,4000787030016,0,117,145008984,92,0,100,14,100,0,90,949606601,78,19885,100,0,100,14,100.0,0.0,100.0,0.0,100.0,0.0,100.0,0.0,100.0,0.0,81.0,19.0,100.0,0.0,100.0,0.0,98.0,4180.0,19,19,100,0,100,0,200,0,100.0,19833.0,100.0,38959489232.0,100.0,83997072104.0
2018-05-08,Z305BJ1W,ST4000DM000,4000787030016,0,114,79953256,92,0,100,14,100,0,90,950111076,78,19909,100,0,100,14,100.0,0.0,100.0,0.0,100.0,0.0,100.0,0.0,100.0,0.0,81.0,19.0,100.0,0.0,100.0,0.0,98.0,4180.0,19,19,100,0,100,0,200,0,100.0,19857.0,100.0,38974165728.0,100.0,84047895753.0
2018-05-09,Z305BJ1W,ST4000DM000,4000787030016,0,100,2715536,92,0,100,14,100,0,90,950721836,78,19934,100,0,100,14,100.0,0.0,100.0,0.0,100.0,0.0,100.0,0.0,100.0,0.0,81.0,19.0,100.0,0.0,100.0,0.0,98.0,4180.0,19,19,100,0,100,0,200,0,100.0,19881.0,100.0,38988162928.0,100.0,84098911034.0
2018-05-10,Z305BJ1W,ST4000DM000,4000787030016,0,109,21201712,92,0,100,14,100,0,90,951806139,78,19958,100,0,100,14,100.0,0.0,100.0,0.0,100.0,0.0,100.0,0.0,100.0,0.0,81.0,19.0,100.0,0.0,100.0,0.0,98.0,4184.0,19,19,100,0,100,0,200,0,100.0,19906.0,100.0,39011052520.0,100.0,84242292340.0
2018-05-11,Z305BJ1W,ST4000DM000,4000787030016,0,118,171445680,92,0,100,14,100,0,90,952294964,78,19974,100,0,100,14,100.0,0.0,100.0,0.0,100.0,0.0,100.0,0.0,100.0,0.0,82.0,18.0,100.0,0.0,100.0,0.0,98.0,4184.0,18,18,100,0,100,0,200,0,100.0,19921.0,100.0,39017001328.0,100.0,84312499519.0
2018-05-12,Z305BJ1W,ST4000DM000,4000787030016,0,120,238813392,92,0,100,14,100,0,90,954185360,78,19998,100,0,100,14,100.0,0.0,100.0,0.0,100.0,0.0,100.0,0.0,100.0,0.0,82.0,18.0,100.0,0.0,100.0,0.0,98.0,4184.0,18,18,100,0,100,0,200,0,100.0,19945.0,100.0,39037934224.0,100.0,84471968739.0
2018-05-13,Z305BJ1W,ST4000DM000,4000787030016,0,114,59856248,92,0,100,14,100,0,90,955214033,78,20022,100,0,100,14,100.0,0.0,100.0,0.0,100.0,0.0,100.0,0.0,100.0,0.0,82.0,18.0,100.0,0.0,100.0,0.0,98.0,4184.0,18,18,100,0,100,0,200,0,100.0,19970.0,100.0,39053462616.0,100.0,84560242877.0
2018-05-14,Z305BJ1W,ST4000DM000,4000787030016,0,114,78669600,92,0,100,14,100,0,90,956944493,78,20046,100,0,100,14,100.0,0.0,100.0,0.0,100.0,0.0,100.0,0.0,100.0,0.0,82.0,18.0,100.0,0.0,100.0,0.0,98.0,4184.0,18,18,100,0,100,0,200,0,100.0,19994.0,100.0,39085048144.0,100.0,84652648559.0
2018-05-15,Z305BJ1W,ST4000DM000,4000787030016,0,119.0,233892824.0,92.0,0.0,100.0,14.0,100.0,0.0,90.0,959628249.0,78.0,20070.0,100.0,0.0,100.0,14.0,100.0,0.0,100.0,0.0,100.0,0.0,100.0,0.0,100.0,0.0,82.0,18.0,100.0,0.0,100.0,0.0,98.0,4184.0,18.0,18.0,100.0,0.0,100.0,0.0,200.0,0.0,100.0,20017.0,100.0,39101520824.0,100.0,84797261605.0
2018-05-16,Z305BJ1W,ST4000DM000,4000787030016,0,109,23816984,92,0,100,14,100,0,90,960856314,78,20094,100,0,100,14,100.0,0.0,100.0,0.0,100.0,0.0,100.0,0.0,100.0,0.0,82.0,18.0,100.0,0.0,100.0,0.0,98.0,4184.0,18,18,100,0,100,0,200,0,100.0,20042.0,100.0,39120485544.0,100.0,84892398673.0
2018-05-17,Z305BJ1W,ST4000DM000,4000787030016,0,118,197864904,92,0,100,14,100,0,90,961648769,78,20125,100,0,100,14,100.0,0.0,100.0,0.0,100.0,0.0,100.0,0.0,100.0,0.0,80.0,20.0,100.0,0.0,100.0,0.0,98.0,4185.0,20,20,100,0,100,0,200,0,100.0,20072.0,100.0,39139178952.0,100.0,85027156479.0
2018-05-18,Z305BJ1W,ST4000DM000,4000787030016,0,115,85199200,92,0,100,14,100,0,90,962612050,77,20149,100,0,100,14,100.0,0.0,100.0,0.0,100.0,0.0,100.0,0.0,100.0,0.0,81.0,19.0,100.0,0.0,100.0,0.0,98.0,4185.0,19,19,100,0,100,0,200,0,100.0,20096.0,100.0,39155245360.0,100.0,85131811933.0
2018-05-19,Z305BJ1W,ST4000DM000,4000787030016,0,119,212367760,92,0,100,14,100,0,90,963904356,77,20173,100,0,100,14,100.0,0.0,100.0,0.0,100.0,0.0,100.0,0.0,100.0,0.0,81.0,19.0,100.0,0.0,100.0,0.0,98.0,4185.0,19,19,100,0,100,0,200,0,100.0,20121.0,100.0,39175998640.0,100.0,85277211091.0
2018-05-20,Z305BJ1W,ST4000DM000,4000787030016,0,114,61013568,92,0,100,14,100,0,90,964755166,77,20197,100,0,100,14,100.0,0.0,100.0,0.0,100.0,0.0,100.0,0.0,100.0,0.0,82.0,18.0,100.0,0.0,100.0,0.0,98.0,4185.0,18,18,100,0,100,0,200,0,100.0,20144.0,100.0,39191580320.0,100.0,85412653918.0
2018-05-21,Z305BJ1W,ST4000DM000,4000787030016,0,119,206504376,92,0,100,14,100,0,90,965914036,77,20221,100,0,100,14,100.0,0.0,100.0,0.0,100.0,0.0,100.0,0.0,100.0,0.0,81.0,19.0,100.0,0.0,100.0,0.0,98.0,4185.0,19,19,100,0,100,0,200,0,100.0,20168.0,100.0,39204003584.0,100.0,85558414105.0
2018-05-22,Z305BJ1W,ST4000DM000,4000787030016,0,118,186594664,92,0,100,14,100,0,90,966453054,77,20245,100,0,100,14,100.0,0.0,100.0,0.0,100.0,0.0,100.0,0.0,100.0,0.0,81.0,19.0,100.0,0.0,100.0,0.0,98.0,4185.0,19,19,100,0,100,0,200,0,100.0,20193.0,100.0,39213872744.0,100.0,85745328095.0
2018-05-23,Z305BJ1W,ST4000DM000,4000787030016,0,118,194626416,92,0,100,14,100,0,90,967076141,77,20269,100,0,100,14,100.0,0.0,100.0,0.0,100.0,0.0,100.0,0.0,100.0,0.0,81.0,19.0,100.0,0.0,100.0,0.0,98.0,4185.0,19,19,100,0,100,0,200,0,100.0,20217.0,100.0,39229475776.0,100.0,85922352656.0
2018-05-24,Z305BJ1W,ST4000DM000,4000787030016,0,117,144291432,92,0,100,14,100,0,90,967636418,77,20293,100,0,100,14,100.0,0.0,100.0,0.0,100.0,0.0,100.0,0.0,100.0,0.0,81.0,19.0,100.0,0.0,100.0,0.0,98.0,4185.0,19,19,100,0,100,0,200,0,100.0,20240.0,100.0,39239960688.0,100.0,86083425963.0
2018-05-25,Z305BJ1W,ST4000DM000,4000787030016,0,116,115354896,92,0,100,14,100,0,90,968961058,77,20317,100,0,100,14,100.0,0.0,100.0,0.0,100.0,0.0,100.0,0.0,100.0,0.0,82.0,18.0,100.0,0.0,100.0,0.0,98.0,4185.0,18,18,100,0,100,0,200,0,100.0,20265.0,100.0,39257100280.0,100.0,86280394937.0
2018-05-26,Z305BJ1W,ST4000DM000,4000787030016,0,117,166058200,92,0,100,14,100,0,90,970629994,77,20342,100,0,100,14,100.0,0.0,100.0,0.0,100.0,0.0,100.0,0.0,100.0,0.0,81.0,19.0,100.0,0.0,100.0,0.0,98.0,4187.0,19,19,100,0,100,0,200,0,100.0,20289.0,100.0,39278037080.0,100.0,86448925663.0
2018-05-27,Z305BJ1W,ST4000DM000,4000787030016,0,109,23993384,92,0,100,14,100,0,90,971192991,77,20361,100,0,100,14,100.0,0.0,100.0,0.0,100.0,0.0,100.0,0.0,100.0,0.0,82.0,18.0,100.0,0.0,100.0,0.0,98.0,4191.0,18,18,100,0,100,0,200,0,100.0,20308.0,100.0,39296907256.0,100.0,86559357136.0
2018-05-28,Z305BJ1W,ST4000DM000,4000787030016,0,116,114026944,92,0,100,14,100,0,90,972331812,77,20385,100,0,100,14,100.0,0.0,100.0,0.0,100.0,0.0,100.0,0.0,100.0,0.0,82.0,18.0,100.0,0.0,100.0,0.0,98.0,4191.0,18,18,100,0,100,0,200,0,100.0,20332.0,100.0,39311300936.0,100.0,86697483543.0
2018-05-29,Z305BJ1W,ST4000DM000,4000787030016,0,117,164485752,92,0,100,14,100,0,90,972902069,77,20408,100,0,100,14,100.0,0.0,100.0,0.0,100.0,0.0,100.0,0.0,100.0,0.0,82.0,18.0,100.0,0.0,100.0,0.0,98.0,4191.0,18,18,100,0,100,0,200,0,100.0,20356.0,100.0,39323075368.0,100.0,86882170817.0
2018-05-30,Z305BJ1W,ST4000DM000,4000787030016,0,120,236346216,92,0,100,14,100,0,90,973570294,77,20432,100,0,100,14,100.0,0.0,100.0,0.0,100.0,0.0,100.0,0.0,100.0,0.0,82.0,18.0,100.0,0.0,100.0,0.0,98.0,4191.0,18,18,100,0,100,0,200,0,100.0,20380.0,100.0,39334804200.0,100.0,87041438296.0
2018-05-31,Z305BJ1W,ST4000DM000,4000787030016,0,117,151858648,92,0,100,14,100,0,90,974466755,77,20456,100,0,100,14,100.0,0.0,100.0,0.0,100.0,0.0,100.0,0.0,100.0,0.0,82.0,18.0,100.0,0.0,100.0,0.0,98.0,4193.0,18,18,100,0,100,0,200,0,100.0,20403.0,100.0,39350728040.0,100.0,87184437182.0
2018-06-01,Z305BJ1W,ST4000DM000,4000787030016,0,113,51594184,92,0,100,14,100,0,90,975385554,77,20480,100,0,100,14,100.0,0.0,100.0,0.0,100.0,0.0,100.0,0.0,100.0,0.0,81.0,19.0,100.0,0.0,100.0,0.0,98.0,4193.0,19,19,100,0,100,0,200,0,100.0,20427.0,100.0,39363616736.0,100.0,87346486111.0
2018-06-02,Z305BJ1W,ST4000DM000,4000787030016,0,114,73820400,92,0,100,14,100,0,90,977150965,77,20504,100,0,100,14,100.0,0.0,100.0,0.0,100.0,0.0,100.0,0.0,100.0,0.0,82.0,18.0,100.0,0.0,100.0,0.0,98.0,4193.0,18,18,100,0,100,0,200,0,100.0,20451.0,100.0,39385504288.0,100.0,87540259597.0
2018-06-03,Z305BJ1W,ST4000DM000,4000787030016,0,116,116850784,92,0,100,14,100,0,90,979144709,77,20528,100,0,100,14,100.0,0.0,100.0,0.0,100.0,0.0,100.0,0.0,100.0,0.0,82.0,18.0,100.0,0.0,100.0,0.0,98.0,4193.0,18,18,100,0,100,0,200,0,100.0,20475.0,100.0,39403034736.0,100.0,87730101153.0
2018-06-04,Z305BJ1W,ST4000DM000,4000787030016,0,111,39566576,92,0,100,14,100,0,90,981008807,77,20552,100,0,100,14,100.0,0.0,100.0,0.0,100.0,0.0,100.0,0.0,100.0,0.0,82.0,18.0,100.0,0.0,100.0,0.0,98.0,4193.0,18,18,100,0,100,0,200,0,100.0,20499.0,100.0,39422823952.0,100.0,87905097688.0
2018-06-05,Z305BJ1W,ST4000DM000,4000787030016,0,119,214834528,92,0,100,14,100,0,90,983172097,77,20576,100,0,100,14,100.0,0.0,100.0,0.0,100.0,0.0,100.0,0.0,100.0,0.0,81.0,19.0,100.0,0.0,100.0,0.0,98.0,4193.0,19,19,100,0,100,0,200,0,100.0,20523.0,100.0,39441717896.0,100.0,88090642236.0
2018-06-06,Z305BJ1W,ST4000DM000,4000787030016,0,119,212851632,92,0,100,14,100,0,90,984608525,77,20600,100,0,100,14,100.0,0.0,100.0,0.0,100.0,0.0,100.0,0.0,100.0,0.0,82.0,18.0,100.0,0.0,100.0,0.0,98.0,4193.0,18,18,100,0,100,0,200,0,100.0,20547.0,100.0,39469360024.0,100.0,88254428333.0
2018-06-07,Z305BJ1W,ST4000DM000,4000787030016,0,119,224759264,92,0,100,14,100,0,90,985480733,77,20624,100,0,100,14,100.0,0.0,100.0,0.0,100.0,0.0,100.0,0.0,100.0,0.0,82.0,18.0,100.0,0.0,100.0,0.0,98.0,4193.0,18,18,100,0,100,0,200,0,100.0,20571.0,100.0,39488958136.0,100.0,88391732714.0
2018-06-08,Z305BJ1W,ST4000DM000,4000787030016,0,119,209461688,92,0,100,14,100,0,90,986301419,77,20648,100,0,100,14,100.0,0.0,100.0,0.0,100.0,0.0,100.0,0.0,100.0,0.0,82.0,18.0,100.0,0.0,100.0,0.0,98.0,4193.0,18,18,100,0,100,0,200,0,100.0,20595.0,100.0,39502981936.0,100.0,88520622137.0
2018-06-09,Z305BJ1W,ST4000DM000,4000787030016,0,117,132136144,92,0,100,14,100,0,90,988074549,77,20672,100,0,100,14,100.0,0.0,100.0,0.0,100.0,0.0,100.0,0.0,100.0,0.0,82.0,18.0,100.0,0.0,100.0,0.0,98.0,4193.0,18,18,100,0,100,0,200,0,100.0,20619.0,100.0,39520373880.0,100.0,88691401916.0
2018-06-10,Z305BJ1W,ST4000DM000,4000787030016,0,119,228029336,92,0,100,14,100,0,90,989383964,77,20696,100,0,100,14,100.0,0.0,100.0,0.0,100.0,0.0,100.0,0.0,100.0,0.0,82.0,18.0,100.0,0.0,100.0,0.0,98.0,4193.0,18,18,100,0,100,0,200,0,100.0,20643.0,100.0,39554750656.0,100.0,88851705778.0
2018-06-11,Z305BJ1W,ST4000DM000,4000787030016,0,117,135172056,92,0,100,14,100,0,90,990926713,77,20720,100,0,100,14,100.0,0.0,100.0,0.0,100.0,0.0,100.0,0.0,100.0,0.0,82.0,18.0,100.0,0.0,100.0,0.0,98.0,4193.0,18,18,100,0,100,0,200,0,100.0,20667.0,100.0,39570170256.0,100.0,88967886351.0
2018-06-12,Z305BJ1W,ST4000DM000,4000787030016,0,120,236138704,92,0,100,14,100,0,90,991994169,77,20744,100,0,100,14,100.0,0.0,100.0,0.0,100.0,0.0,100.0,0.0,100.0,0.0,82.0,18.0,100.0,0.0,100.0,0.0,98.0,4193.0,18,18,100,0,100,0,200,0,100.0,20691.0,100.0,39581279504.0,100.0,89110600095.0
2018-06-13,Z305BJ1W,ST4000DM000,4000787030016,0,108,20213584,92,0,100,14,100,0,90,992872736,77,20768,100,0,100,14,100.0,0.0,100.0,0.0,100.0,0.0,100.0,0.0,100.0,0.0,82.0,18.0,100.0,0.0,100.0,0.0,98.0,4193.0,18,18,100,0,100,0,200,0,100.0,20715.0,100.0,39593006256.0,100.0,89235847963.0
2018-06-14,Z305BJ1W,ST4000DM000,4000787030016,0,112,47410112,92,0,100,14,100,0,90,994066461,77,20792,100,0,100,14,100.0,0.0,100.0,0.0,100.0,0.0,100.0,0.0,100.0,0.0,81.0,19.0,100.0,0.0,100.0,0.0,98.0,4193.0,19,19,100,0,100,0,200,0,100.0,20739.0,100.0,39607543216.0,100.0,89400892141.0
2018-06-15,Z305BJ1W,ST4000DM000,4000787030016,0,118.0,180992160.0,92.0,0.0,100.0,14.0,100.0,0.0,90.0,994744677.0,77.0,20815.0,100.0,0.0,100.0,14.0,100.0,0.0,100.0,0.0,100.0,0.0,100.0,0.0,100.0,0.0,81.0,19.0,100.0,0.0,100.0,0.0,98.0,4196.0,19.0,19.0,100.0,0.0,100.0,0.0,200.0,0.0,100.0,20762.0,100.0,39621137832.0,100.0,89484462472.0
2018-06-16,Z305BJ1W,ST4000DM000,4000787030016,0,115.0,96504472.0,92.0,0.0,100.0,14.0,100.0,0.0,90.0,996293802.0,77.0,20839.0,100.0,0.0,100.0,14.0,100.0,0.0,100.0,0.0,100.0,0.0,100.0,0.0,100.0,0.0,81.0,19.0,100.0,0.0,100.0,0.0,98.0,4196.0,19.0,19.0,100.0,0.0,100.0,0.0,200.0,0.0,100.0,20786.0,100.0,39643218040.0,100.0,89601046200.0
2018-06-17,Z305BJ1W,ST4000DM000,4000787030016,0,119.0,228839224.0,92.0,0.0,100.0,14.0,100.0,0.0,90.0,997750738.0,77.0,20863.0,100.0,0.0,100.0,14.0,100.0,0.0,100.0,0.0,100.0,0.0,100.0,0.0,100.0,0.0,82.0,18.0,100.0,0.0,100.0,0.0,98.0,4196.0,18.0,18.0,100.0,0.0,100.0,0.0,200.0,0.0,100.0,20810.0,100.0,39660644312.0,100.0,89832009619.0
2018-06-18,Z305BJ1W,ST4000DM000,4000787030016,0,111.0,31563728.0,92.0,0.0,100.0,14.0,100.0,0.0,90.0,999477538.0,77.0,20887.0,100.0,0.0,100.0,14.0,100.0,0.0,100.0,0.0,100.0,0.0,100.0,0.0,100.0,0.0,82.0,18.0,100.0,0.0,100.0,0.0,98.0,4196.0,18.0,18.0,100.0,0.0,100.0,0.0,200.0,0.0,100.0,20834.0,100.0,39680761032.0,100.0,89970182750.0
2018-06-19,Z305BJ1W,ST4000DM000,4000787030016,0,119,211343176,92,0,100,14,100,0,62,1633551,77,20911,100,0,100,14,100.0,0.0,100.0,0.0,100.0,0.0,100.0,0.0,100.0,0.0,82.0,18.0,100.0,0.0,100.0,0.0,98.0,4196.0,18,18,100,0,100,0,200,0,100.0,20858.0,100.0,39699422056.0,100.0,90119922608.0
2018-06-20,Z305BJ1W,ST4000DM000,4000787030016,0,117,163247240,92,0,100,14,100,0,64,3009589,77,20935,100,0,100,14,100.0,0.0,100.0,0.0,100.0,0.0,100.0,0.0,100.0,0.0,82.0,18.0,100.0,0.0,100.0,0.0,98.0,4196.0,18,18,100,0,100,0,200,0,100.0,20882.0,100.0,39710971104.0,100.0,90313763692.0
2018-06-21,Z305BJ1W,ST4000DM000,4000787030016,0,119,206909216,92,0,100,14,100,0,66,3888391,77,20959,100,0,100,14,100.0,0.0,100.0,0.0,100.0,0.0,100.0,0.0,100.0,0.0,82.0,18.0,100.0,0.0,100.0,0.0,98.0,4196.0,18,18,100,0,100,0,200,0,100.0,20906.0,100.0,39721356488.0,100.0,90422583219.0
2018-06-22,Z305BJ1W,ST4000DM000,4000787030016,0,118,178539600,92,0,100,14,100,0,66,4298464,77,20983,100,0,100,14,100.0,0.0,100.0,0.0,100.0,0.0,100.0,0.0,100.0,0.0,82.0,18.0,100.0,0.0,100.0,0.0,98.0,4196.0,18,18,100,0,100,0,200,0,100.0,20930.0,100.0,39731621624.0,100.0,90460390483.0
2018-06-23,Z305BJ1W,ST4000DM000,4000787030016,0,117,148029208,92,0,100,14,100,0,67,5590602,77,21007,100,0,100,14,100.0,0.0,100.0,0.0,100.0,0.0,100.0,0.0,100.0,0.0,82.0,18.0,100.0,0.0,100.0,0.0,98.0,4196.0,18,18,100,0,100,0,200,0,100.0,20954.0,100.0,39746853696.0,100.0,90539367075.0
2018-06-24,Z305BJ1W,ST4000DM000,4000787030016,0,118,172443248,92,0,100,14,100,0,68,6547624,76,21031,100,0,100,14,100.0,0.0,100.0,0.0,100.0,0.0,100.0,0.0,100.0,0.0,82.0,18.0,100.0,0.0,100.0,0.0,98.0,4196.0,18,18,100,0,100,0,200,0,100.0,20978.0,100.0,39759615288.0,100.0,90675212335.0
2018-06-25,Z305BJ1W,ST4000DM000,4000787030016,0,119,211041256,92,0,100,14,100,0,69,7624544,76,21054,100,0,100,14,100.0,0.0,100.0,0.0,100.0,0.0,100.0,0.0,100.0,0.0,82.0,18.0,100.0,0.0,100.0,0.0,98.0,4196.0,18,18,100,0,100,0,200,0,100.0,21001.0,100.0,39777982288.0,100.0,90716784306.0
2018-06-26,Z305BJ1W,ST4000DM000,4000787030016,0,117,153499752,92,0,100,14,100,0,69,8092501,76,21079,100,0,100,14,100.0,0.0,100.0,0.0,100.0,0.0,100.0,0.0,100.0,0.0,82.0,18.0,100.0,0.0,100.0,0.0,98.0,4196.0,18,18,100,0,100,0,200,0,100.0,21026.0,100.0,39797748464.0,100.0,90752435014.0
2018-06-27,Z305BJ1W,ST4000DM000,4000787030016,0,108,17286456,92,0,100,14,100,0,69,8825461,76,21103,100,0,100,14,100.0,0.0,100.0,0.0,100.0,0.0,100.0,0.0,100.0,0.0,82.0,18.0,100.0,0.0,100.0,0.0,98.0,4196.0,18,18,100,0,100,0,200,0,100.0,21050.0,100.0,39819575560.0,100.0,90837696869.0
2018-06-28,Z305BJ1W,ST4000DM000,4000787030016,0,118,198528832,92,0,100,14,100,0,69,9680908,76,21126,100,0,100,14,100.0,0.0,100.0,0.0,100.0,0.0,100.0,0.0,100.0,0.0,82.0,18.0,100.0,0.0,100.0,0.0,98.0,4196.0,18,18,100,0,100,0,200,0,100.0,21074.0,100.0,39833031728.0,100.0,90938125702.0
2018-06-29,Z305BJ1W,ST4000DM000,4000787030016,0,117,153898312,92,0,100,14,100,0,70,10868307,76,21150,100,0,100,14,100.0,0.0,100.0,0.0,100.0,0.0,100.0,0.0,100.0,0.0,82.0,18.0,100.0,0.0,100.0,0.0,98.0,4196.0,18,18,100,0,100,0,200,0,100.0,21098.0,100.0,39850155128.0,100.0,91062215970.0
2018-06-30,Z305BJ1W,ST4000DM000,4000787030016,0,116,106240640,92,0,100,14,100,0,71,13174618,76,21178,100,0,100,14,100.0,0.0,100.0,0.0,100.0,0.0,100.0,0.0,100.0,0.0,82.0,18.0,100.0,0.0,100.0,0.0,98.0,4199.0,18,18,100,0,100,0,200,0,100.0,21125.0,100.0,39882991008.0,100.0,91251898883.0
2018-07-01,Z305BJ1W,ST4000DM000,4000787030016,0,117,148514368,92,0,100,14,100,0,72,14881975,76,21202,100,0,100,14,100.0,0.0,100.0,0.0,100.0,0.0,100.0,0.0,100.0,0.0,82.0,18.0,100.0,0.0,100.0,0.0,98.0,4199.0,18,18,100,0,100,0,200,0,100.0,21149.0,100.0,39897732608.0,100.0,91407451013.0
2018-07-02,Z305BJ1W,ST4000DM000,4000787030016,0,120,229192,92,0,100,14,100,0,72,16510048,76,21226,100,0,100,14,100.0,0.0,100.0,0.0,100.0,0.0,100.0,0.0,100.0,0.0,81.0,19.0,100.0,0.0,100.0,0.0,98.0,4199.0,19,19,100,0,100,0,200,0,100.0,21173.0,100.0,39930506096.0,100.0,91527979807.0
2018-07-03,Z305BJ1W,ST4000DM000,4000787030016,0,114,83635056,92,0,100,14,100,0,72,17197657,76,21250,100,0,100,14,100.0,0.0,100.0,0.0,100.0,0.0,100.0,0.0,100.0,0.0,81.0,19.0,100.0,0.0,100.0,0.0,98.0,4199.0,19,19,100,0,100,0,200,0,100.0,21197.0,100.0,39946493304.0,100.0,91604616401.0
2018-07-04,Z305BJ1W,ST4000DM000,4000787030016,0,117,151667880,92,0,100,14,100,0,72,18034340,76,21274,100,0,100,14,100.0,0.0,100.0,0.0,100.0,0.0,100.0,0.0,100.0,0.0,82.0,18.0,100.0,0.0,100.0,0.0,98.0,4199.0,18,18,100,0,100,0,200,0,100.0,21221.0,100.0,39955737888.0,100.0,91704769676.0
2018-07-05,Z305BJ1W,ST4000DM000,4000787030016,0,117,128329872,92,0,100,14,100,0,72,18928166,76,21298,100,0,100,14,100.0,0.0,100.0,0.0,100.0,0.0,100.0,0.0,100.0,0.0,82.0,18.0,100.0,0.0,100.0,0.0,98.0,4199.0,18,18,100,0,100,0,200,0,100.0,21245.0,100.0,39982735408.0,100.0,91794916851.0
2018-07-06,Z305BJ1W,ST4000DM000,4000787030016,0,119,205415368,92,0,100,14,100,0,72,20009553,76,21322,100,0,100,14,100.0,0.0,100.0,0.0,100.0,0.0,100.0,0.0,100.0,0.0,82.0,18.0,100.0,0.0,100.0,0.0,98.0,4199.0,18,18,100,0,100,0,200,0,100.0,21269.0,100.0,40001339600.0,100.0,91883501396.0
2018-07-07,Z305BJ1W,ST4000DM000,4000787030016,0,116,101413640,92,0,100,14,100,0,73,21146325,76,21346,100,0,100,14,100.0,0.0,100.0,0.0,100.0,0.0,100.0,0.0,100.0,0.0,82.0,18.0,100.0,0.0,100.0,0.0,98.0,4199.0,18,18,100,0,100,0,200,0,100.0,21293.0,100.0,40017808880.0,100.0,91937260761.0
2018-07-08,Z305BJ1W,ST4000DM000,4000787030016,0,115,98149896,92,0,100,14,100,0,73,22259904,76,21371,100,0,100,14,100.0,0.0,100.0,0.0,100.0,0.0,100.0,0.0,100.0,0.0,81.0,19.0,100.0,0.0,100.0,0.0,98.0,4199.0,19,19,100,0,100,0,200,0,100.0,21318.0,100.0,40075450176.0,100.0,92012726975.0
2018-07-09,Z305BJ1W,ST4000DM000,4000787030016,0,119,207315992,92,0,100,14,100,0,73,23301443,76,21395,100,0,100,14,100.0,0.0,100.0,0.0,100.0,0.0,100.0,0.0,100.0,0.0,81.0,19.0,100.0,0.0,100.0,0.0,98.0,4199.0,19,19,100,0,100,0,200,0,100.0,21342.0,100.0,40096352480.0,100.0,92045005958.0
2018-07-10,Z305BJ1W,ST4000DM000,4000787030016,0,119.0,234171896.0,92.0,0.0,100.0,14.0,100.0,0.0,73.0,24235496.0,76.0,21419.0,100.0,0.0,100.0,14.0,100.0,0.0,100.0,0.0,100.0,0.0,100.0,0.0,100.0,0.0,82.0,18.0,100.0,0.0,100.0,0.0,98.0,4199.0,18.0,18.0,100.0,0.0,100.0,0.0,200.0,0.0,100.0,21366.0,100.0,40124588496.0,100.0,92113039690.0
2018-07-11,Z305BJ1W,ST4000DM000,4000787030016,0,120,235875712,92,0,100,14,100,0,74,25243294,76,21442,100,0,100,14,100.0,0.0,100.0,0.0,100.0,0.0,100.0,0.0,100.0,0.0,82.0,18.0,100.0,0.0,100.0,0.0,98.0,4199.0,18,18,100,0,100,0,200,0,100.0,21389.0,100.0,40140861368.0,100.0,92232468348.0
2018-07-12,Z305BJ1W,ST4000DM000,4000787030016,0,119,210800272,92,0,100,14,100,0,74,27464767,76,21466,100,0,100,14,100.0,0.0,100.0,0.0,100.0,0.0,100.0,0.0,100.0,0.0,82.0,18.0,100.0,0.0,100.0,0.0,98.0,4199.0,18,18,100,0,100,0,200,0,100.0,21413.0,100.0,40158330176.0,100.0,92370161745.0
2018-07-13,Z305BJ1W,ST4000DM000,4000787030016,0,114,62846712,92,0,100,14,100,0,74,28270794,76,21488,100,0,100,14,100.0,0.0,100.0,0.0,100.0,0.0,100.0,0.0,100.0,0.0,82.0,18.0,100.0,0.0,100.0,0.0,98.0,4202.0,18,18,100,0,100,0,200,0,100.0,21435.0,100.0,40170228760.0,100.0,92505352544.0
2018-07-14,Z305BJ1W,ST4000DM000,4000787030016,0,113,56630144,92,0,100,14,100,0,75,29984996,76,21512,100,0,100,14,100.0,0.0,100.0,0.0,100.0,0.0,100.0,0.0,100.0,0.0,82.0,18.0,100.0,0.0,100.0,0.0,98.0,4202.0,18,18,100,0,100,0,200,0,100.0,21459.0,100.0,40183225824.0,100.0,92626425362.0
2018-07-15,Z305BJ1W,ST4000DM000,4000787030016,0,118,181452144,92,0,100,14,100,0,75,31350253,76,21536,100,0,100,14,100.0,0.0,100.0,0.0,100.0,0.0,100.0,0.0,100.0,0.0,82.0,18.0,100.0,0.0,100.0,0.0,98.0,4202.0,18,18,100,0,100,0,200,0,100.0,21483.0,100.0,40195019864.0,100.0,92753323747.0
2018-07-16,Z305BJ1W,ST4000DM000,4000787030016,0,107,13695664,92,0,100,14,100,0,75,33338910,76,21560,100,0,100,14,100.0,0.0,100.0,0.0,100.0,0.0,100.0,0.0,100.0,0.0,81.0,19.0,100.0,0.0,100.0,0.0,98.0,4202.0,19,19,100,0,100,0,200,0,100.0,21507.0,100.0,40215331832.0,100.0,92845910108.0
2018-07-17,Z305BJ1W,ST4000DM000,4000787030016,0,118,173589072,92,0,100,14,100,0,75,33964098,76,21584,100,0,100,14,100.0,0.0,100.0,0.0,100.0,0.0,100.0,0.0,100.0,0.0,82.0,18.0,100.0,0.0,100.0,0.0,98.0,4202.0,18,18,100,0,100,0,200,0,100.0,21530.0,100.0,40234046480.0,100.0,92946724252.0
2018-07-18,Z305BJ1W,ST4000DM000,4000787030016,0,115,100375856,92,0,100,14,100,0,75,34700906,76,21608,100,0,100,14,100.0,0.0,100.0,0.0,100.0,0.0,100.0,0.0,100.0,0.0,81.0,19.0,100.0,0.0,100.0,0.0,98.0,4202.0,19,19,100,0,100,0,200,0,100.0,21555.0,100.0,40248487552.0,100.0,93072520984.0
2018-07-19,Z305BJ1W,ST4000DM000,4000787030016,0,118,174891264,92,0,100,14,100,0,75,35435789,76,21632,100,0,100,14,100.0,0.0,100.0,0.0,100.0,0.0,100.0,0.0,100.0,0.0,82.0,18.0,100.0,0.0,100.0,0.0,98.0,4202.0,18,18,100,0,100,0,200,0,100.0,21579.0,100.0,40259167648.0,100.0,93196496636.0
2018-07-20,Z305BJ1W,ST4000DM000,4000787030016,0,117,155723848,92,0,100,14,100,0,75,36073020,76,21656,100,0,100,14,100.0,0.0,100.0,0.0,100.0,0.0,100.0,0.0,100.0,0.0,82.0,18.0,100.0,0.0,100.0,0.0,98.0,4202.0,18,18,100,0,100,0,200,0,100.0,21603.0,100.0,40279741824.0,100.0,93367073598.0
2018-07-21,Z305BJ1W,ST4000DM000,4000787030016,0,111,38575568,92,0,100,14,100,0,75,37459280,76,21680,100,0,100,14,100.0,0.0,100.0,0.0,100.0,0.0,100.0,0.0,100.0,0.0,82.0,18.0,100.0,0.0,100.0,0.0,98.0,4202.0,18,18,100,0,100,0,200,0,100.0,21627.0,100.0,40303026760.0,100.0,93564106623.0
2018-07-22,Z305BJ1W,ST4000DM000,4000787030016,0,117,141020248,92,0,100,14,100,0,75,38003599,76,21704,100,0,100,14,100.0,0.0,100.0,0.0,100.0,0.0,100.0,0.0,100.0,0.0,82.0,18.0,100.0,0.0,100.0,0.0,98.0,4202.0,18,18,100,0,100,0,200,0,100.0,21651.0,100.0,40314515240.0,100.0,93725926865.0
2018-07-23,Z305BJ1W,ST4000DM000,4000787030016,0,109,23738544,92,0,100,14,100,0,75,39513379,76,21728,100,0,100,14,100.0,0.0,100.0,0.0,100.0,0.0,100.0,0.0,100.0,0.0,82.0,18.0,100.0,0.0,100.0,0.0,98.0,4202.0,18,18,100,0,100,0,200,0,100.0,21675.0,100.0,40341158184.0,100.0,93895392231.0
2018-07-24,Z305BJ1W,ST4000DM000,4000787030016,0,118,201037696,92,0,100,14,100,0,75,40933479,76,21752,100,0,100,14,100.0,0.0,100.0,0.0,100.0,0.0,100.0,0.0,100.0,0.0,82.0,18.0,100.0,0.0,100.0,0.0,98.0,4202.0,18,18,100,0,100,0,200,0,100.0,21699.0,100.0,40353513304.0,100.0,94061636298.0
2018-07-25,Z305BJ1W,ST4000DM000,4000787030016,0,120.0,241140576.0,92.0,0.0,100.0,14.0,100.0,0.0,75.0,41500447.0,76.0,21776.0,100.0,0.0,100.0,14.0,100.0,0.0,100.0,0.0,100.0,0.0,100.0,0.0,100.0,0.0,82.0,18.0,100.0,0.0,100.0,0.0,98.0,4202.0,18.0,18.0,100.0,0.0,100.0,0.0,200.0,0.0,100.0,21723.0,100.0,40372710576.0,100.0,94217843663.0
2018-07-26,Z305BJ1W,ST4000DM000,4000787030016,0,114,80567648,92,0,100,14,100,0,76,42071296,76,21800,100,0,100,14,100.0,0.0,100.0,0.0,100.0,0.0,100.0,0.0,100.0,0.0,82.0,18.0,100.0,0.0,100.0,0.0,98.0,4202.0,18,18,100,0,100,0,200,0,100.0,21747.0,100.0,40386754208.0,100.0,94390253063.0
2018-07-27,Z305BJ1W,ST4000DM000,4000787030016,0,109,24379480,92,0,100,14,100,0,76,42643813,76,21824,100,0,100,14,100.0,0.0,100.0,0.0,100.0,0.0,100.0,0.0,100.0,0.0,82.0,18.0,100.0,0.0,100.0,0.0,98.0,4202.0,18,18,100,0,100,0,200,0,100.0,21771.0,100.0,40404811896.0,100.0,94561634077.0
2018-07-28,Z305BJ1W,ST4000DM000,4000787030016,0,108,18325608,92,0,100,14,100,0,76,44448118,76,21854,100,0,100,14,100.0,0.0,100.0,0.0,100.0,0.0,100.0,0.0,100.0,0.0,82.0,18.0,100.0,0.0,100.0,0.0,98.0,4204.0,18,18,100,0,100,0,200,0,100.0,21801.0,100.0,40421453440.0,100.0,94757997362.0
2018-07-29,Z305BJ1W,ST4000DM000,4000787030016,0,120,621272,92,0,100,14,100,0,76,45346440,76,21878,100,0,100,14,100.0,0.0,100.0,0.0,100.0,0.0,100.0,0.0,100.0,0.0,82.0,18.0,100.0,0.0,100.0,0.0,98.0,4204.0,18,18,100,0,100,0,200,0,100.0,21824.0,100.0,40432904952.0,100.0,94913608436.0
2018-07-30,Z305BJ1W,ST4000DM000,4000787030016,0,119,219375384,92,0,100,14,100,0,76,46879322,75,21902,100,0,100,14,100.0,0.0,100.0,0.0,100.0,0.0,100.0,0.0,100.0,0.0,82.0,18.0,100.0,0.0,100.0,0.0,98.0,4204.0,18,18,100,0,100,0,200,0,100.0,21848.0,100.0,40450959368.0,100.0,95063681499.0
2018-07-31,Z305BJ1W,ST4000DM000,4000787030016,0,115,95968328,92,0,100,14,100,0,76,47936804,75,21926,100,0,100,14,100.0,0.0,100.0,0.0,100.0,0.0,100.0,0.0,100.0,0.0,82.0,18.0,100.0,0.0,100.0,0.0,98.0,4204.0,18,18,100,0,100,0,200,0,100.0,21872.0,100.0,40465622784.0,100.0,95241762034.0
2018-08-01,Z305BJ1W,ST4000DM000,4000787030016,0,111,34080072,92,0,100,14,100,0,76,49905888,75,21950,100,0,100,14,100.0,0.0,100.0,0.0,100.0,0.0,100.0,0.0,100.0,0.0,81.0,19.0,100.0,0.0,100.0,0.0,98.0,4204.0,19,19,100,0,100,0,200,0,100.0,21897.0,100.0,40475236032.0,100.0,95441378942.0
2018-08-02,Z305BJ1W,ST4000DM000,4000787030016,0,117,140745744,92,0,100,14,100,0,77,51062176,75,21974,100,0,100,14,100.0,0.0,100.0,0.0,100.0,0.0,100.0,0.0,100.0,0.0,82.0,18.0,100.0,0.0,100.0,0.0,98.0,4204.0,18,18,100,0,100,0,200,0,100.0,21921.0,100.0,40483478000.0,100.0,95624548941.0
2018-08-03,Z305BJ1W,ST4000DM000,4000787030016,0,118,190620688,92,0,100,14,100,0,77,52953931,75,21998,100,0,100,14,100.0,0.0,100.0,0.0,100.0,0.0,100.0,0.0,100.0,0.0,82.0,18.0,100.0,0.0,100.0,0.0,98.0,4204.0,18,18,100,0,100,0,200,0,100.0,21944.0,100.0,40495298552.0,100.0,95813070807.0
2018-08-04,Z305BJ1W,ST4000DM000,4000787030016,0,115,96766304,92,0,100,14,100,0,77,54898085,75,22022,100,0,100,14,100.0,0.0,100.0,0.0,100.0,0.0,100.0,0.0,100.0,0.0,82.0,18.0,100.0,0.0,100.0,0.0,98.0,4204.0,18,18,100,0,100,0,200,0,100.0,21969.0,100.0,40507329904.0,100.0,95976791988.0
2018-08-05,Z305BJ1W,ST4000DM000,4000787030016,0,108,18578496,92,0,100,14,100,0,77,55724679,75,22046,100,0,100,14,100.0,0.0,100.0,0.0,100.0,0.0,100.0,0.0,100.0,0.0,82.0,18.0,100.0,0.0,100.0,0.0,98.0,4204.0,18,18,100,0,100,0,200,0,100.0,21993.0,100.0,40528361024.0,100.0,96096327805.0
2018-08-06,Z305BJ1W,ST4000DM000,4000787030016,0,117,117779160,92,0,100,14,100,0,77,57728001,75,22070,100,0,100,14,100.0,0.0,100.0,0.0,100.0,0.0,100.0,0.0,100.0,0.0,82.0,18.0,100.0,0.0,100.0,0.0,98.0,4204.0,18,18,100,0,100,0,200,0,100.0,22017.0,100.0,40607330800.0,100.0,96214360818.0
2018-08-07,Z305BJ1W,ST4000DM000,4000787030016,0,112,46322944,92,0,100,14,100,0,78,58784844,75,22094,100,0,100,14,100.0,0.0,100.0,0.0,100.0,0.0,100.0,0.0,100.0,0.0,82.0,18.0,100.0,0.0,100.0,0.0,98.0,4204.0,18,18,100,0,100,0,200,0,100.0,22040.0,100.0,40620933288.0,100.0,96370776381.0
2018-08-08,Z305BJ1W,ST4000DM000,4000787030016,0,116,114903184,92,0,100,14,100,0,78,59687410,75,22118,100,0,100,14,100.0,0.0,100.0,0.0,100.0,0.0,100.0,0.0,100.0,0.0,82.0,18.0,100.0,0.0,100.0,0.0,98.0,4204.0,18,18,100,0,100,0,200,0,100.0,22064.0,100.0,40632704704.0,100.0,96499338232.0
2018-08-09,Z305BJ1W,ST4000DM000,4000787030016,0,119,201514408,92,0,100,14,100,0,78,60689503,75,22142,100,0,100,14,100.0,0.0,100.0,0.0,100.0,0.0,100.0,0.0,100.0,0.0,82.0,18.0,100.0,0.0,100.0,0.0,98.0,4204.0,18,18,100,0,100,0,200,0,100.0,22089.0,100.0,40645064040.0,100.0,96636765092.0
2018-08-10,Z305BJ1W,ST4000DM000,4000787030016,0,117,154717648,92,0,100,14,100,0,78,61443628,75,22160,100,0,100,14,100.0,0.0,100.0,0.0,100.0,0.0,100.0,0.0,100.0,0.0,81.0,19.0,100.0,0.0,100.0,0.0,98.0,4207.0,19,19,100,0,100,0,200,0,100.0,22106.0,100.0,40651694240.0,100.0,96740878235.0
2018-08-11,Z305BJ1W,ST4000DM000,4000787030016,0,115,92658192,92,0,100,14,100,0,78,63383316,75,22184,100,0,100,14,100.0,0.0,100.0,0.0,100.0,0.0,100.0,0.0,100.0,0.0,82.0,18.0,100.0,0.0,100.0,0.0,98.0,4207.0,18,18,100,0,100,0,200,0,100.0,22130.0,100.0,40665939688.0,100.0,96950544546.0
2018-08-12,Z305BJ1W,ST4000DM000,4000787030016,0,118,201163960,92,0,100,14,100,0,78,64388548,75,22208,100,0,100,14,100.0,0.0,100.0,0.0,100.0,0.0,100.0,0.0,100.0,0.0,82.0,18.0,100.0,0.0,100.0,0.0,98.0,4207.0,18,18,100,0,100,0,200,0,100.0,22154.0,100.0,40680390968.0,100.0,97093384858.0
2018-08-13,Z305BJ1W,ST4000DM000,4000787030016,0,112,43289184,92,0,100,14,100,0,78,66031056,75,22232,100,0,100,14,100.0,0.0,100.0,0.0,100.0,0.0,100.0,0.0,100.0,0.0,82.0,18.0,100.0,0.0,100.0,0.0,98.0,4207.0,18,18,100,0,100,0,200,0,100.0,22179.0,100.0,40698320536.0,100.0,97206193774.0
2018-08-14,Z305BJ1W,ST4000DM000,4000787030016,0,102.0,4999264.0,92.0,0.0,100.0,14.0,100.0,0.0,78.0,67410086.0,75.0,22256.0,100.0,0.0,100.0,14.0,100.0,0.0,100.0,0.0,100.0,0.0,100.0,0.0,100.0,0.0,82.0,18.0,100.0,0.0,100.0,0.0,98.0,4207.0,18.0,18.0,100.0,0.0,100.0,0.0,200.0,0.0,100.0,22202.0,100.0,40729603480.0,100.0,97391779641.0
2018-08-15,Z305BJ1W,ST4000DM000,4000787030016,0,116.0,104395600.0,92.0,0.0,100.0,14.0,100.0,0.0,78.0,69624125.0,75.0,22280.0,100.0,0.0,100.0,14.0,100.0,0.0,100.0,0.0,100.0,0.0,100.0,0.0,100.0,0.0,81.0,19.0,100.0,0.0,100.0,0.0,98.0,4207.0,19.0,19.0,100.0,0.0,100.0,0.0,200.0,0.0,100.0,22226.0,100.0,40744186648.0,100.0,97567279201.0
2018-08-16,Z305BJ1W,ST4000DM000,4000787030016,0,118,191161376,92,0,100,14,100,0,78,70679630,75,22310,100,0,100,14,100.0,0.0,100.0,0.0,100.0,0.0,100.0,0.0,100.0,0.0,81.0,19.0,100.0,0.0,100.0,0.0,98.0,4209.0,19,19,100,0,100,0,200,0,100.0,22256.0,100.0,40762373264.0,100.0,97724673490.0
2018-08-17,Z305BJ1W,ST4000DM000,4000787030016,0,118,180177176,92,0,100,14,100,0,78,72448402,75,22334,100,0,100,14,100.0,0.0,100.0,0.0,100.0,0.0,100.0,0.0,100.0,0.0,81.0,19.0,100.0,0.0,100.0,0.0,98.0,4209.0,19,19,100,0,100,0,200,0,100.0,22280.0,100.0,40784542584.0,100.0,97905803737.0
2018-08-18,Z305BJ1W,ST4000DM000,4000787030016,0,118,187341056,92,0,100,14,100,0,78,73924227,75,22358,100,0,100,14,100.0,0.0,100.0,0.0,100.0,0.0,100.0,0.0,100.0,0.0,82.0,18.0,100.0,0.0,100.0,0.0,98.0,4209.0,18,18,100,0,100,0,200,0,100.0,22304.0,100.0,40807432968.0,100.0,98035638531.0
2018-08-19,Z305BJ1W,ST4000DM000,4000787030016,0,118,176881056,92,0,100,14,100,0,78,74328303,75,22382,100,0,100,14,100.0,0.0,100.0,0.0,100.0,0.0,100.0,0.0,100.0,0.0,81.0,19.0,100.0,0.0,100.0,0.0,98.0,4209.0,19,19,100,0,100,0,200,0,100.0,22329.0,100.0,40815037472.0,100.0,98078936836.0
2018-08-20,Z305BJ1W,ST4000DM000,4000787030016,0,120,243599616,92,0,100,14,100,0,78,75535574,75,22406,100,0,100,14,100.0,0.0,100.0,0.0,100.0,0.0,100.0,0.0,100.0,0.0,81.0,19.0,100.0,0.0,100.0,0.0,98.0,4209.0,19,19,100,0,100,0,200,0,100.0,22353.0,100.0,40834381224.0,100.0,98134248630.0
2018-08-21,Z305BJ1W,ST4000DM000,4000787030016,0,118,176522744,92,0,100,14,100,0,78,76424271,75,22430,100,0,100,14,100.0,0.0,100.0,0.0,100.0,0.0,100.0,0.0,100.0,0.0,81.0,19.0,100.0,0.0,100.0,0.0,98.0,4209.0,19,19,100,0,100,0,200,0,100.0,22377.0,100.0,40843895392.0,100.0,98258257338.0
2018-08-22,Z305BJ1W,ST4000DM000,4000787030016,0,111,39338136,92,0,100,14,100,0,78,77018601,75,22454,100,0,100,14,100.0,0.0,100.0,0.0,100.0,0.0,100.0,0.0,100.0,0.0,81.0,19.0,100.0,0.0,100.0,0.0,98.0,4209.0,19,19,100,0,100,0,200,0,100.0,22400.0,100.0,40862179216.0,100.0,98317827807.0
2018-08-23,Z305BJ1W,ST4000DM000,4000787030016,0,114,74340792,92,0,100,14,100,0,78,77536293,75,22478,100,0,100,14,100.0,0.0,100.0,0.0,100.0,0.0,100.0,0.0,100.0,0.0,81.0,19.0,100.0,0.0,100.0,0.0,98.0,4209.0,19,19,100,0,100,0,200,0,100.0,22424.0,100.0,40881532368.0,100.0,98354904899.0
2018-08-24,Z305BJ1W,ST4000DM000,4000787030016,0,115,91068936,92,0,100,14,100,0,78,79002485,75,22502,100,0,100,14,100.0,0.0,100.0,0.0,100.0,0.0,100.0,0.0,100.0,0.0,81.0,19.0,100.0,0.0,100.0,0.0,98.0,4209.0,19,19,100,0,100,0,200,0,100.0,22449.0,100.0,40901554968.0,100.0,98460301504.0
2018-08-25,Z305BJ1W,ST4000DM000,4000787030016,0,107,13395440,92,0,100,14,100,0,78,79991400,75,22526,100,0,100,14,100.0,0.0,100.0,0.0,100.0,0.0,100.0,0.0,100.0,0.0,81.0,19.0,100.0,0.0,100.0,0.0,98.0,4209.0,19,19,100,0,100,0,200,0,100.0,22473.0,100.0,40917155320.0,100.0,98560667463.0
2018-08-26,Z305BJ1W,ST4000DM000,4000787030016,0,113,55523792,92,0,100,14,100,0,78,81233573,75,22550,100,0,100,14,100.0,0.0,100.0,0.0,100.0,0.0,100.0,0.0,100.0,0.0,82.0,18.0,100.0,0.0,100.0,0.0,98.0,4209.0,18,18,100,0,100,0,200,0,100.0,22496.0,100.0,40929567584.0,100.0,98696770061.0
2018-08-27,Z305BJ1W,ST4000DM000,4000787030016,0,117,146524896,92,0,100,14,100,0,78,83029197,75,22574,100,0,100,14,100.0,0.0,100.0,0.0,100.0,0.0,100.0,0.0,100.0,0.0,81.0,19.0,100.0,0.0,100.0,0.0,98.0,4209.0,19,19,100,0,100,0,200,0,100.0,22520.0,100.0,40946861136.0,100.0,98817202468.0
2018-08-28,Z305BJ1W,ST4000DM000,4000787030016,0,116,108479688,92,0,100,14,100,0,79,85235524,75,22598,100,0,100,14,100.0,0.0,100.0,0.0,100.0,0.0,100.0,0.0,100.0,0.0,81.0,19.0,100.0,0.0,100.0,0.0,98.0,4209.0,19,19,100,0,100,0,200,0,100.0,22544.0,100.0,40967619144.0,100.0,98966848824.0
2018-08-29,Z305BJ1W,ST4000DM000,4000787030016,0,119,223101472,92,0,100,14,100,0,79,86228282,75,22620,100,0,100,14,100.0,0.0,100.0,0.0,100.0,0.0,100.0,0.0,100.0,0.0,81.0,19.0,100.0,0.0,100.0,0.0,98.0,4210.0,19,19,100,0,100,0,200,0,100.0,22566.0,100.0,40982091792.0,100.0,99096680581.0
2018-08-30,Z305BJ1W,ST4000DM000,4000787030016,0,119,227367456,92,0,100,14,100,0,79,86956860,75,22644,100,0,100,14,100.0,0.0,100.0,0.0,100.0,0.0,100.0,0.0,100.0,0.0,81.0,19.0,100.0,0.0,100.0,0.0,98.0,4210.0,19,19,100,0,100,0,200,0,100.0,22590.0,100.0,40997842496.0,100.0,99197798615.0
2018-08-31,Z305BJ1W,ST4000DM000,4000787030016,0,105,9512760,92,0,100,14,100,0,79,88083844,75,22668,100,0,100,14,100.0,0.0,100.0,0.0,100.0,0.0,100.0,0.0,100.0,0.0,81.0,19.0,100.0,0.0,100.0,0.0,98.0,4210.0,19,19,100,0,100,0,200,0,100.0,22614.0,100.0,41019234440.0,100.0,99287533053.0
2018-09-01,Z305BJ1W,ST4000DM000,4000787030016,0,114,64819520,92,0,100,14,100,0,79,89480224,75,22692,100,0,100,14,100.0,0.0,100.0,0.0,100.0,0.0,100.0,0.0,100.0,0.0,81.0,19.0,100.0,0.0,100.0,0.0,98.0,4210.0,19,19,100,0,100,0,200,0,100.0,22638.0,100.0,41036933568.0,100.0,99401440260.0
2018-09-02,Z305BJ1W,ST4000DM000,4000787030016,0,115,97274864,92,0,100,14,100,0,79,90364931,75,22716,100,0,100,14,100.0,0.0,100.0,0.0,100.0,0.0,100.0,0.0,100.0,0.0,81.0,19.0,100.0,0.0,100.0,0.0,98.0,4210.0,19,19,100,0,100,0,200,0,100.0,22662.0,100.0,41060337944.0,100.0,99473686430.0
2018-09-03,Z305BJ1W,ST4000DM000,4000787030016,0,117,127226296,92,0,100,14,100,0,79,91726162,75,22740,100,0,100,14,100.0,0.0,100.0,0.0,100.0,0.0,100.0,0.0,100.0,0.0,81.0,19.0,100.0,0.0,100.0,0.0,98.0,4210.0,19,19,100,0,100,0,200,0,100.0,22686.0,100.0,41072962232.0,100.0,99548997988.0
2018-09-04,Z305BJ1W,ST4000DM000,4000787030016,0,111,40679216,92,0,100,14,100,0,79,92386722,75,22764,100,0,100,14,100.0,0.0,100.0,0.0,100.0,0.0,100.0,0.0,100.0,0.0,81.0,19.0,100.0,0.0,100.0,0.0,98.0,4210.0,19,19,100,0,100,0,200,0,100.0,22710.0,100.0,41087436664.0,100.0,99618817275.0
2018-09-05,Z305BJ1W,ST4000DM000,4000787030016,0,117,153548496,92,0,100,14,100,0,79,92735853,74,22788,100,0,100,14,100.0,0.0,100.0,0.0,100.0,0.0,100.0,0.0,100.0,0.0,81.0,19.0,100.0,0.0,100.0,0.0,98.0,4210.0,19,19,100,0,100,0,200,0,100.0,22734.0,100.0,41098261728.0,100.0,99642177569.0
2018-09-06,Z305BJ1W,ST4000DM000,4000787030016,0,119,203961016,92,0,100,14,100,0,79,93654871,74,22814,100,0,100,14,100.0,0.0,100.0,0.0,100.0,0.0,100.0,0.0,100.0,0.0,81.0,19.0,100.0,0.0,100.0,0.0,98.0,4211.0,19,19,100,0,100,0,200,0,100.0,22760.0,100.0,41116150336.0,100.0,99738067123.0
2018-09-07,Z305BJ1W,ST4000DM000,4000787030016,0,118,184651280,92,0,100,14,100,0,79,95080993,74,22838,100,0,100,14,100.0,0.0,100.0,0.0,100.0,0.0,100.0,0.0,100.0,0.0,81.0,19.0,100.0,0.0,100.0,0.0,98.0,4211.0,19,19,100,0,100,0,200,0,100.0,22784.0,100.0,41127362200.0,100.0,99874053019.0
2018-09-08,Z305BJ1W,ST4000DM000,4000787030016,0,105,7624080,92,0,100,14,100,0,79,96468615,74,22862,100,0,100,14,100.0,0.0,100.0,0.0,100.0,0.0,100.0,0.0,100.0,0.0,81.0,19.0,100.0,0.0,100.0,0.0,98.0,4211.0,19,19,100,0,100,0,200,0,100.0,22808.0,100.0,41142453504.0,100.0,100023583075.0
2018-09-09,Z305BJ1W,ST4000DM000,4000787030016,0,118,170718120,92,0,100,14,100,0,79,97315160,74,22886,100,0,100,14,100.0,0.0,100.0,0.0,100.0,0.0,100.0,0.0,100.0,0.0,81.0,19.0,100.0,0.0,100.0,0.0,98.0,4211.0,19,19,100,0,100,0,200,0,100.0,22832.0,100.0,41157683136.0,100.0,100091904313.0
2018-09-10,Z305BJ1W,ST4000DM000,4000787030016,0,111,35912272,92,0,100,14,100,0,79,99144148,74,22910,100,0,100,14,100.0,0.0,100.0,0.0,100.0,0.0,100.0,0.0,100.0,0.0,82.0,18.0,100.0,0.0,100.0,0.0,98.0,4211.0,18,18,100,0,100,0,200,0,100.0,22856.0,100.0,41179618376.0,100.0,100216214258.0
2018-09-11,Z305BJ1W,ST4000DM000,4000787030016,0,120,236589592,92,0,100,14,100,0,80,100962702,74,22934,100,0,100,14,100.0,0.0,100.0,0.0,100.0,0.0,100.0,0.0,100.0,0.0,82.0,18.0,100.0,0.0,100.0,0.0,98.0,4211.0,18,18,100,0,100,0,200,0,100.0,22880.0,100.0,41206166016.0,100.0,100323448976.0
2018-09-12,Z305BJ1W,ST4000DM000,4000787030016,0,117,162857528,92,0,100,14,100,0,80,101591006,74,22958,100,0,100,14,100.0,0.0,100.0,0.0,100.0,0.0,100.0,0.0,100.0,0.0,82.0,18.0,100.0,0.0,100.0,0.0,98.0,4211.0,18,18,100,0,100,0,200,0,100.0,22904.0,100.0,41230280784.0,100.0,100412221793.0
2018-09-13,Z305BJ1W,ST4000DM000,4000787030016,0,117,148143720,92,0,100,14,100,0,80,103285587,74,22977,100,0,100,14,100.0,0.0,100.0,0.0,100.0,0.0,100.0,0.0,100.0,0.0,81.0,19.0,100.0,0.0,100.0,0.0,98.0,4215.0,19,19,100,0,100,0,200,0,100.0,22924.0,100.0,41246147448.0,100.0,100520319110.0
2018-09-14,Z305BJ1W,ST4000DM000,4000787030016,0,117,119633536,92,0,100,14,100,0,80,104115266,74,23001,100,0,100,14,100.0,0.0,100.0,0.0,100.0,0.0,100.0,0.0,100.0,0.0,78.0,22.0,100.0,0.0,100.0,0.0,98.0,4215.0,22,22,100,0,100,0,200,0,100.0,22948.0,100.0,41261271800.0,100.0,100652102807.0
2018-09-15,Z305BJ1W,ST4000DM000,4000787030016,0,114,59661544,92,0,100,14,100,0,80,105568325,74,23025,100,0,100,14,100.0,0.0,100.0,0.0,100.0,0.0,100.0,0.0,100.0,0.0,78.0,22.0,100.0,0.0,100.0,0.0,98.0,4215.0,22,22,100,0,100,0,200,0,100.0,22971.0,100.0,41280963656.0,100.0,100811027875.0
2018-09-16,Z305BJ1W,ST4000DM000,4000787030016,0,111,31036464,92,0,100,14,100,0,80,106385451,74,23049,100,0,100,14,100.0,0.0,100.0,0.0,100.0,0.0,100.0,0.0,100.0,0.0,79.0,21.0,100.0,0.0,100.0,0.0,98.0,4215.0,21,21,100,0,100,0,200,0,100.0,22995.0,100.0,41322103088.0,100.0,100991613532.0
2018-09-17,Z305BJ1W,ST4000DM000,4000787030016,0,118,184273408,92,0,100,14,100,0,80,107745948,74,23073,100,0,100,14,100.0,0.0,100.0,0.0,100.0,0.0,100.0,0.0,100.0,0.0,78.0,22.0,100.0,0.0,100.0,0.0,98.0,4215.0,22,22,100,0,100,0,200,0,100.0,23019.0,100.0,41345553792.0,100.0,101150385021.0
2018-09-18,Z305BJ1W,ST4000DM000,4000787030016,0,119,222536608,92,0,100,14,100,0,80,108355267,74,23097,100,0,100,14,100.0,0.0,100.0,0.0,100.0,0.0,100.0,0.0,100.0,0.0,80.0,20.0,100.0,0.0,100.0,0.0,98.0,4215.0,20,20,100,0,100,0,200,0,100.0,23043.0,100.0,41367708288.0,100.0,101304522031.0
2018-09-19,Z305BJ1W,ST4000DM000,4000787030016,0,111,38859408,92,0,100,14,100,0,80,108887543,74,23121,100,0,100,14,100.0,0.0,100.0,0.0,100.0,0.0,100.0,0.0,100.0,0.0,80.0,20.0,100.0,0.0,100.0,0.0,98.0,4215.0,20,20,100,0,100,0,200,0,100.0,23067.0,100.0,41382490904.0,100.0,101466297599.0
2018-09-20,Z305BJ1W,ST4000DM000,4000787030016,0,114,71454072,92,0,100,14,100,0,80,109455012,74,23145,100,0,100,14,100.0,0.0,100.0,0.0,100.0,0.0,100.0,0.0,100.0,0.0,80.0,20.0,100.0,0.0,100.0,0.0,98.0,4215.0,20,20,100,0,100,0,200,0,100.0,23091.0,100.0,41398125296.0,100.0,101628861353.0
2018-09-21,Z305BJ1W,ST4000DM000,4000787030016,0,117,125782856,92,0,100,14,100,0,80,109985203,74,23169,100,0,100,14,100.0,0.0,100.0,0.0,100.0,0.0,100.0,0.0,100.0,0.0,80.0,20.0,100.0,0.0,100.0,0.0,98.0,4215.0,20,20,100,0,100,0,200,0,100.0,23115.0,100.0,41409944176.0,100.0,101790683139.0
2018-09-22,Z305BJ1W,ST4000DM000,4000787030016,0,105,10216400,92,0,100,14,100,0,80,111401909,74,23193,100,0,100,14,100.0,0.0,100.0,0.0,100.0,0.0,100.0,0.0,100.0,0.0,80.0,20.0,100.0,0.0,100.0,0.0,98.0,4215.0,20,20,100,0,100,0,200,0,100.0,23139.0,100.0,41436707104.0,100.0,101987522409.0
2018-09-23,Z305BJ1W,ST4000DM000,4000787030016,0,118,178105208,92,0,100,14,100,0,80,112305410,74,23217,100,0,100,14,100.0,0.0,100.0,0.0,100.0,0.0,100.0,0.0,100.0,0.0,80.0,20.0,100.0,0.0,100.0,0.0,98.0,4215.0,20,20,100,0,100,0,200,0,100.0,23163.0,100.0,41453053824.0,100.0,102145769190.0
2018-09-24,Z305BJ1W,ST4000DM000,4000787030016,0,105,8641160,92,0,100,14,100,0,80,113803935,74,23241,100,0,100,14,100.0,0.0,100.0,0.0,100.0,0.0,100.0,0.0,100.0,0.0,80.0,20.0,100.0,0.0,100.0,0.0,98.0,4215.0,20,20,100,0,100,0,200,0,100.0,23187.0,100.0,41466718600.0,100.0,102292156854.0
2018-09-25,Z305BJ1W,ST4000DM000,4000787030016,0,117,155101528,92,0,100,14,100,0,80,114912656,74,23265,100,0,100,14,100.0,0.0,100.0,0.0,100.0,0.0,100.0,0.0,100.0,0.0,80.0,20.0,100.0,0.0,100.0,0.0,98.0,4215.0,20,20,100,0,100,0,200,0,100.0,23211.0,100.0,41489045240.0,100.0,102469233099.0
2018-09-26,Z305BJ1W,ST4000DM000,4000787030016,0,118,170981824,92,0,100,14,100,0,80,116983939,74,23289,100,0,100,14,100.0,0.0,100.0,0.0,100.0,0.0,100.0,0.0,100.0,0.0,80.0,20.0,100.0,0.0,100.0,0.0,98.0,4215.0,20,20,100,0,100,0,200,0,100.0,23235.0,100.0,41511140256.0,100.0,102668903902.0
2018-09-27,Z305BJ1W,ST4000DM000,4000787030016,0,119,211199400,92,0,100,14,100,0,81,118155591,74,23313,100,0,100,14,100.0,0.0,100.0,0.0,100.0,0.0,100.0,0.0,100.0,0.0,80.0,20.0,100.0,0.0,100.0,0.0,98.0,4215.0,20,20,100,0,100,0,200,0,100.0,23259.0,100.0,41528403544.0,100.0,102846573072.0
2018-09-28,Z305BJ1W,ST4000DM000,4000787030016,0,119,229024288,92,0,100,14,100,0,81,121125271,74,23341,100,0,100,14,100.0,0.0,100.0,0.0,100.0,0.0,100.0,0.0,100.0,0.0,80.0,20.0,100.0,0.0,100.0,0.0,98.0,4218.0,20,20,100,0,100,0,200,0,100.0,23288.0,100.0,41553343784.0,100.0,103068619510.0
2018-09-29,Z305BJ1W,ST4000DM000,4000787030016,0,114,61915480,92,0,100,14,100,0,81,122607141,74,23365,100,0,100,14,100.0,0.0,100.0,0.0,100.0,0.0,100.0,0.0,100.0,0.0,80.0,20.0,100.0,0.0,100.0,0.0,98.0,4218.0,20,20,100,0,100,0,200,0,100.0,23312.0,100.0,41576196368.0,100.0,103202718217.0
2018-09-30,Z305BJ1W,ST4000DM000,4000787030016,0,116,116063904,92,0,100,14,100,0,81,123554078,74,23389,100,0,100,14,100.0,0.0,100.0,0.0,100.0,0.0,100.0,0.0,100.0,0.0,80.0,20.0,100.0,0.0,100.0,0.0,98.0,4218.0,20,20,100,0,100,0,200,0,100.0,23336.0,100.0,41597823440.0,100.0,103323331592.0
2018-10-01,Z305BJ1W,ST4000DM000,4000787030016,0,118,188961280,92,0,100,14,100,0,81,125007006,74,23413,100,0,100,14,100.0,0.0,100.0,0.0,100.0,0.0,100.0,0.0,100.0,0.0,80.0,20.0,100.0,0.0,100.0,0.0,98.0,4218.0,20,20,100,0,100,0,200,0,100.0,23359.0,100.0,41615778392.0,100.0,103447751290.0
2018-10-02,Z305BJ1W,ST4000DM000,4000787030016,0,119,207919592,92,0,100,14,100,0,81,126037190,74,23437,100,0,100,14,100.0,0.0,100.0,0.0,100.0,0.0,100.0,0.0,100.0,0.0,80.0,20.0,100.0,0.0,100.0,0.0,98.0,4218.0,20,20,100,0,100,0,200,0,100.0,23384.0,100.0,41637815656.0,100.0,103571619202.0
2018-10-03,Z305BJ1W,ST4000DM000,4000787030016,0,117,121150520,92,0,100,14,100,0,81,127273933,74,23461,100,0,100,14,100.0,0.0,100.0,0.0,100.0,0.0,100.0,0.0,100.0,0.0,80.0,20.0,100.0,0.0,100.0,0.0,98.0,4218.0,20,20,100,0,100,0,200,0,100.0,23407.0,100.0,41664469096.0,100.0,103732601221.0
2018-10-04,Z305BJ1W,ST4000DM000,4000787030016,0,118.0,189331544.0,92.0,0.0,100.0,14.0,100.0,0.0,81.0,128237342.0,74.0,23485.0,100.0,0.0,100.0,14.0,100.0,0.0,100.0,0.0,100.0,0.0,100.0,0.0,100.0,0.0,81.0,19.0,100.0,0.0,100.0,0.0,98.0,4218.0,19.0,19.0,100.0,0.0,100.0,0.0,200.0,0.0,100.0,23431.0,100.0,41682755520.0,100.0,103859687401.0
2018-10-05,Z305BJ1W,ST4000DM000,4000787030016,0,109,22194872,92,0,100,14,100,0,81,129895186,74,23509,100,0,100,14,100.0,0.0,100.0,0.0,100.0,0.0,100.0,0.0,100.0,0.0,80.0,20.0,100.0,0.0,100.0,0.0,98.0,4218.0,20,20,100,0,100,0,200,0,100.0,23455.0,100.0,41698738256.0,100.0,104014014562.0
2018-10-06,Z305BJ1W,ST4000DM000,4000787030016,0,118,189087160,92,0,100,14,100,0,81,131329138,74,23533,100,0,100,14,100.0,0.0,100.0,0.0,100.0,0.0,100.0,0.0,100.0,0.0,80.0,20.0,100.0,0.0,100.0,0.0,98.0,4218.0,20,20,100,0,100,0,200,0,100.0,23479.0,100.0,41721018952.0,100.0,104169410015.0
2018-10-07,Z305BJ1W,ST4000DM000,4000787030016,0,113,55086080,92,0,100,14,100,0,81,132385116,74,23557,100,0,100,14,100.0,0.0,100.0,0.0,100.0,0.0,100.0,0.0,100.0,0.0,80.0,20.0,100.0,0.0,100.0,0.0,98.0,4218.0,20,20,100,0,100,0,200,0,100.0,23503.0,100.0,41742862864.0,100.0,104311391946.0
2018-10-08,Z305BJ1W,ST4000DM000,4000787030016,0,119,230895696,92,0,100,14,100,0,81,133875770,74,23581,100,0,100,14,100.0,0.0,100.0,0.0,100.0,0.0,100.0,0.0,100.0,0.0,80.0,20.0,100.0,0.0,100.0,0.0,98.0,4218.0,20,20,100,0,100,0,200,0,100.0,23527.0,100.0,41761779176.0,100.0,104400590837.0
2018-10-09,Z305BJ1W,ST4000DM000,4000787030016,0,111.0,34226544.0,92.0,0.0,100.0,14.0,100.0,0.0,81.0,134849533.0,74.0,23597.0,100.0,0.0,100.0,14.0,100.0,0.0,100.0,0.0,100.0,0.0,100.0,0.0,100.0,0.0,80.0,20.0,100.0,0.0,100.0,0.0,98.0,4218.0,20.0,20.0,100.0,0.0,100.0,0.0,200.0,0.0,100.0,23543.0,100.0,41784102184.0,100.0,104526674300.0
2018-10-10,Z305BJ1W,ST4000DM000,4000787030016,0,112,44943392,92,0,100,14,100,0,81,137283619,74,23630,100,0,100,14,100.0,0.0,100.0,0.0,100.0,0.0,100.0,0.0,100.0,0.0,80.0,20.0,100.0,0.0,100.0,0.0,98.0,4218.0,20,20,100,0,100,0,200,0,100.0,23576.0,100.0,41809795952.0,100.0,104785994392.0
2018-10-11,Z305BJ1W,ST4000DM000,4000787030016,0,119,227026944,92,0,100,14,100,0,81,139099200,73,23654,100,0,100,14,100.0,0.0,100.0,0.0,100.0,0.0,100.0,0.0,100.0,0.0,80.0,20.0,100.0,0.0,100.0,0.0,98.0,4218.0,20,20,100,0,100,0,200,0,100.0,23600.0,100.0,41842318344.0,100.0,104943929232.0
2018-10-12,Z305BJ1W,ST4000DM000,4000787030016,0,114,77065992,92,0,100,14,100,0,81,140708089,73,23677,100,0,100,14,100.0,0.0,100.0,0.0,100.0,0.0,100.0,0.0,100.0,0.0,80.0,20.0,100.0,0.0,100.0,0.0,98.0,4218.0,20,20,100,0,100,0,200,0,100.0,23624.0,100.0,41861694856.0,100.0,105091785859.0
2018-10-13,Z305BJ1W,ST4000DM000,4000787030016,0,101,3158624,92,0,100,14,100,0,81,141763810,73,23701,100,0,100,14,100.0,0.0,100.0,0.0,100.0,0.0,100.0,0.0,100.0,0.0,80.0,20.0,100.0,0.0,100.0,0.0,98.0,4218.0,20,20,100,0,100,0,200,0,100.0,23647.0,100.0,41884925536.0,100.0,105167083856.0
2018-10-14,Z305BJ1W,ST4000DM000,4000787030016,0,111,30693624,92,0,100,14,100,0,81,142581676,73,23726,100,0,100,14,100.0,0.0,100.0,0.0,100.0,0.0,100.0,0.0,100.0,0.0,80.0,20.0,100.0,0.0,100.0,0.0,98.0,4218.0,20,20,100,0,100,0,200,0,100.0,23672.0,100.0,41902149048.0,100.0,105258993327.0
2018-10-15,Z305BJ1W,ST4000DM000,4000787030016,0,117,137646640,92,0,100,14,100,0,81,144231726,73,23750,100,0,100,14,100.0,0.0,100.0,0.0,100.0,0.0,100.0,0.0,100.0,0.0,80.0,20.0,100.0,0.0,100.0,0.0,98.0,4218.0,20,20,100,0,100,0,200,0,100.0,23696.0,100.0,41928713160.0,100.0,105374137790.0
2018-10-16,Z305BJ1W,ST4000DM000,4000787030016,0,119,203612912,92,0,100,14,100,0,81,144619873,73,23773,100,0,100,14,100.0,0.0,100.0,0.0,100.0,0.0,100.0,0.0,100.0,0.0,80.0,20.0,100.0,0.0,100.0,0.0,98.0,4218.0,20,20,100,0,100,0,200,0,100.0,23719.0,100.0,41954463832.0,100.0,105384127603.0
2018-10-17,Z305BJ1W,ST4000DM000,4000787030016,0,117,158456552,92,0,100,14,100,0,81,145364610,73,23798,100,0,100,14,100.0,0.0,100.0,0.0,100.0,0.0,100.0,0.0,100.0,0.0,80.0,20.0,100.0,0.0,100.0,0.0,98.0,4218.0,20,20,100,0,100,0,200,0,100.0,23744.0,100.0,41976127424.0,100.0,105463508974.0
2018-10-18,Z305BJ1W,ST4000DM000,4000787030016,0,109,22662040,92,0,100,14,100,0,81,146103336,73,23819,100,0,100,14,100.0,0.0,100.0,0.0,100.0,0.0,100.0,0.0,100.0,0.0,80.0,20.0,100.0,0.0,100.0,0.0,98.0,4221.0,20,20,100,0,100,0,200,0,100.0,23765.0,100.0,41992205232.0,100.0,105544128251.0
2018-10-19,Z305BJ1W,ST4000DM000,4000787030016,0,116,115984600,92,0,100,14,100,0,81,147464321,73,23842,100,0,100,14,100.0,0.0,100.0,0.0,100.0,0.0,100.0,0.0,100.0,0.0,80.0,20.0,100.0,0.0,100.0,0.0,98.0,4221.0,20,20,100,0,100,0,200,0,100.0,23788.0,100.0,42011537376.0,100.0,105691388028.0
2018-10-20,Z305BJ1W,ST4000DM000,4000787030016,0,112,46999640,92,0,100,14,100,0,81,149342874,73,23866,100,0,100,14,100.0,0.0,100.0,0.0,100.0,0.0,100.0,0.0,100.0,0.0,80.0,20.0,100.0,0.0,100.0,0.0,98.0,4221.0,20,20,100,0,100,0,200,0,100.0,23813.0,100.0,42030068112.0,100.0,105852189630.0
2018-10-21,Z305BJ1W,ST4000DM000,4000787030016,0,114,67839776,92,0,100,14,100,0,81,150335443,73,23891,100,0,100,14,100.0,0.0,100.0,0.0,100.0,0.0,100.0,0.0,100.0,0.0,80.0,20.0,100.0,0.0,100.0,0.0,98.0,4221.0,20,20,100,0,100,0,200,0,100.0,23837.0,100.0,42051168912.0,100.0,105952656004.0
2018-10-22,Z305BJ1W,ST4000DM000,4000787030016,0,108,17332720,92,0,100,14,100,0,81,152013353,73,23915,100,0,100,14,100.0,0.0,100.0,0.0,100.0,0.0,100.0,0.0,100.0,0.0,80.0,20.0,100.0,0.0,100.0,0.0,98.0,4221.0,20,20,100,0,100,0,200,0,100.0,23861.0,100.0,42068749584.0,100.0,106061603530.0
2018-10-23,Z305BJ1W,ST4000DM000,4000787030016,0,118,185659920,92,0,100,14,100,0,81,153423198,73,23939,100,0,100,14,100.0,0.0,100.0,0.0,100.0,0.0,100.0,0.0,100.0,0.0,80.0,20.0,100.0,0.0,100.0,0.0,98.0,4221.0,20,20,100,0,100,0,200,0,100.0,23885.0,100.0,42082280464.0,100.0,106225429745.0
2018-10-25,Z305BJ1W,ST4000DM000,4000787030016,0,119,222874960,92,0,100,14,100,0,81,156110528,73,23983,100,0,100,14,100.0,0.0,100.0,0.0,100.0,0.0,100.0,0.0,100.0,0.0,80.0,20.0,100.0,0.0,100.0,0.0,98.0,4221.0,20,20,100,0,100,0,200,0,100.0,23929.0,100.0,42121923720.0,100.0,106401567863.0
2018-10-26,Z305BJ1W,ST4000DM000,4000787030016,0,114,80676304,92,0,100,14,100,0,81,157039290,73,24007,100,0,100,14,100.0,0.0,100.0,0.0,100.0,0.0,100.0,0.0,100.0,0.0,80.0,20.0,100.0,0.0,100.0,0.0,98.0,4224.0,20,20,100,0,100,0,200,0,100.0,23953.0,100.0,42140030160.0,100.0,106512760145.0
2018-10-27,Z305BJ1W,ST4000DM000,4000787030016,0,118,182594256,92,0,100,14,100,0,81,158824749,73,24031,100,0,100,14,100.0,0.0,100.0,0.0,100.0,0.0,100.0,0.0,100.0,0.0,81.0,19.0,100.0,0.0,100.0,0.0,98.0,4224.0,19,19,100,0,100,0,200,0,100.0,23977.0,100.0,42157464808.0,100.0,106635139757.0
2018-10-28,Z305BJ1W,ST4000DM000,4000787030016,0,119,205476392,92,0,100,14,100,0,81,159679340,73,24054,100,0,100,14,100.0,0.0,100.0,0.0,100.0,0.0,100.0,0.0,100.0,0.0,80.0,20.0,100.0,0.0,100.0,0.0,98.0,4224.0,20,20,100,0,100,0,200,0,100.0,24001.0,100.0,42171208960.0,100.0,106710034393.0
2018-10-29,Z305BJ1W,ST4000DM000,4000787030016,0,114,78398024,92,0,100,14,100,0,81,160599610,73,24079,100,0,100,14,100.0,0.0,100.0,0.0,100.0,0.0,100.0,0.0,100.0,0.0,80.0,20.0,100.0,0.0,100.0,0.0,98.0,4226.0,20,20,100,0,100,0,200,0,100.0,24025.0,100.0,42183271864.0,100.0,106766370130.0
2018-10-30,Z305BJ1W,ST4000DM000,4000787030016,0,118,198729472,92,0,100,14,100,0,81,161474025,73,24102,100,0,100,14,100.0,0.0,100.0,0.0,100.0,0.0,100.0,0.0,100.0,0.0,80.0,20.0,100.0,0.0,100.0,0.0,98.0,4226.0,20,20,100,0,100,0,200,0,100.0,24049.0,100.0,42200874640.0,100.0,106806436709.0
2018-10-31,Z305BJ1W,ST4000DM000,4000787030016,0,119,211308176,92.0,0.0,100.0,14.0,100.0,0.0,81.0,162024496.0,73,24127,100.0,0.0,100,14,100.0,0.0,100.0,0.0,100.0,0.0,100.0,0.0,100.0,0.0,80.0,20.0,100.0,0.0,100.0,0.0,98.0,4226.0,20,20,100.0,0.0,100.0,0.0,200.0,0.0,100.0,24073.0,100.0,42216867864.0,100.0,106861946502.0
2018-11-01,Z305BJ1W,ST4000DM000,4000787030016,0,116,108532080,92.0,0.0,100.0,14.0,100.0,0.0,81.0,162686408.0,73,24150,100.0,0.0,100,14,100.0,0.0,100.0,0.0,100.0,0.0,100.0,0.0,100.0,0.0,79.0,21.0,100.0,0.0,100.0,0.0,98.0,4226.0,21,21,100.0,0.0,100.0,0.0,200.0,0.0,100.0,24097.0,100.0,42230483368.0,100.0,106918580349.0
2018-11-02,Z305BJ1W,ST4000DM000,4000787030016,0,117,141187632,92.0,0.0,100.0,14.0,100.0,0.0,81.0,163709488.0,73,24174,100.0,0.0,100,14,100.0,0.0,100.0,0.0,100.0,0.0,100.0,0.0,100.0,0.0,79.0,21.0,100.0,0.0,100.0,0.0,98.0,4229.0,21,21,100.0,0.0,100.0,0.0,200.0,0.0,100.0,24120.0,100.0,42252172528.0,100.0,107048335017.0
2018-11-03,Z305BJ1W,ST4000DM000,4000787030016,0,116,115097072,92.0,0.0,100.0,14.0,100.0,0.0,81.0,165779891.0,73,24198,100.0,0.0,100,14,100.0,0.0,100.0,0.0,100.0,0.0,100.0,0.0,100.0,0.0,80.0,20.0,100.0,0.0,100.0,0.0,98.0,4229.0,20,20,100.0,0.0,100.0,0.0,200.0,0.0,100.0,24145.0,100.0,42295671640.0,100.0,107187085765.0
2018-11-04,Z305BJ1W,ST4000DM000,4000787030016,0,118,186138248,92.0,0.0,100.0,14.0,100.0,0.0,81.0,166711224.0,73,24222,100.0,0.0,100,14,100.0,0.0,100.0,0.0,100.0,0.0,100.0,0.0,100.0,0.0,80.0,20.0,100.0,0.0,100.0,0.0,98.0,4229.0,20,20,100.0,0.0,100.0,0.0,200.0,0.0,100.0,24169.0,100.0,42314799216.0,100.0,107269731317.0
2018-11-05,Z305BJ1W,ST4000DM000,4000787030016,0,118,181321112,92.0,0.0,100.0,14.0,100.0,0.0,82.0,167876367.0,73,24246,100.0,0.0,100,14,100.0,0.0,100.0,0.0,100.0,0.0,100.0,0.0,100.0,0.0,80.0,20.0,100.0,0.0,100.0,0.0,98.0,4229.0,20,20,100.0,0.0,100.0,0.0,200.0,0.0,100.0,24193.0,100.0,42333598464.0,100.0,107340719707.0
2018-11-06,Z305BJ1W,ST4000DM000,4000787030016,0,117.0,162437360.0,92.0,0.0,100.0,14.0,100.0,0.0,82.0,169307315.0,73.0,24271.0,100.0,0.0,100.0,14.0,100.0,0.0,100.0,0.0,100.0,0.0,100.0,0.0,100.0,0.0,80.0,20.0,100.0,0.0,100.0,0.0,98.0,4229.0,20.0,20.0,100.0,0.0,100.0,0.0,200.0,0.0,100.0,24217.0,100.0,42355719352.0,100.0,107450949761.0
2018-11-07,Z305BJ1W,ST4000DM000,4000787030016,0,117.0,161545136.0,92.0,0.0,100.0,14.0,100.0,0.0,82.0,170800254.0,73.0,24295.0,100.0,0.0,100.0,14.0,100.0,0.0,100.0,0.0,100.0,0.0,100.0,0.0,100.0,0.0,80.0,20.0,100.0,0.0,100.0,0.0,98.0,4229.0,20.0,20.0,100.0,0.0,100.0,0.0,200.0,0.0,100.0,24241.0,100.0,42379804432.0,100.0,107543512083.0
2018-11-08,Z305BJ1W,ST4000DM000,4000787030016,0,119.0,206131336.0,92.0,0.0,100.0,14.0,100.0,0.0,82.0,172908785.0,73.0,24325.0,100.0,0.0,100.0,14.0,100.0,0.0,100.0,0.0,100.0,0.0,100.0,0.0,100.0,0.0,81.0,19.0,100.0,0.0,100.0,0.0,98.0,4229.0,19.0,19.0,100.0,0.0,100.0,0.0,200.0,0.0,100.0,24272.0,100.0,42404215992.0,100.0,107688433110.0
2018-11-09,Z305BJ1W,ST4000DM000,4000787030016,0,119,224982496,92.0,0.0,100.0,14.0,100.0,0.0,82.0,174151950.0,73,24350,100.0,0.0,100,14,100.0,0.0,100.0,0.0,100.0,0.0,100.0,0.0,100.0,0.0,81.0,19.0,100.0,0.0,100.0,0.0,98.0,4233.0,19,19,100.0,0.0,100.0,0.0,200.0,0.0,100.0,24296.0,100.0,42416399808.0,100.0,107847729547.0
2018-11-10,Z305BJ1W,ST4000DM000,4000787030016,0,118,198575328,92.0,0.0,100.0,14.0,100.0,0.0,82.0,175531857.0,73,24373,100.0,0.0,100,14,100.0,0.0,100.0,0.0,100.0,0.0,100.0,0.0,100.0,0.0,80.0,20.0,100.0,0.0,100.0,0.0,98.0,4233.0,20,20,100.0,0.0,100.0,0.0,200.0,0.0,100.0,24319.0,100.0,42431429192.0,100.0,107973379822.0
2018-11-11,Z305BJ1W,ST4000DM000,4000787030016,0,112,46148232,92.0,0.0,100.0,14.0,100.0,0.0,82.0,176259677.0,73,24397,100.0,0.0,100,14,100.0,0.0,100.0,0.0,100.0,0.0,100.0,0.0,100.0,0.0,81.0,19.0,100.0,0.0,100.0,0.0,98.0,4233.0,19,19,100.0,0.0,100.0,0.0,200.0,0.0,100.0,24343.0,100.0,42452010384.0,100.0,108149668800.0
2018-11-12,Z305BJ1W,ST4000DM000,4000787030016,0,119,216207792,92.0,0.0,100.0,14.0,100.0,0.0,82.0,177723581.0,73,24421,100.0,0.0,100,14,100.0,0.0,100.0,0.0,100.0,0.0,100.0,0.0,100.0,0.0,81.0,19.0,100.0,0.0,100.0,0.0,98.0,4233.0,19,19,100.0,0.0,100.0,0.0,200.0,0.0,100.0,24367.0,100.0,42472277816.0,100.0,108301691178.0
2018-11-13,Z305BJ1W,ST4000DM000,4000787030016,0,117,134620072,92.0,0.0,100.0,14.0,100.0,0.0,82.0,178726594.0,73,24445,100.0,0.0,100,14,100.0,0.0,100.0,0.0,100.0,0.0,100.0,0.0,100.0,0.0,81.0,19.0,100.0,0.0,100.0,0.0,98.0,4233.0,19,19,100.0,0.0,100.0,0.0,200.0,0.0,100.0,24391.0,100.0,42509781136.0,100.0,108462807361.0
2018-11-14,Z305BJ1W,ST4000DM000,4000787030016,0,109,21882712,92.0,0.0,100.0,14.0,100.0,0.0,82.0,179544000.0,73,24469,100.0,0.0,100,14,100.0,0.0,100.0,0.0,100.0,0.0,100.0,0.0,100.0,0.0,80.0,20.0,100.0,0.0,100.0,0.0,98.0,4233.0,20,20,100.0,0.0,100.0,0.0,200.0,0.0,100.0,24415.0,100.0,42541486808.0,100.0,108631004187.0
2018-11-15,Z305BJ1W,ST4000DM000,4000787030016,0,116,113436384,92.0,0.0,100.0,14.0,100.0,0.0,82.0,180191557.0,73,24493,100.0,0.0,100,14,100.0,0.0,100.0,0.0,100.0,0.0,100.0,0.0,100.0,0.0,80.0,20.0,100.0,0.0,100.0,0.0,98.0,4233.0,20,20,100.0,0.0,100.0,0.0,200.0,0.0,100.0,24439.0,100.0,42562441608.0,100.0,108797076077.0
2018-11-16,Z305BJ1W,ST4000DM000,4000787030016,0,119,227357752,92.0,0.0,100.0,14.0,100.0,0.0,82.0,181221189.0,73,24517,100.0,0.0,100,14,100.0,0.0,100.0,0.0,100.0,0.0,100.0,0.0,100.0,0.0,80.0,20.0,100.0,0.0,100.0,0.0,98.0,4233.0,20,20,100.0,0.0,100.0,0.0,200.0,0.0,100.0,24463.0,100.0,42582289024.0,100.0,108971038932.0
2018-11-17,Z305BJ1W,ST4000DM000,4000787030016,0,117.0,149173032.0,92.0,0.0,100.0,14.0,100.0,0.0,82.0,182367534.0,72.0,24541.0,100.0,0.0,100.0,14.0,100.0,0.0,100.0,0.0,100.0,0.0,100.0,0.0,100.0,0.0,80.0,20.0,100.0,0.0,100.0,0.0,98.0,4233.0,20.0,20.0,100.0,0.0,100.0,0.0,200.0,0.0,100.0,24488.0,100.0,42596845856.0,100.0,109166242724.0
2018-11-18,Z305BJ1W,ST4000DM000,4000787030016,0,120,2380376,92.0,0.0,100.0,14.0,100.0,0.0,82.0,183186575.0,72,24565,100.0,0.0,100,14,100.0,0.0,100.0,0.0,100.0,0.0,100.0,0.0,100.0,0.0,80.0,20.0,100.0,0.0,100.0,0.0,98.0,4233.0,20,20,100.0,0.0,100.0,0.0,200.0,0.0,100.0,24511.0,100.0,42610944584.0,100.0,109317196115.0
2018-11-19,Z305BJ1W,ST4000DM000,4000787030016,0,117,135138656,92.0,0.0,100.0,14.0,100.0,0.0,82.0,184806157.0,72,24589,100.0,0.0,100,14,100.0,0.0,100.0,0.0,100.0,0.0,100.0,0.0,100.0,0.0,80.0,20.0,100.0,0.0,100.0,0.0,98.0,4233.0,20,20,100.0,0.0,100.0,0.0,200.0,0.0,100.0,24535.0,100.0,42631335416.0,100.0,109444408284.0
2018-11-20,Z305BJ1W,ST4000DM000,4000787030016,0,118,189393424,92.0,0.0,100.0,14.0,100.0,0.0,82.0,185853202.0,72,24613,100.0,0.0,100,14,100.0,0.0,100.0,0.0,100.0,0.0,100.0,0.0,100.0,0.0,80.0,20.0,100.0,0.0,100.0,0.0,98.0,4233.0,20,20,100.0,0.0,100.0,0.0,200.0,0.0,100.0,24559.0,100.0,42647913008.0,100.0,109615497690.0
2018-11-21,Z305BJ1W,ST4000DM000,4000787030016,0,112,42259776,92.0,0.0,100.0,14.0,100.0,0.0,82.0,187632836.0,72,24637,100.0,0.0,100,14,100.0,0.0,100.0,0.0,100.0,0.0,100.0,0.0,100.0,0.0,80.0,20.0,100.0,0.0,100.0,0.0,98.0,4233.0,20,20,100.0,0.0,100.0,0.0,200.0,0.0,100.0,24583.0,100.0,42663378920.0,100.0,109803136274.0
2018-11-22,Z305BJ1W,ST4000DM000,4000787030016,0,119,207434296,92.0,0.0,100.0,14.0,100.0,0.0,82.0,190417253.0,72,24661,100.0,0.0,100,14,100.0,0.0,100.0,0.0,100.0,0.0,100.0,0.0,100.0,0.0,79.0,21.0,100.0,0.0,100.0,0.0,98.0,4233.0,21,21,100.0,0.0,100.0,0.0,200.0,0.0,100.0,24607.0,100.0,42688284032.0,100.0,110012257430.0
2018-11-23,Z305BJ1W,ST4000DM000,4000787030016,0,111,36287544,92.0,0.0,100.0,14.0,100.0,0.0,82.0,191906033.0,72,24685,100.0,0.0,100,14,100.0,0.0,100.0,0.0,100.0,0.0,100.0,0.0,100.0,0.0,80.0,20.0,100.0,0.0,100.0,0.0,98.0,4233.0,20,20,100.0,0.0,100.0,0.0,200.0,0.0,100.0,24631.0,100.0,42701996280.0,100.0,110181493235.0
2018-11-24,Z305BJ1W,ST4000DM000,4000787030016,0,119,220027624,92.0,0.0,100.0,14.0,100.0,0.0,82.0,193386028.0,72,24709,100.0,0.0,100,14,100.0,0.0,100.0,0.0,100.0,0.0,100.0,0.0,100.0,0.0,80.0,20.0,100.0,0.0,100.0,0.0,98.0,4233.0,20,20,100.0,0.0,100.0,0.0,200.0,0.0,100.0,24655.0,100.0,42721898008.0,100.0,110333253402.0
2018-11-25,Z305BJ1W,ST4000DM000,4000787030016,0,113,55612784,92.0,0.0,100.0,14.0,100.0,0.0,82.0,194287554.0,72,24733,100.0,0.0,100,14,100.0,0.0,100.0,0.0,100.0,0.0,100.0,0.0,100.0,0.0,80.0,20.0,100.0,0.0,100.0,0.0,98.0,4233.0,20,20,100.0,0.0,100.0,0.0,200.0,0.0,100.0,24679.0,100.0,42738987424.0,100.0,110468316302.0
2018-11-26,Z305BJ1W,ST4000DM000,4000787030016,0,119,226249400,92.0,0.0,100.0,14.0,100.0,0.0,82.0,196033496.0,72,24757,100.0,0.0,100,14,100.0,0.0,100.0,0.0,100.0,0.0,100.0,0.0,100.0,0.0,80.0,20.0,100.0,0.0,100.0,0.0,98.0,4233.0,20,20,100.0,0.0,100.0,0.0,200.0,0.0,100.0,24703.0,100.0,42764763128.0,100.0,110605377889.0
2018-11-27,Z305BJ1W,ST4000DM000,4000787030016,0,115,92751664,92.0,0.0,100.0,14.0,100.0,0.0,82.0,197174103.0,72,24781,100.0,0.0,100,14,100.0,0.0,100.0,0.0,100.0,0.0,100.0,0.0,100.0,0.0,80.0,20.0,100.0,0.0,100.0,0.0,98.0,4233.0,20,20,100.0,0.0,100.0,0.0,200.0,0.0,100.0,24727.0,100.0,42789038104.0,100.0,110744531430.0
2018-11-28,Z305BJ1W,ST4000DM000,4000787030016,0,117,131898680,92.0,0.0,100.0,14.0,100.0,0.0,82.0,198221663.0,72,24805,100.0,0.0,100,14,100.0,0.0,100.0,0.0,100.0,0.0,100.0,0.0,100.0,0.0,80.0,20.0,100.0,0.0,100.0,0.0,98.0,4233.0,20,20,100.0,0.0,100.0,0.0,200.0,0.0,100.0,24751.0,100.0,42806520312.0,100.0,110873527412.0
2018-11-29,Z305BJ1W,ST4000DM000,4000787030016,0,118,170362160,92.0,0.0,100.0,14.0,100.0,0.0,82.0,199393187.0,72,24830,100.0,0.0,100,14,100.0,0.0,100.0,0.0,100.0,0.0,100.0,0.0,100.0,0.0,82.0,18.0,100.0,0.0,100.0,0.0,98.0,4233.0,18,18,100.0,0.0,100.0,0.0,200.0,0.0,100.0,24776.0,100.0,42826033920.0,100.0,111016525357.0
2018-11-30,Z305BJ1W,ST4000DM000,4000787030016,0,114,59906968,92.0,0.0,100.0,14.0,100.0,0.0,82.0,200860719.0,72,24853,100.0,0.0,100,14,100.0,0.0,100.0,0.0,100.0,0.0,100.0,0.0,100.0,0.0,80.0,20.0,100.0,0.0,100.0,0.0,98.0,4233.0,20,20,100.0,0.0,100.0,0.0,200.0,0.0,100.0,24799.0,100.0,42846702296.0,100.0,111169818227.0
2018-12-01,Z305BJ1W,ST4000DM000,4000787030016,0,115,99803384,92.0,0.0,100.0,14.0,100.0,0.0,83.0,202138652.0,72,24877,100.0,0.0,100,14,100.0,0.0,100.0,0.0,100.0,0.0,100.0,0.0,100.0,0.0,81.0,19.0,100.0,0.0,100.0,0.0,98.0,4233.0,19,19,100.0,0.0,100.0,0.0,200.0,0.0,100.0,24823.0,100.0,42865193880.0,100.0,111274269263.0
2018-12-02,Z305BJ1W,ST4000DM000,4000787030016,0,117,150425200,92.0,0.0,100.0,14.0,100.0,0.0,83.0,203524159.0,72,24901,100.0,0.0,100,14,100.0,0.0,100.0,0.0,100.0,0.0,100.0,0.0,100.0,0.0,81.0,19.0,100.0,0.0,100.0,0.0,98.0,4233.0,19,19,100.0,0.0,100.0,0.0,200.0,0.0,100.0,24847.0,100.0,42885247016.0,100.0,111494955451.0
2018-12-03,Z305BJ1W,ST4000DM000,4000787030016,0,117,121085824,92.0,0.0,100.0,14.0,100.0,0.0,83.0,205216505.0,72,24925,100.0,0.0,100,14,100.0,0.0,100.0,0.0,100.0,0.0,100.0,0.0,100.0,0.0,81.0,19.0,100.0,0.0,100.0,0.0,98.0,4233.0,19,19,100.0,0.0,100.0,0.0,200.0,0.0,100.0,24871.0,100.0,42906577240.0,100.0,111624004146.0
2018-12-04,Z305BJ1W,ST4000DM000,4000787030016,0,117,160751944,92.0,0.0,100.0,14.0,100.0,0.0,83.0,206440458.0,72,24950,100.0,0.0,100,14,100.0,0.0,100.0,0.0,100.0,0.0,100.0,0.0,100.0,0.0,80.0,20.0,100.0,0.0,100.0,0.0,98.0,4233.0,20,20,100.0,0.0,100.0,0.0,200.0,0.0,100.0,24896.0,100.0,42927579720.0,100.0,111779131813.0
2018-12-05,Z305BJ1W,ST4000DM000,4000787030016,0,119.0,227528520.0,92.0,0.0,100.0,14.0,100.0,0.0,83.0,207551034.0,72.0,24973.0,100.0,0.0,100.0,14.0,100.0,0.0,100.0,0.0,100.0,0.0,100.0,0.0,100.0,0.0,81.0,19.0,100.0,0.0,100.0,0.0,98.0,4233.0,19.0,19.0,100.0,0.0,100.0,0.0,200.0,0.0,100.0,24920.0,100.0,42950667832.0,100.0,111913689066.0
2018-12-06,Z305BJ1W,ST4000DM000,4000787030016,0,119,220246304,92.0,0.0,100.0,14.0,100.0,0.0,83.0,209738919.0,72,24996,100.0,0.0,100,14,100.0,0.0,100.0,0.0,100.0,0.0,100.0,0.0,100.0,0.0,81.0,19.0,100.0,0.0,100.0,0.0,98.0,4236.0,19,19,100.0,0.0,100.0,0.0,200.0,0.0,100.0,24942.0,100.0,42971485616.0,100.0,112016608366.0
2018-12-07,Z305BJ1W,ST4000DM000,4000787030016,0,116,111107472,92.0,0.0,100.0,14.0,100.0,0.0,83.0,210408769.0,72,25020,100.0,0.0,100,14,100.0,0.0,100.0,0.0,100.0,0.0,100.0,0.0,100.0,0.0,81.0,19.0,100.0,0.0,100.0,0.0,98.0,4236.0,19,19,100.0,0.0,100.0,0.0,200.0,0.0,100.0,24966.0,100.0,42984393032.0,100.0,112060740997.0
2018-12-08,Z305BJ1W,ST4000DM000,4000787030016,0,117,148552392,92.0,0.0,100.0,14.0,100.0,0.0,83.0,211791733.0,72,25044,100.0,0.0,100,14,100.0,0.0,100.0,0.0,100.0,0.0,100.0,0.0,100.0,0.0,80.0,20.0,100.0,0.0,100.0,0.0,98.0,4236.0,20,20,100.0,0.0,100.0,0.0,200.0,0.0,100.0,24990.0,100.0,43003629400.0,100.0,112133503970.0
2018-12-09,Z305BJ1W,ST4000DM000,4000787030016,0,117,144662072,92.0,0.0,100.0,14.0,100.0,0.0,83.0,212693410.0,72,25068,100.0,0.0,100,14,100.0,0.0,100.0,0.0,100.0,0.0,100.0,0.0,100.0,0.0,81.0,19.0,100.0,0.0,100.0,0.0,98.0,4236.0,19,19,100.0,0.0,100.0,0.0,200.0,0.0,100.0,25014.0,100.0,43018272736.0,100.0,112244000159.0
2018-12-10,Z305BJ1W,ST4000DM000,4000787030016,0,112,45130472,92.0,0.0,100.0,14.0,100.0,0.0,83.0,214363890.0,72,25092,100.0,0.0,100,14,100.0,0.0,100.0,0.0,100.0,0.0,100.0,0.0,100.0,0.0,81.0,19.0,100.0,0.0,100.0,0.0,98.0,4236.0,19,19,100.0,0.0,100.0,0.0,200.0,0.0,100.0,25038.0,100.0,43040607368.0,100.0,112372889292.0
2018-12-11,Z305BJ1W,ST4000DM000,4000787030016,0,118,183874576,92.0,0.0,100.0,14.0,100.0,0.0,83.0,214908081.0,72,25116,100.0,0.0,100,14,100.0,0.0,100.0,0.0,100.0,0.0,100.0,0.0,100.0,0.0,80.0,20.0,100.0,0.0,100.0,0.0,98.0,4236.0,20,20,100.0,0.0,100.0,0.0,200.0,0.0,100.0,25062.0,100.0,43065631160.0,100.0,112429754279.0
2018-12-12,Z305BJ1W,ST4000DM000,4000787030016,0,118,191634136,92.0,0.0,100.0,14.0,100.0,0.0,83.0,215685583.0,72,25140,100.0,0.0,100,14,100.0,0.0,100.0,0.0,100.0,0.0,100.0,0.0,100.0,0.0,81.0,19.0,100.0,0.0,100.0,0.0,98.0,4236.0,19,19,100.0,0.0,100.0,0.0,200.0,0.0,100.0,25086.0,100.0,43086657928.0,100.0,112515131963.0
2018-12-13,Z305BJ1W,ST4000DM000,4000787030016,0,111,32805656,92.0,0.0,100.0,14.0,100.0,0.0,83.0,216437943.0,72,25164,100.0,0.0,100,14,100.0,0.0,100.0,0.0,100.0,0.0,100.0,0.0,100.0,0.0,81.0,19.0,100.0,0.0,100.0,0.0,98.0,4236.0,19,19,100.0,0.0,100.0,0.0,200.0,0.0,100.0,25110.0,100.0,43107024184.0,100.0,112597079131.0
2018-12-14,Z305BJ1W,ST4000DM000,4000787030016,0,108,16223768,92.0,0.0,100.0,14.0,100.0,0.0,83.0,216988906.0,72,25188,100.0,0.0,100,14,100.0,0.0,100.0,0.0,100.0,0.0,100.0,0.0,100.0,0.0,81.0,19.0,100.0,0.0,100.0,0.0,98.0,4236.0,19,19,100.0,0.0,100.0,0.0,200.0,0.0,100.0,25134.0,100.0,43124426312.0,100.0,112618359011.0
2018-12-15,Z305BJ1W,ST4000DM000,4000787030016,0,117,124150376,92.0,0.0,100.0,14.0,100.0,0.0,83.0,218265782.0,72,25212,100.0,0.0,100,14,100.0,0.0,100.0,0.0,100.0,0.0,100.0,0.0,100.0,0.0,81.0,19.0,100.0,0.0,100.0,0.0,98.0,4236.0,19,19,100.0,0.0,100.0,0.0,200.0,0.0,100.0,25158.0,100.0,43146877008.0,100.0,112700885507.0
2018-12-16,Z305BJ1W,ST4000DM000,4000787030016,0,117,144198264,92.0,0.0,100.0,14.0,100.0,0.0,83.0,219104820.0,72,25236,100.0,0.0,100,14,100.0,0.0,100.0,0.0,100.0,0.0,100.0,0.0,100.0,0.0,81.0,19.0,100.0,0.0,100.0,0.0,98.0,4236.0,19,19,100.0,0.0,100.0,0.0,200.0,0.0,100.0,25182.0,100.0,43171323888.0,100.0,112775153661.0
2018-12-17,Z305BJ1W,ST4000DM000,4000787030016,0,117,149737488,92.0,0.0,100.0,14.0,100.0,0.0,83.0,220649449.0,72,25260,100.0,0.0,100,14,100.0,0.0,100.0,0.0,100.0,0.0,100.0,0.0,100.0,0.0,81.0,19.0,100.0,0.0,100.0,0.0,98.0,4236.0,19,19,100.0,0.0,100.0,0.0,200.0,0.0,100.0,25206.0,100.0,43190719848.0,100.0,112850410205.0
2018-12-18,Z305BJ1W,ST4000DM000,4000787030016,0,119,212303816,92.0,0.0,100.0,14.0,100.0,0.0,83.0,221993450.0,72,25284,100.0,0.0,100,14,100.0,0.0,100.0,0.0,100.0,0.0,100.0,0.0,100.0,0.0,81.0,19.0,100.0,0.0,100.0,0.0,98.0,4236.0,19,19,100.0,0.0,100.0,0.0,200.0,0.0,100.0,25230.0,100.0,43223244512.0,100.0,112976737107.0
2018-12-19,Z305BJ1W,ST4000DM000,4000787030016,0,119,221052848,92.0,0.0,100.0,14.0,100.0,0.0,83.0,223163948.0,72,25308,100.0,0.0,100,14,100.0,0.0,100.0,0.0,100.0,0.0,100.0,0.0,100.0,0.0,81.0,19.0,100.0,0.0,100.0,0.0,98.0,4236.0,19,19,100.0,0.0,100.0,0.0,200.0,0.0,100.0,25254.0,100.0,43243724728.0,100.0,113116050865.0
2018-12-20,Z305BJ1W,ST4000DM000,4000787030016,0,119,216753216,92.0,0.0,100.0,14.0,100.0,0.0,83.0,225214683.0,72,25332,100.0,0.0,100,14,100.0,0.0,100.0,0.0,100.0,0.0,100.0,0.0,100.0,0.0,81.0,19.0,100.0,0.0,100.0,0.0,98.0,4236.0,19,19,100.0,0.0,100.0,0.0,200.0,0.0,100.0,25278.0,100.0,43266543696.0,100.0,113211081577.0
2018-12-21,Z305BJ1W,ST4000DM000,4000787030016,0,113,54386408,92.0,0.0,100.0,14.0,100.0,0.0,83.0,226076636.0,72,25356,100.0,0.0,100,14,100.0,0.0,100.0,0.0,100.0,0.0,100.0,0.0,100.0,0.0,81.0,19.0,100.0,0.0,100.0,0.0,98.0,4236.0,19,19,100.0,0.0,100.0,0.0,200.0,0.0,100.0,25302.0,100.0,43287428528.0,100.0,113282914854.0
2018-12-22,Z305BJ1W,ST4000DM000,4000787030016,0,114,80451040,92.0,0.0,100.0,14.0,100.0,0.0,83.0,227735261.0,72,25380,100.0,0.0,100,14,100.0,0.0,100.0,0.0,100.0,0.0,100.0,0.0,100.0,0.0,81.0,19.0,100.0,0.0,100.0,0.0,98.0,4236.0,19,19,100.0,0.0,100.0,0.0,200.0,0.0,100.0,25326.0,100.0,43306450464.0,100.0,113389889473.0
2018-12-23,Z305BJ1W,ST4000DM000,4000787030016,0,117,161704488,92.0,0.0,100.0,14.0,100.0,0.0,83.0,228377421.0,71,25404,100.0,0.0,100,14,100.0,0.0,100.0,0.0,100.0,0.0,100.0,0.0,100.0,0.0,81.0,19.0,100.0,0.0,100.0,0.0,98.0,4236.0,19,19,100.0,0.0,100.0,0.0,200.0,0.0,100.0,25350.0,100.0,43327175360.0,100.0,113436951809.0
2018-12-24,Z305BJ1W,ST4000DM000,4000787030016,0,119,232207048,92.0,0.0,100.0,14.0,100.0,0.0,83.0,229989715.0,71,25428,100.0,0.0,100,14,100.0,0.0,100.0,0.0,100.0,0.0,100.0,0.0,100.0,0.0,81.0,19.0,100.0,0.0,100.0,0.0,98.0,4236.0,19,19,100.0,0.0,100.0,0.0,200.0,0.0,100.0,25374.0,100.0,43347885952.0,100.0,113514367256.0
2018-12-25,Z305BJ1W,ST4000DM000,4000787030016,0,114,73058808,92.0,0.0,100.0,14.0,100.0,0.0,83.0,230620419.0,71,25452,100.0,0.0,100,14,100.0,0.0,100.0,0.0,100.0,0.0,100.0,0.0,100.0,0.0,81.0,19.0,100.0,0.0,100.0,0.0,98.0,4236.0,19,19,100.0,0.0,100.0,0.0,200.0,0.0,100.0,25398.0,100.0,43364860328.0,100.0,113561648266.0
2018-12-26,Z305BJ1W,ST4000DM000,4000787030016,0,116,108047288,92.0,0.0,100.0,14.0,100.0,0.0,83.0,231204261.0,71,25476,100.0,0.0,100,14,100.0,0.0,100.0,0.0,100.0,0.0,100.0,0.0,100.0,0.0,81.0,19.0,100.0,0.0,100.0,0.0,98.0,4236.0,19,19,100.0,0.0,100.0,0.0,200.0,0.0,100.0,25422.0,100.0,43391743392.0,100.0,113604756298.0
2018-12-27,Z305BJ1W,ST4000DM000,4000787030016,0,116,102340008,92.0,0.0,100.0,14.0,100.0,0.0,83.0,231909322.0,71,25500,100.0,0.0,100,14,100.0,0.0,100.0,0.0,100.0,0.0,100.0,0.0,100.0,0.0,81.0,19.0,100.0,0.0,100.0,0.0,98.0,4236.0,19,19,100.0,0.0,100.0,0.0,200.0,0.0,100.0,25446.0,100.0,43412754320.0,100.0,113650183486.0
2018-12-28,Z305BJ1W,ST4000DM000,4000787030016,0,120,2311512,92.0,0.0,100.0,14.0,100.0,0.0,83.0,233211020.0,71,25524,100.0,0.0,100,14,100.0,0.0,100.0,0.0,100.0,0.0,100.0,0.0,100.0,0.0,81.0,19.0,100.0,0.0,100.0,0.0,98.0,4236.0,19,19,100.0,0.0,100.0,0.0,200.0,0.0,100.0,25470.0,100.0,43437010176.0,100.0,113760662652.0
2018-12-29,Z305BJ1W,ST4000DM000,4000787030016,0,119,219398408,92.0,0.0,100.0,14.0,100.0,0.0,83.0,234783907.0,71,25548,100.0,0.0,100,14,100.0,0.0,100.0,0.0,100.0,0.0,100.0,0.0,100.0,0.0,81.0,19.0,100.0,0.0,100.0,0.0,98.0,4236.0,19,19,100.0,0.0,100.0,0.0,200.0,0.0,100.0,25494.0,100.0,43453242536.0,100.0,113883254507.0
2018-12-30,Z305BJ1W,ST4000DM000,4000787030016,0,114,62877400,92.0,0.0,100.0,14.0,100.0,0.0,84.0,235488686.0,71,25572,100.0,0.0,100,14,100.0,0.0,100.0,0.0,100.0,0.0,100.0,0.0,100.0,0.0,82.0,18.0,100.0,0.0,100.0,0.0,98.0,4236.0,18,18,100.0,0.0,100.0,0.0,200.0,0.0,100.0,25518.0,100.0,43463908088.0,100.0,113945975637.0
2018-12-31,Z305BJ1W,ST4000DM000,4000787030016,0,116,109993320,92.0,0.0,100.0,14.0,100.0,0.0,84.0,237347671.0,71,25596,100.0,0.0,100,14,100.0,0.0,100.0,0.0,100.0,0.0,100.0,0.0,100.0,0.0,82.0,18.0,100.0,0.0,100.0,0.0,98.0,4236.0,18,18,100.0,0.0,100.0,0.0,200.0,0.0,100.0,25542.0,100.0,43483492216.0,100.0,114060334831.0
