2018-01-01,Z305GXWJ,ST4000DM000,4000787030016,0,117,147378872,97,0,100,3,100,0,89,812363860,82,16423,100,0,100,3,100.0,0.0,100.0,0.0,100.0,0.0,100.0,0.0,100.0,0.0,81.0,19.0,100.0,0.0,100.0,0.0,99.0,3692.0,19,19,100,0,100,0,200,0,100.0,16401.0,100.0,39665985664.0,100.0,71827617551.0
2018-01-02,Z305GXWJ,ST4000DM000,4000787030016,0,117,133618696,97,0,100,3,100,0,89,814509468,82,16446,100,0,100,3,100.0,0.0,100.0,0.0,100.0,0.0,100.0,0.0,100.0,0.0,81.0,19.0,100.0,0.0,100.0,0.0,99.0,3692.0,19,19,100,0,100,0,200,0,100.0,16425.0,100.0,39673752912.0,100.0,71991319416.0
2018-01-03,Z305GXWJ,ST4000DM000,4000787030016,0,116,101852720,97,0,100,3,100,0,89,815926054,82,16470,100,0,100,3,100.0,0.0,100.0,0.0,100.0,0.0,100.0,0.0,100.0,0.0,80.0,20.0,100.0,0.0,100.0,0.0,99.0,3692.0,20,20,100,0,100,0,200,0,100.0,16449.0,100.0,39688586416.0,100.0,72161880380.0
2018-01-04,Z305GXWJ,ST4000DM000,4000787030016,0,109,25064272,97,0,100,3,100,0,89,817574233,82,16499,100,0,100,3,100.0,0.0,100.0,0.0,100.0,0.0,100.0,0.0,100.0,0.0,79.0,21.0,100.0,0.0,100.0,0.0,99.0,3695.0,21,21,100,0,100,0,200,0,100.0,16477.0,100.0,39698358776.0,100.0,72336558851.0
2018-01-05,Z305GXWJ,ST4000DM000,4000787030016,0,117.0,146737712.0,97.0,0.0,100.0,3.0,100.0,0.0,89.0,818824325.0,82.0,16523.0,100.0,0.0,100.0,3.0,100.0,0.0,100.0,0.0,100.0,0.0,100.0,0.0,100.0,0.0,80.0,20.0,100.0,0.0,100.0,0.0,99.0,3695.0,20.0,20.0,100.0,0.0,100.0,0.0,200.0,0.0,100.0,16502.0,100.0,39712022504.0,100.0,72507637536.0
2018-01-06,Z305GXWJ,ST4000DM000,4000787030016,0,118,193119960,97,0,100,3,100,0,89,820355519,82,16547,100,0,100,3,100.0,0.0,100.0,0.0,100.0,0.0,100.0,0.0,100.0,0.0,81.0,19.0,100.0,0.0,100.0,0.0,99.0,3695.0,19,19,100,0,100,0,200,0,100.0,16526.0,100.0,39723309248.0,100.0,72687026762.0
2018-01-07,Z305GXWJ,ST4000DM000,4000787030016,0,117,143399432,97,0,100,3,100,0,89,821225185,82,16571,100,0,100,3,100.0,0.0,100.0,0.0,100.0,0.0,100.0,0.0,100.0,0.0,80.0,20.0,100.0,0.0,100.0,0.0,99.0,3695.0,20,20,100,0,100,0,200,0,100.0,16550.0,100.0,39728815944.0,100.0,72845839596.0
2018-01-08,Z305GXWJ,ST4000DM000,4000787030016,0,119,217954280,97,0,100,3,100,0,89,822542737,82,16595,100,0,100,3,100.0,0.0,100.0,0.0,100.0,0.0,100.0,0.0,100.0,0.0,80.0,20.0,100.0,0.0,100.0,0.0,99.0,3695.0,20,20,100,0,100,0,200,0,100.0,16574.0,100.0,39733544960.0,100.0,73010828114.0
2018-01-09,Z305GXWJ,ST4000DM000,4000787030016,0,103,5492872,97,0,100,3,100,0,89,823367550,82,16619,100,0,100,3,100.0,0.0,100.0,0.0,100.0,0.0,100.0,0.0,100.0,0.0,80.0,20.0,100.0,0.0,100.0,0.0,99.0,3695.0,20,20,100,0,100,0,200,0,100.0,16597.0,100.0,39737056896.0,100.0,73149192883.0
2018-01-10,Z305GXWJ,ST4000DM000,4000787030016,0,115,85775136,97,0,100,3,100,0,89,824461339,82,16642,100,0,100,3,100.0,0.0,100.0,0.0,100.0,0.0,100.0,0.0,100.0,0.0,81.0,19.0,100.0,0.0,100.0,0.0,99.0,3697.0,19,19,100,0,100,0,200,0,100.0,16621.0,100.0,39740627832.0,100.0,73280685324.0
2018-01-11,Z305GXWJ,ST4000DM000,4000787030016,0,115,94086480,97,0,100,3,100,0,89,825178044,81,16664,100,0,100,3,100.0,0.0,100.0,0.0,100.0,0.0,100.0,0.0,100.0,0.0,80.0,20.0,100.0,0.0,100.0,0.0,99.0,3700.0,20,20,100,0,100,0,200,0,100.0,16643.0,100.0,39742803968.0,100.0,73400311763.0
2018-01-12,Z305GXWJ,ST4000DM000,4000787030016,0,109,24967656,97,0,100,3,100,0,89,826703552,81,16688,100,0,100,3,100.0,0.0,100.0,0.0,100.0,0.0,100.0,0.0,100.0,0.0,80.0,20.0,100.0,0.0,100.0,0.0,99.0,3720.0,20,20,100,0,100,0,200,0,100.0,16666.0,100.0,39750319928.0,100.0,73563511848.0
2018-01-13,Z305GXWJ,ST4000DM000,4000787030016,0,107.0,13600680.0,97.0,0.0,100.0,3.0,100,0,89.0,827176847.0,81,16712,100.0,0.0,100,3,100.0,0.0,100.0,0.0,100.0,0.0,100.0,0.0,100.0,0.0,78.0,22.0,100.0,0.0,100.0,0.0,99.0,3720.0,22.0,22.0,100.0,0.0,100.0,0.0,200,0,100.0,16690.0,100.0,39752560608.0,100.0,73736042090.0
2018-01-14,Z305GXWJ,ST4000DM000,4000787030016,0,119.0,211364416.0,97.0,0.0,100.0,3.0,100,0,89.0,827671160.0,81,16736,100.0,0.0,100,3,100.0,0.0,100.0,0.0,100.0,0.0,100.0,0.0,100.0,0.0,79.0,21.0,100.0,0.0,100.0,0.0,99.0,3720.0,21.0,21.0,100.0,0.0,100.0,0.0,200,0,100.0,16715.0,100.0,39756254520.0,100.0,73911781864.0
2018-01-15,Z305GXWJ,ST4000DM000,4000787030016,0,114.0,75157848.0,97.0,0.0,100.0,3.0,100,0,89.0,828725110.0,81,16760,100.0,0.0,100,3,100.0,0.0,100.0,0.0,100.0,0.0,100.0,0.0,100.0,0.0,79.0,21.0,100.0,0.0,100.0,0.0,99.0,3720.0,21.0,21.0,100.0,0.0,100.0,0.0,200,0,100.0,16739.0,100.0,39762624056.0,100.0,74098241475.0
2018-01-16,Z305GXWJ,ST4000DM000,4000787030016,0,117.0,162636376.0,97.0,0.0,100.0,3.0,100,0,89.0,829220263.0,81,16784,100.0,0.0,100,3,100.0,0.0,100.0,0.0,100.0,0.0,100.0,0.0,100.0,0.0,80.0,20.0,100.0,0.0,100.0,0.0,99.0,3720.0,20.0,20.0,100.0,0.0,100.0,0.0,200,0,100.0,16763.0,100.0,39767279152.0,100.0,74254887397.0
2018-01-17,Z305GXWJ,ST4000DM000,4000787030016,0,117.0,117464288.0,97.0,0.0,100.0,3.0,100,0,89.0,829916567.0,81,16808,100.0,0.0,100,3,100.0,0.0,100.0,0.0,100.0,0.0,100.0,0.0,100.0,0.0,81.0,19.0,100.0,0.0,100.0,0.0,99.0,3720.0,19.0,19.0,100.0,0.0,100.0,0.0,200,0,100.0,16786.0,100.0,39774794344.0,100.0,74407651491.0
2018-01-18,Z305GXWJ,ST4000DM000,4000787030016,0,118.0,193701776.0,97.0,0.0,100.0,3.0,100.0,0.0,89.0,830775451.0,81.0,16835.0,100.0,0.0,100.0,3.0,100.0,0.0,100.0,0.0,100.0,0.0,100.0,0.0,100.0,0.0,80.0,20.0,100.0,0.0,100.0,0.0,99.0,3723.0,20.0,20.0,100.0,0.0,100.0,0.0,200.0,0.0,100.0,16813.0,100.0,39795253856.0,100.0,74581827795.0
2018-01-19,Z305GXWJ,ST4000DM000,4000787030016,0,114.0,62986360.0,97.0,0.0,100.0,3.0,100.0,0.0,89.0,831322401.0,81.0,16859.0,100.0,0.0,100.0,3.0,100.0,0.0,100.0,0.0,100.0,0.0,100.0,0.0,100.0,0.0,81.0,19.0,100.0,0.0,100.0,0.0,99.0,3723.0,19.0,19.0,100.0,0.0,100.0,0.0,200.0,0.0,100.0,16838.0,100.0,39812614416.0,100.0,74770834877.0
2018-01-20,Z305GXWJ,ST4000DM000,4000787030016,0,115.0,93472328.0,97.0,0.0,100.0,3.0,100,0,89.0,833246155.0,81,16883,100.0,0.0,100,3,100.0,0.0,100.0,0.0,100.0,0.0,100.0,0.0,100.0,0.0,80.0,20.0,100.0,0.0,100.0,0.0,99.0,3723.0,20.0,20.0,100.0,0.0,100.0,0.0,200,0,100.0,16862.0,100.0,39830021976.0,100.0,74981346290.0
2018-01-21,Z305GXWJ,ST4000DM000,4000787030016,0,112.0,43137992.0,97.0,0.0,100.0,3.0,100,0,89.0,834085376.0,81,16907,100.0,0.0,100,3,100.0,0.0,100.0,0.0,100.0,0.0,100.0,0.0,100.0,0.0,80.0,20.0,100.0,0.0,100.0,0.0,99.0,3723.0,20.0,20.0,100.0,0.0,100.0,0.0,200,0,100.0,16885.0,100.0,39841377096.0,100.0,75155821363.0
2018-01-22,Z305GXWJ,ST4000DM000,4000787030016,0,102.0,5144736.0,97.0,0.0,100.0,3.0,100,0,89.0,835517668.0,81,16931,100.0,0.0,100,3,100.0,0.0,100.0,0.0,100.0,0.0,100.0,0.0,100.0,0.0,80.0,20.0,100.0,0.0,100.0,0.0,99.0,3723.0,20.0,20.0,100.0,0.0,100.0,0.0,200,0,100.0,16909.0,100.0,39860778904.0,100.0,75321048698.0
2018-01-23,Z305GXWJ,ST4000DM000,4000787030016,0,114.0,67564856.0,97.0,0.0,100.0,3.0,100,0,89.0,837037873.0,81,16955,100.0,0.0,100,3,100.0,0.0,100.0,0.0,100.0,0.0,100.0,0.0,100.0,0.0,81.0,19.0,100.0,0.0,100.0,0.0,99.0,3723.0,19.0,19.0,100.0,0.0,100.0,0.0,200,0,100.0,16933.0,100.0,39874164368.0,100.0,75497877327.0
2018-01-24,Z305GXWJ,ST4000DM000,4000787030016,0,117.0,121450248.0,97.0,0.0,100.0,3.0,100,0,89.0,838090361.0,81,16975,100.0,0.0,100,3,100.0,0.0,100.0,0.0,100.0,0.0,100.0,0.0,100.0,0.0,81.0,19.0,100.0,0.0,100.0,0.0,99.0,3723.0,19.0,19.0,100.0,0.0,100.0,0.0,200,0,100.0,16953.0,100.0,39890849112.0,100.0,75645872214.0
2018-01-25,Z305GXWJ,ST4000DM000,4000787030016,0,113.0,55849440.0,97.0,0.0,100.0,3.0,100,0,89.0,839229970.0,81,16992,100.0,0.0,100,3,100.0,0.0,100.0,0.0,100.0,0.0,100.0,0.0,100.0,0.0,81.0,19.0,100.0,0.0,100.0,0.0,99.0,3723.0,19.0,19.0,100.0,0.0,100.0,0.0,200,0,100.0,16970.0,100.0,39903161376.0,100.0,75758395248.0
2018-01-26,Z305GXWJ,ST4000DM000,4000787030016,0,111.0,33730456.0,97.0,0.0,100.0,3.0,100,0,89.0,840115086.0,81,17016,100.0,0.0,100,3,100.0,0.0,100.0,0.0,100.0,0.0,100.0,0.0,100.0,0.0,81.0,19.0,100.0,0.0,100.0,0.0,99.0,3726.0,19.0,19.0,100.0,0.0,100.0,0.0,200,0,100.0,16994.0,100.0,39918073088.0,100.0,75910846284.0
2018-01-27,Z305GXWJ,ST4000DM000,4000787030016,0,108.0,20741144.0,97.0,0.0,100.0,3.0,100,0,89.0,841359777.0,81,17040,100.0,0.0,100,3,100.0,0.0,100.0,0.0,100.0,0.0,100.0,0.0,100.0,0.0,81.0,19.0,100.0,0.0,100.0,0.0,99.0,3726.0,19.0,19.0,100.0,0.0,100.0,0.0,200,0,100.0,17019.0,100.0,39951538760.0,100.0,76087096213.0
2018-01-28,Z305GXWJ,ST4000DM000,4000787030016,0,119.0,211773128.0,97.0,0.0,100.0,3.0,100,0,89.0,842435314.0,81,17064,100.0,0.0,100,3,100.0,0.0,100.0,0.0,100.0,0.0,100.0,0.0,100.0,0.0,81.0,19.0,100.0,0.0,100.0,0.0,99.0,3726.0,19.0,19.0,100.0,0.0,100.0,0.0,200,0,100.0,17043.0,100.0,39992408584.0,100.0,76260539316.0
2018-01-29,Z305GXWJ,ST4000DM000,4000787030016,0,118.0,176276264.0,97.0,0.0,100.0,3.0,100,0,89.0,843898602.0,81,17088,100.0,0.0,100,3,100.0,0.0,100.0,0.0,100.0,0.0,100.0,0.0,100.0,0.0,81.0,19.0,100.0,0.0,100.0,0.0,99.0,3726.0,19.0,19.0,100.0,0.0,100.0,0.0,200,0,100.0,17067.0,100.0,40024557224.0,100.0,76457316816.0
2018-01-30,Z305GXWJ,ST4000DM000,4000787030016,0,117.0,134315448.0,97.0,0.0,100.0,3.0,100,0,89.0,845346409.0,81,17121,100.0,0.0,100,3,100.0,0.0,100.0,0.0,100.0,0.0,100.0,0.0,100.0,0.0,81.0,19.0,100.0,0.0,100.0,0.0,99.0,3728.0,19.0,19.0,100.0,0.0,100.0,0.0,200,0,100.0,17099.0,100.0,40053141600.0,100.0,76679026545.0
2018-01-31,Z305GXWJ,ST4000DM000,4000787030016,0,117.0,150089944.0,97.0,0.0,100.0,3.0,100.0,0.0,89.0,847688196.0,81.0,17145.0,100.0,0.0,100.0,3.0,100.0,0.0,100.0,0.0,100.0,0.0,100.0,0.0,100.0,0.0,81.0,19.0,100.0,0.0,100.0,0.0,99.0,3728.0,19.0,19.0,100.0,0.0,100.0,0.0,200.0,0.0,100.0,17123.0,100.0,40078828656.0,100.0,76861751126.0
2018-02-01,Z305GXWJ,ST4000DM000,4000787030016,0,115.0,90740928.0,97.0,0.0,100.0,3.0,100,0,89.0,849158211.0,81,17169,100.0,0.0,100,3,100.0,0.0,100.0,0.0,100.0,0.0,100.0,0.0,100.0,0.0,80.0,20.0,100.0,0.0,100.0,0.0,99.0,3728.0,20.0,20.0,100.0,0.0,100.0,0.0,200,0,100.0,17147.0,100.0,40108496824.0,100.0,77011881235.0
2018-02-02,Z305GXWJ,ST4000DM000,4000787030016,0,111.0,36127416.0,97.0,0.0,100.0,3.0,100,0,89.0,850606352.0,81,17192,100.0,0.0,100,3,100.0,0.0,100.0,0.0,100.0,0.0,100.0,0.0,100.0,0.0,81.0,19.0,100.0,0.0,100.0,0.0,99.0,3728.0,19.0,19.0,100.0,0.0,100.0,0.0,200,0,100.0,17171.0,100.0,40131285128.0,100.0,77181930698.0
2018-02-03,Z305GXWJ,ST4000DM000,4000787030016,0,114.0,70397440.0,97.0,0.0,100.0,3.0,100,0,89.0,851588770.0,81,17217,100.0,0.0,100,3,100.0,0.0,100.0,0.0,100.0,0.0,100.0,0.0,100.0,0.0,80.0,20.0,100.0,0.0,100.0,0.0,99.0,3728.0,20.0,20.0,100.0,0.0,100.0,0.0,200,0,100.0,17195.0,100.0,40147641424.0,100.0,77356686389.0
2018-02-04,Z305GXWJ,ST4000DM000,4000787030016,0,119.0,213053440.0,97.0,0.0,100.0,3.0,100,0,89.0,852558205.0,81,17241,100.0,0.0,100,3,100.0,0.0,100.0,0.0,100.0,0.0,100.0,0.0,100.0,0.0,81.0,19.0,100.0,0.0,100.0,0.0,99.0,3728.0,19.0,19.0,100.0,0.0,100.0,0.0,200,0,100.0,17219.0,100.0,40165420312.0,100.0,77531010749.0
2018-02-05,Z305GXWJ,ST4000DM000,4000787030016,0,117.0,129351312.0,97.0,0.0,100.0,3.0,100,0,89.0,854118725.0,81,17265,100.0,0.0,100,3,100.0,0.0,100.0,0.0,100.0,0.0,100.0,0.0,100.0,0.0,80.0,20.0,100.0,0.0,100.0,0.0,99.0,3728.0,20.0,20.0,100.0,0.0,100.0,0.0,200,0,100.0,17243.0,100.0,40179662352.0,100.0,77716393084.0
2018-02-06,Z305GXWJ,ST4000DM000,4000787030016,0,120.0,237588056.0,97.0,0.0,100.0,3.0,100,0,89.0,855011076.0,81,17288,100.0,0.0,100,3,100.0,0.0,100.0,0.0,100.0,0.0,100.0,0.0,100.0,0.0,81.0,19.0,100.0,0.0,100.0,0.0,99.0,3728.0,19.0,19.0,100.0,0.0,100.0,0.0,200,0,100.0,17267.0,100.0,40204456984.0,100.0,77854426529.0
2018-02-07,Z305GXWJ,ST4000DM000,4000787030016,0,105.0,8124096.0,97.0,0.0,100.0,3.0,100,0,89.0,856172357.0,81,17312,100.0,0.0,100,3,100.0,0.0,100.0,0.0,100.0,0.0,100.0,0.0,100.0,0.0,81.0,19.0,100.0,0.0,100.0,0.0,99.0,3728.0,19.0,19.0,100.0,0.0,100.0,0.0,200,0,100.0,17291.0,100.0,40221815424.0,100.0,78000771287.0
2018-02-08,Z305GXWJ,ST4000DM000,4000787030016,0,110.0,27870248.0,97.0,0.0,100.0,3.0,100,0,89.0,857813581.0,81,17333,100.0,0.0,100,3,100.0,0.0,100.0,0.0,100.0,0.0,100.0,0.0,100.0,0.0,82.0,18.0,100.0,0.0,100.0,0.0,99.0,3731.0,18.0,18.0,100.0,0.0,100.0,0.0,200,0,100.0,17312.0,100.0,40235200528.0,100.0,78114504139.0
2018-02-09,Z305GXWJ,ST4000DM000,4000787030016,0,111,37797448,97,0,100,3,100,0,89,858715313,81,17358,100,0,100,3,100.0,0.0,100.0,0.0,100.0,0.0,100.0,0.0,100.0,0.0,81.0,19.0,100.0,0.0,100.0,0.0,99.0,3731.0,19,19,100,0,100,0,200,0,100.0,17336.0,100.0,40251269368.0,100.0,78268301288.0
2018-02-10,Z305GXWJ,ST4000DM000,4000787030016,0,117.0,153228600.0,97.0,0.0,100.0,3.0,100.0,0.0,89.0,859656974.0,81.0,17382.0,100.0,0.0,100.0,3.0,100.0,0.0,100.0,0.0,100.0,0.0,100.0,0.0,100.0,0.0,81.0,19.0,100.0,0.0,100.0,0.0,99.0,3731.0,19.0,19.0,100.0,0.0,100.0,0.0,200.0,0.0,100.0,17360.0,100.0,40273516072.0,100.0,78434073780.0
2018-02-11,Z305GXWJ,ST4000DM000,4000787030016,0,119,215650488,97,0,100,3,100,0,89,860715943,81,17406,100,0,100,3,100.0,0.0,100.0,0.0,100.0,0.0,100.0,0.0,100.0,0.0,81.0,19.0,100.0,0.0,100.0,0.0,99.0,3731.0,19,19,100,0,100,0,200,0,100.0,17384.0,100.0,40298338248.0,100.0,78606898094.0
2018-02-12,Z305GXWJ,ST4000DM000,4000787030016,0,116,100967720,97,0,100,3,100,0,89,862342386,81,17430,100,0,100,3,100.0,0.0,100.0,0.0,100.0,0.0,100.0,0.0,100.0,0.0,81.0,19.0,100.0,0.0,100.0,0.0,99.0,3731.0,19,19,100,0,100,0,200,0,100.0,17408.0,100.0,40320715768.0,100.0,78800587730.0
2018-02-13,Z305GXWJ,ST4000DM000,4000787030016,0,108,18935568,97,0,100,3,100,0,89,863461816,81,17453,100,0,100,3,100.0,0.0,100.0,0.0,100.0,0.0,100.0,0.0,100.0,0.0,80.0,20.0,100.0,0.0,100.0,0.0,99.0,3731.0,20,20,100,0,100,0,200,0,100.0,17432.0,100.0,40357693192.0,100.0,78950532281.0
2018-02-14,Z305GXWJ,ST4000DM000,4000787030016,0,115,85631208,97,0,100,3,100,0,89,864524190,81,17478,100,0,100,3,100.0,0.0,100.0,0.0,100.0,0.0,100.0,0.0,100.0,0.0,81.0,19.0,100.0,0.0,100.0,0.0,99.0,3731.0,19,19,100,0,100,0,200,0,100.0,17456.0,100.0,40373125168.0,100.0,79121083855.0
2018-02-15,Z305GXWJ,ST4000DM000,4000787030016,0,117,166060360,97,0,100,3,100,0,89,866221705,81,17502,100,0,100,3,100.0,0.0,100.0,0.0,100.0,0.0,100.0,0.0,100.0,0.0,80.0,20.0,100.0,0.0,100.0,0.0,99.0,3731.0,20,20,100,0,100,0,200,0,100.0,17480.0,100.0,40392236800.0,100.0,79314796147.0
2018-02-16,Z305GXWJ,ST4000DM000,4000787030016,0,114,73531072,97,0,100,3,100,0,89,867314877,80,17526,100,0,100,3,100.0,0.0,100.0,0.0,100.0,0.0,100.0,0.0,100.0,0.0,80.0,20.0,100.0,0.0,100.0,0.0,99.0,3731.0,20,20,100,0,100,0,200,0,100.0,17504.0,100.0,40409543672.0,100.0,79471207769.0
2018-02-17,Z305GXWJ,ST4000DM000,4000787030016,0,109,21223136,97,0,100,3,100,0,89,868795205,80,17550,100,0,100,3,100.0,0.0,100.0,0.0,100.0,0.0,100.0,0.0,100.0,0.0,80.0,20.0,100.0,0.0,100.0,0.0,99.0,3731.0,20,20,100,0,100,0,200,0,100.0,17528.0,100.0,40451172984.0,100.0,79628099581.0
2018-02-18,Z305GXWJ,ST4000DM000,4000787030016,0,115,96287528,97,0,100,3,100,0,89,871264675,80,17573,100,0,100,3,100.0,0.0,100.0,0.0,100.0,0.0,100.0,0.0,100.0,0.0,81.0,19.0,100.0,0.0,100.0,0.0,99.0,3731.0,19,19,100,0,100,0,200,0,100.0,17552.0,100.0,40473560024.0,100.0,79816300895.0
2018-02-19,Z305GXWJ,ST4000DM000,4000787030016,0,114,79159464,97,0,100,3,100,0,89,873244411,80,17597,100,0,100,3,100.0,0.0,100.0,0.0,100.0,0.0,100.0,0.0,100.0,0.0,80.0,20.0,100.0,0.0,100.0,0.0,99.0,3731.0,20,20,100,0,100,0,200,0,100.0,17575.0,100.0,40502654752.0,100.0,79985305449.0
2018-02-20,Z305GXWJ,ST4000DM000,4000787030016,0,117,156289056,97,0,100,3,100,0,89,874173769,80,17613,100,0,100,3,100.0,0.0,100.0,0.0,100.0,0.0,100.0,0.0,100.0,0.0,80.0,20.0,100.0,0.0,100.0,0.0,99.0,3731.0,20,20,100,0,100,0,200,0,100.0,17592.0,100.0,40515582840.0,100.0,80107407165.0
2018-02-21,Z305GXWJ,ST4000DM000,4000787030016,0,113,56307544,97,0,100,3,100,0,89,875756671,80,17646,100,0,100,3,100.0,0.0,100.0,0.0,100.0,0.0,100.0,0.0,100.0,0.0,80.0,20.0,100.0,0.0,100.0,0.0,99.0,3731.0,20,20,100,0,100,0,200,0,100.0,17624.0,100.0,40544718600.0,100.0,80331624081.0
2018-02-22,Z305GXWJ,ST4000DM000,4000787030016,0,115,85166552,97,0,100,3,100,0,89,877036600,80,17669,100,0,100,3,100.0,0.0,100.0,0.0,100.0,0.0,100.0,0.0,100.0,0.0,81.0,19.0,100.0,0.0,100.0,0.0,99.0,3735.0,19,19,100,0,100,0,200,0,100.0,17648.0,100.0,40558084936.0,100.0,80482412329.0
2018-02-23,Z305GXWJ,ST4000DM000,4000787030016,0,118,197623184,97,0,100,3,100,0,89,877793758,80,17694,100,0,100,3,100.0,0.0,100.0,0.0,100.0,0.0,100.0,0.0,100.0,0.0,79.0,21.0,100.0,0.0,100.0,0.0,99.0,3735.0,21,21,100,0,100,0,200,0,100.0,17672.0,100.0,40566834096.0,100.0,80635816985.0
2018-02-24,Z305GXWJ,ST4000DM000,4000787030016,0,111,39881496,97,0,100,3,100,0,89,878749676,80,17717,100,0,100,3,100.0,0.0,100.0,0.0,100.0,0.0,100.0,0.0,100.0,0.0,81.0,19.0,100.0,0.0,100.0,0.0,99.0,3735.0,19,19,100,0,100,0,200,0,100.0,17695.0,100.0,40586642288.0,100.0,80770006082.0
2018-02-25,Z305GXWJ,ST4000DM000,4000787030016,0,117,150045544,97,0,100,3,100,0,89,879813006,80,17741,100,0,100,3,100.0,0.0,100.0,0.0,100.0,0.0,100.0,0.0,100.0,0.0,82.0,18.0,100.0,0.0,100.0,0.0,99.0,3735.0,18,18,100,0,100,0,200,0,100.0,17719.0,100.0,40617009112.0,100.0,80916325276.0
2018-02-26,Z305GXWJ,ST4000DM000,4000787030016,0,118,174393120,97,0,100,3,100,0,89,881130983,80,17766,100,0,100,3,100.0,0.0,100.0,0.0,100.0,0.0,100.0,0.0,100.0,0.0,82.0,18.0,100.0,0.0,100.0,0.0,99.0,3735.0,18,18,100,0,100,0,200,0,100.0,17744.0,100.0,40634164408.0,100.0,81089308905.0
2018-02-27,Z305GXWJ,ST4000DM000,4000787030016,0,119,224354696,97,0,100,3,100,0,89,881953162,80,17790,100,0,100,3,100.0,0.0,100.0,0.0,100.0,0.0,100.0,0.0,100.0,0.0,80.0,20.0,100.0,0.0,100.0,0.0,99.0,3735.0,20,20,100,0,100,0,200,0,100.0,17768.0,100.0,40652936280.0,100.0,81229848610.0
2018-02-28,Z305GXWJ,ST4000DM000,4000787030016,0,114,73334912,97,0,100,3,100,0,89,882756880,80,17813,100,0,100,3,100.0,0.0,100.0,0.0,100.0,0.0,100.0,0.0,100.0,0.0,81.0,19.0,100.0,0.0,100.0,0.0,99.0,3735.0,19,19,100,0,100,0,200,0,100.0,17792.0,100.0,40663918328.0,100.0,81390618461.0
2018-03-01,Z305GXWJ,ST4000DM000,4000787030016,0,117,156353168,97,0,100,3,100,0,89,885023615,80,17840,100,0,100,3,100.0,0.0,100.0,0.0,100.0,0.0,100.0,0.0,100.0,0.0,81.0,19.0,100.0,0.0,100.0,0.0,99.0,3738.0,19,19,100,0,100,0,200,0,100.0,17818.0,100.0,40679903312.0,100.0,81532193200.0
2018-03-02,Z305GXWJ,ST4000DM000,4000787030016,0,119,218024208,97,0,100,3,100,0,89,885696184,80,17863,100,0,100,3,100.0,0.0,100.0,0.0,100.0,0.0,100.0,0.0,100.0,0.0,81.0,19.0,100.0,0.0,100.0,0.0,99.0,3738.0,19,19,100,0,100,0,200,0,100.0,17842.0,100.0,40694384208.0,100.0,81671523123.0
2018-03-03,Z305GXWJ,ST4000DM000,4000787030016,0,117,147335536,97,0,100,3,100,0,89,886256374,80,17887,100,0,100,3,100.0,0.0,100.0,0.0,100.0,0.0,100.0,0.0,100.0,0.0,81.0,19.0,100.0,0.0,100.0,0.0,99.0,3738.0,19,19,100,0,100,0,200,0,100.0,17865.0,100.0,40707284696.0,100.0,81825961956.0
2018-03-04,Z305GXWJ,ST4000DM000,4000787030016,0,114,76792616,97,0,100,3,100,0,89,886735712,80,17912,100,0,100,3,100.0,0.0,100.0,0.0,100.0,0.0,100.0,0.0,100.0,0.0,81.0,19.0,100.0,0.0,100.0,0.0,99.0,3738.0,19,19,100,0,100,0,200,0,100.0,17890.0,100.0,40710995504.0,100.0,82001747687.0
2018-03-05,Z305GXWJ,ST4000DM000,4000787030016,0,119,211662160,97,0,100,3,100,0,89,887751199,80,17933,100,0,100,3,100.0,0.0,100.0,0.0,100.0,0.0,100.0,0.0,100.0,0.0,82.0,18.0,100.0,0.0,100.0,0.0,99.0,3738.0,18,18,100,0,100,0,200,0,100.0,17911.0,100.0,40717664528.0,100.0,82153626161.0
2018-03-06,Z305GXWJ,ST4000DM000,4000787030016,0,115,85962904,97,0,100,3,100,0,89,888219083,80,17956,100,0,100,3,100.0,0.0,100.0,0.0,100.0,0.0,100.0,0.0,100.0,0.0,81.0,19.0,100.0,0.0,100.0,0.0,99.0,3739.0,19,19,100,0,100,0,200,0,100.0,17935.0,100.0,40721296592.0,100.0,82333103964.0
2018-03-07,Z305GXWJ,ST4000DM000,4000787030016,0,119.0,217240984.0,97.0,0.0,100.0,3.0,100.0,0.0,89.0,888614147.0,80.0,17980.0,100.0,0.0,100.0,3.0,100.0,0.0,100.0,0.0,100.0,0.0,100.0,0.0,100.0,0.0,82.0,18.0,100.0,0.0,100.0,0.0,99.0,3739.0,18.0,18.0,100.0,0.0,100.0,0.0,200.0,0.0,100.0,17959.0,100.0,40724892048.0,100.0,82473182078.0
2018-03-08,Z305GXWJ,ST4000DM000,4000787030016,0,117,152105992,97,0,100,3,100,0,89,889512563,80,18005,100,0,100,3,100.0,0.0,100.0,0.0,100.0,0.0,100.0,0.0,100.0,0.0,82.0,18.0,100.0,0.0,100.0,0.0,99.0,3742.0,18,18,100,0,100,0,200,0,100.0,17983.0,100.0,40730817184.0,100.0,82617914434.0
2018-03-09,Z305GXWJ,ST4000DM000,4000787030016,0,117,158585952,97,0,100,3,100,0,89,890138352,80,18029,100,0,100,3,100.0,0.0,100.0,0.0,100.0,0.0,100.0,0.0,100.0,0.0,81.0,19.0,100.0,0.0,100.0,0.0,99.0,3742.0,19,19,100,0,100,0,200,0,100.0,18007.0,100.0,40736397792.0,100.0,82807766195.0
2018-03-10,Z305GXWJ,ST4000DM000,4000787030016,0,111,30838992,97,0,100,3,100,0,89,891604058,80,18053,100,0,100,3,100.0,0.0,100.0,0.0,100.0,0.0,100.0,0.0,100.0,0.0,81.0,19.0,100.0,0.0,100.0,0.0,99.0,3742.0,19,19,100,0,100,0,200,0,100.0,18031.0,100.0,40748991272.0,100.0,83004157462.0
2018-03-11,Z305GXWJ,ST4000DM000,4000787030016,0,119,209028816,97,0,100,3,100,0,89,892352498,80,18077,100,0,100,3,100.0,0.0,100.0,0.0,100.0,0.0,100.0,0.0,100.0,0.0,82.0,18.0,100.0,0.0,100.0,0.0,99.0,3742.0,18,18,100,0,100,0,200,0,100.0,18055.0,100.0,40752095904.0,100.0,83186181232.0
2018-03-12,Z305GXWJ,ST4000DM000,4000787030016,0,117,142331512,97,0,100,3,100,0,89,893621298,80,18101,100,0,100,3,100.0,0.0,100.0,0.0,100.0,0.0,100.0,0.0,100.0,0.0,82.0,18.0,100.0,0.0,100.0,0.0,99.0,3742.0,18,18,100,0,100,0,200,0,100.0,18079.0,100.0,40757480384.0,100.0,83342703171.0
2018-03-13,Z305GXWJ,ST4000DM000,4000787030016,0,117,120514792,97,0,100,3,100,0,89,895065786,80,18125,100,0,100,3,100.0,0.0,100.0,0.0,100.0,0.0,100.0,0.0,100.0,0.0,81.0,19.0,100.0,0.0,100.0,0.0,99.0,3742.0,19,19,100,0,100,0,200,0,100.0,18103.0,100.0,40762603776.0,100.0,83524609826.0
2018-03-14,Z305GXWJ,ST4000DM000,4000787030016,0,115,85811160,97,0,100,3,100,0,89,896053674,80,18149,100,0,100,3,100.0,0.0,100.0,0.0,100.0,0.0,100.0,0.0,100.0,0.0,81.0,19.0,100.0,0.0,100.0,0.0,99.0,3742.0,19,19,100,0,100,0,200,0,100.0,18127.0,100.0,40768262848.0,100.0,83700599285.0
2018-03-15,Z305GXWJ,ST4000DM000,4000787030016,0,114,68581360,97,0,100,3,100,0,89,897512012,80,18175,100,0,100,3,100.0,0.0,100.0,0.0,100.0,0.0,100.0,0.0,100.0,0.0,82.0,18.0,100.0,0.0,100.0,0.0,99.0,3749.0,18,18,100,0,100,0,200,0,100.0,18153.0,100.0,40778104280.0,100.0,83870172847.0
2018-03-16,Z305GXWJ,ST4000DM000,4000787030016,0,118.0,170706312.0,97.0,0.0,100.0,3.0,100.0,0.0,89.0,898345262.0,80.0,18199.0,100.0,0.0,100.0,3.0,100.0,0.0,100.0,0.0,100.0,0.0,100.0,0.0,100.0,0.0,81.0,19.0,100.0,0.0,100.0,0.0,99.0,3749.0,19.0,19.0,100.0,0.0,100.0,0.0,200.0,0.0,100.0,18177.0,100.0,40784485480.0,100.0,84031160276.0
2018-03-17,Z305GXWJ,ST4000DM000,4000787030016,0,117,152724936,97,0,100,3,100,0,89,899418931,80,18223,100,0,100,3,100.0,0.0,100.0,0.0,100.0,0.0,100.0,0.0,100.0,0.0,81.0,19.0,100.0,0.0,100.0,0.0,99.0,3749.0,19,19,100,0,100,0,200,0,100.0,18201.0,100.0,40792365824.0,100.0,84218372614.0
2018-03-18,Z305GXWJ,ST4000DM000,4000787030016,0,115,88250856,97,0,100,3,100,0,89,901101076,80,18247,100,0,100,3,100.0,0.0,100.0,0.0,100.0,0.0,100.0,0.0,100.0,0.0,80.0,20.0,100.0,0.0,100.0,0.0,99.0,3749.0,20,20,100,0,100,0,200,0,100.0,18225.0,100.0,40800970432.0,100.0,84396014990.0
2018-03-19,Z305GXWJ,ST4000DM000,4000787030016,0,119,230859808,97,0,100,3,100,0,89,902631259,80,18271,100,0,100,3,100.0,0.0,100.0,0.0,100.0,0.0,100.0,0.0,100.0,0.0,81.0,19.0,100.0,0.0,100.0,0.0,99.0,3749.0,19,19,100,0,100,0,200,0,100.0,18249.0,100.0,40808925904.0,100.0,84589572639.0
2018-03-20,Z305GXWJ,ST4000DM000,4000787030016,0,115,99101120,97,0,100,3,100,0,89,903640909,80,18295,100,0,100,3,100.0,0.0,100.0,0.0,100.0,0.0,100.0,0.0,100.0,0.0,81.0,19.0,100.0,0.0,100.0,0.0,99.0,3749.0,19,19,100,0,100,0,200,0,100.0,18273.0,100.0,40812475600.0,100.0,84749682125.0
2018-03-21,Z305GXWJ,ST4000DM000,4000787030016,0,118,194888328,97,0,100,3,100,0,89,905001300,80,18319,100,0,100,3,100.0,0.0,100.0,0.0,100.0,0.0,100.0,0.0,100.0,0.0,82.0,18.0,100.0,0.0,100.0,0.0,99.0,3749.0,18,18,100,0,100,0,200,0,100.0,18297.0,100.0,40828034920.0,100.0,84912964846.0
2018-03-22,Z305GXWJ,ST4000DM000,4000787030016,0,115,93311840,97,0,100,3,100,0,89,906316261,80,18343,100,0,100,3,100.0,0.0,100.0,0.0,100.0,0.0,100.0,0.0,100.0,0.0,82.0,18.0,100.0,0.0,100.0,0.0,99.0,3749.0,18,18,100,0,100,0,200,0,100.0,18321.0,100.0,40847711232.0,100.0,85068827966.0
2018-03-23,Z305GXWJ,ST4000DM000,4000787030016,0,100,2828928,97,0,100,3,100,0,89,907095312,80,18367,100,0,100,3,100.0,0.0,100.0,0.0,100.0,0.0,100.0,0.0,100.0,0.0,81.0,19.0,100.0,0.0,100.0,0.0,99.0,3749.0,19,19,100,0,100,0,200,0,100.0,18345.0,100.0,40856677232.0,100.0,85228378667.0
2018-03-24,Z305GXWJ,ST4000DM000,4000787030016,0,117,163906304,97,0,100,3,100,0,89,907858142,80,18391,100,0,100,3,100.0,0.0,100.0,0.0,100.0,0.0,100.0,0.0,100.0,0.0,81.0,19.0,100.0,0.0,100.0,0.0,99.0,3749.0,19,19,100,0,100,0,200,0,100.0,18369.0,100.0,40868481360.0,100.0,85384915668.0
2018-03-25,Z305GXWJ,ST4000DM000,4000787030016,0,119,215703176,97,0,100,3,100,0,89,908612421,79,18414,100,0,100,3,100.0,0.0,100.0,0.0,100.0,0.0,100.0,0.0,100.0,0.0,81.0,19.0,100.0,0.0,100.0,0.0,99.0,3749.0,19,19,100,0,100,0,200,0,100.0,18392.0,100.0,40882274400.0,100.0,85515691743.0
2018-03-26,Z305GXWJ,ST4000DM000,4000787030016,0,115,99411328,97,0,100,3,100,0,89,910052311,79,18439,100,0,100,3,100.0,0.0,100.0,0.0,100.0,0.0,100.0,0.0,100.0,0.0,81.0,19.0,100.0,0.0,100.0,0.0,99.0,3749.0,19,19,100,0,100,0,200,0,100.0,18417.0,100.0,40890074688.0,100.0,85681189585.0
2018-03-27,Z305GXWJ,ST4000DM000,4000787030016,0,119,206902720,97,0,100,3,100,0,89,912027063,79,18463,100,0,100,3,100.0,0.0,100.0,0.0,100.0,0.0,100.0,0.0,100.0,0.0,82.0,18.0,100.0,0.0,100.0,0.0,99.0,3749.0,18,18,100,0,100,0,200,0,100.0,18441.0,100.0,40901589760.0,100.0,85861374499.0
2018-03-28,Z305GXWJ,ST4000DM000,4000787030016,0,115,94905424,97,0,100,3,100,0,89,913026772,79,18487,100,0,100,3,100.0,0.0,100.0,0.0,100.0,0.0,100.0,0.0,100.0,0.0,81.0,19.0,100.0,0.0,100.0,0.0,99.0,3749.0,19,19,100,0,100,0,200,0,100.0,18465.0,100.0,40912717808.0,100.0,86030015407.0
2018-03-29,Z305GXWJ,ST4000DM000,4000787030016,0,119,203193008,97,0,100,3,100,0,89,914117967,79,18511,100,0,100,3,100.0,0.0,100.0,0.0,100.0,0.0,100.0,0.0,100.0,0.0,81.0,19.0,100.0,0.0,100.0,0.0,99.0,3749.0,19,19,100,0,100,0,200,0,100.0,18489.0,100.0,40921929520.0,100.0,86182513326.0
2018-03-30,Z305GXWJ,ST4000DM000,4000787030016,0,112,43948920,97,0,100,3,100,0,89,915015823,79,18535,100,0,100,3,100.0,0.0,100.0,0.0,100.0,0.0,100.0,0.0,100.0,0.0,82.0,18.0,100.0,0.0,100.0,0.0,99.0,3749.0,18,18,100,0,100,0,200,0,100.0,18513.0,100.0,40931739656.0,100.0,86352169048.0
2018-03-31,Z305GXWJ,ST4000DM000,4000787030016,0,117,142663688,97,0,100,3,100,0,89,916022307,79,18558,100,0,100,3,100.0,0.0,100.0,0.0,100.0,0.0,100.0,0.0,100.0,0.0,82.0,18.0,100.0,0.0,100.0,0.0,99.0,3749.0,18,18,100,0,100,0,200,0,100.0,18536.0,100.0,40945038576.0,100.0,86512131940.0
2018-04-01,Z305GXWJ,ST4000DM000,4000787030016,0,116,101653848,97,0,100,3,100,0,89,916994810,79,18583,100,0,100,3,100.0,0.0,100.0,0.0,100.0,0.0,100.0,0.0,100.0,0.0,82.0,18.0,100.0,0.0,100.0,0.0,99.0,3749.0,18,18,100,0,100,0,200,0,100.0,18561.0,100.0,40958024440.0,100.0,86672541763.0
2018-04-02,Z305GXWJ,ST4000DM000,4000787030016,0,114,59310592,97,0,100,3,100,0,89,918935137,79,18606,100,0,100,3,100.0,0.0,100.0,0.0,100.0,0.0,100.0,0.0,100.0,0.0,82.0,18.0,100.0,0.0,100.0,0.0,99.0,3749.0,18,18,100,0,100,0,200,0,100.0,18584.0,100.0,40980672952.0,100.0,86896450239.0
2018-04-03,Z305GXWJ,ST4000DM000,4000787030016,0,119,218570880,97,0,100,3,100,0,89,920003021,79,18630,100,0,100,3,100.0,0.0,100.0,0.0,100.0,0.0,100.0,0.0,100.0,0.0,81.0,19.0,100.0,0.0,100.0,0.0,99.0,3749.0,19,19,100,0,100,0,200,0,100.0,18608.0,100.0,40996939024.0,100.0,87048229923.0
2018-04-04,Z305GXWJ,ST4000DM000,4000787030016,0,117,159951496,97,0,100,3,100,0,89,921364211,79,18655,100,0,100,3,100.0,0.0,100.0,0.0,100.0,0.0,100.0,0.0,100.0,0.0,82.0,18.0,100.0,0.0,100.0,0.0,99.0,3749.0,18,18,100,0,100,0,200,0,100.0,18633.0,100.0,41012616376.0,100.0,87206482137.0
2018-04-05,Z305GXWJ,ST4000DM000,4000787030016,0,117,166908192,97,0,100,3,100,0,89,923964594,79,18679,100,0,100,3,100.0,0.0,100.0,0.0,100.0,0.0,100.0,0.0,100.0,0.0,83.0,17.0,100.0,0.0,100.0,0.0,99.0,3749.0,17,17,100,0,100,0,200,0,100.0,18657.0,100.0,41029611568.0,100.0,87374528960.0
2018-04-06,Z305GXWJ,ST4000DM000,4000787030016,0,119,217864872,97,0,100,3,100,0,89,925292629,79,18703,100,0,100,3,100.0,0.0,100.0,0.0,100.0,0.0,100.0,0.0,100.0,0.0,82.0,18.0,100.0,0.0,100.0,0.0,99.0,3749.0,18,18,100,0,100,0,200,0,100.0,18681.0,100.0,41051530416.0,100.0,87535965471.0
2018-04-07,Z305GXWJ,ST4000DM000,4000787030016,0,113.0,52686344.0,97.0,0.0,100.0,3.0,100.0,0.0,89.0,926632012.0,79.0,18727.0,100.0,0.0,100.0,3.0,100.0,0.0,100.0,0.0,100.0,0.0,100.0,0.0,100.0,0.0,83.0,17.0,100.0,0.0,100.0,0.0,99.0,3749.0,17.0,17.0,100.0,0.0,100.0,0.0,200.0,0.0,100.0,18705.0,100.0,41064418624.0,100.0,87709774955.0
2018-04-08,Z305GXWJ,ST4000DM000,4000787030016,0,119,214380352,97,0,100,3,100,0,89,927456468,79,18751,100,0,100,3,100.0,0.0,100.0,0.0,100.0,0.0,100.0,0.0,100.0,0.0,83.0,17.0,100.0,0.0,100.0,0.0,99.0,3749.0,17,17,100,0,100,0,200,0,100.0,18729.0,100.0,41071940784.0,100.0,87864309991.0
2018-04-09,Z305GXWJ,ST4000DM000,4000787030016,0,119,207877744,97,0,100,3,100,0,89,928892407,79,18774,100,0,100,3,100.0,0.0,100.0,0.0,100.0,0.0,100.0,0.0,100.0,0.0,83.0,17.0,100.0,0.0,100.0,0.0,99.0,3749.0,17,17,100,0,100,0,200,0,100.0,18752.0,100.0,41077499368.0,100.0,88024633489.0
2018-04-10,Z305GXWJ,ST4000DM000,4000787030016,0,119,230757384,97,0,100,3,100,0,89,929562496,79,18799,100,0,100,3,100.0,0.0,100.0,0.0,100.0,0.0,100.0,0.0,100.0,0.0,83.0,17.0,100.0,0.0,100.0,0.0,99.0,3749.0,17,17,100,0,100,0,200,0,100.0,18777.0,100.0,41080542144.0,100.0,88183137020.0
2018-04-11,Z305GXWJ,ST4000DM000,4000787030016,0,115,99225432,97,0,100,3,100,0,89,930272393,79,18823,100,0,100,3,100.0,0.0,100.0,0.0,100.0,0.0,100.0,0.0,100.0,0.0,83.0,17.0,100.0,0.0,100.0,0.0,99.0,3750.0,17,17,100,0,100,0,200,0,100.0,18801.0,100.0,41083630184.0,100.0,88316778619.0
2018-04-12,Z305GXWJ,ST4000DM000,4000787030016,0,100,2962536,97,0,100,3,100,0,89,931245411,79,18846,100,0,100,3,100.0,0.0,100.0,0.0,100.0,0.0,100.0,0.0,100.0,0.0,83.0,17.0,100.0,0.0,100.0,0.0,99.0,3754.0,17,17,100,0,100,0,200,0,100.0,18824.0,100.0,41088418656.0,100.0,88447396071.0
2018-04-13,Z305GXWJ,ST4000DM000,4000787030016,0,102,5067832,97,0,100,3,100,0,89,931873976,79,18870,100,0,100,3,100.0,0.0,100.0,0.0,100.0,0.0,100.0,0.0,100.0,0.0,82.0,18.0,100.0,0.0,100.0,0.0,99.0,3754.0,18,18,100,0,100,0,200,0,100.0,18848.0,100.0,41089679528.0,100.0,88595035822.0
2018-04-14,Z305GXWJ,ST4000DM000,4000787030016,0,114,69253192,97,0,100,3,100,0,89,932442926,79,18894,100,0,100,3,100.0,0.0,100.0,0.0,100.0,0.0,100.0,0.0,100.0,0.0,82.0,18.0,100.0,0.0,100.0,0.0,99.0,3754.0,18,18,100,0,100,0,200,0,100.0,18872.0,100.0,41091069240.0,100.0,88735586066.0
2018-04-15,Z305GXWJ,ST4000DM000,4000787030016,0,114,76380064,97,0,100,3,100,0,89,934044903,79,18918,100,0,100,3,100.0,0.0,100.0,0.0,100.0,0.0,100.0,0.0,100.0,0.0,82.0,18.0,100.0,0.0,100.0,0.0,99.0,3770.0,18,18,100,0,100,0,200,0,100.0,18896.0,100.0,41096731432.0,100.0,88882804992.0
2018-04-16,Z305GXWJ,ST4000DM000,4000787030016,0,119,229349904,97,0,100,3,100,0,89,935086559,79,18942,100,0,100,3,100.0,0.0,100.0,0.0,100.0,0.0,100.0,0.0,100.0,0.0,82.0,18.0,100.0,0.0,100.0,0.0,99.0,3774.0,18,18,100,0,100,0,200,0,100.0,18920.0,100.0,41101537240.0,100.0,89058152125.0
2018-04-17,Z305GXWJ,ST4000DM000,4000787030016,0,120,233056,97,0,100,3,100,0,89,935637898,79,18966,100,0,100,3,100.0,0.0,100.0,0.0,100.0,0.0,100.0,0.0,100.0,0.0,81.0,19.0,100.0,0.0,100.0,0.0,99.0,3774.0,19,19,100,0,100,0,200,0,100.0,18944.0,100.0,41106380928.0,100.0,89228240629.0
2018-04-18,Z305GXWJ,ST4000DM000,4000787030016,0,105,7594128,97,0,100,3,100,0,89,936178752,79,18990,100,0,100,3,100.0,0.0,100.0,0.0,100.0,0.0,100.0,0.0,100.0,0.0,81.0,19.0,100.0,0.0,100.0,0.0,99.0,3774.0,19,19,100,0,100,0,200,0,100.0,18968.0,100.0,41110504408.0,100.0,89390053331.0
2018-04-19,Z305GXWJ,ST4000DM000,4000787030016,0,114,70752560,97,0,100,3,100,0,89,936998479,79,19014,100,0,100,3,100.0,0.0,100.0,0.0,100.0,0.0,100.0,0.0,100.0,0.0,82.0,18.0,100.0,0.0,100.0,0.0,99.0,3777.0,18,18,100,0,100,0,200,0,100.0,18992.0,100.0,41114855360.0,100.0,89556750720.0
2018-04-20,Z305GXWJ,ST4000DM000,4000787030016,0,120,1346624,97,0,100,3,100,0,89,937432857,79,19038,100,0,100,3,100.0,0.0,100.0,0.0,100.0,0.0,100.0,0.0,100.0,0.0,82.0,18.0,100.0,0.0,100.0,0.0,99.0,3777.0,18,18,100,0,100,0,200,0,100.0,19016.0,100.0,41119084824.0,100.0,89693121363.0
2018-04-21,Z305GXWJ,ST4000DM000,4000787030016,0,119,202933464,97,0,100,3,100,0,89,937849269,79,19062,100,0,100,3,100.0,0.0,100.0,0.0,100.0,0.0,100.0,0.0,100.0,0.0,81.0,19.0,100.0,0.0,100.0,0.0,99.0,3777.0,19,19,100,0,100,0,200,0,100.0,19040.0,100.0,41123433304.0,100.0,89858493112.0
2018-04-22,Z305GXWJ,ST4000DM000,4000787030016,0,111,39708232,97,0,100,3,100,0,89,938193234,79,19086,100,0,100,3,100.0,0.0,100.0,0.0,100.0,0.0,100.0,0.0,100.0,0.0,82.0,18.0,100.0,0.0,100.0,0.0,99.0,3777.0,18,18,100,0,100,0,200,0,100.0,19064.0,100.0,41125699568.0,100.0,90038119947.0
2018-04-23,Z305GXWJ,ST4000DM000,4000787030016,0,119,234618144,97,0,100,3,100,0,89,939406879,79,19110,100,0,100,3,100.0,0.0,100.0,0.0,100.0,0.0,100.0,0.0,100.0,0.0,82.0,18.0,100.0,0.0,100.0,0.0,99.0,3777.0,18,18,100,0,100,0,200,0,100.0,19088.0,100.0,41130119456.0,100.0,90238679193.0
2018-04-24,Z305GXWJ,ST4000DM000,4000787030016,0,108,17593688,97,0,100,3,100,0,90,941127064,79,19134,100,0,100,3,100.0,0.0,100.0,0.0,100.0,0.0,100.0,0.0,100.0,0.0,82.0,18.0,100.0,0.0,100.0,0.0,99.0,3777.0,18,18,100,0,100,0,200,0,100.0,19112.0,100.0,41132693160.0,100.0,90424323172.0
2018-04-25,Z305GXWJ,ST4000DM000,4000787030016,0,118,171215216,97,0,100,3,100,0,90,942040968,79,19158,100,0,100,3,100.0,0.0,100.0,0.0,100.0,0.0,100.0,0.0,100.0,0.0,82.0,18.0,100.0,0.0,100.0,0.0,99.0,3778.0,18,18,100,0,100,0,200,0,100.0,19136.0,100.0,41135575472.0,100.0,90583729657.0
2018-04-26,Z305GXWJ,ST4000DM000,4000787030016,0,111,40246824,97,0,100,3,100,0,90,943649753,79,19184,100,0,100,3,100.0,0.0,100.0,0.0,100.0,0.0,100.0,0.0,100.0,0.0,81.0,19.0,100.0,0.0,100.0,0.0,99.0,3781.0,19,19,100,0,100,0,200,0,100.0,19161.0,100.0,41141141088.0,100.0,90750914479.0
2018-04-27,Z305GXWJ,ST4000DM000,4000787030016,0,119,202227168,97,0,100,3,100,0,90,944691069,79,19208,100,0,100,3,100.0,0.0,100.0,0.0,100.0,0.0,100.0,0.0,100.0,0.0,81.0,19.0,100.0,0.0,100.0,0.0,99.0,3781.0,19,19,100,0,100,0,200,0,100.0,19185.0,100.0,41143592584.0,100.0,90931379893.0
2018-04-28,Z305GXWJ,ST4000DM000,4000787030016,0,110,27834792,97,0,100,3,100,0,90,945687150,79,19232,100,0,100,3,100.0,0.0,100.0,0.0,100.0,0.0,100.0,0.0,100.0,0.0,81.0,19.0,100.0,0.0,100.0,0.0,99.0,3781.0,19,19,100,0,100,0,200,0,100.0,19210.0,100.0,41147726248.0,100.0,91105653783.0
2018-04-29,Z305GXWJ,ST4000DM000,4000787030016,0,102,4115560,97,0,100,3,100,0,90,946387033,79,19256,100,0,100,3,100.0,0.0,100.0,0.0,100.0,0.0,100.0,0.0,100.0,0.0,81.0,19.0,100.0,0.0,100.0,0.0,99.0,3781.0,19,19,100,0,100,0,200,0,100.0,19234.0,100.0,41150702888.0,100.0,91266937319.0
2018-04-30,Z305GXWJ,ST4000DM000,4000787030016,0,120,2304080,97,0,100,3,100,0,90,947785802,78,19280,100,0,100,3,100.0,0.0,100.0,0.0,100.0,0.0,100.0,0.0,100.0,0.0,81.0,19.0,100.0,0.0,100.0,0.0,99.0,3781.0,19,19,100,0,100,0,200,0,100.0,19257.0,100.0,41156203280.0,100.0,91458066715.0
2018-05-01,Z305GXWJ,ST4000DM000,4000787030016,0,116,112255264,97,0,100,3,100,0,90,948553971,78,19304,100,0,100,3,100.0,0.0,100.0,0.0,100.0,0.0,100.0,0.0,100.0,0.0,81.0,19.0,100.0,0.0,100.0,0.0,99.0,3781.0,19,19,100,0,100,0,200,0,100.0,19281.0,100.0,41158329488.0,100.0,91613249019.0
2018-05-02,Z305GXWJ,ST4000DM000,4000787030016,0,118.0,197468128.0,97.0,0.0,100.0,3.0,100.0,0.0,90.0,950027092.0,78.0,19328.0,100.0,0.0,100.0,3.0,100.0,0.0,100.0,0.0,100.0,0.0,100.0,0.0,100.0,0.0,82.0,18.0,100.0,0.0,100.0,0.0,99.0,3782.0,18.0,18.0,100.0,0.0,100.0,0.0,200.0,0.0,100.0,19305.0,100.0,41161809600.0,100.0,91786420021.0
2018-05-03,Z305GXWJ,ST4000DM000,4000787030016,0,117,148790112,97,0,100,3,100,0,90,951726939,78,19350,100,0,100,3,100.0,0.0,100.0,0.0,100.0,0.0,100.0,0.0,100.0,0.0,82.0,18.0,100.0,0.0,100.0,0.0,99.0,3786.0,18,18,100,0,100,0,200,0,100.0,19328.0,100.0,41166660520.0,100.0,91926700500.0
2018-05-04,Z305GXWJ,ST4000DM000,4000787030016,0,118,193117000,97,0,100,3,100,0,90,952721398,78,19374,100,0,100,3,100.0,0.0,100.0,0.0,100.0,0.0,100.0,0.0,100.0,0.0,82.0,18.0,100.0,0.0,100.0,0.0,99.0,3786.0,18,18,100,0,100,0,200,0,100.0,19351.0,100.0,41170100872.0,100.0,92083840567.0
2018-05-05,Z305GXWJ,ST4000DM000,4000787030016,0,114,82723808,97,0,100,3,100,0,90,953424274,78,19398,100,0,100,3,100.0,0.0,100.0,0.0,100.0,0.0,100.0,0.0,100.0,0.0,81.0,19.0,100.0,0.0,100.0,0.0,99.0,3786.0,19,19,100,0,100,0,200,0,100.0,19375.0,100.0,41172348120.0,100.0,92241695428.0
2018-05-06,Z305GXWJ,ST4000DM000,4000787030016,0,118,192676272,97,0,100,3,100,0,90,954124465,78,19422,100,0,100,3,100.0,0.0,100.0,0.0,100.0,0.0,100.0,0.0,100.0,0.0,81.0,19.0,100.0,0.0,100.0,0.0,99.0,3786.0,19,19,100,0,100,0,200,0,100.0,19400.0,100.0,41174617248.0,100.0,92405722506.0
2018-05-07,Z305GXWJ,ST4000DM000,4000787030016,0,117,130156416,97,0,100,3,100,0,90,955445933,78,19446,100,0,100,3,100.0,0.0,100.0,0.0,100.0,0.0,100.0,0.0,100.0,0.0,81.0,19.0,100.0,0.0,100.0,0.0,99.0,3786.0,19,19,100,0,100,0,200,0,100.0,19424.0,100.0,41179690512.0,100.0,92567758341.0
2018-05-08,Z305GXWJ,ST4000DM000,4000787030016,0,113,56867736,97,0,100,3,100,0,90,956213614,78,19470,100,0,100,3,100.0,0.0,100.0,0.0,100.0,0.0,100.0,0.0,100.0,0.0,81.0,19.0,100.0,0.0,100.0,0.0,99.0,3786.0,19,19,100,0,100,0,200,0,100.0,19447.0,100.0,41181558992.0,100.0,92708658979.0
2018-05-09,Z305GXWJ,ST4000DM000,4000787030016,0,115,99619136,97,0,100,3,100,0,90,957180555,78,19494,100,0,100,3,100.0,0.0,100.0,0.0,100.0,0.0,100.0,0.0,100.0,0.0,81.0,19.0,100.0,0.0,100.0,0.0,99.0,3786.0,19,19,100,0,100,0,200,0,100.0,19472.0,100.0,41184210576.0,100.0,92861154939.0
2018-05-10,Z305GXWJ,ST4000DM000,4000787030016,0,120,242245416,97,0,100,3,100,0,90,958249739,78,19518,100,0,100,3,100.0,0.0,100.0,0.0,100.0,0.0,100.0,0.0,100.0,0.0,81.0,19.0,100.0,0.0,100.0,0.0,99.0,3791.0,19,19,100,0,100,0,200,0,100.0,19496.0,100.0,41187777688.0,100.0,93015848426.0
2018-05-11,Z305GXWJ,ST4000DM000,4000787030016,0,115,88843736,97,0,100,3,100,0,90,959036814,78,19542,100,0,100,3,100.0,0.0,100.0,0.0,100.0,0.0,100.0,0.0,100.0,0.0,81.0,19.0,100.0,0.0,100.0,0.0,99.0,3791.0,19,19,100,0,100,0,200,0,100.0,19520.0,100.0,41190773584.0,100.0,93176897867.0
2018-05-12,Z305GXWJ,ST4000DM000,4000787030016,0,120,240607928,97,0,100,3,100,0,90,960916472,78,19567,100,0,100,3,100.0,0.0,100.0,0.0,100.0,0.0,100.0,0.0,100.0,0.0,81.0,19.0,100.0,0.0,100.0,0.0,99.0,3792.0,19,19,100,0,100,0,200,0,100.0,19544.0,100.0,41196442728.0,100.0,93371108346.0
2018-05-13,Z305GXWJ,ST4000DM000,4000787030016,0,118,193623128,97,0,100,3,100,0,90,961691111,78,19591,100,0,100,3,100.0,0.0,100.0,0.0,100.0,0.0,100.0,0.0,100.0,0.0,81.0,19.0,100.0,0.0,100.0,0.0,99.0,3792.0,19,19,100,0,100,0,200,0,100.0,19568.0,100.0,41198617304.0,100.0,93515209846.0
2018-05-14,Z305GXWJ,ST4000DM000,4000787030016,0,117,147717832,97,0,100,3,100,0,90,963417484,78,19615,100,0,100,3,100.0,0.0,100.0,0.0,100.0,0.0,100.0,0.0,100.0,0.0,81.0,19.0,100.0,0.0,100.0,0.0,99.0,3792.0,19,19,100,0,100,0,200,0,100.0,19592.0,100.0,41202876680.0,100.0,93738905097.0
2018-05-15,Z305GXWJ,ST4000DM000,4000787030016,0,115.0,92953104.0,97.0,0.0,100.0,3.0,100.0,0.0,90.0,964314287.0,78.0,19639.0,100.0,0.0,100.0,3.0,100.0,0.0,100.0,0.0,100.0,0.0,100.0,0.0,100.0,0.0,81.0,19.0,100.0,0.0,100.0,0.0,99.0,3792.0,19.0,19.0,100.0,0.0,100.0,0.0,200.0,0.0,100.0,19616.0,100.0,41205979072.0,100.0,93887780929.0
2018-05-16,Z305GXWJ,ST4000DM000,4000787030016,0,119,232495464,97,0,100,3,100,0,90,965551548,78,19662,100,0,100,3,100.0,0.0,100.0,0.0,100.0,0.0,100.0,0.0,100.0,0.0,81.0,19.0,100.0,0.0,100.0,0.0,99.0,3793.0,19,19,100,0,100,0,200,0,100.0,19640.0,100.0,41210288384.0,100.0,94043836149.0
2018-05-17,Z305GXWJ,ST4000DM000,4000787030016,0,115,86150592,97,0,100,3,100,0,90,967088677,78,19686,100,0,100,3,100.0,0.0,100.0,0.0,100.0,0.0,100.0,0.0,100.0,0.0,80.0,20.0,100.0,0.0,100.0,0.0,99.0,3797.0,20,20,100,0,100,0,200,0,100.0,19664.0,100.0,41214033216.0,100.0,94201897738.0
2018-05-18,Z305GXWJ,ST4000DM000,4000787030016,0,119,203251160,97,0,100,3,100,0,90,968193244,78,19710,100,0,100,3,100.0,0.0,100.0,0.0,100.0,0.0,100.0,0.0,100.0,0.0,81.0,19.0,100.0,0.0,100.0,0.0,99.0,3797.0,19,19,100,0,100,0,200,0,100.0,19687.0,100.0,41217093672.0,100.0,94356170946.0
2018-05-19,Z305GXWJ,ST4000DM000,4000787030016,0,108,15512960,97,0,100,3,100,0,90,969378108,78,19734,100,0,100,3,100.0,0.0,100.0,0.0,100.0,0.0,100.0,0.0,100.0,0.0,81.0,19.0,100.0,0.0,100.0,0.0,99.0,3797.0,19,19,100,0,100,0,200,0,100.0,19712.0,100.0,41218835864.0,100.0,94528219269.0
2018-05-20,Z305GXWJ,ST4000DM000,4000787030016,0,111,37670392,97,0,100,3,100,0,90,970326043,78,19758,100,0,100,3,100.0,0.0,100.0,0.0,100.0,0.0,100.0,0.0,100.0,0.0,81.0,19.0,100.0,0.0,100.0,0.0,99.0,3797.0,19,19,100,0,100,0,200,0,100.0,19735.0,100.0,41221319696.0,100.0,94691448607.0
2018-05-21,Z305GXWJ,ST4000DM000,4000787030016,0,118,172530016,97,0,100,3,100,0,90,972468253,78,19782,100,0,100,3,100.0,0.0,100.0,0.0,100.0,0.0,100.0,0.0,100.0,0.0,81.0,19.0,100.0,0.0,100.0,0.0,99.0,3798.0,19,19,100,0,100,0,200,0,100.0,19759.0,100.0,41226485136.0,100.0,94863736950.0
2018-05-22,Z305GXWJ,ST4000DM000,4000787030016,0,111,41558744,97,0,100,3,100,0,90,973071702,78,19806,100,0,100,3,100.0,0.0,100.0,0.0,100.0,0.0,100.0,0.0,100.0,0.0,81.0,19.0,100.0,0.0,100.0,0.0,99.0,3798.0,19,19,100,0,100,0,200,0,100.0,19783.0,100.0,41228668320.0,100.0,95017126987.0
2018-05-23,Z305GXWJ,ST4000DM000,4000787030016,0,119,223995424,97,0,100,3,100,0,90,973827894,78,19830,100,0,100,3,100.0,0.0,100.0,0.0,100.0,0.0,100.0,0.0,100.0,0.0,81.0,19.0,100.0,0.0,100.0,0.0,99.0,3798.0,19,19,100,0,100,0,200,0,100.0,19807.0,100.0,41233826920.0,100.0,95171554158.0
2018-05-24,Z305GXWJ,ST4000DM000,4000787030016,0,111,30572248,97,0,100,3,100,0,90,974932722,78,19854,100,0,100,3,100.0,0.0,100.0,0.0,100.0,0.0,100.0,0.0,100.0,0.0,81.0,19.0,100.0,0.0,100.0,0.0,99.0,3799.0,19,19,100,0,100,0,200,0,100.0,19831.0,100.0,41238910608.0,100.0,95311680115.0
2018-05-25,Z305GXWJ,ST4000DM000,4000787030016,0,118,184062504,97,0,100,3,100,0,90,975569331,78,19878,100,0,100,3,100.0,0.0,100.0,0.0,100.0,0.0,100.0,0.0,100.0,0.0,81.0,19.0,100.0,0.0,100.0,0.0,99.0,3803.0,19,19,100,0,100,0,200,0,100.0,19855.0,100.0,41241419128.0,100.0,95450793697.0
2018-05-26,Z305GXWJ,ST4000DM000,4000787030016,0,116,107347304,97,0,100,3,100,0,90,976054524,78,19902,100,0,100,3,100.0,0.0,100.0,0.0,100.0,0.0,100.0,0.0,100.0,0.0,81.0,19.0,100.0,0.0,100.0,0.0,99.0,3849.0,19,19,100,0,100,0,200,0,100.0,19879.0,100.0,41243491208.0,100.0,95593266246.0
2018-05-27,Z305GXWJ,ST4000DM000,4000787030016,0,116,116935216,97,0,100,3,100,0,90,976498987,78,19926,100,0,100,3,100.0,0.0,100.0,0.0,100.0,0.0,100.0,0.0,100.0,0.0,81.0,19.0,100.0,0.0,100.0,0.0,99.0,3850.0,19,19,100,0,100,0,200,0,100.0,19903.0,100.0,41246129120.0,100.0,95753617896.0
2018-05-28,Z305GXWJ,ST4000DM000,4000787030016,0,117,159766520,97,0,100,3,100,0,90,978179411,78,19950,100,0,100,3,100.0,0.0,100.0,0.0,100.0,0.0,100.0,0.0,100.0,0.0,81.0,19.0,100.0,0.0,100.0,0.0,99.0,3850.0,19,19,100,0,100,0,200,0,100.0,19927.0,100.0,41251819424.0,100.0,95946082981.0
2018-05-29,Z305GXWJ,ST4000DM000,4000787030016,0,120,239753168,97,0,100,3,100,0,90,978613667,78,19974,100,0,100,3,100.0,0.0,100.0,0.0,100.0,0.0,100.0,0.0,100.0,0.0,81.0,19.0,100.0,0.0,100.0,0.0,99.0,3851.0,19,19,100,0,100,0,200,0,100.0,19951.0,100.0,41254767992.0,100.0,96123899558.0
2018-05-30,Z305GXWJ,ST4000DM000,4000787030016,0,114,69517672,97,0,100,3,100,0,90,979074283,78,19998,100,0,100,3,100.0,0.0,100.0,0.0,100.0,0.0,100.0,0.0,100.0,0.0,81.0,19.0,100.0,0.0,100.0,0.0,99.0,3851.0,19,19,100,0,100,0,200,0,100.0,19975.0,100.0,41257657024.0,100.0,96260832400.0
2018-05-31,Z305GXWJ,ST4000DM000,4000787030016,0,119,225256504,97,0,100,3,100,0,90,979848673,78,20022,100,0,100,3,100.0,0.0,100.0,0.0,100.0,0.0,100.0,0.0,100.0,0.0,81.0,19.0,100.0,0.0,100.0,0.0,99.0,3855.0,19,19,100,0,100,0,200,0,100.0,19999.0,100.0,41262353400.0,100.0,96400209140.0
2018-06-01,Z305GXWJ,ST4000DM000,4000787030016,0,116,114447144,97,0,100,3,100,0,90,980224284,78,20047,100,0,100,3,100.0,0.0,100.0,0.0,100.0,0.0,100.0,0.0,100.0,0.0,81.0,19.0,100.0,0.0,100.0,0.0,99.0,3856.0,19,19,100,0,100,0,200,0,100.0,20024.0,100.0,41264980864.0,100.0,96580908583.0
2018-06-02,Z305GXWJ,ST4000DM000,4000787030016,0,117,154392552,97,0,100,3,100,0,90,980797563,78,20071,100,0,100,3,100.0,0.0,100.0,0.0,100.0,0.0,100.0,0.0,100.0,0.0,81.0,19.0,100.0,0.0,100.0,0.0,99.0,3856.0,19,19,100,0,100,0,200,0,100.0,20047.0,100.0,41267542440.0,100.0,96765013325.0
2018-06-03,Z305GXWJ,ST4000DM000,4000787030016,0,120,239684416,97,0,100,3,100,0,90,982354005,78,20094,100,0,100,3,100.0,0.0,100.0,0.0,100.0,0.0,100.0,0.0,100.0,0.0,81.0,19.0,100.0,0.0,100.0,0.0,99.0,3856.0,19,19,100,0,100,0,200,0,100.0,20071.0,100.0,41272720328.0,100.0,96947036916.0
2018-06-04,Z305GXWJ,ST4000DM000,4000787030016,0,115,84820544,97,0,100,3,100,0,90,983647585,78,20119,100,0,100,3,100.0,0.0,100.0,0.0,100.0,0.0,100.0,0.0,100.0,0.0,81.0,19.0,100.0,0.0,100.0,0.0,99.0,3856.0,19,19,100,0,100,0,200,0,100.0,20096.0,100.0,41275824232.0,100.0,97114620155.0
2018-06-05,Z305GXWJ,ST4000DM000,4000787030016,0,116,108984064,97,0,100,3,100,0,90,984880053,78,20143,100,0,100,3,100.0,0.0,100.0,0.0,100.0,0.0,100.0,0.0,100.0,0.0,81.0,19.0,100.0,0.0,100.0,0.0,99.0,3856.0,19,19,100,0,100,0,200,0,100.0,20120.0,100.0,41278134952.0,100.0,97290416659.0
2018-06-06,Z305GXWJ,ST4000DM000,4000787030016,0,114,82237656,97,0,100,3,100,0,90,985964793,77,20167,100,0,100,3,100.0,0.0,100.0,0.0,100.0,0.0,100.0,0.0,100.0,0.0,81.0,19.0,100.0,0.0,100.0,0.0,99.0,3856.0,19,19,100,0,100,0,200,0,100.0,20143.0,100.0,41281130240.0,100.0,97466453556.0
2018-06-07,Z305GXWJ,ST4000DM000,4000787030016,0,116,116698048,97,0,100,3,100,0,90,987246120,77,20190,100,0,100,3,100.0,0.0,100.0,0.0,100.0,0.0,100.0,0.0,100.0,0.0,81.0,19.0,100.0,0.0,100.0,0.0,99.0,3857.0,19,19,100,0,100,0,200,0,100.0,20167.0,100.0,41285530480.0,100.0,97619453676.0
2018-06-08,Z305GXWJ,ST4000DM000,4000787030016,0,114,60864240,97,0,100,3,100,0,90,987919252,77,20214,100,0,100,3,100.0,0.0,100.0,0.0,100.0,0.0,100.0,0.0,100.0,0.0,81.0,19.0,100.0,0.0,100.0,0.0,99.0,3862.0,19,19,100,0,100,0,200,0,100.0,20191.0,100.0,41288164088.0,100.0,97777313519.0
2018-06-09,Z305GXWJ,ST4000DM000,4000787030016,0,117,161999624,97,0,100,3,100,0,90,988720058,77,20239,100,0,100,3,100.0,0.0,100.0,0.0,100.0,0.0,100.0,0.0,100.0,0.0,81.0,19.0,100.0,0.0,100.0,0.0,99.0,3864.0,19,19,100,0,100,0,200,0,100.0,20216.0,100.0,41290321416.0,100.0,97958183150.0
2018-06-10,Z305GXWJ,ST4000DM000,4000787030016,0,117,120202104,97,0,100,3,100,0,90,989468121,77,20263,100,0,100,3,100.0,0.0,100.0,0.0,100.0,0.0,100.0,0.0,100.0,0.0,81.0,19.0,100.0,0.0,100.0,0.0,99.0,3864.0,19,19,100,0,100,0,200,0,100.0,20239.0,100.0,41292988280.0,100.0,98107423041.0
2018-06-11,Z305GXWJ,ST4000DM000,4000787030016,0,119,214534536,97,0,100,3,100,0,90,991037117,77,20286,100,0,100,3,100.0,0.0,100.0,0.0,100.0,0.0,100.0,0.0,100.0,0.0,81.0,19.0,100.0,0.0,100.0,0.0,99.0,3864.0,19,19,100,0,100,0,200,0,100.0,20263.0,100.0,41297687872.0,100.0,98294796025.0
2018-06-12,Z305GXWJ,ST4000DM000,4000787030016,0,119,202659280,97,0,100,3,100,0,90,993080873,77,20310,100,0,100,3,100.0,0.0,100.0,0.0,100.0,0.0,100.0,0.0,100.0,0.0,81.0,19.0,100.0,0.0,100.0,0.0,99.0,3864.0,19,19,100,0,100,0,200,0,100.0,20287.0,100.0,41301283456.0,100.0,98470878182.0
2018-06-13,Z305GXWJ,ST4000DM000,4000787030016,0,119,221526336,97,0,100,3,100,0,90,994416692,77,20337,100,0,100,3,100.0,0.0,100.0,0.0,100.0,0.0,100.0,0.0,100.0,0.0,81.0,19.0,100.0,0.0,100.0,0.0,99.0,3868.0,19,19,100,0,100,0,200,0,100.0,20314.0,100.0,41305795024.0,100.0,98638157250.0
2018-06-14,Z305GXWJ,ST4000DM000,4000787030016,0,105,10407008,97,0,100,3,100,0,90,995195273,77,20362,100,0,100,3,100.0,0.0,100.0,0.0,100.0,0.0,100.0,0.0,100.0,0.0,79.0,21.0,100.0,0.0,100.0,0.0,99.0,3869.0,21,21,100,0,100,0,200,0,100.0,20338.0,100.0,41308343360.0,100.0,98801006632.0
2018-06-15,Z305GXWJ,ST4000DM000,4000787030016,0,111.0,31446312.0,97.0,0.0,100.0,3.0,100.0,0.0,90.0,995937450.0,77.0,20386.0,100.0,0.0,100.0,3.0,100.0,0.0,100.0,0.0,100.0,0.0,100.0,0.0,100.0,0.0,79.0,21.0,100.0,0.0,100.0,0.0,99.0,3870.0,21.0,21.0,100.0,0.0,100.0,0.0,200.0,0.0,100.0,20363.0,100.0,41310367408.0,100.0,98966646569.0
2018-06-16,Z305GXWJ,ST4000DM000,4000787030016,0,115.0,86086488.0,97.0,0.0,100.0,3.0,100.0,0.0,90.0,996604584.0,77.0,20410.0,100.0,0.0,100.0,3.0,100.0,0.0,100.0,0.0,100.0,0.0,100.0,0.0,100.0,0.0,79.0,21.0,100.0,0.0,100.0,0.0,99.0,3871.0,21.0,21.0,100.0,0.0,100.0,0.0,200.0,0.0,100.0,20386.0,100.0,41312474824.0,100.0,99094866572.0
2018-06-17,Z305GXWJ,ST4000DM000,4000787030016,0,112.0,44837888.0,97.0,0.0,100.0,3.0,100.0,0.0,90.0,997404133.0,77.0,20434.0,100.0,0.0,100.0,3.0,100.0,0.0,100.0,0.0,100.0,0.0,100.0,0.0,100.0,0.0,81.0,19.0,100.0,0.0,100.0,0.0,99.0,3871.0,19.0,19.0,100.0,0.0,100.0,0.0,200.0,0.0,100.0,20410.0,100.0,41314522968.0,100.0,99230756676.0
2018-06-18,Z305GXWJ,ST4000DM000,4000787030016,0,114.0,63184040.0,97.0,0.0,100.0,3.0,100.0,0.0,90.0,998774112.0,77.0,20458.0,100.0,0.0,100.0,3.0,100.0,0.0,100.0,0.0,100.0,0.0,100.0,0.0,100.0,0.0,81.0,19.0,100.0,0.0,100.0,0.0,99.0,3871.0,19.0,19.0,100.0,0.0,100.0,0.0,200.0,0.0,100.0,20434.0,100.0,41319575832.0,100.0,99401501259.0
2018-06-19,Z305GXWJ,ST4000DM000,4000787030016,0,119,211052408,97,0,100,3,100,0,90,999541512,77,20482,100,0,100,3,100.0,0.0,100.0,0.0,100.0,0.0,100.0,0.0,100.0,0.0,81.0,19.0,100.0,0.0,100.0,0.0,99.0,3872.0,19,19,100,0,100,0,200,0,100.0,20458.0,100.0,41321485384.0,100.0,99570028606.0
2018-06-20,Z305GXWJ,ST4000DM000,4000787030016,0,117,157346800,97,0,100,3,100,0,90,808824,77,20506,100,0,100,3,100.0,0.0,100.0,0.0,100.0,0.0,100.0,0.0,100.0,0.0,82.0,18.0,100.0,0.0,100.0,0.0,99.0,3876.0,18,18,100,0,100,0,200,0,100.0,20482.0,100.0,41325998816.0,100.0,99732111844.0
2018-06-21,Z305GXWJ,ST4000DM000,4000787030016,0,119,227475680,97,0,100,3,100,0,63,2512596,77,20530,100,0,100,3,100.0,0.0,100.0,0.0,100.0,0.0,100.0,0.0,100.0,0.0,81.0,19.0,100.0,0.0,100.0,0.0,99.0,3878.0,19,19,100,0,100,0,200,0,100.0,20506.0,100.0,41328463192.0,100.0,99893714166.0
2018-06-22,Z305GXWJ,ST4000DM000,4000787030016,0,117,150428432,97,0,100,3,100,0,65,3345892,77,20553,100,0,100,3,100.0,0.0,100.0,0.0,100.0,0.0,100.0,0.0,100.0,0.0,81.0,19.0,100.0,0.0,100.0,0.0,99.0,3878.0,19,19,100,0,100,0,200,0,100.0,20530.0,100.0,41330183808.0,100.0,100056711672.0
2018-06-23,Z305GXWJ,ST4000DM000,4000787030016,0,111,40864736,97,0,100,3,100,0,66,4369400,77,20577,100,0,100,3,100.0,0.0,100.0,0.0,100.0,0.0,100.0,0.0,100.0,0.0,82.0,18.0,100.0,0.0,100.0,0.0,99.0,3879.0,18,18,100,0,100,0,200,0,100.0,20554.0,100.0,41331656376.0,100.0,100243274922.0
2018-06-24,Z305GXWJ,ST4000DM000,4000787030016,0,110,27166224,97,0,100,3,100,0,67,5409682,77,20602,100,0,100,3,100.0,0.0,100.0,0.0,100.0,0.0,100.0,0.0,100.0,0.0,81.0,19.0,100.0,0.0,100.0,0.0,99.0,3881.0,19,19,100,0,100,0,200,0,100.0,20579.0,100.0,41333322960.0,100.0,100398668432.0
2018-06-25,Z305GXWJ,ST4000DM000,4000787030016,0,118,197716472,97,0,100,3,100,0,68,7267724,77,20626,100,0,100,3,100.0,0.0,100.0,0.0,100.0,0.0,100.0,0.0,100.0,0.0,81.0,19.0,100.0,0.0,100.0,0.0,99.0,3883.0,19,19,100,0,100,0,200,0,100.0,20602.0,100.0,41338310408.0,100.0,100585309385.0
2018-06-26,Z305GXWJ,ST4000DM000,4000787030016,0,108,20811808,97,0,100,3,100,0,69,8460567,77,20650,100,0,100,3,100.0,0.0,100.0,0.0,100.0,0.0,100.0,0.0,100.0,0.0,82.0,18.0,100.0,0.0,100.0,0.0,99.0,3883.0,18,18,100,0,100,0,200,0,100.0,20627.0,100.0,41341659216.0,100.0,100746594927.0
2018-06-27,Z305GXWJ,ST4000DM000,4000787030016,0,115,99678672,97,0,100,3,100,0,69,10096588,77,20674,100,0,100,3,100.0,0.0,100.0,0.0,100.0,0.0,100.0,0.0,100.0,0.0,81.0,19.0,100.0,0.0,100.0,0.0,99.0,3884.0,19,19,100,0,100,0,200,0,100.0,20650.0,100.0,41346004288.0,100.0,100912357347.0
2018-06-28,Z305GXWJ,ST4000DM000,4000787030016,0,112,43445512,97,0,100,3,100,0,70,10749703,77,20695,100,0,100,3,100.0,0.0,100.0,0.0,100.0,0.0,100.0,0.0,100.0,0.0,81.0,19.0,100.0,0.0,100.0,0.0,99.0,3887.0,19,19,100,0,100,0,200,0,100.0,20671.0,100.0,41348486968.0,100.0,101047829521.0
2018-06-29,Z305GXWJ,ST4000DM000,4000787030016,0,119,221512552,97,0,100,3,100,0,70,11577521,77,20719,100,0,100,3,100.0,0.0,100.0,0.0,100.0,0.0,100.0,0.0,100.0,0.0,81.0,19.0,100.0,0.0,100.0,0.0,99.0,3887.0,19,19,100,0,100,0,200,0,100.0,20695.0,100.0,41350596904.0,100.0,101194444623.0
2018-06-30,Z305GXWJ,ST4000DM000,4000787030016,0,114,83782976,97,0,100,3,100,0,70,12189072,77,20743,100,0,100,3,100.0,0.0,100.0,0.0,100.0,0.0,100.0,0.0,100.0,0.0,81.0,19.0,100.0,0.0,100.0,0.0,99.0,3888.0,19,19,100,0,100,0,200,0,100.0,20719.0,100.0,41352651872.0,100.0,101352037354.0
2018-07-01,Z305GXWJ,ST4000DM000,4000787030016,0,117,135892792,97,0,100,3,100,0,71,13827157,77,20767,100,0,100,3,100.0,0.0,100.0,0.0,100.0,0.0,100.0,0.0,100.0,0.0,81.0,19.0,100.0,0.0,100.0,0.0,99.0,3888.0,19,19,100,0,100,0,200,0,100.0,20743.0,100.0,41357486664.0,100.0,101525457785.0
2018-07-02,Z305GXWJ,ST4000DM000,4000787030016,0,119,219036616,97,0,100,3,100,0,72,15009076,77,20791,100,0,100,3,100.0,0.0,100.0,0.0,100.0,0.0,100.0,0.0,100.0,0.0,81.0,19.0,100.0,0.0,100.0,0.0,99.0,3889.0,19,19,100,0,100,0,200,0,100.0,20768.0,100.0,41361455336.0,100.0,101681883579.0
2018-07-03,Z305GXWJ,ST4000DM000,4000787030016,0,119,208189280,97,0,100,3,100,0,72,15558723,77,20815,100,0,100,3,100.0,0.0,100.0,0.0,100.0,0.0,100.0,0.0,100.0,0.0,81.0,19.0,100.0,0.0,100.0,0.0,99.0,3889.0,19,19,100,0,100,0,200,0,100.0,20791.0,100.0,41362584216.0,100.0,101816323794.0
2018-07-04,Z305GXWJ,ST4000DM000,4000787030016,0,108,17601760,97,0,100,3,100,0,72,16092592,77,20839,100,0,100,3,100.0,0.0,100.0,0.0,100.0,0.0,100.0,0.0,100.0,0.0,81.0,19.0,100.0,0.0,100.0,0.0,99.0,3932.0,19,19,100,0,100,0,200,0,100.0,20815.0,100.0,41365121608.0,100.0,101962809412.0
2018-07-05,Z305GXWJ,ST4000DM000,4000787030016,0,118,181302176,97,0,100,3,100,0,72,16904173,77,20863,100,0,100,3,100.0,0.0,100.0,0.0,100.0,0.0,100.0,0.0,100.0,0.0,81.0,19.0,100.0,0.0,100.0,0.0,99.0,3943.0,19,19,100,0,100,0,200,0,100.0,20839.0,100.0,41369776888.0,100.0,102097544937.0
2018-07-06,Z305GXWJ,ST4000DM000,4000787030016,0,119,231051344,97,0,100,3,100,0,72,17333820,77,20887,100,0,100,3,100.0,0.0,100.0,0.0,100.0,0.0,100.0,0.0,100.0,0.0,82.0,18.0,100.0,0.0,100.0,0.0,99.0,3945.0,18,18,100,0,100,0,200,0,100.0,20863.0,100.0,41372819128.0,100.0,102258266807.0
2018-07-07,Z305GXWJ,ST4000DM000,4000787030016,0,111,33489240,97,0,100,3,100,0,72,17736269,77,20911,100,0,100,3,100.0,0.0,100.0,0.0,100.0,0.0,100.0,0.0,100.0,0.0,81.0,19.0,100.0,0.0,100.0,0.0,99.0,3945.0,19,19,100,0,100,0,200,0,100.0,20887.0,100.0,41375464184.0,100.0,102432828286.0
2018-07-08,Z305GXWJ,ST4000DM000,4000787030016,0,112,42523192,97,0,100,3,100,0,72,18127708,77,20935,100,0,100,3,100.0,0.0,100.0,0.0,100.0,0.0,100.0,0.0,100.0,0.0,82.0,18.0,100.0,0.0,100.0,0.0,99.0,3945.0,18,18,100,0,100,0,200,0,100.0,20911.0,100.0,41378396088.0,100.0,102574390914.0
2018-07-09,Z305GXWJ,ST4000DM000,4000787030016,0,118,172275536,97,0,100,3,100,0,72,19887797,77,20959,100,0,100,3,100.0,0.0,100.0,0.0,100.0,0.0,100.0,0.0,100.0,0.0,81.0,19.0,100.0,0.0,100.0,0.0,99.0,3945.0,19,19,100,0,100,0,200,0,100.0,20935.0,100.0,41383544600.0,100.0,102759031641.0
2018-07-10,Z305GXWJ,ST4000DM000,4000787030016,0,108.0,17332536.0,97.0,0.0,100.0,3.0,100.0,0.0,72.0,20234608.0,77.0,20983.0,100.0,0.0,100.0,3.0,100.0,0.0,100.0,0.0,100.0,0.0,100.0,0.0,100.0,0.0,81.0,19.0,100.0,0.0,100.0,0.0,99.0,3947.0,19.0,19.0,100.0,0.0,100.0,0.0,200.0,0.0,100.0,20959.0,100.0,41385677384.0,100.0,102933239766.0
2018-07-11,Z305GXWJ,ST4000DM000,4000787030016,0,120,237938424,97,0,100,3,100,0,73,20997449,77,21007,100,0,100,3,100.0,0.0,100.0,0.0,100.0,0.0,100.0,0.0,100.0,0.0,82.0,18.0,100.0,0.0,100.0,0.0,99.0,3948.0,18,18,100,0,100,0,200,0,100.0,20983.0,100.0,41388604584.0,100.0,103109874473.0
2018-07-12,Z305GXWJ,ST4000DM000,4000787030016,0,117,156941320,97,0,100,3,100,0,73,22100205,76,21033,100,0,100,3,100.0,0.0,100.0,0.0,100.0,0.0,100.0,0.0,100.0,0.0,81.0,19.0,100.0,0.0,100.0,0.0,99.0,3955.0,19,19,100,0,100,0,200,0,100.0,21009.0,100.0,41392848240.0,100.0,103275544252.0
2018-07-13,Z305GXWJ,ST4000DM000,4000787030016,0,112,45403000,97,0,100,3,100,0,73,23003915,76,21056,100,0,100,3,100.0,0.0,100.0,0.0,100.0,0.0,100.0,0.0,100.0,0.0,83.0,17.0,100.0,0.0,100.0,0.0,99.0,3955.0,17,17,100,0,100,0,200,0,100.0,21032.0,100.0,41395087320.0,100.0,103433965255.0
2018-07-14,Z305GXWJ,ST4000DM000,4000787030016,0,114,65255296,97,0,100,3,100,0,73,24110077,76,21080,100,0,100,3,100.0,0.0,100.0,0.0,100.0,0.0,100.0,0.0,100.0,0.0,81.0,19.0,100.0,0.0,100.0,0.0,99.0,3955.0,19,19,100,0,100,0,200,0,100.0,21056.0,100.0,41397957728.0,100.0,103600696599.0
2018-07-15,Z305GXWJ,ST4000DM000,4000787030016,0,119,210003800,97,0,100,3,100,0,73,25065271,76,21104,100,0,100,3,100.0,0.0,100.0,0.0,100.0,0.0,100.0,0.0,100.0,0.0,81.0,19.0,100.0,0.0,100.0,0.0,99.0,3956.0,19,19,100,0,100,0,200,0,100.0,21080.0,100.0,41400184696.0,100.0,103765106914.0
2018-07-16,Z305GXWJ,ST4000DM000,4000787030016,0,109,25057072,97,0,100,3,100,0,74,26508041,76,21129,100,0,100,3,100.0,0.0,100.0,0.0,100.0,0.0,100.0,0.0,100.0,0.0,82.0,18.0,100.0,0.0,100.0,0.0,99.0,3956.0,18,18,100,0,100,0,200,0,100.0,21105.0,100.0,41405727064.0,100.0,103948478448.0
2018-07-17,Z305GXWJ,ST4000DM000,4000787030016,0,114,75450064,97,0,100,3,100,0,74,27216063,76,21152,100,0,100,3,100.0,0.0,100.0,0.0,100.0,0.0,100.0,0.0,100.0,0.0,81.0,19.0,100.0,0.0,100.0,0.0,99.0,3956.0,19,19,100,0,100,0,200,0,100.0,21128.0,100.0,41407950712.0,100.0,104114130612.0
2018-07-18,Z305GXWJ,ST4000DM000,4000787030016,0,119,218657680,97,0,100,3,100,0,74,28979543,76,21176,100,0,100,3,100.0,0.0,100.0,0.0,100.0,0.0,100.0,0.0,100.0,0.0,81.0,19.0,100.0,0.0,100.0,0.0,99.0,3956.0,19,19,100,0,100,0,200,0,100.0,21152.0,100.0,41413768256.0,100.0,104278686029.0
2018-07-19,Z305GXWJ,ST4000DM000,4000787030016,0,118,173951328,97,0,100,3,100,0,75,30164033,76,21200,100,0,100,3,100.0,0.0,100.0,0.0,100.0,0.0,100.0,0.0,100.0,0.0,81.0,19.0,100.0,0.0,100.0,0.0,99.0,3960.0,19,19,100,0,100,0,200,0,100.0,21176.0,100.0,41416149632.0,100.0,104434882219.0
2018-07-20,Z305GXWJ,ST4000DM000,4000787030016,0,119,234571536,97,0,100,3,100,0,75,31174964,76,21225,100,0,100,3,100.0,0.0,100.0,0.0,100.0,0.0,100.0,0.0,100.0,0.0,81.0,19.0,100.0,0.0,100.0,0.0,99.0,3961.0,19,19,100,0,100,0,200,0,100.0,21201.0,100.0,41418230872.0,100.0,104598279181.0
2018-07-21,Z305GXWJ,ST4000DM000,4000787030016,0,117,139108936,97,0,100,3,100,0,75,32222082,76,21248,100,0,100,3,100.0,0.0,100.0,0.0,100.0,0.0,100.0,0.0,100.0,0.0,81.0,19.0,100.0,0.0,100.0,0.0,99.0,3961.0,19,19,100,0,100,0,200,0,100.0,21224.0,100.0,41420209440.0,100.0,104758588632.0
2018-07-22,Z305GXWJ,ST4000DM000,4000787030016,0,119,211915208,97,0,100,3,100,0,75,32944791,76,21272,100,0,100,3,100.0,0.0,100.0,0.0,100.0,0.0,100.0,0.0,100.0,0.0,81.0,19.0,100.0,0.0,100.0,0.0,99.0,3962.0,19,19,100,0,100,0,200,0,100.0,21248.0,100.0,41422333272.0,100.0,104919024027.0
2018-07-23,Z305GXWJ,ST4000DM000,4000787030016,0,107,12972496,97,0,100,3,100,0,75,34183643,76,21296,100,0,100,3,100.0,0.0,100.0,0.0,100.0,0.0,100.0,0.0,100.0,0.0,81.0,19.0,100.0,0.0,100.0,0.0,99.0,3964.0,19,19,100,0,100,0,200,0,100.0,21272.0,100.0,41426698872.0,100.0,105093054753.0
2018-07-24,Z305GXWJ,ST4000DM000,4000787030016,0,117,148515624,97,0,100,3,100,0,75,34805267,76,21320,100,0,100,3,100.0,0.0,100.0,0.0,100.0,0.0,100.0,0.0,100.0,0.0,81.0,19.0,100.0,0.0,100.0,0.0,99.0,3964.0,19,19,100,0,100,0,200,0,100.0,21296.0,100.0,41428303960.0,100.0,105221354109.0
2018-07-25,Z305GXWJ,ST4000DM000,4000787030016,0,117.0,160014456.0,97.0,0.0,100.0,3.0,100.0,0.0,75.0,35830018.0,76.0,21345.0,100.0,0.0,100.0,3.0,100.0,0.0,100.0,0.0,100.0,0.0,100.0,0.0,100.0,0.0,81.0,19.0,100.0,0.0,100.0,0.0,99.0,3968.0,19.0,19.0,100.0,0.0,100.0,0.0,200.0,0.0,100.0,21321.0,100.0,41430997832.0,100.0,105354227985.0
2018-07-26,Z305GXWJ,ST4000DM000,4000787030016,0,117,138798056,97,0,100,3,100,0,75,36722234,76,21365,100,0,100,3,100.0,0.0,100.0,0.0,100.0,0.0,100.0,0.0,100.0,0.0,81.0,19.0,100.0,0.0,100.0,0.0,99.0,3970.0,19,19,100,0,100,0,200,0,100.0,21341.0,100.0,41433181640.0,100.0,105484074375.0
2018-07-27,Z305GXWJ,ST4000DM000,4000787030016,0,116,104937328,97,0,100,3,100,0,75,38409358,76,21390,100,0,100,3,100.0,0.0,100.0,0.0,100.0,0.0,100.0,0.0,100.0,0.0,81.0,19.0,100.0,0.0,100.0,0.0,99.0,3972.0,19,19,100,0,100,0,200,0,100.0,21366.0,100.0,41438005208.0,100.0,105668021045.0
2018-07-28,Z305GXWJ,ST4000DM000,4000787030016,0,114,69272408,97,0,100,3,100,0,75,39157654,76,21414,100,0,100,3,100.0,0.0,100.0,0.0,100.0,0.0,100.0,0.0,100.0,0.0,81.0,19.0,100.0,0.0,100.0,0.0,99.0,3975.0,19,19,100,0,100,0,200,0,100.0,21390.0,100.0,41439327136.0,100.0,105830458781.0
2018-07-29,Z305GXWJ,ST4000DM000,4000787030016,0,115,87677216,97,0,100,3,100,0,75,39938124,76,21438,100,0,100,3,100.0,0.0,100.0,0.0,100.0,0.0,100.0,0.0,100.0,0.0,81.0,19.0,100.0,0.0,100.0,0.0,99.0,3977.0,19,19,100,0,100,0,200,0,100.0,21414.0,100.0,41440852368.0,100.0,105985475722.0
2018-07-30,Z305GXWJ,ST4000DM000,4000787030016,0,111,33067808,97,0,100,3,100,0,75,41247682,76,21462,100,0,100,3,100.0,0.0,100.0,0.0,100.0,0.0,100.0,0.0,100.0,0.0,81.0,19.0,100.0,0.0,100.0,0.0,99.0,3978.0,19,19,100,0,100,0,200,0,100.0,21438.0,100.0,41444555048.0,100.0,106146994090.0
2018-07-31,Z305GXWJ,ST4000DM000,4000787030016,0,119,216519160,97,0,100,3,100,0,76,42326080,76,21485,100,0,100,3,100.0,0.0,100.0,0.0,100.0,0.0,100.0,0.0,100.0,0.0,81.0,19.0,100.0,0.0,100.0,0.0,99.0,3979.0,19,19,100,0,100,0,200,0,100.0,21461.0,100.0,41445832304.0,100.0,106347290246.0
2018-08-01,Z305GXWJ,ST4000DM000,4000787030016,0,117,149085752,97,0,100,3,100,0,76,43350876,76,21510,100,0,100,3,100.0,0.0,100.0,0.0,100.0,0.0,100.0,0.0,100.0,0.0,81.0,19.0,100.0,0.0,100.0,0.0,99.0,3982.0,19,19,100,0,100,0,200,0,100.0,21486.0,100.0,41447475928.0,100.0,106496421027.0
2018-08-02,Z305GXWJ,ST4000DM000,4000787030016,0,119,214647464,97,0,100,3,100,0,76,44877795,76,21534,100,0,100,3,100.0,0.0,100.0,0.0,100.0,0.0,100.0,0.0,100.0,0.0,81.0,19.0,100.0,0.0,100.0,0.0,99.0,3985.0,19,19,100,0,100,0,200,0,100.0,21510.0,100.0,41450891760.0,100.0,106653332059.0
2018-08-03,Z305GXWJ,ST4000DM000,4000787030016,0,116,102015744,97,0,100,3,100,0,76,46006234,76,21558,100,0,100,3,100.0,0.0,100.0,0.0,100.0,0.0,100.0,0.0,100.0,0.0,81.0,19.0,100.0,0.0,100.0,0.0,99.0,3987.0,19,19,100,0,100,0,200,0,100.0,21534.0,100.0,41452395928.0,100.0,106801687142.0
2018-08-04,Z305GXWJ,ST4000DM000,4000787030016,0,115,97352576,97,0,100,3,100,0,76,47184212,76,21582,100,0,100,3,100.0,0.0,100.0,0.0,100.0,0.0,100.0,0.0,100.0,0.0,81.0,19.0,100.0,0.0,100.0,0.0,99.0,3989.0,19,19,100,0,100,0,200,0,100.0,21558.0,100.0,41453773056.0,100.0,106975113128.0
2018-08-05,Z305GXWJ,ST4000DM000,4000787030016,0,119,228473624,97,0,100,3,100,0,76,48861417,76,21606,100,0,100,3,100.0,0.0,100.0,0.0,100.0,0.0,100.0,0.0,100.0,0.0,81.0,19.0,100.0,0.0,100.0,0.0,99.0,3990.0,19,19,100,0,100,0,200,0,100.0,21582.0,100.0,41458483320.0,100.0,107142480725.0
2018-08-06,Z305GXWJ,ST4000DM000,4000787030016,0,117,154913760,97,0,100,3,100,0,76,50177373,76,21629,100,0,100,3,100.0,0.0,100.0,0.0,100.0,0.0,100.0,0.0,100.0,0.0,81.0,19.0,100.0,0.0,100.0,0.0,99.0,3991.0,19,19,100,0,100,0,200,0,100.0,21605.0,100.0,41460118408.0,100.0,107304134030.0
2018-08-07,Z305GXWJ,ST4000DM000,4000787030016,0,117,165986768,97,0,100,3,100,0,77,50725121,76,21653,100,0,100,3,100.0,0.0,100.0,0.0,100.0,0.0,100.0,0.0,100.0,0.0,81.0,19.0,100.0,0.0,100.0,0.0,99.0,3992.0,19,19,100,0,100,0,200,0,100.0,21629.0,100.0,41461544704.0,100.0,107449718780.0
2018-08-08,Z305GXWJ,ST4000DM000,4000787030016,0,114,79660496,97,0,100,3,100,0,77,51440353,76,21678,100,0,100,3,100.0,0.0,100.0,0.0,100.0,0.0,100.0,0.0,100.0,0.0,82.0,18.0,100.0,0.0,100.0,0.0,99.0,3995.0,18,18,100,0,100,0,200,0,100.0,21654.0,100.0,41463017152.0,100.0,107610691856.0
2018-08-09,Z305GXWJ,ST4000DM000,4000787030016,0,119,205642152,97,0,100,3,100,0,77,52428047,76,21701,100,0,100,3,100.0,0.0,100.0,0.0,100.0,0.0,100.0,0.0,100.0,0.0,81.0,19.0,100.0,0.0,100.0,0.0,98.0,4003.0,19,19,100,0,100,0,200,0,100.0,21677.0,100.0,41466342344.0,100.0,107734902630.0
2018-08-10,Z305GXWJ,ST4000DM000,4000787030016,0,111,36312520,97,0,100,3,100,0,77,53030328,76,21726,100,0,100,3,100.0,0.0,100.0,0.0,100.0,0.0,100.0,0.0,100.0,0.0,81.0,19.0,100.0,0.0,100.0,0.0,98.0,4005.0,19,19,100,0,100,0,200,0,100.0,21701.0,100.0,41467639640.0,100.0,107877121272.0
2018-08-11,Z305GXWJ,ST4000DM000,4000787030016,0,114,76601656,97,0,100,3,100,0,77,53431134,76,21749,100,0,100,3,100.0,0.0,100.0,0.0,100.0,0.0,100.0,0.0,100.0,0.0,81.0,19.0,100.0,0.0,100.0,0.0,98.0,4061.0,19,19,100,0,100,0,200,0,100.0,21725.0,100.0,41469656096.0,100.0,108023045950.0
2018-08-12,Z305GXWJ,ST4000DM000,4000787030016,0,116,113196632,97,0,100,3,100,0,77,53827866,76,21773,100,0,100,3,100.0,0.0,100.0,0.0,100.0,0.0,100.0,0.0,100.0,0.0,81.0,19.0,100.0,0.0,100.0,0.0,98.0,4061.0,19,19,100,0,100,0,200,0,100.0,21749.0,100.0,41471722088.0,100.0,108178517096.0
2018-08-13,Z305GXWJ,ST4000DM000,4000787030016,0,117,125124088,97,0,100,3,100,0,77,54786691,76,21798,100,0,100,3,100.0,0.0,100.0,0.0,100.0,0.0,100.0,0.0,100.0,0.0,81.0,19.0,100.0,0.0,100.0,0.0,98.0,4061.0,19,19,100,0,100,0,200,0,100.0,21773.0,100.0,41476228376.0,100.0,108356411720.0
2018-08-14,Z305GXWJ,ST4000DM000,4000787030016,0,117.0,161804848.0,97.0,0.0,100.0,3.0,100.0,0.0,77.0,55160474.0,76.0,21822.0,100.0,0.0,100.0,3.0,100.0,0.0,100.0,0.0,100.0,0.0,100.0,0.0,100.0,0.0,81.0,19.0,100.0,0.0,100.0,0.0,98.0,4063.0,19.0,19.0,100.0,0.0,100.0,0.0,200.0,0.0,100.0,21797.0,100.0,41478133000.0,100.0,108517375532.0
2018-08-15,Z305GXWJ,ST4000DM000,4000787030016,0,114.0,59123504.0,97.0,0.0,100.0,3.0,100.0,0.0,77.0,56793850.0,76.0,21848.0,100.0,0.0,100.0,3.0,100.0,0.0,100.0,0.0,100.0,0.0,100.0,0.0,100.0,0.0,81.0,19.0,100.0,0.0,100.0,0.0,98.0,4078.0,19.0,19.0,100.0,0.0,100.0,0.0,200.0,0.0,100.0,21823.0,100.0,41483628800.0,100.0,108684426228.0
2018-08-16,Z305GXWJ,ST4000DM000,4000787030016,0,117,124545032,97,0,100,3,100,0,77,57355865,76,21872,100,0,100,3,100.0,0.0,100.0,0.0,100.0,0.0,100.0,0.0,100.0,0.0,81.0,19.0,100.0,0.0,100.0,0.0,98.0,4079.0,19,19,100,0,100,0,200,0,100.0,21847.0,100.0,41485586512.0,100.0,108849997160.0
2018-08-17,Z305GXWJ,ST4000DM000,4000787030016,0,115,88032792,97,0,100,3,100,0,77,57768034,76,21896,100,0,100,3,100.0,0.0,100.0,0.0,100.0,0.0,100.0,0.0,100.0,0.0,81.0,19.0,100.0,0.0,100.0,0.0,98.0,4081.0,19,19,100,0,100,0,200,0,100.0,21871.0,100.0,41487482616.0,100.0,109028519192.0
2018-08-18,Z305GXWJ,ST4000DM000,4000787030016,0,118,170161592,97,0,100,3,100,0,77,58410605,75,21919,100,0,100,3,100.0,0.0,100.0,0.0,100.0,0.0,100.0,0.0,100.0,0.0,81.0,19.0,100.0,0.0,100.0,0.0,98.0,4087.0,19,19,100,0,100,0,200,0,100.0,21895.0,100.0,41489435968.0,100.0,109190180257.0
2018-08-19,Z305GXWJ,ST4000DM000,4000787030016,0,114,63021304,97,0,100,3,100,0,78,59034845,75,21944,100,0,100,3,100.0,0.0,100.0,0.0,100.0,0.0,100.0,0.0,100.0,0.0,81.0,19.0,100.0,0.0,100.0,0.0,98.0,4091.0,19,19,100,0,100,0,200,0,100.0,21919.0,100.0,41491254608.0,100.0,109326336932.0
2018-08-20,Z305GXWJ,ST4000DM000,4000787030016,0,116,104972408,97,0,100,3,100,0,78,60791541,75,21968,100,0,100,3,100.0,0.0,100.0,0.0,100.0,0.0,100.0,0.0,100.0,0.0,81.0,19.0,100.0,0.0,100.0,0.0,98.0,4094.0,19,19,100,0,100,0,200,0,100.0,21943.0,100.0,41495434216.0,100.0,109520879819.0
2018-08-21,Z305GXWJ,ST4000DM000,4000787030016,0,111,31538280,97,0,100,3,100,0,78,61621013,75,21991,100,0,100,3,100.0,0.0,100.0,0.0,100.0,0.0,100.0,0.0,100.0,0.0,81.0,19.0,100.0,0.0,100.0,0.0,98.0,4096.0,19,19,100,0,100,0,200,0,100.0,21967.0,100.0,41496949816.0,100.0,109671795861.0
2018-08-22,Z305GXWJ,ST4000DM000,4000787030016,0,114,59960832,97,0,100,3,100,0,78,62683180,75,22016,100,0,100,3,100.0,0.0,100.0,0.0,100.0,0.0,100.0,0.0,100.0,0.0,81.0,19.0,100.0,0.0,100.0,0.0,98.0,4099.0,19,19,100,0,100,0,200,0,100.0,21991.0,100.0,41499220536.0,100.0,109840849756.0
2018-08-23,Z305GXWJ,ST4000DM000,4000787030016,0,119,225377912,97,0,100,3,100,0,78,63703622,75,22039,100,0,100,3,100.0,0.0,100.0,0.0,100.0,0.0,100.0,0.0,100.0,0.0,81.0,19.0,100.0,0.0,100.0,0.0,98.0,4101.0,19,19,100,0,100,0,200,0,100.0,22015.0,100.0,41502477736.0,100.0,109973831866.0
2018-08-24,Z305GXWJ,ST4000DM000,4000787030016,0,118,173018288,97,0,100,3,100,0,78,65417369,75,22064,100,0,100,3,100.0,0.0,100.0,0.0,100.0,0.0,100.0,0.0,100.0,0.0,81.0,19.0,100.0,0.0,100.0,0.0,98.0,4108.0,19,19,100,0,100,0,200,0,100.0,22039.0,100.0,41507900592.0,100.0,110151977989.0
2018-08-25,Z305GXWJ,ST4000DM000,4000787030016,0,117,155135312,97,0,100,3,100,0,78,66148573,75,22088,100,0,100,3,100.0,0.0,100.0,0.0,100.0,0.0,100.0,0.0,100.0,0.0,81.0,19.0,100.0,0.0,100.0,0.0,98.0,4111.0,19,19,100,0,100,0,200,0,100.0,22063.0,100.0,41509556976.0,100.0,110309614153.0
2018-08-26,Z305GXWJ,ST4000DM000,4000787030016,0,103,5784592,97,0,100,3,100,0,78,66997434,75,22112,100,0,100,3,100.0,0.0,100.0,0.0,100.0,0.0,100.0,0.0,100.0,0.0,81.0,19.0,100.0,0.0,100.0,0.0,98.0,4112.0,19,19,100,0,100,0,200,0,100.0,22087.0,100.0,41511432240.0,100.0,110474127606.0
2018-08-27,Z305GXWJ,ST4000DM000,4000787030016,0,117,164355608,97,0,100,3,100,0,78,68520739,75,22135,100,0,100,3,100.0,0.0,100.0,0.0,100.0,0.0,100.0,0.0,100.0,0.0,81.0,19.0,100.0,0.0,100.0,0.0,98.0,4112.0,19,19,100,0,100,0,200,0,100.0,22111.0,100.0,41515594432.0,100.0,110646735604.0
2018-08-28,Z305GXWJ,ST4000DM000,4000787030016,0,120,241395776,97,0,100,3,100,0,78,69555647,75,22160,100,0,100,3,100.0,0.0,100.0,0.0,100.0,0.0,100.0,0.0,100.0,0.0,81.0,19.0,100.0,0.0,100.0,0.0,98.0,4113.0,19,19,100,0,100,0,200,0,100.0,22135.0,100.0,41517420544.0,100.0,110807556183.0
2018-08-29,Z305GXWJ,ST4000DM000,4000787030016,0,111,37340680,97,0,100,3,100,0,78,70492241,75,22184,100,0,100,3,100.0,0.0,100.0,0.0,100.0,0.0,100.0,0.0,100.0,0.0,81.0,19.0,100.0,0.0,100.0,0.0,98.0,4121.0,19,19,100,0,100,0,200,0,100.0,22160.0,100.0,41520088440.0,100.0,110954510371.0
2018-08-30,Z305GXWJ,ST4000DM000,4000787030016,0,119,233165784,97,0,100,3,100,0,78,71250629,75,22208,100,0,100,3,100.0,0.0,100.0,0.0,100.0,0.0,100.0,0.0,100.0,0.0,81.0,19.0,100.0,0.0,100.0,0.0,98.0,4123.0,19,19,100,0,100,0,200,0,100.0,22183.0,100.0,41522378000.0,100.0,111092768272.0
2018-08-31,Z305GXWJ,ST4000DM000,4000787030016,0,117,125974232,97,0,100,3,100,0,78,71963407,75,22232,100,0,100,3,100.0,0.0,100.0,0.0,100.0,0.0,100.0,0.0,100.0,0.0,81.0,19.0,100.0,0.0,100.0,0.0,98.0,4128.0,19,19,100,0,100,0,200,0,100.0,22208.0,100.0,41523872168.0,100.0,111241588558.0
2018-09-01,Z305GXWJ,ST4000DM000,4000787030016,0,113,56412664,97,0,100,3,100,0,78,72652076,75,22256,100,0,100,3,100.0,0.0,100.0,0.0,100.0,0.0,100.0,0.0,100.0,0.0,81.0,19.0,100.0,0.0,100.0,0.0,98.0,4129.0,19,19,100,0,100,0,200,0,100.0,22232.0,100.0,41525417432.0,100.0,111370003652.0
2018-09-02,Z305GXWJ,ST4000DM000,4000787030016,0,120,243486712,97,0,100,3,100,0,78,73445367,75,22281,100,0,100,3,100.0,0.0,100.0,0.0,100.0,0.0,100.0,0.0,100.0,0.0,81.0,19.0,100.0,0.0,100.0,0.0,98.0,4129.0,19,19,100,0,100,0,200,0,100.0,22256.0,100.0,41526994528.0,100.0,111509539498.0
2018-09-03,Z305GXWJ,ST4000DM000,4000787030016,0,106,12492824,97,0,100,3,100,0,78,75761283,75,22304,100,0,100,3,100.0,0.0,100.0,0.0,100.0,0.0,100.0,0.0,100.0,0.0,81.0,19.0,100.0,0.0,100.0,0.0,98.0,4131.0,19,19,100,0,100,0,200,0,100.0,22280.0,100.0,41532695624.0,100.0,111681692216.0
2018-09-04,Z305GXWJ,ST4000DM000,4000787030016,0,114,60652944,97,0,100,3,100,0,78,76572793,75,22328,100,0,100,3,100.0,0.0,100.0,0.0,100.0,0.0,100.0,0.0,100.0,0.0,81.0,19.0,100.0,0.0,100.0,0.0,98.0,4139.0,19,19,100,0,100,0,200,0,100.0,22304.0,100.0,41534113528.0,100.0,111853112040.0
2018-09-05,Z305GXWJ,ST4000DM000,4000787030016,0,120,242702856,97,0,100,3,100,0,78,77608071,75,22352,100,0,100,3,100.0,0.0,100.0,0.0,100.0,0.0,100.0,0.0,100.0,0.0,81.0,19.0,100.0,0.0,100.0,0.0,98.0,4144.0,19,19,100,0,100,0,200,0,100.0,22328.0,100.0,41536893000.0,100.0,111999342518.0
2018-09-06,Z305GXWJ,ST4000DM000,4000787030016,0,119,232070432,97,0,100,3,100,0,78,78518039,75,22378,100,0,100,3,100.0,0.0,100.0,0.0,100.0,0.0,100.0,0.0,100.0,0.0,81.0,19.0,100.0,0.0,100.0,0.0,98.0,4151.0,19,19,100,0,100,0,200,0,100.0,22353.0,100.0,41539199152.0,100.0,112139786877.0
2018-09-07,Z305GXWJ,ST4000DM000,4000787030016,0,117,147296464,97,0,100,3,100,0,78,79600372,75,22402,100,0,100,3,100.0,0.0,100.0,0.0,100.0,0.0,100.0,0.0,100.0,0.0,81.0,19.0,100.0,0.0,100.0,0.0,98.0,4153.0,19,19,100,0,100,0,200,0,100.0,22377.0,100.0,41540547096.0,100.0,112338113815.0
2018-09-08,Z305GXWJ,ST4000DM000,4000787030016,0,111,39836232,97,0,100,3,100,0,78,80449169,75,22426,100,0,100,3,100.0,0.0,100.0,0.0,100.0,0.0,100.0,0.0,100.0,0.0,81.0,19.0,100.0,0.0,100.0,0.0,98.0,4163.0,19,19,100,0,100,0,200,0,100.0,22401.0,100.0,41542072888.0,100.0,112479871400.0
2018-09-09,Z305GXWJ,ST4000DM000,4000787030016,0,111,30763480,97,0,100,3,100,0,78,81514291,75,22449,100,0,100,3,100.0,0.0,100.0,0.0,100.0,0.0,100.0,0.0,100.0,0.0,81.0,19.0,100.0,0.0,100.0,0.0,98.0,4168.0,19,19,100,0,100,0,200,0,100.0,22425.0,100.0,41543699616.0,100.0,112629560889.0
2018-09-10,Z305GXWJ,ST4000DM000,4000787030016,0,118,194700104,97,0,100,3,100,0,78,83405948,75,22474,100,0,100,3,100.0,0.0,100.0,0.0,100.0,0.0,100.0,0.0,100.0,0.0,81.0,19.0,100.0,0.0,100.0,0.0,98.0,4172.0,19,19,100,0,100,0,200,0,100.0,22449.0,100.0,41547705344.0,100.0,112810896099.0
2018-09-11,Z305GXWJ,ST4000DM000,4000787030016,0,114,59676512,97,0,100,3,100,0,79,84414315,75,22498,100,0,100,3,100.0,0.0,100.0,0.0,100.0,0.0,100.0,0.0,100.0,0.0,81.0,19.0,100.0,0.0,100.0,0.0,98.0,4174.0,19,19,100,0,100,0,200,0,100.0,22473.0,100.0,41548973032.0,100.0,112962106384.0
2018-09-12,Z305GXWJ,ST4000DM000,4000787030016,0,120,237240344,97,0,100,3,100,0,79,86718589,75,22522,100,0,100,3,100.0,0.0,100.0,0.0,100.0,0.0,100.0,0.0,100.0,0.0,81.0,19.0,100.0,0.0,100.0,0.0,98.0,4177.0,19,19,100,0,100,0,200,0,100.0,22497.0,100.0,41554013408.0,100.0,113135292683.0
2018-09-13,Z305GXWJ,ST4000DM000,4000787030016,0,116,109688104,97,0,100,3,100,0,79,87341640,75,22542,100,0,100,3,100.0,0.0,100.0,0.0,100.0,0.0,100.0,0.0,100.0,0.0,82.0,18.0,100.0,0.0,100.0,0.0,98.0,4181.0,18,18,100,0,100,0,200,0,100.0,22518.0,100.0,41555080088.0,100.0,113255912550.0
2018-09-14,Z305GXWJ,ST4000DM000,4000787030016,0,114,61430048,97,0,100,3,100,0,79,88091326,75,22567,100,0,100,3,100.0,0.0,100.0,0.0,100.0,0.0,100.0,0.0,100.0,0.0,77.0,23.0,100.0,0.0,100.0,0.0,98.0,4181.0,23,23,100,0,100,0,200,0,100.0,22542.0,100.0,41556674096.0,100.0,113403085153.0
2018-09-15,Z305GXWJ,ST4000DM000,4000787030016,0,119,203552200,97,0,100,3,100,0,79,88739989,75,22590,100,0,100,3,100.0,0.0,100.0,0.0,100.0,0.0,100.0,0.0,100.0,0.0,77.0,23.0,100.0,0.0,100.0,0.0,98.0,4182.0,23,23,100,0,100,0,200,0,100.0,22566.0,100.0,41560596792.0,100.0,113544877562.0
2018-09-16,Z305GXWJ,ST4000DM000,4000787030016,0,108,16135608,97,0,100,3,100,0,79,89710936,75,22614,100,0,100,3,100.0,0.0,100.0,0.0,100.0,0.0,100.0,0.0,100.0,0.0,77.0,23.0,100.0,0.0,100.0,0.0,98.0,4182.0,23,23,100,0,100,0,200,0,100.0,22590.0,100.0,41570266552.0,100.0,113703618426.0
2018-09-17,Z305GXWJ,ST4000DM000,4000787030016,0,117,123982696,97,0,100,3,100,0,79,91187260,75,22638,100,0,100,3,100.0,0.0,100.0,0.0,100.0,0.0,100.0,0.0,100.0,0.0,77.0,23.0,100.0,0.0,100.0,0.0,98.0,4183.0,23,23,100,0,100,0,200,0,100.0,22613.0,100.0,41583214040.0,100.0,113865983506.0
2018-09-18,Z305GXWJ,ST4000DM000,4000787030016,0,110,29348536,97,0,100,3,100,0,79,91997693,75,22662,100,0,100,3,100.0,0.0,100.0,0.0,100.0,0.0,100.0,0.0,100.0,0.0,79.0,21.0,100.0,0.0,100.0,0.0,98.0,4184.0,21,21,100,0,100,0,200,0,100.0,22637.0,100.0,41592263216.0,100.0,114014637000.0
2018-09-19,Z305GXWJ,ST4000DM000,4000787030016,0,117,154765744,97,0,100,3,100,0,79,92461500,75,22686,100,0,100,3,100.0,0.0,100.0,0.0,100.0,0.0,100.0,0.0,100.0,0.0,79.0,21.0,100.0,0.0,100.0,0.0,98.0,4186.0,21,21,100,0,100,0,200,0,100.0,22661.0,100.0,41595288104.0,100.0,114163071922.0
2018-09-20,Z305GXWJ,ST4000DM000,4000787030016,0,115,84042584,97,0,100,3,100,0,79,93477507,75,22711,100,0,100,3,100.0,0.0,100.0,0.0,100.0,0.0,100.0,0.0,100.0,0.0,79.0,21.0,100.0,0.0,100.0,0.0,98.0,4192.0,21,21,100,0,100,0,200,0,100.0,22686.0,100.0,41602980240.0,100.0,114317884590.0
2018-09-21,Z305GXWJ,ST4000DM000,4000787030016,0,113,52651392,97,0,100,3,100,0,79,93949273,75,22734,100,0,100,3,100.0,0.0,100.0,0.0,100.0,0.0,100.0,0.0,100.0,0.0,79.0,21.0,100.0,0.0,100.0,0.0,98.0,4193.0,21,21,100,0,100,0,200,0,100.0,22710.0,100.0,41607158104.0,100.0,114473585885.0
2018-09-22,Z305GXWJ,ST4000DM000,4000787030016,0,114,66743520,97,0,100,3,100,0,79,95412642,75,22758,100,0,100,3,100.0,0.0,100.0,0.0,100.0,0.0,100.0,0.0,100.0,0.0,79.0,21.0,100.0,0.0,100.0,0.0,98.0,4194.0,21,21,100,0,100,0,200,0,100.0,22733.0,100.0,41614317760.0,100.0,114644020172.0
2018-09-23,Z305GXWJ,ST4000DM000,4000787030016,0,116,106008384,97,0,100,3,100,0,79,95749546,74,22782,100,0,100,3,100.0,0.0,100.0,0.0,100.0,0.0,100.0,0.0,100.0,0.0,79.0,21.0,100.0,0.0,100.0,0.0,98.0,4195.0,21,21,100,0,100,0,200,0,100.0,22757.0,100.0,41616475536.0,100.0,114783797048.0
2018-09-24,Z305GXWJ,ST4000DM000,4000787030016,0,112,48692232,97,0,100,3,100,0,79,96789656,74,22806,100,0,100,3,100.0,0.0,100.0,0.0,100.0,0.0,100.0,0.0,100.0,0.0,79.0,21.0,100.0,0.0,100.0,0.0,98.0,4196.0,21,21,100,0,100,0,200,0,100.0,22782.0,100.0,41624202592.0,100.0,114972707063.0
2018-09-25,Z305GXWJ,ST4000DM000,4000787030016,0,118,191680824,97,0,100,3,100,0,79,97378595,74,22830,100,0,100,3,100.0,0.0,100.0,0.0,100.0,0.0,100.0,0.0,100.0,0.0,79.0,21.0,100.0,0.0,100.0,0.0,98.0,4197.0,21,21,100,0,100,0,200,0,100.0,22806.0,100.0,41627493664.0,100.0,115158298737.0
2018-09-26,Z305GXWJ,ST4000DM000,4000787030016,0,115,93797544,97,0,100,3,100,0,79,98139386,74,22854,100,0,100,3,100.0,0.0,100.0,0.0,100.0,0.0,100.0,0.0,100.0,0.0,79.0,21.0,100.0,0.0,100.0,0.0,98.0,4200.0,21,21,100,0,100,0,200,0,100.0,22829.0,100.0,41630287024.0,100.0,115317143577.0
2018-09-27,Z305GXWJ,ST4000DM000,4000787030016,0,113,51849464,97,0,100,3,100,0,79,99119877,74,22878,100,0,100,3,100.0,0.0,100.0,0.0,100.0,0.0,100.0,0.0,100.0,0.0,79.0,21.0,100.0,0.0,100.0,0.0,98.0,4213.0,21,21,100,0,100,0,200,0,100.0,22853.0,100.0,41634626328.0,100.0,115426617341.0
2018-09-28,Z305GXWJ,ST4000DM000,4000787030016,0,117,157722600,97,0,100,3,100,0,79,100335027,74,22902,100,0,100,3,100.0,0.0,100.0,0.0,100.0,0.0,100.0,0.0,100.0,0.0,79.0,21.0,100.0,0.0,100.0,0.0,98.0,4214.0,21,21,100,0,100,0,200,0,100.0,22877.0,100.0,41636484800.0,100.0,115597126248.0
2018-09-29,Z305GXWJ,ST4000DM000,4000787030016,0,118,168551376,97,0,100,3,100,0,80,101283685,74,22926,100,0,100,3,100.0,0.0,100.0,0.0,100.0,0.0,100.0,0.0,100.0,0.0,79.0,21.0,100.0,0.0,100.0,0.0,98.0,4216.0,21,21,100,0,100,0,200,0,100.0,22901.0,100.0,41638730968.0,100.0,115771337557.0
2018-09-30,Z305GXWJ,ST4000DM000,4000787030016,0,118,188344688,97,0,100,3,100,0,80,102133663,74,22950,100,0,100,3,100.0,0.0,100.0,0.0,100.0,0.0,100.0,0.0,100.0,0.0,79.0,21.0,100.0,0.0,100.0,0.0,98.0,4218.0,21,21,100,0,100,0,200,0,100.0,22925.0,100.0,41640660248.0,100.0,115926300236.0
2018-10-01,Z305GXWJ,ST4000DM000,4000787030016,0,114,74259816,97,0,100,3,100,0,80,103306572,74,22974,100,0,100,3,100.0,0.0,100.0,0.0,100.0,0.0,100.0,0.0,100.0,0.0,79.0,21.0,100.0,0.0,100.0,0.0,98.0,4218.0,21,21,100,0,100,0,200,0,100.0,22949.0,100.0,41645390288.0,100.0,116087107605.0
2018-10-02,Z305GXWJ,ST4000DM000,4000787030016,0,116,101418744,97,0,100,3,100,0,80,104765667,74,22998,100,0,100,3,100.0,0.0,100.0,0.0,100.0,0.0,100.0,0.0,100.0,0.0,79.0,21.0,100.0,0.0,100.0,0.0,98.0,4220.0,21,21,100,0,100,0,200,0,100.0,22973.0,100.0,41649814824.0,100.0,116262351808.0
2018-10-03,Z305GXWJ,ST4000DM000,4000787030016,0,117,129350584,97,0,100,3,100,0,80,105844614,74,23022,100,0,100,3,100.0,0.0,100.0,0.0,100.0,0.0,100.0,0.0,100.0,0.0,79.0,21.0,100.0,0.0,100.0,0.0,98.0,4222.0,21,21,100,0,100,0,200,0,100.0,22997.0,100.0,41653310704.0,100.0,116421063610.0
2018-10-04,Z305GXWJ,ST4000DM000,4000787030016,0,115.0,89282704.0,97.0,0.0,100.0,3.0,100.0,0.0,80.0,107097382.0,74.0,23046.0,100.0,0.0,100.0,3.0,100.0,0.0,100.0,0.0,100.0,0.0,100.0,0.0,100.0,0.0,79.0,21.0,100.0,0.0,100.0,0.0,98.0,4235.0,21.0,21.0,100.0,0.0,100.0,0.0,200.0,0.0,100.0,23021.0,100.0,41657429944.0,100.0,116547371737.0
2018-10-05,Z305GXWJ,ST4000DM000,4000787030016,0,113,58421608,97,0,100,3,100,0,80,108142538,74,23070,100,0,100,3,100.0,0.0,100.0,0.0,100.0,0.0,100.0,0.0,100.0,0.0,79.0,21.0,100.0,0.0,100.0,0.0,98.0,4236.0,21,21,100,0,100,0,200,0,100.0,23045.0,100.0,41659663184.0,100.0,116699071608.0
2018-10-06,Z305GXWJ,ST4000DM000,4000787030016,0,118,198097152,97,0,100,3,100,0,80,108877612,74,23094,100,0,100,3,100.0,0.0,100.0,0.0,100.0,0.0,100.0,0.0,100.0,0.0,79.0,21.0,100.0,0.0,100.0,0.0,98.0,4236.0,21,21,100,0,100,0,200,0,100.0,23069.0,100.0,41661550336.0,100.0,116851302902.0
2018-10-07,Z305GXWJ,ST4000DM000,4000787030016,0,119,212392664,97,0,100,3,100,0,80,109676146,74,23118,100,0,100,3,100.0,0.0,100.0,0.0,100.0,0.0,100.0,0.0,100.0,0.0,79.0,21.0,100.0,0.0,100.0,0.0,98.0,4237.0,21,21,100,0,100,0,200,0,100.0,23093.0,100.0,41664856232.0,100.0,117021205231.0
2018-10-08,Z305GXWJ,ST4000DM000,4000787030016,0,114,79487328,97,0,100,3,100,0,80,110943512,74,23142,100,0,100,3,100.0,0.0,100.0,0.0,100.0,0.0,100.0,0.0,100.0,0.0,79.0,21.0,100.0,0.0,100.0,0.0,98.0,4237.0,21,21,100,0,100,0,200,0,100.0,23117.0,100.0,41669676376.0,100.0,117180791693.0
2018-10-09,Z305GXWJ,ST4000DM000,4000787030016,0,113.0,58079760.0,97.0,0.0,100.0,3.0,100.0,0.0,80.0,111617763.0,74.0,23166.0,100.0,0.0,100.0,3.0,100.0,0.0,100.0,0.0,100.0,0.0,100.0,0.0,100.0,0.0,79.0,21.0,100.0,0.0,100.0,0.0,98.0,4238.0,21.0,21.0,100.0,0.0,100.0,0.0,200.0,0.0,100.0,23141.0,100.0,41671205544.0,100.0,117305282384.0
2018-10-10,Z305GXWJ,ST4000DM000,4000787030016,0,120,240584712,97,0,100,3,100,0,80,112405109,74,23190,100,0,100,3,100.0,0.0,100.0,0.0,100.0,0.0,100.0,0.0,100.0,0.0,79.0,21.0,100.0,0.0,100.0,0.0,98.0,4239.0,21,21,100,0,100,0,200,0,100.0,23165.0,100.0,41673723984.0,100.0,117440478078.0
2018-10-11,Z305GXWJ,ST4000DM000,4000787030016,0,111,30756744,97,0,100,3,100,0,80,113522647,74,23214,100,0,100,3,100.0,0.0,100.0,0.0,100.0,0.0,100.0,0.0,100.0,0.0,79.0,21.0,100.0,0.0,100.0,0.0,98.0,4243.0,21,21,100,0,100,0,200,0,100.0,23189.0,100.0,41678426032.0,100.0,117573156033.0
2018-10-12,Z305GXWJ,ST4000DM000,4000787030016,0,118,199290920,97,0,100,3,100,0,80,115246253,74,23238,100,0,100,3,100.0,0.0,100.0,0.0,100.0,0.0,100.0,0.0,100.0,0.0,78.0,22.0,100.0,0.0,100.0,0.0,98.0,4243.0,22,22,100,0,100,0,200,0,100.0,23213.0,100.0,41683929784.0,100.0,117744835834.0
2018-10-13,Z305GXWJ,ST4000DM000,4000787030016,0,117,138043648,97,0,100,3,100,0,80,115972598,74,23262,100,0,100,3,100.0,0.0,100.0,0.0,100.0,0.0,100.0,0.0,100.0,0.0,79.0,21.0,100.0,0.0,100.0,0.0,98.0,4246.0,21,21,100,0,100,0,200,0,100.0,23237.0,100.0,41686916952.0,100.0,117880539345.0
2018-10-14,Z305GXWJ,ST4000DM000,4000787030016,0,119,205955984,97,0,100,3,100,0,80,116757185,74,23286,100,0,100,3,100.0,0.0,100.0,0.0,100.0,0.0,100.0,0.0,100.0,0.0,79.0,21.0,100.0,0.0,100.0,0.0,98.0,4246.0,21,21,100,0,100,0,200,0,100.0,23261.0,100.0,41688601584.0,100.0,118035269607.0
2018-10-15,Z305GXWJ,ST4000DM000,4000787030016,0,117,151542624,97,0,100,3,100,0,81,118315450,74,23310,100,0,100,3,100.0,0.0,100.0,0.0,100.0,0.0,100.0,0.0,100.0,0.0,79.0,21.0,100.0,0.0,100.0,0.0,98.0,4247.0,21,21,100,0,100,0,200,0,100.0,23285.0,100.0,41692354624.0,100.0,118230621104.0
2018-10-16,Z305GXWJ,ST4000DM000,4000787030016,0,114,66369184,97,0,100,3,100,0,81,119295261,74,23334,100,0,100,3,100.0,0.0,100.0,0.0,100.0,0.0,100.0,0.0,100.0,0.0,79.0,21.0,100.0,0.0,100.0,0.0,98.0,4248.0,21,21,100,0,100,0,200,0,100.0,23309.0,100.0,41694149440.0,100.0,118373866897.0
2018-10-17,Z305GXWJ,ST4000DM000,4000787030016,0,118,183478520,97,0,100,3,100,0,81,120580694,74,23358,100,0,100,3,100.0,0.0,100.0,0.0,100.0,0.0,100.0,0.0,100.0,0.0,79.0,21.0,100.0,0.0,100.0,0.0,98.0,4250.0,21,21,100,0,100,0,200,0,100.0,23333.0,100.0,41697060928.0,100.0,118533991498.0
2018-10-18,Z305GXWJ,ST4000DM000,4000787030016,0,117,162124856,97,0,100,3,100,0,81,121950386,74,23384,100,0,100,3,100.0,0.0,100.0,0.0,100.0,0.0,100.0,0.0,100.0,0.0,79.0,21.0,100.0,0.0,100.0,0.0,98.0,4252.0,21,21,100,0,100,0,200,0,100.0,23359.0,100.0,41700897840.0,100.0,118675609212.0
2018-10-19,Z305GXWJ,ST4000DM000,4000787030016,0,117,160606056,97,0,100,3,100,0,81,122973310,74,23408,100,0,100,3,100.0,0.0,100.0,0.0,100.0,0.0,100.0,0.0,100.0,0.0,79.0,21.0,100.0,0.0,100.0,0.0,98.0,4253.0,21,21,100,0,100,0,200,0,100.0,23383.0,100.0,41702947528.0,100.0,118836883654.0
2018-10-20,Z305GXWJ,ST4000DM000,4000787030016,0,119,220677176,97,0,100,3,100,0,81,123718790,74,23432,100,0,100,3,100.0,0.0,100.0,0.0,100.0,0.0,100.0,0.0,100.0,0.0,79.0,21.0,100.0,0.0,100.0,0.0,98.0,4253.0,21,21,100,0,100,0,200,0,100.0,23407.0,100.0,41704927776.0,100.0,118971582039.0
2018-10-21,Z305GXWJ,ST4000DM000,4000787030016,0,118,180449280,97,0,100,3,100,0,81,125241016,74,23456,100,0,100,3,100.0,0.0,100.0,0.0,100.0,0.0,100.0,0.0,100.0,0.0,79.0,21.0,100.0,0.0,100.0,0.0,98.0,4253.0,21,21,100,0,100,0,200,0,100.0,23431.0,100.0,41709993832.0,100.0,119123243825.0
2018-10-22,Z305GXWJ,ST4000DM000,4000787030016,0,117,127514576,97,0,100,3,100,0,81,126436725,74,23480,100,0,100,3,100.0,0.0,100.0,0.0,100.0,0.0,100.0,0.0,100.0,0.0,79.0,21.0,100.0,0.0,100.0,0.0,98.0,4253.0,21,21,100,0,100,0,200,0,100.0,23455.0,100.0,41713140624.0,100.0,119285717161.0
2018-10-23,Z305GXWJ,ST4000DM000,4000787030016,0,114,75755936,97,0,100,3,100,0,81,126980248,74,23504,100,0,100,3,100.0,0.0,100.0,0.0,100.0,0.0,100.0,0.0,100.0,0.0,79.0,21.0,100.0,0.0,100.0,0.0,98.0,4254.0,21,21,100,0,100,0,200,0,100.0,23479.0,100.0,41715119728.0,100.0,119401610257.0
2018-10-24,Z305GXWJ,ST4000DM000,4000787030016,0,119,208912040,97,0,100,3,100,0,81,127738854,74,23528,100,0,100,3,100.0,0.0,100.0,0.0,100.0,0.0,100.0,0.0,100.0,0.0,79.0,21.0,100.0,0.0,100,0,98.0,4259.0,21,21,100,0,100,0,200,0,100.0,23503.0,100.0,41717518376.0,100.0,119532748743.0
2018-10-25,Z305GXWJ,ST4000DM000,4000787030016,0,117,154714488,97,0,100,3,100,0,81,128471349,74,23556,100,0,100,3,100.0,0.0,100.0,0.0,100.0,0.0,100.0,0.0,100.0,0.0,79.0,21.0,100.0,0.0,100.0,0.0,98.0,4307.0,21,21,100,0,100,0,200,0,100.0,23531.0,100.0,41721459520.0,100.0,119687186791.0
2018-10-26,Z305GXWJ,ST4000DM000,4000787030016,0,118,168437040,97,0,100,3,100,0,81,128863627,74,23580,100,0,100,3,100.0,0.0,100.0,0.0,100.0,0.0,100.0,0.0,100.0,0.0,79.0,21.0,100.0,0.0,100.0,0.0,98.0,4307.0,21,21,100,0,100,0,200,0,100.0,23555.0,100.0,41723899536.0,100.0,119839348907.0
2018-10-27,Z305GXWJ,ST4000DM000,4000787030016,0,117,152030376,97,0,100,3,100,0,81,129776506,74,23604,100,0,100,3,100.0,0.0,100.0,0.0,100.0,0.0,100.0,0.0,100.0,0.0,79.0,21.0,100.0,0.0,100.0,0.0,98.0,4308.0,21,21,100,0,100,0,200,0,100.0,23579.0,100.0,41730704184.0,100.0,120000807173.0
2018-10-28,Z305GXWJ,ST4000DM000,4000787030016,0,113,57437432,97,0,100,3,100,0,81,130144234,74,23627,100,0,100,3,100.0,0.0,100.0,0.0,100.0,0.0,100.0,0.0,100.0,0.0,79.0,21.0,100.0,0.0,100.0,0.0,98.0,4310.0,21,21,100,0,100,0,200,0,100.0,23602.0,100.0,41733181432.0,100.0,120154166546.0
2018-10-29,Z305GXWJ,ST4000DM000,4000787030016,0,114,65901016,97,0,100,3,100,0,81,131048755,74,23651,100,0,100,3,100.0,0.0,100.0,0.0,100.0,0.0,100.0,0.0,100.0,0.0,79.0,21.0,100.0,0.0,100.0,0.0,98.0,4311.0,21,21,100,0,100,0,200,0,100.0,23626.0,100.0,41738218472.0,100.0,120312306266.0
2018-10-30,Z305GXWJ,ST4000DM000,4000787030016,0,119,222902224,97,0,100,3,100,0,81,131422034,73,23676,100,0,100,3,100.0,0.0,100.0,0.0,100.0,0.0,100.0,0.0,100.0,0.0,79.0,21.0,100.0,0.0,100.0,0.0,98.0,4312.0,21,21,100,0,100,0,200,0,100.0,23651.0,100.0,41741167184.0,100.0,120487487093.0
2018-10-31,Z305GXWJ,ST4000DM000,4000787030016,0,115,98455264,97.0,0.0,100.0,3.0,100.0,0.0,81.0,132366769.0,73,23700,100.0,0.0,100,3,100.0,0.0,100.0,0.0,100.0,0.0,100.0,0.0,100.0,0.0,78.0,22.0,100.0,0.0,100.0,0.0,98.0,4313.0,22,22,100.0,0.0,100.0,0.0,200.0,0.0,100.0,23675.0,100.0,41745123688.0,100.0,120627567857.0
2018-11-01,Z305GXWJ,ST4000DM000,4000787030016,0,119,218575320,97.0,0.0,100.0,3.0,100.0,0.0,81.0,132976541.0,73,23721,100.0,0.0,100,3,100.0,0.0,100.0,0.0,100.0,0.0,100.0,0.0,100.0,0.0,77.0,23.0,100.0,0.0,100.0,0.0,98.0,4313.0,23,23,100.0,0.0,100.0,0.0,200.0,0.0,100.0,23696.0,100.0,41747052944.0,100.0,120770979103.0
2018-11-02,Z305GXWJ,ST4000DM000,4000787030016,0,110,26066008,97.0,0.0,100.0,3.0,100.0,0.0,81.0,133709267.0,73,23746,100.0,0.0,100,3,100.0,0.0,100.0,0.0,100.0,0.0,100.0,0.0,100.0,0.0,77.0,23.0,100.0,0.0,100.0,0.0,98.0,4313.0,23,23,100.0,0.0,100.0,0.0,200.0,0.0,100.0,23721.0,100.0,41748852872.0,100.0,120919975296.0
2018-11-03,Z305GXWJ,ST4000DM000,4000787030016,0,117,143496512,97.0,0.0,100.0,3.0,100.0,0.0,81.0,135766524.0,73,23770,100.0,0.0,100,3,100.0,0.0,100.0,0.0,100.0,0.0,100.0,0.0,100.0,0.0,78.0,22.0,100.0,0.0,100.0,0.0,98.0,4313.0,22,22,100.0,0.0,100.0,0.0,200.0,0.0,100.0,23745.0,100.0,41754210944.0,100.0,121103953141.0
2018-11-04,Z305GXWJ,ST4000DM000,4000787030016,0,111,39299280,97.0,0.0,100.0,3.0,100.0,0.0,81.0,136669324.0,73,23794,100.0,0.0,100,3,100.0,0.0,100.0,0.0,100.0,0.0,100.0,0.0,100.0,0.0,78.0,22.0,100.0,0.0,100.0,0.0,98.0,4313.0,22,22,100.0,0.0,100.0,0.0,200.0,0.0,100.0,23769.0,100.0,41756123736.0,100.0,121263465525.0
2018-11-05,Z305GXWJ,ST4000DM000,4000787030016,0,117,138909800,97.0,0.0,100.0,3.0,100.0,0.0,81.0,138034676.0,73,23818,100.0,0.0,100,3,100.0,0.0,100.0,0.0,100.0,0.0,100.0,0.0,100.0,0.0,78.0,22.0,100.0,0.0,100.0,0.0,98.0,4313.0,22,22,100.0,0.0,100.0,0.0,200.0,0.0,100.0,23793.0,100.0,41760433040.0,100.0,121433391922.0
2018-11-06,Z305GXWJ,ST4000DM000,4000787030016,0,113.0,57784512.0,97.0,0.0,100.0,3.0,100.0,0.0,81.0,138858015.0,73.0,23842.0,100.0,0.0,100.0,3.0,100.0,0.0,100.0,0.0,100.0,0.0,100.0,0.0,100.0,0.0,78.0,22.0,100.0,0.0,100.0,0.0,98.0,4313.0,22.0,22.0,100.0,0.0,100.0,0.0,200.0,0.0,100.0,23817.0,100.0,41764298464.0,100.0,121608025058.0
2018-11-07,Z305GXWJ,ST4000DM000,4000787030016,0,120.0,242529040.0,97.0,0.0,100.0,3.0,100.0,0.0,81.0,139934925.0,73.0,23866.0,100.0,0.0,100.0,3.0,100.0,0.0,100.0,0.0,100.0,0.0,100.0,0.0,100.0,0.0,78.0,22.0,100.0,0.0,100.0,0.0,98.0,4313.0,22.0,22.0,100.0,0.0,100.0,0.0,200.0,0.0,100.0,23841.0,100.0,41769530632.0,100.0,121751093428.0
2018-11-08,Z305GXWJ,ST4000DM000,4000787030016,0,108.0,15396928.0,97.0,0.0,100.0,3.0,100.0,0.0,81.0,141034577.0,73.0,23888.0,100.0,0.0,100.0,3.0,100.0,0.0,100.0,0.0,100.0,0.0,100.0,0.0,100.0,0.0,79.0,21.0,100.0,0.0,100.0,0.0,98.0,4313.0,21.0,21.0,100.0,0.0,100.0,0.0,200.0,0.0,100.0,23863.0,100.0,41774905664.0,100.0,121909196311.0
2018-11-09,Z305GXWJ,ST4000DM000,4000787030016,0,117,136052792,97.0,0.0,100.0,3.0,100.0,0.0,81.0,142086223.0,73,23912,100.0,0.0,100,3,100.0,0.0,100.0,0.0,100.0,0.0,100.0,0.0,100.0,0.0,79.0,21.0,100.0,0.0,100.0,0.0,98.0,4313.0,21,21,100.0,0.0,100.0,0.0,200.0,0.0,100.0,23887.0,100.0,41776893848.0,100.0,122072199117.0
2018-11-10,Z305GXWJ,ST4000DM000,4000787030016,0,115,91356184,97.0,0.0,100.0,3.0,100.0,0.0,81.0,142975263.0,73,23936,100.0,0.0,100,3,100.0,0.0,100.0,0.0,100.0,0.0,100.0,0.0,100.0,0.0,79.0,21.0,100.0,0.0,100.0,0.0,98.0,4313.0,21,21,100.0,0.0,100.0,0.0,200.0,0.0,100.0,23911.0,100.0,41778963080.0,100.0,122230896607.0
2018-11-11,Z305GXWJ,ST4000DM000,4000787030016,0,117,121617656,97.0,0.0,100.0,3.0,100.0,0.0,81.0,143646245.0,73,23961,100.0,0.0,100,3,100.0,0.0,100.0,0.0,100.0,0.0,100.0,0.0,100.0,0.0,79.0,21.0,100.0,0.0,100.0,0.0,98.0,4313.0,21,21,100.0,0.0,100.0,0.0,200.0,0.0,100.0,23936.0,100.0,41780740984.0,100.0,122390028166.0
2018-11-12,Z305GXWJ,ST4000DM000,4000787030016,0,118,172494096,97.0,0.0,100.0,3.0,100.0,0.0,81.0,145205253.0,73,23984,100.0,0.0,100,3,100.0,0.0,100.0,0.0,100.0,0.0,100.0,0.0,100.0,0.0,79.0,21.0,100.0,0.0,100.0,0.0,98.0,4313.0,21,21,100.0,0.0,100.0,0.0,200.0,0.0,100.0,23959.0,100.0,41785414472.0,100.0,122558217438.0
2018-11-13,Z305GXWJ,ST4000DM000,4000787030016,0,118,168766920,97.0,0.0,100.0,3.0,100.0,0.0,81.0,146525947.0,73,24009,100.0,0.0,100,3,100.0,0.0,100.0,0.0,100.0,0.0,100.0,0.0,100.0,0.0,80.0,20.0,100.0,0.0,100.0,0.0,98.0,4313.0,20,20,100.0,0.0,100.0,0.0,200.0,0.0,100.0,23984.0,100.0,41787447136.0,100.0,122692868916.0
2018-11-14,Z305GXWJ,ST4000DM000,4000787030016,0,115,100658504,97.0,0.0,100.0,3.0,100.0,0.0,81.0,147641613.0,73,24033,100.0,0.0,100,3,100.0,0.0,100.0,0.0,100.0,0.0,100.0,0.0,100.0,0.0,79.0,21.0,100.0,0.0,100.0,0.0,98.0,4313.0,21,21,100.0,0.0,100.0,0.0,200.0,0.0,100.0,24008.0,100.0,41790805624.0,100.0,122840964879.0
2018-11-15,Z305GXWJ,ST4000DM000,4000787030016,0,110,28245272,97.0,0.0,100.0,3.0,100.0,0.0,81.0,148493213.0,73,24056,100.0,0.0,100,3,100.0,0.0,100.0,0.0,100.0,0.0,100.0,0.0,100.0,0.0,78.0,22.0,100.0,0.0,100.0,0.0,98.0,4313.0,22,22,100.0,0.0,100.0,0.0,200.0,0.0,100.0,24031.0,100.0,41793898528.0,100.0,122989132546.0
2018-11-16,Z305GXWJ,ST4000DM000,4000787030016,0,114,73276248,97.0,0.0,100.0,3.0,100.0,0.0,81.0,149348253.0,73,24081,100.0,0.0,100,3,100.0,0.0,100.0,0.0,100.0,0.0,100.0,0.0,100.0,0.0,78.0,22.0,100.0,0.0,100.0,0.0,98.0,4313.0,22,22,100.0,0.0,100.0,0.0,200.0,0.0,100.0,24055.0,100.0,41796340688.0,100.0,123158670785.0
2018-11-17,Z305GXWJ,ST4000DM000,4000787030016,0,117.0,136561952.0,97.0,0.0,100.0,3.0,100.0,0.0,81.0,150116147.0,73.0,24105.0,100.0,0.0,100.0,3.0,100.0,0.0,100.0,0.0,100.0,0.0,100.0,0.0,100.0,0.0,78.0,22.0,100.0,0.0,100.0,0.0,98.0,4313.0,22.0,22.0,100.0,0.0,100.0,0.0,200.0,0.0,100.0,24080.0,100.0,41797951800.0,100.0,123305624339.0
2018-11-18,Z305GXWJ,ST4000DM000,4000787030016,0,119,216945904,97.0,0.0,100.0,3.0,100.0,0.0,81.0,151045813.0,73,24129,100.0,0.0,100,3,100.0,0.0,100.0,0.0,100.0,0.0,100.0,0.0,100.0,0.0,78.0,22.0,100.0,0.0,100.0,0.0,98.0,4313.0,22,22,100.0,0.0,100.0,0.0,200.0,0.0,100.0,24104.0,100.0,41799497088.0,100.0,123475534268.0
2018-11-19,Z305GXWJ,ST4000DM000,4000787030016,0,101,3655176,97.0,0.0,100.0,3.0,100.0,0.0,81.0,152570235.0,73,24153,100.0,0.0,100,3,100.0,0.0,100.0,0.0,100.0,0.0,100.0,0.0,100.0,0.0,78.0,22.0,100.0,0.0,100.0,0.0,98.0,4313.0,22,22,100.0,0.0,100.0,0.0,200.0,0.0,100.0,24128.0,100.0,41803692688.0,100.0,123630891582.0
2018-11-20,Z305GXWJ,ST4000DM000,4000787030016,0,109,21187960,97.0,0.0,100.0,3.0,100.0,0.0,81.0,154002288.0,73,24176,100.0,0.0,100,3,100.0,0.0,100.0,0.0,100.0,0.0,100.0,0.0,100.0,0.0,78.0,22.0,100.0,0.0,100.0,0.0,98.0,4313.0,22,22,100.0,0.0,100.0,0.0,200.0,0.0,100.0,24151.0,100.0,41806219392.0,100.0,123791380656.0
2018-11-21,Z305GXWJ,ST4000DM000,4000787030016,0,117,151301792,97.0,0.0,100.0,3.0,100.0,0.0,81.0,155846691.0,73,24201,100.0,0.0,100,3,100.0,0.0,100.0,0.0,100.0,0.0,100.0,0.0,100.0,0.0,79.0,21.0,100.0,0.0,100.0,0.0,98.0,4313.0,21,21,100.0,0.0,100.0,0.0,200.0,0.0,100.0,24176.0,100.0,41810286528.0,100.0,123939859734.0
2018-11-22,Z305GXWJ,ST4000DM000,4000787030016,0,115,95676584,97.0,0.0,100.0,3.0,100.0,0.0,81.0,156984576.0,73,24224,100.0,0.0,100,3,100.0,0.0,100.0,0.0,100.0,0.0,100.0,0.0,100.0,0.0,78.0,22.0,100.0,0.0,100.0,0.0,98.0,4313.0,22,22,100.0,0.0,100.0,0.0,200.0,0.0,100.0,24199.0,100.0,41812326400.0,100.0,124099427477.0
2018-11-23,Z305GXWJ,ST4000DM000,4000787030016,0,112,43557400,97.0,0.0,100.0,3.0,100.0,0.0,81.0,157767799.0,73,24249,100.0,0.0,100,3,100.0,0.0,100.0,0.0,100.0,0.0,100.0,0.0,100.0,0.0,76.0,24.0,100.0,0.0,100.0,0.0,98.0,4313.0,24,24,100.0,0.0,100.0,0.0,200.0,0.0,100.0,24224.0,100.0,41814858544.0,100.0,124242972829.0
2018-11-24,Z305GXWJ,ST4000DM000,4000787030016,0,118,177072072,97.0,0.0,100.0,3.0,100.0,0.0,81.0,158383531.0,73,24272,100.0,0.0,100,3,100.0,0.0,100.0,0.0,100.0,0.0,100.0,0.0,100.0,0.0,77.0,23.0,100.0,0.0,100.0,0.0,98.0,4313.0,23,23,100.0,0.0,100.0,0.0,200.0,0.0,100.0,24247.0,100.0,41817685256.0,100.0,124377334116.0
2018-11-25,Z305GXWJ,ST4000DM000,4000787030016,0,119,230112856,97.0,0.0,100.0,3.0,100.0,0.0,81.0,158967555.0,73,24296,100.0,0.0,100,3,100.0,0.0,100.0,0.0,100.0,0.0,100.0,0.0,100.0,0.0,76.0,24.0,100.0,0.0,100.0,0.0,98.0,4313.0,24,24,100.0,0.0,100.0,0.0,200.0,0.0,100.0,24271.0,100.0,41819159480.0,100.0,124512516054.0
2018-11-26,Z305GXWJ,ST4000DM000,4000787030016,0,118,193020016,97.0,0.0,100.0,3.0,100.0,0.0,81.0,160121449.0,73,24320,100.0,0.0,100,3,100.0,0.0,100.0,0.0,100.0,0.0,100.0,0.0,100.0,0.0,76.0,24.0,100.0,0.0,100.0,0.0,98.0,4313.0,24,24,100.0,0.0,100.0,0.0,200.0,0.0,100.0,24295.0,100.0,41823644280.0,100.0,124659265618.0
2018-11-27,Z305GXWJ,ST4000DM000,4000787030016,0,119,211502176,97.0,0.0,100.0,3.0,100.0,0.0,81.0,160631523.0,73,24345,100.0,0.0,100,3,100.0,0.0,100.0,0.0,100.0,0.0,100.0,0.0,100.0,0.0,76.0,24.0,100.0,0.0,100.0,0.0,98.0,4313.0,24,24,100.0,0.0,100.0,0.0,200.0,0.0,100.0,24320.0,100.0,41825486280.0,100.0,124794450289.0
2018-11-28,Z305GXWJ,ST4000DM000,4000787030016,0,113,57880032,97.0,0.0,100.0,3.0,100.0,0.0,81.0,161584530.0,73,24368,100.0,0.0,100,3,100.0,0.0,100.0,0.0,100.0,0.0,100.0,0.0,100.0,0.0,76.0,24.0,100.0,0.0,100.0,0.0,98.0,4313.0,24,24,100.0,0.0,100.0,0.0,200.0,0.0,100.0,24343.0,100.0,41829673736.0,100.0,124935905143.0
2018-11-29,Z305GXWJ,ST4000DM000,4000787030016,0,117,134416296,97.0,0.0,100.0,3.0,100.0,0.0,81.0,162328136.0,73,24392,100.0,0.0,100,3,100.0,0.0,100.0,0.0,100.0,0.0,100.0,0.0,100.0,0.0,80.0,20.0,100.0,0.0,100.0,0.0,98.0,4313.0,20,20,100.0,0.0,100.0,0.0,200.0,0.0,100.0,24367.0,100.0,41833768552.0,100.0,125098383326.0
2018-11-30,Z305GXWJ,ST4000DM000,4000787030016,0,118,172769216,97.0,0.0,100.0,3.0,100.0,0.0,81.0,162734221.0,73,24416,100.0,0.0,100,3,100.0,0.0,100.0,0.0,100.0,0.0,100.0,0.0,100.0,0.0,80.0,20.0,100.0,0.0,100.0,0.0,98.0,4313.0,20,20,100.0,0.0,100.0,0.0,200.0,0.0,100.0,24391.0,100.0,41836288848.0,100.0,125265749012.0
2018-12-01,Z305GXWJ,ST4000DM000,4000787030016,0,115,87090168,97.0,0.0,100.0,3.0,100.0,0.0,81.0,163106936.0,73,24441,100.0,0.0,100,3,100.0,0.0,100.0,0.0,100.0,0.0,100.0,0.0,100.0,0.0,80.0,20.0,100.0,0.0,100.0,0.0,98.0,4313.0,20,20,100.0,0.0,100.0,0.0,200.0,0.0,100.0,24416.0,100.0,41838929224.0,100.0,125402751950.0
2018-12-02,Z305GXWJ,ST4000DM000,4000787030016,0,117,132790272,97.0,0.0,100.0,3.0,100.0,0.0,81.0,163431513.0,73,24464,100.0,0.0,100,3,100.0,0.0,100.0,0.0,100.0,0.0,100.0,0.0,100.0,0.0,80.0,20.0,100.0,0.0,100.0,0.0,98.0,4313.0,20,20,100.0,0.0,100.0,0.0,200.0,0.0,100.0,24439.0,100.0,41841348056.0,100.0,125552112430.0
2018-12-03,Z305GXWJ,ST4000DM000,4000787030016,0,117,157948008,97.0,0.0,100.0,3.0,100.0,0.0,81.0,164419781.0,73,24488,100.0,0.0,100,3,100.0,0.0,100.0,0.0,100.0,0.0,100.0,0.0,100.0,0.0,80.0,20.0,100.0,0.0,100.0,0.0,98.0,4313.0,20,20,100.0,0.0,100.0,0.0,200.0,0.0,100.0,24463.0,100.0,41846355840.0,100.0,125740923219.0
2018-12-04,Z305GXWJ,ST4000DM000,4000787030016,0,119,202632264,97.0,0.0,100.0,3.0,100.0,0.0,81.0,165121415.0,73,24513,100.0,0.0,100,3,100.0,0.0,100.0,0.0,100.0,0.0,100.0,0.0,100.0,0.0,80.0,20.0,100.0,0.0,100.0,0.0,98.0,4313.0,20,20,100.0,0.0,100.0,0.0,200.0,0.0,100.0,24488.0,100.0,41848700616.0,100.0,125909903048.0
2018-12-05,Z305GXWJ,ST4000DM000,4000787030016,0,117.0,163891736.0,97.0,0.0,100.0,3.0,100.0,0.0,81.0,165913235.0,72.0,24536.0,100.0,0.0,100.0,3.0,100.0,0.0,100.0,0.0,100.0,0.0,100.0,0.0,100.0,0.0,80.0,20.0,100.0,0.0,100.0,0.0,98.0,4313.0,20.0,20.0,100.0,0.0,100.0,0.0,200.0,0.0,100.0,24511.0,100.0,41851275936.0,100.0,126033220966.0
2018-12-06,Z305GXWJ,ST4000DM000,4000787030016,0,116,113136312,97.0,0.0,100.0,3.0,100.0,0.0,81.0,167279816.0,72,24562,100.0,0.0,100,3,100.0,0.0,100.0,0.0,100.0,0.0,100.0,0.0,100.0,0.0,80.0,20.0,100.0,0.0,100.0,0.0,98.0,4313.0,20,20,100.0,0.0,100.0,0.0,200.0,0.0,100.0,24536.0,100.0,41854918560.0,100.0,126197241954.0
2018-12-07,Z305GXWJ,ST4000DM000,4000787030016,0,111,35412584,97.0,0.0,100.0,3.0,100.0,0.0,82.0,169083990.0,72,24585,100.0,0.0,100,3,100.0,0.0,100.0,0.0,100.0,0.0,100.0,0.0,100.0,0.0,80.0,20.0,100.0,0.0,100.0,0.0,98.0,4313.0,20,20,100.0,0.0,100.0,0.0,200.0,0.0,100.0,24560.0,100.0,41860159048.0,100.0,126380890485.0
2018-12-08,Z305GXWJ,ST4000DM000,4000787030016,0,117,162351296,97.0,0.0,100.0,3.0,100.0,0.0,82.0,169911618.0,72,24610,100.0,0.0,100,3,100.0,0.0,100.0,0.0,100.0,0.0,100.0,0.0,100.0,0.0,80.0,20.0,100.0,0.0,100.0,0.0,98.0,4313.0,20,20,100.0,0.0,100.0,0.0,200.0,0.0,100.0,24585.0,100.0,41863340504.0,100.0,126533478994.0
2018-12-09,Z305GXWJ,ST4000DM000,4000787030016,0,111,40259896,97.0,0.0,100.0,3.0,100.0,0.0,82.0,170631825.0,72,24633,100.0,0.0,100,3,100.0,0.0,100.0,0.0,100.0,0.0,100.0,0.0,100.0,0.0,80.0,20.0,100.0,0.0,100.0,0.0,98.0,4313.0,20,20,100.0,0.0,100.0,0.0,200.0,0.0,100.0,24608.0,100.0,41865472784.0,100.0,126698722269.0
2018-12-10,Z305GXWJ,ST4000DM000,4000787030016,0,108,17254208,97.0,0.0,100.0,3.0,100.0,0.0,82.0,171926887.0,72,24657,100.0,0.0,100,3,100.0,0.0,100.0,0.0,100.0,0.0,100.0,0.0,100.0,0.0,80.0,20.0,100.0,0.0,100.0,0.0,98.0,4313.0,20,20,100.0,0.0,100.0,0.0,200.0,0.0,100.0,24632.0,100.0,41870075752.0,100.0,126864897032.0
2018-12-11,Z305GXWJ,ST4000DM000,4000787030016,0,117,145309960,97.0,0.0,100.0,3.0,100.0,0.0,82.0,172921791.0,72,24681,100.0,0.0,100,3,100.0,0.0,100.0,0.0,100.0,0.0,100.0,0.0,100.0,0.0,80.0,20.0,100.0,0.0,100.0,0.0,98.0,4313.0,20,20,100.0,0.0,100.0,0.0,200.0,0.0,100.0,24656.0,100.0,41872307016.0,100.0,127034869194.0
2018-12-12,Z305GXWJ,ST4000DM000,4000787030016,0,112,46199136,97.0,0.0,100.0,3.0,100.0,0.0,82.0,174303511.0,72,24705,100.0,0.0,100,3,100.0,0.0,100.0,0.0,100.0,0.0,100.0,0.0,100.0,0.0,80.0,20.0,100.0,0.0,100.0,0.0,98.0,4313.0,20,20,100.0,0.0,100.0,0.0,200.0,0.0,100.0,24680.0,100.0,41876853896.0,100.0,127188335980.0
2018-12-13,Z305GXWJ,ST4000DM000,4000787030016,0,109,24566440,97.0,0.0,100.0,3.0,100.0,0.0,82.0,175180547.0,72,24730,100.0,0.0,100,3,100.0,0.0,100.0,0.0,100.0,0.0,100.0,0.0,100.0,0.0,79.0,21.0,100.0,0.0,100.0,0.0,98.0,4313.0,21,21,100.0,0.0,100.0,0.0,200.0,0.0,100.0,24705.0,100.0,41879121872.0,100.0,127346365954.0
2018-12-14,Z305GXWJ,ST4000DM000,4000787030016,0,119,233004056,97.0,0.0,100.0,3.0,100.0,0.0,82.0,175796620.0,72,24753,100.0,0.0,100,3,100.0,0.0,100.0,0.0,100.0,0.0,100.0,0.0,100.0,0.0,79.0,21.0,100.0,0.0,100.0,0.0,98.0,4313.0,21,21,100.0,0.0,100.0,0.0,200.0,0.0,100.0,24728.0,100.0,41880710480.0,100.0,127495213621.0
2018-12-15,Z305GXWJ,ST4000DM000,4000787030016,0,115,87104416,97.0,0.0,100.0,3.0,100.0,0.0,82.0,177365452.0,72,24778,100.0,0.0,100,3,100.0,0.0,100.0,0.0,100.0,0.0,100.0,0.0,100.0,0.0,79.0,21.0,100.0,0.0,100.0,0.0,98.0,4313.0,21,21,100.0,0.0,100.0,0.0,200.0,0.0,100.0,24752.0,100.0,41886017960.0,100.0,127644490621.0
2018-12-16,Z305GXWJ,ST4000DM000,4000787030016,0,118,198807968,97.0,0.0,100.0,3.0,100.0,0.0,82.0,178105001.0,72,24801,100.0,0.0,100,3,100.0,0.0,100.0,0.0,100.0,0.0,100.0,0.0,100.0,0.0,79.0,21.0,100.0,0.0,100.0,0.0,98.0,4313.0,21,21,100.0,0.0,100.0,0.0,200.0,0.0,100.0,24776.0,100.0,41888710640.0,100.0,127773955888.0
2018-12-17,Z305GXWJ,ST4000DM000,4000787030016,0,108,18296176,97.0,0.0,100.0,3.0,100.0,0.0,82.0,179464949.0,72,24825,100.0,0.0,100,3,100.0,0.0,100.0,0.0,100.0,0.0,100.0,0.0,100.0,0.0,79.0,21.0,100.0,0.0,100.0,0.0,98.0,4313.0,21,21,100.0,0.0,100.0,0.0,200.0,0.0,100.0,24800.0,100.0,41893031704.0,100.0,127950728561.0
2018-12-18,Z305GXWJ,ST4000DM000,4000787030016,0,107,13497752,97.0,0.0,100.0,3.0,100.0,0.0,82.0,180213908.0,72,24849,100.0,0.0,100,3,100.0,0.0,100.0,0.0,100.0,0.0,100.0,0.0,100.0,0.0,79.0,21.0,100.0,0.0,100.0,0.0,98.0,4313.0,21,21,100.0,0.0,100.0,0.0,200.0,0.0,100.0,24824.0,100.0,41894658360.0,100.0,128109137121.0
2018-12-19,Z305GXWJ,ST4000DM000,4000787030016,0,117,140825664,97.0,0.0,100.0,3.0,100.0,0.0,82.0,181131050.0,72,24873,100.0,0.0,100,3,100.0,0.0,100.0,0.0,100.0,0.0,100.0,0.0,100.0,0.0,79.0,21.0,100.0,0.0,100.0,0.0,98.0,4313.0,21,21,100.0,0.0,100.0,0.0,200.0,0.0,100.0,24848.0,100.0,41897000400.0,100.0,128253827540.0
2018-12-20,Z305GXWJ,ST4000DM000,4000787030016,0,111,41324432,97.0,0.0,100.0,3.0,100.0,0.0,82.0,182087748.0,72,24897,100.0,0.0,100,3,100.0,0.0,100.0,0.0,100.0,0.0,100.0,0.0,100.0,0.0,79.0,21.0,100.0,0.0,100.0,0.0,98.0,4313.0,21,21,100.0,0.0,100.0,0.0,200.0,0.0,100.0,24872.0,100.0,41899758552.0,100.0,128390080135.0
2018-12-21,Z305GXWJ,ST4000DM000,4000787030016,0,114,59782376,97.0,0.0,100.0,3.0,100.0,0.0,82.0,183012035.0,72,24921,100.0,0.0,100,3,100.0,0.0,100.0,0.0,100.0,0.0,100.0,0.0,100.0,0.0,79.0,21.0,100.0,0.0,100.0,0.0,98.0,4313.0,21,21,100.0,0.0,100.0,0.0,200.0,0.0,100.0,24896.0,100.0,41901272272.0,100.0,128551115813.0
2018-12-22,Z305GXWJ,ST4000DM000,4000787030016,0,115,86114032,97.0,0.0,100.0,3.0,100.0,0.0,82.0,184104582.0,72,24945,100.0,0.0,100,3,100.0,0.0,100.0,0.0,100.0,0.0,100.0,0.0,100.0,0.0,79.0,21.0,100.0,0.0,100.0,0.0,98.0,4313.0,21,21,100.0,0.0,100.0,0.0,200.0,0.0,100.0,24920.0,100.0,41903462776.0,100.0,128706579205.0
2018-12-23,Z305GXWJ,ST4000DM000,4000787030016,0,120,664296,97.0,0.0,100.0,3.0,100.0,0.0,82.0,186062043.0,72,24970,100.0,0.0,100,3,100.0,0.0,100.0,0.0,100.0,0.0,100.0,0.0,100.0,0.0,79.0,21.0,100.0,0.0,100.0,0.0,98.0,4313.0,21,21,100.0,0.0,100.0,0.0,200.0,0.0,100.0,24944.0,100.0,41908461288.0,100.0,128878288325.0
2018-12-24,Z305GXWJ,ST4000DM000,4000787030016,0,110,28035768,97.0,0.0,100.0,3.0,100.0,0.0,82.0,187871287.0,72,24993,100.0,0.0,100,3,100.0,0.0,100.0,0.0,100.0,0.0,100.0,0.0,100.0,0.0,79.0,21.0,100.0,0.0,100.0,0.0,98.0,4313.0,21,21,100.0,0.0,100.0,0.0,200.0,0.0,100.0,24968.0,100.0,41911792984.0,100.0,129053990077.0
2018-12-25,Z305GXWJ,ST4000DM000,4000787030016,0,114,76699704,97.0,0.0,100.0,3.0,100.0,0.0,82.0,188603425.0,72,25017,100.0,0.0,100,3,100.0,0.0,100.0,0.0,100.0,0.0,100.0,0.0,100.0,0.0,79.0,21.0,100.0,0.0,100.0,0.0,98.0,4313.0,21,21,100.0,0.0,100.0,0.0,200.0,0.0,100.0,24992.0,100.0,41914016568.0,100.0,129200205733.0
2018-12-26,Z305GXWJ,ST4000DM000,4000787030016,0,119,231206152,97.0,0.0,100.0,3.0,100.0,0.0,82.0,189568378.0,72,25041,100.0,0.0,100,3,100.0,0.0,100.0,0.0,100.0,0.0,100.0,0.0,100.0,0.0,79.0,21.0,100.0,0.0,100.0,0.0,98.0,4313.0,21,21,100.0,0.0,100.0,0.0,200.0,0.0,100.0,25016.0,100.0,41916516224.0,100.0,129343515296.0
2018-12-27,Z305GXWJ,ST4000DM000,4000787030016,0,118,192417656,97.0,0.0,100.0,3.0,100.0,0.0,82.0,190255638.0,72,25065,100.0,0.0,100,3,100.0,0.0,100.0,0.0,100.0,0.0,100.0,0.0,100.0,0.0,79.0,21.0,100.0,0.0,100.0,0.0,98.0,4313.0,21,21,100.0,0.0,100.0,0.0,200.0,0.0,100.0,25040.0,100.0,41919148136.0,100.0,129461340449.0
2018-12-28,Z305GXWJ,ST4000DM000,4000787030016,0,115,91378752,97.0,0.0,100.0,3.0,100.0,0.0,82.0,190863406.0,72,25089,100.0,0.0,100,3,100.0,0.0,100.0,0.0,100.0,0.0,100.0,0.0,100.0,0.0,79.0,21.0,100.0,0.0,100.0,0.0,98.0,4313.0,21,21,100.0,0.0,100.0,0.0,200.0,0.0,100.0,25064.0,100.0,41920691512.0,100.0,129600956101.0
2018-12-29,Z305GXWJ,ST4000DM000,4000787030016,0,120,241967192,97.0,0.0,100.0,3.0,100.0,0.0,82.0,191371021.0,72,25113,100.0,0.0,100,3,100.0,0.0,100.0,0.0,100.0,0.0,100.0,0.0,100.0,0.0,79.0,21.0,100.0,0.0,100.0,0.0,98.0,4313.0,21,21,100.0,0.0,100.0,0.0,200.0,0.0,100.0,25088.0,100.0,41922069640.0,100.0,129723774139.0
2018-12-30,Z305GXWJ,ST4000DM000,4000787030016,0,116,113845104,97.0,0.0,100.0,3.0,100.0,0.0,82.0,191824898.0,72,25137,100.0,0.0,100,3,100.0,0.0,100.0,0.0,100.0,0.0,100.0,0.0,100.0,0.0,79.0,21.0,100.0,0.0,100.0,0.0,98.0,4313.0,21,21,100.0,0.0,100.0,0.0,200.0,0.0,100.0,25112.0,100.0,41925006040.0,100.0,129874154300.0
2018-12-31,Z305GXWJ,ST4000DM000,4000787030016,0,118,172056976,97.0,0.0,100.0,3.0,100.0,0.0,82.0,192883802.0,72,25161,100.0,0.0,100,3,100.0,0.0,100.0,0.0,100.0,0.0,100.0,0.0,100.0,0.0,79.0,21.0,100.0,0.0,100.0,0.0,98.0,4313.0,21,21,100.0,0.0,100.0,0.0,200.0,0.0,100.0,25136.0,100.0,41931345672.0,100.0,130054867945.0
