2019-01-01,ZCH0CEHG,ST12000NM0007,12000138625024,0,83,203503440,98.0,0.0,100.0,2.0,100.0,0.0,82.0,162847436.0,91,8312,100.0,0.0,100,1,,,,,100.0,0.0,100.0,0.0,,,66.0,34.0,,,100.0,113.0,100.0,597.0,34,34,100.0,0.0,100.0,0.0,200.0,0.0,100.0,8181.0,100.0,46161621288.0,100.0,72938509582.0
2019-01-02,ZCH0CEHG,ST12000NM0007,12000138625024,0,83,219294896,98.0,0.0,100.0,2.0,100.0,0.0,82.0,165923964.0,91,8335,100.0,0.0,100,1,,,,,100.0,0.0,100.0,0.0,,,66.0,34.0,,,100.0,113.0,100.0,598.0,34,34,100.0,0.0,100.0,0.0,200.0,0.0,100.0,8204.0,100.0,46237636760.0,100.0,73122426326.0
2019-01-03,ZCH0CEHG,ST12000NM0007,12000138625024,0,83.0,198730032.0,98.0,0.0,100.0,2.0,100.0,0.0,82.0,170468335.0,91.0,8360.0,100.0,0.0,100.0,1.0,,,,,100.0,0.0,100.0,0.0,,,65.0,35.0,,,100.0,113.0,100.0,599.0,35.0,35.0,100.0,0.0,100.0,0.0,200.0,0.0,100.0,8229.0,100.0,46313093880.0,100.0,73270545142.0
2019-01-04,ZCH0CEHG,ST12000NM0007,12000138625024,0,84,233895344,98.0,0.0,100.0,2.0,100.0,0.0,82.0,174690026.0,91,8383,100.0,0.0,100,1,,,,,100.0,0.0,100.0,0.0,,,64.0,36.0,,,100.0,113.0,100.0,600.0,36,36,100.0,0.0,100.0,0.0,200.0,0.0,100.0,8252.0,100.0,46389013144.0,100.0,73473931958.0
2019-01-05,ZCH0CEHG,ST12000NM0007,12000138625024,0,83,202404050,98.0,0.0,100.0,2.0,100.0,0.0,82.0,177726751.0,91,8404,100.0,0.0,100,1,,,,,100.0,0.0,100.0,0.0,,,64.0,36.0,,,100.0,113.0,100.0,605.0,36,36,100.0,0.0,100.0,0.0,200.0,0.0,100.0,8272.0,100.0,46459073904.0,100.0,73616520608.0
2019-01-06,ZCH0CEHG,ST12000NM0007,12000138625024,0,83,205181576,98.0,0.0,100.0,2.0,100.0,0.0,83.0,180494167.0,91,8428,100.0,0.0,100,1,,,,,100.0,0.0,100.0,0.0,,,64.0,36.0,,,100.0,113.0,100.0,606.0,36,36,100.0,0.0,100.0,0.0,200.0,0.0,100.0,8296.0,100.0,46521378464.0,100.0,73801134240.0
2019-01-07,ZCH0CEHG,ST12000NM0007,12000138625024,0,83,186665232,98.0,0.0,100.0,2.0,100.0,0.0,83.0,183597162.0,91,8453,100.0,0.0,100,1,,,,,100.0,0.0,100.0,0.0,,,65.0,35.0,,,100.0,114.0,100.0,607.0,35,35,100.0,0.0,100.0,0.0,200.0,0.0,100.0,8320.0,100.0,46583350440.0,100.0,73964786784.0
2019-01-08,ZCH0CEHG,ST12000NM0007,12000138625024,0,72,15095104,98.0,0.0,100.0,2.0,100.0,0.0,83.0,188405353.0,91,8477,100.0,0.0,100,1,,,,,100.0,0.0,100.0,0.0,,,67.0,33.0,,,100.0,114.0,100.0,608.0,33,33,100.0,0.0,100.0,0.0,200.0,0.0,100.0,8344.0,100.0,46654696408.0,100.0,74210151968.0
2019-01-09,ZCH0CEHG,ST12000NM0007,12000138625024,0,73,22048192,98.0,0.0,100.0,2.0,100.0,0.0,83.0,191477396.0,91,8500,100.0,0.0,100,1,,,,,100.0,0.0,100.0,0.0,,,67.0,33.0,,,100.0,115.0,100.0,609.0,33,33,100.0,0.0,100.0,0.0,200.0,0.0,100.0,8367.0,100.0,46717007480.0,100.0,74398934768.0
2019-01-10,ZCH0CEHG,ST12000NM0007,12000138625024,0,71,11288240,98.0,0.0,100.0,2.0,100.0,0.0,83.0,196363699.0,91,8524,100.0,0.0,100,1,,,,,100.0,0.0,100.0,0.0,,,67.0,33.0,,,100.0,115.0,100.0,610.0,33,33,100.0,0.0,100.0,0.0,200.0,0.0,100.0,8391.0,100.0,46794745888.0,100.0,74554577040.0
2019-01-11,ZCH0CEHG,ST12000NM0007,12000138625024,0,83.0,199698440.0,98.0,0.0,100.0,2.0,100.0,0.0,83.0,199587672.0,91.0,8547.0,100.0,0.0,100.0,1.0,,,,,100.0,0.0,100.0,0.0,,,68.0,32.0,,,100.0,116.0,100.0,611.0,32.0,32.0,100.0,0.0,100.0,0.0,200.0,0.0,100.0,8415.0,100.0,46859759936.0,100.0,74677973192.0
2019-01-12,ZCH0CEHG,ST12000NM0007,12000138625024,0,79,71247480,98.0,0.0,100.0,2.0,100.0,0.0,83.0,201193396.0,91,8563,100.0,0.0,100,1,,,,,100.0,0.0,100.0,0.0,,,68.0,32.0,,,100.0,116.0,100.0,611.0,32,32,100.0,0.0,100.0,0.0,200.0,0.0,100.0,8430.0,100.0,46905117296.0,100.0,74748305776.0
2019-01-13,ZCH0CEHG,ST12000NM0007,12000138625024,0,82,165624608,98.0,0.0,100.0,2.0,100.0,0.0,83.0,205006089.0,91,8595,100.0,0.0,100,1,,,,,100.0,0.0,100.0,0.0,,,68.0,32.0,,,100.0,117.0,100.0,613.0,32,32,100.0,0.0,100.0,0.0,200.0,0.0,100.0,8462.0,100.0,47008290224.0,100.0,74983650896.0
2019-01-14,ZCH0CEHG,ST12000NM0007,12000138625024,0,79,77146064,98.0,0.0,100.0,2.0,100.0,0.0,83.0,206761321.0,91,8611,100.0,0.0,100,1,,,,,100.0,0.0,100.0,0.0,,,67.0,33.0,,,100.0,117.0,100.0,613.0,33,33,100.0,0.0,100.0,0.0,200.0,0.0,100.0,8478.0,100.0,47049803384.0,100.0,75097800024.0
2019-01-15,ZCH0CEHG,ST12000NM0007,12000138625024,0,83.0,217389008.0,98.0,0.0,100.0,2.0,100.0,0.0,83.0,212338255.0,91.0,8643.0,100.0,0.0,100.0,1.0,,,,,100.0,0.0,100.0,0.0,,,67.0,33.0,,,100.0,117.0,100.0,615.0,33.0,33.0,100.0,0.0,100.0,0.0,200.0,0.0,100.0,8509.0,100.0,47165940536.0,100.0,75366046512.0
2019-01-16,ZCH0CEHG,ST12000NM0007,12000138625024,0,81,133164024,98.0,0.0,100.0,2.0,100.0,0.0,83.0,214019876.0,91,8658,100.0,0.0,100,1,,,,,100.0,0.0,100.0,0.0,,,68.0,32.0,,,100,117,100.0,615.0,32,32,100.0,0.0,100.0,0.0,200.0,0.0,100.0,8525.0,100.0,47211446008.0,100.0,75480456752.0
2019-01-17,ZCH0CEHG,ST12000NM0007,12000138625024,0,83,189541296,98.0,0.0,100.0,2.0,100.0,0.0,83.0,219253820.0,91,8690,100.0,0.0,100,1,,,,,100.0,0.0,100.0,0.0,,,66.0,34.0,,,100,118,100.0,617.0,34,34,100.0,0.0,100.0,0.0,200.0,0.0,100.0,8556.0,100.0,47309349432.0,100.0,75683071240.0
2019-01-18,ZCH0CEHG,ST12000NM0007,12000138625024,0,81,119919984,98.0,0.0,100.0,2.0,100.0,0.0,83.0,221002168.0,91,8706,100.0,0.0,100,1,,,,,100.0,0.0,100.0,0.0,,,68.0,32.0,,,100,118,100.0,617.0,32,32,100.0,0.0,100.0,0.0,200.0,0.0,100.0,8572.0,100.0,47363195936.0,100.0,75803744256.0
2019-01-19,ZCH0CEHG,ST12000NM0007,12000138625024,0,83,200282456,98.0,0.0,100.0,2.0,100.0,0.0,84.0,224412369.0,91,8738,100.0,0.0,100,1,,,,,100.0,0.0,100.0,0.0,,,68.0,32.0,,,100,120,100.0,619.0,32,32,100.0,0.0,100.0,0.0,200.0,0.0,100.0,8603.0,100.0,47452511160.0,100.0,76038932336.0
2019-01-20,ZCH0CEHG,ST12000NM0007,12000138625024,0,81,124296248,98.0,0.0,100.0,2.0,100.0,0.0,84.0,226274777.0,91,8754,100.0,0.0,100,1,,,,,100.0,0.0,100.0,0.0,,,68.0,32.0,,,100,120,100.0,619.0,32,32,100.0,0.0,100.0,0.0,200.0,0.0,100.0,8619.0,100.0,47520167968.0,100.0,76139430128.0
2019-01-21,ZCH0CEHG,ST12000NM0007,12000138625024,0,72,14963360,98.0,0.0,100.0,2.0,100.0,0.0,84.0,230453051.0,90,8785,100.0,0.0,100,1,,,,,100.0,0.0,100.0,0.0,,,68.0,32.0,,,100,120,100.0,621.0,32,32,100.0,0.0,100.0,0.0,200.0,0.0,100.0,8651.0,100.0,47655028416.0,100.0,76383518072.0
2019-01-22,ZCH0CEHG,ST12000NM0007,12000138625024,0,84.0,226598360.0,98.0,0.0,100.0,2.0,100.0,0.0,84.0,234219974.0,90.0,8801.0,100.0,0.0,100.0,1.0,,,,,100.0,0.0,100.0,0.0,,,67.0,33.0,,,100.0,120.0,100.0,621.0,33.0,33.0,100.0,0.0,100.0,0.0,200.0,0.0,100.0,8667.0,100.0,47705379624.0,100.0,76544801864.0
2019-01-23,ZCH0CEHG,ST12000NM0007,12000138625024,0,78.0,69309960.0,98.0,0.0,100.0,2.0,100.0,0.0,84.0,237557073.0,90.0,8833.0,100.0,0.0,100.0,1.0,,,,,100.0,0.0,100.0,0.0,,,67.0,33.0,,,100.0,121.0,100.0,623.0,33.0,33.0,100.0,0.0,100.0,0.0,200.0,0.0,100.0,8698.0,100.0,47816560200.0,100.0,76764614464.0
2019-01-24,ZCH0CEHG,ST12000NM0007,12000138625024,0,70.0,10628600.0,98.0,0.0,100.0,2.0,100.0,0.0,84.0,240218560.0,90.0,8849.0,100.0,0.0,100.0,1.0,,,,,100.0,0.0,100.0,0.0,,,64.0,36.0,,,100.0,121.0,100.0,623.0,36.0,36.0,100.0,0.0,100.0,0.0,200.0,0.0,100.0,8714.0,100.0,47879563664.0,100.0,76887070408.0
2019-01-25,ZCH0CEHG,ST12000NM0007,12000138625024,0,79,79488192,98.0,0.0,100.0,2.0,100.0,0.0,84.0,245197753.0,90,8880,100.0,0.0,100,1,,,,,100.0,0.0,100.0,0.0,,,67.0,33.0,,,100,123,100.0,625.0,33,33,100.0,0.0,100.0,0.0,200.0,0.0,100.0,8745.0,100.0,47984031216.0,100.0,77095603080.0
2019-01-26,ZCH0CEHG,ST12000NM0007,12000138625024,0,84,238778968,98.0,0.0,100.0,2.0,100.0,0.0,84.0,247438536.0,90,8896,100.0,0.0,100,1,,,,,100.0,0.0,100.0,0.0,,,65.0,35.0,,,100,123,100.0,625.0,35,35,100.0,0.0,100.0,0.0,200.0,0.0,100.0,8761.0,100.0,48029807400.0,100.0,77209117672.0
2019-01-27,ZCH0CEHG,ST12000NM0007,12000138625024,0,80,109379696,98.0,0.0,100.0,2.0,100.0,0.0,84.0,252681541.0,90,8928,100.0,0.0,100,1,,,,,100.0,0.0,100.0,0.0,,,68.0,32.0,,,100,123,100.0,627.0,32,32,100.0,0.0,100.0,0.0,200.0,0.0,100.0,8792.0,100.0,48146122632.0,100.0,77451685488.0
2019-01-28,ZCH0CEHG,ST12000NM0007,12000138625024,0,70,9602416,98.0,0.0,100.0,2.0,100.0,0.0,84.0,254530789.0,90,8944,100.0,0.0,100,1,,,,,100.0,0.0,100.0,0.0,,,66.0,34.0,,,100,123,100.0,627.0,34,34,100.0,0.0,100.0,0.0,200.0,0.0,100.0,8808.0,100.0,48196354848.0,100.0,77545816888.0
2019-01-29,ZCH0CEHG,ST12000NM0007,12000138625024,0,81,133205688,98.0,0.0,100.0,2.0,100.0,0.0,84.0,260338603.0,90,8976,100.0,0.0,100,1,,,,,100.0,0.0,100.0,0.0,,,68.0,32.0,,,100,125,100.0,629.0,32,32,100.0,0.0,100.0,0.0,200.0,0.0,100.0,8840.0,100.0,48308354384.0,100.0,77801561368.0
2019-01-30,ZCH0CEHG,ST12000NM0007,12000138625024,0,78,69634176,98.0,0.0,100.0,2.0,100.0,0.0,84.0,262356732.0,90,8991,100.0,0.0,100,1,,,,,100.0,0.0,100.0,0.0,,,68.0,32.0,,,100,125,100.0,629.0,32,32,100.0,0.0,100.0,0.0,200.0,0.0,100.0,8856.0,100.0,48367299968.0,100.0,77923185000.0
2019-01-31,ZCH0CEHG,ST12000NM0007,12000138625024,0,82,153754704,98.0,0.0,100.0,2.0,100.0,0.0,84.0,268224853.0,90,9023,100.0,0.0,100,1,,,,,100.0,0.0,100.0,0.0,,,67.0,33.0,,,100,126,100.0,631.0,33,33,100.0,0.0,100.0,0.0,200.0,0.0,100.0,8887.0,100.0,48475828440.0,100.0,78142917768.0
2019-02-01,ZCH0CEHG,ST12000NM0007,12000138625024,0,84,231261768,98.0,0.0,100.0,2.0,100.0,0.0,84.0,272070402.0,90,9055,100.0,0.0,100,1,,,,,100.0,0.0,100.0,0.0,,,66.0,34.0,,,100,126,100.0,632.0,34,34,100.0,0.0,100.0,0.0,200.0,0.0,100.0,8918.0,100.0,48569668672.0,100.0,78370725320.0
2019-02-02,ZCH0CEHG,ST12000NM0007,12000138625024,0,82.0,172011280.0,98.0,0.0,100.0,2.0,100.0,0.0,84.0,274339531.0,90.0,9070.0,100.0,0.0,100.0,1.0,,,,,100.0,0.0,100.0,0.0,,,67.0,33.0,,,100.0,126.0,100.0,633.0,33.0,33.0,100.0,0.0,100.0,0.0,200.0,0.0,100.0,8934.0,100.0,48612652432.0,100.0,78512631928.0
2019-02-03,ZCH0CEHG,ST12000NM0007,12000138625024,0,75,31178680,98.0,0.0,100.0,2.0,100.0,0.0,84.0,278195524.0,90,9102,100.0,0.0,100,1,,,,,100.0,0.0,100.0,0.0,,,67.0,33.0,,,100,127,100.0,634.0,33,33,100.0,0.0,100.0,0.0,200.0,0.0,100.0,8965.0,100.0,48696646696.0,100.0,78776086840.0
2019-02-04,ZCH0CEHG,ST12000NM0007,12000138625024,0,83,207484952,98.0,0.0,100.0,2.0,100.0,0.0,84.0,279835199.0,90,9118,100.0,0.0,100,1,,,,,100.0,0.0,100.0,0.0,,,67.0,33.0,,,100,128,100.0,635.0,33,33,100.0,0.0,100.0,0.0,200.0,0.0,100.0,8981.0,100.0,48742119896.0,100.0,78906919912.0
2019-02-05,ZCH0CEHG,ST12000NM0007,12000138625024,0,78.0,62141928.0,98.0,0.0,100.0,2.0,100.0,0.0,85.0,285255783.0,90.0,9150.0,100.0,0.0,100.0,1.0,,,,,100.0,0.0,100.0,0.0,,,67.0,33.0,,,100.0,129.0,100.0,636.0,33.0,33.0,100.0,0.0,100.0,0.0,200.0,0.0,100.0,9013.0,100.0,48840625784.0,100.0,79151353544.0
2019-02-06,ZCH0CEHG,ST12000NM0007,12000138625024,0,84,234809480,98.0,0.0,100.0,2.0,100.0,0.0,85.0,287070334.0,90,9165,100.0,0.0,100,1,,,,,100.0,0.0,100.0,0.0,,,66.0,34.0,,,100,129,100.0,637.0,34,34,100.0,0.0,100.0,0.0,200.0,0.0,100.0,9028.0,100.0,48894715752.0,100.0,79269931128.0
2019-02-07,ZCH0CEHG,ST12000NM0007,12000138625024,0,78.0,67102632.0,98.0,0.0,100.0,2.0,100.0,0.0,85.0,292526700.0,90.0,9197.0,100.0,0.0,100.0,1.0,,,,,100.0,0.0,100.0,0.0,,,65.0,35.0,,,100.0,130.0,100.0,638.0,35.0,35.0,100.0,0.0,100.0,0.0,200.0,0.0,100.0,9060.0,100.0,49006202400.0,100.0,79479018904.0
2019-02-08,ZCH0CEHG,ST12000NM0007,12000138625024,0,84,234303480,98.0,0.0,100.0,2.0,100.0,0.0,85.0,294427312.0,90,9213,100.0,0.0,100,1,,,,,100.0,0.0,100.0,0.0,,,66.0,34.0,,,100,130,100.0,639.0,34,34,100.0,0.0,100.0,0.0,200.0,0.0,100.0,9076.0,100.0,49056706160.0,100.0,79595715992.0
2019-02-09,ZCH0CEHG,ST12000NM0007,12000138625024,0,79.0,75387392.0,98.0,0.0,100.0,2.0,100.0,0.0,85.0,298631756.0,90.0,9245.0,100.0,0.0,100.0,1.0,,,,,100.0,0.0,100.0,0.0,,,66.0,34.0,,,100.0,130.0,100.0,640.0,34.0,34.0,100.0,0.0,100.0,0.0,200.0,0.0,100.0,9107.0,100.0,49167620496.0,100.0,79814167392.0
2019-02-10,ZCH0CEHG,ST12000NM0007,12000138625024,0,83,218081368,98.0,0.0,100.0,2.0,100.0,0.0,85.0,300320932.0,90,9260,100.0,0.0,100,1,,,,,100.0,0.0,100.0,0.0,,,66.0,34.0,,,100,130,100.0,641.0,34,34,100.0,0.0,100.0,0.0,200.0,0.0,100.0,9123.0,100.0,49215521112.0,100.0,79908960752.0
2019-02-11,ZCH0CEHG,ST12000NM0007,12000138625024,0,79,71981288,98.0,0.0,100.0,2.0,100.0,0.0,85.0,304629865.0,90,9292,100.0,0.0,100,1,,,,,100.0,0.0,100.0,0.0,,,64.0,36.0,,,100,130,100.0,642.0,36,36,100.0,0.0,100.0,0.0,200.0,0.0,100.0,9155.0,100.0,49322593824.0,100.0,80144069472.0
2019-02-12,ZCH0CEHG,ST12000NM0007,12000138625024,0,75.0,32837736.0,98.0,0.0,100.0,2.0,100.0,0.0,85.0,308218406.0,90.0,9308.0,100.0,0.0,100.0,1.0,,,,,100.0,0.0,100.0,0.0,,,66.0,34.0,,,100.0,130.0,100.0,642.0,34.0,34.0,100.0,0.0,100.0,0.0,200.0,0.0,100.0,9170.0,100.0,49378750840.0,100.0,80292910264.0
2019-02-13,ZCH0CEHG,ST12000NM0007,12000138625024,0,80,110272664,98.0,0.0,100.0,2.0,100.0,0.0,85.0,311491047.0,90,9339,100.0,0.0,100,1,,,,,100.0,0.0,100.0,0.0,,,67.0,33.0,,,100,132,100.0,644.0,33,33,100.0,0.0,100.0,0.0,200.0,0.0,100.0,9202.0,100.0,49476992776.0,100.0,80516243888.0
2019-02-14,ZCH0CEHG,ST12000NM0007,12000138625024,0,76,35958952,98.0,0.0,100.0,2.0,100.0,0.0,85.0,314530596.0,90,9355,100.0,0.0,100,1,,,,,100.0,0.0,100.0,0.0,,,67.0,33.0,,,100,132,100.0,645.0,33,33,100.0,0.0,100.0,0.0,200.0,0.0,100.0,9217.0,100.0,49535948632.0,100.0,80627114992.0
2019-02-15,ZCH0CEHG,ST12000NM0007,12000138625024,0,80.0,104998904.0,98.0,0.0,100.0,2.0,100.0,0.0,85.0,319302941.0,90.0,9387.0,100.0,0.0,100.0,1.0,,,,,100.0,0.0,100.0,0.0,,,67.0,33.0,,,100.0,132.0,100.0,646.0,33.0,33.0,100.0,0.0,100.0,0.0,200.0,0.0,100.0,9249.0,100.0,49640919448.0,100.0,80835324768.0
2019-02-16,ZCH0CEHG,ST12000NM0007,12000138625024,0,77.0,54521320.0,98.0,0.0,100.0,2.0,100.0,0.0,85.0,322687252.0,90.0,9403.0,100.0,0.0,100.0,1.0,,,,,100.0,0.0,100.0,0.0,,,67.0,33.0,,,100.0,133.0,100.0,647.0,33.0,33.0,100.0,0.0,100.0,0.0,200.0,0.0,100.0,9264.0,100.0,49693520696.0,100.0,80976386944.0
2019-02-17,ZCH0CEHG,ST12000NM0007,12000138625024,0,81,124660560,98.0,0.0,100.0,2.0,100.0,0.0,85.0,325875453.0,90,9434,100.0,0.0,100,1,,,,,100.0,0.0,100.0,0.0,,,67.0,33.0,,,100,134,100.0,648.0,33,33,100.0,0.0,100.0,0.0,200.0,0.0,100.0,9295.0,100.0,49783450104.0,100.0,81200737416.0
2019-02-18,ZCH0CEHG,ST12000NM0007,12000138625024,0,75,31583496,98.0,0.0,100.0,2.0,100.0,0.0,85.0,327535348.0,90,9450,100.0,0.0,100,1,,,,,100.0,0.0,100.0,0.0,,,66.0,34.0,,,100,134,100.0,648.0,34,34,100.0,0.0,100.0,0.0,200.0,0.0,100.0,9311.0,100.0,49825817896.0,100.0,81309433320.0
2019-02-19,ZCH0CEHG,ST12000NM0007,12000138625024,0,82,166091040,98.0,0.0,100.0,2.0,100.0,0.0,85.0,333281678.0,90,9482,100.0,0.0,100,1,,,,,100.0,0.0,100.0,0.0,,,67.0,33.0,,,100,135,100.0,650.0,33,33,100.0,0.0,100.0,0.0,200.0,0.0,100.0,9343.0,100.0,49936835096.0,100.0,81577064432.0
2019-02-20,ZCH0CEHG,ST12000NM0007,12000138625024,0,80.0,98587584.0,98.0,0.0,100.0,2.0,100.0,0.0,85.0,335118534.0,90.0,9497.0,100.0,0.0,100.0,1.0,,,,,100.0,0.0,100.0,0.0,,,65.0,35.0,,,100.0,135.0,100.0,650.0,35.0,35.0,100.0,0.0,100.0,0.0,200.0,0.0,100.0,9358.0,100.0,49993518608.0,100.0,81697018552.0
2019-02-21,ZCH0CEHG,ST12000NM0007,12000138625024,0,82,170699048,98.0,0.0,100.0,2.0,100.0,0.0,85.0,340783529.0,90,9529,100.0,0.0,100,1,,,,,100.0,0.0,100.0,0.0,,,66.0,34.0,,,100,135,100.0,652.0,34,34,100.0,0.0,100.0,0.0,200.0,0.0,100.0,9390.0,100.0,50095094352.0,100.0,81911695128.0
2019-02-22,ZCH0CEHG,ST12000NM0007,12000138625024,0,80,102567232,98.0,0.0,100.0,2.0,100.0,0.0,85.0,342589416.0,90,9545,100.0,0.0,100,1,,,,,100.0,0.0,100.0,0.0,,,65.0,35.0,,,100,135,100.0,652.0,35,35,100.0,0.0,100.0,0.0,200.0,0.0,100.0,9405.0,100.0,50137058480.0,100.0,82045739912.0
2019-02-23,ZCH0CEHG,ST12000NM0007,12000138625024,0,82.0,168311136.0,98.0,0.0,100.0,2.0,100.0,0.0,85.0,346161367.0,90.0,9576.0,100.0,0.0,100.0,1.0,,,,,100.0,0.0,100.0,0.0,,,65.0,35.0,,,100.0,136.0,100.0,654.0,35.0,35.0,100.0,0.0,100.0,0.0,200.0,0.0,100.0,9437.0,100.0,50213307752.0,100.0,82279375184.0
2019-02-24,ZCH0CEHG,ST12000NM0007,12000138625024,0,80,99260744,98.0,0.0,100.0,2.0,100.0,0.0,85.0,348222531.0,90,9592,100.0,0.0,100,1,,,,,100.0,0.0,100.0,0.0,,,65.0,35.0,,,100,136,100.0,654.0,35,35,100.0,0.0,100.0,0.0,200.0,0.0,100.0,9453.0,100.0,50253987632.0,100.0,82413785792.0
2019-02-25,ZCH0CEHG,ST12000NM0007,12000138625024,0,81,139745256,98.0,0.0,100.0,2.0,100.0,0.0,85.0,352004554.0,90,9624,100.0,0.0,100,1,,,,,100.0,0.0,100.0,0.0,,,67.0,33.0,,,100,137,100.0,656.0,33,33,100.0,0.0,100.0,0.0,200.0,0.0,100.0,9484.0,100.0,50339741208.0,100.0,82612657544.0
2019-02-26,ZCH0CEHG,ST12000NM0007,12000138625024,0,78,66479576,98.0,0.0,100.0,2.0,100.0,0.0,86.0,355930563.0,89,9640,100.0,0.0,100,1,,,,,100.0,0.0,100.0,0.0,,,66.0,34.0,,,100,137,100.0,656.0,34,34,100.0,0.0,100.0,0.0,200.0,0.0,100.0,9500.0,100.0,50389713280.0,100.0,82733560568.0
2019-02-27,ZCH0CEHG,ST12000NM0007,12000138625024,0,81.0,120865872.0,98.0,0.0,100.0,2.0,100.0,0.0,86.0,359484146.0,89.0,9671.0,100.0,0.0,100.0,1.0,,,,,100.0,0.0,100.0,0.0,,,67.0,33.0,,,100.0,138.0,100.0,658.0,33.0,33.0,100.0,0.0,100.0,0.0,200.0,0.0,100.0,9531.0,100.0,50480017632.0,100.0,82941783288.0
2019-02-28,ZCH0CEHG,ST12000NM0007,12000138625024,0,83,194672224,98.0,0.0,100.0,2.0,100.0,0.0,86.0,365023180.0,89,9703,100.0,0.0,100,1,,,,,100.0,0.0,100.0,0.0,,,67.0,33.0,,,100,139,100.0,659.0,33,33,100.0,0.0,100.0,0.0,200.0,0.0,100.0,9563.0,100.0,50582550352.0,100.0,83157197632.0
2019-03-01,ZCH0CEHG,ST12000NM0007,12000138625024,0,81.0,131890344.0,98.0,0.0,100.0,2.0,100.0,0.0,86.0,367210892.0,89.0,9718.0,100.0,0.0,100.0,1.0,,,,,100.0,0.0,100.0,0.0,,,64.0,36.0,,,100.0,139.0,100.0,660.0,36.0,36.0,100.0,0.0,100.0,0.0,200.0,0.0,100.0,9578.0,100.0,50646358024.0,100.0,83274748840.0
2019-03-02,ZCH0CEHG,ST12000NM0007,12000138625024,0,83.0,191153912.0,98.0,0.0,100.0,2.0,100.0,0.0,86.0,370782235.0,89.0,9750.0,100.0,0.0,100.0,1.0,,,,,100.0,0.0,100.0,0.0,,,67.0,33.0,,,100.0,139.0,100.0,661.0,33.0,33.0,100.0,0.0,100.0,0.0,200.0,0.0,100.0,9610.0,100.0,50725001552.0,100.0,83499509600.0
2019-03-03,ZCH0CEHG,ST12000NM0007,12000138625024,0,80.0,96779040.0,98.0,0.0,100.0,2.0,100.0,0.0,86.0,372326548.0,89.0,9766.0,100.0,0.0,100.0,1.0,,,,,100.0,0.0,100.0,0.0,,,67.0,33.0,,,100.0,140.0,100.0,662.0,33.0,33.0,100.0,0.0,100.0,0.0,200.0,0.0,100.0,9626.0,100.0,50765521752.0,100.0,83608755240.0
2019-03-04,ZCH0CEHG,ST12000NM0007,12000138625024,0,82,162832600,98.0,0.0,100.0,2.0,100.0,0.0,86.0,376110666.0,89,9797,100.0,0.0,100,1,,,,,100.0,0.0,100.0,0.0,,,65.0,35.0,,,100,141,100.0,663.0,35,35,100.0,0.0,100.0,0.0,200.0,0.0,100.0,9657.0,100.0,50840156272.0,100.0,83844314912.0
2019-03-05,ZCH0CEHG,ST12000NM0007,12000138625024,0,80.0,103660016.0,98.0,0.0,100.0,2.0,100.0,0.0,86.0,379113775.0,89.0,9813.0,100.0,0.0,100.0,1.0,,,,,100.0,0.0,100.0,0.0,,,67.0,33.0,,,100.0,141.0,100.0,664.0,33.0,33.0,100.0,0.0,100.0,0.0,200.0,0.0,100.0,9673.0,100.0,50885690424.0,100.0,83983749792.0
2019-03-06,ZCH0CEHG,ST12000NM0007,12000138625024,0,82.0,156193112.0,98.0,0.0,100.0,2.0,100.0,0.0,86.0,382364173.0,89.0,9845.0,100.0,0.0,100.0,1.0,,,,,100.0,0.0,100.0,0.0,,,66.0,34.0,,,100.0,141.0,100.0,665.0,34.0,34.0,100.0,0.0,100.0,0.0,200.0,0.0,100.0,9704.0,100.0,50973244808.0,100.0,84192869344.0
2019-03-07,ZCH0CEHG,ST12000NM0007,12000138625024,0,78.0,64690320.0,98.0,0.0,100.0,2.0,100.0,0.0,86.0,385657919.0,89.0,9861.0,100.0,0.0,100.0,1.0,,,,,100.0,0.0,100.0,0.0,,,67.0,33.0,,,100.0,142.0,100.0,666.0,33.0,33.0,100.0,0.0,100.0,0.0,200.0,0.0,100.0,9720.0,100.0,51025799824.0,100.0,84292952352.0
2019-03-08,ZCH0CEHG,ST12000NM0007,12000138625024,0,81.0,127156216.0,98.0,0.0,100.0,2.0,100.0,0.0,86.0,389920521.0,89.0,9892.0,100.0,0.0,100.0,1.0,,,,,100.0,0.0,100.0,0.0,,,66.0,34.0,,,100.0,142.0,100.0,667.0,34.0,34.0,100.0,0.0,100.0,0.0,200.0,0.0,100.0,9751.0,100.0,51098053992.0,100.0,84527304816.0
2019-03-09,ZCH0CEHG,ST12000NM0007,12000138625024,0,77.0,49015704.0,98.0,0.0,100.0,2.0,100.0,0.0,86.0,392827317.0,89.0,9908.0,100.0,0.0,100.0,1.0,,,,,100.0,0.0,100.0,0.0,,,67.0,33.0,,,100.0,143.0,100.0,668.0,33.0,33.0,100.0,0.0,100.0,0.0,200.0,0.0,100.0,9767.0,100.0,51140445000.0,100.0,84650914096.0
2019-03-10,ZCH0CEHG,ST12000NM0007,12000138625024,0,81.0,112562032.0,98.0,0.0,100.0,2.0,100.0,0.0,86.0,396213465.0,89.0,9940.0,100.0,0.0,100.0,1.0,,,,,100.0,0.0,100.0,0.0,,,66.0,34.0,,,100.0,143.0,100.0,669.0,34.0,34.0,100.0,0.0,100.0,0.0,200.0,0.0,100.0,9798.0,100.0,51237337376.0,100.0,84861708904.0
2019-03-11,ZCH0CEHG,ST12000NM0007,12000138625024,0,68.0,6981792.0,98.0,0.0,100.0,2.0,100.0,0.0,86.0,397742954.0,89.0,9956.0,100.0,0.0,100.0,1.0,,,,,100.0,0.0,100.0,0.0,,,67.0,33.0,,,100.0,143.0,100.0,670.0,33.0,33.0,100.0,0.0,100.0,0.0,200.0,0.0,100.0,9814.0,100.0,51278218696.0,100.0,84959388096.0
2019-03-12,ZCH0CEHG,ST12000NM0007,12000138625024,0,80.0,99892512.0,98.0,0.0,100.0,2.0,100.0,0.0,86.0,403198426.0,89.0,9987.0,100.0,0.0,100.0,1.0,,,,,100.0,0.0,100.0,0.0,,,67.0,33.0,,,100.0,143.0,100.0,671.0,33.0,33.0,100.0,0.0,100.0,0.0,200.0,0.0,100.0,9846.0,100.0,51391362344.0,100.0,85183295928.0
2019-03-13,ZCH0CEHG,ST12000NM0007,12000138625024,0,73.0,21157064.0,98.0,0.0,100.0,2.0,100.0,0.0,86.0,404980930.0,89.0,10003.0,100.0,0.0,100.0,1.0,,,,,100.0,0.0,100.0,0.0,,,68.0,32.0,,,100.0,143.0,100.0,672.0,32.0,32.0,100.0,0.0,100.0,0.0,200.0,0.0,100.0,9861.0,100.0,51435861400.0,100.0,85304202200.0
2019-03-14,ZCH0CEHG,ST12000NM0007,12000138625024,0,79.0,87839824.0,98.0,0.0,100.0,2.0,100.0,0.0,86.0,410899797.0,89.0,10035.0,100.0,0.0,100.0,1.0,,,,,100.0,0.0,100.0,0.0,,,67.0,33.0,,,100.0,144.0,100.0,674.0,33.0,33.0,100.0,0.0,100.0,0.0,200.0,0.0,100.0,9892.0,100.0,51544179016.0,100.0,85506707976.0
2019-03-15,ZCH0CEHG,ST12000NM0007,12000138625024,0,100.0,1009232.0,98.0,0.0,100.0,2.0,100.0,0.0,86.0,412788077.0,89.0,10051.0,100.0,0.0,100.0,1.0,,,,,100.0,0.0,100.0,0.0,,,67.0,33.0,,,100.0,144.0,100.0,674.0,33.0,33.0,100.0,0.0,100.0,0.0,200.0,0.0,100.0,9908.0,100.0,51596475936.0,100.0,85611721120.0
2019-03-16,ZCH0CEHG,ST12000NM0007,12000138625024,0,78.0,69040064.0,98.0,0.0,100.0,2.0,100.0,0.0,86.0,416488718.0,89.0,10082.0,100.0,0.0,100.0,1.0,,,,,100.0,0.0,100.0,0.0,,,68.0,32.0,,,100.0,144.0,100.0,676.0,32.0,32.0,100.0,0.0,100.0,0.0,200.0,0.0,100.0,9939.0,100.0,51683018376.0,100.0,85837350544.0
2019-03-17,ZCH0CEHG,ST12000NM0007,12000138625024,0,83.0,204023872.0,98.0,0.0,100.0,2.0,100.0,0.0,86.0,418223648.0,89.0,10098.0,100.0,0.0,100.0,1.0,,,,,100.0,0.0,100.0,0.0,,,68.0,32.0,,,100.0,144.0,100.0,676.0,32.0,32.0,100.0,0.0,100.0,0.0,200.0,0.0,100.0,9955.0,100.0,51722729240.0,100.0,85932623488.0
2019-03-18,ZCH0CEHG,ST12000NM0007,12000138625024,0,64.0,2599064.0,98.0,0.0,100.0,2.0,100.0,0.0,86.0,421738529.0,89.0,10130.0,100.0,0.0,100.0,1.0,,,,,100.0,0.0,100.0,0.0,,,67.0,33.0,,,100.0,145.0,100.0,678.0,33.0,33.0,100.0,0.0,100.0,0.0,200.0,0.0,100.0,9986.0,100.0,51791304056.0,100.0,86150905336.0
2019-03-19,ZCH0CEHG,ST12000NM0007,12000138625024,0,83.0,199161904.0,98.0,0.0,100.0,2.0,100.0,0.0,86.0,425760192.0,89.0,10146.0,100.0,0.0,100.0,1.0,,,,,100.0,0.0,100.0,0.0,,,66.0,34.0,,,100.0,145.0,100.0,678.0,34.0,34.0,100.0,0.0,100.0,0.0,200.0,0.0,100.0,10002.0,100.0,51853231056.0,100.0,86285541176.0
2019-03-20,ZCH0CEHG,ST12000NM0007,12000138625024,0,74.0,22476808.0,98.0,0.0,100.0,2.0,100.0,0.0,86.0,429437083.0,89.0,10177.0,100.0,0.0,100.0,1.0,,,,,100.0,0.0,100.0,0.0,,,66.0,34.0,,,100.0,146.0,100.0,680.0,34.0,34.0,100.0,0.0,100.0,0.0,200.0,0.0,100.0,10033.0,100.0,51938535696.0,100.0,86511832784.0
2019-03-21,ZCH0CEHG,ST12000NM0007,12000138625024,0,82.0,155407984.0,98.0,0.0,100.0,2.0,100.0,0.0,86.0,431817141.0,89.0,10193.0,100.0,0.0,100.0,1.0,,,,,100.0,0.0,100.0,0.0,,,66.0,34.0,,,100.0,146.0,100.0,680.0,34.0,34.0,100.0,0.0,100.0,0.0,200.0,0.0,100.0,10049.0,100.0,51983417768.0,100.0,86599881888.0
2019-03-22,ZCH0CEHG,ST12000NM0007,12000138625024,0,82.0,171533600.0,98.0,0.0,100.0,2.0,100.0,0.0,86.0,436220977.0,89.0,10225.0,100.0,0.0,100.0,1.0,,,,,100.0,0.0,100.0,0.0,,,67.0,33.0,,,100.0,147.0,100.0,682.0,33.0,33.0,100.0,0.0,100.0,0.0,200.0,0.0,100.0,10080.0,100.0,52065161184.0,100.0,86778404936.0
2019-03-23,ZCH0CEHG,ST12000NM0007,12000138625024,0,78.0,68484848.0,98.0,0.0,100.0,2.0,100.0,0.0,86.0,437847138.0,89.0,10241.0,100.0,0.0,100.0,1.0,,,,,100.0,0.0,100.0,0.0,,,67.0,33.0,,,100.0,147.0,100.0,682.0,33.0,33.0,100.0,0.0,100.0,0.0,200.0,0.0,100.0,10096.0,100.0,52108613256.0,100.0,86876044896.0
2019-03-24,ZCH0CEHG,ST12000NM0007,12000138625024,0,80.0,106380936.0,98.0,0.0,100.0,2.0,100.0,0.0,86.0,441087919.0,89.0,10272.0,100.0,0.0,100.0,1.0,,,,,100.0,0.0,100.0,0.0,,,67.0,33.0,,,100.0,147.0,100.0,684.0,33.0,33.0,100.0,0.0,100.0,0.0,200.0,0.0,100.0,10127.0,100.0,52189212104.0,100.0,87077482816.0
2019-03-25,ZCH0CEHG,ST12000NM0007,12000138625024,0,73.0,22117432.0,98.0,0.0,100.0,2.0,100.0,0.0,86.0,442874047.0,89.0,10288.0,100.0,0.0,100.0,1.0,,,,,100.0,0.0,100.0,0.0,,,66.0,34.0,,,100.0,147.0,100.0,684.0,34.0,34.0,100.0,0.0,100.0,0.0,200.0,0.0,100.0,10143.0,100.0,52245769016.0,100.0,87180803112.0
2019-03-26,ZCH0CEHG,ST12000NM0007,12000138625024,0,81.0,128477184.0,98.0,0.0,100.0,2.0,100.0,0.0,87.0,448654045.0,89.0,10320.0,100.0,0.0,100.0,1.0,,,,,100.0,0.0,100.0,0.0,,,67.0,33.0,,,100.0,148.0,100.0,685.0,33.0,33.0,100.0,0.0,100.0,0.0,200.0,0.0,100.0,10175.0,100.0,52357595264.0,100.0,87419477296.0
2019-03-27,ZCH0CEHG,ST12000NM0007,12000138625024,0,76.0,39499816.0,98.0,0.0,100.0,2.0,100.0,0.0,87.0,450384781.0,89.0,10336.0,100.0,0.0,100.0,1.0,,,,,100.0,0.0,100.0,0.0,,,66.0,34.0,,,100.0,148.0,100.0,686.0,34.0,34.0,100.0,0.0,100.0,0.0,200.0,0.0,100.0,10190.0,100.0,52408650568.0,100.0,87523585256.0
2019-03-28,ZCH0CEHG,ST12000NM0007,12000138625024,0,80.0,105304112.0,98.0,0.0,100.0,2.0,100.0,0.0,87.0,455584970.0,89.0,10367.0,100.0,0.0,100.0,1.0,,,,,100.0,0.0,100.0,0.0,,,66.0,34.0,,,100.0,148.0,100.0,687.0,34.0,34.0,100.0,0.0,100.0,0.0,200.0,0.0,100.0,10222.0,100.0,52509979424.0,100.0,87732201544.0
2019-03-29,ZCH0CEHG,ST12000NM0007,12000138625024,0,72.0,14669808.0,98.0,0.0,100.0,2.0,100.0,0.0,87.0,457844157.0,89.0,10383.0,100.0,0.0,100.0,1.0,,,,,100.0,0.0,100.0,0.0,,,67.0,33.0,,,100.0,149.0,100.0,688.0,33.0,33.0,100.0,0.0,100.0,0.0,200.0,0.0,100.0,10237.0,100.0,52560412248.0,100.0,87835275152.0
2019-03-30,ZCH0CEHG,ST12000NM0007,12000138625024,0,80.0,108270136.0,98.0,0.0,100.0,2.0,100.0,0.0,87.0,461872533.0,89.0,10415.0,100.0,0.0,100.0,1.0,,,,,100.0,0.0,100.0,0.0,,,67.0,33.0,,,100.0,149.0,100.0,689.0,33.0,33.0,100.0,0.0,100.0,0.0,200.0,0.0,100.0,10269.0,100.0,52669235968.0,100.0,88064192472.0
2019-03-31,ZCH0CEHG,ST12000NM0007,12000138625024,0,83.0,187969912.0,98.0,0.0,100.0,2.0,100.0,0.0,87.0,467200885.0,89.0,10446.0,100.0,0.0,100.0,1.0,,,,,100.0,0.0,100.0,0.0,,,67.0,33.0,,,100.0,151.0,100.0,691.0,33.0,33.0,100.0,0.0,100.0,0.0,200.0,0.0,100.0,10300.0,100.0,52747665192.0,100.0,88309603712.0
2019-04-01,ZCH0CEHG,ST12000NM0007,12000138625024,0,79.0,85891752.0,98.0,0.0,100.0,2.0,100.0,0.0,87.0,468971741.0,89.0,10462.0,100.0,0.0,100.0,1.0,,,,,100.0,0.0,100.0,0.0,,,68.0,32.0,,,100.0,151.0,100.0,691.0,32.0,32.0,100.0,0.0,100.0,0.0,200.0,0.0,100.0,10316.0,100.0,52781267000.0,100.0,88418064624.0
2019-04-02,ZCH0CEHG,ST12000NM0007,12000138625024,0,81.0,132571088.0,98.0,0.0,100.0,2.0,100.0,0.0,87.0,474627601.0,89.0,10494.0,100.0,0.0,100.0,1.0,,,,,100.0,0.0,100.0,0.0,,,67.0,33.0,,,100.0,152.0,100.0,693.0,33.0,33.0,100.0,0.0,100.0,0.0,200.0,0.0,100.0,10347.0,100.0,52871409560.0,100.0,88618742072.0
2019-04-03,ZCH0CEHG,ST12000NM0007,12000138625024,0,76.0,36256664.0,98.0,0.0,100.0,2.0,100.0,0.0,87.0,476314132.0,89.0,10510.0,100.0,0.0,100.0,1.0,,,,,100.0,0.0,100.0,0.0,,,67.0,33.0,,,100.0,152.0,100.0,693.0,33.0,33.0,100.0,0.0,100.0,0.0,200.0,0.0,100.0,10363.0,100.0,52912586232.0,100.0,88725391696.0
2019-04-04,ZCH0CEHG,ST12000NM0007,12000138625024,0,78.0,63248104.0,98.0,0.0,100.0,2.0,100.0,0.0,87.0,481391348.0,88.0,10542.0,100.0,0.0,100.0,1.0,,,,,100.0,0.0,100.0,0.0,,,67.0,33.0,,,100.0,153.0,100.0,695.0,33.0,33.0,100.0,0.0,100.0,0.0,200.0,0.0,100.0,10394.0,100.0,52989788648.0,100.0,88919321496.0
2019-04-05,ZCH0CEHG,ST12000NM0007,12000138625024,0,84.0,232329888.0,98.0,0.0,100.0,2.0,100.0,0.0,87.0,483364630.0,88.0,10557.0,100.0,0.0,100.0,1.0,,,,,100.0,0.0,100.0,0.0,,,67.0,33.0,,,100.0,153.0,100.0,695.0,33.0,33.0,100.0,0.0,100.0,0.0,200.0,0.0,100.0,10410.0,100.0,53047779248.0,100.0,89030412680.0
2019-04-06,ZCH0CEHG,ST12000NM0007,12000138625024,0,80.0,91447456.0,98.0,0.0,100.0,2.0,100.0,0.0,87.0,487178924.0,88.0,10589.0,100.0,0.0,100.0,1.0,,,,,100.0,0.0,100.0,0.0,,,67.0,33.0,,,100.0,154.0,100.0,697.0,33.0,33.0,100.0,0.0,100.0,0.0,200.0,0.0,100.0,10442.0,100.0,53167471264.0,100.0,89258119632.0
2019-04-07,ZCH0CEHG,ST12000NM0007,12000138625024,0,84.0,244112400.0,98.0,0.0,100.0,2.0,100.0,0.0,87.0,488846086.0,88.0,10605.0,100.0,0.0,100.0,1.0,,,,,100.0,0.0,100.0,0.0,,,67.0,33.0,,,100.0,154.0,100.0,697.0,33.0,33.0,100.0,0.0,100.0,0.0,200.0,0.0,100.0,10457.0,100.0,53217865552.0,100.0,89360390288.0
2019-04-08,ZCH0CEHG,ST12000NM0007,12000138625024,0,74.0,25664568.0,98.0,0.0,100.0,2.0,100.0,0.0,87.0,492576446.0,88.0,10637.0,100.0,0.0,100.0,1.0,,,,,100.0,0.0,100.0,0.0,,,66.0,34.0,,,100.0,155.0,100.0,699.0,34.0,34.0,100.0,0.0,100.0,0.0,200.0,0.0,100.0,10489.0,100.0,53292680112.0,100.0,89555409272.0
2019-04-09,ZCH0CEHG,ST12000NM0007,12000138625024,0,83.0,207682424.0,98.0,0.0,100.0,2.0,100.0,0.0,87.0,496094215.0,88.0,10653.0,100.0,0.0,100.0,1.0,,,,,100.0,0.0,100.0,0.0,,,68.0,32.0,,,100.0,155.0,100.0,699.0,32.0,32.0,100.0,0.0,100.0,0.0,200.0,0.0,100.0,10505.0,100.0,53338078584.0,100.0,89692028656.0
2019-04-10,ZCH0CEHG,ST12000NM0007,12000138625024,0,83.0,216208800.0,98.0,0.0,100.0,2.0,100.0,0.0,87.0,499021025.0,88.0,10684.0,100.0,0.0,100.0,1.0,,,,,100.0,0.0,100.0,0.0,,,68.0,32.0,,,100.0,155.0,100.0,701.0,32.0,32.0,100.0,0.0,100.0,0.0,200.0,0.0,100.0,10536.0,100.0,53399893584.0,100.0,89882880704.0
2019-04-11,ZCH0CEHG,ST12000NM0007,12000138625024,0,80.0,107893096.0,98.0,0.0,100.0,2.0,100.0,0.0,87.0,501884337.0,88.0,10700.0,100.0,0.0,100.0,1.0,,,,,100.0,0.0,100.0,0.0,,,67.0,33.0,,,100.0,155.0,100.0,701.0,33.0,33.0,100.0,0.0,100.0,0.0,200.0,0.0,100.0,10552.0,100.0,53436962928.0,100.0,89981636568.0
2019-04-12,ZCH0CEHG,ST12000NM0007,12000138625024,0,82.0,150746208.0,98.0,0.0,100.0,2.0,100.0,0.0,87.0,505808150.0,88.0,10732.0,100.0,0.0,100.0,1.0,,,,,100.0,0.0,100.0,0.0,,,67.0,33.0,,,100.0,156.0,100.0,704.0,33.0,33.0,100.0,0.0,100.0,0.0,200.0,0.0,100.0,10583.0,100.0,53513238184.0,100.0,90192355104.0
2019-04-13,ZCH0CEHG,ST12000NM0007,12000138625024,0,76.0,37423384.0,98.0,0.0,100.0,2.0,100.0,0.0,87.0,507446251.0,88.0,10748.0,100.0,0.0,100.0,1.0,,,,,100.0,0.0,100.0,0.0,,,68.0,32.0,,,100.0,156.0,100.0,704.0,32.0,32.0,100.0,0.0,100.0,0.0,200.0,0.0,100.0,10599.0,100.0,53543337392.0,100.0,90293073792.0
2019-04-14,ZCH0CEHG,ST12000NM0007,12000138625024,0,74.0,26381448.0,98.0,0.0,100.0,2.0,100.0,0.0,87.0,510607642.0,88.0,10779.0,100.0,0.0,100.0,1.0,,,,,100.0,0.0,100.0,0.0,,,68.0,32.0,,,100.0,157.0,100.0,706.0,32.0,32.0,100.0,0.0,100.0,0.0,200.0,0.0,100.0,10630.0,100.0,53619220856.0,100.0,90450289096.0
2019-04-15,ZCH0CEHG,ST12000NM0007,12000138625024,0,81.0,120712072.0,98.0,0.0,100.0,2.0,100.0,0.0,87.0,511856198.0,88.0,10795.0,100.0,0.0,100.0,1.0,,,,,100.0,0.0,100.0,0.0,,,68.0,32.0,,,100.0,157.0,100.0,706.0,32.0,32.0,100.0,0.0,100.0,0.0,200.0,0.0,100.0,10646.0,100.0,53639826024.0,100.0,90524014552.0
2019-04-16,ZCH0CEHG,ST12000NM0007,12000138625024,0,83.0,190166624.0,98.0,0.0,100.0,2.0,100.0,0.0,87.0,517095673.0,88.0,10827.0,100.0,0.0,100.0,1.0,,,,,100.0,0.0,100.0,0.0,,,67.0,33.0,,,100.0,157.0,100.0,707.0,33.0,33.0,100.0,0.0,100.0,0.0,200.0,0.0,100.0,10677.0,100.0,53711687880.0,100.0,90765747880.0
2019-04-17,ZCH0CEHG,ST12000NM0007,12000138625024,0,80.0,101976680.0,98.0,0.0,100.0,2.0,100.0,0.0,87.0,518725573.0,88.0,10843.0,100.0,0.0,100.0,1.0,,,,,100.0,0.0,100.0,0.0,,,66.0,34.0,,,100.0,158.0,100.0,708.0,34.0,34.0,100.0,0.0,100.0,0.0,200.0,0.0,100.0,10693.0,100.0,53747978512.0,100.0,90885407960.0
2019-04-18,ZCH0CEHG,ST12000NM0007,12000138625024,0,81.0,133921080.0,98.0,0.0,100.0,2.0,100.0,0.0,87.0,523325548.0,88.0,10875.0,100.0,0.0,100.0,1.0,,,,,100.0,0.0,100.0,0.0,,,70.0,30.0,,,100.0,159.0,100.0,710.0,30.0,30.0,100.0,0.0,100.0,0.0,200.0,0.0,100.0,10725.0,100.0,53828886440.0,100.0,91080585096.0
2019-04-19,ZCH0CEHG,ST12000NM0007,12000138625024,0,68.0,6786896.0,98.0,0.0,100.0,2.0,100.0,0.0,87.0,524771594.0,88.0,10890.0,100.0,0.0,100.0,1.0,,,,,100.0,0.0,100.0,0.0,,,70.0,30.0,,,100.0,159.0,100.0,710.0,30.0,30.0,100.0,0.0,100.0,0.0,200.0,0.0,100.0,10740.0,100.0,53857594176.0,100.0,91168884000.0
2019-04-20,ZCH0CEHG,ST12000NM0007,12000138625024,0,76.0,44617888.0,98.0,0.0,100.0,2.0,100.0,0.0,87.0,528168410.0,88.0,10922.0,100.0,0.0,100.0,1.0,,,,,100.0,0.0,100.0,0.0,,,67.0,33.0,,,100.0,160.0,100.0,712.0,33.0,33.0,100.0,0.0,100.0,0.0,200.0,0.0,100.0,10772.0,100.0,53917984824.0,100.0,91390465288.0
2019-04-21,ZCH0CEHG,ST12000NM0007,12000138625024,0,83.0,211847416.0,98.0,0.0,100.0,2.0,100.0,0.0,87.0,530614141.0,88.0,10938.0,100.0,0.0,100.0,1.0,,,,,100.0,0.0,100.0,0.0,,,66.0,34.0,,,100.0,160.0,100.0,712.0,34.0,34.0,100.0,0.0,100.0,0.0,200.0,0.0,100.0,10788.0,100.0,53958281536.0,100.0,91517398104.0
2019-04-22,ZCH0CEHG,ST12000NM0007,12000138625024,0,72.0,17330072.0,98.0,0.0,100.0,2.0,100.0,0.0,87.0,534960998.0,88.0,10970.0,100.0,0.0,100.0,1.0,,,,,100.0,0.0,100.0,0.0,,,67.0,33.0,,,100.0,160.0,100.0,714.0,33.0,33.0,100.0,0.0,100.0,0.0,200.0,0.0,100.0,10819.0,100.0,54029755344.0,100.0,91739688464.0
2019-04-23,ZCH0CEHG,ST12000NM0007,12000138625024,0,83.0,191037992.0,98.0,0.0,100.0,2.0,100.0,0.0,87.0,538698105.0,88.0,10986.0,100.0,0.0,100.0,1.0,,,,,100.0,0.0,100.0,0.0,,,68.0,32.0,,,100.0,160.0,100.0,714.0,32.0,32.0,100.0,0.0,100.0,0.0,200.0,0.0,100.0,10835.0,100.0,54074575440.0,100.0,91868576288.0
2019-04-24,ZCH0CEHG,ST12000NM0007,12000138625024,0,83.0,203205128.0,98.0,0.0,100.0,2.0,100.0,0.0,87.0,541848864.0,88.0,11017.0,100.0,0.0,100.0,1.0,,,,,100.0,0.0,100.0,0.0,,,69.0,31.0,,,100.0,160.0,100.0,717.0,31.0,31.0,100.0,0.0,100.0,0.0,200.0,0.0,100.0,10866.0,100.0,54149443736.0,100.0,92050015928.0
2019-04-25,ZCH0CEHG,ST12000NM0007,12000138625024,0,79.0,86900328.0,98.0,0.0,100.0,2.0,100.0,0.0,87.0,544315402.0,88.0,11033.0,100.0,0.0,100.0,1.0,,,,,100.0,0.0,100.0,0.0,,,67.0,33.0,,,100.0,160.0,100.0,717.0,33.0,33.0,100.0,0.0,100.0,0.0,200.0,0.0,100.0,10882.0,100.0,54191376376.0,100.0,92135919552.0
2019-04-26,ZCH0CEHG,ST12000NM0007,12000138625024,0,80.0,94817336.0,98.0,0.0,100.0,2.0,100.0,0.0,87.0,548765947.0,88.0,11065.0,100.0,0.0,100.0,1.0,,,,,100.0,0.0,100.0,0.0,,,69.0,31.0,,,100.0,161.0,100.0,718.0,31.0,31.0,100.0,0.0,100.0,0.0,200.0,0.0,100.0,10913.0,100.0,54250734552.0,100.0,92328619144.0
2019-04-27,ZCH0CEHG,ST12000NM0007,12000138625024,0,84.0,224440200.0,98.0,0.0,100.0,2.0,100.0,0.0,87.0,550728768.0,88.0,11080.0,100.0,0.0,100.0,1.0,,,,,100.0,0.0,100.0,0.0,,,67.0,33.0,,,100.0,162.0,100.0,719.0,33.0,33.0,100.0,0.0,100.0,0.0,200.0,0.0,100.0,10929.0,100.0,54288882808.0,100.0,92420093752.0
2019-04-28,ZCH0CEHG,ST12000NM0007,12000138625024,0,71.0,12561800.0,98.0,0.0,100.0,2.0,100.0,0.0,87.0,554075374.0,88.0,11112.0,100.0,0.0,100.0,1.0,,,,,100.0,0.0,100.0,0.0,,,68.0,32.0,,,100.0,162.0,100.0,720.0,32.0,32.0,100.0,0.0,100.0,0.0,200.0,0.0,100.0,10961.0,100.0,54348365408.0,100.0,92637014096.0
2019-04-29,ZCH0CEHG,ST12000NM0007,12000138625024,0,81.0,138107112.0,98.0,0.0,100.0,2.0,100.0,0.0,87.0,555423550.0,88.0,11128.0,100.0,0.0,100.0,1.0,,,,,100.0,0.0,100.0,0.0,,,68.0,32.0,,,100.0,162.0,100.0,721.0,32.0,32.0,100.0,0.0,100.0,0.0,200.0,0.0,100.0,10976.0,100.0,54375200680.0,100.0,92735724136.0
2019-04-30,ZCH0CEHG,ST12000NM0007,12000138625024,0,77.0,51644472.0,98.0,0.0,100.0,2.0,100.0,0.0,87.0,560750451.0,88.0,11160.0,100.0,0.0,100.0,1.0,,,,,100.0,0.0,100.0,0.0,,,68.0,32.0,,,100.0,162.0,100.0,722.0,32.0,32.0,100.0,0.0,100.0,0.0,200.0,0.0,100.0,11008.0,100.0,54442677368.0,100.0,93070066264.0
2019-05-01,ZCH0CEHG,ST12000NM0007,12000138625024,0,65.0,3180552.0,98.0,0.0,100.0,2.0,100.0,0.0,87.0,562324603.0,88.0,11175.0,100.0,0.0,100.0,1.0,,,,,100.0,0.0,100.0,0.0,,,67.0,33.0,,,100.0,162.0,100.0,723.0,33.0,33.0,100.0,0.0,100.0,0.0,200.0,0.0,100.0,11024.0,100.0,54470254992.0,100.0,93238165384.0
2019-05-02,ZCH0CEHG,ST12000NM0007,12000138625024,0,80.0,91707480.0,98.0,0.0,100.0,2.0,100.0,0.0,88.0,567268893.0,88.0,11207.0,100.0,0.0,100.0,1.0,,,,,100.0,0.0,100.0,0.0,,,67.0,33.0,,,100.0,162.0,100.0,724.0,33.0,33.0,100.0,0.0,100.0,0.0,200.0,0.0,100.0,11055.0,100.0,54526988296.0,100.0,93514099712.0
2019-05-03,ZCH0CEHG,ST12000NM0007,12000138625024,0,83.0,191931920.0,98.0,0.0,100.0,2.0,100.0,0.0,88.0,571453287.0,88.0,11239.0,100.0,0.0,100.0,1.0,,,,,100.0,0.0,100.0,0.0,,,68.0,32.0,,,100.0,163.0,100.0,726.0,32.0,32.0,100.0,0.0,100.0,0.0,200.0,0.0,100.0,11087.0,100.0,54588145856.0,100.0,93797307464.0
2019-05-04,ZCH0CEHG,ST12000NM0007,12000138625024,0,80.0,90060288.0,98.0,0.0,100.0,2.0,100.0,0.0,88.0,572851832.0,88.0,11255.0,100.0,0.0,100.0,1.0,,,,,100.0,0.0,100.0,0.0,,,68.0,32.0,,,100.0,163.0,100.0,726.0,32.0,32.0,100.0,0.0,100.0,0.0,200.0,0.0,100.0,11103.0,100.0,54618011144.0,100.0,93909711216.0
2019-05-05,ZCH0CEHG,ST12000NM0007,12000138625024,0,80.0,98697184.0,98.0,0.0,100.0,2.0,100.0,0.0,88.0,575787152.0,88.0,11286.0,100.0,0.0,100.0,1.0,,,,,100.0,0.0,100.0,0.0,,,67.0,33.0,,,100.0,165.0,100.0,728.0,33.0,33.0,100.0,0.0,100.0,0.0,200.0,0.0,100.0,11134.0,100.0,54681982728.0,100.0,94098517224.0
2019-05-06,ZCH0CEHG,ST12000NM0007,12000138625024,0,73.0,17999904.0,98.0,0.0,100.0,2.0,100.0,0.0,88.0,577566674.0,88.0,11302.0,100.0,0.0,100.0,1.0,,,,,100.0,0.0,100.0,0.0,,,68.0,32.0,,,100.0,165.0,100.0,728.0,32.0,32.0,100.0,0.0,100.0,0.0,200.0,0.0,100.0,11150.0,100.0,54739744088.0,100.0,94204199248.0
2019-05-07,ZCH0CEHG,ST12000NM0007,12000138625024,0,82.0,143922002.0,97.0,0.0,100.0,3.0,100.0,0.0,88.0,582846470.0,88.0,11334.0,100.0,0.0,100.0,2.0,,,,,100.0,0.0,100.0,0.0,,,67.0,33.0,,,100.0,167.0,100.0,732.0,33.0,33.0,100.0,0.0,100.0,0.0,200.0,0.0,100.0,11181.0,100.0,54817750208.0,100.0,94496255914.0
2019-05-08,ZCH0CEHG,ST12000NM0007,12000138625024,0,81.0,138866496.0,97.0,0.0,100.0,3.0,100.0,0.0,88.0,584638632.0,88.0,11350.0,100.0,0.0,100.0,2.0,,,,,100.0,0.0,100.0,0.0,,,67.0,33.0,,,100.0,167.0,100.0,732.0,33.0,33.0,100.0,0.0,100.0,0.0,200.0,0.0,100.0,11197.0,100.0,54856770504.0,100.0,94696320890.0
2019-05-09,ZCH0CEHG,ST12000NM0007,12000138625024,0,83.0,206949104.0,97.0,0.0,100.0,3.0,100.0,0.0,88.0,589854075.0,88.0,11382.0,100.0,0.0,100.0,2.0,,,,,100.0,0.0,100.0,0.0,,,69.0,31.0,,,100.0,169.0,100.0,734.0,31.0,31.0,100.0,0.0,100.0,0.0,200.0,0.0,100.0,11228.0,100.0,54953211336.0,100.0,94912103322.0
2019-05-10,ZCH0CEHG,ST12000NM0007,12000138625024,0,80.0,104413080.0,97.0,0.0,100.0,3.0,100.0,0.0,88.0,591221503.0,87.0,11397.0,100.0,0.0,100.0,2.0,,,,,100.0,0.0,100.0,0.0,,,69.0,31.0,,,100.0,169.0,100.0,734.0,31.0,31.0,100.0,0.0,100.0,0.0,200.0,0.0,100.0,11244.0,100.0,54984812192.0,100.0,95022107850.0
2019-05-11,ZCH0CEHG,ST12000NM0007,12000138625024,0,82.0,157915048.0,97.0,0.0,100.0,3.0,100.0,0.0,88.0,594017873.0,87.0,11429.0,100.0,0.0,100.0,2.0,,,,,100.0,0.0,100.0,0.0,,,68.0,32.0,,,100.0,171.0,100.0,736.0,32.0,32.0,100.0,0.0,100.0,0.0,200.0,0.0,100.0,11276.0,100.0,55052158112.0,100.0,95252404722.0
2019-05-12,ZCH0CEHG,ST12000NM0007,12000138625024,0,76.0,44307296.0,97.0,0.0,100.0,3.0,100.0,0.0,88.0,595426498.0,87.0,11445.0,100.0,0.0,100.0,2.0,,,,,100.0,0.0,100.0,0.0,,,69.0,31.0,,,100.0,171.0,100.0,736.0,31.0,31.0,100.0,0.0,100.0,0.0,200.0,0.0,100.0,11291.0,100.0,55083366480.0,100.0,95351729410.0
2019-05-13,ZCH0CEHG,ST12000NM0007,12000138625024,0,79.0,75963072.0,97.0,0.0,100.0,3.0,100.0,0.0,88.0,598787734.0,87.0,11477.0,100.0,0.0,100.0,2.0,,,,,100.0,0.0,100.0,0.0,,,67.0,33.0,,,100.0,173.0,100.0,738.0,33.0,33.0,100.0,0.0,100.0,0.0,200.0,0.0,100.0,11323.0,100.0,55161698184.0,100.0,95549194370.0
2019-05-14,ZCH0CEHG,ST12000NM0007,12000138625024,0,75.0,35168192.0,97.0,0.0,100.0,3.0,100.0,0.0,88.0,602059647.0,87.0,11493.0,100.0,0.0,100.0,2.0,,,,,100.0,0.0,100.0,0.0,,,68.0,32.0,,,100.0,174.0,100.0,739.0,32.0,32.0,100.0,0.0,100.0,0.0,200.0,0.0,100.0,11339.0,100.0,55211424000.0,100.0,95702814394.0
2019-05-15,ZCH0CEHG,ST12000NM0007,12000138625024,0,80.0,92978712.0,97.0,0.0,100.0,3.0,100.0,0.0,88.0,604846073.0,87.0,11524.0,100.0,0.0,100.0,2.0,,,,,100.0,0.0,100.0,0.0,,,67.0,33.0,,,100.0,175.0,100.0,741.0,33.0,33.0,100.0,0.0,100.0,0.0,200.0,0.0,100.0,11370.0,100.0,55293386224.0,100.0,95922804274.0
2019-05-16,ZCH0CEHG,ST12000NM0007,12000138625024,0,84.0,234072312.0,97.0,0.0,100.0,3.0,100.0,0.0,88.0,607432745.0,87.0,11540.0,100.0,0.0,100.0,2.0,,,,,100.0,0.0,100.0,0.0,,,67.0,33.0,,,100.0,175.0,100.0,741.0,33.0,33.0,100.0,0.0,100.0,0.0,200.0,0.0,100.0,11386.0,100.0,55339624520.0,100.0,96017659578.0
2019-05-17,ZCH0CEHG,ST12000NM0007,12000138625024,0,80.0,90993240.0,97.0,0.0,100.0,3.0,100.0,0.0,88.0,612570036.0,87.0,11572.0,100.0,0.0,100.0,2.0,,,,,100.0,0.0,100.0,0.0,,,66.0,34.0,,,100.0,176.0,100.0,743.0,34.0,34.0,100.0,0.0,100.0,0.0,200.0,0.0,100.0,11417.0,100.0,55435266512.0,100.0,96267220050.0
2019-05-18,ZCH0CEHG,ST12000NM0007,12000138625024,0,84.0,231764592.0,97.0,0.0,100.0,3.0,100.0,0.0,88.0,615151150.0,87.0,11588.0,100.0,0.0,100.0,2.0,,,,,100.0,0.0,100.0,0.0,,,67.0,33.0,,,100.0,176.0,100.0,743.0,33.0,33.0,100.0,0.0,100.0,0.0,200.0,0.0,100.0,11433.0,100.0,55474529048.0,100.0,96368728866.0
2019-05-19,ZCH0CEHG,ST12000NM0007,12000138625024,0,76.0,42307648.0,97.0,0.0,100.0,3.0,100.0,0.0,88.0,618237806.0,87.0,11619.0,100.0,0.0,100.0,2.0,,,,,100.0,0.0,100.0,0.0,,,66.0,34.0,,,100.0,178.0,100.0,745.0,34.0,34.0,100.0,0.0,100.0,0.0,200.0,0.0,100.0,11464.0,100.0,55558998912.0,100.0,96583083674.0
2019-05-20,ZCH0CEHG,ST12000NM0007,12000138625024,0,83.0,193850592.0,97.0,0.0,100.0,3.0,100.0,0.0,88.0,619776471.0,87.0,11635.0,100.0,0.0,100.0,2.0,,,,,100.0,0.0,100.0,0.0,,,66.0,34.0,,,100.0,178.0,100.0,745.0,34.0,34.0,100.0,0.0,100.0,0.0,200.0,0.0,100.0,11480.0,100.0,55604556920.0,100.0,96689068610.0
2019-05-21,ZCH0CEHG,ST12000NM0007,12000138625024,0,75.0,31552776.0,97.0,0.0,100.0,3.0,100.0,0.0,88.0,625159803.0,87.0,11667.0,100.0,0.0,100.0,2.0,,,,,100.0,0.0,100.0,0.0,,,67.0,33.0,,,100.0,180.0,100.0,747.0,33.0,33.0,100.0,0.0,100.0,0.0,200.0,0.0,100.0,11512.0,100.0,55676500520.0,100.0,96943108546.0
2019-05-22,ZCH0CEHG,ST12000NM0007,12000138625024,0,83.0,194086816.0,97.0,0.0,100.0,3.0,100.0,0.0,88.0,627025165.0,87.0,11683.0,100.0,0.0,100.0,2.0,,,,,100.0,0.0,100.0,0.0,,,66.0,34.0,,,100.0,180.0,100.0,747.0,34.0,34.0,100.0,0.0,100.0,0.0,200.0,0.0,100.0,11528.0,100.0,55734295472.0,100.0,97047847634.0
2019-05-23,ZCH0CEHG,ST12000NM0007,12000138625024,0,83.0,209680328.0,97.0,0.0,100.0,3.0,100.0,0.0,88.0,632398936.0,87.0,11714.0,100.0,0.0,100.0,2.0,,,,,100.0,0.0,100.0,0.0,,,67.0,33.0,,,100.0,182.0,100.0,749.0,33.0,33.0,100.0,0.0,100.0,0.0,200.0,0.0,100.0,11559.0,100.0,55812157880.0,100.0,97229719618.0
2019-05-24,ZCH0CEHG,ST12000NM0007,12000138625024,0,80.0,108143720.0,97.0,0.0,100.0,3.0,100.0,0.0,88.0,633881927.0,87.0,11730.0,100.0,0.0,100.0,2.0,,,,,100.0,0.0,100.0,0.0,,,67.0,33.0,,,100.0,182.0,100.0,749.0,33.0,33.0,100.0,0.0,100.0,0.0,200.0,0.0,100.0,11575.0,100.0,55853427928.0,100.0,97331053714.0
2019-05-25,ZCH0CEHG,ST12000NM0007,12000138625024,0,81.0,130091912.0,97.0,0.0,100.0,3.0,100.0,0.0,88.0,636450200.0,87.0,11762.0,100.0,0.0,100.0,2.0,,,,,100.0,0.0,100.0,0.0,,,68.0,32.0,,,100.0,182.0,100.0,751.0,32.0,32.0,100.0,0.0,100.0,0.0,200.0,0.0,100.0,11607.0,100.0,55919580392.0,100.0,97530990634.0
2019-05-26,ZCH0CEHG,ST12000NM0007,12000138625024,0,74.0,27260376.0,97.0,0.0,100.0,3.0,100.0,0.0,88.0,637793209.0,87.0,11778.0,100.0,0.0,100.0,2.0,,,,,100.0,0.0,100.0,0.0,,,67.0,33.0,,,100.0,182.0,100.0,751.0,33.0,33.0,100.0,0.0,100.0,0.0,200.0,0.0,100.0,11623.0,100.0,55942984584.0,100.0,97648895930.0
2019-05-27,ZCH0CEHG,ST12000NM0007,12000138625024,0,77.0,55973248.0,97.0,0.0,100.0,3.0,100.0,0.0,88.0,640610353.0,87.0,11810.0,100.0,0.0,100.0,2.0,,,,,100.0,0.0,100.0,0.0,,,68.0,32.0,,,100.0,183.0,100.0,753.0,32.0,32.0,100.0,0.0,100.0,0.0,200.0,0.0,100.0,11654.0,100.0,56000628240.0,100.0,97864106026.0
2019-05-28,ZCH0CEHG,ST12000NM0007,12000138625024,0,84.0,233062120.0,97.0,0.0,100.0,3.0,100.0,0.0,88.0,644494445.0,87.0,11826.0,100.0,0.0,100.0,2.0,,,,,100.0,0.0,100.0,0.0,,,68.0,32.0,,,100.0,183.0,100.0,753.0,32.0,32.0,100.0,0.0,100.0,0.0,200.0,0.0,100.0,11670.0,100.0,56037316552.0,100.0,98004506586.0
2019-05-29,ZCH0CEHG,ST12000NM0007,12000138625024,0,69.0,8412896.0,97.0,0.0,100.0,3.0,100.0,0.0,88.0,647259114.0,87.0,11857.0,100.0,0.0,100.0,2.0,,,,,100.0,0.0,100.0,0.0,,,68.0,32.0,,,100.0,183.0,100.0,755.0,32.0,32.0,100.0,0.0,100.0,0.0,200.0,0.0,100.0,11702.0,100.0,56099255944.0,100.0,98206199466.0
2019-05-30,ZCH0CEHG,ST12000NM0007,12000138625024,0,81.0,139569448.0,97.0,0.0,100.0,3.0,100.0,0.0,88.0,649404224.0,87.0,11873.0,100.0,0.0,100.0,2.0,,,,,100.0,0.0,100.0,0.0,,,67.0,33.0,,,100.0,183.0,100.0,755.0,33.0,33.0,100.0,0.0,100.0,0.0,200.0,0.0,100.0,11718.0,100.0,56130205440.0,100.0,98306406522.0
2019-05-31,ZCH0CEHG,ST12000NM0007,12000138625024,0,83.0,195831272.0,97.0,0.0,100.0,3.0,100.0,0.0,88.0,653740196.0,87.0,11905.0,100.0,0.0,100.0,2.0,,,,,100.0,0.0,100.0,0.0,,,68.0,32.0,,,100.0,183.0,100.0,758.0,32.0,32.0,100.0,0.0,100.0,0.0,200.0,0.0,100.0,11749.0,100.0,56206557568.0,100.0,98530457698.0
2019-06-01,ZCH0CEHG,ST12000NM0007,12000138625024,0,80.0,95272248.0,97.0,0.0,100.0,3.0,100.0,0.0,88.0,655188116.0,87.0,11921.0,100.0,0.0,100.0,2.0,,,,,100.0,0.0,100.0,0.0,,,67.0,33.0,,,100.0,184.0,100.0,759.0,33.0,33.0,100.0,0.0,100.0,0.0,200.0,0.0,100.0,11765.0,100.0,56245626640.0,100.0,98634970322.0
2019-06-02,ZCH0CEHG,ST12000NM0007,12000138625024,0,82.0,150172504.0,97.0,0.0,100.0,3.0,100.0,0.0,88.0,658345745.0,87.0,11953.0,100.0,0.0,100.0,2.0,,,,,100.0,0.0,100.0,0.0,,,68.0,32.0,,,100.0,185.0,100.0,760.0,32.0,32.0,100.0,0.0,100.0,0.0,200.0,0.0,100.0,11796.0,100.0,56319061720.0,100.0,98860576882.0
2019-06-03,ZCH0CEHG,ST12000NM0007,12000138625024,0,77.0,49755352.0,97.0,0.0,100.0,3.0,100.0,0.0,88.0,659940165.0,87.0,11969.0,100.0,0.0,100.0,2.0,,,,,100.0,0.0,100.0,0.0,,,67.0,33.0,,,100.0,185.0,100.0,761.0,33.0,33.0,100.0,0.0,100.0,0.0,200.0,0.0,100.0,11812.0,100.0,56345301680.0,100.0,98978060402.0
2019-06-04,ZCH0CEHG,ST12000NM0007,12000138625024,0,82.0,142912496.0,97.0,0.0,100.0,3.0,100.0,0.0,88.0,665855675.0,87.0,12000.0,100.0,0.0,100.0,2.0,,,,,100.0,0.0,100.0,0.0,,,69.0,31.0,,,100.0,185.0,100.0,762.0,31.0,31.0,100.0,0.0,100.0,0.0,200.0,0.0,100.0,11844.0,100.0,56435146056.0,100.0,99225513906.0
2019-06-05,ZCH0CEHG,ST12000NM0007,12000138625024,0,77.0,44722544.0,97.0,0.0,100.0,3.0,100.0,0.0,88.0,667479718.0,87.0,12016.0,100.0,0.0,100.0,2.0,,,,,100.0,0.0,100.0,0.0,,,68.0,32.0,,,100.0,186.0,100.0,763.0,32.0,32.0,100.0,0.0,100.0,0.0,200.0,0.0,100.0,11860.0,100.0,56464880168.0,100.0,99341730490.0
2019-06-06,ZCH0CEHG,ST12000NM0007,12000138625024,0,79.0,85176296.0,97.0,0.0,100.0,3.0,100.0,0.0,88.0,672269299.0,87.0,12048.0,100.0,0.0,100.0,2.0,,,,,100.0,0.0,100.0,0.0,,,69.0,31.0,,,100.0,186.0,100.0,764.0,31.0,31.0,100.0,0.0,100.0,0.0,200.0,0.0,100.0,11891.0,100.0,56561445312.0,100.0,99529760082.0
2019-06-07,ZCH0CEHG,ST12000NM0007,12000138625024,0,81.0,122578336.0,97.0,0.0,100.0,3.0,100.0,0.0,88.0,676556350.0,87.0,12079.0,100.0,0.0,100.0,2.0,,,,,100.0,0.0,100.0,0.0,,,69.0,31.0,,,100.0,188.0,100.0,766.0,31.0,31.0,100.0,0.0,100.0,0.0,200.0,0.0,100.0,11922.0,100.0,56658373304.0,100.0,99714374930.0
2019-06-08,ZCH0CEHG,ST12000NM0007,12000138625024,0,73.0,21910472.0,97.0,0.0,100.0,3.0,100.0,0.0,88.0,678161656.0,87.0,12095.0,100.0,0.0,100.0,2.0,,,,,100.0,0.0,100.0,0.0,,,69.0,31.0,,,100.0,188.0,100.0,766.0,31.0,31.0,100.0,0.0,100.0,0.0,200.0,0.0,100.0,11938.0,100.0,56695470248.0,100.0,99820750874.0
2019-06-09,ZCH0CEHG,ST12000NM0007,12000138625024,0,81.0,113801776.0,97.0,0.0,100.0,3.0,100.0,0.0,88.0,683747902.0,87.0,12127.0,100.0,0.0,100.0,2.0,,,,,100.0,0.0,100.0,0.0,,,69.0,31.0,,,100.0,189.0,100.0,768.0,31.0,31.0,100.0,0.0,100.0,0.0,200.0,0.0,100.0,11970.0,100.0,56791838280.0,100.0,100060414890.0
2019-06-10,ZCH0CEHG,ST12000NM0007,12000138625024,0,65.0,3420568.0,97.0,0.0,100.0,3.0,100.0,0.0,88.0,685320050.0,87.0,12143.0,100.0,0.0,100.0,2.0,,,,,100.0,0.0,100.0,0.0,,,69.0,31.0,,,100.0,189.0,100.0,769.0,31.0,31.0,100.0,0.0,100.0,0.0,200.0,0.0,100.0,11986.0,100.0,56839242864.0,100.0,100146769922.0
2019-06-11,ZCH0CEHG,ST12000NM0007,12000138625024,0,80.0,89582696.0,97.0,0.0,100.0,3.0,100.0,0.0,88.0,691080647.0,87.0,12175.0,100.0,0.0,100.0,2.0,,,,,100.0,0.0,100.0,0.0,,,69.0,31.0,,,100.0,190.0,100.0,770.0,31.0,31.0,100.0,0.0,100.0,0.0,200.0,0.0,100.0,12017.0,100.0,56933115840.0,100.0,100383199786.0
2019-06-12,ZCH0CEHG,ST12000NM0007,12000138625024,0,100.0,2135664.0,97.0,0.0,100.0,3.0,100.0,0.0,88.0,692963055.0,87.0,12190.0,100.0,0.0,100.0,2.0,,,,,100.0,0.0,100.0,0.0,,,69.0,31.0,,,100.0,190.0,100.0,770.0,31.0,31.0,100.0,0.0,100.0,0.0,200.0,0.0,100.0,12033.0,100.0,56981640400.0,100.0,100491369090.0
2019-06-13,ZCH0CEHG,ST12000NM0007,12000138625024,0,75.0,34663584.0,97.0,0.0,100.0,3.0,100.0,0.0,88.0,698573690.0,87.0,12222.0,100.0,0.0,100.0,2.0,,,,,100.0,0.0,100.0,0.0,,,69.0,31.0,,,100.0,190.0,100.0,772.0,31.0,31.0,100.0,0.0,100.0,0.0,200.0,0.0,100.0,12065.0,100.0,57061959520.0,100.0,100687718698.0
2019-06-14,ZCH0CEHG,ST12000NM0007,12000138625024,0,82.0,170365088.0,97.0,0.0,100.0,3.0,100.0,0.0,88.0,700409769.0,87.0,12238.0,100.0,0.0,100.0,2.0,,,,,100.0,0.0,100.0,0.0,,,69.0,31.0,,,100.0,190.0,100.0,772.0,31.0,31.0,100.0,0.0,100.0,0.0,200.0,0.0,100.0,12081.0,100.0,57094379360.0,100.0,100791000362.0
2019-06-15,ZCH0CEHG,ST12000NM0007,12000138625024,0,83.0,220450184.0,97.0,0.0,100.0,3.0,100.0,0.0,88.0,703729156.0,86.0,12270.0,100.0,0.0,100.0,2.0,,,,,100.0,0.0,100.0,0.0,,,69.0,31.0,,,100.0,190.0,100.0,774.0,31.0,31.0,100.0,0.0,100.0,0.0,200.0,0.0,100.0,12112.0,100.0,57172268904.0,100.0,101007336602.0
2019-06-16,ZCH0CEHG,ST12000NM0007,12000138625024,0,81.0,115381872.0,97.0,0.0,100.0,3.0,100.0,0.0,88.0,705415527.0,86.0,12285.0,100.0,0.0,100.0,2.0,,,,,100.0,0.0,100.0,0.0,,,69.0,31.0,,,100.0,190.0,100.0,774.0,31.0,31.0,100.0,0.0,100.0,0.0,200.0,0.0,100.0,12128.0,100.0,57212991320.0,100.0,101105686682.0
2019-06-17,ZCH0CEHG,ST12000NM0007,12000138625024,0,82.0,145719696.0,97.0,0.0,100.0,3.0,100.0,0.0,89.0,709135424.0,86.0,12317.0,100.0,0.0,100.0,2.0,,,,,100.0,0.0,100.0,0.0,,,67.0,33.0,,,100.0,190.0,100.0,776.0,33.0,33.0,100.0,0.0,100.0,0.0,200.0,0.0,100.0,12159.0,100.0,57282199424.0,100.0,101310957202.0
2019-06-18,ZCH0CEHG,ST12000NM0007,12000138625024,0,79.0,75589656.0,97.0,0.0,100.0,3.0,100.0,0.0,89.0,712640814.0,86.0,12333.0,100.0,0.0,100.0,2.0,,,,,100.0,0.0,100.0,0.0,,,69.0,31.0,,,100.0,190.0,100.0,776.0,31.0,31.0,100.0,0.0,100.0,0.0,200.0,0.0,100.0,12175.0,100.0,57328625592.0,100.0,101438541626.0
2019-06-19,ZCH0CEHG,ST12000NM0007,12000138625024,0,74.0,23624144.0,97.0,0.0,100.0,3.0,100.0,0.0,89.0,714543743.0,86.0,12349.0,100.0,0.0,100.0,2.0,,,,,100.0,0.0,100.0,0.0,,,70.0,30.0,,,100.0,190.0,100.0,777.0,30.0,30.0,100.0,0.0,100.0,0.0,200.0,0.0,100.0,12191.0,100.0,57360675376.0,100.0,101598667002.0
2019-06-20,ZCH0CEHG,ST12000NM0007,12000138625024,0,78.0,59601088.0,97.0,0.0,100.0,3.0,100.0,0.0,89.0,719728993.0,86.0,12380.0,100.0,0.0,100.0,2.0,,,,,100.0,0.0,100.0,0.0,,,72.0,28.0,,,100.0,191.0,100.0,779.0,28.0,28.0,100.0,0.0,100.0,0.0,200.0,0.0,100.0,12222.0,100.0,57448077896.0,100.0,102035522706.0
2019-06-21,ZCH0CEHG,ST12000NM0007,12000138625024,0,76.0,35630408.0,97.0,0.0,100.0,3.0,100.0,0.0,89.0,722242344.0,86.0,12396.0,100.0,0.0,100.0,2.0,,,,,100.0,0.0,100.0,0.0,,,73.0,27.0,,,100.0,191.0,100.0,780.0,27.0,27.0,100.0,0.0,100.0,0.0,200.0,0.0,100.0,12238.0,100.0,57495638800.0,100.0,102208131922.0
2019-06-22,ZCH0CEHG,ST12000NM0007,12000138625024,0,100.0,714360.0,97.0,0.0,100.0,3.0,100.0,0.0,89.0,726070930.0,86.0,12428.0,100.0,0.0,100.0,2.0,,,,,100.0,0.0,100.0,0.0,,,73.0,27.0,,,100.0,192.0,100.0,781.0,27.0,27.0,100.0,0.0,100.0,0.0,200.0,0.0,100.0,12270.0,100.0,57585120912.0,100.0,102572015474.0
2019-06-23,ZCH0CEHG,ST12000NM0007,12000138625024,0,100.0,362064.0,97.0,0.0,100.0,3.0,100.0,0.0,89.0,728060492.0,86.0,12444.0,100.0,0.0,100.0,2.0,,,,,100.0,0.0,100.0,0.0,,,72.0,28.0,,,100.0,192.0,100.0,782.0,28.0,28.0,100.0,0.0,100.0,0.0,200.0,0.0,100.0,12285.0,100.0,57633776352.0,100.0,102767148378.0
2019-06-24,ZCH0CEHG,ST12000NM0007,12000138625024,0,84.0,239543352.0,97.0,0.0,100.0,3.0,100.0,0.0,89.0,732016097.0,86.0,12475.0,100.0,0.0,100.0,2.0,,,,,100.0,0.0,100.0,0.0,,,72.0,28.0,,,100.0,192.0,100.0,783.0,28.0,28.0,100.0,0.0,100.0,0.0,200.0,0.0,100.0,12317.0,100.0,57718051224.0,100.0,103166195466.0
2019-06-25,ZCH0CEHG,ST12000NM0007,12000138625024,0,72.0,14330880.0,97.0,0.0,100.0,3.0,100.0,0.0,89.0,735500572.0,86.0,12491.0,100.0,0.0,100.0,2.0,,,,,100.0,0.0,100.0,0.0,,,72.0,28.0,,,100.0,192.0,100.0,784.0,28.0,28.0,100.0,0.0,100.0,0.0,200.0,0.0,100.0,12333.0,100.0,57766417680.0,100.0,103380898042.0
2019-06-26,ZCH0CEHG,ST12000NM0007,12000138625024,0,84.0,237250352.0,97.0,0.0,100.0,3.0,100.0,0.0,89.0,740329236.0,86.0,12523.0,100.0,0.0,100.0,2.0,,,,,100.0,0.0,100.0,0.0,,,72.0,28.0,,,100.0,193.0,100.0,785.0,28.0,28.0,100.0,0.0,100.0,0.0,200.0,0.0,100.0,12364.0,100.0,57854582872.0,100.0,103759793018.0
2019-06-27,ZCH0CEHG,ST12000NM0007,12000138625024,0,81.0,121616216.0,97.0,0.0,100.0,3.0,100.0,0.0,89.0,747263635.0,86.0,12555.0,100.0,0.0,100.0,2.0,,,,,100.0,0.0,100.0,0.0,,,72.0,28.0,,,100.0,193.0,100.0,787.0,28.0,28.0,100.0,0.0,100.0,0.0,200.0,0.0,100.0,12396.0,100.0,57898495544.0,100.0,104820950410.0
2019-06-28,ZCH0CEHG,ST12000NM0007,12000138625024,0,82.0,162158048.0,97.0,0.0,100.0,3.0,100.0,0.0,89.0,751403928.0,86.0,12570.0,100.0,0.0,100.0,2.0,,,,,100.0,0.0,100.0,0.0,,,71.0,29.0,,,100.0,193.0,100.0,787.0,29.0,29.0,100.0,0.0,100.0,0.0,200.0,0.0,100.0,12412.0,100.0,57909063360.0,100.0,105339205850.0
2019-06-29,ZCH0CEHG,ST12000NM0007,12000138625024,0,83.0,199540080.0,97.0,0.0,100.0,3.0,100.0,0.0,89.0,758895603.0,86.0,12602.0,100.0,0.0,100.0,2.0,,,,,100.0,0.0,100.0,0.0,,,71.0,29.0,,,100.0,194.0,100.0,788.0,29.0,29.0,100.0,0.0,100.0,0.0,200.0,0.0,100.0,12443.0,100.0,57931045288.0,100.0,106575310034.0
2019-06-30,ZCH0CEHG,ST12000NM0007,12000138625024,0,81.0,125775424.0,97.0,0.0,100.0,3.0,100.0,0.0,89.0,762902072.0,86.0,12618.0,100.0,0.0,100.0,2.0,,,,,100.0,0.0,100.0,0.0,,,71.0,29.0,,,100.0,195.0,100.0,789.0,29.0,29.0,100.0,0.0,100.0,0.0,200.0,0.0,100.0,12459.0,100.0,57940806536.0,100.0,107224206354.0
2019-07-01,ZCH0CEHG,ST12000NM0007,12000138625024,0,79.0,74618104.0,97.0,0.0,100.0,3.0,100.0,0.0,89.0,770645669.0,86.0,12649.0,100.0,0.0,100.0,2.0,,,,,100.0,0.0,100.0,0.0,,,71.0,29.0,,,100.0,195.0,100.0,790.0,29.0,29.0,100.0,0.0,100.0,0.0,200.0,0.0,100.0,12491.0,100.0,57956715400.0,100.0,108377843970.0
2019-07-02,ZCH0CEHG,ST12000NM0007,12000138625024,0,82.0,158292952.0,97.0,0.0,100.0,3.0,100.0,0.0,89.0,775999789.0,86.0,12665.0,100.0,0.0,100.0,2.0,,,,,100.0,0.0,100.0,0.0,,,71.0,29.0,,,100.0,196.0,100.0,791.0,29.0,29.0,100.0,0.0,100.0,0.0,200.0,0.0,100.0,12506.0,100.0,57974443416.0,100.0,108932072490.0
2019-07-03,ZCH0CEHG,ST12000NM0007,12000138625024,0,82.0,151477880.0,97.0,0.0,100.0,3.0,100.0,0.0,89.0,787008982.0,86.0,12697.0,100.0,0.0,100.0,2.0,,,,,100.0,0.0,100.0,0.0,,,71.0,29.0,,,100.0,196.0,100.0,792.0,29.0,29.0,100.0,0.0,100.0,0.0,200.0,0.0,100.0,12538.0,100.0,57993685520.0,100.0,110126719066.0
2019-07-04,ZCH0CEHG,ST12000NM0007,12000138625024,0,84.0,225765488.0,97.0,0.0,100.0,3.0,100.0,0.0,89.0,796275898.0,86.0,12729.0,100.0,0.0,100.0,2.0,,,,,100.0,0.0,100.0,0.0,,,71.0,29.0,,,100.0,197.0,100.0,794.0,29.0,29.0,100.0,0.0,100.0,0.0,200.0,0.0,100.0,12569.0,100.0,58017227912.0,100.0,111398167930.0
2019-07-05,ZCH0CEHG,ST12000NM0007,12000138625024,0,80.0,92481336.0,97.0,0.0,100.0,3.0,100.0,0.0,89.0,800130045.0,86.0,12744.0,100.0,0.0,100.0,2.0,,,,,100.0,0.0,100.0,0.0,,,72.0,28.0,,,100.0,197.0,100.0,794.0,28.0,28.0,100.0,0.0,100.0,0.0,200.0,0.0,100.0,12585.0,100.0,58026067408.0,100.0,112232607154.0
2019-07-06,ZCH0CEHG,ST12000NM0007,12000138625024,0,76.0,38643288.0,97.0,0.0,100.0,3.0,100.0,0.0,89.0,807594891.0,86.0,12776.0,100.0,0.0,100.0,2.0,,,,,100.0,0.0,100.0,0.0,,,71.0,29.0,,,100.0,198.0,100.0,796.0,29.0,29.0,100.0,0.0,100.0,0.0,200.0,0.0,100.0,12616.0,100.0,58042310224.0,100.0,114115652066.0
2019-07-07,ZCH0CEHG,ST12000NM0007,12000138625024,0,81.0,113744968.0,97.0,0.0,100.0,3.0,100.0,0.0,89.0,811560455.0,86.0,12792.0,100.0,0.0,100.0,2.0,,,,,100.0,0.0,100.0,0.0,,,71.0,29.0,,,100.0,198.0,100.0,796.0,29.0,29.0,100.0,0.0,100.0,0.0,200.0,0.0,100.0,12632.0,100.0,58049734568.0,100.0,114915751770.0
2019-07-08,ZCH0CEHG,ST12000NM0007,12000138625024,0,84.0,237158264.0,97.0,0.0,100.0,3.0,100.0,0.0,89.0,819442942.0,86.0,12824.0,100.0,0.0,100.0,2.0,,,,,100.0,0.0,100.0,0.0,,,71.0,29.0,,,100.0,199.0,100.0,798.0,29.0,29.0,100.0,0.0,100.0,0.0,200.0,0.0,100.0,12664.0,100.0,58066255352.0,100.0,116487488594.0
2019-07-09,ZCH0CEHG,ST12000NM0007,12000138625024,0,77.0,46847840.0,97.0,0.0,100.0,3.0,100.0,0.0,89.0,824153589.0,86.0,12839.0,100.0,0.0,100.0,2.0,,,,,100.0,0.0,100.0,0.0,,,71.0,29.0,,,100.0,199.0,100.0,798.0,29.0,29.0,100.0,0.0,100.0,0.0,200.0,0.0,100.0,12680.0,100.0,58077578784.0,100.0,117262417898.0
2019-07-10,ZCH0CEHG,ST12000NM0007,12000138625024,0,80.0,99572744.0,97.0,0.0,100.0,3.0,100.0,0.0,89.0,831442956.0,86.0,12871.0,100.0,0.0,100.0,2.0,,,,,100.0,0.0,100.0,0.0,,,71.0,29.0,,,100.0,199.0,100.0,802.0,29.0,29.0,100.0,0.0,100.0,0.0,200.0,0.0,100.0,12710.0,100.0,58099185448.0,100.0,118514239716.0
2019-07-11,ZCH0CEHG,ST12000NM0007,12000138625024,0,81.0,122596344.0,97.0,0.0,100.0,3.0,100.0,0.0,89.0,835479788.0,86.0,12887.0,100.0,0.0,100.0,2.0,,,,,100.0,0.0,100.0,0.0,,,71.0,29.0,,,100.0,199.0,100.0,802.0,29.0,29.0,100.0,0.0,100.0,0.0,200.0,0.0,100.0,12726.0,100.0,58109485496.0,100.0,119259385524.0
2019-07-12,ZCH0CEHG,ST12000NM0007,12000138625024,0,84.0,243146912.0,97.0,0.0,100.0,3.0,100.0,0.0,89.0,843959207.0,86.0,12918.0,100.0,0.0,100.0,2.0,,,,,100.0,0.0,100.0,0.0,,,71.0,29.0,,,100.0,200.0,100.0,804.0,29.0,29.0,100.0,0.0,100.0,0.0,200.0,0.0,100.0,12758.0,100.0,58124275200.0,100.0,120585850428.0
2019-07-13,ZCH0CEHG,ST12000NM0007,12000138625024,0,83.0,206072152.0,97.0,0.0,100.0,3.0,100.0,0.0,89.0,848099824.0,86.0,12934.0,100.0,0.0,100.0,2.0,,,,,100.0,0.0,100.0,0.0,,,71.0,29.0,,,100.0,200.0,100.0,804.0,29.0,29.0,100.0,0.0,100.0,0.0,200.0,0.0,100.0,12774.0,100.0,58129661752.0,100.0,121275811348.0
2019-07-14,ZCH0CEHG,ST12000NM0007,12000138625024,0,80.0,93597976.0,97.0,0.0,100.0,3.0,100.0,0.0,89.0,856551787.0,86.0,12966.0,100.0,0.0,100.0,2.0,,,,,100.0,0.0,100.0,0.0,,,71.0,29.0,,,100.0,200.0,100.0,806.0,29.0,29.0,100.0,0.0,100.0,0.0,200.0,0.0,100.0,12805.0,100.0,58140679624.0,100.0,122617163460.0
2019-07-15,ZCH0CEHG,ST12000NM0007,12000138625024,0,71.0,11234344.0,97.0,0.0,100.0,3.0,100.0,0.0,89.0,860892970.0,86.0,12982.0,100.0,0.0,100.0,2.0,,,,,100.0,0.0,100.0,0.0,,,71.0,29.0,,,100.0,200.0,100.0,806.0,29.0,29.0,100.0,0.0,100.0,0.0,200.0,0.0,100.0,12821.0,100.0,58146039080.0,100.0,123261862268.0
2019-07-16,ZCH0CEHG,ST12000NM0007,12000138625024,0,81.0,125512968.0,97.0,0.0,100.0,3.0,100.0,0.0,89.0,870618035.0,86.0,13014.0,100.0,0.0,100.0,2.0,,,,,100.0,0.0,100.0,0.0,,,71.0,29.0,,,100.0,200.0,100.0,808.0,29.0,29.0,100.0,0.0,100.0,0.0,200.0,0.0,100.0,12853.0,100.0,58163947176.0,100.0,124578937604.0
2019-07-17,ZCH0CEHG,ST12000NM0007,12000138625024,0,73.0,19081312.0,97.0,0.0,100.0,3.0,100.0,0.0,89.0,875644522.0,86.0,13029.0,100.0,0.0,100.0,2.0,,,,,100.0,0.0,100.0,0.0,,,71.0,29.0,,,100.0,200.0,100.0,808.0,29.0,29.0,100.0,0.0,100.0,0.0,200.0,0.0,100.0,12869.0,100.0,58169550952.0,100.0,125199324220.0
2019-07-18,ZCH0CEHG,ST12000NM0007,12000138625024,0,75.0,32610680.0,97.0,0.0,100.0,3.0,100.0,0.0,89.0,877574223.0,86.0,13045.0,100.0,0.0,100.0,2.0,,,,,100.0,0.0,100.0,0.0,,,72.0,28.0,,,100.0,200.0,100.0,809.0,28.0,28.0,100.0,0.0,100.0,0.0,200.0,0.0,100.0,12884.0,100.0,58214440360.0,100.0,125412104956.0
2019-07-19,ZCH0CEHG,ST12000NM0007,12000138625024,0,82.0,149177304.0,97.0,0.0,100.0,3.0,100.0,0.0,89.0,886514656.0,86.0,13077.0,100.0,0.0,100.0,2.0,,,,,100.0,0.0,100.0,0.0,,,71.0,29.0,,,100.0,201.0,100.0,810.0,29.0,29.0,100.0,0.0,100.0,0.0,200.0,0.0,100.0,12916.0,100.0,58232662680.0,100.0,126487012460.0
2019-07-20,ZCH0CEHG,ST12000NM0007,12000138625024,0,78.0,64221136.0,97.0,0.0,100.0,3.0,100.0,0.0,89.0,890559206.0,86.0,13093.0,100.0,0.0,100.0,2.0,,,,,100.0,0.0,100.0,0.0,,,71.0,29.0,,,100.0,202.0,100.0,811.0,29.0,29.0,100.0,0.0,100.0,0.0,200.0,0.0,100.0,12931.0,100.0,58236610520.0,100.0,127130530668.0
2019-07-21,ZCH0CEHG,ST12000NM0007,12000138625024,0,69.0,8372160.0,97.0,0.0,100.0,3.0,100.0,0.0,90.0,896127408.0,86.0,13125.0,100.0,0.0,100.0,2.0,,,,,100.0,0.0,100.0,0.0,,,72.0,28.0,,,100.0,202.0,100.0,812.0,28.0,28.0,100.0,0.0,100.0,0.0,200.0,0.0,100.0,12963.0,100.0,58279912112.0,100.0,128007943020.0
2019-07-22,ZCH0CEHG,ST12000NM0007,12000138625024,0,82.0,162839088.0,97.0,0.0,100.0,3.0,100.0,0.0,90.0,897664946.0,85.0,13140.0,100.0,0.0,100.0,2.0,,,,,100.0,0.0,100.0,0.0,,,72.0,28.0,,,100.0,203.0,100.0,813.0,28.0,28.0,100.0,0.0,100.0,0.0,200.0,0.0,100.0,12979.0,100.0,58329816240.0,100.0,128112505820.0
2019-07-23,ZCH0CEHG,ST12000NM0007,12000138625024,0,82.0,146917184.0,97.0,0.0,100.0,3.0,100.0,0.0,90.0,903405900.0,85.0,13172.0,100.0,0.0,100.0,2.0,,,,,100.0,0.0,100.0,0.0,,,71.0,29.0,,,100.0,204.0,100.0,814.0,29.0,29.0,100.0,0.0,100.0,0.0,200.0,0.0,100.0,13010.0,100.0,58463308024.0,100.0,128451373908.0
2019-07-24,ZCH0CEHG,ST12000NM0007,12000138625024,0,82.0,156349672.0,97.0,0.0,100.0,3.0,100.0,0.0,90.0,905954477.0,85.0,13188.0,100.0,0.0,100.0,2.0,,,,,100.0,0.0,100.0,0.0,,,72.0,28.0,,,100.0,204.0,100.0,815.0,28.0,28.0,100.0,0.0,100.0,0.0,200.0,0.0,100.0,13026.0,100.0,58533970920.0,100.0,128634284148.0
2019-07-25,ZCH0CEHG,ST12000NM0007,12000138625024,0,77.0,45092760.0,97.0,0.0,100.0,3.0,100.0,0.0,90.0,910376475.0,85.0,13219.0,100.0,0.0,100.0,2.0,,,,,100.0,0.0,100.0,0.0,,,72.0,28.0,,,100.0,204.0,100.0,816.0,28.0,28.0,100.0,0.0,100.0,0.0,200.0,0.0,100.0,13057.0,100.0,58667900472.0,100.0,128877379508.0
2019-07-26,ZCH0CEHG,ST12000NM0007,12000138625024,0,83.0,203477024.0,97.0,0.0,100.0,3.0,100.0,0.0,90.0,913480016.0,85.0,13235.0,100.0,0.0,100.0,2.0,,,,,100.0,0.0,100.0,0.0,,,72.0,28.0,,,100.0,205.0,100.0,817.0,28.0,28.0,100.0,0.0,100.0,0.0,200.0,0.0,100.0,13073.0,100.0,58710513656.0,100.0,128993150588.0
2019-07-27,ZCH0CEHG,ST12000NM0007,12000138625024,0,82.0,150150048.0,97.0,0.0,100.0,3.0,100.0,0.0,90.0,917254588.0,85.0,13267.0,100.0,0.0,100.0,2.0,,,,,100.0,0.0,100.0,0.0,,,72.0,28.0,,,100.0,205.0,100.0,819.0,28.0,28.0,100.0,0.0,100.0,0.0,200.0,0.0,100.0,13105.0,100.0,58814610856.0,100.0,129324008164.0
2019-07-28,ZCH0CEHG,ST12000NM0007,12000138625024,0,81.0,125365504.0,97.0,0.0,100.0,3.0,100.0,0.0,90.0,919072071.0,85.0,13283.0,100.0,0.0,100.0,2.0,,,,,100.0,0.0,100.0,0.0,,,72.0,28.0,,,100.0,205.0,100.0,819.0,28.0,28.0,100.0,0.0,100.0,0.0,200.0,0.0,100.0,13120.0,100.0,58857962208.0,100.0,129500012948.0
2019-07-29,ZCH0CEHG,ST12000NM0007,12000138625024,0,77.0,54534824.0,97.0,0.0,100.0,3.0,100.0,0.0,90.0,922593562.0,85.0,13315.0,100.0,0.0,100.0,2.0,,,,,100.0,0.0,100.0,0.0,,,72.0,28.0,,,100.0,206.0,100.0,821.0,28.0,28.0,100.0,0.0,100.0,0.0,200.0,0.0,100.0,13152.0,100.0,58930347280.0,100.0,129845078900.0
2019-07-30,ZCH0CEHG,ST12000NM0007,12000138625024,0,80.0,108614448.0,97.0,0.0,100.0,3.0,100.0,0.0,90.0,926071956.0,85.0,13331.0,100.0,0.0,100.0,2.0,,,,,100.0,0.0,100.0,0.0,,,71.0,29.0,,,100.0,206.0,100.0,821.0,29.0,29.0,100.0,0.0,100.0,0.0,200.0,0.0,100.0,13168.0,100.0,59009300760.0,100.0,130064345772.0
2019-07-31,ZCH0CEHG,ST12000NM0007,12000138625024,0,81.0,120723552.0,97.0,0.0,100.0,3.0,100.0,0.0,90.0,931750395.0,85.0,13362.0,100.0,0.0,100.0,2.0,,,,,100.0,0.0,100.0,0.0,,,72.0,28.0,,,100.0,207.0,100.0,823.0,28.0,28.0,100.0,0.0,100.0,0.0,200.0,0.0,100.0,13199.0,100.0,59141606768.0,100.0,130432430372.0
2019-08-01,ZCH0CEHG,ST12000NM0007,12000138625024,0,80.0,104913904.0,97.0,0.0,100.0,3.0,100.0,0.0,90.0,939979341.0,85.0,13394.0,100.0,0.0,100.0,2.0,,,,,100.0,0.0,100.0,0.0,,,72.0,28.0,,,100.0,207.0,100.0,825.0,28.0,28.0,100.0,0.0,100.0,0.0,200.0,0.0,100.0,13231.0,100.0,59267436304.0,100.0,130779072980.0
2019-08-02,ZCH0CEHG,ST12000NM0007,12000138625024,0,77.0,53528176.0,97.0,0.0,100.0,3.0,100.0,0.0,90.0,942027996.0,85.0,13410.0,100.0,0.0,100.0,2.0,,,,,100.0,0.0,100.0,0.0,,,72.0,28.0,,,100.0,207.0,100.0,825.0,28.0,28.0,100.0,0.0,100.0,0.0,200.0,0.0,100.0,13247.0,100.0,59304733008.0,100.0,130934531796.0
2019-08-03,ZCH0CEHG,ST12000NM0007,12000138625024,0,75.0,30938272.0,97.0,0.0,100.0,3.0,100.0,0.0,90.0,946272477.0,85.0,13441.0,100.0,0.0,100.0,2.0,,,,,100.0,0.0,100.0,0.0,,,72.0,28.0,,,100.0,207.0,100.0,827.0,28.0,28.0,100.0,0.0,100.0,0.0,200.0,0.0,100.0,13278.0,100.0,59415246192.0,100.0,131289711012.0
2019-08-04,ZCH0CEHG,ST12000NM0007,12000138625024,0,75.0,31931128.0,97.0,0.0,100.0,3.0,100.0,0.0,90.0,948396886.0,85.0,13457.0,100.0,0.0,100.0,2.0,,,,,100.0,0.0,100.0,0.0,,,71.0,29.0,,,100.0,207.0,100.0,827.0,29.0,29.0,100.0,0.0,100.0,0.0,200.0,0.0,100.0,13294.0,100.0,59459273232.0,100.0,131490817596.0
2019-08-05,ZCH0CEHG,ST12000NM0007,12000138625024,0,74.0,24213928.0,97.0,0.0,100.0,3.0,100.0,0.0,90.0,952727590.0,85.0,13489.0,100.0,0.0,100.0,2.0,,,,,100.0,0.0,100.0,0.0,,,71.0,29.0,,,100.0,209.0,100.0,829.0,29.0,29.0,100.0,0.0,100.0,0.0,200.0,0.0,100.0,13325.0,100.0,59558342536.0,100.0,131872312660.0
2019-08-06,ZCH0CEHG,ST12000NM0007,12000138625024,0,80.0,94223200.0,97.0,0.0,100.0,3.0,100.0,0.0,90.0,956477959.0,85.0,13505.0,100.0,0.0,100.0,2.0,,,,,100.0,0.0,100.0,0.0,,,72.0,28.0,,,100.0,209.0,100.0,829.0,28.0,28.0,100.0,0.0,100.0,0.0,200.0,0.0,100.0,13341.0,100.0,59633082576.0,100.0,132111722932.0
2019-08-07,ZCH0CEHG,ST12000NM0007,12000138625024,0,82.0,148992696.0,97.0,0.0,100.0,3.0,100.0,0.0,90.0,962602330.0,85.0,13537.0,100.0,0.0,100.0,2.0,,,,,100.0,0.0,100.0,0.0,,,72.0,28.0,,,100.0,210.0,100.0,831.0,28.0,28.0,100.0,0.0,100.0,0.0,200.0,0.0,100.0,13372.0,100.0,59771368176.0,100.0,132516488612.0
2019-08-08,ZCH0CEHG,ST12000NM0007,12000138625024,0,80.0,98069960.0,97.0,0.0,100.0,3.0,100.0,0.0,90.0,965286529.0,85.0,13552.0,100.0,0.0,100.0,2.0,,,,,100.0,0.0,100.0,0.0,,,72.0,28.0,,,100.0,210.0,100.0,831.0,28.0,28.0,100.0,0.0,100.0,0.0,200.0,0.0,100.0,13388.0,100.0,59829910432.0,100.0,132651164380.0
2019-08-09,ZCH0CEHG,ST12000NM0007,12000138625024,0,83.0,188623968.0,97.0,0.0,100.0,3.0,100.0,0.0,90.0,970863760.0,85.0,13584.0,100.0,0.0,100.0,2.0,,,,,100.0,0.0,100.0,0.0,,,73.0,27.0,,,100.0,212.0,100.0,833.0,27.0,27.0,100.0,0.0,100.0,0.0,200.0,0.0,100.0,13420.0,100.0,59922014296.0,100.0,132893755332.0
2019-08-10,ZCH0CEHG,ST12000NM0007,12000138625024,0,83.0,214921432.0,97.0,0.0,100.0,3.0,100.0,0.0,90.0,973294414.0,85.0,13600.0,100.0,0.0,100.0,2.0,,,,,100.0,0.0,100.0,0.0,,,73.0,27.0,,,100.0,212.0,100.0,833.0,27.0,27.0,100.0,0.0,100.0,0.0,200.0,0.0,100.0,13436.0,100.0,59980341112.0,100.0,133105866692.0
2019-08-11,ZCH0CEHG,ST12000NM0007,12000138625024,0,83.0,198859872.0,97.0,0.0,100.0,3.0,100.0,0.0,90.0,977781526.0,85.0,13632.0,100.0,0.0,100.0,2.0,,,,,100.0,0.0,100.0,0.0,,,73.0,27.0,,,100.0,212.0,100.0,835.0,27.0,27.0,100.0,0.0,100.0,0.0,200.0,0.0,100.0,13467.0,100.0,60059596424.0,100.0,133498831372.0
2019-08-12,ZCH0CEHG,ST12000NM0007,12000138625024,0,69.0,8075160.0,97.0,0.0,100.0,3.0,100.0,0.0,90.0,983128250.0,85.0,13663.0,100.0,0.0,100.0,2.0,,,,,100.0,0.0,100.0,0.0,,,72.0,28.0,,,100.0,212.0,100.0,836.0,28.0,28.0,100.0,0.0,100.0,0.0,200.0,0.0,100.0,13498.0,100.0,60160838568.0,100.0,133939227564.0
2019-08-13,ZCH0CEHG,ST12000NM0007,12000138625024,0,75.0,28914184.0,97.0,0.0,100.0,3.0,100.0,0.0,90.0,986948264.0,85.0,13679.0,100.0,0.0,100.0,2.0,,,,,100.0,0.0,100.0,0.0,,,72.0,28.0,,,100.0,212.0,100.0,837.0,28.0,28.0,100.0,0.0,100.0,0.0,200.0,0.0,100.0,13514.0,100.0,60215086472.0,100.0,134149959316.0
2019-08-14,ZCH0CEHG,ST12000NM0007,12000138625024,0,74.0,26441552.0,97.0,0.0,100.0,3.0,100.0,0.0,90.0,989585675.0,85.0,13695.0,100.0,0.0,100.0,2.0,,,,,100.0,0.0,100.0,0.0,,,73.0,27.0,,,100.0,212.0,100.0,837.0,27.0,27.0,100.0,0.0,100.0,0.0,200.0,0.0,100.0,13530.0,100.0,60268542928.0,100.0,134338170964.0
2019-08-15,ZCH0CEHG,ST12000NM0007,12000138625024,0,82.0,161757264.0,97.0,0.0,100.0,3.0,100.0,0.0,90.0,995028267.0,85.0,13726.0,100.0,0.0,100.0,2.0,,,,,100.0,0.0,100.0,0.0,,,72.0,28.0,,,100.0,212.0,100.0,839.0,28.0,28.0,100.0,0.0,100.0,0.0,200.0,0.0,100.0,13561.0,100.0,60372695824.0,100.0,134613474596.0
2019-08-16,ZCH0CEHG,ST12000NM0007,12000138625024,0,78.0,69169728.0,97.0,0.0,100.0,3.0,100.0,0.0,90.0,997777738.0,85.0,13742.0,100.0,0.0,100.0,2.0,,,,,100.0,0.0,100.0,0.0,,,73.0,27.0,,,100.0,212.0,100.0,839.0,27.0,27.0,100.0,0.0,100.0,0.0,200.0,0.0,100.0,13577.0,100.0,60408293152.0,100.0,134729430404.0
2019-08-17,ZCH0CEHG,ST12000NM0007,12000138625024,0,79.0,81443096.0,97.0,0.0,100.0,3.0,100.0,0.0,64.0,2758225.0,85.0,13774.0,100.0,0.0,100.0,2.0,,,,,100.0,0.0,100.0,0.0,,,72.0,28.0,,,100.0,212.0,100.0,841.0,28.0,28.0,100.0,0.0,100.0,0.0,200.0,0.0,100.0,13609.0,100.0,60495353600.0,100.0,135142924668.0
2019-08-18,ZCH0CEHG,ST12000NM0007,12000138625024,0,79.0,77007688.0,97.0,0.0,100.0,3.0,100.0,0.0,67.0,5493790.0,85.0,13790.0,100.0,0.0,100.0,2.0,,,,,100.0,0.0,100.0,0.0,,,72.0,28.0,,,100.0,212.0,100.0,841.0,28.0,28.0,100.0,0.0,100.0,0.0,200.0,0.0,100.0,13625.0,100.0,60529504784.0,100.0,135348478820.0
2019-08-19,ZCH0CEHG,ST12000NM0007,12000138625024,0,71.0,13325776.0,97.0,0.0,100.0,3.0,100.0,0.0,70.0,10414741.0,85.0,13821.0,100.0,0.0,100.0,2.0,,,,,100.0,0.0,100.0,0.0,,,72.0,28.0,,,100.0,212.0,100.0,842.0,28.0,28.0,100.0,0.0,100.0,0.0,200.0,0.0,100.0,13656.0,100.0,60595208480.0,100.0,135707374772.0
2019-08-20,ZCH0CEHG,ST12000NM0007,12000138625024,0,73.0,18465376.0,97.0,0.0,100.0,3.0,100.0,0.0,72.0,17431140.0,85.0,13853.0,100.0,0.0,100.0,2.0,,,,,100.0,0.0,100.0,0.0,,,73.0,27.0,,,100.0,214.0,100.0,844.0,27.0,27.0,100.0,0.0,100.0,0.0,200.0,0.0,100.0,13688.0,100.0,60687302432.0,100.0,136108701908.0
2019-08-21,ZCH0CEHG,ST12000NM0007,12000138625024,0,83.0,207067688.0,97.0,0.0,100.0,3.0,100.0,0.0,73.0,19404328.0,85.0,13869.0,100.0,0.0,100.0,2.0,,,,,100.0,0.0,100.0,0.0,,,73.0,27.0,,,100.0,214.0,100.0,844.0,27.0,27.0,100.0,0.0,100.0,0.0,200.0,0.0,100.0,13704.0,100.0,60720429480.0,100.0,136264177172.0
2019-08-22,ZCH0CEHG,ST12000NM0007,12000138625024,0,81.0,132763056.0,97.0,0.0,100.0,3.0,100.0,0.0,74.0,25936950.0,85.0,13901.0,100.0,0.0,100.0,2.0,,,,,100.0,0.0,100.0,0.0,,,73.0,27.0,,,100.0,214.0,100.0,846.0,27.0,27.0,100.0,0.0,100.0,0.0,200.0,0.0,100.0,13735.0,100.0,60836862896.0,100.0,136561720820.0
2019-08-23,ZCH0CEHG,ST12000NM0007,12000138625024,0,80.0,98969448.0,97.0,0.0,100.0,3.0,100.0,0.0,74.0,28128266.0,85.0,13917.0,100.0,0.0,100.0,2.0,,,,,100.0,0.0,100.0,0.0,,,73.0,27.0,,,100.0,214.0,100.0,846.0,27.0,27.0,100.0,0.0,100.0,0.0,200.0,0.0,100.0,13751.0,100.0,60875571400.0,100.0,136733359364.0
2019-08-24,ZCH0CEHG,ST12000NM0007,12000138625024,0,78.0,67041064.0,97.0,0.0,100.0,3.0,100.0,0.0,75.0,32626451.0,85.0,13948.0,100.0,0.0,100.0,2.0,,,,,100.0,0.0,100.0,0.0,,,72.0,28.0,,,100.0,214.0,100.0,848.0,28.0,28.0,100.0,0.0,100.0,0.0,200.0,0.0,100.0,13783.0,100.0,60952295144.0,100.0,137112988740.0
2019-08-25,ZCH0CEHG,ST12000NM0007,12000138625024,0,78.0,59901256.0,97.0,0.0,100.0,3.0,100.0,0.0,75.0,34933560.0,85.0,13964.0,100.0,0.0,100.0,2.0,,,,,100.0,0.0,100.0,0.0,,,73.0,27.0,,,100.0,214.0,100.0,848.0,27.0,27.0,100.0,0.0,100.0,0.0,200.0,0.0,100.0,13798.0,100.0,60977915104.0,100.0,137324369604.0
2019-08-26,ZCH0CEHG,ST12000NM0007,12000138625024,0,81.0,130434064.0,97.0,0.0,100.0,3.0,100.0,0.0,77.0,44745378.0,85.0,14012.0,100.0,0.0,100.0,2.0,,,,,100.0,0.0,100.0,0.0,,,73.0,27.0,,,100.0,215.0,100.0,850.0,27.0,27.0,100.0,0.0,100.0,0.0,200.0,0.0,100.0,13846.0,100.0,61179210072.0,100.0,137926029500.0
2019-08-27,ZCH0CEHG,ST12000NM0007,12000138625024,0,81.0,130434064.0,97.0,0.0,100.0,3.0,100.0,0.0,77.0,44745378.0,85.0,14012.0,100.0,0.0,100.0,2.0,,,,,100.0,0.0,100.0,0.0,,,73.0,27.0,,,100.0,215.0,100.0,850.0,27.0,27.0,100.0,0.0,100.0,0.0,200.0,0.0,100.0,13846.0,100.0,61179210072.0,100.0,137926029500.0
2019-08-28,ZCH0CEHG,ST12000NM0007,12000138625024,0,77.0,53161128.0,97.0,0.0,100.0,3.0,100.0,0.0,77.0,48689007.0,84.0,14043.0,100.0,0.0,100.0,2.0,,,,,100.0,0.0,100.0,0.0,,,73.0,27.0,,,100.0,217.0,100.0,852.0,27.0,27.0,100.0,0.0,100.0,0.0,200.0,0.0,100.0,13877.0,100.0,61246984760.0,100.0,138269263332.0
2019-08-29,ZCH0CEHG,ST12000NM0007,12000138625024,0,84.0,234813680.0,97.0,0.0,100.0,3.0,100.0,0.0,77.0,51245725.0,84.0,14059.0,100.0,0.0,100.0,2.0,,,,,100.0,0.0,100.0,0.0,,,73.0,27.0,,,100.0,217.0,100.0,852.0,27.0,27.0,100.0,0.0,100.0,0.0,200.0,0.0,100.0,13893.0,100.0,61282839232.0,100.0,138415061412.0
2019-08-30,ZCH0CEHG,ST12000NM0007,12000138625024,0,74.0,26871936.0,97.0,0.0,100.0,3.0,100.0,0.0,78.0,56401205.0,84.0,14091.0,100.0,0.0,100.0,2.0,,,,,100.0,0.0,100.0,0.0,,,73.0,27.0,,,100.0,218.0,100.0,854.0,27.0,27.0,100.0,0.0,100.0,0.0,200.0,0.0,100.0,13924.0,100.0,61360850896.0,100.0,138617389460.0
2019-08-31,ZCH0CEHG,ST12000NM0007,12000138625024,0,83.0,207589720.0,97.0,0.0,100.0,3.0,100.0,0.0,78.0,58457669.0,84.0,14106.0,100.0,0.0,100.0,2.0,,,,,100.0,0.0,100.0,0.0,,,72.0,28.0,,,100.0,218.0,100.0,854.0,28.0,28.0,100.0,0.0,100.0,0.0,200.0,0.0,100.0,13940.0,100.0,61392359992.0,100.0,138766598148.0
2019-09-01,ZCH0CEHG,ST12000NM0007,12000138625024,0,81.0,135251088.0,97.0,0.0,100.0,3.0,100.0,0.0,78.0,65307579.0,84.0,14138.0,100.0,0.0,100.0,2.0,,,,,100.0,0.0,100.0,0.0,,,73.0,27.0,,,100.0,218.0,100.0,856.0,27.0,27.0,100.0,0.0,100.0,0.0,200.0,0.0,100.0,13972.0,100.0,61466778816.0,100.0,139108122196.0
2019-09-02,ZCH0CEHG,ST12000NM0007,12000138625024,0,77.0,53350752.0,97.0,0.0,100.0,3.0,100.0,0.0,78.0,67160428.0,84.0,14154.0,100.0,0.0,100.0,2.0,,,,,100.0,0.0,100.0,0.0,,,74.0,26.0,,,100.0,218.0,100.0,856.0,26.0,26.0,100.0,0.0,100.0,0.0,200.0,0.0,100.0,13987.0,100.0,61498517392.0,100.0,139238624044.0
2019-09-03,ZCH0CEHG,ST12000NM0007,12000138625024,0,82.0,146639896.0,97.0,0.0,100.0,3.0,100.0,0.0,79.0,71310651.0,84.0,14185.0,100.0,0.0,100.0,2.0,,,,,100.0,0.0,100.0,0.0,,,73.0,27.0,,,100.0,218.0,100.0,858.0,27.0,27.0,100.0,0.0,100.0,0.0,200.0,0.0,100.0,14018.0,100.0,61556680728.0,100.0,139517890668.0
2019-09-04,ZCH0CEHG,ST12000NM0007,12000138625024,0,81.0,135675682.0,97.0,0.0,100.0,3.0,100.0,0.0,79.0,73473202.0,84.0,14201.0,100.0,0.0,100.0,2.0,,,,,100.0,0.0,100.0,0.0,,,72.0,28.0,,,100.0,218.0,100.0,859.0,28.0,28.0,100.0,0.0,100.0,0.0,200.0,0.0,100.0,14034.0,100.0,61588847952.0,100.0,139718899862.0
2019-09-05,ZCH0CEHG,ST12000NM0007,12000138625024,0,76.0,41940008.0,97.0,0.0,100.0,3.0,100.0,0.0,79.0,80691329.0,84.0,14233.0,100.0,0.0,100.0,2.0,,,,,100.0,0.0,100.0,0.0,,,72.0,28.0,,,100.0,218.0,100.0,860.0,28.0,28.0,100.0,0.0,100.0,0.0,200.0,0.0,100.0,14066.0,100.0,61660703464.0,100.0,140041590126.0
2019-09-06,ZCH0CEHG,ST12000NM0007,12000138625024,0,74.0,26210728.0,97.0,0.0,100.0,3.0,100.0,0.0,79.0,83418152.0,84.0,14248.0,100.0,0.0,100.0,2.0,,,,,100.0,0.0,100.0,0.0,,,72.0,28.0,,,100.0,218.0,100.0,861.0,28.0,28.0,100.0,0.0,100.0,0.0,200.0,0.0,100.0,14081.0,100.0,61703460280.0,100.0,140227244982.0
2019-09-07,ZCH0CEHG,ST12000NM0007,12000138625024,0,77.0,52501704.0,97.0,0.0,100.0,3.0,100.0,0.0,79.0,89036915.0,84.0,14280.0,100.0,0.0,100.0,2.0,,,,,100.0,0.0,100.0,0.0,,,72.0,28.0,,,100.0,219.0,100.0,862.0,28.0,28.0,100.0,0.0,100.0,0.0,200.0,0.0,100.0,14113.0,100.0,61769373616.0,100.0,140675904206.0
2019-09-08,ZCH0CEHG,ST12000NM0007,12000138625024,0,76.0,40262128.0,97.0,0.0,100.0,3.0,100.0,0.0,80.0,92599028.0,84.0,14296.0,100.0,0.0,100.0,2.0,,,,,100.0,0.0,100.0,0.0,,,72.0,28.0,,,100.0,219.0,100.0,863.0,28.0,28.0,100.0,0.0,100.0,0.0,200.0,0.0,100.0,14128.0,100.0,61792304768.0,100.0,140884874350.0
2019-09-09,ZCH0CEHG,ST12000NM0007,12000138625024,0,72.0,16607240.0,97.0,0.0,100.0,3.0,100.0,0.0,80.0,97001922.0,84.0,14328.0,100.0,0.0,100.0,2.0,,,,,100.0,0.0,100.0,0.0,,,73.0,27.0,,,100.0,219.0,100.0,864.0,27.0,27.0,100.0,0.0,100.0,0.0,200.0,0.0,100.0,14160.0,100.0,61842299936.0,100.0,141299505662.0
2019-09-10,ZCH0CEHG,ST12000NM0007,12000138625024,0,78.0,61810432.0,97.0,0.0,100.0,3.0,100.0,0.0,80.0,100642428.0,84.0,14343.0,100.0,0.0,100.0,2.0,,,,,100.0,0.0,100.0,0.0,,,72.0,28.0,,,100.0,219.0,100.0,865.0,28.0,28.0,100.0,0.0,100.0,0.0,200.0,0.0,100.0,14176.0,100.0,61883531672.0,100.0,141547617846.0
2019-09-11,ZCH0CEHG,ST12000NM0007,12000138625024,0,78.0,62259376.0,97.0,0.0,100.0,3.0,100.0,0.0,80.0,103969054.0,84.0,14375.0,100.0,0.0,100.0,2.0,,,,,100.0,0.0,100.0,0.0,,,72.0,28.0,,,100.0,219.0,100.0,900.0,28.0,28.0,100.0,0.0,100.0,0.0,200.0,0.0,100.0,14192.0,100.0,61935048504.0,100.0,141740691208.0
2019-09-12,ZCH0CEHG,ST12000NM0007,12000138625024,0,78.0,56708080.0,97.0,0.0,100.0,3.0,100.0,0.0,80.0,106672670.0,84.0,14391.0,100.0,0.0,100.0,2.0,,,,,100.0,0.0,100.0,0.0,,,73.0,27.0,,,100.0,219.0,100.0,901.0,27.0,27.0,100.0,0.0,100.0,0.0,200.0,0.0,100.0,14207.0,100.0,61973953096.0,100.0,141940375968.0
2019-09-13,ZCH0CEHG,ST12000NM0007,12000138625024,0,81.0,119051544.0,97.0,0.0,100.0,3.0,100.0,0.0,81.0,112633769.0,84.0,14423.0,100.0,0.0,100.0,2.0,,,,,100.0,0.0,100.0,0.0,,,73.0,27.0,,,100.0,219.0,100.0,902.0,27.0,27.0,100.0,0.0,100.0,0.0,200.0,0.0,100.0,14239.0,100.0,62044621600.0,100.0,142176191808.0
2019-09-14,ZCH0CEHG,ST12000NM0007,12000138625024,0,82.0,152557200.0,97.0,0.0,100.0,3.0,100.0,0.0,81.0,117346755.0,84.0,14454.0,100.0,0.0,100.0,2.0,,,,,100.0,0.0,100.0,0.0,,,72.0,28.0,,,100.0,220.0,100.0,903.0,28.0,28.0,100.0,0.0,100.0,0.0,200.0,0.0,100.0,14270.0,100.0,62079102304.0,100.0,142663498200.0
2019-09-15,ZCH0CEHG,ST12000NM0007,12000138625024,0,82.0,144849946.0,97.0,0.0,100.0,3.0,100.0,0.0,81.0,119720322.0,84.0,14470.0,100.0,0.0,100.0,2.0,,,,,100.0,0.0,100.0,0.0,,,72.0,28.0,,,100.0,220.0,100.0,910.0,28.0,28.0,100.0,0.0,100.0,0.0,200.0,0.0,100.0,14286.0,100.0,62106152224.0,100.0,142872881810.0
2019-09-16,ZCH0CEHG,ST12000NM0007,12000138625024,0,82.0,160226600.0,97.0,0.0,100.0,3.0,100.0,0.0,81.0,121911921.0,84.0,14486.0,100.0,0.0,100.0,2.0,,,,,100.0,0.0,100.0,0.0,,,72.0,28.0,,,100.0,220.0,100.0,910.0,28.0,28.0,100.0,0.0,100.0,0.0,200.0,0.0,100.0,14301.0,100.0,62135871928.0,100.0,143346820570.0
2019-09-17,ZCH0CEHG,ST12000NM0007,12000138625024,0,77.0,47765056.0,97.0,0.0,100.0,3.0,100.0,0.0,81.0,126621779.0,84.0,14517.0,100.0,0.0,100.0,2.0,,,,,100.0,0.0,100.0,0.0,,,72.0,28.0,,,100.0,221.0,100.0,911.0,28.0,28.0,100.0,0.0,100.0,0.0,200.0,0.0,100.0,14332.0,100.0,62190593888.0,100.0,144156200770.0
2019-09-18,ZCH0CEHG,ST12000NM0007,12000138625024,0,83.0,222839584.0,97.0,0.0,100.0,3.0,100.0,0.0,81.0,132613841.0,84.0,14548.0,100.0,0.0,100.0,2.0,,,,,100.0,0.0,100.0,0.0,,,72.0,28.0,,,100.0,222.0,100.0,913.0,28.0,28.0,100.0,0.0,100.0,0.0,200.0,0.0,100.0,14363.0,100.0,62245169264.0,100.0,145009122442.0
2019-09-19,ZCH0CEHG,ST12000NM0007,12000138625024,0,78.0,57695416.0,97.0,0.0,100.0,3.0,100.0,0.0,81.0,135201227.0,84.0,14564.0,100.0,0.0,100.0,2.0,,,,,100.0,0.0,100.0,0.0,,,72.0,28.0,,,100.0,222.0,100.0,913.0,28.0,28.0,100.0,0.0,100.0,0.0,200.0,0.0,100.0,14379.0,100.0,62280691320.0,100.0,145296738010.0
2019-09-20,ZCH0CEHG,ST12000NM0007,12000138625024,0,75.0,30856424.0,97.0,0.0,100.0,3.0,100.0,0.0,81.0,140306177.0,84.0,14595.0,100.0,0.0,100.0,2.0,,,,,100.0,0.0,100.0,0.0,,,72.0,28.0,,,100.0,224.0,100.0,915.0,28.0,28.0,100.0,0.0,100.0,0.0,200.0,0.0,100.0,14410.0,100.0,62332962136.0,100.0,145461768882.0
2019-09-21,ZCH0CEHG,ST12000NM0007,12000138625024,0,83.0,194642330.0,97.0,0.0,100.0,3.0,100.0,0.0,82.0,142382757.0,84.0,14611.0,100.0,0.0,100.0,2.0,,,,,100.0,0.0,100.0,0.0,,,72.0,28.0,,,100.0,224.0,100.0,915.0,28.0,28.0,100.0,0.0,100.0,0.0,200.0,0.0,100.0,14426.0,100.0,62359223968.0,100.0,145843433620.0
2019-09-22,ZCH0CEHG,ST12000NM0007,12000138625024,0,83.0,191754936.0,97.0,0.0,100.0,3.0,100.0,0.0,82.0,146928276.0,84.0,14643.0,100.0,0.0,100.0,2.0,,,,,100.0,0.0,100.0,0.0,,,72.0,28.0,,,100.0,224.0,100.0,917.0,28.0,28.0,100.0,0.0,100.0,0.0,200.0,0.0,100.0,14458.0,100.0,62408591104.0,100.0,146767742476.0
2019-09-23,ZCH0CEHG,ST12000NM0007,12000138625024,0,83.0,189392296.0,97.0,0.0,100.0,3.0,100.0,0.0,82.0,149588698.0,84.0,14659.0,100.0,0.0,100.0,2.0,,,,,100.0,0.0,100.0,0.0,,,72.0,28.0,,,100.0,224.0,100.0,917.0,28.0,28.0,100.0,0.0,100.0,0.0,200.0,0.0,100.0,14474.0,100.0,62441243024.0,100.0,147221009492.0
2019-09-24,ZCH0CEHG,ST12000NM0007,12000138625024,0,83.0,193029976.0,97.0,0.0,100.0,3.0,100.0,0.0,82.0,153048674.0,84.0,14675.0,100.0,0.0,100.0,2.0,,,,,100.0,0.0,100.0,0.0,,,72.0,28.0,,,100.0,225.0,100.0,918.0,28.0,28.0,100.0,0.0,100.0,0.0,200.0,0.0,100.0,14489.0,100.0,62490316920.0,100.0,147663854692.0
2019-09-25,ZCH0CEHG,ST12000NM0007,12000138625024,0,83.0,215612624.0,96.0,0.0,100.0,4.0,100.0,0.0,82.0,158697052.0,84.0,14706.0,100.0,0.0,100.0,3.0,,,,,100.0,0.0,100.0,0.0,,,72.0,28.0,,,100.0,225.0,100.0,920.0,28.0,28.0,100.0,0.0,100.0,0.0,200.0,0.0,100.0,14521.0,100.0,62554174368.0,100.0,148599142800.0
2019-09-26,ZCH0CEHG,ST12000NM0007,12000138625024,0,84.0,228613322.0,96.0,0.0,100.0,4.0,100.0,0.0,82.0,163106152.0,84.0,14737.0,100.0,0.0,100.0,3.0,,,,,100.0,0.0,100.0,0.0,,,73.0,27.0,,,100.0,225.0,100.0,921.0,27.0,27.0,100.0,0.0,100.0,0.0,200.0,0.0,100.0,14552.0,100.0,62595513656.0,100.0,149059085522.0
2019-09-27,ZCH0CEHG,ST12000NM0007,12000138625024,0,82.0,157281522.0,96.0,0.0,100.0,4.0,100.0,0.0,82.0,165362805.0,84.0,14753.0,100.0,0.0,100.0,3.0,,,,,100.0,0.0,100.0,0.0,,,73.0,27.0,,,100.0,225.0,100.0,922.0,27.0,27.0,100.0,0.0,100.0,0.0,200.0,0.0,100.0,14568.0,100.0,62637194896.0,100.0,149190213276.0
2019-09-28,ZCH0CEHG,ST12000NM0007,12000138625024,0,80.0,95441368.0,96.0,0.0,100.0,4.0,100.0,0.0,82.0,167541139.0,84.0,14769.0,100.0,0.0,100.0,3.0,,,,,100.0,0.0,100.0,0.0,,,73.0,27.0,,,100.0,225.0,100.0,922.0,27.0,27.0,100.0,0.0,100.0,0.0,200.0,0.0,100.0,14583.0,100.0,62671955808.0,100.0,149337752916.0
2019-09-29,ZCH0CEHG,ST12000NM0007,12000138625024,0,78.0,59232744.0,94.0,0.0,100.0,5.0,100.0,0.0,82.0,172394960.0,84.0,14801.0,100.0,0.0,100.0,4.0,,,,,100.0,0.0,100.0,0.0,,,73.0,27.0,,,100.0,225.0,100.0,924.0,27.0,27.0,100.0,0.0,100.0,0.0,200.0,0.0,100.0,14615.0,100.0,62754425576.0,100.0,149707355894.0
2019-09-30,ZCH0CEHG,ST12000NM0007,12000138625024,0,68.0,5977112.0,94.0,0.0,100.0,5.0,100.0,0.0,82.0,177177240.0,84.0,14833.0,100.0,0.0,100.0,4.0,,,,,100.0,0.0,100.0,0.0,,,73.0,27.0,,,100.0,225.0,100.0,925.0,27.0,27.0,100.0,0.0,100.0,0.0,200.0,0.0,100.0,14647.0,100.0,62853425736.0,100.0,150043381502.0
2019-10-01,ZCH0CEHG,ST12000NM0007,12000138625024,0,71.0,11794440.0,94.0,0.0,100.0,5.0,100.0,0.0,83.0,181646783.0,84.0,14849.0,100.0,0.0,100.0,4.0,,,,,100.0,0.0,100.0,0.0,,,73.0,27.0,,,100.0,225.0,100.0,925.0,27.0,27.0,100.0,0.0,100.0,0.0,200.0,0.0,100.0,14663.0,100.0,62903868416.0,100.0,150242896782.0
2019-10-02,ZCH0CEHG,ST12000NM0007,12000138625024,0,82.0,162844784.0,94.0,0.0,100.0,5.0,100.0,0.0,83.0,186788087.0,84.0,14880.0,100.0,0.0,100.0,4.0,,,,,100.0,0.0,100.0,0.0,,,73.0,27.0,,,100.0,225.0,100.0,927.0,27.0,27.0,100.0,0.0,100.0,0.0,200.0,0.0,100.0,14694.0,100.0,63003155712.0,100.0,150538800726.0
2019-10-03,ZCH0CEHG,ST12000NM0007,12000138625024,0,74.0,23528512.0,94.0,0.0,100.0,5.0,100.0,0.0,83.0,189686387.0,83.0,14896.0,100.0,0.0,100.0,4.0,,,,,100.0,0.0,100.0,0.0,,,73.0,27.0,,,100.0,225.0,100.0,927.0,27.0,27.0,100.0,0.0,100.0,0.0,200.0,0.0,100.0,14710.0,100.0,63028506008.0,100.0,150618274878.0
2019-10-04,ZCH0CEHG,ST12000NM0007,12000138625024,0,82.0,149171368.0,94.0,0.0,100.0,5.0,100.0,0.0,83.0,193277762.0,83.0,14928.0,100.0,0.0,100.0,4.0,,,,,100.0,0.0,100.0,0.0,,,75.0,25.0,,,100.0,226.0,100.0,929.0,25.0,25.0,100.0,0.0,100.0,0.0,200.0,0.0,100.0,14742.0,100.0,63048998424.0,100.0,150723425318.0
2019-10-05,ZCH0CEHG,ST12000NM0007,12000138625024,0,83.0,217987384.0,94.0,0.0,100.0,5.0,100.0,0.0,83.0,194136537.0,83.0,14944.0,100.0,0.0,100.0,4.0,,,,,100.0,0.0,100.0,0.0,,,73.0,27.0,,,100.0,226.0,100.0,930.0,27.0,27.0,100.0,0.0,100.0,0.0,200.0,0.0,100.0,14757.0,100.0,63057221520.0,100.0,150784018238.0
2019-10-06,ZCH0CEHG,ST12000NM0007,12000138625024,0,84.0,225717584.0,94.0,0.0,100.0,5.0,100.0,0.0,83.0,197442972.0,83.0,14975.0,100.0,0.0,100.0,4.0,,,,,100.0,0.0,100.0,0.0,,,73.0,27.0,,,100.0,226.0,100.0,931.0,27.0,27.0,100.0,0.0,100.0,0.0,200.0,0.0,100.0,14789.0,100.0,63112659520.0,100.0,150980451086.0
2019-10-07,ZCH0CEHG,ST12000NM0007,12000138625024,0,79.0,85937872.0,94.0,0.0,100.0,5.0,100.0,0.0,83.0,198900298.0,83.0,14991.0,100.0,0.0,100.0,4.0,,,,,100.0,0.0,100.0,0.0,,,74.0,26.0,,,100.0,226.0,100.0,932.0,26.0,26.0,100.0,0.0,100.0,0.0,200.0,0.0,100.0,14805.0,100.0,63139372464.0,100.0,151058099102.0
2019-10-08,ZCH0CEHG,ST12000NM0007,12000138625024,0,76.0,41360176.0,94.0,0.0,100.0,5.0,100.0,0.0,83.0,203648839.0,83.0,15023.0,100.0,0.0,100.0,4.0,,,,,100.0,0.0,100.0,0.0,,,74.0,26.0,,,100.0,227.0,100.0,933.0,26.0,26.0,100.0,0.0,100.0,0.0,200.0,0.0,100.0,14836.0,100.0,63191108600.0,100.0,151205926006.0
2019-10-09,ZCH0CEHG,ST12000NM0007,12000138625024,0,81.0,138048808.0,94.0,0.0,100.0,5.0,100.0,0.0,83.0,204951193.0,83.0,15038.0,100.0,0.0,100.0,4.0,,,,,100.0,0.0,100.0,0.0,,,74.0,26.0,,,100.0,228.0,100.0,934.0,26.0,26.0,100.0,0.0,100.0,0.0,200.0,0.0,100.0,14852.0,100.0,63214100880.0,100.0,151279622358.0
2019-10-10,ZCH0CEHG,ST12000NM0007,12000138625024,0,81.0,113941656.0,94.0,0.0,100.0,5.0,100.0,0.0,83.0,209611944.0,83.0,15070.0,100.0,0.0,100.0,4.0,,,,,100.0,0.0,100.0,0.0,,,73.0,27.0,,,100.0,229.0,100.0,935.0,27.0,27.0,100.0,0.0,100.0,0.0,200.0,0.0,100.0,14884.0,100.0,63280177824.0,100.0,151433578902.0
2019-10-11,ZCH0CEHG,ST12000NM0007,12000138625024,0,83.0,211151512.0,94.0,0.0,100.0,5.0,100.0,0.0,83.0,212015255.0,83.0,15086.0,100.0,0.0,100.0,4.0,,,,,100.0,0.0,100.0,0.0,,,74.0,26.0,,,100.0,229.0,100.0,936.0,26.0,26.0,100.0,0.0,100.0,0.0,200.0,0.0,100.0,14899.0,100.0,63303306688.0,100.0,151507659894.0
2019-10-12,ZCH0CEHG,ST12000NM0007,12000138625024,0,81.0,129522192.0,94.0,0.0,100.0,5.0,100.0,0.0,83.0,213863691.0,83.0,15118.0,100.0,0.0,100.0,4.0,,,,,100.0,0.0,100.0,0.0,,,74.0,26.0,,,100.0,230.0,100.0,937.0,26.0,26.0,100.0,0.0,100.0,0.0,200.0,0.0,100.0,14931.0,100.0,63341739016.0,100.0,151631739014.0
2019-10-13,ZCH0CEHG,ST12000NM0007,12000138625024,0,83.0,207817144.0,94.0,0.0,100.0,5.0,100.0,0.0,83.0,214633907.0,83.0,15134.0,100.0,0.0,100.0,4.0,,,,,100.0,0.0,100.0,0.0,,,74.0,26.0,,,100.0,231.0,100.0,938.0,26.0,26.0,100.0,0.0,100.0,0.0,200.0,0.0,100.0,14947.0,100.0,63351814360.0,100.0,151699958622.0
2019-10-14,ZCH0CEHG,ST12000NM0007,12000138625024,0,80.0,104815208.0,94.0,0.0,100.0,5.0,100.0,0.0,83.0,215988972.0,83.0,15165.0,100.0,0.0,100.0,4.0,,,,,100.0,0.0,100.0,0.0,,,75.0,25.0,,,100.0,232.0,100.0,939.0,25.0,25.0,100.0,0.0,100.0,0.0,200.0,0.0,100.0,14979.0,100.0,63371441888.0,100.0,151821469926.0
2019-10-15,ZCH0CEHG,ST12000NM0007,12000138625024,0,80.0,100364480.0,93.0,0.0,100.0,6.0,100.0,0.0,83.0,220585012.0,83.0,15213.0,100.0,0.0,100.0,5.0,,,,,100.0,0.0,100.0,0.0,,,74.0,26.0,,,100.0,232.0,100.0,942.0,26.0,26.0,100.0,0.0,100.0,0.0,200.0,0.0,100.0,15026.0,100.0,63404572432.0,100.0,152028029354.0
2019-10-16,ZCH0CEHG,ST12000NM0007,12000138625024,0,80.0,100364480.0,93.0,0.0,100.0,6.0,100.0,0.0,83.0,220585012.0,83.0,15213.0,100.0,0.0,100.0,5.0,,,,,100.0,0.0,100.0,0.0,,,74.0,26.0,,,100.0,232.0,100.0,942.0,26.0,26.0,100.0,0.0,100.0,0.0,200.0,0.0,100.0,15026.0,100.0,63404572432.0,100.0,152028029354.0
2019-10-17,ZCH0CEHG,ST12000NM0007,12000138625024,0,84.0,224926896.0,93.0,0.0,100.0,6.0,100.0,0.0,83.0,221568494.0,83.0,15229.0,100.0,0.0,100.0,5.0,,,,,100.0,0.0,100.0,0.0,,,74.0,26.0,,,100.0,232.0,100.0,944.0,26.0,26.0,100.0,0.0,100.0,0.0,200.0,0.0,100.0,15042.0,100.0,63413845576.0,100.0,152143318626.0
2019-10-18,ZCH0CEHG,ST12000NM0007,12000138625024,0,83.0,193992482.0,91.0,0.0,100.0,7.0,100.0,0.0,84.0,226050366.0,83.0,15261.0,100.0,0.0,100.0,6.0,,,,,100.0,0.0,100.0,0.0,,,73.0,27.0,,,100.0,233.0,100.0,948.0,27.0,27.0,100.0,0.0,100.0,0.0,200.0,0.0,100.0,15073.0,100.0,63436350944.0,100.0,152334019644.0
2019-10-19,ZCH0CEHG,ST12000NM0007,12000138625024,0,79.0,77073712.0,91.0,0.0,100.0,7.0,100.0,0.0,84.0,227819586.0,83.0,15292.0,100.0,0.0,100.0,6.0,,,,,100.0,0.0,100.0,0.0,,,73.0,27.0,,,100.0,233.0,100.0,950.0,27.0,27.0,100.0,0.0,100.0,0.0,200.0,0.0,100.0,15104.0,100.0,63458436840.0,100.0,152439156044.0
2019-10-20,ZCH0CEHG,ST12000NM0007,12000138625024,0,82.0,176401058.0,91.0,0.0,100.0,7.0,100.0,0.0,84.0,228980626.0,83.0,15308.0,100.0,0.0,100.0,6.0,,,,,100.0,0.0,100.0,0.0,,,73.0,27.0,,,100.0,233.0,100.0,951.0,27.0,27.0,100.0,0.0,100.0,0.0,200.0,0.0,100.0,15120.0,100.0,63470256288.0,100.0,152526663942.0
2019-10-21,ZCH0CEHG,ST12000NM0007,12000138625024,0,80.0,94010040.0,91.0,0.0,100.0,7.0,100.0,0.0,84.0,231659303.0,83.0,15339.0,100.0,0.0,100.0,6.0,,,,,100.0,0.0,100.0,0.0,,,71.0,29.0,,,100.0,234.0,100.0,952.0,29.0,29.0,100.0,0.0,100.0,0.0,200.0,0.0,100.0,15151.0,100.0,63497737136.0,100.0,152660932718.0
2019-10-22,ZCH0CEHG,ST12000NM0007,12000138625024,0,83.0,209207608.0,91.0,0.0,100.0,7.0,100.0,0.0,84.0,235054386.0,83.0,15355.0,100.0,0.0,100.0,6.0,,,,,100.0,0.0,100.0,0.0,,,72.0,28.0,,,100.0,235.0,100.0,953.0,28.0,28.0,100.0,0.0,100.0,0.0,200.0,0.0,100.0,15167.0,100.0,63516656480.0,100.0,152757210942.0
2019-10-23,ZCH0CEHG,ST12000NM0007,12000138625024,0,81.0,127280264.0,91.0,0.0,100.0,7.0,100.0,0.0,84.0,237073066.0,83.0,15387.0,100.0,0.0,100.0,6.0,,,,,100.0,0.0,100.0,0.0,,,72.0,28.0,,,100.0,235.0,100.0,954.0,28.0,28.0,100.0,0.0,100.0,0.0,200.0,0.0,100.0,15198.0,100.0,63554159624.0,100.0,152881921262.0
2019-10-24,ZCH0CEHG,ST12000NM0007,12000138625024,0,83.0,212394964.0,90.0,0.0,100.0,8.0,100.0,0.0,84.0,238934133.0,83.0,15403.0,100.0,0.0,100.0,7.0,,,,,100.0,0.0,100.0,0.0,,,72.0,28.0,,,100.0,236.0,100.0,957.0,28.0,28.0,100.0,0.0,100.0,0.0,200.0,0.0,100.0,15215.0,100.0,63570057080.0,100.0,152951138506.0
2019-10-25,ZCH0CEHG,ST12000NM0007,12000138625024,0,81.0,132621610.0,90.0,0.0,100.0,8.0,100.0,0.0,84.0,240951150.0,83.0,15435.0,100.0,0.0,100.0,7.0,,,,,100.0,0.0,100.0,0.0,,,72.0,28.0,,,100.0,236.0,100.0,959.0,28.0,28.0,100.0,0.0,100.0,0.0,200.0,0.0,100.0,15246.0,100.0,63608193352.0,100.0,153077369652.0
2019-10-26,ZCH0CEHG,ST12000NM0007,12000138625024,0,83.0,213740962.0,90.0,0.0,100.0,8.0,100.0,0.0,84.0,241989913.0,83.0,15451.0,100.0,0.0,100.0,7.0,,,,,100.0,0.0,100.0,0.0,,,72.0,28.0,,,100.0,236.0,100.0,959.0,28.0,28.0,100.0,0.0,100.0,0.0,200.0,0.0,100.0,15262.0,100.0,63628046736.0,100.0,153138635620.0
2019-10-27,ZCH0CEHG,ST12000NM0007,12000138625024,0,81.0,134257976.0,90.0,0.0,100.0,8.0,100.0,0.0,84.0,244111022.0,83.0,15482.0,100.0,0.0,100.0,7.0,,,,,100.0,0.0,100.0,0.0,,,72.0,28.0,,,100.0,237.0,100.0,961.0,28.0,28.0,100.0,0.0,100.0,0.0,200.0,0.0,100.0,15293.0,100.0,63661565424.0,100.0,153269774948.0
2019-10-28,ZCH0CEHG,ST12000NM0007,12000138625024,0,66.0,3608192.0,90.0,0.0,100.0,8.0,100.0,0.0,84.0,245325005.0,83.0,15498.0,100.0,0.0,100.0,7.0,,,,,100.0,0.0,100.0,0.0,,,72.0,28.0,,,100.0,237.0,100.0,961.0,28.0,28.0,100.0,0.0,100.0,0.0,200.0,0.0,100.0,15309.0,100.0,63679955272.0,100.0,153364875996.0
2019-10-29,ZCH0CEHG,ST12000NM0007,12000138625024,0,81.0,135296376.0,90.0,0.0,100.0,8.0,100.0,0.0,84.0,247344895.0,83.0,15514.0,100.0,0.0,100.0,7.0,,,,,100.0,0.0,100.0,0.0,,,72.0,28.0,,,100.0,238.0,100.0,962.0,28.0,28.0,100.0,0.0,100.0,0.0,200.0,0.0,100.0,15324.0,100.0,63700310504.0,100.0,153476208948.0
2019-10-30,ZCH0CEHG,ST12000NM0007,12000138625024,0,82.0,169716744.0,90.0,0.0,100.0,8.0,100.0,0.0,84.0,251434052.0,83.0,15545.0,100.0,0.0,100.0,7.0,,,,,100.0,0.0,100.0,0.0,,,72.0,28.0,,,100.0,238.0,100.0,963.0,28.0,28.0,100.0,0.0,100.0,0.0,200.0,0.0,100.0,15356.0,100.0,63739433392.0,100.0,153715647100.0
2019-10-31,ZCH0CEHG,ST12000NM0007,12000138625024,0,83.0,184133584.0,90.0,0.0,100.0,8.0,100.0,0.0,84.0,255093248.0,83.0,15577.0,100.0,0.0,100.0,7.0,,,,,100.0,0.0,100.0,0.0,,,71.0,29.0,,,100.0,238.0,100.0,965.0,29.0,29.0,100.0,0.0,100.0,0.0,200.0,0.0,100.0,15387.0,100.0,63778168728.0,100.0,153935469300.0
2019-11-01,ZCH0CEHG,ST12000NM0007,12000138625024,0,79.0,79911408.0,90.0,0.0,100.0,8.0,100.0,0.0,84.0,256398536.0,83.0,15593.0,100.0,0.0,100.0,7.0,,,,,100.0,0.0,100.0,0.0,,,67.0,33.0,,,100.0,238.0,100.0,965.0,33.0,33.0,100.0,0.0,100.0,0.0,200.0,0.0,100.0,15403.0,100.0,63792297784.0,100.0,154061258700.0
2019-11-02,ZCH0CEHG,ST12000NM0007,12000138625024,0,82.0,162312616.0,90.0,0.0,100.0,8.0,100.0,0.0,84.0,259457934.0,83.0,15624.0,100.0,0.0,100.0,7.0,,,,,100.0,0.0,100.0,0.0,,,71.0,29.0,,,100.0,239.0,100.0,967.0,29.0,29.0,100.0,0.0,100.0,0.0,200.0,0.0,100.0,15434.0,100.0,63816752072.0,100.0,154363346780.0
2019-11-03,ZCH0CEHG,ST12000NM0007,12000138625024,0,75.0,28841712.0,90.0,0.0,100.0,8.0,100.0,0.0,84.0,260924825.0,83.0,15640.0,100.0,0.0,100.0,7.0,,,,,100.0,0.0,100.0,0.0,,,68.0,32.0,,,100.0,239.0,100.0,967.0,32.0,32.0,100.0,0.0,100.0,0.0,200.0,0.0,100.0,15450.0,100.0,63844374776.0,100.0,154446393868.0
2019-11-04,ZCH0CEHG,ST12000NM0007,12000138625024,0,80.0,96617664.0,90.0,0.0,100.0,9.0,100.0,0.0,84.0,263734312.0,83.0,15672.0,100.0,0.0,100.0,8.0,,,,,100.0,0.0,100.0,0.0,,,71.0,29.0,,,100.0,240.0,100.0,971.0,29.0,29.0,100.0,0.0,100.0,0.0,200.0,0.0,100.0,15481.0,100.0,63876286256.0,100.0,154726399006.0
2019-11-06,ZCH0CEHG,ST12000NM0007,12000138625024,0,79.0,79167872.0,90.0,0.0,100.0,9.0,100.0,0.0,84.0,269866094.0,83.0,15719.0,100.0,0.0,100.0,8.0,,,,,100.0,0.0,100.0,0.0,,,72.0,28.0,,,100.0,241.0,100.0,973.0,28.0,28.0,100.0,0.0,100.0,0.0,200.0,0.0,100.0,15529.0,100.0,63920450672.0,100.0,155153066134.0
2019-11-07,ZCH0CEHG,ST12000NM0007,12000138625024,0,84.0,237966584.0,90.0,0.0,100.0,9.0,100.0,0.0,84.0,271736118.0,83.0,15735.0,100.0,0.0,100.0,8.0,,,,,100.0,0.0,100.0,0.0,,,72.0,28.0,,,100.0,241.0,100.0,974.0,28.0,28.0,100.0,0.0,100.0,0.0,200.0,0.0,100.0,15544.0,100.0,63938756264.0,100.0,155293559254.0
2019-11-08,ZCH0CEHG,ST12000NM0007,12000138625024,0,78.0,62558256.0,90.0,0.0,100.0,9.0,100.0,0.0,84.0,276238023.0,83.0,15767.0,100.0,0.0,100.0,8.0,,,,,100.0,0.0,100.0,0.0,,,72.0,28.0,,,100.0,242.0,100.0,975.0,28.0,28.0,100.0,0.0,100.0,0.0,200.0,0.0,100.0,15576.0,100.0,63974127424.0,100.0,155571061134.0
2019-11-09,ZCH0CEHG,ST12000NM0007,12000138625024,0,83.0,202298896.0,90.0,0.0,100.0,9.0,100.0,0.0,84.0,278402499.0,82.0,15783.0,100.0,0.0,100.0,8.0,,,,,100.0,0.0,100.0,0.0,,,71.0,29.0,,,100.0,242.0,100.0,976.0,29.0,29.0,100.0,0.0,100.0,0.0,200.0,0.0,100.0,15592.0,100.0,63984725384.0,100.0,155944344566.0
2019-11-10,ZCH0CEHG,ST12000NM0007,12000138625024,0,79.0,76856480.0,90.0,0.0,100.0,9.0,100.0,0.0,85.0,285303629.0,82.0,15814.0,100.0,0.0,100.0,8.0,,,,,100.0,0.0,100.0,0.0,,,70.0,30.0,,,100.0,242.0,100.0,977.0,30.0,30.0,100.0,0.0,100.0,0.0,200.0,0.0,100.0,15623.0,100.0,64006436752.0,100.0,156773753854.0
2019-11-11,ZCH0CEHG,ST12000NM0007,12000138625024,0,83.0,182278568.0,90.0,0.0,100.0,9.0,100.0,0.0,85.0,287988052.0,82.0,15830.0,100.0,0.0,100.0,8.0,,,,,100.0,0.0,100.0,0.0,,,70.0,30.0,,,100.0,242.0,100.0,978.0,30.0,30.0,100.0,0.0,100.0,0.0,200.0,0.0,100.0,15639.0,100.0,64016851840.0,100.0,157112901606.0
2019-11-12,ZCH0CEHG,ST12000NM0007,12000138625024,0,84.0,241077840.0,90.0,0.0,100.0,9.0,100.0,0.0,85.0,295752777.0,82.0,15862.0,100.0,0.0,100.0,8.0,,,,,100.0,0.0,100.0,0.0,,,70.0,30.0,,,100.0,243.0,100.0,979.0,30.0,30.0,100.0,0.0,100.0,0.0,200.0,0.0,100.0,15671.0,100.0,64044711640.0,100.0,157876263278.0
2019-11-13,ZCH0CEHG,ST12000NM0007,12000138625024,0,83.0,180661408.0,90.0,0.0,100.0,9.0,100.0,0.0,85.0,301427318.0,82.0,15893.0,100.0,0.0,100.0,8.0,,,,,100.0,0.0,100.0,0.0,,,70.0,30.0,,,100.0,243.0,100.0,981.0,30.0,30.0,100.0,0.0,100.0,0.0,200.0,0.0,100.0,15702.0,100.0,64080202448.0,100.0,158756919294.0
2019-11-14,ZCH0CEHG,ST12000NM0007,12000138625024,0,82.0,174957296.0,90.0,0.0,100.0,9.0,100.0,0.0,85.0,304853585.0,82.0,15909.0,100.0,0.0,100.0,8.0,,,,,100.0,0.0,100.0,0.0,,,70.0,30.0,,,100.0,243.0,100.0,981.0,30.0,30.0,100.0,0.0,100.0,0.0,200.0,0.0,100.0,15718.0,100.0,64100797376.0,100.0,158974760950.0
2019-11-15,ZCH0CEHG,ST12000NM0007,12000138625024,0,83.0,203404112.0,90.0,0.0,100.0,9.0,100.0,0.0,85.0,307942945.0,82.0,15925.0,100.0,0.0,100.0,8.0,,,,,100.0,0.0,100.0,0.0,,,71.0,29.0,,,100.0,244.0,100.0,982.0,29.0,29.0,100.0,0.0,100.0,0.0,200.0,0.0,100.0,15734.0,100.0,64125600288.0,100.0,159222545534.0
2019-11-16,ZCH0CEHG,ST12000NM0007,12000138625024,0,71.0,11596938.0,89.0,0.0,100.0,10.0,100.0,0.0,85.0,314781883.0,82.0,15957.0,100.0,0.0,100.0,9.0,,,,,100.0,0.0,100.0,0.0,,,71.0,29.0,,,100.0,244.0,100.0,986.0,29.0,29.0,100.0,0.0,100.0,0.0,200.0,0.0,100.0,15765.0,100.0,64151692144.0,100.0,160225349848.0
2019-11-17,ZCH0CEHG,ST12000NM0007,12000138625024,0,80.0,100142568.0,89.0,0.0,100.0,10.0,100.0,0.0,85.0,317157612.0,82.0,15973.0,100.0,0.0,100.0,9.0,,,,,100.0,0.0,100.0,0.0,,,70.0,30.0,,,100.0,244.0,100.0,986.0,30.0,30.0,100.0,0.0,100.0,0.0,200.0,0.0,100.0,15781.0,100.0,64170816448.0,100.0,160538911800.0
2019-11-18,ZCH0CEHG,ST12000NM0007,12000138625024,0,82.0,157356328.0,89.0,0.0,100.0,10.0,100.0,0.0,85.0,322858463.0,82.0,16005.0,100.0,0.0,100.0,9.0,,,,,100.0,0.0,100.0,0.0,,,70.0,30.0,,,100.0,244.0,100.0,987.0,30.0,30.0,100.0,0.0,100.0,0.0,200.0,0.0,100.0,15813.0,100.0,64206649880.0,100.0,161292714168.0
2019-11-19,ZCH0CEHG,ST12000NM0007,12000138625024,0,81.0,133772568.0,89.0,0.0,100.0,10.0,100.0,0.0,85.0,327191582.0,82.0,16021.0,100.0,0.0,100.0,9.0,,,,,100.0,0.0,100.0,0.0,,,70.0,30.0,,,100.0,244.0,100.0,988.0,30.0,30.0,100.0,0.0,100.0,0.0,200.0,0.0,100.0,15828.0,100.0,64224196464.0,100.0,161739865176.0
2019-11-20,ZCH0CEHG,ST12000NM0007,12000138625024,0,66.0,3631816.0,89.0,0.0,100.0,11.0,100.0,0.0,85.0,334551009.0,82.0,16052.0,100.0,0.0,100.0,10.0,,,,,100.0,0.0,100.0,0.0,,,70.0,30.0,,,100.0,244.0,100.0,990.0,30.0,30.0,100.0,0.0,100.0,0.0,200.0,0.0,100.0,15860.0,100.0,64261088056.0,100.0,162549395492.0
2019-11-21,ZCH0CEHG,ST12000NM0007,12000138625024,0,82.0,167007856.0,89.0,0.0,100.0,11.0,100.0,0.0,85.0,337241309.0,82.0,16068.0,100.0,0.0,100.0,10.0,,,,,100.0,0.0,100.0,0.0,,,70.0,30.0,,,100.0,244.0,100.0,990.0,30.0,30.0,100.0,0.0,100.0,0.0,200.0,0.0,100.0,15876.0,100.0,64272730096.0,100.0,162945270164.0
2019-11-22,ZCH0CEHG,ST12000NM0007,12000138625024,0,82.0,164329128.0,89.0,0.0,100.0,11.0,100.0,0.0,85.0,345036789.0,82.0,16100.0,100.0,0.0,100.0,10.0,,,,,100.0,0.0,100.0,0.0,,,70.0,30.0,,,100.0,245.0,100.0,992.0,30.0,30.0,100.0,0.0,100.0,0.0,200.0,0.0,100.0,15908.0,100.0,64309111440.0,100.0,163638632284.0
2019-11-23,ZCH0CEHG,ST12000NM0007,12000138625024,0,82.0,163624800.0,89.0,0.0,100.0,11.0,100.0,0.0,85.0,348163481.0,82.0,16116.0,100.0,0.0,100.0,10.0,,,,,100.0,0.0,100.0,0.0,,,70.0,30.0,,,100.0,245.0,100.0,992.0,30.0,30.0,100.0,0.0,100.0,0.0,200.0,0.0,100.0,15924.0,100.0,64314306656.0,100.0,164121014052.0
2019-11-24,ZCH0CEHG,ST12000NM0007,12000138625024,0,80.0,107000848.0,89.0,0.0,100.0,11.0,100.0,0.0,86.0,356179009.0,82.0,16148.0,100.0,0.0,100.0,10.0,,,,,100.0,0.0,100.0,0.0,,,71.0,29.0,,,100.0,245.0,100.0,993.0,29.0,29.0,100.0,0.0,100.0,0.0,200.0,0.0,100.0,15955.0,100.0,64314720480.0,100.0,165284680156.0
2019-11-25,ZCH0CEHG,ST12000NM0007,12000138625024,0,79.0,75073976.0,89.0,0.0,100.0,11.0,100.0,0.0,86.0,360008553.0,82.0,16164.0,100.0,0.0,100.0,10.0,,,,,100.0,0.0,100.0,0.0,,,71.0,29.0,,,100.0,245.0,100.0,994.0,29.0,29.0,100.0,0.0,100.0,0.0,200.0,0.0,100.0,15971.0,100.0,64317565672.0,100.0,165738189564.0
2019-11-26,ZCH0CEHG,ST12000NM0007,12000138625024,0,80.0,111027136.0,89.0,0.0,100.0,11.0,100.0,0.0,86.0,369166099.0,82.0,16195.0,100.0,0.0,100.0,10.0,,,,,100.0,0.0,100.0,0.0,,,71.0,29.0,,,100.0,245.0,100.0,995.0,29.0,29.0,100.0,0.0,100.0,0.0,200.0,0.0,100.0,16003.0,100.0,64324419496.0,100.0,166499711212.0
2019-11-27,ZCH0CEHG,ST12000NM0007,12000138625024,0,82.0,146001728.0,89.0,0.0,100.0,11.0,100.0,0.0,86.0,372226247.0,82.0,16211.0,100.0,0.0,100.0,10.0,,,,,100.0,0.0,100.0,0.0,,,71.0,29.0,,,100.0,246.0,100.0,996.0,29.0,29.0,100.0,0.0,100.0,0.0,200.0,0.0,100.0,16019.0,100.0,64324609584.0,100.0,166778636412.0
2019-11-28,ZCH0CEHG,ST12000NM0007,12000138625024,0,75.0,29138752.0,89.0,0.0,100.0,11.0,100.0,0.0,86.0,379039936.0,82.0,16243.0,100.0,0.0,100.0,10.0,,,,,100.0,0.0,100.0,0.0,,,72.0,28.0,,,100.0,246.0,100.0,997.0,28.0,28.0,100.0,0.0,100.0,0.0,200.0,0.0,100.0,16050.0,100.0,64324932448.0,100.0,167393872852.0
2019-11-29,ZCH0CEHG,ST12000NM0007,12000138625024,0,82.0,150535944.0,89.0,0.0,100.0,12.0,100.0,0.0,86.0,383853677.0,82.0,16275.0,100.0,0.0,100.0,11.0,,,,,100.0,0.0,100.0,0.0,,,71.0,29.0,,,100.0,247.0,100.0,1000.0,29.0,29.0,100.0,0.0,100.0,0.0,200.0,0.0,100.0,16082.0,100.0,64325239560.0,100.0,167759103576.0
2019-11-30,ZCH0CEHG,ST12000NM0007,12000138625024,0,77.0,52721488.0,89.0,0.0,100.0,12.0,100.0,0.0,86.0,385782596.0,82.0,16291.0,100.0,0.0,100.0,11.0,,,,,100.0,0.0,100.0,0.0,,,71.0,29.0,,,100.0,247.0,100.0,1000.0,29.0,29.0,100.0,0.0,100.0,0.0,200.0,0.0,100.0,16097.0,100.0,64325422352.0,100.0,167905247056.0
2019-12-01,ZCH0CEHG,ST12000NM0007,12000138625024,0,82.0,141680816.0,89.0,0.0,100.0,12.0,100.0,0.0,86.0,389088870.0,82.0,16322.0,100.0,0.0,100.0,11.0,,,,,100.0,0.0,100.0,0.0,,,72.0,28.0,,,100.0,248.0,100.0,1002.0,28.0,28.0,100.0,0.0,100.0,0.0,200.0,0.0,100.0,16129.0,100.0,64325788488.0,100.0,168237981040.0
2019-12-02,ZCH0CEHG,ST12000NM0007,12000138625024,0,84.0,239193552.0,89.0,0.0,100.0,12.0,100.0,0.0,86.0,389592669.0,82.0,16338.0,100.0,0.0,100.0,11.0,,,,,100.0,0.0,100.0,0.0,,,72.0,28.0,,,100.0,248.0,100.0,1002.0,28.0,28.0,100.0,0.0,100.0,0.0,200.0,0.0,100.0,16145.0,100.0,64325969952.0,100.0,168335312312.0
2019-12-03,ZCH0CEHG,ST12000NM0007,12000138625024,0,83.0,203800992.0,89.0,0.0,100.0,12.0,100.0,0.0,86.0,393146645.0,82.0,16370.0,100.0,0.0,100.0,11.0,,,,,100.0,0.0,100.0,0.0,,,71.0,29.0,,,100.0,250.0,100.0,1004.0,29.0,29.0,100.0,0.0,100.0,0.0,200.0,0.0,100.0,16176.0,100.0,64326337864.0,100.0,168543692496.0
2019-12-04,ZCH0CEHG,ST12000NM0007,12000138625024,0,81.0,118717176.0,89.0,0.0,100.0,12.0,100.0,0.0,86.0,393856895.0,82.0,16386.0,100.0,0.0,100.0,11.0,,,,,100.0,0.0,100.0,0.0,,,71.0,29.0,,,100.0,250.0,100.0,1004.0,29.0,29.0,100.0,0.0,100.0,0.0,200.0,0.0,100.0,16192.0,100.0,64326519000.0,100.0,168702568400.0
2019-12-05,ZCH0CEHG,ST12000NM0007,12000138625024,0,80.0,94749496.0,89.0,0.0,100.0,12.0,100.0,0.0,86.0,397252170.0,82.0,16417.0,100.0,0.0,100.0,11.0,,,,,100.0,0.0,100.0,0.0,,,72.0,28.0,,,100.0,250.0,100.0,1006.0,28.0,28.0,100.0,0.0,100.0,0.0,200.0,0.0,100.0,16223.0,100.0,64326778256.0,100.0,168922482264.0
2019-12-06,ZCH0CEHG,ST12000NM0007,12000138625024,0,83.0,207342624.0,89.0,0.0,100.0,12.0,100.0,0.0,86.0,397804658.0,82.0,16433.0,100.0,0.0,100.0,11.0,,,,,100.0,0.0,100.0,0.0,,,72.0,28.0,,,100.0,250.0,100.0,1006.0,28.0,28.0,100.0,0.0,100.0,0.0,200.0,0.0,100.0,16239.0,100.0,64326961176.0,100.0,169034892472.0
2019-12-07,ZCH0CEHG,ST12000NM0007,12000138625024,0,83.0,195399696.0,89.0,0.0,100.0,12.0,100.0,0.0,86.0,399329981.0,82.0,16465.0,100.0,0.0,100.0,11.0,,,,,100.0,0.0,100.0,0.0,,,71.0,29.0,,,100.0,251.0,100.0,1008.0,29.0,29.0,100.0,0.0,100.0,0.0,200.0,0.0,100.0,16271.0,100.0,64327325176.0,100.0,169266726240.0
2019-12-08,ZCH0CEHG,ST12000NM0007,12000138625024,0,82.0,142864120.0,89.0,0.0,100.0,12.0,100.0,0.0,86.0,400584759.0,82.0,16481.0,100.0,0.0,100.0,11.0,,,,,100.0,0.0,100.0,0.0,,,71.0,29.0,,,100.0,251.0,100.0,1008.0,29.0,29.0,100.0,0.0,100.0,0.0,200.0,0.0,100.0,16287.0,100.0,64327499792.0,100.0,169458156824.0
2019-12-09,ZCH0CEHG,ST12000NM0007,12000138625024,0,79.0,78855528.0,89.0,0.0,100.0,12.0,100.0,0.0,86.0,401682234.0,82.0,16512.0,100.0,0.0,100.0,11.0,,,,,100.0,0.0,100.0,0.0,,,72.0,28.0,,,100.0,253.0,100.0,1010.0,28.0,28.0,100.0,0.0,100.0,0.0,200.0,0.0,100.0,16318.0,100.0,64327861448.0,100.0,169637927512.0
2019-12-10,ZCH0CEHG,ST12000NM0007,12000138625024,0,83.0,202749992.0,89.0,0.0,100.0,12.0,100.0,0.0,86.0,404681492.0,82.0,16528.0,100.0,0.0,100.0,11.0,,,,,100.0,0.0,100.0,0.0,,,72.0,28.0,,,100.0,253.0,100.0,1010.0,28.0,28.0,100.0,0.0,100.0,0.0,200.0,0.0,100.0,16334.0,100.0,64328041944.0,100.0,169761641480.0
2019-12-11,ZCH0CEHG,ST12000NM0007,12000138625024,0,73.0,20374456.0,89.0,0.0,100.0,12.0,100.0,0.0,86.0,406068392.0,82.0,16559.0,100.0,0.0,100.0,11.0,,,,,100.0,0.0,100.0,0.0,,,71.0,29.0,,,100.0,253.0,100.0,1011.0,29.0,29.0,100.0,0.0,100.0,0.0,200.0,0.0,100.0,16365.0,100.0,64328401712.0,100.0,170067187728.0
2019-12-12,ZCH0CEHG,ST12000NM0007,12000138625024,0,83.0,192775816.0,89.0,0.0,100.0,12.0,100.0,0.0,86.0,409312995.0,82.0,16591.0,100.0,0.0,100.0,11.0,,,,,100.0,0.0,100.0,0.0,,,73.0,27.0,,,100.0,253.0,100.0,1014.0,27.0,27.0,100.0,0.0,100.0,0.0,200.0,0.0,100.0,16396.0,100.0,64328657360.0,100.0,170239333448.0
2019-12-13,ZCH0CEHG,ST12000NM0007,12000138625024,0,75.0,33516808.0,89.0,0.0,100.0,12.0,100.0,0.0,86.0,409756081.0,82.0,16607.0,100.0,0.0,100.0,11.0,,,,,100.0,0.0,100.0,0.0,,,73.0,27.0,,,100.0,253.0,100.0,1014.0,27.0,27.0,100.0,0.0,100.0,0.0,200.0,0.0,100.0,16412.0,100.0,64328833968.0,100.0,170324038552.0
2019-12-14,ZCH0CEHG,ST12000NM0007,12000138625024,0,79.0,82019624.0,89.0,0.0,100.0,12.0,100.0,0.0,86.0,411116398.0,82.0,16638.0,100.0,0.0,100.0,11.0,,,,,100.0,0.0,100.0,0.0,,,73.0,27.0,,,100.0,254.0,100.0,1016.0,27.0,27.0,100.0,0.0,100.0,0.0,200.0,0.0,100.0,16443.0,100.0,64329185376.0,100.0,170616330696.0
2019-12-15,ZCH0CEHG,ST12000NM0007,12000138625024,0,83.0,185341992.0,89.0,0.0,100.0,12.0,100.0,0.0,86.0,411634661.0,81.0,16654.0,100.0,0.0,100.0,11.0,,,,,100.0,0.0,100.0,0.0,,,72.0,28.0,,,100.0,254.0,100.0,1016.0,28.0,28.0,100.0,0.0,100.0,0.0,200.0,0.0,100.0,16459.0,100.0,64329359168.0,100.0,170719479272.0
2019-12-16,ZCH0CEHG,ST12000NM0007,12000138625024,0,81.0,135935568.0,89.0,0.0,100.0,12.0,100.0,0.0,86.0,413381899.0,81.0,16685.0,100.0,0.0,100.0,11.0,,,,,100.0,0.0,100.0,0.0,,,72.0,28.0,,,100.0,254.0,100.0,1018.0,28.0,28.0,100.0,0.0,100.0,0.0,200.0,0.0,100.0,16490.0,100.0,64329709856.0,100.0,170913863312.0
2019-12-17,ZCH0CEHG,ST12000NM0007,12000138625024,0,75.0,32632536.0,89.0,0.0,100.0,12.0,100.0,0.0,86.0,415839937.0,81.0,16701.0,100.0,0.0,100.0,11.0,,,,,100.0,0.0,100.0,0.0,,,73.0,27.0,,,100.0,254.0,100.0,1018.0,27.0,27.0,100.0,0.0,100.0,0.0,200.0,0.0,100.0,16505.0,100.0,64329884384.0,100.0,171054526464.0
2019-12-18,ZCH0CEHG,ST12000NM0007,12000138625024,0,82.0,177815328.0,89.0,0.0,100.0,12.0,100.0,0.0,86.0,416532613.0,81.0,16716.0,100.0,0.0,100.0,11.0,,,,,100.0,0.0,100.0,0.0,,,73.0,27.0,,,100.0,254.0,100.0,1019.0,27.0,27.0,100.0,0.0,100.0,0.0,200.0,0.0,100.0,16521.0,100.0,64330060248.0,100.0,171199533392.0
2019-12-19,ZCH0CEHG,ST12000NM0007,12000138625024,0,79.0,84342074.0,89.0,0.0,100.0,12.0,100.0,0.0,86.0,417387713.0,81.0,16748.0,100.0,0.0,100.0,11.0,,,,,100.0,0.0,100.0,0.0,,,73.0,27.0,,,100.0,255.0,100.0,1021.0,27.0,27.0,100.0,0.0,100.0,0.0,200.0,0.0,100.0,16552.0,100.0,64330407024.0,100.0,171349854138.0
2019-12-20,ZCH0CEHG,ST12000NM0007,12000138625024,0,82.0,158366082.0,89.0,0.0,100.0,12.0,100.0,0.0,86.0,417819303.0,81.0,16763.0,100.0,0.0,100.0,11.0,,,,,100.0,0.0,100.0,0.0,,,73.0,27.0,,,100.0,255.0,100.0,1021.0,27.0,27.0,100.0,0.0,100.0,0.0,200.0,0.0,100.0,16568.0,100.0,64330577288.0,100.0,171423707882.0
2019-12-21,ZCH0CEHG,ST12000NM0007,12000138625024,0,83.0,181280336.0,89.0,0.0,100.0,12.0,100.0,0.0,86.0,419315833.0,81.0,16795.0,100.0,0.0,100.0,11.0,,,,,100.0,0.0,100.0,0.0,,,73.0,27.0,,,100.0,256.0,100.0,1022.0,27.0,27.0,100.0,0.0,100.0,0.0,200.0,0.0,100.0,16599.0,100.0,64330919672.0,100.0,171690420610.0
2019-12-22,ZCH0CEHG,ST12000NM0007,12000138625024,0,70.0,11001712.0,89.0,0.0,100.0,12.0,100.0,0.0,86.0,419780197.0,81.0,16811.0,100.0,0.0,100.0,11.0,,,,,100.0,0.0,100.0,0.0,,,73.0,27.0,,,100.0,257.0,100.0,1023.0,27.0,27.0,100.0,0.0,100.0,0.0,200.0,0.0,100.0,16615.0,100.0,64331094592.0,100.0,171764107706.0
2019-12-23,ZCH0CEHG,ST12000NM0007,12000138625024,0,83.0,180821784.0,89.0,0.0,100.0,12.0,100.0,0.0,86.0,420831465.0,81.0,16842.0,100.0,0.0,100.0,11.0,,,,,100.0,0.0,100.0,0.0,,,73.0,27.0,,,100.0,258.0,100.0,1024.0,27.0,27.0,100.0,0.0,100.0,0.0,200.0,0.0,100.0,16646.0,100.0,64331441408.0,100.0,171933580962.0
2019-12-24,ZCH0CEHG,ST12000NM0007,12000138625024,0,83.0,216734776.0,89.0,0.0,100.0,12.0,100.0,0.0,86.0,422318784.0,81.0,16873.0,100.0,0.0,100.0,11.0,,,,,100.0,0.0,100.0,0.0,,,73.0,27.0,,,100.0,259.0,100.0,1026.0,27.0,27.0,100.0,0.0,100.0,0.0,200.0,0.0,100.0,16677.0,100.0,64331793344.0,100.0,172213282770.0
2019-12-25,ZCH0CEHG,ST12000NM0007,12000138625024,0,77.0,47569160.0,89.0,0.0,100.0,12.0,100.0,0.0,86.0,422810232.0,81.0,16889.0,100.0,0.0,100.0,11.0,,,,,100.0,0.0,100.0,0.0,,,73.0,27.0,,,100.0,259.0,100.0,1026.0,27.0,27.0,100.0,0.0,100.0,0.0,200.0,0.0,100.0,16693.0,100.0,64332957872.0,100.0,172287093402.0
2019-12-26,ZCH0CEHG,ST12000NM0007,12000138625024,0,84.0,227754432.0,89.0,0.0,100.0,12.0,100.0,0.0,86.0,424058015.0,81.0,16920.0,100.0,0.0,100.0,11.0,,,,,100.0,0.0,100.0,0.0,,,73.0,27.0,,,100.0,260.0,100.0,1028.0,27.0,27.0,100.0,0.0,100.0,0.0,200.0,0.0,100.0,16724.0,100.0,64336028472.0,100.0,172464208074.0
2019-12-27,ZCH0CEHG,ST12000NM0007,12000138625024,0,81.0,136672896.0,89.0,0.0,100.0,12.0,100.0,0.0,86.0,424888015.0,81.0,16936.0,100.0,0.0,100.0,11.0,,,,,100.0,0.0,100.0,0.0,,,73.0,27.0,,,100.0,260.0,100.0,1028.0,27.0,27.0,100.0,0.0,100.0,0.0,200.0,0.0,100.0,16740.0,100.0,64336239560.0,100.0,172617056298.0
2019-12-28,ZCH0CEHG,ST12000NM0007,12000138625024,0,78.0,69410024.0,89.0,0.0,100.0,12.0,100.0,0.0,86.0,426071127.0,81.0,16968.0,100.0,0.0,100.0,11.0,,,,,100.0,0.0,100.0,0.0,,,73.0,27.0,,,100.0,262.0,100.0,1030.0,27.0,27.0,100.0,0.0,100.0,0.0,200.0,0.0,100.0,16771.0,100.0,64340751128.0,100.0,172789422522.0
2019-12-29,ZCH0CEHG,ST12000NM0007,12000138625024,0,84.0,242518736.0,89.0,0.0,100.0,12.0,100.0,0.0,86.0,426945174.0,81.0,16983.0,100.0,0.0,100.0,11.0,,,,,100.0,0.0,100.0,0.0,,,73.0,27.0,,,100.0,262.0,100.0,1030.0,27.0,27.0,100.0,0.0,100.0,0.0,200.0,0.0,100.0,16787.0,100.0,64341296584.0,100.0,172961985778.0
2019-12-30,ZCH0CEHG,ST12000NM0007,12000138625024,0,79.0,82640896.0,89.0,0.0,100.0,12.0,100.0,0.0,86.0,428591452.0,81.0,17015.0,100.0,0.0,100.0,11.0,,,,,100.0,0.0,100.0,0.0,,,73.0,27.0,,,100.0,263.0,100.0,1032.0,27.0,27.0,100.0,0.0,100.0,0.0,200.0,0.0,100.0,16818.0,100.0,64341715704.0,100.0,173289970490.0
2019-12-31,ZCH0CEHG,ST12000NM0007,12000138625024,0,84.0,235313744.0,89.0,0.0,100.0,12.0,100.0,0.0,86.0,429403751.0,81.0,17030.0,100.0,0.0,100.0,11.0,,,,,100.0,0.0,100.0,0.0,,,73.0,27.0,,,100.0,263.0,100.0,1032.0,27.0,27.0,100.0,0.0,100.0,0.0,200.0,0.0,100.0,16834.0,100.0,64341938872.0,100.0,173442420170.0
