2019-01-01,ZJV10RNN,ST12000NM0007,12000138625024,0,80,89554944,95.0,0.0,100.0,4.0,100.0,0.0,83.0,182396530.0,98,1850,100.0,0.0,100,4,,,,,100.0,0.0,100.0,0.0,,,72.0,28.0,,,100.0,21.0,100.0,756.0,28,28,100.0,0.0,100.0,0.0,200.0,0.0,100.0,1555.0,100.0,15438548776.0,100.0,13947953108.0
2019-01-02,ZJV10RNN,ST12000NM0007,12000138625024,0,78,58266960,95.0,0.0,100.0,4.0,100.0,0.0,83.0,185969167.0,98,1873,100.0,0.0,100,4,,,,,100.0,0.0,100.0,0.0,,,72.0,28.0,,,100.0,21.0,100.0,756.0,28,28,100.0,0.0,100.0,0.0,200.0,0.0,100.0,1577.0,100.0,15702985744.0,100.0,14140509612.0
2019-01-03,ZJV10RNN,ST12000NM0007,12000138625024,0,80.0,101228568.0,95.0,0.0,100.0,4.0,100.0,0.0,83.0,189850110.0,98.0,1898.0,100.0,0.0,100.0,4.0,,,,,100.0,0.0,100.0,0.0,,,72.0,28.0,,,100.0,21.0,100.0,758.0,28.0,28.0,100.0,0.0,100.0,0.0,200.0,0.0,100.0,1602.0,100.0,15998295456.0,100.0,14376443140.0
2019-01-04,ZJV10RNN,ST12000NM0007,12000138625024,0,82,147680992,95.0,0.0,100.0,4.0,100.0,0.0,83.0,193619293.0,98,1922,100.0,0.0,100,4,,,,,100.0,0.0,100.0,0.0,,,72.0,28.0,,,100.0,21.0,100.0,759.0,28,28,100.0,0.0,100.0,0.0,200.0,0.0,100.0,1626.0,100.0,16305995000.0,100.0,14603477364.0
2019-01-05,ZJV10RNN,ST12000NM0007,12000138625024,0,82,169158560,95.0,0.0,100.0,4.0,100.0,0.0,83.0,197306122.0,98,1945,100.0,0.0,100,4,,,,,100.0,0.0,100.0,0.0,,,72.0,28.0,,,100.0,21.0,100.0,760.0,28,28,100.0,0.0,100.0,0.0,200.0,0.0,100.0,1649.0,100.0,16586190856.0,100.0,14833040372.0
2019-01-06,ZJV10RNN,ST12000NM0007,12000138625024,0,83,193103000,95.0,0.0,100.0,4.0,100.0,0.0,83.0,201061685.0,98,1969,100.0,0.0,100,4,,,,,100.0,0.0,100.0,0.0,,,72.0,28.0,,,100.0,21.0,100.0,761.0,28,28,100.0,0.0,100.0,0.0,200.0,0.0,100.0,1673.0,100.0,16837605832.0,100.0,15093851412.0
2019-01-07,ZJV10RNN,ST12000NM0007,12000138625024,0,78,67624136,95.0,0.0,100.0,4.0,100.0,0.0,83.0,205041757.0,98,1994,100.0,0.0,100,4,,,,,100.0,0.0,100.0,0.0,,,72.0,28.0,,,100.0,21.0,100.0,762.0,28,28,100.0,0.0,100.0,0.0,200.0,0.0,100.0,1698.0,100.0,17135481608.0,100.0,15402918780.0
2019-01-08,ZJV10RNN,ST12000NM0007,12000138625024,0,81,132986216,95.0,0.0,100.0,4.0,100.0,0.0,83.0,208750225.0,98,2017,100.0,0.0,100,4,,,,,100.0,0.0,100.0,0.0,,,71.0,29.0,,,100.0,21.0,100.0,763.0,29,29,100.0,0.0,100.0,0.0,200.0,0.0,100.0,1721.0,100.0,17398188976.0,100.0,15693855116.0
2019-01-09,ZJV10RNN,ST12000NM0007,12000138625024,0,83,213418752,95.0,0.0,100.0,4.0,100.0,0.0,83.0,212684493.0,98,2042,100.0,0.0,100,4,,,,,100.0,0.0,100.0,0.0,,,71.0,29.0,,,100.0,21.0,100.0,764.0,29,29,100.0,0.0,100.0,0.0,200.0,0.0,100.0,1746.0,100.0,17647869008.0,100.0,16012889172.0
2019-01-10,ZJV10RNN,ST12000NM0007,12000138625024,0,79,71736824,95.0,0.0,100.0,4.0,100.0,0.0,83.0,216597594.0,98,2068,100.0,0.0,100,4,,,,,100.0,0.0,100.0,0.0,,,72.0,28.0,,,100.0,21.0,100.0,765.0,28,28,100.0,0.0,100.0,0.0,200.0,0.0,100.0,1772.0,100.0,17892768632.0,100.0,16358729756.0
2019-01-11,ZJV10RNN,ST12000NM0007,12000138625024,0,80.0,92544256.0,95.0,0.0,100.0,4.0,100.0,0.0,83.0,218669477.0,98.0,2084.0,100.0,0.0,100.0,4.0,,,,,100.0,0.0,100.0,0.0,,,72.0,28.0,,,100.0,21.0,100.0,765.0,28.0,28.0,100.0,0.0,100.0,0.0,200.0,0.0,100.0,1788.0,100.0,18008877304.0,100.0,16507569300.0
2019-01-12,ZJV10RNN,ST12000NM0007,12000138625024,0,81,125132568,95.0,0.0,100.0,4.0,100.0,0.0,83.0,220822647.0,98,2100,100.0,0.0,100,4,,,,,100.0,0.0,100.0,0.0,,,72.0,28.0,,,100.0,21.0,100.0,766.0,28,28,100.0,0.0,100.0,0.0,200.0,0.0,100.0,1803.0,100.0,18157312600.0,100.0,16635863124.0
2019-01-13,ZJV10RNN,ST12000NM0007,12000138625024,0,76,41572776,95.0,0.0,100.0,4.0,100.0,0.0,84.0,225658509.0,98,2132,100.0,0.0,100,4,,,,,100.0,0.0,100.0,0.0,,,72.0,28.0,,,100.0,21.0,100.0,767.0,28,28,100.0,0.0,100.0,0.0,200.0,0.0,100.0,1835.0,100.0,18529543248.0,100.0,16912495212.0
2019-01-14,ZJV10RNN,ST12000NM0007,12000138625024,0,81,133809960,95.0,0.0,100.0,4.0,100.0,0.0,84.0,228151879.0,98,2148,100.0,0.0,100,4,,,,,100.0,0.0,100.0,0.0,,,72.0,28.0,,,100.0,21.0,100.0,768.0,28,28,100.0,0.0,100.0,0.0,200.0,0.0,100.0,1851.0,100.0,18712879664.0,100.0,17065536868.0
2019-01-15,ZJV10RNN,ST12000NM0007,12000138625024,0,100.0,399872.0,95.0,0.0,100.0,4.0,100.0,0.0,84.0,232976468.0,98.0,2179.0,100.0,0.0,100.0,4.0,,,,,100.0,0.0,100.0,0.0,,,72.0,28.0,,,100.0,21.0,100.0,769.0,28.0,28.0,100.0,0.0,100.0,0.0,200.0,0.0,100.0,1882.0,100.0,19007231992.0,100.0,17370196508.0
2019-01-16,ZJV10RNN,ST12000NM0007,12000138625024,0,79,89079168,95.0,0.0,100.0,4.0,100.0,0.0,84.0,235435909.0,98,2195,100.0,0.0,100,4,,,,,100.0,0.0,100.0,0.0,,,72.0,28.0,,,100,21,100.0,770.0,28,28,100.0,0.0,100.0,0.0,200.0,0.0,100.0,1898.0,100.0,19201409816.0,100.0,17508838692.0
2019-01-17,ZJV10RNN,ST12000NM0007,12000138625024,0,84,240484800,95.0,0.0,100.0,4.0,100.0,0.0,84.0,240381239.0,98,2227,100.0,0.0,100,4,,,,,100.0,0.0,100.0,0.0,,,72.0,28.0,,,100,21,100.0,771.0,28,28,100.0,0.0,100.0,0.0,200.0,0.0,100.0,1930.0,100.0,19571767936.0,100.0,17778167724.0
2019-01-18,ZJV10RNN,ST12000NM0007,12000138625024,0,81,113852208,95.0,0.0,100.0,4.0,100.0,0.0,84.0,243044690.0,98,2243,100.0,0.0,100,4,,,,,100.0,0.0,100.0,0.0,,,72.0,28.0,,,100,21,100.0,772.0,28,28,100.0,0.0,100.0,0.0,200.0,0.0,100.0,1945.0,100.0,19779948160.0,100.0,17931636684.0
2019-01-19,ZJV10RNN,ST12000NM0007,12000138625024,0,74,27741104,95.0,0.0,100.0,4.0,100.0,0.0,84.0,248114896.0,98,2274,100.0,0.0,100,4,,,,,100.0,0.0,100.0,0.0,,,72.0,28.0,,,100,21,100.0,773.0,28,28,100.0,0.0,100.0,0.0,200.0,0.0,100.0,1977.0,100.0,20129567520.0,100.0,18228328460.0
2019-01-20,ZJV10RNN,ST12000NM0007,12000138625024,0,81,125542392,95.0,0.0,100.0,4.0,100.0,0.0,84.0,250819891.0,98,2290,100.0,0.0,100,4,,,,,100.0,0.0,100.0,0.0,,,72.0,28.0,,,100,21,100.0,774.0,28,28,100.0,0.0,100.0,0.0,200.0,0.0,100.0,1993.0,100.0,20336617120.0,100.0,18363221076.0
2019-01-21,ZJV10RNN,ST12000NM0007,12000138625024,0,83,183102192,95.0,0.0,100.0,4.0,100.0,0.0,84.0,254844441.0,98,2322,100.0,0.0,100,4,,,,,100.0,0.0,100.0,0.0,,,72.0,28.0,,,100,22,100.0,775.0,28,28,100.0,0.0,100.0,0.0,200.0,0.0,100.0,2025.0,100.0,20598915240.0,100.0,18646764364.0
2019-01-22,ZJV10RNN,ST12000NM0007,12000138625024,0,83.0,211304416.0,95.0,0.0,100.0,4.0,100.0,0.0,84.0,260114376.0,98.0,2354.0,100.0,0.0,100.0,4.0,,,,,100.0,0.0,100.0,0.0,,,72.0,28.0,,,100.0,22.0,100.0,777.0,28.0,28.0,100.0,0.0,100.0,0.0,200.0,0.0,100.0,2056.0,100.0,21064511368.0,100.0,18941793212.0
2019-01-23,ZJV10RNN,ST12000NM0007,12000138625024,0,81.0,115664256.0,95.0,0.0,100.0,4.0,100.0,0.0,84.0,262861087.0,98.0,2369.0,100.0,0.0,100.0,4.0,,,,,100.0,0.0,100.0,0.0,,,73.0,27.0,,,100.0,22.0,100.0,777.0,27.0,27.0,100.0,0.0,100.0,0.0,200.0,0.0,100.0,2072.0,100.0,21305768896.0,100.0,19093177436.0
2019-01-24,ZJV10RNN,ST12000NM0007,12000138625024,0,80.0,95869896.0,95.0,0.0,100.0,4.0,100.0,0.0,84.0,268269293.0,98.0,2401.0,100.0,0.0,100.0,4.0,,,,,100.0,0.0,100.0,0.0,,,72.0,28.0,,,100.0,22.0,100.0,778.0,28.0,28.0,100.0,0.0,100.0,0.0,200.0,0.0,100.0,2103.0,100.0,21693973656.0,100.0,19417600756.0
2019-01-25,ZJV10RNN,ST12000NM0007,12000138625024,0,83,179422976,95.0,0.0,100.0,4.0,100.0,0.0,84.0,270918880.0,98,2417,100.0,0.0,100,4,,,,,100.0,0.0,100.0,0.0,,,73.0,27.0,,,100,22,100.0,779.0,27,27,100.0,0.0,100.0,0.0,200.0,0.0,100.0,2119.0,100.0,21899511000.0,100.0,19539757124.0
2019-01-26,ZJV10RNN,ST12000NM0007,12000138625024,0,77,50516088,95.0,0.0,100.0,4.0,100.0,0.0,84.0,275957971.0,98,2449,100.0,0.0,100,4,,,,,100.0,0.0,100.0,0.0,,,72.0,28.0,,,100,22,100.0,780.0,28,28,100.0,0.0,100.0,0.0,200.0,0.0,100.0,2151.0,100.0,22250888568.0,100.0,19791895380.0
2019-01-27,ZJV10RNN,ST12000NM0007,12000138625024,0,80,101128016,95.0,0.0,100.0,4.0,100.0,0.0,84.0,278317659.0,98,2465,100.0,0.0,100,4,,,,,100.0,0.0,100.0,0.0,,,73.0,27.0,,,100,23,100.0,781.0,27,27,100.0,0.0,100.0,0.0,200.0,0.0,100.0,2166.0,100.0,22419324288.0,100.0,19918212548.0
2019-01-28,ZJV10RNN,ST12000NM0007,12000138625024,0,72,17328848,95.0,0.0,100.0,4.0,100.0,0.0,85.0,283461371.0,98,2496,100.0,0.0,100,4,,,,,100.0,0.0,100.0,0.0,,,72.0,28.0,,,100,23,100.0,782.0,28,28,100.0,0.0,100.0,0.0,200.0,0.0,100.0,2198.0,100.0,22791696704.0,100.0,20194463428.0
2019-01-29,ZJV10RNN,ST12000NM0007,12000138625024,0,80,99044144,95.0,0.0,100.0,4.0,100.0,0.0,85.0,286066183.0,98,2512,100.0,0.0,100,4,,,,,100.0,0.0,100.0,0.0,,,72.0,28.0,,,100,23,100.0,783.0,28,28,100.0,0.0,100.0,0.0,200.0,0.0,100.0,2214.0,100.0,22973372320.0,100.0,20338644356.0
2019-01-30,ZJV10RNN,ST12000NM0007,12000138625024,0,83,180362720,95.0,0.0,100.0,4.0,100.0,0.0,85.0,291053801.0,98,2544,100.0,0.0,100,4,,,,,100.0,0.0,100.0,0.0,,,71.0,29.0,,,100,23,100.0,784.0,29,29,100.0,0.0,100.0,0.0,200.0,0.0,100.0,2245.0,100.0,23279949600.0,100.0,20601667340.0
2019-01-31,ZJV10RNN,ST12000NM0007,12000138625024,0,76,39631512,95.0,0.0,100.0,4.0,100.0,0.0,85.0,293738390.0,98,2560,100.0,0.0,100,4,,,,,100.0,0.0,100.0,0.0,,,72.0,28.0,,,100,24,100.0,785.0,28,28,100.0,0.0,100.0,0.0,200.0,0.0,100.0,2261.0,100.0,23481062944.0,100.0,20748104596.0
2019-02-01,ZJV10RNN,ST12000NM0007,12000138625024,0,82,143283424,95.0,0.0,100.0,4.0,100.0,0.0,85.0,298667678.0,98,2591,100.0,0.0,100,4,,,,,100.0,0.0,100.0,0.0,,,72.0,28.0,,,100,25,100.0,786.0,28,28,100.0,0.0,100.0,0.0,200.0,0.0,100.0,2292.0,100.0,23806740712.0,100.0,21014360204.0
2019-02-02,ZJV10RNN,ST12000NM0007,12000138625024,0,83.0,216984496.0,95.0,0.0,100.0,4.0,100.0,0.0,85.0,301292503.0,98.0,2607.0,100.0,0.0,100.0,4.0,,,,,100.0,0.0,100.0,0.0,,,72.0,28.0,,,100.0,26.0,100.0,787.0,28.0,28.0,100.0,0.0,100.0,0.0,200.0,0.0,100.0,2308.0,100.0,23990657592.0,100.0,21148285036.0
2019-02-03,ZJV10RNN,ST12000NM0007,12000138625024,0,81,128452728,95.0,0.0,100.0,4.0,100.0,0.0,85.0,306308816.0,97,2639,100.0,0.0,100,4,,,,,100.0,0.0,100.0,0.0,,,72.0,28.0,,,100,27,100.0,788.0,28,28,100.0,0.0,100.0,0.0,200.0,0.0,100.0,2340.0,100.0,24336153408.0,100.0,21446680556.0
2019-02-04,ZJV10RNN,ST12000NM0007,12000138625024,0,83,182758256,95.0,0.0,100.0,4.0,100.0,0.0,85.0,308602556.0,97,2654,100.0,0.0,100,4,,,,,100.0,0.0,100.0,0.0,,,72.0,28.0,,,100,28,100.0,789.0,28,28,100.0,0.0,100.0,0.0,200.0,0.0,100.0,2355.0,100.0,24492094920.0,100.0,21589185348.0
2019-02-05,ZJV10RNN,ST12000NM0007,12000138625024,0,82.0,160948096.0,95.0,0.0,100.0,4.0,100.0,0.0,85.0,313879710.0,97.0,2686.0,100.0,0.0,100.0,4.0,,,,,100.0,0.0,100.0,0.0,,,72.0,28.0,,,100.0,28.0,100.0,790.0,28.0,28.0,100.0,0.0,100.0,0.0,200.0,0.0,100.0,2387.0,100.0,24787923896.0,100.0,22003968412.0
2019-02-06,ZJV10RNN,ST12000NM0007,12000138625024,0,83,184140600,95.0,0.0,100.0,4.0,100.0,0.0,85.0,319102196.0,97,2718,100.0,0.0,100,4,,,,,100.0,0.0,100.0,0.0,,,72.0,28.0,,,100,28,100.0,792.0,28,28,100.0,0.0,100.0,0.0,200.0,0.0,100.0,2418.0,100.0,25156849200.0,100.0,22390658140.0
2019-02-07,ZJV10RNN,ST12000NM0007,12000138625024,0,76.0,36025488.0,95.0,0.0,100.0,4.0,100.0,0.0,85.0,321461697.0,97.0,2734.0,100.0,0.0,100.0,4.0,,,,,100.0,0.0,100.0,0.0,,,71.0,29.0,,,100.0,28.0,100.0,792.0,29.0,29.0,100.0,0.0,100.0,0.0,200.0,0.0,100.0,2434.0,100.0,25279244496.0,100.0,22608429260.0
2019-02-08,ZJV10RNN,ST12000NM0007,12000138625024,0,82,142937888,95.0,0.0,100.0,4.0,100.0,0.0,85.0,323722296.0,97,2749,100.0,0.0,100,4,,,,,100.0,0.0,100.0,0.0,,,72.0,28.0,,,100,28,100.0,793.0,28,28,100.0,0.0,100.0,0.0,200.0,0.0,100.0,2450.0,100.0,25378984880.0,100.0,22859741956.0
2019-02-09,ZJV10RNN,ST12000NM0007,12000138625024,0,76.0,43919576.0,95.0,0.0,100.0,4.0,100.0,0.0,85.0,328445864.0,97.0,2781.0,100.0,0.0,100.0,4.0,,,,,100.0,0.0,100.0,0.0,,,72.0,28.0,,,100.0,29.0,100.0,794.0,28.0,28.0,100.0,0.0,100.0,0.0,200.0,0.0,100.0,2481.0,100.0,25554047288.0,100.0,23318083532.0
2019-02-10,ZJV10RNN,ST12000NM0007,12000138625024,0,71,11519592,95.0,0.0,100.0,4.0,100.0,0.0,85.0,330462780.0,97,2797,100.0,0.0,100,4,,,,,100.0,0.0,100.0,0.0,,,72.0,28.0,,,100,29,100.0,795.0,28,28,100.0,0.0,100.0,0.0,200.0,0.0,100.0,2497.0,100.0,25635153232.0,100.0,23448718732.0
2019-02-11,ZJV10RNN,ST12000NM0007,12000138625024,0,82,158191464,95.0,0.0,100.0,4.0,100.0,0.0,85.0,334286252.0,97,2828,100.0,0.0,100,4,,,,,100.0,0.0,100.0,0.0,,,72.0,28.0,,,100,30,100.0,796.0,28,28,100.0,0.0,100.0,0.0,200.0,0.0,100.0,2529.0,100.0,25787081600.0,100.0,23687603396.0
2019-02-12,ZJV10RNN,ST12000NM0007,12000138625024,0,79.0,79645392.0,95.0,0.0,100.0,4.0,100.0,0.0,85.0,336017462.0,97.0,2844.0,100.0,0.0,100.0,4.0,,,,,100.0,0.0,100.0,0.0,,,73.0,27.0,,,100.0,31.0,100.0,797.0,27.0,27.0,100.0,0.0,100.0,0.0,200.0,0.0,100.0,2545.0,100.0,25867737152.0,100.0,23772542556.0
2019-02-13,ZJV10RNN,ST12000NM0007,12000138625024,0,68,6286920,95.0,0.0,100.0,4.0,100.0,0.0,85.0,339921900.0,97,2876,100.0,0.0,100,4,,,,,100.0,0.0,100.0,0.0,,,72.0,28.0,,,100,31,100.0,798.0,28,28,100.0,0.0,100.0,0.0,200.0,0.0,100.0,2576.0,100.0,26034134328.0,100.0,24021068460.0
2019-02-14,ZJV10RNN,ST12000NM0007,12000138625024,0,74,22418856,95.0,0.0,100.0,4.0,100.0,0.0,85.0,342230195.0,97,2892,100.0,0.0,100,4,,,,,100.0,0.0,100.0,0.0,,,72.0,28.0,,,100,31,100.0,799.0,28,28,100.0,0.0,100.0,0.0,200.0,0.0,100.0,2592.0,100.0,26136261888.0,100.0,24179213612.0
2019-02-15,ZJV10RNN,ST12000NM0007,12000138625024,0,83.0,199737056.0,95.0,0.0,100.0,4.0,100.0,0.0,85.0,346362532.0,97.0,2923.0,100.0,0.0,100.0,4.0,,,,,100.0,0.0,100.0,0.0,,,72.0,28.0,,,100.0,31.0,100.0,800.0,28.0,28.0,100.0,0.0,100.0,0.0,200.0,0.0,100.0,2623.0,100.0,26295525736.0,100.0,24441408596.0
2019-02-16,ZJV10RNN,ST12000NM0007,12000138625024,0,83.0,221861456.0,95.0,0.0,100.0,4.0,100.0,0.0,85.0,348912085.0,97.0,2939.0,100.0,0.0,100.0,4.0,,,,,100.0,0.0,100.0,0.0,,,72.0,28.0,,,100.0,31.0,100.0,801.0,28.0,28.0,100.0,0.0,100.0,0.0,200.0,0.0,100.0,2639.0,100.0,26396319104.0,100.0,24606880564.0
2019-02-17,ZJV10RNN,ST12000NM0007,12000138625024,0,71,13679520,95.0,0.0,100.0,4.0,100.0,0.0,85.0,353557760.0,97,2971,100.0,0.0,100,4,,,,,100.0,0.0,100.0,0.0,,,72.0,28.0,,,100,31,100.0,802.0,28,28,100.0,0.0,100.0,0.0,200.0,0.0,100.0,2671.0,100.0,26618934288.0,100.0,24908506428.0
2019-02-18,ZJV10RNN,ST12000NM0007,12000138625024,0,71,13712664,95.0,0.0,100.0,4.0,100.0,0.0,86.0,358170504.0,97,3002,100.0,0.0,100,4,,,,,100.0,0.0,100.0,0.0,,,72.0,28.0,,,100,31,100.0,803.0,28,28,100.0,0.0,100.0,0.0,200.0,0.0,100.0,2702.0,100.0,26866182648.0,100.0,25149572876.0
2019-02-19,ZJV10RNN,ST12000NM0007,12000138625024,0,64,2508104,95.0,0.0,100.0,4.0,100.0,0.0,86.0,360394012.0,97,3018,100.0,0.0,100,4,,,,,100.0,0.0,100.0,0.0,,,72.0,28.0,,,100,32,100.0,804.0,28,28,100.0,0.0,100.0,0.0,200.0,0.0,100.0,2718.0,100.0,26947941064.0,100.0,25300750748.0
2019-02-20,ZJV10RNN,ST12000NM0007,12000138625024,0,100.0,233744.0,95.0,0.0,100.0,4.0,100.0,0.0,86.0,364761850.0,97.0,3050.0,100.0,0.0,100.0,4.0,,,,,100.0,0.0,100.0,0.0,,,72.0,28.0,,,100.0,32.0,100.0,805.0,28.0,28.0,100.0,0.0,100.0,0.0,200.0,0.0,100.0,2750.0,100.0,27173942952.0,100.0,25560756708.0
2019-02-21,ZJV10RNN,ST12000NM0007,12000138625024,0,84,236770864,95.0,0.0,100.0,4.0,100.0,0.0,86.0,366935055.0,97,3066,100.0,0.0,100,4,,,,,100.0,0.0,100.0,0.0,,,72.0,28.0,,,100,32,100.0,806.0,28,28,100.0,0.0,100.0,0.0,200.0,0.0,100.0,2766.0,100.0,27298704024.0,100.0,25672532756.0
2019-02-22,ZJV10RNN,ST12000NM0007,12000138625024,0,100,807320,95.0,0.0,100.0,4.0,100.0,0.0,86.0,371789815.0,97,3097,100.0,0.0,100,4,,,,,100.0,0.0,100.0,0.0,,,72.0,28.0,,,100,32,100.0,807.0,28,28,100.0,0.0,100.0,0.0,200.0,0.0,100.0,2797.0,100.0,27555475976.0,100.0,25912220532.0
2019-02-23,ZJV10RNN,ST12000NM0007,12000138625024,0,77.0,49641648.0,95.0,0.0,100.0,4.0,100.0,0.0,86.0,374599869.0,97.0,3113.0,100.0,0.0,100.0,4.0,,,,,100.0,0.0,100.0,0.0,,,72.0,28.0,,,100.0,32.0,100.0,808.0,28.0,28.0,100.0,0.0,100.0,0.0,200.0,0.0,100.0,2813.0,100.0,27667754200.0,100.0,26092917308.0
2019-02-24,ZJV10RNN,ST12000NM0007,12000138625024,0,78,63926584,95.0,0.0,100.0,4.0,100.0,0.0,86.0,379258262.0,97,3145,100.0,0.0,100,4,,,,,100.0,0.0,100.0,0.0,,,75.0,25.0,,,100,33,100.0,809.0,25,25,100.0,0.0,100.0,0.0,200.0,0.0,100.0,2844.0,100.0,27889849048.0,100.0,26373389292.0
2019-02-25,ZJV10RNN,ST12000NM0007,12000138625024,0,77,47323808,95.0,0.0,100.0,4.0,100.0,0.0,86.0,381488011.0,97,3160,100.0,0.0,100,4,,,,,100.0,0.0,100.0,0.0,,,75.0,25.0,,,100,33,100.0,810.0,25,25,100.0,0.0,100.0,0.0,200.0,0.0,100.0,2860.0,100.0,28014463168.0,100.0,26476313052.0
2019-02-26,ZJV10RNN,ST12000NM0007,12000138625024,0,76,42520368,95.0,0.0,100.0,4.0,100.0,0.0,86.0,386508493.0,97,3192,100.0,0.0,100,4,,,,,100.0,0.0,100.0,0.0,,,75.0,25.0,,,100,33,100.0,811.0,25,25,100.0,0.0,100.0,0.0,200.0,0.0,100.0,2891.0,100.0,28211495984.0,100.0,26762758500.0
2019-02-27,ZJV10RNN,ST12000NM0007,12000138625024,0,82.0,176056384.0,95.0,0.0,100.0,4.0,100.0,0.0,86.0,390772538.0,97.0,3224.0,100.0,0.0,100.0,4.0,,,,,100.0,0.0,100.0,0.0,,,75.0,25.0,,,100.0,34.0,100.0,813.0,25.0,25.0,100.0,0.0,100.0,0.0,200.0,0.0,100.0,2923.0,100.0,28385449384.0,100.0,26966481940.0
2019-02-28,ZJV10RNN,ST12000NM0007,12000138625024,0,82,152287720,95.0,0.0,100.0,4.0,100.0,0.0,86.0,393057935.0,97,3240,100.0,0.0,100,4,,,,,100.0,0.0,100.0,0.0,,,76.0,24.0,,,100,34,100.0,813.0,24,24,100.0,0.0,100.0,0.0,200.0,0.0,100.0,2939.0,100.0,28495790680.0,100.0,27076512724.0
2019-03-01,ZJV10RNN,ST12000NM0007,12000138625024,0,81.0,116273720.0,95.0,0.0,100.0,4.0,100.0,0.0,86.0,395517160.0,97.0,3256.0,100.0,0.0,100.0,4.0,,,,,100.0,0.0,100.0,0.0,,,75.0,25.0,,,100.0,35.0,100.0,814.0,25.0,25.0,100.0,0.0,100.0,0.0,200.0,0.0,100.0,2955.0,100.0,28593677256.0,100.0,27186752972.0
2019-03-02,ZJV10RNN,ST12000NM0007,12000138625024,0,75.0,30868616.0,95.0,0.0,100.0,4.0,100.0,0.0,86.0,399819928.0,97.0,3287.0,100.0,0.0,100.0,4.0,,,,,100.0,0.0,100.0,0.0,,,75.0,25.0,,,100.0,36.0,100.0,815.0,25.0,25.0,100.0,0.0,100.0,0.0,200.0,0.0,100.0,2986.0,100.0,28724914368.0,100.0,27458392364.0
2019-03-03,ZJV10RNN,ST12000NM0007,12000138625024,0,74.0,28148376.0,95.0,0.0,100.0,4.0,100.0,0.0,86.0,402184512.0,97.0,3303.0,100.0,0.0,100.0,4.0,,,,,100.0,0.0,100.0,0.0,,,75.0,25.0,,,100.0,36.0,100.0,816.0,25.0,25.0,100.0,0.0,100.0,0.0,200.0,0.0,100.0,3002.0,100.0,28818324856.0,100.0,27606402276.0
2019-03-04,ZJV10RNN,ST12000NM0007,12000138625024,0,74,23347968,95.0,0.0,100.0,4.0,100.0,0.0,86.0,407782022.0,97,3335,100.0,0.0,100,4,,,,,100.0,0.0,100.0,0.0,,,75.0,25.0,,,100,36,100.0,817.0,25,25,100.0,0.0,100.0,0.0,200.0,0.0,100.0,3034.0,100.0,28995230896.0,100.0,27912977460.0
2019-03-05,ZJV10RNN,ST12000NM0007,12000138625024,0,77.0,46342008.0,95.0,0.0,100.0,4.0,100.0,0.0,86.0,413944332.0,97.0,3367.0,100.0,0.0,100.0,4.0,,,,,100.0,0.0,100.0,0.0,,,75.0,25.0,,,100.0,36.0,100.0,819.0,25.0,25.0,100.0,0.0,100.0,0.0,200.0,0.0,100.0,3065.0,100.0,29138297656.0,100.0,28281186236.0
2019-03-06,ZJV10RNN,ST12000NM0007,12000138625024,0,77.0,45547472.0,95.0,0.0,100.0,4.0,100.0,0.0,86.0,416144079.0,97.0,3382.0,100.0,0.0,100.0,4.0,,,,,100.0,0.0,100.0,0.0,,,75.0,25.0,,,100.0,36.0,100.0,819.0,25.0,25.0,100.0,0.0,100.0,0.0,200.0,0.0,100.0,3081.0,100.0,29208665480.0,100.0,28454164508.0
2019-03-07,ZJV10RNN,ST12000NM0007,12000138625024,0,71.0,12390592.0,95.0,0.0,100.0,4.0,100.0,0.0,86.0,422891311.0,97.0,3414.0,100.0,0.0,100.0,4.0,,,,,100.0,0.0,100.0,0.0,,,76.0,24.0,,,100.0,36.0,100.0,821.0,24.0,24.0,100.0,0.0,100.0,0.0,200.0,0.0,100.0,3112.0,100.0,29345813576.0,100.0,28772140924.0
2019-03-08,ZJV10RNN,ST12000NM0007,12000138625024,0,74.0,27383704.0,95.0,0.0,100.0,4.0,100.0,0.0,86.0,425179694.0,97.0,3430.0,100.0,0.0,100.0,4.0,,,,,100.0,0.0,100.0,0.0,,,76.0,24.0,,,100.0,36.0,100.0,821.0,24.0,24.0,100.0,0.0,100.0,0.0,200.0,0.0,100.0,3128.0,100.0,29427769248.0,100.0,28949319028.0
2019-03-09,ZJV10RNN,ST12000NM0007,12000138625024,0,81.0,117071824.0,95.0,0.0,100.0,4.0,100.0,0.0,86.0,430085079.0,97.0,3462.0,100.0,0.0,100.0,4.0,,,,,100.0,0.0,100.0,0.0,,,73.0,27.0,,,100.0,36.0,100.0,823.0,27.0,27.0,100.0,0.0,100.0,0.0,200.0,0.0,100.0,3160.0,100.0,29618529632.0,100.0,29336528428.0
2019-03-10,ZJV10RNN,ST12000NM0007,12000138625024,0,83.0,207813696.0,95.0,0.0,100.0,4.0,100.0,0.0,86.0,433270399.0,97.0,3478.0,100.0,0.0,100.0,4.0,,,,,100.0,0.0,100.0,0.0,,,73.0,27.0,,,100.0,36.0,100.0,823.0,27.0,27.0,100.0,0.0,100.0,0.0,200.0,0.0,100.0,3176.0,100.0,29725167936.0,100.0,29564772788.0
2019-03-11,ZJV10RNN,ST12000NM0007,12000138625024,0,76.0,38785208.0,95.0,0.0,100.0,4.0,100.0,0.0,86.0,438422202.0,96.0,3509.0,100.0,0.0,100.0,4.0,,,,,100.0,0.0,100.0,0.0,,,73.0,27.0,,,100.0,36.0,100.0,825.0,27.0,27.0,100.0,0.0,100.0,0.0,200.0,0.0,100.0,3207.0,100.0,29949306200.0,100.0,29904028260.0
2019-03-12,ZJV10RNN,ST12000NM0007,12000138625024,0,80.0,90278176.0,95.0,0.0,100.0,4.0,100.0,0.0,86.0,441421361.0,96.0,3525.0,100.0,0.0,100.0,4.0,,,,,100.0,0.0,100.0,0.0,,,72.0,28.0,,,100.0,36.0,100.0,825.0,28.0,28.0,100.0,0.0,100.0,0.0,200.0,0.0,100.0,3223.0,100.0,30068993176.0,100.0,30079975060.0
2019-03-13,ZJV10RNN,ST12000NM0007,12000138625024,0,83.0,198826608.0,95.0,0.0,100.0,4.0,100.0,0.0,86.0,446671847.0,96.0,3557.0,100.0,0.0,100.0,4.0,,,,,100.0,0.0,100.0,0.0,,,72.0,28.0,,,100.0,36.0,100.0,827.0,28.0,28.0,100.0,0.0,100.0,0.0,200.0,0.0,100.0,3254.0,100.0,30355205160.0,100.0,30390593060.0
2019-03-14,ZJV10RNN,ST12000NM0007,12000138625024,0,82.0,156919552.0,95.0,0.0,100.0,4.0,100.0,0.0,87.0,448907304.0,96.0,3573.0,100.0,0.0,100.0,4.0,,,,,100.0,0.0,100.0,0.0,,,72.0,28.0,,,100.0,36.0,100.0,827.0,28.0,28.0,100.0,0.0,100.0,0.0,200.0,0.0,100.0,3270.0,100.0,30447922584.0,100.0,30500109364.0
2019-03-15,ZJV10RNN,ST12000NM0007,12000138625024,0,74.0,26760608.0,95.0,0.0,100.0,4.0,100.0,0.0,87.0,453082629.0,96.0,3604.0,100.0,0.0,100.0,4.0,,,,,100.0,0.0,100.0,0.0,,,72.0,28.0,,,100.0,36.0,100.0,829.0,28.0,28.0,100.0,0.0,100.0,0.0,200.0,0.0,100.0,3302.0,100.0,30594609376.0,100.0,30711545324.0
2019-03-16,ZJV10RNN,ST12000NM0007,12000138625024,0,83.0,184707576.0,95.0,0.0,100.0,4.0,100.0,0.0,87.0,454842143.0,96.0,3620.0,100.0,0.0,100.0,4.0,,,,,100.0,0.0,100.0,0.0,,,72.0,28.0,,,100.0,36.0,100.0,829.0,28.0,28.0,100.0,0.0,100.0,0.0,200.0,0.0,100.0,3317.0,100.0,30650084928.0,100.0,30814016740.0
2019-03-17,ZJV10RNN,ST12000NM0007,12000138625024,0,81.0,118072272.0,95.0,0.0,100.0,4.0,100.0,0.0,87.0,459070626.0,96.0,3652.0,100.0,0.0,100.0,4.0,,,,,100.0,0.0,100.0,0.0,,,72.0,28.0,,,100.0,38.0,100.0,831.0,28.0,28.0,100.0,0.0,100.0,0.0,200.0,0.0,100.0,3349.0,100.0,30829361056.0,100.0,31056386708.0
2019-03-18,ZJV10RNN,ST12000NM0007,12000138625024,0,78.0,61767944.0,95.0,0.0,100.0,4.0,100.0,0.0,87.0,460941300.0,96.0,3668.0,100.0,0.0,100.0,4.0,,,,,100.0,0.0,100.0,0.0,,,72.0,28.0,,,100.0,38.0,100.0,831.0,28.0,28.0,100.0,0.0,100.0,0.0,200.0,0.0,100.0,3365.0,100.0,30886761296.0,100.0,31186822772.0
2019-03-19,ZJV10RNN,ST12000NM0007,12000138625024,0,84.0,228367704.0,95.0,0.0,100.0,4.0,100.0,0.0,87.0,465393151.0,96.0,3699.0,100.0,0.0,100.0,4.0,,,,,100.0,0.0,100.0,0.0,,,72.0,28.0,,,100.0,39.0,100.0,833.0,28.0,28.0,100.0,0.0,100.0,0.0,200.0,0.0,100.0,3396.0,100.0,31032731968.0,100.0,31451592596.0
2019-03-20,ZJV10RNN,ST12000NM0007,12000138625024,0,82.0,155515056.0,95.0,0.0,100.0,4.0,100.0,0.0,87.0,467247391.0,96.0,3715.0,100.0,0.0,100.0,4.0,,,,,100.0,0.0,100.0,0.0,,,72.0,28.0,,,100.0,39.0,100.0,833.0,28.0,28.0,100.0,0.0,100.0,0.0,200.0,0.0,100.0,3412.0,100.0,31116687072.0,100.0,31538925572.0
2019-03-21,ZJV10RNN,ST12000NM0007,12000138625024,0,77.0,50163048.0,95.0,0.0,100.0,4.0,100.0,0.0,87.0,468779550.0,96.0,3731.0,100.0,0.0,100.0,4.0,,,,,100.0,0.0,100.0,0.0,,,72.0,28.0,,,100.0,39.0,100.0,834.0,28.0,28.0,100.0,0.0,100.0,0.0,200.0,0.0,100.0,3428.0,100.0,31146270360.0,100.0,31648130948.0
2019-03-22,ZJV10RNN,ST12000NM0007,12000138625024,0,82.0,168016248.0,95.0,0.0,100.0,4.0,100.0,0.0,87.0,472978782.0,96.0,3763.0,100.0,0.0,100.0,4.0,,,,,100.0,0.0,100.0,0.0,,,72.0,28.0,,,100.0,40.0,100.0,835.0,28.0,28.0,100.0,0.0,100.0,0.0,200.0,0.0,100.0,3460.0,100.0,31219141624.0,100.0,31937253652.0
2019-03-23,ZJV10RNN,ST12000NM0007,12000138625024,0,78.0,62098336.0,95.0,0.0,100.0,4.0,100.0,0.0,87.0,474434666.0,96.0,3778.0,100.0,0.0,100.0,4.0,,,,,100.0,0.0,100.0,0.0,,,72.0,28.0,,,100.0,40.0,100.0,836.0,28.0,28.0,100.0,0.0,100.0,0.0,200.0,0.0,100.0,3475.0,100.0,31251861040.0,100.0,32042757204.0
2019-03-24,ZJV10RNN,ST12000NM0007,12000138625024,0,82.0,158672008.0,95.0,0.0,100.0,4.0,100.0,0.0,87.0,478307181.0,96.0,3810.0,100.0,0.0,100.0,4.0,,,,,100.0,0.0,100.0,0.0,,,72.0,28.0,,,100.0,41.0,100.0,837.0,28.0,28.0,100.0,0.0,100.0,0.0,200.0,0.0,100.0,3507.0,100.0,31365745096.0,100.0,32269587948.0
2019-03-25,ZJV10RNN,ST12000NM0007,12000138625024,0,79.0,73925056.0,95.0,0.0,100.0,4.0,100.0,0.0,87.0,481260745.0,96.0,3826.0,100.0,0.0,100.0,4.0,,,,,100.0,0.0,100.0,0.0,,,73.0,27.0,,,100.0,42.0,100.0,838.0,27.0,27.0,100.0,0.0,100.0,0.0,200.0,0.0,100.0,3523.0,100.0,31400055136.0,100.0,32394671684.0
2019-03-26,ZJV10RNN,ST12000NM0007,12000138625024,0,83.0,188716832.0,95.0,0.0,100.0,4.0,100.0,0.0,87.0,485020488.0,96.0,3858.0,100.0,0.0,100.0,4.0,,,,,100.0,0.0,100.0,0.0,,,73.0,27.0,,,100.0,42.0,100.0,839.0,27.0,27.0,100.0,0.0,100.0,0.0,200.0,0.0,100.0,3554.0,100.0,31491983816.0,100.0,32661675460.0
2019-03-27,ZJV10RNN,ST12000NM0007,12000138625024,0,72.0,17196968.0,95.0,0.0,100.0,4.0,100.0,0.0,87.0,488439943.0,96.0,3890.0,100.0,0.0,100.0,4.0,,,,,100.0,0.0,100.0,0.0,,,74.0,26.0,,,100.0,43.0,100.0,841.0,26.0,26.0,100.0,0.0,100.0,0.0,200.0,0.0,100.0,3586.0,100.0,31605747232.0,100.0,32864673580.0
2019-03-28,ZJV10RNN,ST12000NM0007,12000138625024,0,83.0,187773488.0,95.0,0.0,100.0,4.0,100.0,0.0,87.0,490178130.0,96.0,3905.0,100.0,0.0,100.0,4.0,,,,,100.0,0.0,100.0,0.0,,,73.0,27.0,,,100.0,43.0,100.0,841.0,27.0,27.0,100.0,0.0,100.0,0.0,200.0,0.0,100.0,3602.0,100.0,31669811856.0,100.0,32971185476.0
2019-03-29,ZJV10RNN,ST12000NM0007,12000138625024,0,73.0,21296504.0,95.0,0.0,100.0,4.0,100.0,0.0,87.0,494536391.0,96.0,3937.0,100.0,0.0,100.0,4.0,,,,,100.0,0.0,100.0,0.0,,,76.0,24.0,,,100.0,44.0,100.0,843.0,24.0,24.0,100.0,0.0,100.0,0.0,200.0,0.0,100.0,3633.0,100.0,31744764648.0,100.0,33218037492.0
2019-03-30,ZJV10RNN,ST12000NM0007,12000138625024,0,82.0,147577032.0,95.0,0.0,100.0,4.0,100.0,0.0,87.0,496011708.0,96.0,3953.0,100.0,0.0,100.0,4.0,,,,,100.0,0.0,100.0,0.0,,,77.0,23.0,,,100.0,44.0,100.0,843.0,23.0,23.0,100.0,0.0,100.0,0.0,200.0,0.0,100.0,3649.0,100.0,31774882624.0,100.0,33314200044.0
2019-03-31,ZJV10RNN,ST12000NM0007,12000138625024,0,83.0,185161552.0,95.0,0.0,100.0,4.0,100.0,0.0,87.0,498930172.0,96.0,3985.0,100.0,0.0,100.0,4.0,,,,,100.0,0.0,100.0,0.0,,,77.0,23.0,,,100.0,45.0,100.0,845.0,23.0,23.0,100.0,0.0,100.0,0.0,200.0,0.0,100.0,3681.0,100.0,31855689808.0,100.0,33515118012.0
2019-04-01,ZJV10RNN,ST12000NM0007,12000138625024,0,79.0,87797816.0,95.0,0.0,100.0,4.0,100.0,0.0,87.0,500606604.0,96.0,4001.0,100.0,0.0,100.0,4.0,,,,,100.0,0.0,100.0,0.0,,,77.0,23.0,,,100.0,45.0,100.0,845.0,23.0,23.0,100.0,0.0,100.0,0.0,200.0,0.0,100.0,3697.0,100.0,31904283448.0,100.0,33613301404.0
2019-04-02,ZJV10RNN,ST12000NM0007,12000138625024,0,82.0,162459984.0,95.0,0.0,100.0,4.0,100.0,0.0,87.0,504362720.0,96.0,4033.0,100.0,0.0,100.0,4.0,,,,,100.0,0.0,100.0,0.0,,,76.0,24.0,,,100.0,46.0,100.0,847.0,24.0,24.0,100.0,0.0,100.0,0.0,200.0,0.0,100.0,3728.0,100.0,31997700224.0,100.0,33838687436.0
2019-04-03,ZJV10RNN,ST12000NM0007,12000138625024,0,78.0,69373096.0,95.0,0.0,100.0,4.0,100.0,0.0,87.0,506036766.0,96.0,4048.0,100.0,0.0,100.0,4.0,,,,,100.0,0.0,100.0,0.0,,,78.0,22.0,,,100.0,46.0,100.0,847.0,22.0,22.0,100.0,0.0,100.0,0.0,200.0,0.0,100.0,3744.0,100.0,32052199776.0,100.0,33935241652.0
2019-04-04,ZJV10RNN,ST12000NM0007,12000138625024,0,82.0,160750480.0,95.0,0.0,100.0,4.0,100.0,0.0,87.0,509150678.0,96.0,4080.0,100.0,0.0,100.0,4.0,,,,,100.0,0.0,100.0,0.0,,,77.0,23.0,,,100.0,47.0,100.0,849.0,23.0,23.0,100.0,0.0,100.0,0.0,200.0,0.0,100.0,3776.0,100.0,32153341288.0,100.0,34169618220.0
2019-04-05,ZJV10RNN,ST12000NM0007,12000138625024,0,80.0,93945616.0,95.0,0.0,100.0,4.0,100.0,0.0,87.0,511257046.0,96.0,4096.0,100.0,0.0,100.0,4.0,,,,,100.0,0.0,100.0,0.0,,,76.0,24.0,,,100.0,47.0,100.0,849.0,24.0,24.0,100.0,0.0,100.0,0.0,200.0,0.0,100.0,3792.0,100.0,32203793392.0,100.0,34296501972.0
2019-04-06,ZJV10RNN,ST12000NM0007,12000138625024,0,83.0,180238648.0,95.0,0.0,100.0,4.0,100.0,0.0,87.0,516329105.0,96.0,4128.0,100.0,0.0,100.0,4.0,,,,,100.0,0.0,100.0,0.0,,,76.0,24.0,,,100.0,48.0,100.0,851.0,24.0,24.0,100.0,0.0,100.0,0.0,200.0,0.0,100.0,3823.0,100.0,32284613376.0,100.0,34546116028.0
2019-04-07,ZJV10RNN,ST12000NM0007,12000138625024,0,79.0,85575744.0,95.0,0.0,100.0,4.0,100.0,0.0,87.0,517861971.0,96.0,4144.0,100.0,0.0,100.0,4.0,,,,,100.0,0.0,100.0,0.0,,,76.0,24.0,,,100.0,48.0,100.0,851.0,24.0,24.0,100.0,0.0,100.0,0.0,200.0,0.0,100.0,3839.0,100.0,32325440704.0,100.0,34654766596.0
2019-04-08,ZJV10RNN,ST12000NM0007,12000138625024,0,81.0,131677528.0,95.0,0.0,100.0,4.0,100.0,0.0,87.0,520865977.0,96.0,4176.0,100.0,0.0,100.0,4.0,,,,,100.0,0.0,100.0,0.0,,,77.0,23.0,,,100.0,48.0,100.0,853.0,23.0,23.0,100.0,0.0,100.0,0.0,200.0,0.0,100.0,3871.0,100.0,32409613168.0,100.0,34860836652.0
2019-04-09,ZJV10RNN,ST12000NM0007,12000138625024,0,83.0,203710264.0,95.0,0.0,100.0,4.0,100.0,0.0,87.0,524761626.0,96.0,4207.0,100.0,0.0,100.0,4.0,,,,,100.0,0.0,100.0,0.0,,,76.0,24.0,,,100.0,48.0,100.0,854.0,24.0,24.0,100.0,0.0,100.0,0.0,200.0,0.0,100.0,3902.0,100.0,32513199224.0,100.0,35073424092.0
2019-04-10,ZJV10RNN,ST12000NM0007,12000138625024,0,80.0,109898360.0,95.0,0.0,100.0,4.0,100.0,0.0,87.0,526429218.0,96.0,4223.0,100.0,0.0,100.0,4.0,,,,,100.0,0.0,100.0,0.0,,,77.0,23.0,,,100.0,49.0,100.0,855.0,23.0,23.0,100.0,0.0,100.0,0.0,200.0,0.0,100.0,3918.0,100.0,32570356016.0,100.0,35166596164.0
2019-04-11,ZJV10RNN,ST12000NM0007,12000138625024,0,73.0,18163272.0,95.0,0.0,100.0,4.0,100.0,0.0,87.0,527950176.0,96.0,4239.0,100.0,0.0,100.0,4.0,,,,,100.0,0.0,100.0,0.0,,,76.0,24.0,,,100.0,49.0,100.0,855.0,24.0,24.0,100.0,0.0,100.0,0.0,200.0,0.0,100.0,3934.0,100.0,32613295344.0,100.0,35276062540.0
2019-04-12,ZJV10RNN,ST12000NM0007,12000138625024,0,82.0,144134088.0,95.0,0.0,100.0,4.0,100.0,0.0,87.0,531770513.0,96.0,4271.0,100.0,0.0,100.0,4.0,,,,,100.0,0.0,100.0,0.0,,,72.0,28.0,,,100.0,49.0,100.0,856.0,28.0,28.0,100.0,0.0,100.0,0.0,200.0,0.0,100.0,3966.0,100.0,32733992664.0,100.0,35525476764.0
2019-04-13,ZJV10RNN,ST12000NM0007,12000138625024,0,78.0,56440784.0,95.0,0.0,100.0,4.0,100.0,0.0,87.0,533357905.0,96.0,4287.0,100.0,0.0,100.0,4.0,,,,,100.0,0.0,100.0,0.0,,,73.0,27.0,,,100.0,50.0,100.0,857.0,27.0,27.0,100.0,0.0,100.0,0.0,200.0,0.0,100.0,3982.0,100.0,32787940024.0,100.0,35627976740.0
2019-04-14,ZJV10RNN,ST12000NM0007,12000138625024,0,83.0,206342640.0,95.0,0.0,100.0,4.0,100.0,0.0,87.0,537407685.0,96.0,4319.0,100.0,0.0,100.0,4.0,,,,,100.0,0.0,100.0,0.0,,,72.0,28.0,,,100.0,51.0,100.0,858.0,28.0,28.0,100.0,0.0,100.0,0.0,200.0,0.0,100.0,4013.0,100.0,32902942488.0,100.0,35907017324.0
2019-04-15,ZJV10RNN,ST12000NM0007,12000138625024,0,81.0,136804320.0,95.0,0.0,100.0,4.0,100.0,0.0,87.0,538938131.0,96.0,4335.0,100.0,0.0,100.0,4.0,,,,,100.0,0.0,100.0,0.0,,,73.0,27.0,,,100.0,51.0,100.0,859.0,27.0,27.0,100.0,0.0,100.0,0.0,200.0,0.0,100.0,4029.0,100.0,32953519456.0,100.0,36031042676.0
2019-04-16,ZJV10RNN,ST12000NM0007,12000138625024,0,78.0,60827096.0,95.0,0.0,100.0,4.0,100.0,0.0,87.0,542954635.0,96.0,4367.0,100.0,0.0,100.0,4.0,,,,,100.0,0.0,100.0,0.0,,,75.0,25.0,,,100.0,51.0,100.0,860.0,25.0,25.0,100.0,0.0,100.0,0.0,200.0,0.0,100.0,4061.0,100.0,33059779344.0,100.0,36337087076.0
2019-04-17,ZJV10RNN,ST12000NM0007,12000138625024,0,84.0,234876088.0,95.0,0.0,100.0,4.0,100.0,0.0,87.0,544685406.0,95.0,4383.0,100.0,0.0,100.0,4.0,,,,,100.0,0.0,100.0,0.0,,,75.0,25.0,,,100.0,52.0,100.0,861.0,25.0,25.0,100.0,0.0,100.0,0.0,200.0,0.0,100.0,4077.0,100.0,33107559072.0,100.0,36463356340.0
2019-04-18,ZJV10RNN,ST12000NM0007,12000138625024,0,80.0,108599592.0,95.0,0.0,100.0,4.0,100.0,0.0,87.0,548398381.0,95.0,4414.0,100.0,0.0,100.0,4.0,,,,,100.0,0.0,100.0,0.0,,,75.0,25.0,,,100.0,53.0,100.0,862.0,25.0,25.0,100.0,0.0,100.0,0.0,200.0,0.0,100.0,4108.0,100.0,33227350616.0,100.0,36705570364.0
2019-04-19,ZJV10RNN,ST12000NM0007,12000138625024,0,76.0,37220944.0,95.0,0.0,100.0,4.0,100.0,0.0,87.0,550759569.0,95.0,4430.0,100.0,0.0,100.0,4.0,,,,,100.0,0.0,100.0,0.0,,,75.0,25.0,,,100.0,53.0,100.0,863.0,25.0,25.0,100.0,0.0,100.0,0.0,200.0,0.0,100.0,4124.0,100.0,33286850496.0,100.0,36818832508.0
2019-04-20,ZJV10RNN,ST12000NM0007,12000138625024,0,81.0,134076992.0,95.0,0.0,100.0,4.0,100.0,0.0,87.0,554950144.0,95.0,4462.0,100.0,0.0,100.0,4.0,,,,,100.0,0.0,100.0,0.0,,,75.0,25.0,,,100.0,54.0,100.0,864.0,25.0,25.0,100.0,0.0,100.0,0.0,200.0,0.0,100.0,4156.0,100.0,33433415552.0,100.0,37013264132.0
2019-04-21,ZJV10RNN,ST12000NM0007,12000138625024,0,83.0,185040496.0,95.0,0.0,100.0,4.0,100.0,0.0,87.0,558251852.0,95.0,4494.0,100.0,0.0,100.0,4.0,,,,,100.0,0.0,100.0,0.0,,,75.0,25.0,,,100.0,55.0,100.0,866.0,25.0,25.0,100.0,0.0,100.0,0.0,200.0,0.0,100.0,4187.0,100.0,33516615392.0,100.0,37225168532.0
2019-04-22,ZJV10RNN,ST12000NM0007,12000138625024,0,80.0,90899736.0,95.0,0.0,100.0,4.0,100.0,0.0,87.0,559702343.0,95.0,4510.0,100.0,0.0,100.0,4.0,,,,,100.0,0.0,100.0,0.0,,,75.0,25.0,,,100.0,55.0,100.0,866.0,25.0,25.0,100.0,0.0,100.0,0.0,200.0,0.0,100.0,4203.0,100.0,33560299688.0,100.0,37331484308.0
2019-04-23,ZJV10RNN,ST12000NM0007,12000138625024,0,83.0,203795248.0,95.0,0.0,100.0,4.0,100.0,0.0,88.0,564470690.0,95.0,4542.0,100.0,0.0,100.0,4.0,,,,,100.0,0.0,100.0,0.0,,,73.0,27.0,,,100.0,56.0,100.0,868.0,27.0,27.0,100.0,0.0,100.0,0.0,200.0,0.0,100.0,4235.0,100.0,33656505920.0,100.0,37592314220.0
2019-04-24,ZJV10RNN,ST12000NM0007,12000138625024,0,80.0,103381608.0,95.0,0.0,100.0,4.0,100.0,0.0,88.0,565883056.0,95.0,4558.0,100.0,0.0,100.0,4.0,,,,,100.0,0.0,100.0,0.0,,,72.0,28.0,,,100.0,56.0,100.0,868.0,28.0,28.0,100.0,0.0,100.0,0.0,200.0,0.0,100.0,4251.0,100.0,33688294032.0,100.0,37704253228.0
2019-04-25,ZJV10RNN,ST12000NM0007,12000138625024,0,83.0,218390824.0,95.0,0.0,100.0,4.0,100.0,0.0,88.0,570060206.0,95.0,4589.0,100.0,0.0,100.0,4.0,,,,,100.0,0.0,100.0,0.0,,,73.0,27.0,,,100.0,57.0,100.0,870.0,27.0,27.0,100.0,0.0,100.0,0.0,200.0,0.0,100.0,4282.0,100.0,33789733696.0,100.0,37961963524.0
2019-04-26,ZJV10RNN,ST12000NM0007,12000138625024,0,81.0,126516568.0,95.0,0.0,100.0,4.0,100.0,0.0,88.0,571776293.0,95.0,4605.0,100.0,0.0,100.0,4.0,,,,,100.0,0.0,100.0,0.0,,,73.0,27.0,,,100.0,57.0,100.0,870.0,27.0,27.0,100.0,0.0,100.0,0.0,200.0,0.0,100.0,4298.0,100.0,33836890920.0,100.0,38067072684.0
2019-04-27,ZJV10RNN,ST12000NM0007,12000138625024,0,83.0,189147256.0,95.0,0.0,100.0,4.0,100.0,0.0,88.0,575530565.0,95.0,4637.0,100.0,0.0,100.0,4.0,,,,,100.0,0.0,100.0,0.0,,,73.0,27.0,,,100.0,58.0,100.0,872.0,27.0,27.0,100.0,0.0,100.0,0.0,200.0,0.0,100.0,4330.0,100.0,33939276512.0,100.0,38271458468.0
2019-04-28,ZJV10RNN,ST12000NM0007,12000138625024,0,78.0,68712368.0,95.0,0.0,100.0,4.0,100.0,0.0,88.0,577262551.0,95.0,4653.0,100.0,0.0,100.0,4.0,,,,,100.0,0.0,100.0,0.0,,,73.0,27.0,,,100.0,58.0,100.0,872.0,27.0,27.0,100.0,0.0,100.0,0.0,200.0,0.0,100.0,4346.0,100.0,33987433920.0,100.0,38347006996.0
2019-04-29,ZJV10RNN,ST12000NM0007,12000138625024,0,82.0,144365768.0,95.0,0.0,100.0,4.0,100.0,0.0,88.0,581198183.0,95.0,4685.0,100.0,0.0,100.0,4.0,,,,,100.0,0.0,100.0,0.0,,,73.0,27.0,,,100.0,58.0,100.0,874.0,27.0,27.0,100.0,0.0,100.0,0.0,200.0,0.0,100.0,4377.0,100.0,34090050712.0,100.0,38564184436.0
2019-04-30,ZJV10RNN,ST12000NM0007,12000138625024,0,80.0,111286696.0,95.0,0.0,100.0,4.0,100.0,0.0,88.0,583565990.0,95.0,4701.0,100.0,0.0,100.0,4.0,,,,,100.0,0.0,100.0,0.0,,,72.0,28.0,,,100.0,58.0,100.0,874.0,28.0,28.0,100.0,0.0,100.0,0.0,200.0,0.0,100.0,4393.0,100.0,34139311312.0,100.0,38725985396.0
2019-05-01,ZJV10RNN,ST12000NM0007,12000138625024,0,83.0,204283304.0,95.0,0.0,100.0,4.0,100.0,0.0,88.0,587146656.0,95.0,4732.0,100.0,0.0,100.0,4.0,,,,,100.0,0.0,100.0,0.0,,,77.0,23.0,,,100.0,58.0,100.0,876.0,23.0,23.0,100.0,0.0,100.0,0.0,200.0,0.0,100.0,4425.0,100.0,34253986320.0,100.0,38948447852.0
2019-05-02,ZJV10RNN,ST12000NM0007,12000138625024,0,81.0,135410872.0,95.0,0.0,100.0,4.0,100.0,0.0,88.0,588937221.0,95.0,4748.0,100.0,0.0,100.0,4.0,,,,,100.0,0.0,100.0,0.0,,,77.0,23.0,,,100.0,58.0,100.0,876.0,23.0,23.0,100.0,0.0,100.0,0.0,200.0,0.0,100.0,4441.0,100.0,34304074880.0,100.0,39073627836.0
2019-05-03,ZJV10RNN,ST12000NM0007,12000138625024,0,73.0,22253424.0,95.0,0.0,100.0,4.0,100.0,0.0,88.0,594895212.0,95.0,4780.0,100.0,0.0,100.0,4.0,,,,,100.0,0.0,100.0,0.0,,,77.0,23.0,,,100.0,58.0,100.0,878.0,23.0,23.0,100.0,0.0,100.0,0.0,200.0,0.0,100.0,4472.0,100.0,34427334600.0,100.0,39325492396.0
2019-05-04,ZJV10RNN,ST12000NM0007,12000138625024,0,83.0,197801784.0,95.0,0.0,100.0,4.0,100.0,0.0,88.0,596920107.0,95.0,4796.0,100.0,0.0,100.0,4.0,,,,,100.0,0.0,100.0,0.0,,,77.0,23.0,,,100.0,58.0,100.0,878.0,23.0,23.0,100.0,0.0,100.0,0.0,200.0,0.0,100.0,4488.0,100.0,34486695008.0,100.0,39441680348.0
2019-05-05,ZJV10RNN,ST12000NM0007,12000138625024,0,79.0,87553240.0,95.0,0.0,100.0,4.0,100.0,0.0,88.0,600821779.0,95.0,4828.0,100.0,0.0,100.0,4.0,,,,,100.0,0.0,100.0,0.0,,,76.0,24.0,,,100.0,60.0,100.0,880.0,24.0,24.0,100.0,0.0,100.0,0.0,200.0,0.0,100.0,4519.0,100.0,34598163072.0,100.0,39708245228.0
2019-05-06,ZJV10RNN,ST12000NM0007,12000138625024,0,76.0,39293792.0,95.0,0.0,100.0,4.0,100.0,0.0,88.0,602871778.0,95.0,4843.0,100.0,0.0,100.0,4.0,,,,,100.0,0.0,100.0,0.0,,,77.0,23.0,,,100.0,60.0,100.0,880.0,23.0,23.0,100.0,0.0,100.0,0.0,200.0,0.0,100.0,4535.0,100.0,34659278384.0,100.0,39843011164.0
2019-05-07,ZJV10RNN,ST12000NM0007,12000138625024,0,83.0,194670280.0,95.0,0.0,100.0,4.0,100.0,0.0,88.0,608019070.0,95.0,4875.0,100.0,0.0,100.0,4.0,,,,,100.0,0.0,100.0,0.0,,,73.0,27.0,,,100.0,60.0,100.0,882.0,27.0,27.0,100.0,0.0,100.0,0.0,200.0,0.0,100.0,4567.0,100.0,34779764144.0,100.0,40122042652.0
2019-05-08,ZJV10RNN,ST12000NM0007,12000138625024,0,81.0,138943672.0,95.0,0.0,100.0,4.0,100.0,0.0,88.0,610026726.0,95.0,4891.0,100.0,0.0,100.0,4.0,,,,,100.0,0.0,100.0,0.0,,,73.0,27.0,,,100.0,60.0,100.0,882.0,27.0,27.0,100.0,0.0,100.0,0.0,200.0,0.0,100.0,4583.0,100.0,34839843336.0,100.0,40250377700.0
2019-05-09,ZJV10RNN,ST12000NM0007,12000138625024,0,84.0,235572024.0,95.0,0.0,100.0,4.0,100.0,0.0,88.0,614224714.0,95.0,4923.0,100.0,0.0,100.0,4.0,,,,,100.0,0.0,100.0,0.0,,,73.0,27.0,,,100.0,61.0,100.0,884.0,27.0,27.0,100.0,0.0,100.0,0.0,200.0,0.0,100.0,4614.0,100.0,34933110464.0,100.0,40497879588.0
2019-05-10,ZJV10RNN,ST12000NM0007,12000138625024,0,81.0,116217408.0,95.0,0.0,100.0,4.0,100.0,0.0,88.0,616456386.0,95.0,4939.0,100.0,0.0,100.0,4.0,,,,,100.0,0.0,100.0,0.0,,,73.0,27.0,,,100.0,61.0,100.0,884.0,27.0,27.0,100.0,0.0,100.0,0.0,200.0,0.0,100.0,4630.0,100.0,34969840504.0,100.0,40585936092.0
2019-05-11,ZJV10RNN,ST12000NM0007,12000138625024,0,82.0,177807528.0,95.0,0.0,100.0,4.0,100.0,0.0,88.0,620086145.0,95.0,4970.0,100.0,0.0,100.0,4.0,,,,,100.0,0.0,100.0,0.0,,,74.0,26.0,,,100.0,61.0,100.0,886.0,26.0,26.0,100.0,0.0,100.0,0.0,200.0,0.0,100.0,4662.0,100.0,35050257720.0,100.0,40811249652.0
2019-05-12,ZJV10RNN,ST12000NM0007,12000138625024,0,80.0,103124400.0,95.0,0.0,100.0,4.0,100.0,0.0,88.0,621883180.0,95.0,4986.0,100.0,0.0,100.0,4.0,,,,,100.0,0.0,100.0,0.0,,,74.0,26.0,,,100.0,61.0,100.0,886.0,26.0,26.0,100.0,0.0,100.0,0.0,200.0,0.0,100.0,4678.0,100.0,35094546376.0,100.0,40936418724.0
2019-05-13,ZJV10RNN,ST12000NM0007,12000138625024,0,83.0,200322232.0,95.0,0.0,100.0,4.0,100.0,0.0,88.0,625220923.0,95.0,5018.0,100.0,0.0,100.0,4.0,,,,,100.0,0.0,100.0,0.0,,,73.0,27.0,,,100.0,61.0,100.0,888.0,27.0,27.0,100.0,0.0,100.0,0.0,200.0,0.0,100.0,4709.0,100.0,35213337648.0,100.0,41158965916.0
2019-05-14,ZJV10RNN,ST12000NM0007,12000138625024,0,83.0,191460080.0,95.0,0.0,100.0,4.0,100.0,0.0,88.0,629052495.0,95.0,5037.0,100.0,0.0,100.0,4.0,,,,,100.0,0.0,100.0,0.0,,,74.0,26.0,,,100.0,61.0,100.0,888.0,26.0,26.0,100.0,0.0,100.0,0.0,200.0,0.0,100.0,4728.0,100.0,35265691328.0,100.0,41341890924.0
2019-05-15,ZJV10RNN,ST12000NM0007,12000138625024,0,80.0,110728848.0,95.0,0.0,100.0,4.0,100.0,0.0,88.0,630895945.0,95.0,5053.0,100.0,0.0,100.0,4.0,,,,,100.0,0.0,100.0,0.0,,,74.0,26.0,,,100.0,61.0,100.0,889.0,26.0,26.0,100.0,0.0,100.0,0.0,200.0,0.0,100.0,4744.0,100.0,35314119424.0,100.0,41456872404.0
2019-05-16,ZJV10RNN,ST12000NM0007,12000138625024,0,81.0,123732168.0,95.0,0.0,100.0,4.0,100.0,0.0,88.0,634172883.0,95.0,5085.0,100.0,0.0,100.0,4.0,,,,,100.0,0.0,100.0,0.0,,,74.0,26.0,,,100.0,62.0,100.0,890.0,26.0,26.0,100.0,0.0,100.0,0.0,200.0,0.0,100.0,4776.0,100.0,35395567928.0,100.0,41632568036.0
2019-05-17,ZJV10RNN,ST12000NM0007,12000138625024,0,82.0,167707000.0,95.0,0.0,100.0,4.0,100.0,0.0,88.0,638264445.0,95.0,5116.0,100.0,0.0,100.0,4.0,,,,,100.0,0.0,100.0,0.0,,,79.0,21.0,,,100.0,62.0,100.0,892.0,21.0,21.0,100.0,0.0,100.0,0.0,200.0,0.0,100.0,4807.0,100.0,35492982016.0,100.0,41823269452.0
2019-05-18,ZJV10RNN,ST12000NM0007,12000138625024,0,79.0,72138248.0,95.0,0.0,100.0,4.0,100.0,0.0,88.0,639873268.0,95.0,5132.0,100.0,0.0,100.0,4.0,,,,,100.0,0.0,100.0,0.0,,,79.0,21.0,,,100.0,62.0,100.0,892.0,21.0,21.0,100.0,0.0,100.0,0.0,200.0,0.0,100.0,4823.0,100.0,35543692400.0,100.0,41921131060.0
2019-05-19,ZJV10RNN,ST12000NM0007,12000138625024,0,80.0,111638536.0,95.0,0.0,100.0,4.0,100.0,0.0,88.0,642799153.0,95.0,5164.0,100.0,0.0,100.0,4.0,,,,,100.0,0.0,100.0,0.0,,,77.0,23.0,,,100.0,63.0,100.0,894.0,23.0,23.0,100.0,0.0,100.0,0.0,200.0,0.0,100.0,4855.0,100.0,35601234624.0,100.0,42147229796.0
2019-05-20,ZJV10RNN,ST12000NM0007,12000138625024,0,65.0,3414936.0,95.0,0.0,100.0,4.0,100.0,0.0,88.0,644527696.0,95.0,5180.0,100.0,0.0,100.0,4.0,,,,,100.0,0.0,100.0,0.0,,,77.0,23.0,,,100.0,63.0,100.0,894.0,23.0,23.0,100.0,0.0,100.0,0.0,200.0,0.0,100.0,4871.0,100.0,35651686616.0,100.0,42232694844.0
2019-05-21,ZJV10RNN,ST12000NM0007,12000138625024,0,80.0,93895032.0,95.0,0.0,100.0,4.0,100.0,0.0,88.0,648721517.0,95.0,5212.0,100.0,0.0,100.0,4.0,,,,,100.0,0.0,100.0,0.0,,,77.0,23.0,,,100.0,64.0,100.0,896.0,23.0,23.0,100.0,0.0,100.0,0.0,200.0,0.0,100.0,4902.0,100.0,35746030640.0,100.0,42472971980.0
2019-05-22,ZJV10RNN,ST12000NM0007,12000138625024,0,69.0,7955040.0,95.0,0.0,100.0,4.0,100.0,0.0,88.0,650321825.0,95.0,5228.0,100.0,0.0,100.0,4.0,,,,,100.0,0.0,100.0,0.0,,,78.0,22.0,,,100.0,64.0,100.0,896.0,22.0,22.0,100.0,0.0,100.0,0.0,200.0,0.0,100.0,4918.0,100.0,35799948368.0,100.0,42577254900.0
2019-05-23,ZJV10RNN,ST12000NM0007,12000138625024,0,80.0,101421776.0,95.0,0.0,100.0,4.0,100.0,0.0,88.0,654117153.0,94.0,5259.0,100.0,0.0,100.0,4.0,,,,,100.0,0.0,100.0,0.0,,,76.0,24.0,,,100.0,66.0,100.0,898.0,24.0,24.0,100.0,0.0,100.0,0.0,200.0,0.0,100.0,4949.0,100.0,35898176936.0,100.0,42816633716.0
2019-05-24,ZJV10RNN,ST12000NM0007,12000138625024,0,74.0,26821256.0,95.0,0.0,100.0,4.0,100.0,0.0,88.0,657223460.0,94.0,5275.0,100.0,0.0,100.0,4.0,,,,,100.0,0.0,100.0,0.0,,,77.0,23.0,,,100.0,66.0,100.0,898.0,23.0,23.0,100.0,0.0,100.0,0.0,200.0,0.0,100.0,4965.0,100.0,35970650048.0,100.0,42913700940.0
2019-05-25,ZJV10RNN,ST12000NM0007,12000138625024,0,78.0,65864016.0,95.0,0.0,100.0,4.0,100.0,0.0,88.0,660569446.0,94.0,5307.0,100.0,0.0,100.0,4.0,,,,,100.0,0.0,100.0,0.0,,,78.0,22.0,,,100.0,66.0,100.0,900.0,22.0,22.0,100.0,0.0,100.0,0.0,200.0,0.0,100.0,4997.0,100.0,36063592832.0,100.0,43103941684.0
2019-05-26,ZJV10RNN,ST12000NM0007,12000138625024,0,83.0,201748896.0,95.0,0.0,100.0,4.0,100.0,0.0,88.0,661987498.0,94.0,5323.0,100.0,0.0,100.0,4.0,,,,,100.0,0.0,100.0,0.0,,,78.0,22.0,,,100.0,66.0,100.0,900.0,22.0,22.0,100.0,0.0,100.0,0.0,200.0,0.0,100.0,5013.0,100.0,36093433128.0,100.0,43209986268.0
2019-05-27,ZJV10RNN,ST12000NM0007,12000138625024,0,79.0,81859176.0,95.0,0.0,100.0,4.0,100.0,0.0,88.0,666124692.0,94.0,5355.0,100.0,0.0,100.0,4.0,,,,,100.0,0.0,100.0,0.0,,,76.0,24.0,,,100.0,67.0,100.0,902.0,24.0,24.0,100.0,0.0,100.0,0.0,200.0,0.0,100.0,5045.0,100.0,36224402536.0,100.0,43447408620.0
2019-05-28,ZJV10RNN,ST12000NM0007,12000138625024,0,73.0,22215104.0,95.0,0.0,100.0,4.0,100.0,0.0,88.0,668722070.0,94.0,5371.0,100.0,0.0,100.0,4.0,,,,,100.0,0.0,100.0,0.0,,,77.0,23.0,,,100.0,67.0,100.0,902.0,23.0,23.0,100.0,0.0,100.0,0.0,200.0,0.0,100.0,5060.0,100.0,36262696312.0,100.0,43593612004.0
2019-05-29,ZJV10RNN,ST12000NM0007,12000138625024,0,80.0,93832240.0,95.0,0.0,100.0,4.0,100.0,0.0,88.0,672213667.0,94.0,5402.0,100.0,0.0,100.0,4.0,,,,,100.0,0.0,100.0,0.0,,,81.0,19.0,,,100.0,68.0,100.0,904.0,19.0,19.0,100.0,0.0,100.0,0.0,200.0,0.0,100.0,5092.0,100.0,36358819840.0,100.0,43813246428.0
2019-05-30,ZJV10RNN,ST12000NM0007,12000138625024,0,100.0,275592.0,95.0,0.0,100.0,4.0,100.0,0.0,88.0,674003619.0,94.0,5418.0,100.0,0.0,100.0,4.0,,,,,100.0,0.0,100.0,0.0,,,81.0,19.0,,,100.0,68.0,100.0,904.0,19.0,19.0,100.0,0.0,100.0,0.0,200.0,0.0,100.0,5108.0,100.0,36413362640.0,100.0,43909287820.0
2019-05-31,ZJV10RNN,ST12000NM0007,12000138625024,0,74.0,23561240.0,95.0,0.0,100.0,4.0,100.0,0.0,88.0,677890598.0,94.0,5450.0,100.0,0.0,100.0,4.0,,,,,100.0,0.0,100.0,0.0,,,81.0,19.0,,,100.0,70.0,100.0,907.0,19.0,19.0,100.0,0.0,100.0,0.0,200.0,0.0,100.0,5139.0,100.0,36500383672.0,100.0,44089693276.0
2019-06-01,ZJV10RNN,ST12000NM0007,12000138625024,0,82.0,141684744.0,95.0,0.0,100.0,4.0,100.0,0.0,88.0,679553651.0,94.0,5466.0,100.0,0.0,100.0,4.0,,,,,100.0,0.0,100.0,0.0,,,81.0,19.0,,,100.0,70.0,100.0,907.0,19.0,19.0,100.0,0.0,100.0,0.0,200.0,0.0,100.0,5155.0,100.0,36536195976.0,100.0,44172004476.0
2019-06-02,ZJV10RNN,ST12000NM0007,12000138625024,0,82.0,176486256.0,95.0,0.0,100.0,4.0,100.0,0.0,88.0,683119917.0,94.0,5498.0,100.0,0.0,100.0,4.0,,,,,100.0,0.0,100.0,0.0,,,80.0,20.0,,,100.0,71.0,100.0,909.0,20.0,20.0,100.0,0.0,100.0,0.0,200.0,0.0,100.0,5187.0,100.0,36635731952.0,100.0,44351410668.0
2019-06-03,ZJV10RNN,ST12000NM0007,12000138625024,0,80.0,93006520.0,95.0,0.0,100.0,4.0,100.0,0.0,88.0,685049898.0,94.0,5513.0,100.0,0.0,100.0,4.0,,,,,100.0,0.0,100.0,0.0,,,80.0,20.0,,,100.0,71.0,100.0,909.0,20.0,20.0,100.0,0.0,100.0,0.0,200.0,0.0,100.0,5202.0,100.0,36714830704.0,100.0,44432972988.0
2019-06-04,ZJV10RNN,ST12000NM0007,12000138625024,0,83.0,220757072.0,95.0,0.0,100.0,4.0,100.0,0.0,88.0,690960540.0,94.0,5545.0,100.0,0.0,100.0,4.0,,,,,100.0,0.0,100.0,0.0,,,80.0,20.0,,,100.0,71.0,100.0,911.0,20.0,20.0,100.0,0.0,100.0,0.0,200.0,0.0,100.0,5234.0,100.0,36859883168.0,100.0,44659811916.0
2019-06-05,ZJV10RNN,ST12000NM0007,12000138625024,0,81.0,127184968.0,95.0,0.0,100.0,4.0,100.0,0.0,88.0,692730500.0,94.0,5561.0,100.0,0.0,100.0,4.0,,,,,100.0,0.0,100.0,0.0,,,81.0,19.0,,,100.0,71.0,100.0,911.0,19.0,19.0,100.0,0.0,100.0,0.0,200.0,0.0,100.0,5250.0,100.0,36922586056.0,100.0,44747677580.0
2019-06-06,ZJV10RNN,ST12000NM0007,12000138625024,0,83.0,184793240.0,95.0,0.0,100.0,4.0,100.0,0.0,88.0,696368582.0,94.0,5593.0,100.0,0.0,100.0,4.0,,,,,100.0,0.0,100.0,0.0,,,80.0,20.0,,,100.0,72.0,100.0,913.0,20.0,20.0,100.0,0.0,100.0,0.0,200.0,0.0,100.0,5281.0,100.0,37038521504.0,100.0,44933491300.0
2019-06-07,ZJV10RNN,ST12000NM0007,12000138625024,0,81.0,119419496.0,95.0,0.0,100.0,4.0,100.0,0.0,88.0,699261444.0,94.0,5609.0,100.0,0.0,100.0,4.0,,,,,100.0,0.0,100.0,0.0,,,81.0,19.0,,,100.0,73.0,100.0,914.0,19.0,19.0,100.0,0.0,100.0,0.0,200.0,0.0,100.0,5297.0,100.0,37125492656.0,100.0,45025287244.0
2019-06-08,ZJV10RNN,ST12000NM0007,12000138625024,0,84.0,232192256.0,95.0,0.0,100.0,4.0,100.0,0.0,88.0,703314835.0,94.0,5640.0,100.0,0.0,100.0,4.0,,,,,100.0,0.0,100.0,0.0,,,80.0,20.0,,,100.0,73.0,100.0,915.0,20.0,20.0,100.0,0.0,100.0,0.0,200.0,0.0,100.0,5328.0,100.0,37267168608.0,100.0,45240524724.0
2019-06-09,ZJV10RNN,ST12000NM0007,12000138625024,0,82.0,162317632.0,95.0,0.0,100.0,4.0,100.0,0.0,88.0,705010477.0,94.0,5656.0,100.0,0.0,100.0,4.0,,,,,100.0,0.0,100.0,0.0,,,81.0,19.0,,,100.0,73.0,100.0,916.0,19.0,19.0,100.0,0.0,100.0,0.0,200.0,0.0,100.0,5344.0,100.0,37300805464.0,100.0,45381153988.0
2019-06-10,ZJV10RNN,ST12000NM0007,12000138625024,0,83.0,190807768.0,95.0,0.0,100.0,4.0,100.0,0.0,89.0,708084652.0,94.0,5688.0,100.0,0.0,100.0,4.0,,,,,100.0,0.0,100.0,0.0,,,80.0,20.0,,,100.0,73.0,100.0,917.0,20.0,20.0,100.0,0.0,100.0,0.0,200.0,0.0,100.0,5376.0,100.0,37348316320.0,100.0,45606273908.0
2019-06-11,ZJV10RNN,ST12000NM0007,12000138625024,0,81.0,120188024.0,95.0,0.0,100.0,4.0,100.0,0.0,89.0,710014864.0,94.0,5703.0,100.0,0.0,100.0,4.0,,,,,100.0,0.0,100.0,0.0,,,80.0,20.0,,,100.0,74.0,100.0,918.0,20.0,20.0,100.0,0.0,100.0,0.0,200.0,0.0,100.0,5391.0,100.0,37383914216.0,100.0,45744197004.0
2019-06-12,ZJV10RNN,ST12000NM0007,12000138625024,0,83.0,211547280.0,95.0,0.0,100.0,4.0,100.0,0.0,89.0,714242427.0,94.0,5735.0,100.0,0.0,100.0,4.0,,,,,100.0,0.0,100.0,0.0,,,79.0,21.0,,,100.0,75.0,100.0,919.0,21.0,21.0,100.0,0.0,100.0,0.0,200.0,0.0,100.0,5423.0,100.0,37450657328.0,100.0,46012953828.0
2019-06-13,ZJV10RNN,ST12000NM0007,12000138625024,0,82.0,150497768.0,95.0,0.0,100.0,4.0,100.0,0.0,89.0,716168338.0,94.0,5751.0,100.0,0.0,100.0,4.0,,,,,100.0,0.0,100.0,0.0,,,80.0,20.0,,,100.0,75.0,100.0,920.0,20.0,20.0,100.0,0.0,100.0,0.0,200.0,0.0,100.0,5438.0,100.0,37475262912.0,100.0,46171439364.0
2019-06-14,ZJV10RNN,ST12000NM0007,12000138625024,0,84.0,226898040.0,95.0,0.0,100.0,4.0,100.0,0.0,89.0,720732952.0,94.0,5782.0,100.0,0.0,100.0,4.0,,,,,100.0,0.0,100.0,0.0,,,80.0,20.0,,,100.0,75.0,100.0,921.0,20.0,20.0,100.0,0.0,100.0,0.0,200.0,0.0,100.0,5470.0,100.0,37538817304.0,100.0,46428425948.0
2019-06-15,ZJV10RNN,ST12000NM0007,12000138625024,0,82.0,142323344.0,95.0,0.0,100.0,4.0,100.0,0.0,89.0,722544979.0,94.0,5798.0,100.0,0.0,100.0,4.0,,,,,100.0,0.0,100.0,0.0,,,81.0,19.0,,,100.0,75.0,100.0,922.0,19.0,19.0,100.0,0.0,100.0,0.0,200.0,0.0,100.0,5485.0,100.0,37567542312.0,100.0,46559267004.0
2019-06-16,ZJV10RNN,ST12000NM0007,12000138625024,0,81.0,134523056.0,95.0,0.0,100.0,4.0,100.0,0.0,89.0,726453913.0,94.0,5830.0,100.0,0.0,100.0,4.0,,,,,100.0,0.0,100.0,0.0,,,80.0,20.0,,,100.0,76.0,100.0,923.0,20.0,20.0,100.0,0.0,100.0,0.0,200.0,0.0,100.0,5517.0,100.0,37611709400.0,100.0,46751440356.0
2019-06-17,ZJV10RNN,ST12000NM0007,12000138625024,0,75.0,29125632.0,95.0,0.0,100.0,4.0,100.0,0.0,89.0,727986699.0,94.0,5846.0,100.0,0.0,100.0,4.0,,,,,100.0,0.0,100.0,0.0,,,80.0,20.0,,,100.0,77.0,100.0,924.0,20.0,20.0,100.0,0.0,100.0,0.0,200.0,0.0,100.0,5533.0,100.0,37633396184.0,100.0,46868496852.0
2019-06-18,ZJV10RNN,ST12000NM0007,12000138625024,0,81.0,122948296.0,95.0,0.0,100.0,4.0,100.0,0.0,89.0,732245506.0,94.0,5878.0,100.0,0.0,100.0,4.0,,,,,100.0,0.0,100.0,0.0,,,80.0,20.0,,,100.0,78.0,100.0,925.0,20.0,20.0,100.0,0.0,100.0,0.0,200.0,0.0,100.0,5565.0,100.0,37698972464.0,100.0,47140884356.0
2019-06-19,ZJV10RNN,ST12000NM0007,12000138625024,0,83.0,200293048.0,95.0,0.0,100.0,4.0,100.0,0.0,89.0,735733896.0,94.0,5910.0,100.0,0.0,100.0,4.0,,,,,100.0,0.0,100.0,0.0,,,80.0,20.0,,,100.0,78.0,100.0,927.0,20.0,20.0,100.0,0.0,100.0,0.0,200.0,0.0,100.0,5596.0,100.0,37772904784.0,100.0,47388437564.0
2019-06-20,ZJV10RNN,ST12000NM0007,12000138625024,0,79.0,85328344.0,95.0,0.0,100.0,4.0,100.0,0.0,89.0,737226704.0,94.0,5925.0,100.0,0.0,100.0,4.0,,,,,100.0,0.0,100.0,0.0,,,79.0,21.0,,,100.0,78.0,100.0,927.0,21.0,21.0,100.0,0.0,100.0,0.0,200.0,0.0,100.0,5612.0,100.0,37802593048.0,100.0,47487925236.0
2019-06-21,ZJV10RNN,ST12000NM0007,12000138625024,0,77.0,45638240.0,95.0,0.0,100.0,4.0,100.0,0.0,89.0,740913345.0,94.0,5957.0,100.0,0.0,100.0,4.0,,,,,100.0,0.0,100.0,0.0,,,80.0,20.0,,,100.0,79.0,100.0,929.0,20.0,20.0,100.0,0.0,100.0,0.0,200.0,0.0,100.0,5644.0,100.0,37865807176.0,100.0,47629161868.0
2019-06-22,ZJV10RNN,ST12000NM0007,12000138625024,0,83.0,192100440.0,95.0,0.0,100.0,4.0,100.0,0.0,89.0,742553361.0,94.0,5973.0,100.0,0.0,100.0,4.0,,,,,100.0,0.0,100.0,0.0,,,81.0,19.0,,,100.0,79.0,100.0,929.0,19.0,19.0,100.0,0.0,100.0,0.0,200.0,0.0,100.0,5660.0,100.0,37900696752.0,100.0,47740734492.0
2019-06-23,ZJV10RNN,ST12000NM0007,12000138625024,0,82.0,163670248.0,95.0,0.0,100.0,4.0,100.0,0.0,89.0,745424520.0,94.0,6005.0,100.0,0.0,100.0,4.0,,,,,100.0,0.0,100.0,0.0,,,82.0,18.0,,,100.0,81.0,100.0,931.0,18.0,18.0,100.0,0.0,100.0,0.0,200.0,0.0,100.0,5692.0,100.0,37969186528.0,100.0,47887955340.0
2019-06-24,ZJV10RNN,ST12000NM0007,12000138625024,0,78.0,66904440.0,95.0,0.0,100.0,4.0,100.0,0.0,89.0,746975114.0,94.0,6021.0,100.0,0.0,100.0,4.0,,,,,100.0,0.0,100.0,0.0,,,81.0,19.0,,,100.0,81.0,100.0,931.0,19.0,19.0,100.0,0.0,100.0,0.0,200.0,0.0,100.0,5707.0,100.0,38006151064.0,100.0,47998365828.0
2019-06-25,ZJV10RNN,ST12000NM0007,12000138625024,0,82.0,168486744.0,95.0,0.0,100.0,4.0,100.0,0.0,89.0,751947450.0,94.0,6053.0,100.0,0.0,100.0,4.0,,,,,100.0,0.0,100.0,0.0,,,81.0,19.0,,,100.0,82.0,100.0,933.0,19.0,19.0,100.0,0.0,100.0,0.0,200.0,0.0,100.0,5739.0,100.0,38137159344.0,100.0,48213080596.0
2019-06-26,ZJV10RNN,ST12000NM0007,12000138625024,0,80.0,93823208.0,95.0,0.0,100.0,4.0,100.0,0.0,89.0,753856200.0,94.0,6069.0,100.0,0.0,100.0,4.0,,,,,100.0,0.0,100.0,0.0,,,81.0,19.0,,,100.0,82.0,100.0,933.0,19.0,19.0,100.0,0.0,100.0,0.0,200.0,0.0,100.0,5755.0,100.0,38214463840.0,100.0,48305253300.0
2019-06-27,ZJV10RNN,ST12000NM0007,12000138625024,0,75.0,29438112.0,95.0,0.0,100.0,4.0,100.0,0.0,89.0,759097375.0,94.0,6100.0,100.0,0.0,100.0,4.0,,,,,100.0,0.0,100.0,0.0,,,81.0,19.0,,,100.0,82.0,100.0,935.0,19.0,19.0,100.0,0.0,100.0,0.0,200.0,0.0,100.0,5786.0,100.0,38284357984.0,100.0,48659255372.0
2019-06-28,ZJV10RNN,ST12000NM0007,12000138625024,0,83.0,178473368.0,95.0,0.0,100.0,4.0,100.0,0.0,89.0,761778443.0,94.0,6116.0,100.0,0.0,100.0,4.0,,,,,100.0,0.0,100.0,0.0,,,81.0,19.0,,,100.0,82.0,100.0,935.0,19.0,19.0,100.0,0.0,100.0,0.0,200.0,0.0,100.0,5802.0,100.0,38313297544.0,100.0,48779351068.0
2019-06-29,ZJV10RNN,ST12000NM0007,12000138625024,0,81.0,137553816.0,95.0,0.0,100.0,4.0,100.0,0.0,89.0,765803388.0,93.0,6148.0,100.0,0.0,100.0,4.0,,,,,100.0,0.0,100.0,0.0,,,81.0,19.0,,,100.0,82.0,100.0,937.0,19.0,19.0,100.0,0.0,100.0,0.0,200.0,0.0,100.0,5833.0,100.0,38388820312.0,100.0,49151190260.0
2019-06-30,ZJV10RNN,ST12000NM0007,12000138625024,0,80.0,107457760.0,95.0,0.0,100.0,4.0,100.0,0.0,89.0,767942344.0,93.0,6163.0,100.0,0.0,100.0,4.0,,,,,100.0,0.0,100.0,0.0,,,82.0,18.0,,,100.0,82.0,100.0,937.0,18.0,18.0,100.0,0.0,100.0,0.0,200.0,0.0,100.0,5849.0,100.0,38432175384.0,100.0,49321879900.0
2019-07-01,ZJV10RNN,ST12000NM0007,12000138625024,0,83.0,187314232.0,95.0,0.0,100.0,4.0,100.0,0.0,89.0,771248101.0,93.0,6195.0,100.0,0.0,100.0,4.0,,,,,100.0,0.0,100.0,0.0,,,81.0,19.0,,,100.0,84.0,100.0,939.0,19.0,19.0,100.0,0.0,100.0,0.0,200.0,0.0,100.0,5881.0,100.0,38478866280.0,100.0,49599186180.0
2019-07-02,ZJV10RNN,ST12000NM0007,12000138625024,0,81.0,115008928.0,95.0,0.0,100.0,4.0,100.0,0.0,89.0,773266902.0,93.0,6211.0,100.0,0.0,100.0,4.0,,,,,100.0,0.0,100.0,0.0,,,81.0,19.0,,,100.0,84.0,100.0,939.0,19.0,19.0,100.0,0.0,100.0,0.0,200.0,0.0,100.0,5897.0,100.0,38514552952.0,100.0,49735335044.0
2019-07-03,ZJV10RNN,ST12000NM0007,12000138625024,0,83.0,181045152.0,95.0,0.0,100.0,4.0,100.0,0.0,89.0,777434989.0,93.0,6243.0,100.0,0.0,100.0,4.0,,,,,100.0,0.0,100.0,0.0,,,81.0,19.0,,,100.0,85.0,100.0,941.0,19.0,19.0,100.0,0.0,100.0,0.0,200.0,0.0,100.0,5928.0,100.0,38580817232.0,100.0,49979247780.0
2019-07-04,ZJV10RNN,ST12000NM0007,12000138625024,0,80.0,94762344.0,95.0,0.0,100.0,4.0,100.0,0.0,89.0,779084600.0,93.0,6258.0,100.0,0.0,100.0,4.0,,,,,100.0,0.0,100.0,0.0,,,81.0,19.0,,,100.0,85.0,100.0,941.0,19.0,19.0,100.0,0.0,100.0,0.0,200.0,0.0,100.0,5944.0,100.0,38610593168.0,100.0,50107329708.0
2019-07-05,ZJV10RNN,ST12000NM0007,12000138625024,0,81.0,118671832.0,95.0,0.0,100.0,4.0,100.0,0.0,89.0,783243669.0,93.0,6290.0,100.0,0.0,100.0,4.0,,,,,100.0,0.0,100.0,0.0,,,81.0,19.0,,,100.0,86.0,100.0,943.0,19.0,19.0,100.0,0.0,100.0,0.0,200.0,0.0,100.0,5975.0,100.0,38672370592.0,100.0,50313602468.0
2019-07-06,ZJV10RNN,ST12000NM0007,12000138625024,0,76.0,42689824.0,95.0,0.0,100.0,4.0,100.0,0.0,89.0,784910994.0,93.0,6306.0,100.0,0.0,100.0,4.0,,,,,100.0,0.0,100.0,0.0,,,81.0,19.0,,,100.0,86.0,100.0,943.0,19.0,19.0,100.0,0.0,100.0,0.0,200.0,0.0,100.0,5991.0,100.0,38694193176.0,100.0,50459938548.0
2019-07-07,ZJV10RNN,ST12000NM0007,12000138625024,0,78.0,65185304.0,95.0,0.0,100.0,4.0,100.0,0.0,89.0,788073618.0,93.0,6338.0,100.0,0.0,100.0,4.0,,,,,100.0,0.0,100.0,0.0,,,80.0,20.0,,,100.0,86.0,100.0,945.0,20.0,20.0,100.0,0.0,100.0,0.0,200.0,0.0,100.0,6023.0,100.0,38763934568.0,100.0,50656833324.0
2019-07-08,ZJV10RNN,ST12000NM0007,12000138625024,0,76.0,36508904.0,95.0,0.0,100.0,4.0,100.0,0.0,89.0,789914804.0,93.0,6354.0,100.0,0.0,100.0,4.0,,,,,100.0,0.0,100.0,0.0,,,80.0,20.0,,,100.0,86.0,100.0,945.0,20.0,20.0,100.0,0.0,100.0,0.0,200.0,0.0,100.0,6039.0,100.0,38813162776.0,100.0,50823069348.0
2019-07-09,ZJV10RNN,ST12000NM0007,12000138625024,0,82.0,155407528.0,95.0,0.0,100.0,4.0,100.0,0.0,89.0,794373096.0,93.0,6385.0,100.0,0.0,100.0,4.0,,,,,100.0,0.0,100.0,0.0,,,80.0,20.0,,,100.0,87.0,100.0,947.0,20.0,20.0,100.0,0.0,100.0,0.0,200.0,0.0,100.0,6070.0,100.0,38884576592.0,100.0,51114694972.0
2019-07-10,ZJV10RNN,ST12000NM0007,12000138625024,0,80.0,104042712.0,95.0,0.0,100.0,4.0,100.0,0.0,89.0,796295005.0,93.0,6401.0,100.0,0.0,100.0,4.0,,,,,100.0,0.0,100.0,0.0,,,80.0,20.0,,,100.0,87.0,100.0,947.0,20.0,20.0,100.0,0.0,100.0,0.0,200.0,0.0,100.0,6086.0,100.0,38935318368.0,100.0,51256729172.0
2019-07-11,ZJV10RNN,ST12000NM0007,12000138625024,0,66.0,3628168.0,95.0,0.0,100.0,4.0,100.0,0.0,89.0,800552939.0,93.0,6433.0,100.0,0.0,100.0,4.0,,,,,100.0,0.0,100.0,0.0,,,79.0,21.0,,,100.0,88.0,100.0,949.0,21.0,21.0,100.0,0.0,100.0,0.0,200.0,0.0,100.0,6117.0,100.0,39073318728.0,100.0,51506595860.0
2019-07-12,ZJV10RNN,ST12000NM0007,12000138625024,0,83.0,199115936.0,95.0,0.0,100.0,4.0,100.0,0.0,89.0,803715625.0,93.0,6449.0,100.0,0.0,100.0,4.0,,,,,100.0,0.0,100.0,0.0,,,79.0,21.0,,,100.0,88.0,100.0,949.0,21.0,21.0,100.0,0.0,100.0,0.0,200.0,0.0,100.0,6133.0,100.0,39169196664.0,100.0,51606205692.0
2019-07-13,ZJV10RNN,ST12000NM0007,12000138625024,0,82.0,167591600.0,95.0,0.0,100.0,4.0,100.0,0.0,89.0,809301627.0,93.0,6480.0,100.0,0.0,100.0,4.0,,,,,100.0,0.0,100.0,0.0,,,79.0,21.0,,,100.0,89.0,100.0,950.0,21.0,21.0,100.0,0.0,100.0,0.0,200.0,0.0,100.0,6164.0,100.0,39301523264.0,100.0,51930636964.0
2019-07-14,ZJV10RNN,ST12000NM0007,12000138625024,0,82.0,153214680.0,95.0,0.0,100.0,4.0,100.0,0.0,89.0,811615748.0,93.0,6496.0,100.0,0.0,100.0,4.0,,,,,100.0,0.0,100.0,0.0,,,80.0,20.0,,,100.0,89.0,100.0,951.0,20.0,20.0,100.0,0.0,100.0,0.0,200.0,0.0,100.0,6180.0,100.0,39366583784.0,100.0,52095340380.0
2019-07-15,ZJV10RNN,ST12000NM0007,12000138625024,0,79.0,88812904.0,95.0,0.0,100.0,4.0,100.0,0.0,89.0,815597649.0,93.0,6528.0,100.0,0.0,100.0,4.0,,,,,100.0,0.0,100.0,0.0,,,79.0,21.0,,,100.0,89.0,100.0,952.0,21.0,21.0,100.0,0.0,100.0,0.0,200.0,0.0,100.0,6211.0,100.0,39426589224.0,100.0,52459214676.0
2019-07-16,ZJV10RNN,ST12000NM0007,12000138625024,0,79.0,86455304.0,95.0,0.0,100.0,4.0,100.0,0.0,89.0,817810899.0,93.0,6544.0,100.0,0.0,100.0,4.0,,,,,100.0,0.0,100.0,0.0,,,79.0,21.0,,,100.0,89.0,100.0,953.0,21.0,21.0,100.0,0.0,100.0,0.0,200.0,0.0,100.0,6227.0,100.0,39455090752.0,100.0,52672496404.0
2019-07-17,ZJV10RNN,ST12000NM0007,12000138625024,0,83.0,179027376.0,95.0,0.0,100.0,4.0,100.0,0.0,89.0,821976751.0,93.0,6575.0,100.0,0.0,100.0,4.0,,,,,100.0,0.0,100.0,0.0,,,80.0,20.0,,,100.0,90.0,100.0,954.0,20.0,20.0,100.0,0.0,100.0,0.0,200.0,0.0,100.0,6259.0,100.0,39539863592.0,100.0,52924436428.0
2019-07-18,ZJV10RNN,ST12000NM0007,12000138625024,0,80.0,106545224.0,95.0,0.0,100.0,4.0,100.0,0.0,89.0,823624935.0,93.0,6591.0,100.0,0.0,100.0,4.0,,,,,100.0,0.0,100.0,0.0,,,80.0,20.0,,,100.0,90.0,100.0,956.0,20.0,20.0,100.0,0.0,100.0,0.0,200.0,0.0,100.0,6274.0,100.0,39574025704.0,100.0,53061932868.0
2019-07-19,ZJV10RNN,ST12000NM0007,12000138625024,0,83.0,201177768.0,95.0,0.0,100.0,4.0,100.0,0.0,89.0,828334464.0,93.0,6623.0,100.0,0.0,100.0,4.0,,,,,100.0,0.0,100.0,0.0,,,80.0,20.0,,,100.0,90.0,100.0,957.0,20.0,20.0,100.0,0.0,100.0,0.0,200.0,0.0,100.0,6305.0,100.0,39680850968.0,100.0,53293880788.0
2019-07-20,ZJV10RNN,ST12000NM0007,12000138625024,0,82.0,153725416.0,95.0,0.0,100.0,4.0,100.0,0.0,89.0,830375880.0,93.0,6638.0,100.0,0.0,100.0,4.0,,,,,100.0,0.0,100.0,0.0,,,80.0,20.0,,,100.0,90.0,100.0,958.0,20.0,20.0,100.0,0.0,100.0,0.0,200.0,0.0,100.0,6321.0,100.0,39720749944.0,100.0,53450670204.0
2019-07-21,ZJV10RNN,ST12000NM0007,12000138625024,0,81.0,120149768.0,95.0,0.0,100.0,4.0,100.0,0.0,89.0,834408417.0,93.0,6670.0,100.0,0.0,100.0,4.0,,,,,100.0,0.0,100.0,0.0,,,80.0,20.0,,,100.0,90.0,100.0,959.0,20.0,20.0,100.0,0.0,100.0,0.0,200.0,0.0,100.0,6352.0,100.0,39788800744.0,100.0,53837325636.0
2019-07-22,ZJV10RNN,ST12000NM0007,12000138625024,0,83.0,195089344.0,95.0,0.0,100.0,4.0,100.0,0.0,89.0,837021097.0,93.0,6686.0,100.0,0.0,100.0,4.0,,,,,100.0,0.0,100.0,0.0,,,80.0,20.0,,,100.0,91.0,100.0,960.0,20.0,20.0,100.0,0.0,100.0,0.0,200.0,0.0,100.0,6368.0,100.0,39863527712.0,100.0,54081678924.0
2019-07-23,ZJV10RNN,ST12000NM0007,12000138625024,0,83.0,184835616.0,95.0,0.0,100.0,4.0,100.0,0.0,89.0,842023119.0,93.0,6718.0,100.0,0.0,100.0,4.0,,,,,100.0,0.0,100.0,0.0,,,79.0,21.0,,,100.0,91.0,100.0,961.0,21.0,21.0,100.0,0.0,100.0,0.0,200.0,0.0,100.0,6400.0,100.0,39950413464.0,100.0,54472820812.0
2019-07-24,ZJV10RNN,ST12000NM0007,12000138625024,0,84.0,233877680.0,95.0,0.0,100.0,4.0,100.0,0.0,89.0,845716413.0,93.0,6749.0,100.0,0.0,100.0,4.0,,,,,100.0,0.0,100.0,0.0,,,80.0,20.0,,,100.0,92.0,100.0,964.0,20.0,20.0,100.0,0.0,100.0,0.0,200.0,0.0,100.0,6431.0,100.0,40008482440.0,100.0,54707934692.0
2019-07-25,ZJV10RNN,ST12000NM0007,12000138625024,0,83.0,184980672.0,95.0,0.0,100.0,4.0,100.0,0.0,89.0,847284209.0,93.0,6765.0,100.0,0.0,100.0,4.0,,,,,100.0,0.0,100.0,0.0,,,79.0,21.0,,,100.0,92.0,100.0,965.0,21.0,21.0,100.0,0.0,100.0,0.0,200.0,0.0,100.0,6447.0,100.0,40021271880.0,100.0,54890389108.0
2019-07-26,ZJV10RNN,ST12000NM0007,12000138625024,0,84.0,226200376.0,95.0,0.0,100.0,4.0,100.0,0.0,89.0,851364814.0,93.0,6796.0,100.0,0.0,100.0,4.0,,,,,100.0,0.0,100.0,0.0,,,80.0,20.0,,,100.0,93.0,100.0,966.0,20.0,20.0,100.0,0.0,100.0,0.0,200.0,0.0,100.0,6478.0,100.0,40092322432.0,100.0,55104698948.0
2019-07-27,ZJV10RNN,ST12000NM0007,12000138625024,0,83.0,184190328.0,95.0,0.0,100.0,4.0,100.0,0.0,89.0,854124563.0,93.0,6812.0,100.0,0.0,100.0,4.0,,,,,100.0,0.0,100.0,0.0,,,79.0,21.0,,,100.0,93.0,100.0,967.0,21.0,21.0,100.0,0.0,100.0,0.0,200.0,0.0,100.0,6494.0,100.0,40124731672.0,100.0,55274420404.0
2019-07-28,ZJV10RNN,ST12000NM0007,12000138625024,0,83.0,212720936.0,95.0,0.0,100.0,4.0,100.0,0.0,89.0,857944876.0,93.0,6844.0,100.0,0.0,100.0,4.0,,,,,100.0,0.0,100.0,0.0,,,79.0,21.0,,,100.0,93.0,100.0,968.0,21.0,21.0,100.0,0.0,100.0,0.0,200.0,0.0,100.0,6526.0,100.0,40195449736.0,100.0,55720514372.0
2019-07-29,ZJV10RNN,ST12000NM0007,12000138625024,0,100.0,584872.0,95.0,0.0,100.0,4.0,100.0,0.0,89.0,859829507.0,93.0,6860.0,100.0,0.0,100.0,4.0,,,,,100.0,0.0,100.0,0.0,,,79.0,21.0,,,100.0,93.0,100.0,968.0,21.0,21.0,100.0,0.0,100.0,0.0,200.0,0.0,100.0,6541.0,100.0,40236026232.0,100.0,55956083724.0
2019-07-30,ZJV10RNN,ST12000NM0007,12000138625024,0,81.0,139956096.0,95.0,0.0,100.0,4.0,100.0,0.0,89.0,865375277.0,93.0,6891.0,100.0,0.0,100.0,4.0,,,,,100.0,0.0,100.0,0.0,,,80.0,20.0,,,100.0,94.0,100.0,970.0,20.0,20.0,100.0,0.0,100.0,0.0,200.0,0.0,100.0,6573.0,100.0,40366341520.0,100.0,56453421284.0
2019-07-31,ZJV10RNN,ST12000NM0007,12000138625024,0,82.0,174128592.0,95.0,0.0,100.0,4.0,100.0,0.0,89.0,867381681.0,93.0,6907.0,100.0,0.0,100.0,4.0,,,,,100.0,0.0,100.0,0.0,,,80.0,20.0,,,100.0,94.0,100.0,970.0,20.0,20.0,100.0,0.0,100.0,0.0,200.0,0.0,100.0,6589.0,100.0,40419825840.0,100.0,56678250196.0
2019-08-01,ZJV10RNN,ST12000NM0007,12000138625024,0,82.0,177292568.0,95.0,0.0,100.0,4.0,100.0,0.0,89.0,871958504.0,93.0,6939.0,100.0,0.0,100.0,4.0,,,,,100.0,0.0,100.0,0.0,,,80.0,20.0,,,100.0,95.0,100.0,972.0,20.0,20.0,100.0,0.0,100.0,0.0,200.0,0.0,100.0,6620.0,100.0,40522938488.0,100.0,57066583132.0
2019-08-02,ZJV10RNN,ST12000NM0007,12000138625024,0,79.0,79905448.0,95.0,0.0,100.0,4.0,100.0,0.0,89.0,875050058.0,93.0,6955.0,100.0,0.0,100.0,4.0,,,,,100.0,0.0,100.0,0.0,,,80.0,20.0,,,100.0,95.0,100.0,972.0,20.0,20.0,100.0,0.0,100.0,0.0,200.0,0.0,100.0,6636.0,100.0,40595212768.0,100.0,57141062940.0
2019-08-03,ZJV10RNN,ST12000NM0007,12000138625024,0,81.0,134838824.0,95.0,0.0,100.0,4.0,100.0,0.0,89.0,879786401.0,93.0,6987.0,100.0,0.0,100.0,4.0,,,,,100.0,0.0,100.0,0.0,,,79.0,21.0,,,100.0,95.0,100.0,974.0,21.0,21.0,100.0,0.0,100.0,0.0,200.0,0.0,100.0,6668.0,100.0,40730224832.0,100.0,57549265564.0
2019-08-04,ZJV10RNN,ST12000NM0007,12000138625024,0,83.0,207470416.0,95.0,0.0,100.0,4.0,100.0,0.0,89.0,882029023.0,93.0,7002.0,100.0,0.0,100.0,4.0,,,,,100.0,0.0,100.0,0.0,,,80.0,20.0,,,100.0,95.0,100.0,974.0,20.0,20.0,100.0,0.0,100.0,0.0,200.0,0.0,100.0,6684.0,100.0,40798765664.0,100.0,57797497148.0
2019-08-05,ZJV10RNN,ST12000NM0007,12000138625024,0,82.0,145292456.0,95.0,0.0,100.0,4.0,100.0,0.0,89.0,886911531.0,92.0,7034.0,100.0,0.0,100.0,4.0,,,,,100.0,0.0,100.0,0.0,,,80.0,20.0,,,100.0,95.0,100.0,976.0,20.0,20.0,100.0,0.0,100.0,0.0,200.0,0.0,100.0,6715.0,100.0,40970716344.0,100.0,58295790924.0
2019-08-06,ZJV10RNN,ST12000NM0007,12000138625024,0,73.0,19944848.0,95.0,0.0,100.0,4.0,100.0,0.0,89.0,889410717.0,92.0,7050.0,100.0,0.0,100.0,4.0,,,,,100.0,0.0,100.0,0.0,,,80.0,20.0,,,100.0,95.0,100.0,976.0,20.0,20.0,100.0,0.0,100.0,0.0,200.0,0.0,100.0,6731.0,100.0,41024223248.0,100.0,58605217892.0
2019-08-07,ZJV10RNN,ST12000NM0007,12000138625024,0,84.0,233484776.0,95.0,0.0,100.0,4.0,100.0,0.0,90.0,895825202.0,92.0,7082.0,100.0,0.0,100.0,4.0,,,,,100.0,0.0,100.0,0.0,,,80.0,20.0,,,100.0,95.0,100.0,979.0,20.0,20.0,100.0,0.0,100.0,0.0,200.0,0.0,100.0,6762.0,100.0,41224175456.0,100.0,59107087076.0
2019-08-08,ZJV10RNN,ST12000NM0007,12000138625024,0,79.0,75892368.0,95.0,0.0,100.0,4.0,100.0,0.0,90.0,898779949.0,92.0,7098.0,100.0,0.0,100.0,4.0,,,,,100.0,0.0,100.0,0.0,,,80.0,20.0,,,100.0,95.0,100.0,979.0,20.0,20.0,100.0,0.0,100.0,0.0,200.0,0.0,100.0,6778.0,100.0,41304088944.0,100.0,59357862740.0
2019-08-09,ZJV10RNN,ST12000NM0007,12000138625024,0,83.0,199525016.0,95.0,0.0,100.0,4.0,100.0,0.0,90.0,904406823.0,92.0,7129.0,100.0,0.0,100.0,4.0,,,,,100.0,0.0,100.0,0.0,,,80.0,20.0,,,100.0,95.0,100.0,980.0,20.0,20.0,100.0,0.0,100.0,0.0,200.0,0.0,100.0,6810.0,100.0,41403978592.0,100.0,59625746564.0
2019-08-10,ZJV10RNN,ST12000NM0007,12000138625024,0,72.0,16710456.0,95.0,0.0,100.0,4.0,100.0,0.0,90.0,907316010.0,92.0,7145.0,100.0,0.0,100.0,4.0,,,,,100.0,0.0,100.0,0.0,,,80.0,20.0,,,100.0,95.0,100.0,981.0,20.0,20.0,100.0,0.0,100.0,0.0,200.0,0.0,100.0,6825.0,100.0,41465494248.0,100.0,59869697844.0
2019-08-11,ZJV10RNN,ST12000NM0007,12000138625024,0,82.0,142756800.0,95.0,0.0,100.0,4.0,100.0,0.0,90.0,913743167.0,92.0,7177.0,100.0,0.0,100.0,4.0,,,,,100.0,0.0,100.0,0.0,,,80.0,20.0,,,100.0,95.0,100.0,982.0,20.0,20.0,100.0,0.0,100.0,0.0,200.0,0.0,100.0,6857.0,100.0,41576798560.0,100.0,60372721260.0
2019-08-12,ZJV10RNN,ST12000NM0007,12000138625024,0,84.0,238847856.0,95.0,0.0,100.0,4.0,100.0,0.0,90.0,916014039.0,92.0,7193.0,100.0,0.0,100.0,4.0,,,,,100.0,0.0,100.0,0.0,,,80.0,20.0,,,100.0,95.0,100.0,983.0,20.0,20.0,100.0,0.0,100.0,0.0,200.0,0.0,100.0,6873.0,100.0,41638718552.0,100.0,60651033068.0
2019-08-13,ZJV10RNN,ST12000NM0007,12000138625024,0,82.0,146602392.0,95.0,0.0,100.0,4.0,100.0,0.0,90.0,921597198.0,92.0,7224.0,100.0,0.0,100.0,4.0,,,,,100.0,0.0,100.0,0.0,,,79.0,21.0,,,100.0,96.0,100.0,984.0,21.0,21.0,100.0,0.0,100.0,0.0,200.0,0.0,100.0,6904.0,100.0,41808643656.0,100.0,61121284964.0
2019-08-14,ZJV10RNN,ST12000NM0007,12000138625024,0,83.0,221659296.0,95.0,0.0,100.0,4.0,100.0,0.0,90.0,924602076.0,92.0,7240.0,100.0,0.0,100.0,4.0,,,,,100.0,0.0,100.0,0.0,,,80.0,20.0,,,100.0,96.0,100.0,985.0,20.0,20.0,100.0,0.0,100.0,0.0,200.0,0.0,100.0,6920.0,100.0,41885912504.0,100.0,61363213836.0
2019-08-15,ZJV10RNN,ST12000NM0007,12000138625024,0,82.0,152057400.0,95.0,0.0,100.0,4.0,100.0,0.0,90.0,930170145.0,92.0,7272.0,100.0,0.0,100.0,4.0,,,,,100.0,0.0,100.0,0.0,,,78.0,22.0,,,100.0,96.0,100.0,986.0,22.0,22.0,100.0,0.0,100.0,0.0,200.0,0.0,100.0,6951.0,100.0,41943864360.0,100.0,61723941428.0
2019-08-16,ZJV10RNN,ST12000NM0007,12000138625024,0,65.0,3522032.0,95.0,0.0,100.0,4.0,100.0,0.0,90.0,932622299.0,92.0,7288.0,100.0,0.0,100.0,4.0,,,,,100.0,0.0,100.0,0.0,,,80.0,20.0,,,100.0,96.0,100.0,987.0,20.0,20.0,100.0,0.0,100.0,0.0,200.0,0.0,100.0,6967.0,100.0,41967172600.0,100.0,61796238452.0
2019-08-17,ZJV10RNN,ST12000NM0007,12000138625024,0,83.0,182590336.0,95.0,0.0,100.0,4.0,100.0,0.0,90.0,937300930.0,92.0,7319.0,100.0,0.0,100.0,4.0,,,,,100.0,0.0,100.0,0.0,,,80.0,20.0,,,100.0,96.0,100.0,988.0,20.0,20.0,100.0,0.0,100.0,0.0,200.0,0.0,100.0,6999.0,100.0,42018883600.0,100.0,62167736764.0
2019-08-18,ZJV10RNN,ST12000NM0007,12000138625024,0,83.0,183825496.0,95.0,0.0,100.0,4.0,100.0,0.0,90.0,939153319.0,92.0,7335.0,100.0,0.0,100.0,4.0,,,,,100.0,0.0,100.0,0.0,,,80.0,20.0,,,100.0,96.0,100.0,989.0,20.0,20.0,100.0,0.0,100.0,0.0,200.0,0.0,100.0,7015.0,100.0,42048031792.0,100.0,62383964484.0
2019-08-19,ZJV10RNN,ST12000NM0007,12000138625024,0,83.0,222716016.0,95.0,0.0,100.0,4.0,100.0,0.0,90.0,942986727.0,92.0,7367.0,100.0,0.0,100.0,4.0,,,,,100.0,0.0,100.0,0.0,,,80.0,20.0,,,100.0,96.0,100.0,990.0,20.0,20.0,100.0,0.0,100.0,0.0,200.0,0.0,100.0,7046.0,100.0,42097555528.0,100.0,62861612764.0
2019-08-20,ZJV10RNN,ST12000NM0007,12000138625024,0,76.0,40167472.0,95.0,0.0,100.0,4.0,100.0,0.0,90.0,945328297.0,92.0,7383.0,100.0,0.0,100.0,4.0,,,,,100.0,0.0,100.0,0.0,,,80.0,20.0,,,100.0,97.0,100.0,991.0,20.0,20.0,100.0,0.0,100.0,0.0,200.0,0.0,100.0,7062.0,100.0,42157418888.0,100.0,63107482356.0
2019-08-21,ZJV10RNN,ST12000NM0007,12000138625024,0,80.0,94515304.0,95.0,0.0,100.0,4.0,100.0,0.0,90.0,950177230.0,92.0,7415.0,100.0,0.0,100.0,4.0,,,,,100.0,0.0,100.0,0.0,,,80.0,20.0,,,100.0,97.0,100.0,992.0,20.0,20.0,100.0,0.0,100.0,0.0,200.0,0.0,100.0,7093.0,100.0,42238130832.0,100.0,63569399524.0
2019-08-22,ZJV10RNN,ST12000NM0007,12000138625024,0,84.0,240954768.0,95.0,0.0,100.0,4.0,100.0,0.0,90.0,954741147.0,92.0,7446.0,100.0,0.0,100.0,4.0,,,,,100.0,0.0,100.0,0.0,,,81.0,19.0,,,100.0,98.0,100.0,994.0,19.0,19.0,100.0,0.0,100.0,0.0,200.0,0.0,100.0,7125.0,100.0,42294954512.0,100.0,63903156036.0
2019-08-23,ZJV10RNN,ST12000NM0007,12000138625024,0,77.0,47751056.0,95.0,0.0,100.0,4.0,100.0,0.0,90.0,957107296.0,92.0,7462.0,100.0,0.0,100.0,4.0,,,,,100.0,0.0,100.0,0.0,,,80.0,20.0,,,100.0,98.0,100.0,994.0,20.0,20.0,100.0,0.0,100.0,0.0,200.0,0.0,100.0,7141.0,100.0,42334743440.0,100.0,64158444764.0
2019-08-24,ZJV10RNN,ST12000NM0007,12000138625024,0,80.0,98415064.0,95.0,0.0,100.0,4.0,100.0,0.0,90.0,961054229.0,92.0,7494.0,100.0,0.0,100.0,4.0,,,,,100.0,0.0,100.0,0.0,,,81.0,19.0,,,100.0,99.0,100.0,996.0,19.0,19.0,100.0,0.0,100.0,0.0,200.0,0.0,100.0,7172.0,100.0,42403426296.0,100.0,64628707364.0
2019-08-25,ZJV10RNN,ST12000NM0007,12000138625024,0,80.0,110099272.0,95.0,0.0,100.0,4.0,100.0,0.0,90.0,962655086.0,92.0,7510.0,100.0,0.0,100.0,4.0,,,,,100.0,0.0,100.0,0.0,,,80.0,20.0,,,100.0,99.0,100.0,996.0,20.0,20.0,100.0,0.0,100.0,0.0,200.0,0.0,100.0,7188.0,100.0,42429504800.0,100.0,64858453780.0
2019-08-26,ZJV10RNN,ST12000NM0007,12000138625024,0,70.0,9192488.0,95.0,0.0,100.0,4.0,100.0,0.0,90.0,970153809.0,92.0,7557.0,100.0,0.0,100.0,4.0,,,,,100.0,0.0,100.0,0.0,,,79.0,21.0,,,100.0,99.0,100.0,998.0,21.0,21.0,100.0,0.0,100.0,0.0,200.0,0.0,100.0,7235.0,100.0,42565623248.0,100.0,65597995036.0
2019-08-27,ZJV10RNN,ST12000NM0007,12000138625024,0,70.0,9192488.0,95.0,0.0,100.0,4.0,100.0,0.0,90.0,970153809.0,92.0,7557.0,100.0,0.0,100.0,4.0,,,,,100.0,0.0,100.0,0.0,,,79.0,21.0,,,100.0,99.0,100.0,998.0,21.0,21.0,100.0,0.0,100.0,0.0,200.0,0.0,100.0,7235.0,100.0,42565623248.0,100.0,65597995036.0
2019-08-28,ZJV10RNN,ST12000NM0007,12000138625024,0,75.0,29368600.0,95.0,0.0,100.0,4.0,100.0,0.0,90.0,974777731.0,92.0,7589.0,100.0,0.0,100.0,4.0,,,,,100.0,0.0,100.0,0.0,,,80.0,20.0,,,100.0,99.0,100.0,1000.0,20.0,20.0,100.0,0.0,100.0,0.0,200.0,0.0,100.0,7267.0,100.0,42646114920.0,100.0,66025961140.0
2019-08-29,ZJV10RNN,ST12000NM0007,12000138625024,0,78.0,67020240.0,95.0,0.0,100.0,4.0,100.0,0.0,90.0,977384510.0,92.0,7605.0,100.0,0.0,100.0,4.0,,,,,100.0,0.0,100.0,0.0,,,80.0,20.0,,,100.0,99.0,100.0,1000.0,20.0,20.0,100.0,0.0,100.0,0.0,200.0,0.0,100.0,7282.0,100.0,42708397576.0,100.0,66245470972.0
2019-08-30,ZJV10RNN,ST12000NM0007,12000138625024,0,72.0,14178824.0,95.0,0.0,100.0,4.0,100.0,0.0,90.0,982662551.0,92.0,7637.0,100.0,0.0,100.0,4.0,,,,,100.0,0.0,100.0,0.0,,,80.0,20.0,,,100.0,99.0,100.0,1002.0,20.0,20.0,100.0,0.0,100.0,0.0,200.0,0.0,100.0,7314.0,100.0,42786831280.0,100.0,66602477372.0
2019-08-31,ZJV10RNN,ST12000NM0007,12000138625024,0,69.0,8657640.0,95.0,0.0,100.0,4.0,100.0,0.0,90.0,984884754.0,92.0,7652.0,100.0,0.0,100.0,4.0,,,,,100.0,0.0,100.0,0.0,,,80.0,20.0,,,100.0,99.0,100.0,1002.0,20.0,20.0,100.0,0.0,100.0,0.0,200.0,0.0,100.0,7330.0,100.0,42842497208.0,100.0,66785430996.0
2019-09-01,ZJV10RNN,ST12000NM0007,12000138625024,0,74.0,26287456.0,95.0,0.0,100.0,4.0,100.0,0.0,90.0,990673590.0,92.0,7684.0,100.0,0.0,100.0,4.0,,,,,100.0,0.0,100.0,0.0,,,80.0,20.0,,,100.0,99.0,100.0,1003.0,20.0,20.0,100.0,0.0,100.0,0.0,200.0,0.0,100.0,7361.0,100.0,42914819968.0,100.0,67219020036.0
2019-09-02,ZJV10RNN,ST12000NM0007,12000138625024,0,72.0,16788656.0,95.0,0.0,100.0,4.0,100.0,0.0,90.0,992668214.0,92.0,7700.0,100.0,0.0,100.0,4.0,,,,,100.0,0.0,100.0,0.0,,,80.0,20.0,,,100.0,100.0,100.0,1004.0,20.0,20.0,100.0,0.0,100.0,0.0,200.0,0.0,100.0,7377.0,100.0,42947604056.0,100.0,67420878164.0
2019-09-03,ZJV10RNN,ST12000NM0007,12000138625024,0,74.0,26685288.0,95.0,0.0,100.0,4.0,100.0,0.0,90.0,998343083.0,92.0,7731.0,100.0,0.0,100.0,4.0,,,,,100.0,0.0,100.0,0.0,,,80.0,20.0,,,100.0,101.0,100.0,1005.0,20.0,20.0,100.0,0.0,100.0,0.0,200.0,0.0,100.0,7409.0,100.0,43015172688.0,100.0,67851487524.0
2019-09-04,ZJV10RNN,ST12000NM0007,12000138625024,0,76.0,39275144.0,95.0,0.0,100.0,4.0,100.0,0.0,90.0,305416.0,92.0,7747.0,100.0,0.0,100.0,4.0,,,,,100.0,0.0,100.0,0.0,,,80.0,20.0,,,100.0,101.0,100.0,1006.0,20.0,20.0,100.0,0.0,100.0,0.0,200.0,0.0,100.0,7424.0,100.0,43058717032.0,100.0,68064673852.0
2019-09-05,ZJV10RNN,ST12000NM0007,12000138625024,0,72.0,15336088.0,95.0,0.0,100.0,4.0,100.0,0.0,66.0,4446750.0,92.0,7779.0,100.0,0.0,100.0,4.0,,,,,100.0,0.0,100.0,0.0,,,80.0,20.0,,,100.0,101.0,100.0,1008.0,20.0,20.0,100.0,0.0,100.0,0.0,200.0,0.0,100.0,7456.0,100.0,43153145848.0,100.0,68434587380.0
2019-09-06,ZJV10RNN,ST12000NM0007,12000138625024,0,82.0,144887720.0,95.0,0.0,100.0,4.0,100.0,0.0,69.0,7289768.0,92.0,7795.0,100.0,0.0,100.0,4.0,,,,,100.0,0.0,100.0,0.0,,,80.0,20.0,,,100.0,101.0,100.0,1008.0,20.0,20.0,100.0,0.0,100.0,0.0,200.0,0.0,100.0,7471.0,100.0,43188508552.0,100.0,68528776308.0
2019-09-07,ZJV10RNN,ST12000NM0007,12000138625024,0,83.0,205440744.0,95.0,0.0,100.0,4.0,100.0,0.0,70.0,10940646.0,92.0,7826.0,100.0,0.0,100.0,4.0,,,,,100.0,0.0,100.0,0.0,,,80.0,20.0,,,100.0,102.0,100.0,1010.0,20.0,20.0,100.0,0.0,100.0,0.0,200.0,0.0,100.0,7503.0,100.0,43250421008.0,100.0,68771557524.0
2019-09-08,ZJV10RNN,ST12000NM0007,12000138625024,0,79.0,87763688.0,95.0,0.0,100.0,4.0,100.0,0.0,71.0,12673222.0,92.0,7842.0,100.0,0.0,100.0,4.0,,,,,100.0,0.0,100.0,0.0,,,81.0,19.0,,,100.0,102.0,100.0,1010.0,19.0,19.0,100.0,0.0,100.0,0.0,200.0,0.0,100.0,7519.0,100.0,43284272624.0,100.0,68864169596.0
2019-09-09,ZJV10RNN,ST12000NM0007,12000138625024,0,100.0,2310320.0,95.0,0.0,100.0,4.0,100.0,0.0,72.0,16940075.0,92.0,7874.0,100.0,0.0,100.0,4.0,,,,,100.0,0.0,100.0,0.0,,,80.0,20.0,,,100.0,102.0,100.0,1012.0,20.0,20.0,100.0,0.0,100.0,0.0,200.0,0.0,100.0,7550.0,100.0,43377085800.0,100.0,69174184476.0
2019-09-10,ZJV10RNN,ST12000NM0007,12000138625024,0,67.0,4905496.0,95.0,0.0,100.0,4.0,100.0,0.0,73.0,19559129.0,91.0,7889.0,100.0,0.0,100.0,4.0,,,,,100.0,0.0,100.0,0.0,,,80.0,20.0,,,100.0,102.0,100.0,1012.0,20.0,20.0,100.0,0.0,100.0,0.0,200.0,0.0,100.0,7566.0,100.0,43424136192.0,100.0,69373869892.0
2019-09-11,ZJV10RNN,ST12000NM0007,12000138625024,0,82.0,177126968.0,95.0,0.0,100.0,4.0,100.0,0.0,74.0,24428724.0,91.0,7921.0,100.0,0.0,100.0,4.0,,,,,100.0,0.0,100.0,0.0,,,80.0,20.0,,,100.0,103.0,100.0,1014.0,20.0,20.0,100.0,0.0,100.0,0.0,200.0,0.0,100.0,7597.0,100.0,43510646976.0,100.0,69703721356.0
2019-09-12,ZJV10RNN,ST12000NM0007,12000138625024,0,82.0,164472080.0,95.0,0.0,100.0,4.0,100.0,0.0,74.0,26664857.0,91.0,7937.0,100.0,0.0,100.0,4.0,,,,,100.0,0.0,100.0,0.0,,,81.0,19.0,,,100.0,103.0,100.0,1014.0,19.0,19.0,100.0,0.0,100.0,0.0,200.0,0.0,100.0,7612.0,100.0,43568504536.0,100.0,69877349884.0
2019-09-13,ZJV10RNN,ST12000NM0007,12000138625024,0,72.0,15325728.0,95.0,0.0,100.0,4.0,100.0,0.0,75.0,31126112.0,91.0,7968.0,100.0,0.0,100.0,4.0,,,,,100.0,0.0,100.0,0.0,,,80.0,20.0,,,100.0,103.0,100.0,1016.0,20.0,20.0,100.0,0.0,100.0,0.0,200.0,0.0,100.0,7644.0,100.0,43643884048.0,100.0,70141105468.0
2019-09-14,ZJV10RNN,ST12000NM0007,12000138625024,0,100.0,533120.0,95.0,0.0,100.0,4.0,100.0,0.0,75.0,32884963.0,91.0,7984.0,100.0,0.0,100.0,4.0,,,,,100.0,0.0,100.0,0.0,,,80.0,20.0,,,100.0,103.0,100.0,1016.0,20.0,20.0,100.0,0.0,100.0,0.0,200.0,0.0,100.0,7660.0,100.0,43670787432.0,100.0,70343550212.0
2019-09-15,ZJV10RNN,ST12000NM0007,12000138625024,0,83.0,213175416.0,95.0,0.0,100.0,4.0,100.0,0.0,76.0,36806130.0,91.0,8016.0,100.0,0.0,100.0,4.0,,,,,100.0,0.0,100.0,0.0,,,80.0,20.0,,,100.0,104.0,100.0,1017.0,20.0,20.0,100.0,0.0,100.0,0.0,200.0,0.0,100.0,7691.0,100.0,43792136624.0,100.0,70678983980.0
2019-09-16,ZJV10RNN,ST12000NM0007,12000138625024,0,82.0,175869560.0,95.0,0.0,100.0,4.0,100.0,0.0,76.0,39115035.0,91.0,8032.0,100.0,0.0,100.0,4.0,,,,,100.0,0.0,100.0,0.0,,,80.0,20.0,,,100.0,105.0,100.0,1018.0,20.0,20.0,100.0,0.0,100.0,0.0,200.0,0.0,100.0,7707.0,100.0,43855332168.0,100.0,70822623268.0
2019-09-17,ZJV10RNN,ST12000NM0007,12000138625024,0,83.0,203106896.0,95.0,0.0,100.0,4.0,100.0,0.0,76.0,44403961.0,91.0,8063.0,100.0,0.0,100.0,4.0,,,,,100.0,0.0,100.0,0.0,,,80.0,20.0,,,100.0,105.0,100.0,1019.0,20.0,20.0,100.0,0.0,100.0,0.0,200.0,0.0,100.0,7738.0,100.0,43970164408.0,100.0,71223309708.0
2019-09-18,ZJV10RNN,ST12000NM0007,12000138625024,0,67.0,4476144.0,95.0,0.0,100.0,4.0,100.0,0.0,77.0,46656189.0,91.0,8079.0,100.0,0.0,100.0,4.0,,,,,100.0,0.0,100.0,0.0,,,80.0,20.0,,,100.0,106.0,100.0,1020.0,20.0,20.0,100.0,0.0,100.0,0.0,200.0,0.0,100.0,7754.0,100.0,44012241352.0,100.0,71470883724.0
2019-09-19,ZJV10RNN,ST12000NM0007,12000138625024,0,72.0,16411352.0,95.0,0.0,100.0,4.0,100.0,0.0,77.0,51045597.0,91.0,8110.0,100.0,0.0,100.0,4.0,,,,,100.0,0.0,100.0,0.0,,,80.0,20.0,,,100.0,106.0,100.0,1022.0,20.0,20.0,100.0,0.0,100.0,0.0,200.0,0.0,100.0,7785.0,100.0,44072298152.0,100.0,71911043556.0
2019-09-20,ZJV10RNN,ST12000NM0007,12000138625024,0,83.0,211691696.0,95.0,0.0,100.0,4.0,100.0,0.0,77.0,55531001.0,91.0,8126.0,100.0,0.0,100.0,4.0,,,,,100.0,0.0,100.0,0.0,,,80.0,20.0,,,100.0,107.0,100.0,1023.0,20.0,20.0,100.0,0.0,100.0,0.0,200.0,0.0,100.0,7801.0,100.0,44105305752.0,100.0,72073316308.0
2019-09-21,ZJV10RNN,ST12000NM0007,12000138625024,0,83.0,179708896.0,95.0,0.0,100.0,4.0,100.0,0.0,78.0,60304198.0,91.0,8158.0,100.0,0.0,100.0,4.0,,,,,100.0,0.0,100.0,0.0,,,81.0,19.0,,,100.0,107.0,100.0,1024.0,19.0,19.0,100.0,0.0,100.0,0.0,200.0,0.0,100.0,7833.0,100.0,44219542704.0,100.0,72415378692.0
2019-09-22,ZJV10RNN,ST12000NM0007,12000138625024,0,81.0,112880608.0,95.0,0.0,100.0,4.0,100.0,0.0,78.0,61999475.0,91.0,8174.0,100.0,0.0,100.0,4.0,,,,,100.0,0.0,100.0,0.0,,,81.0,19.0,,,100.0,108.0,100.0,1025.0,19.0,19.0,100.0,0.0,100.0,0.0,200.0,0.0,100.0,7848.0,100.0,44247529776.0,100.0,72564704116.0
2019-09-23,ZJV10RNN,ST12000NM0007,12000138625024,0,69.0,8213656.0,95.0,0.0,100.0,4.0,100.0,0.0,78.0,65440860.0,91.0,8206.0,100.0,0.0,100.0,4.0,,,,,100.0,0.0,100.0,0.0,,,81.0,19.0,,,100.0,108.0,100.0,1026.0,19.0,19.0,100.0,0.0,100.0,0.0,200.0,0.0,100.0,7880.0,100.0,44301711568.0,100.0,72894136916.0
2019-09-24,ZJV10RNN,ST12000NM0007,12000138625024,0,83.0,199827544.0,95.0,0.0,100.0,4.0,100.0,0.0,78.0,67137941.0,91.0,8222.0,100.0,0.0,100.0,4.0,,,,,100.0,0.0,100.0,0.0,,,80.0,20.0,,,100.0,108.0,100.0,1027.0,20.0,20.0,100.0,0.0,100.0,0.0,200.0,0.0,100.0,7896.0,100.0,44333977696.0,100.0,73053484676.0
2019-09-25,ZJV10RNN,ST12000NM0007,12000138625024,0,83.0,223553504.0,95.0,0.0,100.0,4.0,100.0,0.0,79.0,72466823.0,91.0,8254.0,100.0,0.0,100.0,4.0,,,,,100.0,0.0,100.0,0.0,,,80.0,20.0,,,100.0,108.0,100.0,1028.0,20.0,20.0,100.0,0.0,100.0,0.0,200.0,0.0,100.0,7927.0,100.0,44418498904.0,100.0,73480970772.0
2019-09-26,ZJV10RNN,ST12000NM0007,12000138625024,0,82.0,160949384.0,95.0,0.0,100.0,4.0,100.0,0.0,79.0,77273225.0,91.0,8285.0,100.0,0.0,100.0,4.0,,,,,100.0,0.0,100.0,0.0,,,80.0,20.0,,,100.0,109.0,100.0,1030.0,20.0,20.0,100.0,0.0,100.0,0.0,200.0,0.0,100.0,7958.0,100.0,44496984648.0,100.0,73828162228.0
2019-09-27,ZJV10RNN,ST12000NM0007,12000138625024,0,82.0,146453160.0,95.0,0.0,100.0,4.0,100.0,0.0,79.0,80154666.0,91.0,8301.0,100.0,0.0,100.0,4.0,,,,,100.0,0.0,100.0,0.0,,,80.0,20.0,,,100.0,109.0,100.0,1030.0,20.0,20.0,100.0,0.0,100.0,0.0,200.0,0.0,100.0,7974.0,100.0,44560947632.0,100.0,73993843700.0
2019-09-28,ZJV10RNN,ST12000NM0007,12000138625024,0,82.0,155336360.0,95.0,0.0,100.0,4.0,100.0,0.0,79.0,84448679.0,91.0,8332.0,100.0,0.0,100.0,4.0,,,,,100.0,0.0,100.0,0.0,,,81.0,19.0,,,100.0,109.0,100.0,1032.0,19.0,19.0,100.0,0.0,100.0,0.0,200.0,0.0,100.0,8006.0,100.0,44649294712.0,100.0,74402661564.0
2019-09-29,ZJV10RNN,ST12000NM0007,12000138625024,0,83.0,180266424.0,95.0,0.0,100.0,4.0,100.0,0.0,79.0,86370509.0,91.0,8348.0,100.0,0.0,100.0,4.0,,,,,100.0,0.0,100.0,0.0,,,81.0,19.0,,,100.0,109.0,100.0,1032.0,19.0,19.0,100.0,0.0,100.0,0.0,200.0,0.0,100.0,8021.0,100.0,44691687464.0,100.0,74629339636.0
2019-09-30,ZJV10RNN,ST12000NM0007,12000138625024,0,84.0,228014320.0,95.0,0.0,100.0,4.0,100.0,0.0,80.0,90688292.0,91.0,8380.0,100.0,0.0,100.0,4.0,,,,,100.0,0.0,100.0,0.0,,,80.0,20.0,,,100.0,109.0,100.0,1034.0,20.0,20.0,100.0,0.0,100.0,0.0,200.0,0.0,100.0,8053.0,100.0,44811137952.0,100.0,75045918548.0
2019-10-01,ZJV10RNN,ST12000NM0007,12000138625024,0,74.0,23876968.0,95.0,0.0,100.0,4.0,100.0,0.0,80.0,93922997.0,91.0,8396.0,100.0,0.0,100.0,4.0,,,,,100.0,0.0,100.0,0.0,,,79.0,21.0,,,100.0,109.0,100.0,1034.0,21.0,21.0,100.0,0.0,100.0,0.0,200.0,0.0,100.0,8069.0,100.0,44843021056.0,100.0,75298179412.0
2019-10-02,ZJV10RNN,ST12000NM0007,12000138625024,0,83.0,188163648.0,95.0,0.0,100.0,4.0,100.0,0.0,80.0,98147776.0,91.0,8428.0,100.0,0.0,100.0,4.0,,,,,100.0,0.0,100.0,0.0,,,81.0,19.0,,,100.0,110.0,100.0,1036.0,19.0,19.0,100.0,0.0,100.0,0.0,200.0,0.0,100.0,8100.0,100.0,44896878112.0,100.0,75652749876.0
2019-10-03,ZJV10RNN,ST12000NM0007,12000138625024,0,75.0,28549416.0,95.0,0.0,100.0,4.0,100.0,0.0,80.0,99327391.0,91.0,8443.0,100.0,0.0,100.0,4.0,,,,,100.0,0.0,100.0,0.0,,,80.0,20.0,,,100.0,110.0,100.0,1036.0,20.0,20.0,100.0,0.0,100.0,0.0,200.0,0.0,100.0,8116.0,100.0,44915994152.0,100.0,75718160516.0
2019-10-04,ZJV10RNN,ST12000NM0007,12000138625024,0,81.0,139491528.0,95.0,0.0,100.0,4.0,100.0,0.0,80.0,102024518.0,91.0,8459.0,100.0,0.0,100.0,4.0,,,,,100.0,0.0,100.0,0.0,,,81.0,19.0,,,100.0,111.0,100.0,1037.0,19.0,19.0,100.0,0.0,100.0,0.0,200.0,0.0,100.0,8132.0,100.0,44949436152.0,100.0,75795660628.0
2019-10-05,ZJV10RNN,ST12000NM0007,12000138625024,0,80.0,98850984.0,95.0,0.0,100.0,4.0,100.0,0.0,80.0,104686126.0,91.0,8491.0,100.0,0.0,100.0,4.0,,,,,100.0,0.0,100.0,0.0,,,80.0,20.0,,,100.0,111.0,100.0,1039.0,20.0,20.0,100.0,0.0,100.0,0.0,200.0,0.0,100.0,8163.0,100.0,44973110552.0,100.0,75975486404.0
2019-10-06,ZJV10RNN,ST12000NM0007,12000138625024,0,83.0,214933880.0,95.0,0.0,100.0,4.0,100.0,0.0,80.0,106096823.0,91.0,8507.0,100.0,0.0,100.0,4.0,,,,,100.0,0.0,100.0,0.0,,,80.0,20.0,,,100.0,111.0,100.0,1040.0,20.0,20.0,100.0,0.0,100.0,0.0,200.0,0.0,100.0,8178.0,100.0,44989093168.0,100.0,76075586684.0
2019-10-07,ZJV10RNN,ST12000NM0007,12000138625024,0,83.0,178853232.0,95.0,0.0,100.0,4.0,100.0,0.0,80.0,110326962.0,91.0,8538.0,100.0,0.0,100.0,4.0,,,,,100.0,0.0,100.0,0.0,,,81.0,19.0,,,100.0,111.0,100.0,1041.0,19.0,19.0,100.0,0.0,100.0,0.0,200.0,0.0,100.0,8210.0,100.0,45023790624.0,100.0,76248949324.0
2019-10-08,ZJV10RNN,ST12000NM0007,12000138625024,0,75.0,29664784.0,95.0,0.0,100.0,4.0,100.0,0.0,80.0,111570239.0,91.0,8554.0,100.0,0.0,100.0,4.0,,,,,100.0,0.0,100.0,0.0,,,80.0,20.0,,,100.0,112.0,100.0,1042.0,20.0,20.0,100.0,0.0,100.0,0.0,200.0,0.0,100.0,8226.0,100.0,45039222504.0,100.0,76328469796.0
2019-10-09,ZJV10RNN,ST12000NM0007,12000138625024,0,73.0,19381456.0,95.0,0.0,100.0,4.0,100.0,0.0,81.0,115211803.0,91.0,8586.0,100.0,0.0,100.0,4.0,,,,,100.0,0.0,100.0,0.0,,,81.0,19.0,,,100.0,112.0,100.0,1043.0,19.0,19.0,100.0,0.0,100.0,0.0,200.0,0.0,100.0,8258.0,100.0,45079418248.0,100.0,76522131524.0
2019-10-10,ZJV10RNN,ST12000NM0007,12000138625024,0,84.0,237007760.0,95.0,0.0,100.0,4.0,100.0,0.0,81.0,117979356.0,91.0,8618.0,100.0,0.0,100.0,4.0,,,,,100.0,0.0,100.0,0.0,,,81.0,19.0,,,100.0,112.0,100.0,1045.0,19.0,19.0,100.0,0.0,100.0,0.0,200.0,0.0,100.0,8289.0,100.0,45126782264.0,100.0,76692393812.0
2019-10-11,ZJV10RNN,ST12000NM0007,12000138625024,0,78.0,58143128.0,95.0,0.0,100.0,4.0,100.0,0.0,81.0,119983631.0,91.0,8634.0,100.0,0.0,100.0,4.0,,,,,100.0,0.0,100.0,0.0,,,82.0,18.0,,,100.0,112.0,100.0,1045.0,18.0,18.0,100.0,0.0,100.0,0.0,200.0,0.0,100.0,8305.0,100.0,45142235128.0,100.0,76742217076.0
2019-10-12,ZJV10RNN,ST12000NM0007,12000138625024,0,83.0,191355592.0,95.0,0.0,100.0,4.0,100.0,0.0,81.0,121614383.0,91.0,8666.0,100.0,0.0,100.0,4.0,,,,,100.0,0.0,100.0,0.0,,,82.0,18.0,,,100.0,113.0,100.0,1047.0,18.0,18.0,100.0,0.0,100.0,0.0,200.0,0.0,100.0,8337.0,100.0,45168316408.0,100.0,76849348260.0
2019-10-13,ZJV10RNN,ST12000NM0007,12000138625024,0,74.0,22591072.0,95.0,0.0,100.0,4.0,100.0,0.0,81.0,122448487.0,91.0,8681.0,100.0,0.0,100.0,4.0,,,,,100.0,0.0,100.0,0.0,,,81.0,19.0,,,100.0,113.0,100.0,1047.0,19.0,19.0,100.0,0.0,100.0,0.0,200.0,0.0,100.0,8352.0,100.0,45186269672.0,100.0,76906771188.0
2019-10-14,ZJV10RNN,ST12000NM0007,12000138625024,0,83.0,181491808.0,95.0,0.0,100.0,4.0,100.0,0.0,81.0,124012748.0,91.0,8713.0,100.0,0.0,100.0,4.0,,,,,100.0,0.0,100.0,0.0,,,81.0,19.0,,,100.0,114.0,100.0,1049.0,19.0,19.0,100.0,0.0,100.0,0.0,200.0,0.0,100.0,8384.0,100.0,45214736536.0,100.0,77037205060.0
2019-10-15,ZJV10RNN,ST12000NM0007,12000138625024,0,83.0,195105056.0,95.0,0.0,100.0,4.0,100.0,0.0,81.0,128180223.0,90.0,8760.0,100.0,0.0,100.0,4.0,,,,,100.0,0.0,100.0,0.0,,,81.0,19.0,,,100.0,115.0,100.0,1051.0,19.0,19.0,100.0,0.0,100.0,0.0,200.0,0.0,100.0,8431.0,100.0,45268622024.0,100.0,77241073540.0
2019-10-16,ZJV10RNN,ST12000NM0007,12000138625024,0,83.0,195105056.0,95.0,0.0,100.0,4.0,100.0,0.0,81.0,128180223.0,90.0,8760.0,100.0,0.0,100.0,4.0,,,,,100.0,0.0,100.0,0.0,,,81.0,19.0,,,100.0,115.0,100.0,1051.0,19.0,19.0,100.0,0.0,100.0,0.0,200.0,0.0,100.0,8431.0,100.0,45268622024.0,100.0,77241073540.0
2019-10-17,ZJV10RNN,ST12000NM0007,12000138625024,0,76.0,42576712.0,95.0,0.0,100.0,4.0,100.0,0.0,81.0,129330608.0,90.0,8777.0,100.0,0.0,100.0,4.0,,,,,100.0,0.0,100.0,0.0,,,82.0,18.0,,,100.0,115.0,100.0,1051.0,18.0,18.0,100.0,0.0,100.0,0.0,200.0,0.0,100.0,8447.0,100.0,45292190208.0,100.0,77309117764.0
2019-10-18,ZJV10RNN,ST12000NM0007,12000138625024,0,83.0,190259464.0,95.0,0.0,100.0,4.0,100.0,0.0,81.0,132479642.0,90.0,8808.0,100.0,0.0,100.0,4.0,,,,,100.0,0.0,100.0,0.0,,,81.0,19.0,,,100.0,117.0,100.0,1053.0,19.0,19.0,100.0,0.0,100.0,0.0,200.0,0.0,100.0,8479.0,100.0,45317674664.0,100.0,77431316060.0
2019-10-19,ZJV10RNN,ST12000NM0007,12000138625024,0,76.0,41619976.0,95.0,0.0,100.0,4.0,100.0,0.0,81.0,133538955.0,90.0,8824.0,100.0,0.0,100.0,4.0,,,,,100.0,0.0,100.0,0.0,,,81.0,19.0,,,100.0,117.0,100.0,1053.0,19.0,19.0,100.0,0.0,100.0,0.0,200.0,0.0,100.0,8494.0,100.0,45335627816.0,100.0,77508864052.0
2019-10-20,ZJV10RNN,ST12000NM0007,12000138625024,0,84.0,240090552.0,95.0,0.0,100.0,4.0,100.0,0.0,81.0,136147061.0,90.0,8856.0,100.0,0.0,100.0,4.0,,,,,100.0,0.0,100.0,0.0,,,81.0,19.0,,,100.0,117.0,100.0,1055.0,19.0,19.0,100.0,0.0,100.0,0.0,200.0,0.0,100.0,8526.0,100.0,45376529408.0,100.0,77666433036.0
2019-10-21,ZJV10RNN,ST12000NM0007,12000138625024,0,84.0,225897704.0,95.0,0.0,100.0,4.0,100.0,0.0,81.0,140191147.0,90.0,8887.0,100.0,0.0,100.0,4.0,,,,,100.0,0.0,100.0,0.0,,,79.0,21.0,,,100.0,117.0,100.0,1056.0,21.0,21.0,100.0,0.0,100.0,0.0,200.0,0.0,100.0,8557.0,100.0,45426749056.0,100.0,77846161316.0
2019-10-22,ZJV10RNN,ST12000NM0007,12000138625024,0,81.0,134476328.0,95.0,0.0,100.0,4.0,100.0,0.0,82.0,143376726.0,90.0,8903.0,100.0,0.0,100.0,4.0,,,,,100.0,0.0,100.0,0.0,,,81.0,19.0,,,100.0,117.0,100.0,1057.0,19.0,19.0,100.0,0.0,100.0,0.0,200.0,0.0,100.0,8573.0,100.0,45459048512.0,100.0,77966581228.0
2019-10-23,ZJV10RNN,ST12000NM0007,12000138625024,0,84.0,224457136.0,95.0,0.0,100.0,4.0,100.0,0.0,82.0,144803401.0,90.0,8919.0,100.0,0.0,100.0,4.0,,,,,100.0,0.0,100.0,0.0,,,81.0,19.0,,,100.0,117.0,100.0,1057.0,19.0,19.0,100.0,0.0,100.0,0.0,200.0,0.0,100.0,8589.0,100.0,45490687448.0,100.0,78024923100.0
2019-10-24,ZJV10RNN,ST12000NM0007,12000138625024,0,82.0,155463256.0,95.0,0.0,100.0,4.0,100.0,0.0,82.0,147424263.0,90.0,8950.0,100.0,0.0,100.0,4.0,,,,,100.0,0.0,100.0,0.0,,,81.0,19.0,,,100.0,117.0,100.0,1058.0,19.0,19.0,100.0,0.0,100.0,0.0,200.0,0.0,100.0,8620.0,100.0,45536303888.0,100.0,78154453452.0
2019-10-25,ZJV10RNN,ST12000NM0007,12000138625024,0,70.0,10717320.0,95.0,0.0,100.0,4.0,100.0,0.0,82.0,149975245.0,90.0,8966.0,100.0,0.0,100.0,4.0,,,,,100.0,0.0,100.0,0.0,,,81.0,19.0,,,100.0,118.0,100.0,1059.0,19.0,19.0,100.0,0.0,100.0,0.0,200.0,0.0,100.0,8635.0,100.0,45559119112.0,100.0,78231033156.0
2019-10-26,ZJV10RNN,ST12000NM0007,12000138625024,0,83.0,193162546.0,95.0,0.0,100.0,4.0,100.0,0.0,82.0,152458640.0,90.0,8998.0,100.0,0.0,100.0,4.0,,,,,100.0,0.0,100.0,0.0,,,77.0,23.0,,,100.0,119.0,100.0,1062.0,23.0,23.0,100.0,0.0,100.0,0.0,200.0,0.0,100.0,8667.0,100.0,45602101736.0,100.0,78370495758.0
2019-10-27,ZJV10RNN,ST12000NM0007,12000138625024,0,81.0,124208072.0,95.0,0.0,100.0,4.0,100.0,0.0,82.0,154113120.0,90.0,9014.0,100.0,0.0,100.0,4.0,,,,,100.0,0.0,100.0,0.0,,,81.0,19.0,,,100.0,119.0,100.0,1062.0,19.0,19.0,100.0,0.0,100.0,0.0,200.0,0.0,100.0,8683.0,100.0,45624522656.0,100.0,78523261302.0
2019-10-28,ZJV10RNN,ST12000NM0007,12000138625024,0,83.0,218485560.0,95.0,0.0,100.0,4.0,100.0,0.0,82.0,157363362.0,90.0,9045.0,100.0,0.0,100.0,4.0,,,,,100.0,0.0,100.0,0.0,,,81.0,19.0,,,100.0,119.0,100.0,1064.0,19.0,19.0,100.0,0.0,100.0,0.0,200.0,0.0,100.0,8714.0,100.0,45666443624.0,100.0,78819758550.0
2019-10-29,ZJV10RNN,ST12000NM0007,12000138625024,0,81.0,135155672.0,95.0,0.0,100.0,4.0,100.0,0.0,82.0,158998759.0,90.0,9061.0,100.0,0.0,100.0,4.0,,,,,100.0,0.0,100.0,0.0,,,81.0,19.0,,,100.0,119.0,100.0,1064.0,19.0,19.0,100.0,0.0,100.0,0.0,200.0,0.0,100.0,8730.0,100.0,45694626576.0,100.0,78952386398.0
2019-10-30,ZJV10RNN,ST12000NM0007,12000138625024,0,82.0,151290704.0,95.0,0.0,100.0,4.0,100.0,0.0,82.0,163250396.0,90.0,9092.0,100.0,0.0,100.0,4.0,,,,,100.0,0.0,100.0,0.0,,,81.0,19.0,,,100.0,121.0,100.0,1066.0,19.0,19.0,100.0,0.0,100.0,0.0,200.0,0.0,100.0,8760.0,100.0,45757488952.0,100.0,79149799702.0
2019-10-31,ZJV10RNN,ST12000NM0007,12000138625024,0,72.0,17003360.0,95.0,0.0,100.0,4.0,100.0,0.0,82.0,164728313.0,90.0,9108.0,100.0,0.0,100.0,4.0,,,,,100.0,0.0,100.0,0.0,,,81.0,19.0,,,100.0,121.0,100.0,1066.0,19.0,19.0,100.0,0.0,100.0,0.0,200.0,0.0,100.0,8776.0,100.0,45806610624.0,100.0,79210531558.0
2019-11-01,ZJV10RNN,ST12000NM0007,12000138625024,0,78.0,66361432.0,95.0,0.0,100.0,4.0,100.0,0.0,82.0,169104748.0,90.0,9140.0,100.0,0.0,100.0,4.0,,,,,100.0,0.0,100.0,0.0,,,81.0,19.0,,,100.0,123.0,100.0,1068.0,19.0,19.0,100.0,0.0,100.0,0.0,200.0,0.0,100.0,8807.0,100.0,45868769568.0,100.0,79441871526.0
2019-11-02,ZJV10RNN,ST12000NM0007,12000138625024,0,75.0,32040192.0,95.0,0.0,100.0,4.0,100.0,0.0,82.0,170944533.0,90.0,9156.0,100.0,0.0,100.0,4.0,,,,,100.0,0.0,100.0,0.0,,,81.0,19.0,,,100.0,123.0,100.0,1068.0,19.0,19.0,100.0,0.0,100.0,0.0,200.0,0.0,100.0,8823.0,100.0,45898036328.0,100.0,79622424230.0
2019-11-03,ZJV10RNN,ST12000NM0007,12000138625024,0,74.0,26752728.0,95.0,0.0,100.0,4.0,100.0,0.0,82.0,173722281.0,90.0,9187.0,100.0,0.0,100.0,4.0,,,,,100.0,0.0,100.0,0.0,,,81.0,19.0,,,100.0,125.0,100.0,1070.0,19.0,19.0,100.0,0.0,100.0,0.0,200.0,0.0,100.0,8854.0,100.0,45942415744.0,100.0,79816898486.0
2019-11-04,ZJV10RNN,ST12000NM0007,12000138625024,0,82.0,157886200.0,95.0,0.0,100.0,4.0,100.0,0.0,82.0,175162827.0,90.0,9203.0,100.0,0.0,100.0,4.0,,,,,100.0,0.0,100.0,0.0,,,81.0,19.0,,,100.0,125.0,100.0,1070.0,19.0,19.0,100.0,0.0,100.0,0.0,200.0,0.0,100.0,8870.0,100.0,45956855576.0,100.0,79933592126.0
2019-11-05,ZJV10RNN,ST12000NM0007,12000138625024,0,83.0,218140648.0,95.0,0.0,100.0,4.0,100.0,0.0,83.0,178330712.0,90.0,9234.0,100.0,0.0,100.0,4.0,,,,,100.0,0.0,100.0,0.0,,,79.0,21.0,,,100.0,125.0,100.0,1072.0,21.0,21.0,100.0,0.0,100.0,0.0,200.0,0.0,100.0,8901.0,100.0,45994541904.0,100.0,80200301174.0
2019-11-06,ZJV10RNN,ST12000NM0007,12000138625024,0,82.0,163956528.0,95.0,0.0,100.0,4.0,100.0,0.0,83.0,181296502.0,90.0,9250.0,100.0,0.0,100.0,4.0,,,,,100.0,0.0,100.0,0.0,,,81.0,19.0,,,100.0,125.0,100.0,1072.0,19.0,19.0,100.0,0.0,100.0,0.0,200.0,0.0,100.0,8917.0,100.0,46019870376.0,100.0,80364929318.0
2019-11-07,ZJV10RNN,ST12000NM0007,12000138625024,0,81.0,135348560.0,95.0,0.0,100.0,4.0,100.0,0.0,83.0,184960332.0,90.0,9282.0,100.0,0.0,100.0,4.0,,,,,100.0,0.0,100.0,0.0,,,80.0,20.0,,,100.0,125.0,100.0,1074.0,20.0,20.0,100.0,0.0,100.0,0.0,200.0,0.0,100.0,8948.0,100.0,46084381568.0,100.0,80760091526.0
2019-11-08,ZJV10RNN,ST12000NM0007,12000138625024,0,70.0,8967320.0,95.0,0.0,100.0,4.0,100.0,0.0,83.0,186504303.0,90.0,9297.0,100.0,0.0,100.0,4.0,,,,,100.0,0.0,100.0,0.0,,,80.0,20.0,,,100.0,126.0,100.0,1075.0,20.0,20.0,100.0,0.0,100.0,0.0,200.0,0.0,100.0,8964.0,100.0,46108446584.0,100.0,80853786102.0
2019-11-09,ZJV10RNN,ST12000NM0007,12000138625024,0,82.0,144917328.0,95.0,0.0,100.0,4.0,100.0,0.0,83.0,192830844.0,90.0,9329.0,100.0,0.0,100.0,4.0,,,,,100.0,0.0,100.0,0.0,,,80.0,20.0,,,100.0,126.0,100.0,1076.0,20.0,20.0,100.0,0.0,100.0,0.0,200.0,0.0,100.0,8995.0,100.0,46166954728.0,100.0,81175369398.0
2019-11-10,ZJV10RNN,ST12000NM0007,12000138625024,0,83.0,187869184.0,95.0,0.0,100.0,4.0,100.0,0.0,83.0,195622822.0,90.0,9361.0,100.0,0.0,100.0,4.0,,,,,100.0,0.0,100.0,0.0,,,81.0,19.0,,,100.0,127.0,100.0,1077.0,19.0,19.0,100.0,0.0,100.0,0.0,200.0,0.0,100.0,9026.0,100.0,46199629760.0,100.0,81429786974.0
2019-11-11,ZJV10RNN,ST12000NM0007,12000138625024,0,80.0,102554232.0,95.0,0.0,100.0,4.0,100.0,0.0,83.0,197179187.0,90.0,9377.0,100.0,0.0,100.0,4.0,,,,,100.0,0.0,100.0,0.0,,,81.0,19.0,,,100.0,127.0,100.0,1078.0,19.0,19.0,100.0,0.0,100.0,0.0,200.0,0.0,100.0,9042.0,100.0,46216415752.0,100.0,81571826798.0
2019-11-12,ZJV10RNN,ST12000NM0007,12000138625024,0,72.0,14463008.0,95.0,0.0,100.0,4.0,100.0,0.0,83.0,201649497.0,90.0,9408.0,100.0,0.0,100.0,4.0,,,,,100.0,0.0,100.0,0.0,,,80.0,20.0,,,100.0,127.0,100.0,1079.0,20.0,20.0,100.0,0.0,100.0,0.0,200.0,0.0,100.0,9074.0,100.0,46265043624.0,100.0,81923389102.0
2019-11-13,ZJV10RNN,ST12000NM0007,12000138625024,0,83.0,189473360.0,95.0,0.0,100.0,4.0,100.0,0.0,83.0,203803088.0,90.0,9424.0,100.0,0.0,100.0,4.0,,,,,100.0,0.0,100.0,0.0,,,80.0,20.0,,,100.0,127.0,100.0,1080.0,20.0,20.0,100.0,0.0,100.0,0.0,200.0,0.0,100.0,9090.0,100.0,46281940984.0,100.0,82081502094.0
2019-11-14,ZJV10RNN,ST12000NM0007,12000138625024,0,79.0,87721576.0,95.0,0.0,100.0,4.0,100.0,0.0,83.0,207916276.0,90.0,9456.0,100.0,0.0,100.0,4.0,,,,,100.0,0.0,100.0,0.0,,,80.0,20.0,,,100.0,127.0,100.0,1081.0,20.0,20.0,100.0,0.0,100.0,0.0,200.0,0.0,100.0,9121.0,100.0,46326339760.0,100.0,82423633142.0
2019-11-15,ZJV10RNN,ST12000NM0007,12000138625024,0,64.0,2798440.0,95.0,0.0,100.0,4.0,100.0,0.0,83.0,209817855.0,90.0,9471.0,100.0,0.0,100.0,4.0,,,,,100.0,0.0,100.0,0.0,,,81.0,19.0,,,100.0,127.0,100.0,1082.0,19.0,19.0,100.0,0.0,100.0,0.0,200.0,0.0,100.0,9137.0,100.0,46348950168.0,100.0,82560240230.0
2019-11-16,ZJV10RNN,ST12000NM0007,12000138625024,0,78.0,61295536.0,95.0,0.0,100.0,4.0,100.0,0.0,83.0,212542581.0,90.0,9503.0,100.0,0.0,100.0,4.0,,,,,100.0,0.0,100.0,0.0,,,80.0,20.0,,,100.0,127.0,100.0,1083.0,20.0,20.0,100.0,0.0,100.0,0.0,200.0,0.0,100.0,9168.0,100.0,46382363824.0,100.0,82829464390.0
2019-11-17,ZJV10RNN,ST12000NM0007,12000138625024,0,83.0,191798816.0,95.0,0.0,100.0,4.0,100.0,0.0,83.0,214194618.0,90.0,9519.0,100.0,0.0,100.0,4.0,,,,,100.0,0.0,100.0,0.0,,,80.0,20.0,,,100.0,128.0,100.0,1084.0,20.0,20.0,100.0,0.0,100.0,0.0,200.0,0.0,100.0,9184.0,100.0,46406544464.0,100.0,82935787030.0
2019-11-18,ZJV10RNN,ST12000NM0007,12000138625024,0,80.0,89713192.0,95.0,0.0,100.0,4.0,100.0,0.0,83.0,217917572.0,90.0,9550.0,100.0,0.0,100.0,4.0,,,,,100.0,0.0,100.0,0.0,,,81.0,19.0,,,100.0,129.0,100.0,1085.0,19.0,19.0,100.0,0.0,100.0,0.0,200.0,0.0,100.0,9215.0,100.0,46449106704.0,100.0,83279421254.0
2019-11-19,ZJV10RNN,ST12000NM0007,12000138625024,0,83.0,213335520.0,95.0,0.0,100.0,4.0,100.0,0.0,83.0,219224758.0,90.0,9566.0,100.0,0.0,100.0,4.0,,,,,100.0,0.0,100.0,0.0,,,81.0,19.0,,,100.0,130.0,100.0,1086.0,19.0,19.0,100.0,0.0,100.0,0.0,200.0,0.0,100.0,9231.0,100.0,46460820088.0,100.0,83391330198.0
2019-11-20,ZJV10RNN,ST12000NM0007,12000138625024,0,77.0,49195112.0,95.0,0.0,100.0,4.0,100.0,0.0,84.0,224529636.0,90.0,9598.0,100.0,0.0,100.0,4.0,,,,,100.0,0.0,100.0,0.0,,,81.0,19.0,,,100.0,130.0,100.0,1087.0,19.0,19.0,100.0,0.0,100.0,0.0,200.0,0.0,100.0,9262.0,100.0,46501475168.0,100.0,83674816254.0
2019-11-21,ZJV10RNN,ST12000NM0007,12000138625024,0,83.0,218591952.0,95.0,0.0,100.0,4.0,100.0,0.0,84.0,225568794.0,90.0,9613.0,100.0,0.0,100.0,4.0,,,,,100.0,0.0,100.0,0.0,,,81.0,19.0,,,100.0,130.0,100.0,1088.0,19.0,19.0,100.0,0.0,100.0,0.0,200.0,0.0,100.0,9278.0,100.0,46512751984.0,100.0,83832936278.0
2019-11-22,ZJV10RNN,ST12000NM0007,12000138625024,0,83.0,210901808.0,95.0,0.0,100.0,4.0,100.0,0.0,84.0,228995039.0,89.0,9645.0,100.0,0.0,100.0,4.0,,,,,100.0,0.0,100.0,0.0,,,81.0,19.0,,,100.0,130.0,100.0,1089.0,19.0,19.0,100.0,0.0,100.0,0.0,200.0,0.0,100.0,9309.0,100.0,46571698352.0,100.0,84010441038.0
2019-11-23,ZJV10RNN,ST12000NM0007,12000138625024,0,78.0,62408616.0,95.0,0.0,100.0,4.0,100.0,0.0,84.0,229951129.0,89.0,9661.0,100.0,0.0,100.0,4.0,,,,,100.0,0.0,100.0,0.0,,,81.0,19.0,,,100.0,130.0,100.0,1090.0,19.0,19.0,100.0,0.0,100.0,0.0,200.0,0.0,100.0,9325.0,100.0,46578241360.0,100.0,84099545638.0
2019-11-24,ZJV10RNN,ST12000NM0007,12000138625024,0,74.0,23248584.0,95.0,0.0,100.0,4.0,100.0,0.0,84.0,231686139.0,89.0,9692.0,100.0,0.0,100.0,4.0,,,,,100.0,0.0,100.0,0.0,,,81.0,19.0,,,100.0,130.0,100.0,1091.0,19.0,19.0,100.0,0.0,100.0,0.0,200.0,0.0,100.0,9357.0,100.0,46583781528.0,100.0,84298986094.0
2019-11-25,ZJV10RNN,ST12000NM0007,12000138625024,0,81.0,128014344.0,95.0,0.0,100.0,4.0,100.0,0.0,84.0,232596403.0,89.0,9708.0,100.0,0.0,100.0,4.0,,,,,100.0,0.0,100.0,0.0,,,81.0,19.0,,,100.0,131.0,100.0,1092.0,19.0,19.0,100.0,0.0,100.0,0.0,200.0,0.0,100.0,9372.0,100.0,46583984864.0,100.0,84403548518.0
2019-11-26,ZJV10RNN,ST12000NM0007,12000138625024,0,80.0,105419888.0,95.0,0.0,100.0,4.0,100.0,0.0,84.0,235653065.0,89.0,9740.0,100.0,0.0,100.0,4.0,,,,,100.0,0.0,100.0,0.0,,,81.0,19.0,,,100.0,131.0,100.0,1093.0,19.0,19.0,100.0,0.0,100.0,0.0,200.0,0.0,100.0,9404.0,100.0,46584397552.0,100.0,84624682110.0
2019-11-27,ZJV10RNN,ST12000NM0007,12000138625024,0,80.0,100961856.0,95.0,0.0,100.0,4.0,100.0,0.0,84.0,237519697.0,89.0,9771.0,100.0,0.0,100.0,4.0,,,,,100.0,0.0,100.0,0.0,,,81.0,19.0,,,100.0,132.0,100.0,1095.0,19.0,19.0,100.0,0.0,100.0,0.0,200.0,0.0,100.0,9435.0,100.0,46584835584.0,100.0,84863926710.0
2019-11-28,ZJV10RNN,ST12000NM0007,12000138625024,0,83.0,214094392.0,95.0,0.0,100.0,4.0,100.0,0.0,84.0,238315324.0,89.0,9787.0,100.0,0.0,100.0,4.0,,,,,100.0,0.0,100.0,0.0,,,80.0,20.0,,,100.0,132.0,100.0,1095.0,20.0,20.0,100.0,0.0,100.0,0.0,200.0,0.0,100.0,9451.0,100.0,46585026416.0,100.0,84976868414.0
2019-11-29,ZJV10RNN,ST12000NM0007,12000138625024,0,82.0,173342496.0,95.0,0.0,100.0,4.0,100.0,0.0,84.0,241206775.0,89.0,9819.0,100.0,0.0,100.0,4.0,,,,,100.0,0.0,100.0,0.0,,,82.0,18.0,,,100.0,134.0,100.0,1097.0,18.0,18.0,100.0,0.0,100.0,0.0,200.0,0.0,100.0,9482.0,100.0,46585342872.0,100.0,85179940862.0
2019-11-30,ZJV10RNN,ST12000NM0007,12000138625024,0,77.0,45125728.0,95.0,0.0,100.0,4.0,100.0,0.0,84.0,242269936.0,89.0,9835.0,100.0,0.0,100.0,4.0,,,,,100.0,0.0,100.0,0.0,,,82.0,18.0,,,100.0,134.0,100.0,1097.0,18.0,18.0,100.0,0.0,100.0,0.0,200.0,0.0,100.0,9498.0,100.0,46585539488.0,100.0,85295668126.0
2019-12-01,ZJV10RNN,ST12000NM0007,12000138625024,0,78.0,58797920.0,95.0,0.0,100.0,4.0,100.0,0.0,84.0,244134067.0,89.0,9867.0,100.0,0.0,100.0,4.0,,,,,100.0,0.0,100.0,0.0,,,82.0,18.0,,,100.0,136.0,100.0,1099.0,18.0,18.0,100.0,0.0,100.0,0.0,200.0,0.0,100.0,9530.0,100.0,46585925008.0,100.0,85553095462.0
2019-12-02,ZJV10RNN,ST12000NM0007,12000138625024,0,100.0,156688.0,95.0,0.0,100.0,4.0,100.0,0.0,84.0,245310185.0,89.0,9883.0,100.0,0.0,100.0,4.0,,,,,100.0,0.0,100.0,0.0,,,82.0,18.0,,,100.0,136.0,100.0,1099.0,18.0,18.0,100.0,0.0,100.0,0.0,200.0,0.0,100.0,9546.0,100.0,46586121024.0,100.0,85738398934.0
2019-12-03,ZJV10RNN,ST12000NM0007,12000138625024,0,75.0,33072736.0,95.0,0.0,100.0,4.0,100.0,0.0,84.0,248697618.0,89.0,9914.0,100.0,0.0,100.0,4.0,,,,,100.0,0.0,100.0,0.0,,,82.0,18.0,,,100.0,136.0,100.0,1101.0,18.0,18.0,100.0,0.0,100.0,0.0,200.0,0.0,100.0,9578.0,100.0,46586511928.0,100.0,86015064774.0
2019-12-04,ZJV10RNN,ST12000NM0007,12000138625024,0,82.0,161674008.0,95.0,0.0,100.0,4.0,100.0,0.0,84.0,249615401.0,89.0,9930.0,100.0,0.0,100.0,4.0,,,,,100.0,0.0,100.0,0.0,,,81.0,19.0,,,100.0,136.0,100.0,1101.0,19.0,19.0,100.0,0.0,100.0,0.0,200.0,0.0,100.0,9594.0,100.0,46586704952.0,100.0,86143473022.0
2019-12-05,ZJV10RNN,ST12000NM0007,12000138625024,0,83.0,223640776.0,95.0,0.0,100.0,4.0,100.0,0.0,84.0,251769554.0,89.0,9962.0,100.0,0.0,100.0,4.0,,,,,100.0,0.0,100.0,0.0,,,81.0,19.0,,,100.0,137.0,100.0,1103.0,19.0,19.0,100.0,0.0,100.0,0.0,200.0,0.0,100.0,9625.0,100.0,46587082728.0,100.0,86449202710.0
2019-12-06,ZJV10RNN,ST12000NM0007,12000138625024,0,81.0,132870760.0,95.0,0.0,100.0,4.0,100.0,0.0,84.0,253908372.0,89.0,9978.0,100.0,0.0,100.0,4.0,,,,,100.0,0.0,100.0,0.0,,,81.0,19.0,,,100.0,137.0,100.0,1103.0,19.0,19.0,100.0,0.0,100.0,0.0,200.0,0.0,100.0,9641.0,100.0,46587209624.0,100.0,86602446574.0
2019-12-07,ZJV10RNN,ST12000NM0007,12000138625024,0,74.0,24043112.0,95.0,0.0,100.0,4.0,100.0,0.0,84.0,256195844.0,89.0,10010.0,100.0,0.0,100.0,4.0,,,,,100.0,0.0,100.0,0.0,,,81.0,19.0,,,100.0,137.0,100.0,1105.0,19.0,19.0,100.0,0.0,100.0,0.0,200.0,0.0,100.0,9672.0,100.0,46587566456.0,100.0,86981543470.0
2019-12-08,ZJV10RNN,ST12000NM0007,12000138625024,0,82.0,169183776.0,95.0,0.0,100.0,4.0,100.0,0.0,84.0,257244363.0,89.0,10025.0,100.0,0.0,100.0,4.0,,,,,100.0,0.0,100.0,0.0,,,81.0,19.0,,,100.0,137.0,100.0,1105.0,19.0,19.0,100.0,0.0,100.0,0.0,200.0,0.0,100.0,9688.0,100.0,46587746112.0,100.0,87126504478.0
2019-12-09,ZJV10RNN,ST12000NM0007,12000138625024,0,82.0,174016576.0,95.0,0.0,100.0,4.0,100.0,0.0,84.0,259039575.0,89.0,10057.0,100.0,0.0,100.0,4.0,,,,,100.0,0.0,100.0,0.0,,,81.0,19.0,,,100.0,138.0,100.0,1106.0,19.0,19.0,100.0,0.0,100.0,0.0,200.0,0.0,100.0,9719.0,100.0,46588099296.0,100.0,87375124750.0
2019-12-10,ZJV10RNN,ST12000NM0007,12000138625024,0,78.0,58275128.0,95.0,0.0,100.0,4.0,100.0,0.0,84.0,260373005.0,89.0,10073.0,100.0,0.0,100.0,4.0,,,,,100.0,0.0,100.0,0.0,,,80.0,20.0,,,100.0,139.0,100.0,1107.0,20.0,20.0,100.0,0.0,100.0,0.0,200.0,0.0,100.0,9735.0,100.0,46588267216.0,100.0,87503356206.0
2019-12-11,ZJV10RNN,ST12000NM0007,12000138625024,0,82.0,147054728.0,95.0,0.0,100.0,4.0,100.0,0.0,84.0,262891564.0,89.0,10104.0,100.0,0.0,100.0,4.0,,,,,100.0,0.0,100.0,0.0,,,81.0,19.0,,,100.0,140.0,100.0,1108.0,19.0,19.0,100.0,0.0,100.0,0.0,200.0,0.0,100.0,9766.0,100.0,46588617680.0,100.0,87835926102.0
2019-12-12,ZJV10RNN,ST12000NM0007,12000138625024,0,66.0,4415400.0,95.0,0.0,100.0,4.0,100.0,0.0,84.0,265881194.0,89.0,10136.0,100.0,0.0,100.0,4.0,,,,,100.0,0.0,100.0,0.0,,,81.0,19.0,,,100.0,142.0,100.0,1110.0,19.0,19.0,100.0,0.0,100.0,0.0,200.0,0.0,100.0,9798.0,100.0,46588918584.0,100.0,88181267910.0
2019-12-13,ZJV10RNN,ST12000NM0007,12000138625024,0,83.0,199222960.0,95.0,0.0,100.0,4.0,100.0,0.0,84.0,266766814.0,89.0,10152.0,100.0,0.0,100.0,4.0,,,,,100.0,0.0,100.0,0.0,,,81.0,19.0,,,100.0,142.0,100.0,1110.0,19.0,19.0,100.0,0.0,100.0,0.0,200.0,0.0,100.0,9814.0,100.0,46589097992.0,100.0,88375896062.0
2019-12-14,ZJV10RNN,ST12000NM0007,12000138625024,0,81.0,131937080.0,95.0,0.0,100.0,4.0,100.0,0.0,84.0,268590501.0,89.0,10183.0,100.0,0.0,100.0,4.0,,,,,100.0,0.0,100.0,0.0,,,81.0,19.0,,,100.0,143.0,100.0,1112.0,19.0,19.0,100.0,0.0,100.0,0.0,200.0,0.0,100.0,9845.0,100.0,46589456688.0,100.0,88796532950.0
2019-12-15,ZJV10RNN,ST12000NM0007,12000138625024,0,81.0,130684128.0,95.0,0.0,100.0,4.0,100.0,0.0,84.0,269909684.0,89.0,10199.0,100.0,0.0,100.0,4.0,,,,,100.0,0.0,100.0,0.0,,,81.0,19.0,,,100.0,143.0,100.0,1112.0,19.0,19.0,100.0,0.0,100.0,0.0,200.0,0.0,100.0,9861.0,100.0,46589636336.0,100.0,89039241014.0
2019-12-16,ZJV10RNN,ST12000NM0007,12000138625024,0,81.0,136194496.0,95.0,0.0,100.0,4.0,100.0,0.0,84.0,272317267.0,89.0,10231.0,100.0,0.0,100.0,4.0,,,,,100.0,0.0,100.0,0.0,,,82.0,18.0,,,100.0,143.0,100.0,1114.0,18.0,18.0,100.0,0.0,100.0,0.0,200.0,0.0,100.0,9893.0,100.0,46589997600.0,100.0,89532671678.0
2019-12-17,ZJV10RNN,ST12000NM0007,12000138625024,0,81.0,137648672.0,95.0,0.0,100.0,4.0,100.0,0.0,84.0,274709903.0,89.0,10247.0,100.0,0.0,100.0,4.0,,,,,100.0,0.0,100.0,0.0,,,82.0,18.0,,,100.0,143.0,100.0,1114.0,18.0,18.0,100.0,0.0,100.0,0.0,200.0,0.0,100.0,9909.0,100.0,46590175960.0,100.0,89778088142.0
2019-12-18,ZJV10RNN,ST12000NM0007,12000138625024,0,78.0,68423480.0,95.0,0.0,100.0,4.0,100.0,0.0,84.0,276530710.0,89.0,10279.0,100.0,0.0,100.0,4.0,,,,,100.0,0.0,100.0,0.0,,,82.0,18.0,,,100.0,143.0,100.0,1116.0,18.0,18.0,100.0,0.0,100.0,0.0,200.0,0.0,100.0,9940.0,100.0,46590540640.0,100.0,90196779566.0
2019-12-19,ZJV10RNN,ST12000NM0007,12000138625024,0,76.0,38601176.0,95.0,0.0,100.0,4.0,100.0,0.0,84.0,277432486.0,89.0,10295.0,100.0,0.0,100.0,4.0,,,,,100.0,0.0,100.0,0.0,,,82.0,18.0,,,100.0,143.0,100.0,1117.0,18.0,18.0,100.0,0.0,100.0,0.0,200.0,0.0,100.0,9956.0,100.0,46590724376.0,100.0,90410914648.0
2019-12-20,ZJV10RNN,ST12000NM0007,12000138625024,0,66.0,4202136.0,95.0,0.0,100.0,4.0,100.0,0.0,84.0,278294662.0,89.0,10310.0,100.0,0.0,100.0,4.0,,,,,100.0,0.0,100.0,0.0,,,82.0,18.0,,,100.0,143.0,100.0,1117.0,18.0,18.0,100.0,0.0,100.0,0.0,200.0,0.0,100.0,9972.0,100.0,46590902232.0,100.0,90620478464.0
2019-12-21,ZJV10RNN,ST12000NM0007,12000138625024,0,82.0,150132000.0,95.0,0.0,100.0,4.0,100.0,0.0,84.0,280066976.0,89.0,10342.0,100.0,0.0,100.0,4.0,,,,,100.0,0.0,100.0,0.0,,,78.0,22.0,,,100.0,144.0,100.0,1119.0,22.0,22.0,100.0,0.0,100.0,0.0,200.0,0.0,100.0,10003.0,100.0,46591249144.0,100.0,91010202352.0
2019-12-22,ZJV10RNN,ST12000NM0007,12000138625024,0,81.0,115826664.0,95.0,0.0,100.0,4.0,100.0,0.0,84.0,281043780.0,89.0,10358.0,100.0,0.0,100.0,4.0,,,,,100.0,0.0,100.0,0.0,,,82.0,18.0,,,100.0,144.0,100.0,1119.0,18.0,18.0,100.0,0.0,100.0,0.0,200.0,0.0,100.0,10019.0,100.0,46591422168.0,100.0,91219864664.0
2019-12-23,ZJV10RNN,ST12000NM0007,12000138625024,0,74.0,27218360.0,95.0,0.0,100.0,4.0,100.0,0.0,85.0,283062323.0,89.0,10389.0,100.0,0.0,100.0,4.0,,,,,100.0,0.0,100.0,0.0,,,81.0,19.0,,,100.0,145.0,100.0,1121.0,19.0,19.0,100.0,0.0,100.0,0.0,200.0,0.0,100.0,10050.0,100.0,46595455776.0,100.0,91615504568.0
2019-12-24,ZJV10RNN,ST12000NM0007,12000138625024,0,83.0,180317128.0,95.0,0.0,100.0,4.0,100.0,0.0,85.0,283997358.0,89.0,10405.0,100.0,0.0,100.0,4.0,,,,,100.0,0.0,100.0,0.0,,,82.0,18.0,,,100.0,145.0,100.0,1121.0,18.0,18.0,100.0,0.0,100.0,0.0,200.0,0.0,100.0,10066.0,100.0,46600911160.0,100.0,91763147952.0
2019-12-25,ZJV10RNN,ST12000NM0007,12000138625024,0,82.0,176258248.0,95.0,0.0,100.0,4.0,100.0,0.0,85.0,285095248.0,89.0,10436.0,100.0,0.0,100.0,4.0,,,,,100.0,0.0,100.0,0.0,,,82.0,18.0,,,100.0,146.0,100.0,1123.0,18.0,18.0,100.0,0.0,100.0,0.0,200.0,0.0,100.0,10096.0,100.0,46601256632.0,100.0,92002884736.0
2019-12-26,ZJV10RNN,ST12000NM0007,12000138625024,0,76.0,43881544.0,95.0,0.0,100.0,4.0,100.0,0.0,85.0,285561306.0,89.0,10452.0,100.0,0.0,100.0,4.0,,,,,100.0,0.0,100.0,0.0,,,82.0,18.0,,,100.0,146.0,100.0,1123.0,18.0,18.0,100.0,0.0,100.0,0.0,200.0,0.0,100.0,10112.0,100.0,46601429016.0,100.0,92114476320.0
2019-12-27,ZJV10RNN,ST12000NM0007,12000138625024,0,73.0,20843960.0,95.0,0.0,100.0,4.0,100.0,0.0,85.0,286493665.0,89.0,10483.0,100.0,0.0,100.0,4.0,,,,,100.0,0.0,100.0,0.0,,,82.0,18.0,,,100.0,147.0,100.0,1125.0,18.0,18.0,100.0,0.0,100.0,0.0,200.0,0.0,100.0,10143.0,100.0,46601772536.0,100.0,92335236200.0
2019-12-28,ZJV10RNN,ST12000NM0007,12000138625024,0,83.0,184566480.0,95.0,0.0,100.0,4.0,100.0,0.0,85.0,287172343.0,89.0,10499.0,100.0,0.0,100.0,4.0,,,,,100.0,0.0,100.0,0.0,,,82.0,18.0,,,100.0,147.0,100.0,1125.0,18.0,18.0,100.0,0.0,100.0,0.0,200.0,0.0,100.0,10159.0,100.0,46601945656.0,100.0,92498785600.0
2019-12-29,ZJV10RNN,ST12000NM0007,12000138625024,0,78.0,65248480.0,95.0,0.0,100.0,4.0,100.0,0.0,85.0,288708965.0,88.0,10531.0,100.0,0.0,100.0,4.0,,,,,100.0,0.0,100.0,0.0,,,82.0,18.0,,,100.0,148.0,100.0,1127.0,18.0,18.0,100.0,0.0,100.0,0.0,200.0,0.0,100.0,10190.0,100.0,46602293480.0,100.0,92867401256.0
2019-12-30,ZJV10RNN,ST12000NM0007,12000138625024,0,82.0,175978344.0,95.0,0.0,100.0,4.0,100.0,0.0,85.0,289237221.0,88.0,10546.0,100.0,0.0,100.0,4.0,,,,,100.0,0.0,100.0,0.0,,,82.0,18.0,,,100.0,148.0,100.0,1127.0,18.0,18.0,100.0,0.0,100.0,0.0,200.0,0.0,100.0,10206.0,100.0,46602467184.0,100.0,92977957416.0
2019-12-31,ZJV10RNN,ST12000NM0007,12000138625024,0,82.0,152424616.0,95.0,0.0,100.0,4.0,100.0,0.0,85.0,290220814.0,88.0,10578.0,100.0,0.0,100.0,4.0,,,,,100.0,0.0,100.0,0.0,,,81.0,19.0,,,100.0,150.0,100.0,1129.0,19.0,19.0,100.0,0.0,100.0,0.0,200.0,0.0,100.0,10237.0,100.0,46602813512.0,100.0,93198198216.0
