2019-01-23,ZJV2E7C5,ST12000NM0007,12000138625024,0,81.0,139673744.0,98.0,0.0,100.0,2.0,100.0,0.0,63.0,1786685.0,100.0,200.0,100.0,0.0,100.0,2.0,,,,,100.0,0.0,100.0,0.0,,,68.0,32.0,,,100.0,1.0,100.0,361.0,32.0,32.0,100.0,0.0,100.0,0.0,200.0,0.0,100.0,29.0,100.0,605788560.0,100.0,266319114.0
2019-01-24,ZJV2E7C5,ST12000NM0007,12000138625024,0,82.0,176086776.0,98.0,0.0,100.0,2.0,100.0,0.0,63.0,1939510.0,100.0,223.0,100.0,0.0,100.0,2.0,,,,,100.0,0.0,100.0,0.0,,,68.0,32.0,,,100.0,2.0,100.0,362.0,32.0,32.0,100.0,0.0,100.0,0.0,200.0,0.0,100.0,53.0,100.0,641984064.0,100.0,266536642.0
2019-01-25,ZJV2E7C5,ST12000NM0007,12000138625024,0,82,176331520,98.0,0.0,100.0,2.0,100.0,0.0,63.0,1963236.0,100,247,100.0,0.0,100,2,,,,,100.0,0.0,100.0,0.0,,,68.0,32.0,,,100,3,100.0,363.0,32,32,100.0,0.0,100.0,0.0,200.0,0.0,100.0,76.0,100.0,641992808.0,100.0,266772642.0
2019-01-26,ZJV2E7C5,ST12000NM0007,12000138625024,0,82,176587984,98.0,0.0,100.0,2.0,100.0,0.0,63.0,1987801.0,100,272,100.0,0.0,100,2,,,,,100.0,0.0,100.0,0.0,,,68.0,32.0,,,100,4,100.0,364.0,32,32,100.0,0.0,100.0,0.0,200.0,0.0,100.0,101.0,100.0,642002344.0,100.0,267019570.0
2019-01-27,ZJV2E7C5,ST12000NM0007,12000138625024,0,82,176832784,98.0,0.0,100.0,2.0,100.0,0.0,63.0,2011242.0,100,296,100.0,0.0,100,2,,,,,100.0,0.0,100.0,0.0,,,68.0,32.0,,,100,5,100.0,365.0,32,32,100.0,0.0,100.0,0.0,200.0,0.0,100.0,125.0,100.0,642011440.0,100.0,267255274.0
2019-01-28,ZJV2E7C5,ST12000NM0007,12000138625024,0,82,177067024,98.0,0.0,100.0,2.0,100.0,0.0,63.0,2034453.0,100,319,100.0,0.0,100,2,,,,,100.0,0.0,100.0,0.0,,,68.0,32.0,,,100,6,100.0,366.0,32,32,100.0,0.0,100.0,0.0,200.0,0.0,100.0,148.0,100.0,642021192.0,100.0,267479762.0
2019-01-29,ZJV2E7C5,ST12000NM0007,12000138625024,0,82,177324176,98.0,0.0,100.0,2.0,100.0,0.0,63.0,2058849.0,100,344,100.0,0.0,100,2,,,,,100.0,0.0,100.0,0.0,,,68.0,32.0,,,100,7,100.0,367.0,32,32,100.0,0.0,100.0,0.0,200.0,0.0,100.0,173.0,100.0,642031400.0,100.0,267726706.0
2019-01-30,ZJV2E7C5,ST12000NM0007,12000138625024,0,82,177569272,98.0,0.0,100.0,2.0,100.0,0.0,63.0,2082109.0,100,367,100.0,0.0,100,2,,,,,100.0,0.0,100.0,0.0,,,70.0,30.0,,,100,8,100.0,368.0,30,30,100.0,0.0,100.0,0.0,200.0,0.0,100.0,196.0,100.0,642040792.0,100.0,267962410.0
2019-01-31,ZJV2E7C5,ST12000NM0007,12000138625024,0,82,177791648,98.0,0.0,100.0,2.0,100.0,0.0,63.0,2103445.0,100,389,100.0,0.0,100,2,,,,,100.0,0.0,100.0,0.0,,,70.0,30.0,,,100,9,100.0,369.0,30,30,100.0,0.0,100.0,0.0,200.0,0.0,100.0,217.0,100.0,642049896.0,100.0,268175682.0
2019-02-01,ZJV2E7C5,ST12000NM0007,12000138625024,0,82,177820864,98.0,0.0,100.0,2.0,100.0,0.0,63.0,2107762.0,100,402,100.0,0.0,100,2,,,,,100.0,0.0,100.0,0.0,,,72.0,28.0,,,100,9,100.0,443.0,28,28,100.0,0.0,100.0,0.0,200.0,0.0,100.0,218.0,100.0,642058256.0,100.0,268196538.0
2019-02-02,ZJV2E7C5,ST12000NM0007,12000138625024,0,83.0,177855736.0,98.0,0.0,100.0,2.0,100.0,0.0,63.0,2117449.0,100.0,433.0,100.0,0.0,100.0,2.0,,,,,100.0,0.0,100.0,0.0,,,72.0,28.0,,,100.0,9.0,100.0,631.0,28.0,28.0,100.0,0.0,100.0,0.0,200.0,0.0,100.0,218.0,100.0,642070680.0,100.0,268218986.0
2019-02-03,ZJV2E7C5,ST12000NM0007,12000138625024,0,83,177872880,98.0,0.0,100.0,2.0,100.0,0.0,63.0,2122454.0,100,448,100.0,0.0,100,2,,,,,100.0,0.0,100.0,0.0,,,72.0,28.0,,,100,9,100.0,725.0,28,28,100.0,0.0,100.0,0.0,200.0,0.0,100.0,218.0,100.0,642076600.0,100.0,268230210.0
2019-02-04,ZJV2E7C5,ST12000NM0007,12000138625024,0,83,177907616,98.0,0.0,100.0,2.0,100.0,0.0,63.0,2131871.0,100,480,100.0,0.0,100,2,,,,,100.0,0.0,100.0,0.0,,,72.0,28.0,,,100,9,100.0,912.0,28,28,100.0,0.0,100.0,0.0,200.0,0.0,100.0,218.0,100.0,642088888.0,100.0,268252658.0
2019-02-05,ZJV2E7C5,ST12000NM0007,12000138625024,0,83.0,177925080.0,98.0,0.0,100.0,2.0,100.0,0.0,63.0,2136506.0,100.0,496.0,100.0,0.0,100.0,2.0,,,,,100.0,0.0,100.0,0.0,,,72.0,28.0,,,100.0,9.0,100.0,1005.0,28.0,28.0,100.0,0.0,100.0,0.0,200.0,0.0,100.0,218.0,100.0,642095128.0,100.0,268263882.0
2019-02-06,ZJV2E7C5,ST12000NM0007,12000138625024,0,83,177959080,98.0,0.0,100.0,2.0,100.0,0.0,63.0,2146109.0,100,527,100.0,0.0,100,2,,,,,100.0,0.0,100.0,0.0,,,72.0,28.0,,,100,9,100.0,1191.0,28,28,100.0,0.0,100.0,0.0,200.0,0.0,100.0,219.0,100.0,642106680.0,100.0,268286330.0
2019-02-07,ZJV2E7C5,ST12000NM0007,12000138625024,0,83.0,177976392.0,98.0,0.0,100.0,2.0,100.0,0.0,63.0,2150830.0,100.0,542.0,100.0,0.0,100.0,2.0,,,,,100.0,0.0,100.0,0.0,,,72.0,28.0,,,100.0,9.0,100.0,1288.0,28.0,28.0,100.0,0.0,100.0,0.0,200.0,0.0,100.0,219.0,100.0,642112768.0,100.0,268297554.0
2019-02-08,ZJV2E7C5,ST12000NM0007,12000138625024,0,77,50147616,98.0,0.0,100.0,2.0,100.0,0.0,68.0,5795277.0,100,573,100.0,0.0,100,2,,,,,100.0,0.0,100.0,0.0,,,68.0,32.0,,,100,9,100.0,1330.0,32,32,100.0,0.0,100.0,0.0,200.0,0.0,100.0,244.0,100.0,1082407712.0,100.0,432596354.0
2019-02-09,ZJV2E7C5,ST12000NM0007,12000138625024,0,83.0,188754744.0,98.0,0.0,100.0,2.0,100.0,0.0,69.0,8081564.0,100.0,589.0,100.0,0.0,100.0,2.0,,,,,100.0,0.0,100.0,0.0,,,68.0,32.0,,,100.0,9.0,100.0,1330.0,32.0,32.0,100.0,0.0,100.0,0.0,200.0,0.0,100.0,260.0,100.0,1322900512.0,100.0,574851362.0
2019-02-10,ZJV2E7C5,ST12000NM0007,12000138625024,0,82,159746096,98.0,0.0,100.0,2.0,100.0,0.0,71.0,12583477.0,100,621,100.0,0.0,100,2,,,,,100.0,0.0,100.0,0.0,,,68.0,32.0,,,100,10,100.0,1332.0,32,32,100.0,0.0,100.0,0.0,200.0,0.0,100.0,291.0,100.0,1796783088.0,100.0,804382466.0
2019-02-11,ZJV2E7C5,ST12000NM0007,12000138625024,0,74,27432712,98.0,0.0,100.0,2.0,100.0,0.0,72.0,14931324.0,100,636,100.0,0.0,100,2,,,,,100.0,0.0,100.0,0.0,,,68.0,32.0,,,100,10,100.0,1332.0,32,32,100.0,0.0,100.0,0.0,200.0,0.0,100.0,307.0,100.0,2039356000.0,100.0,917777498.0
2019-02-12,ZJV2E7C5,ST12000NM0007,12000138625024,0,69.0,7152696.0,98.0,0.0,100.0,2.0,100.0,0.0,73.0,19576050.0,100.0,668.0,100.0,0.0,100.0,2.0,,,,,100.0,0.0,100.0,0.0,,,68.0,32.0,,,100.0,10.0,100.0,1334.0,32.0,32.0,100.0,0.0,100.0,0.0,200.0,0.0,100.0,339.0,100.0,2495588528.0,100.0,1173686994.0
2019-02-13,ZJV2E7C5,ST12000NM0007,12000138625024,0,80,91103704,98.0,0.0,100.0,2.0,100.0,0.0,73.0,21854139.0,100,684,100.0,0.0,100,2,,,,,100.0,0.0,100.0,0.0,,,68.0,32.0,,,100,10,100.0,1334.0,32,32,100.0,0.0,100.0,0.0,200.0,0.0,100.0,355.0,100.0,2712597920.0,100.0,1284769314.0
2019-02-14,ZJV2E7C5,ST12000NM0007,12000138625024,0,76,35949184,98.0,0.0,100.0,2.0,100.0,0.0,74.0,26443050.0,100,716,100.0,0.0,100,2,,,,,100.0,0.0,100.0,0.0,,,68.0,32.0,,,100,10,100.0,1336.0,32,32,100.0,0.0,100.0,0.0,200.0,0.0,100.0,386.0,100.0,3177649520.0,100.0,1496985674.0
2019-02-15,ZJV2E7C5,ST12000NM0007,12000138625024,0,81.0,114238136.0,98.0,0.0,100.0,2.0,100.0,0.0,75.0,28705657.0,100.0,732.0,100.0,0.0,100.0,2.0,,,,,100.0,0.0,100.0,0.0,,,68.0,32.0,,,100.0,10.0,100.0,1336.0,32.0,32.0,100.0,0.0,100.0,0.0,200.0,0.0,100.0,402.0,100.0,3398307384.0,100.0,1598757402.0
2019-02-16,ZJV2E7C5,ST12000NM0007,12000138625024,0,77.0,49967328.0,98.0,0.0,100.0,2.0,100.0,0.0,75.0,33120594.0,100.0,763.0,100.0,0.0,100.0,2.0,,,,,100.0,0.0,100.0,0.0,,,68.0,32.0,,,100.0,11.0,100.0,1338.0,32.0,32.0,100.0,0.0,100.0,0.0,200.0,0.0,100.0,434.0,100.0,3834850760.0,100.0,1830365810.0
2019-02-17,ZJV2E7C5,ST12000NM0007,12000138625024,0,81,121268616,98.0,0.0,100.0,2.0,100.0,0.0,76.0,36861577.0,100,795,100.0,0.0,100,2,,,,,100.0,0.0,100.0,0.0,,,68.0,32.0,,,100,12,100.0,1339.0,32,32,100.0,0.0,100.0,0.0,200.0,0.0,100.0,465.0,100.0,4171145528.0,100.0,2053655114.0
2019-02-18,ZJV2E7C5,ST12000NM0007,12000138625024,0,84,234726856,98.0,0.0,100.0,2.0,100.0,0.0,76.0,39214535.0,100,811,100.0,0.0,100,2,,,,,100.0,0.0,100.0,0.0,,,68.0,32.0,,,100,12,100.0,1339.0,32,32,100.0,0.0,100.0,0.0,200.0,0.0,100.0,481.0,100.0,4405386712.0,100.0,2177012850.0
2019-02-19,ZJV2E7C5,ST12000NM0007,12000138625024,0,83,221917584,98.0,0.0,100.0,2.0,100.0,0.0,76.0,43926393.0,100,842,100.0,0.0,100,2,,,,,100.0,0.0,100.0,0.0,,,68.0,32.0,,,100,12,100.0,1341.0,32,32,100.0,0.0,100.0,0.0,200.0,0.0,100.0,513.0,100.0,4894490960.0,100.0,2407521394.0
2019-02-20,ZJV2E7C5,ST12000NM0007,12000138625024,0,82.0,167016536.0,98.0,0.0,100.0,2.0,100.0,0.0,77.0,46048027.0,100.0,858.0,100.0,0.0,100.0,2.0,,,,,100.0,0.0,100.0,0.0,,,68.0,32.0,,,100.0,12.0,100.0,1341.0,32.0,32.0,100.0,0.0,100.0,0.0,200.0,0.0,100.0,528.0,100.0,5206714680.0,100.0,2528679346.0
2019-02-21,ZJV2E7C5,ST12000NM0007,12000138625024,0,78,69388632,98.0,0.0,100.0,2.0,100.0,0.0,77.0,50436387.0,99,890,100.0,0.0,100,2,,,,,100.0,0.0,100.0,0.0,,,68.0,32.0,,,100,12,100.0,1343.0,32,32,100.0,0.0,100.0,0.0,200.0,0.0,100.0,560.0,100.0,5614884896.0,100.0,2755303954.0
2019-02-22,ZJV2E7C5,ST12000NM0007,12000138625024,0,72,16937136,98.0,0.0,100.0,2.0,100.0,0.0,77.0,52969135.0,99,905,100.0,0.0,100,2,,,,,100.0,0.0,100.0,0.0,,,69.0,31.0,,,100,12,100.0,1343.0,31,31,100.0,0.0,100.0,0.0,200.0,0.0,100.0,576.0,100.0,5917128856.0,100.0,2888890362.0
2019-02-23,ZJV2E7C5,ST12000NM0007,12000138625024,0,81.0,134848944.0,98.0,0.0,100.0,2.0,100.0,0.0,78.0,57220033.0,99.0,937.0,100.0,0.0,100.0,2.0,,,,,100.0,0.0,100.0,0.0,,,71.0,29.0,,,100.0,13.0,100.0,1345.0,29.0,29.0,100.0,0.0,100.0,0.0,200.0,0.0,100.0,607.0,100.0,6289712728.0,100.0,3122500042.0
2019-02-24,ZJV2E7C5,ST12000NM0007,12000138625024,0,82,177292920,98.0,0.0,100.0,2.0,100.0,0.0,78.0,59325624.0,99,953,100.0,0.0,100,2,,,,,100.0,0.0,100.0,0.0,,,71.0,29.0,,,100,13,100.0,1345.0,29,29,100.0,0.0,100.0,0.0,200.0,0.0,100.0,623.0,100.0,6475591016.0,100.0,3223206634.0
2019-02-25,ZJV2E7C5,ST12000NM0007,12000138625024,0,74,23998312,98.0,0.0,100.0,2.0,100.0,0.0,78.0,63516340.0,99,985,100.0,0.0,100,2,,,,,100.0,0.0,100.0,0.0,,,71.0,29.0,,,100,14,100.0,1347.0,29,29,100.0,0.0,100.0,0.0,200.0,0.0,100.0,655.0,100.0,6849580976.0,100.0,3428344362.0
2019-02-26,ZJV2E7C5,ST12000NM0007,12000138625024,0,79,75948960,98.0,0.0,100.0,2.0,100.0,0.0,78.0,65704632.0,99,1001,100.0,0.0,100,2,,,,,100.0,0.0,100.0,0.0,,,72.0,28.0,,,100,14,100.0,1347.0,28,28,100.0,0.0,100.0,0.0,200.0,0.0,100.0,670.0,100.0,7043135552.0,100.0,3530881338.0
2019-02-27,ZJV2E7C5,ST12000NM0007,12000138625024,0,83.0,181581608.0,98.0,0.0,100.0,2.0,100.0,0.0,78.0,70112488.0,99.0,1032.0,100.0,0.0,100.0,2.0,,,,,100.0,0.0,100.0,0.0,,,71.0,29.0,,,100.0,14.0,100.0,1349.0,29.0,29.0,100.0,0.0,100.0,0.0,200.0,0.0,100.0,702.0,100.0,7415299448.0,100.0,3752631618.0
2019-02-28,ZJV2E7C5,ST12000NM0007,12000138625024,0,83,190369432,98.0,0.0,100.0,2.0,100.0,0.0,79.0,71890541.0,99,1048,100.0,0.0,100,2,,,,,100.0,0.0,100.0,0.0,,,72.0,28.0,,,100,14,100.0,1349.0,28,28,100.0,0.0,100.0,0.0,200.0,0.0,100.0,718.0,100.0,7547962904.0,100.0,3872896802.0
2019-03-01,ZJV2E7C5,ST12000NM0007,12000138625024,0,73.0,20416648.0,98.0,0.0,100.0,2.0,100.0,0.0,79.0,75984458.0,99.0,1080.0,100.0,0.0,100.0,2.0,,,,,100.0,0.0,100.0,0.0,,,72.0,28.0,,,100.0,15.0,100.0,1351.0,28.0,28.0,100.0,0.0,100.0,0.0,200.0,0.0,100.0,749.0,100.0,7886574248.0,100.0,4096754850.0
2019-03-02,ZJV2E7C5,ST12000NM0007,12000138625024,0,78.0,63179872.0,98.0,0.0,100.0,2.0,100.0,0.0,79.0,78105640.0,99.0,1095.0,100.0,0.0,100.0,2.0,,,,,100.0,0.0,100.0,0.0,,,72.0,28.0,,,100.0,15.0,100.0,1351.0,28.0,28.0,100.0,0.0,100.0,0.0,200.0,0.0,100.0,765.0,100.0,8034832928.0,100.0,4235400218.0
2019-03-03,ZJV2E7C5,ST12000NM0007,12000138625024,0,80.0,102808584.0,98.0,0.0,100.0,2.0,100.0,0.0,79.0,82078065.0,99.0,1127.0,100.0,0.0,100.0,2.0,,,,,100.0,0.0,100.0,0.0,,,72.0,28.0,,,100.0,15.0,100.0,1353.0,28.0,28.0,100.0,0.0,100.0,0.0,200.0,0.0,100.0,796.0,100.0,8347927168.0,100.0,4450216090.0
2019-03-04,ZJV2E7C5,ST12000NM0007,12000138625024,0,82,153182896,98.0,0.0,100.0,2.0,100.0,0.0,79.0,84289452.0,99,1143,100.0,0.0,100,2,,,,,100.0,0.0,100.0,0.0,,,71.0,29.0,,,100,15,100.0,1353.0,29,29,100.0,0.0,100.0,0.0,200.0,0.0,100.0,812.0,100.0,8509957136.0,100.0,4582701434.0
2019-03-05,ZJV2E7C5,ST12000NM0007,12000138625024,0,76.0,42758816.0,98.0,0.0,100.0,2.0,100.0,0.0,79.0,88689617.0,99.0,1175.0,100.0,0.0,100.0,2.0,,,,,100.0,0.0,100.0,0.0,,,72.0,28.0,,,100.0,16.0,100.0,1355.0,28.0,28.0,100.0,0.0,100.0,0.0,200.0,0.0,100.0,844.0,100.0,8837409392.0,100.0,4877248090.0
2019-03-06,ZJV2E7C5,ST12000NM0007,12000138625024,0,80.0,94503144.0,98.0,0.0,100.0,2.0,100.0,0.0,80.0,90880006.0,99.0,1191.0,100.0,0.0,100.0,2.0,,,,,100.0,0.0,100.0,0.0,,,72.0,28.0,,,100.0,16.0,100.0,1355.0,28.0,28.0,100.0,0.0,100.0,0.0,200.0,0.0,100.0,860.0,100.0,8996597096.0,100.0,5013945378.0
2019-03-07,ZJV2E7C5,ST12000NM0007,12000138625024,0,83.0,193848800.0,98.0,0.0,100.0,2.0,100.0,0.0,80.0,95125451.0,99.0,1222.0,100.0,0.0,100.0,2.0,,,,,100.0,0.0,100.0,0.0,,,72.0,28.0,,,100.0,16.0,100.0,1357.0,28.0,28.0,100.0,0.0,100.0,0.0,200.0,0.0,100.0,891.0,100.0,9293363344.0,100.0,5304806858.0
2019-03-08,ZJV2E7C5,ST12000NM0007,12000138625024,0,79.0,72947120.0,98.0,0.0,100.0,2.0,100.0,0.0,80.0,99676822.0,99.0,1254.0,100.0,0.0,100.0,2.0,,,,,100.0,0.0,100.0,0.0,,,72.0,28.0,,,100.0,16.0,100.0,1358.0,28.0,28.0,100.0,0.0,100.0,0.0,200.0,0.0,100.0,922.0,100.0,9667803376.0,100.0,5541887338.0
2019-03-09,ZJV2E7C5,ST12000NM0007,12000138625024,0,81.0,116615208.0,98.0,0.0,100.0,2.0,100.0,0.0,80.0,101764108.0,99.0,1270.0,100.0,0.0,100.0,2.0,,,,,100.0,0.0,100.0,0.0,,,72.0,28.0,,,100.0,16.0,100.0,1359.0,28.0,28.0,100.0,0.0,100.0,0.0,200.0,0.0,100.0,938.0,100.0,9828726856.0,100.0,5668773530.0
2019-03-10,ZJV2E7C5,ST12000NM0007,12000138625024,0,73.0,18034432.0,98.0,0.0,100.0,2.0,100.0,0.0,80.0,106301519.0,99.0,1301.0,100.0,0.0,100.0,2.0,,,,,100.0,0.0,100.0,0.0,,,69.0,31.0,,,100.0,16.0,100.0,1360.0,31.0,31.0,100.0,0.0,100.0,0.0,200.0,0.0,100.0,970.0,100.0,10215624288.0,100.0,5915717442.0
2019-03-11,ZJV2E7C5,ST12000NM0007,12000138625024,0,78.0,63638696.0,98.0,0.0,100.0,2.0,100.0,0.0,80.0,108434248.0,99.0,1317.0,100.0,0.0,100.0,2.0,,,,,100.0,0.0,100.0,0.0,,,68.0,32.0,,,100.0,17.0,100.0,1361.0,32.0,32.0,100.0,0.0,100.0,0.0,200.0,0.0,100.0,985.0,100.0,10399943472.0,100.0,6021143258.0
2019-03-12,ZJV2E7C5,ST12000NM0007,12000138625024,0,83.0,216066712.0,98.0,0.0,100.0,2.0,100.0,0.0,81.0,112985400.0,99.0,1349.0,100.0,0.0,100.0,2.0,,,,,100.0,0.0,100.0,0.0,,,68.0,32.0,,,100.0,18.0,100.0,1362.0,32.0,32.0,100.0,0.0,100.0,0.0,200.0,0.0,100.0,1017.0,100.0,10766851808.0,100.0,6294944410.0
2019-03-13,ZJV2E7C5,ST12000NM0007,12000138625024,0,72.0,14802840.0,98.0,0.0,100.0,2.0,100.0,0.0,81.0,115068946.0,99.0,1365.0,100.0,0.0,100.0,2.0,,,,,100.0,0.0,100.0,0.0,,,68.0,32.0,,,100.0,19.0,100.0,1363.0,32.0,32.0,100.0,0.0,100.0,0.0,200.0,0.0,100.0,1033.0,100.0,10943559096.0,100.0,6405254546.0
2019-03-14,ZJV2E7C5,ST12000NM0007,12000138625024,0,79.0,71026656.0,98.0,0.0,100.0,2.0,100.0,0.0,81.0,117199575.0,99.0,1381.0,100.0,0.0,100.0,2.0,,,,,100.0,0.0,100.0,0.0,,,69.0,31.0,,,100.0,19.0,100.0,1363.0,31.0,31.0,100.0,0.0,100.0,0.0,200.0,0.0,100.0,1048.0,100.0,11115124224.0,100.0,6534053914.0
2019-03-15,ZJV2E7C5,ST12000NM0007,12000138625024,0,83.0,204566856.0,98.0,0.0,100.0,2.0,100.0,0.0,81.0,121585870.0,99.0,1413.0,100.0,0.0,100.0,2.0,,,,,100.0,0.0,100.0,0.0,,,68.0,32.0,,,100.0,20.0,100.0,1365.0,32.0,32.0,100.0,0.0,100.0,0.0,200.0,0.0,100.0,1080.0,100.0,11510510176.0,100.0,6760489746.0
2019-03-16,ZJV2E7C5,ST12000NM0007,12000138625024,0,81.0,122274424.0,98.0,0.0,100.0,2.0,100.0,0.0,81.0,124194975.0,99.0,1429.0,100.0,0.0,100.0,2.0,,,,,100.0,0.0,100.0,0.0,,,68.0,32.0,,,100.0,20.0,100.0,1365.0,32.0,32.0,100.0,0.0,100.0,0.0,200.0,0.0,100.0,1096.0,100.0,11768957576.0,100.0,6908031528.0
2019-03-17,ZJV2E7C5,ST12000NM0007,12000138625024,0,82.0,175065200.0,98.0,0.0,100.0,2.0,100.0,0.0,81.0,129641602.0,99.0,1462.0,100.0,0.0,100.0,2.0,,,,,100.0,0.0,100.0,0.0,,,68.0,32.0,,,100.0,20.0,100.0,1367.0,32.0,32.0,100.0,0.0,100.0,0.0,200.0,0.0,100.0,1129.0,100.0,12236080976.0,100.0,7226121334.0
2019-03-18,ZJV2E7C5,ST12000NM0007,12000138625024,0,80.0,111536672.0,98.0,0.0,100.0,2.0,100.0,0.0,81.0,132470940.0,99.0,1477.0,100.0,0.0,100.0,2.0,,,,,100.0,0.0,100.0,0.0,,,68.0,32.0,,,100.0,20.0,100.0,1367.0,32.0,32.0,100.0,0.0,100.0,0.0,200.0,0.0,100.0,1145.0,100.0,12492710824.0,100.0,7394244750.0
2019-03-19,ZJV2E7C5,ST12000NM0007,12000138625024,0,83.0,220654664.0,98.0,0.0,100.0,2.0,100.0,0.0,81.0,137919973.0,99.0,1509.0,100.0,0.0,100.0,2.0,,,,,100.0,0.0,100.0,0.0,,,68.0,32.0,,,100.0,20.0,100.0,1369.0,32.0,32.0,100.0,0.0,100.0,0.0,200.0,0.0,100.0,1176.0,100.0,12994451864.0,100.0,7734044854.0
2019-03-20,ZJV2E7C5,ST12000NM0007,12000138625024,0,82.0,164462216.0,98.0,0.0,100.0,2.0,100.0,0.0,81.0,140727789.0,99.0,1525.0,100.0,0.0,100.0,2.0,,,,,100.0,0.0,100.0,0.0,,,68.0,32.0,,,100.0,20.0,100.0,1369.0,32.0,32.0,100.0,0.0,100.0,0.0,200.0,0.0,100.0,1192.0,100.0,13265493528.0,100.0,7895092566.0
2019-03-21,ZJV2E7C5,ST12000NM0007,12000138625024,0,84.0,241503632.0,98.0,0.0,100.0,2.0,100.0,0.0,82.0,145906196.0,99.0,1557.0,100.0,0.0,100.0,2.0,,,,,100.0,0.0,100.0,0.0,,,68.0,32.0,,,100.0,20.0,100.0,1370.0,32.0,32.0,100.0,0.0,100.0,0.0,200.0,0.0,100.0,1223.0,100.0,13763113424.0,100.0,8206936494.0
2019-03-22,ZJV2E7C5,ST12000NM0007,12000138625024,0,79.0,81049712.0,98.0,0.0,100.0,2.0,100.0,0.0,82.0,151083962.0,99.0,1588.0,100.0,0.0,100.0,2.0,,,,,100.0,0.0,100.0,0.0,,,68.0,32.0,,,100.0,20.0,100.0,1372.0,32.0,32.0,100.0,0.0,100.0,0.0,200.0,0.0,100.0,1255.0,100.0,14257379120.0,100.0,8528780014.0
2019-03-23,ZJV2E7C5,ST12000NM0007,12000138625024,0,84.0,239987920.0,98.0,0.0,100.0,2.0,100.0,0.0,82.0,153744881.0,99.0,1604.0,100.0,0.0,100.0,2.0,,,,,100.0,0.0,100.0,0.0,,,70.0,30.0,,,100.0,20.0,100.0,1372.0,30.0,30.0,100.0,0.0,100.0,0.0,200.0,0.0,100.0,1271.0,100.0,14529884584.0,100.0,8659354142.0
2019-03-24,ZJV2E7C5,ST12000NM0007,12000138625024,0,83.0,212270510.0,98.0,0.0,100.0,2.0,100.0,0.0,82.0,158076814.0,99.0,1636.0,100.0,0.0,100.0,2.0,,,,,100.0,0.0,100.0,0.0,,,68.0,32.0,,,100.0,20.0,100.0,1377.0,32.0,32.0,100.0,0.0,100.0,0.0,200.0,0.0,100.0,1302.0,100.0,14931314128.0,100.0,8962629219.0
2019-03-25,ZJV2E7C5,ST12000NM0007,12000138625024,0,81.0,112263960.0,98.0,0.0,100.0,2.0,100.0,0.0,82.0,159948645.0,99.0,1652.0,100.0,0.0,100.0,2.0,,,,,100.0,0.0,100.0,0.0,,,68.0,32.0,,,100.0,20.0,100.0,1377.0,32.0,32.0,100.0,0.0,100.0,0.0,200.0,0.0,100.0,1318.0,100.0,15164461768.0,100.0,9117756363.0
2019-03-26,ZJV2E7C5,ST12000NM0007,12000138625024,0,81.0,135785136.0,98.0,0.0,100.0,2.0,100.0,0.0,82.0,163700120.0,99.0,1684.0,100.0,0.0,100.0,2.0,,,,,100.0,0.0,100.0,0.0,,,68.0,32.0,,,100.0,21.0,100.0,1379.0,32.0,32.0,100.0,0.0,100.0,0.0,200.0,0.0,100.0,1350.0,100.0,15622664912.0,100.0,9415496931.0
2019-03-27,ZJV2E7C5,ST12000NM0007,12000138625024,0,81.0,127131576.0,98.0,0.0,100.0,2.0,100.0,0.0,82.0,165798743.0,99.0,1700.0,100.0,0.0,100.0,2.0,,,,,100.0,0.0,100.0,0.0,,,68.0,32.0,,,100.0,21.0,100.0,1379.0,32.0,32.0,100.0,0.0,100.0,0.0,200.0,0.0,100.0,1366.0,100.0,15909102592.0,100.0,9608690203.0
2019-03-28,ZJV2E7C5,ST12000NM0007,12000138625024,0,78.0,65893576.0,98.0,0.0,100.0,2.0,100.0,0.0,82.0,167870831.0,99.0,1715.0,100.0,0.0,100.0,2.0,,,,,100.0,0.0,100.0,0.0,,,68.0,32.0,,,100.0,21.0,100.0,1380.0,32.0,32.0,100.0,0.0,100.0,0.0,200.0,0.0,100.0,1381.0,100.0,16162192040.0,100.0,9782645243.0
2019-03-29,ZJV2E7C5,ST12000NM0007,12000138625024,0,81.0,134949976.0,98.0,0.0,100.0,2.0,100.0,0.0,82.0,171892953.0,99.0,1747.0,100.0,0.0,100.0,2.0,,,,,100.0,0.0,100.0,0.0,,,72.0,28.0,,,100.0,22.0,100.0,1382.0,28.0,28.0,100.0,0.0,100.0,0.0,200.0,0.0,100.0,1413.0,100.0,16640444656.0,100.0,10105872459.0
2019-03-30,ZJV2E7C5,ST12000NM0007,12000138625024,0,83.0,216866584.0,98.0,0.0,100.0,2.0,100.0,0.0,82.0,175987249.0,98.0,1779.0,100.0,0.0,100.0,2.0,,,,,100.0,0.0,100.0,0.0,,,72.0,28.0,,,100.0,22.0,100.0,1384.0,28.0,28.0,100.0,0.0,100.0,0.0,200.0,0.0,100.0,1444.0,100.0,17096262112.0,100.0,10464395547.0
2019-03-31,ZJV2E7C5,ST12000NM0007,12000138625024,0,79.0,75014680.0,98.0,0.0,100.0,2.0,100.0,0.0,83.0,177973400.0,98.0,1794.0,100.0,0.0,100.0,2.0,,,,,100.0,0.0,100.0,0.0,,,72.0,28.0,,,100.0,22.0,100.0,1384.0,28.0,28.0,100.0,0.0,100.0,0.0,200.0,0.0,100.0,1460.0,100.0,17296291704.0,100.0,10610795499.0
2019-04-01,ZJV2E7C5,ST12000NM0007,12000138625024,0,82.0,167227896.0,98.0,0.0,100.0,2.0,100.0,0.0,83.0,182327668.0,98.0,1826.0,100.0,0.0,100.0,2.0,,,,,100.0,0.0,100.0,0.0,,,72.0,28.0,,,100.0,22.0,100.0,1386.0,28.0,28.0,100.0,0.0,100.0,0.0,200.0,0.0,100.0,1491.0,100.0,17746687424.0,100.0,10985036035.0
2019-04-02,ZJV2E7C5,ST12000NM0007,12000138625024,0,81.0,136253608.0,98.0,0.0,100.0,2.0,100.0,0.0,83.0,184518288.0,98.0,1842.0,100.0,0.0,100.0,2.0,,,,,100.0,0.0,100.0,0.0,,,72.0,28.0,,,100.0,22.0,100.0,1386.0,28.0,28.0,100.0,0.0,100.0,0.0,200.0,0.0,100.0,1507.0,100.0,18025543312.0,100.0,11163491259.0
2019-04-03,ZJV2E7C5,ST12000NM0007,12000138625024,0,73.0,22121960.0,98.0,0.0,100.0,2.0,100.0,0.0,83.0,188950017.0,98.0,1874.0,100.0,0.0,100.0,2.0,,,,,100.0,0.0,100.0,0.0,,,72.0,28.0,,,100.0,22.0,100.0,1388.0,28.0,28.0,100.0,0.0,100.0,0.0,200.0,0.0,100.0,1539.0,100.0,18510094616.0,100.0,11541371627.0
2019-04-04,ZJV2E7C5,ST12000NM0007,12000138625024,0,83.0,198317008.0,98.0,0.0,100.0,2.0,100.0,0.0,83.0,191041578.0,98.0,1889.0,100.0,0.0,100.0,2.0,,,,,100.0,0.0,100.0,0.0,,,72.0,28.0,,,100.0,22.0,100.0,1388.0,28.0,28.0,100.0,0.0,100.0,0.0,200.0,0.0,100.0,1555.0,100.0,18743356104.0,100.0,11728445843.0
2019-04-05,ZJV2E7C5,ST12000NM0007,12000138625024,0,79.0,84906904.0,98.0,0.0,100.0,2.0,100.0,0.0,83.0,195476971.0,98.0,1921.0,100.0,0.0,100.0,2.0,,,,,100.0,0.0,100.0,0.0,,,71.0,29.0,,,100.0,22.0,100.0,1390.0,29.0,29.0,100.0,0.0,100.0,0.0,200.0,0.0,100.0,1586.0,100.0,19210752120.0,100.0,12124211667.0
2019-04-06,ZJV2E7C5,ST12000NM0007,12000138625024,0,75.0,32100352.0,98.0,0.0,100.0,2.0,100.0,0.0,83.0,197768049.0,98.0,1937.0,100.0,0.0,100.0,2.0,,,,,100.0,0.0,100.0,0.0,,,72.0,28.0,,,100.0,23.0,100.0,1391.0,28.0,28.0,100.0,0.0,100.0,0.0,200.0,0.0,100.0,1602.0,100.0,19463599896.0,100.0,12306838819.0
2019-04-07,ZJV2E7C5,ST12000NM0007,12000138625024,0,84.0,225569200.0,98.0,0.0,100.0,2.0,100.0,0.0,83.0,202498634.0,98.0,1969.0,100.0,0.0,100.0,2.0,,,,,100.0,0.0,100.0,0.0,,,72.0,28.0,,,100.0,23.0,100.0,1392.0,28.0,28.0,100.0,0.0,100.0,0.0,200.0,0.0,100.0,1633.0,100.0,19933536456.0,100.0,12762793939.0
2019-04-08,ZJV2E7C5,ST12000NM0007,12000138625024,0,82.0,170738200.0,98.0,0.0,100.0,2.0,100.0,0.0,83.0,204725927.0,98.0,1984.0,100.0,0.0,100.0,2.0,,,,,100.0,0.0,100.0,0.0,,,72.0,28.0,,,100.0,23.0,100.0,1393.0,28.0,28.0,100.0,0.0,100.0,0.0,200.0,0.0,100.0,1649.0,100.0,20171570552.0,100.0,12958211107.0
2019-04-09,ZJV2E7C5,ST12000NM0007,12000138625024,0,75.0,34883440.0,98.0,0.0,100.0,2.0,100.0,0.0,83.0,209267276.0,98.0,2016.0,100.0,0.0,100.0,2.0,,,,,100.0,0.0,100.0,0.0,,,72.0,28.0,,,100.0,23.0,100.0,1394.0,28.0,28.0,100.0,0.0,100.0,0.0,200.0,0.0,100.0,1680.0,100.0,20605296496.0,100.0,13365195403.0
2019-04-10,ZJV2E7C5,ST12000NM0007,12000138625024,0,83.0,218157088.0,98.0,0.0,100.0,2.0,100.0,0.0,83.0,211579863.0,98.0,2032.0,100.0,0.0,100.0,2.0,,,,,100.0,0.0,100.0,0.0,,,72.0,28.0,,,100.0,23.0,100.0,1395.0,28.0,28.0,100.0,0.0,100.0,0.0,200.0,0.0,100.0,1696.0,100.0,20845365776.0,100.0,13552540435.0
2019-04-11,ZJV2E7C5,ST12000NM0007,12000138625024,0,79.0,74803544.0,98.0,0.0,100.0,2.0,100.0,0.0,83.0,216139005.0,98.0,2064.0,100.0,0.0,100.0,2.0,,,,,100.0,0.0,100.0,0.0,,,72.0,28.0,,,100.0,23.0,100.0,1396.0,28.0,28.0,100.0,0.0,100.0,0.0,200.0,0.0,100.0,1728.0,100.0,21282776768.0,100.0,13948338963.0
2019-04-12,ZJV2E7C5,ST12000NM0007,12000138625024,0,72.0,15504336.0,98.0,0.0,100.0,2.0,100.0,0.0,83.0,218428629.0,98.0,2080.0,100.0,0.0,100.0,2.0,,,,,100.0,0.0,100.0,0.0,,,68.0,32.0,,,100.0,23.0,100.0,1397.0,32.0,32.0,100.0,0.0,100.0,0.0,200.0,0.0,100.0,1743.0,100.0,21517010080.0,100.0,14143088051.0
2019-04-13,ZJV2E7C5,ST12000NM0007,12000138625024,0,82.0,149786784.0,98.0,0.0,100.0,2.0,100.0,0.0,83.0,223159034.0,98.0,2111.0,100.0,0.0,100.0,2.0,,,,,100.0,0.0,100.0,0.0,,,68.0,32.0,,,100.0,23.0,100.0,1398.0,32.0,32.0,100.0,0.0,100.0,0.0,200.0,0.0,100.0,1775.0,100.0,21967724912.0,100.0,14559082571.0
2019-04-14,ZJV2E7C5,ST12000NM0007,12000138625024,0,81.0,117235416.0,98.0,0.0,100.0,2.0,100.0,0.0,84.0,225528809.0,98.0,2127.0,100.0,0.0,100.0,2.0,,,,,100.0,0.0,100.0,0.0,,,68.0,32.0,,,100.0,23.0,100.0,1399.0,32.0,32.0,100.0,0.0,100.0,0.0,200.0,0.0,100.0,1791.0,100.0,22164499664.0,100.0,14818038739.0
2019-04-15,ZJV2E7C5,ST12000NM0007,12000138625024,0,82.0,159158848.0,98.0,0.0,100.0,2.0,100.0,0.0,84.0,229692191.0,98.0,2159.0,100.0,0.0,100.0,2.0,,,,,100.0,0.0,100.0,0.0,,,68.0,32.0,,,100.0,24.0,100.0,1400.0,32.0,32.0,100.0,0.0,100.0,0.0,200.0,0.0,100.0,1822.0,100.0,22574304296.0,100.0,15182580211.0
2019-04-16,ZJV2E7C5,ST12000NM0007,12000138625024,0,75.0,30110152.0,98.0,0.0,100.0,2.0,100.0,0.0,84.0,231733304.0,98.0,2175.0,100.0,0.0,100.0,2.0,,,,,100.0,0.0,100.0,0.0,,,68.0,32.0,,,100.0,24.0,100.0,1401.0,32.0,32.0,100.0,0.0,100.0,0.0,200.0,0.0,100.0,1838.0,100.0,22780412816.0,100.0,15335704491.0
2019-04-17,ZJV2E7C5,ST12000NM0007,12000138625024,0,79.0,85344440.0,98.0,0.0,100.0,2.0,100.0,0.0,84.0,236265523.0,98.0,2207.0,100.0,0.0,100.0,2.0,,,,,100.0,0.0,100.0,0.0,,,68.0,32.0,,,100.0,24.0,100.0,1402.0,32.0,32.0,100.0,0.0,100.0,0.0,200.0,0.0,100.0,1870.0,100.0,23189447008.0,100.0,15714327475.0
2019-04-18,ZJV2E7C5,ST12000NM0007,12000138625024,0,81.0,138497296.0,98.0,0.0,100.0,2.0,100.0,0.0,84.0,240794024.0,98.0,2238.0,100.0,0.0,100.0,2.0,,,,,100.0,0.0,100.0,0.0,,,68.0,32.0,,,100.0,24.0,100.0,1404.0,32.0,32.0,100.0,0.0,100.0,0.0,200.0,0.0,100.0,1901.0,100.0,23627070104.0,100.0,16062279859.0
2019-04-19,ZJV2E7C5,ST12000NM0007,12000138625024,0,75.0,29350928.0,98.0,0.0,100.0,2.0,100.0,0.0,84.0,243103712.0,98.0,2254.0,100.0,0.0,100.0,2.0,,,,,100.0,0.0,100.0,0.0,,,67.0,33.0,,,100.0,24.0,100.0,1404.0,33.0,33.0,100.0,0.0,100.0,0.0,200.0,0.0,100.0,1917.0,100.0,23824493152.0,100.0,16243992179.0
2019-04-20,ZJV2E7C5,ST12000NM0007,12000138625024,0,78.0,56730352.0,98.0,0.0,100.0,2.0,100.0,0.0,84.0,247911483.0,98.0,2286.0,100.0,0.0,100.0,2.0,,,,,100.0,0.0,100.0,0.0,,,68.0,32.0,,,100.0,24.0,100.0,1406.0,32.0,32.0,100.0,0.0,100.0,0.0,200.0,0.0,100.0,1949.0,100.0,24214174152.0,100.0,16614112851.0
2019-04-21,ZJV2E7C5,ST12000NM0007,12000138625024,0,79.0,86830920.0,98.0,0.0,100.0,2.0,100.0,0.0,84.0,250147597.0,98.0,2302.0,100.0,0.0,100.0,2.0,,,,,100.0,0.0,100.0,0.0,,,68.0,32.0,,,100.0,24.0,100.0,1406.0,32.0,32.0,100.0,0.0,100.0,0.0,200.0,0.0,100.0,1965.0,100.0,24336488656.0,100.0,16766042843.0
2019-04-22,ZJV2E7C5,ST12000NM0007,12000138625024,0,84.0,225981760.0,98.0,0.0,100.0,2.0,100.0,0.0,84.0,255089160.0,98.0,2334.0,100.0,0.0,100.0,2.0,,,,,100.0,0.0,100.0,0.0,,,68.0,32.0,,,100.0,24.0,100.0,1408.0,32.0,32.0,100.0,0.0,100.0,0.0,200.0,0.0,100.0,1996.0,100.0,24632183640.0,100.0,17097780011.0
2019-04-23,ZJV2E7C5,ST12000NM0007,12000138625024,0,78.0,66071312.0,98.0,0.0,100.0,2.0,100.0,0.0,84.0,257574555.0,98.0,2350.0,100.0,0.0,100.0,2.0,,,,,100.0,0.0,100.0,0.0,,,68.0,32.0,,,100.0,24.0,100.0,1408.0,32.0,32.0,100.0,0.0,100.0,0.0,200.0,0.0,100.0,2012.0,100.0,24781393120.0,100.0,17276941547.0
2019-04-24,ZJV2E7C5,ST12000NM0007,12000138625024,0,82.0,162204392.0,98.0,0.0,100.0,2.0,100.0,0.0,84.0,259927429.0,98.0,2365.0,100.0,0.0,100.0,2.0,,,,,100.0,0.0,100.0,0.0,,,68.0,32.0,,,100.0,25.0,100.0,1409.0,32.0,32.0,100.0,0.0,100.0,0.0,200.0,0.0,100.0,2028.0,100.0,24946626824.0,100.0,17451982411.0
2019-04-25,ZJV2E7C5,ST12000NM0007,12000138625024,0,83.0,194248376.0,98.0,0.0,100.0,2.0,100.0,0.0,84.0,265032346.0,98.0,2397.0,100.0,0.0,100.0,2.0,,,,,100.0,0.0,100.0,0.0,,,67.0,33.0,,,100.0,25.0,100.0,1411.0,33.0,33.0,100.0,0.0,100.0,0.0,200.0,0.0,100.0,2059.0,100.0,25286885048.0,100.0,17876191859.0
2019-04-26,ZJV2E7C5,ST12000NM0007,12000138625024,0,80.0,89179512.0,98.0,0.0,100.0,2.0,100.0,0.0,84.0,267823696.0,98.0,2413.0,100.0,0.0,100.0,2.0,,,,,100.0,0.0,100.0,0.0,,,68.0,32.0,,,100.0,25.0,100.0,1412.0,32.0,32.0,100.0,0.0,100.0,0.0,200.0,0.0,100.0,2075.0,100.0,25490772048.0,100.0,18055517363.0
2019-04-27,ZJV2E7C5,ST12000NM0007,12000138625024,0,81.0,128520512.0,98.0,0.0,100.0,2.0,100.0,0.0,84.0,273535542.0,98.0,2445.0,100.0,0.0,100.0,2.0,,,,,100.0,0.0,100.0,0.0,,,67.0,33.0,,,100.0,25.0,100.0,1413.0,33.0,33.0,100.0,0.0,100.0,0.0,200.0,0.0,100.0,2107.0,100.0,25827402672.0,100.0,18490650371.0
2019-04-28,ZJV2E7C5,ST12000NM0007,12000138625024,0,78.0,69150496.0,98.0,0.0,100.0,2.0,100.0,0.0,84.0,276823077.0,98.0,2461.0,100.0,0.0,100.0,2.0,,,,,100.0,0.0,100.0,0.0,,,68.0,32.0,,,100.0,25.0,100.0,1414.0,32.0,32.0,100.0,0.0,100.0,0.0,200.0,0.0,100.0,2123.0,100.0,25989668544.0,100.0,18757296067.0
2019-04-29,ZJV2E7C5,ST12000NM0007,12000138625024,0,74.0,24896000.0,98.0,0.0,100.0,2.0,100.0,0.0,85.0,282045927.0,98.0,2492.0,100.0,0.0,100.0,2.0,,,,,100.0,0.0,100.0,0.0,,,68.0,32.0,,,100.0,25.0,100.0,1415.0,32.0,32.0,100.0,0.0,100.0,0.0,200.0,0.0,100.0,2154.0,100.0,26301293312.0,100.0,19133839611.0
2019-04-30,ZJV2E7C5,ST12000NM0007,12000138625024,0,82.0,142869904.0,98.0,0.0,100.0,2.0,100.0,0.0,85.0,284543682.0,98.0,2508.0,100.0,0.0,100.0,2.0,,,,,100.0,0.0,100.0,0.0,,,68.0,32.0,,,100.0,25.0,100.0,1416.0,32.0,32.0,100.0,0.0,100.0,0.0,200.0,0.0,100.0,2170.0,100.0,26465343592.0,100.0,19331903947.0
2019-05-01,ZJV2E7C5,ST12000NM0007,12000138625024,0,80.0,102541624.0,98.0,0.0,100.0,2.0,100.0,0.0,85.0,290777170.0,98.0,2540.0,100.0,0.0,100.0,2.0,,,,,100.0,0.0,100.0,0.0,,,68.0,32.0,,,100.0,25.0,100.0,1417.0,32.0,32.0,100.0,0.0,100.0,0.0,200.0,0.0,100.0,2202.0,100.0,26789005376.0,100.0,19700336347.0
2019-05-02,ZJV2E7C5,ST12000NM0007,12000138625024,0,77.0,45078920.0,98.0,0.0,100.0,2.0,100.0,0.0,85.0,296612451.0,98.0,2571.0,100.0,0.0,100.0,2.0,,,,,100.0,0.0,100.0,0.0,,,68.0,32.0,,,100.0,25.0,100.0,1419.0,32.0,32.0,100.0,0.0,100.0,0.0,200.0,0.0,100.0,2233.0,100.0,27060670384.0,100.0,20103631883.0
2019-05-03,ZJV2E7C5,ST12000NM0007,12000138625024,0,81.0,130411000.0,98.0,0.0,100.0,2.0,100.0,0.0,85.0,299522722.0,98.0,2587.0,100.0,0.0,100.0,2.0,,,,,100.0,0.0,100.0,0.0,,,67.0,33.0,,,100.0,25.0,100.0,1419.0,33.0,33.0,100.0,0.0,100.0,0.0,200.0,0.0,100.0,2249.0,100.0,27217818536.0,100.0,20275956515.0
2019-05-04,ZJV2E7C5,ST12000NM0007,12000138625024,0,77.0,51199224.0,98.0,0.0,100.0,2.0,100.0,0.0,85.0,304585720.0,98.0,2619.0,100.0,0.0,100.0,2.0,,,,,100.0,0.0,100.0,0.0,,,68.0,32.0,,,100.0,26.0,100.0,1421.0,32.0,32.0,100.0,0.0,100.0,0.0,200.0,0.0,100.0,2281.0,100.0,27510685992.0,100.0,20636299403.0
2019-05-05,ZJV2E7C5,ST12000NM0007,12000138625024,0,81.0,137584616.0,98.0,0.0,100.0,2.0,100.0,0.0,85.0,307241758.0,97.0,2635.0,100.0,0.0,100.0,2.0,,,,,100.0,0.0,100.0,0.0,,,68.0,32.0,,,100.0,26.0,100.0,1421.0,32.0,32.0,100.0,0.0,100.0,0.0,200.0,0.0,100.0,2296.0,100.0,27668469592.0,100.0,20809041827.0
2019-05-06,ZJV2E7C5,ST12000NM0007,12000138625024,0,83.0,212919928.0,98.0,0.0,100.0,2.0,100.0,0.0,85.0,314102252.0,97.0,2667.0,100.0,0.0,100.0,2.0,,,,,100.0,0.0,100.0,0.0,,,68.0,32.0,,,100.0,26.0,100.0,1423.0,32.0,32.0,100.0,0.0,100.0,0.0,200.0,0.0,100.0,2328.0,100.0,27953691128.0,100.0,21331578195.0
2019-05-07,ZJV2E7C5,ST12000NM0007,12000138625024,0,80.0,100222272.0,98.0,0.0,100.0,2.0,100.0,0.0,85.0,316865478.0,97.0,2683.0,100.0,0.0,100.0,2.0,,,,,100.0,0.0,100.0,0.0,,,67.0,33.0,,,100.0,26.0,100.0,1423.0,33.0,33.0,100.0,0.0,100.0,0.0,200.0,0.0,100.0,2344.0,100.0,28064455440.0,100.0,21596397811.0
2019-05-08,ZJV2E7C5,ST12000NM0007,12000138625024,0,81.0,140028128.0,98.0,0.0,100.0,2.0,100.0,0.0,85.0,322025821.0,97.0,2714.0,100.0,0.0,100.0,2.0,,,,,100.0,0.0,100.0,0.0,,,68.0,32.0,,,100.0,26.0,100.0,1425.0,32.0,32.0,100.0,0.0,100.0,0.0,200.0,0.0,100.0,2375.0,100.0,28354832720.0,100.0,22078249091.0
2019-05-09,ZJV2E7C5,ST12000NM0007,12000138625024,0,81.0,127166000.0,98.0,0.0,100.0,2.0,100.0,0.0,85.0,325637376.0,97.0,2730.0,100.0,0.0,100.0,2.0,,,,,100.0,0.0,100.0,0.0,,,67.0,33.0,,,100.0,26.0,100.0,1425.0,33.0,33.0,100.0,0.0,100.0,0.0,200.0,0.0,100.0,2391.0,100.0,28455471856.0,100.0,22208888563.0
2019-05-10,ZJV2E7C5,ST12000NM0007,12000138625024,0,79.0,77908040.0,98.0,0.0,100.0,2.0,100.0,0.0,85.0,331254125.0,97.0,2762.0,100.0,0.0,100.0,2.0,,,,,100.0,0.0,100.0,0.0,,,68.0,32.0,,,100.0,28.0,100.0,1428.0,32.0,32.0,100.0,0.0,100.0,0.0,200.0,0.0,100.0,2422.0,100.0,28631715992.0,100.0,22471668019.0
2019-05-11,ZJV2E7C5,ST12000NM0007,12000138625024,0,82.0,171539128.0,98.0,0.0,100.0,2.0,100.0,0.0,85.0,334026344.0,97.0,2778.0,100.0,0.0,100.0,2.0,,,,,100.0,0.0,100.0,0.0,,,68.0,32.0,,,100.0,28.0,100.0,1428.0,32.0,32.0,100.0,0.0,100.0,0.0,200.0,0.0,100.0,2438.0,100.0,28747733272.0,100.0,22693422675.0
2019-05-12,ZJV2E7C5,ST12000NM0007,12000138625024,0,72.0,14175056.0,98.0,0.0,100.0,2.0,100.0,0.0,85.0,338453796.0,97.0,2809.0,100.0,0.0,100.0,2.0,,,,,100.0,0.0,100.0,0.0,,,68.0,32.0,,,100.0,29.0,100.0,1430.0,32.0,32.0,100.0,0.0,100.0,0.0,200.0,0.0,100.0,2470.0,100.0,28928699168.0,100.0,23087515147.0
2019-05-13,ZJV2E7C5,ST12000NM0007,12000138625024,0,75.0,28798640.0,98.0,0.0,100.0,2.0,100.0,0.0,85.0,340861092.0,97.0,2825.0,100.0,0.0,100.0,2.0,,,,,100.0,0.0,100.0,0.0,,,68.0,32.0,,,100.0,29.0,100.0,1430.0,32.0,32.0,100.0,0.0,100.0,0.0,200.0,0.0,100.0,2486.0,100.0,29035363880.0,100.0,23239614755.0
2019-05-14,ZJV2E7C5,ST12000NM0007,12000138625024,0,78.0,70488832.0,98.0,0.0,100.0,2.0,100.0,0.0,85.0,346009770.0,97.0,2857.0,100.0,0.0,100.0,2.0,,,,,100.0,0.0,100.0,0.0,,,68.0,32.0,,,100.0,30.0,100.0,1432.0,32.0,32.0,100.0,0.0,100.0,0.0,200.0,0.0,100.0,2517.0,100.0,29219167344.0,100.0,23585783203.0
2019-05-15,ZJV2E7C5,ST12000NM0007,12000138625024,0,76.0,39027664.0,98.0,0.0,100.0,2.0,100.0,0.0,85.0,347834217.0,97.0,2873.0,100.0,0.0,100.0,2.0,,,,,100.0,0.0,100.0,0.0,,,68.0,32.0,,,100.0,30.0,100.0,1432.0,32.0,32.0,100.0,0.0,100.0,0.0,200.0,0.0,100.0,2533.0,100.0,29289229136.0,100.0,23728401315.0
2019-05-16,ZJV2E7C5,ST12000NM0007,12000138625024,0,78.0,63656224.0,98.0,0.0,100.0,2.0,100.0,0.0,85.0,352370754.0,97.0,2904.0,100.0,0.0,100.0,2.0,,,,,100.0,0.0,100.0,0.0,,,68.0,32.0,,,100.0,30.0,100.0,1434.0,32.0,32.0,100.0,0.0,100.0,0.0,200.0,0.0,100.0,2564.0,100.0,29481085352.0,100.0,24049455395.0
2019-05-17,ZJV2E7C5,ST12000NM0007,12000138625024,0,77.0,54493728.0,98.0,0.0,100.0,2.0,100.0,0.0,86.0,354955059.0,97.0,2920.0,100.0,0.0,100.0,2.0,,,,,100.0,0.0,100.0,0.0,,,69.0,31.0,,,100.0,30.0,100.0,1434.0,31.0,31.0,100.0,0.0,100.0,0.0,200.0,0.0,100.0,2580.0,100.0,29589014200.0,100.0,24176504819.0
2019-05-18,ZJV2E7C5,ST12000NM0007,12000138625024,0,76.0,41518488.0,98.0,0.0,100.0,2.0,100.0,0.0,86.0,359014323.0,97.0,2952.0,100.0,0.0,100.0,2.0,,,,,100.0,0.0,100.0,0.0,,,68.0,32.0,,,100.0,31.0,100.0,1436.0,32.0,32.0,100.0,0.0,100.0,0.0,200.0,0.0,100.0,2612.0,100.0,29762665752.0,100.0,24478159499.0
2019-05-19,ZJV2E7C5,ST12000NM0007,12000138625024,0,65.0,3238360.0,98.0,0.0,100.0,2.0,100.0,0.0,86.0,360989617.0,97.0,2968.0,100.0,0.0,100.0,2.0,,,,,100.0,0.0,100.0,0.0,,,69.0,31.0,,,100.0,31.0,100.0,1436.0,31.0,31.0,100.0,0.0,100.0,0.0,200.0,0.0,100.0,2628.0,100.0,29810246040.0,100.0,24636440411.0
2019-05-20,ZJV2E7C5,ST12000NM0007,12000138625024,0,83.0,195498072.0,98.0,0.0,100.0,2.0,100.0,0.0,86.0,364532350.0,97.0,3000.0,100.0,0.0,100.0,2.0,,,,,100.0,0.0,100.0,0.0,,,68.0,32.0,,,100.0,32.0,100.0,1438.0,32.0,32.0,100.0,0.0,100.0,0.0,200.0,0.0,100.0,2659.0,100.0,29994615304.0,100.0,24888471523.0
2019-05-21,ZJV2E7C5,ST12000NM0007,12000138625024,0,82.0,159245784.0,98.0,0.0,100.0,2.0,100.0,0.0,86.0,366287352.0,97.0,3015.0,100.0,0.0,100.0,2.0,,,,,100.0,0.0,100.0,0.0,,,69.0,31.0,,,100.0,32.0,100.0,1438.0,31.0,31.0,100.0,0.0,100.0,0.0,200.0,0.0,100.0,2675.0,100.0,30062003432.0,100.0,25028971755.0
2019-05-22,ZJV2E7C5,ST12000NM0007,12000138625024,0,83.0,208892872.0,98.0,0.0,100.0,2.0,100.0,0.0,86.0,371332418.0,97.0,3047.0,100.0,0.0,100.0,2.0,,,,,100.0,0.0,100.0,0.0,,,69.0,31.0,,,100.0,33.0,100.0,1440.0,31.0,31.0,100.0,0.0,100.0,0.0,200.0,0.0,100.0,2706.0,100.0,30270552696.0,100.0,25358351259.0
2019-05-23,ZJV2E7C5,ST12000NM0007,12000138625024,0,81.0,126130200.0,98.0,0.0,100.0,2.0,100.0,0.0,86.0,375728963.0,97.0,3079.0,100.0,0.0,100.0,2.0,,,,,100.0,0.0,100.0,0.0,,,68.0,32.0,,,100.0,33.0,100.0,1441.0,32.0,32.0,100.0,0.0,100.0,0.0,200.0,0.0,100.0,2738.0,100.0,30390561600.0,100.0,25643861019.0
2019-05-24,ZJV2E7C5,ST12000NM0007,12000138625024,0,77.0,51296600.0,98.0,0.0,100.0,2.0,100.0,0.0,86.0,377700044.0,97.0,3095.0,100.0,0.0,100.0,2.0,,,,,100.0,0.0,100.0,0.0,,,68.0,32.0,,,100.0,33.0,100.0,1442.0,32.0,32.0,100.0,0.0,100.0,0.0,200.0,0.0,100.0,2754.0,100.0,30442692200.0,100.0,25761037587.0
2019-05-25,ZJV2E7C5,ST12000NM0007,12000138625024,0,83.0,181012328.0,98.0,0.0,100.0,2.0,100.0,0.0,86.0,380943665.0,97.0,3127.0,100.0,0.0,100.0,2.0,,,,,100.0,0.0,100.0,0.0,,,69.0,31.0,,,100.0,33.0,100.0,1443.0,31.0,31.0,100.0,0.0,100.0,0.0,200.0,0.0,100.0,2785.0,100.0,30538399984.0,100.0,26039186163.0
2019-05-26,ZJV2E7C5,ST12000NM0007,12000138625024,0,79.0,88056712.0,98.0,0.0,100.0,2.0,100.0,0.0,86.0,382446499.0,97.0,3142.0,100.0,0.0,100.0,2.0,,,,,100.0,0.0,100.0,0.0,,,68.0,32.0,,,100.0,33.0,100.0,1444.0,32.0,32.0,100.0,0.0,100.0,0.0,200.0,0.0,100.0,2801.0,100.0,30582043936.0,100.0,26146727771.0
2019-05-27,ZJV2E7C5,ST12000NM0007,12000138625024,0,76.0,36327440.0,98.0,0.0,100.0,2.0,100.0,0.0,86.0,386270381.0,97.0,3174.0,100.0,0.0,100.0,2.0,,,,,100.0,0.0,100.0,0.0,,,68.0,32.0,,,100.0,34.0,100.0,1445.0,32.0,32.0,100.0,0.0,100.0,0.0,200.0,0.0,100.0,2833.0,100.0,30730249400.0,100.0,26435074515.0
2019-05-28,ZJV2E7C5,ST12000NM0007,12000138625024,0,73.0,17817704.0,98.0,0.0,100.0,2.0,100.0,0.0,86.0,388687176.0,97.0,3190.0,100.0,0.0,100.0,2.0,,,,,100.0,0.0,100.0,0.0,,,68.0,32.0,,,100.0,34.0,100.0,1446.0,32.0,32.0,100.0,0.0,100.0,0.0,200.0,0.0,100.0,2849.0,100.0,30800315632.0,100.0,26590639451.0
2019-05-29,ZJV2E7C5,ST12000NM0007,12000138625024,0,83.0,192092560.0,98.0,0.0,100.0,2.0,100.0,0.0,86.0,392223527.0,97.0,3222.0,100.0,0.0,100.0,2.0,,,,,100.0,0.0,100.0,0.0,,,70.0,30.0,,,100.0,34.0,100.0,1447.0,30.0,30.0,100.0,0.0,100.0,0.0,200.0,0.0,100.0,2880.0,100.0,30922084640.0,100.0,26887286355.0
2019-05-30,ZJV2E7C5,ST12000NM0007,12000138625024,0,81.0,124662152.0,98.0,0.0,100.0,2.0,100.0,0.0,86.0,393573719.0,97.0,3238.0,100.0,0.0,100.0,2.0,,,,,100.0,0.0,100.0,0.0,,,70.0,30.0,,,100.0,35.0,100.0,1448.0,30.0,30.0,100.0,0.0,100.0,0.0,200.0,0.0,100.0,2896.0,100.0,30957669872.0,100.0,27028411595.0
2019-05-31,ZJV2E7C5,ST12000NM0007,12000138625024,0,75.0,31049600.0,98.0,0.0,100.0,2.0,100.0,0.0,86.0,398189007.0,97.0,3269.0,100.0,0.0,100.0,2.0,,,,,100.0,0.0,100.0,0.0,,,69.0,31.0,,,100.0,35.0,100.0,1449.0,31.0,31.0,100.0,0.0,100.0,0.0,200.0,0.0,100.0,2928.0,100.0,31061353312.0,100.0,27319397035.0
2019-06-01,ZJV2E7C5,ST12000NM0007,12000138625024,0,72.0,17302160.0,98.0,0.0,100.0,2.0,100.0,0.0,86.0,400464847.0,97.0,3285.0,100.0,0.0,100.0,2.0,,,,,100.0,0.0,100.0,0.0,,,68.0,32.0,,,100.0,35.0,100.0,1449.0,32.0,32.0,100.0,0.0,100.0,0.0,200.0,0.0,100.0,2944.0,100.0,31117479328.0,100.0,27493664211.0
2019-06-02,ZJV2E7C5,ST12000NM0007,12000138625024,0,84.0,224915600.0,98.0,0.0,100.0,2.0,100.0,0.0,86.0,404553347.0,97.0,3317.0,100.0,0.0,100.0,2.0,,,,,100.0,0.0,100.0,0.0,,,69.0,31.0,,,100.0,35.0,100.0,1451.0,31.0,31.0,100.0,0.0,100.0,0.0,200.0,0.0,100.0,2975.0,100.0,31266274808.0,100.0,27796622851.0
2019-06-03,ZJV2E7C5,ST12000NM0007,12000138625024,0,83.0,202853024.0,98.0,0.0,100.0,2.0,100.0,0.0,86.0,406339804.0,97.0,3333.0,100.0,0.0,100.0,2.0,,,,,100.0,0.0,100.0,0.0,,,69.0,31.0,,,100.0,35.0,100.0,1452.0,31.0,31.0,100.0,0.0,100.0,0.0,200.0,0.0,100.0,2991.0,100.0,31352151248.0,100.0,27932824619.0
2019-06-04,ZJV2E7C5,ST12000NM0007,12000138625024,0,82.0,171237600.0,98.0,0.0,100.0,2.0,100.0,0.0,86.0,410422299.0,97.0,3364.0,100.0,0.0,100.0,2.0,,,,,100.0,0.0,100.0,0.0,,,70.0,30.0,,,100.0,36.0,100.0,1453.0,30.0,30.0,100.0,0.0,100.0,0.0,200.0,0.0,100.0,3022.0,100.0,31512278032.0,100.0,28229363835.0
2019-06-05,ZJV2E7C5,ST12000NM0007,12000138625024,0,81.0,117305336.0,98.0,0.0,100.0,2.0,100.0,0.0,86.0,411862739.0,97.0,3380.0,100.0,0.0,100.0,2.0,,,,,100.0,0.0,100.0,0.0,,,69.0,31.0,,,100.0,36.0,100.0,1454.0,31.0,31.0,100.0,0.0,100.0,0.0,200.0,0.0,100.0,3038.0,100.0,31567401936.0,100.0,28364448467.0
2019-06-06,ZJV2E7C5,ST12000NM0007,12000138625024,0,77.0,48447440.0,98.0,0.0,100.0,2.0,100.0,0.0,86.0,413346479.0,97.0,3396.0,100.0,0.0,100.0,2.0,,,,,100.0,0.0,100.0,0.0,,,70.0,30.0,,,100.0,37.0,100.0,1455.0,30.0,30.0,100.0,0.0,100.0,0.0,200.0,0.0,100.0,3054.0,100.0,31619419312.0,100.0,28487714075.0
2019-06-07,ZJV2E7C5,ST12000NM0007,12000138625024,0,73.0,20390816.0,98.0,0.0,100.0,2.0,100.0,0.0,86.0,417505016.0,97.0,3428.0,100.0,0.0,100.0,2.0,,,,,100.0,0.0,100.0,0.0,,,69.0,31.0,,,100.0,37.0,100.0,1456.0,31.0,31.0,100.0,0.0,100.0,0.0,200.0,0.0,100.0,3085.0,100.0,31776596056.0,100.0,28790761971.0
2019-06-08,ZJV2E7C5,ST12000NM0007,12000138625024,0,84.0,238346952.0,98.0,0.0,100.0,2.0,100.0,0.0,86.0,419437047.0,97.0,3443.0,100.0,0.0,100.0,2.0,,,,,100.0,0.0,100.0,0.0,,,69.0,31.0,,,100.0,37.0,100.0,1457.0,31.0,31.0,100.0,0.0,100.0,0.0,200.0,0.0,100.0,3101.0,100.0,31859987432.0,100.0,28925326731.0
2019-06-09,ZJV2E7C5,ST12000NM0007,12000138625024,0,80.0,90395968.0,98.0,0.0,100.0,2.0,100.0,0.0,86.0,422167049.0,97.0,3475.0,100.0,0.0,100.0,2.0,,,,,100.0,0.0,100.0,0.0,,,70.0,30.0,,,100.0,37.0,100.0,1458.0,30.0,30.0,100.0,0.0,100.0,0.0,200.0,0.0,100.0,3133.0,100.0,31933783344.0,100.0,29191861155.0
2019-06-10,ZJV2E7C5,ST12000NM0007,12000138625024,0,83.0,179941376.0,98.0,0.0,100.0,2.0,100.0,0.0,86.0,425117611.0,96.0,3507.0,100.0,0.0,100.0,2.0,,,,,100.0,0.0,100.0,0.0,,,70.0,30.0,,,100.0,37.0,100.0,1459.0,30.0,30.0,100.0,0.0,100.0,0.0,200.0,0.0,100.0,3164.0,100.0,32003434096.0,100.0,29455896843.0
2019-06-11,ZJV2E7C5,ST12000NM0007,12000138625024,0,80.0,92014944.0,98.0,0.0,100.0,2.0,100.0,0.0,86.0,426381725.0,96.0,3522.0,100.0,0.0,100.0,2.0,,,,,100.0,0.0,100.0,0.0,,,69.0,31.0,,,100.0,37.0,100.0,1460.0,31.0,31.0,100.0,0.0,100.0,0.0,200.0,0.0,100.0,3180.0,100.0,32022455856.0,100.0,29593089491.0
2019-06-12,ZJV2E7C5,ST12000NM0007,12000138625024,0,84.0,231101792.0,98.0,0.0,100.0,2.0,100.0,0.0,86.0,430964993.0,96.0,3554.0,100.0,0.0,100.0,2.0,,,,,100.0,0.0,100.0,0.0,,,69.0,31.0,,,100.0,37.0,100.0,1461.0,31.0,31.0,100.0,0.0,100.0,0.0,200.0,0.0,100.0,3212.0,100.0,32080306824.0,100.0,29918466451.0
2019-06-13,ZJV2E7C5,ST12000NM0007,12000138625024,0,81.0,137524376.0,98.0,0.0,100.0,2.0,100.0,0.0,86.0,432167992.0,96.0,3570.0,100.0,0.0,100.0,2.0,,,,,100.0,0.0,100.0,0.0,,,69.0,31.0,,,100.0,37.0,100.0,1462.0,31.0,31.0,100.0,0.0,100.0,0.0,200.0,0.0,100.0,3227.0,100.0,32097154800.0,100.0,30052182851.0
2019-06-14,ZJV2E7C5,ST12000NM0007,12000138625024,0,84.0,233197168.0,98.0,0.0,100.0,2.0,100.0,0.0,86.0,435845570.0,96.0,3602.0,100.0,0.0,100.0,2.0,,,,,100.0,0.0,100.0,0.0,,,69.0,31.0,,,100.0,37.0,100.0,1463.0,31.0,31.0,100.0,0.0,100.0,0.0,200.0,0.0,100.0,3259.0,100.0,32146660792.0,100.0,30342490283.0
2019-06-15,ZJV2E7C5,ST12000NM0007,12000138625024,0,82.0,167825472.0,98.0,0.0,100.0,2.0,100.0,0.0,86.0,437326215.0,96.0,3618.0,100.0,0.0,100.0,2.0,,,,,100.0,0.0,100.0,0.0,,,69.0,31.0,,,100.0,37.0,100.0,1464.0,31.0,31.0,100.0,0.0,100.0,0.0,200.0,0.0,100.0,3275.0,100.0,32166874920.0,100.0,30501045163.0
2019-06-16,ZJV2E7C5,ST12000NM0007,12000138625024,0,83.0,187426872.0,98.0,0.0,100.0,2.0,100.0,0.0,86.0,443634492.0,96.0,3649.0,100.0,0.0,100.0,2.0,,,,,100.0,0.0,100.0,0.0,,,75.0,25.0,,,100.0,38.0,100.0,1465.0,25.0,25.0,100.0,0.0,100.0,0.0,200.0,0.0,100.0,3306.0,100.0,32203069624.0,100.0,30728592707.0
2019-06-17,ZJV2E7C5,ST12000NM0007,12000138625024,0,80.0,94694880.0,98.0,0.0,100.0,2.0,100.0,0.0,86.0,446249814.0,96.0,3665.0,100.0,0.0,100.0,2.0,,,,,100.0,0.0,100.0,0.0,,,76.0,24.0,,,100.0,38.0,100.0,1466.0,24.0,24.0,100.0,0.0,100.0,0.0,200.0,0.0,100.0,3322.0,100.0,32218089760.0,100.0,30864981211.0
2019-06-18,ZJV2E7C5,ST12000NM0007,12000138625024,0,82.0,153190960.0,98.0,0.0,100.0,2.0,100.0,0.0,87.0,449873766.0,96.0,3697.0,100.0,0.0,100.0,2.0,,,,,100.0,0.0,100.0,0.0,,,76.0,24.0,,,100.0,39.0,100.0,1467.0,24.0,24.0,100.0,0.0,100.0,0.0,200.0,0.0,100.0,3354.0,100.0,32271140592.0,100.0,31114567235.0
2019-06-19,ZJV2E7C5,ST12000NM0007,12000138625024,0,77.0,54655824.0,98.0,0.0,100.0,2.0,100.0,0.0,87.0,451335318.0,96.0,3713.0,100.0,0.0,100.0,2.0,,,,,100.0,0.0,100.0,0.0,,,77.0,23.0,,,100.0,39.0,100.0,1468.0,23.0,23.0,100.0,0.0,100.0,0.0,200.0,0.0,100.0,3369.0,100.0,32312041976.0,100.0,31219271563.0
2019-06-20,ZJV2E7C5,ST12000NM0007,12000138625024,0,80.0,104484632.0,98.0,0.0,100.0,2.0,100.0,0.0,87.0,453656298.0,96.0,3744.0,100.0,0.0,100.0,2.0,,,,,100.0,0.0,100.0,0.0,,,76.0,24.0,,,100.0,40.0,100.0,1469.0,24.0,24.0,100.0,0.0,100.0,0.0,200.0,0.0,100.0,3401.0,100.0,32358945928.0,100.0,31466337163.0
2019-06-21,ZJV2E7C5,ST12000NM0007,12000138625024,0,74.0,26297920.0,98.0,0.0,100.0,2.0,100.0,0.0,87.0,455627411.0,96.0,3760.0,100.0,0.0,100.0,2.0,,,,,100.0,0.0,100.0,0.0,,,76.0,24.0,,,100.0,40.0,100.0,1470.0,24.0,24.0,100.0,0.0,100.0,0.0,200.0,0.0,100.0,3416.0,100.0,32386253576.0,100.0,31604984379.0
2019-06-22,ZJV2E7C5,ST12000NM0007,12000138625024,0,81.0,136830472.0,98.0,0.0,100.0,2.0,100.0,0.0,87.0,459535334.0,96.0,3792.0,100.0,0.0,100.0,2.0,,,,,100.0,0.0,100.0,0.0,,,78.0,22.0,,,100.0,41.0,100.0,1471.0,22.0,22.0,100.0,0.0,100.0,0.0,200.0,0.0,100.0,3448.0,100.0,32459730472.0,100.0,31886180779.0
2019-06-23,ZJV2E7C5,ST12000NM0007,12000138625024,0,76.0,36304952.0,98.0,0.0,100.0,2.0,100.0,0.0,87.0,460983260.0,96.0,3808.0,100.0,0.0,100.0,2.0,,,,,100.0,0.0,100.0,0.0,,,78.0,22.0,,,100.0,42.0,100.0,1472.0,22.0,22.0,100.0,0.0,100.0,0.0,200.0,0.0,100.0,3464.0,100.0,32498135168.0,100.0,31991391363.0
2019-06-24,ZJV2E7C5,ST12000NM0007,12000138625024,0,81.0,119848008.0,98.0,0.0,100.0,2.0,100.0,0.0,87.0,463600898.0,96.0,3839.0,100.0,0.0,100.0,2.0,,,,,100.0,0.0,100.0,0.0,,,77.0,23.0,,,100.0,42.0,100.0,1473.0,23.0,23.0,100.0,0.0,100.0,0.0,200.0,0.0,100.0,3495.0,100.0,32562008048.0,100.0,32255203091.0
2019-06-25,ZJV2E7C5,ST12000NM0007,12000138625024,0,77.0,46059560.0,98.0,0.0,100.0,2.0,100.0,0.0,87.0,467520575.0,96.0,3871.0,100.0,0.0,100.0,2.0,,,,,100.0,0.0,100.0,0.0,,,78.0,22.0,,,100.0,43.0,100.0,1474.0,22.0,22.0,100.0,0.0,100.0,0.0,200.0,0.0,100.0,3527.0,100.0,32680567120.0,100.0,32551136971.0
2019-06-26,ZJV2E7C5,ST12000NM0007,12000138625024,0,84.0,225388648.0,98.0,0.0,100.0,2.0,100.0,0.0,87.0,468911418.0,96.0,3887.0,100.0,0.0,100.0,2.0,,,,,100.0,0.0,100.0,0.0,,,77.0,23.0,,,100.0,43.0,100.0,1475.0,23.0,23.0,100.0,0.0,100.0,0.0,200.0,0.0,100.0,3542.0,100.0,32729898200.0,100.0,32681134979.0
2019-06-27,ZJV2E7C5,ST12000NM0007,12000138625024,0,76.0,40408328.0,98.0,0.0,100.0,2.0,100.0,0.0,87.0,472564897.0,96.0,3918.0,100.0,0.0,100.0,2.0,,,,,100.0,0.0,100.0,0.0,,,77.0,23.0,,,100.0,44.0,100.0,1476.0,23.0,23.0,100.0,0.0,100.0,0.0,200.0,0.0,100.0,3574.0,100.0,32822635152.0,100.0,33135840139.0
2019-06-28,ZJV2E7C5,ST12000NM0007,12000138625024,0,67.0,5312720.0,98.0,0.0,100.0,2.0,100.0,0.0,87.0,474766839.0,96.0,3934.0,100.0,0.0,100.0,2.0,,,,,100.0,0.0,100.0,0.0,,,78.0,22.0,,,100.0,45.0,100.0,1477.0,22.0,22.0,100.0,0.0,100.0,0.0,200.0,0.0,100.0,3589.0,100.0,32876015136.0,100.0,33291505187.0
2019-06-29,ZJV2E7C5,ST12000NM0007,12000138625024,0,84.0,235101152.0,98.0,0.0,100.0,2.0,100.0,0.0,87.0,477886475.0,96.0,3966.0,100.0,0.0,100.0,2.0,,,,,100.0,0.0,100.0,0.0,,,78.0,22.0,,,100.0,45.0,100.0,1478.0,22.0,22.0,100.0,0.0,100.0,0.0,200.0,0.0,100.0,3621.0,100.0,32945661424.0,100.0,33695788363.0
2019-06-30,ZJV2E7C5,ST12000NM0007,12000138625024,0,84.0,231745760.0,98.0,0.0,100.0,2.0,100.0,0.0,87.0,479810488.0,96.0,3982.0,100.0,0.0,100.0,2.0,,,,,100.0,0.0,100.0,0.0,,,78.0,22.0,,,100.0,46.0,100.0,1479.0,22.0,22.0,100.0,0.0,100.0,0.0,200.0,0.0,100.0,3637.0,100.0,32995375392.0,100.0,33886859795.0
2019-07-01,ZJV2E7C5,ST12000NM0007,12000138625024,0,81.0,129117624.0,98.0,0.0,100.0,2.0,100.0,0.0,87.0,484240706.0,96.0,4013.0,100.0,0.0,100.0,2.0,,,,,100.0,0.0,100.0,0.0,,,78.0,22.0,,,100.0,47.0,100.0,1480.0,22.0,22.0,100.0,0.0,100.0,0.0,200.0,0.0,100.0,3668.0,100.0,33069517776.0,100.0,34198370923.0
2019-07-02,ZJV2E7C5,ST12000NM0007,12000138625024,0,80.0,90332400.0,98.0,0.0,100.0,2.0,100.0,0.0,87.0,486553663.0,96.0,4029.0,100.0,0.0,100.0,2.0,,,,,100.0,0.0,100.0,0.0,,,77.0,23.0,,,100.0,47.0,100.0,1481.0,23.0,23.0,100.0,0.0,100.0,0.0,200.0,0.0,100.0,3684.0,100.0,33111915488.0,100.0,34361328931.0
2019-07-03,ZJV2E7C5,ST12000NM0007,12000138625024,0,76.0,40555432.0,98.0,0.0,100.0,2.0,100.0,0.0,87.0,490542943.0,96.0,4061.0,100.0,0.0,100.0,2.0,,,,,100.0,0.0,100.0,0.0,,,78.0,22.0,,,100.0,47.0,100.0,1482.0,22.0,22.0,100.0,0.0,100.0,0.0,200.0,0.0,100.0,3716.0,100.0,33207621744.0,100.0,34704127331.0
2019-07-04,ZJV2E7C5,ST12000NM0007,12000138625024,0,84.0,229868184.0,98.0,0.0,100.0,2.0,100.0,0.0,87.0,492331876.0,96.0,4077.0,100.0,0.0,100.0,2.0,,,,,100.0,0.0,100.0,0.0,,,77.0,23.0,,,100.0,47.0,100.0,1483.0,23.0,23.0,100.0,0.0,100.0,0.0,200.0,0.0,100.0,3731.0,100.0,33257084296.0,100.0,34843977531.0
2019-07-05,ZJV2E7C5,ST12000NM0007,12000138625024,0,81.0,136177016.0,98.0,0.0,100.0,2.0,100.0,0.0,87.0,496499716.0,96.0,4108.0,100.0,0.0,100.0,2.0,,,,,100.0,0.0,100.0,0.0,,,78.0,22.0,,,100.0,48.0,100.0,1484.0,22.0,22.0,100.0,0.0,100.0,0.0,200.0,0.0,100.0,3763.0,100.0,33352057688.0,100.0,35143596163.0
2019-07-06,ZJV2E7C5,ST12000NM0007,12000138625024,0,78.0,58582672.0,98.0,0.0,100.0,2.0,100.0,0.0,87.0,497939369.0,96.0,4124.0,100.0,0.0,100.0,2.0,,,,,100.0,0.0,100.0,0.0,,,78.0,22.0,,,100.0,49.0,100.0,1485.0,22.0,22.0,100.0,0.0,100.0,0.0,200.0,0.0,100.0,3778.0,100.0,33383124896.0,100.0,35279075267.0
2019-07-07,ZJV2E7C5,ST12000NM0007,12000138625024,0,83.0,205476312.0,98.0,0.0,100.0,2.0,100.0,0.0,87.0,501405065.0,96.0,4156.0,100.0,0.0,100.0,2.0,,,,,100.0,0.0,100.0,0.0,,,76.0,24.0,,,100.0,49.0,100.0,1486.0,24.0,24.0,100.0,0.0,100.0,0.0,200.0,0.0,100.0,3810.0,100.0,33499221560.0,100.0,35554013099.0
2019-07-08,ZJV2E7C5,ST12000NM0007,12000138625024,0,83.0,221679248.0,98.0,0.0,100.0,2.0,100.0,0.0,87.0,503511042.0,96.0,4172.0,100.0,0.0,100.0,2.0,,,,,100.0,0.0,100.0,0.0,,,76.0,24.0,,,100.0,49.0,100.0,1487.0,24.0,24.0,100.0,0.0,100.0,0.0,200.0,0.0,100.0,3826.0,100.0,33605477704.0,100.0,35708100539.0
2019-07-09,ZJV2E7C5,ST12000NM0007,12000138625024,0,80.0,105246120.0,98.0,0.0,100.0,2.0,100.0,0.0,87.0,507562381.0,96.0,4203.0,100.0,0.0,100.0,2.0,,,,,100.0,0.0,100.0,0.0,,,75.0,25.0,,,100.0,50.0,100.0,1488.0,25.0,25.0,100.0,0.0,100.0,0.0,200.0,0.0,100.0,3857.0,100.0,33687392344.0,100.0,35998034427.0
2019-07-10,ZJV2E7C5,ST12000NM0007,12000138625024,0,79.0,79355368.0,98.0,0.0,100.0,2.0,100.0,0.0,87.0,509297219.0,96.0,4219.0,100.0,0.0,100.0,2.0,,,,,100.0,0.0,100.0,0.0,,,75.0,25.0,,,100.0,51.0,100.0,1489.0,25.0,25.0,100.0,0.0,100.0,0.0,200.0,0.0,100.0,3873.0,100.0,33722155304.0,100.0,36181521475.0
2019-07-11,ZJV2E7C5,ST12000NM0007,12000138625024,0,78.0,63023120.0,98.0,0.0,100.0,2.0,100.0,0.0,87.0,513171679.0,96.0,4251.0,100.0,0.0,100.0,2.0,,,,,100.0,0.0,100.0,0.0,,,76.0,24.0,,,100.0,51.0,100.0,1490.0,24.0,24.0,100.0,0.0,100.0,0.0,200.0,0.0,100.0,3905.0,100.0,33885589680.0,100.0,36490036571.0
2019-07-12,ZJV2E7C5,ST12000NM0007,12000138625024,0,72.0,16099128.0,98.0,0.0,100.0,2.0,100.0,0.0,87.0,515617546.0,96.0,4266.0,100.0,0.0,100.0,2.0,,,,,100.0,0.0,100.0,0.0,,,76.0,24.0,,,100.0,52.0,100.0,1491.0,24.0,24.0,100.0,0.0,100.0,0.0,200.0,0.0,100.0,3920.0,100.0,33939345672.0,100.0,36633497283.0
2019-07-13,ZJV2E7C5,ST12000NM0007,12000138625024,0,73.0,19933816.0,98.0,0.0,100.0,2.0,100.0,0.0,87.0,520598700.0,96.0,4298.0,100.0,0.0,100.0,2.0,,,,,100.0,0.0,100.0,0.0,,,75.0,25.0,,,100.0,52.0,100.0,1492.0,25.0,25.0,100.0,0.0,100.0,0.0,200.0,0.0,100.0,3952.0,100.0,34062191696.0,100.0,37002767651.0
2019-07-14,ZJV2E7C5,ST12000NM0007,12000138625024,0,74.0,23070136.0,98.0,0.0,100.0,2.0,100.0,0.0,87.0,522833016.0,96.0,4314.0,100.0,0.0,100.0,2.0,,,,,100.0,0.0,100.0,0.0,,,76.0,24.0,,,100.0,52.0,100.0,1493.0,24.0,24.0,100.0,0.0,100.0,0.0,200.0,0.0,100.0,3967.0,100.0,34134333120.0,100.0,37177903371.0
2019-07-15,ZJV2E7C5,ST12000NM0007,12000138625024,0,80.0,99692712.0,98.0,0.0,100.0,2.0,100.0,0.0,87.0,526175963.0,96.0,4346.0,100.0,0.0,100.0,2.0,,,,,100.0,0.0,100.0,0.0,,,76.0,24.0,,,100.0,52.0,100.0,1494.0,24.0,24.0,100.0,0.0,100.0,0.0,200.0,0.0,100.0,3999.0,100.0,34206516536.0,100.0,37426483355.0
2019-07-16,ZJV2E7C5,ST12000NM0007,12000138625024,0,77.0,48116272.0,98.0,0.0,100.0,2.0,100.0,0.0,87.0,527759128.0,96.0,4362.0,100.0,0.0,100.0,2.0,,,,,100.0,0.0,100.0,0.0,,,76.0,24.0,,,100.0,52.0,100.0,1495.0,24.0,24.0,100.0,0.0,100.0,0.0,200.0,0.0,100.0,4015.0,100.0,34230508128.0,100.0,37595055987.0
2019-07-17,ZJV2E7C5,ST12000NM0007,12000138625024,0,83.0,209672576.0,98.0,0.0,100.0,2.0,100.0,0.0,87.0,531943141.0,95.0,4393.0,100.0,0.0,100.0,2.0,,,,,100.0,0.0,100.0,0.0,,,76.0,24.0,,,100.0,52.0,100.0,1496.0,24.0,24.0,100.0,0.0,100.0,0.0,200.0,0.0,100.0,4046.0,100.0,34301954992.0,100.0,37929306075.0
2019-07-18,ZJV2E7C5,ST12000NM0007,12000138625024,0,81.0,119231472.0,98.0,0.0,100.0,2.0,100.0,0.0,87.0,533403817.0,95.0,4409.0,100.0,0.0,100.0,2.0,,,,,100.0,0.0,100.0,0.0,,,76.0,24.0,,,100.0,52.0,100.0,1497.0,24.0,24.0,100.0,0.0,100.0,0.0,200.0,0.0,100.0,4062.0,100.0,34332894152.0,100.0,38052066483.0
2019-07-19,ZJV2E7C5,ST12000NM0007,12000138625024,0,71.0,11492704.0,98.0,0.0,100.0,2.0,100.0,0.0,87.0,537490292.0,95.0,4441.0,100.0,0.0,100.0,2.0,,,,,100.0,0.0,100.0,0.0,,,76.0,24.0,,,100.0,53.0,100.0,1498.0,24.0,24.0,100.0,0.0,100.0,0.0,200.0,0.0,100.0,4093.0,100.0,34426093816.0,100.0,38339409427.0
2019-07-20,ZJV2E7C5,ST12000NM0007,12000138625024,0,83.0,197101784.0,98.0,0.0,100.0,2.0,100.0,0.0,87.0,539067123.0,95.0,4457.0,100.0,0.0,100.0,2.0,,,,,100.0,0.0,100.0,0.0,,,76.0,24.0,,,100.0,54.0,100.0,1499.0,24.0,24.0,100.0,0.0,100.0,0.0,200.0,0.0,100.0,4109.0,100.0,34470101792.0,100.0,38481010531.0
2019-07-21,ZJV2E7C5,ST12000NM0007,12000138625024,0,73.0,19560136.0,98.0,0.0,100.0,2.0,100.0,0.0,87.0,542313084.0,95.0,4488.0,100.0,0.0,100.0,2.0,,,,,100.0,0.0,100.0,0.0,,,76.0,24.0,,,100.0,55.0,100.0,1500.0,24.0,24.0,100.0,0.0,100.0,0.0,200.0,0.0,100.0,4141.0,100.0,34566404464.0,100.0,38695447667.0
2019-07-22,ZJV2E7C5,ST12000NM0007,12000138625024,0,78.0,64933104.0,98.0,0.0,100.0,2.0,100.0,0.0,87.0,544510242.0,95.0,4504.0,100.0,0.0,100.0,2.0,,,,,100.0,0.0,100.0,0.0,,,76.0,24.0,,,100.0,55.0,100.0,1501.0,24.0,24.0,100.0,0.0,100.0,0.0,200.0,0.0,100.0,4157.0,100.0,34690514552.0,100.0,38860851787.0
2019-07-23,ZJV2E7C5,ST12000NM0007,12000138625024,0,84.0,230659296.0,98.0,0.0,100.0,2.0,100.0,0.0,87.0,548675721.0,95.0,4536.0,100.0,0.0,100.0,2.0,,,,,100.0,0.0,100.0,0.0,,,75.0,25.0,,,100.0,55.0,100.0,1502.0,25.0,25.0,100.0,0.0,100.0,0.0,200.0,0.0,100.0,4188.0,100.0,34771042712.0,100.0,39190190827.0
2019-07-24,ZJV2E7C5,ST12000NM0007,12000138625024,0,82.0,151590696.0,98.0,0.0,100.0,2.0,100.0,0.0,87.0,550387337.0,95.0,4552.0,100.0,0.0,100.0,2.0,,,,,100.0,0.0,100.0,0.0,,,76.0,24.0,,,100.0,55.0,100.0,1503.0,24.0,24.0,100.0,0.0,100.0,0.0,200.0,0.0,100.0,4204.0,100.0,34837414624.0,100.0,39288891115.0
2019-07-25,ZJV2E7C5,ST12000NM0007,12000138625024,0,80.0,95793848.0,98.0,0.0,100.0,2.0,100.0,0.0,87.0,554287938.0,95.0,4583.0,100.0,0.0,100.0,2.0,,,,,100.0,0.0,100.0,0.0,,,76.0,24.0,,,100.0,55.0,100.0,1504.0,24.0,24.0,100.0,0.0,100.0,0.0,200.0,0.0,100.0,4235.0,100.0,34971678280.0,100.0,39587112603.0
2019-07-26,ZJV2E7C5,ST12000NM0007,12000138625024,0,77.0,54984728.0,98.0,0.0,100.0,2.0,100.0,0.0,87.0,557212329.0,95.0,4599.0,100.0,0.0,100.0,2.0,,,,,100.0,0.0,100.0,0.0,,,76.0,24.0,,,100.0,55.0,100.0,1505.0,24.0,24.0,100.0,0.0,100.0,0.0,200.0,0.0,100.0,4251.0,100.0,35014019520.0,100.0,39748102875.0
2019-07-27,ZJV2E7C5,ST12000NM0007,12000138625024,0,84.0,243626520.0,98.0,0.0,100.0,2.0,100.0,0.0,87.0,561044419.0,95.0,4631.0,100.0,0.0,100.0,2.0,,,,,100.0,0.0,100.0,0.0,,,75.0,25.0,,,100.0,55.0,100.0,1506.0,25.0,25.0,100.0,0.0,100.0,0.0,200.0,0.0,100.0,4282.0,100.0,35148169344.0,100.0,40046736651.0
2019-07-28,ZJV2E7C5,ST12000NM0007,12000138625024,0,79.0,78972552.0,98.0,0.0,100.0,2.0,100.0,0.0,88.0,563703321.0,95.0,4646.0,100.0,0.0,100.0,2.0,,,,,100.0,0.0,100.0,0.0,,,76.0,24.0,,,100.0,55.0,100.0,1507.0,24.0,24.0,100.0,0.0,100.0,0.0,200.0,0.0,100.0,4298.0,100.0,35252076968.0,100.0,40266458195.0
2019-07-29,ZJV2E7C5,ST12000NM0007,12000138625024,0,75.0,31803400.0,98.0,0.0,100.0,2.0,100.0,0.0,88.0,567619830.0,95.0,4678.0,100.0,0.0,100.0,2.0,,,,,100.0,0.0,100.0,0.0,,,74.0,26.0,,,100.0,55.0,100.0,1508.0,26.0,26.0,100.0,0.0,100.0,0.0,200.0,0.0,100.0,4330.0,100.0,35406625256.0,100.0,40553022187.0
2019-07-30,ZJV2E7C5,ST12000NM0007,12000138625024,0,72.0,14520272.0,98.0,0.0,100.0,2.0,100.0,0.0,88.0,569627350.0,95.0,4694.0,100.0,0.0,100.0,2.0,,,,,100.0,0.0,100.0,0.0,,,75.0,25.0,,,100.0,55.0,100.0,1509.0,25.0,25.0,100.0,0.0,100.0,0.0,200.0,0.0,100.0,4345.0,100.0,35471792496.0,100.0,40714712483.0
2019-07-31,ZJV2E7C5,ST12000NM0007,12000138625024,0,83.0,187087192.0,96.0,0.0,100.0,3.0,100.0,0.0,88.0,572886554.0,95.0,4726.0,100.0,0.0,100.0,3.0,,,,,100.0,0.0,100.0,0.0,,,75.0,25.0,,,100.0,56.0,100.0,1514.0,25.0,25.0,100.0,0.0,100.0,0.0,200.0,0.0,100.0,4376.0,100.0,35540506040.0,100.0,41062706533.0
2019-08-01,ZJV2E7C5,ST12000NM0007,12000138625024,0,82.0,146615312.0,96.0,0.0,100.0,3.0,100.0,0.0,88.0,576868047.0,95.0,4758.0,100.0,0.0,100.0,3.0,,,,,100.0,0.0,100.0,0.0,,,76.0,24.0,,,100.0,56.0,100.0,1515.0,24.0,24.0,100.0,0.0,100.0,0.0,200.0,0.0,100.0,4408.0,100.0,35673928144.0,100.0,41377094229.0
2019-08-02,ZJV2E7C5,ST12000NM0007,12000138625024,0,81.0,132876640.0,96.0,0.0,100.0,3.0,100.0,0.0,88.0,580029339.0,95.0,4774.0,100.0,0.0,100.0,3.0,,,,,100.0,0.0,100.0,0.0,,,75.0,25.0,,,100.0,57.0,100.0,1516.0,25.0,25.0,100.0,0.0,100.0,0.0,200.0,0.0,100.0,4424.0,100.0,35763968240.0,100.0,41517456093.0
2019-08-03,ZJV2E7C5,ST12000NM0007,12000138625024,0,81.0,116570248.0,96.0,0.0,100.0,3.0,100.0,0.0,88.0,584497713.0,95.0,4805.0,100.0,0.0,100.0,3.0,,,,,100.0,0.0,100.0,0.0,,,75.0,25.0,,,100.0,57.0,100.0,1517.0,25.0,25.0,100.0,0.0,100.0,0.0,200.0,0.0,100.0,4456.0,100.0,35989224928.0,100.0,41764174477.0
2019-08-04,ZJV2E7C5,ST12000NM0007,12000138625024,0,81.0,140713032.0,96.0,0.0,100.0,3.0,100.0,0.0,88.0,586599207.0,95.0,4821.0,100.0,0.0,100.0,3.0,,,,,100.0,0.0,100.0,0.0,,,75.0,25.0,,,100.0,57.0,100.0,1518.0,25.0,25.0,100.0,0.0,100.0,0.0,200.0,0.0,100.0,4471.0,100.0,36077983064.0,100.0,41943699965.0
2019-08-05,ZJV2E7C5,ST12000NM0007,12000138625024,0,84.0,243423632.0,96.0,0.0,100.0,3.0,100.0,0.0,88.0,591258380.0,95.0,4853.0,100.0,0.0,100.0,3.0,,,,,100.0,0.0,100.0,0.0,,,76.0,24.0,,,100.0,57.0,100.0,1519.0,24.0,24.0,100.0,0.0,100.0,0.0,200.0,0.0,100.0,4503.0,100.0,36297480664.0,100.0,42315194413.0
2019-08-06,ZJV2E7C5,ST12000NM0007,12000138625024,0,79.0,79024504.0,96.0,0.0,100.0,3.0,100.0,0.0,88.0,593893317.0,95.0,4869.0,100.0,0.0,100.0,3.0,,,,,100.0,0.0,100.0,0.0,,,76.0,24.0,,,100.0,57.0,100.0,1519.0,24.0,24.0,100.0,0.0,100.0,0.0,200.0,0.0,100.0,4519.0,100.0,36377764952.0,100.0,42558793253.0
2019-08-07,ZJV2E7C5,ST12000NM0007,12000138625024,0,83.0,202073680.0,96.0,0.0,100.0,3.0,100.0,0.0,88.0,600136245.0,95.0,4900.0,100.0,0.0,100.0,3.0,,,,,100.0,0.0,100.0,0.0,,,77.0,23.0,,,100.0,57.0,100.0,1521.0,23.0,23.0,100.0,0.0,100.0,0.0,200.0,0.0,100.0,4550.0,100.0,36592247216.0,100.0,42955641597.0
2019-08-08,ZJV2E7C5,ST12000NM0007,12000138625024,0,69.0,8773688.0,96.0,0.0,100.0,3.0,100.0,0.0,88.0,602519638.0,95.0,4916.0,100.0,0.0,100.0,3.0,,,,,100.0,0.0,100.0,0.0,,,77.0,23.0,,,100.0,57.0,100.0,1521.0,23.0,23.0,100.0,0.0,100.0,0.0,200.0,0.0,100.0,4566.0,100.0,36679778856.0,100.0,43163091357.0
2019-08-09,ZJV2E7C5,ST12000NM0007,12000138625024,0,83.0,194970512.0,96.0,0.0,100.0,3.0,100.0,0.0,88.0,607835701.0,95.0,4948.0,100.0,0.0,100.0,3.0,,,,,100.0,0.0,100.0,0.0,,,76.0,24.0,,,100.0,58.0,100.0,1523.0,24.0,24.0,100.0,0.0,100.0,0.0,200.0,0.0,100.0,4598.0,100.0,36815374784.0,100.0,43457832909.0
2019-08-10,ZJV2E7C5,ST12000NM0007,12000138625024,0,76.0,44146960.0,96.0,0.0,100.0,3.0,100.0,0.0,88.0,611166257.0,95.0,4964.0,100.0,0.0,100.0,3.0,,,,,100.0,0.0,100.0,0.0,,,75.0,25.0,,,100.0,58.0,100.0,1523.0,25.0,25.0,100.0,0.0,100.0,0.0,200.0,0.0,100.0,4614.0,100.0,36906592168.0,100.0,43704074317.0
2019-08-11,ZJV2E7C5,ST12000NM0007,12000138625024,0,69.0,7759216.0,96.0,0.0,100.0,3.0,100.0,0.0,88.0,616405132.0,95.0,4995.0,100.0,0.0,100.0,3.0,,,,,100.0,0.0,100.0,0.0,,,76.0,24.0,,,100.0,58.0,100.0,1525.0,24.0,24.0,100.0,0.0,100.0,0.0,200.0,0.0,100.0,4645.0,100.0,37052847824.0,100.0,44009712541.0
2019-08-12,ZJV2E7C5,ST12000NM0007,12000138625024,0,84.0,233613296.0,96.0,0.0,100.0,3.0,100.0,0.0,88.0,619276786.0,95.0,5011.0,100.0,0.0,100.0,3.0,,,,,100.0,0.0,100.0,0.0,,,75.0,25.0,,,100.0,58.0,100.0,1525.0,25.0,25.0,100.0,0.0,100.0,0.0,200.0,0.0,100.0,4661.0,100.0,37128683328.0,100.0,44159731117.0
2019-08-13,ZJV2E7C5,ST12000NM0007,12000138625024,0,84.0,240151512.0,96.0,0.0,100.0,3.0,100.0,0.0,88.0,625495320.0,95.0,5043.0,100.0,0.0,100.0,3.0,,,,,100.0,0.0,100.0,0.0,,,76.0,24.0,,,100.0,58.0,100.0,1527.0,24.0,24.0,100.0,0.0,100.0,0.0,200.0,0.0,100.0,4693.0,100.0,37386708608.0,100.0,44640666293.0
2019-08-14,ZJV2E7C5,ST12000NM0007,12000138625024,0,81.0,121216824.0,96.0,0.0,100.0,3.0,100.0,0.0,88.0,629347567.0,95.0,5059.0,100.0,0.0,100.0,3.0,,,,,100.0,0.0,100.0,0.0,,,76.0,24.0,,,100.0,58.0,100.0,1527.0,24.0,24.0,100.0,0.0,100.0,0.0,200.0,0.0,100.0,4709.0,100.0,37489830792.0,100.0,44906891365.0
2019-08-15,ZJV2E7C5,ST12000NM0007,12000138625024,0,77.0,50073784.0,96.0,0.0,100.0,3.0,100.0,0.0,88.0,633500727.0,95.0,5091.0,100.0,0.0,100.0,3.0,,,,,100.0,0.0,100.0,0.0,,,76.0,24.0,,,100.0,59.0,100.0,1529.0,24.0,24.0,100.0,0.0,100.0,0.0,200.0,0.0,100.0,4740.0,100.0,37637994856.0,100.0,45175865565.0
2019-08-16,ZJV2E7C5,ST12000NM0007,12000138625024,0,100.0,1341080.0,96.0,0.0,100.0,3.0,100.0,0.0,88.0,636442387.0,95.0,5106.0,100.0,0.0,100.0,3.0,,,,,100.0,0.0,100.0,0.0,,,75.0,25.0,,,100.0,60.0,100.0,1530.0,25.0,25.0,100.0,0.0,100.0,0.0,200.0,0.0,100.0,4756.0,100.0,37684844336.0,100.0,45324424013.0
2019-08-17,ZJV2E7C5,ST12000NM0007,12000138625024,0,80.0,94792600.0,96.0,0.0,100.0,3.0,100.0,0.0,88.0,639639658.0,95.0,5138.0,100.0,0.0,100.0,3.0,,,,,100.0,0.0,100.0,0.0,,,76.0,24.0,,,100.0,61.0,100.0,1531.0,24.0,24.0,100.0,0.0,100.0,0.0,200.0,0.0,100.0,4787.0,100.0,37775122648.0,100.0,45571738005.0
2019-08-18,ZJV2E7C5,ST12000NM0007,12000138625024,0,69.0,7579216.0,96.0,0.0,100.0,3.0,100.0,0.0,88.0,641378194.0,95.0,5154.0,100.0,0.0,100.0,3.0,,,,,100.0,0.0,100.0,0.0,,,76.0,24.0,,,100.0,61.0,100.0,1532.0,24.0,24.0,100.0,0.0,100.0,0.0,200.0,0.0,100.0,4803.0,100.0,37820061816.0,100.0,45683726109.0
2019-08-19,ZJV2E7C5,ST12000NM0007,12000138625024,0,80.0,89419600.0,96.0,0.0,100.0,3.0,100.0,0.0,88.0,644887512.0,95.0,5185.0,100.0,0.0,100.0,3.0,,,,,100.0,0.0,100.0,0.0,,,76.0,24.0,,,100.0,62.0,100.0,1533.0,24.0,24.0,100.0,0.0,100.0,0.0,200.0,0.0,100.0,4834.0,100.0,37898914336.0,100.0,45930854805.0
2019-08-20,ZJV2E7C5,ST12000NM0007,12000138625024,0,74.0,23279992.0,96.0,0.0,100.0,3.0,100.0,0.0,88.0,646795508.0,95.0,5201.0,100.0,0.0,100.0,3.0,,,,,100.0,0.0,100.0,0.0,,,77.0,23.0,,,100.0,62.0,100.0,1534.0,23.0,23.0,100.0,0.0,100.0,0.0,200.0,0.0,100.0,4850.0,100.0,37959140104.0,100.0,46048630125.0
2019-08-21,ZJV2E7C5,ST12000NM0007,12000138625024,0,70.0,10117072.0,96.0,0.0,100.0,3.0,100.0,0.0,88.0,651685043.0,95.0,5233.0,100.0,0.0,100.0,3.0,,,,,100.0,0.0,100.0,0.0,,,76.0,24.0,,,100.0,62.0,100.0,1536.0,24.0,24.0,100.0,0.0,100.0,0.0,200.0,0.0,100.0,4881.0,100.0,38070446680.0,100.0,46412442341.0
2019-08-22,ZJV2E7C5,ST12000NM0007,12000138625024,0,81.0,114960920.0,96.0,0.0,100.0,3.0,100.0,0.0,88.0,653045085.0,95.0,5249.0,100.0,0.0,100.0,3.0,,,,,100.0,0.0,100.0,0.0,,,77.0,23.0,,,100.0,62.0,100.0,1536.0,23.0,23.0,100.0,0.0,100.0,0.0,200.0,0.0,100.0,4897.0,100.0,38093324792.0,100.0,46494408077.0
2019-08-23,ZJV2E7C5,ST12000NM0007,12000138625024,0,83.0,178510320.0,96.0,0.0,100.0,3.0,100.0,0.0,88.0,657331085.0,94.0,5280.0,100.0,0.0,100.0,3.0,,,,,100.0,0.0,100.0,0.0,,,76.0,24.0,,,100.0,62.0,100.0,1538.0,24.0,24.0,100.0,0.0,100.0,0.0,200.0,0.0,100.0,4928.0,100.0,38164638432.0,100.0,46730784469.0
2019-08-24,ZJV2E7C5,ST12000NM0007,12000138625024,0,82.0,142158280.0,96.0,0.0,100.0,3.0,100.0,0.0,88.0,659368490.0,94.0,5296.0,100.0,0.0,100.0,3.0,,,,,100.0,0.0,100.0,0.0,,,76.0,24.0,,,100.0,62.0,100.0,1538.0,24.0,24.0,100.0,0.0,100.0,0.0,200.0,0.0,100.0,4944.0,100.0,38232130992.0,100.0,46871080581.0
2019-08-25,ZJV2E7C5,ST12000NM0007,12000138625024,0,83.0,214268056.0,96.0,0.0,100.0,3.0,100.0,0.0,88.0,662907319.0,94.0,5328.0,100.0,0.0,100.0,3.0,,,,,100.0,0.0,100.0,0.0,,,76.0,24.0,,,100.0,62.0,100.0,1540.0,24.0,24.0,100.0,0.0,100.0,0.0,200.0,0.0,100.0,4976.0,100.0,38337696248.0,100.0,47081765749.0
2019-08-26,ZJV2E7C5,ST12000NM0007,12000138625024,0,83.0,178017344.0,96.0,0.0,100.0,3.0,100.0,0.0,88.0,671034900.0,94.0,5375.0,100.0,0.0,100.0,3.0,,,,,100.0,0.0,100.0,0.0,,,75.0,25.0,,,100.0,62.0,100.0,1542.0,25.0,25.0,100.0,0.0,100.0,0.0,200.0,0.0,100.0,5023.0,100.0,38563987448.0,100.0,47551646661.0
2019-08-27,ZJV2E7C5,ST12000NM0007,12000138625024,0,83.0,178017344.0,96.0,0.0,100.0,3.0,100.0,0.0,88.0,671034900.0,94.0,5375.0,100.0,0.0,100.0,3.0,,,,,100.0,0.0,100.0,0.0,,,75.0,25.0,,,100.0,62.0,100.0,1542.0,25.0,25.0,100.0,0.0,100.0,0.0,200.0,0.0,100.0,5023.0,100.0,38563987448.0,100.0,47551646661.0
2019-08-28,ZJV2E7C5,ST12000NM0007,12000138625024,0,81.0,126206656.0,96.0,0.0,100.0,3.0,100.0,0.0,88.0,675886417.0,94.0,5407.0,100.0,0.0,100.0,3.0,,,,,100.0,0.0,100.0,0.0,,,77.0,23.0,,,100.0,63.0,100.0,1543.0,23.0,23.0,100.0,0.0,100.0,0.0,200.0,0.0,100.0,5055.0,100.0,38665316968.0,100.0,47886787789.0
2019-08-29,ZJV2E7C5,ST12000NM0007,12000138625024,0,82.0,154566512.0,96.0,0.0,100.0,3.0,100.0,0.0,88.0,678136538.0,94.0,5423.0,100.0,0.0,100.0,3.0,,,,,100.0,0.0,100.0,0.0,,,76.0,24.0,,,100.0,63.0,100.0,1543.0,24.0,24.0,100.0,0.0,100.0,0.0,200.0,0.0,100.0,5071.0,100.0,38736413320.0,100.0,48088192077.0
2019-08-30,ZJV2E7C5,ST12000NM0007,12000138625024,0,84.0,229817952.0,96.0,0.0,100.0,3.0,100.0,0.0,88.0,682576881.0,94.0,5455.0,100.0,0.0,100.0,3.0,,,,,100.0,0.0,100.0,0.0,,,76.0,24.0,,,100.0,63.0,100.0,1545.0,24.0,24.0,100.0,0.0,100.0,0.0,200.0,0.0,100.0,5102.0,100.0,38817151336.0,100.0,48326846309.0
2019-08-31,ZJV2E7C5,ST12000NM0007,12000138625024,0,75.0,30469872.0,96.0,0.0,100.0,3.0,100.0,0.0,88.0,684904366.0,94.0,5470.0,100.0,0.0,100.0,3.0,,,,,100.0,0.0,100.0,0.0,,,76.0,24.0,,,100.0,63.0,100.0,1545.0,24.0,24.0,100.0,0.0,100.0,0.0,200.0,0.0,100.0,5118.0,100.0,38870627296.0,100.0,48562303573.0
2019-09-01,ZJV2E7C5,ST12000NM0007,12000138625024,0,84.0,230931840.0,96.0,0.0,100.0,3.0,100.0,0.0,88.0,688780668.0,94.0,5502.0,100.0,0.0,100.0,3.0,,,,,100.0,0.0,100.0,0.0,,,77.0,23.0,,,100.0,64.0,100.0,1547.0,23.0,23.0,100.0,0.0,100.0,0.0,200.0,0.0,100.0,5149.0,100.0,38945997976.0,100.0,48931535493.0
2019-09-02,ZJV2E7C5,ST12000NM0007,12000138625024,0,83.0,201009808.0,96.0,0.0,100.0,3.0,100.0,0.0,88.0,690661184.0,94.0,5518.0,100.0,0.0,100.0,3.0,,,,,100.0,0.0,100.0,0.0,,,76.0,24.0,,,100.0,64.0,100.0,1547.0,24.0,24.0,100.0,0.0,100.0,0.0,200.0,0.0,100.0,5165.0,100.0,38994370424.0,100.0,49097381661.0
2019-09-03,ZJV2E7C5,ST12000NM0007,12000138625024,0,80.0,105669032.0,96.0,0.0,100.0,3.0,100.0,0.0,88.0,695760136.0,94.0,5550.0,100.0,0.0,100.0,3.0,,,,,100.0,0.0,100.0,0.0,,,76.0,24.0,,,100.0,64.0,100.0,1549.0,24.0,24.0,100.0,0.0,100.0,0.0,200.0,0.0,100.0,5197.0,100.0,39068932992.0,100.0,49415759869.0
2019-09-04,ZJV2E7C5,ST12000NM0007,12000138625024,0,73.0,18619472.0,96.0,0.0,100.0,3.0,100.0,0.0,88.0,697427202.0,94.0,5566.0,100.0,0.0,100.0,3.0,,,,,100.0,0.0,100.0,0.0,,,76.0,24.0,,,100.0,64.0,100.0,1549.0,24.0,24.0,100.0,0.0,100.0,0.0,200.0,0.0,100.0,5212.0,100.0,39112042664.0,100.0,49529741453.0
2019-09-05,ZJV2E7C5,ST12000NM0007,12000138625024,0,77.0,51864176.0,96.0,0.0,100.0,3.0,100.0,0.0,88.0,699821503.0,94.0,5581.0,100.0,0.0,100.0,3.0,,,,,100.0,0.0,100.0,0.0,,,77.0,23.0,,,100.0,64.0,100.0,1550.0,23.0,23.0,100.0,0.0,100.0,0.0,200.0,0.0,100.0,5228.0,100.0,39191685904.0,100.0,49727483741.0
2019-09-06,ZJV2E7C5,ST12000NM0007,12000138625024,0,82.0,156785384.0,96.0,0.0,100.0,3.0,100.0,0.0,88.0,704517781.0,94.0,5613.0,100.0,0.0,100.0,3.0,,,,,100.0,0.0,100.0,0.0,,,77.0,23.0,,,100.0,64.0,100.0,1551.0,23.0,23.0,100.0,0.0,100.0,0.0,200.0,0.0,100.0,5260.0,100.0,39268320832.0,100.0,49999910653.0
2019-09-07,ZJV2E7C5,ST12000NM0007,12000138625024,0,80.0,111592096.0,96.0,0.0,100.0,3.0,100.0,0.0,88.0,706093170.0,94.0,5629.0,100.0,0.0,100.0,3.0,,,,,100.0,0.0,100.0,0.0,,,77.0,23.0,,,100.0,65.0,100.0,1552.0,23.0,23.0,100.0,0.0,100.0,0.0,200.0,0.0,100.0,5276.0,100.0,39298593728.0,100.0,50168585269.0
2019-09-08,ZJV2E7C5,ST12000NM0007,12000138625024,0,77.0,46288976.0,96.0,0.0,100.0,3.0,100.0,0.0,89.0,709386720.0,94.0,5661.0,100.0,0.0,100.0,3.0,,,,,100.0,0.0,100.0,0.0,,,76.0,24.0,,,100.0,65.0,100.0,1553.0,24.0,24.0,100.0,0.0,100.0,0.0,200.0,0.0,100.0,5307.0,100.0,39374749832.0,100.0,50515407421.0
2019-09-09,ZJV2E7C5,ST12000NM0007,12000138625024,0,80.0,105684792.0,96.0,0.0,100.0,3.0,100.0,0.0,89.0,711567306.0,94.0,5676.0,100.0,0.0,100.0,3.0,,,,,100.0,0.0,100.0,0.0,,,76.0,24.0,,,100.0,65.0,100.0,1554.0,24.0,24.0,100.0,0.0,100.0,0.0,200.0,0.0,100.0,5323.0,100.0,39469448064.0,100.0,50724246069.0
2019-09-10,ZJV2E7C5,ST12000NM0007,12000138625024,0,80.0,95466704.0,96.0,0.0,100.0,3.0,100.0,0.0,89.0,716267255.0,94.0,5708.0,100.0,0.0,100.0,3.0,,,,,100.0,0.0,100.0,0.0,,,75.0,25.0,,,100.0,66.0,100.0,1555.0,25.0,25.0,100.0,0.0,100.0,0.0,200.0,0.0,100.0,5355.0,100.0,39562640880.0,100.0,51109116925.0
2019-09-11,ZJV2E7C5,ST12000NM0007,12000138625024,0,82.0,143268928.0,96.0,0.0,100.0,3.0,100.0,0.0,89.0,720355135.0,94.0,5724.0,100.0,0.0,100.0,3.0,,,,,100.0,0.0,100.0,0.0,,,76.0,24.0,,,100.0,66.0,100.0,1556.0,24.0,24.0,100.0,0.0,100.0,0.0,200.0,0.0,100.0,5370.0,100.0,39661592152.0,100.0,51302108613.0
2019-09-12,ZJV2E7C5,ST12000NM0007,12000138625024,0,82.0,144091880.0,96.0,0.0,100.0,3.0,100.0,0.0,89.0,724672215.0,94.0,5755.0,100.0,0.0,100.0,3.0,,,,,100.0,0.0,100.0,0.0,,,75.0,25.0,,,100.0,66.0,100.0,1557.0,25.0,25.0,100.0,0.0,100.0,0.0,200.0,0.0,100.0,5402.0,100.0,39784852528.0,100.0,51667952501.0
2019-09-13,ZJV2E7C5,ST12000NM0007,12000138625024,0,80.0,91566976.0,96.0,0.0,100.0,3.0,100.0,0.0,89.0,726955487.0,94.0,5771.0,100.0,0.0,100.0,3.0,,,,,100.0,0.0,100.0,0.0,,,76.0,24.0,,,100.0,66.0,100.0,1558.0,24.0,24.0,100.0,0.0,100.0,0.0,200.0,0.0,100.0,5417.0,100.0,39836191464.0,100.0,51808229413.0
2019-09-14,ZJV2E7C5,ST12000NM0007,12000138625024,0,83.0,177893488.0,96.0,0.0,100.0,3.0,100.0,0.0,89.0,731027696.0,94.0,5803.0,100.0,0.0,100.0,3.0,,,,,100.0,0.0,100.0,0.0,,,75.0,25.0,,,100.0,66.0,100.0,1559.0,25.0,25.0,100.0,0.0,100.0,0.0,200.0,0.0,100.0,5449.0,100.0,39910195736.0,100.0,52064692341.0
2019-09-15,ZJV2E7C5,ST12000NM0007,12000138625024,0,83.0,208483728.0,96.0,0.0,100.0,3.0,100.0,0.0,89.0,733413154.0,94.0,5819.0,100.0,0.0,100.0,3.0,,,,,100.0,0.0,100.0,0.0,,,76.0,24.0,,,100.0,66.0,100.0,1560.0,24.0,24.0,100.0,0.0,100.0,0.0,200.0,0.0,100.0,5465.0,100.0,39997041048.0,100.0,52252578029.0
2019-09-16,ZJV2E7C5,ST12000NM0007,12000138625024,0,74.0,25313280.0,96.0,0.0,100.0,3.0,100.0,0.0,89.0,738711975.0,94.0,5851.0,100.0,0.0,100.0,3.0,,,,,100.0,0.0,100.0,0.0,,,76.0,24.0,,,100.0,66.0,100.0,1561.0,24.0,24.0,100.0,0.0,100.0,0.0,200.0,0.0,100.0,5496.0,100.0,40184611456.0,100.0,52614259405.0
2019-09-17,ZJV2E7C5,ST12000NM0007,12000138625024,0,73.0,21403544.0,96.0,0.0,100.0,3.0,100.0,0.0,89.0,740844728.0,94.0,5866.0,100.0,0.0,100.0,3.0,,,,,100.0,0.0,100.0,0.0,,,76.0,24.0,,,100.0,66.0,100.0,1562.0,24.0,24.0,100.0,0.0,100.0,0.0,200.0,0.0,100.0,5512.0,100.0,40238767568.0,100.0,52800334525.0
2019-09-18,ZJV2E7C5,ST12000NM0007,12000138625024,0,74.0,25818120.0,96.0,0.0,100.0,3.0,100.0,0.0,89.0,746258352.0,94.0,5898.0,100.0,0.0,100.0,3.0,,,,,100.0,0.0,100.0,0.0,,,76.0,24.0,,,100.0,66.0,100.0,1563.0,24.0,24.0,100.0,0.0,100.0,0.0,200.0,0.0,100.0,5544.0,100.0,40351311544.0,100.0,53180486589.0
2019-09-19,ZJV2E7C5,ST12000NM0007,12000138625024,0,82.0,175861688.0,96.0,0.0,100.0,3.0,100.0,0.0,89.0,749846553.0,94.0,5930.0,100.0,0.0,100.0,3.0,,,,,100.0,0.0,100.0,0.0,,,77.0,23.0,,,100.0,66.0,100.0,1564.0,23.0,23.0,100.0,0.0,100.0,0.0,200.0,0.0,100.0,5575.0,100.0,40422845984.0,100.0,53503136541.0
2019-09-20,ZJV2E7C5,ST12000NM0007,12000138625024,0,81.0,127566648.0,96.0,0.0,100.0,3.0,100.0,0.0,89.0,752844929.0,94.0,5945.0,100.0,0.0,100.0,3.0,,,,,100.0,0.0,100.0,0.0,,,76.0,24.0,,,100.0,66.0,100.0,1565.0,24.0,24.0,100.0,0.0,100.0,0.0,200.0,0.0,100.0,5591.0,100.0,40481526024.0,100.0,53640302429.0
2019-09-21,ZJV2E7C5,ST12000NM0007,12000138625024,0,82.0,162595504.0,96.0,0.0,100.0,3.0,100.0,0.0,89.0,757285256.0,94.0,5977.0,100.0,0.0,100.0,3.0,,,,,100.0,0.0,100.0,0.0,,,77.0,23.0,,,100.0,66.0,100.0,1566.0,23.0,23.0,100.0,0.0,100.0,0.0,200.0,0.0,100.0,5623.0,100.0,40637183776.0,100.0,54007955117.0
2019-09-22,ZJV2E7C5,ST12000NM0007,12000138625024,0,82.0,164585584.0,96.0,0.0,100.0,3.0,100.0,0.0,89.0,759261217.0,94.0,5993.0,100.0,0.0,100.0,3.0,,,,,100.0,0.0,100.0,0.0,,,77.0,23.0,,,100.0,66.0,100.0,1567.0,23.0,23.0,100.0,0.0,100.0,0.0,200.0,0.0,100.0,5639.0,100.0,40676015512.0,100.0,54215254453.0
2019-09-23,ZJV2E7C5,ST12000NM0007,12000138625024,0,80.0,108239888.0,96.0,0.0,100.0,3.0,100.0,0.0,89.0,762778778.0,94.0,6025.0,100.0,0.0,100.0,3.0,,,,,100.0,0.0,100.0,0.0,,,77.0,23.0,,,100.0,66.0,100.0,1568.0,23.0,23.0,100.0,0.0,100.0,0.0,200.0,0.0,100.0,5670.0,100.0,40748393544.0,100.0,54574812125.0
2019-09-24,ZJV2E7C5,ST12000NM0007,12000138625024,0,79.0,85841560.0,96.0,0.0,100.0,3.0,100.0,0.0,89.0,764554376.0,94.0,6041.0,100.0,0.0,100.0,3.0,,,,,100.0,0.0,100.0,0.0,,,77.0,23.0,,,100.0,66.0,100.0,1569.0,23.0,23.0,100.0,0.0,100.0,0.0,200.0,0.0,100.0,5686.0,100.0,40789619696.0,100.0,54755328397.0
2019-09-25,ZJV2E7C5,ST12000NM0007,12000138625024,0,81.0,121404024.0,96.0,0.0,100.0,3.0,100.0,0.0,89.0,769714014.0,94.0,6072.0,100.0,0.0,100.0,3.0,,,,,100.0,0.0,100.0,0.0,,,76.0,24.0,,,100.0,66.0,100.0,1570.0,24.0,24.0,100.0,0.0,100.0,0.0,200.0,0.0,100.0,5717.0,100.0,40895964960.0,100.0,55172827093.0
2019-09-26,ZJV2E7C5,ST12000NM0007,12000138625024,0,80.0,100471728.0,96.0,0.0,100.0,3.0,100.0,0.0,89.0,771487245.0,94.0,6088.0,100.0,0.0,100.0,3.0,,,,,100.0,0.0,100.0,0.0,,,77.0,23.0,,,100.0,67.0,100.0,1571.0,23.0,23.0,100.0,0.0,100.0,0.0,200.0,0.0,100.0,5733.0,100.0,40921887120.0,100.0,55370113493.0
2019-09-27,ZJV2E7C5,ST12000NM0007,12000138625024,0,78.0,68640928.0,96.0,0.0,100.0,3.0,100.0,0.0,89.0,776223098.0,94.0,6120.0,100.0,0.0,100.0,3.0,,,,,100.0,0.0,100.0,0.0,,,76.0,24.0,,,100.0,67.0,100.0,1572.0,24.0,24.0,100.0,0.0,100.0,0.0,200.0,0.0,100.0,5765.0,100.0,41001820344.0,100.0,55746630813.0
2019-09-28,ZJV2E7C5,ST12000NM0007,12000138625024,0,82.0,176827272.0,96.0,0.0,100.0,3.0,100.0,0.0,89.0,778763905.0,93.0,6136.0,100.0,0.0,100.0,3.0,,,,,100.0,0.0,100.0,0.0,,,77.0,23.0,,,100.0,68.0,100.0,1573.0,23.0,23.0,100.0,0.0,100.0,0.0,200.0,0.0,100.0,5780.0,100.0,41095625720.0,100.0,56005152477.0
2019-09-29,ZJV2E7C5,ST12000NM0007,12000138625024,0,75.0,35343320.0,96.0,0.0,100.0,3.0,100.0,0.0,89.0,784707164.0,93.0,6167.0,100.0,0.0,100.0,3.0,,,,,100.0,0.0,100.0,0.0,,,77.0,23.0,,,100.0,68.0,100.0,1574.0,23.0,23.0,100.0,0.0,100.0,0.0,200.0,0.0,100.0,5812.0,100.0,41252038656.0,100.0,56439677725.0
2019-09-30,ZJV2E7C5,ST12000NM0007,12000138625024,0,76.0,40909928.0,96.0,0.0,100.0,3.0,100.0,0.0,89.0,786594817.0,93.0,6183.0,100.0,0.0,100.0,3.0,,,,,100.0,0.0,100.0,0.0,,,77.0,23.0,,,100.0,68.0,100.0,1575.0,23.0,23.0,100.0,0.0,100.0,0.0,200.0,0.0,100.0,5828.0,100.0,41299085864.0,100.0,56642337957.0
2019-10-01,ZJV2E7C5,ST12000NM0007,12000138625024,0,78.0,58718336.0,96.0,0.0,100.0,3.0,100.0,0.0,89.0,791115405.0,93.0,6215.0,100.0,0.0,100.0,3.0,,,,,100.0,0.0,100.0,0.0,,,76.0,24.0,,,100.0,68.0,100.0,1576.0,24.0,24.0,100.0,0.0,100.0,0.0,200.0,0.0,100.0,5859.0,100.0,41413455224.0,100.0,57034058389.0
2019-10-02,ZJV2E7C5,ST12000NM0007,12000138625024,0,74.0,24738728.0,96.0,0.0,100.0,3.0,100.0,0.0,89.0,795828147.0,93.0,6247.0,100.0,0.0,100.0,3.0,,,,,100.0,0.0,100.0,0.0,,,77.0,23.0,,,100.0,69.0,100.0,1578.0,23.0,23.0,100.0,0.0,100.0,0.0,200.0,0.0,100.0,5890.0,100.0,41507617032.0,100.0,57394198701.0
2019-10-03,ZJV2E7C5,ST12000NM0007,12000138625024,0,84.0,229955640.0,96.0,0.0,100.0,3.0,100.0,0.0,89.0,797538247.0,93.0,6262.0,100.0,0.0,100.0,3.0,,,,,100.0,0.0,100.0,0.0,,,76.0,24.0,,,100.0,69.0,100.0,1578.0,24.0,24.0,100.0,0.0,100.0,0.0,200.0,0.0,100.0,5906.0,100.0,41531274880.0,100.0,57575757765.0
2019-10-04,ZJV2E7C5,ST12000NM0007,12000138625024,0,82.0,143129496.0,96.0,0.0,100.0,3.0,100.0,0.0,89.0,800455845.0,93.0,6278.0,100.0,0.0,100.0,3.0,,,,,100.0,0.0,100.0,0.0,,,76.0,24.0,,,100.0,69.0,100.0,1579.0,24.0,24.0,100.0,0.0,100.0,0.0,200.0,0.0,100.0,5922.0,100.0,41566877872.0,100.0,57697469501.0
2019-10-05,ZJV2E7C5,ST12000NM0007,12000138625024,0,83.0,219654208.0,96.0,0.0,100.0,3.0,100.0,0.0,89.0,803820049.0,93.0,6310.0,100.0,0.0,100.0,3.0,,,,,100.0,0.0,100.0,0.0,,,77.0,23.0,,,100.0,70.0,100.0,1581.0,23.0,23.0,100.0,0.0,100.0,0.0,200.0,0.0,100.0,5953.0,100.0,41611075640.0,100.0,57973937197.0
2019-10-06,ZJV2E7C5,ST12000NM0007,12000138625024,0,82.0,143739552.0,96.0,0.0,100.0,3.0,100.0,0.0,89.0,805421312.0,93.0,6326.0,100.0,0.0,100.0,3.0,,,,,100.0,0.0,100.0,0.0,,,76.0,24.0,,,100.0,71.0,100.0,1582.0,24.0,24.0,100.0,0.0,100.0,0.0,200.0,0.0,100.0,5969.0,100.0,41634805728.0,100.0,58118433157.0
2019-10-07,ZJV2E7C5,ST12000NM0007,12000138625024,0,78.0,59660704.0,96.0,0.0,100.0,3.0,100.0,0.0,89.0,808661855.0,93.0,6357.0,100.0,0.0,100.0,3.0,,,,,100.0,0.0,100.0,0.0,,,77.0,23.0,,,100.0,71.0,100.0,1583.0,23.0,23.0,100.0,0.0,100.0,0.0,200.0,0.0,100.0,6000.0,100.0,41687901728.0,100.0,58469540077.0
2019-10-08,ZJV2E7C5,ST12000NM0007,12000138625024,0,71.0,12050736.0,96.0,0.0,100.0,3.0,100.0,0.0,89.0,810346442.0,93.0,6373.0,100.0,0.0,100.0,3.0,,,,,100.0,0.0,100.0,0.0,,,76.0,24.0,,,100.0,72.0,100.0,1584.0,24.0,24.0,100.0,0.0,100.0,0.0,200.0,0.0,100.0,6016.0,100.0,41721677184.0,100.0,58632295365.0
2019-10-09,ZJV2E7C5,ST12000NM0007,12000138625024,0,84.0,233913296.0,96.0,0.0,100.0,3.0,100.0,0.0,89.0,815469832.0,93.0,6405.0,100.0,0.0,100.0,3.0,,,,,100.0,0.0,100.0,0.0,,,76.0,24.0,,,100.0,72.0,100.0,1585.0,24.0,24.0,100.0,0.0,100.0,0.0,200.0,0.0,100.0,6048.0,100.0,41819478072.0,100.0,59000497669.0
2019-10-10,ZJV2E7C5,ST12000NM0007,12000138625024,0,82.0,157561848.0,96.0,0.0,100.0,3.0,100.0,0.0,89.0,818973973.0,93.0,6437.0,100.0,0.0,100.0,3.0,,,,,100.0,0.0,100.0,0.0,,,77.0,23.0,,,100.0,72.0,100.0,1587.0,23.0,23.0,100.0,0.0,100.0,0.0,200.0,0.0,100.0,6079.0,100.0,41886731464.0,100.0,59345174125.0
2019-10-11,ZJV2E7C5,ST12000NM0007,12000138625024,0,77.0,46295352.0,96.0,0.0,100.0,3.0,100.0,0.0,89.0,821737565.0,93.0,6452.0,100.0,0.0,100.0,3.0,,,,,100.0,0.0,100.0,0.0,,,77.0,23.0,,,100.0,72.0,100.0,1587.0,23.0,23.0,100.0,0.0,100.0,0.0,200.0,0.0,100.0,6095.0,100.0,41913958200.0,100.0,59450821565.0
2019-10-12,ZJV2E7C5,ST12000NM0007,12000138625024,0,79.0,80286968.0,96.0,0.0,100.0,3.0,100.0,0.0,89.0,824572258.0,93.0,6484.0,100.0,0.0,100.0,3.0,,,,,100.0,0.0,100.0,0.0,,,77.0,23.0,,,100.0,72.0,100.0,1589.0,23.0,23.0,100.0,0.0,100.0,0.0,200.0,0.0,100.0,6127.0,100.0,41959990456.0,100.0,59682922429.0
2019-10-13,ZJV2E7C5,ST12000NM0007,12000138625024,0,78.0,64432816.0,96.0,0.0,100.0,3.0,100.0,0.0,89.0,826116197.0,93.0,6500.0,100.0,0.0,100.0,3.0,,,,,100.0,0.0,100.0,0.0,,,77.0,23.0,,,100.0,72.0,100.0,1589.0,23.0,23.0,100.0,0.0,100.0,0.0,200.0,0.0,100.0,6142.0,100.0,42014517904.0,100.0,59856681461.0
2019-10-14,ZJV2E7C5,ST12000NM0007,12000138625024,0,83.0,208578816.0,96.0,0.0,100.0,3.0,100.0,0.0,89.0,828984888.0,93.0,6532.0,100.0,0.0,100.0,3.0,,,,,100.0,0.0,100.0,0.0,,,76.0,24.0,,,100.0,72.0,100.0,1591.0,24.0,24.0,100.0,0.0,100.0,0.0,200.0,0.0,100.0,6174.0,100.0,42072425504.0,100.0,60187060613.0
2019-10-15,ZJV2E7C5,ST12000NM0007,12000138625024,0,84.0,235832680.0,96.0,0.0,100.0,3.0,100.0,0.0,89.0,836133500.0,93.0,6579.0,100.0,0.0,100.0,3.0,,,,,100.0,0.0,100.0,0.0,,,77.0,23.0,,,100.0,72.0,100.0,1593.0,23.0,23.0,100.0,0.0,100.0,0.0,200.0,0.0,100.0,6221.0,100.0,42203903592.0,100.0,60571118157.0
2019-10-16,ZJV2E7C5,ST12000NM0007,12000138625024,0,84.0,235832680.0,96.0,0.0,100.0,3.0,100.0,0.0,89.0,836133500.0,93.0,6579.0,100.0,0.0,100.0,3.0,,,,,100.0,0.0,100.0,0.0,,,77.0,23.0,,,100.0,72.0,100.0,1593.0,23.0,23.0,100.0,0.0,100.0,0.0,200.0,0.0,100.0,6221.0,100.0,42203903592.0,100.0,60571118157.0
2019-10-17,ZJV2E7C5,ST12000NM0007,12000138625024,0,80.0,98493528.0,96.0,0.0,100.0,3.0,100.0,0.0,89.0,836964404.0,93.0,6595.0,100.0,0.0,100.0,3.0,,,,,100.0,0.0,100.0,0.0,,,78.0,22.0,,,100.0,72.0,100.0,1594.0,22.0,22.0,100.0,0.0,100.0,0.0,200.0,0.0,100.0,6237.0,100.0,42228779712.0,100.0,60653043813.0
2019-10-18,ZJV2E7C5,ST12000NM0007,12000138625024,0,71.0,13682760.0,96.0,0.0,100.0,3.0,100.0,0.0,89.0,839513966.0,93.0,6611.0,100.0,0.0,100.0,3.0,,,,,100.0,0.0,100.0,0.0,,,77.0,23.0,,,100.0,72.0,100.0,1594.0,23.0,23.0,100.0,0.0,100.0,0.0,200.0,0.0,100.0,6253.0,100.0,42251523720.0,100.0,60789629669.0
2019-10-19,ZJV2E7C5,ST12000NM0007,12000138625024,0,67.0,5353368.0,96.0,0.0,100.0,3.0,100.0,0.0,89.0,841965785.0,93.0,6643.0,100.0,0.0,100.0,3.0,,,,,100.0,0.0,100.0,0.0,,,77.0,23.0,,,100.0,73.0,100.0,1596.0,23.0,23.0,100.0,0.0,100.0,0.0,200.0,0.0,100.0,6284.0,100.0,42312477488.0,100.0,60964487325.0
2019-10-20,ZJV2E7C5,ST12000NM0007,12000138625024,0,83.0,189659488.0,96.0,0.0,100.0,3.0,100.0,0.0,89.0,845591451.0,93.0,6674.0,100.0,0.0,100.0,3.0,,,,,100.0,0.0,100.0,0.0,,,77.0,23.0,,,100.0,74.0,100.0,1598.0,23.0,23.0,100.0,0.0,100.0,0.0,200.0,0.0,100.0,6316.0,100.0,42384765136.0,100.0,61320646661.0
2019-10-21,ZJV2E7C5,ST12000NM0007,12000138625024,0,82.0,150476192.0,96.0,0.0,100.0,3.0,100.0,0.0,89.0,847211889.0,93.0,6690.0,100.0,0.0,100.0,3.0,,,,,100.0,0.0,100.0,0.0,,,77.0,23.0,,,100.0,74.0,100.0,1598.0,23.0,23.0,100.0,0.0,100.0,0.0,200.0,0.0,100.0,6331.0,100.0,42417476296.0,100.0,61492892925.0
2019-10-22,ZJV2E7C5,ST12000NM0007,12000138625024,0,82.0,145199216.0,96.0,0.0,100.0,3.0,100.0,0.0,89.0,851689606.0,93.0,6722.0,100.0,0.0,100.0,3.0,,,,,100.0,0.0,100.0,0.0,,,77.0,23.0,,,100.0,75.0,100.0,1600.0,23.0,23.0,100.0,0.0,100.0,0.0,200.0,0.0,100.0,6363.0,100.0,42502527040.0,100.0,61890846581.0
2019-10-23,ZJV2E7C5,ST12000NM0007,12000138625024,0,82.0,144594384.0,96.0,0.0,100.0,3.0,100.0,0.0,89.0,854089665.0,93.0,6737.0,100.0,0.0,100.0,3.0,,,,,100.0,0.0,100.0,0.0,,,77.0,23.0,,,100.0,75.0,100.0,1600.0,23.0,23.0,100.0,0.0,100.0,0.0,200.0,0.0,100.0,6378.0,100.0,42543523024.0,100.0,62093386397.0
2019-10-24,ZJV2E7C5,ST12000NM0007,12000138625024,0,80.0,108283880.0,96.0,0.0,100.0,3.0,100.0,0.0,89.0,857711550.0,93.0,6769.0,100.0,0.0,100.0,3.0,,,,,100.0,0.0,100.0,0.0,,,77.0,23.0,,,100.0,76.0,100.0,1602.0,23.0,23.0,100.0,0.0,100.0,0.0,200.0,0.0,100.0,6410.0,100.0,42606822272.0,100.0,62482058269.0
2019-10-25,ZJV2E7C5,ST12000NM0007,12000138625024,0,80.0,89920632.0,96.0,0.0,100.0,3.0,100.0,0.0,89.0,860923195.0,93.0,6785.0,100.0,0.0,100.0,3.0,,,,,100.0,0.0,100.0,0.0,,,77.0,23.0,,,100.0,76.0,100.0,1602.0,23.0,23.0,100.0,0.0,100.0,0.0,200.0,0.0,100.0,6426.0,100.0,42653148848.0,100.0,62661509077.0
2019-10-26,ZJV2E7C5,ST12000NM0007,12000138625024,0,74.0,26713320.0,96.0,0.0,100.0,3.0,100.0,0.0,89.0,864504073.0,93.0,6817.0,100.0,0.0,100.0,3.0,,,,,100.0,0.0,100.0,0.0,,,77.0,23.0,,,100.0,77.0,100.0,1604.0,23.0,23.0,100.0,0.0,100.0,0.0,200.0,0.0,100.0,6457.0,100.0,42712077192.0,100.0,63027654869.0
2019-10-27,ZJV2E7C5,ST12000NM0007,12000138625024,0,84.0,237491912.0,96.0,0.0,100.0,3.0,100.0,0.0,89.0,866166119.0,93.0,6833.0,100.0,0.0,100.0,3.0,,,,,100.0,0.0,100.0,0.0,,,77.0,23.0,,,100.0,77.0,100.0,1604.0,23.0,23.0,100.0,0.0,100.0,0.0,200.0,0.0,100.0,6473.0,100.0,42734613808.0,100.0,63215896845.0
2019-10-28,ZJV2E7C5,ST12000NM0007,12000138625024,0,83.0,202129344.0,96.0,0.0,100.0,3.0,100.0,0.0,89.0,869469115.0,93.0,6864.0,100.0,0.0,100.0,3.0,,,,,100.0,0.0,100.0,0.0,,,77.0,23.0,,,100.0,78.0,100.0,1606.0,23.0,23.0,100.0,0.0,100.0,0.0,200.0,0.0,100.0,6505.0,100.0,42811747824.0,100.0,63591681941.0
2019-10-29,ZJV2E7C5,ST12000NM0007,12000138625024,0,82.0,165565648.0,96.0,0.0,100.0,3.0,100.0,0.0,89.0,871115412.0,93.0,6880.0,100.0,0.0,100.0,3.0,,,,,100.0,0.0,100.0,0.0,,,77.0,23.0,,,100.0,78.0,100.0,1606.0,23.0,23.0,100.0,0.0,100.0,0.0,200.0,0.0,100.0,6521.0,100.0,42837936192.0,100.0,63773070757.0
2019-10-30,ZJV2E7C5,ST12000NM0007,12000138625024,0,82.0,163278344.0,96.0,0.0,100.0,3.0,100.0,0.0,89.0,876326012.0,93.0,6912.0,100.0,0.0,100.0,3.0,,,,,100.0,0.0,100.0,0.0,,,77.0,23.0,,,100.0,78.0,100.0,1608.0,23.0,23.0,100.0,0.0,100.0,0.0,200.0,0.0,100.0,6552.0,100.0,42914697440.0,100.0,64182303669.0
2019-10-31,ZJV2E7C5,ST12000NM0007,12000138625024,0,83.0,178795984.0,96.0,0.0,100.0,3.0,100.0,0.0,89.0,879895005.0,93.0,6928.0,100.0,0.0,100.0,3.0,,,,,100.0,0.0,100.0,0.0,,,77.0,23.0,,,100.0,78.0,100.0,1608.0,23.0,23.0,100.0,0.0,100.0,0.0,200.0,0.0,100.0,6568.0,100.0,42960051760.0,100.0,64396607621.0
2019-11-01,ZJV2E7C5,ST12000NM0007,12000138625024,0,81.0,136599224.0,96.0,0.0,100.0,3.0,100.0,0.0,89.0,884839739.0,93.0,6960.0,100.0,0.0,100.0,3.0,,,,,100.0,0.0,100.0,0.0,,,77.0,23.0,,,100.0,79.0,100.0,1610.0,23.0,23.0,100.0,0.0,100.0,0.0,200.0,0.0,100.0,6599.0,100.0,43034531344.0,100.0,64768212669.0
2019-11-02,ZJV2E7C5,ST12000NM0007,12000138625024,0,80.0,90493872.0,96.0,0.0,100.0,3.0,100.0,0.0,89.0,886542565.0,93.0,6975.0,100.0,0.0,100.0,3.0,,,,,100.0,0.0,100.0,0.0,,,77.0,23.0,,,100.0,79.0,100.0,1610.0,23.0,23.0,100.0,0.0,100.0,0.0,200.0,0.0,100.0,6615.0,100.0,43064361304.0,100.0,64936418149.0
2019-11-03,ZJV2E7C5,ST12000NM0007,12000138625024,0,75.0,34558560.0,96.0,0.0,100.0,3.0,100.0,0.0,89.0,889925090.0,93.0,7007.0,100.0,0.0,100.0,3.0,,,,,100.0,0.0,100.0,0.0,,,78.0,22.0,,,100.0,79.0,100.0,1612.0,22.0,22.0,100.0,0.0,100.0,0.0,200.0,0.0,100.0,6646.0,100.0,43109569656.0,100.0,65323556565.0
2019-11-04,ZJV2E7C5,ST12000NM0007,12000138625024,0,84.0,233466336.0,96.0,0.0,100.0,3.0,100.0,0.0,90.0,891340426.0,92.0,7023.0,100.0,0.0,100.0,3.0,,,,,100.0,0.0,100.0,0.0,,,77.0,23.0,,,100.0,79.0,100.0,1612.0,23.0,23.0,100.0,0.0,100.0,0.0,200.0,0.0,100.0,6662.0,100.0,43127224088.0,100.0,65504809909.0
2019-11-05,ZJV2E7C5,ST12000NM0007,12000138625024,0,83.0,206160920.0,96.0,0.0,100.0,3.0,100.0,0.0,90.0,894962271.0,92.0,7054.0,100.0,0.0,100.0,3.0,,,,,100.0,0.0,100.0,0.0,,,75.0,25.0,,,100.0,79.0,100.0,1614.0,25.0,25.0,100.0,0.0,100.0,0.0,200.0,0.0,100.0,6694.0,100.0,43193425056.0,100.0,65899584893.0
2019-11-06,ZJV2E7C5,ST12000NM0007,12000138625024,0,83.0,209225288.0,96.0,0.0,100.0,3.0,100.0,0.0,90.0,897635762.0,92.0,7070.0,100.0,0.0,100.0,3.0,,,,,100.0,0.0,100.0,0.0,,,76.0,24.0,,,100.0,79.0,100.0,1614.0,24.0,24.0,100.0,0.0,100.0,0.0,200.0,0.0,100.0,6709.0,100.0,43234999296.0,100.0,66105215845.0
2019-11-07,ZJV2E7C5,ST12000NM0007,12000138625024,0,80.0,96663312.0,96.0,0.0,100.0,3.0,100.0,0.0,90.0,900554966.0,92.0,7102.0,100.0,0.0,100.0,3.0,,,,,100.0,0.0,100.0,0.0,,,77.0,23.0,,,100.0,80.0,100.0,1617.0,23.0,23.0,100.0,0.0,100.0,0.0,200.0,0.0,100.0,6741.0,100.0,43301408304.0,100.0,66414526707.0
2019-11-08,ZJV2E7C5,ST12000NM0007,12000138625024,0,75.0,28239104.0,96.0,0.0,100.0,3.0,100.0,0.0,90.0,903243102.0,92.0,7118.0,100.0,0.0,100.0,3.0,,,,,100.0,0.0,100.0,0.0,,,77.0,23.0,,,100.0,80.0,100.0,1617.0,23.0,23.0,100.0,0.0,100.0,0.0,200.0,0.0,100.0,6757.0,100.0,43329731648.0,100.0,66561920411.0
2019-11-09,ZJV2E7C5,ST12000NM0007,12000138625024,0,84.0,236830056.0,96.0,0.0,100.0,3.0,100.0,0.0,90.0,906365331.0,92.0,7149.0,100.0,0.0,100.0,3.0,,,,,100.0,0.0,100.0,0.0,,,76.0,24.0,,,100.0,80.0,100.0,1619.0,24.0,24.0,100.0,0.0,100.0,0.0,200.0,0.0,100.0,6788.0,100.0,43389927536.0,100.0,66954456307.0
2019-11-10,ZJV2E7C5,ST12000NM0007,12000138625024,0,83.0,220525336.0,96.0,0.0,100.0,3.0,100.0,0.0,90.0,908076364.0,92.0,7165.0,100.0,0.0,100.0,3.0,,,,,100.0,0.0,100.0,0.0,,,76.0,24.0,,,100.0,80.0,100.0,1619.0,24.0,24.0,100.0,0.0,100.0,0.0,200.0,0.0,100.0,6804.0,100.0,43416639160.0,100.0,67155580619.0
2019-11-11,ZJV2E7C5,ST12000NM0007,12000138625024,0,82.0,153352504.0,96.0,0.0,100.0,3.0,100.0,0.0,90.0,910946877.0,92.0,7197.0,100.0,0.0,100.0,3.0,,,,,100.0,0.0,100.0,0.0,,,77.0,23.0,,,100.0,82.0,100.0,1621.0,23.0,23.0,100.0,0.0,100.0,0.0,200.0,0.0,100.0,6835.0,100.0,43472283424.0,100.0,67521045563.0
2019-11-12,ZJV2E7C5,ST12000NM0007,12000138625024,0,81.0,117572432.0,96.0,0.0,100.0,3.0,100.0,0.0,90.0,912380835.0,92.0,7213.0,100.0,0.0,100.0,3.0,,,,,100.0,0.0,100.0,0.0,,,76.0,24.0,,,100.0,82.0,100.0,1621.0,24.0,24.0,100.0,0.0,100.0,0.0,200.0,0.0,100.0,6851.0,100.0,43498691560.0,100.0,67702998115.0
2019-11-13,ZJV2E7C5,ST12000NM0007,12000138625024,0,81.0,118777672.0,96.0,0.0,100.0,3.0,100.0,0.0,90.0,917135192.0,92.0,7244.0,100.0,0.0,100.0,3.0,,,,,100.0,0.0,100.0,0.0,,,76.0,24.0,,,100.0,82.0,100.0,1623.0,24.0,24.0,100.0,0.0,100.0,0.0,200.0,0.0,100.0,6883.0,100.0,43561153192.0,100.0,68130023291.0
2019-11-14,ZJV2E7C5,ST12000NM0007,12000138625024,0,82.0,156790768.0,96.0,0.0,100.0,3.0,100.0,0.0,90.0,919682057.0,92.0,7260.0,100.0,0.0,100.0,3.0,,,,,100.0,0.0,100.0,0.0,,,76.0,24.0,,,100.0,82.0,100.0,1624.0,24.0,24.0,100.0,0.0,100.0,0.0,200.0,0.0,100.0,6899.0,100.0,43607693712.0,100.0,68365636507.0
2019-11-15,ZJV2E7C5,ST12000NM0007,12000138625024,0,82.0,142892376.0,96.0,0.0,100.0,3.0,100.0,0.0,90.0,926001264.0,92.0,7292.0,100.0,0.0,100.0,3.0,,,,,100.0,0.0,100.0,0.0,,,76.0,24.0,,,100.0,83.0,100.0,1625.0,24.0,24.0,100.0,0.0,100.0,0.0,200.0,0.0,100.0,6930.0,100.0,43699655424.0,100.0,68748058443.0
2019-11-16,ZJV2E7C5,ST12000NM0007,12000138625024,0,83.0,182769984.0,96.0,0.0,100.0,3.0,100.0,0.0,90.0,928623642.0,92.0,7308.0,100.0,0.0,100.0,3.0,,,,,100.0,0.0,100.0,0.0,,,76.0,24.0,,,100.0,84.0,100.0,1626.0,24.0,24.0,100.0,0.0,100.0,0.0,200.0,0.0,100.0,6946.0,100.0,43739835016.0,100.0,68991897267.0
2019-11-17,ZJV2E7C5,ST12000NM0007,12000138625024,0,80.0,95025600.0,96.0,0.0,100.0,3.0,100.0,0.0,90.0,933956943.0,92.0,7339.0,100.0,0.0,100.0,3.0,,,,,100.0,0.0,100.0,0.0,,,76.0,24.0,,,100.0,85.0,100.0,1627.0,24.0,24.0,100.0,0.0,100.0,0.0,200.0,0.0,100.0,6978.0,100.0,43843089848.0,100.0,69533320219.0
2019-11-18,ZJV2E7C5,ST12000NM0007,12000138625024,0,81.0,127048848.0,96.0,0.0,100.0,3.0,100.0,0.0,90.0,936244448.0,92.0,7355.0,100.0,0.0,100.0,3.0,,,,,100.0,0.0,100.0,0.0,,,77.0,23.0,,,100.0,85.0,100.0,1628.0,23.0,23.0,100.0,0.0,100.0,0.0,200.0,0.0,100.0,6993.0,100.0,43890902048.0,100.0,69761671915.0
2019-11-19,ZJV2E7C5,ST12000NM0007,12000138625024,0,76.0,42242912.0,96.0,0.0,100.0,3.0,100.0,0.0,90.0,938702673.0,92.0,7387.0,100.0,0.0,100.0,3.0,,,,,100.0,0.0,100.0,0.0,,,76.0,24.0,,,100.0,85.0,100.0,1629.0,24.0,24.0,100.0,0.0,100.0,0.0,200.0,0.0,100.0,7025.0,100.0,43942954000.0,100.0,70113095787.0
2019-11-20,ZJV2E7C5,ST12000NM0007,12000138625024,0,75.0,33252856.0,96.0,0.0,100.0,3.0,100.0,0.0,90.0,941608617.0,92.0,7403.0,100.0,0.0,100.0,3.0,,,,,100.0,0.0,100.0,0.0,,,76.0,24.0,,,100.0,85.0,100.0,1630.0,24.0,24.0,100.0,0.0,100.0,0.0,200.0,0.0,100.0,7041.0,100.0,43980731864.0,100.0,70310468683.0
2019-11-21,ZJV2E7C5,ST12000NM0007,12000138625024,0,77.0,51876408.0,96.0,0.0,100.0,3.0,100.0,0.0,90.0,945288055.0,92.0,7435.0,100.0,0.0,100.0,3.0,,,,,100.0,0.0,100.0,0.0,,,76.0,24.0,,,100.0,85.0,100.0,1631.0,24.0,24.0,100.0,0.0,100.0,0.0,200.0,0.0,100.0,7073.0,100.0,44072253112.0,100.0,70725852707.0
2019-11-22,ZJV2E7C5,ST12000NM0007,12000138625024,0,83.0,184698952.0,96.0,0.0,100.0,3.0,100.0,0.0,90.0,947646070.0,92.0,7450.0,100.0,0.0,100.0,3.0,,,,,100.0,0.0,100.0,0.0,,,77.0,23.0,,,100.0,86.0,100.0,1632.0,23.0,23.0,100.0,0.0,100.0,0.0,200.0,0.0,100.0,7088.0,100.0,44120661320.0,100.0,70810267043.0
2019-11-23,ZJV2E7C5,ST12000NM0007,12000138625024,0,78.0,63669624.0,96.0,0.0,100.0,3.0,100.0,0.0,90.0,950051654.0,92.0,7482.0,100.0,0.0,100.0,3.0,,,,,100.0,0.0,100.0,0.0,,,76.0,24.0,,,100.0,86.0,100.0,1633.0,24.0,24.0,100.0,0.0,100.0,0.0,200.0,0.0,100.0,7120.0,100.0,44195315344.0,100.0,71102864971.0
2019-11-24,ZJV2E7C5,ST12000NM0007,12000138625024,0,78.0,58480944.0,96.0,0.0,100.0,3.0,100.0,0.0,90.0,952874288.0,92.0,7514.0,100.0,0.0,100.0,3.0,,,,,100.0,0.0,100.0,0.0,,,77.0,23.0,,,100.0,86.0,100.0,1635.0,23.0,23.0,100.0,0.0,100.0,0.0,200.0,0.0,100.0,7151.0,100.0,44292826848.0,100.0,71488446227.0
2019-11-25,ZJV2E7C5,ST12000NM0007,12000138625024,0,76.0,36880352.0,96.0,0.0,100.0,3.0,100.0,0.0,90.0,954105632.0,92.0,7530.0,100.0,0.0,100.0,3.0,,,,,100.0,0.0,100.0,0.0,,,77.0,23.0,,,100.0,86.0,100.0,1635.0,23.0,23.0,100.0,0.0,100.0,0.0,200.0,0.0,100.0,7167.0,100.0,44350105840.0,100.0,71653707379.0
2019-11-26,ZJV2E7C5,ST12000NM0007,12000138625024,0,68.0,5830672.0,96.0,0.0,100.0,3.0,100.0,0.0,90.0,957963771.0,92.0,7561.0,100.0,0.0,100.0,3.0,,,,,100.0,0.0,100.0,0.0,,,76.0,24.0,,,100.0,87.0,100.0,1637.0,24.0,24.0,100.0,0.0,100.0,0.0,200.0,0.0,100.0,7198.0,100.0,44424618504.0,100.0,72036426483.0
2019-11-27,ZJV2E7C5,ST12000NM0007,12000138625024,0,83.0,214960728.0,96.0,0.0,100.0,3.0,100.0,0.0,90.0,959824836.0,92.0,7577.0,100.0,0.0,100.0,3.0,,,,,100.0,0.0,100.0,0.0,,,76.0,24.0,,,100.0,87.0,100.0,1637.0,24.0,24.0,100.0,0.0,100.0,0.0,200.0,0.0,100.0,7214.0,100.0,44460524856.0,100.0,72209650187.0
2019-11-28,ZJV2E7C5,ST12000NM0007,12000138625024,0,77.0,52751936.0,96.0,0.0,100.0,3.0,100.0,0.0,90.0,961930627.0,92.0,7609.0,100.0,0.0,100.0,3.0,,,,,100.0,0.0,100.0,0.0,,,77.0,23.0,,,100.0,87.0,100.0,1640.0,23.0,23.0,100.0,0.0,100.0,0.0,200.0,0.0,100.0,7246.0,100.0,44513691336.0,100.0,72482556315.0
2019-11-29,ZJV2E7C5,ST12000NM0007,12000138625024,0,82.0,173431144.0,96.0,0.0,100.0,3.0,100.0,0.0,90.0,964234677.0,92.0,7625.0,100.0,0.0,100.0,3.0,,,,,100.0,0.0,100.0,0.0,,,77.0,23.0,,,100.0,87.0,100.0,1640.0,23.0,23.0,100.0,0.0,100.0,0.0,200.0,0.0,100.0,7262.0,100.0,44544095632.0,100.0,72572831227.0
2019-11-30,ZJV2E7C5,ST12000NM0007,12000138625024,0,79.0,82444696.0,96.0,0.0,100.0,3.0,100.0,0.0,90.0,966598195.0,92.0,7656.0,100.0,0.0,100.0,3.0,,,,,100.0,0.0,100.0,0.0,,,77.0,23.0,,,100.0,88.0,100.0,1642.0,23.0,23.0,100.0,0.0,100.0,0.0,200.0,0.0,100.0,7293.0,100.0,44582278680.0,100.0,72931943275.0
2019-12-01,ZJV2E7C5,ST12000NM0007,12000138625024,0,66.0,3701480.0,96.0,0.0,100.0,3.0,100.0,0.0,90.0,968784730.0,92.0,7688.0,100.0,0.0,100.0,3.0,,,,,100.0,0.0,100.0,0.0,,,77.0,23.0,,,100.0,88.0,100.0,1643.0,23.0,23.0,100.0,0.0,100.0,0.0,200.0,0.0,100.0,7324.0,100.0,44636002504.0,100.0,73287757843.0
2019-12-02,ZJV2E7C5,ST12000NM0007,12000138625024,0,83.0,204268320.0,96.0,0.0,100.0,3.0,100.0,0.0,90.0,969817852.0,92.0,7704.0,100.0,0.0,100.0,3.0,,,,,100.0,0.0,100.0,0.0,,,77.0,23.0,,,100.0,89.0,100.0,1644.0,23.0,23.0,100.0,0.0,100.0,0.0,200.0,0.0,100.0,7340.0,100.0,44679285656.0,100.0,73445041531.0
2019-12-03,ZJV2E7C5,ST12000NM0007,12000138625024,0,82.0,141922184.0,96.0,0.0,100.0,3.0,100.0,0.0,90.0,973531796.0,92.0,7735.0,100.0,0.0,100.0,3.0,,,,,100.0,0.0,100.0,0.0,,,77.0,23.0,,,100.0,90.0,100.0,1645.0,23.0,23.0,100.0,0.0,100.0,0.0,200.0,0.0,100.0,7372.0,100.0,44728038032.0,100.0,73822224323.0
2019-12-04,ZJV2E7C5,ST12000NM0007,12000138625024,0,80.0,111981736.0,96.0,0.0,100.0,3.0,100.0,0.0,90.0,974767074.0,92.0,7751.0,100.0,0.0,100.0,3.0,,,,,100.0,0.0,100.0,0.0,,,77.0,23.0,,,100.0,91.0,100.0,1646.0,23.0,23.0,100.0,0.0,100.0,0.0,200.0,0.0,100.0,7387.0,100.0,44763443584.0,100.0,74001019899.0
2019-12-05,ZJV2E7C5,ST12000NM0007,12000138625024,0,80.0,110505120.0,96.0,0.0,100.0,3.0,100.0,0.0,90.0,977477049.0,92.0,7783.0,100.0,0.0,100.0,3.0,,,,,100.0,0.0,100.0,0.0,,,77.0,23.0,,,100.0,91.0,100.0,1648.0,23.0,23.0,100.0,0.0,100.0,0.0,200.0,0.0,100.0,7418.0,100.0,44817929960.0,100.0,74433338315.0
2019-12-06,ZJV2E7C5,ST12000NM0007,12000138625024,0,70.0,9307912.0,96.0,0.0,100.0,3.0,100.0,0.0,90.0,979432434.0,92.0,7799.0,100.0,0.0,100.0,3.0,,,,,100.0,0.0,100.0,0.0,,,77.0,23.0,,,100.0,91.0,100.0,1648.0,23.0,23.0,100.0,0.0,100.0,0.0,200.0,0.0,100.0,7434.0,100.0,44833578048.0,100.0,74560633755.0
2019-12-07,ZJV2E7C5,ST12000NM0007,12000138625024,0,82.0,155985152.0,96.0,0.0,100.0,3.0,100.0,0.0,90.0,981579790.0,92.0,7830.0,100.0,0.0,100.0,3.0,,,,,100.0,0.0,100.0,0.0,,,77.0,23.0,,,100.0,93.0,100.0,1650.0,23.0,23.0,100.0,0.0,100.0,0.0,200.0,0.0,100.0,7466.0,100.0,44878361024.0,100.0,74906668699.0
2019-12-08,ZJV2E7C5,ST12000NM0007,12000138625024,0,80.0,90439224.0,96.0,0.0,100.0,3.0,100.0,0.0,90.0,982531093.0,92.0,7846.0,100.0,0.0,100.0,3.0,,,,,100.0,0.0,100.0,0.0,,,77.0,23.0,,,100.0,93.0,100.0,1650.0,23.0,23.0,100.0,0.0,100.0,0.0,200.0,0.0,100.0,7482.0,100.0,44902733528.0,100.0,75060891323.0
2019-12-09,ZJV2E7C5,ST12000NM0007,12000138625024,0,84.0,236919136.0,96.0,0.0,100.0,3.0,100.0,0.0,90.0,984710863.0,92.0,7878.0,100.0,0.0,100.0,3.0,,,,,100.0,0.0,100.0,0.0,,,78.0,22.0,,,100.0,95.0,100.0,1652.0,22.0,22.0,100.0,0.0,100.0,0.0,200.0,0.0,100.0,7513.0,100.0,44952084784.0,100.0,75402160707.0
2019-12-10,ZJV2E7C5,ST12000NM0007,12000138625024,0,84.0,227195120.0,96.0,0.0,100.0,3.0,100.0,0.0,90.0,986648674.0,91.0,7893.0,100.0,0.0,100.0,3.0,,,,,100.0,0.0,100.0,0.0,,,76.0,24.0,,,100.0,95.0,100.0,1652.0,24.0,24.0,100.0,0.0,100.0,0.0,200.0,0.0,100.0,7529.0,100.0,44988378648.0,100.0,75600284227.0
2019-12-11,ZJV2E7C5,ST12000NM0007,12000138625024,0,83.0,181094200.0,96.0,0.0,100.0,3.0,100.0,0.0,90.0,988590402.0,91.0,7909.0,100.0,0.0,100.0,3.0,,,,,100.0,0.0,100.0,0.0,,,78.0,22.0,,,100.0,96.0,100.0,1653.0,22.0,22.0,100.0,0.0,100.0,0.0,200.0,0.0,100.0,7544.0,100.0,45012234432.0,100.0,75774468179.0
2019-12-12,ZJV2E7C5,ST12000NM0007,12000138625024,0,81.0,137197048.0,96.0,0.0,100.0,3.0,100.0,0.0,90.0,990979205.0,91.0,7941.0,100.0,0.0,100.0,3.0,,,,,100.0,0.0,100.0,0.0,,,78.0,22.0,,,100.0,97.0,100.0,1655.0,22.0,22.0,100.0,0.0,100.0,0.0,200.0,0.0,100.0,7576.0,100.0,45075690856.0,100.0,76155396331.0
2019-12-13,ZJV2E7C5,ST12000NM0007,12000138625024,0,77.0,51994952.0,96.0,0.0,100.0,3.0,100.0,0.0,90.0,993392178.0,91.0,7957.0,100.0,0.0,100.0,3.0,,,,,100.0,0.0,100.0,0.0,,,77.0,23.0,,,100.0,97.0,100.0,1656.0,23.0,23.0,100.0,0.0,100.0,0.0,200.0,0.0,100.0,7592.0,100.0,45097523752.0,100.0,76292501971.0
2019-12-14,ZJV2E7C5,ST12000NM0007,12000138625024,0,80.0,107534952.0,96.0,0.0,100.0,3.0,100.0,0.0,90.0,995357658.0,91.0,7989.0,100.0,0.0,100.0,3.0,,,,,100.0,0.0,100.0,0.0,,,77.0,23.0,,,100.0,97.0,100.0,1657.0,23.0,23.0,100.0,0.0,100.0,0.0,200.0,0.0,100.0,7623.0,100.0,45142354696.0,100.0,76547351683.0
2019-12-15,ZJV2E7C5,ST12000NM0007,12000138625024,0,78.0,66022440.0,96.0,0.0,100.0,3.0,100.0,0.0,90.0,996518483.0,91.0,8004.0,100.0,0.0,100.0,3.0,,,,,100.0,0.0,100.0,0.0,,,77.0,23.0,,,100.0,97.0,100.0,1658.0,23.0,23.0,100.0,0.0,100.0,0.0,200.0,0.0,100.0,7639.0,100.0,45161055544.0,100.0,76731279099.0
2019-12-16,ZJV2E7C5,ST12000NM0007,12000138625024,0,81.0,128476368.0,96.0,0.0,100.0,3.0,100.0,0.0,90.0,998812029.0,91.0,8036.0,100.0,0.0,100.0,3.0,,,,,100.0,0.0,100.0,0.0,,,77.0,23.0,,,100.0,97.0,100.0,1659.0,23.0,23.0,100.0,0.0,100.0,0.0,200.0,0.0,100.0,7670.0,100.0,45194940360.0,100.0,77003988923.0
2019-12-17,ZJV2E7C5,ST12000NM0007,12000138625024,0,73.0,20733592.0,96.0,0.0,100.0,3.0,100.0,0.0,90.0,999662539.0,91.0,8052.0,100.0,0.0,100.0,3.0,,,,,100.0,0.0,100.0,0.0,,,78.0,22.0,,,100.0,97.0,100.0,1660.0,22.0,22.0,100.0,0.0,100.0,0.0,200.0,0.0,100.0,7686.0,100.0,45214644984.0,100.0,77120682275.0
2019-12-18,ZJV2E7C5,ST12000NM0007,12000138625024,0,81.0,140125424.0,96.0,0.0,100.0,3.0,100.0,0.0,65.0,3146204.0,91.0,8083.0,100.0,0.0,100.0,3.0,,,,,100.0,0.0,100.0,0.0,,,77.0,23.0,,,100.0,97.0,100.0,1661.0,23.0,23.0,100.0,0.0,100.0,0.0,200.0,0.0,100.0,7718.0,100.0,45255516824.0,100.0,77443342979.0
2019-12-19,ZJV2E7C5,ST12000NM0007,12000138625024,0,69.0,8145288.0,96.0,0.0,100.0,3.0,100.0,0.0,66.0,3904238.0,91.0,8099.0,100.0,0.0,100.0,3.0,,,,,100.0,0.0,100.0,0.0,,,78.0,22.0,,,100.0,98.0,100.0,1662.0,22.0,22.0,100.0,0.0,100.0,0.0,200.0,0.0,100.0,7733.0,100.0,45267283168.0,100.0,77543737267.0
2019-12-20,ZJV2E7C5,ST12000NM0007,12000138625024,0,78.0,66271456.0,96.0,0.0,100.0,3.0,100.0,0.0,68.0,7040371.0,91.0,8131.0,100.0,0.0,100.0,3.0,,,,,100.0,0.0,100.0,0.0,,,78.0,22.0,,,100.0,99.0,100.0,1663.0,22.0,22.0,100.0,0.0,100.0,0.0,200.0,0.0,100.0,7765.0,100.0,45294016184.0,100.0,77819271227.0
2019-12-21,ZJV2E7C5,ST12000NM0007,12000138625024,0,83.0,201637048.0,96.0,0.0,100.0,3.0,100.0,0.0,69.0,7835237.0,91.0,8147.0,100.0,0.0,100.0,3.0,,,,,100.0,0.0,100.0,0.0,,,79.0,21.0,,,100.0,100.0,100.0,1664.0,21.0,21.0,100.0,0.0,100.0,0.0,200.0,0.0,100.0,7781.0,100.0,45311564096.0,100.0,77937088907.0
2019-12-22,ZJV2E7C5,ST12000NM0007,12000138625024,0,83.0,218700230.0,96.0,0.0,100.0,3.0,100.0,0.0,70.0,9387089.0,91.0,8178.0,100.0,0.0,100.0,3.0,,,,,100.0,0.0,100.0,0.0,,,78.0,22.0,,,100.0,101.0,100.0,1666.0,22.0,22.0,100.0,0.0,100.0,0.0,200.0,0.0,100.0,7812.0,100.0,45339496808.0,100.0,78170360249.0
2019-12-23,ZJV2E7C5,ST12000NM0007,12000138625024,0,82.0,147878008.0,96.0,0.0,100.0,3.0,100.0,0.0,70.0,10331071.0,91.0,8194.0,100.0,0.0,100.0,3.0,,,,,100.0,0.0,100.0,0.0,,,78.0,22.0,,,100.0,101.0,100.0,1666.0,22.0,22.0,100.0,0.0,100.0,0.0,200.0,0.0,100.0,7828.0,100.0,45352778608.0,100.0,78330397033.0
2019-12-24,ZJV2E7C5,ST12000NM0007,12000138625024,0,82.0,144457632.0,96.0,0.0,100.0,3.0,100.0,0.0,71.0,11780161.0,91.0,8226.0,100.0,0.0,100.0,3.0,,,,,100.0,0.0,100.0,0.0,,,78.0,22.0,,,100.0,103.0,100.0,1668.0,22.0,22.0,100.0,0.0,100.0,0.0,200.0,0.0,100.0,7859.0,100.0,45384795880.0,100.0,78539100153.0
2019-12-25,ZJV2E7C5,ST12000NM0007,12000138625024,0,84.0,232224872.0,96.0,0.0,100.0,3.0,100.0,0.0,72.0,15036845.0,91.0,8257.0,100.0,0.0,100.0,3.0,,,,,100.0,0.0,100.0,0.0,,,77.0,23.0,,,100.0,103.0,100.0,1669.0,23.0,23.0,100.0,0.0,100.0,0.0,200.0,0.0,100.0,7891.0,100.0,45403977656.0,100.0,78851826329.0
2019-12-26,ZJV2E7C5,ST12000NM0007,12000138625024,0,80.0,91562656.0,96.0,0.0,100.0,3.0,100.0,0.0,72.0,15702842.0,91.0,8273.0,100.0,0.0,100.0,3.0,,,,,100.0,0.0,100.0,0.0,,,78.0,22.0,,,100.0,103.0,100.0,1669.0,22.0,22.0,100.0,0.0,100.0,0.0,200.0,0.0,100.0,7907.0,100.0,45414720184.0,100.0,78944562353.0
2019-12-27,ZJV2E7C5,ST12000NM0007,12000138625024,0,78.0,57117680.0,96.0,0.0,100.0,3.0,100.0,0.0,73.0,18535699.0,91.0,8305.0,100.0,0.0,100.0,3.0,,,,,100.0,0.0,100.0,0.0,,,78.0,22.0,,,100.0,104.0,100.0,1671.0,22.0,22.0,100.0,0.0,100.0,0.0,200.0,0.0,100.0,7938.0,100.0,45432994824.0,100.0,79135983417.0
2019-12-28,ZJV2E7C5,ST12000NM0007,12000138625024,0,83.0,217058656.0,96.0,0.0,100.0,3.0,100.0,0.0,73.0,19364729.0,91.0,8321.0,100.0,0.0,100.0,3.0,,,,,100.0,0.0,100.0,0.0,,,78.0,22.0,,,100.0,104.0,100.0,1671.0,22.0,22.0,100.0,0.0,100.0,0.0,200.0,0.0,100.0,7954.0,100.0,45441093224.0,100.0,79287825993.0
2019-12-29,ZJV2E7C5,ST12000NM0007,12000138625024,0,83.0,214477840.0,96.0,0.0,100.0,3.0,100.0,0.0,73.0,20772853.0,91.0,8352.0,100.0,0.0,100.0,3.0,,,,,100.0,0.0,100.0,0.0,,,78.0,22.0,,,100.0,105.0,100.0,1673.0,22.0,22.0,100.0,0.0,100.0,0.0,200.0,0.0,100.0,7985.0,100.0,45466666912.0,100.0,79503812121.0
2019-12-30,ZJV2E7C5,ST12000NM0007,12000138625024,0,80.0,94424904.0,96.0,0.0,100.0,3.0,100.0,0.0,73.0,21572628.0,91.0,8368.0,100.0,0.0,100.0,3.0,,,,,100.0,0.0,100.0,0.0,,,78.0,22.0,,,100.0,105.0,100.0,1673.0,22.0,22.0,100.0,0.0,100.0,0.0,200.0,0.0,100.0,8001.0,100.0,45477200744.0,100.0,79617366161.0
2019-12-31,ZJV2E7C5,ST12000NM0007,12000138625024,0,82.0,164323992.0,96.0,0.0,100.0,3.0,100.0,0.0,74.0,24745375.0,91.0,8400.0,100.0,0.0,100.0,3.0,,,,,100.0,0.0,100.0,0.0,,,77.0,23.0,,,100.0,106.0,100.0,1675.0,23.0,23.0,100.0,0.0,100.0,0.0,200.0,0.0,100.0,8032.0,100.0,45497383664.0,100.0,79911222961.0
