2018-01-06,ZCH0D3EA,ST12000NM0007,12000138625024,0,81,137966672,97,0,100,2,100,0,63,1871623,100,287,100,0,100,2,,,,,100.0,0.0,100.0,0.0,,,72.0,28.0,,,100.0,0.0,100.0,555.0,28,28,100,0,100,0,200,0,100.0,25.0,100.0,599897208.0,100.0,270569530.0
2018-01-07,ZCH0D3EA,ST12000NM0007,12000138625024,0,82,148340578,97,0,100,2,100,0,63,2001578,100,310,100,0,100,2,,,,,100.0,0.0,100.0,0.0,,,72.0,28.0,,,100.0,1.0,100.0,556.0,28,28,100,0,100,0,200,0,100.0,48.0,100.0,610053872.0,100.0,270786772.0
2018-01-08,ZCH0D3EA,ST12000NM0007,12000138625024,0,76,36217520,97,0,100,2,100,0,65,3018303,100,339,100,0,100,2,,,,,100.0,0.0,100.0,0.0,,,70.0,30.0,,,100.0,2.0,100.0,557.0,30,30,100,0,100,0,200,0,100.0,76.0,100.0,685060056.0,100.0,327798238.0
2018-01-09,ZCH0D3EA,ST12000NM0007,12000138625024,0,73,19434256,97,0,100,2,100,0,68,5886297,100,362,100,0,100,2,,,,,100.0,0.0,100.0,0.0,,,69.0,31.0,,,100.0,2.0,100.0,558.0,31,31,100,0,100,0,200,0,100.0,100.0,100.0,935919872.0,100.0,548436710.0
2018-01-10,ZCH0D3EA,ST12000NM0007,12000138625024,0,79,83885512,97,0,100,2,100,0,69,8833640,100,382,100,0,100,2,,,,,100.0,0.0,100.0,0.0,,,70.0,30.0,,,100.0,2.0,100.0,559.0,30,30,100,0,100,0,200,0,100.0,120.0,100.0,1228802376.0,100.0,808286846.0
2018-01-11,ZCH0D3EA,ST12000NM0007,12000138625024,0,76,36210744,97,0,100,2,100,0,71,12955841,100,413,100,0,100,2,,,,,100.0,0.0,100.0,0.0,,,68.0,32.0,,,100.0,2.0,100.0,560.0,32,32,100,0,100,0,200,0,100.0,150.0,100.0,1551240456.0,100.0,1170596654.0
2018-01-12,ZCH0D3EA,ST12000NM0007,12000138625024,0,82,167601240,97,0,100,2,100,0,72,16425624,100,436,100,0,100,2,,,,,100.0,0.0,100.0,0.0,,,69.0,31.0,,,100.0,3.0,100.0,561.0,31,31,100,0,100,0,200,0,100.0,174.0,100.0,1873606704.0,100.0,1467902454.0
2018-01-13,ZCH0D3EA,ST12000NM0007,12000138625024,0,74.0,24613712.0,96.0,0.0,100.0,3.0,100,0,73.0,19742604.0,100,460,100.0,0.0,100,3,,,,,100.0,0.0,100.0,0.0,,,70.0,30.0,,,100.0,3.0,100.0,564.0,30.0,30.0,100.0,0.0,100.0,0.0,200,0,100.0,197.0,100.0,2195970080.0,100.0,1734973696.0
2018-01-14,ZCH0D3EA,ST12000NM0007,12000138625024,0,81.0,132396224.0,96.0,0.0,100.0,3.0,100,0,74.0,23082642.0,100,484,100.0,0.0,100,3,,,,,100.0,0.0,100.0,0.0,,,70.0,30.0,,,100.0,3.0,100.0,565.0,30.0,30.0,100.0,0.0,100.0,0.0,200,0,100.0,221.0,100.0,2498759160.0,100.0,2028248680.0
2018-01-15,ZCH0D3EA,ST12000NM0007,12000138625024,0,80.0,97458008.0,96.0,0.0,100.0,3.0,100,0,74.0,26813028.0,100,509,100.0,0.0,100,3,,,,,100.0,0.0,100.0,0.0,,,70.0,30.0,,,100.0,3.0,100.0,566.0,30.0,30.0,100.0,0.0,100.0,0.0,200,0,100.0,246.0,100.0,2856212568.0,100.0,2368279168.0
2018-01-16,ZCH0D3EA,ST12000NM0007,12000138625024,0,74.0,23848080.0,96.0,0.0,100.0,3.0,100,0,75.0,30355545.0,100,532,100.0,0.0,100,3,,,,,100.0,0.0,100.0,0.0,,,70.0,30.0,,,100.0,3.0,100.0,567.0,30.0,30.0,100.0,0.0,100.0,0.0,200,0,100.0,269.0,100.0,3193976336.0,100.0,2689327680.0
2018-01-17,ZCH0D3EA,ST12000NM0007,12000138625024,0,82.0,165852448.0,96.0,0.0,100.0,3.0,100,0,75.0,33891684.0,100,556,100.0,0.0,100,3,,,,,100.0,0.0,100.0,0.0,,,70.0,30.0,,,100.0,3.0,100.0,568.0,30.0,30.0,100.0,0.0,100.0,0.0,200,0,100.0,293.0,100.0,3540316696.0,100.0,2973273240.0
2018-01-18,ZCH0D3EA,ST12000NM0007,12000138625024,0,82.0,165852448.0,96.0,0.0,100.0,3.0,100.0,0.0,75.0,33891684.0,100.0,556.0,100.0,0.0,100.0,3.0,,,,,100.0,0.0,100.0,0.0,,,70.0,30.0,,,100.0,3.0,100.0,568.0,30.0,30.0,100.0,0.0,100.0,0.0,200.0,0.0,100.0,293.0,100.0,3540316696.0,100.0,2973273240.0
2018-01-19,ZCH0D3EA,ST12000NM0007,12000138625024,0,79.0,72825320.0,96.0,0.0,100.0,3.0,100.0,0.0,76.0,37676055.0,100.0,584.0,100.0,0.0,100.0,3.0,,,,,100.0,0.0,100.0,0.0,,,70.0,30.0,,,100.0,3.0,100.0,570.0,30.0,30.0,100.0,0.0,100.0,0.0,200.0,0.0,100.0,321.0,100.0,3881660160.0,100.0,3271327256.0
2018-01-20,ZCH0D3EA,ST12000NM0007,12000138625024,0,78.0,60575672.0,96.0,0.0,100.0,3.0,100,0,76.0,43035709.0,100,619,100.0,0.0,100,3,,,,,100.0,0.0,100.0,0.0,,,71.0,29.0,,,100.0,3.0,100.0,571.0,29.0,29.0,100.0,0.0,100.0,0.0,200,0,100.0,355.0,100.0,4371409632.0,100.0,3745890960.0
2018-01-21,ZCH0D3EA,ST12000NM0007,12000138625024,0,83.0,222590312.0,96.0,0.0,100.0,3.0,100,0,77.0,46667178.0,100,643,100.0,0.0,100,3,,,,,100.0,0.0,100.0,0.0,,,70.0,30.0,,,100.0,3.0,100.0,572.0,30.0,30.0,100.0,0.0,100.0,0.0,200,0,100.0,379.0,100.0,4702069904.0,100.0,4065527080.0
2018-01-22,ZCH0D3EA,ST12000NM0007,12000138625024,0,82.0,174515784.0,96.0,0.0,100.0,3.0,100,0,77.0,50450754.0,100,668,100.0,0.0,100,3,,,,,100.0,0.0,100.0,0.0,,,71.0,29.0,,,100.0,3.0,100.0,573.0,29.0,29.0,100.0,0.0,100.0,0.0,200,0,100.0,404.0,100.0,5046783608.0,100.0,4405161152.0
2018-01-23,ZCH0D3EA,ST12000NM0007,12000138625024,0,80.0,93648736.0,96.0,0.0,100.0,3.0,100,0,77.0,53975815.0,100,691,100.0,0.0,100,3,,,,,100.0,0.0,100.0,0.0,,,71.0,29.0,,,100.0,3.0,100.0,574.0,29.0,29.0,100.0,0.0,100.0,0.0,200,0,100.0,427.0,100.0,5375360936.0,100.0,4728139208.0
2018-01-24,ZCH0D3EA,ST12000NM0007,12000138625024,0,84.0,243115048.0,96.0,0.0,100.0,3.0,100,0,78.0,58884603.0,100,723,100.0,0.0,100,3,,,,,100.0,0.0,100.0,0.0,,,70.0,30.0,,,100.0,3.0,100.0,576.0,30.0,30.0,100.0,0.0,100.0,0.0,200,0,100.0,459.0,100.0,5826772864.0,100.0,5158615968.0
2018-01-25,ZCH0D3EA,ST12000NM0007,12000138625024,0,82.0,176414704.0,96.0,0.0,100.0,3.0,100,0,78.0,61312115.0,100,739,100.0,0.0,100,3,,,,,100.0,0.0,100.0,0.0,,,71.0,29.0,,,100.0,3.0,100.0,576.0,29.0,29.0,100.0,0.0,100.0,0.0,200,0,100.0,475.0,100.0,6033647712.0,100.0,5373322296.0
2018-01-26,ZCH0D3EA,ST12000NM0007,12000138625024,0,80.0,91438256.0,96.0,0.0,100.0,3.0,100,0,78.0,63451490.0,100,752,100.0,0.0,100,3,,,,,100.0,0.0,100.0,0.0,,,69.0,31.0,,,100.0,3.0,100.0,577.0,31.0,31.0,100.0,0.0,100.0,0.0,200,0,100.0,488.0,100.0,6232525512.0,100.0,5577750208.0
2018-01-27,ZCH0D3EA,ST12000NM0007,12000138625024,0,81.0,138286368.0,96.0,0.0,100.0,3.0,100,0,78.0,69141063.0,100,787,100.0,0.0,100,3,,,,,100.0,0.0,100.0,0.0,,,71.0,29.0,,,100.0,3.0,100.0,578.0,29.0,29.0,100.0,0.0,100.0,0.0,200,0,100.0,523.0,100.0,6752083848.0,100.0,6081603192.0
2018-01-28,ZCH0D3EA,ST12000NM0007,12000138625024,0,79.0,77454376.0,96.0,0.0,100.0,3.0,100,0,79.0,72955847.0,100,811,100.0,0.0,100,3,,,,,100.0,0.0,100.0,0.0,,,71.0,29.0,,,100.0,3.0,100.0,579.0,29.0,29.0,100.0,0.0,100.0,0.0,200,0,100.0,547.0,100.0,7101250008.0,100.0,6404027184.0
2018-01-29,ZCH0D3EA,ST12000NM0007,12000138625024,0,73.0,18520280.0,96.0,0.0,100.0,3.0,100,0,79.0,76889083.0,100,836,100.0,0.0,100,3,,,,,100.0,0.0,100.0,0.0,,,71.0,29.0,,,100.0,3.0,100.0,581.0,29.0,29.0,100.0,0.0,100.0,0.0,200,0,100.0,572.0,100.0,7431364376.0,100.0,6747400968.0
2018-01-30,ZCH0D3EA,ST12000NM0007,12000138625024,0,81.0,114267232.0,96.0,0.0,100.0,3.0,100,0,79.0,81895626.0,100,868,100.0,0.0,100,3,,,,,100.0,0.0,100.0,0.0,,,70.0,30.0,,,100.0,3.0,100.0,582.0,30.0,30.0,100.0,0.0,100.0,0.0,200,0,100.0,603.0,100.0,7855795528.0,100.0,7151139040.0
2018-01-31,ZCH0D3EA,ST12000NM0007,12000138625024,0,69.0,7834296.0,96.0,0.0,100.0,3.0,100.0,0.0,79.0,85720800.0,99.0,891.0,100.0,0.0,100.0,3.0,,,,,100.0,0.0,100.0,0.0,,,70.0,30.0,,,100.0,3.0,100.0,583.0,30.0,30.0,100.0,0.0,100.0,0.0,200.0,0.0,100.0,626.0,100.0,8188163304.0,100.0,7444761080.0
2018-02-01,ZCH0D3EA,ST12000NM0007,12000138625024,0,83.0,183656600.0,96.0,0.0,100.0,3.0,100,0,80.0,89627522.0,99,915,100.0,0.0,100,3,,,,,100.0,0.0,100.0,0.0,,,70.0,30.0,,,100.0,3.0,100.0,584.0,30.0,30.0,100.0,0.0,100.0,0.0,200,0,100.0,650.0,100.0,8527785392.0,100.0,7769242592.0
2018-02-02,ZCH0D3EA,ST12000NM0007,12000138625024,0,80.0,97244880.0,96.0,0.0,100.0,3.0,100,0,80.0,93499866.0,99,940,100.0,0.0,100,3,,,,,100.0,0.0,100.0,0.0,,,71.0,29.0,,,100.0,3.0,100.0,585.0,29.0,29.0,100.0,0.0,100.0,0.0,200,0,100.0,674.0,100.0,8868824720.0,100.0,8074213968.0
2018-02-03,ZCH0D3EA,ST12000NM0007,12000138625024,0,78.0,63336888.0,96.0,0.0,100.0,3.0,100,0,80.0,97485429.0,99,963,100.0,0.0,100,3,,,,,100.0,0.0,100.0,0.0,,,70.0,30.0,,,100.0,3.0,100.0,586.0,30.0,30.0,100.0,0.0,100.0,0.0,200,0,100.0,698.0,100.0,9233523792.0,100.0,8408029264.0
2018-02-04,ZCH0D3EA,ST12000NM0007,12000138625024,0,82.0,176680720.0,96.0,0.0,100.0,3.0,100,0,80.0,100844525.0,99,983,100.0,0.0,100,3,,,,,100.0,0.0,100.0,0.0,,,71.0,29.0,,,100.0,3.0,100.0,587.0,29.0,29.0,100.0,0.0,100.0,0.0,200,0,100.0,718.0,100.0,9537909424.0,100.0,8705269048.0
2018-02-05,ZCH0D3EA,ST12000NM0007,12000138625024,0,81.0,113779264.0,96.0,0.0,100.0,3.0,100,0,80.0,104692899.0,99,1008,100.0,0.0,100,3,,,,,100.0,0.0,100.0,0.0,,,70.0,30.0,,,100.0,3.0,100.0,588.0,30.0,30.0,100.0,0.0,100.0,0.0,200,0,100.0,742.0,100.0,9866326040.0,100.0,9046372992.0
2018-02-06,ZCH0D3EA,ST12000NM0007,12000138625024,0,81.0,120107424.0,96.0,0.0,100.0,3.0,100,0,80.0,108778340.0,99,1032,100.0,0.0,100,3,,,,,100.0,0.0,100.0,0.0,,,70.0,30.0,,,100.0,3.0,100.0,589.0,30.0,30.0,100.0,0.0,100.0,0.0,200,0,100.0,766.0,100.0,10235193552.0,100.0,9416256008.0
2018-02-07,ZCH0D3EA,ST12000NM0007,12000138625024,0,81.0,119497704.0,96.0,0.0,100.0,3.0,100,0,81.0,112946687.0,99,1056,100.0,0.0,100,3,,,,,100.0,0.0,100.0,0.0,,,69.0,31.0,,,100.0,4.0,100.0,590.0,31.0,31.0,100.0,0.0,100.0,0.0,200,0,100.0,791.0,100.0,10602893648.0,100.0,9780368224.0
2018-02-08,ZCH0D3EA,ST12000NM0007,12000138625024,0,81.0,139528472.0,96.0,0.0,100.0,3.0,100,0,81.0,117307442.0,99,1082,100.0,0.0,100,3,,,,,100.0,0.0,100.0,0.0,,,69.0,31.0,,,100.0,4.0,100.0,591.0,31.0,31.0,100.0,0.0,100.0,0.0,200,0,100.0,817.0,100.0,10971090000.0,100.0,10164625272.0
2018-02-09,ZCH0D3EA,ST12000NM0007,12000138625024,0,81,125670144,96,0,100,3,100,0,81,121290302,99,1105,100,0,100,3,,,,,100.0,0.0,100.0,0.0,,,69.0,31.0,,,100.0,4.0,100.0,592.0,31,31,100,0,100,0,200,0,100.0,839.0,100.0,11334025048.0,100.0,10520254160.0
2018-02-10,ZCH0D3EA,ST12000NM0007,12000138625024,0,76.0,43109064.0,96.0,0.0,100.0,3.0,100.0,0.0,81.0,125112874.0,99.0,1129.0,100.0,0.0,100.0,3.0,,,,,100.0,0.0,100.0,0.0,,,70.0,30.0,,,100.0,4.0,100.0,593.0,30.0,30.0,100.0,0.0,100.0,0.0,200.0,0.0,100.0,863.0,100.0,11653650472.0,100.0,10850489648.0
2018-02-11,ZCH0D3EA,ST12000NM0007,12000138625024,0,100,115048,96,0,100,3,100,0,81,129041584,99,1153,100,0,100,3,,,,,100.0,0.0,100.0,0.0,,,70.0,30.0,,,100.0,4.0,100.0,594.0,30,30,100,0,100,0,200,0,100.0,887.0,100.0,11998042120.0,100.0,11195525944.0
2018-02-12,ZCH0D3EA,ST12000NM0007,12000138625024,0,82,173369432,96,0,100,3,100,0,81,132899652,99,1177,100,0,100,3,,,,,100.0,0.0,100.0,0.0,,,69.0,31.0,,,100.0,4.0,100.0,595.0,31,31,100,0,100,0,200,0,100.0,911.0,100.0,12312882616.0,100.0,11542221368.0
2018-02-13,ZCH0D3EA,ST12000NM0007,12000138625024,0,82,156408312,96,0,100,3,100,0,81,136947354,99,1202,100,0,100,3,,,,,100.0,0.0,100.0,0.0,,,69.0,31.0,,,100.0,4.0,100.0,596.0,31,31,100,0,100,0,200,0,100.0,935.0,100.0,12628569216.0,100.0,11941996072.0
2018-02-14,ZCH0D3EA,ST12000NM0007,12000138625024,0,83,214879496,96,0,100,3,100,0,81,140341765,99,1226,100,0,100,3,,,,,100.0,0.0,100.0,0.0,,,69.0,31.0,,,100.0,4.0,100.0,597.0,31,31,100,0,100,0,200,0,100.0,959.0,100.0,12865366616.0,100.0,12251951616.0
2018-02-15,ZCH0D3EA,ST12000NM0007,12000138625024,0,82,146211328,96,0,100,3,100,0,82,144134822,99,1250,100,0,100,3,,,,,100.0,0.0,100.0,0.0,,,70.0,30.0,,,100.0,4.0,100.0,598.0,30,30,100,0,100,0,200,0,100.0,984.0,100.0,13165539800.0,100.0,12615532560.0
2018-02-16,ZCH0D3EA,ST12000NM0007,12000138625024,0,79,77272192,96,0,100,3,100,0,82,147841069,99,1273,100,0,100,3,,,,,100.0,0.0,100.0,0.0,,,71.0,29.0,,,100.0,4.0,100.0,599.0,29,29,100,0,100,0,200,0,100.0,1006.0,100.0,13461506168.0,100.0,12983049432.0
2018-02-17,ZCH0D3EA,ST12000NM0007,12000138625024,0,72,15740704,96,0,100,3,100,0,82,151690077,99,1297,100,0,100,3,,,,,100.0,0.0,100.0,0.0,,,70.0,30.0,,,100.0,4.0,100.0,600.0,30,30,100,0,100,0,200,0,100.0,1030.0,100.0,13738111272.0,100.0,13377335112.0
2018-02-18,ZCH0D3EA,ST12000NM0007,12000138625024,0,74,25664072,96,0,100,3,100,0,82,155724413,99,1322,100,0,100,3,,,,,100.0,0.0,100.0,0.0,,,70.0,30.0,,,100.0,4.0,100.0,601.0,30,30,100,0,100,0,200,0,100.0,1055.0,100.0,14070985416.0,100.0,13786806664.0
2018-02-19,ZCH0D3EA,ST12000NM0007,12000138625024,0,83,208157504,96,0,100,3,100,0,82,159614089,99,1346,100,0,100,3,,,,,100.0,0.0,100.0,0.0,,,70.0,30.0,,,100.0,4.0,100.0,602.0,30,30,100,0,100,0,200,0,100.0,1079.0,100.0,14366390432.0,100.0,14162177296.0
2018-02-20,ZCH0D3EA,ST12000NM0007,12000138625024,0,81,123676536,96,0,100,3,100,0,82,163376036,99,1370,100,0,100,3,,,,,100.0,0.0,100.0,0.0,,,70.0,30.0,,,100.0,4.0,100.0,603.0,30,30,100,0,100,0,200,0,100.0,1103.0,100.0,14644468616.0,100.0,14532040504.0
2018-02-21,ZCH0D3EA,ST12000NM0007,12000138625024,0,83,222815560,96,0,100,3,100,0,82,166899412,99,1393,100,0,100,3,,,,,100.0,0.0,100.0,0.0,,,70.0,30.0,,,100.0,4.0,100.0,604.0,30,30,100,0,100,0,200,0,100.0,1125.0,100.0,14904142288.0,100.0,14859787792.0
2018-02-22,ZCH0D3EA,ST12000NM0007,12000138625024,0,81,122368232,96,0,100,3,100,0,82,170664410,99,1417,100,0,100,3,,,,,100.0,0.0,100.0,0.0,,,70.0,30.0,,,100.0,4.0,100.0,605.0,30,30,100,0,100,0,200,0,100.0,1150.0,100.0,15176170936.0,100.0,15219734152.0
2018-02-23,ZCH0D3EA,ST12000NM0007,12000138625024,0,83,186150104,96,0,100,3,100,0,82,174201105,99,1442,100,0,100,3,,,,,100.0,0.0,100.0,0.0,,,70.0,30.0,,,100.0,4.0,100.0,606.0,30,30,100,0,100,0,200,0,100.0,1174.0,100.0,15437698752.0,100.0,15510270104.0
2018-02-24,ZCH0D3EA,ST12000NM0007,12000138625024,0,79,78377888,96,0,100,3,100,0,82,176828284,99,1466,100,0,100,3,,,,,100.0,0.0,100.0,0.0,,,71.0,29.0,,,100.0,4.0,100.0,607.0,29,29,100,0,100,0,200,0,100.0,1198.0,100.0,15559813216.0,100.0,15768664920.0
2018-02-25,ZCH0D3EA,ST12000NM0007,12000138625024,0,77,47912632,96,0,100,3,100,0,83,180049196,99,1489,100,0,100,3,,,,,100.0,0.0,100.0,0.0,,,70.0,30.0,,,100.0,5.0,100.0,608.0,30,30,100,0,100,0,200,0,100.0,1222.0,100.0,15759800488.0,100.0,16026493952.0
2018-02-26,ZCH0D3EA,ST12000NM0007,12000138625024,0,83,191190920,96,0,100,3,100,0,83,183869486,99,1514,100,0,100,3,,,,,100.0,0.0,100.0,0.0,,,71.0,29.0,,,100.0,5.0,100.0,609.0,29,29,100,0,100,0,200,0,100.0,1246.0,100.0,16073887784.0,100.0,16343966496.0
2018-02-27,ZCH0D3EA,ST12000NM0007,12000138625024,0,77,51870072,96,0,100,3,100,0,83,187349895,99,1536,100,0,100,3,,,,,100.0,0.0,100.0,0.0,,,70.0,30.0,,,100.0,5.0,100.0,610.0,30,30,100,0,100,0,200,0,100.0,1268.0,100.0,16368600144.0,100.0,16642355272.0
2018-02-28,ZCH0D3EA,ST12000NM0007,12000138625024,0,81,137588520,96,0,100,3,100,0,83,191063326,99,1560,100,0,100,3,,,,,100.0,0.0,100.0,0.0,,,71.0,29.0,,,100.0,5.0,100.0,611.0,29,29,100,0,100,0,200,0,100.0,1292.0,100.0,16643778504.0,100.0,16941176712.0
2018-03-01,ZCH0D3EA,ST12000NM0007,12000138625024,0,76,38966320,96,0,100,3,100,0,83,195027259,99,1587,100,0,100,3,,,,,100.0,0.0,100.0,0.0,,,71.0,29.0,,,100.0,5.0,100.0,612.0,29,29,100,0,100,0,200,0,100.0,1319.0,100.0,16954495664.0,100.0,17264259872.0
2018-03-02,ZCH0D3EA,ST12000NM0007,12000138625024,0,82,149246856,96,0,100,3,100,0,83,198720729,99,1611,100,0,100,3,,,,,100.0,0.0,100.0,0.0,,,71.0,29.0,,,100.0,5.0,100.0,613.0,29,29,100,0,100,0,200,0,100.0,1343.0,100.0,17266563296.0,100.0,17550754296.0
2018-03-03,ZCH0D3EA,ST12000NM0007,12000138625024,0,83,218369864,96,0,100,3,100,0,83,202356730,99,1635,100,0,100,3,,,,,100.0,0.0,100.0,0.0,,,70.0,30.0,,,100.0,5.0,100.0,614.0,30,30,100,0,100,0,200,0,100.0,1367.0,100.0,17540884040.0,100.0,17833838368.0
2018-03-04,ZCH0D3EA,ST12000NM0007,12000138625024,0,69,8734384,96,0,100,3,100,0,83,205812976,99,1659,100,0,100,3,,,,,100.0,0.0,100.0,0.0,,,70.0,30.0,,,100.0,5.0,100.0,615.0,30,30,100,0,100,0,200,0,100.0,1391.0,100.0,17783071960.0,100.0,18114437744.0
2018-03-05,ZCH0D3EA,ST12000NM0007,12000138625024,0,82,158850896,96,0,100,3,100,0,83,209569282,99,1683,100,0,100,3,,,,,100.0,0.0,100.0,0.0,,,71.0,29.0,,,100.0,5.0,100.0,616.0,29,29,100,0,100,0,200,0,100.0,1415.0,100.0,18096909352.0,100.0,18438998432.0
2018-03-06,ZCH0D3EA,ST12000NM0007,12000138625024,0,82,145773112,96,0,100,3,100,0,83,212621566,99,1702,100,0,100,3,,,,,100.0,0.0,100.0,0.0,,,70.0,30.0,,,100.0,5.0,100.0,617.0,30,30,100,0,100,0,200,0,100.0,1434.0,100.0,18300864160.0,100.0,18710247568.0
2018-03-07,ZCH0D3EA,ST12000NM0007,12000138625024,0,83.0,182991392.0,96.0,0.0,100.0,3.0,100.0,0.0,83.0,216016524.0,99.0,1725.0,100.0,0.0,100.0,3.0,,,,,100.0,0.0,100.0,0.0,,,71.0,29.0,,,100.0,5.0,100.0,618.0,29.0,29.0,100.0,0.0,100.0,0.0,200.0,0.0,100.0,1457.0,100.0,18553404432.0,100.0,18983207152.0
2018-03-08,ZCH0D3EA,ST12000NM0007,12000138625024,0,82,150224288,96,0,100,3,100,0,83,220514231,98,1756,100,0,100,3,,,,,100.0,0.0,100.0,0.0,,,70.0,30.0,,,100.0,5.0,100.0,619.0,30,30,100,0,100,0,200,0,100.0,1487.0,100.0,18881825000.0,100.0,19354442032.0
2018-03-09,ZCH0D3EA,ST12000NM0007,12000138625024,0,82,141279384,96,0,100,3,100,0,83,223840932,98,1778,100,0,100,3,,,,,100.0,0.0,100.0,0.0,,,71.0,29.0,,,100.0,5.0,100.0,620.0,29,29,100,0,100,0,200,0,100.0,1509.0,100.0,19095695080.0,100.0,19619908600.0
2018-03-10,ZCH0D3EA,ST12000NM0007,12000138625024,0,82,148491872,96,0,100,3,100,0,84,227424722,98,1803,100,0,100,3,,,,,100.0,0.0,100.0,0.0,,,71.0,29.0,,,100.0,5.0,100.0,621.0,29,29,100,0,100,0,200,0,100.0,1534.0,100.0,19317760432.0,100.0,19893337096.0
2018-03-11,ZCH0D3EA,ST12000NM0007,12000138625024,0,82,170452536,96,0,100,3,100,0,84,230877804,98,1827,100,0,100,3,,,,,100.0,0.0,100.0,0.0,,,71.0,29.0,,,100.0,5.0,100.0,622.0,29,29,100,0,100,0,200,0,100.0,1558.0,100.0,19533986544.0,100.0,20187352952.0
2018-03-12,ZCH0D3EA,ST12000NM0007,12000138625024,0,80,109286976,96,0,100,3,100,0,84,234011648,98,1851,100,0,100,3,,,,,100.0,0.0,100.0,0.0,,,70.0,30.0,,,100.0,5.0,100.0,623.0,30,30,100,0,100,0,200,0,100.0,1581.0,100.0,19712578688.0,100.0,20435876720.0
2018-03-13,ZCH0D3EA,ST12000NM0007,12000138625024,0,82,169499888,96,0,100,3,100,0,84,237642730,98,1876,100,0,100,3,,,,,100.0,0.0,100.0,0.0,,,70.0,30.0,,,100.0,5.0,100.0,624.0,30,30,100,0,100,0,200,0,100.0,1606.0,100.0,19986515232.0,100.0,20710434672.0
2018-03-14,ZCH0D3EA,ST12000NM0007,12000138625024,0,82,147561488,96,0,100,3,100,0,84,240795915,98,1898,100,0,100,3,,,,,100.0,0.0,100.0,0.0,,,71.0,29.0,,,100.0,5.0,100.0,625.0,29,29,100,0,100,0,200,0,100.0,1629.0,100.0,20215493632.0,100.0,20947799376.0
2018-03-15,ZCH0D3EA,ST12000NM0007,12000138625024,0,82,164150224,96,0,100,3,100,0,84,244295984,98,1922,100,0,100,3,,,,,100.0,0.0,100.0,0.0,,,70.0,30.0,,,100.0,5.0,100.0,626.0,30,30,100,0,100,0,200,0,100.0,1653.0,100.0,20461528880.0,100.0,21206634432.0
2018-03-16,ZCH0D3EA,ST12000NM0007,12000138625024,0,82.0,166082096.0,96.0,0.0,100.0,3.0,100.0,0.0,84.0,247836663.0,98.0,1948.0,100.0,0.0,100.0,3.0,,,,,100.0,0.0,100.0,0.0,,,70.0,30.0,,,100.0,6.0,100.0,627.0,30.0,30.0,100.0,0.0,100.0,0.0,200.0,0.0,100.0,1678.0,100.0,20700963264.0,100.0,21457413584.0
2018-03-17,ZCH0D3EA,ST12000NM0007,12000138625024,0,80,101984720,96,0,100,3,100,0,84,250968849,98,1971,100,0,100,3,,,,,100.0,0.0,100.0,0.0,,,70.0,30.0,,,100.0,7.0,100.0,628.0,30,30,100,0,100,0,200,0,100.0,1701.0,100.0,20890202672.0,100.0,21692358344.0
2018-03-18,ZCH0D3EA,ST12000NM0007,12000138625024,0,77,47800968,96,0,100,3,100,0,84,254383171,98,1996,100,0,100,3,,,,,100.0,0.0,100.0,0.0,,,70.0,30.0,,,100.0,7.0,100.0,629.0,30,30,100,0,100,0,200,0,100.0,1726.0,100.0,21089828328.0,100.0,21926830488.0
2018-03-19,ZCH0D3EA,ST12000NM0007,12000138625024,0,76,41173288,96,0,100,3,100,0,84,257726310,98,2019,100,0,100,3,,,,,100.0,0.0,100.0,0.0,,,71.0,29.0,,,100.0,7.0,100.0,630.0,29,29,100,0,100,0,200,0,100.0,1749.0,100.0,21326747648.0,100.0,22171565440.0
2018-03-20,ZCH0D3EA,ST12000NM0007,12000138625024,0,80,94197552,96,0,100,3,100,0,84,261219333,98,2042,100,0,100,3,,,,,100.0,0.0,100.0,0.0,,,71.0,29.0,,,100.0,7.0,100.0,631.0,29,29,100,0,100,0,200,0,100.0,1772.0,100.0,21583899920.0,100.0,22455718696.0
2018-03-21,ZCH0D3EA,ST12000NM0007,12000138625024,0,82,144063744,96,0,100,3,100,0,84,264973479,98,2066,100,0,100,3,,,,,100.0,0.0,100.0,0.0,,,71.0,29.0,,,100.0,7.0,100.0,632.0,29,29,100,0,100,0,200,0,100.0,1796.0,100.0,21843932336.0,100.0,22733834704.0
2018-03-22,ZCH0D3EA,ST12000NM0007,12000138625024,0,83,182097752,96,0,100,3,100,0,84,268612355,98,2092,100,0,100,3,,,,,100.0,0.0,100.0,0.0,,,71.0,29.0,,,100.0,7.0,100.0,633.0,29,29,100,0,100,0,200,0,100.0,1821.0,100.0,22105490400.0,100.0,22998592000.0
2018-03-23,ZCH0D3EA,ST12000NM0007,12000138625024,0,81,132501176,96,0,100,3,100,0,84,271825313,98,2115,100,0,100,3,,,,,100.0,0.0,100.0,0.0,,,70.0,30.0,,,100.0,7.0,100.0,634.0,30,30,100,0,100,0,200,0,100.0,1844.0,100.0,22297036456.0,100.0,23245730880.0
2018-03-24,ZCH0D3EA,ST12000NM0007,12000138625024,0,81,124944144,96,0,100,3,100,0,84,275131576,98,2139,100,0,100,3,,,,,100.0,0.0,100.0,0.0,,,71.0,29.0,,,100.0,7.0,100.0,635.0,29,29,100,0,100,0,200,0,100.0,1868.0,100.0,22503735128.0,100.0,23519756896.0
2018-03-25,ZCH0D3EA,ST12000NM0007,12000138625024,0,70,9347016,96,0,100,3,100,0,84,278059883,98,2163,100,0,100,3,,,,,100.0,0.0,100.0,0.0,,,70.0,30.0,,,100.0,8.0,100.0,636.0,30,30,100,0,100,0,200,0,100.0,1893.0,100.0,22668576736.0,100.0,23727599624.0
2018-03-26,ZCH0D3EA,ST12000NM0007,12000138625024,0,83,218561336,96,0,100,3,100,0,84,281343274,98,2187,100,0,100,3,,,,,100.0,0.0,100.0,0.0,,,70.0,30.0,,,100.0,8.0,100.0,637.0,30,30,100,0,100,0,200,0,100.0,1916.0,100.0,22893517856.0,100.0,23956013808.0
2018-03-27,ZCH0D3EA,ST12000NM0007,12000138625024,0,84,229676352,96,0,100,3,100,0,85,284746103,98,2211,100,0,100,3,,,,,100.0,0.0,100.0,0.0,,,70.0,30.0,,,100.0,8.0,100.0,638.0,30,30,100,0,100,0,200,0,100.0,1940.0,100.0,23120890312.0,100.0,24228037904.0
2018-03-28,ZCH0D3EA,ST12000NM0007,12000138625024,0,79,84489370,95,0,100,4,100,0,85,287226401,98,2230,100,0,100,3,,,,,100.0,0.0,100.0,0.0,,,73.0,27.0,,,100.0,8.0,100.0,642.0,27,27,100,0,100,0,200,0,100.0,1959.0,100.0,23272102248.0,100.0,24419920370.0
2018-03-29,ZCH0D3EA,ST12000NM0007,12000138625024,0,78,67373424,95,0,100,4,100,0,85,290811308,98,2258,100,0,100,3,,,,,100.0,0.0,100.0,0.0,,,72.0,28.0,,,100.0,8.0,100.0,643.0,28,28,100,0,100,0,200,0,100.0,1987.0,100.0,23488824792.0,100.0,24674363450.0
2018-03-30,ZCH0D3EA,ST12000NM0007,12000138625024,0,78,66950584,95,0,100,4,100,0,85,294447705,98,2284,100,0,100,3,,,,,100.0,0.0,100.0,0.0,,,71.0,29.0,,,100.0,8.0,100.0,644.0,29,29,100,0,100,0,200,0,100.0,2012.0,100.0,23711566728.0,100.0,24939480114.0
2018-03-31,ZCH0D3EA,ST12000NM0007,12000138625024,0,78,64170928,95,0,100,4,100,0,85,297946344,98,2308,100,0,100,3,,,,,100.0,0.0,100.0,0.0,,,70.0,30.0,,,100.0,8.0,100.0,645.0,30,30,100,0,100,0,200,0,100.0,2036.0,100.0,23935360424.0,100.0,25201188282.0
2018-04-01,ZCH0D3EA,ST12000NM0007,12000138625024,0,81,119277040,95,0,100,4,100,0,85,301734198,98,2332,100,0,100,3,,,,,100.0,0.0,100.0,0.0,,,70.0,30.0,,,100.0,8.0,100.0,646.0,30,30,100,0,100,0,200,0,100.0,2060.0,100.0,24188750392.0,100.0,25491186202.0
2018-04-02,ZCH0D3EA,ST12000NM0007,12000138625024,0,82,175120024,95,0,100,4,100,0,85,305577523,98,2356,100,0,100,3,,,,,100.0,0.0,100.0,0.0,,,70.0,30.0,,,100.0,8.0,100.0,647.0,30,30,100,0,100,0,200,0,100.0,2084.0,100.0,24447543112.0,100.0,25776518010.0
2018-04-03,ZCH0D3EA,ST12000NM0007,12000138625024,0,83,185436608,95,0,100,4,100,0,85,309323062,98,2380,100,0,100,3,,,,,100.0,0.0,100.0,0.0,,,71.0,29.0,,,100.0,8.0,100.0,648.0,29,29,100,0,100,0,200,0,100.0,2108.0,100.0,24663531488.0,100.0,26059127850.0
2018-04-04,ZCH0D3EA,ST12000NM0007,12000138625024,0,83,187608512,95,0,100,4,100,0,85,313362332,98,2405,100,0,100,3,,,,,100.0,0.0,100.0,0.0,,,70.0,30.0,,,100.0,8.0,100.0,649.0,30,30,100,0,100,0,200,0,100.0,2133.0,100.0,24878672752.0,100.0,26334440034.0
2018-04-05,ZCH0D3EA,ST12000NM0007,12000138625024,0,82,157775928,95,0,100,4,100,0,85,316985874,98,2429,100,0,100,3,,,,,100.0,0.0,100.0,0.0,,,71.0,29.0,,,100.0,8.0,100.0,650.0,29,29,100,0,100,0,200,0,100.0,2157.0,100.0,25100061440.0,100.0,26571500378.0
2018-04-06,ZCH0D3EA,ST12000NM0007,12000138625024,0,81,124309376,95,0,100,4,100,0,85,320511386,98,2452,100,0,100,3,,,,,100.0,0.0,100.0,0.0,,,70.0,30.0,,,100.0,8.0,100.0,651.0,30,30,100,0,100,0,200,0,100.0,2180.0,100.0,25319829040.0,100.0,26806547834.0
2018-04-07,ZCH0D3EA,ST12000NM0007,12000138625024,0,78.0,68316640.0,95.0,0.0,100.0,4.0,100.0,0.0,85.0,324099943.0,98.0,2476.0,100.0,0.0,100.0,3.0,,,,,100.0,0.0,100.0,0.0,,,70.0,30.0,,,100.0,8.0,100.0,652.0,30.0,30.0,100.0,0.0,100.0,0.0,200.0,0.0,100.0,2203.0,100.0,25534838272.0,100.0,27023827290.0
2018-04-08,ZCH0D3EA,ST12000NM0007,12000138625024,0,75,34704928,95,0,100,4,100,0,85,327839291,98,2501,100,0,100,3,,,,,100.0,0.0,100.0,0.0,,,71.0,29.0,,,100.0,8.0,100.0,653.0,29,29,100,0,100,0,200,0,100.0,2229.0,100.0,25721153832.0,100.0,27292181290.0
2018-04-09,ZCH0D3EA,ST12000NM0007,12000138625024,0,83,219885960,95,0,100,4,100,0,85,331226024,98,2525,100,0,100,3,,,,,100.0,0.0,100.0,0.0,,,70.0,30.0,,,100.0,8.0,100.0,654.0,30,30,100,0,100,0,200,0,100.0,2252.0,100.0,25912057352.0,100.0,27530599474.0
2018-04-10,ZCH0D3EA,ST12000NM0007,12000138625024,0,84,241881784,95,0,100,4,100,0,85,335021903,98,2549,100,0,100,3,,,,,100.0,0.0,100.0,0.0,,,71.0,29.0,,,100.0,8.0,100.0,655.0,29,29,100,0,100,0,200,0,100.0,2276.0,100.0,26128574864.0,100.0,27824359450.0
2018-04-11,ZCH0D3EA,ST12000NM0007,12000138625024,0,82,159147520,95,0,100,4,100,0,85,338316479,98,2573,100,0,100,3,,,,,100.0,0.0,100.0,0.0,,,71.0,29.0,,,100.0,8.0,100.0,656.0,29,29,100,0,100,0,200,0,100.0,2300.0,100.0,26313414960.0,100.0,28045066754.0
2018-04-12,ZCH0D3EA,ST12000NM0007,12000138625024,0,83,210892192,95,0,100,4,100,0,85,340742418,98,2595,100,0,100,3,,,,,100.0,0.0,100.0,0.0,,,71.0,29.0,,,100.0,8.0,100.0,659.0,29,29,100,0,100,0,200,0,100.0,2322.0,100.0,26400453136.0,100.0,28253914098.0
2018-04-13,ZCH0D3EA,ST12000NM0007,12000138625024,0,81,117376896,95,0,100,4,100,0,85,343921841,98,2619,100,0,100,3,,,,,100.0,0.0,100.0,0.0,,,71.0,29.0,,,100.0,8.0,100.0,660.0,29,29,100,0,100,0,200,0,100.0,2345.0,100.0,26577955112.0,100.0,28471178154.0
2018-04-14,ZCH0D3EA,ST12000NM0007,12000138625024,0,84,233748320,95,0,100,4,100,0,85,346971498,97,2641,100,0,100,3,,,,,100.0,0.0,100.0,0.0,,,71.0,29.0,,,100.0,8.0,100.0,661.0,29,29,100,0,100,0,200,0,100.0,2368.0,100.0,26742798104.0,100.0,28666847386.0
2018-04-15,ZCH0D3EA,ST12000NM0007,12000138625024,0,83,185402264,95,0,100,4,100,0,85,350423370,97,2666,100,0,100,3,,,,,100.0,0.0,100.0,0.0,,,70.0,30.0,,,100.0,8.0,100.0,662.0,30,30,100,0,100,0,200,0,100.0,2392.0,100.0,26957695272.0,100.0,28891885626.0
2018-04-16,ZCH0D3EA,ST12000NM0007,12000138625024,0,83,193853568,95,0,100,4,100,0,85,354113320,97,2691,100,0,100,3,,,,,100.0,0.0,100.0,0.0,,,70.0,30.0,,,100.0,9.0,100.0,663.0,30,30,100,0,100,0,200,0,100.0,2417.0,100.0,27193372592.0,100.0,29152941218.0
2018-04-17,ZCH0D3EA,ST12000NM0007,12000138625024,0,83,187885152,95,0,100,4,100,0,86,358036548,97,2715,100,0,100,3,,,,,100.0,0.0,100.0,0.0,,,71.0,29.0,,,100.0,9.0,100.0,664.0,29,29,100,0,100,0,200,0,100.0,2441.0,100.0,27378409472.0,100.0,29450217666.0
2018-04-18,ZCH0D3EA,ST12000NM0007,12000138625024,0,77,49982304,95,0,100,4,100,0,86,360951856,97,2739,100,0,100,3,,,,,100.0,0.0,100.0,0.0,,,71.0,29.0,,,100.0,9.0,100.0,665.0,29,29,100,0,100,0,200,0,100.0,2465.0,100.0,27523767600.0,100.0,29655238490.0
2018-04-19,ZCH0D3EA,ST12000NM0007,12000138625024,0,82,167402872,95,0,100,4,100,0,86,363969016,97,2762,100,0,100,3,,,,,100.0,0.0,100.0,0.0,,,71.0,29.0,,,100.0,10.0,100.0,666.0,29,29,100,0,100,0,200,0,100.0,2487.0,100.0,27692154064.0,100.0,29848413410.0
2018-04-20,ZCH0D3EA,ST12000NM0007,12000138625024,0,84,234635600,95,0,100,4,100,0,86,366721836,97,2787,100,0,100,3,,,,,100.0,0.0,100.0,0.0,,,72.0,28.0,,,100.0,11.0,100.0,667.0,28,28,100,0,100,0,200,0,100.0,2513.0,100.0,27805621936.0,100.0,30046319266.0
2018-04-21,ZCH0D3EA,ST12000NM0007,12000138625024,0,76,38352344,95,0,100,4,100,0,86,369236211,97,2810,100,0,100,3,,,,,100.0,0.0,100.0,0.0,,,70.0,30.0,,,100.0,11.0,100.0,668.0,30,30,100,0,100,0,200,0,100.0,2536.0,100.0,27896897448.0,100.0,30247041866.0
2018-04-22,ZCH0D3EA,ST12000NM0007,12000138625024,0,83,200440016,95,0,100,4,100,0,86,372608519,97,2835,100,0,100,3,,,,,100.0,0.0,100.0,0.0,,,71.0,29.0,,,100.0,11.0,100.0,669.0,29,29,100,0,100,0,200,0,100.0,2561.0,100.0,28082283144.0,100.0,30467884698.0
2018-04-23,ZCH0D3EA,ST12000NM0007,12000138625024,0,80,97643904,95,0,100,4,100,0,86,375645272,97,2858,100,0,100,3,,,,,100.0,0.0,100.0,0.0,,,70.0,30.0,,,100.0,11.0,100.0,670.0,30,30,100,0,100,0,200,0,100.0,2584.0,100.0,28239385688.0,100.0,30696267682.0
2018-04-24,ZCH0D3EA,ST12000NM0007,12000138625024,0,76,36348688,95,0,100,4,100,0,86,379023696,97,2883,100,0,100,3,,,,,100.0,0.0,100.0,0.0,,,70.0,30.0,,,100.0,11.0,100.0,671.0,30,30,100,0,100,0,200,0,100.0,2609.0,100.0,28412441824.0,100.0,30950197914.0
2018-04-25,ZCH0D3EA,ST12000NM0007,12000138625024,0,82,173722512,95,0,100,4,100,0,86,382241761,97,2907,100,0,100,3,,,,,100.0,0.0,100.0,0.0,,,70.0,30.0,,,100.0,11.0,100.0,672.0,30,30,100,0,100,0,200,0,100.0,2632.0,100.0,28597083168.0,100.0,31147071370.0
2018-04-26,ZCH0D3EA,ST12000NM0007,12000138625024,0,82,153896168,95,0,100,4,100,0,86,386030866,97,2934,100,0,100,3,,,,,100.0,0.0,100.0,0.0,,,70.0,30.0,,,100.0,11.0,100.0,674.0,30,30,100,0,100,0,200,0,100.0,2659.0,100.0,28812911912.0,100.0,31399697914.0
2018-04-27,ZCH0D3EA,ST12000NM0007,12000138625024,0,66,4044304,95,0,100,4,100,0,86,389006907,97,2957,100,0,100,3,,,,,100.0,0.0,100.0,0.0,,,71.0,29.0,,,100.0,12.0,100.0,675.0,29,29,100,0,100,0,200,0,100.0,2681.0,100.0,28950063208.0,100.0,31600976162.0
2018-04-28,ZCH0D3EA,ST12000NM0007,12000138625024,0,82,145514800,95,0,100,4,100,0,86,392372692,97,2982,100,0,100,3,,,,,100.0,0.0,100.0,0.0,,,71.0,29.0,,,100.0,12.0,100.0,676.0,29,29,100,0,100,0,200,0,100.0,2706.0,100.0,29112196328.0,100.0,31824454442.0
2018-04-29,ZCH0D3EA,ST12000NM0007,12000138625024,0,84,235531480,95,0,100,4,100,0,86,395202919,97,3005,100,0,100,3,,,,,100.0,0.0,100.0,0.0,,,71.0,29.0,,,100.0,12.0,100.0,677.0,29,29,100,0,100,0,200,0,100.0,2730.0,100.0,29230721168.0,100.0,32040086994.0
2018-04-30,ZCH0D3EA,ST12000NM0007,12000138625024,0,75,30585032,95,0,100,4,100,0,86,398037705,97,3030,100,0,100,3,,,,,100.0,0.0,100.0,0.0,,,70.0,30.0,,,100.0,12.0,100.0,678.0,30,30,100,0,100,0,200,0,100.0,2754.0,100.0,29350079296.0,100.0,32204064058.0
2018-05-01,ZCH0D3EA,ST12000NM0007,12000138625024,0,83,194603112,95,0,100,4,100,0,86,401716505,97,3054,100,0,100,3,,,,,100.0,0.0,100.0,0.0,,,70.0,30.0,,,100.0,12.0,100.0,679.0,30,30,100,0,100,0,200,0,100.0,2778.0,100.0,29482919328.0,100.0,32479382866.0
2018-05-02,ZCH0D3EA,ST12000NM0007,12000138625024,0,75.0,35438864.0,95.0,0.0,100.0,4.0,100.0,0.0,86.0,404549194.0,97.0,3077.0,100.0,0.0,100.0,3.0,,,,,100.0,0.0,100.0,0.0,,,70.0,30.0,,,100.0,12.0,100.0,680.0,30.0,30.0,100.0,0.0,100.0,0.0,200.0,0.0,100.0,2802.0,100.0,29605500000.0,100.0,32685919266.0
2018-05-03,ZCH0D3EA,ST12000NM0007,12000138625024,0,80,102772536,95,0,100,4,100,0,86,407230918,97,3098,100,0,100,3,,,,,100.0,0.0,100.0,0.0,,,69.0,31.0,,,100.0,12.0,100.0,681.0,31,31,100,0,100,0,200,0,100.0,2822.0,100.0,29736310368.0,100.0,32866583474.0
2018-05-04,ZCH0D3EA,ST12000NM0007,12000138625024,0,100,1784744,95,0,100,4,100,0,86,410556832,97,3123,100,0,100,3,,,,,100.0,0.0,100.0,0.0,,,70.0,30.0,,,100.0,13.0,100.0,682.0,30,30,100,0,100,0,200,0,100.0,2847.0,100.0,29895238136.0,100.0,33094949346.0
2018-05-05,ZCH0D3EA,ST12000NM0007,12000138625024,0,81,118245008,95,0,100,4,100,0,86,413620197,97,3147,100,0,100,3,,,,,100.0,0.0,100.0,0.0,,,71.0,29.0,,,100.0,13.0,100.0,683.0,29,29,100,0,100,0,200,0,100.0,2871.0,100.0,30047725304.0,100.0,33303063242.0
2018-05-06,ZCH0D3EA,ST12000NM0007,12000138625024,0,83,179019704,95,0,100,4,100,0,86,416416099,97,3171,100,0,100,3,,,,,100.0,0.0,100.0,0.0,,,70.0,30.0,,,100.0,14.0,100.0,684.0,30,30,100,0,100,0,200,0,100.0,2894.0,100.0,30182329784.0,100.0,33473374282.0
2018-05-07,ZCH0D3EA,ST12000NM0007,12000138625024,0,84,226999400,95,0,100,4,100,0,86,419050065,97,3195,100,0,100,3,,,,,100.0,0.0,100.0,0.0,,,70.0,30.0,,,100.0,14.0,100.0,685.0,30,30,100,0,100,0,200,0,100.0,2919.0,100.0,30290726968.0,100.0,33657097514.0
2018-05-08,ZCH0D3EA,ST12000NM0007,12000138625024,0,79,76300168,95,0,100,4,100,0,86,422153623,97,3219,100,0,100,3,,,,,100.0,0.0,100.0,0.0,,,70.0,30.0,,,100.0,14.0,100.0,686.0,30,30,100,0,100,0,200,0,100.0,2943.0,100.0,30434839208.0,100.0,33850567418.0
2018-05-09,ZCH0D3EA,ST12000NM0007,12000138625024,0,82,171862296,95,0,100,4,100,0,86,425223703,97,3243,100,0,100,3,,,,,100.0,0.0,100.0,0.0,,,70.0,30.0,,,100.0,14.0,100.0,687.0,30,30,100,0,100,0,200,0,100.0,2966.0,100.0,30564568768.0,100.0,34060540866.0
2018-05-10,ZCH0D3EA,ST12000NM0007,12000138625024,0,73,18467320,95,0,100,4,100,0,86,428390368,97,3268,100,0,100,3,,,,,100.0,0.0,100.0,0.0,,,70.0,30.0,,,100.0,15.0,100.0,689.0,30,30,100,0,100,0,200,0,100.0,2991.0,100.0,30694489960.0,100.0,34265506466.0
2018-05-11,ZCH0D3EA,ST12000NM0007,12000138625024,0,79,88547120,95,0,100,4,100,0,86,431185849,97,3291,100,0,100,3,,,,,100.0,0.0,100.0,0.0,,,70.0,30.0,,,100.0,16.0,100.0,690.0,30,30,100,0,100,0,200,0,100.0,3015.0,100.0,30795185176.0,100.0,34479031746.0
2018-05-12,ZCH0D3EA,ST12000NM0007,12000138625024,0,81,127608872,95,0,100,4,100,0,86,433869091,97,3315,100,0,100,3,,,,,100.0,0.0,100.0,0.0,,,71.0,29.0,,,100.0,17.0,100.0,691.0,29,29,100,0,100,0,200,0,100.0,3037.0,100.0,30907498368.0,100.0,34649920946.0
2018-05-13,ZCH0D3EA,ST12000NM0007,12000138625024,0,83,223769520,95,0,100,4,100,0,86,437425286,97,3340,100,0,100,3,,,,,100.0,0.0,100.0,0.0,,,71.0,29.0,,,100.0,17.0,100.0,692.0,29,29,100,0,100,0,200,0,100.0,3062.0,100.0,31023621840.0,100.0,34874098930.0
2018-05-14,ZCH0D3EA,ST12000NM0007,12000138625024,0,77,54380384,95,0,100,4,100,0,86,440325090,97,3364,100,0,100,3,,,,,100.0,0.0,100.0,0.0,,,70.0,30.0,,,100.0,17.0,100.0,693.0,30,30,100,0,100,0,200,0,100.0,3086.0,100.0,31133837312.0,100.0,35082775738.0
2018-05-15,ZCH0D3EA,ST12000NM0007,12000138625024,0,82.0,149472280.0,95.0,0.0,100.0,4.0,100.0,0.0,86.0,443168316.0,97.0,3387.0,100.0,0.0,100.0,3.0,,,,,100.0,0.0,100.0,0.0,,,70.0,30.0,,,100.0,17.0,100.0,694.0,30.0,30.0,100.0,0.0,100.0,0.0,200.0,0.0,100.0,3109.0,100.0,31244277896.0,100.0,35311567786.0
2018-05-16,ZCH0D3EA,ST12000NM0007,12000138625024,0,70,10929488,95,0,100,4,100,0,86,446138481,97,3412,100,0,100,3,,,,,100.0,0.0,100.0,0.0,,,71.0,29.0,,,100.0,17.0,100.0,695.0,29,29,100,0,100,0,200,0,100.0,3134.0,100.0,31366783352.0,100.0,35538800914.0
2018-05-17,ZCH0D3EA,ST12000NM0007,12000138625024,0,75,30351368,95,0,100,4,100,0,87,448546308,97,3434,100,0,100,3,,,,,100.0,0.0,100.0,0.0,,,71.0,29.0,,,100.0,17.0,100.0,697.0,29,29,100,0,100,0,200,0,100.0,3156.0,100.0,31444913624.0,100.0,35724233154.0
2018-05-18,ZCH0D3EA,ST12000NM0007,12000138625024,0,79,83949264,95,0,100,4,100,0,87,451341917,97,3459,100,0,100,3,,,,,100.0,0.0,100.0,0.0,,,71.0,29.0,,,100.0,17.0,100.0,698.0,29,29,100,0,100,0,200,0,100.0,3181.0,100.0,31546472632.0,100.0,35920413170.0
2018-05-19,ZCH0D3EA,ST12000NM0007,12000138625024,0,80,99531984,95,0,100,4,100,0,87,453973916,97,3483,100,0,100,3,,,,,100.0,0.0,100.0,0.0,,,71.0,29.0,,,100.0,17.0,100.0,699.0,29,29,100,0,100,0,200,0,100.0,3204.0,100.0,31654404568.0,100.0,36072204818.0
2018-05-20,ZCH0D3EA,ST12000NM0007,12000138625024,0,82,145273272,95,0,100,4,100,0,87,456692537,96,3507,100,0,100,3,,,,,100.0,0.0,100.0,0.0,,,71.0,29.0,,,100.0,18.0,100.0,700.0,29,29,100,0,100,0,200,0,100.0,3228.0,100.0,31758813400.0,100.0,36257678074.0
2018-05-21,ZCH0D3EA,ST12000NM0007,12000138625024,0,82,162967768,95,0,100,4,100,0,87,459220281,96,3531,100,0,100,3,,,,,100.0,0.0,100.0,0.0,,,71.0,29.0,,,100.0,19.0,100.0,701.0,29,29,100,0,100,0,200,0,100.0,3252.0,100.0,31854007224.0,100.0,36424319410.0
2018-05-22,ZCH0D3EA,ST12000NM0007,12000138625024,0,84,238983944,95,0,100,4,100,0,87,462431143,96,3555,100,0,100,3,,,,,100.0,0.0,100.0,0.0,,,71.0,29.0,,,100.0,19.0,100.0,702.0,29,29,100,0,100,0,200,0,100.0,3276.0,100.0,31961017144.0,100.0,36637466298.0
2018-05-23,ZCH0D3EA,ST12000NM0007,12000138625024,0,69,7845216,95,0,100,4,100,0,87,464943103,96,3579,100,0,100,3,,,,,100.0,0.0,100.0,0.0,,,70.0,30.0,,,100.0,20.0,100.0,703.0,30,30,100,0,100,0,200,0,100.0,3299.0,100.0,32057266496.0,100.0,36798359818.0
2018-05-24,ZCH0D3EA,ST12000NM0007,12000138625024,0,78,69450040,95,0,100,4,100,0,87,467816806,96,3603,100,0,100,3,,,,,100.0,0.0,100.0,0.0,,,70.0,30.0,,,100.0,21.0,100.0,704.0,30,30,100,0,100,0,200,0,100.0,3324.0,100.0,32164637536.0,100.0,36996734394.0
2018-05-25,ZCH0D3EA,ST12000NM0007,12000138625024,0,82,164470656,95,0,100,4,100,0,87,470783721,96,3629,100,0,100,3,,,,,100.0,0.0,100.0,0.0,,,71.0,29.0,,,100.0,21.0,100.0,706.0,29,29,100,0,100,0,200,0,100.0,3349.0,100.0,32282354944.0,100.0,37218178314.0
2018-05-26,ZCH0D3EA,ST12000NM0007,12000138625024,0,83,195162424,95,0,100,4,100,0,87,473408982,96,3653,100,0,100,3,,,,,100.0,0.0,100.0,0.0,,,71.0,29.0,,,100.0,21.0,100.0,707.0,29,29,100,0,100,0,200,0,100.0,3373.0,100.0,32368896416.0,100.0,37406469274.0
2018-05-27,ZCH0D3EA,ST12000NM0007,12000138625024,0,82,142301256,95,0,100,4,100,0,87,475214802,96,3670,100,0,100,3,,,,,100.0,0.0,100.0,0.0,,,71.0,29.0,,,100.0,22.0,100.0,708.0,29,29,100,0,100,0,200,0,100.0,3390.0,100.0,32445350896.0,100.0,37521294274.0
2018-05-28,ZCH0D3EA,ST12000NM0007,12000138625024,0,82,169690872,95,0,100,4,100,0,87,477784172,96,3694,100,0,100,3,,,,,100.0,0.0,100.0,0.0,,,71.0,29.0,,,100.0,22.0,100.0,709.0,29,29,100,0,100,0,200,0,100.0,3414.0,100.0,32534285928.0,100.0,37703889490.0
2018-05-29,ZCH0D3EA,ST12000NM0007,12000138625024,0,83,191622848,95,0,100,4,100,0,87,480550275,96,3718,100,0,100,3,,,,,100.0,0.0,100.0,0.0,,,70.0,30.0,,,100.0,23.0,100.0,710.0,30,30,100,0,100,0,200,0,100.0,3437.0,100.0,32607840216.0,100.0,37896407826.0
2018-05-30,ZCH0D3EA,ST12000NM0007,12000138625024,0,83,222376272,95,0,100,4,100,0,87,483281624,96,3742,100,0,100,3,,,,,100.0,0.0,100.0,0.0,,,71.0,29.0,,,100.0,23.0,100.0,711.0,29,29,100,0,100,0,200,0,100.0,3462.0,100.0,32692789096.0,100.0,38086353082.0
2018-05-31,ZCH0D3EA,ST12000NM0007,12000138625024,0,81,114179984,95,0,100,4,100,0,87,486926492,96,3773,100,0,100,3,,,,,100.0,0.0,100.0,0.0,,,71.0,29.0,,,100.0,23.0,100.0,713.0,29,29,100,0,100,0,200,0,100.0,3492.0,100.0,32813005528.0,100.0,38346222002.0
2018-06-01,ZCH0D3EA,ST12000NM0007,12000138625024,0,82,146379040,95,0,100,4,100,0,87,489746399,96,3798,100,0,100,3,,,,,100.0,0.0,100.0,0.0,,,71.0,29.0,,,100.0,23.0,100.0,714.0,29,29,100,0,100,0,200,0,100.0,3517.0,100.0,32907002384.0,100.0,38528564834.0
2018-06-02,ZCH0D3EA,ST12000NM0007,12000138625024,0,83,204740064,95,0,100,4,100,0,87,492643138,96,3821,100,0,100,3,,,,,100.0,0.0,100.0,0.0,,,70.0,30.0,,,100.0,24.0,100.0,715.0,30,30,100,0,100,0,200,0,100.0,3540.0,100.0,33009896432.0,100.0,38728172442.0
2018-06-03,ZCH0D3EA,ST12000NM0007,12000138625024,0,73,20307864,95,0,100,4,100,0,87,495628252,96,3845,100,0,100,3,,,,,100.0,0.0,100.0,0.0,,,71.0,29.0,,,100.0,24.0,100.0,716.0,29,29,100,0,100,0,200,0,100.0,3564.0,100.0,33111524376.0,100.0,38930393690.0
2018-06-04,ZCH0D3EA,ST12000NM0007,12000138625024,0,75,33977488,95,0,100,4,100,0,87,498413347,96,3870,100,0,100,3,,,,,100.0,0.0,100.0,0.0,,,71.0,29.0,,,100.0,25.0,100.0,717.0,29,29,100,0,100,0,200,0,100.0,3589.0,100.0,33206869384.0,100.0,39092858978.0
2018-06-05,ZCH0D3EA,ST12000NM0007,12000138625024,0,78,60090480,95,0,100,4,100,0,87,501352430,96,3893,100,0,100,3,,,,,100.0,0.0,100.0,0.0,,,71.0,29.0,,,100.0,25.0,100.0,718.0,29,29,100,0,100,0,200,0,100.0,3612.0,100.0,33281153632.0,100.0,39288828474.0
2018-06-06,ZCH0D3EA,ST12000NM0007,12000138625024,0,77,47669416,95,0,100,4,100,0,87,503881922,96,3917,100,0,100,3,,,,,100.0,0.0,100.0,0.0,,,71.0,29.0,,,100.0,26.0,100.0,719.0,29,29,100,0,100,0,200,0,100.0,3636.0,100.0,33370888176.0,100.0,39430813578.0
2018-06-07,ZCH0D3EA,ST12000NM0007,12000138625024,0,78,67680656,95,0,100,4,100,0,87,506586986,96,3941,100,0,100,3,,,,,100.0,0.0,100.0,0.0,,,71.0,29.0,,,100.0,27.0,100.0,720.0,29,29,100,0,100,0,200,0,100.0,3659.0,100.0,33478662720.0,100.0,39587191034.0
2018-06-08,ZCH0D3EA,ST12000NM0007,12000138625024,0,81,133309936,95,0,100,4,100,0,87,509700961,96,3964,100,0,100,3,,,,,100.0,0.0,100.0,0.0,,,71.0,29.0,,,100.0,28.0,100.0,721.0,29,29,100,0,100,0,200,0,100.0,3682.0,100.0,33612870048.0,100.0,39762753922.0
2018-06-09,ZCH0D3EA,ST12000NM0007,12000138625024,0,83,203123392,95,0,100,4,100,0,87,512760293,96,3988,100,0,100,3,,,,,100.0,0.0,100.0,0.0,,,72.0,28.0,,,100.0,29.0,100.0,722.0,28,28,100,0,100,0,200,0,100.0,3707.0,100.0,33700791640.0,100.0,39988786522.0
2018-06-10,ZCH0D3EA,ST12000NM0007,12000138625024,0,83,212923984,95,0,100,4,100,0,87,515348544,96,4012,100,0,100,3,,,,,100.0,0.0,100.0,0.0,,,72.0,28.0,,,100.0,29.0,100.0,723.0,28,28,100,0,100,0,200,0,100.0,3730.0,100.0,33770254096.0,100.0,40173265362.0
2018-06-11,ZCH0D3EA,ST12000NM0007,12000138625024,0,74,26850648,95,0,100,4,100,0,87,518319379,96,4036,100,0,100,3,,,,,100.0,0.0,100.0,0.0,,,72.0,28.0,,,100.0,30.0,100.0,724.0,28,28,100,0,100,0,200,0,100.0,3754.0,100.0,33851400112.0,100.0,40394327698.0
2018-06-12,ZCH0D3EA,ST12000NM0007,12000138625024,0,80,105664384,95,0,100,4,100,0,87,521381613,96,4060,100,0,100,3,,,,,100.0,0.0,100.0,0.0,,,70.0,30.0,,,100.0,31.0,100.0,725.0,30,30,100,0,100,0,200,0,100.0,3778.0,100.0,33951176648.0,100.0,40617505546.0
2018-06-13,ZCH0D3EA,ST12000NM0007,12000138625024,0,82,160455136,95,0,100,4,100,0,87,524429046,96,4083,100,0,100,3,,,,,100.0,0.0,100.0,0.0,,,72.0,28.0,,,100.0,32.0,100.0,726.0,28,28,100,0,100,0,200,0,100.0,3801.0,100.0,34067203576.0,100.0,40800410106.0
2018-06-14,ZCH0D3EA,ST12000NM0007,12000138625024,0,72,16878080,95,0,100,4,100,0,87,527729565,96,4109,100,0,100,3,,,,,100.0,0.0,100.0,0.0,,,70.0,30.0,,,100.0,32.0,100.0,728.0,30,30,100,0,100,0,200,0,100.0,3827.0,100.0,34178562680.0,100.0,41033755298.0
2018-06-15,ZCH0D3EA,ST12000NM0007,12000138625024,0,81.0,133756016.0,95.0,0.0,100.0,4.0,100.0,0.0,87.0,531345416.0,96.0,4132.0,100.0,0.0,100.0,3.0,,,,,100.0,0.0,100.0,0.0,,,70.0,30.0,,,100.0,32.0,100.0,729.0,30.0,30.0,100.0,0.0,100.0,0.0,200.0,0.0,100.0,3850.0,100.0,34263219184.0,100.0,41310117786.0
2018-06-16,ZCH0D3EA,ST12000NM0007,12000138625024,0,82.0,148520392.0,95.0,0.0,100.0,4.0,100.0,0.0,87.0,534045158.0,96.0,4156.0,100.0,0.0,100.0,3.0,,,,,100.0,0.0,100.0,0.0,,,71.0,29.0,,,100.0,33.0,100.0,730.0,29.0,29.0,100.0,0.0,100.0,0.0,200.0,0.0,100.0,3874.0,100.0,34337604784.0,100.0,41494637266.0
2018-06-17,ZCH0D3EA,ST12000NM0007,12000138625024,0,82.0,165623992.0,95.0,0.0,100.0,4.0,100.0,0.0,87.0,536713959.0,96.0,4180.0,100.0,0.0,100.0,3.0,,,,,100.0,0.0,100.0,0.0,,,72.0,28.0,,,100.0,33.0,100.0,731.0,28.0,28.0,100.0,0.0,100.0,0.0,200.0,0.0,100.0,3898.0,100.0,34402763968.0,100.0,41690722434.0
2018-06-18,ZCH0D3EA,ST12000NM0007,12000138625024,0,83.0,181343672.0,95.0,0.0,100.0,4.0,100.0,0.0,87.0,539424033.0,96.0,4205.0,100.0,0.0,100.0,3.0,,,,,100.0,0.0,100.0,0.0,,,72.0,28.0,,,100.0,33.0,100.0,732.0,28.0,28.0,100.0,0.0,100.0,0.0,200.0,0.0,100.0,3922.0,100.0,34481178096.0,100.0,41872168762.0
2018-06-19,ZCH0D3EA,ST12000NM0007,12000138625024,0,67,4801744,95,0,100,4,100,0,87,542400909,96,4228,100,0,100,3,,,,,100.0,0.0,100.0,0.0,,,72.0,28.0,,,100.0,34.0,100.0,733.0,28,28,100,0,100,0,200,0,100.0,3945.0,100.0,34576170008.0,100.0,42088916530.0
2018-06-20,ZCH0D3EA,ST12000NM0007,12000138625024,0,78,60628392,95,0,100,4,100,0,87,545235893,96,4252,100,0,100,3,,,,,100.0,0.0,100.0,0.0,,,72.0,28.0,,,100.0,34.0,100.0,734.0,28,28,100,0,100,0,200,0,100.0,3970.0,100.0,34642466984.0,100.0,42322586906.0
2018-06-21,ZCH0D3EA,ST12000NM0007,12000138625024,0,82,177650704,95,0,100,4,100,0,87,548363516,96,4276,100,0,100,3,,,,,100.0,0.0,100.0,0.0,,,72.0,28.0,,,100.0,34.0,100.0,735.0,28,28,100,0,100,0,200,0,100.0,3993.0,100.0,34696323448.0,100.0,42629893386.0
2018-06-22,ZCH0D3EA,ST12000NM0007,12000138625024,0,84,228678752,95,0,100,4,100,0,87,551302856,96,4301,100,0,100,3,,,,,100.0,0.0,100.0,0.0,,,72.0,28.0,,,100.0,34.0,100.0,736.0,28,28,100,0,100,0,200,0,100.0,4018.0,100.0,34768717288.0,100.0,42852668282.0
2018-06-23,ZCH0D3EA,ST12000NM0007,12000138625024,0,77,46300712,95,0,100,4,100,0,87,554722390,96,4325,100,0,100,3,,,,,100.0,0.0,100.0,0.0,,,72.0,28.0,,,100.0,35.0,100.0,737.0,28,28,100,0,100,0,200,0,100.0,4042.0,100.0,34852717096.0,100.0,43074571906.0
2018-06-24,ZCH0D3EA,ST12000NM0007,12000138625024,0,75,30707224,95,0,100,4,100,0,87,557206394,96,4349,100,0,100,3,,,,,100.0,0.0,100.0,0.0,,,72.0,28.0,,,100.0,35.0,100.0,738.0,28,28,100,0,100,0,200,0,100.0,4065.0,100.0,34916548696.0,100.0,43239287458.0
2018-06-25,ZCH0D3EA,ST12000NM0007,12000138625024,0,78,66160040,95,0,100,4,100,0,87,560058380,96,4372,100,0,100,3,,,,,100.0,0.0,100.0,0.0,,,72.0,28.0,,,100.0,35.0,100.0,739.0,28,28,100,0,100,0,200,0,100.0,4088.0,100.0,34999768592.0,100.0,43435661258.0
2018-06-26,ZCH0D3EA,ST12000NM0007,12000138625024,0,80,106095808,95,0,100,4,100,0,88,562856008,95,4397,100,0,100,3,,,,,100.0,0.0,100.0,0.0,,,72.0,28.0,,,100.0,35.0,100.0,740.0,28,28,100,0,100,0,200,0,100.0,4113.0,100.0,35063551160.0,100.0,43655955146.0
2018-06-27,ZCH0D3EA,ST12000NM0007,12000138625024,0,80,109731960,95,0,100,4,100,0,88,565445352,95,4420,100,0,100,3,,,,,100.0,0.0,100.0,0.0,,,72.0,28.0,,,100.0,36.0,100.0,741.0,28,28,100,0,100,0,200,0,100.0,4136.0,100.0,35132163288.0,100.0,43835119986.0
2018-06-28,ZCH0D3EA,ST12000NM0007,12000138625024,0,82,164610112,95,0,100,4,100,0,88,568483776,95,4445,100,0,100,3,,,,,100.0,0.0,100.0,0.0,,,72.0,28.0,,,100.0,36.0,100.0,742.0,28,28,100,0,100,0,200,0,100.0,4160.0,100.0,35221385408.0,100.0,44044916698.0
2018-06-29,ZCH0D3EA,ST12000NM0007,12000138625024,0,82,174477456,95,0,100,4,100,0,88,571211661,95,4468,100,0,100,3,,,,,100.0,0.0,100.0,0.0,,,72.0,28.0,,,100.0,36.0,100.0,743.0,28,28,100,0,100,0,200,0,100.0,4184.0,100.0,35303043560.0,100.0,44217266722.0
2018-06-30,ZCH0D3EA,ST12000NM0007,12000138625024,0,81,128052360,95,0,100,4,100,0,88,573381371,95,4487,100,0,100,3,,,,,100.0,0.0,100.0,0.0,,,72.0,28.0,,,100.0,36.0,100.0,744.0,28,28,100,0,100,0,200,0,100.0,4202.0,100.0,35374400560.0,100.0,44343625450.0
2018-07-01,ZCH0D3EA,ST12000NM0007,12000138625024,0,82,150715904,95,0,100,4,100,0,88,576186747,95,4510,100,0,100,3,,,,,100.0,0.0,100.0,0.0,,,72.0,28.0,,,100.0,37.0,100.0,745.0,28,28,100,0,100,0,200,0,100.0,4226.0,100.0,35456417192.0,100.0,44528413050.0
2018-07-02,ZCH0D3EA,ST12000NM0007,12000138625024,0,83,181422880,95,0,100,4,100,0,88,579081760,95,4535,100,0,100,3,,,,,100.0,0.0,100.0,0.0,,,72.0,28.0,,,100.0,37.0,100.0,746.0,28,28,100,0,100,0,200,0,100.0,4250.0,100.0,35540211448.0,100.0,44719466466.0
2018-07-03,ZCH0D3EA,ST12000NM0007,12000138625024,0,82,176619584,95,0,100,4,100,0,88,581646913,95,4559,100,0,100,3,,,,,100.0,0.0,100.0,0.0,,,72.0,28.0,,,100.0,38.0,100.0,747.0,28,28,100,0,100,0,200,0,100.0,4274.0,100.0,35612278432.0,100.0,44886736922.0
2018-07-04,ZCH0D3EA,ST12000NM0007,12000138625024,0,83,215441488,95,0,100,4,100,0,88,584604880,95,4583,100,0,100,3,,,,,100.0,0.0,100.0,0.0,,,72.0,28.0,,,100.0,38.0,100.0,748.0,28,28,100,0,100,0,200,0,100.0,4298.0,100.0,35728686080.0,100.0,45053291842.0
2018-07-05,ZCH0D3EA,ST12000NM0007,12000138625024,0,76,42863104,95,0,100,4,100,0,88,588143506,95,4606,100,0,100,3,,,,,100.0,0.0,100.0,0.0,,,72.0,28.0,,,100.0,38.0,100.0,749.0,28,28,100,0,100,0,200,0,100.0,4321.0,100.0,35836567352.0,100.0,45261113762.0
2018-07-06,ZCH0D3EA,ST12000NM0007,12000138625024,0,80,102256344,95,0,100,4,100,0,88,591159766,95,4631,100,0,100,3,,,,,100.0,0.0,100.0,0.0,,,72.0,28.0,,,100.0,38.0,100.0,750.0,28,28,100,0,100,0,200,0,100.0,4346.0,100.0,35946552320.0,100.0,45454662682.0
2018-07-07,ZCH0D3EA,ST12000NM0007,12000138625024,0,80,90377488,95,0,100,4,100,0,88,593743749,95,4654,100,0,100,3,,,,,100.0,0.0,100.0,0.0,,,72.0,28.0,,,100.0,38.0,100.0,751.0,28,28,100,0,100,0,200,0,100.0,4369.0,100.0,36015925856.0,100.0,45617551170.0
2018-07-08,ZCH0D3EA,ST12000NM0007,12000138625024,0,80,97871512,95,0,100,4,100,0,88,596639693,95,4679,100,0,100,3,,,,,100.0,0.0,100.0,0.0,,,72.0,28.0,,,100.0,38.0,100.0,752.0,28,28,100,0,100,0,200,0,100.0,4394.0,100.0,36125422440.0,100.0,45759689482.0
2018-07-09,ZCH0D3EA,ST12000NM0007,12000138625024,0,79,76249088,95,0,100,4,100,0,88,599214546,95,4702,100,0,100,3,,,,,100.0,0.0,100.0,0.0,,,72.0,28.0,,,100.0,38.0,100.0,753.0,28,28,100,0,100,0,200,0,100.0,4417.0,100.0,36221500248.0,100.0,45886129994.0
2018-07-10,ZCH0D3EA,ST12000NM0007,12000138625024,0,81.0,113794000.0,95.0,0.0,100.0,4.0,100.0,0.0,88.0,602172287.0,95.0,4727.0,100.0,0.0,100.0,3.0,,,,,100.0,0.0,100.0,0.0,,,72.0,28.0,,,100.0,38.0,100.0,754.0,28.0,28.0,100.0,0.0,100.0,0.0,200.0,0.0,100.0,4442.0,100.0,36312084144.0,100.0,46077231810.0
2018-07-11,ZCH0D3EA,ST12000NM0007,12000138625024,0,83,210045976,95,0,100,4,100,0,88,605555688,95,4751,100,0,100,3,,,,,100.0,0.0,100.0,0.0,,,72.0,28.0,,,100.0,38.0,100.0,755.0,28,28,100,0,100,0,200,0,100.0,4466.0,100.0,36429867968.0,100.0,46299840650.0
2018-07-12,ZCH0D3EA,ST12000NM0007,12000138625024,0,84,239787040,95,0,100,4,100,0,88,608584831,95,4778,100,0,100,3,,,,,100.0,0.0,100.0,0.0,,,72.0,28.0,,,100.0,39.0,100.0,756.0,28,28,100,0,100,0,200,0,100.0,4492.0,100.0,36524324824.0,100.0,46479265578.0
2018-07-13,ZCH0D3EA,ST12000NM0007,12000138625024,0,75,35106448,95,0,100,4,100,0,88,611481200,95,4802,100,0,100,3,,,,,100.0,0.0,100.0,0.0,,,72.0,28.0,,,100.0,40.0,100.0,759.0,28,28,100,0,100,0,200,0,100.0,4516.0,100.0,36597842544.0,100.0,46689348810.0
2018-07-14,ZCH0D3EA,ST12000NM0007,12000138625024,0,74,27268680,95,0,100,4,100,0,88,614016253,95,4826,100,0,100,3,,,,,100.0,0.0,100.0,0.0,,,72.0,28.0,,,100.0,40.0,100.0,760.0,28,28,100,0,100,0,200,0,100.0,4540.0,100.0,36660342288.0,100.0,46863152058.0
2018-07-15,ZCH0D3EA,ST12000NM0007,12000138625024,0,73,21450104,95,0,100,4,100,0,88,617181625,95,4850,100,0,100,3,,,,,100.0,0.0,100.0,0.0,,,72.0,28.0,,,100.0,40.0,100.0,761.0,28,28,100,0,100,0,200,0,100.0,4564.0,100.0,36738814584.0,100.0,47023001818.0
2018-07-16,ZCH0D3EA,ST12000NM0007,12000138625024,0,77,52117688,95,0,100,4,100,0,88,620036735,95,4873,100,0,100,3,,,,,100.0,0.0,100.0,0.0,,,72.0,28.0,,,100.0,40.0,100.0,761.0,28,28,100,0,100,0,200,0,100.0,4587.0,100.0,36820263560.0,100.0,47216361266.0
2018-07-17,ZCH0D3EA,ST12000NM0007,12000138625024,0,81,116007464,95,0,100,4,100,0,88,623220336,95,4898,100,0,100,3,,,,,100.0,0.0,100.0,0.0,,,72.0,28.0,,,100.0,40.0,100.0,763.0,28,28,100,0,100,0,200,0,100.0,4612.0,100.0,36915048800.0,100.0,47429606530.0
2018-07-18,ZCH0D3EA,ST12000NM0007,12000138625024,0,82,149314600,95,0,100,4,100,0,88,626019402,95,4922,100,0,100,3,,,,,100.0,0.0,100.0,0.0,,,72.0,28.0,,,100.0,40.0,100.0,763.0,28,28,100,0,100,0,200,0,100.0,4636.0,100.0,37001455232.0,100.0,47620648130.0
2018-07-19,ZCH0D3EA,ST12000NM0007,12000138625024,0,82,167410864,95,0,100,4,100,0,88,628769737,95,4946,100,0,100,3,,,,,100.0,0.0,100.0,0.0,,,72.0,28.0,,,100.0,40.0,100.0,764.0,28,28,100,0,100,0,200,0,100.0,4659.0,100.0,37088672312.0,100.0,47795668114.0
2018-07-20,ZCH0D3EA,ST12000NM0007,12000138625024,0,83,210770752,95,0,100,4,100,0,88,631703661,95,4970,100,0,100,3,,,,,100.0,0.0,100.0,0.0,,,72.0,28.0,,,100.0,41.0,100.0,765.0,28,28,100,0,100,0,200,0,100.0,4684.0,100.0,37177168024.0,100.0,47994672922.0
2018-07-21,ZCH0D3EA,ST12000NM0007,12000138625024,0,72,15712456,95,0,100,4,100,0,88,634688251,95,4994,100,0,100,3,,,,,100.0,0.0,100.0,0.0,,,72.0,28.0,,,100.0,42.0,100.0,767.0,28,28,100,0,100,0,200,0,100.0,4707.0,100.0,37245758408.0,100.0,48219305666.0
2018-07-22,ZCH0D3EA,ST12000NM0007,12000138625024,0,73,19263408,95,0,100,4,100,0,88,637364309,95,5018,100,0,100,3,,,,,100.0,0.0,100.0,0.0,,,72.0,28.0,,,100.0,43.0,100.0,768.0,28,28,100,0,100,0,200,0,100.0,4731.0,100.0,37319141472.0,100.0,48393614370.0
2018-07-23,ZCH0D3EA,ST12000NM0007,12000138625024,0,76,36809728,95,0,100,4,100,0,88,640169610,95,5042,100,0,100,3,,,,,100.0,0.0,100.0,0.0,,,72.0,28.0,,,100.0,43.0,100.0,769.0,28,28,100,0,100,0,200,0,100.0,4755.0,100.0,37394909960.0,100.0,48579532890.0
2018-07-24,ZCH0D3EA,ST12000NM0007,12000138625024,0,80,112072608,95,0,100,4,100,0,88,643342624,95,5066,100,0,100,3,,,,,100.0,0.0,100.0,0.0,,,72.0,28.0,,,100.0,44.0,100.0,770.0,28,28,100,0,100,0,200,0,100.0,4779.0,100.0,37484923384.0,100.0,48808922978.0
2018-07-25,ZCH0D3EA,ST12000NM0007,12000138625024,0,81.0,130592704.0,95.0,0.0,100.0,4.0,100.0,0.0,88.0,646177950.0,95.0,5090.0,100.0,0.0,100.0,3.0,,,,,100.0,0.0,100.0,0.0,,,72.0,28.0,,,100.0,45.0,100.0,771.0,28.0,28.0,100.0,0.0,100.0,0.0,200.0,0.0,100.0,4802.0,100.0,37572795240.0,100.0,48983711874.0
2018-07-26,ZCH0D3EA,ST12000NM0007,12000138625024,0,82,167590104,95,0,100,4,100,0,88,649463710,95,5115,100,0,100,3,,,,,100.0,0.0,100.0,0.0,,,72.0,28.0,,,100.0,45.0,100.0,772.0,28,28,100,0,100,0,200,0,100.0,4827.0,100.0,37639556760.0,100.0,49198088490.0
2018-07-27,ZCH0D3EA,ST12000NM0007,12000138625024,0,82,171659840,95,0,100,4,100,0,88,652198735,95,5141,100,0,100,3,,,,,100.0,0.0,100.0,0.0,,,72.0,28.0,,,100.0,45.0,100.0,774.0,28,28,100,0,100,0,200,0,100.0,4853.0,100.0,37721450568.0,100.0,49364405338.0
2018-07-28,ZCH0D3EA,ST12000NM0007,12000138625024,0,83,212151800,95,0,100,4,100,0,88,654995111,95,5165,100,0,100,3,,,,,100.0,0.0,100.0,0.0,,,72.0,28.0,,,100.0,45.0,100.0,775.0,28,28,100,0,100,0,200,0,100.0,4877.0,100.0,37794027912.0,100.0,49576460898.0
2018-07-29,ZCH0D3EA,ST12000NM0007,12000138625024,0,83,208616448,95,0,100,4,100,0,88,657372365,95,5189,100,0,100,3,,,,,100.0,0.0,100.0,0.0,,,72.0,28.0,,,100.0,46.0,100.0,776.0,28,28,100,0,100,0,200,0,100.0,4900.0,100.0,37846342968.0,100.0,49764751298.0
2018-07-30,ZCH0D3EA,ST12000NM0007,12000138625024,0,83,187657272,95,0,100,4,100,0,88,659690297,95,5213,100,0,100,3,,,,,100.0,0.0,100.0,0.0,,,72.0,28.0,,,100.0,46.0,100.0,777.0,28,28,100,0,100,0,200,0,100.0,4925.0,100.0,37894306744.0,100.0,49939969154.0
2018-07-31,ZCH0D3EA,ST12000NM0007,12000138625024,0,82,166705544,95,0,100,4,100,0,88,662214675,95,5237,100,0,100,3,,,,,100.0,0.0,100.0,0.0,,,72.0,28.0,,,100.0,47.0,100.0,778.0,28,28,100,0,100,0,200,0,100.0,4948.0,100.0,37973737128.0,100.0,50083727986.0
2018-08-01,ZCH0D3EA,ST12000NM0007,12000138625024,0,84,228138096,95,0,100,4,100,0,88,665211686,94,5261,100,0,100,3,,,,,100.0,0.0,100.0,0.0,,,72.0,28.0,,,100.0,48.0,100.0,779.0,28,28,100,0,100,0,200,0,100.0,4972.0,100.0,38054311664.0,100.0,50308726914.0
2018-08-02,ZCH0D3EA,ST12000NM0007,12000138625024,0,72,16286408,95,0,100,4,100,0,88,668066376,94,5285,100,0,100,3,,,,,100.0,0.0,100.0,0.0,,,72.0,28.0,,,100.0,48.0,100.0,780.0,28,28,100,0,100,0,200,0,100.0,4996.0,100.0,38138613816.0,100.0,50500854538.0
2018-08-03,ZCH0D3EA,ST12000NM0007,12000138625024,0,77,45588400,95,0,100,4,100,0,88,670946562,94,5309,100,0,100,3,,,,,100.0,0.0,100.0,0.0,,,72.0,28.0,,,100.0,48.0,100.0,781.0,28,28,100,0,100,0,200,0,100.0,5021.0,100.0,38223853880.0,100.0,50689057098.0
2018-08-04,ZCH0D3EA,ST12000NM0007,12000138625024,0,76,43198464,95,0,100,4,100,0,88,673659886,94,5333,100,0,100,3,,,,,100.0,0.0,100.0,0.0,,,72.0,28.0,,,100.0,48.0,100.0,782.0,28,28,100,0,100,0,200,0,100.0,5044.0,100.0,38300094776.0,100.0,50854566954.0
2018-08-05,ZCH0D3EA,ST12000NM0007,12000138625024,0,74,23061552,95,0,100,4,100,0,88,675977687,94,5356,100,0,100,3,,,,,100.0,0.0,100.0,0.0,,,72.0,28.0,,,100.0,48.0,100.0,783.0,28,28,100,0,100,0,200,0,100.0,5068.0,100.0,38349323080.0,100.0,51029342626.0
2018-08-06,ZCH0D3EA,ST12000NM0007,12000138625024,0,78,57688472,95,0,100,4,100,0,88,679202834,94,5381,100,0,100,3,,,,,100.0,0.0,100.0,0.0,,,72.0,28.0,,,100.0,49.0,100.0,784.0,28,28,100,0,100,0,200,0,100.0,5093.0,100.0,38417167344.0,100.0,51240266202.0
2018-08-07,ZCH0D3EA,ST12000NM0007,12000138625024,0,79,75424720,95,0,100,4,100,0,88,682063892,94,5405,100,0,100,3,,,,,100.0,0.0,100.0,0.0,,,72.0,28.0,,,100.0,49.0,100.0,785.0,28,28,100,0,100,0,200,0,100.0,5116.0,100.0,38499957048.0,100.0,51419353418.0
2018-08-08,ZCH0D3EA,ST12000NM0007,12000138625024,0,77,47860888,95,0,100,4,100,0,88,684597794,94,5429,100,0,100,3,,,,,100.0,0.0,100.0,0.0,,,72.0,28.0,,,100.0,49.0,100.0,786.0,28,28,100,0,100,0,200,0,100.0,5140.0,100.0,38587199352.0,100.0,51548688026.0
2018-08-09,ZCH0D3EA,ST12000NM0007,12000138625024,0,84,232888712,95,0,100,4,100,0,88,686645883,94,5446,100,0,100,3,,,,,100.0,0.0,100.0,0.0,,,72.0,28.0,,,100.0,49.0,100.0,786.0,28,28,100,0,100,0,200,0,100.0,5157.0,100.0,38651673752.0,100.0,51669241450.0
2018-08-10,ZCH0D3EA,ST12000NM0007,12000138625024,0,66,4155896,95,0,100,4,100,0,88,689358163,94,5471,100,0,100,3,,,,,100.0,0.0,100.0,0.0,,,72.0,28.0,,,100.0,50.0,100.0,789.0,28,28,100,0,100,0,200,0,100.0,5181.0,100.0,38729941576.0,100.0,51850522466.0
2018-08-11,ZCH0D3EA,ST12000NM0007,12000138625024,0,73,19792440,95,0,100,4,100,0,88,692089343,94,5495,100,0,100,3,,,,,100.0,0.0,100.0,0.0,,,72.0,28.0,,,100.0,52.0,100.0,791.0,28,28,100,0,100,0,200,0,100.0,5205.0,100.0,38795335136.0,100.0,52044906098.0
2018-08-12,ZCH0D3EA,ST12000NM0007,12000138625024,0,78,58803928,95,0,100,4,100,0,88,695031361,94,5519,100,0,100,3,,,,,100.0,0.0,100.0,0.0,,,72.0,28.0,,,100.0,52.0,100.0,791.0,28,28,100,0,100,0,200,0,100.0,5229.0,100.0,38896611360.0,100.0,52226782298.0
2018-08-13,ZCH0D3EA,ST12000NM0007,12000138625024,0,76,42649736,95,0,100,4,100,0,88,697675183,94,5543,100,0,100,3,,,,,100.0,0.0,100.0,0.0,,,72.0,28.0,,,100.0,52.0,100.0,793.0,28,28,100,0,100,0,200,0,100.0,5253.0,100.0,38967111328.0,100.0,52384268842.0
2018-08-14,ZCH0D3EA,ST12000NM0007,12000138625024,0,78.0,68929664.0,95.0,0.0,100.0,4.0,100.0,0.0,88.0,700526224.0,94.0,5566.0,100.0,0.0,100.0,3.0,,,,,100.0,0.0,100.0,0.0,,,72.0,28.0,,,100.0,52.0,100.0,793.0,28.0,28.0,100.0,0.0,100.0,0.0,200.0,0.0,100.0,5277.0,100.0,39043915448.0,100.0,52577885362.0
2018-08-15,ZCH0D3EA,ST12000NM0007,12000138625024,0,82.0,149529880.0,95.0,0.0,100.0,4.0,100.0,0.0,88.0,704070454.0,94.0,5595.0,100.0,0.0,100.0,3.0,,,,,100.0,0.0,100.0,0.0,,,72.0,28.0,,,100.0,52.0,100.0,795.0,28.0,28.0,100.0,0.0,100.0,0.0,200.0,0.0,100.0,5305.0,100.0,39130259064.0,100.0,52816282690.0
2018-08-16,ZCH0D3EA,ST12000NM0007,12000138625024,0,83,195490976,95,0,100,4,100,0,88,707381428,94,5619,100,0,100,3,,,,,100.0,0.0,100.0,0.0,,,72.0,28.0,,,100.0,52.0,100.0,796.0,28,28,100,0,100,0,200,0,100.0,5329.0,100.0,39223532160.0,100.0,53013111370.0
2018-08-17,ZCH0D3EA,ST12000NM0007,12000138625024,0,82,161914952,95,0,100,4,100,0,89,709762322,94,5643,100,0,100,3,,,,,100.0,0.0,100.0,0.0,,,72.0,28.0,,,100.0,52.0,100.0,797.0,28,28,100,0,100,0,200,0,100.0,5353.0,100.0,39290684240.0,100.0,53156524098.0
2018-08-18,ZCH0D3EA,ST12000NM0007,12000138625024,0,83,207763000,95,0,100,4,100,0,89,712739997,94,5667,100,0,100,3,,,,,100.0,0.0,100.0,0.0,,,72.0,28.0,,,100.0,52.0,100.0,798.0,28,28,100,0,100,0,200,0,100.0,5377.0,100.0,39366520400.0,100.0,53370676754.0
2018-08-19,ZCH0D3EA,ST12000NM0007,12000138625024,0,83,213899176,95,0,100,4,100,0,89,715396826,94,5692,100,0,100,3,,,,,100.0,0.0,100.0,0.0,,,72.0,28.0,,,100.0,53.0,100.0,799.0,28,28,100,0,100,0,200,0,100.0,5402.0,100.0,39439485352.0,100.0,53547988666.0
2018-08-20,ZCH0D3EA,ST12000NM0007,12000138625024,0,84,237052416,95,0,100,4,100,0,89,717883894,94,5716,100,0,100,3,,,,,100.0,0.0,100.0,0.0,,,72.0,28.0,,,100.0,53.0,100.0,800.0,28,28,100,0,100,0,200,0,100.0,5426.0,100.0,39499805200.0,100.0,53754962882.0
2018-08-21,ZCH0D3EA,ST12000NM0007,12000138625024,0,78,60608792,95,0,100,4,100,0,89,720654292,94,5740,100,0,100,3,,,,,100.0,0.0,100.0,0.0,,,72.0,28.0,,,100.0,53.0,100.0,801.0,28,28,100,0,100,0,200,0,100.0,5449.0,100.0,39586697648.0,100.0,53979908434.0
2018-08-22,ZCH0D3EA,ST12000NM0007,12000138625024,0,79,72637896,95,0,100,4,100,0,89,723065686,94,5764,100,0,100,3,,,,,100.0,0.0,100.0,0.0,,,72.0,28.0,,,100.0,53.0,100.0,802.0,28,28,100,0,100,0,200,0,100.0,5473.0,100.0,39657716744.0,100.0,54165068106.0
2018-08-23,ZCH0D3EA,ST12000NM0007,12000138625024,0,81,116010824,95,0,100,4,100,0,89,725835063,94,5788,100,0,100,3,,,,,100.0,0.0,100.0,0.0,,,72.0,28.0,,,100.0,54.0,100.0,803.0,28,28,100,0,100,0,200,0,100.0,5497.0,100.0,39735591768.0,100.0,54374706754.0
2018-08-24,ZCH0D3EA,ST12000NM0007,12000138625024,0,81,137734168,95,0,100,4,100,0,89,728184540,94,5811,100,0,100,3,,,,,100.0,0.0,100.0,0.0,,,72.0,28.0,,,100.0,54.0,100.0,804.0,28,28,100,0,100,0,200,0,100.0,5520.0,100.0,39788774032.0,100.0,54587388498.0
2018-08-25,ZCH0D3EA,ST12000NM0007,12000138625024,0,83,185808680,95,0,100,4,100,0,89,730660271,94,5836,100,0,100,3,,,,,100.0,0.0,100.0,0.0,,,72.0,28.0,,,100.0,54.0,100.0,805.0,28,28,100,0,100,0,200,0,100.0,5545.0,100.0,39840368472.0,100.0,54828009298.0
2018-08-26,ZCH0D3EA,ST12000NM0007,12000138625024,0,76,40322456,95,0,100,4,100,0,89,733244295,94,5860,100,0,100,3,,,,,100.0,0.0,100.0,0.0,,,72.0,28.0,,,100.0,54.0,100.0,806.0,28,28,100,0,100,0,200,0,100.0,5569.0,100.0,39891093976.0,100.0,55120079082.0
2018-08-27,ZCH0D3EA,ST12000NM0007,12000138625024,0,80,90327000,95,0,100,4,100,0,89,735764738,94,5883,100,0,100,3,,,,,100.0,0.0,100.0,0.0,,,72.0,28.0,,,100.0,54.0,100.0,807.0,28,28,100,0,100,0,200,0,100.0,5592.0,100.0,39966542656.0,100.0,55338775898.0
2018-08-28,ZCH0D3EA,ST12000NM0007,12000138625024,0,84,229833944,95,0,100,4,100,0,89,739361328,94,5907,100,0,100,3,,,,,100.0,0.0,100.0,0.0,,,72.0,28.0,,,100.0,54.0,100.0,808.0,28,28,100,0,100,0,200,0,100.0,5616.0,100.0,40066261032.0,100.0,55622705226.0
2018-08-29,ZCH0D3EA,ST12000NM0007,12000138625024,0,77,46550568,95,0,100,4,100,0,89,742125452,94,5931,100,0,100,3,,,,,100.0,0.0,100.0,0.0,,,72.0,28.0,,,100.0,54.0,100.0,809.0,28,28,100,0,100,0,200,0,100.0,5639.0,100.0,40154968624.0,100.0,55838995754.0
2018-08-30,ZCH0D3EA,ST12000NM0007,12000138625024,0,80,89975632,95,0,100,4,100,0,89,744854846,94,5951,100,0,100,3,,,,,100.0,0.0,100.0,0.0,,,72.0,28.0,,,100.0,54.0,100.0,810.0,28,28,100,0,100,0,200,0,100.0,5659.0,100.0,40236742120.0,100.0,56044788178.0
2018-08-31,ZCH0D3EA,ST12000NM0007,12000138625024,0,80,93419800,95,0,100,4,100,0,89,747502230,94,5974,100,0,100,3,,,,,100.0,0.0,100.0,0.0,,,72.0,28.0,,,100.0,54.0,100.0,811.0,28,28,100,0,100,0,200,0,100.0,5682.0,100.0,40314241360.0,100.0,56214873794.0
2018-09-01,ZCH0D3EA,ST12000NM0007,12000138625024,0,79,75945792,95,0,100,4,100,0,89,750108638,94,5999,100,0,100,3,,,,,100.0,0.0,100.0,0.0,,,72.0,28.0,,,100.0,54.0,100.0,812.0,28,28,100,0,100,0,200,0,100.0,5707.0,100.0,40393638584.0,100.0,56362143194.0
2018-09-02,ZCH0D3EA,ST12000NM0007,12000138625024,0,82,149833024,95,0,100,4,100,0,89,753398207,94,6022,100,0,100,3,,,,,100.0,0.0,100.0,0.0,,,72.0,28.0,,,100.0,55.0,100.0,813.0,28,28,100,0,100,0,200,0,100.0,5730.0,100.0,40491397792.0,100.0,56582411850.0
2018-09-03,ZCH0D3EA,ST12000NM0007,12000138625024,0,82,173285896,95,0,100,4,100,0,89,756182547,94,6047,100,0,100,3,,,,,100.0,0.0,100.0,0.0,,,72.0,28.0,,,100.0,55.0,100.0,814.0,28,28,100,0,100,0,200,0,100.0,5755.0,100.0,40560494048.0,100.0,56780909146.0
2018-09-04,ZCH0D3EA,ST12000NM0007,12000138625024,0,83,199887848,95,0,100,4,100,0,89,759047240,94,6070,100,0,100,3,,,,,100.0,0.0,100.0,0.0,,,72.0,28.0,,,100.0,56.0,100.0,815.0,28,28,100,0,100,0,200,0,100.0,5778.0,100.0,40631523152.0,100.0,56980622626.0
2018-09-05,ZCH0D3EA,ST12000NM0007,12000138625024,0,84,226582192,95,0,100,4,100,0,89,761996661,94,6094,100,0,100,3,,,,,100.0,0.0,100.0,0.0,,,72.0,28.0,,,100.0,56.0,100.0,816.0,28,28,100,0,100,0,200,0,100.0,5802.0,100.0,40728094216.0,100.0,57154886538.0
2018-09-06,ZCH0D3EA,ST12000NM0007,12000138625024,0,81,134264632,95,0,100,4,100,0,89,766113140,94,6125,100,0,100,3,,,,,100.0,0.0,100.0,0.0,,,72.0,28.0,,,100.0,56.0,100.0,817.0,28,28,100,0,100,0,200,0,100.0,5833.0,100.0,40842766000.0,100.0,57436178530.0
2018-09-07,ZCH0D3EA,ST12000NM0007,12000138625024,0,81,134931136,95,0,100,4,100,0,89,768833884,93,6149,100,0,100,3,,,,,100.0,0.0,100.0,0.0,,,72.0,28.0,,,100.0,57.0,100.0,818.0,28,28,100,0,100,0,200,0,100.0,5857.0,100.0,40930025920.0,100.0,57593725794.0
2018-09-08,ZCH0D3EA,ST12000NM0007,12000138625024,0,83,191308664,95,0,100,4,100,0,89,772008133,93,6172,100,0,100,3,,,,,100.0,0.0,100.0,0.0,,,72.0,28.0,,,100.0,57.0,100.0,819.0,28,28,100,0,100,0,200,0,100.0,5880.0,100.0,41030103312.0,100.0,57794166602.0
2018-09-09,ZCH0D3EA,ST12000NM0007,12000138625024,0,83,221753504,95,0,100,4,100,0,89,774907667,93,6197,100,0,100,3,,,,,100.0,0.0,100.0,0.0,,,72.0,28.0,,,100.0,58.0,100.0,820.0,28,28,100,0,100,0,200,0,100.0,5905.0,100.0,41115436416.0,100.0,57983419002.0
2018-09-10,ZCH0D3EA,ST12000NM0007,12000138625024,0,75,32287288,95,0,100,4,100,0,89,777732390,93,6222,100,0,100,3,,,,,100.0,0.0,100.0,0.0,,,72.0,28.0,,,100.0,58.0,100.0,821.0,28,28,100,0,100,0,200,0,100.0,5930.0,100.0,41211550240.0,100.0,58186120306.0
2018-09-11,ZCH0D3EA,ST12000NM0007,12000138625024,0,81,126450144,95,0,100,4,100,0,89,780701703,93,6245,100,0,100,3,,,,,100.0,0.0,100.0,0.0,,,72.0,28.0,,,100.0,58.0,100.0,822.0,28,28,100,0,100,0,200,0,100.0,5952.0,100.0,41313900816.0,100.0,58422074154.0
2018-09-12,ZCH0D3EA,ST12000NM0007,12000138625024,0,82,176751672,95,0,100,4,100,0,89,783308921,93,6269,100,0,100,3,,,,,100.0,0.0,100.0,0.0,,,72.0,28.0,,,100.0,58.0,100.0,823.0,28,28,100,0,100,0,200,0,100.0,5976.0,100.0,41402192456.0,100.0,58628224722.0
2018-09-13,ZCH0D3EA,ST12000NM0007,12000138625024,0,83,205984296,95,0,100,4,100,0,89,786600533,93,6289,100,0,100,3,,,,,100.0,0.0,100.0,0.0,,,73.0,27.0,,,100.0,58.0,100.0,824.0,27,27,100,0,100,0,200,0,100.0,5996.0,100.0,41478029320.0,100.0,58825761210.0
2018-09-14,ZCH0D3EA,ST12000NM0007,12000138625024,0,84,238265800,95,0,100,4,100,0,89,789519253,93,6313,100,0,100,3,,,,,100.0,0.0,100.0,0.0,,,68.0,32.0,,,100.0,58.0,100.0,825.0,32,32,100,0,100,0,200,0,100.0,6020.0,100.0,41561763240.0,100.0,59018449434.0
2018-09-15,ZCH0D3EA,ST12000NM0007,12000138625024,0,78,68385880,95,0,100,4,100,0,89,792861726,93,6337,100,0,100,3,,,,,100.0,0.0,100.0,0.0,,,69.0,31.0,,,100.0,58.0,100.0,826.0,31,31,100,0,100,0,200,0,100.0,6044.0,100.0,41674245184.0,100.0,59224368938.0
2018-09-16,ZCH0D3EA,ST12000NM0007,12000138625024,0,80,97181632,95,0,100,4,100,0,89,795618585,93,6361,100,0,100,3,,,,,100.0,0.0,100.0,0.0,,,68.0,32.0,,,100.0,58.0,100.0,827.0,32,32,100,0,100,0,200,0,100.0,6067.0,100.0,41739815464.0,100.0,59431735282.0
2018-09-17,ZCH0D3EA,ST12000NM0007,12000138625024,0,82,156344480,95,0,100,4,100,0,89,798334109,93,6385,100,0,100,3,,,,,100.0,0.0,100.0,0.0,,,68.0,32.0,,,100.0,58.0,100.0,828.0,32,32,100,0,100,0,200,0,100.0,6092.0,100.0,41821454040.0,100.0,59653400322.0
2018-09-18,ZCH0D3EA,ST12000NM0007,12000138625024,0,65,3477128,95,0,100,4,100,0,89,801300049,93,6409,100,0,100,3,,,,,100.0,0.0,100.0,0.0,,,71.0,29.0,,,100.0,58.0,100.0,829.0,29,29,100,0,100,0,200,0,100.0,6116.0,100.0,41913825200.0,100.0,59896443074.0
2018-09-19,ZCH0D3EA,ST12000NM0007,12000138625024,0,80,101187016,95,0,100,4,100,0,89,804262618,93,6433,100,0,100,3,,,,,100.0,0.0,100.0,0.0,,,70.0,30.0,,,100.0,58.0,100.0,830.0,30,30,100,0,100,0,200,0,100.0,6139.0,100.0,42024950360.0,100.0,60127168658.0
2018-09-20,ZCH0D3EA,ST12000NM0007,12000138625024,0,82,144220616,95,0,100,4,100,0,89,807036937,93,6456,100,0,100,3,,,,,100.0,0.0,100.0,0.0,,,71.0,29.0,,,100.0,59.0,100.0,831.0,29,29,100,0,100,0,200,0,100.0,6163.0,100.0,42109074848.0,100.0,60330218402.0
2018-09-21,ZCH0D3EA,ST12000NM0007,12000138625024,0,83,203682960,95,0,100,4,100,0,89,809728326,93,6480,100,0,100,3,,,,,100.0,0.0,100.0,0.0,,,71.0,29.0,,,100.0,59.0,100.0,832.0,29,29,100,0,100,0,200,0,100.0,6187.0,100.0,42209493920.0,100.0,60533402554.0
2018-09-22,ZCH0D3EA,ST12000NM0007,12000138625024,0,84,232795800,95,0,100,4,100,0,89,812186312,93,6505,100,0,100,3,,,,,100.0,0.0,100.0,0.0,,,71.0,29.0,,,100.0,59.0,100.0,833.0,29,29,100,0,100,0,200,0,100.0,6211.0,100.0,42285410840.0,100.0,60730739202.0
2018-09-23,ZCH0D3EA,ST12000NM0007,12000138625024,0,78,70261656,95,0,100,4,100,0,89,815126633,93,6530,100,0,100,3,,,,,100.0,0.0,100.0,0.0,,,71.0,29.0,,,100.0,59.0,100.0,834.0,29,29,100,0,100,0,200,0,100.0,6236.0,100.0,42370871128.0,100.0,60971026354.0
2018-09-24,ZCH0D3EA,ST12000NM0007,12000138625024,0,80,101815432,95,0,100,4,100,0,89,818032556,93,6554,100,0,100,3,,,,,100.0,0.0,100.0,0.0,,,71.0,29.0,,,100.0,59.0,100.0,835.0,29,29,100,0,100,0,200,0,100.0,6261.0,100.0,42457448376.0,100.0,61160143626.0
2018-09-25,ZCH0D3EA,ST12000NM0007,12000138625024,0,83,192448680,95,0,100,4,100,0,89,821408508,93,6578,100,0,100,3,,,,,100.0,0.0,100.0,0.0,,,70.0,30.0,,,100.0,59.0,100.0,836.0,30,30,100,0,100,0,200,0,100.0,6284.0,100.0,42549175240.0,100.0,61403190666.0
2018-09-26,ZCH0D3EA,ST12000NM0007,12000138625024,0,76,37286832,95,0,100,4,100,0,89,825286232,93,6602,100,0,100,3,,,,,100.0,0.0,100.0,0.0,,,70.0,30.0,,,100.0,59.0,100.0,837.0,30,30,100,0,100,0,200,0,100.0,6308.0,100.0,42630170152.0,100.0,61655315426.0
2018-09-27,ZCH0D3EA,ST12000NM0007,12000138625024,0,78,59825584,95,0,100,4,100,0,89,828158017,93,6625,100,0,100,3,,,,,100.0,0.0,100.0,0.0,,,70.0,30.0,,,100.0,60.0,100.0,838.0,30,30,100,0,100,0,200,0,100.0,6331.0,100.0,42702151032.0,100.0,61850013954.0
2018-09-28,ZCH0D3EA,ST12000NM0007,12000138625024,0,78,68802472,95,0,100,4,100,0,89,832829582,93,6652,100,0,100,3,,,,,100.0,0.0,100.0,0.0,,,70.0,30.0,,,100.0,60.0,100.0,839.0,30,30,100,0,100,0,200,0,100.0,6358.0,100.0,42901288272.0,100.0,62148135106.0
2018-09-29,ZCH0D3EA,ST12000NM0007,12000138625024,0,84,233179536,95,0,100,4,100,0,89,839351381,93,6676,100,0,100,3,,,,,100.0,0.0,100.0,0.0,,,70.0,30.0,,,100.0,60.0,100.0,840.0,30,30,100,0,100,0,200,0,100.0,6382.0,100.0,43193715072.0,100.0,62508366634.0
2018-09-30,ZCH0D3EA,ST12000NM0007,12000138625024,0,82,144637408,95,0,100,4,100,0,89,845603385,93,6700,100,0,100,3,,,,,100.0,0.0,100.0,0.0,,,70.0,30.0,,,100.0,60.0,100.0,841.0,30,30,100,0,100,0,200,0,100.0,6406.0,100.0,43483116200.0,100.0,62862845634.0
2018-10-01,ZCH0D3EA,ST12000NM0007,12000138625024,0,76,38453536,95,0,100,4,100,0,89,851827735,93,6724,100,0,100,3,,,,,100.0,0.0,100.0,0.0,,,70.0,30.0,,,100.0,60.0,100.0,842.0,30,30,100,0,100,0,200,0,100.0,6430.0,100.0,43772340312.0,100.0,63199859986.0
2018-10-02,ZCH0D3EA,ST12000NM0007,12000138625024,0,83,181847888,95,0,100,4,100,0,89,858578443,93,6748,100,0,100,3,,,,,100.0,0.0,100.0,0.0,,,70.0,30.0,,,100.0,60.0,100.0,843.0,30,30,100,0,100,0,200,0,100.0,6454.0,100.0,44056646688.0,100.0,63547229290.0
2018-10-03,ZCH0D3EA,ST12000NM0007,12000138625024,0,84,233766160,95,0,100,4,100,0,89,864486118,93,6773,100,0,100,3,,,,,100.0,0.0,100.0,0.0,,,70.0,30.0,,,100.0,61.0,100.0,844.0,30,30,100,0,100,0,200,0,100.0,6478.0,100.0,44323674296.0,100.0,63820401274.0
2018-10-04,ZCH0D3EA,ST12000NM0007,12000138625024,0,82.0,153975696.0,95.0,0.0,100.0,4.0,100.0,0.0,89.0,869772355.0,93.0,6796.0,100.0,0.0,100.0,3.0,,,,,100.0,0.0,100.0,0.0,,,70.0,30.0,,,100.0,61.0,100.0,845.0,30.0,30.0,100.0,0.0,100.0,0.0,200.0,0.0,100.0,6501.0,100.0,44483787432.0,100.0,64068779114.0
2018-10-05,ZCH0D3EA,ST12000NM0007,12000138625024,0,81,125891112,95,0,100,4,100,0,89,875056970,93,6821,100,0,100,3,,,,,100.0,0.0,100.0,0.0,,,71.0,29.0,,,100.0,62.0,100.0,846.0,29,29,100,0,100,0,200,0,100.0,6526.0,100.0,44679043128.0,100.0,64333720186.0
2018-10-06,ZCH0D3EA,ST12000NM0007,12000138625024,0,79,79181336,95,0,100,4,100,0,89,880020671,93,6845,100,0,100,3,,,,,100.0,0.0,100.0,0.0,,,70.0,30.0,,,100.0,62.0,100.0,847.0,30,30,100,0,100,0,200,0,100.0,6550.0,100.0,44873093632.0,100.0,64581241170.0
2018-10-07,ZCH0D3EA,ST12000NM0007,12000138625024,0,82,144401568,95,0,100,4,100,0,89,884134261,93,6867,100,0,100,3,,,,,100.0,0.0,100.0,0.0,,,71.0,29.0,,,100.0,63.0,100.0,848.0,29,29,100,0,100,0,200,0,100.0,6573.0,100.0,44962967920.0,100.0,64800727938.0
2018-10-08,ZCH0D3EA,ST12000NM0007,12000138625024,0,82,169810960,95,0,100,4,100,0,89,887501995,93,6892,100,0,100,3,,,,,100.0,0.0,100.0,0.0,,,71.0,29.0,,,100.0,64.0,100.0,849.0,29,29,100,0,100,0,200,0,100.0,6597.0,100.0,44990330944.0,100.0,65042914946.0
2018-10-09,ZCH0D3EA,ST12000NM0007,12000138625024,0,81.0,124206480.0,95.0,0.0,100.0,4.0,100.0,0.0,89.0,890145324.0,93.0,6909.0,100.0,0.0,100.0,3.0,,,,,100.0,0.0,100.0,0.0,,,71.0,29.0,,,100.0,64.0,100.0,850.0,29.0,29.0,100.0,0.0,100.0,0.0,200.0,0.0,100.0,6614.0,100.0,44999515136.0,100.0,65232267018.0
2018-10-10,ZCH0D3EA,ST12000NM0007,12000138625024,0,81,120873864,95,0,100,4,100,0,90,891930076,93,6941,100,0,100,3,,,,,100.0,0.0,100.0,0.0,,,71.0,29.0,,,100.0,65.0,100.0,851.0,29,29,100,0,100,0,200,0,100.0,6646.0,100.0,45006406848.0,100.0,65466183362.0
2018-10-11,ZCH0D3EA,ST12000NM0007,12000138625024,0,76,40718120,95,0,100,4,100,0,90,894187603,93,6964,100,0,100,3,,,,,100.0,0.0,100.0,0.0,,,71.0,29.0,,,100.0,65.0,100.0,852.0,29,29,100,0,100,0,200,0,100.0,6669.0,100.0,45018690992.0,100.0,65617884258.0
2018-10-12,ZCH0D3EA,ST12000NM0007,12000138625024,0,84,232869664,95,0,100,4,100,0,90,895658270,93,6988,100,0,100,3,,,,,100.0,0.0,100.0,0.0,,,71.0,29.0,,,100.0,66.0,100.0,853.0,29,29,100,0,100,0,200,0,100.0,6693.0,100.0,45024058048.0,100.0,65804669002.0
2018-10-13,ZCH0D3EA,ST12000NM0007,12000138625024,0,83,187328424,95,0,100,4,100,0,90,897269295,92,7012,100,0,100,3,,,,,100.0,0.0,100.0,0.0,,,71.0,29.0,,,100.0,67.0,100.0,854.0,29,29,100,0,100,0,200,0,100.0,6717.0,100.0,45030106784.0,100.0,65997219706.0
2018-10-14,ZCH0D3EA,ST12000NM0007,12000138625024,0,81,136638280,95,0,100,4,100,0,90,899335112,92,7037,100,0,100,3,,,,,100.0,0.0,100.0,0.0,,,71.0,29.0,,,100.0,68.0,100.0,855.0,29,29,100,0,100,0,200,0,100.0,6741.0,100.0,45037274872.0,100.0,66183502330.0
2018-10-15,ZCH0D3EA,ST12000NM0007,12000138625024,0,78,58569224,95,0,100,4,100,0,90,900981978,92,7060,100,0,100,3,,,,,100.0,0.0,100.0,0.0,,,71.0,29.0,,,100.0,69.0,100.0,856.0,29,29,100,0,100,0,200,0,100.0,6764.0,100.0,45044574016.0,100.0,66342274994.0
2018-10-16,ZCH0D3EA,ST12000NM0007,12000138625024,0,76,37934208,95,0,100,4,100,0,90,903482171,92,7085,100,0,100,3,,,,,100.0,0.0,100.0,0.0,,,72.0,28.0,,,100.0,69.0,100.0,857.0,28,28,100,0,100,0,200,0,100.0,6789.0,100.0,45059654400.0,100.0,66550700386.0
2018-10-17,ZCH0D3EA,ST12000NM0007,12000138625024,0,74,23445960,95,0,100,4,100,0,90,905746823,92,7108,100,0,100,3,,,,,100.0,0.0,100.0,0.0,,,71.0,29.0,,,100.0,69.0,100.0,858.0,29,29,100,0,100,0,200,0,100.0,6812.0,100.0,45071395104.0,100.0,66768612090.0
2018-10-18,ZCH0D3EA,ST12000NM0007,12000138625024,0,83,191910680,95,0,100,4,100,0,90,907915757,92,7129,100,0,100,3,,,,,100.0,0.0,100.0,0.0,,,71.0,29.0,,,100.0,70.0,100.0,859.0,29,29,100,0,100,0,200,0,100.0,6833.0,100.0,45085736512.0,100.0,66922735402.0
2018-10-19,ZCH0D3EA,ST12000NM0007,12000138625024,0,81,134353104,95,0,100,4,100,0,90,909438612,92,7154,100,0,100,3,,,,,100.0,0.0,100.0,0.0,,,72.0,28.0,,,100.0,70.0,100.0,860.0,28,28,100,0,100,0,200,0,100.0,6857.0,100.0,45096997112.0,100.0,67098057874.0
2018-10-20,ZCH0D3EA,ST12000NM0007,12000138625024,0,80,96237784,95,0,100,4,100,0,90,911186857,92,7178,100,0,100,3,,,,,100.0,0.0,100.0,0.0,,,71.0,29.0,,,100.0,71.0,100.0,861.0,29,29,100,0,100,0,200,0,100.0,6881.0,100.0,45107423584.0,100.0,67293656730.0
2018-10-21,ZCH0D3EA,ST12000NM0007,12000138625024,0,76,42544216,95,0,100,4,100,0,90,912848030,92,7202,100,0,100,3,,,,,100.0,0.0,100.0,0.0,,,71.0,29.0,,,100.0,72.0,100.0,862.0,29,29,100,0,100,0,200,0,100.0,6905.0,100.0,45117608800.0,100.0,67473918618.0
2018-10-22,ZCH0D3EA,ST12000NM0007,12000138625024,0,84,224734552,95,0,100,4,100,0,90,915219378,92,7225,100,0,100,3,,,,,100.0,0.0,100.0,0.0,,,71.0,29.0,,,100.0,73.0,100.0,863.0,29,29,100,0,100,0,200,0,100.0,6929.0,100.0,45132970512.0,100.0,67640747242.0
2018-10-23,ZCH0D3EA,ST12000NM0007,12000138625024,0,69,7779376,95,0,100,4,100,0,90,918390500,92,7249,100,0,100,3,,,,,100.0,0.0,100.0,0.0,,,71.0,29.0,,,100.0,73.0,100.0,864.0,29,29,100,0,100,0,200,0,100.0,6953.0,100.0,45179661184.0,100.0,67865382754.0
2018-10-25,ZCH0D3EA,ST12000NM0007,12000138625024,0,74,27830072,95,0,100,4,100,0,90,924073235,92,7297,100,0,100,3,,,,,100.0,0.0,100.0,0.0,,,70.0,30.0,,,100.0,74.0,100.0,866.0,30,30,100,0,100,0,200,0,100.0,7000.0,100.0,45313234160.0,100.0,68240141866.0
2018-10-26,ZCH0D3EA,ST12000NM0007,12000138625024,0,74,23334672,95,0,100,4,100,0,90,926788902,92,7320,100,0,100,3,,,,,100.0,0.0,100.0,0.0,,,70.0,30.0,,,100.0,75.0,100.0,867.0,30,30,100,0,100,0,200,0,100.0,7023.0,100.0,45393108848.0,100.0,68399912498.0
2018-10-27,ZCH0D3EA,ST12000NM0007,12000138625024,0,75,32419008,95,0,100,4,100,0,90,929548408,92,7346,100,0,100,3,,,,,100.0,0.0,100.0,0.0,,,70.0,30.0,,,100.0,75.0,100.0,868.0,30,30,100,0,100,0,200,0,100.0,7048.0,100.0,45468448784.0,100.0,68577797650.0
2018-10-28,ZCH0D3EA,ST12000NM0007,12000138625024,0,77,51264672,95,0,100,4,100,0,90,932158715,92,7369,100,0,100,3,,,,,100.0,0.0,100.0,0.0,,,71.0,29.0,,,100.0,76.0,100.0,869.0,29,29,100,0,100,0,200,0,100.0,7072.0,100.0,45539766216.0,100.0,68769469578.0
2018-10-29,ZCH0D3EA,ST12000NM0007,12000138625024,0,77,47190848,95,0,100,4,100,0,90,934517130,92,7393,100,0,100,3,,,,,100.0,0.0,100.0,0.0,,,70.0,30.0,,,100.0,77.0,100.0,870.0,30,30,100,0,100,0,200,0,100.0,7096.0,100.0,45589136024.0,100.0,68960166610.0
2018-10-30,ZCH0D3EA,ST12000NM0007,12000138625024,0,81,138119304,95,0,100,4,100,0,90,938478763,92,7416,100,0,100,3,,,,,100.0,0.0,100.0,0.0,,,71.0,29.0,,,100.0,77.0,100.0,871.0,29,29,100,0,100,0,200,0,100.0,7119.0,100.0,45683990016.0,100.0,69200381706.0
2018-10-31,ZCH0D3EA,ST12000NM0007,12000138625024,0,82,162903024,95.0,0.0,100.0,4.0,100.0,0.0,90.0,941075890.0,92,7441,100.0,0.0,100,3,,,,,100.0,0.0,100.0,0.0,,,70.0,30.0,,,100.0,78.0,100.0,872.0,30,30,100.0,0.0,100.0,0.0,200.0,0.0,100.0,7143.0,100.0,45768232016.0,100.0,69385064282.0
2018-11-01,ZCH0D3EA,ST12000NM0007,12000138625024,0,83,184121888,95.0,0.0,100.0,4.0,100.0,0.0,90.0,944241732.0,92,7462,100.0,0.0,100,3,,,,,100.0,0.0,100.0,0.0,,,69.0,31.0,,,100.0,79.0,100.0,873.0,31,31,100.0,0.0,100.0,0.0,200.0,0.0,100.0,7165.0,100.0,45846512120.0,100.0,69572143674.0
2018-11-02,ZCH0D3EA,ST12000NM0007,12000138625024,0,83,187097016,95.0,0.0,100.0,4.0,100.0,0.0,90.0,947053791.0,92,7486,100.0,0.0,100,3,,,,,100.0,0.0,100.0,0.0,,,69.0,31.0,,,100.0,79.0,100.0,874.0,31,31,100.0,0.0,100.0,0.0,200.0,0.0,100.0,7188.0,100.0,45927817608.0,100.0,69737953994.0
2018-11-03,ZCH0D3EA,ST12000NM0007,12000138625024,0,83,207011000,95.0,0.0,100.0,4.0,100.0,0.0,90.0,950012308.0,92,7510,100.0,0.0,100,3,,,,,100.0,0.0,100.0,0.0,,,70.0,30.0,,,100.0,79.0,100.0,875.0,30,30,100.0,0.0,100.0,0.0,200.0,0.0,100.0,7212.0,100.0,46000831952.0,100.0,69928994322.0
2018-11-04,ZCH0D3EA,ST12000NM0007,12000138625024,0,84,226990576,95.0,0.0,100.0,4.0,100.0,0.0,90.0,952947313.0,92,7533,100.0,0.0,100,3,,,,,100.0,0.0,100.0,0.0,,,70.0,30.0,,,100.0,79.0,100.0,876.0,30,30,100.0,0.0,100.0,0.0,200.0,0.0,100.0,7236.0,100.0,46069365024.0,100.0,70124581522.0
2018-11-05,ZCH0D3EA,ST12000NM0007,12000138625024,0,84,240598960,95.0,0.0,100.0,4.0,100.0,0.0,90.0,955896539.0,92,7558,100.0,0.0,100,3,,,,,100.0,0.0,100.0,0.0,,,70.0,30.0,,,100.0,79.0,100.0,878.0,30,30,100.0,0.0,100.0,0.0,200.0,0.0,100.0,7260.0,100.0,46142922784.0,100.0,70308772842.0
2018-11-06,ZCH0D3EA,ST12000NM0007,12000138625024,0,80.0,97255160.0,95.0,0.0,100.0,4.0,100.0,0.0,90.0,960286927.0,92.0,7582.0,100.0,0.0,100.0,3.0,,,,,100.0,0.0,100.0,0.0,,,70.0,30.0,,,100.0,79.0,100.0,878.0,30.0,30.0,100.0,0.0,100.0,0.0,200.0,0.0,100.0,7284.0,100.0,46244089744.0,100.0,70552543506.0
2018-11-07,ZCH0D3EA,ST12000NM0007,12000138625024,0,83.0,179757216.0,95.0,0.0,100.0,4.0,100.0,0.0,90.0,964044020.0,92.0,7606.0,100.0,0.0,100.0,3.0,,,,,100.0,0.0,100.0,0.0,,,70.0,30.0,,,100.0,79.0,100.0,879.0,30.0,30.0,100.0,0.0,100.0,0.0,200.0,0.0,100.0,7308.0,100.0,46334600304.0,100.0,70788676138.0
2018-11-08,ZCH0D3EA,ST12000NM0007,12000138625024,0,74.0,27433776.0,95.0,0.0,100.0,4.0,100.0,0.0,90.0,968197520.0,92.0,7635.0,100.0,0.0,100.0,3.0,,,,,100.0,0.0,100.0,0.0,,,71.0,29.0,,,100.0,80.0,100.0,881.0,29.0,29.0,100.0,0.0,100.0,0.0,200.0,0.0,100.0,7336.0,100.0,46438982104.0,100.0,71020252482.0
2018-11-09,ZCH0D3EA,ST12000NM0007,12000138625024,0,78,62115664,95.0,0.0,100.0,4.0,100.0,0.0,90.0,971134617.0,92,7659,100.0,0.0,100,3,,,,,100.0,0.0,100.0,0.0,,,71.0,29.0,,,100.0,80.0,100.0,882.0,29,29,100.0,0.0,100.0,0.0,200.0,0.0,100.0,7360.0,100.0,46512952880.0,100.0,71225104258.0
2018-11-10,ZCH0D3EA,ST12000NM0007,12000138625024,0,80,96581088,95.0,0.0,100.0,4.0,100.0,0.0,90.0,974299376.0,92,7684,100.0,0.0,100,3,,,,,100.0,0.0,100.0,0.0,,,71.0,29.0,,,100.0,80.0,100.0,883.0,29,29,100.0,0.0,100.0,0.0,200.0,0.0,100.0,7385.0,100.0,46606061688.0,100.0,71410601538.0
2018-11-11,ZCH0D3EA,ST12000NM0007,12000138625024,0,83,180657552,95.0,0.0,100.0,4.0,100.0,0.0,90.0,977747152.0,92,7707,100.0,0.0,100,3,,,,,100.0,0.0,100.0,0.0,,,71.0,29.0,,,100.0,80.0,100.0,884.0,29,29,100.0,0.0,100.0,0.0,200.0,0.0,100.0,7409.0,100.0,46733358968.0,100.0,71611521402.0
2018-11-12,ZCH0D3EA,ST12000NM0007,12000138625024,0,76,39109112,95.0,0.0,100.0,4.0,100.0,0.0,90.0,981187420.0,92,7732,100.0,0.0,100,3,,,,,100.0,0.0,100.0,0.0,,,71.0,29.0,,,100.0,80.0,100.0,885.0,29,29,100.0,0.0,100.0,0.0,200.0,0.0,100.0,7433.0,100.0,46858308152.0,100.0,71833305434.0
2018-11-13,ZCH0D3EA,ST12000NM0007,12000138625024,0,81,115577728,95.0,0.0,100.0,4.0,100.0,0.0,90.0,985205958.0,92,7755,100.0,0.0,100,3,,,,,100.0,0.0,100.0,0.0,,,71.0,29.0,,,100.0,81.0,100.0,886.0,29,29,100.0,0.0,100.0,0.0,200.0,0.0,100.0,7456.0,100.0,46946720448.0,100.0,72065502410.0
2018-11-14,ZCH0D3EA,ST12000NM0007,12000138625024,0,82,156939664,95.0,0.0,100.0,4.0,100.0,0.0,90.0,988180521.0,92,7779,100.0,0.0,100,3,,,,,100.0,0.0,100.0,0.0,,,70.0,30.0,,,100.0,82.0,100.0,887.0,30,30,100.0,0.0,100.0,0.0,200.0,0.0,100.0,7480.0,100.0,47031130672.0,100.0,72266594794.0
2018-11-15,ZCH0D3EA,ST12000NM0007,12000138625024,0,83,185221808,95.0,0.0,100.0,4.0,100.0,0.0,90.0,991606117.0,92,7803,100.0,0.0,100,3,,,,,100.0,0.0,100.0,0.0,,,70.0,30.0,,,100.0,82.0,100.0,888.0,30,30,100.0,0.0,100.0,0.0,200.0,0.0,100.0,7503.0,100.0,47104974112.0,100.0,72465174290.0
2018-11-16,ZCH0D3EA,ST12000NM0007,12000138625024,0,83,204661536,95.0,0.0,100.0,4.0,100.0,0.0,90.0,994431579.0,92,7828,100.0,0.0,100,3,,,,,100.0,0.0,100.0,0.0,,,71.0,29.0,,,100.0,82.0,100.0,889.0,29,29,100.0,0.0,100.0,0.0,200.0,0.0,100.0,7528.0,100.0,47188175952.0,100.0,72645552930.0
2018-11-17,ZCH0D3EA,ST12000NM0007,12000138625024,0,82.0,175899304.0,95.0,0.0,100.0,4.0,100.0,0.0,90.0,996729068.0,92.0,7851.0,100.0,0.0,100.0,3.0,,,,,100.0,0.0,100.0,0.0,,,70.0,30.0,,,100.0,83.0,100.0,890.0,30.0,30.0,100.0,0.0,100.0,0.0,200.0,0.0,100.0,7552.0,100.0,47242230008.0,100.0,72806877338.0
2018-11-18,ZCH0D3EA,ST12000NM0007,12000138625024,0,83,197550376,95.0,0.0,100.0,4.0,100.0,0.0,90.0,999566828.0,92,7875,100.0,0.0,100,3,,,,,100.0,0.0,100.0,0.0,,,70.0,30.0,,,100.0,83.0,100.0,891.0,30,30,100.0,0.0,100.0,0.0,200.0,0.0,100.0,7575.0,100.0,47334631480.0,100.0,72980267778.0
2018-11-19,ZCH0D3EA,ST12000NM0007,12000138625024,0,73,20894096,95.0,0.0,100.0,4.0,100.0,0.0,65.0,3465477.0,91,7900,100.0,0.0,100,3,,,,,100.0,0.0,100.0,0.0,,,69.0,31.0,,,100.0,83.0,100.0,892.0,31,31,100.0,0.0,100.0,0.0,200.0,0.0,100.0,7600.0,100.0,47427179944.0,100.0,73199346818.0
2018-11-20,ZCH0D3EA,ST12000NM0007,12000138625024,0,76,39659824,95.0,0.0,100.0,4.0,100.0,0.0,68.0,6830501.0,91,7923,100.0,0.0,100,3,,,,,100.0,0.0,100.0,0.0,,,70.0,30.0,,,100.0,83.0,100.0,893.0,30,30,100.0,0.0,100.0,0.0,200.0,0.0,100.0,7624.0,100.0,47483397912.0,100.0,73406035250.0
2018-11-21,ZCH0D3EA,ST12000NM0007,12000138625024,0,77,45188880,95.0,0.0,100.0,4.0,100.0,0.0,70.0,9427598.0,91,7948,100.0,0.0,100,3,,,,,100.0,0.0,100.0,0.0,,,70.0,30.0,,,100.0,83.0,100.0,894.0,30,30,100.0,0.0,100.0,0.0,200.0,0.0,100.0,7648.0,100.0,47555554144.0,100.0,73583548954.0
2018-11-22,ZCH0D3EA,ST12000NM0007,12000138625024,0,80,103651896,95.0,0.0,100.0,4.0,100.0,0.0,71.0,13084705.0,91,7972,100.0,0.0,100,3,,,,,100.0,0.0,100.0,0.0,,,67.0,33.0,,,100.0,83.0,100.0,895.0,33,33,100.0,0.0,100.0,0.0,200.0,0.0,100.0,7672.0,100.0,47648089680.0,100.0,73793617114.0
2018-11-23,ZCH0D3EA,ST12000NM0007,12000138625024,0,80,91840976,95.0,0.0,100.0,4.0,100.0,0.0,72.0,15397582.0,91,7996,100.0,0.0,100,3,,,,,100.0,0.0,100.0,0.0,,,71.0,29.0,,,100.0,84.0,100.0,896.0,29,29,100.0,0.0,100.0,0.0,200.0,0.0,100.0,7696.0,100.0,47703120296.0,100.0,73970916226.0
2018-11-24,ZCH0D3EA,ST12000NM0007,12000138625024,0,80,94242232,95.0,0.0,100.0,4.0,100.0,0.0,73.0,17922214.0,91,8019,100.0,0.0,100,3,,,,,100.0,0.0,100.0,0.0,,,71.0,29.0,,,100.0,84.0,100.0,897.0,29,29,100.0,0.0,100.0,0.0,200.0,0.0,100.0,7719.0,100.0,47777555904.0,100.0,74143022554.0
2018-11-25,ZCH0D3EA,ST12000NM0007,12000138625024,0,80,92819032,95.0,0.0,100.0,4.0,100.0,0.0,73.0,20434023.0,91,8043,100.0,0.0,100,3,,,,,100.0,0.0,100.0,0.0,,,70.0,30.0,,,100.0,84.0,100.0,898.0,30,30,100.0,0.0,100.0,0.0,200.0,0.0,100.0,7743.0,100.0,47848184128.0,100.0,74315114170.0
2018-11-26,ZCH0D3EA,ST12000NM0007,12000138625024,0,81,119933072,95.0,0.0,100.0,4.0,100.0,0.0,74.0,22997262.0,91,8067,100.0,0.0,100,3,,,,,100.0,0.0,100.0,0.0,,,70.0,30.0,,,100.0,85.0,100.0,899.0,30,30,100.0,0.0,100.0,0.0,200.0,0.0,100.0,7767.0,100.0,47931608512.0,100.0,74502944786.0
2018-11-27,ZCH0D3EA,ST12000NM0007,12000138625024,0,83,191532064,95.0,0.0,100.0,4.0,100.0,0.0,74.0,26732777.0,91,8092,100.0,0.0,100,3,,,,,100.0,0.0,100.0,0.0,,,71.0,29.0,,,100.0,86.0,100.0,900.0,29,29,100.0,0.0,100.0,0.0,200.0,0.0,100.0,7791.0,100.0,48019138536.0,100.0,74731154386.0
2018-11-28,ZCH0D3EA,ST12000NM0007,12000138625024,0,83,210192400,95.0,0.0,100.0,4.0,100.0,0.0,75.0,29186200.0,91,8115,100.0,0.0,100,3,,,,,100.0,0.0,100.0,0.0,,,70.0,30.0,,,100.0,86.0,100.0,901.0,30,30,100.0,0.0,100.0,0.0,200.0,0.0,100.0,7815.0,100.0,48083885864.0,100.0,74929208506.0
2018-11-29,ZCH0D3EA,ST12000NM0007,12000138625024,0,72,16909688,95.0,0.0,100.0,4.0,100.0,0.0,75.0,32882154.0,91,8140,100.0,0.0,100,3,,,,,100.0,0.0,100.0,0.0,,,72.0,28.0,,,100.0,86.0,100.0,902.0,28,28,100.0,0.0,100.0,0.0,200.0,0.0,100.0,7839.0,100.0,48177087688.0,100.0,75131006282.0
2018-11-30,ZCH0D3EA,ST12000NM0007,12000138625024,0,69,8744552,95.0,0.0,100.0,4.0,100.0,0.0,75.0,35307371.0,91,8164,100.0,0.0,100,3,,,,,100.0,0.0,100.0,0.0,,,73.0,27.0,,,100.0,86.0,100.0,903.0,27,27,100.0,0.0,100.0,0.0,200.0,0.0,100.0,7863.0,100.0,48251357152.0,100.0,75292712370.0
2018-12-01,ZCH0D3EA,ST12000NM0007,12000138625024,0,72,15182464,95.0,0.0,100.0,4.0,100.0,0.0,76.0,37785186.0,91,8187,100.0,0.0,100,3,,,,,100.0,0.0,100.0,0.0,,,73.0,27.0,,,100.0,87.0,100.0,904.0,27,27,100.0,0.0,100.0,0.0,200.0,0.0,100.0,7886.0,100.0,48338819536.0,100.0,75455828762.0
2018-12-02,ZCH0D3EA,ST12000NM0007,12000138625024,0,69,7348360,95.0,0.0,100.0,4.0,100.0,0.0,76.0,40808457.0,91,8211,100.0,0.0,100,3,,,,,100.0,0.0,100.0,0.0,,,73.0,27.0,,,100.0,88.0,100.0,905.0,27,27,100.0,0.0,100.0,0.0,200.0,0.0,100.0,7910.0,100.0,48439080248.0,100.0,75591874586.0
2018-12-03,ZCH0D3EA,ST12000NM0007,12000138625024,0,76,41495392,95.0,0.0,100.0,4.0,100.0,0.0,76.0,44240518.0,91,8236,100.0,0.0,100,3,,,,,100.0,0.0,100.0,0.0,,,73.0,27.0,,,100.0,89.0,100.0,906.0,27,27,100.0,0.0,100.0,0.0,200.0,0.0,100.0,7935.0,100.0,48540878800.0,100.0,75768364154.0
2018-12-04,ZCH0D3EA,ST12000NM0007,12000138625024,0,80,109663024,95.0,0.0,100.0,4.0,100.0,0.0,77.0,48023363.0,91,8259,100.0,0.0,100,3,,,,,100.0,0.0,100.0,0.0,,,73.0,27.0,,,100.0,89.0,100.0,907.0,27,27,100.0,0.0,100.0,0.0,200.0,0.0,100.0,7958.0,100.0,48645089056.0,100.0,75976462226.0
2018-12-05,ZCH0D3EA,ST12000NM0007,12000138625024,0,81.0,127854280.0,95.0,0.0,100.0,4.0,100.0,0.0,77.0,50676551.0,91.0,8283.0,100.0,0.0,100.0,3.0,,,,,100.0,0.0,100.0,0.0,,,73.0,27.0,,,100.0,90.0,100.0,908.0,27.0,27.0,100.0,0.0,100.0,0.0,200.0,0.0,100.0,7981.0,100.0,48741134080.0,100.0,76142749386.0
2018-12-06,ZCH0D3EA,ST12000NM0007,12000138625024,0,82,141395608,95.0,0.0,100.0,4.0,100.0,0.0,77.0,54028129.0,91,8309,100.0,0.0,100,3,,,,,100.0,0.0,100.0,0.0,,,73.0,27.0,,,100.0,91.0,100.0,909.0,27,27,100.0,0.0,100.0,0.0,200.0,0.0,100.0,8007.0,100.0,48840422744.0,100.0,76301142698.0
2018-12-07,ZCH0D3EA,ST12000NM0007,12000138625024,0,80,106209240,95.0,0.0,100.0,4.0,100.0,0.0,78.0,56532628.0,91,8333,100.0,0.0,100,3,,,,,100.0,0.0,100.0,0.0,,,73.0,27.0,,,100.0,92.0,100.0,910.0,27,27,100.0,0.0,100.0,0.0,200.0,0.0,100.0,8031.0,100.0,48908954696.0,100.0,76441565114.0
2018-12-08,ZCH0D3EA,ST12000NM0007,12000138625024,0,77,52407160,95.0,0.0,100.0,4.0,100.0,0.0,78.0,58962957.0,91,8358,100.0,0.0,100,3,,,,,100.0,0.0,100.0,0.0,,,73.0,27.0,,,100.0,93.0,100.0,911.0,27,27,100.0,0.0,100.0,0.0,200.0,0.0,100.0,8055.0,100.0,48959315104.0,100.0,76581543258.0
2018-12-09,ZCH0D3EA,ST12000NM0007,12000138625024,0,72,16309240,95.0,0.0,100.0,4.0,100.0,0.0,78.0,61491359.0,91,8381,100.0,0.0,100,3,,,,,100.0,0.0,100.0,0.0,,,73.0,27.0,,,100.0,93.0,100.0,912.0,27,27,100.0,0.0,100.0,0.0,200.0,0.0,100.0,8079.0,100.0,49015406912.0,100.0,76733494162.0
2018-12-10,ZCH0D3EA,ST12000NM0007,12000138625024,0,83,219306904,95.0,0.0,100.0,4.0,100.0,0.0,78.0,63927323.0,91,8405,100.0,0.0,100,3,,,,,100.0,0.0,100.0,0.0,,,73.0,27.0,,,100.0,94.0,100.0,913.0,27,27,100.0,0.0,100.0,0.0,200.0,0.0,100.0,8103.0,100.0,49080253712.0,100.0,76871645026.0
2018-12-11,ZCH0D3EA,ST12000NM0007,12000138625024,0,84,232499816,95.0,0.0,100.0,4.0,100.0,0.0,78.0,67517980.0,91,8429,100.0,0.0,100,3,,,,,100.0,0.0,100.0,0.0,,,73.0,27.0,,,100.0,94.0,100.0,914.0,27,27,100.0,0.0,100.0,0.0,200.0,0.0,100.0,8127.0,100.0,49157023136.0,100.0,77052209146.0
2018-12-12,ZCH0D3EA,ST12000NM0007,12000138625024,0,82,175030920,95.0,0.0,100.0,4.0,100.0,0.0,78.0,69923764.0,91,8452,100.0,0.0,100,3,,,,,100.0,0.0,100.0,0.0,,,72.0,28.0,,,100.0,95.0,100.0,915.0,28,28,100.0,0.0,100.0,0.0,200.0,0.0,100.0,8150.0,100.0,49231557000.0,100.0,77164347298.0
2018-12-13,ZCH0D3EA,ST12000NM0007,12000138625024,0,83,196830400,95.0,0.0,100.0,4.0,100.0,0.0,79.0,73561755.0,91,8477,100.0,0.0,100,3,,,,,100.0,0.0,100.0,0.0,,,71.0,29.0,,,100.0,95.0,100.0,916.0,29,29,100.0,0.0,100.0,0.0,200.0,0.0,100.0,8175.0,100.0,49303576712.0,100.0,77358267866.0
2018-12-14,ZCH0D3EA,ST12000NM0007,12000138625024,0,83,190137456,95.0,0.0,100.0,4.0,100.0,0.0,79.0,76460121.0,91,8502,100.0,0.0,100,3,,,,,100.0,0.0,100.0,0.0,,,72.0,28.0,,,100.0,96.0,100.0,917.0,28,28,100.0,0.0,100.0,0.0,200.0,0.0,100.0,8199.0,100.0,49377876808.0,100.0,77521415482.0
2018-12-15,ZCH0D3EA,ST12000NM0007,12000138625024,0,83,184920280,95.0,0.0,100.0,4.0,100.0,0.0,79.0,79094156.0,91,8525,100.0,0.0,100,3,,,,,100.0,0.0,100.0,0.0,,,72.0,28.0,,,100.0,97.0,100.0,918.0,28,28,100.0,0.0,100.0,0.0,200.0,0.0,100.0,8223.0,100.0,49439088960.0,100.0,77699126874.0
2018-12-16,ZCH0D3EA,ST12000NM0007,12000138625024,0,83,219198048,95.0,0.0,100.0,4.0,100.0,0.0,79.0,82096401.0,91,8549,100.0,0.0,100,3,,,,,100.0,0.0,100.0,0.0,,,71.0,29.0,,,100.0,98.0,100.0,919.0,29,29,100.0,0.0,100.0,0.0,200.0,0.0,100.0,8247.0,100.0,49513828624.0,100.0,77902805706.0
2018-12-17,ZCH0D3EA,ST12000NM0007,12000138625024,0,84,230680120,95.0,0.0,100.0,4.0,100.0,0.0,79.0,85392491.0,91,8573,100.0,0.0,100,3,,,,,100.0,0.0,100.0,0.0,,,72.0,28.0,,,100.0,99.0,100.0,920.0,28,28,100.0,0.0,100.0,0.0,200.0,0.0,100.0,8270.0,100.0,49583183600.0,100.0,78089073586.0
2018-12-18,ZCH0D3EA,ST12000NM0007,12000138625024,0,76,42138640,95.0,0.0,100.0,4.0,100.0,0.0,80.0,90019353.0,91,8597,100.0,0.0,100,3,,,,,100.0,0.0,100.0,0.0,,,72.0,28.0,,,100.0,100.0,100.0,921.0,28,28,100.0,0.0,100.0,0.0,200.0,0.0,100.0,8294.0,100.0,49651489480.0,100.0,78320508578.0
2018-12-19,ZCH0D3EA,ST12000NM0007,12000138625024,0,77,50278000,95.0,0.0,100.0,4.0,100.0,0.0,80.0,92919134.0,91,8621,100.0,0.0,100,3,,,,,100.0,0.0,100.0,0.0,,,71.0,29.0,,,100.0,100.0,100.0,922.0,29,29,100.0,0.0,100.0,0.0,200.0,0.0,100.0,8318.0,100.0,49732180104.0,100.0,78492098098.0
2018-12-20,ZCH0D3EA,ST12000NM0007,12000138625024,0,79,71500432,95.0,0.0,100.0,4.0,100.0,0.0,80.0,96736375.0,91,8645,100.0,0.0,100,3,,,,,100.0,0.0,100.0,0.0,,,71.0,29.0,,,100.0,100.0,100.0,923.0,29,29,100.0,0.0,100.0,0.0,200.0,0.0,100.0,8342.0,100.0,49824866944.0,100.0,78664774602.0
2018-12-21,ZCH0D3EA,ST12000NM0007,12000138625024,0,78,61948224,95.0,0.0,100.0,4.0,100.0,0.0,80.0,99308412.0,91,8669,100.0,0.0,100,3,,,,,100.0,0.0,100.0,0.0,,,71.0,29.0,,,100.0,101.0,100.0,924.0,29,29,100.0,0.0,100.0,0.0,200.0,0.0,100.0,8365.0,100.0,49883162640.0,100.0,78841067330.0
2018-12-22,ZCH0D3EA,ST12000NM0007,12000138625024,0,83,212922130,95.0,0.0,100.0,4.0,100.0,0.0,80.0,101181900.0,91,8686,100.0,0.0,100,3,,,,,100.0,0.0,100.0,0.0,,,71.0,29.0,,,100.0,101.0,100.0,930.0,29,29,100.0,0.0,100.0,0.0,200.0,0.0,100.0,8382.0,100.0,49930141896.0,100.0,78945061980.0
2018-12-23,ZCH0D3EA,ST12000NM0007,12000138625024,0,100,2015864,95.0,0.0,100.0,4.0,100.0,0.0,80.0,104083723.0,91,8710,100.0,0.0,100,3,,,,,100.0,0.0,100.0,0.0,,,71.0,29.0,,,100.0,102.0,100.0,931.0,29,29,100.0,0.0,100.0,0.0,200.0,0.0,100.0,8405.0,100.0,50018466104.0,100.0,79134113044.0
2018-12-24,ZCH0D3EA,ST12000NM0007,12000138625024,0,84,243060888,95.0,0.0,100.0,4.0,100.0,0.0,80.0,106779438.0,91,8734,100.0,0.0,100,3,,,,,100.0,0.0,100.0,0.0,,,72.0,28.0,,,100.0,103.0,100.0,932.0,28,28,100.0,0.0,100.0,0.0,200.0,0.0,100.0,8430.0,100.0,50083175736.0,100.0,79310448436.0
2018-12-25,ZCH0D3EA,ST12000NM0007,12000138625024,0,77,49239352,95.0,0.0,100.0,4.0,100.0,0.0,80.0,110469095.0,91,8758,100.0,0.0,100,3,,,,,100.0,0.0,100.0,0.0,,,71.0,29.0,,,100.0,104.0,100.0,933.0,29,29,100.0,0.0,100.0,0.0,200.0,0.0,100.0,8453.0,100.0,50140417896.0,100.0,79547666180.0
2018-12-26,ZCH0D3EA,ST12000NM0007,12000138625024,0,75,29060104,95.0,0.0,100.0,4.0,100.0,0.0,81.0,112770417.0,90,8782,100.0,0.0,100,3,,,,,100.0,0.0,100.0,0.0,,,71.0,29.0,,,100.0,104.0,100.0,934.0,29,29,100.0,0.0,100.0,0.0,200.0,0.0,100.0,8478.0,100.0,50203807792.0,100.0,79708237964.0
2018-12-27,ZCH0D3EA,ST12000NM0007,12000138625024,0,100,502416,95.0,0.0,100.0,4.0,100.0,0.0,81.0,115561127.0,90,8806,100.0,0.0,100,3,,,,,100.0,0.0,100.0,0.0,,,71.0,29.0,,,100.0,104.0,100.0,935.0,29,29,100.0,0.0,100.0,0.0,200.0,0.0,100.0,8502.0,100.0,50266334192.0,100.0,79861294508.0
2018-12-28,ZCH0D3EA,ST12000NM0007,12000138625024,0,84,243617208,95.0,0.0,100.0,4.0,100.0,0.0,81.0,118385304.0,90,8830,100.0,0.0,100,3,,,,,100.0,0.0,100.0,0.0,,,72.0,28.0,,,100.0,104.0,100.0,936.0,28,28,100.0,0.0,100.0,0.0,200.0,0.0,100.0,8526.0,100.0,50327012808.0,100.0,80043730684.0
2018-12-29,ZCH0D3EA,ST12000NM0007,12000138625024,0,67,5484728,95.0,0.0,100.0,4.0,100.0,0.0,81.0,120928300.0,90,8855,100.0,0.0,100,3,,,,,100.0,0.0,100.0,0.0,,,72.0,28.0,,,100.0,105.0,100.0,937.0,28,28,100.0,0.0,100.0,0.0,200.0,0.0,100.0,8550.0,100.0,50403038720.0,100.0,80217853660.0
2018-12-30,ZCH0D3EA,ST12000NM0007,12000138625024,0,84,239342856,95.0,0.0,100.0,4.0,100.0,0.0,81.0,123252671.0,90,8878,100.0,0.0,100,3,,,,,100.0,0.0,100.0,0.0,,,72.0,28.0,,,100.0,105.0,100.0,938.0,28,28,100.0,0.0,100.0,0.0,200.0,0.0,100.0,8574.0,100.0,50467910688.0,100.0,80386839820.0
2018-12-31,ZCH0D3EA,ST12000NM0007,12000138625024,0,83,217404824,95.0,0.0,100.0,4.0,100.0,0.0,81.0,125776789.0,90,8902,100.0,0.0,100,3,,,,,100.0,0.0,100.0,0.0,,,72.0,28.0,,,100.0,106.0,100.0,939.0,28,28,100.0,0.0,100.0,0.0,200.0,0.0,100.0,8597.0,100.0,50556610336.0,100.0,80520342836.0
