2018-02-12,ZCH01ZQQ,ST12000NM0007,12000138625024,0,83,182105792,99,0,100,1,100,0,63,2194292,100,82,100,0,100,1,,,,,100.0,0.0,100.0,0.0,,,73.0,27.0,,,100.0,0.0,100.0,156.0,27,27,100,0,100,0,200,0,100.0,29.0,100.0,644607560.0,100.0,269960802.0
2018-02-13,ZCH01ZQQ,ST12000NM0007,12000138625024,0,83,182318594,99,0,100,1,100,0,63,2214150,100,103,100,0,100,1,,,,,100.0,0.0,100.0,0.0,,,74.0,26.0,,,100.0,1.0,100.0,157.0,26,26,100,0,100,0,200,0,100.0,51.0,100.0,644616776.0,100.0,270164388.0
2018-02-14,ZCH01ZQQ,ST12000NM0007,12000138625024,0,83,182451882,99,0,100,1,100,0,63,2234486,100,127,100,0,100,1,,,,,100.0,0.0,100.0,0.0,,,74.0,26.0,,,100.0,1.0,100.0,226.0,26,26,100,0,100,0,200,0,100.0,66.0,100.0,644625624.0,100.0,270288828.0
2018-02-15,ZCH01ZQQ,ST12000NM0007,12000138625024,0,83,182659834,99,0,100,1,100,0,64,2256768,100,151,100,0,100,1,,,,,100.0,0.0,100.0,0.0,,,74.0,26.0,,,100.0,2.0,100.0,227.0,26,26,100,0,100,0,200,0,100.0,90.0,100.0,644634472.0,100.0,270487932.0
2018-02-16,ZCH01ZQQ,ST12000NM0007,12000138625024,0,83,182869442,99,0,100,1,100,0,64,2278274,100,175,100,0,100,1,,,,,100.0,0.0,100.0,0.0,,,74.0,26.0,,,100.0,3.0,100.0,228.0,26,26,100,0,100,0,200,0,100.0,114.0,100.0,644643320.0,100.0,270688692.0
2018-02-17,ZCH01ZQQ,ST12000NM0007,12000138625024,0,83,183077978,99,0,100,1,100,0,64,2300549,100,199,100,0,100,1,,,,,100.0,0.0,100.0,0.0,,,74.0,26.0,,,100.0,4.0,100.0,229.0,26,26,100,0,100,0,200,0,100.0,138.0,100.0,644652736.0,100.0,270887812.0
2018-02-18,ZCH01ZQQ,ST12000NM0007,12000138625024,0,83,183278258,99,0,100,1,100,0,64,2322119,100,223,100,0,100,1,,,,,100.0,0.0,100.0,0.0,,,74.0,26.0,,,100.0,5.0,100.0,230.0,26,26,100,0,100,0,200,0,100.0,161.0,100.0,644662208.0,100.0,271078620.0
2018-02-19,ZCH01ZQQ,ST12000NM0007,12000138625024,0,83,183486602,99,0,100,1,100,0,64,2344560,100,247,100,0,100,1,,,,,100.0,0.0,100.0,0.0,,,74.0,26.0,,,100.0,6.0,100.0,231.0,26,26,100,0,100,0,200,0,100.0,185.0,100.0,644671448.0,100.0,271277724.0
2018-02-20,ZCH01ZQQ,ST12000NM0007,12000138625024,0,83,183694722,99,0,100,1,100,0,64,2366821,100,271,100,0,100,1,,,,,100.0,0.0,100.0,0.0,,,74.0,26.0,,,100.0,7.0,100.0,232.0,26,26,100,0,100,0,200,0,100.0,210.0,100.0,644680464.0,100.0,271476828.0
2018-02-21,ZCH01ZQQ,ST12000NM0007,12000138625024,0,83,183894322,99,0,100,1,100,0,64,2388071,100,295,100,0,100,1,,,,,100.0,0.0,100.0,0.0,,,74.0,26.0,,,100.0,8.0,100.0,233.0,26,26,100,0,100,0,200,0,100.0,233.0,100.0,644689256.0,100.0,271667636.0
2018-02-22,ZCH01ZQQ,ST12000NM0007,12000138625024,0,83,184102634,99,0,100,1,100,0,64,2410416,100,319,100,0,100,1,,,,,100.0,0.0,100.0,0.0,,,74.0,26.0,,,100.0,9.0,100.0,234.0,26,26,100,0,100,0,200,0,100.0,257.0,100.0,644698464.0,100.0,271866740.0
2018-02-23,ZCH01ZQQ,ST12000NM0007,12000138625024,0,83,184302122,99,0,100,1,100,0,64,2431876,100,343,100,0,100,1,,,,,100.0,0.0,100.0,0.0,,,72.0,28.0,,,100.0,9.0,100.0,234.0,28,28,100,0,100,0,200,0,100.0,281.0,100.0,644707144.0,100.0,272057548.0
2018-02-24,ZCH01ZQQ,ST12000NM0007,12000138625024,0,83,184510058,99,0,100,1,100,0,64,2454231,100,367,100,0,100,1,,,,,100.0,0.0,100.0,0.0,,,74.0,26.0,,,100.0,10.0,100.0,235.0,26,26,100,0,100,0,200,0,100.0,305.0,100.0,644715976.0,100.0,272256652.0
2018-02-25,ZCH01ZQQ,ST12000NM0007,12000138625024,0,83,184718866,99,0,100,1,100,0,64,2476570,100,391,100,0,100,1,,,,,100.0,0.0,100.0,0.0,,,73.0,27.0,,,100.0,11.0,100.0,236.0,27,27,100,0,100,0,200,0,100.0,329.0,100.0,644725680.0,100.0,272455756.0
2018-02-26,ZCH01ZQQ,ST12000NM0007,12000138625024,0,83,184917778,99,0,100,1,100,0,64,2497941,100,415,100,0,100,1,,,,,100.0,0.0,100.0,0.0,,,74.0,26.0,,,100.0,12.0,100.0,237.0,26,26,100,0,100,0,200,0,100.0,352.0,100.0,644733784.0,100.0,272646564.0
2018-02-27,ZCH01ZQQ,ST12000NM0007,12000138625024,0,83,185126138,99,0,100,1,100,0,64,2520519,100,439,100,0,100,1,,,,,100.0,0.0,100.0,0.0,,,72.0,28.0,,,100.0,14.0,100.0,239.0,28,28,100,0,100,0,200,0,100.0,377.0,100.0,644743040.0,100.0,272845668.0
2018-02-28,ZCH01ZQQ,ST12000NM0007,12000138625024,0,83,185325858,99,0,100,1,100,0,64,2542040,100,462,100,0,100,1,,,,,100.0,0.0,100.0,0.0,,,74.0,26.0,,,100.0,14.0,100.0,239.0,26,26,100,0,100,0,200,0,100.0,400.0,100.0,644751952.0,100.0,273036476.0
2018-03-01,ZCH01ZQQ,ST12000NM0007,12000138625024,0,83,185534002,99,0,100,1,100,0,64,2564203,100,487,100,0,100,1,,,,,100.0,0.0,100.0,0.0,,,74.0,26.0,,,100.0,16.0,100.0,241.0,26,26,100,0,100,0,200,0,100.0,424.0,100.0,644760992.0,100.0,273235580.0
2018-03-02,ZCH01ZQQ,ST12000NM0007,12000138625024,0,83,185747690,99,0,100,1,100,0,64,2586604,100,511,100,0,100,1,,,,,100.0,0.0,100.0,0.0,,,73.0,27.0,,,100.0,17.0,100.0,242.0,27,27,100,0,100,0,200,0,100.0,448.0,100.0,644770216.0,100.0,273440044.0
2018-03-03,ZCH01ZQQ,ST12000NM0007,12000138625024,0,83,185947306,99,0,100,1,100,0,64,2608072,100,535,100,0,100,1,,,,,100.0,0.0,100.0,0.0,,,73.0,27.0,,,100.0,18.0,100.0,243.0,27,27,100,0,100,0,200,0,100.0,472.0,100.0,644779024.0,100.0,273630852.0
2018-03-04,ZCH01ZQQ,ST12000NM0007,12000138625024,0,83,186156242,99,0,100,1,100,0,64,2630628,100,559,100,0,100,1,,,,,100.0,0.0,100.0,0.0,,,74.0,26.0,,,100.0,19.0,100.0,244.0,26,26,100,0,100,0,200,0,100.0,496.0,100.0,644788856.0,100.0,273829956.0
2018-03-05,ZCH01ZQQ,ST12000NM0007,12000138625024,0,83,186364098,99,0,100,1,100,0,64,2652782,100,583,100,0,100,1,,,,,100.0,0.0,100.0,0.0,,,74.0,26.0,,,100.0,20.0,100.0,245.0,26,26,100,0,100,0,200,0,100.0,520.0,100.0,644797608.0,100.0,274029060.0
2018-03-06,ZCH01ZQQ,ST12000NM0007,12000138625024,0,83,186589634,99,0,100,1,100,0,64,2676950,100,610,100,0,100,1,,,,,100.0,0.0,100.0,0.0,,,74.0,26.0,,,100.0,21.0,100.0,246.0,26,26,100,0,100,0,200,0,100.0,546.0,100.0,644807448.0,100.0,274244756.0
2018-03-07,ZCH01ZQQ,ST12000NM0007,12000138625024,0,84.0,243108994.0,99.0,0.0,100.0,1.0,100.0,0.0,65.0,3225039.0,100.0,633.0,100.0,0.0,100.0,1.0,,,,,100.0,0.0,100.0,0.0,,,72.0,28.0,,,100.0,21.0,100.0,247.0,28.0,28.0,100.0,0.0,100.0,0.0,200.0,0.0,100.0,570.0,100.0,700999688.0,100.0,274571876.0
2018-03-08,ZCH01ZQQ,ST12000NM0007,12000138625024,0,84,240092616,99,0,100,1,100,0,68,5643525,100,655,100,0,100,1,,,,,100.0,0.0,100.0,0.0,,,73.0,27.0,,,100.0,21.0,100.0,248.0,27,27,100,0,100,0,200,0,100.0,591.0,100.0,938820944.0,100.0,277875140.0
2018-03-09,ZCH01ZQQ,ST12000NM0007,12000138625024,0,76,43932384,99,0,100,1,100,0,69,8383389,100,678,100,0,100,1,,,,,100.0,0.0,100.0,0.0,,,72.0,28.0,,,100.0,21.0,100.0,249.0,28,28,100,0,100,0,200,0,100.0,614.0,100.0,1224708728.0,100.0,284108588.0
2018-03-10,ZCH01ZQQ,ST12000NM0007,12000138625024,0,80,102659970,98,0,100,2,100,0,71,11242217,100,703,100,0,100,2,,,,,100.0,0.0,100.0,0.0,,,72.0,28.0,,,100.0,21.0,100.0,251.0,28,28,100,0,100,0,200,0,100.0,639.0,100.0,1519488136.0,100.0,292197686.0
2018-03-11,ZCH01ZQQ,ST12000NM0007,12000138625024,0,82,164466216,98,0,100,2,100,0,72,14156080,100,728,100,0,100,2,,,,,100.0,0.0,100.0,0.0,,,72.0,28.0,,,100.0,21.0,100.0,252.0,28,28,100,0,100,0,200,0,100.0,663.0,100.0,1817923520.0,100.0,299709174.0
2018-03-12,ZCH01ZQQ,ST12000NM0007,12000138625024,0,83,210215168,98,0,100,2,100,0,72,16927227,100,751,100,0,100,2,,,,,100.0,0.0,100.0,0.0,,,72.0,28.0,,,100.0,21.0,100.0,253.0,28,28,100,0,100,0,200,0,100.0,687.0,100.0,2100197504.0,100.0,307324774.0
2018-03-13,ZCH01ZQQ,ST12000NM0007,12000138625024,0,74,23256432,98,0,100,2,100,0,73,19817127,100,776,100,0,100,2,,,,,100.0,0.0,100.0,0.0,,,72.0,28.0,,,100.0,21.0,100.0,254.0,28,28,100,0,100,0,200,0,100.0,711.0,100.0,2395940552.0,100.0,312904550.0
2018-03-14,ZCH01ZQQ,ST12000NM0007,12000138625024,0,79,74375616,98,0,100,2,100,0,74,22622757,100,800,100,0,100,2,,,,,100.0,0.0,100.0,0.0,,,72.0,28.0,,,100.0,21.0,100.0,255.0,28,28,100,0,100,0,200,0,100.0,735.0,100.0,2680154936.0,100.0,323950254.0
2018-03-15,ZCH01ZQQ,ST12000NM0007,12000138625024,0,81,140149848,98,0,100,2,100,0,74,25684171,100,824,100,0,100,2,,,,,100.0,0.0,100.0,0.0,,,72.0,28.0,,,100.0,21.0,100.0,256.0,28,28,100,0,100,0,200,0,100.0,759.0,100.0,2976446424.0,100.0,337573886.0
2018-03-16,ZCH01ZQQ,ST12000NM0007,12000138625024,0,70.0,11029072.0,98.0,0.0,100.0,2.0,100.0,0.0,74.0,26762740.0,100.0,848.0,100.0,0.0,100.0,2.0,,,,,100.0,0.0,100.0,0.0,,,72.0,28.0,,,100.0,22.0,100.0,257.0,28.0,28.0,100.0,0.0,100.0,0.0,200.0,0.0,100.0,783.0,100.0,3087099720.0,100.0,341940606.0
2018-03-17,ZCH01ZQQ,ST12000NM0007,12000138625024,0,78,59577256,98,0,100,2,100,0,75,29571599,100,872,100,0,100,2,,,,,100.0,0.0,100.0,0.0,,,72.0,28.0,,,100.0,22.0,100.0,258.0,28,28,100,0,100,0,200,0,100.0,807.0,100.0,3374130488.0,100.0,347598678.0
2018-03-18,ZCH01ZQQ,ST12000NM0007,12000138625024,0,81,116812912,98,0,100,2,100,0,75,32555713,99,896,100,0,100,2,,,,,100.0,0.0,100.0,0.0,,,72.0,28.0,,,100.0,22.0,100.0,259.0,28,28,100,0,100,0,200,0,100.0,830.0,100.0,3658956096.0,100.0,364149374.0
2018-03-19,ZCH01ZQQ,ST12000NM0007,12000138625024,0,82,167423360,98,0,100,2,100,0,76,35524150,99,920,100,0,100,2,,,,,100.0,0.0,100.0,0.0,,,72.0,28.0,,,100.0,22.0,100.0,260.0,28,28,100,0,100,0,200,0,100.0,855.0,100.0,3945346816.0,100.0,372509758.0
2018-03-20,ZCH01ZQQ,ST12000NM0007,12000138625024,0,83,212850560,98,0,100,2,100,0,76,38454196,99,944,100,0,100,2,,,,,100.0,0.0,100.0,0.0,,,73.0,27.0,,,100.0,22.0,100.0,261.0,27,27,100,0,100,0,200,0,100.0,878.0,100.0,4223307624.0,100.0,384117070.0
2018-03-21,ZCH01ZQQ,ST12000NM0007,12000138625024,0,75,29867696,98,0,100,2,100,0,76,41398497,99,968,100,0,100,2,,,,,100.0,0.0,100.0,0.0,,,72.0,28.0,,,100.0,22.0,100.0,262.0,28,28,100,0,100,0,200,0,100.0,903.0,100.0,4522669696.0,100.0,390053830.0
2018-03-22,ZCH01ZQQ,ST12000NM0007,12000138625024,0,80,106326856,98,0,100,2,100,0,76,44564891,99,992,100,0,100,2,,,,,100.0,0.0,100.0,0.0,,,71.0,29.0,,,100.0,22.0,100.0,263.0,29,29,100,0,100,0,200,0,100.0,927.0,100.0,4825354992.0,100.0,407968454.0
2018-03-23,ZCH01ZQQ,ST12000NM0007,12000138625024,0,83,180257664,98,0,100,2,100,0,77,47417402,99,1016,100,0,100,2,,,,,100.0,0.0,100.0,0.0,,,71.0,29.0,,,100.0,22.0,100.0,264.0,29,29,100,0,100,0,200,0,100.0,950.0,100.0,5117580024.0,100.0,433814934.0
2018-03-24,ZCH01ZQQ,ST12000NM0007,12000138625024,0,84,228531096,98,0,100,2,100,0,77,50137301,99,1040,100,0,100,2,,,,,100.0,0.0,100.0,0.0,,,70.0,30.0,,,100.0,22.0,100.0,265.0,30,30,100,0,100,0,200,0,100.0,974.0,100.0,5405441552.0,100.0,438367614.0
2018-03-25,ZCH01ZQQ,ST12000NM0007,12000138625024,0,82,158310520,98,0,100,2,100,0,77,52085146,99,1064,100,0,100,2,,,,,100.0,0.0,100.0,0.0,,,70.0,30.0,,,100.0,22.0,100.0,266.0,30,30,100,0,100,0,200,0,100.0,998.0,100.0,5563878360.0,100.0,453850958.0
2018-03-26,ZCH01ZQQ,ST12000NM0007,12000138625024,0,84,228993056,98,0,100,2,100,0,77,55308965,99,1088,100,0,100,2,,,,,100.0,0.0,100.0,0.0,,,70.0,30.0,,,100.0,22.0,100.0,267.0,30,30,100,0,100,0,200,0,100.0,1022.0,100.0,5862779000.0,100.0,469773542.0
2018-03-27,ZCH01ZQQ,ST12000NM0007,12000138625024,0,77,50944152,98,0,100,2,100,0,78,58500693,99,1112,100,0,100,2,,,,,100.0,0.0,100.0,0.0,,,70.0,30.0,,,100.0,22.0,100.0,268.0,30,30,100,0,100,0,200,0,100.0,1046.0,100.0,6157284512.0,100.0,485500606.0
2018-03-28,ZCH01ZQQ,ST12000NM0007,12000138625024,0,81,122132056,98,0,100,2,100,0,78,61514471,99,1136,100,0,100,2,,,,,100.0,0.0,100.0,0.0,,,71.0,29.0,,,100.0,22.0,100.0,269.0,29,29,100,0,100,0,200,0,100.0,1069.0,100.0,6465489184.0,100.0,492624502.0
2018-03-29,ZCH01ZQQ,ST12000NM0007,12000138625024,0,83,194450120,98,0,100,2,100,0,78,64733718,99,1159,100,0,100,2,,,,,100.0,0.0,100.0,0.0,,,71.0,29.0,,,100.0,22.0,100.0,270.0,29,29,100,0,100,0,200,0,100.0,1093.0,100.0,6762394600.0,100.0,512177886.0
2018-03-30,ZCH01ZQQ,ST12000NM0007,12000138625024,0,75,28618840,98,0,100,2,100,0,78,67899101,99,1184,100,0,100,2,,,,,100.0,0.0,100.0,0.0,,,72.0,28.0,,,100.0,22.0,100.0,271.0,28,28,100,0,100,0,200,0,100.0,1118.0,100.0,7071435736.0,100.0,525587390.0
2018-03-31,ZCH01ZQQ,ST12000NM0007,12000138625024,0,79,82214240,98,0,100,2,100,0,79,70850958,99,1208,100,0,100,2,,,,,100.0,0.0,100.0,0.0,,,71.0,29.0,,,100.0,22.0,100.0,272.0,29,29,100,0,100,0,200,0,100.0,1141.0,100.0,7358381856.0,100.0,536377526.0
2018-04-01,ZCH01ZQQ,ST12000NM0007,12000138625024,0,83,189604736,98,0,100,2,100,0,79,74425402,99,1232,100,0,100,2,,,,,100.0,0.0,100.0,0.0,,,72.0,28.0,,,100.0,22.0,100.0,273.0,28,28,100,0,100,0,200,0,100.0,1165.0,100.0,7674616192.0,100.0,571674582.0
2018-04-02,ZCH01ZQQ,ST12000NM0007,12000138625024,0,82,159375712,98,0,100,2,100,0,79,76690491,99,1256,100,0,100,2,,,,,100.0,0.0,100.0,0.0,,,72.0,28.0,,,100.0,22.0,100.0,274.0,28,28,100,0,100,0,200,0,100.0,1189.0,100.0,7871541992.0,100.0,588660686.0
2018-04-03,ZCH01ZQQ,ST12000NM0007,12000138625024,0,83,186393528,98,0,100,2,100,0,79,77036201,99,1280,100,0,100,2,,,,,100.0,0.0,100.0,0.0,,,72.0,28.0,,,100.0,22.0,100.0,275.0,28,28,100,0,100,0,200,0,100.0,1213.0,100.0,7877926704.0,100.0,609293790.0
2018-04-04,ZCH01ZQQ,ST12000NM0007,12000138625024,0,83,210989464,98,0,100,2,100,0,79,77366104,99,1304,100,0,100,2,,,,,100.0,0.0,100.0,0.0,,,72.0,28.0,,,100.0,23.0,100.0,276.0,28,28,100,0,100,0,200,0,100.0,1237.0,100.0,7883092488.0,100.0,628723942.0
2018-04-05,ZCH01ZQQ,ST12000NM0007,12000138625024,0,81,119904744,98,0,100,2,100,0,79,78896378,99,1328,100,0,100,2,,,,,100.0,0.0,100.0,0.0,,,73.0,27.0,,,100.0,24.0,100.0,277.0,27,27,100,0,100,0,200,0,100.0,1261.0,100.0,8000396360.0,100.0,664476878.0
2018-04-06,ZCH01ZQQ,ST12000NM0007,12000138625024,0,83,215549832,98,0,100,2,100,0,79,82112501,99,1352,100,0,100,2,,,,,100.0,0.0,100.0,0.0,,,72.0,28.0,,,100.0,24.0,100.0,278.0,28,28,100,0,100,0,200,0,100.0,1285.0,100.0,8321940640.0,100.0,682718470.0
2018-04-07,ZCH01ZQQ,ST12000NM0007,12000138625024,0,72.0,17708280.0,98.0,0.0,100.0,2.0,100.0,0.0,79.0,85090241.0,99.0,1376.0,100.0,0.0,100.0,2.0,,,,,100.0,0.0,100.0,0.0,,,73.0,27.0,,,100.0,24.0,100.0,279.0,27.0,27.0,100.0,0.0,100.0,0.0,200.0,0.0,100.0,1308.0,100.0,8604511520.0,100.0,690587510.0
2018-04-08,ZCH01ZQQ,ST12000NM0007,12000138625024,0,80,91252888,98,0,100,2,100,0,79,88405164,99,1400,100,0,100,2,,,,,100.0,0.0,100.0,0.0,,,73.0,27.0,,,100.0,24.0,100.0,280.0,27,27,100,0,100,0,200,0,100.0,1332.0,100.0,8885817760.0,100.0,726966750.0
2018-04-09,ZCH01ZQQ,ST12000NM0007,12000138625024,0,81,123953272,98,0,100,2,100,0,80,91543740,99,1424,100,0,100,2,,,,,100.0,0.0,100.0,0.0,,,73.0,27.0,,,100.0,24.0,100.0,281.0,27,27,100,0,100,0,200,0,100.0,1356.0,100.0,9146588424.0,100.0,743037190.0
2018-04-10,ZCH01ZQQ,ST12000NM0007,12000138625024,0,81,115237360,98,0,100,2,100,0,80,94246236,99,1448,100,0,100,2,,,,,100.0,0.0,100.0,0.0,,,74.0,26.0,,,100.0,24.0,100.0,282.0,26,26,100,0,100,0,200,0,100.0,1380.0,100.0,9366412808.0,100.0,758637542.0
2018-04-11,ZCH01ZQQ,ST12000NM0007,12000138625024,0,68,5979528,98,0,100,2,100,0,80,95600397,99,1472,100,0,100,2,,,,,100.0,0.0,100.0,0.0,,,73.0,27.0,,,100.0,24.0,100.0,283.0,27,27,100,0,100,0,200,0,100.0,1404.0,100.0,9497191008.0,100.0,762742142.0
2018-04-12,ZCH01ZQQ,ST12000NM0007,12000138625024,0,80,109227864,98,0,100,2,100,0,80,98935416,99,1496,100,0,100,2,,,,,100.0,0.0,100.0,0.0,,,73.0,27.0,,,100.0,24.0,100.0,284.0,27,27,100,0,100,0,200,0,100.0,1427.0,100.0,9827180392.0,100.0,780141862.0
2018-04-13,ZCH01ZQQ,ST12000NM0007,12000138625024,0,84,239562688,98,0,100,2,100,0,80,102294349,99,1519,100,0,100,2,,,,,100.0,0.0,100.0,0.0,,,73.0,27.0,,,100.0,24.0,100.0,285.0,27,27,100,0,100,0,200,0,100.0,1451.0,100.0,10191472552.0,100.0,790325166.0
2018-04-14,ZCH01ZQQ,ST12000NM0007,12000138625024,0,83,200260640,98,0,100,2,100,0,80,104132841,99,1544,100,0,100,2,,,,,100.0,0.0,100.0,0.0,,,73.0,27.0,,,100.0,24.0,100.0,286.0,27,27,100,0,100,0,200,0,100.0,1475.0,100.0,10386023288.0,100.0,800613158.0
2018-04-15,ZCH01ZQQ,ST12000NM0007,12000138625024,0,80,98792072,98,0,100,2,100,0,80,107711632,99,1567,100,0,100,2,,,,,100.0,0.0,100.0,0.0,,,73.0,27.0,,,100.0,24.0,100.0,287.0,27,27,100,0,100,0,200,0,100.0,1499.0,100.0,10729906744.0,100.0,843542638.0
2018-04-16,ZCH01ZQQ,ST12000NM0007,12000138625024,0,83,223812960,98,0,100,2,100,0,80,110918923,99,1592,100,0,100,2,,,,,100.0,0.0,100.0,0.0,,,73.0,27.0,,,100.0,24.0,100.0,288.0,27,27,100,0,100,0,200,0,100.0,1523.0,100.0,11083433960.0,100.0,859177094.0
2018-04-17,ZCH01ZQQ,ST12000NM0007,12000138625024,0,80,91778032,98,0,100,2,100,0,81,114045881,99,1616,100,0,100,2,,,,,100.0,0.0,100.0,0.0,,,73.0,27.0,,,100.0,24.0,100.0,289.0,27,27,100,0,100,0,200,0,100.0,1547.0,100.0,11422643832.0,100.0,876213790.0
2018-04-18,ZCH01ZQQ,ST12000NM0007,12000138625024,0,84,226749480,98,0,100,2,100,0,81,117533453,99,1640,100,0,100,2,,,,,100.0,0.0,100.0,0.0,,,74.0,26.0,,,100.0,24.0,100.0,290.0,26,26,100,0,100,0,200,0,100.0,1571.0,100.0,11782587520.0,100.0,895382182.0
2018-04-19,ZCH01ZQQ,ST12000NM0007,12000138625024,0,82,162915448,98,0,100,2,100,0,81,121555184,99,1664,100,0,100,2,,,,,100.0,0.0,100.0,0.0,,,73.0,27.0,,,100.0,24.0,100.0,291.0,27,27,100,0,100,0,200,0,100.0,1595.0,100.0,12154878072.0,100.0,947539174.0
2018-04-20,ZCH01ZQQ,ST12000NM0007,12000138625024,0,84,234797064,98,0,100,2,100,0,81,124518854,99,1687,100,0,100,2,,,,,100.0,0.0,100.0,0.0,,,73.0,27.0,,,100.0,24.0,100.0,292.0,27,27,100,0,100,0,200,0,100.0,1618.0,100.0,12459054552.0,100.0,959385086.0
2018-04-21,ZCH01ZQQ,ST12000NM0007,12000138625024,0,75,34698096,98,0,100,2,100,0,81,127361232,99,1712,100,0,100,2,,,,,100.0,0.0,100.0,0.0,,,72.0,28.0,,,100.0,25.0,100.0,293.0,28,28,100,0,100,0,200,0,100.0,1642.0,100.0,12729067280.0,100.0,977554966.0
2018-04-22,ZCH01ZQQ,ST12000NM0007,12000138625024,0,82,165838648,98,0,100,2,100,0,81,131015962,99,1735,100,0,100,2,,,,,100.0,0.0,100.0,0.0,,,74.0,26.0,,,100.0,25.0,100.0,294.0,26,26,100,0,100,0,200,0,100.0,1666.0,100.0,13046524720.0,100.0,1035378806.0
2018-04-23,ZCH01ZQQ,ST12000NM0007,12000138625024,0,83,178956728,98,0,100,2,100,0,81,131295277,98,1759,100,0,100,2,,,,,100.0,0.0,100.0,0.0,,,74.0,26.0,,,100.0,26.0,100.0,295.0,26,26,100,0,100,0,200,0,100.0,1690.0,100.0,13049752992.0,100.0,1045268614.0
2018-04-24,ZCH01ZQQ,ST12000NM0007,12000138625024,0,83,197961200,98,0,100,2,100,0,81,131676902,98,1783,100,0,100,2,,,,,100.0,0.0,100.0,0.0,,,74.0,26.0,,,100.0,27.0,100.0,296.0,26,26,100,0,100,0,200,0,100.0,1714.0,100.0,13058205224.0,100.0,1055820854.0
2018-04-25,ZCH01ZQQ,ST12000NM0007,12000138625024,0,80,92384776,98,0,100,2,100,0,81,133333152,98,1808,100,0,100,2,,,,,100.0,0.0,100.0,0.0,,,72.0,28.0,,,100.0,28.0,100.0,297.0,28,28,100,0,100,0,200,0,100.0,1738.0,100.0,13175550464.0,100.0,1077039974.0
2018-04-26,ZCH01ZQQ,ST12000NM0007,12000138625024,0,69,7863632,98,0,100,2,100,0,81,137113196,98,1833,100,0,100,2,,,,,100.0,0.0,100.0,0.0,,,73.0,27.0,,,100.0,28.0,100.0,298.0,27,27,100,0,100,0,200,0,100.0,1763.0,100.0,13554537680.0,100.0,1101813350.0
2018-04-27,ZCH01ZQQ,ST12000NM0007,12000138625024,0,81,120995936,98,0,100,2,100,0,81,140803931,98,1857,100,0,100,2,,,,,100.0,0.0,100.0,0.0,,,73.0,27.0,,,100.0,28.0,100.0,299.0,27,27,100,0,100,0,200,0,100.0,1787.0,100.0,13884224080.0,100.0,1129400166.0
2018-04-28,ZCH01ZQQ,ST12000NM0007,12000138625024,0,83,223251768,98,0,100,2,100,0,82,144233421,98,1881,100,0,100,2,,,,,100.0,0.0,100.0,0.0,,,73.0,27.0,,,100.0,28.0,100.0,300.0,27,27,100,0,100,0,200,0,100.0,1811.0,100.0,14218032208.0,100.0,1141988582.0
2018-04-29,ZCH01ZQQ,ST12000NM0007,12000138625024,0,82,150713072,98,0,100,2,100,0,82,148581402,98,1906,100,0,100,2,,,,,100.0,0.0,100.0,0.0,,,73.0,27.0,,,100.0,29.0,100.0,301.0,27,27,100,0,100,0,200,0,100.0,1836.0,100.0,14586926872.0,100.0,1188837182.0
2018-04-30,ZCH01ZQQ,ST12000NM0007,12000138625024,0,66,4370960,98,0,100,2,100,0,82,151773127,98,1929,100,0,100,2,,,,,100.0,0.0,100.0,0.0,,,73.0,27.0,,,100.0,29.0,100.0,302.0,27,27,100,0,100,0,200,0,100.0,1859.0,100.0,14906340552.0,100.0,1211362894.0
2018-05-01,ZCH01ZQQ,ST12000NM0007,12000138625024,0,81,134034536,98,0,100,2,100,0,82,155105042,98,1953,100,0,100,2,,,,,100.0,0.0,100.0,0.0,,,73.0,27.0,,,100.0,30.0,100.0,303.0,27,27,100,0,100,0,200,0,100.0,1883.0,100.0,15249699816.0,100.0,1241808078.0
2018-05-02,ZCH01ZQQ,ST12000NM0007,12000138625024,0,79.0,79959704.0,98.0,0.0,100.0,2.0,100.0,0.0,82.0,157065057.0,98.0,1977.0,100.0,0.0,100.0,2.0,,,,,100.0,0.0,100.0,0.0,,,74.0,26.0,,,100.0,30.0,100.0,304.0,26.0,26.0,100.0,0.0,100.0,0.0,200.0,0.0,100.0,1907.0,100.0,15413560904.0,100.0,1268013078.0
2018-05-03,ZCH01ZQQ,ST12000NM0007,12000138625024,0,82,172154616,98,0,100,2,100,0,82,158318936,98,1999,100,0,100,2,,,,,100.0,0.0,100.0,0.0,,,75.0,25.0,,,100.0,31.0,100.0,306.0,25,25,100,0,100,0,200,0,100.0,1929.0,100.0,15453898960.0,100.0,1319869934.0
2018-05-04,ZCH01ZQQ,ST12000NM0007,12000138625024,0,83,194153544,98,0,100,2,100,0,82,158700168,98,2024,100,0,100,2,,,,,100.0,0.0,100.0,0.0,,,75.0,25.0,,,100.0,32.0,100.0,307.0,25,25,100,0,100,0,200,0,100.0,1953.0,100.0,15459539640.0,100.0,1336228182.0
2018-05-05,ZCH01ZQQ,ST12000NM0007,12000138625024,0,84,235847888,98,0,100,2,100,0,82,159611397,98,2047,100,0,100,2,,,,,100.0,0.0,100.0,0.0,,,74.0,26.0,,,100.0,33.0,100.0,308.0,26,26,100,0,100,0,200,0,100.0,1977.0,100.0,15474202784.0,100.0,1363259382.0
2018-05-06,ZCH01ZQQ,ST12000NM0007,12000138625024,0,79,82933632,98,0,100,2,100,0,82,161151519,98,2072,100,0,100,2,,,,,100.0,0.0,100.0,0.0,,,74.0,26.0,,,100.0,34.0,100.0,309.0,26,26,100,0,100,0,200,0,100.0,2001.0,100.0,15514216808.0,100.0,1414471734.0
2018-05-07,ZCH01ZQQ,ST12000NM0007,12000138625024,0,80,105968576,98,0,100,2,100,0,82,161630029,98,2095,100,0,100,2,,,,,100.0,0.0,100.0,0.0,,,74.0,26.0,,,100.0,35.0,100.0,310.0,26,26,100,0,100,0,200,0,100.0,2024.0,100.0,15518832632.0,100.0,1432890854.0
2018-05-08,ZCH01ZQQ,ST12000NM0007,12000138625024,0,82,144119872,98,0,100,2,100,0,82,162256638,98,2119,100,0,100,2,,,,,100.0,0.0,100.0,0.0,,,74.0,26.0,,,100.0,36.0,100.0,311.0,26,26,100,0,100,0,200,0,100.0,2049.0,100.0,15531459408.0,100.0,1458415374.0
2018-05-09,ZCH01ZQQ,ST12000NM0007,12000138625024,0,84,229203680,98,0,100,2,100,0,82,163149575,98,2143,100,0,100,2,,,,,100.0,0.0,100.0,0.0,,,72.0,28.0,,,100.0,37.0,100.0,312.0,28,28,100,0,100,0,200,0,100.0,2072.0,100.0,15601143408.0,100.0,1473815182.0
2018-05-10,ZCH01ZQQ,ST12000NM0007,12000138625024,0,80,102313344,98,0,100,2,100,0,82,166512794,98,2168,100,0,100,2,,,,,100.0,0.0,100.0,0.0,,,72.0,28.0,,,100.0,37.0,100.0,313.0,28,28,100,0,100,0,200,0,100.0,2097.0,100.0,15941737528.0,100.0,1494612222.0
2018-05-11,ZCH01ZQQ,ST12000NM0007,12000138625024,0,82,161456192,98,0,100,2,100,0,82,169362510,98,2191,100,0,100,2,,,,,100.0,0.0,100.0,0.0,,,73.0,27.0,,,100.0,37.0,100.0,314.0,27,27,100,0,100,0,200,0,100.0,2120.0,100.0,16232341272.0,100.0,1507291974.0
2018-05-12,ZCH01ZQQ,ST12000NM0007,12000138625024,0,82,168535496,98,0,100,2,100,0,82,172242339,98,2216,100,0,100,2,,,,,100.0,0.0,100.0,0.0,,,73.0,27.0,,,100.0,37.0,100.0,315.0,27,27,100,0,100,0,200,0,100.0,2144.0,100.0,16457445224.0,100.0,1533408270.0
2018-05-13,ZCH01ZQQ,ST12000NM0007,12000138625024,0,84,243225912,98,0,100,2,100,0,82,176379997,98,2240,100,0,100,2,,,,,100.0,0.0,100.0,0.0,,,73.0,27.0,,,100.0,37.0,100.0,316.0,27,27,100,0,100,0,200,0,100.0,2169.0,100.0,16690117208.0,100.0,1619567510.0
2018-05-14,ZCH01ZQQ,ST12000NM0007,12000138625024,0,82,166571888,98,0,100,2,100,0,83,178556054,98,2264,100,0,100,2,,,,,100.0,0.0,100.0,0.0,,,73.0,27.0,,,100.0,38.0,100.0,317.0,27,27,100,0,100,0,200,0,100.0,2192.0,100.0,16843059480.0,100.0,1634111846.0
2018-05-15,ZCH01ZQQ,ST12000NM0007,12000138625024,0,79.0,75935152.0,98.0,0.0,100.0,2.0,100.0,0.0,83.0,180675709.0,98.0,2288.0,100.0,0.0,100.0,2.0,,,,,100.0,0.0,100.0,0.0,,,73.0,27.0,,,100.0,38.0,100.0,318.0,27.0,27.0,100.0,0.0,100.0,0.0,200.0,0.0,100.0,2217.0,100.0,16975937576.0,100.0,1654737646.0
2018-05-16,ZCH01ZQQ,ST12000NM0007,12000138625024,0,79,83106824,98,0,100,2,100,0,83,183382351,98,2312,100,0,100,2,,,,,100.0,0.0,100.0,0.0,,,72.0,28.0,,,100.0,38.0,100.0,319.0,28,28,100,0,100,0,200,0,100.0,2240.0,100.0,17211547800.0,100.0,1670439758.0
2018-05-17,ZCH01ZQQ,ST12000NM0007,12000138625024,0,83,208054992,98,0,100,2,100,0,83,186620510,98,2335,100,0,100,2,,,,,100.0,0.0,100.0,0.0,,,72.0,28.0,,,100.0,38.0,100.0,320.0,28,28,100,0,100,0,200,0,100.0,2264.0,100.0,17555044872.0,100.0,1696031606.0
2018-05-18,ZCH01ZQQ,ST12000NM0007,12000138625024,0,83,212560392,98,0,100,2,100,0,83,188875042,98,2358,100,0,100,2,,,,,100.0,0.0,100.0,0.0,,,72.0,28.0,,,100.0,39.0,100.0,321.0,28,28,100,0,100,0,200,0,100.0,2286.0,100.0,17788496952.0,100.0,1711225966.0
2018-05-19,ZCH01ZQQ,ST12000NM0007,12000138625024,0,80,91838360,98,0,100,2,100,0,83,192201387,98,2383,100,0,100,2,,,,,100.0,0.0,100.0,0.0,,,73.0,27.0,,,100.0,39.0,100.0,322.0,27,27,100,0,100,0,200,0,100.0,2311.0,100.0,18136110224.0,100.0,1731172246.0
2018-05-20,ZCH01ZQQ,ST12000NM0007,12000138625024,0,80,101525920,98,0,100,2,100,0,83,196822602,98,2407,100,0,100,2,,,,,100.0,0.0,100.0,0.0,,,73.0,27.0,,,100.0,39.0,100.0,323.0,27,27,100,0,100,0,200,0,100.0,2335.0,100.0,18488586928.0,100.0,1876664878.0
2018-05-21,ZCH01ZQQ,ST12000NM0007,12000138625024,0,82,155949568,98,0,100,2,100,0,83,199781540,98,2431,100,0,100,2,,,,,100.0,0.0,100.0,0.0,,,72.0,28.0,,,100.0,39.0,100.0,324.0,28,28,100,0,100,0,200,0,100.0,2359.0,100.0,18764682288.0,100.0,1899134110.0
2018-05-22,ZCH01ZQQ,ST12000NM0007,12000138625024,0,83,212525290,97,0,100,3,100,0,83,202862850,98,2458,100,0,100,2,,,,,100.0,0.0,100.0,0.0,,,73.0,27.0,,,100.0,39.0,100.0,327.0,27,27,100,0,100,0,200,0,100.0,2385.0,100.0,19031329944.0,100.0,1933202856.0
2018-05-23,ZCH01ZQQ,ST12000NM0007,12000138625024,0,77,52836040,97,0,100,3,100,0,83,205861320,98,2481,100,0,100,2,,,,,100.0,0.0,100.0,0.0,,,72.0,28.0,,,100.0,39.0,100.0,328.0,28,28,100,0,100,0,200,0,100.0,2408.0,100.0,19340822360.0,100.0,1952302848.0
2018-05-24,ZCH01ZQQ,ST12000NM0007,12000138625024,0,83,196491792,97,0,100,3,100,0,83,209619100,98,2505,100,0,100,2,,,,,100.0,0.0,100.0,0.0,,,72.0,28.0,,,100.0,39.0,100.0,329.0,28,28,100,0,100,0,200,0,100.0,2432.0,100.0,19659174920.0,100.0,2021746728.0
2018-05-25,ZCH01ZQQ,ST12000NM0007,12000138625024,0,82,169750408,97,0,100,3,100,0,83,213983043,98,2531,100,0,100,2,,,,,100.0,0.0,100.0,0.0,,,74.0,26.0,,,100.0,39.0,100.0,330.0,26,26,100,0,100,0,200,0,100.0,2459.0,100.0,20032195472.0,100.0,2110266216.0
2018-05-26,ZCH01ZQQ,ST12000NM0007,12000138625024,0,79,83066408,97,0,100,3,100,0,83,215433286,98,2556,100,0,100,2,,,,,100.0,0.0,100.0,0.0,,,72.0,28.0,,,100.0,40.0,100.0,331.0,28,28,100,0,100,0,200,0,100.0,2483.0,100.0,20161517840.0,100.0,2138400608.0
2018-05-27,ZCH01ZQQ,ST12000NM0007,12000138625024,0,83,207051128,97,0,100,3,100,0,83,219013391,98,2580,100,0,100,2,,,,,100.0,0.0,100.0,0.0,,,73.0,27.0,,,100.0,40.0,100.0,332.0,27,27,100,0,100,0,200,0,100.0,2506.0,100.0,20474389040.0,100.0,2193654896.0
2018-05-28,ZCH01ZQQ,ST12000NM0007,12000138625024,0,78,70114744,97,0,100,3,100,0,83,222175150,98,2604,100,0,100,2,,,,,100.0,0.0,100.0,0.0,,,72.0,28.0,,,100.0,40.0,100.0,333.0,28,28,100,0,100,0,200,0,100.0,2531.0,100.0,20795301928.0,100.0,2224087000.0
2018-05-29,ZCH01ZQQ,ST12000NM0007,12000138625024,0,84,240268720,97,0,100,3,100,0,84,226013880,97,2629,100,0,100,2,,,,,100.0,0.0,100.0,0.0,,,72.0,28.0,,,100.0,40.0,100.0,334.0,28,28,100,0,100,0,200,0,100.0,2555.0,100.0,21149793240.0,100.0,2283890296.0
2018-05-30,ZCH01ZQQ,ST12000NM0007,12000138625024,0,80,106073200,97,0,100,3,100,0,84,229134418,97,2652,100,0,100,2,,,,,100.0,0.0,100.0,0.0,,,72.0,28.0,,,100.0,40.0,100.0,335.0,28,28,100,0,100,0,200,0,100.0,2579.0,100.0,21479972592.0,100.0,2307797072.0
2018-05-31,ZCH01ZQQ,ST12000NM0007,12000138625024,0,82,141787672,97,0,100,3,100,0,84,231763609,97,2672,100,0,100,2,,,,,100.0,0.0,100.0,0.0,,,72.0,28.0,,,100.0,40.0,100.0,336.0,28,28,100,0,100,0,200,0,100.0,2598.0,100.0,21739146288.0,100.0,2328478592.0
2018-06-01,ZCH01ZQQ,ST12000NM0007,12000138625024,0,84,241385624,97,0,100,3,100,0,84,234964385,97,2695,100,0,100,2,,,,,100.0,0.0,100.0,0.0,,,72.0,28.0,,,100.0,40.0,100.0,337.0,28,28,100,0,100,0,200,0,100.0,2622.0,100.0,22057540976.0,100.0,2353822488.0
2018-06-02,ZCH01ZQQ,ST12000NM0007,12000138625024,0,75,34312608,97,0,100,3,100,0,84,237734983,97,2721,100,0,100,2,,,,,100.0,0.0,100.0,0.0,,,73.0,27.0,,,100.0,40.0,100.0,338.0,27,27,100,0,100,0,200,0,100.0,2647.0,100.0,22321684800.0,100.0,2370887032.0
2018-06-03,ZCH01ZQQ,ST12000NM0007,12000138625024,0,83,206774848,97,0,100,3,100,0,84,240191188,97,2748,100,0,100,2,,,,,100.0,0.0,100.0,0.0,,,74.0,26.0,,,100.0,41.0,100.0,339.0,26,26,100,0,100,0,200,0,100.0,2674.0,100.0,22382276152.0,100.0,2482757920.0
2018-06-04,ZCH01ZQQ,ST12000NM0007,12000138625024,0,83,221100656,97,0,100,3,100,0,84,240338316,97,2772,100,0,100,2,,,,,100.0,0.0,100.0,0.0,,,74.0,26.0,,,100.0,42.0,100.0,340.0,26,26,100,0,100,0,200,0,100.0,2698.0,100.0,22383879096.0,100.0,2495480784.0
2018-06-05,ZCH01ZQQ,ST12000NM0007,12000138625024,0,84,233858560,97,0,100,3,100,0,84,240514379,97,2796,100,0,100,2,,,,,100.0,0.0,100.0,0.0,,,74.0,26.0,,,100.0,42.0,100.0,341.0,26,26,100,0,100,0,200,0,100.0,2722.0,100.0,22385710400.0,100.0,2506407384.0
2018-06-06,ZCH01ZQQ,ST12000NM0007,12000138625024,0,81,136831808,97,0,100,3,100,0,84,242007006,97,2820,100,0,100,2,,,,,100.0,0.0,100.0,0.0,,,73.0,27.0,,,100.0,42.0,100.0,342.0,27,27,100,0,100,0,200,0,100.0,2746.0,100.0,22518208960.0,100.0,2521022784.0
2018-06-07,ZCH01ZQQ,ST12000NM0007,12000138625024,0,77,50560536,97,0,100,3,100,0,84,245747982,97,2843,100,0,100,2,,,,,100.0,0.0,100.0,0.0,,,73.0,27.0,,,100.0,43.0,100.0,343.0,27,27,100,0,100,0,200,0,100.0,2769.0,100.0,22844495888.0,100.0,2596746016.0
2018-06-08,ZCH01ZQQ,ST12000NM0007,12000138625024,0,82,168191504,97,0,100,3,100,0,84,249073211,97,2864,100,0,100,2,,,,,100.0,0.0,100.0,0.0,,,74.0,26.0,,,100.0,44.0,100.0,344.0,26,26,100,0,100,0,200,0,100.0,2789.0,100.0,23134284392.0,100.0,2668729136.0
2018-06-09,ZCH01ZQQ,ST12000NM0007,12000138625024,0,75,34623480,97,0,100,3,100,0,84,252225420,97,2887,100,0,100,2,,,,,100.0,0.0,100.0,0.0,,,73.0,27.0,,,100.0,45.0,100.0,345.0,27,27,100,0,100,0,200,0,100.0,2813.0,100.0,23473512216.0,100.0,2684214920.0
2018-06-10,ZCH01ZQQ,ST12000NM0007,12000138625024,0,75,29290504,97,0,100,3,100,0,84,256438834,97,2911,100,0,100,2,,,,,100.0,0.0,100.0,0.0,,,73.0,27.0,,,100.0,45.0,100.0,346.0,27,27,100,0,100,0,200,0,100.0,2837.0,100.0,23836083064.0,100.0,2804592416.0
2018-06-11,ZCH01ZQQ,ST12000NM0007,12000138625024,0,71,13792272,97,0,100,3,100,0,84,260799072,97,2936,100,0,100,2,,,,,100.0,0.0,100.0,0.0,,,73.0,27.0,,,100.0,45.0,100.0,347.0,27,27,100,0,100,0,200,0,100.0,2861.0,100.0,24190522440.0,100.0,2922936160.0
2018-06-12,ZCH01ZQQ,ST12000NM0007,12000138625024,0,83,205713568,97,0,100,3,100,0,84,264995399,97,2959,100,0,100,2,,,,,100.0,0.0,100.0,0.0,,,73.0,27.0,,,100.0,45.0,100.0,348.0,27,27,100,0,100,0,200,0,100.0,2885.0,100.0,24485370688.0,100.0,3064150144.0
2018-06-13,ZCH01ZQQ,ST12000NM0007,12000138625024,0,79,83504600,97,0,100,3,100,0,84,268775650,97,2988,100,0,100,2,,,,,100.0,0.0,100.0,0.0,,,74.0,26.0,,,100.0,46.0,100.0,349.0,26,26,100,0,100,0,200,0,100.0,2913.0,100.0,24674596648.0,100.0,3485137552.0
2018-06-14,ZCH01ZQQ,ST12000NM0007,12000138625024,0,75,33111576,97,0,100,3,100,0,84,271628099,97,3012,100,0,100,2,,,,,100.0,0.0,100.0,0.0,,,72.0,28.0,,,100.0,46.0,100.0,350.0,28,28,100,0,100,0,200,0,100.0,2937.0,100.0,24745830088.0,100.0,3607651872.0
2018-06-15,ZCH01ZQQ,ST12000NM0007,12000138625024,0,77.0,45861832.0,97.0,0.0,100.0,3.0,100.0,0.0,84.0,271860049.0,97.0,3035.0,100.0,0.0,100.0,2.0,,,,,100.0,0.0,100.0,0.0,,,72.0,28.0,,,100.0,47.0,100.0,351.0,28.0,28.0,100.0,0.0,100.0,0.0,200.0,0.0,100.0,2960.0,100.0,24748439728.0,100.0,3617792488.0
2018-06-16,ZCH01ZQQ,ST12000NM0007,12000138625024,0,81.0,138033912.0,97.0,0.0,100.0,3.0,100.0,0.0,84.0,273065226.0,97.0,3060.0,100.0,0.0,100.0,2.0,,,,,100.0,0.0,100.0,0.0,,,70.0,30.0,,,100.0,48.0,100.0,352.0,30.0,30.0,100.0,0.0,100.0,0.0,200.0,0.0,100.0,2984.0,100.0,24777842384.0,100.0,3680561912.0
2018-06-17,ZCH01ZQQ,ST12000NM0007,12000138625024,0,72.0,17170992.0,97.0,0.0,100.0,3.0,100.0,0.0,84.0,275063119.0,97.0,3083.0,100.0,0.0,100.0,2.0,,,,,100.0,0.0,100.0,0.0,,,74.0,26.0,,,100.0,49.0,100.0,353.0,26.0,26.0,100.0,0.0,100.0,0.0,200.0,0.0,100.0,3007.0,100.0,24818647584.0,100.0,3763034536.0
2018-06-18,ZCH01ZQQ,ST12000NM0007,12000138625024,0,73.0,19041344.0,97.0,0.0,100.0,3.0,100.0,0.0,84.0,275116712.0,97.0,3107.0,100.0,0.0,100.0,2.0,,,,,100.0,0.0,100.0,0.0,,,74.0,26.0,,,100.0,50.0,100.0,354.0,26.0,26.0,100.0,0.0,100.0,0.0,200.0,0.0,100.0,3030.0,100.0,24818779696.0,100.0,3764772776.0
2018-06-19,ZCH01ZQQ,ST12000NM0007,12000138625024,0,80,96326856,97,0,100,3,100,0,84,278117435,97,3131,100,0,100,2,,,,,100.0,0.0,100.0,0.0,,,74.0,26.0,,,100.0,50.0,100.0,355.0,26,26,100,0,100,0,200,0,100.0,3055.0,100.0,24833845312.0,100.0,4559414888.0
2018-06-20,ZCH01ZQQ,ST12000NM0007,12000138625024,0,80,99702456,97,0,100,3,100,0,84,278172702,97,3156,100,0,100,2,,,,,100.0,0.0,100.0,0.0,,,74.0,26.0,,,100.0,51.0,100.0,356.0,26,26,100,0,100,0,200,0,100.0,3079.0,100.0,24833993424.0,100.0,4562642376.0
2018-06-21,ZCH01ZQQ,ST12000NM0007,12000138625024,0,76,39541600,97,0,100,3,100,0,84,280930980,97,3180,100,0,100,2,,,,,100.0,0.0,100.0,0.0,,,74.0,26.0,,,100.0,51.0,100.0,357.0,26,26,100,0,100,0,200,0,100.0,3103.0,100.0,24901946624.0,100.0,4678668968.0
2018-06-22,ZCH01ZQQ,ST12000NM0007,12000138625024,0,77,50621656,97,0,100,3,100,0,84,281134656,97,3203,100,0,100,2,,,,,100.0,0.0,100.0,0.0,,,74.0,26.0,,,100.0,52.0,100.0,358.0,26,26,100,0,100,0,200,0,100.0,3126.0,100.0,24904802344.0,100.0,4686893312.0
2018-06-23,ZCH01ZQQ,ST12000NM0007,12000138625024,0,83,222756336,97,0,100,3,100,0,85,282701882,97,3227,100,0,100,2,,,,,100.0,0.0,100.0,0.0,,,73.0,27.0,,,100.0,52.0,100.0,359.0,27,27,100,0,100,0,200,0,100.0,3149.0,100.0,25060092584.0,100.0,4703737752.0
2018-06-24,ZCH01ZQQ,ST12000NM0007,12000138625024,0,79,71716976,97,0,100,3,100,0,85,288279127,97,3252,100,0,100,2,,,,,100.0,0.0,100.0,0.0,,,73.0,27.0,,,100.0,52.0,100.0,360.0,27,27,100,0,100,0,200,0,100.0,3175.0,100.0,25486736968.0,100.0,4858476152.0
2018-06-25,ZCH01ZQQ,ST12000NM0007,12000138625024,0,71,12252824,97,0,100,3,100,0,85,292162530,97,3276,100,0,100,2,,,,,100.0,0.0,100.0,0.0,,,73.0,27.0,,,100.0,52.0,100.0,361.0,27,27,100,0,100,0,200,0,100.0,3198.0,100.0,25869248216.0,100.0,4904782280.0
2018-06-26,ZCH01ZQQ,ST12000NM0007,12000138625024,0,81,130162856,97,0,100,3,100,0,85,295590835,97,3299,100,0,100,2,,,,,100.0,0.0,100.0,0.0,,,73.0,27.0,,,100.0,52.0,100.0,362.0,27,27,100,0,100,0,200,0,100.0,3221.0,100.0,26218416264.0,100.0,4917665152.0
2018-06-27,ZCH01ZQQ,ST12000NM0007,12000138625024,0,75,28462104,97,0,100,3,100,0,85,299202284,97,3323,100,0,100,2,,,,,100.0,0.0,100.0,0.0,,,73.0,27.0,,,100.0,52.0,100.0,363.0,27,27,100,0,100,0,200,0,100.0,3245.0,100.0,26586448056.0,100.0,4936214088.0
2018-06-28,ZCH01ZQQ,ST12000NM0007,12000138625024,0,78,56970048,97,0,100,3,100,0,85,304028339,97,3348,100,0,100,2,,,,,100.0,0.0,100.0,0.0,,,73.0,27.0,,,100.0,52.0,100.0,364.0,27,27,100,0,100,0,200,0,100.0,3269.0,100.0,27019274080.0,100.0,5020177424.0
2018-06-29,ZCH01ZQQ,ST12000NM0007,12000138625024,0,76,41463088,97,0,100,3,100,0,85,306968321,97,3371,100,0,100,2,,,,,100.0,0.0,100.0,0.0,,,74.0,26.0,,,100.0,53.0,100.0,365.0,26,26,100,0,100,0,200,0,100.0,3293.0,100.0,27234103632.0,100.0,5033981784.0
2018-06-30,ZCH01ZQQ,ST12000NM0007,12000138625024,0,82,145733448,97,0,100,3,100,0,85,308667326,97,3395,100,0,100,2,,,,,100.0,0.0,100.0,0.0,,,74.0,26.0,,,100.0,54.0,100.0,366.0,26,26,100,0,100,0,200,0,100.0,3317.0,100.0,27282526224.0,100.0,5089829552.0
2018-07-01,ZCH01ZQQ,ST12000NM0007,12000138625024,0,71,12607360,97,0,100,3,100,0,85,310510796,97,3419,100,0,100,2,,,,,100.0,0.0,100.0,0.0,,,75.0,25.0,,,100.0,55.0,100.0,367.0,25,25,100,0,100,0,200,0,100.0,3340.0,100.0,27327858208.0,100.0,5155512160.0
2018-07-02,ZCH01ZQQ,ST12000NM0007,12000138625024,0,76,36702640,97,0,100,3,100,0,85,310906276,97,3444,100,0,100,2,,,,,100.0,0.0,100.0,0.0,,,75.0,25.0,,,100.0,56.0,100.0,368.0,25,25,100,0,100,0,200,0,100.0,3365.0,100.0,27332972224.0,100.0,5174493424.0
2018-07-03,ZCH01ZQQ,ST12000NM0007,12000138625024,0,82,157830328,97,0,100,3,100,0,85,312157388,97,3467,100,0,100,2,,,,,100.0,0.0,100.0,0.0,,,73.0,27.0,,,100.0,56.0,100.0,369.0,27,27,100,0,100,0,200,0,100.0,3388.0,100.0,27436966624.0,100.0,5191626712.0
2018-07-04,ZCH01ZQQ,ST12000NM0007,12000138625024,0,84,233602448,97,0,100,3,100,0,85,315326503,97,3491,100,0,100,2,,,,,100.0,0.0,100.0,0.0,,,73.0,27.0,,,100.0,56.0,100.0,370.0,27,27,100,0,100,0,200,0,100.0,3412.0,100.0,27741308600.0,100.0,5207197576.0
2018-07-05,ZCH01ZQQ,ST12000NM0007,12000138625024,0,83,178443816,97,0,100,3,100,0,85,319402119,96,3515,100,0,100,2,,,,,100.0,0.0,100.0,0.0,,,73.0,27.0,,,100.0,57.0,100.0,371.0,27,27,100,0,100,0,200,0,100.0,3436.0,100.0,28094284704.0,100.0,5287344168.0
2018-07-06,ZCH01ZQQ,ST12000NM0007,12000138625024,0,82,154851656,97,0,100,3,100,0,85,323651283,96,3539,100,0,100,2,,,,,100.0,0.0,100.0,0.0,,,73.0,27.0,,,100.0,57.0,100.0,372.0,27,27,100,0,100,0,200,0,100.0,3460.0,100.0,28443695744.0,100.0,5402622328.0
2018-07-07,ZCH01ZQQ,ST12000NM0007,12000138625024,0,81,139329480,97,0,100,3,100,0,85,328333857,96,3563,100,0,100,2,,,,,100.0,0.0,100.0,0.0,,,73.0,27.0,,,100.0,57.0,100.0,373.0,27,27,100,0,100,0,200,0,100.0,3484.0,100.0,28802964064.0,100.0,5516113152.0
2018-07-08,ZCH01ZQQ,ST12000NM0007,12000138625024,0,83,213475464,97,0,100,3,100,0,85,333808752,96,3587,100,0,100,2,,,,,100.0,0.0,100.0,0.0,,,73.0,27.0,,,100.0,57.0,100.0,374.0,27,27,100,0,100,0,200,0,100.0,3508.0,100.0,29165768736.0,100.0,5715735904.0
2018-07-09,ZCH01ZQQ,ST12000NM0007,12000138625024,0,83,212167128,97,0,100,3,100,0,85,338644671,96,3610,100,0,100,2,,,,,100.0,0.0,100.0,0.0,,,73.0,27.0,,,100.0,57.0,100.0,375.0,27,27,100,0,100,0,200,0,100.0,3531.0,100.0,29511369096.0,100.0,5857108680.0
2018-07-10,ZCH01ZQQ,ST12000NM0007,12000138625024,0,77.0,50726280.0,97.0,0.0,100.0,3.0,100.0,0.0,85.0,343257746.0,96.0,3635.0,100.0,0.0,100.0,2.0,,,,,100.0,0.0,100.0,0.0,,,73.0,27.0,,,100.0,57.0,100.0,376.0,27.0,27.0,100.0,0.0,100.0,0.0,200.0,0.0,100.0,3555.0,100.0,29715741128.0,100.0,5979577200.0
2018-07-11,ZCH01ZQQ,ST12000NM0007,12000138625024,0,82,154429176,97,0,100,3,100,0,85,345097756,96,3658,100,0,100,2,,,,,100.0,0.0,100.0,0.0,,,73.0,27.0,,,100.0,58.0,100.0,377.0,27,27,100,0,100,0,200,0,100.0,3578.0,100.0,29802790360.0,100.0,5996230864.0
2018-07-12,ZCH01ZQQ,ST12000NM0007,12000138625024,0,77,51479544,97,0,100,3,100,0,85,348689945,96,3682,100,0,100,2,,,,,100.0,0.0,100.0,0.0,,,73.0,27.0,,,100.0,58.0,100.0,378.0,27,27,100,0,100,0,200,0,100.0,3603.0,100.0,30160968176.0,100.0,6023384856.0
2018-07-13,ZCH01ZQQ,ST12000NM0007,12000138625024,0,81,120844440,97,0,100,3,100,0,85,351805772,96,3704,100,0,100,2,,,,,100.0,0.0,100.0,0.0,,,73.0,27.0,,,100.0,58.0,100.0,379.0,27,27,100,0,100,0,200,0,100.0,3625.0,100.0,30457959400.0,100.0,6039899272.0
2018-07-14,ZCH01ZQQ,ST12000NM0007,12000138625024,0,71,12188968,97,0,100,3,100,0,86,355959895,96,3729,100,0,100,2,,,,,100.0,0.0,100.0,0.0,,,73.0,27.0,,,100.0,58.0,100.0,380.0,27,27,100,0,100,0,200,0,100.0,3649.0,100.0,30806649296.0,100.0,6070835304.0
2018-07-15,ZCH01ZQQ,ST12000NM0007,12000138625024,0,79,81695864,97,0,100,3,100,0,86,361215403,96,3753,100,0,100,2,,,,,100.0,0.0,100.0,0.0,,,73.0,27.0,,,100.0,58.0,100.0,381.0,27,27,100,0,100,0,200,0,100.0,3673.0,100.0,31196664848.0,100.0,6238608336.0
2018-07-16,ZCH01ZQQ,ST12000NM0007,12000138625024,0,81,130675496,97,0,100,3,100,0,86,367050642,96,3777,100,0,100,2,,,,,100.0,0.0,100.0,0.0,,,73.0,27.0,,,100.0,58.0,100.0,382.0,27,27,100,0,100,0,200,0,100.0,3697.0,100.0,31600414496.0,100.0,6372119656.0
2018-07-17,ZCH01ZQQ,ST12000NM0007,12000138625024,0,78,66714272,97,0,100,3,100,0,86,371682994,96,3804,100,0,100,2,,,,,100.0,0.0,100.0,0.0,,,73.0,27.0,,,100.0,58.0,100.0,383.0,27,27,100,0,100,0,200,0,100.0,3724.0,100.0,31952307760.0,100.0,6444546520.0
2018-07-18,ZCH01ZQQ,ST12000NM0007,12000138625024,0,80,102119008,97,0,100,3,100,0,86,372323304,96,3828,100,0,100,2,,,,,100.0,0.0,100.0,0.0,,,74.0,26.0,,,100.0,59.0,100.0,384.0,26,26,100,0,100,0,200,0,100.0,3748.0,100.0,31952934336.0,100.0,6479324680.0
2018-07-19,ZCH01ZQQ,ST12000NM0007,12000138625024,0,81,130477368,97,0,100,3,100,0,86,376339999,96,3853,100,0,100,2,,,,,100.0,0.0,100.0,0.0,,,73.0,27.0,,,100.0,59.0,100.0,385.0,27,27,100,0,100,0,200,0,100.0,3772.0,100.0,32049976344.0,100.0,6654781864.0
2018-07-20,ZCH01ZQQ,ST12000NM0007,12000138625024,0,83,198504320,97,0,100,3,100,0,86,380178150,96,3876,100,0,100,2,,,,,100.0,0.0,100.0,0.0,,,74.0,26.0,,,100.0,60.0,100.0,386.0,26,26,100,0,100,0,200,0,100.0,3795.0,100.0,32136424456.0,100.0,6880501672.0
2018-07-21,ZCH01ZQQ,ST12000NM0007,12000138625024,0,83,214971248,97,0,100,3,100,0,86,383206147,96,3899,100,0,100,2,,,,,100.0,0.0,100.0,0.0,,,73.0,27.0,,,100.0,61.0,100.0,387.0,27,27,100,0,100,0,200,0,100.0,3819.0,100.0,32220749816.0,100.0,7056784104.0
2018-07-22,ZCH01ZQQ,ST12000NM0007,12000138625024,0,77,45849672,97,0,100,3,100,0,86,387547277,96,3924,100,0,100,2,,,,,100.0,0.0,100.0,0.0,,,74.0,26.0,,,100.0,61.0,100.0,388.0,26,26,100,0,100,0,200,0,100.0,3843.0,100.0,32319582512.0,100.0,7277111272.0
2018-07-23,ZCH01ZQQ,ST12000NM0007,12000138625024,0,77,48075688,97,0,100,3,100,0,86,391205368,96,3948,100,0,100,2,,,,,100.0,0.0,100.0,0.0,,,73.0,27.0,,,100.0,62.0,100.0,389.0,27,27,100,0,100,0,200,0,100.0,3868.0,100.0,32412846456.0,100.0,7430214000.0
2018-07-24,ZCH01ZQQ,ST12000NM0007,12000138625024,0,78,64530256,97,0,100,3,100,0,86,393873581,96,3973,100,0,100,2,,,,,100.0,0.0,100.0,0.0,,,74.0,26.0,,,100.0,62.0,100.0,390.0,26,26,100,0,100,0,200,0,100.0,3892.0,100.0,32495599400.0,100.0,7608056440.0
2018-07-25,ZCH01ZQQ,ST12000NM0007,12000138625024,0,75.0,33813896.0,97.0,0.0,100.0,3.0,100.0,0.0,86.0,396169414.0,96.0,3995.0,100.0,0.0,100.0,2.0,,,,,100.0,0.0,100.0,0.0,,,73.0,27.0,,,100.0,62.0,100.0,391.0,27.0,27.0,100.0,0.0,100.0,0.0,200.0,0.0,100.0,3914.0,100.0,32557824656.0,100.0,7759255680.0
2018-07-26,ZCH01ZQQ,ST12000NM0007,12000138625024,0,75,30649704,97,0,100,3,100,0,86,398727085,96,4019,100,0,100,2,,,,,100.0,0.0,100.0,0.0,,,74.0,26.0,,,100.0,62.0,100.0,393.0,26,26,100,0,100,0,200,0,100.0,3937.0,100.0,32624459608.0,100.0,7933597176.0
2018-07-27,ZCH01ZQQ,ST12000NM0007,12000138625024,0,68,7040872,97,0,100,3,100,0,86,401518672,96,4041,100,0,100,2,,,,,100.0,0.0,100.0,0.0,,,73.0,27.0,,,100.0,63.0,100.0,394.0,27,27,100,0,100,0,200,0,100.0,3960.0,100.0,32677176112.0,100.0,8101412552.0
2018-07-28,ZCH01ZQQ,ST12000NM0007,12000138625024,0,100,504832,97,0,100,3,100,0,86,404109319,96,4066,100,0,100,2,,,,,100.0,0.0,100.0,0.0,,,73.0,27.0,,,100.0,63.0,100.0,395.0,27,27,100,0,100,0,200,0,100.0,3985.0,100.0,32745171072.0,100.0,8271022432.0
2018-07-29,ZCH01ZQQ,ST12000NM0007,12000138625024,0,77,45140744,97,0,100,3,100,0,86,408133312,96,4090,100,0,100,2,,,,,100.0,0.0,100.0,0.0,,,73.0,27.0,,,100.0,64.0,100.0,396.0,27,27,100,0,100,0,200,0,100.0,4008.0,100.0,32816034408.0,100.0,8488935792.0
2018-07-30,ZCH01ZQQ,ST12000NM0007,12000138625024,0,79,88767672,97,0,100,3,100,0,86,412856403,96,4114,100,0,100,2,,,,,100.0,0.0,100.0,0.0,,,74.0,26.0,,,100.0,65.0,100.0,397.0,26,26,100,0,100,0,200,0,100.0,4032.0,100.0,32905681128.0,100.0,8687057648.0
2018-07-31,ZCH01ZQQ,ST12000NM0007,12000138625024,0,78,70052352,97,0,100,3,100,0,86,415270982,96,4139,100,0,100,2,,,,,100.0,0.0,100.0,0.0,,,74.0,26.0,,,100.0,65.0,100.0,398.0,26,26,100,0,100,0,200,0,100.0,4057.0,100.0,32972344296.0,100.0,8845820256.0
2018-08-01,ZCH01ZQQ,ST12000NM0007,12000138625024,0,74,26681312,97,0,100,3,100,0,86,417318367,96,4162,100,0,100,2,,,,,100.0,0.0,100.0,0.0,,,73.0,27.0,,,100.0,65.0,100.0,399.0,27,27,100,0,100,0,200,0,100.0,4080.0,100.0,33023229432.0,100.0,8995704744.0
2018-08-02,ZCH01ZQQ,ST12000NM0007,12000138625024,0,81,134889864,97,0,100,3,100,0,86,421414996,96,4187,100,0,100,2,,,,,100.0,0.0,100.0,0.0,,,73.0,27.0,,,100.0,66.0,100.0,400.0,27,27,100,0,100,0,200,0,100.0,4105.0,100.0,33119259248.0,100.0,9252024112.0
2018-08-03,ZCH01ZQQ,ST12000NM0007,12000138625024,0,83,210300688,97,0,100,3,100,0,86,425752578,96,4211,100,0,100,2,,,,,100.0,0.0,100.0,0.0,,,74.0,26.0,,,100.0,67.0,100.0,401.0,26,26,100,0,100,0,200,0,100.0,4129.0,100.0,33209614448.0,100.0,9481220456.0
2018-08-04,ZCH01ZQQ,ST12000NM0007,12000138625024,0,83,196330168,97,0,100,3,100,0,86,428122014,96,4235,100,0,100,2,,,,,100.0,0.0,100.0,0.0,,,73.0,27.0,,,100.0,67.0,100.0,402.0,27,27,100,0,100,0,200,0,100.0,4152.0,100.0,33271684616.0,100.0,9649320432.0
2018-08-05,ZCH01ZQQ,ST12000NM0007,12000138625024,0,80,101585000,97,0,100,3,100,0,86,433940847,96,4258,100,0,100,2,,,,,100.0,0.0,100.0,0.0,,,73.0,27.0,,,100.0,68.0,100.0,403.0,27,27,100,0,100,0,200,0,100.0,4176.0,100.0,33419824656.0,100.0,9894716640.0
2018-08-06,ZCH01ZQQ,ST12000NM0007,12000138625024,0,79,80050336,97,0,100,3,100,0,86,436520657,96,4283,100,0,100,2,,,,,100.0,0.0,100.0,0.0,,,74.0,26.0,,,100.0,69.0,100.0,404.0,26,26,100,0,100,0,200,0,100.0,4200.0,100.0,33486102016.0,100.0,10051045272.0
2018-08-07,ZCH01ZQQ,ST12000NM0007,12000138625024,0,74,26536272,97,0,100,3,100,0,86,438486636,96,4306,100,0,100,2,,,,,100.0,0.0,100.0,0.0,,,74.0,26.0,,,100.0,69.0,100.0,405.0,26,26,100,0,100,0,200,0,100.0,4223.0,100.0,33535287472.0,100.0,10192486448.0
2018-08-08,ZCH01ZQQ,ST12000NM0007,12000138625024,0,69,8841032,97,0,100,3,100,0,86,440968655,96,4330,100,0,100,2,,,,,100.0,0.0,100.0,0.0,,,73.0,27.0,,,100.0,69.0,100.0,406.0,27,27,100,0,100,0,200,0,100.0,4248.0,100.0,33602430744.0,100.0,10351788616.0
2018-08-09,ZCH01ZQQ,ST12000NM0007,12000138625024,0,83,204110248,97,0,100,3,100,0,86,443271750,96,4352,100,0,100,2,,,,,100.0,0.0,100.0,0.0,,,74.0,26.0,,,100.0,69.0,100.0,407.0,26,26,100,0,100,0,200,0,100.0,4269.0,100.0,33661358008.0,100.0,10488130568.0
2018-08-10,ZCH01ZQQ,ST12000NM0007,12000138625024,0,83,212911696,97,0,100,3,100,0,86,445927050,96,4376,100,0,100,2,,,,,100.0,0.0,100.0,0.0,,,74.0,26.0,,,100.0,69.0,100.0,408.0,26,26,100,0,100,0,200,0,100.0,4293.0,100.0,33741726000.0,100.0,10660704672.0
2018-08-11,ZCH01ZQQ,ST12000NM0007,12000138625024,0,82,163071120,97,0,100,3,100,0,87,448096883,95,4400,100,0,100,2,,,,,100.0,0.0,100.0,0.0,,,74.0,26.0,,,100.0,69.0,100.0,409.0,26,26,100,0,100,0,200,0,100.0,4316.0,100.0,33805835744.0,100.0,10790895240.0
2018-08-12,ZCH01ZQQ,ST12000NM0007,12000138625024,0,84,242345856,97,0,100,3,100,0,87,453567929,95,4424,100,0,100,2,,,,,100.0,0.0,100.0,0.0,,,73.0,27.0,,,100.0,70.0,100.0,410.0,27,27,100,0,100,0,200,0,100.0,4340.0,100.0,33926308096.0,100.0,10993838472.0
2018-08-13,ZCH01ZQQ,ST12000NM0007,12000138625024,0,69,8491912,97,0,100,3,100,0,87,456169059,95,4448,100,0,100,2,,,,,100.0,0.0,100.0,0.0,,,74.0,26.0,,,100.0,71.0,100.0,411.0,26,26,100,0,100,0,200,0,100.0,4364.0,100.0,34005191336.0,100.0,11169383072.0
2018-08-14,ZCH01ZQQ,ST12000NM0007,12000138625024,0,83.0,210015648.0,97.0,0.0,100.0,3.0,100.0,0.0,87.0,458383475.0,95.0,4472.0,100.0,0.0,100.0,2.0,,,,,100.0,0.0,100.0,0.0,,,73.0,27.0,,,100.0,71.0,100.0,412.0,27.0,27.0,100.0,0.0,100.0,0.0,200.0,0.0,100.0,4388.0,100.0,34065380840.0,100.0,11310717304.0
2018-08-15,ZCH01ZQQ,ST12000NM0007,12000138625024,0,82.0,174088920.0,97.0,0.0,100.0,3.0,100.0,0.0,87.0,460689615.0,95.0,4497.0,100.0,0.0,100.0,2.0,,,,,100.0,0.0,100.0,0.0,,,74.0,26.0,,,100.0,71.0,100.0,413.0,26.0,26.0,100.0,0.0,100.0,0.0,200.0,0.0,100.0,4413.0,100.0,34123089560.0,100.0,11461222488.0
2018-08-16,ZCH01ZQQ,ST12000NM0007,12000138625024,0,71,12817240,97,0,100,3,100,0,87,464651517,95,4521,100,0,100,2,,,,,100.0,0.0,100.0,0.0,,,73.0,27.0,,,100.0,72.0,100.0,414.0,27,27,100,0,100,0,200,0,100.0,4437.0,100.0,34211494792.0,100.0,11699827128.0
2018-08-17,ZCH01ZQQ,ST12000NM0007,12000138625024,0,81,123870184,97,0,100,3,100,0,87,469283238,95,4545,100,0,100,2,,,,,100.0,0.0,100.0,0.0,,,73.0,27.0,,,100.0,72.0,100.0,415.0,27,27,100,0,100,0,200,0,100.0,4461.0,100.0,34318838768.0,100.0,11947676752.0
2018-08-18,ZCH01ZQQ,ST12000NM0007,12000138625024,0,80,94223104,97,0,100,3,100,0,87,471538917,95,4569,100,0,100,2,,,,,100.0,0.0,100.0,0.0,,,73.0,27.0,,,100.0,73.0,100.0,416.0,27,27,100,0,100,0,200,0,100.0,4485.0,100.0,34378504400.0,100.0,12102504728.0
2018-08-19,ZCH01ZQQ,ST12000NM0007,12000138625024,0,82,170928128,97,0,100,3,100,0,87,476948089,95,4592,100,0,100,2,,,,,100.0,0.0,100.0,0.0,,,74.0,26.0,,,100.0,74.0,100.0,417.0,26,26,100,0,100,0,200,0,100.0,4508.0,100.0,34498254512.0,100.0,12303600320.0
2018-08-20,ZCH01ZQQ,ST12000NM0007,12000138625024,0,81,139598912,97,0,100,3,100,0,87,479249954,95,4616,100,0,100,2,,,,,100.0,0.0,100.0,0.0,,,74.0,26.0,,,100.0,75.0,100.0,418.0,26,26,100,0,100,0,200,0,100.0,4532.0,100.0,34549365472.0,100.0,12465300792.0
2018-08-21,ZCH01ZQQ,ST12000NM0007,12000138625024,0,80,98380824,97,0,100,3,100,0,87,481511858,95,4641,100,0,100,2,,,,,100.0,0.0,100.0,0.0,,,74.0,26.0,,,100.0,75.0,100.0,419.0,26,26,100,0,100,0,200,0,100.0,4557.0,100.0,34601970256.0,100.0,12615618568.0
2018-08-22,ZCH01ZQQ,ST12000NM0007,12000138625024,0,78,58361256,97,0,100,3,100,0,87,483770777,95,4664,100,0,100,2,,,,,100.0,0.0,100.0,0.0,,,73.0,27.0,,,100.0,75.0,100.0,420.0,27,27,100,0,100,0,200,0,100.0,4580.0,100.0,34662558544.0,100.0,12759151608.0
2018-08-23,ZCH01ZQQ,ST12000NM0007,12000138625024,0,81,141036680,97,0,100,3,100,0,87,487447642,95,4688,100,0,100,2,,,,,100.0,0.0,100.0,0.0,,,73.0,27.0,,,100.0,75.0,100.0,421.0,27,27,100,0,100,0,200,0,100.0,4604.0,100.0,34754400408.0,100.0,12994125944.0
2018-08-24,ZCH01ZQQ,ST12000NM0007,12000138625024,0,77,50466776,97,0,100,3,100,0,87,493019343,95,4712,100,0,100,2,,,,,100.0,0.0,100.0,0.0,,,73.0,27.0,,,100.0,75.0,100.0,422.0,27,27,100,0,100,0,200,0,100.0,4627.0,100.0,34865297424.0,100.0,13280940456.0
2018-08-25,ZCH01ZQQ,ST12000NM0007,12000138625024,0,76,41769208,97,0,100,3,100,0,87,496254689,95,4736,100,0,100,2,,,,,100.0,0.0,100.0,0.0,,,74.0,26.0,,,100.0,75.0,100.0,423.0,26,26,100,0,100,0,200,0,100.0,4651.0,100.0,34926953608.0,100.0,13454727600.0
2018-08-26,ZCH01ZQQ,ST12000NM0007,12000138625024,0,82,146943352,97,0,100,3,100,0,87,501725513,95,4761,100,0,100,2,,,,,100.0,0.0,100.0,0.0,,,73.0,27.0,,,100.0,75.0,100.0,424.0,27,27,100,0,100,0,200,0,100.0,4676.0,100.0,35055139704.0,100.0,13675856352.0
2018-08-27,ZCH01ZQQ,ST12000NM0007,12000138625024,0,81,138229600,97,0,100,3,100,0,87,504906854,95,4785,100,0,100,2,,,,,100.0,0.0,100.0,0.0,,,73.0,27.0,,,100.0,76.0,100.0,425.0,27,27,100,0,100,0,200,0,100.0,4700.0,100.0,35120244656.0,100.0,13846178416.0
2018-08-28,ZCH01ZQQ,ST12000NM0007,12000138625024,0,80,111557832,97,0,100,3,100,0,87,507326291,95,4809,100,0,100,2,,,,,100.0,0.0,100.0,0.0,,,73.0,27.0,,,100.0,76.0,100.0,426.0,27,27,100,0,100,0,200,0,100.0,4724.0,100.0,35179314688.0,100.0,14004577256.0
2018-08-29,ZCH01ZQQ,ST12000NM0007,12000138625024,0,78,67548120,97,0,100,3,100,0,87,509460080,95,4833,100,0,100,2,,,,,100.0,0.0,100.0,0.0,,,73.0,27.0,,,100.0,76.0,100.0,427.0,27,27,100,0,100,0,200,0,100.0,4748.0,100.0,35234430760.0,100.0,14149592112.0
2018-08-30,ZCH01ZQQ,ST12000NM0007,12000138625024,0,83,217215056,97,0,100,3,100,0,87,514374151,95,4861,100,0,100,2,,,,,100.0,0.0,100.0,0.0,,,73.0,27.0,,,100.0,76.0,100.0,428.0,27,27,100,0,100,0,200,0,100.0,4775.0,100.0,35355890560.0,100.0,14421939984.0
2018-08-31,ZCH01ZQQ,ST12000NM0007,12000138625024,0,83,197307672,97,0,100,3,100,0,87,517819285,95,4883,100,0,100,2,,,,,100.0,0.0,100.0,0.0,,,74.0,26.0,,,100.0,77.0,100.0,429.0,26,26,100,0,100,0,200,0,100.0,4798.0,100.0,35436489208.0,100.0,14565574584.0
2018-09-01,ZCH01ZQQ,ST12000NM0007,12000138625024,0,82,152222128,97,0,100,3,100,0,87,520133265,95,4908,100,0,100,2,,,,,100.0,0.0,100.0,0.0,,,73.0,27.0,,,100.0,78.0,100.0,430.0,27,27,100,0,100,0,200,0,100.0,4822.0,100.0,35508992952.0,100.0,14692126136.0
2018-09-02,ZCH01ZQQ,ST12000NM0007,12000138625024,0,84,230964760,97,0,100,3,100,0,87,525232053,95,4932,100,0,100,2,,,,,100.0,0.0,100.0,0.0,,,73.0,27.0,,,100.0,79.0,100.0,431.0,27,27,100,0,100,0,200,0,100.0,4847.0,100.0,35630869160.0,100.0,14893133232.0
2018-09-03,ZCH01ZQQ,ST12000NM0007,12000138625024,0,75,31521824,97,0,100,3,100,0,87,528979181,95,4956,100,0,100,2,,,,,100.0,0.0,100.0,0.0,,,73.0,27.0,,,100.0,79.0,100.0,432.0,27,27,100,0,100,0,200,0,100.0,4870.0,100.0,35722349144.0,100.0,15090491576.0
2018-09-04,ZCH01ZQQ,ST12000NM0007,12000138625024,0,78,58265896,97,0,100,3,100,0,87,532210040,95,4980,100,0,100,2,,,,,100.0,0.0,100.0,0.0,,,73.0,27.0,,,100.0,79.0,100.0,433.0,27,27,100,0,100,0,200,0,100.0,4894.0,100.0,35816576976.0,100.0,15267148480.0
2018-09-05,ZCH01ZQQ,ST12000NM0007,12000138625024,0,77,55619280,97,0,100,3,100,0,87,534784581,95,5004,100,0,100,2,,,,,100.0,0.0,100.0,0.0,,,73.0,27.0,,,100.0,80.0,100.0,434.0,27,27,100,0,100,0,200,0,100.0,4918.0,100.0,35896403776.0,100.0,15428815792.0
2018-09-06,ZCH01ZQQ,ST12000NM0007,12000138625024,0,81,134222728,97,0,100,3,100,0,87,538515584,95,5026,100,0,100,2,,,,,100.0,0.0,100.0,0.0,,,73.0,27.0,,,100.0,81.0,100.0,435.0,27,27,100,0,100,0,200,0,100.0,4940.0,100.0,35989746504.0,100.0,15658217304.0
2018-09-07,ZCH01ZQQ,ST12000NM0007,12000138625024,0,81,120575000,97,0,100,3,100,0,87,541005134,95,5050,100,0,100,2,,,,,100.0,0.0,100.0,0.0,,,74.0,26.0,,,100.0,82.0,100.0,436.0,26,26,100,0,100,0,200,0,100.0,4964.0,100.0,36047942296.0,100.0,15830514416.0
2018-09-08,ZCH01ZQQ,ST12000NM0007,12000138625024,0,80,92995032,97,0,100,3,100,0,87,543315515,95,5074,100,0,100,2,,,,,100.0,0.0,100.0,0.0,,,73.0,27.0,,,100.0,83.0,100.0,437.0,27,27,100,0,100,0,200,0,100.0,4988.0,100.0,36112367992.0,100.0,15982649432.0
2018-09-09,ZCH01ZQQ,ST12000NM0007,12000138625024,0,83,179134888,97,0,100,3,100,0,87,548707677,95,5097,100,0,100,2,,,,,100.0,0.0,100.0,0.0,,,73.0,27.0,,,100.0,84.0,100.0,438.0,27,27,100,0,100,0,200,0,100.0,5011.0,100.0,36236891832.0,100.0,16188406080.0
2018-09-10,ZCH01ZQQ,ST12000NM0007,12000138625024,0,83,181244424,97,0,100,3,100,0,87,551369702,95,5122,100,0,100,2,,,,,100.0,0.0,100.0,0.0,,,73.0,27.0,,,100.0,85.0,100.0,439.0,27,27,100,0,100,0,200,0,100.0,5036.0,100.0,36319538752.0,100.0,16352009504.0
2018-09-11,ZCH01ZQQ,ST12000NM0007,12000138625024,0,83,190445856,97,0,100,3,100,0,87,554307723,95,5145,100,0,100,2,,,,,100.0,0.0,100.0,0.0,,,73.0,27.0,,,100.0,85.0,100.0,440.0,27,27,100,0,100,0,200,0,100.0,5059.0,100.0,36398066408.0,100.0,16526824200.0
2018-09-12,ZCH01ZQQ,ST12000NM0007,12000138625024,0,82,154893384,97,0,100,3,100,0,87,556668590,95,5169,100,0,100,2,,,,,100.0,0.0,100.0,0.0,,,73.0,27.0,,,100.0,86.0,100.0,441.0,27,27,100,0,100,0,200,0,100.0,5083.0,100.0,36466603120.0,100.0,16666875696.0
2018-09-13,ZCH01ZQQ,ST12000NM0007,12000138625024,0,81,136544520,97,0,100,3,100,0,87,559135284,95,5191,100,0,100,2,,,,,100.0,0.0,100.0,0.0,,,74.0,26.0,,,100.0,86.0,100.0,442.0,26,26,100,0,100,0,200,0,100.0,5105.0,100.0,36532270824.0,100.0,16826999912.0
2018-09-14,ZCH01ZQQ,ST12000NM0007,12000138625024,0,81,126524168,97,0,100,3,100,0,87,561675124,95,5214,100,0,100,2,,,,,100.0,0.0,100.0,0.0,,,70.0,30.0,,,100.0,86.0,100.0,443.0,30,30,100,0,100,0,200,0,100.0,5128.0,100.0,36603729384.0,100.0,16989661696.0
2018-09-15,ZCH01ZQQ,ST12000NM0007,12000138625024,0,78,62585520,97,0,100,3,100,0,88,563944788,95,5238,100,0,100,2,,,,,100.0,0.0,100.0,0.0,,,69.0,31.0,,,100.0,87.0,100.0,444.0,31,31,100,0,100,0,200,0,100.0,5152.0,100.0,36665316400.0,100.0,17108276704.0
2018-09-16,ZCH01ZQQ,ST12000NM0007,12000138625024,0,82,166492088,97,0,100,3,100,0,88,569284073,94,5263,100,0,100,2,,,,,100.0,0.0,100.0,0.0,,,69.0,31.0,,,100.0,87.0,100.0,445.0,31,31,100,0,100,0,200,0,100.0,5176.0,100.0,36802514552.0,100.0,17319125960.0
2018-09-17,ZCH01ZQQ,ST12000NM0007,12000138625024,0,80,109539696,97,0,100,3,100,0,88,571746435,94,5286,100,0,100,2,,,,,100.0,0.0,100.0,0.0,,,69.0,31.0,,,100.0,88.0,100.0,446.0,31,31,100,0,100,0,200,0,100.0,5199.0,100.0,36863839856.0,100.0,17444989120.0
2018-09-18,ZCH01ZQQ,ST12000NM0007,12000138625024,0,80,97289016,97,0,100,3,100,0,88,574245026,94,5311,100,0,100,2,,,,,100.0,0.0,100.0,0.0,,,71.0,29.0,,,100.0,88.0,100.0,447.0,29,29,100,0,100,0,200,0,100.0,5224.0,100.0,36929103224.0,100.0,17611616000.0
2018-09-19,ZCH01ZQQ,ST12000NM0007,12000138625024,0,78,63704376,97,0,100,3,100,0,88,576548637,94,5335,100,0,100,2,,,,,100.0,0.0,100.0,0.0,,,71.0,29.0,,,100.0,88.0,100.0,448.0,29,29,100,0,100,0,200,0,100.0,5248.0,100.0,36992648600.0,100.0,17758626616.0
2018-09-20,ZCH01ZQQ,ST12000NM0007,12000138625024,0,82,147123264,97,0,100,3,100,0,88,580270323,94,5359,100,0,100,2,,,,,100.0,0.0,100.0,0.0,,,71.0,29.0,,,100.0,89.0,100.0,449.0,29,29,100,0,100,0,200,0,100.0,5271.0,100.0,37089409808.0,100.0,17989425152.0
2018-09-21,ZCH01ZQQ,ST12000NM0007,12000138625024,0,76,38395288,97,0,100,3,100,0,88,585499680,94,5383,100,0,100,2,,,,,100.0,0.0,100.0,0.0,,,71.0,29.0,,,100.0,89.0,100.0,450.0,29,29,100,0,100,0,200,0,100.0,5296.0,100.0,37207467136.0,100.0,18250921248.0
2018-09-22,ZCH01ZQQ,ST12000NM0007,12000138625024,0,75,33750032,97,0,100,3,100,0,88,588372632,94,5407,100,0,100,2,,,,,100.0,0.0,100.0,0.0,,,71.0,29.0,,,100.0,90.0,100.0,451.0,29,29,100,0,100,0,200,0,100.0,5320.0,100.0,37279749240.0,100.0,18418134800.0
2018-09-23,ZCH01ZQQ,ST12000NM0007,12000138625024,0,82,153182928,97,0,100,3,100,0,88,593907849,94,5432,100,0,100,2,,,,,100.0,0.0,100.0,0.0,,,71.0,29.0,,,100.0,91.0,100.0,452.0,29,29,100,0,100,0,200,0,100.0,5344.0,100.0,37422778368.0,100.0,18638679320.0
2018-09-24,ZCH01ZQQ,ST12000NM0007,12000138625024,0,82,149687272,97,0,100,3,100,0,88,597020099,94,5455,100,0,100,2,,,,,100.0,0.0,100.0,0.0,,,71.0,29.0,,,100.0,91.0,100.0,453.0,29,29,100,0,100,0,200,0,100.0,5367.0,100.0,37502564848.0,100.0,18799537824.0
2018-09-25,ZCH01ZQQ,ST12000NM0007,12000138625024,0,80,103857720,97,0,100,3,100,0,88,599108836,94,5478,100,0,100,2,,,,,100.0,0.0,100.0,0.0,,,71.0,29.0,,,100.0,91.0,100.0,454.0,29,29,100,0,100,0,200,0,100.0,5391.0,100.0,37552753672.0,100.0,18947660216.0
2018-09-26,ZCH01ZQQ,ST12000NM0007,12000138625024,0,79,89059072,97,0,100,3,100,0,88,601455140,94,5503,100,0,100,2,,,,,100.0,0.0,100.0,0.0,,,72.0,28.0,,,100.0,92.0,100.0,455.0,28,28,100,0,100,0,200,0,100.0,5415.0,100.0,37614801936.0,100.0,19114954016.0
2018-09-27,ZCH01ZQQ,ST12000NM0007,12000138625024,0,82,153497232,97,0,100,3,100,0,88,605233366,94,5526,100,0,100,2,,,,,100.0,0.0,100.0,0.0,,,71.0,29.0,,,100.0,92.0,100.0,456.0,29,29,100,0,100,0,200,0,100.0,5438.0,100.0,37701891624.0,100.0,19336443120.0
2018-09-28,ZCH01ZQQ,ST12000NM0007,12000138625024,0,79,84720312,97,0,100,3,100,0,88,610850832,94,5555,100,0,100,2,,,,,100.0,0.0,100.0,0.0,,,71.0,29.0,,,100.0,92.0,100.0,457.0,29,29,100,0,100,0,200,0,100.0,5467.0,100.0,37837298552.0,100.0,19620540600.0
2018-09-29,ZCH01ZQQ,ST12000NM0007,12000138625024,0,78,58032848,97,0,100,3,100,0,88,613616308,94,5579,100,0,100,2,,,,,100.0,0.0,100.0,0.0,,,71.0,29.0,,,100.0,92.0,100.0,458.0,29,29,100,0,100,0,200,0,100.0,5491.0,100.0,37907743680.0,100.0,19767548664.0
2018-09-30,ZCH01ZQQ,ST12000NM0007,12000138625024,0,82,142049616,97,0,100,3,100,0,88,619111876,94,5603,100,0,100,2,,,,,100.0,0.0,100.0,0.0,,,72.0,28.0,,,100.0,92.0,100.0,459.0,28,28,100,0,100,0,200,0,100.0,5515.0,100.0,38037834456.0,100.0,19965615288.0
2018-10-01,ZCH01ZQQ,ST12000NM0007,12000138625024,0,80,108712728,97,0,100,3,100,0,88,621398671,94,5627,100,0,100,2,,,,,100.0,0.0,100.0,0.0,,,72.0,28.0,,,100.0,92.0,100.0,460.0,28,28,100,0,100,0,200,0,100.0,5538.0,100.0,38086349288.0,100.0,20127904224.0
2018-10-02,ZCH01ZQQ,ST12000NM0007,12000138625024,0,80,90582128,97,0,100,3,100,0,88,624024186,94,5651,100,0,100,2,,,,,100.0,0.0,100.0,0.0,,,71.0,29.0,,,100.0,93.0,100.0,461.0,29,29,100,0,100,0,200,0,100.0,5562.0,100.0,38141003000.0,100.0,20299260664.0
2018-10-03,ZCH01ZQQ,ST12000NM0007,12000138625024,0,77,50060648,97,0,100,3,100,0,88,626668105,94,5676,100,0,100,2,,,,,100.0,0.0,100.0,0.0,,,72.0,28.0,,,100.0,94.0,100.0,462.0,28,28,100,0,100,0,200,0,100.0,5587.0,100.0,38196748264.0,100.0,20447134760.0
2018-10-04,ZCH01ZQQ,ST12000NM0007,12000138625024,0,82.0,160632856.0,97.0,0.0,100.0,3.0,100.0,0.0,88.0,631899287.0,94.0,5699.0,100.0,0.0,100.0,2.0,,,,,100.0,0.0,100.0,0.0,,,71.0,29.0,,,100.0,94.0,100.0,463.0,29.0,29.0,100.0,0.0,100.0,0.0,200.0,0.0,100.0,5611.0,100.0,38315670504.0,100.0,20682925368.0
2018-10-05,ZCH01ZQQ,ST12000NM0007,12000138625024,0,83,204408712,97,0,100,3,100,0,88,635927637,94,5723,100,0,100,2,,,,,100.0,0.0,100.0,0.0,,,72.0,28.0,,,100.0,94.0,100.0,464.0,28,28,100,0,100,0,200,0,100.0,5635.0,100.0,38420275488.0,100.0,20866236872.0
2018-10-06,ZCH01ZQQ,ST12000NM0007,12000138625024,0,83,193626704,97,0,100,3,100,0,88,638817481,94,5747,100,0,100,2,,,,,100.0,0.0,100.0,0.0,,,71.0,29.0,,,100.0,95.0,100.0,465.0,29,29,100,0,100,0,200,0,100.0,5658.0,100.0,38492126448.0,100.0,21027744832.0
2018-10-07,ZCH01ZQQ,ST12000NM0007,12000138625024,0,74,26418344,97,0,100,3,100,0,88,643912919,94,5771,100,0,100,2,,,,,100.0,0.0,100.0,0.0,,,72.0,28.0,,,100.0,95.0,100.0,466.0,28,28,100,0,100,0,200,0,100.0,5682.0,100.0,38615525208.0,100.0,21225418976.0
2018-10-08,ZCH01ZQQ,ST12000NM0007,12000138625024,0,73,21446640,97,0,100,3,100,0,88,646519565,94,5795,100,0,100,2,,,,,100.0,0.0,100.0,0.0,,,71.0,29.0,,,100.0,96.0,100.0,467.0,29,29,100,0,100,0,200,0,100.0,5706.0,100.0,38688542056.0,100.0,21391571160.0
2018-10-09,ZCH01ZQQ,ST12000NM0007,12000138625024,0,82.0,172964744.0,97.0,0.0,100.0,3.0,100.0,0.0,88.0,648222394.0,94.0,5812.0,100.0,0.0,100.0,2.0,,,,,100.0,0.0,100.0,0.0,,,69.0,31.0,,,100.0,97.0,100.0,468.0,31.0,31.0,100.0,0.0,100.0,0.0,200.0,0.0,100.0,5723.0,100.0,38727698728.0,100.0,21503932592.0
2018-10-10,ZCH01ZQQ,ST12000NM0007,12000138625024,0,84,235322464,97,0,100,3,100,0,88,651664220,94,5844,100,0,100,2,,,,,100.0,0.0,100.0,0.0,,,71.0,29.0,,,100.0,98.0,100.0,469.0,29,29,100,0,100,0,200,0,100.0,5754.0,100.0,38816327768.0,100.0,21721801928.0
2018-10-11,ZCH01ZQQ,ST12000NM0007,12000138625024,0,82,163065552,97,0,100,3,100,0,88,656731700,94,5867,100,0,100,2,,,,,100.0,0.0,100.0,0.0,,,71.0,29.0,,,100.0,98.0,100.0,470.0,29,29,100,0,100,0,200,0,100.0,5777.0,100.0,38949785984.0,100.0,22004368192.0
2018-10-12,ZCH01ZQQ,ST12000NM0007,12000138625024,0,69,8479808,97,0,100,3,100,0,88,661924774,94,5891,100,0,100,2,,,,,100.0,0.0,100.0,0.0,,,71.0,29.0,,,100.0,99.0,100.0,471.0,29,29,100,0,100,0,200,0,100.0,5802.0,100.0,39054431688.0,100.0,22233418256.0
2018-10-13,ZCH01ZQQ,ST12000NM0007,12000138625024,0,84,243841824,97,0,100,3,100,0,88,664706948,94,5915,100,0,100,2,,,,,100.0,0.0,100.0,0.0,,,71.0,29.0,,,100.0,100.0,100.0,472.0,29,29,100,0,100,0,200,0,100.0,5825.0,100.0,39130751128.0,100.0,22392460832.0
2018-10-14,ZCH01ZQQ,ST12000NM0007,12000138625024,0,81,126887424,97,0,100,3,100,0,88,670965270,94,5939,100,0,100,2,,,,,100.0,0.0,100.0,0.0,,,71.0,29.0,,,100.0,100.0,100.0,473.0,29,29,100,0,100,0,200,0,100.0,5850.0,100.0,39260790872.0,100.0,22633749112.0
2018-10-15,ZCH01ZQQ,ST12000NM0007,12000138625024,0,80,111608040,97,0,100,3,100,0,88,673634308,94,5963,100,0,100,2,,,,,100.0,0.0,100.0,0.0,,,71.0,29.0,,,100.0,101.0,100.0,474.0,29,29,100,0,100,0,200,0,100.0,5874.0,100.0,39332034616.0,100.0,22791366672.0
2018-10-16,ZCH01ZQQ,ST12000NM0007,12000138625024,0,79,84190680,97,0,100,3,100,0,88,676433268,94,5988,100,0,100,2,,,,,100.0,0.0,100.0,0.0,,,71.0,29.0,,,100.0,101.0,100.0,475.0,29,29,100,0,100,0,200,0,100.0,5898.0,100.0,39403948936.0,100.0,22936175800.0
2018-10-17,ZCH01ZQQ,ST12000NM0007,12000138625024,0,77,48751992,97,0,100,3,100,0,88,679683602,94,6011,100,0,100,2,,,,,100.0,0.0,100.0,0.0,,,71.0,29.0,,,100.0,101.0,100.0,476.0,29,29,100,0,100,0,200,0,100.0,5921.0,100.0,39460425776.0,100.0,23088401024.0
2018-10-18,ZCH01ZQQ,ST12000NM0007,12000138625024,0,82,153201024,97,0,100,3,100,0,88,683987532,94,6033,100,0,100,2,,,,,100.0,0.0,100.0,0.0,,,70.0,30.0,,,100.0,102.0,100.0,477.0,30,30,100,0,100,0,200,0,100.0,5943.0,100.0,39574385672.0,100.0,23323030832.0
2018-10-19,ZCH01ZQQ,ST12000NM0007,12000138625024,0,82,171806744,97,0,100,3,100,0,88,687458980,94,6057,100,0,100,2,,,,,100.0,0.0,100.0,0.0,,,71.0,29.0,,,100.0,102.0,100.0,478.0,29,29,100,0,100,0,200,0,100.0,5967.0,100.0,39632926576.0,100.0,23527236352.0
2018-10-20,ZCH01ZQQ,ST12000NM0007,12000138625024,0,83,210236088,97,0,100,3,100,0,88,690914762,94,6081,100,0,100,2,,,,,100.0,0.0,100.0,0.0,,,70.0,30.0,,,100.0,103.0,100.0,479.0,30,30,100,0,100,0,200,0,100.0,5991.0,100.0,39741293672.0,100.0,23701439304.0
2018-10-21,ZCH01ZQQ,ST12000NM0007,12000138625024,0,77,54385672,97,0,100,3,100,0,88,696516857,94,6105,100,0,100,2,,,,,100.0,0.0,100.0,0.0,,,71.0,29.0,,,100.0,103.0,100.0,480.0,29,29,100,0,100,0,200,0,100.0,6015.0,100.0,39864894776.0,100.0,23910269312.0
2018-10-22,ZCH01ZQQ,ST12000NM0007,12000138625024,0,72,16660664,97,0,100,3,100,0,88,698976759,94,6128,100,0,100,2,,,,,100.0,0.0,100.0,0.0,,,71.0,29.0,,,100.0,104.0,100.0,481.0,29,29,100,0,100,0,200,0,100.0,6039.0,100.0,39924697864.0,100.0,24056881856.0
2018-10-23,ZCH01ZQQ,ST12000NM0007,12000138625024,0,75,29274608,97,0,100,3,100,0,88,702011724,93,6153,100,0,100,2,,,,,100.0,0.0,100.0,0.0,,,71.0,29.0,,,100.0,104.0,100.0,482.0,29,29,100,0,100,0,200,0,100.0,6063.0,100.0,40003843568.0,100.0,24234490816.0
2018-10-25,ZCH01ZQQ,ST12000NM0007,12000138625024,0,80,98771128,97,0,100,3,100,0,89,709093996,93,6200,100,0,100,2,,,,,100.0,0.0,100.0,0.0,,,70.0,30.0,,,100.0,104.0,100.0,484.0,30,30,100,0,100,0,200,0,100.0,6109.0,100.0,40192685488.0,100.0,24603427104.0
2018-10-26,ZCH01ZQQ,ST12000NM0007,12000138625024,0,80,91488040,97,0,100,3,100,0,89,711978061,93,6223,100,0,100,2,,,,,100.0,0.0,100.0,0.0,,,71.0,29.0,,,100.0,105.0,100.0,485.0,29,29,100,0,100,0,200,0,100.0,6133.0,100.0,40254406904.0,100.0,24778563408.0
2018-10-27,ZCH01ZQQ,ST12000NM0007,12000138625024,0,78,66944552,97,0,100,3,100,0,89,714537047,93,6247,100,0,100,2,,,,,100.0,0.0,100.0,0.0,,,71.0,29.0,,,100.0,105.0,100.0,486.0,29,29,100,0,100,0,200,0,100.0,6156.0,100.0,40328593360.0,100.0,24923974224.0
2018-10-28,ZCH01ZQQ,ST12000NM0007,12000138625024,0,83,194025016,97,0,100,3,100,0,89,720411298,93,6272,100,0,100,2,,,,,100.0,0.0,100.0,0.0,,,71.0,29.0,,,100.0,106.0,100.0,487.0,29,29,100,0,100,0,200,0,100.0,6181.0,100.0,40449468672.0,100.0,25174320016.0
2018-10-29,ZCH01ZQQ,ST12000NM0007,12000138625024,0,82,172809544,97,0,100,3,100,0,89,722871772,93,6296,100,0,100,2,,,,,100.0,0.0,100.0,0.0,,,71.0,29.0,,,100.0,107.0,100.0,488.0,29,29,100,0,100,0,200,0,100.0,6205.0,100.0,40513787088.0,100.0,25332926784.0
2018-10-30,ZCH01ZQQ,ST12000NM0007,12000138625024,0,82,149156384,97,0,100,3,100,0,89,725463995,93,6319,100,0,100,2,,,,,100.0,0.0,100.0,0.0,,,71.0,29.0,,,100.0,107.0,100.0,489.0,29,29,100,0,100,0,200,0,100.0,6228.0,100.0,40578172568.0,100.0,25489028800.0
2018-10-31,ZCH01ZQQ,ST12000NM0007,12000138625024,0,81,131675208,97.0,0.0,100.0,3.0,100.0,0.0,89.0,728094707.0,93,6344,100.0,0.0,100,2,,,,,100.0,0.0,100.0,0.0,,,71.0,29.0,,,100.0,107.0,100.0,490.0,29,29,100.0,0.0,100.0,0.0,200.0,0.0,100.0,6252.0,100.0,40645535136.0,100.0,25648325696.0
2018-11-01,ZCH01ZQQ,ST12000NM0007,12000138625024,0,75,28437856,97.0,0.0,100.0,3.0,100.0,0.0,89.0,732604416.0,93,6372,100.0,0.0,100,2,,,,,100.0,0.0,100.0,0.0,,,70.0,30.0,,,100.0,107.0,100.0,492.0,30,30,100.0,0.0,100.0,0.0,200.0,0.0,100.0,6281.0,100.0,40776004256.0,100.0,25902901168.0
2018-11-02,ZCH01ZQQ,ST12000NM0007,12000138625024,0,66,4456208,97.0,0.0,100.0,3.0,100.0,0.0,89.0,735360100.0,93,6396,100.0,0.0,100,2,,,,,100.0,0.0,100.0,0.0,,,70.0,30.0,,,100.0,108.0,100.0,493.0,30,30,100.0,0.0,100.0,0.0,200.0,0.0,100.0,6304.0,100.0,40857862968.0,100.0,26041201672.0
2018-11-03,ZCH01ZQQ,ST12000NM0007,12000138625024,0,75,33470032,97.0,0.0,100.0,3.0,100.0,0.0,89.0,738642337.0,93,6420,100.0,0.0,100,2,,,,,100.0,0.0,100.0,0.0,,,70.0,30.0,,,100.0,108.0,100.0,494.0,30,30,100.0,0.0,100.0,0.0,200.0,0.0,100.0,6329.0,100.0,40953199432.0,100.0,26219019768.0
2018-11-04,ZCH01ZQQ,ST12000NM0007,12000138625024,0,81,135130368,97.0,0.0,100.0,3.0,100.0,0.0,89.0,744494456.0,93,6444,100.0,0.0,100,2,,,,,100.0,0.0,100.0,0.0,,,71.0,29.0,,,100.0,109.0,100.0,495.0,29,29,100.0,0.0,100.0,0.0,200.0,0.0,100.0,6352.0,100.0,41086141496.0,100.0,26431878720.0
2018-11-05,ZCH01ZQQ,ST12000NM0007,12000138625024,0,82,158032104,97.0,0.0,100.0,3.0,100.0,0.0,89.0,747549842.0,93,6468,100.0,0.0,100,2,,,,,100.0,0.0,100.0,0.0,,,71.0,29.0,,,100.0,110.0,100.0,496.0,29,29,100.0,0.0,100.0,0.0,200.0,0.0,100.0,6376.0,100.0,41165463224.0,100.0,26619599768.0
2018-11-06,ZCH01ZQQ,ST12000NM0007,12000138625024,0,82.0,173366216.0,97.0,0.0,100.0,3.0,100.0,0.0,89.0,750789953.0,93.0,6492.0,100.0,0.0,100.0,2.0,,,,,100.0,0.0,100.0,0.0,,,71.0,29.0,,,100.0,110.0,100.0,497.0,29.0,29.0,100.0,0.0,100.0,0.0,200.0,0.0,100.0,6400.0,100.0,41241912904.0,100.0,26802624992.0
2018-11-07,ZCH01ZQQ,ST12000NM0007,12000138625024,0,82.0,149406808.0,97.0,0.0,100.0,3.0,100.0,0.0,89.0,753154769.0,93.0,6516.0,100.0,0.0,100.0,2.0,,,,,100.0,0.0,100.0,0.0,,,71.0,29.0,,,100.0,110.0,100.0,498.0,29.0,29.0,100.0,0.0,100.0,0.0,200.0,0.0,100.0,6424.0,100.0,41304503040.0,100.0,26960216192.0
2018-11-08,ZCH01ZQQ,ST12000NM0007,12000138625024,0,75.0,30328152.0,97.0,0.0,100.0,3.0,100.0,0.0,89.0,758141094.0,93.0,6538.0,100.0,0.0,100.0,2.0,,,,,100.0,0.0,100.0,0.0,,,71.0,29.0,,,100.0,110.0,100.0,499.0,29.0,29.0,100.0,0.0,100.0,0.0,200.0,0.0,100.0,6446.0,100.0,41427756448.0,100.0,27206165768.0
2018-11-09,ZCH01ZQQ,ST12000NM0007,12000138625024,0,73,18324968,97.0,0.0,100.0,3.0,100.0,0.0,89.0,761194696.0,93,6562,100.0,0.0,100,2,,,,,100.0,0.0,100.0,0.0,,,72.0,28.0,,,100.0,110.0,100.0,500.0,28,28,100.0,0.0,100.0,0.0,200.0,0.0,100.0,6470.0,100.0,41486043064.0,100.0,27380016656.0
2018-11-10,ZCH01ZQQ,ST12000NM0007,12000138625024,0,84,235656978,97.0,0.0,100.0,3.0,100.0,0.0,89.0,763977015.0,93,6586,100.0,0.0,100,2,,,,,100.0,0.0,100.0,0.0,,,71.0,29.0,,,100.0,110.0,100.0,505.0,29,29,100.0,0.0,100.0,0.0,200.0,0.0,100.0,6493.0,100.0,41557507968.0,100.0,27525883762.0
2018-11-11,ZCH01ZQQ,ST12000NM0007,12000138625024,0,78,66360576,97.0,0.0,100.0,3.0,100.0,0.0,89.0,769445152.0,93,6611,100.0,0.0,100,2,,,,,100.0,0.0,100.0,0.0,,,72.0,28.0,,,100.0,110.0,100.0,506.0,28,28,100.0,0.0,100.0,0.0,200.0,0.0,100.0,6517.0,100.0,41683670952.0,100.0,27718705898.0
2018-11-12,ZCH01ZQQ,ST12000NM0007,12000138625024,0,76,38039528,97.0,0.0,100.0,3.0,100.0,0.0,89.0,772037101.0,93,6635,100.0,0.0,100,2,,,,,100.0,0.0,100.0,0.0,,,72.0,28.0,,,100.0,111.0,100.0,507.0,28,28,100.0,0.0,100.0,0.0,200.0,0.0,100.0,6542.0,100.0,41731835136.0,100.0,27886361330.0
2018-11-13,ZCH01ZQQ,ST12000NM0007,12000138625024,0,72,17384656,97.0,0.0,100.0,3.0,100.0,0.0,89.0,774682948.0,93,6658,100.0,0.0,100,2,,,,,100.0,0.0,100.0,0.0,,,72.0,28.0,,,100.0,111.0,100.0,508.0,28,28,100.0,0.0,100.0,0.0,200.0,0.0,100.0,6565.0,100.0,41815655368.0,100.0,28026027082.0
2018-11-14,ZCH01ZQQ,ST12000NM0007,12000138625024,0,67,5492200,97.0,0.0,100.0,3.0,100.0,0.0,89.0,777326335.0,93,6682,100.0,0.0,100,2,,,,,100.0,0.0,100.0,0.0,,,71.0,29.0,,,100.0,111.0,100.0,509.0,29,29,100.0,0.0,100.0,0.0,200.0,0.0,100.0,6589.0,100.0,41878996024.0,100.0,28194934618.0
2018-11-15,ZCH01ZQQ,ST12000NM0007,12000138625024,0,82,153202520,97.0,0.0,100.0,3.0,100.0,0.0,89.0,782595859.0,93,6706,100.0,0.0,100,2,,,,,100.0,0.0,100.0,0.0,,,70.0,30.0,,,100.0,111.0,100.0,510.0,30,30,100.0,0.0,100.0,0.0,200.0,0.0,100.0,6613.0,100.0,42006300584.0,100.0,28459481090.0
2018-11-16,ZCH01ZQQ,ST12000NM0007,12000138625024,0,82,167547128,97.0,0.0,100.0,3.0,100.0,0.0,89.0,786337191.0,93,6731,100.0,0.0,100,2,,,,,100.0,0.0,100.0,0.0,,,71.0,29.0,,,100.0,111.0,100.0,511.0,29,29,100.0,0.0,100.0,0.0,200.0,0.0,100.0,6637.0,100.0,42093024152.0,100.0,28631242778.0
2018-11-17,ZCH01ZQQ,ST12000NM0007,12000138625024,0,82.0,165423792.0,97.0,0.0,100.0,3.0,100.0,0.0,89.0,789317312.0,93.0,6755.0,100.0,0.0,100.0,2.0,,,,,100.0,0.0,100.0,0.0,,,71.0,29.0,,,100.0,111.0,100.0,512.0,29.0,29.0,100.0,0.0,100.0,0.0,200.0,0.0,100.0,6662.0,100.0,42168364432.0,100.0,28797919890.0
2018-11-18,ZCH01ZQQ,ST12000NM0007,12000138625024,0,83,213007480,97.0,0.0,100.0,3.0,100.0,0.0,89.0,794405094.0,93,6780,100.0,0.0,100,2,,,,,100.0,0.0,100.0,0.0,,,71.0,29.0,,,100.0,112.0,100.0,513.0,29,29,100.0,0.0,100.0,0.0,200.0,0.0,100.0,6686.0,100.0,42273253920.0,100.0,28984754722.0
2018-11-19,ZCH01ZQQ,ST12000NM0007,12000138625024,0,82,154729832,97.0,0.0,100.0,3.0,100.0,0.0,89.0,796537031.0,93,6802,100.0,0.0,100,2,,,,,100.0,0.0,100.0,0.0,,,71.0,29.0,,,100.0,113.0,100.0,514.0,29,29,100.0,0.0,100.0,0.0,200.0,0.0,100.0,6708.0,100.0,42315426912.0,100.0,29128444770.0
2018-11-20,ZCH01ZQQ,ST12000NM0007,12000138625024,0,80,110763816,97.0,0.0,100.0,3.0,100.0,0.0,89.0,798975421.0,93,6825,100.0,0.0,100,2,,,,,100.0,0.0,100.0,0.0,,,71.0,29.0,,,100.0,113.0,100.0,515.0,29,29,100.0,0.0,100.0,0.0,200.0,0.0,100.0,6731.0,100.0,42367231936.0,100.0,29276814538.0
2018-11-21,ZCH01ZQQ,ST12000NM0007,12000138625024,0,76,43678784,97.0,0.0,100.0,3.0,100.0,0.0,89.0,801201240.0,93,6848,100.0,0.0,100,2,,,,,100.0,0.0,100.0,0.0,,,71.0,29.0,,,100.0,114.0,100.0,516.0,29,29,100.0,0.0,100.0,0.0,200.0,0.0,100.0,6754.0,100.0,42413892352.0,100.0,29407209778.0
2018-11-22,ZCH01ZQQ,ST12000NM0007,12000138625024,0,83,178368104,97.0,0.0,100.0,3.0,100.0,0.0,89.0,806168836.0,93,6873,100.0,0.0,100,2,,,,,100.0,0.0,100.0,0.0,,,71.0,29.0,,,100.0,114.0,100.0,517.0,29,29,100.0,0.0,100.0,0.0,200.0,0.0,100.0,6779.0,100.0,42530936360.0,100.0,29668995802.0
2018-11-23,ZCH01ZQQ,ST12000NM0007,12000138625024,0,84,237761024,97.0,0.0,100.0,3.0,100.0,0.0,89.0,811364625.0,93,6896,100.0,0.0,100,2,,,,,100.0,0.0,100.0,0.0,,,70.0,30.0,,,100.0,114.0,100.0,518.0,30,30,100.0,0.0,100.0,0.0,200.0,0.0,100.0,6802.0,100.0,42634081504.0,100.0,29869384522.0
2018-11-24,ZCH01ZQQ,ST12000NM0007,12000138625024,0,81,135902336,97.0,0.0,100.0,3.0,100.0,0.0,89.0,813370443.0,93,6921,100.0,0.0,100,2,,,,,100.0,0.0,100.0,0.0,,,70.0,30.0,,,100.0,115.0,100.0,519.0,30,30,100.0,0.0,100.0,0.0,200.0,0.0,100.0,6827.0,100.0,42671508512.0,100.0,29974239618.0
2018-11-25,ZCH01ZQQ,ST12000NM0007,12000138625024,0,84,223916000,97.0,0.0,100.0,3.0,100.0,0.0,89.0,819479718.0,93,6944,100.0,0.0,100,2,,,,,100.0,0.0,100.0,0.0,,,70.0,30.0,,,100.0,115.0,100.0,520.0,30,30,100.0,0.0,100.0,0.0,200.0,0.0,100.0,6850.0,100.0,42802534888.0,100.0,30175367706.0
2018-11-26,ZCH01ZQQ,ST12000NM0007,12000138625024,0,83,197149656,97.0,0.0,100.0,3.0,100.0,0.0,89.0,822008164.0,93,6969,100.0,0.0,100,2,,,,,100.0,0.0,100.0,0.0,,,70.0,30.0,,,100.0,116.0,100.0,521.0,30,30,100.0,0.0,100.0,0.0,200.0,0.0,100.0,6875.0,100.0,42846641296.0,100.0,30348635738.0
2018-11-27,ZCH01ZQQ,ST12000NM0007,12000138625024,0,82,149850664,97.0,0.0,100.0,3.0,100.0,0.0,89.0,824177563.0,93,6992,100.0,0.0,100,2,,,,,100.0,0.0,100.0,0.0,,,70.0,30.0,,,100.0,117.0,100.0,522.0,30,30,100.0,0.0,100.0,0.0,200.0,0.0,100.0,6898.0,100.0,42893725024.0,100.0,30498393690.0
2018-11-28,ZCH01ZQQ,ST12000NM0007,12000138625024,0,81,131575496,97.0,0.0,100.0,3.0,100.0,0.0,89.0,826881438.0,92,7016,100.0,0.0,100,2,,,,,100.0,0.0,100.0,0.0,,,70.0,30.0,,,100.0,117.0,100.0,523.0,30,30,100.0,0.0,100.0,0.0,200.0,0.0,100.0,6922.0,100.0,42969178808.0,100.0,30648805386.0
2018-11-29,ZCH01ZQQ,ST12000NM0007,12000138625024,0,72,16858320,97.0,0.0,100.0,3.0,100.0,0.0,89.0,831902274.0,92,7042,100.0,0.0,100,2,,,,,100.0,0.0,100.0,0.0,,,72.0,28.0,,,100.0,118.0,100.0,524.0,28,28,100.0,0.0,100.0,0.0,200.0,0.0,100.0,6947.0,100.0,43060232208.0,100.0,30931316338.0
2018-11-30,ZCH01ZQQ,ST12000NM0007,12000138625024,0,78,63380072,97.0,0.0,100.0,3.0,100.0,0.0,89.0,836289146.0,92,7065,100.0,0.0,100,2,,,,,100.0,0.0,100.0,0.0,,,73.0,27.0,,,100.0,118.0,100.0,525.0,27,27,100.0,0.0,100.0,0.0,200.0,0.0,100.0,6970.0,100.0,43153065320.0,100.0,31129145698.0
2018-12-01,ZCH01ZQQ,ST12000NM0007,12000138625024,0,79,87664112,97.0,0.0,100.0,3.0,100.0,0.0,89.0,839443802.0,92,7089,100.0,0.0,100,2,,,,,100.0,0.0,100.0,0.0,,,73.0,27.0,,,100.0,119.0,100.0,526.0,27,27,100.0,0.0,100.0,0.0,200.0,0.0,100.0,6994.0,100.0,43232069904.0,100.0,31318565914.0
2018-12-02,ZCH01ZQQ,ST12000NM0007,12000138625024,0,82,147782328,97.0,0.0,100.0,3.0,100.0,0.0,89.0,844761963.0,92,7113,100.0,0.0,100,2,,,,,100.0,0.0,100.0,0.0,,,73.0,27.0,,,100.0,119.0,100.0,527.0,27,27,100.0,0.0,100.0,0.0,200.0,0.0,100.0,7017.0,100.0,43345561984.0,100.0,31509332818.0
2018-12-03,ZCH01ZQQ,ST12000NM0007,12000138625024,0,81,132559952,97.0,0.0,100.0,3.0,100.0,0.0,89.0,847377431.0,92,7138,100.0,0.0,100,2,,,,,100.0,0.0,100.0,0.0,,,73.0,27.0,,,100.0,119.0,100.0,528.0,27,27,100.0,0.0,100.0,0.0,200.0,0.0,100.0,7042.0,100.0,43402145720.0,100.0,31681667578.0
2018-12-04,ZCH01ZQQ,ST12000NM0007,12000138625024,0,80,94128464,97.0,0.0,100.0,3.0,100.0,0.0,89.0,849836891.0,92,7161,100.0,0.0,100,2,,,,,100.0,0.0,100.0,0.0,,,73.0,27.0,,,100.0,120.0,100.0,529.0,27,27,100.0,0.0,100.0,0.0,200.0,0.0,100.0,7066.0,100.0,43460155520.0,100.0,31829367074.0
2018-12-05,ZCH01ZQQ,ST12000NM0007,12000138625024,0,79.0,77018624.0,97.0,0.0,100.0,3.0,100.0,0.0,89.0,852543431.0,92.0,7184.0,100.0,0.0,100.0,2.0,,,,,100.0,0.0,100.0,0.0,,,73.0,27.0,,,100.0,121.0,100.0,530.0,27.0,27.0,100.0,0.0,100.0,0.0,200.0,0.0,100.0,7089.0,100.0,43526918592.0,100.0,31989634802.0
2018-12-06,ZCH01ZQQ,ST12000NM0007,12000138625024,0,83,199019360,97.0,0.0,100.0,3.0,100.0,0.0,89.0,856670157.0,92,7211,100.0,0.0,100,2,,,,,100.0,0.0,100.0,0.0,,,73.0,27.0,,,100.0,121.0,100.0,531.0,27,27,100.0,0.0,100.0,0.0,200.0,0.0,100.0,7115.0,100.0,43635208488.0,100.0,32247486338.0
2018-12-07,ZCH01ZQQ,ST12000NM0007,12000138625024,0,81,139459080,97.0,0.0,100.0,3.0,100.0,0.0,89.0,858827845.0,92,7235,100.0,0.0,100,2,,,,,100.0,0.0,100.0,0.0,,,73.0,27.0,,,100.0,121.0,100.0,532.0,27,27,100.0,0.0,100.0,0.0,200.0,0.0,100.0,7139.0,100.0,43678958688.0,100.0,32388316642.0
2018-12-08,ZCH01ZQQ,ST12000NM0007,12000138625024,0,81,119673032,97.0,0.0,100.0,3.0,100.0,0.0,89.0,861622435.0,92,7260,100.0,0.0,100,2,,,,,100.0,0.0,100.0,0.0,,,73.0,27.0,,,100.0,122.0,100.0,533.0,27,27,100.0,0.0,100.0,0.0,200.0,0.0,100.0,7164.0,100.0,43759667744.0,100.0,32531962322.0
2018-12-09,ZCH01ZQQ,ST12000NM0007,12000138625024,0,82,168533616,97.0,0.0,100.0,3.0,100.0,0.0,89.0,866469102.0,92,7283,100.0,0.0,100,2,,,,,100.0,0.0,100.0,0.0,,,73.0,27.0,,,100.0,123.0,100.0,534.0,27,27,100.0,0.0,100.0,0.0,200.0,0.0,100.0,7187.0,100.0,43870435448.0,100.0,32714195882.0
2018-12-10,ZCH01ZQQ,ST12000NM0007,12000138625024,0,82,152365896,97.0,0.0,100.0,3.0,100.0,0.0,89.0,868778774.0,92,7307,100.0,0.0,100,2,,,,,100.0,0.0,100.0,0.0,,,73.0,27.0,,,100.0,123.0,100.0,535.0,27,27,100.0,0.0,100.0,0.0,200.0,0.0,100.0,7211.0,100.0,43932423072.0,100.0,32880181362.0
2018-12-11,ZCH01ZQQ,ST12000NM0007,12000138625024,0,82,142308944,97.0,0.0,100.0,3.0,100.0,0.0,89.0,871278793.0,92,7331,100.0,0.0,100,2,,,,,100.0,0.0,100.0,0.0,,,73.0,27.0,,,100.0,123.0,100.0,536.0,27,27,100.0,0.0,100.0,0.0,200.0,0.0,100.0,7235.0,100.0,43992759976.0,100.0,33053928306.0
2018-12-12,ZCH01ZQQ,ST12000NM0007,12000138625024,0,80,109562936,97.0,0.0,100.0,3.0,100.0,0.0,89.0,873615982.0,92,7356,100.0,0.0,100,2,,,,,100.0,0.0,100.0,0.0,,,73.0,27.0,,,100.0,124.0,100.0,537.0,27,27,100.0,0.0,100.0,0.0,200.0,0.0,100.0,7260.0,100.0,44062907032.0,100.0,33195176082.0
2018-12-13,ZCH01ZQQ,ST12000NM0007,12000138625024,0,71,14071192,97.0,0.0,100.0,3.0,100.0,0.0,89.0,879456085.0,92,7380,100.0,0.0,100,2,,,,,100.0,0.0,100.0,0.0,,,71.0,29.0,,,100.0,125.0,100.0,538.0,29,29,100.0,0.0,100.0,0.0,200.0,0.0,100.0,7284.0,100.0,44194870768.0,100.0,33456002194.0
2018-12-14,ZCH01ZQQ,ST12000NM0007,12000138625024,0,83,207214352,97.0,0.0,100.0,3.0,100.0,0.0,89.0,882129372.0,92,7403,100.0,0.0,100,2,,,,,100.0,0.0,100.0,0.0,,,72.0,28.0,,,100.0,126.0,100.0,539.0,28,28,100.0,0.0,100.0,0.0,200.0,0.0,100.0,7306.0,100.0,44243644632.0,100.0,33600371490.0
2018-12-15,ZCH01ZQQ,ST12000NM0007,12000138625024,0,71,13116656,97.0,0.0,100.0,3.0,100.0,0.0,89.0,885451220.0,92,7428,100.0,0.0,100,2,,,,,100.0,0.0,100.0,0.0,,,72.0,28.0,,,100.0,126.0,100.0,540.0,28,28,100.0,0.0,100.0,0.0,200.0,0.0,100.0,7331.0,100.0,44323699144.0,100.0,33814500746.0
2018-12-16,ZCH01ZQQ,ST12000NM0007,12000138625024,0,79,84129072,97.0,0.0,100.0,3.0,100.0,0.0,89.0,890407039.0,92,7451,100.0,0.0,100,2,,,,,100.0,0.0,100.0,0.0,,,72.0,28.0,,,100.0,126.0,100.0,541.0,28,28,100.0,0.0,100.0,0.0,200.0,0.0,100.0,7355.0,100.0,44422312816.0,100.0,34031040466.0
2018-12-17,ZCH01ZQQ,ST12000NM0007,12000138625024,0,78,66659072,97.0,0.0,100.0,3.0,100.0,0.0,90.0,892586597.0,92,7475,100.0,0.0,100,2,,,,,100.0,0.0,100.0,0.0,,,73.0,27.0,,,100.0,126.0,100.0,542.0,27,27,100.0,0.0,100.0,0.0,200.0,0.0,100.0,7378.0,100.0,44476256768.0,100.0,34203767274.0
2018-12-18,ZCH01ZQQ,ST12000NM0007,12000138625024,0,77,52063056,97.0,0.0,100.0,3.0,100.0,0.0,90.0,895098538.0,92,7500,100.0,0.0,100,2,,,,,100.0,0.0,100.0,0.0,,,72.0,28.0,,,100.0,126.0,100.0,543.0,28,28,100.0,0.0,100.0,0.0,200.0,0.0,100.0,7404.0,100.0,44526417808.0,100.0,34383150970.0
2018-12-19,ZCH01ZQQ,ST12000NM0007,12000138625024,0,100,2284128,97.0,0.0,100.0,3.0,100.0,0.0,90.0,897216685.0,92,7523,100.0,0.0,100,2,,,,,100.0,0.0,100.0,0.0,,,72.0,28.0,,,100.0,127.0,100.0,544.0,28,28,100.0,0.0,100.0,0.0,200.0,0.0,100.0,7426.0,100.0,44573765624.0,100.0,34530164946.0
2018-12-20,ZCH01ZQQ,ST12000NM0007,12000138625024,0,82,161760176,97.0,0.0,100.0,3.0,100.0,0.0,90.0,902912446.0,92,7548,100.0,0.0,100,2,,,,,100.0,0.0,100.0,0.0,,,71.0,29.0,,,100.0,128.0,100.0,545.0,29,29,100.0,0.0,100.0,0.0,200.0,0.0,100.0,7451.0,100.0,44703023720.0,100.0,34804523530.0
2018-12-21,ZCH01ZQQ,ST12000NM0007,12000138625024,0,82,141807520,97.0,0.0,100.0,3.0,100.0,0.0,90.0,905825121.0,92,7571,100.0,0.0,100,2,,,,,100.0,0.0,100.0,0.0,,,72.0,28.0,,,100.0,128.0,100.0,546.0,28,28,100.0,0.0,100.0,0.0,200.0,0.0,100.0,7474.0,100.0,44771642272.0,100.0,34960093138.0
2018-12-22,ZCH01ZQQ,ST12000NM0007,12000138625024,0,80,108344464,97.0,0.0,100.0,3.0,100.0,0.0,90.0,908577502.0,92,7595,100.0,0.0,100,2,,,,,100.0,0.0,100.0,0.0,,,72.0,28.0,,,100.0,128.0,100.0,547.0,28,28,100.0,0.0,100.0,0.0,200.0,0.0,100.0,7497.0,100.0,44832131928.0,100.0,35110281314.0
2018-12-23,ZCH01ZQQ,ST12000NM0007,12000138625024,0,82,158472312,97.0,0.0,100.0,3.0,100.0,0.0,90.0,913680477.0,92,7619,100.0,0.0,100,2,,,,,100.0,0.0,100.0,0.0,,,72.0,28.0,,,100.0,128.0,100.0,548.0,28,28,100.0,0.0,100.0,0.0,200.0,0.0,100.0,7522.0,100.0,44931121712.0,100.0,35305560010.0
2018-12-24,ZCH01ZQQ,ST12000NM0007,12000138625024,0,81,132644576,97.0,0.0,100.0,3.0,100.0,0.0,90.0,916123732.0,92,7643,100.0,0.0,100,2,,,,,100.0,0.0,100.0,0.0,,,72.0,28.0,,,100.0,129.0,100.0,549.0,28,28,100.0,0.0,100.0,0.0,200.0,0.0,100.0,7545.0,100.0,44991092688.0,100.0,35463901946.0
2018-12-25,ZCH01ZQQ,ST12000NM0007,12000138625024,0,80,103078624,97.0,0.0,100.0,3.0,100.0,0.0,90.0,918774377.0,92,7667,100.0,0.0,100,2,,,,,100.0,0.0,100.0,0.0,,,72.0,28.0,,,100.0,130.0,100.0,550.0,28,28,100.0,0.0,100.0,0.0,200.0,0.0,100.0,7570.0,100.0,45056742456.0,100.0,35612826866.0
2018-12-26,ZCH01ZQQ,ST12000NM0007,12000138625024,0,77,48291920,97.0,0.0,100.0,3.0,100.0,0.0,90.0,921102634.0,92,7691,100.0,0.0,100,2,,,,,100.0,0.0,100.0,0.0,,,72.0,28.0,,,100.0,131.0,100.0,551.0,28,28,100.0,0.0,100.0,0.0,200.0,0.0,100.0,7594.0,100.0,45102412808.0,100.0,35756510506.0
2018-12-27,ZCH01ZQQ,ST12000NM0007,12000138625024,0,82,166291608,97.0,0.0,100.0,3.0,100.0,0.0,90.0,926284015.0,92,7716,100.0,0.0,100,2,,,,,100.0,0.0,100.0,0.0,,,72.0,28.0,,,100.0,132.0,100.0,552.0,28,28,100.0,0.0,100.0,0.0,200.0,0.0,100.0,7618.0,100.0,45201184912.0,100.0,36019878906.0
2018-12-28,ZCH01ZQQ,ST12000NM0007,12000138625024,0,83,181724936,97.0,0.0,100.0,3.0,100.0,0.0,90.0,929875999.0,92,7740,100.0,0.0,100,2,,,,,100.0,0.0,100.0,0.0,,,72.0,28.0,,,100.0,132.0,100.0,553.0,28,28,100.0,0.0,100.0,0.0,200.0,0.0,100.0,7642.0,100.0,45268307232.0,100.0,36212330546.0
2018-12-29,ZCH01ZQQ,ST12000NM0007,12000138625024,0,82,172300048,97.0,0.0,100.0,3.0,100.0,0.0,90.0,932726258.0,92,7764,100.0,0.0,100,2,,,,,100.0,0.0,100.0,0.0,,,72.0,28.0,,,100.0,132.0,100.0,554.0,28,28,100.0,0.0,100.0,0.0,200.0,0.0,100.0,7666.0,100.0,45342907664.0,100.0,36372446138.0
2018-12-30,ZCH01ZQQ,ST12000NM0007,12000138625024,0,84,235881624,97.0,0.0,100.0,3.0,100.0,0.0,90.0,938173382.0,92,7788,100.0,0.0,100,2,,,,,100.0,0.0,100.0,0.0,,,73.0,27.0,,,100.0,133.0,100.0,555.0,27,27,100.0,0.0,100.0,0.0,200.0,0.0,100.0,7690.0,100.0,45461183160.0,100.0,36561892850.0
2018-12-31,ZCH01ZQQ,ST12000NM0007,12000138625024,0,70,9404952,97.0,0.0,100.0,3.0,100.0,0.0,90.0,941763474.0,92,7811,100.0,0.0,100,2,,,,,100.0,0.0,100.0,0.0,,,72.0,28.0,,,100.0,133.0,100.0,556.0,28,28,100.0,0.0,100.0,0.0,200.0,0.0,100.0,7713.0,100.0,45543780120.0,100.0,36741100890.0
