2018-01-01,ZCH06HGN,ST12000NM0007,12000138625024,0,84,234883080,99,0,100,1,100,0,81,139656281,99,1284,100,0,100,1,,,,,100.0,0.0,100.0,0.0,,,67.0,33.0,,,100.0,10.0,100.0,316.0,33,33,100,0,100,0,200,0,100.0,1182.0,100.0,12390902576.0,100.0,9572508322.0
2018-01-02,ZCH06HGN,ST12000NM0007,12000138625024,0,81,129589576,99,0,100,1,100,0,81,140374176,99,1309,100,0,100,1,,,,,100.0,0.0,100.0,0.0,,,67.0,33.0,,,100.0,11.0,100.0,317.0,33,33,100,0,100,0,200,0,100.0,1207.0,100.0,12392949040.0,100.0,9709309066.0
2018-01-03,ZCH06HGN,ST12000NM0007,12000138625024,0,80,89657296,99,0,100,1,100,0,82,141936345,99,1332,100,0,100,1,,,,,100.0,0.0,100.0,0.0,,,68.0,32.0,,,100.0,11.0,100.0,318.0,32,32,100,0,100,0,200,0,100.0,1230.0,100.0,12419368344.0,100.0,9887098730.0
2018-01-04,ZCH06HGN,ST12000NM0007,12000138625024,0,83,195002760,99,0,100,1,100,0,82,142461551,99,1348,100,0,100,1,,,,,100.0,0.0,100.0,0.0,,,64.0,36.0,,,100.0,12.0,100.0,319.0,36,36,100,0,100,0,200,0,100.0,1246.0,100.0,12420713472.0,100.0,9991099066.0
2018-01-05,ZCH06HGN,ST12000NM0007,12000138625024,0,81.0,120860768.0,99.0,0.0,100.0,1.0,100.0,0.0,82.0,143330829.0,99.0,1373.0,100.0,0.0,100.0,1.0,,,,,100.0,0.0,100.0,0.0,,,67.0,33.0,,,100.0,13.0,100.0,321.0,33.0,33.0,100.0,0.0,100.0,0.0,200.0,0.0,100.0,1270.0,100.0,12423221920.0,100.0,10158589506.0
2018-01-06,ZCH06HGN,ST12000NM0007,12000138625024,0,76,44505888,99,0,100,1,100,0,82,144738315,99,1397,100,0,100,1,,,,,100.0,0.0,100.0,0.0,,,67.0,33.0,,,100.0,13.0,100.0,322.0,33,33,100,0,100,0,200,0,100.0,1294.0,100.0,12449023544.0,100.0,10300573642.0
2018-01-07,ZCH06HGN,ST12000NM0007,12000138625024,0,83,198009200,99,0,100,1,100,0,82,145461098,99,1420,100,0,100,1,,,,,100.0,0.0,100.0,0.0,,,67.0,33.0,,,100.0,13.0,100.0,322.0,33,33,100,0,100,0,200,0,100.0,1317.0,100.0,12450773728.0,100.0,10452326770.0
2018-01-08,ZCH06HGN,ST12000NM0007,12000138625024,0,81,113384144,99,0,100,1,100,0,82,148236803,99,1444,100,0,100,1,,,,,100.0,0.0,100.0,0.0,,,66.0,34.0,,,100.0,14.0,100.0,324.0,34,34,100,0,100,0,200,0,100.0,1342.0,100.0,12686372160.0,100.0,10620384882.0
2018-01-09,ZCH06HGN,ST12000NM0007,12000138625024,0,79,86945584,99,0,100,1,100,0,82,151384733,99,1469,100,0,100,1,,,,,100.0,0.0,100.0,0.0,,,66.0,34.0,,,100.0,15.0,100.0,325.0,34,34,100,0,100,0,200,0,100.0,1366.0,100.0,12959106552.0,100.0,10809493666.0
2018-01-10,ZCH06HGN,ST12000NM0007,12000138625024,0,80,92450392,99,0,100,1,100,0,82,155115559,99,1491,100,0,100,1,,,,,100.0,0.0,100.0,0.0,,,66.0,34.0,,,100.0,15.0,100.0,325.0,34,34,100,0,100,0,200,0,100.0,1388.0,100.0,13243601120.0,100.0,11018785386.0
2018-01-11,ZCH06HGN,ST12000NM0007,12000138625024,0,69,7268136,99,0,100,1,100,0,82,159945818,99,1525,100,0,100,1,,,,,100.0,0.0,100.0,0.0,,,65.0,35.0,,,100.0,15.0,100.0,327.0,35,35,100,0,100,0,200,0,100.0,1422.0,100.0,13626574632.0,100.0,11283051922.0
2018-01-12,ZCH06HGN,ST12000NM0007,12000138625024,0,74,26899216,99,0,100,1,100,0,82,163955999,99,1550,100,0,100,1,,,,,100.0,0.0,100.0,0.0,,,62.0,38.0,,,100.0,15.0,100.0,328.0,38,38,100,0,100,0,200,0,100.0,1447.0,100.0,13929783640.0,100.0,11487755370.0
2018-01-13,ZCH06HGN,ST12000NM0007,12000138625024,0,84.0,243325856.0,99.0,0.0,100.0,1.0,100,0,82.0,167439204.0,99,1575,100.0,0.0,100,1,,,,,100.0,0.0,100.0,0.0,,,64.0,36.0,,,100.0,15.0,100.0,329.0,36.0,36.0,100.0,0.0,100.0,0.0,200,0,100.0,1472.0,100.0,14200681736.0,100.0,11677424546.0
2018-01-14,ZCH06HGN,ST12000NM0007,12000138625024,0,82.0,146193856.0,99.0,0.0,100.0,1.0,100,0,82.0,170020041.0,99,1599,100.0,0.0,100,1,,,,,100.0,0.0,100.0,0.0,,,65.0,35.0,,,100.0,15.0,100.0,330.0,35.0,35.0,100.0,0.0,100.0,0.0,200,0,100.0,1495.0,100.0,14407505056.0,100.0,11861750802.0
2018-01-15,ZCH06HGN,ST12000NM0007,12000138625024,0,79.0,78183128.0,99.0,0.0,100.0,1.0,100,0,82.0,171096170.0,99,1622,100.0,0.0,100,1,,,,,100.0,0.0,100.0,0.0,,,65.0,35.0,,,100.0,16.0,100.0,331.0,35.0,35.0,100.0,0.0,100.0,0.0,200,0,100.0,1519.0,100.0,14419487216.0,100.0,12025898722.0
2018-01-16,ZCH06HGN,ST12000NM0007,12000138625024,0,84.0,242339592.0,99.0,0.0,100.0,1.0,100,0,82.0,171876169.0,99,1646,100.0,0.0,100,1,,,,,100.0,0.0,100.0,0.0,,,66.0,34.0,,,100.0,17.0,100.0,332.0,34.0,34.0,100.0,0.0,100.0,0.0,200,0,100.0,1543.0,100.0,14421421136.0,100.0,12188121266.0
2018-01-17,ZCH06HGN,ST12000NM0007,12000138625024,0,84.0,228204128.0,99.0,0.0,100.0,1.0,100,0,82.0,173868232.0,99,1670,100.0,0.0,100,1,,,,,100.0,0.0,100.0,0.0,,,66.0,34.0,,,100.0,18.0,100.0,333.0,34.0,34.0,100.0,0.0,100.0,0.0,200,0,100.0,1566.0,100.0,14458449760.0,100.0,12381098034.0
2018-01-18,ZCH06HGN,ST12000NM0007,12000138625024,0,80.0,97922472.0,99.0,0.0,100.0,1.0,100.0,0.0,82.0,174576882.0,99.0,1685.0,100.0,0.0,100.0,1.0,,,,,100.0,0.0,100.0,0.0,,,63.0,37.0,,,100.0,18.0,100.0,334.0,37.0,37.0,100.0,0.0,100.0,0.0,200.0,0.0,100.0,1582.0,100.0,14463748816.0,100.0,12489657954.0
2018-01-19,ZCH06HGN,ST12000NM0007,12000138625024,0,75.0,28836088.0,99.0,0.0,100.0,1.0,100.0,0.0,82.0,175720503.0,99.0,1709.0,100.0,0.0,100.0,1.0,,,,,100.0,0.0,100.0,0.0,,,59.0,41.0,,,100.0,18.0,100.0,335.0,41.0,41.0,100.0,0.0,100.0,0.0,200.0,0.0,100.0,1605.0,100.0,14471257592.0,100.0,12657203658.0
2018-01-20,ZCH06HGN,ST12000NM0007,12000138625024,0,83.0,216366216.0,99.0,0.0,100.0,1.0,100,0,83.0,177901513.0,99,1733,100.0,0.0,100,1,,,,,100.0,0.0,100.0,0.0,,,63.0,37.0,,,100.0,18.0,100.0,337.0,37.0,37.0,100.0,0.0,100.0,0.0,200,0,100.0,1629.0,100.0,14506170936.0,100.0,12809820442.0
2018-01-21,ZCH06HGN,ST12000NM0007,12000138625024,0,82.0,142756240.0,99.0,0.0,100.0,1.0,100,0,83.0,178902143.0,98,1758,100.0,0.0,100,1,,,,,100.0,0.0,100.0,0.0,,,63.0,37.0,,,100.0,18.0,100.0,338.0,37.0,37.0,100.0,0.0,100.0,0.0,200,0,100.0,1654.0,100.0,14511257872.0,100.0,12975264466.0
2018-01-22,ZCH06HGN,ST12000NM0007,12000138625024,0,78.0,58491424.0,99.0,0.0,100.0,1.0,100,0,83.0,179831478.0,98,1782,100.0,0.0,100,1,,,,,100.0,0.0,100.0,0.0,,,63.0,37.0,,,100.0,18.0,100.0,338.0,37.0,37.0,100.0,0.0,100.0,0.0,200,0,100.0,1678.0,100.0,14516218888.0,100.0,13130179386.0
2018-01-23,ZCH06HGN,ST12000NM0007,12000138625024,0,83.0,207966688.0,99.0,0.0,100.0,1.0,100,0,83.0,180775536.0,98,1806,100.0,0.0,100,1,,,,,100.0,0.0,100.0,0.0,,,64.0,36.0,,,100.0,20.0,100.0,340.0,36.0,36.0,100.0,0.0,100.0,0.0,200,0,100.0,1701.0,100.0,14522210304.0,100.0,13273663234.0
2018-01-24,ZCH06HGN,ST12000NM0007,12000138625024,0,83.0,212315792.0,99.0,0.0,100.0,1.0,100,0,83.0,184461066.0,98,1838,100.0,0.0,100,1,,,,,100.0,0.0,100.0,0.0,,,64.0,36.0,,,100.0,20.0,100.0,341.0,36.0,36.0,100.0,0.0,100.0,0.0,200,0,100.0,1734.0,100.0,14764727720.0,100.0,13523776250.0
2018-01-25,ZCH06HGN,ST12000NM0007,12000138625024,0,81.0,117552448.0,99.0,0.0,100.0,1.0,100,0,83.0,186890963.0,98,1854,100.0,0.0,100,1,,,,,100.0,0.0,100.0,0.0,,,64.0,36.0,,,100.0,20.0,100.0,342.0,36.0,36.0,100.0,0.0,100.0,0.0,200,0,100.0,1749.0,100.0,15041897944.0,100.0,13640124338.0
2018-01-26,ZCH06HGN,ST12000NM0007,12000138625024,0,81.0,130897672.0,99.0,0.0,100.0,1.0,100,0,83.0,190295937.0,98,1878,100.0,0.0,100,1,,,,,100.0,0.0,100.0,0.0,,,64.0,36.0,,,100.0,20.0,100.0,343.0,36.0,36.0,100.0,0.0,100.0,0.0,200,0,100.0,1773.0,100.0,15342207984.0,100.0,13841440866.0
2018-01-27,ZCH06HGN,ST12000NM0007,12000138625024,0,82.0,154445200.0,99.0,0.0,100.0,1.0,100,0,83.0,194715027.0,98,1901,100.0,0.0,100,1,,,,,100.0,0.0,100.0,0.0,,,65.0,35.0,,,100.0,20.0,100.0,344.0,35.0,35.0,100.0,0.0,100.0,0.0,200,0,100.0,1796.0,100.0,15656385104.0,100.0,14039092786.0
2018-01-28,ZCH06HGN,ST12000NM0007,12000138625024,0,83.0,194631280.0,99.0,0.0,100.0,1.0,100,0,83.0,198304870.0,98,1926,100.0,0.0,100,1,,,,,100.0,0.0,100.0,0.0,,,64.0,36.0,,,100.0,20.0,100.0,345.0,36.0,36.0,100.0,0.0,100.0,0.0,200,0,100.0,1821.0,100.0,15973363104.0,100.0,14250582394.0
2018-01-29,ZCH06HGN,ST12000NM0007,12000138625024,0,83.0,218849640.0,99.0,0.0,100.0,1.0,100,0,83.0,201849772.0,98,1950,100.0,0.0,100,1,,,,,100.0,0.0,100.0,0.0,,,64.0,36.0,,,100.0,20.0,100.0,346.0,36.0,36.0,100.0,0.0,100.0,0.0,200,0,100.0,1845.0,100.0,16291890288.0,100.0,14444555634.0
2018-01-30,ZCH06HGN,ST12000NM0007,12000138625024,0,84.0,233721800.0,99.0,0.0,100.0,1.0,100,0,83.0,205424578.0,98,1982,100.0,0.0,100,1,,,,,100.0,0.0,100.0,0.0,,,65.0,35.0,,,100.0,20.0,100.0,347.0,35.0,35.0,100.0,0.0,100.0,0.0,200,0,100.0,1877.0,100.0,16535062656.0,100.0,14704537202.0
2018-01-31,ZCH06HGN,ST12000NM0007,12000138625024,0,83.0,223446904.0,99.0,0.0,100.0,1.0,100.0,0.0,83.0,207322243.0,98.0,2006.0,100.0,0.0,100.0,1.0,,,,,100.0,0.0,100.0,0.0,,,65.0,35.0,,,100.0,20.0,100.0,348.0,35.0,35.0,100.0,0.0,100.0,0.0,200.0,0.0,100.0,1901.0,100.0,16576193648.0,100.0,14897272234.0
2018-02-01,ZCH06HGN,ST12000NM0007,12000138625024,0,82.0,163834488.0,99.0,0.0,100.0,1.0,100,0,83.0,208452581.0,98,2030,100.0,0.0,100,1,,,,,100.0,0.0,100.0,0.0,,,64.0,36.0,,,100.0,21.0,100.0,349.0,36.0,36.0,100.0,0.0,100.0,0.0,200,0,100.0,1924.0,100.0,16587927224.0,100.0,15070066946.0
2018-02-02,ZCH06HGN,ST12000NM0007,12000138625024,0,81.0,128803992.0,99.0,0.0,100.0,1.0,100,0,83.0,210470060.0,98,2054,100.0,0.0,100,1,,,,,100.0,0.0,100.0,0.0,,,63.0,37.0,,,100.0,22.0,100.0,350.0,37.0,37.0,100.0,0.0,100.0,0.0,200,0,100.0,1949.0,100.0,16622554440.0,100.0,15244550162.0
2018-02-03,ZCH06HGN,ST12000NM0007,12000138625024,0,79.0,78199400.0,99.0,0.0,100.0,1.0,100,0,83.0,211540857.0,98,2078,100.0,0.0,100,1,,,,,100.0,0.0,100.0,0.0,,,64.0,36.0,,,100.0,23.0,100.0,351.0,36.0,36.0,100.0,0.0,100.0,0.0,200,0,100.0,1973.0,100.0,16628771712.0,100.0,15431869434.0
2018-02-04,ZCH06HGN,ST12000NM0007,12000138625024,0,83.0,218052808.0,99.0,0.0,100.0,1.0,100,0,83.0,212317744.0,98,2098,100.0,0.0,100,1,,,,,100.0,0.0,100.0,0.0,,,63.0,37.0,,,100.0,24.0,100.0,352.0,37.0,37.0,100.0,0.0,100.0,0.0,200,0,100.0,1992.0,100.0,16632946824.0,100.0,15567547730.0
2018-02-05,ZCH06HGN,ST12000NM0007,12000138625024,0,81.0,140982288.0,99.0,0.0,100.0,1.0,100,0,83.0,213198271.0,98,2122,100.0,0.0,100,1,,,,,100.0,0.0,100.0,0.0,,,63.0,37.0,,,100.0,25.0,100.0,353.0,37.0,37.0,100.0,0.0,100.0,0.0,200,0,100.0,2016.0,100.0,16637882280.0,100.0,15729682586.0
2018-02-06,ZCH06HGN,ST12000NM0007,12000138625024,0,79.0,81463064.0,99.0,0.0,100.0,1.0,100,0,83.0,214476596.0,98,2146,100.0,0.0,100,1,,,,,100.0,0.0,100.0,0.0,,,65.0,35.0,,,100.0,25.0,100.0,354.0,35.0,35.0,100.0,0.0,100.0,0.0,200,0,100.0,2040.0,100.0,16653243664.0,100.0,15898942634.0
2018-02-07,ZCH06HGN,ST12000NM0007,12000138625024,0,81.0,135436872.0,99.0,0.0,100.0,1.0,100,0,83.0,217024327.0,98,2170,100.0,0.0,100,1,,,,,100.0,0.0,100.0,0.0,,,64.0,36.0,,,100.0,25.0,100.0,355.0,36.0,36.0,100.0,0.0,100.0,0.0,200,0,100.0,2064.0,100.0,16751260864.0,100.0,16099039874.0
2018-02-08,ZCH06HGN,ST12000NM0007,12000138625024,0,83.0,202949448.0,99.0,0.0,100.0,1.0,100,0,83.0,220666679.0,98,2195,100.0,0.0,100,1,,,,,100.0,0.0,100.0,0.0,,,65.0,35.0,,,100.0,25.0,100.0,356.0,35.0,35.0,100.0,0.0,100.0,0.0,200,0,100.0,2089.0,100.0,17122961736.0,100.0,16283133306.0
2018-02-09,ZCH06HGN,ST12000NM0007,12000138625024,0,71,11240120,99,0,100,1,100,0,84,224298784,98,2218,100,0,100,1,,,,,100.0,0.0,100.0,0.0,,,64.0,36.0,,,100.0,25.0,100.0,357.0,36,36,100,0,100,0,200,0,100.0,2112.0,100.0,17481969472.0,100.0,16464838458.0
2018-02-10,ZCH06HGN,ST12000NM0007,12000138625024,0,80.0,89641920.0,99.0,0.0,100.0,1.0,100.0,0.0,84.0,228805019.0,98.0,2244.0,100.0,0.0,100.0,1.0,,,,,100.0,0.0,100.0,0.0,,,65.0,35.0,,,100.0,25.0,100.0,358.0,35.0,35.0,100.0,0.0,100.0,0.0,200.0,0.0,100.0,2137.0,100.0,17893853032.0,100.0,16619638002.0
2018-02-11,ZCH06HGN,ST12000NM0007,12000138625024,0,82,152357016,99,0,100,1,100,0,84,232330453,98,2268,100,0,100,1,,,,,100.0,0.0,100.0,0.0,,,64.0,36.0,,,100.0,25.0,100.0,359.0,36,36,100,0,100,0,200,0,100.0,2161.0,100.0,18261550696.0,100.0,16802936738.0
2018-02-12,ZCH06HGN,ST12000NM0007,12000138625024,0,83,179880632,99,0,100,1,100,0,84,235874133,98,2290,100,0,100,1,,,,,100.0,0.0,100.0,0.0,,,63.0,37.0,,,100.0,25.0,100.0,360.0,37,37,100,0,100,0,200,0,100.0,2184.0,100.0,18590558840.0,100.0,16989733746.0
2018-02-13,ZCH06HGN,ST12000NM0007,12000138625024,0,84,238462904,99,0,100,1,100,0,84,238829709,98,2315,100,0,100,1,,,,,100.0,0.0,100.0,0.0,,,66.0,34.0,,,100.0,25.0,100.0,361.0,34,34,100,0,100,0,200,0,100.0,2208.0,100.0,18716975264.0,100.0,17166040234.0
2018-02-14,ZCH06HGN,ST12000NM0007,12000138625024,0,67,4627304,99,0,100,1,100,0,84,241182978,98,2340,100,0,100,1,,,,,100.0,0.0,100.0,0.0,,,65.0,35.0,,,100.0,26.0,100.0,362.0,35,35,100,0,100,0,200,0,100.0,2233.0,100.0,18762843664.0,100.0,17374617618.0
2018-02-15,ZCH06HGN,ST12000NM0007,12000138625024,0,82,168121784,99,0,100,1,100,0,84,242198582,98,2364,100,0,100,1,,,,,100.0,0.0,100.0,0.0,,,65.0,35.0,,,100.0,27.0,100.0,363.0,35,35,100,0,100,0,200,0,100.0,2257.0,100.0,18768574344.0,100.0,17532381418.0
2018-02-16,ZCH06HGN,ST12000NM0007,12000138625024,0,82,148868624,99,0,100,1,100,0,84,244190602,98,2388,100,0,100,1,,,,,100.0,0.0,100.0,0.0,,,67.0,33.0,,,100.0,27.0,100.0,364.0,33,33,100,0,100,0,200,0,100.0,2281.0,100.0,18806457528.0,100.0,17719385706.0
2018-02-17,ZCH06HGN,ST12000NM0007,12000138625024,0,80,96764080,99,0,100,1,100,0,84,245437075,98,2412,100,0,100,1,,,,,100.0,0.0,100.0,0.0,,,65.0,35.0,,,100.0,27.0,100.0,365.0,35,35,100,0,100,0,200,0,100.0,2305.0,100.0,18819349376.0,100.0,17898530010.0
2018-02-18,ZCH06HGN,ST12000NM0007,12000138625024,0,75,31523688,99,0,100,1,100,0,84,246422570,98,2436,100,0,100,1,,,,,100.0,0.0,100.0,0.0,,,60.0,40.0,,,100.0,28.0,100.0,366.0,40,40,100,0,100,0,200,0,100.0,2329.0,100.0,18826097840.0,100.0,18070681906.0
2018-02-19,ZCH06HGN,ST12000NM0007,12000138625024,0,83,197656584,99,0,100,1,100,0,84,247364495,98,2459,100,0,100,1,,,,,100.0,0.0,100.0,0.0,,,60.0,40.0,,,100.0,29.0,100.0,367.0,40,40,100,0,100,0,200,0,100.0,2352.0,100.0,18833540536.0,100.0,18229372106.0
2018-02-20,ZCH06HGN,ST12000NM0007,12000138625024,0,82,151591128,99,0,100,1,100,0,84,248717345,98,2484,100,0,100,1,,,,,100.0,0.0,100.0,0.0,,,60.0,40.0,,,100.0,29.0,100.0,368.0,40,40,100,0,100,0,200,0,100.0,2376.0,100.0,18847712392.0,100.0,18413275746.0
2018-02-21,ZCH06HGN,ST12000NM0007,12000138625024,0,82,153337664,99,0,100,1,100,0,84,250806544,98,2507,100,0,100,1,,,,,100.0,0.0,100.0,0.0,,,65.0,35.0,,,100.0,29.0,100.0,369.0,35,35,100,0,100,0,200,0,100.0,2400.0,100.0,18893515472.0,100.0,18613360234.0
2018-02-22,ZCH06HGN,ST12000NM0007,12000138625024,0,80,106577464,99,0,100,1,100,0,84,252336748,98,2530,100,0,100,1,,,,,100.0,0.0,100.0,0.0,,,65.0,35.0,,,100.0,29.0,100.0,370.0,35,35,100,0,100,0,200,0,100.0,2423.0,100.0,18932237152.0,100.0,18772019154.0
2018-02-23,ZCH06HGN,ST12000NM0007,12000138625024,0,79,78850192,99,0,100,1,100,0,84,255838512,98,2554,100,0,100,1,,,,,100.0,0.0,100.0,0.0,,,63.0,37.0,,,100.0,29.0,100.0,371.0,37,37,100,0,100,0,200,0,100.0,2447.0,100.0,19182594480.0,100.0,18982215954.0
2018-02-24,ZCH06HGN,ST12000NM0007,12000138625024,0,79,82263224,99,0,100,1,100,0,84,258067539,98,2579,100,0,100,1,,,,,100.0,0.0,100.0,0.0,,,65.0,35.0,,,100.0,29.0,100.0,372.0,35,35,100,0,100,0,200,0,100.0,2471.0,100.0,19252127344.0,100.0,19160236834.0
2018-02-25,ZCH06HGN,ST12000NM0007,12000138625024,0,80,91309992,99,0,100,1,100,0,84,261590165,98,2603,100,0,100,1,,,,,100.0,0.0,100.0,0.0,,,65.0,35.0,,,100.0,29.0,100.0,373.0,35,35,100,0,100,0,200,0,100.0,2495.0,100.0,19561029848.0,100.0,19348662770.0
2018-02-26,ZCH06HGN,ST12000NM0007,12000138625024,0,83,210813840,99,0,100,1,100,0,84,266694080,98,2627,100,0,100,1,,,,,100.0,0.0,100.0,0.0,,,64.0,36.0,,,100.0,29.0,100.0,374.0,36,36,100,0,100,0,200,0,100.0,2519.0,100.0,19904985872.0,100.0,19612492114.0
2018-02-27,ZCH06HGN,ST12000NM0007,12000138625024,0,83,203136216,99,0,100,1,100,0,84,270076292,97,2651,100,0,100,1,,,,,100.0,0.0,100.0,0.0,,,63.0,37.0,,,100.0,29.0,100.0,375.0,37,37,100,0,100,0,200,0,100.0,2543.0,100.0,20203562384.0,100.0,19794519274.0
2018-02-28,ZCH06HGN,ST12000NM0007,12000138625024,0,74,27482488,99,0,100,1,100,0,84,274459510,97,2674,100,0,100,1,,,,,100.0,0.0,100.0,0.0,,,67.0,33.0,,,100.0,29.0,100.0,376.0,33,33,100,0,100,0,200,0,100.0,2565.0,100.0,20537578192.0,100.0,20017272002.0
2018-03-01,ZCH06HGN,ST12000NM0007,12000138625024,0,82,148165552,99,0,100,1,100,0,84,278950056,97,2702,100,0,100,1,,,,,100.0,0.0,100.0,0.0,,,67.0,33.0,,,100.0,29.0,100.0,377.0,33,33,100,0,100,0,200,0,100.0,2594.0,100.0,20907572712.0,100.0,20256242106.0
2018-03-02,ZCH06HGN,ST12000NM0007,12000138625024,0,82,163707400,99,0,100,1,100,0,84,281423092,97,2725,100,0,100,1,,,,,100.0,0.0,100.0,0.0,,,67.0,33.0,,,100.0,30.0,100.0,378.0,33,33,100,0,100,0,200,0,100.0,2617.0,100.0,20974426280.0,100.0,20449071114.0
2018-03-03,ZCH06HGN,ST12000NM0007,12000138625024,0,81,116063736,99,0,100,1,100,0,85,283400012,97,2750,100,0,100,1,,,,,100.0,0.0,100.0,0.0,,,67.0,33.0,,,100.0,30.0,100.0,379.0,33,33,100,0,100,0,200,0,100.0,2641.0,100.0,21004493664.0,100.0,20615501138.0
2018-03-04,ZCH06HGN,ST12000NM0007,12000138625024,0,72,14870328,99,0,100,1,100,0,85,284251256,97,2772,100,0,100,1,,,,,100.0,0.0,100.0,0.0,,,68.0,32.0,,,100.0,31.0,100.0,380.0,32,32,100,0,100,0,200,0,100.0,2664.0,100.0,21008079456.0,100.0,20754862778.0
2018-03-05,ZCH06HGN,ST12000NM0007,12000138625024,0,82,175106632,99,0,100,1,100,0,85,285192401,97,2798,100,0,100,1,,,,,100.0,0.0,100.0,0.0,,,67.0,33.0,,,100.0,32.0,100.0,381.0,33,33,100,0,100,0,200,0,100.0,2689.0,100.0,21012414280.0,100.0,20910764258.0
2018-03-06,ZCH06HGN,ST12000NM0007,12000138625024,0,77,51563952,99,0,100,1,100,0,85,285933572,97,2816,100,0,100,1,,,,,100.0,0.0,100.0,0.0,,,62.0,38.0,,,100.0,33.0,100.0,382.0,38,38,100,0,100,0,200,0,100.0,2707.0,100.0,21016219832.0,100.0,21027556770.0
2018-03-07,ZCH06HGN,ST12000NM0007,12000138625024,0,79.0,83957520.0,99.0,0.0,100.0,1.0,100.0,0.0,85.0,288712777.0,97.0,2840.0,100.0,0.0,100.0,1.0,,,,,100.0,0.0,100.0,0.0,,,64.0,36.0,,,100.0,34.0,100.0,383.0,36.0,36.0,100.0,0.0,100.0,0.0,200.0,0.0,100.0,2731.0,100.0,21065124704.0,100.0,21255186210.0
2018-03-08,ZCH06HGN,ST12000NM0007,12000138625024,0,77,51563400,99,0,100,1,100,0,85,289873020,97,2869,100,0,100,1,,,,,100.0,0.0,100.0,0.0,,,68.0,32.0,,,100.0,34.0,100.0,385.0,32,32,100,0,100,0,200,0,100.0,2760.0,100.0,21073489952.0,100.0,21458567946.0
2018-03-09,ZCH06HGN,ST12000NM0007,12000138625024,0,83,193319656,99,0,100,1,100,0,85,290792504,97,2888,100,0,100,1,,,,,100.0,0.0,100.0,0.0,,,67.0,33.0,,,100.0,35.0,100.0,386.0,33,33,100,0,100,0,200,0,100.0,2779.0,100.0,21083158360.0,100.0,21590655794.0
2018-03-10,ZCH06HGN,ST12000NM0007,12000138625024,0,83,212526728,99,0,100,1,100,0,85,293361654,97,2912,100,0,100,1,,,,,100.0,0.0,100.0,0.0,,,67.0,33.0,,,100.0,36.0,100.0,387.0,33,33,100,0,100,0,200,0,100.0,2802.0,100.0,21169428112.0,100.0,21767733746.0
2018-03-11,ZCH06HGN,ST12000NM0007,12000138625024,0,76,39345664,99,0,100,1,100,0,85,297023512,97,2936,100,0,100,1,,,,,100.0,0.0,100.0,0.0,,,67.0,33.0,,,100.0,36.0,100.0,388.0,33,33,100,0,100,0,200,0,100.0,2827.0,100.0,21525572944.0,100.0,21970830074.0
2018-03-12,ZCH06HGN,ST12000NM0007,12000138625024,0,79,85717080,99,0,100,1,100,0,85,300760014,97,2959,100,0,100,1,,,,,100.0,0.0,100.0,0.0,,,67.0,33.0,,,100.0,36.0,100.0,389.0,33,33,100,0,100,0,200,0,100.0,2850.0,100.0,21862684760.0,100.0,22168371090.0
2018-03-13,ZCH06HGN,ST12000NM0007,12000138625024,0,82,156165256,99,0,100,1,100,0,85,304705672,97,2983,100,0,100,1,,,,,100.0,0.0,100.0,0.0,,,66.0,34.0,,,100.0,36.0,100.0,390.0,34,34,100,0,100,0,200,0,100.0,2873.0,100.0,22226673592.0,100.0,22363111930.0
2018-03-14,ZCH06HGN,ST12000NM0007,12000138625024,0,78,57962328,99,0,100,1,100,0,85,309400722,97,3008,100,0,100,1,,,,,100.0,0.0,100.0,0.0,,,66.0,34.0,,,100.0,36.0,100.0,391.0,34,34,100,0,100,0,200,0,100.0,2898.0,100.0,22618246672.0,100.0,22605758282.0
2018-03-15,ZCH06HGN,ST12000NM0007,12000138625024,0,78,61911496,99,0,100,1,100,0,85,314664901,97,3037,100,0,100,1,,,,,100.0,0.0,100.0,0.0,,,67.0,33.0,,,100.0,36.0,100.0,392.0,33,33,100,0,100,0,200,0,100.0,2927.0,100.0,23081338600.0,100.0,22879037458.0
2018-03-16,ZCH06HGN,ST12000NM0007,12000138625024,0,80.0,92251032.0,99.0,0.0,100.0,1.0,100.0,0.0,85.0,317498900.0,97.0,3061.0,100.0,0.0,100.0,1.0,,,,,100.0,0.0,100.0,0.0,,,67.0,33.0,,,100.0,36.0,100.0,393.0,33.0,33.0,100.0,0.0,100.0,0.0,200.0,0.0,100.0,2951.0,100.0,23149777160.0,100.0,23085079402.0
2018-03-17,ZCH06HGN,ST12000NM0007,12000138625024,0,78,61941424,99,0,100,1,100,0,85,319151365,97,3085,100,0,100,1,,,,,100.0,0.0,100.0,0.0,,,67.0,33.0,,,100.0,37.0,100.0,394.0,33,33,100,0,100,0,200,0,100.0,2974.0,100.0,23172375152.0,100.0,23276312490.0
2018-03-18,ZCH06HGN,ST12000NM0007,12000138625024,0,66,3966296,99,0,100,1,100,0,85,320559829,97,3109,100,0,100,1,,,,,100.0,0.0,100.0,0.0,,,68.0,32.0,,,100.0,38.0,100.0,395.0,32,32,100,0,100,0,200,0,100.0,2998.0,100.0,23187612016.0,100.0,23447241146.0
2018-03-19,ZCH06HGN,ST12000NM0007,12000138625024,0,83,181065688,99,0,100,1,100,0,85,321634733,97,3133,100,0,100,1,,,,,100.0,0.0,100.0,0.0,,,68.0,32.0,,,100.0,39.0,100.0,396.0,32,32,100,0,100,0,200,0,100.0,3022.0,100.0,23194181584.0,100.0,23617770970.0
2018-03-20,ZCH06HGN,ST12000NM0007,12000138625024,0,80,97334736,99,0,100,1,100,0,85,322605452,97,3156,100,0,100,1,,,,,100.0,0.0,100.0,0.0,,,68.0,32.0,,,100.0,40.0,100.0,397.0,32,32,100,0,100,0,200,0,100.0,3045.0,100.0,23202145960.0,100.0,23770216354.0
2018-03-21,ZCH06HGN,ST12000NM0007,12000138625024,0,81,136911608,99,0,100,1,100,0,85,325487862,97,3181,100,0,100,1,,,,,100.0,0.0,100.0,0.0,,,68.0,32.0,,,100.0,40.0,100.0,398.0,32,32,100,0,100,0,200,0,100.0,3070.0,100.0,23252663808.0,100.0,24003416010.0
2018-03-22,ZCH06HGN,ST12000NM0007,12000138625024,0,78,61648800,99,0,100,1,100,0,85,326462242,97,3205,100,0,100,1,,,,,100.0,0.0,100.0,0.0,,,68.0,32.0,,,100.0,40.0,100.0,399.0,32,32,100,0,100,0,200,0,100.0,3094.0,100.0,23258720984.0,100.0,24166236802.0
2018-03-23,ZCH06HGN,ST12000NM0007,12000138625024,0,65,3511960,99,0,100,1,100,0,85,328252934,97,3229,100,0,100,1,,,,,100.0,0.0,100.0,0.0,,,67.0,33.0,,,100.0,41.0,100.0,400.0,33,33,100,0,100,0,200,0,100.0,3118.0,100.0,23289033880.0,100.0,24321927698.0
2018-03-24,ZCH06HGN,ST12000NM0007,12000138625024,0,83,183266432,99,0,100,1,100,0,85,330207455,97,3253,100,0,100,1,,,,,100.0,0.0,100.0,0.0,,,67.0,33.0,,,100.0,42.0,100.0,401.0,33,33,100,0,100,0,200,0,100.0,3141.0,100.0,23317688936.0,100.0,24473027114.0
2018-03-25,ZCH06HGN,ST12000NM0007,12000138625024,0,80,109915728,99,0,100,1,100,0,85,331206153,97,3277,100,0,100,1,,,,,100.0,0.0,100.0,0.0,,,68.0,32.0,,,100.0,43.0,100.0,402.0,32,32,100,0,100,0,200,0,100.0,3166.0,100.0,23322258200.0,100.0,24639247874.0
2018-03-26,ZCH06HGN,ST12000NM0007,12000138625024,0,76,35611560,99,0,100,1,100,0,85,332247984,97,3301,100,0,100,1,,,,,100.0,0.0,100.0,0.0,,,68.0,32.0,,,100.0,44.0,100.0,403.0,32,32,100,0,100,0,200,0,100.0,3190.0,100.0,23326827856.0,100.0,24804515082.0
2018-03-27,ZCH06HGN,ST12000NM0007,12000138625024,0,83,185223584,99,0,100,1,100,0,85,333162663,97,3324,100,0,100,1,,,,,100.0,0.0,100.0,0.0,,,68.0,32.0,,,100.0,45.0,100.0,404.0,32,32,100,0,100,0,200,0,100.0,3212.0,100.0,23331151800.0,100.0,24949803162.0
2018-03-28,ZCH06HGN,ST12000NM0007,12000138625024,0,84,240013408,99,0,100,1,100,0,85,336151038,97,3348,100,0,100,1,,,,,100.0,0.0,100.0,0.0,,,67.0,33.0,,,100.0,46.0,100.0,405.0,33,33,100,0,100,0,200,0,100.0,3236.0,100.0,23382631896.0,100.0,25197253690.0
2018-03-29,ZCH06HGN,ST12000NM0007,12000138625024,0,82,174549432,99,0,100,1,100,0,85,337356866,97,3373,100,0,100,1,,,,,100.0,0.0,100.0,0.0,,,68.0,32.0,,,100.0,46.0,100.0,406.0,32,32,100,0,100,0,200,0,100.0,3261.0,100.0,23387210848.0,100.0,25371351482.0
2018-03-30,ZCH06HGN,ST12000NM0007,12000138625024,0,82,167057696,99,0,100,1,100,0,85,339759798,97,3396,100,0,100,1,,,,,100.0,0.0,100.0,0.0,,,67.0,33.0,,,100.0,47.0,100.0,407.0,33,33,100,0,100,0,200,0,100.0,3284.0,100.0,23434431464.0,100.0,25560780226.0
2018-03-31,ZCH06HGN,ST12000NM0007,12000138625024,0,81,114637520,99,0,100,1,100,0,85,341395085,97,3421,100,0,100,1,,,,,100.0,0.0,100.0,0.0,,,68.0,32.0,,,100.0,48.0,100.0,408.0,32,32,100,0,100,0,200,0,100.0,3309.0,100.0,23451378232.0,100.0,25735554138.0
2018-04-01,ZCH06HGN,ST12000NM0007,12000138625024,0,77,53106080,99,0,100,1,100,0,85,342487876,97,3445,100,0,100,1,,,,,100.0,0.0,100.0,0.0,,,67.0,33.0,,,100.0,49.0,100.0,409.0,33,33,100,0,100,0,200,0,100.0,3333.0,100.0,23458562624.0,100.0,25910978978.0
2018-04-02,ZCH06HGN,ST12000NM0007,12000138625024,0,84,243125480,99,0,100,1,100,0,85,343722733,97,3469,100,0,100,1,,,,,100.0,0.0,100.0,0.0,,,67.0,33.0,,,100.0,49.0,100.0,410.0,33,33,100,0,100,0,200,0,100.0,3356.0,100.0,23470677248.0,100.0,26088883754.0
2018-04-03,ZCH06HGN,ST12000NM0007,12000138625024,0,83,190484304,99,0,100,1,100,0,85,344857022,97,3493,100,0,100,1,,,,,100.0,0.0,100.0,0.0,,,68.0,32.0,,,100.0,49.0,100.0,411.0,32,32,100,0,100,0,200,0,100.0,3381.0,100.0,23479828696.0,100.0,26271232234.0
2018-04-04,ZCH06HGN,ST12000NM0007,12000138625024,0,83,209736952,99,0,100,1,100,0,85,347359918,96,3516,100,0,100,1,,,,,100.0,0.0,100.0,0.0,,,68.0,32.0,,,100.0,50.0,100.0,412.0,32,32,100,0,100,0,200,0,100.0,3404.0,100.0,23532384144.0,100.0,26482070210.0
2018-04-05,ZCH06HGN,ST12000NM0007,12000138625024,0,82,143146732,98,0,100,2,100,0,85,348597608,96,3540,100,0,100,1,,,,,100.0,0.0,100.0,0.0,,,68.0,32.0,,,100.0,50.0,100.0,416.0,32,32,100,0,100,0,200,0,100.0,3428.0,100.0,23544887400.0,100.0,26647117422.0
2018-04-06,ZCH06HGN,ST12000NM0007,12000138625024,0,81,112773728,98,0,100,2,100,0,85,350629984,96,3564,100,0,100,1,,,,,100.0,0.0,100.0,0.0,,,67.0,33.0,,,100.0,51.0,100.0,417.0,33,33,100,0,100,0,200,0,100.0,3451.0,100.0,23588049688.0,100.0,26817723230.0
2018-04-07,ZCH06HGN,ST12000NM0007,12000138625024,0,78.0,65005840.0,98.0,0.0,100.0,2.0,100.0,0.0,85.0,352093205.0,96.0,3589.0,100.0,0.0,100.0,1.0,,,,,100.0,0.0,100.0,0.0,,,68.0,32.0,,,100.0,51.0,100.0,418.0,32.0,32.0,100.0,0.0,100.0,0.0,200.0,0.0,100.0,3475.0,100.0,23605655160.0,100.0,26996490582.0
2018-04-08,ZCH06HGN,ST12000NM0007,12000138625024,0,84,243628600,98,0,100,2,100,0,85,353406608,96,3612,100,0,100,1,,,,,100.0,0.0,100.0,0.0,,,68.0,32.0,,,100.0,51.0,100.0,419.0,32,32,100,0,100,0,200,0,100.0,3499.0,100.0,23622896952.0,100.0,27157871550.0
2018-04-09,ZCH06HGN,ST12000NM0007,12000138625024,0,83,198809840,98,0,100,2,100,0,86,355178097,96,3636,100,0,100,1,,,,,100.0,0.0,100.0,0.0,,,68.0,32.0,,,100.0,51.0,100.0,420.0,32,32,100,0,100,0,200,0,100.0,3523.0,100.0,23644573688.0,100.0,27335517062.0
2018-04-10,ZCH06HGN,ST12000NM0007,12000138625024,0,81,118647272,98,0,100,2,100,0,86,356177944,96,3661,100,0,100,1,,,,,100.0,0.0,100.0,0.0,,,67.0,33.0,,,100.0,52.0,100.0,421.0,33,33,100,0,100,0,200,0,100.0,3547.0,100.0,23650660880.0,100.0,27493407934.0
2018-04-11,ZCH06HGN,ST12000NM0007,12000138625024,0,81,126292096,98,0,100,2,100,0,86,358429272,96,3684,100,0,100,1,,,,,100.0,0.0,100.0,0.0,,,67.0,33.0,,,100.0,53.0,100.0,422.0,33,33,100,0,100,0,200,0,100.0,3570.0,100.0,23692269400.0,100.0,27703585038.0
2018-04-12,ZCH06HGN,ST12000NM0007,12000138625024,0,77,47262344,98,0,100,2,100,0,86,359394887,96,3709,100,0,100,1,,,,,100.0,0.0,100.0,0.0,,,67.0,33.0,,,100.0,54.0,100.0,424.0,33,33,100,0,100,0,200,0,100.0,3595.0,100.0,23697230608.0,100.0,27863735262.0
2018-04-13,ZCH06HGN,ST12000NM0007,12000138625024,0,84,229082832,98,0,100,2,100,0,86,360861866,96,3732,100,0,100,1,,,,,100.0,0.0,100.0,0.0,,,67.0,33.0,,,100.0,55.0,100.0,425.0,33,33,100,0,100,0,200,0,100.0,3618.0,100.0,23717368464.0,100.0,28025417894.0
2018-04-14,ZCH06HGN,ST12000NM0007,12000138625024,0,83,193561432,98,0,100,2,100,0,86,363349289,96,3757,100,0,100,1,,,,,100.0,0.0,100.0,0.0,,,67.0,33.0,,,100.0,56.0,100.0,426.0,33,33,100,0,100,0,200,0,100.0,3643.0,100.0,23751135624.0,100.0,28200269966.0
2018-04-15,ZCH06HGN,ST12000NM0007,12000138625024,0,81,117747560,98,0,100,2,100,0,86,364302602,96,3781,100,0,100,1,,,,,100.0,0.0,100.0,0.0,,,67.0,33.0,,,100.0,56.0,100.0,427.0,33,33,100,0,100,0,200,0,100.0,3666.0,100.0,23755864032.0,100.0,28363868486.0
2018-04-16,ZCH06HGN,ST12000NM0007,12000138625024,0,75,35435184,98,0,100,2,100,0,86,365094398,96,3805,100,0,100,1,,,,,100.0,0.0,100.0,0.0,,,68.0,32.0,,,100.0,56.0,100.0,428.0,32,32,100,0,100,0,200,0,100.0,3691.0,100.0,23758773424.0,100.0,28522787462.0
2018-04-17,ZCH06HGN,ST12000NM0007,12000138625024,0,83,209038520,98,0,100,2,100,0,86,366097451,96,3829,100,0,100,1,,,,,100.0,0.0,100.0,0.0,,,68.0,32.0,,,100.0,56.0,100.0,429.0,32,32,100,0,100,0,200,0,100.0,3715.0,100.0,23766419968.0,100.0,28688744254.0
2018-04-18,ZCH06HGN,ST12000NM0007,12000138625024,0,83,223441976,98,0,100,2,100,0,86,368660944,96,3853,100,0,100,1,,,,,100.0,0.0,100.0,0.0,,,68.0,32.0,,,100.0,56.0,100.0,430.0,32,32,100,0,100,0,200,0,100.0,3738.0,100.0,23814334368.0,100.0,28899374142.0
2018-04-19,ZCH06HGN,ST12000NM0007,12000138625024,0,82,163148072,98,0,100,2,100,0,86,369630892,96,3877,100,0,100,1,,,,,100.0,0.0,100.0,0.0,,,68.0,32.0,,,100.0,56.0,100.0,431.0,32,32,100,0,100,0,200,0,100.0,3763.0,100.0,23822183688.0,100.0,29075371966.0
2018-04-20,ZCH06HGN,ST12000NM0007,12000138625024,0,81,123987432,98,0,100,2,100,0,86,371514729,96,3901,100,0,100,1,,,,,100.0,0.0,100.0,0.0,,,67.0,33.0,,,100.0,57.0,100.0,432.0,33,33,100,0,100,0,200,0,100.0,3786.0,100.0,23859501736.0,100.0,29243033974.0
2018-04-21,ZCH06HGN,ST12000NM0007,12000138625024,0,78,63423024,98,0,100,2,100,0,86,372906574,96,3925,100,0,100,1,,,,,100.0,0.0,100.0,0.0,,,68.0,32.0,,,100.0,58.0,100.0,433.0,32,32,100,0,100,0,200,0,100.0,3811.0,100.0,23874025032.0,100.0,29412087214.0
2018-04-22,ZCH06HGN,ST12000NM0007,12000138625024,0,68,6972696,98,0,100,2,100,0,86,374321255,96,3948,100,0,100,1,,,,,100.0,0.0,100.0,0.0,,,68.0,32.0,,,100.0,59.0,100.0,434.0,32,32,100,0,100,0,200,0,100.0,3834.0,100.0,23889085808.0,100.0,29584716742.0
2018-04-23,ZCH06HGN,ST12000NM0007,12000138625024,0,83,185981752,98,0,100,2,100,0,86,375370206,96,3973,100,0,100,1,,,,,100.0,0.0,100.0,0.0,,,68.0,32.0,,,100.0,60.0,100.0,435.0,32,32,100,0,100,0,200,0,100.0,3858.0,100.0,23897640976.0,100.0,29755170630.0
2018-04-24,ZCH06HGN,ST12000NM0007,12000138625024,0,81,116700016,98,0,100,2,100,0,86,376560596,96,3997,100,0,100,1,,,,,100.0,0.0,100.0,0.0,,,68.0,32.0,,,100.0,61.0,100.0,436.0,32,32,100,0,100,0,200,0,100.0,3883.0,100.0,23907621232.0,100.0,29920049422.0
2018-04-25,ZCH06HGN,ST12000NM0007,12000138625024,0,81,114589480,98,0,100,2,100,0,86,378969192,96,4021,100,0,100,1,,,,,100.0,0.0,100.0,0.0,,,68.0,32.0,,,100.0,62.0,100.0,437.0,32,32,100,0,100,0,200,0,100.0,3906.0,100.0,23956300744.0,100.0,30113400294.0
2018-04-26,ZCH06HGN,ST12000NM0007,12000138625024,0,77,52586944,98,0,100,2,100,0,86,380188732,96,4041,100,0,100,1,,,,,100.0,0.0,100.0,0.0,,,67.0,33.0,,,100.0,63.0,100.0,438.0,33,33,100,0,100,0,200,0,100.0,3926.0,100.0,23990779768.0,100.0,30261059390.0
2018-04-27,ZCH06HGN,ST12000NM0007,12000138625024,0,81,112560144,98,0,100,2,100,0,86,382737505,96,4065,100,0,100,1,,,,,100.0,0.0,100.0,0.0,,,67.0,33.0,,,100.0,63.0,100.0,440.0,33,33,100,0,100,0,200,0,100.0,3950.0,100.0,24112210816.0,100.0,30443742174.0
2018-04-28,ZCH06HGN,ST12000NM0007,12000138625024,0,83,222666736,98,0,100,2,100,0,86,386492524,96,4089,100,0,100,1,,,,,100.0,0.0,100.0,0.0,,,67.0,33.0,,,100.0,63.0,100.0,441.0,33,33,100,0,100,0,200,0,100.0,3974.0,100.0,24266830968.0,100.0,30643369350.0
2018-04-29,ZCH06HGN,ST12000NM0007,12000138625024,0,74,23441624,98,0,100,2,100,0,86,388766032,96,4113,100,0,100,1,,,,,100.0,0.0,100.0,0.0,,,67.0,33.0,,,100.0,63.0,100.0,442.0,33,33,100,0,100,0,200,0,100.0,3998.0,100.0,24374093600.0,100.0,30825162878.0
2018-04-30,ZCH06HGN,ST12000NM0007,12000138625024,0,79,87640184,98,0,100,2,100,0,86,391187391,96,4137,100,0,100,1,,,,,100.0,0.0,100.0,0.0,,,67.0,33.0,,,100.0,64.0,100.0,443.0,33,33,100,0,100,0,200,0,100.0,4022.0,100.0,24489162480.0,100.0,31018433262.0
2018-05-01,ZCH06HGN,ST12000NM0007,12000138625024,0,80,111027144,98,0,100,2,100,0,86,393385058,96,4160,100,0,100,1,,,,,100.0,0.0,100.0,0.0,,,67.0,33.0,,,100.0,64.0,100.0,444.0,33,33,100,0,100,0,200,0,100.0,4045.0,100.0,24593758304.0,100.0,31181365094.0
2018-05-02,ZCH06HGN,ST12000NM0007,12000138625024,0,84.0,241789848.0,98.0,0.0,100.0,2.0,100.0,0.0,86.0,397008448.0,96.0,4184.0,100.0,0.0,100.0,1.0,,,,,100.0,0.0,100.0,0.0,,,66.0,34.0,,,100.0,64.0,100.0,445.0,34.0,34.0,100.0,0.0,100.0,0.0,200.0,0.0,100.0,4069.0,100.0,24727963128.0,100.0,31422063942.0
2018-05-03,ZCH06HGN,ST12000NM0007,12000138625024,0,79,80153616,98,0,100,2,100,0,86,399729044,96,4213,100,0,100,1,,,,,100.0,0.0,100.0,0.0,,,66.0,34.0,,,100.0,64.0,100.0,447.0,34,34,100,0,100,0,200,0,100.0,4097.0,100.0,24887375112.0,100.0,31589297046.0
2018-05-04,ZCH06HGN,ST12000NM0007,12000138625024,0,82,169472528,98,0,100,2,100,0,86,402745192,96,4237,100,0,100,1,,,,,100.0,0.0,100.0,0.0,,,66.0,34.0,,,100.0,64.0,100.0,448.0,34,34,100,0,100,0,200,0,100.0,4121.0,100.0,25020831904.0,100.0,31789300190.0
2018-05-05,ZCH06HGN,ST12000NM0007,12000138625024,0,84,235618272,98,0,100,2,100,0,86,405660495,96,4261,100,0,100,1,,,,,100.0,0.0,100.0,0.0,,,67.0,33.0,,,100.0,64.0,100.0,449.0,33,33,100,0,100,0,200,0,100.0,4145.0,100.0,25134392520.0,100.0,31986026414.0
2018-05-06,ZCH06HGN,ST12000NM0007,12000138625024,0,82,167323192,98,0,100,2,100,0,86,407329694,96,4285,100,0,100,1,,,,,100.0,0.0,100.0,0.0,,,66.0,34.0,,,100.0,65.0,100.0,450.0,34,34,100,0,100,0,200,0,100.0,4168.0,100.0,25205687928.0,100.0,32090576694.0
2018-05-07,ZCH06HGN,ST12000NM0007,12000138625024,0,82,160678080,98,0,100,2,100,0,86,409202983,96,4309,100,0,100,1,,,,,100.0,0.0,100.0,0.0,,,67.0,33.0,,,100.0,66.0,100.0,451.0,33,33,100,0,100,0,200,0,100.0,4192.0,100.0,25285191368.0,100.0,32248569014.0
2018-05-08,ZCH06HGN,ST12000NM0007,12000138625024,0,83,215244264,98,0,100,2,100,0,86,411394740,96,4333,100,0,100,1,,,,,100.0,0.0,100.0,0.0,,,67.0,33.0,,,100.0,66.0,100.0,452.0,33,33,100,0,100,0,200,0,100.0,4216.0,100.0,25389449920.0,100.0,32443017286.0
2018-05-09,ZCH06HGN,ST12000NM0007,12000138625024,0,81,137514624,98,0,100,2,100,0,86,415641588,96,4357,100,0,100,1,,,,,100.0,0.0,100.0,0.0,,,67.0,33.0,,,100.0,66.0,100.0,453.0,33,33,100,0,100,0,200,0,100.0,4241.0,100.0,25561921520.0,100.0,32681097550.0
2018-05-10,ZCH06HGN,ST12000NM0007,12000138625024,0,82,152452928,98,0,100,2,100,0,86,417722186,95,4382,100,0,100,1,,,,,100.0,0.0,100.0,0.0,,,67.0,33.0,,,100.0,66.0,100.0,455.0,33,33,100,0,100,0,200,0,100.0,4265.0,100.0,25663825640.0,100.0,32838272574.0
2018-05-11,ZCH06HGN,ST12000NM0007,12000138625024,0,83,189418464,98,0,100,2,100,0,86,420684186,95,4406,100,0,100,1,,,,,100.0,0.0,100.0,0.0,,,66.0,34.0,,,100.0,66.0,100.0,456.0,34,34,100,0,100,0,200,0,100.0,4289.0,100.0,25803858256.0,100.0,32979346150.0
2018-05-12,ZCH06HGN,ST12000NM0007,12000138625024,0,84,244120240,98,0,100,2,100,0,86,423634708,95,4430,100,0,100,1,,,,,100.0,0.0,100.0,0.0,,,67.0,33.0,,,100.0,66.0,100.0,457.0,33,33,100,0,100,0,200,0,100.0,4313.0,100.0,25926067952.0,100.0,33155978862.0
2018-05-13,ZCH06HGN,ST12000NM0007,12000138625024,0,64,2444600,98,0,100,2,100,0,86,425698033,95,4453,100,0,100,1,,,,,100.0,0.0,100.0,0.0,,,67.0,33.0,,,100.0,67.0,100.0,458.0,33,33,100,0,100,0,200,0,100.0,4336.0,100.0,26024537264.0,100.0,33304115438.0
2018-05-14,ZCH06HGN,ST12000NM0007,12000138625024,0,100,1864664,98,0,100,2,100,0,86,428098671,95,4478,100,0,100,1,,,,,100.0,0.0,100.0,0.0,,,67.0,33.0,,,100.0,67.0,100.0,459.0,33,33,100,0,100,0,200,0,100.0,4360.0,100.0,26142325800.0,100.0,33429887614.0
2018-05-15,ZCH06HGN,ST12000NM0007,12000138625024,0,83.0,213209304.0,98.0,0.0,100.0,2.0,100.0,0.0,86.0,429871817.0,95.0,4501.0,100.0,0.0,100.0,1.0,,,,,100.0,0.0,100.0,0.0,,,67.0,33.0,,,100.0,68.0,100.0,460.0,33.0,33.0,100.0,0.0,100.0,0.0,200.0,0.0,100.0,4383.0,100.0,26220220344.0,100.0,33563337710.0
2018-05-16,ZCH06HGN,ST12000NM0007,12000138625024,0,80,101597800,98,0,100,2,100,0,86,433656952,95,4525,100,0,100,1,,,,,100.0,0.0,100.0,0.0,,,67.0,33.0,,,100.0,68.0,100.0,461.0,33,33,100,0,100,0,200,0,100.0,4408.0,100.0,26349543920.0,100.0,33810684030.0
2018-05-17,ZCH06HGN,ST12000NM0007,12000138625024,0,82,145895992,98,0,100,2,100,0,86,436351813,95,4549,100,0,100,1,,,,,100.0,0.0,100.0,0.0,,,67.0,33.0,,,100.0,68.0,100.0,463.0,33,33,100,0,100,0,200,0,100.0,4431.0,100.0,26456131352.0,100.0,33992535470.0
2018-05-18,ZCH06HGN,ST12000NM0007,12000138625024,0,83,212182792,98,0,100,2,100,0,86,439299870,95,4573,100,0,100,1,,,,,100.0,0.0,100.0,0.0,,,67.0,33.0,,,100.0,69.0,100.0,464.0,33,33,100,0,100,0,200,0,100.0,4455.0,100.0,26584193048.0,100.0,34174901270.0
2018-05-19,ZCH06HGN,ST12000NM0007,12000138625024,0,73,19118896,98,0,100,2,100,0,86,442086121,95,4597,100,0,100,1,,,,,100.0,0.0,100.0,0.0,,,67.0,33.0,,,100.0,69.0,100.0,465.0,33,33,100,0,100,0,200,0,100.0,4479.0,100.0,26690252600.0,100.0,34364059326.0
2018-05-20,ZCH06HGN,ST12000NM0007,12000138625024,0,79,71665056,98,0,100,2,100,0,86,444334152,95,4621,100,0,100,1,,,,,100.0,0.0,100.0,0.0,,,67.0,33.0,,,100.0,69.0,100.0,466.0,33,33,100,0,100,0,200,0,100.0,4503.0,100.0,26784367728.0,100.0,34566631046.0
2018-05-21,ZCH06HGN,ST12000NM0007,12000138625024,0,81,117356112,98,0,100,2,100,0,86,446637878,95,4645,100,0,100,1,,,,,100.0,0.0,100.0,0.0,,,67.0,33.0,,,100.0,69.0,100.0,467.0,33,33,100,0,100,0,200,0,100.0,4527.0,100.0,26872039904.0,100.0,34768790678.0
2018-05-22,ZCH06HGN,ST12000NM0007,12000138625024,0,82,167352600,98,0,100,2,100,0,87,448967039,95,4668,100,0,100,1,,,,,100.0,0.0,100.0,0.0,,,67.0,33.0,,,100.0,69.0,100.0,468.0,33,33,100,0,100,0,200,0,100.0,4550.0,100.0,26979276856.0,100.0,34955691086.0
2018-05-23,ZCH06HGN,ST12000NM0007,12000138625024,0,79,83256168,98,0,100,2,100,0,87,452850591,95,4693,100,0,100,1,,,,,100.0,0.0,100.0,0.0,,,67.0,33.0,,,100.0,69.0,100.0,469.0,33,33,100,0,100,0,200,0,100.0,4575.0,100.0,27113159040.0,100.0,35225994310.0
2018-05-24,ZCH06HGN,ST12000NM0007,12000138625024,0,81,114439632,98,0,100,2,100,0,87,455116546,95,4717,100,0,100,1,,,,,100.0,0.0,100.0,0.0,,,67.0,33.0,,,100.0,70.0,100.0,470.0,33,33,100,0,100,0,200,0,100.0,4598.0,100.0,27199667424.0,100.0,35414810102.0
2018-05-25,ZCH06HGN,ST12000NM0007,12000138625024,0,83,179416712,98,0,100,2,100,0,87,457809989,95,4741,100,0,100,1,,,,,100.0,0.0,100.0,0.0,,,67.0,33.0,,,100.0,70.0,100.0,471.0,33,33,100,0,100,0,200,0,100.0,4622.0,100.0,27310254968.0,100.0,35613340326.0
2018-05-26,ZCH06HGN,ST12000NM0007,12000138625024,0,83,182777232,98,0,100,2,100,0,87,460439306,95,4760,100,0,100,1,,,,,100.0,0.0,100.0,0.0,,,67.0,33.0,,,100.0,70.0,100.0,472.0,33,33,100,0,100,0,200,0,100.0,4640.0,100.0,27401828384.0,100.0,35769268062.0
2018-05-27,ZCH06HGN,ST12000NM0007,12000138625024,0,84,226140344,98,0,100,2,100,0,87,462612864,95,4783,100,0,100,1,,,,,100.0,0.0,100.0,0.0,,,68.0,32.0,,,100.0,70.0,100.0,473.0,32,32,100,0,100,0,200,0,100.0,4664.0,100.0,27493771984.0,100.0,35964828262.0
2018-05-28,ZCH06HGN,ST12000NM0007,12000138625024,0,67,4497400,98,0,100,2,100,0,87,464591188,95,4807,100,0,100,1,,,,,100.0,0.0,100.0,0.0,,,67.0,33.0,,,100.0,70.0,100.0,474.0,33,33,100,0,100,0,200,0,100.0,4688.0,100.0,27562347752.0,100.0,36162892270.0
2018-05-29,ZCH06HGN,ST12000NM0007,12000138625024,0,74,23708760,98,0,100,2,100,0,87,466730685,95,4832,100,0,100,1,,,,,100.0,0.0,100.0,0.0,,,67.0,33.0,,,100.0,70.0,100.0,475.0,33,33,100,0,100,0,200,0,100.0,4712.0,100.0,27647347968.0,100.0,36341244134.0
2018-05-30,ZCH06HGN,ST12000NM0007,12000138625024,0,81,127821072,98,0,100,2,100,0,87,470104587,95,4855,100,0,100,1,,,,,100.0,0.0,100.0,0.0,,,66.0,34.0,,,100.0,70.0,100.0,476.0,34,34,100,0,100,0,200,0,100.0,4735.0,100.0,27766355472.0,100.0,36570489630.0
2018-05-31,ZCH06HGN,ST12000NM0007,12000138625024,0,83,180251296,98,0,100,2,100,0,87,472704157,95,4879,100,0,100,1,,,,,100.0,0.0,100.0,0.0,,,68.0,32.0,,,100.0,70.0,100.0,477.0,32,32,100,0,100,0,200,0,100.0,4760.0,100.0,27860913008.0,100.0,36772503118.0
2018-06-01,ZCH06HGN,ST12000NM0007,12000138625024,0,84,227988584,98,0,100,2,100,0,87,474963791,95,4903,100,0,100,1,,,,,100.0,0.0,100.0,0.0,,,68.0,32.0,,,100.0,70.0,100.0,479.0,32,32,100,0,100,0,200,0,100.0,4783.0,100.0,27956200328.0,100.0,36969093718.0
2018-06-02,ZCH06HGN,ST12000NM0007,12000138625024,0,74,27245816,98,0,100,2,100,0,87,478415367,95,4928,100,0,100,1,,,,,100.0,0.0,100.0,0.0,,,67.0,33.0,,,100.0,70.0,100.0,480.0,33,33,100,0,100,0,200,0,100.0,4807.0,100.0,28076372520.0,100.0,37136460214.0
2018-06-03,ZCH06HGN,ST12000NM0007,12000138625024,0,78,58628688,98,0,100,2,100,0,87,480902255,95,4951,100,0,100,1,,,,,100.0,0.0,100.0,0.0,,,67.0,33.0,,,100.0,70.0,100.0,481.0,33,33,100,0,100,0,200,0,100.0,4831.0,100.0,28190297856.0,100.0,37298058382.0
2018-06-04,ZCH06HGN,ST12000NM0007,12000138625024,0,81,128759744,98,0,100,2,100,0,87,483275022,95,4976,100,0,100,1,,,,,100.0,0.0,100.0,0.0,,,67.0,33.0,,,100.0,70.0,100.0,482.0,33,33,100,0,100,0,200,0,100.0,4855.0,100.0,28298386200.0,100.0,37504241766.0
2018-06-05,ZCH06HGN,ST12000NM0007,12000138625024,0,83,181433696,98,0,100,2,100,0,87,485850199,95,5000,100,0,100,1,,,,,100.0,0.0,100.0,0.0,,,67.0,33.0,,,100.0,70.0,100.0,482.0,33,33,100,0,100,0,200,0,100.0,4879.0,100.0,28398825848.0,100.0,37700616806.0
2018-06-06,ZCH06HGN,ST12000NM0007,12000138625024,0,80,90129768,98,0,100,2,100,0,87,489711910,95,5024,100,0,100,1,,,,,100.0,0.0,100.0,0.0,,,67.0,33.0,,,100.0,70.0,100.0,484.0,33,33,100,0,100,0,200,0,100.0,4903.0,100.0,28549570336.0,100.0,37946849894.0
2018-06-07,ZCH06HGN,ST12000NM0007,12000138625024,0,80,108296920,98,0,100,2,100,0,87,491858205,95,5047,100,0,100,1,,,,,100.0,0.0,100.0,0.0,,,67.0,33.0,,,100.0,70.0,100.0,485.0,33,33,100,0,100,0,200,0,100.0,4926.0,100.0,28641683640.0,100.0,38117044430.0
2018-06-08,ZCH06HGN,ST12000NM0007,12000138625024,0,82,146075224,98,0,100,2,100,0,87,494067032,95,5071,100,0,100,1,,,,,100.0,0.0,100.0,0.0,,,67.0,33.0,,,100.0,70.0,100.0,485.0,33,33,100,0,100,0,200,0,100.0,4950.0,100.0,28721202920.0,100.0,38319444110.0
2018-06-09,ZCH06HGN,ST12000NM0007,12000138625024,0,84,236474600,98,0,100,2,100,0,87,497646169,95,5095,100,0,100,1,,,,,100.0,0.0,100.0,0.0,,,67.0,33.0,,,100.0,70.0,100.0,486.0,33,33,100,0,100,0,200,0,100.0,4974.0,100.0,28861044904.0,100.0,38514142134.0
2018-06-10,ZCH06HGN,ST12000NM0007,12000138625024,0,74,25117232,98,0,100,2,100,0,87,499817925,95,5119,100,0,100,1,,,,,100.0,0.0,100.0,0.0,,,67.0,33.0,,,100.0,71.0,100.0,488.0,33,33,100,0,100,0,200,0,100.0,4998.0,100.0,28941981128.0,100.0,38710130070.0
2018-06-11,ZCH06HGN,ST12000NM0007,12000138625024,0,77,46734568,98,0,100,2,100,0,87,502054629,95,5143,100,0,100,1,,,,,100.0,0.0,100.0,0.0,,,67.0,33.0,,,100.0,72.0,100.0,489.0,33,33,100,0,100,0,200,0,100.0,5022.0,100.0,29045384240.0,100.0,38872485062.0
2018-06-12,ZCH06HGN,ST12000NM0007,12000138625024,0,79,78349136,98,0,100,2,100,0,87,504192823,95,5167,100,0,100,1,,,,,100.0,0.0,100.0,0.0,,,67.0,33.0,,,100.0,73.0,100.0,490.0,33,33,100,0,100,0,200,0,100.0,5046.0,100.0,29148263496.0,100.0,39045361014.0
2018-06-13,ZCH06HGN,ST12000NM0007,12000138625024,0,83,191927016,98,0,100,2,100,0,87,507780478,95,5191,100,0,100,1,,,,,100.0,0.0,100.0,0.0,,,67.0,33.0,,,100.0,74.0,100.0,491.0,33,33,100,0,100,0,200,0,100.0,5070.0,100.0,29284771624.0,100.0,39266571414.0
2018-06-14,ZCH06HGN,ST12000NM0007,12000138625024,0,83,197837616,98,0,100,2,100,0,87,509796467,95,5215,100,0,100,1,,,,,100.0,0.0,100.0,0.0,,,67.0,33.0,,,100.0,74.0,100.0,492.0,33,33,100,0,100,0,200,0,100.0,5093.0,100.0,29360536984.0,100.0,39440857294.0
2018-06-15,ZCH06HGN,ST12000NM0007,12000138625024,0,81.0,125084680.0,98.0,0.0,100.0,2.0,100.0,0.0,87.0,513660353.0,95.0,5246.0,100.0,0.0,100.0,1.0,,,,,100.0,0.0,100.0,0.0,,,67.0,33.0,,,100.0,74.0,100.0,493.0,33.0,33.0,100.0,0.0,100.0,0.0,200.0,0.0,100.0,5124.0,100.0,29499195784.0,100.0,39717727142.0
2018-06-16,ZCH06HGN,ST12000NM0007,12000138625024,0,83.0,196936688.0,98.0,0.0,100.0,2.0,100.0,0.0,87.0,516498960.0,94.0,5271.0,100.0,0.0,100.0,1.0,,,,,100.0,0.0,100.0,0.0,,,67.0,33.0,,,100.0,74.0,100.0,494.0,33.0,33.0,100.0,0.0,100.0,0.0,200.0,0.0,100.0,5149.0,100.0,29597233480.0,100.0,39935682094.0
2018-06-17,ZCH06HGN,ST12000NM0007,12000138625024,0,83.0,206638056.0,98.0,0.0,100.0,2.0,100.0,0.0,87.0,518501090.0,94.0,5294.0,100.0,0.0,100.0,1.0,,,,,100.0,0.0,100.0,0.0,,,67.0,33.0,,,100.0,74.0,100.0,495.0,33.0,33.0,100.0,0.0,100.0,0.0,200.0,0.0,100.0,5172.0,100.0,29679848648.0,100.0,40106909390.0
2018-06-18,ZCH06HGN,ST12000NM0007,12000138625024,0,77.0,52863488.0,98.0,0.0,100.0,2.0,100.0,0.0,87.0,521111675.0,94.0,5319.0,100.0,0.0,100.0,1.0,,,,,100.0,0.0,100.0,0.0,,,67.0,33.0,,,100.0,74.0,100.0,496.0,33.0,33.0,100.0,0.0,100.0,0.0,200.0,0.0,100.0,5197.0,100.0,29790024560.0,100.0,40331240334.0
2018-06-19,ZCH06HGN,ST12000NM0007,12000138625024,0,78,70509608,98,0,100,2,100,0,87,523416708,94,5341,100,0,100,1,,,,,100.0,0.0,100.0,0.0,,,67.0,33.0,,,100.0,74.0,100.0,497.0,33,33,100,0,100,0,200,0,100.0,5219.0,100.0,29884390160.0,100.0,40498661566.0
2018-06-20,ZCH06HGN,ST12000NM0007,12000138625024,0,84,240381664,98,0,100,2,100,0,87,527463421,94,5365,100,0,100,1,,,,,100.0,0.0,100.0,0.0,,,67.0,33.0,,,100.0,74.0,100.0,498.0,33,33,100,0,100,0,200,0,100.0,5243.0,100.0,30018528656.0,100.0,40778535758.0
2018-06-21,ZCH06HGN,ST12000NM0007,12000138625024,0,75,28833816,98,0,100,2,100,0,87,529666348,94,5389,100,0,100,1,,,,,100.0,0.0,100.0,0.0,,,66.0,34.0,,,100.0,74.0,100.0,499.0,34,34,100,0,100,0,200,0,100.0,5267.0,100.0,30112113512.0,100.0,40961684502.0
2018-06-22,ZCH06HGN,ST12000NM0007,12000138625024,0,81,113605552,98,0,100,2,100,0,87,532914846,94,5414,100,0,100,1,,,,,100.0,0.0,100.0,0.0,,,67.0,33.0,,,100.0,74.0,100.0,500.0,33,33,100,0,100,0,200,0,100.0,5291.0,100.0,30232439328.0,100.0,41170271086.0
2018-06-23,ZCH06HGN,ST12000NM0007,12000138625024,0,82,151870576,98,0,100,2,100,0,87,535593830,94,5437,100,0,100,1,,,,,100.0,0.0,100.0,0.0,,,68.0,32.0,,,100.0,75.0,100.0,501.0,32,32,100,0,100,0,200,0,100.0,5314.0,100.0,30315233584.0,100.0,41369882510.0
2018-06-24,ZCH06HGN,ST12000NM0007,12000138625024,0,82,177342808,98,0,100,2,100,0,87,537680750,94,5461,100,0,100,1,,,,,100.0,0.0,100.0,0.0,,,67.0,33.0,,,100.0,75.0,100.0,502.0,33,33,100,0,100,0,200,0,100.0,5339.0,100.0,30396508520.0,100.0,41558220446.0
2018-06-25,ZCH06HGN,ST12000NM0007,12000138625024,0,82,144561472,98,0,100,2,100,0,87,539735031,94,5485,100,0,100,1,,,,,100.0,0.0,100.0,0.0,,,67.0,33.0,,,100.0,75.0,100.0,503.0,33,33,100,0,100,0,200,0,100.0,5362.0,100.0,30487816632.0,100.0,41678271630.0
2018-06-26,ZCH06HGN,ST12000NM0007,12000138625024,0,83,188883944,98,0,100,2,100,0,87,542289494,94,5510,100,0,100,1,,,,,100.0,0.0,100.0,0.0,,,66.0,34.0,,,100.0,76.0,100.0,504.0,34,34,100,0,100,0,200,0,100.0,5387.0,100.0,30598219816.0,100.0,41856331734.0
2018-06-27,ZCH06HGN,ST12000NM0007,12000138625024,0,79,72721360,98,0,100,2,100,0,87,545842128,94,5533,100,0,100,1,,,,,100.0,0.0,100.0,0.0,,,67.0,33.0,,,100.0,76.0,100.0,505.0,33,33,100,0,100,0,200,0,100.0,5410.0,100.0,30727591016.0,100.0,42099079798.0
2018-06-28,ZCH06HGN,ST12000NM0007,12000138625024,0,80,108407992,98,0,100,2,100,0,87,548031439,94,5557,100,0,100,1,,,,,100.0,0.0,100.0,0.0,,,68.0,32.0,,,100.0,76.0,100.0,506.0,32,32,100,0,100,0,200,0,100.0,5434.0,100.0,30805182112.0,100.0,42301316134.0
2018-06-29,ZCH06HGN,ST12000NM0007,12000138625024,0,83,181754144,98,0,100,2,100,0,87,551071454,94,5582,100,0,100,1,,,,,100.0,0.0,100.0,0.0,,,67.0,33.0,,,100.0,76.0,100.0,507.0,33,33,100,0,100,0,200,0,100.0,5458.0,100.0,30924423912.0,100.0,42499561214.0
2018-06-30,ZCH06HGN,ST12000NM0007,12000138625024,0,82,167524640,98,0,100,2,100,0,87,553609075,94,5601,100,0,100,1,,,,,100.0,0.0,100.0,0.0,,,68.0,32.0,,,100.0,76.0,100.0,509.0,32,32,100,0,100,0,200,0,100.0,5477.0,100.0,30996055824.0,100.0,42657840430.0
2018-07-01,ZCH06HGN,ST12000NM0007,12000138625024,0,83,206027008,98,0,100,2,100,0,87,556223343,94,5625,100,0,100,1,,,,,100.0,0.0,100.0,0.0,,,67.0,33.0,,,100.0,77.0,100.0,510.0,33,33,100,0,100,0,200,0,100.0,5501.0,100.0,31088543096.0,100.0,42847996382.0
2018-07-02,ZCH06HGN,ST12000NM0007,12000138625024,0,84,225338912,98,0,100,2,100,0,87,558664173,94,5649,100,0,100,1,,,,,100.0,0.0,100.0,0.0,,,67.0,33.0,,,100.0,77.0,100.0,511.0,33,33,100,0,100,0,200,0,100.0,5525.0,100.0,31177454184.0,100.0,43022537918.0
2018-07-03,ZCH06HGN,ST12000NM0007,12000138625024,0,83,197737424,98,0,100,2,100,0,87,560656333,94,5673,100,0,100,1,,,,,100.0,0.0,100.0,0.0,,,67.0,33.0,,,100.0,77.0,100.0,512.0,33,33,100,0,100,0,200,0,100.0,5548.0,100.0,31254726528.0,100.0,43161804942.0
2018-07-04,ZCH06HGN,ST12000NM0007,12000138625024,0,75,29682440,98,0,100,2,100,0,88,564096329,94,5697,100,0,100,1,,,,,100.0,0.0,100.0,0.0,,,67.0,33.0,,,100.0,77.0,100.0,513.0,33,33,100,0,100,0,200,0,100.0,5573.0,100.0,31367865656.0,100.0,43368892190.0
2018-07-05,ZCH06HGN,ST12000NM0007,12000138625024,0,78,57949808,98,0,100,2,100,0,88,566407081,94,5721,100,0,100,1,,,,,100.0,0.0,100.0,0.0,,,67.0,33.0,,,100.0,77.0,100.0,514.0,33,33,100,0,100,0,200,0,100.0,5596.0,100.0,31463012760.0,100.0,43546153150.0
2018-07-06,ZCH06HGN,ST12000NM0007,12000138625024,0,77,48505176,98,0,100,2,100,0,88,568583188,94,5745,100,0,100,1,,,,,100.0,0.0,100.0,0.0,,,67.0,33.0,,,100.0,77.0,100.0,515.0,33,33,100,0,100,0,200,0,100.0,5620.0,100.0,31546303000.0,100.0,43697558990.0
2018-07-07,ZCH06HGN,ST12000NM0007,12000138625024,0,81,139094712,98,0,100,2,100,0,88,572290173,94,5769,100,0,100,1,,,,,100.0,0.0,100.0,0.0,,,67.0,33.0,,,100.0,77.0,100.0,516.0,33,33,100,0,100,0,200,0,100.0,5644.0,100.0,31665661520.0,100.0,43912930694.0
2018-07-08,ZCH06HGN,ST12000NM0007,12000138625024,0,83,201230024,98,0,100,2,100,0,88,575008192,94,5793,100,0,100,1,,,,,100.0,0.0,100.0,0.0,,,67.0,33.0,,,100.0,78.0,100.0,517.0,33,33,100,0,100,0,200,0,100.0,5669.0,100.0,31767518064.0,100.0,44117350206.0
2018-07-09,ZCH06HGN,ST12000NM0007,12000138625024,0,83,221911032,98,0,100,2,100,0,88,577189964,94,5817,100,0,100,1,,,,,100.0,0.0,100.0,0.0,,,67.0,33.0,,,100.0,79.0,100.0,518.0,33,33,100,0,100,0,200,0,100.0,5692.0,100.0,31845258296.0,100.0,44304431678.0
2018-07-10,ZCH06HGN,ST12000NM0007,12000138625024,0,84.0,231432400.0,98.0,0.0,100.0,2.0,100.0,0.0,88.0,579472280.0,94.0,5841.0,100.0,0.0,100.0,1.0,,,,,100.0,0.0,100.0,0.0,,,68.0,32.0,,,100.0,79.0,100.0,519.0,32.0,32.0,100.0,0.0,100.0,0.0,200.0,0.0,100.0,5717.0,100.0,31922232592.0,100.0,44481119742.0
2018-07-11,ZCH06HGN,ST12000NM0007,12000138625024,0,78,65140864,98,0,100,2,100,0,88,583060377,94,5865,100,0,100,1,,,,,100.0,0.0,100.0,0.0,,,67.0,33.0,,,100.0,80.0,100.0,520.0,33,33,100,0,100,0,200,0,100.0,5740.0,100.0,32021189480.0,100.0,44704154198.0
2018-07-12,ZCH06HGN,ST12000NM0007,12000138625024,0,81,115623000,98,0,100,2,100,0,88,585658874,94,5893,100,0,100,1,,,,,100.0,0.0,100.0,0.0,,,68.0,32.0,,,100.0,80.0,100.0,521.0,32,32,100,0,100,0,200,0,100.0,5768.0,100.0,32100364840.0,100.0,44919601606.0
2018-07-13,ZCH06HGN,ST12000NM0007,12000138625024,0,82,166467976,98,0,100,2,100,0,88,588678551,94,5918,100,0,100,1,,,,,100.0,0.0,100.0,0.0,,,67.0,33.0,,,100.0,80.0,100.0,524.0,33,33,100,0,100,0,200,0,100.0,5793.0,100.0,32197659304.0,100.0,45117293166.0
2018-07-14,ZCH06HGN,ST12000NM0007,12000138625024,0,82,172739864,98,0,100,2,100,0,88,591358227,94,5942,100,0,100,1,,,,,100.0,0.0,100.0,0.0,,,68.0,32.0,,,100.0,80.0,100.0,524.0,32,32,100,0,100,0,200,0,100.0,5816.0,100.0,32281033848.0,100.0,45284331262.0
2018-07-15,ZCH06HGN,ST12000NM0007,12000138625024,0,81,141240264,98,0,100,2,100,0,88,593442593,94,5966,100,0,100,1,,,,,100.0,0.0,100.0,0.0,,,67.0,33.0,,,100.0,81.0,100.0,526.0,33,33,100,0,100,0,200,0,100.0,5840.0,100.0,32361594072.0,100.0,45416412190.0
2018-07-16,ZCH06HGN,ST12000NM0007,12000138625024,0,81,133912024,98,0,100,2,100,0,88,595641712,94,5990,100,0,100,1,,,,,100.0,0.0,100.0,0.0,,,67.0,33.0,,,100.0,81.0,100.0,527.0,33,33,100,0,100,0,200,0,100.0,5864.0,100.0,32455624008.0,100.0,45559194830.0
2018-07-17,ZCH06HGN,ST12000NM0007,12000138625024,0,82,150165920,98,0,100,2,100,0,88,597757978,94,6014,100,0,100,1,,,,,100.0,0.0,100.0,0.0,,,67.0,33.0,,,100.0,81.0,100.0,528.0,33,33,100,0,100,0,200,0,100.0,5888.0,100.0,32528216776.0,100.0,45746996646.0
2018-07-18,ZCH06HGN,ST12000NM0007,12000138625024,0,75,29871000,98,0,100,2,100,0,88,601468433,94,6039,100,0,100,1,,,,,100.0,0.0,100.0,0.0,,,68.0,32.0,,,100.0,81.0,100.0,529.0,32,32,100,0,100,0,200,0,100.0,5912.0,100.0,32643236032.0,100.0,45999964294.0
2018-07-19,ZCH06HGN,ST12000NM0007,12000138625024,0,78,60636552,98,0,100,2,100,0,88,603873984,94,6062,100,0,100,1,,,,,100.0,0.0,100.0,0.0,,,67.0,33.0,,,100.0,81.0,100.0,530.0,33,33,100,0,100,0,200,0,100.0,5936.0,100.0,32719774136.0,100.0,46198332470.0
2018-07-20,ZCH06HGN,ST12000NM0007,12000138625024,0,81,118332248,98,0,100,2,100,0,88,606850121,94,6086,100,0,100,1,,,,,100.0,0.0,100.0,0.0,,,67.0,33.0,,,100.0,81.0,100.0,530.0,33,33,100,0,100,0,200,0,100.0,5959.0,100.0,32837955104.0,100.0,46381987830.0
2018-07-21,ZCH06HGN,ST12000NM0007,12000138625024,0,81,133349144,98,0,100,2,100,0,88,609251195,94,6110,100,0,100,1,,,,,100.0,0.0,100.0,0.0,,,67.0,33.0,,,100.0,81.0,100.0,531.0,33,33,100,0,100,0,200,0,100.0,5983.0,100.0,32925461768.0,100.0,46553638734.0
2018-07-22,ZCH06HGN,ST12000NM0007,12000138625024,0,82,176350592,98,0,100,2,100,0,88,611585383,93,6133,100,0,100,1,,,,,100.0,0.0,100.0,0.0,,,67.0,33.0,,,100.0,81.0,100.0,532.0,33,33,100,0,100,0,200,0,100.0,6007.0,100.0,33036544704.0,100.0,46729697926.0
2018-07-23,ZCH06HGN,ST12000NM0007,12000138625024,0,82,164601608,98,0,100,2,100,0,88,613760613,93,6158,100,0,100,1,,,,,100.0,0.0,100.0,0.0,,,67.0,33.0,,,100.0,82.0,100.0,533.0,33,33,100,0,100,0,200,0,100.0,6031.0,100.0,33134655256.0,100.0,46863979238.0
2018-07-24,ZCH06HGN,ST12000NM0007,12000138625024,0,83,190562224,98,0,100,2,100,0,88,615832751,93,6182,100,0,100,1,,,,,100.0,0.0,100.0,0.0,,,67.0,33.0,,,100.0,83.0,100.0,535.0,33,33,100,0,100,0,200,0,100.0,6055.0,100.0,33215230504.0,100.0,47053505390.0
2018-07-25,ZCH06HGN,ST12000NM0007,12000138625024,0,84.0,224009488.0,98.0,0.0,100.0,2.0,100.0,0.0,88.0,619146140.0,93.0,6205.0,100.0,0.0,100.0,1.0,,,,,100.0,0.0,100.0,0.0,,,65.0,35.0,,,100.0,84.0,100.0,536.0,35.0,35.0,100.0,0.0,100.0,0.0,200.0,0.0,100.0,6078.0,100.0,33323376528.0,100.0,47222947630.0
2018-07-26,ZCH06HGN,ST12000NM0007,12000138625024,0,74,26122944,98,0,100,2,100,0,88,621692427,93,6230,100,0,100,1,,,,,100.0,0.0,100.0,0.0,,,65.0,35.0,,,100.0,84.0,100.0,537.0,35,35,100,0,100,0,200,0,100.0,6103.0,100.0,33430555104.0,100.0,47406164574.0
2018-07-27,ZCH06HGN,ST12000NM0007,12000138625024,0,81,128766704,98,0,100,2,100,0,88,625168572,93,6255,100,0,100,1,,,,,100.0,0.0,100.0,0.0,,,64.0,36.0,,,100.0,84.0,100.0,538.0,36,36,100,0,100,0,200,0,100.0,6127.0,100.0,33561460136.0,100.0,47622044094.0
2018-07-28,ZCH06HGN,ST12000NM0007,12000138625024,0,83,194109656,98,0,100,2,100,0,88,627946232,93,6279,100,0,100,1,,,,,100.0,0.0,100.0,0.0,,,65.0,35.0,,,100.0,84.0,100.0,539.0,35,35,100,0,100,0,200,0,100.0,6151.0,100.0,33660837424.0,100.0,47832150742.0
2018-07-29,ZCH06HGN,ST12000NM0007,12000138625024,0,83,214768472,98,0,100,2,100,0,88,630218358,93,6301,100,0,100,1,,,,,100.0,0.0,100.0,0.0,,,65.0,35.0,,,100.0,84.0,100.0,540.0,35,35,100,0,100,0,200,0,100.0,6174.0,100.0,33752322752.0,100.0,48005464886.0
2018-07-30,ZCH06HGN,ST12000NM0007,12000138625024,0,77,50357840,98,0,100,2,100,0,88,633332192,93,6326,100,0,100,1,,,,,100.0,0.0,100.0,0.0,,,65.0,35.0,,,100.0,85.0,100.0,541.0,35,35,100,0,100,0,200,0,100.0,6198.0,100.0,33871881360.0,100.0,48209777182.0
2018-07-31,ZCH06HGN,ST12000NM0007,12000138625024,0,80,90405680,98,0,100,2,100,0,88,635868781,93,6350,100,0,100,1,,,,,100.0,0.0,100.0,0.0,,,64.0,36.0,,,100.0,85.0,100.0,542.0,36,36,100,0,100,0,200,0,100.0,6223.0,100.0,33986559664.0,100.0,48379287510.0
2018-08-01,ZCH06HGN,ST12000NM0007,12000138625024,0,83,189333992,98,0,100,2,100,0,88,639342377,93,6373,100,0,100,1,,,,,100.0,0.0,100.0,0.0,,,66.0,34.0,,,100.0,86.0,100.0,543.0,34,34,100,0,100,0,200,0,100.0,6245.0,100.0,34103900744.0,100.0,48605015566.0
2018-08-02,ZCH06HGN,ST12000NM0007,12000138625024,0,83,209482376,98,0,100,2,100,0,88,641749434,93,6397,100,0,100,1,,,,,100.0,0.0,100.0,0.0,,,65.0,35.0,,,100.0,87.0,100.0,544.0,35,35,100,0,100,0,200,0,100.0,6269.0,100.0,34203532832.0,100.0,48769672614.0
2018-08-03,ZCH06HGN,ST12000NM0007,12000138625024,0,84,224658408,98,0,100,2,100,0,88,644646545,93,6421,100,0,100,1,,,,,100.0,0.0,100.0,0.0,,,65.0,35.0,,,100.0,87.0,100.0,545.0,35,35,100,0,100,0,200,0,100.0,6293.0,100.0,34319545360.0,100.0,48912976870.0
2018-08-04,ZCH06HGN,ST12000NM0007,12000138625024,0,78,57398592,98,0,100,2,100,0,88,647838926,93,6445,100,0,100,1,,,,,100.0,0.0,100.0,0.0,,,65.0,35.0,,,100.0,87.0,100.0,546.0,35,35,100,0,100,0,200,0,100.0,6317.0,100.0,34450623744.0,100.0,49102920422.0
2018-08-05,ZCH06HGN,ST12000NM0007,12000138625024,0,82,152882368,98,0,100,2,100,0,88,650685863,93,6470,100,0,100,1,,,,,100.0,0.0,100.0,0.0,,,65.0,35.0,,,100.0,87.0,100.0,547.0,35,35,100,0,100,0,200,0,100.0,6342.0,100.0,34572952696.0,100.0,49320215894.0
2018-08-06,ZCH06HGN,ST12000NM0007,12000138625024,0,83,221397168,98,0,100,2,100,0,88,653166457,93,6494,100,0,100,1,,,,,100.0,0.0,100.0,0.0,,,65.0,35.0,,,100.0,88.0,100.0,548.0,35,35,100,0,100,0,200,0,100.0,6365.0,100.0,34658784136.0,100.0,49547039894.0
2018-08-07,ZCH06HGN,ST12000NM0007,12000138625024,0,73,18447144,98,0,100,2,100,0,88,655567397,93,6518,100,0,100,1,,,,,100.0,0.0,100.0,0.0,,,65.0,35.0,,,100.0,88.0,100.0,549.0,35,35,100,0,100,0,200,0,100.0,6389.0,100.0,34743683232.0,100.0,49747472502.0
2018-08-08,ZCH06HGN,ST12000NM0007,12000138625024,0,82,172813392,98,0,100,2,100,0,88,659352988,93,6542,100,0,100,1,,,,,100.0,0.0,100.0,0.0,,,65.0,35.0,,,100.0,88.0,100.0,550.0,35,35,100,0,100,0,200,0,100.0,6413.0,100.0,34888726944.0,100.0,50000935750.0
2018-08-09,ZCH06HGN,ST12000NM0007,12000138625024,0,83,185092904,98,0,100,2,100,0,88,661376210,93,6561,100,0,100,1,,,,,100.0,0.0,100.0,0.0,,,66.0,34.0,,,100.0,88.0,100.0,551.0,34,34,100,0,100,0,200,0,100.0,6432.0,100.0,34978555800.0,100.0,50167527094.0
2018-08-10,ZCH06HGN,ST12000NM0007,12000138625024,0,72,15113736,98,0,100,2,100,0,88,664127446,93,6586,100,0,100,1,,,,,100.0,0.0,100.0,0.0,,,65.0,35.0,,,100.0,88.0,100.0,552.0,35,35,100,0,100,0,200,0,100.0,6457.0,100.0,35084710456.0,100.0,50379674750.0
2018-08-11,ZCH06HGN,ST12000NM0007,12000138625024,0,79,88295376,98,0,100,2,100,0,88,667638653,93,6610,100,0,100,1,,,,,100.0,0.0,100.0,0.0,,,65.0,35.0,,,100.0,89.0,100.0,553.0,35,35,100,0,100,0,200,0,100.0,6481.0,100.0,35207233176.0,100.0,50574474310.0
2018-08-12,ZCH06HGN,ST12000NM0007,12000138625024,0,80,94726856,98,0,100,2,100,0,88,670397195,93,6634,100,0,100,1,,,,,100.0,0.0,100.0,0.0,,,65.0,35.0,,,100.0,89.0,100.0,554.0,35,35,100,0,100,0,200,0,100.0,6505.0,100.0,35309251264.0,100.0,50723028382.0
2018-08-13,ZCH06HGN,ST12000NM0007,12000138625024,0,81,115169216,98,0,100,2,100,0,88,672871646,93,6658,100,0,100,1,,,,,100.0,0.0,100.0,0.0,,,65.0,35.0,,,100.0,90.0,100.0,555.0,35,35,100,0,100,0,200,0,100.0,6528.0,100.0,35420666552.0,100.0,50876196110.0
2018-08-14,ZCH06HGN,ST12000NM0007,12000138625024,0,79.0,78472008.0,98.0,0.0,100.0,2.0,100.0,0.0,88.0,674959981.0,93.0,6681.0,100.0,0.0,100.0,1.0,,,,,100.0,0.0,100.0,0.0,,,65.0,35.0,,,100.0,90.0,100.0,556.0,35.0,35.0,100.0,0.0,100.0,0.0,200.0,0.0,100.0,6551.0,100.0,35508729712.0,100.0,50995576390.0
2018-08-15,ZCH06HGN,ST12000NM0007,12000138625024,0,83.0,218274584.0,98.0,0.0,100.0,2.0,100.0,0.0,88.0,678641692.0,93.0,6706.0,100.0,0.0,100.0,1.0,,,,,100.0,0.0,100.0,0.0,,,65.0,35.0,,,100.0,90.0,100.0,558.0,35.0,35.0,100.0,0.0,100.0,0.0,200.0,0.0,100.0,6576.0,100.0,35630736248.0,100.0,51257513566.0
2018-08-16,ZCH06HGN,ST12000NM0007,12000138625024,0,78,63133112,98,0,100,2,100,0,88,681586259,93,6734,100,0,100,1,,,,,100.0,0.0,100.0,0.0,,,64.0,36.0,,,100.0,91.0,100.0,559.0,36,36,100,0,100,0,200,0,100.0,6604.0,100.0,35738236112.0,100.0,51483153630.0
2018-08-17,ZCH06HGN,ST12000NM0007,12000138625024,0,80,110298368,98,0,100,2,100,0,88,684606521,93,6757,100,0,100,1,,,,,100.0,0.0,100.0,0.0,,,64.0,36.0,,,100.0,92.0,100.0,560.0,36,36,100,0,100,0,200,0,100.0,6627.0,100.0,35837994528.0,100.0,51674701358.0
2018-08-18,ZCH06HGN,ST12000NM0007,12000138625024,0,82,155639768,98,0,100,2,100,0,88,687543517,93,6782,100,0,100,1,,,,,100.0,0.0,100.0,0.0,,,65.0,35.0,,,100.0,92.0,100.0,561.0,35,35,100,0,100,0,200,0,100.0,6652.0,100.0,35935829072.0,100.0,51866349038.0
2018-08-19,ZCH06HGN,ST12000NM0007,12000138625024,0,82,144212376,98,0,100,2,100,0,88,689629932,93,6805,100,0,100,1,,,,,100.0,0.0,100.0,0.0,,,65.0,35.0,,,100.0,93.0,100.0,562.0,35,35,100,0,100,0,200,0,100.0,6675.0,100.0,36008582144.0,100.0,52026309342.0
2018-08-20,ZCH06HGN,ST12000NM0007,12000138625024,0,82,170793000,98,0,100,2,100,0,88,691793114,93,6829,100,0,100,1,,,,,100.0,0.0,100.0,0.0,,,65.0,35.0,,,100.0,93.0,100.0,563.0,35,35,100,0,100,0,200,0,100.0,6699.0,100.0,36090434440.0,100.0,52215178446.0
2018-08-21,ZCH06HGN,ST12000NM0007,12000138625024,0,82,171187424,98,0,100,2,100,0,88,693871509,93,6853,100,0,100,1,,,,,100.0,0.0,100.0,0.0,,,65.0,35.0,,,100.0,94.0,100.0,564.0,35,35,100,0,100,0,200,0,100.0,6722.0,100.0,36167766616.0,100.0,52382381350.0
2018-08-22,ZCH06HGN,ST12000NM0007,12000138625024,0,77,53479464,98,0,100,2,100,0,88,697551362,93,6877,100,0,100,1,,,,,100.0,0.0,100.0,0.0,,,65.0,35.0,,,100.0,94.0,100.0,565.0,35,35,100,0,100,0,200,0,100.0,6747.0,100.0,36306364880.0,100.0,52614356630.0
2018-08-23,ZCH06HGN,ST12000NM0007,12000138625024,0,79,84405528,98,0,100,2,100,0,88,699821045,93,6901,100,0,100,1,,,,,100.0,0.0,100.0,0.0,,,65.0,35.0,,,100.0,94.0,100.0,566.0,35,35,100,0,100,0,200,0,100.0,6770.0,100.0,36397630504.0,100.0,52798157942.0
2018-08-24,ZCH06HGN,ST12000NM0007,12000138625024,0,80,109518416,98,0,100,2,100,0,88,703071862,93,6925,100,0,100,1,,,,,100.0,0.0,100.0,0.0,,,65.0,35.0,,,100.0,94.0,100.0,567.0,35,35,100,0,100,0,200,0,100.0,6794.0,100.0,36520847880.0,100.0,52944194374.0
2018-08-25,ZCH06HGN,ST12000NM0007,12000138625024,0,82,166987712,98,0,100,2,100,0,88,705726016,93,6949,100,0,100,1,,,,,100.0,0.0,100.0,0.0,,,66.0,34.0,,,100.0,94.0,100.0,568.0,34,34,100,0,100,0,200,0,100.0,6819.0,100.0,36618740496.0,100.0,53147911854.0
2018-08-26,ZCH06HGN,ST12000NM0007,12000138625024,0,82,164160280,98,0,100,2,100,0,89,708122037,93,6973,100,0,100,1,,,,,100.0,0.0,100.0,0.0,,,65.0,35.0,,,100.0,94.0,100.0,569.0,35,35,100,0,100,0,200,0,100.0,6843.0,100.0,36727323192.0,100.0,53280642646.0
2018-08-27,ZCH06HGN,ST12000NM0007,12000138625024,0,83,194769648,98,0,100,2,100,0,89,710570502,93,6997,100,0,100,1,,,,,100.0,0.0,100.0,0.0,,,65.0,35.0,,,100.0,94.0,100.0,570.0,35,35,100,0,100,0,200,0,100.0,6866.0,100.0,36830106152.0,100.0,53452609806.0
2018-08-28,ZCH06HGN,ST12000NM0007,12000138625024,0,73,22058288,98,0,100,2,100,0,89,713049635,92,7021,100,0,100,1,,,,,100.0,0.0,100.0,0.0,,,64.0,36.0,,,100.0,94.0,100.0,571.0,36,36,100,0,100,0,200,0,100.0,6890.0,100.0,36934296048.0,100.0,53663989958.0
2018-08-29,ZCH06HGN,ST12000NM0007,12000138625024,0,82,149355184,98,0,100,2,100,0,89,716706130,92,7045,100,0,100,1,,,,,100.0,0.0,100.0,0.0,,,65.0,35.0,,,100.0,95.0,100.0,572.0,35,35,100,0,100,0,200,0,100.0,6915.0,100.0,37042337584.0,100.0,53927386022.0
2018-08-30,ZCH06HGN,ST12000NM0007,12000138625024,0,80,100562024,98,0,100,2,100,0,89,718368108,92,7063,100,0,100,1,,,,,100.0,0.0,100.0,0.0,,,65.0,35.0,,,100.0,95.0,100.0,573.0,35,35,100,0,100,0,200,0,100.0,6932.0,100.0,37099268256.0,100.0,54065802822.0
2018-08-31,ZCH06HGN,ST12000NM0007,12000138625024,0,81,129909944,98,0,100,2,100,0,89,720939266,92,7087,100,0,100,1,,,,,100.0,0.0,100.0,0.0,,,65.0,35.0,,,100.0,96.0,100.0,574.0,35,35,100,0,100,0,200,0,100.0,6956.0,100.0,37183909520.0,100.0,54254650206.0
2018-09-01,ZCH06HGN,ST12000NM0007,12000138625024,0,83,214804992,98,0,100,2,100,0,89,724670456,92,7111,100,0,100,1,,,,,100.0,0.0,100.0,0.0,,,64.0,36.0,,,100.0,96.0,100.0,575.0,36,36,100,0,100,0,200,0,100.0,6980.0,100.0,37313723536.0,100.0,54453871870.0
2018-09-02,ZCH06HGN,ST12000NM0007,12000138625024,0,73,18043584,98,0,100,2,100,0,89,727102451,92,7135,100,0,100,1,,,,,100.0,0.0,100.0,0.0,,,65.0,35.0,,,100.0,96.0,100.0,576.0,35,35,100,0,100,0,200,0,100.0,7004.0,100.0,37405152008.0,100.0,54653963574.0
2018-09-03,ZCH06HGN,ST12000NM0007,12000138625024,0,73,18985968,98,0,100,2,100,0,89,729415667,92,7160,100,0,100,1,,,,,100.0,0.0,100.0,0.0,,,65.0,35.0,,,100.0,96.0,100.0,577.0,35,35,100,0,100,0,200,0,100.0,7029.0,100.0,37508098392.0,100.0,54796100206.0
2018-09-04,ZCH06HGN,ST12000NM0007,12000138625024,0,74,24952840,98,0,100,2,100,0,89,731643954,92,7183,100,0,100,1,,,,,100.0,0.0,100.0,0.0,,,65.0,35.0,,,100.0,97.0,100.0,578.0,35,35,100,0,100,0,200,0,100.0,7052.0,100.0,37586770376.0,100.0,54967536030.0
2018-09-05,ZCH06HGN,ST12000NM0007,12000138625024,0,82,158618632,98,0,100,2,100,0,89,735669818,92,7207,100,0,100,1,,,,,100.0,0.0,100.0,0.0,,,65.0,35.0,,,100.0,97.0,100.0,579.0,35,35,100,0,100,0,200,0,100.0,7076.0,100.0,37721330784.0,100.0,55210782374.0
2018-09-06,ZCH06HGN,ST12000NM0007,12000138625024,0,82,157999120,98,0,100,2,100,0,89,738435267,92,7237,100,0,100,1,,,,,100.0,0.0,100.0,0.0,,,66.0,34.0,,,100.0,98.0,100.0,580.0,34,34,100,0,100,0,200,0,100.0,7106.0,100.0,37840264080.0,100.0,55335370486.0
2018-09-07,ZCH06HGN,ST12000NM0007,12000138625024,0,83,179048000,98,0,100,2,100,0,89,741050672,92,7261,100,0,100,1,,,,,100.0,0.0,100.0,0.0,,,65.0,35.0,,,100.0,98.0,100.0,581.0,35,35,100,0,100,0,200,0,100.0,7129.0,100.0,37931163728.0,100.0,55509660414.0
2018-09-08,ZCH06HGN,ST12000NM0007,12000138625024,0,75,29755440,98,0,100,2,100,0,89,744481787,92,7285,100,0,100,1,,,,,100.0,0.0,100.0,0.0,,,65.0,35.0,,,100.0,98.0,100.0,582.0,35,35,100,0,100,0,200,0,100.0,7153.0,100.0,38066157600.0,100.0,55713655382.0
2018-09-09,ZCH06HGN,ST12000NM0007,12000138625024,0,78,70510464,98,0,100,2,100,0,89,747203888,92,7309,100,0,100,1,,,,,100.0,0.0,100.0,0.0,,,65.0,35.0,,,100.0,98.0,100.0,583.0,35,35,100,0,100,0,200,0,100.0,7178.0,100.0,38173471544.0,100.0,55891237574.0
2018-09-10,ZCH06HGN,ST12000NM0007,12000138625024,0,79,88722408,98,0,100,2,100,0,89,749660872,92,7333,100,0,100,1,,,,,100.0,0.0,100.0,0.0,,,65.0,35.0,,,100.0,98.0,100.0,584.0,35,35,100,0,100,0,200,0,100.0,7201.0,100.0,38259092792.0,100.0,56067969030.0
2018-09-11,ZCH06HGN,ST12000NM0007,12000138625024,0,82,167593864,98,0,100,2,100,0,89,752345777,92,7356,100,0,100,1,,,,,100.0,0.0,100.0,0.0,,,65.0,35.0,,,100.0,98.0,100.0,585.0,35,35,100,0,100,0,200,0,100.0,7224.0,100.0,38354353336.0,100.0,56295720574.0
2018-09-12,ZCH06HGN,ST12000NM0007,12000138625024,0,78,59997712,98,0,100,2,100,0,89,756136436,92,7382,100,0,100,1,,,,,100.0,0.0,100.0,0.0,,,65.0,35.0,,,100.0,98.0,100.0,586.0,35,35,100,0,100,0,200,0,100.0,7249.0,100.0,38483787080.0,100.0,56546972166.0
2018-09-13,ZCH06HGN,ST12000NM0007,12000138625024,0,79,77168776,98,0,100,2,100,0,89,758194853,92,7401,100,0,100,1,,,,,100.0,0.0,100.0,0.0,,,65.0,35.0,,,100.0,98.0,100.0,587.0,35,35,100,0,100,0,200,0,100.0,7269.0,100.0,38563142376.0,100.0,56728928590.0
2018-09-14,ZCH06HGN,ST12000NM0007,12000138625024,0,80,111583000,98,0,100,2,100,0,89,760553589,92,7426,100,0,100,1,,,,,100.0,0.0,100.0,0.0,,,65.0,35.0,,,100.0,99.0,100.0,588.0,35,35,100,0,100,0,200,0,100.0,7293.0,100.0,38663659808.0,100.0,56906966286.0
2018-09-15,ZCH06HGN,ST12000NM0007,12000138625024,0,82,173532320,98,0,100,2,100,0,89,763764380,92,7450,100,0,100,1,,,,,100.0,0.0,100.0,0.0,,,65.0,35.0,,,100.0,100.0,100.0,589.0,35,35,100,0,100,0,200,0,100.0,7317.0,100.0,38785899200.0,100.0,57090816878.0
2018-09-16,ZCH06HGN,ST12000NM0007,12000138625024,0,83,218838096,98,0,100,2,100,0,89,766194307,92,7473,100,0,100,1,,,,,100.0,0.0,100.0,0.0,,,65.0,35.0,,,100.0,101.0,100.0,590.0,35,35,100,0,100,0,200,0,100.0,7341.0,100.0,38895274992.0,100.0,57270887678.0
2018-09-17,ZCH06HGN,ST12000NM0007,12000138625024,0,75,29664872,98,0,100,2,100,0,89,769282799,92,7497,100,0,100,1,,,,,100.0,0.0,100.0,0.0,,,64.0,36.0,,,100.0,101.0,100.0,591.0,36,36,100,0,100,0,200,0,100.0,7365.0,100.0,39014181392.0,100.0,57451089550.0
2018-09-18,ZCH06HGN,ST12000NM0007,12000138625024,0,79,71386272,98,0,100,2,100,0,89,771596066,92,7520,100,0,100,1,,,,,100.0,0.0,100.0,0.0,,,64.0,36.0,,,100.0,102.0,100.0,592.0,36,36,100,0,100,0,200,0,100.0,7387.0,100.0,39116280568.0,100.0,57634852406.0
2018-09-19,ZCH06HGN,ST12000NM0007,12000138625024,0,83,192190072,98,0,100,2,100,0,89,775174303,92,7545,100,0,100,1,,,,,100.0,0.0,100.0,0.0,,,64.0,36.0,,,100.0,103.0,100.0,593.0,36,36,100,0,100,0,200,0,100.0,7412.0,100.0,39242198784.0,100.0,57873878622.0
2018-09-20,ZCH06HGN,ST12000NM0007,12000138625024,0,83,189933856,98,0,100,2,100,0,89,777248094,92,7569,100,0,100,1,,,,,100.0,0.0,100.0,0.0,,,65.0,35.0,,,100.0,103.0,100.0,594.0,35,35,100,0,100,0,200,0,100.0,7436.0,100.0,39325874072.0,100.0,58032087766.0
2018-09-21,ZCH06HGN,ST12000NM0007,12000138625024,0,83,199854392,98,0,100,2,100,0,89,779263506,92,7593,100,0,100,1,,,,,100.0,0.0,100.0,0.0,,,65.0,35.0,,,100.0,104.0,100.0,595.0,35,35,100,0,100,0,200,0,100.0,7460.0,100.0,39401362816.0,100.0,58210660214.0
2018-09-22,ZCH06HGN,ST12000NM0007,12000138625024,0,83,202768752,98,0,100,2,100,0,89,782212330,92,7617,100,0,100,1,,,,,100.0,0.0,100.0,0.0,,,64.0,36.0,,,100.0,105.0,100.0,596.0,36,36,100,0,100,0,200,0,100.0,7484.0,100.0,39501108560.0,100.0,58357969566.0
2018-09-23,ZCH06HGN,ST12000NM0007,12000138625024,0,84,244003752,98,0,100,2,100,0,89,784613142,92,7641,100,0,100,1,,,,,100.0,0.0,100.0,0.0,,,65.0,35.0,,,100.0,105.0,100.0,597.0,35,35,100,0,100,0,200,0,100.0,7508.0,100.0,39598169424.0,100.0,58546284406.0
2018-09-24,ZCH06HGN,ST12000NM0007,12000138625024,0,83,221185312,98,0,100,2,100,0,89,786774816,92,7665,100,0,100,1,,,,,100.0,0.0,100.0,0.0,,,65.0,35.0,,,100.0,106.0,100.0,598.0,35,35,100,0,100,0,200,0,100.0,7531.0,100.0,39681269064.0,100.0,58684507246.0
2018-09-25,ZCH06HGN,ST12000NM0007,12000138625024,0,74,24399184,98,0,100,2,100,0,89,789228150,92,7688,100,0,100,1,,,,,100.0,0.0,100.0,0.0,,,63.0,37.0,,,100.0,106.0,100.0,599.0,37,37,100,0,100,0,200,0,100.0,7555.0,100.0,39777567304.0,100.0,58879704366.0
2018-09-26,ZCH06HGN,ST12000NM0007,12000138625024,0,82,171363424,98,0,100,2,100,0,89,792842230,92,7713,100,0,100,1,,,,,100.0,0.0,100.0,0.0,,,63.0,37.0,,,100.0,106.0,100.0,600.0,37,37,100,0,100,0,200,0,100.0,7579.0,100.0,39909870576.0,100.0,59138506078.0
2018-09-27,ZCH06HGN,ST12000NM0007,12000138625024,0,83,215706432,98,0,100,2,100,0,89,795283371,92,7737,100,0,100,1,,,,,100.0,0.0,100.0,0.0,,,63.0,37.0,,,100.0,106.0,100.0,601.0,37,37,100,0,100,0,200,0,100.0,7604.0,100.0,40005103368.0,100.0,59331757302.0
2018-09-28,ZCH06HGN,ST12000NM0007,12000138625024,0,70,9117776,98,0,100,2,100,0,89,797776047,92,7760,100,0,100,1,,,,,100.0,0.0,100.0,0.0,,,63.0,37.0,,,100.0,106.0,100.0,602.0,37,37,100,0,100,0,200,0,100.0,7626.0,100.0,40097656192.0,100.0,59520897718.0
2018-09-29,ZCH06HGN,ST12000NM0007,12000138625024,0,80,100182560,98,0,100,2,100,0,89,801000852,92,7785,100,0,100,1,,,,,100.0,0.0,100.0,0.0,,,64.0,36.0,,,100.0,106.0,100.0,603.0,36,36,100,0,100,0,200,0,100.0,7651.0,100.0,40197158096.0,100.0,59756601262.0
2018-09-30,ZCH06HGN,ST12000NM0007,12000138625024,0,80,97099552,98,0,100,2,100,0,89,803300085,92,7809,100,0,100,1,,,,,100.0,0.0,100.0,0.0,,,64.0,36.0,,,100.0,107.0,100.0,604.0,36,36,100,0,100,0,200,0,100.0,7675.0,100.0,40296849552.0,100.0,59897967542.0
2018-10-01,ZCH06HGN,ST12000NM0007,12000138625024,0,82,166992032,98,0,100,2,100,0,89,805921212,92,7833,100,0,100,1,,,,,100.0,0.0,100.0,0.0,,,64.0,36.0,,,100.0,107.0,100.0,605.0,36,36,100,0,100,0,200,0,100.0,7699.0,100.0,40397419056.0,100.0,60111431246.0
2018-10-02,ZCH06HGN,ST12000NM0007,12000138625024,0,84,239066208,98,0,100,2,100,0,89,808549963,92,7856,100,0,100,1,,,,,100.0,0.0,100.0,0.0,,,65.0,35.0,,,100.0,108.0,100.0,606.0,35,35,100,0,100,0,200,0,100.0,7722.0,100.0,40513251424.0,100.0,60311813750.0
2018-10-03,ZCH06HGN,ST12000NM0007,12000138625024,0,81,114645160,98,0,100,2,100,0,89,812203575,92,7880,100,0,100,1,,,,,100.0,0.0,100.0,0.0,,,65.0,35.0,,,100.0,108.0,100.0,607.0,35,35,100,0,100,0,200,0,100.0,7746.0,100.0,40667392056.0,100.0,60521533390.0
2018-10-04,ZCH06HGN,ST12000NM0007,12000138625024,0,82.0,157094192.0,98.0,0.0,100.0,2.0,100.0,0.0,89.0,814811049.0,91.0,7905.0,100.0,0.0,100.0,1.0,,,,,100.0,0.0,100.0,0.0,,,65.0,35.0,,,100.0,108.0,100.0,608.0,35.0,35.0,100.0,0.0,100.0,0.0,200.0,0.0,100.0,7770.0,100.0,40760246448.0,100.0,60715269094.0
2018-10-05,ZCH06HGN,ST12000NM0007,12000138625024,0,83,204046712,98,0,100,2,100,0,89,817187289,91,7929,100,0,100,1,,,,,100.0,0.0,100.0,0.0,,,65.0,35.0,,,100.0,109.0,100.0,609.0,35,35,100,0,100,0,200,0,100.0,7794.0,100.0,40856915000.0,100.0,60909693894.0
2018-10-06,ZCH06HGN,ST12000NM0007,12000138625024,0,75,30522192,98,0,100,2,100,0,89,820334689,91,7957,100,0,100,1,,,,,100.0,0.0,100.0,0.0,,,66.0,34.0,,,100.0,109.0,100.0,615.0,34,34,100,0,100,0,200,0,100.0,7821.0,100.0,40970984904.0,100.0,61110380816.0
2018-10-07,ZCH06HGN,ST12000NM0007,12000138625024,0,76,42881576,98,0,100,2,100,0,89,822650120,91,7981,100,0,100,1,,,,,100.0,0.0,100.0,0.0,,,66.0,34.0,,,100.0,109.0,100.0,616.0,34,34,100,0,100,0,200,0,100.0,7845.0,100.0,41065393632.0,100.0,61272472304.0
2018-10-08,ZCH06HGN,ST12000NM0007,12000138625024,0,76,42539240,98,0,100,2,100,0,89,824738222,91,8006,100,0,100,1,,,,,100.0,0.0,100.0,0.0,,,66.0,34.0,,,100.0,109.0,100.0,617.0,34,34,100,0,100,0,200,0,100.0,7870.0,100.0,41135683320.0,100.0,61445981232.0
2018-10-09,ZCH06HGN,ST12000NM0007,12000138625024,0,78.0,70624896.0,98.0,0.0,100.0,2.0,100.0,0.0,89.0,826938391.0,91.0,8029.0,100.0,0.0,100.0,1.0,,,,,100.0,0.0,100.0,0.0,,,66.0,34.0,,,100.0,109.0,100.0,618.0,34.0,34.0,100.0,0.0,100.0,0.0,200.0,0.0,100.0,7893.0,100.0,41228415584.0,100.0,61625475520.0
2018-10-10,ZCH06HGN,ST12000NM0007,12000138625024,0,83,189887264,98,0,100,2,100,0,89,830416432,91,8053,100,0,100,1,,,,,100.0,0.0,100.0,0.0,,,66.0,34.0,,,100.0,109.0,100.0,619.0,34,34,100,0,100,0,200,0,100.0,7916.0,100.0,41356143376.0,100.0,61861150728.0
2018-10-11,ZCH06HGN,ST12000NM0007,12000138625024,0,67,5222800,98,0,100,2,100,0,89,832777767,91,8078,100,0,100,1,,,,,100.0,0.0,100.0,0.0,,,66.0,34.0,,,100.0,110.0,100.0,620.0,34,34,100,0,100,0,200,0,100.0,7941.0,100.0,41465507304.0,100.0,62055404096.0
2018-10-12,ZCH06HGN,ST12000NM0007,12000138625024,0,80,96063208,98,0,100,2,100,0,89,836228537,91,8102,100,0,100,1,,,,,100.0,0.0,100.0,0.0,,,65.0,35.0,,,100.0,110.0,100.0,621.0,35,35,100,0,100,0,200,0,100.0,7965.0,100.0,41595349520.0,100.0,62260543072.0
2018-10-13,ZCH06HGN,ST12000NM0007,12000138625024,0,83,183943640,98,0,100,2,100,0,89,839116120,91,8125,100,0,100,1,,,,,100.0,0.0,100.0,0.0,,,65.0,35.0,,,100.0,111.0,100.0,622.0,35,35,100,0,100,0,200,0,100.0,7988.0,100.0,41712816776.0,100.0,62475096976.0
2018-10-14,ZCH06HGN,ST12000NM0007,12000138625024,0,83,181857000,98,0,100,2,100,0,89,841391879,91,8149,100,0,100,1,,,,,100.0,0.0,100.0,0.0,,,65.0,35.0,,,100.0,111.0,100.0,623.0,35,35,100,0,100,0,200,0,100.0,8012.0,100.0,41812965648.0,100.0,62617002152.0
2018-10-15,ZCH06HGN,ST12000NM0007,12000138625024,0,83,201608744,98,0,100,2,100,0,89,843817424,91,8173,100,0,100,1,,,,,100.0,0.0,100.0,0.0,,,65.0,35.0,,,100.0,112.0,100.0,624.0,35,35,100,0,100,0,200,0,100.0,8036.0,100.0,41902665928.0,100.0,62791194368.0
2018-10-16,ZCH06HGN,ST12000NM0007,12000138625024,0,84,238632216,98,0,100,2,100,0,89,846144092,91,8197,100,0,100,1,,,,,100.0,0.0,100.0,0.0,,,65.0,35.0,,,100.0,113.0,100.0,625.0,35,35,100,0,100,0,200,0,100.0,8059.0,100.0,42025157080.0,100.0,62949867632.0
2018-10-17,ZCH06HGN,ST12000NM0007,12000138625024,0,82,151565656,98,0,100,2,100,0,89,849703105,91,8221,100,0,100,1,,,,,100.0,0.0,100.0,0.0,,,65.0,35.0,,,100.0,113.0,100.0,626.0,35,35,100,0,100,0,200,0,100.0,8084.0,100.0,42146771312.0,100.0,63229468328.0
2018-10-18,ZCH06HGN,ST12000NM0007,12000138625024,0,82,166267760,98,0,100,2,100,0,89,851938846,91,8245,100,0,100,1,,,,,100.0,0.0,100.0,0.0,,,65.0,35.0,,,100.0,113.0,100.0,627.0,35,35,100,0,100,0,200,0,100.0,8107.0,100.0,42238884624.0,100.0,63396197792.0
2018-10-19,ZCH06HGN,ST12000NM0007,12000138625024,0,80,103963656,98,0,100,2,100,0,89,853479216,91,8264,100,0,100,1,,,,,100.0,0.0,100.0,0.0,,,67.0,33.0,,,100.0,114.0,100.0,628.0,33,33,100,0,100,0,200,0,100.0,8125.0,100.0,42302281496.0,100.0,63514637720.0
2018-10-20,ZCH06HGN,ST12000NM0007,12000138625024,0,82,151256440,98,0,100,2,100,0,89,856601308,91,8287,100,0,100,1,,,,,100.0,0.0,100.0,0.0,,,67.0,33.0,,,100.0,114.0,100.0,629.0,33,33,100,0,100,0,200,0,100.0,8149.0,100.0,42403346600.0,100.0,63705006048.0
2018-10-21,ZCH06HGN,ST12000NM0007,12000138625024,0,83,185269760,98,0,100,2,100,0,89,858891274,91,8312,100,0,100,1,,,,,100.0,0.0,100.0,0.0,,,66.0,34.0,,,100.0,114.0,100.0,630.0,34,34,100,0,100,0,200,0,100.0,8173.0,100.0,42491042400.0,100.0,63895464472.0
2018-10-22,ZCH06HGN,ST12000NM0007,12000138625024,0,82,151942896,98,0,100,2,100,0,89,860812907,91,8335,100,0,100,1,,,,,100.0,0.0,100.0,0.0,,,67.0,33.0,,,100.0,114.0,100.0,631.0,33,33,100,0,100,0,200,0,100.0,8196.0,100.0,42564317168.0,100.0,64033003768.0
2018-10-23,ZCH06HGN,ST12000NM0007,12000138625024,0,82,177070656,98,0,100,2,100,0,89,863395232,91,8359,100,0,100,1,,,,,100.0,0.0,100.0,0.0,,,67.0,33.0,,,100.0,114.0,100.0,632.0,33,33,100,0,100,0,200,0,100.0,8221.0,100.0,42660044000.0,100.0,64206545368.0
2018-10-24,ZCH06HGN,ST12000NM0007,12000138625024,0,78,62540792,98,0,100,2,100,0,89,866789271,91,8384,100,0,100,1,,,,,100.0,0.0,100.0,0.0,,,67.0,33.0,,,100,115,100.0,633.0,33,33,100,0,100,0,200,0,100.0,8245.0,100.0,42787121400.0,100.0,64453220024.0
2018-10-25,ZCH06HGN,ST12000NM0007,12000138625024,0,80,108229384,98,0,100,2,100,0,89,869210271,91,8410,100,0,100,1,,,,,100.0,0.0,100.0,0.0,,,67.0,33.0,,,100.0,116.0,100.0,634.0,33,33,100,0,100,0,200,0,100.0,8272.0,100.0,42885948864.0,100.0,64644222632.0
2018-10-26,ZCH06HGN,ST12000NM0007,12000138625024,0,81,113345168,98,0,100,2,100,0,89,871479227,91,8434,100,0,100,1,,,,,100.0,0.0,100.0,0.0,,,66.0,34.0,,,100.0,116.0,100.0,635.0,34,34,100,0,100,0,200,0,100.0,8295.0,100.0,42974445544.0,100.0,64804982408.0
2018-10-27,ZCH06HGN,ST12000NM0007,12000138625024,0,82,158287808,98,0,100,2,100,0,89,874471493,91,8458,100,0,100,1,,,,,100.0,0.0,100.0,0.0,,,67.0,33.0,,,100.0,116.0,100.0,636.0,33,33,100,0,100,0,200,0,100.0,8319.0,100.0,43080964352.0,100.0,64987547000.0
2018-10-28,ZCH06HGN,ST12000NM0007,12000138625024,0,82,174386328,98,0,100,2,100,0,89,876949873,91,8483,100,0,100,1,,,,,100.0,0.0,100.0,0.0,,,67.0,33.0,,,100.0,116.0,100.0,637.0,33,33,100,0,100,0,200,0,100.0,8343.0,100.0,43179718232.0,100.0,65149032472.0
2018-10-29,ZCH06HGN,ST12000NM0007,12000138625024,0,84,240199064,98,0,100,2,100,0,89,879649525,91,8506,100,0,100,1,,,,,100.0,0.0,100.0,0.0,,,67.0,33.0,,,100.0,117.0,100.0,638.0,33,33,100,0,100,0,200,0,100.0,8366.0,100.0,43287166704.0,100.0,65351537496.0
2018-10-30,ZCH06HGN,ST12000NM0007,12000138625024,0,79,75388592,98,0,100,2,100,0,89,882672880,91,8531,100,0,100,1,,,,,100.0,0.0,100.0,0.0,,,66.0,34.0,,,100.0,118.0,100.0,639.0,34,34,100,0,100,0,200,0,100.0,8391.0,100.0,43403330712.0,100.0,65558844344.0
2018-10-31,ZCH06HGN,ST12000NM0007,12000138625024,0,82,159080752,98.0,0.0,100.0,2.0,100.0,0.0,89.0,886010775.0,91,8554,100.0,0.0,100,1,,,,,100.0,0.0,100.0,0.0,,,67.0,33.0,,,100.0,118.0,100.0,640.0,33,33,100.0,0.0,100.0,0.0,200.0,0.0,100.0,8414.0,100.0,43529783984.0,100.0,65760224008.0
2018-11-01,ZCH06HGN,ST12000NM0007,12000138625024,0,82,165960600,98.0,0.0,100.0,2.0,100.0,0.0,89.0,888004680.0,91,8575,100.0,0.0,100,1,,,,,100.0,0.0,100.0,0.0,,,67.0,33.0,,,100.0,119.0,100.0,641.0,33,33,100.0,0.0,100.0,0.0,200.0,0.0,100.0,8435.0,100.0,43624557552.0,100.0,65916470936.0
2018-11-02,ZCH06HGN,ST12000NM0007,12000138625024,0,83,186707472,98.0,0.0,100.0,2.0,100.0,0.0,89.0,890060968.0,91,8600,100.0,0.0,100,1,,,,,100.0,0.0,100.0,0.0,,,67.0,33.0,,,100.0,119.0,100.0,642.0,33,33,100.0,0.0,100.0,0.0,200.0,0.0,100.0,8459.0,100.0,43717838432.0,100.0,66088077816.0
2018-11-03,ZCH06HGN,ST12000NM0007,12000138625024,0,76,40871960,98.0,0.0,100.0,2.0,100.0,0.0,90.0,893177540.0,91,8623,100.0,0.0,100,1,,,,,100.0,0.0,100.0,0.0,,,67.0,33.0,,,100.0,120.0,100.0,643.0,33,33,100.0,0.0,100.0,0.0,200.0,0.0,100.0,8483.0,100.0,43841750080.0,100.0,66306611976.0
2018-11-04,ZCH06HGN,ST12000NM0007,12000138625024,0,74,25379688,98.0,0.0,100.0,2.0,100.0,0.0,90.0,895304302.0,91,8648,100.0,0.0,100,1,,,,,100.0,0.0,100.0,0.0,,,67.0,33.0,,,100.0,120.0,100.0,644.0,33,33,100.0,0.0,100.0,0.0,200.0,0.0,100.0,8508.0,100.0,43927278296.0,100.0,66449732256.0
2018-11-05,ZCH06HGN,ST12000NM0007,12000138625024,0,68,5932040,98.0,0.0,100.0,2.0,100.0,0.0,90.0,897340759.0,91,8672,100.0,0.0,100,1,,,,,100.0,0.0,100.0,0.0,,,66.0,34.0,,,100.0,120.0,100.0,645.0,34,34,100.0,0.0,100.0,0.0,200.0,0.0,100.0,8531.0,100.0,44012223216.0,100.0,66589480432.0
2018-11-06,ZCH06HGN,ST12000NM0007,12000138625024,0,74.0,24725696.0,98.0,0.0,100.0,2.0,100.0,0.0,90.0,899836651.0,91.0,8695.0,100.0,0.0,100.0,1.0,,,,,100.0,0.0,100.0,0.0,,,67.0,33.0,,,100.0,120.0,100.0,646.0,33.0,33.0,100.0,0.0,100.0,0.0,200.0,0.0,100.0,8555.0,100.0,44099721152.0,100.0,66764916848.0
2018-11-07,ZCH06HGN,ST12000NM0007,12000138625024,0,81.0,131203360.0,98.0,0.0,100.0,2.0,100.0,0.0,90.0,903221552.0,91.0,8720.0,100.0,0.0,100.0,1.0,,,,,100.0,0.0,100.0,0.0,,,67.0,33.0,,,100.0,121.0,100.0,647.0,33.0,33.0,100.0,0.0,100.0,0.0,200.0,0.0,100.0,8579.0,100.0,44233126600.0,100.0,66982130680.0
2018-11-08,ZCH06HGN,ST12000NM0007,12000138625024,0,76.0,37985200.0,98.0,0.0,100.0,2.0,100.0,0.0,90.0,906210687.0,91.0,8749.0,100.0,0.0,100.0,1.0,,,,,100.0,0.0,100.0,0.0,,,67.0,33.0,,,100.0,122.0,100.0,649.0,33.0,33.0,100.0,0.0,100.0,0.0,200.0,0.0,100.0,8608.0,100.0,44382586968.0,100.0,67227733632.0
2018-11-09,ZCH06HGN,ST12000NM0007,12000138625024,0,79,72707304,98.0,0.0,100.0,2.0,100.0,0.0,90.0,909093218.0,90,8773,100.0,0.0,100,1,,,,,100.0,0.0,100.0,0.0,,,67.0,33.0,,,100.0,122.0,100.0,650.0,33,33,100.0,0.0,100.0,0.0,200.0,0.0,100.0,8632.0,100.0,44475387640.0,100.0,67413795696.0
2018-11-10,ZCH06HGN,ST12000NM0007,12000138625024,0,81,112486736,98.0,0.0,100.0,2.0,100.0,0.0,90.0,911406045.0,90,8797,100.0,0.0,100,1,,,,,100.0,0.0,100.0,0.0,,,67.0,33.0,,,100.0,122.0,100.0,651.0,33,33,100.0,0.0,100.0,0.0,200.0,0.0,100.0,8656.0,100.0,44562714464.0,100.0,67610388936.0
2018-11-11,ZCH06HGN,ST12000NM0007,12000138625024,0,82,154643304,98.0,0.0,100.0,2.0,100.0,0.0,90.0,913827081.0,90,8821,100.0,0.0,100,1,,,,,100.0,0.0,100.0,0.0,,,67.0,33.0,,,100.0,122.0,100.0,652.0,33,33,100.0,0.0,100.0,0.0,200.0,0.0,100.0,8680.0,100.0,44657130624.0,100.0,67802270136.0
2018-11-12,ZCH06HGN,ST12000NM0007,12000138625024,0,83,200812464,98.0,0.0,100.0,2.0,100.0,0.0,90.0,916321894.0,90,8846,100.0,0.0,100,1,,,,,100.0,0.0,100.0,0.0,,,67.0,33.0,,,100.0,122.0,100.0,653.0,33,33,100.0,0.0,100.0,0.0,200.0,0.0,100.0,8704.0,100.0,44749529808.0,100.0,68000180824.0
2018-11-13,ZCH06HGN,ST12000NM0007,12000138625024,0,78,60735792,98.0,0.0,100.0,2.0,100.0,0.0,90.0,919508860.0,90,8869,100.0,0.0,100,1,,,,,100.0,0.0,100.0,0.0,,,67.0,33.0,,,100.0,122.0,100.0,654.0,33,33,100.0,0.0,100.0,0.0,200.0,0.0,100.0,8728.0,100.0,44864630920.0,100.0,68233285040.0
2018-11-14,ZCH06HGN,ST12000NM0007,12000138625024,0,82,142435376,98.0,0.0,100.0,2.0,100.0,0.0,90.0,922710503.0,90,8893,100.0,0.0,100,1,,,,,100.0,0.0,100.0,0.0,,,67.0,33.0,,,100.0,122.0,100.0,655.0,33,33,100.0,0.0,100.0,0.0,200.0,0.0,100.0,8752.0,100.0,44978050664.0,100.0,68445705512.0
2018-11-15,ZCH06HGN,ST12000NM0007,12000138625024,0,83,196374544,98.0,0.0,100.0,2.0,100.0,0.0,90.0,925143908.0,90,8917,100.0,0.0,100,1,,,,,100.0,0.0,100.0,0.0,,,67.0,33.0,,,100.0,122.0,100.0,656.0,33,33,100.0,0.0,100.0,0.0,200.0,0.0,100.0,8775.0,100.0,45073266840.0,100.0,68648569336.0
2018-11-16,ZCH06HGN,ST12000NM0007,12000138625024,0,68,6853320,98.0,0.0,100.0,2.0,100.0,0.0,90.0,928036743.0,90,8941,100.0,0.0,100,1,,,,,100.0,0.0,100.0,0.0,,,66.0,34.0,,,100.0,123.0,100.0,657.0,34,34,100.0,0.0,100.0,0.0,200.0,0.0,100.0,8799.0,100.0,45185954704.0,100.0,68834641736.0
2018-11-17,ZCH06HGN,ST12000NM0007,12000138625024,0,80.0,93722872.0,98.0,0.0,100.0,2.0,100.0,0.0,90.0,930741602.0,90.0,8966.0,100.0,0.0,100.0,1.0,,,,,100.0,0.0,100.0,0.0,,,67.0,33.0,,,100.0,124.0,100.0,658.0,33.0,33.0,100.0,0.0,100.0,0.0,200.0,0.0,100.0,8824.0,100.0,45288122800.0,100.0,69063484024.0
2018-11-18,ZCH06HGN,ST12000NM0007,12000138625024,0,81,133847152,98.0,0.0,100.0,2.0,100.0,0.0,90.0,933054866.0,90,8989,100.0,0.0,100,1,,,,,100.0,0.0,100.0,0.0,,,67.0,33.0,,,100.0,125.0,100.0,659.0,33,33,100.0,0.0,100.0,0.0,200.0,0.0,100.0,8847.0,100.0,45389858944.0,100.0,69246012880.0
2018-11-19,ZCH06HGN,ST12000NM0007,12000138625024,0,83,180690336,98.0,0.0,100.0,2.0,100.0,0.0,90.0,935456082.0,90,9013,100.0,0.0,100,1,,,,,100.0,0.0,100.0,0.0,,,67.0,33.0,,,100.0,125.0,100.0,660.0,33,33,100.0,0.0,100.0,0.0,200.0,0.0,100.0,8871.0,100.0,45497798600.0,100.0,69429057104.0
2018-11-20,ZCH06HGN,ST12000NM0007,12000138625024,0,84,233056472,98.0,0.0,100.0,2.0,100.0,0.0,90.0,938144820.0,90,9037,100.0,0.0,100,1,,,,,100.0,0.0,100.0,0.0,,,66.0,34.0,,,100.0,126.0,100.0,661.0,34,34,100.0,0.0,100.0,0.0,200.0,0.0,100.0,8895.0,100.0,45604800024.0,100.0,69618562608.0
2018-11-21,ZCH06HGN,ST12000NM0007,12000138625024,0,80,90843536,98.0,0.0,100.0,2.0,100.0,0.0,90.0,941395326.0,90,9061,100.0,0.0,100,1,,,,,100.0,0.0,100.0,0.0,,,67.0,33.0,,,100.0,126.0,100.0,661.0,33,33,100.0,0.0,100.0,0.0,200.0,0.0,100.0,8919.0,100.0,45709566768.0,100.0,69859864496.0
2018-11-22,ZCH06HGN,ST12000NM0007,12000138625024,0,80,100409720,98.0,0.0,100.0,2.0,100.0,0.0,90.0,943351587.0,90,9085,100.0,0.0,100,1,,,,,100.0,0.0,100.0,0.0,,,67.0,33.0,,,100.0,127.0,100.0,662.0,33,33,100.0,0.0,100.0,0.0,200.0,0.0,100.0,8943.0,100.0,45786516552.0,100.0,70036621624.0
2018-11-23,ZCH06HGN,ST12000NM0007,12000138625024,0,83,186268816,98.0,0.0,100.0,2.0,100.0,0.0,90.0,946402470.0,90,9110,100.0,0.0,100,1,,,,,100.0,0.0,100.0,0.0,,,66.0,34.0,,,100.0,128.0,100.0,663.0,34,34,100.0,0.0,100.0,0.0,200.0,0.0,100.0,8968.0,100.0,45933121616.0,100.0,70220016336.0
2018-11-24,ZCH06HGN,ST12000NM0007,12000138625024,0,71,11988328,98.0,0.0,100.0,2.0,100.0,0.0,90.0,948832253.0,90,9134,100.0,0.0,100,1,,,,,100.0,0.0,100.0,0.0,,,67.0,33.0,,,100.0,128.0,100.0,664.0,33,33,100.0,0.0,100.0,0.0,200.0,0.0,100.0,8991.0,100.0,46036465680.0,100.0,70430678112.0
2018-11-25,ZCH06HGN,ST12000NM0007,12000138625024,0,84,230874120,98.0,0.0,100.0,2.0,100.0,0.0,90.0,950764853.0,90,9157,100.0,0.0,100,1,,,,,100.0,0.0,100.0,0.0,,,67.0,33.0,,,100.0,129.0,100.0,665.0,33,33,100.0,0.0,100.0,0.0,200.0,0.0,100.0,9015.0,100.0,46122528488.0,100.0,70563501096.0
2018-11-26,ZCH06HGN,ST12000NM0007,12000138625024,0,68,6512632,98.0,0.0,100.0,2.0,100.0,0.0,90.0,952901526.0,90,9181,100.0,0.0,100,1,,,,,100.0,0.0,100.0,0.0,,,67.0,33.0,,,100.0,129.0,100.0,666.0,33,33,100.0,0.0,100.0,0.0,200.0,0.0,100.0,9039.0,100.0,46206398088.0,100.0,70743551448.0
2018-11-27,ZCH06HGN,ST12000NM0007,12000138625024,0,75,34434272,98.0,0.0,100.0,2.0,100.0,0.0,90.0,955312992.0,90,9205,100.0,0.0,100,1,,,,,100.0,0.0,100.0,0.0,,,67.0,33.0,,,100.0,130.0,100.0,667.0,33,33,100.0,0.0,100.0,0.0,200.0,0.0,100.0,9063.0,100.0,46297392784.0,100.0,70924619064.0
2018-11-28,ZCH06HGN,ST12000NM0007,12000138625024,0,82,154446184,98.0,0.0,100.0,2.0,100.0,0.0,90.0,958556237.0,90,9229,100.0,0.0,100,1,,,,,100.0,0.0,100.0,0.0,,,66.0,34.0,,,100.0,131.0,100.0,668.0,34,34,100.0,0.0,100.0,0.0,200.0,0.0,100.0,9087.0,100.0,46412381944.0,100.0,71173782448.0
2018-11-29,ZCH06HGN,ST12000NM0007,12000138625024,0,83,182691808,98.0,0.0,100.0,2.0,100.0,0.0,90.0,960727519.0,90,9254,100.0,0.0,100,1,,,,,100.0,0.0,100.0,0.0,,,67.0,33.0,,,100.0,131.0,100.0,670.0,33,33,100.0,0.0,100.0,0.0,200.0,0.0,100.0,9111.0,100.0,46498785008.0,100.0,71359765784.0
2018-11-30,ZCH06HGN,ST12000NM0007,12000138625024,0,66,3784288,98.0,0.0,100.0,2.0,100.0,0.0,90.0,963648375.0,90,9278,100.0,0.0,100,1,,,,,100.0,0.0,100.0,0.0,,,66.0,34.0,,,100.0,131.0,100.0,670.0,34,34,100.0,0.0,100.0,0.0,200.0,0.0,100.0,9135.0,100.0,46600711176.0,100.0,71567213720.0
2018-12-01,ZCH06HGN,ST12000NM0007,12000138625024,0,76,41959464,98.0,0.0,100.0,2.0,100.0,0.0,90.0,965840321.0,90,9301,100.0,0.0,100,1,,,,,100.0,0.0,100.0,0.0,,,67.0,33.0,,,100.0,131.0,100.0,671.0,33,33,100.0,0.0,100.0,0.0,200.0,0.0,100.0,9158.0,100.0,46678869160.0,100.0,71771371592.0
2018-12-02,ZCH06HGN,ST12000NM0007,12000138625024,0,80,90843744,98.0,0.0,100.0,2.0,100.0,0.0,90.0,968225225.0,90,9325,100.0,0.0,100,1,,,,,100.0,0.0,100.0,0.0,,,67.0,33.0,,,100.0,131.0,100.0,672.0,33,33,100.0,0.0,100.0,0.0,200.0,0.0,100.0,9182.0,100.0,46785295624.0,100.0,71957970384.0
2018-12-03,ZCH06HGN,ST12000NM0007,12000138625024,0,80,105469064,98.0,0.0,100.0,2.0,100.0,0.0,90.0,970502019.0,90,9348,100.0,0.0,100,1,,,,,100.0,0.0,100.0,0.0,,,67.0,33.0,,,100.0,132.0,100.0,673.0,33,33,100.0,0.0,100.0,0.0,200.0,0.0,100.0,9205.0,100.0,46884368832.0,100.0,72117663144.0
2018-12-04,ZCH06HGN,ST12000NM0007,12000138625024,0,83,194695824,98.0,0.0,100.0,2.0,100.0,0.0,90.0,973216420.0,90,9374,100.0,0.0,100,1,,,,,100.0,0.0,100.0,0.0,,,67.0,33.0,,,100.0,133.0,100.0,675.0,33,33,100.0,0.0,100.0,0.0,200.0,0.0,100.0,9230.0,100.0,47005617088.0,100.0,72329782944.0
2018-12-05,ZCH06HGN,ST12000NM0007,12000138625024,0,76.0,44380168.0,98.0,0.0,100.0,2.0,100.0,0.0,90.0,976460691.0,90.0,9396.0,100.0,0.0,100.0,1.0,,,,,100.0,0.0,100.0,0.0,,,67.0,33.0,,,100.0,133.0,100.0,675.0,33.0,33.0,100.0,0.0,100.0,0.0,200.0,0.0,100.0,9252.0,100.0,47121881304.0,100.0,72551484456.0
2018-12-06,ZCH06HGN,ST12000NM0007,12000138625024,0,82,146084240,98.0,0.0,100.0,2.0,100.0,0.0,90.0,979354296.0,90,9422,100.0,0.0,100,1,,,,,100.0,0.0,100.0,0.0,,,67.0,33.0,,,100.0,135.0,100.0,677.0,33,33,100.0,0.0,100.0,0.0,200.0,0.0,100.0,9278.0,100.0,47219730168.0,100.0,72799480480.0
2018-12-07,ZCH06HGN,ST12000NM0007,12000138625024,0,84,237575856,98.0,0.0,100.0,2.0,100.0,0.0,90.0,982567443.0,90,9446,100.0,0.0,100,1,,,,,100.0,0.0,100.0,0.0,,,66.0,34.0,,,100.0,135.0,100.0,677.0,34,34,100.0,0.0,100.0,0.0,200.0,0.0,100.0,9302.0,100.0,47347964048.0,100.0,73006878928.0
2018-12-08,ZCH06HGN,ST12000NM0007,12000138625024,0,73,21175528,98.0,0.0,100.0,2.0,100.0,0.0,90.0,985103097.0,90,9470,100.0,0.0,100,1,,,,,100.0,0.0,100.0,0.0,,,67.0,33.0,,,100.0,135.0,100.0,678.0,33,33,100.0,0.0,100.0,0.0,200.0,0.0,100.0,9325.0,100.0,47445454720.0,100.0,73181269608.0
2018-12-09,ZCH06HGN,ST12000NM0007,12000138625024,0,79,71635792,98.0,0.0,100.0,2.0,100.0,0.0,90.0,987734016.0,90,9495,100.0,0.0,100,1,,,,,100.0,0.0,100.0,0.0,,,66.0,34.0,,,100.0,136.0,100.0,680.0,34,34,100.0,0.0,100.0,0.0,200.0,0.0,100.0,9350.0,100.0,47559440464.0,100.0,73361884768.0
2018-12-10,ZCH06HGN,ST12000NM0007,12000138625024,0,82,153381496,98.0,0.0,100.0,2.0,100.0,0.0,90.0,990446905.0,90,9519,100.0,0.0,100,1,,,,,100.0,0.0,100.0,0.0,,,67.0,33.0,,,100.0,137.0,100.0,681.0,33,33,100.0,0.0,100.0,0.0,200.0,0.0,100.0,9374.0,100.0,47659363816.0,100.0,73587847792.0
2018-12-11,ZCH06HGN,ST12000NM0007,12000138625024,0,82,175915056,98.0,0.0,100.0,2.0,100.0,0.0,90.0,992780417.0,90,9542,100.0,0.0,100,1,,,,,100.0,0.0,100.0,0.0,,,66.0,34.0,,,100.0,138.0,100.0,682.0,34,34,100.0,0.0,100.0,0.0,200.0,0.0,100.0,9397.0,100.0,47731674424.0,100.0,73782211440.0
2018-12-12,ZCH06HGN,ST12000NM0007,12000138625024,0,76,36347400,98.0,0.0,100.0,2.0,100.0,0.0,90.0,996208728.0,90,9566,100.0,0.0,100,1,,,,,100.0,0.0,100.0,0.0,,,66.0,34.0,,,100.0,138.0,100.0,682.0,34,34,100.0,0.0,100.0,0.0,200.0,0.0,100.0,9421.0,100.0,47841380200.0,100.0,74021219704.0
2018-12-13,ZCH06HGN,ST12000NM0007,12000138625024,0,77,55662840,98.0,0.0,100.0,2.0,100.0,0.0,90.0,998500337.0,90,9590,100.0,0.0,100,1,,,,,100.0,0.0,100.0,0.0,,,67.0,33.0,,,100.0,138.0,100.0,683.0,33,33,100.0,0.0,100.0,0.0,200.0,0.0,100.0,9445.0,100.0,47942988984.0,100.0,74183067232.0
2018-12-14,ZCH06HGN,ST12000NM0007,12000138625024,0,82,162755136,98.0,0.0,100.0,2.0,100.0,0.0,63.0,2190006.0,90,9615,100.0,0.0,100,1,,,,,100.0,0.0,100.0,0.0,,,67.0,33.0,,,100.0,139.0,100.0,684.0,33,33,100.0,0.0,100.0,0.0,200.0,0.0,100.0,9469.0,100.0,48055234920.0,100.0,74422054528.0
2018-12-15,ZCH06HGN,ST12000NM0007,12000138625024,0,82,156921664,98.0,0.0,100.0,2.0,100.0,0.0,66.0,4307893.0,89,9639,100.0,0.0,100,1,,,,,100.0,0.0,100.0,0.0,,,67.0,33.0,,,100.0,140.0,100.0,685.0,33,33,100.0,0.0,100.0,0.0,200.0,0.0,100.0,9493.0,100.0,48111387032.0,100.0,74604209656.0
2018-12-16,ZCH06HGN,ST12000NM0007,12000138625024,0,82,166801528,98.0,0.0,100.0,2.0,100.0,0.0,68.0,6631562.0,89,9662,100.0,0.0,100,1,,,,,100.0,0.0,100.0,0.0,,,66.0,34.0,,,100.0,141.0,100.0,686.0,34,34,100.0,0.0,100.0,0.0,200.0,0.0,100.0,9516.0,100.0,48188264848.0,100.0,74781352480.0
2018-12-17,ZCH06HGN,ST12000NM0007,12000138625024,0,82,174559832,98.0,0.0,100.0,2.0,100.0,0.0,70.0,9114119.0,89,9686,100.0,0.0,100,1,,,,,100.0,0.0,100.0,0.0,,,66.0,34.0,,,100.0,141.0,100.0,687.0,34,34,100.0,0.0,100.0,0.0,200.0,0.0,100.0,9540.0,100.0,48289957264.0,100.0,74931559272.0
2018-12-18,ZCH06HGN,ST12000NM0007,12000138625024,0,84,226621760,98.0,0.0,100.0,2.0,100.0,0.0,71.0,11727041.0,89,9710,100.0,0.0,100,1,,,,,100.0,0.0,100.0,0.0,,,67.0,33.0,,,100.0,142.0,100.0,688.0,33,33,100.0,0.0,100.0,0.0,200.0,0.0,100.0,9564.0,100.0,48386928512.0,100.0,75130790760.0
2018-12-19,ZCH06HGN,ST12000NM0007,12000138625024,0,76,38608336,98.0,0.0,100.0,2.0,100.0,0.0,72.0,15063545.0,89,9735,100.0,0.0,100,1,,,,,100.0,0.0,100.0,0.0,,,67.0,33.0,,,100.0,142.0,100.0,689.0,33,33,100.0,0.0,100.0,0.0,200.0,0.0,100.0,9589.0,100.0,48493133584.0,100.0,75324854440.0
2018-12-20,ZCH06HGN,ST12000NM0007,12000138625024,0,78,62754776,98.0,0.0,100.0,2.0,100.0,0.0,72.0,17564442.0,89,9759,100.0,0.0,100,1,,,,,100.0,0.0,100.0,0.0,,,67.0,33.0,,,100.0,142.0,100.0,690.0,33,33,100.0,0.0,100.0,0.0,200.0,0.0,100.0,9613.0,100.0,48577905912.0,100.0,75508369200.0
2018-12-21,ZCH06HGN,ST12000NM0007,12000138625024,0,82,145783896,98.0,0.0,100.0,2.0,100.0,0.0,73.0,20907169.0,89,9782,100.0,0.0,100,1,,,,,100.0,0.0,100.0,0.0,,,66.0,34.0,,,100.0,142.0,100.0,691.0,34,34,100.0,0.0,100.0,0.0,200.0,0.0,100.0,9636.0,100.0,48681583560.0,100.0,75731861472.0
2018-12-22,ZCH06HGN,ST12000NM0007,12000138625024,0,84,235907936,98.0,0.0,100.0,2.0,100.0,0.0,74.0,23962364.0,89,9807,100.0,0.0,100,1,,,,,100.0,0.0,100.0,0.0,,,66.0,34.0,,,100.0,143.0,100.0,692.0,34,34,100.0,0.0,100.0,0.0,200.0,0.0,100.0,9660.0,100.0,48764109704.0,100.0,75983600016.0
2018-12-23,ZCH06HGN,ST12000NM0007,12000138625024,0,84,225387952,98.0,0.0,100.0,2.0,100.0,0.0,74.0,26089224.0,89,9827,100.0,0.0,100,1,,,,,100.0,0.0,100.0,0.0,,,66.0,34.0,,,100.0,143.0,100.0,693.0,34,34,100.0,0.0,100.0,0.0,200.0,0.0,100.0,9681.0,100.0,48840806648.0,100.0,76140523960.0
2018-12-24,ZCH06HGN,ST12000NM0007,12000138625024,0,76,36369640,98.0,0.0,100.0,2.0,100.0,0.0,75.0,28912748.0,89,9852,100.0,0.0,100,1,,,,,100.0,0.0,100.0,0.0,,,66.0,34.0,,,100.0,143.0,100.0,694.0,34,34,100.0,0.0,100.0,0.0,200.0,0.0,100.0,9705.0,100.0,48938392968.0,100.0,76342200776.0
2018-12-25,ZCH06HGN,ST12000NM0007,12000138625024,0,76,42955616,98.0,0.0,100.0,2.0,100.0,0.0,75.0,31391199.0,89,9874,100.0,0.0,100,1,,,,,100.0,0.0,100.0,0.0,,,66.0,34.0,,,100.0,143.0,100.0,695.0,34,34,100.0,0.0,100.0,0.0,200.0,0.0,100.0,9727.0,100.0,49018663120.0,100.0,76512657496.0
2018-12-26,ZCH06HGN,ST12000NM0007,12000138625024,0,81,126334480,98.0,0.0,100.0,2.0,100.0,0.0,75.0,34827885.0,89,9900,100.0,0.0,100,1,,,,,100.0,0.0,100.0,0.0,,,67.0,33.0,,,100.0,144.0,100.0,696.0,33,33,100.0,0.0,100.0,0.0,200.0,0.0,100.0,9753.0,100.0,49114545352.0,100.0,76744294760.0
2018-12-27,ZCH06HGN,ST12000NM0007,12000138625024,0,82,144447344,98.0,0.0,100.0,2.0,100.0,0.0,76.0,37023868.0,89,9923,100.0,0.0,100,1,,,,,100.0,0.0,100.0,0.0,,,67.0,33.0,,,100.0,144.0,100.0,697.0,33,33,100.0,0.0,100.0,0.0,200.0,0.0,100.0,9776.0,100.0,49195490992.0,100.0,76925602656.0
2018-12-28,ZCH06HGN,ST12000NM0007,12000138625024,0,82,160394728,98.0,0.0,100.0,2.0,100.0,0.0,76.0,39573398.0,89,9947,100.0,0.0,100,1,,,,,100.0,0.0,100.0,0.0,,,66.0,34.0,,,100.0,145.0,100.0,698.0,34,34,100.0,0.0,100.0,0.0,200.0,0.0,100.0,9800.0,100.0,49283683264.0,100.0,77097498520.0
2018-12-29,ZCH06HGN,ST12000NM0007,12000138625024,0,83,205379704,98.0,0.0,100.0,2.0,100.0,0.0,76.0,42326754.0,89,9971,100.0,0.0,100,1,,,,,100.0,0.0,100.0,0.0,,,67.0,33.0,,,100.0,146.0,100.0,699.0,33,33,100.0,0.0,100.0,0.0,200.0,0.0,100.0,9824.0,100.0,49381630848.0,100.0,77288676696.0
2018-12-30,ZCH06HGN,ST12000NM0007,12000138625024,0,68,6507104,98.0,0.0,100.0,2.0,100.0,0.0,77.0,45193323.0,89,9996,100.0,0.0,100,1,,,,,100.0,0.0,100.0,0.0,,,66.0,34.0,,,100.0,147.0,100.0,700.0,34,34,100.0,0.0,100.0,0.0,200.0,0.0,100.0,9848.0,100.0,49476099560.0,100.0,77483617160.0
2018-12-31,ZCH06HGN,ST12000NM0007,12000138625024,0,100,1450544,98.0,0.0,100.0,2.0,100.0,0.0,77.0,47387401.0,89,10019,100.0,0.0,100,1,,,,,100.0,0.0,100.0,0.0,,,66.0,34.0,,,100.0,148.0,100.0,701.0,34,34,100.0,0.0,100.0,0.0,200.0,0.0,100.0,9872.0,100.0,49562641552.0,100.0,77636159280.0
