2018-01-01,ZCH084JE,ST12000NM0007,12000138625024,0,80,108470336,99,0,100,1,100,0,68,6250934,100,585,100,0,100,1,,,,,100.0,0.0,100.0,0.0,,,71.0,29.0,,,100.0,10.0,100.0,711.0,29,29,100,0,100,0,200,0,100.0,315.0,100.0,1054128600.0,100.0,275138434.0
2018-01-02,ZCH084JE,ST12000NM0007,12000138625024,0,81,138004336,99,0,100,1,100,0,69,8908740,100,609,100,0,100,1,,,,,100.0,0.0,100.0,0.0,,,71.0,29.0,,,100.0,10.0,100.0,712.0,29,29,100,0,100,0,200,0,100.0,339.0,100.0,1326042992.0,100.0,276898722.0
2018-01-03,ZCH084JE,ST12000NM0007,12000138625024,0,82,154060632,99,0,100,1,100,0,71,11471842,100,632,100,0,100,1,,,,,100.0,0.0,100.0,0.0,,,71.0,29.0,,,100.0,10.0,100.0,713.0,29,29,100,0,100,0,200,0,100.0,362.0,100.0,1584402920.0,100.0,278735770.0
2018-01-04,ZCH084JE,ST12000NM0007,12000138625024,0,80,107685736,99,0,100,1,100,0,71,13418575,100,650,100,0,100,1,,,,,100.0,0.0,100.0,0.0,,,71.0,29.0,,,100.0,10.0,100.0,714.0,29,29,100,0,100,0,200,0,100.0,380.0,100.0,1778659256.0,100.0,282245330.0
2018-01-05,ZCH084JE,ST12000NM0007,12000138625024,0,81.0,133010664.0,99.0,0.0,100.0,1.0,100.0,0.0,72.0,16080627.0,100.0,673.0,100.0,0.0,100.0,1.0,,,,,100.0,0.0,100.0,0.0,,,71.0,29.0,,,100.0,10.0,100.0,715.0,29.0,29.0,100.0,0.0,100.0,0.0,200.0,0.0,100.0,403.0,100.0,2043846704.0,100.0,286523586.0
2018-01-06,ZCH084JE,ST12000NM0007,12000138625024,0,82,167823472,99,0,100,1,100,0,73,18784929,100,698,100,0,100,1,,,,,100.0,0.0,100.0,0.0,,,71.0,29.0,,,100.0,10.0,100.0,716.0,29,29,100,0,100,0,200,0,100.0,427.0,100.0,2318349056.0,100.0,290974874.0
2018-01-07,ZCH084JE,ST12000NM0007,12000138625024,0,83,212265456,99,0,100,1,100,0,73,21514799,100,721,100,0,100,1,,,,,100.0,0.0,100.0,0.0,,,72.0,28.0,,,100.0,10.0,100.0,717.0,28,28,100,0,100,0,200,0,100.0,451.0,100.0,2598774704.0,100.0,299131922.0
2018-01-08,ZCH084JE,ST12000NM0007,12000138625024,0,65,3437128,99,0,100,1,100,0,74,24024052,100,746,100,0,100,1,,,,,100.0,0.0,100.0,0.0,,,71.0,29.0,,,100.0,11.0,100.0,718.0,29,29,100,0,100,0,200,0,100.0,475.0,100.0,2874342488.0,100.0,303017554.0
2018-01-09,ZCH084JE,ST12000NM0007,12000138625024,0,79,72361416,99,0,100,1,100,0,74,26956995,100,769,100,0,100,1,,,,,100.0,0.0,100.0,0.0,,,71.0,29.0,,,100.0,11.0,100.0,719.0,29,29,100,0,100,0,200,0,100.0,498.0,100.0,3178485192.0,100.0,311939954.0
2018-01-10,ZCH084JE,ST12000NM0007,12000138625024,0,84,229719832,99,0,100,1,100,0,75,28402280,100,781,100,0,100,1,,,,,100.0,0.0,100.0,0.0,,,71.0,29.0,,,100.0,11.0,100.0,720.0,29,29,100,0,100,0,200,0,100.0,511.0,100.0,3333882048.0,100.0,313901514.0
2018-01-11,ZCH084JE,ST12000NM0007,12000138625024,0,83,221787808,99,0,100,1,100,0,75,32745308,100,816,100,0,100,1,,,,,100.0,0.0,100.0,0.0,,,71.0,29.0,,,100.0,12.0,100.0,721.0,29,29,100,0,100,0,200,0,100.0,545.0,100.0,3787283592.0,100.0,340849490.0
2018-01-12,ZCH084JE,ST12000NM0007,12000138625024,0,77,45585968,99,0,100,1,100,0,76,35839326,100,840,100,0,100,1,,,,,100.0,0.0,100.0,0.0,,,71.0,29.0,,,100.0,12.0,100.0,722.0,29,29,100,0,100,0,200,0,100.0,569.0,100.0,4079163280.0,100.0,361049506.0
2018-01-13,ZCH084JE,ST12000NM0007,12000138625024,0,80.0,110900048.0,99.0,0.0,100.0,1.0,100,0,76.0,38682840.0,100,863,100.0,0.0,100,1,,,,,100.0,0.0,100.0,0.0,,,71.0,29.0,,,100.0,12.0,100.0,723.0,29.0,29.0,100.0,0.0,100.0,0.0,200,0,100.0,592.0,100.0,4370993864.0,100.0,378673842.0
2018-01-14,ZCH084JE,ST12000NM0007,12000138625024,0,83.0,211334184.0,99.0,0.0,100.0,1.0,100,0,76.0,41962421.0,99,888,100.0,0.0,100,1,,,,,100.0,0.0,100.0,0.0,,,71.0,29.0,,,100.0,12.0,100.0,724.0,29.0,29.0,100.0,0.0,100.0,0.0,200,0,100.0,616.0,100.0,4685209856.0,100.0,409032778.0
2018-01-15,ZCH084JE,ST12000NM0007,12000138625024,0,84.0,238938112.0,99.0,0.0,100.0,1.0,100,0,76.0,42285462.0,99,912,100.0,0.0,100,1,,,,,100.0,0.0,100.0,0.0,,,71.0,29.0,,,100.0,14.0,100.0,726.0,29.0,29.0,100.0,0.0,100.0,0.0,200,0,100.0,640.0,100.0,4691003184.0,100.0,430843378.0
2018-01-16,ZCH084JE,ST12000NM0007,12000138625024,0,74.0,27347320.0,99.0,0.0,100.0,1.0,100,0,76.0,42729131.0,99,935,100.0,0.0,100,1,,,,,100.0,0.0,100.0,0.0,,,74.0,26.0,,,100.0,14.0,100.0,726.0,26.0,26.0,100.0,0.0,100.0,0.0,200,0,100.0,664.0,100.0,4701118864.0,100.0,453277794.0
2018-01-17,ZCH084JE,ST12000NM0007,12000138625024,0,77.0,45416648.0,99.0,0.0,100.0,1.0,100,0,76.0,42965633.0,99,948,100.0,0.0,100,1,,,,,100.0,0.0,100.0,0.0,,,74.0,26.0,,,100.0,15.0,100.0,727.0,26.0,26.0,100.0,0.0,100.0,0.0,200,0,100.0,676.0,100.0,4705403704.0,100.0,467062282.0
2018-01-18,ZCH084JE,ST12000NM0007,12000138625024,0,71.0,12644272.0,99.0,0.0,100.0,1.0,100.0,0.0,77.0,47245364.0,99.0,988.0,100.0,0.0,100.0,1.0,,,,,100.0,0.0,100.0,0.0,,,68.0,32.0,,,100.0,15.0,100.0,729.0,32.0,32.0,100.0,0.0,100.0,0.0,200.0,0.0,100.0,717.0,100.0,5048044656.0,100.0,579930618.0
2018-01-19,ZCH084JE,ST12000NM0007,12000138625024,0,82.0,175815488.0,99.0,0.0,100.0,1.0,100.0,0.0,77.0,50649058.0,99.0,1012.0,100.0,0.0,100.0,1.0,,,,,100.0,0.0,100.0,0.0,,,69.0,31.0,,,100.0,15.0,100.0,730.0,31.0,31.0,100.0,0.0,100.0,0.0,200.0,0.0,100.0,740.0,100.0,5412492592.0,100.0,622794730.0
2018-01-20,ZCH084JE,ST12000NM0007,12000138625024,0,79.0,73924456.0,99.0,0.0,100.0,1.0,100,0,77.0,53874228.0,99,1036,100.0,0.0,100,1,,,,,100.0,0.0,100.0,0.0,,,69.0,31.0,,,100.0,15.0,100.0,731.0,31.0,31.0,100.0,0.0,100.0,0.0,200,0,100.0,764.0,100.0,5773763496.0,100.0,647914178.0
2018-01-21,ZCH084JE,ST12000NM0007,12000138625024,0,72.0,15457112.0,99.0,0.0,100.0,1.0,100,0,78.0,57599785.0,99,1060,100.0,0.0,100,1,,,,,100.0,0.0,100.0,0.0,,,69.0,31.0,,,100.0,15.0,100.0,732.0,31.0,31.0,100.0,0.0,100.0,0.0,200,0,100.0,788.0,100.0,6164543160.0,100.0,686948802.0
2018-01-22,ZCH084JE,ST12000NM0007,12000138625024,0,76.0,41409808.0,99.0,0.0,100.0,1.0,100,0,78.0,58085989.0,99,1084,100.0,0.0,100,1,,,,,100.0,0.0,100.0,0.0,,,69.0,31.0,,,100.0,15.0,100.0,733.0,31.0,31.0,100.0,0.0,100.0,0.0,200,0,100.0,812.0,100.0,6183000168.0,100.0,694444490.0
2018-01-23,ZCH084JE,ST12000NM0007,12000138625024,0,78.0,56915632.0,99.0,0.0,100.0,1.0,100,0,78.0,58341852.0,99,1108,100.0,0.0,100,1,,,,,100.0,0.0,100.0,0.0,,,69.0,31.0,,,100.0,16.0,100.0,734.0,31.0,31.0,100.0,0.0,100.0,0.0,200,0,100.0,836.0,100.0,6187909360.0,100.0,705041122.0
2018-01-24,ZCH084JE,ST12000NM0007,12000138625024,0,79.0,77136632.0,99.0,0.0,100.0,1.0,100,0,78.0,58664831.0,99,1133,100.0,0.0,100,1,,,,,100.0,0.0,100.0,0.0,,,69.0,31.0,,,100.0,17.0,100.0,735.0,31.0,31.0,100.0,0.0,100.0,0.0,200,0,100.0,860.0,100.0,6192467728.0,100.0,720703754.0
2018-01-25,ZCH084JE,ST12000NM0007,12000138625024,0,82.0,150143864.0,99.0,0.0,100.0,1.0,100,0,78.0,59633220.0,99,1156,100.0,0.0,100,1,,,,,100.0,0.0,100.0,0.0,,,69.0,31.0,,,100.0,18.0,100.0,736.0,31.0,31.0,100.0,0.0,100.0,0.0,200,0,100.0,883.0,100.0,6238764304.0,100.0,747414410.0
2018-01-26,ZCH084JE,ST12000NM0007,12000138625024,0,73.0,18981048.0,99.0,0.0,100.0,1.0,100,0,78.0,62907390.0,99,1182,100.0,0.0,100,1,,,,,100.0,0.0,100.0,0.0,,,69.0,31.0,,,100.0,19.0,100.0,737.0,31.0,31.0,100.0,0.0,100.0,0.0,200,0,100.0,909.0,100.0,6563230144.0,100.0,780067370.0
2018-01-27,ZCH084JE,ST12000NM0007,12000138625024,0,80.0,90589432.0,99.0,0.0,100.0,1.0,100,0,78.0,66073115.0,99,1206,100.0,0.0,100,1,,,,,100.0,0.0,100.0,0.0,,,68.0,32.0,,,100.0,20.0,100.0,738.0,32.0,32.0,100.0,0.0,100.0,0.0,200,0,100.0,933.0,100.0,6861858296.0,100.0,797188386.0
2018-01-28,ZCH084JE,ST12000NM0007,12000138625024,0,82.0,172448408.0,99.0,0.0,100.0,1.0,100,0,78.0,69270997.0,99,1230,100.0,0.0,100,1,,,,,100.0,0.0,100.0,0.0,,,69.0,31.0,,,100.0,20.0,100.0,739.0,31.0,31.0,100.0,0.0,100.0,0.0,200,0,100.0,957.0,100.0,7172864672.0,100.0,812181754.0
2018-01-29,ZCH084JE,ST12000NM0007,12000138625024,0,100.0,957072.0,99.0,0.0,100.0,1.0,100,0,79.0,72244553.0,99,1254,100.0,0.0,100,1,,,,,100.0,0.0,100.0,0.0,,,69.0,31.0,,,100.0,20.0,100.0,741.0,31.0,31.0,100.0,0.0,100.0,0.0,200,0,100.0,980.0,100.0,7484738352.0,100.0,817098282.0
2018-01-30,ZCH084JE,ST12000NM0007,12000138625024,0,84.0,224566520.0,99.0,0.0,100.0,1.0,100,0,79.0,74411463.0,99,1271,100.0,0.0,100,1,,,,,100.0,0.0,100.0,0.0,,,69.0,31.0,,,100.0,20.0,100.0,741.0,31.0,31.0,100.0,0.0,100.0,0.0,200,0,100.0,997.0,100.0,7702395112.0,100.0,823050970.0
2018-01-31,ZCH084JE,ST12000NM0007,12000138625024,0,78.0,57359120.0,99.0,0.0,100.0,1.0,100.0,0.0,79.0,77381541.0,99.0,1295.0,100.0,0.0,100.0,1.0,,,,,100.0,0.0,100.0,0.0,,,69.0,31.0,,,100.0,20.0,100.0,742.0,31.0,31.0,100.0,0.0,100.0,0.0,200.0,0.0,100.0,1022.0,100.0,8013864544.0,100.0,832655514.0
2018-02-01,ZCH084JE,ST12000NM0007,12000138625024,0,80.0,94701512.0,99.0,0.0,100.0,1.0,100,0,79.0,80202655.0,99,1320,100.0,0.0,100,1,,,,,100.0,0.0,100.0,0.0,,,69.0,31.0,,,100.0,21.0,100.0,744.0,31.0,31.0,100.0,0.0,100.0,0.0,200,0,100.0,1046.0,100.0,8271188824.0,100.0,856814562.0
2018-02-02,ZCH084JE,ST12000NM0007,12000138625024,0,83.0,191652912.0,99.0,0.0,100.0,1.0,100,0,79.0,83184414.0,99,1344,100.0,0.0,100,1,,,,,100.0,0.0,100.0,0.0,,,68.0,32.0,,,100.0,21.0,100.0,745.0,32.0,32.0,100.0,0.0,100.0,0.0,200,0,100.0,1070.0,100.0,8603653064.0,100.0,865442442.0
2018-02-03,ZCH084JE,ST12000NM0007,12000138625024,0,82.0,161474992.0,99.0,0.0,100.0,1.0,100,0,79.0,86495821.0,99,1368,100.0,0.0,100,1,,,,,100.0,0.0,100.0,0.0,,,68.0,32.0,,,100.0,21.0,100.0,745.0,32.0,32.0,100.0,0.0,100.0,0.0,200,0,100.0,1094.0,100.0,9048846632.0,100.0,878352466.0
2018-02-04,ZCH084JE,ST12000NM0007,12000138625024,0,81.0,139026368.0,99.0,0.0,100.0,1.0,100,0,80.0,90741955.0,99,1399,100.0,0.0,100,1,,,,,100.0,0.0,100.0,0.0,,,68.0,32.0,,,100.0,21.0,100.0,747.0,32.0,32.0,100.0,0.0,100.0,0.0,200,0,100.0,1125.0,100.0,9474044512.0,100.0,918987570.0
2018-02-05,ZCH084JE,ST12000NM0007,12000138625024,0,83.0,217279584.0,99.0,0.0,100.0,1.0,100,0,80.0,93656832.0,99,1423,100.0,0.0,100,1,,,,,100.0,0.0,100.0,0.0,,,69.0,31.0,,,100.0,21.0,100.0,748.0,31.0,31.0,100.0,0.0,100.0,0.0,200,0,100.0,1149.0,100.0,9783420624.0,100.0,932005314.0
2018-02-06,ZCH084JE,ST12000NM0007,12000138625024,0,78.0,56682080.0,99.0,0.0,100.0,1.0,100,0,80.0,96740520.0,99,1448,100.0,0.0,100,1,,,,,100.0,0.0,100.0,0.0,,,69.0,31.0,,,100.0,21.0,100.0,749.0,31.0,31.0,100.0,0.0,100.0,0.0,200,0,100.0,1174.0,100.0,10100913400.0,100.0,942196530.0
2018-02-07,ZCH084JE,ST12000NM0007,12000138625024,0,75.0,35469400.0,99.0,0.0,100.0,1.0,100,0,80.0,98974358.0,99,1472,100.0,0.0,100,1,,,,,100.0,0.0,100.0,0.0,,,70.0,30.0,,,100.0,21.0,100.0,750.0,30.0,30.0,100.0,0.0,100.0,0.0,200,0,100.0,1198.0,100.0,10318941648.0,100.0,947096306.0
2018-02-08,ZCH084JE,ST12000NM0007,12000138625024,0,79.0,80239216.0,99.0,0.0,100.0,1.0,100,0,80.0,99647112.0,99,1498,100.0,0.0,100,1,,,,,100.0,0.0,100.0,0.0,,,69.0,31.0,,,100.0,22.0,100.0,752.0,31.0,31.0,100.0,0.0,100.0,0.0,200,0,100.0,1224.0,100.0,10342335696.0,100.0,968472074.0
2018-02-09,ZCH084JE,ST12000NM0007,12000138625024,0,81,125703704,99,0,100,1,100,0,80,100366612,99,1522,100,0,100,1,,,,,100.0,0.0,100.0,0.0,,,69.0,31.0,,,100.0,23.0,100.0,753.0,31,31,100,0,100,0,200,0,100.0,1247.0,100.0,10360641296.0,100.0,995630962.0
2018-02-10,ZCH084JE,ST12000NM0007,12000138625024,0,83.0,200073760.0,99.0,0.0,100.0,1.0,100.0,0.0,80.0,101399448.0,99.0,1546.0,100.0,0.0,100.0,1.0,,,,,100.0,0.0,100.0,0.0,,,70.0,30.0,,,100.0,24.0,100.0,754.0,30.0,30.0,100.0,0.0,100.0,0.0,200.0,0.0,100.0,1272.0,100.0,10390786912.0,100.0,1039855402.0
2018-02-11,ZCH084JE,ST12000NM0007,12000138625024,0,84,224523808,99,0,100,1,100,0,80,101765928,99,1570,100,0,100,1,,,,,100.0,0.0,100.0,0.0,,,69.0,31.0,,,100.0,25.0,100.0,755.0,31,31,100,0,100,0,200,0,100.0,1295.0,100.0,10396449536.0,100.0,1058642826.0
2018-02-12,ZCH084JE,ST12000NM0007,12000138625024,0,68,6439040,99,0,100,1,100,0,80,102137046,99,1594,100,0,100,1,,,,,100.0,0.0,100.0,0.0,,,69.0,31.0,,,100.0,26.0,100.0,756.0,31,31,100,0,100,0,200,0,100.0,1319.0,100.0,10402083792.0,100.0,1079064562.0
2018-02-13,ZCH084JE,ST12000NM0007,12000138625024,0,75,29799264,99,0,100,1,100,0,80,102472771,99,1618,100,0,100,1,,,,,100.0,0.0,100.0,0.0,,,71.0,29.0,,,100.0,27.0,100.0,757.0,29,29,100,0,100,0,200,0,100.0,1344.0,100.0,10407859512.0,100.0,1096649066.0
2018-02-14,ZCH084JE,ST12000NM0007,12000138625024,0,79,74673424,99,0,100,1,100,0,80,103322658,99,1642,100,0,100,1,,,,,100.0,0.0,100.0,0.0,,,71.0,29.0,,,100.0,28.0,100.0,758.0,29,29,100,0,100,0,200,0,100.0,1367.0,100.0,10426112120.0,100.0,1123270618.0
2018-02-15,ZCH084JE,ST12000NM0007,12000138625024,0,81,127020936,99,0,100,1,100,0,80,104302331,99,1666,100,0,100,1,,,,,100.0,0.0,100.0,0.0,,,71.0,29.0,,,100.0,29.0,100.0,759.0,29,29,100,0,100,0,200,0,100.0,1391.0,100.0,10441044072.0,100.0,1160686178.0
2018-02-16,ZCH084JE,ST12000NM0007,12000138625024,0,81,140291360,99,0,100,1,100,0,80,104555642,99,1690,100,0,100,1,,,,,100.0,0.0,100.0,0.0,,,71.0,29.0,,,100.0,30.0,100.0,760.0,29,29,100,0,100,0,200,0,100.0,1415.0,100.0,10444508344.0,100.0,1170492330.0
2018-02-17,ZCH084JE,ST12000NM0007,12000138625024,0,80,89670656,99,0,100,1,100,0,80,106436251,99,1714,100,0,100,1,,,,,100.0,0.0,100.0,0.0,,,70.0,30.0,,,100.0,30.0,100.0,761.0,30,30,100,0,100,0,200,0,100.0,1439.0,100.0,10606739568.0,100.0,1201781034.0
2018-02-18,ZCH084JE,ST12000NM0007,12000138625024,0,83,182740984,99,0,100,1,100,0,80,109673109,99,1738,100,0,100,1,,,,,100.0,0.0,100.0,0.0,,,70.0,30.0,,,100.0,30.0,100.0,762.0,30,30,100,0,100,0,200,0,100.0,1462.0,100.0,10919886416.0,100.0,1225845322.0
2018-02-19,ZCH084JE,ST12000NM0007,12000138625024,0,74,23970304,99,0,100,1,100,0,81,112686186,98,1762,100,0,100,1,,,,,100.0,0.0,100.0,0.0,,,70.0,30.0,,,100.0,30.0,100.0,763.0,30,30,100,0,100,0,200,0,100.0,1487.0,100.0,11237187176.0,100.0,1238055554.0
2018-02-20,ZCH084JE,ST12000NM0007,12000138625024,0,80,105619752,99,0,100,1,100,0,81,115690041,98,1786,100,0,100,1,,,,,100.0,0.0,100.0,0.0,,,70.0,30.0,,,100.0,30.0,100.0,764.0,30,30,100,0,100,0,200,0,100.0,1511.0,100.0,11549640576.0,100.0,1251392314.0
2018-02-21,ZCH084JE,ST12000NM0007,12000138625024,0,83,183618432,99,0,100,1,100,0,81,118680369,98,1810,100,0,100,1,,,,,100.0,0.0,100.0,0.0,,,70.0,30.0,,,100.0,30.0,100.0,765.0,30,30,100,0,100,0,200,0,100.0,1534.0,100.0,11859540744.0,100.0,1263631498.0
2018-02-22,ZCH084JE,ST12000NM0007,12000138625024,0,76,39843080,99,0,100,1,100,0,81,122096340,98,1832,100,0,100,1,,,,,100.0,0.0,100.0,0.0,,,70.0,30.0,,,100.0,30.0,100.0,767.0,30,30,100,0,100,0,200,0,100.0,1556.0,100.0,12171226376.0,100.0,1296452034.0
2018-02-23,ZCH084JE,ST12000NM0007,12000138625024,0,72,15401152,99,0,100,1,100,0,81,124353455,98,1856,100,0,100,1,,,,,100.0,0.0,100.0,0.0,,,71.0,29.0,,,100.0,31.0,100.0,768.0,29,29,100,0,100,0,200,0,100.0,1580.0,100.0,12380177272.0,100.0,1307199850.0
2018-02-24,ZCH084JE,ST12000NM0007,12000138625024,0,81,129292576,99,0,100,1,100,0,81,125603525,98,1880,100,0,100,1,,,,,100.0,0.0,100.0,0.0,,,69.0,31.0,,,100.0,32.0,100.0,769.0,31,31,100,0,100,0,200,0,100.0,1604.0,100.0,12464165272.0,100.0,1337103274.0
2018-02-25,ZCH084JE,ST12000NM0007,12000138625024,0,83,196239472,99,0,100,1,100,0,81,126384854,98,1904,100,0,100,1,,,,,100.0,0.0,100.0,0.0,,,71.0,29.0,,,100.0,33.0,100.0,770.0,29,29,100,0,100,0,200,0,100.0,1628.0,100.0,12517838864.0,100.0,1350376578.0
2018-02-26,ZCH084JE,ST12000NM0007,12000138625024,0,83,204480952,99,0,100,1,100,0,81,126512245,98,1928,100,0,100,1,,,,,100.0,0.0,100.0,0.0,,,71.0,29.0,,,100.0,34.0,100.0,771.0,29,29,100,0,100,0,200,0,100.0,1652.0,100.0,12519126512.0,100.0,1357330410.0
2018-02-27,ZCH084JE,ST12000NM0007,12000138625024,0,83,213833936,99,0,100,1,100,0,81,126650299,98,1951,100,0,100,1,,,,,100.0,0.0,100.0,0.0,,,71.0,29.0,,,100.0,35.0,100.0,772.0,29,29,100,0,100,0,200,0,100.0,1675.0,100.0,12520807480.0,100.0,1365002426.0
2018-02-28,ZCH084JE,ST12000NM0007,12000138625024,0,84,232963496,99,0,100,1,100,0,81,126992678,98,1976,100,0,100,1,,,,,100.0,0.0,100.0,0.0,,,71.0,29.0,,,100.0,36.0,100.0,773.0,29,29,100,0,100,0,200,0,100.0,1699.0,100.0,12527861808.0,100.0,1377077658.0
2018-03-01,ZCH084JE,ST12000NM0007,12000138625024,0,77,48492664,99,0,100,1,100,0,81,128018219,98,1995,100,0,100,1,,,,,100.0,0.0,100.0,0.0,,,70.0,30.0,,,100.0,37.0,100.0,774.0,30,30,100,0,100,0,200,0,100.0,1719.0,100.0,12550525440.0,100.0,1414083826.0
2018-03-02,ZCH084JE,ST12000NM0007,12000138625024,0,78,69330600,99,0,100,1,100,0,81,128398637,98,2020,100,0,100,1,,,,,100.0,0.0,100.0,0.0,,,71.0,29.0,,,100.0,37.0,100.0,775.0,29,29,100,0,100,0,200,0,100.0,1743.0,100.0,12554230000.0,100.0,1431217202.0
2018-03-03,ZCH084JE,ST12000NM0007,12000138625024,0,80,104246032,99,0,100,1,100,0,81,128929125,98,2043,100,0,100,1,,,,,100.0,0.0,100.0,0.0,,,71.0,29.0,,,100.0,38.0,100.0,776.0,29,29,100,0,100,0,200,0,100.0,1766.0,100.0,12565249848.0,100.0,1455112786.0
2018-03-04,ZCH084JE,ST12000NM0007,12000138625024,0,83,221503664,99,0,100,1,100,0,81,132410985,98,2068,100,0,100,1,,,,,100.0,0.0,100.0,0.0,,,70.0,30.0,,,100.0,38.0,100.0,777.0,30,30,100,0,100,0,200,0,100.0,1791.0,100.0,12885715296.0,100.0,1496045906.0
2018-03-05,ZCH084JE,ST12000NM0007,12000138625024,0,76,43516176,99,0,100,1,100,0,81,135280007,98,2091,100,0,100,1,,,,,100.0,0.0,100.0,0.0,,,70.0,30.0,,,100.0,38.0,100.0,778.0,30,30,100,0,100,0,200,0,100.0,1814.0,100.0,13180321944.0,100.0,1511733426.0
2018-03-06,ZCH084JE,ST12000NM0007,12000138625024,0,83,183311584,99,0,100,1,100,0,81,138990770,98,2119,100,0,100,1,,,,,100.0,0.0,100.0,0.0,,,69.0,31.0,,,100.0,38.0,100.0,780.0,31,31,100,0,100,0,200,0,100.0,1842.0,100.0,13546122456.0,100.0,1529869066.0
2018-03-07,ZCH084JE,ST12000NM0007,12000138625024,0,72.0,15871952.0,99.0,0.0,100.0,1.0,100.0,0.0,82.0,142196245.0,98.0,2143.0,100.0,0.0,100.0,1.0,,,,,100.0,0.0,100.0,0.0,,,68.0,32.0,,,100.0,38.0,100.0,781.0,32.0,32.0,100.0,0.0,100.0,0.0,200.0,0.0,100.0,1866.0,100.0,13851313416.0,100.0,1545519794.0
2018-03-08,ZCH084JE,ST12000NM0007,12000138625024,0,82,162741128,99,0,100,1,100,0,82,146150735,98,2167,100,0,100,1,,,,,100.0,0.0,100.0,0.0,,,69.0,31.0,,,100.0,38.0,100.0,782.0,31,31,100,0,100,0,200,0,100.0,1890.0,100.0,14193601648.0,100.0,1594241682.0
2018-03-09,ZCH084JE,ST12000NM0007,12000138625024,0,83,181927832,99,0,100,1,100,0,82,148503125,98,2194,100,0,100,1,,,,,100.0,0.0,100.0,0.0,,,71.0,29.0,,,100.0,38.0,100.0,783.0,29,29,100,0,100,0,200,0,100.0,1917.0,100.0,14434525632.0,100.0,1616645202.0
2018-03-10,ZCH084JE,ST12000NM0007,12000138625024,0,82,163984320,99,0,100,1,100,0,82,150739703,98,2218,100,0,100,1,,,,,100.0,0.0,100.0,0.0,,,70.0,30.0,,,100.0,39.0,100.0,784.0,30,30,100,0,100,0,200,0,100.0,1940.0,100.0,14617754752.0,100.0,1659613426.0
2018-03-11,ZCH084JE,ST12000NM0007,12000138625024,0,77,50340024,99,0,100,1,100,0,82,154130852,98,2242,100,0,100,1,,,,,100.0,0.0,100.0,0.0,,,70.0,30.0,,,100.0,39.0,100.0,785.0,30,30,100,0,100,0,200,0,100.0,1964.0,100.0,14975519376.0,100.0,1676485914.0
2018-03-12,ZCH084JE,ST12000NM0007,12000138625024,0,82,171973128,99,0,100,1,100,0,82,157531263,98,2266,100,0,100,1,,,,,100.0,0.0,100.0,0.0,,,70.0,30.0,,,100.0,39.0,100.0,786.0,30,30,100,0,100,0,200,0,100.0,1989.0,100.0,15322903736.0,100.0,1694875370.0
2018-03-13,ZCH084JE,ST12000NM0007,12000138625024,0,73,20905056,99,0,100,1,100,0,82,160527107,98,2290,100,0,100,1,,,,,100.0,0.0,100.0,0.0,,,70.0,30.0,,,100.0,39.0,100.0,787.0,30,30,100,0,100,0,200,0,100.0,2012.0,100.0,15645528584.0,100.0,1709463986.0
2018-03-14,ZCH084JE,ST12000NM0007,12000138625024,0,81,131550736,99,0,100,1,100,0,82,163682423,98,2314,100,0,100,1,,,,,100.0,0.0,100.0,0.0,,,70.0,30.0,,,100.0,39.0,100.0,788.0,30,30,100,0,100,0,200,0,100.0,2036.0,100.0,15976388080.0,100.0,1733390802.0
2018-03-15,ZCH084JE,ST12000NM0007,12000138625024,0,82,162212000,99,0,100,1,100,0,82,166279420,98,2330,100,0,100,1,,,,,100.0,0.0,100.0,0.0,,,70.0,30.0,,,100.0,39.0,100.0,789.0,30,30,100,0,100,0,200,0,100.0,2052.0,100.0,16223184320.0,100.0,1761396498.0
2018-03-16,ZCH084JE,ST12000NM0007,12000138625024,0,84.0,230554602.0,98.0,0.0,100.0,2.0,100.0,0.0,82.0,169417653.0,98.0,2355.0,100.0,0.0,100.0,1.0,,,,,100.0,0.0,100.0,0.0,,,71.0,29.0,,,100.0,39.0,100.0,792.0,29.0,29.0,100.0,0.0,100.0,0.0,200.0,0.0,100.0,2076.0,100.0,16498367256.0,100.0,1798697252.0
2018-03-17,ZCH084JE,ST12000NM0007,12000138625024,0,67,4669792,98,0,100,2,100,0,82,169652106,98,2379,100,0,100,1,,,,,100.0,0.0,100.0,0.0,,,71.0,29.0,,,100.0,40.0,100.0,793.0,29,29,100,0,100,0,200,0,100.0,2100.0,100.0,16500205944.0,100.0,1815114580.0
2018-03-18,ZCH084JE,ST12000NM0007,12000138625024,0,81,113585568,98,0,100,2,100,0,82,171504823,98,2402,100,0,100,1,,,,,100.0,0.0,100.0,0.0,,,71.0,29.0,,,100.0,41.0,100.0,794.0,29,29,100,0,100,0,200,0,100.0,2123.0,100.0,16541733104.0,100.0,1882503196.0
2018-03-19,ZCH084JE,ST12000NM0007,12000138625024,0,82,149220752,98,0,100,2,100,0,82,172042694,98,2427,100,0,100,1,,,,,100.0,0.0,100.0,0.0,,,71.0,29.0,,,100.0,42.0,100.0,795.0,29,29,100,0,100,0,200,0,100.0,2148.0,100.0,16549696880.0,100.0,1910174604.0
2018-03-20,ZCH084JE,ST12000NM0007,12000138625024,0,82,173221840,98,0,100,2,100,0,82,172314547,98,2451,100,0,100,1,,,,,100.0,0.0,100.0,0.0,,,71.0,29.0,,,100.0,43.0,100.0,796.0,29,29,100,0,100,0,200,0,100.0,2172.0,100.0,16552317568.0,100.0,1931555004.0
2018-03-21,ZCH084JE,ST12000NM0007,12000138625024,0,84,241863304,98,0,100,2,100,0,82,175081416,98,2473,100,0,100,1,,,,,100.0,0.0,100.0,0.0,,,70.0,30.0,,,100.0,43.0,100.0,797.0,30,30,100,0,100,0,200,0,100.0,2194.0,100.0,16837487344.0,100.0,1959167324.0
2018-03-22,ZCH084JE,ST12000NM0007,12000138625024,0,83,204777192,98,0,100,2,100,0,83,179230949,98,2498,100,0,100,1,,,,,100.0,0.0,100.0,0.0,,,69.0,31.0,,,100.0,43.0,100.0,798.0,31,31,100,0,100,0,200,0,100.0,2219.0,100.0,17213747944.0,100.0,2034102516.0
2018-03-23,ZCH084JE,ST12000NM0007,12000138625024,0,80,98808208,98,0,100,2,100,0,83,182854072,98,2523,100,0,100,1,,,,,100.0,0.0,100.0,0.0,,,70.0,30.0,,,100.0,43.0,100.0,799.0,30,30,100,0,100,0,200,0,100.0,2244.0,100.0,17568763728.0,100.0,2061399188.0
2018-03-24,ZCH084JE,ST12000NM0007,12000138625024,0,83,203696592,98,0,100,2,100,0,83,185946067,98,2547,100,0,100,1,,,,,100.0,0.0,100.0,0.0,,,70.0,30.0,,,100.0,43.0,100.0,800.0,30,30,100,0,100,0,200,0,100.0,2267.0,100.0,17900122992.0,100.0,2079069132.0
2018-03-25,ZCH084JE,ST12000NM0007,12000138625024,0,82,155942088,98,0,100,2,100,0,83,190426497,98,2570,100,0,100,1,,,,,100.0,0.0,100.0,0.0,,,70.0,30.0,,,100.0,43.0,100.0,801.0,30,30,100,0,100,0,200,0,100.0,2291.0,100.0,18267337224.0,100.0,2152381764.0
2018-03-26,ZCH084JE,ST12000NM0007,12000138625024,0,74,22963480,98,0,100,2,100,0,83,193590506,98,2594,100,0,100,1,,,,,100.0,0.0,100.0,0.0,,,70.0,30.0,,,100.0,43.0,100.0,802.0,30,30,100,0,100,0,200,0,100.0,2314.0,100.0,18596671000.0,100.0,2178350772.0
2018-03-27,ZCH084JE,ST12000NM0007,12000138625024,0,79,71874200,98,0,100,2,100,0,83,194231309,98,2618,100,0,100,1,,,,,100.0,0.0,100.0,0.0,,,71.0,29.0,,,100.0,44.0,100.0,803.0,29,29,100,0,100,0,200,0,100.0,2338.0,100.0,18617567840.0,100.0,2206364652.0
2018-03-28,ZCH084JE,ST12000NM0007,12000138625024,0,81,130065888,98,0,100,2,100,0,83,195324331,97,2643,100,0,100,1,,,,,100.0,0.0,100.0,0.0,,,71.0,29.0,,,100.0,44.0,100.0,804.0,29,29,100,0,100,0,200,0,100.0,2363.0,100.0,18636397672.0,100.0,2245726508.0
2018-03-29,ZCH084JE,ST12000NM0007,12000138625024,0,72,15957928,98,0,100,2,100,0,83,197760154,97,2674,100,0,100,1,,,,,100.0,0.0,100.0,0.0,,,71.0,29.0,,,100.0,45.0,100.0,806.0,29,29,100,0,100,0,200,0,100.0,2394.0,100.0,18680663704.0,100.0,2331493148.0
2018-03-30,ZCH084JE,ST12000NM0007,12000138625024,0,77,53053520,98,0,100,2,100,0,83,198472077,97,2698,100,0,100,1,,,,,100.0,0.0,100.0,0.0,,,71.0,29.0,,,100.0,46.0,100.0,807.0,29,29,100,0,100,0,200,0,100.0,2418.0,100.0,18688442288.0,100.0,2360810156.0
2018-03-31,ZCH084JE,ST12000NM0007,12000138625024,0,82,172836256,98,0,100,2,100,0,83,200573112,97,2722,100,0,100,1,,,,,100.0,0.0,100.0,0.0,,,70.0,30.0,,,100.0,47.0,100.0,808.0,30,30,100,0,100,0,200,0,100.0,2442.0,100.0,18736155688.0,100.0,2432879492.0
2018-04-01,ZCH084JE,ST12000NM0007,12000138625024,0,83,189562024,98,0,100,2,100,0,83,200912480,97,2746,100,0,100,1,,,,,100.0,0.0,100.0,0.0,,,71.0,29.0,,,100.0,48.0,100.0,809.0,29,29,100,0,100,0,200,0,100.0,2465.0,100.0,18740282696.0,100.0,2445478252.0
2018-04-02,ZCH084JE,ST12000NM0007,12000138625024,0,83,211263240,98,0,100,2,100,0,83,201325906,97,2771,100,0,100,1,,,,,100.0,0.0,100.0,0.0,,,71.0,29.0,,,100.0,49.0,100.0,810.0,29,29,100,0,100,0,200,0,100.0,2490.0,100.0,18745847320.0,100.0,2461614844.0
2018-04-03,ZCH084JE,ST12000NM0007,12000138625024,0,66,3909104,98,0,100,2,100,0,83,201982341,97,2794,100,0,100,1,,,,,100.0,0.0,100.0,0.0,,,71.0,29.0,,,100.0,50.0,100.0,811.0,29,29,100,0,100,0,200,0,100.0,2513.0,100.0,18754624808.0,100.0,2489623852.0
2018-04-04,ZCH084JE,ST12000NM0007,12000138625024,0,81,138816088,98,0,100,2,100,0,83,203470627,97,2817,100,0,100,1,,,,,100.0,0.0,100.0,0.0,,,70.0,30.0,,,100.0,50.0,100.0,812.0,30,30,100,0,100,0,200,0,100.0,2536.0,100.0,18868017552.0,100.0,2511138092.0
2018-04-05,ZCH084JE,ST12000NM0007,12000138625024,0,76,35841616,98,0,100,2,100,0,83,207392583,97,2842,100,0,100,1,,,,,100.0,0.0,100.0,0.0,,,70.0,30.0,,,100.0,50.0,100.0,813.0,30,30,100,0,100,0,200,0,100.0,2561.0,100.0,19182999128.0,100.0,2581463508.0
2018-04-06,ZCH084JE,ST12000NM0007,12000138625024,0,82,141512408,98,0,100,2,100,0,83,210853848,97,2865,100,0,100,1,,,,,100.0,0.0,100.0,0.0,,,70.0,30.0,,,100.0,50.0,100.0,814.0,30,30,100,0,100,0,200,0,100.0,2584.0,100.0,19469695080.0,100.0,2644579004.0
2018-04-07,ZCH084JE,ST12000NM0007,12000138625024,0,84.0,237409800.0,98.0,0.0,100.0,2.0,100.0,0.0,83.0,214186256.0,97.0,2889.0,100.0,0.0,100.0,1.0,,,,,100.0,0.0,100.0,0.0,,,69.0,31.0,,,100.0,50.0,100.0,815.0,31.0,31.0,100.0,0.0,100.0,0.0,200.0,0.0,100.0,2608.0,100.0,19766613304.0,100.0,2687698948.0
2018-04-08,ZCH084JE,ST12000NM0007,12000138625024,0,84,227943248,98,0,100,2,100,0,83,218737111,97,2915,100,0,100,1,,,,,100.0,0.0,100.0,0.0,,,70.0,30.0,,,100.0,50.0,100.0,816.0,30,30,100,0,100,0,200,0,100.0,2633.0,100.0,20152731688.0,100.0,2780395756.0
2018-04-09,ZCH084JE,ST12000NM0007,12000138625024,0,79,85902832,98,0,100,2,100,0,83,221891819,97,2937,100,0,100,1,,,,,100.0,0.0,100.0,0.0,,,70.0,30.0,,,100.0,50.0,100.0,817.0,30,30,100,0,100,0,200,0,100.0,2656.0,100.0,20471683408.0,100.0,2807685140.0
2018-04-10,ZCH084JE,ST12000NM0007,12000138625024,0,74,25313104,98,0,100,2,100,0,84,223916233,97,2962,100,0,100,1,,,,,100.0,0.0,100.0,0.0,,,71.0,29.0,,,100.0,51.0,100.0,818.0,29,29,100,0,100,0,200,0,100.0,2680.0,100.0,20631752336.0,100.0,2831167356.0
2018-04-11,ZCH084JE,ST12000NM0007,12000138625024,0,78,59170512,98,0,100,2,100,0,84,224515857,97,2986,100,0,100,1,,,,,100.0,0.0,100.0,0.0,,,71.0,29.0,,,100.0,52.0,100.0,819.0,29,29,100,0,100,0,200,0,100.0,2704.0,100.0,20639660120.0,100.0,2857116980.0
2018-04-12,ZCH084JE,ST12000NM0007,12000138625024,0,82,158191840,98,0,100,2,100,0,84,226402142,97,3003,100,0,100,1,,,,,100.0,0.0,100.0,0.0,,,70.0,30.0,,,100.0,52.0,100.0,819.0,30,30,100,0,100,0,200,0,100.0,2721.0,100.0,20682942464.0,100.0,2912855964.0
2018-04-13,ZCH084JE,ST12000NM0007,12000138625024,0,83,180023792,98,0,100,2,100,0,84,226798837,97,3026,100,0,100,1,,,,,100.0,0.0,100.0,0.0,,,70.0,30.0,,,100.0,52.0,100.0,820.0,30,30,100,0,100,0,200,0,100.0,2744.0,100.0,20688978824.0,100.0,2928651556.0
2018-04-14,ZCH084JE,ST12000NM0007,12000138625024,0,83,208812664,98,0,100,2,100,0,84,227441635,97,3051,100,0,100,1,,,,,100.0,0.0,100.0,0.0,,,70.0,30.0,,,100.0,54.0,100.0,822.0,30,30,100,0,100,0,200,0,100.0,2768.0,100.0,20700440072.0,100.0,2945979180.0
2018-04-15,ZCH084JE,ST12000NM0007,12000138625024,0,78,59302248,98,0,100,2,100,0,84,229478563,97,3075,100,0,100,1,,,,,100.0,0.0,100.0,0.0,,,71.0,29.0,,,100.0,55.0,100.0,823.0,29,29,100,0,100,0,200,0,100.0,2792.0,100.0,20738772280.0,100.0,3002277188.0
2018-04-16,ZCH084JE,ST12000NM0007,12000138625024,0,79,79642752,98,0,100,2,100,0,84,229934836,97,3099,100,0,100,1,,,,,100.0,0.0,100.0,0.0,,,70.0,30.0,,,100.0,56.0,100.0,824.0,30,30,100,0,100,0,200,0,100.0,2816.0,100.0,20743552264.0,100.0,3017837708.0
2018-04-17,ZCH084JE,ST12000NM0007,12000138625024,0,81,136998272,98,0,100,2,100,0,84,230597615,97,3123,100,0,100,1,,,,,100.0,0.0,100.0,0.0,,,70.0,30.0,,,100.0,57.0,100.0,825.0,30,30,100,0,100,0,200,0,100.0,2840.0,100.0,20768497200.0,100.0,3050248292.0
2018-04-18,ZCH084JE,ST12000NM0007,12000138625024,0,83,201764392,98,0,100,2,100,0,84,232880844,97,3147,100,0,100,1,,,,,100.0,0.0,100.0,0.0,,,70.0,30.0,,,100.0,57.0,100.0,826.0,30,30,100,0,100,0,200,0,100.0,2864.0,100.0,20906467320.0,100.0,3221184972.0
2018-04-19,ZCH084JE,ST12000NM0007,12000138625024,0,83,179830864,98,0,100,2,100,0,84,236402273,97,3170,100,0,100,1,,,,,100.0,0.0,100.0,0.0,,,69.0,31.0,,,100.0,57.0,100.0,827.0,31,31,100,0,100,0,200,0,100.0,2887.0,100.0,21129653056.0,100.0,3464347308.0
2018-04-20,ZCH084JE,ST12000NM0007,12000138625024,0,82,175214584,98,0,100,2,100,0,84,240038794,97,3194,100,0,100,1,,,,,100.0,0.0,100.0,0.0,,,69.0,31.0,,,100.0,57.0,100.0,828.0,31,31,100,0,100,0,200,0,100.0,2911.0,100.0,21353787824.0,100.0,3723878028.0
2018-04-21,ZCH084JE,ST12000NM0007,12000138625024,0,77,47624296,98,0,100,2,100,0,84,242633668,97,3218,100,0,100,1,,,,,100.0,0.0,100.0,0.0,,,69.0,31.0,,,100.0,58.0,100.0,829.0,31,31,100,0,100,0,200,0,100.0,2935.0,100.0,21515431144.0,100.0,3922925916.0
2018-04-22,ZCH084JE,ST12000NM0007,12000138625024,0,83,220004504,98,0,100,2,100,0,84,246619127,97,3242,100,0,100,1,,,,,100.0,0.0,100.0,0.0,,,69.0,31.0,,,100.0,58.0,100.0,830.0,31,31,100,0,100,0,200,0,100.0,2959.0,100.0,21716596600.0,100.0,4138281300.0
2018-04-23,ZCH084JE,ST12000NM0007,12000138625024,0,81,128206568,98,0,100,2,100,0,84,249718475,97,3266,100,0,100,1,,,,,100.0,0.0,100.0,0.0,,,69.0,31.0,,,100.0,58.0,100.0,831.0,31,31,100,0,100,0,200,0,100.0,2983.0,100.0,21892763984.0,100.0,4358597468.0
2018-04-24,ZCH084JE,ST12000NM0007,12000138625024,0,79,82955408,98,0,100,2,100,0,84,252612251,97,3290,100,0,100,1,,,,,100.0,0.0,100.0,0.0,,,69.0,31.0,,,100.0,58.0,100.0,832.0,31,31,100,0,100,0,200,0,100.0,3006.0,100.0,22093899152.0,100.0,4600492572.0
2018-04-25,ZCH084JE,ST12000NM0007,12000138625024,0,84,235190336,98,0,100,2,100,0,84,255442335,97,3314,100,0,100,1,,,,,100.0,0.0,100.0,0.0,,,69.0,31.0,,,100.0,58.0,100.0,833.0,31,31,100,0,100,0,200,0,100.0,3030.0,100.0,22290633096.0,100.0,4800134364.0
2018-04-26,ZCH084JE,ST12000NM0007,12000138625024,0,79,78861424,98,0,100,2,100,0,84,259539486,97,3338,100,0,100,1,,,,,100.0,0.0,100.0,0.0,,,68.0,32.0,,,100.0,59.0,100.0,834.0,32,32,100,0,100,0,200,0,100.0,3054.0,100.0,22538070368.0,100.0,5128790692.0
2018-04-27,ZCH084JE,ST12000NM0007,12000138625024,0,80,90007696,98,0,100,2,100,0,84,263336958,97,3370,100,0,100,1,,,,,100.0,0.0,100.0,0.0,,,70.0,30.0,,,100.0,59.0,100.0,835.0,30,30,100,0,100,0,200,0,100.0,3085.0,100.0,22748787864.0,100.0,5417501148.0
2018-04-28,ZCH084JE,ST12000NM0007,12000138625024,0,82,163640376,98,0,100,2,100,0,84,266220996,97,3393,100,0,100,1,,,,,100.0,0.0,100.0,0.0,,,69.0,31.0,,,100.0,60.0,100.0,836.0,31,31,100,0,100,0,200,0,100.0,3109.0,100.0,22892325320.0,100.0,5591737220.0
2018-04-29,ZCH084JE,ST12000NM0007,12000138625024,0,84,243339728,98,0,100,2,100,0,84,269065216,97,3417,100,0,100,1,,,,,100.0,0.0,100.0,0.0,,,70.0,30.0,,,100.0,60.0,100.0,837.0,30,30,100,0,100,0,200,0,100.0,3133.0,100.0,23018734280.0,100.0,5789168244.0
2018-04-30,ZCH084JE,ST12000NM0007,12000138625024,0,78,70295232,98,0,100,2,100,0,84,271729327,97,3441,100,0,100,1,,,,,100.0,0.0,100.0,0.0,,,69.0,31.0,,,100.0,61.0,100.0,838.0,31,31,100,0,100,0,200,0,100.0,3156.0,100.0,23148146168.0,100.0,5974993372.0
2018-05-01,ZCH084JE,ST12000NM0007,12000138625024,0,82,146155320,98,0,100,2,100,0,84,274031830,97,3465,100,0,100,1,,,,,100.0,0.0,100.0,0.0,,,69.0,31.0,,,100.0,61.0,100.0,839.0,31,31,100,0,100,0,200,0,100.0,3181.0,100.0,23284002656.0,100.0,6159137636.0
2018-05-02,ZCH084JE,ST12000NM0007,12000138625024,0,84.0,231123816.0,98.0,0.0,100.0,2.0,100.0,0.0,84.0,276586523.0,97.0,3489.0,100.0,0.0,100.0,1.0,,,,,100.0,0.0,100.0,0.0,,,69.0,31.0,,,100.0,62.0,100.0,840.0,31.0,31.0,100.0,0.0,100.0,0.0,200.0,0.0,100.0,3204.0,100.0,23438061408.0,100.0,6334188180.0
2018-05-03,ZCH084JE,ST12000NM0007,12000138625024,0,80,99741176,98,0,100,2,100,0,84,279621363,96,3507,100,0,100,1,,,,,100.0,0.0,100.0,0.0,,,69.0,31.0,,,100.0,63.0,100.0,841.0,31,31,100,0,100,0,200,0,100.0,3222.0,100.0,23567326792.0,100.0,6561821692.0
2018-05-04,ZCH084JE,ST12000NM0007,12000138625024,0,82,174646464,98,0,100,2,100,0,85,281924542,96,3531,100,0,100,1,,,,,100.0,0.0,100.0,0.0,,,69.0,31.0,,,100.0,63.0,100.0,843.0,31,31,100,0,100,0,200,0,100.0,3246.0,100.0,23687130800.0,100.0,6761063676.0
2018-05-05,ZCH084JE,ST12000NM0007,12000138625024,0,67,4579960,98,0,100,2,100,0,85,284293747,96,3555,100,0,100,1,,,,,100.0,0.0,100.0,0.0,,,69.0,31.0,,,100.0,63.0,100.0,844.0,31,31,100,0,100,0,200,0,100.0,3269.0,100.0,23818369816.0,100.0,6948039444.0
2018-05-06,ZCH084JE,ST12000NM0007,12000138625024,0,78,56307848,98,0,100,2,100,0,85,287651974,96,3579,100,0,100,1,,,,,100.0,0.0,100.0,0.0,,,69.0,31.0,,,100.0,63.0,100.0,844.0,31,31,100,0,100,0,200,0,100.0,3293.0,100.0,23950775024.0,100.0,7111502844.0
2018-05-07,ZCH084JE,ST12000NM0007,12000138625024,0,80,106351208,98,0,100,2,100,0,85,289887036,96,3603,100,0,100,1,,,,,100.0,0.0,100.0,0.0,,,69.0,31.0,,,100.0,63.0,100.0,845.0,31,31,100,0,100,0,200,0,100.0,3317.0,100.0,24064789640.0,100.0,7291672244.0
2018-05-08,ZCH084JE,ST12000NM0007,12000138625024,0,82,154297144,98,0,100,2,100,0,85,292211198,96,3626,100,0,100,1,,,,,100.0,0.0,100.0,0.0,,,69.0,31.0,,,100.0,63.0,100.0,846.0,31,31,100,0,100,0,200,0,100.0,3340.0,100.0,24202344472.0,100.0,7446204164.0
2018-05-09,ZCH084JE,ST12000NM0007,12000138625024,0,83,211555776,98,0,100,2,100,0,85,294682597,96,3651,100,0,100,1,,,,,100.0,0.0,100.0,0.0,,,69.0,31.0,,,100.0,63.0,100.0,848.0,31,31,100,0,100,0,200,0,100.0,3365.0,100.0,24344695040.0,100.0,7605252868.0
2018-05-10,ZCH084JE,ST12000NM0007,12000138625024,0,81,141200840,98,0,100,2,100,0,85,298291098,96,3675,100,0,100,1,,,,,100.0,0.0,100.0,0.0,,,68.0,32.0,,,100.0,63.0,100.0,848.0,32,32,100,0,100,0,200,0,100.0,3388.0,100.0,24510918840.0,100.0,7856955740.0
2018-05-11,ZCH084JE,ST12000NM0007,12000138625024,0,84,241458624,98,0,100,2,100,0,85,300767623,96,3699,100,0,100,1,,,,,100.0,0.0,100.0,0.0,,,69.0,31.0,,,100.0,64.0,100.0,851.0,31,31,100,0,100,0,200,0,100.0,3412.0,100.0,24643081312.0,100.0,8069191820.0
2018-05-12,ZCH084JE,ST12000NM0007,12000138625024,0,79,72350912,98,0,100,2,100,0,85,303427673,96,3723,100,0,100,1,,,,,100.0,0.0,100.0,0.0,,,70.0,30.0,,,100.0,64.0,100.0,851.0,30,30,100,0,100,0,200,0,100.0,3436.0,100.0,24782096344.0,100.0,8249350484.0
2018-05-13,ZCH084JE,ST12000NM0007,12000138625024,0,82,158578472,98,0,100,2,100,0,85,306713763,96,3747,100,0,100,1,,,,,100.0,0.0,100.0,0.0,,,70.0,30.0,,,100.0,64.0,100.0,853.0,30,30,100,0,100,0,200,0,100.0,3460.0,100.0,24905297712.0,100.0,8456517380.0
2018-05-14,ZCH084JE,ST12000NM0007,12000138625024,0,84,238057160,98,0,100,2,100,0,85,309072766,96,3771,100,0,100,1,,,,,100.0,0.0,100.0,0.0,,,70.0,30.0,,,100.0,64.0,100.0,854.0,30,30,100,0,100,0,200,0,100.0,3484.0,100.0,25051156160.0,100.0,8634278292.0
2018-05-15,ZCH084JE,ST12000NM0007,12000138625024,0,76.0,40380728.0,98.0,0.0,100.0,2.0,100.0,0.0,85.0,311257345.0,96.0,3796.0,100.0,0.0,100.0,1.0,,,,,100.0,0.0,100.0,0.0,,,70.0,30.0,,,100.0,64.0,100.0,855.0,30.0,30.0,100.0,0.0,100.0,0.0,200.0,0.0,100.0,3508.0,100.0,25171129048.0,100.0,8804910436.0
2018-05-16,ZCH084JE,ST12000NM0007,12000138625024,0,80,96475088,98,0,100,2,100,0,85,313611956,96,3819,100,0,100,1,,,,,100.0,0.0,100.0,0.0,,,69.0,31.0,,,100.0,64.0,100.0,856.0,31,31,100,0,100,0,200,0,100.0,3532.0,100.0,25293501184.0,100.0,8982773332.0
2018-05-17,ZCH084JE,ST12000NM0007,12000138625024,0,84,236983336,98,0,100,2,100,0,85,317305417,96,3843,100,0,100,1,,,,,100.0,0.0,100.0,0.0,,,70.0,30.0,,,100.0,65.0,100.0,857.0,30,30,100,0,100,0,200,0,100.0,3555.0,100.0,25451107248.0,100.0,9209816276.0
2018-05-18,ZCH084JE,ST12000NM0007,12000138625024,0,79,78056712,98,0,100,2,100,0,85,319549160,96,3867,100,0,100,1,,,,,100.0,0.0,100.0,0.0,,,70.0,30.0,,,100.0,65.0,100.0,859.0,30,30,100,0,100,0,200,0,100.0,3579.0,100.0,25569141008.0,100.0,9421137308.0
2018-05-19,ZCH084JE,ST12000NM0007,12000138625024,0,81,127735616,98,0,100,2,100,0,85,321932616,96,3891,100,0,100,1,,,,,100.0,0.0,100.0,0.0,,,70.0,30.0,,,100.0,65.0,100.0,861.0,30,30,100,0,100,0,200,0,100.0,3603.0,100.0,25679995960.0,100.0,9604102156.0
2018-05-20,ZCH084JE,ST12000NM0007,12000138625024,0,83,222638144,98,0,100,2,100,0,85,325452211,96,3915,100,0,100,1,,,,,100.0,0.0,100.0,0.0,,,70.0,30.0,,,100.0,66.0,100.0,862.0,30,30,100,0,100,0,200,0,100.0,3627.0,100.0,25838710320.0,100.0,9784430956.0
2018-05-21,ZCH084JE,ST12000NM0007,12000138625024,0,84,239753240,98,0,100,2,100,0,85,327521558,96,3938,100,0,100,1,,,,,100.0,0.0,100.0,0.0,,,70.0,30.0,,,100.0,66.0,100.0,862.0,30,30,100,0,100,0,200,0,100.0,3650.0,100.0,25942695720.0,100.0,9941701572.0
2018-05-22,ZCH084JE,ST12000NM0007,12000138625024,0,76,35729144,98,0,100,2,100,0,85,329848857,96,3962,100,0,100,1,,,,,100.0,0.0,100.0,0.0,,,70.0,30.0,,,100.0,66.0,100.0,863.0,30,30,100,0,100,0,200,0,100.0,3674.0,100.0,26074157264.0,100.0,10094497660.0
2018-05-23,ZCH084JE,ST12000NM0007,12000138625024,0,80,109635896,98,0,100,2,100,0,85,332317334,96,3987,100,0,100,1,,,,,100.0,0.0,100.0,0.0,,,69.0,31.0,,,100.0,66.0,100.0,864.0,31,31,100,0,100,0,200,0,100.0,3698.0,100.0,26203139464.0,100.0,10283562860.0
2018-05-24,ZCH084JE,ST12000NM0007,12000138625024,0,72,14673544,98,0,100,2,100,0,85,336000615,96,4011,100,0,100,1,,,,,100.0,0.0,100.0,0.0,,,70.0,30.0,,,100.0,66.0,100.0,865.0,30,30,100,0,100,0,200,0,100.0,3722.0,100.0,26360329480.0,100.0,10519692276.0
2018-05-25,ZCH084JE,ST12000NM0007,12000138625024,0,67,4507704,98,0,100,2,100,0,85,338013075,96,4034,100,0,100,1,,,,,100.0,0.0,100.0,0.0,,,69.0,31.0,,,100.0,67.0,100.0,866.0,31,31,100,0,100,0,200,0,100.0,3745.0,100.0,26471828048.0,100.0,10642168620.0
2018-05-26,ZCH084JE,ST12000NM0007,12000138625024,0,80,97101432,98,0,100,2,100,0,85,341360908,96,4064,100,0,100,1,,,,,100.0,0.0,100.0,0.0,,,69.0,31.0,,,100.0,68.0,100.0,868.0,31,31,100,0,100,0,200,0,100.0,3775.0,100.0,26613561808.0,100.0,10837169268.0
2018-05-27,ZCH084JE,ST12000NM0007,12000138625024,0,81,133237192,98,0,100,2,100,0,85,344075592,96,4086,100,0,100,1,,,,,100.0,0.0,100.0,0.0,,,70.0,30.0,,,100.0,68.0,100.0,870.0,30,30,100,0,100,0,200,0,100.0,3797.0,100.0,26725357184.0,100.0,11005650292.0
2018-05-28,ZCH084JE,ST12000NM0007,12000138625024,0,81,131920704,98,0,100,2,100,0,85,345906232,96,4111,100,0,100,1,,,,,100.0,0.0,100.0,0.0,,,69.0,31.0,,,100.0,69.0,100.0,871.0,31,31,100,0,100,0,200,0,100.0,3821.0,100.0,26797975600.0,100.0,11175856196.0
2018-05-29,ZCH084JE,ST12000NM0007,12000138625024,0,81,136090016,98,0,100,2,100,0,85,347771883,96,4134,100,0,100,1,,,,,100.0,0.0,100.0,0.0,,,69.0,31.0,,,100.0,70.0,100.0,872.0,31,31,100,0,100,0,200,0,100.0,3844.0,100.0,26877350120.0,100.0,11344791652.0
2018-05-30,ZCH084JE,ST12000NM0007,12000138625024,0,83,194761128,98,0,100,2,100,0,85,349937002,96,4159,100,0,100,1,,,,,100.0,0.0,100.0,0.0,,,69.0,31.0,,,100.0,70.0,100.0,873.0,31,31,100,0,100,0,200,0,100.0,3869.0,100.0,26971350808.0,100.0,11553602748.0
2018-05-31,ZCH084JE,ST12000NM0007,12000138625024,0,81,121873584,98,0,100,2,100,0,85,353537993,96,4182,100,0,100,1,,,,,100.0,0.0,100.0,0.0,,,70.0,30.0,,,100.0,70.0,100.0,874.0,30,30,100,0,100,0,200,0,100.0,3891.0,100.0,27131402824.0,100.0,11808945124.0
2018-06-01,ZCH084JE,ST12000NM0007,12000138625024,0,83,185269400,98,0,100,2,100,0,86,355741437,96,4206,100,0,100,1,,,,,100.0,0.0,100.0,0.0,,,70.0,30.0,,,100.0,70.0,100.0,876.0,30,30,100,0,100,0,200,0,100.0,3915.0,100.0,27225700696.0,100.0,12022183780.0
2018-06-02,ZCH084JE,ST12000NM0007,12000138625024,0,83,214070592,98,0,100,2,100,0,86,358138101,96,4230,100,0,100,1,,,,,100.0,0.0,100.0,0.0,,,69.0,31.0,,,100.0,70.0,100.0,876.0,31,31,100,0,100,0,200,0,100.0,3939.0,100.0,27314455016.0,100.0,12206371364.0
2018-06-03,ZCH084JE,ST12000NM0007,12000138625024,0,77,47635392,98,0,100,2,100,0,86,361306388,96,4254,100,0,100,1,,,,,100.0,0.0,100.0,0.0,,,70.0,30.0,,,100.0,70.0,100.0,877.0,30,30,100,0,100,0,200,0,100.0,3963.0,100.0,27421868296.0,100.0,12420804452.0
2018-06-04,ZCH084JE,ST12000NM0007,12000138625024,0,78,63126928,98,0,100,2,100,0,86,363228782,96,4278,100,0,100,1,,,,,100.0,0.0,100.0,0.0,,,70.0,30.0,,,100.0,70.0,100.0,878.0,30,30,100,0,100,0,200,0,100.0,3987.0,100.0,27495109016.0,100.0,12607195980.0
2018-06-05,ZCH084JE,ST12000NM0007,12000138625024,0,81,114395512,98,0,100,2,100,0,86,365391973,96,4302,100,0,100,1,,,,,100.0,0.0,100.0,0.0,,,70.0,30.0,,,100.0,71.0,100.0,879.0,30,30,100,0,100,0,200,0,100.0,4011.0,100.0,27599357832.0,100.0,12798356596.0
2018-06-06,ZCH084JE,ST12000NM0007,12000138625024,0,82,156982904,98,0,100,2,100,0,86,367455700,96,4326,100,0,100,1,,,,,100.0,0.0,100.0,0.0,,,70.0,30.0,,,100.0,71.0,100.0,880.0,30,30,100,0,100,0,200,0,100.0,4034.0,100.0,27689357920.0,100.0,12995084612.0
2018-06-07,ZCH084JE,ST12000NM0007,12000138625024,0,78,63882040,98,0,100,2,100,0,86,370828548,96,4350,100,0,100,1,,,,,100.0,0.0,100.0,0.0,,,70.0,30.0,,,100.0,71.0,100.0,881.0,30,30,100,0,100,0,200,0,100.0,4059.0,100.0,27815346520.0,100.0,13264276972.0
2018-06-08,ZCH084JE,ST12000NM0007,12000138625024,0,80,94190304,98,0,100,2,100,0,86,372858672,96,4374,100,0,100,1,,,,,100.0,0.0,100.0,0.0,,,70.0,30.0,,,100.0,72.0,100.0,882.0,30,30,100,0,100,0,200,0,100.0,4082.0,100.0,27908069464.0,100.0,13446003364.0
2018-06-09,ZCH084JE,ST12000NM0007,12000138625024,0,82,166836152,98,0,100,2,100,0,86,375123905,95,4398,100,0,100,1,,,,,100.0,0.0,100.0,0.0,,,69.0,31.0,,,100.0,72.0,100.0,883.0,31,31,100,0,100,0,200,0,100.0,4106.0,100.0,28009826952.0,100.0,13661032396.0
2018-06-10,ZCH084JE,ST12000NM0007,12000138625024,0,69,8593432,98,0,100,2,100,0,86,378535892,95,4422,100,0,100,1,,,,,100.0,0.0,100.0,0.0,,,70.0,30.0,,,100.0,72.0,100.0,884.0,30,30,100,0,100,0,200,0,100.0,4130.0,100.0,28141559408.0,100.0,13859338796.0
2018-06-11,ZCH084JE,ST12000NM0007,12000138625024,0,76,37679184,98,0,100,2,100,0,86,380808974,95,4446,100,0,100,1,,,,,100.0,0.0,100.0,0.0,,,69.0,31.0,,,100.0,72.0,100.0,886.0,31,31,100,0,100,0,200,0,100.0,4154.0,100.0,28254584464.0,100.0,14019540276.0
2018-06-12,ZCH084JE,ST12000NM0007,12000138625024,0,80,94810736,98,0,100,2,100,0,86,383350753,95,4470,100,0,100,1,,,,,100.0,0.0,100.0,0.0,,,69.0,31.0,,,100.0,72.0,100.0,886.0,31,31,100,0,100,0,200,0,100.0,4177.0,100.0,28398122872.0,100.0,14177274092.0
2018-06-13,ZCH084JE,ST12000NM0007,12000138625024,0,81,122762880,98,0,100,2,100,0,86,385379167,95,4494,100,0,100,1,,,,,100.0,0.0,100.0,0.0,,,70.0,30.0,,,100.0,73.0,100.0,887.0,30,30,100,0,100,0,200,0,100.0,4202.0,100.0,28488645848.0,100.0,14358843916.0
2018-06-14,ZCH084JE,ST12000NM0007,12000138625024,0,78,60926448,98,0,100,2,100,0,86,389012436,95,4518,100,0,100,1,,,,,100.0,0.0,100.0,0.0,,,70.0,30.0,,,100.0,73.0,100.0,888.0,30,30,100,0,100,0,200,0,100.0,4225.0,100.0,28618210680.0,100.0,14655724036.0
2018-06-15,ZCH084JE,ST12000NM0007,12000138625024,0,80.0,109745704.0,98.0,0.0,100.0,2.0,100.0,0.0,86.0,391330052.0,95.0,4543.0,100.0,0.0,100.0,1.0,,,,,100.0,0.0,100.0,0.0,,,70.0,30.0,,,100.0,73.0,100.0,890.0,30.0,30.0,100.0,0.0,100.0,0.0,200.0,0.0,100.0,4250.0,100.0,28720760464.0,100.0,14846134228.0
2018-06-16,ZCH084JE,ST12000NM0007,12000138625024,0,82.0,175442136.0,98.0,0.0,100.0,2.0,100.0,0.0,86.0,393816573.0,95.0,4566.0,100.0,0.0,100.0,1.0,,,,,100.0,0.0,100.0,0.0,,,68.0,32.0,,,100.0,73.0,100.0,891.0,32.0,32.0,100.0,0.0,100.0,0.0,200.0,0.0,100.0,4273.0,100.0,28820656080.0,100.0,15056075748.0
2018-06-17,ZCH084JE,ST12000NM0007,12000138625024,0,68.0,6851224.0,98.0,0.0,100.0,2.0,100.0,0.0,86.0,397005075.0,95.0,4591.0,100.0,0.0,100.0,1.0,,,,,100.0,0.0,100.0,0.0,,,69.0,31.0,,,100.0,73.0,100.0,892.0,31.0,31.0,100.0,0.0,100.0,0.0,200.0,0.0,100.0,4298.0,100.0,28934282200.0,100.0,15262140108.0
2018-06-18,ZCH084JE,ST12000NM0007,12000138625024,0,79.0,76364344.0,98.0,0.0,100.0,2.0,100.0,0.0,86.0,399371569.0,95.0,4615.0,100.0,0.0,100.0,1.0,,,,,100.0,0.0,100.0,0.0,,,69.0,31.0,,,100.0,74.0,100.0,893.0,31.0,31.0,100.0,0.0,100.0,0.0,200.0,0.0,100.0,4322.0,100.0,29029266344.0,100.0,15480810076.0
2018-06-19,ZCH084JE,ST12000NM0007,12000138625024,0,81,126058272,98,0,100,2,100,0,86,401716559,95,4638,100,0,100,1,,,,,100.0,0.0,100.0,0.0,,,69.0,31.0,,,100.0,75.0,100.0,894.0,31,31,100,0,100,0,200,0,100.0,4345.0,100.0,29153717880.0,100.0,15650193116.0
2018-06-20,ZCH084JE,ST12000NM0007,12000138625024,0,83,183856848,98,0,100,2,100,0,86,404070611,95,4663,100,0,100,1,,,,,100.0,0.0,100.0,0.0,,,70.0,30.0,,,100.0,75.0,100.0,895.0,30,30,100,0,100,0,200,0,100.0,4369.0,100.0,29259661120.0,100.0,15846189284.0
2018-06-21,ZCH084JE,ST12000NM0007,12000138625024,0,78,57782048,98,0,100,2,100,0,86,407514339,95,4686,100,0,100,1,,,,,100.0,0.0,100.0,0.0,,,70.0,30.0,,,100.0,75.0,100.0,896.0,30,30,100,0,100,0,200,0,100.0,4393.0,100.0,29400541024.0,100.0,16067516140.0
2018-06-22,ZCH084JE,ST12000NM0007,12000138625024,0,80,89389040,98,0,100,2,100,0,86,409774397,95,4711,100,0,100,1,,,,,100.0,0.0,100.0,0.0,,,70.0,30.0,,,100.0,75.0,100.0,897.0,30,30,100,0,100,0,200,0,100.0,4418.0,100.0,29504038768.0,100.0,16239766188.0
2018-06-23,ZCH084JE,ST12000NM0007,12000138625024,0,81,123729224,98,0,100,2,100,0,86,412145792,95,4735,100,0,100,1,,,,,100.0,0.0,100.0,0.0,,,69.0,31.0,,,100.0,76.0,100.0,898.0,31,31,100,0,100,0,200,0,100.0,4441.0,100.0,29608278768.0,100.0,16414007084.0
2018-06-24,ZCH084JE,ST12000NM0007,12000138625024,0,83,214413680,98,0,100,2,100,0,86,415503452,95,4759,100,0,100,1,,,,,100.0,0.0,100.0,0.0,,,70.0,30.0,,,100.0,77.0,100.0,899.0,30,30,100,0,100,0,200,0,100.0,4465.0,100.0,29746061784.0,100.0,16611049620.0
2018-06-25,ZCH084JE,ST12000NM0007,12000138625024,0,100,2085632,98,0,100,2,100,0,86,417695519,95,4783,100,0,100,1,,,,,100.0,0.0,100.0,0.0,,,70.0,30.0,,,100.0,77.0,100.0,900.0,30,30,100,0,100,0,200,0,100.0,4489.0,100.0,29848734336.0,100.0,16784330804.0
2018-06-26,ZCH084JE,ST12000NM0007,12000138625024,0,70,9255872,98,0,100,2,100,0,86,419767833,95,4807,100,0,100,1,,,,,100.0,0.0,100.0,0.0,,,70.0,30.0,,,100.0,78.0,100.0,901.0,30,30,100,0,100,0,200,0,100.0,4513.0,100.0,29955378640.0,100.0,16928997476.0
2018-06-27,ZCH084JE,ST12000NM0007,12000138625024,0,72,16739360,98,0,100,2,100,0,86,421778015,95,4830,100,0,100,1,,,,,100.0,0.0,100.0,0.0,,,70.0,30.0,,,100.0,79.0,100.0,902.0,30,30,100,0,100,0,200,0,100.0,4537.0,100.0,30031244736.0,100.0,17104755620.0
2018-06-28,ZCH084JE,ST12000NM0007,12000138625024,0,82,149514336,98,0,100,2,100,0,86,425203739,95,4855,100,0,100,1,,,,,100.0,0.0,100.0,0.0,,,70.0,30.0,,,100.0,79.0,100.0,903.0,30,30,100,0,100,0,200,0,100.0,4561.0,100.0,30147142472.0,100.0,17365773628.0
2018-06-29,ZCH084JE,ST12000NM0007,12000138625024,0,81,129995392,98,0,100,2,100,0,86,427194489,95,4878,100,0,100,1,,,,,100.0,0.0,100.0,0.0,,,70.0,30.0,,,100.0,80.0,100.0,904.0,30,30,100,0,100,0,200,0,100.0,4584.0,100.0,30218835712.0,100.0,17518702076.0
2018-06-30,ZCH084JE,ST12000NM0007,12000138625024,0,84,225851312,98,0,100,2,100,0,86,430609692,95,4905,100,0,100,1,,,,,100.0,0.0,100.0,0.0,,,70.0,30.0,,,100.0,80.0,100.0,906.0,30,30,100,0,100,0,200,0,100.0,4611.0,100.0,30353021392.0,100.0,17724513044.0
2018-07-01,ZCH084JE,ST12000NM0007,12000138625024,0,70,10812136,98,0,100,2,100,0,86,433089006,95,4929,100,0,100,1,,,,,100.0,0.0,100.0,0.0,,,70.0,30.0,,,100.0,81.0,100.0,907.0,30,30,100,0,100,0,200,0,100.0,4634.0,100.0,30439830032.0,100.0,17910946700.0
2018-07-02,ZCH084JE,ST12000NM0007,12000138625024,0,76,40540720,98,0,100,2,100,0,86,435255963,95,4953,100,0,100,1,,,,,100.0,0.0,100.0,0.0,,,71.0,29.0,,,100.0,81.0,100.0,908.0,29,29,100,0,100,0,200,0,100.0,4658.0,100.0,30540814816.0,100.0,18083831228.0
2018-07-03,ZCH084JE,ST12000NM0007,12000138625024,0,76,40920544,98,0,100,2,100,0,86,437378598,95,4977,100,0,100,1,,,,,100.0,0.0,100.0,0.0,,,70.0,30.0,,,100.0,81.0,100.0,909.0,30,30,100,0,100,0,200,0,100.0,4681.0,100.0,30636979976.0,100.0,18232186652.0
2018-07-04,ZCH084JE,ST12000NM0007,12000138625024,0,80,102330248,98,0,100,2,100,0,86,439913826,95,5001,100,0,100,1,,,,,100.0,0.0,100.0,0.0,,,71.0,29.0,,,100.0,81.0,100.0,910.0,29,29,100,0,100,0,200,0,100.0,4705.0,100.0,30758467200.0,100.0,18416249772.0
2018-07-05,ZCH084JE,ST12000NM0007,12000138625024,0,83,212381200,98,0,100,2,100,0,86,443180201,95,5025,100,0,100,1,,,,,100.0,0.0,100.0,0.0,,,71.0,29.0,,,100.0,82.0,100.0,911.0,29,29,100,0,100,0,200,0,100.0,4729.0,100.0,30872131656.0,100.0,18656776900.0
2018-07-06,ZCH084JE,ST12000NM0007,12000138625024,0,84,224342072,98,0,100,2,100,0,86,445060192,95,5049,100,0,100,1,,,,,100.0,0.0,100.0,0.0,,,71.0,29.0,,,100.0,83.0,100.0,912.0,29,29,100,0,100,0,200,0,100.0,4753.0,100.0,30942198200.0,100.0,18842812492.0
2018-07-07,ZCH084JE,ST12000NM0007,12000138625024,0,79,85611720,98,0,100,2,100,0,87,448182727,95,5073,100,0,100,1,,,,,100.0,0.0,100.0,0.0,,,70.0,30.0,,,100.0,83.0,100.0,913.0,30,30,100,0,100,0,200,0,100.0,4777.0,100.0,31069505304.0,100.0,19065056588.0
2018-07-08,ZCH084JE,ST12000NM0007,12000138625024,0,82,171892736,98,0,100,2,100,0,87,450918826,95,5097,100,0,100,1,,,,,100.0,0.0,100.0,0.0,,,70.0,30.0,,,100.0,83.0,100.0,914.0,30,30,100,0,100,0,200,0,100.0,4800.0,100.0,31180462000.0,100.0,19284521772.0
2018-07-09,ZCH084JE,ST12000NM0007,12000138625024,0,84,226302992,98,0,100,2,100,0,87,453242129,95,5121,100,0,100,1,,,,,100.0,0.0,100.0,0.0,,,70.0,30.0,,,100.0,83.0,100.0,915.0,30,30,100,0,100,0,200,0,100.0,4824.0,100.0,31265910992.0,100.0,19497623836.0
2018-07-10,ZCH084JE,ST12000NM0007,12000138625024,0,72.0,17052736.0,98.0,0.0,100.0,2.0,100.0,0.0,87.0,455505047.0,95.0,5145.0,100.0,0.0,100.0,1.0,,,,,100.0,0.0,100.0,0.0,,,71.0,29.0,,,100.0,83.0,100.0,916.0,29.0,29.0,100.0,0.0,100.0,0.0,200.0,0.0,100.0,4849.0,100.0,31366481264.0,100.0,19676084828.0
2018-07-11,ZCH084JE,ST12000NM0007,12000138625024,0,75,35191216,98,0,100,2,100,0,87,457648502,95,5169,100,0,100,1,,,,,100.0,0.0,100.0,0.0,,,70.0,30.0,,,100.0,83.0,100.0,917.0,30,30,100,0,100,0,200,0,100.0,4872.0,100.0,31463310960.0,100.0,19841534420.0
2018-07-12,ZCH084JE,ST12000NM0007,12000138625024,0,81,123299048,98,0,100,2,100,0,87,460886773,95,5193,100,0,100,1,,,,,100.0,0.0,100.0,0.0,,,70.0,30.0,,,100.0,83.0,100.0,918.0,30,30,100,0,100,0,200,0,100.0,4897.0,100.0,31574741456.0,100.0,20062352388.0
2018-07-13,ZCH084JE,ST12000NM0007,12000138625024,0,82,158444544,98,0,100,2,100,0,87,462782988,95,5217,100,0,100,1,,,,,100.0,0.0,100.0,0.0,,,70.0,30.0,,,100.0,83.0,100.0,921.0,30,30,100,0,100,0,200,0,100.0,4919.0,100.0,31643492104.0,100.0,20272888100.0
2018-07-14,ZCH084JE,ST12000NM0007,12000138625024,0,83,184694680,98,0,100,2,100,0,87,465562130,95,5241,100,0,100,1,,,,,100.0,0.0,100.0,0.0,,,69.0,31.0,,,100.0,84.0,100.0,922.0,31,31,100,0,100,0,200,0,100.0,4943.0,100.0,31750058216.0,100.0,20436712876.0
2018-07-15,ZCH084JE,ST12000NM0007,12000138625024,0,68,6334616,98,0,100,2,100,0,87,468187152,94,5265,100,0,100,1,,,,,100.0,0.0,100.0,0.0,,,70.0,30.0,,,100.0,84.0,100.0,923.0,30,30,100,0,100,0,200,0,100.0,4967.0,100.0,31849533880.0,100.0,20647158796.0
2018-07-16,ZCH084JE,ST12000NM0007,12000138625024,0,84,229390184,98,0,100,2,100,0,87,470170962,94,5289,100,0,100,1,,,,,100.0,0.0,100.0,0.0,,,70.0,30.0,,,100.0,84.0,100.0,924.0,30,30,100,0,100,0,200,0,100.0,4990.0,100.0,31928974096.0,100.0,20790774148.0
2018-07-17,ZCH084JE,ST12000NM0007,12000138625024,0,75,29787648,98,0,100,2,100,0,87,472376421,94,5313,100,0,100,1,,,,,100.0,0.0,100.0,0.0,,,69.0,31.0,,,100.0,84.0,100.0,925.0,31,31,100,0,100,0,200,0,100.0,5015.0,100.0,32037582440.0,100.0,20970845060.0
2018-07-18,ZCH084JE,ST12000NM0007,12000138625024,0,75,29690800,98,0,100,2,100,0,87,474336038,94,5337,100,0,100,1,,,,,100.0,0.0,100.0,0.0,,,70.0,30.0,,,100.0,84.0,100.0,926.0,30,30,100,0,100,0,200,0,100.0,5038.0,100.0,32113740568.0,100.0,21138730780.0
2018-07-19,ZCH084JE,ST12000NM0007,12000138625024,0,81,121852016,98,0,100,2,100,0,87,477574046,94,5361,100,0,100,1,,,,,100.0,0.0,100.0,0.0,,,70.0,30.0,,,100.0,85.0,100.0,927.0,30,30,100,0,100,0,200,0,100.0,5062.0,100.0,32220328248.0,100.0,21368445100.0
2018-07-20,ZCH084JE,ST12000NM0007,12000138625024,0,82,143090448,98,0,100,2,100,0,87,479664891,94,5384,100,0,100,1,,,,,100.0,0.0,100.0,0.0,,,71.0,29.0,,,100.0,85.0,100.0,928.0,29,29,100,0,100,0,200,0,100.0,5085.0,100.0,32304540704.0,100.0,21549611900.0
2018-07-21,ZCH084JE,ST12000NM0007,12000138625024,0,83,198221528,98,0,100,2,100,0,87,482728798,94,5409,100,0,100,1,,,,,100.0,0.0,100.0,0.0,,,70.0,30.0,,,100.0,85.0,100.0,929.0,30,30,100,0,100,0,200,0,100.0,5109.0,100.0,32419484728.0,100.0,21733939812.0
2018-07-22,ZCH084JE,ST12000NM0007,12000138625024,0,84,235154752,98,0,100,2,100,0,87,485326079,94,5433,100,0,100,1,,,,,100.0,0.0,100.0,0.0,,,70.0,30.0,,,100.0,85.0,100.0,930.0,30,30,100,0,100,0,200,0,100.0,5133.0,100.0,32526741808.0,100.0,21907756660.0
2018-07-23,ZCH084JE,ST12000NM0007,12000138625024,0,75,31251960,98,0,100,2,100,0,87,487516607,94,5456,100,0,100,1,,,,,100.0,0.0,100.0,0.0,,,70.0,30.0,,,100.0,85.0,100.0,931.0,30,30,100,0,100,0,200,0,100.0,5157.0,100.0,32631284016.0,100.0,22087593092.0
2018-07-24,ZCH084JE,ST12000NM0007,12000138625024,0,79,84761600,98,0,100,2,100,0,87,489939084,94,5481,100,0,100,1,,,,,100.0,0.0,100.0,0.0,,,71.0,29.0,,,100.0,86.0,100.0,932.0,29,29,100,0,100,0,200,0,100.0,5181.0,100.0,32734711000.0,100.0,22281816604.0
2018-07-25,ZCH084JE,ST12000NM0007,12000138625024,0,80.0,104563320.0,98.0,0.0,100.0,2.0,100.0,0.0,87.0,492233973.0,94.0,5505.0,100.0,0.0,100.0,1.0,,,,,100.0,0.0,100.0,0.0,,,69.0,31.0,,,100.0,86.0,100.0,933.0,31.0,31.0,100.0,0.0,100.0,0.0,200.0,0.0,100.0,5205.0,100.0,32840283320.0,100.0,22440186748.0
2018-07-26,ZCH084JE,ST12000NM0007,12000138625024,0,82,150811368,98,0,100,2,100,0,87,495162194,94,5529,100,0,100,1,,,,,100.0,0.0,100.0,0.0,,,70.0,30.0,,,100.0,86.0,100.0,934.0,30,30,100,0,100,0,200,0,100.0,5229.0,100.0,32936249048.0,100.0,22634609980.0
2018-07-27,ZCH084JE,ST12000NM0007,12000138625024,0,82,148630176,98,0,100,2,100,0,87,497160414,94,5553,100,0,100,1,,,,,100.0,0.0,100.0,0.0,,,69.0,31.0,,,100.0,87.0,100.0,935.0,31,31,100,0,100,0,200,0,100.0,5253.0,100.0,33029418936.0,100.0,22783399596.0
2018-07-28,ZCH084JE,ST12000NM0007,12000138625024,0,83,216836232,98,0,100,2,100,0,87,500020568,94,5576,100,0,100,1,,,,,100.0,0.0,100.0,0.0,,,69.0,31.0,,,100.0,87.0,100.0,938.0,31,31,100,0,100,0,200,0,100.0,5276.0,100.0,33148982264.0,100.0,22976183108.0
2018-07-29,ZCH084JE,ST12000NM0007,12000138625024,0,67,5561152,98,0,100,2,100,0,87,502696829,94,5599,100,0,100,1,,,,,100.0,0.0,100.0,0.0,,,69.0,31.0,,,100.0,87.0,100.0,939.0,31,31,100,0,100,0,200,0,100.0,5298.0,100.0,33230117856.0,100.0,23172053948.0
2018-07-30,ZCH084JE,ST12000NM0007,12000138625024,0,76,39070056,98,0,100,2,100,0,87,504887459,94,5624,100,0,100,1,,,,,100.0,0.0,100.0,0.0,,,69.0,31.0,,,100.0,87.0,100.0,940.0,31,31,100,0,100,0,200,0,100.0,5322.0,100.0,33311102352.0,100.0,23368719284.0
2018-07-31,ZCH084JE,ST12000NM0007,12000138625024,0,79,87164224,98,0,100,2,100,0,87,507270904,94,5647,100,0,100,1,,,,,100.0,0.0,100.0,0.0,,,69.0,31.0,,,100.0,87.0,100.0,941.0,31,31,100,0,100,0,200,0,100.0,5346.0,100.0,33402762072.0,100.0,23569294452.0
2018-08-01,ZCH084JE,ST12000NM0007,12000138625024,0,81,115735672,98,0,100,2,100,0,87,509229328,94,5671,100,0,100,1,,,,,100.0,0.0,100.0,0.0,,,68.0,32.0,,,100.0,88.0,100.0,942.0,32,32,100,0,100,0,200,0,100.0,5370.0,100.0,33481840832.0,100.0,23762927868.0
2018-08-02,ZCH084JE,ST12000NM0007,12000138625024,0,75,29796784,98,0,100,2,100,0,87,512831629,94,5696,100,0,100,1,,,,,100.0,0.0,100.0,0.0,,,68.0,32.0,,,100.0,89.0,100.0,943.0,32,32,100,0,100,0,200,0,100.0,5395.0,100.0,33610802592.0,100.0,24036309532.0
2018-08-03,ZCH084JE,ST12000NM0007,12000138625024,0,82,157448344,98,0,100,2,100,0,87,515368665,94,5720,100,0,100,1,,,,,100.0,0.0,100.0,0.0,,,68.0,32.0,,,100.0,90.0,100.0,944.0,32,32,100,0,100,0,200,0,100.0,5418.0,100.0,33714682280.0,100.0,24304222460.0
2018-08-04,ZCH084JE,ST12000NM0007,12000138625024,0,72,17375136,98,0,100,2,100,0,87,518304793,94,5744,100,0,100,1,,,,,100.0,0.0,100.0,0.0,,,68.0,32.0,,,100.0,90.0,100.0,945.0,32,32,100,0,100,0,200,0,100.0,5442.0,100.0,33833605432.0,100.0,24533507364.0
2018-08-05,ZCH084JE,ST12000NM0007,12000138625024,0,80,101544120,98,0,100,2,100,0,87,521307196,94,5768,100,0,100,1,,,,,100.0,0.0,100.0,0.0,,,69.0,31.0,,,100.0,90.0,100.0,946.0,31,31,100,0,100,0,200,0,100.0,5466.0,100.0,33951587568.0,100.0,24743834892.0
2018-08-06,ZCH084JE,ST12000NM0007,12000138625024,0,83,221519616,98,0,100,2,100,0,87,523980080,94,5792,100,0,100,1,,,,,100.0,0.0,100.0,0.0,,,68.0,32.0,,,100.0,91.0,100.0,947.0,32,32,100,0,100,0,200,0,100.0,5490.0,100.0,34087588416.0,100.0,24971950388.0
2018-08-07,ZCH084JE,ST12000NM0007,12000138625024,0,74,25947864,98,0,100,2,100,0,87,526239493,94,5816,100,0,100,1,,,,,100.0,0.0,100.0,0.0,,,68.0,32.0,,,100.0,92.0,100.0,948.0,32,32,100,0,100,0,200,0,100.0,5514.0,100.0,34188564632.0,100.0,25163684092.0
2018-08-08,ZCH084JE,ST12000NM0007,12000138625024,0,76,37898480,98,0,100,2,100,0,87,528500007,94,5840,100,0,100,1,,,,,100.0,0.0,100.0,0.0,,,69.0,31.0,,,100.0,93.0,100.0,949.0,31,31,100,0,100,0,200,0,100.0,5537.0,100.0,34286880288.0,100.0,25321459876.0
2018-08-09,ZCH084JE,ST12000NM0007,12000138625024,0,83,183464808,98,0,100,2,100,0,87,531944480,94,5864,100,0,100,1,,,,,100.0,0.0,100.0,0.0,,,69.0,31.0,,,100.0,94.0,100.0,950.0,31,31,100,0,100,0,200,0,100.0,5561.0,100.0,34410819704.0,100.0,25587227892.0
2018-08-10,ZCH084JE,ST12000NM0007,12000138625024,0,83,181500504,98,0,100,2,100,0,87,533914739,94,5887,100,0,100,1,,,,,100.0,0.0,100.0,0.0,,,69.0,31.0,,,100.0,94.0,100.0,952.0,31,31,100,0,100,0,200,0,100.0,5584.0,100.0,34496240560.0,100.0,25743983436.0
2018-08-11,ZCH084JE,ST12000NM0007,12000138625024,0,83,186513040,98,0,100,2,100,0,87,536526567,94,5911,100,0,100,1,,,,,100.0,0.0,100.0,0.0,,,69.0,31.0,,,100.0,94.0,100.0,953.0,31,31,100,0,100,0,200,0,100.0,5609.0,100.0,34597550960.0,100.0,25891826452.0
2018-08-12,ZCH084JE,ST12000NM0007,12000138625024,0,73,21747760,98,0,100,2,100,0,87,539705370,94,5935,100,0,100,1,,,,,100.0,0.0,100.0,0.0,,,69.0,31.0,,,100.0,94.0,100.0,954.0,31,31,100,0,100,0,200,0,100.0,5632.0,100.0,34723774672.0,100.0,26089119028.0
2018-08-13,ZCH084JE,ST12000NM0007,12000138625024,0,80,89425112,98,0,100,2,100,0,87,542112677,94,5959,100,0,100,1,,,,,100.0,0.0,100.0,0.0,,,69.0,31.0,,,100.0,95.0,100.0,955.0,31,31,100,0,100,0,200,0,100.0,5656.0,100.0,34840407680.0,100.0,26284304012.0
2018-08-14,ZCH084JE,ST12000NM0007,12000138625024,0,83.0,196127912.0,98.0,0.0,100.0,2.0,100.0,0.0,87.0,544877999.0,94.0,5983.0,100.0,0.0,100.0,1.0,,,,,100.0,0.0,100.0,0.0,,,69.0,31.0,,,100.0,96.0,100.0,956.0,31.0,31.0,100.0,0.0,100.0,0.0,200.0,0.0,100.0,5680.0,100.0,35003601416.0,100.0,26471953892.0
2018-08-15,ZCH084JE,ST12000NM0007,12000138625024,0,84.0,241709480.0,98.0,0.0,100.0,2.0,100.0,0.0,87.0,547432313.0,94.0,6009.0,100.0,0.0,100.0,1.0,,,,,100.0,0.0,100.0,0.0,,,68.0,32.0,,,100.0,96.0,100.0,957.0,32.0,32.0,100.0,0.0,100.0,0.0,200.0,0.0,100.0,5706.0,100.0,35099368976.0,100.0,26665908532.0
2018-08-16,ZCH084JE,ST12000NM0007,12000138625024,0,79,74331104,98,0,100,2,100,0,87,550169975,94,6035,100,0,100,1,,,,,100.0,0.0,100.0,0.0,,,68.0,32.0,,,100.0,96.0,100.0,958.0,32,32,100,0,100,0,200,0,100.0,5732.0,100.0,35212896176.0,100.0,26873284484.0
2018-08-17,ZCH084JE,ST12000NM0007,12000138625024,0,81,114292872,98,0,100,2,100,0,87,552365897,94,6058,100,0,100,1,,,,,100.0,0.0,100.0,0.0,,,68.0,32.0,,,100.0,96.0,100.0,959.0,32,32,100,0,100,0,200,0,100.0,5755.0,100.0,35299290584.0,100.0,27070992564.0
2018-08-18,ZCH084JE,ST12000NM0007,12000138625024,0,82,169268992,98,0,100,2,100,0,87,555563995,94,6082,100,0,100,1,,,,,100.0,0.0,100.0,0.0,,,68.0,32.0,,,100.0,97.0,100.0,960.0,32,32,100,0,100,0,200,0,100.0,5779.0,100.0,35426163264.0,100.0,27243236684.0
2018-08-19,ZCH084JE,ST12000NM0007,12000138625024,0,82,154085904,98,0,100,2,100,0,87,558118244,94,6107,100,0,100,1,,,,,100.0,0.0,100.0,0.0,,,69.0,31.0,,,100.0,98.0,100.0,961.0,31,31,100,0,100,0,200,0,100.0,5803.0,100.0,35522801792.0,100.0,27375555708.0
2018-08-20,ZCH084JE,ST12000NM0007,12000138625024,0,82,142480016,98,0,100,2,100,0,87,560291879,94,6130,100,0,100,1,,,,,100.0,0.0,100.0,0.0,,,68.0,32.0,,,100.0,99.0,100.0,962.0,32,32,100,0,100,0,200,0,100.0,5827.0,100.0,35602204216.0,100.0,27528688084.0
2018-08-21,ZCH084JE,ST12000NM0007,12000138625024,0,82,160302640,98,0,100,2,100,0,88,562646035,93,6154,100,0,100,1,,,,,100.0,0.0,100.0,0.0,,,69.0,31.0,,,100.0,99.0,100.0,963.0,31,31,100,0,100,0,200,0,100.0,5850.0,100.0,35686019256.0,100.0,27706836444.0
2018-08-22,ZCH084JE,ST12000NM0007,12000138625024,0,82,146459600,98,0,100,2,100,0,88,564737015,93,6179,100,0,100,1,,,,,100.0,0.0,100.0,0.0,,,69.0,31.0,,,100.0,100.0,100.0,964.0,31,31,100,0,100,0,200,0,100.0,5875.0,100.0,35763328080.0,100.0,27859825508.0
2018-08-23,ZCH084JE,ST12000NM0007,12000138625024,0,83,199494360,98,0,100,2,100,0,88,567792567,93,6202,100,0,100,1,,,,,100.0,0.0,100.0,0.0,,,69.0,31.0,,,100.0,100.0,100.0,965.0,31,31,100,0,100,0,200,0,100.0,5898.0,100.0,35872845608.0,100.0,28047483604.0
2018-08-24,ZCH084JE,ST12000NM0007,12000138625024,0,82,163985112,98,0,100,2,100,0,88,569540420,93,6227,100,0,100,1,,,,,100.0,0.0,100.0,0.0,,,69.0,31.0,,,100.0,101.0,100.0,966.0,31,31,100,0,100,0,200,0,100.0,5923.0,100.0,35935138360.0,100.0,28193822436.0
2018-08-25,ZCH084JE,ST12000NM0007,12000138625024,0,83,188954496,98,0,100,2,100,0,88,572320420,93,6250,100,0,100,1,,,,,100.0,0.0,100.0,0.0,,,68.0,32.0,,,100.0,101.0,100.0,967.0,32,32,100,0,100,0,200,0,100.0,5946.0,100.0,36021328224.0,100.0,28376742724.0
2018-08-26,ZCH084JE,ST12000NM0007,12000138625024,0,83,208480344,98,0,100,2,100,0,88,574416061,93,6275,100,0,100,1,,,,,100.0,0.0,100.0,0.0,,,69.0,31.0,,,100.0,101.0,100.0,968.0,31,31,100,0,100,0,200,0,100.0,5971.0,100.0,36095661816.0,100.0,28566075860.0
2018-08-27,ZCH084JE,ST12000NM0007,12000138625024,0,84,235600344,98,0,100,2,100,0,88,576622020,93,6298,100,0,100,1,,,,,100.0,0.0,100.0,0.0,,,69.0,31.0,,,100.0,101.0,100.0,969.0,31,31,100,0,100,0,200,0,100.0,5994.0,100.0,36176217416.0,100.0,28756781012.0
2018-08-28,ZCH084JE,ST12000NM0007,12000138625024,0,79,71178912,98,0,100,2,100,0,88,578934776,93,6322,100,0,100,1,,,,,100.0,0.0,100.0,0.0,,,69.0,31.0,,,100.0,102.0,100.0,970.0,31,31,100,0,100,0,200,0,100.0,6018.0,100.0,36262349280.0,100.0,28994509092.0
2018-08-29,ZCH084JE,ST12000NM0007,12000138625024,0,82,165192096,98,0,100,2,100,0,88,581527526,93,6347,100,0,100,1,,,,,100.0,0.0,100.0,0.0,,,69.0,31.0,,,100.0,103.0,100.0,971.0,31,31,100,0,100,0,200,0,100.0,6042.0,100.0,36377028336.0,100.0,29217984060.0
2018-08-30,ZCH084JE,ST12000NM0007,12000138625024,0,81,121945832,98,0,100,2,100,0,88,583165994,93,6363,100,0,100,1,,,,,100.0,0.0,100.0,0.0,,,68.0,32.0,,,100.0,103.0,100.0,972.0,32,32,100,0,100,0,200,0,100.0,6058.0,100.0,36454575408.0,100.0,29341331548.0
2018-08-31,ZCH084JE,ST12000NM0007,12000138625024,0,80,100694760,98,0,100,2,100,0,88,585165810,93,6388,100,0,100,1,,,,,100.0,0.0,100.0,0.0,,,68.0,32.0,,,100.0,104.0,100.0,973.0,32,32,100,0,100,0,200,0,100.0,6083.0,100.0,36544745408.0,100.0,29474051356.0
2018-09-01,ZCH084JE,ST12000NM0007,12000138625024,0,81,137818232,98,0,100,2,100,0,88,587554321,93,6411,100,0,100,1,,,,,100.0,0.0,100.0,0.0,,,68.0,32.0,,,100.0,105.0,100.0,974.0,32,32,100,0,100,0,200,0,100.0,6106.0,100.0,36654624944.0,100.0,29645435940.0
2018-09-02,ZCH084JE,ST12000NM0007,12000138625024,0,84,230776888,98,0,100,2,100,0,88,590993203,93,6436,100,0,100,1,,,,,100.0,0.0,100.0,0.0,,,68.0,32.0,,,100.0,106.0,100.0,975.0,32,32,100,0,100,0,200,0,100.0,6131.0,100.0,36778516568.0,100.0,29858643604.0
2018-09-03,ZCH084JE,ST12000NM0007,12000138625024,0,77,47605128,98,0,100,2,100,0,88,593550006,93,6460,100,0,100,1,,,,,100.0,0.0,100.0,0.0,,,68.0,32.0,,,100.0,106.0,100.0,976.0,32,32,100,0,100,0,200,0,100.0,6155.0,100.0,36877264928.0,100.0,30065004996.0
2018-09-04,ZCH084JE,ST12000NM0007,12000138625024,0,77,52903104,98,0,100,2,100,0,88,595891167,93,6483,100,0,100,1,,,,,100.0,0.0,100.0,0.0,,,68.0,32.0,,,100.0,107.0,100.0,977.0,32,32,100,0,100,0,200,0,100.0,6178.0,100.0,36963766608.0,100.0,30227941972.0
2018-09-05,ZCH084JE,ST12000NM0007,12000138625024,0,81,117812224,98,0,100,2,100,0,88,598463128,93,6507,100,0,100,1,,,,,100.0,0.0,100.0,0.0,,,68.0,32.0,,,100.0,107.0,100.0,978.0,32,32,100,0,100,0,200,0,100.0,6201.0,100.0,37048179328.0,100.0,30452579108.0
2018-09-06,ZCH084JE,ST12000NM0007,12000138625024,0,68,6027680,98,0,100,2,100,0,88,602083813,93,6536,100,0,100,1,,,,,100.0,0.0,100.0,0.0,,,69.0,31.0,,,100.0,107.0,100.0,979.0,31,31,100,0,100,0,200,0,100.0,6230.0,100.0,37180285136.0,100.0,30696970244.0
2018-09-07,ZCH084JE,ST12000NM0007,12000138625024,0,69,7946952,98,0,100,2,100,0,88,603893727,93,6560,100,0,100,1,,,,,100.0,0.0,100.0,0.0,,,69.0,31.0,,,100.0,107.0,100.0,980.0,31,31,100,0,100,0,200,0,100.0,6254.0,100.0,37254502512.0,100.0,30868812972.0
2018-09-08,ZCH084JE,ST12000NM0007,12000138625024,0,77,51690808,98,0,100,2,100,0,88,606704594,93,6585,100,0,100,1,,,,,100.0,0.0,100.0,0.0,,,68.0,32.0,,,100.0,107.0,100.0,981.0,32,32,100,0,100,0,200,0,100.0,6278.0,100.0,37368769536.0,100.0,31042430484.0
2018-09-09,ZCH084JE,ST12000NM0007,12000138625024,0,80,105753416,98,0,100,2,100,0,88,609289403,93,6608,100,0,100,1,,,,,100.0,0.0,100.0,0.0,,,69.0,31.0,,,100.0,107.0,100.0,982.0,31,31,100,0,100,0,200,0,100.0,6302.0,100.0,37473705160.0,100.0,31235698180.0
2018-09-10,ZCH084JE,ST12000NM0007,12000138625024,0,80,89932808,98,0,100,2,100,0,88,611268844,93,6632,100,0,100,1,,,,,100.0,0.0,100.0,0.0,,,68.0,32.0,,,100.0,108.0,100.0,983.0,32,32,100,0,100,0,200,0,100.0,6326.0,100.0,37559571880.0,100.0,31378151780.0
2018-09-11,ZCH084JE,ST12000NM0007,12000138625024,0,80,96409640,98,0,100,2,100,0,88,613460220,93,6656,100,0,100,1,,,,,100.0,0.0,100.0,0.0,,,69.0,31.0,,,100.0,108.0,100.0,984.0,31,31,100,0,100,0,200,0,100.0,6349.0,100.0,37647468576.0,100.0,31540872572.0
2018-09-12,ZCH084JE,ST12000NM0007,12000138625024,0,80,94686064,98,0,100,2,100,0,88,615722489,93,6680,100,0,100,1,,,,,100.0,0.0,100.0,0.0,,,69.0,31.0,,,100.0,108.0,100.0,985.0,31,31,100,0,100,0,200,0,100.0,6374.0,100.0,37730190552.0,100.0,31700567892.0
2018-09-13,ZCH084JE,ST12000NM0007,12000138625024,0,80,90476592,98,0,100,2,100,0,88,617887890,93,6701,100,0,100,1,,,,,100.0,0.0,100.0,0.0,,,70.0,30.0,,,100.0,108.0,100.0,986.0,30,30,100,0,100,0,200,0,100.0,6394.0,100.0,37810978192.0,100.0,31859711596.0
2018-09-14,ZCH084JE,ST12000NM0007,12000138625024,0,80,96269744,98,0,100,2,100,0,88,619961046,93,6724,100,0,100,1,,,,,100.0,0.0,100.0,0.0,,,68.0,32.0,,,100.0,109.0,100.0,987.0,32,32,100,0,100,0,200,0,100.0,6418.0,100.0,37896136096.0,100.0,32024487476.0
2018-09-15,ZCH084JE,ST12000NM0007,12000138625024,0,82,153180728,98,0,100,2,100,0,88,622369757,93,6749,100,0,100,1,,,,,100.0,0.0,100.0,0.0,,,68.0,32.0,,,100.0,109.0,100.0,988.0,32,32,100,0,100,0,200,0,100.0,6442.0,100.0,37990450056.0,100.0,32231225284.0
2018-09-16,ZCH084JE,ST12000NM0007,12000138625024,0,70,11124216,98,0,100,2,100,0,88,626027554,93,6773,100,0,100,1,,,,,100.0,0.0,100.0,0.0,,,69.0,31.0,,,100.0,109.0,100.0,989.0,31,31,100,0,100,0,200,0,100.0,6466.0,100.0,38129792144.0,100.0,32438109228.0
2018-09-17,ZCH084JE,ST12000NM0007,12000138625024,0,75,34826464,98,0,100,2,100,0,88,628367320,93,6796,100,0,100,1,,,,,100.0,0.0,100.0,0.0,,,69.0,31.0,,,100.0,109.0,100.0,990.0,31,31,100,0,100,0,200,0,100.0,6489.0,100.0,38212685776.0,100.0,32623058588.0
2018-09-18,ZCH084JE,ST12000NM0007,12000138625024,0,80,93440952,98,0,100,2,100,0,88,631042769,93,6820,100,0,100,1,,,,,100.0,0.0,100.0,0.0,,,69.0,31.0,,,100.0,110.0,100.0,991.0,31,31,100,0,100,0,200,0,100.0,6513.0,100.0,38310747040.0,100.0,32827752788.0
2018-09-19,ZCH084JE,ST12000NM0007,12000138625024,0,81,132232304,98,0,100,2,100,0,88,633183295,93,6845,100,0,100,1,,,,,100.0,0.0,100.0,0.0,,,69.0,31.0,,,100.0,111.0,100.0,992.0,31,31,100,0,100,0,200,0,100.0,6537.0,100.0,38402134912.0,100.0,33019296932.0
2018-09-20,ZCH084JE,ST12000NM0007,12000138625024,0,83,215726800,98,0,100,2,100,0,88,636095810,93,6868,100,0,100,1,,,,,100.0,0.0,100.0,0.0,,,68.0,32.0,,,100.0,111.0,100.0,993.0,32,32,100,0,100,0,200,0,100.0,6561.0,100.0,38506291096.0,100.0,33242776004.0
2018-09-21,ZCH084JE,ST12000NM0007,12000138625024,0,72,14318672,98,0,100,2,100,0,88,638169252,93,6893,100,0,100,1,,,,,100.0,0.0,100.0,0.0,,,69.0,31.0,,,100.0,111.0,100.0,994.0,31,31,100,0,100,0,200,0,100.0,6585.0,100.0,38596445368.0,100.0,33439495052.0
2018-09-22,ZCH084JE,ST12000NM0007,12000138625024,0,81,136392008,98,0,100,2,100,0,88,641648807,93,6921,100,0,100,1,,,,,100.0,0.0,100.0,0.0,,,68.0,32.0,,,100.0,111.0,100.0,995.0,32,32,100,0,100,0,200,0,100.0,6613.0,100.0,38727741264.0,100.0,33674413260.0
2018-09-23,ZCH084JE,ST12000NM0007,12000138625024,0,83,214504568,98,0,100,2,100,0,88,644639324,93,6945,100,0,100,1,,,,,100.0,0.0,100.0,0.0,,,69.0,31.0,,,100.0,111.0,100.0,996.0,31,31,100,0,100,0,200,0,100.0,6637.0,100.0,38840870904.0,100.0,33883537044.0
2018-09-24,ZCH084JE,ST12000NM0007,12000138625024,0,83,206452096,98,0,100,2,100,0,88,646876600,93,6968,100,0,100,1,,,,,100.0,0.0,100.0,0.0,,,68.0,32.0,,,100.0,112.0,100.0,997.0,32,32,100,0,100,0,200,0,100.0,6660.0,100.0,38924627616.0,100.0,34035868732.0
2018-09-25,ZCH084JE,ST12000NM0007,12000138625024,0,75,30012320,98,0,100,2,100,0,88,649515671,93,6992,100,0,100,1,,,,,100.0,0.0,100.0,0.0,,,69.0,31.0,,,100.0,112.0,100.0,998.0,31,31,100,0,100,0,200,0,100.0,6684.0,100.0,39023799928.0,100.0,34248538116.0
2018-09-26,ZCH084JE,ST12000NM0007,12000138625024,0,80,95692120,98,0,100,2,100,0,88,651769984,92,7017,100,0,100,1,,,,,100.0,0.0,100.0,0.0,,,68.0,32.0,,,100.0,112.0,100.0,999.0,32,32,100,0,100,0,200,0,100.0,6709.0,100.0,39141529848.0,100.0,34440628780.0
2018-09-27,ZCH084JE,ST12000NM0007,12000138625024,0,84,233220952,98,0,100,2,100,0,88,655244239,92,7040,100,0,100,1,,,,,100.0,0.0,100.0,0.0,,,69.0,31.0,,,100.0,112.0,100.0,1000.0,31,31,100,0,100,0,200,0,100.0,6732.0,100.0,39308610320.0,100.0,34655217884.0
2018-09-28,ZCH084JE,ST12000NM0007,12000138625024,0,83,216560824,98,0,100,2,100,0,88,656938698,92,7061,100,0,100,1,,,,,100.0,0.0,100.0,0.0,,,68.0,32.0,,,100.0,113.0,100.0,1001.0,32,32,100,0,100,0,200,0,100.0,6753.0,100.0,39383940840.0,100.0,34807368052.0
2018-09-29,ZCH084JE,ST12000NM0007,12000138625024,0,76,39876240,98,0,100,2,100,0,88,659553017,92,7084,100,0,100,1,,,,,100.0,0.0,100.0,0.0,,,68.0,32.0,,,100.0,113.0,100.0,1002.0,32,32,100,0,100,0,200,0,100.0,6776.0,100.0,39468461000.0,100.0,35034445196.0
2018-09-30,ZCH084JE,ST12000NM0007,12000138625024,0,81,122071024,98,0,100,2,100,0,88,662798525,92,7109,100,0,100,1,,,,,100.0,0.0,100.0,0.0,,,68.0,32.0,,,100.0,114.0,100.0,1003.0,32,32,100,0,100,0,200,0,100.0,6801.0,100.0,39589996896.0,100.0,35239245236.0
2018-10-01,ZCH084JE,ST12000NM0007,12000138625024,0,81,130583224,98,0,100,2,100,0,88,664888936,92,7132,100,0,100,1,,,,,100.0,0.0,100.0,0.0,,,68.0,32.0,,,100.0,114.0,100.0,1004.0,32,32,100,0,100,0,200,0,100.0,6824.0,100.0,39678909720.0,100.0,35402985292.0
2018-10-02,ZCH084JE,ST12000NM0007,12000138625024,0,82,166090384,98,0,100,2,100,0,88,666919296,92,7157,100,0,100,1,,,,,100.0,0.0,100.0,0.0,,,69.0,31.0,,,100.0,115.0,100.0,1005.0,31,31,100,0,100,0,200,0,100.0,6848.0,100.0,39765889120.0,100.0,35595653684.0
2018-10-03,ZCH084JE,ST12000NM0007,12000138625024,0,82,154308392,98,0,100,2,100,0,88,668506876,92,7180,100,0,100,1,,,,,100.0,0.0,100.0,0.0,,,69.0,31.0,,,100.0,115.0,100.0,1006.0,31,31,100,0,100,0,200,0,100.0,6872.0,100.0,39835872832.0,100.0,35758028844.0
2018-10-04,ZCH084JE,ST12000NM0007,12000138625024,0,71.0,12597320.0,98.0,0.0,100.0,2.0,100.0,0.0,88.0,671652896.0,92.0,7205.0,100.0,0.0,100.0,1.0,,,,,100.0,0.0,100.0,0.0,,,69.0,31.0,,,100.0,115.0,100.0,1007.0,31.0,31.0,100.0,0.0,100.0,0.0,200.0,0.0,100.0,6896.0,100.0,39945920280.0,100.0,35994552044.0
2018-10-05,ZCH084JE,ST12000NM0007,12000138625024,0,83,220483280,98,0,100,2,100,0,88,673287147,92,7228,100,0,100,1,,,,,100.0,0.0,100.0,0.0,,,68.0,32.0,,,100.0,116.0,100.0,1008.0,32,32,100,0,100,0,200,0,100.0,6919.0,100.0,40018444144.0,100.0,36129914140.0
2018-10-06,ZCH084JE,ST12000NM0007,12000138625024,0,83,202927120,98,0,100,2,100,0,88,675253277,92,7253,100,0,100,1,,,,,100.0,0.0,100.0,0.0,,,69.0,31.0,,,100.0,117.0,100.0,1009.0,31,31,100,0,100,0,200,0,100.0,6944.0,100.0,40114022448.0,100.0,36260920404.0
2018-10-07,ZCH084JE,ST12000NM0007,12000138625024,0,75,34467648,98,0,100,2,100,0,88,678271275,92,7277,100,0,100,1,,,,,100.0,0.0,100.0,0.0,,,68.0,32.0,,,100.0,117.0,100.0,1010.0,32,32,100,0,100,0,200,0,100.0,6968.0,100.0,40241873616.0,100.0,36452891532.0
2018-10-08,ZCH084JE,ST12000NM0007,12000138625024,0,75,29812272,98,0,100,2,100,0,88,679866227,92,7300,100,0,100,1,,,,,100.0,0.0,100.0,0.0,,,69.0,31.0,,,100.0,118.0,100.0,1011.0,31,31,100,0,100,0,200,0,100.0,6991.0,100.0,40316233480.0,100.0,36618017220.0
2018-10-09,ZCH084JE,ST12000NM0007,12000138625024,0,79.0,73687624.0,98.0,0.0,100.0,2.0,100.0,0.0,88.0,681964132.0,92.0,7325.0,100.0,0.0,100.0,1.0,,,,,100.0,0.0,100.0,0.0,,,68.0,32.0,,,100.0,118.0,100.0,1012.0,32.0,32.0,100.0,0.0,100.0,0.0,200.0,0.0,100.0,7016.0,100.0,40396571856.0,100.0,36825694892.0
2018-10-10,ZCH084JE,ST12000NM0007,12000138625024,0,81,135962288,98,0,100,2,100,0,88,684107629,92,7348,100,0,100,1,,,,,100.0,0.0,100.0,0.0,,,68.0,32.0,,,100.0,119.0,100.0,1013.0,32,32,100,0,100,0,200,0,100.0,7039.0,100.0,40510316048.0,100.0,37018366028.0
2018-10-11,ZCH084JE,ST12000NM0007,12000138625024,0,74,23933064,98,0,100,2,100,0,88,687245135,92,7373,100,0,100,1,,,,,100.0,0.0,100.0,0.0,,,68.0,32.0,,,100.0,120.0,100.0,1014.0,32,32,100,0,100,0,200,0,100.0,7063.0,100.0,40634781072.0,100.0,37270153060.0
2018-10-12,ZCH084JE,ST12000NM0007,12000138625024,0,74,25686712,98,0,100,2,100,0,88,688880864,92,7396,100,0,100,1,,,,,100.0,0.0,100.0,0.0,,,69.0,31.0,,,100.0,121.0,100.0,1015.0,31,31,100,0,100,0,200,0,100.0,7087.0,100.0,40697817136.0,100.0,37453011436.0
2018-10-13,ZCH084JE,ST12000NM0007,12000138625024,0,74,23706488,98,0,100,2,100,0,88,690744130,92,7419,100,0,100,1,,,,,100.0,0.0,100.0,0.0,,,69.0,31.0,,,100.0,122.0,100.0,1022.0,31,31,100,0,100,0,200,0,100.0,7108.0,100.0,40786071304.0,100.0,37606917766.0
2018-10-14,ZCH084JE,ST12000NM0007,12000138625024,0,80,105068808,98,0,100,2,100,0,88,694015448,92,7442,100,0,100,1,,,,,100.0,0.0,100.0,0.0,,,69.0,31.0,,,100.0,123.0,100.0,1023.0,31,31,100,0,100,0,200,0,100.0,7132.0,100.0,40904302736.0,100.0,37814189286.0
2018-10-15,ZCH084JE,ST12000NM0007,12000138625024,0,81,124023712,98,0,100,2,100,0,88,696139997,92,7467,100,0,100,1,,,,,100.0,0.0,100.0,0.0,,,69.0,31.0,,,100.0,123.0,100.0,1024.0,31,31,100,0,100,0,200,0,100.0,7156.0,100.0,40995319680.0,100.0,37986267878.0
2018-10-16,ZCH084JE,ST12000NM0007,12000138625024,0,82,156613904,98,0,100,2,100,0,88,698425438,92,7491,100,0,100,1,,,,,100.0,0.0,100.0,0.0,,,68.0,32.0,,,100.0,124.0,100.0,1025.0,32,32,100,0,100,0,200,0,100.0,7180.0,100.0,41088880728.0,100.0,38169437718.0
2018-10-17,ZCH084JE,ST12000NM0007,12000138625024,0,82,177777792,98,0,100,2,100,0,88,700508163,92,7515,100,0,100,1,,,,,100.0,0.0,100.0,0.0,,,68.0,32.0,,,100.0,125.0,100.0,1026.0,32,32,100,0,100,0,200,0,100.0,7204.0,100.0,41176258296.0,100.0,38347364678.0
2018-10-18,ZCH084JE,ST12000NM0007,12000138625024,0,79,84429328,98,0,100,2,100,0,88,704137827,92,7546,100,0,100,1,,,,,100.0,0.0,100.0,0.0,,,69.0,31.0,,,100.0,125.0,100.0,1027.0,31,31,100,0,100,0,200,0,100.0,7235.0,100.0,41314071064.0,100.0,38604484766.0
2018-10-19,ZCH084JE,ST12000NM0007,12000138625024,0,82,153380936,98,0,100,2,100,0,88,706569470,92,7570,100,0,100,1,,,,,100.0,0.0,100.0,0.0,,,69.0,31.0,,,100.0,126.0,100.0,1028.0,31,31,100,0,100,0,200,0,100.0,7258.0,100.0,41412119328.0,100.0,38819529062.0
2018-10-20,ZCH084JE,ST12000NM0007,12000138625024,0,84,240663408,98,0,100,2,100,0,89,709925891,92,7594,100,0,100,1,,,,,100.0,0.0,100.0,0.0,,,69.0,31.0,,,100.0,126.0,100.0,1029.0,31,31,100,0,100,0,200,0,100.0,7283.0,100.0,41525174248.0,100.0,39037897366.0
2018-10-21,ZCH084JE,ST12000NM0007,12000138625024,0,75,33020752,98,0,100,2,100,0,89,712225675,92,7618,100,0,100,1,,,,,100.0,0.0,100.0,0.0,,,69.0,31.0,,,100.0,126.0,100.0,1030.0,31,31,100,0,100,0,200,0,100.0,7306.0,100.0,41617135448.0,100.0,39226575238.0
2018-10-22,ZCH084JE,ST12000NM0007,12000138625024,0,77,46079896,98,0,100,2,100,0,89,714487843,92,7642,100,0,100,1,,,,,100.0,0.0,100.0,0.0,,,69.0,31.0,,,100.0,127.0,100.0,1031.0,31,31,100,0,100,0,200,0,100.0,7331.0,100.0,41703361328.0,100.0,39397549134.0
2018-10-23,ZCH084JE,ST12000NM0007,12000138625024,0,76,36334440,98,0,100,2,100,0,89,716507030,92,7666,100,0,100,1,,,,,100.0,0.0,100.0,0.0,,,70.0,30.0,,,100.0,128.0,100.0,1032.0,30,30,100,0,100,0,200,0,100.0,7354.0,100.0,41778019704.0,100.0,39557286086.0
2018-10-24,ZCH084JE,ST12000NM0007,12000138625024,0,78,58148768,98,0,100,2,100,0,89,718712286,92,7690,100,0,100,1,,,,,100.0,0.0,100.0,0.0,,,69.0,31.0,,,100,129,100.0,1033.0,31,31,100,0,100,0,200,0,100.0,7378.0,100.0,41860717896.0,100.0,39740543190.0
2018-10-25,ZCH084JE,ST12000NM0007,12000138625024,0,81,120772232,98,0,100,2,100,0,89,721395268,92,7711,100,0,100,1,,,,,100.0,0.0,100.0,0.0,,,70.0,30.0,,,100.0,130.0,100.0,1034.0,30,30,100,0,100,0,200,0,100.0,7399.0,100.0,41960921344.0,100.0,39947103894.0
2018-10-26,ZCH084JE,ST12000NM0007,12000138625024,0,81,129307472,98,0,100,2,100,0,89,723273808,92,7734,100,0,100,1,,,,,100.0,0.0,100.0,0.0,,,69.0,31.0,,,100.0,130.0,100.0,1035.0,31,31,100,0,100,0,200,0,100.0,7422.0,100.0,42052507432.0,100.0,40108193678.0
2018-10-27,ZCH084JE,ST12000NM0007,12000138625024,0,82,142869400,98,0,100,2,100,0,89,725699389,92,7758,100,0,100,1,,,,,100.0,0.0,100.0,0.0,,,68.0,32.0,,,100.0,130.0,100.0,1036.0,32,32,100,0,100,0,200,0,100.0,7446.0,100.0,42148215848.0,100.0,40270187830.0
2018-10-28,ZCH084JE,ST12000NM0007,12000138625024,0,84,240539736,98,0,100,2,100,0,89,728942124,92,7783,100,0,100,1,,,,,100.0,0.0,100.0,0.0,,,69.0,31.0,,,100.0,130.0,100.0,1037.0,31,31,100,0,100,0,200,0,100.0,7470.0,100.0,42282137832.0,100.0,40478078782.0
2018-10-29,ZCH084JE,ST12000NM0007,12000138625024,0,76,39479792,98,0,100,2,100,0,89,731343728,92,7807,100,0,100,1,,,,,100.0,0.0,100.0,0.0,,,69.0,31.0,,,100.0,130.0,100.0,1038.0,31,31,100,0,100,0,200,0,100.0,7494.0,100.0,42367795088.0,100.0,40679643398.0
2018-10-30,ZCH084JE,ST12000NM0007,12000138625024,0,76,44363856,98,0,100,2,100,0,89,733233827,92,7830,100,0,100,1,,,,,100.0,0.0,100.0,0.0,,,69.0,31.0,,,100.0,130.0,100.0,1039.0,31,31,100,0,100,0,200,0,100.0,7517.0,100.0,42470548792.0,100.0,40825914622.0
2018-10-31,ZCH084JE,ST12000NM0007,12000138625024,0,80,90397000,98.0,0.0,100.0,2.0,100.0,0.0,89.0,735726890.0,92,7855,100.0,0.0,100,1,,,,,100.0,0.0,100.0,0.0,,,69.0,31.0,,,100.0,131.0,100.0,1040.0,31,31,100.0,0.0,100.0,0.0,200.0,0.0,100.0,7542.0,100.0,42601718512.0,100.0,40984918830.0
2018-11-01,ZCH084JE,ST12000NM0007,12000138625024,0,83,201342288,98.0,0.0,100.0,2.0,100.0,0.0,89.0,738495782.0,92,7876,100.0,0.0,100,1,,,,,100.0,0.0,100.0,0.0,,,69.0,31.0,,,100.0,131.0,100.0,1041.0,31,31,100.0,0.0,100.0,0.0,200.0,0.0,100.0,7563.0,100.0,42739037136.0,100.0,41202686230.0
2018-11-02,ZCH084JE,ST12000NM0007,12000138625024,0,71,12019088,98.0,0.0,100.0,2.0,100.0,0.0,89.0,740862552.0,91,7900,100.0,0.0,100,1,,,,,100.0,0.0,100.0,0.0,,,69.0,31.0,,,100.0,132.0,100.0,1042.0,31,31,100.0,0.0,100.0,0.0,200.0,0.0,100.0,7587.0,100.0,42847028992.0,100.0,41393652566.0
2018-11-03,ZCH084JE,ST12000NM0007,12000138625024,0,76,37683232,98.0,0.0,100.0,2.0,100.0,0.0,89.0,743224363.0,91,7923,100.0,0.0,100,1,,,,,100.0,0.0,100.0,0.0,,,69.0,31.0,,,100.0,133.0,100.0,1043.0,31,31,100.0,0.0,100.0,0.0,200.0,0.0,100.0,7610.0,100.0,42921699544.0,100.0,41588786830.0
2018-11-04,ZCH084JE,ST12000NM0007,12000138625024,0,82,152225040,98.0,0.0,100.0,2.0,100.0,0.0,89.0,746763106.0,91,7948,100.0,0.0,100,1,,,,,100.0,0.0,100.0,0.0,,,69.0,31.0,,,100.0,134.0,100.0,1044.0,31,31,100.0,0.0,100.0,0.0,200.0,0.0,100.0,7635.0,100.0,43045302488.0,100.0,41823866558.0
2018-11-05,ZCH084JE,ST12000NM0007,12000138625024,0,81,137652072,98.0,0.0,100.0,2.0,100.0,0.0,89.0,748922765.0,91,7972,100.0,0.0,100,1,,,,,100.0,0.0,100.0,0.0,,,69.0,31.0,,,100.0,135.0,100.0,1045.0,31,31,100.0,0.0,100.0,0.0,200.0,0.0,100.0,7659.0,100.0,43127389200.0,100.0,41971347518.0
2018-11-06,ZCH084JE,ST12000NM0007,12000138625024,0,84.0,228737912.0,98.0,0.0,100.0,2.0,100.0,0.0,89.0,751551579.0,91.0,7995.0,100.0,0.0,100.0,1.0,,,,,100.0,0.0,100.0,0.0,,,69.0,31.0,,,100.0,136.0,100.0,1046.0,31.0,31.0,100.0,0.0,100.0,0.0,200.0,0.0,100.0,7682.0,100.0,43245124272.0,100.0,42188839134.0
2018-11-07,ZCH084JE,ST12000NM0007,12000138625024,0,78.0,65883008.0,98.0,0.0,100.0,2.0,100.0,0.0,89.0,753774316.0,91.0,8020.0,100.0,0.0,100.0,1.0,,,,,100.0,0.0,100.0,0.0,,,69.0,31.0,,,100.0,137.0,100.0,1047.0,31.0,31.0,100.0,0.0,100.0,0.0,200.0,0.0,100.0,7706.0,100.0,43360539224.0,100.0,42398850758.0
2018-11-08,ZCH084JE,ST12000NM0007,12000138625024,0,80.0,94271208.0,98.0,0.0,100.0,2.0,100.0,0.0,89.0,757656144.0,91.0,8050.0,100.0,0.0,100.0,1.0,,,,,100.0,0.0,100.0,0.0,,,69.0,31.0,,,100.0,138.0,100.0,1049.0,31.0,31.0,100.0,0.0,100.0,0.0,200.0,0.0,100.0,7736.0,100.0,43552638368.0,100.0,42723421582.0
2018-11-09,ZCH084JE,ST12000NM0007,12000138625024,0,81,112267624,98.0,0.0,100.0,2.0,100.0,0.0,89.0,759540103.0,91,8073,100.0,0.0,100,1,,,,,100.0,0.0,100.0,0.0,,,69.0,31.0,,,100.0,139.0,100.0,1050.0,31,31,100.0,0.0,100.0,0.0,200.0,0.0,100.0,7760.0,100.0,43625395928.0,100.0,42912801086.0
2018-11-10,ZCH084JE,ST12000NM0007,12000138625024,0,84,235901112,98.0,0.0,100.0,2.0,100.0,0.0,89.0,763047813.0,91,8098,100.0,0.0,100,1,,,,,100.0,0.0,100.0,0.0,,,69.0,31.0,,,100.0,139.0,100.0,1051.0,31,31,100.0,0.0,100.0,0.0,200.0,0.0,100.0,7784.0,100.0,43759134336.0,100.0,43146836998.0
2018-11-11,ZCH084JE,ST12000NM0007,12000138625024,0,79,87463288,98.0,0.0,100.0,2.0,100.0,0.0,89.0,765267883.0,91,8122,100.0,0.0,100,1,,,,,100.0,0.0,100.0,0.0,,,70.0,30.0,,,100.0,139.0,100.0,1052.0,30,30,100.0,0.0,100.0,0.0,200.0,0.0,100.0,7808.0,100.0,43860426736.0,100.0,43385388430.0
2018-11-12,ZCH084JE,ST12000NM0007,12000138625024,0,81,124239608,98.0,0.0,100.0,2.0,100.0,0.0,89.0,767225709.0,91,8145,100.0,0.0,100,1,,,,,100.0,0.0,100.0,0.0,,,69.0,31.0,,,100.0,140.0,100.0,1053.0,31,31,100.0,0.0,100.0,0.0,200.0,0.0,100.0,7831.0,100.0,43934692496.0,100.0,43592039662.0
2018-11-13,ZCH084JE,ST12000NM0007,12000138625024,0,82,151918408,98.0,0.0,100.0,2.0,100.0,0.0,89.0,769207212.0,91,8169,100.0,0.0,100,1,,,,,100.0,0.0,100.0,0.0,,,70.0,30.0,,,100.0,141.0,100.0,1054.0,30,30,100.0,0.0,100.0,0.0,200.0,0.0,100.0,7854.0,100.0,44015848240.0,100.0,43782703494.0
2018-11-14,ZCH084JE,ST12000NM0007,12000138625024,0,82,150874768,98.0,0.0,100.0,2.0,100.0,0.0,89.0,770888878.0,91,8193,100.0,0.0,100,1,,,,,100.0,0.0,100.0,0.0,,,70.0,30.0,,,100.0,141.0,100.0,1055.0,30,30,100.0,0.0,100.0,0.0,200.0,0.0,100.0,7879.0,100.0,44100963944.0,100.0,43940684950.0
2018-11-15,ZCH084JE,ST12000NM0007,12000138625024,0,73,21506064,98.0,0.0,100.0,2.0,100.0,0.0,89.0,773826805.0,91,8218,100.0,0.0,100,1,,,,,100.0,0.0,100.0,0.0,,,70.0,30.0,,,100.0,142.0,100.0,1056.0,30,30,100.0,0.0,100.0,0.0,200.0,0.0,100.0,7903.0,100.0,44218284352.0,100.0,44182277462.0
2018-11-16,ZCH084JE,ST12000NM0007,12000138625024,0,73,21129640,98.0,0.0,100.0,2.0,100.0,0.0,89.0,776161610.0,91,8241,100.0,0.0,100,1,,,,,100.0,0.0,100.0,0.0,,,69.0,31.0,,,100.0,143.0,100.0,1057.0,31,31,100.0,0.0,100.0,0.0,200.0,0.0,100.0,7926.0,100.0,44299984608.0,100.0,44344341414.0
2018-11-17,ZCH084JE,ST12000NM0007,12000138625024,0,81.0,124875608.0,98.0,0.0,100.0,2.0,100.0,0.0,89.0,779471329.0,91.0,8266.0,100.0,0.0,100.0,1.0,,,,,100.0,0.0,100.0,0.0,,,69.0,31.0,,,100.0,144.0,100.0,1058.0,31.0,31.0,100.0,0.0,100.0,0.0,200.0,0.0,100.0,7951.0,100.0,44425446288.0,100.0,44566766358.0
2018-11-18,ZCH084JE,ST12000NM0007,12000138625024,0,81,132945232,98.0,0.0,100.0,2.0,100.0,0.0,89.0,781535446.0,91,8290,100.0,0.0,100,1,,,,,100.0,0.0,100.0,0.0,,,70.0,30.0,,,100.0,144.0,100.0,1059.0,30,30,100.0,0.0,100.0,0.0,200.0,0.0,100.0,7974.0,100.0,44493783064.0,100.0,44750639878.0
2018-11-19,ZCH084JE,ST12000NM0007,12000138625024,0,82,147924208,98.0,0.0,100.0,2.0,100.0,0.0,89.0,783412630.0,91,8314,100.0,0.0,100,1,,,,,100.0,0.0,100.0,0.0,,,70.0,30.0,,,100.0,145.0,100.0,1060.0,30,30,100.0,0.0,100.0,0.0,200.0,0.0,100.0,7998.0,100.0,44563461432.0,100.0,44940081190.0
2018-11-20,ZCH084JE,ST12000NM0007,12000138625024,0,82,174485160,98.0,0.0,100.0,2.0,100.0,0.0,89.0,785186090.0,91,8337,100.0,0.0,100,1,,,,,100.0,0.0,100.0,0.0,,,70.0,30.0,,,100.0,146.0,100.0,1061.0,30,30,100.0,0.0,100.0,0.0,200.0,0.0,100.0,8022.0,100.0,44650143528.0,100.0,45124102062.0
2018-11-21,ZCH084JE,ST12000NM0007,12000138625024,0,83,208666360,98.0,0.0,100.0,2.0,100.0,0.0,89.0,787068377.0,91,8361,100.0,0.0,100,1,,,,,100.0,0.0,100.0,0.0,,,69.0,31.0,,,100.0,146.0,100.0,1062.0,31,31,100.0,0.0,100.0,0.0,200.0,0.0,100.0,8045.0,100.0,44726722200.0,100.0,45325845366.0
2018-11-22,ZCH084JE,ST12000NM0007,12000138625024,0,80,104722144,98.0,0.0,100.0,2.0,100.0,0.0,89.0,790495656.0,91,8386,100.0,0.0,100,1,,,,,100.0,0.0,100.0,0.0,,,69.0,31.0,,,100.0,147.0,100.0,1063.0,31,31,100.0,0.0,100.0,0.0,200.0,0.0,100.0,8070.0,100.0,44844187664.0,100.0,45592717382.0
2018-11-23,ZCH084JE,ST12000NM0007,12000138625024,0,81,139623752,98.0,0.0,100.0,2.0,100.0,0.0,89.0,792497600.0,91,8410,100.0,0.0,100,1,,,,,100.0,0.0,100.0,0.0,,,70.0,30.0,,,100.0,148.0,100.0,1064.0,30,30,100.0,0.0,100.0,0.0,200.0,0.0,100.0,8094.0,100.0,44931657216.0,100.0,45784290158.0
2018-11-24,ZCH084JE,ST12000NM0007,12000138625024,0,83,222335712,98.0,0.0,100.0,2.0,100.0,0.0,89.0,795544778.0,91,8433,100.0,0.0,100,1,,,,,100.0,0.0,100.0,0.0,,,69.0,31.0,,,100.0,149.0,100.0,1065.0,31,31,100.0,0.0,100.0,0.0,200.0,0.0,100.0,8117.0,100.0,45036997936.0,100.0,46005802598.0
2018-11-25,ZCH084JE,ST12000NM0007,12000138625024,0,73,19647584,98.0,0.0,100.0,2.0,100.0,0.0,89.0,797728526.0,91,8458,100.0,0.0,100,1,,,,,100.0,0.0,100.0,0.0,,,70.0,30.0,,,100.0,150.0,100.0,1066.0,30,30,100.0,0.0,100.0,0.0,200.0,0.0,100.0,8141.0,100.0,45136981816.0,100.0,46191411862.0
2018-11-26,ZCH084JE,ST12000NM0007,12000138625024,0,77,50656088,98.0,0.0,100.0,2.0,100.0,0.0,89.0,799829507.0,91,8481,100.0,0.0,100,1,,,,,100.0,0.0,100.0,0.0,,,69.0,31.0,,,100.0,151.0,100.0,1067.0,31,31,100.0,0.0,100.0,0.0,200.0,0.0,100.0,8165.0,100.0,45225686960.0,100.0,46377856046.0
2018-11-27,ZCH084JE,ST12000NM0007,12000138625024,0,74,23691056,98.0,0.0,100.0,2.0,100.0,0.0,89.0,801550463.0,91,8506,100.0,0.0,100,1,,,,,100.0,0.0,100.0,0.0,,,70.0,30.0,,,100.0,152.0,100.0,1068.0,30,30,100.0,0.0,100.0,0.0,200.0,0.0,100.0,8189.0,100.0,45315849152.0,100.0,46504869558.0
2018-11-28,ZCH084JE,ST12000NM0007,12000138625024,0,76,36480680,98.0,0.0,100.0,2.0,100.0,0.0,89.0,803712513.0,91,8530,100.0,0.0,100,1,,,,,100.0,0.0,100.0,0.0,,,69.0,31.0,,,100.0,152.0,100.0,1069.0,31,31,100.0,0.0,100.0,0.0,200.0,0.0,100.0,8213.0,100.0,45387056904.0,100.0,46690592342.0
2018-11-29,ZCH084JE,ST12000NM0007,12000138625024,0,81,131652968,98.0,0.0,100.0,2.0,100.0,0.0,89.0,806680453.0,91,8553,100.0,0.0,100,1,,,,,100.0,0.0,100.0,0.0,,,69.0,31.0,,,100.0,153.0,100.0,1070.0,31,31,100.0,0.0,100.0,0.0,200.0,0.0,100.0,8237.0,100.0,45483121320.0,100.0,46933840982.0
2018-11-30,ZCH084JE,ST12000NM0007,12000138625024,0,82,152741080,98.0,0.0,100.0,2.0,100.0,0.0,89.0,808620225.0,91,8577,100.0,0.0,100,1,,,,,100.0,0.0,100.0,0.0,,,70.0,30.0,,,100.0,154.0,100.0,1071.0,30,30,100.0,0.0,100.0,0.0,200.0,0.0,100.0,8261.0,100.0,45547759600.0,100.0,47134431606.0
2018-12-01,ZCH084JE,ST12000NM0007,12000138625024,0,84,228293960,98.0,0.0,100.0,2.0,100.0,0.0,89.0,811528363.0,91,8601,100.0,0.0,100,1,,,,,100.0,0.0,100.0,0.0,,,69.0,31.0,,,100.0,155.0,100.0,1072.0,31,31,100.0,0.0,100.0,0.0,200.0,0.0,100.0,8285.0,100.0,45648630400.0,100.0,47353254358.0
2018-12-02,ZCH084JE,ST12000NM0007,12000138625024,0,74,24856728,98.0,0.0,100.0,2.0,100.0,0.0,89.0,813694461.0,91,8626,100.0,0.0,100,1,,,,,100.0,0.0,100.0,0.0,,,69.0,31.0,,,100.0,155.0,100.0,1073.0,31,31,100.0,0.0,100.0,0.0,200.0,0.0,100.0,8309.0,100.0,45721268328.0,100.0,47565460630.0
2018-12-03,ZCH084JE,ST12000NM0007,12000138625024,0,78,57334792,98.0,0.0,100.0,2.0,100.0,0.0,89.0,815727671.0,91,8650,100.0,0.0,100,1,,,,,100.0,0.0,100.0,0.0,,,70.0,30.0,,,100.0,155.0,100.0,1074.0,30,30,100.0,0.0,100.0,0.0,200.0,0.0,100.0,8332.0,100.0,45792480952.0,100.0,47770866774.0
2018-12-04,ZCH084JE,ST12000NM0007,12000138625024,0,81,140699232,98.0,0.0,100.0,2.0,100.0,0.0,89.0,818449332.0,91,8674,100.0,0.0,100,1,,,,,100.0,0.0,100.0,0.0,,,69.0,31.0,,,100.0,156.0,100.0,1075.0,31,31,100.0,0.0,100.0,0.0,200.0,0.0,100.0,8357.0,100.0,45889174256.0,100.0,48001678542.0
2018-12-05,ZCH084JE,ST12000NM0007,12000138625024,0,81.0,136441912.0,98.0,0.0,100.0,2.0,100.0,0.0,89.0,820470537.0,91.0,8698.0,100.0,0.0,100.0,1.0,,,,,100.0,0.0,100.0,0.0,,,69.0,31.0,,,100.0,157.0,100.0,1076.0,31.0,31.0,100.0,0.0,100.0,0.0,200.0,0.0,100.0,8380.0,100.0,45976007424.0,100.0,48154728742.0
2018-12-06,ZCH084JE,ST12000NM0007,12000138625024,0,77,52499848,98.0,0.0,100.0,2.0,100.0,0.0,89.0,824014666.0,91,8723,100.0,0.0,100,1,,,,,100.0,0.0,100.0,0.0,,,70.0,30.0,,,100.0,157.0,100.0,1077.0,30,30,100.0,0.0,100.0,0.0,200.0,0.0,100.0,8405.0,100.0,46096448608.0,100.0,48438627310.0
2018-12-07,ZCH084JE,ST12000NM0007,12000138625024,0,79,71028032,98.0,0.0,100.0,2.0,100.0,0.0,89.0,826072061.0,91,8745,100.0,0.0,100,1,,,,,100.0,0.0,100.0,0.0,,,69.0,31.0,,,100.0,158.0,100.0,1078.0,31,31,100.0,0.0,100.0,0.0,200.0,0.0,100.0,8427.0,100.0,46181254088.0,100.0,48616490702.0
2018-12-08,ZCH084JE,ST12000NM0007,12000138625024,0,82,147441080,98.0,0.0,100.0,2.0,100.0,0.0,89.0,829367564.0,90,8769,100.0,0.0,100,1,,,,,100.0,0.0,100.0,0.0,,,67.0,33.0,,,100.0,158.0,100.0,1079.0,33,33,100.0,0.0,100.0,0.0,200.0,0.0,100.0,8451.0,100.0,46306235672.0,100.0,48812063294.0
2018-12-09,ZCH084JE,ST12000NM0007,12000138625024,0,84,240306672,98.0,0.0,100.0,2.0,100.0,0.0,89.0,832787846.0,90,8794,100.0,0.0,100,1,,,,,100.0,0.0,100.0,0.0,,,69.0,31.0,,,100.0,158.0,100.0,1080.0,31,31,100.0,0.0,100.0,0.0,200.0,0.0,100.0,8475.0,100.0,46422904488.0,100.0,49032401022.0
2018-12-10,ZCH084JE,ST12000NM0007,12000138625024,0,74,22403864,98.0,0.0,100.0,2.0,100.0,0.0,89.0,835188842.0,90,8817,100.0,0.0,100,1,,,,,100.0,0.0,100.0,0.0,,,68.0,32.0,,,100.0,158.0,100.0,1081.0,32,32,100.0,0.0,100.0,0.0,200.0,0.0,100.0,8498.0,100.0,46506598536.0,100.0,49219085678.0
2018-12-11,ZCH084JE,ST12000NM0007,12000138625024,0,80,98036832,98.0,0.0,100.0,2.0,100.0,0.0,89.0,837850108.0,90,8840,100.0,0.0,100,1,,,,,100.0,0.0,100.0,0.0,,,69.0,31.0,,,100.0,159.0,100.0,1082.0,31,31,100.0,0.0,100.0,0.0,200.0,0.0,100.0,8522.0,100.0,46630338920.0,100.0,49415118894.0
2018-12-12,ZCH084JE,ST12000NM0007,12000138625024,0,82,142088032,98.0,0.0,100.0,2.0,100.0,0.0,89.0,840427371.0,90,8866,100.0,0.0,100,1,,,,,100.0,0.0,100.0,0.0,,,69.0,31.0,,,100.0,159.0,100.0,1083.0,31,31,100.0,0.0,100.0,0.0,200.0,0.0,100.0,8547.0,100.0,46733231904.0,100.0,49600417918.0
2018-12-13,ZCH084JE,ST12000NM0007,12000138625024,0,75,28993928,98.0,0.0,100.0,2.0,100.0,0.0,89.0,844022460.0,90,8889,100.0,0.0,100,1,,,,,100.0,0.0,100.0,0.0,,,70.0,30.0,,,100.0,159.0,100.0,1084.0,30,30,100.0,0.0,100.0,0.0,200.0,0.0,100.0,8570.0,100.0,46849204432.0,100.0,49859632766.0
2018-12-14,ZCH084JE,ST12000NM0007,12000138625024,0,78,59161624,98.0,0.0,100.0,2.0,100.0,0.0,89.0,846540900.0,90,8913,100.0,0.0,100,1,,,,,100.0,0.0,100.0,0.0,,,70.0,30.0,,,100.0,159.0,100.0,1085.0,30,30,100.0,0.0,100.0,0.0,200.0,0.0,100.0,8594.0,100.0,46920020496.0,100.0,50063125086.0
2018-12-15,ZCH084JE,ST12000NM0007,12000138625024,0,80,95398600,98.0,0.0,100.0,2.0,100.0,0.0,89.0,849713308.0,90,8937,100.0,0.0,100,1,,,,,100.0,0.0,100.0,0.0,,,69.0,31.0,,,100.0,160.0,100.0,1086.0,31,31,100.0,0.0,100.0,0.0,200.0,0.0,100.0,8618.0,100.0,47030866528.0,100.0,50232656870.0
2018-12-16,ZCH084JE,ST12000NM0007,12000138625024,0,81,132263304,98.0,0.0,100.0,2.0,100.0,0.0,89.0,852271482.0,90,8962,100.0,0.0,100,1,,,,,100.0,0.0,100.0,0.0,,,70.0,30.0,,,100.0,161.0,100.0,1087.0,30,30,100.0,0.0,100.0,0.0,200.0,0.0,100.0,8643.0,100.0,47114063776.0,100.0,50430465174.0
2018-12-17,ZCH084JE,ST12000NM0007,12000138625024,0,82,150239584,98.0,0.0,100.0,2.0,100.0,0.0,89.0,854952780.0,90,8985,100.0,0.0,100,1,,,,,100.0,0.0,100.0,0.0,,,70.0,30.0,,,100.0,162.0,100.0,1088.0,30,30,100.0,0.0,100.0,0.0,200.0,0.0,100.0,8666.0,100.0,47217784760.0,100.0,50588861118.0
2018-12-18,ZCH084JE,ST12000NM0007,12000138625024,0,83,183658992,98.0,0.0,100.0,2.0,100.0,0.0,89.0,857549045.0,90,9008,100.0,0.0,100,1,,,,,100.0,0.0,100.0,0.0,,,70.0,30.0,,,100.0,163.0,100.0,1089.0,30,30,100.0,0.0,100.0,0.0,200.0,0.0,100.0,8689.0,100.0,47301856192.0,100.0,50782349782.0
2018-12-19,ZCH084JE,ST12000NM0007,12000138625024,0,82,149940520,98.0,0.0,100.0,2.0,100.0,0.0,89.0,859842221.0,90,9034,100.0,0.0,100,1,,,,,100.0,0.0,100.0,0.0,,,70.0,30.0,,,100.0,164.0,100.0,1090.0,30,30,100.0,0.0,100.0,0.0,200.0,0.0,100.0,8714.0,100.0,47402789440.0,100.0,50891838694.0
2018-12-20,ZCH084JE,ST12000NM0007,12000138625024,0,84,228939584,98.0,0.0,100.0,2.0,100.0,0.0,89.0,863091983.0,90,9057,100.0,0.0,100,1,,,,,100.0,0.0,100.0,0.0,,,70.0,30.0,,,100.0,164.0,100.0,1091.0,30,30,100.0,0.0,100.0,0.0,200.0,0.0,100.0,8738.0,100.0,47505604736.0,100.0,51112163726.0
2018-12-21,ZCH084JE,ST12000NM0007,12000138625024,0,74,23203520,98.0,0.0,100.0,2.0,100.0,0.0,89.0,865401960.0,90,9081,100.0,0.0,100,1,,,,,100.0,0.0,100.0,0.0,,,69.0,31.0,,,100.0,164.0,100.0,1092.0,31,31,100.0,0.0,100.0,0.0,200.0,0.0,100.0,8761.0,100.0,47583558152.0,100.0,51316755614.0
2018-12-22,ZCH084JE,ST12000NM0007,12000138625024,0,79,80947736,98.0,0.0,100.0,2.0,100.0,0.0,89.0,868845239.0,90,9105,100.0,0.0,100,1,,,,,100.0,0.0,100.0,0.0,,,69.0,31.0,,,100.0,164.0,100.0,1093.0,31,31,100.0,0.0,100.0,0.0,200.0,0.0,100.0,8785.0,100.0,47683669048.0,100.0,51518529614.0
2018-12-23,ZCH084JE,ST12000NM0007,12000138625024,0,81,137108232,98.0,0.0,100.0,2.0,100.0,0.0,89.0,871595492.0,90,9129,100.0,0.0,100,1,,,,,100.0,0.0,100.0,0.0,,,70.0,30.0,,,100.0,165.0,100.0,1094.0,30,30,100.0,0.0,100.0,0.0,200.0,0.0,100.0,8809.0,100.0,47772168808.0,100.0,51730331102.0
2018-12-24,ZCH084JE,ST12000NM0007,12000138625024,0,80,91684080,98.0,0.0,100.0,2.0,100.0,0.0,89.0,873624760.0,90,9152,100.0,0.0,100,1,,,,,100.0,0.0,100.0,0.0,,,70.0,30.0,,,100.0,166.0,100.0,1095.0,30,30,100.0,0.0,100.0,0.0,200.0,0.0,100.0,8832.0,100.0,47828991632.0,100.0,51872225126.0
2018-12-25,ZCH084JE,ST12000NM0007,12000138625024,0,79,80812632,98.0,0.0,100.0,2.0,100.0,0.0,89.0,875918654.0,90,9177,100.0,0.0,100,1,,,,,100.0,0.0,100.0,0.0,,,70.0,30.0,,,100.0,166.0,100.0,1096.0,30,30,100.0,0.0,100.0,0.0,200.0,0.0,100.0,8856.0,100.0,47897861984.0,100.0,52036624022.0
2018-12-26,ZCH084JE,ST12000NM0007,12000138625024,0,79,88697952,98.0,0.0,100.0,2.0,100.0,0.0,89.0,878219357.0,90,9201,100.0,0.0,100,1,,,,,100.0,0.0,100.0,0.0,,,70.0,30.0,,,100.0,166.0,100.0,1097.0,30,30,100.0,0.0,100.0,0.0,200.0,0.0,100.0,8881.0,100.0,47978937656.0,100.0,52207574614.0
2018-12-27,ZCH084JE,ST12000NM0007,12000138625024,0,82,155872448,98.0,0.0,100.0,2.0,100.0,0.0,89.0,881335181.0,90,9225,100.0,0.0,100,1,,,,,100.0,0.0,100.0,0.0,,,70.0,30.0,,,100.0,166.0,100.0,1098.0,30,30,100.0,0.0,100.0,0.0,200.0,0.0,100.0,8904.0,100.0,48071846624.0,100.0,52425981478.0
2018-12-28,ZCH084JE,ST12000NM0007,12000138625024,0,82,163588616,98.0,0.0,100.0,2.0,100.0,0.0,89.0,883358467.0,90,9250,100.0,0.0,100,1,,,,,100.0,0.0,100.0,0.0,,,70.0,30.0,,,100.0,167.0,100.0,1099.0,30,30,100.0,0.0,100.0,0.0,200.0,0.0,100.0,8929.0,100.0,48158012120.0,100.0,52591672886.0
2018-12-29,ZCH084JE,ST12000NM0007,12000138625024,0,76,35561272,98.0,0.0,100.0,2.0,100.0,0.0,89.0,887186539.0,90,9273,100.0,0.0,100,1,,,,,100.0,0.0,100.0,0.0,,,69.0,31.0,,,100.0,167.0,100.0,1100.0,31,31,100.0,0.0,100.0,0.0,200.0,0.0,100.0,8952.0,100.0,48279618904.0,100.0,52830320214.0
2018-12-30,ZCH084JE,ST12000NM0007,12000138625024,0,79,83449224,98.0,0.0,100.0,2.0,100.0,0.0,89.0,889751398.0,90,9298,100.0,0.0,100,1,,,,,100.0,0.0,100.0,0.0,,,70.0,30.0,,,100.0,167.0,100.0,1101.0,30,30,100.0,0.0,100.0,0.0,200.0,0.0,100.0,8977.0,100.0,48358296552.0,100.0,53043671334.0
2018-12-31,ZCH084JE,ST12000NM0007,12000138625024,0,77,50679728,98.0,0.0,100.0,2.0,100.0,0.0,90.0,891657094.0,90,9321,100.0,0.0,100,1,,,,,100.0,0.0,100.0,0.0,,,70.0,30.0,,,100.0,168.0,100.0,1102.0,30,30,100.0,0.0,100.0,0.0,200.0,0.0,100.0,9000.0,100.0,48419375552.0,100.0,53193964150.0
