2018-01-13,ZCH0CGEJ,ST12000NM0007,12000138625024,0,83.0,178391304.0,99.0,0.0,100.0,1.0,100,0,63.0,2129129.0,100,61,100.0,0.0,100,1,,,,,100.0,0.0,100.0,0.0,,,72.0,28.0,,,100.0,0.0,100.0,80.0,28.0,28.0,100.0,0.0,100.0,0.0,200,0,100.0,35.0,100.0,641262040.0,100.0,269596978.0
2018-01-14,ZCH0CGEJ,ST12000NM0007,12000138625024,0,83.0,178669544.0,99.0,0.0,100.0,1.0,100,0,63.0,2164021.0,100,85,100.0,0.0,100,1,,,,,100.0,0.0,100.0,0.0,,,72.0,28.0,,,100.0,1.0,100.0,81.0,28.0,28.0,100.0,0.0,100.0,0.0,200,0,100.0,59.0,100.0,641349464.0,100.0,269787794.0
2018-01-15,ZCH0CGEJ,ST12000NM0007,12000138625024,0,83.0,178962416.0,99.0,0.0,100.0,1.0,100,0,63.0,2200281.0,100,109,100.0,0.0,100,1,,,,,100.0,0.0,100.0,0.0,,,72.0,28.0,,,100.0,2.0,100.0,82.0,28.0,28.0,100.0,0.0,100.0,0.0,200,0,100.0,83.0,100.0,641443232.0,100.0,269986898.0
2018-01-16,ZCH0CGEJ,ST12000NM0007,12000138625024,0,83.0,179242224.0,99.0,0.0,100.0,1.0,100,0,63.0,2234997.0,100,132,100.0,0.0,100,1,,,,,100.0,0.0,100.0,0.0,,,75.0,25.0,,,100.0,3.0,100.0,83.0,25.0,25.0,100.0,0.0,100.0,0.0,200,0,100.0,106.0,100.0,641532232.0,100.0,270177706.0
2018-01-17,ZCH0CGEJ,ST12000NM0007,12000138625024,0,83.0,179531168.0,99.0,0.0,100.0,1.0,100,0,64.0,2269382.0,100,157,100.0,0.0,100,1,,,,,100.0,0.0,100.0,0.0,,,69.0,31.0,,,100.0,4.0,100.0,84.0,31.0,31.0,100.0,0.0,100.0,0.0,200,0,100.0,131.0,100.0,641622072.0,100.0,270376810.0
2018-01-18,ZCH0CGEJ,ST12000NM0007,12000138625024,0,83.0,179820944.0,99.0,0.0,100.0,1.0,100.0,0.0,64.0,2303479.0,100.0,181.0,100.0,0.0,100.0,1.0,,,,,100.0,0.0,100.0,0.0,,,69.0,31.0,,,100.0,5.0,100.0,85.0,31.0,31.0,100.0,0.0,100.0,0.0,200.0,0.0,100.0,155.0,100.0,641712744.0,100.0,270575914.0
2018-01-19,ZCH0CGEJ,ST12000NM0007,12000138625024,0,83.0,180096488.0,99.0,0.0,100.0,1.0,100.0,0.0,64.0,2335769.0,100.0,205.0,100.0,0.0,100.0,1.0,,,,,100.0,0.0,100.0,0.0,,,69.0,31.0,,,100.0,6.0,100.0,86.0,31.0,31.0,100.0,0.0,100.0,0.0,200.0,0.0,100.0,178.0,100.0,641797480.0,100.0,270766722.0
2018-01-20,ZCH0CGEJ,ST12000NM0007,12000138625024,0,83.0,180387040.0,99.0,0.0,100.0,1.0,100,0,64.0,2369573.0,100,229,100.0,0.0,100,1,,,,,100.0,0.0,100.0,0.0,,,69.0,31.0,,,100.0,7.0,100.0,87.0,31.0,31.0,100.0,0.0,100.0,0.0,200,0,100.0,203.0,100.0,641885456.0,100.0,270969298.0
2018-01-21,ZCH0CGEJ,ST12000NM0007,12000138625024,0,83.0,180660112.0,99.0,0.0,100.0,1.0,100,0,64.0,2401478.0,100,252,100.0,0.0,100,1,,,,,100.0,0.0,100.0,0.0,,,69.0,31.0,,,100.0,8.0,100.0,88.0,31.0,31.0,100.0,0.0,100.0,0.0,200,0,100.0,226.0,100.0,641967720.0,100.0,271160106.0
2018-01-22,ZCH0CGEJ,ST12000NM0007,12000138625024,0,83.0,180946888.0,99.0,0.0,100.0,1.0,100,0,64.0,2435087.0,100,277,100.0,0.0,100,1,,,,,100.0,0.0,100.0,0.0,,,69.0,31.0,,,100.0,9.0,100.0,89.0,31.0,31.0,100.0,0.0,100.0,0.0,200,0,100.0,250.0,100.0,642055392.0,100.0,271359210.0
2018-01-23,ZCH0CGEJ,ST12000NM0007,12000138625024,0,83.0,181230472.0,99.0,0.0,100.0,1.0,100,0,64.0,2467866.0,100,301,100.0,0.0,100,1,,,,,100.0,0.0,100.0,0.0,,,70.0,30.0,,,100.0,10.0,100.0,90.0,30.0,30.0,100.0,0.0,100.0,0.0,200,0,100.0,275.0,100.0,642139872.0,100.0,271558314.0
2018-01-24,ZCH0CGEJ,ST12000NM0007,12000138625024,0,83.0,181502568.0,99.0,0.0,100.0,1.0,100,0,64.0,2499600.0,100,325,100.0,0.0,100,1,,,,,100.0,0.0,100.0,0.0,,,69.0,31.0,,,100.0,11.0,100.0,91.0,31.0,31.0,100.0,0.0,100.0,0.0,200,0,100.0,298.0,100.0,642221160.0,100.0,271749122.0
2018-01-25,ZCH0CGEJ,ST12000NM0007,12000138625024,0,83.0,181786712.0,99.0,0.0,100.0,1.0,100,0,64.0,2532521.0,100,349,100.0,0.0,100,1,,,,,100.0,0.0,100.0,0.0,,,70.0,30.0,,,100.0,12.0,100.0,92.0,30.0,30.0,100.0,0.0,100.0,0.0,200,0,100.0,322.0,100.0,642306200.0,100.0,271948226.0
2018-01-26,ZCH0CGEJ,ST12000NM0007,12000138625024,0,83.0,182058400.0,99.0,0.0,100.0,1.0,100,0,64.0,2563940.0,100,372,100.0,0.0,100,1,,,,,100.0,0.0,100.0,0.0,,,69.0,31.0,,,100.0,13.0,100.0,93.0,31.0,31.0,100.0,0.0,100.0,0.0,200,0,100.0,345.0,100.0,642387080.0,100.0,272139034.0
2018-01-27,ZCH0CGEJ,ST12000NM0007,12000138625024,0,83.0,182342088.0,99.0,0.0,100.0,1.0,100,0,64.0,2596786.0,100,397,100.0,0.0,100,1,,,,,100.0,0.0,100.0,0.0,,,69.0,31.0,,,100.0,14.0,100.0,94.0,31.0,31.0,100.0,0.0,100.0,0.0,200,0,100.0,370.0,100.0,642471664.0,100.0,272338138.0
2018-01-28,ZCH0CGEJ,ST12000NM0007,12000138625024,0,83.0,182625360.0,99.0,0.0,100.0,1.0,100,0,64.0,2629492.0,100,421,100.0,0.0,100,1,,,,,100.0,0.0,100.0,0.0,,,69.0,31.0,,,100.0,15.0,100.0,95.0,31.0,31.0,100.0,0.0,100.0,0.0,200,0,100.0,394.0,100.0,642555832.0,100.0,272537242.0
2018-01-29,ZCH0CGEJ,ST12000NM0007,12000138625024,0,83.0,182897480.0,99.0,0.0,100.0,1.0,100,0,64.0,2661370.0,100,445,100.0,0.0,100,1,,,,,100.0,0.0,100.0,0.0,,,69.0,31.0,,,100.0,16.0,100.0,96.0,31.0,31.0,100.0,0.0,100.0,0.0,200,0,100.0,417.0,100.0,642637144.0,100.0,272728050.0
2018-01-30,ZCH0CGEJ,ST12000NM0007,12000138625024,0,83.0,183181424.0,99.0,0.0,100.0,1.0,100,0,64.0,2694915.0,100,469,100.0,0.0,100,1,,,,,100.0,0.0,100.0,0.0,,,69.0,31.0,,,100.0,17.0,100.0,97.0,31.0,31.0,100.0,0.0,100.0,0.0,200,0,100.0,441.0,100.0,642721968.0,100.0,272927170.0
2018-01-31,ZCH0CGEJ,ST12000NM0007,12000138625024,0,83.0,183464760.0,99.0,0.0,100.0,1.0,100.0,0.0,64.0,2728459.0,100.0,493.0,100.0,0.0,100.0,1.0,,,,,100.0,0.0,100.0,0.0,,,69.0,31.0,,,100.0,18.0,100.0,98.0,31.0,31.0,100.0,0.0,100.0,0.0,200.0,0.0,100.0,466.0,100.0,642806200.0,100.0,273126274.0
2018-02-01,ZCH0CGEJ,ST12000NM0007,12000138625024,0,83.0,183736840.0,99.0,0.0,100.0,1.0,100,0,64.0,2759804.0,100,517,100.0,0.0,100,1,,,,,100.0,0.0,100.0,0.0,,,70.0,30.0,,,100.0,19.0,100.0,99.0,30.0,30.0,100.0,0.0,100.0,0.0,200,0,100.0,489.0,100.0,642887072.0,100.0,273317482.0
2018-02-02,ZCH0CGEJ,ST12000NM0007,12000138625024,0,83.0,184020288.0,99.0,0.0,100.0,1.0,100,0,64.0,2792520.0,100,541,100.0,0.0,100,1,,,,,100.0,0.0,100.0,0.0,,,69.0,31.0,,,100.0,20.0,100.0,100.0,31.0,31.0,100.0,0.0,100.0,0.0,200,0,100.0,513.0,100.0,642971416.0,100.0,273516586.0
2018-02-03,ZCH0CGEJ,ST12000NM0007,12000138625024,0,83.0,184291848.0,99.0,0.0,100.0,1.0,100,0,65.0,2823988.0,100,565,100.0,0.0,100,1,,,,,100.0,0.0,100.0,0.0,,,69.0,31.0,,,100.0,21.0,100.0,101.0,31.0,31.0,100.0,0.0,100.0,0.0,200,0,100.0,537.0,100.0,643052168.0,100.0,273707394.0
2018-02-04,ZCH0CGEJ,ST12000NM0007,12000138625024,0,83.0,184575536.0,99.0,0.0,100.0,1.0,100,0,65.0,2856694.0,100,589,100.0,0.0,100,1,,,,,100.0,0.0,100.0,0.0,,,70.0,30.0,,,100.0,22.0,100.0,102.0,30.0,30.0,100.0,0.0,100.0,0.0,200,0,100.0,561.0,100.0,643136752.0,100.0,273906498.0
2018-02-05,ZCH0CGEJ,ST12000NM0007,12000138625024,0,83.0,184859456.0,99.0,0.0,100.0,1.0,100,0,65.0,2889593.0,100,613,100.0,0.0,100,1,,,,,100.0,0.0,100.0,0.0,,,69.0,31.0,,,100.0,23.0,100.0,103.0,31.0,31.0,100.0,0.0,100.0,0.0,200,0,100.0,585.0,100.0,643221568.0,100.0,274105602.0
2018-02-06,ZCH0CGEJ,ST12000NM0007,12000138625024,0,83.0,185130696.0,99.0,0.0,100.0,1.0,100,0,65.0,2921395.0,100,637,100.0,0.0,100,1,,,,,100.0,0.0,100.0,0.0,,,69.0,31.0,,,100.0,24.0,100.0,104.0,31.0,31.0,100.0,0.0,100.0,0.0,200,0,100.0,608.0,100.0,643301992.0,100.0,274296418.0
2018-02-07,ZCH0CGEJ,ST12000NM0007,12000138625024,0,83.0,185415232.0,99.0,0.0,100.0,1.0,100,0,65.0,2954609.0,100,661,100.0,0.0,100,1,,,,,100.0,0.0,100.0,0.0,,,70.0,30.0,,,100.0,25.0,100.0,105.0,30.0,30.0,100.0,0.0,100.0,0.0,200,0,100.0,633.0,100.0,643387424.0,100.0,274495522.0
2018-02-08,ZCH0CGEJ,ST12000NM0007,12000138625024,0,83.0,185689424.0,99.0,0.0,100.0,1.0,100,0,65.0,2986374.0,100,685,100.0,0.0,100,1,,,,,100.0,0.0,100.0,0.0,,,70.0,30.0,,,100.0,26.0,100.0,106.0,30.0,30.0,100.0,0.0,100.0,0.0,200,0,100.0,656.0,100.0,643470808.0,100.0,274686330.0
2018-02-09,ZCH0CGEJ,ST12000NM0007,12000138625024,0,83,185975728,99,0,100,1,100,0,65,3019620,100,709,100,0,100,1,,,,,100.0,0.0,100.0,0.0,,,70.0,30.0,,,100.0,27.0,100.0,107.0,30,30,100,0,100,0,200,0,100.0,680.0,100.0,643558008.0,100.0,274885434.0
2018-02-10,ZCH0CGEJ,ST12000NM0007,12000138625024,0,83.0,186261896.0,99.0,0.0,100.0,1.0,100.0,0.0,65.0,3052589.0,100.0,733.0,100.0,0.0,100.0,1.0,,,,,100.0,0.0,100.0,0.0,,,70.0,30.0,,,100.0,28.0,100.0,108.0,30.0,30.0,100.0,0.0,100.0,0.0,200.0,0.0,100.0,704.0,100.0,643645072.0,100.0,275084538.0
2018-02-11,ZCH0CGEJ,ST12000NM0007,12000138625024,0,83,186535928,99,0,100,1,100,0,65,3084408,100,757,100,0,100,1,,,,,100.0,0.0,100.0,0.0,,,69.0,31.0,,,100.0,29.0,100.0,109.0,31,31,100,0,100,0,200,0,100.0,728.0,100.0,643728296.0,100.0,275275346.0
2018-02-12,ZCH0CGEJ,ST12000NM0007,12000138625024,0,83,186822760,99,0,100,1,100,0,65,3117706,100,781,100,0,100,1,,,,,100.0,0.0,100.0,0.0,,,69.0,31.0,,,100.0,30.0,100.0,110.0,31,31,100,0,100,0,200,0,100.0,752.0,100.0,643816024.0,100.0,275474450.0
2018-02-13,ZCH0CGEJ,ST12000NM0007,12000138625024,0,83,187096616,99,0,100,1,100,0,65,3149674,100,805,100,0,100,1,,,,,100.0,0.0,100.0,0.0,,,71.0,29.0,,,100.0,30.0,100.0,111.0,29,29,100,0,100,0,200,0,100.0,775.0,100.0,643899072.0,100.0,275665258.0
2018-02-14,ZCH0CGEJ,ST12000NM0007,12000138625024,0,83,187382176,99,0,100,1,100,0,65,3183148,100,829,100,0,100,1,,,,,100.0,0.0,100.0,0.0,,,71.0,29.0,,,100.0,31.0,100.0,112.0,29,29,100,0,100,0,200,0,100.0,799.0,100.0,643985528.0,100.0,275864362.0
2018-02-15,ZCH0CGEJ,ST12000NM0007,12000138625024,0,83,187667968,99,0,100,1,100,0,65,3216208,100,853,100,0,100,1,,,,,100.0,0.0,100.0,0.0,,,71.0,29.0,,,100.0,32.0,100.0,113.0,29,29,100,0,100,0,200,0,100.0,824.0,100.0,644072216.0,100.0,276063466.0
2018-02-16,ZCH0CGEJ,ST12000NM0007,12000138625024,0,83,187939856,99,0,100,1,100,0,65,3247745,99,877,100,0,100,1,,,,,100.0,0.0,100.0,0.0,,,71.0,29.0,,,100.0,33.0,100.0,114.0,29,29,100,0,100,0,200,0,100.0,847.0,100.0,644153296.0,100.0,276254274.0
2018-02-17,ZCH0CGEJ,ST12000NM0007,12000138625024,0,83,188223568,99,0,100,1,100,0,65,3280381,99,901,100,0,100,1,,,,,100.0,0.0,100.0,0.0,,,71.0,29.0,,,100.0,34.0,100.0,115.0,29,29,100,0,100,0,200,0,100.0,871.0,100.0,644237904.0,100.0,276453378.0
2018-02-18,ZCH0CGEJ,ST12000NM0007,12000138625024,0,83,188498280,99,0,100,1,100,0,65,3312076,99,925,100,0,100,1,,,,,100.0,0.0,100.0,0.0,,,71.0,29.0,,,100.0,35.0,100.0,116.0,29,29,100,0,100,0,200,0,100.0,895.0,100.0,644321808.0,100.0,276644186.0
2018-02-19,ZCH0CGEJ,ST12000NM0007,12000138625024,0,83,188785480,99,0,100,1,100,0,65,3345537,99,949,100,0,100,1,,,,,100.0,0.0,100.0,0.0,,,71.0,29.0,,,100.0,36.0,100.0,117.0,29,29,100,0,100,0,200,0,100.0,919.0,100.0,644409904.0,100.0,276843290.0
2018-02-20,ZCH0CGEJ,ST12000NM0007,12000138625024,0,83,189071568,99,0,100,1,100,0,65,3378830,99,973,100,0,100,1,,,,,100.0,0.0,100.0,0.0,,,71.0,29.0,,,100.0,37.0,100.0,118.0,29,29,100,0,100,0,200,0,100.0,943.0,100.0,644496888.0,100.0,277042394.0
2018-02-21,ZCH0CGEJ,ST12000NM0007,12000138625024,0,83,189346392,99,0,100,1,100,0,65,3411102,99,997,100,0,100,1,,,,,100.0,0.0,100.0,0.0,,,71.0,29.0,,,100.0,38.0,100.0,119.0,29,29,100,0,100,0,200,0,100.0,967.0,100.0,644580904.0,100.0,277233202.0
2018-02-22,ZCH0CGEJ,ST12000NM0007,12000138625024,0,83,189632504,99,0,100,1,100,0,65,3443985,99,1021,100,0,100,1,,,,,100.0,0.0,100.0,0.0,,,71.0,29.0,,,100.0,39.0,100.0,120.0,29,29,100,0,100,0,200,0,100.0,991.0,100.0,644667912.0,100.0,277432306.0
2018-02-23,ZCH0CGEJ,ST12000NM0007,12000138625024,0,83,189908072,99,0,100,1,100,0,65,3476114,99,1045,100,0,100,1,,,,,100.0,0.0,100.0,0.0,,,71.0,29.0,,,100.0,40.0,100.0,121.0,29,29,100,0,100,0,200,0,100.0,1015.0,100.0,644752672.0,100.0,277623114.0
2018-02-24,ZCH0CGEJ,ST12000NM0007,12000138625024,0,83,190194496,99,0,100,1,100,0,65,3509608,99,1069,100,0,100,1,,,,,100.0,0.0,100.0,0.0,,,71.0,29.0,,,100.0,41.0,100.0,122.0,29,29,100,0,100,0,200,0,100.0,1039.0,100.0,644839992.0,100.0,277822218.0
2018-02-25,ZCH0CGEJ,ST12000NM0007,12000138625024,0,83,190468672,99,0,100,1,100,0,65,3541562,99,1093,100,0,100,1,,,,,100.0,0.0,100.0,0.0,,,71.0,29.0,,,100.0,42.0,100.0,123.0,29,29,100,0,100,0,200,0,100.0,1062.0,100.0,644923360.0,100.0,278013026.0
2018-02-26,ZCH0CGEJ,ST12000NM0007,12000138625024,0,83,190755416,99,0,100,1,100,0,66,3574967,99,1117,100,0,100,1,,,,,100.0,0.0,100.0,0.0,,,71.0,29.0,,,100.0,43.0,100.0,124.0,29,29,100,0,100,0,200,0,100.0,1086.0,100.0,645011000.0,100.0,278212130.0
2018-02-27,ZCH0CGEJ,ST12000NM0007,12000138625024,0,84,234210872,99,0,100,1,100,0,66,3956248,99,1139,100,0,100,1,,,,,100.0,0.0,100.0,0.0,,,70.0,30.0,,,100.0,44.0,100.0,126.0,30,30,100,0,100,0,200,0,100.0,1107.0,100.0,668216816.0,100.0,298461770.0
2018-02-28,ZCH0CGEJ,ST12000NM0007,12000138625024,0,83,205941632,99,0,100,1,100,0,68,6830282,99,1163,100,0,100,1,,,,,100.0,0.0,100.0,0.0,,,70.0,30.0,,,100.0,44.0,100.0,127.0,30,30,100,0,100,0,200,0,100.0,1131.0,100.0,918842400.0,100.0,507848274.0
2018-03-01,ZCH0CGEJ,ST12000NM0007,12000138625024,0,83,189380096,99,0,100,1,100,0,70,9522296,99,1182,100,0,100,1,,,,,100.0,0.0,100.0,0.0,,,70.0,30.0,,,100.0,44.0,100.0,128.0,30,30,100,0,100,0,200,0,100.0,1151.0,100.0,1178145600.0,100.0,720265002.0
2018-03-02,ZCH0CGEJ,ST12000NM0007,12000138625024,0,74,24305328,99,0,100,1,100,0,71,12875735,99,1208,100,0,100,1,,,,,100.0,0.0,100.0,0.0,,,70.0,30.0,,,100.0,44.0,100.0,129.0,30,30,100,0,100,0,200,0,100.0,1176.0,100.0,1462599432.0,100.0,1003158650.0
2018-03-03,ZCH0CGEJ,ST12000NM0007,12000138625024,0,76,43251816,99,0,100,1,100,0,72,15901813,99,1230,100,0,100,1,,,,,100.0,0.0,100.0,0.0,,,70.0,30.0,,,100.0,44.0,100.0,130.0,30,30,100,0,100,0,200,0,100.0,1198.0,100.0,1745522720.0,100.0,1227463498.0
2018-03-04,ZCH0CGEJ,ST12000NM0007,12000138625024,0,81,131876096,99,0,100,1,100,0,73,19261280,99,1255,100,0,100,1,,,,,100.0,0.0,100.0,0.0,,,70.0,30.0,,,100.0,44.0,100.0,131.0,30,30,100,0,100,0,200,0,100.0,1223.0,100.0,2050770104.0,100.0,1499122170.0
2018-03-05,ZCH0CGEJ,ST12000NM0007,12000138625024,0,84,231901920,99,0,100,1,100,0,74,22610011,99,1279,100,0,100,1,,,,,100.0,0.0,100.0,0.0,,,70.0,30.0,,,100.0,44.0,100.0,132.0,30,30,100,0,100,0,200,0,100.0,1247.0,100.0,2371918576.0,100.0,1766281074.0
2018-03-06,ZCH0CGEJ,ST12000NM0007,12000138625024,0,82,163892488,99,0,100,1,100,0,74,26585135,99,1308,100,0,100,1,,,,,100.0,0.0,100.0,0.0,,,70.0,30.0,,,100.0,44.0,100.0,134.0,30,30,100,0,100,0,200,0,100.0,1275.0,100.0,2737435056.0,100.0,2065177442.0
2018-03-07,ZCH0CGEJ,ST12000NM0007,12000138625024,0,83.0,184460848.0,99.0,0.0,100.0,1.0,100.0,0.0,75.0,29751800.0,99.0,1331.0,100.0,0.0,100.0,1.0,,,,,100.0,0.0,100.0,0.0,,,70.0,30.0,,,100.0,44.0,100.0,135.0,30.0,30.0,100.0,0.0,100.0,0.0,200.0,0.0,100.0,1299.0,100.0,3009607928.0,100.0,2301854346.0
2018-03-08,ZCH0CGEJ,ST12000NM0007,12000138625024,0,73,20949960,99,0,100,1,100,0,75,33093765,99,1356,100,0,100,1,,,,,100.0,0.0,100.0,0.0,,,70.0,30.0,,,100.0,44.0,100.0,136.0,30,30,100,0,100,0,200,0,100.0,1323.0,100.0,3306179944.0,100.0,2574193834.0
2018-03-09,ZCH0CGEJ,ST12000NM0007,12000138625024,0,83,198281032,99,0,100,1,100,0,76,36838936,99,1382,100,0,100,1,,,,,100.0,0.0,100.0,0.0,,,70.0,30.0,,,100.0,44.0,100.0,137.0,30,30,100,0,100,0,200,0,100.0,1349.0,100.0,3664562816.0,100.0,2881423546.0
2018-03-10,ZCH0CGEJ,ST12000NM0007,12000138625024,0,78,57766960,99,0,100,1,100,0,76,40303112,99,1406,100,0,100,1,,,,,100.0,0.0,100.0,0.0,,,70.0,30.0,,,100.0,44.0,100.0,138.0,30,30,100,0,100,0,200,0,100.0,1374.0,100.0,3985153288.0,100.0,3152741218.0
2018-03-11,ZCH0CGEJ,ST12000NM0007,12000138625024,0,82,142184120,99,0,100,1,100,0,76,43629175,99,1429,100,0,100,1,,,,,100.0,0.0,100.0,0.0,,,70.0,30.0,,,100.0,44.0,100.0,139.0,30,30,100,0,100,0,200,0,100.0,1397.0,100.0,4299188376.0,100.0,3411404882.0
2018-03-12,ZCH0CGEJ,ST12000NM0007,12000138625024,0,75,33601856,99,0,100,1,100,0,77,47273024,99,1454,100,0,100,1,,,,,100.0,0.0,100.0,0.0,,,70.0,30.0,,,100.0,44.0,100.0,140.0,30,30,100,0,100,0,200,0,100.0,1422.0,100.0,4644436648.0,100.0,3689996354.0
2018-03-13,ZCH0CGEJ,ST12000NM0007,12000138625024,0,79,79941928,99,0,100,1,100,0,77,50570701,99,1478,100,0,100,1,,,,,100.0,0.0,100.0,0.0,,,70.0,30.0,,,100.0,44.0,100.0,141.0,30,30,100,0,100,0,200,0,100.0,1445.0,100.0,4928877656.0,100.0,3940176842.0
2018-03-14,ZCH0CGEJ,ST12000NM0007,12000138625024,0,81,138103024,99,0,100,1,100,0,77,53951981,99,1502,100,0,100,1,,,,,100.0,0.0,100.0,0.0,,,70.0,30.0,,,100.0,44.0,100.0,142.0,30,30,100,0,100,0,200,0,100.0,1470.0,100.0,5219438856.0,100.0,4196058082.0
2018-03-15,ZCH0CGEJ,ST12000NM0007,12000138625024,0,84,233549744,99,0,100,1,100,0,77,56021196,99,1518,100,0,100,1,,,,,100.0,0.0,100.0,0.0,,,70.0,30.0,,,100.0,44.0,100.0,142.0,30,30,100,0,100,0,200,0,100.0,1485.0,100.0,5390164616.0,100.0,4364919674.0
2018-03-16,ZCH0CGEJ,ST12000NM0007,12000138625024,0,76.0,38532800.0,99.0,0.0,100.0,1.0,100.0,0.0,78.0,59350445.0,99.0,1542.0,100.0,0.0,100.0,1.0,,,,,100.0,0.0,100.0,0.0,,,70.0,30.0,,,100.0,44.0,100.0,143.0,30.0,30.0,100.0,0.0,100.0,0.0,200.0,0.0,100.0,1510.0,100.0,5657742360.0,100.0,4634747266.0
2018-03-17,ZCH0CGEJ,ST12000NM0007,12000138625024,0,82,153188984,99,0,100,1,100,0,78,62813375,99,1566,100,0,100,1,,,,,100.0,0.0,100.0,0.0,,,70.0,30.0,,,100.0,44.0,100.0,144.0,30,30,100,0,100,0,200,0,100.0,1534.0,100.0,5976125192.0,100.0,4919302314.0
2018-03-18,ZCH0CGEJ,ST12000NM0007,12000138625024,0,83,178239592,99,0,100,1,100,0,78,65876969,99,1589,100,0,100,1,,,,,100.0,0.0,100.0,0.0,,,70.0,30.0,,,100.0,44.0,100.0,145.0,30,30,100,0,100,0,200,0,100.0,1556.0,100.0,6242965512.0,100.0,5165794114.0
2018-03-19,ZCH0CGEJ,ST12000NM0007,12000138625024,0,84,226077768,99,0,100,1,100,0,78,69359557,99,1614,100,0,100,1,,,,,100.0,0.0,100.0,0.0,,,70.0,30.0,,,100.0,44.0,100.0,146.0,30,30,100,0,100,0,200,0,100.0,1581.0,100.0,6530309904.0,100.0,5414569194.0
2018-03-20,ZCH0CGEJ,ST12000NM0007,12000138625024,0,79,74934176,99,0,100,1,100,0,79,71564813,99,1630,100,0,100,1,,,,,100.0,0.0,100.0,0.0,,,70.0,30.0,,,100.0,44.0,100.0,147.0,30,30,100,0,100,0,200,0,100.0,1597.0,100.0,6703970976.0,100.0,5578046130.0
2018-03-21,ZCH0CGEJ,ST12000NM0007,12000138625024,0,76,35664096,99,0,100,1,100,0,79,76060910,99,1662,100,0,100,1,,,,,100.0,0.0,100.0,0.0,,,70.0,30.0,,,100.0,44.0,100.0,148.0,30,30,100,0,100,0,200,0,100.0,1630.0,100.0,7049048736.0,100.0,5926120466.0
2018-03-22,ZCH0CGEJ,ST12000NM0007,12000138625024,0,77,50747528,99,0,100,1,100,0,79,79394164,99,1686,100,0,100,1,,,,,100.0,0.0,100.0,0.0,,,70.0,30.0,,,100.0,44.0,100.0,149.0,30,30,100,0,100,0,200,0,100.0,1653.0,100.0,7325328512.0,100.0,6153205738.0
2018-03-23,ZCH0CGEJ,ST12000NM0007,12000138625024,0,81,119715560,99,0,100,1,100,0,79,82927124,99,1710,100,0,100,1,,,,,100.0,0.0,100.0,0.0,,,70.0,30.0,,,100.0,44.0,100.0,150.0,30,30,100,0,100,0,200,0,100.0,1677.0,100.0,7633634040.0,100.0,6402149690.0
2018-03-24,ZCH0CGEJ,ST12000NM0007,12000138625024,0,78,68242496,99,0,100,1,100,0,79,85993720,99,1735,100,0,100,1,,,,,100.0,0.0,100.0,0.0,,,70.0,30.0,,,100.0,44.0,100.0,152.0,30,30,100,0,100,0,200,0,100.0,1701.0,100.0,7845914976.0,100.0,6626677026.0
2018-03-25,ZCH0CGEJ,ST12000NM0007,12000138625024,0,77,46946632,99,0,100,1,100,0,80,89168607,98,1758,100,0,100,1,,,,,100.0,0.0,100.0,0.0,,,70.0,30.0,,,100.0,44.0,100.0,153.0,30,30,100,0,100,0,200,0,100.0,1725.0,100.0,8092174640.0,100.0,6847403170.0
2018-03-26,ZCH0CGEJ,ST12000NM0007,12000138625024,0,70,9034992,99,0,100,1,100,0,80,92392424,98,1783,100,0,100,1,,,,,100.0,0.0,100.0,0.0,,,70.0,30.0,,,100.0,44.0,100.0,154.0,30,30,100,0,100,0,200,0,100.0,1749.0,100.0,8330388744.0,100.0,7059558890.0
2018-03-27,ZCH0CGEJ,ST12000NM0007,12000138625024,0,83,216136752,99,0,100,1,100,0,80,95578190,98,1807,100,0,100,1,,,,,100.0,0.0,100.0,0.0,,,70.0,30.0,,,100.0,44.0,100.0,155.0,30,30,100,0,100,0,200,0,100.0,1773.0,100.0,8552784928.0,100.0,7288405154.0
2018-03-28,ZCH0CGEJ,ST12000NM0007,12000138625024,0,82,143912696,99,0,100,1,100,0,80,98698178,98,1831,100,0,100,1,,,,,100.0,0.0,100.0,0.0,,,70.0,30.0,,,100.0,44.0,100.0,155.0,30,30,100,0,100,0,200,0,100.0,1797.0,100.0,8779052536.0,100.0,7478194922.0
2018-03-29,ZCH0CGEJ,ST12000NM0007,12000138625024,0,77,48872520,99,0,100,1,100,0,80,103197091,98,1863,100,0,100,1,,,,,100.0,0.0,100.0,0.0,,,70.0,30.0,,,100.0,44.0,100.0,157.0,30,30,100,0,100,0,200,0,100.0,1829.0,100.0,9100646656.0,100.0,7793982690.0
2018-03-30,ZCH0CGEJ,ST12000NM0007,12000138625024,0,74,25197824,99,0,100,1,100,0,80,106352803,98,1886,100,0,100,1,,,,,100.0,0.0,100.0,0.0,,,70.0,30.0,,,100.0,44.0,100.0,158.0,30,30,100,0,100,0,200,0,100.0,1852.0,100.0,9334067848.0,100.0,8025169098.0
2018-03-31,ZCH0CGEJ,ST12000NM0007,12000138625024,0,73,20896560,99,0,100,1,100,0,80,109678039,98,1910,100,0,100,1,,,,,100.0,0.0,100.0,0.0,,,70.0,30.0,,,100.0,44.0,100.0,159.0,30,30,100,0,100,0,200,0,100.0,1876.0,100.0,9583863832.0,100.0,8259353314.0
2018-04-01,ZCH0CGEJ,ST12000NM0007,12000138625024,0,75,33157752,99,0,100,1,100,0,81,113013754,98,1934,100,0,100,1,,,,,100.0,0.0,100.0,0.0,,,70.0,30.0,,,100.0,44.0,100.0,160.0,30,30,100,0,100,0,200,0,100.0,1900.0,100.0,9803104784.0,100.0,8540654938.0
2018-04-02,ZCH0CGEJ,ST12000NM0007,12000138625024,0,83,213705800,99,0,100,1,100,0,81,116058999,98,1958,100,0,100,1,,,,,100.0,0.0,100.0,0.0,,,70.0,30.0,,,100.0,44.0,100.0,161.0,30,30,100,0,100,0,200,0,100.0,1924.0,100.0,10013634032.0,100.0,8754814386.0
2018-04-03,ZCH0CGEJ,ST12000NM0007,12000138625024,0,83,220028512,99,0,100,1,100,0,81,119441772,98,1982,100,0,100,1,,,,,100.0,0.0,100.0,0.0,,,70.0,30.0,,,100.0,44.0,100.0,162.0,30,30,100,0,100,0,200,0,100.0,1948.0,100.0,10273641504.0,100.0,8989411002.0
2018-04-04,ZCH0CGEJ,ST12000NM0007,12000138625024,0,83,200027968,99,0,100,1,100,0,81,122797835,98,2006,100,0,100,1,,,,,100.0,0.0,100.0,0.0,,,70.0,30.0,,,100.0,44.0,100.0,163.0,30,30,100,0,100,0,200,0,100.0,1972.0,100.0,10522707168.0,100.0,9208626418.0
2018-04-05,ZCH0CGEJ,ST12000NM0007,12000138625024,0,83,188979816,99,0,100,1,100,0,81,126126544,98,2030,100,0,100,1,,,,,100.0,0.0,100.0,0.0,,,70.0,30.0,,,100.0,44.0,100.0,164.0,30,30,100,0,100,0,200,0,100.0,1996.0,100.0,10768200288.0,100.0,9440366730.0
2018-04-06,ZCH0CGEJ,ST12000NM0007,12000138625024,0,82,149075160,99,0,100,1,100,0,81,129241976,98,2054,100,0,100,1,,,,,100.0,0.0,100.0,0.0,,,70.0,30.0,,,100.0,44.0,100.0,165.0,30,30,100,0,100,0,200,0,100.0,2020.0,100.0,10976650584.0,100.0,9680293106.0
2018-04-07,ZCH0CGEJ,ST12000NM0007,12000138625024,0,81.0,114731544.0,99.0,0.0,100.0,1.0,100.0,0.0,81.0,132542416.0,98.0,2078.0,100.0,0.0,100.0,1.0,,,,,100.0,0.0,100.0,0.0,,,70.0,30.0,,,100.0,44.0,100.0,166.0,30.0,30.0,100.0,0.0,100.0,0.0,200.0,0.0,100.0,2044.0,100.0,11213473304.0,100.0,9897408306.0
2018-04-08,ZCH0CGEJ,ST12000NM0007,12000138625024,0,79,74360688,99,0,100,1,100,0,81,135720694,98,2102,100,0,100,1,,,,,100.0,0.0,100.0,0.0,,,70.0,30.0,,,100.0,44.0,100.0,167.0,30,30,100,0,100,0,200,0,100.0,2068.0,100.0,11445324496.0,100.0,10113467714.0
2018-04-09,ZCH0CGEJ,ST12000NM0007,12000138625024,0,78,61033392,99,0,100,1,100,0,81,138972120,98,2126,100,0,100,1,,,,,100.0,0.0,100.0,0.0,,,70.0,30.0,,,100.0,44.0,100.0,168.0,30,30,100,0,100,0,200,0,100.0,2092.0,100.0,11687139368.0,100.0,10346607026.0
2018-04-10,ZCH0CGEJ,ST12000NM0007,12000138625024,0,80,98765088,99,0,100,1,100,0,82,142458982,98,2150,100,0,100,1,,,,,100.0,0.0,100.0,0.0,,,70.0,30.0,,,100.0,44.0,100.0,169.0,30,30,100,0,100,0,200,0,100.0,2116.0,100.0,11949572824.0,100.0,10610186946.0
2018-04-11,ZCH0CGEJ,ST12000NM0007,12000138625024,0,80,111964536,99,0,100,1,100,0,82,145818815,98,2174,100,0,100,1,,,,,100.0,0.0,100.0,0.0,,,70.0,30.0,,,100.0,44.0,100.0,170.0,30,30,100,0,100,0,200,0,100.0,2140.0,100.0,12205634888.0,100.0,10855605714.0
2018-04-12,ZCH0CGEJ,ST12000NM0007,12000138625024,0,83,191035016,99,0,100,1,100,0,82,148116238,98,2191,100,0,100,1,,,,,100.0,0.0,100.0,0.0,,,69.0,31.0,,,100.0,44.0,100.0,171.0,31,31,100,0,100,0,200,0,100.0,2156.0,100.0,12362837184.0,100.0,11021614826.0
2018-04-13,ZCH0CGEJ,ST12000NM0007,12000138625024,0,82,161449088,99,0,100,1,100,0,82,151208571,98,2215,100,0,100,1,,,,,100.0,0.0,100.0,0.0,,,69.0,31.0,,,100.0,44.0,100.0,173.0,31,31,100,0,100,0,200,0,100.0,2180.0,100.0,12564626640.0,100.0,11278520962.0
2018-04-14,ZCH0CGEJ,ST12000NM0007,12000138625024,0,82,152660824,99,0,100,1,100,0,82,154494869,98,2239,100,0,100,1,,,,,100.0,0.0,100.0,0.0,,,70.0,30.0,,,100.0,44.0,100.0,174.0,30,30,100,0,100,0,200,0,100.0,2204.0,100.0,12812214672.0,100.0,11510426330.0
2018-04-15,ZCH0CGEJ,ST12000NM0007,12000138625024,0,81,125630776,99,0,100,1,100,0,82,157672411,98,2262,100,0,100,1,,,,,100.0,0.0,100.0,0.0,,,70.0,30.0,,,100.0,44.0,100.0,174.0,30,30,100,0,100,0,200,0,100.0,2227.0,100.0,13043641464.0,100.0,11740251154.0
2018-04-16,ZCH0CGEJ,ST12000NM0007,12000138625024,0,78,69651552,99,0,100,1,100,0,82,160894596,98,2287,100,0,100,1,,,,,100.0,0.0,100.0,0.0,,,69.0,31.0,,,100.0,44.0,100.0,175.0,31,31,100,0,100,0,200,0,100.0,2252.0,100.0,13273912192.0,100.0,11942282626.0
2018-04-17,ZCH0CGEJ,ST12000NM0007,12000138625024,0,66,4203080,99,0,100,1,100,0,82,164008026,98,2310,100,0,100,1,,,,,100.0,0.0,100.0,0.0,,,69.0,31.0,,,100.0,44.0,100.0,176.0,31,31,100,0,100,0,200,0,100.0,2275.0,100.0,13481378512.0,100.0,12157649938.0
2018-04-18,ZCH0CGEJ,ST12000NM0007,12000138625024,0,83,188184024,99,0,100,1,100,0,82,167183475,98,2335,100,0,100,1,,,,,100.0,0.0,100.0,0.0,,,70.0,30.0,,,100.0,45.0,100.0,177.0,30,30,100,0,100,0,200,0,100.0,2300.0,100.0,13665765176.0,100.0,12401385082.0
2018-04-19,ZCH0CGEJ,ST12000NM0007,12000138625024,0,78,67050688,99,0,100,1,100,0,82,170044364,98,2359,100,0,100,1,,,,,100.0,0.0,100.0,0.0,,,69.0,31.0,,,100.0,45.0,100.0,178.0,31,31,100,0,100,0,200,0,100.0,2323.0,100.0,13839835888.0,100.0,12594462634.0
2018-04-20,ZCH0CGEJ,ST12000NM0007,12000138625024,0,83,215410640,99,0,100,1,100,0,82,172931647,98,2382,100,0,100,1,,,,,100.0,0.0,100.0,0.0,,,69.0,31.0,,,100.0,46.0,100.0,179.0,31,31,100,0,100,0,200,0,100.0,2347.0,100.0,14011869528.0,100.0,12814929594.0
2018-04-21,ZCH0CGEJ,ST12000NM0007,12000138625024,0,82,156619120,99,0,100,1,100,0,82,176024695,98,2407,100,0,100,1,,,,,100.0,0.0,100.0,0.0,,,69.0,31.0,,,100.0,47.0,100.0,180.0,31,31,100,0,100,0,200,0,100.0,2371.0,100.0,14214665232.0,100.0,13041623762.0
2018-04-22,ZCH0CGEJ,ST12000NM0007,12000138625024,0,84,242177792,99,0,100,1,100,0,83,178674150,98,2431,100,0,100,1,,,,,100.0,0.0,100.0,0.0,,,69.0,31.0,,,100.0,47.0,100.0,181.0,31,31,100,0,100,0,200,0,100.0,2395.0,100.0,14382085016.0,100.0,13203903282.0
2018-04-23,ZCH0CGEJ,ST12000NM0007,12000138625024,0,81,133310968,99,0,100,1,100,0,83,181694487,98,2455,100,0,100,1,,,,,100.0,0.0,100.0,0.0,,,69.0,31.0,,,100.0,48.0,100.0,182.0,31,31,100,0,100,0,200,0,100.0,2419.0,100.0,14552009368.0,100.0,13413393586.0
2018-04-24,ZCH0CGEJ,ST12000NM0007,12000138625024,0,83,193101696,99,0,100,1,100,0,83,184127453,98,2478,100,0,100,1,,,,,100.0,0.0,100.0,0.0,,,69.0,31.0,,,100.0,48.0,100.0,183.0,31,31,100,0,100,0,200,0,100.0,2443.0,100.0,14681519976.0,100.0,13587814362.0
2018-04-25,ZCH0CGEJ,ST12000NM0007,12000138625024,0,80,108566880,99,0,100,1,100,0,83,187136415,98,2503,100,0,100,1,,,,,100.0,0.0,100.0,0.0,,,70.0,30.0,,,100.0,48.0,100.0,184.0,30,30,100,0,100,0,200,0,100.0,2467.0,100.0,14870126656.0,100.0,13802954330.0
2018-04-26,ZCH0CGEJ,ST12000NM0007,12000138625024,0,83,221569552,99,0,100,1,100,0,83,189954398,98,2527,100,0,100,1,,,,,100.0,0.0,100.0,0.0,,,70.0,30.0,,,100.0,48.0,100.0,185.0,30,30,100,0,100,0,200,0,100.0,2491.0,100.0,15018312936.0,100.0,14011912026.0
2018-04-27,ZCH0CGEJ,ST12000NM0007,12000138625024,0,83,211299336,99,0,100,1,100,0,83,193527843,98,2557,100,0,100,1,,,,,100.0,0.0,100.0,0.0,,,70.0,30.0,,,100.0,48.0,100.0,187.0,30,30,100,0,100,0,200,0,100.0,2521.0,100.0,15193416432.0,100.0,14314819634.0
2018-04-28,ZCH0CGEJ,ST12000NM0007,12000138625024,0,81,117934648,99,0,100,1,100,0,83,196449302,98,2582,100,0,100,1,,,,,100.0,0.0,100.0,0.0,,,70.0,30.0,,,100.0,48.0,100.0,188.0,30,30,100,0,100,0,200,0,100.0,2545.0,100.0,15348163288.0,100.0,14554989666.0
2018-04-29,ZCH0CGEJ,ST12000NM0007,12000138625024,0,83,184098048,99,0,100,1,100,0,83,199083579,98,2605,100,0,100,1,,,,,100.0,0.0,100.0,0.0,,,70.0,30.0,,,100.0,48.0,100.0,189.0,30,30,100,0,100,0,200,0,100.0,2569.0,100.0,15500627168.0,100.0,14712829914.0
2018-04-30,ZCH0CGEJ,ST12000NM0007,12000138625024,0,79,80080952,99,0,100,1,100,0,83,202055265,97,2630,100,0,100,1,,,,,100.0,0.0,100.0,0.0,,,70.0,30.0,,,100.0,48.0,100.0,190.0,30,30,100,0,100,0,200,0,100.0,2593.0,100.0,15675365528.0,100.0,14922356106.0
2018-05-01,ZCH0CGEJ,ST12000NM0007,12000138625024,0,82,168474752,99,0,100,1,100,0,83,204866581,97,2653,100,0,100,1,,,,,100.0,0.0,100.0,0.0,,,70.0,30.0,,,100.0,48.0,100.0,191.0,30,30,100,0,100,0,200,0,100.0,2616.0,100.0,15814496840.0,100.0,15115759338.0
2018-05-02,ZCH0CGEJ,ST12000NM0007,12000138625024,0,77.0,54439672.0,99.0,0.0,100.0,1.0,100.0,0.0,83.0,207769496.0,97.0,2677.0,100.0,0.0,100.0,1.0,,,,,100.0,0.0,100.0,0.0,,,70.0,30.0,,,100.0,48.0,100.0,192.0,30.0,30.0,100.0,0.0,100.0,0.0,200.0,0.0,100.0,2640.0,100.0,15952023112.0,100.0,15352479346.0
2018-05-03,ZCH0CGEJ,ST12000NM0007,12000138625024,0,77,55820928,99,0,100,1,100,0,83,209710563,97,2694,100,0,100,1,,,,,100.0,0.0,100.0,0.0,,,69.0,31.0,,,100.0,48.0,100.0,193.0,31,31,100,0,100,0,200,0,100.0,2657.0,100.0,16051299280.0,100.0,15498725082.0
2018-05-04,ZCH0CGEJ,ST12000NM0007,12000138625024,0,82,173166768,99,0,100,1,100,0,83,212564911,97,2719,100,0,100,1,,,,,100.0,0.0,100.0,0.0,,,69.0,31.0,,,100.0,48.0,100.0,194.0,31,31,100,0,100,0,200,0,100.0,2682.0,100.0,16193694704.0,100.0,15717816274.0
2018-05-05,ZCH0CGEJ,ST12000NM0007,12000138625024,0,79,73512568,99,0,100,1,100,0,83,215562835,97,2742,100,0,100,1,,,,,100.0,0.0,100.0,0.0,,,69.0,31.0,,,100.0,49.0,100.0,196.0,31,31,100,0,100,0,200,0,100.0,2705.0,100.0,16334771096.0,100.0,15965367194.0
2018-05-06,ZCH0CGEJ,ST12000NM0007,12000138625024,0,84,236813392,99,0,100,1,100,0,83,218905483,97,2772,100,0,100,1,,,,,100.0,0.0,100.0,0.0,,,70.0,30.0,,,100.0,49.0,100.0,197.0,30,30,100,0,100,0,200,0,100.0,2735.0,100.0,16464091352.0,100.0,16243488402.0
2018-05-07,ZCH0CGEJ,ST12000NM0007,12000138625024,0,80,91227360,99,0,100,1,100,0,83,221545411,97,2797,100,0,100,1,,,,,100.0,0.0,100.0,0.0,,,70.0,30.0,,,100.0,49.0,100.0,198.0,30,30,100,0,100,0,200,0,100.0,2760.0,100.0,16578929352.0,100.0,16471345994.0
2018-05-08,ZCH0CGEJ,ST12000NM0007,12000138625024,0,69,7086744,99,0,100,1,100,0,84,224516594,97,2821,100,0,100,1,,,,,100.0,0.0,100.0,0.0,,,70.0,30.0,,,100.0,49.0,100.0,199.0,30,30,100,0,100,0,200,0,100.0,2784.0,100.0,16723595072.0,100.0,16730820994.0
2018-05-09,ZCH0CGEJ,ST12000NM0007,12000138625024,0,77,52203952,99,0,100,1,100,0,84,226992683,97,2846,100,0,100,1,,,,,100.0,0.0,100.0,0.0,,,70.0,30.0,,,100.0,49.0,100.0,200.0,30,30,100,0,100,0,200,0,100.0,2808.0,100.0,16840738520.0,100.0,16902935634.0
2018-05-10,ZCH0CGEJ,ST12000NM0007,12000138625024,0,74,24769336,99,0,100,1,100,0,84,228831571,97,2863,100,0,100,1,,,,,100.0,0.0,100.0,0.0,,,69.0,31.0,,,100.0,50.0,100.0,201.0,31,31,100,0,100,0,200,0,100.0,2826.0,100.0,16913844272.0,100.0,17046536042.0
2018-05-11,ZCH0CGEJ,ST12000NM0007,12000138625024,0,81,129119744,99,0,100,1,100,0,84,231465468,97,2888,100,0,100,1,,,,,100.0,0.0,100.0,0.0,,,69.0,31.0,,,100.0,50.0,100.0,202.0,31,31,100,0,100,0,200,0,100.0,2850.0,100.0,17044161208.0,100.0,17264710274.0
2018-05-12,ZCH0CGEJ,ST12000NM0007,12000138625024,0,83,220622432,99,0,100,1,100,0,84,233994644,97,2911,100,0,100,1,,,,,100.0,0.0,100.0,0.0,,,69.0,31.0,,,100.0,50.0,100.0,203.0,31,31,100,0,100,0,200,0,100.0,2874.0,100.0,17156636816.0,100.0,17487878194.0
2018-05-13,ZCH0CGEJ,ST12000NM0007,12000138625024,0,77,53793768,99,0,100,1,100,0,84,236398563,97,2936,100,0,100,1,,,,,100.0,0.0,100.0,0.0,,,70.0,30.0,,,100.0,51.0,100.0,205.0,30,30,100,0,100,0,200,0,100.0,2898.0,100.0,17245942368.0,100.0,17720025466.0
2018-05-14,ZCH0CGEJ,ST12000NM0007,12000138625024,0,82,152056512,99,0,100,1,100,0,84,239169697,97,2959,100,0,100,1,,,,,100.0,0.0,100.0,0.0,,,70.0,30.0,,,100.0,51.0,100.0,205.0,30,30,100,0,100,0,200,0,100.0,2921.0,100.0,17357947472.0,100.0,17950423770.0
2018-05-15,ZCH0CGEJ,ST12000NM0007,12000138625024,0,84.0,242907952.0,99.0,0.0,100.0,1.0,100.0,0.0,84.0,241936902.0,97.0,2983.0,100.0,0.0,100.0,1.0,,,,,100.0,0.0,100.0,0.0,,,70.0,30.0,,,100.0,51.0,100.0,206.0,30.0,30.0,100.0,0.0,100.0,0.0,200.0,0.0,100.0,2945.0,100.0,17493143984.0,100.0,18150219346.0
2018-05-16,ZCH0CGEJ,ST12000NM0007,12000138625024,0,79,76084176,99,0,100,1,100,0,84,244496077,97,3007,100,0,100,1,,,,,100.0,0.0,100.0,0.0,,,70.0,30.0,,,100.0,51.0,100.0,207.0,30,30,100,0,100,0,200,0,100.0,2969.0,100.0,17595790824.0,100.0,18369030338.0
2018-05-17,ZCH0CGEJ,ST12000NM0007,12000138625024,0,83,183162064,99,0,100,1,100,0,84,247146038,97,3031,100,0,100,1,,,,,100.0,0.0,100.0,0.0,,,70.0,30.0,,,100.0,51.0,100.0,208.0,30,30,100,0,100,0,200,0,100.0,2993.0,100.0,17709891896.0,100.0,18606147786.0
2018-05-18,ZCH0CGEJ,ST12000NM0007,12000138625024,0,80,97448256,98,0,100,2,100,0,84,250244571,97,3059,100,0,100,1,,,,,100.0,0.0,100.0,0.0,,,70.0,30.0,,,100.0,51.0,100.0,211.0,30,30,100,0,100,0,200,0,100.0,3021.0,100.0,17834120368.0,100.0,18884486868.0
2018-05-19,ZCH0CGEJ,ST12000NM0007,12000138625024,0,83,200321376,98,0,100,2,100,0,84,252828294,97,3083,100,0,100,1,,,,,100.0,0.0,100.0,0.0,,,70.0,30.0,,,100.0,51.0,100.0,212.0,30,30,100,0,100,0,200,0,100.0,3045.0,100.0,17937632392.0,100.0,19127988612.0
2018-05-20,ZCH0CGEJ,ST12000NM0007,12000138625024,0,77,50072760,98,0,100,2,100,0,84,255346892,97,3107,100,0,100,1,,,,,100.0,0.0,100.0,0.0,,,70.0,30.0,,,100.0,52.0,100.0,213.0,30,30,100,0,100,0,200,0,100.0,3068.0,100.0,18048321328.0,100.0,19355332324.0
2018-05-21,ZCH0CGEJ,ST12000NM0007,12000138625024,0,83,203431336,98,0,100,2,100,0,84,258456422,97,3131,100,0,100,1,,,,,100.0,0.0,100.0,0.0,,,70.0,30.0,,,100.0,52.0,100.0,214.0,30,30,100,0,100,0,200,0,100.0,3092.0,100.0,18168319512.0,100.0,19632833348.0
2018-05-22,ZCH0CGEJ,ST12000NM0007,12000138625024,0,81,118923816,98,0,100,2,100,0,84,261265265,97,3156,100,0,100,1,,,,,100.0,0.0,100.0,0.0,,,70.0,30.0,,,100.0,52.0,100.0,215.0,30,30,100,0,100,0,200,0,100.0,3117.0,100.0,18284306568.0,100.0,19920620612.0
2018-05-23,ZCH0CGEJ,ST12000NM0007,12000138625024,0,82,144616372,97,0,100,3,100,0,84,263295654,97,3177,100,0,100,2,,,,,100.0,0.0,100.0,0.0,,,70.0,30.0,,,100.0,52.0,100.0,217.0,30,30,100,0,100,0,200,0,100.0,3138.0,100.0,18377404896.0,100.0,20097355472.0
2018-05-24,ZCH0CGEJ,ST12000NM0007,12000138625024,0,77,49326208,97,0,100,3,100,0,84,266387566,97,3205,100,0,100,2,,,,,100.0,0.0,100.0,0.0,,,70.0,30.0,,,100.0,52.0,100.0,218.0,30,30,100,0,100,0,200,0,100.0,3165.0,100.0,18524150168.0,100.0,20343612840.0
2018-05-25,ZCH0CGEJ,ST12000NM0007,12000138625024,0,82,157514280,97,0,100,3,100,0,84,268920496,97,3228,100,0,100,2,,,,,100.0,0.0,100.0,0.0,,,70.0,30.0,,,100.0,52.0,100.0,219.0,30,30,100,0,100,0,200,0,100.0,3189.0,100.0,18641028112.0,100.0,20579063624.0
2018-05-26,ZCH0CGEJ,ST12000NM0007,12000138625024,0,84,234515416,97,0,100,3,100,0,84,271369597,97,3252,100,0,100,2,,,,,100.0,0.0,100.0,0.0,,,70.0,30.0,,,100.0,52.0,100.0,221.0,30,30,100,0,100,0,200,0,100.0,3213.0,100.0,18745466096.0,100.0,20795767440.0
2018-05-27,ZCH0CGEJ,ST12000NM0007,12000138625024,0,76,37431152,97,0,100,3,100,0,84,273672061,97,3274,100,0,100,2,,,,,100.0,0.0,100.0,0.0,,,70.0,30.0,,,100.0,52.0,100.0,223.0,30,30,100,0,100,0,200,0,100.0,3234.0,100.0,18853736744.0,100.0,20978694024.0
2018-05-28,ZCH0CGEJ,ST12000NM0007,12000138625024,0,81,124374912,97,0,100,3,100,0,84,276372336,97,3299,100,0,100,2,,,,,100.0,0.0,100.0,0.0,,,70.0,30.0,,,100.0,52.0,100.0,224.0,30,30,100,0,100,0,200,0,100.0,3258.0,100.0,18964522488.0,100.0,21198992776.0
2018-05-29,ZCH0CGEJ,ST12000NM0007,12000138625024,0,83,222952184,97,0,100,3,100,0,84,279018850,97,3323,100,0,100,2,,,,,100.0,0.0,100.0,0.0,,,71.0,29.0,,,100.0,52.0,100.0,225.0,29,29,100,0,100,0,200,0,100.0,3283.0,100.0,19079827272.0,100.0,21426405904.0
2018-05-30,ZCH0CGEJ,ST12000NM0007,12000138625024,0,79,76824784,97,0,100,3,100,0,84,281616173,97,3346,100,0,100,2,,,,,100.0,0.0,100.0,0.0,,,71.0,29.0,,,100.0,52.0,100.0,226.0,29,29,100,0,100,0,200,0,100.0,3306.0,100.0,19193650912.0,100.0,21654736144.0
2018-05-31,ZCH0CGEJ,ST12000NM0007,12000138625024,0,82,169061024,97,0,100,3,100,0,85,284373890,97,3370,100,0,100,2,,,,,100.0,0.0,100.0,0.0,,,70.0,30.0,,,100.0,52.0,100.0,227.0,30,30,100,0,100,0,200,0,100.0,3329.0,100.0,19316196688.0,100.0,21868567344.0
2018-06-01,ZCH0CGEJ,ST12000NM0007,12000138625024,0,75,30227248,97,0,100,3,100,0,85,287033282,97,3393,100,0,100,2,,,,,100.0,0.0,100.0,0.0,,,70.0,30.0,,,100.0,52.0,100.0,229.0,30,30,100,0,100,0,200,0,100.0,3352.0,100.0,19458024536.0,100.0,22076187200.0
2018-06-02,ZCH0CGEJ,ST12000NM0007,12000138625024,0,81,135165136,97,0,100,3,100,0,85,289831391,97,3418,100,0,100,2,,,,,100.0,0.0,100.0,0.0,,,70.0,30.0,,,100.0,52.0,100.0,229.0,30,30,100,0,100,0,200,0,100.0,3377.0,100.0,19599031536.0,100.0,22284258776.0
2018-06-03,ZCH0CGEJ,ST12000NM0007,12000138625024,0,74,23101240,97,0,100,3,100,0,85,292563983,97,3443,100,0,100,2,,,,,100.0,0.0,100.0,0.0,,,70.0,30.0,,,100.0,52.0,100.0,231.0,30,30,100,0,100,0,200,0,100.0,3402.0,100.0,19722814528.0,100.0,22536693304.0
2018-06-04,ZCH0CGEJ,ST12000NM0007,12000138625024,0,82,173253704,97,0,100,3,100,0,85,295586643,97,3468,100,0,100,2,,,,,100.0,0.0,100.0,0.0,,,70.0,30.0,,,100.0,52.0,100.0,232.0,30,30,100,0,100,0,200,0,100.0,3426.0,100.0,19870135448.0,100.0,22783665648.0
2018-06-05,ZCH0CGEJ,ST12000NM0007,12000138625024,0,66,4390432,97,0,100,3,100,0,85,298265115,97,3491,100,0,100,2,,,,,100.0,0.0,100.0,0.0,,,70.0,30.0,,,100.0,52.0,100.0,233.0,30,30,100,0,100,0,200,0,100.0,3450.0,100.0,20003609192.0,100.0,22969610568.0
2018-06-06,ZCH0CGEJ,ST12000NM0007,12000138625024,0,81,125844448,97,0,100,3,100,0,85,301003423,96,3516,100,0,100,2,,,,,100.0,0.0,100.0,0.0,,,71.0,29.0,,,100.0,52.0,100.0,234.0,29,29,100,0,100,0,200,0,100.0,3474.0,100.0,20136985160.0,100.0,23201829312.0
2018-06-07,ZCH0CGEJ,ST12000NM0007,12000138625024,0,73,22319488,97,0,100,3,100,0,85,303909429,96,3540,100,0,100,2,,,,,100.0,0.0,100.0,0.0,,,71.0,29.0,,,100.0,52.0,100.0,235.0,29,29,100,0,100,0,200,0,100.0,3498.0,100.0,20305631672.0,100.0,23417939320.0
2018-06-08,ZCH0CGEJ,ST12000NM0007,12000138625024,0,82,164274552,97,0,100,3,100,0,85,306987524,96,3563,100,0,100,2,,,,,100.0,0.0,100.0,0.0,,,71.0,29.0,,,100.0,52.0,100.0,236.0,29,29,100,0,100,0,200,0,100.0,3522.0,100.0,20465475112.0,100.0,23644191640.0
2018-06-09,ZCH0CGEJ,ST12000NM0007,12000138625024,0,83,179310024,97,0,100,3,100,0,85,309086343,96,3588,100,0,100,2,,,,,100.0,0.0,100.0,0.0,,,71.0,29.0,,,100.0,52.0,100.0,237.0,29,29,100,0,100,0,200,0,100.0,3546.0,100.0,20550892296.0,100.0,23817950776.0
2018-06-10,ZCH0CGEJ,ST12000NM0007,12000138625024,0,82,171116192,97,0,100,3,100,0,85,310962639,96,3611,100,0,100,2,,,,,100.0,0.0,100.0,0.0,,,70.0,30.0,,,100.0,52.0,100.0,238.0,30,30,100,0,100,0,200,0,100.0,3569.0,100.0,20626488632.0,100.0,23978301288.0
2018-06-11,ZCH0CGEJ,ST12000NM0007,12000138625024,0,100,426680,97,0,100,3,100,0,85,313497645,96,3636,100,0,100,2,,,,,100.0,0.0,100.0,0.0,,,70.0,30.0,,,100.0,52.0,100.0,239.0,30,30,100,0,100,0,200,0,100.0,3593.0,100.0,20740382376.0,100.0,24181999592.0
2018-06-12,ZCH0CGEJ,ST12000NM0007,12000138625024,0,80,93857024,97,0,100,3,100,0,85,316394409,96,3660,100,0,100,2,,,,,100.0,0.0,100.0,0.0,,,70.0,30.0,,,100.0,52.0,100.0,240.0,30,30,100,0,100,0,200,0,100.0,3617.0,100.0,20862764584.0,100.0,24397188616.0
2018-06-13,ZCH0CGEJ,ST12000NM0007,12000138625024,0,82,147525984,97,0,100,3,100,0,85,318639835,96,3683,100,0,100,2,,,,,100.0,0.0,100.0,0.0,,,70.0,30.0,,,100.0,52.0,100.0,241.0,30,30,100,0,100,0,200,0,100.0,3641.0,100.0,20962571984.0,100.0,24595190920.0
2018-06-14,ZCH0CGEJ,ST12000NM0007,12000138625024,0,84,241887432,97,0,100,3,100,0,85,321039274,96,3708,100,0,100,2,,,,,100.0,0.0,100.0,0.0,,,70.0,30.0,,,100.0,52.0,100.0,242.0,30,30,100,0,100,0,200,0,100.0,3665.0,100.0,21076790632.0,100.0,24819474632.0
2018-06-15,ZCH0CGEJ,ST12000NM0007,12000138625024,0,77.0,51365208.0,97.0,0.0,100.0,3.0,100.0,0.0,85.0,323371803.0,96.0,3728.0,100.0,0.0,100.0,2.0,,,,,100.0,0.0,100.0,0.0,,,70.0,30.0,,,100.0,52.0,100.0,243.0,30.0,30.0,100.0,0.0,100.0,0.0,200.0,0.0,100.0,3685.0,100.0,21195776720.0,100.0,24998247656.0
2018-06-16,ZCH0CGEJ,ST12000NM0007,12000138625024,0,82.0,160828800.0,97.0,0.0,100.0,3.0,100.0,0.0,85.0,326284580.0,96.0,3753.0,100.0,0.0,100.0,2.0,,,,,100.0,0.0,100.0,0.0,,,70.0,30.0,,,100.0,52.0,100.0,244.0,30.0,30.0,100.0,0.0,100.0,0.0,200.0,0.0,100.0,3710.0,100.0,21314788520.0,100.0,25232840184.0
2018-06-17,ZCH0CGEJ,ST12000NM0007,12000138625024,0,84.0,224920216.0,97.0,0.0,100.0,3.0,100.0,0.0,85.0,328780112.0,96.0,3776.0,100.0,0.0,100.0,2.0,,,,,100.0,0.0,100.0,0.0,,,70.0,30.0,,,100.0,52.0,100.0,245.0,30.0,30.0,100.0,0.0,100.0,0.0,200.0,0.0,100.0,3733.0,100.0,21426983112.0,100.0,25428877752.0
2018-06-18,ZCH0CGEJ,ST12000NM0007,12000138625024,0,80.0,109443160.0,97.0,0.0,100.0,3.0,100.0,0.0,85.0,331541675.0,96.0,3801.0,100.0,0.0,100.0,2.0,,,,,100.0,0.0,100.0,0.0,,,70.0,30.0,,,100.0,52.0,100.0,246.0,30.0,30.0,100.0,0.0,100.0,0.0,200.0,0.0,100.0,3757.0,100.0,21560266496.0,100.0,25668398696.0
2018-06-19,ZCH0CGEJ,ST12000NM0007,12000138625024,0,81,136861552,97,0,100,3,100,0,85,333687140,96,3825,100,0,100,2,,,,,100.0,0.0,100.0,0.0,,,70.0,30.0,,,100.0,52.0,100.0,247.0,30,30,100,0,100,0,200,0,100.0,3782.0,100.0,21641670296.0,100.0,25858553976.0
2018-06-20,ZCH0CGEJ,ST12000NM0007,12000138625024,0,84,229399136,97,0,100,3,100,0,85,336485027,96,3849,100,0,100,2,,,,,100.0,0.0,100.0,0.0,,,71.0,29.0,,,100.0,52.0,100.0,248.0,29,29,100,0,100,0,200,0,100.0,3805.0,100.0,21753650312.0,100.0,26083252224.0
2018-06-21,ZCH0CGEJ,ST12000NM0007,12000138625024,0,77,54613760,97,0,100,3,100,0,85,338940542,96,3873,100,0,100,2,,,,,100.0,0.0,100.0,0.0,,,70.0,30.0,,,100.0,52.0,100.0,249.0,30,30,100,0,100,0,200,0,100.0,3829.0,100.0,21849988488.0,100.0,26300410256.0
2018-06-22,ZCH0CGEJ,ST12000NM0007,12000138625024,0,81,125298760,97,0,100,3,100,0,85,341387189,96,3896,100,0,100,2,,,,,100.0,0.0,100.0,0.0,,,70.0,30.0,,,100.0,52.0,100.0,250.0,30,30,100,0,100,0,200,0,100.0,3853.0,100.0,21966863576.0,100.0,26498361112.0
2018-06-23,ZCH0CGEJ,ST12000NM0007,12000138625024,0,83,207106184,97,0,100,3,100,0,85,343693730,96,3921,100,0,100,2,,,,,100.0,0.0,100.0,0.0,,,70.0,30.0,,,100.0,52.0,100.0,251.0,30,30,100,0,100,0,200,0,100.0,3877.0,100.0,22054181008.0,100.0,26736991840.0
2018-06-24,ZCH0CGEJ,ST12000NM0007,12000138625024,0,73,18077344,97,0,100,3,100,0,85,346142131,96,3945,100,0,100,2,,,,,100.0,0.0,100.0,0.0,,,70.0,30.0,,,100.0,52.0,100.0,252.0,30,30,100,0,100,0,200,0,100.0,3901.0,100.0,22131815744.0,100.0,26958609664.0
2018-06-25,ZCH0CGEJ,ST12000NM0007,12000138625024,0,75,33421216,97,0,100,3,100,0,85,348452767,96,3969,100,0,100,2,,,,,100.0,0.0,100.0,0.0,,,70.0,30.0,,,100.0,53.0,100.0,253.0,30,30,100,0,100,0,200,0,100.0,3925.0,100.0,22230464192.0,100.0,27119445992.0
2018-06-26,ZCH0CGEJ,ST12000NM0007,12000138625024,0,79,85400176,97,0,100,3,100,0,85,350774288,96,3994,100,0,100,2,,,,,100.0,0.0,100.0,0.0,,,70.0,30.0,,,100.0,54.0,100.0,254.0,30,30,100,0,100,0,200,0,100.0,3950.0,100.0,22321411456.0,100.0,27324618360.0
2018-06-27,ZCH0CGEJ,ST12000NM0007,12000138625024,0,80,108898370,94,0,100,5,100,0,85,352964705,96,4019,100,0,100,4,,,,,100.0,0.0,100.0,0.0,,,70.0,30.0,,,100.0,55.0,100.0,256.0,30,30,100,0,100,0,200,0,100.0,3975.0,100.0,22407563208.0,100.0,27506105492.0
2018-06-28,ZCH0CGEJ,ST12000NM0007,12000138625024,0,83,202563824,94,0,100,5,100,0,86,355472650,96,4043,100,0,100,4,,,,,100.0,0.0,100.0,0.0,,,71.0,29.0,,,100.0,55.0,100.0,257.0,29,29,100,0,100,0,200,0,100.0,3999.0,100.0,22500737224.0,100.0,27750737572.0
2018-06-29,ZCH0CGEJ,ST12000NM0007,12000138625024,0,65,3108120,94,0,100,5,100,0,86,358116316,96,4068,100,0,100,4,,,,,100.0,0.0,100.0,0.0,,,71.0,29.0,,,100.0,55.0,100.0,258.0,29,29,100,0,100,0,200,0,100.0,4023.0,100.0,22599673624.0,100.0,27940628220.0
2018-06-30,ZCH0CGEJ,ST12000NM0007,12000138625024,0,70,11088136,94,0,100,5,100,0,86,360350186,96,4091,100,0,100,4,,,,,100.0,0.0,100.0,0.0,,,71.0,29.0,,,100.0,55.0,100.0,260.0,29,29,100,0,100,0,200,0,100.0,4046.0,100.0,22673760472.0,100.0,28118662268.0
2018-07-01,ZCH0CGEJ,ST12000NM0007,12000138625024,0,69,8304824,94,0,100,5,100,0,86,362394311,96,4115,100,0,100,4,,,,,100.0,0.0,100.0,0.0,,,71.0,29.0,,,100.0,56.0,100.0,261.0,29,29,100,0,100,0,200,0,100.0,4070.0,100.0,22743649448.0,100.0,28290130772.0
2018-07-02,ZCH0CGEJ,ST12000NM0007,12000138625024,0,78,70555920,94,0,100,5,100,0,86,364847059,96,4139,100,0,100,4,,,,,100.0,0.0,100.0,0.0,,,71.0,29.0,,,100.0,56.0,100.0,262.0,29,29,100,0,100,0,200,0,100.0,4094.0,100.0,22834706256.0,100.0,28505465756.0
2018-07-03,ZCH0CGEJ,ST12000NM0007,12000138625024,0,80,108362080,94,0,100,5,100,0,86,367193028,96,4163,100,0,100,4,,,,,100.0,0.0,100.0,0.0,,,71.0,29.0,,,100.0,57.0,100.0,263.0,29,29,100,0,100,0,200,0,100.0,4118.0,100.0,22923148104.0,100.0,28698970708.0
2018-07-04,ZCH0CGEJ,ST12000NM0007,12000138625024,0,81,121866808,94,0,100,5,100,0,86,369494180,96,4187,100,0,100,4,,,,,100.0,0.0,100.0,0.0,,,71.0,29.0,,,100.0,57.0,100.0,264.0,29,29,100,0,100,0,200,0,100.0,4142.0,100.0,22999919728.0,100.0,28879844484.0
2018-07-05,ZCH0CGEJ,ST12000NM0007,12000138625024,0,81,120685656,94,0,100,5,100,0,86,371469529,96,4211,100,0,100,4,,,,,100.0,0.0,100.0,0.0,,,71.0,29.0,,,100.0,58.0,100.0,265.0,29,29,100,0,100,0,200,0,100.0,4165.0,100.0,23078492320.0,100.0,29044231412.0
2018-07-06,ZCH0CGEJ,ST12000NM0007,12000138625024,0,81,124101632,94,0,100,5,100,0,86,373588615,96,4235,100,0,100,4,,,,,100.0,0.0,100.0,0.0,,,71.0,29.0,,,100.0,59.0,100.0,266.0,29,29,100,0,100,0,200,0,100.0,4190.0,100.0,23173696552.0,100.0,29196583796.0
2018-07-07,ZCH0CGEJ,ST12000NM0007,12000138625024,0,82,152216824,94,0,100,5,100,0,86,375875741,96,4259,100,0,100,4,,,,,100.0,0.0,100.0,0.0,,,71.0,29.0,,,100.0,60.0,100.0,267.0,29,29,100,0,100,0,200,0,100.0,4213.0,100.0,23266871976.0,100.0,29375664356.0
2018-07-08,ZCH0CGEJ,ST12000NM0007,12000138625024,0,84,239516536,94,0,100,5,100,0,86,378794323,96,4283,100,0,100,4,,,,,100.0,0.0,100.0,0.0,,,71.0,29.0,,,100.0,60.0,100.0,268.0,29,29,100,0,100,0,200,0,100.0,4238.0,100.0,23382928096.0,100.0,29591048748.0
2018-07-09,ZCH0CGEJ,ST12000NM0007,12000138625024,0,73,18284112,94,0,100,5,100,0,86,381104143,96,4307,100,0,100,4,,,,,100.0,0.0,100.0,0.0,,,71.0,29.0,,,100.0,60.0,100.0,269.0,29,29,100,0,100,0,200,0,100.0,4261.0,100.0,23477778536.0,100.0,29763247276.0
2018-07-10,ZCH0CGEJ,ST12000NM0007,12000138625024,0,76.0,38839496.0,94.0,0.0,100.0,5.0,100.0,0.0,86.0,383286547.0,96.0,4331.0,100.0,0.0,100.0,4.0,,,,,100.0,0.0,100.0,0.0,,,70.0,30.0,,,100.0,60.0,100.0,270.0,30.0,30.0,100.0,0.0,100.0,0.0,200.0,0.0,100.0,4285.0,100.0,23561500112.0,100.0,29944221724.0
2018-07-11,ZCH0CGEJ,ST12000NM0007,12000138625024,0,78,56770792,94,0,100,5,100,0,86,385466570,96,4355,100,0,100,4,,,,,100.0,0.0,100.0,0.0,,,71.0,29.0,,,100.0,60.0,100.0,271.0,29,29,100,0,100,0,200,0,100.0,4310.0,100.0,23640767496.0,100.0,30127026668.0
2018-07-12,ZCH0CGEJ,ST12000NM0007,12000138625024,0,77,50786416,94,0,100,5,100,0,86,387635608,96,4379,100,0,100,4,,,,,100.0,0.0,100.0,0.0,,,71.0,29.0,,,100.0,60.0,100.0,272.0,29,29,100,0,100,0,200,0,100.0,4333.0,100.0,23716772224.0,100.0,30289178476.0
2018-07-13,ZCH0CGEJ,ST12000NM0007,12000138625024,0,82,153461192,94,0,100,5,100,0,86,390224536,95,4403,100,0,100,4,,,,,100.0,0.0,100.0,0.0,,,71.0,29.0,,,100.0,60.0,100.0,275.0,29,29,100,0,100,0,200,0,100.0,4357.0,100.0,23795258096.0,100.0,30557508020.0
2018-07-14,ZCH0CGEJ,ST12000NM0007,12000138625024,0,83,183521504,94,0,100,5,100,0,86,392437950,95,4426,100,0,100,4,,,,,100.0,0.0,100.0,0.0,,,71.0,29.0,,,100.0,61.0,100.0,276.0,29,29,100,0,100,0,200,0,100.0,4380.0,100.0,23891457904.0,100.0,30735509228.0
2018-07-15,ZCH0CGEJ,ST12000NM0007,12000138625024,0,75,32262712,94,0,100,5,100,0,86,394918103,95,4451,100,0,100,4,,,,,100.0,0.0,100.0,0.0,,,70.0,30.0,,,100.0,61.0,100.0,277.0,30,30,100,0,100,0,200,0,100.0,4404.0,100.0,24003466304.0,100.0,30960523724.0
2018-07-16,ZCH0CGEJ,ST12000NM0007,12000138625024,0,79,84826560,94,0,100,5,100,0,86,397400190,95,4475,100,0,100,4,,,,,100.0,0.0,100.0,0.0,,,71.0,29.0,,,100.0,61.0,100.0,278.0,29,29,100,0,100,0,200,0,100.0,4428.0,100.0,24110815768.0,100.0,31149878780.0
2018-07-17,ZCH0CGEJ,ST12000NM0007,12000138625024,0,82,151166400,94,0,100,5,100,0,86,399918630,95,4499,100,0,100,4,,,,,100.0,0.0,100.0,0.0,,,70.0,30.0,,,100.0,62.0,100.0,279.0,30,30,100,0,100,0,200,0,100.0,4452.0,100.0,24218194744.0,100.0,31352980332.0
2018-07-18,ZCH0CGEJ,ST12000NM0007,12000138625024,0,84,225752160,94,0,100,5,100,0,86,402476602,95,4523,100,0,100,4,,,,,100.0,0.0,100.0,0.0,,,71.0,29.0,,,100.0,62.0,100.0,280.0,29,29,100,0,100,0,200,0,100.0,4475.0,100.0,24305883104.0,100.0,31584018524.0
2018-07-19,ZCH0CGEJ,ST12000NM0007,12000138625024,0,100,2285504,94,0,100,5,100,0,86,404496395,95,4547,100,0,100,4,,,,,100.0,0.0,100.0,0.0,,,70.0,30.0,,,100.0,63.0,100.0,281.0,30,30,100,0,100,0,200,0,100.0,4500.0,100.0,24380405008.0,100.0,31774311692.0
2018-07-20,ZCH0CGEJ,ST12000NM0007,12000138625024,0,79,82528208,94,0,100,5,100,0,86,406923141,95,4570,100,0,100,4,,,,,100.0,0.0,100.0,0.0,,,71.0,29.0,,,100.0,63.0,100.0,282.0,29,29,100,0,100,0,200,0,100.0,4523.0,100.0,24467727400.0,100.0,32011372868.0
2018-07-21,ZCH0CGEJ,ST12000NM0007,12000138625024,0,83,210055480,94,0,100,5,100,0,86,409564383,95,4595,100,0,100,4,,,,,100.0,0.0,100.0,0.0,,,70.0,30.0,,,100.0,63.0,100.0,283.0,30,30,100,0,100,0,200,0,100.0,4548.0,100.0,24587024328.0,100.0,32263744028.0
2018-07-22,ZCH0CGEJ,ST12000NM0007,12000138625024,0,83,218315848,94,0,100,5,100,0,86,411736768,95,4618,100,0,100,4,,,,,100.0,0.0,100.0,0.0,,,71.0,29.0,,,100.0,64.0,100.0,284.0,29,29,100,0,100,0,200,0,100.0,4571.0,100.0,24661262776.0,100.0,32441906836.0
2018-07-23,ZCH0CGEJ,ST12000NM0007,12000138625024,0,76,40653000,94,0,100,5,100,0,86,413937091,95,4643,100,0,100,4,,,,,100.0,0.0,100.0,0.0,,,71.0,29.0,,,100.0,64.0,100.0,285.0,29,29,100,0,100,0,200,0,100.0,4595.0,100.0,24755657224.0,100.0,32658131492.0
2018-07-24,ZCH0CGEJ,ST12000NM0007,12000138625024,0,78,59060064,94,0,100,5,100,0,86,415994460,95,4667,100,0,100,4,,,,,100.0,0.0,100.0,0.0,,,71.0,29.0,,,100.0,64.0,100.0,286.0,29,29,100,0,100,0,200,0,100.0,4619.0,100.0,24845720184.0,100.0,32830616268.0
2018-07-25,ZCH0CGEJ,ST12000NM0007,12000138625024,0,81.0,124631496.0,94.0,0.0,100.0,5.0,100.0,0.0,86.0,418427538.0,95.0,4691.0,100.0,0.0,100.0,4.0,,,,,100.0,0.0,100.0,0.0,,,70.0,30.0,,,100.0,64.0,100.0,287.0,30.0,30.0,100.0,0.0,100.0,0.0,200.0,0.0,100.0,4643.0,100.0,24954886104.0,100.0,33031162628.0
2018-07-26,ZCH0CGEJ,ST12000NM0007,12000138625024,0,82,173673104,94,0,100,5,100,0,86,420682249,95,4715,100,0,100,4,,,,,100.0,0.0,100.0,0.0,,,70.0,30.0,,,100.0,64.0,100.0,288.0,30,30,100,0,100,0,200,0,100.0,4667.0,100.0,25047404984.0,100.0,33231826108.0
2018-07-27,ZCH0CGEJ,ST12000NM0007,12000138625024,0,71,13705576,94,0,100,5,100,0,86,423238096,95,4739,100,0,100,4,,,,,100.0,0.0,100.0,0.0,,,71.0,29.0,,,100.0,64.0,100.0,289.0,29,29,100,0,100,0,200,0,100.0,4690.0,100.0,25149602176.0,100.0,33457942908.0
2018-07-28,ZCH0CGEJ,ST12000NM0007,12000138625024,0,75,30821432,94,0,100,5,100,0,86,425154491,95,4762,100,0,100,4,,,,,100.0,0.0,100.0,0.0,,,70.0,30.0,,,100.0,64.0,100.0,292.0,30,30,100,0,100,0,200,0,100.0,4714.0,100.0,25238503568.0,100.0,33630298220.0
2018-07-29,ZCH0CGEJ,ST12000NM0007,12000138625024,0,76,38799832,94,0,100,5,100,0,86,427136888,95,4786,100,0,100,4,,,,,100.0,0.0,100.0,0.0,,,71.0,29.0,,,100.0,64.0,100.0,293.0,29,29,100,0,100,0,200,0,100.0,4737.0,100.0,25319236976.0,100.0,33801683844.0
2018-07-30,ZCH0CGEJ,ST12000NM0007,12000138625024,0,80,93885152,94,0,100,5,100,0,86,429606068,95,4810,100,0,100,4,,,,,100.0,0.0,100.0,0.0,,,71.0,29.0,,,100.0,64.0,100.0,294.0,29,29,100,0,100,0,200,0,100.0,4761.0,100.0,25412665784.0,100.0,34007480988.0
2018-07-31,ZCH0CGEJ,ST12000NM0007,12000138625024,0,82,171727048,94,0,100,5,100,0,86,432150476,95,4834,100,0,100,4,,,,,100.0,0.0,100.0,0.0,,,71.0,29.0,,,100.0,64.0,100.0,295.0,29,29,100,0,100,0,200,0,100.0,4785.0,100.0,25530526248.0,100.0,34211603300.0
2018-08-01,ZCH0CGEJ,ST12000NM0007,12000138625024,0,83,221725168,94,0,100,5,100,0,86,434593245,95,4857,100,0,100,4,,,,,100.0,0.0,100.0,0.0,,,71.0,29.0,,,100.0,65.0,100.0,296.0,29,29,100,0,100,0,200,0,100.0,4808.0,100.0,25626085432.0,100.0,34410183060.0
2018-08-02,ZCH0CGEJ,ST12000NM0007,12000138625024,0,80,100577712,94,0,100,5,100,0,86,437253388,95,4882,100,0,100,4,,,,,100.0,0.0,100.0,0.0,,,70.0,30.0,,,100.0,65.0,100.0,297.0,30,30,100,0,100,0,200,0,100.0,4833.0,100.0,25769073584.0,100.0,34634329060.0
2018-08-03,ZCH0CGEJ,ST12000NM0007,12000138625024,0,82,173279008,94,0,100,5,100,0,86,439514368,95,4906,100,0,100,4,,,,,100.0,0.0,100.0,0.0,,,71.0,29.0,,,100.0,66.0,100.0,298.0,29,29,100,0,100,0,200,0,100.0,4857.0,100.0,25873478880.0,100.0,34846765788.0
2018-08-04,ZCH0CGEJ,ST12000NM0007,12000138625024,0,74,24927240,94,0,100,5,100,0,86,441859320,95,4930,100,0,100,4,,,,,100.0,0.0,100.0,0.0,,,71.0,29.0,,,100.0,66.0,100.0,299.0,29,29,100,0,100,0,200,0,100.0,4881.0,100.0,25977002696.0,100.0,35083171932.0
2018-08-05,ZCH0CGEJ,ST12000NM0007,12000138625024,0,75,28274704,94,0,100,5,100,0,86,444012590,95,4954,100,0,100,4,,,,,100.0,0.0,100.0,0.0,,,70.0,30.0,,,100.0,67.0,100.0,300.0,30,30,100,0,100,0,200,0,100.0,4905.0,100.0,26061855096.0,100.0,35245808068.0
2018-08-06,ZCH0CGEJ,ST12000NM0007,12000138625024,0,80,91434888,94,0,100,5,100,0,86,446578054,95,4978,100,0,100,4,,,,,100.0,0.0,100.0,0.0,,,70.0,30.0,,,100.0,67.0,100.0,301.0,30,30,100,0,100,0,200,0,100.0,4928.0,100.0,26152366424.0,100.0,35462597724.0
2018-08-07,ZCH0CGEJ,ST12000NM0007,12000138625024,0,81,120681832,94,0,100,5,100,0,87,448611007,95,5001,100,0,100,4,,,,,100.0,0.0,100.0,0.0,,,70.0,30.0,,,100.0,67.0,100.0,302.0,30,30,100,0,100,0,200,0,100.0,4952.0,100.0,26243163760.0,100.0,35645188308.0
2018-08-08,ZCH0CGEJ,ST12000NM0007,12000138625024,0,82,154585168,94,0,100,5,100,0,87,450919439,95,5026,100,0,100,4,,,,,100.0,0.0,100.0,0.0,,,71.0,29.0,,,100.0,67.0,100.0,303.0,29,29,100,0,100,0,200,0,100.0,4976.0,100.0,26358404744.0,100.0,35807991436.0
2018-08-09,ZCH0CGEJ,ST12000NM0007,12000138625024,0,83,213151912,94,0,100,5,100,0,87,453043169,95,5050,100,0,100,4,,,,,100.0,0.0,100.0,0.0,,,72.0,28.0,,,100.0,67.0,100.0,304.0,28,28,100,0,100,0,200,0,100.0,5000.0,100.0,26456616480.0,100.0,36012487372.0
2018-08-10,ZCH0CGEJ,ST12000NM0007,12000138625024,0,78,62387680,94,0,100,5,100,0,87,455400109,95,5074,100,0,100,4,,,,,100.0,0.0,100.0,0.0,,,71.0,29.0,,,100.0,67.0,100.0,306.0,29,29,100,0,100,0,200,0,100.0,5023.0,100.0,26562797016.0,100.0,36243823972.0
2018-08-11,ZCH0CGEJ,ST12000NM0007,12000138625024,0,80,101004648,94,0,100,5,100,0,87,457391643,95,5097,100,0,100,4,,,,,100.0,0.0,100.0,0.0,,,72.0,28.0,,,100.0,67.0,100.0,307.0,28,28,100,0,100,0,200,0,100.0,5047.0,100.0,26647647168.0,100.0,36441731628.0
2018-08-12,ZCH0CGEJ,ST12000NM0007,12000138625024,0,83,191387216,94,0,100,5,100,0,87,459986094,95,5122,100,0,100,4,,,,,100.0,0.0,100.0,0.0,,,72.0,28.0,,,100.0,67.0,100.0,308.0,28,28,100,0,100,0,200,0,100.0,5071.0,100.0,26758164144.0,100.0,36665737988.0
2018-08-13,ZCH0CGEJ,ST12000NM0007,12000138625024,0,65,3381520,94,0,100,5,100,0,87,462227562,95,5145,100,0,100,4,,,,,100.0,0.0,100.0,0.0,,,73.0,27.0,,,100.0,68.0,100.0,309.0,27,27,100,0,100,0,200,0,100.0,5094.0,100.0,26839239880.0,100.0,36884937980.0
2018-08-14,ZCH0CGEJ,ST12000NM0007,12000138625024,0,78.0,65706080.0,94.0,0.0,100.0,5.0,100.0,0.0,87.0,464925696.0,95.0,5169.0,100.0,0.0,100.0,4.0,,,,,100.0,0.0,100.0,0.0,,,72.0,28.0,,,100.0,69.0,100.0,310.0,28.0,28.0,100.0,0.0,100.0,0.0,200.0,0.0,100.0,5119.0,100.0,26980866456.0,100.0,37049776836.0
2018-08-15,ZCH0CGEJ,ST12000NM0007,12000138625024,0,82.0,144399144.0,94.0,0.0,100.0,5.0,100.0,0.0,87.0,467410334.0,95.0,5194.0,100.0,0.0,100.0,4.0,,,,,100.0,0.0,100.0,0.0,,,69.0,31.0,,,100.0,70.0,100.0,311.0,31.0,31.0,100.0,0.0,100.0,0.0,200.0,0.0,100.0,5143.0,100.0,27105192832.0,100.0,37248284172.0
2018-08-16,ZCH0CGEJ,ST12000NM0007,12000138625024,0,83,188985720,94,0,100,5,100,0,87,470047613,95,5220,100,0,100,4,,,,,100.0,0.0,100.0,0.0,,,70.0,30.0,,,100.0,70.0,100.0,312.0,30,30,100,0,100,0,200,0,100.0,5169.0,100.0,27214335864.0,100.0,37427868548.0
2018-08-17,ZCH0CGEJ,ST12000NM0007,12000138625024,0,66,3909352,94,0,100,5,100,0,87,472217246,95,5244,100,0,100,4,,,,,100.0,0.0,100.0,0.0,,,69.0,31.0,,,100.0,70.0,100.0,313.0,31,31,100,0,100,0,200,0,100.0,5192.0,100.0,27310220944.0,100.0,37635188524.0
2018-08-18,ZCH0CGEJ,ST12000NM0007,12000138625024,0,78,56602808,94,0,100,5,100,0,87,474457583,94,5268,100,0,100,4,,,,,100.0,0.0,100.0,0.0,,,70.0,30.0,,,100.0,71.0,100.0,314.0,30,30,100,0,100,0,200,0,100.0,5217.0,100.0,27416676752.0,100.0,37825567012.0
2018-08-19,ZCH0CGEJ,ST12000NM0007,12000138625024,0,80,96489536,94,0,100,5,100,0,87,476679168,94,5292,100,0,100,4,,,,,100.0,0.0,100.0,0.0,,,70.0,30.0,,,100.0,71.0,100.0,315.0,30,30,100,0,100,0,200,0,100.0,5241.0,100.0,27506621008.0,100.0,38019650116.0
2018-08-20,ZCH0CGEJ,ST12000NM0007,12000138625024,0,83,178188472,94,0,100,5,100,0,87,479091651,94,5316,100,0,100,4,,,,,100.0,0.0,100.0,0.0,,,70.0,30.0,,,100.0,71.0,100.0,316.0,30,30,100,0,100,0,200,0,100.0,5265.0,100.0,27610696416.0,100.0,38241414308.0
2018-08-21,ZCH0CGEJ,ST12000NM0007,12000138625024,0,83,211185632,94,0,100,5,100,0,87,481349442,94,5340,100,0,100,4,,,,,100.0,0.0,100.0,0.0,,,70.0,30.0,,,100.0,71.0,100.0,317.0,30,30,100,0,100,0,200,0,100.0,5289.0,100.0,27687830632.0,100.0,38441418044.0
2018-08-22,ZCH0CGEJ,ST12000NM0007,12000138625024,0,73,20656760,94,0,100,5,100,0,87,483239184,94,5364,100,0,100,4,,,,,100.0,0.0,100.0,0.0,,,70.0,30.0,,,100.0,71.0,100.0,318.0,30,30,100,0,100,0,200,0,100.0,5312.0,100.0,27740581864.0,100.0,38686419460.0
2018-08-23,ZCH0CGEJ,ST12000NM0007,12000138625024,0,79,72090456,94,0,100,5,100,0,87,485581226,94,5388,100,0,100,4,,,,,100.0,0.0,100.0,0.0,,,70.0,30.0,,,100.0,71.0,100.0,319.0,30,30,100,0,100,0,200,0,100.0,5337.0,100.0,27831925816.0,100.0,38890649836.0
2018-08-24,ZCH0CGEJ,ST12000NM0007,12000138625024,0,82,158892760,94,0,100,5,100,0,87,488135466,94,5413,100,0,100,4,,,,,100.0,0.0,100.0,0.0,,,70.0,30.0,,,100.0,71.0,100.0,320.0,30,30,100,0,100,0,200,0,100.0,5361.0,100.0,27946809704.0,100.0,39106708956.0
2018-08-25,ZCH0CGEJ,ST12000NM0007,12000138625024,0,82,157111632,94,0,100,5,100,0,87,490339950,94,5436,100,0,100,4,,,,,100.0,0.0,100.0,0.0,,,70.0,30.0,,,100.0,71.0,100.0,321.0,30,30,100,0,100,0,200,0,100.0,5384.0,100.0,28037198888.0,100.0,39258679420.0
2018-08-26,ZCH0CGEJ,ST12000NM0007,12000138625024,0,82,162552672,94,0,100,5,100,0,87,492342193,94,5461,100,0,100,4,,,,,100.0,0.0,100.0,0.0,,,70.0,30.0,,,100.0,72.0,100.0,322.0,30,30,100,0,100,0,200,0,100.0,5409.0,100.0,28121880928.0,100.0,39423579140.0
2018-08-27,ZCH0CGEJ,ST12000NM0007,12000138625024,0,72,16914504,94,0,100,5,100,0,87,494936344,94,5484,100,0,100,4,,,,,100.0,0.0,100.0,0.0,,,70.0,30.0,,,100.0,73.0,100.0,323.0,30,30,100,0,100,0,200,0,100.0,5432.0,100.0,28223153096.0,100.0,39664950396.0
2018-08-28,ZCH0CGEJ,ST12000NM0007,12000138625024,0,78,59093920,94,0,100,5,100,0,87,497223855,94,5509,100,0,100,4,,,,,100.0,0.0,100.0,0.0,,,70.0,30.0,,,100.0,73.0,100.0,324.0,30,30,100,0,100,0,200,0,100.0,5456.0,100.0,28309571560.0,100.0,39864851980.0
2018-08-29,ZCH0CGEJ,ST12000NM0007,12000138625024,0,80,95436872,94,0,100,5,100,0,87,499443739,94,5532,100,0,100,4,,,,,100.0,0.0,100.0,0.0,,,70.0,30.0,,,100.0,73.0,100.0,325.0,30,30,100,0,100,0,200,0,100.0,5480.0,100.0,28403350520.0,100.0,40051556620.0
2018-08-30,ZCH0CGEJ,ST12000NM0007,12000138625024,0,76,43012720,94,0,100,5,100,0,87,500946159,94,5549,100,0,100,4,,,,,100.0,0.0,100.0,0.0,,,70.0,30.0,,,100.0,73.0,100.0,327.0,30,30,100,0,100,0,200,0,100.0,5497.0,100.0,28471262104.0,100.0,40175361668.0
2018-08-31,ZCH0CGEJ,ST12000NM0007,12000138625024,0,80,99738304,94,0,100,5,100,0,87,503387572,94,5574,100,0,100,4,,,,,100.0,0.0,100.0,0.0,,,69.0,31.0,,,100.0,74.0,100.0,328.0,31,31,100,0,100,0,200,0,100.0,5521.0,100.0,28575322736.0,100.0,40372167396.0
2018-09-01,ZCH0CGEJ,ST12000NM0007,12000138625024,0,83,187249112,94,0,100,5,100,0,87,505904765,94,5597,100,0,100,4,,,,,100.0,0.0,100.0,0.0,,,70.0,30.0,,,100.0,74.0,100.0,329.0,30,30,100,0,100,0,200,0,100.0,5544.0,100.0,28682309496.0,100.0,40596832076.0
2018-09-02,ZCH0CGEJ,ST12000NM0007,12000138625024,0,100,2302144,94,0,100,5,100,0,87,508357366,94,5622,100,0,100,4,,,,,100.0,0.0,100.0,0.0,,,69.0,31.0,,,100.0,74.0,100.0,330.0,31,31,100,0,100,0,200,0,100.0,5569.0,100.0,28761361568.0,100.0,40821114532.0
2018-09-03,ZCH0CGEJ,ST12000NM0007,12000138625024,0,75,32752816,94,0,100,5,100,0,87,510492537,94,5645,100,0,100,4,,,,,100.0,0.0,100.0,0.0,,,69.0,31.0,,,100.0,74.0,100.0,331.0,31,31,100,0,100,0,200,0,100.0,5592.0,100.0,28843519008.0,100.0,41013548644.0
2018-09-04,ZCH0CGEJ,ST12000NM0007,12000138625024,0,78,65353016,94,0,100,5,100,0,87,512832510,94,5669,100,0,100,4,,,,,100.0,0.0,100.0,0.0,,,69.0,31.0,,,100.0,75.0,100.0,332.0,31,31,100,0,100,0,200,0,100.0,5616.0,100.0,28923470120.0,100.0,41210338484.0
2018-09-05,ZCH0CGEJ,ST12000NM0007,12000138625024,0,81,129218392,94,0,100,5,100,0,87,515124516,94,5694,100,0,100,4,,,,,100.0,0.0,100.0,0.0,,,70.0,30.0,,,100.0,75.0,100.0,333.0,30,30,100,0,100,0,200,0,100.0,5640.0,100.0,29017376280.0,100.0,41424438428.0
2018-09-06,ZCH0CGEJ,ST12000NM0007,12000138625024,0,75,32657832,94,0,100,5,100,0,87,517970122,94,5722,100,0,100,4,,,,,100.0,0.0,100.0,0.0,,,70.0,30.0,,,100.0,76.0,100.0,334.0,30,30,100,0,100,0,200,0,100.0,5669.0,100.0,29153326888.0,100.0,41680208668.0
2018-09-07,ZCH0CGEJ,ST12000NM0007,12000138625024,0,81,127281144,94,0,100,5,100,0,87,520671122,94,5746,100,0,100,4,,,,,100.0,0.0,100.0,0.0,,,69.0,31.0,,,100.0,77.0,100.0,335.0,31,31,100,0,100,0,200,0,100.0,5692.0,100.0,29270339224.0,100.0,41901960364.0
2018-09-08,ZCH0CGEJ,ST12000NM0007,12000138625024,0,81,139061536,94,0,100,5,100,0,87,522644288,94,5770,100,0,100,4,,,,,100.0,0.0,100.0,0.0,,,70.0,30.0,,,100.0,77.0,100.0,336.0,30,30,100,0,100,0,200,0,100.0,5717.0,100.0,29364872320.0,100.0,42063348316.0
2018-09-09,ZCH0CGEJ,ST12000NM0007,12000138625024,0,84,227360936,94,0,100,5,100,0,87,525027258,94,5794,100,0,100,4,,,,,100.0,0.0,100.0,0.0,,,69.0,31.0,,,100.0,77.0,100.0,337.0,31,31,100,0,100,0,200,0,100.0,5740.0,100.0,29464045680.0,100.0,42296615212.0
2018-09-10,ZCH0CGEJ,ST12000NM0007,12000138625024,0,84,240808152,94,0,100,5,100,0,87,527355981,94,5818,100,0,100,4,,,,,100.0,0.0,100.0,0.0,,,70.0,30.0,,,100.0,78.0,100.0,338.0,30,30,100,0,100,0,200,0,100.0,5764.0,100.0,29560493184.0,100.0,42457755636.0
2018-09-11,ZCH0CGEJ,ST12000NM0007,12000138625024,0,79,80487272,94,0,100,5,100,0,87,529780673,94,5843,100,0,100,4,,,,,100.0,0.0,100.0,0.0,,,69.0,31.0,,,100.0,78.0,100.0,339.0,31,31,100,0,100,0,200,0,100.0,5789.0,100.0,29656448056.0,100.0,42689761764.0
2018-09-12,ZCH0CGEJ,ST12000NM0007,12000138625024,0,82,174525176,94,0,100,5,100,0,87,532609886,94,5866,100,0,100,4,,,,,100.0,0.0,100.0,0.0,,,69.0,31.0,,,100.0,78.0,100.0,340.0,31,31,100,0,100,0,200,0,100.0,5812.0,100.0,29760070784.0,100.0,42924317588.0
2018-09-13,ZCH0CGEJ,ST12000NM0007,12000138625024,0,83,181229512,94,0,100,5,100,0,87,534554855,94,5889,100,0,100,4,,,,,100.0,0.0,100.0,0.0,,,70.0,30.0,,,100.0,78.0,100.0,341.0,30,30,100,0,100,0,200,0,100.0,5835.0,100.0,29839010152.0,100.0,43096223204.0
2018-09-14,ZCH0CGEJ,ST12000NM0007,12000138625024,0,83,195109808,94,0,100,5,100,0,87,536554210,94,5912,100,0,100,4,,,,,100.0,0.0,100.0,0.0,,,70.0,30.0,,,100.0,78.0,100.0,342.0,30,30,100,0,100,0,200,0,100.0,5858.0,100.0,29908872808.0,100.0,43284381604.0
2018-09-15,ZCH0CGEJ,ST12000NM0007,12000138625024,0,83,214656816,94,0,100,5,100,0,87,538776184,94,5937,100,0,100,4,,,,,100.0,0.0,100.0,0.0,,,71.0,29.0,,,100.0,78.0,100.0,343.0,29,29,100,0,100,0,200,0,100.0,5882.0,100.0,29997790600.0,100.0,43459151620.0
2018-09-16,ZCH0CGEJ,ST12000NM0007,12000138625024,0,76,37429808,94,0,100,5,100,0,87,541285160,94,5961,100,0,100,4,,,,,100.0,0.0,100.0,0.0,,,71.0,29.0,,,100.0,78.0,100.0,344.0,29,29,100,0,100,0,200,0,100.0,5906.0,100.0,30106607856.0,100.0,43661389068.0
2018-09-17,ZCH0CGEJ,ST12000NM0007,12000138625024,0,80,111986552,94,0,100,5,100,0,87,543766281,94,5984,100,0,100,4,,,,,100.0,0.0,100.0,0.0,,,70.0,30.0,,,100.0,78.0,100.0,345.0,30,30,100,0,100,0,200,0,100.0,5930.0,100.0,30199582784.0,100.0,43887111516.0
2018-09-18,ZCH0CGEJ,ST12000NM0007,12000138625024,0,83,199060680,94,0,100,5,100,0,87,546708287,94,6009,100,0,100,4,,,,,100.0,0.0,100.0,0.0,,,71.0,29.0,,,100.0,78.0,100.0,346.0,29,29,100,0,100,0,200,0,100.0,5954.0,100.0,30321081016.0,100.0,44096828172.0
2018-09-19,ZCH0CGEJ,ST12000NM0007,12000138625024,0,84,233115032,94,0,100,5,100,0,87,548881659,94,6032,100,0,100,4,,,,,100.0,0.0,100.0,0.0,,,69.0,31.0,,,100.0,79.0,100.0,347.0,31,31,100,0,100,0,200,0,100.0,5978.0,100.0,30437075248.0,100.0,44259028964.0
2018-09-20,ZCH0CGEJ,ST12000NM0007,12000138625024,0,72,15537096,94,0,100,5,100,0,87,550957098,94,6057,100,0,100,4,,,,,100.0,0.0,100.0,0.0,,,69.0,31.0,,,100.0,79.0,100.0,348.0,31,31,100,0,100,0,200,0,100.0,6002.0,100.0,30517746744.0,100.0,44449061052.0
2018-09-21,ZCH0CGEJ,ST12000NM0007,12000138625024,0,78,67711456,94,0,100,5,100,0,87,553258314,94,6080,100,0,100,4,,,,,100.0,0.0,100.0,0.0,,,69.0,31.0,,,100.0,79.0,100.0,349.0,31,31,100,0,100,0,200,0,100.0,6026.0,100.0,30611027312.0,100.0,44652101364.0
2018-09-22,ZCH0CGEJ,ST12000NM0007,12000138625024,0,82,175724416,94,0,100,5,100,0,87,556141085,94,6105,100,0,100,4,,,,,100.0,0.0,100.0,0.0,,,70.0,30.0,,,100.0,80.0,100.0,350.0,30,30,100,0,100,0,200,0,100.0,6050.0,100.0,30720824528.0,100.0,44894457764.0
2018-09-23,ZCH0CGEJ,ST12000NM0007,12000138625024,0,84,229760160,94,0,100,5,100,0,87,558724181,94,6128,100,0,100,4,,,,,100.0,0.0,100.0,0.0,,,70.0,30.0,,,100.0,81.0,100.0,351.0,30,30,100,0,100,0,200,0,100.0,6073.0,100.0,30829187016.0,100.0,45084271900.0
2018-09-24,ZCH0CGEJ,ST12000NM0007,12000138625024,0,80,103451368,94,0,100,5,100,0,87,561659281,93,6153,100,0,100,4,,,,,100.0,0.0,100.0,0.0,,,70.0,30.0,,,100.0,81.0,100.0,352.0,30,30,100,0,100,0,200,0,100.0,6098.0,100.0,30954960512.0,100.0,45320471356.0
2018-09-25,ZCH0CGEJ,ST12000NM0007,12000138625024,0,81,131562736,94,0,100,5,100,0,88,564366980,93,6177,100,0,100,4,,,,,100.0,0.0,100.0,0.0,,,69.0,31.0,,,100.0,81.0,100.0,353.0,31,31,100,0,100,0,200,0,100.0,6121.0,100.0,31049286488.0,100.0,45498397700.0
2018-09-26,ZCH0CGEJ,ST12000NM0007,12000138625024,0,81,129004096,94,0,100,5,100,0,88,566457560,93,6200,100,0,100,4,,,,,100.0,0.0,100.0,0.0,,,70.0,30.0,,,100.0,82.0,100.0,354.0,30,30,100,0,100,0,200,0,100.0,6145.0,100.0,31127111336.0,100.0,45662155092.0
2018-09-27,ZCH0CGEJ,ST12000NM0007,12000138625024,0,83,188146768,94,0,100,5,100,0,88,568815099,93,6224,100,0,100,4,,,,,100.0,0.0,100.0,0.0,,,70.0,30.0,,,100.0,82.0,100.0,355.0,30,30,100,0,100,0,200,0,100.0,6169.0,100.0,31215898424.0,100.0,45876651332.0
2018-09-28,ZCH0CGEJ,ST12000NM0007,12000138625024,0,83,210556336,94,0,100,5,100,0,88,570995143,93,6247,100,0,100,4,,,,,100.0,0.0,100.0,0.0,,,69.0,31.0,,,100.0,82.0,100.0,356.0,31,31,100,0,100,0,200,0,100.0,6191.0,100.0,31298720064.0,100.0,46060379964.0
2018-09-29,ZCH0CGEJ,ST12000NM0007,12000138625024,0,79,71279520,94,0,100,5,100,0,88,573669482,93,6271,100,0,100,4,,,,,100.0,0.0,100.0,0.0,,,69.0,31.0,,,100.0,82.0,100.0,357.0,31,31,100,0,100,0,200,0,100.0,6216.0,100.0,31390081488.0,100.0,46318023532.0
2018-09-30,ZCH0CGEJ,ST12000NM0007,12000138625024,0,80,97017192,94,0,100,5,100,0,88,575991616,93,6295,100,0,100,4,,,,,100.0,0.0,100.0,0.0,,,69.0,31.0,,,100.0,83.0,100.0,358.0,31,31,100,0,100,0,200,0,100.0,6239.0,100.0,31478369096.0,100.0,46499614268.0
2018-10-01,ZCH0CGEJ,ST12000NM0007,12000138625024,0,83,205456736,94,0,100,5,100,0,88,578810250,93,6319,100,0,100,4,,,,,100.0,0.0,100.0,0.0,,,69.0,31.0,,,100.0,84.0,100.0,359.0,31,31,100,0,100,0,200,0,100.0,6264.0,100.0,31576741288.0,100.0,46753822316.0
2018-10-02,ZCH0CGEJ,ST12000NM0007,12000138625024,0,84,232089984,94,0,100,5,100,0,88,581249619,93,6343,100,0,100,4,,,,,100.0,0.0,100.0,0.0,,,69.0,31.0,,,100.0,85.0,100.0,360.0,31,31,100,0,100,0,200,0,100.0,6287.0,100.0,31666289744.0,100.0,46935047860.0
2018-10-03,ZCH0CGEJ,ST12000NM0007,12000138625024,0,84,239864528,94,0,100,5,100,0,88,583375237,93,6366,100,0,100,4,,,,,100.0,0.0,100.0,0.0,,,69.0,31.0,,,100.0,86.0,100.0,361.0,31,31,100,0,100,0,200,0,100.0,6311.0,100.0,31768552536.0,100.0,47084701348.0
2018-10-04,ZCH0CGEJ,ST12000NM0007,12000138625024,0,77.0,52052568.0,94.0,0.0,100.0,5.0,100.0,0.0,88.0,585430328.0,93.0,6391.0,100.0,0.0,100.0,4.0,,,,,100.0,0.0,100.0,0.0,,,69.0,31.0,,,100.0,87.0,100.0,362.0,31.0,31.0,100.0,0.0,100.0,0.0,200.0,0.0,100.0,6335.0,100.0,31854866024.0,100.0,47298857276.0
2018-10-05,ZCH0CGEJ,ST12000NM0007,12000138625024,0,77,55164152,94,0,100,5,100,0,88,587561945,93,6415,100,0,100,4,,,,,100.0,0.0,100.0,0.0,,,70.0,30.0,,,100.0,88.0,100.0,363.0,30,30,100,0,100,0,200,0,100.0,6359.0,100.0,31949430896.0,100.0,47451544836.0
2018-10-06,ZCH0CGEJ,ST12000NM0007,12000138625024,0,79,86477760,94,0,100,5,100,0,88,589769200,93,6439,100,0,100,4,,,,,100.0,0.0,100.0,0.0,,,70.0,30.0,,,100.0,89.0,100.0,364.0,30,30,100,0,100,0,200,0,100.0,6383.0,100.0,32041776760.0,100.0,47634653420.0
2018-10-07,ZCH0CGEJ,ST12000NM0007,12000138625024,0,82,145902920,94,0,100,5,100,0,88,592100080,93,6463,100,0,100,4,,,,,100.0,0.0,100.0,0.0,,,71.0,29.0,,,100.0,90.0,100.0,365.0,29,29,100,0,100,0,200,0,100.0,6407.0,100.0,32157141264.0,100.0,47822854828.0
2018-10-08,ZCH0CGEJ,ST12000NM0007,12000138625024,0,83,184833616,94,0,100,5,100,0,88,594674550,93,6487,100,0,100,4,,,,,100.0,0.0,100.0,0.0,,,70.0,30.0,,,100.0,90.0,100.0,366.0,30,30,100,0,100,0,200,0,100.0,6430.0,100.0,32250773120.0,100.0,48012294300.0
2018-10-09,ZCH0CGEJ,ST12000NM0007,12000138625024,0,83.0,183050192.0,94.0,0.0,100.0,5.0,100.0,0.0,88.0,596735203.0,93.0,6511.0,100.0,0.0,100.0,4.0,,,,,100.0,0.0,100.0,0.0,,,70.0,30.0,,,100.0,91.0,100.0,367.0,30.0,30.0,100.0,0.0,100.0,0.0,200.0,0.0,100.0,6455.0,100.0,32342888408.0,100.0,48162536332.0
2018-10-10,ZCH0CGEJ,ST12000NM0007,12000138625024,0,83,182529136,94,0,100,5,100,0,88,598695042,93,6535,100,0,100,4,,,,,100.0,0.0,100.0,0.0,,,70.0,30.0,,,100.0,91.0,100.0,368.0,30,30,100,0,100,0,200,0,100.0,6479.0,100.0,32411787672.0,100.0,48337256876.0
2018-10-11,ZCH0CGEJ,ST12000NM0007,12000138625024,0,82,145873192,94,0,100,5,100,0,88,600425635,93,6559,100,0,100,4,,,,,100.0,0.0,100.0,0.0,,,70.0,30.0,,,100.0,91.0,100.0,369.0,30,30,100,0,100,0,200,0,100.0,6503.0,100.0,32482377208.0,100.0,48474152164.0
2018-10-12,ZCH0CGEJ,ST12000NM0007,12000138625024,0,82,156443280,94,0,100,5,100,0,88,602397367,93,6583,100,0,100,4,,,,,100.0,0.0,100.0,0.0,,,70.0,30.0,,,100.0,92.0,100.0,370.0,30,30,100,0,100,0,200,0,100.0,6527.0,100.0,32576651424.0,100.0,48634588828.0
2018-10-13,ZCH0CGEJ,ST12000NM0007,12000138625024,0,83,218098866,94,0,100,5,100,0,88,604943343,93,6605,100,0,100,4,,,,,100.0,0.0,100.0,0.0,,,71.0,29.0,,,100.0,92.0,100.0,376.0,29,29,100,0,100,0,200,0,100.0,6547.0,100.0,32657210312.0,100.0,48859826214.0
2018-10-14,ZCH0CGEJ,ST12000NM0007,12000138625024,0,84,244073256,94,0,100,5,100,0,88,607050119,93,6629,100,0,100,4,,,,,100.0,0.0,100.0,0.0,,,71.0,29.0,,,100.0,92.0,100.0,377.0,29,29,100,0,100,0,200,0,100.0,6572.0,100.0,32737341744.0,100.0,49049809958.0
2018-10-15,ZCH0CGEJ,ST12000NM0007,12000138625024,0,79,74458624,94,0,100,5,100,0,88,609468630,93,6652,100,0,100,4,,,,,100.0,0.0,100.0,0.0,,,70.0,30.0,,,100.0,93.0,100.0,378.0,30,30,100,0,100,0,200,0,100.0,6595.0,100.0,32821422328.0,100.0,49284396206.0
2018-10-16,ZCH0CGEJ,ST12000NM0007,12000138625024,0,83,216044376,94,0,100,5,100,0,88,612018133,93,6677,100,0,100,4,,,,,100.0,0.0,100.0,0.0,,,70.0,30.0,,,100.0,94.0,100.0,379.0,30,30,100,0,100,0,200,0,100.0,6619.0,100.0,32892852576.0,100.0,49598692494.0
2018-10-17,ZCH0CGEJ,ST12000NM0007,12000138625024,0,79,73308984,94,0,100,5,100,0,88,614532355,93,6701,100,0,100,4,,,,,100.0,0.0,100.0,0.0,,,70.0,30.0,,,100.0,95.0,100.0,380.0,30,30,100,0,100,0,200,0,100.0,6643.0,100.0,32976212872.0,100.0,49860878206.0
2018-10-18,ZCH0CGEJ,ST12000NM0007,12000138625024,0,82,167337088,94,0,100,5,100,0,88,617587434,93,6732,100,0,100,4,,,,,100.0,0.0,100.0,0.0,,,70.0,30.0,,,100.0,95.0,100.0,381.0,30,30,100,0,100,0,200,0,100.0,6674.0,100.0,33094151768.0,100.0,50081108326.0
2018-10-19,ZCH0CGEJ,ST12000NM0007,12000138625024,0,83,191927864,94,0,100,5,100,0,88,619693926,93,6756,100,0,100,4,,,,,100.0,0.0,100.0,0.0,,,70.0,30.0,,,100.0,96.0,100.0,382.0,30,30,100,0,100,0,200,0,100.0,6698.0,100.0,33193166432.0,100.0,50250825110.0
2018-10-20,ZCH0CGEJ,ST12000NM0007,12000138625024,0,72,14793656,94,0,100,5,100,0,88,622169080,93,6780,100,0,100,4,,,,,100.0,0.0,100.0,0.0,,,70.0,30.0,,,100.0,97.0,100.0,383.0,30,30,100,0,100,0,200,0,100.0,6722.0,100.0,33317706944.0,100.0,50437431870.0
2018-10-21,ZCH0CGEJ,ST12000NM0007,12000138625024,0,76,39235416,94,0,100,5,100,0,88,624357129,93,6804,100,0,100,4,,,,,100.0,0.0,100.0,0.0,,,70.0,30.0,,,100.0,97.0,100.0,384.0,30,30,100,0,100,0,200,0,100.0,6746.0,100.0,33418937384.0,100.0,50604783918.0
2018-10-22,ZCH0CGEJ,ST12000NM0007,12000138625024,0,81,121209984,94,0,100,5,100,0,88,626882027,93,6828,100,0,100,4,,,,,100.0,0.0,100.0,0.0,,,70.0,30.0,,,100.0,98.0,100.0,385.0,30,30,100,0,100,0,200,0,100.0,6770.0,100.0,33533713552.0,100.0,50816122958.0
2018-10-23,ZCH0CGEJ,ST12000NM0007,12000138625024,0,82,171252056,94,0,100,5,100,0,88,629241145,93,6852,100,0,100,4,,,,,100.0,0.0,100.0,0.0,,,70.0,30.0,,,100.0,99.0,100.0,386.0,30,30,100,0,100,0,200,0,100.0,6794.0,100.0,33629956992.0,100.0,51014062286.0
2018-10-24,ZCH0CGEJ,ST12000NM0007,12000138625024,0,84,237392312,94,0,100,5,100,0,88,632075424,93,6876,100,0,100,4,,,,,100.0,0.0,100.0,0.0,,,70.0,30.0,,,100,99,100.0,387.0,30,30,100,0,100,0,200,0,100.0,6818.0,100.0,33740139184.0,100.0,51214161166.0
2018-10-25,ZCH0CGEJ,ST12000NM0007,12000138625024,0,83,206088904,94,0,100,5,100,0,88,633742037,93,6897,100,0,100,4,,,,,100.0,0.0,100.0,0.0,,,70.0,30.0,,,100.0,100.0,100.0,388.0,30,30,100,0,100,0,200,0,100.0,6838.0,100.0,33808511312.0,100.0,51358626574.0
2018-10-26,ZCH0CGEJ,ST12000NM0007,12000138625024,0,83,213855928,94,0,100,5,100,0,88,635706828,93,6920,100,0,100,4,,,,,100.0,0.0,100.0,0.0,,,70.0,30.0,,,100.0,101.0,100.0,389.0,30,30,100,0,100,0,200,0,100.0,6861.0,100.0,33897869648.0,100.0,51521176222.0
2018-10-27,ZCH0CGEJ,ST12000NM0007,12000138625024,0,84,237968216,94,0,100,5,100,0,88,637976980,93,6944,100,0,100,4,,,,,100.0,0.0,100.0,0.0,,,70.0,30.0,,,100.0,101.0,100.0,390.0,30,30,100,0,100,0,200,0,100.0,6886.0,100.0,33983497824.0,100.0,51703801142.0
2018-10-28,ZCH0CGEJ,ST12000NM0007,12000138625024,0,73,17800968,94,0,100,5,100,0,88,640393466,93,6969,100,0,100,4,,,,,100.0,0.0,100.0,0.0,,,69.0,31.0,,,100.0,102.0,100.0,391.0,31,31,100,0,100,0,200,0,100.0,6910.0,100.0,34088723448.0,100.0,51866689702.0
2018-10-29,ZCH0CGEJ,ST12000NM0007,12000138625024,0,81,137750848,94,0,100,5,100,0,88,643267013,93,6993,100,0,100,4,,,,,100.0,0.0,100.0,0.0,,,70.0,30.0,,,100.0,102.0,100.0,392.0,30,30,100,0,100,0,200,0,100.0,6933.0,100.0,34174949008.0,100.0,52144554878.0
2018-10-30,ZCH0CGEJ,ST12000NM0007,12000138625024,0,83,207924048,94,0,100,5,100,0,88,646252364,92,7016,100,0,100,4,,,,,100.0,0.0,100.0,0.0,,,70.0,30.0,,,100.0,102.0,100.0,393.0,30,30,100,0,100,0,200,0,100.0,6957.0,100.0,34276358928.0,100.0,52357458790.0
2018-10-31,ZCH0CGEJ,ST12000NM0007,12000138625024,0,83,203005624,94.0,0.0,100.0,5.0,100.0,0.0,88.0,648186877.0,92,7040,100.0,0.0,100,4,,,,,100.0,0.0,100.0,0.0,,,70.0,30.0,,,100.0,103.0,100.0,394.0,30,30,100.0,0.0,100.0,0.0,200.0,0.0,100.0,6981.0,100.0,34381426336.0,100.0,52491613814.0
2018-11-01,ZCH0CGEJ,ST12000NM0007,12000138625024,0,84,229529720,94.0,0.0,100.0,5.0,100.0,0.0,88.0,650395838.0,92,7064,100.0,0.0,100,4,,,,,100.0,0.0,100.0,0.0,,,70.0,30.0,,,100.0,103.0,100.0,396.0,30,30,100.0,0.0,100.0,0.0,200.0,0.0,100.0,7004.0,100.0,34492062064.0,100.0,52651643054.0
2018-11-02,ZCH0CGEJ,ST12000NM0007,12000138625024,0,100,1016200,94.0,0.0,100.0,5.0,100.0,0.0,88.0,652385581.0,92,7087,100.0,0.0,100,4,,,,,100.0,0.0,100.0,0.0,,,70.0,30.0,,,100.0,103.0,100.0,396.0,30,30,100.0,0.0,100.0,0.0,200.0,0.0,100.0,7028.0,100.0,34577137344.0,100.0,52826336142.0
2018-11-03,ZCH0CGEJ,ST12000NM0007,12000138625024,0,82,141363304,94.0,0.0,100.0,5.0,100.0,0.0,88.0,655275626.0,92,7112,100.0,0.0,100,4,,,,,100.0,0.0,100.0,0.0,,,70.0,30.0,,,100.0,104.0,100.0,397.0,30,30,100.0,0.0,100.0,0.0,200.0,0.0,100.0,7052.0,100.0,34690863592.0,100.0,53097097630.0
2018-11-04,ZCH0CGEJ,ST12000NM0007,12000138625024,0,82,142965128,94.0,0.0,100.0,5.0,100.0,0.0,88.0,657502233.0,92,7135,100.0,0.0,100,4,,,,,100.0,0.0,100.0,0.0,,,70.0,30.0,,,100.0,104.0,100.0,398.0,30,30,100.0,0.0,100.0,0.0,200.0,0.0,100.0,7075.0,100.0,34777358400.0,100.0,53256345406.0
2018-11-05,ZCH0CGEJ,ST12000NM0007,12000138625024,0,76,39922544,94.0,0.0,100.0,5.0,100.0,0.0,88.0,660614304.0,92,7160,100.0,0.0,100,4,,,,,100.0,0.0,100.0,0.0,,,70.0,30.0,,,100.0,104.0,100.0,399.0,30,30,100.0,0.0,100.0,0.0,200.0,0.0,100.0,7100.0,100.0,34883054632.0,100.0,53535888150.0
2018-11-06,ZCH0CGEJ,ST12000NM0007,12000138625024,0,81.0,128220480.0,94.0,0.0,100.0,5.0,100.0,0.0,88.0,662943609.0,92.0,7183.0,100.0,0.0,100.0,4.0,,,,,100.0,0.0,100.0,0.0,,,70.0,30.0,,,100.0,105.0,100.0,400.0,30.0,30.0,100.0,0.0,100.0,0.0,200.0,0.0,100.0,7123.0,100.0,35024977072.0,100.0,53726404462.0
2018-11-07,ZCH0CGEJ,ST12000NM0007,12000138625024,0,82.0,177530384.0,94.0,0.0,100.0,5.0,100.0,0.0,88.0,665166365.0,92.0,7208.0,100.0,0.0,100.0,4.0,,,,,100.0,0.0,100.0,0.0,,,70.0,30.0,,,100.0,105.0,100.0,401.0,30.0,30.0,100.0,0.0,100.0,0.0,200.0,0.0,100.0,7147.0,100.0,35140452024.0,100.0,53904380102.0
2018-11-08,ZCH0CGEJ,ST12000NM0007,12000138625024,0,79.0,73808696.0,94.0,0.0,100.0,5.0,100.0,0.0,88.0,668002599.0,92.0,7235.0,100.0,0.0,100.0,4.0,,,,,100.0,0.0,100.0,0.0,,,70.0,30.0,,,100.0,105.0,100.0,403.0,30.0,30.0,100.0,0.0,100.0,0.0,200.0,0.0,100.0,7175.0,100.0,35252388216.0,100.0,54177003590.0
2018-11-09,ZCH0CGEJ,ST12000NM0007,12000138625024,0,83,180239160,94.0,0.0,100.0,5.0,100.0,0.0,88.0,670857156.0,92,7260,100.0,0.0,100,4,,,,,100.0,0.0,100.0,0.0,,,70.0,30.0,,,100.0,106.0,100.0,404.0,30,30,100.0,0.0,100.0,0.0,200.0,0.0,100.0,7199.0,100.0,35348414560.0,100.0,54431548366.0
2018-11-10,ZCH0CGEJ,ST12000NM0007,12000138625024,0,83,192495728,94.0,0.0,100.0,5.0,100.0,0.0,88.0,673104599.0,92,7283,100.0,0.0,100,4,,,,,100.0,0.0,100.0,0.0,,,70.0,30.0,,,100.0,107.0,100.0,405.0,30,30,100.0,0.0,100.0,0.0,200.0,0.0,100.0,7222.0,100.0,35431021720.0,100.0,54605338670.0
2018-11-11,ZCH0CGEJ,ST12000NM0007,12000138625024,0,83,222166952,94.0,0.0,100.0,5.0,100.0,0.0,88.0,675383773.0,92,7308,100.0,0.0,100,4,,,,,100.0,0.0,100.0,0.0,,,70.0,30.0,,,100.0,107.0,100.0,406.0,30,30,100.0,0.0,100.0,0.0,200.0,0.0,100.0,7247.0,100.0,35530854288.0,100.0,54779318214.0
2018-11-12,ZCH0CGEJ,ST12000NM0007,12000138625024,0,80,93061128,94.0,0.0,100.0,5.0,100.0,0.0,88.0,678105190.0,92,7331,100.0,0.0,100,4,,,,,100.0,0.0,100.0,0.0,,,70.0,30.0,,,100.0,108.0,100.0,407.0,30,30,100.0,0.0,100.0,0.0,200.0,0.0,100.0,7270.0,100.0,35621883768.0,100.0,55047464374.0
2018-11-13,ZCH0CGEJ,ST12000NM0007,12000138625024,0,81,120184904,94.0,0.0,100.0,5.0,100.0,0.0,88.0,680554721.0,92,7356,100.0,0.0,100,4,,,,,100.0,0.0,100.0,0.0,,,70.0,30.0,,,100.0,108.0,100.0,408.0,30,30,100.0,0.0,100.0,0.0,200.0,0.0,100.0,7294.0,100.0,35724034024.0,100.0,55216578582.0
2018-11-14,ZCH0CGEJ,ST12000NM0007,12000138625024,0,82,149952984,94.0,0.0,100.0,5.0,100.0,0.0,88.0,683208031.0,92,7379,100.0,0.0,100,4,,,,,100.0,0.0,100.0,0.0,,,70.0,30.0,,,100.0,109.0,100.0,409.0,30,30,100.0,0.0,100.0,0.0,200.0,0.0,100.0,7318.0,100.0,35821645232.0,100.0,55392876214.0
2018-11-15,ZCH0CGEJ,ST12000NM0007,12000138625024,0,84,239874560,94.0,0.0,100.0,5.0,100.0,0.0,88.0,685661679.0,92,7404,100.0,0.0,100,4,,,,,100.0,0.0,100.0,0.0,,,70.0,30.0,,,100.0,109.0,100.0,410.0,30,30,100.0,0.0,100.0,0.0,200.0,0.0,100.0,7343.0,100.0,35926103240.0,100.0,55622480518.0
2018-11-16,ZCH0CGEJ,ST12000NM0007,12000138625024,0,79,73461440,94.0,0.0,100.0,5.0,100.0,0.0,88.0,688306744.0,92,7428,100.0,0.0,100,4,,,,,100.0,0.0,100.0,0.0,,,70.0,30.0,,,100.0,109.0,100.0,411.0,30,30,100.0,0.0,100.0,0.0,200.0,0.0,100.0,7366.0,100.0,36036368256.0,100.0,55834083910.0
2018-11-17,ZCH0CGEJ,ST12000NM0007,12000138625024,0,79.0,83354832.0,94.0,0.0,100.0,5.0,100.0,0.0,88.0,690518641.0,92.0,7451.0,100.0,0.0,100.0,4.0,,,,,100.0,0.0,100.0,0.0,,,70.0,30.0,,,100.0,110.0,100.0,412.0,30.0,30.0,100.0,0.0,100.0,0.0,200.0,0.0,100.0,7389.0,100.0,36133685848.0,100.0,55990800638.0
2018-11-18,ZCH0CGEJ,ST12000NM0007,12000138625024,0,81,134331472,94.0,0.0,100.0,5.0,100.0,0.0,88.0,693002030.0,92,7475,100.0,0.0,100,4,,,,,100.0,0.0,100.0,0.0,,,70.0,30.0,,,100.0,110.0,100.0,413.0,30,30,100.0,0.0,100.0,0.0,200.0,0.0,100.0,7414.0,100.0,36236014704.0,100.0,56183589054.0
2018-11-19,ZCH0CGEJ,ST12000NM0007,12000138625024,0,84,236409760,94.0,0.0,100.0,5.0,100.0,0.0,88.0,695757337.0,92,7499,100.0,0.0,100,4,,,,,100.0,0.0,100.0,0.0,,,70.0,30.0,,,100.0,111.0,100.0,414.0,30,30,100.0,0.0,100.0,0.0,200.0,0.0,100.0,7437.0,100.0,36348544616.0,100.0,56417278254.0
2018-11-20,ZCH0CGEJ,ST12000NM0007,12000138625024,0,84,235171592,94.0,0.0,100.0,5.0,100.0,0.0,88.0,697736375.0,92,7523,100.0,0.0,100,4,,,,,100.0,0.0,100.0,0.0,,,70.0,30.0,,,100.0,111.0,100.0,415.0,30,30,100.0,0.0,100.0,0.0,200.0,0.0,100.0,7461.0,100.0,36434637920.0,100.0,56574087582.0
2018-11-21,ZCH0CGEJ,ST12000NM0007,12000138625024,0,79,72959720,94.0,0.0,100.0,5.0,100.0,0.0,88.0,700572197.0,92,7547,100.0,0.0,100,4,,,,,100.0,0.0,100.0,0.0,,,70.0,30.0,,,100.0,112.0,100.0,416.0,30,30,100.0,0.0,100.0,0.0,200.0,0.0,100.0,7485.0,100.0,36530661208.0,100.0,56804134078.0
2018-11-22,ZCH0CGEJ,ST12000NM0007,12000138625024,0,72,15099712,94.0,0.0,100.0,5.0,100.0,0.0,88.0,702000696.0,92,7564,100.0,0.0,100,4,,,,,100.0,0.0,100.0,0.0,,,70.0,30.0,,,100.0,112.0,100.0,416.0,30,30,100.0,0.0,100.0,0.0,200.0,0.0,100.0,7502.0,100.0,36593890120.0,100.0,56927185790.0
2018-11-23,ZCH0CGEJ,ST12000NM0007,12000138625024,0,81,133321592,94.0,0.0,100.0,5.0,100.0,0.0,88.0,704410778.0,92,7589,100.0,0.0,100,4,,,,,100.0,0.0,100.0,0.0,,,70.0,30.0,,,100.0,112.0,100.0,417.0,30,30,100.0,0.0,100.0,0.0,200.0,0.0,100.0,7527.0,100.0,36751272840.0,100.0,57132166534.0
2018-11-24,ZCH0CGEJ,ST12000NM0007,12000138625024,0,83,221603936,94.0,0.0,100.0,5.0,100.0,0.0,88.0,706755069.0,92,7613,100.0,0.0,100,4,,,,,100.0,0.0,100.0,0.0,,,70.0,30.0,,,100.0,112.0,100.0,418.0,30,30,100.0,0.0,100.0,0.0,200.0,0.0,100.0,7550.0,100.0,36821432912.0,100.0,57394429438.0
2018-11-25,ZCH0CGEJ,ST12000NM0007,12000138625024,0,75,28263072,94.0,0.0,100.0,5.0,100.0,0.0,89.0,708960344.0,92,7636,100.0,0.0,100,4,,,,,100.0,0.0,100.0,0.0,,,70.0,30.0,,,100.0,113.0,100.0,419.0,30,30,100.0,0.0,100.0,0.0,200.0,0.0,100.0,7574.0,100.0,36890482504.0,100.0,57620320486.0
2018-11-26,ZCH0CGEJ,ST12000NM0007,12000138625024,0,82,154525800,94.0,0.0,100.0,5.0,100.0,0.0,89.0,711485638.0,92,7660,100.0,0.0,100,4,,,,,100.0,0.0,100.0,0.0,,,70.0,30.0,,,100.0,113.0,100.0,420.0,30,30,100.0,0.0,100.0,0.0,200.0,0.0,100.0,7598.0,100.0,37018845328.0,100.0,57862361022.0
2018-11-27,ZCH0CGEJ,ST12000NM0007,12000138625024,0,82,177531000,94.0,0.0,100.0,5.0,100.0,0.0,89.0,713606090.0,92,7684,100.0,0.0,100,4,,,,,100.0,0.0,100.0,0.0,,,70.0,30.0,,,100.0,113.0,100.0,421.0,30,30,100.0,0.0,100.0,0.0,200.0,0.0,100.0,7622.0,100.0,37104531048.0,100.0,58043821134.0
2018-11-28,ZCH0CGEJ,ST12000NM0007,12000138625024,0,84,237613040,94.0,0.0,100.0,5.0,100.0,0.0,89.0,716235629.0,92,7709,100.0,0.0,100,4,,,,,100.0,0.0,100.0,0.0,,,70.0,30.0,,,100.0,113.0,100.0,422.0,30,30,100.0,0.0,100.0,0.0,200.0,0.0,100.0,7646.0,100.0,37185011032.0,100.0,58267563878.0
2018-11-29,ZCH0CGEJ,ST12000NM0007,12000138625024,0,65,2825328,94.0,0.0,100.0,5.0,100.0,0.0,89.0,718297563.0,92,7733,100.0,0.0,100,4,,,,,100.0,0.0,100.0,0.0,,,70.0,30.0,,,100.0,113.0,100.0,423.0,30,30,100.0,0.0,100.0,0.0,200.0,0.0,100.0,7670.0,100.0,37260880560.0,100.0,58445188030.0
2018-11-30,ZCH0CGEJ,ST12000NM0007,12000138625024,0,68,5768320,94.0,0.0,100.0,5.0,100.0,0.0,89.0,720403780.0,92,7756,100.0,0.0,100,4,,,,,100.0,0.0,100.0,0.0,,,70.0,30.0,,,100.0,113.0,100.0,424.0,30,30,100.0,0.0,100.0,0.0,200.0,0.0,100.0,7693.0,100.0,37328589592.0,100.0,58624562654.0
2018-12-01,ZCH0CGEJ,ST12000NM0007,12000138625024,0,80,105621512,94.0,0.0,100.0,5.0,100.0,0.0,89.0,722997502.0,92,7781,100.0,0.0,100,4,,,,,100.0,0.0,100.0,0.0,,,70.0,30.0,,,100.0,113.0,100.0,425.0,30,30,100.0,0.0,100.0,0.0,200.0,0.0,100.0,7717.0,100.0,37411609712.0,100.0,58885536598.0
2018-12-02,ZCH0CGEJ,ST12000NM0007,12000138625024,0,82,159087520,94.0,0.0,100.0,5.0,100.0,0.0,89.0,725308281.0,92,7804,100.0,0.0,100,4,,,,,100.0,0.0,100.0,0.0,,,70.0,30.0,,,100.0,113.0,100.0,426.0,30,30,100.0,0.0,100.0,0.0,200.0,0.0,100.0,7741.0,100.0,37516910032.0,100.0,59077843110.0
2018-12-03,ZCH0CGEJ,ST12000NM0007,12000138625024,0,100,388608,94.0,0.0,100.0,5.0,100.0,0.0,89.0,727839946.0,92,7829,100.0,0.0,100,4,,,,,100.0,0.0,100.0,0.0,,,70.0,30.0,,,100.0,113.0,100.0,427.0,30,30,100.0,0.0,100.0,0.0,200.0,0.0,100.0,7766.0,100.0,37629257344.0,100.0,59295078422.0
2018-12-04,ZCH0CGEJ,ST12000NM0007,12000138625024,0,79,87489080,94.0,0.0,100.0,5.0,100.0,0.0,89.0,730786453.0,92,7853,100.0,0.0,100,4,,,,,100.0,0.0,100.0,0.0,,,70.0,30.0,,,100.0,113.0,100.0,428.0,30,30,100.0,0.0,100.0,0.0,200.0,0.0,100.0,7789.0,100.0,37718646496.0,100.0,59536930438.0
2018-12-05,ZCH0CGEJ,ST12000NM0007,12000138625024,0,80.0,91712824.0,94.0,0.0,100.0,5.0,100.0,0.0,89.0,732901367.0,92.0,7877.0,100.0,0.0,100.0,4.0,,,,,100.0,0.0,100.0,0.0,,,70.0,30.0,,,100.0,114.0,100.0,429.0,30.0,30.0,100.0,0.0,100.0,0.0,200.0,0.0,100.0,7813.0,100.0,37812257864.0,100.0,59691684102.0
2018-12-06,ZCH0CGEJ,ST12000NM0007,12000138625024,0,64,2711664,94.0,0.0,100.0,5.0,100.0,0.0,89.0,735972955.0,91,7908,100.0,0.0,100,4,,,,,100.0,0.0,100.0,0.0,,,70.0,30.0,,,100.0,115.0,100.0,431.0,30,30,100.0,0.0,100.0,0.0,200.0,0.0,100.0,7844.0,100.0,37905870624.0,100.0,59997351982.0
2018-12-07,ZCH0CGEJ,ST12000NM0007,12000138625024,0,80,112033144,94.0,0.0,100.0,5.0,100.0,0.0,89.0,738567489.0,91,7932,100.0,0.0,100,4,,,,,100.0,0.0,100.0,0.0,,,70.0,30.0,,,100.0,115.0,100.0,432.0,30,30,100.0,0.0,100.0,0.0,200.0,0.0,100.0,7868.0,100.0,37995821896.0,100.0,60260862846.0
2018-12-08,ZCH0CGEJ,ST12000NM0007,12000138625024,0,82,157062072,94.0,0.0,100.0,5.0,100.0,0.0,89.0,741148403.0,91,7956,100.0,0.0,100,4,,,,,100.0,0.0,100.0,0.0,,,70.0,30.0,,,100.0,115.0,100.0,433.0,30,30,100.0,0.0,100.0,0.0,200.0,0.0,100.0,7892.0,100.0,38115745744.0,100.0,60430108678.0
2018-12-09,ZCH0CGEJ,ST12000NM0007,12000138625024,0,81,131409304,94.0,0.0,100.0,5.0,100.0,0.0,89.0,742883033.0,91,7973,100.0,0.0,100,4,,,,,100.0,0.0,100.0,0.0,,,70.0,30.0,,,100.0,115.0,100.0,433.0,30,30,100.0,0.0,100.0,0.0,200.0,0.0,100.0,7909.0,100.0,38199293032.0,100.0,60565049254.0
2018-12-10,ZCH0CGEJ,ST12000NM0007,12000138625024,0,80,99225288,94.0,0.0,100.0,5.0,100.0,0.0,89.0,745993092.0,91,7997,100.0,0.0,100,4,,,,,100.0,0.0,100.0,0.0,,,69.0,31.0,,,100.0,116.0,100.0,434.0,31,31,100.0,0.0,100.0,0.0,200.0,0.0,100.0,7933.0,100.0,38380815968.0,100.0,60839623814.0
2018-12-11,ZCH0CGEJ,ST12000NM0007,12000138625024,0,83,177955048,94.0,0.0,100.0,5.0,100.0,0.0,89.0,748442811.0,91,8021,100.0,0.0,100,4,,,,,100.0,0.0,100.0,0.0,,,70.0,30.0,,,100.0,116.0,100.0,435.0,30,30,100.0,0.0,100.0,0.0,200.0,0.0,100.0,7957.0,100.0,38508992256.0,100.0,61034318006.0
2018-12-12,ZCH0CGEJ,ST12000NM0007,12000138625024,0,83,209893928,94.0,0.0,100.0,5.0,100.0,0.0,89.0,751356619.0,91,8045,100.0,0.0,100,4,,,,,100.0,0.0,100.0,0.0,,,70.0,30.0,,,100.0,116.0,100.0,436.0,30,30,100.0,0.0,100.0,0.0,200.0,0.0,100.0,7981.0,100.0,38609249264.0,100.0,61210140806.0
2018-12-13,ZCH0CGEJ,ST12000NM0007,12000138625024,0,83,220665136,94.0,0.0,100.0,5.0,100.0,0.0,89.0,753692093.0,91,8070,100.0,0.0,100,4,,,,,100.0,0.0,100.0,0.0,,,69.0,31.0,,,100.0,117.0,100.0,437.0,31,31,100.0,0.0,100.0,0.0,200.0,0.0,100.0,8005.0,100.0,38699962560.0,100.0,61374339350.0
2018-12-14,ZCH0CGEJ,ST12000NM0007,12000138625024,0,75,33545272,94.0,0.0,100.0,5.0,100.0,0.0,89.0,756182114.0,91,8093,100.0,0.0,100,4,,,,,100.0,0.0,100.0,0.0,,,70.0,30.0,,,100.0,117.0,100.0,438.0,30,30,100.0,0.0,100.0,0.0,200.0,0.0,100.0,8029.0,100.0,38807391392.0,100.0,61568072110.0
2018-12-15,ZCH0CGEJ,ST12000NM0007,12000138625024,0,82,171254192,94.0,0.0,100.0,5.0,100.0,0.0,89.0,759207775.0,91,8118,100.0,0.0,100,4,,,,,100.0,0.0,100.0,0.0,,,70.0,30.0,,,100.0,117.0,100.0,439.0,30,30,100.0,0.0,100.0,0.0,200.0,0.0,100.0,8053.0,100.0,38921861712.0,100.0,61835451342.0
2018-12-16,ZCH0CGEJ,ST12000NM0007,12000138625024,0,84,235998688,94.0,0.0,100.0,5.0,100.0,0.0,89.0,761912794.0,91,8141,100.0,0.0,100,4,,,,,100.0,0.0,100.0,0.0,,,70.0,30.0,,,100.0,117.0,100.0,440.0,30,30,100.0,0.0,100.0,0.0,200.0,0.0,100.0,8076.0,100.0,39022170776.0,100.0,62044027622.0
2018-12-17,ZCH0CGEJ,ST12000NM0007,12000138625024,0,80,99606864,94.0,0.0,100.0,5.0,100.0,0.0,89.0,764793694.0,91,8166,100.0,0.0,100,4,,,,,100.0,0.0,100.0,0.0,,,70.0,30.0,,,100.0,118.0,100.0,441.0,30,30,100.0,0.0,100.0,0.0,200.0,0.0,100.0,8101.0,100.0,39105780016.0,100.0,62312307942.0
2018-12-18,ZCH0CGEJ,ST12000NM0007,12000138625024,0,82,177085584,94.0,0.0,100.0,5.0,100.0,0.0,89.0,767424299.0,91,8190,100.0,0.0,100,4,,,,,100.0,0.0,100.0,0.0,,,70.0,30.0,,,100.0,119.0,100.0,442.0,30,30,100.0,0.0,100.0,0.0,200.0,0.0,100.0,8125.0,100.0,39199519552.0,100.0,62540187966.0
2018-12-19,ZCH0CGEJ,ST12000NM0007,12000138625024,0,83,220656736,94.0,0.0,100.0,5.0,100.0,0.0,89.0,770431427.0,91,8214,100.0,0.0,100,4,,,,,100.0,0.0,100.0,0.0,,,70.0,30.0,,,100.0,119.0,100.0,443.0,30,30,100.0,0.0,100.0,0.0,200.0,0.0,100.0,8149.0,100.0,39284299752.0,100.0,62743119550.0
2018-12-20,ZCH0CGEJ,ST12000NM0007,12000138625024,0,73,18653776,94.0,0.0,100.0,5.0,100.0,0.0,89.0,772854997.0,91,8237,100.0,0.0,100,4,,,,,100.0,0.0,100.0,0.0,,,70.0,30.0,,,100.0,119.0,100.0,444.0,30,30,100.0,0.0,100.0,0.0,200.0,0.0,100.0,8172.0,100.0,39381046864.0,100.0,62932650926.0
2018-12-21,ZCH0CGEJ,ST12000NM0007,12000138625024,0,70,9103368,93.0,0.0,100.0,6.0,100.0,0.0,89.0,774982528.0,91,8264,100.0,0.0,100,5,,,,,100.0,0.0,100.0,0.0,,,70.0,30.0,,,100.0,120.0,100.0,447.0,30,30,100.0,0.0,100.0,0.0,200.0,0.0,100.0,8198.0,100.0,39465087232.0,100.0,63083200800.0
2018-12-22,ZCH0CGEJ,ST12000NM0007,12000138625024,0,76,41643232,93.0,0.0,100.0,6.0,100.0,0.0,89.0,777379125.0,91,8287,100.0,0.0,100,5,,,,,100.0,0.0,100.0,0.0,,,70.0,30.0,,,100.0,121.0,100.0,448.0,30,30,100.0,0.0,100.0,0.0,200.0,0.0,100.0,8221.0,100.0,39527157584.0,100.0,63297810944.0
2018-12-23,ZCH0CGEJ,ST12000NM0007,12000138625024,0,75,33252800,93.0,0.0,100.0,6.0,100.0,0.0,89.0,779382338.0,91,8310,100.0,0.0,100,5,,,,,100.0,0.0,100.0,0.0,,,70.0,30.0,,,100.0,121.0,100.0,449.0,30,30,100.0,0.0,100.0,0.0,200.0,0.0,100.0,8244.0,100.0,39585530032.0,100.0,63475188832.0
2018-12-24,ZCH0CGEJ,ST12000NM0007,12000138625024,0,80,96564600,91.0,0.0,100.0,7.0,100.0,0.0,89.0,781948430.0,91,8335,100.0,0.0,100,6,,,,,100.0,0.0,100.0,0.0,,,70.0,30.0,,,100.0,121.0,100.0,452.0,30,30,100.0,0.0,100.0,0.0,200.0,0.0,100.0,8269.0,100.0,39651076984.0,100.0,63717094324.0
2018-12-25,ZCH0CGEJ,ST12000NM0007,12000138625024,0,80,95425400,91.0,0.0,100.0,7.0,100.0,0.0,89.0,783964993.0,91,8359,100.0,0.0,100,6,,,,,100.0,0.0,100.0,0.0,,,70.0,30.0,,,100.0,122.0,100.0,453.0,30,30,100.0,0.0,100.0,0.0,200.0,0.0,100.0,8292.0,100.0,39729151032.0,100.0,63882021780.0
2018-12-26,ZCH0CGEJ,ST12000NM0007,12000138625024,0,81,141190264,91.0,0.0,100.0,7.0,100.0,0.0,89.0,786196444.0,91,8383,100.0,0.0,100,6,,,,,100.0,0.0,100.0,0.0,,,70.0,30.0,,,100.0,123.0,100.0,454.0,30,30,100.0,0.0,100.0,0.0,200.0,0.0,100.0,8316.0,100.0,39839984184.0,100.0,64061094124.0
2018-12-27,ZCH0CGEJ,ST12000NM0007,12000138625024,0,76,36072264,91.0,0.0,100.0,7.0,100.0,0.0,89.0,789231112.0,91,8407,100.0,0.0,100,6,,,,,100.0,0.0,100.0,0.0,,,70.0,30.0,,,100.0,124.0,100.0,455.0,30,30,100.0,0.0,100.0,0.0,200.0,0.0,100.0,8340.0,100.0,40000538912.0,100.0,64283702924.0
2018-12-28,ZCH0CGEJ,ST12000NM0007,12000138625024,0,64,2563776,91.0,0.0,100.0,7.0,100.0,0.0,89.0,791064617.0,91,8431,100.0,0.0,100,6,,,,,100.0,0.0,100.0,0.0,,,70.0,30.0,,,100.0,125.0,100.0,456.0,30,30,100.0,0.0,100.0,0.0,200.0,0.0,100.0,8364.0,100.0,40057485912.0,100.0,64437388156.0
2018-12-29,ZCH0CGEJ,ST12000NM0007,12000138625024,0,64,2696000,91.0,0.0,100.0,7.0,100.0,0.0,89.0,793107840.0,91,8455,100.0,0.0,100,6,,,,,100.0,0.0,100.0,0.0,,,70.0,30.0,,,100.0,125.0,100.0,456.0,30,30,100.0,0.0,100.0,0.0,200.0,0.0,100.0,8388.0,100.0,40121990920.0,100.0,64617156236.0
2018-12-30,ZCH0CGEJ,ST12000NM0007,12000138625024,0,76,42447792,91.0,0.0,100.0,7.0,100.0,0.0,89.0,795353416.0,91,8478,100.0,0.0,100,6,,,,,100.0,0.0,100.0,0.0,,,70.0,30.0,,,100.0,125.0,100.0,457.0,30,30,100.0,0.0,100.0,0.0,200.0,0.0,100.0,8411.0,100.0,40204523640.0,100.0,64818515948.0
2018-12-31,ZCH0CGEJ,ST12000NM0007,12000138625024,0,80,100314208,91.0,0.0,100.0,7.0,100.0,0.0,89.0,798061532.0,91,8503,100.0,0.0,100,6,,,,,100.0,0.0,100.0,0.0,,,70.0,30.0,,,100.0,126.0,100.0,458.0,30,30,100.0,0.0,100.0,0.0,200.0,0.0,100.0,8436.0,100.0,40287268560.0,100.0,65037778212.0
