2018-04-13,ZJV04J56,ST12000NM0007,12000138625024,0,83,184857012,95,0,100,4,100,0,63,2231021,100,60,100,0,100,4,,,,,100.0,0.0,100.0,0.0,,,73.0,27.0,,,100.0,0.0,100.0,98.0,27,27,100,0,100,0,200,0,100.0,30.0,100.0,647829064.0,100.0,269456966.0
2018-04-14,ZJV04J56,ST12000NM0007,12000138625024,0,74,25313440,95,0,100,4,100,0,64,2774098,100,83,100,0,100,4,,,,,100.0,0.0,100.0,0.0,,,73.0,27.0,,,100.0,1.0,100.0,99.0,27,27,100,0,100,0,200,0,100.0,53.0,100.0,732232200.0,100.0,269650934.0
2018-04-15,ZJV04J56,ST12000NM0007,12000138625024,0,74,25523496,95,0,100,4,100,0,64,2797074,100,108,100,0,100,4,,,,,100.0,0.0,100.0,0.0,,,74.0,26.0,,,100.0,2.0,100.0,100.0,26,26,100,0,100,0,200,0,100.0,78.0,100.0,732243112.0,100.0,269850078.0
2018-04-16,ZJV04J56,ST12000NM0007,12000138625024,0,74,25733832,95,0,100,4,100,0,65,2820261,100,132,100,0,100,4,,,,,100.0,0.0,100.0,0.0,,,73.0,27.0,,,100.0,3.0,100.0,101.0,27,27,100,0,100,0,200,0,100.0,102.0,100.0,732254344.0,100.0,270049182.0
2018-04-17,ZJV04J56,ST12000NM0007,12000138625024,0,74,25935288,95,0,100,4,100,0,65,2842148,100,155,100,0,100,4,,,,,100.0,0.0,100.0,0.0,,,72.0,28.0,,,100.0,4.0,100.0,102.0,28,28,100,0,100,0,200,0,100.0,125.0,100.0,732264184.0,100.0,270240798.0
2018-04-18,ZJV04J56,ST12000NM0007,12000138625024,0,74,26152872,95,0,100,4,100,0,65,2865057,100,180,100,0,100,4,,,,,100.0,0.0,100.0,0.0,,,71.0,29.0,,,100.0,5.0,100.0,103.0,29,29,100,0,100,0,200,0,100.0,149.0,100.0,732275144.0,100.0,270447422.0
2018-04-19,ZJV04J56,ST12000NM0007,12000138625024,0,83,214453394,95,0,100,4,100,0,66,4343152,100,208,100,0,100,4,,,,,100.0,0.0,100.0,0.0,,,70.0,30.0,,,100.0,5.0,100.0,104.0,30,30,100,0,100,0,200,0,100.0,178.0,100.0,843833336.0,100.0,347189752.0
2018-04-20,ZJV04J56,ST12000NM0007,12000138625024,0,78,63288720,95,0,100,4,100,0,68,6863272,100,232,100,0,100,4,,,,,100.0,0.0,100.0,0.0,,,72.0,28.0,,,100.0,5.0,100.0,105.0,28,28,100,0,100,0,200,0,100.0,201.0,100.0,1040044560.0,100.0,488095184.0
2018-04-21,ZJV04J56,ST12000NM0007,12000138625024,0,81,117247776,95,0,100,4,100,0,70,9128924,100,256,100,0,100,4,,,,,100.0,0.0,100.0,0.0,,,72.0,28.0,,,100.0,5.0,100.0,106.0,28,28,100,0,100,0,200,0,100.0,225.0,100.0,1182115720.0,100.0,644123712.0
2018-04-22,ZJV04J56,ST12000NM0007,12000138625024,0,82,165650840,95,0,100,4,100,0,71,11403529,100,280,100,0,100,4,,,,,100.0,0.0,100.0,0.0,,,71.0,29.0,,,100.0,5.0,100.0,107.0,29,29,100,0,100,0,200,0,100.0,248.0,100.0,1326725720.0,100.0,792057496.0
2018-04-23,ZJV04J56,ST12000NM0007,12000138625024,0,84,240690928,95,0,100,4,100,0,71,13969491,100,304,100,0,100,4,,,,,100.0,0.0,100.0,0.0,,,71.0,29.0,,,100.0,5.0,100.0,108.0,29,29,100,0,100,0,200,0,100.0,273.0,100.0,1503507936.0,100.0,934456000.0
2018-04-24,ZJV04J56,ST12000NM0007,12000138625024,0,80,107756016,95,0,100,4,100,0,72,16757614,100,328,100,0,100,4,,,,,100.0,0.0,100.0,0.0,,,77.0,23.0,,,100.0,5.0,100.0,109.0,23,23,100,0,100,0,200,0,100.0,297.0,100.0,1701899424.0,100.0,1091410984.0
2018-04-25,ZJV04J56,ST12000NM0007,12000138625024,0,84,240455504,95,0,100,4,100,0,73,19474316,100,352,100,0,100,4,,,,,100.0,0.0,100.0,0.0,,,77.0,23.0,,,100.0,5.0,100.0,110.0,23,23,100,0,100,0,200,0,100.0,320.0,100.0,1905662864.0,100.0,1264487664.0
2018-04-26,ZJV04J56,ST12000NM0007,12000138625024,0,81,133577832,95,0,100,4,100,0,73,22114069,100,374,100,0,100,4,,,,,100.0,0.0,100.0,0.0,,,77.0,23.0,,,100.0,5.0,100.0,111.0,23,23,100,0,100,0,200,0,100.0,342.0,100.0,2084147184.0,100.0,1467407480.0
2018-04-27,ZJV04J56,ST12000NM0007,12000138625024,0,69,7146608,95,0,100,4,100,0,74,24757421,100,398,100,0,100,4,,,,,100.0,0.0,100.0,0.0,,,77.0,23.0,,,100.0,6.0,100.0,112.0,23,23,100,0,100,0,200,0,100.0,366.0,100.0,2266468584.0,100.0,1646936344.0
2018-04-28,ZJV04J56,ST12000NM0007,12000138625024,0,82,164478224,95,0,100,4,100,0,74,27680159,100,422,100,0,100,4,,,,,100.0,0.0,100.0,0.0,,,77.0,23.0,,,100.0,6.0,100.0,113.0,23,23,100,0,100,0,200,0,100.0,390.0,100.0,2483940704.0,100.0,1830936552.0
2018-04-29,ZJV04J56,ST12000NM0007,12000138625024,0,80,95031144,95,0,100,4,100,0,75,30634383,100,446,100,0,100,4,,,,,100.0,0.0,100.0,0.0,,,78.0,22.0,,,100.0,6.0,100.0,114.0,22,22,100,0,100,0,200,0,100.0,414.0,100.0,2700705144.0,100.0,2033006520.0
2018-04-30,ZJV04J56,ST12000NM0007,12000138625024,0,84,243486272,95,0,100,4,100,0,75,33516441,100,470,100,0,100,4,,,,,100.0,0.0,100.0,0.0,,,78.0,22.0,,,100.0,6.0,100.0,115.0,22,22,100,0,100,0,200,0,100.0,438.0,100.0,2905375504.0,100.0,2220931944.0
2018-05-01,ZJV04J56,ST12000NM0007,12000138625024,0,83,202761280,95,0,100,4,100,0,76,36768620,100,494,100,0,100,4,,,,,100.0,0.0,100.0,0.0,,,71.0,29.0,,,100.0,6.0,100.0,116.0,29,29,100,0,100,0,200,0,100.0,462.0,100.0,3136104336.0,100.0,2437759480.0
2018-05-02,ZJV04J56,ST12000NM0007,12000138625024,0,81.0,123794200.0,95.0,0.0,100.0,4.0,100.0,0.0,76.0,39991359.0,100.0,519.0,100.0,0.0,100.0,4.0,,,,,100.0,0.0,100.0,0.0,,,72.0,28.0,,,100.0,6.0,100.0,117.0,28.0,28.0,100.0,0.0,100.0,0.0,200.0,0.0,100.0,486.0,100.0,3355383232.0,100.0,2627794848.0
2018-05-03,ZJV04J56,ST12000NM0007,12000138625024,0,70,10269912,95,0,100,4,100,0,76,42731423,100,540,100,0,100,4,,,,,100.0,0.0,100.0,0.0,,,73.0,27.0,,,100.0,7.0,100.0,118.0,27,27,100,0,100,0,200,0,100.0,508.0,100.0,3521373248.0,100.0,2836562144.0
2018-05-04,ZJV04J56,ST12000NM0007,12000138625024,0,82,148186368,95,0,100,4,100,0,77,45651275,100,565,100,0,100,4,,,,,100.0,0.0,100.0,0.0,,,72.0,28.0,,,100.0,7.0,100.0,119.0,28,28,100,0,100,0,200,0,100.0,532.0,100.0,3726730240.0,100.0,3013262672.0
2018-05-05,ZJV04J56,ST12000NM0007,12000138625024,0,69,7509520,95,0,100,4,100,0,77,48408479,100,588,100,0,100,4,,,,,100.0,0.0,100.0,0.0,,,74.0,26.0,,,100.0,7.0,100.0,120.0,26,26,100,0,100,0,200,0,100.0,556.0,100.0,3897253952.0,100.0,3190343888.0
2018-05-06,ZJV04J56,ST12000NM0007,12000138625024,0,81,112739504,95,0,100,4,100,0,77,51274108,100,612,100,0,100,4,,,,,100.0,0.0,100.0,0.0,,,75.0,25.0,,,100.0,7.0,100.0,121.0,25,25,100,0,100,0,200,0,100.0,580.0,100.0,4090006072.0,100.0,3346962664.0
2018-05-07,ZJV04J56,ST12000NM0007,12000138625024,0,83,196374120,95,0,100,4,100,0,77,54065406,100,636,100,0,100,4,,,,,100.0,0.0,100.0,0.0,,,73.0,27.0,,,100.0,7.0,100.0,122.0,27,27,100,0,100,0,200,0,100.0,603.0,100.0,4258845152.0,100.0,3505898840.0
2018-05-08,ZJV04J56,ST12000NM0007,12000138625024,0,79,78343480,95,0,100,4,100,0,78,56759910,100,660,100,0,100,4,,,,,100.0,0.0,100.0,0.0,,,71.0,29.0,,,100.0,7.0,100.0,123.0,29,29,100,0,100,0,200,0,100.0,628.0,100.0,4412465200.0,100.0,3722529664.0
2018-05-09,ZJV04J56,ST12000NM0007,12000138625024,0,84,239177544,95,0,100,4,100,0,78,59774559,100,685,100,0,100,4,,,,,100.0,0.0,100.0,0.0,,,70.0,30.0,,,100.0,7.0,100.0,124.0,30,30,100,0,100,0,200,0,100.0,652.0,100.0,4604466664.0,100.0,3935503008.0
2018-05-10,ZJV04J56,ST12000NM0007,12000138625024,0,71,12031424,95,0,100,4,100,0,78,63312212,100,709,100,0,100,4,,,,,100.0,0.0,100.0,0.0,,,69.0,31.0,,,100.0,7.0,100.0,125.0,31,31,100,0,100,0,200,0,100.0,676.0,100.0,4845494040.0,100.0,4199752000.0
2018-05-11,ZJV04J56,ST12000NM0007,12000138625024,0,81,121255840,95,0,100,4,100,0,78,66279019,100,732,100,0,100,4,,,,,100.0,0.0,100.0,0.0,,,70.0,30.0,,,100.0,7.0,100.0,126.0,30,30,100,0,100,0,200,0,100.0,700.0,100.0,5010699528.0,100.0,4387911560.0
2018-05-12,ZJV04J56,ST12000NM0007,12000138625024,0,76,44188344,95,0,100,4,100,0,78,69573988,100,756,100,0,100,4,,,,,100.0,0.0,100.0,0.0,,,71.0,29.0,,,100.0,7.0,100.0,127.0,29,29,100,0,100,0,200,0,100.0,724.0,100.0,5224213744.0,100.0,4585611152.0
2018-05-13,ZJV04J56,ST12000NM0007,12000138625024,0,84,238080136,95,0,100,4,100,0,79,72947376,100,781,100,0,100,4,,,,,100.0,0.0,100.0,0.0,,,71.0,29.0,,,100.0,8.0,100.0,128.0,29,29,100,0,100,0,200,0,100.0,748.0,100.0,5420029704.0,100.0,4827827784.0
2018-05-14,ZJV04J56,ST12000NM0007,12000138625024,0,81,135873832,95,0,100,4,100,0,79,76126286,100,805,100,0,100,4,,,,,100.0,0.0,100.0,0.0,,,71.0,29.0,,,100.0,8.0,100.0,129.0,29,29,100,0,100,0,200,0,100.0,772.0,100.0,5618586240.0,100.0,5015346632.0
2018-05-15,ZJV04J56,ST12000NM0007,12000138625024,0,78.0,65222240.0,95.0,0.0,100.0,4.0,100.0,0.0,79.0,79476196.0,100.0,829.0,100.0,0.0,100.0,4.0,,,,,100.0,0.0,100.0,0.0,,,75.0,25.0,,,100.0,8.0,100.0,130.0,25.0,25.0,100.0,0.0,100.0,0.0,200.0,0.0,100.0,796.0,100.0,5826792656.0,100.0,5224770016.0
2018-05-16,ZJV04J56,ST12000NM0007,12000138625024,0,83,217521376,95,0,100,4,100,0,79,82555351,100,852,100,0,100,4,,,,,100.0,0.0,100.0,0.0,,,76.0,24.0,,,100.0,9.0,100.0,131.0,24,24,100,0,100,0,200,0,100.0,819.0,100.0,6024871080.0,100.0,5423131448.0
2018-05-17,ZJV04J56,ST12000NM0007,12000138625024,0,82,160435496,95,0,100,4,100,0,79,85697631,100,873,100,0,100,4,,,,,100.0,0.0,100.0,0.0,,,76.0,24.0,,,100.0,9.0,100.0,132.0,24,24,100,0,100,0,200,0,100.0,840.0,100.0,6256028968.0,100.0,5623169288.0
2018-05-18,ZJV04J56,ST12000NM0007,12000138625024,0,80,111716624,95,0,100,4,100,0,80,89131057,99,897,100,0,100,4,,,,,100.0,0.0,100.0,0.0,,,76.0,24.0,,,100.0,9.0,100.0,133.0,24,24,100,0,100,0,200,0,100.0,864.0,100.0,6499892928.0,100.0,5818867864.0
2018-05-19,ZJV04J56,ST12000NM0007,12000138625024,0,82,159454080,95,0,100,4,100,0,80,93014958,99,921,100,0,100,4,,,,,100.0,0.0,100.0,0.0,,,76.0,24.0,,,100.0,9.0,100.0,134.0,24,24,100,0,100,0,200,0,100.0,888.0,100.0,6787881752.0,100.0,6066898272.0
2018-05-20,ZJV04J56,ST12000NM0007,12000138625024,0,84,237539976,95,0,100,4,100,0,80,96852558,99,945,100,0,100,4,,,,,100.0,0.0,100.0,0.0,,,76.0,24.0,,,100.0,9.0,100.0,135.0,24,24,100,0,100,0,200,0,100.0,912.0,100.0,7117558472.0,100.0,6303588880.0
2018-05-21,ZJV04J56,ST12000NM0007,12000138625024,0,72,16240624,95,0,100,4,100,0,80,100482728,99,969,100,0,100,4,,,,,100.0,0.0,100.0,0.0,,,76.0,24.0,,,100.0,9.0,100.0,136.0,24,24,100,0,100,0,200,0,100.0,936.0,100.0,7411270200.0,100.0,6520999912.0
2018-05-22,ZJV04J56,ST12000NM0007,12000138625024,0,83,191051656,95,0,100,4,100,0,80,104481282,99,993,100,0,100,4,,,,,100.0,0.0,100.0,0.0,,,74.0,26.0,,,100.0,9.0,100.0,137.0,26,26,100,0,100,0,200,0,100.0,960.0,100.0,7795640752.0,100.0,6799721760.0
2018-05-23,ZJV04J56,ST12000NM0007,12000138625024,0,74,26382520,95,0,100,4,100,0,80,108174170,99,1018,100,0,100,4,,,,,100.0,0.0,100.0,0.0,,,74.0,26.0,,,100.0,9.0,100.0,138.0,26,26,100,0,100,0,200,0,100.0,984.0,100.0,8095847816.0,100.0,7067267696.0
2018-05-24,ZJV04J56,ST12000NM0007,12000138625024,0,83,201059832,95,0,100,4,100,0,80,111462284,99,1041,100,0,100,4,,,,,100.0,0.0,100.0,0.0,,,74.0,26.0,,,100.0,9.0,100.0,139.0,26,26,100,0,100,0,200,0,100.0,1007.0,100.0,8318334416.0,100.0,7263599064.0
2018-05-25,ZJV04J56,ST12000NM0007,12000138625024,0,73,18057008,95,0,100,4,100,0,81,115317148,99,1068,100,0,100,4,,,,,100.0,0.0,100.0,0.0,,,76.0,24.0,,,100.0,9.0,100.0,140.0,24,24,100,0,100,0,200,0,100.0,1034.0,100.0,8578696272.0,100.0,7552656560.0
2018-05-26,ZJV04J56,ST12000NM0007,12000138625024,0,76,35999976,95,0,100,4,100,0,81,118892687,99,1092,100,0,100,4,,,,,100.0,0.0,100.0,0.0,,,75.0,25.0,,,100.0,9.0,100.0,141.0,25,25,100,0,100,0,200,0,100.0,1058.0,100.0,8797139296.0,100.0,7840438344.0
2018-05-27,ZJV04J56,ST12000NM0007,12000138625024,0,83,220347248,95,0,100,4,100,0,81,121974692,99,1116,100,0,100,4,,,,,100.0,0.0,100.0,0.0,,,75.0,25.0,,,100.0,10.0,100.0,142.0,25,25,100,0,100,0,200,0,100.0,1081.0,100.0,8981295888.0,100.0,8084769968.0
2018-05-28,ZJV04J56,ST12000NM0007,12000138625024,0,84,226606808,95,0,100,4,100,0,81,125593721,99,1140,100,0,100,4,,,,,100.0,0.0,100.0,0.0,,,74.0,26.0,,,100.0,10.0,100.0,143.0,26,26,100,0,100,0,200,0,100.0,1105.0,100.0,9234117584.0,100.0,8326489336.0
2018-05-29,ZJV04J56,ST12000NM0007,12000138625024,0,83,188359880,95,0,100,4,100,0,81,128939275,99,1164,100,0,100,4,,,,,100.0,0.0,100.0,0.0,,,69.0,31.0,,,100.0,10.0,100.0,144.0,31,31,100,0,100,0,200,0,100.0,1129.0,100.0,9450580336.0,100.0,8560061248.0
2018-05-30,ZJV04J56,ST12000NM0007,12000138625024,0,84,232850256,95,0,100,4,100,0,81,132534635,99,1188,100,0,100,4,,,,,100.0,0.0,100.0,0.0,,,69.0,31.0,,,100.0,10.0,100.0,145.0,31,31,100,0,100,0,200,0,100.0,1153.0,100.0,9707428136.0,100.0,8835985320.0
2018-05-31,ZJV04J56,ST12000NM0007,12000138625024,0,82,172591640,95,0,100,4,100,0,81,136739628,99,1214,100,0,100,4,,,,,100.0,0.0,100.0,0.0,,,69.0,31.0,,,100.0,10.0,100.0,146.0,31,31,100,0,100,0,200,0,100.0,1179.0,100.0,9988681792.0,100.0,9226895392.0
2018-06-01,ZJV04J56,ST12000NM0007,12000138625024,0,83,189439504,95,0,100,4,100,0,81,140327797,99,1238,100,0,100,4,,,,,100.0,0.0,100.0,0.0,,,70.0,30.0,,,100.0,10.0,100.0,147.0,30,30,100,0,100,0,200,0,100.0,1203.0,100.0,10206827488.0,100.0,9513879224.0
2018-06-02,ZJV04J56,ST12000NM0007,12000138625024,0,83,218413720,95,0,100,4,100,0,82,143734852,99,1261,100,0,100,4,,,,,100.0,0.0,100.0,0.0,,,70.0,30.0,,,100.0,10.0,100.0,148.0,30,30,100,0,100,0,200,0,100.0,1226.0,100.0,10413995824.0,100.0,9823966608.0
2018-06-03,ZJV04J56,ST12000NM0007,12000138625024,0,79,81999032,95,0,100,4,100,0,82,146586513,99,1286,100,0,100,4,,,,,100.0,0.0,100.0,0.0,,,69.0,31.0,,,100.0,10.0,100.0,149.0,31,31,100,0,100,0,200,0,100.0,1252.0,100.0,10528384712.0,100.0,10061444488.0
2018-06-04,ZJV04J56,ST12000NM0007,12000138625024,0,72,14725616,95,0,100,4,100,0,82,149581700,99,1310,100,0,100,4,,,,,100.0,0.0,100.0,0.0,,,69.0,31.0,,,100.0,10.0,100.0,150.0,31,31,100,0,100,0,200,0,100.0,1275.0,100.0,10733412664.0,100.0,10277425096.0
2018-06-05,ZJV04J56,ST12000NM0007,12000138625024,0,79,85384088,95,0,100,4,100,0,82,153293625,99,1334,100,0,100,4,,,,,100.0,0.0,100.0,0.0,,,74.0,26.0,,,100.0,10.0,100.0,151.0,26,26,100,0,100,0,200,0,100.0,1299.0,100.0,10995733256.0,100.0,10574044504.0
2018-06-06,ZJV04J56,ST12000NM0007,12000138625024,0,83,181844456,95,0,100,4,100,0,82,157168280,99,1358,100,0,100,4,,,,,100.0,0.0,100.0,0.0,,,75.0,25.0,,,100.0,10.0,100.0,152.0,25,25,100,0,100,0,200,0,100.0,1323.0,100.0,11305401008.0,100.0,10849118696.0
2018-06-07,ZJV04J56,ST12000NM0007,12000138625024,0,83,210601936,95,0,100,4,100,0,82,160708927,99,1382,100,0,100,4,,,,,100.0,0.0,100.0,0.0,,,75.0,25.0,,,100.0,10.0,100.0,153.0,25,25,100,0,100,0,200,0,100.0,1347.0,100.0,11559301496.0,100.0,11112257320.0
2018-06-08,ZJV04J56,ST12000NM0007,12000138625024,0,78,58089696,95,0,100,4,100,0,82,164452310,99,1405,100,0,100,4,,,,,100.0,0.0,100.0,0.0,,,75.0,25.0,,,100.0,10.0,100.0,154.0,25,25,100,0,100,0,200,0,100.0,1370.0,100.0,11863398120.0,100.0,11388070648.0
2018-06-09,ZJV04J56,ST12000NM0007,12000138625024,0,82,162539808,95,0,100,4,100,0,82,168241309,99,1428,100,0,100,4,,,,,100.0,0.0,100.0,0.0,,,75.0,25.0,,,100.0,10.0,100.0,155.0,25,25,100,0,100,0,200,0,100.0,1393.0,100.0,12142210872.0,100.0,11701989528.0
2018-06-10,ZJV04J56,ST12000NM0007,12000138625024,0,80,95480016,95,0,100,4,100,0,82,171329672,99,1453,100,0,100,4,,,,,100.0,0.0,100.0,0.0,,,76.0,24.0,,,100.0,10.0,100.0,156.0,24,24,100,0,100,0,200,0,100.0,1418.0,100.0,12298110784.0,100.0,11967311408.0
2018-06-11,ZJV04J56,ST12000NM0007,12000138625024,0,79,73956072,95,0,100,4,100,0,82,174509000,99,1477,100,0,100,4,,,,,100.0,0.0,100.0,0.0,,,76.0,24.0,,,100.0,10.0,100.0,157.0,24,24,100,0,100,0,200,0,100.0,1441.0,100.0,12511992160.0,100.0,12220187768.0
2018-06-12,ZJV04J56,ST12000NM0007,12000138625024,0,80,97995960,95,0,100,4,100,0,83,178025121,99,1501,100,0,100,4,,,,,100.0,0.0,100.0,0.0,,,77.0,23.0,,,100.0,10.0,100.0,158.0,23,23,100,0,100,0,200,0,100.0,1465.0,100.0,12776402264.0,100.0,12468099208.0
2018-06-13,ZJV04J56,ST12000NM0007,12000138625024,0,77,52371968,95,0,100,4,100,0,83,181326535,99,1525,100,0,100,4,,,,,100.0,0.0,100.0,0.0,,,78.0,22.0,,,100.0,10.0,100.0,159.0,22,22,100,0,100,0,200,0,100.0,1489.0,100.0,12966420528.0,100.0,12720738344.0
2018-06-14,ZJV04J56,ST12000NM0007,12000138625024,0,79,73775280,95,0,100,4,100,0,83,185048704,99,1549,100,0,100,4,,,,,100.0,0.0,100.0,0.0,,,76.0,24.0,,,100.0,10.0,100.0,161.0,24,24,100,0,100,0,200,0,100.0,1513.0,100.0,13148933280.0,100.0,13047910240.0
2018-06-15,ZJV04J56,ST12000NM0007,12000138625024,0,78.0,64171680.0,95.0,0.0,100.0,4.0,100.0,0.0,83.0,188413683.0,99.0,1573.0,100.0,0.0,100.0,4.0,,,,,100.0,0.0,100.0,0.0,,,78.0,22.0,,,100.0,10.0,100.0,162.0,22.0,22.0,100.0,0.0,100.0,0.0,200.0,0.0,100.0,1536.0,100.0,13347119552.0,100.0,13328402272.0
2018-06-16,ZJV04J56,ST12000NM0007,12000138625024,0,81.0,117278024.0,95.0,0.0,100.0,4.0,100.0,0.0,83.0,191854510.0,99.0,1596.0,100.0,0.0,100.0,4.0,,,,,100.0,0.0,100.0,0.0,,,77.0,23.0,,,100.0,10.0,100.0,163.0,23.0,23.0,100.0,0.0,100.0,0.0,200.0,0.0,100.0,1559.0,100.0,13576811032.0,100.0,13640098928.0
2018-06-17,ZJV04J56,ST12000NM0007,12000138625024,0,79.0,77314728.0,95.0,0.0,100.0,4.0,100.0,0.0,83.0,195333881.0,99.0,1621.0,100.0,0.0,100.0,4.0,,,,,100.0,0.0,100.0,0.0,,,79.0,21.0,,,100.0,10.0,100.0,164.0,21.0,21.0,100.0,0.0,100.0,0.0,200.0,0.0,100.0,1584.0,100.0,13747065768.0,100.0,13918162224.0
2018-06-18,ZJV04J56,ST12000NM0007,12000138625024,0,74.0,24743392.0,95.0,0.0,100.0,4.0,100.0,0.0,83.0,198682927.0,99.0,1645.0,100.0,0.0,100.0,4.0,,,,,100.0,0.0,100.0,0.0,,,79.0,21.0,,,100.0,10.0,100.0,165.0,21.0,21.0,100.0,0.0,100.0,0.0,200.0,0.0,100.0,1609.0,100.0,13919341512.0,100.0,14181596688.0
2018-06-19,ZJV04J56,ST12000NM0007,12000138625024,0,84,240672482,94,0,100,5,100,0,83,202106549,99,1671,100,0,100,5,,,,,100.0,0.0,100.0,0.0,,,71.0,29.0,,,100.0,11.0,100.0,168.0,29,29,100,0,100,0,200,0,100.0,1634.0,100.0,14096534544.0,100.0,14464473402.0
2018-06-20,ZJV04J56,ST12000NM0007,12000138625024,0,84,227395048,94,0,100,5,100,0,83,205447860,99,1694,100,0,100,5,,,,,100.0,0.0,100.0,0.0,,,73.0,27.0,,,100.0,11.0,100.0,169.0,27,27,100,0,100,0,200,0,100.0,1658.0,100.0,14309683640.0,100.0,14726328442.0
2018-06-21,ZJV04J56,ST12000NM0007,12000138625024,0,77,45560032,94,0,100,5,100,0,83,209199279,99,1719,100,0,100,5,,,,,100.0,0.0,100.0,0.0,,,73.0,27.0,,,100.0,11.0,100.0,170.0,27,27,100,0,100,0,200,0,100.0,1682.0,100.0,14535669904.0,100.0,15050929370.0
2018-06-22,ZJV04J56,ST12000NM0007,12000138625024,0,74,27949272,94,0,100,5,100,0,83,212566791,99,1742,100,0,100,5,,,,,100.0,0.0,100.0,0.0,,,74.0,26.0,,,100.0,11.0,100.0,171.0,26,26,100,0,100,0,200,0,100.0,1705.0,100.0,14733573584.0,100.0,15323696482.0
2018-06-23,ZJV04J56,ST12000NM0007,12000138625024,0,83,214819976,94,0,100,5,100,0,83,216086695,98,1767,100,0,100,5,,,,,100.0,0.0,100.0,0.0,,,73.0,27.0,,,100.0,11.0,100.0,172.0,27,27,100,0,100,0,200,0,100.0,1730.0,100.0,14898323640.0,100.0,15589957762.0
2018-06-24,ZJV04J56,ST12000NM0007,12000138625024,0,82,154018624,94,0,100,5,100,0,83,219328247,98,1791,100,0,100,5,,,,,100.0,0.0,100.0,0.0,,,74.0,26.0,,,100.0,11.0,100.0,173.0,26,26,100,0,100,0,200,0,100.0,1753.0,100.0,15056403200.0,100.0,15859358474.0
2018-06-25,ZJV04J56,ST12000NM0007,12000138625024,0,79,81953592,94,0,100,5,100,0,83,222649086,98,1814,100,0,100,5,,,,,100.0,0.0,100.0,0.0,,,73.0,27.0,,,100.0,11.0,100.0,174.0,27,27,100,0,100,0,200,0,100.0,1777.0,100.0,15255030496.0,100.0,16076947410.0
2018-06-26,ZJV04J56,ST12000NM0007,12000138625024,0,83,213823048,94,0,100,5,100,0,84,225669395,98,1838,100,0,100,5,,,,,100.0,0.0,100.0,0.0,,,76.0,24.0,,,100.0,11.0,100.0,175.0,24,24,100,0,100,0,200,0,100.0,1800.0,100.0,15423205104.0,100.0,16284782978.0
2018-06-27,ZJV04J56,ST12000NM0007,12000138625024,0,83,198313456,94,0,100,5,100,0,84,229271657,98,1862,100,0,100,5,,,,,100.0,0.0,100.0,0.0,,,77.0,23.0,,,100.0,11.0,100.0,176.0,23,23,100,0,100,0,200,0,100.0,1825.0,100.0,15632928704.0,100.0,16547831186.0
2018-06-28,ZJV04J56,ST12000NM0007,12000138625024,0,83,218258856,94,0,100,5,100,0,84,232790249,98,1886,100,0,100,5,,,,,100.0,0.0,100.0,0.0,,,76.0,24.0,,,100.0,11.0,100.0,177.0,24,24,100,0,100,0,200,0,100.0,1848.0,100.0,15836613360.0,100.0,16852373530.0
2018-06-29,ZJV04J56,ST12000NM0007,12000138625024,0,100,1485576,94,0,100,5,100,0,84,236392895,98,1910,100,0,100,5,,,,,100.0,0.0,100.0,0.0,,,76.0,24.0,,,100.0,11.0,100.0,178.0,24,24,100,0,100,0,200,0,100.0,1872.0,100.0,16034206720.0,100.0,17170429050.0
2018-06-30,ZJV04J56,ST12000NM0007,12000138625024,0,83,212467512,94,0,100,5,100,0,84,239710367,98,1933,100,0,100,5,,,,,100.0,0.0,100.0,0.0,,,77.0,23.0,,,100.0,12.0,100.0,179.0,23,23,100,0,100,0,200,0,100.0,1895.0,100.0,16212953808.0,100.0,17446804610.0
2018-07-01,ZJV04J56,ST12000NM0007,12000138625024,0,81,137448304,94,0,100,5,100,0,84,242941508,98,1958,100,0,100,5,,,,,100.0,0.0,100.0,0.0,,,77.0,23.0,,,100.0,12.0,100.0,180.0,23,23,100,0,100,0,200,0,100.0,1920.0,100.0,16398505512.0,100.0,17674515226.0
2018-07-02,ZJV04J56,ST12000NM0007,12000138625024,0,82,172922344,94,0,100,5,100,0,84,246483548,98,1983,100,0,100,5,,,,,100.0,0.0,100.0,0.0,,,77.0,23.0,,,100.0,12.0,100.0,181.0,23,23,100,0,100,0,200,0,100.0,1945.0,100.0,16612275984.0,100.0,17984500394.0
2018-07-03,ZJV04J56,ST12000NM0007,12000138625024,0,83,207578160,94,0,100,5,100,0,84,250055194,98,2006,100,0,100,5,,,,,100.0,0.0,100.0,0.0,,,72.0,28.0,,,100.0,12.0,100.0,182.0,28,28,100,0,100,0,200,0,100.0,1968.0,100.0,16827066296.0,100.0,18292647658.0
2018-07-04,ZJV04J56,ST12000NM0007,12000138625024,0,84,233919680,94,0,100,5,100,0,84,253721411,98,2030,100,0,100,5,,,,,100.0,0.0,100.0,0.0,,,71.0,29.0,,,100.0,12.0,100.0,183.0,29,29,100,0,100,0,200,0,100.0,1992.0,100.0,17036353960.0,100.0,18597983082.0
2018-07-05,ZJV04J56,ST12000NM0007,12000138625024,0,84,235578048,94,0,100,5,100,0,84,257194971,98,2054,100,0,100,5,,,,,100.0,0.0,100.0,0.0,,,72.0,28.0,,,100.0,12.0,100.0,184.0,28,28,100,0,100,0,200,0,100.0,2016.0,100.0,17226960496.0,100.0,18897316298.0
2018-07-06,ZJV04J56,ST12000NM0007,12000138625024,0,74,22981048,94,0,100,5,100,0,84,260875856,98,2078,100,0,100,5,,,,,100.0,0.0,100.0,0.0,,,75.0,25.0,,,100.0,12.0,100.0,185.0,25,25,100,0,100,0,200,0,100.0,2040.0,100.0,17462802032.0,100.0,19181300074.0
2018-07-07,ZJV04J56,ST12000NM0007,12000138625024,0,77,51052144,94,0,100,5,100,0,84,264455988,98,2103,100,0,100,5,,,,,100.0,0.0,100.0,0.0,,,72.0,28.0,,,100.0,12.0,100.0,186.0,28,28,100,0,100,0,200,0,100.0,2065.0,100.0,17669569240.0,100.0,19490885634.0
2018-07-08,ZJV04J56,ST12000NM0007,12000138625024,0,78,58916136,94,0,100,5,100,0,84,267801307,98,2126,100,0,100,5,,,,,100.0,0.0,100.0,0.0,,,74.0,26.0,,,100.0,12.0,100.0,187.0,26,26,100,0,100,0,200,0,100.0,2088.0,100.0,17866535408.0,100.0,19790065338.0
2018-07-09,ZJV04J56,ST12000NM0007,12000138625024,0,80,93272672,94,0,100,5,100,0,84,271254404,98,2150,100,0,100,5,,,,,100.0,0.0,100.0,0.0,,,72.0,28.0,,,100.0,12.0,100.0,188.0,28,28,100,0,100,0,200,0,100.0,2112.0,100.0,18107409720.0,100.0,20071829058.0
2018-07-10,ZJV04J56,ST12000NM0007,12000138625024,0,81.0,128178640.0,94.0,0.0,100.0,5.0,100.0,0.0,84.0,274823069.0,98.0,2175.0,100.0,0.0,100.0,5.0,,,,,100.0,0.0,100.0,0.0,,,74.0,26.0,,,100.0,12.0,100.0,189.0,26.0,26.0,100.0,0.0,100.0,0.0,200.0,0.0,100.0,2137.0,100.0,18330281512.0,100.0,20372144538.0
2018-07-11,ZJV04J56,ST12000NM0007,12000138625024,0,82,172489680,94,0,100,5,100,0,84,277060016,98,2192,100,0,100,5,,,,,100.0,0.0,100.0,0.0,,,72.0,28.0,,,100.0,12.0,100.0,190.0,28,28,100,0,100,0,200,0,100.0,2153.0,100.0,18471692608.0,100.0,20519185490.0
2018-07-12,ZJV04J56,ST12000NM0007,12000138625024,0,81,131670192,94,0,100,5,100,0,84,281774894,98,2225,100,0,100,5,,,,,100.0,0.0,100.0,0.0,,,74.0,26.0,,,100.0,12.0,100.0,191.0,26,26,100,0,100,0,200,0,100.0,2186.0,100.0,18767266792.0,100.0,20915214442.0
2018-07-13,ZJV04J56,ST12000NM0007,12000138625024,0,82,164986488,94,0,100,5,100,0,85,285468209,98,2248,100,0,100,5,,,,,100.0,0.0,100.0,0.0,,,73.0,27.0,,,100.0,12.0,100.0,192.0,27,27,100,0,100,0,200,0,100.0,2210.0,100.0,18967442848.0,100.0,21236636018.0
2018-07-14,ZJV04J56,ST12000NM0007,12000138625024,0,77,52040920,94,0,100,5,100,0,85,288403438,98,2272,100,0,100,5,,,,,100.0,0.0,100.0,0.0,,,76.0,24.0,,,100.0,12.0,100.0,193.0,24,24,100,0,100,0,200,0,100.0,2233.0,100.0,19110954640.0,100.0,21468460514.0
2018-07-15,ZJV04J56,ST12000NM0007,12000138625024,0,81,126325736,94,0,100,5,100,0,85,290872586,98,2296,100,0,100,5,,,,,100.0,0.0,100.0,0.0,,,75.0,25.0,,,100.0,12.0,100.0,194.0,25,25,100,0,100,0,200,0,100.0,2258.0,100.0,19203995376.0,100.0,21693845354.0
2018-07-16,ZJV04J56,ST12000NM0007,12000138625024,0,84,234667240,94,0,100,5,100,0,85,293664723,98,2320,100,0,100,5,,,,,100.0,0.0,100.0,0.0,,,75.0,25.0,,,100.0,12.0,100.0,195.0,25,25,100,0,100,0,200,0,100.0,2281.0,100.0,19312380096.0,100.0,21937942802.0
2018-07-17,ZJV04J56,ST12000NM0007,12000138625024,0,77,56007272,94,0,100,5,100,0,85,296176978,98,2344,100,0,100,5,,,,,100.0,0.0,100.0,0.0,,,76.0,24.0,,,100.0,12.0,100.0,196.0,24,24,100,0,100,0,200,0,100.0,2305.0,100.0,19403974320.0,100.0,22155970146.0
2018-07-18,ZJV04J56,ST12000NM0007,12000138625024,0,83,218252968,94,0,100,5,100,0,85,299458472,98,2368,100,0,100,5,,,,,100.0,0.0,100.0,0.0,,,77.0,23.0,,,100.0,12.0,100.0,197.0,23,23,100,0,100,0,200,0,100.0,2329.0,100.0,19544012096.0,100.0,22422318858.0
2018-07-19,ZJV04J56,ST12000NM0007,12000138625024,0,79,80806288,94,0,100,5,100,0,85,302274392,98,2393,100,0,100,5,,,,,100.0,0.0,100.0,0.0,,,76.0,24.0,,,100.0,12.0,100.0,198.0,24,24,100,0,100,0,200,0,100.0,2353.0,100.0,19664613768.0,100.0,22652552258.0
2018-07-20,ZJV04J56,ST12000NM0007,12000138625024,0,82,150212400,94,0,100,5,100,0,85,304925508,98,2416,100,0,100,5,,,,,100.0,0.0,100.0,0.0,,,76.0,24.0,,,100.0,12.0,100.0,199.0,24,24,100,0,100,0,200,0,100.0,2377.0,100.0,19779759768.0,100.0,22850953234.0
2018-07-21,ZJV04J56,ST12000NM0007,12000138625024,0,72,15470520,94,0,100,5,100,0,85,307688506,98,2440,100,0,100,5,,,,,100.0,0.0,100.0,0.0,,,77.0,23.0,,,100.0,12.0,100.0,200.0,23,23,100,0,100,0,200,0,100.0,2401.0,100.0,19900740088.0,100.0,23083512570.0
2018-07-22,ZJV04J56,ST12000NM0007,12000138625024,0,81,115339368,94,0,100,5,100,0,85,310461433,98,2464,100,0,100,5,,,,,100.0,0.0,100.0,0.0,,,76.0,24.0,,,100.0,12.0,100.0,201.0,24,24,100,0,100,0,200,0,100.0,2424.0,100.0,20020773800.0,100.0,23307488562.0
2018-07-23,ZJV04J56,ST12000NM0007,12000138625024,0,84,232868104,94,0,100,5,100,0,85,313510737,98,2488,100,0,100,5,,,,,100.0,0.0,100.0,0.0,,,76.0,24.0,,,100.0,12.0,100.0,202.0,24,24,100,0,100,0,200,0,100.0,2448.0,100.0,20148758776.0,100.0,23541173186.0
2018-07-24,ZJV04J56,ST12000NM0007,12000138625024,0,79,73403632,94,0,100,5,100,0,85,316213603,98,2512,100,0,100,5,,,,,100.0,0.0,100.0,0.0,,,75.0,25.0,,,100.0,12.0,100.0,203.0,25,25,100,0,100,0,200,0,100.0,2472.0,100.0,20274267472.0,100.0,23744481434.0
2018-07-25,ZJV04J56,ST12000NM0007,12000138625024,0,83.0,197834408.0,94.0,0.0,100.0,5.0,100.0,0.0,85.0,319125548.0,98.0,2536.0,100.0,0.0,100.0,5.0,,,,,100.0,0.0,100.0,0.0,,,75.0,25.0,,,100.0,12.0,100.0,204.0,25.0,25.0,100.0,0.0,100.0,0.0,200.0,0.0,100.0,2496.0,100.0,20416568024.0,100.0,23970752474.0
2018-07-26,ZJV04J56,ST12000NM0007,12000138625024,0,81,129959464,94,0,100,5,100,0,85,322305290,98,2560,100,0,100,5,,,,,100.0,0.0,100.0,0.0,,,74.0,26.0,,,100.0,12.0,100.0,205.0,26,26,100,0,100,0,200,0,100.0,2520.0,100.0,20576446720.0,100.0,24231280514.0
2018-07-27,ZJV04J56,ST12000NM0007,12000138625024,0,83,215990592,94,0,100,5,100,0,85,324701497,98,2578,100,0,100,5,,,,,100.0,0.0,100.0,0.0,,,72.0,28.0,,,100.0,12.0,100.0,207.0,28,28,100,0,100,0,200,0,100.0,2538.0,100.0,20706737576.0,100.0,24431161594.0
2018-07-28,ZJV04J56,ST12000NM0007,12000138625024,0,81,120882192,94,0,100,5,100,0,85,327879750,98,2602,100,0,100,5,,,,,100.0,0.0,100.0,0.0,,,73.0,27.0,,,100.0,12.0,100.0,208.0,27,27,100,0,100,0,200,0,100.0,2561.0,100.0,20845115304.0,100.0,24685957090.0
2018-07-30,ZJV04J56,ST12000NM0007,12000138625024,0,82,172366112,94,0,100,5,100,0,85,333840689,97,2649,100,0,100,5,,,,,100.0,0.0,100.0,0.0,,,73.0,27.0,,,100.0,12.0,100.0,210.0,27,27,100,0,100,0,200,0,100.0,2609.0,100.0,21123568936.0,100.0,25191409722.0
2018-07-31,ZJV04J56,ST12000NM0007,12000138625024,0,77,56230784,94,0,100,5,100,0,85,336972751,97,2675,100,0,100,5,,,,,100.0,0.0,100.0,0.0,,,76.0,24.0,,,100.0,12.0,100.0,211.0,24,24,100,0,100,0,200,0,100.0,2634.0,100.0,21272730528.0,100.0,25414394698.0
2018-08-01,ZJV04J56,ST12000NM0007,12000138625024,0,83,212831928,94,0,100,5,100,0,85,339978210,97,2698,100,0,100,5,,,,,100.0,0.0,100.0,0.0,,,77.0,23.0,,,100.0,12.0,100.0,212.0,23,23,100,0,100,0,200,0,100.0,2657.0,100.0,21429696216.0,100.0,25658170826.0
2018-08-02,ZJV04J56,ST12000NM0007,12000138625024,0,82,171470168,94,0,100,5,100,0,85,343279468,97,2722,100,0,100,5,,,,,100.0,0.0,100.0,0.0,,,78.0,22.0,,,100.0,12.0,100.0,213.0,22,22,100,0,100,0,200,0,100.0,2680.0,100.0,21633190056.0,100.0,25901596754.0
2018-08-03,ZJV04J56,ST12000NM0007,12000138625024,0,80,102554144,94,0,100,5,100,0,85,346599167,97,2746,100,0,100,5,,,,,100.0,0.0,100.0,0.0,,,78.0,22.0,,,100.0,12.0,100.0,214.0,22,22,100,0,100,0,200,0,100.0,2705.0,100.0,21809924688.0,100.0,26144227402.0
2018-08-04,ZJV04J56,ST12000NM0007,12000138625024,0,78,59010960,94,0,100,5,100,0,85,350061976,97,2770,100,0,100,5,,,,,100.0,0.0,100.0,0.0,,,77.0,23.0,,,100.0,12.0,100.0,215.0,23,23,100,0,100,0,200,0,100.0,2729.0,100.0,21957271008.0,100.0,26441619314.0
2018-08-05,ZJV04J56,ST12000NM0007,12000138625024,0,83,211952920,94,0,100,5,100,0,85,353219803,97,2794,100,0,100,5,,,,,100.0,0.0,100.0,0.0,,,76.0,24.0,,,100.0,12.0,100.0,216.0,24,24,100,0,100,0,200,0,100.0,2753.0,100.0,22123224672.0,100.0,26672748338.0
2018-08-06,ZJV04J56,ST12000NM0007,12000138625024,0,81,122791632,94,0,100,5,100,0,86,356335386,97,2818,100,0,100,5,,,,,100.0,0.0,100.0,0.0,,,77.0,23.0,,,100.0,13.0,100.0,217.0,23,23,100,0,100,0,200,0,100.0,2776.0,100.0,22295171488.0,100.0,26899923298.0
2018-08-07,ZJV04J56,ST12000NM0007,12000138625024,0,79,75171808,94,0,100,5,100,0,86,359733303,97,2843,100,0,100,5,,,,,100.0,0.0,100.0,0.0,,,73.0,27.0,,,100.0,13.0,100.0,218.0,27,27,100,0,100,0,200,0,100.0,2801.0,100.0,22488131528.0,100.0,27147625266.0
2018-08-08,ZJV04J56,ST12000NM0007,12000138625024,0,75,28550376,94,0,100,5,100,0,86,363103517,97,2865,100,0,100,5,,,,,100.0,0.0,100.0,0.0,,,73.0,27.0,,,100.0,13.0,100.0,219.0,27,27,100,0,100,0,200,0,100.0,2824.0,100.0,22684559464.0,100.0,27392857210.0
2018-08-09,ZJV04J56,ST12000NM0007,12000138625024,0,79,84915672,94,0,100,5,100,0,86,367184810,97,2894,100,0,100,5,,,,,100.0,0.0,100.0,0.0,,,73.0,27.0,,,100.0,13.0,100.0,220.0,27,27,100,0,100,0,200,0,100.0,2853.0,100.0,22914912824.0,100.0,27707150906.0
2018-08-10,ZJV04J56,ST12000NM0007,12000138625024,0,76,44247792,94,0,100,5,100,0,86,370405882,97,2918,100,0,100,5,,,,,100.0,0.0,100.0,0.0,,,73.0,27.0,,,100.0,13.0,100.0,221.0,27,27,100,0,100,0,200,0,100.0,2876.0,100.0,23102794800.0,100.0,27966882914.0
2018-08-11,ZJV04J56,ST12000NM0007,12000138625024,0,83,221454544,94,0,100,5,100,0,86,373655767,97,2942,100,0,100,5,,,,,100.0,0.0,100.0,0.0,,,73.0,27.0,,,100.0,13.0,100.0,222.0,27,27,100,0,100,0,200,0,100.0,2901.0,100.0,23263144568.0,100.0,28227880594.0
2018-08-12,ZJV04J56,ST12000NM0007,12000138625024,0,82,160896808,94,0,100,5,100,0,86,376889213,97,2966,100,0,100,5,,,,,100.0,0.0,100.0,0.0,,,73.0,27.0,,,100.0,13.0,100.0,223.0,27,27,100,0,100,0,200,0,100.0,2924.0,100.0,23399082072.0,100.0,28519667026.0
2018-08-13,ZJV04J56,ST12000NM0007,12000138625024,0,78,56955960,94,0,100,5,100,0,86,379982694,97,2991,100,0,100,5,,,,,100.0,0.0,100.0,0.0,,,73.0,27.0,,,100.0,14.0,100.0,224.0,27,27,100,0,100,0,200,0,100.0,2949.0,100.0,23537155584.0,100.0,28765934058.0
2018-08-14,ZJV04J56,ST12000NM0007,12000138625024,0,83.0,207790184.0,94.0,0.0,100.0,5.0,100.0,0.0,86.0,382976741.0,97.0,3014.0,100.0,0.0,100.0,5.0,,,,,100.0,0.0,100.0,0.0,,,76.0,24.0,,,100.0,14.0,100.0,225.0,24.0,24.0,100.0,0.0,100.0,0.0,200.0,0.0,100.0,2972.0,100.0,23680017752.0,100.0,29018046906.0
2018-08-15,ZJV04J56,ST12000NM0007,12000138625024,0,80.0,92352344.0,94.0,0.0,100.0,5.0,100.0,0.0,86.0,385969552.0,97.0,3036.0,100.0,0.0,100.0,5.0,,,,,100.0,0.0,100.0,0.0,,,76.0,24.0,,,100.0,14.0,100.0,226.0,24.0,24.0,100.0,0.0,100.0,0.0,200.0,0.0,100.0,2995.0,100.0,23857374408.0,100.0,29213534034.0
2018-08-16,ZJV04J56,ST12000NM0007,12000138625024,0,78,58136216,94,0,100,5,100,0,86,389381455,97,3062,100,0,100,5,,,,,100.0,0.0,100.0,0.0,,,76.0,24.0,,,100.0,14.0,100.0,227.0,24,24,100,0,100,0,200,0,100.0,3020.0,100.0,24007464200.0,100.0,29517509930.0
2018-08-17,ZJV04J56,ST12000NM0007,12000138625024,0,82,169880256,94,0,100,5,100,0,86,392303200,97,3085,100,0,100,5,,,,,100.0,0.0,100.0,0.0,,,76.0,24.0,,,100.0,14.0,100.0,228.0,24,24,100,0,100,0,200,0,100.0,3043.0,100.0,24161304672.0,100.0,29719554130.0
2018-08-18,ZJV04J56,ST12000NM0007,12000138625024,0,80,97824464,94,0,100,5,100,0,86,395486213,97,3109,100,0,100,5,,,,,100.0,0.0,100.0,0.0,,,76.0,24.0,,,100.0,14.0,100.0,229.0,24,24,100,0,100,0,200,0,100.0,3067.0,100.0,24324677048.0,100.0,29972407610.0
2018-08-19,ZJV04J56,ST12000NM0007,12000138625024,0,76,36078224,94,0,100,5,100,0,86,398649965,97,3134,100,0,100,5,,,,,100.0,0.0,100.0,0.0,,,76.0,24.0,,,100.0,14.0,100.0,230.0,24,24,100,0,100,0,200,0,100.0,3092.0,100.0,24483594320.0,100.0,30240026074.0
2018-08-20,ZJV04J56,ST12000NM0007,12000138625024,0,81,112787608,94,0,100,5,100,0,86,401534883,97,3158,100,0,100,5,,,,,100.0,0.0,100.0,0.0,,,76.0,24.0,,,100.0,14.0,100.0,231.0,24,24,100,0,100,0,200,0,100.0,3116.0,100.0,24607081424.0,100.0,30437389154.0
2018-08-21,ZJV04J56,ST12000NM0007,12000138625024,0,79,78046624,94,0,100,5,100,0,86,405167653,97,3182,100,0,100,5,,,,,100.0,0.0,100.0,0.0,,,78.0,22.0,,,100.0,14.0,100.0,232.0,22,22,100,0,100,0,200,0,100.0,3140.0,100.0,24801823976.0,100.0,30696187322.0
2018-08-22,ZJV04J56,ST12000NM0007,12000138625024,0,84,242500016,94,0,100,5,100,0,86,408553683,97,3206,100,0,100,5,,,,,100.0,0.0,100.0,0.0,,,79.0,21.0,,,100.0,14.0,100.0,233.0,21,21,100,0,100,0,200,0,100.0,3163.0,100.0,24984432160.0,100.0,30922173178.0
2018-08-23,ZJV04J56,ST12000NM0007,12000138625024,0,83,207974144,94,0,100,5,100,0,86,411933005,97,3229,100,0,100,5,,,,,100.0,0.0,100.0,0.0,,,79.0,21.0,,,100.0,14.0,100.0,234.0,21,21,100,0,100,0,200,0,100.0,3187.0,100.0,25176304728.0,100.0,31184056114.0
2018-08-24,ZJV04J56,ST12000NM0007,12000138625024,0,80,98755200,94,0,100,5,100,0,86,414959350,97,3253,100,0,100,5,,,,,100.0,0.0,100.0,0.0,,,79.0,21.0,,,100.0,14.0,100.0,235.0,21,21,100,0,100,0,200,0,100.0,3211.0,100.0,25331874704.0,100.0,31407548602.0
2018-08-25,ZJV04J56,ST12000NM0007,12000138625024,0,78,64170752,94,0,100,5,100,0,86,418369693,97,3277,100,0,100,5,,,,,100.0,0.0,100.0,0.0,,,79.0,21.0,,,100.0,14.0,100.0,236.0,21,21,100,0,100,0,200,0,100.0,3235.0,100.0,25531195416.0,100.0,31661925018.0
2018-08-26,ZJV04J56,ST12000NM0007,12000138625024,0,83,186347360,94,0,100,5,100,0,86,421349219,97,3301,100,0,100,5,,,,,100.0,0.0,100.0,0.0,,,79.0,21.0,,,100.0,14.0,100.0,237.0,21,21,100,0,100,0,200,0,100.0,3259.0,100.0,25692249024.0,100.0,31867188834.0
2018-08-27,ZJV04J56,ST12000NM0007,12000138625024,0,83,194301000,94,0,100,5,100,0,86,424922141,97,3325,100,0,100,5,,,,,100.0,0.0,100.0,0.0,,,80.0,20.0,,,100.0,14.0,100.0,238.0,20,20,100,0,100,0,200,0,100.0,3283.0,100.0,25900377704.0,100.0,32155295194.0
2018-08-28,ZJV04J56,ST12000NM0007,12000138625024,0,82,171937688,94,0,100,5,100,0,86,428285694,97,3349,100,0,100,5,,,,,100.0,0.0,100.0,0.0,,,74.0,26.0,,,100.0,14.0,100.0,239.0,26,26,100,0,100,0,200,0,100.0,3307.0,100.0,26086547424.0,100.0,32435043746.0
2018-08-29,ZJV04J56,ST12000NM0007,12000138625024,0,78,58234624,94,0,100,5,100,0,86,431320572,97,3372,100,0,100,5,,,,,100.0,0.0,100.0,0.0,,,73.0,27.0,,,100.0,14.0,100.0,240.0,27,27,100,0,100,0,200,0,100.0,3330.0,100.0,26250846408.0,100.0,32645323186.0
2018-08-30,ZJV04J56,ST12000NM0007,12000138625024,0,80,111529496,94,0,100,5,100,0,86,435354597,97,3401,100,0,100,5,,,,,100.0,0.0,100.0,0.0,,,73.0,27.0,,,100.0,14.0,100.0,241.0,27,27,100,0,100,0,200,0,100.0,3358.0,100.0,26477822416.0,100.0,32959923626.0
2018-08-31,ZJV04J56,ST12000NM0007,12000138625024,0,77,44714912,94,0,100,5,100,0,86,438934538,97,3424,100,0,100,5,,,,,100.0,0.0,100.0,0.0,,,74.0,26.0,,,100.0,14.0,100.0,242.0,26,26,100,0,100,0,200,0,100.0,3381.0,100.0,26644729240.0,100.0,33214483802.0
2018-09-01,ZJV04J56,ST12000NM0007,12000138625024,0,83,204745216,94,0,100,5,100,0,86,442241151,97,3448,100,0,100,5,,,,,100.0,0.0,100.0,0.0,,,69.0,31.0,,,100.0,14.0,100.0,243.0,31,31,100,0,100,0,200,0,100.0,3405.0,100.0,26826091104.0,100.0,33437293042.0
2018-09-02,ZJV04J56,ST12000NM0007,12000138625024,0,82,143365320,94,0,100,5,100,0,86,445674227,97,3472,100,0,100,5,,,,,100.0,0.0,100.0,0.0,,,69.0,31.0,,,100.0,14.0,100.0,244.0,31,31,100,0,100,0,200,0,100.0,3429.0,100.0,27016105328.0,100.0,33674180722.0
2018-09-03,ZJV04J56,ST12000NM0007,12000138625024,0,80,102023688,94,0,100,5,100,0,87,449217316,97,3496,100,0,100,5,,,,,100.0,0.0,100.0,0.0,,,68.0,32.0,,,100.0,14.0,100.0,245.0,32,32,100,0,100,0,200,0,100.0,3453.0,100.0,27221793848.0,100.0,33915432090.0
2018-09-04,ZJV04J56,ST12000NM0007,12000138625024,0,79,75546856,94,0,100,5,100,0,87,452702228,96,3520,100,0,100,5,,,,,100.0,0.0,100.0,0.0,,,74.0,26.0,,,100.0,14.0,100.0,246.0,26,26,100,0,100,0,200,0,100.0,3477.0,100.0,27407815696.0,100.0,34191214994.0
2018-09-05,ZJV04J56,ST12000NM0007,12000138625024,0,74,26988432,94,0,100,5,100,0,87,456080572,96,3544,100,0,100,5,,,,,100.0,0.0,100.0,0.0,,,73.0,27.0,,,100.0,14.0,100.0,247.0,27,27,100,0,100,0,200,0,100.0,3501.0,100.0,27595096648.0,100.0,34443657442.0
2018-09-06,ZJV04J56,ST12000NM0007,12000138625024,0,81,131494976,94,0,100,5,100,0,87,458726566,96,3563,100,0,100,5,,,,,100.0,0.0,100.0,0.0,,,72.0,28.0,,,100.0,14.0,100.0,248.0,28,28,100,0,100,0,200,0,100.0,3519.0,100.0,27748610520.0,100.0,34638790914.0
2018-09-07,ZJV04J56,ST12000NM0007,12000138625024,0,79,83072384,94,0,100,5,100,0,87,462231189,96,3588,100,0,100,5,,,,,100.0,0.0,100.0,0.0,,,68.0,32.0,,,100.0,14.0,100.0,249.0,32,32,100,0,100,0,200,0,100.0,3544.0,100.0,27941404520.0,100.0,34885855850.0
2018-09-08,ZJV04J56,ST12000NM0007,12000138625024,0,75,35138808,94,0,100,5,100,0,87,465677706,96,3612,100,0,100,5,,,,,100.0,0.0,100.0,0.0,,,68.0,32.0,,,100.0,14.0,100.0,250.0,32,32,100,0,100,0,200,0,100.0,3568.0,100.0,28105733856.0,100.0,35161874298.0
2018-09-09,ZJV04J56,ST12000NM0007,12000138625024,0,83,206721696,94,0,100,5,100,0,87,469021685,96,3636,100,0,100,5,,,,,100.0,0.0,100.0,0.0,,,67.0,33.0,,,100.0,14.0,100.0,251.0,33,33,100,0,100,0,200,0,100.0,3592.0,100.0,28280897392.0,100.0,35402434586.0
2018-09-10,ZJV04J56,ST12000NM0007,12000138625024,0,84,227161584,94,0,100,5,100,0,87,472856142,96,3660,100,0,100,5,,,,,100.0,0.0,100.0,0.0,,,67.0,33.0,,,100.0,14.0,100.0,252.0,33,33,100,0,100,0,200,0,100.0,3616.0,100.0,28553486416.0,100.0,35638566874.0
2018-09-11,ZJV04J56,ST12000NM0007,12000138625024,0,83,208862184,94,0,100,5,100,0,87,476785485,96,3683,100,0,100,5,,,,,100.0,0.0,100.0,0.0,,,67.0,33.0,,,100.0,14.0,100.0,253.0,33,33,100,0,100,0,200,0,100.0,3639.0,100.0,28774566408.0,100.0,35887469018.0
2018-09-12,ZJV04J56,ST12000NM0007,12000138625024,0,82,173611856,94,0,100,5,100,0,87,480449592,96,3707,100,0,100,5,,,,,100.0,0.0,100.0,0.0,,,67.0,33.0,,,100.0,14.0,100.0,254.0,33,33,100,0,100,0,200,0,100.0,3663.0,100.0,28984153720.0,100.0,36130912674.0
2018-09-13,ZJV04J56,ST12000NM0007,12000138625024,0,79,77142272,94,0,100,5,100,0,87,483915420,96,3730,100,0,100,5,,,,,100.0,0.0,100.0,0.0,,,67.0,33.0,,,100.0,14.0,100.0,255.0,33,33,100,0,100,0,200,0,100.0,3685.0,100.0,29149056992.0,100.0,36357821242.0
2018-09-14,ZJV04J56,ST12000NM0007,12000138625024,0,68,6189224,94,0,100,5,100,0,87,487355343,96,3753,100,0,100,5,,,,,100.0,0.0,100.0,0.0,,,67.0,33.0,,,100.0,14.0,100.0,256.0,33,33,100,0,100,0,200,0,100.0,3708.0,100.0,29337362424.0,100.0,36586844090.0
2018-09-15,ZJV04J56,ST12000NM0007,12000138625024,0,83,213505992,94,0,100,5,100,0,87,490968734,96,3777,100,0,100,5,,,,,100.0,0.0,100.0,0.0,,,67.0,33.0,,,100.0,14.0,100.0,257.0,33,33,100,0,100,0,200,0,100.0,3732.0,100.0,29515950072.0,100.0,36859713906.0
2018-09-16,ZJV04J56,ST12000NM0007,12000138625024,0,81,132979640,94,0,100,5,100,0,87,494343299,96,3801,100,0,100,5,,,,,100.0,0.0,100.0,0.0,,,66.0,34.0,,,100.0,14.0,100.0,258.0,34,34,100,0,100,0,200,0,100.0,3756.0,100.0,29703936104.0,100.0,37079483058.0
2018-09-17,ZJV04J56,ST12000NM0007,12000138625024,0,82,143957424,94,0,100,5,100,0,87,498287506,96,3826,100,0,100,5,,,,,100.0,0.0,100.0,0.0,,,68.0,32.0,,,100.0,14.0,100.0,259.0,32,32,100,0,100,0,200,0,100.0,3781.0,100.0,29898898696.0,100.0,37383779906.0
2018-09-18,ZJV04J56,ST12000NM0007,12000138625024,0,81,124627752,94,0,100,5,100,0,87,501874860,96,3850,100,0,100,5,,,,,100.0,0.0,100.0,0.0,,,69.0,31.0,,,100.0,14.0,100.0,260.0,31,31,100,0,100,0,200,0,100.0,3805.0,100.0,30117172312.0,100.0,37634458426.0
2018-09-19,ZJV04J56,ST12000NM0007,12000138625024,0,74,24302344,94,0,100,5,100,0,87,505277290,96,3874,100,0,100,5,,,,,100.0,0.0,100.0,0.0,,,69.0,31.0,,,100.0,14.0,100.0,261.0,31,31,100,0,100,0,200,0,100.0,3829.0,100.0,30312059880.0,100.0,37827526930.0
2018-09-20,ZJV04J56,ST12000NM0007,12000138625024,0,82,142642136,94,0,100,5,100,0,87,508309171,96,3897,100,0,100,5,,,,,100.0,0.0,100.0,0.0,,,65.0,35.0,,,100.0,14.0,100.0,262.0,35,35,100,0,100,0,200,0,100.0,3852.0,100.0,30450586312.0,100.0,38051481146.0
2018-09-21,ZJV04J56,ST12000NM0007,12000138625024,0,75,33169688,94,0,100,5,100,0,87,511718873,96,3922,100,0,100,5,,,,,100.0,0.0,100.0,0.0,,,66.0,34.0,,,100.0,14.0,100.0,263.0,34,34,100,0,100,0,200,0,100.0,3876.0,100.0,30635284896.0,100.0,38245591818.0
2018-09-22,ZJV04J56,ST12000NM0007,12000138625024,0,83,200215144,94,0,100,5,100,0,87,515133100,96,3945,100,0,100,5,,,,,100.0,0.0,100.0,0.0,,,64.0,36.0,,,100.0,14.0,100.0,264.0,36,36,100,0,100,0,200,0,100.0,3900.0,100.0,30816114072.0,100.0,38475948850.0
2018-09-23,ZJV04J56,ST12000NM0007,12000138625024,0,81,139820720,94,0,100,5,100,0,87,518930958,96,3970,100,0,100,5,,,,,100.0,0.0,100.0,0.0,,,64.0,36.0,,,100.0,14.0,100.0,265.0,36,36,100,0,100,0,200,0,100.0,3924.0,100.0,30997898280.0,100.0,38722051554.0
2018-09-24,ZJV04J56,ST12000NM0007,12000138625024,0,83,216842480,94,0,100,5,100,0,87,521917358,96,3993,100,0,100,5,,,,,100.0,0.0,100.0,0.0,,,64.0,36.0,,,100.0,14.0,100.0,266.0,36,36,100,0,100,0,200,0,100.0,3948.0,100.0,31114810072.0,100.0,38926302618.0
2018-09-25,ZJV04J56,ST12000NM0007,12000138625024,0,81,113862080,94,0,100,5,100,0,87,525536414,96,4018,100,0,100,5,,,,,100.0,0.0,100.0,0.0,,,64.0,36.0,,,100.0,14.0,100.0,267.0,36,36,100,0,100,0,200,0,100.0,3971.0,100.0,31276782840.0,100.0,39149630850.0
2018-09-26,ZJV04J56,ST12000NM0007,12000138625024,0,71,12445968,94,0,100,5,100,0,87,529075874,96,4042,100,0,100,5,,,,,100.0,0.0,100.0,0.0,,,65.0,35.0,,,100.0,14.0,100.0,268.0,35,35,100,0,100,0,200,0,100.0,3996.0,100.0,31435571328.0,100.0,39377707562.0
2018-09-27,ZJV04J56,ST12000NM0007,12000138625024,0,80,106121928,94,0,100,5,100,0,87,532298256,96,4065,100,0,100,5,,,,,100.0,0.0,100.0,0.0,,,65.0,35.0,,,100.0,14.0,100.0,269.0,35,35,100,0,100,0,200,0,100.0,4018.0,100.0,31592472952.0,100.0,39558622578.0
2018-09-28,ZJV04J56,ST12000NM0007,12000138625024,0,83,204277448,94,0,100,5,100,0,87,536120638,96,4090,100,0,100,5,,,,,100.0,0.0,100.0,0.0,,,65.0,35.0,,,100.0,14.0,100.0,270.0,35,35,100,0,100,0,200,0,100.0,4043.0,100.0,31711371896.0,100.0,39782019962.0
2018-09-29,ZJV04J56,ST12000NM0007,12000138625024,0,73,17901736,94,0,100,5,100,0,87,539739964,96,4113,100,0,100,5,,,,,100.0,0.0,100.0,0.0,,,65.0,35.0,,,100.0,15.0,100.0,271.0,35,35,100,0,100,0,200,0,100.0,4067.0,100.0,31800080864.0,100.0,39995216778.0
2018-09-30,ZJV04J56,ST12000NM0007,12000138625024,0,78,68185736,94,0,100,5,100,0,87,543048771,96,4137,100,0,100,5,,,,,100.0,0.0,100.0,0.0,,,65.0,35.0,,,100.0,15.0,100.0,272.0,35,35,100,0,100,0,200,0,100.0,4090.0,100.0,31895507056.0,100.0,40194215626.0
2018-10-01,ZJV04J56,ST12000NM0007,12000138625024,0,83,193830368,94,0,100,5,100,0,87,546586001,96,4162,100,0,100,5,,,,,100.0,0.0,100.0,0.0,,,65.0,35.0,,,100.0,15.0,100.0,273.0,35,35,100,0,100,0,200,0,100.0,4115.0,100.0,32000712480.0,100.0,40458795538.0
2018-10-02,ZJV04J56,ST12000NM0007,12000138625024,0,80,108754896,94,0,100,5,100,0,87,550599353,96,4185,100,0,100,5,,,,,100.0,0.0,100.0,0.0,,,64.0,36.0,,,100.0,16.0,100.0,274.0,36,36,100,0,100,0,200,0,100.0,4138.0,100.0,32150119792.0,100.0,40712594298.0
2018-10-03,ZJV04J56,ST12000NM0007,12000138625024,0,83,202275280,94,0,100,5,100,0,87,554089115,96,4210,100,0,100,5,,,,,100.0,0.0,100.0,0.0,,,63.0,37.0,,,100.0,16.0,100.0,275.0,37,37,100,0,100,0,200,0,100.0,4162.0,100.0,32284659336.0,100.0,40915715778.0
2018-10-04,ZJV04J56,ST12000NM0007,12000138625024,0,79.0,76519448.0,94.0,0.0,100.0,5.0,100.0,0.0,87.0,557677548.0,96.0,4233.0,100.0,0.0,100.0,5.0,,,,,100.0,0.0,100.0,0.0,,,64.0,36.0,,,100.0,17.0,100.0,276.0,36.0,36.0,100.0,0.0,100.0,0.0,200.0,0.0,100.0,4186.0,100.0,32421944736.0,100.0,41140955986.0
2018-10-05,ZJV04J56,ST12000NM0007,12000138625024,0,82,152596080,94,0,100,5,100,0,87,561019580,96,4258,100,0,100,5,,,,,100.0,0.0,100.0,0.0,,,64.0,36.0,,,100.0,17.0,100.0,277.0,36,36,100,0,100,0,200,0,100.0,4210.0,100.0,32564921720.0,100.0,41318196314.0
2018-10-06,ZJV04J56,ST12000NM0007,12000138625024,0,83,201325088,94,0,100,5,100,0,88,563993045,96,4281,100,0,100,5,,,,,100.0,0.0,100.0,0.0,,,65.0,35.0,,,100.0,18.0,100.0,278.0,35,35,100,0,100,0,200,0,100.0,4234.0,100.0,32643607240.0,100.0,41532380498.0
2018-10-07,ZJV04J56,ST12000NM0007,12000138625024,0,83,209373984,94,0,100,5,100,0,88,566542309,96,4305,100,0,100,5,,,,,100.0,0.0,100.0,0.0,,,65.0,35.0,,,100.0,19.0,100.0,279.0,35,35,100,0,100,0,200,0,100.0,4258.0,100.0,32716541224.0,100.0,41711636546.0
2018-10-08,ZJV04J56,ST12000NM0007,12000138625024,0,84,240024496,94,0,100,5,100,0,88,569581309,96,4330,100,0,100,5,,,,,100.0,0.0,100.0,0.0,,,65.0,35.0,,,100.0,20.0,100.0,280.0,35,35,100,0,100,0,200,0,100.0,4282.0,100.0,32795160616.0,100.0,41907808442.0
2018-10-09,ZJV04J56,ST12000NM0007,12000138625024,0,79.0,82810840.0,94.0,0.0,100.0,5.0,100.0,0.0,88.0,573232355.0,96.0,4353.0,100.0,0.0,100.0,5.0,,,,,100.0,0.0,100.0,0.0,,,64.0,36.0,,,100.0,20.0,100.0,281.0,36.0,36.0,100.0,0.0,100.0,0.0,200.0,0.0,100.0,4305.0,100.0,32890847304.0,100.0,42143189578.0
2018-10-10,ZJV04J56,ST12000NM0007,12000138625024,0,78,58701952,94,0,100,5,100,0,88,575901018,96,4377,100,0,100,5,,,,,100.0,0.0,100.0,0.0,,,64.0,36.0,,,100.0,21.0,100.0,282.0,36,36,100,0,100,0,200,0,100.0,4329.0,100.0,32955343360.0,100.0,42298725514.0
2018-10-11,ZJV04J56,ST12000NM0007,12000138625024,0,81,125058576,94,0,100,5,100,0,88,579035799,95,4402,100,0,100,5,,,,,100.0,0.0,100.0,0.0,,,65.0,35.0,,,100.0,22.0,100.0,283.0,35,35,100,0,100,0,200,0,100.0,4353.0,100.0,33046691968.0,100.0,42517874162.0
2018-10-12,ZJV04J56,ST12000NM0007,12000138625024,0,82,163849706,94,0,100,5,100,0,88,581897680,95,4425,100,0,100,5,,,,,100.0,0.0,100.0,0.0,,,66.0,34.0,,,100.0,22.0,100.0,290.0,34,34,100,0,100,0,200,0,100.0,4376.0,100.0,33148032496.0,100.0,42699465428.0
2018-10-13,ZJV04J56,ST12000NM0007,12000138625024,0,84,224096200,94,0,100,5,100,0,88,585186860,95,4449,100,0,100,5,,,,,100.0,0.0,100.0,0.0,,,65.0,35.0,,,100.0,23.0,100.0,291.0,35,35,100,0,100,0,200,0,100.0,4400.0,100.0,33235532512.0,100.0,42916352580.0
2018-10-14,ZJV04J56,ST12000NM0007,12000138625024,0,84,239373648,94,0,100,5,100,0,88,588166335,95,4474,100,0,100,5,,,,,100.0,0.0,100.0,0.0,,,65.0,35.0,,,100.0,23.0,100.0,292.0,35,35,100,0,100,0,200,0,100.0,4425.0,100.0,33321395384.0,100.0,43089907812.0
2018-10-15,ZJV04J56,ST12000NM0007,12000138625024,0,75,33168040,94,0,100,5,100,0,88,591302173,95,4497,100,0,100,5,,,,,100.0,0.0,100.0,0.0,,,65.0,35.0,,,100.0,23.0,100.0,293.0,35,35,100,0,100,0,200,0,100.0,4447.0,100.0,33394110584.0,100.0,43299268532.0
2018-10-16,ZJV04J56,ST12000NM0007,12000138625024,0,80,111263016,94,0,100,5,100,0,88,594466345,95,4521,100,0,100,5,,,,,100.0,0.0,100.0,0.0,,,65.0,35.0,,,100.0,23.0,100.0,294.0,35,35,100,0,100,0,200,0,100.0,4472.0,100.0,33497574272.0,100.0,43518040612.0
2018-10-17,ZJV04J56,ST12000NM0007,12000138625024,0,83,189506456,94,0,100,5,100,0,88,597825222,95,4545,100,0,100,5,,,,,100.0,0.0,100.0,0.0,,,64.0,36.0,,,100.0,24.0,100.0,295.0,36,36,100,0,100,0,200,0,100.0,4495.0,100.0,33627637264.0,100.0,43710361724.0
2018-10-18,ZJV04J56,ST12000NM0007,12000138625024,0,77,44815832,94,0,100,5,100,0,88,601642281,95,4571,100,0,100,5,,,,,100.0,0.0,100.0,0.0,,,64.0,36.0,,,100.0,25.0,100.0,296.0,36,36,100,0,100,0,200,0,100.0,4521.0,100.0,33740903024.0,100.0,43940686764.0
2018-10-19,ZJV04J56,ST12000NM0007,12000138625024,0,81,116194288,94,0,100,5,100,0,88,604752114,95,4594,100,0,100,5,,,,,100.0,0.0,100.0,0.0,,,64.0,36.0,,,100.0,25.0,100.0,297.0,36,36,100,0,100,0,200,0,100.0,4544.0,100.0,33835833144.0,100.0,44161276140.0
2018-10-20,ZJV04J56,ST12000NM0007,12000138625024,0,83,219049600,94,0,100,5,100,0,88,608419235,95,4619,100,0,100,5,,,,,100.0,0.0,100.0,0.0,,,65.0,35.0,,,100.0,26.0,100.0,298.0,35,35,100,0,100,0,200,0,100.0,4570.0,100.0,33938815856.0,100.0,44405289684.0
2018-10-21,ZJV04J56,ST12000NM0007,12000138625024,0,75,34278848,94,0,100,5,100,0,88,611549993,95,4643,100,0,100,5,,,,,100.0,0.0,100.0,0.0,,,64.0,36.0,,,100.0,26.0,100.0,299.0,36,36,100,0,100,0,200,0,100.0,4593.0,100.0,34008425192.0,100.0,44639191036.0
2018-10-22,ZJV04J56,ST12000NM0007,12000138625024,0,82,175173168,94,0,100,5,100,0,88,615361770,95,4667,100,0,100,5,,,,,100.0,0.0,100.0,0.0,,,64.0,36.0,,,100.0,26.0,100.0,300.0,36,36,100,0,100,0,200,0,100.0,4617.0,100.0,34077795672.0,100.0,44954855692.0
2018-10-23,ZJV04J56,ST12000NM0007,12000138625024,0,77,53675416,94,0,100,5,100,0,88,619095828,95,4691,100,0,100,5,,,,,100.0,0.0,100.0,0.0,,,72.0,28.0,,,100.0,26.0,100.0,301.0,28,28,100,0,100,0,200,0,100.0,4641.0,100.0,34167744008.0,100.0,45231691084.0
2018-10-25,ZJV04J56,ST12000NM0007,12000138625024,0,80,89197704,94,0,100,5,100,0,88,626481992,95,4740,100,0,100,5,,,,,100.0,0.0,100.0,0.0,,,63.0,37.0,,,100.0,27.0,100.0,304.0,37,37,100,0,100,0,200,0,100.0,4689.0,100.0,34409699504.0,100.0,45757679972.0
2018-10-26,ZJV04J56,ST12000NM0007,12000138625024,0,80,94812608,94,0,100,5,100,0,88,629503308,95,4763,100,0,100,5,,,,,100.0,0.0,100.0,0.0,,,63.0,37.0,,,100.0,28.0,100.0,306.0,37,37,100,0,100,0,200,0,100.0,4712.0,100.0,34487187008.0,100.0,45929948004.0
2018-10-27,ZJV04J56,ST12000NM0007,12000138625024,0,83,195379384,94,0,100,5,100,0,88,632985639,95,4788,100,0,100,5,,,,,100.0,0.0,100.0,0.0,,,64.0,36.0,,,100.0,28.0,100.0,307.0,36,36,100,0,100,0,200,0,100.0,4737.0,100.0,34589836512.0,100.0,46172006028.0
2018-10-28,ZJV04J56,ST12000NM0007,12000138625024,0,82,177047640,94,0,100,5,100,0,88,635470761,95,4811,100,0,100,5,,,,,100.0,0.0,100.0,0.0,,,64.0,36.0,,,100.0,28.0,100.0,307.0,36,36,100,0,100,0,200,0,100.0,4760.0,100.0,34660586072.0,100.0,46327065396.0
2018-10-29,ZJV04J56,ST12000NM0007,12000138625024,0,83,222894024,94,0,100,5,100,0,88,638736836,95,4840,100,0,100,5,,,,,100.0,0.0,100.0,0.0,,,64.0,36.0,,,100.0,29.0,100.0,309.0,36,36,100,0,100,0,200,0,100.0,4788.0,100.0,34737417048.0,100.0,46540221508.0
2018-10-30,ZJV04J56,ST12000NM0007,12000138625024,0,72,15657776,94,0,100,5,100,0,88,641910230,95,4863,100,0,100,5,,,,,100.0,0.0,100.0,0.0,,,63.0,37.0,,,100.0,29.0,100.0,310.0,37,37,100,0,100,0,200,0,100.0,4812.0,100.0,34820116800.0,100.0,46738566996.0
2018-10-31,ZJV04J56,ST12000NM0007,12000138625024,0,72,14510680,94.0,0.0,100.0,5.0,100.0,0.0,88.0,644592804.0,95,4888,100.0,0.0,100,5,,,,,100.0,0.0,100.0,0.0,,,63.0,37.0,,,100.0,30.0,100.0,311.0,37,37,100.0,0.0,100.0,0.0,200.0,0.0,100.0,4836.0,100.0,34909970336.0,100.0,46891707052.0
2018-11-01,ZJV04J56,ST12000NM0007,12000138625024,0,81,121052760,94.0,0.0,100.0,5.0,100.0,0.0,88.0,648064193.0,95,4912,100.0,0.0,100,5,,,,,100.0,0.0,100.0,0.0,,,68.0,32.0,,,100.0,30.0,100.0,312.0,32,32,100.0,0.0,100.0,0.0,200.0,0.0,100.0,4860.0,100.0,35020470312.0,100.0,47131889860.0
2018-11-02,ZJV04J56,ST12000NM0007,12000138625024,0,81,135213112,94.0,0.0,100.0,5.0,100.0,0.0,88.0,650564169.0,95,4931,100.0,0.0,100,5,,,,,100.0,0.0,100.0,0.0,,,69.0,31.0,,,100.0,30.0,100.0,313.0,31,31,100.0,0.0,100.0,0.0,200.0,0.0,100.0,4880.0,100.0,35115413224.0,100.0,47295247940.0
2018-11-03,ZJV04J56,ST12000NM0007,12000138625024,0,83,213460832,94.0,0.0,100.0,5.0,100.0,0.0,88.0,653846035.0,95,4954,100.0,0.0,100,5,,,,,100.0,0.0,100.0,0.0,,,69.0,31.0,,,100.0,31.0,100.0,314.0,31,31,100.0,0.0,100.0,0.0,200.0,0.0,100.0,4902.0,100.0,35210125200.0,100.0,47522924316.0
2018-11-04,ZJV04J56,ST12000NM0007,12000138625024,0,74,23024424,94.0,0.0,100.0,5.0,100.0,0.0,88.0,657314917.0,95,4979,100.0,0.0,100,5,,,,,100.0,0.0,100.0,0.0,,,68.0,32.0,,,100.0,32.0,100.0,315.0,32,32,100.0,0.0,100.0,0.0,200.0,0.0,100.0,4928.0,100.0,35337174488.0,100.0,47693720156.0
2018-11-05,ZJV04J56,ST12000NM0007,12000138625024,0,76,41280680,94.0,0.0,100.0,5.0,100.0,0.0,88.0,659993028.0,95,5002,100.0,0.0,100,5,,,,,100.0,0.0,100.0,0.0,,,69.0,31.0,,,100.0,32.0,100.0,316.0,31,31,100.0,0.0,100.0,0.0,200.0,0.0,100.0,4950.0,100.0,35436217400.0,100.0,47857074268.0
2018-11-06,ZJV04J56,ST12000NM0007,12000138625024,0,79.0,75190288.0,94.0,0.0,100.0,5.0,100.0,0.0,88.0,663328274.0,95.0,5027.0,100.0,0.0,100.0,5.0,,,,,100.0,0.0,100.0,0.0,,,69.0,31.0,,,100.0,32.0,100.0,317.0,31.0,31.0,100.0,0.0,100.0,0.0,200.0,0.0,100.0,4975.0,100.0,35549661600.0,100.0,48021680324.0
2018-11-07,ZJV04J56,ST12000NM0007,12000138625024,0,79.0,74963344.0,94.0,0.0,100.0,5.0,100.0,0.0,88.0,666720594.0,95.0,5051.0,100.0,0.0,100.0,5.0,,,,,100.0,0.0,100.0,0.0,,,69.0,31.0,,,100.0,32.0,100.0,318.0,31.0,31.0,100.0,0.0,100.0,0.0,200.0,0.0,100.0,4999.0,100.0,35641982536.0,100.0,48173273188.0
2018-11-08,ZJV04J56,ST12000NM0007,12000138625024,0,84.0,224983648.0,94.0,0.0,100.0,5.0,100.0,0.0,88.0,670445951.0,95.0,5078.0,100.0,0.0,100.0,5.0,,,,,100.0,0.0,100.0,0.0,,,69.0,31.0,,,100.0,33.0,100.0,319.0,31.0,31.0,100.0,0.0,100.0,0.0,200.0,0.0,100.0,5026.0,100.0,35766044368.0,100.0,48443372332.0
2018-11-09,ZJV04J56,ST12000NM0007,12000138625024,0,84,239873424,94.0,0.0,100.0,5.0,100.0,0.0,88.0,673280394.0,95,5102,100.0,0.0,100,5,,,,,100.0,0.0,100.0,0.0,,,69.0,31.0,,,100.0,33.0,100.0,320.0,31,31,100.0,0.0,100.0,0.0,200.0,0.0,100.0,5050.0,100.0,35860156312.0,100.0,48608291052.0
2018-11-10,ZJV04J56,ST12000NM0007,12000138625024,0,71,13072232,94.0,0.0,100.0,5.0,100.0,0.0,88.0,676004599.0,95,5125,100.0,0.0,100,5,,,,,100.0,0.0,100.0,0.0,,,66.0,34.0,,,100.0,34.0,100.0,321.0,34,34,100.0,0.0,100.0,0.0,200.0,0.0,100.0,5073.0,100.0,35919876984.0,100.0,48810050612.0
2018-11-11,ZJV04J56,ST12000NM0007,12000138625024,0,84,232108488,94.0,0.0,100.0,5.0,100.0,0.0,88.0,678543895.0,95,5151,100.0,0.0,100,5,,,,,100.0,0.0,100.0,0.0,,,66.0,34.0,,,100.0,35.0,100.0,322.0,34,34,100.0,0.0,100.0,0.0,200.0,0.0,100.0,5098.0,100.0,35980301576.0,100.0,48968662276.0
2018-11-12,ZJV04J56,ST12000NM0007,12000138625024,0,84,236158600,94.0,0.0,100.0,5.0,100.0,0.0,88.0,681370853.0,95,5174,100.0,0.0,100,5,,,,,100.0,0.0,100.0,0.0,,,66.0,34.0,,,100.0,36.0,100.0,323.0,34,34,100.0,0.0,100.0,0.0,200.0,0.0,100.0,5122.0,100.0,36038068640.0,100.0,49159086004.0
2018-11-13,ZJV04J56,ST12000NM0007,12000138625024,0,70,11198280,94.0,0.0,100.0,5.0,100.0,0.0,88.0,684368218.0,95,5198,100.0,0.0,100,5,,,,,100.0,0.0,100.0,0.0,,,70.0,30.0,,,100.0,37.0,100.0,324.0,30,30,100.0,0.0,100.0,0.0,200.0,0.0,100.0,5145.0,100.0,36112885504.0,100.0,49347590172.0
2018-11-14,ZJV04J56,ST12000NM0007,12000138625024,0,72,15754568,94.0,0.0,100.0,5.0,100.0,0.0,88.0,687580429.0,95,5222,100.0,0.0,100,5,,,,,100.0,0.0,100.0,0.0,,,70.0,30.0,,,100.0,38.0,100.0,325.0,30,30,100.0,0.0,100.0,0.0,200.0,0.0,100.0,5169.0,100.0,36178656368.0,100.0,49530516244.0
2018-11-15,ZJV04J56,ST12000NM0007,12000138625024,0,75,29307704,94.0,0.0,100.0,5.0,100.0,0.0,88.0,690221424.0,95,5246,100.0,0.0,100,5,,,,,100.0,0.0,100.0,0.0,,,68.0,32.0,,,100.0,39.0,100.0,326.0,32,32,100.0,0.0,100.0,0.0,200.0,0.0,100.0,5193.0,100.0,36250227312.0,100.0,49716639164.0
2018-11-16,ZJV04J56,ST12000NM0007,12000138625024,0,84,234518736,94.0,0.0,100.0,5.0,100.0,0.0,88.0,692696302.0,94,5270,100.0,0.0,100,5,,,,,100.0,0.0,100.0,0.0,,,68.0,32.0,,,100.0,39.0,100.0,327.0,32,32,100.0,0.0,100.0,0.0,200.0,0.0,100.0,5217.0,100.0,36322125000.0,100.0,49849952508.0
2018-11-17,ZJV04J56,ST12000NM0007,12000138625024,0,73.0,19520160.0,94.0,0.0,100.0,5.0,100.0,0.0,88.0,695822307.0,94.0,5294.0,100.0,0.0,100.0,5.0,,,,,100.0,0.0,100.0,0.0,,,69.0,31.0,,,100.0,39.0,100.0,328.0,31.0,31.0,100.0,0.0,100.0,0.0,200.0,0.0,100.0,5241.0,100.0,36375590936.0,100.0,50069769588.0
2018-11-18,ZJV04J56,ST12000NM0007,12000138625024,0,83,189260448,94.0,0.0,100.0,5.0,100.0,0.0,88.0,697956986.0,94,5314,100.0,0.0,100,5,,,,,100.0,0.0,100.0,0.0,,,69.0,31.0,,,100.0,40.0,100.0,329.0,31,31,100.0,0.0,100.0,0.0,200.0,0.0,100.0,5260.0,100.0,36428350648.0,100.0,50186750164.0
2018-11-19,ZJV04J56,ST12000NM0007,12000138625024,0,83,189481872,94.0,0.0,100.0,5.0,100.0,0.0,88.0,700561384.0,94,5337,100.0,0.0,100,5,,,,,100.0,0.0,100.0,0.0,,,69.0,31.0,,,100.0,41.0,100.0,330.0,31,31,100.0,0.0,100.0,0.0,200.0,0.0,100.0,5284.0,100.0,36502290688.0,100.0,50357172636.0
2018-11-20,ZJV04J56,ST12000NM0007,12000138625024,0,82,163008768,94.0,0.0,100.0,5.0,100.0,0.0,88.0,703334188.0,94,5361,100.0,0.0,100,5,,,,,100.0,0.0,100.0,0.0,,,68.0,32.0,,,100.0,41.0,100.0,331.0,32,32,100.0,0.0,100.0,0.0,200.0,0.0,100.0,5307.0,100.0,36579001624.0,100.0,50498129548.0
2018-11-21,ZJV04J56,ST12000NM0007,12000138625024,0,79,89125032,94.0,0.0,100.0,5.0,100.0,0.0,88.0,705556622.0,94,5385,100.0,0.0,100,5,,,,,100.0,0.0,100.0,0.0,,,68.0,32.0,,,100.0,42.0,100.0,332.0,32,32,100.0,0.0,100.0,0.0,200.0,0.0,100.0,5331.0,100.0,36649998824.0,100.0,50597389460.0
2018-11-22,ZJV04J56,ST12000NM0007,12000138625024,0,82,145974440,94.0,0.0,100.0,5.0,100.0,0.0,89.0,709048155.0,94,5409,100.0,0.0,100,5,,,,,100.0,0.0,100.0,0.0,,,68.0,32.0,,,100.0,42.0,100.0,333.0,32,32,100.0,0.0,100.0,0.0,200.0,0.0,100.0,5355.0,100.0,36725874024.0,100.0,50822504404.0
2018-11-23,ZJV04J56,ST12000NM0007,12000138625024,0,80,92066336,94.0,0.0,100.0,5.0,100.0,0.0,89.0,711343898.0,94,5433,100.0,0.0,100,5,,,,,100.0,0.0,100.0,0.0,,,69.0,31.0,,,100.0,43.0,100.0,334.0,31,31,100.0,0.0,100.0,0.0,200.0,0.0,100.0,5379.0,100.0,36787907392.0,100.0,50950703572.0
2018-11-24,ZJV04J56,ST12000NM0007,12000138625024,0,78,66218304,94.0,0.0,100.0,5.0,100.0,0.0,89.0,714033419.0,94,5457,100.0,0.0,100,5,,,,,100.0,0.0,100.0,0.0,,,72.0,28.0,,,100.0,43.0,100.0,335.0,28,28,100.0,0.0,100.0,0.0,200.0,0.0,100.0,5403.0,100.0,36853352696.0,100.0,51103551204.0
2018-11-25,ZJV04J56,ST12000NM0007,12000138625024,0,80,103857488,94.0,0.0,100.0,5.0,100.0,0.0,89.0,716732023.0,94,5481,100.0,0.0,100,5,,,,,100.0,0.0,100.0,0.0,,,72.0,28.0,,,100.0,43.0,100.0,336.0,28,28,100.0,0.0,100.0,0.0,200.0,0.0,100.0,5427.0,100.0,36938315752.0,100.0,51300368196.0
2018-11-26,ZJV04J56,ST12000NM0007,12000138625024,0,80,97800600,94.0,0.0,100.0,5.0,100.0,0.0,89.0,719503435.0,94,5505,100.0,0.0,100,5,,,,,100.0,0.0,100.0,0.0,,,72.0,28.0,,,100.0,43.0,100.0,337.0,28,28,100.0,0.0,100.0,0.0,200.0,0.0,100.0,5451.0,100.0,37012176928.0,100.0,51464590956.0
2018-11-27,ZJV04J56,ST12000NM0007,12000138625024,0,79,83543328,94.0,0.0,100.0,5.0,100.0,0.0,89.0,722657685.0,94,5529,100.0,0.0,100,5,,,,,100.0,0.0,100.0,0.0,,,71.0,29.0,,,100.0,43.0,100.0,338.0,29,29,100.0,0.0,100.0,0.0,200.0,0.0,100.0,5475.0,100.0,37104370984.0,100.0,51602280428.0
2018-11-28,ZJV04J56,ST12000NM0007,12000138625024,0,80,109862168,94.0,0.0,100.0,5.0,100.0,0.0,89.0,725571978.0,94,5553,100.0,0.0,100,5,,,,,100.0,0.0,100.0,0.0,,,72.0,28.0,,,100.0,44.0,100.0,339.0,28,28,100.0,0.0,100.0,0.0,200.0,0.0,100.0,5498.0,100.0,37199924216.0,100.0,51777187012.0
2018-11-29,ZJV04J56,ST12000NM0007,12000138625024,0,82,145170504,94.0,0.0,100.0,5.0,100.0,0.0,89.0,728444823.0,94,5577,100.0,0.0,100,5,,,,,100.0,0.0,100.0,0.0,,,69.0,31.0,,,100.0,44.0,100.0,340.0,31,31,100.0,0.0,100.0,0.0,200.0,0.0,100.0,5523.0,100.0,37294995112.0,100.0,51961565148.0
2018-11-30,ZJV04J56,ST12000NM0007,12000138625024,0,82,144162840,94.0,0.0,100.0,5.0,100.0,0.0,89.0,731058379.0,94,5601,100.0,0.0,100,5,,,,,100.0,0.0,100.0,0.0,,,70.0,30.0,,,100.0,45.0,100.0,341.0,30,30,100.0,0.0,100.0,0.0,200.0,0.0,100.0,5546.0,100.0,37385371704.0,100.0,52114321548.0
2018-12-01,ZJV04J56,ST12000NM0007,12000138625024,0,71,12967120,94.0,0.0,100.0,5.0,100.0,0.0,89.0,735367388.0,94,5624,100.0,0.0,100,5,,,,,100.0,0.0,100.0,0.0,,,71.0,29.0,,,100.0,46.0,100.0,342.0,29,29,100.0,0.0,100.0,0.0,200.0,0.0,100.0,5570.0,100.0,37493619352.0,100.0,52363159788.0
2018-12-02,ZJV04J56,ST12000NM0007,12000138625024,0,83,221407800,94.0,0.0,100.0,5.0,100.0,0.0,89.0,737918812.0,94,5649,100.0,0.0,100,5,,,,,100.0,0.0,100.0,0.0,,,71.0,29.0,,,100.0,47.0,100.0,343.0,29,29,100.0,0.0,100.0,0.0,200.0,0.0,100.0,5594.0,100.0,37562989248.0,100.0,52502230572.0
2018-12-03,ZJV04J56,ST12000NM0007,12000138625024,0,84,232837456,94.0,0.0,100.0,5.0,100.0,0.0,89.0,740497183.0,94,5673,100.0,0.0,100,5,,,,,100.0,0.0,100.0,0.0,,,71.0,29.0,,,100.0,48.0,100.0,344.0,29,29,100.0,0.0,100.0,0.0,200.0,0.0,100.0,5619.0,100.0,37656188664.0,100.0,52664601740.0
2018-12-04,ZJV04J56,ST12000NM0007,12000138625024,0,83,214722448,94.0,0.0,100.0,5.0,100.0,0.0,89.0,743191990.0,94,5698,100.0,0.0,100,5,,,,,100.0,0.0,100.0,0.0,,,71.0,29.0,,,100.0,48.0,100.0,345.0,29,29,100.0,0.0,100.0,0.0,200.0,0.0,100.0,5643.0,100.0,37735790440.0,100.0,52811025652.0
2018-12-05,ZJV04J56,ST12000NM0007,12000138625024,0,65.0,3194200.0,94.0,0.0,100.0,5.0,100.0,0.0,89.0,746030246.0,94.0,5721.0,100.0,0.0,100.0,5.0,,,,,100.0,0.0,100.0,0.0,,,69.0,31.0,,,100.0,49.0,100.0,346.0,31.0,31.0,100.0,0.0,100.0,0.0,200.0,0.0,100.0,5666.0,100.0,37831321400.0,100.0,52992248316.0
2018-12-06,ZJV04J56,ST12000NM0007,12000138625024,0,80,110916048,94.0,0.0,100.0,5.0,100.0,0.0,89.0,749736309.0,94,5751,100.0,0.0,100,5,,,,,100.0,0.0,100.0,0.0,,,70.0,30.0,,,100.0,49.0,100.0,347.0,30,30,100.0,0.0,100.0,0.0,200.0,0.0,100.0,5696.0,100.0,37938200536.0,100.0,53237232044.0
2018-12-07,ZJV04J56,ST12000NM0007,12000138625024,0,78,63737136,94.0,0.0,100.0,5.0,100.0,0.0,89.0,751778931.0,94,5770,100.0,0.0,100,5,,,,,100.0,0.0,100.0,0.0,,,68.0,32.0,,,100.0,49.0,100.0,348.0,32,32,100.0,0.0,100.0,0.0,200.0,0.0,100.0,5715.0,100.0,37995408464.0,100.0,53376985852.0
2018-12-08,ZJV04J56,ST12000NM0007,12000138625024,0,81,138448160,94.0,0.0,100.0,5.0,100.0,0.0,89.0,755111181.0,94,5794,100.0,0.0,100,5,,,,,100.0,0.0,100.0,0.0,,,71.0,29.0,,,100.0,50.0,100.0,349.0,29,29,100.0,0.0,100.0,0.0,200.0,0.0,100.0,5739.0,100.0,38084390128.0,100.0,53606855844.0
2018-12-09,ZJV04J56,ST12000NM0007,12000138625024,0,82,162509880,94.0,0.0,100.0,5.0,100.0,0.0,89.0,758633658.0,94,5818,100.0,0.0,100,5,,,,,100.0,0.0,100.0,0.0,,,67.0,33.0,,,100.0,51.0,100.0,350.0,33,33,100.0,0.0,100.0,0.0,200.0,0.0,100.0,5762.0,100.0,38170629272.0,100.0,53788819052.0
2018-12-10,ZJV04J56,ST12000NM0007,12000138625024,0,83,223228592,94.0,0.0,100.0,5.0,100.0,0.0,89.0,761842846.0,94,5842,100.0,0.0,100,5,,,,,100.0,0.0,100.0,0.0,,,71.0,29.0,,,100.0,51.0,100.0,351.0,29,29,100.0,0.0,100.0,0.0,200.0,0.0,100.0,5786.0,100.0,38284498024.0,100.0,53979809828.0
2018-12-11,ZJV04J56,ST12000NM0007,12000138625024,0,83,212680928,94.0,0.0,100.0,5.0,100.0,0.0,89.0,764884050.0,94,5865,100.0,0.0,100,5,,,,,100.0,0.0,100.0,0.0,,,69.0,31.0,,,100.0,51.0,100.0,352.0,31,31,100.0,0.0,100.0,0.0,200.0,0.0,100.0,5809.0,100.0,38383497880.0,100.0,54114403148.0
2018-12-12,ZJV04J56,ST12000NM0007,12000138625024,0,79,86778984,94.0,0.0,100.0,5.0,100.0,0.0,89.0,768289524.0,94,5889,100.0,0.0,100,5,,,,,100.0,0.0,100.0,0.0,,,70.0,30.0,,,100.0,52.0,100.0,353.0,30,30,100.0,0.0,100.0,0.0,200.0,0.0,100.0,5833.0,100.0,38534649368.0,100.0,54325631212.0
2018-12-13,ZJV04J56,ST12000NM0007,12000138625024,0,84,224552016,94.0,0.0,100.0,5.0,100.0,0.0,89.0,772047020.0,94,5913,100.0,0.0,100,5,,,,,100.0,0.0,100.0,0.0,,,70.0,30.0,,,100.0,53.0,100.0,354.0,30,30,100.0,0.0,100.0,0.0,200.0,0.0,100.0,5857.0,100.0,38653094480.0,100.0,54589099772.0
2018-12-14,ZJV04J56,ST12000NM0007,12000138625024,0,76,37651672,94.0,0.0,100.0,5.0,100.0,0.0,89.0,775272611.0,94,5938,100.0,0.0,100,5,,,,,100.0,0.0,100.0,0.0,,,70.0,30.0,,,100.0,53.0,100.0,355.0,30,30,100.0,0.0,100.0,0.0,200.0,0.0,100.0,5882.0,100.0,38763697024.0,100.0,54779878660.0
2018-12-15,ZJV04J56,ST12000NM0007,12000138625024,0,82,141367376,94.0,0.0,100.0,5.0,100.0,0.0,89.0,779187872.0,94,5962,100.0,0.0,100,5,,,,,100.0,0.0,100.0,0.0,,,66.0,34.0,,,100.0,53.0,100.0,356.0,34,34,100.0,0.0,100.0,0.0,200.0,0.0,100.0,5906.0,100.0,38881692552.0,100.0,55009739812.0
2018-12-16,ZJV04J56,ST12000NM0007,12000138625024,0,83,215468824,94.0,0.0,100.0,5.0,100.0,0.0,89.0,782483005.0,94,5985,100.0,0.0,100,5,,,,,100.0,0.0,100.0,0.0,,,66.0,34.0,,,100.0,53.0,100.0,357.0,34,34,100.0,0.0,100.0,0.0,200.0,0.0,100.0,5929.0,100.0,38994150688.0,100.0,55215523948.0
2018-12-17,ZJV04J56,ST12000NM0007,12000138625024,0,78,65491512,94.0,0.0,100.0,5.0,100.0,0.0,89.0,785831099.0,94,6010,100.0,0.0,100,5,,,,,100.0,0.0,100.0,0.0,,,66.0,34.0,,,100.0,53.0,100.0,358.0,34,34,100.0,0.0,100.0,0.0,200.0,0.0,100.0,5953.0,100.0,39115838056.0,100.0,55432140668.0
2018-12-18,ZJV04J56,ST12000NM0007,12000138625024,0,82,167580800,94.0,0.0,100.0,5.0,100.0,0.0,89.0,789785314.0,94,6034,100.0,0.0,100,5,,,,,100.0,0.0,100.0,0.0,,,72.0,28.0,,,100.0,53.0,100.0,359.0,28,28,100.0,0.0,100.0,0.0,200.0,0.0,100.0,5977.0,100.0,39252802640.0,100.0,55641406108.0
2018-12-19,ZJV04J56,ST12000NM0007,12000138625024,0,72,16541368,92.0,0.0,100.0,6.0,100.0,0.0,89.0,793009211.0,94,6064,100.0,0.0,100,6,,,,,100.0,0.0,100.0,0.0,,,73.0,27.0,,,100.0,53.0,100.0,363.0,27,27,100.0,0.0,100.0,0.0,200.0,0.0,100.0,6008.0,100.0,39355290824.0,100.0,55876159870.0
2018-12-20,ZJV04J56,ST12000NM0007,12000138625024,0,80,90438208,92.0,0.0,100.0,6.0,100.0,0.0,89.0,796639374.0,94,6089,100.0,0.0,100,6,,,,,100.0,0.0,100.0,0.0,,,67.0,33.0,,,100.0,54.0,100.0,364.0,33,33,100.0,0.0,100.0,0.0,200.0,0.0,100.0,6032.0,100.0,39428827040.0,100.0,56120661246.0
2018-12-21,ZJV04J56,ST12000NM0007,12000138625024,0,79,79932608,92.0,0.0,100.0,6.0,100.0,0.0,89.0,799209695.0,94,6112,100.0,0.0,100,6,,,,,100.0,0.0,100.0,0.0,,,71.0,29.0,,,100.0,54.0,100.0,365.0,29,29,100.0,0.0,100.0,0.0,200.0,0.0,100.0,6055.0,100.0,39504060392.0,100.0,56279063478.0
2018-12-22,ZJV04J56,ST12000NM0007,12000138625024,0,81,123301592,92.0,0.0,100.0,6.0,100.0,0.0,89.0,802419511.0,93,6136,100.0,0.0,100,6,,,,,100.0,0.0,100.0,0.0,,,71.0,29.0,,,100.0,54.0,100.0,366.0,29,29,100.0,0.0,100.0,0.0,200.0,0.0,100.0,6080.0,100.0,39595761760.0,100.0,56474872102.0
2018-12-23,ZJV04J56,ST12000NM0007,12000138625024,0,80,99573920,92.0,0.0,100.0,6.0,100.0,0.0,89.0,804596176.0,93,6160,100.0,0.0,100,6,,,,,100.0,0.0,100.0,0.0,,,70.0,30.0,,,100.0,54.0,100.0,367.0,30,30,100.0,0.0,100.0,0.0,200.0,0.0,100.0,6103.0,100.0,39659498056.0,100.0,56631548950.0
2018-12-24,ZJV04J56,ST12000NM0007,12000138625024,0,81,126176048,92.0,0.0,100.0,6.0,100.0,0.0,89.0,807375635.0,93,6184,100.0,0.0,100,6,,,,,100.0,0.0,100.0,0.0,,,71.0,29.0,,,100.0,54.0,100.0,368.0,29,29,100.0,0.0,100.0,0.0,200.0,0.0,100.0,6127.0,100.0,39722718000.0,100.0,56839071830.0
2018-12-25,ZJV04J56,ST12000NM0007,12000138625024,0,81,114622008,92.0,0.0,100.0,6.0,100.0,0.0,89.0,809715160.0,93,6208,100.0,0.0,100,6,,,,,100.0,0.0,100.0,0.0,,,71.0,29.0,,,100.0,54.0,100.0,369.0,29,29,100.0,0.0,100.0,0.0,200.0,0.0,100.0,6151.0,100.0,39792528240.0,100.0,57001848334.0
2018-12-26,ZJV04J56,ST12000NM0007,12000138625024,0,80,95160536,92.0,0.0,100.0,6.0,100.0,0.0,89.0,811807264.0,93,6232,100.0,0.0,100,6,,,,,100.0,0.0,100.0,0.0,,,72.0,28.0,,,100.0,54.0,100.0,370.0,28,28,100.0,0.0,100.0,0.0,200.0,0.0,100.0,6175.0,100.0,39843340392.0,100.0,57175715702.0
2018-12-27,ZJV04J56,ST12000NM0007,12000138625024,0,81,131130128,92.0,0.0,100.0,6.0,100.0,0.0,89.0,814514363.0,93,6257,100.0,0.0,100,6,,,,,100.0,0.0,100.0,0.0,,,72.0,28.0,,,100.0,54.0,100.0,371.0,28,28,100.0,0.0,100.0,0.0,200.0,0.0,100.0,6199.0,100.0,39924768520.0,100.0,57374397926.0
2018-12-28,ZJV04J56,ST12000NM0007,12000138625024,0,84,238803096,92.0,0.0,100.0,6.0,100.0,0.0,89.0,817964784.0,93,6279,100.0,0.0,100,6,,,,,100.0,0.0,100.0,0.0,,,72.0,28.0,,,100.0,54.0,100.0,372.0,28,28,100.0,0.0,100.0,0.0,200.0,0.0,100.0,6222.0,100.0,40066526712.0,100.0,57584453406.0
2018-12-29,ZJV04J56,ST12000NM0007,12000138625024,0,78,68113152,92.0,0.0,100.0,6.0,100.0,0.0,89.0,821341628.0,93,6304,100.0,0.0,100,6,,,,,100.0,0.0,100.0,0.0,,,70.0,30.0,,,100.0,54.0,100.0,373.0,30,30,100.0,0.0,100.0,0.0,200.0,0.0,100.0,6247.0,100.0,40166322520.0,100.0,57802248966.0
2018-12-30,ZJV04J56,ST12000NM0007,12000138625024,0,81,136506616,92.0,0.0,100.0,6.0,100.0,0.0,89.0,824984184.0,93,6329,100.0,0.0,100,6,,,,,100.0,0.0,100.0,0.0,,,71.0,29.0,,,100.0,55.0,100.0,374.0,29,29,100.0,0.0,100.0,0.0,200.0,0.0,100.0,6271.0,100.0,40270046528.0,100.0,58011059054.0
2018-12-31,ZJV04J56,ST12000NM0007,12000138625024,0,78,57906704,92.0,0.0,100.0,6.0,100.0,0.0,89.0,827351137.0,93,6353,100.0,0.0,100,6,,,,,100.0,0.0,100.0,0.0,,,72.0,28.0,,,100.0,56.0,100.0,375.0,28,28,100.0,0.0,100.0,0.0,200.0,0.0,100.0,6295.0,100.0,40314066704.0,100.0,58132579638.0
