2018-01-12,ZJV00BWB,ST12000NM0007,12000138625024,0,83,183065312,99,0,100,1,100,0,63,2066929,100,45,100,0,100,1,,,,,100.0,0.0,100.0,0.0,,,80.0,20.0,,,100.0,0.0,100.0,53.0,20,20,100,0,100,0,200,0,100.0,28.0,100.0,645025024.0,100.0,270465266.0
2018-01-13,ZJV00BWB,ST12000NM0007,12000138625024,0,79.0,88305520.0,99.0,0.0,100.0,1.0,100,0,67.0,5559180.0,100,69,100.0,0.0,100,1,,,,,100.0,0.0,100.0,0.0,,,78.0,22.0,,,100.0,0.0,100.0,54.0,22.0,22.0,100.0,0.0,100.0,0.0,200,0,100.0,52.0,100.0,973858584.0,100.0,579294180.0
2018-01-14,ZJV00BWB,ST12000NM0007,12000138625024,0,76.0,40914368.0,99.0,0.0,100.0,1.0,100,0,70.0,9258205.0,100,93,100.0,0.0,100,1,,,,,100.0,0.0,100.0,0.0,,,80.0,20.0,,,100.0,0.0,100.0,55.0,20.0,20.0,100.0,0.0,100.0,0.0,200,0,100.0,76.0,100.0,1340675160.0,100.0,897508796.0
2018-01-15,ZJV00BWB,ST12000NM0007,12000138625024,0,83.0,204919920.0,99.0,0.0,100.0,1.0,100,0,71.0,12898416.0,100,117,100.0,0.0,100,1,,,,,100.0,0.0,100.0,0.0,,,78.0,22.0,,,100.0,0.0,100.0,56.0,22.0,22.0,100.0,0.0,100.0,0.0,200,0,100.0,100.0,100.0,1685847096.0,100.0,1204624164.0
2018-01-16,ZJV00BWB,ST12000NM0007,12000138625024,0,82.0,170947104.0,99.0,0.0,100.0,1.0,100,0,72.0,16810525.0,100,142,100.0,0.0,100,1,,,,,100.0,0.0,100.0,0.0,,,79.0,21.0,,,100.0,0.0,100.0,57.0,21.0,21.0,100.0,0.0,100.0,0.0,200,0,100.0,125.0,100.0,2053542200.0,100.0,1535379044.0
2018-01-17,ZJV00BWB,ST12000NM0007,12000138625024,0,84.0,224938072.0,97.0,0.0,100.0,2.0,100,0,73.0,21185946.0,100,172,100.0,0.0,100,2,,,,,100.0,0.0,100.0,0.0,,,78.0,22.0,,,100.0,0.0,100.0,59.0,22.0,22.0,100.0,0.0,100.0,0.0,200,0,100.0,154.0,100.0,2452081384.0,100.0,1923253222.0
2018-01-18,ZJV00BWB,ST12000NM0007,12000138625024,0,79.0,83159248.0,97.0,0.0,100.0,2.0,100.0,0.0,74.0,23127068.0,100.0,185.0,100.0,0.0,100.0,2.0,,,,,100.0,0.0,100.0,0.0,,,79.0,21.0,,,100.0,0.0,100.0,60.0,21.0,21.0,100.0,0.0,100.0,0.0,200.0,0.0,100.0,167.0,100.0,2622864616.0,100.0,2098972910.0
2018-01-19,ZJV00BWB,ST12000NM0007,12000138625024,0,84.0,230574840.0,97.0,0.0,100.0,2.0,100.0,0.0,74.0,26670860.0,100.0,208.0,100.0,0.0,100.0,2.0,,,,,100.0,0.0,100.0,0.0,,,79.0,21.0,,,100.0,0.0,100.0,61.0,21.0,21.0,100.0,0.0,100.0,0.0,200.0,0.0,100.0,190.0,100.0,2950714200.0,100.0,2406820598.0
2018-01-20,ZJV00BWB,ST12000NM0007,12000138625024,0,100.0,1328320.0,97.0,0.0,100.0,2.0,100,0,75.0,30698352.0,100,233,100.0,0.0,100,2,,,,,100.0,0.0,100.0,0.0,,,80.0,20.0,,,100.0,0.0,100.0,62.0,20.0,20.0,100.0,0.0,100.0,0.0,200,0,100.0,215.0,100.0,3345112008.0,100.0,2759739878.0
2018-01-21,ZJV00BWB,ST12000NM0007,12000138625024,0,82.0,158700536.0,97.0,0.0,100.0,2.0,100,0,75.0,34277612.0,100,256,100.0,0.0,100,2,,,,,100.0,0.0,100.0,0.0,,,79.0,21.0,,,100.0,0.0,100.0,63.0,21.0,21.0,100.0,0.0,100.0,0.0,200,0,100.0,239.0,100.0,3673520848.0,100.0,3076984758.0
2018-01-22,ZJV00BWB,ST12000NM0007,12000138625024,0,79.0,72043504.0,97.0,0.0,100.0,2.0,100,0,76.0,37816718.0,100,280,100.0,0.0,100,2,,,,,100.0,0.0,100.0,0.0,,,79.0,21.0,,,100.0,0.0,100.0,64.0,21.0,21.0,100.0,0.0,100.0,0.0,200,0,100.0,262.0,100.0,3995655968.0,100.0,3400614838.0
2018-01-23,ZJV00BWB,ST12000NM0007,12000138625024,0,75.0,29256552.0,97.0,0.0,100.0,2.0,100,0,76.0,41680102.0,100,305,100.0,0.0,100,2,,,,,100.0,0.0,100.0,0.0,,,79.0,21.0,,,100.0,0.0,100.0,65.0,21.0,21.0,100.0,0.0,100.0,0.0,200,0,100.0,287.0,100.0,4342524056.0,100.0,3743382030.0
2018-01-24,ZJV00BWB,ST12000NM0007,12000138625024,0,83.0,182085376.0,97.0,0.0,100.0,2.0,100,0,77.0,46676052.0,100,337,100.0,0.0,100,2,,,,,100.0,0.0,100.0,0.0,,,78.0,22.0,,,100.0,0.0,100.0,67.0,22.0,22.0,100.0,0.0,100.0,0.0,200,0,100.0,319.0,100.0,4781620072.0,100.0,4189536854.0
2018-01-25,ZJV00BWB,ST12000NM0007,12000138625024,0,82.0,159758768.0,97.0,0.0,100.0,2.0,100,0,77.0,49168236.0,100,353,100.0,0.0,100,2,,,,,100.0,0.0,100.0,0.0,,,79.0,21.0,,,100.0,0.0,100.0,67.0,21.0,21.0,100.0,0.0,100.0,0.0,200,0,100.0,335.0,100.0,4988405064.0,100.0,4448706598.0
2018-01-26,ZJV00BWB,ST12000NM0007,12000138625024,0,81.0,123157912.0,97.0,0.0,100.0,2.0,100,0,77.0,53085260.0,100,378,100.0,0.0,100,2,,,,,100.0,0.0,100.0,0.0,,,79.0,21.0,,,100.0,0.0,100.0,68.0,21.0,21.0,100.0,0.0,100.0,0.0,200,0,100.0,360.0,100.0,5337770976.0,100.0,4795162222.0
2018-01-27,ZJV00BWB,ST12000NM0007,12000138625024,0,77.0,53938936.0,97.0,0.0,100.0,2.0,100,0,78.0,56830854.0,100,402,100.0,0.0,100,2,,,,,100.0,0.0,100.0,0.0,,,79.0,21.0,,,100.0,0.0,100.0,69.0,21.0,21.0,100.0,0.0,100.0,0.0,200,0,100.0,383.0,100.0,5675620280.0,100.0,5120516438.0
2018-01-28,ZJV00BWB,ST12000NM0007,12000138625024,0,84.0,243823448.0,97.0,0.0,100.0,2.0,100,0,78.0,60652146.0,100,426,100.0,0.0,100,2,,,,,100.0,0.0,100.0,0.0,,,79.0,21.0,,,100.0,0.0,100.0,70.0,21.0,21.0,100.0,0.0,100.0,0.0,200,0,100.0,408.0,100.0,6027221664.0,100.0,5447080926.0
2018-01-29,ZJV00BWB,ST12000NM0007,12000138625024,0,82.0,154562208.0,97.0,0.0,100.0,2.0,100,0,78.0,64329851.0,100,449,100.0,0.0,100,2,,,,,100.0,0.0,100.0,0.0,,,80.0,20.0,,,100.0,0.0,100.0,71.0,20.0,20.0,100.0,0.0,100.0,0.0,200,0,100.0,431.0,100.0,6356839536.0,100.0,5760624022.0
2018-01-30,ZJV00BWB,ST12000NM0007,12000138625024,0,80.0,94931224.0,97.0,0.0,100.0,2.0,100,0,78.0,69573348.0,100,482,100.0,0.0,100,2,,,,,100.0,0.0,100.0,0.0,,,79.0,21.0,,,100.0,0.0,100.0,73.0,21.0,21.0,100.0,0.0,100.0,0.0,200,0,100.0,463.0,100.0,6820178624.0,100.0,6214217382.0
2018-01-31,ZJV00BWB,ST12000NM0007,12000138625024,0,77.0,51562536.0,97.0,0.0,100.0,2.0,100.0,0.0,79.0,73521997.0,100.0,507.0,100.0,0.0,100.0,2.0,,,,,100.0,0.0,100.0,0.0,,,78.0,22.0,,,100.0,0.0,100.0,74.0,22.0,22.0,100.0,0.0,100.0,0.0,200.0,0.0,100.0,488.0,100.0,7162022904.0,100.0,6561426526.0
2018-02-01,ZJV00BWB,ST12000NM0007,12000138625024,0,83.0,209379536.0,97.0,0.0,100.0,2.0,100,0,79.0,77223159.0,100,529,100.0,0.0,100,2,,,,,100.0,0.0,100.0,0.0,,,79.0,21.0,,,100.0,0.0,100.0,75.0,21.0,21.0,100.0,0.0,100.0,0.0,200,0,100.0,510.0,100.0,7495388840.0,100.0,6874158966.0
2018-02-02,ZJV00BWB,ST12000NM0007,12000138625024,0,83.0,200259592.0,97.0,0.0,100.0,2.0,100,0,79.0,81382249.0,100,553,100.0,0.0,100,2,,,,,100.0,0.0,100.0,0.0,,,79.0,21.0,,,100.0,0.0,100.0,76.0,21.0,21.0,100.0,0.0,100.0,0.0,200,0,100.0,535.0,100.0,7872527184.0,100.0,7220323070.0
2018-02-03,ZJV00BWB,ST12000NM0007,12000138625024,0,83.0,199002528.0,97.0,0.0,100.0,2.0,100,0,79.0,85600434.0,100,577,100.0,0.0,100,2,,,,,100.0,0.0,100.0,0.0,,,79.0,21.0,,,100.0,0.0,100.0,77.0,21.0,21.0,100.0,0.0,100.0,0.0,200,0,100.0,558.0,100.0,8258962120.0,100.0,7565053286.0
2018-02-04,ZJV00BWB,ST12000NM0007,12000138625024,0,78.0,59800536.0,97.0,0.0,100.0,2.0,100,0,79.0,88949530.0,100,597,100.0,0.0,100,2,,,,,100.0,0.0,100.0,0.0,,,79.0,21.0,,,100.0,0.0,100.0,78.0,21.0,21.0,100.0,0.0,100.0,0.0,200,0,100.0,578.0,100.0,8559566224.0,100.0,7857669910.0
2018-02-05,ZJV00BWB,ST12000NM0007,12000138625024,0,80.0,99330632.0,97.0,0.0,100.0,2.0,100,0,80.0,93267133.0,100,622,100.0,0.0,100,2,,,,,100.0,0.0,100.0,0.0,,,78.0,22.0,,,100.0,0.0,100.0,79.0,22.0,22.0,100.0,0.0,100.0,0.0,200,0,100.0,603.0,100.0,8964579712.0,100.0,8224608846.0
2018-02-06,ZJV00BWB,ST12000NM0007,12000138625024,0,77.0,46241128.0,97.0,0.0,100.0,2.0,100,0,80.0,97199481.0,100,646,100.0,0.0,100,2,,,,,100.0,0.0,100.0,0.0,,,79.0,21.0,,,100.0,0.0,100.0,79.0,21.0,21.0,100.0,0.0,100.0,0.0,200,0,100.0,627.0,100.0,9304565824.0,100.0,8563955606.0
2018-02-07,ZJV00BWB,ST12000NM0007,12000138625024,0,67.0,5251160.0,97.0,0.0,100.0,2.0,100,0,80.0,101205035.0,100,670,100.0,0.0,100,2,,,,,100.0,0.0,100.0,0.0,,,78.0,22.0,,,100.0,0.0,100.0,80.0,22.0,22.0,100.0,0.0,100.0,0.0,200,0,100.0,651.0,100.0,9648364320.0,100.0,8911589774.0
2018-02-08,ZJV00BWB,ST12000NM0007,12000138625024,0,83.0,211162680.0,97.0,0.0,100.0,2.0,100,0,80.0,105218258.0,100,694,100.0,0.0,100,2,,,,,100.0,0.0,100.0,0.0,,,77.0,23.0,,,100.0,0.0,100.0,81.0,23.0,23.0,100.0,0.0,100.0,0.0,200,0,100.0,675.0,100.0,9983103264.0,100.0,9271044150.0
2018-02-09,ZJV00BWB,ST12000NM0007,12000138625024,0,82,168177600,97,0,100,2,100,0,80,109200789,100,719,100,0,100,2,,,,,100.0,0.0,100.0,0.0,,,78.0,22.0,,,100.0,0.0,100.0,83.0,22,22,100,0,100,0,200,0,100.0,699.0,100.0,10332460616.0,100.0,9611124014.0
2018-02-10,ZJV00BWB,ST12000NM0007,12000138625024,0,81.0,128713632.0,97.0,0.0,100.0,2.0,100.0,0.0,81.0,113134498.0,100.0,743.0,100.0,0.0,100.0,2.0,,,,,100.0,0.0,100.0,0.0,,,78.0,22.0,,,100.0,0.0,100.0,84.0,22.0,22.0,100.0,0.0,100.0,0.0,200.0,0.0,100.0,723.0,100.0,10684209568.0,100.0,9952333158.0
2018-02-11,ZJV00BWB,ST12000NM0007,12000138625024,0,77,45297104,97,0,100,2,100,0,81,116847960,100,767,100,0,100,2,,,,,100.0,0.0,100.0,0.0,,,79.0,21.0,,,100.0,0.0,100.0,85.0,21,21,100,0,100,0,200,0,100.0,748.0,100.0,10988333424.0,100.0,10297215230.0
2018-02-12,ZJV00BWB,ST12000NM0007,12000138625024,0,84,241519544,97,0,100,2,100,0,81,120661147,100,792,100,0,100,2,,,,,100.0,0.0,100.0,0.0,,,78.0,22.0,,,100.0,0.0,100.0,85.0,22,22,100,0,100,0,200,0,100.0,772.0,100.0,11320882632.0,100.0,10649169998.0
2018-02-13,ZJV00BWB,ST12000NM0007,12000138625024,0,79,77459184,97,0,100,2,100,0,81,124108030,100,814,100,0,100,2,,,,,100.0,0.0,100.0,0.0,,,78.0,22.0,,,100.0,0.0,100.0,86.0,22,22,100,0,100,0,200,0,100.0,794.0,100.0,11605395376.0,100.0,10933019062.0
2018-02-14,ZJV00BWB,ST12000NM0007,12000138625024,0,100,1049840,97,0,100,2,100,0,81,127941307,100,838,100,0,100,2,,,,,100.0,0.0,100.0,0.0,,,77.0,23.0,,,100.0,0.0,100.0,87.0,23,23,100,0,100,0,200,0,100.0,818.0,100.0,11942412160.0,100.0,11252015734.0
2018-02-15,ZJV00BWB,ST12000NM0007,12000138625024,0,83,216313856,97,0,100,2,100,0,81,131912601,100,863,100,0,100,2,,,,,100.0,0.0,100.0,0.0,,,79.0,21.0,,,100.0,0.0,100.0,88.0,21,21,100,0,100,0,200,0,100.0,843.0,100.0,12280756304.0,100.0,11617216934.0
2018-02-16,ZJV00BWB,ST12000NM0007,12000138625024,0,81,137208344,97,0,100,2,100,0,81,135776160,99,887,100,0,100,2,,,,,100.0,0.0,100.0,0.0,,,78.0,22.0,,,100.0,0.0,100.0,90.0,22,22,100,0,100,0,200,0,100.0,867.0,100.0,12608102680.0,100.0,11943187342.0
2018-02-17,ZJV00BWB,ST12000NM0007,12000138625024,0,74,27554776,97,0,100,2,100,0,81,139451926,99,911,100,0,100,2,,,,,100.0,0.0,100.0,0.0,,,79.0,21.0,,,100.0,0.0,100.0,91.0,21,21,100,0,100,0,200,0,100.0,891.0,100.0,12908346080.0,100.0,12265712542.0
2018-02-18,ZJV00BWB,ST12000NM0007,12000138625024,0,81,114434000,97,0,100,2,100,0,82,142951454,99,936,100,0,100,2,,,,,100.0,0.0,100.0,0.0,,,79.0,21.0,,,100.0,0.0,100.0,92.0,21,21,100,0,100,0,200,0,100.0,915.0,100.0,13193097096.0,100.0,12556122454.0
2018-02-19,ZJV00BWB,ST12000NM0007,12000138625024,0,83,187751320,97,0,100,2,100,0,82,146397326,99,958,100,0,100,2,,,,,100.0,0.0,100.0,0.0,,,79.0,21.0,,,100.0,0.0,100.0,92.0,21,21,100,0,100,0,200,0,100.0,938.0,100.0,13467936672.0,100.0,12842881502.0
2018-02-20,ZJV00BWB,ST12000NM0007,12000138625024,0,80,95726736,97,0,100,2,100,0,82,150202937,99,982,100,0,100,2,,,,,100.0,0.0,100.0,0.0,,,78.0,22.0,,,100.0,0.0,100.0,94.0,22,22,100,0,100,0,200,0,100.0,962.0,100.0,13786087304.0,100.0,13165128766.0
2018-02-21,ZJV00BWB,ST12000NM0007,12000138625024,0,84,230810008,97,0,100,2,100,0,82,153991899,99,1007,100,0,100,2,,,,,100.0,0.0,100.0,0.0,,,78.0,22.0,,,100.0,0.0,100.0,94.0,22,22,100,0,100,0,200,0,100.0,986.0,100.0,14094845160.0,100.0,13479735654.0
2018-02-22,ZJV00BWB,ST12000NM0007,12000138625024,0,80,89792912,97,0,100,2,100,0,82,157626160,99,1031,100,0,100,2,,,,,100.0,0.0,100.0,0.0,,,78.0,22.0,,,100.0,0.0,100.0,95.0,22,22,100,0,100,0,200,0,100.0,1011.0,100.0,14380033520.0,100.0,13785952926.0
2018-02-23,ZJV00BWB,ST12000NM0007,12000138625024,0,83,186523656,97,0,100,2,100,0,82,161107721,99,1054,100,0,100,2,,,,,100.0,0.0,100.0,0.0,,,77.0,23.0,,,100.0,0.0,100.0,96.0,23,23,100,0,100,0,200,0,100.0,1033.0,100.0,14654254936.0,100.0,14096743926.0
2018-02-24,ZJV00BWB,ST12000NM0007,12000138625024,0,82,144806440,97,0,100,2,100,0,82,165058805,99,1078,100,0,100,2,,,,,100.0,0.0,100.0,0.0,,,78.0,22.0,,,100.0,0.0,100.0,97.0,22,22,100,0,100,0,200,0,100.0,1057.0,100.0,14982057584.0,100.0,14459646230.0
2018-02-25,ZJV00BWB,ST12000NM0007,12000138625024,0,78,70670176,97,0,100,2,100,0,82,168832568,99,1102,100,0,100,2,,,,,100.0,0.0,100.0,0.0,,,79.0,21.0,,,100.0,0.0,100.0,98.0,21,21,100,0,100,0,200,0,100.0,1081.0,100.0,15303677008.0,100.0,14796312622.0
2018-02-26,ZJV00BWB,ST12000NM0007,12000138625024,0,83,219930024,97,0,100,2,100,0,82,172577094,99,1126,100,0,100,2,,,,,100.0,0.0,100.0,0.0,,,79.0,21.0,,,100.0,0.0,100.0,99.0,21,21,100,0,100,0,200,0,100.0,1105.0,100.0,15610617528.0,100.0,15126913438.0
2018-02-27,ZJV00BWB,ST12000NM0007,12000138625024,0,82,147922152,97,0,100,2,100,0,82,176408060,99,1151,100,0,100,2,,,,,100.0,0.0,100.0,0.0,,,77.0,23.0,,,100.0,0.0,100.0,100.0,23,23,100,0,100,0,200,0,100.0,1130.0,100.0,15946370120.0,100.0,15451575206.0
2018-02-28,ZJV00BWB,ST12000NM0007,12000138625024,0,77,45244176,97,0,100,2,100,0,83,180168967,99,1175,100,0,100,2,,,,,100.0,0.0,100.0,0.0,,,78.0,22.0,,,100.0,0.0,100.0,101.0,22,22,100,0,100,0,200,0,100.0,1154.0,100.0,16246412680.0,100.0,15781276790.0
2018-03-01,ZJV00BWB,ST12000NM0007,12000138625024,0,80,102156416,97,0,100,2,100,0,83,184421799,99,1202,100,0,100,2,,,,,100.0,0.0,100.0,0.0,,,80.0,20.0,,,100.0,0.0,100.0,103.0,20,20,100,0,100,0,200,0,100.0,1180.0,100.0,16602161560.0,100.0,16214862358.0
2018-03-02,ZJV00BWB,ST12000NM0007,12000138625024,0,83,218066464,97,0,100,2,100,0,83,188056960,99,1224,100,0,100,2,,,,,100.0,0.0,100.0,0.0,,,78.0,22.0,,,100.0,0.0,100.0,103.0,22,22,100,0,100,0,200,0,100.0,1202.0,100.0,16890386456.0,100.0,16530828998.0
2018-03-03,ZJV00BWB,ST12000NM0007,12000138625024,0,80,109387112,97,0,100,2,100,0,83,191732533,99,1248,100,0,100,2,,,,,100.0,0.0,100.0,0.0,,,78.0,22.0,,,100.0,0.0,100.0,104.0,22,22,100,0,100,0,200,0,100.0,1227.0,100.0,17199438120.0,100.0,16845520598.0
2018-03-04,ZJV00BWB,ST12000NM0007,12000138625024,0,82,161002816,97,0,100,2,100,0,83,195268888,99,1273,100,0,100,2,,,,,100.0,0.0,100.0,0.0,,,79.0,21.0,,,100.0,0.0,100.0,105.0,21,21,100,0,100,0,200,0,100.0,1251.0,100.0,17445575848.0,100.0,17139280334.0
2018-03-05,ZJV00BWB,ST12000NM0007,12000138625024,0,81,135550840,97,0,100,2,100,0,83,198389127,99,1297,100,0,100,2,,,,,100.0,0.0,100.0,0.0,,,80.0,20.0,,,100.0,0.0,100.0,106.0,20,20,100,0,100,0,200,0,100.0,1275.0,100.0,17634540328.0,100.0,17413145350.0
2018-03-06,ZJV00BWB,ST12000NM0007,12000138625024,0,83,196869408,97,0,100,2,100,0,83,202126659,99,1323,100,0,100,2,,,,,100.0,0.0,100.0,0.0,,,78.0,22.0,,,100.0,0.0,100.0,108.0,22,22,100,0,100,0,200,0,100.0,1301.0,100.0,17907626264.0,100.0,17689659774.0
2018-03-07,ZJV00BWB,ST12000NM0007,12000138625024,0,76.0,39937416.0,97.0,0.0,100.0,2.0,100.0,0.0,83.0,205731879.0,99.0,1346.0,100.0,0.0,100.0,2.0,,,,,100.0,0.0,100.0,0.0,,,79.0,21.0,,,100.0,0.0,100.0,109.0,21.0,21.0,100.0,0.0,100.0,0.0,200.0,0.0,100.0,1324.0,100.0,18203591744.0,100.0,17969184614.0
2018-03-08,ZJV00BWB,ST12000NM0007,12000138625024,0,75,34955072,97,0,100,2,100,0,83,208748933,99,1366,100,0,100,2,,,,,100.0,0.0,100.0,0.0,,,80.0,20.0,,,100.0,0.0,100.0,109.0,20,20,100,0,100,0,200,0,100.0,1344.0,100.0,18424665304.0,100.0,18231410438.0
2018-03-09,ZJV00BWB,ST12000NM0007,12000138625024,0,79,79738240,97,0,100,2,100,0,83,212217584,99,1390,100,0,100,2,,,,,100.0,0.0,100.0,0.0,,,79.0,21.0,,,100.0,0.0,100.0,110.0,21,21,100,0,100,0,200,0,100.0,1368.0,100.0,18667464616.0,100.0,18521675806.0
2018-03-10,ZJV00BWB,ST12000NM0007,12000138625024,0,80,91650544,97,0,100,2,100,0,83,215746869,99,1414,100,0,100,2,,,,,100.0,0.0,100.0,0.0,,,79.0,21.0,,,100.0,0.0,100.0,111.0,21,21,100,0,100,0,200,0,100.0,1392.0,100.0,18916806552.0,100.0,18772527822.0
2018-03-11,ZJV00BWB,ST12000NM0007,12000138625024,0,82,145944768,97,0,100,2,100,0,83,219293414,99,1437,100,0,100,2,,,,,100.0,0.0,100.0,0.0,,,79.0,21.0,,,100.0,0.0,100.0,112.0,21,21,100,0,100,0,200,0,100.0,1415.0,100.0,19178903744.0,100.0,19053006582.0
2018-03-12,ZJV00BWB,ST12000NM0007,12000138625024,0,82,164587136,97,0,100,2,100,0,83,222731401,99,1462,100,0,100,2,,,,,100.0,0.0,100.0,0.0,,,80.0,20.0,,,100.0,0.0,100.0,113.0,20,20,100,0,100,0,200,0,100.0,1439.0,100.0,19402571056.0,100.0,19336263326.0
2018-03-13,ZJV00BWB,ST12000NM0007,12000138625024,0,83,185208648,97,0,100,2,100,0,84,226137885,99,1485,100,0,100,2,,,,,100.0,0.0,100.0,0.0,,,78.0,22.0,,,100.0,0.0,100.0,114.0,22,22,100,0,100,0,200,0,100.0,1463.0,100.0,19618399392.0,100.0,19629337870.0
2018-03-14,ZJV00BWB,ST12000NM0007,12000138625024,0,76,36510464,97,0,100,2,100,0,84,229935863,99,1510,100,0,100,2,,,,,100.0,0.0,100.0,0.0,,,79.0,21.0,,,100.0,0.0,100.0,115.0,21,21,100,0,100,0,200,0,100.0,1487.0,100.0,19900384696.0,100.0,19931076990.0
2018-03-15,ZJV00BWB,ST12000NM0007,12000138625024,0,82,144764192,97,0,100,2,100,0,84,233853024,99,1536,100,0,100,2,,,,,100.0,0.0,100.0,0.0,,,79.0,21.0,,,100.0,0.0,100.0,116.0,21,21,100,0,100,0,200,0,100.0,1513.0,100.0,20183914504.0,100.0,20244082470.0
2018-03-16,ZJV00BWB,ST12000NM0007,12000138625024,0,83.0,187692880.0,97.0,0.0,100.0,2.0,100.0,0.0,84.0,237492618.0,99.0,1561.0,100.0,0.0,100.0,2.0,,,,,100.0,0.0,100.0,0.0,,,79.0,21.0,,,100.0,0.0,100.0,118.0,21.0,21.0,100.0,0.0,100.0,0.0,200.0,0.0,100.0,1538.0,100.0,20444748696.0,100.0,20514458702.0
2018-03-17,ZJV00BWB,ST12000NM0007,12000138625024,0,83,211358376,97,0,100,2,100,0,84,240990717,99,1585,100,0,100,2,,,,,100.0,0.0,100.0,0.0,,,78.0,22.0,,,100.0,0.0,100.0,119.0,22,22,100,0,100,0,200,0,100.0,1561.0,100.0,20707290232.0,100.0,20763863942.0
2018-03-18,ZJV00BWB,ST12000NM0007,12000138625024,0,83,221725648,97,0,100,2,100,0,84,244404976,99,1608,100,0,100,2,,,,,100.0,0.0,100.0,0.0,,,79.0,21.0,,,100.0,0.0,100.0,120.0,21,21,100,0,100,0,200,0,100.0,1585.0,100.0,20939011600.0,100.0,21030791326.0
2018-03-19,ZJV00BWB,ST12000NM0007,12000138625024,0,82,173500368,97,0,100,2,100,0,84,247718999,99,1632,100,0,100,2,,,,,100.0,0.0,100.0,0.0,,,79.0,21.0,,,100.0,0.0,100.0,121.0,21,21,100,0,100,0,200,0,100.0,1608.0,100.0,21142986512.0,100.0,21266872502.0
2018-03-20,ZJV00BWB,ST12000NM0007,12000138625024,0,84,240241104,97,0,100,2,100,0,84,251492801,99,1657,100,0,100,2,,,,,100.0,0.0,100.0,0.0,,,80.0,20.0,,,100.0,0.0,100.0,122.0,20,20,100,0,100,0,200,0,100.0,1633.0,100.0,21424962952.0,100.0,21539918198.0
2018-03-21,ZJV00BWB,ST12000NM0007,12000138625024,0,84,233988976,97,0,100,2,100,0,84,254891450,99,1680,100,0,100,2,,,,,100.0,0.0,100.0,0.0,,,79.0,21.0,,,100.0,0.0,100.0,123.0,21,21,100,0,100,0,200,0,100.0,1656.0,100.0,21673645424.0,100.0,21773265206.0
2018-03-22,ZJV00BWB,ST12000NM0007,12000138625024,0,100,516240,97,0,100,2,100,0,84,258381794,99,1704,100,0,100,2,,,,,100.0,0.0,100.0,0.0,,,78.0,22.0,,,100.0,0.0,100.0,124.0,22,22,100,0,100,0,200,0,100.0,1680.0,100.0,21910333840.0,100.0,22035526454.0
2018-03-23,ZJV00BWB,ST12000NM0007,12000138625024,0,83,222075216,97,0,100,2,100,0,84,261808767,99,1729,100,0,100,2,,,,,100.0,0.0,100.0,0.0,,,79.0,21.0,,,100.0,0.0,100.0,125.0,21,21,100,0,100,0,200,0,100.0,1705.0,100.0,22131319224.0,100.0,22280240718.0
2018-03-24,ZJV00BWB,ST12000NM0007,12000138625024,0,83,189689168,97,0,100,2,100,0,84,265028554,98,1752,100,0,100,2,,,,,100.0,0.0,100.0,0.0,,,79.0,21.0,,,100.0,0.0,100.0,126.0,21,21,100,0,100,0,200,0,100.0,1728.0,100.0,22358200504.0,100.0,22509254902.0
2018-03-25,ZJV00BWB,ST12000NM0007,12000138625024,0,100,1254952,97,0,100,2,100,0,84,268657753,98,1776,100,0,100,2,,,,,100.0,0.0,100.0,0.0,,,79.0,21.0,,,100.0,0.0,100.0,127.0,21,21,100,0,100,0,200,0,100.0,1752.0,100.0,22614685288.0,100.0,22796757950.0
2018-03-26,ZJV00BWB,ST12000NM0007,12000138625024,0,74,27470688,97,0,100,2,100,0,84,272209846,98,1800,100,0,100,2,,,,,100.0,0.0,100.0,0.0,,,79.0,21.0,,,100.0,0.0,100.0,128.0,21,21,100,0,100,0,200,0,100.0,1776.0,100.0,22869435728.0,100.0,23056504814.0
2018-03-27,ZJV00BWB,ST12000NM0007,12000138625024,0,74,23278736,97,0,100,2,100,0,84,275624347,98,1824,100,0,100,2,,,,,100.0,0.0,100.0,0.0,,,79.0,21.0,,,100.0,0.0,100.0,129.0,21,21,100,0,100,0,200,0,100.0,1800.0,100.0,23061164976.0,100.0,23348865086.0
2018-03-28,ZJV00BWB,ST12000NM0007,12000138625024,0,75,30272600,97,0,100,2,100,0,84,279144454,98,1848,100,0,100,2,,,,,100.0,0.0,100.0,0.0,,,81.0,19.0,,,100.0,0.0,100.0,130.0,19,19,100,0,100,0,200,0,100.0,1824.0,100.0,23300224888.0,100.0,23605080438.0
2018-03-29,ZJV00BWB,ST12000NM0007,12000138625024,0,80,93640568,97,0,100,2,100,0,85,282806530,98,1872,100,0,100,2,,,,,100.0,0.0,100.0,0.0,,,80.0,20.0,,,100.0,0.0,100.0,131.0,20,20,100,0,100,0,200,0,100.0,1847.0,100.0,23558379872.0,100.0,23898574934.0
2018-03-30,ZJV00BWB,ST12000NM0007,12000138625024,0,79,83155752,97,0,100,2,100,0,85,286360424,98,1896,100,0,100,2,,,,,100.0,0.0,100.0,0.0,,,80.0,20.0,,,100.0,0.0,100.0,132.0,20,20,100,0,100,0,200,0,100.0,1872.0,100.0,23797116904.0,100.0,24137635006.0
2018-03-31,ZJV00BWB,ST12000NM0007,12000138625024,0,79,84466248,97,0,100,2,100,0,85,290017246,98,1921,100,0,100,2,,,,,100.0,0.0,100.0,0.0,,,80.0,20.0,,,100.0,0.0,100.0,133.0,20,20,100,0,100,0,200,0,100.0,1896.0,100.0,24038525920.0,100.0,24385817902.0
2018-04-01,ZJV00BWB,ST12000NM0007,12000138625024,0,82,149525096,97,0,100,2,100,0,85,292833542,98,1943,100,0,100,2,,,,,100.0,0.0,100.0,0.0,,,79.0,21.0,,,100.0,0.0,100.0,134.0,21,21,100,0,100,0,200,0,100.0,1918.0,100.0,24158158984.0,100.0,24575384454.0
2018-04-02,ZJV00BWB,ST12000NM0007,12000138625024,0,81,115268792,97,0,100,2,100,0,85,296573581,98,1969,100,0,100,2,,,,,100.0,0.0,100.0,0.0,,,80.0,20.0,,,100.0,0.0,100.0,135.0,20,20,100,0,100,0,200,0,100.0,1944.0,100.0,24371322320.0,100.0,24816246358.0
2018-04-03,ZJV00BWB,ST12000NM0007,12000138625024,0,81,123330498,97,0,100,3,100,0,85,300541120,98,1996,100,0,100,2,,,,,100.0,0.0,100.0,0.0,,,79.0,21.0,,,100.0,0.0,100.0,138.0,21,21,100,0,100,0,200,0,100.0,1971.0,100.0,24602627864.0,100.0,25081283856.0
2018-04-04,ZJV00BWB,ST12000NM0007,12000138625024,0,84,227203656,97,0,100,3,100,0,85,303638688,98,2020,100,0,100,2,,,,,100.0,0.0,100.0,0.0,,,79.0,21.0,,,100.0,0.0,100.0,139.0,21,21,100,0,100,0,200,0,100.0,1994.0,100.0,24751874712.0,100.0,25280050936.0
2018-04-05,ZJV00BWB,ST12000NM0007,12000138625024,0,82,174941144,97,0,100,3,100,0,85,307099288,98,2043,100,0,100,2,,,,,100.0,0.0,100.0,0.0,,,79.0,21.0,,,100.0,0.0,100.0,140.0,21,21,100,0,100,0,200,0,100.0,2018.0,100.0,24942063760.0,100.0,25525880976.0
2018-04-06,ZJV00BWB,ST12000NM0007,12000138625024,0,77,52715768,97,0,100,3,100,0,85,310226114,98,2068,100,0,100,2,,,,,100.0,0.0,100.0,0.0,,,79.0,21.0,,,100.0,0.0,100.0,141.0,21,21,100,0,100,0,200,0,100.0,2042.0,100.0,25083786176.0,100.0,25750214712.0
2018-04-07,ZJV00BWB,ST12000NM0007,12000138625024,0,81.0,136514016.0,97.0,0.0,100.0,3.0,100.0,0.0,85.0,312736247.0,98.0,2090.0,100.0,0.0,100.0,2.0,,,,,100.0,0.0,100.0,0.0,,,79.0,21.0,,,100.0,0.0,100.0,142.0,21.0,21.0,100.0,0.0,100.0,0.0,200.0,0.0,100.0,2065.0,100.0,25185895680.0,100.0,25976044184.0
2018-04-08,ZJV00BWB,ST12000NM0007,12000138625024,0,79,71116448,97,0,100,3,100,0,85,316132544,98,2115,100,0,100,2,,,,,100.0,0.0,100.0,0.0,,,79.0,21.0,,,100.0,0.0,100.0,143.0,21,21,100,0,100,0,200,0,100.0,2090.0,100.0,25388815440.0,100.0,26196008376.0
2018-04-09,ZJV00BWB,ST12000NM0007,12000138625024,0,80,93391576,97,0,100,3,100,0,85,320053083,98,2140,100,0,100,2,,,,,100.0,0.0,100.0,0.0,,,78.0,22.0,,,100.0,0.0,100.0,144.0,22,22,100,0,100,0,200,0,100.0,2114.0,100.0,25595612736.0,100.0,26499767576.0
2018-04-10,ZJV00BWB,ST12000NM0007,12000138625024,0,84,231343016,97,0,100,3,100,0,85,323191934,98,2164,100,0,100,2,,,,,100.0,0.0,100.0,0.0,,,79.0,21.0,,,100.0,1.0,100.0,145.0,21,21,100,0,100,0,200,0,100.0,2138.0,100.0,25745727384.0,100.0,26731747080.0
2018-04-11,ZJV00BWB,ST12000NM0007,12000138625024,0,81,123077368,97,0,100,3,100,0,85,326445536,98,2188,100,0,100,2,,,,,100.0,0.0,100.0,0.0,,,79.0,21.0,,,100.0,1.0,100.0,146.0,21,21,100,0,100,0,200,0,100.0,2162.0,100.0,25908510616.0,100.0,26948979592.0
2018-04-12,ZJV00BWB,ST12000NM0007,12000138625024,0,78,56788560,97,0,100,3,100,0,85,329573716,98,2208,100,0,100,2,,,,,100.0,0.0,100.0,0.0,,,79.0,21.0,,,100.0,1.0,100.0,148.0,21,21,100,0,100,0,200,0,100.0,2182.0,100.0,26077321456.0,100.0,27202161480.0
2018-04-13,ZJV00BWB,ST12000NM0007,12000138625024,0,69,8563064,97,0,100,3,100,0,85,332943052,98,2231,100,0,100,2,,,,,100.0,0.0,100.0,0.0,,,79.0,21.0,,,100.0,1.0,100.0,149.0,21,21,100,0,100,0,200,0,100.0,2205.0,100.0,26268061576.0,100.0,27451477208.0
2018-04-14,ZJV00BWB,ST12000NM0007,12000138625024,0,83,223729856,97,0,100,3,100,0,85,336566400,98,2256,100,0,100,2,,,,,100.0,0.0,100.0,0.0,,,79.0,21.0,,,100.0,1.0,100.0,150.0,21,21,100,0,100,0,200,0,100.0,2229.0,100.0,26460370528.0,100.0,27718475792.0
2018-04-15,ZJV00BWB,ST12000NM0007,12000138625024,0,82,161144464,97,0,100,3,100,0,85,339838714,98,2279,100,0,100,2,,,,,100.0,0.0,100.0,0.0,,,79.0,21.0,,,100.0,1.0,100.0,151.0,21,21,100,0,100,0,200,0,100.0,2253.0,100.0,26656165000.0,100.0,27948377704.0
2018-04-16,ZJV00BWB,ST12000NM0007,12000138625024,0,79,72015192,97,0,100,3,100,0,85,343073920,98,2303,100,0,100,2,,,,,100.0,0.0,100.0,0.0,,,79.0,21.0,,,100.0,1.0,100.0,152.0,21,21,100,0,100,0,200,0,100.0,2277.0,100.0,26822803008.0,100.0,28180891728.0
2018-04-17,ZJV00BWB,ST12000NM0007,12000138625024,0,83,178944296,97,0,100,3,100,0,85,345960304,98,2328,100,0,100,2,,,,,100.0,0.0,100.0,0.0,,,79.0,21.0,,,100.0,1.0,100.0,153.0,21,21,100,0,100,0,200,0,100.0,2301.0,100.0,26958336584.0,100.0,28396427888.0
2018-04-18,ZJV00BWB,ST12000NM0007,12000138625024,0,83,212906352,97,0,100,3,100,0,85,349583220,98,2351,100,0,100,2,,,,,100.0,0.0,100.0,0.0,,,79.0,21.0,,,100.0,1.0,100.0,154.0,21,21,100,0,100,0,200,0,100.0,2324.0,100.0,27207203144.0,100.0,28669804728.0
2018-04-19,ZJV00BWB,ST12000NM0007,12000138625024,0,84,225610024,97,0,100,3,100,0,85,353387681,98,2376,100,0,100,2,,,,,100.0,0.0,100.0,0.0,,,79.0,21.0,,,100.0,1.0,100.0,155.0,21,21,100,0,100,0,200,0,100.0,2349.0,100.0,27431869608.0,100.0,28946123368.0
2018-04-20,ZJV00BWB,ST12000NM0007,12000138625024,0,82,162446136,97,0,100,3,100,0,86,356743948,98,2399,100,0,100,2,,,,,100.0,0.0,100.0,0.0,,,79.0,21.0,,,100.0,1.0,100.0,156.0,21,21,100,0,100,0,200,0,100.0,2372.0,100.0,27630653912.0,100.0,29172456744.0
2018-04-21,ZJV00BWB,ST12000NM0007,12000138625024,0,80,107706224,97,0,100,3,100,0,86,360240371,98,2424,100,0,100,2,,,,,100.0,0.0,100.0,0.0,,,78.0,22.0,,,100.0,1.0,100.0,157.0,22,22,100,0,100,0,200,0,100.0,2397.0,100.0,27846168720.0,100.0,29390483400.0
2018-04-22,ZJV00BWB,ST12000NM0007,12000138625024,0,76,37577680,97,0,100,3,100,0,86,363589441,98,2448,100,0,100,2,,,,,100.0,0.0,100.0,0.0,,,79.0,21.0,,,100.0,1.0,100.0,158.0,21,21,100,0,100,0,200,0,100.0,2421.0,100.0,28029740608.0,100.0,29625064512.0
2018-04-23,ZJV00BWB,ST12000NM0007,12000138625024,0,64,2642208,97,0,100,3,100,0,86,367172186,98,2472,100,0,100,2,,,,,100.0,0.0,100.0,0.0,,,76.0,24.0,,,100.0,1.0,100.0,159.0,24,24,100,0,100,0,200,0,100.0,2445.0,100.0,28230349944.0,100.0,29877801632.0
2018-04-24,ZJV00BWB,ST12000NM0007,12000138625024,0,83,203084696,97,0,100,3,100,0,86,370788895,98,2496,100,0,100,2,,,,,100.0,0.0,100.0,0.0,,,78.0,22.0,,,100.0,1.0,100.0,160.0,22,22,100,0,100,0,200,0,100.0,2468.0,100.0,28420560152.0,100.0,30132174664.0
2018-04-25,ZJV00BWB,ST12000NM0007,12000138625024,0,81,134468832,97,0,100,3,100,0,86,374309079,98,2521,100,0,100,2,,,,,100.0,0.0,100.0,0.0,,,78.0,22.0,,,100.0,1.0,100.0,161.0,22,22,100,0,100,0,200,0,100.0,2493.0,100.0,28615030456.0,100.0,30357370064.0
2018-04-26,ZJV00BWB,ST12000NM0007,12000138625024,0,78,67595640,97,0,100,3,100,0,86,377951234,98,2546,100,0,100,2,,,,,100.0,0.0,100.0,0.0,,,78.0,22.0,,,100.0,1.0,100.0,162.0,22,22,100,0,100,0,200,0,100.0,2518.0,100.0,28801441760.0,100.0,30592366840.0
2018-04-27,ZJV00BWB,ST12000NM0007,12000138625024,0,83,199867536,97,0,100,3,100,0,86,381257522,98,2570,100,0,100,2,,,,,100.0,0.0,100.0,0.0,,,79.0,21.0,,,100.0,1.0,100.0,163.0,21,21,100,0,100,0,200,0,100.0,2542.0,100.0,28966888144.0,100.0,30803333376.0
2018-04-28,ZJV00BWB,ST12000NM0007,12000138625024,0,81,114650424,97,0,100,3,100,0,86,384643231,98,2593,100,0,100,2,,,,,100.0,0.0,100.0,0.0,,,79.0,21.0,,,100.0,1.0,100.0,164.0,21,21,100,0,100,0,200,0,100.0,2565.0,100.0,29122172056.0,100.0,31051113656.0
2018-04-29,ZJV00BWB,ST12000NM0007,12000138625024,0,83,217740184,97,0,100,3,100,0,86,387629322,98,2617,100,0,100,2,,,,,100.0,0.0,100.0,0.0,,,79.0,21.0,,,100.0,1.0,100.0,165.0,21,21,100,0,100,0,200,0,100.0,2589.0,100.0,29250597248.0,100.0,31269919072.0
2018-04-30,ZJV00BWB,ST12000NM0007,12000138625024,0,79,73690080,97,0,100,3,100,0,86,390713171,97,2642,100,0,100,2,,,,,100.0,0.0,100.0,0.0,,,80.0,20.0,,,100.0,1.0,100.0,166.0,20,20,100,0,100,0,200,0,100.0,2614.0,100.0,29356332376.0,100.0,31508415488.0
2018-05-01,ZJV00BWB,ST12000NM0007,12000138625024,0,81,134919800,97,0,100,3,100,0,86,393594645,97,2666,100,0,100,2,,,,,100.0,0.0,100.0,0.0,,,79.0,21.0,,,100.0,1.0,100.0,167.0,21,21,100,0,100,0,200,0,100.0,2637.0,100.0,29469337136.0,100.0,31700781456.0
2018-05-02,ZJV00BWB,ST12000NM0007,12000138625024,0,84.0,243912216.0,97.0,0.0,100.0,3.0,100.0,0.0,86.0,396802424.0,97.0,2690.0,100.0,0.0,100.0,2.0,,,,,100.0,0.0,100.0,0.0,,,79.0,21.0,,,100.0,1.0,100.0,168.0,21.0,21.0,100.0,0.0,100.0,0.0,200.0,0.0,100.0,2661.0,100.0,29610590832.0,100.0,31912661168.0
2018-05-03,ZJV00BWB,ST12000NM0007,12000138625024,0,78,63468376,97,0,100,3,100,0,86,399437742,97,2711,100,0,100,2,,,,,100.0,0.0,100.0,0.0,,,78.0,22.0,,,100.0,1.0,100.0,169.0,22,22,100,0,100,0,200,0,100.0,2683.0,100.0,29721490040.0,100.0,32109599504.0
2018-05-04,ZJV00BWB,ST12000NM0007,12000138625024,0,83,217278112,97,0,100,3,100,0,86,403264012,97,2736,100,0,100,2,,,,,100.0,0.0,100.0,0.0,,,78.0,22.0,,,100.0,1.0,100.0,170.0,22,22,100,0,100,0,200,0,100.0,2708.0,100.0,29875793408.0,100.0,32353246560.0
2018-05-05,ZJV00BWB,ST12000NM0007,12000138625024,0,78,67307408,97,0,100,3,100,0,86,406340987,97,2760,100,0,100,2,,,,,100.0,0.0,100.0,0.0,,,79.0,21.0,,,100.0,1.0,100.0,171.0,21,21,100,0,100,0,200,0,100.0,2731.0,100.0,30024684440.0,100.0,32542666304.0
2018-05-06,ZJV00BWB,ST12000NM0007,12000138625024,0,81,139269624,97,0,100,3,100,0,86,409165964,97,2783,100,0,100,2,,,,,100.0,0.0,100.0,0.0,,,79.0,21.0,,,100.0,1.0,100.0,172.0,21,21,100,0,100,0,200,0,100.0,2754.0,100.0,30156209000.0,100.0,32727244824.0
2018-05-07,ZJV00BWB,ST12000NM0007,12000138625024,0,84,239999952,97,0,100,3,100,0,86,412210479,97,2808,100,0,100,2,,,,,100.0,0.0,100.0,0.0,,,79.0,21.0,,,100.0,1.0,100.0,173.0,21,21,100,0,100,0,200,0,100.0,2779.0,100.0,30292057648.0,100.0,32936267200.0
2018-05-08,ZJV00BWB,ST12000NM0007,12000138625024,0,79,80835000,97,0,100,3,100,0,86,415105656,97,2831,100,0,100,2,,,,,100.0,0.0,100.0,0.0,,,78.0,22.0,,,100.0,1.0,100.0,174.0,22,22,100,0,100,0,200,0,100.0,2802.0,100.0,30428994760.0,100.0,33128446784.0
2018-05-09,ZJV00BWB,ST12000NM0007,12000138625024,0,83,216835976,97,0,100,3,100,0,86,418294555,97,2856,100,0,100,2,,,,,100.0,0.0,100.0,0.0,,,79.0,21.0,,,100.0,2.0,100.0,175.0,21,21,100,0,100,0,200,0,100.0,2826.0,100.0,30570634984.0,100.0,33366948352.0
2018-05-10,ZJV00BWB,ST12000NM0007,12000138625024,0,80,109508200,97,0,100,3,100,0,86,421775473,97,2881,100,0,100,2,,,,,100.0,0.0,100.0,0.0,,,79.0,21.0,,,100.0,2.0,100.0,176.0,21,21,100,0,100,0,200,0,100.0,2852.0,100.0,30711751176.0,100.0,33606786152.0
2018-05-11,ZJV00BWB,ST12000NM0007,12000138625024,0,81,137595192,97,0,100,3,100,0,86,424560187,97,2904,100,0,100,2,,,,,100.0,0.0,100.0,0.0,,,79.0,21.0,,,100.0,2.0,100.0,177.0,21,21,100,0,100,0,200,0,100.0,2875.0,100.0,30816310480.0,100.0,33774454584.0
2018-05-12,ZJV00BWB,ST12000NM0007,12000138625024,0,83,211632264,97,0,100,3,100,0,86,427533502,97,2928,100,0,100,2,,,,,100.0,0.0,100.0,0.0,,,80.0,20.0,,,100.0,2.0,100.0,178.0,20,20,100,0,100,0,200,0,100.0,2899.0,100.0,30946502176.0,100.0,33962440648.0
2018-05-13,ZJV00BWB,ST12000NM0007,12000138625024,0,71,13108448,97,0,100,3,100,0,86,430284660,97,2952,100,0,100,2,,,,,100.0,0.0,100.0,0.0,,,79.0,21.0,,,100.0,2.0,100.0,179.0,21,21,100,0,100,0,200,0,100.0,2923.0,100.0,31044533184.0,100.0,34154167432.0
2018-05-14,ZJV00BWB,ST12000NM0007,12000138625024,0,80,89130288,97,0,100,3,100,0,86,433182670,97,2976,100,0,100,2,,,,,100.0,0.0,100.0,0.0,,,80.0,20.0,,,100.0,3.0,100.0,180.0,20,20,100,0,100,0,200,0,100.0,2946.0,100.0,31156037128.0,100.0,34362826248.0
2018-05-15,ZJV00BWB,ST12000NM0007,12000138625024,0,83.0,192171152.0,97.0,0.0,100.0,3.0,100.0,0.0,86.0,436663568.0,97.0,3000.0,100.0,0.0,100.0,2.0,,,,,100.0,0.0,100.0,0.0,,,78.0,22.0,,,100.0,3.0,100.0,181.0,22.0,22.0,100.0,0.0,100.0,0.0,200.0,0.0,100.0,2970.0,100.0,31297300536.0,100.0,34568744368.0
2018-05-16,ZJV00BWB,ST12000NM0007,12000138625024,0,76,42413336,97,0,100,3,100,0,86,439662392,97,3025,100,0,100,2,,,,,100.0,0.0,100.0,0.0,,,80.0,20.0,,,100.0,3.0,100.0,182.0,20,20,100,0,100,0,200,0,100.0,2995.0,100.0,31418952056.0,100.0,34785616304.0
2018-05-17,ZJV00BWB,ST12000NM0007,12000138625024,0,78,64746848,97,0,100,3,100,0,86,442067855,97,3047,100,0,100,2,,,,,100.0,0.0,100.0,0.0,,,80.0,20.0,,,100.0,3.0,100.0,184.0,20,20,100,0,100,0,200,0,100.0,3017.0,100.0,31492085608.0,100.0,34978957016.0
2018-05-18,ZJV00BWB,ST12000NM0007,12000138625024,0,79,83070960,97,0,100,3,100,0,86,444563187,97,3072,100,0,100,2,,,,,100.0,0.0,100.0,0.0,,,80.0,20.0,,,100.0,3.0,100.0,185.0,20,20,100,0,100,0,200,0,100.0,3041.0,100.0,31577577408.0,100.0,35155930456.0
2018-05-19,ZJV00BWB,ST12000NM0007,12000138625024,0,82,144772136,97,0,100,3,100,0,87,447402784,97,3096,100,0,100,2,,,,,100.0,0.0,100.0,0.0,,,80.0,20.0,,,100.0,3.0,100.0,186.0,20,20,100,0,100,0,200,0,100.0,3065.0,100.0,31682681608.0,100.0,35356668104.0
2018-05-20,ZJV00BWB,ST12000NM0007,12000138625024,0,73,21392728,97,0,100,3,100,0,87,450364212,97,3120,100,0,100,2,,,,,100.0,0.0,100.0,0.0,,,79.0,21.0,,,100.0,4.0,100.0,187.0,21,21,100,0,100,0,200,0,100.0,3089.0,100.0,31807733192.0,100.0,35596518912.0
2018-05-21,ZJV00BWB,ST12000NM0007,12000138625024,0,80,90371040,97,0,100,3,100,0,87,453159911,97,3143,100,0,100,2,,,,,100.0,0.0,100.0,0.0,,,80.0,20.0,,,100.0,4.0,100.0,188.0,20,20,100,0,100,0,200,0,100.0,3112.0,100.0,31925919560.0,100.0,35791451568.0
2018-05-22,ZJV00BWB,ST12000NM0007,12000138625024,0,82,160461016,97,0,100,3,100,0,87,456166886,97,3168,100,0,100,2,,,,,100.0,0.0,100.0,0.0,,,80.0,20.0,,,100.0,4.0,100.0,189.0,20,20,100,0,100,0,200,0,100.0,3137.0,100.0,32058384248.0,100.0,35973217536.0
2018-05-23,ZJV00BWB,ST12000NM0007,12000138625024,0,83,189576984,97,0,100,3,100,0,87,458624998,97,3192,100,0,100,2,,,,,100.0,0.0,100.0,0.0,,,79.0,21.0,,,100.0,5.0,100.0,190.0,21,21,100,0,100,0,200,0,100.0,3161.0,100.0,32149396504.0,100.0,36155461960.0
2018-05-24,ZJV00BWB,ST12000NM0007,12000138625024,0,76,42138056,97,0,100,3,100,0,87,461630831,97,3216,100,0,100,2,,,,,100.0,0.0,100.0,0.0,,,79.0,21.0,,,100.0,6.0,100.0,191.0,21,21,100,0,100,0,200,0,100.0,3185.0,100.0,32266007808.0,100.0,36379693352.0
2018-05-25,ZJV00BWB,ST12000NM0007,12000138625024,0,76,37484848,97,0,100,3,100,0,87,463756050,97,3237,100,0,100,2,,,,,100.0,0.0,100.0,0.0,,,78.0,22.0,,,100.0,6.0,100.0,192.0,22,22,100,0,100,0,200,0,100.0,3206.0,100.0,32340512056.0,100.0,36544676600.0
2018-05-26,ZJV00BWB,ST12000NM0007,12000138625024,0,82,146884176,97,0,100,3,100,0,87,467115510,97,3262,100,0,100,2,,,,,100.0,0.0,100.0,0.0,,,80.0,20.0,,,100.0,7.0,100.0,193.0,20,20,100,0,100,0,200,0,100.0,3230.0,100.0,32445462968.0,100.0,36793265720.0
2018-05-27,ZJV00BWB,ST12000NM0007,12000138625024,0,100,2078520,97,0,100,3,100,0,87,470589533,97,3292,100,0,100,2,,,,,100.0,0.0,100.0,0.0,,,80.0,20.0,,,100.0,7.0,100.0,194.0,20,20,100,0,100,0,200,0,100.0,3261.0,100.0,32552547368.0,100.0,37029657080.0
2018-05-28,ZJV00BWB,ST12000NM0007,12000138625024,0,68,6147400,97,0,100,3,100,0,87,473199301,97,3317,100,0,100,2,,,,,100.0,0.0,100.0,0.0,,,79.0,21.0,,,100.0,8.0,100.0,195.0,21,21,100,0,100,0,200,0,100.0,3285.0,100.0,32641019984.0,100.0,37189394016.0
2018-05-29,ZJV00BWB,ST12000NM0007,12000138625024,0,74,24323592,97,0,100,3,100,0,87,475961766,97,3340,100,0,100,2,,,,,100.0,0.0,100.0,0.0,,,79.0,21.0,,,100.0,9.0,100.0,196.0,21,21,100,0,100,0,200,0,100.0,3309.0,100.0,32748729456.0,100.0,37344001424.0
2018-05-30,ZJV00BWB,ST12000NM0007,12000138625024,0,76,38399224,97,0,100,3,100,0,87,478694936,97,3365,100,0,100,2,,,,,100.0,0.0,100.0,0.0,,,79.0,21.0,,,100.0,9.0,100.0,197.0,21,21,100,0,100,0,200,0,100.0,3333.0,100.0,32839345896.0,100.0,37511601424.0
2018-05-31,ZJV00BWB,ST12000NM0007,12000138625024,0,100,147504,97,0,100,3,100,0,87,480919997,97,3385,100,0,100,2,,,,,100.0,0.0,100.0,0.0,,,79.0,21.0,,,100.0,10.0,100.0,199.0,21,21,100,0,100,0,200,0,100.0,3353.0,100.0,32910923760.0,100.0,37645912664.0
2018-06-01,ZJV00BWB,ST12000NM0007,12000138625024,0,84,242329192,97,0,100,3,100,0,87,484569046,97,3409,100,0,100,2,,,,,100.0,0.0,100.0,0.0,,,78.0,22.0,,,100.0,10.0,100.0,200.0,22,22,100,0,100,0,200,0,100.0,3377.0,100.0,32980901624.0,100.0,38062257136.0
2018-06-02,ZJV00BWB,ST12000NM0007,12000138625024,0,81,137550624,97,0,100,3,100,0,87,492729556,97,3433,100,0,100,2,,,,,100.0,0.0,100.0,0.0,,,78.0,22.0,,,100.0,10.0,100.0,201.0,22,22,100,0,100,0,200,0,100.0,3401.0,100.0,32996518008.0,100.0,40383270072.0
2018-06-03,ZJV00BWB,ST12000NM0007,12000138625024,0,80,90414368,97,0,100,3,100,0,87,500517617,97,3457,100,0,100,2,,,,,100.0,0.0,100.0,0.0,,,78.0,22.0,,,100.0,10.0,100.0,202.0,22,22,100,0,100,0,200,0,100.0,3424.0,100.0,33009501976.0,100.0,42520417536.0
2018-06-04,ZJV00BWB,ST12000NM0007,12000138625024,0,83,208478432,97,0,100,3,100,0,87,509241784,97,3481,100,0,100,2,,,,,100.0,0.0,100.0,0.0,,,79.0,21.0,,,100.0,10.0,100.0,203.0,21,21,100,0,100,0,200,0,100.0,3449.0,100.0,33023590488.0,100.0,44821660752.0
2018-06-05,ZJV00BWB,ST12000NM0007,12000138625024,0,83,186009080,97,0,100,3,100,0,87,516995237,96,3505,100,0,100,2,,,,,100.0,0.0,100.0,0.0,,,79.0,21.0,,,100.0,10.0,100.0,204.0,21,21,100,0,100,0,200,0,100.0,3472.0,100.0,33036358800.0,100.0,46983690344.0
2018-06-06,ZJV00BWB,ST12000NM0007,12000138625024,0,82,171417864,97,0,100,3,100,0,87,523962584,96,3528,100,0,100,2,,,,,100.0,0.0,100.0,0.0,,,79.0,21.0,,,100.0,11.0,100.0,205.0,21,21,100,0,100,0,200,0,100.0,3496.0,100.0,33048831400.0,100.0,49153893552.0
2018-06-07,ZJV00BWB,ST12000NM0007,12000138625024,0,82,149142048,97,0,100,3,100,0,87,531390301,96,3552,100,0,100,2,,,,,100.0,0.0,100.0,0.0,,,79.0,21.0,,,100.0,11.0,100.0,206.0,21,21,100,0,100,0,200,0,100.0,3520.0,100.0,33064563064.0,100.0,51313152888.0
2018-06-08,ZJV00BWB,ST12000NM0007,12000138625024,0,81,132133152,97,0,100,3,100,0,87,539083124,96,3576,100,0,100,2,,,,,100.0,0.0,100.0,0.0,,,78.0,22.0,,,100.0,11.0,100.0,207.0,22,22,100,0,100,0,200,0,100.0,3544.0,100.0,33081854928.0,100.0,52987837352.0
2018-06-09,ZJV00BWB,ST12000NM0007,12000138625024,0,84,241439624,97,0,100,3,100,0,87,547713755,96,3601,100,0,100,2,,,,,100.0,0.0,100.0,0.0,,,79.0,21.0,,,100.0,12.0,100.0,208.0,21,21,100,0,100,0,200,0,100.0,3568.0,100.0,33093454128.0,100.0,54306248392.0
2018-06-10,ZJV00BWB,ST12000NM0007,12000138625024,0,78,63587976,97,0,100,3,100,0,87,556285574,96,3624,100,0,100,2,,,,,100.0,0.0,100.0,0.0,,,79.0,21.0,,,100.0,12.0,100.0,209.0,21,21,100,0,100,0,200,0,100.0,3592.0,100.0,33101365656.0,100.0,55585329752.0
2018-06-11,ZJV00BWB,ST12000NM0007,12000138625024,0,82,154379112,97,0,100,3,100,0,88,564796737,96,3649,100,0,100,2,,,,,100.0,0.0,100.0,0.0,,,79.0,21.0,,,100.0,12.0,100.0,210.0,21,21,100,0,100,0,200,0,100.0,3616.0,100.0,33109151632.0,100.0,56889038576.0
2018-06-12,ZJV00BWB,ST12000NM0007,12000138625024,0,81,136923336,97,0,100,3,100,0,88,572613712,96,3671,100,0,100,2,,,,,100.0,0.0,100.0,0.0,,,79.0,21.0,,,100.0,12.0,100.0,211.0,21,21,100,0,100,0,200,0,100.0,3638.0,100.0,33116519752.0,100.0,58084918162.0
2018-06-13,ZJV00BWB,ST12000NM0007,12000138625024,0,84,226774776,97,0,100,3,100,0,88,577197899,96,3694,100,0,100,2,,,,,100.0,0.0,100.0,0.0,,,80.0,20.0,,,100.0,13.0,100.0,212.0,20,20,100,0,100,0,200,0,100.0,3661.0,100.0,33188897816.0,100.0,58590673026.0
2018-06-14,ZJV00BWB,ST12000NM0007,12000138625024,0,78,61255040,97,0,100,3,100,0,88,580141567,96,3719,100,0,100,2,,,,,100.0,0.0,100.0,0.0,,,79.0,21.0,,,100.0,13.0,100.0,213.0,21,21,100,0,100,0,200,0,100.0,3686.0,100.0,33289942832.0,100.0,58812389674.0
2018-06-15,ZJV00BWB,ST12000NM0007,12000138625024,0,81.0,134328728.0,97.0,0.0,100.0,3.0,100.0,0.0,88.0,582865631.0,96.0,3743.0,100.0,0.0,100.0,2.0,,,,,100.0,0.0,100.0,0.0,,,79.0,21.0,,,100.0,13.0,100.0,214.0,21.0,21.0,100.0,0.0,100.0,0.0,200.0,0.0,100.0,3710.0,100.0,33385931376.0,100.0,59033615578.0
2018-06-16,ZJV00BWB,ST12000NM0007,12000138625024,0,83.0,181469160.0,97.0,0.0,100.0,3.0,100.0,0.0,88.0,585445956.0,96.0,3766.0,100.0,0.0,100.0,2.0,,,,,100.0,0.0,100.0,0.0,,,79.0,21.0,,,100.0,13.0,100.0,215.0,21.0,21.0,100.0,0.0,100.0,0.0,200.0,0.0,100.0,3733.0,100.0,33472745392.0,100.0,59238082866.0
2018-06-17,ZJV00BWB,ST12000NM0007,12000138625024,0,77.0,45522056.0,97.0,0.0,100.0,3.0,100.0,0.0,88.0,588549206.0,96.0,3791.0,100.0,0.0,100.0,2.0,,,,,100.0,0.0,100.0,0.0,,,80.0,20.0,,,100.0,13.0,100.0,216.0,20.0,20.0,100.0,0.0,100.0,0.0,200.0,0.0,100.0,3758.0,100.0,33600118952.0,100.0,59463043634.0
2018-06-18,ZJV00BWB,ST12000NM0007,12000138625024,0,81.0,130164344.0,97.0,0.0,100.0,3.0,100.0,0.0,88.0,591357643.0,96.0,3815.0,100.0,0.0,100.0,2.0,,,,,100.0,0.0,100.0,0.0,,,80.0,20.0,,,100.0,13.0,100.0,217.0,20.0,20.0,100.0,0.0,100.0,0.0,200.0,0.0,100.0,3781.0,100.0,33700844624.0,100.0,59691101002.0
2018-06-19,ZJV00BWB,ST12000NM0007,12000138625024,0,83,200379720,97,0,100,3,100,0,88,594357384,96,3838,100,0,100,2,,,,,100.0,0.0,100.0,0.0,,,80.0,20.0,,,100.0,14.0,100.0,218.0,20,20,100,0,100,0,200,0,100.0,3805.0,100.0,33783982864.0,100.0,59922319122.0
2018-06-20,ZJV00BWB,ST12000NM0007,12000138625024,0,72,14996264,97,0,100,3,100,0,88,597018272,96,3863,100,0,100,2,,,,,100.0,0.0,100.0,0.0,,,80.0,20.0,,,100.0,14.0,100.0,219.0,20,20,100,0,100,0,200,0,100.0,3829.0,100.0,33875864440.0,100.0,60133335834.0
2018-06-21,ZJV00BWB,ST12000NM0007,12000138625024,0,79,85629976,97,0,100,3,100,0,88,599655561,96,3887,100,0,100,2,,,,,100.0,0.0,100.0,0.0,,,80.0,20.0,,,100.0,14.0,100.0,220.0,20,20,100,0,100,0,200,0,100.0,3853.0,100.0,33962462040.0,100.0,60361513042.0
2018-06-22,ZJV00BWB,ST12000NM0007,12000138625024,0,81,119115768,97,0,100,3,100,0,88,602117622,96,3910,100,0,100,2,,,,,100.0,0.0,100.0,0.0,,,81.0,19.0,,,100.0,15.0,100.0,221.0,19,19,100,0,100,0,200,0,100.0,3876.0,100.0,34039447144.0,100.0,60562154474.0
2018-06-23,ZJV00BWB,ST12000NM0007,12000138625024,0,83,207649392,97,0,100,3,100,0,88,605033834,96,3935,100,0,100,2,,,,,100.0,0.0,100.0,0.0,,,81.0,19.0,,,100.0,16.0,100.0,222.0,19,19,100,0,100,0,200,0,100.0,3901.0,100.0,34140308848.0,100.0,60793967178.0
2018-06-24,ZJV00BWB,ST12000NM0007,12000138625024,0,69,7237128,97,0,100,3,100,0,88,607570147,96,3959,100,0,100,2,,,,,100.0,0.0,100.0,0.0,,,81.0,19.0,,,100.0,16.0,100.0,223.0,19,19,100,0,100,0,200,0,100.0,3925.0,100.0,34231943368.0,100.0,60990201930.0
2018-06-25,ZJV00BWB,ST12000NM0007,12000138625024,0,73,20372800,97,0,100,3,100,0,88,609983987,96,3983,100,0,100,2,,,,,100.0,0.0,100.0,0.0,,,80.0,20.0,,,100.0,16.0,100.0,224.0,20,20,100,0,100,0,200,0,100.0,3948.0,100.0,34306805384.0,100.0,61172616458.0
2018-06-26,ZJV00BWB,ST12000NM0007,12000138625024,0,78,66715904,97,0,100,3,100,0,88,612536169,96,4006,100,0,100,2,,,,,100.0,0.0,100.0,0.0,,,81.0,19.0,,,100.0,17.0,100.0,225.0,19,19,100,0,100,0,200,0,100.0,3972.0,100.0,34407661416.0,100.0,61362244306.0
2018-06-27,ZJV00BWB,ST12000NM0007,12000138625024,0,82,141437448,97,0,100,3,100,0,88,615268119,96,4031,100,0,100,2,,,,,100.0,0.0,100.0,0.0,,,81.0,19.0,,,100.0,18.0,100.0,226.0,19,19,100,0,100,0,200,0,100.0,3996.0,100.0,34515861792.0,100.0,61572906354.0
2018-06-28,ZJV00BWB,ST12000NM0007,12000138625024,0,84,225673416,97,0,100,3,100,0,88,618282431,96,4055,100,0,100,2,,,,,100.0,0.0,100.0,0.0,,,80.0,20.0,,,100.0,18.0,100.0,227.0,20,20,100,0,100,0,200,0,100.0,4020.0,100.0,34588806232.0,100.0,61828338706.0
2018-06-29,ZJV00BWB,ST12000NM0007,12000138625024,0,80,100542304,97,0,100,3,100,0,88,621526822,96,4085,100,0,100,2,,,,,100.0,0.0,100.0,0.0,,,80.0,20.0,,,100.0,18.0,100.0,229.0,20,20,100,0,100,0,200,0,100.0,4050.0,100.0,34698678504.0,100.0,62081616906.0
2018-06-30,ZJV00BWB,ST12000NM0007,12000138625024,0,82,160905304,97,0,100,3,100,0,88,624271187,96,4108,100,0,100,2,,,,,100.0,0.0,100.0,0.0,,,80.0,20.0,,,100.0,18.0,100.0,230.0,20,20,100,0,100,0,200,0,100.0,4073.0,100.0,34791290248.0,100.0,62293508818.0
2018-07-01,ZJV00BWB,ST12000NM0007,12000138625024,0,83,203799880,97,0,100,3,100,0,88,626937168,96,4132,100,0,100,2,,,,,100.0,0.0,100.0,0.0,,,80.0,20.0,,,100.0,18.0,100.0,231.0,20,20,100,0,100,0,200,0,100.0,4097.0,100.0,34885947480.0,100.0,62485886954.0
2018-07-02,ZJV00BWB,ST12000NM0007,12000138625024,0,84,236136784,97,0,100,3,100,0,88,629418032,96,4156,100,0,100,2,,,,,100.0,0.0,100.0,0.0,,,81.0,19.0,,,100.0,19.0,100.0,232.0,19,19,100,0,100,0,200,0,100.0,4120.0,100.0,34965174928.0,100.0,62683137122.0
2018-07-03,ZJV00BWB,ST12000NM0007,12000138625024,0,76,42127600,97,0,100,3,100,0,88,632074686,96,4181,100,0,100,2,,,,,100.0,0.0,100.0,0.0,,,80.0,20.0,,,100.0,19.0,100.0,233.0,20,20,100,0,100,0,200,0,100.0,4145.0,100.0,35056629352.0,100.0,62885954906.0
2018-07-04,ZJV00BWB,ST12000NM0007,12000138625024,0,78,58565064,97,0,100,3,100,0,88,634556297,96,4204,100,0,100,2,,,,,100.0,0.0,100.0,0.0,,,80.0,20.0,,,100.0,19.0,100.0,234.0,20,20,100,0,100,0,200,0,100.0,4168.0,100.0,35136120480.0,100.0,63067041954.0
2018-07-05,ZJV00BWB,ST12000NM0007,12000138625024,0,80,109778032,97,0,100,3,100,0,88,637055859,96,4229,100,0,100,2,,,,,100.0,0.0,100.0,0.0,,,80.0,20.0,,,100.0,20.0,100.0,235.0,20,20,100,0,100,0,200,0,100.0,4192.0,100.0,35213876584.0,100.0,63284639626.0
2018-07-06,ZJV00BWB,ST12000NM0007,12000138625024,0,81,116591400,97,0,100,3,100,0,88,639470796,96,4252,100,0,100,2,,,,,100.0,0.0,100.0,0.0,,,81.0,19.0,,,100.0,21.0,100.0,236.0,19,19,100,0,100,0,200,0,100.0,4216.0,100.0,35294705096.0,100.0,63454765362.0
2018-07-07,ZJV00BWB,ST12000NM0007,12000138625024,0,82,173114024,97,0,100,3,100,0,88,642766714,96,4276,100,0,100,2,,,,,100.0,0.0,100.0,0.0,,,80.0,20.0,,,100.0,21.0,100.0,237.0,20,20,100,0,100,0,200,0,100.0,4240.0,100.0,35390496080.0,100.0,63659637826.0
2018-07-08,ZJV00BWB,ST12000NM0007,12000138625024,0,83,216003840,97,0,100,3,100,0,88,645398827,96,4300,100,0,100,2,,,,,100.0,0.0,100.0,0.0,,,80.0,20.0,,,100.0,21.0,100.0,238.0,20,20,100,0,100,0,200,0,100.0,4264.0,100.0,35478208608.0,100.0,63858956010.0
2018-07-09,ZJV00BWB,ST12000NM0007,12000138625024,0,84,235171600,97,0,100,3,100,0,88,647803335,96,4325,100,0,100,2,,,,,100.0,0.0,100.0,0.0,,,81.0,19.0,,,100.0,22.0,100.0,239.0,19,19,100,0,100,0,200,0,100.0,4288.0,100.0,35547488632.0,100.0,64052984426.0
2018-07-10,ZJV00BWB,ST12000NM0007,12000138625024,0,70.0,10365864.0,97.0,0.0,100.0,3.0,100.0,0.0,88.0,650288852.0,96.0,4349.0,100.0,0.0,100.0,2.0,,,,,100.0,0.0,100.0,0.0,,,81.0,19.0,,,100.0,22.0,100.0,240.0,19.0,19.0,100.0,0.0,100.0,0.0,200.0,0.0,100.0,4312.0,100.0,35621977952.0,100.0,64241970754.0
2018-07-11,ZJV00BWB,ST12000NM0007,12000138625024,0,76,44465376,97,0,100,3,100,0,88,652957239,96,4373,100,0,100,2,,,,,100.0,0.0,100.0,0.0,,,81.0,19.0,,,100.0,23.0,100.0,241.0,19,19,100,0,100,0,200,0,100.0,4336.0,100.0,35705029680.0,100.0,64437159258.0
2018-07-12,ZJV00BWB,ST12000NM0007,12000138625024,0,80,101379240,97,0,100,3,100,0,88,655823715,95,4396,100,0,100,2,,,,,100.0,0.0,100.0,0.0,,,80.0,20.0,,,100.0,23.0,100.0,243.0,20,20,100,0,100,0,200,0,100.0,4359.0,100.0,35793980112.0,100.0,64649263442.0
2018-07-13,ZJV00BWB,ST12000NM0007,12000138625024,0,82,154794040,97,0,100,3,100,0,88,658727891,95,4420,100,0,100,2,,,,,100.0,0.0,100.0,0.0,,,80.0,20.0,,,100.0,23.0,100.0,244.0,20,20,100,0,100,0,200,0,100.0,4383.0,100.0,35882460000.0,100.0,64858338986.0
2018-07-14,ZJV00BWB,ST12000NM0007,12000138625024,0,83,194419992,97,0,100,3,100,0,88,661777091,95,4443,100,0,100,2,,,,,100.0,0.0,100.0,0.0,,,80.0,20.0,,,100.0,23.0,100.0,245.0,20,20,100,0,100,0,200,0,100.0,4406.0,100.0,35952837144.0,100.0,65071728466.0
2018-07-15,ZJV00BWB,ST12000NM0007,12000138625024,0,69,8500520,97,0,100,3,100,0,88,664584170,95,4467,100,0,100,2,,,,,100.0,0.0,100.0,0.0,,,81.0,19.0,,,100.0,24.0,100.0,246.0,19,19,100,0,100,0,200,0,100.0,4430.0,100.0,36050772984.0,100.0,65276154706.0
2018-07-16,ZJV00BWB,ST12000NM0007,12000138625024,0,76,41703880,97,0,100,3,100,0,88,667234705,95,4491,100,0,100,2,,,,,100.0,0.0,100.0,0.0,,,80.0,20.0,,,100.0,24.0,100.0,247.0,20,20,100,0,100,0,200,0,100.0,4454.0,100.0,36133996280.0,100.0,65470275850.0
2018-07-17,ZJV00BWB,ST12000NM0007,12000138625024,0,81,137835752,97,0,100,3,100,0,88,670186662,95,4516,100,0,100,2,,,,,100.0,0.0,100.0,0.0,,,80.0,20.0,,,100.0,24.0,100.0,248.0,20,20,100,0,100,0,200,0,100.0,4479.0,100.0,36237212160.0,100.0,65707332682.0
2018-07-18,ZJV00BWB,ST12000NM0007,12000138625024,0,72,15394288,97,0,100,3,100,0,88,673819996,95,4540,100,0,100,2,,,,,100.0,0.0,100.0,0.0,,,80.0,20.0,,,100.0,24.0,100.0,249.0,20,20,100,0,100,0,200,0,100.0,4502.0,100.0,36327024136.0,100.0,65983360858.0
2018-07-19,ZJV00BWB,ST12000NM0007,12000138625024,0,80,92661256,97,0,100,3,100,0,88,676815210,95,4563,100,0,100,2,,,,,100.0,0.0,100.0,0.0,,,80.0,20.0,,,100.0,24.0,100.0,250.0,20,20,100,0,100,0,200,0,100.0,4526.0,100.0,36446535208.0,100.0,66185257426.0
2018-07-20,ZJV00BWB,ST12000NM0007,12000138625024,0,82,143307576,97,0,100,3,100,0,88,679590638,95,4587,100,0,100,2,,,,,100.0,0.0,100.0,0.0,,,80.0,20.0,,,100.0,24.0,100.0,251.0,20,20,100,0,100,0,200,0,100.0,4549.0,100.0,36548636472.0,100.0,66377943114.0
2018-07-21,ZJV00BWB,ST12000NM0007,12000138625024,0,76,37894224,97,0,100,3,100,0,88,683129390,95,4611,100,0,100,2,,,,,100.0,0.0,100.0,0.0,,,80.0,20.0,,,100.0,25.0,100.0,252.0,20,20,100,0,100,0,200,0,100.0,4573.0,100.0,36675028000.0,100.0,66634419674.0
2018-07-22,ZJV00BWB,ST12000NM0007,12000138625024,0,79,86761240,97,0,100,3,100,0,88,686030359,95,4636,100,0,100,2,,,,,100.0,0.0,100.0,0.0,,,80.0,20.0,,,100.0,25.0,100.0,253.0,20,20,100,0,100,0,200,0,100.0,4598.0,100.0,36775295592.0,100.0,66827159730.0
2018-07-23,ZJV00BWB,ST12000NM0007,12000138625024,0,80,109844424,97,0,100,3,100,0,88,688555125,95,4659,100,0,100,2,,,,,100.0,0.0,100.0,0.0,,,80.0,20.0,,,100.0,26.0,100.0,254.0,20,20,100,0,100,0,200,0,100.0,4621.0,100.0,36850560368.0,100.0,67019118802.0
2018-07-24,ZJV00BWB,ST12000NM0007,12000138625024,0,83,180855088,97,0,100,3,100,0,88,691779861,95,4684,100,0,100,2,,,,,100.0,0.0,100.0,0.0,,,80.0,20.0,,,100.0,26.0,100.0,255.0,20,20,100,0,100,0,200,0,100.0,4646.0,100.0,36964366912.0,100.0,67220463874.0
2018-07-25,ZJV00BWB,ST12000NM0007,12000138625024,0,83.0,195537128.0,97.0,0.0,100.0,3.0,100.0,0.0,88.0,694335553.0,95.0,4707.0,100.0,0.0,100.0,2.0,,,,,100.0,0.0,100.0,0.0,,,80.0,20.0,,,100.0,27.0,100.0,256.0,20.0,20.0,100.0,0.0,100.0,0.0,200.0,0.0,100.0,4669.0,100.0,37050507280.0,100.0,67393146202.0
2018-07-26,ZJV00BWB,ST12000NM0007,12000138625024,0,70,10267032,97,0,100,3,100,0,88,697121512,95,4731,100,0,100,2,,,,,100.0,0.0,100.0,0.0,,,81.0,19.0,,,100.0,27.0,100.0,257.0,19,19,100,0,100,0,200,0,100.0,4693.0,100.0,37134132960.0,100.0,67612531690.0
2018-07-27,ZJV00BWB,ST12000NM0007,12000138625024,0,78,63254992,97,0,100,3,100,0,88,700210839,95,4756,100,0,100,2,,,,,100.0,0.0,100.0,0.0,,,81.0,19.0,,,100.0,27.0,100.0,258.0,19,19,100,0,100,0,200,0,100.0,4717.0,100.0,37208352296.0,100.0,67835441050.0
2018-07-28,ZJV00BWB,ST12000NM0007,12000138625024,0,80,101522432,97,0,100,3,100,0,88,702922206,95,4780,100,0,100,2,,,,,100.0,0.0,100.0,0.0,,,80.0,20.0,,,100.0,27.0,100.0,259.0,20,20,100,0,100,0,200,0,100.0,4740.0,100.0,37288415504.0,100.0,68037785970.0
2018-07-29,ZJV00BWB,ST12000NM0007,12000138625024,0,80,101593104,97,0,100,3,100,0,88,705321042,95,4804,100,0,100,2,,,,,100.0,0.0,100.0,0.0,,,80.0,20.0,,,100.0,27.0,100.0,260.0,20,20,100,0,100,0,200,0,100.0,4764.0,100.0,37353892552.0,100.0,68216520226.0
2018-07-30,ZJV00BWB,ST12000NM0007,12000138625024,0,80,100746456,97,0,100,3,100,0,88,707675202,95,4827,100,0,100,2,,,,,100.0,0.0,100.0,0.0,,,81.0,19.0,,,100.0,28.0,100.0,261.0,19,19,100,0,100,0,200,0,100.0,4788.0,100.0,37416180360.0,100.0,68397526706.0
2018-07-31,ZJV00BWB,ST12000NM0007,12000138625024,0,81,134008360,97,0,100,3,100,0,89,710212100,95,4852,100,0,100,2,,,,,100.0,0.0,100.0,0.0,,,80.0,20.0,,,100.0,29.0,100.0,262.0,20,20,100,0,100,0,200,0,100.0,4812.0,100.0,37492795312.0,100.0,68598314370.0
2018-08-01,ZJV00BWB,ST12000NM0007,12000138625024,0,82,147124760,97,0,100,3,100,0,89,712736463,95,4876,100,0,100,2,,,,,100.0,0.0,100.0,0.0,,,80.0,20.0,,,100.0,29.0,100.0,263.0,20,20,100,0,100,0,200,0,100.0,4836.0,100.0,37567538160.0,100.0,68780828786.0
2018-08-02,ZJV00BWB,ST12000NM0007,12000138625024,0,83,198906328,97,0,100,3,100,0,89,715510177,95,4900,100,0,100,2,,,,,100.0,0.0,100.0,0.0,,,81.0,19.0,,,100.0,29.0,100.0,264.0,19,19,100,0,100,0,200,0,100.0,4860.0,100.0,37648675408.0,100.0,68995613882.0
2018-08-03,ZJV00BWB,ST12000NM0007,12000138625024,0,83,205369376,97,0,100,3,100,0,89,717817504,95,4924,100,0,100,2,,,,,100.0,0.0,100.0,0.0,,,80.0,20.0,,,100.0,29.0,100.0,265.0,20,20,100,0,100,0,200,0,100.0,4884.0,100.0,37704297472.0,100.0,69190595706.0
2018-08-04,ZJV00BWB,ST12000NM0007,12000138625024,0,76,39580552,97,0,100,3,100,0,89,721233280,95,4948,100,0,100,2,,,,,100.0,0.0,100.0,0.0,,,80.0,20.0,,,100.0,29.0,100.0,266.0,20,20,100,0,100,0,200,0,100.0,4908.0,100.0,37777866848.0,100.0,69439519154.0
2018-08-05,ZJV00BWB,ST12000NM0007,12000138625024,0,80,100284616,97,0,100,3,100,0,89,724014119,95,4971,100,0,100,2,,,,,100.0,0.0,100.0,0.0,,,81.0,19.0,,,100.0,30.0,100.0,267.0,19,19,100,0,100,0,200,0,100.0,4931.0,100.0,37878317272.0,100.0,69643913466.0
2018-08-06,ZJV00BWB,ST12000NM0007,12000138625024,0,81,130027424,97,0,100,3,100,0,89,726648492,95,4996,100,0,100,2,,,,,100.0,0.0,100.0,0.0,,,80.0,20.0,,,100.0,30.0,100.0,268.0,20,20,100,0,100,0,200,0,100.0,4956.0,100.0,37950113176.0,100.0,69846001002.0
2018-08-07,ZJV00BWB,ST12000NM0007,12000138625024,0,81,138740872,97,0,100,3,100,0,89,729176000,95,5020,100,0,100,2,,,,,100.0,0.0,100.0,0.0,,,80.0,20.0,,,100.0,30.0,100.0,269.0,20,20,100,0,100,0,200,0,100.0,4979.0,100.0,38033924272.0,100.0,70015044210.0
2018-08-08,ZJV00BWB,ST12000NM0007,12000138625024,0,82,161413952,97,0,100,3,100,0,89,731887806,95,5043,100,0,100,2,,,,,100.0,0.0,100.0,0.0,,,81.0,19.0,,,100.0,30.0,100.0,270.0,19,19,100,0,100,0,200,0,100.0,5002.0,100.0,38123947064.0,100.0,70191835154.0
2018-08-09,ZJV00BWB,ST12000NM0007,12000138625024,0,83,191966016,97,0,100,3,100,0,89,734455311,95,5065,100,0,100,2,,,,,100.0,0.0,100.0,0.0,,,80.0,20.0,,,100.0,30.0,100.0,272.0,20,20,100,0,100,0,200,0,100.0,5024.0,100.0,38187809648.0,100.0,70402665266.0
2018-08-10,ZJV00BWB,ST12000NM0007,12000138625024,0,84,238564568,97,0,100,3,100,0,89,737189724,95,5089,100,0,100,2,,,,,100.0,0.0,100.0,0.0,,,80.0,20.0,,,100.0,30.0,100.0,273.0,20,20,100,0,100,0,200,0,100.0,5048.0,100.0,38277851664.0,100.0,70603362450.0
2018-08-11,ZJV00BWB,ST12000NM0007,12000138625024,0,75,34139768,97,0,100,3,100,0,89,740042251,95,5113,100,0,100,2,,,,,100.0,0.0,100.0,0.0,,,81.0,19.0,,,100.0,30.0,100.0,274.0,19,19,100,0,100,0,200,0,100.0,5071.0,100.0,38367229808.0,100.0,70797840914.0
2018-08-12,ZJV00BWB,ST12000NM0007,12000138625024,0,76,37506944,97,0,100,3,100,0,89,742449298,95,5137,100,0,100,2,,,,,100.0,0.0,100.0,0.0,,,81.0,19.0,,,100.0,31.0,100.0,275.0,19,19,100,0,100,0,200,0,100.0,5095.0,100.0,38449594032.0,100.0,70962984634.0
2018-08-13,ZJV00BWB,ST12000NM0007,12000138625024,0,74,27491296,97,0,100,3,100,0,89,744539393,95,5162,100,0,100,2,,,,,100.0,0.0,100.0,0.0,,,81.0,19.0,,,100.0,31.0,100.0,276.0,19,19,100,0,100,0,200,0,100.0,5120.0,100.0,38491569376.0,100.0,71155139618.0
2018-08-14,ZJV00BWB,ST12000NM0007,12000138625024,0,77.0,51480392.0,97.0,0.0,100.0,3.0,100.0,0.0,89.0,747447555.0,95.0,5185.0,100.0,0.0,100.0,2.0,,,,,100.0,0.0,100.0,0.0,,,81.0,19.0,,,100.0,31.0,100.0,277.0,19.0,19.0,100.0,0.0,100.0,0.0,200.0,0.0,100.0,5143.0,100.0,38552683304.0,100.0,71362155490.0
2018-08-15,ZJV00BWB,ST12000NM0007,12000138625024,0,78.0,56856280.0,97.0,0.0,100.0,3.0,100.0,0.0,89.0,749676029.0,95.0,5209.0,100.0,0.0,100.0,2.0,,,,,100.0,0.0,100.0,0.0,,,81.0,19.0,,,100.0,31.0,100.0,279.0,19.0,19.0,100.0,0.0,100.0,0.0,200.0,0.0,100.0,5167.0,100.0,38617012832.0,100.0,71547342682.0
2018-08-16,ZJV00BWB,ST12000NM0007,12000138625024,0,79,87229888,97,0,100,3,100,0,89,752230675,95,5234,100,0,100,2,,,,,100.0,0.0,100.0,0.0,,,80.0,20.0,,,100.0,31.0,100.0,280.0,20,20,100,0,100,0,200,0,100.0,5191.0,100.0,38697606168.0,100.0,71741263810.0
2018-08-17,ZJV00BWB,ST12000NM0007,12000138625024,0,79,73418616,97,0,100,3,100,0,89,754375011,94,5258,100,0,100,2,,,,,100.0,0.0,100.0,0.0,,,80.0,20.0,,,100.0,31.0,100.0,281.0,20,20,100,0,100,0,200,0,100.0,5215.0,100.0,38755462712.0,100.0,71913736754.0
2018-08-18,ZJV00BWB,ST12000NM0007,12000138625024,0,82,157989288,97,0,100,3,100,0,89,757179418,94,5281,100,0,100,2,,,,,100.0,0.0,100.0,0.0,,,80.0,20.0,,,100.0,31.0,100.0,282.0,20,20,100,0,100,0,200,0,100.0,5239.0,100.0,38822887992.0,100.0,72175022954.0
2018-08-19,ZJV00BWB,ST12000NM0007,12000138625024,0,82,164575360,97,0,100,3,100,0,89,759440773,94,5305,100,0,100,2,,,,,100.0,0.0,100.0,0.0,,,80.0,20.0,,,100.0,32.0,100.0,283.0,20,20,100,0,100,0,200,0,100.0,5262.0,100.0,38893705656.0,100.0,72354932162.0
2018-08-20,ZJV00BWB,ST12000NM0007,12000138625024,0,83,213140376,97,0,100,3,100,0,89,762016436,94,5330,100,0,100,2,,,,,100.0,0.0,100.0,0.0,,,80.0,20.0,,,100.0,32.0,100.0,284.0,20,20,100,0,100,0,200,0,100.0,5287.0,100.0,38974486160.0,100.0,72566857490.0
2018-08-21,ZJV00BWB,ST12000NM0007,12000138625024,0,84,234267168,97,0,100,3,100,0,89,764599163,94,5353,100,0,100,2,,,,,100.0,0.0,100.0,0.0,,,80.0,20.0,,,100.0,33.0,100.0,285.0,20,20,100,0,100,0,200,0,100.0,5310.0,100.0,39063678272.0,100.0,72742933090.0
2018-08-22,ZJV00BWB,ST12000NM0007,12000138625024,0,77,46404304,97,0,100,3,100,0,89,767347789,94,5377,100,0,100,2,,,,,100.0,0.0,100.0,0.0,,,80.0,20.0,,,100.0,33.0,100.0,286.0,20,20,100,0,100,0,200,0,100.0,5334.0,100.0,39139206928.0,100.0,72967822978.0
2018-08-23,ZJV00BWB,ST12000NM0007,12000138625024,0,81,129266440,97,0,100,3,100,0,89,770294640,94,5402,100,0,100,2,,,,,100.0,0.0,100.0,0.0,,,80.0,20.0,,,100.0,33.0,100.0,287.0,20,20,100,0,100,0,200,0,100.0,5359.0,100.0,39219776616.0,100.0,73214256082.0
2018-08-24,ZJV00BWB,ST12000NM0007,12000138625024,0,81,132145032,97,0,100,3,100,0,89,772892512,94,5425,100,0,100,2,,,,,100.0,0.0,100.0,0.0,,,80.0,20.0,,,100.0,34.0,100.0,288.0,20,20,100,0,100,0,200,0,100.0,5382.0,100.0,39290614728.0,100.0,73390437362.0
2018-08-25,ZJV00BWB,ST12000NM0007,12000138625024,0,84,229310208,97,0,100,3,100,0,89,776729637,94,5450,100,0,100,2,,,,,100.0,0.0,100.0,0.0,,,80.0,20.0,,,100.0,34.0,100.0,289.0,20,20,100,0,100,0,200,0,100.0,5406.0,100.0,39366324056.0,100.0,73656033986.0
2018-08-26,ZJV00BWB,ST12000NM0007,12000138625024,0,84,243182592,97,0,100,3,100,0,89,779100109,94,5473,100,0,100,2,,,,,100.0,0.0,100.0,0.0,,,80.0,20.0,,,100.0,34.0,100.0,290.0,20,20,100,0,100,0,200,0,100.0,5430.0,100.0,39441531160.0,100.0,73838839954.0
2018-08-27,ZJV00BWB,ST12000NM0007,12000138625024,0,84,233476768,97,0,100,3,100,0,89,781250933,94,5498,100,0,100,2,,,,,100.0,0.0,100.0,0.0,,,81.0,19.0,,,100.0,35.0,100.0,291.0,19,19,100,0,100,0,200,0,100.0,5454.0,100.0,39490842472.0,100.0,74023963450.0
2018-08-28,ZJV00BWB,ST12000NM0007,12000138625024,0,83,178408096,97,0,100,3,100,0,89,782733307,94,5522,100,0,100,2,,,,,100.0,0.0,100.0,0.0,,,81.0,19.0,,,100.0,36.0,100.0,292.0,19,19,100,0,100,0,200,0,100.0,5478.0,100.0,39501560328.0,100.0,74202317762.0
2018-08-29,ZJV00BWB,ST12000NM0007,12000138625024,0,81,125214632,97,0,100,3,100,0,89,784439210,94,5546,100,0,100,2,,,,,100.0,0.0,100.0,0.0,,,81.0,19.0,,,100.0,37.0,100.0,293.0,19,19,100,0,100,0,200,0,100.0,5502.0,100.0,39510931864.0,100.0,74383893394.0
2018-08-30,ZJV00BWB,ST12000NM0007,12000138625024,0,75,32268896,97,0,100,3,100,0,89,787881933,94,5573,100,0,100,2,,,,,100.0,0.0,100.0,0.0,,,80.0,20.0,,,100.0,37.0,100.0,294.0,20,20,100,0,100,0,200,0,100.0,5529.0,100.0,39638574320.0,100.0,74651586730.0
2018-08-31,ZJV00BWB,ST12000NM0007,12000138625024,0,82,169737312,97,0,100,3,100,0,89,791723486,94,5596,100,0,100,2,,,,,100.0,0.0,100.0,0.0,,,80.0,20.0,,,100.0,38.0,100.0,295.0,20,20,100,0,100,0,200,0,100.0,5552.0,100.0,39839200592.0,100.0,74832569914.0
2018-09-01,ZJV00BWB,ST12000NM0007,12000138625024,0,76,44531616,97,0,100,3,100,0,89,795786902,94,5620,100,0,100,2,,,,,100.0,0.0,100.0,0.0,,,80.0,20.0,,,100.0,38.0,100.0,296.0,20,20,100,0,100,0,200,0,100.0,5576.0,100.0,40025805640.0,100.0,75009040434.0
2018-09-02,ZJV00BWB,ST12000NM0007,12000138625024,0,82,151665232,97,0,100,3,100,0,89,799384607,94,5643,100,0,100,2,,,,,100.0,0.0,100.0,0.0,,,80.0,20.0,,,100.0,38.0,100.0,297.0,20,20,100,0,100,0,200,0,100.0,5599.0,100.0,40175094312.0,100.0,75211026226.0
2018-09-03,ZJV00BWB,ST12000NM0007,12000138625024,0,77,51134320,97,0,100,3,100,0,89,803440764,94,5667,100,0,100,2,,,,,100.0,0.0,100.0,0.0,,,80.0,20.0,,,100.0,38.0,100.0,298.0,20,20,100,0,100,0,200,0,100.0,5623.0,100.0,40370926912.0,100.0,75402944042.0
2018-09-04,ZJV00BWB,ST12000NM0007,12000138625024,0,83,197372592,97,0,100,3,100,0,89,807626437,94,5693,100,0,100,2,,,,,100.0,0.0,100.0,0.0,,,80.0,20.0,,,100.0,39.0,100.0,299.0,20,20,100,0,100,0,200,0,100.0,5649.0,100.0,40555841736.0,100.0,75608408258.0
2018-09-05,ZJV00BWB,ST12000NM0007,12000138625024,0,78,63326184,97,0,100,3,100,0,89,811344555,94,5715,100,0,100,2,,,,,100.0,0.0,100.0,0.0,,,80.0,20.0,,,100.0,39.0,100.0,300.0,20,20,100,0,100,0,200,0,100.0,5671.0,100.0,40729588232.0,100.0,75788896770.0
2018-09-06,ZJV00BWB,ST12000NM0007,12000138625024,0,84,224918808,97,0,100,3,100,0,89,815769679,94,5740,100,0,100,2,,,,,100.0,0.0,100.0,0.0,,,80.0,20.0,,,100.0,39.0,100.0,301.0,20,20,100,0,100,0,200,0,100.0,5696.0,100.0,40919517912.0,100.0,76004700466.0
2018-09-07,ZJV00BWB,ST12000NM0007,12000138625024,0,81,131630120,97,0,100,3,100,0,89,820290287,94,5762,100,0,100,2,,,,,100.0,0.0,100.0,0.0,,,80.0,20.0,,,100.0,39.0,100.0,302.0,20,20,100,0,100,0,200,0,100.0,5718.0,100.0,41109524816.0,100.0,76209686474.0
2018-09-08,ZJV00BWB,ST12000NM0007,12000138625024,0,79,76177600,97,0,100,3,100,0,89,824979829,94,5786,100,0,100,2,,,,,100.0,0.0,100.0,0.0,,,80.0,20.0,,,100.0,39.0,100.0,303.0,20,20,100,0,100,0,200,0,100.0,5742.0,100.0,41346622632.0,100.0,76405417482.0
2018-09-09,ZJV00BWB,ST12000NM0007,12000138625024,0,75,32885856,97,0,100,3,100,0,89,829737344,94,5811,100,0,100,2,,,,,100.0,0.0,100.0,0.0,,,80.0,20.0,,,100.0,40.0,100.0,304.0,20,20,100,0,100,0,200,0,100.0,5767.0,100.0,41576985536.0,100.0,76620044274.0
2018-09-10,ZJV00BWB,ST12000NM0007,12000138625024,0,82,177060232,97,0,100,3,100,0,89,834711804,94,5837,100,0,100,2,,,,,100.0,0.0,100.0,0.0,,,80.0,20.0,,,100.0,41.0,100.0,305.0,20,20,100,0,100,0,200,0,100.0,5792.0,100.0,41686961392.0,100.0,76898383530.0
2018-09-11,ZJV00BWB,ST12000NM0007,12000138625024,0,80,103477024,97,0,100,3,100,0,89,839707125,94,5860,100,0,100,2,,,,,100.0,0.0,100.0,0.0,,,81.0,19.0,,,100.0,41.0,100.0,306.0,19,19,100,0,100,0,200,0,100.0,5816.0,100.0,41697241792.0,100.0,77302801474.0
2018-09-12,ZJV00BWB,ST12000NM0007,12000138625024,0,79,73322976,97,0,100,3,100,0,89,841631484,94,5884,100,0,100,2,,,,,100.0,0.0,100.0,0.0,,,81.0,19.0,,,100.0,42.0,100.0,307.0,19,19,100,0,100,0,200,0,100.0,5840.0,100.0,41708563000.0,100.0,77505466850.0
2018-09-13,ZJV00BWB,ST12000NM0007,12000138625024,0,64,2572616,97,0,100,3,100,0,89,843533505,94,5904,100,0,100,2,,,,,100.0,0.0,100.0,0.0,,,82.0,18.0,,,100.0,42.0,100.0,308.0,18,18,100,0,100,0,200,0,100.0,5859.0,100.0,41720867232.0,100.0,77666553018.0
2018-09-14,ZJV00BWB,ST12000NM0007,12000138625024,0,82,148896752,97,0,100,3,100,0,89,845133291,94,5926,100,0,100,2,,,,,100.0,0.0,100.0,0.0,,,77.0,23.0,,,100.0,43.0,100.0,309.0,23,23,100,0,100,0,200,0,100.0,5881.0,100.0,41726491488.0,100.0,77807252898.0
2018-09-15,ZJV00BWB,ST12000NM0007,12000138625024,0,83,178217328,97,0,100,3,100,0,89,847812493,94,5952,100,0,100,2,,,,,100.0,0.0,100.0,0.0,,,76.0,24.0,,,100.0,43.0,100.0,310.0,24,24,100,0,100,0,200,0,100.0,5907.0,100.0,41824774600.0,100.0,77982431186.0
2018-09-16,ZJV00BWB,ST12000NM0007,12000138625024,0,76,43510144,97,0,100,3,100,0,89,852143329,94,5975,100,0,100,2,,,,,100.0,0.0,100.0,0.0,,,76.0,24.0,,,100.0,44.0,100.0,311.0,24,24,100,0,100,0,200,0,100.0,5930.0,100.0,41998853296.0,100.0,78161926642.0
2018-09-17,ZJV00BWB,ST12000NM0007,12000138625024,0,82,149724816,97,0,100,3,100,0,89,856210298,94,5998,100,0,100,2,,,,,100.0,0.0,100.0,0.0,,,76.0,24.0,,,100.0,45.0,100.0,312.0,24,24,100,0,100,0,200,0,100.0,5953.0,100.0,42166713128.0,100.0,78344422330.0
2018-09-18,ZJV00BWB,ST12000NM0007,12000138625024,0,75,30046688,97,0,100,3,100,0,89,860528417,94,6023,100,0,100,2,,,,,100.0,0.0,100.0,0.0,,,79.0,21.0,,,100.0,45.0,100.0,313.0,21,21,100,0,100,0,200,0,100.0,5978.0,100.0,42349313400.0,100.0,78530425498.0
2018-09-19,ZJV00BWB,ST12000NM0007,12000138625024,0,80,93865464,97,0,100,3,100,0,89,864445087,94,6046,100,0,100,2,,,,,100.0,0.0,100.0,0.0,,,79.0,21.0,,,100.0,45.0,100.0,314.0,21,21,100,0,100,0,200,0,100.0,6000.0,100.0,42508474912.0,100.0,78679223394.0
2018-09-20,ZJV00BWB,ST12000NM0007,12000138625024,0,83,222912312,97,0,100,3,100,0,89,869309533,94,6070,100,0,100,2,,,,,100.0,0.0,100.0,0.0,,,78.0,22.0,,,100.0,46.0,100.0,315.0,22,22,100,0,100,0,200,0,100.0,6025.0,100.0,42695385840.0,100.0,78865500034.0
2018-09-21,ZJV00BWB,ST12000NM0007,12000138625024,0,80,103773296,97,0,100,3,100,0,89,873947325,94,6096,100,0,100,2,,,,,100.0,0.0,100.0,0.0,,,79.0,21.0,,,100.0,46.0,100.0,316.0,21,21,100,0,100,0,200,0,100.0,6050.0,100.0,42878092136.0,100.0,79051936138.0
2018-09-22,ZJV00BWB,ST12000NM0007,12000138625024,0,83,189750184,97,0,100,3,100,0,89,878793141,94,6119,100,0,100,2,,,,,100.0,0.0,100.0,0.0,,,78.0,22.0,,,100.0,46.0,100.0,317.0,22,22,100,0,100,0,200,0,100.0,6074.0,100.0,43050952152.0,100.0,79209193650.0
2018-09-23,ZJV00BWB,ST12000NM0007,12000138625024,0,75,31482880,97,0,100,3,100,0,89,883310489,93,6142,100,0,100,2,,,,,100.0,0.0,100.0,0.0,,,79.0,21.0,,,100.0,46.0,100.0,318.0,21,21,100,0,100,0,200,0,100.0,6096.0,100.0,43191372416.0,100.0,79398787674.0
2018-09-24,ZJV00BWB,ST12000NM0007,12000138625024,0,82,165985992,97,0,100,3,100,0,89,888194967,93,6167,100,0,100,2,,,,,100.0,0.0,100.0,0.0,,,79.0,21.0,,,100.0,46.0,100.0,319.0,21,21,100,0,100,0,200,0,100.0,6122.0,100.0,43357361432.0,100.0,79611442618.0
2018-09-25,ZJV00BWB,ST12000NM0007,12000138625024,0,84,242951008,97,0,100,3,100,0,90,892739099,93,6191,100,0,100,2,,,,,100.0,0.0,100.0,0.0,,,79.0,21.0,,,100.0,46.0,100.0,320.0,21,21,100,0,100,0,200,0,100.0,6145.0,100.0,43502502768.0,100.0,79787406962.0
2018-09-26,ZJV00BWB,ST12000NM0007,12000138625024,0,80,97088824,97,0,100,3,100,0,90,897500332,93,6214,100,0,100,2,,,,,100.0,0.0,100.0,0.0,,,79.0,21.0,,,100.0,46.0,100.0,321.0,21,21,100,0,100,0,200,0,100.0,6168.0,100.0,43646411440.0,100.0,79985917642.0
2018-09-27,ZJV00BWB,ST12000NM0007,12000138625024,0,84,224888120,97,0,100,3,100,0,90,903448494,93,6240,100,0,100,2,,,,,100.0,0.0,100.0,0.0,,,79.0,21.0,,,100.0,47.0,100.0,322.0,21,21,100,0,100,0,200,0,100.0,6194.0,100.0,43783685272.0,100.0,80220583746.0
2018-09-28,ZJV00BWB,ST12000NM0007,12000138625024,0,82,175150600,97,0,100,3,100,0,90,909388183,93,6266,100,0,100,2,,,,,100.0,0.0,100.0,0.0,,,79.0,21.0,,,100.0,48.0,100.0,323.0,21,21,100,0,100,0,200,0,100.0,6220.0,100.0,43888791880.0,100.0,80554021058.0
2018-09-29,ZJV00BWB,ST12000NM0007,12000138625024,0,77,52848808,97,0,100,3,100,0,90,915433989,93,6290,100,0,100,2,,,,,100.0,0.0,100.0,0.0,,,78.0,22.0,,,100.0,49.0,100.0,324.0,22,22,100,0,100,0,200,0,100.0,6244.0,100.0,43909797000.0,100.0,80898995874.0
2018-09-30,ZJV00BWB,ST12000NM0007,12000138625024,0,82,156738904,97,0,100,3,100,0,90,919343532,93,6315,100,0,100,2,,,,,100.0,0.0,100.0,0.0,,,79.0,21.0,,,100.0,50.0,100.0,325.0,21,21,100,0,100,0,200,0,100.0,6268.0,100.0,43917381712.0,100.0,81239442114.0
2018-10-01,ZJV00BWB,ST12000NM0007,12000138625024,0,78,68369472,97,0,100,3,100,0,90,921710837,93,6339,100,0,100,2,,,,,100.0,0.0,100.0,0.0,,,79.0,21.0,,,100.0,51.0,100.0,326.0,21,21,100,0,100,0,200,0,100.0,6292.0,100.0,43923449456.0,100.0,81389145650.0
2018-10-02,ZJV00BWB,ST12000NM0007,12000138625024,0,79,85105320,97,0,100,3,100,0,90,924371065,93,6363,100,0,100,2,,,,,100.0,0.0,100.0,0.0,,,80.0,20.0,,,100.0,52.0,100.0,327.0,20,20,100,0,100,0,200,0,100.0,6317.0,100.0,43931071760.0,100.0,81642399826.0
2018-10-03,ZJV00BWB,ST12000NM0007,12000138625024,0,84,237196536,97,0,100,3,100,0,90,925536999,93,6388,100,0,100,2,,,,,100.0,0.0,100.0,0.0,,,80.0,20.0,,,100.0,53.0,100.0,328.0,20,20,100,0,100,0,200,0,100.0,6341.0,100.0,43937952952.0,100.0,81787609850.0
2018-10-04,ZJV00BWB,ST12000NM0007,12000138625024,0,83.0,186612704.0,97.0,0.0,100.0,3.0,100.0,0.0,90.0,928146029.0,93.0,6412.0,100.0,0.0,100.0,2.0,,,,,100.0,0.0,100.0,0.0,,,80.0,20.0,,,100.0,54.0,100.0,329.0,20.0,20.0,100.0,0.0,100.0,0.0,200.0,0.0,100.0,6365.0,100.0,43953954088.0,100.0,81965165562.0
2018-10-05,ZJV00BWB,ST12000NM0007,12000138625024,0,81,137590336,97,0,100,3,100,0,90,929646836,93,6436,100,0,100,2,,,,,100.0,0.0,100.0,0.0,,,80.0,20.0,,,100.0,54.0,100.0,330.0,20,20,100,0,100,0,200,0,100.0,6389.0,100.0,43961215512.0,100.0,82153022402.0
2018-10-06,ZJV00BWB,ST12000NM0007,12000138625024,0,81,112462128,97,0,100,3,100,0,90,932681813,93,6460,100,0,100,2,,,,,100.0,0.0,100.0,0.0,,,79.0,21.0,,,100.0,55.0,100.0,331.0,21,21,100,0,100,0,200,0,100.0,6413.0,100.0,43977853496.0,100.0,82355396842.0
2018-10-07,ZJV00BWB,ST12000NM0007,12000138625024,0,75,30218440,97,0,100,3,100,0,90,933905596,93,6484,100,0,100,2,,,,,100.0,0.0,100.0,0.0,,,80.0,20.0,,,100.0,55.0,100.0,332.0,20,20,100,0,100,0,200,0,100.0,6437.0,100.0,43983619264.0,100.0,82511528250.0
2018-10-08,ZJV00BWB,ST12000NM0007,12000138625024,0,83,219278216,97,0,100,3,100,0,90,935476549,93,6508,100,0,100,2,,,,,100.0,0.0,100.0,0.0,,,80.0,20.0,,,100.0,56.0,100.0,333.0,20,20,100,0,100,0,200,0,100.0,6460.0,100.0,43992270952.0,100.0,82691936338.0
2018-10-09,ZJV00BWB,ST12000NM0007,12000138625024,0,80.0,91780720.0,97.0,0.0,100.0,3.0,100.0,0.0,90.0,936355718.0,93.0,6523.0,100.0,0.0,100.0,2.0,,,,,100.0,0.0,100.0,0.0,,,79.0,21.0,,,100.0,57.0,100.0,334.0,21.0,21.0,100.0,0.0,100.0,0.0,200.0,0.0,100.0,6475.0,100.0,43997285720.0,100.0,82803564850.0
2018-10-10,ZJV00BWB,ST12000NM0007,12000138625024,0,80,96690216,97,0,100,3,100,0,90,938441461,93,6555,100,0,100,2,,,,,100.0,0.0,100.0,0.0,,,80.0,20.0,,,100.0,58.0,100.0,335.0,20,20,100,0,100,0,200,0,100.0,6507.0,100.0,44010051208.0,100.0,83039849490.0
2018-10-11,ZJV00BWB,ST12000NM0007,12000138625024,0,80,101740856,97,0,100,3,100,0,90,941385783,93,6579,100,0,100,2,,,,,100.0,0.0,100.0,0.0,,,79.0,21.0,,,100.0,59.0,100.0,336.0,21,21,100,0,100,0,200,0,100.0,6531.0,100.0,44029419360.0,100.0,83269672778.0
2018-10-12,ZJV00BWB,ST12000NM0007,12000138625024,0,78,66648224,97,0,100,3,100,0,90,943005811,93,6603,100,0,100,2,,,,,100.0,0.0,100.0,0.0,,,79.0,21.0,,,100.0,60.0,100.0,337.0,21,21,100,0,100,0,200,0,100.0,6555.0,100.0,44048092832.0,100.0,83460047354.0
2018-10-13,ZJV00BWB,ST12000NM0007,12000138625024,0,76,37270088,97,0,100,3,100,0,90,945997489,93,6627,100,0,100,2,,,,,100.0,0.0,100.0,0.0,,,79.0,21.0,,,100.0,60.0,100.0,338.0,21,21,100,0,100,0,200,0,100.0,6579.0,100.0,44080422256.0,100.0,83642480658.0
2018-10-14,ZJV00BWB,ST12000NM0007,12000138625024,0,84,239110848,97,0,100,3,100,0,90,947863504,93,6651,100,0,100,2,,,,,100.0,0.0,100.0,0.0,,,79.0,21.0,,,100.0,60.0,100.0,339.0,21,21,100,0,100,0,200,0,100.0,6603.0,100.0,44100069016.0,100.0,83824674658.0
2018-10-15,ZJV00BWB,ST12000NM0007,12000138625024,0,82,176940304,97,0,100,3,100,0,90,949662790,93,6675,100,0,100,2,,,,,100.0,0.0,100.0,0.0,,,79.0,21.0,,,100.0,61.0,100.0,340.0,21,21,100,0,100,0,200,0,100.0,6627.0,100.0,44130194840.0,100.0,83976518938.0
2018-10-16,ZJV00BWB,ST12000NM0007,12000138625024,0,79,87046624,97,0,100,3,100,0,90,951868007,93,6699,100,0,100,2,,,,,100.0,0.0,100.0,0.0,,,79.0,21.0,,,100.0,62.0,100.0,341.0,21,21,100,0,100,0,200,0,100.0,6651.0,100.0,44153581288.0,100.0,84107379450.0
2018-10-17,ZJV00BWB,ST12000NM0007,12000138625024,0,100,518240,97,0,100,3,100,0,90,953613759,93,6723,100,0,100,2,,,,,100.0,0.0,100.0,0.0,,,79.0,21.0,,,100.0,62.0,100.0,342.0,21,21,100,0,100,0,200,0,100.0,6674.0,100.0,44178341472.0,100.0,84240231562.0
2018-10-18,ZJV00BWB,ST12000NM0007,12000138625024,0,83,209484896,97,0,100,3,100,0,90,956698178,93,6745,100,0,100,2,,,,,100.0,0.0,100.0,0.0,,,79.0,21.0,,,100.0,62.0,100.0,343.0,21,21,100,0,100,0,200,0,100.0,6696.0,100.0,44212348240.0,100.0,84415191450.0
2018-10-19,ZJV00BWB,ST12000NM0007,12000138625024,0,79,85801832,97,0,100,3,100,0,90,958146302,93,6769,100,0,100,2,,,,,100.0,0.0,100.0,0.0,,,79.0,21.0,,,100.0,62.0,100.0,344.0,21,21,100,0,100,0,200,0,100.0,6720.0,100.0,44237067256.0,100.0,84510930122.0
2018-10-20,ZJV00BWB,ST12000NM0007,12000138625024,0,77,55408232,97,0,100,3,100,0,90,961295394,93,6793,100,0,100,2,,,,,100.0,0.0,100.0,0.0,,,79.0,21.0,,,100.0,63.0,100.0,345.0,21,21,100,0,100,0,200,0,100.0,6744.0,100.0,44281017528.0,100.0,84680727058.0
2018-10-21,ZJV00BWB,ST12000NM0007,12000138625024,0,73,18928696,97,0,100,3,100,0,90,963582279,93,6817,100,0,100,2,,,,,100.0,0.0,100.0,0.0,,,79.0,21.0,,,100.0,64.0,100.0,346.0,21,21,100,0,100,0,200,0,100.0,6768.0,100.0,44317467976.0,100.0,84851937722.0
2018-10-22,ZJV00BWB,ST12000NM0007,12000138625024,0,75,34857440,97,0,100,3,100,0,90,966729692,93,6841,100,0,100,2,,,,,100.0,0.0,100.0,0.0,,,79.0,21.0,,,100.0,64.0,100.0,347.0,21,21,100,0,100,0,200,0,100.0,6792.0,100.0,44346706312.0,100.0,85082768938.0
2018-10-23,ZJV00BWB,ST12000NM0007,12000138625024,0,84,234322880,97,0,100,3,100,0,90,968867012,93,6865,100,0,100,2,,,,,100.0,0.0,100.0,0.0,,,79.0,21.0,,,100.0,65.0,100.0,348.0,21,21,100,0,100,0,200,0,100.0,6815.0,100.0,44377209248.0,100.0,85251731442.0
2018-10-25,ZJV00BWB,ST12000NM0007,12000138625024,0,84,229211880,97,0,100,3,100,0,90,975772363,93,6914,100,0,100,2,,,,,100.0,0.0,100.0,0.0,,,79.0,21.0,,,100.0,65.0,100.0,350.0,21,21,100,0,100,0,200,0,100.0,6864.0,100.0,44476499296.0,100.0,85635611930.0
2018-10-26,ZJV00BWB,ST12000NM0007,12000138625024,0,83,185657480,97,0,100,3,100,0,90,977891790,93,6937,100,0,100,2,,,,,100.0,0.0,100.0,0.0,,,79.0,21.0,,,100.0,66.0,100.0,351.0,21,21,100,0,100,0,200,0,100.0,6887.0,100.0,44502842664.0,100.0,85809854842.0
2018-10-27,ZJV00BWB,ST12000NM0007,12000138625024,0,82,169353664,97,0,100,3,100,0,90,981218075,93,6961,100,0,100,2,,,,,100.0,0.0,100.0,0.0,,,79.0,21.0,,,100.0,67.0,100.0,352.0,21,21,100,0,100,0,200,0,100.0,6912.0,100.0,44544431104.0,100.0,85996103290.0
2018-10-28,ZJV00BWB,ST12000NM0007,12000138625024,0,82,143404400,97,0,100,3,100,0,90,983451493,93,6985,100,0,100,2,,,,,100.0,0.0,100.0,0.0,,,79.0,21.0,,,100.0,67.0,100.0,353.0,21,21,100,0,100,0,200,0,100.0,6935.0,100.0,44580563168.0,100.0,86178162594.0
2018-10-29,ZJV00BWB,ST12000NM0007,12000138625024,0,81,118446632,97,0,100,3,100,0,90,985892428,92,7009,100,0,100,2,,,,,100.0,0.0,100.0,0.0,,,79.0,21.0,,,100.0,67.0,100.0,354.0,21,21,100,0,100,0,200,0,100.0,6959.0,100.0,44612038088.0,100.0,86365870618.0
2018-10-30,ZJV00BWB,ST12000NM0007,12000138625024,0,79,76514968,97,0,100,3,100,0,90,988367410,92,7033,100,0,100,2,,,,,100.0,0.0,100.0,0.0,,,79.0,21.0,,,100.0,68.0,100.0,355.0,21,21,100,0,100,0,200,0,100.0,6983.0,100.0,44664875496.0,100.0,86515242250.0
2018-10-31,ZJV00BWB,ST12000NM0007,12000138625024,0,76,41176800,97.0,0.0,100.0,3.0,100.0,0.0,90.0,990509743.0,92,7057,100.0,0.0,100,2,,,,,100.0,0.0,100.0,0.0,,,79.0,21.0,,,100.0,69.0,100.0,356.0,21,21,100.0,0.0,100.0,0.0,200.0,0.0,100.0,7007.0,100.0,44700176080.0,100.0,86688744202.0
2018-11-01,ZJV00BWB,ST12000NM0007,12000138625024,0,81,130797248,97.0,0.0,100.0,3.0,100.0,0.0,90.0,994720570.0,92,7084,100.0,0.0,100,2,,,,,100.0,0.0,100.0,0.0,,,78.0,22.0,,,100.0,69.0,100.0,358.0,22,22,100.0,0.0,100.0,0.0,200.0,0.0,100.0,7034.0,100.0,44747110248.0,100.0,86975571114.0
2018-11-02,ZJV00BWB,ST12000NM0007,12000138625024,0,81,126436760,97.0,0.0,100.0,3.0,100.0,0.0,90.0,997360066.0,92,7108,100.0,0.0,100,2,,,,,100.0,0.0,100.0,0.0,,,76.0,24.0,,,100.0,69.0,100.0,359.0,24,24,100.0,0.0,100.0,0.0,200.0,0.0,100.0,7058.0,100.0,44788912832.0,100.0,87173548794.0
2018-11-03,ZJV00BWB,ST12000NM0007,12000138625024,0,80,108897720,97.0,0.0,100.0,3.0,100.0,0.0,61.0,1241983.0,92,7132,100.0,0.0,100,2,,,,,100.0,0.0,100.0,0.0,,,78.0,22.0,,,100.0,70.0,100.0,360.0,22,22,100.0,0.0,100.0,0.0,200.0,0.0,100.0,7081.0,100.0,44840522536.0,100.0,87348540722.0
2018-11-04,ZJV00BWB,ST12000NM0007,12000138625024,0,79,79433968,97.0,0.0,100.0,3.0,100.0,0.0,66.0,3680397.0,92,7156,100.0,0.0,100,2,,,,,100.0,0.0,100.0,0.0,,,79.0,21.0,,,100.0,70.0,100.0,361.0,21,21,100.0,0.0,100.0,0.0,200.0,0.0,100.0,7105.0,100.0,44890952512.0,100.0,87512787754.0
2018-11-05,ZJV00BWB,ST12000NM0007,12000138625024,0,75,35001352,97.0,0.0,100.0,3.0,100.0,0.0,68.0,5994602.0,92,7180,100.0,0.0,100,2,,,,,100.0,0.0,100.0,0.0,,,79.0,21.0,,,100.0,70.0,100.0,362.0,21,21,100.0,0.0,100.0,0.0,200.0,0.0,100.0,7129.0,100.0,44937407472.0,100.0,87666040954.0
2018-11-06,ZJV00BWB,ST12000NM0007,12000138625024,0,67.0,5418776.0,97.0,0.0,100.0,3.0,100.0,0.0,69.0,8355287.0,92.0,7205.0,100.0,0.0,100.0,2.0,,,,,100.0,0.0,100.0,0.0,,,79.0,21.0,,,100.0,71.0,100.0,363.0,21.0,21.0,100.0,0.0,100.0,0.0,200.0,0.0,100.0,7153.0,100.0,44982246288.0,100.0,87835760194.0
2018-11-07,ZJV00BWB,ST12000NM0007,12000138625024,0,83.0,196901208.0,97.0,0.0,100.0,3.0,100.0,0.0,70.0,10704867.0,92.0,7229.0,100.0,0.0,100.0,2.0,,,,,100.0,0.0,100.0,0.0,,,79.0,21.0,,,100.0,71.0,100.0,364.0,21.0,21.0,100.0,0.0,100.0,0.0,200.0,0.0,100.0,7177.0,100.0,45015522288.0,100.0,87993966626.0
2018-11-08,ZJV00BWB,ST12000NM0007,12000138625024,0,83.0,199123976.0,97.0,0.0,100.0,3.0,100.0,0.0,72.0,14323921.0,92.0,7251.0,100.0,0.0,100.0,2.0,,,,,100.0,0.0,100.0,0.0,,,79.0,21.0,,,100.0,71.0,100.0,365.0,21.0,21.0,100.0,0.0,100.0,0.0,200.0,0.0,100.0,7199.0,100.0,45055444992.0,100.0,88200407514.0
2018-11-09,ZJV00BWB,ST12000NM0007,12000138625024,0,83,177926680,97.0,0.0,100.0,3.0,100.0,0.0,72.0,17320232.0,92,7275,100.0,0.0,100,2,,,,,100.0,0.0,100.0,0.0,,,79.0,21.0,,,100.0,72.0,100.0,366.0,21,21,100.0,0.0,100.0,0.0,200.0,0.0,100.0,7223.0,100.0,45095736632.0,100.0,88383059322.0
2018-11-10,ZJV00BWB,ST12000NM0007,12000138625024,0,83,187401152,97.0,0.0,100.0,3.0,100.0,0.0,73.0,21101286.0,92,7298,100.0,0.0,100,2,,,,,100.0,0.0,100.0,0.0,,,79.0,21.0,,,100.0,73.0,100.0,367.0,21,21,100.0,0.0,100.0,0.0,200.0,0.0,100.0,7246.0,100.0,45138455992.0,100.0,88593955122.0
2018-11-11,ZJV00BWB,ST12000NM0007,12000138625024,0,83,189119352,97.0,0.0,100.0,3.0,100.0,0.0,74.0,23823292.0,92,7322,100.0,0.0,100,2,,,,,100.0,0.0,100.0,0.0,,,79.0,21.0,,,100.0,73.0,100.0,368.0,21,21,100.0,0.0,100.0,0.0,200.0,0.0,100.0,7270.0,100.0,45164139928.0,100.0,88814130154.0
2018-11-12,ZJV00BWB,ST12000NM0007,12000138625024,0,82,143236936,97.0,0.0,100.0,3.0,100.0,0.0,74.0,26795234.0,92,7347,100.0,0.0,100,2,,,,,100.0,0.0,100.0,0.0,,,79.0,21.0,,,100.0,74.0,100.0,369.0,21,21,100.0,0.0,100.0,0.0,200.0,0.0,100.0,7295.0,100.0,45206637880.0,100.0,88969890442.0
2018-11-13,ZJV00BWB,ST12000NM0007,12000138625024,0,79,80477800,97.0,0.0,100.0,3.0,100.0,0.0,75.0,29300626.0,92,7370,100.0,0.0,100,2,,,,,100.0,0.0,100.0,0.0,,,79.0,21.0,,,100.0,74.0,100.0,370.0,21,21,100.0,0.0,100.0,0.0,200.0,0.0,100.0,7318.0,100.0,45255636776.0,100.0,89102273266.0
2018-11-14,ZJV00BWB,ST12000NM0007,12000138625024,0,65,3435136,97.0,0.0,100.0,3.0,100.0,0.0,75.0,31275913.0,92,7392,100.0,0.0,100,2,,,,,100.0,0.0,100.0,0.0,,,79.0,21.0,,,100.0,74.0,100.0,375.0,21,21,100.0,0.0,100.0,0.0,200.0,0.0,100.0,7338.0,100.0,45291758560.0,100.0,89233249540.0
2018-11-15,ZJV00BWB,ST12000NM0007,12000138625024,0,84,230431072,97.0,0.0,100.0,3.0,100.0,0.0,75.0,34651384.0,92,7416,100.0,0.0,100,2,,,,,100.0,0.0,100.0,0.0,,,78.0,22.0,,,100.0,75.0,100.0,376.0,22,22,100.0,0.0,100.0,0.0,200.0,0.0,100.0,7362.0,100.0,45352566752.0,100.0,89399437284.0
2018-11-16,ZJV00BWB,ST12000NM0007,12000138625024,0,83,186635640,97.0,0.0,100.0,3.0,100.0,0.0,76.0,37012990.0,92,7438,100.0,0.0,100,2,,,,,100.0,0.0,100.0,0.0,,,79.0,21.0,,,100.0,75.0,100.0,377.0,21,21,100.0,0.0,100.0,0.0,200.0,0.0,100.0,7385.0,100.0,45394235200.0,100.0,89558114100.0
2018-11-17,ZJV00BWB,ST12000NM0007,12000138625024,0,83.0,181717784.0,97.0,0.0,100.0,3.0,100.0,0.0,76.0,40595277.0,92.0,7464.0,100.0,0.0,100.0,2.0,,,,,100.0,0.0,100.0,0.0,,,79.0,21.0,,,100.0,75.0,100.0,378.0,21.0,21.0,100.0,0.0,100.0,0.0,200.0,0.0,100.0,7410.0,100.0,45451288736.0,100.0,89740283468.0
2018-11-18,ZJV00BWB,ST12000NM0007,12000138625024,0,80,107067640,97.0,0.0,100.0,3.0,100.0,0.0,76.0,42743405.0,92,7487,100.0,0.0,100,2,,,,,100.0,0.0,100.0,0.0,,,79.0,21.0,,,100.0,75.0,100.0,379.0,21,21,100.0,0.0,100.0,0.0,200.0,0.0,100.0,7432.0,100.0,45479868672.0,100.0,89881194156.0
2018-11-19,ZJV00BWB,ST12000NM0007,12000138625024,0,77,47368312,97.0,0.0,100.0,3.0,100.0,0.0,77.0,44924516.0,92,7510,100.0,0.0,100,2,,,,,100.0,0.0,100.0,0.0,,,78.0,22.0,,,100.0,75.0,100.0,380.0,22,22,100.0,0.0,100.0,0.0,200.0,0.0,100.0,7455.0,100.0,45515582768.0,100.0,90029921524.0
2018-11-20,ZJV00BWB,ST12000NM0007,12000138625024,0,72,17526848,95.0,0.0,100.0,4.0,100.0,0.0,77.0,47200974.0,92,7539,100.0,0.0,100,3,,,,,100.0,0.0,100.0,0.0,,,79.0,21.0,,,100.0,76.0,100.0,384.0,21,21,100.0,0.0,100.0,0.0,200.0,0.0,100.0,7483.0,100.0,45554036208.0,100.0,90205767358.0
2018-11-21,ZJV00BWB,ST12000NM0007,12000138625024,0,83,200625812,95.0,0.0,100.0,4.0,100.0,0.0,77.0,48904193.0,92,7561,100.0,0.0,100,3,,,,,100.0,0.0,100.0,0.0,,,79.0,21.0,,,100.0,77.0,100.0,385.0,21,21,100.0,0.0,100.0,0.0,200.0,0.0,100.0,7506.0,100.0,45587736664.0,100.0,90355165866.0
2018-11-22,ZJV00BWB,ST12000NM0007,12000138625024,0,83,198542356,95.0,0.0,100.0,4.0,100.0,0.0,77.0,51987786.0,92,7583,100.0,0.0,100,3,,,,,100.0,0.0,100.0,0.0,,,79.0,21.0,,,100.0,78.0,100.0,386.0,21,21,100.0,0.0,100.0,0.0,200.0,0.0,100.0,7527.0,100.0,45627867312.0,100.0,90557092406.0
2018-11-23,ZJV00BWB,ST12000NM0007,12000138625024,0,82,168082744,90.0,0.0,100.0,10.0,100.0,0.0,77.0,54320908.0,92,7609,100.0,0.0,100,9,,,,,100.0,0.0,100.0,0.0,,,79.0,21.0,,,100.0,83.0,100.0,395.0,21,21,100.0,0.0,100.0,0.0,200.0,0.0,100.0,7552.0,100.0,45659862064.0,100.0,90738778946.0
2018-11-24,ZJV00BWB,ST12000NM0007,12000138625024,0,82,163240072,90.0,0.0,100.0,10.0,100.0,0.0,78.0,57794540.0,92,7633,100.0,0.0,100,9,,,,,100.0,0.0,100.0,0.0,,,78.0,22.0,,,100.0,84.0,100.0,396.0,22,22,100.0,0.0,100.0,0.0,200.0,0.0,100.0,7576.0,100.0,45722229816.0,100.0,90915709362.0
2018-11-25,ZJV00BWB,ST12000NM0007,12000138625024,0,83,178355600,90.0,0.0,100.0,10.0,100.0,0.0,78.0,60384701.0,92,7657,100.0,0.0,100,9,,,,,100.0,0.0,100.0,0.0,,,78.0,22.0,,,100.0,84.0,100.0,397.0,22,22,100.0,0.0,100.0,0.0,200.0,0.0,100.0,7601.0,100.0,45774921664.0,100.0,91122273922.0
2018-11-26,ZJV00BWB,ST12000NM0007,12000138625024,0,83,195307176,90.0,0.0,100.0,10.0,100.0,0.0,78.0,62663619.0,92,7681,100.0,0.0,100,9,,,,,100.0,0.0,100.0,0.0,,,78.0,22.0,,,100.0,84.0,100.0,398.0,22,22,100.0,0.0,100.0,0.0,200.0,0.0,100.0,7624.0,100.0,45833685104.0,100.0,91324602754.0
2018-11-27,ZJV00BWB,ST12000NM0007,12000138625024,0,83,204345488,90.0,0.0,100.0,10.0,100.0,0.0,78.0,65178846.0,92,7705,100.0,0.0,100,9,,,,,100.0,0.0,100.0,0.0,,,79.0,21.0,,,100.0,85.0,100.0,399.0,21,21,100.0,0.0,100.0,0.0,200.0,0.0,100.0,7648.0,100.0,45891697280.0,100.0,91519769714.0
2018-11-28,ZJV00BWB,ST12000NM0007,12000138625024,0,83,222248376,90.0,0.0,100.0,10.0,100.0,0.0,78.0,67716547.0,92,7728,100.0,0.0,100,9,,,,,100.0,0.0,100.0,0.0,,,79.0,21.0,,,100.0,85.0,100.0,399.0,21,21,100.0,0.0,100.0,0.0,200.0,0.0,100.0,7671.0,100.0,45937821712.0,100.0,91735688866.0
2018-11-29,ZJV00BWB,ST12000NM0007,12000138625024,0,76,43066032,90.0,0.0,100.0,10.0,100.0,0.0,79.0,71281516.0,92,7751,100.0,0.0,100,9,,,,,100.0,0.0,100.0,0.0,,,80.0,20.0,,,100.0,86.0,100.0,400.0,20,20,100.0,0.0,100.0,0.0,200.0,0.0,100.0,7695.0,100.0,45992125384.0,100.0,91990484210.0
2018-11-30,ZJV00BWB,ST12000NM0007,12000138625024,0,77,45483880,90.0,0.0,100.0,10.0,100.0,0.0,79.0,73574805.0,92,7776,100.0,0.0,100,9,,,,,100.0,0.0,100.0,0.0,,,79.0,21.0,,,100.0,86.0,100.0,401.0,21,21,100.0,0.0,100.0,0.0,200.0,0.0,100.0,7719.0,100.0,46030920648.0,100.0,92198247490.0
2018-12-01,ZJV00BWB,ST12000NM0007,12000138625024,0,76,43256752,90.0,0.0,100.0,10.0,100.0,0.0,79.0,77343601.0,92,7801,100.0,0.0,100,9,,,,,100.0,0.0,100.0,0.0,,,81.0,19.0,,,100.0,86.0,100.0,402.0,19,19,100.0,0.0,100.0,0.0,200.0,0.0,100.0,7744.0,100.0,46082546656.0,100.0,92388535058.0
2018-12-02,ZJV00BWB,ST12000NM0007,12000138625024,0,84,235422656,90.0,0.0,100.0,10.0,100.0,0.0,79.0,79163761.0,92,7823,100.0,0.0,100,9,,,,,100.0,0.0,100.0,0.0,,,81.0,19.0,,,100.0,86.0,100.0,403.0,19,19,100.0,0.0,100.0,0.0,200.0,0.0,100.0,7766.0,100.0,46125064512.0,100.0,92538183106.0
2018-12-03,ZJV00BWB,ST12000NM0007,12000138625024,0,83,214731648,90.0,0.0,100.0,10.0,100.0,0.0,79.0,81085983.0,92,7849,100.0,0.0,100,9,,,,,100.0,0.0,100.0,0.0,,,81.0,19.0,,,100.0,86.0,100.0,404.0,19,19,100.0,0.0,100.0,0.0,200.0,0.0,100.0,7792.0,100.0,46163471376.0,100.0,92723225914.0
2018-12-04,ZJV00BWB,ST12000NM0007,12000138625024,0,83,190756712,90.0,0.0,100.0,10.0,100.0,0.0,79.0,83482952.0,92,7872,100.0,0.0,100,9,,,,,100.0,0.0,100.0,0.0,,,81.0,19.0,,,100.0,87.0,100.0,405.0,19,19,100.0,0.0,100.0,0.0,200.0,0.0,100.0,7815.0,100.0,46201757112.0,100.0,92905105874.0
2018-12-05,ZJV00BWB,ST12000NM0007,12000138625024,0,83.0,185452080.0,90.0,0.0,100.0,10.0,100.0,0.0,79.0,85975570.0,91.0,7897.0,100.0,0.0,100.0,9.0,,,,,100.0,0.0,100.0,0.0,,,81.0,19.0,,,100.0,87.0,100.0,406.0,19.0,19.0,100.0,0.0,100.0,0.0,200.0,0.0,100.0,7840.0,100.0,46258968528.0,100.0,93086731058.0
2018-12-06,ZJV00BWB,ST12000NM0007,12000138625024,0,83,191471624,90.0,0.0,100.0,10.0,100.0,0.0,80.0,89685634.0,91,7924,100.0,0.0,100,9,,,,,100.0,0.0,100.0,0.0,,,81.0,19.0,,,100.0,88.0,100.0,408.0,19,19,100.0,0.0,100.0,0.0,200.0,0.0,100.0,7866.0,100.0,46328131904.0,100.0,93267727962.0
2018-12-07,ZJV00BWB,ST12000NM0007,12000138625024,0,81,121267776,90.0,0.0,100.0,10.0,100.0,0.0,80.0,91474134.0,91,7948,100.0,0.0,100,9,,,,,100.0,0.0,100.0,0.0,,,81.0,19.0,,,100.0,89.0,100.0,409.0,19,19,100.0,0.0,100.0,0.0,200.0,0.0,100.0,7891.0,100.0,46368111672.0,100.0,93401685010.0
2018-12-08,ZJV00BWB,ST12000NM0007,12000138625024,0,78,66817624,90.0,0.0,100.0,10.0,100.0,0.0,80.0,94429866.0,91,7971,100.0,0.0,100,9,,,,,100.0,0.0,100.0,0.0,,,81.0,19.0,,,100.0,90.0,100.0,410.0,19,19,100.0,0.0,100.0,0.0,200.0,0.0,100.0,7913.0,100.0,46416832680.0,100.0,93542654602.0
2018-12-09,ZJV00BWB,ST12000NM0007,12000138625024,0,84,240915064,90.0,0.0,100.0,10.0,100.0,0.0,80.0,96116959.0,91,7995,100.0,0.0,100,9,,,,,100.0,0.0,100.0,0.0,,,81.0,19.0,,,100.0,90.0,100.0,411.0,19,19,100.0,0.0,100.0,0.0,200.0,0.0,100.0,7937.0,100.0,46453581880.0,100.0,93680002842.0
2018-12-10,ZJV00BWB,ST12000NM0007,12000138625024,0,82,163819512,90.0,0.0,100.0,10.0,100.0,0.0,80.0,97773226.0,91,8019,100.0,0.0,100,9,,,,,100.0,0.0,100.0,0.0,,,81.0,19.0,,,100.0,91.0,100.0,412.0,19,19,100.0,0.0,100.0,0.0,200.0,0.0,100.0,7961.0,100.0,46491371320.0,100.0,93809258834.0
2018-12-11,ZJV00BWB,ST12000NM0007,12000138625024,0,76,36403168,90.0,0.0,100.0,10.0,100.0,0.0,80.0,99186614.0,91,8043,100.0,0.0,100,9,,,,,100.0,0.0,100.0,0.0,,,82.0,18.0,,,100.0,92.0,100.0,413.0,18,18,100.0,0.0,100.0,0.0,200.0,0.0,100.0,7985.0,100.0,46523786824.0,100.0,93893567810.0
2018-12-12,ZJV00BWB,ST12000NM0007,12000138625024,0,64,2684968,90.0,0.0,100.0,10.0,100.0,0.0,80.0,101433767.0,91,8067,100.0,0.0,100,9,,,,,100.0,0.0,100.0,0.0,,,81.0,19.0,,,100.0,93.0,100.0,414.0,19,19,100.0,0.0,100.0,0.0,200.0,0.0,100.0,8009.0,100.0,46569563944.0,100.0,94058213250.0
2018-12-13,ZJV00BWB,ST12000NM0007,12000138625024,0,83,204996720,90.0,0.0,100.0,10.0,100.0,0.0,80.0,104468217.0,91,8092,100.0,0.0,100,9,,,,,100.0,0.0,100.0,0.0,,,79.0,21.0,,,100.0,94.0,100.0,415.0,21,21,100.0,0.0,100.0,0.0,200.0,0.0,100.0,8033.0,100.0,46625414896.0,100.0,94204674050.0
2018-12-14,ZJV00BWB,ST12000NM0007,12000138625024,0,80,92151352,90.0,0.0,100.0,10.0,100.0,0.0,80.0,106164259.0,91,8116,100.0,0.0,100,9,,,,,100.0,0.0,100.0,0.0,,,80.0,20.0,,,100.0,94.0,100.0,416.0,20,20,100.0,0.0,100.0,0.0,200.0,0.0,100.0,8058.0,100.0,46662246112.0,100.0,94299138170.0
2018-12-15,ZJV00BWB,ST12000NM0007,12000138625024,0,75,29152056,90.0,0.0,100.0,10.0,100.0,0.0,80.0,109296124.0,91,8140,100.0,0.0,100,9,,,,,100.0,0.0,100.0,0.0,,,80.0,20.0,,,100.0,95.0,100.0,417.0,20,20,100.0,0.0,100.0,0.0,200.0,0.0,100.0,8082.0,100.0,46706275552.0,100.0,94436250066.0
2018-12-16,ZJV00BWB,ST12000NM0007,12000138625024,0,82,165917312,90.0,0.0,100.0,10.0,100.0,0.0,80.0,110887004.0,91,8164,100.0,0.0,100,9,,,,,100.0,0.0,100.0,0.0,,,80.0,20.0,,,100.0,96.0,100.0,418.0,20,20,100.0,0.0,100.0,0.0,200.0,0.0,100.0,8106.0,100.0,46740187024.0,100.0,94539103850.0
2018-12-17,ZJV00BWB,ST12000NM0007,12000138625024,0,79,85854432,90.0,0.0,100.0,10.0,100.0,0.0,81.0,112603184.0,91,8187,100.0,0.0,100,9,,,,,100.0,0.0,100.0,0.0,,,80.0,20.0,,,100.0,96.0,100.0,419.0,20,20,100.0,0.0,100.0,0.0,200.0,0.0,100.0,8128.0,100.0,46782367112.0,100.0,94661001666.0
2018-12-18,ZJV00BWB,ST12000NM0007,12000138625024,0,79,84743880,90.0,0.0,100.0,10.0,100.0,0.0,81.0,115452782.0,91,8211,100.0,0.0,100,9,,,,,100.0,0.0,100.0,0.0,,,80.0,20.0,,,100.0,96.0,100.0,420.0,20,20,100.0,0.0,100.0,0.0,200.0,0.0,100.0,8152.0,100.0,46856949496.0,100.0,94829449370.0
2018-12-19,ZJV00BWB,ST12000NM0007,12000138625024,0,83,217115160,90.0,0.0,100.0,10.0,100.0,0.0,81.0,117032805.0,91,8235,100.0,0.0,100,9,,,,,100.0,0.0,100.0,0.0,,,80.0,20.0,,,100.0,97.0,100.0,421.0,20,20,100.0,0.0,100.0,0.0,200.0,0.0,100.0,8176.0,100.0,46895977208.0,100.0,94922792938.0
2018-12-20,ZJV00BWB,ST12000NM0007,12000138625024,0,83,218937736,90.0,0.0,100.0,10.0,100.0,0.0,81.0,120739116.0,91,8260,100.0,0.0,100,9,,,,,100.0,0.0,100.0,0.0,,,80.0,20.0,,,100.0,97.0,100.0,422.0,20,20,100.0,0.0,100.0,0.0,200.0,0.0,100.0,8201.0,100.0,46944642632.0,100.0,95120090874.0
2018-12-21,ZJV00BWB,ST12000NM0007,12000138625024,0,81,121104672,90.0,0.0,100.0,10.0,100.0,0.0,81.0,122559467.0,91,8284,100.0,0.0,100,9,,,,,100.0,0.0,100.0,0.0,,,79.0,21.0,,,100.0,97.0,100.0,423.0,21,21,100.0,0.0,100.0,0.0,200.0,0.0,100.0,8225.0,100.0,46990730448.0,100.0,95220310634.0
2018-12-22,ZJV00BWB,ST12000NM0007,12000138625024,0,80,103750792,90.0,0.0,100.0,10.0,100.0,0.0,81.0,125793789.0,91,8307,100.0,0.0,100,9,,,,,100.0,0.0,100.0,0.0,,,79.0,21.0,,,100.0,97.0,100.0,424.0,21,21,100.0,0.0,100.0,0.0,200.0,0.0,100.0,8248.0,100.0,47042699464.0,100.0,95395128370.0
2018-12-23,ZJV00BWB,ST12000NM0007,12000138625024,0,80,90589152,90.0,0.0,100.0,10.0,100.0,0.0,81.0,127983734.0,91,8331,100.0,0.0,100,9,,,,,100.0,0.0,100.0,0.0,,,79.0,21.0,,,100.0,97.0,100.0,425.0,21,21,100.0,0.0,100.0,0.0,200.0,0.0,100.0,8272.0,100.0,47082413712.0,100.0,95586393258.0
2018-12-24,ZJV00BWB,ST12000NM0007,12000138625024,0,70,10269496,90.0,0.0,100.0,10.0,100.0,0.0,81.0,130097428.0,91,8355,100.0,0.0,100,9,,,,,100.0,0.0,100.0,0.0,,,80.0,20.0,,,100.0,97.0,100.0,426.0,20,20,100.0,0.0,100.0,0.0,200.0,0.0,100.0,8296.0,100.0,47140310440.0,100.0,95692317610.0
2018-12-25,ZJV00BWB,ST12000NM0007,12000138625024,0,100,216576,90.0,0.0,100.0,10.0,100.0,0.0,81.0,132379842.0,91,8380,100.0,0.0,100,9,,,,,100.0,0.0,100.0,0.0,,,79.0,21.0,,,100.0,97.0,100.0,427.0,21,21,100.0,0.0,100.0,0.0,200.0,0.0,100.0,8321.0,100.0,47183563880.0,100.0,95883152002.0
2018-12-26,ZJV00BWB,ST12000NM0007,12000138625024,0,83,204589072,90.0,0.0,100.0,10.0,100.0,0.0,81.0,134766408.0,91,8404,100.0,0.0,100,9,,,,,100.0,0.0,100.0,0.0,,,80.0,20.0,,,100.0,98.0,100.0,428.0,20,20,100.0,0.0,100.0,0.0,200.0,0.0,100.0,8345.0,100.0,47224743840.0,100.0,96046344538.0
2018-12-27,ZJV00BWB,ST12000NM0007,12000138625024,0,82,153658960,90.0,0.0,100.0,10.0,100.0,0.0,81.0,137665264.0,91,8428,100.0,0.0,100,9,,,,,100.0,0.0,100.0,0.0,,,80.0,20.0,,,100.0,98.0,100.0,429.0,20,20,100.0,0.0,100.0,0.0,200.0,0.0,100.0,8369.0,100.0,47267264416.0,100.0,96197034786.0
2018-12-28,ZJV00BWB,ST12000NM0007,12000138625024,0,82,150596760,90.0,0.0,100.0,10.0,100.0,0.0,81.0,140095562.0,91,8452,100.0,0.0,100,9,,,,,100.0,0.0,100.0,0.0,,,80.0,20.0,,,100.0,98.0,100.0,430.0,20,20,100.0,0.0,100.0,0.0,200.0,0.0,100.0,8392.0,100.0,47310802848.0,100.0,96394574970.0
2018-12-29,ZJV00BWB,ST12000NM0007,12000138625024,0,79,80160880,90.0,0.0,100.0,10.0,100.0,0.0,82.0,143373135.0,91,8475,100.0,0.0,100,9,,,,,100.0,0.0,100.0,0.0,,,79.0,21.0,,,100.0,98.0,100.0,431.0,21,21,100.0,0.0,100.0,0.0,200.0,0.0,100.0,8416.0,100.0,47359255008.0,100.0,96519827562.0
2018-12-30,ZJV00BWB,ST12000NM0007,12000138625024,0,75,32622968,90.0,0.0,100.0,10.0,100.0,0.0,82.0,145771547.0,91,8500,100.0,0.0,100,9,,,,,100.0,0.0,100.0,0.0,,,80.0,20.0,,,100.0,99.0,100.0,432.0,20,20,100.0,0.0,100.0,0.0,200.0,0.0,100.0,8440.0,100.0,47407171872.0,100.0,96668513794.0
2018-12-31,ZJV00BWB,ST12000NM0007,12000138625024,0,84,237325888,90.0,0.0,100.0,10.0,100.0,0.0,82.0,147911819.0,91,8523,100.0,0.0,100,9,,,,,100.0,0.0,100.0,0.0,,,80.0,20.0,,,100.0,99.0,100.0,433.0,20,20,100.0,0.0,100.0,0.0,200.0,0.0,100.0,8463.0,100.0,47436921088.0,100.0,96843467506.0
