2018-01-06,ZJV009MM,ST12000NM0007,12000138625024,0,81,137874736,97,0,100,2,100,0,63,1806177,100,287,100,0,100,2,,,,,100.0,0.0,100.0,0.0,,,69.0,31.0,,,100.0,0.0,100.0,535.0,31,31,100,0,100,0,200,0,100.0,25.0,100.0,599887720.0,100.0,270410306.0
2018-01-07,ZJV009MM,ST12000NM0007,12000138625024,0,82,146732578,97,0,100,2,100,0,63,1916125,100,310,100,0,100,2,,,,,100.0,0.0,100.0,0.0,,,68.0,32.0,,,100.0,1.0,100.0,536.0,32,32,100,0,100,0,200,0,100.0,48.0,100.0,608528320.0,100.0,270627548.0
2018-01-08,ZJV009MM,ST12000NM0007,12000138625024,0,83,211281700,97,0,100,2,100,0,64,2471999,100,339,100,0,100,2,,,,,100.0,0.0,100.0,0.0,,,66.0,34.0,,,100.0,2.0,100.0,537.0,34,34,100,0,100,0,200,0,100.0,76.0,100.0,631096160.0,100.0,312608830.0
2018-01-09,ZJV009MM,ST12000NM0007,12000138625024,0,78,63129832,97,0,100,2,100,0,67,4552338,100,361,100,0,100,2,,,,,100.0,0.0,100.0,0.0,,,64.0,36.0,,,100.0,2.0,100.0,538.0,36,36,100,0,100,0,200,0,100.0,98.0,100.0,810445864.0,100.0,473388838.0
2018-01-10,ZJV009MM,ST12000NM0007,12000138625024,0,82,168566144,97,0,100,2,100,0,69,7717298,100,383,100,0,100,2,,,,,100.0,0.0,100.0,0.0,,,65.0,35.0,,,100.0,2.0,100.0,539.0,35,35,100,0,100,0,200,0,100.0,120.0,100.0,1123008464.0,100.0,754544030.0
2018-01-11,ZJV009MM,ST12000NM0007,12000138625024,0,83,179314560,97,0,100,2,100,0,71,12085211,100,414,100,0,100,2,,,,,100.0,0.0,100.0,0.0,,,63.0,37.0,,,100.0,2.0,100.0,540.0,37,37,100,0,100,0,200,0,100.0,150.0,100.0,1475054000.0,100.0,1145669446.0
2018-01-12,ZJV009MM,ST12000NM0007,12000138625024,0,77,50089368,97,0,100,2,100,0,72,15511409,100,436,100,0,100,2,,,,,100.0,0.0,100.0,0.0,,,64.0,36.0,,,100.0,2.0,100.0,541.0,36,36,100,0,100,0,200,0,100.0,173.0,100.0,1801775984.0,100.0,1422144462.0
2018-01-13,ZJV009MM,ST12000NM0007,12000138625024,0,82.0,146694608.0,97.0,0.0,100.0,2.0,100,0,73.0,18961052.0,100,460,100.0,0.0,100,2,,,,,100.0,0.0,100.0,0.0,,,64.0,36.0,,,100.0,2.0,100.0,542.0,36.0,36.0,100.0,0.0,100.0,0.0,200,0,100.0,196.0,100.0,2118679424.0,100.0,1690127942.0
2018-01-14,ZJV009MM,ST12000NM0007,12000138625024,0,80.0,111175328.0,97.0,0.0,100.0,2.0,100,0,74.0,22873755.0,100,485,100.0,0.0,100,2,,,,,100.0,0.0,100.0,0.0,,,64.0,36.0,,,100.0,2.0,100.0,543.0,36.0,36.0,100.0,0.0,100.0,0.0,200,0,100.0,222.0,100.0,2476440800.0,100.0,2029269478.0
2018-01-15,ZJV009MM,ST12000NM0007,12000138625024,0,76.0,36089864.0,97.0,0.0,100.0,2.0,100,0,74.0,26512893.0,100,509,100.0,0.0,100,2,,,,,100.0,0.0,100.0,0.0,,,64.0,36.0,,,100.0,2.0,100.0,544.0,36.0,36.0,100.0,0.0,100.0,0.0,200,0,100.0,245.0,100.0,2819500168.0,100.0,2343547174.0
2018-01-16,ZJV009MM,ST12000NM0007,12000138625024,0,83.0,187010144.0,97.0,0.0,100.0,2.0,100,0,75.0,30169089.0,100,533,100.0,0.0,100,2,,,,,100.0,0.0,100.0,0.0,,,65.0,35.0,,,100.0,3.0,100.0,545.0,35.0,35.0,100.0,0.0,100.0,0.0,200,0,100.0,269.0,100.0,3149324488.0,100.0,2652925054.0
2018-01-17,ZJV009MM,ST12000NM0007,12000138625024,0,81.0,140912920.0,97.0,0.0,100.0,2.0,100,0,75.0,33995796.0,100,558,100.0,0.0,100,2,,,,,100.0,0.0,100.0,0.0,,,64.0,36.0,,,100.0,3.0,100.0,546.0,36.0,36.0,100.0,0.0,100.0,0.0,200,0,100.0,293.0,100.0,3509890352.0,100.0,2978684406.0
2018-01-18,ZJV009MM,ST12000NM0007,12000138625024,0,84.0,231323472.0,97.0,0.0,100.0,2.0,100.0,0.0,76.0,35950526.0,100.0,572.0,100.0,0.0,100.0,2.0,,,,,100.0,0.0,100.0,0.0,,,65.0,35.0,,,100.0,3.0,100.0,547.0,35.0,35.0,100.0,0.0,100.0,0.0,200.0,0.0,100.0,307.0,100.0,3672883104.0,100.0,3150243302.0
2018-01-19,ZJV009MM,ST12000NM0007,12000138625024,0,83.0,197692240.0,97.0,0.0,100.0,2.0,100.0,0.0,76.0,39758371.0,100.0,596.0,100.0,0.0,100.0,2.0,,,,,100.0,0.0,100.0,0.0,,,66.0,34.0,,,100.0,3.0,100.0,548.0,34.0,34.0,100.0,0.0,100.0,0.0,200.0,0.0,100.0,331.0,100.0,4015279296.0,100.0,3506638550.0
2018-01-20,ZJV009MM,ST12000NM0007,12000138625024,0,81.0,116223328.0,97.0,0.0,100.0,2.0,100,0,76.0,43449750.0,100,621,100.0,0.0,100,2,,,,,100.0,0.0,100.0,0.0,,,65.0,35.0,,,100.0,3.0,100.0,549.0,35.0,35.0,100.0,0.0,100.0,0.0,200,0,100.0,356.0,100.0,4341966632.0,100.0,3830905006.0
2018-01-21,ZJV009MM,ST12000NM0007,12000138625024,0,84.0,225531416.0,97.0,0.0,100.0,2.0,100,0,77.0,45336748.0,100,633,100.0,0.0,100,2,,,,,100.0,0.0,100.0,0.0,,,65.0,35.0,,,100.0,3.0,100.0,550.0,35.0,35.0,100.0,0.0,100.0,0.0,200,0,100.0,368.0,100.0,4520236760.0,100.0,4006083718.0
2018-01-22,ZJV009MM,ST12000NM0007,12000138625024,0,67.0,4579888.0,97.0,0.0,100.0,2.0,100,0,77.0,50778688.0,100,668,100.0,0.0,100,2,,,,,100.0,0.0,100.0,0.0,,,66.0,34.0,,,100.0,3.0,100.0,551.0,34.0,34.0,100.0,0.0,100.0,0.0,200,0,100.0,402.0,100.0,5021404248.0,100.0,4504668814.0
2018-01-23,ZJV009MM,ST12000NM0007,12000138625024,0,83.0,191015016.0,97.0,0.0,100.0,2.0,100,0,77.0,54593555.0,100,692,100.0,0.0,100,2,,,,,100.0,0.0,100.0,0.0,,,66.0,34.0,,,100.0,3.0,100.0,552.0,34.0,34.0,100.0,0.0,100.0,0.0,200,0,100.0,427.0,100.0,5359128704.0,100.0,4841660910.0
2018-01-24,ZJV009MM,ST12000NM0007,12000138625024,0,79.0,86908712.0,97.0,0.0,100.0,2.0,100,0,78.0,59651811.0,100,724,100.0,0.0,100,2,,,,,100.0,0.0,100.0,0.0,,,65.0,35.0,,,100.0,3.0,100.0,554.0,35.0,35.0,100.0,0.0,100.0,0.0,200,0,100.0,458.0,100.0,5801089776.0,100.0,5272156846.0
2018-01-25,ZJV009MM,ST12000NM0007,12000138625024,0,75.0,35251232.0,97.0,0.0,100.0,2.0,100,0,78.0,62205537.0,100,741,100.0,0.0,100,2,,,,,100.0,0.0,100.0,0.0,,,66.0,34.0,,,100.0,3.0,100.0,555.0,34.0,34.0,100.0,0.0,100.0,0.0,200,0,100.0,475.0,100.0,6015866760.0,100.0,5494004326.0
2018-01-26,ZJV009MM,ST12000NM0007,12000138625024,0,73.0,18018640.0,97.0,0.0,100.0,2.0,100,0,78.0,65993411.0,100,764,100.0,0.0,100,2,,,,,100.0,0.0,100.0,0.0,,,66.0,34.0,,,100.0,3.0,100.0,556.0,34.0,34.0,100.0,0.0,100.0,0.0,200,0,100.0,498.0,100.0,6367036200.0,100.0,5858024486.0
2018-01-27,ZJV009MM,ST12000NM0007,12000138625024,0,83.0,211011736.0,97.0,0.0,100.0,2.0,100,0,78.0,69870026.0,100,788,100.0,0.0,100,2,,,,,100.0,0.0,100.0,0.0,,,66.0,34.0,,,100.0,3.0,100.0,557.0,34.0,34.0,100.0,0.0,100.0,0.0,200,0,100.0,522.0,100.0,6721051368.0,100.0,6185283950.0
2018-01-28,ZJV009MM,ST12000NM0007,12000138625024,0,81.0,139349208.0,97.0,0.0,100.0,2.0,100,0,79.0,73613383.0,100,812,100.0,0.0,100,2,,,,,100.0,0.0,100.0,0.0,,,66.0,34.0,,,100.0,3.0,100.0,558.0,34.0,34.0,100.0,0.0,100.0,0.0,200,0,100.0,546.0,100.0,7047413864.0,100.0,6519681766.0
2018-01-29,ZJV009MM,ST12000NM0007,12000138625024,0,77.0,50863944.0,97.0,0.0,100.0,2.0,100,0,79.0,77421482.0,100,836,100.0,0.0,100,2,,,,,100.0,0.0,100.0,0.0,,,67.0,33.0,,,100.0,3.0,100.0,560.0,33.0,33.0,100.0,0.0,100.0,0.0,200,0,100.0,570.0,100.0,7381565904.0,100.0,6829466878.0
2018-01-30,ZJV009MM,ST12000NM0007,12000138625024,0,73.0,20565016.0,97.0,0.0,100.0,2.0,100,0,79.0,82828024.0,100,869,100.0,0.0,100,2,,,,,100.0,0.0,100.0,0.0,,,66.0,34.0,,,100.0,3.0,100.0,561.0,34.0,34.0,100.0,0.0,100.0,0.0,200,0,100.0,603.0,100.0,7862507864.0,100.0,7294789038.0
2018-01-31,ZJV009MM,ST12000NM0007,12000138625024,0,83.0,208699424.0,97.0,0.0,100.0,2.0,100.0,0.0,79.0,86866362.0,99.0,893.0,100.0,0.0,100.0,2.0,,,,,100.0,0.0,100.0,0.0,,,65.0,35.0,,,100.0,3.0,100.0,562.0,35.0,35.0,100.0,0.0,100.0,0.0,200.0,0.0,100.0,627.0,100.0,8217657256.0,100.0,7616055558.0
2018-02-01,ZJV009MM,ST12000NM0007,12000138625024,0,81.0,125916720.0,97.0,0.0,100.0,2.0,100,0,80.0,90663471.0,99,917,100.0,0.0,100,2,,,,,100.0,0.0,100.0,0.0,,,65.0,35.0,,,100.0,3.0,100.0,563.0,35.0,35.0,100.0,0.0,100.0,0.0,200,0,100.0,650.0,100.0,8560313520.0,100.0,7923039342.0
2018-02-02,ZJV009MM,ST12000NM0007,12000138625024,0,79.0,74912336.0,97.0,0.0,100.0,2.0,100,0,80.0,94602495.0,99,942,100.0,0.0,100,2,,,,,100.0,0.0,100.0,0.0,,,65.0,35.0,,,100.0,3.0,100.0,564.0,35.0,35.0,100.0,0.0,100.0,0.0,200,0,100.0,675.0,100.0,8890623376.0,100.0,8274147534.0
2018-02-03,ZJV009MM,ST12000NM0007,12000138625024,0,79.0,74241656.0,97.0,0.0,100.0,2.0,100,0,80.0,98705969.0,99,966,100.0,0.0,100,2,,,,,100.0,0.0,100.0,0.0,,,66.0,34.0,,,100.0,3.0,100.0,565.0,34.0,34.0,100.0,0.0,100.0,0.0,200,0,100.0,699.0,100.0,9264048792.0,100.0,8632473862.0
2018-02-04,ZJV009MM,ST12000NM0007,12000138625024,0,78.0,69786224.0,97.0,0.0,100.0,2.0,100,0,80.0,101435779.0,99,986,100.0,0.0,100,2,,,,,100.0,0.0,100.0,0.0,,,66.0,34.0,,,100.0,3.0,100.0,566.0,34.0,34.0,100.0,0.0,100.0,0.0,200,0,100.0,719.0,100.0,9478364232.0,100.0,8901984534.0
2018-02-05,ZJV009MM,ST12000NM0007,12000138625024,0,100.0,2079112.0,97.0,0.0,100.0,2.0,100,0,80.0,105107868.0,99,1008,100.0,0.0,100,2,,,,,100.0,0.0,100.0,0.0,,,65.0,35.0,,,100.0,3.0,100.0,567.0,35.0,35.0,100.0,0.0,100.0,0.0,200,0,100.0,741.0,100.0,9820494176.0,100.0,9224569942.0
2018-02-06,ZJV009MM,ST12000NM0007,12000138625024,0,83.0,181237528.0,97.0,0.0,100.0,2.0,100,0,80.0,109043446.0,99,1032,100.0,0.0,100,2,,,,,100.0,0.0,100.0,0.0,,,64.0,36.0,,,100.0,3.0,100.0,568.0,36.0,36.0,100.0,0.0,100.0,0.0,200,0,100.0,765.0,100.0,10177621008.0,100.0,9534882918.0
2018-02-07,ZJV009MM,ST12000NM0007,12000138625024,0,81.0,129195672.0,97.0,0.0,100.0,2.0,100,0,81.0,113043797.0,99,1056,100.0,0.0,100,2,,,,,100.0,0.0,100.0,0.0,,,63.0,37.0,,,100.0,3.0,100.0,569.0,37.0,37.0,100.0,0.0,100.0,0.0,200,0,100.0,789.0,100.0,10543968024.0,100.0,9848916222.0
2018-02-08,ZJV009MM,ST12000NM0007,12000138625024,0,81.0,119147984.0,97.0,0.0,100.0,2.0,100,0,81.0,117282660.0,99,1082,100.0,0.0,100,2,,,,,100.0,0.0,100.0,0.0,,,63.0,37.0,,,100.0,3.0,100.0,570.0,37.0,37.0,100.0,0.0,100.0,0.0,200,0,100.0,815.0,100.0,10909424408.0,100.0,10205834254.0
2018-02-09,ZJV009MM,ST12000NM0007,12000138625024,0,81,124140712,97,0,100,2,100,0,81,121375106,99,1107,100,0,100,2,,,,,100.0,0.0,100.0,0.0,,,64.0,36.0,,,100.0,3.0,100.0,571.0,36,36,100,0,100,0,200,0,100.0,839.0,100.0,11274173400.0,100.0,10578500230.0
2018-02-10,ZJV009MM,ST12000NM0007,12000138625024,0,80.0,101188104.0,97.0,0.0,100.0,2.0,100.0,0.0,81.0,125343078.0,99.0,1130.0,100.0,0.0,100.0,2.0,,,,,100.0,0.0,100.0,0.0,,,64.0,36.0,,,100.0,3.0,100.0,572.0,36.0,36.0,100.0,0.0,100.0,0.0,200.0,0.0,100.0,862.0,100.0,11611668216.0,100.0,10950475246.0
2018-02-11,ZJV009MM,ST12000NM0007,12000138625024,0,78,68410016,97,0,100,2,100,0,81,129311358,99,1155,100,0,100,2,,,,,100.0,0.0,100.0,0.0,,,64.0,36.0,,,100.0,4.0,100.0,573.0,36,36,100,0,100,0,200,0,100.0,887.0,100.0,11952520504.0,100.0,11309267654.0
2018-02-12,ZJV009MM,ST12000NM0007,12000138625024,0,77,47198256,97,0,100,2,100,0,81,133219621,99,1179,100,0,100,2,,,,,100.0,0.0,100.0,0.0,,,64.0,36.0,,,100.0,4.0,100.0,574.0,36,36,100,0,100,0,200,0,100.0,911.0,100.0,12255001344.0,100.0,11717997670.0
2018-02-13,ZJV009MM,ST12000NM0007,12000138625024,0,83,212872424,97,0,100,2,100,0,81,137050305,99,1203,100,0,100,2,,,,,100.0,0.0,100.0,0.0,,,63.0,37.0,,,100.0,4.0,100.0,575.0,37,37,100,0,100,0,200,0,100.0,935.0,100.0,12543828464.0,100.0,12083126190.0
2018-02-14,ZJV009MM,ST12000NM0007,12000138625024,0,79,73290256,97,0,100,2,100,0,81,140505676,99,1226,100,0,100,2,,,,,100.0,0.0,100.0,0.0,,,64.0,36.0,,,100.0,4.0,100.0,576.0,36,36,100,0,100,0,200,0,100.0,957.0,100.0,12802762992.0,100.0,12417031990.0
2018-02-15,ZJV009MM,ST12000NM0007,12000138625024,0,77,54863120,97,0,100,2,100,0,82,144591436,99,1250,100,0,100,2,,,,,100.0,0.0,100.0,0.0,,,65.0,35.0,,,100.0,4.0,100.0,577.0,35,35,100,0,100,0,200,0,100.0,981.0,100.0,13133832856.0,100.0,12799957686.0
2018-02-16,ZJV009MM,ST12000NM0007,12000138625024,0,78,65898016,97,0,100,2,100,0,82,148667553,99,1274,100,0,100,2,,,,,100.0,0.0,100.0,0.0,,,65.0,35.0,,,100.0,4.0,100.0,578.0,35,35,100,0,100,0,200,0,100.0,1006.0,100.0,13462094864.0,100.0,13215152806.0
2018-02-17,ZJV009MM,ST12000NM0007,12000138625024,0,74,25242864,97,0,100,2,100,0,82,152656720,99,1299,100,0,100,2,,,,,100.0,0.0,100.0,0.0,,,65.0,35.0,,,100.0,4.0,100.0,579.0,35,35,100,0,100,0,200,0,100.0,1030.0,100.0,13756124712.0,100.0,13612890494.0
2018-02-18,ZJV009MM,ST12000NM0007,12000138625024,0,84,230595376,97,0,100,2,100,0,82,156571247,99,1323,100,0,100,2,,,,,100.0,0.0,100.0,0.0,,,64.0,36.0,,,100.0,4.0,100.0,580.0,36,36,100,0,100,0,200,0,100.0,1054.0,100.0,14060523112.0,100.0,14002125974.0
2018-02-19,ZJV009MM,ST12000NM0007,12000138625024,0,81,116104560,97,0,100,2,100,0,82,160100465,99,1346,100,0,100,2,,,,,100.0,0.0,100.0,0.0,,,64.0,36.0,,,100.0,4.0,100.0,581.0,36,36,100,0,100,0,200,0,100.0,1077.0,100.0,14324741456.0,100.0,14355838830.0
2018-02-20,ZJV009MM,ST12000NM0007,12000138625024,0,78,66828400,97,0,100,2,100,0,82,164072702,99,1370,100,0,100,2,,,,,100.0,0.0,100.0,0.0,,,64.0,36.0,,,100.0,4.0,100.0,582.0,36,36,100,0,100,0,200,0,100.0,1101.0,100.0,14628872104.0,100.0,14734858486.0
2018-02-21,ZJV009MM,ST12000NM0007,12000138625024,0,84,243896776,97,0,100,2,100,0,82,167979494,99,1394,100,0,100,2,,,,,100.0,0.0,100.0,0.0,,,64.0,36.0,,,100.0,4.0,100.0,583.0,36,36,100,0,100,0,200,0,100.0,1125.0,100.0,14919224720.0,100.0,15109855710.0
2018-02-22,ZJV009MM,ST12000NM0007,12000138625024,0,80,94405464,97,0,100,2,100,0,82,171420540,99,1417,100,0,100,2,,,,,100.0,0.0,100.0,0.0,,,65.0,35.0,,,100.0,4.0,100.0,584.0,35,35,100,0,100,0,200,0,100.0,1147.0,100.0,15173800056.0,100.0,15438211630.0
2018-02-23,ZJV009MM,ST12000NM0007,12000138625024,0,83,191939528,97,0,100,2,100,0,82,175053045,99,1442,100,0,100,2,,,,,100.0,0.0,100.0,0.0,,,65.0,35.0,,,100.0,4.0,100.0,585.0,35,35,100,0,100,0,200,0,100.0,1172.0,100.0,15446407624.0,100.0,15751419398.0
2018-02-24,ZJV009MM,ST12000NM0007,12000138625024,0,80,93026696,97,0,100,2,100,0,83,177832617,99,1465,100,0,100,2,,,,,100.0,0.0,100.0,0.0,,,65.0,35.0,,,100.0,4.0,100.0,586.0,35,35,100,0,100,0,200,0,100.0,1196.0,100.0,15583562288.0,100.0,16003633294.0
2018-02-25,ZJV009MM,ST12000NM0007,12000138625024,0,74,24570080,97,0,100,2,100,0,83,180797288,99,1489,100,0,100,2,,,,,100.0,0.0,100.0,0.0,,,64.0,36.0,,,100.0,4.0,100.0,587.0,36,36,100,0,100,0,200,0,100.0,1219.0,100.0,15774858424.0,100.0,16232162270.0
2018-02-26,ZJV009MM,ST12000NM0007,12000138625024,0,81,123920304,97,0,100,2,100,0,83,184459702,99,1513,100,0,100,2,,,,,100.0,0.0,100.0,0.0,,,65.0,35.0,,,100.0,5.0,100.0,588.0,35,35,100,0,100,0,200,0,100.0,1244.0,100.0,16057274928.0,100.0,16537377446.0
2018-02-27,ZJV009MM,ST12000NM0007,12000138625024,0,72,15566368,97,0,100,2,100,0,83,188256215,99,1537,100,0,100,2,,,,,100.0,0.0,100.0,0.0,,,64.0,36.0,,,100.0,5.0,100.0,589.0,36,36,100,0,100,0,200,0,100.0,1268.0,100.0,16365344792.0,100.0,16853376454.0
2018-02-28,ZJV009MM,ST12000NM0007,12000138625024,0,82,159171032,97,0,100,2,100,0,83,192138227,99,1562,100,0,100,2,,,,,100.0,0.0,100.0,0.0,,,65.0,35.0,,,100.0,5.0,100.0,590.0,35,35,100,0,100,0,200,0,100.0,1292.0,100.0,16667340560.0,100.0,17183266894.0
2018-03-01,ZJV009MM,ST12000NM0007,12000138625024,0,81,128773584,97,0,100,2,100,0,83,196296839,99,1588,100,0,100,2,,,,,100.0,0.0,100.0,0.0,,,65.0,35.0,,,100.0,5.0,100.0,591.0,35,35,100,0,100,0,200,0,100.0,1318.0,100.0,16993101456.0,100.0,17559530694.0
2018-03-02,ZJV009MM,ST12000NM0007,12000138625024,0,75,31610720,97,0,100,2,100,0,83,200069212,99,1613,100,0,100,2,,,,,100.0,0.0,100.0,0.0,,,65.0,35.0,,,100.0,5.0,100.0,592.0,35,35,100,0,100,0,200,0,100.0,1342.0,100.0,17298952056.0,100.0,17888939646.0
2018-03-03,ZJV009MM,ST12000NM0007,12000138625024,0,82,162307336,97,0,100,2,100,0,83,203849285,99,1637,100,0,100,2,,,,,100.0,0.0,100.0,0.0,,,65.0,35.0,,,100.0,5.0,100.0,593.0,35,35,100,0,100,0,200,0,100.0,1367.0,100.0,17596409088.0,100.0,18210461006.0
2018-03-04,ZJV009MM,ST12000NM0007,12000138625024,0,84,236534216,97,0,100,2,100,0,83,207339058,99,1661,100,0,100,2,,,,,100.0,0.0,100.0,0.0,,,64.0,36.0,,,100.0,5.0,100.0,594.0,36,36,100,0,100,0,200,0,100.0,1391.0,100.0,17854468056.0,100.0,18514910486.0
2018-03-05,ZJV009MM,ST12000NM0007,12000138625024,0,79,80896368,97,0,100,2,100,0,83,211099379,99,1685,100,0,100,2,,,,,100.0,0.0,100.0,0.0,,,65.0,35.0,,,100.0,5.0,100.0,595.0,35,35,100,0,100,0,200,0,100.0,1415.0,100.0,18139915776.0,100.0,18806247134.0
2018-03-06,ZJV009MM,ST12000NM0007,12000138625024,0,84,238845504,97,0,100,2,100,0,83,213738799,99,1703,100,0,100,2,,,,,100.0,0.0,100.0,0.0,,,65.0,35.0,,,100.0,5.0,100.0,595.0,35,35,100,0,100,0,200,0,100.0,1432.0,100.0,18337520464.0,100.0,19010732254.0
2018-03-07,ZJV009MM,ST12000NM0007,12000138625024,0,75.0,33891464.0,97.0,0.0,100.0,2.0,100.0,0.0,83.0,217347121.0,99.0,1728.0,100.0,0.0,100.0,2.0,,,,,100.0,0.0,100.0,0.0,,,65.0,35.0,,,100.0,5.0,100.0,596.0,35.0,35.0,100.0,0.0,100.0,0.0,200.0,0.0,100.0,1457.0,100.0,18598981808.0,100.0,19276739030.0
2018-03-08,ZJV009MM,ST12000NM0007,12000138625024,0,84,234716912,97,0,100,2,100,0,83,221666365,98,1756,100,0,100,2,,,,,100.0,0.0,100.0,0.0,,,65.0,35.0,,,100.0,5.0,100.0,598.0,35,35,100,0,100,0,200,0,100.0,1485.0,100.0,18925788560.0,100.0,19639039262.0
2018-03-09,ZJV009MM,ST12000NM0007,12000138625024,0,76,44277400,97,0,100,2,100,0,84,225184421,98,1780,100,0,100,2,,,,,100.0,0.0,100.0,0.0,,,65.0,35.0,,,100.0,5.0,100.0,599.0,35,35,100,0,100,0,200,0,100.0,1509.0,100.0,19175545304.0,100.0,19931265126.0
2018-03-10,ZJV009MM,ST12000NM0007,12000138625024,0,79,78748504,97,0,100,2,100,0,84,228756047,98,1804,100,0,100,2,,,,,100.0,0.0,100.0,0.0,,,65.0,35.0,,,100.0,5.0,100.0,600.0,35,35,100,0,100,0,200,0,100.0,1533.0,100.0,19430354368.0,100.0,20199208790.0
2018-03-11,ZJV009MM,ST12000NM0007,12000138625024,0,80,89564968,97,0,100,2,100,0,84,232144479,98,1828,100,0,100,2,,,,,100.0,0.0,100.0,0.0,,,65.0,35.0,,,100.0,5.0,100.0,601.0,35,35,100,0,100,0,200,0,100.0,1557.0,100.0,19654901320.0,100.0,20473759974.0
2018-03-12,ZJV009MM,ST12000NM0007,12000138625024,0,79,78557488,97,0,100,2,100,0,84,235581488,98,1853,100,0,100,2,,,,,100.0,0.0,100.0,0.0,,,64.0,36.0,,,100.0,5.0,100.0,602.0,36,36,100,0,100,0,200,0,100.0,1581.0,100.0,19860728568.0,100.0,20745206646.0
2018-03-13,ZJV009MM,ST12000NM0007,12000138625024,0,79,76673016,97,0,100,2,100,0,84,238945181,98,1876,100,0,100,2,,,,,100.0,0.0,100.0,0.0,,,64.0,36.0,,,100.0,5.0,100.0,603.0,36,36,100,0,100,0,200,0,100.0,1605.0,100.0,20099551816.0,100.0,20992780742.0
2018-03-14,ZJV009MM,ST12000NM0007,12000138625024,0,81,137828792,97,0,100,2,100,0,84,242505669,98,1900,100,0,100,2,,,,,100.0,0.0,100.0,0.0,,,65.0,35.0,,,100.0,5.0,100.0,603.0,35,35,100,0,100,0,200,0,100.0,1629.0,100.0,20390819104.0,100.0,21250950734.0
2018-03-15,ZJV009MM,ST12000NM0007,12000138625024,0,82,157754792,97,0,100,2,100,0,84,245936218,98,1924,100,0,100,2,,,,,100.0,0.0,100.0,0.0,,,65.0,35.0,,,100.0,5.0,100.0,604.0,35,35,100,0,100,0,200,0,100.0,1652.0,100.0,20632893472.0,100.0,21517083910.0
2018-03-16,ZJV009MM,ST12000NM0007,12000138625024,0,82.0,168244424.0,97.0,0.0,100.0,2.0,100.0,0.0,84.0,249419936.0,98.0,1948.0,100.0,0.0,100.0,2.0,,,,,100.0,0.0,100.0,0.0,,,65.0,35.0,,,100.0,5.0,100.0,606.0,35.0,35.0,100.0,0.0,100.0,0.0,200.0,0.0,100.0,1676.0,100.0,20871686856.0,100.0,21777061622.0
2018-03-17,ZJV009MM,ST12000NM0007,12000138625024,0,83,184270136,97,0,100,2,100,0,84,253025916,98,1972,100,0,100,2,,,,,100.0,0.0,100.0,0.0,,,65.0,35.0,,,100.0,5.0,100.0,607.0,35,35,100,0,100,0,200,0,100.0,1700.0,100.0,21127965816.0,100.0,22025089878.0
2018-03-18,ZJV009MM,ST12000NM0007,12000138625024,0,84,241452392,97,0,100,2,100,0,84,256501248,98,1995,100,0,100,2,,,,,100.0,0.0,100.0,0.0,,,65.0,35.0,,,100.0,5.0,100.0,607.0,35,35,100,0,100,0,200,0,100.0,1724.0,100.0,21386490544.0,100.0,22312028758.0
2018-03-19,ZJV009MM,ST12000NM0007,12000138625024,0,82,170100456,97,0,100,2,100,0,84,259731798,98,2019,100,0,100,2,,,,,100.0,0.0,100.0,0.0,,,66.0,34.0,,,100.0,5.0,100.0,608.0,34,34,100,0,100,0,200,0,100.0,1747.0,100.0,21573616488.0,100.0,22541832182.0
2018-03-20,ZJV009MM,ST12000NM0007,12000138625024,0,82,166873928,97,0,100,2,100,0,84,263404650,98,2043,100,0,100,2,,,,,100.0,0.0,100.0,0.0,,,66.0,34.0,,,100.0,5.0,100.0,609.0,34,34,100,0,100,0,200,0,100.0,1771.0,100.0,21799905248.0,100.0,22800598510.0
2018-03-21,ZJV009MM,ST12000NM0007,12000138625024,0,71,13275080,97,0,100,2,100,0,84,267273972,98,2069,100,0,100,2,,,,,100.0,0.0,100.0,0.0,,,65.0,35.0,,,100.0,5.0,100.0,610.0,35,35,100,0,100,0,200,0,100.0,1796.0,100.0,22089317016.0,100.0,23090010518.0
2018-03-22,ZJV009MM,ST12000NM0007,12000138625024,0,79,71693584,97,0,100,2,100,0,84,270894689,98,2092,100,0,100,2,,,,,100.0,0.0,100.0,0.0,,,65.0,35.0,,,100.0,5.0,100.0,611.0,35,35,100,0,100,0,200,0,100.0,1820.0,100.0,22363259624.0,100.0,23362767934.0
2018-03-23,ZJV009MM,ST12000NM0007,12000138625024,0,79,84884160,97,0,100,2,100,0,84,274334038,98,2116,100,0,100,2,,,,,100.0,0.0,100.0,0.0,,,64.0,36.0,,,100.0,5.0,100.0,612.0,36,36,100,0,100,0,200,0,100.0,1843.0,100.0,22605668944.0,100.0,23621830982.0
2018-03-24,ZJV009MM,ST12000NM0007,12000138625024,0,81,128181032,97,0,100,2,100,0,84,278024004,98,2140,100,0,100,2,,,,,100.0,0.0,100.0,0.0,,,65.0,35.0,,,100.0,5.0,100.0,613.0,35,35,100,0,100,0,200,0,100.0,1868.0,100.0,22879887832.0,100.0,23879191038.0
2018-03-25,ZJV009MM,ST12000NM0007,12000138625024,0,80,104337688,97,0,100,2,100,0,84,281342385,98,2164,100,0,100,2,,,,,100.0,0.0,100.0,0.0,,,65.0,35.0,,,100.0,5.0,100.0,614.0,35,35,100,0,100,0,200,0,100.0,1891.0,100.0,23099282120.0,100.0,24124234926.0
2018-03-26,ZJV009MM,ST12000NM0007,12000138625024,0,76,41046792,97,0,100,2,100,0,85,284508388,98,2187,100,0,100,2,,,,,100.0,0.0,100.0,0.0,,,65.0,35.0,,,100.0,6.0,100.0,615.0,35,35,100,0,100,0,200,0,100.0,1915.0,100.0,23276287464.0,100.0,24372220430.0
2018-03-27,ZJV009MM,ST12000NM0007,12000138625024,0,83,217317296,97,0,100,2,100,0,85,287624105,98,2211,100,0,100,2,,,,,100.0,0.0,100.0,0.0,,,65.0,35.0,,,100.0,6.0,100.0,616.0,35,35,100,0,100,0,200,0,100.0,1939.0,100.0,23456897064.0,100.0,24612021974.0
2018-03-28,ZJV009MM,ST12000NM0007,12000138625024,0,78,62634848,97,0,100,2,100,0,85,290063758,98,2230,100,0,100,2,,,,,100.0,0.0,100.0,0.0,,,67.0,33.0,,,100.0,6.0,100.0,617.0,33,33,100,0,100,0,200,0,100.0,1957.0,100.0,23594076232.0,100.0,24808441950.0
2018-03-29,ZJV009MM,ST12000NM0007,12000138625024,0,80,102398336,97,0,100,3,100,0,85,294086394,98,2259,100,0,100,2,,,,,100.0,0.0,100.0,0.0,,,66.0,34.0,,,100.0,6.0,100.0,622.0,34,34,100,0,100,0,200,0,100.0,1986.0,100.0,23820378288.0,100.0,25110184824.0
2018-03-30,ZJV009MM,ST12000NM0007,12000138625024,0,80,97031424,97,0,100,3,100,0,85,297611710,98,2282,100,0,100,2,,,,,100.0,0.0,100.0,0.0,,,66.0,34.0,,,100.0,6.0,100.0,623.0,34,34,100,0,100,0,200,0,100.0,2009.0,100.0,24035436328.0,100.0,25378041288.0
2018-03-31,ZJV009MM,ST12000NM0007,12000138625024,0,82,148768384,97,0,100,3,100,0,85,301621333,98,2308,100,0,100,2,,,,,100.0,0.0,100.0,0.0,,,65.0,35.0,,,100.0,6.0,100.0,624.0,35,35,100,0,100,0,200,0,100.0,2034.0,100.0,24292603664.0,100.0,25660892408.0
2018-04-01,ZJV009MM,ST12000NM0007,12000138625024,0,82,171497552,97,0,100,3,100,0,85,305446349,98,2332,100,0,100,2,,,,,100.0,0.0,100.0,0.0,,,66.0,34.0,,,100.0,6.0,100.0,625.0,34,34,100,0,100,0,200,0,100.0,2058.0,100.0,24523340776.0,100.0,25941166368.0
2018-04-02,ZJV009MM,ST12000NM0007,12000138625024,0,80,90574144,97,0,100,3,100,0,85,308962855,98,2356,100,0,100,2,,,,,100.0,0.0,100.0,0.0,,,65.0,35.0,,,100.0,6.0,100.0,626.0,35,35,100,0,100,0,200,0,100.0,2082.0,100.0,24694039400.0,100.0,26177825696.0
2018-04-03,ZJV009MM,ST12000NM0007,12000138625024,0,69,8265480,97,0,100,3,100,0,85,312229609,98,2380,100,0,100,2,,,,,100.0,0.0,100.0,0.0,,,65.0,35.0,,,100.0,7.0,100.0,627.0,35,35,100,0,100,0,200,0,100.0,2106.0,100.0,24879457896.0,100.0,26398380072.0
2018-04-04,ZJV009MM,ST12000NM0007,12000138625024,0,83,182109040,97,0,100,3,100,0,85,315616675,98,2404,100,0,100,2,,,,,100.0,0.0,100.0,0.0,,,65.0,35.0,,,100.0,7.0,100.0,628.0,35,35,100,0,100,0,200,0,100.0,2130.0,100.0,25073266072.0,100.0,26622556616.0
2018-04-05,ZJV009MM,ST12000NM0007,12000138625024,0,81,116027048,97,0,100,3,100,0,85,318863061,98,2427,100,0,100,2,,,,,100.0,0.0,100.0,0.0,,,65.0,35.0,,,100.0,7.0,100.0,629.0,35,35,100,0,100,0,200,0,100.0,2152.0,100.0,25279638400.0,100.0,26838384408.0
2018-04-06,ZJV009MM,ST12000NM0007,12000138625024,0,80,101457104,97,0,100,3,100,0,85,322590541,98,2451,100,0,100,2,,,,,100.0,0.0,100.0,0.0,,,64.0,36.0,,,100.0,7.0,100.0,630.0,36,36,100,0,100,0,200,0,100.0,2177.0,100.0,25484697368.0,100.0,27107038048.0
2018-04-07,ZJV009MM,ST12000NM0007,12000138625024,0,78.0,58565824.0,97.0,0.0,100.0,3.0,100.0,0.0,85.0,326241573.0,98.0,2476.0,100.0,0.0,100.0,2.0,,,,,100.0,0.0,100.0,0.0,,,65.0,35.0,,,100.0,7.0,100.0,631.0,35.0,35.0,100.0,0.0,100.0,0.0,200.0,0.0,100.0,2202.0,100.0,25697618872.0,100.0,27339511272.0
2018-04-08,ZJV009MM,ST12000NM0007,12000138625024,0,84,240901520,97,0,100,3,100,0,85,329554058,98,2499,100,0,100,2,,,,,100.0,0.0,100.0,0.0,,,65.0,35.0,,,100.0,7.0,100.0,632.0,35,35,100,0,100,0,200,0,100.0,2225.0,100.0,25890819320.0,100.0,27572787232.0
2018-04-09,ZJV009MM,ST12000NM0007,12000138625024,0,82,162981312,97,0,100,3,100,0,85,332882314,98,2524,100,0,100,2,,,,,100.0,0.0,100.0,0.0,,,65.0,35.0,,,100.0,7.0,100.0,633.0,35,35,100,0,100,0,200,0,100.0,2249.0,100.0,26049494072.0,100.0,27824473872.0
2018-04-10,ZJV009MM,ST12000NM0007,12000138625024,0,78,60207144,97,0,100,3,100,0,85,336115293,98,2547,100,0,100,2,,,,,100.0,0.0,100.0,0.0,,,65.0,35.0,,,100.0,7.0,100.0,634.0,35,35,100,0,100,0,200,0,100.0,2273.0,100.0,26205260112.0,100.0,28054215304.0
2018-04-11,ZJV009MM,ST12000NM0007,12000138625024,0,73,20379896,97,0,100,3,100,0,85,339715245,98,2571,100,0,100,2,,,,,100.0,0.0,100.0,0.0,,,65.0,35.0,,,100.0,8.0,100.0,635.0,35,35,100,0,100,0,200,0,100.0,2297.0,100.0,26424763984.0,100.0,28283165496.0
2018-04-12,ZJV009MM,ST12000NM0007,12000138625024,0,82,141481248,97,0,100,3,100,0,85,342653474,98,2596,100,0,100,2,,,,,100.0,0.0,100.0,0.0,,,65.0,35.0,,,100.0,8.0,100.0,637.0,35,35,100,0,100,0,200,0,100.0,2321.0,100.0,26560990680.0,100.0,28512180800.0
2018-04-13,ZJV009MM,ST12000NM0007,12000138625024,0,78,56923952,97,0,100,3,100,0,85,345895701,98,2619,100,0,100,2,,,,,100.0,0.0,100.0,0.0,,,65.0,35.0,,,100.0,8.0,100.0,638.0,35,35,100,0,100,0,200,0,100.0,2344.0,100.0,26732421864.0,100.0,28744473784.0
2018-04-14,ZJV009MM,ST12000NM0007,12000138625024,0,84,232336440,97,0,100,3,100,0,85,349669631,97,2643,100,0,100,2,,,,,100.0,0.0,100.0,0.0,,,64.0,36.0,,,100.0,8.0,100.0,639.0,36,36,100,0,100,0,200,0,100.0,2368.0,100.0,26907872808.0,100.0,28988576184.0
2018-04-15,ZJV009MM,ST12000NM0007,12000138625024,0,82,148903096,97,0,100,3,100,0,85,353150458,97,2668,100,0,100,2,,,,,100.0,0.0,100.0,0.0,,,65.0,35.0,,,100.0,9.0,100.0,640.0,35,35,100,0,100,0,200,0,100.0,2393.0,100.0,27070027976.0,100.0,29231269432.0
2018-04-16,ZJV009MM,ST12000NM0007,12000138625024,0,74,24800048,97,0,100,3,100,0,86,356297973,97,2691,100,0,100,2,,,,,100.0,0.0,100.0,0.0,,,65.0,35.0,,,100.0,9.0,100.0,641.0,35,35,100,0,100,0,200,0,100.0,2416.0,100.0,27246560888.0,100.0,29418914984.0
2018-04-17,ZJV009MM,ST12000NM0007,12000138625024,0,75,28630728,97,0,100,3,100,0,86,360083210,97,2716,100,0,100,2,,,,,100.0,0.0,100.0,0.0,,,65.0,35.0,,,100.0,9.0,100.0,642.0,35,35,100,0,100,0,200,0,100.0,2441.0,100.0,27476125816.0,100.0,29681462448.0
2018-04-18,ZJV009MM,ST12000NM0007,12000138625024,0,82,168010464,97,0,100,3,100,0,86,363347757,97,2739,100,0,100,2,,,,,100.0,0.0,100.0,0.0,,,66.0,34.0,,,100.0,9.0,100.0,643.0,34,34,100,0,100,0,200,0,100.0,2464.0,100.0,27666791368.0,100.0,29874317464.0
2018-04-19,ZJV009MM,ST12000NM0007,12000138625024,0,81,127845360,97,0,100,3,100,0,86,366913956,97,2764,100,0,100,2,,,,,100.0,0.0,100.0,0.0,,,65.0,35.0,,,100.0,9.0,100.0,644.0,35,35,100,0,100,0,200,0,100.0,2488.0,100.0,27869020896.0,100.0,30120204384.0
2018-04-20,ZJV009MM,ST12000NM0007,12000138625024,0,84,225414856,97,0,100,3,100,0,86,369675817,97,2787,100,0,100,2,,,,,100.0,0.0,100.0,0.0,,,66.0,34.0,,,100.0,9.0,100.0,645.0,34,34,100,0,100,0,200,0,100.0,2512.0,100.0,27997974640.0,100.0,30332960848.0
2018-04-21,ZJV009MM,ST12000NM0007,12000138625024,0,84,244001960,97,0,100,3,100,0,86,371849709,97,2811,100,0,100,2,,,,,100.0,0.0,100.0,0.0,,,65.0,35.0,,,100.0,9.0,100.0,646.0,35,35,100,0,100,0,200,0,100.0,2535.0,100.0,28079568720.0,100.0,30514094512.0
2018-04-22,ZJV009MM,ST12000NM0007,12000138625024,0,82,155271176,97,0,100,3,100,0,86,375231276,97,2836,100,0,100,2,,,,,100.0,0.0,100.0,0.0,,,65.0,35.0,,,100.0,9.0,100.0,647.0,35,35,100,0,100,0,200,0,100.0,2561.0,100.0,28251663872.0,100.0,30741550024.0
2018-04-23,ZJV009MM,ST12000NM0007,12000138625024,0,84,236054232,97,0,100,3,100,0,86,378226174,97,2860,100,0,100,2,,,,,100.0,0.0,100.0,0.0,,,64.0,36.0,,,100.0,9.0,100.0,648.0,36,36,100,0,100,0,200,0,100.0,2585.0,100.0,28402026904.0,100.0,30916110688.0
2018-04-24,ZJV009MM,ST12000NM0007,12000138625024,0,81,112307248,97,0,100,3,100,0,86,381379739,97,2883,100,0,100,2,,,,,100.0,0.0,100.0,0.0,,,65.0,35.0,,,100.0,9.0,100.0,649.0,35,35,100,0,100,0,200,0,100.0,2608.0,100.0,28569647536.0,100.0,31113025064.0
2018-04-25,ZJV009MM,ST12000NM0007,12000138625024,0,74,23390832,97,0,100,3,100,0,86,384833862,97,2909,100,0,100,2,,,,,100.0,0.0,100.0,0.0,,,65.0,35.0,,,100.0,9.0,100.0,650.0,35,35,100,0,100,0,200,0,100.0,2633.0,100.0,28743702056.0,100.0,31338335808.0
2018-04-26,ZJV009MM,ST12000NM0007,12000138625024,0,78,56831120,97,0,100,3,100,0,86,387247141,97,2927,100,0,100,2,,,,,100.0,0.0,100.0,0.0,,,65.0,35.0,,,100.0,9.0,100.0,651.0,35,35,100,0,100,0,200,0,100.0,2651.0,100.0,28862498664.0,100.0,31497120128.0
2018-04-27,ZJV009MM,ST12000NM0007,12000138625024,0,83,223499832,97,0,100,3,100,0,86,390762865,97,2952,100,0,100,2,,,,,100.0,0.0,100.0,0.0,,,65.0,35.0,,,100.0,9.0,100.0,653.0,35,35,100,0,100,0,200,0,100.0,2676.0,100.0,29037039840.0,100.0,31733388440.0
2018-04-28,ZJV009MM,ST12000NM0007,12000138625024,0,81,117966056,97,0,100,3,100,0,86,394020754,97,2975,100,0,100,2,,,,,100.0,0.0,100.0,0.0,,,66.0,34.0,,,100.0,9.0,100.0,653.0,34,34,100,0,100,0,200,0,100.0,2699.0,100.0,29189222792.0,100.0,31963953176.0
2018-04-29,ZJV009MM,ST12000NM0007,12000138625024,0,73,20200064,97,0,100,3,100,0,86,397738142,97,3000,100,0,100,2,,,,,100.0,0.0,100.0,0.0,,,66.0,34.0,,,100.0,10.0,100.0,655.0,34,34,100,0,100,0,200,0,100.0,2723.0,100.0,29332844184.0,100.0,32210847328.0
2018-04-30,ZJV009MM,ST12000NM0007,12000138625024,0,81,123842544,97,0,100,3,100,0,86,400845885,97,3024,100,0,100,2,,,,,100.0,0.0,100.0,0.0,,,66.0,34.0,,,100.0,10.0,100.0,656.0,34,34,100,0,100,0,200,0,100.0,2747.0,100.0,29459973320.0,100.0,32431501360.0
2018-05-01,ZJV009MM,ST12000NM0007,12000138625024,0,72,16681480,97,0,100,3,100,0,86,404075168,97,3048,100,0,100,2,,,,,100.0,0.0,100.0,0.0,,,65.0,35.0,,,100.0,10.0,100.0,656.0,35,35,100,0,100,0,200,0,100.0,2771.0,100.0,29591252824.0,100.0,32681342336.0
2018-05-02,ZJV009MM,ST12000NM0007,12000138625024,0,81.0,138161928.0,97.0,0.0,100.0,3.0,100.0,0.0,86.0,407212772.0,97.0,3071.0,100.0,0.0,100.0,2.0,,,,,100.0,0.0,100.0,0.0,,,65.0,35.0,,,100.0,10.0,100.0,657.0,35.0,35.0,100.0,0.0,100.0,0.0,200.0,0.0,100.0,2794.0,100.0,29730700024.0,100.0,32907516408.0
2018-05-03,ZJV009MM,ST12000NM0007,12000138625024,0,81,128225848,97,0,100,3,100,0,86,411149349,97,3100,100,0,100,2,,,,,100.0,0.0,100.0,0.0,,,64.0,36.0,,,100.0,10.0,100.0,659.0,36,36,100,0,100,0,200,0,100.0,2823.0,100.0,29924277952.0,100.0,33192283792.0
2018-05-04,ZJV009MM,ST12000NM0007,12000138625024,0,66,4172280,97,0,100,3,100,0,86,414180843,97,3124,100,0,100,2,,,,,100.0,0.0,100.0,0.0,,,65.0,35.0,,,100.0,11.0,100.0,660.0,35,35,100,0,100,0,200,0,100.0,2847.0,100.0,30045979528.0,100.0,33434810320.0
2018-05-05,ZJV009MM,ST12000NM0007,12000138625024,0,79,74584376,97,0,100,3,100,0,86,417038715,97,3148,100,0,100,2,,,,,100.0,0.0,100.0,0.0,,,66.0,34.0,,,100.0,11.0,100.0,661.0,34,34,100,0,100,0,200,0,100.0,2871.0,100.0,30172863128.0,100.0,33622479664.0
2018-05-06,ZJV009MM,ST12000NM0007,12000138625024,0,82,157130032,97,0,100,3,100,0,86,420006109,97,3172,100,0,100,2,,,,,100.0,0.0,100.0,0.0,,,66.0,34.0,,,100.0,11.0,100.0,662.0,34,34,100,0,100,0,200,0,100.0,2895.0,100.0,30298667688.0,100.0,33823361496.0
2018-05-07,ZJV009MM,ST12000NM0007,12000138625024,0,75,34682408,97,0,100,3,100,0,86,423678126,97,3196,100,0,100,2,,,,,100.0,0.0,100.0,0.0,,,65.0,35.0,,,100.0,11.0,100.0,663.0,35,35,100,0,100,0,200,0,100.0,2919.0,100.0,30450133192.0,100.0,34037729640.0
2018-05-08,ZJV009MM,ST12000NM0007,12000138625024,0,79,88038408,97,0,100,3,100,0,86,426499471,97,3220,100,0,100,2,,,,,100.0,0.0,100.0,0.0,,,64.0,36.0,,,100.0,11.0,100.0,664.0,36,36,100,0,100,0,200,0,100.0,2942.0,100.0,30567085528.0,100.0,34218273944.0
2018-05-09,ZJV009MM,ST12000NM0007,12000138625024,0,82,174074560,97,0,100,3,100,0,86,429656217,97,3243,100,0,100,2,,,,,100.0,0.0,100.0,0.0,,,65.0,35.0,,,100.0,11.0,100.0,665.0,35,35,100,0,100,0,200,0,100.0,2965.0,100.0,30695895872.0,100.0,34419640640.0
2018-05-10,ZJV009MM,ST12000NM0007,12000138625024,0,76,36856360,97,0,100,3,100,0,86,432929924,97,3268,100,0,100,2,,,,,100.0,0.0,100.0,0.0,,,65.0,35.0,,,100.0,11.0,100.0,668.0,35,35,100,0,100,0,200,0,100.0,2990.0,100.0,30834618872.0,100.0,34631981200.0
2018-05-11,ZJV009MM,ST12000NM0007,12000138625024,0,82,153539552,97,0,100,3,100,0,86,436160012,97,3292,100,0,100,2,,,,,100.0,0.0,100.0,0.0,,,65.0,35.0,,,100.0,11.0,100.0,669.0,35,35,100,0,100,0,200,0,100.0,3014.0,100.0,30950967024.0,100.0,34876457264.0
2018-05-12,ZJV009MM,ST12000NM0007,12000138625024,0,83,212353952,97,0,100,3,100,0,86,438996986,97,3316,100,0,100,2,,,,,100.0,0.0,100.0,0.0,,,65.0,35.0,,,100.0,12.0,100.0,670.0,35,35,100,0,100,0,200,0,100.0,3038.0,100.0,31065049456.0,100.0,35065329968.0
2018-05-13,ZJV009MM,ST12000NM0007,12000138625024,0,80,104391192,97,0,100,3,100,0,86,442328029,97,3340,100,0,100,2,,,,,100.0,0.0,100.0,0.0,,,66.0,34.0,,,100.0,12.0,100.0,671.0,34,34,100,0,100,0,200,0,100.0,3061.0,100.0,31212473656.0,100.0,35298224496.0
2018-05-14,ZJV009MM,ST12000NM0007,12000138625024,0,83,223095264,97,0,100,3,100,0,86,445546691,97,3365,100,0,100,2,,,,,100.0,0.0,100.0,0.0,,,65.0,35.0,,,100.0,12.0,100.0,672.0,35,35,100,0,100,0,200,0,100.0,3086.0,100.0,31335569352.0,100.0,35537973856.0
2018-05-15,ZJV009MM,ST12000NM0007,12000138625024,0,76.0,35704144.0,97.0,0.0,100.0,3.0,100.0,0.0,87.0,448571566.0,97.0,3388.0,100.0,0.0,100.0,2.0,,,,,100.0,0.0,100.0,0.0,,,65.0,35.0,,,100.0,12.0,100.0,673.0,35.0,35.0,100.0,0.0,100.0,0.0,200.0,0.0,100.0,3109.0,100.0,31446739840.0,100.0,35727693680.0
2018-05-16,ZJV009MM,ST12000NM0007,12000138625024,0,80,94764280,97,0,100,3,100,0,87,451507760,97,3413,100,0,100,2,,,,,100.0,0.0,100.0,0.0,,,65.0,35.0,,,100.0,12.0,100.0,674.0,35,35,100,0,100,0,200,0,100.0,3134.0,100.0,31551290104.0,100.0,35926344424.0
2018-05-17,ZJV009MM,ST12000NM0007,12000138625024,0,80,100337072,97,0,100,3,100,0,87,453932839,97,3436,100,0,100,2,,,,,100.0,0.0,100.0,0.0,,,66.0,34.0,,,100.0,12.0,100.0,675.0,34,34,100,0,100,0,200,0,100.0,3156.0,100.0,31627144952.0,100.0,36100203048.0
2018-05-18,ZJV009MM,ST12000NM0007,12000138625024,0,83,177963040,97,0,100,3,100,0,87,457099777,97,3460,100,0,100,2,,,,,100.0,0.0,100.0,0.0,,,66.0,34.0,,,100.0,13.0,100.0,676.0,34,34,100,0,100,0,200,0,100.0,3181.0,100.0,31706529936.0,100.0,36342584824.0
2018-05-19,ZJV009MM,ST12000NM0007,12000138625024,0,83,190586480,97,0,100,3,100,0,87,459679621,97,3484,100,0,100,2,,,,,100.0,0.0,100.0,0.0,,,66.0,34.0,,,100.0,13.0,100.0,677.0,34,34,100,0,100,0,200,0,100.0,3204.0,100.0,31803334096.0,100.0,36502544832.0
2018-05-20,ZJV009MM,ST12000NM0007,12000138625024,0,69,7940576,97,0,100,3,100,0,87,462539335,96,3508,100,0,100,2,,,,,100.0,0.0,100.0,0.0,,,66.0,34.0,,,100.0,13.0,100.0,678.0,34,34,100,0,100,0,200,0,100.0,3229.0,100.0,31903707288.0,100.0,36707807448.0
2018-05-21,ZJV009MM,ST12000NM0007,12000138625024,0,76,40345584,97,0,100,3,100,0,87,465024094,96,3531,100,0,100,2,,,,,100.0,0.0,100.0,0.0,,,66.0,34.0,,,100.0,13.0,100.0,679.0,34,34,100,0,100,0,200,0,100.0,3252.0,100.0,31990063992.0,100.0,36897996680.0
2018-05-22,ZJV009MM,ST12000NM0007,12000138625024,0,78,68924928,97,0,100,3,100,0,87,467578798,96,3556,100,0,100,2,,,,,100.0,0.0,100.0,0.0,,,66.0,34.0,,,100.0,13.0,100.0,680.0,34,34,100,0,100,0,200,0,100.0,3277.0,100.0,32089880496.0,100.0,37070900152.0
2018-05-23,ZJV009MM,ST12000NM0007,12000138625024,0,80,95350648,97,0,100,3,100,0,87,470163259,96,3580,100,0,100,2,,,,,100.0,0.0,100.0,0.0,,,65.0,35.0,,,100.0,13.0,100.0,681.0,35,35,100,0,100,0,200,0,100.0,3301.0,100.0,32178139472.0,100.0,37253207664.0
2018-05-24,ZJV009MM,ST12000NM0007,12000138625024,0,81,122751984,97,0,100,3,100,0,87,472825764,96,3604,100,0,100,2,,,,,100.0,0.0,100.0,0.0,,,65.0,35.0,,,100.0,13.0,100.0,682.0,35,35,100,0,100,0,200,0,100.0,3324.0,100.0,32266376328.0,100.0,37436512832.0
2018-05-25,ZJV009MM,ST12000NM0007,12000138625024,0,82,159438312,97,0,100,3,100,0,87,475424719,96,3626,100,0,100,2,,,,,100.0,0.0,100.0,0.0,,,65.0,35.0,,,100.0,14.0,100.0,683.0,35,35,100,0,100,0,200,0,100.0,3346.0,100.0,32362663048.0,100.0,37621053360.0
2018-05-26,ZJV009MM,ST12000NM0007,12000138625024,0,83,179514984,97,0,100,3,100,0,87,477971164,96,3646,100,0,100,2,,,,,100.0,0.0,100.0,0.0,,,66.0,34.0,,,100.0,14.0,100.0,685.0,34,34,100,0,100,0,200,0,100.0,3366.0,100.0,32450279136.0,100.0,37797654712.0
2018-05-27,ZJV009MM,ST12000NM0007,12000138625024,0,83,221172832,97,0,100,3,100,0,87,480737942,96,3670,100,0,100,2,,,,,100.0,0.0,100.0,0.0,,,66.0,34.0,,,100.0,14.0,100.0,686.0,34,34,100,0,100,0,200,0,100.0,3390.0,100.0,32529899944.0,100.0,38003832624.0
2018-05-28,ZJV009MM,ST12000NM0007,12000138625024,0,76,42548688,97,0,100,3,100,0,87,484094882,96,3695,100,0,100,2,,,,,100.0,0.0,100.0,0.0,,,65.0,35.0,,,100.0,14.0,100.0,687.0,35,35,100,0,100,0,200,0,100.0,3414.0,100.0,32620965920.0,100.0,38222424200.0
2018-05-29,ZJV009MM,ST12000NM0007,12000138625024,0,76,39610832,97,0,100,3,100,0,87,486620675,96,3718,100,0,100,2,,,,,100.0,0.0,100.0,0.0,,,66.0,34.0,,,100.0,14.0,100.0,688.0,34,34,100,0,100,0,200,0,100.0,3438.0,100.0,32690829032.0,100.0,38393764136.0
2018-05-30,ZJV009MM,ST12000NM0007,12000138625024,0,79,73128216,97,0,100,3,100,0,87,489467665,96,3743,100,0,100,2,,,,,100.0,0.0,100.0,0.0,,,65.0,35.0,,,100.0,14.0,100.0,689.0,35,35,100,0,100,0,200,0,100.0,3462.0,100.0,32776631792.0,100.0,38585619488.0
2018-05-31,ZJV009MM,ST12000NM0007,12000138625024,0,78,68374976,97,0,100,3,100,0,87,492011841,96,3766,100,0,100,2,,,,,100.0,0.0,100.0,0.0,,,65.0,35.0,,,100.0,15.0,100.0,690.0,35,35,100,0,100,0,200,0,100.0,3485.0,100.0,32861659752.0,100.0,38739978928.0
2018-06-01,ZJV009MM,ST12000NM0007,12000138625024,0,80,91568848,97,0,100,3,100,0,87,494673239,96,3790,100,0,100,2,,,,,100.0,0.0,100.0,0.0,,,66.0,34.0,,,100.0,15.0,100.0,692.0,34,34,100,0,100,0,200,0,100.0,3509.0,100.0,32940436360.0,100.0,38928536888.0
2018-06-02,ZJV009MM,ST12000NM0007,12000138625024,0,80,108144048,97,0,100,3,100,0,87,497335339,96,3815,100,0,100,2,,,,,100.0,0.0,100.0,0.0,,,65.0,35.0,,,100.0,15.0,100.0,693.0,35,35,100,0,100,0,200,0,100.0,3534.0,100.0,33011345312.0,100.0,39118343856.0
2018-06-03,ZJV009MM,ST12000NM0007,12000138625024,0,82,172138032,97,0,100,3,100,0,87,500469425,96,3838,100,0,100,2,,,,,100.0,0.0,100.0,0.0,,,65.0,35.0,,,100.0,15.0,100.0,694.0,35,35,100,0,100,0,200,0,100.0,3557.0,100.0,33111996144.0,100.0,39325827688.0
2018-06-04,ZJV009MM,ST12000NM0007,12000138625024,0,84,236884648,97,0,100,3,100,0,87,503721259,96,3862,100,0,100,2,,,,,100.0,0.0,100.0,0.0,,,66.0,34.0,,,100.0,15.0,100.0,694.0,34,34,100,0,100,0,200,0,100.0,3581.0,100.0,33187012088.0,100.0,39559699184.0
2018-06-05,ZJV009MM,ST12000NM0007,12000138625024,0,77,53112312,95,0,100,4,100,0,87,506901112,96,3893,100,0,100,3,,,,,100.0,0.0,100.0,0.0,,,65.0,35.0,,,100.0,15.0,100.0,696.0,35,35,100,0,100,0,200,0,100.0,3611.0,100.0,33298965392.0,100.0,39752255114.0
2018-06-06,ZJV009MM,ST12000NM0007,12000138625024,0,80,93443248,95,0,100,4,100,0,87,509608376,96,3917,100,0,100,3,,,,,100.0,0.0,100.0,0.0,,,65.0,35.0,,,100.0,15.0,100.0,697.0,35,35,100,0,100,0,200,0,100.0,3636.0,100.0,33397485064.0,100.0,39938207010.0
2018-06-07,ZJV009MM,ST12000NM0007,12000138625024,0,82,153857424,95,0,100,4,100,0,87,512318216,96,3941,100,0,100,3,,,,,100.0,0.0,100.0,0.0,,,65.0,35.0,,,100.0,15.0,100.0,698.0,35,35,100,0,100,0,200,0,100.0,3659.0,100.0,33503852944.0,100.0,40136393938.0
2018-06-08,ZJV009MM,ST12000NM0007,12000138625024,0,82,158914048,95,0,100,4,100,0,87,514956533,96,3965,100,0,100,3,,,,,100.0,0.0,100.0,0.0,,,65.0,35.0,,,100.0,15.0,100.0,699.0,35,35,100,0,100,0,200,0,100.0,3684.0,100.0,33592350536.0,100.0,40297093674.0
2018-06-09,ZJV009MM,ST12000NM0007,12000138625024,0,83,218738960,95,0,100,4,100,0,87,517664298,96,3989,100,0,100,3,,,,,100.0,0.0,100.0,0.0,,,66.0,34.0,,,100.0,16.0,100.0,700.0,34,34,100,0,100,0,200,0,100.0,3707.0,100.0,33685526664.0,100.0,40507883258.0
2018-06-10,ZJV009MM,ST12000NM0007,12000138625024,0,77,50437496,95,0,100,4,100,0,87,520478258,96,4013,100,0,100,3,,,,,100.0,0.0,100.0,0.0,,,66.0,34.0,,,100.0,16.0,100.0,701.0,34,34,100,0,100,0,200,0,100.0,3732.0,100.0,33790890640.0,100.0,40722499346.0
2018-06-11,ZJV009MM,ST12000NM0007,12000138625024,0,80,100177112,95,0,100,4,100,0,87,523034325,96,4037,100,0,100,3,,,,,100.0,0.0,100.0,0.0,,,66.0,34.0,,,100.0,17.0,100.0,702.0,34,34,100,0,100,0,200,0,100.0,3755.0,100.0,33870844888.0,100.0,40936425538.0
2018-06-12,ZJV009MM,ST12000NM0007,12000138625024,0,82,155062408,95,0,100,4,100,0,87,525627911,96,4061,100,0,100,3,,,,,100.0,0.0,100.0,0.0,,,66.0,34.0,,,100.0,17.0,100.0,703.0,34,34,100,0,100,0,200,0,100.0,3779.0,100.0,33960300904.0,100.0,41145995786.0
2018-06-13,ZJV009MM,ST12000NM0007,12000138625024,0,74,25663472,95,0,100,4,100,0,87,528603462,96,4085,100,0,100,3,,,,,100.0,0.0,100.0,0.0,,,66.0,34.0,,,100.0,18.0,100.0,704.0,34,34,100,0,100,0,200,0,100.0,3803.0,100.0,34068343392.0,100.0,41396835834.0
2018-06-14,ZJV009MM,ST12000NM0007,12000138625024,0,80,89521376,95,0,100,4,100,0,87,531229432,96,4110,100,0,100,3,,,,,100.0,0.0,100.0,0.0,,,65.0,35.0,,,100.0,18.0,100.0,707.0,35,35,100,0,100,0,200,0,100.0,3827.0,100.0,34160772112.0,100.0,41612405842.0
2018-06-15,ZJV009MM,ST12000NM0007,12000138625024,0,83.0,207359688.0,95.0,0.0,100.0,4.0,100.0,0.0,87.0,534275070.0,96.0,4134.0,100.0,0.0,100.0,3.0,,,,,100.0,0.0,100.0,0.0,,,65.0,35.0,,,100.0,18.0,100.0,708.0,35.0,35.0,100.0,0.0,100.0,0.0,200.0,0.0,100.0,3851.0,100.0,34256357072.0,100.0,41878799858.0
2018-06-16,ZJV009MM,ST12000NM0007,12000138625024,0,75.0,35399904.0,95.0,0.0,100.0,4.0,100.0,0.0,87.0,537376722.0,96.0,4158.0,100.0,0.0,100.0,3.0,,,,,100.0,0.0,100.0,0.0,,,64.0,36.0,,,100.0,18.0,100.0,709.0,36.0,36.0,100.0,0.0,100.0,0.0,200.0,0.0,100.0,3875.0,100.0,34336155720.0,100.0,42115322714.0
2018-06-17,ZJV009MM,ST12000NM0007,12000138625024,0,80.0,110647288.0,95.0,0.0,100.0,4.0,100.0,0.0,87.0,540185114.0,96.0,4182.0,100.0,0.0,100.0,3.0,,,,,100.0,0.0,100.0,0.0,,,66.0,34.0,,,100.0,18.0,100.0,710.0,34.0,34.0,100.0,0.0,100.0,0.0,200.0,0.0,100.0,3899.0,100.0,34415747584.0,100.0,42355118866.0
2018-06-18,ZJV009MM,ST12000NM0007,12000138625024,0,82.0,170348296.0,95.0,0.0,100.0,4.0,100.0,0.0,87.0,545997557.0,96.0,4206.0,100.0,0.0,100.0,3.0,,,,,100.0,0.0,100.0,0.0,,,65.0,35.0,,,100.0,18.0,100.0,711.0,35.0,35.0,100.0,0.0,100.0,0.0,200.0,0.0,100.0,3923.0,100.0,34455879464.0,100.0,43839532610.0
2018-06-19,ZJV009MM,ST12000NM0007,12000138625024,0,77,53772168,95,0,100,4,100,0,87,553312023,96,4230,100,0,100,3,,,,,100.0,0.0,100.0,0.0,,,65.0,35.0,,,100.0,18.0,100.0,712.0,35,35,100,0,100,0,200,0,100.0,3947.0,100.0,34466868456.0,100.0,45909234298.0
2018-06-20,ZJV009MM,ST12000NM0007,12000138625024,0,83,179582448,95,0,100,4,100,0,87,561559588,96,4254,100,0,100,3,,,,,100.0,0.0,100.0,0.0,,,65.0,35.0,,,100.0,18.0,100.0,713.0,35,35,100,0,100,0,200,0,100.0,3970.0,100.0,34479487800.0,100.0,48219692730.0
2018-06-21,ZJV009MM,ST12000NM0007,12000138625024,0,84,236250288,95,0,100,4,100,0,88,569192202,96,4278,100,0,100,3,,,,,100.0,0.0,100.0,0.0,,,65.0,35.0,,,100.0,18.0,100.0,714.0,35,35,100,0,100,0,200,0,100.0,3995.0,100.0,34491994832.0,100.0,50216979810.0
2018-06-22,ZJV009MM,ST12000NM0007,12000138625024,0,82,143771888,95,0,100,4,100,0,88,576469492,96,4302,100,0,100,3,,,,,100.0,0.0,100.0,0.0,,,65.0,35.0,,,100.0,18.0,100.0,715.0,35,35,100,0,100,0,200,0,100.0,4018.0,100.0,34506932544.0,100.0,52306830858.0
2018-06-23,ZJV009MM,ST12000NM0007,12000138625024,0,77,55062688,95,0,100,4,100,0,88,583584871,96,4326,100,0,100,3,,,,,100.0,0.0,100.0,0.0,,,65.0,35.0,,,100.0,18.0,100.0,716.0,35,35,100,0,100,0,200,0,100.0,4043.0,100.0,34521299560.0,100.0,54645162490.0
2018-06-24,ZJV009MM,ST12000NM0007,12000138625024,0,82,176587288,95,0,100,4,100,0,88,590622399,96,4350,100,0,100,3,,,,,100.0,0.0,100.0,0.0,,,65.0,35.0,,,100.0,18.0,100.0,717.0,35,35,100,0,100,0,200,0,100.0,4066.0,100.0,34536249272.0,100.0,56704864010.0
2018-06-25,ZJV009MM,ST12000NM0007,12000138625024,0,82,170307992,95,0,100,4,100,0,88,599053527,96,4373,100,0,100,3,,,,,100.0,0.0,100.0,0.0,,,65.0,35.0,,,100.0,18.0,100.0,718.0,35,35,100,0,100,0,200,0,100.0,4090.0,100.0,34551213368.0,100.0,58148465122.0
2018-06-26,ZJV009MM,ST12000NM0007,12000138625024,0,81,114874600,95,0,100,4,100,0,88,607523501,95,4398,100,0,100,3,,,,,100.0,0.0,100.0,0.0,,,65.0,35.0,,,100.0,18.0,100.0,719.0,35,35,100,0,100,0,200,0,100.0,4114.0,100.0,34561294400.0,100.0,59547794930.0
2018-06-27,ZJV009MM,ST12000NM0007,12000138625024,0,84,238331792,95,0,100,4,100,0,88,615712874,95,4421,100,0,100,3,,,,,100.0,0.0,100.0,0.0,,,65.0,35.0,,,100.0,18.0,100.0,720.0,35,35,100,0,100,0,200,0,100.0,4138.0,100.0,34568967000.0,100.0,60884283922.0
2018-06-28,ZJV009MM,ST12000NM0007,12000138625024,0,84,243535544,95,0,100,4,100,0,88,624466662,95,4446,100,0,100,3,,,,,100.0,0.0,100.0,0.0,,,65.0,35.0,,,100.0,18.0,100.0,721.0,35,35,100,0,100,0,200,0,100.0,4162.0,100.0,34577667968.0,100.0,62345631778.0
2018-06-29,ZJV009MM,ST12000NM0007,12000138625024,0,84,240287296,95,0,100,4,100,0,88,633091839,95,4470,100,0,100,3,,,,,100.0,0.0,100.0,0.0,,,65.0,35.0,,,100.0,18.0,100.0,722.0,35,35,100,0,100,0,200,0,100.0,4186.0,100.0,34588885712.0,100.0,63796010138.0
2018-06-30,ZJV009MM,ST12000NM0007,12000138625024,0,83,203457064,95,0,100,4,100,0,88,638901044,95,4488,100,0,100,3,,,,,100.0,0.0,100.0,0.0,,,65.0,35.0,,,100.0,18.0,100.0,723.0,35,35,100,0,100,0,200,0,100.0,4204.0,100.0,34607094344.0,100.0,64717534450.0
2018-07-01,ZJV009MM,ST12000NM0007,12000138625024,0,68,5637424,95,0,100,4,100,0,88,641309849,95,4512,100,0,100,3,,,,,100.0,0.0,100.0,0.0,,,66.0,34.0,,,100.0,18.0,100.0,724.0,34,34,100,0,100,0,200,0,100.0,4227.0,100.0,34683062400.0,100.0,64932028306.0
2018-07-02,ZJV009MM,ST12000NM0007,12000138625024,0,77,45983264,95,0,100,4,100,0,88,643929673,95,4536,100,0,100,3,,,,,100.0,0.0,100.0,0.0,,,66.0,34.0,,,100.0,18.0,100.0,725.0,34,34,100,0,100,0,200,0,100.0,4252.0,100.0,34770135320.0,100.0,65129441866.0
2018-07-03,ZJV009MM,ST12000NM0007,12000138625024,0,81,140185728,95,0,100,4,100,0,88,647090161,95,4565,100,0,100,3,,,,,100.0,0.0,100.0,0.0,,,65.0,35.0,,,100.0,18.0,100.0,726.0,35,35,100,0,100,0,200,0,100.0,4280.0,100.0,34873147408.0,100.0,65364772970.0
2018-07-04,ZJV009MM,ST12000NM0007,12000138625024,0,83,192180672,95,0,100,4,100,0,88,649898350,95,4588,100,0,100,3,,,,,100.0,0.0,100.0,0.0,,,66.0,34.0,,,100.0,19.0,100.0,727.0,34,34,100,0,100,0,200,0,100.0,4304.0,100.0,34946920272.0,100.0,65587135682.0
2018-07-05,ZJV009MM,ST12000NM0007,12000138625024,0,84,224124856,95,0,100,4,100,0,88,652357803,95,4613,100,0,100,3,,,,,100.0,0.0,100.0,0.0,,,66.0,34.0,,,100.0,19.0,100.0,728.0,34,34,100,0,100,0,200,0,100.0,4328.0,100.0,35031285272.0,100.0,65778855506.0
2018-07-06,ZJV009MM,ST12000NM0007,12000138625024,0,77,46305896,95,0,100,4,100,0,88,654992655,95,4636,100,0,100,3,,,,,100.0,0.0,100.0,0.0,,,66.0,34.0,,,100.0,19.0,100.0,729.0,34,34,100,0,100,0,200,0,100.0,4351.0,100.0,35123995400.0,100.0,65996608034.0
2018-07-07,ZJV009MM,ST12000NM0007,12000138625024,0,80,101225856,95,0,100,4,100,0,88,657795000,95,4661,100,0,100,3,,,,,100.0,0.0,100.0,0.0,,,66.0,34.0,,,100.0,19.0,100.0,730.0,34,34,100,0,100,0,200,0,100.0,4376.0,100.0,35229969568.0,100.0,66189694482.0
2018-07-08,ZJV009MM,ST12000NM0007,12000138625024,0,82,146092616,95,0,100,4,100,0,88,660505953,95,4685,100,0,100,3,,,,,100.0,0.0,100.0,0.0,,,66.0,34.0,,,100.0,20.0,100.0,731.0,34,34,100,0,100,0,200,0,100.0,4400.0,100.0,35322318048.0,100.0,66386353474.0
2018-07-09,ZJV009MM,ST12000NM0007,12000138625024,0,83,193036144,95,0,100,4,100,0,88,663195144,95,4708,100,0,100,3,,,,,100.0,0.0,100.0,0.0,,,66.0,34.0,,,100.0,20.0,100.0,732.0,34,34,100,0,100,0,200,0,100.0,4423.0,100.0,35418106976.0,100.0,66581648818.0
2018-07-10,ZJV009MM,ST12000NM0007,12000138625024,0,83.0,220984568.0,95.0,0.0,100.0,4.0,100.0,0.0,88.0,665695834.0,95.0,4732.0,100.0,0.0,100.0,3.0,,,,,100.0,0.0,100.0,0.0,,,66.0,34.0,,,100.0,20.0,100.0,733.0,34.0,34.0,100.0,0.0,100.0,0.0,200.0,0.0,100.0,4446.0,100.0,35508206048.0,100.0,66763638986.0
2018-07-11,ZJV009MM,ST12000NM0007,12000138625024,0,78,63018224,95,0,100,4,100,0,88,668959752,95,4756,100,0,100,3,,,,,100.0,0.0,100.0,0.0,,,66.0,34.0,,,100.0,20.0,100.0,734.0,34,34,100,0,100,0,200,0,100.0,4470.0,100.0,35595453680.0,100.0,67006706602.0
2018-07-12,ZJV009MM,ST12000NM0007,12000138625024,0,80,110080176,95,0,100,4,100,0,88,671578695,95,4780,100,0,100,3,,,,,100.0,0.0,100.0,0.0,,,66.0,34.0,,,100.0,21.0,100.0,735.0,34,34,100,0,100,0,200,0,100.0,4494.0,100.0,35686489992.0,100.0,67206873074.0
2018-07-13,ZJV009MM,ST12000NM0007,12000138625024,0,83,210735376,95,0,100,4,100,0,88,674517791,95,4804,100,0,100,3,,,,,100.0,0.0,100.0,0.0,,,66.0,34.0,,,100.0,21.0,100.0,737.0,34,34,100,0,100,0,200,0,100.0,4518.0,100.0,35779768288.0,100.0,67458390666.0
2018-07-14,ZJV009MM,ST12000NM0007,12000138625024,0,72,16422768,95,0,100,4,100,0,88,677366734,95,4829,100,0,100,3,,,,,100.0,0.0,100.0,0.0,,,66.0,34.0,,,100.0,22.0,100.0,738.0,34,34,100,0,100,0,200,0,100.0,4542.0,100.0,35882294288.0,100.0,67649833986.0
2018-07-15,ZJV009MM,ST12000NM0007,12000138625024,0,79,81811888,95,0,100,4,100,0,88,680249688,95,4852,100,0,100,3,,,,,100.0,0.0,100.0,0.0,,,66.0,34.0,,,100.0,22.0,100.0,739.0,34,34,100,0,100,0,200,0,100.0,4566.0,100.0,35980336496.0,100.0,67861321530.0
2018-07-16,ZJV009MM,ST12000NM0007,12000138625024,0,81,139683520,95,0,100,4,100,0,88,682974802,95,4876,100,0,100,3,,,,,100.0,0.0,100.0,0.0,,,66.0,34.0,,,100.0,22.0,100.0,740.0,34,34,100,0,100,0,200,0,100.0,4589.0,100.0,36083496608.0,100.0,68060173890.0
2018-07-17,ZJV009MM,ST12000NM0007,12000138625024,0,83,213879840,95,0,100,4,100,0,88,685841079,95,4901,100,0,100,3,,,,,100.0,0.0,100.0,0.0,,,66.0,34.0,,,100.0,22.0,100.0,741.0,34,34,100,0,100,0,200,0,100.0,4614.0,100.0,36180952296.0,100.0,68281055298.0
2018-07-18,ZJV009MM,ST12000NM0007,12000138625024,0,76,37344152,95,0,100,4,100,0,88,688669892,95,4924,100,0,100,3,,,,,100.0,0.0,100.0,0.0,,,66.0,34.0,,,100.0,22.0,100.0,742.0,34,34,100,0,100,0,200,0,100.0,4637.0,100.0,36281010632.0,100.0,68492742946.0
2018-07-19,ZJV009MM,ST12000NM0007,12000138625024,0,77,53426816,95,0,100,4,100,0,88,691117024,95,4948,100,0,100,3,,,,,100.0,0.0,100.0,0.0,,,66.0,34.0,,,100.0,22.0,100.0,743.0,34,34,100,0,100,0,200,0,100.0,4661.0,100.0,36359035288.0,100.0,68674941754.0
2018-07-20,ZJV009MM,ST12000NM0007,12000138625024,0,81,112310792,95,0,100,4,100,0,88,693903087,95,4972,100,0,100,3,,,,,100.0,0.0,100.0,0.0,,,66.0,34.0,,,100.0,22.0,100.0,744.0,34,34,100,0,100,0,200,0,100.0,4685.0,100.0,36456499448.0,100.0,68880502506.0
2018-07-21,ZJV009MM,ST12000NM0007,12000138625024,0,83,187139480,95,0,100,4,100,0,88,697168733,95,4996,100,0,100,3,,,,,100.0,0.0,100.0,0.0,,,66.0,34.0,,,100.0,22.0,100.0,745.0,34,34,100,0,100,0,200,0,100.0,4709.0,100.0,36549633944.0,100.0,69106337546.0
2018-07-22,ZJV009MM,ST12000NM0007,12000138625024,0,71,12944352,95,0,100,4,100,0,88,700141858,95,5020,100,0,100,3,,,,,100.0,0.0,100.0,0.0,,,66.0,34.0,,,100.0,23.0,100.0,747.0,34,34,100,0,100,0,200,0,100.0,4732.0,100.0,36629125616.0,100.0,69340932290.0
2018-07-23,ZJV009MM,ST12000NM0007,12000138625024,0,75,34780104,95,0,100,4,100,0,88,702722380,95,5045,100,0,100,3,,,,,100.0,0.0,100.0,0.0,,,67.0,33.0,,,100.0,24.0,100.0,748.0,33,33,100,0,100,0,200,0,100.0,4757.0,100.0,36710897376.0,100.0,69525136986.0
2018-07-24,ZJV009MM,ST12000NM0007,12000138625024,0,78,63496528,95,0,100,4,100,0,88,705398498,95,5068,100,0,100,3,,,,,100.0,0.0,100.0,0.0,,,66.0,34.0,,,100.0,24.0,100.0,749.0,34,34,100,0,100,0,200,0,100.0,4780.0,100.0,36802499208.0,100.0,69706392458.0
2018-07-25,ZJV009MM,ST12000NM0007,12000138625024,0,80.0,100223800.0,95.0,0.0,100.0,4.0,100.0,0.0,89.0,707965994.0,95.0,5092.0,100.0,0.0,100.0,3.0,,,,,100.0,0.0,100.0,0.0,,,67.0,33.0,,,100.0,24.0,100.0,750.0,33.0,33.0,100.0,0.0,100.0,0.0,200.0,0.0,100.0,4805.0,100.0,36890912648.0,100.0,69898847010.0
2018-07-26,ZJV009MM,ST12000NM0007,12000138625024,0,82,154904960,95,0,100,4,100,0,89,710539882,95,5116,100,0,100,3,,,,,100.0,0.0,100.0,0.0,,,66.0,34.0,,,100.0,24.0,100.0,750.0,34,34,100,0,100,0,200,0,100.0,4828.0,100.0,36968754376.0,100.0,70119827354.0
2018-07-27,ZJV009MM,ST12000NM0007,12000138625024,0,84,233372488,95,0,100,4,100,0,89,713371826,95,5139,100,0,100,3,,,,,100.0,0.0,100.0,0.0,,,66.0,34.0,,,100.0,24.0,100.0,751.0,34,34,100,0,100,0,200,0,100.0,4851.0,100.0,37044234032.0,100.0,70366956042.0
2018-07-28,ZJV009MM,ST12000NM0007,12000138625024,0,65,3061800,95,0,100,4,100,0,89,715834913,95,5163,100,0,100,3,,,,,100.0,0.0,100.0,0.0,,,67.0,33.0,,,100.0,24.0,100.0,753.0,33,33,100,0,100,0,200,0,100.0,4875.0,100.0,37124154824.0,100.0,70545006378.0
2018-07-29,ZJV009MM,ST12000NM0007,12000138625024,0,74,25707928,95,0,100,4,100,0,89,718405570,95,5188,100,0,100,3,,,,,100.0,0.0,100.0,0.0,,,67.0,33.0,,,100.0,25.0,100.0,754.0,33,33,100,0,100,0,200,0,100.0,4899.0,100.0,37193060864.0,100.0,70742887106.0
2018-07-30,ZJV009MM,ST12000NM0007,12000138625024,0,78,57673120,95,0,100,4,100,0,89,720976747,95,5211,100,0,100,3,,,,,100.0,0.0,100.0,0.0,,,66.0,34.0,,,100.0,25.0,100.0,755.0,34,34,100,0,100,0,200,0,100.0,4923.0,100.0,37271795760.0,100.0,70940258114.0
2018-07-31,ZJV009MM,ST12000NM0007,12000138625024,0,80,110478336,95,0,100,4,100,0,89,724106376,95,5235,100,0,100,3,,,,,100.0,0.0,100.0,0.0,,,66.0,34.0,,,100.0,25.0,100.0,756.0,34,34,100,0,100,0,200,0,100.0,4946.0,100.0,37348813344.0,100.0,71160186402.0
2018-08-01,ZJV009MM,ST12000NM0007,12000138625024,0,81,140794392,95,0,100,4,100,0,89,726642774,94,5259,100,0,100,3,,,,,100.0,0.0,100.0,0.0,,,66.0,34.0,,,100.0,25.0,100.0,757.0,34,34,100,0,100,0,200,0,100.0,4971.0,100.0,37430538320.0,100.0,71352918258.0
2018-08-02,ZJV009MM,ST12000NM0007,12000138625024,0,82,158046048,95,0,100,4,100,0,89,728990935,94,5283,100,0,100,3,,,,,100.0,0.0,100.0,0.0,,,66.0,34.0,,,100.0,25.0,100.0,758.0,34,34,100,0,100,0,200,0,100.0,4994.0,100.0,37495009560.0,100.0,71549839522.0
2018-08-03,ZJV009MM,ST12000NM0007,12000138625024,0,83,205510016,95,0,100,4,100,0,89,731777180,94,5307,100,0,100,3,,,,,100.0,0.0,100.0,0.0,,,66.0,34.0,,,100.0,25.0,100.0,759.0,34,34,100,0,100,0,200,0,100.0,5018.0,100.0,37584621640.0,100.0,71751832050.0
2018-08-04,ZJV009MM,ST12000NM0007,12000138625024,0,84,228749544,95,0,100,4,100,0,89,734285032,94,5331,100,0,100,3,,,,,100.0,0.0,100.0,0.0,,,67.0,33.0,,,100.0,25.0,100.0,760.0,33,33,100,0,100,0,200,0,100.0,5042.0,100.0,37690211920.0,100.0,71913622138.0
2018-08-05,ZJV009MM,ST12000NM0007,12000138625024,0,100,1603320,95,0,100,4,100,0,89,736629678,94,5355,100,0,100,3,,,,,100.0,0.0,100.0,0.0,,,67.0,33.0,,,100.0,25.0,100.0,761.0,33,33,100,0,100,0,200,0,100.0,5066.0,100.0,37757363072.0,100.0,72107606082.0
2018-08-06,ZJV009MM,ST12000NM0007,12000138625024,0,66,3848528,95,0,100,4,100,0,89,738888919,94,5379,100,0,100,3,,,,,100.0,0.0,100.0,0.0,,,67.0,33.0,,,100.0,26.0,100.0,762.0,33,33,100,0,100,0,200,0,100.0,5089.0,100.0,37831352816.0,100.0,72280002178.0
2018-08-07,ZJV009MM,ST12000NM0007,12000138625024,0,73,21177872,95,0,100,4,100,0,89,741420602,94,5403,100,0,100,3,,,,,100.0,0.0,100.0,0.0,,,67.0,33.0,,,100.0,26.0,100.0,763.0,33,33,100,0,100,0,200,0,100.0,5114.0,100.0,37920055384.0,100.0,72452769826.0
2018-08-08,ZJV009MM,ST12000NM0007,12000138625024,0,73,19923312,95,0,100,4,100,0,89,743705669,94,5427,100,0,100,3,,,,,100.0,0.0,100.0,0.0,,,67.0,33.0,,,100.0,27.0,100.0,764.0,33,33,100,0,100,0,200,0,100.0,5138.0,100.0,37991200232.0,100.0,72624511050.0
2018-08-09,ZJV009MM,ST12000NM0007,12000138625024,0,84,238407008,95,0,100,4,100,0,89,745714915,94,5448,100,0,100,3,,,,,100.0,0.0,100.0,0.0,,,66.0,34.0,,,100.0,28.0,100.0,765.0,34,34,100,0,100,0,200,0,100.0,5158.0,100.0,38058242280.0,100.0,72775952698.0
2018-08-10,ZJV009MM,ST12000NM0007,12000138625024,0,78,62812656,95,0,100,4,100,0,89,748954495,94,5472,100,0,100,3,,,,,100.0,0.0,100.0,0.0,,,66.0,34.0,,,100.0,28.0,100.0,767.0,34,34,100,0,100,0,200,0,100.0,5182.0,100.0,38146469216.0,100.0,73000412746.0
2018-08-11,ZJV009MM,ST12000NM0007,12000138625024,0,79,76231648,95,0,100,4,100,0,89,751396356,94,5497,100,0,100,3,,,,,100.0,0.0,100.0,0.0,,,66.0,34.0,,,100.0,28.0,100.0,768.0,34,34,100,0,100,0,200,0,100.0,5206.0,100.0,38224121376.0,100.0,73180320474.0
2018-08-12,ZJV009MM,ST12000NM0007,12000138625024,0,80,106475216,95,0,100,4,100,0,89,753836632,94,5520,100,0,100,3,,,,,100.0,0.0,100.0,0.0,,,67.0,33.0,,,100.0,28.0,100.0,769.0,33,33,100,0,100,0,200,0,100.0,5230.0,100.0,38294939968.0,100.0,73383886170.0
2018-08-13,ZJV009MM,ST12000NM0007,12000138625024,0,82,173051312,95,0,100,4,100,0,89,756657278,94,5544,100,0,100,3,,,,,100.0,0.0,100.0,0.0,,,67.0,33.0,,,100.0,28.0,100.0,770.0,33,33,100,0,100,0,200,0,100.0,5254.0,100.0,38431723720.0,100.0,73557819586.0
2018-08-14,ZJV009MM,ST12000NM0007,12000138625024,0,81.0,136906976.0,95.0,0.0,100.0,4.0,100.0,0.0,89.0,758658542.0,94.0,5568.0,100.0,0.0,100.0,3.0,,,,,100.0,0.0,100.0,0.0,,,66.0,34.0,,,100.0,29.0,100.0,771.0,34.0,34.0,100.0,0.0,100.0,0.0,200.0,0.0,100.0,5277.0,100.0,38490860304.0,100.0,73706679378.0
2018-08-15,ZJV009MM,ST12000NM0007,12000138625024,0,81.0,125338680.0,95.0,0.0,100.0,4.0,100.0,0.0,89.0,760836332.0,94.0,5592.0,100.0,0.0,100.0,3.0,,,,,100.0,0.0,100.0,0.0,,,67.0,33.0,,,100.0,29.0,100.0,772.0,33.0,33.0,100.0,0.0,100.0,0.0,200.0,0.0,100.0,5302.0,100.0,38554807144.0,100.0,73875304922.0
2018-08-16,ZJV009MM,ST12000NM0007,12000138625024,0,82,169459760,95,0,100,4,100,0,89,763535509,94,5621,100,0,100,3,,,,,100.0,0.0,100.0,0.0,,,67.0,33.0,,,100.0,30.0,100.0,774.0,33,33,100,0,100,0,200,0,100.0,5330.0,100.0,38643327992.0,100.0,74075046042.0
2018-08-17,ZJV009MM,ST12000NM0007,12000138625024,0,83,212702536,95,0,100,4,100,0,89,766070319,94,5644,100,0,100,3,,,,,100.0,0.0,100.0,0.0,,,66.0,34.0,,,100.0,30.0,100.0,775.0,34,34,100,0,100,0,200,0,100.0,5353.0,100.0,38721474432.0,100.0,74284283058.0
2018-08-18,ZJV009MM,ST12000NM0007,12000138625024,0,65,3199680,95,0,100,4,100,0,89,768743426,94,5668,100,0,100,3,,,,,100.0,0.0,100.0,0.0,,,66.0,34.0,,,100.0,30.0,100.0,776.0,34,34,100,0,100,0,200,0,100.0,5377.0,100.0,38797189952.0,100.0,74487346378.0
2018-08-19,ZJV009MM,ST12000NM0007,12000138625024,0,83,222213608,95,0,100,4,100,0,89,771032014,94,5692,100,0,100,3,,,,,100.0,0.0,100.0,0.0,,,66.0,34.0,,,100.0,31.0,100.0,777.0,34,34,100,0,100,0,200,0,100.0,5401.0,100.0,38865806512.0,100.0,74637743746.0
2018-08-20,ZJV009MM,ST12000NM0007,12000138625024,0,75,28282552,95,0,100,4,100,0,89,774170149,94,5716,100,0,100,3,,,,,100.0,0.0,100.0,0.0,,,67.0,33.0,,,100.0,31.0,100.0,778.0,33,33,100,0,100,0,200,0,100.0,5425.0,100.0,38948821976.0,100.0,74849081106.0
2018-08-21,ZJV009MM,ST12000NM0007,12000138625024,0,77,55510424,95,0,100,4,100,0,89,776771491,94,5740,100,0,100,3,,,,,100.0,0.0,100.0,0.0,,,66.0,34.0,,,100.0,31.0,100.0,779.0,34,34,100,0,100,0,200,0,100.0,5449.0,100.0,39045504408.0,100.0,75023767258.0
2018-08-22,ZJV009MM,ST12000NM0007,12000138625024,0,79,86463624,95,0,100,4,100,0,89,779336290,94,5764,100,0,100,3,,,,,100.0,0.0,100.0,0.0,,,66.0,34.0,,,100.0,31.0,100.0,780.0,34,34,100,0,100,0,200,0,100.0,5472.0,100.0,39132836488.0,100.0,75211529250.0
2018-08-23,ZJV009MM,ST12000NM0007,12000138625024,0,82,141690000,95,0,100,4,100,0,89,782096435,94,5788,100,0,100,3,,,,,100.0,0.0,100.0,0.0,,,66.0,34.0,,,100.0,31.0,100.0,781.0,34,34,100,0,100,0,200,0,100.0,5497.0,100.0,39229127928.0,100.0,75414604890.0
2018-08-24,ZJV009MM,ST12000NM0007,12000138625024,0,83,192341952,95,0,100,4,100,0,89,784694082,94,5812,100,0,100,3,,,,,100.0,0.0,100.0,0.0,,,66.0,34.0,,,100.0,31.0,100.0,782.0,34,34,100,0,100,0,200,0,100.0,5520.0,100.0,39289322504.0,100.0,75649203194.0
2018-08-25,ZJV009MM,ST12000NM0007,12000138625024,0,74,23476312,95,0,100,4,100,0,89,787399418,94,5836,100,0,100,3,,,,,100.0,0.0,100.0,0.0,,,66.0,34.0,,,100.0,31.0,100.0,783.0,34,34,100,0,100,0,200,0,100.0,5545.0,100.0,39346043032.0,100.0,75911898394.0
2018-08-26,ZJV009MM,ST12000NM0007,12000138625024,0,79,88734256,95,0,100,4,100,0,89,789988844,94,5860,100,0,100,3,,,,,100.0,0.0,100.0,0.0,,,65.0,35.0,,,100.0,31.0,100.0,784.0,35,35,100,0,100,0,200,0,100.0,5568.0,100.0,39399197120.0,100.0,76168143242.0
2018-08-27,ZJV009MM,ST12000NM0007,12000138625024,0,82,150137088,95,0,100,4,100,0,89,792684920,94,5884,100,0,100,3,,,,,100.0,0.0,100.0,0.0,,,66.0,34.0,,,100.0,31.0,100.0,785.0,34,34,100,0,100,0,200,0,100.0,5592.0,100.0,39479950304.0,100.0,76392933650.0
2018-08-28,ZJV009MM,ST12000NM0007,12000138625024,0,82,166102520,95,0,100,4,100,0,89,795359839,94,5908,100,0,100,3,,,,,100.0,0.0,100.0,0.0,,,66.0,34.0,,,100.0,31.0,100.0,786.0,34,34,100,0,100,0,200,0,100.0,5616.0,100.0,39553695888.0,100.0,76579294138.0
2018-08-29,ZJV009MM,ST12000NM0007,12000138625024,0,83,214696632,95,0,100,4,100,0,89,798751007,94,5933,100,0,100,3,,,,,100.0,0.0,100.0,0.0,,,66.0,34.0,,,100.0,31.0,100.0,787.0,34,34,100,0,100,0,200,0,100.0,5640.0,100.0,39638823336.0,100.0,76786901586.0
2018-08-30,ZJV009MM,ST12000NM0007,12000138625024,0,82,169584400,95,0,100,4,100,0,89,800821065,94,5950,100,0,100,3,,,,,100.0,0.0,100.0,0.0,,,66.0,34.0,,,100.0,31.0,100.0,787.0,34,34,100,0,100,0,200,0,100.0,5658.0,100.0,39698250144.0,100.0,76926503226.0
2018-08-31,ZJV009MM,ST12000NM0007,12000138625024,0,69,7696792,95,0,100,4,100,0,89,804165083,94,5974,100,0,100,3,,,,,100.0,0.0,100.0,0.0,,,67.0,33.0,,,100.0,31.0,100.0,788.0,33,33,100,0,100,0,200,0,100.0,5682.0,100.0,39809234536.0,100.0,77141912730.0
2018-09-01,ZJV009MM,ST12000NM0007,12000138625024,0,75,29254400,95,0,100,4,100,0,89,806736686,94,5999,100,0,100,3,,,,,100.0,0.0,100.0,0.0,,,67.0,33.0,,,100.0,32.0,100.0,789.0,33,33,100,0,100,0,200,0,100.0,5706.0,100.0,39898391576.0,100.0,77318453962.0
2018-09-02,ZJV009MM,ST12000NM0007,12000138625024,0,79,86768160,95,0,100,4,100,0,89,809616751,94,6023,100,0,100,3,,,,,100.0,0.0,100.0,0.0,,,66.0,34.0,,,100.0,32.0,100.0,790.0,34,34,100,0,100,0,200,0,100.0,5731.0,100.0,39992586896.0,100.0,77525913122.0
2018-09-03,ZJV009MM,ST12000NM0007,12000138625024,0,80,92375992,95,0,100,4,100,0,89,812126702,94,6047,100,0,100,3,,,,,100.0,0.0,100.0,0.0,,,66.0,34.0,,,100.0,32.0,100.0,791.0,34,34,100,0,100,0,200,0,100.0,5754.0,100.0,40050642512.0,100.0,77717606442.0
2018-09-04,ZJV009MM,ST12000NM0007,12000138625024,0,80,98986456,95,0,100,4,100,0,89,814538414,94,6070,100,0,100,3,,,,,100.0,0.0,100.0,0.0,,,66.0,34.0,,,100.0,33.0,100.0,792.0,34,34,100,0,100,0,200,0,100.0,5778.0,100.0,40113905680.0,100.0,77905094402.0
2018-09-05,ZJV009MM,ST12000NM0007,12000138625024,0,81,139648584,95,0,100,4,100,0,89,817141058,94,6095,100,0,100,3,,,,,100.0,0.0,100.0,0.0,,,66.0,34.0,,,100.0,34.0,100.0,793.0,34,34,100,0,100,0,200,0,100.0,5802.0,100.0,40196827432.0,100.0,78106975578.0
2018-09-06,ZJV009MM,ST12000NM0007,12000138625024,0,100,2027976,95,0,100,4,100,0,89,820577003,94,6126,100,0,100,3,,,,,100.0,0.0,100.0,0.0,,,67.0,33.0,,,100.0,34.0,100.0,795.0,33,33,100,0,100,0,200,0,100.0,5833.0,100.0,40291694960.0,100.0,78362768914.0
2018-09-07,ZJV009MM,ST12000NM0007,12000138625024,0,70,10488800,95,0,100,4,100,0,89,823153148,93,6150,100,0,100,3,,,,,100.0,0.0,100.0,0.0,,,67.0,33.0,,,100.0,35.0,100.0,796.0,33,33,100,0,100,0,200,0,100.0,5857.0,100.0,40365909784.0,100.0,78541155570.0
2018-09-08,ZJV009MM,ST12000NM0007,12000138625024,0,78,66984880,95,0,100,4,100,0,89,825949911,93,6174,100,0,100,3,,,,,100.0,0.0,100.0,0.0,,,66.0,34.0,,,100.0,35.0,100.0,797.0,34,34,100,0,100,0,200,0,100.0,5881.0,100.0,40455934976.0,100.0,78751767498.0
2018-09-09,ZJV009MM,ST12000NM0007,12000138625024,0,79,77170472,95,0,100,4,100,0,89,828600921,93,6198,100,0,100,3,,,,,100.0,0.0,100.0,0.0,,,67.0,33.0,,,100.0,35.0,100.0,798.0,33,33,100,0,100,0,200,0,100.0,5904.0,100.0,40520181256.0,100.0,78941847530.0
2018-09-10,ZJV009MM,ST12000NM0007,12000138625024,0,79,80563872,95,0,100,4,100,0,89,830982358,93,6222,100,0,100,3,,,,,100.0,0.0,100.0,0.0,,,67.0,33.0,,,100.0,35.0,100.0,799.0,33,33,100,0,100,0,200,0,100.0,5928.0,100.0,40594003736.0,100.0,79115559130.0
2018-09-11,ZJV009MM,ST12000NM0007,12000138625024,0,80,103934464,95,0,100,4,100,0,89,833534092,93,6246,100,0,100,3,,,,,100.0,0.0,100.0,0.0,,,66.0,34.0,,,100.0,36.0,100.0,800.0,34,34,100,0,100,0,200,0,100.0,5952.0,100.0,40678590312.0,100.0,79298483778.0
2018-09-12,ZJV009MM,ST12000NM0007,12000138625024,0,82,141380048,95,0,100,4,100,0,89,836217124,93,6269,100,0,100,3,,,,,100.0,0.0,100.0,0.0,,,66.0,34.0,,,100.0,37.0,100.0,801.0,34,34,100,0,100,0,200,0,100.0,5976.0,100.0,40762095656.0,100.0,79496564674.0
2018-09-13,ZJV009MM,ST12000NM0007,12000138625024,0,83,180012888,95,0,100,4,100,0,89,839443110,93,6289,100,0,100,3,,,,,100.0,0.0,100.0,0.0,,,67.0,33.0,,,100.0,37.0,100.0,801.0,33,33,100,0,100,0,200,0,100.0,5995.0,100.0,40838697888.0,100.0,79702736042.0
2018-09-14,ZJV009MM,ST12000NM0007,12000138625024,0,84,236177616,95,0,100,4,100,0,89,842459664,93,6312,100,0,100,3,,,,,100.0,0.0,100.0,0.0,,,63.0,37.0,,,100.0,37.0,100.0,802.0,37,37,100,0,100,0,200,0,100.0,6018.0,100.0,40935384072.0,100.0,79906355218.0
2018-09-15,ZJV009MM,ST12000NM0007,12000138625024,0,79,81398688,95,0,100,4,100,0,89,845802495,93,6337,100,0,100,3,,,,,100.0,0.0,100.0,0.0,,,62.0,38.0,,,100.0,37.0,100.0,803.0,38,38,100,0,100,0,200,0,100.0,6043.0,100.0,41043177656.0,100.0,80132064082.0
2018-09-16,ZJV009MM,ST12000NM0007,12000138625024,0,82,169168648,95,0,100,4,100,0,89,849186873,93,6362,100,0,100,3,,,,,100.0,0.0,100.0,0.0,,,62.0,38.0,,,100.0,37.0,100.0,805.0,38,38,100,0,100,0,200,0,100.0,6068.0,100.0,41154276176.0,100.0,80352876154.0
2018-09-17,ZJV009MM,ST12000NM0007,12000138625024,0,83,186313920,95,0,100,4,100,0,89,851891246,93,6385,100,0,100,3,,,,,100.0,0.0,100.0,0.0,,,62.0,38.0,,,100.0,37.0,100.0,805.0,38,38,100,0,100,0,200,0,100.0,6091.0,100.0,41224235912.0,100.0,80544202570.0
2018-09-18,ZJV009MM,ST12000NM0007,12000138625024,0,83,208629184,95,0,100,4,100,0,89,854708748,93,6409,100,0,100,3,,,,,100.0,0.0,100.0,0.0,,,65.0,35.0,,,100.0,37.0,100.0,806.0,35,35,100,0,100,0,200,0,100.0,6115.0,100.0,41290355560.0,100.0,80744538826.0
2018-09-19,ZJV009MM,ST12000NM0007,12000138625024,0,84,233891160,95,0,100,4,100,0,89,857626938,93,6433,100,0,100,3,,,,,100.0,0.0,100.0,0.0,,,64.0,36.0,,,100.0,38.0,100.0,807.0,36,36,100,0,100,0,200,0,100.0,6138.0,100.0,41392109608.0,100.0,80912187402.0
2018-09-20,ZJV009MM,ST12000NM0007,12000138625024,0,100,1420064,95,0,100,4,100,0,89,860388907,93,6458,100,0,100,3,,,,,100.0,0.0,100.0,0.0,,,65.0,35.0,,,100.0,39.0,100.0,808.0,35,35,100,0,100,0,200,0,100.0,6163.0,100.0,41472262400.0,100.0,81087844970.0
2018-09-21,ZJV009MM,ST12000NM0007,12000138625024,0,79,78534968,95,0,100,4,100,0,89,863575604,93,6481,100,0,100,3,,,,,100.0,0.0,100.0,0.0,,,65.0,35.0,,,100.0,40.0,100.0,809.0,35,35,100,0,100,0,200,0,100.0,6186.0,100.0,41566481528.0,100.0,81314881562.0
2018-09-22,ZJV009MM,ST12000NM0007,12000138625024,0,82,145352608,95,0,100,4,100,0,89,866823988,93,6505,100,0,100,3,,,,,100.0,0.0,100.0,0.0,,,65.0,35.0,,,100.0,40.0,100.0,810.0,35,35,100,0,100,0,200,0,100.0,6211.0,100.0,41669073744.0,100.0,81523247866.0
2018-09-23,ZJV009MM,ST12000NM0007,12000138625024,0,83,197921800,95,0,100,4,100,0,89,870039779,93,6529,100,0,100,3,,,,,100.0,0.0,100.0,0.0,,,64.0,36.0,,,100.0,40.0,100.0,812.0,36,36,100,0,100,0,200,0,100.0,6234.0,100.0,41765433240.0,100.0,81723598354.0
2018-09-24,ZJV009MM,ST12000NM0007,12000138625024,0,70,9580464,95,0,100,4,100,0,89,873097914,93,6553,100,0,100,3,,,,,100.0,0.0,100.0,0.0,,,65.0,35.0,,,100.0,40.0,100.0,813.0,35,35,100,0,100,0,200,0,100.0,6259.0,100.0,41838777144.0,100.0,81950194554.0
2018-09-25,ZJV009MM,ST12000NM0007,12000138625024,0,78,63641624,95,0,100,4,100,0,89,876635029,93,6577,100,0,100,3,,,,,100.0,0.0,100.0,0.0,,,64.0,36.0,,,100.0,40.0,100.0,813.0,36,36,100,0,100,0,200,0,100.0,6282.0,100.0,41924948272.0,100.0,82162225354.0
2018-09-26,ZJV009MM,ST12000NM0007,12000138625024,0,79,76885664,95,0,100,4,100,0,89,879714447,93,6601,100,0,100,3,,,,,100.0,0.0,100.0,0.0,,,65.0,35.0,,,100.0,40.0,100.0,814.0,35,35,100,0,100,0,200,0,100.0,6306.0,100.0,42005757616.0,100.0,82338800682.0
2018-09-27,ZJV009MM,ST12000NM0007,12000138625024,0,79,78478432,95,0,100,4,100,0,89,882568676,93,6625,100,0,100,3,,,,,100.0,0.0,100.0,0.0,,,64.0,36.0,,,100.0,41.0,100.0,815.0,36,36,100,0,100,0,200,0,100.0,6330.0,100.0,42095694744.0,100.0,82494597178.0
2018-09-28,ZJV009MM,ST12000NM0007,12000138625024,0,82,153761024,95,0,100,4,100,0,89,885961361,93,6653,100,0,100,3,,,,,100.0,0.0,100.0,0.0,,,66.0,34.0,,,100.0,41.0,100.0,817.0,34,34,100,0,100,0,200,0,100.0,6358.0,100.0,42149571896.0,100.0,82760143530.0
2018-09-29,ZJV009MM,ST12000NM0007,12000138625024,0,79,71740472,95,0,100,4,100,0,89,887670813,93,6677,100,0,100,3,,,,,100.0,0.0,100.0,0.0,,,66.0,34.0,,,100.0,42.0,100.0,818.0,34,34,100,0,100,0,200,0,100.0,6382.0,100.0,42156097128.0,100.0,82915738386.0
2018-09-30,ZJV009MM,ST12000NM0007,12000138625024,0,74,26722864,95,0,100,4,100,0,89,889677508,93,6701,100,0,100,3,,,,,100.0,0.0,100.0,0.0,,,65.0,35.0,,,100.0,43.0,100.0,819.0,35,35,100,0,100,0,200,0,100.0,6406.0,100.0,42164048808.0,100.0,83106909802.0
2018-10-01,ZJV009MM,ST12000NM0007,12000138625024,0,83,213249384,95,0,100,4,100,0,90,891403055,93,6725,100,0,100,3,,,,,100.0,0.0,100.0,0.0,,,66.0,34.0,,,100.0,43.0,100.0,820.0,34,34,100,0,100,0,200,0,100.0,6430.0,100.0,42169245928.0,100.0,83288239202.0
2018-10-02,ZJV009MM,ST12000NM0007,12000138625024,0,83,197097696,95,0,100,4,100,0,90,893441307,93,6749,100,0,100,3,,,,,100.0,0.0,100.0,0.0,,,65.0,35.0,,,100.0,44.0,100.0,821.0,35,35,100,0,100,0,200,0,100.0,6454.0,100.0,42174656088.0,100.0,83510818074.0
2018-10-03,ZJV009MM,ST12000NM0007,12000138625024,0,81,120417720,95,0,100,4,100,0,90,894905351,93,6772,100,0,100,3,,,,,100.0,0.0,100.0,0.0,,,66.0,34.0,,,100.0,45.0,100.0,822.0,34,34,100,0,100,0,200,0,100.0,6476.0,100.0,42177802744.0,100.0,83675132130.0
2018-10-04,ZJV009MM,ST12000NM0007,12000138625024,0,76.0,40496008.0,95.0,0.0,100.0,4.0,100.0,0.0,90.0,896319991.0,93.0,6796.0,100.0,0.0,100.0,3.0,,,,,100.0,0.0,100.0,0.0,,,65.0,35.0,,,100.0,46.0,100.0,823.0,35.0,35.0,100.0,0.0,100.0,0.0,200.0,0.0,100.0,6500.0,100.0,42180058264.0,100.0,83837095714.0
2018-10-05,ZJV009MM,ST12000NM0007,12000138625024,0,83,180227048,95,0,100,4,100,0,90,900007766,93,6821,100,0,100,3,,,,,100.0,0.0,100.0,0.0,,,65.0,35.0,,,100.0,46.0,100.0,824.0,35,35,100,0,100,0,200,0,100.0,6525.0,100.0,42307298008.0,100.0,84093727802.0
2018-10-06,ZJV009MM,ST12000NM0007,12000138625024,0,81,128334008,95,0,100,4,100,0,90,904670039,93,6844,100,0,100,3,,,,,100.0,0.0,100.0,0.0,,,64.0,36.0,,,100.0,46.0,100.0,824.0,36,36,100,0,100,0,200,0,100.0,6548.0,100.0,42500654632.0,100.0,84336759402.0
2018-10-07,ZJV009MM,ST12000NM0007,12000138625024,0,81,129209592,95,0,100,4,100,0,90,909902948,93,6868,100,0,100,3,,,,,100.0,0.0,100.0,0.0,,,65.0,35.0,,,100.0,48.0,100.0,826.0,35,35,100,0,100,0,200,0,100.0,6572.0,100.0,42725556744.0,100.0,84601014394.0
2018-10-08,ZJV009MM,ST12000NM0007,12000138625024,0,78,63326688,95,0,100,4,100,0,90,914497935,93,6891,100,0,100,3,,,,,100.0,0.0,100.0,0.0,,,64.0,36.0,,,100.0,49.0,100.0,827.0,36,36,100,0,100,0,200,0,100.0,6595.0,100.0,42946082432.0,100.0,84802887146.0
2018-10-09,ZJV009MM,ST12000NM0007,12000138625024,0,82.0,150714496.0,95.0,0.0,100.0,4.0,100.0,0.0,90.0,917822700.0,93.0,6908.0,100.0,0.0,100.0,3.0,,,,,100.0,0.0,100.0,0.0,,,64.0,36.0,,,100.0,49.0,100.0,827.0,36.0,36.0,100.0,0.0,100.0,0.0,200.0,0.0,100.0,6612.0,100.0,43105032856.0,100.0,84975465282.0
2018-10-10,ZJV009MM,ST12000NM0007,12000138625024,0,80,98753960,95,0,100,4,100,0,90,925160932,93,6940,100,0,100,3,,,,,100.0,0.0,100.0,0.0,,,64.0,36.0,,,100.0,50.0,100.0,829.0,36,36,100,0,100,0,200,0,100.0,6643.0,100.0,43449074176.0,100.0,85311885378.0
2018-10-11,ZJV009MM,ST12000NM0007,12000138625024,0,82,173163104,95,0,100,4,100,0,90,931396292,93,6964,100,0,100,3,,,,,100.0,0.0,100.0,0.0,,,64.0,36.0,,,100.0,50.0,100.0,830.0,36,36,100,0,100,0,200,0,100.0,6667.0,100.0,43563752400.0,100.0,85759897650.0
2018-10-12,ZJV009MM,ST12000NM0007,12000138625024,0,74,23673728,95,0,100,4,100,0,90,937860443,93,6988,100,0,100,3,,,,,100.0,0.0,100.0,0.0,,,64.0,36.0,,,100.0,50.0,100.0,831.0,36,36,100,0,100,0,200,0,100.0,6691.0,100.0,43757636936.0,100.0,86148946050.0
2018-10-13,ZJV009MM,ST12000NM0007,12000138625024,0,74,22489576,95,0,100,4,100,0,90,943195925,92,7012,100,0,100,3,,,,,100.0,0.0,100.0,0.0,,,64.0,36.0,,,100.0,50.0,100.0,832.0,36,36,100,0,100,0,200,0,100.0,6715.0,100.0,44016645656.0,100.0,86377034858.0
2018-10-14,ZJV009MM,ST12000NM0007,12000138625024,0,74,22907992,95,0,100,4,100,0,90,949233550,92,7037,100,0,100,3,,,,,100.0,0.0,100.0,0.0,,,64.0,36.0,,,100.0,51.0,100.0,833.0,36,36,100,0,100,0,200,0,100.0,6740.0,100.0,44189257320.0,100.0,86693122954.0
2018-10-15,ZJV009MM,ST12000NM0007,12000138625024,0,82,160341344,95,0,100,4,100,0,90,953358461,92,7061,100,0,100,3,,,,,100.0,0.0,100.0,0.0,,,65.0,35.0,,,100.0,51.0,100.0,834.0,35,35,100,0,100,0,200,0,100.0,6764.0,100.0,44200086248.0,100.0,87063868010.0
2018-10-16,ZJV009MM,ST12000NM0007,12000138625024,0,80,92952488,95,0,100,4,100,0,90,954951405,92,7085,100,0,100,3,,,,,100.0,0.0,100.0,0.0,,,66.0,34.0,,,100.0,51.0,100.0,835.0,34,34,100,0,100,0,200,0,100.0,6787.0,100.0,44206646064.0,100.0,87234060170.0
2018-10-17,ZJV009MM,ST12000NM0007,12000138625024,0,79,87657608,95,0,100,4,100,0,90,957357359,92,7108,100,0,100,3,,,,,100.0,0.0,100.0,0.0,,,66.0,34.0,,,100.0,51.0,100.0,835.0,34,34,100,0,100,0,200,0,100.0,6811.0,100.0,44216234904.0,100.0,87463317170.0
2018-10-18,ZJV009MM,ST12000NM0007,12000138625024,0,83,193816248,95,0,100,4,100,0,90,960747401,92,7130,100,0,100,3,,,,,100.0,0.0,100.0,0.0,,,65.0,35.0,,,100.0,51.0,100.0,836.0,35,35,100,0,100,0,200,0,100.0,6832.0,100.0,44225235568.0,100.0,87804615970.0
2018-10-19,ZJV009MM,ST12000NM0007,12000138625024,0,80,108722416,95,0,100,4,100,0,90,963067873,92,7154,100,0,100,3,,,,,100.0,0.0,100.0,0.0,,,66.0,34.0,,,100.0,52.0,100.0,837.0,34,34,100,0,100,0,200,0,100.0,6857.0,100.0,44242394296.0,100.0,87946504042.0
2018-10-20,ZJV009MM,ST12000NM0007,12000138625024,0,78,56392464,95,0,100,4,100,0,90,964999027,92,7179,100,0,100,3,,,,,100.0,0.0,100.0,0.0,,,65.0,35.0,,,100.0,53.0,100.0,838.0,35,35,100,0,100,0,200,0,100.0,6881.0,100.0,44252029000.0,100.0,88128680106.0
2018-10-21,ZJV009MM,ST12000NM0007,12000138625024,0,71,13546560,95,0,100,4,100,0,90,968219234,92,7202,100,0,100,3,,,,,100.0,0.0,100.0,0.0,,,65.0,35.0,,,100.0,53.0,100.0,839.0,35,35,100,0,100,0,200,0,100.0,6904.0,100.0,44270904664.0,100.0,88311099394.0
2018-10-22,ZJV009MM,ST12000NM0007,12000138625024,0,83,178440416,95,0,100,4,100,0,90,969958234,92,7226,100,0,100,3,,,,,100.0,0.0,100.0,0.0,,,66.0,34.0,,,100.0,53.0,100.0,840.0,34,34,100,0,100,0,200,0,100.0,6928.0,100.0,44279844280.0,100.0,88467053634.0
2018-10-23,ZJV009MM,ST12000NM0007,12000138625024,0,83,193805496,95,0,100,4,100,0,90,973047052,92,7250,100,0,100,3,,,,,100.0,0.0,100.0,0.0,,,65.0,35.0,,,100.0,53.0,100.0,841.0,35,35,100,0,100,0,200,0,100.0,6952.0,100.0,44324359872.0,100.0,88682043882.0
2018-10-25,ZJV009MM,ST12000NM0007,12000138625024,0,84,227010696,95,0,100,4,100,0,90,978794947,92,7298,100,0,100,3,,,,,100.0,0.0,100.0,0.0,,,65.0,35.0,,,100.0,53.0,100.0,843.0,35,35,100,0,100,0,200,0,100.0,6999.0,100.0,44529569592.0,100.0,88998320786.0
2018-10-26,ZJV009MM,ST12000NM0007,12000138625024,0,75,33141920,95,0,100,4,100,0,90,982424549,92,7320,100,0,100,3,,,,,100.0,0.0,100.0,0.0,,,65.0,35.0,,,100.0,53.0,100.0,844.0,35,35,100,0,100,0,200,0,100.0,7022.0,100.0,44620077224.0,100.0,89202225730.0
2018-10-27,ZJV009MM,ST12000NM0007,12000138625024,0,79,70932080,95,0,100,4,100,0,90,985403182,92,7345,100,0,100,3,,,,,100.0,0.0,100.0,0.0,,,65.0,35.0,,,100.0,53.0,100.0,845.0,35,35,100,0,100,0,200,0,100.0,7047.0,100.0,44705492392.0,100.0,89398741450.0
2018-10-28,ZJV009MM,ST12000NM0007,12000138625024,0,76,43109896,95,0,100,4,100,0,90,988495244,92,7367,100,0,100,3,,,,,100.0,0.0,100.0,0.0,,,65.0,35.0,,,100.0,53.0,100.0,846.0,35,35,100,0,100,0,200,0,100.0,7068.0,100.0,44794104104.0,100.0,89526448218.0
2018-10-29,ZJV009MM,ST12000NM0007,12000138625024,0,77,53453872,95,0,100,4,100,0,90,991597093,92,7391,100,0,100,3,,,,,100.0,0.0,100.0,0.0,,,65.0,35.0,,,100.0,53.0,100.0,847.0,35,35,100,0,100,0,200,0,100.0,7092.0,100.0,44866912128.0,100.0,89708125146.0
2018-10-30,ZJV009MM,ST12000NM0007,12000138625024,0,78,68686328,95,0,100,4,100,0,90,994585854,92,7416,100,0,100,3,,,,,100.0,0.0,100.0,0.0,,,65.0,35.0,,,100.0,53.0,100.0,848.0,35,35,100,0,100,0,200,0,100.0,7117.0,100.0,44942989152.0,100.0,89891421234.0
2018-10-31,ZJV009MM,ST12000NM0007,12000138625024,0,83,211249904,95.0,0.0,100.0,4.0,100.0,0.0,90.0,996653263.0,92,7440,100.0,0.0,100,3,,,,,100.0,0.0,100.0,0.0,,,64.0,36.0,,,100.0,53.0,100.0,849.0,36,36,100.0,0.0,100.0,0.0,200.0,0.0,100.0,7141.0,100.0,45005248456.0,100.0,89971725506.0
2018-11-01,ZJV009MM,ST12000NM0007,12000138625024,0,83,203519016,95.0,0.0,100.0,4.0,100.0,0.0,90.0,999428390.0,92,7462,100.0,0.0,100,3,,,,,100.0,0.0,100.0,0.0,,,63.0,37.0,,,100.0,54.0,100.0,850.0,37,37,100.0,0.0,100.0,0.0,200.0,0.0,100.0,7163.0,100.0,45062696104.0,100.0,90150687642.0
2018-11-02,ZJV009MM,ST12000NM0007,12000138625024,0,83,215257952,95.0,0.0,100.0,4.0,100.0,0.0,65.0,3035724.0,92,7487,100.0,0.0,100,3,,,,,100.0,0.0,100.0,0.0,,,64.0,36.0,,,100.0,54.0,100.0,851.0,36,36,100.0,0.0,100.0,0.0,200.0,0.0,100.0,7187.0,100.0,45138974296.0,100.0,90330289290.0
2018-11-03,ZJV009MM,ST12000NM0007,12000138625024,0,74,25677800,95.0,0.0,100.0,4.0,100.0,0.0,68.0,6009725.0,92,7511,100.0,0.0,100,3,,,,,100.0,0.0,100.0,0.0,,,64.0,36.0,,,100.0,54.0,100.0,852.0,36,36,100.0,0.0,100.0,0.0,200.0,0.0,100.0,7211.0,100.0,45214045568.0,100.0,90553919482.0
2018-11-04,ZJV009MM,ST12000NM0007,12000138625024,0,80,97933144,95.0,0.0,100.0,4.0,100.0,0.0,70.0,10404361.0,92,7535,100.0,0.0,100,3,,,,,100.0,0.0,100.0,0.0,,,64.0,36.0,,,100.0,55.0,100.0,854.0,36,36,100.0,0.0,100.0,0.0,200.0,0.0,100.0,7235.0,100.0,45304288440.0,100.0,90780073354.0
2018-11-05,ZJV009MM,ST12000NM0007,12000138625024,0,82,143085560,95.0,0.0,100.0,4.0,100.0,0.0,71.0,13515858.0,92,7559,100.0,0.0,100,3,,,,,100.0,0.0,100.0,0.0,,,64.0,36.0,,,100.0,55.0,100.0,854.0,36,36,100.0,0.0,100.0,0.0,200.0,0.0,100.0,7259.0,100.0,45387092800.0,100.0,90986562090.0
2018-11-06,ZJV009MM,ST12000NM0007,12000138625024,0,82.0,160915688.0,95.0,0.0,100.0,4.0,100.0,0.0,72.0,16983171.0,92.0,7583.0,100.0,0.0,100.0,3.0,,,,,100.0,0.0,100.0,0.0,,,65.0,35.0,,,100.0,56.0,100.0,856.0,35.0,35.0,100.0,0.0,100.0,0.0,200.0,0.0,100.0,7282.0,100.0,45469916576.0,100.0,91165709074.0
2018-11-07,ZJV009MM,ST12000NM0007,12000138625024,0,82.0,151289904.0,95.0,0.0,100.0,4.0,100.0,0.0,73.0,19720447.0,92.0,7607.0,100.0,0.0,100.0,3.0,,,,,100.0,0.0,100.0,0.0,,,65.0,35.0,,,100.0,56.0,100.0,856.0,35.0,35.0,100.0,0.0,100.0,0.0,200.0,0.0,100.0,7306.0,100.0,45543667768.0,100.0,91326472802.0
2018-11-08,ZJV009MM,ST12000NM0007,12000138625024,0,83.0,212761264.0,95.0,0.0,100.0,4.0,100.0,0.0,74.0,23148271.0,92.0,7636.0,100.0,0.0,100.0,3.0,,,,,100.0,0.0,100.0,0.0,,,66.0,34.0,,,100.0,57.0,100.0,858.0,34.0,34.0,100.0,0.0,100.0,0.0,200.0,0.0,100.0,7335.0,100.0,45645354872.0,100.0,91530397722.0
2018-11-09,ZJV009MM,ST12000NM0007,12000138625024,0,83,217083768,95.0,0.0,100.0,4.0,100.0,0.0,74.0,26601613.0,92,7660,100.0,0.0,100,3,,,,,100.0,0.0,100.0,0.0,,,65.0,35.0,,,100.0,58.0,100.0,859.0,35,35,100.0,0.0,100.0,0.0,200.0,0.0,100.0,7360.0,100.0,45713819304.0,100.0,91710396426.0
2018-11-10,ZJV009MM,ST12000NM0007,12000138625024,0,84,230813792,95.0,0.0,100.0,4.0,100.0,0.0,75.0,29590946.0,92,7684,100.0,0.0,100,3,,,,,100.0,0.0,100.0,0.0,,,65.0,35.0,,,100.0,58.0,100.0,860.0,35,35,100.0,0.0,100.0,0.0,200.0,0.0,100.0,7384.0,100.0,45795282432.0,100.0,91886803986.0
2018-11-11,ZJV009MM,ST12000NM0007,12000138625024,0,75,33180320,95.0,0.0,100.0,4.0,100.0,0.0,75.0,33443125.0,92,7708,100.0,0.0,100,3,,,,,100.0,0.0,100.0,0.0,,,65.0,35.0,,,100.0,58.0,100.0,861.0,35,35,100.0,0.0,100.0,0.0,200.0,0.0,100.0,7407.0,100.0,45889007264.0,100.0,92083727538.0
2018-11-12,ZJV009MM,ST12000NM0007,12000138625024,0,72,17608112,95.0,0.0,100.0,4.0,100.0,0.0,76.0,36192311.0,92,7731,100.0,0.0,100,3,,,,,100.0,0.0,100.0,0.0,,,65.0,35.0,,,100.0,59.0,100.0,862.0,35,35,100.0,0.0,100.0,0.0,200.0,0.0,100.0,7431.0,100.0,45968444304.0,100.0,92232859106.0
2018-11-13,ZJV009MM,ST12000NM0007,12000138625024,0,80,91077104,95.0,0.0,100.0,4.0,100.0,0.0,76.0,39932208.0,92,7756,100.0,0.0,100,3,,,,,100.0,0.0,100.0,0.0,,,65.0,35.0,,,100.0,59.0,100.0,863.0,35,35,100.0,0.0,100.0,0.0,200.0,0.0,100.0,7455.0,100.0,46087956168.0,100.0,92430957114.0
2018-11-14,ZJV009MM,ST12000NM0007,12000138625024,0,80,106856952,95.0,0.0,100.0,4.0,100.0,0.0,76.0,42931231.0,92,7779,100.0,0.0,100,3,,,,,100.0,0.0,100.0,0.0,,,65.0,35.0,,,100.0,59.0,100.0,864.0,35,35,100.0,0.0,100.0,0.0,200.0,0.0,100.0,7478.0,100.0,46173578016.0,100.0,92605255810.0
2018-11-15,ZJV009MM,ST12000NM0007,12000138625024,0,76,39302728,95.0,0.0,100.0,4.0,100.0,0.0,77.0,44952046.0,92,7799,100.0,0.0,100,3,,,,,100.0,0.0,100.0,0.0,,,64.0,36.0,,,100.0,59.0,100.0,865.0,36,36,100.0,0.0,100.0,0.0,200.0,0.0,100.0,7498.0,100.0,46219981224.0,100.0,92735439084.0
2018-11-16,ZJV009MM,ST12000NM0007,12000138625024,0,79,79037216,95.0,0.0,100.0,4.0,100.0,0.0,77.0,48826415.0,92,7822,100.0,0.0,100,3,,,,,100.0,0.0,100.0,0.0,,,65.0,35.0,,,100.0,59.0,100.0,866.0,35,35,100.0,0.0,100.0,0.0,200.0,0.0,100.0,7521.0,100.0,46313115888.0,100.0,92926179828.0
2018-11-17,ZJV009MM,ST12000NM0007,12000138625024,0,77.0,48748992.0,95.0,0.0,100.0,4.0,100.0,0.0,77.0,51372747.0,92.0,7846.0,100.0,0.0,100.0,3.0,,,,,100.0,0.0,100.0,0.0,,,65.0,35.0,,,100.0,59.0,100.0,866.0,35.0,35.0,100.0,0.0,100.0,0.0,200.0,0.0,100.0,7544.0,100.0,46376989144.0,100.0,93076159116.0
2018-11-18,ZJV009MM,ST12000NM0007,12000138625024,0,77,48252576,95.0,0.0,100.0,4.0,100.0,0.0,77.0,54508199.0,92,7870,100.0,0.0,100,3,,,,,100.0,0.0,100.0,0.0,,,64.0,36.0,,,100.0,59.0,100.0,867.0,36,36,100.0,0.0,100.0,0.0,200.0,0.0,100.0,7568.0,100.0,46439008992.0,100.0,93257783716.0
2018-11-19,ZJV009MM,ST12000NM0007,12000138625024,0,80,109091992,95.0,0.0,100.0,4.0,100.0,0.0,78.0,58681574.0,91,7895,100.0,0.0,100,3,,,,,100.0,0.0,100.0,0.0,,,65.0,35.0,,,100.0,59.0,100.0,869.0,35,35,100.0,0.0,100.0,0.0,200.0,0.0,100.0,7593.0,100.0,46499172856.0,100.0,93502600084.0
2018-11-20,ZJV009MM,ST12000NM0007,12000138625024,0,78,62948624,95.0,0.0,100.0,4.0,100.0,0.0,78.0,61158752.0,91,7918,100.0,0.0,100,3,,,,,100.0,0.0,100.0,0.0,,,65.0,35.0,,,100.0,59.0,100.0,869.0,35,35,100.0,0.0,100.0,0.0,200.0,0.0,100.0,7617.0,100.0,46556748232.0,100.0,93643022004.0
2018-11-21,ZJV009MM,ST12000NM0007,12000138625024,0,77,47909768,95.0,0.0,100.0,4.0,100.0,0.0,78.0,64378817.0,91,7942,100.0,0.0,100,3,,,,,100.0,0.0,100.0,0.0,,,65.0,35.0,,,100.0,60.0,100.0,871.0,35,35,100.0,0.0,100.0,0.0,200.0,0.0,100.0,7640.0,100.0,46619005736.0,100.0,93809866276.0
2018-11-22,ZJV009MM,ST12000NM0007,12000138625024,0,77,51998056,95.0,0.0,100.0,4.0,100.0,0.0,78.0,67245229.0,91,7967,100.0,0.0,100,3,,,,,100.0,0.0,100.0,0.0,,,64.0,36.0,,,100.0,60.0,100.0,871.0,36,36,100.0,0.0,100.0,0.0,200.0,0.0,100.0,7665.0,100.0,46687959744.0,100.0,93989141428.0
2018-11-23,ZJV009MM,ST12000NM0007,12000138625024,0,80,93614528,95.0,0.0,100.0,4.0,100.0,0.0,79.0,70979294.0,91,7991,100.0,0.0,100,3,,,,,100.0,0.0,100.0,0.0,,,65.0,35.0,,,100.0,60.0,100.0,872.0,35,35,100.0,0.0,100.0,0.0,200.0,0.0,100.0,7689.0,100.0,46748284288.0,100.0,94214574124.0
2018-11-24,ZJV009MM,ST12000NM0007,12000138625024,0,79,80678128,95.0,0.0,100.0,4.0,100.0,0.0,79.0,73535394.0,91,8014,100.0,0.0,100,3,,,,,100.0,0.0,100.0,0.0,,,65.0,35.0,,,100.0,61.0,100.0,873.0,35,35,100.0,0.0,100.0,0.0,200.0,0.0,100.0,7712.0,100.0,46798305384.0,100.0,94395757500.0
2018-11-25,ZJV009MM,ST12000NM0007,12000138625024,0,77,53315288,95.0,0.0,100.0,4.0,100.0,0.0,79.0,76515367.0,91,8039,100.0,0.0,100,3,,,,,100.0,0.0,100.0,0.0,,,65.0,35.0,,,100.0,62.0,100.0,875.0,35,35,100.0,0.0,100.0,0.0,200.0,0.0,100.0,7737.0,100.0,46851102840.0,100.0,94559738068.0
2018-11-26,ZJV009MM,ST12000NM0007,12000138625024,0,70,10683096,95.0,0.0,100.0,4.0,100.0,0.0,79.0,79163575.0,91,8063,100.0,0.0,100,3,,,,,100.0,0.0,100.0,0.0,,,65.0,35.0,,,100.0,62.0,100.0,875.0,35,35,100.0,0.0,100.0,0.0,200.0,0.0,100.0,7760.0,100.0,46899930248.0,100.0,94712419204.0
2018-11-27,ZJV009MM,ST12000NM0007,12000138625024,0,69,7214400,95.0,0.0,100.0,4.0,100.0,0.0,79.0,81891627.0,91,8087,100.0,0.0,100,3,,,,,100.0,0.0,100.0,0.0,,,65.0,35.0,,,100.0,63.0,100.0,876.0,35,35,100.0,0.0,100.0,0.0,200.0,0.0,100.0,7784.0,100.0,46954959832.0,100.0,94898061900.0
2018-11-28,ZJV009MM,ST12000NM0007,12000138625024,0,70,10715112,95.0,0.0,100.0,4.0,100.0,0.0,79.0,84628818.0,91,8111,100.0,0.0,100,3,,,,,100.0,0.0,100.0,0.0,,,65.0,35.0,,,100.0,64.0,100.0,878.0,35,35,100.0,0.0,100.0,0.0,200.0,0.0,100.0,7808.0,100.0,47017673848.0,100.0,95082989364.0
2018-11-29,ZJV009MM,ST12000NM0007,12000138625024,0,83,214219528,95.0,0.0,100.0,4.0,100.0,0.0,79.0,87151543.0,91,8134,100.0,0.0,100,3,,,,,100.0,0.0,100.0,0.0,,,66.0,34.0,,,100.0,64.0,100.0,878.0,34,34,100.0,0.0,100.0,0.0,200.0,0.0,100.0,7831.0,100.0,47081563864.0,100.0,95222603764.0
2018-11-30,ZJV009MM,ST12000NM0007,12000138625024,0,67,4695264,95.0,0.0,100.0,4.0,100.0,0.0,80.0,90899560.0,91,8159,100.0,0.0,100,3,,,,,100.0,0.0,100.0,0.0,,,67.0,33.0,,,100.0,66.0,100.0,880.0,33,33,100.0,0.0,100.0,0.0,200.0,0.0,100.0,7855.0,100.0,47160833400.0,100.0,95422091572.0
2018-12-01,ZJV009MM,ST12000NM0007,12000138625024,0,82,165147936,95.0,0.0,100.0,4.0,100.0,0.0,80.0,93177698.0,91,8182,100.0,0.0,100,3,,,,,100.0,0.0,100.0,0.0,,,67.0,33.0,,,100.0,66.0,100.0,880.0,33,33,100.0,0.0,100.0,0.0,200.0,0.0,100.0,7878.0,100.0,47237337824.0,100.0,95506039820.0
2018-12-02,ZJV009MM,ST12000NM0007,12000138625024,0,80,108228624,95.0,0.0,100.0,4.0,100.0,0.0,80.0,96110134.0,91,8206,100.0,0.0,100,3,,,,,100.0,0.0,100.0,0.0,,,67.0,33.0,,,100.0,68.0,100.0,882.0,33,33,100.0,0.0,100.0,0.0,200.0,0.0,100.0,7903.0,100.0,47300272296.0,100.0,95630326812.0
2018-12-03,ZJV009MM,ST12000NM0007,12000138625024,0,82,159743376,95.0,0.0,100.0,4.0,100.0,0.0,80.0,99628981.0,91,8230,100.0,0.0,100,3,,,,,100.0,0.0,100.0,0.0,,,67.0,33.0,,,100.0,68.0,100.0,882.0,33,33,100.0,0.0,100.0,0.0,200.0,0.0,100.0,7927.0,100.0,47396438056.0,100.0,95829816460.0
2018-12-04,ZJV009MM,ST12000NM0007,12000138625024,0,83,184201712,95.0,0.0,100.0,4.0,100.0,0.0,80.0,102686350.0,91,8254,100.0,0.0,100,3,,,,,100.0,0.0,100.0,0.0,,,67.0,33.0,,,100.0,68.0,100.0,884.0,33,33,100.0,0.0,100.0,0.0,200.0,0.0,100.0,7950.0,100.0,47481091912.0,100.0,96013761588.0
2018-12-05,ZJV009MM,ST12000NM0007,12000138625024,0,83.0,215316984.0,95.0,0.0,100.0,4.0,100.0,0.0,80.0,106381358.0,91.0,8279.0,100.0,0.0,100.0,3.0,,,,,100.0,0.0,100.0,0.0,,,67.0,33.0,,,100.0,69.0,100.0,885.0,33.0,33.0,100.0,0.0,100.0,0.0,200.0,0.0,100.0,7975.0,100.0,47544055416.0,100.0,96226054028.0
2018-12-06,ZJV009MM,ST12000NM0007,12000138625024,0,76,44620824,95.0,0.0,100.0,4.0,100.0,0.0,80.0,110065566.0,91,8310,100.0,0.0,100,3,,,,,100.0,0.0,100.0,0.0,,,68.0,32.0,,,100.0,70.0,100.0,887.0,32,32,100.0,0.0,100.0,0.0,200.0,0.0,100.0,8005.0,100.0,47631863264.0,100.0,96455831460.0
2018-12-07,ZJV009MM,ST12000NM0007,12000138625024,0,78,68624312,95.0,0.0,100.0,4.0,100.0,0.0,81.0,114237632.0,91,8334,100.0,0.0,100,3,,,,,100.0,0.0,100.0,0.0,,,68.0,32.0,,,100.0,71.0,100.0,888.0,32,32,100.0,0.0,100.0,0.0,200.0,0.0,100.0,8029.0,100.0,47696376032.0,100.0,96659462892.0
2018-12-08,ZJV009MM,ST12000NM0007,12000138625024,0,78,64162312,95.0,0.0,100.0,4.0,100.0,0.0,81.0,117007288.0,91,8358,100.0,0.0,100,3,,,,,100.0,0.0,100.0,0.0,,,67.0,33.0,,,100.0,71.0,100.0,889.0,33,33,100.0,0.0,100.0,0.0,200.0,0.0,100.0,8053.0,100.0,47757536448.0,100.0,96837981164.0
2018-12-09,ZJV009MM,ST12000NM0007,12000138625024,0,76,38825568,95.0,0.0,100.0,4.0,100.0,0.0,81.0,120260202.0,91,8381,100.0,0.0,100,3,,,,,100.0,0.0,100.0,0.0,,,68.0,32.0,,,100.0,71.0,100.0,890.0,32,32,100.0,0.0,100.0,0.0,200.0,0.0,100.0,8076.0,100.0,47810254208.0,100.0,97004067292.0
2018-12-10,ZJV009MM,ST12000NM0007,12000138625024,0,84,242225600,95.0,0.0,100.0,4.0,100.0,0.0,81.0,123009891.0,91,8406,100.0,0.0,100,3,,,,,100.0,0.0,100.0,0.0,,,68.0,32.0,,,100.0,71.0,100.0,891.0,32,32,100.0,0.0,100.0,0.0,200.0,0.0,100.0,8100.0,100.0,47881054336.0,100.0,97136667196.0
2018-12-11,ZJV009MM,ST12000NM0007,12000138625024,0,83,198976312,95.0,0.0,100.0,4.0,100.0,0.0,81.0,125651062.0,91,8430,100.0,0.0,100,3,,,,,100.0,0.0,100.0,0.0,,,68.0,32.0,,,100.0,71.0,100.0,892.0,32,32,100.0,0.0,100.0,0.0,200.0,0.0,100.0,8124.0,100.0,47949259328.0,100.0,97269353588.0
2018-12-12,ZJV009MM,ST12000NM0007,12000138625024,0,83,178367384,95.0,0.0,100.0,4.0,100.0,0.0,81.0,128333716.0,91,8454,100.0,0.0,100,3,,,,,100.0,0.0,100.0,0.0,,,67.0,33.0,,,100.0,71.0,100.0,893.0,33,33,100.0,0.0,100.0,0.0,200.0,0.0,100.0,8148.0,100.0,48026354736.0,100.0,97415789980.0
2018-12-13,ZJV009MM,ST12000NM0007,12000138625024,0,82,144401928,95.0,0.0,100.0,4.0,100.0,0.0,81.0,130815183.0,91,8477,100.0,0.0,100,3,,,,,100.0,0.0,100.0,0.0,,,66.0,34.0,,,100.0,71.0,100.0,894.0,34,34,100.0,0.0,100.0,0.0,200.0,0.0,100.0,8171.0,100.0,48090045736.0,100.0,97562274204.0
2018-12-14,ZJV009MM,ST12000NM0007,12000138625024,0,83,181279496,95.0,0.0,100.0,4.0,100.0,0.0,81.0,134587842.0,91,8502,100.0,0.0,100,3,,,,,100.0,0.0,100.0,0.0,,,66.0,34.0,,,100.0,71.0,100.0,895.0,34,34,100.0,0.0,100.0,0.0,200.0,0.0,100.0,8196.0,100.0,48167345992.0,100.0,97765992148.0
2018-12-15,ZJV009MM,ST12000NM0007,12000138625024,0,83,183377568,95.0,0.0,100.0,4.0,100.0,0.0,81.0,137391567.0,91,8526,100.0,0.0,100,3,,,,,100.0,0.0,100.0,0.0,,,66.0,34.0,,,100.0,71.0,100.0,896.0,34,34,100.0,0.0,100.0,0.0,200.0,0.0,100.0,8220.0,100.0,48244110920.0,100.0,97935466188.0
2018-12-16,ZJV009MM,ST12000NM0007,12000138625024,0,81,135061688,95.0,0.0,100.0,4.0,100.0,0.0,81.0,140591506.0,91,8549,100.0,0.0,100,3,,,,,100.0,0.0,100.0,0.0,,,66.0,34.0,,,100.0,71.0,100.0,897.0,34,34,100.0,0.0,100.0,0.0,200.0,0.0,100.0,8243.0,100.0,48299580840.0,100.0,98075821164.0
2018-12-17,ZJV009MM,ST12000NM0007,12000138625024,0,80,95415848,95.0,0.0,100.0,4.0,100.0,0.0,82.0,142950401.0,91,8574,100.0,0.0,100,3,,,,,100.0,0.0,100.0,0.0,,,66.0,34.0,,,100.0,72.0,100.0,898.0,34,34,100.0,0.0,100.0,0.0,200.0,0.0,100.0,8268.0,100.0,48347964312.0,100.0,98231932524.0
2018-12-18,ZJV009MM,ST12000NM0007,12000138625024,0,76,39187008,95.0,0.0,100.0,4.0,100.0,0.0,82.0,145296251.0,91,8598,100.0,0.0,100,3,,,,,100.0,0.0,100.0,0.0,,,66.0,34.0,,,100.0,72.0,100.0,899.0,34,34,100.0,0.0,100.0,0.0,200.0,0.0,100.0,8291.0,100.0,48409020568.0,100.0,98358788324.0
2018-12-19,ZJV009MM,ST12000NM0007,12000138625024,0,65,2932816,95.0,0.0,100.0,4.0,100.0,0.0,82.0,147801119.0,91,8622,100.0,0.0,100,3,,,,,100.0,0.0,100.0,0.0,,,66.0,34.0,,,100.0,72.0,100.0,900.0,34,34,100.0,0.0,100.0,0.0,200.0,0.0,100.0,8315.0,100.0,48472343976.0,100.0,98503351452.0
2018-12-20,ZJV009MM,ST12000NM0007,12000138625024,0,66,4154616,95.0,0.0,100.0,4.0,100.0,0.0,82.0,150642275.0,91,8646,100.0,0.0,100,3,,,,,100.0,0.0,100.0,0.0,,,66.0,34.0,,,100.0,72.0,100.0,901.0,34,34,100.0,0.0,100.0,0.0,200.0,0.0,100.0,8339.0,100.0,48546701552.0,100.0,98674356492.0
2018-12-21,ZJV009MM,ST12000NM0007,12000138625024,0,72,16156360,95.0,0.0,100.0,4.0,100.0,0.0,82.0,154270421.0,91,8669,100.0,0.0,100,3,,,,,100.0,0.0,100.0,0.0,,,66.0,34.0,,,100.0,72.0,100.0,902.0,34,34,100.0,0.0,100.0,0.0,200.0,0.0,100.0,8362.0,100.0,48605952280.0,100.0,98871248164.0
2018-12-22,ZJV009MM,ST12000NM0007,12000138625024,0,100,257928,95.0,0.0,100.0,4.0,100.0,0.0,82.0,157107565.0,91,8694,100.0,0.0,100,3,,,,,100.0,0.0,100.0,0.0,,,66.0,34.0,,,100.0,73.0,100.0,903.0,34,34,100.0,0.0,100.0,0.0,200.0,0.0,100.0,8387.0,100.0,48671055440.0,100.0,99034387436.0
2018-12-23,ZJV009MM,ST12000NM0007,12000138625024,0,83,213501064,95.0,0.0,100.0,4.0,100.0,0.0,82.0,160519520.0,91,8718,100.0,0.0,100,3,,,,,100.0,0.0,100.0,0.0,,,65.0,35.0,,,100.0,73.0,100.0,904.0,35,35,100.0,0.0,100.0,0.0,200.0,0.0,100.0,8410.0,100.0,48728907016.0,100.0,99189778996.0
2018-12-24,ZJV009MM,ST12000NM0007,12000138625024,0,83,215395096,95.0,0.0,100.0,4.0,100.0,0.0,82.0,164239429.0,91,8741,100.0,0.0,100,3,,,,,100.0,0.0,100.0,0.0,,,66.0,34.0,,,100.0,73.0,100.0,905.0,34,34,100.0,0.0,100.0,0.0,200.0,0.0,100.0,8434.0,100.0,48825485072.0,100.0,99339235756.0
2018-12-25,ZJV009MM,ST12000NM0007,12000138625024,0,83,190163432,95.0,0.0,100.0,4.0,100.0,0.0,82.0,166990086.0,90,8766,100.0,0.0,100,3,,,,,100.0,0.0,100.0,0.0,,,66.0,34.0,,,100.0,73.0,100.0,906.0,34,34,100.0,0.0,100.0,0.0,200.0,0.0,100.0,8458.0,100.0,48882926656.0,100.0,99500703180.0
2018-12-26,ZJV009MM,ST12000NM0007,12000138625024,0,82,144144904,95.0,0.0,100.0,4.0,100.0,0.0,82.0,169867477.0,90,8790,100.0,0.0,100,3,,,,,100.0,0.0,100.0,0.0,,,66.0,34.0,,,100.0,74.0,100.0,907.0,34,34,100.0,0.0,100.0,0.0,200.0,0.0,100.0,8482.0,100.0,48939428784.0,100.0,99642323300.0
2018-12-27,ZJV009MM,ST12000NM0007,12000138625024,0,76,39482272,95.0,0.0,100.0,4.0,100.0,0.0,82.0,172013255.0,90,8814,100.0,0.0,100,3,,,,,100.0,0.0,100.0,0.0,,,66.0,34.0,,,100.0,74.0,100.0,908.0,34,34,100.0,0.0,100.0,0.0,200.0,0.0,100.0,8506.0,100.0,48990896704.0,100.0,99730333436.0
2018-12-28,ZJV009MM,ST12000NM0007,12000138625024,0,77,55167576,95.0,0.0,100.0,4.0,100.0,0.0,82.0,175751224.0,90,8838,100.0,0.0,100,3,,,,,100.0,0.0,100.0,0.0,,,66.0,34.0,,,100.0,74.0,100.0,909.0,34,34,100.0,0.0,100.0,0.0,200.0,0.0,100.0,8530.0,100.0,49056757840.0,100.0,99924298236.0
2018-12-29,ZJV009MM,ST12000NM0007,12000138625024,0,73,18355752,95.0,0.0,100.0,4.0,100.0,0.0,83.0,178327924.0,90,8862,100.0,0.0,100,3,,,,,100.0,0.0,100.0,0.0,,,66.0,34.0,,,100.0,75.0,100.0,910.0,34,34,100.0,0.0,100.0,0.0,200.0,0.0,100.0,8554.0,100.0,49119613216.0,100.0,100068771684.0
2018-12-30,ZJV009MM,ST12000NM0007,12000138625024,0,73,19266472,95.0,0.0,100.0,4.0,100.0,0.0,83.0,181926441.0,90,8885,100.0,0.0,100,3,,,,,100.0,0.0,100.0,0.0,,,67.0,33.0,,,100.0,75.0,100.0,911.0,33,33,100.0,0.0,100.0,0.0,200.0,0.0,100.0,8577.0,100.0,49184165872.0,100.0,100249270452.0
2018-12-31,ZJV009MM,ST12000NM0007,12000138625024,0,68,6426056,95.0,0.0,100.0,4.0,100.0,0.0,83.0,184658587.0,90,8910,100.0,0.0,100,3,,,,,100.0,0.0,100.0,0.0,,,67.0,33.0,,,100.0,75.0,100.0,912.0,33,33,100.0,0.0,100.0,0.0,200.0,0.0,100.0,8602.0,100.0,49240860592.0,100.0,100423876148.0
