2019-01-01,ZJV00F8H,ST12000NM0007,12000138625024,0,74,27128680,97.0,0.0,100.0,3.0,100.0,0.0,82.0,143589041.0,90,8933,100.0,0.0,100,2,,,,,100.0,0.0,100.0,0.0,,,74.0,26.0,,,100.0,81.0,100.0,905.0,26,26,100.0,0.0,100.0,0.0,200.0,0.0,100.0,8630.0,100.0,50450266024.0,100.0,79703939832.0
2019-01-02,ZJV00F8H,ST12000NM0007,12000138625024,0,83,221293736,97.0,0.0,100.0,3.0,100.0,0.0,82.0,146152108.0,90,8958,100.0,0.0,100,2,,,,,100.0,0.0,100.0,0.0,,,75.0,25.0,,,100.0,81.0,100.0,906.0,25,25,100.0,0.0,100.0,0.0,200.0,0.0,100.0,8655.0,100.0,50518702768.0,100.0,79829668144.0
2019-01-03,ZJV00F8H,ST12000NM0007,12000138625024,0,81.0,137900888.0,97.0,0.0,100.0,3.0,100.0,0.0,82.0,148478170.0,90.0,8982.0,100.0,0.0,100.0,2.0,,,,,100.0,0.0,100.0,0.0,,,73.0,27.0,,,100.0,82.0,100.0,907.0,27.0,27.0,100.0,0.0,100.0,0.0,200.0,0.0,100.0,8679.0,100.0,50586145424.0,100.0,79922973368.0
2019-01-04,ZJV00F8H,ST12000NM0007,12000138625024,0,77,54323536,97.0,0.0,100.0,3.0,100.0,0.0,82.0,150271769.0,90,8998,100.0,0.0,100,2,,,,,100.0,0.0,100.0,0.0,,,74.0,26.0,,,100.0,82.0,100.0,913.0,26,26,100.0,0.0,100.0,0.0,200.0,0.0,100.0,8694.0,100.0,50629564008.0,100.0,80040118130.0
2019-01-05,ZJV00F8H,ST12000NM0007,12000138625024,0,83,221604512,97.0,0.0,100.0,3.0,100.0,0.0,82.0,152959585.0,90,9023,100.0,0.0,100,2,,,,,100.0,0.0,100.0,0.0,,,74.0,26.0,,,100.0,83.0,100.0,914.0,26,26,100.0,0.0,100.0,0.0,200.0,0.0,100.0,8719.0,100.0,50704433176.0,100.0,80132529938.0
2019-01-06,ZJV00F8H,ST12000NM0007,12000138625024,0,84,226347488,97.0,0.0,100.0,3.0,100.0,0.0,82.0,156496770.0,90,9046,100.0,0.0,100,2,,,,,100.0,0.0,100.0,0.0,,,72.0,28.0,,,100.0,83.0,100.0,915.0,28,28,100.0,0.0,100.0,0.0,200.0,0.0,100.0,8741.0,100.0,50776377712.0,100.0,80309469378.0
2019-01-07,ZJV00F8H,ST12000NM0007,12000138625024,0,83,219401512,97.0,0.0,100.0,3.0,100.0,0.0,82.0,159227477.0,90,9070,100.0,0.0,100,2,,,,,100.0,0.0,100.0,0.0,,,72.0,28.0,,,100.0,83.0,100.0,916.0,28,28,100.0,0.0,100.0,0.0,200.0,0.0,100.0,8765.0,100.0,50840986816.0,100.0,80482055066.0
2019-01-08,ZJV00F8H,ST12000NM0007,12000138625024,0,76,38243736,97.0,0.0,100.0,3.0,100.0,0.0,82.0,163398200.0,90,9094,100.0,0.0,100,2,,,,,100.0,0.0,100.0,0.0,,,74.0,26.0,,,100.0,83.0,100.0,917.0,26,26,100.0,0.0,100.0,0.0,200.0,0.0,100.0,8789.0,100.0,50916379272.0,100.0,80713786122.0
2019-01-09,ZJV00F8H,ST12000NM0007,12000138625024,0,75,35187768,97.0,0.0,100.0,3.0,100.0,0.0,82.0,166989838.0,90,9118,100.0,0.0,100,2,,,,,100.0,0.0,100.0,0.0,,,74.0,26.0,,,100.0,83.0,100.0,918.0,26,26,100.0,0.0,100.0,0.0,200.0,0.0,100.0,8813.0,100.0,50994024856.0,100.0,80877225290.0
2019-01-10,ZJV00F8H,ST12000NM0007,12000138625024,0,69,8562040,97.0,0.0,100.0,3.0,100.0,0.0,82.0,169783655.0,90,9142,100.0,0.0,100,2,,,,,100.0,0.0,100.0,0.0,,,74.0,26.0,,,100.0,83.0,100.0,919.0,26,26,100.0,0.0,100.0,0.0,200.0,0.0,100.0,8837.0,100.0,51064060064.0,100.0,81024705290.0
2019-01-11,ZJV00F8H,ST12000NM0007,12000138625024,0,82.0,155615032.0,97.0,0.0,100.0,3.0,100.0,0.0,82.0,171465502.0,90.0,9157.0,100.0,0.0,100.0,2.0,,,,,100.0,0.0,100.0,0.0,,,74.0,26.0,,,100.0,83.0,100.0,920.0,26.0,26.0,100.0,0.0,100.0,0.0,200.0,0.0,100.0,8852.0,100.0,51108816592.0,100.0,81127001754.0
2019-01-12,ZJV00F8H,ST12000NM0007,12000138625024,0,83,206644120,97.0,0.0,100.0,3.0,100.0,0.0,82.0,174639861.0,90,9189,100.0,0.0,100,2,,,,,100.0,0.0,100.0,0.0,,,74.0,26.0,,,100.0,84.0,100.0,921.0,26,26,100.0,0.0,100.0,0.0,200.0,0.0,100.0,8884.0,100.0,51203599840.0,100.0,81327388530.0
2019-01-13,ZJV00F8H,ST12000NM0007,12000138625024,0,81,131450736,97.0,0.0,100.0,3.0,100.0,0.0,82.0,176704088.0,90,9205,100.0,0.0,100,2,,,,,100.0,0.0,100.0,0.0,,,73.0,27.0,,,100.0,84.0,100.0,922.0,27,27,100.0,0.0,100.0,0.0,200.0,0.0,100.0,8900.0,100.0,51267694248.0,100.0,81432241378.0
2019-01-14,ZJV00F8H,ST12000NM0007,12000138625024,0,83,214566112,97.0,0.0,100.0,3.0,100.0,0.0,83.0,180790904.0,90,9237,100.0,0.0,100,2,,,,,100.0,0.0,100.0,0.0,,,74.0,26.0,,,100.0,84.0,100.0,923.0,26,26,100.0,0.0,100.0,0.0,200.0,0.0,100.0,8931.0,100.0,51366215384.0,100.0,81660976434.0
2019-01-15,ZJV00F8H,ST12000NM0007,12000138625024,0,80.0,109983680.0,97.0,0.0,100.0,3.0,100.0,0.0,83.0,182279148.0,90.0,9253.0,100.0,0.0,100.0,2.0,,,,,100.0,0.0,100.0,0.0,,,72.0,28.0,,,100.0,85.0,100.0,924.0,28.0,28.0,100.0,0.0,100.0,0.0,200.0,0.0,100.0,8947.0,100.0,51407588288.0,100.0,81759161802.0
2019-01-16,ZJV00F8H,ST12000NM0007,12000138625024,0,82,163889424,97.0,0.0,100.0,3.0,100.0,0.0,83.0,186364055.0,90,9284,100.0,0.0,100,2,,,,,100.0,0.0,100.0,0.0,,,72.0,28.0,,,100,86,100.0,925.0,28,28,100.0,0.0,100.0,0.0,200.0,0.0,100.0,8978.0,100.0,51505994048.0,100.0,81958802418.0
2019-01-17,ZJV00F8H,ST12000NM0007,12000138625024,0,78,60846640,97.0,0.0,100.0,3.0,100.0,0.0,83.0,188292376.0,90,9300,100.0,0.0,100,2,,,,,100.0,0.0,100.0,0.0,,,74.0,26.0,,,100,86,100.0,926.0,26,26,100.0,0.0,100.0,0.0,200.0,0.0,100.0,8994.0,100.0,51562210688.0,100.0,82043683626.0
2019-01-18,ZJV00F8H,ST12000NM0007,12000138625024,0,81,130322232,97.0,0.0,100.0,3.0,100.0,0.0,83.0,191702364.0,90,9332,100.0,0.0,100,2,,,,,100.0,0.0,100.0,0.0,,,74.0,26.0,,,100,86,100.0,927.0,26,26,100.0,0.0,100.0,0.0,200.0,0.0,100.0,9026.0,100.0,51663056360.0,100.0,82256454234.0
2019-01-19,ZJV00F8H,ST12000NM0007,12000138625024,0,74,22643624,97.0,0.0,100.0,3.0,100.0,0.0,83.0,193363259.0,90,9348,100.0,0.0,100,2,,,,,100.0,0.0,100.0,0.0,,,74.0,26.0,,,100,87,100.0,928.0,26,26,100.0,0.0,100.0,0.0,200.0,0.0,100.0,9041.0,100.0,51707394856.0,100.0,82348578202.0
2019-01-20,ZJV00F8H,ST12000NM0007,12000138625024,0,82,141797288,97.0,0.0,100.0,3.0,100.0,0.0,83.0,198203037.0,90,9379,100.0,0.0,100,2,,,,,100.0,0.0,100.0,0.0,,,74.0,26.0,,,100,87,100.0,929.0,26,26,100.0,0.0,100.0,0.0,200.0,0.0,100.0,9073.0,100.0,51819301576.0,100.0,82599966282.0
2019-01-21,ZJV00F8H,ST12000NM0007,12000138625024,0,76,41431568,97.0,0.0,100.0,3.0,100.0,0.0,83.0,199807990.0,90,9395,100.0,0.0,100,2,,,,,100.0,0.0,100.0,0.0,,,74.0,26.0,,,100,88,100.0,930.0,26,26,100.0,0.0,100.0,0.0,200.0,0.0,100.0,9089.0,100.0,51857626208.0,100.0,82705416770.0
2019-01-22,ZJV00F8H,ST12000NM0007,12000138625024,0,81.0,138646576.0,97.0,0.0,100.0,3.0,100.0,0.0,83.0,203771143.0,90.0,9427.0,100.0,0.0,100.0,2.0,,,,,100.0,0.0,100.0,0.0,,,74.0,26.0,,,100.0,89.0,100.0,931.0,26.0,26.0,100.0,0.0,100.0,0.0,200.0,0.0,100.0,9120.0,100.0,51955102392.0,100.0,82949296346.0
2019-01-23,ZJV00F8H,ST12000NM0007,12000138625024,0,79.0,83527304.0,97.0,0.0,100.0,3.0,100.0,0.0,83.0,206651003.0,90.0,9443.0,100.0,0.0,100.0,2.0,,,,,100.0,0.0,100.0,0.0,,,73.0,27.0,,,100.0,89.0,100.0,932.0,27.0,27.0,100.0,0.0,100.0,0.0,200.0,0.0,100.0,9136.0,100.0,52005794136.0,100.0,83087625986.0
2019-01-24,ZJV00F8H,ST12000NM0007,12000138625024,0,83.0,195063224.0,97.0,0.0,100.0,3.0,100.0,0.0,83.0,211304436.0,90.0,9474.0,100.0,0.0,100.0,2.0,,,,,100.0,0.0,100.0,0.0,,,73.0,27.0,,,100.0,89.0,100.0,933.0,27.0,27.0,100.0,0.0,100.0,0.0,200.0,0.0,100.0,9167.0,100.0,52099190616.0,100.0,83349906346.0
2019-01-25,ZJV00F8H,ST12000NM0007,12000138625024,0,81,138821080,97.0,0.0,100.0,3.0,100.0,0.0,83.0,213481735.0,90,9490,100.0,0.0,100,2,,,,,100.0,0.0,100.0,0.0,,,72.0,28.0,,,100,89,100.0,933.0,28,28,100.0,0.0,100.0,0.0,200.0,0.0,100.0,9183.0,100.0,52168087904.0,100.0,83468907546.0
2019-01-26,ZJV00F8H,ST12000NM0007,12000138625024,0,82,153144344,97.0,0.0,100.0,3.0,100.0,0.0,83.0,217216110.0,90,9522,100.0,0.0,100,2,,,,,100.0,0.0,100.0,0.0,,,72.0,28.0,,,100,91,100.0,935.0,28,28,100.0,0.0,100.0,0.0,200.0,0.0,100.0,9215.0,100.0,52262565768.0,100.0,83632893794.0
2019-01-27,ZJV00F8H,ST12000NM0007,12000138625024,0,73,22032104,97.0,0.0,100.0,3.0,100.0,0.0,83.0,219105092.0,90,9537,100.0,0.0,100,2,,,,,100.0,0.0,100.0,0.0,,,72.0,28.0,,,100,91,100.0,936.0,28,28,100.0,0.0,100.0,0.0,200.0,0.0,100.0,9230.0,100.0,52313705592.0,100.0,83694782834.0
2019-01-28,ZJV00F8H,ST12000NM0007,12000138625024,0,82,142101136,97.0,0.0,100.0,3.0,100.0,0.0,84.0,224344293.0,90,9569,100.0,0.0,100,2,,,,,100.0,0.0,100.0,0.0,,,73.0,27.0,,,100,91,100.0,937.0,27,27,100.0,0.0,100.0,0.0,200.0,0.0,100.0,9262.0,100.0,52425166600.0,100.0,83947531578.0
2019-01-29,ZJV00F8H,ST12000NM0007,12000138625024,0,79,84623472,97.0,0.0,100.0,3.0,100.0,0.0,84.0,226338225.0,90,9585,100.0,0.0,100,2,,,,,100.0,0.0,100.0,0.0,,,74.0,26.0,,,100,91,100.0,938.0,26,26,100.0,0.0,100.0,0.0,200.0,0.0,100.0,9277.0,100.0,52497376056.0,100.0,84061985330.0
2019-01-30,ZJV00F8H,ST12000NM0007,12000138625024,0,82,172376704,97.0,0.0,100.0,3.0,100.0,0.0,84.0,230848923.0,90,9617,100.0,0.0,100,2,,,,,100.0,0.0,100.0,0.0,,,74.0,26.0,,,100,92,100.0,939.0,26,26,100.0,0.0,100.0,0.0,200.0,0.0,100.0,9309.0,100.0,52590910072.0,100.0,84300345178.0
2019-01-31,ZJV00F8H,ST12000NM0007,12000138625024,0,73,18590712,97.0,0.0,100.0,3.0,100.0,0.0,84.0,234852664.0,89,9648,100.0,0.0,100,2,,,,,100.0,0.0,100.0,0.0,,,74.0,26.0,,,100,93,100.0,940.0,26,26,100.0,0.0,100.0,0.0,200.0,0.0,100.0,9341.0,100.0,52698945536.0,100.0,84526805154.0
2019-02-01,ZJV00F8H,ST12000NM0007,12000138625024,0,83,209259384,97.0,0.0,100.0,3.0,100.0,0.0,84.0,236813365.0,89,9664,100.0,0.0,100,2,,,,,100.0,0.0,100.0,0.0,,,74.0,26.0,,,100,93,100.0,941.0,26,26,100.0,0.0,100.0,0.0,200.0,0.0,100.0,9356.0,100.0,52741470968.0,100.0,84674948394.0
2019-02-02,ZJV00F8H,ST12000NM0007,12000138625024,0,80.0,111630704.0,97.0,0.0,100.0,3.0,100.0,0.0,84.0,241323551.0,89.0,9696.0,100.0,0.0,100.0,2.0,,,,,100.0,0.0,100.0,0.0,,,74.0,26.0,,,100.0,93.0,100.0,942.0,26.0,26.0,100.0,0.0,100.0,0.0,200.0,0.0,100.0,9388.0,100.0,52855787016.0,100.0,84951285322.0
2019-02-03,ZJV00F8H,ST12000NM0007,12000138625024,0,77,53066768,97.0,0.0,100.0,3.0,100.0,0.0,84.0,243931923.0,89,9712,100.0,0.0,100,2,,,,,100.0,0.0,100.0,0.0,,,73.0,27.0,,,100,94,100.0,943.0,27,27,100.0,0.0,100.0,0.0,200.0,0.0,100.0,9404.0,100.0,52912521656.0,100.0,85080127386.0
2019-02-04,ZJV00F8H,ST12000NM0007,12000138625024,0,81,135631520,97.0,0.0,100.0,3.0,100.0,0.0,84.0,248175484.0,89,9743,100.0,0.0,100,2,,,,,100.0,0.0,100.0,0.0,,,74.0,26.0,,,100,94,100.0,944.0,26,26,100.0,0.0,100.0,0.0,200.0,0.0,100.0,9435.0,100.0,53018975400.0,100.0,85300379850.0
2019-02-05,ZJV00F8H,ST12000NM0007,12000138625024,0,78.0,59309736.0,97.0,0.0,100.0,3.0,100.0,0.0,84.0,249840033.0,89.0,9759.0,100.0,0.0,100.0,2.0,,,,,100.0,0.0,100.0,0.0,,,73.0,27.0,,,100.0,94.0,100.0,945.0,27.0,27.0,100.0,0.0,100.0,0.0,200.0,0.0,100.0,9451.0,100.0,53060088480.0,100.0,85427085794.0
2019-02-06,ZJV00F8H,ST12000NM0007,12000138625024,0,82,174245680,97.0,0.0,100.0,3.0,100.0,0.0,84.0,254378014.0,89,9791,100.0,0.0,100,2,,,,,100.0,0.0,100.0,0.0,,,72.0,28.0,,,100,94,100.0,946.0,28,28,100.0,0.0,100.0,0.0,200.0,0.0,100.0,9482.0,100.0,53167395568.0,100.0,85678855298.0
2019-02-07,ZJV00F8H,ST12000NM0007,12000138625024,0,84.0,236395160.0,97.0,0.0,100.0,3.0,100.0,0.0,84.0,257792900.0,89.0,9822.0,100.0,0.0,100.0,2.0,,,,,100.0,0.0,100.0,0.0,,,72.0,28.0,,,100.0,96.0,100.0,948.0,28.0,28.0,100.0,0.0,100.0,0.0,200.0,0.0,100.0,9514.0,100.0,53247339832.0,100.0,85905201210.0
2019-02-08,ZJV00F8H,ST12000NM0007,12000138625024,0,81,118006952,97.0,0.0,100.0,3.0,100.0,0.0,84.0,259348255.0,89,9838,100.0,0.0,100,2,,,,,100.0,0.0,100.0,0.0,,,72.0,28.0,,,100,96,100.0,948.0,28,28,100.0,0.0,100.0,0.0,200.0,0.0,100.0,9530.0,100.0,53277409072.0,100.0,86000884506.0
2019-02-09,ZJV00F8H,ST12000NM0007,12000138625024,0,83.0,178015456.0,97.0,0.0,100.0,3.0,100.0,0.0,84.0,263122470.0,89.0,9870.0,100.0,0.0,100.0,2.0,,,,,100.0,0.0,100.0,0.0,,,73.0,27.0,,,100.0,97.0,100.0,949.0,27.0,27.0,100.0,0.0,100.0,0.0,200.0,0.0,100.0,9561.0,100.0,53372199840.0,100.0,86210242906.0
2019-02-10,ZJV00F8H,ST12000NM0007,12000138625024,0,81,132298544,97.0,0.0,100.0,3.0,100.0,0.0,84.0,265910403.0,89,9886,100.0,0.0,100,2,,,,,100.0,0.0,100.0,0.0,,,73.0,27.0,,,100,97,100.0,950.0,27,27,100.0,0.0,100.0,0.0,200.0,0.0,100.0,9577.0,100.0,53424140304.0,100.0,86356726466.0
2019-02-11,ZJV00F8H,ST12000NM0007,12000138625024,0,66,4117640,97.0,0.0,100.0,3.0,100.0,0.0,84.0,270679650.0,89,9918,100.0,0.0,100,2,,,,,100.0,0.0,100.0,0.0,,,73.0,27.0,,,100,97,100.0,951.0,27,27,100.0,0.0,100.0,0.0,200.0,0.0,100.0,9609.0,100.0,53524037768.0,100.0,86616929570.0
2019-02-12,ZJV00F8H,ST12000NM0007,12000138625024,0,82.0,171837056.0,97.0,0.0,100.0,3.0,100.0,0.0,84.0,272489279.0,89.0,9933.0,100.0,0.0,100.0,2.0,,,,,100.0,0.0,100.0,0.0,,,72.0,28.0,,,100.0,97.0,100.0,952.0,28.0,28.0,100.0,0.0,100.0,0.0,200.0,0.0,100.0,9624.0,100.0,53573012056.0,100.0,86735674698.0
2019-02-13,ZJV00F8H,ST12000NM0007,12000138625024,0,83,220728632,97.0,0.0,100.0,3.0,100.0,0.0,84.0,276763316.0,89,9965,100.0,0.0,100,2,,,,,100.0,0.0,100.0,0.0,,,73.0,27.0,,,100,97,100.0,953.0,27,27,100.0,0.0,100.0,0.0,200.0,0.0,100.0,9656.0,100.0,53674433000.0,100.0,86927286066.0
2019-02-14,ZJV00F8H,ST12000NM0007,12000138625024,0,81,138728512,97.0,0.0,100.0,3.0,100.0,0.0,84.0,278311530.0,89,9981,100.0,0.0,100,2,,,,,100.0,0.0,100.0,0.0,,,74.0,26.0,,,100,97,100.0,954.0,26,26,100.0,0.0,100.0,0.0,200.0,0.0,100.0,9672.0,100.0,53718707432.0,100.0,87045152362.0
2019-02-15,ZJV00F8H,ST12000NM0007,12000138625024,0,83.0,196052768.0,97.0,0.0,100.0,3.0,100.0,0.0,84.0,281667394.0,89.0,10013.0,100.0,0.0,100.0,2.0,,,,,100.0,0.0,100.0,0.0,,,73.0,27.0,,,100.0,98.0,100.0,955.0,27.0,27.0,100.0,0.0,100.0,0.0,200.0,0.0,100.0,9703.0,100.0,53817190152.0,100.0,87248134722.0
2019-02-16,ZJV00F8H,ST12000NM0007,12000138625024,0,80.0,109334424.0,97.0,0.0,100.0,3.0,100.0,0.0,85.0,283241277.0,89.0,10028.0,100.0,0.0,100.0,2.0,,,,,100.0,0.0,100.0,0.0,,,73.0,27.0,,,100.0,98.0,100.0,956.0,27.0,27.0,100.0,0.0,100.0,0.0,200.0,0.0,100.0,9719.0,100.0,53858228800.0,100.0,87364518466.0
2019-02-17,ZJV00F8H,ST12000NM0007,12000138625024,0,83,193242792,97.0,0.0,100.0,3.0,100.0,0.0,85.0,287737652.0,89,10060,100.0,0.0,100,2,,,,,100.0,0.0,100.0,0.0,,,73.0,27.0,,,100,98,100.0,957.0,27,27,100.0,0.0,100.0,0.0,200.0,0.0,100.0,9751.0,100.0,53967320336.0,100.0,87583475962.0
2019-02-18,ZJV00F8H,ST12000NM0007,12000138625024,0,81,112899568,97.0,0.0,100.0,3.0,100.0,0.0,85.0,289439808.0,89,10076,100.0,0.0,100,2,,,,,100.0,0.0,100.0,0.0,,,73.0,27.0,,,100,98,100.0,958.0,27,27,100.0,0.0,100.0,0.0,200.0,0.0,100.0,9767.0,100.0,54018738640.0,100.0,87695855218.0
2019-02-19,ZJV00F8H,ST12000NM0007,12000138625024,0,82,154282000,97.0,0.0,100.0,3.0,100.0,0.0,85.0,293628906.0,89,10108,100.0,0.0,100,2,,,,,100.0,0.0,100.0,0.0,,,71.0,29.0,,,100,99,100.0,959.0,29,29,100.0,0.0,100.0,0.0,200.0,0.0,100.0,9798.0,100.0,54115397880.0,100.0,87884719122.0
2019-02-20,ZJV00F8H,ST12000NM0007,12000138625024,0,78.0,57075120.0,97.0,0.0,100.0,3.0,100.0,0.0,85.0,295411570.0,89.0,10124.0,100.0,0.0,100.0,2.0,,,,,100.0,0.0,100.0,0.0,,,73.0,27.0,,,100.0,99.0,100.0,960.0,27.0,27.0,100.0,0.0,100.0,0.0,200.0,0.0,100.0,9814.0,100.0,54159533752.0,100.0,87987517138.0
2019-02-21,ZJV00F8H,ST12000NM0007,12000138625024,0,76,37873736,97.0,0.0,100.0,3.0,100.0,0.0,85.0,298064592.0,89,10155,100.0,0.0,100,2,,,,,100.0,0.0,100.0,0.0,,,73.0,27.0,,,100,100,100.0,961.0,27,27,100.0,0.0,100.0,0.0,200.0,0.0,100.0,9845.0,100.0,54220031472.0,100.0,88151958906.0
2019-02-22,ZJV00F8H,ST12000NM0007,12000138625024,0,83,179884096,97.0,0.0,100.0,3.0,100.0,0.0,85.0,299683731.0,89,10171,100.0,0.0,100,2,,,,,100.0,0.0,100.0,0.0,,,72.0,28.0,,,100,100,100.0,962.0,28,28,100.0,0.0,100.0,0.0,200.0,0.0,100.0,9861.0,100.0,54257113200.0,100.0,88256887538.0
2019-02-23,ZJV00F8H,ST12000NM0007,12000138625024,0,82.0,170104528.0,97.0,0.0,100.0,3.0,100.0,0.0,85.0,302843986.0,89.0,10203.0,100.0,0.0,100.0,2.0,,,,,100.0,0.0,100.0,0.0,,,73.0,27.0,,,100.0,100.0,100.0,963.0,27.0,27.0,100.0,8.0,100.0,8.0,200.0,0.0,100.0,9892.0,100.0,54320436048.0,100.0,88427925802.0
2019-02-24,ZJV00F8H,ST12000NM0007,12000138625024,0,80,98541344,97.0,0.0,100.0,3.0,100.0,0.0,85.0,305673152.0,89,10219,100.0,0.0,100,2,,,,,100.0,0.0,100.0,0.0,,,72.0,28.0,,,100,101,100.0,964.0,28,28,100.0,8.0,100.0,8.0,200.0,0.0,100.0,9908.0,100.0,54361593416.0,100.0,88559346002.0
2019-02-25,ZJV00F8H,ST12000NM0007,12000138625024,0,81,113980424,97.0,0.0,100.0,3.0,100.0,0.0,85.0,310020131.0,89,10250,100.0,0.0,100,2,,,,,100.0,0.0,100.0,0.0,,,74.0,26.0,,,100,101,100.0,965.0,26,26,100.0,8.0,100.0,8.0,200.0,0.0,100.0,9940.0,100.0,54434843896.0,100.0,88745675434.0
2019-02-26,ZJV00F8H,ST12000NM0007,12000138625024,0,84,225397912,97.0,0.0,100.0,3.0,100.0,0.0,85.0,311442746.0,89,10266,100.0,0.0,100,2,,,,,100.0,0.0,100.0,0.0,,,74.0,26.0,,,100,102,100.0,966.0,26,26,100.0,8.0,100.0,8.0,200.0,0.0,100.0,9955.0,100.0,54462961528.0,100.0,88828975290.0
2019-02-27,ZJV00F8H,ST12000NM0007,12000138625024,0,83.0,188793240.0,97.0,0.0,100.0,3.0,100.0,0.0,85.0,315294126.0,89.0,10298.0,100.0,0.0,100.0,2.0,,,,,100.0,0.0,100.0,0.0,,,74.0,26.0,,,100.0,103.0,100.0,967.0,26.0,26.0,100.0,8.0,100.0,8.0,200.0,0.0,100.0,9987.0,100.0,54539466728.0,100.0,88960006114.0
2019-02-28,ZJV00F8H,ST12000NM0007,12000138625024,0,79,72962312,97.0,0.0,100.0,3.0,100.0,0.0,85.0,316890856.0,89,10313,100.0,0.0,100,2,,,,,100.0,0.0,100.0,0.0,,,74.0,26.0,,,100,104,100.0,968.0,26,26,100.0,8.0,100.0,8.0,200.0,0.0,100.0,10002.0,100.0,54582566264.0,100.0,89045216282.0
2019-03-01,ZJV00F8H,ST12000NM0007,12000138625024,0,77.0,47477216.0,97.0,0.0,100.0,3.0,100.0,0.0,85.0,319833433.0,89.0,10345.0,100.0,0.0,100.0,2.0,,,,,100.0,0.0,100.0,0.0,,,73.0,27.0,,,100.0,105.0,100.0,970.0,27.0,27.0,100.0,8.0,100.0,8.0,200.0,0.0,100.0,10033.0,100.0,54656671808.0,100.0,89189766274.0
2019-03-02,ZJV00F8H,ST12000NM0007,12000138625024,0,82.0,166069464.0,97.0,0.0,100.0,3.0,100.0,0.0,85.0,321329995.0,89.0,10361.0,100.0,0.0,100.0,2.0,,,,,100.0,0.0,100.0,0.0,,,74.0,26.0,,,100.0,105.0,100.0,970.0,26.0,26.0,100.0,8.0,100.0,8.0,200.0,0.0,100.0,10049.0,100.0,54688369224.0,100.0,89276661106.0
2019-03-03,ZJV00F8H,ST12000NM0007,12000138625024,0,83.0,201504208.0,97.0,0.0,100.0,3.0,100.0,0.0,85.0,325724435.0,89.0,10392.0,100.0,0.0,100.0,2.0,,,,,100.0,0.0,100.0,0.0,,,73.0,27.0,,,100.0,106.0,100.0,972.0,27.0,27.0,100.0,8.0,100.0,8.0,200.0,0.0,100.0,10081.0,100.0,54791847624.0,100.0,89452758082.0
2019-03-04,ZJV00F8H,ST12000NM0007,12000138625024,0,80,97625856,97.0,0.0,100.0,3.0,100.0,0.0,85.0,327903309.0,89,10408,100.0,0.0,100,2,,,,,100.0,0.0,100.0,0.0,,,73.0,27.0,,,100,106,100.0,972.0,27,27,100.0,8.0,100.0,8.0,200.0,0.0,100.0,10096.0,100.0,54836310424.0,100.0,89548557610.0
2019-03-05,ZJV00F8H,ST12000NM0007,12000138625024,0,79.0,82702088.0,97.0,0.0,100.0,3.0,100.0,0.0,85.0,331392835.0,89.0,10440.0,100.0,0.0,100.0,2.0,,,,,100.0,0.0,100.0,0.0,,,74.0,26.0,,,100.0,108.0,100.0,974.0,26.0,26.0,100.0,0.0,100.0,0.0,200.0,0.0,100.0,10128.0,100.0,54912442776.0,100.0,89701642298.0
2019-03-06,ZJV00F8H,ST12000NM0007,12000138625024,0,67.0,5608352.0,97.0,0.0,100.0,3.0,100.0,0.0,85.0,334008694.0,89.0,10456.0,100.0,0.0,100.0,2.0,,,,,100.0,0.0,100.0,0.0,,,74.0,26.0,,,100.0,108.0,100.0,974.0,26.0,26.0,100.0,0.0,100.0,0.0,200.0,0.0,100.0,10144.0,100.0,54960155000.0,100.0,89820977034.0
2019-03-07,ZJV00F8H,ST12000NM0007,12000138625024,0,71.0,12848856.0,97.0,0.0,100.0,3.0,100.0,0.0,85.0,337292385.0,89.0,10487.0,100.0,0.0,100.0,2.0,,,,,100.0,0.0,100.0,0.0,,,73.0,27.0,,,100.0,109.0,100.0,976.0,27.0,27.0,100.0,0.0,100.0,0.0,200.0,0.0,100.0,10175.0,100.0,55047199624.0,100.0,89985314026.0
2019-03-08,ZJV00F8H,ST12000NM0007,12000138625024,0,81.0,140040240.0,97.0,0.0,100.0,3.0,100.0,0.0,85.0,338948174.0,89.0,10503.0,100.0,0.0,100.0,2.0,,,,,100.0,0.0,100.0,0.0,,,73.0,27.0,,,100.0,109.0,100.0,976.0,27.0,27.0,100.0,0.0,100.0,0.0,200.0,0.0,100.0,10191.0,100.0,55077894560.0,100.0,90081810474.0
2019-03-09,ZJV00F8H,ST12000NM0007,12000138625024,0,82.0,162737672.0,97.0,0.0,100.0,3.0,100.0,0.0,85.0,342473876.0,88.0,10535.0,100.0,0.0,100.0,2.0,,,,,100.0,0.0,100.0,0.0,,,73.0,27.0,,,100.0,110.0,100.0,978.0,27.0,27.0,100.0,0.0,100.0,0.0,200.0,0.0,100.0,10222.0,100.0,55159093016.0,100.0,90267450146.0
2019-03-10,ZJV00F8H,ST12000NM0007,12000138625024,0,80.0,108011968.0,97.0,0.0,100.0,3.0,100.0,0.0,85.0,344598494.0,88.0,10551.0,100.0,0.0,100.0,2.0,,,,,100.0,0.0,100.0,0.0,,,72.0,28.0,,,100.0,110.0,100.0,978.0,28.0,28.0,100.0,0.0,100.0,0.0,200.0,0.0,100.0,10238.0,100.0,55202290104.0,100.0,90413668058.0
2019-03-11,ZJV00F8H,ST12000NM0007,12000138625024,0,82.0,163253760.0,97.0,0.0,100.0,3.0,100.0,0.0,85.0,349628021.0,88.0,10582.0,100.0,0.0,100.0,2.0,,,,,100.0,0.0,100.0,0.0,,,74.0,26.0,,,100.0,110.0,100.0,980.0,26.0,26.0,100.0,0.0,100.0,0.0,200.0,0.0,100.0,10269.0,100.0,55297988648.0,100.0,90617352106.0
2019-03-12,ZJV00F8H,ST12000NM0007,12000138625024,0,84.0,241583992.0,97.0,0.0,100.0,3.0,100.0,0.0,85.0,354021152.0,88.0,10614.0,100.0,0.0,100.0,2.0,,,,,100.0,0.0,100.0,0.0,,,73.0,27.0,,,100.0,110.0,100.0,981.0,27.0,27.0,100.0,0.0,100.0,0.0,200.0,0.0,100.0,10301.0,100.0,55415254672.0,100.0,90822557338.0
2019-03-13,ZJV00F8H,ST12000NM0007,12000138625024,0,81.0,140770216.0,97.0,0.0,100.0,3.0,100.0,0.0,86.0,355913289.0,88.0,10630.0,100.0,0.0,100.0,2.0,,,,,100.0,0.0,100.0,0.0,,,75.0,25.0,,,100.0,111.0,100.0,982.0,25.0,25.0,100.0,0.0,100.0,0.0,200.0,0.0,100.0,10317.0,100.0,55465752840.0,100.0,90915386202.0
2019-03-14,ZJV00F8H,ST12000NM0007,12000138625024,0,83.0,207464008.0,97.0,0.0,100.0,3.0,100.0,0.0,86.0,359749347.0,88.0,10661.0,100.0,0.0,100.0,2.0,,,,,100.0,0.0,100.0,0.0,,,74.0,26.0,,,100.0,111.0,100.0,983.0,26.0,26.0,100.0,0.0,100.0,0.0,200.0,0.0,100.0,10348.0,100.0,55580270056.0,100.0,91111703498.0
2019-03-15,ZJV00F8H,ST12000NM0007,12000138625024,0,80.0,92106736.0,97.0,0.0,100.0,3.0,100.0,0.0,86.0,361537095.0,88.0,10677.0,100.0,0.0,100.0,2.0,,,,,100.0,0.0,100.0,0.0,,,75.0,25.0,,,100.0,111.0,100.0,983.0,25.0,25.0,100.0,0.0,100.0,0.0,200.0,0.0,100.0,10364.0,100.0,55636331664.0,100.0,91184425458.0
2019-03-16,ZJV00F8H,ST12000NM0007,12000138625024,0,83.0,193345352.0,97.0,0.0,100.0,3.0,100.0,0.0,86.0,365365348.0,88.0,10709.0,100.0,0.0,100.0,2.0,,,,,100.0,0.0,100.0,0.0,,,75.0,25.0,,,100.0,111.0,100.0,985.0,25.0,25.0,100.0,0.0,100.0,0.0,200.0,0.0,100.0,10396.0,100.0,55761116416.0,100.0,91405020058.0
2019-03-17,ZJV00F8H,ST12000NM0007,12000138625024,0,82.0,164650464.0,97.0,0.0,100.0,3.0,100.0,0.0,86.0,368534686.0,88.0,10725.0,100.0,0.0,100.0,2.0,,,,,100.0,0.0,100.0,0.0,,,75.0,25.0,,,100.0,111.0,100.0,985.0,25.0,25.0,100.0,0.0,100.0,0.0,200.0,0.0,100.0,10412.0,100.0,55831540032.0,100.0,91550042282.0
2019-03-18,ZJV00F8H,ST12000NM0007,12000138625024,0,71.0,12815632.0,97.0,0.0,100.0,3.0,100.0,0.0,86.0,372203021.0,88.0,10756.0,100.0,0.0,100.0,2.0,,,,,100.0,0.0,100.0,0.0,,,75.0,25.0,,,100.0,112.0,100.0,987.0,25.0,25.0,100.0,0.0,100.0,0.0,200.0,0.0,100.0,10443.0,100.0,55927896560.0,100.0,91790132514.0
2019-03-19,ZJV00F8H,ST12000NM0007,12000138625024,0,82.0,148750464.0,97.0,0.0,100.0,3.0,100.0,0.0,86.0,373864838.0,88.0,10772.0,100.0,0.0,100.0,2.0,,,,,100.0,0.0,100.0,0.0,,,75.0,25.0,,,100.0,112.0,100.0,987.0,25.0,25.0,100.0,0.0,100.0,0.0,200.0,0.0,100.0,10459.0,100.0,55966661336.0,100.0,91887302570.0
2019-03-20,ZJV00F8H,ST12000NM0007,12000138625024,0,75.0,28356808.0,97.0,0.0,100.0,3.0,100.0,0.0,86.0,378776090.0,88.0,10804.0,100.0,0.0,100.0,2.0,,,,,100.0,0.0,100.0,0.0,,,74.0,26.0,,,100.0,113.0,100.0,989.0,26.0,26.0,100.0,0.0,100.0,0.0,200.0,0.0,100.0,10490.0,100.0,56082757016.0,100.0,92139094666.0
2019-03-21,ZJV00F8H,ST12000NM0007,12000138625024,0,82.0,177492648.0,97.0,0.0,100.0,3.0,100.0,0.0,86.0,380457995.0,88.0,10820.0,100.0,0.0,100.0,2.0,,,,,100.0,0.0,100.0,0.0,,,74.0,26.0,,,100.0,113.0,100.0,989.0,26.0,26.0,100.0,0.0,100.0,0.0,200.0,0.0,100.0,10506.0,100.0,56129625248.0,100.0,92241362282.0
2019-03-22,ZJV00F8H,ST12000NM0007,12000138625024,0,79.0,73261136.0,97.0,0.0,100.0,3.0,100.0,0.0,86.0,382096315.0,88.0,10836.0,100.0,0.0,100.0,2.0,,,,,100.0,0.0,100.0,0.0,,,73.0,27.0,,,100.0,113.0,100.0,990.0,27.0,27.0,100.0,0.0,100.0,0.0,200.0,0.0,100.0,10521.0,100.0,56169956256.0,100.0,92340940514.0
2019-03-23,ZJV00F8H,ST12000NM0007,12000138625024,0,79.0,71811616.0,97.0,0.0,100.0,3.0,100.0,0.0,86.0,385318799.0,88.0,10867.0,100.0,0.0,100.0,2.0,,,,,100.0,0.0,100.0,0.0,,,74.0,26.0,,,100.0,114.0,100.0,991.0,26.0,26.0,100.0,0.0,100.0,0.0,200.0,0.0,100.0,10553.0,100.0,56246699464.0,100.0,92506888426.0
2019-03-24,ZJV00F8H,ST12000NM0007,12000138625024,0,83.0,207554584.0,97.0,0.0,100.0,3.0,100.0,0.0,86.0,387030441.0,88.0,10883.0,100.0,0.0,100.0,2.0,,,,,100.0,0.0,100.0,0.0,,,74.0,26.0,,,100.0,114.0,100.0,992.0,26.0,26.0,100.0,0.0,100.0,0.0,200.0,0.0,100.0,10569.0,100.0,56293523568.0,100.0,92595807290.0
2019-03-25,ZJV00F8H,ST12000NM0007,12000138625024,0,79.0,82516352.0,97.0,0.0,100.0,3.0,100.0,0.0,86.0,391893870.0,88.0,10915.0,100.0,0.0,100.0,2.0,,,,,100.0,0.0,100.0,0.0,,,75.0,25.0,,,100.0,114.0,100.0,993.0,25.0,25.0,100.0,0.0,100.0,0.0,200.0,0.0,100.0,10600.0,100.0,56388477072.0,100.0,92864096938.0
2019-03-26,ZJV00F8H,ST12000NM0007,12000138625024,0,71.0,12661768.0,97.0,0.0,100.0,3.0,100.0,0.0,86.0,393911471.0,88.0,10931.0,100.0,0.0,100.0,2.0,,,,,100.0,0.0,100.0,0.0,,,72.0,28.0,,,100.0,115.0,100.0,994.0,28.0,28.0,100.0,0.0,100.0,0.0,200.0,0.0,100.0,10616.0,100.0,56437301512.0,100.0,92989558618.0
2019-03-27,ZJV00F8H,ST12000NM0007,12000138625024,0,80.0,92855688.0,97.0,0.0,100.0,3.0,100.0,0.0,86.0,398709569.0,88.0,10962.0,100.0,0.0,100.0,2.0,,,,,100.0,0.0,100.0,0.0,,,74.0,26.0,,,100.0,115.0,100.0,995.0,26.0,26.0,100.0,0.0,100.0,0.0,200.0,0.0,100.0,10648.0,100.0,56527475504.0,100.0,93223719250.0
2019-03-28,ZJV00F8H,ST12000NM0007,12000138625024,0,76.0,40763560.0,97.0,0.0,100.0,3.0,100.0,0.0,86.0,400761192.0,88.0,10978.0,100.0,0.0,100.0,2.0,,,,,100.0,0.0,100.0,0.0,,,74.0,26.0,,,100.0,116.0,100.0,996.0,26.0,26.0,100.0,0.0,100.0,0.0,200.0,0.0,100.0,10663.0,100.0,56594827712.0,100.0,93348415738.0
2019-03-29,ZJV00F8H,ST12000NM0007,12000138625024,0,82.0,144583568.0,97.0,0.0,100.0,3.0,100.0,0.0,86.0,405070781.0,88.0,11010.0,100.0,0.0,100.0,2.0,,,,,100.0,0.0,100.0,0.0,,,74.0,26.0,,,100.0,116.0,100.0,998.0,26.0,26.0,100.0,0.0,100.0,0.0,200.0,0.0,100.0,10694.0,100.0,56734346176.0,100.0,93556858266.0
2019-03-30,ZJV00F8H,ST12000NM0007,12000138625024,0,72.0,16893784.0,97.0,0.0,100.0,3.0,100.0,0.0,86.0,410582769.0,88.0,11041.0,100.0,0.0,100.0,2.0,,,,,100.0,0.0,100.0,0.0,,,74.0,26.0,,,100.0,117.0,100.0,1000.0,26.0,26.0,100.0,0.0,100.0,0.0,200.0,0.0,100.0,10726.0,100.0,56834659656.0,100.0,93817136466.0
2019-03-31,ZJV00F8H,ST12000NM0007,12000138625024,0,83.0,213915400.0,97.0,0.0,100.0,3.0,100.0,0.0,86.0,413586421.0,88.0,11057.0,100.0,0.0,100.0,2.0,,,,,100.0,0.0,100.0,0.0,,,73.0,27.0,,,100.0,117.0,100.0,1000.0,27.0,27.0,100.0,0.0,100.0,0.0,200.0,0.0,100.0,10741.0,100.0,56901819280.0,100.0,93946998458.0
2019-04-01,ZJV00F8H,ST12000NM0007,12000138625024,0,75.0,28836432.0,97.0,0.0,100.0,3.0,100.0,0.0,86.0,417846068.0,88.0,11089.0,100.0,0.0,100.0,2.0,,,,,100.0,0.0,100.0,0.0,,,76.0,24.0,,,100.0,117.0,100.0,1002.0,24.0,24.0,100.0,0.0,100.0,0.0,200.0,0.0,100.0,10773.0,100.0,57009836768.0,100.0,94142183530.0
2019-04-02,ZJV00F8H,ST12000NM0007,12000138625024,0,83.0,180054984.0,97.0,0.0,100.0,3.0,100.0,0.0,86.0,419765290.0,88.0,11104.0,100.0,0.0,100.0,2.0,,,,,100.0,0.0,100.0,0.0,,,75.0,25.0,,,100.0,117.0,100.0,1002.0,25.0,25.0,100.0,0.0,100.0,0.0,200.0,0.0,100.0,10789.0,100.0,57067568144.0,100.0,94235670706.0
2019-04-03,ZJV00F8H,ST12000NM0007,12000138625024,0,75.0,30393064.0,97.0,0.0,100.0,3.0,100.0,0.0,86.0,424846872.0,88.0,11136.0,100.0,0.0,100.0,2.0,,,,,100.0,0.0,100.0,0.0,,,75.0,25.0,,,100.0,118.0,100.0,1004.0,25.0,25.0,100.0,0.0,100.0,0.0,200.0,0.0,100.0,10820.0,100.0,57178499744.0,100.0,94463358514.0
2019-04-04,ZJV00F8H,ST12000NM0007,12000138625024,0,82.0,170943248.0,97.0,0.0,100.0,3.0,100.0,0.0,86.0,426351233.0,88.0,11152.0,100.0,0.0,100.0,2.0,,,,,100.0,0.0,100.0,0.0,,,74.0,26.0,,,100.0,118.0,100.0,1004.0,26.0,26.0,100.0,0.0,100.0,0.0,200.0,0.0,100.0,10836.0,100.0,57214159656.0,100.0,94568248786.0
2019-04-05,ZJV00F8H,ST12000NM0007,12000138625024,0,84.0,224761400.0,97.0,0.0,100.0,3.0,100.0,0.0,86.0,429522608.0,88.0,11184.0,100.0,0.0,100.0,2.0,,,,,100.0,0.0,100.0,0.0,,,74.0,26.0,,,100.0,120.0,100.0,1006.0,26.0,26.0,100.0,0.0,100.0,0.0,200.0,0.0,100.0,10868.0,100.0,57301684408.0,100.0,94778682818.0
2019-04-06,ZJV00F8H,ST12000NM0007,12000138625024,0,81.0,132848096.0,97.0,0.0,100.0,3.0,100.0,0.0,86.0,431085032.0,88.0,11200.0,100.0,0.0,100.0,2.0,,,,,100.0,0.0,100.0,0.0,,,74.0,26.0,,,100.0,120.0,100.0,1006.0,26.0,26.0,100.0,0.0,100.0,0.0,200.0,0.0,100.0,10883.0,100.0,57342457480.0,100.0,94890137130.0
2019-04-07,ZJV00F8H,ST12000NM0007,12000138625024,0,83.0,191099232.0,97.0,0.0,100.0,3.0,100.0,0.0,86.0,435152405.0,88.0,11231.0,100.0,0.0,100.0,2.0,,,,,100.0,0.0,100.0,0.0,,,75.0,25.0,,,100.0,122.0,100.0,1008.0,25.0,25.0,100.0,0.0,100.0,0.0,200.0,0.0,100.0,10915.0,100.0,57407537448.0,100.0,95127449162.0
2019-04-08,ZJV00F8H,ST12000NM0007,12000138625024,0,75.0,30404664.0,97.0,0.0,100.0,3.0,100.0,0.0,86.0,438110853.0,88.0,11263.0,100.0,0.0,100.0,2.0,,,,,100.0,0.0,100.0,0.0,,,75.0,25.0,,,100.0,123.0,100.0,1009.0,25.0,25.0,100.0,0.0,100.0,0.0,200.0,0.0,100.0,10946.0,100.0,57475563888.0,100.0,95387009650.0
2019-04-09,ZJV00F8H,ST12000NM0007,12000138625024,0,83.0,178501528.0,97.0,0.0,100.0,3.0,100.0,0.0,86.0,439608213.0,88.0,11279.0,100.0,0.0,100.0,2.0,,,,,100.0,0.0,100.0,0.0,,,75.0,25.0,,,100.0,123.0,100.0,1010.0,25.0,25.0,100.0,0.0,100.0,0.0,200.0,0.0,100.0,10962.0,100.0,57513313872.0,100.0,95497356530.0
2019-04-10,ZJV00F8H,ST12000NM0007,12000138625024,0,83.0,223660448.0,97.0,0.0,100.0,3.0,100.0,0.0,86.0,443562509.0,88.0,11310.0,100.0,0.0,100.0,2.0,,,,,100.0,0.0,100.0,0.0,,,75.0,25.0,,,100.0,124.0,100.0,1011.0,25.0,25.0,100.0,0.0,100.0,0.0,200.0,0.0,100.0,10994.0,100.0,57592084824.0,100.0,95707885146.0
2019-04-11,ZJV00F8H,ST12000NM0007,12000138625024,0,81.0,114570056.0,97.0,0.0,100.0,3.0,100.0,0.0,86.0,445036946.0,88.0,11326.0,100.0,0.0,100.0,2.0,,,,,100.0,0.0,100.0,0.0,,,75.0,25.0,,,100.0,125.0,100.0,1012.0,25.0,25.0,100.0,0.0,100.0,0.0,200.0,0.0,100.0,11009.0,100.0,57634353448.0,100.0,95800666826.0
2019-04-12,ZJV00F8H,ST12000NM0007,12000138625024,0,72.0,14483056.0,97.0,0.0,100.0,3.0,100.0,0.0,87.0,446803852.0,88.0,11342.0,100.0,0.0,100.0,2.0,,,,,100.0,0.0,100.0,0.0,,,75.0,25.0,,,100.0,125.0,100.0,1012.0,25.0,25.0,100.0,0.0,100.0,0.0,200.0,0.0,100.0,11025.0,100.0,57668940528.0,100.0,95910133402.0
2019-04-13,ZJV00F8H,ST12000NM0007,12000138625024,0,78.0,63905272.0,97.0,0.0,100.0,3.0,100.0,0.0,87.0,450099585.0,88.0,11374.0,100.0,0.0,100.0,2.0,,,,,100.0,0.0,100.0,0.0,,,75.0,25.0,,,100.0,126.0,100.0,1014.0,25.0,25.0,100.0,0.0,100.0,0.0,200.0,0.0,100.0,11056.0,100.0,57728491792.0,100.0,96144145202.0
2019-04-14,ZJV00F8H,ST12000NM0007,12000138625024,0,83.0,197877872.0,97.0,0.0,100.0,3.0,100.0,0.0,87.0,451894392.0,87.0,11389.0,100.0,0.0,100.0,2.0,,,,,100.0,0.0,100.0,0.0,,,73.0,27.0,,,100.0,126.0,100.0,1014.0,27.0,27.0,100.0,0.0,100.0,0.0,200.0,0.0,100.0,11072.0,100.0,57765189808.0,100.0,96241419786.0
2019-04-15,ZJV00F8H,ST12000NM0007,12000138625024,0,79.0,80337624.0,97.0,0.0,100.0,3.0,100.0,0.0,87.0,457503462.0,87.0,11421.0,100.0,0.0,100.0,2.0,,,,,100.0,0.0,100.0,0.0,,,76.0,24.0,,,100.0,127.0,100.0,1016.0,24.0,24.0,100.0,0.0,100.0,0.0,200.0,0.0,100.0,11104.0,100.0,57857544984.0,100.0,96519806034.0
2019-04-16,ZJV00F8H,ST12000NM0007,12000138625024,0,83.0,221854480.0,97.0,0.0,100.0,3.0,100.0,0.0,87.0,459022758.0,87.0,11437.0,100.0,0.0,100.0,2.0,,,,,100.0,0.0,100.0,0.0,,,74.0,26.0,,,100.0,127.0,100.0,1016.0,26.0,26.0,100.0,0.0,100.0,0.0,200.0,0.0,100.0,11120.0,100.0,57898108176.0,100.0,96620759698.0
2019-04-17,ZJV00F8H,ST12000NM0007,12000138625024,0,76.0,38621520.0,97.0,0.0,100.0,3.0,100.0,0.0,87.0,463617388.0,87.0,11469.0,100.0,0.0,100.0,2.0,,,,,100.0,0.0,100.0,0.0,,,74.0,26.0,,,100.0,128.0,100.0,1018.0,26.0,26.0,100.0,0.0,100.0,0.0,200.0,0.0,100.0,11151.0,100.0,58000704704.0,100.0,96823212146.0
2019-04-18,ZJV00F8H,ST12000NM0007,12000138625024,0,76.0,43584408.0,97.0,0.0,100.0,3.0,100.0,0.0,87.0,466877855.0,87.0,11500.0,100.0,0.0,100.0,2.0,,,,,100.0,0.0,100.0,0.0,,,75.0,25.0,,,100.0,128.0,100.0,1019.0,25.0,25.0,100.0,0.0,100.0,0.0,200.0,0.0,100.0,11183.0,100.0,58073715088.0,100.0,96999305642.0
2019-04-19,ZJV00F8H,ST12000NM0007,12000138625024,0,82.0,166779688.0,97.0,0.0,100.0,3.0,100.0,0.0,87.0,468517134.0,87.0,11516.0,100.0,0.0,100.0,2.0,,,,,100.0,0.0,100.0,0.0,,,75.0,25.0,,,100.0,128.0,100.0,1020.0,25.0,25.0,100.0,0.0,100.0,0.0,200.0,0.0,100.0,11198.0,100.0,58114279048.0,100.0,97081936962.0
2019-04-20,ZJV00F8H,ST12000NM0007,12000138625024,0,83.0,202386400.0,97.0,0.0,100.0,3.0,100.0,0.0,87.0,471543100.0,87.0,11548.0,100.0,0.0,100.0,2.0,,,,,100.0,0.0,100.0,0.0,,,74.0,26.0,,,100.0,128.0,100.0,1021.0,26.0,26.0,100.0,0.0,100.0,0.0,200.0,0.0,100.0,11230.0,100.0,58178172936.0,100.0,97297790658.0
2019-04-21,ZJV00F8H,ST12000NM0007,12000138625024,0,82.0,148185848.0,97.0,0.0,100.0,3.0,100.0,0.0,87.0,474593974.0,87.0,11564.0,100.0,0.0,100.0,2.0,,,,,100.0,0.0,100.0,0.0,,,74.0,26.0,,,100.0,128.0,100.0,1022.0,26.0,26.0,100.0,0.0,100.0,0.0,200.0,0.0,100.0,11245.0,100.0,58217000648.0,100.0,97448903114.0
2019-04-22,ZJV00F8H,ST12000NM0007,12000138625024,0,82.0,158305688.0,97.0,0.0,100.0,3.0,100.0,0.0,87.0,477422597.0,87.0,11596.0,100.0,0.0,100.0,2.0,,,,,100.0,0.0,100.0,0.0,,,75.0,25.0,,,100.0,129.0,100.0,1023.0,25.0,25.0,100.0,0.0,100.0,0.0,200.0,0.0,100.0,11277.0,100.0,58280374008.0,100.0,97639790418.0
2019-04-23,ZJV00F8H,ST12000NM0007,12000138625024,0,74.0,27664528.0,97.0,0.0,100.0,3.0,100.0,0.0,87.0,478759119.0,87.0,11611.0,100.0,0.0,100.0,2.0,,,,,100.0,0.0,100.0,0.0,,,76.0,24.0,,,100.0,129.0,100.0,1024.0,24.0,24.0,100.0,0.0,100.0,0.0,200.0,0.0,100.0,11293.0,100.0,58311816144.0,100.0,97721847978.0
2019-04-24,ZJV00F8H,ST12000NM0007,12000138625024,0,83.0,193227296.0,97.0,0.0,100.0,3.0,100.0,0.0,87.0,481731978.0,87.0,11627.0,100.0,0.0,100.0,2.0,,,,,100.0,0.0,100.0,0.0,,,75.0,25.0,,,100.0,129.0,100.0,1024.0,25.0,25.0,100.0,0.0,100.0,0.0,200.0,0.0,100.0,11309.0,100.0,58365273312.0,100.0,97833953578.0
2019-04-25,ZJV00F8H,ST12000NM0007,12000138625024,0,83.0,223298048.0,97.0,0.0,100.0,3.0,100.0,0.0,87.0,484952318.0,87.0,11659.0,100.0,0.0,100.0,2.0,,,,,100.0,0.0,100.0,0.0,,,76.0,24.0,,,100.0,129.0,100.0,1026.0,24.0,24.0,100.0,0.0,100.0,0.0,200.0,0.0,100.0,11340.0,100.0,58445486384.0,100.0,98027952210.0
2019-04-26,ZJV00F8H,ST12000NM0007,12000138625024,0,81.0,114090184.0,97.0,0.0,100.0,3.0,100.0,0.0,87.0,486761359.0,87.0,11675.0,100.0,0.0,100.0,2.0,,,,,100.0,0.0,100.0,0.0,,,75.0,25.0,,,100.0,130.0,100.0,1027.0,25.0,25.0,100.0,0.0,100.0,0.0,200.0,0.0,100.0,11355.0,100.0,58489541608.0,100.0,98118830082.0
2019-04-27,ZJV00F8H,ST12000NM0007,12000138625024,0,81.0,121200464.0,97.0,0.0,100.0,3.0,100.0,0.0,87.0,489818150.0,87.0,11706.0,100.0,0.0,100.0,2.0,,,,,100.0,0.0,100.0,0.0,,,75.0,25.0,,,100.0,130.0,100.0,1028.0,25.0,25.0,100.0,0.0,100.0,0.0,200.0,0.0,100.0,11387.0,100.0,58549518624.0,100.0,98310103994.0
2019-04-28,ZJV00F8H,ST12000NM0007,12000138625024,0,84.0,238420224.0,97.0,0.0,100.0,3.0,100.0,0.0,87.0,491281566.0,87.0,11722.0,100.0,0.0,100.0,2.0,,,,,100.0,0.0,100.0,0.0,,,75.0,25.0,,,100.0,131.0,100.0,1029.0,25.0,25.0,100.0,0.0,100.0,0.0,200.0,0.0,100.0,11403.0,100.0,58582725176.0,100.0,98394117202.0
2019-04-29,ZJV00F8H,ST12000NM0007,12000138625024,0,80.0,105849144.0,97.0,0.0,100.0,3.0,100.0,0.0,87.0,497052580.0,87.0,11754.0,100.0,0.0,100.0,2.0,,,,,100.0,0.0,100.0,0.0,,,75.0,25.0,,,100.0,131.0,100.0,1030.0,25.0,25.0,100.0,0.0,100.0,0.0,200.0,0.0,100.0,11434.0,100.0,58655888520.0,100.0,98676664306.0
2019-04-30,ZJV00F8H,ST12000NM0007,12000138625024,0,100.0,2429096.0,97.0,0.0,100.0,3.0,100.0,0.0,87.0,498430643.0,87.0,11770.0,100.0,0.0,100.0,2.0,,,,,100.0,0.0,100.0,0.0,,,75.0,25.0,,,100.0,131.0,100.0,1031.0,25.0,25.0,100.0,0.0,100.0,0.0,200.0,0.0,100.0,11450.0,100.0,58702946080.0,100.0,98770327642.0
2019-05-01,ZJV00F8H,ST12000NM0007,12000138625024,0,78.0,64663424.0,97.0,0.0,100.0,3.0,100.0,0.0,87.0,502658335.0,87.0,11802.0,100.0,0.0,100.0,2.0,,,,,100.0,0.0,100.0,0.0,,,75.0,25.0,,,100.0,132.0,100.0,1032.0,25.0,25.0,100.0,0.0,100.0,0.0,200.0,0.0,100.0,11482.0,100.0,58800802136.0,100.0,98978847042.0
2019-05-02,ZJV00F8H,ST12000NM0007,12000138625024,0,72.0,14370528.0,97.0,0.0,100.0,3.0,100.0,0.0,87.0,505533392.0,87.0,11833.0,100.0,0.0,100.0,2.0,,,,,100.0,0.0,100.0,0.0,,,75.0,25.0,,,100.0,133.0,100.0,1034.0,25.0,25.0,100.0,0.0,100.0,0.0,200.0,0.0,100.0,11513.0,100.0,58865469328.0,100.0,99108027826.0
2019-05-03,ZJV00F8H,ST12000NM0007,12000138625024,0,82.0,162746768.0,97.0,0.0,100.0,3.0,100.0,0.0,87.0,507174070.0,87.0,11849.0,100.0,0.0,100.0,2.0,,,,,100.0,0.0,100.0,0.0,,,76.0,24.0,,,100.0,133.0,100.0,1034.0,24.0,24.0,100.0,0.0,100.0,0.0,200.0,0.0,100.0,11529.0,100.0,58895368448.0,100.0,99226504946.0
2019-05-04,ZJV00F8H,ST12000NM0007,12000138625024,0,81.0,136490016.0,97.0,0.0,100.0,3.0,100.0,0.0,87.0,510264931.0,87.0,11881.0,100.0,0.0,100.0,2.0,,,,,100.0,0.0,100.0,0.0,,,75.0,25.0,,,100.0,133.0,100.0,1035.0,25.0,25.0,100.0,0.0,100.0,0.0,200.0,0.0,100.0,11560.0,100.0,58969696176.0,100.0,99370061178.0
2019-05-05,ZJV00F8H,ST12000NM0007,12000138625024,0,76.0,40868064.0,97.0,0.0,100.0,3.0,100.0,0.0,87.0,512863017.0,87.0,11896.0,100.0,0.0,100.0,2.0,,,,,100.0,0.0,100.0,0.0,,,74.0,26.0,,,100.0,134.0,100.0,1036.0,26.0,26.0,100.0,0.0,100.0,0.0,200.0,0.0,100.0,11576.0,100.0,59011064400.0,100.0,99477211634.0
2019-05-06,ZJV00F8H,ST12000NM0007,12000138625024,0,76.0,43239368.0,97.0,0.0,100.0,3.0,100.0,0.0,87.0,516086594.0,87.0,11928.0,100.0,0.0,100.0,2.0,,,,,100.0,0.0,100.0,0.0,,,75.0,25.0,,,100.0,134.0,100.0,1037.0,25.0,25.0,100.0,0.0,100.0,0.0,200.0,0.0,100.0,11607.0,100.0,59077101728.0,100.0,99657686378.0
2019-05-07,ZJV00F8H,ST12000NM0007,12000138625024,0,82.0,165935632.0,97.0,0.0,100.0,3.0,100.0,0.0,87.0,517364565.0,87.0,11944.0,100.0,0.0,100.0,2.0,,,,,100.0,0.0,100.0,0.0,,,75.0,25.0,,,100.0,135.0,100.0,1038.0,25.0,25.0,100.0,0.0,100.0,0.0,200.0,0.0,100.0,11623.0,100.0,59114199840.0,100.0,99743284538.0
2019-05-08,ZJV00F8H,ST12000NM0007,12000138625024,0,83.0,216326584.0,97.0,0.0,100.0,3.0,100.0,0.0,87.0,521650546.0,87.0,11976.0,100.0,0.0,100.0,2.0,,,,,100.0,0.0,100.0,0.0,,,76.0,24.0,,,100.0,135.0,100.0,1039.0,24.0,24.0,100.0,0.0,100.0,0.0,200.0,0.0,100.0,11654.0,100.0,59217112304.0,100.0,99934903738.0
2019-05-09,ZJV00F8H,ST12000NM0007,12000138625024,0,81.0,130100232.0,97.0,0.0,100.0,3.0,100.0,0.0,87.0,523388606.0,87.0,11992.0,100.0,0.0,100.0,2.0,,,,,100.0,0.0,100.0,0.0,,,74.0,26.0,,,100.0,135.0,100.0,1040.0,26.0,26.0,100.0,0.0,100.0,0.0,200.0,0.0,100.0,11670.0,100.0,59258908672.0,100.0,100051021674.0
2019-05-10,ZJV00F8H,ST12000NM0007,12000138625024,0,81.0,136477568.0,97.0,0.0,100.0,3.0,100.0,0.0,87.0,526345001.0,87.0,12023.0,100.0,0.0,100.0,2.0,,,,,100.0,0.0,100.0,0.0,,,76.0,24.0,,,100.0,136.0,100.0,1041.0,24.0,24.0,100.0,0.0,100.0,0.0,200.0,0.0,100.0,11702.0,100.0,59320817296.0,100.0,100239631034.0
2019-05-11,ZJV00F8H,ST12000NM0007,12000138625024,0,71.0,13891784.0,97.0,0.0,100.0,3.0,100.0,0.0,87.0,527589108.0,87.0,12039.0,100.0,0.0,100.0,2.0,,,,,100.0,0.0,100.0,0.0,,,75.0,25.0,,,100.0,136.0,100.0,1042.0,25.0,25.0,100.0,0.0,100.0,0.0,200.0,0.0,100.0,11718.0,100.0,59342584912.0,100.0,100339418450.0
2019-05-12,ZJV00F8H,ST12000NM0007,12000138625024,0,78.0,68508824.0,97.0,0.0,100.0,3.0,100.0,0.0,87.0,531812217.0,87.0,12071.0,100.0,0.0,100.0,2.0,,,,,100.0,0.0,100.0,0.0,,,76.0,24.0,,,100.0,137.0,100.0,1043.0,24.0,24.0,100.0,0.0,100.0,0.0,200.0,0.0,100.0,11749.0,100.0,59433822872.0,100.0,100546938306.0
2019-05-13,ZJV00F8H,ST12000NM0007,12000138625024,0,83.0,181714720.0,97.0,0.0,100.0,3.0,100.0,0.0,87.0,533127806.0,87.0,12087.0,100.0,0.0,100.0,2.0,,,,,100.0,0.0,100.0,0.0,,,74.0,26.0,,,100.0,138.0,100.0,1044.0,26.0,26.0,100.0,0.0,100.0,0.0,200.0,0.0,100.0,11765.0,100.0,59469952704.0,100.0,100624014370.0
2019-05-14,ZJV00F8H,ST12000NM0007,12000138625024,0,83.0,199000824.0,97.0,0.0,100.0,3.0,100.0,0.0,87.0,535729488.0,87.0,12118.0,100.0,0.0,100.0,2.0,,,,,100.0,0.0,100.0,0.0,,,76.0,24.0,,,100.0,139.0,100.0,1045.0,24.0,24.0,100.0,0.0,100.0,0.0,200.0,0.0,100.0,11797.0,100.0,59541580576.0,100.0,100813813378.0
2019-05-15,ZJV00F8H,ST12000NM0007,12000138625024,0,81.0,131476344.0,97.0,0.0,100.0,3.0,100.0,0.0,87.0,540051689.0,87.0,12134.0,100.0,0.0,100.0,2.0,,,,,100.0,0.0,100.0,0.0,,,74.0,26.0,,,100.0,139.0,100.0,1046.0,26.0,26.0,100.0,0.0,100.0,0.0,200.0,0.0,100.0,11812.0,100.0,59588279640.0,100.0,100943730522.0
2019-05-16,ZJV00F8H,ST12000NM0007,12000138625024,0,82.0,151179152.0,97.0,0.0,100.0,3.0,100.0,0.0,87.0,543145623.0,87.0,12166.0,100.0,0.0,100.0,2.0,,,,,100.0,0.0,100.0,0.0,,,75.0,25.0,,,100.0,140.0,100.0,1047.0,25.0,25.0,100.0,0.0,100.0,0.0,200.0,0.0,100.0,11844.0,100.0,59658284208.0,100.0,101137569714.0
2019-05-17,ZJV00F8H,ST12000NM0007,12000138625024,0,77.0,46074344.0,97.0,0.0,100.0,3.0,100.0,0.0,87.0,544710453.0,87.0,12182.0,100.0,0.0,100.0,2.0,,,,,100.0,0.0,100.0,0.0,,,74.0,26.0,,,100.0,141.0,100.0,1048.0,26.0,26.0,100.0,0.0,100.0,0.0,200.0,0.0,100.0,11859.0,100.0,59697059032.0,100.0,101237830754.0
2019-05-18,ZJV00F8H,ST12000NM0007,12000138625024,0,79.0,82006800.0,97.0,0.0,100.0,3.0,100.0,0.0,87.0,547748522.0,87.0,12213.0,100.0,0.0,100.0,2.0,,,,,100.0,0.0,100.0,0.0,,,74.0,26.0,,,100.0,142.0,100.0,1049.0,26.0,26.0,100.0,0.0,100.0,0.0,200.0,0.0,100.0,11891.0,100.0,59771199952.0,100.0,101443763098.0
2019-05-19,ZJV00F8H,ST12000NM0007,12000138625024,0,84.0,234139480.0,97.0,0.0,100.0,3.0,100.0,0.0,87.0,549439456.0,87.0,12229.0,100.0,0.0,100.0,2.0,,,,,100.0,0.0,100.0,0.0,,,72.0,28.0,,,100.0,142.0,100.0,1050.0,28.0,28.0,100.0,0.0,100.0,0.0,200.0,0.0,100.0,11907.0,100.0,59809585832.0,100.0,101557509898.0
2019-05-20,ZJV00F8H,ST12000NM0007,12000138625024,0,78.0,60507616.0,97.0,0.0,100.0,3.0,100.0,0.0,87.0,553422808.0,87.0,12261.0,100.0,0.0,100.0,2.0,,,,,100.0,0.0,100.0,0.0,,,74.0,26.0,,,100.0,143.0,100.0,1051.0,26.0,26.0,100.0,0.0,100.0,0.0,200.0,0.0,100.0,11938.0,100.0,59891016904.0,100.0,101790728418.0
2019-05-21,ZJV00F8H,ST12000NM0007,12000138625024,0,83.0,189879288.0,97.0,0.0,100.0,3.0,100.0,0.0,87.0,554719847.0,86.0,12277.0,100.0,0.0,100.0,2.0,,,,,100.0,0.0,100.0,0.0,,,72.0,28.0,,,100.0,144.0,100.0,1052.0,28.0,28.0,100.0,0.0,100.0,0.0,200.0,0.0,100.0,11954.0,100.0,59927740352.0,100.0,101883376642.0
2019-05-22,ZJV00F8H,ST12000NM0007,12000138625024,0,84.0,240293480.0,97.0,0.0,100.0,3.0,100.0,0.0,87.0,559214507.0,86.0,12309.0,100.0,0.0,100.0,2.0,,,,,100.0,0.0,100.0,0.0,,,75.0,25.0,,,100.0,145.0,100.0,1053.0,25.0,25.0,100.0,0.0,100.0,0.0,200.0,0.0,100.0,11986.0,100.0,60025132576.0,100.0,102080539490.0
2019-05-23,ZJV00F8H,ST12000NM0007,12000138625024,0,76.0,38327824.0,97.0,0.0,100.0,3.0,100.0,0.0,88.0,562536224.0,86.0,12340.0,100.0,0.0,100.0,2.0,,,,,100.0,0.0,100.0,0.0,,,75.0,25.0,,,100.0,146.0,100.0,1055.0,25.0,25.0,100.0,0.0,100.0,0.0,200.0,0.0,100.0,12017.0,100.0,60104737520.0,100.0,102287250498.0
2019-05-24,ZJV00F8H,ST12000NM0007,12000138625024,0,81.0,129668336.0,97.0,0.0,100.0,3.0,100.0,0.0,88.0,563902286.0,86.0,12356.0,100.0,0.0,100.0,2.0,,,,,100.0,0.0,100.0,0.0,,,76.0,24.0,,,100.0,146.0,100.0,1055.0,24.0,24.0,100.0,0.0,100.0,0.0,200.0,0.0,100.0,12033.0,100.0,60140940232.0,100.0,102342388298.0
2019-05-25,ZJV00F8H,ST12000NM0007,12000138625024,0,82.0,156557648.0,97.0,0.0,100.0,3.0,100.0,0.0,88.0,567126131.0,86.0,12388.0,100.0,0.0,100.0,2.0,,,,,100.0,0.0,100.0,0.0,,,75.0,25.0,,,100.0,148.0,100.0,1057.0,25.0,25.0,100.0,0.0,100.0,0.0,200.0,0.0,100.0,12064.0,100.0,60216059264.0,100.0,102538299210.0
2019-05-26,ZJV00F8H,ST12000NM0007,12000138625024,0,80.0,100111280.0,97.0,0.0,100.0,3.0,100.0,0.0,88.0,570029223.0,86.0,12403.0,100.0,0.0,100.0,2.0,,,,,100.0,0.0,100.0,0.0,,,75.0,25.0,,,100.0,148.0,100.0,1057.0,25.0,25.0,100.0,0.0,100.0,0.0,200.0,0.0,100.0,12080.0,100.0,60256705920.0,100.0,102685347002.0
2019-05-27,ZJV00F8H,ST12000NM0007,12000138625024,0,80.0,90416336.0,97.0,0.0,100.0,3.0,100.0,0.0,88.0,572561025.0,86.0,12435.0,100.0,0.0,100.0,2.0,,,,,100.0,0.0,100.0,0.0,,,75.0,25.0,,,100.0,149.0,100.0,1059.0,25.0,25.0,100.0,0.0,100.0,0.0,200.0,0.0,100.0,12111.0,100.0,60319616456.0,100.0,102856882242.0
2019-05-28,ZJV00F8H,ST12000NM0007,12000138625024,0,84.0,225829080.0,97.0,0.0,100.0,3.0,100.0,0.0,88.0,573782763.0,86.0,12451.0,100.0,0.0,100.0,2.0,,,,,100.0,0.0,100.0,0.0,,,74.0,26.0,,,100.0,149.0,100.0,1059.0,26.0,26.0,100.0,0.0,100.0,0.0,200.0,0.0,100.0,12127.0,100.0,60350107000.0,100.0,102961804442.0
2019-05-29,ZJV00F8H,ST12000NM0007,12000138625024,0,75.0,28672000.0,97.0,0.0,100.0,3.0,100.0,0.0,88.0,578050594.0,86.0,12482.0,100.0,0.0,100.0,2.0,,,,,100.0,0.0,100.0,0.0,,,75.0,25.0,,,100.0,151.0,100.0,1061.0,25.0,25.0,100.0,0.0,100.0,0.0,200.0,0.0,100.0,12158.0,100.0,60445970440.0,100.0,103157069066.0
2019-05-30,ZJV00F8H,ST12000NM0007,12000138625024,0,83.0,186479224.0,97.0,0.0,100.0,3.0,100.0,0.0,88.0,579837715.0,86.0,12498.0,100.0,0.0,100.0,2.0,,,,,100.0,0.0,100.0,0.0,,,75.0,25.0,,,100.0,151.0,100.0,1061.0,25.0,25.0,100.0,0.0,100.0,0.0,200.0,0.0,100.0,12174.0,100.0,60494270128.0,100.0,103266576602.0
2019-05-31,ZJV00F8H,ST12000NM0007,12000138625024,0,81.0,125662288.0,97.0,0.0,100.0,3.0,100.0,0.0,88.0,581654522.0,86.0,12514.0,100.0,0.0,100.0,2.0,,,,,100.0,0.0,100.0,0.0,,,75.0,25.0,,,100.0,152.0,100.0,1063.0,25.0,25.0,100.0,0.0,100.0,0.0,200.0,0.0,100.0,12189.0,100.0,60540893088.0,100.0,103403277434.0
2019-06-01,ZJV00F8H,ST12000NM0007,12000138625024,0,83.0,191723944.0,97.0,0.0,100.0,3.0,100.0,0.0,88.0,585199957.0,86.0,12546.0,100.0,0.0,100.0,2.0,,,,,100.0,0.0,100.0,0.0,,,74.0,26.0,,,100.0,153.0,100.0,1064.0,26.0,26.0,100.0,0.0,100.0,0.0,200.0,0.0,100.0,12221.0,100.0,60630937744.0,100.0,103623435098.0
2019-06-02,ZJV00F8H,ST12000NM0007,12000138625024,0,81.0,125424960.0,97.0,0.0,100.0,3.0,100.0,0.0,88.0,587120117.0,86.0,12562.0,100.0,0.0,100.0,2.0,,,,,100.0,0.0,100.0,0.0,,,75.0,25.0,,,100.0,153.0,100.0,1065.0,25.0,25.0,100.0,0.0,100.0,0.0,200.0,0.0,100.0,12236.0,100.0,60679530520.0,100.0,103752684002.0
2019-06-03,ZJV00F8H,ST12000NM0007,12000138625024,0,80.0,110189416.0,97.0,0.0,100.0,3.0,100.0,0.0,88.0,593755593.0,86.0,12593.0,100.0,0.0,100.0,2.0,,,,,100.0,0.0,100.0,0.0,,,74.0,26.0,,,100.0,153.0,100.0,1066.0,26.0,26.0,100.0,0.0,100.0,0.0,200.0,0.0,100.0,12268.0,100.0,60784216512.0,100.0,104121045842.0
2019-06-04,ZJV00F8H,ST12000NM0007,12000138625024,0,77.0,54539784.0,97.0,0.0,100.0,3.0,100.0,0.0,88.0,595520923.0,86.0,12609.0,100.0,0.0,100.0,2.0,,,,,100.0,0.0,100.0,0.0,,,75.0,25.0,,,100.0,154.0,100.0,1067.0,25.0,25.0,100.0,0.0,100.0,0.0,200.0,0.0,100.0,12284.0,100.0,60833347392.0,100.0,104260405986.0
2019-06-05,ZJV00F8H,ST12000NM0007,12000138625024,0,82.0,155798576.0,97.0,0.0,100.0,3.0,100.0,0.0,88.0,600353668.0,86.0,12641.0,100.0,0.0,100.0,2.0,,,,,100.0,0.0,100.0,0.0,,,75.0,25.0,,,100.0,154.0,100.0,1068.0,25.0,25.0,100.0,0.0,100.0,0.0,200.0,0.0,100.0,12315.0,100.0,60925049304.0,100.0,104514103698.0
2019-06-06,ZJV00F8H,ST12000NM0007,12000138625024,0,75.0,30796904.0,97.0,0.0,100.0,3.0,100.0,0.0,88.0,603952985.0,86.0,12673.0,100.0,0.0,100.0,2.0,,,,,100.0,0.0,100.0,0.0,,,75.0,25.0,,,100.0,154.0,100.0,1070.0,25.0,25.0,100.0,0.0,100.0,0.0,200.0,0.0,100.0,12346.0,100.0,61011495968.0,100.0,104790936810.0
2019-06-07,ZJV00F8H,ST12000NM0007,12000138625024,0,82.0,175757344.0,97.0,0.0,100.0,3.0,100.0,0.0,88.0,605766309.0,86.0,12688.0,100.0,0.0,100.0,2.0,,,,,100.0,0.0,100.0,0.0,,,75.0,25.0,,,100.0,154.0,100.0,1070.0,25.0,25.0,100.0,0.0,100.0,0.0,200.0,0.0,100.0,12362.0,100.0,61056373024.0,100.0,104891020194.0
2019-06-08,ZJV00F8H,ST12000NM0007,12000138625024,0,74.0,25743952.0,97.0,0.0,100.0,3.0,100.0,0.0,88.0,609215951.0,86.0,12720.0,100.0,0.0,100.0,2.0,,,,,100.0,0.0,100.0,0.0,,,75.0,25.0,,,100.0,155.0,100.0,1072.0,25.0,25.0,100.0,0.0,100.0,0.0,200.0,0.0,100.0,12394.0,100.0,61146146368.0,100.0,105139514834.0
2019-06-09,ZJV00F8H,ST12000NM0007,12000138625024,0,83.0,205132616.0,97.0,0.0,100.0,3.0,100.0,0.0,88.0,611155455.0,86.0,12736.0,100.0,0.0,100.0,2.0,,,,,100.0,0.0,100.0,0.0,,,75.0,25.0,,,100.0,155.0,100.0,1072.0,25.0,25.0,100.0,0.0,100.0,0.0,200.0,0.0,100.0,12409.0,100.0,61178334640.0,100.0,105286715226.0
2019-06-10,ZJV00F8H,ST12000NM0007,12000138625024,0,76.0,39178296.0,97.0,0.0,100.0,3.0,100.0,0.0,88.0,615160950.0,86.0,12768.0,100.0,0.0,100.0,2.0,,,,,100.0,0.0,100.0,0.0,,,75.0,25.0,,,100.0,156.0,100.0,1074.0,25.0,25.0,100.0,0.0,100.0,0.0,200.0,0.0,100.0,12441.0,100.0,61249378296.0,100.0,105537998610.0
2019-06-11,ZJV00F8H,ST12000NM0007,12000138625024,0,78.0,70621704.0,97.0,0.0,100.0,3.0,100.0,0.0,88.0,617315745.0,86.0,12783.0,100.0,0.0,100.0,2.0,,,,,100.0,0.0,100.0,0.0,,,74.0,26.0,,,100.0,156.0,100.0,1074.0,26.0,26.0,100.0,0.0,100.0,0.0,200.0,0.0,100.0,12457.0,100.0,61289988960.0,100.0,105772971986.0
2019-06-12,ZJV00F8H,ST12000NM0007,12000138625024,0,77.0,50572688.0,97.0,0.0,100.0,3.0,100.0,0.0,88.0,622711928.0,86.0,12815.0,100.0,0.0,100.0,2.0,,,,,100.0,0.0,100.0,0.0,,,75.0,25.0,,,100.0,157.0,100.0,1076.0,25.0,25.0,100.0,0.0,100.0,0.0,200.0,0.0,100.0,12488.0,100.0,61373857576.0,100.0,106157335834.0
2019-06-13,ZJV00F8H,ST12000NM0007,12000138625024,0,77.0,53495752.0,97.0,0.0,100.0,3.0,100.0,0.0,88.0,624862169.0,86.0,12831.0,100.0,0.0,100.0,2.0,,,,,100.0,0.0,100.0,0.0,,,75.0,25.0,,,100.0,157.0,100.0,1076.0,25.0,25.0,100.0,0.0,100.0,0.0,200.0,0.0,100.0,12504.0,100.0,61404305560.0,100.0,106373951570.0
2019-06-14,ZJV00F8H,ST12000NM0007,12000138625024,0,81.0,117499856.0,97.0,0.0,100.0,3.0,100.0,0.0,88.0,627895136.0,86.0,12863.0,100.0,0.0,100.0,2.0,,,,,100.0,0.0,100.0,0.0,,,75.0,25.0,,,100.0,159.0,100.0,1078.0,25.0,25.0,100.0,0.0,100.0,0.0,200.0,0.0,100.0,12536.0,100.0,61477749528.0,100.0,106608652586.0
2019-06-15,ZJV00F8H,ST12000NM0007,12000138625024,0,73.0,22191648.0,97.0,0.0,100.0,3.0,100.0,0.0,88.0,629428481.0,86.0,12879.0,100.0,0.0,100.0,2.0,,,,,100.0,0.0,100.0,0.0,,,75.0,25.0,,,100.0,159.0,100.0,1078.0,25.0,25.0,100.0,0.0,100.0,0.0,200.0,0.0,100.0,12552.0,100.0,61516223152.0,100.0,106719011538.0
2019-06-16,ZJV00F8H,ST12000NM0007,12000138625024,0,83.0,181029912.0,97.0,0.0,100.0,3.0,100.0,0.0,88.0,634633171.0,86.0,12910.0,100.0,0.0,100.0,2.0,,,,,100.0,0.0,100.0,0.0,,,75.0,25.0,,,100.0,159.0,100.0,1079.0,25.0,25.0,100.0,0.0,100.0,0.0,200.0,0.0,100.0,12583.0,100.0,61638569368.0,100.0,106999644314.0
2019-06-17,ZJV00F8H,ST12000NM0007,12000138625024,0,73.0,21951208.0,97.0,0.0,100.0,3.0,100.0,0.0,88.0,637841383.0,86.0,12942.0,100.0,0.0,100.0,2.0,,,,,100.0,0.0,100.0,0.0,,,74.0,26.0,,,100.0,161.0,100.0,1081.0,26.0,26.0,100.0,0.0,100.0,0.0,200.0,0.0,100.0,12615.0,100.0,61727721688.0,100.0,107239695442.0
2019-06-18,ZJV00F8H,ST12000NM0007,12000138625024,0,83.0,186195800.0,97.0,0.0,100.0,3.0,100.0,0.0,88.0,639430397.0,86.0,12958.0,100.0,0.0,100.0,2.0,,,,,100.0,0.0,100.0,0.0,,,75.0,25.0,,,100.0,161.0,100.0,1081.0,25.0,25.0,100.0,0.0,100.0,0.0,200.0,0.0,100.0,12630.0,100.0,61778037896.0,100.0,107353623826.0
2019-06-19,ZJV00F8H,ST12000NM0007,12000138625024,0,75.0,30299328.0,97.0,0.0,100.0,3.0,100.0,0.0,88.0,644244103.0,86.0,12989.0,100.0,0.0,100.0,2.0,,,,,100.0,0.0,100.0,0.0,,,74.0,26.0,,,100.0,161.0,100.0,1083.0,26.0,26.0,100.0,0.0,100.0,0.0,200.0,0.0,100.0,12662.0,100.0,61851965840.0,100.0,107612081154.0
2019-06-20,ZJV00F8H,ST12000NM0007,12000138625024,0,83.0,179569192.0,97.0,0.0,100.0,3.0,100.0,0.0,88.0,646105432.0,86.0,13005.0,100.0,0.0,100.0,2.0,,,,,100.0,0.0,100.0,0.0,,,75.0,25.0,,,100.0,161.0,100.0,1083.0,25.0,25.0,100.0,0.0,100.0,0.0,200.0,0.0,100.0,12678.0,100.0,61882375384.0,100.0,107730941474.0
2019-06-21,ZJV00F8H,ST12000NM0007,12000138625024,0,84.0,225103440.0,97.0,0.0,100.0,3.0,100.0,0.0,88.0,649465168.0,86.0,13037.0,100.0,0.0,100.0,2.0,,,,,100.0,0.0,100.0,0.0,,,75.0,25.0,,,100.0,163.0,100.0,1085.0,25.0,25.0,100.0,0.0,100.0,0.0,200.0,0.0,100.0,12709.0,100.0,61961670320.0,100.0,107941321458.0
2019-06-22,ZJV00F8H,ST12000NM0007,12000138625024,0,82.0,143364920.0,97.0,0.0,100.0,3.0,100.0,0.0,88.0,651377955.0,86.0,13053.0,100.0,0.0,100.0,2.0,,,,,100.0,0.0,100.0,0.0,,,75.0,25.0,,,100.0,163.0,100.0,1085.0,25.0,25.0,100.0,0.0,100.0,0.0,200.0,0.0,100.0,12725.0,100.0,62008004344.0,100.0,108057389746.0
2019-06-23,ZJV00F8H,ST12000NM0007,12000138625024,0,79.0,89066536.0,97.0,0.0,100.0,3.0,100.0,0.0,88.0,657253961.0,86.0,13084.0,100.0,0.0,100.0,2.0,,,,,100.0,0.0,100.0,0.0,,,73.0,27.0,,,100.0,164.0,100.0,1087.0,27.0,27.0,100.0,0.0,100.0,0.0,200.0,0.0,100.0,12756.0,100.0,62092438080.0,100.0,108406939106.0
2019-06-24,ZJV00F8H,ST12000NM0007,12000138625024,0,74.0,22994616.0,97.0,0.0,100.0,3.0,100.0,0.0,88.0,659994547.0,86.0,13100.0,100.0,0.0,100.0,2.0,,,,,100.0,0.0,100.0,0.0,,,74.0,26.0,,,100.0,164.0,100.0,1087.0,26.0,26.0,100.0,0.0,100.0,0.0,200.0,0.0,100.0,12772.0,100.0,62129174656.0,100.0,108548271730.0
2019-06-25,ZJV00F8H,ST12000NM0007,12000138625024,0,82.0,160416416.0,97.0,0.0,100.0,3.0,100.0,0.0,88.0,664344840.0,86.0,13132.0,100.0,0.0,100.0,2.0,,,,,100.0,0.0,100.0,0.0,,,74.0,26.0,,,100.0,165.0,100.0,1089.0,26.0,26.0,100.0,0.0,100.0,0.0,200.0,0.0,100.0,12804.0,100.0,62237651608.0,100.0,108821357394.0
2019-06-26,ZJV00F8H,ST12000NM0007,12000138625024,0,78.0,64834952.0,97.0,0.0,100.0,3.0,100.0,0.0,88.0,666760827.0,85.0,13148.0,100.0,0.0,100.0,2.0,,,,,100.0,0.0,100.0,0.0,,,75.0,25.0,,,100.0,165.0,100.0,1089.0,25.0,25.0,100.0,0.0,100.0,0.0,200.0,0.0,100.0,12820.0,100.0,62289522352.0,100.0,108918046050.0
2019-06-27,ZJV00F8H,ST12000NM0007,12000138625024,0,73.0,20617872.0,97.0,0.0,100.0,3.0,100.0,0.0,88.0,670952066.0,85.0,13179.0,100.0,0.0,100.0,2.0,,,,,100.0,0.0,100.0,0.0,,,74.0,26.0,,,100.0,166.0,100.0,1091.0,26.0,26.0,100.0,0.0,100.0,0.0,200.0,0.0,100.0,12851.0,100.0,62383500904.0,100.0,109268132242.0
2019-06-28,ZJV00F8H,ST12000NM0007,12000138625024,0,75.0,29737240.0,97.0,0.0,100.0,3.0,100.0,0.0,88.0,672791792.0,85.0,13195.0,100.0,0.0,100.0,2.0,,,,,100.0,0.0,100.0,0.0,,,75.0,25.0,,,100.0,166.0,100.0,1091.0,25.0,25.0,100.0,0.0,100.0,0.0,200.0,0.0,100.0,12867.0,100.0,62431817576.0,100.0,109473075930.0
2019-06-29,ZJV00F8H,ST12000NM0007,12000138625024,0,84.0,236542120.0,97.0,0.0,100.0,3.0,100.0,0.0,88.0,676460502.0,85.0,13227.0,100.0,0.0,100.0,2.0,,,,,100.0,0.0,100.0,0.0,,,75.0,25.0,,,100.0,166.0,100.0,1093.0,25.0,25.0,100.0,0.0,100.0,0.0,200.0,0.0,100.0,12898.0,100.0,62525668720.0,100.0,109830170498.0
2019-06-30,ZJV00F8H,ST12000NM0007,12000138625024,0,68.0,6442176.0,97.0,0.0,100.0,3.0,100.0,0.0,88.0,679387591.0,85.0,13243.0,100.0,0.0,100.0,2.0,,,,,100.0,0.0,100.0,0.0,,,74.0,26.0,,,100.0,166.0,100.0,1093.0,26.0,26.0,100.0,0.0,100.0,0.0,200.0,0.0,100.0,12914.0,100.0,62567646952.0,100.0,110046373970.0
2019-07-01,ZJV00F8H,ST12000NM0007,12000138625024,0,84.0,233370672.0,97.0,0.0,100.0,3.0,100.0,0.0,88.0,683534008.0,85.0,13274.0,100.0,0.0,100.0,2.0,,,,,100.0,0.0,100.0,0.0,,,74.0,26.0,,,100.0,167.0,100.0,1095.0,26.0,26.0,100.0,0.0,100.0,0.0,200.0,0.0,100.0,12945.0,100.0,62669147336.0,100.0,110415942938.0
2019-07-02,ZJV00F8H,ST12000NM0007,12000138625024,0,76.0,42035824.0,97.0,0.0,100.0,3.0,100.0,0.0,88.0,685749890.0,85.0,13290.0,100.0,0.0,100.0,2.0,,,,,100.0,0.0,100.0,0.0,,,75.0,25.0,,,100.0,167.0,100.0,1095.0,25.0,25.0,100.0,0.0,100.0,0.0,200.0,0.0,100.0,12961.0,100.0,62772042824.0,100.0,110609994154.0
2019-07-03,ZJV00F8H,ST12000NM0007,12000138625024,0,82.0,171787784.0,97.0,0.0,100.0,3.0,100.0,0.0,88.0,690294893.0,85.0,13322.0,100.0,0.0,100.0,2.0,,,,,100.0,0.0,100.0,0.0,,,75.0,25.0,,,100.0,168.0,100.0,1097.0,25.0,25.0,100.0,0.0,100.0,0.0,200.0,0.0,100.0,12993.0,100.0,62874111336.0,100.0,110881818354.0
2019-07-04,ZJV00F8H,ST12000NM0007,12000138625024,0,80.0,98631240.0,97.0,0.0,100.0,3.0,100.0,0.0,88.0,691702100.0,85.0,13337.0,100.0,0.0,100.0,2.0,,,,,100.0,0.0,100.0,0.0,,,75.0,25.0,,,100.0,168.0,100.0,1097.0,25.0,25.0,100.0,0.0,100.0,0.0,200.0,0.0,100.0,13008.0,100.0,62902367152.0,100.0,111024546738.0
2019-07-05,ZJV00F8H,ST12000NM0007,12000138625024,0,77.0,54355552.0,97.0,0.0,100.0,3.0,100.0,0.0,88.0,695395957.0,85.0,13369.0,100.0,0.0,100.0,2.0,,,,,100.0,0.0,100.0,0.0,,,75.0,25.0,,,100.0,170.0,100.0,1099.0,25.0,25.0,100.0,0.0,100.0,0.0,200.0,0.0,100.0,13040.0,100.0,62996124624.0,100.0,111374794954.0
2019-07-06,ZJV00F8H,ST12000NM0007,12000138625024,0,84.0,242573064.0,97.0,0.0,100.0,3.0,100.0,0.0,88.0,696907115.0,85.0,13385.0,100.0,0.0,100.0,2.0,,,,,100.0,0.0,100.0,0.0,,,75.0,25.0,,,100.0,170.0,100.0,1099.0,25.0,25.0,100.0,0.0,100.0,0.0,200.0,0.0,100.0,13056.0,100.0,63035611640.0,100.0,111523525450.0
2019-07-07,ZJV00F8H,ST12000NM0007,12000138625024,0,83.0,196110776.0,97.0,0.0,100.0,3.0,100.0,0.0,88.0,701544865.0,85.0,13417.0,100.0,0.0,100.0,2.0,,,,,100.0,0.0,100.0,0.0,,,75.0,25.0,,,100.0,170.0,100.0,1101.0,25.0,25.0,100.0,0.0,100.0,0.0,200.0,0.0,100.0,13087.0,100.0,63111483344.0,100.0,111889477322.0
2019-07-08,ZJV00F8H,ST12000NM0007,12000138625024,0,82.0,156512088.0,97.0,0.0,100.0,3.0,100.0,0.0,88.0,702966801.0,85.0,13432.0,100.0,0.0,100.0,2.0,,,,,100.0,0.0,100.0,0.0,,,75.0,25.0,,,100.0,170.0,100.0,1101.0,25.0,25.0,100.0,0.0,100.0,0.0,200.0,0.0,100.0,13103.0,100.0,63144449816.0,100.0,112061052954.0
2019-07-09,ZJV00F8H,ST12000NM0007,12000138625024,0,76.0,44223064.0,97.0,0.0,100.0,3.0,100.0,0.0,88.0,705981726.0,85.0,13464.0,100.0,0.0,100.0,2.0,,,,,100.0,0.0,100.0,0.0,,,74.0,26.0,,,100.0,170.0,100.0,1103.0,26.0,26.0,100.0,0.0,100.0,0.0,200.0,0.0,100.0,13135.0,100.0,63208525808.0,100.0,112372969234.0
2019-07-10,ZJV00F8H,ST12000NM0007,12000138625024,0,82.0,175299088.0,97.0,0.0,100.0,3.0,100.0,0.0,89.0,708916394.0,85.0,13480.0,100.0,0.0,100.0,2.0,,,,,100.0,0.0,100.0,0.0,,,74.0,26.0,,,100.0,170.0,100.0,1103.0,26.0,26.0,100.0,0.0,100.0,0.0,200.0,0.0,100.0,13150.0,100.0,63245968888.0,100.0,112466602178.0
2019-07-11,ZJV00F8H,ST12000NM0007,12000138625024,0,83.0,207548280.0,97.0,0.0,100.0,3.0,100.0,0.0,89.0,713663844.0,85.0,13512.0,100.0,0.0,100.0,2.0,,,,,100.0,0.0,100.0,0.0,,,74.0,26.0,,,100.0,171.0,100.0,1105.0,26.0,26.0,100.0,0.0,100.0,0.0,200.0,0.0,100.0,13182.0,100.0,63321292808.0,100.0,112911809002.0
2019-07-12,ZJV00F8H,ST12000NM0007,12000138625024,0,84.0,233235328.0,97.0,0.0,100.0,3.0,100.0,0.0,89.0,716024674.0,85.0,13527.0,100.0,0.0,100.0,2.0,,,,,100.0,0.0,100.0,0.0,,,75.0,25.0,,,100.0,171.0,100.0,1105.0,25.0,25.0,100.0,0.0,100.0,0.0,200.0,0.0,100.0,13198.0,100.0,63362193080.0,100.0,113140736498.0
2019-07-13,ZJV00F8H,ST12000NM0007,12000138625024,0,82.0,144558480.0,97.0,0.0,100.0,3.0,100.0,0.0,89.0,719717732.0,85.0,13559.0,100.0,0.0,100.0,2.0,,,,,100.0,0.0,100.0,0.0,,,75.0,25.0,,,100.0,172.0,100.0,1107.0,25.0,25.0,100.0,0.0,100.0,0.0,200.0,0.0,100.0,13229.0,100.0,63429475360.0,100.0,113473058682.0
2019-07-14,ZJV00F8H,ST12000NM0007,12000138625024,0,81.0,137497056.0,97.0,0.0,100.0,3.0,100.0,0.0,89.0,724716455.0,85.0,13591.0,100.0,0.0,100.0,2.0,,,,,100.0,0.0,100.0,0.0,,,75.0,25.0,,,100.0,172.0,100.0,1108.0,25.0,25.0,100.0,0.0,100.0,0.0,200.0,0.0,100.0,13261.0,100.0,63524917312.0,100.0,113858836986.0
2019-07-15,ZJV00F8H,ST12000NM0007,12000138625024,0,80.0,108349864.0,97.0,0.0,100.0,3.0,100.0,0.0,89.0,726169627.0,85.0,13606.0,100.0,0.0,100.0,2.0,,,,,100.0,0.0,100.0,0.0,,,75.0,25.0,,,100.0,172.0,100.0,1109.0,25.0,25.0,100.0,0.0,100.0,0.0,200.0,0.0,100.0,13276.0,100.0,63560768984.0,100.0,114037978762.0
2019-07-16,ZJV00F8H,ST12000NM0007,12000138625024,0,84.0,238088464.0,97.0,0.0,100.0,3.0,100.0,0.0,89.0,730311266.0,85.0,13638.0,100.0,0.0,100.0,2.0,,,,,100.0,0.0,100.0,0.0,,,75.0,25.0,,,100.0,173.0,100.0,1110.0,25.0,25.0,100.0,0.0,100.0,0.0,200.0,0.0,100.0,13308.0,100.0,63636748968.0,100.0,114335878370.0
2019-07-17,ZJV00F8H,ST12000NM0007,12000138625024,0,100.0,383216.0,97.0,0.0,100.0,3.0,100.0,0.0,89.0,733049195.0,85.0,13654.0,100.0,0.0,100.0,2.0,,,,,100.0,0.0,100.0,0.0,,,74.0,26.0,,,100.0,173.0,100.0,1111.0,26.0,26.0,100.0,0.0,100.0,0.0,200.0,0.0,100.0,13324.0,100.0,63689380240.0,100.0,114533823218.0
2019-07-18,ZJV00F8H,ST12000NM0007,12000138625024,0,75.0,28615960.0,97.0,0.0,100.0,3.0,100.0,0.0,89.0,736682860.0,85.0,13670.0,100.0,0.0,100.0,2.0,,,,,100.0,0.0,100.0,0.0,,,75.0,25.0,,,100.0,173.0,100.0,1111.0,25.0,25.0,100.0,0.0,100.0,0.0,200.0,0.0,100.0,13340.0,100.0,63734749432.0,100.0,114760827450.0
2019-07-19,ZJV00F8H,ST12000NM0007,12000138625024,0,83.0,216047920.0,97.0,0.0,100.0,3.0,100.0,0.0,89.0,740538475.0,85.0,13701.0,100.0,0.0,100.0,2.0,,,,,100.0,0.0,100.0,0.0,,,75.0,25.0,,,100.0,173.0,100.0,1113.0,25.0,25.0,100.0,0.0,100.0,0.0,200.0,0.0,100.0,13371.0,100.0,63820096200.0,100.0,115107053274.0
2019-07-20,ZJV00F8H,ST12000NM0007,12000138625024,0,82.0,169357896.0,97.0,0.0,100.0,3.0,100.0,0.0,89.0,742065119.0,85.0,13717.0,100.0,0.0,100.0,2.0,,,,,100.0,0.0,100.0,0.0,,,76.0,24.0,,,100.0,173.0,100.0,1113.0,24.0,24.0,100.0,0.0,100.0,0.0,200.0,0.0,100.0,13387.0,100.0,63854026424.0,100.0,115270573658.0
2019-07-21,ZJV00F8H,ST12000NM0007,12000138625024,0,81.0,124674808.0,97.0,0.0,100.0,3.0,100.0,0.0,89.0,747361081.0,85.0,13749.0,100.0,0.0,100.0,2.0,,,,,100.0,0.0,100.0,0.0,,,74.0,26.0,,,100.0,173.0,100.0,1114.0,26.0,26.0,100.0,0.0,100.0,0.0,200.0,0.0,100.0,13419.0,100.0,63937232432.0,100.0,115875106730.0
2019-07-22,ZJV00F8H,ST12000NM0007,12000138625024,0,81.0,124704256.0,97.0,0.0,100.0,3.0,100.0,0.0,89.0,749602246.0,85.0,13765.0,100.0,0.0,100.0,2.0,,,,,100.0,0.0,100.0,0.0,,,76.0,24.0,,,100.0,173.0,100.0,1115.0,24.0,24.0,100.0,0.0,100.0,0.0,200.0,0.0,100.0,13434.0,100.0,63973693312.0,100.0,116082816210.0
2019-07-23,ZJV00F8H,ST12000NM0007,12000138625024,0,80.0,100976816.0,97.0,0.0,100.0,3.0,100.0,0.0,89.0,752761415.0,85.0,13797.0,100.0,0.0,100.0,2.0,,,,,100.0,0.0,100.0,0.0,,,75.0,25.0,,,100.0,173.0,100.0,1116.0,25.0,25.0,100.0,0.0,100.0,0.0,200.0,0.0,100.0,13466.0,100.0,64043434016.0,100.0,116477629586.0
2019-07-24,ZJV00F8H,ST12000NM0007,12000138625024,0,75.0,31972832.0,97.0,0.0,100.0,3.0,100.0,0.0,89.0,755677557.0,85.0,13813.0,100.0,0.0,100.0,2.0,,,,,100.0,0.0,100.0,0.0,,,75.0,25.0,,,100.0,174.0,100.0,1117.0,25.0,25.0,100.0,0.0,100.0,0.0,200.0,0.0,100.0,13482.0,100.0,64078843000.0,100.0,116617357338.0
2019-07-25,ZJV00F8H,ST12000NM0007,12000138625024,0,73.0,18415488.0,97.0,0.0,100.0,3.0,100.0,0.0,89.0,760187201.0,85.0,13844.0,100.0,0.0,100.0,2.0,,,,,100.0,0.0,100.0,0.0,,,75.0,25.0,,,100.0,174.0,100.0,1118.0,25.0,25.0,100.0,0.0,100.0,0.0,200.0,0.0,100.0,13513.0,100.0,64142584144.0,100.0,117028340802.0
2019-07-26,ZJV00F8H,ST12000NM0007,12000138625024,0,68.0,5664952.0,97.0,0.0,100.0,3.0,100.0,0.0,89.0,764093322.0,85.0,13876.0,100.0,0.0,100.0,2.0,,,,,100.0,0.0,100.0,0.0,,,74.0,26.0,,,100.0,175.0,100.0,1122.0,26.0,26.0,100.0,0.0,100.0,0.0,200.0,0.0,100.0,13545.0,100.0,64213364896.0,100.0,117433091050.0
2019-07-27,ZJV00F8H,ST12000NM0007,12000138625024,0,100.0,1553264.0,97.0,0.0,100.0,3.0,100.0,0.0,89.0,765870690.0,85.0,13892.0,100.0,0.0,100.0,2.0,,,,,100.0,0.0,100.0,0.0,,,75.0,25.0,,,100.0,175.0,100.0,1122.0,25.0,25.0,100.0,0.0,100.0,0.0,200.0,0.0,100.0,13561.0,100.0,64256261056.0,100.0,117630224082.0
2019-07-28,ZJV00F8H,ST12000NM0007,12000138625024,0,68.0,6025600.0,97.0,0.0,100.0,3.0,100.0,0.0,89.0,770941144.0,85.0,13924.0,100.0,0.0,100.0,2.0,,,,,100.0,0.0,100.0,0.0,,,76.0,24.0,,,100.0,176.0,100.0,1124.0,24.0,24.0,100.0,0.0,100.0,0.0,200.0,0.0,100.0,13592.0,100.0,64323933232.0,100.0,118055306178.0
2019-07-29,ZJV00F8H,ST12000NM0007,12000138625024,0,83.0,196375776.0,97.0,0.0,100.0,3.0,100.0,0.0,89.0,771960441.0,85.0,13939.0,100.0,0.0,100.0,2.0,,,,,100.0,0.0,100.0,0.0,,,76.0,24.0,,,100.0,176.0,100.0,1124.0,24.0,24.0,100.0,0.0,100.0,0.0,200.0,0.0,100.0,13608.0,100.0,64336010288.0,100.0,118233579298.0
2019-07-30,ZJV00F8H,ST12000NM0007,12000138625024,0,80.0,98589368.0,97.0,0.0,100.0,3.0,100.0,0.0,89.0,775072416.0,85.0,13971.0,100.0,0.0,100.0,2.0,,,,,100.0,0.0,100.0,0.0,,,74.0,26.0,,,100.0,176.0,100.0,1126.0,26.0,26.0,100.0,0.0,100.0,0.0,200.0,0.0,100.0,13640.0,100.0,64382062392.0,100.0,118578022282.0
2019-07-31,ZJV00F8H,ST12000NM0007,12000138625024,0,79.0,80536512.0,97.0,0.0,100.0,3.0,100.0,0.0,89.0,777855553.0,85.0,13987.0,100.0,0.0,100.0,2.0,,,,,100.0,0.0,100.0,0.0,,,75.0,25.0,,,100.0,176.0,100.0,1126.0,25.0,25.0,100.0,0.0,100.0,0.0,200.0,0.0,100.0,13656.0,100.0,64427398096.0,100.0,118758774354.0
2019-08-01,ZJV00F8H,ST12000NM0007,12000138625024,0,79.0,78302688.0,97.0,0.0,100.0,3.0,100.0,0.0,89.0,780138666.0,85.0,14003.0,100.0,0.0,100.0,2.0,,,,,100.0,0.0,100.0,0.0,,,74.0,26.0,,,100.0,176.0,100.0,1127.0,26.0,26.0,100.0,0.0,100.0,0.0,200.0,0.0,100.0,13671.0,100.0,64465001576.0,100.0,118963077722.0
2019-08-02,ZJV00F8H,ST12000NM0007,12000138625024,0,78.0,57960720.0,97.0,0.0,100.0,3.0,100.0,0.0,89.0,784026854.0,84.0,14034.0,100.0,0.0,100.0,2.0,,,,,100.0,0.0,100.0,0.0,,,75.0,25.0,,,100.0,177.0,100.0,1128.0,25.0,25.0,100.0,0.0,100.0,0.0,200.0,0.0,100.0,13703.0,100.0,64555057696.0,100.0,119340961066.0
2019-08-03,ZJV00F8H,ST12000NM0007,12000138625024,0,73.0,20536816.0,97.0,0.0,100.0,3.0,100.0,0.0,89.0,785813059.0,84.0,14050.0,100.0,0.0,100.0,2.0,,,,,100.0,0.0,100.0,0.0,,,75.0,25.0,,,100.0,178.0,100.0,1129.0,25.0,25.0,100.0,0.0,100.0,0.0,200.0,0.0,100.0,13718.0,100.0,64585141352.0,100.0,119517594322.0
2019-08-04,ZJV00F8H,ST12000NM0007,12000138625024,0,74.0,28030264.0,97.0,0.0,100.0,3.0,100.0,0.0,89.0,790419437.0,84.0,14082.0,100.0,0.0,100.0,2.0,,,,,100.0,0.0,100.0,0.0,,,74.0,26.0,,,100.0,179.0,100.0,1130.0,26.0,26.0,100.0,0.0,100.0,0.0,200.0,0.0,100.0,13750.0,100.0,64670497120.0,100.0,119928013802.0
2019-08-05,ZJV00F8H,ST12000NM0007,12000138625024,0,74.0,24052840.0,97.0,0.0,100.0,3.0,100.0,0.0,89.0,793011508.0,84.0,14098.0,100.0,0.0,100.0,2.0,,,,,100.0,0.0,100.0,0.0,,,75.0,25.0,,,100.0,180.0,100.0,1131.0,25.0,25.0,100.0,0.0,100.0,0.0,200.0,0.0,100.0,13765.0,100.0,64710020056.0,100.0,120128654162.0
2019-08-06,ZJV00F8H,ST12000NM0007,12000138625024,0,83.0,213526536.0,97.0,0.0,100.0,3.0,100.0,0.0,89.0,796530705.0,84.0,14130.0,100.0,0.0,100.0,2.0,,,,,100.0,0.0,100.0,0.0,,,75.0,25.0,,,100.0,180.0,100.0,1132.0,25.0,25.0,100.0,0.0,100.0,0.0,200.0,0.0,100.0,13797.0,100.0,64789890312.0,100.0,120482398354.0
2019-08-07,ZJV00F8H,ST12000NM0007,12000138625024,0,82.0,145772088.0,97.0,0.0,100.0,3.0,100.0,0.0,89.0,802116320.0,84.0,14161.0,100.0,0.0,100.0,2.0,,,,,100.0,0.0,100.0,0.0,,,75.0,25.0,,,100.0,182.0,100.0,1135.0,25.0,25.0,100.0,0.0,100.0,0.0,200.0,0.0,100.0,13829.0,100.0,64875394672.0,100.0,120817421050.0
2019-08-08,ZJV00F8H,ST12000NM0007,12000138625024,0,83.0,199870000.0,97.0,0.0,100.0,3.0,100.0,0.0,89.0,804743993.0,84.0,14177.0,100.0,0.0,100.0,2.0,,,,,100.0,0.0,100.0,0.0,,,75.0,25.0,,,100.0,182.0,100.0,1135.0,25.0,25.0,100.0,0.0,100.0,0.0,200.0,0.0,100.0,13844.0,100.0,64910083960.0,100.0,121080970314.0
2019-08-09,ZJV00F8H,ST12000NM0007,12000138625024,0,80.0,102862800.0,97.0,0.0,100.0,3.0,100.0,0.0,89.0,808522775.0,84.0,14209.0,100.0,0.0,100.0,2.0,,,,,100.0,0.0,100.0,0.0,,,75.0,25.0,,,100.0,183.0,100.0,1137.0,25.0,25.0,100.0,0.0,100.0,0.0,200.0,0.0,100.0,13876.0,100.0,64986922672.0,100.0,121395405914.0
2019-08-10,ZJV00F8H,ST12000NM0007,12000138625024,0,78.0,56911968.0,97.0,0.0,100.0,3.0,100.0,0.0,89.0,810192094.0,84.0,14225.0,100.0,0.0,100.0,2.0,,,,,100.0,0.0,100.0,0.0,,,75.0,25.0,,,100.0,183.0,100.0,1137.0,25.0,25.0,100.0,0.0,100.0,0.0,200.0,0.0,100.0,13892.0,100.0,65014813960.0,100.0,121565704642.0
2019-08-11,ZJV00F8H,ST12000NM0007,12000138625024,0,77.0,53463776.0,97.0,0.0,100.0,3.0,100.0,0.0,89.0,812265084.0,84.0,14240.0,100.0,0.0,100.0,2.0,,,,,100.0,0.0,100.0,0.0,,,75.0,25.0,,,100.0,184.0,100.0,1138.0,25.0,25.0,100.0,0.0,100.0,0.0,200.0,0.0,100.0,13908.0,100.0,65067219784.0,100.0,121753991474.0
2019-08-12,ZJV00F8H,ST12000NM0007,12000138625024,0,77.0,48102888.0,97.0,0.0,100.0,3.0,100.0,0.0,89.0,817078051.0,84.0,14272.0,100.0,0.0,100.0,2.0,,,,,100.0,0.0,100.0,0.0,,,75.0,25.0,,,100.0,184.0,100.0,1139.0,25.0,25.0,100.0,0.0,100.0,0.0,200.0,0.0,100.0,13939.0,100.0,65152743000.0,100.0,122151388802.0
2019-08-13,ZJV00F8H,ST12000NM0007,12000138625024,0,77.0,51800080.0,97.0,0.0,100.0,3.0,100.0,0.0,89.0,822748563.0,84.0,14303.0,100.0,0.0,100.0,2.0,,,,,100.0,0.0,100.0,0.0,,,75.0,25.0,,,100.0,186.0,100.0,1142.0,25.0,25.0,100.0,0.0,100.0,0.0,200.0,0.0,100.0,13970.0,100.0,65251206904.0,100.0,122544903412.0
2019-08-14,ZJV00F8H,ST12000NM0007,12000138625024,0,83.0,219049224.0,97.0,0.0,100.0,3.0,100.0,0.0,89.0,825811631.0,84.0,14319.0,100.0,0.0,100.0,2.0,,,,,100.0,0.0,100.0,0.0,,,75.0,25.0,,,100.0,186.0,100.0,1142.0,25.0,25.0,100.0,0.0,100.0,0.0,200.0,0.0,100.0,13986.0,100.0,65294093440.0,100.0,122669266020.0
2019-08-15,ZJV00F8H,ST12000NM0007,12000138625024,0,83.0,190885568.0,97.0,0.0,100.0,3.0,100.0,0.0,89.0,830165109.0,84.0,14351.0,100.0,0.0,100.0,2.0,,,,,100.0,0.0,100.0,0.0,,,74.0,26.0,,,100.0,187.0,100.0,1144.0,26.0,26.0,100.0,0.0,100.0,0.0,200.0,0.0,100.0,14018.0,100.0,65375228320.0,100.0,123048249468.0
2019-08-16,ZJV00F8H,ST12000NM0007,12000138625024,0,81.0,136475568.0,97.0,0.0,100.0,3.0,100.0,0.0,89.0,831805609.0,84.0,14367.0,100.0,0.0,100.0,2.0,,,,,100.0,0.0,100.0,0.0,,,75.0,25.0,,,100.0,187.0,100.0,1144.0,25.0,25.0,100.0,0.0,100.0,0.0,200.0,0.0,100.0,14033.0,100.0,65410470648.0,100.0,123202737940.0
2019-08-17,ZJV00F8H,ST12000NM0007,12000138625024,0,80.0,108116330.0,96.0,0.0,100.0,4.0,100.0,0.0,89.0,835364744.0,84.0,14399.0,100.0,0.0,100.0,3.0,,,,,100.0,0.0,100.0,0.0,,,74.0,26.0,,,100.0,187.0,100.0,1151.0,26.0,26.0,100.0,0.0,100.0,0.0,200.0,0.0,100.0,14065.0,100.0,65469418224.0,100.0,123603712638.0
2019-08-18,ZJV00F8H,ST12000NM0007,12000138625024,0,83.0,181523280.0,96.0,0.0,100.0,4.0,100.0,0.0,89.0,838265433.0,84.0,14415.0,100.0,0.0,100.0,3.0,,,,,100.0,0.0,100.0,0.0,,,74.0,26.0,,,100.0,187.0,100.0,1151.0,26.0,26.0,100.0,0.0,100.0,0.0,200.0,0.0,100.0,14081.0,100.0,65519224536.0,100.0,124115594710.0
2019-08-19,ZJV00F8H,ST12000NM0007,12000138625024,0,82.0,144776312.0,96.0,0.0,100.0,4.0,100.0,0.0,89.0,844567785.0,84.0,14446.0,100.0,0.0,100.0,3.0,,,,,100.0,0.0,100.0,0.0,,,75.0,25.0,,,100.0,187.0,100.0,1153.0,25.0,25.0,100.0,0.0,100.0,0.0,200.0,0.0,100.0,14112.0,100.0,65583147640.0,100.0,125235628190.0
2019-08-20,ZJV00F8H,ST12000NM0007,12000138625024,0,83.0,221752048.0,96.0,0.0,100.0,4.0,100.0,0.0,89.0,846924649.0,84.0,14462.0,100.0,0.0,100.0,3.0,,,,,100.0,0.0,100.0,0.0,,,75.0,25.0,,,100.0,187.0,100.0,1153.0,25.0,25.0,100.0,0.0,100.0,0.0,200.0,0.0,100.0,14128.0,100.0,65614686096.0,100.0,125769347102.0
2019-08-21,ZJV00F8H,ST12000NM0007,12000138625024,0,80.0,109981424.0,96.0,0.0,100.0,4.0,100.0,0.0,89.0,853201224.0,84.0,14494.0,100.0,0.0,100.0,3.0,,,,,100.0,0.0,100.0,0.0,,,74.0,26.0,,,100.0,187.0,100.0,1155.0,26.0,26.0,100.0,0.0,100.0,0.0,200.0,0.0,100.0,14160.0,100.0,65702876296.0,100.0,126545949582.0
2019-08-22,ZJV00F8H,ST12000NM0007,12000138625024,0,82.0,146667736.0,96.0,0.0,100.0,4.0,100.0,0.0,89.0,855673375.0,84.0,14510.0,100.0,0.0,100.0,3.0,,,,,100.0,0.0,100.0,0.0,,,74.0,26.0,,,100.0,187.0,100.0,1155.0,26.0,26.0,100.0,0.0,100.0,0.0,200.0,0.0,100.0,14176.0,100.0,65744691608.0,100.0,127029102198.0
2019-08-23,ZJV00F8H,ST12000NM0007,12000138625024,0,82.0,156975600.0,96.0,0.0,100.0,4.0,100.0,0.0,89.0,861286076.0,84.0,14542.0,100.0,0.0,100.0,3.0,,,,,100.0,0.0,100.0,0.0,,,75.0,25.0,,,100.0,188.0,100.0,1157.0,25.0,25.0,100.0,0.0,100.0,0.0,200.0,0.0,100.0,14207.0,100.0,65829779416.0,100.0,127930885766.0
2019-08-24,ZJV00F8H,ST12000NM0007,12000138625024,0,81.0,116294760.0,96.0,0.0,100.0,4.0,100.0,0.0,89.0,863435026.0,84.0,14557.0,100.0,0.0,100.0,3.0,,,,,100.0,0.0,100.0,0.0,,,75.0,25.0,,,100.0,188.0,100.0,1157.0,25.0,25.0,100.0,0.0,100.0,0.0,200.0,0.0,100.0,14223.0,100.0,65868084336.0,100.0,128340181638.0
2019-08-25,ZJV00F8H,ST12000NM0007,12000138625024,0,81.0,132607848.0,96.0,0.0,100.0,4.0,100.0,0.0,89.0,868612103.0,84.0,14589.0,100.0,0.0,100.0,3.0,,,,,100.0,0.0,100.0,0.0,,,74.0,26.0,,,100.0,188.0,100.0,1159.0,26.0,26.0,100.0,0.0,100.0,0.0,200.0,0.0,100.0,14255.0,100.0,65945600944.0,100.0,129255541334.0
2019-08-26,ZJV00F8H,ST12000NM0007,12000138625024,0,81.0,128993008.0,96.0,0.0,100.0,4.0,100.0,0.0,89.0,875415964.0,84.0,14637.0,100.0,0.0,100.0,3.0,,,,,100.0,0.0,100.0,0.0,,,75.0,25.0,,,100.0,188.0,100.0,1161.0,25.0,25.0,100.0,0.0,100.0,0.0,200.0,0.0,100.0,14302.0,100.0,66054860344.0,100.0,130607511222.0
2019-08-27,ZJV00F8H,ST12000NM0007,12000138625024,0,81.0,128993008.0,96.0,0.0,100.0,4.0,100.0,0.0,89.0,875415964.0,84.0,14637.0,100.0,0.0,100.0,3.0,,,,,100.0,0.0,100.0,0.0,,,75.0,25.0,,,100.0,188.0,100.0,1161.0,25.0,25.0,100.0,0.0,100.0,0.0,200.0,0.0,100.0,14302.0,100.0,66054860344.0,100.0,130607511222.0
2019-08-28,ZJV00F8H,ST12000NM0007,12000138625024,0,80.0,99028770.0,96.0,0.0,100.0,4.0,100.0,0.0,89.0,879294940.0,84.0,14653.0,100.0,0.0,100.0,3.0,,,,,100.0,0.0,100.0,0.0,,,75.0,25.0,,,100.0,188.0,100.0,1161.0,25.0,25.0,100.0,0.0,100.0,0.0,200.0,0.0,100.0,14318.0,100.0,66101600920.0,100.0,130774947040.0
2019-08-29,ZJV00F8H,ST12000NM0007,12000138625024,0,84.0,227341848.0,94.0,0.0,100.0,5.0,100.0,0.0,89.0,884288452.0,84.0,14685.0,100.0,0.0,100.0,4.0,,,,,100.0,0.0,100.0,0.0,,,74.0,26.0,,,100.0,188.0,100.0,1164.0,26.0,26.0,100.0,0.0,100.0,0.0,200.0,0.0,100.0,14350.0,100.0,66191951960.0,100.0,131789473210.0
2019-08-30,ZJV00F8H,ST12000NM0007,12000138625024,0,80.0,107615176.0,94.0,0.0,100.0,5.0,100.0,0.0,89.0,886815294.0,84.0,14701.0,100.0,0.0,100.0,4.0,,,,,100.0,0.0,100.0,0.0,,,74.0,26.0,,,100.0,188.0,100.0,1164.0,26.0,26.0,100.0,0.0,100.0,0.0,200.0,0.0,100.0,14366.0,100.0,66227360912.0,100.0,132366760122.0
2019-08-31,ZJV00F8H,ST12000NM0007,12000138625024,0,76.0,37478632.0,94.0,0.0,100.0,5.0,100.0,0.0,90.0,891782420.0,84.0,14733.0,100.0,0.0,100.0,4.0,,,,,100.0,0.0,100.0,0.0,,,74.0,26.0,,,100.0,189.0,100.0,1166.0,26.0,26.0,100.0,0.0,100.0,0.0,200.0,0.0,100.0,14398.0,100.0,66305329048.0,100.0,133439359370.0
2019-09-01,ZJV00F8H,ST12000NM0007,12000138625024,0,80.0,104512168.0,94.0,0.0,100.0,5.0,100.0,0.0,90.0,894215146.0,84.0,14749.0,100.0,0.0,100.0,4.0,,,,,100.0,0.0,100.0,0.0,,,74.0,26.0,,,100.0,189.0,100.0,1166.0,26.0,26.0,100.0,0.0,100.0,0.0,200.0,0.0,100.0,14413.0,100.0,66343134872.0,100.0,133956868850.0
2019-09-02,ZJV00F8H,ST12000NM0007,12000138625024,0,81.0,139002440.0,94.0,0.0,100.0,5.0,100.0,0.0,90.0,900987230.0,84.0,14780.0,100.0,0.0,100.0,4.0,,,,,100.0,0.0,100.0,0.0,,,75.0,25.0,,,100.0,189.0,100.0,1168.0,25.0,25.0,100.0,0.0,100.0,0.0,200.0,0.0,100.0,14445.0,100.0,66431708352.0,100.0,134879348482.0
2019-09-03,ZJV00F8H,ST12000NM0007,12000138625024,0,81.0,138852928.0,94.0,0.0,100.0,5.0,100.0,0.0,90.0,903398543.0,84.0,14796.0,100.0,0.0,100.0,4.0,,,,,100.0,0.0,100.0,0.0,,,75.0,25.0,,,100.0,189.0,100.0,1168.0,25.0,25.0,100.0,0.0,100.0,0.0,200.0,0.0,100.0,14460.0,100.0,66469009632.0,100.0,135330179170.0
2019-09-04,ZJV00F8H,ST12000NM0007,12000138625024,0,71.0,11324392.0,94.0,0.0,100.0,5.0,100.0,0.0,90.0,909003897.0,84.0,14828.0,100.0,0.0,100.0,4.0,,,,,100.0,0.0,100.0,0.0,,,74.0,26.0,,,100.0,189.0,100.0,1170.0,26.0,26.0,100.0,0.0,100.0,0.0,200.0,0.0,100.0,14492.0,100.0,66564575504.0,100.0,135839507530.0
2019-09-05,ZJV00F8H,ST12000NM0007,12000138625024,0,78.0,65302952.0,94.0,0.0,100.0,5.0,100.0,0.0,90.0,912731357.0,84.0,14860.0,100.0,0.0,100.0,4.0,,,,,100.0,0.0,100.0,0.0,,,75.0,25.0,,,100.0,189.0,100.0,1171.0,25.0,25.0,100.0,0.0,100.0,0.0,200.0,0.0,100.0,14524.0,100.0,66642287240.0,100.0,136548197010.0
2019-09-06,ZJV00F8H,ST12000NM0007,12000138625024,0,82.0,159346192.0,94.0,0.0,100.0,5.0,100.0,0.0,90.0,914877081.0,84.0,14875.0,100.0,0.0,100.0,4.0,,,,,100.0,0.0,100.0,0.0,,,75.0,25.0,,,100.0,190.0,100.0,1172.0,25.0,25.0,100.0,0.0,100.0,0.0,200.0,0.0,100.0,14539.0,100.0,66683514120.0,100.0,136845154202.0
2019-09-07,ZJV00F8H,ST12000NM0007,12000138625024,0,84.0,235854056.0,94.0,0.0,100.0,5.0,100.0,0.0,90.0,916895560.0,84.0,14891.0,100.0,0.0,100.0,4.0,,,,,100.0,0.0,100.0,0.0,,,75.0,25.0,,,100.0,190.0,100.0,1172.0,25.0,25.0,100.0,0.0,100.0,0.0,200.0,0.0,100.0,14555.0,100.0,66727766360.0,100.0,137121550490.0
2019-09-08,ZJV00F8H,ST12000NM0007,12000138625024,0,82.0,157565240.0,93.0,0.0,100.0,6.0,100.0,0.0,90.0,922395874.0,83.0,14923.0,100.0,0.0,100.0,5.0,,,,,100.0,0.0,100.0,0.0,,,75.0,25.0,,,100.0,191.0,100.0,1175.0,25.0,25.0,100.0,0.0,100.0,0.0,200.0,0.0,100.0,14587.0,100.0,66824561488.0,100.0,137923029710.0
2019-09-09,ZJV00F8H,ST12000NM0007,12000138625024,0,83.0,208998312.0,93.0,0.0,100.0,6.0,100.0,0.0,90.0,925343256.0,83.0,14939.0,100.0,0.0,100.0,5.0,,,,,100.0,0.0,100.0,0.0,,,75.0,25.0,,,100.0,191.0,100.0,1175.0,25.0,25.0,100.0,0.0,100.0,0.0,200.0,0.0,100.0,14603.0,100.0,66864399424.0,100.0,138178765478.0
2019-09-10,ZJV00F8H,ST12000NM0007,12000138625024,0,74.0,26288816.0,93.0,0.0,100.0,6.0,100.0,0.0,90.0,930929013.0,83.0,14971.0,100.0,0.0,100.0,5.0,,,,,100.0,0.0,100.0,0.0,,,75.0,25.0,,,100.0,192.0,100.0,1177.0,25.0,25.0,100.0,0.0,100.0,0.0,200.0,0.0,100.0,14634.0,100.0,66926524576.0,100.0,138910493934.0
2019-09-11,ZJV00F8H,ST12000NM0007,12000138625024,0,84.0,233723800.0,93.0,0.0,100.0,6.0,100.0,0.0,90.0,934674805.0,83.0,14987.0,100.0,0.0,100.0,5.0,,,,,100.0,0.0,100.0,0.0,,,75.0,25.0,,,100.0,192.0,100.0,1177.0,25.0,25.0,100.0,0.0,100.0,0.0,200.0,0.0,100.0,14650.0,100.0,66987831296.0,100.0,139056622198.0
2019-09-12,ZJV00F8H,ST12000NM0007,12000138625024,0,72.0,17675360.0,93.0,0.0,100.0,6.0,100.0,0.0,90.0,941049609.0,83.0,15018.0,100.0,0.0,100.0,5.0,,,,,100.0,0.0,100.0,0.0,,,74.0,26.0,,,100.0,192.0,100.0,1179.0,26.0,26.0,100.0,0.0,100.0,0.0,200.0,0.0,100.0,14681.0,100.0,67041661608.0,100.0,139763306646.0
2019-09-13,ZJV00F8H,ST12000NM0007,12000138625024,0,82.0,175128984.0,93.0,0.0,100.0,6.0,100.0,0.0,90.0,944394890.0,83.0,15034.0,100.0,0.0,100.0,5.0,,,,,100.0,0.0,100.0,0.0,,,74.0,26.0,,,100.0,192.0,100.0,1179.0,26.0,26.0,100.0,0.0,100.0,0.0,200.0,0.0,100.0,14697.0,100.0,67078659296.0,100.0,140127903238.0
2019-09-14,ZJV00F8H,ST12000NM0007,12000138625024,0,75.0,34963368.0,93.0,0.0,100.0,6.0,100.0,0.0,90.0,951443876.0,83.0,15066.0,100.0,0.0,100.0,5.0,,,,,100.0,0.0,100.0,0.0,,,74.0,26.0,,,100.0,193.0,100.0,1181.0,26.0,26.0,100.0,0.0,100.0,0.0,200.0,0.0,100.0,14729.0,100.0,67137307960.0,100.0,140661511206.0
2019-09-15,ZJV00F8H,ST12000NM0007,12000138625024,0,81.0,126870928.0,93.0,0.0,100.0,6.0,100.0,0.0,90.0,954230819.0,83.0,15082.0,100.0,0.0,100.0,5.0,,,,,100.0,0.0,100.0,0.0,,,74.0,26.0,,,100.0,193.0,100.0,1181.0,26.0,26.0,100.0,0.0,100.0,0.0,200.0,0.0,100.0,14745.0,100.0,67168081272.0,100.0,140966786294.0
2019-09-16,ZJV00F8H,ST12000NM0007,12000138625024,0,73.0,18387256.0,93.0,0.0,100.0,6.0,100.0,0.0,90.0,961047288.0,83.0,15113.0,100.0,0.0,100.0,5.0,,,,,100.0,0.0,100.0,0.0,,,74.0,26.0,,,100.0,193.0,100.0,1183.0,26.0,26.0,100.0,0.0,100.0,0.0,200.0,0.0,100.0,14776.0,100.0,67224247768.0,100.0,141534558550.0
2019-09-17,ZJV00F8H,ST12000NM0007,12000138625024,0,81.0,136239024.0,93.0,0.0,100.0,6.0,100.0,0.0,90.0,963714388.0,83.0,15129.0,100.0,0.0,100.0,5.0,,,,,100.0,0.0,100.0,0.0,,,75.0,25.0,,,100.0,193.0,100.0,1183.0,25.0,25.0,100.0,0.0,100.0,0.0,200.0,0.0,100.0,14792.0,100.0,67247736352.0,100.0,141873062782.0
2019-09-18,ZJV00F8H,ST12000NM0007,12000138625024,0,78.0,65940248.0,93.0,0.0,100.0,6.0,100.0,0.0,90.0,969196357.0,83.0,15161.0,100.0,0.0,100.0,5.0,,,,,100.0,0.0,100.0,0.0,,,75.0,25.0,,,100.0,195.0,100.0,1185.0,25.0,25.0,100.0,0.0,100.0,0.0,200.0,0.0,100.0,14823.0,100.0,67297739360.0,100.0,142241042502.0
2019-09-19,ZJV00F8H,ST12000NM0007,12000138625024,0,83.0,209288160.0,93.0,0.0,100.0,6.0,100.0,0.0,90.0,975493750.0,83.0,15193.0,100.0,0.0,100.0,5.0,,,,,100.0,0.0,100.0,0.0,,,75.0,25.0,,,100.0,195.0,100.0,1186.0,25.0,25.0,100.0,0.0,100.0,0.0,200.0,0.0,100.0,14855.0,100.0,67350348120.0,100.0,143064204038.0
2019-09-20,ZJV00F8H,ST12000NM0007,12000138625024,0,83.0,205468296.0,93.0,0.0,100.0,6.0,100.0,0.0,90.0,977651866.0,83.0,15208.0,100.0,0.0,100.0,5.0,,,,,100.0,0.0,100.0,0.0,,,76.0,24.0,,,100.0,196.0,100.0,1187.0,24.0,24.0,100.0,0.0,100.0,0.0,200.0,0.0,100.0,14871.0,100.0,67376291016.0,100.0,143278581934.0
2019-09-21,ZJV00F8H,ST12000NM0007,12000138625024,0,79.0,73307872.0,93.0,0.0,100.0,6.0,100.0,0.0,90.0,984127396.0,83.0,15240.0,100.0,0.0,100.0,5.0,,,,,100.0,0.0,100.0,0.0,,,75.0,25.0,,,100.0,196.0,100.0,1188.0,25.0,25.0,100.0,0.0,100.0,0.0,200.0,0.0,100.0,14902.0,100.0,67435019672.0,100.0,144064255846.0
2019-09-22,ZJV00F8H,ST12000NM0007,12000138625024,0,81.0,135941144.0,93.0,0.0,100.0,6.0,100.0,0.0,90.0,987157225.0,83.0,15256.0,100.0,0.0,100.0,5.0,,,,,100.0,0.0,100.0,0.0,,,75.0,25.0,,,100.0,196.0,100.0,1189.0,25.0,25.0,100.0,0.0,100.0,0.0,200.0,0.0,100.0,14918.0,100.0,67476262392.0,100.0,144329787094.0
2019-09-23,ZJV00F8H,ST12000NM0007,12000138625024,0,81.0,127208536.0,93.0,0.0,100.0,6.0,100.0,0.0,90.0,993742956.0,83.0,15288.0,100.0,0.0,100.0,5.0,,,,,100.0,0.0,100.0,0.0,,,75.0,25.0,,,100.0,196.0,100.0,1190.0,25.0,25.0,100.0,0.0,100.0,0.0,200.0,0.0,100.0,14950.0,100.0,67496477472.0,100.0,145033261454.0
2019-09-24,ZJV00F8H,ST12000NM0007,12000138625024,0,76.0,38393584.0,93.0,0.0,100.0,6.0,100.0,0.0,90.0,995079557.0,83.0,15304.0,100.0,0.0,100.0,5.0,,,,,100.0,0.0,100.0,0.0,,,76.0,24.0,,,100.0,197.0,100.0,1191.0,24.0,24.0,100.0,0.0,100.0,0.0,200.0,0.0,100.0,14965.0,100.0,67500962824.0,100.0,145184101910.0
2019-09-25,ZJV00F8H,ST12000NM0007,12000138625024,0,78.0,63341048.0,93.0,0.0,100.0,6.0,100.0,0.0,60.0,1060831.0,83.0,15335.0,100.0,0.0,100.0,5.0,,,,,100.0,0.0,100.0,0.0,,,75.0,25.0,,,100.0,198.0,100.0,1192.0,25.0,25.0,100.0,0.0,100.0,0.0,200.0,0.0,100.0,14997.0,100.0,67533679184.0,100.0,145664614486.0
2019-09-26,ZJV00F8H,ST12000NM0007,12000138625024,0,83.0,219000032.0,93.0,0.0,100.0,6.0,100.0,0.0,66.0,4322584.0,83.0,15351.0,100.0,0.0,100.0,5.0,,,,,100.0,0.0,100.0,0.0,,,76.0,24.0,,,100.0,198.0,100.0,1192.0,24.0,24.0,100.0,0.0,100.0,0.0,200.0,0.0,100.0,15013.0,100.0,67550842640.0,100.0,146047250798.0
2019-09-27,ZJV00F8H,ST12000NM0007,12000138625024,0,79.0,75030760.0,93.0,0.0,100.0,6.0,100.0,0.0,69.0,8765954.0,83.0,15383.0,100.0,0.0,100.0,5.0,,,,,100.0,0.0,100.0,0.0,,,75.0,25.0,,,100.0,198.0,100.0,1194.0,25.0,25.0,100.0,0.0,100.0,0.0,200.0,0.0,100.0,15044.0,100.0,67573398376.0,100.0,146613148054.0
2019-09-28,ZJV00F8H,ST12000NM0007,12000138625024,0,83.0,186718904.0,93.0,0.0,100.0,6.0,100.0,0.0,71.0,11587941.0,83.0,15399.0,100.0,0.0,100.0,5.0,,,,,100.0,0.0,100.0,0.0,,,75.0,25.0,,,100.0,198.0,100.0,1194.0,25.0,25.0,100.0,0.0,100.0,0.0,200.0,0.0,100.0,15060.0,100.0,67588736920.0,100.0,146953638590.0
2019-09-29,ZJV00F8H,ST12000NM0007,12000138625024,0,77.0,53028624.0,93.0,0.0,100.0,6.0,100.0,0.0,72.0,17721379.0,83.0,15430.0,100.0,0.0,100.0,5.0,,,,,100.0,0.0,100.0,0.0,,,75.0,25.0,,,100.0,200.0,100.0,1196.0,25.0,25.0,100.0,0.0,100.0,0.0,200.0,0.0,100.0,15092.0,100.0,67629579528.0,100.0,147511528030.0
2019-09-30,ZJV00F8H,ST12000NM0007,12000138625024,0,83.0,184836712.0,93.0,0.0,100.0,6.0,100.0,0.0,73.0,21409941.0,83.0,15446.0,100.0,0.0,100.0,5.0,,,,,100.0,0.0,100.0,0.0,,,75.0,25.0,,,100.0,200.0,100.0,1196.0,25.0,25.0,100.0,0.0,100.0,0.0,200.0,0.0,100.0,15108.0,100.0,67645801096.0,100.0,147871255262.0
2019-10-01,ZJV00F8H,ST12000NM0007,12000138625024,0,73.0,20673760.0,93.0,0.0,100.0,6.0,100.0,0.0,74.0,26114107.0,83.0,15478.0,100.0,0.0,100.0,5.0,,,,,100.0,0.0,100.0,0.0,,,75.0,25.0,,,100.0,201.0,100.0,1198.0,25.0,25.0,100.0,0.0,100.0,0.0,200.0,0.0,100.0,15139.0,100.0,67681815872.0,100.0,148403499894.0
2019-10-02,ZJV00F8H,ST12000NM0007,12000138625024,0,83.0,182575128.0,93.0,0.0,100.0,6.0,100.0,0.0,75.0,29545820.0,83.0,15494.0,100.0,0.0,100.0,5.0,,,,,100.0,0.0,100.0,0.0,,,75.0,25.0,,,100.0,201.0,100.0,1198.0,25.0,25.0,100.0,0.0,100.0,0.0,200.0,0.0,100.0,15155.0,100.0,67702002992.0,100.0,148545214142.0
2019-10-03,ZJV00F8H,ST12000NM0007,12000138625024,0,82.0,173164200.0,93.0,0.0,100.0,6.0,100.0,0.0,75.0,33637873.0,83.0,15525.0,100.0,0.0,100.0,5.0,,,,,100.0,0.0,100.0,0.0,,,76.0,24.0,,,100.0,201.0,100.0,1200.0,24.0,24.0,100.0,0.0,100.0,0.0,200.0,0.0,100.0,15186.0,100.0,67749966864.0,100.0,148976120814.0
2019-10-04,ZJV00F8H,ST12000NM0007,12000138625024,0,79.0,80599664.0,93.0,0.0,100.0,6.0,100.0,0.0,75.0,35320789.0,83.0,15541.0,100.0,0.0,100.0,5.0,,,,,100.0,0.0,100.0,0.0,,,76.0,24.0,,,100.0,201.0,100.0,1201.0,24.0,24.0,100.0,0.0,100.0,0.0,200.0,0.0,100.0,15202.0,100.0,67794224072.0,100.0,149083439814.0
2019-10-05,ZJV00F8H,ST12000NM0007,12000138625024,0,76.0,40860664.0,93.0,0.0,100.0,6.0,100.0,0.0,76.0,40937005.0,83.0,15573.0,100.0,0.0,100.0,5.0,,,,,100.0,0.0,100.0,0.0,,,75.0,25.0,,,100.0,201.0,100.0,1202.0,25.0,25.0,100.0,0.0,100.0,0.0,200.0,0.0,100.0,15233.0,100.0,67911920072.0,100.0,149414286454.0
2019-10-06,ZJV00F8H,ST12000NM0007,12000138625024,0,83.0,215705400.0,93.0,0.0,100.0,6.0,100.0,0.0,76.0,43049913.0,83.0,15589.0,100.0,0.0,100.0,5.0,,,,,100.0,0.0,100.0,0.0,,,75.0,25.0,,,100.0,201.0,100.0,1203.0,25.0,25.0,100.0,0.0,100.0,0.0,200.0,0.0,100.0,15249.0,100.0,67945058112.0,100.0,149555993150.0
2019-10-07,ZJV00F8H,ST12000NM0007,12000138625024,0,82.0,154603016.0,93.0,0.0,100.0,6.0,100.0,0.0,77.0,49002393.0,83.0,15620.0,100.0,0.0,100.0,5.0,,,,,100.0,0.0,100.0,0.0,,,76.0,24.0,,,100.0,201.0,100.0,1204.0,24.0,24.0,100.0,0.0,100.0,0.0,200.0,0.0,100.0,15281.0,100.0,68016397160.0,100.0,149911833254.0
2019-10-08,ZJV00F8H,ST12000NM0007,12000138625024,0,80.0,102239600.0,93.0,0.0,100.0,6.0,100.0,0.0,77.0,50928061.0,83.0,15636.0,100.0,0.0,100.0,5.0,,,,,100.0,0.0,100.0,0.0,,,76.0,24.0,,,100.0,202.0,100.0,1205.0,24.0,24.0,100.0,0.0,100.0,0.0,200.0,0.0,100.0,15296.0,100.0,68055319296.0,100.0,150064688358.0
2019-10-09,ZJV00F8H,ST12000NM0007,12000138625024,0,83.0,207730848.0,93.0,0.0,100.0,6.0,100.0,0.0,78.0,56509018.0,83.0,15668.0,100.0,0.0,100.0,5.0,,,,,100.0,0.0,100.0,0.0,,,75.0,25.0,,,100.0,202.0,100.0,1206.0,25.0,25.0,100.0,0.0,100.0,0.0,200.0,0.0,100.0,15328.0,100.0,68146494360.0,100.0,150323145182.0
2019-10-10,ZJV00F8H,ST12000NM0007,12000138625024,0,64.0,2677544.0,93.0,0.0,100.0,6.0,100.0,0.0,78.0,61339188.0,83.0,15699.0,100.0,0.0,100.0,5.0,,,,,100.0,0.0,100.0,0.0,,,76.0,24.0,,,100.0,203.0,100.0,1208.0,24.0,24.0,100.0,0.0,100.0,0.0,200.0,0.0,100.0,15359.0,100.0,68256436960.0,100.0,150740571622.0
2019-10-11,ZJV00F8H,ST12000NM0007,12000138625024,0,83.0,209479386.0,93.0,0.0,100.0,6.0,100.0,0.0,78.0,64597619.0,83.0,15715.0,100.0,0.0,100.0,5.0,,,,,100.0,0.0,100.0,0.0,,,75.0,25.0,,,100.0,203.0,100.0,1208.0,25.0,25.0,100.0,0.0,100.0,0.0,200.0,0.0,100.0,15375.0,100.0,68277821784.0,100.0,151170129456.0
2019-10-12,ZJV00F8H,ST12000NM0007,12000138625024,0,81.0,123139440.0,93.0,0.0,100.0,6.0,100.0,0.0,78.0,70013247.0,83.0,15747.0,100.0,0.0,100.0,5.0,,,,,100.0,0.0,100.0,0.0,,,76.0,24.0,,,100.0,204.0,100.0,1210.0,24.0,24.0,100.0,0.0,100.0,0.0,200.0,0.0,100.0,15406.0,100.0,68338189616.0,100.0,151755843744.0
2019-10-13,ZJV00F8H,ST12000NM0007,12000138625024,0,82.0,154724184.0,93.0,0.0,100.0,6.0,100.0,0.0,79.0,73182356.0,83.0,15763.0,100.0,0.0,100.0,5.0,,,,,100.0,0.0,100.0,0.0,,,75.0,25.0,,,100.0,204.0,100.0,1210.0,25.0,25.0,100.0,0.0,100.0,0.0,200.0,0.0,100.0,15422.0,100.0,68370473656.0,100.0,151999285232.0
2019-10-14,ZJV00F8H,ST12000NM0007,12000138625024,0,76.0,39957744.0,93.0,0.0,100.0,6.0,100.0,0.0,79.0,77035225.0,82.0,15794.0,100.0,0.0,100.0,5.0,,,,,100.0,0.0,100.0,0.0,,,76.0,24.0,,,100.0,206.0,100.0,1212.0,24.0,24.0,100.0,0.0,100.0,0.0,200.0,0.0,100.0,15453.0,100.0,68402757840.0,100.0,152340516320.0
2019-10-15,ZJV00F8H,ST12000NM0007,12000138625024,0,81.0,123257408.0,93.0,0.0,100.0,6.0,100.0,0.0,79.0,83708306.0,82.0,15842.0,100.0,0.0,100.0,5.0,,,,,100.0,0.0,100.0,0.0,,,76.0,24.0,,,100.0,206.0,100.0,1214.0,24.0,24.0,100.0,0.0,100.0,0.0,200.0,0.0,100.0,15501.0,100.0,68448557688.0,100.0,152866297760.0
2019-10-16,ZJV00F8H,ST12000NM0007,12000138625024,0,81.0,123257408.0,93.0,0.0,100.0,6.0,100.0,0.0,79.0,83708306.0,82.0,15842.0,100.0,0.0,100.0,5.0,,,,,100.0,0.0,100.0,0.0,,,76.0,24.0,,,100.0,206.0,100.0,1214.0,24.0,24.0,100.0,0.0,100.0,0.0,200.0,0.0,100.0,15501.0,100.0,68448557688.0,100.0,152866297760.0
2019-10-17,ZJV00F8H,ST12000NM0007,12000138625024,0,78.0,64195896.0,92.0,0.0,100.0,7.0,100.0,0.0,79.0,86388097.0,82.0,15862.0,100.0,0.0,100.0,6.0,,,,,100.0,0.0,100.0,0.0,,,75.0,25.0,,,100.0,206.0,100.0,1218.0,25.0,25.0,100.0,0.0,100.0,0.0,200.0,0.0,100.0,15517.0,100.0,68464772600.0,100.0,153035162034.0
2019-10-18,ZJV00F8H,ST12000NM0007,12000138625024,0,84.0,243700778.0,92.0,0.0,100.0,7.0,100.0,0.0,79.0,88971087.0,82.0,15878.0,100.0,0.0,100.0,6.0,,,,,100.0,0.0,100.0,0.0,,,76.0,24.0,,,100.0,206.0,100.0,1219.0,24.0,24.0,100.0,0.0,100.0,0.0,200.0,0.0,100.0,15532.0,100.0,68478154936.0,100.0,153201284580.0
2019-10-19,ZJV00F8H,ST12000NM0007,12000138625024,0,82.0,157943144.0,92.0,0.0,100.0,7.0,100.0,0.0,80.0,92078369.0,82.0,15909.0,100.0,0.0,100.0,6.0,,,,,100.0,0.0,100.0,0.0,,,76.0,24.0,,,100.0,206.0,100.0,1220.0,24.0,24.0,100.0,0.0,100.0,0.0,200.0,0.0,100.0,15564.0,100.0,68488937296.0,100.0,153593026116.0
2019-10-20,ZJV00F8H,ST12000NM0007,12000138625024,0,81.0,137743168.0,92.0,0.0,100.0,7.0,100.0,0.0,80.0,94521839.0,82.0,15925.0,100.0,0.0,100.0,6.0,,,,,100.0,0.0,100.0,0.0,,,75.0,25.0,,,100.0,206.0,100.0,1221.0,25.0,25.0,100.0,0.0,100.0,0.0,200.0,0.0,100.0,15580.0,100.0,68507643144.0,100.0,153798261028.0
2019-10-21,ZJV00F8H,ST12000NM0007,12000138625024,0,80.0,94944768.0,92.0,0.0,100.0,7.0,100.0,0.0,80.0,100758528.0,82.0,15957.0,100.0,0.0,100.0,6.0,,,,,100.0,0.0,100.0,0.0,,,76.0,24.0,,,100.0,206.0,100.0,1222.0,24.0,24.0,100.0,0.0,100.0,0.0,200.0,0.0,100.0,15611.0,100.0,68555638976.0,100.0,154195748116.0
2019-10-22,ZJV00F8H,ST12000NM0007,12000138625024,0,77.0,50626112.0,92.0,0.0,100.0,7.0,100.0,0.0,80.0,103024182.0,82.0,15973.0,100.0,0.0,100.0,6.0,,,,,100.0,0.0,100.0,0.0,,,76.0,24.0,,,100.0,207.0,100.0,1223.0,24.0,24.0,100.0,0.0,100.0,0.0,200.0,0.0,100.0,15627.0,100.0,68574490888.0,100.0,154376718396.0
2019-10-23,ZJV00F8H,ST12000NM0007,12000138625024,0,81.0,127482840.0,92.0,0.0,100.0,7.0,100.0,0.0,80.0,108563711.0,82.0,16004.0,100.0,0.0,100.0,6.0,,,,,100.0,0.0,100.0,0.0,,,76.0,24.0,,,100.0,207.0,100.0,1224.0,24.0,24.0,100.0,0.0,100.0,0.0,200.0,0.0,100.0,15659.0,100.0,68615784856.0,100.0,154656421788.0
2019-10-24,ZJV00F8H,ST12000NM0007,12000138625024,0,79.0,74730264.0,92.0,0.0,100.0,7.0,100.0,0.0,80.0,110463028.0,82.0,16020.0,100.0,0.0,100.0,6.0,,,,,100.0,0.0,100.0,0.0,,,76.0,24.0,,,100.0,208.0,100.0,1225.0,24.0,24.0,100.0,0.0,100.0,0.0,200.0,0.0,100.0,15675.0,100.0,68626762880.0,100.0,154836831956.0
2019-10-25,ZJV00F8H,ST12000NM0007,12000138625024,0,75.0,29203864.0,92.0,0.0,100.0,7.0,100.0,0.0,81.0,114914033.0,82.0,16052.0,100.0,0.0,100.0,6.0,,,,,100.0,0.0,100.0,0.0,,,76.0,24.0,,,100.0,209.0,100.0,1227.0,24.0,24.0,100.0,0.0,100.0,0.0,200.0,0.0,100.0,15706.0,100.0,68662447304.0,100.0,155243902662.0
2019-10-26,ZJV00F8H,ST12000NM0007,12000138625024,0,83.0,185146640.0,92.0,0.0,100.0,7.0,100.0,0.0,81.0,116706746.0,82.0,16068.0,100.0,0.0,100.0,6.0,,,,,100.0,0.0,100.0,0.0,,,76.0,24.0,,,100.0,209.0,100.0,1227.0,24.0,24.0,100.0,0.0,100.0,0.0,200.0,0.0,100.0,15722.0,100.0,68675414800.0,100.0,155386877942.0
2019-10-27,ZJV00F8H,ST12000NM0007,12000138625024,0,82.0,155114408.0,92.0,0.0,100.0,7.0,100.0,0.0,81.0,122456989.0,82.0,16099.0,100.0,0.0,100.0,6.0,,,,,100.0,0.0,100.0,0.0,,,75.0,25.0,,,100.0,210.0,100.0,1229.0,25.0,25.0,100.0,0.0,100.0,0.0,200.0,0.0,100.0,15753.0,100.0,68711891592.0,100.0,155808650422.0
2019-10-28,ZJV00F8H,ST12000NM0007,12000138625024,0,83.0,178915752.0,92.0,0.0,100.0,7.0,100.0,0.0,81.0,125295367.0,82.0,16115.0,100.0,0.0,100.0,6.0,,,,,100.0,0.0,100.0,0.0,,,76.0,24.0,,,100.0,210.0,100.0,1229.0,24.0,24.0,100.0,0.0,100.0,0.0,200.0,0.0,100.0,15769.0,100.0,68730091512.0,100.0,156058392606.0
2019-10-29,ZJV00F8H,ST12000NM0007,12000138625024,0,82.0,163931760.0,92.0,0.0,100.0,7.0,100.0,0.0,81.0,127781733.0,82.0,16131.0,100.0,0.0,100.0,6.0,,,,,100.0,0.0,100.0,0.0,,,76.0,24.0,,,100.0,211.0,100.0,1230.0,24.0,24.0,100.0,0.0,100.0,0.0,200.0,0.0,100.0,15785.0,100.0,68751594912.0,100.0,156266045894.0
2019-10-30,ZJV00F8H,ST12000NM0007,12000138625024,0,78.0,64950960.0,92.0,0.0,100.0,7.0,100.0,0.0,81.0,133990304.0,82.0,16163.0,100.0,0.0,100.0,6.0,,,,,100.0,0.0,100.0,0.0,,,76.0,24.0,,,100.0,212.0,100.0,1231.0,24.0,24.0,100.0,0.0,100.0,0.0,200.0,0.0,100.0,15817.0,100.0,68801927816.0,100.0,156605013534.0
2019-10-31,ZJV00F8H,ST12000NM0007,12000138625024,0,84.0,236254024.0,92.0,0.0,100.0,7.0,100.0,0.0,81.0,138450204.0,82.0,16194.0,100.0,0.0,100.0,6.0,,,,,100.0,0.0,100.0,0.0,,,75.0,25.0,,,100.0,212.0,100.0,1232.0,25.0,25.0,100.0,0.0,100.0,0.0,200.0,0.0,100.0,15848.0,100.0,68864084272.0,100.0,156958300886.0
2019-11-01,ZJV00F8H,ST12000NM0007,12000138625024,0,73.0,19812056.0,92.0,0.0,100.0,7.0,100.0,0.0,82.0,142382128.0,82.0,16210.0,100.0,0.0,100.0,6.0,,,,,100.0,0.0,100.0,0.0,,,74.0,26.0,,,100.0,212.0,100.0,1233.0,26.0,26.0,100.0,0.0,100.0,0.0,200.0,0.0,100.0,15864.0,100.0,68872352248.0,100.0,157466013230.0
2019-11-02,ZJV00F8H,ST12000NM0007,12000138625024,0,81.0,113456568.0,92.0,0.0,100.0,7.0,100.0,0.0,82.0,145065698.0,82.0,16241.0,100.0,0.0,100.0,6.0,,,,,100.0,0.0,100.0,0.0,,,74.0,26.0,,,100.0,212.0,100.0,1234.0,26.0,26.0,100.0,0.0,100.0,0.0,200.0,0.0,100.0,15895.0,100.0,68889962560.0,100.0,157786188150.0
2019-11-03,ZJV00F8H,ST12000NM0007,12000138625024,0,79.0,81441912.0,92.0,0.0,100.0,7.0,100.0,0.0,82.0,146586430.0,82.0,16257.0,100.0,0.0,100.0,6.0,,,,,100.0,0.0,100.0,0.0,,,74.0,26.0,,,100.0,212.0,100.0,1235.0,26.0,26.0,100.0,0.0,100.0,0.0,200.0,0.0,100.0,15911.0,100.0,68910936824.0,100.0,157977339918.0
2019-11-04,ZJV00F8H,ST12000NM0007,12000138625024,0,80.0,101942248.0,92.0,0.0,100.0,7.0,100.0,0.0,82.0,151489921.0,82.0,16289.0,100.0,0.0,100.0,6.0,,,,,100.0,0.0,100.0,0.0,,,75.0,25.0,,,100.0,212.0,100.0,1236.0,25.0,25.0,100.0,0.0,100.0,0.0,200.0,0.0,100.0,15942.0,100.0,68945665792.0,100.0,158451392662.0
2019-11-06,ZJV00F8H,ST12000NM0007,12000138625024,0,82.0,175542528.0,92.0,0.0,100.0,7.0,100.0,16.0,82.0,157169355.0,82.0,16336.0,100.0,0.0,100.0,6.0,,,,,100.0,0.0,100.0,0.0,,,76.0,24.0,,,100.0,212.0,100.0,1238.0,24.0,24.0,100.0,0.0,100.0,0.0,200.0,0.0,100.0,15989.0,100.0,68980474544.0,100.0,158978465606.0
2019-11-07,ZJV00F8H,ST12000NM0007,12000138625024,0,79.0,78343208.0,92.0,0.0,100.0,7.0,100.0,16.0,82.0,159914228.0,82.0,16368.0,100.0,0.0,100.0,6.0,,,,,100.0,0.0,100.0,0.0,,,76.0,24.0,,,100.0,212.0,100.0,1240.0,24.0,24.0,100.0,0.0,100.0,0.0,200.0,0.0,100.0,16021.0,100.0,69003389792.0,100.0,159346633078.0
2019-11-08,ZJV00F8H,ST12000NM0007,12000138625024,0,76.0,40586224.0,92.0,0.0,100.0,7.0,100.0,16.0,82.0,161737416.0,82.0,16384.0,100.0,0.0,100.0,6.0,,,,,100.0,0.0,100.0,0.0,,,72.0,28.0,,,100.0,212.0,100.0,1240.0,28.0,28.0,100.0,0.0,100.0,0.0,200.0,0.0,100.0,16036.0,100.0,69016908184.0,100.0,159539498790.0
2019-11-09,ZJV00F8H,ST12000NM0007,12000138625024,0,82.0,160757944.0,92.0,0.0,100.0,7.0,100.0,16.0,82.0,165560414.0,82.0,16415.0,100.0,0.0,100.0,6.0,,,,,100.0,0.0,100.0,0.0,,,76.0,24.0,,,100.0,213.0,100.0,1242.0,24.0,24.0,100.0,0.0,100.0,0.0,200.0,0.0,100.0,16068.0,100.0,69041074600.0,100.0,159879645094.0
2019-11-10,ZJV00F8H,ST12000NM0007,12000138625024,0,82.0,142460280.0,92.0,0.0,100.0,7.0,100.0,16.0,82.0,167516620.0,82.0,16431.0,100.0,0.0,100.0,6.0,,,,,100.0,0.0,100.0,0.0,,,76.0,24.0,,,100.0,213.0,100.0,1242.0,24.0,24.0,100.0,0.0,100.0,0.0,200.0,0.0,100.0,16084.0,100.0,69050691792.0,100.0,160095871006.0
2019-11-11,ZJV00F8H,ST12000NM0007,12000138625024,0,75.0,29018248.0,92.0,0.0,100.0,7.0,100.0,16.0,82.0,170965578.0,82.0,16463.0,100.0,0.0,100.0,6.0,,,,,100.0,0.0,100.0,0.0,,,77.0,23.0,,,100.0,214.0,100.0,1244.0,23.0,23.0,100.0,0.0,100.0,0.0,200.0,0.0,100.0,16115.0,100.0,69061673728.0,100.0,160459728758.0
2019-11-12,ZJV00F8H,ST12000NM0007,12000138625024,0,84.0,242387864.0,92.0,0.0,100.0,7.0,100.0,16.0,82.0,172291754.0,82.0,16479.0,100.0,0.0,100.0,6.0,,,,,100.0,0.0,100.0,0.0,,,76.0,24.0,,,100.0,214.0,100.0,1244.0,24.0,24.0,100.0,0.0,100.0,0.0,200.0,0.0,100.0,16131.0,100.0,69071651416.0,100.0,160663120686.0
2019-11-13,ZJV00F8H,ST12000NM0007,12000138625024,0,79.0,81544792.0,92.0,0.0,100.0,7.0,100.0,24.0,83.0,178635885.0,82.0,16510.0,100.0,0.0,100.0,6.0,,,,,100.0,0.0,100.0,0.0,,,76.0,24.0,,,100.0,215.0,100.0,1246.0,24.0,24.0,100.0,0.0,100.0,0.0,200.0,0.0,100.0,16162.0,100.0,69095200904.0,100.0,160967010054.0
2019-11-14,ZJV00F8H,ST12000NM0007,12000138625024,0,70.0,9364128.0,92.0,0.0,100.0,7.0,100.0,24.0,83.0,180071054.0,82.0,16526.0,100.0,0.0,100.0,6.0,,,,,100.0,0.0,100.0,0.0,,,75.0,25.0,,,100.0,215.0,100.0,1246.0,25.0,25.0,100.0,0.0,100.0,0.0,200.0,0.0,100.0,16178.0,100.0,69110685632.0,100.0,161123485302.0
2019-11-15,ZJV00F8H,ST12000NM0007,12000138625024,0,82.0,158942128.0,92.0,0.0,100.0,7.0,100.0,24.0,83.0,182947596.0,82.0,16558.0,100.0,0.0,100.0,6.0,,,,,100.0,0.0,100.0,0.0,,,76.0,24.0,,,100.0,216.0,100.0,1248.0,24.0,24.0,100.0,0.0,100.0,0.0,200.0,0.0,100.0,16209.0,100.0,69148163048.0,100.0,161479726694.0
2019-11-16,ZJV00F8H,ST12000NM0007,12000138625024,0,81.0,134374200.0,92.0,0.0,100.0,7.0,100.0,24.0,83.0,184670056.0,82.0,16573.0,100.0,0.0,100.0,6.0,,,,,100.0,0.0,100.0,0.0,,,75.0,25.0,,,100.0,216.0,100.0,1248.0,25.0,25.0,100.0,0.0,100.0,0.0,200.0,0.0,100.0,16225.0,100.0,69167111616.0,100.0,161680351270.0
2019-11-17,ZJV00F8H,ST12000NM0007,12000138625024,0,78.0,70172096.0,92.0,0.0,100.0,7.0,100.0,24.0,83.0,188301939.0,82.0,16605.0,100.0,0.0,100.0,6.0,,,,,100.0,0.0,100.0,0.0,,,74.0,26.0,,,100.0,218.0,100.0,1250.0,26.0,26.0,100.0,0.0,100.0,0.0,200.0,0.0,100.0,16256.0,100.0,69213862160.0,100.0,162057680022.0
2019-11-18,ZJV00F8H,ST12000NM0007,12000138625024,1,70.0,11132616.0,92.0,0.0,100.0,7.0,100.0,24.0,83.0,191196823.0,82.0,16621.0,100.0,0.0,100.0,6.0,,,,,100.0,0.0,100.0,0.0,,,75.0,25.0,,,100.0,218.0,100.0,1250.0,25.0,25.0,100.0,0.0,100.0,0.0,200.0,0.0,100.0,16272.0,100.0,69240598744.0,100.0,162216044782.0
