2019-01-01,S301GPTQ,ST4000DM000,4000787030016,0,112,42433608,,,96,0,100,4,100,0,87,483193803,,,67,29212,100,0,,,100,4,,,,,,,,,,,,,,,,,,,,,,,,,,,,,,,100,0,100,0,100,0,100,0,100,0,79,21,100,0,100,0,93,14299,21,21,,,,,100,0,100,0,200,0,,,,,,,,,,,,,,,,,,,,,,,,,,,100,28935,100,52873140736,100,112445918508,,,,,,,,,,
2019-01-02,S301GPTQ,ST4000DM000,4000787030016,0,116,102823664,,,96,0,100,4,100,0,87,484242453,,,67,29237,100,0,,,100,4,,,,,,,,,,,,,,,,,,,,,,,,,,,,,,,100,0,100,0,100,0,100,0,100,0,79,21,100,0,100,0,93,14299,21,21,,,,,100,0,100,0,200,0,,,,,,,,,,,,,,,,,,,,,,,,,,,100,28960,100,52886881440,100,112583330289,,,,,,,,,,
2019-01-03,S301GPTQ,ST4000DM000,4000787030016,0,119,204606608,,,96,0,100,4,100,0,87,485923442,,,67,29261,100,0,,,100,4,,,,,,,,,,,,,,,,,,,,,,,,,,,,,,,100,0,100,0,100,0,100,0,100,0,75,25,100,0,100,0,93,14299,25,25,,,,,100,0,100,0,200,0,,,,,,,,,,,,,,,,,,,,,,,,,,,100,28984,100,52908334424,100,112672767299,,,,,,,,,,
2019-01-04,S301GPTQ,ST4000DM000,4000787030016,0,117,130436344,,,96,0,100,4,100,0,87,486980189,,,67,29285,100,0,,,100,4,,,,,,,,,,,,,,,,,,,,,,,,,,,,,,,100,0,100,0,100,0,100,0,100,0,77,23,100,0,100,0,93,14299,23,23,,,,,100,0,100,0,200,0,,,,,,,,,,,,,,,,,,,,,,,,,,,100,29008,100,52929105056,100,112756217935,,,,,,,,,,
2019-01-05,S301GPTQ,ST4000DM000,4000787030016,0,108,20317472,,,96,0,100,4,100,0,87,487957493,,,67,29309,100,0,,,100,4,,,,,,,,,,,,,,,,,,,,,,,,,,,,,,,100,0,100,0,100,0,100,0,100,0,77,23,100,0,100,0,93,14299,23,23,,,,,100,0,100,0,200,0,,,,,,,,,,,,,,,,,,,,,,,,,,,100,29032,100,52950497824,100,112866009653,,,,,,,,,,
2019-01-06,S301GPTQ,ST4000DM000,4000787030016,0,117,136869600,,,96,0,100,4,100,0,87,488862304,,,67,29332,100,0,,,100,4,,,,,,,,,,,,,,,,,,,,,,,,,,,,,,,100,0,100,0,100,0,100,0,100,0,75,25,100,0,100,0,93,14299,25,25,,,,,100,0,100,0,200,0,,,,,,,,,,,,,,,,,,,,,,,,,,,100,29056,100,52971548064,100,112965591464,,,,,,,,,,
2019-01-07,S301GPTQ,ST4000DM000,4000787030016,0,118,169611480,,,96,0,100,4,100,0,87,490125561,,,67,29357,100,0,,,100,4,,,,,,,,,,,,,,,,,,,,,,,,,,,,,,,100,0,100,0,100,0,100,0,100,0,75,25,100,0,100,0,93,14299,25,25,,,,,100,0,100,0,200,0,,,,,,,,,,,,,,,,,,,,,,,,,,,100,29080,100,52986570728,100,113118673326,,,,,,,,,,
2019-01-08,S301GPTQ,ST4000DM000,4000787030016,0,118,180244064,,,96,0,100,4,100,0,87,492501668,,,67,29380,100,0,,,100,4,,,,,,,,,,,,,,,,,,,,,,,,,,,,,,,100,0,100,0,100,0,100,0,100,0,78,22,100,0,100,0,93,14299,22,22,,,,,100,0,100,0,200,0,,,,,,,,,,,,,,,,,,,,,,,,,,,100,29103,100,53014652120,100,113272123477,,,,,,,,,,
2019-01-09,S301GPTQ,ST4000DM000,4000787030016,0,108,18863528,,,96,0,100,4,100,0,87,493852082,,,67,29404,100,0,,,100,4,,,,,,,,,,,,,,,,,,,,,,,,,,,,,,,100,0,100,0,100,0,100,0,100,0,78,22,100,0,100,0,93,14299,22,22,,,,,100,0,100,0,200,0,,,,,,,,,,,,,,,,,,,,,,,,,,,100,29128,100,53048688864,100,113439360552,,,,,,,,,,
2019-01-10,S301GPTQ,ST4000DM000,4000787030016,0,120,235463112,,,96,0,100,4,100,0,87,494752132,,,67,29421,100,0,,,100,4,,,,,,,,,,,,,,,,,,,,,,,,,,,,,,,100,0,100,0,100,0,100,0,100,0,79,21,100,0,100,0,93,14299,21,21,,,,,100,0,100,0,200,0,,,,,,,,,,,,,,,,,,,,,,,,,,,100,29144,100,53066014352,100,113502576885,,,,,,,,,,
2019-01-11,S301GPTQ,ST4000DM000,4000787030016,0,119,214287248,,,96,0,100,4,100,0,87,495768300,,,67,29444,100,0,,,100,4,,,,,,,,,,,,,,,,,,,,,,,,,,,,,,,100,0,100,0,100,0,100,0,100,0,77,23,100,0,100,0,93,14299,23,23,,,,,100,0,100,0,200,0,,,,,,,,,,,,,,,,,,,,,,,,,,,100,29167,100,53089850432,100,113619285634,,,,,,,,,,
2019-01-12,S301GPTQ,ST4000DM000,4000787030016,0,119,210526392,,,96,0,100,4,100,0,87,496903284,,,67,29468,100,0,,,100,4,,,,,,,,,,,,,,,,,,,,,,,,,,,,,,,100,0,100,0,100,0,100,0,100,0,77,23,100,0,100,0,93,14299,23,23,,,,,100,0,100,0,200,0,,,,,,,,,,,,,,,,,,,,,,,,,,,100,29191,100,53110322504,100,113754210000,,,,,,,,,,
2019-01-13,S301GPTQ,ST4000DM000,4000787030016,0,116,116060072,,,96,0,100,4,100,0,87,497821424,,,67,29491,100,0,,,100,4,,,,,,,,,,,,,,,,,,,,,,,,,,,,,,,100,0,100,0,100,0,100,0,100,0,77,23,100,0,100,0,93,14299,23,23,,,,,100,0,100,0,200,0,,,,,,,,,,,,,,,,,,,,,,,,,,,100,29214,100,53126451864,100,113883122304,,,,,,,,,,
2019-01-14,S301GPTQ,ST4000DM000,4000787030016,0,119,216095560,,,96,0,100,4,100,0,87,498899491,,,67,29515,100,0,,,100,4,,,,,,,,,,,,,,,,,,,,,,,,,,,,,,,100,0,100,0,100,0,100,0,100,0,77,23,100,0,100,0,93,14299,23,23,,,,,100,0,100,0,200,0,,,,,,,,,,,,,,,,,,,,,,,,,,,100,29238,100,53150612848,100,113998770140,,,,,,,,,,
2019-01-15,S301GPTQ,ST4000DM000,4000787030016,0,119,1208952,,,96,0,100,4,100,0,87,500774212,,,67,29538,100,0,,,100,4,,,,,,,,,,,,,,,,,,,,,,,,,,,,,,,100,0,100,0,100,0,100,0,100,0,76,24,100,0,100,0,93,14299,24,24,,,,,100,0,100,0,200,0,,,,,,,,,,,,,,,,,,,,,,,,,,,100,29262,100,53160184112,100,114170423535,,,,,,,,,,
2019-01-16,S301GPTQ,ST4000DM000,4000787030016,0,118,192357600,,,96,0,100,4,100,0,87,502255624,,,67,29562,100,0,,,100,4,,,,,,,,,,,,,,,,,,,,,,,,,,,,,,,100,0,100,0,100,0,100,0,100,0,77,23,100,0,100,0,93,14299,23,23,,,,,100,0,100,0,200,0,,,,,,,,,,,,,,,,,,,,,,,,,,,100,29286,100,53176256512,100,114232084414,,,,,,,,,,
2019-01-17,S301GPTQ,ST4000DM000,4000787030016,0,114,62488752,,,96,0,100,4,100,0,87,503397880,,,67,29586,100,0,,,100,4,,,,,,,,,,,,,,,,,,,,,,,,,,,,,,,100,0,100,0,100,0,100,0,100,0,79,21,100,0,100,0,93,14299,21,21,,,,,100,0,100,0,200,0,,,,,,,,,,,,,,,,,,,,,,,,,,,100,29309,100,53194741048,100,114359297940,,,,,,,,,,
2019-01-18,S301GPTQ,ST4000DM000,4000787030016,0,118,180340608,,,96,0,100,4,100,0,87,504868418,,,67,29610,100,0,,,100,4,,,,,,,,,,,,,,,,,,,,,,,,,,,,,,,100,0,100,0,100,0,100,0,100,0,79,21,100,0,100,0,93,14299,21,21,,,,,100,0,100,0,200,0,,,,,,,,,,,,,,,,,,,,,,,,,,,100,29333,100,53214883304,100,114392973705,,,,,,,,,,
2019-01-19,S301GPTQ,ST4000DM000,4000787030016,0,117,120589200,,,96,0,100,4,100,0,87,505527025,,,67,29634,100,0,,,100,4,,,,,,,,,,,,,,,,,,,,,,,,,,,,,,,100,0,100,0,100,0,100,0,100,0,79,21,100,0,100,0,93,14299,21,21,,,,,100,0,100,0,200,0,,,,,,,,,,,,,,,,,,,,,,,,,,,100,29357,100,53235488968,100,114452150412,,,,,,,,,,
2019-01-20,S301GPTQ,ST4000DM000,4000787030016,0,118,196360736,,,96,0,100,4,100,0,87,506539526,,,67,29658,100,0,,,100,4,,,,,,,,,,,,,,,,,,,,,,,,,,,,,,,100,0,100,0,100,0,100,0,100,0,78,22,100,0,100,0,93,14299,22,22,,,,,100,0,100,0,200,0,,,,,,,,,,,,,,,,,,,,,,,,,,,100,29381,100,53256748592,100,114559661668,,,,,,,,,,
2019-01-21,S301GPTQ,ST4000DM000,4000787030016,0,117,142469792,,,96,0,100,4,100,0,87,509423982,,,67,29682,100,0,,,100,4,,,,,,,,,,,,,,,,,,,,,,,,,,,,,,,100,0,100,0,100,0,100,0,100,0,78,22,100,0,100,0,93,14299,22,22,,,,,100,0,100,0,200,0,,,,,,,,,,,,,,,,,,,,,,,,,,,100,29405,100,53276582656,100,114686468667,,,,,,,,,,
2019-01-22,S301GPTQ,ST4000DM000,4000787030016,0,118,168844448,,,96,0,100,4,100,0,87,510762988,,,67,29706,100,0,,,100,4,,,,,,,,,,,,,,,,,,,,,,,,,,,,,,,100,0,100,0,100,0,100,0,100,0,76,24,100,0,100,0,93,14299,24,24,,,,,100,0,100,0,200,0,,,,,,,,,,,,,,,,,,,,,,,,,,,100,29429,100,53296029600,100,114754041547,,,,,,,,,,
2019-01-23,S301GPTQ,ST4000DM000,4000787030016,0,116,113575304,,,96,0,100,4,100,0,87,512702348,,,67,29741,100,0,,,100,4,,,,,,,,,,,,,,,,,,,,,,,,,,,,,,,100,0,100,0,100,0,100,0,100,0,76,24,100,0,100,0,93,14299,24,24,,,,,100,0,100,0,200,0,,,,,,,,,,,,,,,,,,,,,,,,,,,100,29465,100,53332225344,100,114878798060,,,,,,,,,,
2019-01-24,S301GPTQ,ST4000DM000,4000787030016,0,114,63389688,,,96,0,100,4,100,0,87,513902590,,,67,29765,100,0,,,100,4,,,,,,,,,,,,,,,,,,,,,,,,,,,,,,,100,0,100,0,100,0,100,0,100,0,77,23,100,0,100,0,93,14299,23,23,,,,,100,0,100,0,200,0,,,,,,,,,,,,,,,,,,,,,,,,,,,100,29488,100,53358035016,100,114957214808,,,,,,,,,,
2019-01-25,S301GPTQ,ST4000DM000,4000787030016,0,118,194228696,,,96,0,100,4,100,0,87,515340280,,,66,29789,100,0,,,100,4,,,,,,,,,,,,,,,,,,,,,,,,,,,,,,,100,0,100,0,100,0,100,0,100,0,77,23,100,0,100,0,93,14299,23,23,,,,,100,0,100,0,200,0,,,,,,,,,,,,,,,,,,,,,,,,,,,100,29512,100,53374349368,100,115052874268,,,,,,,,,,
2019-01-26,S301GPTQ,ST4000DM000,4000787030016,0,110,27174176,,,96,0,100,4,100,0,87,517637800,,,66,29814,100,0,,,100,4,,,,,,,,,,,,,,,,,,,,,,,,,,,,,,,100,0,100,0,100,0,100,0,100,0,77,23,100,0,100,0,93,14299,23,23,,,,,100,0,100,0,200,0,,,,,,,,,,,,,,,,,,,,,,,,,,,100,29537,100,53396306752,100,115347713454,,,,,,,,,,
2019-01-27,S301GPTQ,ST4000DM000,4000787030016,0,119,201959552,,,96,0,100,4,100,0,87,519790921,,,66,29838,100,0,,,100,4,,,,,,,,,,,,,,,,,,,,,,,,,,,,,,,100,0,100,0,100,0,100,0,100,0,78,22,100,0,100,0,93,14299,22,22,,,,,100,0,100,0,200,0,,,,,,,,,,,,,,,,,,,,,,,,,,,100,29561,100,53423219600,100,115601388783,,,,,,,,,,
2019-01-28,S301GPTQ,ST4000DM000,4000787030016,0,105,8495344,,,96,0,100,4,100,0,87,522207608,,,66,29862,100,0,,,100,4,,,,,,,,,,,,,,,,,,,,,,,,,,,,,,,100,0,100,0,100,0,100,0,100,0,77,23,100,0,100,0,93,14299,23,23,,,,,100,0,100,0,200,0,,,,,,,,,,,,,,,,,,,,,,,,,,,100,29585,100,53450250368,100,115890692466,,,,,,,,,,
2019-01-29,S301GPTQ,ST4000DM000,4000787030016,0,111,40837512,,,96,0,100,4,100,0,87,525804823,,,66,29886,100,0,,,100,4,,,,,,,,,,,,,,,,,,,,,,,,,,,,,,,100,0,100,0,100,0,100,0,100,0,77,23,100,0,100,0,93,14299,23,23,,,,,100,0,100,0,200,0,,,,,,,,,,,,,,,,,,,,,,,,,,,100,29609,100,53473912176,100,116079144570,,,,,,,,,,
2019-01-30,S301GPTQ,ST4000DM000,4000787030016,0,114,66885168,,,96,0,100,4,100,0,87,528350846,,,66,29910,100,0,,,100,4,,,,,,,,,,,,,,,,,,,,,,,,,,,,,,,100,0,100,0,100,0,100,0,100,0,77,23,100,0,100,0,93,14299,23,23,,,,,100,0,100,0,200,0,,,,,,,,,,,,,,,,,,,,,,,,,,,100,29633,100,53487515792,100,116182169506,,,,,,,,,,
2019-01-31,S301GPTQ,ST4000DM000,4000787030016,0,117,162393216,,,96,0,100,4,100,0,87,529071107,,,66,29922,100,0,,,100,4,,,,,,,,,,,,,,,,,,,,,,,,,,,,,,,100,0,100,0,100,0,100,0,100,0,77,23,100,0,100,0,93,14299,23,23,,,,,100,0,100,0,200,0,,,,,,,,,,,,,,,,,,,,,,,,,,,100,29645,100,53498394672,100,116288393026,,,,,,,,,,
2019-02-01,S301GPTQ,ST4000DM000,4000787030016,0,117,139733088,,,96,0,100,4,100,0,87,531199261,,,66,29945,100,0,,,100,4,,,,,,,,,,,,,,,,,,,,,,,,,,,,,,,100,0,100,0,100,0,100,0,100,0,77,23,100,0,100,0,93,14299,23,23,,,,,100,0,100,0,200,0,,,,,,,,,,,,,,,,,,,,,,,,,,,100,29668,100,53513026392,100,116627712536,,,,,,,,,,
2019-02-02,S301GPTQ,ST4000DM000,4000787030016,0,119,212482552,,,96,0,100,4,100,0,87,533457689,,,66,29969,100,0,,,100,4,,,,,,,,,,,,,,,,,,,,,,,,,,,,,,,100,0,100,0,100,0,100,0,100,0,77,23,100,0,100,0,93,14299,23,23,,,,,100,0,100,0,200,0,,,,,,,,,,,,,,,,,,,,,,,,,,,100,29692,100,53533322616,100,117017085709,,,,,,,,,,
2019-02-03,S301GPTQ,ST4000DM000,4000787030016,0,118,180005472,,,96,0,100,4,100,0,87,535773790,,,66,29993,100,0,,,100,4,,,,,,,,,,,,,,,,,,,,,,,,,,,,,,,100,0,100,0,100,0,100,0,100,0,77,23,100,0,100,0,93,14299,23,23,,,,,100,0,100,0,200,0,,,,,,,,,,,,,,,,,,,,,,,,,,,100,29716,100,53556872360,100,117410351724,,,,,,,,,,
2019-02-04,S301GPTQ,ST4000DM000,4000787030016,0,116,106810864,,,96,0,100,4,100,0,87,537477886,,,66,30016,100,0,,,100,4,,,,,,,,,,,,,,,,,,,,,,,,,,,,,,,100,0,100,0,100,0,100,0,100,0,76,24,100,0,100,0,93,14299,24,24,,,,,100,0,100,0,200,0,,,,,,,,,,,,,,,,,,,,,,,,,,,100,29740,100,53580083112,100,117942736730,,,,,,,,,,
2019-02-05,S301GPTQ,ST4000DM000,4000787030016,0,111,31219456,,,96,0,100,4,100,0,87,539913291,,,66,30040,100,0,,,100,4,,,,,,,,,,,,,,,,,,,,,,,,,,,,,,,100,0,100,0,100,0,100,0,100,0,76,24,100,0,100,0,93,14299,24,24,,,,,100,0,100,0,200,0,,,,,,,,,,,,,,,,,,,,,,,,,,,100,29764,100,53599414864,100,118404243781,,,,,,,,,,
2019-02-06,S301GPTQ,ST4000DM000,4000787030016,0,113,51809336,,,96,0,100,4,100,0,87,542928880,,,66,30064,100,0,,,100,4,,,,,,,,,,,,,,,,,,,,,,,,,,,,,,,100,0,100,0,100,0,100,0,100,0,77,23,100,0,100,0,93,14299,23,23,,,,,100,0,100,0,200,0,,,,,,,,,,,,,,,,,,,,,,,,,,,100,29788,100,53622533952,100,118732962116,,,,,,,,,,
2019-02-07,S301GPTQ,ST4000DM000,4000787030016,0,118,200786136,,,96,0,100,4,100,0,87,545895801,,,66,30088,100,0,,,100,4,,,,,,,,,,,,,,,,,,,,,,,,,,,,,,,100,0,100,0,100,0,100,0,100,0,75,25,100,0,100,0,93,14299,25,25,,,,,100,0,100,0,200,0,,,,,,,,,,,,,,,,,,,,,,,,,,,100,29812,100,53644133768,100,119091076763,,,,,,,,,,
2019-02-08,S301GPTQ,ST4000DM000,4000787030016,0,112,46907240,,,96,0,100,4,100,0,87,548136187,,,66,30113,100,0,,,100,4,,,,,,,,,,,,,,,,,,,,,,,,,,,,,,,100,0,100,0,100,0,100,0,100,0,75,25,100,0,100,0,93,14299,25,25,,,,,100,0,100,0,200,0,,,,,,,,,,,,,,,,,,,,,,,,,,,100,29836,100,53660989832,100,119442920954,,,,,,,,,,
2019-02-09,S301GPTQ,ST4000DM000,4000787030016,0,111,32037608,,,96,0,100,4,100,0,87,550587114,,,66,30136,100,0,,,100,4,,,,,,,,,,,,,,,,,,,,,,,,,,,,,,,100,0,100,0,100,0,100,0,100,0,75,25,100,0,100,0,93,14299,25,25,,,,,100,0,100,0,200,0,,,,,,,,,,,,,,,,,,,,,,,,,,,100,29860,100,53680616304,100,119828201483,,,,,,,,,,
2019-02-10,S301GPTQ,ST4000DM000,4000787030016,0,114,81916088,,,96,0,100,4,100,0,87,552947225,,,66,30162,100,0,,,100,4,,,,,,,,,,,,,,,,,,,,,,,,,,,,,,,100,0,100,0,100,0,100,0,100,0,78,22,100,0,100,0,93,14299,22,22,,,,,100,0,100,0,200,0,,,,,,,,,,,,,,,,,,,,,,,,,,,100,29885,100,53709160136,100,120173659748,,,,,,,,,,
2019-02-11,S301GPTQ,ST4000DM000,4000787030016,0,117,154465824,,,96,0,100,4,100,0,87,555554620,,,66,30186,100,0,,,100,4,,,,,,,,,,,,,,,,,,,,,,,,,,,,,,,100,0,100,0,100,0,100,0,100,0,79,21,100,0,100,0,93,14299,21,21,,,,,100,0,100,0,200,0,,,,,,,,,,,,,,,,,,,,,,,,,,,100,29909,100,53733586400,100,120568635028,,,,,,,,,,
2019-02-12,S301GPTQ,ST4000DM000,4000787030016,0,116,103536288,,,96,0,100,4,100,0,87,558213856,,,66,30210,100,0,,,100,4,,,,,,,,,,,,,,,,,,,,,,,,,,,,,,,100,0,100,0,100,0,100,0,100,0,77,23,100,0,100,0,93,14299,23,23,,,,,100,0,100,0,200,0,,,,,,,,,,,,,,,,,,,,,,,,,,,100,29933,100,53750302384,100,120815615391,,,,,,,,,,
2019-02-13,S301GPTQ,ST4000DM000,4000787030016,0,109,22631224,,,96,0,100,4,100,0,87,560571048,,,66,30233,100,0,,,100,4,,,,,,,,,,,,,,,,,,,,,,,,,,,,,,,100,0,100,0,100,0,100,0,100,0,78,22,100,0,100,0,93,14299,22,22,,,,,100,0,100,0,200,0,,,,,,,,,,,,,,,,,,,,,,,,,,,100,29957,100,53770614736,100,121090589524,,,,,,,,,,
2019-02-14,S301GPTQ,ST4000DM000,4000787030016,0,117,126836368,,,96,0,100,4,100,0,87,562592263,,,66,30257,100,0,,,100,4,,,,,,,,,,,,,,,,,,,,,,,,,,,,,,,100,0,100,0,100,0,100,0,100,0,80,20,100,0,100,0,93,14299,20,20,,,,,100,0,100,0,200,0,,,,,,,,,,,,,,,,,,,,,,,,,,,100,29980,100,53809514904,100,121315761840,,,,,,,,,,
2019-02-15,S301GPTQ,ST4000DM000,4000787030016,0,118,176729152,,,96,0,100,4,100,0,87,564371525,,,66,30281,100,0,,,100,4,,,,,,,,,,,,,,,,,,,,,,,,,,,,,,,100,0,100,0,100,0,100,0,100,0,79,21,100,0,100,0,93,14299,21,21,,,,,100,0,100,0,200,0,,,,,,,,,,,,,,,,,,,,,,,,,,,100,30004,100,53833099520,100,121373271580,,,,,,,,,,
2019-02-16,S301GPTQ,ST4000DM000,4000787030016,0,117,139952640,,,96,0,100,4,100,0,87,566861967,,,66,30305,100,0,,,100,4,,,,,,,,,,,,,,,,,,,,,,,,,,,,,,,100,0,100,0,100,0,100,0,100,0,79,21,100,0,100,0,93,14299,21,21,,,,,100,0,100,0,200,0,,,,,,,,,,,,,,,,,,,,,,,,,,,100,30028,100,53850165040,100,121692958305,,,,,,,,,,
2019-02-17,S301GPTQ,ST4000DM000,4000787030016,0,117,157200152,,,96,0,100,4,100,0,87,569027919,,,66,30329,100,0,,,100,4,,,,,,,,,,,,,,,,,,,,,,,,,,,,,,,100,0,100,0,100,0,100,0,100,0,79,21,100,0,100,0,93,14299,21,21,,,,,100,0,100,0,200,0,,,,,,,,,,,,,,,,,,,,,,,,,,,100,30052,100,53871176064,100,121956425320,,,,,,,,,,
2019-02-18,S301GPTQ,ST4000DM000,4000787030016,0,115,96953496,,,96,0,100,4,100,0,87,571872168,,,66,30353,100,0,,,100,4,,,,,,,,,,,,,,,,,,,,,,,,,,,,,,,100,0,100,0,100,0,100,0,100,0,74,26,100,0,100,0,93,14299,26,26,,,,,100,0,100,0,200,0,,,,,,,,,,,,,,,,,,,,,,,,,,,100,30076,100,53896787104,100,122263839663,,,,,,,,,,
2019-02-19,S301GPTQ,ST4000DM000,4000787030016,0,112,43061408,,,96,0,100,4,100,0,87,574128505,,,66,30377,100,0,,,100,4,,,,,,,,,,,,,,,,,,,,,,,,,,,,,,,100,0,100,0,100,0,100,0,100,0,74,26,100,0,100,0,93,14299,26,26,,,,,100,0,100,0,200,0,,,,,,,,,,,,,,,,,,,,,,,,,,,100,30100,100,53920544200,100,122456499525,,,,,,,,,,
2019-02-20,S301GPTQ,ST4000DM000,4000787030016,0,108,14892592,,,96,0,100,4,100,0,87,576624551,,,66,30401,100,0,,,100,4,,,,,,,,,,,,,,,,,,,,,,,,,,,,,,,100,0,100,0,100,0,100,0,100,0,73,27,100,0,100,0,93,14299,27,27,,,,,100,0,100,0,200,0,,,,,,,,,,,,,,,,,,,,,,,,,,,100,30124,100,53945186168,100,122707680080,,,,,,,,,,
2019-02-21,S301GPTQ,ST4000DM000,4000787030016,0,117,141890952,,,96,0,100,4,100,0,87,580451879,,,66,30436,100,0,,,100,4,,,,,,,,,,,,,,,,,,,,,,,,,,,,,,,100,0,100,0,100,0,100,0,100,0,77,23,100,0,100,0,93,14299,23,23,,,,,100,0,100,0,200,0,,,,,,,,,,,,,,,,,,,,,,,,,,,100,30160,100,53972106072,100,123124972604,,,,,,,,,,
2019-02-22,S301GPTQ,ST4000DM000,4000787030016,0,117,167482208,,,96,0,100,4,100,0,87,583063394,,,66,30460,100,0,,,100,4,,,,,,,,,,,,,,,,,,,,,,,,,,,,,,,100,0,100,0,100,0,100,0,100,0,78,22,100,0,100,0,93,14299,22,22,,,,,100,0,100,0,200,0,,,,,,,,,,,,,,,,,,,,,,,,,,,100,30183,100,53993061872,100,123418941062,,,,,,,,,,
2019-02-23,S301GPTQ,ST4000DM000,4000787030016,0,114,83391496,,,96,0,100,4,100,0,87,585201533,,,66,30484,100,0,,,100,4,,,,,,,,,,,,,,,,,,,,,,,,,,,,,,,100,0,100,0,100,0,100,0,100,0,76,24,100,0,100,0,93,14299,24,24,,,,,100,0,100,0,200,0,,,,,,,,,,,,,,,,,,,,,,,,,,,100,30207,100,54010654728,100,123851303221,,,,,,,,,,
2019-02-24,S301GPTQ,ST4000DM000,4000787030016,0,116,104697328,,,96,0,100,4,100,0,87,586754828,,,66,30508,100,0,,,100,4,,,,,,,,,,,,,,,,,,,,,,,,,,,,,,,100,0,100,0,100,0,100,0,100,0,76,24,100,0,100,0,93,14299,24,24,,,,,100,0,100,0,200,0,,,,,,,,,,,,,,,,,,,,,,,,,,,100,30231,100,54023766192,100,124365081701,,,,,,,,,,
2019-02-25,S301GPTQ,ST4000DM000,4000787030016,0,114,77557152,,,96,0,100,4,100,0,87,589423706,,,66,30532,100,0,,,100,4,,,,,,,,,,,,,,,,,,,,,,,,,,,,,,,100,0,100,0,100,0,100,0,100,0,76,24,100,0,100,0,93,14299,24,24,,,,,100,0,100,0,200,0,,,,,,,,,,,,,,,,,,,,,,,,,,,100,30255,100,54044595696,100,124918455507,,,,,,,,,,
2019-02-26,S301GPTQ,ST4000DM000,4000787030016,0,117,138822744,,,96,0,100,4,100,0,87,592684168,,,66,30556,100,0,,,100,4,,,,,,,,,,,,,,,,,,,,,,,,,,,,,,,100,0,100,0,100,0,100,0,100,0,75,25,100,0,100,0,93,14299,25,25,,,,,100,0,100,0,200,0,,,,,,,,,,,,,,,,,,,,,,,,,,,100,30279,100,54062152144,100,125141712349,,,,,,,,,,
2019-02-27,S301GPTQ,ST4000DM000,4000787030016,0,115,97594128,,,96,0,100,4,100,0,87,595607893,,,66,30580,100,0,,,100,4,,,,,,,,,,,,,,,,,,,,,,,,,,,,,,,100,0,100,0,100,0,100,0,100,0,76,24,100,0,100,0,93,14299,24,24,,,,,100,0,100,0,200,0,,,,,,,,,,,,,,,,,,,,,,,,,,,100,30303,100,54080349576,100,125615355861,,,,,,,,,,
2019-02-28,S301GPTQ,ST4000DM000,4000787030016,0,114,72305832,,,96,0,100,4,100,0,87,597878591,,,66,30604,100,0,,,100,4,,,,,,,,,,,,,,,,,,,,,,,,,,,,,,,100,0,100,0,100,0,100,0,100,0,77,23,100,0,100,0,93,14299,23,23,,,,,100,0,100,0,200,0,,,,,,,,,,,,,,,,,,,,,,,,,,,100,30327,100,54095108072,100,125921686109,,,,,,,,,,
2019-03-01,S301GPTQ,ST4000DM000,4000787030016,0,109,24292864,,,96,0,100,4,100,0,87,600342604,,,66,30628,100,0,,,100,4,,,,,,,,,,,,,,,,,,,,,,,,,,,,,,,100,0,100,0,100,0,100,0,100,0,77,23,100,0,100,0,93,14299,23,23,,,,,100,0,100,0,200,0,,,,,,,,,,,,,,,,,,,,,,,,,,,100,30351,100,54111100576,100,126309402278,,,,,,,,,,
2019-03-02,S301GPTQ,ST4000DM000,4000787030016,0,118,192244784,,,96,0,100,4,100,0,87,602710841,,,66,30651,100,0,,,100,4,,,,,,,,,,,,,,,,,,,,,,,,,,,,,,,100,0,100,0,100,0,100,0,100,0,77,23,100,0,100,0,93,14299,23,23,,,,,100,0,100,0,200,0,,,,,,,,,,,,,,,,,,,,,,,,,,,100,30375,100,54124898184,100,126665056679,,,,,,,,,,
2019-03-03,S301GPTQ,ST4000DM000,4000787030016,0,114,69695272,,,96,0,100,4,100,0,87,604885437,,,65,30675,100,0,,,100,4,,,,,,,,,,,,,,,,,,,,,,,,,,,,,,,100,0,100,0,100,0,100,0,100,0,77,23,100,0,100,0,93,14299,23,23,,,,,100,0,100,0,200,0,,,,,,,,,,,,,,,,,,,,,,,,,,,100,30398,100,54138013608,100,126967821708,,,,,,,,,,
2019-03-04,S301GPTQ,ST4000DM000,4000787030016,0,105,8841400,,,96,0,100,4,100,0,87,606825867,,,65,30699,100,0,,,100,4,,,,,,,,,,,,,,,,,,,,,,,,,,,,,,,100,0,100,0,100,0,100,0,100,0,78,22,100,0,100,0,93,14299,22,22,,,,,100,0,100,0,200,0,,,,,,,,,,,,,,,,,,,,,,,,,,,100,30422,100,54152496616,100,127228256298,,,,,,,,,,
2019-03-05,S301GPTQ,ST4000DM000,4000787030016,0,116,114733544,,,96,0,100,4,100,0,87,609766174,,,65,30723,100,0,,,100,4,,,,,,,,,,,,,,,,,,,,,,,,,,,,,,,100,0,100,0,100,0,100,0,100,0,78,22,100,0,100,0,93,14299,22,22,,,,,100,0,100,0,200,0,,,,,,,,,,,,,,,,,,,,,,,,,,,100,30446,100,54173010016,100,127444702596,,,,,,,,,,
2019-03-06,S301GPTQ,ST4000DM000,4000787030016,0,119,230521800,,,96,0,100,4,100,0,87,611525845,,,65,30747,100,0,,,100,4,,,,,,,,,,,,,,,,,,,,,,,,,,,,,,,100,0,100,0,100,0,100,0,100,0,78,22,100,0,100,0,93,14299,22,22,,,,,100,0,100,0,200,0,,,,,,,,,,,,,,,,,,,,,,,,,,,100,30470,100,54189424672,100,127666319629,,,,,,,,,,
2019-03-07,S301GPTQ,ST4000DM000,4000787030016,0,111,33974280,,,96,0,100,4,100,0,87,613118533,,,65,30771,100,0,,,100,4,,,,,,,,,,,,,,,,,,,,,,,,,,,,,,,100,0,100,0,100,0,100,0,100,0,78,22,100,0,100,0,93,14299,22,22,,,,,100,0,100,0,200,0,,,,,,,,,,,,,,,,,,,,,,,,,,,100,30494,100,54211116192,100,127759305798,,,,,,,,,,
2019-03-08,S301GPTQ,ST4000DM000,4000787030016,0,114,61468680,,,96,0,100,4,100,0,87,614628060,,,65,30794,100,0,,,100,4,,,,,,,,,,,,,,,,,,,,,,,,,,,,,,,100,0,100,0,100,0,100,0,100,0,78,22,100,0,100,0,93,14299,22,22,,,,,100,0,100,0,200,0,,,,,,,,,,,,,,,,,,,,,,,,,,,100,30518,100,54229536088,100,127871348703,,,,,,,,,,
2019-03-09,S301GPTQ,ST4000DM000,4000787030016,0,117,144692952,,,96,0,100,4,100,0,87,615649715,,,65,30818,100,0,,,100,4,,,,,,,,,,,,,,,,,,,,,,,,,,,,,,,100,0,100,0,100,0,100,0,100,0,77,23,100,0,100,0,93,14299,23,23,,,,,100,0,100,0,200,0,,,,,,,,,,,,,,,,,,,,,,,,,,,100,30542,100,54242221496,100,127984122224,,,,,,,,,,
2019-03-10,S301GPTQ,ST4000DM000,4000787030016,0,118,187050928,,,96,0,100,4,100,0,87,616387641,,,65,30842,100,0,,,100,4,,,,,,,,,,,,,,,,,,,,,,,,,,,,,,,100,0,100,0,100,0,100,0,100,0,76,24,100,0,100,0,93,14299,24,24,,,,,100,0,100,0,200,0,,,,,,,,,,,,,,,,,,,,,,,,,,,100,30565,100,54256798152,100,128050019506,,,,,,,,,,
2019-03-11,S301GPTQ,ST4000DM000,4000787030016,0,119,210455672,,,96,0,100,4,100,0,87,617376979,,,65,30866,100,0,,,100,4,,,,,,,,,,,,,,,,,,,,,,,,,,,,,,,100,0,100,0,100,0,100,0,100,0,76,24,100,0,100,0,93,14299,24,24,,,,,100,0,100,0,200,0,,,,,,,,,,,,,,,,,,,,,,,,,,,100,30589,100,54276947040,100,128141470599,,,,,,,,,,
2019-03-12,S301GPTQ,ST4000DM000,4000787030016,0,117,142310512,,,96,0,100,4,100,0,87,619606875,,,65,30890,100,0,,,100,4,,,,,,,,,,,,,,,,,,,,,,,,,,,,,,,100,0,100,0,100,0,100,0,100,0,76,24,100,0,100,0,93,14299,24,24,,,,,100,0,100,0,200,0,,,,,,,,,,,,,,,,,,,,,,,,,,,100,30613,100,54310789704,100,128247327539,,,,,,,,,,
2019-03-13,S301GPTQ,ST4000DM000,4000787030016,0,119,214400272,,,96,0,100,4,100,0,87,620585095,,,65,30914,100,0,,,100,4,,,,,,,,,,,,,,,,,,,,,,,,,,,,,,,100,0,100,0,100,0,100,0,100,0,78,22,100,0,100,0,93,14299,22,22,,,,,100,0,100,0,200,0,,,,,,,,,,,,,,,,,,,,,,,,,,,100,30637,100,54326972216,100,128351762176,,,,,,,,,,
2019-03-14,S301GPTQ,ST4000DM000,4000787030016,0,113,57470456,,,96,0,100,4,100,0,87,623754555,,,65,30937,100,0,,,100,4,,,,,,,,,,,,,,,,,,,,,,,,,,,,,,,100,0,100,0,100,0,100,0,100,0,78,22,100,0,100,0,93,14299,22,22,,,,,100,0,100,0,200,0,,,,,,,,,,,,,,,,,,,,,,,,,,,100,30661,100,54356334840,100,128459049034,,,,,,,,,,
2019-03-15,S301GPTQ,ST4000DM000,4000787030016,0,113,55532168,,,96,0,100,4,100,0,87,625122318,,,65,30961,100,0,,,100,4,,,,,,,,,,,,,,,,,,,,,,,,,,,,,,,100,0,100,0,100,0,100,0,100,0,78,22,100,0,100,0,93,14299,22,22,,,,,100,0,100,0,200,0,,,,,,,,,,,,,,,,,,,,,,,,,,,100,30684,100,54377798328,100,128545236133,,,,,,,,,,
2019-03-16,S301GPTQ,ST4000DM000,4000787030016,0,118,188488000,,,96,0,100,4,100,0,87,626212934,,,65,30985,100,0,,,100,4,,,,,,,,,,,,,,,,,,,,,,,,,,,,,,,100,0,100,0,100,0,100,0,100,0,78,22,100,0,100,0,93,14299,22,22,,,,,100,0,100,0,200,0,,,,,,,,,,,,,,,,,,,,,,,,,,,100,30708,100,54398180280,100,128662529494,,,,,,,,,,
2019-03-17,S301GPTQ,ST4000DM000,4000787030016,0,117,151664568,,,96,0,100,4,100,0,87,627395275,,,65,31009,100,0,,,100,4,,,,,,,,,,,,,,,,,,,,,,,,,,,,,,,100,0,100,0,100,0,100,0,100,0,78,22,100,0,100,0,93,14299,22,22,,,,,100,0,100,0,200,0,,,,,,,,,,,,,,,,,,,,,,,,,,,100,30732,100,54423566504,100,128756854347,,,,,,,,,,
2019-03-18,S301GPTQ,ST4000DM000,4000787030016,0,109,21336080,,,96,0,100,4,100,0,87,628837639,,,65,31033,100,0,,,100,4,,,,,,,,,,,,,,,,,,,,,,,,,,,,,,,100,0,100,0,100,0,100,0,100,0,78,22,100,0,100,0,93,14299,22,22,,,,,100,0,100,0,200,0,,,,,,,,,,,,,,,,,,,,,,,,,,,100,30756,100,54440781640,100,128852821853,,,,,,,,,,
2019-03-19,S301GPTQ,ST4000DM000,4000787030016,0,109,22100920,,,96,0,100,4,100,0,87,630715969,,,65,31057,100,0,,,100,4,,,,,,,,,,,,,,,,,,,,,,,,,,,,,,,100,0,100,0,100,0,100,0,100,0,77,23,100,0,100,0,93,14299,23,23,,,,,100,0,100,0,200,0,,,,,,,,,,,,,,,,,,,,,,,,,,,100,30780,100,54468144840,100,128932697960,,,,,,,,,,
2019-03-20,S301GPTQ,ST4000DM000,4000787030016,0,113,51657824,,,96,0,100,4,100,0,87,631480501,,,65,31080,100,0,,,100,4,,,,,,,,,,,,,,,,,,,,,,,,,,,,,,,100,0,100,0,100,0,100,0,100,0,78,22,100,0,100,0,93,14299,22,22,,,,,100,0,100,0,200,0,,,,,,,,,,,,,,,,,,,,,,,,,,,100,30804,100,54491005624,100,129024502337,,,,,,,,,,
2019-03-21,S301GPTQ,ST4000DM000,4000787030016,0,117,144010024,,,95,0,100,5,100,0,87,632685356,,,65,31105,100,0,,,100,5,,,,,,,,,,,,,,,,,,,,,,,,,,,,,,,100,0,100,0,100,0,100,0,100,0,76,24,100,0,100,0,93,14300,24,24,,,,,100,0,100,0,200,0,,,,,,,,,,,,,,,,,,,,,,,,,,,100,30828,100,54513832304,100,129097195308,,,,,,,,,,
2019-03-22,S301GPTQ,ST4000DM000,4000787030016,0,116,113115240,,,95,0,100,5,100,0,87,633716472,,,65,31128,100,0,,,100,5,,,,,,,,,,,,,,,,,,,,,,,,,,,,,,,100,0,100,0,100,0,100,0,100,0,75,25,100,0,100,0,93,14300,25,25,,,,,100,0,100,0,200,0,,,,,,,,,,,,,,,,,,,,,,,,,,,100,30851,100,54530477184,100,129239005131,,,,,,,,,,
2019-03-23,S301GPTQ,ST4000DM000,4000787030016,0,107,13434344,,,95,0,100,5,100,0,87,634638202,,,65,31152,100,0,,,100,5,,,,,,,,,,,,,,,,,,,,,,,,,,,,,,,100,0,100,0,100,0,100,0,100,0,76,24,100,0,100,0,93,14300,24,24,,,,,100,0,100,0,200,0,,,,,,,,,,,,,,,,,,,,,,,,,,,100,30875,100,54541855784,100,129377069049,,,,,,,,,,
2019-03-24,S301GPTQ,ST4000DM000,4000787030016,0,117,165964904,,,95,0,100,5,100,0,87,635402471,,,65,31176,100,0,,,100,5,,,,,,,,,,,,,,,,,,,,,,,,,,,,,,,100,0,100,0,100,0,100,0,100,0,75,25,100,0,100,0,93,14300,25,25,,,,,100,0,100,0,200,0,,,,,,,,,,,,,,,,,,,,,,,,,,,100,30899,100,54564414264,100,129463061540,,,,,,,,,,
2019-03-25,S301GPTQ,ST4000DM000,4000787030016,0,116,112462200,,,95,0,100,5,100,0,87,636284646,,,65,31200,100,0,,,100,5,,,,,,,,,,,,,,,,,,,,,,,,,,,,,,,100,0,100,0,100,0,100,0,100,0,77,23,100,0,100,0,93,14300,23,23,,,,,100,0,100,0,200,0,,,,,,,,,,,,,,,,,,,,,,,,,,,100,30923,100,54577088864,100,129593070984,,,,,,,,,,
2019-03-26,S301GPTQ,ST4000DM000,4000787030016,0,114,82993064,,,95,0,100,5,100,0,87,638578098,,,65,31223,100,0,,,100,5,,,,,,,,,,,,,,,,,,,,,,,,,,,,,,,100,0,100,0,100,0,100,0,100,0,75,25,100,0,100,0,93,14300,25,25,,,,,100,0,100,0,200,0,,,,,,,,,,,,,,,,,,,,,,,,,,,100,30947,100,54599113504,100,129745089288,,,,,,,,,,
2019-03-27,S301GPTQ,ST4000DM000,4000787030016,0,114,75761456,,,95,0,100,5,100,0,87,639637567,,,65,31247,100,0,,,100,5,,,,,,,,,,,,,,,,,,,,,,,,,,,,,,,100,0,100,0,100,0,100,0,100,0,75,25,100,0,100,0,93,14300,25,25,,,,,100,0,100,0,200,0,,,,,,,,,,,,,,,,,,,,,,,,,,,100,30970,100,54626358688,100,129881252496,,,,,,,,,,
2019-03-28,S301GPTQ,ST4000DM000,4000787030016,0,114,76007008,,,95,0,100,5,100,0,87,642659449,,,65,31271,100,0,,,100,5,,,,,,,,,,,,,,,,,,,,,,,,,,,,,,,100,0,100,0,100,0,100,0,100,0,75,25,100,0,100,0,93,14300,25,25,,,,,100,0,100,0,200,0,,,,,,,,,,,,,,,,,,,,,,,,,,,100,30994,100,54645817696,100,130025960267,,,,,,,,,,
2019-03-29,S301GPTQ,ST4000DM000,4000787030016,0,117,126612968,,,95,0,100,5,100,0,87,643832814,,,65,31295,100,0,,,100,5,,,,,,,,,,,,,,,,,,,,,,,,,,,,,,,100,0,100,0,100,0,100,0,100,0,76,24,100,0,100,0,93,14300,24,24,,,,,100,0,100,0,200,0,,,,,,,,,,,,,,,,,,,,,,,,,,,100,31018,100,54665574040,100,130195497988,,,,,,,,,,
2019-03-30,S301GPTQ,ST4000DM000,4000787030016,0,111,31134144,,,95,0,100,5,100,0,87,644926331,,,65,31319,100,0,,,100,5,,,,,,,,,,,,,,,,,,,,,,,,,,,,,,,100,0,100,0,100,0,100,0,100,0,75,25,100,0,100,0,93,14300,25,25,,,,,100,0,100,0,200,0,,,,,,,,,,,,,,,,,,,,,,,,,,,100,31042,100,54685191376,100,130360151033,,,,,,,,,,
2019-03-31,S301GPTQ,ST4000DM000,4000787030016,0,108,16176160,,,95,0,100,5,100,0,87,645647398,,,65,31342,100,0,,,100,5,,,,,,,,,,,,,,,,,,,,,,,,,,,,,,,100,0,100,0,100,0,100,0,100,0,75,25,100,0,100,0,93,14300,25,25,,,,,100,0,100,0,200,0,,,,,,,,,,,,,,,,,,,,,,,,,,,100,31065,100,54697514272,100,130533785074,,,,,,,,,,
2019-04-01,S301GPTQ,ST4000DM000,4000787030016,0,117,119531416,,,95,0,100,5,100,0,87,646304064,,,65,31366,100,0,,,100,5,,,,,,,,,,,,,,,,,,,,,,,,,,,,,,,100,0,100,0,100,0,100,0,100,0,75,25,100,0,100,0,93,14300,25,25,,,,,100,0,100,0,200,0,,,,,,,,,,,,,,,,,,,,,,,,,,,100,31089,100,54714611944,100,130676782840,,,,,,,,,,
2019-04-02,S301GPTQ,ST4000DM000,4000787030016,0,117,129153320,,,95,0,100,5,100,0,87,648387430,,,65,31390,100,0,,,100,5,,,,,,,,,,,,,,,,,,,,,,,,,,,,,,,100,0,100,0,100,0,100,0,100,0,74,26,100,0,100,0,93,14300,26,26,,,,,100,0,100,0,200,0,,,,,,,,,,,,,,,,,,,,,,,,,,,100,31113,100,54731599720,100,130813836763,,,,,,,,,,
2019-04-03,S301GPTQ,ST4000DM000,4000787030016,0,114,64990768,,,95,0,100,5,100,0,87,648968788,,,65,31414,100,0,,,100,5,,,,,,,,,,,,,,,,,,,,,,,,,,,,,,,100,0,100,0,100,0,100,0,100,0,77,23,100,0,100,0,93,14300,23,23,,,,,100,0,100,0,200,0,,,,,,,,,,,,,,,,,,,,,,,,,,,100,31137,100,54746000456,100,130950738038,,,,,,,,,,
2019-04-04,S301GPTQ,ST4000DM000,4000787030016,0,117,149366264,,,95,0,100,5,100,0,87,649810450,,,65,31437,100,0,,,100,5,,,,,,,,,,,,,,,,,,,,,,,,,,,,,,,100,0,100,0,100,0,100,0,100,0,77,23,100,0,100,0,93,14300,23,23,,,,,100,0,100,0,200,0,,,,,,,,,,,,,,,,,,,,,,,,,,,100,31160,100,54759248216,100,131060653854,,,,,,,,,,
2019-04-05,S301GPTQ,ST4000DM000,4000787030016,0,112,43233520,,,95,0,100,5,100,0,87,650512470,,,65,31461,100,0,,,100,5,,,,,,,,,,,,,,,,,,,,,,,,,,,,,,,100,0,100,0,100,0,100,0,100,0,77,23,100,0,100,0,93,14300,23,23,,,,,100,0,100,0,200,0,,,,,,,,,,,,,,,,,,,,,,,,,,,100,31184,100,54774280368,100,131205371772,,,,,,,,,,
2019-04-06,S301GPTQ,ST4000DM000,4000787030016,0,106,11636240,,,95,0,100,5,100,0,87,651494800,,,65,31485,100,0,,,100,5,,,,,,,,,,,,,,,,,,,,,,,,,,,,,,,100,0,100,0,100,0,100,0,100,0,78,22,100,0,100,0,93,14300,22,22,,,,,100,0,100,0,200,0,,,,,,,,,,,,,,,,,,,,,,,,,,,100,31208,100,54789451752,100,131352627301,,,,,,,,,,
2019-04-07,S301GPTQ,ST4000DM000,4000787030016,0,118,190626312,,,95,0,100,5,100,0,87,652599553,,,65,31509,100,0,,,100,5,,,,,,,,,,,,,,,,,,,,,,,,,,,,,,,100,0,100,0,100,0,100,0,100,0,77,23,100,0,100,0,93,14300,23,23,,,,,100,0,100,0,200,0,,,,,,,,,,,,,,,,,,,,,,,,,,,100,31232,100,54803496272,100,131534021117,,,,,,,,,,
2019-04-08,S301GPTQ,ST4000DM000,4000787030016,0,117,120195056,,,95,0,100,5,100,0,87,653756886,,,65,31533,100,0,,,100,5,,,,,,,,,,,,,,,,,,,,,,,,,,,,,,,100,0,100,0,100,0,100,0,100,0,78,22,100,0,100,0,93,14300,22,22,,,,,100,0,100,0,200,0,,,,,,,,,,,,,,,,,,,,,,,,,,,100,31256,100,54820422256,100,131687347287,,,,,,,,,,
2019-04-09,S301GPTQ,ST4000DM000,4000787030016,0,105,9605248,,,95,0,100,5,100,0,87,656161556,,,64,31557,100,0,,,100,5,,,,,,,,,,,,,,,,,,,,,,,,,,,,,,,100,0,100,0,100,0,100,0,100,0,78,22,100,0,100,0,93,14300,22,22,,,,,100,0,100,0,200,0,,,,,,,,,,,,,,,,,,,,,,,,,,,100,31280,100,54852936552,100,131796722369,,,,,,,,,,
2019-04-10,S301GPTQ,ST4000DM000,4000787030016,0,117,120239976,,,95,0,100,5,100,0,87,657559305,,,64,31580,100,0,,,100,5,,,,,,,,,,,,,,,,,,,,,,,,,,,,,,,100,0,100,0,100,0,100,0,100,0,78,22,100,0,100,0,93,14300,22,22,,,,,100,0,100,0,200,0,,,,,,,,,,,,,,,,,,,,,,,,,,,100,31304,100,54870237800,100,131957786846,,,,,,,,,,
2019-04-11,S301GPTQ,ST4000DM000,4000787030016,0,119,226958944,,,95,0,100,5,100,0,87,659297289,,,64,31604,100,0,,,100,5,,,,,,,,,,,,,,,,,,,,,,,,,,,,,,,100,0,100,0,100,0,100,0,100,0,77,23,100,0,100,0,93,14300,23,23,,,,,100,0,100,0,200,0,,,,,,,,,,,,,,,,,,,,,,,,,,,100,31327,100,54887002672,100,132110393147,,,,,,,,,,
2019-04-12,S301GPTQ,ST4000DM000,4000787030016,0,115,96034328,,,95,0,100,5,100,0,87,660711733,,,64,31628,100,0,,,100,5,,,,,,,,,,,,,,,,,,,,,,,,,,,,,,,100,0,100,0,100,0,100,0,100,0,77,23,100,0,100,0,93,14300,23,23,,,,,100,0,100,0,200,0,,,,,,,,,,,,,,,,,,,,,,,,,,,100,31351,100,54897745296,100,132269897331,,,,,,,,,,
2019-04-13,S301GPTQ,ST4000DM000,4000787030016,0,119,225704512,,,95,0,100,5,100,0,87,661585626,,,64,31652,100,0,,,100,5,,,,,,,,,,,,,,,,,,,,,,,,,,,,,,,100,0,100,0,100,0,100,0,100,0,77,23,100,0,100,0,93,14300,23,23,,,,,100,0,100,0,200,0,,,,,,,,,,,,,,,,,,,,,,,,,,,100,31375,100,54914001944,100,132397764701,,,,,,,,,,
2019-04-14,S301GPTQ,ST4000DM000,4000787030016,0,115,89036688,,,95,0,100,5,100,0,87,662559370,,,64,31675,100,0,,,100,5,,,,,,,,,,,,,,,,,,,,,,,,,,,,,,,100,0,100,0,100,0,100,0,100,0,77,23,100,0,100,0,93,14300,23,23,,,,,100,0,100,0,200,0,,,,,,,,,,,,,,,,,,,,,,,,,,,100,31398,100,54921200464,100,132545263020,,,,,,,,,,
2019-04-15,S301GPTQ,ST4000DM000,4000787030016,0,113,55062488,,,95,0,100,5,100,0,87,663643676,,,64,31699,100,0,,,100,5,,,,,,,,,,,,,,,,,,,,,,,,,,,,,,,100,0,100,0,100,0,100,0,100,0,77,23,100,0,100,0,93,14300,23,23,,,,,100,0,100,0,200,0,,,,,,,,,,,,,,,,,,,,,,,,,,,100,31422,100,54935400920,100,132683465304,,,,,,,,,,
2019-04-16,S301GPTQ,ST4000DM000,4000787030016,0,111,29615272,,,95,0,100,5,100,0,87,666774550,,,64,31723,100,0,,,100,5,,,,,,,,,,,,,,,,,,,,,,,,,,,,,,,100,0,100,0,100,0,100,0,100,0,78,22,100,0,100,0,93,14300,22,22,,,,,100,0,100,0,200,0,,,,,,,,,,,,,,,,,,,,,,,,,,,100,31446,100,54964083200,100,132843018800,,,,,,,,,,
2019-04-17,S301GPTQ,ST4000DM000,4000787030016,0,117,144048512,,,95,0,100,5,100,0,87,667807969,,,64,31746,100,0,,,100,5,,,,,,,,,,,,,,,,,,,,,,,,,,,,,,,100,0,100,0,100,0,100,0,100,0,78,22,100,0,100,0,93,14300,22,22,,,,,100,0,100,0,200,0,,,,,,,,,,,,,,,,,,,,,,,,,,,100,31470,100,54979631096,100,132961495170,,,,,,,,,,
2019-04-18,S301GPTQ,ST4000DM000,4000787030016,0,116,104144576,,,95,0,100,5,100,0,87,668767352,,,64,31770,100,0,,,100,5,,,,,,,,,,,,,,,,,,,,,,,,,,,,,,,100,0,100,0,100,0,100,0,100,0,75,25,100,0,100,0,93,14300,25,25,,,,,100,0,100,0,200,0,,,,,,,,,,,,,,,,,,,,,,,,,,,100,31493,100,54989362688,100,133064659178,,,,,,,,,,
2019-04-19,S301GPTQ,ST4000DM000,4000787030016,0,117,121814088,,,95,0,100,5,100,0,87,670593819,,,64,31794,100,0,,,100,5,,,,,,,,,,,,,,,,,,,,,,,,,,,,,,,100,0,100,0,100,0,100,0,100,0,76,24,100,0,100,0,93,14300,24,24,,,,,100,0,100,0,200,0,,,,,,,,,,,,,,,,,,,,,,,,,,,100,31517,100,55007707384,100,133170181525,,,,,,,,,,
2019-04-20,S301GPTQ,ST4000DM000,4000787030016,0,120,236802808,,,95,0,100,5,100,0,88,671431383,,,64,31817,100,0,,,100,5,,,,,,,,,,,,,,,,,,,,,,,,,,,,,,,100,0,100,0,100,0,100,0,100,0,78,22,100,0,100,0,93,14300,22,22,,,,,100,0,100,0,200,0,,,,,,,,,,,,,,,,,,,,,,,,,,,100,31540,100,55021205752,100,133265951296,,,,,,,,,,
2019-04-21,S301GPTQ,ST4000DM000,4000787030016,0,104,6316552,,,95,0,100,5,100,0,88,672532092,,,64,31841,100,0,,,100,5,,,,,,,,,,,,,,,,,,,,,,,,,,,,,,,100,0,100,0,100,0,100,0,100,0,77,23,100,0,100,0,93,14300,23,23,,,,,100,0,100,0,200,0,,,,,,,,,,,,,,,,,,,,,,,,,,,100,31564,100,55032706848,100,133418205145,,,,,,,,,,
2019-04-22,S301GPTQ,ST4000DM000,4000787030016,0,115,86724032,,,95,0,100,5,100,0,88,673727427,,,64,31865,100,0,,,100,5,,,,,,,,,,,,,,,,,,,,,,,,,,,,,,,100,0,100,0,100,0,100,0,100,0,77,23,100,0,100,0,93,14300,23,23,,,,,100,0,100,0,200,0,,,,,,,,,,,,,,,,,,,,,,,,,,,100,31588,100,55059202784,100,133568608238,,,,,,,,,,
2019-04-23,S301GPTQ,ST4000DM000,4000787030016,0,117,145387416,,,95,0,100,5,100,0,88,676071727,,,64,31888,100,0,,,100,5,,,,,,,,,,,,,,,,,,,,,,,,,,,,,,,100,0,100,0,100,0,100,0,100,0,76,24,100,0,100,0,93,14300,24,24,,,,,100,0,100,0,200,0,,,,,,,,,,,,,,,,,,,,,,,,,,,100,31611,100,55079444072,100,133700874338,,,,,,,,,,
2019-04-24,S301GPTQ,ST4000DM000,4000787030016,0,116,103395752,,,95,0,100,5,100,0,88,677794334,,,64,31924,100,0,,,100,5,,,,,,,,,,,,,,,,,,,,,,,,,,,,,,,100,0,100,0,100,0,100,0,100,0,77,23,100,0,100,0,93,14300,23,23,,,,,100,0,100,0,200,0,,,,,,,,,,,,,,,,,,,,,,,,,,,100,31647,100,55114535304,100,133873742062,,,,,,,,,,
2019-04-25,S301GPTQ,ST4000DM000,4000787030016,0,116,110979816,,,95,0,100,5,100,0,88,679606906,,,64,31948,100,0,,,100,5,,,,,,,,,,,,,,,,,,,,,,,,,,,,,,,100,0,100,0,100,0,100,0,100,0,77,23,100,0,100,0,93,14300,23,23,,,,,100,0,100,0,200,0,,,,,,,,,,,,,,,,,,,,,,,,,,,100,31671,100,55133014360,100,133963565773,,,,,,,,,,
2019-04-26,S301GPTQ,ST4000DM000,4000787030016,0,113,52024616,,,95,0,100,5,100,0,88,680366790,,,64,31971,100,0,,,100,5,,,,,,,,,,,,,,,,,,,,,,,,,,,,,,,100,0,100,0,100,0,100,0,100,0,78,22,100,0,100,0,93,14300,22,22,,,,,100,0,100,0,200,0,,,,,,,,,,,,,,,,,,,,,,,,,,,100,31694,100,55147470768,100,134021353489,,,,,,,,,,
2019-04-27,S301GPTQ,ST4000DM000,4000787030016,0,117,158525400,,,95,0,100,5,100,0,88,681312850,,,64,31995,100,0,,,100,5,,,,,,,,,,,,,,,,,,,,,,,,,,,,,,,100,0,100,0,100,0,100,0,100,0,78,22,100,0,100,0,93,14300,22,22,,,,,100,0,100,0,200,0,,,,,,,,,,,,,,,,,,,,,,,,,,,100,31718,100,55160954360,100,134131184503,,,,,,,,,,
2019-04-28,S301GPTQ,ST4000DM000,4000787030016,0,117,166563560,,,95,0,100,5,100,0,88,682143603,,,64,32018,100,0,,,100,5,,,,,,,,,,,,,,,,,,,,,,,,,,,,,,,100,0,100,0,100,0,100,0,100,0,75,25,100,0,100,0,93,14300,25,25,,,,,100,0,100,0,200,0,,,,,,,,,,,,,,,,,,,,,,,,,,,100,31741,100,55193613704,100,134204476908,,,,,,,,,,
2019-04-29,S301GPTQ,ST4000DM000,4000787030016,0,110,27037248,,,95,0,100,5,100,0,88,683057176,,,64,32042,100,0,,,100,5,,,,,,,,,,,,,,,,,,,,,,,,,,,,,,,100,0,100,0,100,0,100,0,100,0,77,23,100,0,100,0,93,14300,23,23,,,,,100,0,100,0,200,0,,,,,,,,,,,,,,,,,,,,,,,,,,,100,31765,100,55203989752,100,134305190144,,,,,,,,,,
2019-04-30,S301GPTQ,ST4000DM000,4000787030016,0,100,2691280,,,95,0,100,5,100,0,88,685308789,,,64,32065,100,0,,,100,5,,,,,,,,,,,,,,,,,,,,,,,,,,,,,,,100,0,100,0,100,0,100,0,100,0,77,23,100,0,100,0,93,14300,23,23,,,,,100,0,100,0,200,0,,,,,,,,,,,,,,,,,,,,,,,,,,,100,31788,100,55220913176,100,134416028131,,,,,,,,,,
2019-05-01,S301GPTQ,ST4000DM000,4000787030016,0,117,137975328,,,95,0,100,5,100,0,88,685561851,,,64,32077,100,0,,,100,5,,,,,,,,,,,,,,,,,,,,,,,,,,,,,,,100,0,100,0,100,0,100,0,100,0,75,25,100,0,100,0,93,14300,25,25,,,,,100,0,100,0,200,0,,,,,,,,,,,,,,,,,,,,,,,,,,,100,31800,100,55226743960,100,134440271202,,,,,,,,,,
2019-05-02,S301GPTQ,ST4000DM000,4000787030016,0,111,35844496,,,95,0,100,5,100,0,88,687525812,,,64,32112,100,0,,,100,5,,,,,,,,,,,,,,,,,,,,,,,,,,,,,,,100,0,100,0,100,0,100,0,100,0,78,22,100,0,100,0,93,14300,22,22,,,,,100,0,100,0,200,0,,,,,,,,,,,,,,,,,,,,,,,,,,,100,31835,100,55244396424,100,134576343049,,,,,,,,,,
2019-05-03,S301GPTQ,ST4000DM000,4000787030016,0,114,75333392,,,95,0,100,5,100,0,88,688401977,,,64,32136,100,0,,,100,5,,,,,,,,,,,,,,,,,,,,,,,,,,,,,,,100,0,100,0,100,0,100,0,100,0,77,23,100,0,100,0,93,14300,23,23,,,,,100,0,100,0,200,0,,,,,,,,,,,,,,,,,,,,,,,,,,,100,31859,100,55256298280,100,134624406574,,,,,,,,,,
2019-05-04,S301GPTQ,ST4000DM000,4000787030016,0,119,214041720,,,95,0,100,5,100,0,88,689328036,,,64,32159,100,0,,,100,5,,,,,,,,,,,,,,,,,,,,,,,,,,,,,,,100,0,100,0,100,0,100,0,100,0,74,26,100,0,100,0,93,14300,26,26,,,,,100,0,100,0,200,0,,,,,,,,,,,,,,,,,,,,,,,,,,,100,31882,100,55285328152,100,134725713651,,,,,,,,,,
2019-05-05,S301GPTQ,ST4000DM000,4000787030016,0,117,147114312,,,95,0,100,5,100,0,88,691333842,,,64,32183,100,0,,,100,5,,,,,,,,,,,,,,,,,,,,,,,,,,,,,,,100,0,100,0,100,0,100,0,100,0,77,23,100,0,100,0,93,14300,23,23,,,,,100,0,100,0,200,0,,,,,,,,,,,,,,,,,,,,,,,,,,,100,31906,100,55297290304,100,134857700181,,,,,,,,,,
2019-05-06,S301GPTQ,ST4000DM000,4000787030016,0,110,27704256,,,95,0,100,5,100,0,88,693327551,,,64,32207,100,0,,,100,5,,,,,,,,,,,,,,,,,,,,,,,,,,,,,,,100,0,100,0,100,0,100,0,100,0,75,25,100,0,100,0,93,14300,25,25,,,,,100,0,100,0,200,0,,,,,,,,,,,,,,,,,,,,,,,,,,,100,31930,100,55312057224,100,134983267322,,,,,,,,,,
2019-05-07,S301GPTQ,ST4000DM000,4000787030016,0,119,217064040,,,95,0,100,5,100,0,88,695652867,,,64,32230,100,0,,,100,5,,,,,,,,,,,,,,,,,,,,,,,,,,,,,,,100,0,100,0,100,0,100,0,100,0,77,23,100,0,100,0,93,14300,23,23,,,,,100,0,100,0,200,0,,,,,,,,,,,,,,,,,,,,,,,,,,,100,31954,100,55330462432,100,135107279212,,,,,,,,,,
2019-05-08,S301GPTQ,ST4000DM000,4000787030016,0,117,141549888,,,95,0,100,5,100,0,88,696334075,,,64,32254,100,0,,,100,5,,,,,,,,,,,,,,,,,,,,,,,,,,,,,,,100,0,100,0,100,0,100,0,100,0,75,25,100,0,100,0,93,14300,25,25,,,,,100,0,100,0,200,0,,,,,,,,,,,,,,,,,,,,,,,,,,,100,31977,100,55342195440,100,135172545218,,,,,,,,,,
2019-05-09,S301GPTQ,ST4000DM000,4000787030016,0,120,241078912,,,95,0,100,5,100,0,88,697772255,,,64,32278,100,0,,,100,5,,,,,,,,,,,,,,,,,,,,,,,,,,,,,,,100,0,100,0,100,0,100,0,100,0,77,23,100,0,100,0,93,14300,23,23,,,,,100,0,100,0,200,0,,,,,,,,,,,,,,,,,,,,,,,,,,,100,32001,100,55367269608,100,135277840167,,,,,,,,,,
2019-05-10,S301GPTQ,ST4000DM000,4000787030016,0,116,102597240,,,95,0,100,5,100,0,88,699261735,,,64,32301,100,0,,,100,5,,,,,,,,,,,,,,,,,,,,,,,,,,,,,,,100,0,100,0,100,0,100,0,100,0,77,23,100,0,100,0,93,14300,23,23,,,,,100,0,100,0,200,0,,,,,,,,,,,,,,,,,,,,,,,,,,,100,32024,100,55396913480,100,135338735261,,,,,,,,,,
2019-05-11,S301GPTQ,ST4000DM000,4000787030016,0,117,139322008,,,95,0,100,5,100,0,88,700064816,,,64,32325,100,0,,,100,5,,,,,,,,,,,,,,,,,,,,,,,,,,,,,,,100,0,100,0,100,0,100,0,100,0,77,23,100,0,100,0,93,14300,23,23,,,,,100,0,100,0,200,0,,,,,,,,,,,,,,,,,,,,,,,,,,,100,32048,100,55422653344,100,135418457868,,,,,,,,,,
2019-05-12,S301GPTQ,ST4000DM000,4000787030016,0,117,158424592,,,95,0,100,5,100,0,88,700856663,,,64,32349,100,0,,,100,5,,,,,,,,,,,,,,,,,,,,,,,,,,,,,,,100,0,100,0,100,0,100,0,100,0,75,25,100,0,100,0,93,14300,25,25,,,,,100,0,100,0,200,0,,,,,,,,,,,,,,,,,,,,,,,,,,,100,32072,100,55438113000,100,135498671549,,,,,,,,,,
2019-05-13,S301GPTQ,ST4000DM000,4000787030016,0,109,21318840,,,95,0,100,5,100,0,88,701889484,,,64,32372,100,0,,,100,5,,,,,,,,,,,,,,,,,,,,,,,,,,,,,,,100,0,100,0,100,0,100,0,100,0,74,26,100,0,100,0,93,14300,26,26,,,,,100,0,100,0,200,0,,,,,,,,,,,,,,,,,,,,,,,,,,,100,32095,100,55451977176,100,135611728470,,,,,,,,,,
2019-05-14,S301GPTQ,ST4000DM000,4000787030016,0,119,208607656,,,95,0,100,5,100,0,88,705298083,,,64,32408,100,0,,,100,5,,,,,,,,,,,,,,,,,,,,,,,,,,,,,,,100,0,100,0,100,0,100,0,100,0,76,24,100,0,100,0,93,14300,24,24,,,,,100,0,100,0,200,0,,,,,,,,,,,,,,,,,,,,,,,,,,,100,32131,100,55478376576,100,135767648703,,,,,,,,,,
2019-05-15,S301GPTQ,ST4000DM000,4000787030016,0,109,22438120,,,95,0,100,5,100,0,88,705486249,,,63,32420,100,0,,,100,5,,,,,,,,,,,,,,,,,,,,,,,,,,,,,,,100,0,100,0,100,0,100,0,100,0,76,24,100,0,100,0,93,14300,24,24,,,,,100,0,100,0,200,0,,,,,,,,,,,,,,,,,,,,,,,,,,,100,32143,100,55482263768,100,135789120308,,,,,,,,,,
2019-05-16,S301GPTQ,ST4000DM000,4000787030016,0,114,73154072,,,95,0,100,5,100,0,88,706602776,,,63,32443,100,0,,,100,5,,,,,,,,,,,,,,,,,,,,,,,,,,,,,,,100,0,100,0,100,0,100,0,100,0,77,23,100,0,100,0,93,14300,23,23,,,,,100,0,100,0,200,0,,,,,,,,,,,,,,,,,,,,,,,,,,,100,32166,100,55496264488,100,135896647661,,,,,,,,,,
2019-05-17,S301GPTQ,ST4000DM000,4000787030016,0,119,222796064,,,95,0,100,5,100,0,88,708586655,,,63,32467,100,0,,,100,5,,,,,,,,,,,,,,,,,,,,,,,,,,,,,,,100,0,100,0,100,0,100,0,100,0,74,26,100,0,100,0,93,14300,26,26,,,,,100,0,100,0,200,0,,,,,,,,,,,,,,,,,,,,,,,,,,,100,32190,100,55510988632,100,135980491546,,,,,,,,,,
2019-05-18,S301GPTQ,ST4000DM000,4000787030016,0,111,39803512,,,95,0,100,5,100,0,88,709345084,,,63,32503,100,0,,,100,5,,,,,,,,,,,,,,,,,,,,,,,,,,,,,,,100,0,100,0,100,0,100,0,100,0,77,23,100,0,100,0,93,14300,23,23,,,,,100,0,100,0,200,0,,,,,,,,,,,,,,,,,,,,,,,,,,,100,32226,100,55529495672,100,136070981227,,,,,,,,,,
2019-05-19,S301GPTQ,ST4000DM000,4000787030016,0,119,213843168,,,95,0,100,5,100,0,88,710175997,,,63,32526,100,0,,,100,5,,,,,,,,,,,,,,,,,,,,,,,,,,,,,,,100,0,100,0,100,0,100,0,100,0,75,25,100,0,100,0,93,14300,25,25,,,,,100,0,100,0,200,0,,,,,,,,,,,,,,,,,,,,,,,,,,,100,32250,100,55544545896,100,136189114428,,,,,,,,,,
2019-05-20,S301GPTQ,ST4000DM000,4000787030016,0,115,91005400,,,95,0,100,5,100,0,88,711213934,,,63,32550,100,0,,,100,5,,,,,,,,,,,,,,,,,,,,,,,,,,,,,,,100,0,100,0,100,0,100,0,100,0,78,22,100,0,100,0,93,14300,22,22,,,,,100,0,100,0,200,0,,,,,,,,,,,,,,,,,,,,,,,,,,,100,32273,100,55564232536,100,136295474435,,,,,,,,,,
2019-05-21,S301GPTQ,ST4000DM000,4000787030016,0,112,47167864,,,95,0,100,5,100,0,88,713387555,,,63,32574,100,0,,,100,5,,,,,,,,,,,,,,,,,,,,,,,,,,,,,,,100,0,100,0,100,0,100,0,100,0,76,24,100,0,100,0,93,14300,24,24,,,,,100,0,100,0,200,0,,,,,,,,,,,,,,,,,,,,,,,,,,,100,32297,100,55592761992,100,136426037801,,,,,,,,,,
2019-05-22,S301GPTQ,ST4000DM000,4000787030016,0,120,241444808,,,95,0,100,5,100,0,88,713858951,,,63,32586,100,0,,,100,5,,,,,,,,,,,,,,,,,,,,,,,,,,,,,,,100,0,100,0,100,0,100,0,100,0,76,24,100,0,100,0,93,14300,24,24,,,,,100,0,100,0,200,0,,,,,,,,,,,,,,,,,,,,,,,,,,,100,32309,100,55601286104,100,136486794860,,,,,,,,,,
2019-05-23,S301GPTQ,ST4000DM000,4000787030016,0,117,154427208,,,95,0,100,5,100,0,88,714813474,,,63,32609,100,0,,,100,5,,,,,,,,,,,,,,,,,,,,,,,,,,,,,,,100,0,100,0,100,0,100,0,100,0,77,23,100,0,100,0,93,14300,23,23,,,,,100,0,100,0,200,0,,,,,,,,,,,,,,,,,,,,,,,,,,,100,32332,100,55617396224,100,136579317978,,,,,,,,,,
2019-05-24,S301GPTQ,ST4000DM000,4000787030016,0,118,200417104,,,95,0,100,5,100,0,88,716617066,,,63,32633,100,0,,,100,5,,,,,,,,,,,,,,,,,,,,,,,,,,,,,,,100,0,100,0,100,0,100,0,100,0,77,23,100,0,100,0,93,14300,23,23,,,,,100,0,100,0,200,0,,,,,,,,,,,,,,,,,,,,,,,,,,,100,32356,100,55637619000,100,136659634879,,,,,,,,,,
2019-05-25,S301GPTQ,ST4000DM000,4000787030016,0,118,174024488,,,95,0,100,5,100,0,88,717517194,,,63,32657,100,0,,,100,5,,,,,,,,,,,,,,,,,,,,,,,,,,,,,,,100,0,100,0,100,0,100,0,100,0,75,25,100,0,100,0,93,14300,25,25,,,,,100,0,100,0,200,0,,,,,,,,,,,,,,,,,,,,,,,,,,,100,32380,100,55648443480,100,136793904818,,,,,,,,,,
2019-05-26,S301GPTQ,ST4000DM000,4000787030016,0,118,169207096,,,95,0,100,5,100,0,88,718571109,,,63,32680,100,0,,,100,5,,,,,,,,,,,,,,,,,,,,,,,,,,,,,,,100,0,100,0,100,0,100,0,100,0,74,26,100,0,100,0,93,14300,26,26,,,,,100,0,100,0,200,0,,,,,,,,,,,,,,,,,,,,,,,,,,,100,32404,100,55665954016,100,136946362077,,,,,,,,,,
2019-05-27,S301GPTQ,ST4000DM000,4000787030016,0,108,16729112,,,95,0,100,5,100,0,88,719762231,,,63,32704,100,0,,,100,5,,,,,,,,,,,,,,,,,,,,,,,,,,,,,,,100,0,100,0,100,0,100,0,100,0,73,27,100,0,100,0,93,14300,27,27,,,,,100,0,100,0,200,0,,,,,,,,,,,,,,,,,,,,,,,,,,,100,32427,100,55679410352,100,137117963905,,,,,,,,,,
2019-05-28,S301GPTQ,ST4000DM000,4000787030016,0,112,46927616,,,95,0,100,5,100,0,88,721813192,,,63,32728,100,0,,,100,5,,,,,,,,,,,,,,,,,,,,,,,,,,,,,,,100,0,100,0,100,0,100,0,100,0,73,27,100,0,100,0,93,14300,27,27,,,,,100,0,100,0,200,0,,,,,,,,,,,,,,,,,,,,,,,,,,,100,32451,100,55697956504,100,137306554920,,,,,,,,,,
2019-05-29,S301GPTQ,ST4000DM000,4000787030016,0,119,219448984,,,95,0,100,5,100,0,88,722428924,,,63,32751,100,0,,,100,5,,,,,,,,,,,,,,,,,,,,,,,,,,,,,,,100,0,100,0,100,0,100,0,100,0,73,27,100,0,100,0,93,14300,27,27,,,,,100,0,100,0,200,0,,,,,,,,,,,,,,,,,,,,,,,,,,,100,32474,100,55710804112,100,137450044439,,,,,,,,,,
2019-05-30,S301GPTQ,ST4000DM000,4000787030016,0,115,92287048,,,95,0,100,5,100,0,88,723114225,,,63,32775,100,0,,,100,5,,,,,,,,,,,,,,,,,,,,,,,,,,,,,,,100,0,100,0,100,0,100,0,100,0,73,27,100,0,100,0,93,14300,27,27,,,,,100,0,100,0,200,0,,,,,,,,,,,,,,,,,,,,,,,,,,,100,32498,100,55730738048,100,137590446697,,,,,,,,,,
2019-05-31,S301GPTQ,ST4000DM000,4000787030016,0,119,224622744,,,95,0,100,5,100,0,88,725443121,,,63,32798,100,0,,,100,5,,,,,,,,,,,,,,,,,,,,,,,,,,,,,,,100,0,100,0,100,0,100,0,100,0,73,27,100,0,100,0,93,14300,27,27,,,,,100,0,100,0,200,0,,,,,,,,,,,,,,,,,,,,,,,,,,,100,32522,100,55748294856,100,137724669470,,,,,,,,,,
2019-06-01,S301GPTQ,ST4000DM000,4000787030016,0,108,19072904,,,95,0,100,5,100,0,88,726632268,,,63,32822,100,0,,,100,5,,,,,,,,,,,,,,,,,,,,,,,,,,,,,,,100,0,100,0,100,0,100,0,100,0,73,27,100,0,100,0,93,14300,27,27,,,,,100,0,100,0,200,0,,,,,,,,,,,,,,,,,,,,,,,,,,,100,32545,100,55763993248,100,137857322699,,,,,,,,,,
2019-06-02,S301GPTQ,ST4000DM000,4000787030016,0,120,236853976,,,95,0,100,5,100,0,88,727326876,,,63,32846,100,0,,,100,5,,,,,,,,,,,,,,,,,,,,,,,,,,,,,,,100,0,100,0,100,0,100,0,100,0,73,27,100,0,100,0,93,14300,27,27,,,,,100,0,100,0,200,0,,,,,,,,,,,,,,,,,,,,,,,,,,,100,32569,100,55776030968,100,137996611783,,,,,,,,,,
2019-06-03,S301GPTQ,ST4000DM000,4000787030016,0,113,50400976,,,95,0,100,5,100,0,88,728323722,,,63,32870,100,0,,,100,5,,,,,,,,,,,,,,,,,,,,,,,,,,,,,,,100,0,100,0,100,0,100,0,100,0,73,27,100,0,100,0,93,14300,27,27,,,,,100,0,100,0,200,0,,,,,,,,,,,,,,,,,,,,,,,,,,,100,32593,100,55799693656,100,138153347408,,,,,,,,,,
2019-06-04,S301GPTQ,ST4000DM000,4000787030016,0,116,111947320,,,95,0,100,5,100,0,88,731347707,,,63,32905,100,0,,,100,5,,,,,,,,,,,,,,,,,,,,,,,,,,,,,,,100,0,100,0,100,0,100,0,100,0,73,27,100,0,100,0,93,14300,27,27,,,,,100,0,100,0,200,0,,,,,,,,,,,,,,,,,,,,,,,,,,,100,32628,100,55829360872,100,138427859144,,,,,,,,,,
2019-06-05,S301GPTQ,ST4000DM000,4000787030016,0,117,148457008,,,95,0,100,5,100,0,88,731897234,,,63,32917,100,0,,,100,5,,,,,,,,,,,,,,,,,,,,,,,,,,,,,,,100,0,100,0,100,0,100,0,100,0,73,27,100,0,100,0,93,14300,27,27,,,,,100,0,100,0,200,0,,,,,,,,,,,,,,,,,,,,,,,,,,,100,32640,100,55835652784,100,138486793688,,,,,,,,,,
2019-06-06,S301GPTQ,ST4000DM000,4000787030016,0,119,206156088,,,95,0,100,5,100,0,88,734240050,,,63,32953,100,0,,,100,5,,,,,,,,,,,,,,,,,,,,,,,,,,,,,,,100,0,100,0,100,0,100,0,100,0,73,27,100,0,100,0,93,14300,27,27,,,,,100,0,100,0,200,0,,,,,,,,,,,,,,,,,,,,,,,,,,,100,32676,100,55859018816,100,138641964953,,,,,,,,,,
2019-06-07,S301GPTQ,ST4000DM000,4000787030016,0,119,219226392,,,95,0,100,5,100,0,88,735957250,,,63,32976,100,0,,,100,5,,,,,,,,,,,,,,,,,,,,,,,,,,,,,,,100,0,100,0,100,0,100,0,100,0,73,27,100,0,100,0,93,14300,27,27,,,,,100,0,100,0,200,0,,,,,,,,,,,,,,,,,,,,,,,,,,,100,32699,100,55885541440,100,138758720936,,,,,,,,,,
2019-06-08,S301GPTQ,ST4000DM000,4000787030016,0,116,109372184,,,95,0,100,5,100,0,88,737312432,,,63,33000,100,0,,,100,5,,,,,,,,,,,,,,,,,,,,,,,,,,,,,,,100,0,100,0,100,0,100,0,100,0,73,27,100,0,100,0,93,14300,27,27,,,,,100,0,100,0,200,0,,,,,,,,,,,,,,,,,,,,,,,,,,,100,32723,100,55903021688,100,138927356654,,,,,,,,,,
2019-06-09,S301GPTQ,ST4000DM000,4000787030016,0,119,209060208,,,95,0,100,5,100,0,88,738502451,,,63,33024,100,0,,,100,5,,,,,,,,,,,,,,,,,,,,,,,,,,,,,,,100,0,100,0,100,0,100,0,100,0,73,27,100,0,100,0,93,14300,27,27,,,,,100,0,100,0,200,0,,,,,,,,,,,,,,,,,,,,,,,,,,,100,32747,100,55913925528,100,139118414917,,,,,,,,,,
2019-06-10,S301GPTQ,ST4000DM000,4000787030016,0,115,90837760,,,95,0,100,5,100,0,88,739542718,,,63,33047,100,0,,,100,5,,,,,,,,,,,,,,,,,,,,,,,,,,,,,,,100,0,100,0,100,0,100,0,100,0,74,26,100,0,100,0,93,14300,26,26,,,,,100,0,100,0,200,0,,,,,,,,,,,,,,,,,,,,,,,,,,,100,32771,100,55930543336,100,139260035495,,,,,,,,,,
2019-06-11,S301GPTQ,ST4000DM000,4000787030016,0,119,219541760,,,95,0,100,5,100,0,88,742073159,,,63,33071,100,0,,,100,5,,,,,,,,,,,,,,,,,,,,,,,,,,,,,,,100,0,100,0,100,0,100,0,100,0,73,27,100,0,100,0,93,14300,27,27,,,,,100,0,100,0,200,0,,,,,,,,,,,,,,,,,,,,,,,,,,,100,32794,100,55955955424,100,139420370462,,,,,,,,,,
2019-06-12,S301GPTQ,ST4000DM000,4000787030016,0,117,149782352,,,95,0,100,5,100,0,88,743314234,,,63,33095,100,0,,,100,5,,,,,,,,,,,,,,,,,,,,,,,,,,,,,,,100,0,100,0,100,0,100,0,100,0,72,28,100,0,100,0,93,14300,28,28,,,,,100,0,100,0,200,0,,,,,,,,,,,,,,,,,,,,,,,,,,,100,32818,100,55991723192,100,139575383198,,,,,,,,,,
2019-06-13,S301GPTQ,ST4000DM000,4000787030016,0,118,198140944,,,95,0,100,5,100,0,88,744848347,,,63,33119,100,0,,,100,5,,,,,,,,,,,,,,,,,,,,,,,,,,,,,,,100,0,100,0,100,0,100,0,100,0,73,27,100,0,100,0,93,14300,27,27,,,,,100,0,100,0,200,0,,,,,,,,,,,,,,,,,,,,,,,,,,,100,32842,100,56007213944,100,139695868061,,,,,,,,,,
2019-06-14,S301GPTQ,ST4000DM000,4000787030016,0,112,42702560,,,95,0,100,5,100,0,88,746083751,,,63,33142,100,0,,,100,5,,,,,,,,,,,,,,,,,,,,,,,,,,,,,,,100,0,100,0,100,0,100,0,100,0,73,27,100,0,100,0,93,14300,27,27,,,,,100,0,100,0,200,0,,,,,,,,,,,,,,,,,,,,,,,,,,,100,32865,100,56026119944,100,139744340429,,,,,,,,,,
2019-06-15,S301GPTQ,ST4000DM000,4000787030016,0,117,120330176,,,95,0,100,5,100,0,88,747140774,,,63,33166,100,0,,,100,5,,,,,,,,,,,,,,,,,,,,,,,,,,,,,,,100,0,100,0,100,0,100,0,100,0,73,27,100,0,100,0,93,14300,27,27,,,,,100,0,100,0,200,0,,,,,,,,,,,,,,,,,,,,,,,,,,,100,32889,100,56043127336,100,139883276406,,,,,,,,,,
2019-06-16,S301GPTQ,ST4000DM000,4000787030016,0,118,175748168,,,95,0,100,5,100,0,88,748054413,,,63,33190,100,0,,,100,5,,,,,,,,,,,,,,,,,,,,,,,,,,,,,,,100,0,100,0,100,0,100,0,100,0,73,27,100,0,100,0,93,14300,27,27,,,,,100,0,100,0,200,0,,,,,,,,,,,,,,,,,,,,,,,,,,,100,32913,100,56055490128,100,139985881513,,,,,,,,,,
2019-06-17,S301GPTQ,ST4000DM000,4000787030016,0,114,81859952,,,95,0,100,5,100,0,88,749153842,,,63,33213,100,0,,,100,5,,,,,,,,,,,,,,,,,,,,,,,,,,,,,,,100,0,100,0,100,0,100,0,100,0,73,27,100,0,100,0,93,14300,27,27,,,,,100,0,100,0,200,0,,,,,,,,,,,,,,,,,,,,,,,,,,,100,32936,100,56068322432,100,140138469848,,,,,,,,,,
2019-06-18,S301GPTQ,ST4000DM000,4000787030016,0,118,191640752,,,95,0,100,5,100,0,88,751764875,,,63,33237,100,0,,,100,5,,,,,,,,,,,,,,,,,,,,,,,,,,,,,,,100,0,100,0,100,0,100,0,100,0,73,27,100,0,100,0,93,14300,27,27,,,,,100,0,100,0,200,0,,,,,,,,,,,,,,,,,,,,,,,,,,,100,32960,100,56087821160,100,140317000820,,,,,,,,,,
2019-06-19,S301GPTQ,ST4000DM000,4000787030016,0,117,130564056,,,95,0,100,5,100,0,88,752771091,,,63,33261,100,0,,,100,5,,,,,,,,,,,,,,,,,,,,,,,,,,,,,,,100,0,100,0,100,0,100,0,100,0,73,27,100,0,100,0,93,14300,27,27,,,,,100,0,100,0,200,0,,,,,,,,,,,,,,,,,,,,,,,,,,,100,32984,100,56101565520,100,140451408698,,,,,,,,,,
2019-06-20,S301GPTQ,ST4000DM000,4000787030016,0,114,62657368,,,95,0,100,5,100,0,88,753953784,,,63,33285,100,0,,,100,5,,,,,,,,,,,,,,,,,,,,,,,,,,,,,,,100,0,100,0,100,0,100,0,100,0,73,27,100,0,100,0,93,14300,27,27,,,,,100,0,100,0,200,0,,,,,,,,,,,,,,,,,,,,,,,,,,,100,33008,100,56114559040,100,140562118303,,,,,,,,,,
2019-06-21,S301GPTQ,ST4000DM000,4000787030016,0,120,242664552,,,95,0,100,5,100,0,88,755724899,,,62,33309,100,0,,,100,5,,,,,,,,,,,,,,,,,,,,,,,,,,,,,,,100,0,100,0,100,0,100,0,100,0,73,27,100,0,100,0,93,14300,27,27,,,,,100,0,100,0,200,0,,,,,,,,,,,,,,,,,,,,,,,,,,,100,33032,100,56129688432,100,140687724590,,,,,,,,,,
2019-06-22,S301GPTQ,ST4000DM000,4000787030016,0,116,115464560,,,95,0,100,5,100,0,88,756738984,,,62,33332,100,0,,,100,5,,,,,,,,,,,,,,,,,,,,,,,,,,,,,,,100,0,100,0,100,0,100,0,100,0,73,27,100,0,100,0,93,14300,27,27,,,,,100,0,100,0,200,0,,,,,,,,,,,,,,,,,,,,,,,,,,,100,33055,100,56143420736,100,140746513404,,,,,,,,,,
2019-06-23,S301GPTQ,ST4000DM000,4000787030016,0,111,37190896,,,95,0,100,5,100,0,88,758917148,,,62,33356,100,0,,,100,5,,,,,,,,,,,,,,,,,,,,,,,,,,,,,,,100,0,100,0,100,0,100,0,100,0,73,27,100,0,100,0,93,14300,27,27,,,,,100,0,100,0,200,0,,,,,,,,,,,,,,,,,,,,,,,,,,,100,33079,100,56159971208,100,140860916628,,,,,,,,,,
2019-06-24,S301GPTQ,ST4000DM000,4000787030016,0,116,103846704,,,95,0,100,5,100,0,88,759435922,,,62,33379,100,0,,,100,5,,,,,,,,,,,,,,,,,,,,,,,,,,,,,,,100,0,100,0,100,0,100,0,100,0,73,27,100,0,100,0,93,14300,27,27,,,,,100,0,100,0,200,0,,,,,,,,,,,,,,,,,,,,,,,,,,,100,33103,100,56173532728,100,140912812551,,,,,,,,,,
2019-06-25,S301GPTQ,ST4000DM000,4000787030016,0,102,4883680,,,95,0,100,5,100,0,88,761843404,,,62,33403,100,0,,,100,5,,,,,,,,,,,,,,,,,,,,,,,,,,,,,,,100,0,100,0,100,0,100,0,100,0,73,27,100,0,100,0,93,14300,27,27,,,,,100,0,100,0,200,0,,,,,,,,,,,,,,,,,,,,,,,,,,,100,33126,100,56198128632,100,141046626338,,,,,,,,,,
2019-06-26,S301GPTQ,ST4000DM000,4000787030016,0,117,154749728,,,95,0,100,5,100,0,88,762690031,,,62,33427,100,0,,,100,5,,,,,,,,,,,,,,,,,,,,,,,,,,,,,,,100,0,100,0,100,0,100,0,100,0,73,27,100,0,100,0,93,14300,27,27,,,,,100,0,100,0,200,0,,,,,,,,,,,,,,,,,,,,,,,,,,,100,33150,100,56210074128,100,141132749030,,,,,,,,,,
2019-06-27,S301GPTQ,ST4000DM000,4000787030016,0,117,124379168,,,95,0,100,5,100,0,88,763715372,,,62,33451,100,0,,,100,5,,,,,,,,,,,,,,,,,,,,,,,,,,,,,,,100,0,100,0,100,0,100,0,100,0,77,23,100,0,100,0,93,14300,23,23,,,,,100,0,100,0,200,0,,,,,,,,,,,,,,,,,,,,,,,,,,,100,33174,100,56225384632,100,141248676843,,,,,,,,,,
2019-06-28,S301GPTQ,ST4000DM000,4000787030016,0,115,95624136,,,95,0,100,5,100,0,88,765315076,,,62,33475,100,0,,,100,5,,,,,,,,,,,,,,,,,,,,,,,,,,,,,,,100,0,100,0,100,0,100,0,100,0,73,27,100,0,100,0,93,14300,27,27,,,,,100,0,100,0,200,0,,,,,,,,,,,,,,,,,,,,,,,,,,,100,33198,100,56244684752,100,141287439042,,,,,,,,,,
2019-06-29,S301GPTQ,ST4000DM000,4000787030016,0,118,178307432,,,95,0,100,5,100,0,88,766618553,,,62,33499,100,0,,,100,5,,,,,,,,,,,,,,,,,,,,,,,,,,,,,,,100,0,100,0,100,0,100,0,100,0,76,24,100,0,100,0,93,14300,24,24,,,,,100,0,100,0,200,0,,,,,,,,,,,,,,,,,,,,,,,,,,,100,33222,100,56264752744,100,141437084529,,,,,,,,,,
2019-06-30,S301GPTQ,ST4000DM000,4000787030016,0,117,120201240,,,95,0,100,5,100,0,88,768583565,,,62,33522,100,0,,,100,5,,,,,,,,,,,,,,,,,,,,,,,,,,,,,,,100,0,100,0,100,0,100,0,100,0,74,26,100,0,100,0,93,14300,26,26,,,,,100,0,100,0,200,0,,,,,,,,,,,,,,,,,,,,,,,,,,,100,33246,100,56284207728,100,141668825131,,,,,,,,,,
2019-07-01,S301GPTQ,ST4000DM000,4000787030016,0,119,216611336,,,95,0,100,5,100,0,88,770062633,,,62,33546,100,0,,,100,5,,,,,,,,,,,,,,,,,,,,,,,,,,,,,,,100,0,100,0,100,0,100,0,100,0,73,27,100,0,100,0,93,14300,27,27,,,,,100,0,100,0,200,0,,,,,,,,,,,,,,,,,,,,,,,,,,,100,33269,100,56318054904,100,141822207537,,,,,,,,,,
2019-07-02,S301GPTQ,ST4000DM000,4000787030016,0,118,197092392,,,95,0,100,5,100,0,88,772976572,,,62,33570,100,0,,,100,5,,,,,,,,,,,,,,,,,,,,,,,,,,,,,,,100,0,100,0,100,0,100,0,100,0,76,24,100,0,100,0,93,14300,24,24,,,,,100,0,100,0,200,0,,,,,,,,,,,,,,,,,,,,,,,,,,,100,33293,100,56353172576,100,142004381564,,,,,,,,,,
2019-07-03,S301GPTQ,ST4000DM000,4000787030016,0,117,165995728,,,95,0,100,5,100,0,88,774920394,,,62,33594,100,0,,,100,5,,,,,,,,,,,,,,,,,,,,,,,,,,,,,,,100,0,100,0,100,0,100,0,100,0,76,24,100,0,100,0,93,14300,24,24,,,,,100,0,100,0,200,0,,,,,,,,,,,,,,,,,,,,,,,,,,,100,33318,100,56367286328,100,142211990650,,,,,,,,,,
2019-07-04,S301GPTQ,ST4000DM000,4000787030016,0,114,70141104,,,95,0,100,5,100,0,88,776470636,,,62,33618,100,0,,,100,5,,,,,,,,,,,,,,,,,,,,,,,,,,,,,,,100,0,100,0,100,0,100,0,100,0,76,24,100,0,100,0,93,14300,24,24,,,,,100,0,100,0,200,0,,,,,,,,,,,,,,,,,,,,,,,,,,,100,33342,100,56397062984,100,142328309760,,,,,,,,,,
2019-07-05,S301GPTQ,ST4000DM000,4000787030016,0,117,157257560,,,95,0,100,5,100,0,88,778263762,,,62,33642,100,0,,,100,5,,,,,,,,,,,,,,,,,,,,,,,,,,,,,,,100,0,100,0,100,0,100,0,100,0,75,25,100,0,100,0,93,14300,25,25,,,,,100,8,100,8,200,0,,,,,,,,,,,,,,,,,,,,,,,,,,,100,33366,100,56421171608,100,142412494554,,,,,,,,,,
2019-07-06,S301GPTQ,ST4000DM000,4000787030016,0,117,159452064,,,95,0,100,5,100,0,88,779458958,,,62,33667,100,0,,,100,5,,,,,,,,,,,,,,,,,,,,,,,,,,,,,,,100,0,100,0,100,0,100,0,100,0,74,26,100,0,100,0,93,14300,26,26,,,,,100,8,100,8,200,0,,,,,,,,,,,,,,,,,,,,,,,,,,,100,33390,100,56445595464,100,142598915241,,,,,,,,,,
2019-07-07,S301GPTQ,ST4000DM000,4000787030016,0,111,31557960,,,95,0,100,5,100,0,88,780788075,,,62,33691,100,0,,,100,5,,,,,,,,,,,,,,,,,,,,,,,,,,,,,,,100,0,100,0,100,0,100,0,100,0,77,23,100,0,100,0,93,14300,23,23,,,,,100,8,100,8,200,0,,,,,,,,,,,,,,,,,,,,,,,,,,,100,33414,100,56465573496,100,142814221097,,,,,,,,,,
2019-07-08,S301GPTQ,ST4000DM000,4000787030016,0,117,123687072,,,95,0,100,5,100,0,88,782300861,,,62,33715,100,0,,,100,5,,,,,,,,,,,,,,,,,,,,,,,,,,,,,,,100,0,100,0,100,0,100,0,100,0,76,24,100,0,100,0,93,14300,24,24,,,,,100,8,100,8,200,0,,,,,,,,,,,,,,,,,,,,,,,,,,,100,33438,100,56480796080,100,143059989074,,,,,,,,,,
2019-07-09,S301GPTQ,ST4000DM000,4000787030016,0,120,235660200,,,95,0,100,5,100,0,88,785408681,,,62,33739,100,0,,,100,5,,,,,,,,,,,,,,,,,,,,,,,,,,,,,,,100,0,100,0,100,0,100,0,100,0,74,26,100,0,100,0,93,14300,26,26,,,,,100,8,100,8,200,0,,,,,,,,,,,,,,,,,,,,,,,,,,,100,33462,100,56500232400,100,143380596848,,,,,,,,,,
2019-07-10,S301GPTQ,ST4000DM000,4000787030016,0,119,217032320,,,95,0,100,5,100,0,88,786472357,,,62,33763,100,0,,,100,5,,,,,,,,,,,,,,,,,,,,,,,,,,,,,,,100,0,100,0,100,0,100,0,100,0,74,26,100,0,100,0,93,14300,26,26,,,,,100,8,100,8,200,0,,,,,,,,,,,,,,,,,,,,,,,,,,,100,33487,100,56517506928,100,143675464975,,,,,,,,,,
2019-07-11,S301GPTQ,ST4000DM000,4000787030016,0,120,239138576,,,95,0,100,5,100,0,88,788038626,,,62,33787,100,0,,,100,5,,,,,,,,,,,,,,,,,,,,,,,,,,,,,,,100,0,100,0,100,0,100,0,100,0,74,26,100,0,100,0,93,14300,26,26,,,,,100,8,100,8,200,0,,,,,,,,,,,,,,,,,,,,,,,,,,,100,33511,100,56543697288,100,143937491425,,,,,,,,,,
2019-07-12,S301GPTQ,ST4000DM000,4000787030016,0,114,74106640,,,95,0,100,5,100,0,88,790027099,,,62,33811,100,0,,,100,5,,,,,,,,,,,,,,,,,,,,,,,,,,,,,,,100,0,100,0,100,0,100,0,100,0,76,24,100,0,100,0,93,14300,24,24,,,,,100,8,100,8,200,0,,,,,,,,,,,,,,,,,,,,,,,,,,,100,33534,100,56569386792,100,144041610572,,,,,,,,,,
2019-07-13,S301GPTQ,ST4000DM000,4000787030016,0,117,125473352,,,95,0,100,5,100,0,88,791031577,,,62,33835,100,0,,,100,5,,,,,,,,,,,,,,,,,,,,,,,,,,,,,,,100,0,100,0,100,0,100,0,100,0,73,27,100,0,100,0,93,14300,27,27,,,,,100,8,100,8,200,0,,,,,,,,,,,,,,,,,,,,,,,,,,,100,33558,100,56587954304,100,144297899286,,,,,,,,,,
2019-07-14,S301GPTQ,ST4000DM000,4000787030016,0,119,205098128,,,95,0,100,5,100,0,88,792887107,,,62,33860,100,0,,,100,5,,,,,,,,,,,,,,,,,,,,,,,,,,,,,,,100,0,100,0,100,0,100,0,100,0,73,27,100,0,100,0,93,14300,27,27,,,,,100,8,100,8,200,0,,,,,,,,,,,,,,,,,,,,,,,,,,,100,33583,100,56602159088,100,144645006393,,,,,,,,,,
2019-07-15,S301GPTQ,ST4000DM000,4000787030016,0,114,70933256,,,95,0,100,5,100,0,88,795090939,,,62,33884,100,0,,,100,5,,,,,,,,,,,,,,,,,,,,,,,,,,,,,,,100,0,100,0,100,0,100,0,100,0,77,23,100,0,100,0,93,14300,23,23,,,,,100,8,100,8,200,0,,,,,,,,,,,,,,,,,,,,,,,,,,,100,33607,100,56622770168,100,144871339111,,,,,,,,,,
2019-07-16,S301GPTQ,ST4000DM000,4000787030016,0,119,221713000,,,95,0,100,5,100,0,88,798558133,,,62,33908,100,0,,,100,5,,,,,,,,,,,,,,,,,,,,,,,,,,,,,,,100,0,100,0,100,0,100,0,100,0,75,25,100,0,100,0,93,14300,25,25,,,,,100,8,100,8,200,0,,,,,,,,,,,,,,,,,,,,,,,,,,,100,33631,100,56647160888,100,145183723258,,,,,,,,,,
2019-07-17,S301GPTQ,ST4000DM000,4000787030016,0,119,218776104,,,95,0,100,5,100,0,88,800302834,,,62,33932,100,0,,,100,5,,,,,,,,,,,,,,,,,,,,,,,,,,,,,,,100,0,100,0,100,0,100,0,100,0,77,23,100,0,100,0,93,14300,23,23,,,,,100,8,100,8,200,0,,,,,,,,,,,,,,,,,,,,,,,,,,,100,33655,100,56667145648,100,145449279907,,,,,,,,,,
2019-07-18,S301GPTQ,ST4000DM000,4000787030016,0,117,165549376,,,95,0,100,5,100,0,88,801991023,,,62,33955,100,0,,,100,5,,,,,,,,,,,,,,,,,,,,,,,,,,,,,,,100,0,100,0,100,0,100,0,100,0,76,24,100,0,100,0,93,14300,24,24,,,,,100,8,100,8,200,0,,,,,,,,,,,,,,,,,,,,,,,,,,,100,33679,100,56683713160,100,145679148310,,,,,,,,,,
2019-07-19,S301GPTQ,ST4000DM000,4000787030016,0,120,236784272,,,95,0,100,5,100,0,88,804239714,,,62,33979,100,0,,,100,5,,,,,,,,,,,,,,,,,,,,,,,,,,,,,,,100,0,100,0,100,0,100,0,100,0,74,26,100,0,100,0,93,14300,26,26,,,,,100,8,100,8,200,0,,,,,,,,,,,,,,,,,,,,,,,,,,,100,33703,100,56708959424,100,145812230478,,,,,,,,,,
2019-07-20,S301GPTQ,ST4000DM000,4000787030016,0,111,40578032,,,95,0,100,5,100,0,89,806751922,,,62,34003,100,0,,,100,5,,,,,,,,,,,,,,,,,,,,,,,,,,,,,,,100,0,100,0,97,3,100,0,100,0,76,24,100,0,100,0,93,14300,24,24,,,,,100,8,100,8,200,0,,,,,,,,,,,,,,,,,,,,,,,,,,,100,33727,100,56727187776,100,146019831729,,,,,,,,,,
2019-07-21,S301GPTQ,ST4000DM000,4000787030016,0,118,187106016,,,95,0,100,5,100,0,89,809716364,,,62,34027,100,0,,,100,5,,,,,,,,,,,,,,,,,,,,,,,,,,,,,,,100,0,100,0,97,3,100,0,100,0,77,23,100,0,100,0,93,14300,23,23,,,,,100,8,100,8,200,0,,,,,,,,,,,,,,,,,,,,,,,,,,,100,33751,100,56747755848,100,146293742498,,,,,,,,,,
2019-07-22,S301GPTQ,ST4000DM000,4000787030016,0,119,602328,,,95,0,100,5,100,0,89,811628678,,,62,34051,100,0,,,100,5,,,,,,,,,,,,,,,,,,,,,,,,,,,,,,,100,0,100,0,97,3,100,0,100,0,76,24,100,0,100,0,93,14300,24,24,,,,,100,8,100,8,200,0,,,,,,,,,,,,,,,,,,,,,,,,,,,100,33775,100,56759659136,100,146564530030,,,,,,,,,,
2019-07-23,S301GPTQ,ST4000DM000,4000787030016,0,117,119934264,,,95,0,100,5,100,0,89,814213032,,,62,34076,100,0,,,100,5,,,,,,,,,,,,,,,,,,,,,,,,,,,,,,,100,0,100,0,97,3,100,0,100,0,77,23,100,0,100,0,93,14300,23,23,,,,,100,8,100,8,200,0,,,,,,,,,,,,,,,,,,,,,,,,,,,100,33799,100,56778228600,100,146732241999,,,,,,,,,,
2019-07-24,S301GPTQ,ST4000DM000,4000787030016,0,107,13924864,,,95,0,100,5,100,0,89,817217866,,,62,34100,100,0,,,100,5,,,,,,,,,,,,,,,,,,,,,,,,,,,,,,,100,0,100,0,97,3,100,0,100,0,74,26,100,0,100,0,93,14300,26,26,,,,,100,8,100,8,200,0,,,,,,,,,,,,,,,,,,,,,,,,,,,100,33823,100,56792808000,100,146898225172,,,,,,,,,,
2019-07-25,S301GPTQ,ST4000DM000,4000787030016,0,115,89430752,,,95,0,100,5,100,0,89,818847868,,,62,34124,100,0,,,100,5,,,,,,,,,,,,,,,,,,,,,,,,,,,,,,,100,0,100,0,97,3,100,0,100,0,73,27,100,0,100,0,93,14300,27,27,,,,,100,8,100,8,200,0,,,,,,,,,,,,,,,,,,,,,,,,,,,100,33847,100,56798726328,100,147086245623,,,,,,,,,,
2019-07-26,S301GPTQ,ST4000DM000,4000787030016,0,118,176704472,,,95,0,100,5,100,0,89,820050135,,,62,34148,100,0,,,100,5,,,,,,,,,,,,,,,,,,,,,,,,,,,,,,,100,0,100,0,97,3,100,0,100,0,77,23,100,0,100,0,93,14300,23,23,,,,,100,8,100,8,200,0,,,,,,,,,,,,,,,,,,,,,,,,,,,100,33871,100,56821145016,100,147184040518,,,,,,,,,,
2019-07-27,S301GPTQ,ST4000DM000,4000787030016,0,117,143921200,,,95,0,100,5,100,0,89,821598450,,,61,34172,100,0,,,100,5,,,,,,,,,,,,,,,,,,,,,,,,,,,,,,,100,0,100,0,97,3,100,0,100,0,75,25,100,0,100,0,93,14300,25,25,,,,,100,8,100,8,200,0,,,,,,,,,,,,,,,,,,,,,,,,,,,100,33895,100,56847351728,100,147377369054,,,,,,,,,,
2019-07-28,S301GPTQ,ST4000DM000,4000787030016,0,114,60184296,,,95,0,100,5,100,0,89,823516958,,,61,34196,100,0,,,100,5,,,,,,,,,,,,,,,,,,,,,,,,,,,,,,,100,0,100,0,97,3,100,0,100,0,76,24,100,0,100,0,93,14300,24,24,,,,,100,8,100,8,200,0,,,,,,,,,,,,,,,,,,,,,,,,,,,100,33919,100,56861123784,100,147603312109,,,,,,,,,,
2019-07-29,S301GPTQ,ST4000DM000,4000787030016,0,118,179652384,,,95,0,100,5,100,0,89,824836823,,,61,34220,100,0,,,100,5,,,,,,,,,,,,,,,,,,,,,,,,,,,,,,,100,0,100,0,97,3,100,0,100,0,73,27,100,0,100,0,93,14300,27,27,,,,,100,8,100,8,200,0,,,,,,,,,,,,,,,,,,,,,,,,,,,100,33943,100,56879648120,100,147740020952,,,,,,,,,,
2019-07-30,S301GPTQ,ST4000DM000,4000787030016,0,118,191778296,,,95,0,100,5,100,0,89,826996345,,,61,34244,100,0,,,100,5,,,,,,,,,,,,,,,,,,,,,,,,,,,,,,,100,0,100,0,97,3,100,0,100,0,75,25,100,0,100,0,93,14300,25,25,,,,,100,8,100,8,200,0,,,,,,,,,,,,,,,,,,,,,,,,,,,100,33967,100,56903950120,100,147929841963,,,,,,,,,,
2019-07-31,S301GPTQ,ST4000DM000,4000787030016,0,119,231420824,,,95,0,100,5,100,0,89,829395773,,,61,34268,100,0,,,100,5,,,,,,,,,,,,,,,,,,,,,,,,,,,,,,,100,0,100,0,97,3,100,0,100,0,79,21,100,0,100,0,93,14300,21,21,,,,,100,8,100,8,200,0,,,,,,,,,,,,,,,,,,,,,,,,,,,100,33991,100,56922409672,100,148103562787,,,,,,,,,,
2019-08-01,S301GPTQ,ST4000DM000,4000787030016,0,114,73162728,,,95,0,100,5,100,0,89,830774616,,,61,34292,100,0,,,100,5,,,,,,,,,,,,,,,,,,,,,,,,,,,,,,,100,0,100,0,97,3,100,0,100,0,78,22,100,0,100,0,93,14300,22,22,,,,,100,8,100,8,200,0,,,,,,,,,,,,,,,,,,,,,,,,,,,100,34015,100,56938419712,100,148223936000,,,,,,,,,,
2019-08-02,S301GPTQ,ST4000DM000,4000787030016,0,117,166756104,,,95,0,100,5,100,0,89,832612882,,,61,34316,100,0,,,100,5,,,,,,,,,,,,,,,,,,,,,,,,,,,,,,,100,0,100,0,97,3,100,0,100,0,79,21,100,0,100,0,93,14300,21,21,,,,,100,8,100,8,200,0,,,,,,,,,,,,,,,,,,,,,,,,,,,100,34039,100,56958365648,100,148332210773,,,,,,,,,,
2019-08-03,S301GPTQ,ST4000DM000,4000787030016,0,119,228647208,,,95,0,100,5,100,0,89,833661732,,,61,34340,100,0,,,100,5,,,,,,,,,,,,,,,,,,,,,,,,,,,,,,,100,0,100,0,97,3,100,0,100,0,79,21,100,0,100,0,93,14300,21,21,,,,,100,8,100,8,200,0,,,,,,,,,,,,,,,,,,,,,,,,,,,100,34063,100,56984916376,100,148473503305,,,,,,,,,,
2019-08-04,S301GPTQ,ST4000DM000,4000787030016,0,117,155438176,,,95,0,100,5,100,0,89,835163228,,,61,34364,100,0,,,100,5,,,,,,,,,,,,,,,,,,,,,,,,,,,,,,,100,0,100,0,97,3,100,0,100,0,79,21,100,0,100,0,93,14300,21,21,,,,,100,8,100,8,200,0,,,,,,,,,,,,,,,,,,,,,,,,,,,100,34087,100,57010424152,100,148695690775,,,,,,,,,,
2019-08-05,S301GPTQ,ST4000DM000,4000787030016,0,119,203233368,,,95,0,100,5,100,0,89,836741885,,,61,34388,100,0,,,100,5,,,,,,,,,,,,,,,,,,,,,,,,,,,,,,,100,0,100,0,97,3,100,0,100,0,76,24,100,0,100,0,93,14300,24,24,,,,,100,8,100,8,200,0,,,,,,,,,,,,,,,,,,,,,,,,,,,100,34111,100,57039153784,100,148943828097,,,,,,,,,,
2019-08-06,S301GPTQ,ST4000DM000,4000787030016,0,119,212093192,,,95,0,100,5,100,0,89,840010323,,,61,34412,100,0,,,100,5,,,,,,,,,,,,,,,,,,,,,,,,,,,,,,,100,0,100,0,97,3,100,0,100,0,77,23,100,0,100,0,93,14300,23,23,,,,,100,8,100,8,200,0,,,,,,,,,,,,,,,,,,,,,,,,,,,100,34135,100,57068371432,100,149245743627,,,,,,,,,,
2019-08-07,S301GPTQ,ST4000DM000,4000787030016,0,117,125634256,,,95,0,100,5,100,0,89,841262103,,,61,34436,100,0,,,100,5,,,,,,,,,,,,,,,,,,,,,,,,,,,,,,,100,0,100,0,97,3,100,0,100,0,78,22,100,0,100,0,93,14300,22,22,,,,,100,8,100,8,200,0,,,,,,,,,,,,,,,,,,,,,,,,,,,100,34159,100,57090553232,100,149553232557,,,,,,,,,,
2019-08-08,S301GPTQ,ST4000DM000,4000787030016,0,118,182616328,,,95,0,100,5,100,0,89,843446829,,,61,34460,100,0,,,100,5,,,,,,,,,,,,,,,,,,,,,,,,,,,,,,,100,0,100,0,97,3,100,0,100,0,78,22,100,0,100,0,93,14300,22,22,,,,,100,8,100,8,200,0,,,,,,,,,,,,,,,,,,,,,,,,,,,100,34183,100,57111624800,100,149827824094,,,,,,,,,,
2019-08-09,S301GPTQ,ST4000DM000,4000787030016,0,100,3118592,,,95,0,100,5,100,0,89,845250146,,,61,34484,100,0,,,100,5,,,,,,,,,,,,,,,,,,,,,,,,,,,,,,,100,0,100,0,97,3,100,0,100,0,74,26,100,0,100,0,93,14300,26,26,,,,,100,8,100,8,200,0,,,,,,,,,,,,,,,,,,,,,,,,,,,100,34207,100,57138026376,100,149957586189,,,,,,,,,,
2019-08-10,S301GPTQ,ST4000DM000,4000787030016,0,117,141182968,,,95,0,100,5,100,0,89,846639197,,,61,34509,100,0,,,100,5,,,,,,,,,,,,,,,,,,,,,,,,,,,,,,,100,0,100,0,97,3,100,0,100,0,73,27,100,0,100,0,93,14300,27,27,,,,,100,8,100,8,200,0,,,,,,,,,,,,,,,,,,,,,,,,,,,100,34232,100,57162739968,100,150227700413,,,,,,,,,,
2019-08-11,S301GPTQ,ST4000DM000,4000787030016,0,114,60607096,,,95,0,100,5,100,0,89,848653455,,,61,34533,100,0,,,100,5,,,,,,,,,,,,,,,,,,,,,,,,,,,,,,,100,0,100,0,97,3,100,0,100,0,72,28,100,0,100,0,93,14300,28,28,,,,,100,8,100,8,200,0,,,,,,,,,,,,,,,,,,,,,,,,,,,100,34256,100,57182945392,100,150555032015,,,,,,,,,,
2019-08-12,S301GPTQ,ST4000DM000,4000787030016,0,111,32920728,,,95,0,100,5,100,0,89,850915677,,,61,34557,100,0,,,100,5,,,,,,,,,,,,,,,,,,,,,,,,,,,,,,,100,0,100,0,97,3,100,0,100,0,73,27,100,0,100,0,93,14300,27,27,,,,,100,8,100,8,200,0,,,,,,,,,,,,,,,,,,,,,,,,,,,100,34280,100,57209476224,100,150813036524,,,,,,,,,,
2019-08-13,S301GPTQ,ST4000DM000,4000787030016,0,117,121182592,,,95,0,100,5,100,0,89,853792285,,,61,34581,100,0,,,100,5,,,,,,,,,,,,,,,,,,,,,,,,,,,,,,,100,0,100,0,97,3,100,0,100,0,75,25,100,0,100,0,93,14300,25,25,,,,,100,8,100,8,200,0,,,,,,,,,,,,,,,,,,,,,,,,,,,100,34304,100,57233748232,100,151088789738,,,,,,,,,,
2019-08-14,S301GPTQ,ST4000DM000,4000787030016,0,117,139929408,,,95,0,100,5,100,0,89,856607879,,,61,34605,100,0,,,100,5,,,,,,,,,,,,,,,,,,,,,,,,,,,,,,,100,0,100,0,97,3,100,0,100,0,77,23,100,0,100,0,93,14300,23,23,,,,,100,8,100,8,200,0,,,,,,,,,,,,,,,,,,,,,,,,,,,100,34328,100,57257773896,100,151336829664,,,,,,,,,,
2019-08-15,S301GPTQ,ST4000DM000,4000787030016,0,114,68971176,,,95,0,100,5,100,0,89,858436179,,,61,34629,100,0,,,100,5,,,,,,,,,,,,,,,,,,,,,,,,,,,,,,,100,0,100,0,97,3,100,0,100,0,78,22,100,0,100,0,93,14300,22,22,,,,,100,8,100,8,200,0,,,,,,,,,,,,,,,,,,,,,,,,,,,100,34352,100,57276584088,100,151595083926,,,,,,,,,,
2019-08-16,S301GPTQ,ST4000DM000,4000787030016,0,117,118775696,,,95,0,100,5,100,0,89,860366097,,,61,34653,100,0,,,100,5,,,,,,,,,,,,,,,,,,,,,,,,,,,,,,,100,0,100,0,97,3,100,0,100,0,78,22,100,0,100,0,93,14300,22,22,,,,,100,8,100,8,200,0,,,,,,,,,,,,,,,,,,,,,,,,,,,100,34376,100,57308005856,100,151664677449,,,,,,,,,,
2019-08-17,S301GPTQ,ST4000DM000,4000787030016,0,114,80584576,,,95,0,100,5,100,0,89,861778308,,,61,34677,100,0,,,100,5,,,,,,,,,,,,,,,,,,,,,,,,,,,,,,,100,0,100,0,97,3,100,0,100,0,75,25,100,0,100,0,93,14300,25,25,,,,,100,8,100,8,200,0,,,,,,,,,,,,,,,,,,,,,,,,,,,100,34400,100,57327126400,100,151860594287,,,,,,,,,,
2019-08-18,S301GPTQ,ST4000DM000,4000787030016,0,105,10303592,,,95,0,100,5,100,0,89,863559407,,,61,34701,100,0,,,100,5,,,,,,,,,,,,,,,,,,,,,,,,,,,,,,,100,0,100,0,97,3,100,0,100,0,77,23,100,0,100,0,93,14300,23,23,,,,,100,8,100,8,200,0,,,,,,,,,,,,,,,,,,,,,,,,,,,100,34424,100,57348800912,100,152101933187,,,,,,,,,,
2019-08-19,S301GPTQ,ST4000DM000,4000787030016,0,117,144261240,,,95,0,100,5,100,0,89,865435087,,,61,34725,100,0,,,100,5,,,,,,,,,,,,,,,,,,,,,,,,,,,,,,,100,0,100,0,97,3,100,0,100,0,76,24,100,0,100,0,93,14300,24,24,,,,,100,8,100,8,200,0,,,,,,,,,,,,,,,,,,,,,,,,,,,100,34448,100,57365984848,100,152368698567,,,,,,,,,,
2019-08-20,S301GPTQ,ST4000DM000,4000787030016,0,118,189275520,,,95,0,100,5,100,0,89,868010479,,,61,34749,100,0,,,100,5,,,,,,,,,,,,,,,,,,,,,,,,,,,,,,,100,0,100,0,97,3,100,0,100,0,77,23,100,0,100,0,93,14300,23,23,,,,,100,8,100,8,200,0,,,,,,,,,,,,,,,,,,,,,,,,,,,100,34472,100,57394221112,100,152523289233,,,,,,,,,,
2019-08-21,S301GPTQ,ST4000DM000,4000787030016,0,116,104342992,,,95,0,100,5,100,0,89,869320050,,,61,34773,100,0,,,100,5,,,,,,,,,,,,,,,,,,,,,,,,,,,,,,,100,0,100,0,97,3,100,0,100,0,76,24,100,0,100,0,93,14300,24,24,,,,,100,8,100,8,200,0,,,,,,,,,,,,,,,,,,,,,,,,,,,100,34496,100,57415132656,100,152663419004,,,,,,,,,,
2019-08-22,S301GPTQ,ST4000DM000,4000787030016,0,119,233106544,,,95,0,100,5,100,0,89,871172989,,,61,34797,100,0,,,100,5,,,,,,,,,,,,,,,,,,,,,,,,,,,,,,,100,0,100,0,97,3,100,0,100,0,77,23,100,0,100,0,93,14300,23,23,,,,,100,8,100,8,200,0,,,,,,,,,,,,,,,,,,,,,,,,,,,100,34520,100,57442556208,100,152876861626,,,,,,,,,,
2019-08-23,S301GPTQ,ST4000DM000,4000787030016,0,113,58637512,,,95,0,100,5,100,0,89,872991169,,,61,34821,100,0,,,100,5,,,,,,,,,,,,,,,,,,,,,,,,,,,,,,,100,0,100,0,97,3,100,0,100,0,76,24,100,0,100,0,93,14300,24,24,,,,,100,8,100,8,200,0,,,,,,,,,,,,,,,,,,,,,,,,,,,100,34544,100,57468833824,100,152930589500,,,,,,,,,,
2019-08-24,S301GPTQ,ST4000DM000,4000787030016,0,118,183592488,,,95,0,100,5,100,0,89,874151001,,,61,34845,100,0,,,100,5,,,,,,,,,,,,,,,,,,,,,,,,,,,,,,,100,0,100,0,97,3,100,0,100,0,78,22,100,0,100,0,93,14300,22,22,,,,,100,8,100,8,200,0,,,,,,,,,,,,,,,,,,,,,,,,,,,100,34568,100,57488872112,100,153056882240,,,,,,,,,,
2019-08-25,S301GPTQ,ST4000DM000,4000787030016,0,117,166200400,,,95,0,100,5,100,0,89,875696012,,,61,34869,100,0,,,100,5,,,,,,,,,,,,,,,,,,,,,,,,,,,,,,,100,0,100,0,97,3,100,0,100,0,77,23,100,0,100,0,93,14300,23,23,,,,,100,8,100,8,200,0,,,,,,,,,,,,,,,,,,,,,,,,,,,100,34592,100,57505026832,100,153255174932,,,,,,,,,,
2019-08-26,S301GPTQ,ST4000DM000,4000787030016,0,117,131083088,,,95,0,100,5,100,0,89,879688442,,,61,34916,100,0,,,100,5,,,,,,,,,,,,,,,,,,,,,,,,,,,,,,,100,0,100,0,97,3,100,0,100,0,77,23,100,0,100,0,93,14300,23,23,,,,,100,8,100,8,200,0,,,,,,,,,,,,,,,,,,,,,,,,,,,100,34640,100,57542532480,100,153481415051,,,,,,,,,,
2019-08-27,S301GPTQ,ST4000DM000,4000787030016,0,117,131083088,,,95,0,100,5,100,0,89,879688442,,,61,34916,100,0,,,100,5,,,,,,,,,,,,,,,,,,,,,,,,,,,,,,,100,0,100,0,97,3,100,0,100,0,77,23,100,0,100,0,93,14300,23,23,,,,,100,8,100,8,200,0,,,,,,,,,,,,,,,,,,,,,,,,,,,100,34640,100,57542532480,100,153481415051,,,,,,,,,,
2019-08-28,S301GPTQ,ST4000DM000,4000787030016,0,118,173025792,,,95,0,100,5,100,0,89,883170240,,,61,34940,100,0,,,100,5,,,,,,,,,,,,,,,,,,,,,,,,,,,,,,,100,0,100,0,97,3,100,0,100,0,77,23,100,0,100,0,93,14300,23,23,,,,,100,8,100,8,200,0,,,,,,,,,,,,,,,,,,,,,,,,,,,100,34664,100,57560890912,100,153592334662,,,,,,,,,,
2019-08-29,S301GPTQ,ST4000DM000,4000787030016,0,119,216786224,,,95,0,100,5,100,0,89,884459372,,,61,34964,100,0,,,100,5,,,,,,,,,,,,,,,,,,,,,,,,,,,,,,,100,0,100,0,97,3,100,0,100,0,78,22,100,0,100,0,93,14300,22,22,,,,,100,8,100,8,200,0,,,,,,,,,,,,,,,,,,,,,,,,,,,100,34688,100,57578787416,100,153717253409,,,,,,,,,,
2019-08-30,S301GPTQ,ST4000DM000,4000787030016,0,118,189894400,,,95,0,100,5,100,0,89,886131519,,,61,34988,100,0,,,100,5,,,,,,,,,,,,,,,,,,,,,,,,,,,,,,,100,0,100,0,97,3,100,0,100,0,78,22,100,0,100,0,93,14300,22,22,,,,,100,8,100,8,200,0,,,,,,,,,,,,,,,,,,,,,,,,,,,100,34711,100,57601300952,100,153753647194,,,,,,,,,,
2019-08-31,S301GPTQ,ST4000DM000,4000787030016,0,116,108864584,,,95,0,100,5,100,0,89,888038882,,,61,35012,100,0,,,100,5,,,,,,,,,,,,,,,,,,,,,,,,,,,,,,,100,0,100,0,97,3,100,0,100,0,77,23,100,0,100,0,93,14300,23,23,,,,,100,8,100,8,200,0,,,,,,,,,,,,,,,,,,,,,,,,,,,100,34735,100,57627984224,100,153956333808,,,,,,,,,,
2019-09-01,S301GPTQ,ST4000DM000,4000787030016,0,110,26892496,,,95,0,100,5,100,0,89,889671155,,,61,35036,100,0,,,100,5,,,,,,,,,,,,,,,,,,,,,,,,,,,,,,,100,0,100,0,97,3,100,0,100,0,77,23,100,0,100,0,93,14300,23,23,,,,,100,8,100,8,200,0,,,,,,,,,,,,,,,,,,,,,,,,,,,100,34759,100,57649930648,100,154081633093,,,,,,,,,,
2019-09-02,S301GPTQ,ST4000DM000,4000787030016,0,114,63743128,,,95,0,100,5,100,0,89,890644486,,,60,35060,100,0,,,100,5,,,,,,,,,,,,,,,,,,,,,,,,,,,,,,,100,0,100,0,97,3,100,0,100,0,77,23,100,0,100,0,93,14300,23,23,,,,,100,8,100,8,200,0,,,,,,,,,,,,,,,,,,,,,,,,,,,100,34783,100,57669437960,100,154224224370,,,,,,,,,,
2019-09-03,S301GPTQ,ST4000DM000,4000787030016,0,112,43687056,,,95,0,100,5,100,0,89,893458125,,,60,35084,100,0,,,100,5,,,,,,,,,,,,,,,,,,,,,,,,,,,,,,,100,0,100,0,97,3,100,0,100,0,78,22,100,0,100,0,93,14300,22,22,,,,,100,8,100,8,200,0,,,,,,,,,,,,,,,,,,,,,,,,,,,100,34807,100,57705351720,100,154448739310,,,,,,,,,,
2019-09-04,S301GPTQ,ST4000DM000,4000787030016,0,117,157847192,,,95,0,100,5,100,0,89,895257061,,,60,35108,100,0,,,100,5,,,,,,,,,,,,,,,,,,,,,,,,,,,,,,,100,0,100,0,97,3,100,0,100,0,78,22,100,0,100,0,93,14300,22,22,,,,,100,8,100,8,200,0,,,,,,,,,,,,,,,,,,,,,,,,,,,100,34831,100,57731433072,100,154687242266,,,,,,,,,,
2019-09-05,S301GPTQ,ST4000DM000,4000787030016,0,117,118364584,,,95,0,100,5,100,0,89,897096322,,,60,35132,100,0,,,100,5,,,,,,,,,,,,,,,,,,,,,,,,,,,,,,,100,0,100,0,97,3,100,0,100,0,76,24,100,0,100,0,93,14300,24,24,,,,,100,8,100,8,200,0,,,,,,,,,,,,,,,,,,,,,,,,,,,100,34855,100,57755872552,100,154950172417,,,,,,,,,,
2019-09-06,S301GPTQ,ST4000DM000,4000787030016,0,108,15211032,,,95,0,100,5,100,0,89,898898063,,,60,35156,100,0,,,100,5,,,,,,,,,,,,,,,,,,,,,,,,,,,,,,,100,0,100,0,97,3,100,0,100,0,76,24,100,0,100,0,93,14300,24,24,,,,,100,8,100,8,200,0,,,,,,,,,,,,,,,,,,,,,,,,,,,100,34879,100,57780284608,100,155178059680,,,,,,,,,,
2019-09-07,S301GPTQ,ST4000DM000,4000787030016,0,117,122004064,,,95,0,100,5,100,0,89,900266458,,,60,35180,100,0,,,100,5,,,,,,,,,,,,,,,,,,,,,,,,,,,,,,,100,0,100,0,97,3,100,0,100,0,77,23,100,0,100,0,93,14300,23,23,,,,,100,8,100,8,200,0,,,,,,,,,,,,,,,,,,,,,,,,,,,100,34903,100,57805992472,100,155468737620,,,,,,,,,,
2019-09-08,S301GPTQ,ST4000DM000,4000787030016,0,118,198901920,,,95,0,100,5,100,0,89,901332997,,,60,35204,100,0,,,100,5,,,,,,,,,,,,,,,,,,,,,,,,,,,,,,,100,0,100,0,97,3,100,0,100,0,76,24,100,0,100,0,93,14300,24,24,,,,,100,8,100,8,200,0,,,,,,,,,,,,,,,,,,,,,,,,,,,100,34927,100,57825585704,100,155740536975,,,,,,,,,,
2019-09-09,S301GPTQ,ST4000DM000,4000787030016,0,118,183603848,,,95,0,100,5,100,0,89,902608479,,,60,35228,100,0,,,100,5,,,,,,,,,,,,,,,,,,,,,,,,,,,,,,,100,0,100,0,97,3,100,0,100,0,77,23,100,0,100,0,93,14300,23,23,,,,,100,8,100,8,200,0,,,,,,,,,,,,,,,,,,,,,,,,,,,100,34951,100,57853141776,100,156001386609,,,,,,,,,,
2019-09-10,S301GPTQ,ST4000DM000,4000787030016,0,116,106204120,,,95,0,100,5,100,0,89,905485202,,,60,35252,100,0,,,100,5,,,,,,,,,,,,,,,,,,,,,,,,,,,,,,,100,0,100,0,97,3,100,0,100,0,78,22,100,0,100,0,93,14300,22,22,,,,,100,8,100,8,200,0,,,,,,,,,,,,,,,,,,,,,,,,,,,100,34975,100,57879998224,100,156333052553,,,,,,,,,,
2019-09-11,S301GPTQ,ST4000DM000,4000787030016,0,119,218221832,,,95,0,100,5,100,0,89,909542335,,,60,35288,100,0,,,100,5,,,,,,,,,,,,,,,,,,,,,,,,,,,,,,,100,0,100,0,97,3,100,0,100,0,77,23,100,0,100,0,93,14300,23,23,,,,,100,8,100,8,200,0,,,,,,,,,,,,,,,,,,,,,,,,,,,100,35011,100,57918140576,100,156450757228,,,,,,,,,,
2019-09-12,S301GPTQ,ST4000DM000,4000787030016,0,112,45425104,,,95,0,100,5,100,0,89,911365854,,,60,35312,100,0,,,100,5,,,,,,,,,,,,,,,,,,,,,,,,,,,,,,,100,0,100,0,97,3,100,0,100,0,77,23,100,0,100,0,93,14300,23,23,,,,,100,8,100,8,200,0,,,,,,,,,,,,,,,,,,,,,,,,,,,100,35035,100,57941479800,100,156575592968,,,,,,,,,,
2019-09-13,S301GPTQ,ST4000DM000,4000787030016,0,118,188350256,,,95,0,100,5,100,0,89,913610940,,,60,35336,100,0,,,100,5,,,,,,,,,,,,,,,,,,,,,,,,,,,,,,,100,0,100,0,97,3,100,0,100,0,78,22,100,0,100,0,93,14300,22,22,,,,,100,8,100,8,200,0,,,,,,,,,,,,,,,,,,,,,,,,,,,100,35059,100,57968395904,100,156740784256,,,,,,,,,,
2019-09-14,S301GPTQ,ST4000DM000,4000787030016,0,119,231406584,,,95,0,100,5,100,0,89,915710833,,,60,35360,100,0,,,100,5,,,,,,,,,,,,,,,,,,,,,,,,,,,,,,,100,0,100,0,97,3,100,0,100,0,76,24,100,0,100,0,93,14300,24,24,,,,,100,8,100,8,200,0,,,,,,,,,,,,,,,,,,,,,,,,,,,100,35083,100,57999642608,100,157030911736,,,,,,,,,,
2019-09-15,S301GPTQ,ST4000DM000,4000787030016,0,112,41954344,,,95,0,100,5,100,0,89,917448315,,,60,35383,100,0,,,100,5,,,,,,,,,,,,,,,,,,,,,,,,,,,,,,,100,0,100,0,97,3,100,0,100,0,76,24,100,0,100,0,93,14300,24,24,,,,,100,8,100,8,200,0,,,,,,,,,,,,,,,,,,,,,,,,,,,100,35107,100,58026781456,100,157283628968,,,,,,,,,,
2019-09-16,S301GPTQ,ST4000DM000,4000787030016,0,118,180013808,,,95,0,100,5,100,0,89,919399182,,,60,35407,100,0,,,100,5,,,,,,,,,,,,,,,,,,,,,,,,,,,,,,,100,0,100,0,97,3,100,0,100,0,75,25,100,0,100,0,93,14300,25,25,,,,,100,8,100,8,200,0,,,,,,,,,,,,,,,,,,,,,,,,,,,100,35131,100,58051393568,100,157541963491,,,,,,,,,,
2019-09-17,S301GPTQ,ST4000DM000,4000787030016,0,117,155325336,,,95,0,100,5,100,0,89,922734968,,,60,35431,100,0,,,100,5,,,,,,,,,,,,,,,,,,,,,,,,,,,,,,,100,0,100,0,97,3,100,0,100,0,76,24,100,0,100,0,93,14300,24,24,,,,,100,8,100,8,200,0,,,,,,,,,,,,,,,,,,,,,,,,,,,100,35154,100,58079482096,100,157676943121,,,,,,,,,,
2019-09-18,S301GPTQ,ST4000DM000,4000787030016,0,120,243003816,,,95,0,100,5,100,0,89,923463678,,,60,35443,100,0,,,100,5,,,,,,,,,,,,,,,,,,,,,,,,,,,,,,,100,0,100,0,97,3,100,0,100,0,73,27,100,0,100,0,93,14300,27,27,,,,,100,8,100,8,200,0,,,,,,,,,,,,,,,,,,,,,,,,,,,100,35166,100,58089274824,100,157743855469,,,,,,,,,,
2019-09-19,S301GPTQ,ST4000DM000,4000787030016,0,118,181580240,,,95,0,100,5,100,0,89,926466421,,,60,35467,100,0,,,100,5,,,,,,,,,,,,,,,,,,,,,,,,,,,,,,,100,0,100,0,97,3,100,0,100,0,76,24,100,0,100,0,93,14300,24,24,,,,,100,8,100,8,200,0,,,,,,,,,,,,,,,,,,,,,,,,,,,100,35190,100,58097474648,100,158115750103,,,,,,,,,,
2019-09-20,S301GPTQ,ST4000DM000,4000787030016,0,115,90636224,,,95,0,100,5,100,0,89,930020137,,,60,35491,100,0,,,100,5,,,,,,,,,,,,,,,,,,,,,,,,,,,,,,,100,0,100,0,97,3,100,0,100,0,72,28,100,0,100,0,93,14300,28,28,,,,,100,8,100,8,200,0,,,,,,,,,,,,,,,,,,,,,,,,,,,100,35214,100,58100287576,100,158506601063,,,,,,,,,,
2019-09-21,S301GPTQ,ST4000DM000,4000787030016,0,108,16291296,,,95,0,100,5,100,0,89,933098579,,,60,35515,100,0,,,100,5,,,,,,,,,,,,,,,,,,,,,,,,,,,,,,,100,0,100,0,97,3,100,0,100,0,77,23,100,0,100,0,93,14300,23,23,,,,,100,8,100,8,200,0,,,,,,,,,,,,,,,,,,,,,,,,,,,100,35238,100,58105109672,100,158826115447,,,,,,,,,,
2019-09-22,S301GPTQ,ST4000DM000,4000787030016,0,111,30506056,,,95,0,100,5,100,0,89,936362739,,,60,35539,100,0,,,100,5,,,,,,,,,,,,,,,,,,,,,,,,,,,,,,,100,0,100,0,97,3,100,0,100,0,77,23,100,0,100,0,93,14300,23,23,,,,,100,8,100,8,200,0,,,,,,,,,,,,,,,,,,,,,,,,,,,100,35262,100,58109753016,100,159132918721,,,,,,,,,,
2019-09-23,S301GPTQ,ST4000DM000,4000787030016,0,120,243831064,,,95,0,100,5,100,0,89,939514457,,,60,35563,100,0,,,100,5,,,,,,,,,,,,,,,,,,,,,,,,,,,,,,,100,0,100,0,97,3,100,0,100,0,77,23,100,0,100,0,93,14300,23,23,,,,,100,8,100,8,200,0,,,,,,,,,,,,,,,,,,,,,,,,,,,100,35286,100,58118364624,100,159395935945,,,,,,,,,,
2019-09-24,S301GPTQ,ST4000DM000,4000787030016,0,117,167051376,,,95,0,100,5,100,0,90,942884439,,,60,35587,100,0,,,100,5,,,,,,,,,,,,,,,,,,,,,,,,,,,,,,,100,0,100,0,97,3,100,0,100,0,77,23,100,0,100,0,93,14300,23,23,,,,,100,8,100,8,200,0,,,,,,,,,,,,,,,,,,,,,,,,,,,100,35310,100,58124701312,100,159723352045,,,,,,,,,,
2019-09-25,S301GPTQ,ST4000DM000,4000787030016,0,115,93713848,,,95,0,100,5,100,0,90,947834581,,,60,35623,100,0,,,100,5,,,,,,,,,,,,,,,,,,,,,,,,,,,,,,,100,0,100,0,97,3,100,0,100,0,77,23,100,0,100,0,93,14300,23,23,,,,,100,8,100,8,200,0,,,,,,,,,,,,,,,,,,,,,,,,,,,100,35346,100,58145266400,100,160148067128,,,,,,,,,,
2019-09-26,S301GPTQ,ST4000DM000,4000787030016,0,111,39533936,,,95,0,100,5,100,0,90,950740748,,,60,35647,100,0,,,100,5,,,,,,,,,,,,,,,,,,,,,,,,,,,,,,,100,0,100,0,97,3,100,0,100,0,78,22,100,0,100,0,93,14300,22,22,,,,,100,8,100,8,200,0,,,,,,,,,,,,,,,,,,,,,,,,,,,100,35370,100,58162336080,100,160435336533,,,,,,,,,,
2019-09-27,S301GPTQ,ST4000DM000,4000787030016,0,112,43452496,,,95,0,100,5,100,0,90,954248295,,,60,35671,100,0,,,100,5,,,,,,,,,,,,,,,,,,,,,,,,,,,,,,,100,0,100,0,97,3,100,0,100,0,77,23,100,0,100,0,93,14300,23,23,,,,,100,8,100,8,200,0,,,,,,,,,,,,,,,,,,,,,,,,,,,100,35394,100,58167419368,100,160870357891,,,,,,,,,,
2019-09-28,S301GPTQ,ST4000DM000,4000787030016,0,119,232097624,,,95,0,100,5,100,0,90,957432198,,,60,35695,100,0,,,100,5,,,,,,,,,,,,,,,,,,,,,,,,,,,,,,,100,0,100,0,97,3,100,0,100,0,77,23,100,0,100,0,93,14300,23,23,,,,,100,8,100,8,200,0,,,,,,,,,,,,,,,,,,,,,,,,,,,100,35418,100,58176177328,100,161482386640,,,,,,,,,,
2019-09-29,S301GPTQ,ST4000DM000,4000787030016,0,114,68483016,,,95,0,100,5,100,0,90,959129256,,,60,35707,100,0,,,100,5,,,,,,,,,,,,,,,,,,,,,,,,,,,,,,,100,0,100,0,97,3,100,0,100,0,77,23,100,0,100,0,93,14300,23,23,,,,,100,8,100,8,200,0,,,,,,,,,,,,,,,,,,,,,,,,,,,100,35430,100,58179191032,100,161699592467,,,,,,,,,,
2019-09-30,S301GPTQ,ST4000DM000,4000787030016,0,117,118420608,,,95,0,100,5,100,0,90,962276557,,,60,35731,100,0,,,100,5,,,,,,,,,,,,,,,,,,,,,,,,,,,,,,,100,0,100,0,97,3,100,0,100,0,78,22,100,0,100,0,93,14300,22,22,,,,,100,8,100,8,200,0,,,,,,,,,,,,,,,,,,,,,,,,,,,100,35454,100,58184312056,100,162014744521,,,,,,,,,,
2019-10-01,S301GPTQ,ST4000DM000,4000787030016,0,114,71543464,,,95,0,100,5,100,0,90,965705032,,,60,35755,100,0,,,100,5,,,,,,,,,,,,,,,,,,,,,,,,,,,,,,,,,100,0,100,0,97,3,100,0,100,0,78,22,100,0,100,0,93,14300,22,22,,,,,100,8,100,8,200,0,,,,,,,,,,,,,,,,,,,,,,,,,,,100,35478,100,58190014000,100,162377270746,,,,,,,,,,
2019-10-02,S301GPTQ,ST4000DM000,4000787030016,0,116,106170520,,,95,0,100,5,100,0,90,970879682,,,60,35790,100,0,,,100,5,,,,,,,,,,,,,,,,,,,,,,,,,,,,,,,,,100,0,100,0,97,3,100,0,100,0,77,23,100,0,100,0,93,14300,23,23,,,,,100,8,100,8,200,0,,,,,,,,,,,,,,,,,,,,,,,,,,,100,35514,100,58209998992,100,162877483630,,,,,,,,,,
2019-10-03,S301GPTQ,ST4000DM000,4000787030016,0,118,185286648,,,95,0,100,5,100,0,90,975524152,,,60,35814,100,0,,,100,5,,,,,,,,,,,,,,,,,,,,,,,,,,,,,,,,,100,0,100,0,97,3,100,0,100,0,76,24,100,0,100,0,93,14300,24,24,,,,,100,8,100,8,200,0,,,,,,,,,,,,,,,,,,,,,,,,,,,100,35538,100,58213806856,100,163357404791,,,,,,,,,,
2019-10-04,S301GPTQ,ST4000DM000,4000787030016,0,105,9796808,,,95,0,100,5,100,0,90,977699146,,,60,35826,100,0,,,100,5,,,,,,,,,,,,,,,,,,,,,,,,,,,,,,,,,100,0,100,0,97,3,100,0,100,0,77,23,100,0,100,0,93,14300,23,23,,,,,100,8,100,8,200,0,,,,,,,,,,,,,,,,,,,,,,,,,,,100,35550,100,58215819504,100,163563514488,,,,,,,,,,
2019-10-05,S301GPTQ,ST4000DM000,4000787030016,0,115,85984680,,,95,0,100,5,100,0,90,981508010,,,60,35851,100,0,,,100,5,,,,,,,,,,,,,,,,,,,,,,,,,,,,,,,,,100,0,100,0,97,3,100,0,100,0,76,24,100,0,100,0,93,14300,24,24,,,,,100,8,100,8,200,0,,,,,,,,,,,,,,,,,,,,,,,,,,,100,35574,100,58237875512,100,163929598340,,,,,,,,,,
2019-10-06,S301GPTQ,ST4000DM000,4000787030016,0,118,198246256,,,95,0,100,5,100,0,90,985976537,,,60,35874,100,0,,,100,5,,,,,,,,,,,,,,,,,,,,,,,,,,,,,,,,,100,0,100,0,97,3,100,0,100,0,77,23,100,0,100,0,93,14300,23,23,,,,,100,8,100,8,200,0,,,,,,,,,,,,,,,,,,,,,,,,,,,100,35598,100,58242900576,100,164343615407,,,,,,,,,,
2019-10-07,S301GPTQ,ST4000DM000,4000787030016,0,115,96205128,,,95,0,100,5,100,0,90,990024857,,,60,35898,100,0,,,100,5,,,,,,,,,,,,,,,,,,,,,,,,,,,,,,,,,100,0,100,0,97,3,100,0,100,0,77,23,100,0,100,0,93,14300,23,23,,,,,100,8,100,8,200,0,,,,,,,,,,,,,,,,,,,,,,,,,,,100,35621,100,58247688184,100,164839250229,,,,,,,,,,
2019-10-08,S301GPTQ,ST4000DM000,4000787030016,0,119,226325736,,,95,0,100,5,100,0,90,994000020,,,59,35922,100,0,,,100,5,,,,,,,,,,,,,,,,,,,,,,,,,,,,,,,,,100,0,100,0,97,3,100,0,100,0,77,23,100,0,100,0,93,14300,23,23,,,,,100,8,100,8,200,0,,,,,,,,,,,,,,,,,,,,,,,,,,,100,35645,100,58252858992,100,165252789225,,,,,,,,,,
2019-10-09,S301GPTQ,ST4000DM000,4000787030016,0,117,121376424,,,95,0,100,5,100,0,90,997766175,,,59,35946,100,0,,,100,5,,,,,,,,,,,,,,,,,,,,,,,,,,,,,,,,,100,0,100,0,97,3,100,0,100,0,79,21,100,0,100,0,93,14300,21,21,,,,,100,8,100,8,200,0,,,,,,,,,,,,,,,,,,,,,,,,,,,100,35669,100,58258810248,100,165597648403,,,,,,,,,,
2019-10-10,S301GPTQ,ST4000DM000,4000787030016,0,119,213765136,,,95,0,100,5,100,0,61,1439744,,,59,35970,100,0,,,100,5,,,,,,,,,,,,,,,,,,,,,,,,,,,,,,,,,100,0,100,0,97,3,100,0,100,0,76,24,100,0,100,0,93,14300,24,24,,,,,100,8,100,8,200,0,,,,,,,,,,,,,,,,,,,,,,,,,,,100,35693,100,58264624760,100,165933467027,,,,,,,,,,
2019-10-11,S301GPTQ,ST4000DM000,4000787030016,0,114,73832560,,,95,0,100,5,100,0,66,4267913,,,59,35994,100,0,,,100,5,,,,,,,,,,,,,,,,,,,,,,,,,,,,,,,,,100,0,100,0,97,3,100,0,100,0,77,23,100,0,100,0,93,14300,23,23,,,,,100,8,100,8,200,0,,,,,,,,,,,,,,,,,,,,,,,,,,,100,35717,100,58285326480,100,166155439281,,,,,,,,,,
2019-10-12,S301GPTQ,ST4000DM000,4000787030016,0,117,149322208,,,95,0,100,5,100,0,69,7991068,,,59,36018,100,0,,,100,5,,,,,,,,,,,,,,,,,,,,,,,,,,,,,,,,,100,0,100,0,97,3,100,0,100,0,75,25,100,0,100,0,93,14300,25,25,,,,,100,8,100,8,200,0,,,,,,,,,,,,,,,,,,,,,,,,,,,100,35741,100,58288644488,100,166599684427,,,,,,,,,,
2019-10-13,S301GPTQ,ST4000DM000,4000787030016,0,117,126909344,,,95,0,100,5,100,0,70,11804445,,,59,36042,100,0,,,100,5,,,,,,,,,,,,,,,,,,,,,,,,,,,,,,,,,100,0,100,0,97,3,100,0,100,0,76,24,100,0,100,0,93,14300,24,24,,,,,100,8,100,8,200,0,,,,,,,,,,,,,,,,,,,,,,,,,,,100,35765,100,58312405704,100,166850289245,,,,,,,,,,
2019-10-14,S301GPTQ,ST4000DM000,4000787030016,0,119,212599672,,,95,0,100,5,100,0,71,14054990,,,59,36066,100,0,,,100,5,,,,,,,,,,,,,,,,,,,,,,,,,,,,,,,,,100,0,100,0,97,3,100,0,100,0,76,24,100,0,100,0,93,14300,24,24,,,,,100,8,100,8,200,0,,,,,,,,,,,,,,,,,,,,,,,,,,,100,35789,100,58387870992,100,166994684905,,,,,,,,,,
2019-10-15,S301GPTQ,ST4000DM000,4000787030016,0,117,155336584,,,95,0,100,5,100,0,72,20679897,,,59,36126,100,0,,,100,5,,,,,,,,,,,,,,,,,,,,,,,,,,,,,,,,,100,0,100,0,97,3,100,0,100,0,76,24,100,0,100,0,93,14300,24,24,,,,,100,8,100,8,200,0,,,,,,,,,,,,,,,,,,,,,,,,,,,100,35849,100,58580173712,100,167451106751,,,,,,,,,,
2019-10-16,S301GPTQ,ST4000DM000,4000787030016,0,117,155336584,,,95,0,100,5,100,0,72,20679897,,,59,36126,100,0,,,100,5,,,,,,,,,,,,,,,,,,,,,,,,,,,,,,,,,100,0,100,0,97,3,100,0,100,0,76,24,100,0,100,0,93,14300,24,24,,,,,100,8,100,8,200,0,,,,,,,,,,,,,,,,,,,,,,,,,,,100,35849,100,58580173712,100,167451106751,,,,,,,,,,
2019-10-17,S301GPTQ,ST4000DM000,4000787030016,0,119,230413728,,,95,0,100,5,100,0,73,22818481,,,59,36149,100,0,,,100,5,,,,,,,,,,,,,,,,,,,,,,,,,,,,,,,,,100,0,100,0,97,3,100,0,100,0,76,24,100,0,100,0,93,14300,24,24,,,,,100,8,100,8,200,0,,,,,,,,,,,,,,,,,,,,,,,,,,,100,35872,100,58655380648,100,167537100502,,,,,,,,,,
2019-10-18,S301GPTQ,ST4000DM000,4000787030016,0,117,124269136,,,95,0,100,5,100,0,73,24885941,,,59,36173,100,0,,,100,5,,,,,,,,,,,,,,,,,,,,,,,,,,,,,,,,,100,0,100,0,97,3,100,0,100,0,77,23,100,0,100,0,93,14300,23,23,,,,,100,8,100,8,200,0,,,,,,,,,,,,,,,,,,,,,,,,,,,100,35896,100,58730646728,100,167620549775,,,,,,,,,,
2019-10-19,S301GPTQ,ST4000DM000,4000787030016,0,114,71322520,,,95,0,100,5,100,0,74,25978647,,,59,36185,100,0,,,100,5,,,,,,,,,,,,,,,,,,,,,,,,,,,,,,,,,100,0,100,0,97,3,100,0,100,0,77,23,100,0,100,0,93,14300,23,23,,,,,100,8,100,8,200,0,,,,,,,,,,,,,,,,,,,,,,,,,,,100,35908,100,58762768736,100,167719822886,,,,,,,,,,
2019-10-20,S301GPTQ,ST4000DM000,4000787030016,0,111,39006552,,,95,0,100,5,100,0,74,27569946,,,59,36209,100,0,,,100,5,,,,,,,,,,,,,,,,,,,,,,,,,,,,,,,,,100,0,100,0,97,3,100,0,100,0,75,25,100,0,100,0,93,14300,25,25,,,,,100,8,100,8,200,0,,,,,,,,,,,,,,,,,,,,,,,,,,,100,35932,100,58813105768,100,167840151067,,,,,,,,,,
2019-10-21,S301GPTQ,ST4000DM000,4000787030016,0,111,39280656,,,95,0,100,5,100,0,74,28658430,,,59,36233,100,0,,,100,5,,,,,,,,,,,,,,,,,,,,,,,,,,,,,,,,,100,0,100,0,97,3,100,0,100,0,76,24,100,0,100,0,93,14300,24,24,,,,,100,8,100,8,200,0,,,,,,,,,,,,,,,,,,,,,,,,,,,100,35956,100,58840887680,100,167940574863,,,,,,,,,,
2019-10-22,S301GPTQ,ST4000DM000,4000787030016,0,109,24433152,,,95,0,100,5,100,0,74,29070104,,,59,36245,100,0,,,100,5,,,,,,,,,,,,,,,,,,,,,,,,,,,,,,,,,100,0,100,0,97,3,100,0,100,0,76,24,100,0,100,0,93,14300,24,24,,,,,100,8,100,8,200,0,,,,,,,,,,,,,,,,,,,,,,,,,,,100,35968,100,58859825064,100,167958840912,,,,,,,,,,
2019-10-23,S301GPTQ,ST4000DM000,4000787030016,0,118,187078496,,,95,0,100,5,100,0,75,32720929,,,59,36281,100,0,,,100,5,,,,,,,,,,,,,,,,,,,,,,,,,,,,,,,,,100,0,100,0,97,3,100,0,100,0,75,25,100,0,100,0,93,14300,25,25,,,,,100,8,100,8,200,0,,,,,,,,,,,,,,,,,,,,,,,,,,,100,36004,100,58905456544,100,168177812309,,,,,,,,,,
2019-10-24,S301GPTQ,ST4000DM000,4000787030016,0,115,99725992,,,95,0,100,5,100,0,75,34354027,,,59,36305,100,0,,,100,5,,,,,,,,,,,,,,,,,,,,,,,,,,,,,,,,,100,0,100,0,97,3,100,0,100,0,77,23,100,0,100,0,93,14300,23,23,,,,,100,8,100,8,200,0,,,,,,,,,,,,,,,,,,,,,,,,,,,100,36028,100,58932340344,100,168341803306,,,,,,,,,,
2019-10-25,S301GPTQ,ST4000DM000,4000787030016,0,118,193478136,,,95,0,100,5,100,0,75,36184895,,,59,36329,100,0,,,100,5,,,,,,,,,,,,,,,,,,,,,,,,,,,,,,,,,100,0,100,0,97,3,100,0,100,0,76,24,100,0,100,0,93,14300,24,24,,,,,100,8,100,8,200,0,,,,,,,,,,,,,,,,,,,,,,,,,,,100,36052,100,58957115920,100,168390442140,,,,,,,,,,
2019-10-26,S301GPTQ,ST4000DM000,4000787030016,0,106,11898584,,,95,0,100,5,100,0,75,39292909,,,59,36353,100,0,,,100,5,,,,,,,,,,,,,,,,,,,,,,,,,,,,,,,,,100,0,100,0,97,3,100,0,100,0,77,23,100,0,100,0,93,14300,23,23,,,,,100,8,100,8,200,0,,,,,,,,,,,,,,,,,,,,,,,,,,,100,36076,100,59003989736,100,168502848298,,,,,,,,,,
2019-10-27,S301GPTQ,ST4000DM000,4000787030016,0,119,203573176,,,95,0,100,5,100,0,75,40123094,,,59,36377,100,0,,,100,5,,,,,,,,,,,,,,,,,,,,,,,,,,,,,,,,,100,0,100,0,97,3,100,0,100,0,76,24,100,0,100,0,93,14300,24,24,,,,,100,8,100,8,200,0,,,,,,,,,,,,,,,,,,,,,,,,,,,100,36100,100,59029951376,100,168555958408,,,,,,,,,,
2019-10-28,S301GPTQ,ST4000DM000,4000787030016,0,111,34109440,,,95,0,100,5,100,0,75,40985882,,,59,36400,100,0,,,100,5,,,,,,,,,,,,,,,,,,,,,,,,,,,,,,,,,100,0,100,0,97,3,100,0,100,0,75,25,100,0,100,0,93,14300,25,25,,,,,100,8,100,8,200,0,,,,,,,,,,,,,,,,,,,,,,,,,,,100,36124,100,59053781152,100,168628541471,,,,,,,,,,
2019-10-29,S301GPTQ,ST4000DM000,4000787030016,0,114,71644864,,,95,0,100,5,100,0,76,42827621,,,59,36424,100,0,,,100,5,,,,,,,,,,,,,,,,,,,,,,,,,,,,,,,,,100,0,100,0,97,3,100,0,100,0,75,25,100,0,100,0,93,14300,25,25,,,,,100,8,100,8,200,0,,,,,,,,,,,,,,,,,,,,,,,,,,,100,36147,100,59079336264,100,168709135375,,,,,,,,,,
2019-10-30,S301GPTQ,ST4000DM000,4000787030016,0,118,174686368,,,95,0,100,5,100,0,76,44550191,,,59,36448,100,0,,,100,5,,,,,,,,,,,,,,,,,,,,,,,,,,,,,,,,,100,0,100,0,97,3,100,0,100,0,76,24,100,0,100,0,93,14300,24,24,,,,,100,8,100,8,200,0,,,,,,,,,,,,,,,,,,,,,,,,,,,100,36171,100,59094799448,100,168840103781,,,,,,,,,,
2019-10-31,S301GPTQ,ST4000DM000,4000787030016,0,114,71486384,,,95,0,100,5,100,0,76,45837516,,,59,36472,100,0,,,100,5,,,,,,,,,,,,,,,,,,,,,,,,,,,,,,,,,100,0,100,0,97,3,100,0,100,0,75,25,100,0,100,0,93,14300,25,25,,,,,100,8,100,8,200,0,,,,,,,,,,,,,,,,,,,,,,,,,,,100,36195,100,59108537256,100,168977492523,,,,,,,,,,
2019-11-01,S301GPTQ,ST4000DM000,4000787030016,0,113,51708224,,,94,0,100,6,100,0,76,49663871,,,59,36508,100,0,,,100,6,,,,,,,,,,,,,,,,,,,,,,,,,,,,,,,,,98,2,100,0,97,3,100,0,100,0,78,22,100,0,100,0,93,14301,22,22,,,,,100,8,100,8,200,0,,,,,,,,,,,,,,,,,,,,,,,,,,,100,36231,100,59115304544,100,169229538200,,,,,,,,,,
2019-11-02,S301GPTQ,ST4000DM000,4000787030016,0,112,47532440,,,94,0,100,6,100,0,77,52668980,,,59,36532,100,0,,,100,6,,,,,,,,,,,,,,,,,,,,,,,,,,,,,,,,,98,2,100,0,97,3,100,0,100,0,77,23,100,0,100,0,93,14301,23,23,,,,,100,8,100,8,200,0,,,,,,,,,,,,,,,,,,,,,,,,,,,100,36255,100,59119615976,100,169347830666,,,,,,,,,,
2019-11-03,S301GPTQ,ST4000DM000,4000787030016,0,114,65481032,,,94,0,100,6,100,0,77,53597756,,,59,36556,100,0,,,100,6,,,,,,,,,,,,,,,,,,,,,,,,,,,,,,,,,98,2,100,0,97,3,100,0,100,0,77,23,100,0,100,0,93,14301,23,23,,,,,100,8,100,8,200,0,,,,,,,,,,,,,,,,,,,,,,,,,,,100,36279,100,59124790656,100,169474604742,,,,,,,,,,
2019-11-04,S301GPTQ,ST4000DM000,4000787030016,0,116,115122128,,,94,0,100,6,100,0,77,54577734,,,59,36580,100,0,,,100,6,,,,,,,,,,,,,,,,,,,,,,,,,,,,,,,,,98,2,100,0,97,3,100,0,100,0,77,23,100,0,100,0,93,14301,23,23,,,,,100,8,100,8,200,0,,,,,,,,,,,,,,,,,,,,,,,,,,,100,36303,100,59131697000,100,169642887939,,,,,,,,,,
2019-11-06,S301GPTQ,ST4000DM000,4000787030016,0,112,46111416,,,94,0,100,6,100,0,77,57888491,,,59,36615,100,0,,,100,6,,,,,,,,,,,,,,,,,,,,,,,,,,,,,,,,,98,2,100,0,97,3,100,0,100,0,76,24,100,0,100,0,93,14301,24,24,,,,,100,8,100,8,200,0,,,,,,,,,,,,,,,,,,,,,,,,,,,100,36338,100,59143674400,100,169986850928,,,,,,,,,,
2019-11-07,S301GPTQ,ST4000DM000,4000787030016,0,115,90405800,,,94,0,100,6,100,0,78,59555853,,,59,36639,100,0,,,100,6,,,,,,,,,,,,,,,,,,,,,,,,,,,,,,,,,98,2,100,0,97,3,100,0,100,0,77,23,100,0,100,0,93,14301,23,23,,,,,100,8,100,8,200,0,,,,,,,,,,,,,,,,,,,,,,,,,,,100,36362,100,59153345624,100,170276183596,,,,,,,,,,
2019-11-08,S301GPTQ,ST4000DM000,4000787030016,0,117,135444936,,,94,0,100,6,100,0,78,60660807,,,59,36663,100,0,,,100,6,,,,,,,,,,,,,,,,,,,,,,,,,,,,,,,,,98,2,100,0,97,3,100,0,100,0,77,23,100,0,100,0,93,14301,23,23,,,,,100,8,100,8,200,0,,,,,,,,,,,,,,,,,,,,,,,,,,,100,36386,100,59159732136,100,170308875580,,,,,,,,,,
2019-11-09,S301GPTQ,ST4000DM000,4000787030016,0,115,87466552,,,94,0,100,6,100,0,78,61821672,,,59,36687,100,0,,,100,6,,,,,,,,,,,,,,,,,,,,,,,,,,,,,,,,,98,2,100,0,97,3,100,0,100,0,77,23,100,0,100,0,93,14301,23,23,,,,,100,8,100,8,200,0,,,,,,,,,,,,,,,,,,,,,,,,,,,100,36410,100,59167968440,100,170501463209,,,,,,,,,,
2019-11-10,S301GPTQ,ST4000DM000,4000787030016,0,114,60351632,,,94,0,100,6,100,0,78,62688412,,,59,36711,100,0,,,100,6,,,,,,,,,,,,,,,,,,,,,,,,,,,,,,,,,98,2,100,0,97,3,100,0,100,0,77,23,100,0,100,0,93,14301,23,23,,,,,100,8,100,8,200,0,,,,,,,,,,,,,,,,,,,,,,,,,,,100,36434,100,59173418248,100,170765847322,,,,,,,,,,
2019-11-11,S301GPTQ,ST4000DM000,4000787030016,0,118,183973576,,,94,0,100,6,100,0,78,63751928,,,59,36735,100,0,,,100,6,,,,,,,,,,,,,,,,,,,,,,,,,,,,,,,,,98,2,100,0,97,3,100,0,100,0,77,23,100,0,100,0,93,14301,23,23,,,,,100,8,100,8,200,0,,,,,,,,,,,,,,,,,,,,,,,,,,,100,36458,100,59180095528,100,171020493293,,,,,,,,,,
2019-11-12,S301GPTQ,ST4000DM000,4000787030016,0,108,14999872,,,94,0,100,6,100,0,78,66592360,,,59,36759,100,0,,,100,6,,,,,,,,,,,,,,,,,,,,,,,,,,,,,,,,,98,2,100,0,97,3,100,0,100,0,77,23,100,0,100,0,93,14301,23,23,,,,,100,8,100,8,200,0,,,,,,,,,,,,,,,,,,,,,,,,,,,100,36482,100,59188844968,100,171356974277,,,,,,,,,,
2019-11-13,S301GPTQ,ST4000DM000,4000787030016,0,111,34270984,,,94,0,100,6,100,0,78,69166038,,,59,36783,100,0,,,100,6,,,,,,,,,,,,,,,,,,,,,,,,,,,,,,,,,98,2,100,0,97,3,100,0,100,0,76,24,100,0,100,0,93,14301,24,24,,,,,100,8,100,8,200,0,,,,,,,,,,,,,,,,,,,,,,,,,,,100,36506,100,59199921464,100,171623947102,,,,,,,,,,
2019-11-14,S301GPTQ,ST4000DM000,4000787030016,0,113,56790984,,,94,0,100,6,100,0,78,70648547,,,58,36807,100,0,,,100,6,,,,,,,,,,,,,,,,,,,,,,,,,,,,,,,,,98,2,100,0,97,3,100,0,100,0,77,23,100,0,100,0,93,14301,23,23,,,,,100,8,100,8,200,0,,,,,,,,,,,,,,,,,,,,,,,,,,,100,36530,100,59216028936,100,171881717687,,,,,,,,,,
2019-11-15,S301GPTQ,ST4000DM000,4000787030016,0,118,170767416,,,94,0,100,6,100,0,78,71990995,,,58,36831,100,0,,,100,6,,,,,,,,,,,,,,,,,,,,,,,,,,,,,,,,,98,2,100,0,97,3,100,0,100,0,77,23,100,0,100,0,93,14301,23,23,,,,,100,8,100,8,200,0,,,,,,,,,,,,,,,,,,,,,,,,,,,100,36554,100,59229615192,100,172050928746,,,,,,,,,,
2019-11-16,S301GPTQ,ST4000DM000,4000787030016,0,118,191192312,,,94,0,100,6,100,0,78,73720366,,,58,36855,100,0,,,100,6,,,,,,,,,,,,,,,,,,,,,,,,,,,,,,,,,98,2,100,0,97,3,100,0,100,0,76,24,100,0,100,0,93,14301,24,24,,,,,100,8,100,8,200,0,,,,,,,,,,,,,,,,,,,,,,,,,,,100,36578,100,59238574952,100,172313023339,,,,,,,,,,
2019-11-17,S301GPTQ,ST4000DM000,4000787030016,0,116,105617232,,,94,0,100,6,100,0,78,74717809,,,58,36879,100,0,,,100,6,,,,,,,,,,,,,,,,,,,,,,,,,,,,,,,,,98,2,100,0,97,3,100,0,100,0,76,24,100,0,100,0,93,14301,24,24,,,,,100,8,100,8,200,0,,,,,,,,,,,,,,,,,,,,,,,,,,,100,36602,100,59247764296,100,172456381216,,,,,,,,,,
2019-11-18,S301GPTQ,ST4000DM000,4000787030016,0,118,188192824,,,94,0,100,6,100,0,78,76612625,,,58,36903,100,0,,,100,6,,,,,,,,,,,,,,,,,,,,,,,,,,,,,,,,,98,2,100,0,97,3,100,0,100,0,77,23,100,0,100,0,93,14301,23,23,,,,,100,8,100,8,200,0,,,,,,,,,,,,,,,,,,,,,,,,,,,100,36626,100,59257516504,100,172735230000,,,,,,,,,,
2019-11-19,S301GPTQ,ST4000DM000,4000787030016,0,102,4560712,,,94,0,100,6,100,0,78,78984252,,,58,36927,100,0,,,100,6,,,,,,,,,,,,,,,,,,,,,,,,,,,,,,,,,98,2,100,0,97,3,100,0,100,0,77,23,100,0,100,0,93,14301,23,23,,,,,100,8,100,8,200,0,,,,,,,,,,,,,,,,,,,,,,,,,,,100,36650,100,59268053584,100,172968378365,,,,,,,,,,
2019-11-20,S301GPTQ,ST4000DM000,4000787030016,0,114,78213120,,,94,0,100,6,100,0,78,80946786,,,58,36963,100,0,,,100,6,,,,,,,,,,,,,,,,,,,,,,,,,,,,,,,,,98,2,100,0,97,3,100,0,100,0,77,23,100,0,100,0,93,14301,23,23,,,,,100,8,100,8,200,0,,,,,,,,,,,,,,,,,,,,,,,,,,,100,36686,100,59292065096,100,173159129746,,,,,,,,,,
2019-11-21,S301GPTQ,ST4000DM000,4000787030016,0,119,218706640,,,94,0,100,6,100,0,78,82180055,,,58,36987,100,0,,,100,6,,,,,,,,,,,,,,,,,,,,,,,,,,,,,,,,,98,2,100,0,97,3,100,0,100,0,77,23,100,0,100,0,93,14301,23,23,,,,,100,8,100,8,200,0,,,,,,,,,,,,,,,,,,,,,,,,,,,100,36710,100,59299278608,100,173287884788,,,,,,,,,,
2019-11-22,S301GPTQ,ST4000DM000,4000787030016,0,120,240878920,,,94,0,100,6,100,0,79,85447655,,,58,37011,100,0,,,100,6,,,,,,,,,,,,,,,,,,,,,,,,,,,,,,,,,98,2,100,0,97,3,100,0,100,0,77,23,100,0,100,0,93,14301,23,23,,,,,100,8,100,8,200,0,,,,,,,,,,,,,,,,,,,,,,,,,,,100,36734,100,59306181432,100,173392541941,,,,,,,,,,
2019-11-23,S301GPTQ,ST4000DM000,4000787030016,0,119,226651624,,,94,0,100,6,100,0,79,86430943,,,58,37035,100,0,,,100,6,,,,,,,,,,,,,,,,,,,,,,,,,,,,,,,,,98,2,100,0,97,3,100,0,100,0,76,24,100,0,100,0,93,14301,24,24,,,,,100,8,100,8,200,0,,,,,,,,,,,,,,,,,,,,,,,,,,,100,36758,100,59317497192,100,173503284048,,,,,,,,,,
2019-11-24,S301GPTQ,ST4000DM000,4000787030016,0,112,42937464,,,94,0,100,6,100,0,79,87990366,,,58,37059,100,0,,,100,6,,,,,,,,,,,,,,,,,,,,,,,,,,,,,,,,,98,2,100,0,97,3,100,0,100,0,76,24,100,0,100,0,93,14301,24,24,,,,,100,8,100,8,200,0,,,,,,,,,,,,,,,,,,,,,,,,,,,100,36782,100,59329306184,100,173707060311,,,,,,,,,,
2019-11-25,S301GPTQ,ST4000DM000,4000787030016,0,118,186137776,,,94,0,100,6,100,0,79,89414970,,,58,37083,100,0,,,100,6,,,,,,,,,,,,,,,,,,,,,,,,,,,,,,,,,98,2,100,0,97,3,100,0,100,0,77,23,100,0,100,0,93,14301,23,23,,,,,100,8,100,8,200,0,,,,,,,,,,,,,,,,,,,,,,,,,,,100,36806,100,59338290600,100,173867935339,,,,,,,,,,
2019-11-26,S301GPTQ,ST4000DM000,4000787030016,0,119,211828912,,,94,0,100,6,100,0,79,91952437,,,58,37107,100,0,,,100,6,,,,,,,,,,,,,,,,,,,,,,,,,,,,,,,,,98,2,100,0,97,3,100,0,100,0,77,23,100,0,100,0,93,14301,23,23,,,,,100,8,100,8,200,0,,,,,,,,,,,,,,,,,,,,,,,,,,,100,36830,100,59350916112,100,174030788041,,,,,,,,,,
2019-11-27,S301GPTQ,ST4000DM000,4000787030016,0,117,148259144,,,94,0,100,6,100,0,79,92602826,,,58,37119,100,0,,,100,6,,,,,,,,,,,,,,,,,,,,,,,,,,,,,,,,,98,2,100,0,97,3,100,0,100,0,76,24,100,0,100,0,93,14301,24,24,,,,,100,8,100,8,200,0,,,,,,,,,,,,,,,,,,,,,,,,,,,100,36842,100,59355146616,100,174110283297,,,,,,,,,,
2019-11-28,S301GPTQ,ST4000DM000,4000787030016,0,117,118243960,,,94,0,100,6,100,0,79,94340896,,,58,37142,100,0,,,100,6,,,,,,,,,,,,,,,,,,,,,,,,,,,,,,,,,98,2,100,0,97,3,100,0,100,0,75,25,100,0,100,0,93,14301,25,25,,,,,100,8,100,8,200,0,,,,,,,,,,,,,,,,,,,,,,,,,,,100,36865,100,59362466152,100,174317711343,,,,,,,,,,
2019-11-29,S301GPTQ,ST4000DM000,4000787030016,0,103,5957472,,,94,0,100,6,100,0,79,95674087,,,58,37166,100,0,,,100,6,,,,,,,,,,,,,,,,,,,,,,,,,,,,,,,,,98,2,100,0,97,3,100,0,100,0,77,23,100,0,100,0,93,14301,23,23,,,,,100,8,100,8,200,0,,,,,,,,,,,,,,,,,,,,,,,,,,,100,36889,100,59370508400,100,174358744671,,,,,,,,,,
2019-11-30,S301GPTQ,ST4000DM000,4000787030016,0,117,145462472,,,94,0,100,6,100,0,79,96943723,,,58,37190,100,0,,,100,6,,,,,,,,,,,,,,,,,,,,,,,,,,,,,,,,,98,2,100,0,97,3,100,0,100,0,76,24,100,0,100,0,93,14301,24,24,,,,,100,8,100,8,200,0,,,,,,,,,,,,,,,,,,,,,,,,,,,100,36913,100,59379431480,100,174451335980,,,,,,,,,,
2019-12-01,S301GPTQ,ST4000DM000,4000787030016,0,111,30567192,,,94,0,100,6,100,0,79,97820785,,,58,37214,100,0,,,100,6,,,,,,,,,,,,,,,,,,,,,,,,,,,,,,,,,98,2,100,0,97,3,100,0,100,0,77,23,100,0,100,0,93,14301,23,23,,,,,100,8,100,8,200,0,,,,,,,,,,,,,,,,,,,,,,,,,,,100,36937,100,59392945520,100,174585865124,,,,,,,,,,
2019-12-02,S301GPTQ,ST4000DM000,4000787030016,0,110,25546144,,,94,0,100,6,100,0,79,99031238,,,58,37238,100,0,,,100,6,,,,,,,,,,,,,,,,,,,,,,,,,,,,,,,,,98,2,100,0,97,3,100,0,100,0,77,23,100,0,100,0,93,14301,23,23,,,,,100,8,100,8,200,0,,,,,,,,,,,,,,,,,,,,,,,,,,,100,36962,100,59404862728,100,174786243222,,,,,,,,,,
2019-12-03,S301GPTQ,ST4000DM000,4000787030016,0,117,137647072,,,94,0,100,6,100,0,80,101321042,,,58,37262,100,0,,,100,6,,,,,,,,,,,,,,,,,,,,,,,,,,,,,,,,,98,2,100,0,97,3,100,0,100,0,76,24,100,0,100,0,93,14301,24,24,,,,,100,8,100,8,200,0,,,,,,,,,,,,,,,,,,,,,,,,,,,100,36986,100,59419211792,100,175038331100,,,,,,,,,,
2019-12-04,S301GPTQ,ST4000DM000,4000787030016,0,115,93582776,,,94,0,100,6,100,0,80,103895543,,,58,37298,100,0,,,100,6,,,,,,,,,,,,,,,,,,,,,,,,,,,,,,,,,98,2,100,0,97,3,100,0,100,0,77,23,100,0,100,0,93,14301,23,23,,,,,100,8,100,8,200,0,,,,,,,,,,,,,,,,,,,,,,,,,,,100,37021,100,59445927888,100,175485968811,,,,,,,,,,
2019-12-05,S301GPTQ,ST4000DM000,4000787030016,0,114,72488944,,,94,0,100,6,100,0,80,105207559,,,58,37322,100,0,,,100,6,,,,,,,,,,,,,,,,,,,,,,,,,,,,,,,,,98,2,100,0,97,3,100,0,100,0,77,23,100,0,100,0,93,14301,23,23,,,,,100,8,100,8,200,0,,,,,,,,,,,,,,,,,,,,,,,,,,,100,37045,100,59462721704,100,175635557313,,,,,,,,,,
2019-12-06,S301GPTQ,ST4000DM000,4000787030016,0,111,30969232,,,94,0,100,6,100,0,80,106439121,,,58,37346,100,0,,,100,6,,,,,,,,,,,,,,,,,,,,,,,,,,,,,,,,,98,2,100,0,97,3,100,0,100,0,76,24,100,0,100,0,93,14301,24,24,,,,,100,8,100,8,200,0,,,,,,,,,,,,,,,,,,,,,,,,,,,100,37069,100,59474565432,100,175809350821,,,,,,,,,,
2019-12-07,S301GPTQ,ST4000DM000,4000787030016,0,118,183985536,,,94,0,100,6,100,0,80,107602113,,,58,37370,100,0,,,100,6,,,,,,,,,,,,,,,,,,,,,,,,,,,,,,,,,98,2,100,0,97,3,100,0,100,0,76,24,100,0,100,0,93,14301,24,24,,,,,100,8,100,8,200,0,,,,,,,,,,,,,,,,,,,,,,,,,,,100,37093,100,59487047952,100,176062742165,,,,,,,,,,
2019-12-08,S301GPTQ,ST4000DM000,4000787030016,0,119,202240664,,,94,0,100,6,100,0,80,109531791,,,58,37394,100,0,,,100,6,,,,,,,,,,,,,,,,,,,,,,,,,,,,,,,,,98,2,100,0,97,3,100,0,100,0,77,23,100,0,100,0,93,14301,23,23,,,,,100,8,100,8,200,0,,,,,,,,,,,,,,,,,,,,,,,,,,,100,37117,100,59505272416,100,176368666397,,,,,,,,,,
2019-12-09,S301GPTQ,ST4000DM000,4000787030016,0,118,194986576,,,94,0,100,6,100,0,80,112704870,,,58,37418,100,0,,,100,6,,,,,,,,,,,,,,,,,,,,,,,,,,,,,,,,,98,2,100,0,97,3,100,0,100,0,76,24,100,0,100,0,93,14301,24,24,,,,,100,8,100,8,200,0,,,,,,,,,,,,,,,,,,,,,,,,,,,100,37141,100,59519482944,100,176598083605,,,,,,,,,,
2019-12-10,S301GPTQ,ST4000DM000,4000787030016,0,111,36534224,,,94,0,100,6,100,0,80,115790133,,,58,37441,100,0,,,100,6,,,,,,,,,,,,,,,,,,,,,,,,,,,,,,,,,98,2,100,0,97,3,100,0,100,0,76,24,100,0,100,0,93,14301,24,24,,,,,100,8,100,8,200,0,,,,,,,,,,,,,,,,,,,,,,,,,,,100,37164,100,59540352328,100,176877612543,,,,,,,,,,
2019-12-11,S301GPTQ,ST4000DM000,4000787030016,0,117,148300752,,,94,0,100,6,100,0,80,116688290,,,58,37453,100,0,,,100,6,,,,,,,,,,,,,,,,,,,,,,,,,,,,,,,,,98,2,100,0,97,3,100,0,100,0,76,24,100,0,100,0,93,14301,24,24,,,,,100,8,100,8,200,0,,,,,,,,,,,,,,,,,,,,,,,,,,,100,37176,100,59549467672,100,177012517017,,,,,,,,,,
2019-12-12,S301GPTQ,ST4000DM000,4000787030016,0,115,96295200,,,94,0,100,6,100,0,81,118319366,,,58,37477,100,0,,,100,6,,,,,,,,,,,,,,,,,,,,,,,,,,,,,,,,,98,2,100,0,97,3,100,0,100,0,77,23,100,0,100,0,93,14301,23,23,,,,,100,8,100,8,200,0,,,,,,,,,,,,,,,,,,,,,,,,,,,100,37200,100,59568874904,100,177285748275,,,,,,,,,,
2019-12-13,S301GPTQ,ST4000DM000,4000787030016,0,119,213729848,,,94,0,100,6,100,0,81,120027136,,,58,37501,100,0,,,100,6,,,,,,,,,,,,,,,,,,,,,,,,,,,,,,,,,98,2,100,0,97,3,100,0,100,0,77,23,100,0,100,0,93,14301,23,23,,,,,100,8,100,8,200,0,,,,,,,,,,,,,,,,,,,,,,,,,,,100,37224,100,59586737344,100,177345979205,,,,,,,,,,
2019-12-14,S301GPTQ,ST4000DM000,4000787030016,0,110,28105000,,,94,0,100,6,100,0,81,121983706,,,58,37537,100,0,,,100,6,,,,,,,,,,,,,,,,,,,,,,,,,,,,,,,,,98,2,100,0,97,3,100,0,100,0,76,24,100,0,100,0,93,14301,24,24,,,,,100,8,100,8,200,0,,,,,,,,,,,,,,,,,,,,,,,,,,,100,37260,100,59605551400,100,177613355663,,,,,,,,,,
2019-12-15,S301GPTQ,ST4000DM000,4000787030016,0,117,120702272,,,94,0,100,6,100,0,81,123924514,,,58,37561,100,0,,,100,6,,,,,,,,,,,,,,,,,,,,,,,,,,,,,,,,,98,2,100,0,97,3,100,0,100,0,77,23,100,0,100,0,93,14301,23,23,,,,,100,8,100,8,200,0,,,,,,,,,,,,,,,,,,,,,,,,,,,100,37284,100,59619285896,100,177881274909,,,,,,,,,,
2019-12-16,S301GPTQ,ST4000DM000,4000787030016,0,116,110171272,,,94,0,100,6,100,0,81,125491007,,,58,37585,100,0,,,100,6,,,,,,,,,,,,,,,,,,,,,,,,,,,,,,,,,98,2,100,0,97,3,100,0,100,0,77,23,100,0,100,0,93,14301,23,23,,,,,100,8,100,8,200,0,,,,,,,,,,,,,,,,,,,,,,,,,,,100,37308,100,59648530640,100,178078988608,,,,,,,,,,
2019-12-17,S301GPTQ,ST4000DM000,4000787030016,0,119,210810520,,,94,0,100,6,100,0,81,127903414,,,58,37609,100,0,,,100,6,,,,,,,,,,,,,,,,,,,,,,,,,,,,,,,,,98,2,100,0,97,3,100,0,100,0,78,22,100,0,100,0,93,14301,22,22,,,,,100,8,100,8,200,0,,,,,,,,,,,,,,,,,,,,,,,,,,,100,37332,100,59665649896,100,178229935123,,,,,,,,,,
2019-12-18,S301GPTQ,ST4000DM000,4000787030016,0,118,183050824,,,94,0,100,6,100,0,81,129360017,,,58,37633,100,0,,,100,6,,,,,,,,,,,,,,,,,,,,,,,,,,,,,,,,,98,2,100,0,97,3,100,0,100,0,77,23,100,0,100,0,93,14301,23,23,,,,,100,8,100,8,200,0,,,,,,,,,,,,,,,,,,,,,,,,,,,100,37356,100,59679770528,100,178425310978,,,,,,,,,,
2019-12-19,S301GPTQ,ST4000DM000,4000787030016,0,118,184219960,,,94,0,100,6,100,0,81,130743718,,,58,37656,100,0,,,100,6,,,,,,,,,,,,,,,,,,,,,,,,,,,,,,,,,98,2,100,0,97,3,100,0,100,0,78,22,100,0,100,0,93,14301,22,22,,,,,100,8,100,8,200,0,,,,,,,,,,,,,,,,,,,,,,,,,,,100,37379,100,59702297344,100,178570409703,,,,,,,,,,
2019-12-20,S301GPTQ,ST4000DM000,4000787030016,0,118,200798680,,,94,0,100,6,100,0,81,132021905,,,57,37680,100,0,,,100,6,,,,,,,,,,,,,,,,,,,,,,,,,,,,,,,,,98,2,100,0,97,3,100,0,100,0,77,23,100,0,100,0,93,14301,23,23,,,,,100,8,100,8,200,0,,,,,,,,,,,,,,,,,,,,,,,,,,,100,37403,100,59716687192,100,178639043373,,,,,,,,,,
2019-12-21,S301GPTQ,ST4000DM000,4000787030016,0,117,152121752,,,94,0,100,6,100,0,81,133574688,,,57,37704,100,0,,,100,6,,,,,,,,,,,,,,,,,,,,,,,,,,,,,,,,,98,2,100,0,97,3,100,0,100,0,75,25,100,0,100,0,93,14301,25,25,,,,,100,8,100,8,200,0,,,,,,,,,,,,,,,,,,,,,,,,,,,100,37427,100,59729608200,100,178842673094,,,,,,,,,,
2019-12-22,S301GPTQ,ST4000DM000,4000787030016,0,119,226526744,,,94,0,100,6,100,0,81,135150370,,,57,37728,100,0,,,100,6,,,,,,,,,,,,,,,,,,,,,,,,,,,,,,,,,98,2,100,0,97,3,100,0,100,0,77,23,100,0,100,0,93,14301,23,23,,,,,100,8,100,8,200,0,,,,,,,,,,,,,,,,,,,,,,,,,,,100,37451,100,59743010232,100,179018963946,,,,,,,,,,
2019-12-23,S301GPTQ,ST4000DM000,4000787030016,0,119,232072168,,,94,0,100,6,100,0,81,136430338,,,57,37752,100,0,,,100,6,,,,,,,,,,,,,,,,,,,,,,,,,,,,,,,,,98,2,100,0,97,3,100,0,100,0,78,22,100,0,100,0,93,14301,22,22,,,,,100,8,100,8,200,0,,,,,,,,,,,,,,,,,,,,,,,,,,,100,37475,100,59756682208,100,179164366883,,,,,,,,,,
2019-12-24,S301GPTQ,ST4000DM000,4000787030016,0,113,56128720,,,94,0,100,6,100,0,81,139390393,,,57,37776,100,0,,,100,6,,,,,,,,,,,,,,,,,,,,,,,,,,,,,,,,,98,2,100,0,97,3,100,0,100,0,78,22,100,0,100,0,93,14301,22,22,,,,,100,8,100,8,200,0,,,,,,,,,,,,,,,,,,,,,,,,,,,100,37499,100,59771896568,100,179384418494,,,,,,,,,,
2019-12-25,S301GPTQ,ST4000DM000,4000787030016,0,116,105300664,,,94,0,100,6,100,0,81,141533628,,,57,37800,100,0,,,100,6,,,,,,,,,,,,,,,,,,,,,,,,,,,,,,,,,98,2,100,0,97,3,100,0,100,0,77,23,100,0,100,0,93,14301,23,23,,,,,100,8,100,8,200,0,,,,,,,,,,,,,,,,,,,,,,,,,,,100,37523,100,59789205400,100,179497099136,,,,,,,,,,
2019-12-26,S301GPTQ,ST4000DM000,4000787030016,0,112,43608312,,,94,0,100,6,100,0,81,142782357,,,57,37824,100,0,,,100,6,,,,,,,,,,,,,,,,,,,,,,,,,,,,,,,,,98,2,100,0,97,3,100,0,100,0,78,22,100,0,100,0,93,14301,22,22,,,,,100,8,100,8,200,0,,,,,,,,,,,,,,,,,,,,,,,,,,,100,37547,100,59800334176,100,179609953335,,,,,,,,,,
2019-12-27,S301GPTQ,ST4000DM000,4000787030016,0,115,97541232,,,94,0,100,6,100,0,81,144122464,,,57,37848,100,0,,,100,6,,,,,,,,,,,,,,,,,,,,,,,,,,,,,,,,,98,2,100,0,97,3,100,0,100,0,76,24,100,0,100,0,93,14301,24,24,,,,,100,8,100,8,200,0,,,,,,,,,,,,,,,,,,,,,,,,,,,100,37571,100,59814820240,100,179655081653,,,,,,,,,,
2019-12-28,S301GPTQ,ST4000DM000,4000787030016,0,116,113817280,,,94,0,100,6,100,0,81,147212990,,,57,37872,100,0,,,100,6,,,,,,,,,,,,,,,,,,,,,,,,,,,,,,,,,98,2,100,0,97,3,100,0,100,0,78,22,100,0,100,0,93,14301,22,22,,,,,100,8,100,8,200,0,,,,,,,,,,,,,,,,,,,,,,,,,,,100,37595,100,59832642016,100,179859952739,,,,,,,,,,
2019-12-29,S301GPTQ,ST4000DM000,4000787030016,0,114,62783120,,,94,0,100,6,100,0,81,148629698,,,57,37896,100,0,,,100,6,,,,,,,,,,,,,,,,,,,,,,,,,,,,,,,,,98,2,100,0,97,3,100,0,100,0,77,23,100,0,100,0,93,14301,23,23,,,,,100,8,100,8,200,0,,,,,,,,,,,,,,,,,,,,,,,,,,,100,37619,100,59844501272,100,180085938628,,,,,,,,,,
2019-12-30,S301GPTQ,ST4000DM000,4000787030016,0,120,239902776,,,94,0,100,6,100,0,81,150371891,,,57,37920,100,0,,,100,6,,,,,,,,,,,,,,,,,,,,,,,,,,,,,,,,,98,2,100,0,97,3,100,0,100,0,78,22,100,0,100,0,93,14301,22,22,,,,,100,8,100,8,200,0,,,,,,,,,,,,,,,,,,,,,,,,,,,100,37643,100,59858468144,100,180382775535,,,,,,,,,,
2019-12-31,S301GPTQ,ST4000DM000,4000787030016,0,108,15073136,,,94,0,100,6,100,0,81,152445222,,,57,37944,100,0,,,100,6,,,,,,,,,,,,,,,,,,,,,,,,,,,,,,,,,98,2,100,0,97,3,100,0,100,0,77,23,100,0,100,0,93,14301,23,23,,,,,100,8,100,8,200,0,,,,,,,,,,,,,,,,,,,,,,,,,,,100,37667,100,59874869384,100,180693739183,,,,,,,,,,
