2019-01-01,S301K6XV,ST4000DM000,4000787030016,0,119,231350304,,,92,0,100,10,100,0,86,443256961,,,68,28349,100,0,,,100,10,,,,,,,,,,,,,,,,,,,,,,,,,,,,,,,100,0,100,0,100,0,100,0,100,0,79,21,100,0,100,0,97,7519,21,21,,,,,100,0,100,0,200,0,,,,,,,,,,,,,,,,,,,,,,,,,,,100,28248,100,49903905432,100,111964334363,,,,,,,,,,
2019-01-02,S301K6XV,ST4000DM000,4000787030016,0,111,31943216,,,92,0,100,10,100,0,86,443952513,,,68,28373,100,0,,,100,10,,,,,,,,,,,,,,,,,,,,,,,,,,,,,,,100,0,100,0,100,0,100,0,100,0,79,21,100,0,100,0,97,7519,21,21,,,,,100,0,100,0,200,0,,,,,,,,,,,,,,,,,,,,,,,,,,,100,28273,100,49918526856,100,112063373304,,,,,,,,,,
2019-01-03,S301K6XV,ST4000DM000,4000787030016,0,119,228268616,,,92,0,100,10,100,0,86,444698351,,,68,28398,100,0,,,100,10,,,,,,,,,,,,,,,,,,,,,,,,,,,,,,,100,0,100,0,100,0,100,0,100,0,78,22,100,0,100,0,97,7519,22,22,,,,,100,0,100,0,200,0,,,,,,,,,,,,,,,,,,,,,,,,,,,100,28297,100,49937505712,100,112151157785,,,,,,,,,,
2019-01-04,S301K6XV,ST4000DM000,4000787030016,0,114,73613376,,,92,0,100,10,100,0,86,446610118,,,68,28421,100,0,,,100,10,,,,,,,,,,,,,,,,,,,,,,,,,,,,,,,100,0,100,0,100,0,100,0,100,0,78,22,100,0,100,0,97,7519,22,22,,,,,100,0,100,0,200,0,,,,,,,,,,,,,,,,,,,,,,,,,,,100,28321,100,49965103168,100,112300248883,,,,,,,,,,
2019-01-05,S301K6XV,ST4000DM000,4000787030016,0,118,175292376,,,92,0,100,10,100,0,86,447368100,,,68,28446,100,0,,,100,10,,,,,,,,,,,,,,,,,,,,,,,,,,,,,,,100,0,100,0,100,0,100,0,100,0,77,23,100,0,100,0,97,7519,23,23,,,,,100,0,100,0,200,0,,,,,,,,,,,,,,,,,,,,,,,,,,,100,28345,100,49982424064,100,112478418078,,,,,,,,,,
2019-01-06,S301K6XV,ST4000DM000,4000787030016,0,115,89534736,,,92,0,100,10,100,0,86,448574566,,,68,28469,100,0,,,100,10,,,,,,,,,,,,,,,,,,,,,,,,,,,,,,,100,0,100,0,100,0,100,0,100,0,77,23,100,0,100,0,97,7519,23,23,,,,,100,0,100,0,200,0,,,,,,,,,,,,,,,,,,,,,,,,,,,100,28369,100,50001663640,100,112608290958,,,,,,,,,,
2019-01-07,S301K6XV,ST4000DM000,4000787030016,0,117,135418816,,,92,0,100,10,100,0,86,451244581,,,68,28492,100,0,,,100,10,,,,,,,,,,,,,,,,,,,,,,,,,,,,,,,100,0,100,0,100,0,100,0,100,0,76,24,100,0,100,0,97,7519,24,24,,,,,100,0,100,0,200,0,,,,,,,,,,,,,,,,,,,,,,,,,,,100,28392,100,50025380552,100,112784586328,,,,,,,,,,
2019-01-08,S301K6XV,ST4000DM000,4000787030016,0,118,179916408,,,92,0,100,10,100,0,86,452029412,,,68,28517,100,0,,,100,10,,,,,,,,,,,,,,,,,,,,,,,,,,,,,,,100,0,100,0,100,0,100,0,100,0,78,22,100,0,100,0,97,7519,22,22,,,,,100,0,100,0,200,0,,,,,,,,,,,,,,,,,,,,,,,,,,,100,28417,100,50046111152,100,112956078243,,,,,,,,,,
2019-01-09,S301K6XV,ST4000DM000,4000787030016,0,119,227924952,,,92,0,100,10,100,0,86,452847217,,,68,28541,100,0,,,100,10,,,,,,,,,,,,,,,,,,,,,,,,,,,,,,,100,0,100,0,100,0,100,0,100,0,78,22,100,0,100,0,97,7519,22,22,,,,,100,0,100,0,200,0,,,,,,,,,,,,,,,,,,,,,,,,,,,100,28441,100,50079329416,100,113158163464,,,,,,,,,,
2019-01-10,S301K6XV,ST4000DM000,4000787030016,0,120,243528896,,,92,0,100,10,100,0,86,453461355,,,68,28563,100,0,,,100,10,,,,,,,,,,,,,,,,,,,,,,,,,,,,,,,100,0,100,0,100,0,100,0,100,0,79,21,100,0,100,0,97,7519,21,21,,,,,100,0,100,0,200,0,,,,,,,,,,,,,,,,,,,,,,,,,,,100,28462,100,50102365512,100,113319430349,,,,,,,,,,
2019-01-11,S301K6XV,ST4000DM000,4000787030016,0,119,217600248,,,92,0,100,10,100,0,86,455679031,,,68,28585,100,0,,,100,10,,,,,,,,,,,,,,,,,,,,,,,,,,,,,,,100,0,100,0,100,0,100,0,100,0,78,22,100,0,100,0,97,7519,22,22,,,,,100,0,100,0,200,0,,,,,,,,,,,,,,,,,,,,,,,,,,,100,28485,100,50127591664,100,113464210268,,,,,,,,,,
2019-01-12,S301K6XV,ST4000DM000,4000787030016,0,120,238000240,,,92,0,100,10,100,0,86,456904555,,,68,28609,100,0,,,100,10,,,,,,,,,,,,,,,,,,,,,,,,,,,,,,,100,0,100,0,100,0,100,0,100,0,78,22,100,0,100,0,97,7519,22,22,,,,,100,0,100,0,200,0,,,,,,,,,,,,,,,,,,,,,,,,,,,100,28509,100,50143924960,100,113644050480,,,,,,,,,,
2019-01-13,S301K6XV,ST4000DM000,4000787030016,0,118,199113768,,,92,0,100,10,100,0,86,458235379,,,68,28633,100,0,,,100,10,,,,,,,,,,,,,,,,,,,,,,,,,,,,,,,100,0,100,0,100,0,100,0,100,0,79,21,100,0,100,0,97,7519,21,21,,,,,100,0,100,0,200,0,,,,,,,,,,,,,,,,,,,,,,,,,,,100,28532,100,50158345112,100,113793975032,,,,,,,,,,
2019-01-14,S301K6XV,ST4000DM000,4000787030016,0,114,60687336,,,92,0,100,10,100,0,86,459810661,,,68,28657,100,0,,,100,10,,,,,,,,,,,,,,,,,,,,,,,,,,,,,,,100,0,100,0,100,0,100,0,100,0,78,22,100,0,100,0,97,7519,22,22,,,,,100,0,100,0,200,0,,,,,,,,,,,,,,,,,,,,,,,,,,,100,28556,100,50184236304,100,113931331249,,,,,,,,,,
2019-01-15,S301K6XV,ST4000DM000,4000787030016,0,111,34920560,,,92,0,100,10,100,0,86,460858243,,,68,28681,100,0,,,100,10,,,,,,,,,,,,,,,,,,,,,,,,,,,,,,,100,0,100,0,100,0,100,0,100,0,78,22,100,0,100,0,97,7519,22,22,,,,,100,0,100,0,200,0,,,,,,,,,,,,,,,,,,,,,,,,,,,100,28580,100,50199789688,100,114109921804,,,,,,,,,,
2019-01-16,S301K6XV,ST4000DM000,4000787030016,0,120,239476384,,,92,0,100,10,100,0,86,461814574,,,68,28705,100,0,,,100,10,,,,,,,,,,,,,,,,,,,,,,,,,,,,,,,100,0,100,0,100,0,100,0,100,0,77,23,100,0,100,0,97,7519,23,23,,,,,100,0,100,0,200,0,,,,,,,,,,,,,,,,,,,,,,,,,,,100,28604,100,50214004664,100,114266306927,,,,,,,,,,
2019-01-17,S301K6XV,ST4000DM000,4000787030016,0,111,32716272,,,92,0,100,10,100,0,86,462838482,,,68,28728,100,0,,,100,10,,,,,,,,,,,,,,,,,,,,,,,,,,,,,,,100,0,100,0,100,0,100,0,100,0,76,24,100,0,100,0,97,7519,24,24,,,,,100,0,100,0,200,0,,,,,,,,,,,,,,,,,,,,,,,,,,,100,28628,100,50228539480,100,114437370872,,,,,,,,,,
2019-01-18,S301K6XV,ST4000DM000,4000787030016,0,111,29877432,,,92,0,100,10,100,0,86,465253198,,,68,28752,100,0,,,100,10,,,,,,,,,,,,,,,,,,,,,,,,,,,,,,,100,0,100,0,100,0,100,0,100,0,77,23,100,0,100,0,97,7519,23,23,,,,,100,0,100,0,200,0,,,,,,,,,,,,,,,,,,,,,,,,,,,100,28652,100,50250426936,100,114613627561,,,,,,,,,,
2019-01-19,S301K6XV,ST4000DM000,4000787030016,0,111,41028040,,,92,0,100,10,100,0,86,466653278,,,68,28776,100,0,,,100,10,,,,,,,,,,,,,,,,,,,,,,,,,,,,,,,100,0,100,0,100,0,100,0,100,0,78,22,100,0,100,0,97,7519,22,22,,,,,100,0,100,0,200,0,,,,,,,,,,,,,,,,,,,,,,,,,,,100,28676,100,50267627328,100,114747797131,,,,,,,,,,
2019-01-20,S301K6XV,ST4000DM000,4000787030016,0,106,12493312,,,92,0,100,10,100,0,86,468110692,,,68,28800,100,0,,,100,10,,,,,,,,,,,,,,,,,,,,,,,,,,,,,,,100,0,100,0,100,0,100,0,100,0,78,22,100,0,100,0,97,7519,22,22,,,,,100,0,100,0,200,0,,,,,,,,,,,,,,,,,,,,,,,,,,,100,28700,100,50291408504,100,114903413364,,,,,,,,,,
2019-01-21,S301K6XV,ST4000DM000,4000787030016,0,111,30318096,,,92,0,100,10,100,0,87,469999409,,,68,28824,100,0,,,100,10,,,,,,,,,,,,,,,,,,,,,,,,,,,,,,,100,0,100,0,100,0,100,0,100,0,78,22,100,0,100,0,97,7519,22,22,,,,,100,0,100,0,200,0,,,,,,,,,,,,,,,,,,,,,,,,,,,100,28724,100,50316714656,100,115060003446,,,,,,,,,,
2019-01-22,S301K6XV,ST4000DM000,4000787030016,0,115,91309936,,,92,0,100,10,100,0,87,470959155,,,68,28848,100,0,,,100,10,,,,,,,,,,,,,,,,,,,,,,,,,,,,,,,100,0,100,0,100,0,100,0,100,0,77,23,100,0,100,0,97,7519,23,23,,,,,100,0,100,0,200,0,,,,,,,,,,,,,,,,,,,,,,,,,,,100,28747,100,50333235664,100,115203308517,,,,,,,,,,
2019-01-23,S301K6XV,ST4000DM000,4000787030016,0,117,139779648,,,92,0,100,10,100,0,87,473060654,,,68,28872,100,0,,,100,10,,,,,,,,,,,,,,,,,,,,,,,,,,,,,,,100,0,100,0,100,0,100,0,100,0,77,23,100,0,100,0,97,7519,23,23,,,,,100,0,100,0,200,0,,,,,,,,,,,,,,,,,,,,,,,,,,,100,28771,100,50353902744,100,115350273587,,,,,,,,,,
2019-01-24,S301K6XV,ST4000DM000,4000787030016,0,111,34309560,,,92,0,100,10,100,0,87,474597117,,,68,28895,100,0,,,100,10,,,,,,,,,,,,,,,,,,,,,,,,,,,,,,,100,0,100,0,100,0,100,0,100,0,77,23,100,0,100,0,97,7519,23,23,,,,,100,0,100,0,200,0,,,,,,,,,,,,,,,,,,,,,,,,,,,100,28795,100,50374519168,100,115491299615,,,,,,,,,,
2019-01-25,S301K6XV,ST4000DM000,4000787030016,0,118,192882672,,,92,0,100,10,100,0,87,477108994,,,67,28919,100,0,,,100,10,,,,,,,,,,,,,,,,,,,,,,,,,,,,,,,100,0,100,0,100,0,100,0,100,0,77,23,100,0,100,0,97,7519,23,23,,,,,100,0,100,0,200,0,,,,,,,,,,,,,,,,,,,,,,,,,,,100,28819,100,50397280152,100,115674277905,,,,,,,,,,
2019-01-26,S301K6XV,ST4000DM000,4000787030016,0,114,83682400,,,92,0,100,10,100,0,87,477941291,,,67,28943,100,0,,,100,10,,,,,,,,,,,,,,,,,,,,,,,,,,,,,,,100,0,100,0,100,0,100,0,100,0,78,22,100,0,100,0,97,7519,22,22,,,,,100,0,100,0,200,0,,,,,,,,,,,,,,,,,,,,,,,,,,,100,28842,100,50415763672,100,115778228178,,,,,,,,,,
2019-01-27,S301K6XV,ST4000DM000,4000787030016,0,119,210911576,,,92,0,100,10,100,0,87,479347110,,,67,28967,100,0,,,100,10,,,,,,,,,,,,,,,,,,,,,,,,,,,,,,,100,0,100,0,100,0,100,0,100,0,78,22,100,0,100,0,97,7519,22,22,,,,,100,0,100,0,200,0,,,,,,,,,,,,,,,,,,,,,,,,,,,100,28866,100,50450084584,100,115903248152,,,,,,,,,,
2019-01-28,S301K6XV,ST4000DM000,4000787030016,0,118,186243672,,,92,0,100,10,100,0,87,481337303,,,67,28990,100,0,,,100,10,,,,,,,,,,,,,,,,,,,,,,,,,,,,,,,100,0,100,0,100,0,100,0,100,0,78,22,100,0,100,0,97,7519,22,22,,,,,100,0,100,0,200,0,,,,,,,,,,,,,,,,,,,,,,,,,,,100,28890,100,50488638640,100,116035832497,,,,,,,,,,
2019-01-29,S301K6XV,ST4000DM000,4000787030016,0,117,134417272,,,92,0,100,10,100,0,87,482545466,,,67,29014,100,0,,,100,10,,,,,,,,,,,,,,,,,,,,,,,,,,,,,,,100,0,100,0,100,0,100,0,100,0,77,23,100,0,100,0,97,7519,23,23,,,,,100,0,100,0,200,0,,,,,,,,,,,,,,,,,,,,,,,,,,,100,28914,100,50527808912,100,116154460442,,,,,,,,,,
2019-01-30,S301K6XV,ST4000DM000,4000787030016,0,116,102811304,,,92,0,100,10,100,0,87,483782106,,,67,29038,100,0,,,100,10,,,,,,,,,,,,,,,,,,,,,,,,,,,,,,,100,0,100,0,100,0,100,0,100,0,77,23,100,0,100,0,97,7519,23,23,,,,,100,0,100,0,200,0,,,,,,,,,,,,,,,,,,,,,,,,,,,100,28938,100,50544861368,100,116300388137,,,,,,,,,,
2019-01-31,S301K6XV,ST4000DM000,4000787030016,0,111,37686640,,,92,0,100,10,100,0,87,484709570,,,67,29062,100,0,,,100,10,,,,,,,,,,,,,,,,,,,,,,,,,,,,,,,100,0,100,0,100,0,100,0,100,0,77,23,100,0,100,0,97,7519,23,23,,,,,100,0,100,0,200,0,,,,,,,,,,,,,,,,,,,,,,,,,,,100,28961,100,50567258904,100,116410398126,,,,,,,,,,
2019-02-01,S301K6XV,ST4000DM000,4000787030016,0,116,111075296,,,92,0,100,10,100,0,87,487245500,,,67,29086,100,0,,,100,10,,,,,,,,,,,,,,,,,,,,,,,,,,,,,,,100,0,100,0,100,0,100,0,100,0,77,23,100,0,100,0,97,7519,23,23,,,,,100,0,100,0,200,0,,,,,,,,,,,,,,,,,,,,,,,,,,,100,28985,100,50589046640,100,116593578804,,,,,,,,,,
2019-02-02,S301K6XV,ST4000DM000,4000787030016,0,117,165866408,,,92,0,100,10,100,0,87,489552792,,,67,29110,100,0,,,100,10,,,,,,,,,,,,,,,,,,,,,,,,,,,,,,,100,0,100,0,100,0,100,0,100,0,78,22,100,0,100,0,97,7519,22,22,,,,,100,0,100,0,200,0,,,,,,,,,,,,,,,,,,,,,,,,,,,100,29009,100,50615396864,100,116759231986,,,,,,,,,,
2019-02-03,S301K6XV,ST4000DM000,4000787030016,0,118,174371792,,,92,0,100,10,100,0,87,490730697,,,67,29134,100,0,,,100,10,,,,,,,,,,,,,,,,,,,,,,,,,,,,,,,100,0,100,0,100,0,100,0,100,0,77,23,100,0,100,0,97,7519,23,23,,,,,100,0,100,0,200,0,,,,,,,,,,,,,,,,,,,,,,,,,,,100,29033,100,50636715648,100,116872071957,,,,,,,,,,
2019-02-04,S301K6XV,ST4000DM000,4000787030016,0,120,242860032,,,92,0,100,10,100,0,87,492563761,,,67,29157,100,0,,,100,10,,,,,,,,,,,,,,,,,,,,,,,,,,,,,,,100,0,100,0,100,0,100,0,100,0,77,23,100,0,100,0,97,7519,23,23,,,,,100,0,100,0,200,0,,,,,,,,,,,,,,,,,,,,,,,,,,,100,29057,100,50658031768,100,116962030197,,,,,,,,,,
2019-02-05,S301K6XV,ST4000DM000,4000787030016,0,118,198095872,,,92,0,100,10,100,0,87,493761202,,,67,29181,100,0,,,100,10,,,,,,,,,,,,,,,,,,,,,,,,,,,,,,,100,0,100,0,100,0,100,0,100,0,77,23,100,0,100,0,97,7519,23,23,,,,,100,0,100,0,200,0,,,,,,,,,,,,,,,,,,,,,,,,,,,100,29081,100,50685727288,100,117089552251,,,,,,,,,,
2019-02-06,S301K6XV,ST4000DM000,4000787030016,0,113,53726440,,,92,0,100,10,100,0,87,494815473,,,67,29205,100,0,,,100,10,,,,,,,,,,,,,,,,,,,,,,,,,,,,,,,100,0,100,0,100,0,100,0,100,0,75,25,100,0,100,0,97,7519,25,25,,,,,100,0,100,0,200,0,,,,,,,,,,,,,,,,,,,,,,,,,,,100,29105,100,50707314440,100,117203742323,,,,,,,,,,
2019-02-07,S301K6XV,ST4000DM000,4000787030016,0,119,203744760,,,92,0,100,10,100,0,87,495670623,,,67,29229,100,0,,,100,10,,,,,,,,,,,,,,,,,,,,,,,,,,,,,,,100,0,100,0,100,0,100,0,100,0,77,23,100,0,100,0,97,7519,23,23,,,,,100,0,100,0,200,0,,,,,,,,,,,,,,,,,,,,,,,,,,,100,29129,100,50726275232,100,117287232683,,,,,,,,,,
2019-02-08,S301K6XV,ST4000DM000,4000787030016,0,116,105220208,,,92,0,100,10,100,0,87,497914307,,,67,29253,100,0,,,100,10,,,,,,,,,,,,,,,,,,,,,,,,,,,,,,,100,0,100,0,100,0,100,0,100,0,77,23,100,0,100,0,97,7519,23,23,,,,,100,0,100,0,200,0,,,,,,,,,,,,,,,,,,,,,,,,,,,100,29152,100,50752759128,100,117429803020,,,,,,,,,,
2019-02-09,S301K6XV,ST4000DM000,4000787030016,0,114,68121224,,,92,0,100,10,100,0,87,498509263,,,67,29277,100,0,,,100,10,,,,,,,,,,,,,,,,,,,,,,,,,,,,,,,100,0,100,0,100,0,100,0,100,0,76,24,100,0,100,0,97,7519,24,24,,,,,100,0,100,0,200,0,,,,,,,,,,,,,,,,,,,,,,,,,,,100,29176,100,50769075728,100,117475837856,,,,,,,,,,
2019-02-10,S301K6XV,ST4000DM000,4000787030016,0,117,136896376,,,92,0,100,10,100,0,87,499585220,,,67,29300,100,0,,,100,10,,,,,,,,,,,,,,,,,,,,,,,,,,,,,,,100,0,100,0,100,0,100,0,100,0,77,23,100,0,100,0,97,7519,23,23,,,,,100,0,100,0,200,0,,,,,,,,,,,,,,,,,,,,,,,,,,,100,29200,100,50784789064,100,117586693190,,,,,,,,,,
2019-02-11,S301K6XV,ST4000DM000,4000787030016,0,115,100477224,,,92,0,100,10,100,0,87,501390937,,,67,29324,100,0,,,100,10,,,,,,,,,,,,,,,,,,,,,,,,,,,,,,,100,0,100,0,100,0,100,0,100,0,76,24,100,0,100,0,97,7519,24,24,,,,,100,0,100,0,200,0,,,,,,,,,,,,,,,,,,,,,,,,,,,100,29224,100,50802145696,100,117683734945,,,,,,,,,,
2019-02-12,S301K6XV,ST4000DM000,4000787030016,0,111,33213368,,,92,0,100,10,100,0,87,502648664,,,67,29348,100,0,,,100,10,,,,,,,,,,,,,,,,,,,,,,,,,,,,,,,100,0,100,0,100,0,100,0,100,0,76,24,100,0,100,0,97,7519,24,24,,,,,100,0,100,0,200,0,,,,,,,,,,,,,,,,,,,,,,,,,,,100,29248,100,50816337896,100,117819538877,,,,,,,,,,
2019-02-13,S301K6XV,ST4000DM000,4000787030016,0,113,54006456,,,92,0,100,10,100,0,87,503880126,,,67,29372,100,0,,,100,10,,,,,,,,,,,,,,,,,,,,,,,,,,,,,,,100,0,100,0,100,0,100,0,100,0,77,23,100,0,100,0,97,7519,23,23,,,,,100,0,100,0,200,0,,,,,,,,,,,,,,,,,,,,,,,,,,,100,29272,100,50831261752,100,117957391169,,,,,,,,,,
2019-02-14,S301K6XV,ST4000DM000,4000787030016,0,116,114261800,,,92,0,100,10,100,0,87,505200815,,,67,29396,100,0,,,100,10,,,,,,,,,,,,,,,,,,,,,,,,,,,,,,,100,0,100,0,100,0,100,0,100,0,77,23,100,0,100,0,97,7519,23,23,,,,,100,0,100,0,200,0,,,,,,,,,,,,,,,,,,,,,,,,,,,100,29296,100,50848949232,100,118096507234,,,,,,,,,,
2019-02-15,S301K6XV,ST4000DM000,4000787030016,0,117,149923392,,,92,0,100,10,100,0,87,506815724,,,67,29420,100,0,,,100,10,,,,,,,,,,,,,,,,,,,,,,,,,,,,,,,100,0,100,0,100,0,100,0,100,0,77,23,100,0,100,0,97,7519,23,23,,,,,100,0,100,0,200,0,,,,,,,,,,,,,,,,,,,,,,,,,,,100,29319,100,50874960984,100,118160529029,,,,,,,,,,
2019-02-16,S301K6XV,ST4000DM000,4000787030016,0,118,169268984,,,92,0,100,10,100,0,87,507689986,,,67,29444,100,0,,,100,10,,,,,,,,,,,,,,,,,,,,,,,,,,,,,,,100,0,100,0,100,0,100,0,100,0,77,23,100,0,100,0,97,7519,23,23,,,,,100,0,100,0,200,0,,,,,,,,,,,,,,,,,,,,,,,,,,,100,29343,100,50891045624,100,118222664510,,,,,,,,,,
2019-02-17,S301K6XV,ST4000DM000,4000787030016,0,119,226191560,,,92,0,100,10,100,0,87,508734882,,,67,29468,100,0,,,100,10,,,,,,,,,,,,,,,,,,,,,,,,,,,,,,,100,0,100,0,100,0,100,0,100,0,77,23,100,0,100,0,97,7519,23,23,,,,,100,0,100,0,200,0,,,,,,,,,,,,,,,,,,,,,,,,,,,100,29367,100,50904081352,100,118346961923,,,,,,,,,,
2019-02-18,S301K6XV,ST4000DM000,4000787030016,0,120,236020152,,,92,0,100,10,100,0,87,512219257,,,67,29491,100,0,,,100,10,,,,,,,,,,,,,,,,,,,,,,,,,,,,,,,100,0,100,0,100,0,100,0,100,0,77,23,100,0,100,0,97,7519,23,23,,,,,100,0,100,0,200,0,,,,,,,,,,,,,,,,,,,,,,,,,,,100,29391,100,50922233248,100,118457940198,,,,,,,,,,
2019-02-19,S301K6XV,ST4000DM000,4000787030016,0,114,73597232,,,92,0,100,10,100,0,87,513505247,,,67,29515,100,0,,,100,10,,,,,,,,,,,,,,,,,,,,,,,,,,,,,,,100,0,100,0,100,0,100,0,100,0,75,25,100,0,100,0,97,7519,25,25,,,,,100,0,100,0,200,0,,,,,,,,,,,,,,,,,,,,,,,,,,,100,29415,100,50938557888,100,118581138560,,,,,,,,,,
2019-02-20,S301K6XV,ST4000DM000,4000787030016,0,118,187678416,,,92,0,100,10,100,0,87,515231269,,,67,29539,100,0,,,100,10,,,,,,,,,,,,,,,,,,,,,,,,,,,,,,,100,0,100,0,100,0,100,0,100,0,75,25,100,0,100,0,97,7519,25,25,,,,,100,0,100,0,200,0,,,,,,,,,,,,,,,,,,,,,,,,,,,100,29439,100,50960716216,100,118703280483,,,,,,,,,,
2019-02-21,S301K6XV,ST4000DM000,4000787030016,0,119,220375888,,,92,0,100,10,100,0,87,516220064,,,67,29575,100,0,,,100,10,,,,,,,,,,,,,,,,,,,,,,,,,,,,,,,100,0,100,0,100,0,100,0,100,0,76,24,100,0,100,0,97,7519,24,24,,,,,100,0,100,0,200,0,,,,,,,,,,,,,,,,,,,,,,,,,,,100,29474,100,50984719656,100,118831898401,,,,,,,,,,
2019-02-22,S301K6XV,ST4000DM000,4000787030016,0,117,127980720,,,92,0,100,10,100,0,87,518399909,,,67,29599,100,0,,,100,10,,,,,,,,,,,,,,,,,,,,,,,,,,,,,,,100,0,100,0,100,0,100,0,100,0,76,24,100,0,100,0,97,7519,24,24,,,,,100,0,100,0,200,0,,,,,,,,,,,,,,,,,,,,,,,,,,,100,29498,100,51009388880,100,118972135031,,,,,,,,,,
2019-02-23,S301K6XV,ST4000DM000,4000787030016,0,114,67522224,,,92,0,100,10,100,0,87,519067671,,,67,29622,100,0,,,100,10,,,,,,,,,,,,,,,,,,,,,,,,,,,,,,,100,0,100,0,100,0,100,0,100,0,76,24,100,0,100,0,97,7519,24,24,,,,,100,0,100,0,200,0,,,,,,,,,,,,,,,,,,,,,,,,,,,100,29522,100,51018759976,100,119064509858,,,,,,,,,,
2019-02-24,S301K6XV,ST4000DM000,4000787030016,0,106,10539984,,,92,0,100,10,100,0,87,520724552,,,67,29646,100,0,,,100,10,,,,,,,,,,,,,,,,,,,,,,,,,,,,,,,100,0,100,0,100,0,100,0,100,0,77,23,100,0,100,0,97,7519,23,23,,,,,100,0,100,0,200,0,,,,,,,,,,,,,,,,,,,,,,,,,,,100,29546,100,51037553728,100,119134650331,,,,,,,,,,
2019-02-25,S301K6XV,ST4000DM000,4000787030016,0,117,119033304,,,92,0,100,10,100,0,87,521456036,,,67,29670,100,0,,,100,10,,,,,,,,,,,,,,,,,,,,,,,,,,,,,,,100,0,100,0,100,0,100,0,100,0,78,22,100,0,100,0,97,7519,22,22,,,,,100,0,100,0,200,0,,,,,,,,,,,,,,,,,,,,,,,,,,,100,29570,100,51050112488,100,119310287197,,,,,,,,,,
2019-02-26,S301K6XV,ST4000DM000,4000787030016,0,114,74744760,,,92,0,100,10,100,0,87,522149171,,,67,29694,100,0,,,100,10,,,,,,,,,,,,,,,,,,,,,,,,,,,,,,,100,0,100,0,100,0,100,0,100,0,76,24,100,0,100,0,97,7519,24,24,,,,,100,0,100,0,200,0,,,,,,,,,,,,,,,,,,,,,,,,,,,100,29594,100,51067772720,100,119484748851,,,,,,,,,,
2019-02-27,S301K6XV,ST4000DM000,4000787030016,0,117,143929072,,,92,0,100,10,100,0,87,522742888,,,67,29718,100,0,,,100,10,,,,,,,,,,,,,,,,,,,,,,,,,,,,,,,100,0,100,0,100,0,100,0,100,0,78,22,100,0,100,0,97,7519,22,22,,,,,100,0,100,0,200,0,,,,,,,,,,,,,,,,,,,,,,,,,,,100,29618,100,51080158600,100,119663667909,,,,,,,,,,
2019-02-28,S301K6XV,ST4000DM000,4000787030016,0,105,8059704,,,92,0,100,10,100,0,87,523148895,,,67,29730,100,0,,,100,10,,,,,,,,,,,,,,,,,,,,,,,,,,,,,,,100,0,100,0,100,0,100,0,100,0,78,22,100,0,100,0,97,7519,22,22,,,,,100,0,100,0,200,0,,,,,,,,,,,,,,,,,,,,,,,,,,,100,29629,100,51092519144,100,119748384510,,,,,,,,,,
2019-03-01,S301K6XV,ST4000DM000,4000787030016,0,108,18784968,,,92,0,100,10,100,0,87,524671129,,,67,29754,100,0,,,100,10,,,,,,,,,,,,,,,,,,,,,,,,,,,,,,,100,0,100,0,100,0,100,0,100,0,78,22,100,0,100,0,97,7519,22,22,,,,,100,0,100,0,200,0,,,,,,,,,,,,,,,,,,,,,,,,,,,100,29653,100,51108722312,100,119901228863,,,,,,,,,,
2019-03-02,S301K6XV,ST4000DM000,4000787030016,0,101,3304352,,,92,0,100,10,100,0,87,525568585,,,67,29777,100,0,,,100,10,,,,,,,,,,,,,,,,,,,,,,,,,,,,,,,100,0,100,0,100,0,100,0,100,0,77,23,100,0,100,0,97,7519,23,23,,,,,100,0,100,0,200,0,,,,,,,,,,,,,,,,,,,,,,,,,,,100,29677,100,51120079600,100,120084606835,,,,,,,,,,
2019-03-03,S301K6XV,ST4000DM000,4000787030016,0,118,193222040,,,92,0,100,10,100,0,87,526243849,,,66,29801,100,0,,,100,10,,,,,,,,,,,,,,,,,,,,,,,,,,,,,,,100,0,100,0,100,0,100,0,100,0,76,24,100,0,100,0,97,7519,24,24,,,,,100,0,100,0,200,0,,,,,,,,,,,,,,,,,,,,,,,,,,,100,29701,100,51130952144,100,120261134089,,,,,,,,,,
2019-03-04,S301K6XV,ST4000DM000,4000787030016,0,114,81654224,,,92,0,100,10,100,0,87,529036453,,,66,29825,100,0,,,100,10,,,,,,,,,,,,,,,,,,,,,,,,,,,,,,,100,0,100,0,100,0,100,0,100,0,78,22,100,0,100,0,97,7519,22,22,,,,,100,0,100,0,200,0,,,,,,,,,,,,,,,,,,,,,,,,,,,100,29725,100,51148507056,100,120388128940,,,,,,,,,,
2019-03-05,S301K6XV,ST4000DM000,4000787030016,0,105,8924632,,,92,0,100,10,100,0,87,530465102,,,66,29849,100,0,,,100,10,,,,,,,,,,,,,,,,,,,,,,,,,,,,,,,100,0,100,0,100,0,100,0,100,0,77,23,100,0,100,0,97,7519,23,23,,,,,100,0,100,0,200,0,,,,,,,,,,,,,,,,,,,,,,,,,,,100,29748,100,51159996952,100,120562275093,,,,,,,,,,
2019-03-06,S301K6XV,ST4000DM000,4000787030016,0,119,233096472,,,92,0,100,10,100,0,87,531384771,,,66,29873,100,0,,,100,10,,,,,,,,,,,,,,,,,,,,,,,,,,,,,,,100,0,100,0,100,0,100,0,100,0,77,23,100,0,100,0,97,7519,23,23,,,,,100,0,100,0,200,0,,,,,,,,,,,,,,,,,,,,,,,,,,,100,29772,100,51171106288,100,120721027039,,,,,,,,,,
2019-03-07,S301K6XV,ST4000DM000,4000787030016,0,117,148800896,,,92,0,100,10,100,0,87,532446388,,,66,29896,100,0,,,100,10,,,,,,,,,,,,,,,,,,,,,,,,,,,,,,,100,0,100,0,100,0,100,0,100,0,76,24,100,0,100,0,97,7519,24,24,,,,,100,0,100,0,200,0,,,,,,,,,,,,,,,,,,,,,,,,,,,100,29796,100,51183580144,100,120876906037,,,,,,,,,,
2019-03-08,S301K6XV,ST4000DM000,4000787030016,0,119,229556032,,,92,0,100,10,100,0,87,534344789,,,66,29920,100,0,,,100,10,,,,,,,,,,,,,,,,,,,,,,,,,,,,,,,100,0,100,0,100,0,100,0,100,0,78,22,100,0,100,0,97,7519,22,22,,,,,100,0,100,0,200,0,,,,,,,,,,,,,,,,,,,,,,,,,,,100,29820,100,51199706592,100,121012740090,,,,,,,,,,
2019-03-09,S301K6XV,ST4000DM000,4000787030016,0,119,220879040,,,92,0,100,10,100,0,87,536126954,,,66,29944,100,0,,,100,10,,,,,,,,,,,,,,,,,,,,,,,,,,,,,,,100,0,100,0,100,0,100,0,100,0,76,24,100,0,100,0,97,7519,24,24,,,,,100,0,100,0,200,0,,,,,,,,,,,,,,,,,,,,,,,,,,,100,29844,100,51214255344,100,121182080268,,,,,,,,,,
2019-03-10,S301K6XV,ST4000DM000,4000787030016,0,111,36453912,,,92,0,100,10,100,0,87,537493605,,,66,29968,100,0,,,100,10,,,,,,,,,,,,,,,,,,,,,,,,,,,,,,,100,0,100,0,100,0,100,0,100,0,77,23,100,0,100,0,97,7519,23,23,,,,,100,0,100,0,200,0,,,,,,,,,,,,,,,,,,,,,,,,,,,100,29867,100,51228082064,100,121359916667,,,,,,,,,,
2019-03-11,S301K6XV,ST4000DM000,4000787030016,0,120,237299160,,,92,0,100,10,100,0,87,539316099,,,66,29992,100,0,,,100,10,,,,,,,,,,,,,,,,,,,,,,,,,,,,,,,100,0,100,0,100,0,100,0,100,0,76,24,100,0,100,0,97,7519,24,24,,,,,100,0,100,0,200,0,,,,,,,,,,,,,,,,,,,,,,,,,,,100,29891,100,51251573808,100,121450379778,,,,,,,,,,
2019-03-12,S301K6XV,ST4000DM000,4000787030016,0,120,235894600,,,92,0,100,10,100,0,87,540739093,,,66,30016,100,0,,,100,10,,,,,,,,,,,,,,,,,,,,,,,,,,,,,,,100,0,100,0,100,0,100,0,100,0,76,24,100,0,100,0,97,7519,24,24,,,,,100,0,100,0,200,0,,,,,,,,,,,,,,,,,,,,,,,,,,,100,29915,100,51274446384,100,121619613320,,,,,,,,,,
2019-03-13,S301K6XV,ST4000DM000,4000787030016,0,118,187018016,,,92,0,100,10,100,0,87,543217169,,,66,30051,100,0,,,100,10,,,,,,,,,,,,,,,,,,,,,,,,,,,,,,,100,0,100,0,100,0,100,0,100,0,77,23,100,0,100,0,97,7519,23,23,,,,,100,0,100,0,200,0,,,,,,,,,,,,,,,,,,,,,,,,,,,100,29951,100,51313207728,100,121826702096,,,,,,,,,,
2019-03-14,S301K6XV,ST4000DM000,4000787030016,0,119,204195992,,,92,0,100,10,100,0,87,544232632,,,66,30075,100,0,,,100,10,,,,,,,,,,,,,,,,,,,,,,,,,,,,,,,100,0,100,0,100,0,100,0,100,0,79,21,100,0,100,0,97,7519,21,21,,,,,100,0,100,0,200,0,,,,,,,,,,,,,,,,,,,,,,,,,,,100,29975,100,51339331488,100,121963454481,,,,,,,,,,
2019-03-15,S301K6XV,ST4000DM000,4000787030016,0,109,24186960,,,92,0,100,10,100,0,87,546518766,,,66,30099,100,0,,,100,10,,,,,,,,,,,,,,,,,,,,,,,,,,,,,,,100,0,100,0,100,0,100,0,100,0,78,22,100,0,100,0,97,7519,22,22,,,,,100,0,100,0,200,0,,,,,,,,,,,,,,,,,,,,,,,,,,,100,29998,100,51390342984,100,122108869830,,,,,,,,,,
2019-03-16,S301K6XV,ST4000DM000,4000787030016,0,117,161058040,,,92,0,100,10,100,0,87,547656608,,,66,30123,100,0,,,100,10,,,,,,,,,,,,,,,,,,,,,,,,,,,,,,,100,0,100,0,100,0,100,0,100,0,79,21,100,0,100,0,97,7519,21,21,,,,,100,0,100,0,200,0,,,,,,,,,,,,,,,,,,,,,,,,,,,100,30022,100,51406072464,100,122245029888,,,,,,,,,,
2019-03-17,S301K6XV,ST4000DM000,4000787030016,0,116,113339488,,,92,0,100,10,100,0,87,549221598,,,66,30146,100,0,,,100,10,,,,,,,,,,,,,,,,,,,,,,,,,,,,,,,100,0,100,0,100,0,100,0,100,0,79,21,100,0,100,0,97,7519,21,21,,,,,100,0,100,0,200,0,,,,,,,,,,,,,,,,,,,,,,,,,,,100,30046,100,51429495104,100,122385703964,,,,,,,,,,
2019-03-18,S301K6XV,ST4000DM000,4000787030016,0,120,240285664,,,92,0,100,10,100,0,87,550472837,,,66,30170,100,0,,,100,10,,,,,,,,,,,,,,,,,,,,,,,,,,,,,,,100,0,100,0,100,0,100,0,100,0,79,21,100,0,100,0,97,7519,21,21,,,,,100,0,100,0,200,0,,,,,,,,,,,,,,,,,,,,,,,,,,,100,30070,100,51444529152,100,122481093092,,,,,,,,,,
2019-03-19,S301K6XV,ST4000DM000,4000787030016,0,116,114573368,,,92,0,100,10,100,0,87,551661978,,,66,30194,100,0,,,100,10,,,,,,,,,,,,,,,,,,,,,,,,,,,,,,,100,0,100,0,100,0,100,0,100,0,79,21,100,0,100,0,97,7519,21,21,,,,,100,0,100,0,200,0,,,,,,,,,,,,,,,,,,,,,,,,,,,100,30094,100,51462948904,100,122616777422,,,,,,,,,,
2019-03-20,S301K6XV,ST4000DM000,4000787030016,0,119,209925952,,,92,0,100,10,100,0,87,552663906,,,66,30218,100,0,,,100,10,,,,,,,,,,,,,,,,,,,,,,,,,,,,,,,100,0,100,0,100,0,100,0,100,0,78,22,100,0,100,0,97,7519,22,22,,,,,100,0,100,0,200,0,,,,,,,,,,,,,,,,,,,,,,,,,,,100,30117,100,51482771328,100,122746907539,,,,,,,,,,
2019-03-21,S301K6XV,ST4000DM000,4000787030016,0,119,214999944,,,92,0,100,10,100,0,87,553886683,,,66,30242,100,0,,,100,10,,,,,,,,,,,,,,,,,,,,,,,,,,,,,,,100,0,100,0,100,0,100,0,100,0,78,22,100,0,100,0,97,7519,22,22,,,,,100,0,100,0,200,0,,,,,,,,,,,,,,,,,,,,,,,,,,,100,30141,100,51502811976,100,122892203704,,,,,,,,,,
2019-03-22,S301K6XV,ST4000DM000,4000787030016,0,112,50026288,,,92,0,100,10,100,0,87,556124781,,,66,30265,100,0,,,100,10,,,,,,,,,,,,,,,,,,,,,,,,,,,,,,,100,0,100,0,100,0,100,0,100,0,78,22,100,0,100,0,97,7519,22,22,,,,,100,0,100,0,200,0,,,,,,,,,,,,,,,,,,,,,,,,,,,100,30165,100,51519125944,100,123030919423,,,,,,,,,,
2019-03-23,S301K6XV,ST4000DM000,4000787030016,0,103,5502368,,,92,0,100,10,100,0,87,558297728,,,66,30289,100,0,,,100,10,,,,,,,,,,,,,,,,,,,,,,,,,,,,,,,100,0,100,0,100,0,100,0,100,0,78,22,100,0,100,0,97,7519,22,22,,,,,100,0,100,0,200,0,,,,,,,,,,,,,,,,,,,,,,,,,,,100,30189,100,51540605168,100,123158954196,,,,,,,,,,
2019-03-24,S301K6XV,ST4000DM000,4000787030016,0,114,68414320,,,92,0,100,10,100,0,87,559271062,,,66,30313,100,0,,,100,10,,,,,,,,,,,,,,,,,,,,,,,,,,,,,,,100,0,100,0,100,0,100,0,100,0,78,22,100,0,100,0,97,7519,22,22,,,,,100,0,100,0,200,0,,,,,,,,,,,,,,,,,,,,,,,,,,,100,30213,100,51550017904,100,123261441897,,,,,,,,,,
2019-03-25,S301K6XV,ST4000DM000,4000787030016,0,118,183930944,,,92,0,100,10,100,0,87,560860187,,,66,30337,100,0,,,100,10,,,,,,,,,,,,,,,,,,,,,,,,,,,,,,,100,0,100,0,100,0,100,0,100,0,77,23,100,0,100,0,97,7519,23,23,,,,,100,0,100,0,200,0,,,,,,,,,,,,,,,,,,,,,,,,,,,100,30237,100,51571086320,100,123316543437,,,,,,,,,,
2019-03-26,S301K6XV,ST4000DM000,4000787030016,0,116,103514640,,,92,0,100,10,100,0,87,561927242,,,66,30361,100,0,,,100,10,,,,,,,,,,,,,,,,,,,,,,,,,,,,,,,100,0,100,0,100,0,100,0,100,0,78,22,100,0,100,0,97,7519,22,22,,,,,100,0,100,0,200,0,,,,,,,,,,,,,,,,,,,,,,,,,,,100,30260,100,51588824408,100,123433071218,,,,,,,,,,
2019-03-27,S301K6XV,ST4000DM000,4000787030016,0,111,35295448,,,92,0,100,10,100,0,87,563041166,,,66,30385,100,0,,,100,10,,,,,,,,,,,,,,,,,,,,,,,,,,,,,,,100,0,100,0,100,0,100,0,100,0,79,21,100,0,100,0,97,7519,21,21,,,,,100,0,100,0,200,0,,,,,,,,,,,,,,,,,,,,,,,,,,,100,30284,100,51618206984,100,123544852600,,,,,,,,,,
2019-03-28,S301K6XV,ST4000DM000,4000787030016,0,115,99718080,,,92,0,100,10,100,0,87,563644762,,,66,30409,100,0,,,100,10,,,,,,,,,,,,,,,,,,,,,,,,,,,,,,,100,0,100,0,100,0,100,0,100,0,78,22,100,0,100,0,97,7519,22,22,,,,,100,0,100,0,200,0,,,,,,,,,,,,,,,,,,,,,,,,,,,100,30308,100,51640961184,100,123597704510,,,,,,,,,,
2019-03-29,S301K6XV,ST4000DM000,4000787030016,0,117,128495064,,,92,0,100,10,100,0,87,565276685,,,66,30432,100,0,,,100,10,,,,,,,,,,,,,,,,,,,,,,,,,,,,,,,100,0,100,0,100,0,100,0,100,0,78,22,100,0,100,0,97,7519,22,22,,,,,100,0,100,0,200,0,,,,,,,,,,,,,,,,,,,,,,,,,,,100,30332,100,51662733176,100,123724726190,,,,,,,,,,
2019-03-30,S301K6XV,ST4000DM000,4000787030016,0,117,152490456,,,92,0,100,10,100,0,87,566786099,,,66,30456,100,0,,,100,10,,,,,,,,,,,,,,,,,,,,,,,,,,,,,,,100,0,100,0,100,0,100,0,100,0,77,23,100,0,100,0,97,7519,23,23,,,,,100,0,100,0,200,0,,,,,,,,,,,,,,,,,,,,,,,,,,,100,30356,100,51694356904,100,123836264044,,,,,,,,,,
2019-03-31,S301K6XV,ST4000DM000,4000787030016,0,118,184258872,,,92,0,100,10,100,0,87,567758414,,,66,30480,100,0,,,100,10,,,,,,,,,,,,,,,,,,,,,,,,,,,,,,,100,0,100,0,100,0,100,0,100,0,78,22,100,0,100,0,97,7519,22,22,,,,,100,0,100,0,200,0,,,,,,,,,,,,,,,,,,,,,,,,,,,100,30379,100,51706837912,100,123940969287,,,,,,,,,,
2019-04-01,S301K6XV,ST4000DM000,4000787030016,0,118,169733304,,,92,0,100,10,100,0,87,569287864,,,66,30503,100,0,,,100,10,,,,,,,,,,,,,,,,,,,,,,,,,,,,,,,100,0,100,0,100,0,100,0,100,0,79,21,100,0,100,0,97,7519,21,21,,,,,100,0,100,0,200,0,,,,,,,,,,,,,,,,,,,,,,,,,,,100,30403,100,51737162304,100,124017696018,,,,,,,,,,
2019-04-02,S301K6XV,ST4000DM000,4000787030016,0,117,161240184,,,92,0,100,10,100,0,87,570435970,,,66,30527,100,0,,,100,10,,,,,,,,,,,,,,,,,,,,,,,,,,,,,,,100,0,100,0,100,0,100,0,100,0,78,22,100,0,100,0,97,7519,22,22,,,,,100,0,100,0,200,0,,,,,,,,,,,,,,,,,,,,,,,,,,,100,30427,100,51747934120,100,124149754633,,,,,,,,,,
2019-04-03,S301K6XV,ST4000DM000,4000787030016,0,111,33341752,,,92,0,100,10,100,0,87,571555707,,,66,30551,100,0,,,100,10,,,,,,,,,,,,,,,,,,,,,,,,,,,,,,,100,0,100,0,100,0,100,0,100,0,78,22,100,0,100,0,97,7519,22,22,,,,,100,0,100,0,200,0,,,,,,,,,,,,,,,,,,,,,,,,,,,100,30450,100,51764012368,100,124277612476,,,,,,,,,,
2019-04-04,S301K6XV,ST4000DM000,4000787030016,0,104,6725048,,,92,0,100,10,100,0,87,572649836,,,66,30574,100,0,,,100,10,,,,,,,,,,,,,,,,,,,,,,,,,,,,,,,100,0,100,0,100,0,100,0,100,0,78,22,100,0,100,0,97,7519,22,22,,,,,100,0,100,0,200,0,,,,,,,,,,,,,,,,,,,,,,,,,,,100,30474,100,51775152888,100,124396890153,,,,,,,,,,
2019-04-05,S301K6XV,ST4000DM000,4000787030016,0,117,131600384,,,92,0,100,10,100,0,87,574135360,,,66,30598,100,0,,,100,10,,,,,,,,,,,,,,,,,,,,,,,,,,,,,,,100,0,100,0,100,0,100,0,100,0,78,22,100,0,100,0,97,7519,22,22,,,,,100,0,100,0,200,0,,,,,,,,,,,,,,,,,,,,,,,,,,,100,30498,100,51788558160,100,124462032813,,,,,,,,,,
2019-04-06,S301K6XV,ST4000DM000,4000787030016,0,112,48544976,,,92,0,100,10,100,0,87,575084402,,,66,30622,100,0,,,100,10,,,,,,,,,,,,,,,,,,,,,,,,,,,,,,,100,0,100,0,100,0,100,0,100,0,78,22,100,0,100,0,97,7519,22,22,,,,,100,0,100,0,200,0,,,,,,,,,,,,,,,,,,,,,,,,,,,100,30521,100,51806484344,100,124525731786,,,,,,,,,,
2019-04-07,S301K6XV,ST4000DM000,4000787030016,0,111,35719104,,,92,0,100,10,100,0,87,576219386,,,66,30646,100,0,,,100,10,,,,,,,,,,,,,,,,,,,,,,,,,,,,,,,100,0,100,0,100,0,100,0,100,0,78,22,100,0,100,0,97,7519,22,22,,,,,100,0,100,0,200,0,,,,,,,,,,,,,,,,,,,,,,,,,,,100,30545,100,51820432264,100,124642780351,,,,,,,,,,
2019-04-08,S301K6XV,ST4000DM000,4000787030016,0,111,32523032,,,92,0,100,10,100,0,87,578301868,,,65,30669,100,0,,,100,10,,,,,,,,,,,,,,,,,,,,,,,,,,,,,,,100,0,100,0,100,0,100,0,100,0,79,21,100,0,100,0,97,7519,21,21,,,,,100,0,100,0,200,0,,,,,,,,,,,,,,,,,,,,,,,,,,,100,30569,100,51836529912,100,124756278542,,,,,,,,,,
2019-04-09,S301K6XV,ST4000DM000,4000787030016,0,108,17916400,,,92,0,100,10,100,0,87,579459031,,,65,30693,100,0,,,100,10,,,,,,,,,,,,,,,,,,,,,,,,,,,,,,,100,0,100,0,100,0,100,0,100,0,79,21,100,0,100,0,97,7519,21,21,,,,,100,0,100,0,200,0,,,,,,,,,,,,,,,,,,,,,,,,,,,100,30593,100,51861118840,100,124884268960,,,,,,,,,,
2019-04-10,S301K6XV,ST4000DM000,4000787030016,0,113,52634664,,,92,0,100,10,100,0,87,580826532,,,65,30717,100,0,,,100,10,,,,,,,,,,,,,,,,,,,,,,,,,,,,,,,100,0,100,0,100,0,100,0,100,0,78,22,100,0,100,0,97,7519,22,22,,,,,100,0,100,0,200,0,,,,,,,,,,,,,,,,,,,,,,,,,,,100,30617,100,51873956320,100,124980395985,,,,,,,,,,
2019-04-11,S301K6XV,ST4000DM000,4000787030016,0,111,34334464,,,92,0,100,10,100,0,87,581503973,,,65,30741,100,0,,,100,10,,,,,,,,,,,,,,,,,,,,,,,,,,,,,,,100,0,100,0,100,0,100,0,100,0,79,21,100,0,100,0,97,7519,21,21,,,,,100,0,100,0,200,0,,,,,,,,,,,,,,,,,,,,,,,,,,,100,30641,100,51892337704,100,125073021964,,,,,,,,,,
2019-04-12,S301K6XV,ST4000DM000,4000787030016,0,113,50478032,,,92,0,100,10,100,0,87,584181081,,,65,30765,100,0,,,100,10,,,,,,,,,,,,,,,,,,,,,,,,,,,,,,,100,0,100,0,100,0,100,0,100,0,78,22,100,0,100,0,97,7519,22,22,,,,,100,0,100,0,200,0,,,,,,,,,,,,,,,,,,,,,,,,,,,100,30664,100,51912528024,100,125223649481,,,,,,,,,,
2019-04-13,S301K6XV,ST4000DM000,4000787030016,0,117,158084504,,,92,0,100,10,100,0,87,584772558,,,65,30788,100,0,,,100,10,,,,,,,,,,,,,,,,,,,,,,,,,,,,,,,100,0,100,0,100,0,100,0,100,0,78,22,100,0,100,0,97,7519,22,22,,,,,100,0,100,0,200,0,,,,,,,,,,,,,,,,,,,,,,,,,,,100,30688,100,51924527720,100,125313133934,,,,,,,,,,
2019-04-14,S301K6XV,ST4000DM000,4000787030016,0,118,185879120,,,92,0,100,10,100,0,87,585455744,,,65,30812,100,0,,,100,10,,,,,,,,,,,,,,,,,,,,,,,,,,,,,,,100,0,100,0,100,0,100,0,100,0,79,21,100,0,100,0,97,7519,21,21,,,,,100,0,100,0,200,0,,,,,,,,,,,,,,,,,,,,,,,,,,,100,30712,100,51936844728,100,125480852559,,,,,,,,,,
2019-04-15,S301K6XV,ST4000DM000,4000787030016,0,111,33967432,,,92,0,100,10,100,0,87,587163865,,,65,30836,100,0,,,100,10,,,,,,,,,,,,,,,,,,,,,,,,,,,,,,,100,0,100,0,100,0,100,0,100,0,79,21,100,0,100,0,97,7519,21,21,,,,,100,0,100,0,200,0,,,,,,,,,,,,,,,,,,,,,,,,,,,100,30736,100,51955218792,100,125611103410,,,,,,,,,,
2019-04-16,S301K6XV,ST4000DM000,4000787030016,0,106,11815696,,,92,0,100,10,100,0,87,587761252,,,65,30860,100,0,,,100,10,,,,,,,,,,,,,,,,,,,,,,,,,,,,,,,100,0,100,0,100,0,100,0,100,0,78,22,100,0,100,0,97,7519,22,22,,,,,100,0,100,0,200,0,,,,,,,,,,,,,,,,,,,,,,,,,,,100,30759,100,51968518840,100,125792853129,,,,,,,,,,
2019-04-17,S301K6XV,ST4000DM000,4000787030016,0,119,220263168,,,92,0,100,10,100,0,87,588424489,,,65,30883,100,0,,,100,10,,,,,,,,,,,,,,,,,,,,,,,,,,,,,,,100,0,100,0,100,0,100,0,100,0,79,21,100,0,100,0,97,7519,21,21,,,,,100,0,100,0,200,0,,,,,,,,,,,,,,,,,,,,,,,,,,,100,30783,100,51980053912,100,125964133748,,,,,,,,,,
2019-04-18,S301K6XV,ST4000DM000,4000787030016,0,119,203454832,,,92,0,100,10,100,0,87,589055160,,,65,30907,100,0,,,100,10,,,,,,,,,,,,,,,,,,,,,,,,,,,,,,,100,0,100,0,100,0,100,0,100,0,78,22,100,0,100,0,97,7519,22,22,,,,,100,0,100,0,200,0,,,,,,,,,,,,,,,,,,,,,,,,,,,100,30807,100,51993657672,100,126125682714,,,,,,,,,,
2019-04-19,S301K6XV,ST4000DM000,4000787030016,0,114,70122272,,,92,0,100,10,100,0,87,590901615,,,65,30931,100,0,,,100,10,,,,,,,,,,,,,,,,,,,,,,,,,,,,,,,100,0,100,0,100,0,100,0,100,0,79,21,100,0,100,0,97,7519,21,21,,,,,100,0,100,0,200,0,,,,,,,,,,,,,,,,,,,,,,,,,,,100,30830,100,52007349352,100,126321570319,,,,,,,,,,
2019-04-20,S301K6XV,ST4000DM000,4000787030016,0,119,204404464,,,92,0,100,10,100,0,87,592017695,,,65,30954,100,0,,,100,10,,,,,,,,,,,,,,,,,,,,,,,,,,,,,,,100,0,100,0,100,0,100,0,100,0,78,22,100,0,100,0,97,7519,22,22,,,,,100,0,100,0,200,0,,,,,,,,,,,,,,,,,,,,,,,,,,,100,30854,100,52020531304,100,126515439275,,,,,,,,,,
2019-04-21,S301K6XV,ST4000DM000,4000787030016,0,116,116458160,,,92,0,100,10,100,0,87,592973656,,,65,30978,100,0,,,100,10,,,,,,,,,,,,,,,,,,,,,,,,,,,,,,,100,0,100,0,100,0,100,0,100,0,77,23,100,0,100,0,97,7519,23,23,,,,,100,0,100,0,200,0,,,,,,,,,,,,,,,,,,,,,,,,,,,100,30878,100,52039266472,100,126677656138,,,,,,,,,,
2019-04-22,S301K6XV,ST4000DM000,4000787030016,0,108,19130200,,,92,0,100,10,100,0,87,594823486,,,65,31002,100,0,,,100,10,,,,,,,,,,,,,,,,,,,,,,,,,,,,,,,100,0,100,0,100,0,100,0,100,0,78,22,100,0,100,0,97,7519,22,22,,,,,100,0,100,0,200,0,,,,,,,,,,,,,,,,,,,,,,,,,,,100,30901,100,52056356792,100,126786451380,,,,,,,,,,
2019-04-23,S301K6XV,ST4000DM000,4000787030016,0,111,36557592,,,92,0,100,10,100,0,87,595928114,,,65,31025,100,0,,,100,10,,,,,,,,,,,,,,,,,,,,,,,,,,,,,,,100,0,100,0,100,0,100,0,100,0,78,22,100,0,100,0,97,7519,22,22,,,,,100,0,100,0,200,0,,,,,,,,,,,,,,,,,,,,,,,,,,,100,30925,100,52071363856,100,126943016030,,,,,,,,,,
2019-04-24,S301K6XV,ST4000DM000,4000787030016,0,119,233323168,,,92,0,100,10,100,0,87,597783360,,,65,31061,100,0,,,100,10,,,,,,,,,,,,,,,,,,,,,,,,,,,,,,,100,0,100,0,100,0,100,0,100,0,79,21,100,0,100,0,97,7519,21,21,,,,,100,0,100,0,200,0,,,,,,,,,,,,,,,,,,,,,,,,,,,100,30960,100,52095020736,100,127138635798,,,,,,,,,,
2019-04-25,S301K6XV,ST4000DM000,4000787030016,0,119,208206792,,,92,0,100,10,100,0,87,598878536,,,65,31084,100,0,,,100,10,,,,,,,,,,,,,,,,,,,,,,,,,,,,,,,100,0,100,0,100,0,100,0,100,0,79,21,100,0,100,0,97,7519,21,21,,,,,100,0,100,0,200,0,,,,,,,,,,,,,,,,,,,,,,,,,,,100,30984,100,52111710648,100,127306133204,,,,,,,,,,
2019-04-26,S301K6XV,ST4000DM000,4000787030016,0,117,149422080,,,92,0,100,10,100,0,87,601488408,,,65,31108,100,0,,,100,10,,,,,,,,,,,,,,,,,,,,,,,,,,,,,,,100,0,100,0,100,0,100,0,100,0,79,21,100,0,100,0,97,7519,21,21,,,,,100,0,100,0,200,0,,,,,,,,,,,,,,,,,,,,,,,,,,,100,31008,100,52137967768,100,127509299165,,,,,,,,,,
2019-04-27,S301K6XV,ST4000DM000,4000787030016,0,117,140713824,,,92,0,100,10,100,0,87,601933555,,,65,31120,100,0,,,100,10,,,,,,,,,,,,,,,,,,,,,,,,,,,,,,,100,0,100,0,100,0,100,0,100,0,78,22,100,0,100,0,97,7519,22,22,,,,,100,0,100,0,200,0,,,,,,,,,,,,,,,,,,,,,,,,,,,100,31020,100,52148743760,100,127578771688,,,,,,,,,,
2019-04-28,S301K6XV,ST4000DM000,4000787030016,0,118,175878768,,,92,0,100,11,100,0,87,604511773,,,65,31144,100,0,,,100,11,,,,,,,,,,,,,,,,,,,,,,,,,,,,,,,100,0,100,0,100,0,100,0,100,0,76,24,100,0,100,0,97,7520,24,24,,,,,100,0,100,0,200,0,,,,,,,,,,,,,,,,,,,,,,,,,,,100,31043,100,52168107984,100,127766794245,,,,,,,,,,
2019-04-29,S301K6XV,ST4000DM000,4000787030016,0,111,38762888,,,92,0,100,11,100,0,87,606442811,,,65,31167,100,0,,,100,11,,,,,,,,,,,,,,,,,,,,,,,,,,,,,,,100,0,100,0,100,0,100,0,100,0,76,24,100,0,100,0,97,7520,24,24,,,,,100,0,100,0,200,0,,,,,,,,,,,,,,,,,,,,,,,,,,,100,31067,100,52182622864,100,127846672175,,,,,,,,,,
2019-04-30,S301K6XV,ST4000DM000,4000787030016,0,119,230617584,,,92,0,100,11,100,0,87,608099529,,,65,31203,100,0,,,100,11,,,,,,,,,,,,,,,,,,,,,,,,,,,,,,,100,0,100,0,100,0,100,0,100,0,76,24,100,0,100,0,97,7520,24,24,,,,,100,0,100,0,200,0,,,,,,,,,,,,,,,,,,,,,,,,,,,100,31103,100,52201645504,100,128059057350,,,,,,,,,,
2019-05-01,S301K6XV,ST4000DM000,4000787030016,0,114,59974168,,,92,0,100,11,100,0,87,608509897,,,65,31215,100,0,,,100,11,,,,,,,,,,,,,,,,,,,,,,,,,,,,,,,100,0,100,0,100,0,100,0,100,0,76,24,100,0,100,0,97,7520,24,24,,,,,100,0,100,0,200,0,,,,,,,,,,,,,,,,,,,,,,,,,,,100,31114,100,52207055248,100,128111773262,,,,,,,,,,
2019-05-02,S301K6XV,ST4000DM000,4000787030016,0,114,72703960,,,92,0,100,11,100,0,87,609517759,,,65,31239,100,0,,,100,11,,,,,,,,,,,,,,,,,,,,,,,,,,,,,,,100,0,100,0,100,0,100,0,100,0,78,22,100,0,100,0,97,7520,22,22,,,,,100,0,100,0,200,0,,,,,,,,,,,,,,,,,,,,,,,,,,,100,31138,100,52219735872,100,128249407442,,,,,,,,,,
2019-05-03,S301K6XV,ST4000DM000,4000787030016,0,120,243766400,,,92,0,100,11,100,0,87,610831694,,,65,31262,100,0,,,100,11,,,,,,,,,,,,,,,,,,,,,,,,,,,,,,,100,0,100,0,100,0,100,0,100,0,78,22,100,0,100,0,97,7520,22,22,,,,,100,0,100,0,200,0,,,,,,,,,,,,,,,,,,,,,,,,,,,100,31162,100,52231641096,100,128410736395,,,,,,,,,,
2019-05-04,S301K6XV,ST4000DM000,4000787030016,0,117,162331696,,,92,0,100,11,100,0,87,612788741,,,65,31286,100,0,,,100,11,,,,,,,,,,,,,,,,,,,,,,,,,,,,,,,100,0,100,0,100,0,100,0,100,0,78,22,100,0,100,0,97,7520,22,22,,,,,100,0,100,0,200,0,,,,,,,,,,,,,,,,,,,,,,,,,,,100,31186,100,52256895240,100,128529763512,,,,,,,,,,
2019-05-05,S301K6XV,ST4000DM000,4000787030016,0,118,177222464,,,92,0,100,11,100,0,87,613868352,,,65,31310,100,0,,,100,11,,,,,,,,,,,,,,,,,,,,,,,,,,,,,,,100,0,100,0,100,0,100,0,100,0,78,22,100,0,100,0,97,7520,22,22,,,,,100,0,100,0,200,0,,,,,,,,,,,,,,,,,,,,,,,,,,,100,31209,100,52274644712,100,128665395625,,,,,,,,,,
2019-05-06,S301K6XV,ST4000DM000,4000787030016,0,117,167661448,,,92,0,100,11,100,0,87,615245507,,,65,31334,100,0,,,100,11,,,,,,,,,,,,,,,,,,,,,,,,,,,,,,,100,0,100,0,100,0,100,0,100,0,77,23,100,0,100,0,97,7520,23,23,,,,,100,0,100,0,200,0,,,,,,,,,,,,,,,,,,,,,,,,,,,100,31233,100,52288863288,100,128708843388,,,,,,,,,,
2019-05-07,S301K6XV,ST4000DM000,4000787030016,0,118,194582608,,,92,0,100,11,100,0,87,616758062,,,65,31358,100,0,,,100,11,,,,,,,,,,,,,,,,,,,,,,,,,,,,,,,100,0,100,0,100,0,100,0,100,0,78,22,100,0,100,0,97,7520,22,22,,,,,100,0,100,0,200,0,,,,,,,,,,,,,,,,,,,,,,,,,,,100,31257,100,52301688552,100,128888786686,,,,,,,,,,
2019-05-08,S301K6XV,ST4000DM000,4000787030016,0,111,36528520,,,92,0,100,11,100,0,87,618275160,,,65,31394,100,0,,,100,11,,,,,,,,,,,,,,,,,,,,,,,,,,,,,,,100,0,100,0,100,0,100,0,100,0,79,21,100,0,100,0,97,7520,21,21,,,,,100,0,100,0,200,0,,,,,,,,,,,,,,,,,,,,,,,,,,,100,31293,100,52326677968,100,129058784542,,,,,,,,,,
2019-05-09,S301K6XV,ST4000DM000,4000787030016,0,120,867040,,,92,0,100,11,100,0,87,619296915,,,65,31418,100,0,,,100,11,,,,,,,,,,,,,,,,,,,,,,,,,,,,,,,100,0,100,0,100,0,100,0,100,0,79,21,100,0,100,0,97,7520,21,21,,,,,100,0,100,0,200,0,,,,,,,,,,,,,,,,,,,,,,,,,,,100,31317,100,52336848440,100,129200612204,,,,,,,,,,
2019-05-10,S301K6XV,ST4000DM000,4000787030016,0,114,58807936,,,92,0,100,11,100,0,87,621269292,,,65,31441,100,0,,,100,11,,,,,,,,,,,,,,,,,,,,,,,,,,,,,,,100,0,100,0,100,0,100,0,100,0,79,21,100,0,100,0,97,7520,21,21,,,,,100,0,100,0,200,0,,,,,,,,,,,,,,,,,,,,,,,,,,,100,31341,100,52355319160,100,129315409052,,,,,,,,,,
2019-05-11,S301K6XV,ST4000DM000,4000787030016,0,117,149717144,,,92,0,100,11,100,0,87,622321931,,,65,31465,100,0,,,100,11,,,,,,,,,,,,,,,,,,,,,,,,,,,,,,,100,0,100,0,100,0,100,0,100,0,79,21,100,0,100,0,97,7520,21,21,,,,,100,0,100,0,200,0,,,,,,,,,,,,,,,,,,,,,,,,,,,100,31365,100,52369358536,100,129419099076,,,,,,,,,,
2019-05-12,S301K6XV,ST4000DM000,4000787030016,0,114,65761904,,,92,0,100,11,100,0,87,624713920,,,65,31489,100,0,,,100,11,,,,,,,,,,,,,,,,,,,,,,,,,,,,,,,100,0,100,0,100,0,100,0,100,0,79,21,100,0,100,0,97,7520,21,21,,,,,100,0,100,0,200,0,,,,,,,,,,,,,,,,,,,,,,,,,,,100,31389,100,52391403296,100,129494723052,,,,,,,,,,
2019-05-13,S301K6XV,ST4000DM000,4000787030016,0,119,214658864,,,92,0,100,11,100,0,87,625940061,,,65,31513,100,0,,,100,11,,,,,,,,,,,,,,,,,,,,,,,,,,,,,,,100,0,100,0,100,0,100,0,100,0,80,20,100,0,100,0,97,7520,20,20,,,,,100,0,100,0,200,0,,,,,,,,,,,,,,,,,,,,,,,,,,,100,31412,100,52402889872,100,129522236579,,,,,,,,,,
2019-05-14,S301K6XV,ST4000DM000,4000787030016,0,117,136259368,,,92,0,100,11,100,0,87,626715069,,,64,31536,100,0,,,100,11,,,,,,,,,,,,,,,,,,,,,,,,,,,,,,,100,0,100,0,100,0,100,0,100,0,79,21,100,0,100,0,97,7520,21,21,,,,,100,0,100,0,200,0,,,,,,,,,,,,,,,,,,,,,,,,,,,100,31436,100,52415996256,100,129605366039,,,,,,,,,,
2019-05-15,S301K6XV,ST4000DM000,4000787030016,0,111,30418408,,,92,0,100,11,100,0,87,627662499,,,64,31560,100,0,,,100,11,,,,,,,,,,,,,,,,,,,,,,,,,,,,,,,100,0,100,0,100,0,100,0,100,0,78,22,100,0,100,0,97,7520,22,22,,,,,100,0,100,0,200,0,,,,,,,,,,,,,,,,,,,,,,,,,,,100,31460,100,52428652784,100,129720168544,,,,,,,,,,
2019-05-16,S301K6XV,ST4000DM000,4000787030016,0,117,151960056,,,92,0,100,11,100,0,87,628623759,,,64,31584,100,0,,,100,11,,,,,,,,,,,,,,,,,,,,,,,,,,,,,,,100,0,100,0,100,0,100,0,100,0,78,22,100,0,100,0,97,7520,22,22,,,,,100,0,100,0,200,0,,,,,,,,,,,,,,,,,,,,,,,,,,,100,31484,100,52436847392,100,129854994567,,,,,,,,,,
2019-05-17,S301K6XV,ST4000DM000,4000787030016,0,114,60986512,,,92,0,100,11,100,0,87,631123992,,,64,31608,100,0,,,100,11,,,,,,,,,,,,,,,,,,,,,,,,,,,,,,,100,0,100,0,100,0,100,0,100,0,79,21,100,0,100,0,97,7520,21,21,,,,,100,0,100,0,200,0,,,,,,,,,,,,,,,,,,,,,,,,,,,100,31508,100,52451033688,100,129995234507,,,,,,,,,,
2019-05-18,S301K6XV,ST4000DM000,4000787030016,0,114,70291176,,,92,0,100,11,100,0,87,632626850,,,64,31632,100,0,,,100,11,,,,,,,,,,,,,,,,,,,,,,,,,,,,,,,100,0,100,0,100,0,100,0,100,0,78,22,100,0,100,0,97,7520,22,22,,,,,100,0,100,0,200,0,,,,,,,,,,,,,,,,,,,,,,,,,,,100,31532,100,52463340672,100,130123910994,,,,,,,,,,
2019-05-19,S301K6XV,ST4000DM000,4000787030016,0,119,212959504,,,92,0,100,11,100,0,87,633511221,,,64,31656,100,0,,,100,11,,,,,,,,,,,,,,,,,,,,,,,,,,,,,,,100,0,100,0,100,0,100,0,100,0,77,23,100,0,100,0,97,7520,23,23,,,,,100,0,100,0,200,0,,,,,,,,,,,,,,,,,,,,,,,,,,,100,31556,100,52474024560,100,130191394460,,,,,,,,,,
2019-05-20,S301K6XV,ST4000DM000,4000787030016,0,118,173798240,,,92,0,100,11,100,0,87,634927790,,,64,31680,100,0,,,100,11,,,,,,,,,,,,,,,,,,,,,,,,,,,,,,,100,0,100,0,100,0,100,0,100,0,77,23,100,0,100,0,97,7520,23,23,,,,,100,0,100,0,200,0,,,,,,,,,,,,,,,,,,,,,,,,,,,100,31580,100,52492953456,100,130242173561,,,,,,,,,,
2019-05-21,S301K6XV,ST4000DM000,4000787030016,0,114,64452352,,,92,0,100,11,100,0,87,635595361,,,64,31704,100,0,,,100,11,,,,,,,,,,,,,,,,,,,,,,,,,,,,,,,100,0,100,0,100,0,100,0,100,0,78,22,100,0,100,0,97,7520,22,22,,,,,100,0,100,0,200,0,,,,,,,,,,,,,,,,,,,,,,,,,,,100,31604,100,52507789744,100,130316064190,,,,,,,,,,
2019-05-22,S301K6XV,ST4000DM000,4000787030016,0,119,231023384,,,92,0,100,11,100,0,87,636785688,,,64,31728,100,0,,,100,11,,,,,,,,,,,,,,,,,,,,,,,,,,,,,,,100,0,100,0,100,0,100,0,100,0,78,22,100,0,100,0,97,7520,22,22,,,,,100,0,100,0,200,0,,,,,,,,,,,,,,,,,,,,,,,,,,,100,31628,100,52523910880,100,130450500086,,,,,,,,,,
2019-05-23,S301K6XV,ST4000DM000,4000787030016,0,112,42272384,,,92,0,100,11,100,0,87,638043247,,,64,31752,100,0,,,100,11,,,,,,,,,,,,,,,,,,,,,,,,,,,,,,,100,0,100,0,100,0,100,0,100,0,79,21,100,0,100,0,97,7520,21,21,,,,,100,0,100,0,200,0,,,,,,,,,,,,,,,,,,,,,,,,,,,100,31652,100,52542166744,100,130572455724,,,,,,,,,,
2019-05-24,S301K6XV,ST4000DM000,4000787030016,1,113,51769712,,,92,0,100,11,100,16,87,640341605,,,64,31776,100,0,,,100,11,,,,,,,,,,,,,,,,,,,,,,,,,,,,,,,100,0,100,0,91,9,100,0,100,0,79,21,100,0,100,0,97,7520,21,21,,,,,100,24,100,24,200,0,,,,,,,,,,,,,,,,,,,,,,,,,,,100,31676,100,52558362200,100,130717045359,,,,,,,,,,
