2019-01-01,Z302T6N7,ST4000DM000,4000787030016,0,111,38347696,,,92,0,100,17,100,0,87,475169962,,,67,29022,100,0,,,100,17,,,,,,,,,,,,,,,,,,,,,,,,,,,,,,,96,4,100,0,100,0,100,0,100,0,63,37,100,0,100,1,94,13738,37,37,,,,,100,0,100,0,200,0,,,,,,,,,,,,,,,,,,,,,,,,,,,100,28820,100,51293672720,100,110854864843,,,,,,,,,,
2019-01-02,Z302T6N7,ST4000DM000,4000787030016,0,117,141343896,,,92,0,100,17,100,0,87,476762572,,,67,29046,100,0,,,100,17,,,,,,,,,,,,,,,,,,,,,,,,,,,,,,,96,4,100,0,100,0,100,0,100,0,63,37,100,0,100,1,94,13738,37,37,,,,,100,0,100,0,200,0,,,,,,,,,,,,,,,,,,,,,,,,,,,100,28844,100,51307855440,100,110964130597,,,,,,,,,,
2019-01-03,Z302T6N7,ST4000DM000,4000787030016,0,118,169758232,,,92,0,100,17,100,0,87,477634369,,,67,29070,100,0,,,100,17,,,,,,,,,,,,,,,,,,,,,,,,,,,,,,,96,4,100,0,100,0,100,0,100,0,62,38,100,0,100,1,94,13738,38,38,,,,,100,0,100,0,200,0,,,,,,,,,,,,,,,,,,,,,,,,,,,100,28868,100,51323382568,100,111093284811,,,,,,,,,,
2019-01-04,Z302T6N7,ST4000DM000,4000787030016,0,116,114762248,,,92,0,100,17,100,0,87,478503068,,,67,29094,100,0,,,100,17,,,,,,,,,,,,,,,,,,,,,,,,,,,,,,,96,4,100,0,100,0,100,0,100,0,62,38,100,0,100,1,94,13738,38,38,,,,,100,0,100,0,200,0,,,,,,,,,,,,,,,,,,,,,,,,,,,100,28892,100,51339875968,100,111219125095,,,,,,,,,,
2019-01-05,Z302T6N7,ST4000DM000,4000787030016,0,111,30405152,,,92,0,100,17,100,0,87,479433854,,,67,29118,100,0,,,100,17,,,,,,,,,,,,,,,,,,,,,,,,,,,,,,,96,4,100,0,100,0,100,0,100,0,61,39,100,0,100,1,94,13738,39,39,,,,,100,0,100,0,200,0,,,,,,,,,,,,,,,,,,,,,,,,,,,100,28916,100,51355116112,100,111353986124,,,,,,,,,,
2019-01-06,Z302T6N7,ST4000DM000,4000787030016,0,117,133102616,,,92,0,100,17,100,0,87,481609167,,,67,29142,100,0,,,100,17,,,,,,,,,,,,,,,,,,,,,,,,,,,,,,,96,4,100,0,100,0,100,0,100,0,62,38,100,0,100,1,94,13738,38,38,,,,,100,0,100,0,200,0,,,,,,,,,,,,,,,,,,,,,,,,,,,100,28940,100,51373816152,100,111521747396,,,,,,,,,,
2019-01-07,Z302T6N7,ST4000DM000,4000787030016,0,117,164168976,,,92,0,100,17,100,0,87,482912962,,,67,29166,100,0,,,100,17,,,,,,,,,,,,,,,,,,,,,,,,,,,,,,,96,4,100,0,100,0,100,0,100,0,62,38,100,0,100,1,94,13738,38,38,,,,,100,0,100,0,200,0,,,,,,,,,,,,,,,,,,,,,,,,,,,100,28964,100,51398417520,100,111695866849,,,,,,,,,,
2019-01-08,Z302T6N7,ST4000DM000,4000787030016,0,118,177920240,,,92,0,100,17,100,0,87,484105538,,,67,29190,100,0,,,100,17,,,,,,,,,,,,,,,,,,,,,,,,,,,,,,,96,4,100,0,100,0,100,0,100,0,63,37,100,0,100,1,94,13738,37,37,,,,,100,0,100,0,200,0,,,,,,,,,,,,,,,,,,,,,,,,,,,100,28988,100,51419760752,100,111795712608,,,,,,,,,,
2019-01-09,Z302T6N7,ST4000DM000,4000787030016,0,108,17885848,,,92,0,100,17,100,0,87,485991265,,,67,29213,100,0,,,100,17,,,,,,,,,,,,,,,,,,,,,,,,,,,,,,,96,4,100,0,100,0,100,0,100,0,63,37,100,0,100,1,94,13738,37,37,,,,,100,0,100,0,200,0,,,,,,,,,,,,,,,,,,,,,,,,,,,100,29012,100,51443499344,100,111927371872,,,,,,,,,,
2019-01-10,Z302T6N7,ST4000DM000,4000787030016,0,115,91258576,,,92,0,100,17,100,0,87,487694195,,,67,29237,100,0,,,100,17,,,,,,,,,,,,,,,,,,,,,,,,,,,,,,,96,4,100,0,100,0,100,0,100,0,62,38,100,0,100,1,94,13738,38,38,,,,,100,0,100,0,200,0,,,,,,,,,,,,,,,,,,,,,,,,,,,100,29035,100,51460207568,100,112057556547,,,,,,,,,,
2019-01-11,Z302T6N7,ST4000DM000,4000787030016,0,117,119753264,,,92,0,100,17,100,0,87,489399286,,,67,29261,100,0,,,100,17,,,,,,,,,,,,,,,,,,,,,,,,,,,,,,,96,4,100,0,100,0,100,0,100,0,62,38,100,0,100,1,94,13738,38,38,,,,,100,0,100,0,200,0,,,,,,,,,,,,,,,,,,,,,,,,,,,100,29059,100,51477369560,100,112201173287,,,,,,,,,,
2019-01-12,Z302T6N7,ST4000DM000,4000787030016,0,116,110548304,,,92,0,100,17,100,0,87,490166922,,,67,29285,100,0,,,100,17,,,,,,,,,,,,,,,,,,,,,,,,,,,,,,,96,4,100,0,100,0,100,0,100,0,63,37,100,0,100,1,94,13738,37,37,,,,,100,0,100,0,200,0,,,,,,,,,,,,,,,,,,,,,,,,,,,100,29083,100,51490945992,100,112296620091,,,,,,,,,,
2019-01-13,Z302T6N7,ST4000DM000,4000787030016,0,120,242041960,,,92,0,100,17,100,0,87,492085117,,,67,29309,100,0,,,100,17,,,,,,,,,,,,,,,,,,,,,,,,,,,,,,,96,4,100,0,100,0,100,0,100,0,62,38,100,0,100,1,94,13738,38,38,,,,,100,0,100,0,200,0,,,,,,,,,,,,,,,,,,,,,,,,,,,100,29107,100,51512676824,100,112421492390,,,,,,,,,,
2019-01-14,Z302T6N7,ST4000DM000,4000787030016,0,117,160495984,,,92,0,100,17,100,0,87,493085118,,,67,29333,100,0,,,100,17,,,,,,,,,,,,,,,,,,,,,,,,,,,,,,,96,4,100,0,100,0,100,0,100,0,62,38,100,0,100,1,94,13738,38,38,,,,,100,0,100,0,200,0,,,,,,,,,,,,,,,,,,,,,,,,,,,100,29131,100,51525088176,100,112569850344,,,,,,,,,,
2019-01-15,Z302T6N7,ST4000DM000,4000787030016,0,119,201456568,,,92,0,100,17,100,0,87,494437361,,,67,29357,100,0,,,100,17,,,,,,,,,,,,,,,,,,,,,,,,,,,,,,,96,4,100,0,100,0,100,0,100,0,62,38,100,0,100,1,94,13738,38,38,,,,,100,0,100,0,200,0,,,,,,,,,,,,,,,,,,,,,,,,,,,100,29155,100,51542003664,100,112772368919,,,,,,,,,,
2019-01-16,Z302T6N7,ST4000DM000,4000787030016,0,118,183092760,,,92,0,100,17,100,0,87,496314402,,,67,29381,100,0,,,100,17,,,,,,,,,,,,,,,,,,,,,,,,,,,,,,,96,4,100,0,100,0,100,0,100,0,61,39,100,0,100,1,94,13738,39,39,,,,,100,0,100,0,200,0,,,,,,,,,,,,,,,,,,,,,,,,,,,100,29179,100,51567191512,100,112891892562,,,,,,,,,,
2019-01-17,Z302T6N7,ST4000DM000,4000787030016,0,117,155751880,,,92,0,100,17,100,0,87,497416024,,,67,29404,100,0,,,100,17,,,,,,,,,,,,,,,,,,,,,,,,,,,,,,,96,4,100,0,100,0,100,0,100,0,62,38,100,0,100,1,94,13738,38,38,,,,,100,0,100,0,200,0,,,,,,,,,,,,,,,,,,,,,,,,,,,100,29203,100,51590481328,100,113042928711,,,,,,,,,,
2019-01-18,Z302T6N7,ST4000DM000,4000787030016,0,108,19911264,,,92,0,100,17,100,0,87,498539562,,,67,29428,100,0,,,100,17,,,,,,,,,,,,,,,,,,,,,,,,,,,,,,,96,4,100,0,100,0,100,0,100,0,62,38,100,0,100,1,94,13738,38,38,,,,,100,0,100,0,200,0,,,,,,,,,,,,,,,,,,,,,,,,,,,100,29227,100,51614650328,100,113184931913,,,,,,,,,,
2019-01-19,Z302T6N7,ST4000DM000,4000787030016,0,119,213937624,,,92,0,100,17,100,0,87,499286980,,,67,29452,100,0,,,100,17,,,,,,,,,,,,,,,,,,,,,,,,,,,,,,,96,4,100,0,100,0,100,0,100,0,62,38,100,0,100,1,94,13738,38,38,,,,,100,0,100,0,200,0,,,,,,,,,,,,,,,,,,,,,,,,,,,100,29250,100,51635785096,100,113360622062,,,,,,,,,,
2019-01-20,Z302T6N7,ST4000DM000,4000787030016,0,114,73857064,,,92,0,100,17,100,0,87,501204572,,,67,29476,100,0,,,100,17,,,,,,,,,,,,,,,,,,,,,,,,,,,,,,,96,4,100,0,100,0,100,0,100,0,62,38,100,0,100,1,94,13738,38,38,,,,,100,0,100,0,200,0,,,,,,,,,,,,,,,,,,,,,,,,,,,100,29274,100,51670804648,100,113569830302,,,,,,,,,,
2019-01-21,Z302T6N7,ST4000DM000,4000787030016,0,116,101215720,,,92,0,100,17,100,0,87,501886843,,,67,29500,100,0,,,100,17,,,,,,,,,,,,,,,,,,,,,,,,,,,,,,,96,4,100,0,100,0,100,0,100,0,62,38,100,0,100,1,94,13738,38,38,,,,,100,0,100,0,200,0,,,,,,,,,,,,,,,,,,,,,,,,,,,100,29298,100,51682262472,100,113739318581,,,,,,,,,,
2019-01-22,Z302T6N7,ST4000DM000,4000787030016,0,118,199225872,,,92,0,100,17,100,0,87,502651764,,,67,29524,100,0,,,100,17,,,,,,,,,,,,,,,,,,,,,,,,,,,,,,,96,4,100,0,100,0,100,0,100,0,62,38,100,0,100,1,94,13738,38,38,,,,,100,0,100,0,200,0,,,,,,,,,,,,,,,,,,,,,,,,,,,100,29322,100,51702021088,100,113927512691,,,,,,,,,,
2019-01-23,Z302T6N7,ST4000DM000,4000787030016,0,118,187484920,,,92,0,100,17,100,0,87,503912029,,,67,29536,100,0,,,100,17,,,,,,,,,,,,,,,,,,,,,,,,,,,,,,,96,4,100,0,100,0,100,0,100,0,61,39,100,0,100,1,94,13738,39,39,,,,,100,0,100,0,200,0,,,,,,,,,,,,,,,,,,,,,,,,,,,100,29334,100,51715662096,100,113955671610,,,,,,,,,,
2019-01-24,Z302T6N7,ST4000DM000,4000787030016,0,112,45105840,,,92,0,100,17,100,0,87,504834017,,,67,29560,100,0,,,100,17,,,,,,,,,,,,,,,,,,,,,,,,,,,,,,,96,4,100,0,100,0,100,0,100,0,61,39,100,0,100,1,94,13738,39,39,,,,,100,0,100,0,200,0,,,,,,,,,,,,,,,,,,,,,,,,,,,100,29358,100,51734306352,100,114128561275,,,,,,,,,,
2019-01-25,Z302T6N7,ST4000DM000,4000787030016,0,114,63891824,,,92,0,100,17,100,0,87,505608998,,,67,29584,100,0,,,100,17,,,,,,,,,,,,,,,,,,,,,,,,,,,,,,,96,4,100,0,100,0,100,0,100,0,61,39,100,0,100,1,94,13738,39,39,,,,,100,0,100,0,200,0,,,,,,,,,,,,,,,,,,,,,,,,,,,100,29382,100,51751153992,100,114309834282,,,,,,,,,,
2019-01-26,Z302T6N7,ST4000DM000,4000787030016,0,115,87019112,,,92,0,100,17,100,0,87,506624213,,,67,29608,100,0,,,100,17,,,,,,,,,,,,,,,,,,,,,,,,,,,,,,,96,4,100,0,100,0,100,0,100,0,61,39,100,0,100,1,94,13738,39,39,,,,,100,0,100,0,200,0,,,,,,,,,,,,,,,,,,,,,,,,,,,100,29406,100,51769367784,100,114478241520,,,,,,,,,,
2019-01-27,Z302T6N7,ST4000DM000,4000787030016,0,118,198189272,,,92,0,100,17,100,0,87,507506156,,,67,29632,100,0,,,100,17,,,,,,,,,,,,,,,,,,,,,,,,,,,,,,,96,4,100,0,100,0,100,0,100,0,61,39,100,0,100,1,94,13738,39,39,,,,,100,0,100,0,200,0,,,,,,,,,,,,,,,,,,,,,,,,,,,100,29430,100,51786450656,100,114609879361,,,,,,,,,,
2019-01-28,Z302T6N7,ST4000DM000,4000787030016,0,118,176194896,,,92,0,100,17,100,0,87,510817735,,,67,29656,100,0,,,100,17,,,,,,,,,,,,,,,,,,,,,,,,,,,,,,,96,4,100,0,100,0,100,0,100,0,61,39,100,0,100,1,94,13738,39,39,,,,,100,0,100,0,200,0,,,,,,,,,,,,,,,,,,,,,,,,,,,100,29454,100,51802364728,100,114795104128,,,,,,,,,,
2019-01-29,Z302T6N7,ST4000DM000,4000787030016,0,120,466456,,,92,0,100,17,100,0,87,512037162,,,67,29679,100,0,,,100,17,,,,,,,,,,,,,,,,,,,,,,,,,,,,,,,96,4,100,0,100,0,100,0,100,0,62,38,100,0,100,1,94,13738,38,38,,,,,100,0,100,0,200,0,,,,,,,,,,,,,,,,,,,,,,,,,,,100,29478,100,51817684504,100,114950541210,,,,,,,,,,
2019-01-30,Z302T6N7,ST4000DM000,4000787030016,0,112,47188984,,,92,0,100,17,100,0,87,514024051,,,67,29703,100,0,,,100,17,,,,,,,,,,,,,,,,,,,,,,,,,,,,,,,96,4,100,0,100,0,100,0,100,0,62,38,100,0,100,1,94,13738,38,38,,,,,100,0,100,0,200,0,,,,,,,,,,,,,,,,,,,,,,,,,,,100,29502,100,51841150728,100,115053428073,,,,,,,,,,
2019-01-31,Z302T6N7,ST4000DM000,4000787030016,0,114,82335464,,,92,0,100,17,100,0,87,516349723,,,67,29739,100,0,,,100,17,,,,,,,,,,,,,,,,,,,,,,,,,,,,,,,96,4,100,0,100,0,100,0,100,0,62,38,100,0,100,1,94,13738,38,38,,,,,100,0,100,0,200,0,,,,,,,,,,,,,,,,,,,,,,,,,,,100,29537,100,51870611512,100,115331777176,,,,,,,,,,
2019-02-01,Z302T6N7,ST4000DM000,4000787030016,0,118,192988624,,,92,0,100,17,100,0,87,517489925,,,67,29763,100,0,,,100,17,,,,,,,,,,,,,,,,,,,,,,,,,,,,,,,96,4,100,0,100,0,100,0,100,0,61,39,100,0,100,1,94,13738,39,39,,,,,100,0,100,0,200,0,,,,,,,,,,,,,,,,,,,,,,,,,,,100,29561,100,51883589880,100,115472007512,,,,,,,,,,
2019-02-02,Z302T6N7,ST4000DM000,4000787030016,0,120,242469328,,,92,0,100,17,100,0,87,518699067,,,66,29787,100,0,,,100,17,,,,,,,,,,,,,,,,,,,,,,,,,,,,,,,96,4,100,0,100,0,100,0,100,0,62,38,100,0,100,1,94,13738,38,38,,,,,100,0,100,0,200,0,,,,,,,,,,,,,,,,,,,,,,,,,,,100,29585,100,51899937200,100,115637700640,,,,,,,,,,
2019-02-03,Z302T6N7,ST4000DM000,4000787030016,0,117,143407584,,,92,0,100,17,100,0,87,520957002,,,66,29811,100,0,,,100,17,,,,,,,,,,,,,,,,,,,,,,,,,,,,,,,96,4,100,0,100,0,100,0,100,0,61,39,100,0,100,1,94,13738,39,39,,,,,100,0,100,0,200,0,,,,,,,,,,,,,,,,,,,,,,,,,,,100,29609,100,51931130128,100,115810645078,,,,,,,,,,
2019-02-04,Z302T6N7,ST4000DM000,4000787030016,0,117,159305944,,,92,0,100,17,100,0,87,521985035,,,66,29835,100,0,,,100,17,,,,,,,,,,,,,,,,,,,,,,,,,,,,,,,96,4,100,0,100,0,100,0,100,0,61,39,100,0,100,1,94,13738,39,39,,,,,100,0,100,0,200,0,,,,,,,,,,,,,,,,,,,,,,,,,,,100,29633,100,51950226488,100,115941978664,,,,,,,,,,
2019-02-05,Z302T6N7,ST4000DM000,4000787030016,0,114,68761936,,,92,0,100,17,100,0,87,523262162,,,66,29859,100,0,,,100,17,,,,,,,,,,,,,,,,,,,,,,,,,,,,,,,96,4,100,0,100,0,100,0,100,0,61,39,100,0,100,1,94,13738,39,39,,,,,100,0,100,0,200,0,,,,,,,,,,,,,,,,,,,,,,,,,,,100,29657,100,51969266080,100,116099526506,,,,,,,,,,
2019-02-06,Z302T6N7,ST4000DM000,4000787030016,0,108,19787072,,,92,0,100,17,100,0,87,525247256,,,66,29883,100,0,,,100,17,,,,,,,,,,,,,,,,,,,,,,,,,,,,,,,96,4,100,0,100,0,100,0,100,0,60,40,100,0,100,1,94,13738,40,40,,,,,100,0,100,0,200,0,,,,,,,,,,,,,,,,,,,,,,,,,,,100,29681,100,51999284936,100,116199329840,,,,,,,,,,
2019-02-07,Z302T6N7,ST4000DM000,4000787030016,0,115,94650824,,,92,0,100,17,100,0,87,526402613,,,66,29907,100,0,,,100,17,,,,,,,,,,,,,,,,,,,,,,,,,,,,,,,96,4,100,0,100,0,100,0,100,0,61,39,100,0,100,1,94,13738,39,39,,,,,100,0,100,0,200,0,,,,,,,,,,,,,,,,,,,,,,,,,,,100,29705,100,52015441672,100,116342429147,,,,,,,,,,
2019-02-08,Z302T6N7,ST4000DM000,4000787030016,0,117,119221016,,,92,0,100,17,100,0,87,527434175,,,66,29930,100,0,,,100,17,,,,,,,,,,,,,,,,,,,,,,,,,,,,,,,96,4,100,0,100,0,100,0,100,0,61,39,100,0,100,1,94,13738,39,39,,,,,100,0,100,0,200,0,,,,,,,,,,,,,,,,,,,,,,,,,,,100,29729,100,52030996120,100,116478793209,,,,,,,,,,
2019-02-09,Z302T6N7,ST4000DM000,4000787030016,0,105,7572656,,,92,0,100,17,100,0,87,528394319,,,66,29954,100,0,,,100,17,,,,,,,,,,,,,,,,,,,,,,,,,,,,,,,96,4,100,0,100,0,100,0,100,0,61,39,100,0,100,1,94,13738,39,39,,,,,100,0,100,0,200,0,,,,,,,,,,,,,,,,,,,,,,,,,,,100,29752,100,52048225528,100,116595503663,,,,,,,,,,
2019-02-10,Z302T6N7,ST4000DM000,4000787030016,0,117,155717224,,,92,0,100,17,100,0,87,530868517,,,66,29978,100,0,,,100,17,,,,,,,,,,,,,,,,,,,,,,,,,,,,,,,96,4,100,0,100,0,100,0,100,0,60,40,100,0,100,1,94,13738,40,40,,,,,100,0,100,0,200,0,,,,,,,,,,,,,,,,,,,,,,,,,,,100,29776,100,52071729304,100,116707998256,,,,,,,,,,
2019-02-11,Z302T6N7,ST4000DM000,4000787030016,0,120,235017632,,,92,0,100,17,100,0,87,532894545,,,66,30002,100,0,,,100,17,,,,,,,,,,,,,,,,,,,,,,,,,,,,,,,96,4,100,0,100,0,100,0,100,0,60,40,100,0,100,1,94,13738,40,40,,,,,100,0,100,0,200,0,,,,,,,,,,,,,,,,,,,,,,,,,,,100,29800,100,52091408656,100,116850590184,,,,,,,,,,
2019-02-12,Z302T6N7,ST4000DM000,4000787030016,0,118,175975672,,,92,0,100,17,100,0,87,534309352,,,66,30026,100,0,,,100,17,,,,,,,,,,,,,,,,,,,,,,,,,,,,,,,96,4,100,0,100,0,100,0,100,0,61,39,100,0,100,1,94,13738,39,39,,,,,100,0,100,0,200,0,,,,,,,,,,,,,,,,,,,,,,,,,,,100,29824,100,52114693080,100,117027231472,,,,,,,,,,
2019-02-13,Z302T6N7,ST4000DM000,4000787030016,0,117,142622792,,,92,0,100,17,100,0,87,536083167,,,66,30050,100,0,,,100,17,,,,,,,,,,,,,,,,,,,,,,,,,,,,,,,96,4,100,0,100,0,100,0,100,0,62,38,100,0,100,1,94,13738,38,38,,,,,100,0,100,0,200,0,,,,,,,,,,,,,,,,,,,,,,,,,,,100,29848,100,52134018896,100,117122739603,,,,,,,,,,
2019-02-14,Z302T6N7,ST4000DM000,4000787030016,0,115,86273472,,,92,0,100,17,100,0,87,536677665,,,66,30074,100,0,,,100,17,,,,,,,,,,,,,,,,,,,,,,,,,,,,,,,96,4,100,0,100,0,100,0,100,0,61,39,100,0,100,1,94,13738,39,39,,,,,100,0,100,0,200,0,,,,,,,,,,,,,,,,,,,,,,,,,,,100,29872,100,52150530288,100,117168818797,,,,,,,,,,
2019-02-15,Z302T6N7,ST4000DM000,4000787030016,0,113,53819080,,,92,0,100,17,100,0,87,537662953,,,66,30098,100,0,,,100,17,,,,,,,,,,,,,,,,,,,,,,,,,,,,,,,96,4,100,0,100,0,100,0,100,0,61,39,100,0,100,1,94,13738,39,39,,,,,100,0,100,0,200,0,,,,,,,,,,,,,,,,,,,,,,,,,,,100,29896,100,52171114000,100,117265329808,,,,,,,,,,
2019-02-16,Z302T6N7,ST4000DM000,4000787030016,0,115,93662904,,,92,0,100,17,100,0,87,538802816,,,66,30122,100,0,,,100,17,,,,,,,,,,,,,,,,,,,,,,,,,,,,,,,96,4,100,0,100,0,100,0,100,0,61,39,100,0,100,1,94,13738,39,39,,,,,100,0,100,0,200,0,,,,,,,,,,,,,,,,,,,,,,,,,,,100,29920,100,52188529224,100,117406296993,,,,,,,,,,
2019-02-17,Z302T6N7,ST4000DM000,4000787030016,0,119,209862024,,,92,0,100,17,100,0,87,540818498,,,66,30146,100,0,,,100,17,,,,,,,,,,,,,,,,,,,,,,,,,,,,,,,96,4,100,0,100,0,100,0,100,0,62,38,100,0,100,1,94,13738,38,38,,,,,100,0,100,0,200,0,,,,,,,,,,,,,,,,,,,,,,,,,,,100,29944,100,52210274896,100,117512412120,,,,,,,,,,
2019-02-18,Z302T6N7,ST4000DM000,4000787030016,0,119,209637728,,,92,0,100,17,100,0,87,541717434,,,66,30170,100,0,,,100,17,,,,,,,,,,,,,,,,,,,,,,,,,,,,,,,96,4,100,0,100,0,100,0,100,0,62,38,100,0,100,1,94,13738,38,38,,,,,100,0,100,0,200,0,,,,,,,,,,,,,,,,,,,,,,,,,,,100,29968,100,52225794152,100,117601642977,,,,,,,,,,
2019-02-19,Z302T6N7,ST4000DM000,4000787030016,0,119,216133256,,,92,0,100,17,100,0,87,543185160,,,66,30194,100,0,,,100,17,,,,,,,,,,,,,,,,,,,,,,,,,,,,,,,96,4,100,0,100,0,100,0,100,0,62,38,100,0,100,1,94,13738,38,38,,,,,100,0,100,0,200,0,,,,,,,,,,,,,,,,,,,,,,,,,,,100,29992,100,52244540312,100,117753185691,,,,,,,,,,
2019-02-20,Z302T6N7,ST4000DM000,4000787030016,0,102,5007784,,,92,0,100,17,100,0,87,545019880,,,66,30217,100,0,,,100,17,,,,,,,,,,,,,,,,,,,,,,,,,,,,,,,96,4,100,0,100,0,100,0,100,0,60,40,100,0,100,1,94,13738,40,40,,,,,100,0,100,0,200,0,,,,,,,,,,,,,,,,,,,,,,,,,,,100,30016,100,52266270552,100,117842277609,,,,,,,,,,
2019-02-21,Z302T6N7,ST4000DM000,4000787030016,0,119,226389872,,,92,0,100,17,100,0,87,545965778,,,66,30241,100,0,,,100,17,,,,,,,,,,,,,,,,,,,,,,,,,,,,,,,96,4,100,0,100,0,100,0,100,0,60,40,100,0,100,1,94,13738,40,40,,,,,100,0,100,0,200,0,,,,,,,,,,,,,,,,,,,,,,,,,,,100,30039,100,52277375608,100,117963103295,,,,,,,,,,
2019-02-22,Z302T6N7,ST4000DM000,4000787030016,0,113,55143680,,,92,0,100,17,100,0,87,547060974,,,66,30265,100,0,,,100,17,,,,,,,,,,,,,,,,,,,,,,,,,,,,,,,96,4,100,0,100,0,100,0,100,0,60,40,100,0,100,1,94,13738,40,40,,,,,100,0,100,0,200,0,,,,,,,,,,,,,,,,,,,,,,,,,,,100,30063,100,52288939720,100,118102264838,,,,,,,,,,
2019-02-23,Z302T6N7,ST4000DM000,4000787030016,0,120,240217584,,,92,0,100,17,100,0,87,549353379,,,66,30289,100,0,,,100,17,,,,,,,,,,,,,,,,,,,,,,,,,,,,,,,96,4,100,0,100,0,100,0,100,0,60,40,100,0,100,1,94,13738,40,40,,,,,100,0,100,0,200,0,,,,,,,,,,,,,,,,,,,,,,,,,,,100,30087,100,52306091992,100,118209696617,,,,,,,,,,
2019-02-24,Z302T6N7,ST4000DM000,4000787030016,0,114,73191296,,,92,0,100,17,100,0,87,551304275,,,66,30313,100,0,,,100,17,,,,,,,,,,,,,,,,,,,,,,,,,,,,,,,96,4,100,0,100,0,100,0,100,0,60,40,100,0,100,1,94,13738,40,40,,,,,100,0,100,0,200,0,,,,,,,,,,,,,,,,,,,,,,,,,,,100,30111,100,52326857952,100,118300027937,,,,,,,,,,
2019-02-25,Z302T6N7,ST4000DM000,4000787030016,0,119,231850728,,,92,0,100,17,100,0,87,552268989,,,66,30337,100,0,,,100,17,,,,,,,,,,,,,,,,,,,,,,,,,,,,,,,96,4,100,0,100,0,100,0,100,0,62,38,100,0,100,1,94,13738,38,38,,,,,100,0,100,0,200,0,,,,,,,,,,,,,,,,,,,,,,,,,,,100,30135,100,52338939800,100,118392259915,,,,,,,,,,
2019-02-26,Z302T6N7,ST4000DM000,4000787030016,0,114,83049984,,,92,0,100,17,100,0,87,553130221,,,66,30361,100,0,,,100,17,,,,,,,,,,,,,,,,,,,,,,,,,,,,,,,96,4,100,0,100,0,100,0,100,0,60,40,100,0,100,1,94,13738,40,40,,,,,100,0,100,0,200,0,,,,,,,,,,,,,,,,,,,,,,,,,,,100,30159,100,52357304984,100,118472528734,,,,,,,,,,
2019-02-27,Z302T6N7,ST4000DM000,4000787030016,0,118,180798976,,,92,0,100,17,100,0,87,554758270,,,66,30385,100,0,,,100,17,,,,,,,,,,,,,,,,,,,,,,,,,,,,,,,96,4,100,0,100,0,100,0,100,0,62,38,100,0,100,1,94,13738,38,38,,,,,100,0,100,0,200,0,,,,,,,,,,,,,,,,,,,,,,,,,,,100,30183,100,52372155496,100,118533346231,,,,,,,,,,
2019-02-28,Z302T6N7,ST4000DM000,4000787030016,0,120,237592320,,,92,0,100,17,100,0,87,555497226,,,66,30409,100,0,,,100,17,,,,,,,,,,,,,,,,,,,,,,,,,,,,,,,96,4,100,0,100,0,100,0,100,0,62,38,100,0,100,1,94,13738,38,38,,,,,100,0,100,0,200,0,,,,,,,,,,,,,,,,,,,,,,,,,,,100,30207,100,52387442344,100,118594943804,,,,,,,,,,
2019-03-01,Z302T6N7,ST4000DM000,4000787030016,0,114,63379616,,,92,0,100,17,100,0,87,556461969,,,66,30433,100,0,,,100,17,,,,,,,,,,,,,,,,,,,,,,,,,,,,,,,96,4,100,0,100,0,100,0,100,0,62,38,100,0,100,1,94,13738,38,38,,,,,100,0,100,0,200,0,,,,,,,,,,,,,,,,,,,,,,,,,,,100,30231,100,52399671088,100,118721517765,,,,,,,,,,
2019-03-02,Z302T6N7,ST4000DM000,4000787030016,0,113,51982824,,,92,0,100,17,100,0,87,557173064,,,66,30456,100,0,,,100,17,,,,,,,,,,,,,,,,,,,,,,,,,,,,,,,96,4,100,0,100,0,100,0,100,0,62,38,100,0,100,1,94,13738,38,38,,,,,100,0,100,0,200,0,,,,,,,,,,,,,,,,,,,,,,,,,,,100,30255,100,52411568656,100,118790410951,,,,,,,,,,
2019-03-03,Z302T6N7,ST4000DM000,4000787030016,0,105,9841480,,,92,0,100,17,100,0,87,559698101,,,66,30480,100,0,,,100,17,,,,,,,,,,,,,,,,,,,,,,,,,,,,,,,96,4,100,0,100,0,100,0,100,0,62,38,100,0,100,1,94,13738,38,38,,,,,100,0,100,0,200,0,,,,,,,,,,,,,,,,,,,,,,,,,,,100,30278,100,52429449536,100,118953081042,,,,,,,,,,
2019-03-04,Z302T6N7,ST4000DM000,4000787030016,0,119,221927256,,,92,0,100,17,100,0,87,561579872,,,66,30504,100,0,,,100,17,,,,,,,,,,,,,,,,,,,,,,,,,,,,,,,96,4,100,0,100,0,100,0,100,0,63,37,100,0,100,1,94,13738,37,37,,,,,100,0,100,0,200,0,,,,,,,,,,,,,,,,,,,,,,,,,,,100,30302,100,52442893792,100,119085097153,,,,,,,,,,
2019-03-05,Z302T6N7,ST4000DM000,4000787030016,0,105,7903736,,,92,0,100,17,100,0,87,562268088,,,66,30528,100,0,,,100,17,,,,,,,,,,,,,,,,,,,,,,,,,,,,,,,96,4,100,0,100,0,100,0,100,0,63,37,100,0,100,1,94,13738,37,37,,,,,100,0,100,0,200,0,,,,,,,,,,,,,,,,,,,,,,,,,,,100,30326,100,52459265784,100,119184335054,,,,,,,,,,
2019-03-06,Z302T6N7,ST4000DM000,4000787030016,0,112,44767848,,,92,0,100,17,100,0,87,563921972,,,66,30552,100,0,,,100,17,,,,,,,,,,,,,,,,,,,,,,,,,,,,,,,96,4,100,0,100,0,100,0,100,0,61,39,100,0,100,1,94,13738,39,39,,,,,100,0,100,0,200,0,,,,,,,,,,,,,,,,,,,,,,,,,,,100,30350,100,52474786008,100,119272372887,,,,,,,,,,
2019-03-07,Z302T6N7,ST4000DM000,4000787030016,0,105,7383824,,,92,0,100,17,100,0,87,565917742,,,66,30576,100,0,,,100,17,,,,,,,,,,,,,,,,,,,,,,,,,,,,,,,96,4,100,0,100,0,100,0,100,0,62,38,100,0,100,1,94,13738,38,38,,,,,100,0,100,0,200,0,,,,,,,,,,,,,,,,,,,,,,,,,,,100,30374,100,52491235192,100,119366960141,,,,,,,,,,
2019-03-08,Z302T6N7,ST4000DM000,4000787030016,0,114,66226272,,,92,0,100,17,100,0,87,566670053,,,66,30600,100,0,,,100,17,,,,,,,,,,,,,,,,,,,,,,,,,,,,,,,96,4,100,0,100,0,100,0,100,0,62,38,100,0,100,1,94,13738,38,38,,,,,100,0,100,0,200,0,,,,,,,,,,,,,,,,,,,,,,,,,,,100,30398,100,52502286456,100,119483423677,,,,,,,,,,
2019-03-09,Z302T6N7,ST4000DM000,4000787030016,0,120,242205472,,,92,0,100,17,100,0,87,567512453,,,66,30624,100,0,,,100,17,,,,,,,,,,,,,,,,,,,,,,,,,,,,,,,96,4,100,0,100,0,100,0,100,0,61,39,100,0,100,1,94,13738,39,39,,,,,100,0,100,0,200,0,,,,,,,,,,,,,,,,,,,,,,,,,,,100,30422,100,52515509208,100,119603327170,,,,,,,,,,
2019-03-10,Z302T6N7,ST4000DM000,4000787030016,0,118,181483192,,,92,0,100,17,100,0,87,569342397,,,66,30647,100,0,,,100,17,,,,,,,,,,,,,,,,,,,,,,,,,,,,,,,96,4,100,0,100,0,100,0,100,0,61,39,100,0,100,1,94,13738,39,39,,,,,100,0,100,0,200,0,,,,,,,,,,,,,,,,,,,,,,,,,,,100,30446,100,52541038776,100,119745527427,,,,,,,,,,
2019-03-11,Z302T6N7,ST4000DM000,4000787030016,0,119,202890576,,,92,0,100,17,100,0,87,570707384,,,65,30671,100,0,,,100,17,,,,,,,,,,,,,,,,,,,,,,,,,,,,,,,96,4,100,0,100,0,100,0,100,0,62,38,100,0,100,1,94,13738,38,38,,,,,100,0,100,0,200,0,,,,,,,,,,,,,,,,,,,,,,,,,,,100,30469,100,52580765056,100,119873742621,,,,,,,,,,
2019-03-12,Z302T6N7,ST4000DM000,4000787030016,0,117,158168016,,,92,0,100,17,100,0,87,571836639,,,65,30695,100,0,,,100,17,,,,,,,,,,,,,,,,,,,,,,,,,,,,,,,96,4,100,0,100,0,100,0,100,0,62,38,100,0,100,1,94,13738,38,38,,,,,100,0,100,0,200,0,,,,,,,,,,,,,,,,,,,,,,,,,,,100,30493,100,52629662744,100,119998217203,,,,,,,,,,
2019-03-13,Z302T6N7,ST4000DM000,4000787030016,0,119,231396368,,,92,0,100,17,100,0,87,573829065,,,65,30719,100,0,,,100,17,,,,,,,,,,,,,,,,,,,,,,,,,,,,,,,96,4,100,0,100,0,100,0,100,0,62,38,100,0,100,1,94,13738,38,38,,,,,100,0,100,0,200,0,,,,,,,,,,,,,,,,,,,,,,,,,,,100,30517,100,52661814136,100,120110889860,,,,,,,,,,
2019-03-14,Z302T6N7,ST4000DM000,4000787030016,0,118,178309656,,,92,0,100,17,100,0,87,574782919,,,65,30743,100,0,,,100,17,,,,,,,,,,,,,,,,,,,,,,,,,,,,,,,96,4,100,0,100,0,100,0,100,0,62,38,100,0,100,1,94,13738,38,38,,,,,100,0,100,0,200,0,,,,,,,,,,,,,,,,,,,,,,,,,,,100,30541,100,52675645720,100,120242433008,,,,,,,,,,
2019-03-15,Z302T6N7,ST4000DM000,4000787030016,0,118,183258976,,,92,0,100,17,100,0,87,576902018,,,65,30767,100,0,,,100,17,,,,,,,,,,,,,,,,,,,,,,,,,,,,,,,96,4,100,0,100,0,100,0,100,0,63,37,100,0,100,1,94,13738,37,37,,,,,100,0,100,0,200,0,,,,,,,,,,,,,,,,,,,,,,,,,,,100,30565,100,52692940496,100,120433376948,,,,,,,,,,
2019-03-16,Z302T6N7,ST4000DM000,4000787030016,0,118,177316936,,,92,0,100,17,100,0,87,577784734,,,65,30791,100,0,,,100,17,,,,,,,,,,,,,,,,,,,,,,,,,,,,,,,96,4,100,0,100,0,100,0,100,0,63,37,100,0,100,1,94,13738,37,37,,,,,100,0,100,0,200,0,,,,,,,,,,,,,,,,,,,,,,,,,,,100,30589,100,52717034976,100,120518757368,,,,,,,,,,
2019-03-17,Z302T6N7,ST4000DM000,4000787030016,0,117,142286528,,,92,0,100,17,100,0,87,579120550,,,65,30814,100,0,,,100,17,,,,,,,,,,,,,,,,,,,,,,,,,,,,,,,96,4,100,0,100,0,100,0,100,0,63,37,100,0,100,1,94,13738,37,37,,,,,100,0,100,0,200,0,,,,,,,,,,,,,,,,,,,,,,,,,,,100,30613,100,52739908616,100,120651864526,,,,,,,,,,
2019-03-18,Z302T6N7,ST4000DM000,4000787030016,0,112,49879416,,,92,0,100,17,100,0,87,581058746,,,65,30838,100,0,,,100,17,,,,,,,,,,,,,,,,,,,,,,,,,,,,,,,96,4,100,0,100,0,100,0,100,0,63,37,100,0,100,1,94,13738,37,37,,,,,100,0,100,0,200,0,,,,,,,,,,,,,,,,,,,,,,,,,,,100,30637,100,52764606136,100,120799437701,,,,,,,,,,
2019-03-19,Z302T6N7,ST4000DM000,4000787030016,0,116,106051184,,,92,0,100,17,100,0,87,581797231,,,65,30862,100,0,,,100,17,,,,,,,,,,,,,,,,,,,,,,,,,,,,,,,96,4,100,0,100,0,100,0,100,0,63,37,100,0,100,1,94,13738,37,37,,,,,100,0,100,0,200,0,,,,,,,,,,,,,,,,,,,,,,,,,,,100,30660,100,52780021168,100,120884040409,,,,,,,,,,
2019-03-20,Z302T6N7,ST4000DM000,4000787030016,0,111,35607064,,,92,0,100,17,100,0,87,583495381,,,65,30886,100,0,,,100,17,,,,,,,,,,,,,,,,,,,,,,,,,,,,,,,96,4,100,0,100,0,100,0,100,0,62,38,100,0,100,1,94,13738,38,38,,,,,100,0,100,0,200,0,,,,,,,,,,,,,,,,,,,,,,,,,,,100,30684,100,52798288568,100,120949514862,,,,,,,,,,
2019-03-21,Z302T6N7,ST4000DM000,4000787030016,0,117,146157464,,,92,0,100,17,100,0,87,584310517,,,65,30910,100,0,,,100,17,,,,,,,,,,,,,,,,,,,,,,,,,,,,,,,96,4,100,0,100,0,100,0,100,0,62,38,100,0,100,1,94,13738,38,38,,,,,100,0,100,0,200,0,,,,,,,,,,,,,,,,,,,,,,,,,,,100,30708,100,52811813192,100,121050704140,,,,,,,,,,
2019-03-22,Z302T6N7,ST4000DM000,4000787030016,0,118,169512928,,,92,0,100,17,100,0,87,585336946,,,65,30934,100,0,,,100,17,,,,,,,,,,,,,,,,,,,,,,,,,,,,,,,96,4,100,0,100,0,100,0,100,0,62,38,100,0,100,1,94,13738,38,38,,,,,100,0,100,0,200,0,,,,,,,,,,,,,,,,,,,,,,,,,,,100,30732,100,52827790880,100,121201337681,,,,,,,,,,
2019-03-23,Z302T6N7,ST4000DM000,4000787030016,0,119,205836088,,,92,0,100,17,100,0,87,586962106,,,65,30958,100,0,,,100,17,,,,,,,,,,,,,,,,,,,,,,,,,,,,,,,96,4,100,0,100,0,100,0,100,0,61,39,100,0,100,1,94,13738,39,39,,,,,100,0,100,0,200,0,,,,,,,,,,,,,,,,,,,,,,,,,,,100,30756,100,52842312696,100,121341831965,,,,,,,,,,
2019-03-24,Z302T6N7,ST4000DM000,4000787030016,0,109,22046472,,,92,0,100,18,100,0,87,588942923,,,65,30982,100,0,,,100,18,,,,,,,,,,,,,,,,,,,,,,,,,,,,,,,96,4,100,0,100,0,100,0,100,0,70,30,100,0,100,1,94,13739,30,30,,,,,100,0,100,0,200,0,,,,,,,,,,,,,,,,,,,,,,,,,,,100,30780,100,52858965952,100,121489605197,,,,,,,,,,
2019-03-25,Z302T6N7,ST4000DM000,4000787030016,0,116,109943128,,,92,0,100,18,100,0,87,590062131,,,65,31006,100,0,,,100,18,,,,,,,,,,,,,,,,,,,,,,,,,,,,,,,96,4,100,0,100,0,100,0,100,0,72,28,100,0,100,1,94,13739,28,28,,,,,100,0,100,0,200,0,,,,,,,,,,,,,,,,,,,,,,,,,,,100,30804,100,52880551184,100,121645308929,,,,,,,,,,
2019-03-26,Z302T6N7,ST4000DM000,4000787030016,0,115,97928552,,,92,0,100,18,100,0,87,590893043,,,65,31030,100,0,,,100,18,,,,,,,,,,,,,,,,,,,,,,,,,,,,,,,96,4,100,0,100,0,100,0,100,0,71,29,100,0,100,1,94,13739,29,29,,,,,100,0,100,0,200,0,,,,,,,,,,,,,,,,,,,,,,,,,,,100,30828,100,52896183232,100,121804086360,,,,,,,,,,
2019-03-27,Z302T6N7,ST4000DM000,4000787030016,0,118,188028744,,,92,0,100,18,100,0,87,592606362,,,65,31054,100,0,,,100,18,,,,,,,,,,,,,,,,,,,,,,,,,,,,,,,96,4,100,0,100,0,100,0,100,0,72,28,100,0,100,1,94,13739,28,28,,,,,100,0,100,0,200,0,,,,,,,,,,,,,,,,,,,,,,,,,,,100,30852,100,52916586264,100,121956651383,,,,,,,,,,
2019-03-28,Z302T6N7,ST4000DM000,4000787030016,0,116,114741488,,,92,0,100,18,100,0,87,593306315,,,65,31078,100,0,,,100,18,,,,,,,,,,,,,,,,,,,,,,,,,,,,,,,96,4,100,0,100,0,100,0,100,0,73,27,100,0,100,1,94,13739,27,27,,,,,100,0,100,0,200,0,,,,,,,,,,,,,,,,,,,,,,,,,,,100,30876,100,52934930640,100,122121356607,,,,,,,,,,
2019-03-29,Z302T6N7,ST4000DM000,4000787030016,0,116,115659600,,,92,0,100,18,100,0,87,594092265,,,65,31102,100,0,,,100,18,,,,,,,,,,,,,,,,,,,,,,,,,,,,,,,96,4,100,0,100,0,100,0,100,0,72,28,100,0,100,1,94,13739,28,28,,,,,100,0,100,0,200,0,,,,,,,,,,,,,,,,,,,,,,,,,,,100,30900,100,52951202864,100,122285926339,,,,,,,,,,
2019-03-30,Z302T6N7,ST4000DM000,4000787030016,0,119,211124512,,,92,0,100,18,100,0,87,594787958,,,65,31126,100,0,,,100,18,,,,,,,,,,,,,,,,,,,,,,,,,,,,,,,96,4,100,0,100,0,100,0,100,0,73,27,100,0,100,1,94,13739,27,27,,,,,100,0,100,0,200,0,,,,,,,,,,,,,,,,,,,,,,,,,,,100,30924,100,52966681432,100,122476172684,,,,,,,,,,
2019-03-31,Z302T6N7,ST4000DM000,4000787030016,0,118,199532880,,,92,0,100,18,100,0,87,596140990,,,65,31150,100,0,,,100,18,,,,,,,,,,,,,,,,,,,,,,,,,,,,,,,96,4,100,0,100,0,100,0,100,0,73,27,100,0,100,1,94,13739,27,27,,,,,100,0,100,0,200,0,,,,,,,,,,,,,,,,,,,,,,,,,,,100,30948,100,52990971224,100,122669004089,,,,,,,,,,
2019-04-01,Z302T6N7,ST4000DM000,4000787030016,0,120,240753952,,,92,0,100,18,100,0,87,597760451,,,65,31173,100,0,,,100,18,,,,,,,,,,,,,,,,,,,,,,,,,,,,,,,96,4,100,0,100,0,100,0,100,0,73,27,100,0,100,1,94,13739,27,27,,,,,100,0,100,0,200,0,,,,,,,,,,,,,,,,,,,,,,,,,,,100,30972,100,53011054520,100,122844954588,,,,,,,,,,
2019-04-02,Z302T6N7,ST4000DM000,4000787030016,0,119,225673496,,,92,0,100,18,100,0,87,598818648,,,65,31197,100,0,,,100,18,,,,,,,,,,,,,,,,,,,,,,,,,,,,,,,96,4,100,0,100,0,100,0,100,0,73,27,100,0,100,1,94,13739,27,27,,,,,100,0,100,0,200,0,,,,,,,,,,,,,,,,,,,,,,,,,,,100,30996,100,53050204904,100,122984495673,,,,,,,,,,
2019-04-03,Z302T6N7,ST4000DM000,4000787030016,0,111,37149312,,,92,0,100,18,100,0,87,600792059,,,65,31221,100,0,,,100,18,,,,,,,,,,,,,,,,,,,,,,,,,,,,,,,96,4,100,0,100,0,100,0,100,0,70,30,100,0,100,1,94,13739,30,30,,,,,100,0,100,0,200,0,,,,,,,,,,,,,,,,,,,,,,,,,,,100,31019,100,53075412848,100,123103261681,,,,,,,,,,
2019-04-04,Z302T6N7,ST4000DM000,4000787030016,0,117,149400400,,,92,0,100,18,100,0,87,601727927,,,65,31245,100,0,,,100,18,,,,,,,,,,,,,,,,,,,,,,,,,,,,,,,96,4,100,0,100,0,100,0,100,0,70,30,100,0,100,1,94,13739,30,30,,,,,100,0,100,0,200,0,,,,,,,,,,,,,,,,,,,,,,,,,,,100,31043,100,53087493536,100,123254288014,,,,,,,,,,
2019-04-05,Z302T6N7,ST4000DM000,4000787030016,0,118,200645024,,,92,0,100,18,100,0,87,604285705,,,65,31269,100,0,,,100,18,,,,,,,,,,,,,,,,,,,,,,,,,,,,,,,96,4,100,0,100,0,100,0,100,0,70,30,100,0,100,1,94,13739,30,30,,,,,100,0,100,0,200,0,,,,,,,,,,,,,,,,,,,,,,,,,,,100,31067,100,53105159648,100,123415517149,,,,,,,,,,
2019-04-06,Z302T6N7,ST4000DM000,4000787030016,0,119,226894328,,,92,0,100,19,100,0,87,604970450,,,65,31293,100,0,,,100,19,,,,,,,,,,,,,,,,,,,,,,,,,,,,,,,96,4,100,0,100,0,100,0,100,0,70,30,100,0,100,1,94,13740,30,30,,,,,100,0,100,0,200,0,,,,,,,,,,,,,,,,,,,,,,,,,,,100,31091,100,53115540312,100,123582871992,,,,,,,,,,
2019-04-07,Z302T6N7,ST4000DM000,4000787030016,0,119,213929448,,,92,0,100,19,100,0,87,606138953,,,65,31317,100,0,,,100,19,,,,,,,,,,,,,,,,,,,,,,,,,,,,,,,96,4,100,0,100,0,100,0,100,0,70,30,100,0,100,1,94,13740,30,30,,,,,100,0,100,0,200,0,,,,,,,,,,,,,,,,,,,,,,,,,,,100,31115,100,53125367024,100,123774471843,,,,,,,,,,
2019-04-08,Z302T6N7,ST4000DM000,4000787030016,0,117,164708696,,,92,0,100,19,100,0,87,607411514,,,65,31341,100,0,,,100,19,,,,,,,,,,,,,,,,,,,,,,,,,,,,,,,96,4,100,0,100,0,100,0,100,0,70,30,100,0,100,1,94,13740,30,30,,,,,100,0,100,0,200,0,,,,,,,,,,,,,,,,,,,,,,,,,,,100,31139,100,53148197320,100,123946521262,,,,,,,,,,
2019-04-09,Z302T6N7,ST4000DM000,4000787030016,0,116,104357328,,,92,0,100,19,100,0,87,608190738,,,65,31365,100,0,,,100,19,,,,,,,,,,,,,,,,,,,,,,,,,,,,,,,96,4,100,0,100,0,100,0,100,0,70,30,100,0,100,1,94,13740,30,30,,,,,100,0,100,0,200,0,,,,,,,,,,,,,,,,,,,,,,,,,,,100,31163,100,53179551336,100,124134288723,,,,,,,,,,
2019-04-10,Z302T6N7,ST4000DM000,4000787030016,0,109,23790120,,,92,0,100,19,100,0,87,609858698,,,65,31389,100,0,,,100,19,,,,,,,,,,,,,,,,,,,,,,,,,,,,,,,96,4,100,0,100,0,100,0,100,0,70,30,100,0,100,1,94,13740,30,30,,,,,100,0,100,0,200,0,,,,,,,,,,,,,,,,,,,,,,,,,,,100,31187,100,53199294328,100,124278078943,,,,,,,,,,
2019-04-11,Z302T6N7,ST4000DM000,4000787030016,0,118,171266840,,,92,0,100,19,100,0,87,610616989,,,65,31413,100,0,,,100,19,,,,,,,,,,,,,,,,,,,,,,,,,,,,,,,96,4,100,0,100,0,100,0,100,0,70,30,100,0,100,1,94,13740,30,30,,,,,100,0,100,0,200,0,,,,,,,,,,,,,,,,,,,,,,,,,,,100,31211,100,53210439832,100,124443294848,,,,,,,,,,
2019-04-12,Z302T6N7,ST4000DM000,4000787030016,0,117,131085208,,,92,0,100,19,100,0,87,611604921,,,65,31437,100,0,,,100,19,,,,,,,,,,,,,,,,,,,,,,,,,,,,,,,96,4,100,0,100,0,100,0,100,0,70,30,100,0,100,1,94,13740,30,30,,,,,100,0,100,0,200,0,,,,,,,,,,,,,,,,,,,,,,,,,,,100,31235,100,53225235136,100,124610869228,,,,,,,,,,
2019-04-13,Z302T6N7,ST4000DM000,4000787030016,0,117,138644184,,,92,0,100,19,100,0,87,612514077,,,65,31461,100,0,,,100,19,,,,,,,,,,,,,,,,,,,,,,,,,,,,,,,96,4,100,0,100,0,100,0,100,0,70,30,100,0,100,1,94,13740,30,30,,,,,100,0,100,0,200,0,,,,,,,,,,,,,,,,,,,,,,,,,,,100,31259,100,53234085256,100,124761475184,,,,,,,,,,
2019-04-14,Z302T6N7,ST4000DM000,4000787030016,0,118,179098144,,,92,0,100,19,100,0,87,613509048,,,65,31485,100,0,,,100,19,,,,,,,,,,,,,,,,,,,,,,,,,,,,,,,96,4,100,0,100,0,100,0,100,0,70,30,100,0,100,1,94,13740,30,30,,,,,100,0,100,0,200,0,,,,,,,,,,,,,,,,,,,,,,,,,,,100,31283,100,53246189480,100,124910512697,,,,,,,,,,
2019-04-15,Z302T6N7,ST4000DM000,4000787030016,0,117,150837648,,,92,0,100,19,100,0,87,614813533,,,65,31509,100,0,,,100,19,,,,,,,,,,,,,,,,,,,,,,,,,,,,,,,96,4,100,0,100,0,100,0,100,0,70,30,100,0,100,1,94,13740,30,30,,,,,100,0,100,0,200,0,,,,,,,,,,,,,,,,,,,,,,,,,,,100,31307,100,53260792672,100,125053783730,,,,,,,,,,
2019-04-16,Z302T6N7,ST4000DM000,4000787030016,0,115,97385376,,,92,0,100,20,100,0,87,616624575,,,65,31533,100,0,,,100,20,,,,,,,,,,,,,,,,,,,,,,,,,,,,,,,96,4,100,0,100,0,100,0,100,0,70,30,100,0,100,2,94,13741,30,30,,,,,100,0,100,0,200,0,,,,,,,,,,,,,,,,,,,,,,,,,,,100,31331,100,53274618096,100,125246861695,,,,,,,,,,
2019-04-17,Z302T6N7,ST4000DM000,4000787030016,0,117,142445848,,,92,0,100,20,100,0,87,618916254,,,64,31557,100,0,,,100,20,,,,,,,,,,,,,,,,,,,,,,,,,,,,,,,96,4,100,0,100,0,100,0,100,0,70,30,100,0,100,2,94,13741,30,30,,,,,100,0,100,0,200,0,,,,,,,,,,,,,,,,,,,,,,,,,,,100,31355,100,53290005960,100,125372591229,,,,,,,,,,
2019-04-18,Z302T6N7,ST4000DM000,4000787030016,0,114,79223128,,,92,0,100,20,100,0,87,620346415,,,64,31581,100,0,,,100,20,,,,,,,,,,,,,,,,,,,,,,,,,,,,,,,96,4,100,0,100,0,100,0,100,0,70,30,100,0,100,2,94,13741,30,30,,,,,100,0,100,0,200,0,,,,,,,,,,,,,,,,,,,,,,,,,,,100,31379,100,53310020344,100,125522140447,,,,,,,,,,
2019-04-19,Z302T6N7,ST4000DM000,4000787030016,0,118,186511144,,,92,0,100,20,100,0,87,621212864,,,64,31605,100,0,,,100,20,,,,,,,,,,,,,,,,,,,,,,,,,,,,,,,96,4,100,0,100,0,100,0,100,0,71,29,100,0,100,2,94,13741,29,29,,,,,100,0,100,0,200,0,,,,,,,,,,,,,,,,,,,,,,,,,,,100,31403,100,53320719976,100,125665723051,,,,,,,,,,
2019-04-20,Z302T6N7,ST4000DM000,4000787030016,0,114,61190616,,,92,0,100,20,100,0,87,622108334,,,64,31629,100,0,,,100,20,,,,,,,,,,,,,,,,,,,,,,,,,,,,,,,96,4,100,0,100,0,100,0,100,0,71,29,100,0,100,2,94,13741,29,29,,,,,100,0,100,0,200,0,,,,,,,,,,,,,,,,,,,,,,,,,,,100,31427,100,53333064944,100,125795088790,,,,,,,,,,
2019-04-21,Z302T6N7,ST4000DM000,4000787030016,0,108,15120960,,,92,0,100,20,100,0,87,623823666,,,64,31653,100,0,,,100,20,,,,,,,,,,,,,,,,,,,,,,,,,,,,,,,96,4,100,0,100,0,100,0,100,0,71,29,100,0,100,2,94,13741,29,29,,,,,100,0,100,0,200,0,,,,,,,,,,,,,,,,,,,,,,,,,,,100,31451,100,53346191000,100,125964632034,,,,,,,,,,
2019-04-22,Z302T6N7,ST4000DM000,4000787030016,0,117,150936048,,,92,0,100,20,100,0,87,625443492,,,64,31677,100,0,,,100,20,,,,,,,,,,,,,,,,,,,,,,,,,,,,,,,96,4,100,0,100,0,100,0,100,0,72,28,100,0,100,2,94,13741,28,28,,,,,100,0,100,0,200,0,,,,,,,,,,,,,,,,,,,,,,,,,,,100,31475,100,53357892872,100,126097545462,,,,,,,,,,
2019-04-23,Z302T6N7,ST4000DM000,4000787030016,0,111,30739440,,,92,0,100,20,100,0,87,626574655,,,64,31701,100,0,,,100,20,,,,,,,,,,,,,,,,,,,,,,,,,,,,,,,96,4,100,0,100,0,100,0,100,0,70,30,100,0,100,2,94,13741,30,30,,,,,100,0,100,0,200,0,,,,,,,,,,,,,,,,,,,,,,,,,,,100,31499,100,53367856488,100,126247664824,,,,,,,,,,
2019-04-24,Z302T6N7,ST4000DM000,4000787030016,0,111,31855264,,,92,0,100,20,100,0,87,628296704,,,64,31725,100,0,,,100,20,,,,,,,,,,,,,,,,,,,,,,,,,,,,,,,96,4,100,0,100,0,100,0,100,0,73,27,100,0,100,2,94,13741,27,27,,,,,100,0,100,0,200,0,,,,,,,,,,,,,,,,,,,,,,,,,,,100,31523,100,53381549128,100,126316576025,,,,,,,,,,
2019-04-25,Z302T6N7,ST4000DM000,4000787030016,0,120,235798232,,,92,0,100,20,100,0,87,629148555,,,64,31749,100,0,,,100,20,,,,,,,,,,,,,,,,,,,,,,,,,,,,,,,96,4,100,0,100,0,100,0,100,0,72,28,100,0,100,2,94,13741,28,28,,,,,100,0,100,0,200,0,,,,,,,,,,,,,,,,,,,,,,,,,,,100,31547,100,53389820080,100,126417773574,,,,,,,,,,
2019-04-26,Z302T6N7,ST4000DM000,4000787030016,0,117,120148056,,,92,0,100,20,100,0,87,630048488,,,64,31773,100,0,,,100,20,,,,,,,,,,,,,,,,,,,,,,,,,,,,,,,96,4,100,0,100,0,100,0,100,0,70,30,100,0,100,2,94,13741,30,30,,,,,100,0,100,0,200,0,,,,,,,,,,,,,,,,,,,,,,,,,,,100,31571,100,53404522304,100,126547069907,,,,,,,,,,
2019-04-27,Z302T6N7,ST4000DM000,4000787030016,0,112,47265592,,,92,0,100,20,100,0,87,633428065,,,64,31797,100,0,,,100,20,,,,,,,,,,,,,,,,,,,,,,,,,,,,,,,96,4,100,0,100,0,100,0,100,0,71,29,100,0,100,2,94,13741,29,29,,,,,100,0,100,0,200,0,,,,,,,,,,,,,,,,,,,,,,,,,,,100,31595,100,53432246304,100,126765149756,,,,,,,,,,
2019-04-28,Z302T6N7,ST4000DM000,4000787030016,0,116,104461640,,,92,0,100,20,100,0,87,634506410,,,64,31821,100,0,,,100,20,,,,,,,,,,,,,,,,,,,,,,,,,,,,,,,96,4,100,0,100,0,100,0,100,0,70,30,100,0,100,2,94,13741,30,30,,,,,100,0,100,0,200,0,,,,,,,,,,,,,,,,,,,,,,,,,,,100,31619,100,53450504960,100,126830778529,,,,,,,,,,
2019-04-29,Z302T6N7,ST4000DM000,4000787030016,0,117,163691320,,,92,0,100,20,100,0,87,636229483,,,64,31845,100,0,,,100,20,,,,,,,,,,,,,,,,,,,,,,,,,,,,,,,96,4,100,0,100,0,100,0,100,0,71,29,100,0,100,2,94,13741,29,29,,,,,100,0,100,0,200,0,,,,,,,,,,,,,,,,,,,,,,,,,,,100,31643,100,53467936296,100,126925007475,,,,,,,,,,
2019-04-30,Z302T6N7,ST4000DM000,4000787030016,0,117,121172328,,,92,0,100,20,100,0,87,637317489,,,64,31869,100,0,,,100,20,,,,,,,,,,,,,,,,,,,,,,,,,,,,,,,96,4,100,0,100,0,100,0,100,0,70,30,100,0,100,2,94,13741,30,30,,,,,100,0,100,0,200,0,,,,,,,,,,,,,,,,,,,,,,,,,,,100,31667,100,53479609904,100,127064052005,,,,,,,,,,
2019-05-01,Z302T6N7,ST4000DM000,4000787030016,0,117,140251312,,,92,0,100,20,100,0,87,639181715,,,64,31893,100,0,,,100,20,,,,,,,,,,,,,,,,,,,,,,,,,,,,,,,96,4,100,0,100,0,100,0,100,0,72,28,100,0,100,2,94,13741,28,28,,,,,100,0,100,0,200,0,,,,,,,,,,,,,,,,,,,,,,,,,,,100,31691,100,53494383648,100,127154473050,,,,,,,,,,
2019-05-02,Z302T6N7,ST4000DM000,4000787030016,0,117,150606904,,,92,0,100,20,100,0,87,639984799,,,64,31916,100,0,,,100,20,,,,,,,,,,,,,,,,,,,,,,,,,,,,,,,96,4,100,0,100,0,100,0,100,0,70,30,100,0,100,2,94,13741,30,30,,,,,100,0,100,0,200,0,,,,,,,,,,,,,,,,,,,,,,,,,,,100,31715,100,53505768880,100,127237539656,,,,,,,,,,
2019-05-03,Z302T6N7,ST4000DM000,4000787030016,0,109,24553072,,,92,0,100,20,100,0,87,641218387,,,64,31940,100,0,,,100,20,,,,,,,,,,,,,,,,,,,,,,,,,,,,,,,96,4,100,0,100,0,100,0,100,0,72,28,100,0,100,2,94,13741,28,28,,,,,100,0,100,0,200,0,,,,,,,,,,,,,,,,,,,,,,,,,,,100,31739,100,53514869488,100,127378908489,,,,,,,,,,
2019-05-04,Z302T6N7,ST4000DM000,4000787030016,0,120,241848424,,,92,0,100,20,100,0,87,642175804,,,64,31964,100,0,,,100,20,,,,,,,,,,,,,,,,,,,,,,,,,,,,,,,96,4,100,0,100,0,100,0,100,0,71,29,100,0,100,2,94,13741,29,29,,,,,100,0,100,0,200,0,,,,,,,,,,,,,,,,,,,,,,,,,,,100,31762,100,53526680096,100,127505679167,,,,,,,,,,
2019-05-05,Z302T6N7,ST4000DM000,4000787030016,0,117,159880944,,,92,0,100,20,100,0,87,643498622,,,64,31988,100,0,,,100,20,,,,,,,,,,,,,,,,,,,,,,,,,,,,,,,96,4,100,0,100,0,100,0,100,0,71,29,100,0,100,2,94,13741,29,29,,,,,100,0,100,0,200,0,,,,,,,,,,,,,,,,,,,,,,,,,,,100,31786,100,53536994464,100,127614247929,,,,,,,,,,
2019-05-06,Z302T6N7,ST4000DM000,4000787030016,0,115,99035296,,,92,0,100,20,100,0,87,645012175,,,64,32012,100,0,,,100,20,,,,,,,,,,,,,,,,,,,,,,,,,,,,,,,96,4,100,0,100,0,100,0,100,0,70,30,100,0,100,2,94,13741,30,30,,,,,100,0,100,0,200,0,,,,,,,,,,,,,,,,,,,,,,,,,,,100,31810,100,53566024264,100,127691895587,,,,,,,,,,
2019-05-07,Z302T6N7,ST4000DM000,4000787030016,0,117,118813776,,,92,0,100,20,100,0,87,645934709,,,64,32036,100,0,,,100,20,,,,,,,,,,,,,,,,,,,,,,,,,,,,,,,96,4,100,0,100,0,100,0,100,0,72,28,100,0,100,2,94,13741,28,28,,,,,100,0,100,0,200,0,,,,,,,,,,,,,,,,,,,,,,,,,,,100,31834,100,53586895664,100,127785380290,,,,,,,,,,
2019-05-08,Z302T6N7,ST4000DM000,4000787030016,0,111,31623360,,,92,0,100,20,100,0,87,647771358,,,64,32060,100,0,,,100,20,,,,,,,,,,,,,,,,,,,,,,,,,,,,,,,96,4,100,0,100,0,100,0,100,0,70,30,100,0,100,2,94,13741,30,30,,,,,100,0,100,0,200,0,,,,,,,,,,,,,,,,,,,,,,,,,,,100,31859,100,53610324984,100,127854768289,,,,,,,,,,
2019-05-09,Z302T6N7,ST4000DM000,4000787030016,0,110,26669328,,,92,0,100,20,100,0,87,648497040,,,64,32084,100,0,,,100,20,,,,,,,,,,,,,,,,,,,,,,,,,,,,,,,96,4,100,0,100,0,100,0,100,0,71,29,100,0,100,2,94,13741,29,29,,,,,100,0,100,0,200,0,,,,,,,,,,,,,,,,,,,,,,,,,,,100,31882,100,53623414488,100,127917387154,,,,,,,,,,
2019-05-10,Z302T6N7,ST4000DM000,4000787030016,0,119,1932280,,,92,0,100,20,100,0,87,649628121,,,64,32108,100,0,,,100,20,,,,,,,,,,,,,,,,,,,,,,,,,,,,,,,96,4,100,0,100,0,100,0,100,0,70,30,100,0,100,2,94,13741,30,30,,,,,100,0,100,0,200,0,,,,,,,,,,,,,,,,,,,,,,,,,,,100,31906,100,53640893832,100,128030766558,,,,,,,,,,
2019-05-11,Z302T6N7,ST4000DM000,4000787030016,0,112,49915920,,,92,0,100,20,100,0,87,650366012,,,64,32132,100,0,,,100,20,,,,,,,,,,,,,,,,,,,,,,,,,,,,,,,96,4,100,0,100,0,100,0,100,0,71,29,100,0,100,2,94,13741,29,29,,,,,100,0,100,0,200,0,,,,,,,,,,,,,,,,,,,,,,,,,,,100,31930,100,53651535504,100,128097122574,,,,,,,,,,
2019-05-12,Z302T6N7,ST4000DM000,4000787030016,0,119,206646952,,,92,0,100,20,100,0,87,652102484,,,64,32156,100,0,,,100,20,,,,,,,,,,,,,,,,,,,,,,,,,,,,,,,96,4,100,0,100,0,100,0,100,0,69,31,100,0,100,2,94,13741,31,31,,,,,100,0,100,0,200,0,,,,,,,,,,,,,,,,,,,,,,,,,,,100,31954,100,53662310648,100,128246945069,,,,,,,,,,
2019-05-13,Z302T6N7,ST4000DM000,4000787030016,0,119,222976544,,,92,0,100,20,100,0,87,654515432,,,64,32180,100,0,,,100,20,,,,,,,,,,,,,,,,,,,,,,,,,,,,,,,96,4,100,0,100,0,100,0,100,0,71,29,100,0,100,2,94,13741,29,29,,,,,100,0,100,0,200,0,,,,,,,,,,,,,,,,,,,,,,,,,,,100,31978,100,53678095344,100,128374551120,,,,,,,,,,
2019-05-14,Z302T6N7,ST4000DM000,4000787030016,0,118,185635952,,,92,0,100,20,100,0,87,656561553,,,64,32204,100,0,,,100,20,,,,,,,,,,,,,,,,,,,,,,,,,,,,,,,96,4,100,0,100,0,100,0,100,0,69,31,100,0,100,2,94,13741,31,31,,,,,100,0,100,0,200,0,,,,,,,,,,,,,,,,,,,,,,,,,,,100,32002,100,53694283176,100,128521779221,,,,,,,,,,
2019-05-15,Z302T6N7,ST4000DM000,4000787030016,0,118,180090416,,,92,0,100,20,100,0,87,658243603,,,64,32228,100,0,,,100,20,,,,,,,,,,,,,,,,,,,,,,,,,,,,,,,96,4,100,0,100,0,100,0,100,0,71,29,100,0,100,2,94,13741,29,29,,,,,100,0,100,0,200,0,,,,,,,,,,,,,,,,,,,,,,,,,,,100,32026,100,53720315184,100,128583250127,,,,,,,,,,
2019-05-16,Z302T6N7,ST4000DM000,4000787030016,0,117,149187008,,,92,0,100,20,100,0,87,658910864,,,64,32251,100,0,,,100,20,,,,,,,,,,,,,,,,,,,,,,,,,,,,,,,96,4,100,0,100,0,100,0,100,0,70,30,100,0,100,2,94,13741,30,30,,,,,100,0,100,0,200,0,,,,,,,,,,,,,,,,,,,,,,,,,,,100,32050,100,53728671712,100,128687566431,,,,,,,,,,
2019-05-17,Z302T6N7,ST4000DM000,4000787030016,0,117,153620104,,,92,0,100,20,100,0,87,659558574,,,64,32275,100,0,,,100,20,,,,,,,,,,,,,,,,,,,,,,,,,,,,,,,96,4,100,0,100,0,100,0,100,0,72,28,100,0,100,2,94,13741,28,28,,,,,100,0,100,0,200,0,,,,,,,,,,,,,,,,,,,,,,,,,,,100,32073,100,53737917680,100,128783520810,,,,,,,,,,
2019-05-18,Z302T6N7,ST4000DM000,4000787030016,0,116,105324384,,,92,0,100,20,100,0,87,660407999,,,64,32299,100,0,,,100,20,,,,,,,,,,,,,,,,,,,,,,,,,,,,,,,96,4,100,0,100,0,100,0,100,0,71,29,100,0,100,2,94,13741,29,29,,,,,100,0,100,0,200,0,,,,,,,,,,,,,,,,,,,,,,,,,,,100,32097,100,53754466176,100,128896264953,,,,,,,,,,
2019-05-19,Z302T6N7,ST4000DM000,4000787030016,0,113,57596488,,,92,0,100,20,100,0,87,661633341,,,64,32323,100,0,,,100,20,,,,,,,,,,,,,,,,,,,,,,,,,,,,,,,96,4,100,0,100,0,100,0,100,0,69,31,100,0,100,2,94,13741,31,31,,,,,100,0,100,0,200,0,,,,,,,,,,,,,,,,,,,,,,,,,,,100,32121,100,53766202960,100,129042195993,,,,,,,,,,
2019-05-20,Z302T6N7,ST4000DM000,4000787030016,0,119,226709976,,,92,0,100,20,100,0,87,663656532,,,64,32347,100,0,,,100,20,,,,,,,,,,,,,,,,,,,,,,,,,,,,,,,96,4,100,0,100,0,100,0,100,0,70,30,100,0,100,2,94,13741,30,30,,,,,100,0,100,0,200,0,,,,,,,,,,,,,,,,,,,,,,,,,,,100,32145,100,53788050072,100,129174924121,,,,,,,,,,
2019-05-21,Z302T6N7,ST4000DM000,4000787030016,0,118,180738088,,,92,0,100,20,100,0,87,664680650,,,64,32371,100,0,,,100,20,,,,,,,,,,,,,,,,,,,,,,,,,,,,,,,96,4,100,0,100,0,100,0,100,0,71,29,100,0,100,2,94,13741,29,29,,,,,100,0,100,0,200,0,,,,,,,,,,,,,,,,,,,,,,,,,,,100,32169,100,53803831360,100,129328882494,,,,,,,,,,
2019-05-22,Z302T6N7,ST4000DM000,4000787030016,0,113,53457888,,,92,0,100,20,100,0,87,666738198,,,64,32395,100,0,,,100,20,,,,,,,,,,,,,,,,,,,,,,,,,,,,,,,96,4,100,0,100,0,100,0,100,0,71,29,100,0,100,2,94,13741,29,29,,,,,100,0,100,0,200,0,,,,,,,,,,,,,,,,,,,,,,,,,,,100,32193,100,53825318712,100,129441581700,,,,,,,,,,
2019-05-23,Z302T6N7,ST4000DM000,4000787030016,0,111,30033080,,,92,0,100,20,100,0,87,667618622,,,63,32419,100,0,,,100,20,,,,,,,,,,,,,,,,,,,,,,,,,,,,,,,96,4,100,0,100,0,100,0,100,0,71,29,100,0,100,2,94,13741,29,29,,,,,100,0,100,0,200,0,,,,,,,,,,,,,,,,,,,,,,,,,,,100,32217,100,53840582032,100,129534944450,,,,,,,,,,
2019-05-24,Z302T6N7,ST4000DM000,4000787030016,0,103,5638376,,,92,0,100,20,100,0,87,668502178,,,63,32443,100,0,,,100,20,,,,,,,,,,,,,,,,,,,,,,,,,,,,,,,96,4,100,0,100,0,100,0,100,0,71,29,100,0,100,2,94,13741,29,29,,,,,100,0,100,0,200,0,,,,,,,,,,,,,,,,,,,,,,,,,,,100,32241,100,53852315152,100,129655529053,,,,,,,,,,
2019-05-25,Z302T6N7,ST4000DM000,4000787030016,0,114,58972048,,,92,0,100,20,100,0,87,670770140,,,63,32467,100,0,,,100,20,,,,,,,,,,,,,,,,,,,,,,,,,,,,,,,96,4,100,0,100,0,100,0,100,0,70,30,100,0,100,2,94,13741,30,30,,,,,100,0,100,0,200,0,,,,,,,,,,,,,,,,,,,,,,,,,,,100,32265,100,53866548312,100,129775197493,,,,,,,,,,
2019-05-26,Z302T6N7,ST4000DM000,4000787030016,0,108,16278912,,,92,0,100,20,100,0,88,671633328,,,63,32491,100,0,,,100,20,,,,,,,,,,,,,,,,,,,,,,,,,,,,,,,96,4,100,0,100,0,100,0,100,0,73,27,100,0,100,2,94,13741,27,27,,,,,100,0,100,0,200,0,,,,,,,,,,,,,,,,,,,,,,,,,,,100,32289,100,53877909872,100,129856499530,,,,,,,,,,
2019-05-27,Z302T6N7,ST4000DM000,4000787030016,0,111,33021184,,,92,0,100,20,100,0,88,673616935,,,63,32515,100,0,,,100,20,,,,,,,,,,,,,,,,,,,,,,,,,,,,,,,96,4,100,0,100,0,100,0,100,0,73,27,100,0,100,2,94,13741,27,27,,,,,100,0,100,0,200,0,,,,,,,,,,,,,,,,,,,,,,,,,,,100,32313,100,53892792280,100,130016391906,,,,,,,,,,
2019-05-28,Z302T6N7,ST4000DM000,4000787030016,0,116,105172072,,,92,0,100,20,100,0,88,674512985,,,63,32539,100,0,,,100,20,,,,,,,,,,,,,,,,,,,,,,,,,,,,,,,96,4,100,0,100,0,100,0,100,0,73,27,100,0,100,2,94,13741,27,27,,,,,100,0,100,0,200,0,,,,,,,,,,,,,,,,,,,,,,,,,,,100,32337,100,53907899216,100,130147172624,,,,,,,,,,
2019-05-29,Z302T6N7,ST4000DM000,4000787030016,0,120,243782632,,,92,0,100,20,100,0,88,676481517,,,63,32563,100,0,,,100,20,,,,,,,,,,,,,,,,,,,,,,,,,,,,,,,96,4,100,0,100,0,100,0,100,0,73,27,100,0,100,2,94,13741,27,27,,,,,100,0,100,0,200,0,,,,,,,,,,,,,,,,,,,,,,,,,,,100,32361,100,53923419272,100,130260732011,,,,,,,,,,
2019-05-30,Z302T6N7,ST4000DM000,4000787030016,0,117,153189480,,,92,0,100,20,100,0,88,677861573,,,63,32587,100,0,,,100,20,,,,,,,,,,,,,,,,,,,,,,,,,,,,,,,96,4,100,0,100,0,100,0,100,0,73,27,100,0,100,2,94,13741,27,27,,,,,100,0,100,0,200,0,,,,,,,,,,,,,,,,,,,,,,,,,,,100,32385,100,53936503296,100,130429049722,,,,,,,,,,
2019-05-31,Z302T6N7,ST4000DM000,4000787030016,0,116,110247896,,,92,0,100,20,100,0,88,678925886,,,63,32611,100,0,,,100,20,,,,,,,,,,,,,,,,,,,,,,,,,,,,,,,96,4,100,0,100,0,100,0,100,0,73,27,100,0,100,2,94,13741,27,27,,,,,100,0,100,0,200,0,,,,,,,,,,,,,,,,,,,,,,,,,,,100,32409,100,53949285208,100,130565789453,,,,,,,,,,
2019-06-01,Z302T6N7,ST4000DM000,4000787030016,0,116,109057552,,,92,0,100,20,100,0,88,679856934,,,63,32635,100,0,,,100,20,,,,,,,,,,,,,,,,,,,,,,,,,,,,,,,96,4,100,0,100,0,100,0,100,0,73,27,100,0,100,2,94,13741,27,27,,,,,100,0,100,0,200,0,,,,,,,,,,,,,,,,,,,,,,,,,,,100,32433,100,53962333952,100,130684517840,,,,,,,,,,
2019-06-02,Z302T6N7,ST4000DM000,4000787030016,0,118,187379824,,,92,0,100,20,100,0,88,681267821,,,63,32659,100,0,,,100,20,,,,,,,,,,,,,,,,,,,,,,,,,,,,,,,96,4,100,0,100,0,100,0,100,0,73,27,100,0,100,2,94,13741,27,27,,,,,100,0,100,0,200,0,,,,,,,,,,,,,,,,,,,,,,,,,,,100,32457,100,53986671632,100,130835002598,,,,,,,,,,
2019-06-03,Z302T6N7,ST4000DM000,4000787030016,0,112,42787928,,,92,0,100,20,100,0,88,683639902,,,63,32683,100,0,,,100,20,,,,,,,,,,,,,,,,,,,,,,,,,,,,,,,96,4,100,0,100,0,100,0,100,0,73,27,100,0,100,2,94,13741,27,27,,,,,100,0,100,0,200,0,,,,,,,,,,,,,,,,,,,,,,,,,,,100,32481,100,54008565104,100,131004780776,,,,,,,,,,
2019-06-04,Z302T6N7,ST4000DM000,4000787030016,0,118,175567000,,,92,0,100,20,100,0,88,684776134,,,63,32707,100,0,,,100,20,,,,,,,,,,,,,,,,,,,,,,,,,,,,,,,96,4,100,0,100,0,100,0,100,0,73,27,100,0,100,2,94,13741,27,27,,,,,100,0,100,0,200,0,,,,,,,,,,,,,,,,,,,,,,,,,,,100,32505,100,54030825104,100,131149289406,,,,,,,,,,
2019-06-05,Z302T6N7,ST4000DM000,4000787030016,0,114,59386352,,,92,0,100,20,100,0,88,686810136,,,63,32731,100,0,,,100,20,,,,,,,,,,,,,,,,,,,,,,,,,,,,,,,96,4,100,0,100,0,100,0,100,0,73,27,100,0,100,2,94,13741,27,27,,,,,100,0,100,0,200,0,,,,,,,,,,,,,,,,,,,,,,,,,,,100,32529,100,54047330176,100,131278922781,,,,,,,,,,
2019-06-06,Z302T6N7,ST4000DM000,4000787030016,0,114,60713976,,,92,0,100,20,100,0,88,687850527,,,63,32755,100,0,,,100,20,,,,,,,,,,,,,,,,,,,,,,,,,,,,,,,96,4,100,0,100,0,100,0,100,0,72,28,100,0,100,2,94,13741,28,28,,,,,100,0,100,0,200,0,,,,,,,,,,,,,,,,,,,,,,,,,,,100,32553,100,54061100240,100,131417745722,,,,,,,,,,
2019-06-07,Z302T6N7,ST4000DM000,4000787030016,0,114,77814912,,,92,0,100,20,100,0,88,690842120,,,63,32779,100,0,,,100,20,,,,,,,,,,,,,,,,,,,,,,,,,,,,,,,96,4,100,0,100,0,100,0,100,0,73,27,100,0,100,2,94,13741,27,27,,,,,100,0,100,0,200,0,,,,,,,,,,,,,,,,,,,,,,,,,,,100,32577,100,54091087312,100,131581088542,,,,,,,,,,
2019-06-08,Z302T6N7,ST4000DM000,4000787030016,0,119,224876664,,,92,0,100,20,100,0,88,691944507,,,63,32803,100,0,,,100,20,,,,,,,,,,,,,,,,,,,,,,,,,,,,,,,96,4,100,0,100,0,100,0,100,0,73,27,100,0,100,2,94,13741,27,27,,,,,100,0,100,0,200,0,,,,,,,,,,,,,,,,,,,,,,,,,,,100,32601,100,54119788552,100,131726892335,,,,,,,,,,
2019-06-09,Z302T6N7,ST4000DM000,4000787030016,0,113,51342968,,,92,0,100,20,100,0,88,693149609,,,63,32827,100,0,,,100,20,,,,,,,,,,,,,,,,,,,,,,,,,,,,,,,96,4,100,0,100,0,100,0,100,0,73,27,100,0,100,2,94,13741,27,27,,,,,100,0,100,0,200,0,,,,,,,,,,,,,,,,,,,,,,,,,,,100,32625,100,54131333000,100,131955716819,,,,,,,,,,
2019-06-10,Z302T6N7,ST4000DM000,4000787030016,0,120,242390784,,,92,0,100,20,100,0,88,693965807,,,63,32851,100,0,,,100,20,,,,,,,,,,,,,,,,,,,,,,,,,,,,,,,96,4,100,0,100,0,100,0,100,0,73,27,100,0,100,2,94,13741,27,27,,,,,100,0,100,0,200,0,,,,,,,,,,,,,,,,,,,,,,,,,,,100,32649,100,54142331048,100,132138595561,,,,,,,,,,
2019-06-11,Z302T6N7,ST4000DM000,4000787030016,0,105,9368552,,,92,0,100,20,100,0,88,694604655,,,63,32875,100,0,,,100,20,,,,,,,,,,,,,,,,,,,,,,,,,,,,,,,96,4,100,0,100,0,100,0,100,0,72,28,100,0,100,2,94,13741,28,28,,,,,100,0,100,0,200,0,,,,,,,,,,,,,,,,,,,,,,,,,,,100,32673,100,54153709360,100,132310696725,,,,,,,,,,
2019-06-12,Z302T6N7,ST4000DM000,4000787030016,0,114,63150768,,,92,0,100,20,100,0,88,696389617,,,63,32899,100,0,,,100,20,,,,,,,,,,,,,,,,,,,,,,,,,,,,,,,96,4,100,0,100,0,100,0,100,0,72,28,100,0,100,2,94,13741,28,28,,,,,100,0,100,0,200,0,,,,,,,,,,,,,,,,,,,,,,,,,,,100,32697,100,54170702280,100,132448229376,,,,,,,,,,
2019-06-13,Z302T6N7,ST4000DM000,4000787030016,0,110,29043872,,,92,0,100,20,100,0,88,697031203,,,63,32923,100,0,,,100,20,,,,,,,,,,,,,,,,,,,,,,,,,,,,,,,96,4,100,0,100,0,100,0,100,0,73,27,100,0,100,2,94,13741,27,27,,,,,100,0,100,0,200,0,,,,,,,,,,,,,,,,,,,,,,,,,,,100,32721,100,54187852936,100,132623620816,,,,,,,,,,
2019-06-14,Z302T6N7,ST4000DM000,4000787030016,0,114,77500232,,,92,0,100,21,100,0,88,698212424,,,63,32959,100,0,,,100,21,,,,,,,,,,,,,,,,,,,,,,,,,,,,,,,96,4,100,0,100,0,100,0,100,0,72,28,100,0,100,2,94,13742,28,28,,,,,100,0,100,0,200,0,,,,,,,,,,,,,,,,,,,,,,,,,,,100,32757,100,54210815480,100,132880705227,,,,,,,,,,
2019-06-15,Z302T6N7,ST4000DM000,4000787030016,0,116,102655936,,,92,0,100,21,100,0,88,699027711,,,63,32983,100,0,,,100,21,,,,,,,,,,,,,,,,,,,,,,,,,,,,,,,96,4,100,0,100,0,100,0,100,0,73,27,100,0,100,2,94,13742,27,27,,,,,100,0,100,0,200,0,,,,,,,,,,,,,,,,,,,,,,,,,,,100,32781,100,54236930592,100,133074801852,,,,,,,,,,
2019-06-16,Z302T6N7,ST4000DM000,4000787030016,0,120,241727176,,,92,0,100,21,100,0,88,701200674,,,63,33007,100,0,,,100,21,,,,,,,,,,,,,,,,,,,,,,,,,,,,,,,96,4,100,0,100,0,100,0,100,0,72,28,100,0,100,2,94,13742,28,28,,,,,100,0,100,0,200,0,,,,,,,,,,,,,,,,,,,,,,,,,,,100,32805,100,54274698784,100,133269328840,,,,,,,,,,
2019-06-17,Z302T6N7,ST4000DM000,4000787030016,0,114,82942184,,,92,0,100,21,100,0,88,701889870,,,63,33031,100,0,,,100,21,,,,,,,,,,,,,,,,,,,,,,,,,,,,,,,96,4,100,0,100,0,100,0,100,0,73,27,100,0,100,2,94,13742,27,27,,,,,100,0,100,0,200,0,,,,,,,,,,,,,,,,,,,,,,,,,,,100,32829,100,54286074760,100,133460206072,,,,,,,,,,
2019-06-18,Z302T6N7,ST4000DM000,4000787030016,0,114,76794096,,,92,0,100,21,100,0,88,702897352,,,63,33055,100,0,,,100,21,,,,,,,,,,,,,,,,,,,,,,,,,,,,,,,96,4,100,0,100,0,100,0,100,0,73,27,100,0,100,2,94,13742,27,27,,,,,100,0,100,0,200,0,,,,,,,,,,,,,,,,,,,,,,,,,,,100,32853,100,54302690472,100,133619641527,,,,,,,,,,
2019-06-19,Z302T6N7,ST4000DM000,4000787030016,0,117,127692992,,,92,0,100,21,100,0,88,703912687,,,63,33067,100,0,,,100,21,,,,,,,,,,,,,,,,,,,,,,,,,,,,,,,96,4,100,0,100,0,100,0,100,0,72,28,100,0,100,2,94,13742,28,28,,,,,100,0,100,0,200,0,,,,,,,,,,,,,,,,,,,,,,,,,,,100,32865,100,54311183800,100,133692497501,,,,,,,,,,
2019-06-20,Z302T6N7,ST4000DM000,4000787030016,0,114,74865384,,,92,0,100,21,100,0,88,704851284,,,63,33091,100,0,,,100,21,,,,,,,,,,,,,,,,,,,,,,,,,,,,,,,96,4,100,0,100,0,100,0,100,0,73,27,100,0,100,2,94,13742,27,27,,,,,100,0,100,0,200,0,,,,,,,,,,,,,,,,,,,,,,,,,,,100,32889,100,54326292560,100,133859196462,,,,,,,,,,
2019-06-21,Z302T6N7,ST4000DM000,4000787030016,0,117,138966112,,,92,0,100,21,100,0,88,705687804,,,63,33115,100,0,,,100,21,,,,,,,,,,,,,,,,,,,,,,,,,,,,,,,96,4,100,0,100,0,100,0,100,0,72,28,100,0,100,2,94,13742,28,28,,,,,100,0,100,0,200,0,,,,,,,,,,,,,,,,,,,,,,,,,,,100,32913,100,54338757088,100,133996017835,,,,,,,,,,
2019-06-22,Z302T6N7,ST4000DM000,4000787030016,0,114,64297744,,,92,0,100,21,100,0,88,708191038,,,63,33139,100,0,,,100,21,,,,,,,,,,,,,,,,,,,,,,,,,,,,,,,96,4,100,0,100,0,100,0,100,0,73,27,100,0,100,2,94,13742,27,27,,,,,100,0,100,0,200,0,,,,,,,,,,,,,,,,,,,,,,,,,,,100,32937,100,54357175552,100,134168329469,,,,,,,,,,
2019-06-23,Z302T6N7,ST4000DM000,4000787030016,0,119,208050160,,,92,0,100,21,100,0,88,709730515,,,63,33163,100,0,,,100,21,,,,,,,,,,,,,,,,,,,,,,,,,,,,,,,96,4,100,0,100,0,100,0,100,0,73,27,100,0,100,2,94,13742,27,27,,,,,100,0,100,0,200,0,,,,,,,,,,,,,,,,,,,,,,,,,,,100,32961,100,54372980712,100,134330468900,,,,,,,,,,
2019-06-24,Z302T6N7,ST4000DM000,4000787030016,0,111,33375320,,,92,0,100,21,100,0,88,712501993,,,63,33187,100,0,,,100,21,,,,,,,,,,,,,,,,,,,,,,,,,,,,,,,96,4,100,0,100,0,100,0,100,0,73,27,100,0,100,2,94,13742,27,27,,,,,100,0,100,0,200,0,,,,,,,,,,,,,,,,,,,,,,,,,,,100,32985,100,54403528216,100,134525465367,,,,,,,,,,
2019-06-25,Z302T6N7,ST4000DM000,4000787030016,0,109,24911392,,,92,0,100,22,100,0,88,714084185,,,63,33212,100,0,,,100,22,,,,,,,,,,,,,,,,,,,,,,,,,,,,,,,96,4,100,0,100,0,100,0,100,0,72,28,100,0,100,2,94,13743,28,28,,,,,100,0,100,0,200,0,,,,,,,,,,,,,,,,,,,,,,,,,,,100,33009,100,54422451032,100,134726119358,,,,,,,,,,
2019-06-26,Z302T6N7,ST4000DM000,4000787030016,0,116,116030672,,,92,0,100,22,100,0,88,715911534,,,63,33236,100,0,,,100,22,,,,,,,,,,,,,,,,,,,,,,,,,,,,,,,96,4,100,0,100,0,100,0,100,0,73,27,100,0,100,2,94,13743,27,27,,,,,100,0,100,0,200,0,,,,,,,,,,,,,,,,,,,,,,,,,,,100,33033,100,54445557328,100,134865715461,,,,,,,,,,
2019-06-27,Z302T6N7,ST4000DM000,4000787030016,0,119,232156592,,,92,0,100,22,100,0,88,716756261,,,63,33259,100,0,,,100,22,,,,,,,,,,,,,,,,,,,,,,,,,,,,,,,96,4,100,0,100,0,100,0,100,0,73,27,100,0,100,2,94,13743,27,27,,,,,100,0,100,0,200,0,,,,,,,,,,,,,,,,,,,,,,,,,,,100,33057,100,54461104648,100,135133951948,,,,,,,,,,
2019-06-28,Z302T6N7,ST4000DM000,4000787030016,0,119,207872856,,,92,0,100,22,100,0,88,717705348,,,63,33283,100,0,,,100,22,,,,,,,,,,,,,,,,,,,,,,,,,,,,,,,96,4,100,0,100,0,100,0,100,0,72,28,100,0,100,2,94,13743,28,28,,,,,100,0,100,0,200,0,,,,,,,,,,,,,,,,,,,,,,,,,,,100,33081,100,54474724304,100,135485353371,,,,,,,,,,
2019-06-29,Z302T6N7,ST4000DM000,4000787030016,0,115,93873544,,,92,0,100,22,100,0,88,719260874,,,62,33307,100,0,,,100,22,,,,,,,,,,,,,,,,,,,,,,,,,,,,,,,96,4,100,0,100,0,100,0,100,0,73,27,100,0,100,2,94,13743,27,27,,,,,100,0,100,0,200,0,,,,,,,,,,,,,,,,,,,,,,,,,,,100,33105,100,54492138120,100,135807610021,,,,,,,,,,
2019-06-30,Z302T6N7,ST4000DM000,4000787030016,0,119,219103608,,,92,0,100,22,100,0,88,721032315,,,62,33330,100,0,,,100,22,,,,,,,,,,,,,,,,,,,,,,,,,,,,,,,96,4,100,0,100,0,100,0,100,0,72,28,100,0,100,2,94,13743,28,28,,,,,100,0,100,0,200,0,,,,,,,,,,,,,,,,,,,,,,,,,,,100,33128,100,54509056688,100,136091388600,,,,,,,,,,
2019-07-01,Z302T6N7,ST4000DM000,4000787030016,0,117,162309920,,,92,0,100,22,100,0,88,724878048,,,62,33354,100,0,,,100,22,,,,,,,,,,,,,,,,,,,,,,,,,,,,,,,96,4,100,0,100,0,100,0,100,0,73,27,100,0,100,2,94,13743,27,27,,,,,100,0,100,0,200,0,,,,,,,,,,,,,,,,,,,,,,,,,,,100,33152,100,54525778608,100,136426415654,,,,,,,,,,
2019-07-02,Z302T6N7,ST4000DM000,4000787030016,0,108,19988200,,,92,0,100,22,100,0,88,726666017,,,62,33378,100,0,,,100,22,,,,,,,,,,,,,,,,,,,,,,,,,,,,,,,96,4,100,0,100,0,100,0,100,0,72,28,100,0,100,2,94,13743,28,28,,,,,100,0,100,0,200,0,,,,,,,,,,,,,,,,,,,,,,,,,,,100,33176,100,54538868880,100,136723090054,,,,,,,,,,
2019-07-03,Z302T6N7,ST4000DM000,4000787030016,0,119,213048216,,,92,0,100,22,100,0,88,728658136,,,62,33402,100,0,,,100,22,,,,,,,,,,,,,,,,,,,,,,,,,,,,,,,96,4,100,0,100,0,100,0,100,0,73,27,100,0,100,2,94,13743,27,27,,,,,100,0,100,0,200,0,,,,,,,,,,,,,,,,,,,,,,,,,,,100,33200,100,54553918176,100,136848225333,,,,,,,,,,
2019-07-04,Z302T6N7,ST4000DM000,4000787030016,0,117,147870912,,,92,0,100,22,100,0,88,730415615,,,62,33426,100,0,,,100,22,,,,,,,,,,,,,,,,,,,,,,,,,,,,,,,96,4,100,0,100,0,100,0,100,0,73,27,100,0,100,2,94,13743,27,27,,,,,100,0,100,0,200,0,,,,,,,,,,,,,,,,,,,,,,,,,,,100,33224,100,54575587264,100,137106891868,,,,,,,,,,
2019-07-05,Z302T6N7,ST4000DM000,4000787030016,0,116,109570864,,,92,0,100,22,100,0,88,732165770,,,62,33450,100,0,,,100,22,,,,,,,,,,,,,,,,,,,,,,,,,,,,,,,96,4,100,0,100,0,100,0,100,0,72,28,100,0,100,2,94,13743,28,28,,,,,100,0,100,0,200,0,,,,,,,,,,,,,,,,,,,,,,,,,,,100,33248,100,54587827832,100,137355357481,,,,,,,,,,
2019-07-06,Z302T6N7,ST4000DM000,4000787030016,0,118,177131160,,,92,0,100,22,100,0,88,733561122,,,62,33473,100,0,,,100,22,,,,,,,,,,,,,,,,,,,,,,,,,,,,,,,96,4,100,0,100,0,100,0,100,0,72,28,100,0,100,2,94,13743,28,28,,,,,100,0,100,0,200,0,,,,,,,,,,,,,,,,,,,,,,,,,,,100,33271,100,54602315680,100,137554672653,,,,,,,,,,
2019-07-07,Z302T6N7,ST4000DM000,4000787030016,0,112,43926328,,,92,0,100,22,100,0,88,735329423,,,62,33497,100,0,,,100,22,,,,,,,,,,,,,,,,,,,,,,,,,,,,,,,96,4,100,0,100,0,100,0,100,0,73,27,100,0,100,2,94,13743,27,27,,,,,100,0,100,0,200,0,,,,,,,,,,,,,,,,,,,,,,,,,,,100,33295,100,54615264168,100,137788428542,,,,,,,,,,
2019-07-08,Z302T6N7,ST4000DM000,4000787030016,0,119,223522704,,,92,0,100,22,100,0,88,738758267,,,62,33521,100,0,,,100,22,,,,,,,,,,,,,,,,,,,,,,,,,,,,,,,96,4,100,0,100,0,100,0,100,0,72,28,100,0,100,2,94,13743,28,28,,,,,100,0,100,0,200,0,,,,,,,,,,,,,,,,,,,,,,,,,,,100,33319,100,54631019560,100,138016599158,,,,,,,,,,
2019-07-09,Z302T6N7,ST4000DM000,4000787030016,0,110,25316488,,,92,0,100,22,100,0,88,740886004,,,62,33545,100,0,,,100,22,,,,,,,,,,,,,,,,,,,,,,,,,,,,,,,96,4,100,0,100,0,100,0,100,0,73,27,100,0,100,2,94,13743,27,27,,,,,100,0,100,0,200,0,,,,,,,,,,,,,,,,,,,,,,,,,,,100,33343,100,54652789680,100,138195749752,,,,,,,,,,
2019-07-10,Z302T6N7,ST4000DM000,4000787030016,0,118,198705984,,,92,0,100,22,100,0,88,743509385,,,62,33569,100,0,,,100,22,,,,,,,,,,,,,,,,,,,,,,,,,,,,,,,96,4,100,0,100,0,100,0,100,0,72,28,100,0,100,2,94,13743,28,28,,,,,100,0,100,0,200,0,,,,,,,,,,,,,,,,,,,,,,,,,,,100,33367,100,54676909544,100,138357899336,,,,,,,,,,
2019-07-11,Z302T6N7,ST4000DM000,4000787030016,0,115,92490256,,,92,0,100,22,100,0,88,745141029,,,62,33593,100,0,,,100,22,,,,,,,,,,,,,,,,,,,,,,,,,,,,,,,96,4,100,0,100,0,100,0,100,0,72,28,100,0,100,2,94,13743,28,28,,,,,100,0,100,0,200,0,,,,,,,,,,,,,,,,,,,,,,,,,,,100,33390,100,54695559344,100,138568263188,,,,,,,,,,
2019-07-12,Z302T6N7,ST4000DM000,4000787030016,0,119,213883504,,,92,0,100,22,100,0,88,746781436,,,62,33616,100,0,,,100,22,,,,,,,,,,,,,,,,,,,,,,,,,,,,,,,96,4,100,0,100,0,100,0,100,0,73,27,100,0,100,2,94,13743,27,27,,,,,100,0,100,0,200,0,,,,,,,,,,,,,,,,,,,,,,,,,,,100,33414,100,54710580344,100,138729892850,,,,,,,,,,
2019-07-13,Z302T6N7,ST4000DM000,4000787030016,0,120,235018384,,,92,0,100,22,100,0,88,749005489,,,62,33640,100,0,,,100,22,,,,,,,,,,,,,,,,,,,,,,,,,,,,,,,96,4,100,0,100,0,100,0,100,0,73,27,100,0,100,2,94,13743,27,27,,,,,100,0,100,0,200,0,,,,,,,,,,,,,,,,,,,,,,,,,,,100,33438,100,54727770544,100,138859401243,,,,,,,,,,
2019-07-14,Z302T6N7,ST4000DM000,4000787030016,0,119,227574776,,,92,0,100,22,100,0,88,750589000,,,62,33664,100,0,,,100,22,,,,,,,,,,,,,,,,,,,,,,,,,,,,,,,96,4,100,0,100,0,100,0,100,0,73,27,100,0,100,2,94,13743,27,27,,,,,100,0,100,0,200,0,,,,,,,,,,,,,,,,,,,,,,,,,,,100,33462,100,54744015536,100,139052742028,,,,,,,,,,
2019-07-15,Z302T6N7,ST4000DM000,4000787030016,0,119,203228288,,,92,0,100,22,100,0,88,755083956,,,62,33700,100,0,,,100,22,,,,,,,,,,,,,,,,,,,,,,,,,,,,,,,96,4,100,0,100,0,100,0,100,0,73,27,100,0,100,2,94,13743,27,27,,,,,100,0,100,0,200,0,,,,,,,,,,,,,,,,,,,,,,,,,,,100,33498,100,54772082520,100,139418879027,,,,,,,,,,
2019-07-16,Z302T6N7,ST4000DM000,4000787030016,0,120,143944,,,92,0,100,22,100,0,88,756418093,,,62,33724,100,0,,,100,22,,,,,,,,,,,,,,,,,,,,,,,,,,,,,,,96,4,100,0,100,0,100,0,100,0,73,27,100,0,100,2,94,13743,27,27,,,,,100,0,100,0,200,0,,,,,,,,,,,,,,,,,,,,,,,,,,,100,33522,100,54784760008,100,139612820884,,,,,,,,,,
2019-07-17,Z302T6N7,ST4000DM000,4000787030016,0,117,154347416,,,92,0,100,22,100,0,88,758521391,,,62,33748,100,0,,,100,22,,,,,,,,,,,,,,,,,,,,,,,,,,,,,,,96,4,100,0,100,0,100,0,100,0,73,27,100,0,100,2,94,13743,27,27,,,,,100,0,100,0,200,0,,,,,,,,,,,,,,,,,,,,,,,,,,,100,33546,100,54802806104,100,139770453975,,,,,,,,,,
2019-07-18,Z302T6N7,ST4000DM000,4000787030016,0,111,40689984,,,92,0,100,22,100,0,88,759297707,,,62,33760,100,0,,,100,22,,,,,,,,,,,,,,,,,,,,,,,,,,,,,,,96,4,100,0,100,0,100,0,100,0,73,27,100,0,100,2,94,13743,27,27,,,,,100,0,100,0,200,0,,,,,,,,,,,,,,,,,,,,,,,,,,,100,33557,100,54811773208,100,139897461952,,,,,,,,,,
2019-07-19,Z302T6N7,ST4000DM000,4000787030016,0,119,347392,,,92,0,100,22,100,0,88,760862090,,,62,33784,100,0,,,100,22,,,,,,,,,,,,,,,,,,,,,,,,,,,,,,,96,4,100,0,100,0,100,0,100,0,73,27,100,0,100,2,94,13743,27,27,,,,,100,0,100,0,200,0,,,,,,,,,,,,,,,,,,,,,,,,,,,100,33581,100,54828223024,100,140160399913,,,,,,,,,,
2019-07-20,Z302T6N7,ST4000DM000,4000787030016,0,119,218344208,,,92,0,100,22,100,0,88,762344527,,,62,33808,100,0,,,100,22,,,,,,,,,,,,,,,,,,,,,,,,,,,,,,,96,4,100,0,100,0,100,0,100,0,73,27,100,0,100,2,94,13743,27,27,,,,,100,0,100,0,200,0,,,,,,,,,,,,,,,,,,,,,,,,,,,100,33605,100,54848206616,100,140346807052,,,,,,,,,,
2019-07-21,Z302T6N7,ST4000DM000,4000787030016,0,119,229278040,,,92,0,100,22,100,0,88,763698102,,,62,33832,100,0,,,100,22,,,,,,,,,,,,,,,,,,,,,,,,,,,,,,,96,4,100,0,100,0,100,0,100,0,72,28,100,0,100,2,94,13743,28,28,,,,,100,0,100,0,200,0,,,,,,,,,,,,,,,,,,,,,,,,,,,100,33629,100,54868106968,100,140541357709,,,,,,,,,,
2019-07-22,Z302T6N7,ST4000DM000,4000787030016,0,120,241505184,,,92,0,100,22,100,0,88,767998291,,,62,33856,100,0,,,100,22,,,,,,,,,,,,,,,,,,,,,,,,,,,,,,,96,4,100,0,100,0,100,0,100,0,72,28,100,0,100,2,94,13743,28,28,,,,,100,0,100,0,200,0,,,,,,,,,,,,,,,,,,,,,,,,,,,100,33653,100,54894595952,100,140816578264,,,,,,,,,,
2019-07-23,Z302T6N7,ST4000DM000,4000787030016,0,120,243520240,,,92,0,100,22,100,0,88,769826952,,,62,33879,100,0,,,100,22,,,,,,,,,,,,,,,,,,,,,,,,,,,,,,,96,4,100,0,100,0,100,0,100,0,73,27,100,0,100,2,94,13743,27,27,,,,,100,0,100,0,200,0,,,,,,,,,,,,,,,,,,,,,,,,,,,100,33677,100,54915186560,100,141080490265,,,,,,,,,,
2019-07-24,Z302T6N7,ST4000DM000,4000787030016,0,108,18936168,,,92,0,100,22,100,0,88,772885430,,,62,33915,100,0,,,100,22,,,,,,,,,,,,,,,,,,,,,,,,,,,,,,,96,4,100,0,100,0,100,0,100,0,73,27,100,0,100,2,94,13743,27,27,,,,,100,0,100,0,200,0,,,,,,,,,,,,,,,,,,,,,,,,,,,100,33713,100,54941459576,100,141348462957,,,,,,,,,,
2019-07-25,Z302T6N7,ST4000DM000,4000787030016,0,116,116034496,,,92,0,100,22,100,0,88,774893791,,,62,33939,100,0,,,100,22,,,,,,,,,,,,,,,,,,,,,,,,,,,,,,,96,4,100,0,100,0,100,0,100,0,73,27,100,0,100,2,94,13743,27,27,,,,,100,0,100,0,200,0,,,,,,,,,,,,,,,,,,,,,,,,,,,100,33737,100,54967057976,100,141643181282,,,,,,,,,,
2019-07-26,Z302T6N7,ST4000DM000,4000787030016,0,118,179997928,,,92,0,100,22,100,0,88,776535587,,,62,33963,100,0,,,100,22,,,,,,,,,,,,,,,,,,,,,,,,,,,,,,,96,4,100,0,100,0,100,0,100,0,73,27,100,0,100,2,94,13743,27,27,,,,,100,0,100,0,200,0,,,,,,,,,,,,,,,,,,,,,,,,,,,100,33761,100,54979452384,100,141907308014,,,,,,,,,,
2019-07-27,Z302T6N7,ST4000DM000,4000787030016,0,116,109552416,,,92,0,100,22,100,0,88,778354770,,,62,33987,100,0,,,100,22,,,,,,,,,,,,,,,,,,,,,,,,,,,,,,,96,4,100,0,100,0,100,0,100,0,73,27,100,0,100,2,94,13743,27,27,,,,,100,0,100,0,200,0,,,,,,,,,,,,,,,,,,,,,,,,,,,100,33785,100,54995495152,100,142216089233,,,,,,,,,,
2019-07-28,Z302T6N7,ST4000DM000,4000787030016,0,115,89206128,,,92,0,100,22,100,0,88,781085460,,,62,34011,100,0,,,100,22,,,,,,,,,,,,,,,,,,,,,,,,,,,,,,,96,4,100,0,100,0,100,0,100,0,72,28,100,0,100,2,94,13743,28,28,,,,,100,0,100,0,200,0,,,,,,,,,,,,,,,,,,,,,,,,,,,100,33809,100,55015984472,100,142535165945,,,,,,,,,,
2019-07-29,Z302T6N7,ST4000DM000,4000787030016,0,119,220674776,,,92,0,100,22,100,0,88,782773803,,,62,34035,100,0,,,100,22,,,,,,,,,,,,,,,,,,,,,,,,,,,,,,,96,4,100,0,100,0,100,0,100,0,73,27,100,0,100,2,94,13743,27,27,,,,,100,0,100,0,200,0,,,,,,,,,,,,,,,,,,,,,,,,,,,100,33833,100,55031174936,100,142864537007,,,,,,,,,,
2019-07-30,Z302T6N7,ST4000DM000,4000787030016,0,111,34276448,,,92,0,100,22,100,0,88,783316427,,,62,34047,100,0,,,100,22,,,,,,,,,,,,,,,,,,,,,,,,,,,,,,,96,4,100,0,100,0,100,0,100,0,73,27,100,0,100,2,94,13743,27,27,,,,,100,0,100,0,200,0,,,,,,,,,,,,,,,,,,,,,,,,,,,100,33845,100,55040120696,100,143018152114,,,,,,,,,,
2019-07-31,Z302T6N7,ST4000DM000,4000787030016,0,118,186850992,,,92,0,100,23,100,0,88,785823208,,,62,34083,100,0,,,100,23,,,,,,,,,,,,,,,,,,,,,,,,,,,,,,,96,4,100,0,100,0,100,0,100,0,71,29,100,0,100,2,94,13744,29,29,,,,,100,0,100,0,200,0,,,,,,,,,,,,,,,,,,,,,,,,,,,100,33881,100,55069722144,100,143386756324,,,,,,,,,,
2019-08-01,Z302T6N7,ST4000DM000,4000787030016,0,118,176635416,,,92,0,100,23,100,0,88,787272871,,,62,34107,100,0,,,100,23,,,,,,,,,,,,,,,,,,,,,,,,,,,,,,,96,4,100,0,100,0,100,0,100,0,71,29,100,0,100,2,94,13744,29,29,,,,,100,0,100,0,200,0,,,,,,,,,,,,,,,,,,,,,,,,,,,100,33905,100,55087683528,100,143704087168,,,,,,,,,,
2019-08-02,Z302T6N7,ST4000DM000,4000787030016,0,112,45561568,,,92,0,100,23,100,0,88,788919361,,,62,34131,100,0,,,100,23,,,,,,,,,,,,,,,,,,,,,,,,,,,,,,,96,4,100,0,100,0,100,0,100,0,73,27,100,0,100,2,94,13744,27,27,,,,,100,0,100,0,200,0,,,,,,,,,,,,,,,,,,,,,,,,,,,100,33929,100,55104035112,100,143994281068,,,,,,,,,,
2019-08-03,Z302T6N7,ST4000DM000,4000787030016,0,116,105405424,,,92,0,100,23,100,0,88,791571415,,,62,34155,100,0,,,100,23,,,,,,,,,,,,,,,,,,,,,,,,,,,,,,,96,4,100,0,100,0,100,0,100,0,72,28,100,0,100,2,94,13744,28,28,,,,,100,0,100,0,200,0,,,,,,,,,,,,,,,,,,,,,,,,,,,100,33953,100,55120174224,100,144303080904,,,,,,,,,,
2019-08-04,Z302T6N7,ST4000DM000,4000787030016,0,118,191521832,,,92,0,100,23,100,0,88,794222257,,,61,34179,100,0,,,100,23,,,,,,,,,,,,,,,,,,,,,,,,,,,,,,,96,4,100,0,100,0,100,0,100,0,73,27,100,0,100,2,94,13744,27,27,,,,,100,0,100,0,200,0,,,,,,,,,,,,,,,,,,,,,,,,,,,100,33976,100,55148443944,100,144616494265,,,,,,,,,,
2019-08-05,Z302T6N7,ST4000DM000,4000787030016,0,108,19298056,,,92,0,100,23,100,0,88,796558796,,,61,34203,100,0,,,100,23,,,,,,,,,,,,,,,,,,,,,,,,,,,,,,,96,4,100,0,100,0,100,0,100,0,72,28,100,0,100,2,94,13744,28,28,,,,,100,0,100,0,200,0,,,,,,,,,,,,,,,,,,,,,,,,,,,100,34000,100,55167172216,100,144887715907,,,,,,,,,,
2019-08-06,Z302T6N7,ST4000DM000,4000787030016,0,113,55669960,,,92,0,100,23,100,0,88,798357564,,,61,34227,100,0,,,100,23,,,,,,,,,,,,,,,,,,,,,,,,,,,,,,,96,4,100,0,100,0,100,0,100,0,72,28,100,0,100,2,94,13744,28,28,,,,,100,0,100,0,200,0,,,,,,,,,,,,,,,,,,,,,,,,,,,100,34024,100,55184559648,100,145142524026,,,,,,,,,,
2019-08-07,Z302T6N7,ST4000DM000,4000787030016,0,116,112434904,,,92,0,100,23,100,0,88,799147324,,,61,34238,100,0,,,100,23,,,,,,,,,,,,,,,,,,,,,,,,,,,,,,,96,4,100,0,100,0,100,0,100,0,73,27,100,0,100,2,94,13744,27,27,,,,,100,0,100,0,200,0,,,,,,,,,,,,,,,,,,,,,,,,,,,100,34036,100,55193064280,100,145165639768,,,,,,,,,,
2019-08-08,Z302T6N7,ST4000DM000,4000787030016,0,119,203683944,,,92,0,100,23,100,0,88,801058202,,,61,34262,100,0,,,100,23,,,,,,,,,,,,,,,,,,,,,,,,,,,,,,,96,4,100,0,100,0,100,0,100,0,73,27,100,0,100,2,94,13744,27,27,,,,,100,0,100,0,200,0,,,,,,,,,,,,,,,,,,,,,,,,,,,100,34060,100,55211921312,100,145358955353,,,,,,,,,,
2019-08-09,Z302T6N7,ST4000DM000,4000787030016,0,112,49923352,,,92,0,100,23,100,0,88,803865907,,,61,34298,100,0,,,100,23,,,,,,,,,,,,,,,,,,,,,,,,,,,,,,,96,4,100,0,100,0,100,0,100,0,72,28,100,0,100,2,94,13744,28,28,,,,,100,0,100,0,200,0,,,,,,,,,,,,,,,,,,,,,,,,,,,100,34095,100,55240250704,100,145666060114,,,,,,,,,,
2019-08-10,Z302T6N7,ST4000DM000,4000787030016,0,118,169164944,,,92,0,100,23,100,0,89,806720701,,,61,34321,100,0,,,100,23,,,,,,,,,,,,,,,,,,,,,,,,,,,,,,,96,4,100,0,100,0,100,0,100,0,72,28,100,0,100,2,94,13744,28,28,,,,,100,0,100,0,200,0,,,,,,,,,,,,,,,,,,,,,,,,,,,100,34119,100,55270389144,100,145898569484,,,,,,,,,,
2019-08-11,Z302T6N7,ST4000DM000,4000787030016,0,120,237103280,,,92,0,100,23,100,0,89,808746799,,,61,34345,100,0,,,100,23,,,,,,,,,,,,,,,,,,,,,,,,,,,,,,,96,4,100,0,100,0,100,0,100,0,72,28,100,0,100,2,94,13744,28,28,,,,,100,0,100,0,200,0,,,,,,,,,,,,,,,,,,,,,,,,,,,100,34143,100,55288124312,100,146121427078,,,,,,,,,,
2019-08-12,Z302T6N7,ST4000DM000,4000787030016,0,111,29417440,,,92,0,100,23,100,0,89,811551897,,,61,34369,100,0,,,100,23,,,,,,,,,,,,,,,,,,,,,,,,,,,,,,,96,4,100,0,100,0,100,0,100,0,71,29,100,0,100,2,94,13744,29,29,,,,,100,0,100,0,200,0,,,,,,,,,,,,,,,,,,,,,,,,,,,100,34167,100,55309829968,100,146349497133,,,,,,,,,,
2019-08-13,Z302T6N7,ST4000DM000,4000787030016,0,117,136921720,,,92,0,100,23,100,0,89,813027126,,,61,34393,100,0,,,100,23,,,,,,,,,,,,,,,,,,,,,,,,,,,,,,,96,4,100,0,100,0,100,0,100,0,72,28,100,0,100,2,94,13744,28,28,,,,,100,0,100,0,200,0,,,,,,,,,,,,,,,,,,,,,,,,,,,100,34190,100,55321672376,100,146534625062,,,,,,,,,,
2019-08-14,Z302T6N7,ST4000DM000,4000787030016,0,112,49449328,,,92,0,100,23,100,0,89,814797838,,,61,34416,100,0,,,100,23,,,,,,,,,,,,,,,,,,,,,,,,,,,,,,,96,4,100,0,100,0,100,0,100,0,72,28,100,0,100,2,94,13744,28,28,,,,,100,0,100,0,200,0,,,,,,,,,,,,,,,,,,,,,,,,,,,100,34214,100,55342573864,100,146599055226,,,,,,,,,,
2019-08-15,Z302T6N7,ST4000DM000,4000787030016,0,114,81064008,,,92,0,100,23,100,0,89,815453538,,,61,34428,100,0,,,100,23,,,,,,,,,,,,,,,,,,,,,,,,,,,,,,,96,4,100,0,100,0,100,0,100,0,72,28,100,0,100,2,94,13744,28,28,,,,,100,0,100,0,200,0,,,,,,,,,,,,,,,,,,,,,,,,,,,100,34226,100,55349232824,100,146687775839,,,,,,,,,,
2019-08-16,Z302T6N7,ST4000DM000,4000787030016,0,117,159712704,,,92,0,100,23,100,0,89,816896973,,,61,34452,100,0,,,100,23,,,,,,,,,,,,,,,,,,,,,,,,,,,,,,,96,4,100,0,100,0,100,0,100,0,71,29,100,0,100,2,94,13744,29,29,,,,,100,0,100,0,200,0,,,,,,,,,,,,,,,,,,,,,,,,,,,100,34250,100,55369766616,100,146856564524,,,,,,,,,,
2019-08-17,Z302T6N7,ST4000DM000,4000787030016,0,120,239560128,,,92,0,100,23,100,0,89,818364306,,,61,34476,100,0,,,100,23,,,,,,,,,,,,,,,,,,,,,,,,,,,,,,,96,4,100,0,100,0,100,0,100,0,72,28,100,0,100,2,94,13744,28,28,,,,,100,0,100,0,200,0,,,,,,,,,,,,,,,,,,,,,,,,,,,100,34274,100,55387447848,100,147016995753,,,,,,,,,,
2019-08-18,Z302T6N7,ST4000DM000,4000787030016,0,117,162547960,,,92,0,100,23,100,0,89,820672698,,,61,34500,100,0,,,100,23,,,,,,,,,,,,,,,,,,,,,,,,,,,,,,,96,4,100,0,100,0,100,0,100,0,71,29,100,0,100,2,94,13744,29,29,,,,,100,0,100,0,200,0,,,,,,,,,,,,,,,,,,,,,,,,,,,100,34298,100,55406676168,100,147255621647,,,,,,,,,,
2019-08-19,Z302T6N7,ST4000DM000,4000787030016,0,118,198385456,,,92,0,100,23,100,0,89,823427522,,,61,34524,100,0,,,100,23,,,,,,,,,,,,,,,,,,,,,,,,,,,,,,,96,4,100,0,100,0,100,0,100,0,73,27,100,0,100,2,94,13744,27,27,,,,,100,0,100,0,200,0,,,,,,,,,,,,,,,,,,,,,,,,,,,100,34322,100,55433771928,100,147455796275,,,,,,,,,,
2019-08-20,Z302T6N7,ST4000DM000,4000787030016,0,114,63150904,,,92,0,100,23,100,0,89,825444160,,,61,34560,100,0,,,100,23,,,,,,,,,,,,,,,,,,,,,,,,,,,,,,,96,4,100,0,100,0,100,0,100,0,73,27,100,0,100,2,94,13744,27,27,,,,,100,0,100,0,200,0,,,,,,,,,,,,,,,,,,,,,,,,,,,100,34358,100,55457925784,100,147790295207,,,,,,,,,,
2019-08-21,Z302T6N7,ST4000DM000,4000787030016,0,119,229836424,,,92,0,100,23,100,0,89,827587328,,,61,34584,100,0,,,100,23,,,,,,,,,,,,,,,,,,,,,,,,,,,,,,,96,4,100,0,100,0,100,0,100,0,73,27,100,0,100,2,94,13744,27,27,,,,,100,0,100,0,200,0,,,,,,,,,,,,,,,,,,,,,,,,,,,100,34381,100,55482779760,100,147918106719,,,,,,,,,,
2019-08-22,Z302T6N7,ST4000DM000,4000787030016,0,117,138891064,,,92,0,100,23,100,0,89,829399379,,,61,34607,100,0,,,100,23,,,,,,,,,,,,,,,,,,,,,,,,,,,,,,,96,4,100,0,100,0,100,0,100,0,72,28,100,0,100,2,94,13744,28,28,,,,,100,0,100,0,200,0,,,,,,,,,,,,,,,,,,,,,,,,,,,100,34405,100,55504021056,100,148233880151,,,,,,,,,,
2019-08-23,Z302T6N7,ST4000DM000,4000787030016,0,114,83230136,,,92,0,100,23,100,0,89,830825674,,,61,34631,100,0,,,100,23,,,,,,,,,,,,,,,,,,,,,,,,,,,,,,,96,4,100,0,100,0,100,0,100,0,71,29,100,0,100,2,94,13744,29,29,,,,,100,0,100,0,200,0,,,,,,,,,,,,,,,,,,,,,,,,,,,100,34429,100,55526403544,100,148409428381,,,,,,,,,,
2019-08-24,Z302T6N7,ST4000DM000,4000787030016,0,118,185188872,,,92,0,100,23,100,0,89,832122443,,,61,34655,100,0,,,100,23,,,,,,,,,,,,,,,,,,,,,,,,,,,,,,,96,4,100,0,100,0,100,0,100,0,72,28,100,0,100,2,94,13744,28,28,,,,,100,0,100,0,200,0,,,,,,,,,,,,,,,,,,,,,,,,,,,100,34453,100,55544379336,100,148599197669,,,,,,,,,,
2019-08-25,Z302T6N7,ST4000DM000,4000787030016,0,114,72188320,,,92,0,100,23,100,0,89,835755390,,,61,34679,100,0,,,100,23,,,,,,,,,,,,,,,,,,,,,,,,,,,,,,,96,4,100,0,100,0,100,0,100,0,72,28,100,0,100,2,94,13744,28,28,,,,,100,0,100,0,200,0,,,,,,,,,,,,,,,,,,,,,,,,,,,100,34477,100,55571249448,100,148849656134,,,,,,,,,,
2019-08-26,Z302T6N7,ST4000DM000,4000787030016,0,115,88742192,,,92,0,100,23,100,0,89,840030071,,,61,34727,100,0,,,100,23,,,,,,,,,,,,,,,,,,,,,,,,,,,,,,,96,4,100,0,100,0,100,0,100,0,72,28,100,0,100,2,94,13744,28,28,,,,,100,0,100,0,200,0,,,,,,,,,,,,,,,,,,,,,,,,,,,100,34525,100,55605652392,100,149316971422,,,,,,,,,,
2019-08-27,Z302T6N7,ST4000DM000,4000787030016,0,115,88742192,,,92,0,100,23,100,0,89,840030071,,,61,34727,100,0,,,100,23,,,,,,,,,,,,,,,,,,,,,,,,,,,,,,,96,4,100,0,100,0,100,0,100,0,72,28,100,0,100,2,94,13744,28,28,,,,,100,0,100,0,200,0,,,,,,,,,,,,,,,,,,,,,,,,,,,100,34525,100,55605652392,100,149316971422,,,,,,,,,,
2019-08-28,Z302T6N7,ST4000DM000,4000787030016,0,114,68560072,,,92,0,100,23,100,0,89,842496032,,,61,34751,100,0,,,100,23,,,,,,,,,,,,,,,,,,,,,,,,,,,,,,,96,4,100,0,100,0,100,0,100,0,71,29,100,0,100,2,94,13744,29,29,,,,,100,0,100,0,200,0,,,,,,,,,,,,,,,,,,,,,,,,,,,100,34548,100,55630654800,100,149483314354,,,,,,,,,,
2019-08-29,Z302T6N7,ST4000DM000,4000787030016,0,118,168265840,,,92,0,100,23,100,0,89,844204619,,,61,34774,100,0,,,100,23,,,,,,,,,,,,,,,,,,,,,,,,,,,,,,,96,4,100,0,100,0,100,0,100,0,71,29,100,0,100,2,94,13744,29,29,,,,,100,0,100,0,200,0,,,,,,,,,,,,,,,,,,,,,,,,,,,100,34572,100,55647204272,100,149759557487,,,,,,,,,,
2019-08-30,Z302T6N7,ST4000DM000,4000787030016,0,117,161400696,,,92,0,100,23,100,0,89,845950809,,,61,34798,100,0,,,100,23,,,,,,,,,,,,,,,,,,,,,,,,,,,,,,,96,4,100,0,100,0,100,0,100,0,72,28,100,0,100,2,94,13744,28,28,,,,,100,0,100,0,200,0,,,,,,,,,,,,,,,,,,,,,,,,,,,100,34596,100,55667539168,100,150027204280,,,,,,,,,,
2019-08-31,Z302T6N7,ST4000DM000,4000787030016,0,120,235527024,,,92,0,100,23,100,0,89,847968092,,,61,34822,100,0,,,100,23,,,,,,,,,,,,,,,,,,,,,,,,,,,,,,,96,4,100,0,100,0,100,0,100,0,72,28,100,0,100,2,94,13744,28,28,,,,,100,0,100,0,200,0,,,,,,,,,,,,,,,,,,,,,,,,,,,100,34620,100,55687714560,100,150372858685,,,,,,,,,,
2019-09-01,Z302T6N7,ST4000DM000,4000787030016,0,115,93363480,,,92,0,100,23,100,0,89,850028296,,,61,34846,100,0,,,100,23,,,,,,,,,,,,,,,,,,,,,,,,,,,,,,,96,4,100,0,100,0,100,0,100,0,72,28,100,0,100,2,94,13744,28,28,,,,,100,0,100,0,200,0,,,,,,,,,,,,,,,,,,,,,,,,,,,100,34643,100,55705851352,100,150662410237,,,,,,,,,,
2019-09-02,Z302T6N7,ST4000DM000,4000787030016,0,116,110301024,,,92,0,100,23,100,0,89,852015581,,,61,34870,100,0,,,100,23,,,,,,,,,,,,,,,,,,,,,,,,,,,,,,,96,4,100,0,100,0,100,0,100,0,72,28,100,0,100,2,94,13744,28,28,,,,,100,0,100,0,200,0,,,,,,,,,,,,,,,,,,,,,,,,,,,100,34667,100,55734730368,100,151010617859,,,,,,,,,,
2019-09-03,Z302T6N7,ST4000DM000,4000787030016,0,117,151310408,,,92,0,100,23,100,0,89,853134296,,,61,34893,100,0,,,100,23,,,,,,,,,,,,,,,,,,,,,,,,,,,,,,,96,4,100,0,100,0,100,0,100,0,72,28,100,0,100,2,94,13744,28,28,,,,,100,0,100,0,200,0,,,,,,,,,,,,,,,,,,,,,,,,,,,100,34691,100,55752588856,100,151359882002,,,,,,,,,,
2019-09-04,Z302T6N7,ST4000DM000,4000787030016,0,118,187731336,,,92,0,100,23,100,0,89,855535016,,,61,34917,100,0,,,100,23,,,,,,,,,,,,,,,,,,,,,,,,,,,,,,,96,4,100,0,100,0,100,0,100,0,72,28,100,0,100,2,94,13744,28,28,,,,,100,0,100,0,200,0,,,,,,,,,,,,,,,,,,,,,,,,,,,100,34715,100,55776099392,100,151552094223,,,,,,,,,,
2019-09-05,Z302T6N7,ST4000DM000,4000787030016,0,119,227973008,,,92,0,100,23,100,0,89,857270400,,,61,34941,100,0,,,100,23,,,,,,,,,,,,,,,,,,,,,,,,,,,,,,,96,4,100,0,100,0,100,0,100,0,71,29,100,0,100,2,94,13744,29,29,,,,,100,0,100,0,200,0,,,,,,,,,,,,,,,,,,,,,,,,,,,100,34739,100,55795206008,100,151837335895,,,,,,,,,,
2019-09-06,Z302T6N7,ST4000DM000,4000787030016,0,117,121044488,,,92,0,100,23,100,0,89,860172841,,,61,34965,100,0,,,100,23,,,,,,,,,,,,,,,,,,,,,,,,,,,,,,,96,4,100,0,100,0,100,0,100,0,72,28,100,0,100,2,94,13744,28,28,,,,,100,0,100,0,200,0,,,,,,,,,,,,,,,,,,,,,,,,,,,100,34762,100,55814805640,100,152113671389,,,,,,,,,,
2019-09-07,Z302T6N7,ST4000DM000,4000787030016,0,120,237661864,,,92,0,100,23,100,0,89,862872393,,,61,34989,100,0,,,100,23,,,,,,,,,,,,,,,,,,,,,,,,,,,,,,,96,4,100,0,100,0,100,0,100,0,72,28,100,0,100,2,94,13744,28,28,,,,,100,0,100,0,200,0,,,,,,,,,,,,,,,,,,,,,,,,,,,100,34786,100,55834674760,100,152443472991,,,,,,,,,,
2019-09-08,Z302T6N7,ST4000DM000,4000787030016,0,117,150836352,,,92,0,100,23,100,0,89,865102218,,,61,35012,100,0,,,100,23,,,,,,,,,,,,,,,,,,,,,,,,,,,,,,,96,4,100,0,100,0,100,0,100,0,73,27,100,0,100,2,94,13744,27,27,,,,,100,0,100,0,200,0,,,,,,,,,,,,,,,,,,,,,,,,,,,100,34810,100,55864031016,100,152732739688,,,,,,,,,,
2019-09-09,Z302T6N7,ST4000DM000,4000787030016,0,120,239863576,,,92,0,100,23,100,0,89,867924734,,,61,35036,100,0,,,100,23,,,,,,,,,,,,,,,,,,,,,,,,,,,,,,,96,4,100,0,100,0,100,0,100,0,72,28,100,0,100,2,94,13744,28,28,,,,,100,0,100,0,200,0,,,,,,,,,,,,,,,,,,,,,,,,,,,100,34834,100,55899794992,100,153009220191,,,,,,,,,,
2019-09-10,Z302T6N7,ST4000DM000,4000787030016,0,117,163550584,,,92,0,100,23,100,0,89,869788555,,,60,35060,100,0,,,100,23,,,,,,,,,,,,,,,,,,,,,,,,,,,,,,,96,4,100,0,100,0,100,0,100,0,71,29,100,0,100,2,94,13744,29,29,,,,,100,0,100,0,200,0,,,,,,,,,,,,,,,,,,,,,,,,,,,100,34857,100,55928171760,100,153266982137,,,,,,,,,,
2019-09-11,Z302T6N7,ST4000DM000,4000787030016,0,107,13434456,,,92,0,100,23,100,0,89,871333825,,,60,35084,100,0,,,100,23,,,,,,,,,,,,,,,,,,,,,,,,,,,,,,,96,4,100,0,100,0,100,0,100,0,71,29,100,0,100,2,94,13744,29,29,,,,,100,0,100,0,200,0,,,,,,,,,,,,,,,,,,,,,,,,,,,100,34881,100,55950799248,100,153325636419,,,,,,,,,,
2019-09-12,Z302T6N7,ST4000DM000,4000787030016,0,118,201067816,,,92,0,100,23,100,0,89,873016386,,,60,35107,100,0,,,100,23,,,,,,,,,,,,,,,,,,,,,,,,,,,,,,,96,4,100,0,100,0,100,0,100,0,71,29,100,0,100,2,94,13744,29,29,,,,,100,0,100,0,200,0,,,,,,,,,,,,,,,,,,,,,,,,,,,100,34905,100,55971164904,100,153511035459,,,,,,,,,,
2019-09-13,Z302T6N7,ST4000DM000,4000787030016,0,115,100091728,,,92,0,100,23,100,0,89,875127313,,,60,35131,100,0,,,100,23,,,,,,,,,,,,,,,,,,,,,,,,,,,,,,,96,4,100,0,100,0,100,0,100,0,70,30,100,0,100,2,94,13744,30,30,,,,,100,0,100,0,200,0,,,,,,,,,,,,,,,,,,,,,,,,,,,100,34929,100,55994421392,100,153825711494,,,,,,,,,,
2019-09-14,Z302T6N7,ST4000DM000,4000787030016,0,117,143099248,,,92,0,100,23,100,0,89,876963749,,,60,35155,100,0,,,100,23,,,,,,,,,,,,,,,,,,,,,,,,,,,,,,,96,4,100,0,100,0,100,0,100,0,71,29,100,0,100,2,94,13744,29,29,,,,,100,0,100,0,200,0,,,,,,,,,,,,,,,,,,,,,,,,,,,100,34952,100,56027372280,100,154055627281,,,,,,,,,,
2019-09-15,Z302T6N7,ST4000DM000,4000787030016,0,113,55787368,,,92,0,100,23,100,0,89,878448077,,,60,35178,100,0,,,100,23,,,,,,,,,,,,,,,,,,,,,,,,,,,,,,,96,4,100,0,100,0,100,0,100,0,73,27,100,0,100,2,94,13744,27,27,,,,,100,0,100,0,200,0,,,,,,,,,,,,,,,,,,,,,,,,,,,100,34976,100,56047886352,100,154222859206,,,,,,,,,,
2019-09-16,Z302T6N7,ST4000DM000,4000787030016,0,117,154130408,,,92,0,100,23,100,0,89,881637911,,,60,35202,100,0,,,100,23,,,,,,,,,,,,,,,,,,,,,,,,,,,,,,,96,4,100,0,100,0,100,0,100,0,73,27,100,0,100,2,94,13744,27,27,,,,,100,0,100,0,200,0,,,,,,,,,,,,,,,,,,,,,,,,,,,100,35000,100,56067441272,100,154450312556,,,,,,,,,,
2019-09-17,Z302T6N7,ST4000DM000,4000787030016,0,117,125919448,,,92,0,100,23,100,0,89,883625425,,,60,35226,100,0,,,100,23,,,,,,,,,,,,,,,,,,,,,,,,,,,,,,,96,4,100,0,100,0,100,0,100,0,73,27,100,0,100,2,94,13744,27,27,,,,,100,0,100,0,200,0,,,,,,,,,,,,,,,,,,,,,,,,,,,100,35024,100,56084508264,100,154597574630,,,,,,,,,,
2019-09-18,Z302T6N7,ST4000DM000,4000787030016,0,117,166253472,,,92,0,100,23,100,0,89,885282846,,,60,35250,100,0,,,100,23,,,,,,,,,,,,,,,,,,,,,,,,,,,,,,,96,4,100,0,100,0,100,0,100,0,74,26,100,0,100,2,94,13744,26,26,,,,,100,0,100,0,200,0,,,,,,,,,,,,,,,,,,,,,,,,,,,100,35048,100,56111132328,100,154683309700,,,,,,,,,,
2019-09-19,Z302T6N7,ST4000DM000,4000787030016,0,117,126389736,,,92,0,100,23,100,0,89,887099481,,,60,35274,100,0,,,100,23,,,,,,,,,,,,,,,,,,,,,,,,,,,,,,,96,4,100,0,100,0,100,0,100,0,74,26,100,0,100,2,94,13744,26,26,,,,,100,0,100,0,200,0,,,,,,,,,,,,,,,,,,,,,,,,,,,100,35071,100,56130081808,100,154860905869,,,,,,,,,,
2019-09-20,Z302T6N7,ST4000DM000,4000787030016,0,117,146955096,,,92,0,100,23,100,0,89,888436541,,,60,35297,100,0,,,100,23,,,,,,,,,,,,,,,,,,,,,,,,,,,,,,,96,4,100,0,100,0,100,0,100,0,74,26,100,0,100,2,94,13744,26,26,,,,,100,0,100,0,200,0,,,,,,,,,,,,,,,,,,,,,,,,,,,100,35095,100,56157190672,100,154988341539,,,,,,,,,,
2019-09-21,Z302T6N7,ST4000DM000,4000787030016,0,120,241085024,,,92,0,100,23,100,0,89,889843302,,,60,35321,100,0,,,100,23,,,,,,,,,,,,,,,,,,,,,,,,,,,,,,,96,4,100,0,100,0,100,0,100,0,68,32,100,0,100,2,94,13744,32,32,,,,,100,0,100,0,200,0,,,,,,,,,,,,,,,,,,,,,,,,,,,100,35119,100,56170885672,100,155077468214,,,,,,,,,,
2019-09-22,Z302T6N7,ST4000DM000,4000787030016,0,109,21519144,,,92,0,100,23,100,0,89,891652222,,,60,35345,100,0,,,100,23,,,,,,,,,,,,,,,,,,,,,,,,,,,,,,,96,4,100,0,100,0,100,0,100,0,68,32,100,0,100,2,94,13744,32,32,,,,,100,0,100,0,200,0,,,,,,,,,,,,,,,,,,,,,,,,,,,100,35143,100,56197049352,100,155211381453,,,,,,,,,,
2019-09-23,Z302T6N7,ST4000DM000,4000787030016,0,117,164908296,,,92,0,100,23,100,0,89,895922461,,,60,35381,100,0,,,100,23,,,,,,,,,,,,,,,,,,,,,,,,,,,,,,,96,4,100,0,100,0,100,0,100,0,67,33,100,0,100,2,94,13744,33,33,,,,,100,0,100,0,200,0,,,,,,,,,,,,,,,,,,,,,,,,,,,100,35178,100,56238532280,100,155525306849,,,,,,,,,,
2019-09-24,Z302T6N7,ST4000DM000,4000787030016,0,114,81440304,,,92,0,100,23,100,0,89,897001801,,,60,35404,100,0,,,100,23,,,,,,,,,,,,,,,,,,,,,,,,,,,,,,,96,4,100,0,100,0,100,0,100,0,69,31,100,0,100,2,94,13744,31,31,,,,,100,0,100,0,200,0,,,,,,,,,,,,,,,,,,,,,,,,,,,100,35202,100,56255863248,100,155685289015,,,,,,,,,,
2019-09-25,Z302T6N7,ST4000DM000,4000787030016,0,115,96369928,,,92,0,100,23,100,0,89,897793012,,,60,35416,100,0,,,100,23,,,,,,,,,,,,,,,,,,,,,,,,,,,,,,,96,4,100,0,100,0,100,0,100,0,67,33,100,0,100,2,94,13744,33,33,,,,,100,0,100,0,200,0,,,,,,,,,,,,,,,,,,,,,,,,,,,100,35214,100,56266280760,100,155703399328,,,,,,,,,,
2019-09-26,Z302T6N7,ST4000DM000,4000787030016,0,113,51552560,,,92,0,100,23,100,0,89,899404717,,,60,35440,100,0,,,100,23,,,,,,,,,,,,,,,,,,,,,,,,,,,,,,,96,4,100,0,100,0,100,0,100,0,67,33,100,0,100,2,94,13744,33,33,,,,,100,0,100,0,200,0,,,,,,,,,,,,,,,,,,,,,,,,,,,100,35238,100,56288163912,100,155859099427,,,,,,,,,,
2019-09-27,Z302T6N7,ST4000DM000,4000787030016,0,114,73389368,,,92,0,100,23,100,0,89,900809882,,,60,35464,100,0,,,100,23,,,,,,,,,,,,,,,,,,,,,,,,,,,,,,,96,4,100,0,100,0,100,0,100,0,67,33,100,0,100,2,94,13744,33,33,,,,,100,0,100,0,200,0,,,,,,,,,,,,,,,,,,,,,,,,,,,100,35262,100,56305264912,100,156093156757,,,,,,,,,,
2019-09-28,Z302T6N7,ST4000DM000,4000787030016,0,117,128530024,,,92,0,100,23,100,0,89,902458209,,,60,35488,100,0,,,100,23,,,,,,,,,,,,,,,,,,,,,,,,,,,,,,,96,4,100,0,100,0,100,0,100,0,67,33,100,0,100,2,94,13744,33,33,,,,,100,0,100,0,200,0,,,,,,,,,,,,,,,,,,,,,,,,,,,100,35285,100,56327141424,100,156356988974,,,,,,,,,,
2019-09-29,Z302T6N7,ST4000DM000,4000787030016,0,118,179780920,,,92,0,100,23,100,0,89,904032887,,,60,35512,100,0,,,100,23,,,,,,,,,,,,,,,,,,,,,,,,,,,,,,,96,4,100,0,100,0,100,0,100,0,68,32,100,0,100,2,94,13744,32,32,,,,,100,0,100,0,200,0,,,,,,,,,,,,,,,,,,,,,,,,,,,100,35309,100,56349703528,100,156561683864,,,,,,,,,,
2019-09-30,Z302T6N7,ST4000DM000,4000787030016,0,118,191835080,,,92,0,100,23,100,0,89,906475871,,,60,35535,100,0,,,100,23,,,,,,,,,,,,,,,,,,,,,,,,,,,,,,,96,4,100,0,100,0,100,0,100,0,68,32,100,0,100,2,94,13744,32,32,,,,,100,0,100,0,200,0,,,,,,,,,,,,,,,,,,,,,,,,,,,100,35333,100,56374811664,100,156735126048,,,,,,,,,,
2019-10-01,Z302T6N7,ST4000DM000,4000787030016,0,117,163244760,,,92,0,100,23,100,0,89,909255698,,,60,35559,100,0,,,100,23,,,,,,,,,,,,,,,,,,,,,,,,,,,,,,,,,96,4,100,0,100,0,100,0,100,0,67,33,100,0,100,2,94,13744,33,33,,,,,100,0,100,0,200,0,,,,,,,,,,,,,,,,,,,,,,,,,,,100,35357,100,56401228088,100,156967642359,,,,,,,,,,
2019-10-02,Z302T6N7,ST4000DM000,4000787030016,0,117,124922080,,,92,0,100,23,100,0,89,911458624,,,60,35583,100,0,,,100,23,,,,,,,,,,,,,,,,,,,,,,,,,,,,,,,,,96,4,100,0,100,0,100,0,100,0,68,32,100,0,100,2,94,13744,32,32,,,,,100,0,100,0,200,0,,,,,,,,,,,,,,,,,,,,,,,,,,,100,35380,100,56439583776,100,157117834070,,,,,,,,,,
2019-10-03,Z302T6N7,ST4000DM000,4000787030016,0,117,125217680,,,92,0,100,23,100,0,89,913055445,,,60,35607,100,0,,,100,23,,,,,,,,,,,,,,,,,,,,,,,,,,,,,,,,,96,4,100,0,100,0,100,0,100,0,69,31,100,0,100,2,94,13744,31,31,,,,,100,0,100,0,200,0,,,,,,,,,,,,,,,,,,,,,,,,,,,100,35404,100,56460061528,100,157316434529,,,,,,,,,,
2019-10-04,Z302T6N7,ST4000DM000,4000787030016,0,118,189950696,,,92,0,100,23,100,0,89,914261032,,,60,35643,100,0,,,100,23,,,,,,,,,,,,,,,,,,,,,,,,,,,,,,,,,96,4,100,0,100,0,100,0,100,0,69,31,100,0,100,2,94,13744,31,31,,,,,100,0,100,0,200,0,,,,,,,,,,,,,,,,,,,,,,,,,,,100,35440,100,56477619696,100,157473980146,,,,,,,,,,
2019-10-05,Z302T6N7,ST4000DM000,4000787030016,0,118,191476632,,,92,0,100,23,100,0,89,915389029,,,60,35666,100,0,,,100,23,,,,,,,,,,,,,,,,,,,,,,,,,,,,,,,,,96,4,100,0,100,0,100,0,100,0,68,32,100,0,100,2,94,13744,32,32,,,,,100,0,100,0,200,0,,,,,,,,,,,,,,,,,,,,,,,,,,,100,35464,100,56506664704,100,157592643494,,,,,,,,,,
2019-10-06,Z302T6N7,ST4000DM000,4000787030016,0,119,222882976,,,92,0,100,23,100,0,89,917491104,,,60,35690,100,0,,,100,23,,,,,,,,,,,,,,,,,,,,,,,,,,,,,,,,,96,4,100,0,100,0,100,0,100,0,68,32,100,0,100,2,94,13744,32,32,,,,,100,0,100,0,200,0,,,,,,,,,,,,,,,,,,,,,,,,,,,100,35488,100,56541270648,100,157717658084,,,,,,,,,,
2019-10-07,Z302T6N7,ST4000DM000,4000787030016,0,115,93078416,,,92,0,100,23,100,0,89,918837553,,,60,35714,100,0,,,100,23,,,,,,,,,,,,,,,,,,,,,,,,,,,,,,,,,96,4,100,0,100,0,100,0,100,0,68,32,100,0,100,2,94,13744,32,32,,,,,100,0,100,0,200,0,,,,,,,,,,,,,,,,,,,,,,,,,,,100,35512,100,56569601960,100,157844132118,,,,,,,,,,
2019-10-08,Z302T6N7,ST4000DM000,4000787030016,0,113,52420488,,,92,0,100,23,100,0,89,919858844,,,60,35738,100,0,,,100,23,,,,,,,,,,,,,,,,,,,,,,,,,,,,,,,,,96,4,100,0,100,0,100,0,100,0,70,30,100,0,100,2,94,13744,30,30,,,,,100,0,100,0,200,0,,,,,,,,,,,,,,,,,,,,,,,,,,,100,35535,100,56599053800,100,157964905497,,,,,,,,,,
2019-10-09,Z302T6N7,ST4000DM000,4000787030016,0,115,94693568,,,92,0,100,23,100,0,89,922319597,,,60,35762,100,0,,,100,23,,,,,,,,,,,,,,,,,,,,,,,,,,,,,,,,,96,4,100,0,100,0,100,0,100,0,72,28,100,0,100,2,94,13744,28,28,,,,,100,0,100,0,200,0,,,,,,,,,,,,,,,,,,,,,,,,,,,100,35559,100,56628418456,100,158030464654,,,,,,,,,,
2019-10-10,Z302T6N7,ST4000DM000,4000787030016,0,116,103630368,,,92,0,100,23,100,0,89,925165624,,,60,35785,100,0,,,100,23,,,,,,,,,,,,,,,,,,,,,,,,,,,,,,,,,96,4,100,0,100,0,100,0,100,0,73,27,100,0,100,2,94,13744,27,27,,,,,100,0,100,0,200,0,,,,,,,,,,,,,,,,,,,,,,,,,,,100,35583,100,56661733472,100,158142167369,,,,,,,,,,
2019-10-11,Z302T6N7,ST4000DM000,4000787030016,0,119,218821248,,,92,0,100,23,100,0,89,926436969,,,60,35809,100,0,,,100,23,,,,,,,,,,,,,,,,,,,,,,,,,,,,,,,,,96,4,100,0,100,0,100,0,100,0,74,26,100,0,100,2,94,13744,26,26,,,,,100,0,100,0,200,0,,,,,,,,,,,,,,,,,,,,,,,,,,,100,35607,100,56695131648,100,158297892355,,,,,,,,,,
2019-10-12,Z302T6N7,ST4000DM000,4000787030016,0,118,179674656,,,92,0,100,23,100,0,89,927434905,,,60,35833,100,0,,,100,23,,,,,,,,,,,,,,,,,,,,,,,,,,,,,,,,,96,4,100,0,100,0,100,0,100,0,73,27,100,0,100,2,94,13744,27,27,,,,,100,0,100,0,200,0,,,,,,,,,,,,,,,,,,,,,,,,,,,100,35630,100,56727092552,100,158406678705,,,,,,,,,,
2019-10-13,Z302T6N7,ST4000DM000,4000787030016,0,113,53856896,,,92,0,100,23,100,0,89,929907733,,,60,35857,100,0,,,100,23,,,,,,,,,,,,,,,,,,,,,,,,,,,,,,,,,96,4,100,0,100,0,100,0,100,0,71,29,100,0,100,2,94,13744,29,29,,,,,100,0,100,0,200,0,,,,,,,,,,,,,,,,,,,,,,,,,,,100,35654,100,56745293152,100,158728290156,,,,,,,,,,
2019-10-14,Z302T6N7,ST4000DM000,4000787030016,0,119,233049432,,,92,0,100,23,100,0,89,933598283,,,60,35880,100,0,,,100,23,,,,,,,,,,,,,,,,,,,,,,,,,,,,,,,,,96,4,100,0,100,0,100,0,100,0,74,26,100,0,100,2,94,13744,26,26,,,,,100,0,100,0,200,0,,,,,,,,,,,,,,,,,,,,,,,,,,,100,35678,100,56770523032,100,159004074790,,,,,,,,,,
2019-10-15,Z302T6N7,ST4000DM000,4000787030016,0,117,150583664,,,92,0,100,24,100,0,89,936950987,,,59,35928,100,0,,,100,24,,,,,,,,,,,,,,,,,,,,,,,,,,,,,,,,,96,4,100,0,100,0,100,0,100,0,74,26,100,0,100,2,94,13745,26,26,,,,,100,0,100,0,200,0,,,,,,,,,,,,,,,,,,,,,,,,,,,100,35726,100,56831223384,100,159425312108,,,,,,,,,,
2019-10-16,Z302T6N7,ST4000DM000,4000787030016,0,117,150583664,,,92,0,100,24,100,0,89,936950987,,,59,35928,100,0,,,100,24,,,,,,,,,,,,,,,,,,,,,,,,,,,,,,,,,96,4,100,0,100,0,100,0,100,0,74,26,100,0,100,2,94,13745,26,26,,,,,100,0,100,0,200,0,,,,,,,,,,,,,,,,,,,,,,,,,,,100,35726,100,56831223384,100,159425312108,,,,,,,,,,
2019-10-17,Z302T6N7,ST4000DM000,4000787030016,0,117,118699008,,,92,0,100,24,100,0,89,937889748,,,59,35952,100,0,,,100,24,,,,,,,,,,,,,,,,,,,,,,,,,,,,,,,,,96,4,100,0,100,0,100,0,100,0,73,27,100,0,100,2,94,13745,27,27,,,,,100,0,100,0,200,0,,,,,,,,,,,,,,,,,,,,,,,,,,,100,35749,100,56853814408,100,159588259724,,,,,,,,,,
2019-10-18,Z302T6N7,ST4000DM000,4000787030016,0,117,148891344,,,92,0,100,24,100,0,89,938539549,,,59,35975,100,0,,,100,24,,,,,,,,,,,,,,,,,,,,,,,,,,,,,,,,,96,4,100,0,100,0,100,0,100,0,74,26,100,0,100,2,94,13745,26,26,,,,,100,0,100,0,200,0,,,,,,,,,,,,,,,,,,,,,,,,,,,100,35773,100,56880871016,100,159735968254,,,,,,,,,,
2019-10-19,Z302T6N7,ST4000DM000,4000787030016,0,111,29465624,,,92,0,100,24,100,0,90,939664853,,,59,35999,100,0,,,100,24,,,,,,,,,,,,,,,,,,,,,,,,,,,,,,,,,96,4,100,0,100,0,100,0,100,0,74,26,100,0,100,2,94,13745,26,26,,,,,100,0,100,0,200,0,,,,,,,,,,,,,,,,,,,,,,,,,,,100,35796,100,56909295784,100,159996303831,,,,,,,,,,
2019-10-20,Z302T6N7,ST4000DM000,4000787030016,0,118,168117840,,,92,0,100,24,100,0,90,941463950,,,59,36023,100,0,,,100,24,,,,,,,,,,,,,,,,,,,,,,,,,,,,,,,,,96,4,100,0,100,0,100,0,100,0,73,27,100,0,100,2,94,13745,27,27,,,,,100,0,100,0,200,0,,,,,,,,,,,,,,,,,,,,,,,,,,,100,35820,100,56932733744,100,160208979304,,,,,,,,,,
2019-10-21,Z302T6N7,ST4000DM000,4000787030016,0,117,122229616,,,92,0,100,24,100,0,90,943842298,,,59,36047,100,0,,,100,24,,,,,,,,,,,,,,,,,,,,,,,,,,,,,,,,,96,4,100,0,100,0,100,0,100,0,73,27,100,0,100,2,94,13745,27,27,,,,,100,0,100,0,200,0,,,,,,,,,,,,,,,,,,,,,,,,,,,100,35844,100,56961438952,100,160409301380,,,,,,,,,,
2019-10-22,Z302T6N7,ST4000DM000,4000787030016,0,117,130357056,,,92,0,100,24,100,0,90,945149387,,,59,36071,100,0,,,100,24,,,,,,,,,,,,,,,,,,,,,,,,,,,,,,,,,96,4,100,0,100,0,100,0,100,0,73,27,100,0,100,2,94,13745,27,27,,,,,100,0,100,0,200,0,,,,,,,,,,,,,,,,,,,,,,,,,,,100,35868,100,56981449552,100,160596345551,,,,,,,,,,
2019-10-23,Z302T6N7,ST4000DM000,4000787030016,0,111,37879936,,,92,0,100,24,100,0,90,947164174,,,59,36095,100,0,,,100,24,,,,,,,,,,,,,,,,,,,,,,,,,,,,,,,,,96,4,100,0,100,0,100,0,100,0,74,26,100,0,100,2,94,13745,26,26,,,,,100,0,100,0,200,0,,,,,,,,,,,,,,,,,,,,,,,,,,,100,35892,100,56996031824,100,160678786196,,,,,,,,,,
2019-10-24,Z302T6N7,ST4000DM000,4000787030016,0,119,230478800,,,92,0,100,24,100,0,90,949453674,,,59,36119,100,0,,,100,24,,,,,,,,,,,,,,,,,,,,,,,,,,,,,,,,,96,4,100,0,100,0,100,0,100,0,74,26,100,0,100,2,94,13745,26,26,,,,,100,0,100,0,200,0,,,,,,,,,,,,,,,,,,,,,,,,,,,100,35916,100,57010462408,100,160729970660,,,,,,,,,,
2019-10-25,Z302T6N7,ST4000DM000,4000787030016,0,117,140429192,,,92,0,100,24,100,0,90,950914391,,,59,36143,100,0,,,100,24,,,,,,,,,,,,,,,,,,,,,,,,,,,,,,,,,96,4,100,0,100,0,100,0,100,0,72,28,100,0,100,2,94,13745,28,28,,,,,100,0,100,0,200,0,,,,,,,,,,,,,,,,,,,,,,,,,,,100,35940,100,57022463992,100,160875482754,,,,,,,,,,
2019-10-26,Z302T6N7,ST4000DM000,4000787030016,0,115,99917568,,,92,0,100,24,100,0,90,952358743,,,59,36166,100,0,,,100,24,,,,,,,,,,,,,,,,,,,,,,,,,,,,,,,,,96,4,100,0,100,0,100,0,100,0,72,28,100,0,100,2,94,13745,28,28,,,,,100,0,100,0,200,0,,,,,,,,,,,,,,,,,,,,,,,,,,,100,35964,100,57039360224,100,161025928195,,,,,,,,,,
2019-10-27,Z302T6N7,ST4000DM000,4000787030016,0,118,186943136,,,92,0,100,24,100,0,90,954145123,,,59,36190,100,0,,,100,24,,,,,,,,,,,,,,,,,,,,,,,,,,,,,,,,,96,4,100,0,100,0,100,0,100,0,72,28,100,0,100,2,94,13745,28,28,,,,,100,0,100,0,200,0,,,,,,,,,,,,,,,,,,,,,,,,,,,100,35988,100,57056042920,100,161207146222,,,,,,,,,,
2019-10-28,Z302T6N7,ST4000DM000,4000787030016,0,114,65357504,,,92,0,100,24,100,0,90,955567798,,,59,36214,100,0,,,100,24,,,,,,,,,,,,,,,,,,,,,,,,,,,,,,,,,96,4,100,0,100,0,100,0,100,0,72,28,100,0,100,2,94,13745,28,28,,,,,100,0,100,0,200,0,,,,,,,,,,,,,,,,,,,,,,,,,,,100,36011,100,57066130048,100,161332592581,,,,,,,,,,
2019-10-29,Z302T6N7,ST4000DM000,4000787030016,0,118,193793448,,,92,0,100,24,100,0,90,955954941,,,59,36226,100,0,,,100,24,,,,,,,,,,,,,,,,,,,,,,,,,,,,,,,,,96,4,100,0,100,0,100,0,100,0,73,27,100,0,100,2,94,13745,27,27,,,,,100,0,100,0,200,0,,,,,,,,,,,,,,,,,,,,,,,,,,,100,36023,100,57070355160,100,161383583765,,,,,,,,,,
2019-10-30,Z302T6N7,ST4000DM000,4000787030016,0,111,34781720,,,92,0,100,24,100,0,90,959156653,,,59,36262,100,0,,,100,24,,,,,,,,,,,,,,,,,,,,,,,,,,,,,,,,,96,4,100,0,100,0,100,0,100,0,73,27,100,0,100,2,94,13745,27,27,,,,,100,0,100,0,200,0,,,,,,,,,,,,,,,,,,,,,,,,,,,100,36059,100,57084030112,100,161498991755,,,,,,,,,,
2019-10-31,Z302T6N7,ST4000DM000,4000787030016,0,119,203762728,,,92,0,100,24,100,0,90,961235307,,,59,36285,100,0,,,100,24,,,,,,,,,,,,,,,,,,,,,,,,,,,,,,,,,96,4,100,0,100,0,100,0,100,0,74,26,100,0,100,2,94,13745,26,26,,,,,100,0,100,0,200,0,,,,,,,,,,,,,,,,,,,,,,,,,,,100,36083,100,57093345648,100,161640898153,,,,,,,,,,
2019-11-01,Z302T6N7,ST4000DM000,4000787030016,0,119,213845856,,,92,0,100,24,100,0,90,962929197,,,59,36309,100,0,,,100,24,,,,,,,,,,,,,,,,,,,,,,,,,,,,,,,,,96,4,100,0,100,0,100,0,100,0,74,26,100,0,100,2,94,13745,26,26,,,,,100,0,100,0,200,0,,,,,,,,,,,,,,,,,,,,,,,,,,,100,36106,100,57098516056,100,161901000209,,,,,,,,,,
2019-11-02,Z302T6N7,ST4000DM000,4000787030016,0,119,219107080,,,92,0,100,24,100,0,90,964448484,,,59,36333,100,0,,,100,24,,,,,,,,,,,,,,,,,,,,,,,,,,,,,,,,,96,4,100,0,100,0,100,0,100,0,72,28,100,0,100,2,94,13745,28,28,,,,,100,0,100,0,200,0,,,,,,,,,,,,,,,,,,,,,,,,,,,100,36130,100,57105735312,100,162104629533,,,,,,,,,,
2019-11-03,Z302T6N7,ST4000DM000,4000787030016,0,117,149560032,,,92,0,100,24,100,0,90,966800057,,,59,36356,100,0,,,100,24,,,,,,,,,,,,,,,,,,,,,,,,,,,,,,,,,96,4,100,0,100,0,100,0,100,0,71,29,100,0,100,2,94,13745,29,29,,,,,100,0,100,0,200,0,,,,,,,,,,,,,,,,,,,,,,,,,,,100,36154,100,57110127984,100,162405331456,,,,,,,,,,
2019-11-04,Z302T6N7,ST4000DM000,4000787030016,0,119,215314840,,,92,0,100,24,100,0,90,969244189,,,59,36380,100,0,,,100,24,,,,,,,,,,,,,,,,,,,,,,,,,,,,,,,,,96,4,100,0,100,0,100,0,100,0,74,26,100,0,100,2,94,13745,26,26,,,,,100,0,100,0,200,0,,,,,,,,,,,,,,,,,,,,,,,,,,,100,36178,100,57116616872,100,162632927887,,,,,,,,,,
2019-11-06,Z302T6N7,ST4000DM000,4000787030016,0,119,203643216,,,92,0,100,24,100,0,90,972631590,,,59,36428,100,0,,,100,24,,,,,,,,,,,,,,,,,,,,,,,,,,,,,,,,,96,4,100,0,100,0,100,0,100,0,74,26,100,0,100,2,94,13745,26,26,,,,,100,0,100,0,200,0,,,,,,,,,,,,,,,,,,,,,,,,,,,100,36225,100,57128477480,100,162923824128,,,,,,,,,,
2019-11-07,Z302T6N7,ST4000DM000,4000787030016,0,117,144912984,,,92,0,100,24,100,0,90,973921633,,,59,36452,100,0,,,100,24,,,,,,,,,,,,,,,,,,,,,,,,,,,,,,,,,96,4,100,0,100,0,100,0,100,0,71,29,100,0,100,2,94,13745,29,29,,,,,100,0,100,0,200,0,,,,,,,,,,,,,,,,,,,,,,,,,,,100,36249,100,57135881416,100,163097523046,,,,,,,,,,
2019-11-08,Z302T6N7,ST4000DM000,4000787030016,0,108,20868216,,,92,0,100,24,100,0,90,975075999,,,59,36476,100,0,,,100,24,,,,,,,,,,,,,,,,,,,,,,,,,,,,,,,,,96,4,100,0,100,0,100,0,100,0,73,27,100,0,100,2,94,13745,27,27,,,,,100,0,100,0,200,0,,,,,,,,,,,,,,,,,,,,,,,,,,,100,36273,100,57141239568,100,163230618974,,,,,,,,,,
2019-11-09,Z302T6N7,ST4000DM000,4000787030016,0,117,145264328,,,92,0,100,24,100,0,90,976247053,,,59,36500,100,0,,,100,24,,,,,,,,,,,,,,,,,,,,,,,,,,,,,,,,,96,4,100,0,100,0,100,0,100,0,73,27,100,0,100,2,94,13745,27,27,,,,,100,0,100,0,200,0,,,,,,,,,,,,,,,,,,,,,,,,,,,100,36297,100,57149823120,100,163353395077,,,,,,,,,,
2019-11-10,Z302T6N7,ST4000DM000,4000787030016,0,114,76218464,,,92,0,100,24,100,0,90,978005452,,,59,36524,100,0,,,100,24,,,,,,,,,,,,,,,,,,,,,,,,,,,,,,,,,96,4,100,0,100,0,100,0,100,0,73,27,100,0,100,2,94,13745,27,27,,,,,100,0,100,0,200,0,,,,,,,,,,,,,,,,,,,,,,,,,,,100,36321,100,57153413424,100,163542826481,,,,,,,,,,
2019-11-11,Z302T6N7,ST4000DM000,4000787030016,0,117,120781368,,,92,0,100,24,100,0,90,981131216,,,59,36547,100,0,,,100,24,,,,,,,,,,,,,,,,,,,,,,,,,,,,,,,,,96,4,100,0,100,0,100,0,100,0,73,27,100,0,100,2,94,13745,27,27,,,,,100,0,100,0,200,0,,,,,,,,,,,,,,,,,,,,,,,,,,,100,36345,100,57167835048,100,163779361018,,,,,,,,,,
2019-11-12,Z302T6N7,ST4000DM000,4000787030016,0,117,119379264,,,92,0,100,24,100,0,90,982145963,,,59,36571,100,0,,,100,24,,,,,,,,,,,,,,,,,,,,,,,,,,,,,,,,,96,4,100,0,100,0,100,0,100,0,74,26,100,0,100,2,94,13745,26,26,,,,,100,0,100,0,200,0,,,,,,,,,,,,,,,,,,,,,,,,,,,100,36369,100,57174207768,100,163957583686,,,,,,,,,,
2019-11-13,Z302T6N7,ST4000DM000,4000787030016,0,113,58472688,,,92,0,100,24,100,0,90,984162915,,,59,36595,100,0,,,100,24,,,,,,,,,,,,,,,,,,,,,,,,,,,,,,,,,96,4,100,0,100,0,100,0,100,0,71,29,100,0,100,2,94,13745,29,29,,,,,100,0,100,0,200,0,,,,,,,,,,,,,,,,,,,,,,,,,,,100,36393,100,57185281976,100,164101687384,,,,,,,,,,
2019-11-14,Z302T6N7,ST4000DM000,4000787030016,0,111,36875616,,,92,0,100,24,100,0,90,985328867,,,59,36619,100,0,,,100,24,,,,,,,,,,,,,,,,,,,,,,,,,,,,,,,,,96,4,100,0,100,0,100,0,100,0,74,26,100,0,100,2,94,13745,26,26,,,,,100,0,100,0,200,0,,,,,,,,,,,,,,,,,,,,,,,,,,,100,36416,100,57193729752,100,164322950267,,,,,,,,,,
2019-11-15,Z302T6N7,ST4000DM000,4000787030016,0,118,200017080,,,92,0,100,24,100,0,90,986835154,,,59,36643,100,0,,,100,24,,,,,,,,,,,,,,,,,,,,,,,,,,,,,,,,,96,4,100,0,100,0,100,0,100,0,72,28,100,0,100,2,94,13745,28,28,,,,,100,0,100,0,200,0,,,,,,,,,,,,,,,,,,,,,,,,,,,100,36440,100,57207287056,100,164591396319,,,,,,,,,,
2019-11-16,Z302T6N7,ST4000DM000,4000787030016,0,111,35177760,,,92,0,100,24,100,0,90,988354760,,,59,36666,100,0,,,100,24,,,,,,,,,,,,,,,,,,,,,,,,,,,,,,,,,96,4,100,0,100,0,100,0,100,0,74,26,100,0,100,2,94,13745,26,26,,,,,100,0,100,0,200,0,,,,,,,,,,,,,,,,,,,,,,,,,,,100,36464,100,57221110536,100,164819358099,,,,,,,,,,
2019-11-17,Z302T6N7,ST4000DM000,4000787030016,0,118,193552008,,,92,0,100,24,100,0,90,989743875,,,59,36690,100,0,,,100,24,,,,,,,,,,,,,,,,,,,,,,,,,,,,,,,,,96,4,100,0,100,0,100,0,100,0,74,26,100,0,100,2,94,13745,26,26,,,,,100,0,100,0,200,0,,,,,,,,,,,,,,,,,,,,,,,,,,,100,36488,100,57229658808,100,165018628932,,,,,,,,,,
2019-11-18,Z302T6N7,ST4000DM000,4000787030016,0,120,235305312,,,92,0,100,24,100,0,90,992389342,,,59,36714,100,0,,,100,24,,,,,,,,,,,,,,,,,,,,,,,,,,,,,,,,,96,4,100,0,100,0,100,0,100,0,74,26,100,0,100,2,94,13745,26,26,,,,,100,0,100,0,200,0,,,,,,,,,,,,,,,,,,,,,,,,,,,100,36512,100,57237714184,100,165309236969,,,,,,,,,,
2019-11-19,Z302T6N7,ST4000DM000,4000787030016,0,119,213708672,,,92,0,100,24,100,0,90,994449723,,,59,36738,100,0,,,100,24,,,,,,,,,,,,,,,,,,,,,,,,,,,,,,,,,96,4,100,0,100,0,100,0,100,0,73,27,100,0,100,2,94,13745,27,27,,,,,100,0,100,0,200,0,,,,,,,,,,,,,,,,,,,,,,,,,,,100,36535,100,57258782896,100,165532703590,,,,,,,,,,
2019-11-20,Z302T6N7,ST4000DM000,4000787030016,0,111,30741384,,,92,0,100,24,100,0,90,996445240,,,59,36762,100,0,,,100,24,,,,,,,,,,,,,,,,,,,,,,,,,,,,,,,,,96,4,100,0,100,0,100,0,100,0,74,26,100,0,100,2,94,13745,26,26,,,,,100,0,100,0,200,0,,,,,,,,,,,,,,,,,,,,,,,,,,,100,36559,100,57263419792,100,165631656149,,,,,,,,,,
2019-11-21,Z302T6N7,ST4000DM000,4000787030016,0,116,104958512,,,92,0,100,24,100,0,90,998131459,,,59,36785,100,0,,,100,24,,,,,,,,,,,,,,,,,,,,,,,,,,,,,,,,,96,4,100,0,100,0,100,0,100,0,74,26,100,0,100,2,94,13745,26,26,,,,,100,0,100,0,200,0,,,,,,,,,,,,,,,,,,,,,,,,,,,100,36583,100,57271482344,100,165872644309,,,,,,,,,,
2019-11-22,Z302T6N7,ST4000DM000,4000787030016,0,117,135627360,,,92,0,100,24,100,0,90,999646121,,,58,36809,100,0,,,100,24,,,,,,,,,,,,,,,,,,,,,,,,,,,,,,,,,96,4,100,0,100,0,100,0,100,0,73,27,100,0,100,2,94,13745,27,27,,,,,100,0,100,0,200,0,,,,,,,,,,,,,,,,,,,,,,,,,,,100,36607,100,57274701224,100,166138738883,,,,,,,,,,
2019-11-23,Z302T6N7,ST4000DM000,4000787030016,0,119,214026160,,,92,0,100,24,100,0,63,2530735,,,58,36845,100,0,,,100,24,,,,,,,,,,,,,,,,,,,,,,,,,,,,,,,,,96,4,100,0,100,0,100,0,100,0,74,26,100,0,100,2,94,13745,26,26,,,,,100,0,100,0,200,0,,,,,,,,,,,,,,,,,,,,,,,,,,,100,36642,100,57285835280,100,166368262569,,,,,,,,,,
2019-11-24,Z302T6N7,ST4000DM000,4000787030016,0,114,77379848,,,92,0,100,24,100,0,66,4734354,,,58,36869,100,0,,,100,24,,,,,,,,,,,,,,,,,,,,,,,,,,,,,,,,,96,4,100,0,100,0,100,0,100,0,73,27,100,0,100,2,94,13745,27,27,,,,,100,0,100,0,200,0,,,,,,,,,,,,,,,,,,,,,,,,,,,100,36666,100,57295573856,100,166615601439,,,,,,,,,,
2019-11-25,Z302T6N7,ST4000DM000,4000787030016,0,115,99837512,,,92,0,100,24,100,0,67,6251041,,,58,36893,100,0,,,100,24,,,,,,,,,,,,,,,,,,,,,,,,,,,,,,,,,96,4,100,0,100,0,100,0,100,0,74,26,100,0,100,2,94,13745,26,26,,,,,100,0,100,0,200,0,,,,,,,,,,,,,,,,,,,,,,,,,,,100,36690,100,57304898504,100,166915069914,,,,,,,,,,
2019-11-26,Z302T6N7,ST4000DM000,4000787030016,0,116,103772736,,,92,0,100,24,100,0,68,7244518,,,58,36916,100,0,,,100,24,,,,,,,,,,,,,,,,,,,,,,,,,,,,,,,,,96,4,100,0,100,0,100,0,100,0,72,28,100,0,100,2,94,13745,28,28,,,,,100,0,100,0,200,0,,,,,,,,,,,,,,,,,,,,,,,,,,,100,36714,100,57312932664,100,167215281395,,,,,,,,,,
2019-11-27,Z302T6N7,ST4000DM000,4000787030016,0,117,130441552,,,92,0,100,24,100,0,69,7994096,,,58,36928,100,0,,,100,24,,,,,,,,,,,,,,,,,,,,,,,,,,,,,,,,,96,4,100,0,100,0,100,0,100,0,73,27,100,0,100,2,94,13745,27,27,,,,,100,0,100,0,200,0,,,,,,,,,,,,,,,,,,,,,,,,,,,100,36726,100,57315861544,100,167235529486,,,,,,,,,,
2019-11-28,Z302T6N7,ST4000DM000,4000787030016,0,117,158960720,,,92,0,100,24,100,0,69,9377665,,,58,36952,100,0,,,100,24,,,,,,,,,,,,,,,,,,,,,,,,,,,,,,,,,96,4,100,0,100,0,100,0,100,0,72,28,100,0,100,2,94,13745,28,28,,,,,100,0,100,0,200,0,,,,,,,,,,,,,,,,,,,,,,,,,,,100,36749,100,57326215584,100,167321813639,,,,,,,,,,
2019-11-29,Z302T6N7,ST4000DM000,4000787030016,0,114,77629304,,,92,0,100,24,100,0,70,10693789,,,58,36976,100,0,,,100,24,,,,,,,,,,,,,,,,,,,,,,,,,,,,,,,,,96,4,100,0,100,0,100,0,100,0,73,27,100,0,100,2,94,13745,27,27,,,,,100,0,100,0,200,0,,,,,,,,,,,,,,,,,,,,,,,,,,,100,36773,100,57335624128,100,167532844428,,,,,,,,,,
2019-11-30,Z302T6N7,ST4000DM000,4000787030016,0,113,56320216,,,92,0,100,24,100,0,70,12280755,,,58,36999,100,0,,,100,24,,,,,,,,,,,,,,,,,,,,,,,,,,,,,,,,,96,4,100,0,100,0,100,0,100,0,73,27,100,0,100,2,94,13745,27,27,,,,,100,0,100,0,200,0,,,,,,,,,,,,,,,,,,,,,,,,,,,100,36797,100,57342689552,100,167842028546,,,,,,,,,,
2019-12-01,Z302T6N7,ST4000DM000,4000787030016,0,117,137555016,,,92,0,100,24,100,0,71,14274727,,,58,37023,100,0,,,100,24,,,,,,,,,,,,,,,,,,,,,,,,,,,,,,,,,96,4,100,0,100,0,100,0,100,0,73,27,100,0,100,2,94,13745,27,27,,,,,100,0,100,0,200,0,,,,,,,,,,,,,,,,,,,,,,,,,,,100,36821,100,57356833096,100,168119847867,,,,,,,,,,
2019-12-02,Z302T6N7,ST4000DM000,4000787030016,0,119,211449632,,,92,0,100,24,100,0,72,17445377,,,58,37047,100,0,,,100,24,,,,,,,,,,,,,,,,,,,,,,,,,,,,,,,,,96,4,100,0,100,0,100,0,100,0,73,27,100,0,100,2,94,13745,27,27,,,,,100,0,100,0,200,0,,,,,,,,,,,,,,,,,,,,,,,,,,,100,36844,100,57364783808,100,168378704121,,,,,,,,,,
2019-12-03,Z302T6N7,ST4000DM000,4000787030016,0,117,137360128,,,92,0,100,24,100,0,72,18899230,,,58,37071,100,0,,,100,24,,,,,,,,,,,,,,,,,,,,,,,,,,,,,,,,,96,4,100,0,100,0,100,0,100,0,73,27,100,0,100,2,94,13745,27,27,,,,,100,0,100,0,200,0,,,,,,,,,,,,,,,,,,,,,,,,,,,100,36868,100,57373228840,100,168637538595,,,,,,,,,,
2019-12-04,Z302T6N7,ST4000DM000,4000787030016,0,116,114081232,,,92,0,100,24,100,0,72,20294653,,,58,37094,100,0,,,100,24,,,,,,,,,,,,,,,,,,,,,,,,,,,,,,,,,96,4,100,0,100,0,100,0,100,0,73,27,100,0,100,2,94,13745,27,27,,,,,100,0,100,0,200,0,,,,,,,,,,,,,,,,,,,,,,,,,,,100,36892,100,57387173168,100,173071890188,,,,,,,,,,
2019-12-05,Z302T6N7,ST4000DM000,4000787030016,0,117,163916008,,,92,0,100,24,100,0,73,21714791,,,58,37118,100,0,,,100,24,,,,,,,,,,,,,,,,,,,,,,,,,,,,,,,,,96,4,100,0,100,0,100,0,100,0,74,26,100,0,100,2,94,13745,26,26,,,,,100,0,100,0,200,0,,,,,,,,,,,,,,,,,,,,,,,,,,,100,36916,100,57397771656,100,173149359546,,,,,,,,,,
2019-12-06,Z302T6N7,ST4000DM000,4000787030016,0,120,237769248,,,92,0,100,24,100,0,73,23398746,,,58,37142,100,0,,,100,24,,,,,,,,,,,,,,,,,,,,,,,,,,,,,,,,,96,4,100,0,100,0,100,0,100,0,74,26,100,0,100,2,94,13745,26,26,,,,,100,0,100,0,200,0,,,,,,,,,,,,,,,,,,,,,,,,,,,100,36940,100,57405879304,100,173327678472,,,,,,,,,,
2019-12-07,Z302T6N7,ST4000DM000,4000787030016,0,115,92635264,,,92,0,100,24,100,0,73,24848660,,,58,37166,100,0,,,100,24,,,,,,,,,,,,,,,,,,,,,,,,,,,,,,,,,96,4,100,0,100,0,100,0,100,0,73,27,100,0,100,2,94,13745,27,27,,,,,100,0,100,0,200,0,,,,,,,,,,,,,,,,,,,,,,,,,,,100,36964,100,57413849624,100,173534099900,,,,,,,,,,
2019-12-08,Z302T6N7,ST4000DM000,4000787030016,0,119,208357992,,,92,0,100,24,100,0,74,26651521,,,58,37190,100,0,,,100,24,,,,,,,,,,,,,,,,,,,,,,,,,,,,,,,,,96,4,100,0,100,0,100,0,100,0,72,28,100,0,100,2,94,13745,28,28,,,,,100,0,100,0,200,0,,,,,,,,,,,,,,,,,,,,,,,,,,,100,36987,100,57426819184,100,173802802373,,,,,,,,,,
2019-12-09,Z302T6N7,ST4000DM000,4000787030016,0,114,81480720,,,92,0,100,24,100,0,75,30711177,,,58,37214,100,0,,,100,24,,,,,,,,,,,,,,,,,,,,,,,,,,,,,,,,,96,4,100,0,100,0,100,0,100,0,74,26,100,0,100,2,94,13745,26,26,,,,,100,0,100,0,200,0,,,,,,,,,,,,,,,,,,,,,,,,,,,100,37011,100,57436360032,100,174006434715,,,,,,,,,,
2019-12-10,Z302T6N7,ST4000DM000,4000787030016,0,114,69134856,,,92,0,100,24,100,0,75,32138255,,,58,37237,100,0,,,100,24,,,,,,,,,,,,,,,,,,,,,,,,,,,,,,,,,96,4,100,0,100,0,100,0,100,0,73,27,100,0,100,2,94,13745,27,27,,,,,100,0,100,0,200,0,,,,,,,,,,,,,,,,,,,,,,,,,,,100,37035,100,57446815784,100,174194203354,,,,,,,,,,
2019-12-11,Z302T6N7,ST4000DM000,4000787030016,0,108,18492896,,,92,0,100,24,100,0,75,35279260,,,58,37273,100,0,,,100,24,,,,,,,,,,,,,,,,,,,,,,,,,,,,,,,,,96,4,100,0,100,0,100,0,100,0,73,27,100,0,100,2,94,13745,27,27,,,,,100,0,100,0,200,0,,,,,,,,,,,,,,,,,,,,,,,,,,,100,37071,100,57464031952,100,174459989878,,,,,,,,,,
2019-12-12,Z302T6N7,ST4000DM000,4000787030016,0,118,173955672,,,92,0,100,24,100,0,75,36446577,,,58,37297,100,0,,,100,24,,,,,,,,,,,,,,,,,,,,,,,,,,,,,,,,,96,4,100,0,100,0,100,0,100,0,72,28,100,0,100,2,94,13745,28,28,,,,,100,0,100,0,200,0,,,,,,,,,,,,,,,,,,,,,,,,,,,100,37094,100,57478041296,100,174617362631,,,,,,,,,,
2019-12-13,Z302T6N7,ST4000DM000,4000787030016,0,115,92248896,,,92,0,100,24,100,0,75,37763728,,,58,37321,100,0,,,100,24,,,,,,,,,,,,,,,,,,,,,,,,,,,,,,,,,96,4,100,0,100,0,100,0,100,0,74,26,100,0,100,2,94,13745,26,26,,,,,100,0,100,0,200,0,,,,,,,,,,,,,,,,,,,,,,,,,,,100,37118,100,57491467696,100,174764675765,,,,,,,,,,
2019-12-14,Z302T6N7,ST4000DM000,4000787030016,0,118,176133144,,,92,0,100,24,100,0,75,38904181,,,58,37345,100,0,,,100,24,,,,,,,,,,,,,,,,,,,,,,,,,,,,,,,,,96,4,100,0,100,0,100,0,100,0,73,27,100,0,100,2,94,13745,27,27,,,,,100,0,100,0,200,0,,,,,,,,,,,,,,,,,,,,,,,,,,,100,37142,100,57500716440,100,174897792358,,,,,,,,,,
2019-12-15,Z302T6N7,ST4000DM000,4000787030016,0,111,30990424,,,92,0,100,24,100,0,75,41734390,,,58,37368,100,0,,,100,24,,,,,,,,,,,,,,,,,,,,,,,,,,,,,,,,,96,4,100,0,100,0,100,0,100,0,73,27,100,0,100,2,94,13745,27,27,,,,,100,0,100,0,200,0,,,,,,,,,,,,,,,,,,,,,,,,,,,100,37166,100,57512065856,100,175136274658,,,,,,,,,,
2019-12-16,Z302T6N7,ST4000DM000,4000787030016,0,117,123577112,,,92,0,100,24,100,0,76,43579226,,,58,37392,100,0,,,100,24,,,,,,,,,,,,,,,,,,,,,,,,,,,,,,,,,96,4,100,0,100,0,100,0,100,0,74,26,100,0,100,2,94,13745,26,26,,,,,100,0,100,0,200,0,,,,,,,,,,,,,,,,,,,,,,,,,,,100,37190,100,57523520064,100,175312064860,,,,,,,,,,
2019-12-17,Z302T6N7,ST4000DM000,4000787030016,0,118,190520168,,,92,0,100,24,100,0,76,44716687,,,58,37416,100,0,,,100,24,,,,,,,,,,,,,,,,,,,,,,,,,,,,,,,,,96,4,100,0,100,0,100,0,100,0,73,27,100,0,100,2,94,13745,27,27,,,,,100,0,100,0,200,0,,,,,,,,,,,,,,,,,,,,,,,,,,,100,37214,100,57533061928,100,175514221987,,,,,,,,,,
2019-12-18,Z302T6N7,ST4000DM000,4000787030016,0,119,204895872,,,92,0,100,24,100,0,76,46813205,,,58,37440,100,0,,,100,24,,,,,,,,,,,,,,,,,,,,,,,,,,,,,,,,,96,4,100,0,100,0,100,0,100,0,75,25,100,0,100,2,94,13745,25,25,,,,,100,0,100,0,200,0,,,,,,,,,,,,,,,,,,,,,,,,,,,100,37237,100,57543920720,100,175683354714,,,,,,,,,,
2019-12-19,Z302T6N7,ST4000DM000,4000787030016,0,113,58496776,,,92,0,100,24,100,0,76,48036488,,,58,37464,100,0,,,100,24,,,,,,,,,,,,,,,,,,,,,,,,,,,,,,,,,96,4,100,0,100,0,100,0,100,0,74,26,100,0,100,2,94,13745,26,26,,,,,100,0,100,0,200,0,,,,,,,,,,,,,,,,,,,,,,,,,,,100,37261,100,57559664896,100,175903470253,,,,,,,,,,
2019-12-20,Z302T6N7,ST4000DM000,4000787030016,0,119,225392008,,,92,0,100,24,100,0,76,49702007,,,58,37488,100,0,,,100,24,,,,,,,,,,,,,,,,,,,,,,,,,,,,,,,,,96,4,100,0,100,0,100,0,100,0,72,28,100,0,100,2,94,13745,28,28,,,,,100,0,100,0,200,0,,,,,,,,,,,,,,,,,,,,,,,,,,,100,37285,100,57569393048,100,176162580807,,,,,,,,,,
2019-12-21,Z302T6N7,ST4000DM000,4000787030016,0,119,234044064,,,92,0,100,24,100,0,77,50853782,,,58,37511,100,0,,,100,24,,,,,,,,,,,,,,,,,,,,,,,,,,,,,,,,,96,4,100,0,100,0,100,0,100,0,72,28,100,0,100,2,94,13745,28,28,,,,,100,0,100,0,200,0,,,,,,,,,,,,,,,,,,,,,,,,,,,100,37309,100,57585945920,100,176336344517,,,,,,,,,,
2019-12-22,Z302T6N7,ST4000DM000,4000787030016,0,113,58553136,,,92,0,100,24,100,0,77,53057826,,,58,37535,100,0,,,100,24,,,,,,,,,,,,,,,,,,,,,,,,,,,,,,,,,96,4,100,0,100,0,100,0,100,0,70,30,100,0,100,2,94,13745,30,30,,,,,100,0,100,0,200,0,,,,,,,,,,,,,,,,,,,,,,,,,,,100,37333,100,57595598128,100,176608641863,,,,,,,,,,
2019-12-23,Z302T6N7,ST4000DM000,4000787030016,0,112,44621152,,,92,0,100,24,100,0,77,55354049,,,58,37559,100,0,,,100,24,,,,,,,,,,,,,,,,,,,,,,,,,,,,,,,,,96,4,100,0,100,0,100,0,100,0,74,26,100,0,100,2,94,13745,26,26,,,,,100,0,100,0,200,0,,,,,,,,,,,,,,,,,,,,,,,,,,,100,37356,100,57607142488,100,176881955964,,,,,,,,,,
2019-12-24,Z302T6N7,ST4000DM000,4000787030016,0,118,198228400,,,92,0,100,24,100,0,77,56928455,,,58,37583,100,0,,,100,24,,,,,,,,,,,,,,,,,,,,,,,,,,,,,,,,,96,4,100,0,100,0,100,0,100,0,70,30,100,0,100,2,94,13745,30,30,,,,,100,0,100,0,200,0,,,,,,,,,,,,,,,,,,,,,,,,,,,100,37380,100,57617500888,100,177130226607,,,,,,,,,,
2019-12-25,Z302T6N7,ST4000DM000,4000787030016,0,115,93482808,,,92,0,100,24,100,0,78,58917095,,,58,37606,100,0,,,100,24,,,,,,,,,,,,,,,,,,,,,,,,,,,,,,,,,96,4,100,0,100,0,100,0,100,0,69,31,100,0,100,2,94,13745,31,31,,,,,100,0,100,0,200,0,,,,,,,,,,,,,,,,,,,,,,,,,,,100,37404,100,57637256368,100,177260336345,,,,,,,,,,
2019-12-26,Z302T6N7,ST4000DM000,4000787030016,0,117,120457520,,,92,0,100,24,100,0,78,61574763,,,58,37630,100,0,,,100,24,,,,,,,,,,,,,,,,,,,,,,,,,,,,,,,,,96,4,100,0,100,0,100,0,100,0,74,26,100,0,100,2,94,13745,26,26,,,,,100,0,100,0,200,0,,,,,,,,,,,,,,,,,,,,,,,,,,,100,37428,100,57646450080,100,177515588069,,,,,,,,,,
2019-12-27,Z302T6N7,ST4000DM000,4000787030016,0,119,227254024,,,92,0,100,24,100,0,78,63365136,,,58,37654,100,0,,,100,24,,,,,,,,,,,,,,,,,,,,,,,,,,,,,,,,,96,4,100,0,100,0,100,0,100,0,68,32,100,0,100,2,94,13745,32,32,,,,,100,0,100,0,200,0,,,,,,,,,,,,,,,,,,,,,,,,,,,100,37451,100,57656285680,100,177846828839,,,,,,,,,,
2019-12-28,Z302T6N7,ST4000DM000,4000787030016,0,115,84919912,,,92,0,100,24,100,0,78,64451503,,,57,37678,100,0,,,100,24,,,,,,,,,,,,,,,,,,,,,,,,,,,,,,,,,96,4,100,0,100,0,100,0,100,0,70,30,100,0,100,2,94,13745,30,30,,,,,100,0,100,0,200,0,,,,,,,,,,,,,,,,,,,,,,,,,,,100,37475,100,57668802680,100,178156015034,,,,,,,,,,
2019-12-29,Z302T6N7,ST4000DM000,4000787030016,0,100,2943104,,,92,0,100,24,100,0,78,66061278,,,57,37701,100,0,,,100,24,,,,,,,,,,,,,,,,,,,,,,,,,,,,,,,,,96,4,100,0,100,0,100,0,100,0,74,26,100,0,100,2,94,13745,26,26,,,,,100,0,100,0,200,0,,,,,,,,,,,,,,,,,,,,,,,,,,,100,37499,100,57681286304,100,178508547018,,,,,,,,,,
2019-12-30,Z302T6N7,ST4000DM000,4000787030016,0,110,26444336,,,92,0,100,24,100,0,78,68241093,,,57,37725,100,0,,,100,24,,,,,,,,,,,,,,,,,,,,,,,,,,,,,,,,,96,4,100,0,100,0,100,0,100,0,69,31,100,0,100,2,94,13745,31,31,,,,,100,0,100,0,200,0,,,,,,,,,,,,,,,,,,,,,,,,,,,100,37523,100,57697992488,100,178839878403,,,,,,,,,,
2019-12-31,Z302T6N7,ST4000DM000,4000787030016,0,117,137454840,,,92,0,100,24,100,0,78,70000984,,,57,37749,100,0,,,100,24,,,,,,,,,,,,,,,,,,,,,,,,,,,,,,,,,96,4,100,0,100,0,100,0,100,0,69,31,100,0,100,2,94,13745,31,31,,,,,100,0,100,0,200,0,,,,,,,,,,,,,,,,,,,,,,,,,,,100,37546,100,57717427880,100,179132202113,,,,,,,,,,
