2019-01-01,Z302F0JE,ST4000DM000,4000787030016,0,117,130285192,,,92,0,100,14,100,0,87,580816991,,,63,32513,100,0,,,100,15,,,,,,,,,,,,,,,,,,,,,,,,,,,,,,,100,0,100,0,100,0,100,0,100,0,83,17,100,0,100,0,82,36851,17,17,,,,,100,0,100,0,200,0,,,,,,,,,,,,,,,,,,,,,,,,,,,100,32326,100,56161362428,100,122470665295,,,,,,,,,,
2019-01-02,Z302F0JE,ST4000DM000,4000787030016,0,118,200404952,,,92,0,100,14,100,0,87,581292329,,,63,32537,100,0,,,100,15,,,,,,,,,,,,,,,,,,,,,,,,,,,,,,,100,0,100,0,100,0,100,0,100,0,83,17,100,0,100,0,82,36851,17,17,,,,,100,0,100,0,200,0,,,,,,,,,,,,,,,,,,,,,,,,,,,100,32350,100,56175933324,100,122511069142,,,,,,,,,,
2019-01-03,Z302F0JE,ST4000DM000,4000787030016,0,115,97193528,,,92,0,100,14,100,0,87,581803149,,,63,32560,100,0,,,100,15,,,,,,,,,,,,,,,,,,,,,,,,,,,,,,,100,0,100,0,100,0,100,0,100,0,81,19,100,0,100,0,82,36851,19,19,,,,,100,0,100,0,200,0,,,,,,,,,,,,,,,,,,,,,,,,,,,100,32374,100,56192520996,100,122543131290,,,,,,,,,,
2019-01-04,Z302F0JE,ST4000DM000,4000787030016,0,111,37215456,,,92,0,100,14,100,0,87,582713885,,,63,32585,100,0,,,100,15,,,,,,,,,,,,,,,,,,,,,,,,,,,,,,,100,0,100,0,100,0,100,0,100,0,80,20,100,0,100,0,82,36851,20,20,,,,,100,0,100,0,200,0,,,,,,,,,,,,,,,,,,,,,,,,,,,100,32398,100,56225721788,100,122602537042,,,,,,,,,,
2019-01-05,Z302F0JE,ST4000DM000,4000787030016,0,115,85451232,,,92,0,100,14,100,0,87,584882843,,,63,32608,100,0,,,100,15,,,,,,,,,,,,,,,,,,,,,,,,,,,,,,,100,0,100,0,100,0,100,0,100,0,80,20,100,0,100,0,82,36851,20,20,,,,,100,0,100,0,200,0,,,,,,,,,,,,,,,,,,,,,,,,,,,100,32422,100,56260259500,100,122716884724,,,,,,,,,,
2019-01-06,Z302F0JE,ST4000DM000,4000787030016,0,105,10168720,,,92,0,100,14,100,0,87,586456665,,,63,32633,100,0,,,100,15,,,,,,,,,,,,,,,,,,,,,,,,,,,,,,,100,0,100,0,100,0,100,0,100,0,81,19,100,0,100,0,82,36851,19,19,,,,,100,0,100,0,200,0,,,,,,,,,,,,,,,,,,,,,,,,,,,100,32446,100,56279506420,100,122866511600,,,,,,,,,,
2019-01-07,Z302F0JE,ST4000DM000,4000787030016,0,107,14344808,,,92,0,100,14,100,0,87,587857459,,,63,32657,100,0,,,100,15,,,,,,,,,,,,,,,,,,,,,,,,,,,,,,,100,0,100,0,100,0,100,0,100,0,81,19,100,0,100,0,82,36851,19,19,,,,,100,0,100,0,200,0,,,,,,,,,,,,,,,,,,,,,,,,,,,100,32470,100,56305519180,100,122976997976,,,,,,,,,,
2019-01-08,Z302F0JE,ST4000DM000,4000787030016,0,116,105158200,,,92,0,100,14,100,0,87,589962684,,,63,32681,100,0,,,100,15,,,,,,,,,,,,,,,,,,,,,,,,,,,,,,,100,0,100,0,100,0,100,0,100,0,81,19,100,0,100,0,82,36851,19,19,,,,,100,0,100,0,200,0,,,,,,,,,,,,,,,,,,,,,,,,,,,100,32494,100,56328234108,100,123063202883,,,,,,,,,,
2019-01-09,Z302F0JE,ST4000DM000,4000787030016,0,119,204000912,,,92,0,100,14,100,0,87,592918660,,,63,32705,100,0,,,100,15,,,,,,,,,,,,,,,,,,,,,,,,,,,,,,,100,0,100,0,100,0,100,0,100,0,81,19,100,0,100,0,82,36851,19,19,,,,,100,0,100,0,200,0,,,,,,,,,,,,,,,,,,,,,,,,,,,100,32518,100,56353360380,100,123226680324,,,,,,,,,,
2019-01-10,Z302F0JE,ST4000DM000,4000787030016,0,109,24408032,,,92,0,100,14,100,0,87,593362043,,,63,32722,100,0,,,100,15,,,,,,,,,,,,,,,,,,,,,,,,,,,,,,,100,0,100,0,100,0,100,0,100,0,81,19,100,0,100,0,82,36851,19,19,,,,,100,0,100,0,200,0,,,,,,,,,,,,,,,,,,,,,,,,,,,100,32535,100,56367391516,100,123275580104,,,,,,,,,,
2019-01-11,Z302F0JE,ST4000DM000,4000787030016,0,117,135479392,,,92,0,100,14,100,0,87,595173060,,,63,32754,100,0,,,100,15,,,,,,,,,,,,,,,,,,,,,,,,,,,,,,,100,0,100,0,100,0,100,0,100,0,81,19,100,0,100,0,82,36851,19,19,,,,,100,0,100,0,200,0,,,,,,,,,,,,,,,,,,,,,,,,,,,100,32567,100,56404115948,100,123473699035,,,,,,,,,,
2019-01-12,Z302F0JE,ST4000DM000,4000787030016,0,119,211171920,,,92,0,100,14,100,0,87,597493894,,,63,32777,100,0,,,100,15,,,,,,,,,,,,,,,,,,,,,,,,,,,,,,,100,0,100,0,100,0,100,0,100,0,81,19,100,0,100,0,82,36851,19,19,,,,,100,0,100,0,200,0,,,,,,,,,,,,,,,,,,,,,,,,,,,100,32591,100,56436838492,100,123646869333,,,,,,,,,,
2019-01-13,Z302F0JE,ST4000DM000,4000787030016,0,114,75682008,,,92,0,100,14,100,0,87,598690801,,,63,32801,100,0,,,100,15,,,,,,,,,,,,,,,,,,,,,,,,,,,,,,,100,0,100,0,100,0,100,0,100,0,82,18,100,0,100,0,82,36851,18,18,,,,,100,0,100,0,200,0,,,,,,,,,,,,,,,,,,,,,,,,,,,100,32614,100,56457556260,100,123798803332,,,,,,,,,,
2019-01-14,Z302F0JE,ST4000DM000,4000787030016,0,119,231009672,,,92,0,100,14,100,0,87,599519036,,,63,32825,100,0,,,100,15,,,,,,,,,,,,,,,,,,,,,,,,,,,,,,,100,0,100,0,100,0,100,0,100,0,81,19,100,0,100,0,82,36851,19,19,,,,,100,0,100,0,200,0,,,,,,,,,,,,,,,,,,,,,,,,,,,100,32638,100,56474640460,100,123907535747,,,,,,,,,,
2019-01-15,Z302F0JE,ST4000DM000,4000787030016,0,109,22007368,,,92,0,100,14,100,0,87,601278234,,,63,32848,100,0,,,100,15,,,,,,,,,,,,,,,,,,,,,,,,,,,,,,,100,0,100,0,100,0,100,0,100,0,80,20,100,0,100,0,82,36851,20,20,,,,,100,0,100,0,200,0,,,,,,,,,,,,,,,,,,,,,,,,,,,100,32661,100,56496983924,100,123998116897,,,,,,,,,,
2019-01-16,Z302F0JE,ST4000DM000,4000787030016,0,120,239954032,,,92,0,100,14,100,0,87,602280240,,,63,32872,100,0,,,100,15,,,,,,,,,,,,,,,,,,,,,,,,,,,,,,,100,0,100,0,100,0,100,0,100,0,81,19,100,0,100,0,82,36851,19,19,,,,,100,0,100,0,200,0,,,,,,,,,,,,,,,,,,,,,,,,,,,100,32685,100,56512517260,100,124137436291,,,,,,,,,,
2019-01-17,Z302F0JE,ST4000DM000,4000787030016,0,117,121741864,,,92,0,100,14,100,0,87,603127007,,,63,32896,100,0,,,100,15,,,,,,,,,,,,,,,,,,,,,,,,,,,,,,,100,0,100,0,100,0,100,0,100,0,80,20,100,0,100,0,82,36851,20,20,,,,,100,0,100,0,200,0,,,,,,,,,,,,,,,,,,,,,,,,,,,100,32709,100,56526931060,100,124259105315,,,,,,,,,,
2019-01-18,Z302F0JE,ST4000DM000,4000787030016,0,115,88783640,,,92,0,100,14,100,0,87,603948172,,,63,32919,100,0,,,100,15,,,,,,,,,,,,,,,,,,,,,,,,,,,,,,,100,0,100,0,100,0,100,0,100,0,82,18,100,0,100,0,82,36851,18,18,,,,,100,0,100,0,200,0,,,,,,,,,,,,,,,,,,,,,,,,,,,100,32733,100,56549779036,100,124349327386,,,,,,,,,,
2019-01-19,Z302F0JE,ST4000DM000,4000787030016,0,118,197247448,,,92,0,100,14,100,0,87,605766362,,,63,32943,100,0,,,100,15,,,,,,,,,,,,,,,,,,,,,,,,,,,,,,,100,0,100,0,100,0,100,0,100,0,81,19,100,0,100,0,82,36851,19,19,,,,,100,0,100,0,200,0,,,,,,,,,,,,,,,,,,,,,,,,,,,100,32756,100,56570215044,100,124435206157,,,,,,,,,,
2019-01-20,Z302F0JE,ST4000DM000,4000787030016,0,104,6998488,,,92,0,100,14,100,0,87,606487277,,,63,32967,100,0,,,100,15,,,,,,,,,,,,,,,,,,,,,,,,,,,,,,,100,0,100,0,100,0,100,0,100,0,81,19,100,0,100,0,82,36851,19,19,,,,,100,0,100,0,200,0,,,,,,,,,,,,,,,,,,,,,,,,,,,100,32780,100,56588401364,100,124526459468,,,,,,,,,,
2019-01-21,Z302F0JE,ST4000DM000,4000787030016,0,99,2523904,,,92,0,100,14,100,0,87,607036741,,,63,32990,100,0,,,100,15,,,,,,,,,,,,,,,,,,,,,,,,,,,,,,,100,0,100,0,100,0,100,0,100,0,82,18,100,0,100,0,82,36851,18,18,,,,,100,0,100,0,200,0,,,,,,,,,,,,,,,,,,,,,,,,,,,100,32804,100,56604652452,100,124644005309,,,,,,,,,,
2019-01-22,Z302F0JE,ST4000DM000,4000787030016,0,110,28366896,,,92,0,100,14,100,0,87,608727953,,,63,33014,100,0,,,100,15,,,,,,,,,,,,,,,,,,,,,,,,,,,,,,,100,0,100,0,100,0,100,0,100,0,82,18,100,0,100,0,82,36851,18,18,,,,,100,0,100,0,200,0,,,,,,,,,,,,,,,,,,,,,,,,,,,100,32827,100,56624233636,100,124766637324,,,,,,,,,,
2019-01-23,Z302F0JE,ST4000DM000,4000787030016,0,104,6776872,,,92,0,100,14,100,0,87,609502277,,,63,33038,100,0,,,100,15,,,,,,,,,,,,,,,,,,,,,,,,,,,,,,,100,0,100,0,100,0,100,0,100,0,82,18,100,0,100,0,82,36851,18,18,,,,,100,0,100,0,200,0,,,,,,,,,,,,,,,,,,,,,,,,,,,100,32851,100,56653816524,100,124896196074,,,,,,,,,,
2019-01-24,Z302F0JE,ST4000DM000,4000787030016,0,118,174766560,,,92,0,100,14,100,0,87,610696252,,,63,33062,100,0,,,100,15,,,,,,,,,,,,,,,,,,,,,,,,,,,,,,,100,0,100,0,100,0,100,0,100,0,82,18,100,0,100,0,82,36851,18,18,,,,,100,0,100,0,200,0,,,,,,,,,,,,,,,,,,,,,,,,,,,100,32875,100,56678423692,100,125030840093,,,,,,,,,,
2019-01-25,Z302F0JE,ST4000DM000,4000787030016,0,114,81442112,,,92,0,100,14,100,0,87,613199489,,,63,33086,100,0,,,100,15,,,,,,,,,,,,,,,,,,,,,,,,,,,,,,,100,0,100,0,100,0,100,0,100,0,82,18,100,0,100,0,82,36851,18,18,,,,,100,0,100,0,200,0,,,,,,,,,,,,,,,,,,,,,,,,,,,100,32899,100,56701761940,100,125183067628,,,,,,,,,,
2019-01-26,Z302F0JE,ST4000DM000,4000787030016,0,118,190848232,,,92,0,100,14,100,0,87,614712727,,,63,33109,100,0,,,100,15,,,,,,,,,,,,,,,,,,,,,,,,,,,,,,,100,0,100,0,100,0,100,0,100,0,82,18,100,0,100,0,82,36851,18,18,,,,,100,0,100,0,200,0,,,,,,,,,,,,,,,,,,,,,,,,,,,100,32923,100,56724627764,100,125368588906,,,,,,,,,,
2019-01-27,Z302F0JE,ST4000DM000,4000787030016,0,117,135853920,,,92,0,100,14,100,0,87,615954347,,,63,33133,100,0,,,100,15,,,,,,,,,,,,,,,,,,,,,,,,,,,,,,,100,0,100,0,100,0,100,0,100,0,81,19,100,0,100,0,82,36851,19,19,,,,,100,0,100,0,200,0,,,,,,,,,,,,,,,,,,,,,,,,,,,100,32946,100,56742604828,100,125534981572,,,,,,,,,,
2019-01-28,Z302F0JE,ST4000DM000,4000787030016,0,117,145736736,,,92,0,100,14,100,0,87,617115028,,,63,33157,100,0,,,100,15,,,,,,,,,,,,,,,,,,,,,,,,,,,,,,,100,0,100,0,100,0,100,0,100,0,81,19,100,0,100,0,82,36851,19,19,,,,,100,0,100,0,200,0,,,,,,,,,,,,,,,,,,,,,,,,,,,100,32970,100,56765152812,100,125698345347,,,,,,,,,,
2019-01-29,Z302F0JE,ST4000DM000,4000787030016,0,108,14963624,,,92,0,100,14,100,0,87,619083890,,,63,33181,100,0,,,100,15,,,,,,,,,,,,,,,,,,,,,,,,,,,,,,,100,0,100,0,100,0,100,0,100,0,82,18,100,0,100,0,82,36851,18,18,,,,,100,0,100,0,200,0,,,,,,,,,,,,,,,,,,,,,,,,,,,100,32994,100,56786718732,100,125823060037,,,,,,,,,,
2019-01-30,Z302F0JE,ST4000DM000,4000787030016,0,109,22811192,,,92,0,100,14,100,0,87,620239532,,,63,33205,100,0,,,100,15,,,,,,,,,,,,,,,,,,,,,,,,,,,,,,,100,0,100,0,100,0,100,0,100,0,81,19,100,0,100,0,82,36851,19,19,,,,,100,0,100,0,200,0,,,,,,,,,,,,,,,,,,,,,,,,,,,100,33018,100,56803971364,100,125993461920,,,,,,,,,,
2019-01-31,Z302F0JE,ST4000DM000,4000787030016,0,115,97076216,,,92,0,100,14,100,0,87,621853376,,,63,33228,100,0,,,100,15,,,,,,,,,,,,,,,,,,,,,,,,,,,,,,,100,0,100,0,100,0,100,0,100,0,82,18,100,0,100,0,82,36851,18,18,,,,,100,0,100,0,200,0,,,,,,,,,,,,,,,,,,,,,,,,,,,100,33042,100,56838009780,100,126174815137,,,,,,,,,,
2019-02-01,Z302F0JE,ST4000DM000,4000787030016,0,109,22340808,,,92,0,100,14,100,0,87,622978184,,,63,33252,100,0,,,100,15,,,,,,,,,,,,,,,,,,,,,,,,,,,,,,,100,0,100,0,100,0,100,0,100,0,81,19,100,0,100,0,82,36851,19,19,,,,,100,0,100,0,200,0,,,,,,,,,,,,,,,,,,,,,,,,,,,100,33065,100,56864996684,100,126338920349,,,,,,,,,,
2019-02-02,Z302F0JE,ST4000DM000,4000787030016,0,117,159498624,,,92,0,100,14,100,0,87,625045167,,,63,33275,100,0,,,100,15,,,,,,,,,,,,,,,,,,,,,,,,,,,,,,,100,0,100,0,100,0,100,0,100,0,82,18,100,0,100,0,82,36851,18,18,,,,,100,0,100,0,200,0,,,,,,,,,,,,,,,,,,,,,,,,,,,100,33089,100,56892936188,100,126519673882,,,,,,,,,,
2019-02-03,Z302F0JE,ST4000DM000,4000787030016,0,119,232042728,,,92,0,100,14,100,0,87,626504501,,,62,33299,100,0,,,100,15,,,,,,,,,,,,,,,,,,,,,,,,,,,,,,,100,0,100,0,100,0,100,0,100,0,81,19,100,0,100,0,82,36851,19,19,,,,,100,0,100,0,200,0,,,,,,,,,,,,,,,,,,,,,,,,,,,100,33112,100,56906775516,100,126650294402,,,,,,,,,,
2019-02-04,Z302F0JE,ST4000DM000,4000787030016,0,115,92895744,,,92,0,100,14,100,0,87,627321743,,,62,33323,100,0,,,100,15,,,,,,,,,,,,,,,,,,,,,,,,,,,,,,,100,0,100,0,100,0,100,0,100,0,81,19,100,0,100,0,82,36851,19,19,,,,,100,0,100,0,200,0,,,,,,,,,,,,,,,,,,,,,,,,,,,100,33136,100,56917229212,100,126777506488,,,,,,,,,,
2019-02-05,Z302F0JE,ST4000DM000,4000787030016,0,115,87993808,,,92,0,100,14,100,0,87,629115878,,,62,33346,100,0,,,100,15,,,,,,,,,,,,,,,,,,,,,,,,,,,,,,,100,0,100,0,100,0,100,0,100,0,82,18,100,0,100,0,82,36851,18,18,,,,,100,0,100,0,200,0,,,,,,,,,,,,,,,,,,,,,,,,,,,100,33160,100,56931359452,100,126873232606,,,,,,,,,,
2019-02-06,Z302F0JE,ST4000DM000,4000787030016,0,114,66019712,,,92,0,100,14,100,0,87,630202696,,,62,33370,100,0,,,100,15,,,,,,,,,,,,,,,,,,,,,,,,,,,,,,,100,0,100,0,100,0,100,0,100,0,80,20,100,0,100,0,82,36851,20,20,,,,,100,0,100,0,200,0,,,,,,,,,,,,,,,,,,,,,,,,,,,100,33183,100,56948819100,100,127012590177,,,,,,,,,,
2019-02-07,Z302F0JE,ST4000DM000,4000787030016,0,114,77003944,,,92,0,100,14,100,0,87,631531312,,,62,33394,100,0,,,100,15,,,,,,,,,,,,,,,,,,,,,,,,,,,,,,,100,0,100,0,100,0,100,0,100,0,81,19,100,0,100,0,82,36851,19,19,,,,,100,0,100,0,200,0,,,,,,,,,,,,,,,,,,,,,,,,,,,100,33207,100,56978012620,100,127168034431,,,,,,,,,,
2019-02-08,Z302F0JE,ST4000DM000,4000787030016,0,119,210337336,,,92,0,100,14,100,0,87,632482854,,,62,33418,100,0,,,100,15,,,,,,,,,,,,,,,,,,,,,,,,,,,,,,,100,0,100,0,100,0,100,0,100,0,81,19,100,0,100,0,82,36851,19,19,,,,,100,0,100,0,200,0,,,,,,,,,,,,,,,,,,,,,,,,,,,100,33231,100,56993840412,100,127285635778,,,,,,,,,,
2019-02-09,Z302F0JE,ST4000DM000,4000787030016,0,117,167497672,,,92,0,100,14,100,0,87,634312831,,,62,33441,100,0,,,100,15,,,,,,,,,,,,,,,,,,,,,,,,,,,,,,,100,0,100,0,100,0,100,0,100,0,82,18,100,0,100,0,82,36851,18,18,,,,,100,0,100,0,200,0,,,,,,,,,,,,,,,,,,,,,,,,,,,100,33255,100,57010090244,100,127425441517,,,,,,,,,,
2019-02-10,Z302F0JE,ST4000DM000,4000787030016,0,117,166532024,,,92,0,100,14,100,0,87,637002879,,,62,33465,100,0,,,100,15,,,,,,,,,,,,,,,,,,,,,,,,,,,,,,,100,0,100,0,100,0,100,0,100,0,81,19,100,0,100,0,82,36851,19,19,,,,,100,0,100,0,200,0,,,,,,,,,,,,,,,,,,,,,,,,,,,100,33278,100,57028880596,100,127586326874,,,,,,,,,,
2019-02-11,Z302F0JE,ST4000DM000,4000787030016,0,117,164315144,,,92,0,100,14,100,0,87,638093476,,,62,33489,100,0,,,100,15,,,,,,,,,,,,,,,,,,,,,,,,,,,,,,,100,0,100,0,100,0,100,0,100,0,80,20,100,0,100,0,82,36851,20,20,,,,,100,0,100,0,200,0,,,,,,,,,,,,,,,,,,,,,,,,,,,100,33302,100,57042515540,100,127728447552,,,,,,,,,,
2019-02-12,Z302F0JE,ST4000DM000,4000787030016,0,102,4660288,,,92,0,100,14,100,0,87,640175831,,,62,33513,100,0,,,100,15,,,,,,,,,,,,,,,,,,,,,,,,,,,,,,,100,0,100,0,100,0,100,0,100,0,79,21,100,0,100,0,82,36851,21,21,,,,,100,0,100,0,200,0,,,,,,,,,,,,,,,,,,,,,,,,,,,100,33326,100,57060029516,100,127860713482,,,,,,,,,,
2019-02-13,Z302F0JE,ST4000DM000,4000787030016,0,112,44960208,,,92,0,100,14,100,0,87,641298262,,,62,33536,100,0,,,100,15,,,,,,,,,,,,,,,,,,,,,,,,,,,,,,,100,0,100,0,100,0,100,0,100,0,82,18,100,0,100,0,82,36851,18,18,,,,,100,0,100,0,200,0,,,,,,,,,,,,,,,,,,,,,,,,,,,100,33350,100,57073306972,100,128020544551,,,,,,,,,,
2019-02-14,Z302F0JE,ST4000DM000,4000787030016,0,119,216044992,,,92,0,100,14,100,0,87,642423504,,,62,33560,100,0,,,100,15,,,,,,,,,,,,,,,,,,,,,,,,,,,,,,,100,0,100,0,100,0,100,0,100,0,81,19,100,0,100,0,82,36851,19,19,,,,,100,0,100,0,200,0,,,,,,,,,,,,,,,,,,,,,,,,,,,100,33373,100,57087990860,100,128159424686,,,,,,,,,,
2019-02-15,Z302F0JE,ST4000DM000,4000787030016,0,115,88639768,,,92,0,100,14,100,0,87,643822721,,,62,33584,100,0,,,100,15,,,,,,,,,,,,,,,,,,,,,,,,,,,,,,,100,0,100,0,100,0,100,0,100,0,81,19,100,0,100,0,82,36851,19,19,,,,,100,0,100,0,200,0,,,,,,,,,,,,,,,,,,,,,,,,,,,100,33397,100,57110851772,100,128326781933,,,,,,,,,,
2019-02-16,Z302F0JE,ST4000DM000,4000787030016,0,119,226311888,,,92,0,100,14,100,0,87,645344776,,,62,33608,100,0,,,100,15,,,,,,,,,,,,,,,,,,,,,,,,,,,,,,,100,0,100,0,100,0,100,0,100,0,81,19,100,0,100,0,82,36851,19,19,,,,,100,0,100,0,200,0,,,,,,,,,,,,,,,,,,,,,,,,,,,100,33421,100,57130047604,100,128486692133,,,,,,,,,,
2019-02-17,Z302F0JE,ST4000DM000,4000787030016,0,116,106049480,,,92,0,100,14,100,0,87,647603932,,,62,33632,100,0,,,100,15,,,,,,,,,,,,,,,,,,,,,,,,,,,,,,,100,0,100,0,100,0,100,0,100,0,81,19,100,0,100,0,82,36851,19,19,,,,,100,0,100,0,200,0,,,,,,,,,,,,,,,,,,,,,,,,,,,100,33445,100,57157057412,100,128628713484,,,,,,,,,,
2019-02-18,Z302F0JE,ST4000DM000,4000787030016,0,118,175799944,,,92,0,100,14,100,0,87,648846657,,,62,33655,100,0,,,100,15,,,,,,,,,,,,,,,,,,,,,,,,,,,,,,,100,0,100,0,100,0,100,0,100,0,78,22,100,0,100,0,82,36851,22,22,,,,,100,0,100,0,200,0,,,,,,,,,,,,,,,,,,,,,,,,,,,100,33469,100,57178929652,100,128774957382,,,,,,,,,,
2019-02-19,Z302F0JE,ST4000DM000,4000787030016,0,111,40819992,,,92,0,100,14,100,0,87,650968185,,,62,33679,100,0,,,100,15,,,,,,,,,,,,,,,,,,,,,,,,,,,,,,,100,0,100,0,100,0,100,0,100,0,79,21,100,0,100,0,82,36851,21,21,,,,,100,0,100,0,200,0,,,,,,,,,,,,,,,,,,,,,,,,,,,100,33492,100,57201716100,100,128884355122,,,,,,,,,,
2019-02-20,Z302F0JE,ST4000DM000,4000787030016,0,116,104678680,,,92,0,100,14,100,0,87,651869858,,,62,33703,100,0,,,100,15,,,,,,,,,,,,,,,,,,,,,,,,,,,,,,,100,0,100,0,100,0,100,0,100,0,81,19,100,0,100,0,82,36851,19,19,,,,,100,0,100,0,200,0,,,,,,,,,,,,,,,,,,,,,,,,,,,100,33516,100,57227049044,100,128965318891,,,,,,,,,,
2019-02-21,Z302F0JE,ST4000DM000,4000787030016,0,118,176653808,,,92,0,100,14,100,0,87,652744401,,,62,33727,100,0,,,100,15,,,,,,,,,,,,,,,,,,,,,,,,,,,,,,,100,0,100,0,100,0,100,0,100,0,80,20,100,0,100,0,82,36851,20,20,,,,,100,0,100,0,200,0,,,,,,,,,,,,,,,,,,,,,,,,,,,100,33540,100,57237077892,100,129061189453,,,,,,,,,,
2019-02-22,Z302F0JE,ST4000DM000,4000787030016,0,115,94092464,,,92,0,100,14,100,0,87,653797645,,,62,33750,100,0,,,100,15,,,,,,,,,,,,,,,,,,,,,,,,,,,,,,,100,0,100,0,100,0,100,0,100,0,78,22,100,0,100,0,82,36851,22,22,,,,,100,0,100,0,200,0,,,,,,,,,,,,,,,,,,,,,,,,,,,100,33563,100,57251005884,100,129181812326,,,,,,,,,,
2019-02-23,Z302F0JE,ST4000DM000,4000787030016,0,115,99056648,,,92,0,100,14,100,0,87,654905939,,,62,33774,100,0,,,100,15,,,,,,,,,,,,,,,,,,,,,,,,,,,,,,,100,0,100,0,100,0,100,0,100,0,79,21,100,0,100,0,82,36851,21,21,,,,,100,0,100,0,200,0,,,,,,,,,,,,,,,,,,,,,,,,,,,100,33587,100,57263932100,100,129309409421,,,,,,,,,,
2019-02-24,Z302F0JE,ST4000DM000,4000787030016,0,117,164033744,,,92,0,100,14,100,0,87,657250860,,,62,33798,100,0,,,100,15,,,,,,,,,,,,,,,,,,,,,,,,,,,,,,,100,0,100,0,100,0,100,0,100,0,80,20,100,0,100,0,82,36851,20,20,,,,,100,0,100,0,200,0,,,,,,,,,,,,,,,,,,,,,,,,,,,100,33611,100,57284112604,100,129452742418,,,,,,,,,,
2019-02-25,Z302F0JE,ST4000DM000,4000787030016,0,108,18130408,,,92,0,100,14,100,0,87,659864589,,,62,33822,100,0,,,100,15,,,,,,,,,,,,,,,,,,,,,,,,,,,,,,,100,0,100,0,100,0,100,0,100,0,81,19,100,0,100,0,82,36851,19,19,,,,,100,0,100,0,200,0,,,,,,,,,,,,,,,,,,,,,,,,,,,100,33635,100,57302815292,100,129573926957,,,,,,,,,,
2019-02-26,Z302F0JE,ST4000DM000,4000787030016,0,120,2416072,,,92,0,100,14,100,0,87,661543446,,,62,33845,100,0,,,100,15,,,,,,,,,,,,,,,,,,,,,,,,,,,,,,,100,0,100,0,100,0,100,0,100,0,82,18,100,0,100,0,82,36851,18,18,,,,,100,0,100,0,200,0,,,,,,,,,,,,,,,,,,,,,,,,,,,100,33659,100,57320332748,100,129641453154,,,,,,,,,,
2019-02-27,Z302F0JE,ST4000DM000,4000787030016,0,119,204702336,,,92,0,100,14,100,0,87,662434652,,,62,33869,100,0,,,100,15,,,,,,,,,,,,,,,,,,,,,,,,,,,,,,,100,0,100,0,100,0,100,0,100,0,81,19,100,0,100,0,82,36851,19,19,,,,,100,0,100,0,200,0,,,,,,,,,,,,,,,,,,,,,,,,,,,100,33682,100,57330256220,100,129733301088,,,,,,,,,,
2019-02-28,Z302F0JE,ST4000DM000,4000787030016,0,115,86224056,,,92,0,100,14,100,0,87,663677272,,,62,33905,100,0,,,100,15,,,,,,,,,,,,,,,,,,,,,,,,,,,,,,,100,0,100,0,100,0,100,0,100,0,81,19,100,0,100,0,82,36851,19,19,,,,,100,0,100,0,200,0,,,,,,,,,,,,,,,,,,,,,,,,,,,100,33718,100,57341859292,100,129863929146,,,,,,,,,,
2019-03-01,Z302F0JE,ST4000DM000,4000787030016,0,119,217455664,,,92,0,100,14,100,0,87,664373932,,,62,33929,100,0,,,100,15,,,,,,,,,,,,,,,,,,,,,,,,,,,,,,,100,0,100,0,100,0,100,0,100,0,82,18,100,0,100,0,82,36851,18,18,,,,,100,0,100,0,200,0,,,,,,,,,,,,,,,,,,,,,,,,,,,100,33742,100,57352072132,100,129929701896,,,,,,,,,,
2019-03-02,Z302F0JE,ST4000DM000,4000787030016,0,119,223292288,,,92,0,100,14,100,0,87,666167970,,,62,33952,100,0,,,100,15,,,,,,,,,,,,,,,,,,,,,,,,,,,,,,,100,0,100,0,100,0,100,0,100,0,82,18,100,0,100,0,82,36851,18,18,,,,,100,0,100,0,200,0,,,,,,,,,,,,,,,,,,,,,,,,,,,100,33766,100,57369462724,100,129996360781,,,,,,,,,,
2019-03-03,Z302F0JE,ST4000DM000,4000787030016,0,117,157003120,,,92,0,100,14,100,0,87,666592175,,,62,33976,100,0,,,100,15,,,,,,,,,,,,,,,,,,,,,,,,,,,,,,,100,0,100,0,100,0,100,0,100,0,81,19,100,0,100,0,82,36851,19,19,,,,,100,0,100,0,200,0,,,,,,,,,,,,,,,,,,,,,,,,,,,100,33789,100,57382091012,100,130024660965,,,,,,,,,,
2019-03-04,Z302F0JE,ST4000DM000,4000787030016,0,117,138792784,,,92,0,100,14,100,0,87,667320710,,,62,34000,100,0,,,100,15,,,,,,,,,,,,,,,,,,,,,,,,,,,,,,,100,0,100,0,100,0,100,0,100,0,81,19,100,0,100,0,82,36851,19,19,,,,,100,0,100,0,200,0,,,,,,,,,,,,,,,,,,,,,,,,,,,100,33813,100,57397901924,100,130079771397,,,,,,,,,,
2019-03-05,Z302F0JE,ST4000DM000,4000787030016,0,119,226245056,,,92,0,100,14,100,0,87,668955671,,,62,34024,100,0,,,100,15,,,,,,,,,,,,,,,,,,,,,,,,,,,,,,,100,0,100,0,100,0,100,0,100,0,82,18,100,0,100,0,82,36851,18,18,,,,,100,0,100,0,200,0,,,,,,,,,,,,,,,,,,,,,,,,,,,100,33837,100,57413217572,100,130134309940,,,,,,,,,,
2019-03-06,Z302F0JE,ST4000DM000,4000787030016,0,116,111427600,,,92,0,100,14,100,0,87,669954980,,,62,34048,100,0,,,100,15,,,,,,,,,,,,,,,,,,,,,,,,,,,,,,,100,0,100,0,100,0,100,0,100,0,82,18,100,0,100,0,82,36851,18,18,,,,,100,0,100,0,200,0,,,,,,,,,,,,,,,,,,,,,,,,,,,100,33861,100,57424439372,100,130245265250,,,,,,,,,,
2019-03-07,Z302F0JE,ST4000DM000,4000787030016,0,108,15343608,,,92,0,100,14,100,0,88,671257126,,,62,34071,100,0,,,100,15,,,,,,,,,,,,,,,,,,,,,,,,,,,,,,,100,0,100,0,100,0,100,0,100,0,82,18,100,0,100,0,82,36851,18,18,,,,,100,0,100,0,200,0,,,,,,,,,,,,,,,,,,,,,,,,,,,100,33885,100,57433898044,100,130368770217,,,,,,,,,,
2019-03-08,Z302F0JE,ST4000DM000,4000787030016,0,105,8384656,,,92,0,100,14,100,0,88,673130441,,,62,34095,100,0,,,100,15,,,,,,,,,,,,,,,,,,,,,,,,,,,,,,,100,0,100,0,100,0,100,0,100,0,82,18,100,0,100,0,82,36851,18,18,,,,,100,0,100,0,200,0,,,,,,,,,,,,,,,,,,,,,,,,,,,100,33908,100,57445882996,100,130509774026,,,,,,,,,,
2019-03-09,Z302F0JE,ST4000DM000,4000787030016,0,117,131035664,,,92,0,100,14,100,0,88,675058328,,,62,34119,100,0,,,100,15,,,,,,,,,,,,,,,,,,,,,,,,,,,,,,,100,0,100,0,100,0,100,0,100,0,79,21,100,0,100,0,82,36851,21,21,,,,,100,0,100,0,200,0,,,,,,,,,,,,,,,,,,,,,,,,,,,100,33932,100,57471385372,100,130617496124,,,,,,,,,,
2019-03-10,Z302F0JE,ST4000DM000,4000787030016,0,120,241269728,,,92,0,100,14,100,0,88,675897209,,,62,34143,100,0,,,100,15,,,,,,,,,,,,,,,,,,,,,,,,,,,,,,,100,0,100,0,100,0,100,0,100,0,80,20,100,0,100,0,82,36851,20,20,,,,,100,0,100,0,200,0,,,,,,,,,,,,,,,,,,,,,,,,,,,100,33956,100,57485503748,100,130736257601,,,,,,,,,,
2019-03-11,Z302F0JE,ST4000DM000,4000787030016,0,115,85665704,,,92,0,100,14,100,0,88,676636807,,,61,34166,100,0,,,100,15,,,,,,,,,,,,,,,,,,,,,,,,,,,,,,,100,0,100,0,100,0,100,0,100,0,81,19,100,0,100,0,82,36851,19,19,,,,,100,0,100,0,200,0,,,,,,,,,,,,,,,,,,,,,,,,,,,100,33980,100,57501453716,100,130828696200,,,,,,,,,,
2019-03-12,Z302F0JE,ST4000DM000,4000787030016,0,114,73859656,,,92,0,100,14,100,0,88,679393093,,,61,34190,100,0,,,100,15,,,,,,,,,,,,,,,,,,,,,,,,,,,,,,,100,0,100,0,100,0,100,0,100,0,82,18,100,0,100,0,82,36851,18,18,,,,,100,0,100,0,200,0,,,,,,,,,,,,,,,,,,,,,,,,,,,100,34004,100,57522759500,100,130927687214,,,,,,,,,,
2019-03-13,Z302F0JE,ST4000DM000,4000787030016,0,114,58733776,,,92,0,100,14,100,0,88,681093662,,,61,34214,100,0,,,100,15,,,,,,,,,,,,,,,,,,,,,,,,,,,,,,,100,0,100,0,100,0,100,0,100,0,82,18,100,0,100,0,82,36851,18,18,,,,,100,0,100,0,200,0,,,,,,,,,,,,,,,,,,,,,,,,,,,100,34027,100,57539576108,100,131059454783,,,,,,,,,,
2019-03-14,Z302F0JE,ST4000DM000,4000787030016,0,117,117729184,,,92,0,100,14,100,0,88,682012088,,,61,34238,100,0,,,100,15,,,,,,,,,,,,,,,,,,,,,,,,,,,,,,,100,0,100,0,100,0,100,0,100,0,82,18,100,0,100,0,82,36851,18,18,,,,,100,0,100,0,200,0,,,,,,,,,,,,,,,,,,,,,,,,,,,100,34051,100,57558553188,100,131165314576,,,,,,,,,,
2019-03-15,Z302F0JE,ST4000DM000,4000787030016,0,117,142783048,,,92,0,100,14,100,0,88,682932357,,,61,34262,100,0,,,100,15,,,,,,,,,,,,,,,,,,,,,,,,,,,,,,,100,0,100,0,100,0,100,0,100,0,82,18,100,0,100,0,82,36851,18,18,,,,,100,0,100,0,200,0,,,,,,,,,,,,,,,,,,,,,,,,,,,100,34075,100,57570763972,100,131296135087,,,,,,,,,,
2019-03-16,Z302F0JE,ST4000DM000,4000787030016,0,112,42188288,,,92,0,100,14,100,0,88,684419139,,,61,34286,100,0,,,100,15,,,,,,,,,,,,,,,,,,,,,,,,,,,,,,,100,0,100,0,100,0,100,0,100,0,83,17,100,0,100,0,82,36851,17,17,,,,,100,0,100,0,200,0,,,,,,,,,,,,,,,,,,,,,,,,,,,100,34099,100,57587865940,100,131372677995,,,,,,,,,,
2019-03-17,Z302F0JE,ST4000DM000,4000787030016,0,116,114179456,,,92,0,100,14,100,0,88,685189802,,,61,34309,100,0,,,100,15,,,,,,,,,,,,,,,,,,,,,,,,,,,,,,,100,0,100,0,100,0,100,0,100,0,82,18,100,0,100,0,82,36851,18,18,,,,,100,0,100,0,200,0,,,,,,,,,,,,,,,,,,,,,,,,,,,100,34123,100,57599820540,100,131454532451,,,,,,,,,,
2019-03-18,Z302F0JE,ST4000DM000,4000787030016,0,114,60300360,,,92,0,100,14,100,0,88,685715943,,,61,34333,100,0,,,100,15,,,,,,,,,,,,,,,,,,,,,,,,,,,,,,,100,0,100,0,100,0,100,0,100,0,83,17,100,0,100,0,82,36851,17,17,,,,,100,0,100,0,200,0,,,,,,,,,,,,,,,,,,,,,,,,,,,100,34146,100,57615464772,100,131562076775,,,,,,,,,,
2019-03-19,Z302F0JE,ST4000DM000,4000787030016,0,119,230281696,,,92,0,100,14,100,0,88,687514110,,,61,34357,100,0,,,100,15,,,,,,,,,,,,,,,,,,,,,,,,,,,,,,,100,0,100,0,100,0,100,0,100,0,82,18,100,0,100,0,82,36851,18,18,,,,,100,0,100,0,200,0,,,,,,,,,,,,,,,,,,,,,,,,,,,100,34170,100,57641675220,100,131682438422,,,,,,,,,,
2019-03-20,Z302F0JE,ST4000DM000,4000787030016,0,117,147728256,,,92,0,100,14,100,0,88,688255386,,,61,34381,100,0,,,100,15,,,,,,,,,,,,,,,,,,,,,,,,,,,,,,,100,0,100,0,100,0,100,0,100,0,81,19,100,0,100,0,82,36851,19,19,,,,,100,0,100,0,200,0,,,,,,,,,,,,,,,,,,,,,,,,,,,100,34194,100,57660162876,100,131832696563,,,,,,,,,,
2019-03-21,Z302F0JE,ST4000DM000,4000787030016,0,115,94434336,,,92,0,100,14,100,0,88,688928159,,,61,34405,100,0,,,100,15,,,,,,,,,,,,,,,,,,,,,,,,,,,,,,,100,0,100,0,100,0,100,0,100,0,82,18,100,0,100,0,82,36851,18,18,,,,,100,0,100,0,200,0,,,,,,,,,,,,,,,,,,,,,,,,,,,100,34218,100,57679295676,100,131954913122,,,,,,,,,,
2019-03-22,Z302F0JE,ST4000DM000,4000787030016,0,116,105439232,,,92,0,100,14,100,0,88,689606593,,,61,34429,100,0,,,100,15,,,,,,,,,,,,,,,,,,,,,,,,,,,,,,,100,0,100,0,100,0,100,0,100,0,82,18,100,0,100,0,82,36851,18,18,,,,,100,0,100,0,200,0,,,,,,,,,,,,,,,,,,,,,,,,,,,100,34242,100,57696983572,100,132121851467,,,,,,,,,,
2019-03-23,Z302F0JE,ST4000DM000,4000787030016,0,114,79271384,,,92,0,100,14,100,0,88,691227430,,,61,34453,100,0,,,100,15,,,,,,,,,,,,,,,,,,,,,,,,,,,,,,,100,0,100,0,100,0,100,0,100,0,81,19,100,0,100,0,82,36851,19,19,,,,,100,0,100,0,200,0,,,,,,,,,,,,,,,,,,,,,,,,,,,100,34266,100,57719846788,100,132302221721,,,,,,,,,,
2019-03-24,Z302F0JE,ST4000DM000,4000787030016,0,118,168476712,,,92,0,100,14,100,0,88,693041876,,,61,34477,100,0,,,100,15,,,,,,,,,,,,,,,,,,,,,,,,,,,,,,,100,0,100,0,100,0,100,0,100,0,81,19,100,0,100,0,82,36851,19,19,,,,,100,0,100,0,200,0,,,,,,,,,,,,,,,,,,,,,,,,,,,100,34290,100,57745372452,100,132475421702,,,,,,,,,,
2019-03-25,Z302F0JE,ST4000DM000,4000787030016,0,113,52408272,,,92,0,100,14,100,0,88,694207177,,,61,34500,100,0,,,100,15,,,,,,,,,,,,,,,,,,,,,,,,,,,,,,,100,0,100,0,100,0,100,0,100,0,82,18,100,0,100,0,82,36851,18,18,,,,,100,0,100,0,200,0,,,,,,,,,,,,,,,,,,,,,,,,,,,100,34314,100,57760841956,100,132657070929,,,,,,,,,,
2019-03-26,Z302F0JE,ST4000DM000,4000787030016,0,112,48031680,,,92,0,100,14,100,0,88,695584872,,,61,34524,100,0,,,100,15,,,,,,,,,,,,,,,,,,,,,,,,,,,,,,,100,0,100,0,100,0,100,0,100,0,81,19,100,0,100,0,82,36851,19,19,,,,,100,0,100,0,200,0,,,,,,,,,,,,,,,,,,,,,,,,,,,100,34337,100,57780477452,100,132711967977,,,,,,,,,,
2019-03-27,Z302F0JE,ST4000DM000,4000787030016,0,118,173966192,,,92,0,100,14,100,0,88,697245751,,,61,34548,100,0,,,100,15,,,,,,,,,,,,,,,,,,,,,,,,,,,,,,,100,0,100,0,100,0,100,0,100,0,82,18,100,0,100,0,82,36851,18,18,,,,,100,0,100,0,200,0,,,,,,,,,,,,,,,,,,,,,,,,,,,100,34361,100,57797907044,100,132855507025,,,,,,,,,,
2019-03-28,Z302F0JE,ST4000DM000,4000787030016,0,119,226591656,,,92,0,100,14,100,0,88,698349709,,,61,34572,100,0,,,100,15,,,,,,,,,,,,,,,,,,,,,,,,,,,,,,,100,0,100,0,100,0,100,0,100,0,82,18,100,0,100,0,82,36851,18,18,,,,,100,0,100,0,200,0,,,,,,,,,,,,,,,,,,,,,,,,,,,100,34385,100,57813341844,100,133010646176,,,,,,,,,,
2019-03-29,Z302F0JE,ST4000DM000,4000787030016,0,119,215782136,,,92,0,100,14,100,0,88,699324954,,,61,34596,100,0,,,100,15,,,,,,,,,,,,,,,,,,,,,,,,,,,,,,,100,0,100,0,100,0,100,0,100,0,82,18,100,0,100,0,82,36851,18,18,,,,,100,0,100,0,200,0,,,,,,,,,,,,,,,,,,,,,,,,,,,100,34409,100,57831384092,100,133136421308,,,,,,,,,,
2019-03-30,Z302F0JE,ST4000DM000,4000787030016,0,117,131554792,,,92,0,100,14,100,0,88,700624140,,,61,34619,100,0,,,100,15,,,,,,,,,,,,,,,,,,,,,,,,,,,,,,,100,0,100,0,100,0,100,0,100,0,82,18,100,0,100,0,82,36851,18,18,,,,,100,0,100,0,200,0,,,,,,,,,,,,,,,,,,,,,,,,,,,100,34432,100,57844935196,100,133289188676,,,,,,,,,,
2019-03-31,Z302F0JE,ST4000DM000,4000787030016,0,116,112425368,,,92,0,100,14,100,0,88,703290934,,,61,34643,100,0,,,100,15,,,,,,,,,,,,,,,,,,,,,,,,,,,,,,,100,0,100,0,100,0,100,0,100,0,83,17,100,0,100,0,82,36851,17,17,,,,,100,0,100,0,200,0,,,,,,,,,,,,,,,,,,,,,,,,,,,100,34456,100,57876898932,100,133439417537,,,,,,,,,,
2019-04-01,Z302F0JE,ST4000DM000,4000787030016,0,117,119493752,,,92,0,100,14,100,0,88,704174920,,,61,34666,100,0,,,100,15,,,,,,,,,,,,,,,,,,,,,,,,,,,,,,,100,0,100,0,100,0,100,0,100,0,83,17,100,0,100,0,82,36851,17,17,,,,,100,0,100,0,200,0,,,,,,,,,,,,,,,,,,,,,,,,,,,100,34479,100,57888982924,100,133564116245,,,,,,,,,,
2019-04-02,Z302F0JE,ST4000DM000,4000787030016,0,117,133176880,,,92,0,100,14,100,0,88,705511764,,,61,34690,100,0,,,100,15,,,,,,,,,,,,,,,,,,,,,,,,,,,,,,,100,0,100,0,100,0,100,0,100,0,82,18,100,0,100,0,82,36851,18,18,,,,,100,0,100,0,200,0,,,,,,,,,,,,,,,,,,,,,,,,,,,100,34503,100,57909933764,100,133634201115,,,,,,,,,,
2019-04-03,Z302F0JE,ST4000DM000,4000787030016,0,109,24236368,,,92,0,100,14,100,0,88,706689191,,,61,34713,100,0,,,100,15,,,,,,,,,,,,,,,,,,,,,,,,,,,,,,,100,0,100,0,100,0,100,0,100,0,81,19,100,0,100,0,82,36851,19,19,,,,,100,0,100,0,200,0,,,,,,,,,,,,,,,,,,,,,,,,,,,100,34526,100,57932687100,100,133707847217,,,,,,,,,,
2019-04-04,Z302F0JE,ST4000DM000,4000787030016,0,119,203126816,,,92,0,100,14,100,0,88,707741619,,,61,34737,100,0,,,100,15,,,,,,,,,,,,,,,,,,,,,,,,,,,,,,,100,0,100,0,100,0,100,0,100,0,81,19,100,0,100,0,82,36851,19,19,,,,,100,0,100,0,200,0,,,,,,,,,,,,,,,,,,,,,,,,,,,100,34550,100,57946429588,100,133851281984,,,,,,,,,,
2019-04-05,Z302F0JE,ST4000DM000,4000787030016,0,115,88663056,,,92,0,100,14,100,0,88,708861799,,,61,34760,100,0,,,100,15,,,,,,,,,,,,,,,,,,,,,,,,,,,,,,,100,0,100,0,100,0,100,0,100,0,82,18,100,0,100,0,82,36851,18,18,,,,,100,0,100,0,200,0,,,,,,,,,,,,,,,,,,,,,,,,,,,100,34573,100,57962767108,100,133992906710,,,,,,,,,,
2019-04-06,Z302F0JE,ST4000DM000,4000787030016,0,117,139369648,,,92,0,100,14,100,0,88,710560262,,,61,34784,100,0,,,100,15,,,,,,,,,,,,,,,,,,,,,,,,,,,,,,,100,0,100,0,100,0,100,0,100,0,81,19,100,0,100,0,82,36851,19,19,,,,,100,0,100,0,200,0,,,,,,,,,,,,,,,,,,,,,,,,,,,100,34597,100,57972674916,100,134187092878,,,,,,,,,,
2019-04-07,Z302F0JE,ST4000DM000,4000787030016,0,115,96028216,,,92,0,100,14,100,0,88,712879747,,,61,34807,100,0,,,100,15,,,,,,,,,,,,,,,,,,,,,,,,,,,,,,,100,0,100,0,100,0,100,0,100,0,82,18,100,0,100,0,82,36851,18,18,,,,,100,0,100,0,200,0,,,,,,,,,,,,,,,,,,,,,,,,,,,100,34620,100,57996168044,100,134359168583,,,,,,,,,,
2019-04-08,Z302F0JE,ST4000DM000,4000787030016,0,117,121602216,,,92,0,100,14,100,0,88,713985868,,,61,34831,100,0,,,100,15,,,,,,,,,,,,,,,,,,,,,,,,,,,,,,,100,0,100,0,100,0,100,0,100,0,82,18,100,0,100,0,82,36851,18,18,,,,,100,0,100,0,200,0,,,,,,,,,,,,,,,,,,,,,,,,,,,100,34644,100,58017517244,100,134495077776,,,,,,,,,,
2019-04-09,Z302F0JE,ST4000DM000,4000787030016,0,105,7708000,,,92,0,100,14,100,0,88,716086617,,,61,34854,100,0,,,100,15,,,,,,,,,,,,,,,,,,,,,,,,,,,,,,,100,0,100,0,100,0,100,0,100,0,82,18,100,0,100,0,82,36851,18,18,,,,,100,0,100,0,200,0,,,,,,,,,,,,,,,,,,,,,,,,,,,100,34668,100,58043052620,100,134606403405,,,,,,,,,,
2019-04-10,Z302F0JE,ST4000DM000,4000787030016,0,117,131088984,,,92,0,100,14,100,0,88,717228212,,,61,34878,100,0,,,100,15,,,,,,,,,,,,,,,,,,,,,,,,,,,,,,,100,0,100,0,100,0,100,0,100,0,81,19,100,0,100,0,82,36851,19,19,,,,,100,0,100,0,200,0,,,,,,,,,,,,,,,,,,,,,,,,,,,100,34691,100,58056797820,100,134769397095,,,,,,,,,,
2019-04-11,Z302F0JE,ST4000DM000,4000787030016,0,112,46659312,,,92,0,100,14,100,0,88,718330838,,,61,34902,100,0,,,100,15,,,,,,,,,,,,,,,,,,,,,,,,,,,,,,,100,0,100,0,100,0,100,0,100,0,82,18,100,0,100,0,82,36851,18,18,,,,,100,0,100,0,200,0,,,,,,,,,,,,,,,,,,,,,,,,,,,100,34715,100,58069924348,100,134909149159,,,,,,,,,,
2019-04-12,Z302F0JE,ST4000DM000,4000787030016,0,118,177082472,,,92,0,100,14,100,0,88,719503496,,,61,34925,100,0,,,100,15,,,,,,,,,,,,,,,,,,,,,,,,,,,,,,,100,0,100,0,100,0,100,0,100,0,82,18,100,0,100,0,82,36851,18,18,,,,,100,0,100,0,200,0,,,,,,,,,,,,,,,,,,,,,,,,,,,100,34738,100,58080903996,100,135068827449,,,,,,,,,,
2019-04-13,Z302F0JE,ST4000DM000,4000787030016,0,117,131963800,,,92,0,100,14,100,0,88,720816028,,,61,34949,100,0,,,100,15,,,,,,,,,,,,,,,,,,,,,,,,,,,,,,,100,0,100,0,100,0,100,0,100,0,82,18,100,0,100,0,82,36851,18,18,,,,,100,0,100,0,200,0,,,,,,,,,,,,,,,,,,,,,,,,,,,100,34762,100,58096219500,100,135227397294,,,,,,,,,,
2019-04-14,Z302F0JE,ST4000DM000,4000787030016,0,107,13868000,,,92,0,100,14,100,0,88,723342003,,,61,34972,100,0,,,100,15,,,,,,,,,,,,,,,,,,,,,,,,,,,,,,,100,0,100,0,100,0,100,0,100,0,82,18,100,0,100,0,82,36851,18,18,,,,,100,0,100,0,200,0,,,,,,,,,,,,,,,,,,,,,,,,,,,100,34786,100,58119692300,100,135379745846,,,,,,,,,,
2019-04-15,Z302F0JE,ST4000DM000,4000787030016,0,103,6047864,,,92,0,100,14,100,0,88,724617342,,,61,34996,100,0,,,100,15,,,,,,,,,,,,,,,,,,,,,,,,,,,,,,,100,0,100,0,100,0,100,0,100,0,82,18,100,0,100,0,82,36851,18,18,,,,,100,0,100,0,200,0,,,,,,,,,,,,,,,,,,,,,,,,,,,100,34809,100,58136036628,100,135527861247,,,,,,,,,,
2019-04-16,Z302F0JE,ST4000DM000,4000787030016,0,114,63197592,,,92,0,100,14,100,0,88,726361330,,,61,35020,100,0,,,100,15,,,,,,,,,,,,,,,,,,,,,,,,,,,,,,,100,0,100,0,100,0,100,0,100,0,82,18,100,0,100,0,82,36851,18,18,,,,,100,0,100,0,200,0,,,,,,,,,,,,,,,,,,,,,,,,,,,100,34833,100,58158153884,100,135615040663,,,,,,,,,,
2019-04-17,Z302F0JE,ST4000DM000,4000787030016,0,113,57388720,,,92,0,100,14,100,0,88,729712761,,,60,35055,100,0,,,100,15,,,,,,,,,,,,,,,,,,,,,,,,,,,,,,,100,0,100,0,100,0,100,0,100,0,82,18,100,0,100,0,82,36851,18,18,,,,,100,0,100,0,200,0,,,,,,,,,,,,,,,,,,,,,,,,,,,100,34868,100,58186017092,100,135786725627,,,,,,,,,,
2019-04-18,Z302F0JE,ST4000DM000,4000787030016,0,116,106436304,,,92,0,100,14,100,0,88,730538825,,,60,35079,100,0,,,100,15,,,,,,,,,,,,,,,,,,,,,,,,,,,,,,,100,0,100,0,100,0,100,0,100,0,82,18,100,0,100,0,82,36851,18,18,,,,,100,0,100,0,200,0,,,,,,,,,,,,,,,,,,,,,,,,,,,100,34892,100,58198515012,100,135874042854,,,,,,,,,,
2019-04-19,Z302F0JE,ST4000DM000,4000787030016,0,118,181073624,,,92,0,100,14,100,0,88,731714115,,,60,35102,100,0,,,100,15,,,,,,,,,,,,,,,,,,,,,,,,,,,,,,,100,0,100,0,100,0,100,0,100,0,83,17,100,0,100,0,82,36851,17,17,,,,,100,0,100,0,200,0,,,,,,,,,,,,,,,,,,,,,,,,,,,100,34915,100,58213334748,100,135994880276,,,,,,,,,,
2019-04-20,Z302F0JE,ST4000DM000,4000787030016,0,119,206876760,,,92,0,100,14,100,0,88,733947968,,,60,35126,100,0,,,100,15,,,,,,,,,,,,,,,,,,,,,,,,,,,,,,,100,0,100,0,100,0,100,0,100,0,82,18,100,0,100,0,82,36851,18,18,,,,,100,0,100,0,200,0,,,,,,,,,,,,,,,,,,,,,,,,,,,100,34939,100,58239189292,100,136132296141,,,,,,,,,,
2019-04-21,Z302F0JE,ST4000DM000,4000787030016,0,113,54069648,,,92,0,100,14,100,0,88,735110863,,,60,35149,100,0,,,100,15,,,,,,,,,,,,,,,,,,,,,,,,,,,,,,,100,0,100,0,100,0,100,0,100,0,82,18,100,0,100,0,82,36851,18,18,,,,,100,0,100,0,200,0,,,,,,,,,,,,,,,,,,,,,,,,,,,100,34962,100,58257778636,100,136243974701,,,,,,,,,,
2019-04-22,Z302F0JE,ST4000DM000,4000787030016,0,114,67464368,,,92,0,100,14,100,0,88,735944026,,,60,35173,100,0,,,100,15,,,,,,,,,,,,,,,,,,,,,,,,,,,,,,,100,0,100,0,100,0,100,0,100,0,82,18,100,0,100,0,82,36851,18,18,,,,,100,0,100,0,200,0,,,,,,,,,,,,,,,,,,,,,,,,,,,100,34986,100,58275135292,100,136321246058,,,,,,,,,,
2019-04-23,Z302F0JE,ST4000DM000,4000787030016,0,112,50121144,,,92,0,100,14,100,0,88,737883369,,,60,35196,100,0,,,100,15,,,,,,,,,,,,,,,,,,,,,,,,,,,,,,,100,0,100,0,100,0,100,0,100,0,83,17,100,0,100,0,82,36851,17,17,,,,,100,0,100,0,200,0,,,,,,,,,,,,,,,,,,,,,,,,,,,100,35009,100,58301108420,100,136399699885,,,,,,,,,,
2019-04-24,Z302F0JE,ST4000DM000,4000787030016,0,115,84417256,,,92,0,100,14,100,0,88,738903237,,,60,35220,100,0,,,100,15,,,,,,,,,,,,,,,,,,,,,,,,,,,,,,,100,0,100,0,100,0,100,0,100,0,83,17,100,0,100,0,82,36851,17,17,,,,,100,0,100,0,200,0,,,,,,,,,,,,,,,,,,,,,,,,,,,100,35033,100,58321717780,100,136485800447,,,,,,,,,,
2019-04-25,Z302F0JE,ST4000DM000,4000787030016,0,119,206398272,,,92,0,100,14,100,0,88,739705196,,,60,35243,100,0,,,100,15,,,,,,,,,,,,,,,,,,,,,,,,,,,,,,,100,0,100,0,100,0,100,0,100,0,83,17,100,0,100,0,82,36851,17,17,,,,,100,0,100,0,200,0,,,,,,,,,,,,,,,,,,,,,,,,,,,100,35056,100,58335136692,100,136580351395,,,,,,,,,,
2019-04-26,Z302F0JE,ST4000DM000,4000787030016,0,116,103227064,,,92,0,100,14,100,0,88,740431037,,,60,35267,100,0,,,100,15,,,,,,,,,,,,,,,,,,,,,,,,,,,,,,,100,0,100,0,100,0,100,0,100,0,83,17,100,0,100,0,82,36851,17,17,,,,,100,0,100,0,200,0,,,,,,,,,,,,,,,,,,,,,,,,,,,100,35080,100,58346384412,100,136647547236,,,,,,,,,,
2019-04-27,Z302F0JE,ST4000DM000,4000787030016,0,118,190885784,,,92,0,100,14,100,0,88,741233951,,,60,35290,100,0,,,100,15,,,,,,,,,,,,,,,,,,,,,,,,,,,,,,,100,0,100,0,100,0,100,0,100,0,83,17,100,0,100,0,82,36851,17,17,,,,,100,0,100,0,200,0,,,,,,,,,,,,,,,,,,,,,,,,,,,100,35103,100,58359799996,100,136686709634,,,,,,,,,,
2019-04-28,Z302F0JE,ST4000DM000,4000787030016,0,117,163061688,,,92,0,100,14,100,0,88,742721392,,,60,35314,100,0,,,100,15,,,,,,,,,,,,,,,,,,,,,,,,,,,,,,,100,0,100,0,100,0,100,0,100,0,83,17,100,0,100,0,82,36851,17,17,,,,,100,0,100,0,200,0,,,,,,,,,,,,,,,,,,,,,,,,,,,100,35127,100,58378155564,100,136739041409,,,,,,,,,,
2019-04-29,Z302F0JE,ST4000DM000,4000787030016,0,117,133201528,,,92,0,100,14,100,0,88,743382839,,,60,35337,100,0,,,100,15,,,,,,,,,,,,,,,,,,,,,,,,,,,,,,,100,0,100,0,100,0,100,0,100,0,83,17,100,0,100,0,82,36851,17,17,,,,,100,0,100,0,200,0,,,,,,,,,,,,,,,,,,,,,,,,,,,100,35150,100,58388994892,100,136801540613,,,,,,,,,,
2019-04-30,Z302F0JE,ST4000DM000,4000787030016,0,116,115161432,,,92,0,100,14,100,0,88,745347772,,,60,35361,100,0,,,100,15,,,,,,,,,,,,,,,,,,,,,,,,,,,,,,,100,0,100,0,100,0,100,0,100,0,83,17,100,0,100,0,82,36851,17,17,,,,,100,0,100,0,200,0,,,,,,,,,,,,,,,,,,,,,,,,,,,100,35174,100,58406018556,100,136893078480,,,,,,,,,,
2019-05-01,Z302F0JE,ST4000DM000,4000787030016,0,119,217504592,,,92,0,100,14,100,0,88,746698465,,,60,35384,100,0,,,100,15,,,,,,,,,,,,,,,,,,,,,,,,,,,,,,,100,0,100,0,100,0,100,0,100,0,83,17,100,0,100,0,82,36851,17,17,,,,,100,0,100,0,200,0,,,,,,,,,,,,,,,,,,,,,,,,,,,100,35197,100,58422465916,100,137019875494,,,,,,,,,,
2019-05-02,Z302F0JE,ST4000DM000,4000787030016,0,119,224702688,,,92,0,100,14,100,0,88,747857359,,,60,35408,100,0,,,100,15,,,,,,,,,,,,,,,,,,,,,,,,,,,,,,,100,0,100,0,100,0,100,0,100,0,82,18,100,0,100,0,82,36851,18,18,,,,,100,0,100,0,200,0,,,,,,,,,,,,,,,,,,,,,,,,,,,100,35221,100,58441269836,100,137136724263,,,,,,,,,,
2019-05-03,Z302F0JE,ST4000DM000,4000787030016,0,111,35891872,,,92,0,100,14,100,0,88,750674442,,,60,35431,100,0,,,100,15,,,,,,,,,,,,,,,,,,,,,,,,,,,,,,,100,0,100,0,100,0,100,0,100,0,83,17,100,0,100,0,82,36851,17,17,,,,,100,0,100,0,200,0,,,,,,,,,,,,,,,,,,,,,,,,,,,100,35244,100,58456371660,100,137287339546,,,,,,,,,,
2019-05-04,Z302F0JE,ST4000DM000,4000787030016,0,117,166781672,,,92,0,100,14,100,0,88,751386719,,,60,35455,100,0,,,100,15,,,,,,,,,,,,,,,,,,,,,,,,,,,,,,,100,0,100,0,100,0,100,0,100,0,82,18,100,0,100,0,82,36851,18,18,,,,,100,0,100,0,200,0,,,,,,,,,,,,,,,,,,,,,,,,,,,100,35268,100,58470155636,100,137362433992,,,,,,,,,,
2019-05-05,Z302F0JE,ST4000DM000,4000787030016,0,117,160727056,,,92,0,100,14,100,0,88,753460001,,,60,35478,100,0,,,100,15,,,,,,,,,,,,,,,,,,,,,,,,,,,,,,,100,0,100,0,100,0,100,0,100,0,83,17,100,0,100,0,82,36851,17,17,,,,,100,0,100,0,200,0,,,,,,,,,,,,,,,,,,,,,,,,,,,100,35291,100,58489884612,100,137497919093,,,,,,,,,,
2019-05-06,Z302F0JE,ST4000DM000,4000787030016,0,111,40862952,,,92,0,100,14,100,0,88,754244605,,,60,35501,100,0,,,100,15,,,,,,,,,,,,,,,,,,,,,,,,,,,,,,,100,0,100,0,100,0,100,0,100,0,82,18,100,0,100,0,82,36851,18,18,,,,,100,0,100,0,200,0,,,,,,,,,,,,,,,,,,,,,,,,,,,100,35315,100,58505473212,100,137606169375,,,,,,,,,,
2019-05-07,Z302F0JE,ST4000DM000,4000787030016,0,108,16985848,,,92,0,100,14,100,0,88,756148541,,,60,35525,100,0,,,100,15,,,,,,,,,,,,,,,,,,,,,,,,,,,,,,,100,0,100,0,100,0,100,0,100,0,82,18,100,0,100,0,82,36851,18,18,,,,,100,0,100,0,200,0,,,,,,,,,,,,,,,,,,,,,,,,,,,100,35338,100,58522800564,100,137702843980,,,,,,,,,,
2019-05-08,Z302F0JE,ST4000DM000,4000787030016,0,118,173558640,,,92,0,100,14,100,0,88,757154831,,,60,35549,100,0,,,100,15,,,,,,,,,,,,,,,,,,,,,,,,,,,,,,,100,0,100,0,100,0,100,0,100,0,81,19,100,0,100,0,82,36851,19,19,,,,,100,0,100,0,200,0,,,,,,,,,,,,,,,,,,,,,,,,,,,100,35362,100,58540946772,100,137846657516,,,,,,,,,,
2019-05-09,Z302F0JE,ST4000DM000,4000787030016,0,116,111123072,,,92,0,100,14,100,0,88,757784736,,,60,35572,100,0,,,100,15,,,,,,,,,,,,,,,,,,,,,,,,,,,,,,,100,0,100,0,100,0,100,0,100,0,82,18,100,0,100,0,82,36851,18,18,,,,,100,0,100,0,200,0,,,,,,,,,,,,,,,,,,,,,,,,,,,100,35385,100,58557155884,100,137921061890,,,,,,,,,,
2019-05-10,Z302F0JE,ST4000DM000,4000787030016,0,118,167865808,,,92,0,100,14,100,0,88,758338450,,,60,35596,100,0,,,100,15,,,,,,,,,,,,,,,,,,,,,,,,,,,,,,,100,0,100,0,100,0,100,0,100,0,82,18,100,0,100,0,82,36851,18,18,,,,,100,0,100,0,200,0,,,,,,,,,,,,,,,,,,,,,,,,,,,100,35409,100,58579002620,100,137994010350,,,,,,,,,,
2019-05-11,Z302F0JE,ST4000DM000,4000787030016,0,104,6564432,,,92,0,100,14,100,0,88,758983935,,,60,35619,100,0,,,100,15,,,,,,,,,,,,,,,,,,,,,,,,,,,,,,,100,0,100,0,100,0,100,0,100,0,81,19,100,0,100,0,82,36851,19,19,,,,,100,0,100,0,200,0,,,,,,,,,,,,,,,,,,,,,,,,,,,100,35432,100,58602019700,100,138102729655,,,,,,,,,,
2019-05-12,Z302F0JE,ST4000DM000,4000787030016,0,114,83528952,,,92,0,100,14,100,0,88,760988391,,,60,35642,100,0,,,100,15,,,,,,,,,,,,,,,,,,,,,,,,,,,,,,,100,0,100,0,100,0,100,0,100,0,82,18,100,0,100,0,82,36851,18,18,,,,,100,0,100,0,200,0,,,,,,,,,,,,,,,,,,,,,,,,,,,100,35456,100,58621639156,100,138271374605,,,,,,,,,,
2019-05-13,Z302F0JE,ST4000DM000,4000787030016,0,112,49391736,,,92,0,100,14,100,0,88,761671143,,,60,35666,100,0,,,100,15,,,,,,,,,,,,,,,,,,,,,,,,,,,,,,,100,0,100,0,100,0,100,0,100,0,81,19,100,0,100,0,82,36851,19,19,,,,,100,0,100,0,200,0,,,,,,,,,,,,,,,,,,,,,,,,,,,100,35479,100,58637578172,100,138402237041,,,,,,,,,,
2019-05-14,Z302F0JE,ST4000DM000,4000787030016,0,108,19536808,,,92,0,100,14,100,0,88,762856498,,,60,35689,100,0,,,100,15,,,,,,,,,,,,,,,,,,,,,,,,,,,,,,,100,0,100,0,100,0,100,0,100,0,82,18,100,0,100,0,82,36851,18,18,,,,,100,0,100,0,200,0,,,,,,,,,,,,,,,,,,,,,,,,,,,100,35503,100,58656695324,100,138494951998,,,,,,,,,,
2019-05-15,Z302F0JE,ST4000DM000,4000787030016,0,117,149239768,,,92,0,100,14,100,0,88,764014975,,,60,35713,100,0,,,100,15,,,,,,,,,,,,,,,,,,,,,,,,,,,,,,,100,0,100,0,100,0,100,0,100,0,82,18,100,0,100,0,82,36851,18,18,,,,,100,0,100,0,200,0,,,,,,,,,,,,,,,,,,,,,,,,,,,100,35526,100,58680063492,100,138627873856,,,,,,,,,,
2019-05-16,Z302F0JE,ST4000DM000,4000787030016,0,117,141738112,,,92,0,100,14,100,0,88,766691094,,,60,35737,100,0,,,100,15,,,,,,,,,,,,,,,,,,,,,,,,,,,,,,,100,0,100,0,100,0,100,0,100,0,81,19,100,0,100,0,82,36851,19,19,,,,,100,0,100,0,200,0,,,,,,,,,,,,,,,,,,,,,,,,,,,100,35550,100,58706282308,100,138808001906,,,,,,,,,,
2019-05-17,Z302F0JE,ST4000DM000,4000787030016,0,117,161072544,,,92,0,100,14,100,0,88,767530318,,,60,35760,100,0,,,100,15,,,,,,,,,,,,,,,,,,,,,,,,,,,,,,,100,0,100,0,100,0,100,0,100,0,81,19,100,0,100,0,82,36851,19,19,,,,,100,0,100,0,200,0,,,,,,,,,,,,,,,,,,,,,,,,,,,100,35573,100,58719498932,100,138947859679,,,,,,,,,,
2019-05-18,Z302F0JE,ST4000DM000,4000787030016,0,116,110264064,,,92,0,100,14,100,0,88,769917114,,,60,35796,100,0,,,100,15,,,,,,,,,,,,,,,,,,,,,,,,,,,,,,,100,0,100,0,100,0,100,0,100,0,82,18,100,0,100,0,82,36851,18,18,,,,,100,0,100,0,200,0,,,,,,,,,,,,,,,,,,,,,,,,,,,100,35609,100,58746545428,100,139214182550,,,,,,,,,,
2019-05-19,Z302F0JE,ST4000DM000,4000787030016,0,118,198709664,,,92,0,100,14,100,0,88,771950415,,,60,35819,100,0,,,100,15,,,,,,,,,,,,,,,,,,,,,,,,,,,,,,,100,0,100,0,100,0,100,0,100,0,81,19,100,0,100,0,82,36851,19,19,,,,,100,0,100,0,200,0,,,,,,,,,,,,,,,,,,,,,,,,,,,100,35632,100,58764763044,100,139396426471,,,,,,,,,,
2019-05-20,Z302F0JE,ST4000DM000,4000787030016,0,102,4472416,,,92,0,100,14,100,0,88,773120508,,,60,35843,100,0,,,100,15,,,,,,,,,,,,,,,,,,,,,,,,,,,,,,,100,0,100,0,100,0,100,0,100,0,82,18,100,0,100,0,82,36851,18,18,,,,,100,0,100,0,200,0,,,,,,,,,,,,,,,,,,,,,,,,,,,100,35656,100,58779446012,100,139556854670,,,,,,,,,,
2019-05-21,Z302F0JE,ST4000DM000,4000787030016,0,118,168191176,,,92,0,100,14,100,0,88,775419504,,,60,35866,100,0,,,100,15,,,,,,,,,,,,,,,,,,,,,,,,,,,,,,,100,0,100,0,100,0,100,0,100,0,82,18,100,0,100,0,82,36851,18,18,,,,,100,0,100,0,200,0,,,,,,,,,,,,,,,,,,,,,,,,,,,100,35679,100,58794463556,100,139691609232,,,,,,,,,,
2019-05-22,Z302F0JE,ST4000DM000,4000787030016,0,114,62887472,,,92,0,100,14,100,0,88,776300423,,,60,35890,100,0,,,100,15,,,,,,,,,,,,,,,,,,,,,,,,,,,,,,,100,0,100,0,100,0,100,0,100,0,83,17,100,0,100,0,82,36851,17,17,,,,,100,0,100,0,200,0,,,,,,,,,,,,,,,,,,,,,,,,,,,100,35703,100,58810458500,100,139813623546,,,,,,,,,,
2019-05-23,Z302F0JE,ST4000DM000,4000787030016,0,112,46405616,,,92,0,100,14,100,0,88,777263989,,,60,35913,100,0,,,100,15,,,,,,,,,,,,,,,,,,,,,,,,,,,,,,,100,0,100,0,100,0,100,0,100,0,82,18,100,0,100,0,82,36851,18,18,,,,,100,0,100,0,200,0,,,,,,,,,,,,,,,,,,,,,,,,,,,100,35727,100,58826968396,100,139939594157,,,,,,,,,,
2019-05-24,Z302F0JE,ST4000DM000,4000787030016,0,114,60948168,,,92,0,100,14,100,0,88,778064644,,,59,35937,100,0,,,100,15,,,,,,,,,,,,,,,,,,,,,,,,,,,,,,,100,0,100,0,100,0,100,0,100,0,83,17,100,0,100,0,82,36851,17,17,,,,,100,0,100,0,200,0,,,,,,,,,,,,,,,,,,,,,,,,,,,100,35750,100,58835957476,100,140059722310,,,,,,,,,,
2019-05-25,Z302F0JE,ST4000DM000,4000787030016,0,108,16751160,,,92,0,100,14,100,0,88,779416507,,,59,35961,100,0,,,100,15,,,,,,,,,,,,,,,,,,,,,,,,,,,,,,,100,0,100,0,100,0,100,0,100,0,83,17,100,0,100,0,82,36851,17,17,,,,,100,0,100,0,200,0,,,,,,,,,,,,,,,,,,,,,,,,,,,100,35774,100,58848859196,100,140202669437,,,,,,,,,,
2019-05-26,Z302F0JE,ST4000DM000,4000787030016,0,117,120195792,,,92,0,100,14,100,0,88,781538568,,,59,35984,100,0,,,100,15,,,,,,,,,,,,,,,,,,,,,,,,,,,,,,,100,0,100,0,100,0,100,0,100,0,82,18,100,0,100,0,82,36851,18,18,,,,,100,0,100,0,200,0,,,,,,,,,,,,,,,,,,,,,,,,,,,100,35797,100,58866395308,100,140370156446,,,,,,,,,,
2019-05-27,Z302F0JE,ST4000DM000,4000787030016,0,105,9054904,,,92,0,100,14,100,0,88,782526835,,,59,36008,100,0,,,100,15,,,,,,,,,,,,,,,,,,,,,,,,,,,,,,,100,0,100,0,100,0,100,0,100,0,82,18,100,0,100,0,82,36851,18,18,,,,,100,0,100,0,200,0,,,,,,,,,,,,,,,,,,,,,,,,,,,100,35821,100,58875083028,100,140503202590,,,,,,,,,,
2019-05-28,Z302F0JE,ST4000DM000,4000787030016,0,118,176999440,,,92,0,100,14,100,0,88,784607537,,,59,36031,100,0,,,100,15,,,,,,,,,,,,,,,,,,,,,,,,,,,,,,,100,0,100,0,100,0,100,0,100,0,82,18,100,0,100,0,82,36851,18,18,,,,,100,0,100,0,200,0,,,,,,,,,,,,,,,,,,,,,,,,,,,100,35845,100,58891940700,100,140612854525,,,,,,,,,,
2019-05-29,Z302F0JE,ST4000DM000,4000787030016,0,117,127904480,,,92,0,100,14,100,0,88,785725210,,,59,36055,100,0,,,100,15,,,,,,,,,,,,,,,,,,,,,,,,,,,,,,,100,0,100,0,100,0,100,0,100,0,81,19,100,0,100,0,82,36851,19,19,,,,,100,0,100,0,200,0,,,,,,,,,,,,,,,,,,,,,,,,,,,100,35868,100,58907309092,100,140753964631,,,,,,,,,,
2019-05-30,Z302F0JE,ST4000DM000,4000787030016,0,120,243259992,,,92,0,100,14,100,0,88,787000985,,,59,36079,100,0,,,100,15,,,,,,,,,,,,,,,,,,,,,,,,,,,,,,,100,0,100,0,100,0,100,0,100,0,82,18,100,0,100,0,82,36851,18,18,,,,,100,0,100,0,200,0,,,,,,,,,,,,,,,,,,,,,,,,,,,100,35892,100,58923241068,100,140919986583,,,,,,,,,,
2019-05-31,Z302F0JE,ST4000DM000,4000787030016,0,109,22003720,,,92,0,100,14,100,0,88,787946597,,,59,36102,100,0,,,100,15,,,,,,,,,,,,,,,,,,,,,,,,,,,,,,,100,0,100,0,100,0,100,0,100,0,82,18,100,0,100,0,82,36851,18,18,,,,,100,0,100,0,200,0,,,,,,,,,,,,,,,,,,,,,,,,,,,100,35916,100,58935186004,100,141053233953,,,,,,,,,,
2019-06-01,Z302F0JE,ST4000DM000,4000787030016,0,114,61888360,,,92,0,100,14,100,0,88,791134684,,,59,36126,100,0,,,100,15,,,,,,,,,,,,,,,,,,,,,,,,,,,,,,,100,0,100,0,100,0,100,0,100,0,82,18,100,0,100,0,82,36851,18,18,,,,,100,0,100,0,200,0,,,,,,,,,,,,,,,,,,,,,,,,,,,100,35939,100,58967352140,100,141214388453,,,,,,,,,,
2019-06-02,Z302F0JE,ST4000DM000,4000787030016,0,117,141472168,,,92,0,100,14,100,0,88,793655681,,,59,36149,100,0,,,100,15,,,,,,,,,,,,,,,,,,,,,,,,,,,,,,,100,0,100,0,100,0,100,0,100,0,82,18,100,0,100,0,82,36851,18,18,,,,,100,0,100,0,200,0,,,,,,,,,,,,,,,,,,,,,,,,,,,100,35963,100,58982657164,100,141411530929,,,,,,,,,,
2019-06-03,Z302F0JE,ST4000DM000,4000787030016,0,117,151089808,,,92,0,100,14,100,0,88,795125316,,,59,36173,100,0,,,100,15,,,,,,,,,,,,,,,,,,,,,,,,,,,,,,,100,0,100,0,100,0,100,0,100,0,82,18,100,0,100,0,82,36851,18,18,,,,,100,0,100,0,200,0,,,,,,,,,,,,,,,,,,,,,,,,,,,100,35986,100,59009065764,100,141570403527,,,,,,,,,,
2019-06-04,Z302F0JE,ST4000DM000,4000787030016,0,119,221724400,,,92,0,100,14,100,0,88,797181712,,,59,36197,100,0,,,100,15,,,,,,,,,,,,,,,,,,,,,,,,,,,,,,,100,0,100,0,100,0,100,0,100,0,82,18,100,0,100,0,82,36851,18,18,,,,,100,0,100,0,200,0,,,,,,,,,,,,,,,,,,,,,,,,,,,100,36010,100,59030107596,100,141678686617,,,,,,,,,,
2019-06-05,Z302F0JE,ST4000DM000,4000787030016,0,108,18570952,,,92,0,100,14,100,0,88,798452492,,,59,36220,100,0,,,100,15,,,,,,,,,,,,,,,,,,,,,,,,,,,,,,,100,0,100,0,100,0,100,0,100,0,81,19,100,0,100,0,82,36851,19,19,,,,,100,0,100,0,200,0,,,,,,,,,,,,,,,,,,,,,,,,,,,100,36033,100,59049854908,100,141823490547,,,,,,,,,,
2019-06-06,Z302F0JE,ST4000DM000,4000787030016,0,118,174532584,,,92,0,100,14,100,0,88,799281869,,,59,36244,100,0,,,100,15,,,,,,,,,,,,,,,,,,,,,,,,,,,,,,,100,0,100,0,100,0,100,0,100,0,83,17,100,0,100,0,82,36851,17,17,,,,,100,0,100,0,200,0,,,,,,,,,,,,,,,,,,,,,,,,,,,100,36057,100,59065887180,100,141909494731,,,,,,,,,,
2019-06-07,Z302F0JE,ST4000DM000,4000787030016,0,117,144526176,,,92,0,100,14,100,0,88,800172097,,,59,36267,100,0,,,100,15,,,,,,,,,,,,,,,,,,,,,,,,,,,,,,,100,0,100,0,100,0,100,0,100,0,83,17,100,0,100,0,82,36851,17,17,,,,,100,0,100,0,200,0,,,,,,,,,,,,,,,,,,,,,,,,,,,100,36080,100,59083275316,100,141996971595,,,,,,,,,,
2019-06-08,Z302F0JE,ST4000DM000,4000787030016,0,117,130039024,,,92,0,100,14,100,0,88,800856513,,,59,36291,100,0,,,100,15,,,,,,,,,,,,,,,,,,,,,,,,,,,,,,,100,0,100,0,100,0,100,0,100,0,83,17,100,0,100,0,82,36851,17,17,,,,,100,0,100,0,200,0,,,,,,,,,,,,,,,,,,,,,,,,,,,100,36104,100,59099508772,100,142066421128,,,,,,,,,,
2019-06-09,Z302F0JE,ST4000DM000,4000787030016,0,117,135866192,,,92,0,100,14,100,0,88,803295512,,,59,36315,100,0,,,100,15,,,,,,,,,,,,,,,,,,,,,,,,,,,,,,,100,0,100,0,100,0,100,0,100,0,83,17,100,0,100,0,82,36851,17,17,,,,,100,0,100,0,200,0,,,,,,,,,,,,,,,,,,,,,,,,,,,100,36128,100,59122897748,100,142200253125,,,,,,,,,,
2019-06-10,Z302F0JE,ST4000DM000,4000787030016,0,117,157821024,,,92,0,100,14,100,0,88,804626208,,,59,36338,100,0,,,100,15,,,,,,,,,,,,,,,,,,,,,,,,,,,,,,,100,0,100,0,100,0,100,0,100,0,83,17,100,0,100,0,82,36851,17,17,,,,,100,0,100,0,200,0,,,,,,,,,,,,,,,,,,,,,,,,,,,100,36151,100,59137835316,100,142354784033,,,,,,,,,,
2019-06-11,Z302F0JE,ST4000DM000,4000787030016,0,117,149449384,,,92,0,100,14,100,0,89,806081224,,,59,36362,100,0,,,100,15,,,,,,,,,,,,,,,,,,,,,,,,,,,,,,,100,0,100,0,100,0,100,0,100,0,83,17,100,0,100,0,82,36851,17,17,,,,,100,0,100,0,200,0,,,,,,,,,,,,,,,,,,,,,,,,,,,100,36175,100,59160321324,100,142417939310,,,,,,,,,,
2019-06-12,Z302F0JE,ST4000DM000,4000787030016,0,115,96851408,,,92,0,100,14,100,0,89,807584770,,,59,36397,100,0,,,100,15,,,,,,,,,,,,,,,,,,,,,,,,,,,,,,,100,0,100,0,100,0,100,0,100,0,83,17,100,0,100,0,82,36851,17,17,,,,,100,0,100,0,200,0,,,,,,,,,,,,,,,,,,,,,,,,,,,100,36211,100,59187996756,100,142535313491,,,,,,,,,,
2019-06-13,Z302F0JE,ST4000DM000,4000787030016,0,107,14581472,,,92,0,100,14,100,0,89,808661863,,,59,36421,100,0,,,100,15,,,,,,,,,,,,,,,,,,,,,,,,,,,,,,,100,0,100,0,100,0,100,0,100,0,83,17,100,0,100,0,82,36851,17,17,,,,,100,0,100,0,200,0,,,,,,,,,,,,,,,,,,,,,,,,,,,100,36234,100,59201915132,100,142648028280,,,,,,,,,,
2019-06-14,Z302F0JE,ST4000DM000,4000787030016,0,114,81582776,,,92,0,100,14,100,0,89,809534818,,,59,36445,100,0,,,100,15,,,,,,,,,,,,,,,,,,,,,,,,,,,,,,,100,0,100,0,100,0,100,0,100,0,83,17,100,0,100,0,82,36851,17,17,,,,,100,0,100,0,200,0,,,,,,,,,,,,,,,,,,,,,,,,,,,100,36258,100,59217543892,100,142726732600,,,,,,,,,,
2019-06-15,Z302F0JE,ST4000DM000,4000787030016,0,105,9018616,,,92,0,100,14,100,0,89,811347800,,,59,36469,100,0,,,100,15,,,,,,,,,,,,,,,,,,,,,,,,,,,,,,,100,0,100,0,100,0,100,0,100,0,83,17,100,0,100,0,82,36851,17,17,,,,,100,0,100,0,200,0,,,,,,,,,,,,,,,,,,,,,,,,,,,100,36282,100,59234159108,100,142825248409,,,,,,,,,,
2019-06-16,Z302F0JE,ST4000DM000,4000787030016,0,114,62007344,,,92,0,100,14,100,0,89,812391899,,,59,36492,100,0,,,100,15,,,,,,,,,,,,,,,,,,,,,,,,,,,,,,,100,0,100,0,100,0,100,0,100,0,83,17,100,0,100,0,82,36851,17,17,,,,,100,0,100,0,200,0,,,,,,,,,,,,,,,,,,,,,,,,,,,100,36305,100,59249818692,100,142876588809,,,,,,,,,,
2019-06-17,Z302F0JE,ST4000DM000,4000787030016,0,119,219464912,,,92,0,100,14,100,0,89,813001764,,,59,36516,100,0,,,100,15,,,,,,,,,,,,,,,,,,,,,,,,,,,,,,,100,0,100,0,100,0,100,0,100,0,83,17,100,0,100,0,82,36851,17,17,,,,,100,0,100,0,200,0,,,,,,,,,,,,,,,,,,,,,,,,,,,100,36329,100,59260980772,100,142924255301,,,,,,,,,,
2019-06-18,Z302F0JE,ST4000DM000,4000787030016,0,117,144729392,,,92,0,100,14,100,0,89,814664084,,,59,36540,100,0,,,100,15,,,,,,,,,,,,,,,,,,,,,,,,,,,,,,,100,0,100,0,100,0,100,0,100,0,83,17,100,0,100,0,82,36851,17,17,,,,,100,0,100,0,200,0,,,,,,,,,,,,,,,,,,,,,,,,,,,100,36353,100,59278020916,100,142969249469,,,,,,,,,,
2019-06-19,Z302F0JE,ST4000DM000,4000787030016,0,114,78727736,,,92,0,100,14,100,0,89,816850458,,,59,36564,100,0,,,100,15,,,,,,,,,,,,,,,,,,,,,,,,,,,,,,,100,0,100,0,100,0,100,0,100,0,83,17,100,0,100,0,82,36851,17,17,,,,,100,0,100,0,200,0,,,,,,,,,,,,,,,,,,,,,,,,,,,100,36377,100,59291195516,100,143057786351,,,,,,,,,,
2019-06-20,Z302F0JE,ST4000DM000,4000787030016,0,117,140482152,,,92,0,100,14,100,0,89,817761698,,,59,36587,100,0,,,100,15,,,,,,,,,,,,,,,,,,,,,,,,,,,,,,,100,0,100,0,100,0,100,0,100,0,83,17,100,0,100,0,82,36851,17,17,,,,,100,0,100,0,200,0,,,,,,,,,,,,,,,,,,,,,,,,,,,100,36400,100,59303164060,100,143169803059,,,,,,,,,,
2019-06-21,Z302F0JE,ST4000DM000,4000787030016,0,119,223167872,,,92,0,100,14,100,0,89,819051625,,,59,36611,100,0,,,100,15,,,,,,,,,,,,,,,,,,,,,,,,,,,,,,,100,0,100,0,100,0,100,0,100,0,82,18,100,0,100,0,82,36851,18,18,,,,,100,0,100,0,200,0,,,,,,,,,,,,,,,,,,,,,,,,,,,100,36424,100,59314287668,100,143322022206,,,,,,,,,,
2019-06-22,Z302F0JE,ST4000DM000,4000787030016,0,114,65466784,,,92,0,100,14,100,0,89,820992641,,,59,36634,100,0,,,100,15,,,,,,,,,,,,,,,,,,,,,,,,,,,,,,,100,0,100,0,100,0,100,0,100,0,83,17,100,0,100,0,82,36851,17,17,,,,,100,0,100,0,200,0,,,,,,,,,,,,,,,,,,,,,,,,,,,100,36448,100,59331021788,100,143444350735,,,,,,,,,,
2019-06-23,Z302F0JE,ST4000DM000,4000787030016,0,118,180237384,,,92,0,100,14,100,0,89,823200574,,,59,36658,100,0,,,100,15,,,,,,,,,,,,,,,,,,,,,,,,,,,,,,,100,0,100,0,100,0,100,0,100,0,82,18,100,0,100,0,82,36851,18,18,,,,,100,0,100,0,200,0,,,,,,,,,,,,,,,,,,,,,,,,,,,100,36471,100,59346820932,100,143592954448,,,,,,,,,,
2019-06-24,Z302F0JE,ST4000DM000,4000787030016,0,118,192826600,,,92,0,100,14,100,0,89,823919789,,,59,36682,100,0,,,100,15,,,,,,,,,,,,,,,,,,,,,,,,,,,,,,,100,0,100,0,100,0,100,0,100,0,83,17,100,0,100,0,82,36851,17,17,,,,,100,0,100,0,200,0,,,,,,,,,,,,,,,,,,,,,,,,,,,100,36495,100,59355736932,100,143686381744,,,,,,,,,,
2019-06-25,Z302F0JE,ST4000DM000,4000787030016,0,117,165412736,,,92,0,100,14,100,0,89,825863526,,,59,36705,100,0,,,100,15,,,,,,,,,,,,,,,,,,,,,,,,,,,,,,,100,0,100,0,100,0,100,0,100,0,83,17,100,0,100,0,82,36851,17,17,,,,,100,0,100,0,200,0,,,,,,,,,,,,,,,,,,,,,,,,,,,100,36519,100,59375645948,100,143758783266,,,,,,,,,,
2019-06-26,Z302F0JE,ST4000DM000,4000787030016,0,105,9622200,,,92,0,100,14,100,0,89,826813324,,,59,36729,100,0,,,100,15,,,,,,,,,,,,,,,,,,,,,,,,,,,,,,,100,0,100,0,100,0,100,0,100,0,83,17,100,0,100,0,82,36851,17,17,,,,,100,0,100,0,200,0,,,,,,,,,,,,,,,,,,,,,,,,,,,100,36542,100,59394456676,100,143879396125,,,,,,,,,,
2019-06-27,Z302F0JE,ST4000DM000,4000787030016,0,113,57137728,,,92,0,100,14,100,0,89,828265554,,,59,36753,100,0,,,100,15,,,,,,,,,,,,,,,,,,,,,,,,,,,,,,,100,0,100,0,100,0,100,0,100,0,83,17,100,0,100,0,82,36851,17,17,,,,,100,0,100,0,200,0,,,,,,,,,,,,,,,,,,,,,,,,,,,100,36566,100,59408520932,100,144114984819,,,,,,,,,,
2019-06-28,Z302F0JE,ST4000DM000,4000787030016,0,117,135214352,,,92,0,100,14,100,0,89,828961031,,,59,36777,100,0,,,100,15,,,,,,,,,,,,,,,,,,,,,,,,,,,,,,,100,0,100,0,100,0,100,0,100,0,83,17,100,0,100,0,82,36851,17,17,,,,,100,0,100,0,200,0,,,,,,,,,,,,,,,,,,,,,,,,,,,100,36590,100,59426481324,100,144235064454,,,,,,,,,,
2019-06-29,Z302F0JE,ST4000DM000,4000787030016,0,120,241823032,,,92,0,100,14,100,0,89,830041817,,,58,36801,100,0,,,100,15,,,,,,,,,,,,,,,,,,,,,,,,,,,,,,,100,0,100,0,100,0,100,0,100,0,83,17,100,0,100,0,82,36851,17,17,,,,,100,0,100,0,200,0,,,,,,,,,,,,,,,,,,,,,,,,,,,100,36614,100,59439486692,100,144496866542,,,,,,,,,,
2019-06-30,Z302F0JE,ST4000DM000,4000787030016,0,113,57013608,,,92,0,100,14,100,0,89,832244716,,,58,36825,100,0,,,100,15,,,,,,,,,,,,,,,,,,,,,,,,,,,,,,,100,0,100,0,100,0,100,0,100,0,83,17,100,0,100,0,82,36851,17,17,,,,,100,0,100,0,200,0,,,,,,,,,,,,,,,,,,,,,,,,,,,100,36638,100,59462114868,100,144786806895,,,,,,,,,,
2019-07-01,Z302F0JE,ST4000DM000,4000787030016,0,114,74670856,,,92,0,100,14,100,0,89,833752942,,,58,36849,100,0,,,100,15,,,,,,,,,,,,,,,,,,,,,,,,,,,,,,,100,0,100,0,100,0,100,0,100,0,83,17,100,0,100,0,82,36851,17,17,,,,,100,0,100,0,200,0,,,,,,,,,,,,,,,,,,,,,,,,,,,100,36662,100,59477108868,100,145090651859,,,,,,,,,,
2019-07-02,Z302F0JE,ST4000DM000,4000787030016,0,112,45584424,,,92,0,100,14,100,0,89,836120913,,,58,36873,100,0,,,100,15,,,,,,,,,,,,,,,,,,,,,,,,,,,,,,,100,0,100,0,100,0,100,0,100,0,83,17,100,0,100,0,82,36851,17,17,,,,,100,0,100,0,200,0,,,,,,,,,,,,,,,,,,,,,,,,,,,100,36686,100,59494895860,100,145271549586,,,,,,,,,,
2019-07-03,Z302F0JE,ST4000DM000,4000787030016,0,117,122218536,,,92,0,100,14,100,0,89,838610830,,,58,36897,100,0,,,100,15,,,,,,,,,,,,,,,,,,,,,,,,,,,,,,,100,0,100,0,100,0,100,0,100,0,82,18,100,0,100,0,82,36851,18,18,,,,,100,0,100,0,200,0,,,,,,,,,,,,,,,,,,,,,,,,,,,100,36710,100,59513803724,100,145604509952,,,,,,,,,,
2019-07-04,Z302F0JE,ST4000DM000,4000787030016,0,117,124316544,,,92,0,100,14,100,0,89,840291774,,,58,36921,100,0,,,100,15,,,,,,,,,,,,,,,,,,,,,,,,,,,,,,,100,0,100,0,100,0,100,0,100,0,82,18,100,0,100,0,82,36851,18,18,,,,,100,0,100,0,200,0,,,,,,,,,,,,,,,,,,,,,,,,,,,100,36734,100,59533867396,100,145855903539,,,,,,,,,,
2019-07-05,Z302F0JE,ST4000DM000,4000787030016,0,119,225327864,,,92,0,100,14,100,0,89,841939932,,,58,36945,100,0,,,100,15,,,,,,,,,,,,,,,,,,,,,,,,,,,,,,,100,0,100,0,100,0,100,0,100,0,82,18,100,0,100,0,82,36851,18,18,,,,,100,0,100,0,200,0,,,,,,,,,,,,,,,,,,,,,,,,,,,100,36758,100,59552405444,100,146115774520,,,,,,,,,,
2019-07-06,Z302F0JE,ST4000DM000,4000787030016,0,118,188520616,,,92,0,100,14,100,0,89,844097065,,,58,36968,100,0,,,100,15,,,,,,,,,,,,,,,,,,,,,,,,,,,,,,,100,0,100,0,100,0,100,0,100,0,82,18,100,0,100,0,82,36851,18,18,,,,,100,0,100,0,200,0,,,,,,,,,,,,,,,,,,,,,,,,,,,100,36782,100,59571029356,100,146398645549,,,,,,,,,,
2019-07-07,Z302F0JE,ST4000DM000,4000787030016,0,113,54587160,,,92,0,100,14,100,0,89,847161514,,,58,36992,100,0,,,100,15,,,,,,,,,,,,,,,,,,,,,,,,,,,,,,,100,0,100,0,100,0,100,0,100,0,82,18,100,0,100,0,82,36851,18,18,,,,,100,0,100,0,200,0,,,,,,,,,,,,,,,,,,,,,,,,,,,100,36806,100,59596842260,100,146636925541,,,,,,,,,,
2019-07-08,Z302F0JE,ST4000DM000,4000787030016,0,114,69345576,,,92,0,100,14,100,0,89,850814889,,,58,37016,100,0,,,100,15,,,,,,,,,,,,,,,,,,,,,,,,,,,,,,,100,0,100,0,100,0,100,0,100,0,82,18,100,0,100,0,82,36851,18,18,,,,,100,0,100,0,200,0,,,,,,,,,,,,,,,,,,,,,,,,,,,100,36830,100,59621759860,100,146918709817,,,,,,,,,,
2019-07-09,Z302F0JE,ST4000DM000,4000787030016,0,115,98044832,,,92,0,100,14,100,0,89,852839209,,,58,37040,100,0,,,100,15,,,,,,,,,,,,,,,,,,,,,,,,,,,,,,,100,0,100,0,100,0,100,0,100,0,82,18,100,0,100,0,82,36851,18,18,,,,,100,0,100,0,200,0,,,,,,,,,,,,,,,,,,,,,,,,,,,100,36854,100,59645251556,100,147059421774,,,,,,,,,,
2019-07-10,Z302F0JE,ST4000DM000,4000787030016,0,111,34296192,,,92,0,100,14,100,0,89,855119911,,,58,37064,100,0,,,100,15,,,,,,,,,,,,,,,,,,,,,,,,,,,,,,,100,0,100,0,100,0,100,0,100,0,82,18,100,0,100,0,82,36851,18,18,,,,,100,0,100,0,200,0,,,,,,,,,,,,,,,,,,,,,,,,,,,100,36878,100,59666546772,100,147296868671,,,,,,,,,,
2019-07-11,Z302F0JE,ST4000DM000,4000787030016,0,117,124812192,,,92,0,100,14,100,0,89,857138703,,,58,37088,100,0,,,100,15,,,,,,,,,,,,,,,,,,,,,,,,,,,,,,,100,0,100,0,100,0,100,0,100,0,83,17,100,0,100,0,82,36851,17,17,,,,,100,0,100,0,200,0,,,,,,,,,,,,,,,,,,,,,,,,,,,100,36902,100,59680372772,100,147594849747,,,,,,,,,,
2019-07-12,Z302F0JE,ST4000DM000,4000787030016,0,112,50060152,,,92,0,100,14,100,0,89,858937857,,,58,37112,100,0,,,100,15,,,,,,,,,,,,,,,,,,,,,,,,,,,,,,,100,0,100,0,100,0,100,0,100,0,83,17,100,0,100,0,82,36851,17,17,,,,,100,0,100,0,200,0,,,,,,,,,,,,,,,,,,,,,,,,,,,100,36925,100,59701024828,100,147819827203,,,,,,,,,,
2019-07-13,Z302F0JE,ST4000DM000,4000787030016,0,115,97629184,,,92,0,100,14,100,0,89,860733406,,,58,37136,100,0,,,100,15,,,,,,,,,,,,,,,,,,,,,,,,,,,,,,,100,0,100,0,100,0,100,0,100,0,83,17,100,0,100,0,82,36851,17,17,,,,,100,0,100,0,200,0,,,,,,,,,,,,,,,,,,,,,,,,,,,100,36949,100,59722259700,100,148011582787,,,,,,,,,,
2019-07-14,Z302F0JE,ST4000DM000,4000787030016,0,110,26233360,,,92,0,100,14,100,0,89,863518799,,,58,37160,100,0,,,100,15,,,,,,,,,,,,,,,,,,,,,,,,,,,,,,,100,0,100,0,100,0,100,0,100,0,83,17,100,0,100,0,82,36851,17,17,,,,,100,0,100,0,200,0,,,,,,,,,,,,,,,,,,,,,,,,,,,100,36973,100,59755306828,100,148224231476,,,,,,,,,,
2019-07-15,Z302F0JE,ST4000DM000,4000787030016,0,115,90831832,,,92,0,100,14,100,0,89,864926384,,,58,37184,100,0,,,100,15,,,,,,,,,,,,,,,,,,,,,,,,,,,,,,,100,0,100,0,100,0,100,0,100,0,83,17,100,0,100,0,82,36851,17,17,,,,,100,0,100,0,200,0,,,,,,,,,,,,,,,,,,,,,,,,,,,100,36997,100,59773959380,100,148373775281,,,,,,,,,,
2019-07-16,Z302F0JE,ST4000DM000,4000787030016,0,108,16916112,,,92,0,100,14,100,0,89,867123892,,,58,37208,100,0,,,100,15,,,,,,,,,,,,,,,,,,,,,,,,,,,,,,,100,0,100,0,100,0,100,0,100,0,83,17,100,0,100,0,82,36851,17,17,,,,,100,0,100,0,200,0,,,,,,,,,,,,,,,,,,,,,,,,,,,100,37021,100,59802929300,100,148475943723,,,,,,,,,,
2019-07-17,Z302F0JE,ST4000DM000,4000787030016,0,114,67808088,,,92,0,100,14,100,0,89,867968866,,,58,37232,100,0,,,100,15,,,,,,,,,,,,,,,,,,,,,,,,,,,,,,,100,0,100,0,100,0,100,0,100,0,83,17,100,0,100,0,82,36851,17,17,,,,,100,0,100,0,200,0,,,,,,,,,,,,,,,,,,,,,,,,,,,100,37045,100,59850625460,100,148546025723,,,,,,,,,,
2019-07-18,Z302F0JE,ST4000DM000,4000787030016,0,101,3223544,,,92,0,100,14,100,0,89,869174948,,,58,37256,100,0,,,100,15,,,,,,,,,,,,,,,,,,,,,,,,,,,,,,,100,0,100,0,100,0,100,0,100,0,82,18,100,0,100,0,82,36851,18,18,,,,,100,0,100,0,200,0,,,,,,,,,,,,,,,,,,,,,,,,,,,100,37069,100,59875655084,100,148667569012,,,,,,,,,,
2019-07-19,Z302F0JE,ST4000DM000,4000787030016,0,114,64105432,,,92,0,100,14,100,0,89,871519391,,,58,37280,100,0,,,100,15,,,,,,,,,,,,,,,,,,,,,,,,,,,,,,,100,0,100,0,100,0,100,0,100,0,83,17,100,0,100,0,82,36851,17,17,,,,,100,0,100,0,200,0,,,,,,,,,,,,,,,,,,,,,,,,,,,100,37093,100,59895458900,100,148969279869,,,,,,,,,,
2019-07-20,Z302F0JE,ST4000DM000,4000787030016,0,116,102196104,,,92,0,100,14,100,0,89,873663287,,,58,37303,100,0,,,100,15,,,,,,,,,,,,,,,,,,,,,,,,,,,,,,,100,0,100,0,100,0,100,0,100,0,82,18,100,0,100,0,82,36851,18,18,,,,,100,0,100,0,200,0,,,,,,,,,,,,,,,,,,,,,,,,,,,100,37117,100,59913932212,100,149174957083,,,,,,,,,,
2019-07-21,Z302F0JE,ST4000DM000,4000787030016,0,116,113151384,,,92,0,100,14,100,0,89,876090475,,,58,37327,100,0,,,100,15,,,,,,,,,,,,,,,,,,,,,,,,,,,,,,,100,0,100,0,100,0,100,0,100,0,82,18,100,0,100,0,82,36851,18,18,,,,,100,0,100,0,200,0,,,,,,,,,,,,,,,,,,,,,,,,,,,100,37141,100,59933408108,100,149381911392,,,,,,,,,,
2019-07-22,Z302F0JE,ST4000DM000,4000787030016,0,119,202593184,,,92,0,100,14,100,0,89,877381885,,,58,37351,100,0,,,100,15,,,,,,,,,,,,,,,,,,,,,,,,,,,,,,,100,0,100,0,100,0,100,0,100,0,83,17,100,0,100,0,82,36851,17,17,,,,,100,0,100,0,200,0,,,,,,,,,,,,,,,,,,,,,,,,,,,100,37165,100,59949899988,100,149585565691,,,,,,,,,,
2019-07-23,Z302F0JE,ST4000DM000,4000787030016,0,117,136129112,,,92,0,100,14,100,0,89,879247394,,,58,37375,100,0,,,100,15,,,,,,,,,,,,,,,,,,,,,,,,,,,,,,,100,0,100,0,100,0,100,0,100,0,82,18,100,0,100,0,82,36851,18,18,,,,,100,0,100,0,200,0,,,,,,,,,,,,,,,,,,,,,,,,,,,100,37188,100,59977090348,100,149673533734,,,,,,,,,,
2019-07-24,Z302F0JE,ST4000DM000,4000787030016,0,118,176733480,,,92,0,100,14,100,0,89,880124922,,,58,37399,100,0,,,100,15,,,,,,,,,,,,,,,,,,,,,,,,,,,,,,,100,0,100,0,100,0,100,0,100,0,83,17,100,0,100,0,82,36851,17,17,,,,,100,0,100,0,200,0,,,,,,,,,,,,,,,,,,,,,,,,,,,100,37212,100,59995831396,100,149903605395,,,,,,,,,,
2019-07-25,Z302F0JE,ST4000DM000,4000787030016,0,116,113157944,,,92,0,100,14,100,0,89,881363396,,,58,37423,100,0,,,100,15,,,,,,,,,,,,,,,,,,,,,,,,,,,,,,,100,0,100,0,100,0,100,0,100,0,83,17,100,0,100,0,82,36851,17,17,,,,,100,0,100,0,200,0,,,,,,,,,,,,,,,,,,,,,,,,,,,100,37237,100,60012314820,100,150144354149,,,,,,,,,,
2019-07-26,Z302F0JE,ST4000DM000,4000787030016,0,117,148719144,,,92,0,100,14,100,0,89,882996804,,,58,37447,100,0,,,100,15,,,,,,,,,,,,,,,,,,,,,,,,,,,,,,,100,0,100,0,100,0,100,0,100,0,83,17,100,0,100,0,82,36851,17,17,,,,,100,0,100,0,200,0,,,,,,,,,,,,,,,,,,,,,,,,,,,100,37261,100,60030697692,100,150465753181,,,,,,,,,,
2019-07-27,Z302F0JE,ST4000DM000,4000787030016,0,114,66989648,,,92,0,100,14,100,0,89,885534588,,,58,37471,100,0,,,100,15,,,,,,,,,,,,,,,,,,,,,,,,,,,,,,,100,0,100,0,100,0,100,0,100,0,83,17,100,0,100,0,82,36851,17,17,,,,,100,0,100,0,200,0,,,,,,,,,,,,,,,,,,,,,,,,,,,100,37285,100,60053511164,100,150801305390,,,,,,,,,,
2019-07-28,Z302F0JE,ST4000DM000,4000787030016,0,118,200988056,,,92,0,100,14,100,0,89,887966451,,,58,37495,100,0,,,100,15,,,,,,,,,,,,,,,,,,,,,,,,,,,,,,,100,0,100,0,100,0,100,0,100,0,83,17,100,0,100,0,82,36851,17,17,,,,,100,0,100,0,200,0,,,,,,,,,,,,,,,,,,,,,,,,,,,100,37309,100,60070812460,100,151129540996,,,,,,,,,,
2019-07-29,Z302F0JE,ST4000DM000,4000787030016,0,114,75273872,,,92,0,100,14,100,0,89,889655501,,,58,37519,100,0,,,100,15,,,,,,,,,,,,,,,,,,,,,,,,,,,,,,,100,0,100,0,100,0,100,0,100,0,83,17,100,0,100,0,82,36851,17,17,,,,,100,0,100,0,200,0,,,,,,,,,,,,,,,,,,,,,,,,,,,100,37333,100,60120031796,100,151373571199,,,,,,,,,,
2019-07-30,Z302F0JE,ST4000DM000,4000787030016,0,116,110262736,,,92,0,100,14,100,0,89,891904910,,,58,37543,100,0,,,100,15,,,,,,,,,,,,,,,,,,,,,,,,,,,,,,,100,0,100,0,100,0,100,0,100,0,83,17,100,0,100,0,82,36851,17,17,,,,,100,0,100,0,200,0,,,,,,,,,,,,,,,,,,,,,,,,,,,100,37356,100,60143514196,100,151510725008,,,,,,,,,,
2019-07-31,Z302F0JE,ST4000DM000,4000787030016,0,114,74471136,,,92,0,100,14,100,0,89,893801149,,,58,37567,100,0,,,100,15,,,,,,,,,,,,,,,,,,,,,,,,,,,,,,,100,0,100,0,100,0,100,0,100,0,83,17,100,0,100,0,82,36851,17,17,,,,,100,0,100,0,200,0,,,,,,,,,,,,,,,,,,,,,,,,,,,100,37381,100,60164469932,100,151779143099,,,,,,,,,,
2019-08-01,Z302F0JE,ST4000DM000,4000787030016,0,116,100847272,,,92,0,100,14,100,0,89,896094945,,,58,37591,100,0,,,100,15,,,,,,,,,,,,,,,,,,,,,,,,,,,,,,,100,0,100,0,100,0,100,0,100,0,82,18,100,0,100,0,82,36851,18,18,,,,,100,0,100,0,200,0,,,,,,,,,,,,,,,,,,,,,,,,,,,100,37404,100,60188420180,100,152116300618,,,,,,,,,,
2019-08-02,Z302F0JE,ST4000DM000,4000787030016,0,119,230596544,,,92,0,100,14,100,0,89,898048280,,,58,37615,100,0,,,100,15,,,,,,,,,,,,,,,,,,,,,,,,,,,,,,,100,0,100,0,100,0,100,0,100,0,82,18,100,0,100,0,82,36851,18,18,,,,,100,0,100,0,200,0,,,,,,,,,,,,,,,,,,,,,,,,,,,100,37428,100,60211305380,100,152404732772,,,,,,,,,,
2019-08-03,Z302F0JE,ST4000DM000,4000787030016,0,117,154863136,,,92,0,100,14,100,0,89,900121519,,,58,37639,100,0,,,100,15,,,,,,,,,,,,,,,,,,,,,,,,,,,,,,,100,0,100,0,100,0,100,0,100,0,82,18,100,0,100,0,82,36851,18,18,,,,,100,0,100,0,200,0,,,,,,,,,,,,,,,,,,,,,,,,,,,100,37452,100,60226950236,100,152685817158,,,,,,,,,,
2019-08-04,Z302F0JE,ST4000DM000,4000787030016,0,118,187560520,,,92,0,100,14,100,0,89,903475034,,,58,37663,100,0,,,100,15,,,,,,,,,,,,,,,,,,,,,,,,,,,,,,,100,0,100,0,100,0,100,0,100,0,83,17,100,0,100,0,82,36851,17,17,,,,,100,0,100,0,200,0,,,,,,,,,,,,,,,,,,,,,,,,,,,100,37476,100,60255955124,100,152947489067,,,,,,,,,,
2019-08-05,Z302F0JE,ST4000DM000,4000787030016,0,117,159674496,,,92,0,100,14,100,0,89,904965989,,,57,37687,100,0,,,100,15,,,,,,,,,,,,,,,,,,,,,,,,,,,,,,,100,0,100,0,100,0,100,0,100,0,82,18,100,0,100,0,82,36851,18,18,,,,,100,0,100,0,200,0,,,,,,,,,,,,,,,,,,,,,,,,,,,100,37500,100,60267809012,100,153138383050,,,,,,,,,,
2019-08-06,Z302F0JE,ST4000DM000,4000787030016,0,117,165792592,,,92,0,100,14,100,0,89,907012680,,,57,37711,100,0,,,100,15,,,,,,,,,,,,,,,,,,,,,,,,,,,,,,,100,0,100,0,100,0,100,0,100,0,83,17,100,0,100,0,82,36851,17,17,,,,,100,0,100,0,200,0,,,,,,,,,,,,,,,,,,,,,,,,,,,100,37524,100,60286667084,100,153244564568,,,,,,,,,,
2019-08-07,Z302F0JE,ST4000DM000,4000787030016,0,119,208288880,,,92,0,100,14,100,0,89,908733486,,,57,37735,100,0,,,100,15,,,,,,,,,,,,,,,,,,,,,,,,,,,,,,,100,0,100,0,100,0,100,0,100,0,83,17,100,0,100,0,82,36851,17,17,,,,,100,0,100,0,200,0,,,,,,,,,,,,,,,,,,,,,,,,,,,100,37548,100,60303892636,100,153438333853,,,,,,,,,,
2019-08-08,Z302F0JE,ST4000DM000,4000787030016,0,115,99204896,,,92,0,100,14,100,0,89,910222535,,,57,37759,100,0,,,100,15,,,,,,,,,,,,,,,,,,,,,,,,,,,,,,,100,0,100,0,100,0,100,0,100,0,83,17,100,0,100,0,82,36851,17,17,,,,,100,0,100,0,200,0,,,,,,,,,,,,,,,,,,,,,,,,,,,100,37572,100,60318552716,100,153627902203,,,,,,,,,,
2019-08-09,Z302F0JE,ST4000DM000,4000787030016,0,118,172059064,,,92,0,100,14,100,0,89,911853176,,,57,37783,100,0,,,100,15,,,,,,,,,,,,,,,,,,,,,,,,,,,,,,,100,0,100,0,100,0,100,0,100,0,83,17,100,0,100,0,82,36851,17,17,,,,,100,0,100,0,200,0,,,,,,,,,,,,,,,,,,,,,,,,,,,100,37596,100,60338949276,100,153802115540,,,,,,,,,,
2019-08-10,Z302F0JE,ST4000DM000,4000787030016,0,115,87687840,,,92,0,100,14,100,0,89,914910344,,,57,37807,100,0,,,100,15,,,,,,,,,,,,,,,,,,,,,,,,,,,,,,,100,0,100,0,100,0,100,0,100,0,83,17,100,0,100,0,82,36851,17,17,,,,,100,0,100,0,200,0,,,,,,,,,,,,,,,,,,,,,,,,,,,100,37620,100,60369558892,100,153925293141,,,,,,,,,,
2019-08-11,Z302F0JE,ST4000DM000,4000787030016,0,118,173698984,,,92,0,100,14,100,0,89,917011519,,,57,37831,100,0,,,100,15,,,,,,,,,,,,,,,,,,,,,,,,,,,,,,,100,0,100,0,100,0,100,0,100,0,83,17,100,0,100,0,82,36851,17,17,,,,,100,0,100,0,200,0,,,,,,,,,,,,,,,,,,,,,,,,,,,100,37644,100,60389890340,100,154036199012,,,,,,,,,,
2019-08-12,Z302F0JE,ST4000DM000,4000787030016,0,117,137270800,,,92,0,100,14,100,0,89,919278995,,,57,37855,100,0,,,100,15,,,,,,,,,,,,,,,,,,,,,,,,,,,,,,,100,0,100,0,100,0,100,0,100,0,83,17,100,0,100,0,82,36851,17,17,,,,,100,0,100,0,200,0,,,,,,,,,,,,,,,,,,,,,,,,,,,100,37668,100,60404552500,100,154269839461,,,,,,,,,,
2019-08-13,Z302F0JE,ST4000DM000,4000787030016,0,117,158629984,,,92,0,100,14,100,0,89,921709445,,,57,37879,100,0,,,100,15,,,,,,,,,,,,,,,,,,,,,,,,,,,,,,,100,0,100,0,100,0,100,0,100,0,83,17,100,0,100,0,82,36851,17,17,,,,,100,0,100,0,200,0,,,,,,,,,,,,,,,,,,,,,,,,,,,100,37692,100,60424860884,100,154396510354,,,,,,,,,,
2019-08-14,Z302F0JE,ST4000DM000,4000787030016,0,114,69718064,,,92,0,100,14,100,0,89,923556337,,,57,37915,100,0,,,100,15,,,,,,,,,,,,,,,,,,,,,,,,,,,,,,,100,0,100,0,100,0,100,0,100,0,83,17,100,0,100,0,82,36851,17,17,,,,,100,0,100,0,200,0,,,,,,,,,,,,,,,,,,,,,,,,,,,100,37728,100,60451999604,100,154643003726,,,,,,,,,,
2019-08-15,Z302F0JE,ST4000DM000,4000787030016,0,112,46752160,,,92,0,100,14,100,0,89,925242789,,,57,37939,100,0,,,100,15,,,,,,,,,,,,,,,,,,,,,,,,,,,,,,,100,0,100,0,100,0,100,0,100,0,83,17,100,0,100,0,82,36851,17,17,,,,,100,0,100,0,200,0,,,,,,,,,,,,,,,,,,,,,,,,,,,100,37752,100,60469545476,100,154921080972,,,,,,,,,,
2019-08-16,Z302F0JE,ST4000DM000,4000787030016,0,118,172643752,,,92,0,100,14,100,0,89,925863734,,,57,37963,100,0,,,100,15,,,,,,,,,,,,,,,,,,,,,,,,,,,,,,,100,0,100,0,100,0,100,0,100,0,82,18,100,0,100,0,82,36851,18,18,,,,,100,0,100,0,200,0,,,,,,,,,,,,,,,,,,,,,,,,,,,100,37776,100,60485054620,100,155042328662,,,,,,,,,,
2019-08-17,Z302F0JE,ST4000DM000,4000787030016,0,114,83476528,,,92,0,100,14,100,0,89,928441830,,,57,37987,100,0,,,100,15,,,,,,,,,,,,,,,,,,,,,,,,,,,,,,,100,0,100,0,100,0,100,0,100,0,83,17,100,0,100,0,82,36851,17,17,,,,,100,0,100,0,200,0,,,,,,,,,,,,,,,,,,,,,,,,,,,100,37800,100,60513146780,100,155333019398,,,,,,,,,,
2019-08-18,Z302F0JE,ST4000DM000,4000787030016,0,117,165367976,,,92,0,100,14,100,0,89,929410815,,,57,38011,100,0,,,100,15,,,,,,,,,,,,,,,,,,,,,,,,,,,,,,,100,0,100,0,100,0,100,0,100,0,83,17,100,0,100,0,82,36851,17,17,,,,,100,0,100,0,200,0,,,,,,,,,,,,,,,,,,,,,,,,,,,100,37824,100,60531217276,100,155611180479,,,,,,,,,,
2019-08-19,Z302F0JE,ST4000DM000,4000787030016,0,117,137878808,,,92,0,100,14,100,0,89,931239382,,,57,38035,100,0,,,100,15,,,,,,,,,,,,,,,,,,,,,,,,,,,,,,,100,0,100,0,100,0,100,0,100,0,83,17,100,0,100,0,82,36851,17,17,,,,,100,0,100,0,200,0,,,,,,,,,,,,,,,,,,,,,,,,,,,100,37848,100,60551276708,100,155895149155,,,,,,,,,,
2019-08-20,Z302F0JE,ST4000DM000,4000787030016,0,119,210152616,,,92,0,100,14,100,0,89,933824942,,,57,38059,100,0,,,100,15,,,,,,,,,,,,,,,,,,,,,,,,,,,,,,,100,0,100,0,100,0,100,0,100,0,83,17,100,0,100,0,82,36851,17,17,,,,,100,0,100,0,200,0,,,,,,,,,,,,,,,,,,,,,,,,,,,100,37872,100,60575538124,100,156108124771,,,,,,,,,,
2019-08-21,Z302F0JE,ST4000DM000,4000787030016,0,120,238181280,,,92,0,100,14,100,0,89,935119742,,,57,38071,100,0,,,100,15,,,,,,,,,,,,,,,,,,,,,,,,,,,,,,,100,0,100,0,100,0,100,0,100,0,83,17,100,0,100,0,82,36851,17,17,,,,,100,0,100,0,200,0,,,,,,,,,,,,,,,,,,,,,,,,,,,100,37884,100,60584949500,100,156267226489,,,,,,,,,,
2019-08-22,Z302F0JE,ST4000DM000,4000787030016,0,115,100632168,,,92,0,100,14,100,0,89,937332388,,,57,38095,100,0,,,100,15,,,,,,,,,,,,,,,,,,,,,,,,,,,,,,,100,0,100,0,100,0,100,0,100,0,83,17,100,0,100,0,82,36851,17,17,,,,,100,0,100,0,200,0,,,,,,,,,,,,,,,,,,,,,,,,,,,100,37908,100,60602019908,100,156559753717,,,,,,,,,,
2019-08-23,Z302F0JE,ST4000DM000,4000787030016,0,119,203380792,,,92,0,100,14,100,0,89,938660103,,,57,38119,100,0,,,100,15,,,,,,,,,,,,,,,,,,,,,,,,,,,,,,,100,0,100,0,100,0,100,0,100,0,83,17,100,0,100,0,82,36851,17,17,,,,,100,0,100,0,200,0,,,,,,,,,,,,,,,,,,,,,,,,,,,100,37932,100,60618504572,100,156777669332,,,,,,,,,,
2019-08-24,Z302F0JE,ST4000DM000,4000787030016,0,118,198972128,,,92,0,100,14,100,0,90,940856800,,,57,38143,100,0,,,100,15,,,,,,,,,,,,,,,,,,,,,,,,,,,,,,,100,0,100,0,100,0,100,0,100,0,83,17,100,0,100,0,82,36851,17,17,,,,,100,0,100,0,200,0,,,,,,,,,,,,,,,,,,,,,,,,,,,100,37956,100,60640353460,100,157085100622,,,,,,,,,,
2019-08-25,Z302F0JE,ST4000DM000,4000787030016,0,116,109203368,,,92,0,100,14,100,0,90,944284986,,,57,38167,100,0,,,100,15,,,,,,,,,,,,,,,,,,,,,,,,,,,,,,,100,0,100,0,100,0,100,0,100,0,83,17,100,0,100,0,82,36851,17,17,,,,,100,0,100,0,200,0,,,,,,,,,,,,,,,,,,,,,,,,,,,100,37980,100,60664870332,100,157389843169,,,,,,,,,,
2019-08-26,Z302F0JE,ST4000DM000,4000787030016,0,109,23383896,,,92,0,100,14,100,0,90,948758576,,,57,38215,100,0,,,100,15,,,,,,,,,,,,,,,,,,,,,,,,,,,,,,,100,0,100,0,100,0,100,0,100,0,83,17,100,0,100,0,82,36851,17,17,,,,,100,0,100,0,200,0,,,,,,,,,,,,,,,,,,,,,,,,,,,100,38028,100,60720946452,100,157835452954,,,,,,,,,,
2019-08-27,Z302F0JE,ST4000DM000,4000787030016,0,109,23383896,,,92,0,100,14,100,0,90,948758576,,,57,38215,100,0,,,100,15,,,,,,,,,,,,,,,,,,,,,,,,,,,,,,,100,0,100,0,100,0,100,0,100,0,83,17,100,0,100,0,82,36851,17,17,,,,,100,0,100,0,200,0,,,,,,,,,,,,,,,,,,,,,,,,,,,100,38028,100,60720946452,100,157835452954,,,,,,,,,,
2019-08-28,Z302F0JE,ST4000DM000,4000787030016,0,117,167258128,,,92,0,100,14,100,0,90,950974743,,,57,38239,100,0,,,100,15,,,,,,,,,,,,,,,,,,,,,,,,,,,,,,,100,0,100,0,100,0,100,0,100,0,83,17,100,0,100,0,82,36851,17,17,,,,,100,0,100,0,200,0,,,,,,,,,,,,,,,,,,,,,,,,,,,100,38052,100,60744334084,100,158112160687,,,,,,,,,,
2019-08-29,Z302F0JE,ST4000DM000,4000787030016,0,114,80803840,,,92,0,100,14,100,0,90,952942571,,,57,38263,100,0,,,100,15,,,,,,,,,,,,,,,,,,,,,,,,,,,,,,,100,0,100,0,100,0,100,0,100,0,83,17,100,0,100,0,82,36851,17,17,,,,,100,0,100,0,200,0,,,,,,,,,,,,,,,,,,,,,,,,,,,100,38076,100,60765368300,100,158345009192,,,,,,,,,,
2019-08-30,Z302F0JE,ST4000DM000,4000787030016,0,117,162009344,,,92,0,100,14,100,0,90,954507571,,,57,38287,100,0,,,100,15,,,,,,,,,,,,,,,,,,,,,,,,,,,,,,,100,0,100,0,100,0,100,0,100,0,82,18,100,0,100,0,82,36851,18,18,,,,,100,0,100,0,200,0,,,,,,,,,,,,,,,,,,,,,,,,,,,100,38100,100,60787254956,100,158517459339,,,,,,,,,,
2019-08-31,Z302F0JE,ST4000DM000,4000787030016,0,117,165350144,,,92,0,100,14,100,0,90,956440819,,,57,38311,100,0,,,100,15,,,,,,,,,,,,,,,,,,,,,,,,,,,,,,,100,0,100,0,100,0,100,0,100,0,83,17,100,0,100,0,82,36851,17,17,,,,,100,0,100,0,200,0,,,,,,,,,,,,,,,,,,,,,,,,,,,100,38124,100,60806040884,100,158738612625,,,,,,,,,,
2019-09-01,Z302F0JE,ST4000DM000,4000787030016,0,111,37605320,,,92,0,100,14,100,0,90,959038269,,,57,38335,100,0,,,100,15,,,,,,,,,,,,,,,,,,,,,,,,,,,,,,,100,0,100,0,100,0,100,0,100,0,83,17,100,0,100,0,82,36851,17,17,,,,,100,0,100,0,200,0,,,,,,,,,,,,,,,,,,,,,,,,,,,100,38148,100,60833136748,100,158890392646,,,,,,,,,,
2019-09-02,Z302F0JE,ST4000DM000,4000787030016,0,117,161579840,,,92,0,100,14,100,0,90,962197329,,,57,38359,100,0,,,100,15,,,,,,,,,,,,,,,,,,,,,,,,,,,,,,,100,0,100,0,100,0,100,0,100,0,83,17,100,0,100,0,82,36851,17,17,,,,,100,0,100,0,200,0,,,,,,,,,,,,,,,,,,,,,,,,,,,100,38172,100,60862596564,100,159037225513,,,,,,,,,,
2019-09-03,Z302F0JE,ST4000DM000,4000787030016,0,109,22062192,,,92,0,100,14,100,0,90,963712862,,,57,38382,100,0,,,100,15,,,,,,,,,,,,,,,,,,,,,,,,,,,,,,,100,0,100,0,100,0,100,0,100,0,83,17,100,0,100,0,82,36851,17,17,,,,,100,0,100,0,200,0,,,,,,,,,,,,,,,,,,,,,,,,,,,100,38196,100,60880257804,100,159087215542,,,,,,,,,,
2019-09-04,Z302F0JE,ST4000DM000,4000787030016,0,120,239883688,,,92,0,100,14,100,0,90,965082511,,,57,38406,100,0,,,100,15,,,,,,,,,,,,,,,,,,,,,,,,,,,,,,,100,0,100,0,100,0,100,0,100,0,83,17,100,0,100,0,82,36851,17,17,,,,,100,0,100,0,200,0,,,,,,,,,,,,,,,,,,,,,,,,,,,100,38220,100,60908712228,100,159165228514,,,,,,,,,,
2019-09-05,Z302F0JE,ST4000DM000,4000787030016,0,117,145869544,,,92,0,100,14,100,0,90,967293888,,,57,38430,100,0,,,100,15,,,,,,,,,,,,,,,,,,,,,,,,,,,,,,,100,0,100,0,100,0,100,0,100,0,82,18,100,0,100,0,82,36851,18,18,,,,,100,0,100,0,200,0,,,,,,,,,,,,,,,,,,,,,,,,,,,100,38244,100,60930679412,100,159400462390,,,,,,,,,,
2019-09-06,Z302F0JE,ST4000DM000,4000787030016,0,119,234406512,,,92,0,100,14,100,0,90,969380840,,,57,38454,100,0,,,100,15,,,,,,,,,,,,,,,,,,,,,,,,,,,,,,,100,0,100,0,100,0,100,0,100,0,82,18,100,0,100,0,82,36851,18,18,,,,,100,0,100,0,200,0,,,,,,,,,,,,,,,,,,,,,,,,,,,100,38267,100,60949265444,100,159602962211,,,,,,,,,,
2019-09-07,Z302F0JE,ST4000DM000,4000787030016,0,113,58144224,,,92,0,100,14,100,0,90,970846366,,,57,38478,100,0,,,100,15,,,,,,,,,,,,,,,,,,,,,,,,,,,,,,,100,0,100,0,100,0,100,0,100,0,83,17,100,0,100,0,82,36851,17,17,,,,,100,0,100,0,200,0,,,,,,,,,,,,,,,,,,,,,,,,,,,100,38291,100,60971236532,100,159815229867,,,,,,,,,,
2019-09-08,Z302F0JE,ST4000DM000,4000787030016,0,118,186747712,,,92,0,100,14,100,0,90,973613105,,,57,38502,100,0,,,100,15,,,,,,,,,,,,,,,,,,,,,,,,,,,,,,,100,0,100,0,100,0,100,0,100,0,83,17,100,0,100,0,82,36851,17,17,,,,,100,0,100,0,200,0,,,,,,,,,,,,,,,,,,,,,,,,,,,100,38315,100,60999142276,100,160029462609,,,,,,,,,,
2019-09-09,Z302F0JE,ST4000DM000,4000787030016,0,115,86077872,,,92,0,100,14,100,0,90,975082672,,,57,38526,100,0,,,100,15,,,,,,,,,,,,,,,,,,,,,,,,,,,,,,,100,0,100,0,100,0,100,0,100,0,83,17,100,0,100,0,82,36851,17,17,,,,,100,0,100,0,200,0,,,,,,,,,,,,,,,,,,,,,,,,,,,100,38339,100,61019123132,100,160244663520,,,,,,,,,,
2019-09-10,Z302F0JE,ST4000DM000,4000787030016,0,118,198266208,,,92,0,100,14,100,0,90,976669140,,,56,38550,100,0,,,100,15,,,,,,,,,,,,,,,,,,,,,,,,,,,,,,,100,0,100,0,100,0,100,0,100,0,83,17,100,0,100,0,82,36851,17,17,,,,,100,0,100,0,200,0,,,,,,,,,,,,,,,,,,,,,,,,,,,100,38363,100,61045056484,100,160345610374,,,,,,,,,,
2019-09-11,Z302F0JE,ST4000DM000,4000787030016,0,119,220110056,,,92,0,100,14,100,0,90,978019094,,,56,38574,100,0,,,100,15,,,,,,,,,,,,,,,,,,,,,,,,,,,,,,,100,0,100,0,100,0,100,0,100,0,83,17,100,0,100,0,82,36851,17,17,,,,,100,0,100,0,200,0,,,,,,,,,,,,,,,,,,,,,,,,,,,100,38387,100,61073077180,100,160542020442,,,,,,,,,,
2019-09-12,Z302F0JE,ST4000DM000,4000787030016,0,115,93525232,,,92,0,100,14,100,0,90,979528040,,,56,38598,100,0,,,100,15,,,,,,,,,,,,,,,,,,,,,,,,,,,,,,,100,0,100,0,100,0,100,0,100,0,83,17,100,0,100,0,82,36851,17,17,,,,,100,0,100,0,200,0,,,,,,,,,,,,,,,,,,,,,,,,,,,100,38411,100,61109695020,100,160819665817,,,,,,,,,,
2019-09-13,Z302F0JE,ST4000DM000,4000787030016,0,120,241694424,,,92,0,100,14,100,0,90,980811501,,,56,38622,100,0,,,100,15,,,,,,,,,,,,,,,,,,,,,,,,,,,,,,,100,0,100,0,100,0,100,0,100,0,83,17,100,0,100,0,82,36851,17,17,,,,,100,0,100,0,200,0,,,,,,,,,,,,,,,,,,,,,,,,,,,100,38435,100,61138233620,100,161133133049,,,,,,,,,,
2019-09-14,Z302F0JE,ST4000DM000,4000787030016,0,116,110354640,,,92,0,100,14,100,0,90,982919593,,,56,38646,100,0,,,100,15,,,,,,,,,,,,,,,,,,,,,,,,,,,,,,,100,0,100,0,100,0,100,0,100,0,83,17,100,0,100,0,82,36851,17,17,,,,,100,0,100,0,200,0,,,,,,,,,,,,,,,,,,,,,,,,,,,100,38459,100,61168034700,100,161473715385,,,,,,,,,,
2019-09-15,Z302F0JE,ST4000DM000,4000787030016,0,114,62714920,,,92,0,100,14,100,0,90,986858481,,,56,38670,100,0,,,100,15,,,,,,,,,,,,,,,,,,,,,,,,,,,,,,,100,0,100,0,100,0,100,0,100,0,83,17,100,0,100,0,82,36851,17,17,,,,,100,0,100,0,200,0,,,,,,,,,,,,,,,,,,,,,,,,,,,100,38483,100,61203098636,100,161806691091,,,,,,,,,,
2019-09-16,Z302F0JE,ST4000DM000,4000787030016,0,117,125434496,,,92,0,100,14,100,0,90,988533915,,,56,38694,100,0,,,100,15,,,,,,,,,,,,,,,,,,,,,,,,,,,,,,,100,0,100,0,100,0,100,0,100,0,83,17,100,0,100,0,82,36851,17,17,,,,,100,0,100,0,200,0,,,,,,,,,,,,,,,,,,,,,,,,,,,100,38507,100,61226494084,100,162060312841,,,,,,,,,,
2019-09-17,Z302F0JE,ST4000DM000,4000787030016,0,103,5494688,,,92,0,100,14,100,0,90,990391897,,,56,38718,100,0,,,100,15,,,,,,,,,,,,,,,,,,,,,,,,,,,,,,,100,0,100,0,100,0,100,0,100,0,83,17,100,0,100,0,82,36851,17,17,,,,,100,0,100,0,200,0,,,,,,,,,,,,,,,,,,,,,,,,,,,100,38531,100,61251229548,100,162192594463,,,,,,,,,,
2019-09-18,Z302F0JE,ST4000DM000,4000787030016,0,119,233015632,,,92,0,100,14,100,0,90,992666604,,,56,38742,100,0,,,100,15,,,,,,,,,,,,,,,,,,,,,,,,,,,,,,,100,0,100,0,100,0,100,0,100,0,83,17,100,0,100,0,82,36851,17,17,,,,,100,0,100,0,200,0,,,,,,,,,,,,,,,,,,,,,,,,,,,100,38555,100,61288369716,100,162430532806,,,,,,,,,,
2019-09-19,Z302F0JE,ST4000DM000,4000787030016,0,117,152580520,,,92,0,100,14,100,0,90,994714316,,,56,38766,100,0,,,100,15,,,,,,,,,,,,,,,,,,,,,,,,,,,,,,,100,0,100,0,100,0,100,0,100,0,82,18,100,0,100,0,82,36851,18,18,,,,,100,0,100,0,200,0,,,,,,,,,,,,,,,,,,,,,,,,,,,100,38579,100,61310744580,100,162728430434,,,,,,,,,,
2019-09-20,Z302F0JE,ST4000DM000,4000787030016,0,115,85966632,,,92,0,100,14,100,0,90,996978480,,,56,38790,100,0,,,100,15,,,,,,,,,,,,,,,,,,,,,,,,,,,,,,,100,0,100,0,100,0,100,0,100,0,83,17,100,0,100,0,82,36851,17,17,,,,,100,0,100,0,200,0,,,,,,,,,,,,,,,,,,,,,,,,,,,100,38603,100,61338490196,100,163037000094,,,,,,,,,,
2019-09-21,Z302F0JE,ST4000DM000,4000787030016,0,112,47248832,,,92,0,100,14,100,0,90,999152121,,,56,38813,100,0,,,100,15,,,,,,,,,,,,,,,,,,,,,,,,,,,,,,,100,0,100,0,100,0,100,0,100,0,83,17,100,0,100,0,82,36851,17,17,,,,,100,0,100,0,200,0,,,,,,,,,,,,,,,,,,,,,,,,,,,100,38627,100,61360670476,100,163359210863,,,,,,,,,,
2019-09-22,Z302F0JE,ST4000DM000,4000787030016,0,117,142982400,,,92,0,100,14,100,0,64,2750888,,,56,38837,100,0,,,100,15,,,,,,,,,,,,,,,,,,,,,,,,,,,,,,,100,0,100,0,100,0,100,0,100,0,83,17,100,0,100,0,82,36851,17,17,,,,,100,0,100,0,200,0,,,,,,,,,,,,,,,,,,,,,,,,,,,100,38651,100,61396493284,100,163641822134,,,,,,,,,,
2019-09-23,Z302F0JE,ST4000DM000,4000787030016,0,117,136864976,,,92,0,100,14,100,0,66,4653096,,,56,38861,100,0,,,100,15,,,,,,,,,,,,,,,,,,,,,,,,,,,,,,,100,0,100,0,100,0,100,0,100,0,83,17,100,0,100,0,82,36851,17,17,,,,,100,0,100,0,200,0,,,,,,,,,,,,,,,,,,,,,,,,,,,100,38675,100,61415821852,100,163873374798,,,,,,,,,,
2019-09-24,Z302F0JE,ST4000DM000,4000787030016,0,118,182107760,,,92,0,100,14,100,0,68,6292732,,,56,38885,100,0,,,100,15,,,,,,,,,,,,,,,,,,,,,,,,,,,,,,,100,0,100,0,100,0,100,0,100,0,83,17,100,0,100,0,82,36851,17,17,,,,,100,0,100,0,200,0,,,,,,,,,,,,,,,,,,,,,,,,,,,100,38698,100,61447606620,100,163969238124,,,,,,,,,,
2019-09-25,Z302F0JE,ST4000DM000,4000787030016,0,118,190921240,,,92,0,100,14,100,0,69,8456314,,,56,38909,100,0,,,100,15,,,,,,,,,,,,,,,,,,,,,,,,,,,,,,,100,0,100,0,100,0,100,0,100,0,83,17,100,0,100,0,82,36851,17,17,,,,,100,0,100,0,200,0,,,,,,,,,,,,,,,,,,,,,,,,,,,100,38722,100,61468426844,100,164154074962,,,,,,,,,,
2019-09-26,Z302F0JE,ST4000DM000,4000787030016,0,116,116717672,,,92,0,100,14,100,0,69,10094940,,,56,38933,100,0,,,100,15,,,,,,,,,,,,,,,,,,,,,,,,,,,,,,,100,0,100,0,100,0,100,0,100,0,83,17,100,0,100,0,82,36851,17,17,,,,,100,0,100,0,200,0,,,,,,,,,,,,,,,,,,,,,,,,,,,100,38746,100,61487653460,100,164408014631,,,,,,,,,,
2019-09-27,Z302F0JE,ST4000DM000,4000787030016,0,119,207943208,,,92,0,100,14,100,0,70,11344242,,,56,38957,100,0,,,100,15,,,,,,,,,,,,,,,,,,,,,,,,,,,,,,,100,0,100,0,100,0,100,0,100,0,83,17,100,0,100,0,82,36851,17,17,,,,,100,0,100,0,200,0,,,,,,,,,,,,,,,,,,,,,,,,,,,100,38770,100,61508400052,100,164539081146,,,,,,,,,,
2019-09-28,Z302F0JE,ST4000DM000,4000787030016,0,110,25692560,,,92,0,100,14,100,0,71,13360454,,,56,38981,100,0,,,100,15,,,,,,,,,,,,,,,,,,,,,,,,,,,,,,,100,0,100,0,100,0,100,0,100,0,83,17,100,0,100,0,82,36851,17,17,,,,,100,0,100,0,200,0,,,,,,,,,,,,,,,,,,,,,,,,,,,100,38794,100,61534459516,100,164677176897,,,,,,,,,,
2019-09-29,Z302F0JE,ST4000DM000,4000787030016,0,117,153534528,,,92,0,100,14,100,0,72,17034518,,,56,39005,100,0,,,100,15,,,,,,,,,,,,,,,,,,,,,,,,,,,,,,,100,0,100,0,100,0,100,0,100,0,83,17,100,0,100,0,82,36851,17,17,,,,,100,0,100,0,200,0,,,,,,,,,,,,,,,,,,,,,,,,,,,100,38818,100,61566470524,100,164789197598,,,,,,,,,,
2019-09-30,Z302F0JE,ST4000DM000,4000787030016,0,114,83107504,,,92,0,100,14,100,0,72,19015754,,,56,39029,100,0,,,100,15,,,,,,,,,,,,,,,,,,,,,,,,,,,,,,,100,0,100,0,100,0,100,0,100,0,83,17,100,0,100,0,82,36851,17,17,,,,,100,0,100,0,200,0,,,,,,,,,,,,,,,,,,,,,,,,,,,100,38842,100,61594242252,100,164994638686,,,,,,,,,,
2019-10-01,Z302F0JE,ST4000DM000,4000787030016,0,108,18046712,,,92,0,100,14,100,0,73,21474985,,,56,39053,100,0,,,100,15,,,,,,,,,,,,,,,,,,,,,,,,,,,,,,,,,100,0,100,0,100,0,100,0,100,0,83,17,100,0,100,0,82,36851,17,17,,,,,100,0,100,0,200,0,,,,,,,,,,,,,,,,,,,,,,,,,,,100,38866,100,61642518948,100,165130868185,,,,,,,,,,
2019-10-02,Z302F0JE,ST4000DM000,4000787030016,0,111,41180680,,,92,0,100,14,100,0,73,23426935,,,56,39077,100,0,,,100,15,,,,,,,,,,,,,,,,,,,,,,,,,,,,,,,,,100,0,100,0,100,0,100,0,100,0,83,17,100,0,100,0,82,36851,17,17,,,,,100,0,100,0,200,0,,,,,,,,,,,,,,,,,,,,,,,,,,,100,38890,100,61671767716,100,165273725980,,,,,,,,,,
2019-10-03,Z302F0JE,ST4000DM000,4000787030016,0,114,77993872,,,92,0,100,14,100,0,73,24962419,,,56,39101,100,0,,,100,15,,,,,,,,,,,,,,,,,,,,,,,,,,,,,,,,,100,0,100,0,100,0,100,0,100,0,83,17,100,0,100,0,82,36851,17,17,,,,,100,0,100,0,200,0,,,,,,,,,,,,,,,,,,,,,,,,,,,100,38914,100,61694677252,100,165518614217,,,,,,,,,,
2019-10-04,Z302F0JE,ST4000DM000,4000787030016,0,118,176342160,,,92,0,100,14,100,0,74,26450176,,,56,39125,100,0,,,100,15,,,,,,,,,,,,,,,,,,,,,,,,,,,,,,,,,100,0,100,0,100,0,100,0,100,0,83,17,100,0,100,0,82,36851,17,17,,,,,100,0,100,0,200,0,,,,,,,,,,,,,,,,,,,,,,,,,,,100,38938,100,61714833508,100,165750153250,,,,,,,,,,
2019-10-05,Z302F0JE,ST4000DM000,4000787030016,0,116,109997976,,,92,0,100,14,100,0,74,27406683,,,56,39149,100,0,,,100,15,,,,,,,,,,,,,,,,,,,,,,,,,,,,,,,,,100,0,100,0,100,0,100,0,100,0,83,17,100,0,100,0,82,36851,17,17,,,,,100,0,100,0,200,0,,,,,,,,,,,,,,,,,,,,,,,,,,,100,38962,100,61735786196,100,165897599121,,,,,,,,,,
2019-10-06,Z302F0JE,ST4000DM000,4000787030016,0,120,239852592,,,92,0,100,14,100,0,75,30229943,,,56,39173,100,0,,,100,15,,,,,,,,,,,,,,,,,,,,,,,,,,,,,,,,,100,0,100,0,100,0,100,0,100,0,83,17,100,0,100,0,82,36851,17,17,,,,,100,0,100,0,200,0,,,,,,,,,,,,,,,,,,,,,,,,,,,100,38986,100,61774647540,100,166171575385,,,,,,,,,,
2019-10-07,Z302F0JE,ST4000DM000,4000787030016,0,114,81295888,,,92,0,100,14,100,0,75,31374690,,,56,39197,100,0,,,100,15,,,,,,,,,,,,,,,,,,,,,,,,,,,,,,,,,100,0,100,0,100,0,100,0,100,0,83,17,100,0,100,0,82,36851,17,17,,,,,100,0,100,0,200,0,,,,,,,,,,,,,,,,,,,,,,,,,,,100,39010,100,61808824452,100,166430795764,,,,,,,,,,
2019-10-08,Z302F0JE,ST4000DM000,4000787030016,0,117,147108816,,,92,0,100,14,100,0,75,33263492,,,56,39221,100,0,,,100,15,,,,,,,,,,,,,,,,,,,,,,,,,,,,,,,,,100,0,100,0,100,0,100,0,100,0,83,17,100,0,100,0,82,36851,17,17,,,,,100,0,100,0,200,0,,,,,,,,,,,,,,,,,,,,,,,,,,,100,39034,100,61849868532,100,166593834634,,,,,,,,,,
2019-10-09,Z302F0JE,ST4000DM000,4000787030016,0,114,61855280,,,92,0,100,14,100,0,75,35449322,,,56,39245,100,0,,,100,15,,,,,,,,,,,,,,,,,,,,,,,,,,,,,,,,,100,0,100,0,100,0,100,0,100,0,82,18,100,0,100,0,82,36851,18,18,,,,,100,0,100,0,200,0,,,,,,,,,,,,,,,,,,,,,,,,,,,100,39058,100,61879704084,100,166859518885,,,,,,,,,,
2019-10-10,Z302F0JE,ST4000DM000,4000787030016,0,114,82595752,,,92,0,100,14,100,0,75,37858312,,,56,39269,100,0,,,100,15,,,,,,,,,,,,,,,,,,,,,,,,,,,,,,,,,100,0,100,0,100,0,100,0,100,0,83,17,100,0,100,0,82,36851,17,17,,,,,100,0,100,0,200,0,,,,,,,,,,,,,,,,,,,,,,,,,,,100,39082,100,61900805372,100,167186387049,,,,,,,,,,
2019-10-11,Z302F0JE,ST4000DM000,4000787030016,0,119,228914216,,,92,0,100,14,100,0,75,40070245,,,56,39293,100,0,,,100,15,,,,,,,,,,,,,,,,,,,,,,,,,,,,,,,,,100,0,100,0,100,0,100,0,100,0,83,17,100,0,100,0,82,36851,17,17,,,,,100,0,100,0,200,0,,,,,,,,,,,,,,,,,,,,,,,,,,,100,39106,100,61922832244,100,167477896221,,,,,,,,,,
2019-10-12,Z302F0JE,ST4000DM000,4000787030016,0,112,45884472,,,92,0,100,14,100,0,75,41600766,,,56,39316,100,0,,,100,15,,,,,,,,,,,,,,,,,,,,,,,,,,,,,,,,,100,0,100,0,100,0,100,0,100,0,83,17,100,0,100,0,82,36851,17,17,,,,,100,0,100,0,200,0,,,,,,,,,,,,,,,,,,,,,,,,,,,100,39130,100,61945270084,100,167710582918,,,,,,,,,,
2019-10-13,Z302F0JE,ST4000DM000,4000787030016,0,104,6406240,,,92,0,100,14,100,0,76,45037208,,,56,39340,100,0,,,100,15,,,,,,,,,,,,,,,,,,,,,,,,,,,,,,,,,100,0,100,0,100,0,100,0,100,0,83,17,100,0,100,0,82,36851,17,17,,,,,100,0,100,0,200,0,,,,,,,,,,,,,,,,,,,,,,,,,,,100,39154,100,61971615788,100,167999208297,,,,,,,,,,
2019-10-14,Z302F0JE,ST4000DM000,4000787030016,0,118,184851712,,,92,0,100,14,100,0,76,47085973,,,56,39364,100,0,,,100,15,,,,,,,,,,,,,,,,,,,,,,,,,,,,,,,,,100,0,100,0,100,0,100,0,100,0,83,17,100,0,100,0,82,36851,17,17,,,,,100,0,100,0,200,0,,,,,,,,,,,,,,,,,,,,,,,,,,,100,39178,100,61984123780,100,168281417285,,,,,,,,,,
2019-10-15,Z302F0JE,ST4000DM000,4000787030016,0,117,141897912,,,92,0,100,14,100,0,77,51421823,,,56,39412,100,0,,,100,15,,,,,,,,,,,,,,,,,,,,,,,,,,,,,,,,,100,0,100,0,100,0,100,0,100,0,82,18,100,0,100,0,82,36851,18,18,,,,,100,0,100,0,200,0,,,,,,,,,,,,,,,,,,,,,,,,,,,100,39225,100,62026658452,100,168706933067,,,,,,,,,,
2019-10-16,Z302F0JE,ST4000DM000,4000787030016,0,117,141897912,,,92,0,100,14,100,0,77,51421823,,,56,39412,100,0,,,100,15,,,,,,,,,,,,,,,,,,,,,,,,,,,,,,,,,100,0,100,0,100,0,100,0,100,0,82,18,100,0,100,0,82,36851,18,18,,,,,100,0,100,0,200,0,,,,,,,,,,,,,,,,,,,,,,,,,,,100,39225,100,62026658452,100,168706933067,,,,,,,,,,
2019-10-17,Z302F0JE,ST4000DM000,4000787030016,0,115,86111680,,,92,0,100,14,100,0,77,53570719,,,55,39436,100,0,,,100,15,,,,,,,,,,,,,,,,,,,,,,,,,,,,,,,,,100,0,100,0,100,0,100,0,100,0,83,17,100,0,100,0,82,36851,17,17,,,,,100,0,100,0,200,0,,,,,,,,,,,,,,,,,,,,,,,,,,,100,39249,100,62041155788,100,168977211833,,,,,,,,,,
2019-10-18,Z302F0JE,ST4000DM000,4000787030016,0,113,56719472,,,92,0,100,14,100,0,77,55380324,,,55,39460,100,0,,,100,15,,,,,,,,,,,,,,,,,,,,,,,,,,,,,,,,,100,0,100,0,100,0,100,0,100,0,83,17,100,0,100,0,82,36851,17,17,,,,,100,0,100,0,200,0,,,,,,,,,,,,,,,,,,,,,,,,,,,100,39273,100,62054126380,100,169208453723,,,,,,,,,,
2019-10-19,Z302F0JE,ST4000DM000,4000787030016,0,113,53347960,,,92,0,100,14,100,0,77,58326784,,,55,39496,100,0,,,100,15,,,,,,,,,,,,,,,,,,,,,,,,,,,,,,,,,100,0,100,0,100,0,100,0,100,0,83,17,100,0,100,0,82,36851,17,17,,,,,100,0,100,0,200,0,,,,,,,,,,,,,,,,,,,,,,,,,,,100,39309,100,62081957028,100,169518812328,,,,,,,,,,
2019-10-20,Z302F0JE,ST4000DM000,4000787030016,0,117,145761960,,,92,0,100,14,100,0,78,59651298,,,55,39520,100,0,,,100,15,,,,,,,,,,,,,,,,,,,,,,,,,,,,,,,,,100,0,100,0,100,0,100,0,100,0,83,17,100,0,100,0,82,36851,17,17,,,,,100,0,100,0,200,0,,,,,,,,,,,,,,,,,,,,,,,,,,,100,39333,100,62097314388,100,169666306278,,,,,,,,,,
2019-10-21,Z302F0JE,ST4000DM000,4000787030016,0,119,211584144,,,92,0,100,14,100,0,78,61521012,,,55,39544,100,0,,,100,15,,,,,,,,,,,,,,,,,,,,,,,,,,,,,,,,,100,0,100,0,100,0,100,0,100,0,83,17,100,0,100,0,82,36851,17,17,,,,,100,0,100,0,200,0,,,,,,,,,,,,,,,,,,,,,,,,,,,100,39357,100,62138233572,100,169832740874,,,,,,,,,,
2019-10-22,Z302F0JE,ST4000DM000,4000787030016,0,114,71833272,,,92,0,100,14,100,0,78,62393651,,,55,39556,100,0,,,100,15,,,,,,,,,,,,,,,,,,,,,,,,,,,,,,,,,100,0,100,0,100,0,100,0,100,0,83,17,100,0,100,0,82,36851,17,17,,,,,100,0,100,0,200,0,,,,,,,,,,,,,,,,,,,,,,,,,,,100,39369,100,62146525948,100,169855743226,,,,,,,,,,
2019-10-23,Z302F0JE,ST4000DM000,4000787030016,0,105,10155176,,,92,0,100,14,100,0,78,65092789,,,55,39580,100,0,,,100,15,,,,,,,,,,,,,,,,,,,,,,,,,,,,,,,,,100,0,100,0,100,0,100,0,100,0,83,17,100,0,100,0,82,36851,17,17,,,,,100,0,100,0,200,0,,,,,,,,,,,,,,,,,,,,,,,,,,,100,39393,100,62166713732,100,169972775374,,,,,,,,,,
2019-10-24,Z302F0JE,ST4000DM000,4000787030016,0,117,165118456,,,92,0,100,14,100,0,78,65860230,,,55,39604,100,0,,,100,15,,,,,,,,,,,,,,,,,,,,,,,,,,,,,,,,,100,0,100,0,100,0,100,0,100,0,83,17,100,0,100,0,82,36851,17,17,,,,,100,0,100,0,200,0,,,,,,,,,,,,,,,,,,,,,,,,,,,100,39417,100,62175625948,100,170046315143,,,,,,,,,,
2019-10-25,Z302F0JE,ST4000DM000,4000787030016,0,119,227033656,,,92,0,100,14,100,0,78,68075318,,,55,39628,100,0,,,100,15,,,,,,,,,,,,,,,,,,,,,,,,,,,,,,,,,100,0,100,0,100,0,100,0,100,0,83,17,100,0,100,0,82,36851,17,17,,,,,100,0,100,0,200,0,,,,,,,,,,,,,,,,,,,,,,,,,,,100,39441,100,62187844028,100,170287534769,,,,,,,,,,
2019-10-26,Z302F0JE,ST4000DM000,4000787030016,0,117,138713128,,,92,0,100,14,100,0,78,69782977,,,55,39652,100,0,,,100,15,,,,,,,,,,,,,,,,,,,,,,,,,,,,,,,,,100,0,100,0,100,0,100,0,100,0,83,17,100,0,100,0,82,36851,17,17,,,,,100,0,100,0,200,0,,,,,,,,,,,,,,,,,,,,,,,,,,,100,39465,100,62199780052,100,170467432803,,,,,,,,,,
2019-10-27,Z302F0JE,ST4000DM000,4000787030016,0,117,141950328,,,92,0,100,14,100,0,78,72429399,,,55,39675,100,0,,,100,15,,,,,,,,,,,,,,,,,,,,,,,,,,,,,,,,,100,0,100,0,100,0,100,0,100,0,83,17,100,0,100,0,82,36851,17,17,,,,,100,0,100,0,200,0,,,,,,,,,,,,,,,,,,,,,,,,,,,100,39489,100,62210342388,100,170695082091,,,,,,,,,,
2019-10-28,Z302F0JE,ST4000DM000,4000787030016,0,119,201729496,,,92,0,100,14,100,0,78,73567466,,,55,39700,100,0,,,100,15,,,,,,,,,,,,,,,,,,,,,,,,,,,,,,,,,100,0,100,0,100,0,100,0,100,0,83,17,100,0,100,0,82,36851,17,17,,,,,100,0,100,0,200,0,,,,,,,,,,,,,,,,,,,,,,,,,,,100,39513,100,62223891428,100,170863591164,,,,,,,,,,
2019-10-29,Z302F0JE,ST4000DM000,4000787030016,0,118,189449896,,,92,0,100,14,100,0,78,74872557,,,55,39723,100,0,,,100,15,,,,,,,,,,,,,,,,,,,,,,,,,,,,,,,,,100,0,100,0,100,0,100,0,100,0,83,17,100,0,100,0,82,36851,17,17,,,,,100,0,100,0,200,0,,,,,,,,,,,,,,,,,,,,,,,,,,,100,39537,100,62231345908,100,170981508424,,,,,,,,,,
2019-10-30,Z302F0JE,ST4000DM000,4000787030016,0,117,120845944,,,92,0,100,14,100,0,78,76064391,,,55,39747,100,0,,,100,15,,,,,,,,,,,,,,,,,,,,,,,,,,,,,,,,,100,0,100,0,100,0,100,0,100,0,83,17,100,0,100,0,82,36851,17,17,,,,,100,0,100,0,200,0,,,,,,,,,,,,,,,,,,,,,,,,,,,100,39561,100,62245155068,100,171190809325,,,,,,,,,,
2019-10-31,Z302F0JE,ST4000DM000,4000787030016,0,115,98805248,,,92,0,100,14,100,0,78,77672666,,,55,39783,100,0,,,100,15,,,,,,,,,,,,,,,,,,,,,,,,,,,,,,,,,100,0,100,0,100,0,100,0,100,0,82,18,100,0,100,0,82,36851,18,18,,,,,100,0,100,0,200,0,,,,,,,,,,,,,,,,,,,,,,,,,,,100,39597,100,62261284756,100,171590091872,,,,,,,,,,
2019-11-01,Z302F0JE,ST4000DM000,4000787030016,0,112,44214424,,,92,0,100,14,100,0,78,79451986,,,55,39807,100,0,,,100,15,,,,,,,,,,,,,,,,,,,,,,,,,,,,,,,,,100,0,100,0,100,0,100,0,100,0,82,18,100,0,100,0,82,36851,18,18,,,,,100,0,100,0,200,0,,,,,,,,,,,,,,,,,,,,,,,,,,,100,39621,100,62266790980,100,171907039954,,,,,,,,,,
2019-11-02,Z302F0JE,ST4000DM000,4000787030016,0,111,31878904,,,92,0,100,14,100,0,78,82680716,,,55,39831,100,0,,,100,15,,,,,,,,,,,,,,,,,,,,,,,,,,,,,,,,,100,0,100,0,100,0,100,0,100,0,82,18,100,0,100,0,82,36851,18,18,,,,,100,0,100,0,200,0,,,,,,,,,,,,,,,,,,,,,,,,,,,100,39644,100,62271361092,100,172246638310,,,,,,,,,,
2019-11-03,Z302F0JE,ST4000DM000,4000787030016,0,119,219119432,,,92,0,100,14,100,0,79,84540907,,,55,39855,100,0,,,100,15,,,,,,,,,,,,,,,,,,,,,,,,,,,,,,,,,100,0,100,0,100,0,100,0,100,0,82,18,100,0,100,0,82,36851,18,18,,,,,100,0,100,0,200,0,,,,,,,,,,,,,,,,,,,,,,,,,,,100,39668,100,62275618964,100,172494647614,,,,,,,,,,
2019-11-04,Z302F0JE,ST4000DM000,4000787030016,0,120,240355856,,,92,0,100,14,100,0,79,86298405,,,55,39879,100,0,,,100,15,,,,,,,,,,,,,,,,,,,,,,,,,,,,,,,,,100,0,100,0,100,0,100,0,100,0,82,18,100,0,100,0,82,36851,18,18,,,,,100,0,100,0,200,0,,,,,,,,,,,,,,,,,,,,,,,,,,,100,39692,100,62282953012,100,172756957888,,,,,,,,,,
2019-11-06,Z302F0JE,ST4000DM000,4000787030016,0,118,180715984,,,92,0,100,14,100,0,79,90436783,,,55,39927,100,0,,,100,15,,,,,,,,,,,,,,,,,,,,,,,,,,,,,,,,,100,0,100,0,100,0,100,0,100,0,83,17,100,0,100,0,82,36851,17,17,,,,,100,0,100,0,200,0,,,,,,,,,,,,,,,,,,,,,,,,,,,100,39740,100,62300846588,100,173168415234,,,,,,,,,,
2019-11-07,Z302F0JE,ST4000DM000,4000787030016,0,115,84977400,,,92,0,100,14,100,0,79,92011059,,,55,39951,100,0,,,100,15,,,,,,,,,,,,,,,,,,,,,,,,,,,,,,,,,100,0,100,0,100,0,100,0,100,0,83,17,100,0,100,0,82,36851,17,17,,,,,100,0,100,0,200,0,,,,,,,,,,,,,,,,,,,,,,,,,,,100,39764,100,62308634804,100,173433588354,,,,,,,,,,
2019-11-08,Z302F0JE,ST4000DM000,4000787030016,0,115,84718136,,,92,0,100,14,100,0,79,95065725,,,55,39975,100,0,,,100,15,,,,,,,,,,,,,,,,,,,,,,,,,,,,,,,,,100,0,100,0,100,0,100,0,100,0,83,17,100,0,100,0,82,36851,17,17,,,,,100,0,100,0,200,0,,,,,,,,,,,,,,,,,,,,,,,,,,,100,39788,100,62315904204,100,173714229937,,,,,,,,,,
2019-11-09,Z302F0JE,ST4000DM000,4000787030016,0,109,21897976,,,92,0,100,14,100,0,79,97951680,,,55,39999,100,0,,,100,15,,,,,,,,,,,,,,,,,,,,,,,,,,,,,,,,,100,0,100,0,100,0,100,0,100,0,83,17,100,0,100,0,82,36851,17,17,,,,,100,0,100,0,200,0,,,,,,,,,,,,,,,,,,,,,,,,,,,100,39812,100,62323455676,100,173992502031,,,,,,,,,,
2019-11-10,Z302F0JE,ST4000DM000,4000787030016,0,116,106889288,,,92,0,100,14,100,0,79,99398253,,,55,40023,100,0,,,100,15,,,,,,,,,,,,,,,,,,,,,,,,,,,,,,,,,100,0,100,0,100,0,100,0,100,0,83,17,100,0,100,0,82,36851,17,17,,,,,100,0,100,0,200,0,,,,,,,,,,,,,,,,,,,,,,,,,,,100,39836,100,62328764532,100,174144079246,,,,,,,,,,
2019-11-11,Z302F0JE,ST4000DM000,4000787030016,0,109,24250560,,,92,0,100,14,100,0,80,101023554,,,55,40047,100,0,,,100,15,,,,,,,,,,,,,,,,,,,,,,,,,,,,,,,,,100,0,100,0,100,0,100,0,100,0,83,17,100,0,100,0,82,36851,17,17,,,,,100,0,100,0,200,0,,,,,,,,,,,,,,,,,,,,,,,,,,,100,39860,100,62334350484,100,174361249759,,,,,,,,,,
2019-11-12,Z302F0JE,ST4000DM000,4000787030016,0,117,150848048,,,92,0,100,14,100,0,80,102807695,,,55,40071,100,0,,,100,15,,,,,,,,,,,,,,,,,,,,,,,,,,,,,,,,,100,0,100,0,100,0,100,0,100,0,83,17,100,0,100,0,82,36851,17,17,,,,,100,0,100,0,200,0,,,,,,,,,,,,,,,,,,,,,,,,,,,100,39884,100,62341370116,100,174439830999,,,,,,,,,,
2019-11-13,Z302F0JE,ST4000DM000,4000787030016,0,108,15303120,,,92,0,100,14,100,0,80,104198783,,,55,40095,100,0,,,100,15,,,,,,,,,,,,,,,,,,,,,,,,,,,,,,,,,100,0,100,0,100,0,100,0,100,0,82,18,100,0,100,0,82,36851,18,18,,,,,100,0,100,0,200,0,,,,,,,,,,,,,,,,,,,,,,,,,,,100,39908,100,62346446164,100,174604480029,,,,,,,,,,
2019-11-14,Z302F0JE,ST4000DM000,4000787030016,0,119,223697232,,,92,0,100,14,100,0,80,104773980,,,55,40118,100,0,,,100,15,,,,,,,,,,,,,,,,,,,,,,,,,,,,,,,,,100,0,100,0,100,0,100,0,100,0,83,17,100,0,100,0,82,36851,17,17,,,,,100,0,100,0,200,0,,,,,,,,,,,,,,,,,,,,,,,,,,,100,39932,100,62354192012,100,174681719132,,,,,,,,,,
2019-11-15,Z302F0JE,ST4000DM000,4000787030016,0,115,92776464,,,92,0,100,14,100,0,80,105601296,,,55,40142,100,0,,,100,15,,,,,,,,,,,,,,,,,,,,,,,,,,,,,,,,,100,0,100,0,100,0,100,0,100,0,83,17,100,0,100,0,82,36851,17,17,,,,,100,0,100,0,200,0,,,,,,,,,,,,,,,,,,,,,,,,,,,100,39956,100,62360958724,100,174773100802,,,,,,,,,,
2019-11-16,Z302F0JE,ST4000DM000,4000787030016,0,116,101358024,,,92,0,100,14,100,0,80,108876584,,,55,40166,100,0,,,100,15,,,,,,,,,,,,,,,,,,,,,,,,,,,,,,,,,100,0,100,0,100,0,100,0,100,0,83,17,100,0,100,0,82,36851,17,17,,,,,100,0,100,0,200,0,,,,,,,,,,,,,,,,,,,,,,,,,,,100,39979,100,62367759444,100,175041760454,,,,,,,,,,
2019-11-17,Z302F0JE,ST4000DM000,4000787030016,0,118,181577744,,,92,0,100,14,100,0,80,110794678,,,55,40190,100,0,,,100,15,,,,,,,,,,,,,,,,,,,,,,,,,,,,,,,,,100,0,100,0,100,0,100,0,100,0,83,17,100,0,100,0,82,36851,17,17,,,,,100,0,100,0,200,0,,,,,,,,,,,,,,,,,,,,,,,,,,,100,40003,100,62377898700,100,175224350515,,,,,,,,,,
2019-11-18,Z302F0JE,ST4000DM000,4000787030016,0,117,140271432,,,92,0,100,14,100,0,80,112184703,,,55,40214,100,0,,,100,15,,,,,,,,,,,,,,,,,,,,,,,,,,,,,,,,,100,0,100,0,100,0,100,0,100,0,83,17,100,0,100,0,82,36851,17,17,,,,,100,0,100,0,200,0,,,,,,,,,,,,,,,,,,,,,,,,,,,100,40028,100,62398692348,100,175444089573,,,,,,,,,,
2019-11-19,Z302F0JE,ST4000DM000,4000787030016,0,113,56120720,,,92,0,100,14,100,0,80,114045474,,,55,40238,100,0,,,100,15,,,,,,,,,,,,,,,,,,,,,,,,,,,,,,,,,100,0,100,0,100,0,100,0,100,0,83,17,100,0,100,0,82,36851,17,17,,,,,100,0,100,0,200,0,,,,,,,,,,,,,,,,,,,,,,,,,,,100,40052,100,62408263516,100,175553078039,,,,,,,,,,
2019-11-20,Z302F0JE,ST4000DM000,4000787030016,0,116,107553616,,,92,0,100,14,100,0,80,114669611,,,55,40262,100,0,,,100,15,,,,,,,,,,,,,,,,,,,,,,,,,,,,,,,,,100,0,100,0,100,0,100,0,100,0,83,17,100,0,100,0,82,36851,17,17,,,,,100,0,100,0,200,0,,,,,,,,,,,,,,,,,,,,,,,,,,,100,40076,100,62417174836,100,175705944000,,,,,,,,,,
2019-11-21,Z302F0JE,ST4000DM000,4000787030016,0,117,132709280,,,92,0,100,14,100,0,80,115623468,,,55,40286,100,0,,,100,15,,,,,,,,,,,,,,,,,,,,,,,,,,,,,,,,,100,0,100,0,100,0,100,0,100,0,83,17,100,0,100,0,82,36851,17,17,,,,,100,0,100,0,200,0,,,,,,,,,,,,,,,,,,,,,,,,,,,100,40100,100,62426237604,100,175970473884,,,,,,,,,,
2019-11-22,Z302F0JE,ST4000DM000,4000787030016,0,114,70615864,,,92,0,100,14,100,0,81,117859772,,,54,40310,100,0,,,100,15,,,,,,,,,,,,,,,,,,,,,,,,,,,,,,,,,100,0,100,0,100,0,100,0,100,0,82,18,100,0,100,0,82,36851,18,18,,,,,100,0,100,0,200,0,,,,,,,,,,,,,,,,,,,,,,,,,,,100,40124,100,62434043060,100,176270956457,,,,,,,,,,
2019-11-23,Z302F0JE,ST4000DM000,4000787030016,0,119,224542128,,,92,0,100,14,100,0,81,120491279,,,54,40334,100,0,,,100,15,,,,,,,,,,,,,,,,,,,,,,,,,,,,,,,,,100,0,100,0,100,0,100,0,100,0,83,17,100,0,100,0,82,36851,17,17,,,,,100,0,100,0,200,0,,,,,,,,,,,,,,,,,,,,,,,,,,,100,40148,100,62445116564,100,176604471474,,,,,,,,,,
2019-11-24,Z302F0JE,ST4000DM000,4000787030016,0,120,237266976,,,92,0,100,14,100,0,81,123360820,,,54,40358,100,0,,,100,15,,,,,,,,,,,,,,,,,,,,,,,,,,,,,,,,,100,0,100,0,100,0,100,0,100,0,83,17,100,0,100,0,82,36851,17,17,,,,,100,0,100,0,200,0,,,,,,,,,,,,,,,,,,,,,,,,,,,100,40172,100,62455312772,100,176919891219,,,,,,,,,,
2019-11-25,Z302F0JE,ST4000DM000,4000787030016,0,111,41680480,,,92,0,100,14,100,0,81,124794702,,,54,40382,100,0,,,100,15,,,,,,,,,,,,,,,,,,,,,,,,,,,,,,,,,100,0,100,0,100,0,100,0,100,0,83,17,100,0,100,0,82,36851,17,17,,,,,100,0,100,0,200,0,,,,,,,,,,,,,,,,,,,,,,,,,,,100,40196,100,62468084212,100,177169991893,,,,,,,,,,
2019-11-26,Z302F0JE,ST4000DM000,4000787030016,0,117,127417856,,,92,0,100,14,100,0,81,126673752,,,54,40406,100,0,,,100,15,,,,,,,,,,,,,,,,,,,,,,,,,,,,,,,,,100,0,100,0,100,0,100,0,100,0,83,17,100,0,100,0,82,36851,17,17,,,,,100,0,100,0,200,0,,,,,,,,,,,,,,,,,,,,,,,,,,,100,40220,100,62480478900,100,177269968440,,,,,,,,,,
2019-11-27,Z302F0JE,ST4000DM000,4000787030016,0,117,133927624,,,92,0,100,14,100,0,81,127599091,,,54,40418,100,0,,,100,15,,,,,,,,,,,,,,,,,,,,,,,,,,,,,,,,,100,0,100,0,100,0,100,0,100,0,83,17,100,0,100,0,82,36851,17,17,,,,,100,0,100,0,200,0,,,,,,,,,,,,,,,,,,,,,,,,,,,100,40232,100,62484602700,100,177409389513,,,,,,,,,,
2019-11-28,Z302F0JE,ST4000DM000,4000787030016,0,119,208299104,,,92,0,100,14,100,0,81,129313001,,,54,40442,100,0,,,100,15,,,,,,,,,,,,,,,,,,,,,,,,,,,,,,,,,100,0,100,0,100,0,100,0,100,0,82,18,100,0,100,0,82,36851,18,18,,,,,100,0,100,0,200,0,,,,,,,,,,,,,,,,,,,,,,,,,,,100,40255,100,62493772868,100,177673493302,,,,,,,,,,
2019-11-29,Z302F0JE,ST4000DM000,4000787030016,0,120,242961512,,,92,0,100,14,100,0,81,131178111,,,54,40466,100,0,,,100,15,,,,,,,,,,,,,,,,,,,,,,,,,,,,,,,,,100,0,100,0,100,0,100,0,100,0,83,17,100,0,100,0,82,36851,17,17,,,,,100,0,100,0,200,0,,,,,,,,,,,,,,,,,,,,,,,,,,,100,40279,100,62502204428,100,177957428238,,,,,,,,,,
2019-11-30,Z302F0JE,ST4000DM000,4000787030016,0,115,91035152,,,92,0,100,14,100,0,81,132936272,,,54,40490,100,0,,,100,15,,,,,,,,,,,,,,,,,,,,,,,,,,,,,,,,,100,0,100,0,100,0,100,0,100,0,83,17,100,0,100,0,82,36851,17,17,,,,,100,0,100,0,200,0,,,,,,,,,,,,,,,,,,,,,,,,,,,100,40303,100,62512094228,100,178225937431,,,,,,,,,,
2019-12-01,Z302F0JE,ST4000DM000,4000787030016,0,119,214891544,,,92,0,100,14,100,0,81,136407709,,,54,40514,100,0,,,100,15,,,,,,,,,,,,,,,,,,,,,,,,,,,,,,,,,100,0,100,0,100,0,100,0,100,0,83,17,100,0,100,0,82,36851,17,17,,,,,100,0,100,0,200,0,,,,,,,,,,,,,,,,,,,,,,,,,,,100,40327,100,62523010180,100,178539621056,,,,,,,,,,
2019-12-02,Z302F0JE,ST4000DM000,4000787030016,0,114,78441784,,,92,0,100,14,100,0,81,137619965,,,54,40538,100,0,,,100,15,,,,,,,,,,,,,,,,,,,,,,,,,,,,,,,,,100,0,100,0,100,0,100,0,100,0,83,17,100,0,100,0,82,36851,17,17,,,,,100,0,100,0,200,0,,,,,,,,,,,,,,,,,,,,,,,,,,,100,40351,100,62535736660,100,178694520816,,,,,,,,,,
2019-12-03,Z302F0JE,ST4000DM000,4000787030016,0,119,206291096,,,92,0,100,14,100,0,81,139497144,,,54,40562,100,0,,,100,15,,,,,,,,,,,,,,,,,,,,,,,,,,,,,,,,,100,0,100,0,100,0,100,0,100,0,83,17,100,0,100,0,82,36851,17,17,,,,,100,0,100,0,200,0,,,,,,,,,,,,,,,,,,,,,,,,,,,100,40375,100,62548554804,100,178838749421,,,,,,,,,,
2019-12-04,Z302F0JE,ST4000DM000,4000787030016,0,118,167875296,,,92,0,100,14,100,0,81,141294748,,,54,40586,100,0,,,100,15,,,,,,,,,,,,,,,,,,,,,,,,,,,,,,,,,100,0,100,0,100,0,100,0,100,0,83,17,100,0,100,0,82,36851,17,17,,,,,100,0,100,0,200,0,,,,,,,,,,,,,,,,,,,,,,,,,,,100,40399,100,62563299436,100,179021119441,,,,,,,,,,
2019-12-05,Z302F0JE,ST4000DM000,4000787030016,0,119,209355584,,,92,0,100,14,100,0,81,142569048,,,54,40610,100,0,,,100,15,,,,,,,,,,,,,,,,,,,,,,,,,,,,,,,,,100,0,100,0,100,0,100,0,100,0,83,17,100,0,100,0,82,36851,17,17,,,,,100,0,100,0,200,0,,,,,,,,,,,,,,,,,,,,,,,,,,,100,40423,100,62580422508,100,179198825089,,,,,,,,,,
2019-12-06,Z302F0JE,ST4000DM000,4000787030016,0,118,190028432,,,92,0,100,14,100,0,81,143764144,,,54,40634,100,0,,,100,15,,,,,,,,,,,,,,,,,,,,,,,,,,,,,,,,,100,0,100,0,100,0,100,0,100,0,83,17,100,0,100,0,82,36851,17,17,,,,,100,0,100,0,200,0,,,,,,,,,,,,,,,,,,,,,,,,,,,100,40447,100,62593640164,100,179327169248,,,,,,,,,,
2019-12-07,Z302F0JE,ST4000DM000,4000787030016,0,115,88992528,,,92,0,100,14,100,0,81,144367378,,,54,40658,100,0,,,100,15,,,,,,,,,,,,,,,,,,,,,,,,,,,,,,,,,100,0,100,0,100,0,100,0,100,0,83,17,100,0,100,0,82,36851,17,17,,,,,100,0,100,0,200,0,,,,,,,,,,,,,,,,,,,,,,,,,,,100,40471,100,62604822620,100,179382562873,,,,,,,,,,
2019-12-08,Z302F0JE,ST4000DM000,4000787030016,0,118,190967456,,,92,0,100,14,100,0,81,147140176,,,54,40682,100,0,,,100,15,,,,,,,,,,,,,,,,,,,,,,,,,,,,,,,,,100,0,100,0,100,0,100,0,100,0,83,17,100,0,100,0,82,36851,17,17,,,,,100,0,100,0,200,0,,,,,,,,,,,,,,,,,,,,,,,,,,,100,40495,100,62614537676,100,179577832696,,,,,,,,,,
2019-12-09,Z302F0JE,ST4000DM000,4000787030016,0,120,236099016,,,92,0,100,14,100,0,81,149456963,,,54,40706,100,0,,,100,15,,,,,,,,,,,,,,,,,,,,,,,,,,,,,,,,,100,0,100,0,100,0,100,0,100,0,83,17,100,0,100,0,82,36851,17,17,,,,,100,0,100,0,200,0,,,,,,,,,,,,,,,,,,,,,,,,,,,100,40519,100,62632426092,100,179801381393,,,,,,,,,,
2019-12-10,Z302F0JE,ST4000DM000,4000787030016,0,120,243887992,,,92,0,100,14,100,0,81,150647179,,,54,40730,100,0,,,100,15,,,,,,,,,,,,,,,,,,,,,,,,,,,,,,,,,100,0,100,0,100,0,100,0,100,0,83,17,100,0,100,0,82,36851,17,17,,,,,100,0,100,0,200,0,,,,,,,,,,,,,,,,,,,,,,,,,,,100,40543,100,62642677180,100,179912318719,,,,,,,,,,
2019-12-11,Z302F0JE,ST4000DM000,4000787030016,0,114,81246520,,,92,0,100,14,100,0,81,154688649,,,54,40766,100,0,,,100,15,,,,,,,,,,,,,,,,,,,,,,,,,,,,,,,,,100,0,100,0,100,0,100,0,100,0,83,17,100,0,100,0,82,36851,17,17,,,,,100,0,100,0,200,0,,,,,,,,,,,,,,,,,,,,,,,,,,,100,40579,100,62663306652,100,180145930142,,,,,,,,,,
2019-12-12,Z302F0JE,ST4000DM000,4000787030016,0,110,27602024,,,92,0,100,14,100,0,81,155760685,,,54,40790,100,0,,,100,15,,,,,,,,,,,,,,,,,,,,,,,,,,,,,,,,,100,0,100,0,100,0,100,0,100,0,83,17,100,0,100,0,82,36851,17,17,,,,,100,0,100,0,200,0,,,,,,,,,,,,,,,,,,,,,,,,,,,100,40603,100,62677028876,100,180336493571,,,,,,,,,,
2019-12-13,Z302F0JE,ST4000DM000,4000787030016,0,119,208797816,,,92,0,100,14,100,0,81,156069672,,,54,40802,100,0,,,100,15,,,,,,,,,,,,,,,,,,,,,,,,,,,,,,,,,100,0,100,0,100,0,100,0,100,0,83,17,100,0,100,0,82,36851,17,17,,,,,100,0,100,0,200,0,,,,,,,,,,,,,,,,,,,,,,,,,,,100,40615,100,62684817124,100,180415483953,,,,,,,,,,
2019-12-14,Z302F0JE,ST4000DM000,4000787030016,0,117,123631264,,,92,0,100,14,100,0,81,156996609,,,54,40826,100,0,,,100,15,,,,,,,,,,,,,,,,,,,,,,,,,,,,,,,,,100,0,100,0,100,0,100,0,100,0,83,17,100,0,100,0,82,36851,17,17,,,,,100,0,100,0,200,0,,,,,,,,,,,,,,,,,,,,,,,,,,,100,40639,100,62697305500,100,180671020803,,,,,,,,,,
2019-12-15,Z302F0JE,ST4000DM000,4000787030016,0,119,232829672,,,92,0,100,14,100,0,81,159286344,,,54,40850,100,0,,,100,15,,,,,,,,,,,,,,,,,,,,,,,,,,,,,,,,,100,0,100,0,100,0,100,0,100,0,83,17,100,0,100,0,82,36851,17,17,,,,,100,0,100,0,200,0,,,,,,,,,,,,,,,,,,,,,,,,,,,100,40663,100,62709421868,100,180978580961,,,,,,,,,,
2019-12-16,Z302F0JE,ST4000DM000,4000787030016,0,117,132695232,,,92,0,100,14,100,0,81,161060021,,,54,40874,100,0,,,100,15,,,,,,,,,,,,,,,,,,,,,,,,,,,,,,,,,100,0,100,0,100,0,100,0,100,0,83,17,100,0,100,0,82,36851,17,17,,,,,100,0,100,0,200,0,,,,,,,,,,,,,,,,,,,,,,,,,,,100,40687,100,62721465348,100,181290947202,,,,,,,,,,
2019-12-17,Z302F0JE,ST4000DM000,4000787030016,0,112,43116904,,,92,0,100,14,100,0,81,163344381,,,54,40898,100,0,,,100,15,,,,,,,,,,,,,,,,,,,,,,,,,,,,,,,,,100,0,100,0,100,0,100,0,100,0,83,17,100,0,100,0,82,36851,17,17,,,,,100,0,100,0,200,0,,,,,,,,,,,,,,,,,,,,,,,,,,,100,40711,100,62732231308,100,181508086347,,,,,,,,,,
2019-12-18,Z302F0JE,ST4000DM000,4000787030016,0,112,43871448,,,92,0,100,14,100,0,81,165386254,,,54,40922,100,0,,,100,15,,,,,,,,,,,,,,,,,,,,,,,,,,,,,,,,,100,0,100,0,100,0,100,0,100,0,83,17,100,0,100,0,82,36851,17,17,,,,,100,0,100,0,200,0,,,,,,,,,,,,,,,,,,,,,,,,,,,100,40735,100,62746574044,100,181734906693,,,,,,,,,,
2019-12-19,Z302F0JE,ST4000DM000,4000787030016,0,116,116808296,,,92,0,100,14,100,0,81,166683983,,,54,40946,100,0,,,100,15,,,,,,,,,,,,,,,,,,,,,,,,,,,,,,,,,100,0,100,0,100,0,100,0,100,0,83,17,100,0,100,0,82,36851,17,17,,,,,100,0,100,0,200,0,,,,,,,,,,,,,,,,,,,,,,,,,,,100,40759,100,62758235964,100,181977533803,,,,,,,,,,
2019-12-20,Z302F0JE,ST4000DM000,4000787030016,0,118,186385752,,,92,0,100,14,100,0,82,169310989,,,54,40982,100,0,,,100,15,,,,,,,,,,,,,,,,,,,,,,,,,,,,,,,,,100,0,100,0,100,0,100,0,100,0,83,17,100,0,100,0,82,36851,17,17,,,,,100,0,100,0,200,0,,,,,,,,,,,,,,,,,,,,,,,,,,,100,40795,100,62777525668,100,182376655547,,,,,,,,,,
2019-12-21,Z302F0JE,ST4000DM000,4000787030016,0,113,52677144,,,92,0,100,14,100,0,82,172239161,,,54,41006,100,0,,,100,15,,,,,,,,,,,,,,,,,,,,,,,,,,,,,,,,,100,0,100,0,100,0,100,0,100,0,83,17,100,0,100,0,82,36851,17,17,,,,,100,0,100,0,200,0,,,,,,,,,,,,,,,,,,,,,,,,,,,100,40819,100,62788527244,100,182684048237,,,,,,,,,,
2019-12-22,Z302F0JE,ST4000DM000,4000787030016,0,110,26731304,,,92,0,100,14,100,0,82,174594105,,,54,41030,100,0,,,100,15,,,,,,,,,,,,,,,,,,,,,,,,,,,,,,,,,100,0,100,0,100,0,100,0,100,0,83,17,100,0,100,0,82,36851,17,17,,,,,100,0,100,0,200,0,,,,,,,,,,,,,,,,,,,,,,,,,,,100,40843,100,62805859980,100,182970173289,,,,,,,,,,
2019-12-23,Z302F0JE,ST4000DM000,4000787030016,0,105,7406040,,,92,0,100,14,100,0,82,176647557,,,54,41054,100,0,,,100,15,,,,,,,,,,,,,,,,,,,,,,,,,,,,,,,,,100,0,100,0,100,0,100,0,100,0,83,17,100,0,100,0,82,36851,17,17,,,,,100,0,100,0,200,0,,,,,,,,,,,,,,,,,,,,,,,,,,,100,40867,100,62814372356,100,183249657281,,,,,,,,,,
2019-12-24,Z302F0JE,ST4000DM000,4000787030016,0,116,116910728,,,92,0,100,14,100,0,82,178846347,,,54,41078,100,0,,,100,15,,,,,,,,,,,,,,,,,,,,,,,,,,,,,,,,,100,0,100,0,100,0,100,0,100,0,83,17,100,0,100,0,82,36851,17,17,,,,,100,0,100,0,200,0,,,,,,,,,,,,,,,,,,,,,,,,,,,100,40891,100,62830205372,100,183379996068,,,,,,,,,,
2019-12-25,Z302F0JE,ST4000DM000,4000787030016,0,114,83213392,,,92,0,100,14,100,0,82,180010217,,,54,41102,100,0,,,100,15,,,,,,,,,,,,,,,,,,,,,,,,,,,,,,,,,100,0,100,0,100,0,100,0,100,0,83,17,100,0,100,0,82,36851,17,17,,,,,100,0,100,0,200,0,,,,,,,,,,,,,,,,,,,,,,,,,,,100,40915,100,62844162012,100,183525746647,,,,,,,,,,
2019-12-26,Z302F0JE,ST4000DM000,4000787030016,0,118,193266456,,,92,0,100,14,100,0,82,181806325,,,54,41126,100,0,,,100,15,,,,,,,,,,,,,,,,,,,,,,,,,,,,,,,,,100,0,100,0,100,0,100,0,100,0,83,17,100,0,100,0,82,36851,17,17,,,,,100,0,100,0,200,0,,,,,,,,,,,,,,,,,,,,,,,,,,,100,40939,100,62859587788,100,183759850468,,,,,,,,,,
2019-12-27,Z302F0JE,ST4000DM000,4000787030016,0,117,132931448,,,92,0,100,14,100,0,82,182989448,,,54,41150,100,0,,,100,15,,,,,,,,,,,,,,,,,,,,,,,,,,,,,,,,,100,0,100,0,100,0,100,0,100,0,83,17,100,0,100,0,82,36851,17,17,,,,,100,0,100,0,200,0,,,,,,,,,,,,,,,,,,,,,,,,,,,100,40963,100,62878555820,100,183888196492,,,,,,,,,,
2019-12-28,Z302F0JE,ST4000DM000,4000787030016,0,117,156959104,,,92,0,100,14,100,0,82,184886141,,,53,41174,100,0,,,100,15,,,,,,,,,,,,,,,,,,,,,,,,,,,,,,,,,100,0,100,0,100,0,100,0,100,0,83,17,100,0,100,0,82,36851,17,17,,,,,100,0,100,0,200,0,,,,,,,,,,,,,,,,,,,,,,,,,,,100,40987,100,62891487764,100,184021292249,,,,,,,,,,
2019-12-29,Z302F0JE,ST4000DM000,4000787030016,0,108,15550288,,,92,0,100,14,100,0,82,186261086,,,53,41198,100,0,,,100,15,,,,,,,,,,,,,,,,,,,,,,,,,,,,,,,,,100,0,100,0,100,0,100,0,100,0,83,17,100,0,100,0,82,36851,17,17,,,,,100,0,100,0,200,0,,,,,,,,,,,,,,,,,,,,,,,,,,,100,41011,100,62910124028,100,184107716798,,,,,,,,,,
2019-12-30,Z302F0JE,ST4000DM000,4000787030016,0,116,103291976,,,92,0,100,14,100,0,82,188412029,,,53,41222,100,0,,,100,15,,,,,,,,,,,,,,,,,,,,,,,,,,,,,,,,,100,0,100,0,100,0,100,0,100,0,83,17,100,0,100,0,82,36851,17,17,,,,,100,0,100,0,200,0,,,,,,,,,,,,,,,,,,,,,,,,,,,100,41035,100,62927340868,100,184338293521,,,,,,,,,,
2019-12-31,Z302F0JE,ST4000DM000,4000787030016,0,118,193793488,,,92,0,100,14,100,0,82,190202075,,,53,41246,100,0,,,100,15,,,,,,,,,,,,,,,,,,,,,,,,,,,,,,,,,100,0,100,0,100,0,100,0,100,0,83,17,100,0,100,0,82,36851,17,17,,,,,100,0,100,0,200,0,,,,,,,,,,,,,,,,,,,,,,,,,,,100,41059,100,62947912116,100,184400061802,,,,,,,,,,
