2019-01-01,Z304HTDN,ST4000DM000,4000787030016,0,103,5904664,,,98,0,100,2,100,0,84,279562939,,,69,27341,100,0,,,100,2,,,,,,,,,,,,,,,,,,,,,,,,,,,,,,,100,0,100,0,100,0,100,0,100,0,80,20,100,0,100,0,95,10076,20,20,,,,,100,0,100,0,200,0,,,,,,,,,,,,,,,,,,,,,,,,,,,100,27183,100,47378989464,100,118336216749,,,,,,,,,,
2019-01-02,Z304HTDN,ST4000DM000,4000787030016,0,117,157978208,,,98,0,100,2,100,0,84,280270306,,,69,27366,100,0,,,100,2,,,,,,,,,,,,,,,,,,,,,,,,,,,,,,,100,0,100,0,100,0,100,0,100,0,80,20,100,0,100,0,95,10076,20,20,,,,,100,0,100,0,200,0,,,,,,,,,,,,,,,,,,,,,,,,,,,100,27208,100,47398240696,100,118394313356,,,,,,,,,,
2019-01-03,Z304HTDN,ST4000DM000,4000787030016,0,118,194595592,,,98,0,100,2,100,0,84,282007266,,,69,27389,100,0,,,100,2,,,,,,,,,,,,,,,,,,,,,,,,,,,,,,,100,0,100,0,100,0,100,0,100,0,76,24,100,0,100,0,95,10076,24,24,,,,,100,0,100,0,200,0,,,,,,,,,,,,,,,,,,,,,,,,,,,100,27231,100,47425291176,100,118467190563,,,,,,,,,,
2019-01-04,Z304HTDN,ST4000DM000,4000787030016,0,115,94178728,,,98,0,100,2,100,0,84,282636220,,,69,27413,100,0,,,100,2,,,,,,,,,,,,,,,,,,,,,,,,,,,,,,,100,0,100,0,100,0,100,0,100,0,79,21,100,0,100,0,95,10076,21,21,,,,,100,0,100,0,200,0,,,,,,,,,,,,,,,,,,,,,,,,,,,100,27255,100,47448778240,100,118509305957,,,,,,,,,,
2019-01-05,Z304HTDN,ST4000DM000,4000787030016,0,117,158251112,,,98,0,100,2,100,0,84,282973387,,,69,27437,100,0,,,100,2,,,,,,,,,,,,,,,,,,,,,,,,,,,,,,,100,0,100,0,100,0,100,0,100,0,79,21,100,0,100,0,95,10076,21,21,,,,,100,0,100,0,200,0,,,,,,,,,,,,,,,,,,,,,,,,,,,100,27279,100,47468950232,100,118520009230,,,,,,,,,,
2019-01-06,Z304HTDN,ST4000DM000,4000787030016,0,112,49513216,,,98,0,100,2,100,0,84,283520365,,,69,27462,100,0,,,100,2,,,,,,,,,,,,,,,,,,,,,,,,,,,,,,,100,0,100,0,100,0,100,0,100,0,78,22,100,0,100,0,95,10076,22,22,,,,,100,0,100,0,200,0,,,,,,,,,,,,,,,,,,,,,,,,,,,100,27304,100,47487161944,100,118560306191,,,,,,,,,,
2019-01-07,Z304HTDN,ST4000DM000,4000787030016,0,106,12203128,,,98,0,100,2,100,0,84,284239111,,,69,27485,100,0,,,100,2,,,,,,,,,,,,,,,,,,,,,,,,,,,,,,,100,0,100,0,100,0,100,0,100,0,79,21,100,0,100,0,95,10076,21,21,,,,,100,0,100,0,200,0,,,,,,,,,,,,,,,,,,,,,,,,,,,100,27327,100,47502195464,100,118646260816,,,,,,,,,,
2019-01-08,Z304HTDN,ST4000DM000,4000787030016,0,119,228461032,,,98,0,100,2,100,0,84,286394884,,,69,27509,100,0,,,100,2,,,,,,,,,,,,,,,,,,,,,,,,,,,,,,,100,0,100,0,100,0,100,0,100,0,79,21,100,0,100,0,95,10076,21,21,,,,,100,0,100,0,200,0,,,,,,,,,,,,,,,,,,,,,,,,,,,100,27351,100,47533786792,100,118764419552,,,,,,,,,,
2019-01-09,Z304HTDN,ST4000DM000,4000787030016,0,117,127959736,,,98,0,100,2,100,0,84,287361570,,,69,27534,100,0,,,100,2,,,,,,,,,,,,,,,,,,,,,,,,,,,,,,,100,0,100,0,100,0,100,0,100,0,79,21,100,0,100,0,95,10076,21,21,,,,,100,0,100,0,200,0,,,,,,,,,,,,,,,,,,,,,,,,,,,100,27376,100,47561270472,100,118845310102,,,,,,,,,,
2019-01-10,Z304HTDN,ST4000DM000,4000787030016,0,115,93125080,,,98,0,100,2,100,0,84,288551091,,,69,27553,100,0,,,100,2,,,,,,,,,,,,,,,,,,,,,,,,,,,,,,,100,0,100,0,100,0,100,0,100,0,79,21,100,0,100,0,95,10078,21,21,,,,,100,0,100,0,200,0,,,,,,,,,,,,,,,,,,,,,,,,,,,100,27395,100,47584661560,100,118912112654,,,,,,,,,,
2019-01-11,Z304HTDN,ST4000DM000,4000787030016,0,111,40789296,,,98,0,100,2,100,0,84,289347460,,,69,27577,100,0,,,100,2,,,,,,,,,,,,,,,,,,,,,,,,,,,,,,,100,0,100,0,100,0,100,0,100,0,79,21,100,0,100,0,95,10078,21,21,,,,,100,0,100,0,200,0,,,,,,,,,,,,,,,,,,,,,,,,,,,100,27419,100,47596842728,100,119008189653,,,,,,,,,,
2019-01-12,Z304HTDN,ST4000DM000,4000787030016,0,117,164452520,,,98,0,100,2,100,0,84,290334250,,,69,27601,100,0,,,100,2,,,,,,,,,,,,,,,,,,,,,,,,,,,,,,,100,0,100,0,100,0,100,0,100,0,80,20,100,0,100,0,95,10078,20,20,,,,,100,0,100,0,200,0,,,,,,,,,,,,,,,,,,,,,,,,,,,100,27443,100,47616541112,100,119119705967,,,,,,,,,,
2019-01-13,Z304HTDN,ST4000DM000,4000787030016,0,111,36493560,,,98,0,100,2,100,0,84,291167079,,,69,27625,100,0,,,100,2,,,,,,,,,,,,,,,,,,,,,,,,,,,,,,,100,0,100,0,100,0,100,0,100,0,79,21,100,0,100,0,95,10078,21,21,,,,,100,0,100,0,200,0,,,,,,,,,,,,,,,,,,,,,,,,,,,100,27467,100,47639744864,100,119210530596,,,,,,,,,,
2019-01-14,Z304HTDN,ST4000DM000,4000787030016,0,111,32212720,,,98,0,100,2,100,0,84,294017309,,,69,27649,100,0,,,100,2,,,,,,,,,,,,,,,,,,,,,,,,,,,,,,,100,0,100,0,100,0,100,0,100,0,80,20,100,0,100,0,95,10078,20,20,,,,,100,0,100,0,200,0,,,,,,,,,,,,,,,,,,,,,,,,,,,100,27491,100,47665744624,100,119378321978,,,,,,,,,,
2019-01-15,Z304HTDN,ST4000DM000,4000787030016,0,100,2860400,,,98,0,100,2,100,0,84,296115581,,,69,27673,100,0,,,100,2,,,,,,,,,,,,,,,,,,,,,,,,,,,,,,,100,0,100,0,100,0,100,0,100,0,79,21,100,0,100,0,95,10078,21,21,,,,,100,0,100,0,200,0,,,,,,,,,,,,,,,,,,,,,,,,,,,100,27515,100,47693699712,100,119514544863,,,,,,,,,,
2019-01-16,Z304HTDN,ST4000DM000,4000787030016,0,108,16349368,,,98,0,100,2,100,0,84,297347496,,,69,27696,100,0,,,100,2,,,,,,,,,,,,,,,,,,,,,,,,,,,,,,,100,0,100,0,100,0,100,0,100,0,79,21,100,0,100,0,95,10078,21,21,,,,,100,0,100,0,200,0,,,,,,,,,,,,,,,,,,,,,,,,,,,100,27538,100,47724009720,100,119626653003,,,,,,,,,,
2019-01-17,Z304HTDN,ST4000DM000,4000787030016,0,116,116500640,,,98,0,100,2,100,0,84,298586039,,,69,27720,100,0,,,100,2,,,,,,,,,,,,,,,,,,,,,,,,,,,,,,,100,0,100,0,100,0,100,0,100,0,79,21,100,0,100,0,95,10078,21,21,,,,,100,0,100,0,200,0,,,,,,,,,,,,,,,,,,,,,,,,,,,100,27562,100,47752331568,100,119684243765,,,,,,,,,,
2019-01-18,Z304HTDN,ST4000DM000,4000787030016,0,113,54472960,,,98,0,100,2,100,0,84,299759517,,,69,27744,100,0,,,100,2,,,,,,,,,,,,,,,,,,,,,,,,,,,,,,,100,0,100,0,100,0,100,0,100,0,80,20,100,0,100,0,95,10078,20,20,,,,,100,0,100,0,200,0,,,,,,,,,,,,,,,,,,,,,,,,,,,100,27586,100,47783330776,100,119735832752,,,,,,,,,,
2019-01-19,Z304HTDN,ST4000DM000,4000787030016,0,111,38107272,,,98,0,100,2,100,0,84,300626763,,,69,27768,100,0,,,100,2,,,,,,,,,,,,,,,,,,,,,,,,,,,,,,,100,0,100,0,100,0,100,0,100,0,79,21,100,0,100,0,95,10078,21,21,,,,,100,0,100,0,200,0,,,,,,,,,,,,,,,,,,,,,,,,,,,100,27610,100,47800229280,100,119823160739,,,,,,,,,,
2019-01-20,Z304HTDN,ST4000DM000,4000787030016,0,117,139948592,,,98,0,100,2,100,0,84,301642940,,,69,27792,100,0,,,100,2,,,,,,,,,,,,,,,,,,,,,,,,,,,,,,,100,0,100,0,100,0,100,0,100,0,79,21,100,0,100,0,95,10078,21,21,,,,,100,0,100,0,200,0,,,,,,,,,,,,,,,,,,,,,,,,,,,100,27634,100,47834602560,100,119923361662,,,,,,,,,,
2019-01-21,Z304HTDN,ST4000DM000,4000787030016,0,118,191010112,,,98,0,100,2,100,0,84,303114205,,,69,27816,100,0,,,100,2,,,,,,,,,,,,,,,,,,,,,,,,,,,,,,,100,0,100,0,100,0,100,0,100,0,79,21,100,0,100,0,95,10078,21,21,,,,,100,0,100,0,200,0,,,,,,,,,,,,,,,,,,,,,,,,,,,100,27658,100,47853162256,100,120049006255,,,,,,,,,,
2019-01-22,Z304HTDN,ST4000DM000,4000787030016,0,117,137125760,,,98,0,100,2,100,0,84,305659459,,,69,27839,100,0,,,100,2,,,,,,,,,,,,,,,,,,,,,,,,,,,,,,,100,0,100,0,100,0,100,0,100,0,79,21,100,0,100,0,95,10078,21,21,,,,,100,0,100,0,200,0,,,,,,,,,,,,,,,,,,,,,,,,,,,100,27681,100,47875336504,100,120173167735,,,,,,,,,,
2019-01-23,Z304HTDN,ST4000DM000,4000787030016,0,119,202153056,,,98,0,100,2,100,0,84,306279899,,,69,27863,100,0,,,100,2,,,,,,,,,,,,,,,,,,,,,,,,,,,,,,,100,0,100,0,100,0,100,0,100,0,79,21,100,0,100,0,95,10078,21,21,,,,,100,0,100,0,200,0,,,,,,,,,,,,,,,,,,,,,,,,,,,100,27705,100,47889772584,100,120269827465,,,,,,,,,,
2019-01-24,Z304HTDN,ST4000DM000,4000787030016,0,118,170205648,,,98,0,100,2,100,0,84,307571689,,,69,27887,100,0,,,100,2,,,,,,,,,,,,,,,,,,,,,,,,,,,,,,,100,0,100,0,100,0,100,0,100,0,79,21,100,0,100,0,95,10080,21,21,,,,,100,0,100,0,200,0,,,,,,,,,,,,,,,,,,,,,,,,,,,100,27729,100,47905736544,100,120411235898,,,,,,,,,,
2019-01-25,Z304HTDN,ST4000DM000,4000787030016,0,118,200591592,,,98,0,100,2,100,0,84,309025922,,,69,27911,100,0,,,100,2,,,,,,,,,,,,,,,,,,,,,,,,,,,,,,,100,0,100,0,100,0,100,0,100,0,79,21,100,0,100,0,95,10080,21,21,,,,,100,0,100,0,200,0,,,,,,,,,,,,,,,,,,,,,,,,,,,100,27753,100,47930304448,100,120521221146,,,,,,,,,,
2019-01-26,Z304HTDN,ST4000DM000,4000787030016,0,116,112041720,,,98,0,100,2,100,0,84,309780277,,,69,27935,100,0,,,100,2,,,,,,,,,,,,,,,,,,,,,,,,,,,,,,,100,0,100,0,100,0,100,0,100,0,79,21,100,0,100,0,95,10080,21,21,,,,,100,0,100,0,200,0,,,,,,,,,,,,,,,,,,,,,,,,,,,100,27777,100,47943334032,100,120630255742,,,,,,,,,,
2019-01-27,Z304HTDN,ST4000DM000,4000787030016,0,114,72503760,,,98,0,100,2,100,0,84,310459401,,,69,27958,100,0,,,100,2,,,,,,,,,,,,,,,,,,,,,,,,,,,,,,,100,0,100,0,100,0,100,0,100,0,80,20,100,0,100,0,95,10080,20,20,,,,,100,0,100,0,200,0,,,,,,,,,,,,,,,,,,,,,,,,,,,100,27800,100,47957359088,100,120790427276,,,,,,,,,,
2019-01-28,Z304HTDN,ST4000DM000,4000787030016,0,111,36249872,,,98,0,100,2,100,0,84,311197166,,,69,27982,100,0,,,100,2,,,,,,,,,,,,,,,,,,,,,,,,,,,,,,,100,0,100,0,100,0,100,0,100,0,80,20,100,0,100,0,95,10080,20,20,,,,,100,0,100,0,200,0,,,,,,,,,,,,,,,,,,,,,,,,,,,100,27824,100,47975789936,100,120972994000,,,,,,,,,,
2019-01-29,Z304HTDN,ST4000DM000,4000787030016,0,114,65277872,,,98,0,100,2,100,0,84,313051632,,,69,28006,100,0,,,100,2,,,,,,,,,,,,,,,,,,,,,,,,,,,,,,,100,0,100,0,100,0,100,0,100,0,79,21,100,0,100,0,95,10080,21,21,,,,,100,0,100,0,200,0,,,,,,,,,,,,,,,,,,,,,,,,,,,100,27848,100,48000782648,100,121164046375,,,,,,,,,,
2019-01-30,Z304HTDN,ST4000DM000,4000787030016,0,110,27443248,,,98,0,100,2,100,0,84,313720494,,,69,28030,100,0,,,100,2,,,,,,,,,,,,,,,,,,,,,,,,,,,,,,,100,0,100,0,100,0,100,0,100,0,79,21,100,0,100,0,95,10080,21,21,,,,,100,0,100,0,200,0,,,,,,,,,,,,,,,,,,,,,,,,,,,100,27872,100,48017390656,100,121332685695,,,,,,,,,,
2019-01-31,Z304HTDN,ST4000DM000,4000787030016,0,111,34671192,,,98,0,100,2,100,0,84,314419204,,,68,28054,100,0,,,100,2,,,,,,,,,,,,,,,,,,,,,,,,,,,,,,,100,0,100,0,100,0,100,0,100,0,79,21,100,0,100,0,95,10080,21,21,,,,,100,0,100,0,200,0,,,,,,,,,,,,,,,,,,,,,,,,,,,100,27896,100,48035513152,100,121468126104,,,,,,,,,,
2019-02-01,Z304HTDN,ST4000DM000,4000787030016,0,110,26801688,,,98,0,100,2,100,0,84,316775188,,,68,28077,100,0,,,100,2,,,,,,,,,,,,,,,,,,,,,,,,,,,,,,,100,0,100,0,100,0,100,0,100,0,79,21,100,0,100,0,95,10082,21,21,,,,,100,0,100,0,200,0,,,,,,,,,,,,,,,,,,,,,,,,,,,100,27919,100,48059708360,100,121598663754,,,,,,,,,,
2019-02-02,Z304HTDN,ST4000DM000,4000787030016,0,120,237900160,,,98,0,100,2,100,0,84,317871533,,,68,28101,100,0,,,100,2,,,,,,,,,,,,,,,,,,,,,,,,,,,,,,,100,0,100,0,100,0,100,0,100,0,79,21,100,0,100,0,95,10082,21,21,,,,,100,0,100,0,200,0,,,,,,,,,,,,,,,,,,,,,,,,,,,100,27943,100,48088285280,100,121729081389,,,,,,,,,,
2019-02-03,Z304HTDN,ST4000DM000,4000787030016,0,117,124900240,,,98,0,100,2,100,0,84,318792555,,,68,28125,100,0,,,100,2,,,,,,,,,,,,,,,,,,,,,,,,,,,,,,,100,0,100,0,100,0,100,0,100,0,79,21,100,0,100,0,95,10082,21,21,,,,,100,0,100,0,200,0,,,,,,,,,,,,,,,,,,,,,,,,,,,100,27967,100,48108931104,100,121865719885,,,,,,,,,,
2019-02-04,Z304HTDN,ST4000DM000,4000787030016,0,115,99579104,,,98,0,100,2,100,0,84,319836772,,,68,28149,100,0,,,100,2,,,,,,,,,,,,,,,,,,,,,,,,,,,,,,,100,0,100,0,100,0,100,0,100,0,79,21,100,0,100,0,95,10082,21,21,,,,,100,0,100,0,200,0,,,,,,,,,,,,,,,,,,,,,,,,,,,100,27991,100,48122821488,100,122039150488,,,,,,,,,,
2019-02-05,Z304HTDN,ST4000DM000,4000787030016,0,119,214791760,,,98,0,100,2,100,0,84,322572065,,,68,28173,100,0,,,100,2,,,,,,,,,,,,,,,,,,,,,,,,,,,,,,,100,0,100,0,100,0,100,0,100,0,79,21,100,0,100,0,95,10082,21,21,,,,,100,0,100,0,200,0,,,,,,,,,,,,,,,,,,,,,,,,,,,100,28015,100,48155685024,100,122214516288,,,,,,,,,,
2019-02-06,Z304HTDN,ST4000DM000,4000787030016,0,115,96892040,,,98,0,100,2,100,0,84,323835247,,,68,28197,100,0,,,100,2,,,,,,,,,,,,,,,,,,,,,,,,,,,,,,,100,0,100,0,100,0,100,0,100,0,77,23,100,0,100,0,95,10082,23,23,,,,,100,0,100,0,200,0,,,,,,,,,,,,,,,,,,,,,,,,,,,100,28039,100,48180238008,100,122380205627,,,,,,,,,,
2019-02-07,Z304HTDN,ST4000DM000,4000787030016,0,116,116563120,,,98,0,100,2,100,0,84,324864324,,,68,28221,100,0,,,100,2,,,,,,,,,,,,,,,,,,,,,,,,,,,,,,,100,0,100,0,100,0,100,0,100,0,78,22,100,0,100,0,95,10082,22,22,,,,,100,0,100,0,200,0,,,,,,,,,,,,,,,,,,,,,,,,,,,100,28063,100,48204515408,100,122482275232,,,,,,,,,,
2019-02-08,Z304HTDN,ST4000DM000,4000787030016,0,119,221031984,,,97,0,100,3,100,0,84,325872225,,,68,28245,100,0,,,100,3,,,,,,,,,,,,,,,,,,,,,,,,,,,,,,,100,0,100,0,100,0,100,0,100,0,77,23,100,0,100,0,95,10094,23,23,,,,,100,0,100,0,200,0,,,,,,,,,,,,,,,,,,,,,,,,,,,100,28087,100,48229964424,100,122593734869,,,,,,,,,,
2019-02-09,Z304HTDN,ST4000DM000,4000787030016,0,114,66416704,,,97,0,100,3,100,0,84,326555440,,,68,28269,100,0,,,100,3,,,,,,,,,,,,,,,,,,,,,,,,,,,,,,,100,0,100,0,100,0,100,0,100,0,78,22,100,0,100,0,95,10094,22,22,,,,,100,0,100,0,200,0,,,,,,,,,,,,,,,,,,,,,,,,,,,100,28111,100,48245789032,100,122762295066,,,,,,,,,,
2019-02-10,Z304HTDN,ST4000DM000,4000787030016,0,117,142256280,,,97,0,100,3,100,0,84,327239030,,,68,28293,100,0,,,100,3,,,,,,,,,,,,,,,,,,,,,,,,,,,,,,,100,0,100,0,100,0,100,0,100,0,77,23,100,0,100,0,95,10094,23,23,,,,,100,0,100,0,200,0,,,,,,,,,,,,,,,,,,,,,,,,,,,100,28134,100,48263757656,100,122944648605,,,,,,,,,,
2019-02-11,Z304HTDN,ST4000DM000,4000787030016,0,119,201586992,,,97,0,100,3,100,0,84,327860795,,,68,28317,100,0,,,100,3,,,,,,,,,,,,,,,,,,,,,,,,,,,,,,,100,0,100,0,100,0,100,0,100,0,78,22,100,0,100,0,95,10094,22,22,,,,,100,0,100,0,200,0,,,,,,,,,,,,,,,,,,,,,,,,,,,100,28158,100,48281394208,100,123112456303,,,,,,,,,,
2019-02-12,Z304HTDN,ST4000DM000,4000787030016,0,114,79418840,,,97,0,100,3,100,0,84,329683900,,,68,28341,100,0,,,100,3,,,,,,,,,,,,,,,,,,,,,,,,,,,,,,,100,0,100,0,100,0,100,0,100,0,78,22,100,0,100,0,95,10094,22,22,,,,,100,0,100,0,200,0,,,,,,,,,,,,,,,,,,,,,,,,,,,100,28182,100,48308149872,100,123302267162,,,,,,,,,,
2019-02-13,Z304HTDN,ST4000DM000,4000787030016,0,118,195984576,,,97,0,100,3,100,0,84,330230152,,,68,28365,100,0,,,100,3,,,,,,,,,,,,,,,,,,,,,,,,,,,,,,,100,0,100,0,100,0,100,0,100,0,78,22,100,0,100,0,95,10094,22,22,,,,,100,0,100,0,200,0,,,,,,,,,,,,,,,,,,,,,,,,,,,100,28206,100,48328395872,100,123446369129,,,,,,,,,,
2019-02-14,Z304HTDN,ST4000DM000,4000787030016,0,119,219498592,,,97,0,100,3,100,0,84,331135165,,,68,28389,100,0,,,100,3,,,,,,,,,,,,,,,,,,,,,,,,,,,,,,,100,0,100,0,100,0,100,0,100,0,79,21,100,0,100,0,95,10094,21,21,,,,,100,0,100,0,200,0,,,,,,,,,,,,,,,,,,,,,,,,,,,100,28230,100,48344570024,100,123557470776,,,,,,,,,,
2019-02-15,Z304HTDN,ST4000DM000,4000787030016,0,117,167432472,,,97,0,100,3,100,0,84,332775424,,,68,28412,100,0,,,100,3,,,,,,,,,,,,,,,,,,,,,,,,,,,,,,,100,0,100,0,100,0,100,0,100,0,78,22,100,0,100,0,95,10094,22,22,,,,,100,0,100,0,200,0,,,,,,,,,,,,,,,,,,,,,,,,,,,100,28254,100,48365520064,100,123679525299,,,,,,,,,,
2019-02-16,Z304HTDN,ST4000DM000,4000787030016,0,117,162035488,,,97,0,100,3,100,0,84,333827987,,,68,28436,100,0,,,100,3,,,,,,,,,,,,,,,,,,,,,,,,,,,,,,,100,0,100,0,100,0,100,0,100,0,78,22,100,0,100,0,95,10094,22,22,,,,,100,0,100,0,200,0,,,,,,,,,,,,,,,,,,,,,,,,,,,100,28278,100,48379245592,100,123855890531,,,,,,,,,,
2019-02-17,Z304HTDN,ST4000DM000,4000787030016,0,119,222674288,,,97,0,100,3,100,0,84,335291515,,,68,28460,100,0,,,100,3,,,,,,,,,,,,,,,,,,,,,,,,,,,,,,,100,0,100,0,100,0,100,0,100,0,79,21,100,0,100,0,95,10095,21,21,,,,,100,0,100,0,200,0,,,,,,,,,,,,,,,,,,,,,,,,,,,100,28302,100,48394750848,100,124011764141,,,,,,,,,,
2019-02-18,Z304HTDN,ST4000DM000,4000787030016,0,111,35884384,,,97,0,100,3,100,0,85,336517595,,,68,28484,100,0,,,100,3,,,,,,,,,,,,,,,,,,,,,,,,,,,,,,,100,0,100,0,100,0,100,0,100,0,76,24,100,0,100,0,95,10095,24,24,,,,,100,0,100,0,200,0,,,,,,,,,,,,,,,,,,,,,,,,,,,100,28326,100,48416361976,100,124175541322,,,,,,,,,,
2019-02-19,Z304HTDN,ST4000DM000,4000787030016,0,119,233733304,,,97,0,100,3,100,0,85,338605633,,,68,28508,100,0,,,100,3,,,,,,,,,,,,,,,,,,,,,,,,,,,,,,,100,0,100,0,100,0,100,0,100,0,78,22,100,0,100,0,95,10095,22,22,,,,,100,0,100,0,200,0,,,,,,,,,,,,,,,,,,,,,,,,,,,100,28350,100,48438049264,100,124305933477,,,,,,,,,,
2019-02-20,Z304HTDN,ST4000DM000,4000787030016,0,111,40542208,,,97,0,100,3,100,0,85,341181984,,,68,28532,100,0,,,100,3,,,,,,,,,,,,,,,,,,,,,,,,,,,,,,,100,0,100,0,100,0,100,0,100,0,77,23,100,0,100,0,95,10095,23,23,,,,,100,0,100,0,200,0,,,,,,,,,,,,,,,,,,,,,,,,,,,100,28374,100,48466332752,100,124462454961,,,,,,,,,,
2019-02-21,Z304HTDN,ST4000DM000,4000787030016,0,113,50978368,,,97,0,100,3,100,0,85,342300313,,,68,28556,100,0,,,100,3,,,,,,,,,,,,,,,,,,,,,,,,,,,,,,,100,0,100,0,100,0,100,0,100,0,79,21,100,0,100,0,95,10095,21,21,,,,,100,0,100,0,200,0,,,,,,,,,,,,,,,,,,,,,,,,,,,100,28398,100,48497594344,100,124589884300,,,,,,,,,,
2019-02-22,Z304HTDN,ST4000DM000,4000787030016,0,114,65980528,,,97,0,100,3,100,0,85,343969008,,,68,28592,100,0,,,100,3,,,,,,,,,,,,,,,,,,,,,,,,,,,,,,,100,0,100,0,100,0,100,0,100,0,78,22,100,0,100,0,95,10097,22,22,,,,,100,0,100,0,200,0,,,,,,,,,,,,,,,,,,,,,,,,,,,100,28433,100,48517365440,100,124746998756,,,,,,,,,,
2019-02-23,Z304HTDN,ST4000DM000,4000787030016,0,114,68700920,,,97,0,100,3,100,0,85,345052220,,,68,28615,100,0,,,100,3,,,,,,,,,,,,,,,,,,,,,,,,,,,,,,,100,0,100,0,100,0,100,0,100,0,77,23,100,0,100,0,95,10097,23,23,,,,,100,0,100,0,200,0,,,,,,,,,,,,,,,,,,,,,,,,,,,100,28457,100,48532064608,100,124883396951,,,,,,,,,,
2019-02-24,Z304HTDN,ST4000DM000,4000787030016,0,116,114145040,,,97,0,100,3,100,0,85,345929585,,,68,28639,100,0,,,100,3,,,,,,,,,,,,,,,,,,,,,,,,,,,,,,,100,0,100,0,100,0,100,0,100,0,78,22,100,0,100,0,95,10097,22,22,,,,,100,0,100,0,200,0,,,,,,,,,,,,,,,,,,,,,,,,,,,100,28481,100,48542142552,100,125003693632,,,,,,,,,,
2019-02-25,Z304HTDN,ST4000DM000,4000787030016,0,111,37100824,,,97,0,100,3,100,0,85,347150676,,,68,28663,100,0,,,100,3,,,,,,,,,,,,,,,,,,,,,,,,,,,,,,,100,0,100,0,100,0,100,0,100,0,78,22,100,0,100,0,95,10097,22,22,,,,,100,0,100,0,200,0,,,,,,,,,,,,,,,,,,,,,,,,,,,100,28505,100,48561752656,100,125147458501,,,,,,,,,,
2019-02-26,Z304HTDN,ST4000DM000,4000787030016,0,117,134095272,,,97,0,100,3,100,0,85,348808632,,,68,28687,100,0,,,100,3,,,,,,,,,,,,,,,,,,,,,,,,,,,,,,,100,0,100,0,100,0,100,0,100,0,77,23,100,0,100,0,95,10097,23,23,,,,,100,0,100,0,200,0,,,,,,,,,,,,,,,,,,,,,,,,,,,100,28529,100,48581710608,100,125206444513,,,,,,,,,,
2019-02-27,Z304HTDN,ST4000DM000,4000787030016,0,116,105860224,,,97,0,100,3,100,0,85,349480591,,,68,28711,100,0,,,100,3,,,,,,,,,,,,,,,,,,,,,,,,,,,,,,,100,0,100,0,100,0,100,0,100,0,78,22,100,0,100,0,95,10098,22,22,,,,,100,0,100,0,200,0,,,,,,,,,,,,,,,,,,,,,,,,,,,100,28553,100,48593657784,100,125293862143,,,,,,,,,,
2019-02-28,Z304HTDN,ST4000DM000,4000787030016,0,115,92406120,,,97,0,100,3,100,0,85,351134425,,,68,28735,100,0,,,100,3,,,,,,,,,,,,,,,,,,,,,,,,,,,,,,,100,0,100,0,100,0,100,0,100,0,78,22,100,0,100,0,95,10101,22,22,,,,,100,0,100,0,200,0,,,,,,,,,,,,,,,,,,,,,,,,,,,100,28577,100,48608803896,100,125429908104,,,,,,,,,,
2019-03-01,Z304HTDN,ST4000DM000,4000787030016,0,117,130553768,,,97,0,100,3,100,0,85,352104478,,,68,28759,100,0,,,100,3,,,,,,,,,,,,,,,,,,,,,,,,,,,,,,,100,0,100,0,100,0,100,0,100,0,79,21,100,0,100,0,95,10101,21,21,,,,,100,0,100,0,200,0,,,,,,,,,,,,,,,,,,,,,,,,,,,100,28601,100,48617600000,100,125570530878,,,,,,,,,,
2019-03-02,Z304HTDN,ST4000DM000,4000787030016,0,118,169881816,,,97,0,100,3,100,0,85,352741193,,,68,28783,100,0,,,100,3,,,,,,,,,,,,,,,,,,,,,,,,,,,,,,,100,0,100,0,100,0,100,0,100,0,79,21,100,0,100,0,95,10101,21,21,,,,,100,0,100,0,200,0,,,,,,,,,,,,,,,,,,,,,,,,,,,100,28625,100,48627213608,100,125651543940,,,,,,,,,,
2019-03-03,Z304HTDN,ST4000DM000,4000787030016,0,118,194988344,,,97,0,100,3,100,0,85,353666295,,,68,28807,100,0,,,100,3,,,,,,,,,,,,,,,,,,,,,,,,,,,,,,,100,0,100,0,100,0,100,0,100,0,79,21,100,0,100,0,95,10101,21,21,,,,,100,0,100,0,200,0,,,,,,,,,,,,,,,,,,,,,,,,,,,100,28649,100,48650442576,100,125758737917,,,,,,,,,,
2019-03-04,Z304HTDN,ST4000DM000,4000787030016,0,114,69057528,,,97,0,100,3,100,0,85,354638335,,,68,28831,100,0,,,100,3,,,,,,,,,,,,,,,,,,,,,,,,,,,,,,,100,0,100,0,100,0,100,0,100,0,79,21,100,0,100,0,95,10101,21,21,,,,,100,0,100,0,200,0,,,,,,,,,,,,,,,,,,,,,,,,,,,100,28673,100,48667135056,100,125872306805,,,,,,,,,,
2019-03-05,Z304HTDN,ST4000DM000,4000787030016,0,115,91307328,,,97,0,100,3,100,0,85,356724149,,,68,28855,100,0,,,100,3,,,,,,,,,,,,,,,,,,,,,,,,,,,,,,,100,0,100,0,100,0,100,0,100,0,79,21,100,0,100,0,95,10101,21,21,,,,,100,0,100,0,200,0,,,,,,,,,,,,,,,,,,,,,,,,,,,100,28696,100,48687754888,100,125998288357,,,,,,,,,,
2019-03-06,Z304HTDN,ST4000DM000,4000787030016,0,119,217752784,,,97,0,100,3,100,0,85,358315539,,,68,28879,100,0,,,100,3,,,,,,,,,,,,,,,,,,,,,,,,,,,,,,,100,0,100,0,100,0,100,0,100,0,79,21,100,0,100,0,95,10101,21,21,,,,,100,0,100,0,200,0,,,,,,,,,,,,,,,,,,,,,,,,,,,100,28720,100,48700904240,100,126104607389,,,,,,,,,,
2019-03-07,Z304HTDN,ST4000DM000,4000787030016,0,111,37651088,,,97,0,100,3,100,0,85,360652054,,,68,28903,100,0,,,100,3,,,,,,,,,,,,,,,,,,,,,,,,,,,,,,,100,0,100,0,100,0,100,0,100,0,79,21,100,0,100,0,95,10101,21,21,,,,,100,0,100,0,200,0,,,,,,,,,,,,,,,,,,,,,,,,,,,100,28744,100,48720416608,100,126170487182,,,,,,,,,,
2019-03-08,Z304HTDN,ST4000DM000,4000787030016,0,105,9068416,,,97,0,100,3,100,0,85,361398483,,,67,28927,100,0,,,100,3,,,,,,,,,,,,,,,,,,,,,,,,,,,,,,,100,0,100,0,100,0,100,0,100,0,78,22,100,0,100,0,95,10101,22,22,,,,,100,0,100,0,200,0,,,,,,,,,,,,,,,,,,,,,,,,,,,100,28768,100,48742689416,100,126242115312,,,,,,,,,,
2019-03-09,Z304HTDN,ST4000DM000,4000787030016,0,117,163163120,,,97,0,100,3,100,0,85,361969248,,,67,28951,100,0,,,100,3,,,,,,,,,,,,,,,,,,,,,,,,,,,,,,,100,0,100,0,100,0,100,0,100,0,79,21,100,0,100,0,95,10101,21,21,,,,,100,0,100,0,200,0,,,,,,,,,,,,,,,,,,,,,,,,,,,100,28792,100,48762333040,100,126285669617,,,,,,,,,,
2019-03-10,Z304HTDN,ST4000DM000,4000787030016,0,117,165925088,,,97,0,100,3,100,0,85,362556931,,,67,28974,100,0,,,100,3,,,,,,,,,,,,,,,,,,,,,,,,,,,,,,,100,0,100,0,100,0,100,0,100,0,79,21,100,0,100,0,95,10101,21,21,,,,,100,0,100,0,200,0,,,,,,,,,,,,,,,,,,,,,,,,,,,100,28816,100,48775433304,100,126333422795,,,,,,,,,,
2019-03-11,Z304HTDN,ST4000DM000,4000787030016,0,111,34573552,,,97,0,100,3,100,0,85,363487119,,,67,28998,100,0,,,100,3,,,,,,,,,,,,,,,,,,,,,,,,,,,,,,,100,0,100,0,100,0,100,0,100,0,79,21,100,0,100,0,95,10101,21,21,,,,,100,0,100,0,200,0,,,,,,,,,,,,,,,,,,,,,,,,,,,100,28840,100,48801618296,100,126424061616,,,,,,,,,,
2019-03-12,Z304HTDN,ST4000DM000,4000787030016,0,103,6075840,,,97,0,100,3,100,0,85,365682657,,,67,29022,100,0,,,100,3,,,,,,,,,,,,,,,,,,,,,,,,,,,,,,,100,0,100,0,100,0,100,0,100,0,79,21,100,0,100,0,95,10101,21,21,,,,,100,0,100,0,200,0,,,,,,,,,,,,,,,,,,,,,,,,,,,100,28864,100,48869286560,100,126509618741,,,,,,,,,,
2019-03-13,Z304HTDN,ST4000DM000,4000787030016,0,117,151367040,,,97,0,100,3,100,0,85,366651159,,,67,29046,100,0,,,100,3,,,,,,,,,,,,,,,,,,,,,,,,,,,,,,,100,0,100,0,100,0,100,0,100,0,79,21,100,0,100,0,95,10102,21,21,,,,,100,0,100,0,200,0,,,,,,,,,,,,,,,,,,,,,,,,,,,100,28888,100,48908657952,100,126582274399,,,,,,,,,,
2019-03-14,Z304HTDN,ST4000DM000,4000787030016,0,117,165523424,,,97,0,100,3,100,0,85,368042573,,,67,29070,100,0,,,100,3,,,,,,,,,,,,,,,,,,,,,,,,,,,,,,,100,0,100,0,100,0,100,0,100,0,80,20,100,0,100,0,95,10102,20,20,,,,,100,0,100,0,200,0,,,,,,,,,,,,,,,,,,,,,,,,,,,100,28912,100,48925056048,100,126613805296,,,,,,,,,,
2019-03-15,Z304HTDN,ST4000DM000,4000787030016,0,109,23731216,,,97,0,100,3,100,0,85,368363013,,,67,29094,100,0,,,100,3,,,,,,,,,,,,,,,,,,,,,,,,,,,,,,,100,0,100,0,100,0,100,0,100,0,80,20,100,0,100,0,95,10102,20,20,,,,,100,0,100,0,200,0,,,,,,,,,,,,,,,,,,,,,,,,,,,100,28936,100,48936864528,100,126629556447,,,,,,,,,,
2019-03-16,Z304HTDN,ST4000DM000,4000787030016,0,118,175624672,,,97,0,100,3,100,0,85,368992400,,,67,29118,100,0,,,100,3,,,,,,,,,,,,,,,,,,,,,,,,,,,,,,,100,0,100,0,100,0,100,0,100,0,80,20,100,0,100,0,95,10102,20,20,,,,,100,0,100,0,200,0,,,,,,,,,,,,,,,,,,,,,,,,,,,100,28959,100,48951498968,100,126695316810,,,,,,,,,,
2019-03-17,Z304HTDN,ST4000DM000,4000787030016,0,117,150647712,,,97,0,100,3,100,0,85,369935510,,,67,29142,100,0,,,100,3,,,,,,,,,,,,,,,,,,,,,,,,,,,,,,,100,0,100,0,100,0,100,0,100,0,80,20,100,0,100,0,95,10102,20,20,,,,,100,0,100,0,200,0,,,,,,,,,,,,,,,,,,,,,,,,,,,100,28983,100,48968858480,100,126807643509,,,,,,,,,,
2019-03-18,Z304HTDN,ST4000DM000,4000787030016,0,111,36843656,,,97,0,100,3,100,0,85,370650370,,,67,29166,100,0,,,100,3,,,,,,,,,,,,,,,,,,,,,,,,,,,,,,,100,0,100,0,100,0,100,0,100,0,80,20,100,0,100,0,95,10102,20,20,,,,,100,0,100,0,200,0,,,,,,,,,,,,,,,,,,,,,,,,,,,100,29007,100,48990081200,100,126867338107,,,,,,,,,,
2019-03-19,Z304HTDN,ST4000DM000,4000787030016,0,114,61121736,,,97,0,100,3,100,0,85,372762251,,,67,29190,100,0,,,100,3,,,,,,,,,,,,,,,,,,,,,,,,,,,,,,,100,0,100,0,100,0,100,0,100,0,80,20,100,0,100,0,95,10102,20,20,,,,,100,0,100,0,200,0,,,,,,,,,,,,,,,,,,,,,,,,,,,100,29031,100,49011129856,100,126987936209,,,,,,,,,,
2019-03-20,Z304HTDN,ST4000DM000,4000787030016,0,117,126777784,,,97,0,100,3,100,0,85,375483185,,,67,29214,100,0,,,100,3,,,,,,,,,,,,,,,,,,,,,,,,,,,,,,,100,0,100,0,100,0,100,0,100,0,79,21,100,0,100,0,95,10102,21,21,,,,,100,0,100,0,200,0,,,,,,,,,,,,,,,,,,,,,,,,,,,100,29055,100,49035814104,100,127124286133,,,,,,,,,,
2019-03-21,Z304HTDN,ST4000DM000,4000787030016,0,105,7379920,,,97,0,100,3,100,0,85,376343526,,,67,29237,100,0,,,100,3,,,,,,,,,,,,,,,,,,,,,,,,,,,,,,,100,0,100,0,100,0,100,0,100,0,79,21,100,0,100,0,95,10103,21,21,,,,,100,0,100,0,200,0,,,,,,,,,,,,,,,,,,,,,,,,,,,100,29079,100,49052580832,100,127178479764,,,,,,,,,,
2019-03-22,Z304HTDN,ST4000DM000,4000787030016,0,111,33348536,,,97,0,100,3,100,0,85,376930298,,,67,29261,100,0,,,100,3,,,,,,,,,,,,,,,,,,,,,,,,,,,,,,,100,0,100,0,100,0,100,0,100,0,79,21,100,0,100,0,95,10103,21,21,,,,,100,0,100,0,200,0,,,,,,,,,,,,,,,,,,,,,,,,,,,100,29103,100,49072511504,100,127214234181,,,,,,,,,,
2019-03-23,Z304HTDN,ST4000DM000,4000787030016,0,119,225161336,,,97,0,100,3,100,0,85,377856209,,,67,29285,100,0,,,100,3,,,,,,,,,,,,,,,,,,,,,,,,,,,,,,,100,0,100,0,100,0,100,0,100,0,79,21,100,0,100,0,95,10103,21,21,,,,,100,0,100,0,200,0,,,,,,,,,,,,,,,,,,,,,,,,,,,100,29127,100,49092024760,100,127315195319,,,,,,,,,,
2019-03-24,Z304HTDN,ST4000DM000,4000787030016,0,117,132699592,,,97,0,100,3,100,0,85,379021991,,,67,29309,100,0,,,100,3,,,,,,,,,,,,,,,,,,,,,,,,,,,,,,,100,0,100,0,100,0,100,0,100,0,79,21,100,0,100,0,95,10103,21,21,,,,,100,0,100,0,200,0,,,,,,,,,,,,,,,,,,,,,,,,,,,100,29151,100,49108234384,100,127431353123,,,,,,,,,,
2019-03-25,Z304HTDN,ST4000DM000,4000787030016,0,114,69235352,,,97,0,100,3,100,0,85,380427583,,,67,29333,100,0,,,100,3,,,,,,,,,,,,,,,,,,,,,,,,,,,,,,,100,0,100,0,100,0,100,0,100,0,79,21,100,0,100,0,95,10103,21,21,,,,,100,0,100,0,200,0,,,,,,,,,,,,,,,,,,,,,,,,,,,100,29175,100,49130986720,100,127548303605,,,,,,,,,,
2019-03-26,Z304HTDN,ST4000DM000,4000787030016,0,119,223710744,,,97,0,100,3,100,0,85,382814513,,,67,29357,100,0,,,100,3,,,,,,,,,,,,,,,,,,,,,,,,,,,,,,,100,0,100,0,100,0,100,0,100,0,79,21,100,0,100,0,95,10103,21,21,,,,,100,0,100,0,200,0,,,,,,,,,,,,,,,,,,,,,,,,,,,100,29198,100,49149443560,100,127688383179,,,,,,,,,,
2019-03-27,Z304HTDN,ST4000DM000,4000787030016,0,109,23942856,,,97,0,100,3,100,0,85,383537190,,,67,29381,100,0,,,100,3,,,,,,,,,,,,,,,,,,,,,,,,,,,,,,,100,0,100,0,100,0,100,0,100,0,79,21,100,0,100,0,95,10103,21,21,,,,,100,0,100,0,200,0,,,,,,,,,,,,,,,,,,,,,,,,,,,100,29222,100,49170233800,100,127787830202,,,,,,,,,,
2019-03-28,Z304HTDN,ST4000DM000,4000787030016,0,114,80358864,,,97,0,100,3,100,0,85,384463502,,,67,29405,100,0,,,100,3,,,,,,,,,,,,,,,,,,,,,,,,,,,,,,,100,0,100,0,100,0,100,0,100,0,79,21,100,0,100,0,95,10104,21,21,,,,,100,0,100,0,200,0,,,,,,,,,,,,,,,,,,,,,,,,,,,100,29246,100,49190856472,100,127891764333,,,,,,,,,,
2019-03-29,Z304HTDN,ST4000DM000,4000787030016,0,117,128616424,,,97,0,100,3,100,0,85,385389356,,,67,29429,100,0,,,100,3,,,,,,,,,,,,,,,,,,,,,,,,,,,,,,,100,0,100,0,100,0,100,0,100,0,79,21,100,0,100,0,95,10104,21,21,,,,,100,0,100,0,200,0,,,,,,,,,,,,,,,,,,,,,,,,,,,100,29270,100,49206930192,100,128029092218,,,,,,,,,,
2019-03-30,Z304HTDN,ST4000DM000,4000787030016,0,120,235669992,,,97,0,100,3,100,0,85,385824775,,,67,29440,100,0,,,100,3,,,,,,,,,,,,,,,,,,,,,,,,,,,,,,,100,0,100,0,100,0,100,0,100,0,79,21,100,0,100,0,95,10104,21,21,,,,,100,0,100,0,200,0,,,,,,,,,,,,,,,,,,,,,,,,,,,100,29282,100,49217229440,100,128092447813,,,,,,,,,,
2019-03-31,Z304HTDN,ST4000DM000,4000787030016,0,118,173444928,,,97,0,100,3,100,0,85,386530779,,,67,29464,100,0,,,100,3,,,,,,,,,,,,,,,,,,,,,,,,,,,,,,,100,0,100,0,100,0,100,0,100,0,79,21,100,0,100,0,95,10105,21,21,,,,,100,0,100,0,200,0,,,,,,,,,,,,,,,,,,,,,,,,,,,100,29305,100,49231169912,100,128190448919,,,,,,,,,,
2019-04-01,Z304HTDN,ST4000DM000,4000787030016,0,118,187994120,,,97,0,100,3,100,0,85,387315402,,,67,29488,100,0,,,100,3,,,,,,,,,,,,,,,,,,,,,,,,,,,,,,,100,0,100,0,100,0,100,0,100,0,79,21,100,0,100,0,95,10105,21,21,,,,,100,0,100,0,200,0,,,,,,,,,,,,,,,,,,,,,,,,,,,100,29329,100,49244582304,100,128301247148,,,,,,,,,,
2019-04-02,Z304HTDN,ST4000DM000,4000787030016,0,109,21360800,,,97,0,100,3,100,0,85,388935490,,,67,29511,100,0,,,100,3,,,,,,,,,,,,,,,,,,,,,,,,,,,,,,,100,0,100,0,100,0,100,0,100,0,79,21,100,0,100,0,95,10105,21,21,,,,,100,0,100,0,200,0,,,,,,,,,,,,,,,,,,,,,,,,,,,100,29353,100,49264738288,100,128368454851,,,,,,,,,,
2019-04-03,Z304HTDN,ST4000DM000,4000787030016,0,117,154013504,,,97,0,100,3,100,0,85,389812867,,,67,29535,100,0,,,100,3,,,,,,,,,,,,,,,,,,,,,,,,,,,,,,,100,0,100,0,100,0,100,0,100,0,79,21,100,0,100,0,95,10105,21,21,,,,,100,0,100,0,200,0,,,,,,,,,,,,,,,,,,,,,,,,,,,100,29377,100,49283301792,100,128472598917,,,,,,,,,,
2019-04-04,Z304HTDN,ST4000DM000,4000787030016,0,114,75159680,,,97,0,100,3,100,0,85,392684172,,,67,29571,100,0,,,100,3,,,,,,,,,,,,,,,,,,,,,,,,,,,,,,,100,0,100,0,100,0,100,0,100,0,79,21,100,0,100,0,95,10108,21,21,,,,,100,0,100,0,200,0,,,,,,,,,,,,,,,,,,,,,,,,,,,100,29413,100,49322143040,100,128641691086,,,,,,,,,,
2019-04-05,Z304HTDN,ST4000DM000,4000787030016,0,109,23488384,,,97,0,100,3,100,0,85,393549020,,,67,29595,100,0,,,100,3,,,,,,,,,,,,,,,,,,,,,,,,,,,,,,,100,0,100,0,100,0,100,0,100,0,79,21,100,0,100,0,95,10108,21,21,,,,,100,0,100,0,200,0,,,,,,,,,,,,,,,,,,,,,,,,,,,100,29436,100,49333733456,100,128759709344,,,,,,,,,,
2019-04-06,Z304HTDN,ST4000DM000,4000787030016,0,118,192459160,,,97,0,100,3,100,0,85,394325858,,,67,29618,100,0,,,100,3,,,,,,,,,,,,,,,,,,,,,,,,,,,,,,,100,0,100,0,100,0,100,0,100,0,79,21,100,0,100,0,95,10108,21,21,,,,,100,0,100,0,200,0,,,,,,,,,,,,,,,,,,,,,,,,,,,100,29460,100,49344935048,100,128854270658,,,,,,,,,,
2019-04-07,Z304HTDN,ST4000DM000,4000787030016,0,109,22305872,,,97,0,100,3,100,0,85,395371897,,,67,29642,100,0,,,100,3,,,,,,,,,,,,,,,,,,,,,,,,,,,,,,,100,0,100,0,100,0,100,0,100,0,79,21,100,0,100,0,95,10108,21,21,,,,,100,0,100,0,200,0,,,,,,,,,,,,,,,,,,,,,,,,,,,100,29484,100,49357847640,100,128991186715,,,,,,,,,,
2019-04-08,Z304HTDN,ST4000DM000,4000787030016,0,118,193177064,,,97,0,100,3,100,0,85,396276974,,,67,29666,100,0,,,100,3,,,,,,,,,,,,,,,,,,,,,,,,,,,,,,,100,0,100,0,100,0,100,0,100,0,79,21,100,0,100,0,95,10109,21,21,,,,,100,0,100,0,200,0,,,,,,,,,,,,,,,,,,,,,,,,,,,100,29507,100,49368412736,100,129097785177,,,,,,,,,,
2019-04-09,Z304HTDN,ST4000DM000,4000787030016,0,117,153022464,,,97,0,100,3,100,0,85,398405426,,,67,29690,100,0,,,100,3,,,,,,,,,,,,,,,,,,,,,,,,,,,,,,,100,0,100,0,100,0,100,0,100,0,80,20,100,0,100,0,95,10109,20,20,,,,,100,0,100,0,200,0,,,,,,,,,,,,,,,,,,,,,,,,,,,100,29531,100,49384017144,100,129245807932,,,,,,,,,,
2019-04-10,Z304HTDN,ST4000DM000,4000787030016,0,118,195964976,,,97,0,100,3,100,0,85,399256359,,,67,29714,100,0,,,100,3,,,,,,,,,,,,,,,,,,,,,,,,,,,,,,,100,0,100,0,100,0,100,0,100,0,80,20,100,0,100,0,95,10109,20,20,,,,,100,0,100,0,200,0,,,,,,,,,,,,,,,,,,,,,,,,,,,100,29555,100,49397653328,100,129341084380,,,,,,,,,,
2019-04-11,Z304HTDN,ST4000DM000,4000787030016,0,117,166899024,,,97,0,100,3,100,0,85,400807966,,,67,29737,100,0,,,100,3,,,,,,,,,,,,,,,,,,,,,,,,,,,,,,,100,0,100,0,100,0,100,0,100,0,79,21,100,0,100,0,95,10111,21,21,,,,,100,0,100,0,200,0,,,,,,,,,,,,,,,,,,,,,,,,,,,100,29579,100,49419368800,100,129434423601,,,,,,,,,,
2019-04-12,Z304HTDN,ST4000DM000,4000787030016,0,114,74484472,,,97,0,100,3,100,0,85,401509187,,,67,29761,100,0,,,100,3,,,,,,,,,,,,,,,,,,,,,,,,,,,,,,,100,0,100,0,100,0,100,0,100,0,79,21,100,0,100,0,95,10111,21,21,,,,,100,0,100,0,200,0,,,,,,,,,,,,,,,,,,,,,,,,,,,100,29602,100,49433425096,100,129514606105,,,,,,,,,,
2019-04-13,Z304HTDN,ST4000DM000,4000787030016,0,113,53113032,,,97,0,100,3,100,0,85,402564598,,,66,29785,100,0,,,100,3,,,,,,,,,,,,,,,,,,,,,,,,,,,,,,,100,0,100,0,100,0,100,0,100,0,78,22,100,0,100,0,95,10111,22,22,,,,,100,0,100,0,200,0,,,,,,,,,,,,,,,,,,,,,,,,,,,100,29626,100,49445192552,100,129657974981,,,,,,,,,,
2019-04-14,Z304HTDN,ST4000DM000,4000787030016,0,117,161184352,,,97,0,100,3,100,0,86,403611111,,,66,29808,100,0,,,100,3,,,,,,,,,,,,,,,,,,,,,,,,,,,,,,,100,0,100,0,100,0,100,0,100,0,78,22,100,0,100,0,95,10111,22,22,,,,,100,0,100,0,200,0,,,,,,,,,,,,,,,,,,,,,,,,,,,100,29650,100,49462082944,100,129811682410,,,,,,,,,,
2019-04-15,Z304HTDN,ST4000DM000,4000787030016,0,115,98873032,,,97,0,100,3,100,0,86,404547954,,,66,29832,100,0,,,100,3,,,,,,,,,,,,,,,,,,,,,,,,,,,,,,,100,0,100,0,100,0,100,0,100,0,78,22,100,0,100,0,95,10111,22,22,,,,,100,0,100,0,200,0,,,,,,,,,,,,,,,,,,,,,,,,,,,100,29673,100,49473415608,100,129940830830,,,,,,,,,,
2019-04-16,Z304HTDN,ST4000DM000,4000787030016,0,109,21598992,,,97,0,100,3,100,0,86,406704093,,,66,29856,100,0,,,100,3,,,,,,,,,,,,,,,,,,,,,,,,,,,,,,,100,0,100,0,100,0,100,0,100,0,78,22,100,0,100,0,95,10111,22,22,,,,,100,0,100,0,200,0,,,,,,,,,,,,,,,,,,,,,,,,,,,100,29697,100,49494695784,100,130084890778,,,,,,,,,,
2019-04-17,Z304HTDN,ST4000DM000,4000787030016,0,119,223207040,,,97,0,100,3,100,0,86,407612970,,,66,29879,100,0,,,100,3,,,,,,,,,,,,,,,,,,,,,,,,,,,,,,,100,0,100,0,100,0,100,0,100,0,78,22,100,0,100,0,95,10113,22,22,,,,,100,0,100,0,200,0,,,,,,,,,,,,,,,,,,,,,,,,,,,100,29721,100,49512899936,100,130195101681,,,,,,,,,,
2019-04-18,Z304HTDN,ST4000DM000,4000787030016,0,117,159575512,,,97,0,100,3,100,0,86,410009668,,,66,29903,100,0,,,100,3,,,,,,,,,,,,,,,,,,,,,,,,,,,,,,,100,0,100,0,100,0,100,0,100,0,78,22,100,0,100,0,95,10113,22,22,,,,,100,0,100,0,200,0,,,,,,,,,,,,,,,,,,,,,,,,,,,100,29744,100,49535575640,100,130312938824,,,,,,,,,,
2019-04-19,Z304HTDN,ST4000DM000,4000787030016,0,114,65568040,,,97,0,100,3,100,0,86,411819338,,,66,29926,100,0,,,100,3,,,,,,,,,,,,,,,,,,,,,,,,,,,,,,,100,0,100,0,100,0,100,0,100,0,78,22,100,0,100,0,95,10113,22,22,,,,,100,0,100,0,200,0,,,,,,,,,,,,,,,,,,,,,,,,,,,100,29768,100,49549452512,100,130427474053,,,,,,,,,,
2019-04-20,Z304HTDN,ST4000DM000,4000787030016,0,119,207778520,,,97,0,100,3,100,0,86,412982192,,,66,29950,100,0,,,100,3,,,,,,,,,,,,,,,,,,,,,,,,,,,,,,,100,0,100,0,100,0,100,0,100,0,78,22,100,0,100,0,95,10113,22,22,,,,,100,0,100,0,200,0,,,,,,,,,,,,,,,,,,,,,,,,,,,100,29791,100,49562999480,100,130584305845,,,,,,,,,,
2019-04-21,Z304HTDN,ST4000DM000,4000787030016,0,119,213234168,,,97,0,100,3,100,0,86,413882974,,,66,29973,100,0,,,100,3,,,,,,,,,,,,,,,,,,,,,,,,,,,,,,,100,0,100,0,100,0,100,0,100,0,78,22,100,0,100,0,95,10113,22,22,,,,,100,0,100,0,200,0,,,,,,,,,,,,,,,,,,,,,,,,,,,100,29815,100,49578270816,100,130709269217,,,,,,,,,,
2019-04-22,Z304HTDN,ST4000DM000,4000787030016,0,115,89015800,,,97,0,100,3,100,0,86,414655488,,,66,29997,100,0,,,100,3,,,,,,,,,,,,,,,,,,,,,,,,,,,,,,,100,0,100,0,100,0,100,0,100,0,79,21,100,0,100,0,95,10113,21,21,,,,,100,0,100,0,200,0,,,,,,,,,,,,,,,,,,,,,,,,,,,100,29839,100,49590262584,100,130809820239,,,,,,,,,,
2019-04-23,Z304HTDN,ST4000DM000,4000787030016,0,117,159554224,,,97,0,100,3,100,0,86,416575727,,,66,30021,100,0,,,100,3,,,,,,,,,,,,,,,,,,,,,,,,,,,,,,,100,0,100,0,100,0,100,0,100,0,78,22,100,0,100,0,95,10113,22,22,,,,,100,0,100,0,200,0,,,,,,,,,,,,,,,,,,,,,,,,,,,100,29862,100,49608812552,100,130954622417,,,,,,,,,,
2019-04-24,Z304HTDN,ST4000DM000,4000787030016,0,112,49206872,,,97,0,100,3,100,0,86,417302203,,,66,30045,100,0,,,100,3,,,,,,,,,,,,,,,,,,,,,,,,,,,,,,,100,0,100,0,100,0,100,0,100,0,78,22,100,0,100,0,95,10113,22,22,,,,,100,0,100,0,200,0,,,,,,,,,,,,,,,,,,,,,,,,,,,100,29886,100,49623370920,100,131127153751,,,,,,,,,,
2019-04-25,Z304HTDN,ST4000DM000,4000787030016,0,116,102867792,,,97,0,100,3,100,0,86,418018640,,,66,30068,100,0,,,100,3,,,,,,,,,,,,,,,,,,,,,,,,,,,,,,,100,0,100,0,100,0,100,0,100,0,79,21,100,0,100,0,95,10115,21,21,,,,,100,0,100,0,200,0,,,,,,,,,,,,,,,,,,,,,,,,,,,100,29910,100,49641356016,100,131281881328,,,,,,,,,,
2019-04-26,Z304HTDN,ST4000DM000,4000787030016,0,115,84022728,,,97,0,100,3,100,0,86,419618208,,,66,30092,100,0,,,100,3,,,,,,,,,,,,,,,,,,,,,,,,,,,,,,,100,0,100,0,100,0,100,0,100,0,78,22,100,0,100,0,95,10115,22,22,,,,,100,0,100,0,200,0,,,,,,,,,,,,,,,,,,,,,,,,,,,100,29933,100,49658475808,100,131413422210,,,,,,,,,,
2019-04-27,Z304HTDN,ST4000DM000,4000787030016,0,117,151152560,,,97,0,100,3,100,0,86,420181463,,,66,30115,100,0,,,100,3,,,,,,,,,,,,,,,,,,,,,,,,,,,,,,,100,0,100,0,100,0,100,0,100,0,78,22,100,0,100,0,95,10115,22,22,,,,,100,0,100,0,200,0,,,,,,,,,,,,,,,,,,,,,,,,,,,100,29957,100,49669717712,100,131576807526,,,,,,,,,,
2019-04-28,Z304HTDN,ST4000DM000,4000787030016,0,117,150902152,,,97,0,100,3,100,0,86,421054689,,,66,30151,100,0,,,100,3,,,,,,,,,,,,,,,,,,,,,,,,,,,,,,,100,0,100,0,100,0,100,0,100,0,78,22,100,0,100,0,95,10115,22,22,,,,,100,0,100,0,200,0,,,,,,,,,,,,,,,,,,,,,,,,,,,100,29992,100,49688446608,100,131794314522,,,,,,,,,,
2019-04-29,Z304HTDN,ST4000DM000,4000787030016,0,119,205388152,,,97,0,100,3,100,0,86,421773061,,,66,30174,100,0,,,100,3,,,,,,,,,,,,,,,,,,,,,,,,,,,,,,,100,0,100,0,100,0,100,0,100,0,78,22,100,0,100,0,95,10115,22,22,,,,,100,0,100,0,200,0,,,,,,,,,,,,,,,,,,,,,,,,,,,100,30016,100,49702112536,100,131906523757,,,,,,,,,,
2019-04-30,Z304HTDN,ST4000DM000,4000787030016,0,117,122129840,,,97,0,100,3,100,0,86,424062571,,,66,30198,100,0,,,100,3,,,,,,,,,,,,,,,,,,,,,,,,,,,,,,,100,0,100,0,100,0,100,0,100,0,78,22,100,0,100,0,95,10115,22,22,,,,,100,0,100,0,200,0,,,,,,,,,,,,,,,,,,,,,,,,,,,100,30039,100,49720439824,100,132104189726,,,,,,,,,,
2019-05-01,Z304HTDN,ST4000DM000,4000787030016,0,109,23081152,,,97,0,100,3,100,0,86,424623946,,,66,30210,100,0,,,100,3,,,,,,,,,,,,,,,,,,,,,,,,,,,,,,,100,0,100,0,100,0,100,0,100,0,78,22,100,0,100,0,95,10115,22,22,,,,,100,0,100,0,200,0,,,,,,,,,,,,,,,,,,,,,,,,,,,100,30051,100,49727538776,100,132192097856,,,,,,,,,,
2019-05-02,Z304HTDN,ST4000DM000,4000787030016,0,107,14181192,,,97,0,100,3,100,0,86,425630595,,,66,30233,100,0,,,100,3,,,,,,,,,,,,,,,,,,,,,,,,,,,,,,,100,0,100,0,100,0,100,0,100,0,79,21,100,0,100,0,95,10117,21,21,,,,,100,0,100,0,200,0,,,,,,,,,,,,,,,,,,,,,,,,,,,100,30074,100,49739138272,100,132316663729,,,,,,,,,,
2019-05-03,Z304HTDN,ST4000DM000,4000787030016,0,119,213259920,,,97,0,100,3,100,0,86,427801728,,,66,30257,100,0,,,100,3,,,,,,,,,,,,,,,,,,,,,,,,,,,,,,,100,0,100,0,100,0,100,0,100,0,78,22,100,0,100,0,95,10117,22,22,,,,,100,0,100,0,200,0,,,,,,,,,,,,,,,,,,,,,,,,,,,100,30098,100,49757212984,100,132435468142,,,,,,,,,,
2019-05-04,Z304HTDN,ST4000DM000,4000787030016,0,110,27791328,,,97,0,100,3,100,0,86,430318133,,,66,30280,100,0,,,100,3,,,,,,,,,,,,,,,,,,,,,,,,,,,,,,,100,0,100,0,100,0,100,0,100,0,78,22,100,0,100,0,95,10117,22,22,,,,,100,0,100,0,200,0,,,,,,,,,,,,,,,,,,,,,,,,,,,100,30122,100,49774445608,100,132601566855,,,,,,,,,,
2019-05-05,Z304HTDN,ST4000DM000,4000787030016,0,108,16395704,,,97,0,100,3,100,0,86,431193892,,,66,30304,100,0,,,100,3,,,,,,,,,,,,,,,,,,,,,,,,,,,,,,,100,0,100,0,100,0,100,0,100,0,78,22,100,0,100,0,95,10117,22,22,,,,,100,0,100,0,200,0,,,,,,,,,,,,,,,,,,,,,,,,,,,100,30145,100,49786743040,100,132712237483,,,,,,,,,,
2019-05-06,Z304HTDN,ST4000DM000,4000787030016,0,108,17245072,,,97,0,100,3,100,0,86,431914043,,,66,30327,100,0,,,100,3,,,,,,,,,,,,,,,,,,,,,,,,,,,,,,,100,0,100,0,100,0,100,0,100,0,78,22,100,0,100,0,95,10117,22,22,,,,,100,0,100,0,200,0,,,,,,,,,,,,,,,,,,,,,,,,,,,100,30169,100,49799432280,100,132827878632,,,,,,,,,,
2019-05-07,Z304HTDN,ST4000DM000,4000787030016,0,117,142374040,,,97,0,100,3,100,0,86,433606420,,,66,30351,100,0,,,100,3,,,,,,,,,,,,,,,,,,,,,,,,,,,,,,,100,0,100,0,100,0,100,0,100,0,79,21,100,0,100,0,95,10117,21,21,,,,,100,0,100,0,200,0,,,,,,,,,,,,,,,,,,,,,,,,,,,100,30192,100,49815029176,100,132963228640,,,,,,,,,,
2019-05-08,Z304HTDN,ST4000DM000,4000787030016,0,116,112753640,,,97,0,100,3,100,0,86,435579924,,,66,30386,100,0,,,100,3,,,,,,,,,,,,,,,,,,,,,,,,,,,,,,,100,0,100,0,100,0,100,0,100,0,79,21,100,0,100,0,95,10117,21,21,,,,,100,0,100,0,200,0,,,,,,,,,,,,,,,,,,,,,,,,,,,100,30228,100,49851595032,100,133165602426,,,,,,,,,,
2019-05-09,Z304HTDN,ST4000DM000,4000787030016,0,114,82751208,,,97,0,100,3,100,0,86,437085223,,,66,30410,100,0,,,100,3,,,,,,,,,,,,,,,,,,,,,,,,,,,,,,,100,0,100,0,100,0,100,0,100,0,78,22,100,0,100,0,95,10117,22,22,,,,,100,0,100,0,200,0,,,,,,,,,,,,,,,,,,,,,,,,,,,100,30251,100,49880982264,100,133268871616,,,,,,,,,,
2019-05-10,Z304HTDN,ST4000DM000,4000787030016,0,116,105570288,,,97,0,100,3,100,0,86,438208598,,,66,30433,100,0,,,100,3,,,,,,,,,,,,,,,,,,,,,,,,,,,,,,,100,0,100,0,100,0,100,0,100,0,78,22,100,0,100,0,95,10117,22,22,,,,,100,0,100,0,200,0,,,,,,,,,,,,,,,,,,,,,,,,,,,100,30275,100,49893635160,100,133364992571,,,,,,,,,,
2019-05-11,Z304HTDN,ST4000DM000,4000787030016,0,110,26793024,,,97,0,100,3,100,0,86,439303701,,,66,30457,100,0,,,100,3,,,,,,,,,,,,,,,,,,,,,,,,,,,,,,,100,0,100,0,100,0,100,0,100,0,78,22,100,0,100,0,95,10117,22,22,,,,,100,0,100,0,200,0,,,,,,,,,,,,,,,,,,,,,,,,,,,100,30298,100,49906780976,100,133503307712,,,,,,,,,,
2019-05-12,Z304HTDN,ST4000DM000,4000787030016,0,120,237208448,,,97,0,100,3,100,0,86,439965323,,,66,30480,100,0,,,100,3,,,,,,,,,,,,,,,,,,,,,,,,,,,,,,,100,0,100,0,100,0,100,0,100,0,78,22,100,0,100,0,95,10117,22,22,,,,,100,0,100,0,200,0,,,,,,,,,,,,,,,,,,,,,,,,,,,100,30322,100,49918955328,100,133561317135,,,,,,,,,,
2019-05-13,Z304HTDN,ST4000DM000,4000787030016,0,119,214347152,,,97,0,100,3,100,0,86,440366868,,,66,30504,100,0,,,100,3,,,,,,,,,,,,,,,,,,,,,,,,,,,,,,,100,0,100,0,100,0,100,0,100,0,78,22,100,0,100,0,95,10117,22,22,,,,,100,0,100,0,200,0,,,,,,,,,,,,,,,,,,,,,,,,,,,100,30345,100,49926881000,100,133606709516,,,,,,,,,,
2019-05-14,Z304HTDN,ST4000DM000,4000787030016,0,106,11494800,,,97,0,100,3,100,0,86,442724062,,,66,30527,100,0,,,100,3,,,,,,,,,,,,,,,,,,,,,,,,,,,,,,,100,0,100,0,100,0,100,0,100,0,78,22,100,0,100,0,95,10117,22,22,,,,,100,0,100,0,200,0,,,,,,,,,,,,,,,,,,,,,,,,,,,100,30369,100,49941474728,100,133788324010,,,,,,,,,,
2019-05-15,Z304HTDN,ST4000DM000,4000787030016,0,116,117330936,,,97,0,100,3,100,0,86,443643888,,,66,30551,100,0,,,100,3,,,,,,,,,,,,,,,,,,,,,,,,,,,,,,,100,0,100,0,100,0,100,0,100,0,78,22,100,0,100,0,95,10117,22,22,,,,,100,0,100,0,200,0,,,,,,,,,,,,,,,,,,,,,,,,,,,100,30393,100,49956430232,100,133921484850,,,,,,,,,,
2019-05-16,Z304HTDN,ST4000DM000,4000787030016,0,119,202722840,,,97,0,100,3,100,0,86,444704376,,,66,30575,100,0,,,100,3,,,,,,,,,,,,,,,,,,,,,,,,,,,,,,,100,0,100,0,100,0,100,0,100,0,78,22,100,0,100,0,95,10119,22,22,,,,,100,0,100,0,200,0,,,,,,,,,,,,,,,,,,,,,,,,,,,100,30416,100,49970292024,100,134028644820,,,,,,,,,,
2019-05-17,Z304HTDN,ST4000DM000,4000787030016,0,117,161973728,,,97,0,100,3,100,0,86,445936114,,,66,30598,100,0,,,100,3,,,,,,,,,,,,,,,,,,,,,,,,,,,,,,,100,0,100,0,100,0,100,0,100,0,78,22,100,0,100,0,95,10120,22,22,,,,,100,0,100,0,200,0,,,,,,,,,,,,,,,,,,,,,,,,,,,100,30440,100,49982306072,100,134081676852,,,,,,,,,,
2019-05-18,Z304HTDN,ST4000DM000,4000787030016,0,109,24947056,,,97,0,100,3,100,0,86,447097435,,,66,30622,100,0,,,100,3,,,,,,,,,,,,,,,,,,,,,,,,,,,,,,,100,0,100,0,100,0,100,0,100,0,78,22,100,0,100,0,95,10120,22,22,,,,,100,0,100,0,200,0,,,,,,,,,,,,,,,,,,,,,,,,,,,100,30463,100,49991135456,100,134232557665,,,,,,,,,,
2019-05-19,Z304HTDN,ST4000DM000,4000787030016,0,105,9149616,,,97,0,100,3,100,0,86,449615924,,,66,30646,100,0,,,100,3,,,,,,,,,,,,,,,,,,,,,,,,,,,,,,,100,0,100,0,100,0,100,0,100,0,78,22,100,0,100,0,95,10120,22,22,,,,,100,0,100,0,200,0,,,,,,,,,,,,,,,,,,,,,,,,,,,100,30487,100,50009057416,100,134360125615,,,,,,,,,,
2019-05-20,Z304HTDN,ST4000DM000,4000787030016,0,105,9660592,,,97,0,100,3,100,0,86,450669171,,,65,30669,100,0,,,100,3,,,,,,,,,,,,,,,,,,,,,,,,,,,,,,,100,0,100,0,100,0,100,0,100,0,79,21,100,0,100,0,95,10120,21,21,,,,,100,0,100,0,200,0,,,,,,,,,,,,,,,,,,,,,,,,,,,100,30511,100,50025081144,100,134465027935,,,,,,,,,,
2019-05-21,Z304HTDN,ST4000DM000,4000787030016,0,120,238364160,,,97,0,100,3,100,0,86,452681592,,,65,30693,100,0,,,100,3,,,,,,,,,,,,,,,,,,,,,,,,,,,,,,,100,0,100,0,100,0,100,0,100,0,79,21,100,0,100,0,95,10120,21,21,,,,,100,0,100,0,200,0,,,,,,,,,,,,,,,,,,,,,,,,,,,100,30535,100,50038066528,100,134562786870,,,,,,,,,,
2019-05-22,Z304HTDN,ST4000DM000,4000787030016,0,118,183572552,,,97,0,100,3,100,0,86,453264355,,,65,30717,100,0,,,100,3,,,,,,,,,,,,,,,,,,,,,,,,,,,,,,,100,0,100,0,100,0,100,0,100,0,78,22,100,0,100,0,95,10120,22,22,,,,,100,0,100,0,200,0,,,,,,,,,,,,,,,,,,,,,,,,,,,100,30558,100,50052706704,100,134614596345,,,,,,,,,,
2019-05-23,Z304HTDN,ST4000DM000,4000787030016,0,119,213370960,,,97,0,100,3,100,0,86,453941412,,,65,30740,100,0,,,100,3,,,,,,,,,,,,,,,,,,,,,,,,,,,,,,,100,0,100,0,100,0,100,0,100,0,79,21,100,0,100,0,95,10123,21,21,,,,,100,0,100,0,200,0,,,,,,,,,,,,,,,,,,,,,,,,,,,100,30582,100,50065692304,100,134677992887,,,,,,,,,,
2019-05-24,Z304HTDN,ST4000DM000,4000787030016,0,117,160402768,,,97,0,100,3,100,0,86,455555841,,,65,30764,100,0,,,100,3,,,,,,,,,,,,,,,,,,,,,,,,,,,,,,,100,0,100,0,100,0,100,0,100,0,78,22,100,0,100,0,95,10124,22,22,,,,,100,0,100,0,200,0,,,,,,,,,,,,,,,,,,,,,,,,,,,100,30605,100,50091778880,100,134735929172,,,,,,,,,,
2019-05-25,Z304HTDN,ST4000DM000,4000787030016,0,115,90897728,,,97,0,100,3,100,0,86,456123582,,,65,30788,100,0,,,100,3,,,,,,,,,,,,,,,,,,,,,,,,,,,,,,,100,0,100,0,100,0,100,0,100,0,78,22,100,0,100,0,95,10124,22,22,,,,,100,0,100,0,200,0,,,,,,,,,,,,,,,,,,,,,,,,,,,100,30629,100,50105847920,100,134781587031,,,,,,,,,,
2019-05-26,Z304HTDN,ST4000DM000,4000787030016,0,119,227338792,,,97,0,100,3,100,0,86,457004514,,,65,30811,100,0,,,100,3,,,,,,,,,,,,,,,,,,,,,,,,,,,,,,,100,0,100,0,100,0,100,0,100,0,78,22,100,0,100,0,95,10124,22,22,,,,,100,0,100,0,200,0,,,,,,,,,,,,,,,,,,,,,,,,,,,100,30653,100,50123608592,100,134871183869,,,,,,,,,,
2019-05-27,Z304HTDN,ST4000DM000,4000787030016,0,115,99447440,,,97,0,100,3,100,0,86,457805464,,,65,30835,100,0,,,100,3,,,,,,,,,,,,,,,,,,,,,,,,,,,,,,,100,0,100,0,100,0,100,0,100,0,78,22,100,0,100,0,95,10124,22,22,,,,,100,0,100,0,200,0,,,,,,,,,,,,,,,,,,,,,,,,,,,100,30677,100,50139631272,100,134950016986,,,,,,,,,,
2019-05-28,Z304HTDN,ST4000DM000,4000787030016,0,114,70138864,,,97,0,100,3,100,0,86,459628551,,,65,30859,100,0,,,100,3,,,,,,,,,,,,,,,,,,,,,,,,,,,,,,,100,0,100,0,100,0,100,0,100,0,79,21,100,0,100,0,95,10124,21,21,,,,,100,0,100,0,200,0,,,,,,,,,,,,,,,,,,,,,,,,,,,100,30700,100,50163601000,100,135015746255,,,,,,,,,,
2019-05-29,Z304HTDN,ST4000DM000,4000787030016,0,116,102925408,,,97,0,100,3,100,0,86,459900280,,,65,30882,100,0,,,100,3,,,,,,,,,,,,,,,,,,,,,,,,,,,,,,,100,0,100,0,100,0,100,0,100,0,78,22,100,0,100,0,95,10124,22,22,,,,,100,0,100,0,200,0,,,,,,,,,,,,,,,,,,,,,,,,,,,100,30724,100,50175721552,100,135026107997,,,,,,,,,,
2019-05-30,Z304HTDN,ST4000DM000,4000787030016,0,111,31223864,,,97,0,100,3,100,0,86,460333417,,,65,30906,100,0,,,100,3,,,,,,,,,,,,,,,,,,,,,,,,,,,,,,,100,0,100,0,100,0,100,0,100,0,78,22,100,0,100,0,95,10124,22,22,,,,,100,0,100,0,200,0,,,,,,,,,,,,,,,,,,,,,,,,,,,100,30748,100,50191495288,100,135059046936,,,,,,,,,,
2019-05-31,Z304HTDN,ST4000DM000,4000787030016,0,117,165406128,,,97,0,100,3,100,0,86,461402270,,,65,30930,100,0,,,100,3,,,,,,,,,,,,,,,,,,,,,,,,,,,,,,,100,0,100,0,100,0,100,0,100,0,78,22,100,0,100,0,95,10137,22,22,,,,,100,0,100,0,200,0,,,,,,,,,,,,,,,,,,,,,,,,,,,100,30771,100,50201602680,100,135182765790,,,,,,,,,,
2019-06-01,Z304HTDN,ST4000DM000,4000787030016,0,119,204115448,,,97,0,100,3,100,0,86,462121989,,,65,30953,100,0,,,100,3,,,,,,,,,,,,,,,,,,,,,,,,,,,,,,,100,0,100,0,100,0,100,0,100,0,78,22,100,0,100,0,95,10137,22,22,,,,,100,0,100,0,200,0,,,,,,,,,,,,,,,,,,,,,,,,,,,100,30795,100,50211441160,100,135273687164,,,,,,,,,,
2019-06-02,Z304HTDN,ST4000DM000,4000787030016,0,116,117246096,,,97,0,100,3,100,0,86,464429518,,,65,30977,100,0,,,100,3,,,,,,,,,,,,,,,,,,,,,,,,,,,,,,,100,0,100,0,100,0,100,0,100,0,78,22,100,0,100,0,95,10137,22,22,,,,,100,0,100,0,200,0,,,,,,,,,,,,,,,,,,,,,,,,,,,100,30818,100,50234187544,100,135375489747,,,,,,,,,,
2019-06-03,Z304HTDN,ST4000DM000,4000787030016,0,119,215903528,,,97,0,100,3,100,0,86,465335513,,,65,31000,100,0,,,100,3,,,,,,,,,,,,,,,,,,,,,,,,,,,,,,,100,0,100,0,100,0,100,0,100,0,78,22,100,0,100,0,95,10137,22,22,,,,,100,0,100,0,200,0,,,,,,,,,,,,,,,,,,,,,,,,,,,100,30842,100,50247801512,100,135471541474,,,,,,,,,,
2019-06-04,Z304HTDN,ST4000DM000,4000787030016,0,119,203935896,,,97,0,100,3,100,0,86,467287133,,,65,31024,100,0,,,100,3,,,,,,,,,,,,,,,,,,,,,,,,,,,,,,,100,0,100,0,100,0,100,0,100,0,78,22,100,0,100,0,95,10137,22,22,,,,,100,0,100,0,200,0,,,,,,,,,,,,,,,,,,,,,,,,,,,100,30865,100,50263855392,100,135598202616,,,,,,,,,,
2019-06-05,Z304HTDN,ST4000DM000,4000787030016,0,117,118869832,,,97,0,100,3,100,0,86,468979312,,,65,31060,100,0,,,100,3,,,,,,,,,,,,,,,,,,,,,,,,,,,,,,,100,0,100,0,100,0,100,0,100,0,79,21,100,0,100,0,95,10139,21,21,,,,,100,0,100,0,200,0,,,,,,,,,,,,,,,,,,,,,,,,,,,100,30901,100,50282503896,100,135710825725,,,,,,,,,,
2019-06-06,Z304HTDN,ST4000DM000,4000787030016,0,117,138480184,,,97,0,100,3,100,0,87,470421862,,,65,31083,100,0,,,100,3,,,,,,,,,,,,,,,,,,,,,,,,,,,,,,,100,0,100,0,100,0,100,0,100,0,79,21,100,0,100,0,95,10139,21,21,,,,,100,0,100,0,200,0,,,,,,,,,,,,,,,,,,,,,,,,,,,100,30925,100,50297238160,100,135774527801,,,,,,,,,,
2019-06-07,Z304HTDN,ST4000DM000,4000787030016,0,117,131038088,,,97,0,100,3,100,0,87,471381919,,,65,31107,100,0,,,100,3,,,,,,,,,,,,,,,,,,,,,,,,,,,,,,,100,0,100,0,100,0,100,0,100,0,78,22,100,0,100,0,95,10139,22,22,,,,,100,0,100,0,200,0,,,,,,,,,,,,,,,,,,,,,,,,,,,100,30949,100,50313251744,100,135845084553,,,,,,,,,,
2019-06-08,Z304HTDN,ST4000DM000,4000787030016,0,117,133546064,,,97,0,100,3,100,0,87,472513176,,,65,31131,100,0,,,100,3,,,,,,,,,,,,,,,,,,,,,,,,,,,,,,,100,0,100,0,100,0,100,0,100,0,78,22,100,0,100,0,95,10139,22,22,,,,,100,0,100,0,200,0,,,,,,,,,,,,,,,,,,,,,,,,,,,100,30972,100,50330529216,100,135967419514,,,,,,,,,,
2019-06-09,Z304HTDN,ST4000DM000,4000787030016,0,114,69048640,,,97,0,100,3,100,0,87,473892403,,,65,31155,100,0,,,100,3,,,,,,,,,,,,,,,,,,,,,,,,,,,,,,,100,0,100,0,100,0,100,0,100,0,78,22,100,0,100,0,95,10139,22,22,,,,,100,0,100,0,200,0,,,,,,,,,,,,,,,,,,,,,,,,,,,100,30996,100,50344120912,100,136087140936,,,,,,,,,,
2019-06-10,Z304HTDN,ST4000DM000,4000787030016,0,119,213879416,,,97,0,100,3,100,0,87,475098194,,,65,31178,100,0,,,100,3,,,,,,,,,,,,,,,,,,,,,,,,,,,,,,,100,0,100,0,100,0,100,0,100,0,79,21,100,0,100,0,95,10139,21,21,,,,,100,0,100,0,200,0,,,,,,,,,,,,,,,,,,,,,,,,,,,100,31020,100,50357335688,100,136204611057,,,,,,,,,,
2019-06-11,Z304HTDN,ST4000DM000,4000787030016,0,108,20356008,,,97,0,100,3,100,0,87,477049725,,,65,31202,100,0,,,100,3,,,,,,,,,,,,,,,,,,,,,,,,,,,,,,,100,0,100,0,100,0,100,0,100,0,78,22,100,0,100,0,95,10139,22,22,,,,,100,0,100,0,200,0,,,,,,,,,,,,,,,,,,,,,,,,,,,100,31043,100,50374075048,100,136324944520,,,,,,,,,,
2019-06-12,Z304HTDN,ST4000DM000,4000787030016,0,117,133532080,,,97,0,100,3,100,0,87,477947520,,,65,31226,100,0,,,100,3,,,,,,,,,,,,,,,,,,,,,,,,,,,,,,,100,0,100,0,100,0,100,0,100,0,79,21,100,0,100,0,95,10139,21,21,,,,,100,0,100,0,200,0,,,,,,,,,,,,,,,,,,,,,,,,,,,100,31067,100,50393240024,100,136445365115,,,,,,,,,,
2019-06-13,Z304HTDN,ST4000DM000,4000787030016,0,111,35343792,,,97,0,100,3,100,0,87,479341892,,,65,31249,100,0,,,100,3,,,,,,,,,,,,,,,,,,,,,,,,,,,,,,,100,0,100,0,100,0,100,0,100,0,78,22,100,0,100,0,95,10139,22,22,,,,,100,0,100,0,200,0,,,,,,,,,,,,,,,,,,,,,,,,,,,100,31091,100,50411620536,100,136558015371,,,,,,,,,,
2019-06-14,Z304HTDN,ST4000DM000,4000787030016,0,113,50987160,,,97,0,100,3,100,0,87,480589894,,,65,31273,100,0,,,100,3,,,,,,,,,,,,,,,,,,,,,,,,,,,,,,,100,0,100,0,100,0,100,0,100,0,78,22,100,0,100,0,95,10139,22,22,,,,,100,0,100,0,200,0,,,,,,,,,,,,,,,,,,,,,,,,,,,100,31115,100,50426694608,100,136653656250,,,,,,,,,,
2019-06-15,Z304HTDN,ST4000DM000,4000787030016,0,114,72392296,,,97,0,100,3,100,0,87,481422935,,,65,31297,100,0,,,100,3,,,,,,,,,,,,,,,,,,,,,,,,,,,,,,,100,0,100,0,100,0,100,0,100,0,78,22,100,0,100,0,95,10139,22,22,,,,,100,0,100,0,200,0,,,,,,,,,,,,,,,,,,,,,,,,,,,100,31138,100,50445591992,100,136765107836,,,,,,,,,,
2019-06-16,Z304HTDN,ST4000DM000,4000787030016,0,118,178266656,,,97,0,100,3,100,0,87,482008039,,,65,31321,100,0,,,100,3,,,,,,,,,,,,,,,,,,,,,,,,,,,,,,,100,0,100,0,100,0,100,0,100,0,79,21,100,0,100,0,95,10139,21,21,,,,,100,0,100,0,200,0,,,,,,,,,,,,,,,,,,,,,,,,,,,100,31162,100,50461956376,100,136816239142,,,,,,,,,,
2019-06-17,Z304HTDN,ST4000DM000,4000787030016,0,117,149316504,,,97,0,100,3,100,0,87,483041939,,,65,31344,100,0,,,100,3,,,,,,,,,,,,,,,,,,,,,,,,,,,,,,,100,0,100,0,100,0,100,0,100,0,78,22,100,0,100,0,95,10139,22,22,,,,,100,0,100,0,200,0,,,,,,,,,,,,,,,,,,,,,,,,,,,100,31186,100,50474826312,100,136948336335,,,,,,,,,,
2019-06-18,Z304HTDN,ST4000DM000,4000787030016,0,118,167792544,,,97,0,100,3,100,0,87,484883332,,,65,31368,100,0,,,100,3,,,,,,,,,,,,,,,,,,,,,,,,,,,,,,,100,0,100,0,100,0,100,0,100,0,79,21,100,0,100,0,95,10139,21,21,,,,,100,0,100,0,200,0,,,,,,,,,,,,,,,,,,,,,,,,,,,100,31210,100,50500576904,100,137032716081,,,,,,,,,,
2019-06-19,Z304HTDN,ST4000DM000,4000787030016,0,117,156407080,,,97,0,100,3,100,0,87,485662210,,,65,31392,100,0,,,100,3,,,,,,,,,,,,,,,,,,,,,,,,,,,,,,,100,0,100,0,100,0,100,0,100,0,79,21,100,0,100,0,95,10139,21,21,,,,,100,0,100,0,200,0,,,,,,,,,,,,,,,,,,,,,,,,,,,100,31234,100,50512464784,100,137146772281,,,,,,,,,,
2019-06-20,Z304HTDN,ST4000DM000,4000787030016,0,118,186439512,,,97,0,100,3,100,0,87,488428283,,,65,31416,100,0,,,100,3,,,,,,,,,,,,,,,,,,,,,,,,,,,,,,,100,0,100,0,100,0,100,0,100,0,79,21,100,0,100,0,95,10141,21,21,,,,,100,0,100,0,200,0,,,,,,,,,,,,,,,,,,,,,,,,,,,100,31257,100,50541601104,100,137277545016,,,,,,,,,,
2019-06-21,Z304HTDN,ST4000DM000,4000787030016,0,113,56145760,,,97,0,100,3,100,0,87,489979717,,,65,31439,100,0,,,100,3,,,,,,,,,,,,,,,,,,,,,,,,,,,,,,,100,0,100,0,100,0,100,0,100,0,79,21,100,0,100,0,95,10141,21,21,,,,,100,0,100,0,200,0,,,,,,,,,,,,,,,,,,,,,,,,,,,100,31281,100,50566102368,100,137379948182,,,,,,,,,,
2019-06-22,Z304HTDN,ST4000DM000,4000787030016,0,118,181901960,,,97,0,100,3,100,0,87,490863844,,,65,31463,100,0,,,100,3,,,,,,,,,,,,,,,,,,,,,,,,,,,,,,,100,0,100,0,100,0,100,0,100,0,79,21,100,0,100,0,95,10141,21,21,,,,,100,0,100,0,200,0,,,,,,,,,,,,,,,,,,,,,,,,,,,100,31304,100,50589568312,100,137479675397,,,,,,,,,,
2019-06-23,Z304HTDN,ST4000DM000,4000787030016,0,117,149157200,,,97,0,100,3,100,0,87,492023890,,,65,31487,100,0,,,100,3,,,,,,,,,,,,,,,,,,,,,,,,,,,,,,,100,0,100,0,100,0,100,0,100,0,79,21,100,0,100,0,95,10141,21,21,,,,,100,0,100,0,200,0,,,,,,,,,,,,,,,,,,,,,,,,,,,100,31328,100,50604930616,100,137619579067,,,,,,,,,,
2019-06-24,Z304HTDN,ST4000DM000,4000787030016,0,106,12439904,,,97,0,100,3,100,0,87,493012269,,,65,31510,100,0,,,100,3,,,,,,,,,,,,,,,,,,,,,,,,,,,,,,,100,0,100,0,100,0,100,0,100,0,79,21,100,0,100,0,95,10141,21,21,,,,,100,0,100,0,200,0,,,,,,,,,,,,,,,,,,,,,,,,,,,100,31352,100,50619114200,100,137747808337,,,,,,,,,,
2019-06-25,Z304HTDN,ST4000DM000,4000787030016,0,117,121551600,,,97,0,100,3,100,0,87,495173827,,,65,31534,100,0,,,100,3,,,,,,,,,,,,,,,,,,,,,,,,,,,,,,,100,0,100,0,100,0,100,0,100,0,79,21,100,0,100,0,95,10141,21,21,,,,,100,0,100,0,200,0,,,,,,,,,,,,,,,,,,,,,,,,,,,100,31375,100,50639270568,100,137904200097,,,,,,,,,,
2019-06-26,Z304HTDN,ST4000DM000,4000787030016,0,115,84417856,,,97,0,100,3,100,0,87,496174142,,,64,31558,100,0,,,100,3,,,,,,,,,,,,,,,,,,,,,,,,,,,,,,,100,0,100,0,100,0,100,0,100,0,79,21,100,0,100,0,95,10141,21,21,,,,,100,0,100,0,200,0,,,,,,,,,,,,,,,,,,,,,,,,,,,100,31399,100,50653295640,100,138002104114,,,,,,,,,,
2019-06-27,Z304HTDN,ST4000DM000,4000787030016,0,113,57090024,,,97,0,100,3,100,0,87,497467702,,,64,31582,100,0,,,100,3,,,,,,,,,,,,,,,,,,,,,,,,,,,,,,,100,0,100,0,100,0,100,0,100,0,79,21,100,0,100,0,95,10143,21,21,,,,,100,0,100,0,200,0,,,,,,,,,,,,,,,,,,,,,,,,,,,100,31423,100,50674799072,100,138171552932,,,,,,,,,,
2019-06-28,Z304HTDN,ST4000DM000,4000787030016,0,117,145527016,,,97,0,100,3,100,0,87,499414825,,,64,31606,100,0,,,100,3,,,,,,,,,,,,,,,,,,,,,,,,,,,,,,,100,0,100,0,100,0,100,0,100,0,79,21,100,0,100,0,95,10143,21,21,,,,,100,0,100,0,200,0,,,,,,,,,,,,,,,,,,,,,,,,,,,100,31447,100,50693259792,100,138300617828,,,,,,,,,,
2019-06-29,Z304HTDN,ST4000DM000,4000787030016,0,115,97270120,,,97,0,100,3,100,0,87,500766793,,,64,31630,100,0,,,100,3,,,,,,,,,,,,,,,,,,,,,,,,,,,,,,,100,0,100,0,100,0,100,0,100,0,79,21,100,0,100,0,95,10143,21,21,,,,,100,0,100,0,200,0,,,,,,,,,,,,,,,,,,,,,,,,,,,100,31472,100,50711182608,100,138514753122,,,,,,,,,,
2019-06-30,Z304HTDN,ST4000DM000,4000787030016,0,111,40852448,,,97,0,100,3,100,0,87,501834698,,,64,31654,100,0,,,100,3,,,,,,,,,,,,,,,,,,,,,,,,,,,,,,,100,0,100,0,100,0,100,0,100,0,79,21,100,0,100,0,95,10143,21,21,,,,,100,0,100,0,200,0,,,,,,,,,,,,,,,,,,,,,,,,,,,100,31496,100,50726098008,100,138667352510,,,,,,,,,,
2019-07-01,Z304HTDN,ST4000DM000,4000787030016,0,116,112779040,,,97,0,100,3,100,0,87,503358590,,,64,31678,100,0,,,100,3,,,,,,,,,,,,,,,,,,,,,,,,,,,,,,,100,0,100,0,100,0,100,0,100,0,79,21,100,0,100,0,95,10143,21,21,,,,,100,0,100,0,200,0,,,,,,,,,,,,,,,,,,,,,,,,,,,100,31520,100,50745566696,100,138889077170,,,,,,,,,,
2019-07-02,Z304HTDN,ST4000DM000,4000787030016,0,117,141977568,,,97,0,100,3,100,0,87,505823397,,,64,31703,100,0,,,100,3,,,,,,,,,,,,,,,,,,,,,,,,,,,,,,,100,0,100,0,100,0,100,0,100,0,79,21,100,0,100,0,95,10143,21,21,,,,,100,0,100,0,200,0,,,,,,,,,,,,,,,,,,,,,,,,,,,100,31544,100,50767831016,100,139079986251,,,,,,,,,,
2019-07-03,Z304HTDN,ST4000DM000,4000787030016,0,116,109187352,,,97,0,100,3,100,0,87,506779914,,,64,31727,100,0,,,100,3,,,,,,,,,,,,,,,,,,,,,,,,,,,,,,,100,0,100,0,100,0,100,0,100,0,80,20,100,0,100,0,95,10143,20,20,,,,,100,0,100,0,200,0,,,,,,,,,,,,,,,,,,,,,,,,,,,100,31568,100,50780612408,100,139248017730,,,,,,,,,,
2019-07-04,Z304HTDN,ST4000DM000,4000787030016,0,119,234184160,,,97,0,100,3,100,0,87,507679609,,,64,31751,100,0,,,100,3,,,,,,,,,,,,,,,,,,,,,,,,,,,,,,,100,0,100,0,100,0,100,0,100,0,79,21,100,0,100,0,95,10147,21,21,,,,,100,0,100,0,200,0,,,,,,,,,,,,,,,,,,,,,,,,,,,100,31592,100,50794842832,100,139469585649,,,,,,,,,,
2019-07-05,Z304HTDN,ST4000DM000,4000787030016,0,118,190386152,,,97,0,100,3,100,0,87,509201253,,,64,31775,100,0,,,100,3,,,,,,,,,,,,,,,,,,,,,,,,,,,,,,,100,0,100,0,100,0,100,0,100,0,79,21,100,0,100,0,95,10149,21,21,,,,,100,0,100,0,200,0,,,,,,,,,,,,,,,,,,,,,,,,,,,100,31617,100,50816283376,100,139562035462,,,,,,,,,,
2019-07-06,Z304HTDN,ST4000DM000,4000787030016,0,119,226135736,,,97,0,100,3,100,0,87,510151993,,,64,31799,100,0,,,100,3,,,,,,,,,,,,,,,,,,,,,,,,,,,,,,,100,0,100,0,100,0,100,0,100,0,79,21,100,0,100,0,95,10149,21,21,,,,,100,0,100,0,200,0,,,,,,,,,,,,,,,,,,,,,,,,,,,100,31641,100,50843590800,100,139822987478,,,,,,,,,,
2019-07-07,Z304HTDN,ST4000DM000,4000787030016,0,108,17541088,,,97,0,100,3,100,0,87,511046558,,,64,31823,100,0,,,100,3,,,,,,,,,,,,,,,,,,,,,,,,,,,,,,,100,0,100,0,100,0,100,0,100,0,79,21,100,0,100,0,95,10149,21,21,,,,,100,0,100,0,200,0,,,,,,,,,,,,,,,,,,,,,,,,,,,100,31665,100,50863256672,100,140043308649,,,,,,,,,,
2019-07-08,Z304HTDN,ST4000DM000,4000787030016,0,117,151658272,,,97,0,100,3,100,0,87,512367043,,,64,31847,100,0,,,100,3,,,,,,,,,,,,,,,,,,,,,,,,,,,,,,,100,0,100,0,100,0,100,0,100,0,79,21,100,0,100,0,95,10149,21,21,,,,,100,0,100,0,200,0,,,,,,,,,,,,,,,,,,,,,,,,,,,100,31689,100,50882683400,100,140259258602,,,,,,,,,,
2019-07-09,Z304HTDN,ST4000DM000,4000787030016,0,118,199189560,,,97,0,100,3,100,0,87,515107568,,,64,31872,100,0,,,100,3,,,,,,,,,,,,,,,,,,,,,,,,,,,,,,,100,0,100,0,100,0,100,0,100,0,79,21,100,0,100,0,95,10149,21,21,,,,,100,0,100,0,200,0,,,,,,,,,,,,,,,,,,,,,,,,,,,100,31713,100,50900432528,100,140530770780,,,,,,,,,,
2019-07-10,Z304HTDN,ST4000DM000,4000787030016,0,117,120447808,,,97,0,100,3,100,0,87,518741814,,,64,31895,100,0,,,100,3,,,,,,,,,,,,,,,,,,,,,,,,,,,,,,,100,0,100,0,100,0,100,0,100,0,78,22,100,0,100,0,95,10149,22,22,,,,,100,0,100,0,200,0,,,,,,,,,,,,,,,,,,,,,,,,,,,100,31737,100,50930630992,100,140763349287,,,,,,,,,,
2019-07-11,Z304HTDN,ST4000DM000,4000787030016,0,118,193197752,,,97,0,100,3,100,0,87,520206909,,,64,31920,100,0,,,100,3,,,,,,,,,,,,,,,,,,,,,,,,,,,,,,,100,0,100,0,100,0,100,0,100,0,79,21,100,0,100,0,95,10156,21,21,,,,,100,0,100,0,200,0,,,,,,,,,,,,,,,,,,,,,,,,,,,100,31761,100,50949419136,100,140954262730,,,,,,,,,,
2019-07-12,Z304HTDN,ST4000DM000,4000787030016,0,118,199389944,,,97,0,100,3,100,0,87,522060377,,,64,31944,100,0,,,100,3,,,,,,,,,,,,,,,,,,,,,,,,,,,,,,,100,0,100,0,100,0,100,0,100,0,78,22,100,0,100,0,95,10156,22,22,,,,,100,0,100,0,200,0,,,,,,,,,,,,,,,,,,,,,,,,,,,100,31785,100,50966687744,100,141093563326,,,,,,,,,,
2019-07-13,Z304HTDN,ST4000DM000,4000787030016,0,110,27231960,,,97,0,100,3,100,0,87,523619805,,,64,31968,100,0,,,100,3,,,,,,,,,,,,,,,,,,,,,,,,,,,,,,,100,0,100,0,100,0,100,0,100,0,79,21,100,0,100,0,95,10156,21,21,,,,,100,0,100,0,200,0,,,,,,,,,,,,,,,,,,,,,,,,,,,100,31809,100,50988557440,100,141330303511,,,,,,,,,,
2019-07-14,Z304HTDN,ST4000DM000,4000787030016,0,118,191524808,,,97,0,100,3,100,0,87,525226707,,,64,31992,100,0,,,100,3,,,,,,,,,,,,,,,,,,,,,,,,,,,,,,,100,0,100,0,100,0,100,0,100,0,78,22,100,0,100,0,95,10156,22,22,,,,,100,0,100,0,200,0,,,,,,,,,,,,,,,,,,,,,,,,,,,100,31833,100,51003989784,100,141561422082,,,,,,,,,,
2019-07-15,Z304HTDN,ST4000DM000,4000787030016,0,113,50684392,,,97,0,100,3,100,0,87,526846079,,,64,32016,100,0,,,100,3,,,,,,,,,,,,,,,,,,,,,,,,,,,,,,,100,0,100,0,100,0,100,0,100,0,79,21,100,0,100,0,95,10156,21,21,,,,,100,0,100,0,200,0,,,,,,,,,,,,,,,,,,,,,,,,,,,100,31858,100,51027480248,100,141762288850,,,,,,,,,,
2019-07-16,Z304HTDN,ST4000DM000,4000787030016,0,119,214021920,,,97,0,100,3,100,0,87,529650330,,,64,32040,100,0,,,100,3,,,,,,,,,,,,,,,,,,,,,,,,,,,,,,,100,0,100,0,100,0,100,0,100,0,79,21,100,0,100,0,95,10156,21,21,,,,,100,0,100,0,200,0,,,,,,,,,,,,,,,,,,,,,,,,,,,100,31882,100,51047885184,100,141986619756,,,,,,,,,,
2019-07-17,Z304HTDN,ST4000DM000,4000787030016,0,114,78704296,,,97,0,100,3,100,0,87,531140117,,,64,32065,100,0,,,100,3,,,,,,,,,,,,,,,,,,,,,,,,,,,,,,,100,0,100,0,100,0,100,0,100,0,79,21,100,0,100,0,95,10156,21,21,,,,,100,0,100,0,200,0,,,,,,,,,,,,,,,,,,,,,,,,,,,100,31906,100,51064217616,100,142199475791,,,,,,,,,,
2019-07-18,Z304HTDN,ST4000DM000,4000787030016,0,115,83997472,,,97,0,100,3,100,0,87,532761942,,,64,32089,100,0,,,100,3,,,,,,,,,,,,,,,,,,,,,,,,,,,,,,,100,0,100,0,100,0,100,0,100,0,80,20,100,0,100,0,95,10157,20,20,,,,,100,0,100,0,200,0,,,,,,,,,,,,,,,,,,,,,,,,,,,100,31930,100,51080008672,100,142400089874,,,,,,,,,,
2019-07-19,Z304HTDN,ST4000DM000,4000787030016,0,117,131479440,,,97,0,100,3,100,0,87,534626108,,,64,32113,100,0,,,100,3,,,,,,,,,,,,,,,,,,,,,,,,,,,,,,,100,0,100,0,100,0,100,0,100,0,80,20,100,0,100,0,95,10158,20,20,,,,,100,0,100,0,200,0,,,,,,,,,,,,,,,,,,,,,,,,,,,100,31954,100,51102128904,100,142513190629,,,,,,,,,,
2019-07-20,Z304HTDN,ST4000DM000,4000787030016,0,117,143484872,,,97,0,100,3,100,0,87,535918723,,,64,32137,100,0,,,100,3,,,,,,,,,,,,,,,,,,,,,,,,,,,,,,,100,0,100,0,100,0,100,0,100,0,80,20,100,0,100,0,95,10158,20,20,,,,,100,0,100,0,200,0,,,,,,,,,,,,,,,,,,,,,,,,,,,100,31978,100,51116602312,100,142676272450,,,,,,,,,,
2019-07-21,Z304HTDN,ST4000DM000,4000787030016,0,118,187031312,,,97,0,100,3,100,0,87,536719109,,,64,32161,100,0,,,100,3,,,,,,,,,,,,,,,,,,,,,,,,,,,,,,,100,0,100,0,100,0,100,0,100,0,80,20,100,0,100,0,95,10158,20,20,,,,,100,0,100,0,200,0,,,,,,,,,,,,,,,,,,,,,,,,,,,100,32003,100,51135149016,100,142762758934,,,,,,,,,,
2019-07-22,Z304HTDN,ST4000DM000,4000787030016,0,116,114977808,,,97,0,100,3,100,0,87,537776136,,,64,32185,100,0,,,100,3,,,,,,,,,,,,,,,,,,,,,,,,,,,,,,,100,0,100,0,100,0,100,0,100,0,79,21,100,0,100,0,95,10158,21,21,,,,,100,0,100,0,200,0,,,,,,,,,,,,,,,,,,,,,,,,,,,100,32027,100,51147577712,100,142886803277,,,,,,,,,,
2019-07-23,Z304HTDN,ST4000DM000,4000787030016,0,107,14463984,,,97,0,100,3,100,0,87,539887832,,,64,32210,100,0,,,100,3,,,,,,,,,,,,,,,,,,,,,,,,,,,,,,,100,0,100,0,100,0,100,0,100,0,79,21,100,0,100,0,95,10158,21,21,,,,,100,0,100,0,200,0,,,,,,,,,,,,,,,,,,,,,,,,,,,100,32051,100,51167837880,100,143019947706,,,,,,,,,,
2019-07-24,Z304HTDN,ST4000DM000,4000787030016,0,118,170737096,,,97,0,100,3,100,0,87,540807015,,,64,32234,100,0,,,100,3,,,,,,,,,,,,,,,,,,,,,,,,,,,,,,,100,0,100,0,100,0,100,0,100,0,79,21,100,0,100,0,95,10158,21,21,,,,,100,0,100,0,200,0,,,,,,,,,,,,,,,,,,,,,,,,,,,100,32075,100,51183200272,100,143087877709,,,,,,,,,,
2019-07-25,Z304HTDN,ST4000DM000,4000787030016,0,115,98203888,,,97,0,100,3,100,0,87,542600838,,,64,32258,100,0,,,100,3,,,,,,,,,,,,,,,,,,,,,,,,,,,,,,,100,0,100,0,100,0,100,0,100,0,79,21,100,0,100,0,95,10161,21,21,,,,,100,0,100,0,200,0,,,,,,,,,,,,,,,,,,,,,,,,,,,100,32099,100,51200897872,100,143272838104,,,,,,,,,,
2019-07-26,Z304HTDN,ST4000DM000,4000787030016,0,119,210598944,,,97,0,100,3,100,0,87,544307818,,,64,32282,100,0,,,100,3,,,,,,,,,,,,,,,,,,,,,,,,,,,,,,,100,0,100,0,100,0,100,0,100,0,79,21,100,0,100,0,95,10163,21,21,,,,,100,0,100,0,200,0,,,,,,,,,,,,,,,,,,,,,,,,,,,100,32123,100,51223399104,100,143399792033,,,,,,,,,,
2019-07-27,Z304HTDN,ST4000DM000,4000787030016,0,117,145492152,,,97,0,100,3,100,0,87,545845373,,,64,32306,100,0,,,100,3,,,,,,,,,,,,,,,,,,,,,,,,,,,,,,,100,0,100,0,100,0,100,0,100,0,79,21,100,0,100,0,95,10163,21,21,,,,,100,0,100,0,200,0,,,,,,,,,,,,,,,,,,,,,,,,,,,100,32147,100,51242048560,100,143576807099,,,,,,,,,,
2019-07-28,Z304HTDN,ST4000DM000,4000787030016,0,112,45353136,,,97,0,100,3,100,0,87,546822939,,,64,32330,100,0,,,100,3,,,,,,,,,,,,,,,,,,,,,,,,,,,,,,,100,0,100,0,100,0,100,0,100,0,79,21,100,0,100,0,95,10163,21,21,,,,,100,0,100,0,200,0,,,,,,,,,,,,,,,,,,,,,,,,,,,100,32172,100,51259352760,100,143683083848,,,,,,,,,,
2019-07-29,Z304HTDN,ST4000DM000,4000787030016,0,117,119919456,,,97,0,100,3,100,0,87,549245061,,,64,32355,100,0,,,100,3,,,,,,,,,,,,,,,,,,,,,,,,,,,,,,,100,0,100,0,100,0,100,0,100,0,79,21,100,0,100,0,95,10163,21,21,,,,,100,0,100,0,200,0,,,,,,,,,,,,,,,,,,,,,,,,,,,100,32196,100,51274054280,100,143923606072,,,,,,,,,,
2019-07-30,Z304HTDN,ST4000DM000,4000787030016,0,107,13612584,,,97,0,100,3,100,0,87,551846946,,,64,32379,100,0,,,100,3,,,,,,,,,,,,,,,,,,,,,,,,,,,,,,,100,0,100,0,100,0,100,0,100,0,79,21,100,0,100,0,95,10163,21,21,,,,,100,0,100,0,200,0,,,,,,,,,,,,,,,,,,,,,,,,,,,100,32220,100,51301667496,100,144145969424,,,,,,,,,,
2019-07-31,Z304HTDN,ST4000DM000,4000787030016,0,115,91430512,,,97,0,100,3,100,0,87,554168108,,,64,32403,100,0,,,100,3,,,,,,,,,,,,,,,,,,,,,,,,,,,,,,,100,0,100,0,100,0,100,0,100,0,80,20,100,0,100,0,95,10163,20,20,,,,,100,0,100,0,200,0,,,,,,,,,,,,,,,,,,,,,,,,,,,100,32244,100,51323129368,100,144410235562,,,,,,,,,,
2019-08-01,Z304HTDN,ST4000DM000,4000787030016,0,118,190588960,,,97,0,100,3,100,0,87,556576958,,,63,32427,100,0,,,100,3,,,,,,,,,,,,,,,,,,,,,,,,,,,,,,,100,0,100,0,100,0,100,0,100,0,80,20,100,0,100,0,95,10163,20,20,,,,,100,0,100,0,200,0,,,,,,,,,,,,,,,,,,,,,,,,,,,100,32268,100,51340076504,100,144552344480,,,,,,,,,,
2019-08-02,Z304HTDN,ST4000DM000,4000787030016,0,106,12443704,,,97,0,100,3,100,0,87,557967478,,,63,32451,100,0,,,100,3,,,,,,,,,,,,,,,,,,,,,,,,,,,,,,,100,0,100,0,100,0,100,0,100,0,80,20,100,0,100,0,95,10163,20,20,,,,,100,0,100,0,200,0,,,,,,,,,,,,,,,,,,,,,,,,,,,100,32292,100,51356307480,100,144658845924,,,,,,,,,,
2019-08-03,Z304HTDN,ST4000DM000,4000787030016,0,117,153276216,,,97,0,100,3,100,0,87,559144998,,,63,32475,100,0,,,100,3,,,,,,,,,,,,,,,,,,,,,,,,,,,,,,,100,0,100,0,100,0,100,0,100,0,80,20,100,0,100,0,95,10163,20,20,,,,,100,0,100,0,200,0,,,,,,,,,,,,,,,,,,,,,,,,,,,100,32316,100,51386767888,100,144819877728,,,,,,,,,,
2019-08-04,Z304HTDN,ST4000DM000,4000787030016,0,116,106020120,,,97,0,100,3,100,0,87,560426194,,,63,32499,100,0,,,100,3,,,,,,,,,,,,,,,,,,,,,,,,,,,,,,,100,0,100,0,100,0,100,0,100,0,80,20,100,0,100,0,95,10163,20,20,,,,,100,0,100,0,200,0,,,,,,,,,,,,,,,,,,,,,,,,,,,100,32340,100,51400190256,100,145020252968,,,,,,,,,,
2019-08-05,Z304HTDN,ST4000DM000,4000787030016,0,117,141158840,,,97,0,100,3,100,0,87,562139295,,,63,32523,100,0,,,100,3,,,,,,,,,,,,,,,,,,,,,,,,,,,,,,,100,0,100,0,100,0,100,0,100,0,80,20,100,0,100,0,95,10163,20,20,,,,,100,0,100,0,200,0,,,,,,,,,,,,,,,,,,,,,,,,,,,100,32364,100,51415463904,100,145268182980,,,,,,,,,,
2019-08-06,Z304HTDN,ST4000DM000,4000787030016,0,117,135414760,,,97,0,100,3,100,0,87,564848047,,,63,32547,100,0,,,100,3,,,,,,,,,,,,,,,,,,,,,,,,,,,,,,,100,0,100,0,100,0,100,0,100,0,80,20,100,0,100,0,95,10163,20,20,,,,,100,0,100,0,200,0,,,,,,,,,,,,,,,,,,,,,,,,,,,100,32389,100,51435979144,100,145491594511,,,,,,,,,,
2019-08-07,Z304HTDN,ST4000DM000,4000787030016,0,117,166026736,,,97,0,100,3,100,0,87,565616386,,,63,32560,100,0,,,100,3,,,,,,,,,,,,,,,,,,,,,,,,,,,,,,,100,0,100,0,100,0,100,0,100,0,79,21,100,0,100,0,95,10163,21,21,,,,,100,0,100,0,200,0,,,,,,,,,,,,,,,,,,,,,,,,,,,100,32401,100,51448742512,100,145594651601,,,,,,,,,,
2019-08-08,Z304HTDN,ST4000DM000,4000787030016,0,117,133895456,,,97,0,100,3,100,0,87,567259725,,,63,32584,100,0,,,100,3,,,,,,,,,,,,,,,,,,,,,,,,,,,,,,,100,0,100,0,100,0,100,0,100,0,79,21,100,0,100,0,95,10164,21,21,,,,,100,0,100,0,200,0,,,,,,,,,,,,,,,,,,,,,,,,,,,100,32425,100,51466529960,100,145834368848,,,,,,,,,,
2019-08-09,Z304HTDN,ST4000DM000,4000787030016,0,116,114678464,,,97,0,100,3,100,0,87,569313676,,,63,32608,100,0,,,100,3,,,,,,,,,,,,,,,,,,,,,,,,,,,,,,,100,0,100,0,100,0,100,0,100,0,79,21,100,0,100,0,95,10164,21,21,,,,,100,0,100,0,200,0,,,,,,,,,,,,,,,,,,,,,,,,,,,100,32449,100,51485597368,100,145969044106,,,,,,,,,,
2019-08-10,Z304HTDN,ST4000DM000,4000787030016,0,119,205095328,,,97,0,100,3,100,0,87,570821606,,,63,32632,100,0,,,100,3,,,,,,,,,,,,,,,,,,,,,,,,,,,,,,,100,0,100,0,100,0,100,0,100,0,79,21,100,0,100,0,95,10164,21,21,,,,,100,0,100,0,200,0,,,,,,,,,,,,,,,,,,,,,,,,,,,100,32473,100,51514144168,100,146173445580,,,,,,,,,,
2019-08-11,Z304HTDN,ST4000DM000,4000787030016,0,120,242648792,,,97,0,100,3,100,0,87,572688072,,,63,32656,100,0,,,100,3,,,,,,,,,,,,,,,,,,,,,,,,,,,,,,,100,0,100,0,100,0,100,0,100,0,79,21,100,0,100,0,95,10164,21,21,,,,,100,0,100,0,200,0,,,,,,,,,,,,,,,,,,,,,,,,,,,100,32497,100,51532164560,100,146457904090,,,,,,,,,,
2019-08-12,Z304HTDN,ST4000DM000,4000787030016,0,114,82895184,,,97,0,100,3,100,0,87,573833723,,,63,32680,100,0,,,100,3,,,,,,,,,,,,,,,,,,,,,,,,,,,,,,,100,0,100,0,100,0,100,0,100,0,79,21,100,0,100,0,95,10164,21,21,,,,,100,0,100,0,200,0,,,,,,,,,,,,,,,,,,,,,,,,,,,100,32521,100,51550199232,100,146651181352,,,,,,,,,,
2019-08-13,Z304HTDN,ST4000DM000,4000787030016,0,116,100903352,,,97,0,100,3,100,0,87,575418573,,,63,32704,100,0,,,100,3,,,,,,,,,,,,,,,,,,,,,,,,,,,,,,,100,0,100,0,100,0,100,0,100,0,79,21,100,0,100,0,95,10164,21,21,,,,,100,0,100,0,200,0,,,,,,,,,,,,,,,,,,,,,,,,,,,100,32545,100,51587680632,100,147008308488,,,,,,,,,,
2019-08-14,Z304HTDN,ST4000DM000,4000787030016,0,118,181010144,,,97,0,100,3,100,0,87,577948248,,,63,32740,100,0,,,100,3,,,,,,,,,,,,,,,,,,,,,,,,,,,,,,,100,0,100,0,100,0,100,0,100,0,80,20,100,0,100,0,95,10164,20,20,,,,,100,0,100,0,200,0,,,,,,,,,,,,,,,,,,,,,,,,,,,100,32581,100,51628360896,100,147460453933,,,,,,,,,,
2019-08-15,Z304HTDN,ST4000DM000,4000787030016,0,111,36749024,,,97,0,100,3,100,0,87,579810073,,,63,32764,100,0,,,100,3,,,,,,,,,,,,,,,,,,,,,,,,,,,,,,,100,0,100,0,100,0,100,0,100,0,79,21,100,0,100,0,95,10164,21,21,,,,,100,0,100,0,200,0,,,,,,,,,,,,,,,,,,,,,,,,,,,100,32605,100,51649349072,100,147666795857,,,,,,,,,,
2019-08-16,Z304HTDN,ST4000DM000,4000787030016,0,112,42024624,,,97,0,100,3,100,0,87,581923133,,,63,32788,100,0,,,100,3,,,,,,,,,,,,,,,,,,,,,,,,,,,,,,,100,0,100,0,100,0,100,0,100,0,80,20,100,0,100,0,95,10164,20,20,,,,,100,0,100,0,200,0,,,,,,,,,,,,,,,,,,,,,,,,,,,100,32629,100,51676515672,100,147941492971,,,,,,,,,,
2019-08-17,Z304HTDN,ST4000DM000,4000787030016,0,117,166257288,,,97,0,100,3,100,0,87,584003365,,,63,32812,100,0,,,100,3,,,,,,,,,,,,,,,,,,,,,,,,,,,,,,,100,0,100,0,100,0,100,0,100,0,79,21,100,0,100,0,95,10164,21,21,,,,,100,0,100,0,200,0,,,,,,,,,,,,,,,,,,,,,,,,,,,100,32653,100,51692462152,100,148207988137,,,,,,,,,,
2019-08-18,Z304HTDN,ST4000DM000,4000787030016,0,120,242649304,,,97,0,100,3,100,0,87,585651663,,,63,32836,100,0,,,100,3,,,,,,,,,,,,,,,,,,,,,,,,,,,,,,,100,0,100,0,100,0,100,0,100,0,79,21,100,0,100,0,95,10164,21,21,,,,,100,0,100,0,200,0,,,,,,,,,,,,,,,,,,,,,,,,,,,100,32677,100,51715059128,100,148469645177,,,,,,,,,,
2019-08-19,Z304HTDN,ST4000DM000,4000787030016,0,116,105665648,,,97,0,100,3,100,0,87,587184398,,,63,32861,100,0,,,100,3,,,,,,,,,,,,,,,,,,,,,,,,,,,,,,,100,0,100,0,100,0,100,0,100,0,79,21,100,0,100,0,95,10164,21,21,,,,,100,0,100,0,200,0,,,,,,,,,,,,,,,,,,,,,,,,,,,100,32702,100,51732542208,100,148697161927,,,,,,,,,,
2019-08-20,Z304HTDN,ST4000DM000,4000787030016,0,119,231020808,,,97,0,100,3,100,0,87,590389925,,,63,32885,100,0,,,100,3,,,,,,,,,,,,,,,,,,,,,,,,,,,,,,,100,0,100,0,100,0,100,0,100,0,79,21,100,0,100,0,95,10164,21,21,,,,,100,0,100,0,200,0,,,,,,,,,,,,,,,,,,,,,,,,,,,100,32726,100,51757973568,100,148966601709,,,,,,,,,,
2019-08-21,Z304HTDN,ST4000DM000,4000787030016,0,119,232220904,,,97,0,100,3,100,0,87,590671067,,,63,32897,100,0,,,100,3,,,,,,,,,,,,,,,,,,,,,,,,,,,,,,,100,0,100,0,100,0,100,0,100,0,79,21,100,0,100,0,95,10164,21,21,,,,,100,0,100,0,200,0,,,,,,,,,,,,,,,,,,,,,,,,,,,100,32738,100,51766131152,100,148991988443,,,,,,,,,,
2019-08-22,Z304HTDN,ST4000DM000,4000787030016,0,107,14652256,,,97,0,100,3,100,0,87,592148656,,,63,32921,100,0,,,100,3,,,,,,,,,,,,,,,,,,,,,,,,,,,,,,,100,0,100,0,100,0,100,0,100,0,79,21,100,0,100,0,95,10165,21,21,,,,,100,0,100,0,200,0,,,,,,,,,,,,,,,,,,,,,,,,,,,100,32762,100,51780014088,100,149227168994,,,,,,,,,,
2019-08-23,Z304HTDN,ST4000DM000,4000787030016,0,114,60460792,,,97,0,100,3,100,0,87,593679820,,,63,32944,100,0,,,100,3,,,,,,,,,,,,,,,,,,,,,,,,,,,,,,,100,0,100,0,100,0,100,0,100,0,79,21,100,0,100,0,95,10166,21,21,,,,,100,0,100,0,200,0,,,,,,,,,,,,,,,,,,,,,,,,,,,100,32786,100,51799502224,100,149428868200,,,,,,,,,,
2019-08-24,Z304HTDN,ST4000DM000,4000787030016,0,118,197275560,,,97,0,100,3,100,0,87,597052222,,,63,32968,100,0,,,100,3,,,,,,,,,,,,,,,,,,,,,,,,,,,,,,,100,0,100,0,100,0,100,0,100,0,79,21,100,0,100,0,95,10166,21,21,,,,,100,0,100,0,200,0,,,,,,,,,,,,,,,,,,,,,,,,,,,100,32810,100,51826850920,100,149694844057,,,,,,,,,,
2019-08-25,Z304HTDN,ST4000DM000,4000787030016,0,119,214451272,,,97,0,100,3,100,0,87,598371463,,,63,32993,100,0,,,100,3,,,,,,,,,,,,,,,,,,,,,,,,,,,,,,,100,0,100,0,100,0,100,0,100,0,79,21,100,0,100,0,95,10166,21,21,,,,,100,0,100,0,200,0,,,,,,,,,,,,,,,,,,,,,,,,,,,100,32834,100,51844706944,100,149852803159,,,,,,,,,,
2019-08-26,Z304HTDN,ST4000DM000,4000787030016,0,118,169544720,,,96,0,100,4,100,0,87,602405916,,,63,33053,100,0,,,100,4,,,,,,,,,,,,,,,,,,,,,,,,,,,,,,,100,0,100,0,100,0,100,0,100,0,79,21,100,0,100,0,95,10174,21,21,,,,,100,0,100,0,200,0,,,,,,,,,,,,,,,,,,,,,,,,,,,100,32893,100,51891228400,100,150211044538,,,,,,,,,,
2019-08-27,Z304HTDN,ST4000DM000,4000787030016,0,118,169544720,,,96,0,100,4,100,0,87,602405916,,,63,33053,100,0,,,100,4,,,,,,,,,,,,,,,,,,,,,,,,,,,,,,,100,0,100,0,100,0,100,0,100,0,79,21,100,0,100,0,95,10174,21,21,,,,,100,0,100,0,200,0,,,,,,,,,,,,,,,,,,,,,,,,,,,100,32893,100,51891228400,100,150211044538,,,,,,,,,,
2019-08-28,Z304HTDN,ST4000DM000,4000787030016,0,106,11501800,,,96,0,100,4,100,0,87,603055040,,,63,33077,100,0,,,100,4,,,,,,,,,,,,,,,,,,,,,,,,,,,,,,,100,0,100,0,100,0,100,0,100,0,79,21,100,0,100,0,95,10174,21,21,,,,,100,0,100,0,200,0,,,,,,,,,,,,,,,,,,,,,,,,,,,100,32917,100,51911561416,100,150258337034,,,,,,,,,,
2019-08-29,Z304HTDN,ST4000DM000,4000787030016,0,118,173381808,,,96,0,100,4,100,0,87,604413526,,,63,33100,100,0,,,100,4,,,,,,,,,,,,,,,,,,,,,,,,,,,,,,,100,0,100,0,100,0,100,0,100,0,78,22,100,0,100,0,95,10174,22,22,,,,,100,0,100,0,200,0,,,,,,,,,,,,,,,,,,,,,,,,,,,100,32941,100,51929936928,100,150328902328,,,,,,,,,,
2019-08-30,Z304HTDN,ST4000DM000,4000787030016,0,119,214882848,,,96,0,100,4,100,0,87,606141523,,,63,33124,100,0,,,100,4,,,,,,,,,,,,,,,,,,,,,,,,,,,,,,,100,0,100,0,100,0,100,0,100,0,78,22,100,0,100,0,95,10174,22,22,,,,,100,0,100,0,200,0,,,,,,,,,,,,,,,,,,,,,,,,,,,100,32965,100,51961098080,100,150468653799,,,,,,,,,,
2019-08-31,Z304HTDN,ST4000DM000,4000787030016,0,117,166450632,,,95,0,100,5,100,0,87,607744206,,,63,33149,100,0,,,100,5,,,,,,,,,,,,,,,,,,,,,,,,,,,,,,,100,0,100,0,100,0,100,0,100,0,79,21,100,0,100,0,95,10181,21,21,,,,,100,0,100,0,200,0,,,,,,,,,,,,,,,,,,,,,,,,,,,100,32990,100,51979694080,100,150668551929,,,,,,,,,,
2019-09-01,Z304HTDN,ST4000DM000,4000787030016,0,115,96490704,,,95,0,100,5,100,0,87,609030294,,,63,33173,100,0,,,100,5,,,,,,,,,,,,,,,,,,,,,,,,,,,,,,,100,0,100,0,100,0,100,0,100,0,79,21,100,0,100,0,95,10181,21,21,,,,,100,0,100,0,200,0,,,,,,,,,,,,,,,,,,,,,,,,,,,100,33014,100,52001477280,100,150793180047,,,,,,,,,,
2019-09-02,Z304HTDN,ST4000DM000,4000787030016,0,103,6012160,,,95,0,100,5,100,0,87,610530776,,,63,33197,100,0,,,100,5,,,,,,,,,,,,,,,,,,,,,,,,,,,,,,,100,0,100,0,100,0,100,0,100,0,79,21,100,0,100,0,95,10181,21,21,,,,,100,0,100,0,200,0,,,,,,,,,,,,,,,,,,,,,,,,,,,100,33038,100,52017144824,100,150970809867,,,,,,,,,,
2019-09-03,Z304HTDN,ST4000DM000,4000787030016,0,117,144462752,,,95,0,100,5,100,0,87,614087286,,,63,33221,100,0,,,100,5,,,,,,,,,,,,,,,,,,,,,,,,,,,,,,,100,0,100,0,100,0,100,0,100,0,78,22,100,0,100,0,95,10181,22,22,,,,,100,0,100,0,200,0,,,,,,,,,,,,,,,,,,,,,,,,,,,100,33062,100,52037097376,100,151211048638,,,,,,,,,,
2019-09-04,Z304HTDN,ST4000DM000,4000787030016,0,120,239170024,,,95,0,100,5,100,0,87,615498823,,,63,33245,100,0,,,100,5,,,,,,,,,,,,,,,,,,,,,,,,,,,,,,,100,0,100,0,100,0,100,0,100,0,78,22,100,0,100,0,95,10181,22,22,,,,,100,0,100,0,200,0,,,,,,,,,,,,,,,,,,,,,,,,,,,100,33086,100,52059072424,100,151444566370,,,,,,,,,,
2019-09-05,Z304HTDN,ST4000DM000,4000787030016,0,119,229977368,,,95,0,100,5,100,0,87,616207115,,,63,33257,100,0,,,100,5,,,,,,,,,,,,,,,,,,,,,,,,,,,,,,,100,0,100,0,100,0,100,0,100,0,79,21,100,0,100,0,95,10181,21,21,,,,,100,0,100,0,200,0,,,,,,,,,,,,,,,,,,,,,,,,,,,100,33098,100,52067204376,100,151557956624,,,,,,,,,,
2019-09-06,Z304HTDN,ST4000DM000,4000787030016,0,114,82813312,,,95,0,100,5,100,0,87,617667675,,,63,33281,100,0,,,100,5,,,,,,,,,,,,,,,,,,,,,,,,,,,,,,,100,0,100,0,100,0,100,0,100,0,79,21,100,0,100,0,95,10182,21,21,,,,,100,0,100,0,200,0,,,,,,,,,,,,,,,,,,,,,,,,,,,100,33122,100,52083469392,100,151725796885,,,,,,,,,,
2019-09-07,Z304HTDN,ST4000DM000,4000787030016,0,119,229447512,,,95,0,100,5,100,0,87,618790054,,,62,33305,100,0,,,100,5,,,,,,,,,,,,,,,,,,,,,,,,,,,,,,,100,0,100,0,100,0,100,0,100,0,78,22,100,0,100,0,95,10182,22,22,,,,,100,0,100,0,200,0,,,,,,,,,,,,,,,,,,,,,,,,,,,100,33146,100,52106588960,100,151876054852,,,,,,,,,,
2019-09-08,Z304HTDN,ST4000DM000,4000787030016,0,117,136137584,,,95,0,100,5,100,0,87,619937235,,,62,33329,100,0,,,100,5,,,,,,,,,,,,,,,,,,,,,,,,,,,,,,,100,0,100,0,100,0,100,0,100,0,78,22,100,0,100,0,95,10182,22,22,,,,,100,0,100,0,200,0,,,,,,,,,,,,,,,,,,,,,,,,,,,100,33170,100,52123409632,100,152050361248,,,,,,,,,,
2019-09-09,Z304HTDN,ST4000DM000,4000787030016,0,111,35551776,,,95,0,100,5,100,0,87,621676287,,,62,33353,100,0,,,100,5,,,,,,,,,,,,,,,,,,,,,,,,,,,,,,,100,0,100,0,100,0,100,0,100,0,78,22,100,0,100,0,95,10182,22,22,,,,,100,0,100,0,200,0,,,,,,,,,,,,,,,,,,,,,,,,,,,100,33194,100,52139530784,100,152301426262,,,,,,,,,,
2019-09-10,Z304HTDN,ST4000DM000,4000787030016,0,118,179824552,,,95,0,100,5,100,0,87,623754419,,,62,33377,100,0,,,100,5,,,,,,,,,,,,,,,,,,,,,,,,,,,,,,,100,0,100,0,100,0,100,0,100,0,78,22,100,0,100,0,95,10182,22,22,,,,,100,0,100,0,200,0,,,,,,,,,,,,,,,,,,,,,,,,,,,100,33218,100,52163156616,100,152506431497,,,,,,,,,,
2019-09-11,Z304HTDN,ST4000DM000,4000787030016,0,119,222118384,,,95,0,100,5,100,0,87,626805509,,,62,33413,100,0,,,100,5,,,,,,,,,,,,,,,,,,,,,,,,,,,,,,,100,0,100,0,100,0,100,0,100,0,78,22,100,0,100,0,95,10182,22,22,,,,,100,0,100,0,200,0,,,,,,,,,,,,,,,,,,,,,,,,,,,100,33253,100,52200009016,100,152823209710,,,,,,,,,,
2019-09-12,Z304HTDN,ST4000DM000,4000787030016,0,107,14510544,,,95,0,100,5,100,0,87,628648276,,,62,33437,100,0,,,100,5,,,,,,,,,,,,,,,,,,,,,,,,,,,,,,,100,0,100,0,100,0,100,0,100,0,79,21,100,0,100,0,95,10182,21,21,,,,,100,0,100,0,200,0,,,,,,,,,,,,,,,,,,,,,,,,,,,100,33277,100,52219865008,100,153007093026,,,,,,,,,,
2019-09-13,Z304HTDN,ST4000DM000,4000787030016,0,116,108115288,,,95,0,100,5,100,0,87,631373263,,,62,33461,100,0,,,100,5,,,,,,,,,,,,,,,,,,,,,,,,,,,,,,,100,0,100,0,100,0,100,0,100,0,78,22,100,0,100,0,95,10182,22,22,,,,,100,0,100,0,200,0,,,,,,,,,,,,,,,,,,,,,,,,,,,100,33301,100,52251252928,100,153183814602,,,,,,,,,,
2019-09-14,Z304HTDN,ST4000DM000,4000787030016,0,118,169501264,,,95,0,100,5,100,0,87,633840627,,,62,33485,100,0,,,100,5,,,,,,,,,,,,,,,,,,,,,,,,,,,,,,,100,0,100,0,100,0,100,0,100,0,78,22,100,0,100,0,95,10182,22,22,,,,,100,0,100,0,200,0,,,,,,,,,,,,,,,,,,,,,,,,,,,100,33326,100,52278221896,100,153435934668,,,,,,,,,,
2019-09-15,Z304HTDN,ST4000DM000,4000787030016,0,117,124495120,,,95,0,100,5,100,0,87,635142971,,,62,33509,100,0,,,100,5,,,,,,,,,,,,,,,,,,,,,,,,,,,,,,,100,0,100,0,100,0,100,0,100,0,79,21,100,0,100,0,95,10182,21,21,,,,,100,0,100,0,200,0,,,,,,,,,,,,,,,,,,,,,,,,,,,100,33350,100,52301662504,100,153626844331,,,,,,,,,,
2019-09-16,Z304HTDN,ST4000DM000,4000787030016,0,105,7688920,,,95,0,100,5,100,0,87,636365415,,,62,33533,100,0,,,100,5,,,,,,,,,,,,,,,,,,,,,,,,,,,,,,,100,0,100,0,100,0,100,0,100,0,79,21,100,0,100,0,95,10182,21,21,,,,,100,0,100,0,200,0,,,,,,,,,,,,,,,,,,,,,,,,,,,100,33374,100,52326783696,100,153965700355,,,,,,,,,,
2019-09-17,Z304HTDN,ST4000DM000,4000787030016,0,109,23052200,,,95,0,100,5,100,0,87,638854070,,,62,33557,100,0,,,100,5,,,,,,,,,,,,,,,,,,,,,,,,,,,,,,,100,0,100,0,100,0,100,0,100,0,78,22,100,0,100,0,95,10182,22,22,,,,,100,0,100,0,200,0,,,,,,,,,,,,,,,,,,,,,,,,,,,100,33398,100,52358953976,100,154316089745,,,,,,,,,,
2019-09-18,Z304HTDN,ST4000DM000,4000787030016,0,118,184023472,,,95,0,100,5,100,0,87,639429460,,,62,33569,100,0,,,100,5,,,,,,,,,,,,,,,,,,,,,,,,,,,,,,,100,0,100,0,100,0,100,0,100,0,78,22,100,0,100,0,95,10182,22,22,,,,,100,0,100,0,200,0,,,,,,,,,,,,,,,,,,,,,,,,,,,100,33410,100,52372312976,100,154438790594,,,,,,,,,,
2019-09-19,Z304HTDN,ST4000DM000,4000787030016,0,119,206880528,,,95,0,100,5,100,0,87,641231528,,,62,33593,100,0,,,100,5,,,,,,,,,,,,,,,,,,,,,,,,,,,,,,,100,0,100,0,100,0,100,0,100,0,79,21,100,0,100,0,95,10182,21,21,,,,,100,0,100,0,200,0,,,,,,,,,,,,,,,,,,,,,,,,,,,100,33434,100,52400032960,100,154730015330,,,,,,,,,,
2019-09-20,Z304HTDN,ST4000DM000,4000787030016,0,116,116447688,,,95,0,100,5,100,0,87,643408255,,,62,33618,100,0,,,100,5,,,,,,,,,,,,,,,,,,,,,,,,,,,,,,,100,0,100,0,100,0,100,0,100,0,78,22,100,0,100,0,95,10182,22,22,,,,,100,0,100,0,200,0,,,,,,,,,,,,,,,,,,,,,,,,,,,100,33458,100,52430659360,100,154862485891,,,,,,,,,,
2019-09-21,Z304HTDN,ST4000DM000,4000787030016,0,117,120543584,,,95,0,100,5,100,0,87,645912142,,,62,33642,100,0,,,100,5,,,,,,,,,,,,,,,,,,,,,,,,,,,,,,,100,0,100,0,100,0,100,0,100,0,78,22,100,0,100,0,95,10182,22,22,,,,,100,0,100,0,200,0,,,,,,,,,,,,,,,,,,,,,,,,,,,100,33482,100,52457076888,100,155181645878,,,,,,,,,,
2019-09-22,Z304HTDN,ST4000DM000,4000787030016,0,115,97246800,,,95,0,100,5,100,0,87,647406854,,,62,33666,100,0,,,100,5,,,,,,,,,,,,,,,,,,,,,,,,,,,,,,,100,0,100,0,100,0,100,0,100,0,79,21,100,0,100,0,95,10182,21,21,,,,,100,0,100,0,200,0,,,,,,,,,,,,,,,,,,,,,,,,,,,100,33506,100,52485903040,100,155384453972,,,,,,,,,,
2019-09-23,Z304HTDN,ST4000DM000,4000787030016,0,116,107107328,,,95,0,100,5,100,0,87,649058733,,,62,33690,100,0,,,100,5,,,,,,,,,,,,,,,,,,,,,,,,,,,,,,,100,0,100,0,100,0,100,0,100,0,79,21,100,0,100,0,95,10182,21,21,,,,,100,0,100,0,200,0,,,,,,,,,,,,,,,,,,,,,,,,,,,100,33531,100,52511327688,100,155628312883,,,,,,,,,,
2019-09-24,Z304HTDN,ST4000DM000,4000787030016,0,115,97756856,,,95,0,100,5,100,0,87,651610910,,,62,33714,100,0,,,100,5,,,,,,,,,,,,,,,,,,,,,,,,,,,,,,,100,0,100,0,100,0,100,0,100,0,79,21,100,0,100,0,95,10182,21,21,,,,,100,0,100,0,200,0,,,,,,,,,,,,,,,,,,,,,,,,,,,100,33555,100,52538959184,100,155886985349,,,,,,,,,,
2019-09-25,Z304HTDN,ST4000DM000,4000787030016,0,118,180225512,,,95,0,100,5,100,0,87,653290082,,,62,33738,100,0,,,100,5,,,,,,,,,,,,,,,,,,,,,,,,,,,,,,,100,0,100,0,100,0,100,0,100,0,79,21,100,0,100,0,95,10182,21,21,,,,,100,0,100,0,200,0,,,,,,,,,,,,,,,,,,,,,,,,,,,100,33579,100,52557461000,100,155993546851,,,,,,,,,,
2019-09-26,Z304HTDN,ST4000DM000,4000787030016,0,119,220962728,,,95,0,100,5,100,0,87,655347267,,,62,33762,100,0,,,100,5,,,,,,,,,,,,,,,,,,,,,,,,,,,,,,,100,0,100,0,100,0,100,0,100,0,78,22,100,0,100,0,95,10183,22,22,,,,,100,0,100,0,200,0,,,,,,,,,,,,,,,,,,,,,,,,,,,100,33603,100,52573039928,100,156276968530,,,,,,,,,,
2019-09-27,Z304HTDN,ST4000DM000,4000787030016,0,117,143615608,,,95,0,100,5,100,0,87,656710797,,,62,33786,100,0,,,100,5,,,,,,,,,,,,,,,,,,,,,,,,,,,,,,,100,0,100,0,100,0,100,0,100,0,78,22,100,0,100,0,95,10185,22,22,,,,,100,0,100,0,200,0,,,,,,,,,,,,,,,,,,,,,,,,,,,100,33627,100,52590838104,100,156311144080,,,,,,,,,,
2019-09-28,Z304HTDN,ST4000DM000,4000787030016,0,117,159928016,,,95,0,100,5,100,0,87,658161825,,,62,33810,100,0,,,100,5,,,,,,,,,,,,,,,,,,,,,,,,,,,,,,,100,0,100,0,100,0,100,0,100,0,78,22,100,0,100,0,95,10185,22,22,,,,,100,0,100,0,200,0,,,,,,,,,,,,,,,,,,,,,,,,,,,100,33651,100,52613444344,100,156483805386,,,,,,,,,,
2019-09-29,Z304HTDN,ST4000DM000,4000787030016,0,118,169465248,,,95,0,100,5,100,0,87,660218450,,,62,33834,100,0,,,100,5,,,,,,,,,,,,,,,,,,,,,,,,,,,,,,,100,0,100,0,100,0,100,0,100,0,78,22,100,0,100,0,95,10185,22,22,,,,,100,0,100,0,200,0,,,,,,,,,,,,,,,,,,,,,,,,,,,100,33675,100,52639608976,100,156740656331,,,,,,,,,,
2019-09-30,Z304HTDN,ST4000DM000,4000787030016,0,115,100040088,,,95,0,100,5,100,0,87,661342317,,,62,33858,100,0,,,100,5,,,,,,,,,,,,,,,,,,,,,,,,,,,,,,,100,0,100,0,100,0,100,0,100,0,78,22,100,0,100,0,95,10185,22,22,,,,,100,0,100,0,200,0,,,,,,,,,,,,,,,,,,,,,,,,,,,100,33699,100,52654190288,100,156868706364,,,,,,,,,,
2019-10-01,Z304HTDN,ST4000DM000,4000787030016,0,108,18327296,,,95,0,100,5,100,0,87,662645602,,,62,33882,100,0,,,100,5,,,,,,,,,,,,,,,,,,,,,,,,,,,,,,,,,100,0,100,0,100,0,100,0,100,0,78,22,100,0,100,0,95,10185,22,22,,,,,100,0,100,0,200,0,,,,,,,,,,,,,,,,,,,,,,,,,,,100,33723,100,52684235336,100,156953649745,,,,,,,,,,
2019-10-02,Z304HTDN,ST4000DM000,4000787030016,0,116,106302096,,,95,0,100,5,100,0,87,665115416,,,62,33906,100,0,,,100,5,,,,,,,,,,,,,,,,,,,,,,,,,,,,,,,,,100,0,100,0,100,0,100,0,100,0,79,21,100,0,100,0,95,10185,21,21,,,,,100,0,100,0,200,0,,,,,,,,,,,,,,,,,,,,,,,,,,,100,33747,100,52715626248,100,157125947168,,,,,,,,,,
2019-10-03,Z304HTDN,ST4000DM000,4000787030016,0,103,6237032,,,95,0,100,5,100,0,87,666117695,,,62,33930,100,0,,,100,5,,,,,,,,,,,,,,,,,,,,,,,,,,,,,,,,,100,0,100,0,100,0,100,0,100,0,79,21,100,0,100,0,95,10185,21,21,,,,,100,0,100,0,200,0,,,,,,,,,,,,,,,,,,,,,,,,,,,100,33771,100,52743698624,100,157227904019,,,,,,,,,,
2019-10-04,Z304HTDN,ST4000DM000,4000787030016,0,119,216428504,,,95,0,100,5,100,0,87,669259937,,,62,33954,100,0,,,100,5,,,,,,,,,,,,,,,,,,,,,,,,,,,,,,,,,100,0,100,0,100,0,100,0,100,0,79,21,100,0,100,0,95,10185,21,21,,,,,100,0,100,0,200,0,,,,,,,,,,,,,,,,,,,,,,,,,,,100,33795,100,52776697368,100,157293061211,,,,,,,,,,
2019-10-05,Z304HTDN,ST4000DM000,4000787030016,0,108,19120688,,,95,0,100,5,100,0,87,670504151,,,62,33978,100,0,,,100,5,,,,,,,,,,,,,,,,,,,,,,,,,,,,,,,,,100,0,100,0,100,0,100,0,100,0,79,21,100,0,100,0,95,10187,21,21,,,,,100,0,100,0,200,0,,,,,,,,,,,,,,,,,,,,,,,,,,,100,33818,100,52810254440,100,157385666352,,,,,,,,,,
2019-10-06,Z304HTDN,ST4000DM000,4000787030016,0,106,10798712,,,95,0,100,5,100,0,87,671043252,,,62,34001,100,0,,,100,5,,,,,,,,,,,,,,,,,,,,,,,,,,,,,,,,,100,0,100,0,100,0,100,0,100,0,79,21,100,0,100,0,95,10187,21,21,,,,,100,0,100,0,200,0,,,,,,,,,,,,,,,,,,,,,,,,,,,100,33842,100,52840026792,100,157404324288,,,,,,,,,,
2019-10-07,Z304HTDN,ST4000DM000,4000787030016,0,112,47023296,,,95,0,100,5,100,0,88,671569675,,,62,34025,100,0,,,100,5,,,,,,,,,,,,,,,,,,,,,,,,,,,,,,,,,100,0,100,0,100,0,100,0,100,0,79,21,100,0,100,0,95,10187,21,21,,,,,100,0,100,0,200,0,,,,,,,,,,,,,,,,,,,,,,,,,,,100,33866,100,52872771360,100,157420365171,,,,,,,,,,
2019-10-08,Z304HTDN,ST4000DM000,4000787030016,0,117,124618328,,,95,0,100,5,100,0,88,672478795,,,62,34049,100,0,,,100,5,,,,,,,,,,,,,,,,,,,,,,,,,,,,,,,,,100,0,100,0,100,0,100,0,100,0,78,22,100,0,100,0,95,10187,22,22,,,,,100,0,100,0,200,0,,,,,,,,,,,,,,,,,,,,,,,,,,,100,33890,100,52900189936,100,157464423030,,,,,,,,,,
2019-10-09,Z304HTDN,ST4000DM000,4000787030016,0,119,233298512,,,95,0,100,5,100,0,88,674263463,,,62,34073,100,0,,,100,5,,,,,,,,,,,,,,,,,,,,,,,,,,,,,,,,,100,0,100,0,100,0,100,0,100,0,78,22,100,0,100,0,95,10187,22,22,,,,,100,0,100,0,200,0,,,,,,,,,,,,,,,,,,,,,,,,,,,100,33914,100,52930550576,100,157542654499,,,,,,,,,,
2019-10-10,Z304HTDN,ST4000DM000,4000787030016,0,117,155629488,,,95,0,100,5,100,0,88,675061329,,,62,34097,100,0,,,100,5,,,,,,,,,,,,,,,,,,,,,,,,,,,,,,,,,100,0,100,0,100,0,100,0,100,0,78,22,100,0,100,0,95,10187,22,22,,,,,100,0,100,0,200,0,,,,,,,,,,,,,,,,,,,,,,,,,,,100,33938,100,52947448520,100,157623358491,,,,,,,,,,
2019-10-11,Z304HTDN,ST4000DM000,4000787030016,0,116,106178088,,,95,0,100,5,100,0,88,676264663,,,62,34121,100,0,,,100,5,,,,,,,,,,,,,,,,,,,,,,,,,,,,,,,,,100,0,100,0,100,0,100,0,100,0,78,22,100,0,100,0,95,10189,22,22,,,,,100,0,100,0,200,0,,,,,,,,,,,,,,,,,,,,,,,,,,,100,33962,100,52969360904,100,157722927602,,,,,,,,,,
2019-10-12,Z304HTDN,ST4000DM000,4000787030016,0,119,233811160,,,95,0,100,5,100,0,88,677106227,,,62,34145,100,0,,,100,5,,,,,,,,,,,,,,,,,,,,,,,,,,,,,,,,,100,0,100,0,100,0,100,0,100,0,79,21,100,0,100,0,95,10189,21,21,,,,,100,0,100,0,200,0,,,,,,,,,,,,,,,,,,,,,,,,,,,100,33986,100,52998886360,100,157793076795,,,,,,,,,,
2019-10-13,Z304HTDN,ST4000DM000,4000787030016,0,117,118293312,,,95,0,100,5,100,0,88,677748081,,,61,34169,100,0,,,100,5,,,,,,,,,,,,,,,,,,,,,,,,,,,,,,,,,100,0,100,0,100,0,100,0,100,0,79,21,100,0,100,0,95,10192,21,21,,,,,100,0,100,0,200,0,,,,,,,,,,,,,,,,,,,,,,,,,,,100,34010,100,53014464112,100,157846792982,,,,,,,,,,
2019-10-14,Z304HTDN,ST4000DM000,4000787030016,0,117,139471304,,,95,0,100,5,100,0,88,678567017,,,61,34193,100,0,,,100,5,,,,,,,,,,,,,,,,,,,,,,,,,,,,,,,,,100,0,100,0,100,0,100,0,100,0,79,21,100,0,100,0,95,10207,21,21,,,,,100,0,100,0,200,0,,,,,,,,,,,,,,,,,,,,,,,,,,,100,34033,100,53033470968,100,157922947087,,,,,,,,,,
2019-10-15,Z304HTDN,ST4000DM000,4000787030016,0,111,41590000,,,95,0,100,5,100,0,88,681348928,,,61,34240,100,0,,,100,5,,,,,,,,,,,,,,,,,,,,,,,,,,,,,,,,,100,0,100,0,100,0,100,0,100,0,79,21,100,0,100,0,95,10284,21,21,,,,,100,0,100,0,200,0,,,,,,,,,,,,,,,,,,,,,,,,,,,100,34081,100,53059720616,100,158085447239,,,,,,,,,,
2019-10-16,Z304HTDN,ST4000DM000,4000787030016,0,111,41590000,,,95,0,100,5,100,0,88,681348928,,,61,34240,100,0,,,100,5,,,,,,,,,,,,,,,,,,,,,,,,,,,,,,,,,100,0,100,0,100,0,100,0,100,0,79,21,100,0,100,0,95,10284,21,21,,,,,100,0,100,0,200,0,,,,,,,,,,,,,,,,,,,,,,,,,,,100,34081,100,53059720616,100,158085447239,,,,,,,,,,
2019-10-17,Z304HTDN,ST4000DM000,4000787030016,0,117,149513400,,,95,0,100,5,100,0,88,681910560,,,61,34264,100,0,,,100,5,,,,,,,,,,,,,,,,,,,,,,,,,,,,,,,,,100,0,100,0,100,0,100,0,100,0,79,21,100,0,100,0,95,10442,21,21,,,,,100,0,100,0,200,0,,,,,,,,,,,,,,,,,,,,,,,,,,,100,34104,100,53062814672,100,158142414995,,,,,,,,,,
2019-10-18,Z304HTDN,ST4000DM000,4000787030016,0,117,140068352,,,95,0,100,5,100,0,88,683462334,,,61,34288,100,0,,,100,5,,,,,,,,,,,,,,,,,,,,,,,,,,,,,,,,,100,0,100,0,100,0,100,0,100,0,79,21,100,0,100,0,95,10518,21,21,,,,,100,0,100,0,200,0,,,,,,,,,,,,,,,,,,,,,,,,,,,100,34128,100,53069193600,100,158184760161,,,,,,,,,,
2019-10-19,Z304HTDN,ST4000DM000,4000787030016,0,119,227713320,,,95,0,100,5,100,0,88,684018948,,,61,34324,100,0,,,100,5,,,,,,,,,,,,,,,,,,,,,,,,,,,,,,,,,100,0,100,0,100,0,100,0,100,0,79,21,100,0,100,0,95,10902,21,21,,,,,100,0,100,0,200,0,,,,,,,,,,,,,,,,,,,,,,,,,,,100,34162,100,53077094312,100,158232612596,,,,,,,,,,
2019-10-20,Z304HTDN,ST4000DM000,4000787030016,0,118,198215288,,,95,0,100,5,100,0,88,685090220,,,61,34348,100,0,,,100,5,,,,,,,,,,,,,,,,,,,,,,,,,,,,,,,,,100,0,100,0,100,0,100,0,100,0,79,21,100,0,100,0,95,10902,21,21,,,,,100,0,100,0,200,0,,,,,,,,,,,,,,,,,,,,,,,,,,,100,34186,100,53097465984,100,158330213962,,,,,,,,,,
2019-10-21,Z304HTDN,ST4000DM000,4000787030016,0,115,92604400,,,95,0,100,5,100,0,88,686210128,,,61,34372,100,0,,,100,5,,,,,,,,,,,,,,,,,,,,,,,,,,,,,,,,,100,0,100,0,100,0,100,0,100,0,79,21,100,0,100,0,95,10902,21,21,,,,,100,0,100,0,200,0,,,,,,,,,,,,,,,,,,,,,,,,,,,100,34210,100,53114057968,100,158436314965,,,,,,,,,,
2019-10-22,Z304HTDN,ST4000DM000,4000787030016,0,105,8605616,,,95,0,100,5,100,0,88,687481182,,,61,34384,100,0,,,100,5,,,,,,,,,,,,,,,,,,,,,,,,,,,,,,,,,100,0,100,0,100,0,100,0,100,0,78,22,100,0,100,0,95,10902,22,22,,,,,100,0,100,0,200,0,,,,,,,,,,,,,,,,,,,,,,,,,,,100,34222,100,53124770504,100,158500775736,,,,,,,,,,
2019-10-23,Z304HTDN,ST4000DM000,4000787030016,0,117,143315352,,,95,0,100,5,100,0,88,690642449,,,61,34408,100,0,,,100,5,,,,,,,,,,,,,,,,,,,,,,,,,,,,,,,,,100,0,100,0,100,0,100,0,100,0,79,21,100,0,100,0,95,10908,21,21,,,,,100,0,100,0,200,0,,,,,,,,,,,,,,,,,,,,,,,,,,,100,34247,100,53144989560,100,158620802834,,,,,,,,,,
2019-10-24,Z304HTDN,ST4000DM000,4000787030016,0,116,109286264,,,95,0,100,5,100,0,88,691685463,,,61,34432,100,0,,,100,5,,,,,,,,,,,,,,,,,,,,,,,,,,,,,,,,,100,0,100,0,100,0,100,0,100,0,78,22,100,0,100,0,95,10908,22,22,,,,,100,0,100,0,200,0,,,,,,,,,,,,,,,,,,,,,,,,,,,100,34271,100,53160024784,100,158784559482,,,,,,,,,,
2019-10-25,Z304HTDN,ST4000DM000,4000787030016,0,119,215448904,,,95,0,100,5,100,0,88,693448902,,,61,34457,100,0,,,100,5,,,,,,,,,,,,,,,,,,,,,,,,,,,,,,,,,100,0,100,0,100,0,100,0,100,0,78,22,100,0,100,0,95,10908,22,22,,,,,100,0,100,0,200,0,,,,,,,,,,,,,,,,,,,,,,,,,,,100,34295,100,53170101368,100,158887396385,,,,,,,,,,
2019-10-26,Z304HTDN,ST4000DM000,4000787030016,0,116,107451888,,,95,0,100,5,100,0,88,694796769,,,61,34481,100,0,,,100,5,,,,,,,,,,,,,,,,,,,,,,,,,,,,,,,,,100,0,100,0,100,0,100,0,100,0,78,22,100,0,100,0,95,10909,22,22,,,,,100,0,100,0,200,0,,,,,,,,,,,,,,,,,,,,,,,,,,,100,34319,100,53184863232,100,159109539810,,,,,,,,,,
2019-10-27,Z304HTDN,ST4000DM000,4000787030016,0,120,241212784,,,95,0,100,5,100,0,88,695888254,,,61,34505,100,0,,,100,5,,,,,,,,,,,,,,,,,,,,,,,,,,,,,,,,,100,0,100,0,100,0,100,0,100,0,78,22,100,0,100,0,95,10909,22,22,,,,,100,0,100,0,200,0,,,,,,,,,,,,,,,,,,,,,,,,,,,100,34343,100,53199286912,100,159270232375,,,,,,,,,,
2019-10-28,Z304HTDN,ST4000DM000,4000787030016,0,120,240600520,,,95,0,100,5,100,0,88,697083911,,,61,34529,100,0,,,100,5,,,,,,,,,,,,,,,,,,,,,,,,,,,,,,,,,100,0,100,0,100,0,100,0,100,0,78,22,100,0,100,0,95,10909,22,22,,,,,100,0,100,0,200,0,,,,,,,,,,,,,,,,,,,,,,,,,,,100,34367,100,53217499312,100,159449411274,,,,,,,,,,
2019-10-29,Z304HTDN,ST4000DM000,4000787030016,0,116,105843440,,,95,0,100,5,100,0,88,699172482,,,61,34553,100,0,,,100,5,,,,,,,,,,,,,,,,,,,,,,,,,,,,,,,,,100,0,100,0,100,0,100,0,100,0,79,21,100,0,100,0,95,10909,21,21,,,,,100,0,100,0,200,0,,,,,,,,,,,,,,,,,,,,,,,,,,,100,34391,100,53234207120,100,159703842168,,,,,,,,,,
2019-10-30,Z304HTDN,ST4000DM000,4000787030016,0,115,100320808,,,95,0,100,5,100,0,88,701422190,,,61,34577,100,0,,,100,5,,,,,,,,,,,,,,,,,,,,,,,,,,,,,,,,,100,0,100,0,100,0,100,0,100,0,79,21,100,0,100,0,95,10909,21,21,,,,,100,0,100,0,200,0,,,,,,,,,,,,,,,,,,,,,,,,,,,100,34415,100,53253977008,100,159916617010,,,,,,,,,,
2019-10-31,Z304HTDN,ST4000DM000,4000787030016,0,118,191484440,,,95,0,100,5,100,0,88,702740820,,,61,34601,100,0,,,100,5,,,,,,,,,,,,,,,,,,,,,,,,,,,,,,,,,100,0,100,0,100,0,100,0,100,0,79,21,100,0,100,0,95,10909,21,21,,,,,100,0,100,0,200,0,,,,,,,,,,,,,,,,,,,,,,,,,,,100,34439,100,53272575296,100,160089979534,,,,,,,,,,
2019-11-01,Z304HTDN,ST4000DM000,4000787030016,0,117,161766296,,,95,0,100,5,100,0,88,705126938,,,61,34637,100,0,,,100,5,,,,,,,,,,,,,,,,,,,,,,,,,,,,,,,,,100,0,100,0,100,0,100,0,100,0,79,21,100,0,100,0,95,10911,21,21,,,,,100,0,100,0,200,0,,,,,,,,,,,,,,,,,,,,,,,,,,,100,34475,100,53281930096,100,160463763763,,,,,,,,,,
2019-11-02,Z304HTDN,ST4000DM000,4000787030016,0,118,182633200,,,95,0,100,5,100,0,88,706692782,,,61,34661,100,0,,,100,5,,,,,,,,,,,,,,,,,,,,,,,,,,,,,,,,,100,0,100,0,100,0,100,0,100,0,79,21,100,0,100,0,95,10911,21,21,,,,,100,0,100,0,200,0,,,,,,,,,,,,,,,,,,,,,,,,,,,100,34499,100,53288576664,100,160708383156,,,,,,,,,,
2019-11-03,Z304HTDN,ST4000DM000,4000787030016,0,114,80753944,,,95,0,100,5,100,0,88,707973534,,,61,34685,100,0,,,100,5,,,,,,,,,,,,,,,,,,,,,,,,,,,,,,,,,100,0,100,0,100,0,100,0,100,0,79,21,100,0,100,0,95,10911,21,21,,,,,100,0,100,0,200,0,,,,,,,,,,,,,,,,,,,,,,,,,,,100,34523,100,53296910744,100,160916908498,,,,,,,,,,
2019-11-04,Z304HTDN,ST4000DM000,4000787030016,0,115,86662696,,,95,0,100,5,100,0,88,709037745,,,61,34709,100,0,,,100,5,,,,,,,,,,,,,,,,,,,,,,,,,,,,,,,,,100,0,100,0,100,0,100,0,100,0,79,21,100,0,100,0,95,10911,21,21,,,,,100,0,100,0,200,0,,,,,,,,,,,,,,,,,,,,,,,,,,,100,34547,100,53309986688,100,161247938937,,,,,,,,,,
2019-11-06,Z304HTDN,ST4000DM000,4000787030016,0,115,95096776,,,95,0,100,5,100,0,88,711680947,,,61,34745,100,0,,,100,5,,,,,,,,,,,,,,,,,,,,,,,,,,,,,,,,,100,0,100,0,100,0,100,0,100,0,79,21,100,0,100,0,95,10911,21,21,,,,,100,0,100,0,200,0,,,,,,,,,,,,,,,,,,,,,,,,,,,100,34583,100,53319502056,100,161715585222,,,,,,,,,,
2019-11-07,Z304HTDN,ST4000DM000,4000787030016,0,117,143819824,,,95,0,100,5,100,0,88,713145446,,,61,34769,100,0,,,100,5,,,,,,,,,,,,,,,,,,,,,,,,,,,,,,,,,100,0,100,0,100,0,100,0,100,0,79,21,100,0,100,0,95,10913,21,21,,,,,100,0,100,0,200,0,,,,,,,,,,,,,,,,,,,,,,,,,,,100,34607,100,53325345896,100,162005951115,,,,,,,,,,
2019-11-08,Z304HTDN,ST4000DM000,4000787030016,0,119,1878816,,,95,0,100,5,100,0,88,715553354,,,61,34793,100,0,,,100,5,,,,,,,,,,,,,,,,,,,,,,,,,,,,,,,,,100,0,100,0,100,0,100,0,100,0,78,22,100,0,100,0,95,10913,22,22,,,,,100,0,100,0,200,0,,,,,,,,,,,,,,,,,,,,,,,,,,,100,34631,100,53335089168,100,162173933365,,,,,,,,,,
2019-11-09,Z304HTDN,ST4000DM000,4000787030016,0,117,165820984,,,95,0,100,5,100,0,88,717159182,,,61,34817,100,0,,,100,5,,,,,,,,,,,,,,,,,,,,,,,,,,,,,,,,,100,0,100,0,100,0,100,0,100,0,78,22,100,0,100,0,95,10913,22,22,,,,,100,0,100,0,200,0,,,,,,,,,,,,,,,,,,,,,,,,,,,100,34655,100,53341942480,100,162430609421,,,,,,,,,,
2019-11-10,Z304HTDN,ST4000DM000,4000787030016,0,120,236637528,,,95,0,100,5,100,0,88,718457489,,,61,34841,100,0,,,100,5,,,,,,,,,,,,,,,,,,,,,,,,,,,,,,,,,100,0,100,0,100,0,100,0,100,0,79,21,100,0,100,0,95,10913,21,21,,,,,100,0,100,0,200,0,,,,,,,,,,,,,,,,,,,,,,,,,,,100,34679,100,53348789440,100,162666066404,,,,,,,,,,
2019-11-11,Z304HTDN,ST4000DM000,4000787030016,0,117,160707368,,,95,0,100,5,100,0,88,721015376,,,61,34865,100,0,,,100,5,,,,,,,,,,,,,,,,,,,,,,,,,,,,,,,,,100,0,100,0,100,0,100,0,100,0,79,21,100,0,100,0,95,10913,21,21,,,,,100,0,100,0,200,0,,,,,,,,,,,,,,,,,,,,,,,,,,,100,34703,100,53356470104,100,162881503263,,,,,,,,,,
2019-11-12,Z304HTDN,ST4000DM000,4000787030016,0,115,84716528,,,95,0,100,5,100,0,88,723192329,,,61,34889,100,0,,,100,5,,,,,,,,,,,,,,,,,,,,,,,,,,,,,,,,,100,0,100,0,100,0,100,0,100,0,79,21,100,0,100,0,95,10913,21,21,,,,,100,0,100,0,200,0,,,,,,,,,,,,,,,,,,,,,,,,,,,100,34727,100,53361933264,100,163098367430,,,,,,,,,,
2019-11-13,Z304HTDN,ST4000DM000,4000787030016,0,117,122836792,,,95,0,100,5,100,0,88,724736882,,,61,34913,100,0,,,100,5,,,,,,,,,,,,,,,,,,,,,,,,,,,,,,,,,100,0,100,0,100,0,100,0,100,0,79,21,100,0,100,0,95,10913,21,21,,,,,100,0,100,0,200,0,,,,,,,,,,,,,,,,,,,,,,,,,,,100,34751,100,53370312504,100,163263594389,,,,,,,,,,
2019-11-14,Z304HTDN,ST4000DM000,4000787030016,0,115,87364608,,,95,0,100,5,100,0,88,725963116,,,61,34937,100,0,,,100,5,,,,,,,,,,,,,,,,,,,,,,,,,,,,,,,,,100,0,100,0,100,0,100,0,100,0,80,20,100,0,100,0,95,10914,20,20,,,,,100,0,100,0,200,0,,,,,,,,,,,,,,,,,,,,,,,,,,,100,34775,100,53378751904,100,163476362898,,,,,,,,,,
2019-11-15,Z304HTDN,ST4000DM000,4000787030016,0,116,109700432,,,95,0,100,5,100,0,88,727668176,,,61,34961,100,0,,,100,5,,,,,,,,,,,,,,,,,,,,,,,,,,,,,,,,,100,0,100,0,100,0,100,0,100,0,79,21,100,0,100,0,95,10921,21,21,,,,,100,0,100,0,200,0,,,,,,,,,,,,,,,,,,,,,,,,,,,100,34799,100,53387582136,100,163649779653,,,,,,,,,,
2019-11-16,Z304HTDN,ST4000DM000,4000787030016,0,117,161228800,,,95,0,100,5,100,0,88,729035888,,,61,34985,100,0,,,100,5,,,,,,,,,,,,,,,,,,,,,,,,,,,,,,,,,100,0,100,0,100,0,100,0,100,0,78,22,100,0,100,0,95,10921,22,22,,,,,100,0,100,0,200,0,,,,,,,,,,,,,,,,,,,,,,,,,,,100,34823,100,53391778256,100,163841004891,,,,,,,,,,
2019-11-17,Z304HTDN,ST4000DM000,4000787030016,0,114,74272984,,,95,0,100,5,100,0,88,729670320,,,61,35009,100,0,,,100,5,,,,,,,,,,,,,,,,,,,,,,,,,,,,,,,,,100,0,100,0,100,0,100,0,100,0,79,21,100,0,100,0,95,10921,21,21,,,,,100,0,100,0,200,0,,,,,,,,,,,,,,,,,,,,,,,,,,,100,34847,100,53400348568,100,163919918711,,,,,,,,,,
2019-11-18,Z304HTDN,ST4000DM000,4000787030016,0,116,101486256,,,95,0,100,5,100,0,88,730706001,,,61,35033,100,0,,,100,5,,,,,,,,,,,,,,,,,,,,,,,,,,,,,,,,,100,0,100,0,100,0,100,0,100,0,79,21,100,0,100,0,95,10921,21,21,,,,,100,0,100,0,200,0,,,,,,,,,,,,,,,,,,,,,,,,,,,100,34872,100,53408677112,100,164049957229,,,,,,,,,,
2019-11-19,Z304HTDN,ST4000DM000,4000787030016,0,114,81430552,,,95,0,100,5,100,0,88,732374616,,,60,35057,100,0,,,100,5,,,,,,,,,,,,,,,,,,,,,,,,,,,,,,,,,100,0,100,0,100,0,100,0,100,0,79,21,100,0,100,0,95,10921,21,21,,,,,100,0,100,0,200,0,,,,,,,,,,,,,,,,,,,,,,,,,,,100,34896,100,53416640128,100,164174190124,,,,,,,,,,
2019-11-20,Z304HTDN,ST4000DM000,4000787030016,0,117,128802376,,,95,0,100,5,100,0,88,733555284,,,60,35081,100,0,,,100,5,,,,,,,,,,,,,,,,,,,,,,,,,,,,,,,,,100,0,100,0,100,0,100,0,100,0,79,21,100,0,100,0,95,10921,21,21,,,,,100,0,100,0,200,0,,,,,,,,,,,,,,,,,,,,,,,,,,,100,34920,100,53436865152,100,164243406611,,,,,,,,,,
2019-11-21,Z304HTDN,ST4000DM000,4000787030016,0,119,207783768,,,95,0,100,5,100,0,88,734767976,,,60,35105,100,0,,,100,5,,,,,,,,,,,,,,,,,,,,,,,,,,,,,,,,,100,0,100,0,100,0,100,0,100,0,79,21,100,0,100,0,95,10923,21,21,,,,,100,0,100,0,200,0,,,,,,,,,,,,,,,,,,,,,,,,,,,100,34944,100,53446920904,100,164422258519,,,,,,,,,,
2019-11-22,Z304HTDN,ST4000DM000,4000787030016,0,118,171661064,,,95,0,100,5,100,0,88,736417652,,,60,35130,100,0,,,100,5,,,,,,,,,,,,,,,,,,,,,,,,,,,,,,,,,100,0,100,0,100,0,100,0,100,0,78,22,100,0,100,0,95,10931,22,22,,,,,100,0,100,0,200,0,,,,,,,,,,,,,,,,,,,,,,,,,,,100,34968,100,53454217784,100,164494985870,,,,,,,,,,
2019-11-23,Z304HTDN,ST4000DM000,4000787030016,0,118,193519960,,,95,0,100,5,100,0,88,737641433,,,60,35154,100,0,,,100,5,,,,,,,,,,,,,,,,,,,,,,,,,,,,,,,,,100,0,100,0,100,0,100,0,100,0,79,21,100,0,100,0,95,10931,21,21,,,,,100,0,100,0,200,0,,,,,,,,,,,,,,,,,,,,,,,,,,,100,34992,100,53463461672,100,164644139616,,,,,,,,,,
2019-11-24,Z304HTDN,ST4000DM000,4000787030016,0,117,134186416,,,95,0,100,5,100,0,88,738570353,,,60,35178,100,0,,,100,5,,,,,,,,,,,,,,,,,,,,,,,,,,,,,,,,,100,0,100,0,100,0,100,0,100,0,79,21,100,0,100,0,95,10931,21,21,,,,,100,0,100,0,200,0,,,,,,,,,,,,,,,,,,,,,,,,,,,100,35016,100,53473431600,100,164765185655,,,,,,,,,,
2019-11-25,Z304HTDN,ST4000DM000,4000787030016,0,119,216795560,,,95,0,100,5,100,0,88,741716346,,,60,35202,100,0,,,100,5,,,,,,,,,,,,,,,,,,,,,,,,,,,,,,,,,100,0,100,0,100,0,100,0,100,0,78,22,100,0,100,0,95,10931,22,22,,,,,100,0,100,0,200,0,,,,,,,,,,,,,,,,,,,,,,,,,,,100,35040,100,53479906992,100,164987368013,,,,,,,,,,
2019-11-26,Z304HTDN,ST4000DM000,4000787030016,0,117,150657752,,,95,0,100,5,100,0,88,743747128,,,60,35226,100,0,,,100,5,,,,,,,,,,,,,,,,,,,,,,,,,,,,,,,,,100,0,100,0,100,0,100,0,100,0,78,22,100,0,100,0,95,10931,22,22,,,,,100,0,100,0,200,0,,,,,,,,,,,,,,,,,,,,,,,,,,,100,35064,100,53489487472,100,165190942924,,,,,,,,,,
2019-11-27,Z304HTDN,ST4000DM000,4000787030016,0,114,72898648,,,95,0,100,5,100,0,88,745660330,,,60,35250,100,0,,,100,5,,,,,,,,,,,,,,,,,,,,,,,,,,,,,,,,,100,0,100,0,100,0,100,0,100,0,79,21,100,0,100,0,95,10931,21,21,,,,,100,0,100,0,200,0,,,,,,,,,,,,,,,,,,,,,,,,,,,100,35088,100,53501678704,100,165427126498,,,,,,,,,,
2019-11-28,Z304HTDN,ST4000DM000,4000787030016,0,116,116782824,,,95,0,100,5,100,0,88,746568662,,,60,35274,100,0,,,100,5,,,,,,,,,,,,,,,,,,,,,,,,,,,,,,,,,100,0,100,0,100,0,100,0,100,0,79,21,100,0,100,0,95,10932,21,21,,,,,100,0,100,0,200,0,,,,,,,,,,,,,,,,,,,,,,,,,,,100,35112,100,53513323936,100,165586817480,,,,,,,,,,
2019-11-29,Z304HTDN,ST4000DM000,4000787030016,0,118,180374984,,,95,0,100,5,100,0,88,748459375,,,60,35298,100,0,,,100,5,,,,,,,,,,,,,,,,,,,,,,,,,,,,,,,,,100,0,100,0,100,0,100,0,100,0,78,22,100,0,100,0,95,10932,22,22,,,,,100,0,100,0,200,0,,,,,,,,,,,,,,,,,,,,,,,,,,,100,35136,100,53527028568,100,165708682960,,,,,,,,,,
2019-11-30,Z304HTDN,ST4000DM000,4000787030016,0,112,49140752,,,95,0,100,5,100,0,88,749495675,,,60,35322,100,0,,,100,5,,,,,,,,,,,,,,,,,,,,,,,,,,,,,,,,,100,0,100,0,100,0,100,0,100,0,78,22,100,0,100,0,95,10932,22,22,,,,,100,0,100,0,200,0,,,,,,,,,,,,,,,,,,,,,,,,,,,100,35160,100,53539850184,100,165878716937,,,,,,,,,,
2019-12-01,Z304HTDN,ST4000DM000,4000787030016,0,109,21386936,,,95,0,100,5,100,0,88,751125988,,,60,35346,100,0,,,100,5,,,,,,,,,,,,,,,,,,,,,,,,,,,,,,,,,100,0,100,0,100,0,100,0,100,0,79,21,100,0,100,0,95,10932,21,21,,,,,100,0,100,0,200,0,,,,,,,,,,,,,,,,,,,,,,,,,,,100,35184,100,53550986008,100,166134991453,,,,,,,,,,
2019-12-02,Z304HTDN,ST4000DM000,4000787030016,0,113,52567848,,,95,0,100,5,100,0,88,752414767,,,60,35371,100,0,,,100,5,,,,,,,,,,,,,,,,,,,,,,,,,,,,,,,,,100,0,100,0,100,0,100,0,100,0,78,22,100,0,100,0,95,10932,22,22,,,,,100,0,100,0,200,0,,,,,,,,,,,,,,,,,,,,,,,,,,,100,35209,100,53564955968,100,166323812536,,,,,,,,,,
2019-12-03,Z304HTDN,ST4000DM000,4000787030016,0,119,212652888,,,95,0,100,5,100,0,88,754265999,,,60,35395,100,0,,,100,5,,,,,,,,,,,,,,,,,,,,,,,,,,,,,,,,,100,0,100,0,100,0,100,0,100,0,79,21,100,0,100,0,95,10932,21,21,,,,,100,0,100,0,200,0,,,,,,,,,,,,,,,,,,,,,,,,,,,100,35233,100,53577238296,100,166511204019,,,,,,,,,,
2019-12-04,Z304HTDN,ST4000DM000,4000787030016,0,119,232479016,,,95,0,100,5,100,0,88,756535734,,,60,35419,100,0,,,100,5,,,,,,,,,,,,,,,,,,,,,,,,,,,,,,,,,100,0,100,0,100,0,100,0,100,0,79,21,100,0,100,0,95,10933,21,21,,,,,100,0,100,0,200,0,,,,,,,,,,,,,,,,,,,,,,,,,,,100,35257,100,53590197728,100,166772985548,,,,,,,,,,
2019-12-05,Z304HTDN,ST4000DM000,4000787030016,0,120,237130888,,,95,0,100,5,100,0,88,757672390,,,60,35443,100,0,,,100,5,,,,,,,,,,,,,,,,,,,,,,,,,,,,,,,,,100,0,100,0,100,0,100,0,100,0,79,21,100,0,100,0,95,10934,21,21,,,,,100,0,100,0,200,0,,,,,,,,,,,,,,,,,,,,,,,,,,,100,35281,100,53603257688,100,166965117680,,,,,,,,,,
2019-12-06,Z304HTDN,ST4000DM000,4000787030016,0,117,164835592,,,95,0,100,5,100,0,88,759800428,,,60,35467,100,0,,,100,5,,,,,,,,,,,,,,,,,,,,,,,,,,,,,,,,,100,0,100,0,100,0,100,0,100,0,79,21,100,0,100,0,95,10934,21,21,,,,,100,0,100,0,200,0,,,,,,,,,,,,,,,,,,,,,,,,,,,100,35305,100,53618647352,100,167095704547,,,,,,,,,,
2019-12-07,Z304HTDN,ST4000DM000,4000787030016,0,113,54131992,,,95,0,100,5,100,0,88,761005246,,,60,35491,100,0,,,100,5,,,,,,,,,,,,,,,,,,,,,,,,,,,,,,,,,100,0,100,0,100,0,100,0,100,0,79,21,100,0,100,0,95,10934,21,21,,,,,100,0,100,0,200,0,,,,,,,,,,,,,,,,,,,,,,,,,,,100,35329,100,53633083400,100,167300054951,,,,,,,,,,
2019-12-08,Z304HTDN,ST4000DM000,4000787030016,0,118,168481088,,,95,0,100,5,100,0,88,762025176,,,60,35515,100,0,,,100,5,,,,,,,,,,,,,,,,,,,,,,,,,,,,,,,,,100,0,100,0,100,0,100,0,100,0,79,21,100,0,100,0,95,10935,21,21,,,,,100,0,100,0,200,0,,,,,,,,,,,,,,,,,,,,,,,,,,,100,35353,100,53647758080,100,167646256589,,,,,,,,,,
2019-12-09,Z304HTDN,ST4000DM000,4000787030016,0,119,232686848,,,95,0,100,5,100,0,88,762848795,,,60,35539,100,0,,,100,5,,,,,,,,,,,,,,,,,,,,,,,,,,,,,,,,,100,0,100,0,100,0,100,0,100,0,79,21,100,0,100,0,95,10935,21,21,,,,,100,0,100,0,200,0,,,,,,,,,,,,,,,,,,,,,,,,,,,100,35377,100,53660812920,100,167947546393,,,,,,,,,,
2019-12-10,Z304HTDN,ST4000DM000,4000787030016,0,106,12048632,,,95,0,100,5,100,0,88,765353036,,,60,35563,100,0,,,100,5,,,,,,,,,,,,,,,,,,,,,,,,,,,,,,,,,100,0,100,0,100,0,100,0,100,0,79,21,100,0,100,0,95,10935,21,21,,,,,100,0,100,0,200,0,,,,,,,,,,,,,,,,,,,,,,,,,,,100,35401,100,53675039816,100,168216488492,,,,,,,,,,
2019-12-11,Z304HTDN,ST4000DM000,4000787030016,0,118,182718672,,,95,0,100,5,100,0,88,768797133,,,60,35587,100,0,,,100,5,,,,,,,,,,,,,,,,,,,,,,,,,,,,,,,,,100,0,100,0,100,0,100,0,100,0,79,21,100,0,100,0,95,10935,21,21,,,,,100,0,100,0,200,0,,,,,,,,,,,,,,,,,,,,,,,,,,,100,35425,100,53690238288,100,168469724166,,,,,,,,,,
2019-12-12,Z304HTDN,ST4000DM000,4000787030016,0,116,104586104,,,95,0,100,5,100,0,88,769990799,,,60,35611,100,0,,,100,5,,,,,,,,,,,,,,,,,,,,,,,,,,,,,,,,,100,0,100,0,100,0,100,0,100,0,79,21,100,0,100,0,95,10936,21,21,,,,,100,0,100,0,200,0,,,,,,,,,,,,,,,,,,,,,,,,,,,100,35449,100,53706911176,100,168682724399,,,,,,,,,,
2019-12-13,Z304HTDN,ST4000DM000,4000787030016,0,119,220430952,,,95,0,100,5,100,0,88,771885689,,,60,35635,100,0,,,100,5,,,,,,,,,,,,,,,,,,,,,,,,,,,,,,,,,100,0,100,0,100,0,100,0,100,0,78,22,100,0,100,0,95,10937,22,22,,,,,100,0,100,0,200,0,,,,,,,,,,,,,,,,,,,,,,,,,,,100,35473,100,53719993952,100,168798273531,,,,,,,,,,
2019-12-14,Z304HTDN,ST4000DM000,4000787030016,0,119,215234304,,,95,0,100,5,100,0,88,773230833,,,60,35659,100,0,,,100,5,,,,,,,,,,,,,,,,,,,,,,,,,,,,,,,,,100,0,100,0,100,0,100,0,100,0,78,22,100,0,100,0,95,10937,22,22,,,,,100,0,100,0,200,0,,,,,,,,,,,,,,,,,,,,,,,,,,,100,35497,100,53735846152,100,169036945400,,,,,,,,,,
2019-12-15,Z304HTDN,ST4000DM000,4000787030016,0,119,234156544,,,95,0,100,5,100,0,88,774750517,,,60,35683,100,0,,,100,5,,,,,,,,,,,,,,,,,,,,,,,,,,,,,,,,,100,0,100,0,100,0,100,0,100,0,78,22,100,0,100,0,95,10937,22,22,,,,,100,0,100,0,200,0,,,,,,,,,,,,,,,,,,,,,,,,,,,100,35522,100,53751876048,100,169259800540,,,,,,,,,,
2019-12-16,Z304HTDN,ST4000DM000,4000787030016,0,118,182693016,,,95,0,100,5,100,0,88,776163875,,,60,35707,100,0,,,100,5,,,,,,,,,,,,,,,,,,,,,,,,,,,,,,,,,100,0,100,0,100,0,100,0,100,0,79,21,100,0,100,0,95,10937,21,21,,,,,100,0,100,0,200,0,,,,,,,,,,,,,,,,,,,,,,,,,,,100,35546,100,53770245040,100,169436608600,,,,,,,,,,
2019-12-17,Z304HTDN,ST4000DM000,4000787030016,0,117,141478192,,,95,0,100,5,100,0,88,778369621,,,60,35731,100,0,,,100,5,,,,,,,,,,,,,,,,,,,,,,,,,,,,,,,,,100,0,100,0,100,0,100,0,100,0,78,22,100,0,100,0,95,10937,22,22,,,,,100,0,100,0,200,0,,,,,,,,,,,,,,,,,,,,,,,,,,,100,35570,100,53783242088,100,169652131032,,,,,,,,,,
2019-12-18,Z304HTDN,ST4000DM000,4000787030016,0,114,75844160,,,95,0,100,5,100,0,88,781151381,,,60,35767,100,0,,,100,5,,,,,,,,,,,,,,,,,,,,,,,,,,,,,,,,,100,0,100,0,100,0,100,0,100,0,79,21,100,0,100,0,95,10938,21,21,,,,,100,0,100,0,200,0,,,,,,,,,,,,,,,,,,,,,,,,,,,100,35605,100,53809419248,100,170025366661,,,,,,,,,,
2019-12-19,Z304HTDN,ST4000DM000,4000787030016,0,118,173869696,,,95,0,100,5,100,0,88,782936832,,,60,35791,100,0,,,100,5,,,,,,,,,,,,,,,,,,,,,,,,,,,,,,,,,100,0,100,0,100,0,100,0,100,0,79,21,100,0,100,0,95,10938,21,21,,,,,100,0,100,0,200,0,,,,,,,,,,,,,,,,,,,,,,,,,,,100,35629,100,53825293552,100,170141402223,,,,,,,,,,
2019-12-20,Z304HTDN,ST4000DM000,4000787030016,0,117,126518376,,,95,0,100,5,100,0,88,783762712,,,60,35803,100,0,,,100,5,,,,,,,,,,,,,,,,,,,,,,,,,,,,,,,,,100,0,100,0,100,0,100,0,100,0,78,22,100,0,100,0,95,10940,22,22,,,,,100,0,100,0,200,0,,,,,,,,,,,,,,,,,,,,,,,,,,,100,35641,100,53833168544,100,170209140192,,,,,,,,,,
2019-12-21,Z304HTDN,ST4000DM000,4000787030016,0,114,60961840,,,95,0,100,5,100,0,88,785551389,,,60,35827,100,0,,,100,5,,,,,,,,,,,,,,,,,,,,,,,,,,,,,,,,,100,0,100,0,100,0,100,0,100,0,78,22,100,0,100,0,95,10941,22,22,,,,,100,0,100,0,200,0,,,,,,,,,,,,,,,,,,,,,,,,,,,100,35665,100,53843061400,100,170334184753,,,,,,,,,,
2019-12-22,Z304HTDN,ST4000DM000,4000787030016,0,118,175059560,,,95,0,100,5,100,0,88,786235873,,,60,35851,100,0,,,100,5,,,,,,,,,,,,,,,,,,,,,,,,,,,,,,,,,100,0,100,0,100,0,100,0,100,0,79,21,100,0,100,0,95,10941,21,21,,,,,100,0,100,0,200,0,,,,,,,,,,,,,,,,,,,,,,,,,,,100,35689,100,53859705328,100,170398643153,,,,,,,,,,
2019-12-23,Z304HTDN,ST4000DM000,4000787030016,0,108,15340024,,,95,0,100,5,100,0,88,787628302,,,60,35875,100,0,,,100,5,,,,,,,,,,,,,,,,,,,,,,,,,,,,,,,,,100,0,100,0,100,0,100,0,100,0,78,22,100,0,100,0,95,10941,22,22,,,,,100,0,100,0,200,0,,,,,,,,,,,,,,,,,,,,,,,,,,,100,35713,100,53894796352,100,170553833390,,,,,,,,,,
2019-12-24,Z304HTDN,ST4000DM000,4000787030016,0,117,155684704,,,95,0,100,5,100,0,88,789202455,,,60,35899,100,0,,,100,5,,,,,,,,,,,,,,,,,,,,,,,,,,,,,,,,,100,0,100,0,100,0,100,0,100,0,78,22,100,0,100,0,95,10941,22,22,,,,,100,0,100,0,200,0,,,,,,,,,,,,,,,,,,,,,,,,,,,100,35737,100,53925992176,100,170624365764,,,,,,,,,,
2019-12-25,Z304HTDN,ST4000DM000,4000787030016,0,116,105988320,,,95,0,100,5,100,0,88,790710405,,,59,35923,100,0,,,100,5,,,,,,,,,,,,,,,,,,,,,,,,,,,,,,,,,100,0,100,0,100,0,100,0,100,0,78,22,100,0,100,0,95,10941,22,22,,,,,100,0,100,0,200,0,,,,,,,,,,,,,,,,,,,,,,,,,,,100,35761,100,53941816776,100,170763077620,,,,,,,,,,
2019-12-26,Z304HTDN,ST4000DM000,4000787030016,0,114,61891200,,,95,0,100,5,100,0,88,791886277,,,59,35947,100,0,,,100,5,,,,,,,,,,,,,,,,,,,,,,,,,,,,,,,,,100,0,100,0,100,0,100,0,100,0,79,21,100,0,100,0,95,10941,21,21,,,,,100,0,100,0,200,0,,,,,,,,,,,,,,,,,,,,,,,,,,,100,35785,100,53958770256,100,170898904191,,,,,,,,,,
2019-12-27,Z304HTDN,ST4000DM000,4000787030016,0,111,38436192,,,95,0,100,5,100,0,88,793769377,,,59,35972,100,0,,,100,5,,,,,,,,,,,,,,,,,,,,,,,,,,,,,,,,,100,0,100,0,100,0,100,0,100,0,78,22,100,0,100,0,95,10941,22,22,,,,,100,0,100,0,200,0,,,,,,,,,,,,,,,,,,,,,,,,,,,100,35810,100,53970816016,100,170992482717,,,,,,,,,,
2019-12-28,Z304HTDN,ST4000DM000,4000787030016,0,118,167840320,,,95,0,100,5,100,0,88,794540583,,,59,35996,100,0,,,100,5,,,,,,,,,,,,,,,,,,,,,,,,,,,,,,,,,100,0,100,0,100,0,100,0,100,0,79,21,100,0,100,0,95,10941,21,21,,,,,100,0,100,0,200,0,,,,,,,,,,,,,,,,,,,,,,,,,,,100,35834,100,53987829504,100,171063900268,,,,,,,,,,
2019-12-29,Z304HTDN,ST4000DM000,4000787030016,0,117,157366136,,,95,0,100,5,100,0,88,796400091,,,59,36020,100,0,,,100,5,,,,,,,,,,,,,,,,,,,,,,,,,,,,,,,,,100,0,100,0,100,0,100,0,100,0,79,21,100,0,100,0,95,10941,21,21,,,,,100,0,100,0,200,0,,,,,,,,,,,,,,,,,,,,,,,,,,,100,35858,100,54003221632,100,171285248080,,,,,,,,,,
2019-12-30,Z304HTDN,ST4000DM000,4000787030016,0,117,163432704,,,95,0,100,5,100,0,88,798090438,,,59,36044,100,0,,,100,5,,,,,,,,,,,,,,,,,,,,,,,,,,,,,,,,,100,0,100,0,100,0,100,0,100,0,79,21,100,0,100,0,95,10941,21,21,,,,,100,0,100,0,200,0,,,,,,,,,,,,,,,,,,,,,,,,,,,100,35882,100,54015916496,100,171483634224,,,,,,,,,,
2019-12-31,Z304HTDN,ST4000DM000,4000787030016,0,114,72678976,,,95,0,100,5,100,0,88,800135135,,,59,36068,100,0,,,100,5,,,,,,,,,,,,,,,,,,,,,,,,,,,,,,,,,100,0,100,0,100,0,100,0,100,0,79,21,100,0,100,0,95,10941,21,21,,,,,100,0,100,0,200,0,,,,,,,,,,,,,,,,,,,,,,,,,,,100,35906,100,54033341752,100,171724951000,,,,,,,,,,
