2019-01-01,Z304KCV8,ST4000DM000,4000787030016,0,110,25344328,,,91,0,100,15,100,0,83,221578853,,,69,27362,100,0,,,100,15,,,,,,,,,,,,,,,,,,,,,,,,,,,,,,,100,0,100,0,100,0,100,0,100,0,80,20,100,0,100,0,97,6976,20,20,,,,,100,0,100,0,200,0,,,,,,,,,,,,,,,,,,,,,,,,,,,100,27306,100,44343805832,100,117930996613,,,,,,,,,,
2019-01-02,Z304KCV8,ST4000DM000,4000787030016,0,113,52658840,,,91,0,100,15,100,0,83,222826338,,,69,27386,100,0,,,100,15,,,,,,,,,,,,,,,,,,,,,,,,,,,,,,,100,0,100,0,100,0,100,0,100,0,80,20,100,0,100,0,97,6976,20,20,,,,,100,0,100,0,200,0,,,,,,,,,,,,,,,,,,,,,,,,,,,100,27330,100,44346032216,100,118080996447,,,,,,,,,,
2019-01-03,Z304KCV8,ST4000DM000,4000787030016,0,118,170455080,,,91,0,100,15,100,0,83,224240504,,,69,27410,100,0,,,100,15,,,,,,,,,,,,,,,,,,,,,,,,,,,,,,,100,0,100,0,100,0,100,0,100,0,80,20,100,0,100,0,97,6976,20,20,,,,,100,0,100,0,200,0,,,,,,,,,,,,,,,,,,,,,,,,,,,100,27354,100,44350894784,100,118236428323,,,,,,,,,,
2019-01-04,Z304KCV8,ST4000DM000,4000787030016,0,111,36257328,,,91,0,100,15,100,0,83,224941749,,,69,27434,100,0,,,100,15,,,,,,,,,,,,,,,,,,,,,,,,,,,,,,,100,0,100,0,100,0,100,0,100,0,77,23,100,0,100,0,97,6976,23,23,,,,,100,0,100,0,200,0,,,,,,,,,,,,,,,,,,,,,,,,,,,100,27379,100,44352775992,100,118396093266,,,,,,,,,,
2019-01-05,Z304KCV8,ST4000DM000,4000787030016,0,117,134997968,,,91,0,100,15,100,0,83,226160317,,,69,27458,100,0,,,100,15,,,,,,,,,,,,,,,,,,,,,,,,,,,,,,,100,0,100,0,100,0,100,0,100,0,77,23,100,0,100,0,97,6980,23,23,,,,,100,0,100,0,200,0,,,,,,,,,,,,,,,,,,,,,,,,,,,100,27403,100,44357544096,100,118517428816,,,,,,,,,,
2019-01-06,Z304KCV8,ST4000DM000,4000787030016,0,116,110618336,,,91,0,100,15,100,0,83,226979760,,,69,27482,100,0,,,100,15,,,,,,,,,,,,,,,,,,,,,,,,,,,,,,,100,0,100,0,100,0,100,0,100,0,78,22,100,0,100,0,97,6980,22,22,,,,,100,0,100,0,200,0,,,,,,,,,,,,,,,,,,,,,,,,,,,100,27426,100,44359795424,100,118659294275,,,,,,,,,,
2019-01-07,Z304KCV8,ST4000DM000,4000787030016,0,119,217682760,,,91,0,100,15,100,0,83,228018680,,,69,27506,100,0,,,100,15,,,,,,,,,,,,,,,,,,,,,,,,,,,,,,,100,0,100,0,100,0,100,0,100,0,77,23,100,0,100,0,97,6980,23,23,,,,,100,0,100,0,200,0,,,,,,,,,,,,,,,,,,,,,,,,,,,100,27450,100,44362492024,100,118805360303,,,,,,,,,,
2019-01-08,Z304KCV8,ST4000DM000,4000787030016,0,118,194899144,,,91,0,100,15,100,0,83,229879306,,,69,27530,100,0,,,100,15,,,,,,,,,,,,,,,,,,,,,,,,,,,,,,,100,0,100,0,100,0,100,0,100,0,79,21,100,0,100,0,97,6980,21,21,,,,,100,0,100,0,200,0,,,,,,,,,,,,,,,,,,,,,,,,,,,100,27474,100,44367887456,100,118969115187,,,,,,,,,,
2019-01-09,Z304KCV8,ST4000DM000,4000787030016,0,114,80248104,,,91,0,100,15,100,0,83,230738189,,,69,27554,100,0,,,100,15,,,,,,,,,,,,,,,,,,,,,,,,,,,,,,,100,0,100,0,100,0,100,0,100,0,78,22,100,0,100,0,97,6980,22,22,,,,,100,0,100,0,200,0,,,,,,,,,,,,,,,,,,,,,,,,,,,100,27499,100,44369625976,100,119139535909,,,,,,,,,,
2019-01-10,Z304KCV8,ST4000DM000,4000787030016,0,116,103439440,,,91,0,100,15,100,0,83,232064384,,,69,27573,100,0,,,100,15,,,,,,,,,,,,,,,,,,,,,,,,,,,,,,,100,0,100,0,100,0,100,0,100,0,79,21,100,0,100,0,97,6991,21,21,,,,,100,0,100,0,200,0,,,,,,,,,,,,,,,,,,,,,,,,,,,100,27517,100,44374236648,100,119274238819,,,,,,,,,,
2019-01-11,Z304KCV8,ST4000DM000,4000787030016,0,118,180574704,,,91,0,100,15,100,0,83,232462394,,,69,27592,100,0,,,100,15,,,,,,,,,,,,,,,,,,,,,,,,,,,,,,,100,0,100,0,100,0,100,0,100,0,79,21,100,0,100,0,97,6994,21,21,,,,,100,0,100,0,200,0,,,,,,,,,,,,,,,,,,,,,,,,,,,100,27536,100,44375433256,100,119351336497,,,,,,,,,,
2019-01-12,Z304KCV8,ST4000DM000,4000787030016,0,116,109906704,,,91,0,100,15,100,0,83,233152561,,,69,27616,100,0,,,100,15,,,,,,,,,,,,,,,,,,,,,,,,,,,,,,,100,0,100,0,100,0,100,0,100,0,79,21,100,0,100,0,97,7000,21,21,,,,,100,0,100,0,200,0,,,,,,,,,,,,,,,,,,,,,,,,,,,100,27559,100,44377290032,100,119457433596,,,,,,,,,,
2019-01-13,Z304KCV8,ST4000DM000,4000787030016,0,118,178655160,,,91,0,100,15,100,0,83,234648216,,,69,27639,100,0,,,100,15,,,,,,,,,,,,,,,,,,,,,,,,,,,,,,,100,0,100,0,100,0,100,0,100,0,78,22,100,0,100,0,97,7014,22,22,,,,,100,0,100,0,200,0,,,,,,,,,,,,,,,,,,,,,,,,,,,100,27583,100,44381618048,100,119542060779,,,,,,,,,,
2019-01-14,Z304KCV8,ST4000DM000,4000787030016,0,117,158893120,,,91,0,100,15,100,0,84,235315414,,,69,27663,100,0,,,100,15,,,,,,,,,,,,,,,,,,,,,,,,,,,,,,,100,0,100,0,100,0,100,0,100,0,79,21,100,0,100,0,97,7018,21,21,,,,,100,0,100,0,200,0,,,,,,,,,,,,,,,,,,,,,,,,,,,100,27606,100,44383137280,100,119664808128,,,,,,,,,,
2019-01-15,Z304KCV8,ST4000DM000,4000787030016,0,117,151006840,,,91,0,100,15,100,0,84,236215517,,,69,27686,100,0,,,100,15,,,,,,,,,,,,,,,,,,,,,,,,,,,,,,,100,0,100,0,100,0,100,0,100,0,77,23,100,0,100,0,97,7022,23,23,,,,,100,0,100,0,200,0,,,,,,,,,,,,,,,,,,,,,,,,,,,100,27630,100,44386140368,100,119836003619,,,,,,,,,,
2019-01-16,Z304KCV8,ST4000DM000,4000787030016,0,114,81163664,,,91,0,100,15,100,0,84,236975904,,,69,27710,100,0,,,100,15,,,,,,,,,,,,,,,,,,,,,,,,,,,,,,,100,0,100,0,100,0,100,0,100,0,77,23,100,0,100,0,97,7025,23,23,,,,,100,0,100,0,200,0,,,,,,,,,,,,,,,,,,,,,,,,,,,100,27653,100,44387859608,100,119981605588,,,,,,,,,,
2019-01-17,Z304KCV8,ST4000DM000,4000787030016,0,110,26143416,,,91,0,100,15,100,0,84,238510242,,,69,27734,100,0,,,100,15,,,,,,,,,,,,,,,,,,,,,,,,,,,,,,,100,0,100,0,100,0,100,0,100,0,78,22,100,0,100,0,97,7028,22,22,,,,,100,0,100,0,200,0,,,,,,,,,,,,,,,,,,,,,,,,,,,100,27677,100,44393867184,100,120136594576,,,,,,,,,,
2019-01-18,Z304KCV8,ST4000DM000,4000787030016,0,120,242511504,,,91,0,100,15,100,0,84,239216906,,,69,27757,100,0,,,100,15,,,,,,,,,,,,,,,,,,,,,,,,,,,,,,,100,0,100,0,100,0,100,0,100,0,79,21,100,0,100,0,97,7032,21,21,,,,,100,0,100,0,200,0,,,,,,,,,,,,,,,,,,,,,,,,,,,100,27701,100,44395662192,100,120253884372,,,,,,,,,,
2019-01-19,Z304KCV8,ST4000DM000,4000787030016,0,115,84619952,,,91,0,100,15,100,0,84,239927075,,,69,27781,100,0,,,100,15,,,,,,,,,,,,,,,,,,,,,,,,,,,,,,,100,0,100,0,100,0,100,0,100,0,78,22,100,0,100,0,97,7037,22,22,,,,,100,0,100,0,200,0,,,,,,,,,,,,,,,,,,,,,,,,,,,100,27724,100,44397525008,100,120360619119,,,,,,,,,,
2019-01-20,Z304KCV8,ST4000DM000,4000787030016,0,117,122449560,,,91,0,100,15,100,0,84,241862355,,,69,27804,100,0,,,100,15,,,,,,,,,,,,,,,,,,,,,,,,,,,,,,,100,0,100,0,100,0,100,0,100,0,79,21,100,0,100,0,97,7049,21,21,,,,,100,0,100,0,200,0,,,,,,,,,,,,,,,,,,,,,,,,,,,100,27748,100,44402255224,100,120482924740,,,,,,,,,,
2019-01-21,Z304KCV8,ST4000DM000,4000787030016,0,116,110892256,,,91,0,100,15,100,0,84,243250898,,,69,27828,100,0,,,100,15,,,,,,,,,,,,,,,,,,,,,,,,,,,,,,,100,0,100,0,100,0,100,0,100,0,79,21,100,0,100,0,97,7051,21,21,,,,,100,0,100,0,200,0,,,,,,,,,,,,,,,,,,,,,,,,,,,100,27771,100,44405158704,100,120642452885,,,,,,,,,,
2019-01-22,Z304KCV8,ST4000DM000,4000787030016,0,115,88100616,,,91,0,100,15,100,0,84,244290171,,,69,27851,100,0,,,100,15,,,,,,,,,,,,,,,,,,,,,,,,,,,,,,,100,0,100,0,100,0,100,0,100,0,77,23,100,0,100,0,97,7057,23,23,,,,,100,0,100,0,200,0,,,,,,,,,,,,,,,,,,,,,,,,,,,100,27795,100,44407253000,100,120791491715,,,,,,,,,,
2019-01-23,Z304KCV8,ST4000DM000,4000787030016,0,114,83544888,,,91,0,100,15,100,0,84,245422622,,,69,27887,100,0,,,100,15,,,,,,,,,,,,,,,,,,,,,,,,,,,,,,,100,0,100,0,100,0,100,0,100,0,77,23,100,0,100,0,97,7063,23,23,,,,,100,0,100,0,200,0,,,,,,,,,,,,,,,,,,,,,,,,,,,100,27830,100,44411443104,100,120997213550,,,,,,,,,,
2019-01-24,Z304KCV8,ST4000DM000,4000787030016,0,111,40002376,,,91,0,100,15,100,0,84,246794853,,,69,27910,100,0,,,100,15,,,,,,,,,,,,,,,,,,,,,,,,,,,,,,,100,0,100,0,100,0,100,0,100,0,78,22,100,0,100,0,97,7068,22,22,,,,,100,0,100,0,200,0,,,,,,,,,,,,,,,,,,,,,,,,,,,100,27853,100,44417640960,100,121147616008,,,,,,,,,,
2019-01-25,Z304KCV8,ST4000DM000,4000787030016,0,118,199368448,,,91,0,100,15,100,0,84,247400411,,,69,27933,100,0,,,100,15,,,,,,,,,,,,,,,,,,,,,,,,,,,,,,,100,0,100,0,100,0,100,0,100,0,78,22,100,0,100,0,97,7071,22,22,,,,,100,0,100,0,200,0,,,,,,,,,,,,,,,,,,,,,,,,,,,100,27877,100,44418983384,100,121273468239,,,,,,,,,,
2019-01-26,Z304KCV8,ST4000DM000,4000787030016,0,118,180431512,,,91,0,100,15,100,0,84,248440232,,,69,27957,100,0,,,100,15,,,,,,,,,,,,,,,,,,,,,,,,,,,,,,,100,0,100,0,100,0,100,0,100,0,79,21,100,0,100,0,97,7076,21,21,,,,,100,0,100,0,200,0,,,,,,,,,,,,,,,,,,,,,,,,,,,100,27900,100,44422805120,100,121375204372,,,,,,,,,,
2019-01-27,Z304KCV8,ST4000DM000,4000787030016,0,112,47284192,,,91,0,100,15,100,0,84,249489777,,,69,27980,100,0,,,100,15,,,,,,,,,,,,,,,,,,,,,,,,,,,,,,,100,0,100,0,100,0,100,0,100,0,79,21,100,0,100,0,97,7110,21,21,,,,,100,0,100,0,200,0,,,,,,,,,,,,,,,,,,,,,,,,,,,100,27923,100,44425405896,100,121551057323,,,,,,,,,,
2019-01-28,Z304KCV8,ST4000DM000,4000787030016,0,113,57755376,,,91,0,100,15,100,0,84,249975595,,,69,28004,100,0,,,100,15,,,,,,,,,,,,,,,,,,,,,,,,,,,,,,,100,0,100,0,100,0,100,0,100,0,79,21,100,0,100,0,97,7113,21,21,,,,,100,0,100,0,200,0,,,,,,,,,,,,,,,,,,,,,,,,,,,100,27947,100,44429004600,100,121716611213,,,,,,,,,,
2019-01-29,Z304KCV8,ST4000DM000,4000787030016,0,108,20584056,,,91,0,100,15,100,0,84,250338059,,,69,28027,100,0,,,100,15,,,,,,,,,,,,,,,,,,,,,,,,,,,,,,,100,0,100,0,100,0,100,0,100,0,79,21,100,0,100,0,97,7115,21,21,,,,,100,0,100,0,200,0,,,,,,,,,,,,,,,,,,,,,,,,,,,100,27970,100,44431163944,100,121881102892,,,,,,,,,,
2019-01-30,Z304KCV8,ST4000DM000,4000787030016,0,119,210860664,,,91,0,100,15,100,0,84,250737399,,,68,28051,100,0,,,100,15,,,,,,,,,,,,,,,,,,,,,,,,,,,,,,,100,0,100,0,100,0,100,0,100,0,78,22,100,0,100,0,97,7117,22,22,,,,,100,0,100,0,200,0,,,,,,,,,,,,,,,,,,,,,,,,,,,100,27994,100,44433663072,100,122033206330,,,,,,,,,,
2019-01-31,Z304KCV8,ST4000DM000,4000787030016,0,116,103630744,,,91,0,100,15,100,0,84,251758880,,,68,28074,100,0,,,100,15,,,,,,,,,,,,,,,,,,,,,,,,,,,,,,,100,0,100,0,100,0,100,0,100,0,79,21,100,0,100,0,97,7120,21,21,,,,,100,0,100,0,200,0,,,,,,,,,,,,,,,,,,,,,,,,,,,100,28017,100,44439000504,100,122214819531,,,,,,,,,,
2019-02-01,Z304KCV8,ST4000DM000,4000787030016,0,116,109698808,,,91,0,100,15,100,0,84,252191633,,,68,28097,100,0,,,100,15,,,,,,,,,,,,,,,,,,,,,,,,,,,,,,,100,0,100,0,100,0,100,0,100,0,78,22,100,0,100,0,97,7127,22,22,,,,,100,0,100,0,200,0,,,,,,,,,,,,,,,,,,,,,,,,,,,100,28040,100,44440954440,100,122353382060,,,,,,,,,,
2019-02-02,Z304KCV8,ST4000DM000,4000787030016,0,117,122282048,,,91,0,100,15,100,0,84,253089823,,,68,28120,100,0,,,100,15,,,,,,,,,,,,,,,,,,,,,,,,,,,,,,,100,0,100,0,100,0,100,0,100,0,79,21,100,0,100,0,97,7133,21,21,,,,,100,0,100,0,200,0,,,,,,,,,,,,,,,,,,,,,,,,,,,100,28064,100,44443843696,100,122518803489,,,,,,,,,,
2019-02-03,Z304KCV8,ST4000DM000,4000787030016,0,116,103642672,,,91,0,100,15,100,0,84,255750832,,,68,28156,100,0,,,100,15,,,,,,,,,,,,,,,,,,,,,,,,,,,,,,,100,0,100,0,100,0,100,0,100,0,78,22,100,0,100,0,97,7141,22,22,,,,,100,0,100,0,200,0,,,,,,,,,,,,,,,,,,,,,,,,,,,100,28099,100,44449880232,100,122771963822,,,,,,,,,,
2019-02-04,Z304KCV8,ST4000DM000,4000787030016,0,117,135602992,,,91,0,100,15,100,0,84,257293750,,,68,28179,100,0,,,100,15,,,,,,,,,,,,,,,,,,,,,,,,,,,,,,,100,0,100,0,100,0,100,0,100,0,78,22,100,0,100,0,97,7144,22,22,,,,,100,0,100,0,200,0,,,,,,,,,,,,,,,,,,,,,,,,,,,100,28122,100,44451680336,100,122932233033,,,,,,,,,,
2019-02-05,Z304KCV8,ST4000DM000,4000787030016,0,109,21530880,,,91,0,100,15,100,0,84,258308624,,,68,28202,100,0,,,100,15,,,,,,,,,,,,,,,,,,,,,,,,,,,,,,,100,0,100,0,100,0,100,0,100,0,78,22,100,0,100,0,97,7148,22,22,,,,,100,0,100,0,200,0,,,,,,,,,,,,,,,,,,,,,,,,,,,100,28146,100,44453700816,100,123087587333,,,,,,,,,,
2019-02-06,Z304KCV8,ST4000DM000,4000787030016,0,114,69810552,,,91,0,100,15,100,0,84,258897879,,,68,28226,100,0,,,100,15,,,,,,,,,,,,,,,,,,,,,,,,,,,,,,,100,0,100,0,100,0,100,0,100,0,77,23,100,0,100,0,97,7150,23,23,,,,,100,0,100,0,200,0,,,,,,,,,,,,,,,,,,,,,,,,,,,100,28169,100,44455626304,100,123213267120,,,,,,,,,,
2019-02-07,Z304KCV8,ST4000DM000,4000787030016,0,120,235632752,,,91,0,100,15,100,0,84,260318243,,,68,28249,100,0,,,100,15,,,,,,,,,,,,,,,,,,,,,,,,,,,,,,,100,0,100,0,100,0,100,0,100,0,78,22,100,0,100,0,97,7154,22,22,,,,,100,0,100,0,200,0,,,,,,,,,,,,,,,,,,,,,,,,,,,100,28192,100,44460464360,100,123381687684,,,,,,,,,,
2019-02-08,Z304KCV8,ST4000DM000,4000787030016,0,118,168891936,,,91,0,100,15,100,0,84,260994231,,,68,28273,100,0,,,100,15,,,,,,,,,,,,,,,,,,,,,,,,,,,,,,,100,0,100,0,100,0,100,0,100,0,77,23,100,0,100,0,97,7158,23,23,,,,,100,0,100,0,200,0,,,,,,,,,,,,,,,,,,,,,,,,,,,100,28216,100,44462192864,100,123509731102,,,,,,,,,,
2019-02-09,Z304KCV8,ST4000DM000,4000787030016,0,114,64979664,,,91,0,100,15,100,0,84,262275791,,,68,28296,100,0,,,100,15,,,,,,,,,,,,,,,,,,,,,,,,,,,,,,,100,0,100,0,100,0,100,0,100,0,78,22,100,0,100,0,97,7183,22,22,,,,,100,0,100,0,200,0,,,,,,,,,,,,,,,,,,,,,,,,,,,100,28239,100,44467007408,100,123626133997,,,,,,,,,,
2019-02-10,Z304KCV8,ST4000DM000,4000787030016,0,115,86878920,,,91,0,100,15,100,0,84,264069909,,,68,28319,100,0,,,100,15,,,,,,,,,,,,,,,,,,,,,,,,,,,,,,,100,0,100,0,100,0,100,0,100,0,78,22,100,0,100,0,97,7184,22,22,,,,,100,0,100,0,200,0,,,,,,,,,,,,,,,,,,,,,,,,,,,100,28262,100,44469548960,100,123792435579,,,,,,,,,,
2019-02-11,Z304KCV8,ST4000DM000,4000787030016,0,118,179903512,,,91,0,100,15,100,0,84,264903397,,,68,28343,100,0,,,100,15,,,,,,,,,,,,,,,,,,,,,,,,,,,,,,,100,0,100,0,100,0,100,0,100,0,77,23,100,0,100,0,97,7190,23,23,,,,,100,0,100,0,200,0,,,,,,,,,,,,,,,,,,,,,,,,,,,100,28286,100,44471470368,100,123934621779,,,,,,,,,,
2019-02-12,Z304KCV8,ST4000DM000,4000787030016,0,119,203125080,,,91,0,100,15,100,0,84,265694187,,,68,28366,100,0,,,100,15,,,,,,,,,,,,,,,,,,,,,,,,,,,,,,,100,0,100,0,100,0,100,0,100,0,77,23,100,0,100,0,97,7193,23,23,,,,,100,0,100,0,200,0,,,,,,,,,,,,,,,,,,,,,,,,,,,100,28309,100,44473404280,100,124092816430,,,,,,,,,,
2019-02-13,Z304KCV8,ST4000DM000,4000787030016,0,115,86412768,,,91,0,100,15,100,0,84,266306948,,,68,28390,100,0,,,100,15,,,,,,,,,,,,,,,,,,,,,,,,,,,,,,,100,0,100,0,100,0,100,0,100,0,78,22,100,0,100,0,97,7196,22,22,,,,,100,0,100,0,200,0,,,,,,,,,,,,,,,,,,,,,,,,,,,100,28333,100,44475513248,100,124215630394,,,,,,,,,,
2019-02-14,Z304KCV8,ST4000DM000,4000787030016,0,117,154832888,,,91,0,100,15,100,0,84,267704173,,,68,28413,100,0,,,100,15,,,,,,,,,,,,,,,,,,,,,,,,,,,,,,,100,0,100,0,100,0,100,0,100,0,79,21,100,0,100,0,97,7198,21,21,,,,,100,0,100,0,200,0,,,,,,,,,,,,,,,,,,,,,,,,,,,100,28356,100,44480511744,100,124342228648,,,,,,,,,,
2019-02-15,Z304KCV8,ST4000DM000,4000787030016,0,119,234166200,,,91,0,100,15,100,0,84,268254355,,,68,28437,100,0,,,100,15,,,,,,,,,,,,,,,,,,,,,,,,,,,,,,,100,0,100,0,100,0,100,0,100,0,79,21,100,0,100,0,97,7201,21,21,,,,,100,0,100,0,200,0,,,,,,,,,,,,,,,,,,,,,,,,,,,100,28380,100,44482304176,100,124427343413,,,,,,,,,,
2019-02-16,Z304KCV8,ST4000DM000,4000787030016,0,117,136134304,,,91,0,100,15,100,0,84,269037532,,,68,28460,100,0,,,100,15,,,,,,,,,,,,,,,,,,,,,,,,,,,,,,,100,0,100,0,100,0,100,0,100,0,78,22,100,0,100,0,97,7233,22,22,,,,,100,0,100,0,200,0,,,,,,,,,,,,,,,,,,,,,,,,,,,100,28403,100,44484400848,100,124532461598,,,,,,,,,,
2019-02-17,Z304KCV8,ST4000DM000,4000787030016,0,117,167052944,,,91,0,100,15,100,0,84,270111426,,,68,28484,100,0,,,100,15,,,,,,,,,,,,,,,,,,,,,,,,,,,,,,,100,0,100,0,100,0,100,0,100,0,79,21,100,0,100,0,97,7272,21,21,,,,,100,0,100,0,200,0,,,,,,,,,,,,,,,,,,,,,,,,,,,100,28427,100,44487903992,100,124653914678,,,,,,,,,,
2019-02-18,Z304KCV8,ST4000DM000,4000787030016,0,117,131259032,,,91,0,100,15,100,0,84,271006934,,,68,28508,100,0,,,100,15,,,,,,,,,,,,,,,,,,,,,,,,,,,,,,,100,0,100,0,100,0,100,0,100,0,78,22,100,0,100,0,97,7276,22,22,,,,,100,0,100,0,200,0,,,,,,,,,,,,,,,,,,,,,,,,,,,100,28450,100,44489806816,100,124807633165,,,,,,,,,,
2019-02-19,Z304KCV8,ST4000DM000,4000787030016,0,117,119800192,,,91,0,100,15,100,0,84,272413760,,,68,28531,100,0,,,100,15,,,,,,,,,,,,,,,,,,,,,,,,,,,,,,,100,0,100,0,100,0,100,0,100,0,78,22,100,0,100,0,97,7280,22,22,,,,,100,0,100,0,200,0,,,,,,,,,,,,,,,,,,,,,,,,,,,100,28474,100,44494332336,100,124956771034,,,,,,,,,,
2019-02-20,Z304KCV8,ST4000DM000,4000787030016,0,110,25324224,,,91,0,100,15,100,0,84,273197006,,,68,28555,100,0,,,100,15,,,,,,,,,,,,,,,,,,,,,,,,,,,,,,,100,0,100,0,100,0,100,0,100,0,77,23,100,0,100,0,97,7283,23,23,,,,,100,0,100,0,200,0,,,,,,,,,,,,,,,,,,,,,,,,,,,100,28497,100,44496256512,100,125090452178,,,,,,,,,,
2019-02-21,Z304KCV8,ST4000DM000,4000787030016,0,106,12411864,,,91,0,100,15,100,0,84,274321062,,,68,28578,100,0,,,100,15,,,,,,,,,,,,,,,,,,,,,,,,,,,,,,,100,0,100,0,100,0,100,0,100,0,78,22,100,0,100,0,97,7286,22,22,,,,,100,0,100,0,200,0,,,,,,,,,,,,,,,,,,,,,,,,,,,100,28521,100,44501350352,100,125171714590,,,,,,,,,,
2019-02-22,Z304KCV8,ST4000DM000,4000787030016,0,108,16743992,,,91,0,100,15,100,0,84,275406030,,,68,28602,100,0,,,100,15,,,,,,,,,,,,,,,,,,,,,,,,,,,,,,,100,0,100,0,100,0,100,0,100,0,77,23,100,0,100,0,97,7293,23,23,,,,,100,0,100,0,200,0,,,,,,,,,,,,,,,,,,,,,,,,,,,100,28544,100,44503031904,100,125324031022,,,,,,,,,,
2019-02-23,Z304KCV8,ST4000DM000,4000787030016,0,109,24169216,,,91,0,100,15,100,0,84,277702772,,,68,28637,100,0,,,100,15,,,,,,,,,,,,,,,,,,,,,,,,,,,,,,,100,0,100,0,100,0,100,0,100,0,77,23,100,0,100,0,97,7299,23,23,,,,,100,0,100,0,200,0,,,,,,,,,,,,,,,,,,,,,,,,,,,100,28580,100,44508885408,100,125542203391,,,,,,,,,,
2019-02-24,Z304KCV8,ST4000DM000,4000787030016,0,119,210115744,,,91,0,100,15,100,0,84,278738117,,,68,28660,100,0,,,100,15,,,,,,,,,,,,,,,,,,,,,,,,,,,,,,,100,0,100,0,100,0,100,0,100,0,78,22,100,0,100,0,97,7303,22,22,,,,,100,0,100,0,200,0,,,,,,,,,,,,,,,,,,,,,,,,,,,100,28603,100,44510855720,100,125697406045,,,,,,,,,,
2019-02-25,Z304KCV8,ST4000DM000,4000787030016,0,117,159281912,,,91,0,100,15,100,0,84,279631881,,,68,28684,100,0,,,100,15,,,,,,,,,,,,,,,,,,,,,,,,,,,,,,,100,0,100,0,100,0,100,0,100,0,78,22,100,0,100,0,97,7307,22,22,,,,,100,0,100,0,200,0,,,,,,,,,,,,,,,,,,,,,,,,,,,100,28626,100,44513098280,100,125830569157,,,,,,,,,,
2019-02-26,Z304KCV8,ST4000DM000,4000787030016,0,114,77427816,,,91,0,100,15,100,0,84,280924040,,,68,28707,100,0,,,100,15,,,,,,,,,,,,,,,,,,,,,,,,,,,,,,,100,0,100,0,100,0,100,0,100,0,78,22,100,0,100,0,97,7308,22,22,,,,,100,0,100,0,200,0,,,,,,,,,,,,,,,,,,,,,,,,,,,100,28650,100,44517348584,100,125971312169,,,,,,,,,,
2019-02-27,Z304KCV8,ST4000DM000,4000787030016,0,117,122104664,,,91,0,100,15,100,0,84,281566120,,,68,28731,100,0,,,100,15,,,,,,,,,,,,,,,,,,,,,,,,,,,,,,,100,0,100,0,100,0,100,0,100,0,78,22,100,0,100,0,97,7313,22,22,,,,,100,0,100,0,200,0,,,,,,,,,,,,,,,,,,,,,,,,,,,100,28673,100,44518968016,100,126099943993,,,,,,,,,,
2019-02-28,Z304KCV8,ST4000DM000,4000787030016,0,117,126069792,,,91,0,100,15,100,0,84,282538648,,,68,28742,100,0,,,100,15,,,,,,,,,,,,,,,,,,,,,,,,,,,,,,,100,0,100,0,100,0,100,0,100,0,79,21,100,0,100,0,97,7313,21,21,,,,,100,0,100,0,200,0,,,,,,,,,,,,,,,,,,,,,,,,,,,100,28685,100,44522703496,100,126171290509,,,,,,,,,,
2019-03-01,Z304KCV8,ST4000DM000,4000787030016,0,109,22019064,,,91,0,100,15,100,0,84,283018997,,,68,28766,100,0,,,100,15,,,,,,,,,,,,,,,,,,,,,,,,,,,,,,,100,0,100,0,100,0,100,0,100,0,78,22,100,0,100,0,97,7350,22,22,,,,,100,0,100,0,200,0,,,,,,,,,,,,,,,,,,,,,,,,,,,100,28708,100,44524733464,100,126326378717,,,,,,,,,,
2019-03-02,Z304KCV8,ST4000DM000,4000787030016,0,118,181391112,,,91,0,100,15,100,0,84,283440926,,,68,28789,100,0,,,100,15,,,,,,,,,,,,,,,,,,,,,,,,,,,,,,,100,0,100,0,100,0,100,0,100,0,78,22,100,0,100,0,97,7354,22,22,,,,,100,0,100,0,200,0,,,,,,,,,,,,,,,,,,,,,,,,,,,100,28731,100,44527113656,100,126492341253,,,,,,,,,,
2019-03-03,Z304KCV8,ST4000DM000,4000787030016,0,119,221274288,,,91,0,100,15,100,0,84,284454190,,,68,28813,100,0,,,100,15,,,,,,,,,,,,,,,,,,,,,,,,,,,,,,,100,0,100,0,100,0,100,0,100,0,76,24,100,0,100,0,97,7369,24,24,,,,,100,0,100,0,200,0,,,,,,,,,,,,,,,,,,,,,,,,,,,100,28755,100,44532274728,100,126635490563,,,,,,,,,,
2019-03-04,Z304KCV8,ST4000DM000,4000787030016,0,119,215054504,,,91,0,100,15,100,0,84,284879941,,,68,28836,100,0,,,100,15,,,,,,,,,,,,,,,,,,,,,,,,,,,,,,,100,0,100,0,100,0,100,0,100,0,78,22,100,0,100,0,97,7372,22,22,,,,,100,0,100,0,200,0,,,,,,,,,,,,,,,,,,,,,,,,,,,100,28778,100,44535245592,100,126799899544,,,,,,,,,,
2019-03-05,Z304KCV8,ST4000DM000,4000787030016,0,115,100135992,,,91,0,100,15,100,0,84,286049461,,,68,28860,100,0,,,100,15,,,,,,,,,,,,,,,,,,,,,,,,,,,,,,,100,0,100,0,100,0,100,0,100,0,78,22,100,0,100,0,97,7375,22,22,,,,,100,0,100,0,200,0,,,,,,,,,,,,,,,,,,,,,,,,,,,100,28802,100,44540531176,100,126970159564,,,,,,,,,,
2019-03-06,Z304KCV8,ST4000DM000,4000787030016,0,114,70981712,,,91,0,100,15,100,0,84,286439125,,,68,28883,100,0,,,100,15,,,,,,,,,,,,,,,,,,,,,,,,,,,,,,,100,0,100,0,100,0,100,0,100,0,78,22,100,0,100,0,97,7377,22,22,,,,,100,0,100,0,200,0,,,,,,,,,,,,,,,,,,,,,,,,,,,100,28825,100,44542718512,100,127125783694,,,,,,,,,,
2019-03-07,Z304KCV8,ST4000DM000,4000787030016,0,117,128728896,,,91,0,100,15,100,0,84,287831724,,,68,28907,100,0,,,100,15,,,,,,,,,,,,,,,,,,,,,,,,,,,,,,,100,0,100,0,100,0,100,0,100,0,78,22,100,0,100,0,97,7381,22,22,,,,,100,0,100,0,200,0,,,,,,,,,,,,,,,,,,,,,,,,,,,100,28849,100,44547643960,100,127297407961,,,,,,,,,,
2019-03-08,Z304KCV8,ST4000DM000,4000787030016,0,115,95768960,,,91,0,100,15,100,0,84,288679489,,,67,28930,100,0,,,100,15,,,,,,,,,,,,,,,,,,,,,,,,,,,,,,,100,0,100,0,100,0,100,0,100,0,78,22,100,0,100,0,97,7385,22,22,,,,,100,0,100,0,200,0,,,,,,,,,,,,,,,,,,,,,,,,,,,100,28872,100,44549616064,100,127458603453,,,,,,,,,,
2019-03-09,Z304KCV8,ST4000DM000,4000787030016,0,114,72034512,,,91,0,100,15,100,0,84,290188658,,,67,28954,100,0,,,100,15,,,,,,,,,,,,,,,,,,,,,,,,,,,,,,,100,0,100,0,100,0,100,0,100,0,78,22,100,0,100,0,97,7387,22,22,,,,,100,0,100,0,200,0,,,,,,,,,,,,,,,,,,,,,,,,,,,100,28896,100,44553279384,100,127647295954,,,,,,,,,,
2019-03-10,Z304KCV8,ST4000DM000,4000787030016,0,115,86348152,,,91,0,100,15,100,0,84,292585482,,,67,28989,100,0,,,100,15,,,,,,,,,,,,,,,,,,,,,,,,,,,,,,,100,0,100,0,100,0,100,0,100,0,77,23,100,0,100,0,97,7412,23,23,,,,,100,0,100,0,200,0,,,,,,,,,,,,,,,,,,,,,,,,,,,100,28931,100,44561795560,100,127863326225,,,,,,,,,,
2019-03-11,Z304KCV8,ST4000DM000,4000787030016,0,118,178988680,,,91,0,100,15,100,0,84,293852414,,,67,29013,100,0,,,100,15,,,,,,,,,,,,,,,,,,,,,,,,,,,,,,,100,0,100,0,100,0,100,0,100,0,78,22,100,0,100,0,97,7416,22,22,,,,,100,0,100,0,200,0,,,,,,,,,,,,,,,,,,,,,,,,,,,100,28954,100,44566078464,100,128000680491,,,,,,,,,,
2019-03-12,Z304KCV8,ST4000DM000,4000787030016,0,114,59599352,,,91,0,100,15,100,0,84,294558091,,,67,29036,100,0,,,100,15,,,,,,,,,,,,,,,,,,,,,,,,,,,,,,,100,0,100,0,100,0,100,0,100,0,78,22,100,0,100,0,97,7419,22,22,,,,,100,0,100,0,200,0,,,,,,,,,,,,,,,,,,,,,,,,,,,100,28978,100,44567881376,100,128155801972,,,,,,,,,,
2019-03-13,Z304KCV8,ST4000DM000,4000787030016,0,120,242808016,,,91,0,100,15,100,0,84,295250472,,,67,29060,100,0,,,100,15,,,,,,,,,,,,,,,,,,,,,,,,,,,,,,,100,0,100,0,100,0,100,0,100,0,79,21,100,0,100,0,97,7423,21,21,,,,,100,0,100,0,200,0,,,,,,,,,,,,,,,,,,,,,,,,,,,100,29002,100,44570283776,100,128285289312,,,,,,,,,,
2019-03-14,Z304KCV8,ST4000DM000,4000787030016,0,118,197960296,,,91,0,100,15,100,0,84,296744273,,,67,29083,100,0,,,100,15,,,,,,,,,,,,,,,,,,,,,,,,,,,,,,,100,0,100,0,100,0,100,0,100,0,79,21,100,0,100,0,97,7427,21,21,,,,,100,0,100,0,200,0,,,,,,,,,,,,,,,,,,,,,,,,,,,100,29025,100,44575004600,100,128432773506,,,,,,,,,,
2019-03-15,Z304KCV8,ST4000DM000,4000787030016,0,120,240771224,,,91,0,100,15,100,0,84,297933729,,,67,29107,100,0,,,100,15,,,,,,,,,,,,,,,,,,,,,,,,,,,,,,,100,0,100,0,100,0,100,0,100,0,79,21,100,0,100,0,97,7431,21,21,,,,,100,0,100,0,200,0,,,,,,,,,,,,,,,,,,,,,,,,,,,100,29049,100,44577046432,100,128593633534,,,,,,,,,,
2019-03-16,Z304KCV8,ST4000DM000,4000787030016,0,101,3394864,,,91,0,100,15,100,0,84,298839154,,,67,29131,100,0,,,100,15,,,,,,,,,,,,,,,,,,,,,,,,,,,,,,,100,0,100,0,100,0,100,0,100,0,80,20,100,0,100,0,97,7484,20,20,,,,,100,0,100,0,200,0,,,,,,,,,,,,,,,,,,,,,,,,,,,100,29072,100,44579559984,100,128723124007,,,,,,,,,,
2019-03-17,Z304KCV8,ST4000DM000,4000787030016,0,119,201550784,,,91,0,100,15,100,0,84,299936566,,,67,29154,100,0,,,100,15,,,,,,,,,,,,,,,,,,,,,,,,,,,,,,,100,0,100,0,100,0,100,0,100,0,79,21,100,0,100,0,97,7486,21,21,,,,,100,0,100,0,200,0,,,,,,,,,,,,,,,,,,,,,,,,,,,100,29096,100,44582871232,100,128870490373,,,,,,,,,,
2019-03-18,Z304KCV8,ST4000DM000,4000787030016,0,119,202045656,,,91,0,100,15,100,0,84,300627688,,,67,29178,100,0,,,100,15,,,,,,,,,,,,,,,,,,,,,,,,,,,,,,,100,0,100,0,100,0,100,0,100,0,80,20,100,0,100,0,97,7490,20,20,,,,,100,0,100,0,200,0,,,,,,,,,,,,,,,,,,,,,,,,,,,100,29119,100,44584631744,100,129000974742,,,,,,,,,,
2019-03-19,Z304KCV8,ST4000DM000,4000787030016,0,117,143940432,,,91,0,100,15,100,0,84,302241120,,,67,29201,100,0,,,100,15,,,,,,,,,,,,,,,,,,,,,,,,,,,,,,,100,0,100,0,100,0,100,0,100,0,79,21,100,0,100,0,97,7493,21,21,,,,,100,0,100,0,200,0,,,,,,,,,,,,,,,,,,,,,,,,,,,100,29143,100,44589751664,100,129116880005,,,,,,,,,,
2019-03-20,Z304KCV8,ST4000DM000,4000787030016,0,119,232936280,,,91,0,100,15,100,0,84,303000810,,,67,29225,100,0,,,100,15,,,,,,,,,,,,,,,,,,,,,,,,,,,,,,,100,0,100,0,100,0,100,0,100,0,79,21,100,0,100,0,97,7497,21,21,,,,,100,0,100,0,200,0,,,,,,,,,,,,,,,,,,,,,,,,,,,100,29166,100,44591374512,100,129242397812,,,,,,,,,,
2019-03-21,Z304KCV8,ST4000DM000,4000787030016,0,119,227485840,,,91,0,100,15,100,0,84,304396412,,,67,29248,100,0,,,100,15,,,,,,,,,,,,,,,,,,,,,,,,,,,,,,,100,0,100,0,100,0,100,0,100,0,79,21,100,0,100,0,97,7500,21,21,,,,,100,0,100,0,200,0,,,,,,,,,,,,,,,,,,,,,,,,,,,100,29190,100,44595778352,100,129394245791,,,,,,,,,,
2019-03-22,Z304KCV8,ST4000DM000,4000787030016,0,114,62997432,,,91,0,100,15,100,0,84,305404363,,,67,29272,100,0,,,100,15,,,,,,,,,,,,,,,,,,,,,,,,,,,,,,,100,0,100,0,100,0,100,0,100,0,78,22,100,0,100,0,97,7505,22,22,,,,,100,0,100,0,200,0,,,,,,,,,,,,,,,,,,,,,,,,,,,100,29214,100,44597847208,100,129546344155,,,,,,,,,,
2019-03-23,Z304KCV8,ST4000DM000,4000787030016,0,112,49531536,,,91,0,100,15,100,0,84,306282276,,,67,29295,100,0,,,100,15,,,,,,,,,,,,,,,,,,,,,,,,,,,,,,,100,0,100,0,100,0,100,0,100,0,79,21,100,0,100,0,97,7510,21,21,,,,,100,0,100,0,200,0,,,,,,,,,,,,,,,,,,,,,,,,,,,100,29237,100,44607225344,100,129681948762,,,,,,,,,,
2019-03-24,Z304KCV8,ST4000DM000,4000787030016,0,117,153184616,,,91,0,100,15,100,0,84,307400713,,,67,29319,100,0,,,100,15,,,,,,,,,,,,,,,,,,,,,,,,,,,,,,,100,0,100,0,100,0,100,0,100,0,79,21,100,0,100,0,97,7537,21,21,,,,,100,0,100,0,200,0,,,,,,,,,,,,,,,,,,,,,,,,,,,100,29260,100,44611335944,100,129773086273,,,,,,,,,,
2019-03-25,Z304KCV8,ST4000DM000,4000787030016,0,114,65759016,,,91,0,100,15,100,0,84,308230472,,,67,29342,100,0,,,100,15,,,,,,,,,,,,,,,,,,,,,,,,,,,,,,,100,0,100,0,100,0,100,0,100,0,78,22,100,0,100,0,97,7542,22,22,,,,,100,0,100,0,200,0,,,,,,,,,,,,,,,,,,,,,,,,,,,100,29284,100,44613157008,100,129896161148,,,,,,,,,,
2019-03-26,Z304KCV8,ST4000DM000,4000787030016,0,111,35167288,,,91,0,100,15,100,0,84,309381252,,,67,29366,100,0,,,100,15,,,,,,,,,,,,,,,,,,,,,,,,,,,,,,,100,0,100,0,100,0,100,0,100,0,77,23,100,0,100,0,97,7546,23,23,,,,,100,0,100,0,200,0,,,,,,,,,,,,,,,,,,,,,,,,,,,100,29307,100,44615064864,100,130038687013,,,,,,,,,,
2019-03-27,Z304KCV8,ST4000DM000,4000787030016,0,112,42418864,,,91,0,100,15,100,0,84,310564426,,,67,29389,100,0,,,100,15,,,,,,,,,,,,,,,,,,,,,,,,,,,,,,,100,0,100,0,100,0,100,0,100,0,78,22,100,0,100,0,97,7552,22,22,,,,,100,0,100,0,200,0,,,,,,,,,,,,,,,,,,,,,,,,,,,100,29331,100,44616868456,100,130189686501,,,,,,,,,,
2019-03-28,Z304KCV8,ST4000DM000,4000787030016,0,112,45775936,,,91,0,100,15,100,0,84,312400080,,,67,29424,100,0,,,100,15,,,,,,,,,,,,,,,,,,,,,,,,,,,,,,,100,0,100,0,100,0,100,0,100,0,78,22,100,0,100,0,97,7557,22,22,,,,,100,0,100,0,200,0,,,,,,,,,,,,,,,,,,,,,,,,,,,100,29366,100,44621943768,100,130406143217,,,,,,,,,,
2019-03-29,Z304KCV8,ST4000DM000,4000787030016,0,113,52851136,,,91,0,100,15,100,0,84,313802606,,,67,29448,100,0,,,100,15,,,,,,,,,,,,,,,,,,,,,,,,,,,,,,,100,0,100,0,100,0,100,0,100,0,79,21,100,0,100,0,97,7559,21,21,,,,,100,0,100,0,200,0,,,,,,,,,,,,,,,,,,,,,,,,,,,100,29389,100,44623887000,100,130547384404,,,,,,,,,,
2019-03-30,Z304KCV8,ST4000DM000,4000787030016,0,108,14753424,,,91,0,100,15,100,0,84,314518961,,,67,29471,100,0,,,100,15,,,,,,,,,,,,,,,,,,,,,,,,,,,,,,,100,0,100,0,100,0,100,0,100,0,78,22,100,0,100,0,97,7568,22,22,,,,,100,0,100,0,200,0,,,,,,,,,,,,,,,,,,,,,,,,,,,100,29412,100,44626548576,100,130675712963,,,,,,,,,,
2019-03-31,Z304KCV8,ST4000DM000,4000787030016,0,117,163442680,,,91,0,100,15,100,0,84,315032010,,,67,29494,100,0,,,100,15,,,,,,,,,,,,,,,,,,,,,,,,,,,,,,,100,0,100,0,100,0,100,0,100,0,79,21,100,0,100,0,97,7614,21,21,,,,,100,0,100,0,200,0,,,,,,,,,,,,,,,,,,,,,,,,,,,100,29435,100,44628133448,100,130785259433,,,,,,,,,,
2019-04-01,Z304KCV8,ST4000DM000,4000787030016,0,114,78405192,,,91,0,100,15,100,0,84,315465792,,,67,29518,100,0,,,100,15,,,,,,,,,,,,,,,,,,,,,,,,,,,,,,,100,0,100,0,100,0,100,0,100,0,78,22,100,0,100,0,97,7618,22,22,,,,,100,0,100,0,200,0,,,,,,,,,,,,,,,,,,,,,,,,,,,100,29459,100,44630840200,100,130967484160,,,,,,,,,,
2019-04-02,Z304KCV8,ST4000DM000,4000787030016,0,117,155180424,,,91,0,100,15,100,0,84,315889170,,,67,29541,100,0,,,100,15,,,,,,,,,,,,,,,,,,,,,,,,,,,,,,,100,0,100,0,100,0,100,0,100,0,79,21,100,0,100,0,97,7624,21,21,,,,,100,0,100,0,200,0,,,,,,,,,,,,,,,,,,,,,,,,,,,100,29482,100,44633141848,100,131129495379,,,,,,,,,,
2019-04-03,Z304KCV8,ST4000DM000,4000787030016,0,116,113872824,,,91,0,100,15,100,0,84,316273036,,,67,29565,100,0,,,100,15,,,,,,,,,,,,,,,,,,,,,,,,,,,,,,,100,0,100,0,100,0,100,0,100,0,78,22,100,0,100,0,97,7626,22,22,,,,,100,0,100,0,200,0,,,,,,,,,,,,,,,,,,,,,,,,,,,100,29505,100,44635247992,100,131291753231,,,,,,,,,,
2019-04-04,Z304KCV8,ST4000DM000,4000787030016,0,117,147355424,,,91,0,100,15,100,0,84,317322634,,,67,29588,100,0,,,100,15,,,,,,,,,,,,,,,,,,,,,,,,,,,,,,,100,0,100,0,100,0,100,0,100,0,79,21,100,0,100,0,97,7630,21,21,,,,,100,0,100,0,200,0,,,,,,,,,,,,,,,,,,,,,,,,,,,100,29529,100,44639978960,100,131464170912,,,,,,,,,,
2019-04-05,Z304KCV8,ST4000DM000,4000787030016,0,115,96027536,,,91,0,100,15,100,0,84,317682078,,,67,29611,100,0,,,100,15,,,,,,,,,,,,,,,,,,,,,,,,,,,,,,,100,0,100,0,100,0,100,0,100,0,79,21,100,0,100,0,97,7634,21,21,,,,,100,0,100,0,200,0,,,,,,,,,,,,,,,,,,,,,,,,,,,100,29552,100,44642050600,100,131626175696,,,,,,,,,,
2019-04-06,Z304KCV8,ST4000DM000,4000787030016,0,116,108933464,,,91,0,100,15,100,0,84,319528492,,,67,29635,100,0,,,100,15,,,,,,,,,,,,,,,,,,,,,,,,,,,,,,,100,0,100,0,100,0,100,0,100,0,79,21,100,0,100,0,97,7649,21,21,,,,,100,0,100,0,200,0,,,,,,,,,,,,,,,,,,,,,,,,,,,100,29575,100,44647565048,100,131772866839,,,,,,,,,,
2019-04-07,Z304KCV8,ST4000DM000,4000787030016,0,116,116105032,,,91,0,100,15,100,0,84,320533893,,,67,29658,100,0,,,100,15,,,,,,,,,,,,,,,,,,,,,,,,,,,,,,,100,0,100,0,100,0,100,0,100,0,79,21,100,0,100,0,97,7655,21,21,,,,,100,0,100,0,200,0,,,,,,,,,,,,,,,,,,,,,,,,,,,100,29599,100,44650277376,100,131932874136,,,,,,,,,,
2019-04-08,Z304KCV8,ST4000DM000,4000787030016,0,119,223769504,,,91,0,100,15,100,0,84,321897986,,,67,29682,100,0,,,100,15,,,,,,,,,,,,,,,,,,,,,,,,,,,,,,,100,0,100,0,100,0,100,0,100,0,79,21,100,0,100,0,97,7658,21,21,,,,,100,0,100,0,200,0,,,,,,,,,,,,,,,,,,,,,,,,,,,100,29622,100,44652389912,100,132107959064,,,,,,,,,,
2019-04-09,Z304KCV8,ST4000DM000,4000787030016,0,111,39576424,,,91,0,100,15,100,0,84,323122593,,,67,29705,100,0,,,100,15,,,,,,,,,,,,,,,,,,,,,,,,,,,,,,,100,0,100,0,100,0,100,0,100,0,79,21,100,0,100,0,97,7660,21,21,,,,,100,0,100,0,200,0,,,,,,,,,,,,,,,,,,,,,,,,,,,100,29646,100,44654377424,100,132260502059,,,,,,,,,,
2019-04-10,Z304KCV8,ST4000DM000,4000787030016,0,114,65490136,,,91,0,100,15,100,0,84,324163196,,,67,29729,100,0,,,100,15,,,,,,,,,,,,,,,,,,,,,,,,,,,,,,,100,0,100,0,100,0,100,0,100,0,79,21,100,0,100,0,97,7664,21,21,,,,,100,0,100,0,200,0,,,,,,,,,,,,,,,,,,,,,,,,,,,100,29669,100,44656246368,100,132417490680,,,,,,,,,,
2019-04-11,Z304KCV8,ST4000DM000,4000787030016,0,118,192309904,,,91,0,100,15,100,0,84,325430022,,,67,29752,100,0,,,100,15,,,,,,,,,,,,,,,,,,,,,,,,,,,,,,,100,0,100,0,100,0,100,0,100,0,79,21,100,0,100,0,97,7667,21,21,,,,,100,0,100,0,200,0,,,,,,,,,,,,,,,,,,,,,,,,,,,100,29693,100,44660872040,100,132571156082,,,,,,,,,,
2019-04-12,Z304KCV8,ST4000DM000,4000787030016,0,114,81470440,,,91,0,100,15,100,0,84,326077855,,,67,29775,100,0,,,100,15,,,,,,,,,,,,,,,,,,,,,,,,,,,,,,,100,0,100,0,100,0,100,0,100,0,79,21,100,0,100,0,97,7671,21,21,,,,,100,0,100,0,200,0,,,,,,,,,,,,,,,,,,,,,,,,,,,100,29716,100,44663032184,100,132703428505,,,,,,,,,,
2019-04-13,Z304KCV8,ST4000DM000,4000787030016,0,118,172172072,,,91,0,100,15,100,0,84,327647958,,,66,29799,100,0,,,100,15,,,,,,,,,,,,,,,,,,,,,,,,,,,,,,,100,0,100,0,100,0,100,0,100,0,79,21,100,0,100,0,97,7673,21,21,,,,,100,0,100,0,200,0,,,,,,,,,,,,,,,,,,,,,,,,,,,100,29739,100,44667772592,100,132852838950,,,,,,,,,,
2019-04-14,Z304KCV8,ST4000DM000,4000787030016,0,119,201794640,,,91,0,100,15,100,0,84,328959465,,,66,29822,100,0,,,100,15,,,,,,,,,,,,,,,,,,,,,,,,,,,,,,,100,0,100,0,100,0,100,0,100,0,78,22,100,0,100,0,97,7708,22,22,,,,,100,0,100,0,200,0,,,,,,,,,,,,,,,,,,,,,,,,,,,100,29763,100,44670308752,100,132970261162,,,,,,,,,,
2019-04-15,Z304KCV8,ST4000DM000,4000787030016,0,106,11804912,,,91,0,100,15,100,0,84,329991638,,,66,29845,100,0,,,100,15,,,,,,,,,,,,,,,,,,,,,,,,,,,,,,,100,0,100,0,100,0,100,0,100,0,78,22,100,0,100,0,97,7712,22,22,,,,,100,0,100,0,200,0,,,,,,,,,,,,,,,,,,,,,,,,,,,100,29786,100,44672486880,100,133117345174,,,,,,,,,,
2019-04-16,Z304KCV8,ST4000DM000,4000787030016,0,119,232100464,,,91,0,100,15,100,0,84,330743900,,,66,29869,100,0,,,100,15,,,,,,,,,,,,,,,,,,,,,,,,,,,,,,,100,0,100,0,100,0,100,0,100,0,78,22,100,0,100,0,97,7713,22,22,,,,,100,0,100,0,200,0,,,,,,,,,,,,,,,,,,,,,,,,,,,100,29809,100,44674643080,100,133264942305,,,,,,,,,,
2019-04-17,Z304KCV8,ST4000DM000,4000787030016,0,114,58854528,,,91,0,100,15,100,0,84,331846713,,,66,29904,100,0,,,100,15,,,,,,,,,,,,,,,,,,,,,,,,,,,,,,,100,0,100,0,100,0,100,0,100,0,79,21,100,0,100,0,97,7719,21,21,,,,,100,0,100,0,200,0,,,,,,,,,,,,,,,,,,,,,,,,,,,100,29844,100,44677317528,100,133473376056,,,,,,,,,,
2019-04-18,Z304KCV8,ST4000DM000,4000787030016,0,117,132114960,,,91,0,100,15,100,0,84,333160178,,,66,29927,100,0,,,100,15,,,,,,,,,,,,,,,,,,,,,,,,,,,,,,,100,0,100,0,100,0,100,0,100,0,78,22,100,0,100,0,97,7722,22,22,,,,,100,0,100,0,200,0,,,,,,,,,,,,,,,,,,,,,,,,,,,100,29868,100,44681589136,100,133590745346,,,,,,,,,,
2019-04-19,Z304KCV8,ST4000DM000,4000787030016,0,118,188778408,,,91,0,100,15,100,0,84,334712506,,,66,29951,100,0,,,100,15,,,,,,,,,,,,,,,,,,,,,,,,,,,,,,,100,0,100,0,100,0,100,0,100,0,78,22,100,0,100,0,97,7725,22,22,,,,,100,0,100,0,200,0,,,,,,,,,,,,,,,,,,,,,,,,,,,100,29891,100,44687471032,100,133728014912,,,,,,,,,,
2019-04-20,Z304KCV8,ST4000DM000,4000787030016,0,119,220194992,,,91,0,100,15,100,0,85,335926024,,,66,29974,100,0,,,100,15,,,,,,,,,,,,,,,,,,,,,,,,,,,,,,,100,0,100,0,100,0,100,0,100,0,78,22,100,0,100,0,97,7744,22,22,,,,,100,0,100,0,200,0,,,,,,,,,,,,,,,,,,,,,,,,,,,100,29915,100,44689631696,100,133858410666,,,,,,,,,,
2019-04-21,Z304KCV8,ST4000DM000,4000787030016,0,117,154034296,,,91,0,100,15,100,0,85,336697189,,,66,29998,100,0,,,100,15,,,,,,,,,,,,,,,,,,,,,,,,,,,,,,,100,0,100,0,100,0,100,0,100,0,78,22,100,0,100,0,97,7747,22,22,,,,,100,0,100,0,200,0,,,,,,,,,,,,,,,,,,,,,,,,,,,100,29938,100,44691508880,100,134005120083,,,,,,,,,,
2019-04-22,Z304KCV8,ST4000DM000,4000787030016,0,119,211480480,,,91,0,100,15,100,0,85,337449457,,,66,30021,100,0,,,100,15,,,,,,,,,,,,,,,,,,,,,,,,,,,,,,,100,0,100,0,100,0,100,0,100,0,78,22,100,0,100,0,97,7750,22,22,,,,,100,0,100,0,200,0,,,,,,,,,,,,,,,,,,,,,,,,,,,100,29961,100,44693523480,100,134129728641,,,,,,,,,,
2019-04-23,Z304KCV8,ST4000DM000,4000787030016,0,111,35210128,,,91,0,100,15,100,0,85,337954792,,,66,30044,100,0,,,100,15,,,,,,,,,,,,,,,,,,,,,,,,,,,,,,,100,0,100,0,100,0,100,0,100,0,78,22,100,0,100,0,97,7752,22,22,,,,,100,0,100,0,200,0,,,,,,,,,,,,,,,,,,,,,,,,,,,100,29985,100,44695058496,100,134213752341,,,,,,,,,,
2019-04-24,Z304KCV8,ST4000DM000,4000787030016,0,115,93277960,,,91,0,100,15,100,0,85,338945134,,,66,30068,100,0,,,100,15,,,,,,,,,,,,,,,,,,,,,,,,,,,,,,,100,0,100,0,100,0,100,0,100,0,78,22,100,0,100,0,97,7758,22,22,,,,,100,0,100,0,200,0,,,,,,,,,,,,,,,,,,,,,,,,,,,100,30009,100,44696752368,100,134356950118,,,,,,,,,,
2019-04-25,Z304KCV8,ST4000DM000,4000787030016,0,119,230277960,,,91,0,100,15,100,0,85,340785055,,,66,30092,100,0,,,100,15,,,,,,,,,,,,,,,,,,,,,,,,,,,,,,,100,0,100,0,100,0,100,0,100,0,77,23,100,0,100,0,97,7760,23,23,,,,,100,0,100,0,200,0,,,,,,,,,,,,,,,,,,,,,,,,,,,100,30032,100,44701261416,100,134517244385,,,,,,,,,,
2019-04-26,Z304KCV8,ST4000DM000,4000787030016,0,108,15895096,,,91,0,100,15,100,0,85,342424620,,,66,30115,100,0,,,100,15,,,,,,,,,,,,,,,,,,,,,,,,,,,,,,,100,0,100,0,100,0,100,0,100,0,78,22,100,0,100,0,97,7763,22,22,,,,,100,0,100,0,200,0,,,,,,,,,,,,,,,,,,,,,,,,,,,100,30056,100,44703118448,100,134673035569,,,,,,,,,,
2019-04-27,Z304KCV8,ST4000DM000,4000787030016,0,120,238310968,,,91,0,100,15,100,0,85,343401731,,,66,30139,100,0,,,100,15,,,,,,,,,,,,,,,,,,,,,,,,,,,,,,,100,0,100,0,100,0,100,0,100,0,80,20,100,0,100,0,97,7791,20,20,,,,,100,0,100,0,200,0,,,,,,,,,,,,,,,,,,,,,,,,,,,100,30079,100,44705672248,100,134807221859,,,,,,,,,,
2019-04-28,Z304KCV8,ST4000DM000,4000787030016,0,119,233346920,,,91,0,100,15,100,0,85,344365557,,,66,30162,100,0,,,100,15,,,,,,,,,,,,,,,,,,,,,,,,,,,,,,,100,0,100,0,100,0,100,0,100,0,78,22,100,0,100,0,97,7794,22,22,,,,,100,0,100,0,200,0,,,,,,,,,,,,,,,,,,,,,,,,,,,100,30102,100,44708665976,100,134930099325,,,,,,,,,,
2019-04-29,Z304KCV8,ST4000DM000,4000787030016,0,119,225551752,,,91,0,100,15,100,0,85,345018268,,,66,30185,100,0,,,100,15,,,,,,,,,,,,,,,,,,,,,,,,,,,,,,,100,0,100,0,100,0,100,0,100,0,78,22,100,0,100,0,97,7797,22,22,,,,,100,0,100,0,200,0,,,,,,,,,,,,,,,,,,,,,,,,,,,100,30126,100,44710489472,100,135062115430,,,,,,,,,,
2019-04-30,Z304KCV8,ST4000DM000,4000787030016,0,102,4541152,,,91,0,100,15,100,0,85,345547701,,,66,30209,100,0,,,100,15,,,,,,,,,,,,,,,,,,,,,,,,,,,,,,,100,0,100,0,100,0,100,0,100,0,78,22,100,0,100,0,97,7802,22,22,,,,,100,0,100,0,200,0,,,,,,,,,,,,,,,,,,,,,,,,,,,100,30149,100,44712040744,100,135171452660,,,,,,,,,,
2019-05-01,Z304KCV8,ST4000DM000,4000787030016,0,115,91828296,,,91,0,100,15,100,0,85,345965946,,,66,30233,100,0,,,100,15,,,,,,,,,,,,,,,,,,,,,,,,,,,,,,,100,0,100,0,100,0,100,0,100,0,78,22,100,0,100,0,97,7837,22,22,,,,,100,0,100,0,200,0,,,,,,,,,,,,,,,,,,,,,,,,,,,100,30173,100,44714122000,100,135329585711,,,,,,,,,,
2019-05-02,Z304KCV8,ST4000DM000,4000787030016,0,119,207690152,,,91,0,100,15,100,0,85,347477548,,,66,30256,100,0,,,100,15,,,,,,,,,,,,,,,,,,,,,,,,,,,,,,,100,0,100,0,100,0,100,0,100,0,78,22,100,0,100,0,97,7840,22,22,,,,,100,0,100,0,200,0,,,,,,,,,,,,,,,,,,,,,,,,,,,100,30196,100,44719935512,100,135511631826,,,,,,,,,,
2019-05-03,Z304KCV8,ST4000DM000,4000787030016,0,118,189783864,,,91,0,100,15,100,0,85,347877123,,,66,30280,100,0,,,100,15,,,,,,,,,,,,,,,,,,,,,,,,,,,,,,,100,0,100,0,100,0,100,0,100,0,78,22,100,0,100,0,97,7843,22,22,,,,,100,0,100,0,200,0,,,,,,,,,,,,,,,,,,,,,,,,,,,100,30220,100,44723136672,100,135682970359,,,,,,,,,,
2019-05-04,Z304KCV8,ST4000DM000,4000787030016,0,114,81400784,,,91,0,100,15,100,0,85,348250673,,,66,30303,100,0,,,100,15,,,,,,,,,,,,,,,,,,,,,,,,,,,,,,,100,0,100,0,100,0,100,0,100,0,78,22,100,0,100,0,97,7846,22,22,,,,,100,0,100,0,200,0,,,,,,,,,,,,,,,,,,,,,,,,,,,100,30243,100,44725347856,100,135830762789,,,,,,,,,,
2019-05-05,Z304KCV8,ST4000DM000,4000787030016,0,114,65352384,,,91,0,100,15,100,0,85,349176700,,,66,30326,100,0,,,100,15,,,,,,,,,,,,,,,,,,,,,,,,,,,,,,,100,0,100,0,100,0,100,0,100,0,78,22,100,0,100,0,97,7866,22,22,,,,,100,0,100,0,200,0,,,,,,,,,,,,,,,,,,,,,,,,,,,100,30266,100,44729894368,100,135976758207,,,,,,,,,,
2019-05-06,Z304KCV8,ST4000DM000,4000787030016,0,119,203424864,,,91,0,100,15,100,0,85,349670442,,,66,30350,100,0,,,100,15,,,,,,,,,,,,,,,,,,,,,,,,,,,,,,,100,0,100,0,100,0,100,0,100,0,79,21,100,0,100,0,97,7868,21,21,,,,,100,0,100,0,200,0,,,,,,,,,,,,,,,,,,,,,,,,,,,100,30290,100,44732101488,100,136115256787,,,,,,,,,,
2019-05-07,Z304KCV8,ST4000DM000,4000787030016,0,103,5477712,,,91,0,100,15,100,0,85,350481559,,,66,30374,100,0,,,100,15,,,,,,,,,,,,,,,,,,,,,,,,,,,,,,,100,0,100,0,100,0,100,0,100,0,79,21,100,0,100,0,97,7872,21,21,,,,,100,0,100,0,200,0,,,,,,,,,,,,,,,,,,,,,,,,,,,100,30313,100,44734226800,100,136285189727,,,,,,,,,,
2019-05-08,Z304KCV8,ST4000DM000,4000787030016,0,117,133755920,,,91,0,100,15,100,0,85,352255011,,,66,30397,100,0,,,100,15,,,,,,,,,,,,,,,,,,,,,,,,,,,,,,,100,0,100,0,100,0,100,0,100,0,79,21,100,0,100,0,97,7874,21,21,,,,,100,0,100,0,200,0,,,,,,,,,,,,,,,,,,,,,,,,,,,100,30337,100,44738718504,100,136466009577,,,,,,,,,,
2019-05-09,Z304KCV8,ST4000DM000,4000787030016,0,119,227829224,,,91,0,100,15,100,0,85,354410462,,,66,30420,100,0,,,100,15,,,,,,,,,,,,,,,,,,,,,,,,,,,,,,,100,0,100,0,100,0,100,0,100,0,78,22,100,0,100,0,97,7877,22,22,,,,,100,0,100,0,200,0,,,,,,,,,,,,,,,,,,,,,,,,,,,100,30360,100,44741681944,100,136635710975,,,,,,,,,,
2019-05-10,Z304KCV8,ST4000DM000,4000787030016,0,114,69434608,,,91,0,100,15,100,0,85,355445443,,,66,30444,100,0,,,100,15,,,,,,,,,,,,,,,,,,,,,,,,,,,,,,,100,0,100,0,100,0,100,0,100,0,78,22,100,0,100,0,97,7878,22,22,,,,,100,0,100,0,200,0,,,,,,,,,,,,,,,,,,,,,,,,,,,100,30384,100,44743653648,100,136794209288,,,,,,,,,,
2019-05-11,Z304KCV8,ST4000DM000,4000787030016,0,111,38764048,,,91,0,100,15,100,0,85,356015339,,,66,30467,100,0,,,100,15,,,,,,,,,,,,,,,,,,,,,,,,,,,,,,,100,0,100,0,100,0,100,0,100,0,78,22,100,0,100,0,97,7880,22,22,,,,,100,0,100,0,200,0,,,,,,,,,,,,,,,,,,,,,,,,,,,100,30407,100,44745827584,100,136918416886,,,,,,,,,,
2019-05-12,Z304KCV8,ST4000DM000,4000787030016,0,115,94185272,,,91,0,100,15,100,0,85,357251406,,,66,30491,100,0,,,100,15,,,,,,,,,,,,,,,,,,,,,,,,,,,,,,,100,0,100,0,100,0,100,0,100,0,78,22,100,0,100,0,97,7900,22,22,,,,,100,0,100,0,200,0,,,,,,,,,,,,,,,,,,,,,,,,,,,100,30430,100,44750361712,100,137055816946,,,,,,,,,,
2019-05-13,Z304KCV8,ST4000DM000,4000787030016,0,118,195589208,,,91,0,100,15,100,0,85,357919074,,,66,30514,100,0,,,100,15,,,,,,,,,,,,,,,,,,,,,,,,,,,,,,,100,0,100,0,100,0,100,0,100,0,78,22,100,0,100,0,97,7906,22,22,,,,,100,0,100,0,200,0,,,,,,,,,,,,,,,,,,,,,,,,,,,100,30454,100,44752099336,100,137182510119,,,,,,,,,,
2019-05-14,Z304KCV8,ST4000DM000,4000787030016,0,113,55780176,,,91,0,100,15,100,0,85,359955179,,,66,30549,100,0,,,100,15,,,,,,,,,,,,,,,,,,,,,,,,,,,,,,,100,0,100,0,100,0,100,0,100,0,78,22,100,0,100,0,97,7911,22,22,,,,,100,0,100,0,200,0,,,,,,,,,,,,,,,,,,,,,,,,,,,100,30489,100,44757328816,100,137405102630,,,,,,,,,,
2019-05-15,Z304KCV8,ST4000DM000,4000787030016,0,111,32425088,,,91,0,100,15,100,0,85,360891714,,,66,30573,100,0,,,100,15,,,,,,,,,,,,,,,,,,,,,,,,,,,,,,,100,0,100,0,100,0,100,0,100,0,78,22,100,0,100,0,97,7914,22,22,,,,,100,0,100,0,200,0,,,,,,,,,,,,,,,,,,,,,,,,,,,100,30512,100,44759362712,100,137551803206,,,,,,,,,,
2019-05-16,Z304KCV8,ST4000DM000,4000787030016,0,115,85755928,,,91,0,100,15,100,0,85,362369970,,,66,30596,100,0,,,100,15,,,,,,,,,,,,,,,,,,,,,,,,,,,,,,,100,0,100,0,100,0,100,0,100,0,78,22,100,0,100,0,97,7917,22,22,,,,,100,0,100,0,200,0,,,,,,,,,,,,,,,,,,,,,,,,,,,100,30536,100,44763814320,100,137725663876,,,,,,,,,,
2019-05-17,Z304KCV8,ST4000DM000,4000787030016,0,108,20609384,,,91,0,100,15,100,0,85,363110334,,,66,30620,100,0,,,100,15,,,,,,,,,,,,,,,,,,,,,,,,,,,,,,,100,0,100,0,100,0,100,0,100,0,78,22,100,0,100,0,97,7919,22,22,,,,,100,0,100,0,200,0,,,,,,,,,,,,,,,,,,,,,,,,,,,100,30560,100,44765417304,100,137868949609,,,,,,,,,,
2019-05-18,Z304KCV8,ST4000DM000,4000787030016,0,103,5745552,,,91,0,100,15,100,0,85,364607002,,,66,30644,100,0,,,100,15,,,,,,,,,,,,,,,,,,,,,,,,,,,,,,,100,0,100,0,100,0,100,0,100,0,78,22,100,0,100,0,97,7943,22,22,,,,,100,0,100,0,200,0,,,,,,,,,,,,,,,,,,,,,,,,,,,100,30583,100,44769521232,100,137962823357,,,,,,,,,,
2019-05-19,Z304KCV8,ST4000DM000,4000787030016,0,117,133434384,,,91,0,100,15,100,0,85,365428124,,,65,30668,100,0,,,100,15,,,,,,,,,,,,,,,,,,,,,,,,,,,,,,,100,0,100,0,100,0,100,0,100,0,78,22,100,0,100,0,97,7946,22,22,,,,,100,0,100,0,200,0,,,,,,,,,,,,,,,,,,,,,,,,,,,100,30607,100,44771407400,100,138071602040,,,,,,,,,,
2019-05-20,Z304KCV8,ST4000DM000,4000787030016,0,114,68167792,,,91,0,100,15,100,0,85,366206142,,,65,30691,100,0,,,100,15,,,,,,,,,,,,,,,,,,,,,,,,,,,,,,,100,0,100,0,100,0,100,0,100,0,79,21,100,0,100,0,97,7951,21,21,,,,,100,0,100,0,200,0,,,,,,,,,,,,,,,,,,,,,,,,,,,100,30631,100,44772970672,100,138218141010,,,,,,,,,,
2019-05-21,Z304KCV8,ST4000DM000,4000787030016,0,108,18174960,,,91,0,100,15,100,0,85,367162121,,,65,30715,100,0,,,100,15,,,,,,,,,,,,,,,,,,,,,,,,,,,,,,,100,0,100,0,100,0,100,0,100,0,78,22,100,0,100,0,97,7955,22,22,,,,,100,0,100,0,200,0,,,,,,,,,,,,,,,,,,,,,,,,,,,100,30654,100,44775539400,100,138365278547,,,,,,,,,,
2019-05-22,Z304KCV8,ST4000DM000,4000787030016,0,116,113110368,,,91,0,100,15,100,0,85,367944584,,,65,30739,100,0,,,100,15,,,,,,,,,,,,,,,,,,,,,,,,,,,,,,,100,0,100,0,100,0,100,0,100,0,78,22,100,0,100,0,97,7957,22,22,,,,,100,0,100,0,200,0,,,,,,,,,,,,,,,,,,,,,,,,,,,100,30678,100,44778108488,100,138494392837,,,,,,,,,,
2019-05-23,Z304KCV8,ST4000DM000,4000787030016,0,111,35344016,,,91,0,100,15,100,0,85,369139526,,,65,30762,100,0,,,100,15,,,,,,,,,,,,,,,,,,,,,,,,,,,,,,,100,0,100,0,100,0,100,0,100,0,78,22,100,0,100,0,97,7961,22,22,,,,,100,0,100,0,200,0,,,,,,,,,,,,,,,,,,,,,,,,,,,100,30702,100,44782343440,100,138598273758,,,,,,,,,,
2019-05-24,Z304KCV8,ST4000DM000,4000787030016,0,120,1424720,,,91,0,100,15,100,0,85,370115252,,,65,30786,100,0,,,100,15,,,,,,,,,,,,,,,,,,,,,,,,,,,,,,,100,0,100,0,100,0,100,0,100,0,78,22,100,0,100,0,97,7965,22,22,,,,,100,0,100,0,200,0,,,,,,,,,,,,,,,,,,,,,,,,,,,100,30725,100,44783968400,100,138739361443,,,,,,,,,,
2019-05-25,Z304KCV8,ST4000DM000,4000787030016,0,115,97351768,,,91,0,100,15,100,0,85,371433388,,,65,30810,100,0,,,100,15,,,,,,,,,,,,,,,,,,,,,,,,,,,,,,,100,0,100,0,100,0,100,0,100,0,78,22,100,0,100,0,96,8012,22,22,,,,,100,0,100,0,200,0,,,,,,,,,,,,,,,,,,,,,,,,,,,100,30749,100,44786479664,100,138879409389,,,,,,,,,,
2019-05-26,Z304KCV8,ST4000DM000,4000787030016,0,119,207627408,,,91,0,100,15,100,0,85,373570710,,,65,30833,100,0,,,100,15,,,,,,,,,,,,,,,,,,,,,,,,,,,,,,,100,0,100,0,100,0,100,0,100,0,77,23,100,0,100,0,96,8019,23,23,,,,,100,0,100,0,200,0,,,,,,,,,,,,,,,,,,,,,,,,,,,100,30772,100,44790187720,100,139024906206,,,,,,,,,,
2019-05-27,Z304KCV8,ST4000DM000,4000787030016,0,119,223892768,,,91,0,100,15,100,0,85,374403874,,,65,30857,100,0,,,100,15,,,,,,,,,,,,,,,,,,,,,,,,,,,,,,,100,0,100,0,100,0,100,0,100,0,78,22,100,0,100,0,96,8021,22,22,,,,,100,0,100,0,200,0,,,,,,,,,,,,,,,,,,,,,,,,,,,100,30796,100,44791974120,100,139173268113,,,,,,,,,,
2019-05-28,Z304KCV8,ST4000DM000,4000787030016,0,111,41728592,,,91,0,100,15,100,0,85,375084311,,,65,30880,100,0,,,100,15,,,,,,,,,,,,,,,,,,,,,,,,,,,,,,,100,0,100,0,100,0,100,0,100,0,78,22,100,0,100,0,96,8024,22,22,,,,,100,0,100,0,200,0,,,,,,,,,,,,,,,,,,,,,,,,,,,100,30819,100,44793848280,100,139293628758,,,,,,,,,,
2019-05-29,Z304KCV8,ST4000DM000,4000787030016,0,116,109445496,,,91,0,100,15,100,0,85,375766433,,,65,30904,100,0,,,100,15,,,,,,,,,,,,,,,,,,,,,,,,,,,,,,,100,0,100,0,100,0,100,0,100,0,78,22,100,0,100,0,96,8029,22,22,,,,,100,0,100,0,200,0,,,,,,,,,,,,,,,,,,,,,,,,,,,100,30843,100,44795386984,100,139432122442,,,,,,,,,,
2019-05-30,Z304KCV8,ST4000DM000,4000787030016,0,113,56094416,,,91,0,100,15,100,0,85,376953003,,,65,30928,100,0,,,100,15,,,,,,,,,,,,,,,,,,,,,,,,,,,,,,,100,0,100,0,100,0,100,0,100,0,78,22,100,0,100,0,96,8032,22,22,,,,,100,0,100,0,200,0,,,,,,,,,,,,,,,,,,,,,,,,,,,100,30867,100,44799659088,100,139552284073,,,,,,,,,,
2019-05-31,Z304KCV8,ST4000DM000,4000787030016,0,116,110932696,,,91,0,100,15,100,0,85,377360133,,,65,30951,100,0,,,100,15,,,,,,,,,,,,,,,,,,,,,,,,,,,,,,,100,0,100,0,100,0,100,0,100,0,78,22,100,0,100,0,96,8075,22,22,,,,,100,0,100,0,200,0,,,,,,,,,,,,,,,,,,,,,,,,,,,100,30890,100,44801783296,100,139719855955,,,,,,,,,,
2019-06-01,Z304KCV8,ST4000DM000,4000787030016,0,111,39291392,,,91,0,100,15,100,0,85,377890497,,,65,30975,100,0,,,100,15,,,,,,,,,,,,,,,,,,,,,,,,,,,,,,,100,0,100,0,100,0,100,0,100,0,78,22,100,0,100,0,96,8077,22,22,,,,,100,0,100,0,200,0,,,,,,,,,,,,,,,,,,,,,,,,,,,100,30913,100,44804261712,100,139884798705,,,,,,,,,,
2019-06-02,Z304KCV8,ST4000DM000,4000787030016,0,110,25882288,,,91,0,100,15,100,0,85,379601789,,,65,30999,100,0,,,100,15,,,,,,,,,,,,,,,,,,,,,,,,,,,,,,,100,0,100,0,100,0,100,0,100,0,79,21,100,0,100,0,96,8088,21,21,,,,,100,0,100,0,200,0,,,,,,,,,,,,,,,,,,,,,,,,,,,100,30937,100,44808843696,100,140047198966,,,,,,,,,,
2019-06-03,Z304KCV8,ST4000DM000,4000787030016,0,119,218935152,,,91,0,100,15,100,0,85,380005862,,,65,31022,100,0,,,100,15,,,,,,,,,,,,,,,,,,,,,,,,,,,,,,,100,0,100,0,100,0,100,0,100,0,78,22,100,0,100,0,96,8094,22,22,,,,,100,0,100,0,200,0,,,,,,,,,,,,,,,,,,,,,,,,,,,100,30961,100,44811364280,100,140198584660,,,,,,,,,,
2019-06-04,Z304KCV8,ST4000DM000,4000787030016,0,113,50434088,,,91,0,100,15,100,0,85,380322500,,,65,31046,100,0,,,100,15,,,,,,,,,,,,,,,,,,,,,,,,,,,,,,,100,0,100,0,100,0,100,0,100,0,78,22,100,0,100,0,96,8099,22,22,,,,,100,0,100,0,200,0,,,,,,,,,,,,,,,,,,,,,,,,,,,100,30984,100,44813476032,100,140362781405,,,,,,,,,,
2019-06-05,Z304KCV8,ST4000DM000,4000787030016,0,112,45509696,,,91,0,100,15,100,0,85,380894827,,,65,31069,100,0,,,100,15,,,,,,,,,,,,,,,,,,,,,,,,,,,,,,,100,0,100,0,100,0,100,0,100,0,78,22,100,0,100,0,96,8104,22,22,,,,,100,0,100,0,200,0,,,,,,,,,,,,,,,,,,,,,,,,,,,100,31008,100,44815482776,100,140505577384,,,,,,,,,,
2019-06-06,Z304KCV8,ST4000DM000,4000787030016,0,116,114718080,,,91,0,100,15,100,0,85,382397244,,,65,31093,100,0,,,100,15,,,,,,,,,,,,,,,,,,,,,,,,,,,,,,,100,0,100,0,100,0,100,0,100,0,78,22,100,0,100,0,96,8107,22,22,,,,,100,0,100,0,200,0,,,,,,,,,,,,,,,,,,,,,,,,,,,100,31032,100,44820308624,100,140691984361,,,,,,,,,,
2019-06-07,Z304KCV8,ST4000DM000,4000787030016,0,118,193804368,,,91,0,100,15,100,0,85,383772043,,,65,31117,100,0,,,100,15,,,,,,,,,,,,,,,,,,,,,,,,,,,,,,,100,0,100,0,100,0,100,0,100,0,78,22,100,0,100,0,96,8110,22,22,,,,,100,0,100,0,200,0,,,,,,,,,,,,,,,,,,,,,,,,,,,100,31055,100,44822237152,100,140870855741,,,,,,,,,,
2019-06-08,Z304KCV8,ST4000DM000,4000787030016,0,118,184378664,,,91,0,100,15,100,0,85,385027445,,,65,31141,100,0,,,100,15,,,,,,,,,,,,,,,,,,,,,,,,,,,,,,,100,0,100,0,100,0,100,0,100,0,78,22,100,0,100,0,96,8114,22,22,,,,,100,0,100,0,200,0,,,,,,,,,,,,,,,,,,,,,,,,,,,100,31079,100,44824488856,100,141025835095,,,,,,,,,,
2019-06-09,Z304KCV8,ST4000DM000,4000787030016,0,119,207700760,,,91,0,100,15,100,0,85,387139733,,,65,31165,100,0,,,100,15,,,,,,,,,,,,,,,,,,,,,,,,,,,,,,,100,0,100,0,100,0,100,0,100,0,78,22,100,0,100,0,96,8140,22,22,,,,,100,0,100,0,200,0,,,,,,,,,,,,,,,,,,,,,,,,,,,100,31103,100,44828703104,100,141154601494,,,,,,,,,,
2019-06-10,Z304KCV8,ST4000DM000,4000787030016,0,119,229614960,,,91,0,100,15,100,0,85,387742051,,,65,31188,100,0,,,100,15,,,,,,,,,,,,,,,,,,,,,,,,,,,,,,,100,0,100,0,100,0,100,0,100,0,78,22,100,0,100,0,96,8144,22,22,,,,,100,0,100,0,200,0,,,,,,,,,,,,,,,,,,,,,,,,,,,100,31127,100,44830561456,100,141281754339,,,,,,,,,,
2019-06-11,Z304KCV8,ST4000DM000,4000787030016,0,118,201122240,,,91,0,100,15,100,0,85,388406870,,,65,31212,100,0,,,100,15,,,,,,,,,,,,,,,,,,,,,,,,,,,,,,,100,0,100,0,100,0,100,0,100,0,78,22,100,0,100,0,96,8148,22,22,,,,,100,0,100,0,200,0,,,,,,,,,,,,,,,,,,,,,,,,,,,100,31150,100,44832458912,100,141424138822,,,,,,,,,,
2019-06-12,Z304KCV8,ST4000DM000,4000787030016,0,119,218706384,,,91,0,100,15,100,0,85,389153872,,,65,31236,100,0,,,100,15,,,,,,,,,,,,,,,,,,,,,,,,,,,,,,,100,0,100,0,100,0,100,0,100,0,78,22,100,0,100,0,96,8152,22,22,,,,,100,0,100,0,200,0,,,,,,,,,,,,,,,,,,,,,,,,,,,100,31174,100,44834400328,100,141561854853,,,,,,,,,,
2019-06-13,Z304KCV8,ST4000DM000,4000787030016,0,115,86452584,,,91,0,100,15,100,0,85,390721626,,,65,31259,100,0,,,100,15,,,,,,,,,,,,,,,,,,,,,,,,,,,,,,,100,0,100,0,100,0,100,0,100,0,77,23,100,0,100,0,96,8156,23,23,,,,,100,0,100,0,200,0,,,,,,,,,,,,,,,,,,,,,,,,,,,100,31198,100,44838968344,100,141714765872,,,,,,,,,,
2019-06-14,Z304KCV8,ST4000DM000,4000787030016,0,114,83189560,,,91,0,100,15,100,0,85,391734889,,,65,31283,100,0,,,100,15,,,,,,,,,,,,,,,,,,,,,,,,,,,,,,,100,0,100,0,100,0,100,0,100,0,78,22,100,0,100,0,96,8161,22,22,,,,,100,0,100,0,200,0,,,,,,,,,,,,,,,,,,,,,,,,,,,100,31221,100,44840755304,100,141865155327,,,,,,,,,,
2019-06-15,Z304KCV8,ST4000DM000,4000787030016,0,114,77499640,,,91,0,100,15,100,0,85,392543225,,,65,31307,100,0,,,100,15,,,,,,,,,,,,,,,,,,,,,,,,,,,,,,,100,0,100,0,100,0,100,0,100,0,77,23,100,0,100,0,96,8165,23,23,,,,,100,0,100,0,200,0,,,,,,,,,,,,,,,,,,,,,,,,,,,100,31245,100,44842695936,100,142024333350,,,,,,,,,,
2019-06-16,Z304KCV8,ST4000DM000,4000787030016,0,116,105810064,,,91,0,100,15,100,0,85,394434207,,,65,31330,100,0,,,100,15,,,,,,,,,,,,,,,,,,,,,,,,,,,,,,,100,0,100,0,100,0,100,0,100,0,78,22,100,0,100,0,96,8187,22,22,,,,,100,0,100,0,200,0,,,,,,,,,,,,,,,,,,,,,,,,,,,100,31269,100,44846953128,100,142153523199,,,,,,,,,,
2019-06-17,Z304KCV8,ST4000DM000,4000787030016,0,120,170944,,,91,0,100,15,100,0,85,395389782,,,65,31366,100,0,,,100,15,,,,,,,,,,,,,,,,,,,,,,,,,,,,,,,100,0,100,0,100,0,100,0,100,0,78,22,100,0,100,0,96,8194,22,22,,,,,100,0,100,0,200,0,,,,,,,,,,,,,,,,,,,,,,,,,,,100,31304,100,44849396744,100,142315653421,,,,,,,,,,
2019-06-18,Z304KCV8,ST4000DM000,4000787030016,0,115,94399880,,,91,0,100,15,100,0,85,396266426,,,65,31390,100,0,,,100,15,,,,,,,,,,,,,,,,,,,,,,,,,,,,,,,100,0,100,0,100,0,100,0,100,0,78,22,100,0,100,0,96,8194,22,22,,,,,100,0,100,0,200,0,,,,,,,,,,,,,,,,,,,,,,,,,,,100,31328,100,44850966960,100,142449871464,,,,,,,,,,
2019-06-19,Z304KCV8,ST4000DM000,4000787030016,0,117,166173856,,,91,0,100,15,100,0,85,396987806,,,65,31413,100,0,,,100,15,,,,,,,,,,,,,,,,,,,,,,,,,,,,,,,100,0,100,0,100,0,100,0,100,0,78,22,100,0,100,0,96,8200,22,22,,,,,100,0,100,0,200,0,,,,,,,,,,,,,,,,,,,,,,,,,,,100,31352,100,44852600136,100,142586357966,,,,,,,,,,
2019-06-20,Z304KCV8,ST4000DM000,4000787030016,0,119,205124984,,,91,0,100,15,100,0,85,398467760,,,65,31437,100,0,,,100,15,,,,,,,,,,,,,,,,,,,,,,,,,,,,,,,100,0,100,0,100,0,100,0,100,0,78,22,100,0,100,0,96,8202,22,22,,,,,100,0,100,0,200,0,,,,,,,,,,,,,,,,,,,,,,,,,,,100,31375,100,44857273824,100,142750297159,,,,,,,,,,
2019-06-21,Z304KCV8,ST4000DM000,4000787030016,0,115,84506168,,,91,0,100,15,100,0,85,399284156,,,65,31461,100,0,,,100,15,,,,,,,,,,,,,,,,,,,,,,,,,,,,,,,100,0,100,0,100,0,100,0,100,0,78,22,100,0,100,0,96,8206,22,22,,,,,100,0,100,0,200,0,,,,,,,,,,,,,,,,,,,,,,,,,,,100,31399,100,44859610056,100,142885962180,,,,,,,,,,
2019-06-22,Z304KCV8,ST4000DM000,4000787030016,0,117,121413424,,,91,0,100,15,100,0,85,400605046,,,65,31484,100,0,,,100,15,,,,,,,,,,,,,,,,,,,,,,,,,,,,,,,100,0,100,0,100,0,100,0,100,0,78,22,100,0,100,0,96,8257,22,22,,,,,100,0,100,0,200,0,,,,,,,,,,,,,,,,,,,,,,,,,,,100,31422,100,44863416568,100,142945843222,,,,,,,,,,
2019-06-23,Z304KCV8,ST4000DM000,4000787030016,0,104,6803288,,,91,0,100,15,100,0,85,401796761,,,65,31507,100,0,,,100,15,,,,,,,,,,,,,,,,,,,,,,,,,,,,,,,100,0,100,0,100,0,100,0,100,0,78,22,100,0,100,0,96,8262,22,22,,,,,100,0,100,0,200,0,,,,,,,,,,,,,,,,,,,,,,,,,,,100,31445,100,44865872360,100,143094295569,,,,,,,,,,
2019-06-24,Z304KCV8,ST4000DM000,4000787030016,0,111,32968000,,,91,0,100,15,100,0,86,403063815,,,65,31531,100,0,,,100,15,,,,,,,,,,,,,,,,,,,,,,,,,,,,,,,100,0,100,0,100,0,100,0,100,0,78,22,100,0,100,0,96,8266,22,22,,,,,100,0,100,0,200,0,,,,,,,,,,,,,,,,,,,,,,,,,,,100,31469,100,44867939432,100,143242658425,,,,,,,,,,
2019-06-25,Z304KCV8,ST4000DM000,4000787030016,0,114,74643160,,,91,0,100,15,100,0,86,404081145,,,64,31555,100,0,,,100,15,,,,,,,,,,,,,,,,,,,,,,,,,,,,,,,100,0,100,0,100,0,100,0,100,0,78,22,100,0,100,0,96,8271,22,22,,,,,100,0,100,0,200,0,,,,,,,,,,,,,,,,,,,,,,,,,,,100,31492,100,44869559432,100,143389477973,,,,,,,,,,
2019-06-26,Z304KCV8,ST4000DM000,4000787030016,0,117,159398552,,,91,0,100,15,100,0,86,404879795,,,64,31578,100,0,,,100,15,,,,,,,,,,,,,,,,,,,,,,,,,,,,,,,100,0,100,0,100,0,100,0,100,0,79,21,100,0,100,0,96,8271,21,21,,,,,100,0,100,0,200,0,,,,,,,,,,,,,,,,,,,,,,,,,,,100,31516,100,44873292760,100,143524578524,,,,,,,,,,
2019-06-27,Z304KCV8,ST4000DM000,4000787030016,0,118,169830896,,,91,0,100,15,100,0,86,406678607,,,64,31602,100,0,,,100,15,,,,,,,,,,,,,,,,,,,,,,,,,,,,,,,100,0,100,0,100,0,100,0,100,0,78,22,100,0,100,0,96,8274,22,22,,,,,100,0,100,0,200,0,,,,,,,,,,,,,,,,,,,,,,,,,,,100,31540,100,44878170640,100,143763138429,,,,,,,,,,
2019-06-28,Z304KCV8,ST4000DM000,4000787030016,0,115,96639328,,,91,0,100,15,100,0,86,408062515,,,64,31626,100,0,,,100,15,,,,,,,,,,,,,,,,,,,,,,,,,,,,,,,100,0,100,0,100,0,100,0,100,0,79,21,100,0,100,0,96,8277,21,21,,,,,100,0,100,0,200,0,,,,,,,,,,,,,,,,,,,,,,,,,,,100,31564,100,44881858936,100,144040388274,,,,,,,,,,
2019-06-29,Z304KCV8,ST4000DM000,4000787030016,0,117,151393480,,,91,0,100,15,100,0,86,408942079,,,64,31651,100,0,,,100,15,,,,,,,,,,,,,,,,,,,,,,,,,,,,,,,100,0,100,0,100,0,100,0,100,0,79,21,100,0,100,0,96,8320,21,21,,,,,100,0,100,0,200,0,,,,,,,,,,,,,,,,,,,,,,,,,,,100,31588,100,44885789432,100,144262570116,,,,,,,,,,
2019-06-30,Z304KCV8,ST4000DM000,4000787030016,0,102,4278696,,,91,0,100,15,100,0,86,409798599,,,64,31675,100,0,,,100,15,,,,,,,,,,,,,,,,,,,,,,,,,,,,,,,100,0,100,0,100,0,100,0,100,0,79,21,100,0,100,0,96,8327,21,21,,,,,100,0,100,0,200,0,,,,,,,,,,,,,,,,,,,,,,,,,,,100,31612,100,44890036048,100,144491093493,,,,,,,,,,
2019-07-01,Z304KCV8,ST4000DM000,4000787030016,0,118,181190648,,,91,0,100,15,100,0,86,410396984,,,64,31699,100,0,,,100,15,,,,,,,,,,,,,,,,,,,,,,,,,,,,,,,100,0,100,0,100,0,100,0,100,0,78,22,100,0,100,0,96,8330,22,22,,,,,100,0,100,0,200,0,,,,,,,,,,,,,,,,,,,,,,,,,,,100,31636,100,44893071024,100,144735287729,,,,,,,,,,
2019-07-02,Z304KCV8,ST4000DM000,4000787030016,0,118,198359080,,,91,0,100,15,100,0,86,411663471,,,64,31723,100,0,,,100,15,,,,,,,,,,,,,,,,,,,,,,,,,,,,,,,100,0,100,0,100,0,100,0,100,0,79,21,100,0,100,0,96,8335,21,21,,,,,100,0,100,0,200,0,,,,,,,,,,,,,,,,,,,,,,,,,,,100,31660,100,44895845768,100,144994453143,,,,,,,,,,
2019-07-03,Z304KCV8,ST4000DM000,4000787030016,0,113,51323560,,,91,0,100,15,100,0,86,413822036,,,64,31747,100,0,,,100,15,,,,,,,,,,,,,,,,,,,,,,,,,,,,,,,100,0,100,0,100,0,100,0,100,0,80,20,100,0,100,0,96,8339,20,20,,,,,100,0,100,0,200,0,,,,,,,,,,,,,,,,,,,,,,,,,,,100,31685,100,44898204864,100,145255365424,,,,,,,,,,
2019-07-04,Z304KCV8,ST4000DM000,4000787030016,0,112,45873864,,,91,0,100,15,100,0,86,415745576,,,64,31771,100,0,,,100,15,,,,,,,,,,,,,,,,,,,,,,,,,,,,,,,100,0,100,0,100,0,100,0,100,0,79,21,100,0,100,0,96,8339,21,21,,,,,100,0,100,0,200,0,,,,,,,,,,,,,,,,,,,,,,,,,,,100,31709,100,44903511752,100,145478712032,,,,,,,,,,
2019-07-05,Z304KCV8,ST4000DM000,4000787030016,0,119,224202224,,,91,0,100,15,100,0,86,417318312,,,64,31795,100,0,,,100,15,,,,,,,,,,,,,,,,,,,,,,,,,,,,,,,100,0,100,0,100,0,100,0,100,0,79,21,100,0,100,0,96,8340,21,21,,,,,100,0,100,0,200,0,,,,,,,,,,,,,,,,,,,,,,,,,,,100,31733,100,44905811408,100,145714983314,,,,,,,,,,
2019-07-06,Z304KCV8,ST4000DM000,4000787030016,0,114,78156320,,,91,0,100,15,100,0,86,418707167,,,64,31820,100,0,,,100,15,,,,,,,,,,,,,,,,,,,,,,,,,,,,,,,100,0,100,0,100,0,100,0,100,0,79,21,100,0,100,0,96,8372,21,21,,,,,100,0,100,0,200,0,,,,,,,,,,,,,,,,,,,,,,,,,,,100,31757,100,44909044808,100,145890175537,,,,,,,,,,
2019-07-07,Z304KCV8,ST4000DM000,4000787030016,0,117,132923064,,,91,0,100,15,100,0,86,420395559,,,64,31844,100,0,,,100,15,,,,,,,,,,,,,,,,,,,,,,,,,,,,,,,100,0,100,0,100,0,100,0,100,0,79,21,100,0,100,0,96,8376,21,21,,,,,100,0,100,0,200,0,,,,,,,,,,,,,,,,,,,,,,,,,,,100,31781,100,44913115624,100,146106992100,,,,,,,,,,
2019-07-08,Z304KCV8,ST4000DM000,4000787030016,0,117,130632608,,,91,0,100,15,100,0,86,421543466,,,64,31868,100,0,,,100,15,,,,,,,,,,,,,,,,,,,,,,,,,,,,,,,100,0,100,0,100,0,100,0,100,0,79,21,100,0,100,0,96,8378,21,21,,,,,100,0,100,0,200,0,,,,,,,,,,,,,,,,,,,,,,,,,,,100,31805,100,44916454344,100,146335641638,,,,,,,,,,
2019-07-09,Z304KCV8,ST4000DM000,4000787030016,0,117,131311832,,,91,0,100,15,100,0,86,422530244,,,64,31892,100,0,,,100,15,,,,,,,,,,,,,,,,,,,,,,,,,,,,,,,100,0,100,0,100,0,100,0,100,0,79,21,100,0,100,0,96,8380,21,21,,,,,100,0,100,0,200,0,,,,,,,,,,,,,,,,,,,,,,,,,,,100,31829,100,44918723280,100,146512058550,,,,,,,,,,
2019-07-10,Z304KCV8,ST4000DM000,4000787030016,0,114,67463256,,,91,0,100,15,100,0,86,423597559,,,64,31916,100,0,,,100,15,,,,,,,,,,,,,,,,,,,,,,,,,,,,,,,100,0,100,0,100,0,100,0,100,0,78,22,100,0,100,0,96,8383,22,22,,,,,100,0,100,0,200,0,,,,,,,,,,,,,,,,,,,,,,,,,,,100,31853,100,44920758664,100,146698846347,,,,,,,,,,
2019-07-11,Z304KCV8,ST4000DM000,4000787030016,0,119,225398960,,,91,0,100,15,100,0,86,425410033,,,64,31940,100,0,,,100,15,,,,,,,,,,,,,,,,,,,,,,,,,,,,,,,100,0,100,0,100,0,100,0,100,0,78,22,100,0,100,0,96,8387,22,22,,,,,100,0,100,0,200,0,,,,,,,,,,,,,,,,,,,,,,,,,,,100,31878,100,44925510680,100,146935868132,,,,,,,,,,
2019-07-12,Z304KCV8,ST4000DM000,4000787030016,0,116,117334288,,,91,0,100,15,100,0,86,426939193,,,64,31964,100,0,,,100,15,,,,,,,,,,,,,,,,,,,,,,,,,,,,,,,100,0,100,0,100,0,100,0,100,0,78,22,100,0,100,0,96,8388,22,22,,,,,100,0,100,0,200,0,,,,,,,,,,,,,,,,,,,,,,,,,,,100,31902,100,44927821456,100,147118258450,,,,,,,,,,
2019-07-13,Z304KCV8,ST4000DM000,4000787030016,0,107,13132192,,,91,0,100,15,100,0,86,428861988,,,64,31989,100,0,,,100,15,,,,,,,,,,,,,,,,,,,,,,,,,,,,,,,100,0,100,0,100,0,100,0,100,0,78,22,100,0,100,0,96,8437,22,22,,,,,100,0,100,0,200,0,,,,,,,,,,,,,,,,,,,,,,,,,,,100,31926,100,44931637560,100,147338649909,,,,,,,,,,
2019-07-14,Z304KCV8,ST4000DM000,4000787030016,0,116,108745928,,,91,0,100,15,100,0,86,431001259,,,64,32013,100,0,,,100,15,,,,,,,,,,,,,,,,,,,,,,,,,,,,,,,100,0,100,0,100,0,100,0,100,0,77,23,100,0,100,0,96,8447,23,23,,,,,100,0,100,0,200,0,,,,,,,,,,,,,,,,,,,,,,,,,,,100,31950,100,44935337768,100,147622056661,,,,,,,,,,
2019-07-15,Z304KCV8,ST4000DM000,4000787030016,0,118,186443984,,,91,0,100,15,100,0,86,432274821,,,64,32037,100,0,,,100,15,,,,,,,,,,,,,,,,,,,,,,,,,,,,,,,100,0,100,0,100,0,100,0,100,0,78,22,100,0,100,0,96,8450,22,22,,,,,100,0,100,0,200,0,,,,,,,,,,,,,,,,,,,,,,,,,,,100,31974,100,44937889584,100,147878555948,,,,,,,,,,
2019-07-16,Z304KCV8,ST4000DM000,4000787030016,0,116,112318576,,,91,0,100,15,100,0,86,433329608,,,64,32061,100,0,,,100,15,,,,,,,,,,,,,,,,,,,,,,,,,,,,,,,100,0,100,0,100,0,100,0,100,0,79,21,100,0,100,0,96,8466,21,21,,,,,100,0,100,0,200,0,,,,,,,,,,,,,,,,,,,,,,,,,,,100,31998,100,44940955864,100,148154977234,,,,,,,,,,
2019-07-17,Z304KCV8,ST4000DM000,4000787030016,0,109,21636344,,,91,0,100,15,100,0,86,434176820,,,64,32085,100,0,,,100,15,,,,,,,,,,,,,,,,,,,,,,,,,,,,,,,100,0,100,0,100,0,100,0,100,0,78,22,100,0,100,0,96,8471,22,22,,,,,100,0,100,0,200,0,,,,,,,,,,,,,,,,,,,,,,,,,,,100,32022,100,44944812168,100,148496770556,,,,,,,,,,
2019-07-18,Z304KCV8,ST4000DM000,4000787030016,0,114,70290296,,,91,0,100,15,100,0,86,435568367,,,64,32109,100,0,,,100,15,,,,,,,,,,,,,,,,,,,,,,,,,,,,,,,100,0,100,0,100,0,100,0,100,0,78,22,100,0,100,0,96,8476,22,22,,,,,100,0,100,0,200,0,,,,,,,,,,,,,,,,,,,,,,,,,,,100,32046,100,44950699864,100,148841687654,,,,,,,,,,
2019-07-19,Z304KCV8,ST4000DM000,4000787030016,0,117,121549928,,,91,0,100,15,100,0,86,437918020,,,64,32133,100,0,,,100,15,,,,,,,,,,,,,,,,,,,,,,,,,,,,,,,100,0,100,0,100,0,100,0,100,0,79,21,100,0,100,0,96,8480,21,21,,,,,100,0,100,0,200,0,,,,,,,,,,,,,,,,,,,,,,,,,,,100,32070,100,44956884384,100,149183349786,,,,,,,,,,
2019-07-20,Z304KCV8,ST4000DM000,4000787030016,0,118,197651416,,,91,0,100,15,100,0,86,440222397,,,64,32157,100,0,,,100,15,,,,,,,,,,,,,,,,,,,,,,,,,,,,,,,100,0,100,0,100,0,100,0,100,0,79,21,100,0,100,0,96,8578,21,21,,,,,100,0,100,0,200,0,,,,,,,,,,,,,,,,,,,,,,,,,,,100,32093,100,44959782528,100,149441942604,,,,,,,,,,
2019-07-21,Z304KCV8,ST4000DM000,4000787030016,0,119,216411088,,,91,0,100,15,100,0,86,441763302,,,64,32181,100,0,,,100,15,,,,,,,,,,,,,,,,,,,,,,,,,,,,,,,100,0,100,0,100,0,100,0,100,0,79,21,100,0,100,0,96,8682,21,21,,,,,100,0,100,0,200,0,,,,,,,,,,,,,,,,,,,,,,,,,,,100,32117,100,44963603016,100,149619647696,,,,,,,,,,
2019-07-22,Z304KCV8,ST4000DM000,4000787030016,0,117,164766032,,,91,0,100,15,100,0,86,443013753,,,64,32205,100,0,,,100,15,,,,,,,,,,,,,,,,,,,,,,,,,,,,,,,100,0,100,0,100,0,100,0,100,0,78,22,100,0,100,0,96,8686,22,22,,,,,100,0,100,0,200,0,,,,,,,,,,,,,,,,,,,,,,,,,,,100,32141,100,44966597968,100,149898338319,,,,,,,,,,
2019-07-23,Z304KCV8,ST4000DM000,4000787030016,0,114,64548264,,,91,0,100,15,100,0,86,444811726,,,64,32229,100,0,,,100,15,,,,,,,,,,,,,,,,,,,,,,,,,,,,,,,100,0,100,0,100,0,100,0,100,0,79,21,100,0,100,0,96,8689,21,21,,,,,100,0,100,0,200,0,,,,,,,,,,,,,,,,,,,,,,,,,,,100,32165,100,44969596632,100,150182318833,,,,,,,,,,
2019-07-24,Z304KCV8,ST4000DM000,4000787030016,0,118,173227416,,,91,0,100,15,100,0,86,446240255,,,64,32253,100,0,,,100,15,,,,,,,,,,,,,,,,,,,,,,,,,,,,,,,100,0,100,0,100,0,100,0,100,0,78,22,100,0,100,0,96,8694,22,22,,,,,100,0,100,0,200,0,,,,,,,,,,,,,,,,,,,,,,,,,,,100,32189,100,44972436352,100,150481754745,,,,,,,,,,
2019-07-25,Z304KCV8,ST4000DM000,4000787030016,0,117,149458144,,,91,0,100,15,100,0,86,447922945,,,64,32278,100,0,,,100,15,,,,,,,,,,,,,,,,,,,,,,,,,,,,,,,100,0,100,0,100,0,100,0,100,0,78,22,100,0,100,0,96,8697,22,22,,,,,100,0,100,0,200,0,,,,,,,,,,,,,,,,,,,,,,,,,,,100,32214,100,44977173888,100,150667229042,,,,,,,,,,
2019-07-26,Z304KCV8,ST4000DM000,4000787030016,0,111,37042736,,,91,0,100,15,100,0,86,449390710,,,64,32302,100,0,,,100,15,,,,,,,,,,,,,,,,,,,,,,,,,,,,,,,100,0,100,0,100,0,100,0,100,0,78,22,100,0,100,0,96,8700,22,22,,,,,100,0,100,0,200,0,,,,,,,,,,,,,,,,,,,,,,,,,,,100,32238,100,44980182720,100,150948843567,,,,,,,,,,
2019-07-27,Z304KCV8,ST4000DM000,4000787030016,0,118,193098856,,,91,0,100,15,100,0,86,450712431,,,64,32326,100,0,,,100,15,,,,,,,,,,,,,,,,,,,,,,,,,,,,,,,100,0,100,0,100,0,100,0,100,0,78,22,100,0,100,0,96,8728,22,22,,,,,100,0,100,0,200,0,,,,,,,,,,,,,,,,,,,,,,,,,,,100,32262,100,44983150136,100,151188651184,,,,,,,,,,
2019-07-28,Z304KCV8,ST4000DM000,4000787030016,0,117,153515824,,,91,0,100,15,100,0,86,452162816,,,64,32350,100,0,,,100,15,,,,,,,,,,,,,,,,,,,,,,,,,,,,,,,100,0,100,0,100,0,100,0,100,0,78,22,100,0,100,0,96,8729,22,22,,,,,100,0,100,0,200,0,,,,,,,,,,,,,,,,,,,,,,,,,,,100,32286,100,44985797336,100,151389515460,,,,,,,,,,
2019-07-29,Z304KCV8,ST4000DM000,4000787030016,0,118,189585816,,,91,0,100,15,100,0,86,454378203,,,64,32374,100,0,,,100,15,,,,,,,,,,,,,,,,,,,,,,,,,,,,,,,100,0,100,0,100,0,100,0,100,0,78,22,100,0,100,0,96,8730,22,22,,,,,100,0,100,0,200,0,,,,,,,,,,,,,,,,,,,,,,,,,,,100,32310,100,44990322824,100,151631890558,,,,,,,,,,
2019-07-30,Z304KCV8,ST4000DM000,4000787030016,0,119,207014424,,,91,0,100,15,100,0,86,455660125,,,64,32398,100,0,,,100,15,,,,,,,,,,,,,,,,,,,,,,,,,,,,,,,100,0,100,0,100,0,100,0,100,0,78,22,100,0,100,0,96,8733,22,22,,,,,100,0,100,0,200,0,,,,,,,,,,,,,,,,,,,,,,,,,,,100,32334,100,44998954400,100,151887038765,,,,,,,,,,
2019-07-31,Z304KCV8,ST4000DM000,4000787030016,0,118,182835928,,,91,0,100,15,100,0,86,456770151,,,63,32422,100,0,,,100,15,,,,,,,,,,,,,,,,,,,,,,,,,,,,,,,100,0,100,0,100,0,100,0,100,0,79,21,100,0,100,0,96,8733,21,21,,,,,100,0,100,0,200,0,,,,,,,,,,,,,,,,,,,,,,,,,,,100,32358,100,45027518384,100,152124389203,,,,,,,,,,
2019-08-01,Z304KCV8,ST4000DM000,4000787030016,0,114,80743184,,,91,0,100,15,100,0,86,458498074,,,63,32446,100,0,,,100,15,,,,,,,,,,,,,,,,,,,,,,,,,,,,,,,100,0,100,0,100,0,100,0,100,0,79,21,100,0,100,0,96,8735,21,21,,,,,100,0,100,0,200,0,,,,,,,,,,,,,,,,,,,,,,,,,,,100,32382,100,45073122720,100,152491391508,,,,,,,,,,
2019-08-02,Z304KCV8,ST4000DM000,4000787030016,0,116,106808960,,,91,0,100,15,100,0,86,459451761,,,63,32470,100,0,,,100,15,,,,,,,,,,,,,,,,,,,,,,,,,,,,,,,100,0,100,0,100,0,100,0,100,0,79,21,100,0,100,0,96,8735,21,21,,,,,100,0,100,0,200,0,,,,,,,,,,,,,,,,,,,,,,,,,,,100,32406,100,45110819016,100,152827679112,,,,,,,,,,
2019-08-03,Z304KCV8,ST4000DM000,4000787030016,0,111,35422640,,,91,0,100,15,100,0,86,460663868,,,63,32495,100,0,,,100,15,,,,,,,,,,,,,,,,,,,,,,,,,,,,,,,100,0,100,0,100,0,100,0,100,0,79,21,100,0,100,0,96,8735,21,21,,,,,100,0,100,0,200,0,,,,,,,,,,,,,,,,,,,,,,,,,,,100,32430,100,45151298688,100,153079747598,,,,,,,,,,
2019-08-04,Z304KCV8,ST4000DM000,4000787030016,0,119,212869856,,,91,0,100,15,100,0,86,462532789,,,63,32519,100,0,,,100,15,,,,,,,,,,,,,,,,,,,,,,,,,,,,,,,100,0,100,0,100,0,100,0,100,0,79,21,100,0,100,0,96,8735,21,21,,,,,100,0,100,0,200,0,,,,,,,,,,,,,,,,,,,,,,,,,,,100,32454,100,45195609704,100,153317364394,,,,,,,,,,
2019-08-05,Z304KCV8,ST4000DM000,4000787030016,0,112,42496296,,,91,0,100,15,100,0,86,465406589,,,63,32543,100,0,,,100,15,,,,,,,,,,,,,,,,,,,,,,,,,,,,,,,100,0,100,0,100,0,100,0,100,0,79,21,100,0,100,0,96,8735,21,21,,,,,100,0,100,0,200,0,,,,,,,,,,,,,,,,,,,,,,,,,,,100,32479,100,45239487168,100,153657652262,,,,,,,,,,
2019-08-06,Z304KCV8,ST4000DM000,4000787030016,0,115,91478736,,,91,0,100,15,100,0,86,466161745,,,63,32555,100,0,,,100,15,,,,,,,,,,,,,,,,,,,,,,,,,,,,,,,100,0,100,0,100,0,100,0,100,0,79,21,100,0,100,0,96,8735,21,21,,,,,100,0,100,0,200,0,,,,,,,,,,,,,,,,,,,,,,,,,,,100,32491,100,45261852432,100,153791012655,,,,,,,,,,
2019-08-07,Z304KCV8,ST4000DM000,4000787030016,0,118,174460568,,,91,0,100,15,100,0,86,467783132,,,63,32579,100,0,,,100,15,,,,,,,,,,,,,,,,,,,,,,,,,,,,,,,100,0,100,0,100,0,100,0,100,0,79,21,100,0,100,0,96,8735,21,21,,,,,100,0,100,0,200,0,,,,,,,,,,,,,,,,,,,,,,,,,,,100,32515,100,45317638832,100,154084586898,,,,,,,,,,
2019-08-08,Z304KCV8,ST4000DM000,4000787030016,0,105,9626808,,,91,0,100,15,100,0,87,469830239,,,63,32604,100,0,,,100,15,,,,,,,,,,,,,,,,,,,,,,,,,,,,,,,100,0,100,0,100,0,100,0,100,0,79,21,100,0,100,0,96,8735,21,21,,,,,100,0,100,0,200,0,,,,,,,,,,,,,,,,,,,,,,,,,,,100,32539,100,45363529360,100,154400010097,,,,,,,,,,
2019-08-09,Z304KCV8,ST4000DM000,4000787030016,0,108,17998208,,,91,0,100,15,100,0,87,471593894,,,63,32628,100,0,,,100,15,,,,,,,,,,,,,,,,,,,,,,,,,,,,,,,100,0,100,0,100,0,100,0,100,0,78,22,100,0,100,0,96,8735,22,22,,,,,100,0,100,0,200,0,,,,,,,,,,,,,,,,,,,,,,,,,,,100,32563,100,45391450080,100,154706240691,,,,,,,,,,
2019-08-10,Z304KCV8,ST4000DM000,4000787030016,0,117,147876360,,,91,0,100,15,100,0,87,473249222,,,63,32652,100,0,,,100,15,,,,,,,,,,,,,,,,,,,,,,,,,,,,,,,100,0,100,0,100,0,100,0,100,0,79,21,100,0,100,0,96,8735,21,21,,,,,100,0,100,0,200,0,,,,,,,,,,,,,,,,,,,,,,,,,,,100,32588,100,45419549920,100,155010420284,,,,,,,,,,
2019-08-11,Z304KCV8,ST4000DM000,4000787030016,0,111,30328128,,,91,0,100,15,100,0,87,474831288,,,63,32676,100,0,,,100,15,,,,,,,,,,,,,,,,,,,,,,,,,,,,,,,100,0,100,0,100,0,100,0,100,0,79,21,100,0,100,0,96,8735,21,21,,,,,100,0,100,0,200,0,,,,,,,,,,,,,,,,,,,,,,,,,,,100,32612,100,45451081672,100,155154728318,,,,,,,,,,
2019-08-12,Z304KCV8,ST4000DM000,4000787030016,0,102,4286424,,,91,0,100,15,100,0,87,476604957,,,63,32701,100,0,,,100,15,,,,,,,,,,,,,,,,,,,,,,,,,,,,,,,100,0,100,0,100,0,100,0,100,0,79,21,100,0,100,0,96,8735,21,21,,,,,100,0,100,0,200,0,,,,,,,,,,,,,,,,,,,,,,,,,,,100,32636,100,45489871784,100,155469124975,,,,,,,,,,
2019-08-13,Z304KCV8,ST4000DM000,4000787030016,0,120,2271856,,,91,0,100,15,100,0,87,478746948,,,63,32725,100,0,,,100,15,,,,,,,,,,,,,,,,,,,,,,,,,,,,,,,100,0,100,0,100,0,100,0,100,0,78,22,100,0,100,0,96,8735,22,22,,,,,100,0,100,0,200,0,,,,,,,,,,,,,,,,,,,,,,,,,,,100,32660,100,45531685144,100,155708307899,,,,,,,,,,
2019-08-14,Z304KCV8,ST4000DM000,4000787030016,0,115,100554064,,,91,0,100,15,100,0,87,482018508,,,63,32761,100,0,,,100,15,,,,,,,,,,,,,,,,,,,,,,,,,,,,,,,100,0,100,0,100,0,100,0,100,0,79,21,100,0,100,0,96,8735,21,21,,,,,100,0,100,0,200,0,,,,,,,,,,,,,,,,,,,,,,,,,,,100,32697,100,45580749664,100,156148045989,,,,,,,,,,
2019-08-15,Z304KCV8,ST4000DM000,4000787030016,0,119,222709456,,,91,0,100,15,100,0,87,484067937,,,63,32785,100,0,,,100,15,,,,,,,,,,,,,,,,,,,,,,,,,,,,,,,100,0,100,0,100,0,100,0,100,0,79,21,100,0,100,0,96,8735,21,21,,,,,100,0,100,0,200,0,,,,,,,,,,,,,,,,,,,,,,,,,,,100,32721,100,45608432280,100,156488533170,,,,,,,,,,
2019-08-16,Z304KCV8,ST4000DM000,4000787030016,0,118,195817480,,,91,0,100,15,100,0,87,485436830,,,63,32809,100,0,,,100,15,,,,,,,,,,,,,,,,,,,,,,,,,,,,,,,100,0,100,0,100,0,100,0,100,0,79,21,100,0,100,0,96,8735,21,21,,,,,100,0,100,0,200,0,,,,,,,,,,,,,,,,,,,,,,,,,,,100,32745,100,45633186896,100,156760556628,,,,,,,,,,
2019-08-17,Z304KCV8,ST4000DM000,4000787030016,0,115,94435880,,,91,0,100,15,100,0,87,486755259,,,63,32833,100,0,,,100,15,,,,,,,,,,,,,,,,,,,,,,,,,,,,,,,100,0,100,0,100,0,100,0,100,0,79,21,100,0,100,0,96,8735,21,21,,,,,100,0,100,0,200,0,,,,,,,,,,,,,,,,,,,,,,,,,,,100,32769,100,45663456984,100,156960080556,,,,,,,,,,
2019-08-18,Z304KCV8,ST4000DM000,4000787030016,0,116,105919536,,,91,0,100,15,100,0,87,487740850,,,63,32857,100,0,,,100,15,,,,,,,,,,,,,,,,,,,,,,,,,,,,,,,100,0,100,0,100,0,100,0,100,0,78,22,100,0,100,0,96,8735,22,22,,,,,100,0,100,0,200,0,,,,,,,,,,,,,,,,,,,,,,,,,,,100,32793,100,45691647960,100,157301719138,,,,,,,,,,
2019-08-19,Z304KCV8,ST4000DM000,4000787030016,0,107,14435624,,,91,0,100,15,100,0,87,488650409,,,63,32881,100,0,,,100,15,,,,,,,,,,,,,,,,,,,,,,,,,,,,,,,100,0,100,0,100,0,100,0,100,0,78,22,100,0,100,0,96,8735,22,22,,,,,100,0,100,0,200,0,,,,,,,,,,,,,,,,,,,,,,,,,,,100,32817,100,45724889248,100,157644895785,,,,,,,,,,
2019-08-20,Z304KCV8,ST4000DM000,4000787030016,0,114,81443720,,,91,0,100,15,100,0,87,490550621,,,63,32906,100,0,,,100,15,,,,,,,,,,,,,,,,,,,,,,,,,,,,,,,100,0,100,0,100,0,100,0,100,0,78,22,100,0,100,0,96,8735,22,22,,,,,100,0,100,0,200,0,,,,,,,,,,,,,,,,,,,,,,,,,,,100,32841,100,45749844976,100,157994886679,,,,,,,,,,
2019-08-21,Z304KCV8,ST4000DM000,4000787030016,0,115,83926024,,,91,0,100,15,100,0,87,492202960,,,63,32918,100,0,,,100,15,,,,,,,,,,,,,,,,,,,,,,,,,,,,,,,100,0,100,0,100,0,100,0,100,0,78,22,100,0,100,0,96,8735,22,22,,,,,100,0,100,0,200,0,,,,,,,,,,,,,,,,,,,,,,,,,,,100,32853,100,45761767856,100,158163785011,,,,,,,,,,
2019-08-22,Z304KCV8,ST4000DM000,4000787030016,0,117,165439664,,,91,0,100,15,100,0,87,494428145,,,63,32942,100,0,,,100,15,,,,,,,,,,,,,,,,,,,,,,,,,,,,,,,100,0,100,0,100,0,100,0,100,0,78,22,100,0,100,0,96,8735,22,22,,,,,100,0,100,0,200,0,,,,,,,,,,,,,,,,,,,,,,,,,,,100,32877,100,45788454800,100,158479108165,,,,,,,,,,
2019-08-23,Z304KCV8,ST4000DM000,4000787030016,0,113,58475400,,,91,0,100,15,100,0,87,495801476,,,63,32966,100,0,,,100,15,,,,,,,,,,,,,,,,,,,,,,,,,,,,,,,100,0,100,0,100,0,100,0,100,0,78,22,100,0,100,0,96,8735,22,22,,,,,100,0,100,0,200,0,,,,,,,,,,,,,,,,,,,,,,,,,,,100,32901,100,45816763248,100,158757434054,,,,,,,,,,
2019-08-24,Z304KCV8,ST4000DM000,4000787030016,0,119,222231824,,,91,0,100,15,100,0,87,497644776,,,63,32990,100,0,,,100,15,,,,,,,,,,,,,,,,,,,,,,,,,,,,,,,100,0,100,0,100,0,100,0,100,0,79,21,100,0,100,0,96,8735,21,21,,,,,100,0,100,0,200,0,,,,,,,,,,,,,,,,,,,,,,,,,,,100,32926,100,45852294904,100,159042402005,,,,,,,,,,
2019-08-25,Z304KCV8,ST4000DM000,4000787030016,0,118,200314296,,,91,0,100,15,100,0,87,499209785,,,63,33014,100,0,,,100,15,,,,,,,,,,,,,,,,,,,,,,,,,,,,,,,100,0,100,0,100,0,100,0,100,0,79,21,100,0,100,0,96,8735,21,21,,,,,100,0,100,0,200,0,,,,,,,,,,,,,,,,,,,,,,,,,,,100,32950,100,45878962896,100,159191356140,,,,,,,,,,
2019-08-26,Z304KCV8,ST4000DM000,4000787030016,0,119,220461216,,,91,0,100,15,100,0,87,503127812,,,63,33062,100,0,,,100,15,,,,,,,,,,,,,,,,,,,,,,,,,,,,,,,100,0,100,0,100,0,100,0,100,0,78,22,100,0,100,0,96,8735,22,22,,,,,100,0,100,0,200,0,,,,,,,,,,,,,,,,,,,,,,,,,,,100,32998,100,45938099952,100,159726336389,,,,,,,,,,
2019-08-27,Z304KCV8,ST4000DM000,4000787030016,0,119,220461216,,,91,0,100,15,100,0,87,503127812,,,63,33062,100,0,,,100,15,,,,,,,,,,,,,,,,,,,,,,,,,,,,,,,100,0,100,0,100,0,100,0,100,0,78,22,100,0,100,0,96,8735,22,22,,,,,100,0,100,0,200,0,,,,,,,,,,,,,,,,,,,,,,,,,,,100,32998,100,45938099952,100,159726336389,,,,,,,,,,
2019-08-28,Z304KCV8,ST4000DM000,4000787030016,0,118,197135824,,,91,0,100,15,100,0,87,504801739,,,63,33086,100,0,,,100,15,,,,,,,,,,,,,,,,,,,,,,,,,,,,,,,100,0,100,0,100,0,100,0,100,0,78,22,100,0,100,0,96,8735,22,22,,,,,100,0,100,0,200,0,,,,,,,,,,,,,,,,,,,,,,,,,,,100,33022,100,45987046888,100,160015201010,,,,,,,,,,
2019-08-29,Z304KCV8,ST4000DM000,4000787030016,0,112,46496696,,,91,0,100,15,100,0,87,506927321,,,63,33111,100,0,,,100,15,,,,,,,,,,,,,,,,,,,,,,,,,,,,,,,100,0,100,0,100,0,100,0,100,0,77,23,100,0,100,0,96,8735,23,23,,,,,100,0,100,0,200,0,,,,,,,,,,,,,,,,,,,,,,,,,,,100,33046,100,46046543648,100,160240822298,,,,,,,,,,
2019-08-30,Z304KCV8,ST4000DM000,4000787030016,0,114,60714496,,,91,0,100,15,100,0,87,509288897,,,63,33134,100,0,,,100,15,,,,,,,,,,,,,,,,,,,,,,,,,,,,,,,100,0,100,0,100,0,100,0,100,0,78,22,100,0,100,0,96,8735,22,22,,,,,100,0,100,0,200,0,,,,,,,,,,,,,,,,,,,,,,,,,,,100,33070,100,46077056328,100,160542273554,,,,,,,,,,
2019-08-31,Z304KCV8,ST4000DM000,4000787030016,0,105,7996672,,,91,0,100,15,100,0,87,511065937,,,63,33158,100,0,,,100,15,,,,,,,,,,,,,,,,,,,,,,,,,,,,,,,100,0,100,0,100,0,100,0,100,0,78,22,100,0,100,0,96,8735,22,22,,,,,100,0,100,0,200,0,,,,,,,,,,,,,,,,,,,,,,,,,,,100,33094,100,46104549704,100,160835454398,,,,,,,,,,
2019-09-01,Z304KCV8,ST4000DM000,4000787030016,0,119,228616384,,,91,0,100,15,100,0,87,512623546,,,63,33182,100,0,,,100,15,,,,,,,,,,,,,,,,,,,,,,,,,,,,,,,100,0,100,0,100,0,100,0,100,0,78,22,100,0,100,0,96,8735,22,22,,,,,100,0,100,0,200,0,,,,,,,,,,,,,,,,,,,,,,,,,,,100,33118,100,46143364248,100,161002553436,,,,,,,,,,
2019-09-02,Z304KCV8,ST4000DM000,4000787030016,0,108,17261904,,,91,0,100,15,100,0,87,513634142,,,63,33206,100,0,,,100,15,,,,,,,,,,,,,,,,,,,,,,,,,,,,,,,100,0,100,0,100,0,100,0,100,0,78,22,100,0,100,0,96,8735,22,22,,,,,100,0,100,0,200,0,,,,,,,,,,,,,,,,,,,,,,,,,,,100,33142,100,46176827256,100,161287308647,,,,,,,,,,
2019-09-03,Z304KCV8,ST4000DM000,4000787030016,0,119,221988936,,,91,0,100,15,100,0,87,514642314,,,63,33231,100,0,,,100,15,,,,,,,,,,,,,,,,,,,,,,,,,,,,,,,100,0,100,0,100,0,100,0,100,0,78,22,100,0,100,0,96,8735,22,22,,,,,100,0,100,0,200,0,,,,,,,,,,,,,,,,,,,,,,,,,,,100,33166,100,46220933216,100,161630556186,,,,,,,,,,
2019-09-04,Z304KCV8,ST4000DM000,4000787030016,0,118,191626840,,,91,0,100,15,100,0,87,515649958,,,63,33255,100,0,,,100,15,,,,,,,,,,,,,,,,,,,,,,,,,,,,,,,100,0,100,0,100,0,100,0,100,0,78,22,100,0,100,0,96,8735,22,22,,,,,100,0,100,0,200,0,,,,,,,,,,,,,,,,,,,,,,,,,,,100,33190,100,46247190888,100,161976193456,,,,,,,,,,
2019-09-05,Z304KCV8,ST4000DM000,4000787030016,0,118,189584944,,,91,0,100,15,100,0,87,518386695,,,63,33279,100,0,,,100,15,,,,,,,,,,,,,,,,,,,,,,,,,,,,,,,100,0,100,0,100,0,100,0,100,0,78,22,100,0,100,0,96,8735,22,22,,,,,100,0,100,0,200,0,,,,,,,,,,,,,,,,,,,,,,,,,,,100,33214,100,46287065048,100,162321173944,,,,,,,,,,
2019-09-06,Z304KCV8,ST4000DM000,4000787030016,0,117,160982112,,,91,0,100,15,100,0,87,520216323,,,62,33303,100,0,,,100,15,,,,,,,,,,,,,,,,,,,,,,,,,,,,,,,100,0,100,0,100,0,100,0,100,0,78,22,100,0,100,0,96,8735,22,22,,,,,100,0,100,0,200,0,,,,,,,,,,,,,,,,,,,,,,,,,,,100,33239,100,46322649264,100,162648006725,,,,,,,,,,
2019-09-07,Z304KCV8,ST4000DM000,4000787030016,0,115,99679448,,,91,0,100,15,100,0,87,521476188,,,62,33327,100,0,,,100,15,,,,,,,,,,,,,,,,,,,,,,,,,,,,,,,100,0,100,0,100,0,100,0,100,0,78,22,100,0,100,0,96,8735,22,22,,,,,100,0,100,0,200,0,,,,,,,,,,,,,,,,,,,,,,,,,,,100,33263,100,46357237056,100,162905430460,,,,,,,,,,
2019-09-08,Z304KCV8,ST4000DM000,4000787030016,0,118,935416,,,91,0,100,15,100,0,87,523415177,,,62,33351,100,0,,,100,15,,,,,,,,,,,,,,,,,,,,,,,,,,,,,,,100,0,100,0,100,0,100,0,100,0,78,22,100,0,100,0,96,8735,22,22,,,,,100,0,100,0,200,0,,,,,,,,,,,,,,,,,,,,,,,,,,,100,33287,100,46387081720,100,163099118019,,,,,,,,,,
2019-09-09,Z304KCV8,ST4000DM000,4000787030016,0,119,234205424,,,91,0,100,15,100,0,87,524743789,,,62,33375,100,0,,,100,15,,,,,,,,,,,,,,,,,,,,,,,,,,,,,,,100,0,100,0,100,0,100,0,100,0,77,23,100,0,100,0,96,8735,23,23,,,,,100,0,100,0,200,0,,,,,,,,,,,,,,,,,,,,,,,,,,,100,33311,100,46414983768,100,163374399544,,,,,,,,,,
2019-09-10,Z304KCV8,ST4000DM000,4000787030016,0,119,227437232,,,91,0,100,15,100,0,87,527372624,,,62,33400,100,0,,,100,15,,,,,,,,,,,,,,,,,,,,,,,,,,,,,,,100,0,100,0,100,0,100,0,100,0,78,22,100,0,100,0,96,8735,22,22,,,,,100,0,100,0,200,0,,,,,,,,,,,,,,,,,,,,,,,,,,,100,33335,100,46462821312,100,163629810559,,,,,,,,,,
2019-09-11,Z304KCV8,ST4000DM000,4000787030016,0,120,241498824,,,91,0,100,15,100,0,87,529341631,,,62,33424,100,0,,,100,15,,,,,,,,,,,,,,,,,,,,,,,,,,,,,,,100,0,100,0,100,0,100,0,100,0,77,23,100,0,100,0,96,8735,23,23,,,,,100,0,100,0,200,0,,,,,,,,,,,,,,,,,,,,,,,,,,,100,33359,100,46505969384,100,163950862092,,,,,,,,,,
2019-09-12,Z304KCV8,ST4000DM000,4000787030016,0,118,169368008,,,91,0,100,15,100,0,87,530861736,,,62,33448,100,0,,,100,15,,,,,,,,,,,,,,,,,,,,,,,,,,,,,,,100,0,100,0,100,0,100,0,100,0,78,22,100,0,100,0,96,8735,22,22,,,,,100,0,100,0,200,0,,,,,,,,,,,,,,,,,,,,,,,,,,,100,33383,100,46540957912,100,164244383616,,,,,,,,,,
2019-09-13,Z304KCV8,ST4000DM000,4000787030016,0,120,241352464,,,91,0,100,15,100,0,87,532418698,,,62,33472,100,0,,,100,15,,,,,,,,,,,,,,,,,,,,,,,,,,,,,,,100,0,100,0,100,0,100,0,100,0,78,22,100,0,100,0,96,8735,22,22,,,,,100,0,100,0,200,0,,,,,,,,,,,,,,,,,,,,,,,,,,,100,33407,100,46579245600,100,164466383420,,,,,,,,,,
2019-09-14,Z304KCV8,ST4000DM000,4000787030016,0,115,85836096,,,91,0,100,15,100,0,87,534038977,,,62,33495,100,0,,,100,15,,,,,,,,,,,,,,,,,,,,,,,,,,,,,,,100,0,100,0,100,0,100,0,100,0,78,22,100,0,100,0,96,8735,22,22,,,,,100,0,100,0,200,0,,,,,,,,,,,,,,,,,,,,,,,,,,,100,33431,100,46617142400,100,164751157399,,,,,,,,,,
2019-09-15,Z304KCV8,ST4000DM000,4000787030016,0,116,112235472,,,91,0,100,15,100,0,87,535763263,,,62,33519,100,0,,,100,15,,,,,,,,,,,,,,,,,,,,,,,,,,,,,,,100,0,100,0,100,0,100,0,100,0,78,22,100,0,100,0,96,8735,22,22,,,,,100,0,100,0,200,0,,,,,,,,,,,,,,,,,,,,,,,,,,,100,33455,100,46651833136,100,164923368055,,,,,,,,,,
2019-09-16,Z304KCV8,ST4000DM000,4000787030016,0,108,15199808,,,91,0,100,15,100,0,87,537672921,,,62,33543,100,0,,,100,15,,,,,,,,,,,,,,,,,,,,,,,,,,,,,,,100,0,100,0,100,0,100,0,100,0,78,22,100,0,100,0,96,8735,22,22,,,,,100,0,100,0,200,0,,,,,,,,,,,,,,,,,,,,,,,,,,,100,33479,100,46686832960,100,165167568833,,,,,,,,,,
2019-09-17,Z304KCV8,ST4000DM000,4000787030016,0,118,184476752,,,91,0,100,15,100,0,87,539719315,,,62,33567,100,0,,,100,15,,,,,,,,,,,,,,,,,,,,,,,,,,,,,,,100,0,100,0,100,0,100,0,100,0,78,22,100,0,100,0,96,8735,22,22,,,,,100,0,100,0,200,0,,,,,,,,,,,,,,,,,,,,,,,,,,,100,33503,100,46730039480,100,165467538720,,,,,,,,,,
2019-09-18,Z304KCV8,ST4000DM000,4000787030016,0,116,105279312,,,91,0,100,15,100,0,87,541232716,,,62,33591,100,0,,,100,15,,,,,,,,,,,,,,,,,,,,,,,,,,,,,,,100,0,100,0,100,0,100,0,100,0,78,22,100,0,100,0,96,8735,22,22,,,,,100,0,100,0,200,0,,,,,,,,,,,,,,,,,,,,,,,,,,,100,33527,100,46784208272,100,165732209720,,,,,,,,,,
2019-09-19,Z304KCV8,ST4000DM000,4000787030016,0,108,18702896,,,91,0,100,15,100,0,87,543030233,,,62,33615,100,0,,,100,15,,,,,,,,,,,,,,,,,,,,,,,,,,,,,,,100,0,100,0,100,0,100,0,100,0,78,22,100,0,100,0,96,8736,22,22,,,,,100,0,100,0,200,0,,,,,,,,,,,,,,,,,,,,,,,,,,,100,33551,100,46823241728,100,166020567587,,,,,,,,,,
2019-09-20,Z304KCV8,ST4000DM000,4000787030016,0,118,186227880,,,91,0,100,15,100,0,87,544065458,,,62,33639,100,0,,,100,15,,,,,,,,,,,,,,,,,,,,,,,,,,,,,,,100,0,100,0,100,0,100,0,100,0,78,22,100,0,100,0,96,8736,22,22,,,,,100,0,100,0,200,0,,,,,,,,,,,,,,,,,,,,,,,,,,,100,33575,100,46854173976,100,166382018746,,,,,,,,,,
2019-09-21,Z304KCV8,ST4000DM000,4000787030016,0,103,5282576,,,91,0,100,15,100,0,87,545079652,,,62,33664,100,0,,,100,15,,,,,,,,,,,,,,,,,,,,,,,,,,,,,,,100,0,100,0,100,0,100,0,100,0,79,21,100,0,100,0,96,8736,21,21,,,,,100,0,100,0,200,0,,,,,,,,,,,,,,,,,,,,,,,,,,,100,33599,100,46890660536,100,166724583049,,,,,,,,,,
2019-09-22,Z304KCV8,ST4000DM000,4000787030016,0,114,83456552,,,91,0,100,15,100,0,87,546655373,,,62,33688,100,0,,,100,15,,,,,,,,,,,,,,,,,,,,,,,,,,,,,,,100,0,100,0,100,0,100,0,100,0,78,22,100,0,100,0,96,8736,22,22,,,,,100,0,100,0,200,0,,,,,,,,,,,,,,,,,,,,,,,,,,,100,33623,100,46929580552,100,166966220135,,,,,,,,,,
2019-09-23,Z304KCV8,ST4000DM000,4000787030016,0,114,66927136,,,91,0,100,15,100,0,87,548970124,,,62,33712,100,0,,,100,15,,,,,,,,,,,,,,,,,,,,,,,,,,,,,,,100,0,100,0,100,0,100,0,100,0,78,22,100,0,100,0,96,8736,22,22,,,,,100,0,100,0,200,0,,,,,,,,,,,,,,,,,,,,,,,,,,,100,33647,100,46967181432,100,167317369663,,,,,,,,,,
2019-09-24,Z304KCV8,ST4000DM000,4000787030016,0,118,173633560,,,91,0,100,15,100,0,87,551738673,,,62,33736,100,0,,,100,15,,,,,,,,,,,,,,,,,,,,,,,,,,,,,,,100,0,100,0,100,0,100,0,100,0,78,22,100,0,100,0,96,8736,22,22,,,,,100,0,100,0,200,0,,,,,,,,,,,,,,,,,,,,,,,,,,,100,33672,100,47004585904,100,167619521061,,,,,,,,,,
2019-09-25,Z304KCV8,ST4000DM000,4000787030016,0,120,238032512,,,91,0,100,15,100,0,87,553557384,,,62,33760,100,0,,,100,15,,,,,,,,,,,,,,,,,,,,,,,,,,,,,,,100,0,100,0,100,0,100,0,100,0,78,22,100,0,100,0,96,8736,22,22,,,,,100,0,100,0,200,0,,,,,,,,,,,,,,,,,,,,,,,,,,,100,33696,100,47040094000,100,167891363289,,,,,,,,,,
2019-09-26,Z304KCV8,ST4000DM000,4000787030016,0,118,181728584,,,91,0,100,15,100,0,87,555749513,,,62,33784,100,0,,,100,15,,,,,,,,,,,,,,,,,,,,,,,,,,,,,,,100,0,100,0,100,0,100,0,100,0,78,22,100,0,100,0,96,8736,22,22,,,,,100,0,100,0,200,0,,,,,,,,,,,,,,,,,,,,,,,,,,,100,33720,100,47090560040,100,168229967931,,,,,,,,,,
2019-09-27,Z304KCV8,ST4000DM000,4000787030016,0,117,121731936,,,91,0,100,15,100,0,87,557724481,,,62,33808,100,0,,,100,15,,,,,,,,,,,,,,,,,,,,,,,,,,,,,,,100,0,100,0,100,0,100,0,100,0,78,22,100,0,100,0,96,8736,22,22,,,,,100,0,100,0,200,0,,,,,,,,,,,,,,,,,,,,,,,,,,,100,33744,100,47123991432,100,168524019371,,,,,,,,,,
2019-09-28,Z304KCV8,ST4000DM000,4000787030016,0,111,29473248,,,91,0,100,15,100,0,87,559464540,,,62,33832,100,0,,,100,15,,,,,,,,,,,,,,,,,,,,,,,,,,,,,,,100,0,100,0,100,0,100,0,100,0,78,22,100,0,100,0,96,8736,22,22,,,,,100,0,100,0,200,0,,,,,,,,,,,,,,,,,,,,,,,,,,,100,33768,100,47154474384,100,168812526499,,,,,,,,,,
2019-09-29,Z304KCV8,ST4000DM000,4000787030016,0,115,87397456,,,91,0,100,15,100,0,87,561091601,,,62,33856,100,0,,,100,15,,,,,,,,,,,,,,,,,,,,,,,,,,,,,,,100,0,100,0,100,0,100,0,100,0,78,22,100,0,100,0,96,8736,22,22,,,,,100,0,100,0,200,0,,,,,,,,,,,,,,,,,,,,,,,,,,,100,33792,100,47196947504,100,168960999549,,,,,,,,,,
2019-09-30,Z304KCV8,ST4000DM000,4000787030016,0,112,49517336,,,91,0,100,15,100,0,87,562674052,,,62,33880,100,0,,,100,15,,,,,,,,,,,,,,,,,,,,,,,,,,,,,,,100,0,100,0,100,0,100,0,100,0,78,22,100,0,100,0,96,8736,22,22,,,,,100,0,100,0,200,0,,,,,,,,,,,,,,,,,,,,,,,,,,,100,33816,100,47225202016,100,169241405438,,,,,,,,,,
2019-10-01,Z304KCV8,ST4000DM000,4000787030016,0,118,193052704,,,91,0,100,15,100,0,87,564204485,,,62,33904,100,0,,,100,15,,,,,,,,,,,,,,,,,,,,,,,,,,,,,,,,,100,0,100,0,100,0,100,0,100,0,78,22,100,0,100,0,96,8736,22,22,,,,,100,0,100,0,200,0,,,,,,,,,,,,,,,,,,,,,,,,,,,100,33840,100,47273476944,100,169475025678,,,,,,,,,,
2019-10-02,Z304KCV8,ST4000DM000,4000787030016,0,119,213726288,,,91,0,100,15,100,0,87,566431645,,,62,33928,100,0,,,100,15,,,,,,,,,,,,,,,,,,,,,,,,,,,,,,,,,100,0,100,0,100,0,100,0,100,0,78,22,100,0,100,0,96,8736,22,22,,,,,100,0,100,0,200,0,,,,,,,,,,,,,,,,,,,,,,,,,,,100,33864,100,47305873368,100,169753104976,,,,,,,,,,
2019-10-03,Z304KCV8,ST4000DM000,4000787030016,0,118,181989432,,,91,0,100,15,100,0,87,568331389,,,62,33952,100,0,,,100,15,,,,,,,,,,,,,,,,,,,,,,,,,,,,,,,,,100,0,100,0,100,0,100,0,100,0,78,22,100,0,100,0,96,8738,22,22,,,,,100,0,100,0,200,0,,,,,,,,,,,,,,,,,,,,,,,,,,,100,33888,100,47356200840,100,170039989955,,,,,,,,,,
2019-10-04,Z304KCV8,ST4000DM000,4000787030016,0,118,197354800,,,91,0,100,15,100,0,87,569233379,,,62,33976,100,0,,,100,15,,,,,,,,,,,,,,,,,,,,,,,,,,,,,,,,,100,0,100,0,100,0,100,0,100,0,78,22,100,0,100,0,96,8738,22,22,,,,,100,0,100,0,200,0,,,,,,,,,,,,,,,,,,,,,,,,,,,100,33912,100,47410445496,100,170136659388,,,,,,,,,,
2019-10-05,Z304KCV8,ST4000DM000,4000787030016,0,117,131362088,,,91,0,100,15,100,0,87,570225341,,,62,34000,100,0,,,100,15,,,,,,,,,,,,,,,,,,,,,,,,,,,,,,,,,100,0,100,0,100,0,100,0,100,0,78,22,100,0,100,0,96,8739,22,22,,,,,100,0,100,0,200,0,,,,,,,,,,,,,,,,,,,,,,,,,,,100,33936,100,47453646664,100,170287854560,,,,,,,,,,
2019-10-06,Z304KCV8,ST4000DM000,4000787030016,0,117,145998088,,,91,0,100,15,100,0,87,572204995,,,62,34024,100,0,,,100,15,,,,,,,,,,,,,,,,,,,,,,,,,,,,,,,,,100,0,100,0,100,0,100,0,100,0,78,22,100,0,100,0,96,8739,22,22,,,,,100,0,100,0,200,0,,,,,,,,,,,,,,,,,,,,,,,,,,,100,33960,100,47505024896,100,170372903806,,,,,,,,,,
2019-10-07,Z304KCV8,ST4000DM000,4000787030016,0,108,15308184,,,91,0,100,15,100,0,87,573048966,,,62,34048,100,0,,,100,15,,,,,,,,,,,,,,,,,,,,,,,,,,,,,,,,,100,0,100,0,100,0,100,0,100,0,78,22,100,0,100,0,96,8739,22,22,,,,,100,0,100,0,200,0,,,,,,,,,,,,,,,,,,,,,,,,,,,100,33984,100,47549537768,100,170471962219,,,,,,,,,,
2019-10-08,Z304KCV8,ST4000DM000,4000787030016,0,112,50262912,,,91,0,100,15,100,0,87,573833299,,,62,34073,100,0,,,100,15,,,,,,,,,,,,,,,,,,,,,,,,,,,,,,,,,100,0,100,0,100,0,100,0,100,0,78,22,100,0,100,0,96,8739,22,22,,,,,100,0,100,0,200,0,,,,,,,,,,,,,,,,,,,,,,,,,,,100,34008,100,47581524120,100,170585763008,,,,,,,,,,
2019-10-09,Z304KCV8,ST4000DM000,4000787030016,0,116,105861320,,,91,0,100,15,100,0,87,574641168,,,62,34097,100,0,,,100,15,,,,,,,,,,,,,,,,,,,,,,,,,,,,,,,,,100,0,100,0,100,0,100,0,100,0,78,22,100,0,100,0,96,8739,22,22,,,,,100,0,100,0,200,0,,,,,,,,,,,,,,,,,,,,,,,,,,,100,34032,100,47639258472,100,170687675545,,,,,,,,,,
2019-10-10,Z304KCV8,ST4000DM000,4000787030016,0,109,24161304,,,91,0,100,15,100,0,87,575908014,,,62,34121,100,0,,,100,15,,,,,,,,,,,,,,,,,,,,,,,,,,,,,,,,,100,0,100,0,100,0,100,0,100,0,78,22,100,0,100,0,96,8739,22,22,,,,,100,0,100,0,200,0,,,,,,,,,,,,,,,,,,,,,,,,,,,100,34056,100,47673439120,100,170794596619,,,,,,,,,,
2019-10-11,Z304KCV8,ST4000DM000,4000787030016,0,119,226014312,,,91,0,100,15,100,0,87,576603702,,,62,34145,100,0,,,100,15,,,,,,,,,,,,,,,,,,,,,,,,,,,,,,,,,100,0,100,0,100,0,100,0,100,0,78,22,100,0,100,0,96,8740,22,22,,,,,100,0,100,0,200,0,,,,,,,,,,,,,,,,,,,,,,,,,,,100,34080,100,47717176888,100,170924953397,,,,,,,,,,
2019-10-12,Z304KCV8,ST4000DM000,4000787030016,0,117,124620888,,,91,0,100,15,100,0,87,577482770,,,61,34169,100,0,,,100,15,,,,,,,,,,,,,,,,,,,,,,,,,,,,,,,,,100,0,100,0,100,0,100,0,100,0,78,22,100,0,100,0,96,8741,22,22,,,,,100,0,100,0,200,0,,,,,,,,,,,,,,,,,,,,,,,,,,,100,34104,100,47765114320,100,171026890408,,,,,,,,,,
2019-10-13,Z304KCV8,ST4000DM000,4000787030016,0,118,182735608,,,91,0,100,15,100,0,87,578911796,,,61,34193,100,0,,,100,15,,,,,,,,,,,,,,,,,,,,,,,,,,,,,,,,,100,0,100,0,100,0,100,0,100,0,78,22,100,0,100,0,96,8741,22,22,,,,,100,0,100,0,200,0,,,,,,,,,,,,,,,,,,,,,,,,,,,100,34129,100,47823912072,100,171131319008,,,,,,,,,,
2019-10-14,Z304KCV8,ST4000DM000,4000787030016,0,117,145852632,,,91,0,100,15,100,0,87,579821535,,,61,34217,100,0,,,100,15,,,,,,,,,,,,,,,,,,,,,,,,,,,,,,,,,100,0,100,0,100,0,100,0,100,0,77,23,100,0,100,0,96,8741,23,23,,,,,100,0,100,0,200,0,,,,,,,,,,,,,,,,,,,,,,,,,,,100,34153,100,47879237520,100,171266075139,,,,,,,,,,
2019-10-15,Z304KCV8,ST4000DM000,4000787030016,0,117,142634224,,,91,0,100,15,100,0,87,582089588,,,61,34265,100,0,,,100,15,,,,,,,,,,,,,,,,,,,,,,,,,,,,,,,,,100,0,100,0,100,0,100,0,100,0,77,23,100,0,100,0,96,8741,23,23,,,,,100,0,100,0,200,0,,,,,,,,,,,,,,,,,,,,,,,,,,,100,34201,100,47962406704,100,171972692853,,,,,,,,,,
2019-10-16,Z304KCV8,ST4000DM000,4000787030016,0,117,142634224,,,91,0,100,15,100,0,87,582089588,,,61,34265,100,0,,,100,15,,,,,,,,,,,,,,,,,,,,,,,,,,,,,,,,,100,0,100,0,100,0,100,0,100,0,77,23,100,0,100,0,96,8741,23,23,,,,,100,0,100,0,200,0,,,,,,,,,,,,,,,,,,,,,,,,,,,100,34201,100,47962406704,100,171972692853,,,,,,,,,,
2019-10-17,Z304KCV8,ST4000DM000,4000787030016,0,110,28106856,,,91,0,100,15,100,0,87,584343554,,,61,34289,100,0,,,100,15,,,,,,,,,,,,,,,,,,,,,,,,,,,,,,,,,100,0,100,0,100,0,100,0,100,0,78,22,100,0,100,0,96,8741,22,22,,,,,100,0,100,0,200,0,,,,,,,,,,,,,,,,,,,,,,,,,,,100,34225,100,47986495784,100,172311221524,,,,,,,,,,
2019-10-18,Z304KCV8,ST4000DM000,4000787030016,0,120,834256,,,91,0,100,15,100,0,87,587148727,,,61,34313,100,0,,,100,15,,,,,,,,,,,,,,,,,,,,,,,,,,,,,,,,,100,0,100,0,100,0,100,0,100,0,77,23,100,0,100,0,96,8741,23,23,,,,,100,0,100,0,200,0,,,,,,,,,,,,,,,,,,,,,,,,,,,100,34249,100,48021234032,100,172640718419,,,,,,,,,,
2019-10-19,Z304KCV8,ST4000DM000,4000787030016,0,112,45297552,,,91,0,100,15,100,0,87,588961903,,,61,34337,100,0,,,100,15,,,,,,,,,,,,,,,,,,,,,,,,,,,,,,,,,100,0,100,0,100,0,100,0,100,0,78,22,100,0,100,0,96,8741,22,22,,,,,100,0,100,0,200,0,,,,,,,,,,,,,,,,,,,,,,,,,,,100,34273,100,48064990352,100,172911107088,,,,,,,,,,
2019-10-20,Z304KCV8,ST4000DM000,4000787030016,0,117,164272560,,,91,0,100,15,100,0,87,590478059,,,61,34361,100,0,,,100,15,,,,,,,,,,,,,,,,,,,,,,,,,,,,,,,,,100,0,100,0,100,0,100,0,100,0,78,22,100,0,100,0,96,8743,22,22,,,,,100,0,100,0,200,0,,,,,,,,,,,,,,,,,,,,,,,,,,,100,34297,100,48100163760,100,173199964843,,,,,,,,,,
2019-10-21,Z304KCV8,ST4000DM000,4000787030016,0,118,176009984,,,91,0,100,15,100,0,87,592489289,,,61,34386,100,0,,,100,15,,,,,,,,,,,,,,,,,,,,,,,,,,,,,,,,,100,0,100,0,100,0,100,0,100,0,78,22,100,0,100,0,96,8743,22,22,,,,,100,0,100,0,200,0,,,,,,,,,,,,,,,,,,,,,,,,,,,100,34321,100,48131116168,100,173481924192,,,,,,,,,,
2019-10-22,Z304KCV8,ST4000DM000,4000787030016,0,119,218332128,,,91,0,100,15,100,0,87,594964166,,,61,34410,100,0,,,100,15,,,,,,,,,,,,,,,,,,,,,,,,,,,,,,,,,100,0,100,0,100,0,100,0,100,0,78,22,100,0,100,0,96,8743,22,22,,,,,100,0,100,0,200,0,,,,,,,,,,,,,,,,,,,,,,,,,,,100,34345,100,48167849056,100,173747392918,,,,,,,,,,
2019-10-23,Z304KCV8,ST4000DM000,4000787030016,0,117,126537256,,,91,0,100,15,100,0,87,596463050,,,61,34434,100,0,,,100,15,,,,,,,,,,,,,,,,,,,,,,,,,,,,,,,,,100,0,100,0,100,0,100,0,100,0,77,23,100,0,100,0,96,8743,23,23,,,,,100,0,100,0,200,0,,,,,,,,,,,,,,,,,,,,,,,,,,,100,34369,100,48200265072,100,174002259644,,,,,,,,,,
2019-10-24,Z304KCV8,ST4000DM000,4000787030016,0,118,168100936,,,91,0,100,15,100,0,87,598584227,,,61,34458,100,0,,,100,15,,,,,,,,,,,,,,,,,,,,,,,,,,,,,,,,,100,0,100,0,100,0,100,0,100,0,78,22,100,0,100,0,96,8743,22,22,,,,,100,0,100,0,200,0,,,,,,,,,,,,,,,,,,,,,,,,,,,100,34393,100,48224077928,100,174246407450,,,,,,,,,,
2019-10-25,Z304KCV8,ST4000DM000,4000787030016,0,117,123150336,,,91,0,100,15,100,0,87,600375879,,,61,34482,100,0,,,100,15,,,,,,,,,,,,,,,,,,,,,,,,,,,,,,,,,100,0,100,0,100,0,100,0,100,0,77,23,100,0,100,0,96,8743,23,23,,,,,100,0,100,0,200,0,,,,,,,,,,,,,,,,,,,,,,,,,,,100,34417,100,48263255944,100,174537418644,,,,,,,,,,
2019-10-26,Z304KCV8,ST4000DM000,4000787030016,0,115,90305800,,,91,0,100,15,100,0,87,601893101,,,61,34506,100,0,,,100,15,,,,,,,,,,,,,,,,,,,,,,,,,,,,,,,,,100,0,100,0,100,0,100,0,100,0,77,23,100,0,100,0,96,8743,23,23,,,,,100,0,100,0,200,0,,,,,,,,,,,,,,,,,,,,,,,,,,,100,34441,100,48299353560,100,174735595788,,,,,,,,,,
2019-10-27,Z304KCV8,ST4000DM000,4000787030016,0,116,114888712,,,91,0,100,15,100,0,87,603895466,,,61,34530,100,0,,,100,15,,,,,,,,,,,,,,,,,,,,,,,,,,,,,,,,,100,0,100,0,100,0,100,0,100,0,77,23,100,0,100,0,96,8743,23,23,,,,,100,0,100,0,200,0,,,,,,,,,,,,,,,,,,,,,,,,,,,100,34465,100,48325169352,100,174925265229,,,,,,,,,,
2019-10-28,Z304KCV8,ST4000DM000,4000787030016,0,118,177293088,,,91,0,100,15,100,0,87,605800232,,,61,34554,100,0,,,100,15,,,,,,,,,,,,,,,,,,,,,,,,,,,,,,,,,100,0,100,0,100,0,100,0,100,0,78,22,100,0,100,0,96,8743,22,22,,,,,100,0,100,0,200,0,,,,,,,,,,,,,,,,,,,,,,,,,,,100,34489,100,48358760480,100,175221012760,,,,,,,,,,
2019-10-29,Z304KCV8,ST4000DM000,4000787030016,0,120,236132704,,,91,0,100,15,100,0,87,606658036,,,61,34578,100,0,,,100,15,,,,,,,,,,,,,,,,,,,,,,,,,,,,,,,,,100,0,100,0,100,0,100,0,100,0,78,22,100,0,100,0,96,8743,22,22,,,,,100,0,100,0,200,0,,,,,,,,,,,,,,,,,,,,,,,,,,,100,34513,100,48397610192,100,175337184070,,,,,,,,,,
2019-10-30,Z304KCV8,ST4000DM000,4000787030016,0,117,154809984,,,91,0,100,15,100,0,87,607383742,,,61,34602,100,0,,,100,15,,,,,,,,,,,,,,,,,,,,,,,,,,,,,,,,,100,0,100,0,100,0,100,0,100,0,79,21,100,0,100,0,96,8743,21,21,,,,,100,0,100,0,200,0,,,,,,,,,,,,,,,,,,,,,,,,,,,100,34537,100,48446532888,100,175426543508,,,,,,,,,,
2019-10-31,Z304KCV8,ST4000DM000,4000787030016,0,116,115948120,,,91,0,100,15,100,0,87,608896509,,,61,34626,100,0,,,100,15,,,,,,,,,,,,,,,,,,,,,,,,,,,,,,,,,100,0,100,0,100,0,100,0,100,0,78,22,100,0,100,0,96,8745,22,22,,,,,100,0,100,0,200,0,,,,,,,,,,,,,,,,,,,,,,,,,,,100,34561,100,48492508544,100,175620753828,,,,,,,,,,
2019-11-01,Z304KCV8,ST4000DM000,4000787030016,0,108,19933736,,,91,0,100,15,100,0,87,609894330,,,61,34650,100,0,,,100,15,,,,,,,,,,,,,,,,,,,,,,,,,,,,,,,,,100,0,100,0,100,0,100,0,100,0,79,21,100,0,100,0,96,8745,21,21,,,,,100,0,100,0,200,0,,,,,,,,,,,,,,,,,,,,,,,,,,,100,34585,100,48520842600,100,175855079871,,,,,,,,,,
2019-11-02,Z304KCV8,ST4000DM000,4000787030016,0,114,74326968,,,91,0,100,15,100,0,87,610866911,,,61,34674,100,0,,,100,15,,,,,,,,,,,,,,,,,,,,,,,,,,,,,,,,,100,0,100,0,100,0,100,0,100,0,79,21,100,0,100,0,96,8745,21,21,,,,,100,0,100,0,200,0,,,,,,,,,,,,,,,,,,,,,,,,,,,100,34609,100,48547238952,100,176152547690,,,,,,,,,,
2019-11-03,Z304KCV8,ST4000DM000,4000787030016,0,119,206320768,,,91,0,100,15,100,0,87,612125338,,,61,34698,100,0,,,100,15,,,,,,,,,,,,,,,,,,,,,,,,,,,,,,,,,100,0,100,0,100,0,100,0,100,0,79,21,100,0,100,0,96,8745,21,21,,,,,100,0,100,0,200,0,,,,,,,,,,,,,,,,,,,,,,,,,,,100,34633,100,48578679280,100,176388635826,,,,,,,,,,
2019-11-04,Z304KCV8,ST4000DM000,4000787030016,0,117,157943584,,,91,0,100,15,100,0,87,613342038,,,61,34722,100,0,,,100,15,,,,,,,,,,,,,,,,,,,,,,,,,,,,,,,,,100,0,100,0,100,0,100,0,100,0,79,21,100,0,100,0,96,8745,21,21,,,,,100,0,100,0,200,0,,,,,,,,,,,,,,,,,,,,,,,,,,,100,34657,100,48617030432,100,176733285212,,,,,,,,,,
2019-11-05,Z304KCV8,ST4000DM000,4000787030016,0,118,171042448,,,91,0,100,15,100,0,87,615658545,,,61,34745,100,0,,,100,15,,,,,,,,,,,,,,,,,,,,,,,,,,,,,,,,,100,0,100,0,100,0,100,0,100,0,78,22,100,0,100,0,96,8745,22,22,,,,,100,0,100,0,200,0,,,,,,,,,,,,,,,,,,,,,,,,,,,100,34681,100,48649141296,100,177073254847,,,,,,,,,,
2019-11-06,Z304KCV8,ST4000DM000,4000787030016,0,118,168106400,,,91,0,100,15,100,0,87,618388472,,,61,34769,100,0,,,100,15,,,,,,,,,,,,,,,,,,,,,,,,,,,,,,,,,100,0,100,0,100,0,100,0,100,0,78,22,100,0,100,0,96,8745,22,22,,,,,100,0,100,0,200,0,,,,,,,,,,,,,,,,,,,,,,,,,,,100,34705,100,48674523904,100,177321083961,,,,,,,,,,
2019-11-07,Z304KCV8,ST4000DM000,4000787030016,0,113,57657016,,,91,0,100,15,100,0,87,620076779,,,61,34793,100,0,,,100,15,,,,,,,,,,,,,,,,,,,,,,,,,,,,,,,,,100,0,100,0,100,0,100,0,100,0,77,23,100,0,100,0,96,8747,23,23,,,,,100,0,100,0,200,0,,,,,,,,,,,,,,,,,,,,,,,,,,,100,34728,100,48709602920,100,177618872828,,,,,,,,,,
2019-11-08,Z304KCV8,ST4000DM000,4000787030016,0,119,213394592,,,91,0,100,15,100,0,87,621764309,,,61,34817,100,0,,,100,15,,,,,,,,,,,,,,,,,,,,,,,,,,,,,,,,,100,0,100,0,100,0,100,0,100,0,77,23,100,0,100,0,96,8747,23,23,,,,,100,0,100,0,200,0,,,,,,,,,,,,,,,,,,,,,,,,,,,100,34752,100,48758922248,100,177917251335,,,,,,,,,,
2019-11-09,Z304KCV8,ST4000DM000,4000787030016,0,118,173852128,,,91,0,100,15,100,0,87,623624660,,,61,34841,100,0,,,100,15,,,,,,,,,,,,,,,,,,,,,,,,,,,,,,,,,100,0,100,0,100,0,100,0,100,0,78,22,100,0,100,0,96,8747,22,22,,,,,100,0,100,0,200,0,,,,,,,,,,,,,,,,,,,,,,,,,,,100,34776,100,48800884824,100,178177417560,,,,,,,,,,
2019-11-10,Z304KCV8,ST4000DM000,4000787030016,0,117,165622776,,,91,0,100,15,100,0,87,625335764,,,61,34865,100,0,,,100,15,,,,,,,,,,,,,,,,,,,,,,,,,,,,,,,,,100,0,100,0,100,0,100,0,100,0,78,22,100,0,100,0,96,8747,22,22,,,,,100,0,100,0,200,0,,,,,,,,,,,,,,,,,,,,,,,,,,,100,34800,100,48845310784,100,178390409832,,,,,,,,,,
2019-11-11,Z304KCV8,ST4000DM000,4000787030016,0,114,76657368,,,91,0,100,15,100,0,87,626855697,,,61,34888,100,0,,,100,15,,,,,,,,,,,,,,,,,,,,,,,,,,,,,,,,,100,0,100,0,100,0,100,0,100,0,78,22,100,0,100,0,96,8747,22,22,,,,,100,0,100,0,200,0,,,,,,,,,,,,,,,,,,,,,,,,,,,100,34824,100,48880797464,100,178624813127,,,,,,,,,,
2019-11-12,Z304KCV8,ST4000DM000,4000787030016,0,113,57253584,,,91,0,100,15,100,0,87,628415940,,,61,34912,100,0,,,100,15,,,,,,,,,,,,,,,,,,,,,,,,,,,,,,,,,100,0,100,0,100,0,100,0,100,0,78,22,100,0,100,0,96,8747,22,22,,,,,100,0,100,0,200,0,,,,,,,,,,,,,,,,,,,,,,,,,,,100,34848,100,48909938208,100,178897609751,,,,,,,,,,
2019-11-13,Z304KCV8,ST4000DM000,4000787030016,0,114,65874280,,,91,0,100,15,100,0,87,629892526,,,61,34936,100,0,,,100,15,,,,,,,,,,,,,,,,,,,,,,,,,,,,,,,,,100,0,100,0,100,0,100,0,100,0,78,22,100,0,100,0,96,8747,22,22,,,,,100,0,100,0,200,0,,,,,,,,,,,,,,,,,,,,,,,,,,,100,34872,100,48946070008,100,179133179044,,,,,,,,,,
2019-11-14,Z304KCV8,ST4000DM000,4000787030016,0,114,67306128,,,91,0,100,15,100,0,87,631774187,,,61,34960,100,0,,,100,15,,,,,,,,,,,,,,,,,,,,,,,,,,,,,,,,,100,0,100,0,100,0,100,0,100,0,79,21,100,0,100,0,96,8749,21,21,,,,,100,0,100,0,200,0,,,,,,,,,,,,,,,,,,,,,,,,,,,100,34895,100,48999259600,100,179446467279,,,,,,,,,,
2019-11-15,Z304KCV8,ST4000DM000,4000787030016,0,115,87570408,,,91,0,100,15,100,0,87,633861111,,,61,34984,100,0,,,100,15,,,,,,,,,,,,,,,,,,,,,,,,,,,,,,,,,100,0,100,0,100,0,100,0,100,0,78,22,100,0,100,0,96,8750,22,22,,,,,100,0,100,0,200,0,,,,,,,,,,,,,,,,,,,,,,,,,,,100,34919,100,49028031472,100,179739621283,,,,,,,,,,
2019-11-16,Z304KCV8,ST4000DM000,4000787030016,0,112,46785080,,,91,0,100,15,100,0,87,635522986,,,61,35008,100,0,,,100,15,,,,,,,,,,,,,,,,,,,,,,,,,,,,,,,,,100,0,100,0,100,0,100,0,100,0,78,22,100,0,100,0,96,8750,22,22,,,,,100,0,100,0,200,0,,,,,,,,,,,,,,,,,,,,,,,,,,,100,34944,100,49058809776,100,180004961752,,,,,,,,,,
2019-11-17,Z304KCV8,ST4000DM000,4000787030016,0,112,47948976,,,91,0,100,15,100,0,87,637107503,,,61,35032,100,0,,,100,15,,,,,,,,,,,,,,,,,,,,,,,,,,,,,,,,,100,0,100,0,100,0,100,0,100,0,74,26,100,0,100,0,96,8750,26,26,,,,,100,0,100,0,200,0,,,,,,,,,,,,,,,,,,,,,,,,,,,100,34968,100,49095176216,100,180182953960,,,,,,,,,,
2019-11-18,Z304KCV8,ST4000DM000,4000787030016,0,117,130872640,,,91,0,100,15,100,0,87,638243353,,,60,35056,100,0,,,100,15,,,,,,,,,,,,,,,,,,,,,,,,,,,,,,,,,100,0,100,0,100,0,100,0,100,0,78,22,100,0,100,0,96,8750,22,22,,,,,100,0,100,0,200,0,,,,,,,,,,,,,,,,,,,,,,,,,,,100,34992,100,49144753680,100,180478164969,,,,,,,,,,
2019-11-19,Z304KCV8,ST4000DM000,4000787030016,0,115,84012792,,,91,0,100,15,100,0,87,639271663,,,60,35080,100,0,,,100,15,,,,,,,,,,,,,,,,,,,,,,,,,,,,,,,,,100,0,100,0,100,0,100,0,100,0,78,22,100,0,100,0,96,8750,22,22,,,,,100,0,100,0,200,0,,,,,,,,,,,,,,,,,,,,,,,,,,,100,35016,100,49174546616,100,180814958013,,,,,,,,,,
2019-11-20,Z304KCV8,ST4000DM000,4000787030016,0,120,238206048,,,91,0,100,15,100,0,87,640464534,,,60,35104,100,0,,,100,15,,,,,,,,,,,,,,,,,,,,,,,,,,,,,,,,,100,0,100,0,100,0,100,0,100,0,79,21,100,0,100,0,96,8750,21,21,,,,,100,0,100,0,200,0,,,,,,,,,,,,,,,,,,,,,,,,,,,100,35040,100,49199476600,100,181158077259,,,,,,,,,,
2019-11-21,Z304KCV8,ST4000DM000,4000787030016,0,111,30247136,,,91,0,100,15,100,0,87,642588332,,,60,35129,100,0,,,100,15,,,,,,,,,,,,,,,,,,,,,,,,,,,,,,,,,100,0,100,0,100,0,100,0,100,0,78,22,100,0,100,0,96,8750,22,22,,,,,100,0,100,0,200,0,,,,,,,,,,,,,,,,,,,,,,,,,,,100,35064,100,49267797240,100,181492469406,,,,,,,,,,
2019-11-22,Z304KCV8,ST4000DM000,4000787030016,0,112,50259200,,,91,0,100,15,100,0,87,644975259,,,60,35153,100,0,,,100,15,,,,,,,,,,,,,,,,,,,,,,,,,,,,,,,,,100,0,100,0,100,0,100,0,100,0,79,21,100,0,100,0,96,8750,21,21,,,,,100,0,100,0,200,0,,,,,,,,,,,,,,,,,,,,,,,,,,,100,35088,100,49295176032,100,181832279464,,,,,,,,,,
2019-11-23,Z304KCV8,ST4000DM000,4000787030016,0,112,43905272,,,91,0,100,15,100,0,87,646582848,,,60,35177,100,0,,,100,15,,,,,,,,,,,,,,,,,,,,,,,,,,,,,,,,,100,0,100,0,100,0,100,0,100,0,78,22,100,0,100,0,96,8750,22,22,,,,,100,0,100,0,200,0,,,,,,,,,,,,,,,,,,,,,,,,,,,100,35112,100,49314623168,100,182101676567,,,,,,,,,,
2019-11-24,Z304KCV8,ST4000DM000,4000787030016,0,115,95355432,,,91,0,100,15,100,0,87,647864063,,,60,35201,100,0,,,100,15,,,,,,,,,,,,,,,,,,,,,,,,,,,,,,,,,100,0,100,0,100,0,100,0,100,0,78,22,100,0,100,0,96,8750,22,22,,,,,100,0,100,0,200,0,,,,,,,,,,,,,,,,,,,,,,,,,,,100,35136,100,49355548648,100,182225588357,,,,,,,,,,
2019-11-25,Z304KCV8,ST4000DM000,4000787030016,0,116,112720120,,,91,0,100,15,100,0,87,649414775,,,60,35225,100,0,,,100,15,,,,,,,,,,,,,,,,,,,,,,,,,,,,,,,,,100,0,100,0,100,0,100,0,100,0,78,22,100,0,100,0,96,8750,22,22,,,,,100,0,100,0,200,0,,,,,,,,,,,,,,,,,,,,,,,,,,,100,35160,100,49389814840,100,182482042457,,,,,,,,,,
2019-11-26,Z304KCV8,ST4000DM000,4000787030016,0,117,150283832,,,91,0,100,15,100,0,87,651367122,,,60,35248,100,0,,,100,15,,,,,,,,,,,,,,,,,,,,,,,,,,,,,,,,,100,0,100,0,100,0,100,0,100,0,78,22,100,0,100,0,96,8750,22,22,,,,,100,0,100,0,200,0,,,,,,,,,,,,,,,,,,,,,,,,,,,100,35184,100,49423926128,100,182757459259,,,,,,,,,,
2019-11-27,Z304KCV8,ST4000DM000,4000787030016,0,118,196344400,,,91,0,100,15,100,0,87,653552664,,,60,35272,100,0,,,100,15,,,,,,,,,,,,,,,,,,,,,,,,,,,,,,,,,100,0,100,0,100,0,100,0,100,0,78,22,100,0,100,0,96,8750,22,22,,,,,100,0,100,0,200,0,,,,,,,,,,,,,,,,,,,,,,,,,,,100,35207,100,49456957408,100,183008931483,,,,,,,,,,
2019-11-28,Z304KCV8,ST4000DM000,4000787030016,0,117,128798352,,,91,0,100,15,100,0,87,654883010,,,60,35296,100,0,,,100,15,,,,,,,,,,,,,,,,,,,,,,,,,,,,,,,,,100,0,100,0,100,0,100,0,100,0,77,23,100,0,100,0,96,8750,23,23,,,,,100,0,100,0,200,0,,,,,,,,,,,,,,,,,,,,,,,,,,,100,35231,100,49494201696,100,183263588993,,,,,,,,,,
2019-11-29,Z304KCV8,ST4000DM000,4000787030016,0,118,169390984,,,91,0,100,15,100,0,87,656590394,,,60,35320,100,0,,,100,15,,,,,,,,,,,,,,,,,,,,,,,,,,,,,,,,,100,0,100,0,100,0,100,0,100,0,77,23,100,0,100,0,96,8750,23,23,,,,,100,0,100,0,200,0,,,,,,,,,,,,,,,,,,,,,,,,,,,100,35255,100,49516745752,100,183494818706,,,,,,,,,,
2019-11-30,Z304KCV8,ST4000DM000,4000787030016,0,106,11068048,,,91,0,100,15,100,0,87,658056946,,,60,35344,100,0,,,100,15,,,,,,,,,,,,,,,,,,,,,,,,,,,,,,,,,100,0,100,0,100,0,100,0,100,0,77,23,100,0,100,0,96,8750,23,23,,,,,100,0,100,0,200,0,,,,,,,,,,,,,,,,,,,,,,,,,,,100,35279,100,49535198352,100,183764404763,,,,,,,,,,
2019-12-01,Z304KCV8,ST4000DM000,4000787030016,0,119,223659648,,,91,0,100,15,100,0,87,659269800,,,60,35368,100,0,,,100,15,,,,,,,,,,,,,,,,,,,,,,,,,,,,,,,,,100,0,100,0,100,0,100,0,100,0,77,23,100,0,100,0,96,8750,23,23,,,,,100,0,100,0,200,0,,,,,,,,,,,,,,,,,,,,,,,,,,,100,35303,100,49556241896,100,183876585329,,,,,,,,,,
2019-12-02,Z304KCV8,ST4000DM000,4000787030016,0,115,97158584,,,91,0,100,15,100,0,87,660868182,,,60,35392,100,0,,,100,15,,,,,,,,,,,,,,,,,,,,,,,,,,,,,,,,,100,0,100,0,100,0,100,0,100,0,78,22,100,0,100,0,96,8750,22,22,,,,,100,0,100,0,200,0,,,,,,,,,,,,,,,,,,,,,,,,,,,100,35327,100,49579663008,100,184095242777,,,,,,,,,,
2019-12-03,Z304KCV8,ST4000DM000,4000787030016,0,114,72166472,,,91,0,100,15,100,0,87,662751339,,,60,35416,100,0,,,100,15,,,,,,,,,,,,,,,,,,,,,,,,,,,,,,,,,100,0,100,0,100,0,100,0,100,0,78,22,100,0,100,0,96,8750,22,22,,,,,100,0,100,0,200,0,,,,,,,,,,,,,,,,,,,,,,,,,,,100,35351,100,49609091280,100,184370369005,,,,,,,,,,
2019-12-04,Z304KCV8,ST4000DM000,4000787030016,0,115,86873784,,,91,0,100,15,100,0,87,664210116,,,60,35440,100,0,,,100,15,,,,,,,,,,,,,,,,,,,,,,,,,,,,,,,,,100,0,100,0,100,0,100,0,100,0,78,22,100,0,100,0,96,8750,22,22,,,,,100,0,100,0,200,0,,,,,,,,,,,,,,,,,,,,,,,,,,,100,35375,100,49634877312,100,184641211740,,,,,,,,,,
2019-12-05,Z304KCV8,ST4000DM000,4000787030016,0,117,132263176,,,91,0,100,15,100,0,87,665733892,,,60,35463,100,0,,,100,15,,,,,,,,,,,,,,,,,,,,,,,,,,,,,,,,,100,0,100,0,100,0,100,0,100,0,78,22,100,0,100,0,96,8751,22,22,,,,,100,0,100,0,200,0,,,,,,,,,,,,,,,,,,,,,,,,,,,100,35399,100,49669571880,100,184953254115,,,,,,,,,,
2019-12-06,Z304KCV8,ST4000DM000,4000787030016,0,119,213306048,,,91,0,100,15,100,0,87,666979670,,,60,35487,100,0,,,100,15,,,,,,,,,,,,,,,,,,,,,,,,,,,,,,,,,100,0,100,0,100,0,100,0,100,0,78,22,100,0,100,0,96,8751,22,22,,,,,100,0,100,0,200,0,,,,,,,,,,,,,,,,,,,,,,,,,,,100,35423,100,49693233016,100,185321031518,,,,,,,,,,
2019-12-07,Z304KCV8,ST4000DM000,4000787030016,0,117,127990080,,,91,0,100,15,100,0,87,667877478,,,60,35511,100,0,,,100,15,,,,,,,,,,,,,,,,,,,,,,,,,,,,,,,,,100,0,100,0,100,0,100,0,100,0,78,22,100,0,100,0,96,8751,22,22,,,,,100,0,100,0,200,0,,,,,,,,,,,,,,,,,,,,,,,,,,,100,35447,100,49720547528,100,185655839859,,,,,,,,,,
2019-12-08,Z304KCV8,ST4000DM000,4000787030016,0,117,165340976,,,91,0,100,15,100,0,87,669601716,,,60,35535,100,0,,,100,15,,,,,,,,,,,,,,,,,,,,,,,,,,,,,,,,,100,0,100,0,100,0,100,0,100,0,78,22,100,0,100,0,96,8751,22,22,,,,,100,0,100,0,200,0,,,,,,,,,,,,,,,,,,,,,,,,,,,100,35471,100,49754132120,100,185875995969,,,,,,,,,,
2019-12-09,Z304KCV8,ST4000DM000,4000787030016,0,118,188837080,,,91,0,100,15,100,0,88,672218471,,,60,35559,100,0,,,100,15,,,,,,,,,,,,,,,,,,,,,,,,,,,,,,,,,100,0,100,0,100,0,100,0,100,0,78,22,100,0,100,0,96,8751,22,22,,,,,100,0,100,0,200,0,,,,,,,,,,,,,,,,,,,,,,,,,,,100,35494,100,49778134680,100,186210644020,,,,,,,,,,
2019-12-10,Z304KCV8,ST4000DM000,4000787030016,0,114,59191696,,,91,0,100,15,100,0,88,673942498,,,60,35583,100,0,,,100,15,,,,,,,,,,,,,,,,,,,,,,,,,,,,,,,,,100,0,100,0,100,0,100,0,100,0,78,22,100,0,100,0,96,8751,22,22,,,,,100,0,100,0,200,0,,,,,,,,,,,,,,,,,,,,,,,,,,,100,35518,100,49812069792,100,186507907793,,,,,,,,,,
2019-12-11,Z304KCV8,ST4000DM000,4000787030016,0,112,50015216,,,91,0,100,15,100,0,88,675544671,,,60,35607,100,0,,,100,15,,,,,,,,,,,,,,,,,,,,,,,,,,,,,,,,,100,0,100,0,100,0,100,0,100,0,77,23,100,0,100,0,96,8751,23,23,,,,,100,0,100,0,200,0,,,,,,,,,,,,,,,,,,,,,,,,,,,100,35542,100,49853169200,100,186791331680,,,,,,,,,,
2019-12-12,Z304KCV8,ST4000DM000,4000787030016,0,116,106677328,,,91,0,100,15,100,0,88,677821590,,,60,35630,100,0,,,100,15,,,,,,,,,,,,,,,,,,,,,,,,,,,,,,,,,100,0,100,0,100,0,100,0,100,0,78,22,100,0,100,0,96,8752,22,22,,,,,100,0,100,0,200,0,,,,,,,,,,,,,,,,,,,,,,,,,,,100,35566,100,49886851568,100,187138703251,,,,,,,,,,
2019-12-13,Z304KCV8,ST4000DM000,4000787030016,0,112,48256784,,,91,0,100,15,100,0,88,679533324,,,60,35654,100,0,,,100,15,,,,,,,,,,,,,,,,,,,,,,,,,,,,,,,,,100,0,100,0,100,0,100,0,100,0,78,22,100,0,100,0,96,8752,22,22,,,,,100,0,100,0,200,0,,,,,,,,,,,,,,,,,,,,,,,,,,,100,35590,100,49915521624,100,187444343822,,,,,,,,,,
2019-12-14,Z304KCV8,ST4000DM000,4000787030016,0,111,38472200,,,91,0,100,15,100,0,88,680975100,,,60,35678,100,0,,,100,15,,,,,,,,,,,,,,,,,,,,,,,,,,,,,,,,,100,0,100,0,100,0,100,0,100,0,77,23,100,0,100,0,96,8752,23,23,,,,,100,0,100,0,200,0,,,,,,,,,,,,,,,,,,,,,,,,,,,100,35614,100,49944079128,100,187666350587,,,,,,,,,,
2019-12-15,Z304KCV8,ST4000DM000,4000787030016,0,117,123857120,,,91,0,100,15,100,0,88,682593114,,,60,35702,100,0,,,100,15,,,,,,,,,,,,,,,,,,,,,,,,,,,,,,,,,100,0,100,0,100,0,100,0,100,0,78,22,100,0,100,0,96,8752,22,22,,,,,100,0,100,0,200,0,,,,,,,,,,,,,,,,,,,,,,,,,,,100,35637,100,49971350032,100,187843709952,,,,,,,,,,
2019-12-16,Z304KCV8,ST4000DM000,4000787030016,0,116,110521936,,,91,0,100,15,100,0,88,684311284,,,60,35726,100,0,,,100,15,,,,,,,,,,,,,,,,,,,,,,,,,,,,,,,,,100,0,100,0,100,0,100,0,100,0,77,23,100,0,100,0,96,8752,23,23,,,,,100,0,100,0,200,0,,,,,,,,,,,,,,,,,,,,,,,,,,,100,35661,100,50005773256,100,188140934305,,,,,,,,,,
2019-12-17,Z304KCV8,ST4000DM000,4000787030016,0,112,46074128,,,91,0,100,15,100,0,88,685925797,,,60,35750,100,0,,,100,15,,,,,,,,,,,,,,,,,,,,,,,,,,,,,,,,,100,0,100,0,100,0,100,0,100,0,77,23,100,0,100,0,96,8752,23,23,,,,,100,0,100,0,200,0,,,,,,,,,,,,,,,,,,,,,,,,,,,100,35685,100,50044041048,100,188356509296,,,,,,,,,,
2019-12-18,Z304KCV8,ST4000DM000,4000787030016,0,108,19044960,,,91,0,100,15,100,0,88,688054215,,,60,35773,100,0,,,100,15,,,,,,,,,,,,,,,,,,,,,,,,,,,,,,,,,100,0,100,0,100,0,100,0,100,0,78,22,100,0,100,0,96,8752,22,22,,,,,100,0,100,0,200,0,,,,,,,,,,,,,,,,,,,,,,,,,,,100,35709,100,50072547968,100,188656418619,,,,,,,,,,
2019-12-19,Z304KCV8,ST4000DM000,4000787030016,0,111,32996656,,,91,0,100,15,100,0,88,689738019,,,60,35797,100,0,,,100,15,,,,,,,,,,,,,,,,,,,,,,,,,,,,,,,,,100,0,100,0,100,0,100,0,100,0,78,22,100,0,100,0,96,8752,22,22,,,,,100,0,100,0,200,0,,,,,,,,,,,,,,,,,,,,,,,,,,,100,35732,100,50113455856,100,188946702987,,,,,,,,,,
2019-12-20,Z304KCV8,ST4000DM000,4000787030016,0,116,110194248,,,91,0,100,15,100,0,88,692118342,,,60,35821,100,0,,,100,15,,,,,,,,,,,,,,,,,,,,,,,,,,,,,,,,,100,0,100,0,100,0,100,0,100,0,78,22,100,0,100,0,96,8752,22,22,,,,,100,0,100,0,200,0,,,,,,,,,,,,,,,,,,,,,,,,,,,100,35756,100,50139271912,100,189208127468,,,,,,,,,,
2019-12-21,Z304KCV8,ST4000DM000,4000787030016,0,117,159395936,,,91,0,100,15,100,0,88,693243034,,,60,35845,100,0,,,100,15,,,,,,,,,,,,,,,,,,,,,,,,,,,,,,,,,100,0,100,0,100,0,100,0,100,0,78,22,100,0,100,0,96,8753,22,22,,,,,100,0,100,0,200,0,,,,,,,,,,,,,,,,,,,,,,,,,,,100,35780,100,50167652840,100,189526719944,,,,,,,,,,
2019-12-22,Z304KCV8,ST4000DM000,4000787030016,0,110,25904944,,,91,0,100,15,100,0,88,694462472,,,60,35869,100,0,,,100,15,,,,,,,,,,,,,,,,,,,,,,,,,,,,,,,,,100,0,100,0,100,0,100,0,100,0,77,23,100,0,100,0,96,8753,23,23,,,,,100,0,100,0,200,0,,,,,,,,,,,,,,,,,,,,,,,,,,,100,35804,100,50195580992,100,189688415803,,,,,,,,,,
2019-12-23,Z304KCV8,ST4000DM000,4000787030016,0,119,213489240,,,91,0,100,15,100,0,88,695391534,,,60,35893,100,0,,,100,15,,,,,,,,,,,,,,,,,,,,,,,,,,,,,,,,,100,0,100,0,100,0,100,0,100,0,77,23,100,0,100,0,96,8753,23,23,,,,,100,0,100,0,200,0,,,,,,,,,,,,,,,,,,,,,,,,,,,100,35828,100,50224680144,100,190034445081,,,,,,,,,,
2019-12-24,Z304KCV8,ST4000DM000,4000787030016,0,112,46439552,,,91,0,100,15,100,0,88,697214962,,,59,35917,100,0,,,100,15,,,,,,,,,,,,,,,,,,,,,,,,,,,,,,,,,100,0,100,0,100,0,100,0,100,0,78,22,100,0,100,0,96,8753,22,22,,,,,100,0,100,0,200,0,,,,,,,,,,,,,,,,,,,,,,,,,,,100,35852,100,50249517128,100,190375497195,,,,,,,,,,
2019-12-25,Z304KCV8,ST4000DM000,4000787030016,0,119,233146376,,,91,0,100,15,100,0,88,699965065,,,59,35941,100,0,,,100,15,,,,,,,,,,,,,,,,,,,,,,,,,,,,,,,,,100,0,100,0,100,0,100,0,100,0,78,22,100,0,100,0,96,8753,22,22,,,,,100,0,100,0,200,0,,,,,,,,,,,,,,,,,,,,,,,,,,,100,35876,100,50282883640,100,190707722813,,,,,,,,,,
2019-12-26,Z304KCV8,ST4000DM000,4000787030016,0,117,152746352,,,91,0,100,15,100,0,88,701841433,,,59,35965,100,0,,,100,15,,,,,,,,,,,,,,,,,,,,,,,,,,,,,,,,,100,0,100,0,100,0,100,0,100,0,78,22,100,0,100,0,96,8753,22,22,,,,,100,0,100,0,200,0,,,,,,,,,,,,,,,,,,,,,,,,,,,100,35900,100,50308729040,100,191008660558,,,,,,,,,,
2019-12-27,Z304KCV8,ST4000DM000,4000787030016,0,116,117322720,,,91,0,100,15,100,0,88,703935775,,,59,35989,100,0,,,100,15,,,,,,,,,,,,,,,,,,,,,,,,,,,,,,,,,100,0,100,0,100,0,100,0,100,0,78,22,100,0,100,0,96,8753,22,22,,,,,100,0,100,0,200,0,,,,,,,,,,,,,,,,,,,,,,,,,,,100,35925,100,50328772592,100,191296554452,,,,,,,,,,
2019-12-28,Z304KCV8,ST4000DM000,4000787030016,0,120,239665800,,,91,0,100,15,100,0,88,705772964,,,59,36013,100,0,,,100,15,,,,,,,,,,,,,,,,,,,,,,,,,,,,,,,,,100,0,100,0,100,0,100,0,100,0,78,22,100,0,100,0,96,8753,22,22,,,,,100,0,100,0,200,0,,,,,,,,,,,,,,,,,,,,,,,,,,,100,35949,100,50345591336,100,191595751177,,,,,,,,,,
2019-12-29,Z304KCV8,ST4000DM000,4000787030016,0,104,6751088,,,91,0,100,15,100,0,88,707309518,,,59,36038,100,0,,,100,15,,,,,,,,,,,,,,,,,,,,,,,,,,,,,,,,,100,0,100,0,100,0,100,0,100,0,77,23,100,0,100,0,96,8753,23,23,,,,,100,0,100,0,200,0,,,,,,,,,,,,,,,,,,,,,,,,,,,100,35973,100,50363057760,100,191751864378,,,,,,,,,,
2019-12-30,Z304KCV8,ST4000DM000,4000787030016,0,116,110291360,,,91,0,100,15,100,0,88,708700032,,,59,36062,100,0,,,100,15,,,,,,,,,,,,,,,,,,,,,,,,,,,,,,,,,100,0,100,0,100,0,100,0,100,0,78,22,100,0,100,0,96,8753,22,22,,,,,100,0,100,0,200,0,,,,,,,,,,,,,,,,,,,,,,,,,,,100,35997,100,50381043672,100,191981832430,,,,,,,,,,
2019-12-31,Z304KCV8,ST4000DM000,4000787030016,0,118,199871048,,,91,0,100,15,100,0,88,710324463,,,59,36086,100,0,,,100,15,,,,,,,,,,,,,,,,,,,,,,,,,,,,,,,,,100,0,100,0,100,0,100,0,100,0,78,22,100,0,100,0,96,8753,22,22,,,,,100,0,100,0,200,0,,,,,,,,,,,,,,,,,,,,,,,,,,,100,36021,100,50400839816,100,192273411706,,,,,,,,,,
