2019-01-01,Z304TD77,ST4000DM000,4000787030016,0,117,122686088,,,92,0,100,12,100,0,85,340341594,,,70,26842,100,0,,,100,11,,,,,,,,,,,,,,,,,,,,,,,,,,,,,,,100,0,100,0,100,0,100,0,100,0,82,18,100,0,100,0,84,32520,18,18,,,,,100,0,100,0,200,0,,,,,,,,,,,,,,,,,,,,,,,,,,,100,26446,100,46156019536,100,123556211239,,,,,,,,,,
2019-01-02,Z304TD77,ST4000DM000,4000787030016,0,120,2002312,,,92,0,100,12,100,0,85,341314428,,,70,26867,100,0,,,100,11,,,,,,,,,,,,,,,,,,,,,,,,,,,,,,,100,0,100,0,100,0,100,0,100,0,82,18,100,0,100,0,84,32520,18,18,,,,,100,0,100,0,200,0,,,,,,,,,,,,,,,,,,,,,,,,,,,100,26470,100,46178758904,100,123662432778,,,,,,,,,,
2019-01-03,Z304TD77,ST4000DM000,4000787030016,0,102,4426280,,,92,0,100,12,100,0,85,342296024,,,70,26891,100,0,,,100,11,,,,,,,,,,,,,,,,,,,,,,,,,,,,,,,100,0,100,0,100,0,100,0,100,0,82,18,100,0,100,0,84,32520,18,18,,,,,100,0,100,0,200,0,,,,,,,,,,,,,,,,,,,,,,,,,,,100,26494,100,46197885144,100,123757927438,,,,,,,,,,
2019-01-04,Z304TD77,ST4000DM000,4000787030016,0,104,6778128,,,92,0,100,12,100,0,85,343174790,,,70,26914,100,0,,,100,11,,,,,,,,,,,,,,,,,,,,,,,,,,,,,,,100,0,100,0,100,0,100,0,100,0,79,21,100,0,100,0,84,32520,21,21,,,,,100,0,100,0,200,0,,,,,,,,,,,,,,,,,,,,,,,,,,,100,26518,100,46211670416,100,123864314826,,,,,,,,,,
2019-01-05,Z304TD77,ST4000DM000,4000787030016,0,114,64928232,,,92,0,100,12,100,0,85,345260451,,,70,26938,100,0,,,100,11,,,,,,,,,,,,,,,,,,,,,,,,,,,,,,,100,0,100,0,100,0,100,0,100,0,79,21,100,0,100,0,84,32520,21,21,,,,,100,0,100,0,200,0,,,,,,,,,,,,,,,,,,,,,,,,,,,100,26542,100,46231645568,100,124017294677,,,,,,,,,,
2019-01-06,Z304TD77,ST4000DM000,4000787030016,0,118,196618480,,,92,0,100,12,100,0,85,346308636,,,70,26962,100,0,,,100,11,,,,,,,,,,,,,,,,,,,,,,,,,,,,,,,100,0,100,0,100,0,100,0,100,0,80,20,100,0,100,0,84,32520,20,20,,,,,100,0,100,0,200,0,,,,,,,,,,,,,,,,,,,,,,,,,,,100,26565,100,46249214456,100,124124799597,,,,,,,,,,
2019-01-07,Z304TD77,ST4000DM000,4000787030016,0,117,153177152,,,92,0,100,12,100,0,85,347798322,,,70,26986,100,0,,,100,11,,,,,,,,,,,,,,,,,,,,,,,,,,,,,,,100,0,100,0,100,0,100,0,100,0,79,21,100,0,100,0,84,32520,21,21,,,,,100,0,100,0,200,0,,,,,,,,,,,,,,,,,,,,,,,,,,,100,26589,100,46274230960,100,124203645625,,,,,,,,,,
2019-01-08,Z304TD77,ST4000DM000,4000787030016,0,118,171115856,,,92,0,100,12,100,0,85,349434888,,,70,27010,100,0,,,100,11,,,,,,,,,,,,,,,,,,,,,,,,,,,,,,,100,0,100,0,100,0,100,0,100,0,80,20,100,0,100,0,84,32520,20,20,,,,,100,0,100,0,200,0,,,,,,,,,,,,,,,,,,,,,,,,,,,100,26613,100,46308785472,100,124315787487,,,,,,,,,,
2019-01-09,Z304TD77,ST4000DM000,4000787030016,0,118,169271568,,,92,0,100,12,100,0,85,350617744,,,70,27034,100,0,,,100,11,,,,,,,,,,,,,,,,,,,,,,,,,,,,,,,100,0,100,0,100,0,100,0,100,0,81,19,100,0,100,0,84,32520,19,19,,,,,100,0,100,0,200,0,,,,,,,,,,,,,,,,,,,,,,,,,,,100,26637,100,46331347016,100,124458456390,,,,,,,,,,
2019-01-10,Z304TD77,ST4000DM000,4000787030016,0,114,65409536,,,92,0,100,12,100,0,85,351557437,,,70,27053,100,0,,,100,11,,,,,,,,,,,,,,,,,,,,,,,,,,,,,,,100,0,100,0,100,0,100,0,100,0,81,19,100,0,100,0,84,32520,19,19,,,,,100,0,100,0,200,0,,,,,,,,,,,,,,,,,,,,,,,,,,,100,26656,100,46352120128,100,124568794891,,,,,,,,,,
2019-01-11,Z304TD77,ST4000DM000,4000787030016,0,103,6187744,,,92,0,100,12,100,0,85,352164517,,,70,27067,100,0,,,100,11,,,,,,,,,,,,,,,,,,,,,,,,,,,,,,,100,0,100,0,100,0,100,0,100,0,81,19,100,0,100,0,84,32523,19,19,,,,,100,0,100,0,200,0,,,,,,,,,,,,,,,,,,,,,,,,,,,100,26670,100,46362997456,100,124646995018,,,,,,,,,,
2019-01-12,Z304TD77,ST4000DM000,4000787030016,0,114,80115472,,,92,0,100,12,100,0,85,353454672,,,70,27091,100,0,,,100,11,,,,,,,,,,,,,,,,,,,,,,,,,,,,,,,100,0,100,0,100,0,100,0,100,0,81,19,100,0,100,0,84,32523,19,19,,,,,100,0,100,0,200,0,,,,,,,,,,,,,,,,,,,,,,,,,,,100,26694,100,46387515464,100,124729210942,,,,,,,,,,
2019-01-13,Z304TD77,ST4000DM000,4000787030016,0,119,204541240,,,92,0,100,12,100,0,85,355029274,,,70,27115,100,0,,,100,11,,,,,,,,,,,,,,,,,,,,,,,,,,,,,,,100,0,100,0,100,0,100,0,100,0,81,19,100,0,100,0,84,32523,19,19,,,,,100,0,100,0,200,0,,,,,,,,,,,,,,,,,,,,,,,,,,,100,26718,100,46406370696,100,124876011253,,,,,,,,,,
2019-01-14,Z304TD77,ST4000DM000,4000787030016,0,115,95855976,,,92,0,100,12,100,0,85,356163487,,,70,27139,100,0,,,100,11,,,,,,,,,,,,,,,,,,,,,,,,,,,,,,,100,0,100,0,100,0,100,0,100,0,79,21,100,0,100,0,84,32523,21,21,,,,,100,0,100,0,200,0,,,,,,,,,,,,,,,,,,,,,,,,,,,100,26742,100,46422421136,100,125022766732,,,,,,,,,,
2019-01-15,Z304TD77,ST4000DM000,4000787030016,0,113,56262480,,,92,0,100,12,100,0,85,357838320,,,69,27163,100,0,,,100,11,,,,,,,,,,,,,,,,,,,,,,,,,,,,,,,100,0,100,0,100,0,100,0,100,0,81,19,100,0,100,0,84,32523,19,19,,,,,100,0,100,0,200,0,,,,,,,,,,,,,,,,,,,,,,,,,,,100,26766,100,46445228488,100,125108072779,,,,,,,,,,
2019-01-16,Z304TD77,ST4000DM000,4000787030016,0,116,113069072,,,92,0,100,12,100,0,85,359043932,,,69,27186,100,0,,,100,11,,,,,,,,,,,,,,,,,,,,,,,,,,,,,,,100,0,100,0,100,0,100,0,100,0,81,19,100,0,100,0,84,32523,19,19,,,,,100,0,100,0,200,0,,,,,,,,,,,,,,,,,,,,,,,,,,,100,26790,100,46459593736,100,125240893590,,,,,,,,,,
2019-01-17,Z304TD77,ST4000DM000,4000787030016,0,119,230400992,,,92,0,100,12,100,0,85,360049713,,,69,27210,100,0,,,100,11,,,,,,,,,,,,,,,,,,,,,,,,,,,,,,,100,0,100,0,100,0,100,0,100,0,80,20,100,0,100,0,84,32523,20,20,,,,,100,0,100,0,200,0,,,,,,,,,,,,,,,,,,,,,,,,,,,100,26813,100,46475834392,100,125339046726,,,,,,,,,,
2019-01-18,Z304TD77,ST4000DM000,4000787030016,0,112,48021336,,,92,0,100,12,100,0,85,362405746,,,69,27234,100,0,,,100,11,,,,,,,,,,,,,,,,,,,,,,,,,,,,,,,100,0,100,0,100,0,100,0,100,0,81,19,100,0,100,0,84,32523,19,19,,,,,100,0,100,0,200,0,,,,,,,,,,,,,,,,,,,,,,,,,,,100,26837,100,46499899784,100,125428263772,,,,,,,,,,
2019-01-19,Z304TD77,ST4000DM000,4000787030016,0,118,186092896,,,92,0,100,12,100,0,85,363710330,,,69,27258,100,0,,,100,11,,,,,,,,,,,,,,,,,,,,,,,,,,,,,,,100,0,100,0,100,0,100,0,100,0,81,19,100,0,100,0,84,32523,19,19,,,,,100,0,100,0,200,0,,,,,,,,,,,,,,,,,,,,,,,,,,,100,26861,100,46522929368,100,125514347540,,,,,,,,,,
2019-01-20,Z304TD77,ST4000DM000,4000787030016,0,115,86623024,,,92,0,100,12,100,0,85,365141540,,,69,27282,100,0,,,100,11,,,,,,,,,,,,,,,,,,,,,,,,,,,,,,,100,0,100,0,100,0,100,0,100,0,81,19,100,0,100,0,84,32523,19,19,,,,,100,0,100,0,200,0,,,,,,,,,,,,,,,,,,,,,,,,,,,100,26885,100,46544653752,100,125609463574,,,,,,,,,,
2019-01-21,Z304TD77,ST4000DM000,4000787030016,0,116,109188752,,,92,0,100,12,100,0,85,366339925,,,69,27306,100,0,,,100,11,,,,,,,,,,,,,,,,,,,,,,,,,,,,,,,100,0,100,0,100,0,100,0,100,0,81,19,100,0,100,0,84,32523,19,19,,,,,100,0,100,0,200,0,,,,,,,,,,,,,,,,,,,,,,,,,,,100,26909,100,46572602328,100,125742588564,,,,,,,,,,
2019-01-22,Z304TD77,ST4000DM000,4000787030016,0,117,159982224,,,92,0,100,12,100,0,85,369150083,,,69,27341,100,0,,,100,11,,,,,,,,,,,,,,,,,,,,,,,,,,,,,,,100,0,100,0,100,0,100,0,100,0,79,21,100,0,100,0,84,32523,21,21,,,,,100,0,100,0,200,0,,,,,,,,,,,,,,,,,,,,,,,,,,,100,26945,100,46609793480,100,125909615653,,,,,,,,,,
2019-01-23,Z304TD77,ST4000DM000,4000787030016,0,108,16312152,,,92,0,100,12,100,0,85,370453928,,,69,27365,100,0,,,100,11,,,,,,,,,,,,,,,,,,,,,,,,,,,,,,,100,0,100,0,100,0,100,0,100,0,79,21,100,0,100,0,84,32525,21,21,,,,,100,0,100,0,200,0,,,,,,,,,,,,,,,,,,,,,,,,,,,100,26968,100,46626699256,100,126019493478,,,,,,,,,,
2019-01-24,Z304TD77,ST4000DM000,4000787030016,0,114,70173104,,,92,0,100,12,100,0,85,371499535,,,69,27389,100,0,,,100,11,,,,,,,,,,,,,,,,,,,,,,,,,,,,,,,100,0,100,0,100,0,100,0,100,0,81,19,100,0,100,0,84,32525,19,19,,,,,100,0,100,0,200,0,,,,,,,,,,,,,,,,,,,,,,,,,,,100,26992,100,46649130336,100,126149168862,,,,,,,,,,
2019-01-25,Z304TD77,ST4000DM000,4000787030016,0,117,157598776,,,92,0,100,12,100,0,85,372143325,,,69,27414,100,0,,,100,11,,,,,,,,,,,,,,,,,,,,,,,,,,,,,,,100,0,100,0,100,0,100,0,100,0,81,19,100,0,100,0,84,32526,19,19,,,,,100,0,100,0,200,0,,,,,,,,,,,,,,,,,,,,,,,,,,,100,27017,100,46665693392,100,130514708517,,,,,,,,,,
2019-01-26,Z304TD77,ST4000DM000,4000787030016,0,114,79896296,,,92,0,100,12,100,0,85,373800884,,,69,27438,100,0,,,100,11,,,,,,,,,,,,,,,,,,,,,,,,,,,,,,,100,0,100,0,100,0,100,0,100,0,81,19,100,0,100,0,84,32526,19,19,,,,,100,0,100,0,200,0,,,,,,,,,,,,,,,,,,,,,,,,,,,100,27041,100,46682511264,100,130621674582,,,,,,,,,,
2019-01-27,Z304TD77,ST4000DM000,4000787030016,0,119,203834536,,,92,0,100,12,100,0,85,374400499,,,69,27462,100,0,,,100,11,,,,,,,,,,,,,,,,,,,,,,,,,,,,,,,100,0,100,0,100,0,100,0,100,0,81,19,100,0,100,0,84,32526,19,19,,,,,100,0,100,0,200,0,,,,,,,,,,,,,,,,,,,,,,,,,,,100,27065,100,46694944488,100,130698877705,,,,,,,,,,
2019-01-28,Z304TD77,ST4000DM000,4000787030016,0,115,100078208,,,92,0,100,12,100,0,85,375440478,,,69,27486,100,0,,,100,11,,,,,,,,,,,,,,,,,,,,,,,,,,,,,,,100,0,100,0,100,0,100,0,100,0,81,19,100,0,100,0,84,32526,19,19,,,,,100,0,100,0,200,0,,,,,,,,,,,,,,,,,,,,,,,,,,,100,27089,100,46707275864,100,130773010861,,,,,,,,,,
2019-01-29,Z304TD77,ST4000DM000,4000787030016,0,115,93842024,,,92,0,100,12,100,0,85,376823029,,,69,27510,100,0,,,100,11,,,,,,,,,,,,,,,,,,,,,,,,,,,,,,,100,0,100,0,100,0,100,0,100,0,81,19,100,0,100,0,84,32526,19,19,,,,,100,0,100,0,200,0,,,,,,,,,,,,,,,,,,,,,,,,,,,100,27113,100,46725420984,100,130906770270,,,,,,,,,,
2019-01-30,Z304TD77,ST4000DM000,4000787030016,0,119,221687496,,,92,0,100,12,100,0,85,377539244,,,69,27534,100,0,,,100,11,,,,,,,,,,,,,,,,,,,,,,,,,,,,,,,100,0,100,0,100,0,100,0,100,0,81,19,100,0,100,0,84,32526,19,19,,,,,100,0,100,0,200,0,,,,,,,,,,,,,,,,,,,,,,,,,,,100,27137,100,46742557648,100,131002270593,,,,,,,,,,
2019-01-31,Z304TD77,ST4000DM000,4000787030016,0,113,55569976,,,92,0,100,12,100,0,85,378381309,,,69,27558,100,0,,,100,11,,,,,,,,,,,,,,,,,,,,,,,,,,,,,,,100,0,100,0,100,0,100,0,100,0,82,18,100,0,100,0,84,32526,18,18,,,,,100,0,100,0,200,0,,,,,,,,,,,,,,,,,,,,,,,,,,,100,27161,100,46761526512,100,131109204228,,,,,,,,,,
2019-02-01,Z304TD77,ST4000DM000,4000787030016,0,120,241781544,,,92,0,100,12,100,0,85,380880417,,,69,27582,100,0,,,100,11,,,,,,,,,,,,,,,,,,,,,,,,,,,,,,,100,0,100,0,100,0,100,0,100,0,81,19,100,0,100,0,84,32526,19,19,,,,,100,0,100,0,200,0,,,,,,,,,,,,,,,,,,,,,,,,,,,100,27185,100,46788324888,100,131235028067,,,,,,,,,,
2019-02-02,Z304TD77,ST4000DM000,4000787030016,0,117,159297560,,,92,0,100,12,100,0,85,382721373,,,69,27606,100,0,,,100,11,,,,,,,,,,,,,,,,,,,,,,,,,,,,,,,100,0,100,0,100,0,100,0,100,0,81,19,100,0,100,0,84,32526,19,19,,,,,100,0,100,0,200,0,,,,,,,,,,,,,,,,,,,,,,,,,,,100,27209,100,46805575192,100,131372935456,,,,,,,,,,
2019-02-03,Z304TD77,ST4000DM000,4000787030016,0,118,175832440,,,92,0,100,12,100,0,85,383379541,,,69,27630,100,0,,,100,11,,,,,,,,,,,,,,,,,,,,,,,,,,,,,,,100,0,100,0,100,0,100,0,100,0,81,19,100,0,100,0,84,32526,19,19,,,,,100,0,100,0,200,0,,,,,,,,,,,,,,,,,,,,,,,,,,,100,27233,100,46817554280,100,131460057607,,,,,,,,,,
2019-02-04,Z304TD77,ST4000DM000,4000787030016,0,118,192596816,,,92,0,100,12,100,0,85,384501045,,,69,27654,100,0,,,100,11,,,,,,,,,,,,,,,,,,,,,,,,,,,,,,,100,0,100,0,100,0,100,0,100,0,81,19,100,0,100,0,84,32526,19,19,,,,,100,0,100,0,200,0,,,,,,,,,,,,,,,,,,,,,,,,,,,100,27257,100,46833435168,100,131556162792,,,,,,,,,,
2019-02-05,Z304TD77,ST4000DM000,4000787030016,0,114,73599688,,,92,0,100,12,100,0,85,386384193,,,69,27678,100,0,,,100,11,,,,,,,,,,,,,,,,,,,,,,,,,,,,,,,100,0,100,0,100,0,100,0,100,0,81,19,100,0,100,0,84,32526,19,19,,,,,100,0,100,0,200,0,,,,,,,,,,,,,,,,,,,,,,,,,,,100,27281,100,46854986984,100,131759464450,,,,,,,,,,
2019-02-06,Z304TD77,ST4000DM000,4000787030016,0,118,192218712,,,92,0,100,12,100,0,85,387245178,,,69,27702,100,0,,,100,11,,,,,,,,,,,,,,,,,,,,,,,,,,,,,,,100,0,100,0,100,0,100,0,100,0,80,20,100,0,100,0,84,32526,20,20,,,,,100,0,100,0,200,0,,,,,,,,,,,,,,,,,,,,,,,,,,,100,27305,100,46874815152,100,131901503220,,,,,,,,,,
2019-02-07,Z304TD77,ST4000DM000,4000787030016,0,103,5987352,,,92,0,100,12,100,0,85,387971752,,,69,27725,100,0,,,100,11,,,,,,,,,,,,,,,,,,,,,,,,,,,,,,,100,0,100,0,100,0,100,0,100,0,79,21,100,0,100,0,84,32526,21,21,,,,,100,0,100,0,200,0,,,,,,,,,,,,,,,,,,,,,,,,,,,100,27329,100,46901593352,100,132067508994,,,,,,,,,,
2019-02-08,Z304TD77,ST4000DM000,4000787030016,0,117,117669648,,,92,0,100,12,100,0,85,388739742,,,69,27749,100,0,,,100,11,,,,,,,,,,,,,,,,,,,,,,,,,,,,,,,100,0,100,0,100,0,100,0,100,0,79,21,100,0,100,0,84,32526,21,21,,,,,100,0,100,0,200,0,,,,,,,,,,,,,,,,,,,,,,,,,,,100,27353,100,46914800448,100,132214604101,,,,,,,,,,
2019-02-09,Z304TD77,ST4000DM000,4000787030016,0,117,151351480,,,92,0,100,12,100,0,85,390443310,,,69,27773,100,0,,,100,11,,,,,,,,,,,,,,,,,,,,,,,,,,,,,,,100,0,100,0,100,0,100,0,100,0,80,20,100,0,100,0,84,32526,20,20,,,,,100,0,100,0,200,0,,,,,,,,,,,,,,,,,,,,,,,,,,,100,27377,100,46934559112,100,132408346175,,,,,,,,,,
2019-02-10,Z304TD77,ST4000DM000,4000787030016,0,117,139836904,,,92,0,100,12,100,0,85,391146345,,,69,27797,100,0,,,100,11,,,,,,,,,,,,,,,,,,,,,,,,,,,,,,,100,0,100,0,100,0,100,0,100,0,79,21,100,0,100,0,84,32526,21,21,,,,,100,0,100,0,200,0,,,,,,,,,,,,,,,,,,,,,,,,,,,100,27400,100,46950116864,100,132581207159,,,,,,,,,,
2019-02-11,Z304TD77,ST4000DM000,4000787030016,0,117,149582352,,,92,0,100,12,100,0,85,392238133,,,69,27821,100,0,,,100,11,,,,,,,,,,,,,,,,,,,,,,,,,,,,,,,100,0,100,0,100,0,100,0,100,0,79,21,100,0,100,0,84,32526,21,21,,,,,100,0,100,0,200,0,,,,,,,,,,,,,,,,,,,,,,,,,,,100,27424,100,46971826152,100,132747269725,,,,,,,,,,
2019-02-12,Z304TD77,ST4000DM000,4000787030016,0,119,203202552,,,92,0,100,12,100,0,85,393405742,,,69,27845,100,0,,,100,11,,,,,,,,,,,,,,,,,,,,,,,,,,,,,,,100,0,100,0,100,0,100,0,100,0,79,21,100,0,100,0,84,32526,21,21,,,,,100,0,100,0,200,0,,,,,,,,,,,,,,,,,,,,,,,,,,,100,27448,100,46994618656,100,132919998809,,,,,,,,,,
2019-02-13,Z304TD77,ST4000DM000,4000787030016,0,119,204002544,,,92,0,100,12,100,0,85,394230274,,,69,27869,100,0,,,100,11,,,,,,,,,,,,,,,,,,,,,,,,,,,,,,,100,0,100,0,100,0,100,0,100,0,80,20,100,0,100,0,84,32526,20,20,,,,,100,0,100,0,200,0,,,,,,,,,,,,,,,,,,,,,,,,,,,100,27472,100,47017319840,100,133069118623,,,,,,,,,,
2019-02-14,Z304TD77,ST4000DM000,4000787030016,0,118,179296560,,,92,0,100,12,100,0,85,395196905,,,69,27893,100,0,,,100,11,,,,,,,,,,,,,,,,,,,,,,,,,,,,,,,100,0,100,0,100,0,100,0,100,0,81,19,100,0,100,0,84,32526,19,19,,,,,100,0,100,0,200,0,,,,,,,,,,,,,,,,,,,,,,,,,,,100,27496,100,47033731368,100,133226107297,,,,,,,,,,
2019-02-15,Z304TD77,ST4000DM000,4000787030016,0,120,668752,,,92,0,100,12,100,0,85,396302368,,,69,27917,100,0,,,100,11,,,,,,,,,,,,,,,,,,,,,,,,,,,,,,,100,0,100,0,100,0,100,0,100,0,81,19,100,0,100,0,84,32526,19,19,,,,,100,0,100,0,200,0,,,,,,,,,,,,,,,,,,,,,,,,,,,100,27520,100,47052842464,100,133400093662,,,,,,,,,,
2019-02-16,Z304TD77,ST4000DM000,4000787030016,0,119,212010056,,,92,0,100,12,100,0,85,398757762,,,69,27941,100,0,,,100,11,,,,,,,,,,,,,,,,,,,,,,,,,,,,,,,100,0,100,0,100,0,100,0,100,0,80,20,100,0,100,0,84,32526,20,20,,,,,100,0,100,0,200,0,,,,,,,,,,,,,,,,,,,,,,,,,,,100,27544,100,47073664200,100,133571578707,,,,,,,,,,
2019-02-17,Z304TD77,ST4000DM000,4000787030016,0,120,611520,,,92,0,100,12,100,0,85,401377414,,,69,27965,100,0,,,100,11,,,,,,,,,,,,,,,,,,,,,,,,,,,,,,,100,0,100,0,100,0,100,0,100,0,81,19,100,0,100,0,84,32526,19,19,,,,,100,0,100,0,200,0,,,,,,,,,,,,,,,,,,,,,,,,,,,100,27568,100,47090975512,100,133748853642,,,,,,,,,,
2019-02-18,Z304TD77,ST4000DM000,4000787030016,0,118,169210024,,,92,0,100,12,100,0,86,402989790,,,69,27989,100,0,,,100,11,,,,,,,,,,,,,,,,,,,,,,,,,,,,,,,100,0,100,0,100,0,100,0,100,0,80,20,100,0,100,0,84,32526,20,20,,,,,100,0,100,0,200,0,,,,,,,,,,,,,,,,,,,,,,,,,,,100,27592,100,47111603624,100,133893799770,,,,,,,,,,
2019-02-19,Z304TD77,ST4000DM000,4000787030016,0,114,80701856,,,92,0,100,12,100,0,86,404535752,,,69,28013,100,0,,,100,11,,,,,,,,,,,,,,,,,,,,,,,,,,,,,,,100,0,100,0,100,0,100,0,100,0,81,19,100,0,100,0,84,32526,19,19,,,,,100,0,100,0,200,0,,,,,,,,,,,,,,,,,,,,,,,,,,,100,27616,100,47135303496,100,134017443496,,,,,,,,,,
2019-02-20,Z304TD77,ST4000DM000,4000787030016,0,114,77950920,,,92,0,100,12,100,0,86,405575179,,,68,28037,100,0,,,100,11,,,,,,,,,,,,,,,,,,,,,,,,,,,,,,,100,0,100,0,100,0,100,0,100,0,80,20,100,0,100,0,84,32526,20,20,,,,,100,0,100,0,200,0,,,,,,,,,,,,,,,,,,,,,,,,,,,100,27640,100,47157418648,100,134153340240,,,,,,,,,,
2019-02-21,Z304TD77,ST4000DM000,4000787030016,0,118,199959408,,,92,0,100,12,100,0,86,406332509,,,68,28061,100,0,,,100,11,,,,,,,,,,,,,,,,,,,,,,,,,,,,,,,100,0,100,0,100,0,100,0,100,0,81,19,100,0,100,0,84,32526,19,19,,,,,100,0,100,0,200,0,,,,,,,,,,,,,,,,,,,,,,,,,,,100,27664,100,47175131384,100,134252042966,,,,,,,,,,
2019-02-22,Z304TD77,ST4000DM000,4000787030016,0,119,211876848,,,92,0,100,12,100,0,86,407282258,,,68,28085,100,0,,,100,11,,,,,,,,,,,,,,,,,,,,,,,,,,,,,,,100,0,100,0,100,0,100,0,100,0,80,20,100,0,100,0,84,32526,20,20,,,,,100,0,100,0,200,0,,,,,,,,,,,,,,,,,,,,,,,,,,,100,27688,100,47192734120,100,134377824329,,,,,,,,,,
2019-02-23,Z304TD77,ST4000DM000,4000787030016,0,117,139458776,,,92,0,100,12,100,0,86,409144021,,,68,28109,100,0,,,100,11,,,,,,,,,,,,,,,,,,,,,,,,,,,,,,,100,0,100,0,100,0,100,0,100,0,81,19,100,0,100,0,84,32526,19,19,,,,,100,0,100,0,200,0,,,,,,,,,,,,,,,,,,,,,,,,,,,100,27712,100,47211315936,100,134491066979,,,,,,,,,,
2019-02-24,Z304TD77,ST4000DM000,4000787030016,0,111,32343992,,,92,0,100,12,100,0,86,410040466,,,68,28133,100,0,,,100,11,,,,,,,,,,,,,,,,,,,,,,,,,,,,,,,100,0,100,0,100,0,100,0,100,0,80,20,100,0,100,0,84,32526,20,20,,,,,100,0,100,0,200,0,,,,,,,,,,,,,,,,,,,,,,,,,,,100,27736,100,47221514440,100,134616163376,,,,,,,,,,
2019-02-25,Z304TD77,ST4000DM000,4000787030016,0,117,128440928,,,92,0,100,12,100,0,86,411311219,,,68,28156,100,0,,,100,11,,,,,,,,,,,,,,,,,,,,,,,,,,,,,,,100,0,100,0,100,0,100,0,100,0,81,19,100,0,100,0,84,32526,19,19,,,,,100,0,100,0,200,0,,,,,,,,,,,,,,,,,,,,,,,,,,,100,27760,100,47235963528,100,134749536669,,,,,,,,,,
2019-02-26,Z304TD77,ST4000DM000,4000787030016,0,119,234096512,,,92,0,100,12,100,0,86,412959622,,,68,28180,100,0,,,100,11,,,,,,,,,,,,,,,,,,,,,,,,,,,,,,,100,0,100,0,100,0,100,0,100,0,79,21,100,0,100,0,84,32526,21,21,,,,,100,0,100,0,200,0,,,,,,,,,,,,,,,,,,,,,,,,,,,100,27783,100,47253528008,100,134873266282,,,,,,,,,,
2019-02-27,Z304TD77,ST4000DM000,4000787030016,0,119,217070856,,,92,0,100,12,100,0,86,413908002,,,68,28204,100,0,,,100,11,,,,,,,,,,,,,,,,,,,,,,,,,,,,,,,100,0,100,0,100,0,100,0,100,0,81,19,100,0,100,0,84,32526,19,19,,,,,100,0,100,0,200,0,,,,,,,,,,,,,,,,,,,,,,,,,,,100,27807,100,47265432320,100,135001823507,,,,,,,,,,
2019-02-28,Z304TD77,ST4000DM000,4000787030016,0,119,204411536,,,92,0,100,12,100,0,86,415007234,,,68,28228,100,0,,,100,11,,,,,,,,,,,,,,,,,,,,,,,,,,,,,,,100,0,100,0,100,0,100,0,100,0,81,19,100,0,100,0,84,32526,19,19,,,,,100,0,100,0,200,0,,,,,,,,,,,,,,,,,,,,,,,,,,,100,27831,100,47280000296,100,135159741122,,,,,,,,,,
2019-03-01,Z304TD77,ST4000DM000,4000787030016,0,117,146082824,,,92,0,100,12,100,0,86,415651833,,,68,28252,100,0,,,100,11,,,,,,,,,,,,,,,,,,,,,,,,,,,,,,,100,0,100,0,100,0,100,0,100,0,80,20,100,0,100,0,84,32526,20,20,,,,,100,0,100,0,200,0,,,,,,,,,,,,,,,,,,,,,,,,,,,100,27855,100,47292549912,100,135247965441,,,,,,,,,,
2019-03-02,Z304TD77,ST4000DM000,4000787030016,0,115,85820880,,,92,0,100,12,100,0,86,417605370,,,68,28276,100,0,,,100,11,,,,,,,,,,,,,,,,,,,,,,,,,,,,,,,100,0,100,0,100,0,100,0,100,0,80,20,100,0,100,0,84,32526,20,20,,,,,100,0,100,0,200,0,,,,,,,,,,,,,,,,,,,,,,,,,,,100,27879,100,47307092656,100,135397684187,,,,,,,,,,
2019-03-03,Z304TD77,ST4000DM000,4000787030016,0,102,3686720,,,92,0,100,12,100,0,86,418215226,,,68,28300,100,0,,,100,11,,,,,,,,,,,,,,,,,,,,,,,,,,,,,,,100,0,100,0,100,0,100,0,100,0,81,19,100,0,100,0,84,32526,19,19,,,,,100,0,100,0,200,0,,,,,,,,,,,,,,,,,,,,,,,,,,,100,27903,100,47318986312,100,135466142920,,,,,,,,,,
2019-03-04,Z304TD77,ST4000DM000,4000787030016,0,112,43587256,,,92,0,100,12,100,0,86,420843937,,,68,28324,100,0,,,100,11,,,,,,,,,,,,,,,,,,,,,,,,,,,,,,,100,0,100,0,100,0,100,0,100,0,81,19,100,0,100,0,84,32526,19,19,,,,,100,0,100,0,200,0,,,,,,,,,,,,,,,,,,,,,,,,,,,100,27927,100,47338563808,100,135609085048,,,,,,,,,,
2019-03-05,Z304TD77,ST4000DM000,4000787030016,0,118,197429056,,,92,0,100,12,100,0,86,422159995,,,68,28347,100,0,,,100,11,,,,,,,,,,,,,,,,,,,,,,,,,,,,,,,100,0,100,0,100,0,100,0,100,0,82,18,100,0,100,0,84,32526,18,18,,,,,100,0,100,0,200,0,,,,,,,,,,,,,,,,,,,,,,,,,,,100,27951,100,47359671800,100,135680542687,,,,,,,,,,
2019-03-06,Z304TD77,ST4000DM000,4000787030016,0,107,12611488,,,92,0,100,12,100,0,86,423115209,,,68,28371,100,0,,,100,11,,,,,,,,,,,,,,,,,,,,,,,,,,,,,,,100,0,100,0,100,0,100,0,100,0,79,21,100,0,100,0,84,32526,21,21,,,,,100,0,100,0,200,0,,,,,,,,,,,,,,,,,,,,,,,,,,,100,27974,100,47372124392,100,135784236741,,,,,,,,,,
2019-03-07,Z304TD77,ST4000DM000,4000787030016,0,119,202512984,,,92,0,100,12,100,0,86,423921578,,,68,28395,100,0,,,100,11,,,,,,,,,,,,,,,,,,,,,,,,,,,,,,,100,0,100,0,100,0,100,0,100,0,80,20,100,0,100,0,84,32526,20,20,,,,,100,0,100,0,200,0,,,,,,,,,,,,,,,,,,,,,,,,,,,100,27998,100,47384452752,100,135873595071,,,,,,,,,,
2019-03-08,Z304TD77,ST4000DM000,4000787030016,0,119,202569496,,,92,0,100,12,100,0,86,424887186,,,68,28419,100,0,,,100,11,,,,,,,,,,,,,,,,,,,,,,,,,,,,,,,100,0,100,0,100,0,100,0,100,0,80,20,100,0,100,0,84,32526,20,20,,,,,100,0,100,0,200,0,,,,,,,,,,,,,,,,,,,,,,,,,,,100,28022,100,47399469072,100,135991224215,,,,,,,,,,
2019-03-09,Z304TD77,ST4000DM000,4000787030016,0,114,70011408,,,92,0,100,12,100,0,86,426970981,,,68,28443,100,0,,,100,11,,,,,,,,,,,,,,,,,,,,,,,,,,,,,,,100,0,100,0,100,0,100,0,100,0,82,18,100,0,100,0,84,32526,18,18,,,,,100,0,100,0,200,0,,,,,,,,,,,,,,,,,,,,,,,,,,,100,28046,100,47420422920,100,136113766116,,,,,,,,,,
2019-03-10,Z304TD77,ST4000DM000,4000787030016,0,117,140996640,,,92,0,100,12,100,0,86,427796103,,,68,28467,100,0,,,100,11,,,,,,,,,,,,,,,,,,,,,,,,,,,,,,,100,0,100,0,100,0,100,0,100,0,80,20,100,0,100,0,84,32526,20,20,,,,,100,0,100,0,200,0,,,,,,,,,,,,,,,,,,,,,,,,,,,100,28070,100,47433203368,100,136195454032,,,,,,,,,,
2019-03-11,Z304TD77,ST4000DM000,4000787030016,0,114,71825384,,,92,0,100,12,100,0,86,429146990,,,68,28491,100,0,,,100,11,,,,,,,,,,,,,,,,,,,,,,,,,,,,,,,100,0,100,0,100,0,100,0,100,0,80,20,100,0,100,0,84,32526,20,20,,,,,100,0,100,0,200,0,,,,,,,,,,,,,,,,,,,,,,,,,,,100,28094,100,47451379520,100,136328503453,,,,,,,,,,
2019-03-12,Z304TD77,ST4000DM000,4000787030016,0,118,189610968,,,92,0,100,12,100,0,86,430830513,,,68,28515,100,0,,,100,11,,,,,,,,,,,,,,,,,,,,,,,,,,,,,,,100,0,100,0,100,0,100,0,100,0,81,19,100,0,100,0,84,32526,19,19,,,,,100,0,100,0,200,0,,,,,,,,,,,,,,,,,,,,,,,,,,,100,28118,100,47477186456,100,136414612376,,,,,,,,,,
2019-03-13,Z304TD77,ST4000DM000,4000787030016,0,114,66616736,,,92,0,100,12,100,0,86,431975137,,,68,28539,100,0,,,100,11,,,,,,,,,,,,,,,,,,,,,,,,,,,,,,,100,0,100,0,100,0,100,0,100,0,82,18,100,0,100,0,84,32526,18,18,,,,,100,0,100,0,200,0,,,,,,,,,,,,,,,,,,,,,,,,,,,100,28142,100,47499306696,100,136544951761,,,,,,,,,,
2019-03-14,Z304TD77,ST4000DM000,4000787030016,0,119,220603520,,,92,0,100,12,100,0,86,432852921,,,68,28563,100,0,,,100,11,,,,,,,,,,,,,,,,,,,,,,,,,,,,,,,100,0,100,0,100,0,100,0,100,0,81,19,100,0,100,0,84,32526,19,19,,,,,100,0,100,0,200,0,,,,,,,,,,,,,,,,,,,,,,,,,,,100,28166,100,47520894784,100,136652912414,,,,,,,,,,
2019-03-15,Z304TD77,ST4000DM000,4000787030016,0,118,183487464,,,92,0,100,12,100,0,86,434017879,,,68,28586,100,0,,,100,11,,,,,,,,,,,,,,,,,,,,,,,,,,,,,,,100,0,100,0,100,0,100,0,100,0,82,18,100,0,100,0,84,32526,18,18,,,,,100,0,100,0,200,0,,,,,,,,,,,,,,,,,,,,,,,,,,,100,28190,100,47537900608,100,136786186062,,,,,,,,,,
2019-03-16,Z304TD77,ST4000DM000,4000787030016,0,119,218320568,,,92,0,100,12,100,0,86,436037501,,,68,28610,100,0,,,100,11,,,,,,,,,,,,,,,,,,,,,,,,,,,,,,,100,0,100,0,100,0,100,0,100,0,82,18,100,0,100,0,84,32526,18,18,,,,,100,0,100,0,200,0,,,,,,,,,,,,,,,,,,,,,,,,,,,100,28213,100,47555343352,100,136902504182,,,,,,,,,,
2019-03-17,Z304TD77,ST4000DM000,4000787030016,0,108,15487696,,,92,0,100,12,100,0,86,436934679,,,68,28634,100,0,,,100,11,,,,,,,,,,,,,,,,,,,,,,,,,,,,,,,100,0,100,0,100,0,100,0,100,0,82,18,100,0,100,0,84,32526,18,18,,,,,100,0,100,0,200,0,,,,,,,,,,,,,,,,,,,,,,,,,,,100,28237,100,47578874616,100,136976429991,,,,,,,,,,
2019-03-18,Z304TD77,ST4000DM000,4000787030016,0,120,243163672,,,92,0,100,12,100,0,86,437930115,,,68,28658,100,0,,,100,11,,,,,,,,,,,,,,,,,,,,,,,,,,,,,,,100,0,100,0,100,0,100,0,100,0,82,18,100,0,100,0,84,32526,18,18,,,,,100,0,100,0,200,0,,,,,,,,,,,,,,,,,,,,,,,,,,,100,28261,100,47593816496,100,137070709453,,,,,,,,,,
2019-03-19,Z304TD77,ST4000DM000,4000787030016,0,118,177493808,,,92,0,100,12,100,0,86,440789767,,,68,28682,100,0,,,100,11,,,,,,,,,,,,,,,,,,,,,,,,,,,,,,,100,0,100,0,100,0,100,0,100,0,82,18,100,0,100,0,84,32526,18,18,,,,,100,0,100,0,200,0,,,,,,,,,,,,,,,,,,,,,,,,,,,100,28285,100,47617481104,100,137141533259,,,,,,,,,,
2019-03-20,Z304TD77,ST4000DM000,4000787030016,0,117,138628592,,,92,0,100,12,100,0,86,441710740,,,68,28706,100,0,,,100,11,,,,,,,,,,,,,,,,,,,,,,,,,,,,,,,100,0,100,0,100,0,100,0,100,0,81,19,100,0,100,0,84,32526,19,19,,,,,100,0,100,0,200,0,,,,,,,,,,,,,,,,,,,,,,,,,,,100,28309,100,47635196320,100,137247956025,,,,,,,,,,
2019-03-21,Z304TD77,ST4000DM000,4000787030016,0,117,156491048,,,92,0,100,12,100,0,86,443180984,,,68,28730,100,0,,,100,11,,,,,,,,,,,,,,,,,,,,,,,,,,,,,,,100,0,100,0,100,0,100,0,100,0,80,20,100,0,100,0,84,32526,20,20,,,,,100,0,100,0,200,0,,,,,,,,,,,,,,,,,,,,,,,,,,,100,28333,100,47659195104,100,137395490070,,,,,,,,,,
2019-03-22,Z304TD77,ST4000DM000,4000787030016,0,119,217388616,,,92,0,100,12,100,0,86,444358888,,,68,28754,100,0,,,100,11,,,,,,,,,,,,,,,,,,,,,,,,,,,,,,,100,0,100,0,100,0,100,0,100,0,81,19,100,0,100,0,84,32526,19,19,,,,,100,0,100,0,200,0,,,,,,,,,,,,,,,,,,,,,,,,,,,100,28357,100,47676740440,100,137530354196,,,,,,,,,,
2019-03-23,Z304TD77,ST4000DM000,4000787030016,0,117,145147376,,,92,0,100,12,100,0,86,446996809,,,68,28777,100,0,,,100,11,,,,,,,,,,,,,,,,,,,,,,,,,,,,,,,100,0,100,0,100,0,100,0,100,0,81,19,100,0,100,0,84,32526,19,19,,,,,100,0,100,0,200,0,,,,,,,,,,,,,,,,,,,,,,,,,,,100,28381,100,47709337672,100,137659188405,,,,,,,,,,
2019-03-24,Z304TD77,ST4000DM000,4000787030016,0,117,139076672,,,92,0,100,12,100,0,86,447724046,,,68,28801,100,0,,,100,11,,,,,,,,,,,,,,,,,,,,,,,,,,,,,,,100,0,100,0,100,0,100,0,100,0,81,19,100,0,100,0,84,32526,19,19,,,,,100,0,100,0,200,0,,,,,,,,,,,,,,,,,,,,,,,,,,,100,28405,100,47735300712,100,137730280102,,,,,,,,,,
2019-03-25,Z304TD77,ST4000DM000,4000787030016,0,117,166099032,,,92,0,100,12,100,0,86,448475731,,,68,28825,100,0,,,100,11,,,,,,,,,,,,,,,,,,,,,,,,,,,,,,,100,0,100,0,100,0,100,0,100,0,81,19,100,0,100,0,84,32526,19,19,,,,,100,0,100,0,200,0,,,,,,,,,,,,,,,,,,,,,,,,,,,100,28428,100,47755158344,100,137819373594,,,,,,,,,,
2019-03-26,Z304TD77,ST4000DM000,4000787030016,0,112,48473424,,,92,0,100,12,100,0,86,450205478,,,68,28849,100,0,,,100,11,,,,,,,,,,,,,,,,,,,,,,,,,,,,,,,100,0,100,0,100,0,100,0,100,0,81,19,100,0,100,0,84,32526,19,19,,,,,100,0,100,0,200,0,,,,,,,,,,,,,,,,,,,,,,,,,,,100,28452,100,47781801584,100,137894192222,,,,,,,,,,
2019-03-27,Z304TD77,ST4000DM000,4000787030016,0,113,52084976,,,92,0,100,12,100,0,86,450812560,,,68,28873,100,0,,,100,11,,,,,,,,,,,,,,,,,,,,,,,,,,,,,,,100,0,100,0,100,0,100,0,100,0,80,20,100,0,100,0,84,32526,20,20,,,,,100,0,100,0,200,0,,,,,,,,,,,,,,,,,,,,,,,,,,,100,28476,100,47797301544,100,137960592454,,,,,,,,,,
2019-03-28,Z304TD77,ST4000DM000,4000787030016,0,119,220668792,,,92,0,100,12,100,0,86,451925595,,,68,28897,100,0,,,100,11,,,,,,,,,,,,,,,,,,,,,,,,,,,,,,,100,0,100,0,100,0,100,0,100,0,80,20,100,0,100,0,84,32526,20,20,,,,,100,0,100,0,200,0,,,,,,,,,,,,,,,,,,,,,,,,,,,100,28500,100,47822703312,100,138113692772,,,,,,,,,,
2019-03-29,Z304TD77,ST4000DM000,4000787030016,0,118,182340312,,,92,0,100,12,100,0,86,452762176,,,67,28921,100,0,,,100,11,,,,,,,,,,,,,,,,,,,,,,,,,,,,,,,100,0,100,0,100,0,100,0,100,0,80,20,100,0,100,0,84,32526,20,20,,,,,100,0,100,0,200,0,,,,,,,,,,,,,,,,,,,,,,,,,,,100,28524,100,47838091912,100,138205757331,,,,,,,,,,
2019-03-30,Z304TD77,ST4000DM000,4000787030016,0,114,65759688,,,92,0,100,12,100,0,86,454073459,,,67,28945,100,0,,,100,11,,,,,,,,,,,,,,,,,,,,,,,,,,,,,,,100,0,100,0,100,0,100,0,100,0,81,19,100,0,100,0,84,32526,19,19,,,,,100,0,100,0,200,0,,,,,,,,,,,,,,,,,,,,,,,,,,,100,28548,100,47855173552,100,138310175560,,,,,,,,,,
2019-03-31,Z304TD77,ST4000DM000,4000787030016,0,114,68918216,,,92,0,100,12,100,0,86,454906127,,,67,28969,100,0,,,100,11,,,,,,,,,,,,,,,,,,,,,,,,,,,,,,,100,0,100,0,100,0,100,0,100,0,81,19,100,0,100,0,84,32526,19,19,,,,,100,0,100,0,200,0,,,,,,,,,,,,,,,,,,,,,,,,,,,100,28572,100,47877543552,100,138418940411,,,,,,,,,,
2019-04-01,Z304TD77,ST4000DM000,4000787030016,0,114,59205440,,,92,0,100,12,100,0,86,455815055,,,67,28993,100,0,,,100,11,,,,,,,,,,,,,,,,,,,,,,,,,,,,,,,100,0,100,0,100,0,100,0,100,0,82,18,100,0,100,0,84,32526,18,18,,,,,100,0,100,0,200,0,,,,,,,,,,,,,,,,,,,,,,,,,,,100,28596,100,47890779200,100,138558236756,,,,,,,,,,
2019-04-02,Z304TD77,ST4000DM000,4000787030016,0,116,109321208,,,92,0,100,12,100,0,86,458175906,,,67,29017,100,0,,,100,11,,,,,,,,,,,,,,,,,,,,,,,,,,,,,,,100,0,100,0,100,0,100,0,100,0,81,19,100,0,100,0,84,32526,19,19,,,,,100,0,100,0,200,0,,,,,,,,,,,,,,,,,,,,,,,,,,,100,28620,100,47914610808,100,138703124898,,,,,,,,,,
2019-04-03,Z304TD77,ST4000DM000,4000787030016,0,117,167170976,,,92,0,100,12,100,0,86,462927703,,,67,29041,100,0,,,100,11,,,,,,,,,,,,,,,,,,,,,,,,,,,,,,,100,0,100,0,100,0,100,0,100,0,80,20,100,0,100,0,84,32526,20,20,,,,,100,0,100,0,200,0,,,,,,,,,,,,,,,,,,,,,,,,,,,100,28644,100,47926153992,100,139238839805,,,,,,,,,,
2019-04-04,Z304TD77,ST4000DM000,4000787030016,0,115,98126320,,,92,0,100,12,100,0,86,467414467,,,67,29064,100,0,,,100,11,,,,,,,,,,,,,,,,,,,,,,,,,,,,,,,100,0,100,0,100,0,100,0,100,0,81,19,100,0,100,0,84,32526,19,19,,,,,100,0,100,0,200,0,,,,,,,,,,,,,,,,,,,,,,,,,,,100,28668,100,47936960176,100,139692991201,,,,,,,,,,
2019-04-05,Z304TD77,ST4000DM000,4000787030016,0,117,124382048,,,92,0,100,12,100,0,87,472430794,,,67,29089,100,0,,,100,11,,,,,,,,,,,,,,,,,,,,,,,,,,,,,,,100,0,100,0,100,0,100,0,100,0,81,19,100,0,100,0,84,32526,19,19,,,,,100,0,100,0,200,0,,,,,,,,,,,,,,,,,,,,,,,,,,,100,28692,100,47949998184,100,140232367011,,,,,,,,,,
2019-04-06,Z304TD77,ST4000DM000,4000787030016,0,118,178120376,,,92,0,100,12,100,0,87,477853229,,,67,29112,100,0,,,100,11,,,,,,,,,,,,,,,,,,,,,,,,,,,,,,,100,0,100,0,100,0,100,0,100,0,81,19,100,0,100,0,84,32526,19,19,,,,,100,0,100,0,200,0,,,,,,,,,,,,,,,,,,,,,,,,,,,100,28716,100,47965772448,100,141295617326,,,,,,,,,,
2019-04-07,Z304TD77,ST4000DM000,4000787030016,0,115,85074256,,,92,0,100,12,100,0,87,483176418,,,67,29136,100,0,,,100,11,,,,,,,,,,,,,,,,,,,,,,,,,,,,,,,100,0,100,0,100,0,100,0,100,0,80,20,100,0,100,0,84,32526,20,20,,,,,100,0,100,0,200,0,,,,,,,,,,,,,,,,,,,,,,,,,,,100,28740,100,47973828392,100,142167451940,,,,,,,,,,
2019-04-08,Z304TD77,ST4000DM000,4000787030016,0,110,25820160,,,92,0,100,12,100,0,87,488057436,,,67,29160,100,0,,,100,11,,,,,,,,,,,,,,,,,,,,,,,,,,,,,,,100,0,100,0,100,0,100,0,100,0,81,19,100,0,100,0,84,32526,19,19,,,,,100,0,100,0,200,0,,,,,,,,,,,,,,,,,,,,,,,,,,,100,28764,100,47981593096,100,142870085586,,,,,,,,,,
2019-04-09,Z304TD77,ST4000DM000,4000787030016,0,114,68368816,,,92,0,100,12,100,0,87,493057531,,,67,29184,100,0,,,100,11,,,,,,,,,,,,,,,,,,,,,,,,,,,,,,,100,0,100,0,100,0,100,0,100,0,81,19,100,0,100,0,84,32526,19,19,,,,,100,0,100,0,200,0,,,,,,,,,,,,,,,,,,,,,,,,,,,100,28787,100,47988813048,100,143456523921,,,,,,,,,,
2019-04-10,Z304TD77,ST4000DM000,4000787030016,0,119,224013384,,,92,0,100,12,100,0,87,498384871,,,67,29208,100,0,,,100,11,,,,,,,,,,,,,,,,,,,,,,,,,,,,,,,100,0,100,0,100,0,100,0,100,0,81,19,100,0,100,0,84,32526,19,19,,,,,100,0,100,0,200,0,,,,,,,,,,,,,,,,,,,,,,,,,,,100,28812,100,47995969608,100,143990340133,,,,,,,,,,
2019-04-11,Z304TD77,ST4000DM000,4000787030016,0,119,220261168,,,92,0,100,12,100,0,87,503793799,,,67,29232,100,0,,,100,11,,,,,,,,,,,,,,,,,,,,,,,,,,,,,,,100,0,100,0,100,0,100,0,100,0,81,19,100,0,100,0,84,32526,19,19,,,,,100,0,100,0,200,0,,,,,,,,,,,,,,,,,,,,,,,,,,,100,28836,100,48003926760,100,144480595989,,,,,,,,,,
2019-04-12,Z304TD77,ST4000DM000,4000787030016,0,116,103331168,,,92,0,100,12,100,0,87,509715045,,,67,29256,100,0,,,100,11,,,,,,,,,,,,,,,,,,,,,,,,,,,,,,,100,0,100,0,100,0,100,0,100,0,80,20,100,0,100,0,84,32526,20,20,,,,,100,0,100,0,200,0,,,,,,,,,,,,,,,,,,,,,,,,,,,100,28860,100,48016061288,100,145285239708,,,,,,,,,,
2019-04-13,Z304TD77,ST4000DM000,4000787030016,0,118,171822736,,,92,0,100,12,100,0,87,515542855,,,67,29280,100,0,,,100,11,,,,,,,,,,,,,,,,,,,,,,,,,,,,,,,100,0,100,0,100,0,100,0,100,0,81,19,100,0,100,0,84,32526,19,19,,,,,100,0,100,0,200,0,,,,,,,,,,,,,,,,,,,,,,,,,,,100,28884,100,48024317328,100,146051658832,,,,,,,,,,
2019-04-14,Z304TD77,ST4000DM000,4000787030016,0,120,239222152,,,92,0,100,12,100,0,87,520874736,,,67,29304,100,0,,,100,11,,,,,,,,,,,,,,,,,,,,,,,,,,,,,,,100,0,100,0,100,0,100,0,100,0,80,20,100,0,100,0,84,32526,20,20,,,,,100,0,100,0,200,0,,,,,,,,,,,,,,,,,,,,,,,,,,,100,28908,100,48032520824,100,146789389024,,,,,,,,,,
2019-04-15,Z304TD77,ST4000DM000,4000787030016,0,119,232076368,,,92,0,100,12,100,0,87,523286590,,,67,29328,100,0,,,100,11,,,,,,,,,,,,,,,,,,,,,,,,,,,,,,,100,0,100,0,100,0,100,0,100,0,80,20,100,0,100,0,84,32526,20,20,,,,,100,0,100,0,200,0,,,,,,,,,,,,,,,,,,,,,,,,,,,100,28932,100,48051141008,100,147046966080,,,,,,,,,,
2019-04-16,Z304TD77,ST4000DM000,4000787030016,0,114,81284760,,,92,0,100,12,100,0,87,525124375,,,67,29352,100,0,,,100,11,,,,,,,,,,,,,,,,,,,,,,,,,,,,,,,100,0,100,0,100,0,100,0,100,0,80,20,100,0,100,0,84,32526,20,20,,,,,100,0,100,0,200,0,,,,,,,,,,,,,,,,,,,,,,,,,,,100,28956,100,48072303400,100,147172541083,,,,,,,,,,
2019-04-17,Z304TD77,ST4000DM000,4000787030016,0,114,79446336,,,92,0,100,12,100,0,87,526212891,,,67,29376,100,0,,,100,11,,,,,,,,,,,,,,,,,,,,,,,,,,,,,,,100,0,100,0,100,0,100,0,100,0,80,20,100,0,100,0,84,32526,20,20,,,,,100,0,100,0,200,0,,,,,,,,,,,,,,,,,,,,,,,,,,,100,28980,100,48094905552,100,147362196084,,,,,,,,,,
2019-04-18,Z304TD77,ST4000DM000,4000787030016,0,117,161685144,,,92,0,100,12,100,0,87,527440734,,,67,29400,100,0,,,100,11,,,,,,,,,,,,,,,,,,,,,,,,,,,,,,,100,0,100,0,100,0,100,0,100,0,81,19,100,0,100,0,84,32526,19,19,,,,,100,0,100,0,200,0,,,,,,,,,,,,,,,,,,,,,,,,,,,100,29003,100,48124611704,100,147538676544,,,,,,,,,,
2019-04-19,Z304TD77,ST4000DM000,4000787030016,0,116,103814848,,,92,0,100,12,100,0,87,529062572,,,67,29424,100,0,,,100,11,,,,,,,,,,,,,,,,,,,,,,,,,,,,,,,100,0,100,0,100,0,100,0,100,0,79,21,100,0,100,0,84,32526,21,21,,,,,100,0,100,0,200,0,,,,,,,,,,,,,,,,,,,,,,,,,,,100,29027,100,48139035360,100,147714811008,,,,,,,,,,
2019-04-20,Z304TD77,ST4000DM000,4000787030016,0,118,194105488,,,92,0,100,12,100,0,87,531706156,,,67,29448,100,0,,,100,11,,,,,,,,,,,,,,,,,,,,,,,,,,,,,,,100,0,100,0,100,0,100,0,100,0,80,20,100,0,100,0,84,32526,20,20,,,,,100,0,100,0,200,0,,,,,,,,,,,,,,,,,,,,,,,,,,,100,29051,100,48160214880,100,147876582641,,,,,,,,,,
2019-04-21,Z304TD77,ST4000DM000,4000787030016,0,111,35133704,,,92,0,100,12,100,0,87,532938127,,,67,29472,100,0,,,100,11,,,,,,,,,,,,,,,,,,,,,,,,,,,,,,,100,0,100,0,100,0,100,0,100,0,79,21,100,0,100,0,84,32526,21,21,,,,,100,0,100,0,200,0,,,,,,,,,,,,,,,,,,,,,,,,,,,100,29075,100,48178542664,100,148032465190,,,,,,,,,,
2019-04-22,Z304TD77,ST4000DM000,4000787030016,0,117,144402464,,,92,0,100,12,100,0,87,533868949,,,67,29496,100,0,,,100,11,,,,,,,,,,,,,,,,,,,,,,,,,,,,,,,100,0,100,0,100,0,100,0,100,0,81,19,100,0,100,0,84,32526,19,19,,,,,100,0,100,0,200,0,,,,,,,,,,,,,,,,,,,,,,,,,,,100,29099,100,48205980840,100,148167486657,,,,,,,,,,
2019-04-23,Z304TD77,ST4000DM000,4000787030016,0,112,44867360,,,92,0,100,12,100,0,87,535742356,,,67,29520,100,0,,,100,11,,,,,,,,,,,,,,,,,,,,,,,,,,,,,,,100,0,100,0,100,0,100,0,100,0,80,20,100,0,100,0,84,32526,20,20,,,,,100,0,100,0,200,0,,,,,,,,,,,,,,,,,,,,,,,,,,,100,29123,100,48231935864,100,148278423757,,,,,,,,,,
2019-04-24,Z304TD77,ST4000DM000,4000787030016,0,119,208208136,,,92,0,100,12,100,0,87,536747979,,,67,29544,100,0,,,100,11,,,,,,,,,,,,,,,,,,,,,,,,,,,,,,,100,0,100,0,100,0,100,0,100,0,80,20,100,0,100,0,84,32526,20,20,,,,,100,0,100,0,200,0,,,,,,,,,,,,,,,,,,,,,,,,,,,100,29147,100,48245494944,100,148412809822,,,,,,,,,,
2019-04-25,Z304TD77,ST4000DM000,4000787030016,0,118,199991744,,,92,0,100,12,100,0,87,538122627,,,67,29580,100,0,,,100,11,,,,,,,,,,,,,,,,,,,,,,,,,,,,,,,100,0,100,0,100,0,100,0,100,0,80,20,100,0,100,0,84,32526,20,20,,,,,100,0,100,0,200,0,,,,,,,,,,,,,,,,,,,,,,,,,,,100,29183,100,48269876168,100,148598565385,,,,,,,,,,
2019-04-26,Z304TD77,ST4000DM000,4000787030016,0,117,155885208,,,92,0,100,12,100,0,87,538766482,,,67,29592,100,0,,,100,11,,,,,,,,,,,,,,,,,,,,,,,,,,,,,,,100,0,100,0,100,0,100,0,100,0,80,20,100,0,100,0,84,32526,20,20,,,,,100,0,100,0,200,0,,,,,,,,,,,,,,,,,,,,,,,,,,,100,29195,100,48277559680,100,148680378192,,,,,,,,,,
2019-04-27,Z304TD77,ST4000DM000,4000787030016,0,114,70353032,,,92,0,100,12,100,0,87,540996958,,,67,29616,100,0,,,100,11,,,,,,,,,,,,,,,,,,,,,,,,,,,,,,,100,0,100,0,100,0,100,0,100,0,80,20,100,0,100,0,84,32526,20,20,,,,,100,0,100,0,200,0,,,,,,,,,,,,,,,,,,,,,,,,,,,100,29219,100,48296640784,100,148838837287,,,,,,,,,,
2019-04-28,Z304TD77,ST4000DM000,4000787030016,0,116,112970880,,,92,0,100,12,100,0,87,542108398,,,67,29640,100,0,,,100,11,,,,,,,,,,,,,,,,,,,,,,,,,,,,,,,100,0,100,0,100,0,100,0,100,0,80,20,100,0,100,0,84,32526,20,20,,,,,100,0,100,0,200,0,,,,,,,,,,,,,,,,,,,,,,,,,,,100,29243,100,48314141656,100,148997851345,,,,,,,,,,
2019-04-29,Z304TD77,ST4000DM000,4000787030016,0,117,129326176,,,92,0,100,12,100,0,87,544243098,,,67,29676,100,0,,,100,11,,,,,,,,,,,,,,,,,,,,,,,,,,,,,,,100,0,100,0,100,0,100,0,100,0,80,20,100,0,100,0,84,32526,20,20,,,,,100,0,100,0,200,0,,,,,,,,,,,,,,,,,,,,,,,,,,,100,29279,100,48336927512,100,149154648227,,,,,,,,,,
2019-04-30,Z304TD77,ST4000DM000,4000787030016,0,112,44284904,,,92,0,100,12,100,0,87,544935542,,,67,29700,100,0,,,100,11,,,,,,,,,,,,,,,,,,,,,,,,,,,,,,,100,0,100,0,100,0,100,0,100,0,80,20,100,0,100,0,84,32526,20,20,,,,,100,0,100,0,200,0,,,,,,,,,,,,,,,,,,,,,,,,,,,100,29303,100,48347875824,100,149233235877,,,,,,,,,,
2019-05-01,Z304TD77,ST4000DM000,4000787030016,0,117,138202792,,,92,0,100,12,100,0,87,545490384,,,67,29712,100,0,,,100,11,,,,,,,,,,,,,,,,,,,,,,,,,,,,,,,100,0,100,0,100,0,100,0,100,0,80,20,100,0,100,0,84,32526,20,20,,,,,100,0,100,0,200,0,,,,,,,,,,,,,,,,,,,,,,,,,,,100,29315,100,48355827352,100,149304382162,,,,,,,,,,
2019-05-02,Z304TD77,ST4000DM000,4000787030016,0,117,165058808,,,92,0,100,12,100,0,87,546360813,,,67,29736,100,0,,,100,11,,,,,,,,,,,,,,,,,,,,,,,,,,,,,,,100,0,100,0,100,0,100,0,100,0,80,20,100,0,100,0,84,32526,20,20,,,,,100,0,100,0,200,0,,,,,,,,,,,,,,,,,,,,,,,,,,,100,29339,100,48370481096,100,149421551629,,,,,,,,,,
2019-05-03,Z304TD77,ST4000DM000,4000787030016,0,111,36426400,,,92,0,100,12,100,0,87,547301636,,,67,29760,100,0,,,100,11,,,,,,,,,,,,,,,,,,,,,,,,,,,,,,,100,0,100,0,100,0,100,0,100,0,80,20,100,0,100,0,84,32526,20,20,,,,,100,0,100,0,200,0,,,,,,,,,,,,,,,,,,,,,,,,,,,100,29363,100,48384509336,100,149530299521,,,,,,,,,,
2019-05-04,Z304TD77,ST4000DM000,4000787030016,0,117,149194960,,,92,0,100,12,100,0,87,549506530,,,66,29784,100,0,,,100,11,,,,,,,,,,,,,,,,,,,,,,,,,,,,,,,100,0,100,0,100,0,100,0,100,0,80,20,100,0,100,0,84,32526,20,20,,,,,100,0,100,0,200,0,,,,,,,,,,,,,,,,,,,,,,,,,,,100,29387,100,48410412240,100,149663155765,,,,,,,,,,
2019-05-05,Z304TD77,ST4000DM000,4000787030016,0,114,80918072,,,92,0,100,12,100,0,87,550712901,,,66,29808,100,0,,,100,11,,,,,,,,,,,,,,,,,,,,,,,,,,,,,,,100,0,100,0,100,0,100,0,100,0,79,21,100,0,100,0,84,32526,21,21,,,,,100,0,100,0,200,0,,,,,,,,,,,,,,,,,,,,,,,,,,,100,29411,100,48446025944,100,149796357712,,,,,,,,,,
2019-05-06,Z304TD77,ST4000DM000,4000787030016,0,109,23453760,,,92,0,100,12,100,0,87,551695473,,,66,29832,100,0,,,100,11,,,,,,,,,,,,,,,,,,,,,,,,,,,,,,,100,0,100,0,100,0,100,0,100,0,81,19,100,0,100,0,84,32526,19,19,,,,,100,0,100,0,200,0,,,,,,,,,,,,,,,,,,,,,,,,,,,100,29435,100,48463699744,100,149902377290,,,,,,,,,,
2019-05-07,Z304TD77,ST4000DM000,4000787030016,0,117,164442712,,,92,0,100,12,100,0,87,554845548,,,66,29856,100,0,,,100,11,,,,,,,,,,,,,,,,,,,,,,,,,,,,,,,100,0,100,0,100,0,100,0,100,0,82,18,100,0,100,0,84,32526,18,18,,,,,100,0,100,0,200,0,,,,,,,,,,,,,,,,,,,,,,,,,,,100,29459,100,48483040384,100,149984860742,,,,,,,,,,
2019-05-08,Z304TD77,ST4000DM000,4000787030016,0,117,144232168,,,92,0,100,12,100,0,87,555879032,,,66,29880,100,0,,,100,11,,,,,,,,,,,,,,,,,,,,,,,,,,,,,,,100,0,100,0,100,0,100,0,100,0,80,20,100,0,100,0,84,32526,20,20,,,,,100,0,100,0,200,0,,,,,,,,,,,,,,,,,,,,,,,,,,,100,29483,100,48495099288,100,150095581082,,,,,,,,,,
2019-05-09,Z304TD77,ST4000DM000,4000787030016,0,118,175913240,,,92,0,100,12,100,0,87,556723947,,,66,29904,100,0,,,100,11,,,,,,,,,,,,,,,,,,,,,,,,,,,,,,,100,0,100,0,100,0,100,0,100,0,81,19,100,0,100,0,84,32526,19,19,,,,,100,0,100,0,200,0,,,,,,,,,,,,,,,,,,,,,,,,,,,100,29507,100,48510830544,100,150209444018,,,,,,,,,,
2019-05-10,Z304TD77,ST4000DM000,4000787030016,0,119,203507176,,,92,0,100,12,100,0,87,557602078,,,66,29928,100,0,,,100,11,,,,,,,,,,,,,,,,,,,,,,,,,,,,,,,100,0,100,0,100,0,100,0,100,0,80,20,100,0,100,0,84,32526,20,20,,,,,100,0,100,0,200,0,,,,,,,,,,,,,,,,,,,,,,,,,,,100,29531,100,48522457376,100,150329919433,,,,,,,,,,
2019-05-11,Z304TD77,ST4000DM000,4000787030016,0,118,178219216,,,92,0,100,12,100,0,87,559824863,,,66,29952,100,0,,,100,11,,,,,,,,,,,,,,,,,,,,,,,,,,,,,,,100,0,100,0,100,0,100,0,100,0,80,20,100,0,100,0,84,32526,20,20,,,,,100,0,100,0,200,0,,,,,,,,,,,,,,,,,,,,,,,,,,,100,29555,100,48540063256,100,150469444264,,,,,,,,,,
2019-05-12,Z304TD77,ST4000DM000,4000787030016,0,117,118059456,,,92,0,100,12,100,0,87,560822618,,,66,29976,100,0,,,100,11,,,,,,,,,,,,,,,,,,,,,,,,,,,,,,,100,0,100,0,100,0,100,0,100,0,80,20,100,0,100,0,84,32526,20,20,,,,,100,0,100,0,200,0,,,,,,,,,,,,,,,,,,,,,,,,,,,100,29579,100,48555726640,100,150580236617,,,,,,,,,,
2019-05-13,Z304TD77,ST4000DM000,4000787030016,0,117,159762512,,,92,0,100,12,100,0,87,561758061,,,66,30000,100,0,,,100,11,,,,,,,,,,,,,,,,,,,,,,,,,,,,,,,100,0,100,0,100,0,100,0,100,0,80,20,100,0,100,0,84,32526,20,20,,,,,100,0,100,0,200,0,,,,,,,,,,,,,,,,,,,,,,,,,,,100,29603,100,48573276824,100,150660730873,,,,,,,,,,
2019-05-14,Z304TD77,ST4000DM000,4000787030016,0,118,194282392,,,92,0,100,12,100,0,87,563588758,,,66,30024,100,0,,,100,11,,,,,,,,,,,,,,,,,,,,,,,,,,,,,,,100,0,100,0,100,0,100,0,100,0,80,20,100,0,100,0,84,32526,20,20,,,,,100,0,100,0,200,0,,,,,,,,,,,,,,,,,,,,,,,,,,,100,29627,100,48603362512,100,150737618899,,,,,,,,,,
2019-05-15,Z304TD77,ST4000DM000,4000787030016,0,114,61894152,,,92,0,100,12,100,0,87,564706333,,,66,30060,100,0,,,100,11,,,,,,,,,,,,,,,,,,,,,,,,,,,,,,,100,0,100,0,100,0,100,0,100,0,80,20,100,0,100,0,84,32526,20,20,,,,,100,0,100,0,200,0,,,,,,,,,,,,,,,,,,,,,,,,,,,100,29663,100,48621573680,100,150857510781,,,,,,,,,,
2019-05-16,Z304TD77,ST4000DM000,4000787030016,0,114,73858936,,,92,0,100,12,100,0,87,565457659,,,66,30084,100,0,,,100,11,,,,,,,,,,,,,,,,,,,,,,,,,,,,,,,100,0,100,0,100,0,100,0,100,0,81,19,100,0,100,0,84,32526,19,19,,,,,100,0,100,0,200,0,,,,,,,,,,,,,,,,,,,,,,,,,,,100,29687,100,48632420064,100,150950612360,,,,,,,,,,
2019-05-17,Z304TD77,ST4000DM000,4000787030016,0,114,69096520,,,92,0,100,12,100,0,87,567753234,,,66,30108,100,0,,,100,11,,,,,,,,,,,,,,,,,,,,,,,,,,,,,,,100,0,100,0,100,0,100,0,100,0,80,20,100,0,100,0,84,32526,20,20,,,,,100,0,100,0,200,0,,,,,,,,,,,,,,,,,,,,,,,,,,,100,29711,100,48649627360,100,151092896342,,,,,,,,,,
2019-05-18,Z304TD77,ST4000DM000,4000787030016,0,119,207593848,,,92,0,100,12,100,0,87,570493251,,,66,30132,100,0,,,100,11,,,,,,,,,,,,,,,,,,,,,,,,,,,,,,,100,0,100,0,100,0,100,0,100,0,80,20,100,0,100,0,84,32526,20,20,,,,,100,0,100,0,200,0,,,,,,,,,,,,,,,,,,,,,,,,,,,100,29735,100,48670883296,100,151254342272,,,,,,,,,,
2019-05-19,Z304TD77,ST4000DM000,4000787030016,0,115,85869976,,,92,0,100,12,100,0,87,571473859,,,66,30156,100,0,,,100,11,,,,,,,,,,,,,,,,,,,,,,,,,,,,,,,100,0,100,0,100,0,100,0,100,0,80,20,100,0,100,0,84,32526,20,20,,,,,100,0,100,0,200,0,,,,,,,,,,,,,,,,,,,,,,,,,,,100,29759,100,48691514328,100,151347812824,,,,,,,,,,
2019-05-20,Z304TD77,ST4000DM000,4000787030016,0,111,39833768,,,92,0,100,12,100,0,87,573003281,,,66,30180,100,0,,,100,11,,,,,,,,,,,,,,,,,,,,,,,,,,,,,,,100,0,100,0,100,0,100,0,100,0,81,19,100,0,100,0,84,32526,19,19,,,,,100,0,100,0,200,0,,,,,,,,,,,,,,,,,,,,,,,,,,,100,29783,100,48709839288,100,151410223535,,,,,,,,,,
2019-05-21,Z304TD77,ST4000DM000,4000787030016,0,117,165124176,,,92,0,100,12,100,0,87,573710350,,,66,30204,100,0,,,100,11,,,,,,,,,,,,,,,,,,,,,,,,,,,,,,,100,0,100,0,100,0,100,0,100,0,81,19,100,0,100,0,84,32526,19,19,,,,,100,0,100,0,200,0,,,,,,,,,,,,,,,,,,,,,,,,,,,100,29807,100,48723800952,100,151510718380,,,,,,,,,,
2019-05-22,Z304TD77,ST4000DM000,4000787030016,0,117,162270872,,,92,0,100,12,100,0,87,574054624,,,66,30216,100,0,,,100,11,,,,,,,,,,,,,,,,,,,,,,,,,,,,,,,100,0,100,0,100,0,100,0,100,0,80,20,100,0,100,0,84,32526,20,20,,,,,100,0,100,0,200,0,,,,,,,,,,,,,,,,,,,,,,,,,,,100,29819,100,48736603960,100,151539743781,,,,,,,,,,
2019-05-23,Z304TD77,ST4000DM000,4000787030016,0,107,14674528,,,92,0,100,12,100,0,87,574767588,,,66,30240,100,0,,,100,11,,,,,,,,,,,,,,,,,,,,,,,,,,,,,,,100,0,100,0,100,0,100,0,100,0,81,19,100,0,100,0,84,32526,19,19,,,,,100,0,100,0,200,0,,,,,,,,,,,,,,,,,,,,,,,,,,,100,29843,100,48751674136,100,151640448287,,,,,,,,,,
2019-05-24,Z304TD77,ST4000DM000,4000787030016,0,115,97084432,,,92,0,100,12,100,0,87,575672592,,,66,30264,100,0,,,100,11,,,,,,,,,,,,,,,,,,,,,,,,,,,,,,,100,0,100,0,100,0,100,0,100,0,80,20,100,0,100,0,84,32526,20,20,,,,,100,0,100,0,200,0,,,,,,,,,,,,,,,,,,,,,,,,,,,100,29867,100,48766737240,100,151781438173,,,,,,,,,,
2019-05-25,Z304TD77,ST4000DM000,4000787030016,0,117,141299800,,,92,0,100,12,100,0,87,577521488,,,66,30288,100,0,,,100,11,,,,,,,,,,,,,,,,,,,,,,,,,,,,,,,100,0,100,0,100,0,100,0,100,0,80,20,100,0,100,0,84,32526,20,20,,,,,100,0,100,0,200,0,,,,,,,,,,,,,,,,,,,,,,,,,,,100,29891,100,48785292048,100,151892160442,,,,,,,,,,
2019-05-26,Z304TD77,ST4000DM000,4000787030016,0,114,81424512,,,92,0,100,12,100,0,87,578374871,,,66,30312,100,0,,,100,11,,,,,,,,,,,,,,,,,,,,,,,,,,,,,,,100,0,100,0,100,0,100,0,100,0,80,20,100,0,100,0,84,32526,20,20,,,,,100,0,100,0,200,0,,,,,,,,,,,,,,,,,,,,,,,,,,,100,29915,100,48804269728,100,152015432039,,,,,,,,,,
2019-05-27,Z304TD77,ST4000DM000,4000787030016,0,117,149572856,,,92,0,100,12,100,0,87,578952151,,,66,30336,100,0,,,100,11,,,,,,,,,,,,,,,,,,,,,,,,,,,,,,,100,0,100,0,100,0,100,0,100,0,80,20,100,0,100,0,84,32526,20,20,,,,,100,0,100,0,200,0,,,,,,,,,,,,,,,,,,,,,,,,,,,100,29939,100,48819447752,100,152092479958,,,,,,,,,,
2019-05-28,Z304TD77,ST4000DM000,4000787030016,0,111,30983440,,,92,0,100,12,100,0,87,580669286,,,66,30360,100,0,,,100,11,,,,,,,,,,,,,,,,,,,,,,,,,,,,,,,100,0,100,0,100,0,100,0,100,0,80,20,100,0,100,0,84,32526,20,20,,,,,100,0,100,0,200,0,,,,,,,,,,,,,,,,,,,,,,,,,,,100,29963,100,48837256384,100,152183193684,,,,,,,,,,
2019-05-29,Z304TD77,ST4000DM000,4000787030016,0,116,106610072,,,92,0,100,12,100,0,87,581462137,,,66,30384,100,0,,,100,11,,,,,,,,,,,,,,,,,,,,,,,,,,,,,,,100,0,100,0,100,0,100,0,100,0,80,20,100,0,100,0,84,32526,20,20,,,,,100,0,100,0,200,0,,,,,,,,,,,,,,,,,,,,,,,,,,,100,29987,100,48850275336,100,152296513370,,,,,,,,,,
2019-05-30,Z304TD77,ST4000DM000,4000787030016,0,117,125699640,,,92,0,100,12,100,0,87,582263625,,,66,30408,100,0,,,100,11,,,,,,,,,,,,,,,,,,,,,,,,,,,,,,,100,0,100,0,100,0,100,0,100,0,80,20,100,0,100,0,84,32526,20,20,,,,,100,0,100,0,200,0,,,,,,,,,,,,,,,,,,,,,,,,,,,100,30011,100,48873153504,100,152426075777,,,,,,,,,,
2019-05-31,Z304TD77,ST4000DM000,4000787030016,0,111,29428256,,,92,0,100,12,100,0,87,583180317,,,66,30432,100,0,,,100,11,,,,,,,,,,,,,,,,,,,,,,,,,,,,,,,100,0,100,0,100,0,100,0,100,0,80,20,100,0,100,0,84,32526,20,20,,,,,100,0,100,0,200,0,,,,,,,,,,,,,,,,,,,,,,,,,,,100,30035,100,48892985320,100,152563073582,,,,,,,,,,
2019-06-01,Z304TD77,ST4000DM000,4000787030016,0,108,20346256,,,92,0,100,12,100,0,87,585141760,,,66,30456,100,0,,,100,11,,,,,,,,,,,,,,,,,,,,,,,,,,,,,,,100,0,100,0,100,0,100,0,100,0,80,20,100,0,100,0,84,32526,20,20,,,,,100,0,100,0,200,0,,,,,,,,,,,,,,,,,,,,,,,,,,,100,30059,100,48923842464,100,152750854251,,,,,,,,,,
2019-06-02,Z304TD77,ST4000DM000,4000787030016,0,114,63515280,,,92,0,100,12,100,0,87,586062702,,,66,30480,100,0,,,100,11,,,,,,,,,,,,,,,,,,,,,,,,,,,,,,,100,0,100,0,100,0,100,0,100,0,79,21,100,0,100,0,84,32526,21,21,,,,,100,0,100,0,200,0,,,,,,,,,,,,,,,,,,,,,,,,,,,100,30083,100,48956408296,100,152942175270,,,,,,,,,,
2019-06-03,Z304TD77,ST4000DM000,4000787030016,0,113,53576496,,,92,0,100,12,100,0,87,586891803,,,66,30504,100,0,,,100,11,,,,,,,,,,,,,,,,,,,,,,,,,,,,,,,100,0,100,0,100,0,100,0,100,0,80,20,100,0,100,0,84,32526,20,20,,,,,100,0,100,0,200,0,,,,,,,,,,,,,,,,,,,,,,,,,,,100,30107,100,48988163944,100,153129561222,,,,,,,,,,
2019-06-04,Z304TD77,ST4000DM000,4000787030016,0,113,52513120,,,92,0,100,12,100,0,87,589812387,,,66,30528,100,0,,,100,11,,,,,,,,,,,,,,,,,,,,,,,,,,,,,,,100,0,100,0,100,0,100,0,100,0,80,20,100,0,100,0,84,32526,20,20,,,,,100,0,100,0,200,0,,,,,,,,,,,,,,,,,,,,,,,,,,,100,30131,100,49022736640,100,153282275938,,,,,,,,,,
2019-06-05,Z304TD77,ST4000DM000,4000787030016,0,117,152002416,,,92,0,100,12,100,0,87,590929031,,,66,30552,100,0,,,100,11,,,,,,,,,,,,,,,,,,,,,,,,,,,,,,,100,0,100,0,100,0,100,0,100,0,80,20,100,0,100,0,84,32526,20,20,,,,,100,0,100,0,200,0,,,,,,,,,,,,,,,,,,,,,,,,,,,100,30155,100,49050424504,100,153483973591,,,,,,,,,,
2019-06-06,Z304TD77,ST4000DM000,4000787030016,0,110,26053720,,,92,0,100,12,100,0,87,591995343,,,66,30576,100,0,,,100,11,,,,,,,,,,,,,,,,,,,,,,,,,,,,,,,100,0,100,0,100,0,100,0,100,0,80,20,100,0,100,0,84,32526,20,20,,,,,100,0,100,0,200,0,,,,,,,,,,,,,,,,,,,,,,,,,,,100,30179,100,49067276112,100,153663591258,,,,,,,,,,
2019-06-07,Z304TD77,ST4000DM000,4000787030016,0,116,102099832,,,92,0,100,12,100,0,87,593013969,,,66,30599,100,0,,,100,11,,,,,,,,,,,,,,,,,,,,,,,,,,,,,,,100,0,100,0,100,0,100,0,100,0,80,20,100,0,100,0,84,32526,20,20,,,,,100,0,100,0,200,0,,,,,,,,,,,,,,,,,,,,,,,,,,,100,30203,100,49082727712,100,153829628227,,,,,,,,,,
2019-06-08,Z304TD77,ST4000DM000,4000787030016,0,118,180503776,,,92,0,100,12,100,0,87,595379977,,,66,30623,100,0,,,100,11,,,,,,,,,,,,,,,,,,,,,,,,,,,,,,,100,0,100,0,100,0,100,0,100,0,80,20,100,0,100,0,84,32526,20,20,,,,,100,0,100,0,200,0,,,,,,,,,,,,,,,,,,,,,,,,,,,100,30227,100,49104570360,100,154042702362,,,,,,,,,,
2019-06-09,Z304TD77,ST4000DM000,4000787030016,0,109,24001744,,,92,0,100,12,100,0,87,596877450,,,66,30647,100,0,,,100,11,,,,,,,,,,,,,,,,,,,,,,,,,,,,,,,100,0,100,0,100,0,100,0,100,0,80,20,100,0,100,0,84,32526,20,20,,,,,100,0,100,0,200,0,,,,,,,,,,,,,,,,,,,,,,,,,,,100,30251,100,49118141008,100,154203248562,,,,,,,,,,
2019-06-10,Z304TD77,ST4000DM000,4000787030016,0,103,5892504,,,92,0,100,12,100,0,87,598002344,,,65,30671,100,0,,,100,11,,,,,,,,,,,,,,,,,,,,,,,,,,,,,,,100,0,100,0,100,0,100,0,100,0,80,20,100,0,100,0,84,32526,20,20,,,,,100,0,100,0,200,0,,,,,,,,,,,,,,,,,,,,,,,,,,,100,30275,100,49134644976,100,154367186036,,,,,,,,,,
2019-06-11,Z304TD77,ST4000DM000,4000787030016,0,118,179195560,,,92,0,100,12,100,0,87,599797811,,,65,30695,100,0,,,100,11,,,,,,,,,,,,,,,,,,,,,,,,,,,,,,,100,0,100,0,100,0,100,0,100,0,80,20,100,0,100,0,84,32526,20,20,,,,,100,0,100,0,200,0,,,,,,,,,,,,,,,,,,,,,,,,,,,100,30299,100,49153209792,100,154454406707,,,,,,,,,,
2019-06-12,Z304TD77,ST4000DM000,4000787030016,0,114,76367896,,,92,0,100,12,100,0,87,600775399,,,65,30719,100,0,,,100,11,,,,,,,,,,,,,,,,,,,,,,,,,,,,,,,100,0,100,0,100,0,100,0,100,0,80,20,100,0,100,0,84,32526,20,20,,,,,100,0,100,0,200,0,,,,,,,,,,,,,,,,,,,,,,,,,,,100,30323,100,49167449984,100,154598728094,,,,,,,,,,
2019-06-13,Z304TD77,ST4000DM000,4000787030016,0,116,101085800,,,92,0,100,12,100,0,87,601657713,,,65,30743,100,0,,,100,11,,,,,,,,,,,,,,,,,,,,,,,,,,,,,,,100,0,100,0,100,0,100,0,100,0,80,20,100,0,100,0,84,32526,20,20,,,,,100,0,100,0,200,0,,,,,,,,,,,,,,,,,,,,,,,,,,,100,30346,100,49182350472,100,154724927711,,,,,,,,,,
2019-06-14,Z304TD77,ST4000DM000,4000787030016,0,114,63303992,,,92,0,100,12,100,0,87,603243654,,,65,30767,100,0,,,100,11,,,,,,,,,,,,,,,,,,,,,,,,,,,,,,,100,0,100,0,100,0,100,0,100,0,81,19,100,0,100,0,84,32526,19,19,,,,,100,0,100,0,200,0,,,,,,,,,,,,,,,,,,,,,,,,,,,100,30370,100,49198705704,100,154887247588,,,,,,,,,,
2019-06-15,Z304TD77,ST4000DM000,4000787030016,0,118,170625400,,,92,0,100,12,100,0,87,605078618,,,65,30791,100,0,,,100,11,,,,,,,,,,,,,,,,,,,,,,,,,,,,,,,100,0,100,0,100,0,100,0,100,0,80,20,100,0,100,0,84,32526,20,20,,,,,100,0,100,0,200,0,,,,,,,,,,,,,,,,,,,,,,,,,,,100,30394,100,49214794704,100,155040542523,,,,,,,,,,
2019-06-16,Z304TD77,ST4000DM000,4000787030016,0,118,178715168,,,92,0,100,12,100,0,87,606781761,,,65,30815,100,0,,,100,11,,,,,,,,,,,,,,,,,,,,,,,,,,,,,,,100,0,100,0,100,0,100,0,100,0,80,20,100,0,100,0,84,32526,20,20,,,,,100,0,100,0,200,0,,,,,,,,,,,,,,,,,,,,,,,,,,,100,30418,100,49232436544,100,155210703526,,,,,,,,,,
2019-06-17,Z304TD77,ST4000DM000,4000787030016,0,117,161232912,,,92,0,100,12,100,0,87,607853210,,,65,30839,100,0,,,100,11,,,,,,,,,,,,,,,,,,,,,,,,,,,,,,,100,0,100,0,100,0,100,0,100,0,80,20,100,0,100,0,84,32526,20,20,,,,,100,0,100,0,200,0,,,,,,,,,,,,,,,,,,,,,,,,,,,100,30442,100,49242922592,100,155358095325,,,,,,,,,,
2019-06-18,Z304TD77,ST4000DM000,4000787030016,0,119,225420504,,,92,0,100,12,100,0,87,610761817,,,65,30863,100,0,,,100,11,,,,,,,,,,,,,,,,,,,,,,,,,,,,,,,100,0,100,0,100,0,100,0,100,0,80,20,100,0,100,0,84,32526,20,20,,,,,100,0,100,0,200,0,,,,,,,,,,,,,,,,,,,,,,,,,,,100,30466,100,49258904768,100,155450914867,,,,,,,,,,
2019-06-19,Z304TD77,ST4000DM000,4000787030016,0,118,177221920,,,92,0,100,12,100,0,87,611664321,,,65,30886,100,0,,,100,11,,,,,,,,,,,,,,,,,,,,,,,,,,,,,,,100,0,100,0,100,0,100,0,100,0,80,20,100,0,100,0,84,32526,20,20,,,,,100,0,100,0,200,0,,,,,,,,,,,,,,,,,,,,,,,,,,,100,30490,100,49274146864,100,155578581679,,,,,,,,,,
2019-06-20,Z304TD77,ST4000DM000,4000787030016,0,117,145169024,,,92,0,100,12,100,0,87,612618791,,,65,30910,100,0,,,100,11,,,,,,,,,,,,,,,,,,,,,,,,,,,,,,,100,0,100,0,100,0,100,0,100,0,80,20,100,0,100,0,84,32526,20,20,,,,,100,0,100,0,200,0,,,,,,,,,,,,,,,,,,,,,,,,,,,100,30513,100,49293331608,100,155714239063,,,,,,,,,,
2019-06-21,Z304TD77,ST4000DM000,4000787030016,0,117,127841760,,,92,0,100,12,100,0,87,613467714,,,65,30934,100,0,,,100,11,,,,,,,,,,,,,,,,,,,,,,,,,,,,,,,100,0,100,0,100,0,100,0,100,0,81,19,100,0,100,0,84,32526,19,19,,,,,100,0,100,0,200,0,,,,,,,,,,,,,,,,,,,,,,,,,,,100,30537,100,49311645128,100,155834795439,,,,,,,,,,
2019-06-22,Z304TD77,ST4000DM000,4000787030016,0,119,206402224,,,92,0,100,12,100,0,87,615572014,,,65,30958,100,0,,,100,11,,,,,,,,,,,,,,,,,,,,,,,,,,,,,,,100,0,100,0,100,0,100,0,100,0,80,20,100,0,100,0,84,32526,20,20,,,,,100,0,100,0,200,0,,,,,,,,,,,,,,,,,,,,,,,,,,,100,30562,100,49331192704,100,155957607508,,,,,,,,,,
2019-06-23,Z304TD77,ST4000DM000,4000787030016,0,111,35276896,,,92,0,100,12,100,0,87,616443317,,,65,30982,100,0,,,100,11,,,,,,,,,,,,,,,,,,,,,,,,,,,,,,,100,0,100,0,100,0,100,0,100,0,80,20,100,0,100,0,84,32526,20,20,,,,,100,0,100,0,200,0,,,,,,,,,,,,,,,,,,,,,,,,,,,100,30586,100,49341266728,100,156066485291,,,,,,,,,,
2019-06-24,Z304TD77,ST4000DM000,4000787030016,0,114,70313880,,,92,0,100,12,100,0,87,617603750,,,65,31006,100,0,,,100,11,,,,,,,,,,,,,,,,,,,,,,,,,,,,,,,100,0,100,0,100,0,100,0,100,0,81,19,100,0,100,0,84,32526,19,19,,,,,100,0,100,0,200,0,,,,,,,,,,,,,,,,,,,,,,,,,,,100,30610,100,49359910312,100,156191503175,,,,,,,,,,
2019-06-25,Z304TD77,ST4000DM000,4000787030016,0,113,51737544,,,92,0,100,12,100,0,87,619496293,,,65,31030,100,0,,,100,11,,,,,,,,,,,,,,,,,,,,,,,,,,,,,,,100,0,100,0,100,0,100,0,100,0,80,20,100,0,100,0,84,32526,20,20,,,,,100,0,100,0,200,0,,,,,,,,,,,,,,,,,,,,,,,,,,,100,30633,100,49379929400,100,156289314138,,,,,,,,,,
2019-06-26,Z304TD77,ST4000DM000,4000787030016,0,119,223974088,,,92,0,100,12,100,0,87,620580493,,,65,31054,100,0,,,100,11,,,,,,,,,,,,,,,,,,,,,,,,,,,,,,,100,0,100,0,100,0,100,0,100,0,81,19,100,0,100,0,84,32526,19,19,,,,,100,0,100,0,200,0,,,,,,,,,,,,,,,,,,,,,,,,,,,100,30657,100,49393549448,100,156420843331,,,,,,,,,,
2019-06-27,Z304TD77,ST4000DM000,4000787030016,0,105,10262192,,,92,0,100,12,100,0,87,621774149,,,65,31078,100,0,,,100,11,,,,,,,,,,,,,,,,,,,,,,,,,,,,,,,100,0,100,0,100,0,100,0,100,0,80,20,100,0,100,0,84,32526,20,20,,,,,100,0,100,0,200,0,,,,,,,,,,,,,,,,,,,,,,,,,,,100,30681,100,49410348240,100,156589743245,,,,,,,,,,
2019-06-28,Z304TD77,ST4000DM000,4000787030016,0,107,14264632,,,92,0,100,12,100,0,87,623489773,,,65,31102,100,0,,,100,11,,,,,,,,,,,,,,,,,,,,,,,,,,,,,,,100,0,100,0,100,0,100,0,100,0,80,20,100,0,100,0,84,32526,20,20,,,,,100,0,100,0,200,0,,,,,,,,,,,,,,,,,,,,,,,,,,,100,30705,100,49429388696,100,156815691615,,,,,,,,,,
2019-06-29,Z304TD77,ST4000DM000,4000787030016,0,118,193148968,,,92,0,100,12,100,0,87,625562446,,,65,31126,100,0,,,100,11,,,,,,,,,,,,,,,,,,,,,,,,,,,,,,,100,0,100,0,100,0,100,0,100,0,80,20,100,0,100,0,84,32526,20,20,,,,,100,0,100,0,200,0,,,,,,,,,,,,,,,,,,,,,,,,,,,100,30729,100,49444618816,100,157006122671,,,,,,,,,,
2019-06-30,Z304TD77,ST4000DM000,4000787030016,0,110,26660096,,,92,0,100,12,100,0,87,627556090,,,65,31150,100,0,,,100,11,,,,,,,,,,,,,,,,,,,,,,,,,,,,,,,100,0,100,0,100,0,100,0,100,0,81,19,100,0,100,0,84,32526,19,19,,,,,100,0,100,0,200,0,,,,,,,,,,,,,,,,,,,,,,,,,,,100,30753,100,49475946904,100,157165123922,,,,,,,,,,
2019-07-01,Z304TD77,ST4000DM000,4000787030016,0,119,203278408,,,92,0,100,12,100,0,87,628598080,,,65,31174,100,0,,,100,11,,,,,,,,,,,,,,,,,,,,,,,,,,,,,,,100,0,100,0,100,0,100,0,100,0,81,19,100,0,100,0,84,32526,19,19,,,,,100,0,100,0,200,0,,,,,,,,,,,,,,,,,,,,,,,,,,,100,30777,100,49492668016,100,157273127327,,,,,,,,,,
2019-07-02,Z304TD77,ST4000DM000,4000787030016,0,119,206942448,,,92,0,100,12,100,0,87,630164623,,,65,31197,100,0,,,100,11,,,,,,,,,,,,,,,,,,,,,,,,,,,,,,,100,0,100,0,100,0,100,0,100,0,80,20,100,0,100,0,84,32526,20,20,,,,,100,0,100,0,200,0,,,,,,,,,,,,,,,,,,,,,,,,,,,100,30801,100,49512461288,100,157329262149,,,,,,,,,,
2019-07-03,Z304TD77,ST4000DM000,4000787030016,0,103,5401936,,,92,0,100,12,100,0,87,631366638,,,65,31221,100,0,,,100,11,,,,,,,,,,,,,,,,,,,,,,,,,,,,,,,100,0,100,0,100,0,100,0,100,0,81,19,100,0,100,0,84,32526,19,19,,,,,100,0,100,0,200,0,,,,,,,,,,,,,,,,,,,,,,,,,,,100,30824,100,49534062192,100,157418264685,,,,,,,,,,
2019-07-04,Z304TD77,ST4000DM000,4000787030016,0,118,182950352,,,92,0,100,12,100,0,87,633215729,,,65,31245,100,0,,,100,11,,,,,,,,,,,,,,,,,,,,,,,,,,,,,,,100,0,100,0,100,0,100,0,100,0,81,19,100,0,100,0,84,32526,19,19,,,,,100,0,100,0,200,0,,,,,,,,,,,,,,,,,,,,,,,,,,,100,30848,100,49551103840,100,157622414427,,,,,,,,,,
2019-07-05,Z304TD77,ST4000DM000,4000787030016,0,117,125640680,,,92,0,100,12,100,0,87,636885441,,,65,31280,100,0,,,100,11,,,,,,,,,,,,,,,,,,,,,,,,,,,,,,,100,0,100,0,100,0,100,0,100,0,81,19,100,0,100,0,84,32526,19,19,,,,,100,0,100,0,200,0,,,,,,,,,,,,,,,,,,,,,,,,,,,100,30883,100,49596381000,100,157853505670,,,,,,,,,,
2019-07-06,Z304TD77,ST4000DM000,4000787030016,0,105,7572096,,,92,0,100,12,100,0,87,639022981,,,65,31304,100,0,,,100,11,,,,,,,,,,,,,,,,,,,,,,,,,,,,,,,100,0,100,0,100,0,100,0,100,0,81,19,100,0,100,0,84,32526,19,19,,,,,100,0,100,0,200,0,,,,,,,,,,,,,,,,,,,,,,,,,,,100,30907,100,49620408616,100,158004257203,,,,,,,,,,
2019-07-07,Z304TD77,ST4000DM000,4000787030016,0,118,199747160,,,92,0,100,12,100,0,87,640293939,,,65,31328,100,0,,,100,11,,,,,,,,,,,,,,,,,,,,,,,,,,,,,,,100,0,100,0,100,0,100,0,100,0,81,19,100,0,100,0,84,32526,19,19,,,,,100,0,100,0,200,0,,,,,,,,,,,,,,,,,,,,,,,,,,,100,30931,100,49649840248,100,158194267492,,,,,,,,,,
2019-07-08,Z304TD77,ST4000DM000,4000787030016,0,115,88070792,,,92,0,100,12,100,0,87,641757528,,,65,31352,100,0,,,100,11,,,,,,,,,,,,,,,,,,,,,,,,,,,,,,,100,0,100,0,100,0,100,0,100,0,81,19,100,0,100,0,84,32526,19,19,,,,,100,0,100,0,200,0,,,,,,,,,,,,,,,,,,,,,,,,,,,100,30955,100,49667954640,100,158341191735,,,,,,,,,,
2019-07-09,Z304TD77,ST4000DM000,4000787030016,0,119,215069536,,,93,0,100,13,100,0,87,643607537,,,65,31376,100,0,,,100,12,,,,,,,,,,,,,,,,,,,,,,,,,,,,,,,100,0,100,0,100,0,100,0,100,0,81,19,100,0,100,0,84,32527,19,19,,,,,100,0,100,0,200,0,,,,,,,,,,,,,,,,,,,,,,,,,,,100,30979,100,49689969840,100,158518162254,,,,,,,,,,
2019-07-10,Z304TD77,ST4000DM000,4000787030016,0,116,107094480,,,93,0,100,13,100,0,87,644653225,,,65,31400,100,0,,,100,12,,,,,,,,,,,,,,,,,,,,,,,,,,,,,,,100,0,100,0,100,0,100,0,100,0,81,19,100,0,100,0,84,32527,19,19,,,,,100,0,100,0,200,0,,,,,,,,,,,,,,,,,,,,,,,,,,,100,31003,100,49706888536,100,158702645085,,,,,,,,,,
2019-07-11,Z304TD77,ST4000DM000,4000787030016,0,120,238223784,,,93,0,100,13,100,0,87,645690727,,,65,31423,100,0,,,100,12,,,,,,,,,,,,,,,,,,,,,,,,,,,,,,,100,0,100,0,100,0,100,0,100,0,80,20,100,0,100,0,84,32527,20,20,,,,,100,0,100,0,200,0,,,,,,,,,,,,,,,,,,,,,,,,,,,100,31027,100,49722990576,100,158860308924,,,,,,,,,,
2019-07-12,Z304TD77,ST4000DM000,4000787030016,0,118,167866400,,,93,0,100,13,100,0,87,647390366,,,65,31447,100,0,,,100,12,,,,,,,,,,,,,,,,,,,,,,,,,,,,,,,100,0,100,0,100,0,100,0,100,0,80,20,100,0,100,0,84,32527,20,20,,,,,100,0,100,0,200,0,,,,,,,,,,,,,,,,,,,,,,,,,,,100,31050,100,49743617760,100,159115604063,,,,,,,,,,
2019-07-13,Z304TD77,ST4000DM000,4000787030016,0,117,152718832,,,93,0,100,13,100,0,87,649692710,,,65,31471,100,0,,,100,12,,,,,,,,,,,,,,,,,,,,,,,,,,,,,,,100,0,100,0,100,0,100,0,100,0,80,20,100,0,100,0,84,32527,20,20,,,,,100,0,100,0,200,0,,,,,,,,,,,,,,,,,,,,,,,,,,,100,31074,100,49765854720,100,159484618933,,,,,,,,,,
2019-07-14,Z304TD77,ST4000DM000,4000787030016,0,116,113562128,,,93,0,100,13,100,0,87,650646619,,,65,31495,100,0,,,100,12,,,,,,,,,,,,,,,,,,,,,,,,,,,,,,,100,0,100,0,100,0,100,0,100,0,80,20,100,0,100,0,84,32527,20,20,,,,,100,0,100,0,200,0,,,,,,,,,,,,,,,,,,,,,,,,,,,100,31098,100,49785691720,100,159863567859,,,,,,,,,,
2019-07-15,Z304TD77,ST4000DM000,4000787030016,0,117,145698088,,,93,0,100,13,100,0,87,652392798,,,65,31519,100,0,,,100,12,,,,,,,,,,,,,,,,,,,,,,,,,,,,,,,100,0,100,0,100,0,100,0,100,0,81,19,100,0,100,0,84,32527,19,19,,,,,100,0,100,0,200,0,,,,,,,,,,,,,,,,,,,,,,,,,,,100,31122,100,49801119848,100,160113276233,,,,,,,,,,
2019-07-16,Z304TD77,ST4000DM000,4000787030016,0,113,55782016,,,93,0,100,13,100,0,87,654796695,,,64,31542,100,0,,,100,12,,,,,,,,,,,,,,,,,,,,,,,,,,,,,,,100,0,100,0,100,0,100,0,100,0,81,19,100,0,100,0,84,32527,19,19,,,,,100,0,100,0,200,0,,,,,,,,,,,,,,,,,,,,,,,,,,,100,31146,100,49817310856,100,160400260999,,,,,,,,,,
2019-07-17,Z304TD77,ST4000DM000,4000787030016,0,119,211470280,,,93,0,100,13,100,0,87,657079699,,,64,31566,100,0,,,100,12,,,,,,,,,,,,,,,,,,,,,,,,,,,,,,,100,0,100,0,100,0,100,0,100,0,81,19,100,0,100,0,84,32527,19,19,,,,,100,0,100,0,200,0,,,,,,,,,,,,,,,,,,,,,,,,,,,100,31169,100,49840828168,100,160699031488,,,,,,,,,,
2019-07-18,Z304TD77,ST4000DM000,4000787030016,0,118,172533768,,,93,0,100,13,100,0,87,657841413,,,64,31578,100,0,,,100,12,,,,,,,,,,,,,,,,,,,,,,,,,,,,,,,100,0,100,0,100,0,100,0,100,0,81,19,100,0,100,0,84,32527,19,19,,,,,100,0,100,0,200,0,,,,,,,,,,,,,,,,,,,,,,,,,,,100,31181,100,49851804376,100,160839616074,,,,,,,,,,
2019-07-19,Z304TD77,ST4000DM000,4000787030016,0,117,145458624,,,93,0,100,13,100,0,87,659311107,,,64,31602,100,0,,,100,12,,,,,,,,,,,,,,,,,,,,,,,,,,,,,,,100,0,100,0,100,0,100,0,100,0,80,20,100,0,100,0,84,32527,20,20,,,,,100,0,100,0,200,0,,,,,,,,,,,,,,,,,,,,,,,,,,,100,31205,100,49871788576,100,161085106550,,,,,,,,,,
2019-07-20,Z304TD77,ST4000DM000,4000787030016,0,115,94582088,,,93,0,100,13,100,0,87,661490885,,,64,31625,100,0,,,100,12,,,,,,,,,,,,,,,,,,,,,,,,,,,,,,,100,0,100,0,100,0,100,0,100,0,81,19,100,0,100,0,84,32527,19,19,,,,,100,0,100,0,200,0,,,,,,,,,,,,,,,,,,,,,,,,,,,100,31229,100,49896032296,100,161354465268,,,,,,,,,,
2019-07-21,Z304TD77,ST4000DM000,4000787030016,0,115,92131200,,,93,0,100,13,100,0,87,664162014,,,64,31649,100,0,,,100,12,,,,,,,,,,,,,,,,,,,,,,,,,,,,,,,100,0,100,0,100,0,100,0,100,0,81,19,100,0,100,0,84,32527,19,19,,,,,100,0,100,0,200,0,,,,,,,,,,,,,,,,,,,,,,,,,,,100,31252,100,49922971728,100,161641260609,,,,,,,,,,
2019-07-22,Z304TD77,ST4000DM000,4000787030016,0,117,122148432,,,93,0,100,13,100,0,87,666374857,,,64,31684,100,0,,,100,12,,,,,,,,,,,,,,,,,,,,,,,,,,,,,,,100,0,100,0,100,0,100,0,100,0,81,19,100,0,100,0,84,32527,19,19,,,,,100,0,100,0,200,0,,,,,,,,,,,,,,,,,,,,,,,,,,,100,31288,100,49957925480,100,161909795866,,,,,,,,,,
2019-07-23,Z304TD77,ST4000DM000,4000787030016,0,109,25153344,,,93,0,100,13,100,0,87,668358486,,,64,31708,100,0,,,100,12,,,,,,,,,,,,,,,,,,,,,,,,,,,,,,,100,0,100,0,100,0,100,0,100,0,80,20,100,0,100,0,84,32527,20,20,,,,,100,0,100,0,200,0,,,,,,,,,,,,,,,,,,,,,,,,,,,100,31311,100,49985410096,100,162064819209,,,,,,,,,,
2019-07-24,Z304TD77,ST4000DM000,4000787030016,0,115,92604352,,,93,0,100,13,100,0,87,670152459,,,64,31732,100,0,,,100,12,,,,,,,,,,,,,,,,,,,,,,,,,,,,,,,100,0,100,0,100,0,100,0,100,0,80,20,100,0,100,0,84,32527,20,20,,,,,100,0,100,0,200,0,,,,,,,,,,,,,,,,,,,,,,,,,,,100,31335,100,50019423656,100,162291072778,,,,,,,,,,
2019-07-25,Z304TD77,ST4000DM000,4000787030016,0,117,137768528,,,93,0,100,13,100,0,88,671689460,,,64,31755,100,0,,,100,12,,,,,,,,,,,,,,,,,,,,,,,,,,,,,,,100,0,100,0,100,0,100,0,100,0,80,20,100,0,100,0,84,32527,20,20,,,,,100,0,100,0,200,0,,,,,,,,,,,,,,,,,,,,,,,,,,,100,31359,100,50037839136,100,162520187117,,,,,,,,,,
2019-07-26,Z304TD77,ST4000DM000,4000787030016,0,115,100496296,,,93,0,100,13,100,0,88,673328561,,,64,31779,100,0,,,100,12,,,,,,,,,,,,,,,,,,,,,,,,,,,,,,,100,0,100,0,100,0,100,0,100,0,80,20,100,0,100,0,84,32527,20,20,,,,,100,0,100,0,200,0,,,,,,,,,,,,,,,,,,,,,,,,,,,100,31382,100,50052293752,100,162726877644,,,,,,,,,,
2019-07-27,Z304TD77,ST4000DM000,4000787030016,0,119,203371632,,,93,0,100,13,100,0,88,676364663,,,64,31803,100,0,,,100,12,,,,,,,,,,,,,,,,,,,,,,,,,,,,,,,100,0,100,0,100,0,100,0,100,0,80,20,100,0,100,0,84,32527,20,20,,,,,100,0,100,0,200,0,,,,,,,,,,,,,,,,,,,,,,,,,,,100,31406,100,50075296072,100,162980469114,,,,,,,,,,
2019-07-28,Z304TD77,ST4000DM000,4000787030016,0,117,143640664,,,93,0,100,13,100,0,88,677845759,,,64,31827,100,0,,,100,12,,,,,,,,,,,,,,,,,,,,,,,,,,,,,,,100,0,100,0,100,0,100,0,100,0,80,20,100,0,100,0,84,32527,20,20,,,,,100,0,100,0,200,0,,,,,,,,,,,,,,,,,,,,,,,,,,,100,31430,100,50100597280,100,163150227015,,,,,,,,,,
2019-07-29,Z304TD77,ST4000DM000,4000787030016,0,118,179049864,,,93,0,100,13,100,0,88,678976870,,,64,31851,100,0,,,100,12,,,,,,,,,,,,,,,,,,,,,,,,,,,,,,,100,0,100,0,100,0,100,0,100,0,80,20,100,0,100,0,84,32527,20,20,,,,,100,0,100,0,200,0,,,,,,,,,,,,,,,,,,,,,,,,,,,100,31454,100,50114536952,100,163273444588,,,,,,,,,,
2019-07-30,Z304TD77,ST4000DM000,4000787030016,0,116,101332808,,,93,0,100,13,100,0,88,681347754,,,64,31874,100,0,,,100,12,,,,,,,,,,,,,,,,,,,,,,,,,,,,,,,100,0,100,0,100,0,100,0,100,0,80,20,100,0,100,0,84,32527,20,20,,,,,100,0,100,0,200,0,,,,,,,,,,,,,,,,,,,,,,,,,,,100,31478,100,50137141912,100,163428563782,,,,,,,,,,
2019-07-31,Z304TD77,ST4000DM000,4000787030016,0,113,53026264,,,93,0,100,13,100,0,88,684911972,,,64,31898,100,0,,,100,12,,,,,,,,,,,,,,,,,,,,,,,,,,,,,,,100,0,100,0,100,0,100,0,100,0,81,19,100,0,100,0,84,32527,19,19,,,,,100,0,100,0,200,0,,,,,,,,,,,,,,,,,,,,,,,,,,,100,31501,100,50155979736,100,163646471016,,,,,,,,,,
2019-08-01,Z304TD77,ST4000DM000,4000787030016,0,108,15783920,,,93,0,100,13,100,0,88,685955635,,,64,31922,100,0,,,100,12,,,,,,,,,,,,,,,,,,,,,,,,,,,,,,,100,0,100,0,100,0,100,0,100,0,81,19,100,0,100,0,84,32527,19,19,,,,,100,0,100,0,200,0,,,,,,,,,,,,,,,,,,,,,,,,,,,100,31525,100,50174290608,100,163829546694,,,,,,,,,,
2019-08-02,Z304TD77,ST4000DM000,4000787030016,0,120,243005352,,,93,0,100,13,100,0,88,686939811,,,64,31946,100,0,,,100,12,,,,,,,,,,,,,,,,,,,,,,,,,,,,,,,100,0,100,0,100,0,100,0,100,0,81,19,100,0,100,0,84,32527,19,19,,,,,100,0,100,0,200,0,,,,,,,,,,,,,,,,,,,,,,,,,,,100,31549,100,50189822912,100,163990900360,,,,,,,,,,
2019-08-03,Z304TD77,ST4000DM000,4000787030016,0,111,38502592,,,93,0,100,13,100,0,88,689619530,,,64,31969,100,0,,,100,12,,,,,,,,,,,,,,,,,,,,,,,,,,,,,,,100,0,100,0,100,0,100,0,100,0,81,19,100,0,100,0,84,32527,19,19,,,,,100,0,100,0,200,0,,,,,,,,,,,,,,,,,,,,,,,,,,,100,31572,100,50213027376,100,164254792078,,,,,,,,,,
2019-08-04,Z304TD77,ST4000DM000,4000787030016,0,117,157577944,,,93,0,100,13,100,0,88,690717873,,,64,31993,100,0,,,100,12,,,,,,,,,,,,,,,,,,,,,,,,,,,,,,,100,0,100,0,100,0,100,0,100,0,81,19,100,0,100,0,84,32527,19,19,,,,,100,0,100,0,200,0,,,,,,,,,,,,,,,,,,,,,,,,,,,100,31596,100,50227831552,100,164427173403,,,,,,,,,,
2019-08-05,Z304TD77,ST4000DM000,4000787030016,0,115,92530528,,,93,0,100,13,100,0,88,692033037,,,64,32017,100,0,,,100,12,,,,,,,,,,,,,,,,,,,,,,,,,,,,,,,100,0,100,0,100,0,100,0,100,0,81,19,100,0,100,0,84,32527,19,19,,,,,100,0,100,0,200,0,,,,,,,,,,,,,,,,,,,,,,,,,,,100,31620,100,50245781176,100,164671273542,,,,,,,,,,
2019-08-06,Z304TD77,ST4000DM000,4000787030016,0,117,117622136,,,93,0,100,13,100,0,88,693838522,,,64,32041,100,0,,,100,12,,,,,,,,,,,,,,,,,,,,,,,,,,,,,,,100,0,100,0,100,0,100,0,100,0,81,19,100,0,100,0,84,32527,19,19,,,,,100,0,100,0,200,0,,,,,,,,,,,,,,,,,,,,,,,,,,,100,31644,100,50266956664,100,164859955294,,,,,,,,,,
2019-08-07,Z304TD77,ST4000DM000,4000787030016,0,120,242396680,,,93,0,100,13,100,0,88,694815719,,,64,32064,100,0,,,100,12,,,,,,,,,,,,,,,,,,,,,,,,,,,,,,,100,0,100,0,100,0,100,0,100,0,80,20,100,0,100,0,84,32527,20,20,,,,,100,0,100,0,200,0,,,,,,,,,,,,,,,,,,,,,,,,,,,100,31668,100,50284185904,100,165209543491,,,,,,,,,,
2019-08-08,Z304TD77,ST4000DM000,4000787030016,0,119,203702152,,,93,0,100,13,100,0,88,696015137,,,64,32088,100,0,,,100,12,,,,,,,,,,,,,,,,,,,,,,,,,,,,,,,100,0,100,0,100,0,100,0,100,0,80,20,100,0,100,0,84,32527,20,20,,,,,100,0,100,0,200,0,,,,,,,,,,,,,,,,,,,,,,,,,,,100,31691,100,50308381480,100,165585894960,,,,,,,,,,
2019-08-09,Z304TD77,ST4000DM000,4000787030016,0,114,82416064,,,93,0,100,13,100,0,88,697765825,,,64,32112,100,0,,,100,12,,,,,,,,,,,,,,,,,,,,,,,,,,,,,,,100,0,100,0,100,0,100,0,100,0,80,20,100,0,100,0,84,32527,20,20,,,,,100,0,100,0,200,0,,,,,,,,,,,,,,,,,,,,,,,,,,,100,31715,100,50334422280,100,165912796447,,,,,,,,,,
2019-08-10,Z304TD77,ST4000DM000,4000787030016,0,111,30251392,,,93,0,100,13,100,0,88,701537480,,,64,32136,100,0,,,100,12,,,,,,,,,,,,,,,,,,,,,,,,,,,,,,,100,0,100,0,100,0,100,0,100,0,81,19,100,0,100,0,84,32527,19,19,,,,,100,0,100,0,200,0,,,,,,,,,,,,,,,,,,,,,,,,,,,100,31739,100,50359277056,100,166189259798,,,,,,,,,,
2019-08-11,Z304TD77,ST4000DM000,4000787030016,0,111,40509600,,,93,0,100,13,100,0,88,703876422,,,64,32159,100,0,,,100,12,,,,,,,,,,,,,,,,,,,,,,,,,,,,,,,100,0,100,0,100,0,100,0,100,0,81,19,100,0,100,0,84,32527,19,19,,,,,100,0,100,0,200,0,,,,,,,,,,,,,,,,,,,,,,,,,,,100,31762,100,50381840120,100,166485533642,,,,,,,,,,
2019-08-12,Z304TD77,ST4000DM000,4000787030016,0,117,134077416,,,93,0,100,13,100,0,88,705408422,,,64,32183,100,0,,,100,12,,,,,,,,,,,,,,,,,,,,,,,,,,,,,,,100,0,100,0,100,0,100,0,100,0,81,19,100,0,100,0,84,32527,19,19,,,,,100,0,100,0,200,0,,,,,,,,,,,,,,,,,,,,,,,,,,,100,31786,100,50400896200,100,166737381173,,,,,,,,,,
2019-08-13,Z304TD77,ST4000DM000,4000787030016,0,102,4526504,,,93,0,100,13,100,0,88,707421046,,,64,32207,100,0,,,100,12,,,,,,,,,,,,,,,,,,,,,,,,,,,,,,,100,0,100,0,100,0,100,0,100,0,80,20,100,0,100,0,84,32527,20,20,,,,,100,0,100,0,200,0,,,,,,,,,,,,,,,,,,,,,,,,,,,100,31810,100,50427311168,100,166849152368,,,,,,,,,,
2019-08-14,Z304TD77,ST4000DM000,4000787030016,0,115,89588800,,,93,0,100,13,100,0,88,710187186,,,64,32242,100,0,,,100,12,,,,,,,,,,,,,,,,,,,,,,,,,,,,,,,100,0,100,0,100,0,100,0,100,0,81,19,100,0,100,0,84,32527,19,19,,,,,100,0,100,0,200,0,,,,,,,,,,,,,,,,,,,,,,,,,,,100,31845,100,50456409928,100,167271949794,,,,,,,,,,
2019-08-15,Z304TD77,ST4000DM000,4000787030016,0,120,238610560,,,93,0,100,13,100,0,88,711711243,,,64,32266,100,0,,,100,12,,,,,,,,,,,,,,,,,,,,,,,,,,,,,,,100,0,100,0,100,0,100,0,100,0,81,19,100,0,100,0,84,32527,19,19,,,,,100,0,100,0,200,0,,,,,,,,,,,,,,,,,,,,,,,,,,,100,31869,100,50470706112,100,167525796574,,,,,,,,,,
2019-08-16,Z304TD77,ST4000DM000,4000787030016,0,116,103232568,,,93,0,100,13,100,0,88,713061639,,,64,32290,100,0,,,100,12,,,,,,,,,,,,,,,,,,,,,,,,,,,,,,,100,0,100,0,100,0,100,0,100,0,81,19,100,0,100,0,84,32527,19,19,,,,,100,0,100,0,200,0,,,,,,,,,,,,,,,,,,,,,,,,,,,100,31893,100,50488014816,100,167707200080,,,,,,,,,,
2019-08-17,Z304TD77,ST4000DM000,4000787030016,0,117,135019376,,,93,0,100,13,100,0,88,715885786,,,64,32314,100,0,,,100,12,,,,,,,,,,,,,,,,,,,,,,,,,,,,,,,100,0,100,0,100,0,100,0,100,0,81,19,100,0,100,0,84,32527,19,19,,,,,100,0,100,0,200,0,,,,,,,,,,,,,,,,,,,,,,,,,,,100,31917,100,50515664232,100,167933062763,,,,,,,,,,
2019-08-18,Z304TD77,ST4000DM000,4000787030016,0,117,145704560,,,93,0,100,13,100,0,88,717455704,,,64,32338,100,0,,,100,12,,,,,,,,,,,,,,,,,,,,,,,,,,,,,,,100,0,100,0,100,0,100,0,100,0,81,19,100,0,100,0,84,32527,19,19,,,,,100,0,100,0,200,0,,,,,,,,,,,,,,,,,,,,,,,,,,,100,31941,100,50534725488,100,168126077771,,,,,,,,,,
2019-08-19,Z304TD77,ST4000DM000,4000787030016,0,117,164268552,,,93,0,100,13,100,0,88,719494750,,,64,32362,100,0,,,100,12,,,,,,,,,,,,,,,,,,,,,,,,,,,,,,,100,0,100,0,100,0,100,0,100,0,80,20,100,0,100,0,84,32527,20,20,,,,,100,0,100,0,200,0,,,,,,,,,,,,,,,,,,,,,,,,,,,100,31965,100,50555512640,100,168294495729,,,,,,,,,,
2019-08-20,Z304TD77,ST4000DM000,4000787030016,0,116,116342400,,,93,0,100,13,100,0,88,721544986,,,64,32385,100,0,,,100,12,,,,,,,,,,,,,,,,,,,,,,,,,,,,,,,100,0,100,0,100,0,100,0,100,0,80,20,100,0,100,0,84,32527,20,20,,,,,100,0,100,0,200,0,,,,,,,,,,,,,,,,,,,,,,,,,,,100,31989,100,50576124544,100,168500816274,,,,,,,,,,
2019-08-21,Z304TD77,ST4000DM000,4000787030016,0,113,52211272,,,93,0,100,13,100,0,88,722387240,,,64,32397,100,0,,,100,12,,,,,,,,,,,,,,,,,,,,,,,,,,,,,,,100,0,100,0,100,0,100,0,100,0,80,20,100,0,100,0,84,32527,20,20,,,,,100,0,100,0,200,0,,,,,,,,,,,,,,,,,,,,,,,,,,,100,32001,100,50584264440,100,168602141644,,,,,,,,,,
2019-08-22,Z304TD77,ST4000DM000,4000787030016,0,109,21557064,,,93,0,100,13,100,0,88,723885708,,,63,32421,100,0,,,100,12,,,,,,,,,,,,,,,,,,,,,,,,,,,,,,,100,0,100,0,100,0,100,0,100,0,80,20,100,0,100,0,84,32527,20,20,,,,,100,0,100,0,200,0,,,,,,,,,,,,,,,,,,,,,,,,,,,100,32024,100,50601017664,100,168792451792,,,,,,,,,,
2019-08-23,Z304TD77,ST4000DM000,4000787030016,0,112,42666664,,,93,0,100,13,100,0,88,725185060,,,63,32444,100,0,,,100,12,,,,,,,,,,,,,,,,,,,,,,,,,,,,,,,100,0,100,0,100,0,100,0,100,0,80,20,100,0,100,0,84,32527,20,20,,,,,100,0,100,0,200,0,,,,,,,,,,,,,,,,,,,,,,,,,,,100,32048,100,50623414536,100,168937503564,,,,,,,,,,
2019-08-24,Z304TD77,ST4000DM000,4000787030016,0,118,197319248,,,93,0,100,13,100,0,88,728414977,,,63,32468,100,0,,,100,12,,,,,,,,,,,,,,,,,,,,,,,,,,,,,,,100,0,100,0,100,0,100,0,100,0,80,20,100,0,100,0,84,32527,20,20,,,,,100,0,100,0,200,0,,,,,,,,,,,,,,,,,,,,,,,,,,,100,32071,100,50643978680,100,169202164767,,,,,,,,,,
2019-08-25,Z304TD77,ST4000DM000,4000787030016,0,119,225460864,,,93,0,100,13,100,0,88,729974556,,,63,32492,100,0,,,100,12,,,,,,,,,,,,,,,,,,,,,,,,,,,,,,,100,0,100,0,100,0,100,0,100,0,81,19,100,0,100,0,84,32527,19,19,,,,,100,0,100,0,200,0,,,,,,,,,,,,,,,,,,,,,,,,,,,100,32095,100,50664779840,100,169363136991,,,,,,,,,,
2019-08-26,Z304TD77,ST4000DM000,4000787030016,0,119,202368528,,,93,0,100,13,100,0,88,733120016,,,63,32539,100,0,,,100,12,,,,,,,,,,,,,,,,,,,,,,,,,,,,,,,100,0,100,0,100,0,100,0,100,0,82,18,100,0,100,0,84,32527,18,18,,,,,100,0,100,0,200,0,,,,,,,,,,,,,,,,,,,,,,,,,,,100,32143,100,50706948520,100,169693035278,,,,,,,,,,
2019-08-27,Z304TD77,ST4000DM000,4000787030016,0,119,202368528,,,93,0,100,13,100,0,88,733120016,,,63,32539,100,0,,,100,12,,,,,,,,,,,,,,,,,,,,,,,,,,,,,,,100,0,100,0,100,0,100,0,100,0,82,18,100,0,100,0,84,32527,18,18,,,,,100,0,100,0,200,0,,,,,,,,,,,,,,,,,,,,,,,,,,,100,32143,100,50706948520,100,169693035278,,,,,,,,,,
2019-08-28,Z304TD77,ST4000DM000,4000787030016,0,114,75030096,,,93,0,100,13,100,0,88,734332339,,,63,32563,100,0,,,100,12,,,,,,,,,,,,,,,,,,,,,,,,,,,,,,,100,0,100,0,100,0,100,0,100,0,80,20,100,0,100,0,84,32527,20,20,,,,,100,0,100,0,200,0,,,,,,,,,,,,,,,,,,,,,,,,,,,100,32167,100,50728040504,100,169889644429,,,,,,,,,,
2019-08-29,Z304TD77,ST4000DM000,4000787030016,0,119,216150544,,,93,0,100,13,100,0,88,735577643,,,63,32587,100,0,,,100,12,,,,,,,,,,,,,,,,,,,,,,,,,,,,,,,100,0,100,0,100,0,100,0,100,0,80,20,100,0,100,0,84,32527,20,20,,,,,100,0,100,0,200,0,,,,,,,,,,,,,,,,,,,,,,,,,,,100,32191,100,50742495696,100,170093050009,,,,,,,,,,
2019-08-30,Z304TD77,ST4000DM000,4000787030016,0,119,226610880,,,93,0,100,13,100,0,88,738413551,,,63,32611,100,0,,,100,12,,,,,,,,,,,,,,,,,,,,,,,,,,,,,,,100,0,100,0,100,0,100,0,100,0,79,21,100,0,100,0,84,32527,21,21,,,,,100,0,100,0,200,0,,,,,,,,,,,,,,,,,,,,,,,,,,,100,32215,100,50785601216,100,170430016212,,,,,,,,,,
2019-08-31,Z304TD77,ST4000DM000,4000787030016,0,118,185839416,,,93,0,100,13,100,0,88,740260731,,,63,32635,100,0,,,100,12,,,,,,,,,,,,,,,,,,,,,,,,,,,,,,,100,0,100,0,100,0,100,0,100,0,80,20,100,0,100,0,84,32527,20,20,,,,,100,0,100,0,200,0,,,,,,,,,,,,,,,,,,,,,,,,,,,100,32239,100,50807428736,100,170821854815,,,,,,,,,,
2019-09-01,Z304TD77,ST4000DM000,4000787030016,0,117,154741928,,,93,0,100,13,100,0,88,742161271,,,63,32659,100,0,,,100,12,,,,,,,,,,,,,,,,,,,,,,,,,,,,,,,100,0,100,0,100,0,100,0,100,0,79,21,100,0,100,0,84,32527,21,21,,,,,100,0,100,0,200,0,,,,,,,,,,,,,,,,,,,,,,,,,,,100,32262,100,50827258296,100,171166384791,,,,,,,,,,
2019-09-02,Z304TD77,ST4000DM000,4000787030016,0,114,66526416,,,93,0,100,13,100,0,88,744390111,,,63,32683,100,0,,,100,12,,,,,,,,,,,,,,,,,,,,,,,,,,,,,,,100,0,100,0,100,0,100,0,100,0,79,21,100,0,100,0,84,32527,21,21,,,,,100,0,100,0,200,0,,,,,,,,,,,,,,,,,,,,,,,,,,,100,32286,100,50847506128,100,171509308117,,,,,,,,,,
2019-09-03,Z304TD77,ST4000DM000,4000787030016,0,118,199507544,,,93,0,100,13,100,0,88,746888033,,,63,32707,100,0,,,100,12,,,,,,,,,,,,,,,,,,,,,,,,,,,,,,,100,0,100,0,100,0,100,0,100,0,80,20,100,0,100,0,84,32527,20,20,,,,,100,0,100,0,200,0,,,,,,,,,,,,,,,,,,,,,,,,,,,100,32310,100,50873424768,100,171701876525,,,,,,,,,,
2019-09-04,Z304TD77,ST4000DM000,4000787030016,0,116,101716240,,,93,0,100,13,100,0,88,748657637,,,63,32731,100,0,,,100,12,,,,,,,,,,,,,,,,,,,,,,,,,,,,,,,100,0,100,0,100,0,100,0,100,0,80,20,100,0,100,0,84,32527,20,20,,,,,100,0,100,0,200,0,,,,,,,,,,,,,,,,,,,,,,,,,,,100,32334,100,50896850120,100,171976303071,,,,,,,,,,
2019-09-05,Z304TD77,ST4000DM000,4000787030016,0,114,73461824,,,93,0,100,13,100,0,88,751210879,,,63,32767,100,0,,,100,12,,,,,,,,,,,,,,,,,,,,,,,,,,,,,,,100,0,100,0,100,0,100,0,100,0,80,20,100,0,100,0,84,32527,20,20,,,,,100,0,100,0,200,0,,,,,,,,,,,,,,,,,,,,,,,,,,,100,32370,100,50927617152,100,172354135869,,,,,,,,,,
2019-09-06,Z304TD77,ST4000DM000,4000787030016,0,120,241669560,,,93,0,100,13,100,0,88,753013507,,,63,32791,100,0,,,100,12,,,,,,,,,,,,,,,,,,,,,,,,,,,,,,,100,0,100,0,100,0,100,0,100,0,80,20,100,0,100,0,84,32527,20,20,,,,,100,0,100,0,200,0,,,,,,,,,,,,,,,,,,,,,,,,,,,100,32394,100,50946203808,100,172650774805,,,,,,,,,,
2019-09-07,Z304TD77,ST4000DM000,4000787030016,0,117,156027456,,,93,0,100,13,100,0,88,755994775,,,63,32815,100,0,,,100,12,,,,,,,,,,,,,,,,,,,,,,,,,,,,,,,100,0,100,0,100,0,100,0,100,0,81,19,100,0,100,0,84,32527,19,19,,,,,100,0,100,0,200,0,,,,,,,,,,,,,,,,,,,,,,,,,,,100,32418,100,50980545224,100,172910897660,,,,,,,,,,
2019-09-08,Z304TD77,ST4000DM000,4000787030016,0,118,171558784,,,93,0,100,13,100,0,88,757447052,,,63,32839,100,0,,,100,12,,,,,,,,,,,,,,,,,,,,,,,,,,,,,,,100,0,100,0,100,0,100,0,100,0,81,19,100,0,100,0,84,32527,19,19,,,,,100,0,100,0,200,0,,,,,,,,,,,,,,,,,,,,,,,,,,,100,32443,100,51004437192,100,173118264252,,,,,,,,,,
2019-09-09,Z304TD77,ST4000DM000,4000787030016,0,114,65428656,,,93,0,100,13,100,0,88,759093600,,,63,32863,100,0,,,100,12,,,,,,,,,,,,,,,,,,,,,,,,,,,,,,,100,0,100,0,100,0,100,0,100,0,80,20,100,0,100,0,84,32527,20,20,,,,,100,0,100,0,200,0,,,,,,,,,,,,,,,,,,,,,,,,,,,100,32467,100,51021870712,100,173281591563,,,,,,,,,,
2019-09-10,Z304TD77,ST4000DM000,4000787030016,0,115,94700064,,,93,0,100,13,100,0,88,761024936,,,63,32887,100,0,,,100,12,,,,,,,,,,,,,,,,,,,,,,,,,,,,,,,100,0,100,0,100,0,100,0,100,0,80,20,100,0,100,0,84,32527,20,20,,,,,100,0,100,0,200,0,,,,,,,,,,,,,,,,,,,,,,,,,,,100,32491,100,51045582784,100,173431195245,,,,,,,,,,
2019-09-11,Z304TD77,ST4000DM000,4000787030016,0,112,44137824,,,93,0,100,13,100,0,88,762592213,,,63,32911,100,0,,,100,12,,,,,,,,,,,,,,,,,,,,,,,,,,,,,,,100,0,100,0,100,0,100,0,100,0,80,20,100,0,100,0,84,32527,20,20,,,,,100,0,100,0,200,0,,,,,,,,,,,,,,,,,,,,,,,,,,,100,32514,100,51060596392,100,173625490594,,,,,,,,,,
2019-09-12,Z304TD77,ST4000DM000,4000787030016,0,117,137566128,,,93,0,100,13,100,0,88,764541857,,,63,32935,100,0,,,100,12,,,,,,,,,,,,,,,,,,,,,,,,,,,,,,,100,0,100,0,100,0,100,0,100,0,81,19,100,0,100,0,84,32527,19,19,,,,,100,0,100,0,200,0,,,,,,,,,,,,,,,,,,,,,,,,,,,100,32538,100,51083919384,100,173881949977,,,,,,,,,,
2019-09-13,Z304TD77,ST4000DM000,4000787030016,0,113,52948208,,,93,0,100,13,100,0,88,766468801,,,63,32959,100,0,,,100,12,,,,,,,,,,,,,,,,,,,,,,,,,,,,,,,100,0,100,0,100,0,100,0,100,0,80,20,100,0,100,0,84,32527,20,20,,,,,100,0,100,0,200,0,,,,,,,,,,,,,,,,,,,,,,,,,,,100,32562,100,51105515088,100,174145734378,,,,,,,,,,
2019-09-14,Z304TD77,ST4000DM000,4000787030016,0,120,1392072,,,93,0,100,13,100,0,88,769166520,,,63,32983,100,0,,,100,12,,,,,,,,,,,,,,,,,,,,,,,,,,,,,,,100,0,100,0,100,0,100,0,100,0,80,20,100,0,100,0,84,32527,20,20,,,,,100,0,100,0,200,0,,,,,,,,,,,,,,,,,,,,,,,,,,,100,32586,100,51137710440,100,174305640674,,,,,,,,,,
2019-09-15,Z304TD77,ST4000DM000,4000787030016,0,117,119377064,,,93,0,100,13,100,0,88,770762256,,,63,33007,100,0,,,100,12,,,,,,,,,,,,,,,,,,,,,,,,,,,,,,,100,0,100,0,100,0,100,0,100,0,80,20,100,0,100,0,84,32527,20,20,,,,,100,0,100,0,200,0,,,,,,,,,,,,,,,,,,,,,,,,,,,100,32610,100,51176849968,100,174476367581,,,,,,,,,,
2019-09-16,Z304TD77,ST4000DM000,4000787030016,0,120,237322240,,,93,0,100,13,100,0,88,773275387,,,63,33031,100,0,,,100,12,,,,,,,,,,,,,,,,,,,,,,,,,,,,,,,100,0,100,0,100,0,100,0,100,0,81,19,100,0,100,0,84,32527,19,19,,,,,100,0,100,0,200,0,,,,,,,,,,,,,,,,,,,,,,,,,,,100,32635,100,51195992960,100,174686823588,,,,,,,,,,
2019-09-17,Z304TD77,ST4000DM000,4000787030016,0,114,63979128,,,93,0,100,13,100,0,88,775052953,,,63,33055,100,0,,,100,12,,,,,,,,,,,,,,,,,,,,,,,,,,,,,,,100,0,100,0,100,0,100,0,100,0,80,20,100,0,100,0,84,32527,20,20,,,,,100,0,100,0,200,0,,,,,,,,,,,,,,,,,,,,,,,,,,,100,32658,100,51215157152,100,174814391404,,,,,,,,,,
2019-09-18,Z304TD77,ST4000DM000,4000787030016,0,118,188640808,,,93,0,100,13,100,0,88,776067273,,,63,33079,100,0,,,100,12,,,,,,,,,,,,,,,,,,,,,,,,,,,,,,,100,0,100,0,100,0,100,0,100,0,81,19,100,0,100,0,84,32527,19,19,,,,,100,0,100,0,200,0,,,,,,,,,,,,,,,,,,,,,,,,,,,100,32682,100,51236999864,100,174970501991,,,,,,,,,,
2019-09-19,Z304TD77,ST4000DM000,4000787030016,0,116,113995368,,,93,0,100,13,100,0,88,777738398,,,63,33103,100,0,,,100,12,,,,,,,,,,,,,,,,,,,,,,,,,,,,,,,100,0,100,0,100,0,100,0,100,0,81,19,100,0,100,0,84,32527,19,19,,,,,100,0,100,0,200,0,,,,,,,,,,,,,,,,,,,,,,,,,,,100,32706,100,51253863872,100,175253894842,,,,,,,,,,
2019-09-20,Z304TD77,ST4000DM000,4000787030016,0,117,153145648,,,93,0,100,13,100,0,88,779074856,,,63,33127,100,0,,,100,12,,,,,,,,,,,,,,,,,,,,,,,,,,,,,,,100,0,100,0,100,0,100,0,100,0,81,19,100,0,100,0,84,32527,19,19,,,,,100,0,100,0,200,0,,,,,,,,,,,,,,,,,,,,,,,,,,,100,32730,100,51276209152,100,175473898081,,,,,,,,,,
2019-09-21,Z304TD77,ST4000DM000,4000787030016,0,111,31059632,,,93,0,100,13,100,0,88,782276216,,,63,33151,100,0,,,100,12,,,,,,,,,,,,,,,,,,,,,,,,,,,,,,,100,0,100,0,100,0,100,0,100,0,81,19,100,0,100,0,84,32527,19,19,,,,,100,0,100,0,200,0,,,,,,,,,,,,,,,,,,,,,,,,,,,100,32754,100,51301935184,100,175652093942,,,,,,,,,,
2019-09-22,Z304TD77,ST4000DM000,4000787030016,0,109,22475344,,,93,0,100,13,100,0,88,784432888,,,63,33175,100,0,,,100,12,,,,,,,,,,,,,,,,,,,,,,,,,,,,,,,100,0,100,0,100,0,100,0,100,0,80,20,100,0,100,0,84,32527,20,20,,,,,100,0,100,0,200,0,,,,,,,,,,,,,,,,,,,,,,,,,,,100,32778,100,51328042248,100,175929595372,,,,,,,,,,
2019-09-23,Z304TD77,ST4000DM000,4000787030016,0,111,40327072,,,93,0,100,13,100,0,88,785949759,,,63,33199,100,0,,,100,12,,,,,,,,,,,,,,,,,,,,,,,,,,,,,,,100,0,100,0,100,0,100,0,100,0,81,19,100,0,100,0,84,32527,19,19,,,,,100,0,100,0,200,0,,,,,,,,,,,,,,,,,,,,,,,,,,,100,32802,100,51377156456,100,176197085900,,,,,,,,,,
2019-09-24,Z304TD77,ST4000DM000,4000787030016,0,115,95122424,,,93,0,100,13,100,0,88,787690030,,,63,33223,100,0,,,100,12,,,,,,,,,,,,,,,,,,,,,,,,,,,,,,,100,0,100,0,100,0,100,0,100,0,81,19,100,0,100,0,84,32527,19,19,,,,,100,0,100,0,200,0,,,,,,,,,,,,,,,,,,,,,,,,,,,100,32827,100,51405758280,100,176475999913,,,,,,,,,,
2019-09-25,Z304TD77,ST4000DM000,4000787030016,0,118,171491576,,,93,0,100,13,100,0,88,788153945,,,63,33235,100,0,,,100,12,,,,,,,,,,,,,,,,,,,,,,,,,,,,,,,100,0,100,0,100,0,100,0,100,0,80,20,100,0,100,0,84,32527,20,20,,,,,100,0,100,0,200,0,,,,,,,,,,,,,,,,,,,,,,,,,,,100,32838,100,51416231656,100,176666221034,,,,,,,,,,
2019-09-26,Z304TD77,ST4000DM000,4000787030016,0,117,161120672,,,93,0,100,13,100,0,88,789953798,,,63,33259,100,0,,,100,12,,,,,,,,,,,,,,,,,,,,,,,,,,,,,,,100,0,100,0,100,0,100,0,100,0,80,20,100,0,100,0,84,32527,20,20,,,,,100,0,100,0,200,0,,,,,,,,,,,,,,,,,,,,,,,,,,,100,32862,100,51442489360,100,176998609516,,,,,,,,,,
2019-09-27,Z304TD77,ST4000DM000,4000787030016,0,110,26821216,,,93,0,100,13,100,0,88,792377629,,,63,33283,100,0,,,100,12,,,,,,,,,,,,,,,,,,,,,,,,,,,,,,,100,0,100,0,100,0,100,0,100,0,79,21,100,0,100,0,84,32527,21,21,,,,,100,0,100,0,200,0,,,,,,,,,,,,,,,,,,,,,,,,,,,100,32886,100,51465878152,100,177345207667,,,,,,,,,,
2019-09-28,Z304TD77,ST4000DM000,4000787030016,0,120,241324728,,,93,0,100,13,100,0,88,795096074,,,62,33307,100,0,,,100,12,,,,,,,,,,,,,,,,,,,,,,,,,,,,,,,100,0,100,0,100,0,100,0,100,0,80,20,100,0,100,0,84,32527,20,20,,,,,100,0,100,0,200,0,,,,,,,,,,,,,,,,,,,,,,,,,,,100,32910,100,51497636040,100,177644743910,,,,,,,,,,
2019-09-29,Z304TD77,ST4000DM000,4000787030016,0,114,73390720,,,93,0,100,13,100,0,88,797427442,,,62,33331,100,0,,,100,12,,,,,,,,,,,,,,,,,,,,,,,,,,,,,,,100,0,100,0,100,0,100,0,100,0,80,20,100,0,100,0,84,32527,20,20,,,,,100,0,100,0,200,0,,,,,,,,,,,,,,,,,,,,,,,,,,,100,32934,100,51540687160,100,177900588431,,,,,,,,,,
2019-09-30,Z304TD77,ST4000DM000,4000787030016,0,113,50969768,,,93,0,100,13,100,0,88,799477731,,,62,33355,100,0,,,100,12,,,,,,,,,,,,,,,,,,,,,,,,,,,,,,,100,0,100,0,100,0,100,0,100,0,80,20,100,0,100,0,84,32527,20,20,,,,,100,0,100,0,200,0,,,,,,,,,,,,,,,,,,,,,,,,,,,100,32958,100,51574136904,100,178185627619,,,,,,,,,,
2019-10-01,Z304TD77,ST4000DM000,4000787030016,0,114,77854080,,,93,0,100,13,100,0,88,801626715,,,62,33379,100,0,,,100,12,,,,,,,,,,,,,,,,,,,,,,,,,,,,,,,,,100,0,100,0,100,0,100,0,100,0,80,20,100,0,100,0,84,32527,20,20,,,,,100,0,100,0,200,0,,,,,,,,,,,,,,,,,,,,,,,,,,,100,32982,100,51593883888,100,178325321830,,,,,,,,,,
2019-10-02,Z304TD77,ST4000DM000,4000787030016,0,113,55495960,,,93,0,100,13,100,0,88,803140510,,,62,33403,100,0,,,100,12,,,,,,,,,,,,,,,,,,,,,,,,,,,,,,,,,100,0,100,0,100,0,100,0,100,0,80,20,100,0,100,0,84,32527,20,20,,,,,100,0,100,0,200,0,,,,,,,,,,,,,,,,,,,,,,,,,,,100,33006,100,51612311328,100,178562372765,,,,,,,,,,
2019-10-03,Z304TD77,ST4000DM000,4000787030016,0,119,204868216,,,93,0,100,13,100,0,88,804213529,,,62,33427,100,0,,,100,12,,,,,,,,,,,,,,,,,,,,,,,,,,,,,,,,,100,0,100,0,100,0,100,0,100,0,80,20,100,0,100,0,84,32527,20,20,,,,,100,0,100,0,200,0,,,,,,,,,,,,,,,,,,,,,,,,,,,100,33030,100,51629951184,100,178728442005,,,,,,,,,,
2019-10-04,Z304TD77,ST4000DM000,4000787030016,0,112,47447048,,,93,0,100,13,100,0,88,805155925,,,62,33462,100,0,,,100,12,,,,,,,,,,,,,,,,,,,,,,,,,,,,,,,,,100,0,100,0,100,0,100,0,100,0,81,19,100,0,100,0,84,32527,19,19,,,,,100,0,100,0,200,0,,,,,,,,,,,,,,,,,,,,,,,,,,,100,33066,100,51643083760,100,178855265872,,,,,,,,,,
2019-10-05,Z304TD77,ST4000DM000,4000787030016,0,117,152333880,,,93,0,100,13,100,0,89,807524855,,,62,33486,100,0,,,100,12,,,,,,,,,,,,,,,,,,,,,,,,,,,,,,,,,100,0,100,0,100,0,100,0,100,0,81,19,100,0,100,0,84,32527,19,19,,,,,100,0,100,0,200,0,,,,,,,,,,,,,,,,,,,,,,,,,,,100,33089,100,51665187768,100,178992862917,,,,,,,,,,
2019-10-06,Z304TD77,ST4000DM000,4000787030016,0,117,143083896,,,93,0,100,13,100,0,89,808422722,,,62,33510,100,0,,,100,12,,,,,,,,,,,,,,,,,,,,,,,,,,,,,,,,,100,0,100,0,100,0,100,0,100,0,81,19,100,0,100,0,84,32527,19,19,,,,,100,0,100,0,200,0,,,,,,,,,,,,,,,,,,,,,,,,,,,100,33113,100,51695863304,100,179072600315,,,,,,,,,,
2019-10-07,Z304TD77,ST4000DM000,4000787030016,0,110,27097568,,,93,0,100,13,100,0,89,809583541,,,62,33534,100,0,,,100,12,,,,,,,,,,,,,,,,,,,,,,,,,,,,,,,,,100,0,100,0,100,0,100,0,100,0,80,20,100,0,100,0,84,32527,20,20,,,,,100,0,100,0,200,0,,,,,,,,,,,,,,,,,,,,,,,,,,,100,33137,100,51723456376,100,179152017129,,,,,,,,,,
2019-10-08,Z304TD77,ST4000DM000,4000787030016,0,119,219441120,,,93,0,100,13,100,0,89,811566549,,,62,33558,100,0,,,100,12,,,,,,,,,,,,,,,,,,,,,,,,,,,,,,,,,100,0,100,0,100,0,100,0,100,0,81,19,100,0,100,0,84,32527,19,19,,,,,100,0,100,0,200,0,,,,,,,,,,,,,,,,,,,,,,,,,,,100,33161,100,51767868728,100,179259756331,,,,,,,,,,
2019-10-09,Z304TD77,ST4000DM000,4000787030016,0,109,24868312,,,93,0,100,13,100,0,89,812487943,,,62,33582,100,0,,,100,12,,,,,,,,,,,,,,,,,,,,,,,,,,,,,,,,,100,0,100,0,100,0,100,0,100,0,80,20,100,0,100,0,84,32527,20,20,,,,,100,0,100,0,200,0,,,,,,,,,,,,,,,,,,,,,,,,,,,100,33185,100,51793293536,100,179338567146,,,,,,,,,,
2019-10-10,Z304TD77,ST4000DM000,4000787030016,0,117,153455704,,,93,0,100,13,100,0,89,813368151,,,62,33605,100,0,,,100,12,,,,,,,,,,,,,,,,,,,,,,,,,,,,,,,,,100,0,100,0,100,0,100,0,100,0,80,20,100,0,100,0,84,32527,20,20,,,,,100,0,100,0,200,0,,,,,,,,,,,,,,,,,,,,,,,,,,,100,33209,100,51826726632,100,179413420279,,,,,,,,,,
2019-10-11,Z304TD77,ST4000DM000,4000787030016,0,113,52405872,,,93,0,100,13,100,0,89,816767329,,,62,33629,100,0,,,100,12,,,,,,,,,,,,,,,,,,,,,,,,,,,,,,,,,100,0,100,0,100,0,100,0,100,0,80,20,100,0,100,0,84,32527,20,20,,,,,100,0,100,0,200,0,,,,,,,,,,,,,,,,,,,,,,,,,,,100,33233,100,51865707128,100,179630562218,,,,,,,,,,
2019-10-12,Z304TD77,ST4000DM000,4000787030016,0,116,104113352,,,93,0,100,13,100,0,89,819536366,,,62,33653,100,0,,,100,12,,,,,,,,,,,,,,,,,,,,,,,,,,,,,,,,,100,0,100,0,100,0,100,0,100,0,80,20,100,0,100,0,84,32527,20,20,,,,,100,0,100,0,200,0,,,,,,,,,,,,,,,,,,,,,,,,,,,100,33256,100,51896498056,100,179836963387,,,,,,,,,,
2019-10-13,Z304TD77,ST4000DM000,4000787030016,0,113,51004640,,,93,0,100,13,100,0,89,820343569,,,62,33677,100,0,,,100,12,,,,,,,,,,,,,,,,,,,,,,,,,,,,,,,,,100,0,100,0,100,0,100,0,100,0,80,20,100,0,100,0,84,32527,20,20,,,,,100,0,100,0,200,0,,,,,,,,,,,,,,,,,,,,,,,,,,,100,33280,100,51906123304,100,179928080844,,,,,,,,,,
2019-10-14,Z304TD77,ST4000DM000,4000787030016,0,118,189891352,,,93,0,100,13,100,0,89,821533885,,,62,33701,100,0,,,100,12,,,,,,,,,,,,,,,,,,,,,,,,,,,,,,,,,100,0,100,0,100,0,100,0,100,0,80,20,100,0,100,0,84,32527,20,20,,,,,100,0,100,0,200,0,,,,,,,,,,,,,,,,,,,,,,,,,,,100,33304,100,51917813072,100,180031198074,,,,,,,,,,
2019-10-15,Z304TD77,ST4000DM000,4000787030016,0,117,150837392,,,93,0,100,13,100,0,89,825046781,,,62,33749,100,0,,,100,12,,,,,,,,,,,,,,,,,,,,,,,,,,,,,,,,,100,0,100,0,100,0,100,0,100,0,80,20,100,0,100,0,84,32527,20,20,,,,,100,0,100,0,200,0,,,,,,,,,,,,,,,,,,,,,,,,,,,100,33352,100,51969982360,100,180289671994,,,,,,,,,,
2019-10-16,Z304TD77,ST4000DM000,4000787030016,0,117,150837392,,,93,0,100,13,100,0,89,825046781,,,62,33749,100,0,,,100,12,,,,,,,,,,,,,,,,,,,,,,,,,,,,,,,,,100,0,100,0,100,0,100,0,100,0,80,20,100,0,100,0,84,32527,20,20,,,,,100,0,100,0,200,0,,,,,,,,,,,,,,,,,,,,,,,,,,,100,33352,100,51969982360,100,180289671994,,,,,,,,,,
2019-10-17,Z304TD77,ST4000DM000,4000787030016,0,112,43352408,,,93,0,100,13,100,0,89,827295383,,,62,33773,100,0,,,100,12,,,,,,,,,,,,,,,,,,,,,,,,,,,,,,,,,100,0,100,0,100,0,100,0,100,0,80,20,100,0,100,0,84,32527,20,20,,,,,100,0,100,0,200,0,,,,,,,,,,,,,,,,,,,,,,,,,,,100,33376,100,51997864720,100,180550725177,,,,,,,,,,
2019-10-18,Z304TD77,ST4000DM000,4000787030016,0,114,71961640,,,93,0,100,13,100,0,89,828982913,,,62,33796,100,0,,,100,12,,,,,,,,,,,,,,,,,,,,,,,,,,,,,,,,,100,0,100,0,100,0,100,0,100,0,80,20,100,0,100,0,84,32527,20,20,,,,,100,0,100,0,200,0,,,,,,,,,,,,,,,,,,,,,,,,,,,100,33400,100,52025032072,100,180724009840,,,,,,,,,,
2019-10-19,Z304TD77,ST4000DM000,4000787030016,0,118,182766648,,,93,0,100,13,100,0,89,831605634,,,62,33820,100,0,,,100,12,,,,,,,,,,,,,,,,,,,,,,,,,,,,,,,,,100,0,100,0,100,0,100,0,100,0,80,20,100,0,100,0,84,32527,20,20,,,,,100,0,100,0,200,0,,,,,,,,,,,,,,,,,,,,,,,,,,,100,33423,100,52057232976,100,180933883560,,,,,,,,,,
2019-10-20,Z304TD77,ST4000DM000,4000787030016,0,119,207017192,,,93,0,100,13,100,0,89,833092328,,,62,33844,100,0,,,100,12,,,,,,,,,,,,,,,,,,,,,,,,,,,,,,,,,100,0,100,0,100,0,100,0,100,0,80,20,100,0,100,0,84,32527,20,20,,,,,100,0,100,0,200,0,,,,,,,,,,,,,,,,,,,,,,,,,,,100,33447,100,52085265768,100,181163771095,,,,,,,,,,
2019-10-21,Z304TD77,ST4000DM000,4000787030016,0,117,144489752,,,93,0,100,13,100,0,89,834403538,,,62,33868,100,0,,,100,12,,,,,,,,,,,,,,,,,,,,,,,,,,,,,,,,,100,0,100,0,100,0,100,0,100,0,80,20,100,0,100,0,84,32527,20,20,,,,,100,0,100,0,200,0,,,,,,,,,,,,,,,,,,,,,,,,,,,100,33471,100,52103181384,100,181339605072,,,,,,,,,,
2019-10-22,Z304TD77,ST4000DM000,4000787030016,0,113,58091280,,,93,0,100,13,100,0,89,836356688,,,62,33891,100,0,,,100,12,,,,,,,,,,,,,,,,,,,,,,,,,,,,,,,,,100,0,100,0,100,0,100,0,100,0,80,20,100,0,100,0,84,32527,20,20,,,,,100,0,100,0,200,0,,,,,,,,,,,,,,,,,,,,,,,,,,,100,33495,100,52120855592,100,181466498738,,,,,,,,,,
2019-10-23,Z304TD77,ST4000DM000,4000787030016,0,105,8036568,,,93,0,100,13,100,0,89,837700362,,,62,33915,100,0,,,100,12,,,,,,,,,,,,,,,,,,,,,,,,,,,,,,,,,100,0,100,0,100,0,100,0,100,0,81,19,100,0,100,0,84,32527,19,19,,,,,100,0,100,0,200,0,,,,,,,,,,,,,,,,,,,,,,,,,,,100,33518,100,52134894392,100,181732174385,,,,,,,,,,
2019-10-24,Z304TD77,ST4000DM000,4000787030016,0,117,155105616,,,93,0,100,13,100,0,89,838720096,,,62,33939,100,0,,,100,12,,,,,,,,,,,,,,,,,,,,,,,,,,,,,,,,,100,0,100,0,100,0,100,0,100,0,81,19,100,0,100,0,84,32527,19,19,,,,,100,0,100,0,200,0,,,,,,,,,,,,,,,,,,,,,,,,,,,100,33542,100,52148839168,100,182073621889,,,,,,,,,,
2019-10-25,Z304TD77,ST4000DM000,4000787030016,0,120,240268352,,,93,0,100,13,100,0,89,839654423,,,62,33963,100,0,,,100,12,,,,,,,,,,,,,,,,,,,,,,,,,,,,,,,,,100,0,100,0,100,0,100,0,100,0,80,20,100,0,100,0,84,32527,20,20,,,,,100,0,100,0,200,0,,,,,,,,,,,,,,,,,,,,,,,,,,,100,33566,100,52161733344,100,182409306157,,,,,,,,,,
2019-10-26,Z304TD77,ST4000DM000,4000787030016,0,117,158261976,,,93,0,100,13,100,0,89,841531966,,,62,33987,100,0,,,100,12,,,,,,,,,,,,,,,,,,,,,,,,,,,,,,,,,100,0,100,0,100,0,100,0,100,0,79,21,100,0,100,0,84,32527,21,21,,,,,100,0,100,0,200,0,,,,,,,,,,,,,,,,,,,,,,,,,,,100,33590,100,52176513392,100,182575173446,,,,,,,,,,
2019-10-27,Z304TD77,ST4000DM000,4000787030016,0,118,180556440,,,93,0,100,13,100,0,89,842316575,,,62,34011,100,0,,,100,12,,,,,,,,,,,,,,,,,,,,,,,,,,,,,,,,,100,0,100,0,100,0,100,0,100,0,80,20,100,0,100,0,84,32527,20,20,,,,,100,0,100,0,200,0,,,,,,,,,,,,,,,,,,,,,,,,,,,100,33614,100,52193478256,100,182682565822,,,,,,,,,,
2019-10-28,Z304TD77,ST4000DM000,4000787030016,0,120,239131992,,,93,0,100,13,100,0,89,844515635,,,62,34034,100,0,,,100,12,,,,,,,,,,,,,,,,,,,,,,,,,,,,,,,,,100,0,100,0,100,0,100,0,100,0,81,19,100,0,100,0,84,32527,19,19,,,,,100,0,100,0,200,0,,,,,,,,,,,,,,,,,,,,,,,,,,,100,33638,100,52208823544,100,182818364417,,,,,,,,,,
2019-10-29,Z304TD77,ST4000DM000,4000787030016,0,106,10895296,,,93,0,100,13,100,0,89,845708119,,,62,34046,100,0,,,100,12,,,,,,,,,,,,,,,,,,,,,,,,,,,,,,,,,100,0,100,0,100,0,100,0,100,0,81,19,100,0,100,0,84,32527,19,19,,,,,100,0,100,0,200,0,,,,,,,,,,,,,,,,,,,,,,,,,,,100,33650,100,52214798504,100,182852123313,,,,,,,,,,
2019-10-30,Z304TD77,ST4000DM000,4000787030016,0,114,70403192,,,93,0,100,13,100,0,89,847187906,,,62,34082,100,0,,,100,12,,,,,,,,,,,,,,,,,,,,,,,,,,,,,,,,,100,0,100,0,100,0,100,0,100,0,81,19,100,0,100,0,84,32527,19,19,,,,,100,0,100,0,200,0,,,,,,,,,,,,,,,,,,,,,,,,,,,100,33685,100,52233555440,100,183016949162,,,,,,,,,,
2019-10-31,Z304TD77,ST4000DM000,4000787030016,0,111,41379024,,,93,0,100,13,100,0,89,848592867,,,62,34106,100,0,,,100,12,,,,,,,,,,,,,,,,,,,,,,,,,,,,,,,,,100,0,100,0,100,0,100,0,100,0,81,19,100,0,100,0,84,32527,19,19,,,,,100,0,100,0,200,0,,,,,,,,,,,,,,,,,,,,,,,,,,,100,33709,100,52248567008,100,183210000887,,,,,,,,,,
2019-11-01,Z304TD77,ST4000DM000,4000787030016,0,118,172743600,,,93,0,100,13,100,0,89,850173277,,,62,34130,100,0,,,100,12,,,,,,,,,,,,,,,,,,,,,,,,,,,,,,,,,100,0,100,0,100,0,100,0,100,0,81,19,100,0,100,0,84,32527,19,19,,,,,100,0,100,0,200,0,,,,,,,,,,,,,,,,,,,,,,,,,,,100,33733,100,52255903712,100,183447670838,,,,,,,,,,
2019-11-02,Z304TD77,ST4000DM000,4000787030016,0,108,19629896,,,93,0,100,13,100,0,89,852939232,,,62,34154,100,0,,,100,12,,,,,,,,,,,,,,,,,,,,,,,,,,,,,,,,,100,0,100,0,100,0,100,0,100,0,81,19,100,0,100,0,84,32527,19,19,,,,,100,0,100,0,200,0,,,,,,,,,,,,,,,,,,,,,,,,,,,100,33757,100,52283820184,100,183705840421,,,,,,,,,,
2019-11-03,Z304TD77,ST4000DM000,4000787030016,0,120,235076224,,,93,0,100,13,100,0,89,854709184,,,61,34178,100,0,,,100,12,,,,,,,,,,,,,,,,,,,,,,,,,,,,,,,,,100,0,100,0,100,0,100,0,100,0,81,19,100,0,100,0,84,32527,19,19,,,,,100,0,100,0,200,0,,,,,,,,,,,,,,,,,,,,,,,,,,,100,33781,100,52297618728,100,183975185876,,,,,,,,,,
2019-11-04,Z304TD77,ST4000DM000,4000787030016,0,117,149095552,,,93,0,100,13,100,0,89,856243066,,,61,34202,100,0,,,100,12,,,,,,,,,,,,,,,,,,,,,,,,,,,,,,,,,100,0,100,0,100,0,100,0,100,0,81,19,100,0,100,0,84,32527,19,19,,,,,100,0,100,0,200,0,,,,,,,,,,,,,,,,,,,,,,,,,,,100,33805,100,52306143472,100,184221494260,,,,,,,,,,
2019-11-06,Z304TD77,ST4000DM000,4000787030016,0,119,231847760,,,93,0,100,13,100,0,89,859208474,,,61,34250,100,0,,,100,12,,,,,,,,,,,,,,,,,,,,,,,,,,,,,,,,,100,0,100,0,100,0,100,0,100,0,80,20,100,0,100,0,84,32527,20,20,,,,,100,0,100,0,200,0,,,,,,,,,,,,,,,,,,,,,,,,,,,100,33853,100,52313820488,100,184531808859,,,,,,,,,,
2019-11-07,Z304TD77,ST4000DM000,4000787030016,0,119,234561920,,,93,0,100,13,100,0,89,860405994,,,61,34273,100,0,,,100,12,,,,,,,,,,,,,,,,,,,,,,,,,,,,,,,,,100,0,100,0,100,0,100,0,100,0,80,20,100,0,100,0,84,32527,20,20,,,,,100,0,100,0,200,0,,,,,,,,,,,,,,,,,,,,,,,,,,,100,33877,100,52318520048,100,184716116329,,,,,,,,,,
2019-11-08,Z304TD77,ST4000DM000,4000787030016,0,117,128442272,,,93,0,100,13,100,0,89,861738185,,,61,34297,100,0,,,100,12,,,,,,,,,,,,,,,,,,,,,,,,,,,,,,,,,100,0,100,0,100,0,100,0,100,0,80,20,100,0,100,0,84,32527,20,20,,,,,100,0,100,0,200,0,,,,,,,,,,,,,,,,,,,,,,,,,,,100,33900,100,52322405336,100,184901107525,,,,,,,,,,
2019-11-09,Z304TD77,ST4000DM000,4000787030016,0,111,36944856,,,93,0,100,13,100,0,89,863905305,,,61,34321,100,0,,,100,12,,,,,,,,,,,,,,,,,,,,,,,,,,,,,,,,,100,0,100,0,100,0,100,0,100,0,80,20,100,0,100,0,84,32527,20,20,,,,,100,0,100,0,200,0,,,,,,,,,,,,,,,,,,,,,,,,,,,100,33924,100,52334130552,100,185130433744,,,,,,,,,,
2019-11-10,Z304TD77,ST4000DM000,4000787030016,0,114,79456888,,,93,0,100,13,100,0,89,866011294,,,61,34345,100,0,,,100,12,,,,,,,,,,,,,,,,,,,,,,,,,,,,,,,,,100,0,100,0,100,0,100,0,100,0,81,19,100,0,100,0,84,32527,19,19,,,,,100,0,100,0,200,0,,,,,,,,,,,,,,,,,,,,,,,,,,,100,33948,100,52341513344,100,185332019904,,,,,,,,,,
2019-11-11,Z304TD77,ST4000DM000,4000787030016,0,119,233420424,,,93,0,100,13,100,0,89,867245754,,,61,34369,100,0,,,100,12,,,,,,,,,,,,,,,,,,,,,,,,,,,,,,,,,100,0,100,0,100,0,100,0,100,0,81,19,100,0,100,0,84,32527,19,19,,,,,100,0,100,0,200,0,,,,,,,,,,,,,,,,,,,,,,,,,,,100,33972,100,52346736944,100,185474226182,,,,,,,,,,
2019-11-12,Z304TD77,ST4000DM000,4000787030016,0,112,45023792,,,93,0,100,13,100,0,89,868626327,,,61,34393,100,0,,,100,12,,,,,,,,,,,,,,,,,,,,,,,,,,,,,,,,,100,0,100,0,100,0,100,0,100,0,81,19,100,0,100,0,84,32527,19,19,,,,,100,0,100,0,200,0,,,,,,,,,,,,,,,,,,,,,,,,,,,100,33996,100,52356280968,100,185514080491,,,,,,,,,,
2019-11-13,Z304TD77,ST4000DM000,4000787030016,0,119,208546400,,,93,0,100,13,100,0,89,870365920,,,61,34416,100,0,,,100,12,,,,,,,,,,,,,,,,,,,,,,,,,,,,,,,,,100,0,100,0,100,0,100,0,100,0,81,19,100,0,100,0,84,32527,19,19,,,,,100,0,100,0,200,0,,,,,,,,,,,,,,,,,,,,,,,,,,,100,34020,100,52365140936,100,185740283477,,,,,,,,,,
2019-11-14,Z304TD77,ST4000DM000,4000787030016,0,112,43202872,,,93,0,100,13,100,0,89,871849598,,,61,34440,100,0,,,100,12,,,,,,,,,,,,,,,,,,,,,,,,,,,,,,,,,100,0,100,0,100,0,100,0,100,0,81,19,100,0,100,0,84,32527,19,19,,,,,100,0,100,0,200,0,,,,,,,,,,,,,,,,,,,,,,,,,,,100,34044,100,52370751240,100,185932786786,,,,,,,,,,
2019-11-15,Z304TD77,ST4000DM000,4000787030016,0,120,140888,,,93,0,100,13,100,0,89,872653270,,,61,34464,100,0,,,100,12,,,,,,,,,,,,,,,,,,,,,,,,,,,,,,,,,100,0,100,0,100,0,100,0,100,0,80,20,100,0,100,0,84,32527,20,20,,,,,100,0,100,0,200,0,,,,,,,,,,,,,,,,,,,,,,,,,,,100,34067,100,52376308040,100,186088782367,,,,,,,,,,
2019-11-16,Z304TD77,ST4000DM000,4000787030016,0,109,24082160,,,93,0,100,13,100,0,89,874319779,,,61,34488,100,0,,,100,12,,,,,,,,,,,,,,,,,,,,,,,,,,,,,,,,,100,0,100,0,100,0,100,0,100,0,81,19,100,0,100,0,84,32527,19,19,,,,,100,0,100,0,200,0,,,,,,,,,,,,,,,,,,,,,,,,,,,100,34091,100,52381649704,100,186301268915,,,,,,,,,,
2019-11-17,Z304TD77,ST4000DM000,4000787030016,0,109,25162440,,,93,0,100,13,100,0,89,877382102,,,61,34511,100,0,,,100,12,,,,,,,,,,,,,,,,,,,,,,,,,,,,,,,,,100,0,100,0,100,0,100,0,100,0,81,19,100,0,100,0,84,32527,19,19,,,,,100,0,100,0,200,0,,,,,,,,,,,,,,,,,,,,,,,,,,,100,34115,100,52396304640,100,186511824285,,,,,,,,,,
2019-11-18,Z304TD77,ST4000DM000,4000787030016,0,112,44337840,,,93,0,100,13,100,0,89,878514303,,,61,34535,100,0,,,100,12,,,,,,,,,,,,,,,,,,,,,,,,,,,,,,,,,100,0,100,0,100,0,100,0,100,0,81,19,100,0,100,0,84,32527,19,19,,,,,100,0,100,0,200,0,,,,,,,,,,,,,,,,,,,,,,,,,,,100,34139,100,52402619216,100,186715468159,,,,,,,,,,
2019-11-19,Z304TD77,ST4000DM000,4000787030016,0,118,170518112,,,93,0,100,13,100,0,89,880014053,,,61,34559,100,0,,,100,12,,,,,,,,,,,,,,,,,,,,,,,,,,,,,,,,,100,0,100,0,100,0,100,0,100,0,80,20,100,0,100,0,84,32527,20,20,,,,,100,0,100,0,200,0,,,,,,,,,,,,,,,,,,,,,,,,,,,100,34162,100,52411668368,100,186815875945,,,,,,,,,,
2019-11-20,Z304TD77,ST4000DM000,4000787030016,0,117,141030688,,,93,0,100,13,100,0,89,880952161,,,61,34583,100,0,,,100,12,,,,,,,,,,,,,,,,,,,,,,,,,,,,,,,,,100,0,100,0,100,0,100,0,100,0,81,19,100,0,100,0,84,32527,19,19,,,,,100,0,100,0,200,0,,,,,,,,,,,,,,,,,,,,,,,,,,,100,34186,100,52424651464,100,187159795562,,,,,,,,,,
2019-11-21,Z304TD77,ST4000DM000,4000787030016,0,114,72663208,,,93,0,100,13,100,0,89,881843835,,,61,34607,100,0,,,100,12,,,,,,,,,,,,,,,,,,,,,,,,,,,,,,,,,100,0,100,0,100,0,100,0,100,0,80,20,100,0,100,0,84,32527,20,20,,,,,100,0,100,0,200,0,,,,,,,,,,,,,,,,,,,,,,,,,,,100,34210,100,52432337432,100,187503062720,,,,,,,,,,
2019-11-22,Z304TD77,ST4000DM000,4000787030016,0,117,144832696,,,93,0,100,13,100,0,89,883027607,,,61,34630,100,0,,,100,12,,,,,,,,,,,,,,,,,,,,,,,,,,,,,,,,,100,0,100,0,100,0,100,0,100,0,82,18,100,0,100,0,84,32527,18,18,,,,,100,0,100,0,200,0,,,,,,,,,,,,,,,,,,,,,,,,,,,100,34234,100,52436902776,100,187820932657,,,,,,,,,,
2019-11-23,Z304TD77,ST4000DM000,4000787030016,0,118,173071040,,,93,0,100,13,100,0,89,885443717,,,61,34654,100,0,,,100,12,,,,,,,,,,,,,,,,,,,,,,,,,,,,,,,,,100,0,100,0,100,0,100,0,100,0,81,19,100,0,100,0,84,32527,19,19,,,,,100,0,100,0,200,0,,,,,,,,,,,,,,,,,,,,,,,,,,,100,34257,100,52447047848,100,188101740508,,,,,,,,,,
2019-11-24,Z304TD77,ST4000DM000,4000787030016,0,116,109259464,,,93,0,100,13,100,0,89,888428704,,,61,34690,100,0,,,100,12,,,,,,,,,,,,,,,,,,,,,,,,,,,,,,,,,100,0,100,0,100,0,100,0,100,0,81,19,100,0,100,0,84,32527,19,19,,,,,100,0,100,0,200,0,,,,,,,,,,,,,,,,,,,,,,,,,,,100,34293,100,52456635064,100,188501133308,,,,,,,,,,
2019-11-25,Z304TD77,ST4000DM000,4000787030016,0,112,49786312,,,93,0,100,13,100,0,89,889733288,,,61,34714,100,0,,,100,12,,,,,,,,,,,,,,,,,,,,,,,,,,,,,,,,,100,0,100,0,100,0,100,0,100,0,81,19,100,0,100,0,84,32527,19,19,,,,,100,0,100,0,200,0,,,,,,,,,,,,,,,,,,,,,,,,,,,100,34317,100,52464289248,100,188645829329,,,,,,,,,,
2019-11-26,Z304TD77,ST4000DM000,4000787030016,0,119,207133040,,,93,0,100,13,100,0,89,891423742,,,61,34738,100,0,,,100,12,,,,,,,,,,,,,,,,,,,,,,,,,,,,,,,,,100,0,100,0,100,0,100,0,100,0,81,19,100,0,100,0,84,32527,19,19,,,,,100,0,100,0,200,0,,,,,,,,,,,,,,,,,,,,,,,,,,,100,34341,100,52473742904,100,188820624209,,,,,,,,,,
2019-11-27,Z304TD77,ST4000DM000,4000787030016,0,114,61306992,,,93,0,100,13,100,0,89,892185099,,,61,34750,100,0,,,100,12,,,,,,,,,,,,,,,,,,,,,,,,,,,,,,,,,100,0,100,0,100,0,100,0,100,0,81,19,100,0,100,0,84,32527,19,19,,,,,100,0,100,0,200,0,,,,,,,,,,,,,,,,,,,,,,,,,,,100,34353,100,52477108744,100,188941355166,,,,,,,,,,
2019-11-28,Z304TD77,ST4000DM000,4000787030016,0,119,226308016,,,93,0,100,13,100,0,89,893607225,,,61,34773,100,0,,,100,12,,,,,,,,,,,,,,,,,,,,,,,,,,,,,,,,,100,0,100,0,100,0,100,0,100,0,80,20,100,0,100,0,84,32527,20,20,,,,,100,0,100,0,200,0,,,,,,,,,,,,,,,,,,,,,,,,,,,100,34377,100,52484897968,100,189196405868,,,,,,,,,,
2019-11-29,Z304TD77,ST4000DM000,4000787030016,0,113,54495736,,,93,0,100,13,100,0,89,894745764,,,61,34797,100,0,,,100,12,,,,,,,,,,,,,,,,,,,,,,,,,,,,,,,,,100,0,100,0,100,0,100,0,100,0,80,20,100,0,100,0,84,32527,20,20,,,,,100,0,100,0,200,0,,,,,,,,,,,,,,,,,,,,,,,,,,,100,34400,100,52498011032,100,189380774082,,,,,,,,,,
2019-11-30,Z304TD77,ST4000DM000,4000787030016,0,102,4682344,,,93,0,100,13,100,0,89,897182585,,,61,34821,100,0,,,100,12,,,,,,,,,,,,,,,,,,,,,,,,,,,,,,,,,100,0,100,0,100,0,100,0,100,0,80,20,100,0,100,0,84,32527,20,20,,,,,100,0,100,0,200,0,,,,,,,,,,,,,,,,,,,,,,,,,,,100,34424,100,52507282680,100,189598143188,,,,,,,,,,
2019-12-01,Z304TD77,ST4000DM000,4000787030016,0,114,65277992,,,93,0,100,13,100,0,89,898741563,,,61,34845,100,0,,,100,12,,,,,,,,,,,,,,,,,,,,,,,,,,,,,,,,,100,0,100,0,100,0,100,0,100,0,80,20,100,0,100,0,84,32527,20,20,,,,,100,0,100,0,200,0,,,,,,,,,,,,,,,,,,,,,,,,,,,100,34448,100,52514851304,100,189798286150,,,,,,,,,,
2019-12-02,Z304TD77,ST4000DM000,4000787030016,0,114,71435392,,,93,0,100,13,100,0,89,900222052,,,61,34869,100,0,,,100,12,,,,,,,,,,,,,,,,,,,,,,,,,,,,,,,,,100,0,100,0,100,0,100,0,100,0,79,21,100,0,100,0,84,32527,21,21,,,,,100,0,100,0,200,0,,,,,,,,,,,,,,,,,,,,,,,,,,,100,34472,100,52533097224,100,189991027602,,,,,,,,,,
2019-12-03,Z304TD77,ST4000DM000,4000787030016,0,117,148790712,,,93,0,100,13,100,0,89,902256200,,,61,34893,100,0,,,100,12,,,,,,,,,,,,,,,,,,,,,,,,,,,,,,,,,100,0,100,0,100,0,100,0,100,0,80,20,100,0,100,0,84,32527,20,20,,,,,100,0,100,0,200,0,,,,,,,,,,,,,,,,,,,,,,,,,,,100,34496,100,52552845872,100,190133640298,,,,,,,,,,
2019-12-04,Z304TD77,ST4000DM000,4000787030016,0,117,149845968,,,93,0,100,13,100,0,89,903817784,,,61,34916,100,0,,,100,12,,,,,,,,,,,,,,,,,,,,,,,,,,,,,,,,,100,0,100,0,100,0,100,0,100,0,80,20,100,0,100,0,84,32527,20,20,,,,,100,0,100,0,200,0,,,,,,,,,,,,,,,,,,,,,,,,,,,100,34520,100,52561538760,100,190325611930,,,,,,,,,,
2019-12-05,Z304TD77,ST4000DM000,4000787030016,0,117,159820464,,,93,0,100,13,100,0,89,904982256,,,61,34940,100,0,,,100,12,,,,,,,,,,,,,,,,,,,,,,,,,,,,,,,,,100,0,100,0,100,0,100,0,100,0,81,19,100,0,100,0,84,32527,19,19,,,,,100,0,100,0,200,0,,,,,,,,,,,,,,,,,,,,,,,,,,,100,34543,100,52573218144,100,190492169538,,,,,,,,,,
2019-12-06,Z304TD77,ST4000DM000,4000787030016,0,108,20861408,,,93,0,100,13,100,0,89,906594692,,,61,34964,100,0,,,100,12,,,,,,,,,,,,,,,,,,,,,,,,,,,,,,,,,100,0,100,0,100,0,100,0,100,0,81,19,100,0,100,0,84,32527,19,19,,,,,100,0,100,0,200,0,,,,,,,,,,,,,,,,,,,,,,,,,,,100,34567,100,52586382032,100,190699392415,,,,,,,,,,
2019-12-07,Z304TD77,ST4000DM000,4000787030016,0,119,231025096,,,93,0,100,13,100,0,89,909188182,,,61,34988,100,0,,,100,12,,,,,,,,,,,,,,,,,,,,,,,,,,,,,,,,,100,0,100,0,100,0,100,0,100,0,80,20,100,0,100,0,84,32527,20,20,,,,,100,0,100,0,200,0,,,,,,,,,,,,,,,,,,,,,,,,,,,100,34591,100,52598531352,100,190910298617,,,,,,,,,,
2019-12-08,Z304TD77,ST4000DM000,4000787030016,0,116,114144696,,,93,0,100,13,100,0,89,910412912,,,61,35011,100,0,,,100,12,,,,,,,,,,,,,,,,,,,,,,,,,,,,,,,,,100,0,100,0,100,0,100,0,100,0,81,19,100,0,100,0,84,32527,19,19,,,,,100,0,100,0,200,0,,,,,,,,,,,,,,,,,,,,,,,,,,,100,34615,100,52607750936,100,191059068959,,,,,,,,,,
2019-12-09,Z304TD77,ST4000DM000,4000787030016,0,119,214580408,,,93,0,100,13,100,0,89,912488876,,,61,35035,100,0,,,100,12,,,,,,,,,,,,,,,,,,,,,,,,,,,,,,,,,100,0,100,0,100,0,100,0,100,0,80,20,100,0,100,0,84,32527,20,20,,,,,100,0,100,0,200,0,,,,,,,,,,,,,,,,,,,,,,,,,,,100,34638,100,52617785040,100,191306126258,,,,,,,,,,
2019-12-10,Z304TD77,ST4000DM000,4000787030016,0,117,149315376,,,93,0,100,13,100,0,89,914905575,,,60,35059,100,0,,,100,12,,,,,,,,,,,,,,,,,,,,,,,,,,,,,,,,,100,0,100,0,100,0,100,0,100,0,80,20,100,0,100,0,84,32527,20,20,,,,,100,0,100,0,200,0,,,,,,,,,,,,,,,,,,,,,,,,,,,100,34662,100,52630319896,100,191435662972,,,,,,,,,,
2019-12-11,Z304TD77,ST4000DM000,4000787030016,0,113,52068120,,,93,0,100,13,100,0,89,916473929,,,60,35095,100,0,,,100,12,,,,,,,,,,,,,,,,,,,,,,,,,,,,,,,,,100,0,100,0,100,0,100,0,100,0,81,19,100,0,100,0,84,32527,19,19,,,,,100,0,100,0,200,0,,,,,,,,,,,,,,,,,,,,,,,,,,,100,34698,100,52645376312,100,191720456335,,,,,,,,,,
2019-12-12,Z304TD77,ST4000DM000,4000787030016,0,109,21021696,,,93,0,100,13,100,0,89,917371274,,,60,35119,100,0,,,100,12,,,,,,,,,,,,,,,,,,,,,,,,,,,,,,,,,100,0,100,0,100,0,100,0,100,0,81,19,100,0,100,0,84,32527,19,19,,,,,100,0,100,0,200,0,,,,,,,,,,,,,,,,,,,,,,,,,,,100,34722,100,52655912936,100,192028803740,,,,,,,,,,
2019-12-13,Z304TD77,ST4000DM000,4000787030016,0,117,127072480,,,93,0,100,13,100,0,89,918264066,,,60,35143,100,0,,,100,12,,,,,,,,,,,,,,,,,,,,,,,,,,,,,,,,,100,0,100,0,100,0,100,0,100,0,81,19,100,0,100,0,84,32527,19,19,,,,,100,0,100,0,200,0,,,,,,,,,,,,,,,,,,,,,,,,,,,100,34746,100,52665426224,100,192394387263,,,,,,,,,,
2019-12-14,Z304TD77,ST4000DM000,4000787030016,0,114,63925632,,,93,0,100,13,100,0,89,920669847,,,60,35167,100,0,,,100,12,,,,,,,,,,,,,,,,,,,,,,,,,,,,,,,,,100,0,100,0,100,0,100,0,100,0,80,20,100,0,100,0,84,32527,20,20,,,,,100,0,100,0,200,0,,,,,,,,,,,,,,,,,,,,,,,,,,,100,34770,100,52676799144,100,192741258159,,,,,,,,,,
2019-12-15,Z304TD77,ST4000DM000,4000787030016,0,117,143388560,,,93,0,100,13,100,0,89,922971830,,,60,35190,100,0,,,100,12,,,,,,,,,,,,,,,,,,,,,,,,,,,,,,,,,100,0,100,0,100,0,100,0,100,0,81,19,100,0,100,0,84,32527,19,19,,,,,100,0,100,0,200,0,,,,,,,,,,,,,,,,,,,,,,,,,,,100,34794,100,52691507664,100,193076350740,,,,,,,,,,
2019-12-16,Z304TD77,ST4000DM000,4000787030016,0,102,3842648,,,93,0,100,13,100,0,89,924984188,,,60,35214,100,0,,,100,12,,,,,,,,,,,,,,,,,,,,,,,,,,,,,,,,,100,0,100,0,100,0,100,0,100,0,81,19,100,0,100,0,84,32527,19,19,,,,,100,0,100,0,200,0,,,,,,,,,,,,,,,,,,,,,,,,,,,100,34817,100,52716746616,100,193311286617,,,,,,,,,,
2019-12-17,Z304TD77,ST4000DM000,4000787030016,0,117,161261552,,,93,0,100,13,100,0,89,926712830,,,60,35238,100,0,,,100,12,,,,,,,,,,,,,,,,,,,,,,,,,,,,,,,,,100,0,100,0,100,0,100,0,100,0,80,20,100,0,100,0,84,32527,20,20,,,,,100,0,100,0,200,0,,,,,,,,,,,,,,,,,,,,,,,,,,,100,34841,100,52737029896,100,193498632640,,,,,,,,,,
2019-12-18,Z304TD77,ST4000DM000,4000787030016,0,118,170786832,,,93,0,100,13,100,0,89,927483895,,,60,35250,100,0,,,100,12,,,,,,,,,,,,,,,,,,,,,,,,,,,,,,,,,100,0,100,0,100,0,100,0,100,0,81,19,100,0,100,0,84,32527,19,19,,,,,100,0,100,0,200,0,,,,,,,,,,,,,,,,,,,,,,,,,,,100,34853,100,52753096024,100,193609730802,,,,,,,,,,
2019-12-19,Z304TD77,ST4000DM000,4000787030016,0,114,62897064,,,93,0,100,13,100,0,89,928951518,,,60,35274,100,0,,,100,12,,,,,,,,,,,,,,,,,,,,,,,,,,,,,,,,,100,0,100,0,100,0,100,0,100,0,81,19,100,0,100,0,84,32527,19,19,,,,,100,0,100,0,200,0,,,,,,,,,,,,,,,,,,,,,,,,,,,100,34877,100,52768190384,100,193871092279,,,,,,,,,,
2019-12-20,Z304TD77,ST4000DM000,4000787030016,0,115,99937888,,,93,0,100,13,100,0,89,931247132,,,60,35309,100,0,,,100,12,,,,,,,,,,,,,,,,,,,,,,,,,,,,,,,,,100,0,100,0,100,0,100,0,100,0,80,20,100,0,100,0,84,32527,20,20,,,,,100,0,100,0,200,0,,,,,,,,,,,,,,,,,,,,,,,,,,,100,34912,100,52794153416,100,194249748008,,,,,,,,,,
2019-12-21,Z304TD77,ST4000DM000,4000787030016,0,114,66374000,,,93,0,100,13,100,0,89,933733058,,,60,35333,100,0,,,100,12,,,,,,,,,,,,,,,,,,,,,,,,,,,,,,,,,100,0,100,0,100,0,100,0,100,0,80,20,100,0,100,0,84,32527,20,20,,,,,100,0,100,0,200,0,,,,,,,,,,,,,,,,,,,,,,,,,,,100,34936,100,52813053592,100,194453025886,,,,,,,,,,
2019-12-22,Z304TD77,ST4000DM000,4000787030016,0,117,155320760,,,93,0,100,13,100,0,89,935216789,,,60,35357,100,0,,,100,12,,,,,,,,,,,,,,,,,,,,,,,,,,,,,,,,,100,0,100,0,100,0,100,0,100,0,80,20,100,0,100,0,84,32527,20,20,,,,,100,0,100,0,200,0,,,,,,,,,,,,,,,,,,,,,,,,,,,100,34960,100,52829096064,100,194653556831,,,,,,,,,,
2019-12-23,Z304TD77,ST4000DM000,4000787030016,0,115,98307440,,,93,0,100,13,100,0,89,936744445,,,60,35381,100,0,,,100,12,,,,,,,,,,,,,,,,,,,,,,,,,,,,,,,,,100,0,100,0,100,0,100,0,100,0,80,20,100,0,100,0,84,32527,20,20,,,,,100,0,100,0,200,0,,,,,,,,,,,,,,,,,,,,,,,,,,,100,34984,100,52854402352,100,194829545118,,,,,,,,,,
2019-12-24,Z304TD77,ST4000DM000,4000787030016,0,114,62498864,,,93,0,100,13,100,0,89,938687748,,,60,35405,100,0,,,100,12,,,,,,,,,,,,,,,,,,,,,,,,,,,,,,,,,100,0,100,0,100,0,100,0,100,0,80,20,100,0,100,0,84,32527,20,20,,,,,100,0,100,0,200,0,,,,,,,,,,,,,,,,,,,,,,,,,,,100,35008,100,52870325520,100,194948467770,,,,,,,,,,
2019-12-25,Z304TD77,ST4000DM000,4000787030016,0,118,186407952,,,93,0,100,13,100,0,90,940756825,,,60,35428,100,0,,,100,12,,,,,,,,,,,,,,,,,,,,,,,,,,,,,,,,,100,0,100,0,100,0,100,0,100,0,80,20,100,0,100,0,84,32527,20,20,,,,,100,0,100,0,200,0,,,,,,,,,,,,,,,,,,,,,,,,,,,100,35032,100,52886488136,100,195160611510,,,,,,,,,,
2019-12-26,Z304TD77,ST4000DM000,4000787030016,0,114,83423072,,,93,0,100,13,100,0,90,943043430,,,60,35452,100,0,,,100,12,,,,,,,,,,,,,,,,,,,,,,,,,,,,,,,,,100,0,100,0,100,0,100,0,100,0,80,20,100,0,100,0,84,32527,20,20,,,,,100,0,100,0,200,0,,,,,,,,,,,,,,,,,,,,,,,,,,,100,35055,100,52898763376,100,195342245221,,,,,,,,,,
2019-12-27,Z304TD77,ST4000DM000,4000787030016,0,115,88137672,,,93,0,100,13,100,0,90,944166744,,,60,35476,100,0,,,100,12,,,,,,,,,,,,,,,,,,,,,,,,,,,,,,,,,100,0,100,0,100,0,100,0,100,0,80,20,100,0,100,0,84,32527,20,20,,,,,100,0,100,0,200,0,,,,,,,,,,,,,,,,,,,,,,,,,,,100,35079,100,52914748512,100,195468723597,,,,,,,,,,
2019-12-28,Z304TD77,ST4000DM000,4000787030016,0,119,210489848,,,93,0,100,13,100,0,90,947417793,,,60,35500,100,0,,,100,12,,,,,,,,,,,,,,,,,,,,,,,,,,,,,,,,,100,0,100,0,100,0,100,0,100,0,80,20,100,0,100,0,84,32527,20,20,,,,,100,0,100,0,200,0,,,,,,,,,,,,,,,,,,,,,,,,,,,100,35103,100,52932323712,100,195736662013,,,,,,,,,,
2019-12-29,Z304TD77,ST4000DM000,4000787030016,0,117,148371936,,,93,0,100,13,100,0,90,948777489,,,60,35524,100,0,,,100,12,,,,,,,,,,,,,,,,,,,,,,,,,,,,,,,,,100,0,100,0,100,0,100,0,100,0,81,19,100,0,100,0,84,32527,19,19,,,,,100,0,100,0,200,0,,,,,,,,,,,,,,,,,,,,,,,,,,,100,35127,100,52949382592,100,195910228281,,,,,,,,,,
2019-12-30,Z304TD77,ST4000DM000,4000787030016,0,106,12000512,,,93,0,100,13,100,0,90,949959389,,,60,35547,100,0,,,100,12,,,,,,,,,,,,,,,,,,,,,,,,,,,,,,,,,100,0,100,0,100,0,100,0,100,0,81,19,100,0,100,0,84,32527,19,19,,,,,100,0,100,0,200,0,,,,,,,,,,,,,,,,,,,,,,,,,,,100,35151,100,52974650736,100,196036745467,,,,,,,,,,
2019-12-31,Z304TD77,ST4000DM000,4000787030016,0,116,109345408,,,93,0,100,13,100,0,90,952006955,,,60,35571,100,0,,,100,12,,,,,,,,,,,,,,,,,,,,,,,,,,,,,,,,,100,0,100,0,100,0,100,0,100,0,80,20,100,0,100,0,84,32527,20,20,,,,,100,0,100,0,200,0,,,,,,,,,,,,,,,,,,,,,,,,,,,100,35174,100,52995009592,100,196243789167,,,,,,,,,,
