2019-01-01,Z304JJGH,ST4000DM000,4000787030016,0,118,182289872,,,92,0,100,12,100,0,84,326206274,,,69,27824,100,0,,,100,12,,,,,,,,,,,,,,,,,,,,,,,,,,,,,,,100,0,100,0,100,0,100,0,100,0,71,29,100,0,100,1,96,9405,29,29,,,,,100,0,100,0,200,0,,,,,,,,,,,,,,,,,,,,,,,,,,,100,27759,100,47615707880,100,115854719868,,,,,,,,,,
2019-01-02,Z304JJGH,ST4000DM000,4000787030016,0,107,13756128,,,92,0,100,12,100,0,84,329212938,,,69,27849,100,0,,,100,12,,,,,,,,,,,,,,,,,,,,,,,,,,,,,,,100,0,100,0,100,0,100,0,100,0,70,30,100,0,100,1,96,9405,30,30,,,,,100,0,100,0,200,0,,,,,,,,,,,,,,,,,,,,,,,,,,,100,27784,100,47642829400,100,115969911639,,,,,,,,,,
2019-01-03,Z304JJGH,ST4000DM000,4000787030016,0,118,200262224,,,92,0,100,12,100,0,84,330674618,,,69,27873,100,0,,,100,12,,,,,,,,,,,,,,,,,,,,,,,,,,,,,,,100,0,100,0,100,0,100,0,100,0,69,31,100,0,100,1,96,9405,31,31,,,,,100,0,100,0,200,0,,,,,,,,,,,,,,,,,,,,,,,,,,,100,27808,100,47670891480,100,116091563258,,,,,,,,,,
2019-01-04,Z304JJGH,ST4000DM000,4000787030016,0,118,177775272,,,92,0,100,12,100,0,84,332468830,,,69,27897,100,0,,,100,12,,,,,,,,,,,,,,,,,,,,,,,,,,,,,,,100,0,100,0,100,0,100,0,100,0,69,31,100,0,100,1,96,9405,31,31,,,,,100,0,100,0,200,0,,,,,,,,,,,,,,,,,,,,,,,,,,,100,27832,100,47695604424,100,116187574930,,,,,,,,,,
2019-01-05,Z304JJGH,ST4000DM000,4000787030016,0,119,215577136,,,92,0,100,12,100,0,84,333406775,,,69,27920,100,0,,,100,12,,,,,,,,,,,,,,,,,,,,,,,,,,,,,,,100,0,100,0,100,0,100,0,100,0,69,31,100,0,100,1,96,9405,31,31,,,,,100,0,100,0,200,0,,,,,,,,,,,,,,,,,,,,,,,,,,,100,27855,100,47709661984,100,116290651016,,,,,,,,,,
2019-01-06,Z304JJGH,ST4000DM000,4000787030016,0,119,226411528,,,92,0,100,12,100,0,84,334477214,,,69,27944,100,0,,,100,12,,,,,,,,,,,,,,,,,,,,,,,,,,,,,,,100,0,100,0,100,0,100,0,100,0,69,31,100,0,100,1,96,9405,31,31,,,,,100,0,100,0,200,0,,,,,,,,,,,,,,,,,,,,,,,,,,,100,27879,100,47723265728,100,116400620911,,,,,,,,,,
2019-01-07,Z304JJGH,ST4000DM000,4000787030016,0,117,151361056,,,92,0,100,12,100,0,84,335442928,,,69,27969,100,0,,,100,12,,,,,,,,,,,,,,,,,,,,,,,,,,,,,,,100,0,100,0,100,0,100,0,100,0,69,31,100,0,100,1,96,9405,31,31,,,,,100,0,100,0,200,0,,,,,,,,,,,,,,,,,,,,,,,,,,,100,27904,100,47743010200,100,116488446530,,,,,,,,,,
2019-01-08,Z304JJGH,ST4000DM000,4000787030016,0,114,64771928,,,92,0,100,12,100,0,85,336450532,,,69,27993,100,0,,,100,12,,,,,,,,,,,,,,,,,,,,,,,,,,,,,,,100,0,100,0,100,0,100,0,100,0,70,30,100,0,100,1,96,9405,30,30,,,,,100,0,100,0,200,0,,,,,,,,,,,,,,,,,,,,,,,,,,,100,27927,100,47757417320,100,116593129461,,,,,,,,,,
2019-01-09,Z304JJGH,ST4000DM000,4000787030016,0,117,144823544,,,92,0,100,12,100,0,85,338376409,,,69,28017,100,0,,,100,12,,,,,,,,,,,,,,,,,,,,,,,,,,,,,,,100,0,100,0,100,0,100,0,100,0,70,30,100,0,100,1,96,9405,30,30,,,,,100,0,100,0,200,0,,,,,,,,,,,,,,,,,,,,,,,,,,,100,27952,100,47783936704,100,116674815195,,,,,,,,,,
2019-01-10,Z304JJGH,ST4000DM000,4000787030016,0,117,133879136,,,92,0,100,12,100,0,85,338986414,,,68,28036,100,0,,,100,12,,,,,,,,,,,,,,,,,,,,,,,,,,,,,,,100,0,100,0,100,0,100,0,100,0,69,31,100,0,100,1,96,9405,31,31,,,,,100,0,100,0,200,0,,,,,,,,,,,,,,,,,,,,,,,,,,,100,27971,100,47801703120,100,116735834907,,,,,,,,,,
2019-01-11,Z304JJGH,ST4000DM000,4000787030016,0,114,66272944,,,92,0,100,12,100,0,85,339992781,,,68,28056,100,0,,,100,12,,,,,,,,,,,,,,,,,,,,,,,,,,,,,,,100,0,100,0,100,0,100,0,100,0,69,31,100,0,100,1,96,9405,31,31,,,,,100,0,100,0,200,0,,,,,,,,,,,,,,,,,,,,,,,,,,,100,27991,100,47815955984,100,116831465218,,,,,,,,,,
2019-01-12,Z304JJGH,ST4000DM000,4000787030016,0,117,126217248,,,92,0,100,12,100,0,85,341719271,,,68,28080,100,0,,,100,12,,,,,,,,,,,,,,,,,,,,,,,,,,,,,,,100,0,100,0,100,0,100,0,100,0,69,31,100,0,100,1,96,9405,31,31,,,,,100,0,100,0,200,0,,,,,,,,,,,,,,,,,,,,,,,,,,,100,28015,100,47834110880,100,116960227863,,,,,,,,,,
2019-01-13,Z304JJGH,ST4000DM000,4000787030016,0,117,146028504,,,92,0,100,12,100,0,85,342655839,,,68,28104,100,0,,,100,12,,,,,,,,,,,,,,,,,,,,,,,,,,,,,,,100,0,100,0,100,0,100,0,100,0,69,31,100,0,100,1,96,9405,31,31,,,,,100,0,100,0,200,0,,,,,,,,,,,,,,,,,,,,,,,,,,,100,28039,100,47850395568,100,117076700159,,,,,,,,,,
2019-01-14,Z304JJGH,ST4000DM000,4000787030016,0,118,191570784,,,92,0,100,12,100,0,85,343843155,,,68,28128,100,0,,,100,12,,,,,,,,,,,,,,,,,,,,,,,,,,,,,,,100,0,100,0,100,0,100,0,100,0,69,31,100,0,100,1,96,9405,31,31,,,,,100,0,100,0,200,0,,,,,,,,,,,,,,,,,,,,,,,,,,,100,28063,100,47871758280,100,117231091104,,,,,,,,,,
2019-01-15,Z304JJGH,ST4000DM000,4000787030016,0,119,224557128,,,92,0,100,12,100,0,85,345027090,,,68,28152,100,0,,,100,12,,,,,,,,,,,,,,,,,,,,,,,,,,,,,,,100,0,100,0,100,0,100,0,100,0,69,31,100,0,100,1,96,9405,31,31,,,,,100,0,100,0,200,0,,,,,,,,,,,,,,,,,,,,,,,,,,,100,28087,100,47894172032,100,117359887459,,,,,,,,,,
2019-01-16,Z304JJGH,ST4000DM000,4000787030016,0,118,182547280,,,92,0,100,12,100,0,85,348552586,,,68,28176,100,0,,,100,12,,,,,,,,,,,,,,,,,,,,,,,,,,,,,,,100,0,100,0,100,0,100,0,100,0,69,31,100,0,100,1,96,9405,31,31,,,,,100,0,100,0,200,0,,,,,,,,,,,,,,,,,,,,,,,,,,,100,28111,100,47919843016,100,117499232078,,,,,,,,,,
2019-01-17,Z304JJGH,ST4000DM000,4000787030016,0,107,13361384,,,92,0,100,12,100,0,85,350352585,,,68,28200,100,0,,,100,12,,,,,,,,,,,,,,,,,,,,,,,,,,,,,,,100,0,100,0,100,0,100,0,100,0,69,31,100,0,100,1,96,9405,31,31,,,,,100,0,100,0,200,0,,,,,,,,,,,,,,,,,,,,,,,,,,,100,28135,100,47936818392,100,117621189945,,,,,,,,,,
2019-01-18,Z304JJGH,ST4000DM000,4000787030016,0,114,65675256,,,92,0,100,12,100,0,85,350954441,,,68,28224,100,0,,,100,12,,,,,,,,,,,,,,,,,,,,,,,,,,,,,,,100,0,100,0,100,0,100,0,100,0,70,30,100,0,100,1,96,9405,30,30,,,,,100,0,100,0,200,0,,,,,,,,,,,,,,,,,,,,,,,,,,,100,28159,100,47951587176,100,117671532991,,,,,,,,,,
2019-01-19,Z304JJGH,ST4000DM000,4000787030016,0,105,8824200,,,92,0,100,12,100,0,85,352479430,,,68,28248,100,0,,,100,12,,,,,,,,,,,,,,,,,,,,,,,,,,,,,,,100,0,100,0,100,0,100,0,100,0,70,30,100,0,100,1,96,9405,30,30,,,,,100,0,100,0,200,0,,,,,,,,,,,,,,,,,,,,,,,,,,,100,28182,100,47972934768,100,117777987025,,,,,,,,,,
2019-01-20,Z304JJGH,ST4000DM000,4000787030016,0,117,132807840,,,92,0,100,12,100,0,85,353300005,,,68,28271,100,0,,,100,12,,,,,,,,,,,,,,,,,,,,,,,,,,,,,,,100,0,100,0,100,0,100,0,100,0,70,30,100,0,100,1,96,9405,30,30,,,,,100,0,100,0,200,0,,,,,,,,,,,,,,,,,,,,,,,,,,,100,28206,100,47996180128,100,117886748898,,,,,,,,,,
2019-01-21,Z304JJGH,ST4000DM000,4000787030016,0,117,129804792,,,92,0,100,12,100,0,85,354161091,,,68,28295,100,0,,,100,12,,,,,,,,,,,,,,,,,,,,,,,,,,,,,,,100,0,100,0,100,0,100,0,100,0,70,30,100,0,100,1,96,9405,30,30,,,,,100,0,100,0,200,0,,,,,,,,,,,,,,,,,,,,,,,,,,,100,28230,100,48017647960,100,117992793192,,,,,,,,,,
2019-01-22,Z304JJGH,ST4000DM000,4000787030016,0,117,128288304,,,92,0,100,12,100,0,85,354755869,,,68,28319,100,0,,,100,12,,,,,,,,,,,,,,,,,,,,,,,,,,,,,,,100,0,100,0,100,0,100,0,100,0,69,31,100,0,100,1,96,9405,31,31,,,,,100,0,100,0,200,0,,,,,,,,,,,,,,,,,,,,,,,,,,,100,28254,100,48032011624,100,118062331255,,,,,,,,,,
2019-01-23,Z304JJGH,ST4000DM000,4000787030016,0,117,166140184,,,92,0,100,12,100,0,85,357555334,,,68,28355,100,0,,,100,12,,,,,,,,,,,,,,,,,,,,,,,,,,,,,,,100,0,100,0,100,0,100,0,100,0,69,31,100,0,100,1,96,9405,31,31,,,,,100,0,100,0,200,0,,,,,,,,,,,,,,,,,,,,,,,,,,,100,28290,100,48069029680,100,118222506285,,,,,,,,,,
2019-01-24,Z304JJGH,ST4000DM000,4000787030016,0,117,163237744,,,92,0,100,12,100,0,85,358372969,,,68,28379,100,0,,,100,12,,,,,,,,,,,,,,,,,,,,,,,,,,,,,,,100,0,100,0,100,0,100,0,100,0,69,31,100,0,100,1,96,9405,31,31,,,,,100,0,100,0,200,0,,,,,,,,,,,,,,,,,,,,,,,,,,,100,28314,100,48093277632,100,118324543676,,,,,,,,,,
2019-01-25,Z304JJGH,ST4000DM000,4000787030016,0,117,123558232,,,92,0,100,12,100,0,85,360149298,,,68,28403,100,0,,,100,12,,,,,,,,,,,,,,,,,,,,,,,,,,,,,,,100,0,100,0,100,0,100,0,100,0,69,31,100,0,100,1,96,9405,31,31,,,,,100,0,100,0,200,0,,,,,,,,,,,,,,,,,,,,,,,,,,,100,28337,100,48124300432,100,118428007251,,,,,,,,,,
2019-01-26,Z304JJGH,ST4000DM000,4000787030016,0,118,170975632,,,92,0,100,12,100,0,85,360947581,,,68,28426,100,0,,,100,12,,,,,,,,,,,,,,,,,,,,,,,,,,,,,,,100,0,100,0,100,0,100,0,100,0,69,31,100,0,100,1,96,9405,31,31,,,,,100,0,100,0,200,0,,,,,,,,,,,,,,,,,,,,,,,,,,,100,28361,100,48144761768,100,118539520950,,,,,,,,,,
2019-01-27,Z304JJGH,ST4000DM000,4000787030016,0,116,108301680,,,92,0,100,12,100,0,85,361616598,,,68,28450,100,0,,,100,12,,,,,,,,,,,,,,,,,,,,,,,,,,,,,,,100,0,100,0,100,0,100,0,100,0,70,30,100,0,100,1,96,9405,30,30,,,,,100,0,100,0,200,0,,,,,,,,,,,,,,,,,,,,,,,,,,,100,28385,100,48161509832,100,118623288151,,,,,,,,,,
2019-01-28,Z304JJGH,ST4000DM000,4000787030016,0,117,156382800,,,92,0,100,12,100,0,85,362423352,,,68,28474,100,0,,,100,12,,,,,,,,,,,,,,,,,,,,,,,,,,,,,,,100,0,100,0,100,0,100,0,100,0,70,30,100,0,100,1,96,9405,30,30,,,,,100,0,100,0,200,0,,,,,,,,,,,,,,,,,,,,,,,,,,,100,28409,100,48178160504,100,118732144712,,,,,,,,,,
2019-01-29,Z304JJGH,ST4000DM000,4000787030016,0,118,189648600,,,92,0,100,12,100,0,85,363305710,,,68,28498,100,0,,,100,12,,,,,,,,,,,,,,,,,,,,,,,,,,,,,,,100,0,100,0,100,0,100,0,100,0,70,30,100,0,100,1,96,9405,30,30,,,,,100,0,100,0,200,0,,,,,,,,,,,,,,,,,,,,,,,,,,,100,28433,100,48193553616,100,118866962531,,,,,,,,,,
2019-01-30,Z304JJGH,ST4000DM000,4000787030016,0,116,112471960,,,92,0,100,12,100,0,85,365189260,,,68,28522,100,0,,,100,12,,,,,,,,,,,,,,,,,,,,,,,,,,,,,,,100,0,100,0,100,0,100,0,100,0,69,31,100,0,100,1,96,9405,31,31,,,,,100,0,100,0,200,0,,,,,,,,,,,,,,,,,,,,,,,,,,,100,28457,100,48214985752,100,119029407588,,,,,,,,,,
2019-01-31,Z304JJGH,ST4000DM000,4000787030016,0,112,42862680,,,92,0,100,12,100,0,85,365505931,,,68,28534,100,0,,,100,12,,,,,,,,,,,,,,,,,,,,,,,,,,,,,,,100,0,100,0,100,0,100,0,100,0,69,31,100,0,100,1,96,9405,31,31,,,,,100,0,100,0,200,0,,,,,,,,,,,,,,,,,,,,,,,,,,,100,28469,100,48224765808,100,119121774171,,,,,,,,,,
2019-02-01,Z304JJGH,ST4000DM000,4000787030016,0,110,25338712,,,92,0,100,12,100,0,85,366472752,,,68,28558,100,0,,,100,12,,,,,,,,,,,,,,,,,,,,,,,,,,,,,,,100,0,100,0,100,0,100,0,100,0,69,31,100,0,100,1,96,9405,31,31,,,,,100,0,100,0,200,0,,,,,,,,,,,,,,,,,,,,,,,,,,,100,28493,100,48242476024,100,119287674371,,,,,,,,,,
2019-02-02,Z304JJGH,ST4000DM000,4000787030016,0,115,87093056,,,92,0,100,12,100,0,85,368211000,,,68,28582,100,0,,,100,12,,,,,,,,,,,,,,,,,,,,,,,,,,,,,,,100,0,100,0,100,0,100,0,100,0,69,31,100,0,100,1,96,9405,31,31,,,,,100,0,100,0,200,0,,,,,,,,,,,,,,,,,,,,,,,,,,,100,28517,100,48275560616,100,119447974098,,,,,,,,,,
2019-02-03,Z304JJGH,ST4000DM000,4000787030016,0,111,41197632,,,92,0,100,12,100,0,85,369865279,,,68,28606,100,0,,,100,12,,,,,,,,,,,,,,,,,,,,,,,,,,,,,,,100,0,100,0,100,0,100,0,100,0,69,31,100,0,100,1,96,9405,31,31,,,,,100,0,100,0,200,0,,,,,,,,,,,,,,,,,,,,,,,,,,,100,28541,100,48295327496,100,119656059269,,,,,,,,,,
2019-02-04,Z304JJGH,ST4000DM000,4000787030016,0,118,198513016,,,92,0,100,12,100,0,85,371099215,,,68,28630,100,0,,,100,12,,,,,,,,,,,,,,,,,,,,,,,,,,,,,,,100,0,100,0,100,0,100,0,100,0,69,31,100,0,100,1,96,9405,31,31,,,,,100,0,100,0,200,0,,,,,,,,,,,,,,,,,,,,,,,,,,,100,28565,100,48311313336,100,119838990828,,,,,,,,,,
2019-02-05,Z304JJGH,ST4000DM000,4000787030016,0,99,2470576,,,92,0,100,12,100,0,85,371727312,,,68,28654,100,0,,,100,12,,,,,,,,,,,,,,,,,,,,,,,,,,,,,,,100,0,100,0,100,0,100,0,100,0,69,31,100,0,100,1,96,9405,31,31,,,,,100,0,100,0,200,0,,,,,,,,,,,,,,,,,,,,,,,,,,,100,28589,100,48332490072,100,120015686072,,,,,,,,,,
2019-02-06,Z304JJGH,ST4000DM000,4000787030016,0,119,213285216,,,92,0,100,12,100,0,85,373598578,,,68,28678,100,0,,,100,12,,,,,,,,,,,,,,,,,,,,,,,,,,,,,,,100,0,100,0,100,0,100,0,100,0,69,31,100,0,100,1,96,9405,31,31,,,,,100,0,100,0,200,0,,,,,,,,,,,,,,,,,,,,,,,,,,,100,28613,100,48355535056,100,120196361608,,,,,,,,,,
2019-02-07,Z304JJGH,ST4000DM000,4000787030016,0,116,108127080,,,92,0,100,12,100,0,85,375253490,,,68,28713,100,0,,,100,12,,,,,,,,,,,,,,,,,,,,,,,,,,,,,,,100,0,100,0,100,0,100,0,100,0,69,31,100,0,100,1,96,9405,31,31,,,,,100,0,100,0,200,0,,,,,,,,,,,,,,,,,,,,,,,,,,,100,28648,100,48382850512,100,120471531927,,,,,,,,,,
2019-02-08,Z304JJGH,ST4000DM000,4000787030016,0,118,182589624,,,92,0,100,12,100,0,85,377125747,,,68,28737,100,0,,,100,12,,,,,,,,,,,,,,,,,,,,,,,,,,,,,,,100,0,100,0,100,0,100,0,100,0,68,32,100,0,100,1,96,9405,32,32,,,,,100,0,100,0,200,0,,,,,,,,,,,,,,,,,,,,,,,,,,,100,28672,100,48407441896,100,120591433771,,,,,,,,,,
2019-02-09,Z304JJGH,ST4000DM000,4000787030016,0,117,141320928,,,92,0,100,12,100,0,85,378303406,,,68,28761,100,0,,,100,12,,,,,,,,,,,,,,,,,,,,,,,,,,,,,,,100,0,100,0,100,0,100,0,100,0,69,31,100,0,100,1,96,9405,31,31,,,,,100,0,100,0,200,0,,,,,,,,,,,,,,,,,,,,,,,,,,,100,28696,100,48435993880,100,120744375762,,,,,,,,,,
2019-02-10,Z304JJGH,ST4000DM000,4000787030016,0,114,83002432,,,92,0,100,12,100,0,85,379347250,,,68,28785,100,0,,,100,12,,,,,,,,,,,,,,,,,,,,,,,,,,,,,,,100,0,100,0,100,0,100,0,100,0,69,31,100,0,100,1,96,9405,31,31,,,,,100,0,100,0,200,0,,,,,,,,,,,,,,,,,,,,,,,,,,,100,28720,100,48455889704,100,120890925747,,,,,,,,,,
2019-02-11,Z304JJGH,ST4000DM000,4000787030016,0,119,211130944,,,92,0,100,12,100,0,85,380775589,,,68,28809,100,0,,,100,12,,,,,,,,,,,,,,,,,,,,,,,,,,,,,,,100,0,100,0,100,0,100,0,100,0,68,32,100,0,100,1,96,9405,32,32,,,,,100,0,100,0,200,0,,,,,,,,,,,,,,,,,,,,,,,,,,,100,28744,100,48474118928,100,121046803427,,,,,,,,,,
2019-02-12,Z304JJGH,ST4000DM000,4000787030016,0,111,29729768,,,92,0,100,12,100,0,85,381993711,,,68,28833,100,0,,,100,12,,,,,,,,,,,,,,,,,,,,,,,,,,,,,,,100,0,100,0,100,0,100,0,100,0,68,32,100,0,100,1,96,9405,32,32,,,,,100,0,100,0,200,0,,,,,,,,,,,,,,,,,,,,,,,,,,,100,28768,100,48492214184,100,121212509522,,,,,,,,,,
2019-02-13,Z304JJGH,ST4000DM000,4000787030016,0,112,43875232,,,92,0,100,12,100,0,85,384205961,,,68,28857,100,0,,,100,12,,,,,,,,,,,,,,,,,,,,,,,,,,,,,,,100,0,100,0,100,0,100,0,100,0,69,31,100,0,100,1,96,9405,31,31,,,,,100,0,100,0,200,0,,,,,,,,,,,,,,,,,,,,,,,,,,,100,28791,100,48511162600,100,121371589820,,,,,,,,,,
2019-02-14,Z304JJGH,ST4000DM000,4000787030016,0,112,48154920,,,92,0,100,12,100,0,85,385120516,,,68,28881,100,0,,,100,12,,,,,,,,,,,,,,,,,,,,,,,,,,,,,,,100,0,100,0,100,0,100,0,100,0,69,31,100,0,100,1,96,9405,31,31,,,,,100,0,100,0,200,0,,,,,,,,,,,,,,,,,,,,,,,,,,,100,28815,100,48529773960,100,121505201724,,,,,,,,,,
2019-02-15,Z304JJGH,ST4000DM000,4000787030016,0,117,141553088,,,92,0,100,12,100,0,85,386881371,,,68,28905,100,0,,,100,12,,,,,,,,,,,,,,,,,,,,,,,,,,,,,,,100,0,100,0,100,0,100,0,100,0,69,31,100,0,100,1,96,9405,31,31,,,,,100,0,100,0,200,0,,,,,,,,,,,,,,,,,,,,,,,,,,,100,28839,100,48554241488,100,121613467477,,,,,,,,,,
2019-02-16,Z304JJGH,ST4000DM000,4000787030016,0,117,158518064,,,92,0,100,12,100,0,85,389511125,,,67,28929,100,0,,,100,12,,,,,,,,,,,,,,,,,,,,,,,,,,,,,,,100,0,100,0,100,0,100,0,100,0,69,31,100,0,100,1,96,9405,31,31,,,,,100,0,100,0,200,0,,,,,,,,,,,,,,,,,,,,,,,,,,,100,28863,100,48572196744,100,121786305942,,,,,,,,,,
2019-02-17,Z304JJGH,ST4000DM000,4000787030016,0,118,187542920,,,92,0,100,12,100,0,85,390408834,,,67,28952,100,0,,,100,12,,,,,,,,,,,,,,,,,,,,,,,,,,,,,,,100,0,100,0,100,0,100,0,100,0,69,31,100,0,100,1,96,9405,31,31,,,,,100,0,100,0,200,0,,,,,,,,,,,,,,,,,,,,,,,,,,,100,28887,100,48589750656,100,121903404605,,,,,,,,,,
2019-02-18,Z304JJGH,ST4000DM000,4000787030016,0,117,165515608,,,92,0,100,12,100,0,85,391387149,,,67,28976,100,0,,,100,12,,,,,,,,,,,,,,,,,,,,,,,,,,,,,,,100,0,100,0,100,0,100,0,100,0,68,32,100,0,100,1,96,9405,32,32,,,,,100,0,100,0,200,0,,,,,,,,,,,,,,,,,,,,,,,,,,,100,28911,100,48609068448,100,122003460329,,,,,,,,,,
2019-02-19,Z304JJGH,ST4000DM000,4000787030016,0,118,185335840,,,92,0,100,12,100,0,85,392475961,,,67,29000,100,0,,,100,12,,,,,,,,,,,,,,,,,,,,,,,,,,,,,,,100,0,100,0,100,0,100,0,100,0,68,32,100,0,100,1,96,9405,32,32,,,,,100,0,100,0,200,0,,,,,,,,,,,,,,,,,,,,,,,,,,,100,28935,100,48630110048,100,122128569709,,,,,,,,,,
2019-02-20,Z304JJGH,ST4000DM000,4000787030016,0,117,121808288,,,92,0,100,12,100,0,85,394656090,,,67,29024,100,0,,,100,12,,,,,,,,,,,,,,,,,,,,,,,,,,,,,,,100,0,100,0,100,0,100,0,100,0,69,31,100,0,100,1,96,9405,31,31,,,,,100,0,100,0,200,0,,,,,,,,,,,,,,,,,,,,,,,,,,,100,28959,100,48656764800,100,122273171313,,,,,,,,,,
2019-02-21,Z304JJGH,ST4000DM000,4000787030016,0,120,240905056,,,92,0,100,12,100,0,85,395714041,,,67,29048,100,0,,,100,12,,,,,,,,,,,,,,,,,,,,,,,,,,,,,,,100,0,100,0,100,0,100,0,100,0,69,31,100,0,100,1,96,9405,31,31,,,,,100,0,100,0,200,0,,,,,,,,,,,,,,,,,,,,,,,,,,,100,28983,100,48668546160,100,122399836828,,,,,,,,,,
2019-02-22,Z304JJGH,ST4000DM000,4000787030016,0,116,101721072,,,92,0,100,12,100,0,85,397510349,,,67,29072,100,0,,,100,12,,,,,,,,,,,,,,,,,,,,,,,,,,,,,,,100,0,100,0,100,0,100,0,100,0,68,32,100,0,100,1,96,9405,32,32,,,,,100,0,100,0,200,0,,,,,,,,,,,,,,,,,,,,,,,,,,,100,29007,100,48684972656,100,122511635946,,,,,,,,,,
2019-02-23,Z304JJGH,ST4000DM000,4000787030016,0,114,71793480,,,92,0,100,12,100,0,85,398603260,,,67,29096,100,0,,,100,12,,,,,,,,,,,,,,,,,,,,,,,,,,,,,,,100,0,100,0,100,0,100,0,100,0,68,32,100,0,100,1,96,9405,32,32,,,,,100,0,100,0,200,0,,,,,,,,,,,,,,,,,,,,,,,,,,,100,29031,100,48695497960,100,122622141598,,,,,,,,,,
2019-02-24,Z304JJGH,ST4000DM000,4000787030016,0,117,145784416,,,92,0,100,12,100,0,85,399747539,,,67,29120,100,0,,,100,12,,,,,,,,,,,,,,,,,,,,,,,,,,,,,,,100,0,100,0,100,0,100,0,100,0,69,31,100,0,100,1,96,9405,31,31,,,,,100,0,100,0,200,0,,,,,,,,,,,,,,,,,,,,,,,,,,,100,29055,100,48704932720,100,122790117881,,,,,,,,,,
2019-02-25,Z304JJGH,ST4000DM000,4000787030016,0,114,80673752,,,92,0,100,12,100,0,85,400646676,,,67,29144,100,0,,,100,12,,,,,,,,,,,,,,,,,,,,,,,,,,,,,,,100,0,100,0,100,0,100,0,100,0,69,31,100,0,100,1,96,9405,31,31,,,,,100,0,100,0,200,0,,,,,,,,,,,,,,,,,,,,,,,,,,,100,29079,100,48715050352,100,122901551703,,,,,,,,,,
2019-02-26,Z304JJGH,ST4000DM000,4000787030016,0,117,140952024,,,92,0,100,12,100,0,85,401825015,,,67,29168,100,0,,,100,12,,,,,,,,,,,,,,,,,,,,,,,,,,,,,,,100,0,100,0,100,0,100,0,100,0,69,31,100,0,100,1,96,9405,31,31,,,,,100,0,100,0,200,0,,,,,,,,,,,,,,,,,,,,,,,,,,,100,29102,100,48726871408,100,123035678247,,,,,,,,,,
2019-02-27,Z304JJGH,ST4000DM000,4000787030016,0,118,176063432,,,92,0,100,12,100,0,86,403983022,,,67,29191,100,0,,,100,12,,,,,,,,,,,,,,,,,,,,,,,,,,,,,,,100,0,100,0,100,0,100,0,100,0,69,31,100,0,100,1,96,9405,31,31,,,,,100,0,100,0,200,0,,,,,,,,,,,,,,,,,,,,,,,,,,,100,29126,100,48745721256,100,123171049365,,,,,,,,,,
2019-02-28,Z304JJGH,ST4000DM000,4000787030016,0,116,116207016,,,92,0,100,12,100,0,86,404349869,,,67,29203,100,0,,,100,12,,,,,,,,,,,,,,,,,,,,,,,,,,,,,,,100,0,100,0,100,0,100,0,100,0,69,31,100,0,100,1,96,9405,31,31,,,,,100,0,100,0,200,0,,,,,,,,,,,,,,,,,,,,,,,,,,,100,29138,100,48752524456,100,123213891957,,,,,,,,,,
2019-03-01,Z304JJGH,ST4000DM000,4000787030016,0,114,79109912,,,92,0,100,12,100,0,86,405034853,,,67,29227,100,0,,,100,12,,,,,,,,,,,,,,,,,,,,,,,,,,,,,,,100,0,100,0,100,0,100,0,100,0,69,31,100,0,100,1,96,9405,31,31,,,,,100,0,100,0,200,0,,,,,,,,,,,,,,,,,,,,,,,,,,,100,29162,100,48768864704,100,123296391574,,,,,,,,,,
2019-03-02,Z304JJGH,ST4000DM000,4000787030016,0,117,156130816,,,92,0,100,12,100,0,86,406562828,,,67,29251,100,0,,,100,12,,,,,,,,,,,,,,,,,,,,,,,,,,,,,,,100,0,100,0,100,0,100,0,100,0,69,31,100,0,100,1,96,9405,31,31,,,,,100,0,100,0,200,0,,,,,,,,,,,,,,,,,,,,,,,,,,,100,29186,100,48786034384,100,123356641678,,,,,,,,,,
2019-03-03,Z304JJGH,ST4000DM000,4000787030016,0,117,154805224,,,92,0,100,12,100,0,86,407580075,,,67,29275,100,0,,,100,12,,,,,,,,,,,,,,,,,,,,,,,,,,,,,,,100,0,100,0,100,0,100,0,100,0,69,31,100,0,100,1,96,9405,31,31,,,,,100,0,100,0,200,0,,,,,,,,,,,,,,,,,,,,,,,,,,,100,29210,100,48800312104,100,123465673929,,,,,,,,,,
2019-03-04,Z304JJGH,ST4000DM000,4000787030016,0,119,2257560,,,92,0,100,12,100,0,86,408348797,,,67,29299,100,0,,,100,12,,,,,,,,,,,,,,,,,,,,,,,,,,,,,,,100,0,100,0,100,0,100,0,100,0,69,31,100,0,100,1,96,9405,31,31,,,,,100,0,100,0,200,0,,,,,,,,,,,,,,,,,,,,,,,,,,,100,29233,100,48818522256,100,123543346205,,,,,,,,,,
2019-03-05,Z304JJGH,ST4000DM000,4000787030016,0,117,156266208,,,92,0,100,12,100,0,86,409946684,,,67,29322,100,0,,,100,12,,,,,,,,,,,,,,,,,,,,,,,,,,,,,,,100,0,100,0,100,0,100,0,100,0,69,31,100,0,100,1,96,9405,31,31,,,,,100,0,100,0,200,0,,,,,,,,,,,,,,,,,,,,,,,,,,,100,29257,100,48835120256,100,123663014427,,,,,,,,,,
2019-03-06,Z304JJGH,ST4000DM000,4000787030016,0,107,13509088,,,92,0,100,12,100,0,86,412993121,,,67,29346,100,0,,,100,12,,,,,,,,,,,,,,,,,,,,,,,,,,,,,,,100,0,100,0,100,0,100,0,100,0,69,31,100,0,100,1,96,9405,31,31,,,,,100,0,100,0,200,0,,,,,,,,,,,,,,,,,,,,,,,,,,,100,29281,100,48861023120,100,123827186681,,,,,,,,,,
2019-03-07,Z304JJGH,ST4000DM000,4000787030016,0,114,66427928,,,92,0,100,12,100,0,86,414166048,,,67,29370,100,0,,,100,12,,,,,,,,,,,,,,,,,,,,,,,,,,,,,,,100,0,100,0,100,0,100,0,100,0,69,31,100,0,100,1,96,9405,31,31,,,,,100,0,100,0,200,0,,,,,,,,,,,,,,,,,,,,,,,,,,,100,29305,100,48875156344,100,123951021905,,,,,,,,,,
2019-03-08,Z304JJGH,ST4000DM000,4000787030016,0,117,161948656,,,92,0,100,12,100,0,86,415132231,,,67,29394,100,0,,,100,12,,,,,,,,,,,,,,,,,,,,,,,,,,,,,,,100,0,100,0,100,0,100,0,100,0,69,31,100,0,100,1,96,9405,31,31,,,,,100,0,100,0,200,0,,,,,,,,,,,,,,,,,,,,,,,,,,,100,29329,100,48891115648,100,124041248945,,,,,,,,,,
2019-03-09,Z304JJGH,ST4000DM000,4000787030016,0,119,217275320,,,92,0,100,12,100,0,86,417131672,,,67,29418,100,0,,,100,12,,,,,,,,,,,,,,,,,,,,,,,,,,,,,,,100,0,100,0,100,0,100,0,100,0,68,32,100,0,100,1,96,9405,32,32,,,,,100,0,100,0,200,0,,,,,,,,,,,,,,,,,,,,,,,,,,,100,29353,100,48917920112,100,124130858832,,,,,,,,,,
2019-03-10,Z304JJGH,ST4000DM000,4000787030016,0,119,222795704,,,92,0,100,12,100,0,86,417946447,,,67,29442,100,0,,,100,12,,,,,,,,,,,,,,,,,,,,,,,,,,,,,,,100,0,100,0,100,0,100,0,100,0,69,31,100,0,100,1,96,9405,31,31,,,,,100,0,100,0,200,0,,,,,,,,,,,,,,,,,,,,,,,,,,,100,29377,100,48929537544,100,124219939538,,,,,,,,,,
2019-03-11,Z304JJGH,ST4000DM000,4000787030016,0,120,243792144,,,92,0,100,12,100,0,86,418664944,,,67,29466,100,0,,,100,12,,,,,,,,,,,,,,,,,,,,,,,,,,,,,,,100,0,100,0,100,0,100,0,100,0,69,31,100,0,100,1,96,9405,31,31,,,,,100,0,100,0,200,0,,,,,,,,,,,,,,,,,,,,,,,,,,,100,29401,100,48946608064,100,124280900529,,,,,,,,,,
2019-03-12,Z304JJGH,ST4000DM000,4000787030016,0,117,142064928,,,92,0,100,12,100,0,86,419657227,,,67,29490,100,0,,,100,12,,,,,,,,,,,,,,,,,,,,,,,,,,,,,,,100,0,100,0,100,0,100,0,100,0,68,32,100,0,100,1,96,9405,32,32,,,,,100,0,100,0,200,0,,,,,,,,,,,,,,,,,,,,,,,,,,,100,29425,100,48969560808,100,124393930004,,,,,,,,,,
2019-03-13,Z304JJGH,ST4000DM000,4000787030016,0,119,231283024,,,92,0,100,12,100,0,86,422426552,,,67,29526,100,0,,,100,12,,,,,,,,,,,,,,,,,,,,,,,,,,,,,,,100,0,100,0,100,0,100,0,100,0,70,30,100,0,100,1,96,9405,30,30,,,,,100,0,100,0,200,0,,,,,,,,,,,,,,,,,,,,,,,,,,,100,29461,100,48998871976,100,124577686357,,,,,,,,,,
2019-03-14,Z304JJGH,ST4000DM000,4000787030016,0,111,36822960,,,92,0,100,12,100,0,86,423282390,,,67,29550,100,0,,,100,12,,,,,,,,,,,,,,,,,,,,,,,,,,,,,,,100,0,100,0,100,0,100,0,100,0,70,30,100,0,100,1,96,9405,30,30,,,,,100,0,100,0,200,0,,,,,,,,,,,,,,,,,,,,,,,,,,,100,29484,100,49014529888,100,124692201766,,,,,,,,,,
2019-03-15,Z304JJGH,ST4000DM000,4000787030016,0,118,200414024,,,92,0,100,12,100,0,86,425274727,,,67,29573,100,0,,,100,12,,,,,,,,,,,,,,,,,,,,,,,,,,,,,,,100,0,100,0,100,0,100,0,100,0,70,30,100,0,100,1,96,9405,30,30,,,,,100,0,100,0,200,0,,,,,,,,,,,,,,,,,,,,,,,,,,,100,29508,100,49037270088,100,124787332084,,,,,,,,,,
2019-03-16,Z304JJGH,ST4000DM000,4000787030016,0,114,60754768,,,92,0,100,12,100,0,86,426566843,,,67,29597,100,0,,,100,12,,,,,,,,,,,,,,,,,,,,,,,,,,,,,,,100,0,100,0,100,0,100,0,100,0,70,30,100,0,100,1,96,9405,30,30,,,,,100,0,100,0,200,0,,,,,,,,,,,,,,,,,,,,,,,,,,,100,29532,100,49058009592,100,124868796630,,,,,,,,,,
2019-03-17,Z304JJGH,ST4000DM000,4000787030016,0,117,143984768,,,92,0,100,12,100,0,86,428738073,,,67,29621,100,0,,,100,12,,,,,,,,,,,,,,,,,,,,,,,,,,,,,,,100,0,100,0,100,0,100,0,100,0,70,30,100,0,100,1,96,9405,30,30,,,,,100,0,100,0,200,0,,,,,,,,,,,,,,,,,,,,,,,,,,,100,29556,100,49081818232,100,124981975940,,,,,,,,,,
2019-03-18,Z304JJGH,ST4000DM000,4000787030016,0,116,107444688,,,92,0,100,12,100,0,86,429568627,,,67,29645,100,0,,,100,12,,,,,,,,,,,,,,,,,,,,,,,,,,,,,,,100,0,100,0,100,0,100,0,100,0,70,30,100,0,100,1,96,9405,30,30,,,,,100,0,100,0,200,0,,,,,,,,,,,,,,,,,,,,,,,,,,,100,29580,100,49098839336,100,125104213381,,,,,,,,,,
2019-03-19,Z304JJGH,ST4000DM000,4000787030016,0,111,39438184,,,92,0,100,12,100,0,86,430355527,,,67,29669,100,0,,,100,12,,,,,,,,,,,,,,,,,,,,,,,,,,,,,,,100,0,100,0,100,0,100,0,100,0,69,31,100,0,100,1,96,9405,31,31,,,,,100,0,100,0,200,0,,,,,,,,,,,,,,,,,,,,,,,,,,,100,29604,100,49114515040,100,125207334597,,,,,,,,,,
2019-03-20,Z304JJGH,ST4000DM000,4000787030016,0,119,217701456,,,92,0,100,12,100,0,86,432269249,,,67,29693,100,0,,,100,12,,,,,,,,,,,,,,,,,,,,,,,,,,,,,,,100,0,100,0,100,0,100,0,100,0,69,31,100,0,100,1,96,9405,31,31,,,,,100,0,100,0,200,0,,,,,,,,,,,,,,,,,,,,,,,,,,,100,29628,100,49141881808,100,125304613137,,,,,,,,,,
2019-03-21,Z304JJGH,ST4000DM000,4000787030016,0,116,101668624,,,92,0,100,12,100,0,86,433013468,,,67,29717,100,0,,,100,12,,,,,,,,,,,,,,,,,,,,,,,,,,,,,,,100,0,100,0,100,0,100,0,100,0,69,31,100,0,100,1,96,9405,31,31,,,,,100,0,100,0,200,0,,,,,,,,,,,,,,,,,,,,,,,,,,,100,29651,100,49171022312,100,125362633077,,,,,,,,,,
2019-03-22,Z304JJGH,ST4000DM000,4000787030016,0,115,85396256,,,92,0,100,12,100,0,86,434563611,,,67,29741,100,0,,,100,12,,,,,,,,,,,,,,,,,,,,,,,,,,,,,,,100,0,100,0,100,0,100,0,100,0,70,30,100,0,100,1,96,9405,30,30,,,,,100,0,100,0,200,0,,,,,,,,,,,,,,,,,,,,,,,,,,,100,29675,100,49191770408,100,125457124547,,,,,,,,,,
2019-03-23,Z304JJGH,ST4000DM000,4000787030016,0,119,225504168,,,92,0,100,12,100,0,86,435625490,,,67,29764,100,0,,,100,12,,,,,,,,,,,,,,,,,,,,,,,,,,,,,,,100,0,100,0,100,0,100,0,100,0,69,31,100,0,100,1,96,9405,31,31,,,,,100,0,100,0,200,0,,,,,,,,,,,,,,,,,,,,,,,,,,,100,29699,100,49226668104,100,125545124027,,,,,,,,,,
2019-03-24,Z304JJGH,ST4000DM000,4000787030016,0,111,36042800,,,92,0,100,12,100,0,86,436420067,,,66,29788,100,0,,,100,12,,,,,,,,,,,,,,,,,,,,,,,,,,,,,,,100,0,100,0,100,0,100,0,100,0,70,30,100,0,100,1,96,9405,30,30,,,,,100,0,100,0,200,0,,,,,,,,,,,,,,,,,,,,,,,,,,,100,29723,100,49254719624,100,125644388257,,,,,,,,,,
2019-03-25,Z304JJGH,ST4000DM000,4000787030016,0,116,112916184,,,92,0,100,12,100,0,86,437214231,,,66,29812,100,0,,,100,12,,,,,,,,,,,,,,,,,,,,,,,,,,,,,,,100,0,100,0,100,0,100,0,100,0,70,30,100,0,100,1,96,9405,30,30,,,,,100,0,100,0,200,0,,,,,,,,,,,,,,,,,,,,,,,,,,,100,29747,100,49278108256,100,125740197926,,,,,,,,,,
2019-03-26,Z304JJGH,ST4000DM000,4000787030016,0,119,212588768,,,92,0,100,12,100,0,86,438170984,,,66,29836,100,0,,,100,12,,,,,,,,,,,,,,,,,,,,,,,,,,,,,,,100,0,100,0,100,0,100,0,100,0,70,30,100,0,100,1,96,9405,30,30,,,,,100,0,100,0,200,0,,,,,,,,,,,,,,,,,,,,,,,,,,,100,29771,100,49305468984,100,125852485883,,,,,,,,,,
2019-03-27,Z304JJGH,ST4000DM000,4000787030016,0,117,151858296,,,92,0,100,12,100,0,86,440272789,,,66,29860,100,0,,,100,12,,,,,,,,,,,,,,,,,,,,,,,,,,,,,,,100,0,100,0,100,0,100,0,100,0,70,30,100,0,100,1,96,9405,30,30,,,,,100,0,100,0,200,0,,,,,,,,,,,,,,,,,,,,,,,,,,,100,29795,100,49329685160,100,126002036408,,,,,,,,,,
2019-03-28,Z304JJGH,ST4000DM000,4000787030016,0,119,211460568,,,92,0,100,12,100,0,86,441038137,,,66,29884,100,0,,,100,12,,,,,,,,,,,,,,,,,,,,,,,,,,,,,,,100,0,100,0,100,0,100,0,100,0,70,30,100,0,100,1,96,9405,30,30,,,,,100,0,100,0,200,0,,,,,,,,,,,,,,,,,,,,,,,,,,,100,29819,100,49345912848,100,126131005966,,,,,,,,,,
2019-03-29,Z304JJGH,ST4000DM000,4000787030016,0,119,220795896,,,92,0,100,12,100,0,86,442617915,,,66,29908,100,0,,,100,12,,,,,,,,,,,,,,,,,,,,,,,,,,,,,,,100,0,100,0,100,0,100,0,100,0,70,30,100,0,100,1,96,9405,30,30,,,,,100,0,100,0,200,0,,,,,,,,,,,,,,,,,,,,,,,,,,,100,29843,100,49364130680,100,126255025742,,,,,,,,,,
2019-03-30,Z304JJGH,ST4000DM000,4000787030016,0,118,181165360,,,92,0,100,12,100,0,86,443769142,,,66,29932,100,0,,,100,12,,,,,,,,,,,,,,,,,,,,,,,,,,,,,,,100,0,100,0,100,0,100,0,100,0,69,31,100,0,100,1,96,9405,31,31,,,,,100,0,100,0,200,0,,,,,,,,,,,,,,,,,,,,,,,,,,,100,29867,100,49383154672,100,126424268222,,,,,,,,,,
2019-03-31,Z304JJGH,ST4000DM000,4000787030016,0,114,75471488,,,92,0,100,12,100,0,86,444575168,,,66,29956,100,0,,,100,12,,,,,,,,,,,,,,,,,,,,,,,,,,,,,,,100,0,100,0,100,0,100,0,100,0,70,30,100,0,100,1,96,9405,30,30,,,,,100,0,100,0,200,0,,,,,,,,,,,,,,,,,,,,,,,,,,,100,29890,100,49419007680,100,126616772692,,,,,,,,,,
2019-04-01,Z304JJGH,ST4000DM000,4000787030016,0,115,94165952,,,92,0,100,12,100,0,86,445305708,,,66,29979,100,0,,,100,12,,,,,,,,,,,,,,,,,,,,,,,,,,,,,,,100,0,100,0,100,0,100,0,100,0,70,30,100,0,100,1,96,9405,30,30,,,,,100,0,100,0,200,0,,,,,,,,,,,,,,,,,,,,,,,,,,,100,29914,100,49446567216,100,126801018585,,,,,,,,,,
2019-04-02,Z304JJGH,ST4000DM000,4000787030016,0,119,233104256,,,92,0,100,12,100,0,86,446057732,,,66,30003,100,0,,,100,12,,,,,,,,,,,,,,,,,,,,,,,,,,,,,,,100,0,100,0,100,0,100,0,100,0,70,30,100,0,100,1,96,9405,30,30,,,,,100,0,100,0,200,0,,,,,,,,,,,,,,,,,,,,,,,,,,,100,29938,100,49467545880,100,126984640740,,,,,,,,,,
2019-04-03,Z304JJGH,ST4000DM000,4000787030016,0,116,101710976,,,92,0,100,12,100,0,86,449456459,,,66,30027,100,0,,,100,12,,,,,,,,,,,,,,,,,,,,,,,,,,,,,,,100,0,100,0,100,0,100,0,100,0,70,30,100,0,100,1,96,9405,30,30,,,,,100,0,100,0,200,0,,,,,,,,,,,,,,,,,,,,,,,,,,,100,29962,100,49499813240,100,127188792500,,,,,,,,,,
2019-04-04,Z304JJGH,ST4000DM000,4000787030016,0,108,18203952,,,92,0,100,12,100,0,86,450704162,,,66,30051,100,0,,,100,12,,,,,,,,,,,,,,,,,,,,,,,,,,,,,,,100,0,100,0,100,0,100,0,100,0,70,30,100,0,100,1,96,9405,30,30,,,,,100,0,100,0,200,0,,,,,,,,,,,,,,,,,,,,,,,,,,,100,29986,100,49531706752,100,127372038376,,,,,,,,,,
2019-04-05,Z304JJGH,ST4000DM000,4000787030016,0,119,213921344,,,92,0,100,12,100,0,86,452262777,,,66,30075,100,0,,,100,12,,,,,,,,,,,,,,,,,,,,,,,,,,,,,,,100,0,100,0,100,0,100,0,100,0,70,30,100,0,100,1,96,9405,30,30,,,,,100,0,100,0,200,0,,,,,,,,,,,,,,,,,,,,,,,,,,,100,30010,100,49549017288,100,127500419855,,,,,,,,,,
2019-04-06,Z304JJGH,ST4000DM000,4000787030016,0,119,209516368,,,92,0,100,12,100,0,86,453690096,,,66,30099,100,0,,,100,12,,,,,,,,,,,,,,,,,,,,,,,,,,,,,,,100,0,100,0,100,0,100,0,100,0,70,30,100,0,100,1,96,9405,30,30,,,,,100,0,100,0,200,0,,,,,,,,,,,,,,,,,,,,,,,,,,,100,30034,100,49566972744,100,127673294630,,,,,,,,,,
2019-04-07,Z304JJGH,ST4000DM000,4000787030016,0,120,241683224,,,92,0,100,12,100,0,86,454558049,,,66,30123,100,0,,,100,12,,,,,,,,,,,,,,,,,,,,,,,,,,,,,,,100,0,100,0,100,0,100,0,100,0,70,30,100,0,100,1,96,9405,30,30,,,,,100,0,100,0,200,0,,,,,,,,,,,,,,,,,,,,,,,,,,,100,30057,100,49577457480,100,127820519129,,,,,,,,,,
2019-04-08,Z304JJGH,ST4000DM000,4000787030016,0,117,166183048,,,92,0,100,12,100,0,86,455764079,,,66,30147,100,0,,,100,12,,,,,,,,,,,,,,,,,,,,,,,,,,,,,,,100,0,100,0,100,0,100,0,100,0,70,30,100,0,100,1,96,9405,30,30,,,,,100,0,100,0,200,0,,,,,,,,,,,,,,,,,,,,,,,,,,,100,30081,100,49587468576,100,127980888184,,,,,,,,,,
2019-04-09,Z304JJGH,ST4000DM000,4000787030016,0,117,155565576,,,92,0,100,12,100,0,86,457070399,,,66,30170,100,0,,,100,12,,,,,,,,,,,,,,,,,,,,,,,,,,,,,,,100,0,100,0,100,0,100,0,100,0,70,30,100,0,100,1,96,9405,30,30,,,,,100,0,100,0,200,0,,,,,,,,,,,,,,,,,,,,,,,,,,,100,30105,100,49597502936,100,128129092755,,,,,,,,,,
2019-04-10,Z304JJGH,ST4000DM000,4000787030016,0,114,81260208,,,92,0,100,12,100,0,86,459403685,,,66,30194,100,0,,,100,12,,,,,,,,,,,,,,,,,,,,,,,,,,,,,,,100,0,100,0,100,0,100,0,100,0,70,30,100,0,100,1,96,9405,30,30,,,,,100,0,100,0,200,0,,,,,,,,,,,,,,,,,,,,,,,,,,,100,30129,100,49622328240,100,128291925075,,,,,,,,,,
2019-04-11,Z304JJGH,ST4000DM000,4000787030016,0,115,99690688,,,92,0,100,12,100,0,86,460242391,,,66,30218,100,0,,,100,12,,,,,,,,,,,,,,,,,,,,,,,,,,,,,,,100,0,100,0,100,0,100,0,100,0,70,30,100,0,100,1,96,9405,30,30,,,,,100,0,100,0,200,0,,,,,,,,,,,,,,,,,,,,,,,,,,,100,30153,100,49636590384,100,128437735399,,,,,,,,,,
2019-04-12,Z304JJGH,ST4000DM000,4000787030016,0,117,147615736,,,92,0,100,12,100,0,86,461434840,,,66,30242,100,0,,,100,12,,,,,,,,,,,,,,,,,,,,,,,,,,,,,,,100,0,100,0,100,0,100,0,100,0,70,30,100,0,100,1,96,9405,30,30,,,,,100,0,100,0,200,0,,,,,,,,,,,,,,,,,,,,,,,,,,,100,30176,100,49646312616,100,128556162110,,,,,,,,,,
2019-04-13,Z304JJGH,ST4000DM000,4000787030016,0,119,233298904,,,92,0,100,12,100,0,86,462964698,,,66,30265,100,0,,,100,12,,,,,,,,,,,,,,,,,,,,,,,,,,,,,,,100,0,100,0,100,0,100,0,100,0,70,30,100,0,100,1,96,9405,30,30,,,,,100,0,100,0,200,0,,,,,,,,,,,,,,,,,,,,,,,,,,,100,30200,100,49660886672,100,128680748071,,,,,,,,,,
2019-04-14,Z304JJGH,ST4000DM000,4000787030016,0,117,161328824,,,92,0,100,12,100,0,86,464074574,,,66,30289,100,0,,,100,12,,,,,,,,,,,,,,,,,,,,,,,,,,,,,,,100,0,100,0,100,0,100,0,100,0,70,30,100,0,100,1,96,9405,30,30,,,,,100,0,100,0,200,0,,,,,,,,,,,,,,,,,,,,,,,,,,,100,30224,100,49671250040,100,128829423315,,,,,,,,,,
2019-04-15,Z304JJGH,ST4000DM000,4000787030016,0,115,89561488,,,92,0,100,12,100,0,86,464882709,,,66,30313,100,0,,,100,12,,,,,,,,,,,,,,,,,,,,,,,,,,,,,,,100,0,100,0,100,0,100,0,100,0,70,30,100,0,100,1,96,9405,30,30,,,,,100,0,100,0,200,0,,,,,,,,,,,,,,,,,,,,,,,,,,,100,30248,100,49683612400,100,128931595912,,,,,,,,,,
2019-04-16,Z304JJGH,ST4000DM000,4000787030016,0,117,143236448,,,92,0,100,12,100,0,86,467377434,,,66,30337,100,0,,,100,12,,,,,,,,,,,,,,,,,,,,,,,,,,,,,,,100,0,100,0,100,0,100,0,100,0,69,31,100,0,100,1,96,9405,31,31,,,,,100,0,100,0,200,0,,,,,,,,,,,,,,,,,,,,,,,,,,,100,30271,100,49703491032,100,129059616167,,,,,,,,,,
2019-04-17,Z304JJGH,ST4000DM000,4000787030016,0,117,133847720,,,92,0,100,12,100,0,86,469414741,,,66,30361,100,0,,,100,12,,,,,,,,,,,,,,,,,,,,,,,,,,,,,,,100,0,100,0,100,0,100,0,100,0,69,31,100,0,100,1,96,9405,31,31,,,,,100,0,100,0,200,0,,,,,,,,,,,,,,,,,,,,,,,,,,,100,30295,100,49721147912,100,129188549700,,,,,,,,,,
2019-04-18,Z304JJGH,ST4000DM000,4000787030016,0,120,236123528,,,92,0,100,12,100,0,87,470402322,,,66,30384,100,0,,,100,12,,,,,,,,,,,,,,,,,,,,,,,,,,,,,,,100,0,100,0,100,0,100,0,100,0,70,30,100,0,100,1,96,9405,30,30,,,,,100,0,100,0,200,0,,,,,,,,,,,,,,,,,,,,,,,,,,,100,30319,100,49741819104,100,129316624176,,,,,,,,,,
2019-04-19,Z304JJGH,ST4000DM000,4000787030016,0,119,229294104,,,92,0,100,12,100,0,87,471740414,,,66,30408,100,0,,,100,12,,,,,,,,,,,,,,,,,,,,,,,,,,,,,,,100,0,100,0,100,0,100,0,100,0,70,30,100,0,100,1,96,9405,30,30,,,,,100,0,100,0,200,0,,,,,,,,,,,,,,,,,,,,,,,,,,,100,30343,100,49782300736,100,129444323958,,,,,,,,,,
2019-04-20,Z304JJGH,ST4000DM000,4000787030016,0,112,50146784,,,92,0,100,12,100,0,87,473501079,,,66,30432,100,0,,,100,12,,,,,,,,,,,,,,,,,,,,,,,,,,,,,,,100,0,100,0,100,0,100,0,100,0,69,31,100,0,100,1,96,9405,31,31,,,,,100,0,100,0,200,0,,,,,,,,,,,,,,,,,,,,,,,,,,,100,30367,100,49800017632,100,129566226752,,,,,,,,,,
2019-04-21,Z304JJGH,ST4000DM000,4000787030016,0,114,61351504,,,92,0,100,12,100,0,87,474773798,,,66,30456,100,0,,,100,12,,,,,,,,,,,,,,,,,,,,,,,,,,,,,,,100,0,100,0,100,0,100,0,100,0,69,31,100,0,100,1,96,9405,31,31,,,,,100,0,100,0,200,0,,,,,,,,,,,,,,,,,,,,,,,,,,,100,30391,100,49820443792,100,129722749218,,,,,,,,,,
2019-04-22,Z304JJGH,ST4000DM000,4000787030016,0,117,145599136,,,92,0,100,12,100,0,87,476072283,,,66,30480,100,0,,,100,12,,,,,,,,,,,,,,,,,,,,,,,,,,,,,,,100,0,100,0,100,0,100,0,100,0,70,30,100,0,100,1,96,9405,30,30,,,,,100,0,100,0,200,0,,,,,,,,,,,,,,,,,,,,,,,,,,,100,30415,100,49855276816,100,129849072321,,,,,,,,,,
2019-04-23,Z304JJGH,ST4000DM000,4000787030016,0,119,225735064,,,92,0,100,12,100,0,87,477223450,,,66,30504,100,0,,,100,12,,,,,,,,,,,,,,,,,,,,,,,,,,,,,,,100,0,100,0,100,0,100,0,100,0,70,30,100,0,100,1,96,9405,30,30,,,,,100,0,100,0,200,0,,,,,,,,,,,,,,,,,,,,,,,,,,,100,30438,100,49882220040,100,129972507423,,,,,,,,,,
2019-04-24,Z304JJGH,ST4000DM000,4000787030016,0,117,117781176,,,92,0,100,12,100,0,87,479234944,,,66,30527,100,0,,,100,12,,,,,,,,,,,,,,,,,,,,,,,,,,,,,,,100,0,100,0,100,0,100,0,100,0,70,30,100,0,100,1,96,9405,30,30,,,,,100,0,100,0,200,0,,,,,,,,,,,,,,,,,,,,,,,,,,,100,30462,100,49908191040,100,130073294241,,,,,,,,,,
2019-04-25,Z304JJGH,ST4000DM000,4000787030016,0,112,47195568,,,92,0,100,12,100,0,87,480274618,,,66,30563,100,0,,,100,12,,,,,,,,,,,,,,,,,,,,,,,,,,,,,,,100,0,100,0,100,0,100,0,100,0,70,30,100,0,100,1,96,9405,30,30,,,,,100,0,100,0,200,0,,,,,,,,,,,,,,,,,,,,,,,,,,,100,30497,100,49940035912,100,130201022300,,,,,,,,,,
2019-04-26,Z304JJGH,ST4000DM000,4000787030016,0,111,32277920,,,92,0,100,12,100,0,87,482070717,,,66,30586,100,0,,,100,12,,,,,,,,,,,,,,,,,,,,,,,,,,,,,,,100,0,100,0,100,0,100,0,100,0,70,30,100,0,100,1,96,9405,30,30,,,,,100,0,100,0,200,0,,,,,,,,,,,,,,,,,,,,,,,,,,,100,30521,100,49968226016,100,130268114543,,,,,,,,,,
2019-04-27,Z304JJGH,ST4000DM000,4000787030016,0,116,106457016,,,92,0,100,12,100,0,87,483223645,,,66,30610,100,0,,,100,12,,,,,,,,,,,,,,,,,,,,,,,,,,,,,,,100,0,100,0,100,0,100,0,100,0,69,31,100,0,100,1,96,9405,31,31,,,,,100,0,100,0,200,0,,,,,,,,,,,,,,,,,,,,,,,,,,,100,30545,100,49991979808,100,130387159408,,,,,,,,,,
2019-04-28,Z304JJGH,ST4000DM000,4000787030016,0,117,129729840,,,92,0,100,12,100,0,87,485565322,,,66,30634,100,0,,,100,12,,,,,,,,,,,,,,,,,,,,,,,,,,,,,,,100,0,100,0,100,0,100,0,100,0,70,30,100,0,100,1,96,9405,30,30,,,,,100,0,100,0,200,0,,,,,,,,,,,,,,,,,,,,,,,,,,,100,30569,100,50020428320,100,130480728646,,,,,,,,,,
2019-04-29,Z304JJGH,ST4000DM000,4000787030016,0,115,84319896,,,92,0,100,12,100,0,87,486643948,,,66,30657,100,0,,,100,12,,,,,,,,,,,,,,,,,,,,,,,,,,,,,,,100,0,100,0,100,0,100,0,100,0,69,31,100,0,100,1,96,9405,31,31,,,,,100,0,100,0,200,0,,,,,,,,,,,,,,,,,,,,,,,,,,,100,30592,100,50041394352,100,130593214158,,,,,,,,,,
2019-04-30,Z304JJGH,ST4000DM000,4000787030016,0,115,89176264,,,92,0,100,12,100,0,87,487682658,,,65,30681,100,0,,,100,12,,,,,,,,,,,,,,,,,,,,,,,,,,,,,,,100,0,100,0,100,0,100,0,100,0,70,30,100,0,100,1,96,9405,30,30,,,,,100,0,100,0,200,0,,,,,,,,,,,,,,,,,,,,,,,,,,,100,30616,100,50065728160,100,130715249412,,,,,,,,,,
2019-05-01,Z304JJGH,ST4000DM000,4000787030016,0,115,86475440,,,92,0,100,12,100,0,87,489448464,,,65,30693,100,0,,,100,12,,,,,,,,,,,,,,,,,,,,,,,,,,,,,,,100,0,100,0,100,0,100,0,100,0,69,31,100,0,100,1,96,9405,31,31,,,,,100,0,100,0,200,0,,,,,,,,,,,,,,,,,,,,,,,,,,,100,30628,100,50081193264,100,130792417381,,,,,,,,,,
2019-05-02,Z304JJGH,ST4000DM000,4000787030016,0,118,196949296,,,92,0,100,12,100,0,87,490530264,,,65,30717,100,0,,,100,12,,,,,,,,,,,,,,,,,,,,,,,,,,,,,,,100,0,100,0,100,0,100,0,100,0,70,30,100,0,100,1,96,9405,30,30,,,,,100,0,100,0,200,0,,,,,,,,,,,,,,,,,,,,,,,,,,,100,30651,100,50089825520,100,130942184619,,,,,,,,,,
2019-05-03,Z304JJGH,ST4000DM000,4000787030016,0,114,72645904,,,92,0,100,12,100,0,87,491496736,,,65,30740,100,0,,,100,12,,,,,,,,,,,,,,,,,,,,,,,,,,,,,,,100,0,100,0,100,0,100,0,100,0,69,31,100,0,100,1,96,9405,31,31,,,,,100,0,100,0,200,0,,,,,,,,,,,,,,,,,,,,,,,,,,,100,30675,100,50106894656,100,131033748875,,,,,,,,,,
2019-05-04,Z304JJGH,ST4000DM000,4000787030016,0,119,232290840,,,92,0,100,12,100,0,87,493494583,,,65,30764,100,0,,,100,12,,,,,,,,,,,,,,,,,,,,,,,,,,,,,,,100,0,100,0,100,0,100,0,100,0,69,31,100,0,100,1,96,9405,31,31,,,,,100,0,100,0,200,0,,,,,,,,,,,,,,,,,,,,,,,,,,,100,30699,100,50130241216,100,131128611482,,,,,,,,,,
2019-05-05,Z304JJGH,ST4000DM000,4000787030016,0,114,62858400,,,92,0,100,12,100,0,87,494294884,,,65,30788,100,0,,,100,12,,,,,,,,,,,,,,,,,,,,,,,,,,,,,,,100,0,100,0,100,0,100,0,100,0,69,31,100,0,100,1,96,9405,31,31,,,,,100,0,100,0,200,0,,,,,,,,,,,,,,,,,,,,,,,,,,,100,30723,100,50144800544,100,131207360530,,,,,,,,,,
2019-05-06,Z304JJGH,ST4000DM000,4000787030016,0,117,124375120,,,92,0,100,12,100,0,87,494965867,,,65,30812,100,0,,,100,12,,,,,,,,,,,,,,,,,,,,,,,,,,,,,,,100,0,100,0,100,0,100,0,100,0,70,30,100,0,100,1,96,9405,30,30,,,,,100,0,100,0,200,0,,,,,,,,,,,,,,,,,,,,,,,,,,,100,30747,100,50152812952,100,131275246679,,,,,,,,,,
2019-05-07,Z304JJGH,ST4000DM000,4000787030016,0,119,220868208,,,92,0,100,12,100,0,87,495892569,,,65,30836,100,0,,,100,12,,,,,,,,,,,,,,,,,,,,,,,,,,,,,,,100,0,100,0,100,0,100,0,100,0,69,31,100,0,100,1,96,9405,31,31,,,,,100,0,100,0,200,0,,,,,,,,,,,,,,,,,,,,,,,,,,,100,30771,100,50164771576,100,131393613429,,,,,,,,,,
2019-05-08,Z304JJGH,ST4000DM000,4000787030016,0,117,147852680,,,92,0,100,12,100,0,87,498067865,,,65,30860,100,0,,,100,12,,,,,,,,,,,,,,,,,,,,,,,,,,,,,,,100,0,100,0,100,0,100,0,100,0,70,30,100,0,100,1,96,9405,30,30,,,,,100,0,100,0,200,0,,,,,,,,,,,,,,,,,,,,,,,,,,,100,30795,100,50180426752,100,131510022491,,,,,,,,,,
2019-05-09,Z304JJGH,ST4000DM000,4000787030016,0,117,167286944,,,92,0,100,12,100,0,87,499584686,,,65,30884,100,0,,,100,12,,,,,,,,,,,,,,,,,,,,,,,,,,,,,,,100,0,100,0,100,0,100,0,100,0,69,31,100,0,100,1,96,9405,31,31,,,,,100,0,100,0,200,0,,,,,,,,,,,,,,,,,,,,,,,,,,,100,30819,100,50193849352,100,131639575447,,,,,,,,,,
2019-05-10,Z304JJGH,ST4000DM000,4000787030016,0,113,57666216,,,92,0,100,12,100,0,87,500644755,,,65,30908,100,0,,,100,12,,,,,,,,,,,,,,,,,,,,,,,,,,,,,,,100,0,100,0,100,0,100,0,100,0,69,31,100,0,100,1,96,9405,31,31,,,,,100,0,100,0,200,0,,,,,,,,,,,,,,,,,,,,,,,,,,,100,30843,100,50208707512,100,131712778681,,,,,,,,,,
2019-05-11,Z304JJGH,ST4000DM000,4000787030016,0,118,192736912,,,92,0,100,12,100,0,87,502912573,,,65,30932,100,0,,,100,12,,,,,,,,,,,,,,,,,,,,,,,,,,,,,,,100,0,100,0,100,0,100,0,100,0,69,31,100,0,100,1,96,9405,31,31,,,,,100,0,100,0,200,0,,,,,,,,,,,,,,,,,,,,,,,,,,,100,30867,100,50226611168,100,131788585515,,,,,,,,,,
2019-05-12,Z304JJGH,ST4000DM000,4000787030016,0,110,28369808,,,92,0,100,12,100,0,87,503666755,,,65,30956,100,0,,,100,12,,,,,,,,,,,,,,,,,,,,,,,,,,,,,,,100,0,100,0,100,0,100,0,100,0,69,31,100,0,100,1,96,9405,31,31,,,,,100,0,100,0,200,0,,,,,,,,,,,,,,,,,,,,,,,,,,,100,30891,100,50237594232,100,131910372214,,,,,,,,,,
2019-05-13,Z304JJGH,ST4000DM000,4000787030016,0,119,202375144,,,92,0,100,12,100,0,87,504300856,,,65,30980,100,0,,,100,12,,,,,,,,,,,,,,,,,,,,,,,,,,,,,,,100,0,100,0,100,0,100,0,100,0,69,31,100,0,100,1,96,9405,31,31,,,,,100,0,100,0,200,0,,,,,,,,,,,,,,,,,,,,,,,,,,,100,30914,100,50245075016,100,132008995327,,,,,,,,,,
2019-05-14,Z304JJGH,ST4000DM000,4000787030016,0,119,203005888,,,92,0,100,12,100,0,87,504875193,,,65,31003,100,0,,,100,12,,,,,,,,,,,,,,,,,,,,,,,,,,,,,,,100,0,100,0,100,0,100,0,100,0,69,31,100,0,100,1,96,9405,31,31,,,,,100,0,100,0,200,0,,,,,,,,,,,,,,,,,,,,,,,,,,,100,30938,100,50260255800,100,132076563357,,,,,,,,,,
2019-05-15,Z304JJGH,ST4000DM000,4000787030016,0,117,120356000,,,92,0,100,12,100,0,87,507066038,,,65,31039,100,0,,,100,12,,,,,,,,,,,,,,,,,,,,,,,,,,,,,,,100,0,100,0,100,0,100,0,100,0,70,30,100,0,100,1,96,9405,30,30,,,,,100,0,100,0,200,0,,,,,,,,,,,,,,,,,,,,,,,,,,,100,30974,100,50298136992,100,132200751186,,,,,,,,,,
2019-05-16,Z304JJGH,ST4000DM000,4000787030016,0,118,172647904,,,92,0,100,12,100,0,87,507874762,,,65,31063,100,0,,,100,12,,,,,,,,,,,,,,,,,,,,,,,,,,,,,,,100,0,100,0,100,0,100,0,100,0,70,30,100,0,100,1,96,9405,30,30,,,,,100,0,100,0,200,0,,,,,,,,,,,,,,,,,,,,,,,,,,,100,30998,100,50311315704,100,132315199456,,,,,,,,,,
2019-05-17,Z304JJGH,ST4000DM000,4000787030016,0,117,166541184,,,92,0,100,12,100,0,87,509566066,,,65,31087,100,0,,,100,12,,,,,,,,,,,,,,,,,,,,,,,,,,,,,,,100,0,100,0,100,0,100,0,100,0,69,31,100,0,100,1,96,9405,31,31,,,,,100,0,100,0,200,0,,,,,,,,,,,,,,,,,,,,,,,,,,,100,31022,100,50327423352,100,132411741121,,,,,,,,,,
2019-05-18,Z304JJGH,ST4000DM000,4000787030016,0,119,228636632,,,92,0,100,12,100,0,87,510998216,,,65,31111,100,0,,,100,12,,,,,,,,,,,,,,,,,,,,,,,,,,,,,,,100,0,100,0,100,0,100,0,100,0,70,30,100,0,100,1,96,9405,30,30,,,,,100,0,100,0,200,0,,,,,,,,,,,,,,,,,,,,,,,,,,,100,31046,100,50345043456,100,132490009749,,,,,,,,,,
2019-05-19,Z304JJGH,ST4000DM000,4000787030016,0,119,225101576,,,92,0,100,12,100,0,87,511925707,,,65,31135,100,0,,,100,12,,,,,,,,,,,,,,,,,,,,,,,,,,,,,,,100,0,100,0,100,0,100,0,100,0,69,31,100,0,100,1,96,9405,31,31,,,,,100,0,100,0,200,0,,,,,,,,,,,,,,,,,,,,,,,,,,,100,31070,100,50359607568,100,132617962610,,,,,,,,,,
2019-05-20,Z304JJGH,ST4000DM000,4000787030016,0,112,49919696,,,92,0,100,12,100,0,87,513017034,,,65,31159,100,0,,,100,12,,,,,,,,,,,,,,,,,,,,,,,,,,,,,,,100,0,100,0,100,0,100,0,100,0,70,30,100,0,100,1,96,9405,30,30,,,,,100,0,100,0,200,0,,,,,,,,,,,,,,,,,,,,,,,,,,,100,31094,100,50377796672,100,132760001969,,,,,,,,,,
2019-05-21,Z304JJGH,ST4000DM000,4000787030016,0,118,177328056,,,92,0,100,12,100,0,87,513659829,,,65,31183,100,0,,,100,12,,,,,,,,,,,,,,,,,,,,,,,,,,,,,,,100,0,100,0,100,0,100,0,100,0,69,31,100,0,100,1,96,9405,31,31,,,,,100,0,100,0,200,0,,,,,,,,,,,,,,,,,,,,,,,,,,,100,31118,100,50391268816,100,132922616435,,,,,,,,,,
2019-05-22,Z304JJGH,ST4000DM000,4000787030016,0,111,38454144,,,92,0,100,12,100,0,87,515146757,,,65,31195,100,0,,,100,12,,,,,,,,,,,,,,,,,,,,,,,,,,,,,,,100,0,100,0,100,0,100,0,100,0,70,30,100,0,100,1,96,9405,30,30,,,,,100,0,100,0,200,0,,,,,,,,,,,,,,,,,,,,,,,,,,,100,31130,100,50405867888,100,133038936563,,,,,,,,,,
2019-05-23,Z304JJGH,ST4000DM000,4000787030016,0,118,170697168,,,92,0,100,12,100,0,87,516108396,,,65,31219,100,0,,,100,12,,,,,,,,,,,,,,,,,,,,,,,,,,,,,,,100,0,100,0,100,0,100,0,100,0,69,31,100,0,100,1,96,9405,31,31,,,,,100,0,100,0,200,0,,,,,,,,,,,,,,,,,,,,,,,,,,,100,31153,100,50420618704,100,133196934711,,,,,,,,,,
2019-05-24,Z304JJGH,ST4000DM000,4000787030016,0,115,94533472,,,92,0,100,12,100,0,87,516697197,,,65,31242,100,0,,,100,12,,,,,,,,,,,,,,,,,,,,,,,,,,,,,,,100,0,100,0,100,0,100,0,100,0,69,31,100,0,100,1,96,9405,31,31,,,,,100,0,100,0,200,0,,,,,,,,,,,,,,,,,,,,,,,,,,,100,31177,100,50432768920,100,133379528065,,,,,,,,,,
2019-05-25,Z304JJGH,ST4000DM000,4000787030016,0,117,156944024,,,92,0,100,12,100,0,87,518399541,,,65,31266,100,0,,,100,12,,,,,,,,,,,,,,,,,,,,,,,,,,,,,,,100,0,100,0,100,0,100,0,100,0,69,31,100,0,100,1,96,9405,31,31,,,,,100,0,100,0,200,0,,,,,,,,,,,,,,,,,,,,,,,,,,,100,31201,100,50449414600,100,133524486104,,,,,,,,,,
2019-05-26,Z304JJGH,ST4000DM000,4000787030016,0,114,58723264,,,92,0,100,12,100,0,87,518985886,,,65,31290,100,0,,,100,12,,,,,,,,,,,,,,,,,,,,,,,,,,,,,,,100,0,100,0,100,0,100,0,100,0,69,31,100,0,100,1,96,9405,31,31,,,,,100,0,100,0,200,0,,,,,,,,,,,,,,,,,,,,,,,,,,,100,31225,100,50461800424,100,133698697573,,,,,,,,,,
2019-05-27,Z304JJGH,ST4000DM000,4000787030016,0,118,169445016,,,92,0,100,12,100,0,87,520977179,,,65,31314,100,0,,,100,12,,,,,,,,,,,,,,,,,,,,,,,,,,,,,,,100,0,100,0,100,0,100,0,100,0,69,31,100,0,100,1,96,9405,31,31,,,,,100,0,100,0,200,0,,,,,,,,,,,,,,,,,,,,,,,,,,,100,31249,100,50481800040,100,133867104298,,,,,,,,,,
2019-05-28,Z304JJGH,ST4000DM000,4000787030016,0,109,22329600,,,92,0,100,12,100,0,87,521981159,,,65,31338,100,0,,,100,12,,,,,,,,,,,,,,,,,,,,,,,,,,,,,,,100,0,100,0,100,0,100,0,100,0,69,31,100,0,100,1,96,9405,31,31,,,,,100,0,100,0,200,0,,,,,,,,,,,,,,,,,,,,,,,,,,,100,31273,100,50492720144,100,134064160884,,,,,,,,,,
2019-05-29,Z304JJGH,ST4000DM000,4000787030016,0,117,124355536,,,92,0,100,12,100,0,87,523597621,,,65,31362,100,0,,,100,12,,,,,,,,,,,,,,,,,,,,,,,,,,,,,,,100,0,100,0,100,0,100,0,100,0,69,31,100,0,100,1,96,9405,31,31,,,,,100,0,100,0,200,0,,,,,,,,,,,,,,,,,,,,,,,,,,,100,31296,100,50504419064,100,134242859682,,,,,,,,,,
2019-05-30,Z304JJGH,ST4000DM000,4000787030016,0,111,36125432,,,92,0,100,12,100,0,87,525958736,,,65,31398,100,0,,,100,12,,,,,,,,,,,,,,,,,,,,,,,,,,,,,,,100,0,100,0,100,0,100,0,100,0,70,30,100,0,100,1,96,9405,30,30,,,,,100,0,100,0,200,0,,,,,,,,,,,,,,,,,,,,,,,,,,,100,31332,100,50527566976,100,134484405742,,,,,,,,,,
2019-05-31,Z304JJGH,ST4000DM000,4000787030016,0,117,156376400,,,92,0,100,12,100,0,87,527867564,,,65,31421,100,0,,,100,12,,,,,,,,,,,,,,,,,,,,,,,,,,,,,,,100,0,100,0,100,0,100,0,100,0,69,31,100,0,100,1,96,9405,31,31,,,,,100,0,100,0,200,0,,,,,,,,,,,,,,,,,,,,,,,,,,,100,31356,100,50546269608,100,134600803761,,,,,,,,,,
2019-06-01,Z304JJGH,ST4000DM000,4000787030016,0,120,417000,,,92,0,100,12,100,0,87,529012058,,,65,31445,100,0,,,100,12,,,,,,,,,,,,,,,,,,,,,,,,,,,,,,,100,0,100,0,100,0,100,0,100,0,70,30,100,0,100,1,96,9405,30,30,,,,,100,0,100,0,200,0,,,,,,,,,,,,,,,,,,,,,,,,,,,100,31380,100,50560049856,100,134746816988,,,,,,,,,,
2019-06-02,Z304JJGH,ST4000DM000,4000787030016,0,113,51465288,,,92,0,100,12,100,0,87,530161901,,,65,31469,100,0,,,100,12,,,,,,,,,,,,,,,,,,,,,,,,,,,,,,,100,0,100,0,100,0,100,0,100,0,70,30,100,0,100,1,96,9405,30,30,,,,,100,0,100,0,200,0,,,,,,,,,,,,,,,,,,,,,,,,,,,100,31404,100,50571332328,100,134899916872,,,,,,,,,,
2019-06-03,Z304JJGH,ST4000DM000,4000787030016,0,116,112719424,,,92,0,100,12,100,0,87,531046185,,,65,31493,100,0,,,100,12,,,,,,,,,,,,,,,,,,,,,,,,,,,,,,,100,0,100,0,100,0,100,0,100,0,70,30,100,0,100,1,96,9405,30,30,,,,,100,0,100,0,200,0,,,,,,,,,,,,,,,,,,,,,,,,,,,100,31428,100,50582609088,100,135029590042,,,,,,,,,,
2019-06-04,Z304JJGH,ST4000DM000,4000787030016,0,114,74687680,,,92,0,100,12,100,0,87,533000449,,,65,31517,100,0,,,100,12,,,,,,,,,,,,,,,,,,,,,,,,,,,,,,,100,0,100,0,100,0,100,0,100,0,70,30,100,0,100,1,96,9405,30,30,,,,,100,0,100,0,200,0,,,,,,,,,,,,,,,,,,,,,,,,,,,100,31452,100,50602340288,100,135175861078,,,,,,,,,,
2019-06-05,Z304JJGH,ST4000DM000,4000787030016,0,114,77194008,,,92,0,100,12,100,0,87,534305177,,,65,31529,100,0,,,100,12,,,,,,,,,,,,,,,,,,,,,,,,,,,,,,,100,0,100,0,100,0,100,0,100,0,69,31,100,0,100,1,96,9405,31,31,,,,,100,0,100,0,200,0,,,,,,,,,,,,,,,,,,,,,,,,,,,100,31464,100,50610343640,100,135292458247,,,,,,,,,,
2019-06-06,Z304JJGH,ST4000DM000,4000787030016,0,116,105118032,,,92,0,100,12,100,0,87,535935451,,,64,31553,100,0,,,100,12,,,,,,,,,,,,,,,,,,,,,,,,,,,,,,,100,0,100,0,100,0,100,0,100,0,70,30,100,0,100,1,96,9405,30,30,,,,,100,0,100,0,200,0,,,,,,,,,,,,,,,,,,,,,,,,,,,100,31488,100,50627993704,100,135426595549,,,,,,,,,,
2019-06-07,Z304JJGH,ST4000DM000,4000787030016,0,114,70391040,,,92,0,100,12,100,0,87,536753513,,,64,31577,100,0,,,100,12,,,,,,,,,,,,,,,,,,,,,,,,,,,,,,,100,0,100,0,100,0,100,0,100,0,70,30,100,0,100,1,96,9405,30,30,,,,,100,0,100,0,200,0,,,,,,,,,,,,,,,,,,,,,,,,,,,100,31512,100,50651175528,100,135515137218,,,,,,,,,,
2019-06-08,Z304JJGH,ST4000DM000,4000787030016,0,113,51917248,,,92,0,100,12,100,0,87,538728128,,,64,31601,100,0,,,100,12,,,,,,,,,,,,,,,,,,,,,,,,,,,,,,,100,0,100,0,100,0,100,0,100,0,70,30,100,0,100,1,96,9405,30,30,,,,,100,0,100,0,200,0,,,,,,,,,,,,,,,,,,,,,,,,,,,100,31536,100,50671631120,100,135620882930,,,,,,,,,,
2019-06-09,Z304JJGH,ST4000DM000,4000787030016,0,108,16670024,,,92,0,100,12,100,0,87,540171158,,,64,31637,100,0,,,100,12,,,,,,,,,,,,,,,,,,,,,,,,,,,,,,,100,0,100,0,100,0,100,0,100,0,70,30,100,0,100,1,96,9405,30,30,,,,,100,0,100,0,200,0,,,,,,,,,,,,,,,,,,,,,,,,,,,100,31572,100,50695997760,100,135799816497,,,,,,,,,,
2019-06-10,Z304JJGH,ST4000DM000,4000787030016,0,113,58601432,,,92,0,100,12,100,0,87,541221287,,,64,31660,100,0,,,100,12,,,,,,,,,,,,,,,,,,,,,,,,,,,,,,,100,0,100,0,100,0,100,0,100,0,70,30,100,0,100,1,96,9405,30,30,,,,,100,0,100,0,200,0,,,,,,,,,,,,,,,,,,,,,,,,,,,100,31595,100,50715536480,100,135920643408,,,,,,,,,,
2019-06-11,Z304JJGH,ST4000DM000,4000787030016,0,118,192013208,,,92,0,100,12,100,0,87,542564868,,,64,31684,100,0,,,100,12,,,,,,,,,,,,,,,,,,,,,,,,,,,,,,,100,0,100,0,100,0,100,0,100,0,70,30,100,0,100,1,96,9405,30,30,,,,,100,0,100,0,200,0,,,,,,,,,,,,,,,,,,,,,,,,,,,100,31619,100,50731039024,100,136097116550,,,,,,,,,,
2019-06-12,Z304JJGH,ST4000DM000,4000787030016,0,111,32766616,,,92,0,100,12,100,0,87,544918529,,,64,31708,100,0,,,100,12,,,,,,,,,,,,,,,,,,,,,,,,,,,,,,,100,0,100,0,100,0,100,0,100,0,70,30,100,0,100,1,96,9405,30,30,,,,,100,0,100,0,200,0,,,,,,,,,,,,,,,,,,,,,,,,,,,100,31643,100,50751580512,100,136246518710,,,,,,,,,,
2019-06-13,Z304JJGH,ST4000DM000,4000787030016,0,118,194946576,,,92,0,100,12,100,0,87,545805356,,,64,31732,100,0,,,100,12,,,,,,,,,,,,,,,,,,,,,,,,,,,,,,,100,0,100,0,100,0,100,0,100,0,70,30,100,0,100,1,96,9405,30,30,,,,,100,0,100,0,200,0,,,,,,,,,,,,,,,,,,,,,,,,,,,100,31667,100,50765611456,100,136342421360,,,,,,,,,,
2019-06-14,Z304JJGH,ST4000DM000,4000787030016,0,117,147846120,,,92,0,100,12,100,0,87,547317398,,,64,31756,100,0,,,100,12,,,,,,,,,,,,,,,,,,,,,,,,,,,,,,,100,0,100,0,100,0,100,0,100,0,70,30,100,0,100,1,96,9405,30,30,,,,,100,0,100,0,200,0,,,,,,,,,,,,,,,,,,,,,,,,,,,100,31691,100,50781684848,100,136444818993,,,,,,,,,,
2019-06-15,Z304JJGH,ST4000DM000,4000787030016,0,120,236013512,,,92,0,100,12,100,0,87,548168619,,,64,31780,100,0,,,100,12,,,,,,,,,,,,,,,,,,,,,,,,,,,,,,,100,0,100,0,100,0,100,0,100,0,70,30,100,0,100,1,96,9405,30,30,,,,,100,0,100,0,200,0,,,,,,,,,,,,,,,,,,,,,,,,,,,100,31715,100,50795312424,100,136482799079,,,,,,,,,,
2019-06-16,Z304JJGH,ST4000DM000,4000787030016,0,113,57325288,,,92,0,100,12,100,0,87,549780334,,,64,31804,100,0,,,100,12,,,,,,,,,,,,,,,,,,,,,,,,,,,,,,,100,0,100,0,100,0,100,0,100,0,69,31,100,0,100,1,96,9405,31,31,,,,,100,0,100,0,200,0,,,,,,,,,,,,,,,,,,,,,,,,,,,100,31739,100,50813186928,100,136599457808,,,,,,,,,,
2019-06-17,Z304JJGH,ST4000DM000,4000787030016,0,117,152910936,,,92,0,100,12,100,0,87,552677945,,,64,31828,100,0,,,100,12,,,,,,,,,,,,,,,,,,,,,,,,,,,,,,,100,0,100,0,100,0,100,0,100,0,70,30,100,0,100,1,96,9405,30,30,,,,,100,0,100,0,200,0,,,,,,,,,,,,,,,,,,,,,,,,,,,100,31763,100,50829394224,100,136862090942,,,,,,,,,,
2019-06-18,Z304JJGH,ST4000DM000,4000787030016,0,115,88975680,,,92,0,100,12,100,0,87,554040068,,,64,31852,100,0,,,100,12,,,,,,,,,,,,,,,,,,,,,,,,,,,,,,,100,0,100,0,100,0,100,0,100,0,70,30,100,0,100,1,96,9405,30,30,,,,,100,0,100,0,200,0,,,,,,,,,,,,,,,,,,,,,,,,,,,100,31786,100,50837927536,100,137061923719,,,,,,,,,,
2019-06-19,Z304JJGH,ST4000DM000,4000787030016,0,119,215470992,,,92,0,100,12,100,0,87,556321139,,,64,31875,100,0,,,100,12,,,,,,,,,,,,,,,,,,,,,,,,,,,,,,,100,0,100,0,100,0,100,0,100,0,70,30,100,0,100,1,96,9405,30,30,,,,,100,0,100,0,200,0,,,,,,,,,,,,,,,,,,,,,,,,,,,100,31810,100,50857664016,100,137206898639,,,,,,,,,,
2019-06-20,Z304JJGH,ST4000DM000,4000787030016,0,119,216886608,,,92,0,100,12,100,0,87,557397980,,,64,31899,100,0,,,100,12,,,,,,,,,,,,,,,,,,,,,,,,,,,,,,,100,0,100,0,100,0,100,0,100,0,70,30,100,0,100,1,96,9405,30,30,,,,,100,0,100,0,200,0,,,,,,,,,,,,,,,,,,,,,,,,,,,100,31834,100,50872131592,100,137362778920,,,,,,,,,,
2019-06-21,Z304JJGH,ST4000DM000,4000787030016,0,119,208659600,,,92,0,100,12,100,0,87,558991324,,,64,31923,100,0,,,100,12,,,,,,,,,,,,,,,,,,,,,,,,,,,,,,,100,0,100,0,100,0,100,0,100,0,70,30,100,0,100,1,96,9405,30,30,,,,,100,0,100,0,200,0,,,,,,,,,,,,,,,,,,,,,,,,,,,100,31858,100,50886990040,100,137488212493,,,,,,,,,,
2019-06-22,Z304JJGH,ST4000DM000,4000787030016,0,116,103836488,,,92,0,100,12,100,0,87,560496870,,,64,31947,100,0,,,100,12,,,,,,,,,,,,,,,,,,,,,,,,,,,,,,,100,0,100,0,100,0,100,0,100,0,70,30,100,0,100,1,96,9405,30,30,,,,,100,0,100,0,200,0,,,,,,,,,,,,,,,,,,,,,,,,,,,100,31882,100,50909740024,100,137582652751,,,,,,,,,,
2019-06-23,Z304JJGH,ST4000DM000,4000787030016,0,118,199503136,,,92,0,100,12,100,0,87,561655441,,,64,31971,100,0,,,100,12,,,,,,,,,,,,,,,,,,,,,,,,,,,,,,,100,0,100,0,100,0,100,0,100,0,70,30,100,0,100,1,96,9405,30,30,,,,,100,0,100,0,200,0,,,,,,,,,,,,,,,,,,,,,,,,,,,100,31906,100,50933951752,100,137690189142,,,,,,,,,,
2019-06-24,Z304JJGH,ST4000DM000,4000787030016,0,112,47529128,,,92,0,100,12,100,0,87,562669735,,,64,31995,100,0,,,100,12,,,,,,,,,,,,,,,,,,,,,,,,,,,,,,,100,0,100,0,100,0,100,0,100,0,70,30,100,0,100,1,96,9405,30,30,,,,,100,0,100,0,200,0,,,,,,,,,,,,,,,,,,,,,,,,,,,100,31930,100,50956893744,100,137786508631,,,,,,,,,,
2019-06-25,Z304JJGH,ST4000DM000,4000787030016,0,114,72423072,,,92,0,100,12,100,0,87,563556610,,,64,32019,100,0,,,100,12,,,,,,,,,,,,,,,,,,,,,,,,,,,,,,,100,0,100,0,100,0,100,0,100,0,70,30,100,0,100,1,96,9405,30,30,,,,,100,0,100,0,200,0,,,,,,,,,,,,,,,,,,,,,,,,,,,100,31954,100,50973128024,100,137863685170,,,,,,,,,,
2019-06-26,Z304JJGH,ST4000DM000,4000787030016,0,119,214502328,,,92,0,100,12,100,0,87,566356533,,,64,32043,100,0,,,100,12,,,,,,,,,,,,,,,,,,,,,,,,,,,,,,,100,0,100,0,100,0,100,0,100,0,70,30,100,0,100,1,96,9405,30,30,,,,,100,0,100,0,200,0,,,,,,,,,,,,,,,,,,,,,,,,,,,100,31978,100,50991911776,100,138101560989,,,,,,,,,,
2019-06-27,Z304JJGH,ST4000DM000,4000787030016,0,115,92069144,,,92,0,100,12,100,0,87,568109613,,,64,32067,100,0,,,100,12,,,,,,,,,,,,,,,,,,,,,,,,,,,,,,,100,0,100,0,100,0,100,0,100,0,70,30,100,0,100,1,96,9405,30,30,,,,,100,0,100,0,200,0,,,,,,,,,,,,,,,,,,,,,,,,,,,100,32002,100,51012187192,100,138322829218,,,,,,,,,,
2019-06-28,Z304JJGH,ST4000DM000,4000787030016,0,115,92061080,,,92,0,100,12,100,0,87,570049622,,,64,32091,100,0,,,100,12,,,,,,,,,,,,,,,,,,,,,,,,,,,,,,,100,0,100,0,100,0,100,0,100,0,70,30,100,0,100,1,96,9405,30,30,,,,,100,0,100,0,200,0,,,,,,,,,,,,,,,,,,,,,,,,,,,100,32026,100,51030184104,100,138449388836,,,,,,,,,,
2019-06-29,Z304JJGH,ST4000DM000,4000787030016,0,119,226976640,,,92,0,100,12,100,0,87,571563956,,,64,32115,100,0,,,100,12,,,,,,,,,,,,,,,,,,,,,,,,,,,,,,,100,0,100,0,100,0,100,0,100,0,70,30,100,0,100,1,96,9405,30,30,,,,,100,0,100,0,200,0,,,,,,,,,,,,,,,,,,,,,,,,,,,100,32050,100,51053230712,100,138593836456,,,,,,,,,,
2019-06-30,Z304JJGH,ST4000DM000,4000787030016,0,117,150996920,,,92,0,100,12,100,0,87,572340687,,,64,32139,100,0,,,100,12,,,,,,,,,,,,,,,,,,,,,,,,,,,,,,,100,0,100,0,100,0,100,0,100,0,71,29,100,0,100,1,96,9405,29,29,,,,,100,0,100,0,200,0,,,,,,,,,,,,,,,,,,,,,,,,,,,100,32074,100,51070998840,100,138707716918,,,,,,,,,,
2019-07-01,Z304JJGH,ST4000DM000,4000787030016,0,115,96159592,,,92,0,100,12,100,0,87,573115168,,,64,32163,100,0,,,100,12,,,,,,,,,,,,,,,,,,,,,,,,,,,,,,,100,0,100,0,100,0,100,0,100,0,71,29,100,0,100,1,96,9405,29,29,,,,,100,0,100,0,200,0,,,,,,,,,,,,,,,,,,,,,,,,,,,100,32097,100,51097398120,100,138805030704,,,,,,,,,,
2019-07-02,Z304JJGH,ST4000DM000,4000787030016,0,118,170745776,,,92,0,100,12,100,0,87,575477657,,,64,32186,100,0,,,100,12,,,,,,,,,,,,,,,,,,,,,,,,,,,,,,,100,0,100,0,100,0,100,0,100,0,70,30,100,0,100,1,96,9405,30,30,,,,,100,0,100,0,200,0,,,,,,,,,,,,,,,,,,,,,,,,,,,100,32121,100,51117590592,100,138962613618,,,,,,,,,,
2019-07-03,Z304JJGH,ST4000DM000,4000787030016,0,111,31341096,,,92,0,100,12,100,0,87,577773981,,,64,32210,100,0,,,100,12,,,,,,,,,,,,,,,,,,,,,,,,,,,,,,,100,0,100,0,100,0,100,0,100,0,71,29,100,0,100,1,96,9405,29,29,,,,,100,0,100,0,200,0,,,,,,,,,,,,,,,,,,,,,,,,,,,100,32145,100,51142719216,100,139120033630,,,,,,,,,,
2019-07-04,Z304JJGH,ST4000DM000,4000787030016,0,115,85557672,,,92,0,100,12,100,0,87,579050660,,,64,32234,100,0,,,100,12,,,,,,,,,,,,,,,,,,,,,,,,,,,,,,,100,0,100,0,100,0,100,0,100,0,70,30,100,0,100,1,96,9405,30,30,,,,,100,0,100,0,200,0,,,,,,,,,,,,,,,,,,,,,,,,,,,100,32169,100,51173155352,100,139301450834,,,,,,,,,,
2019-07-05,Z304JJGH,ST4000DM000,4000787030016,0,117,156932032,,,92,0,100,12,100,0,87,580184053,,,64,32257,100,0,,,100,12,,,,,,,,,,,,,,,,,,,,,,,,,,,,,,,100,0,100,0,100,0,100,0,100,0,70,30,100,0,100,1,96,9405,30,30,,,,,100,0,100,0,200,0,,,,,,,,,,,,,,,,,,,,,,,,,,,100,32192,100,51197703272,100,139521029591,,,,,,,,,,
2019-07-06,Z304JJGH,ST4000DM000,4000787030016,0,109,21482104,,,92,0,100,12,100,0,87,581922586,,,64,32281,100,0,,,100,12,,,,,,,,,,,,,,,,,,,,,,,,,,,,,,,100,0,100,0,100,0,100,0,100,0,70,30,100,0,100,1,96,9405,30,30,,,,,100,0,100,0,200,0,,,,,,,,,,,,,,,,,,,,,,,,,,,100,32216,100,51226139640,100,139754237991,,,,,,,,,,
2019-07-07,Z304JJGH,ST4000DM000,4000787030016,0,108,16103144,,,92,0,100,12,100,0,87,582932860,,,64,32305,100,0,,,100,12,,,,,,,,,,,,,,,,,,,,,,,,,,,,,,,100,0,100,0,100,0,100,0,100,0,70,30,100,0,100,1,96,9405,30,30,,,,,100,0,100,0,200,0,,,,,,,,,,,,,,,,,,,,,,,,,,,100,32240,100,51248086536,100,140047836749,,,,,,,,,,
2019-07-08,Z304JJGH,ST4000DM000,4000787030016,0,120,1006384,,,92,0,100,12,100,0,87,584090395,,,64,32329,100,0,,,100,12,,,,,,,,,,,,,,,,,,,,,,,,,,,,,,,100,0,100,0,100,0,100,0,100,0,70,30,100,0,100,1,96,9405,30,30,,,,,100,0,100,0,200,0,,,,,,,,,,,,,,,,,,,,,,,,,,,100,32264,100,51268755744,100,140309629921,,,,,,,,,,
2019-07-09,Z304JJGH,ST4000DM000,4000787030016,0,105,10408672,,,92,0,100,12,100,0,87,585646400,,,64,32353,100,0,,,100,12,,,,,,,,,,,,,,,,,,,,,,,,,,,,,,,100,0,100,0,100,0,100,0,100,0,69,31,100,0,100,1,96,9405,31,31,,,,,100,0,100,0,200,0,,,,,,,,,,,,,,,,,,,,,,,,,,,100,32288,100,51289948024,100,140592231384,,,,,,,,,,
2019-07-10,Z304JJGH,ST4000DM000,4000787030016,0,106,11499720,,,92,0,100,12,100,0,87,588638333,,,64,32377,100,0,,,100,12,,,,,,,,,,,,,,,,,,,,,,,,,,,,,,,100,0,100,0,100,0,100,0,100,0,70,30,100,0,100,1,96,9405,30,30,,,,,100,0,100,0,200,0,,,,,,,,,,,,,,,,,,,,,,,,,,,100,32311,100,51322760368,100,140860582555,,,,,,,,,,
2019-07-11,Z304JJGH,ST4000DM000,4000787030016,0,111,31147488,,,92,0,100,12,100,0,87,590172328,,,64,32400,100,0,,,100,12,,,,,,,,,,,,,,,,,,,,,,,,,,,,,,,100,0,100,0,100,0,100,0,100,0,70,30,100,0,100,1,96,9405,30,30,,,,,100,0,100,0,200,0,,,,,,,,,,,,,,,,,,,,,,,,,,,100,32335,100,51344994624,100,141076868917,,,,,,,,,,
2019-07-12,Z304JJGH,ST4000DM000,4000787030016,0,119,225268136,,,92,0,100,12,100,0,87,591948351,,,63,32424,100,0,,,100,12,,,,,,,,,,,,,,,,,,,,,,,,,,,,,,,100,0,100,0,100,0,100,0,100,0,70,30,100,0,100,1,96,9405,30,30,,,,,100,0,100,0,200,0,,,,,,,,,,,,,,,,,,,,,,,,,,,100,32359,100,51364533064,100,141323699911,,,,,,,,,,
2019-07-13,Z304JJGH,ST4000DM000,4000787030016,0,110,25959056,,,92,0,100,12,100,0,87,594279412,,,63,32449,100,0,,,100,12,,,,,,,,,,,,,,,,,,,,,,,,,,,,,,,100,0,100,0,100,0,100,0,100,0,70,30,100,0,100,1,96,9405,30,30,,,,,100,0,100,0,200,0,,,,,,,,,,,,,,,,,,,,,,,,,,,100,32383,100,51385582816,100,141523625354,,,,,,,,,,
2019-07-14,Z304JJGH,ST4000DM000,4000787030016,0,117,130311328,,,92,0,100,12,100,0,87,596144273,,,63,32473,100,0,,,100,12,,,,,,,,,,,,,,,,,,,,,,,,,,,,,,,100,0,100,0,100,0,100,0,100,0,70,30,100,0,100,1,96,9405,30,30,,,,,100,0,100,0,200,0,,,,,,,,,,,,,,,,,,,,,,,,,,,100,32407,100,51406516440,100,141796061244,,,,,,,,,,
2019-07-15,Z304JJGH,ST4000DM000,4000787030016,0,118,199805128,,,92,0,100,12,100,0,87,597737512,,,63,32497,100,0,,,100,12,,,,,,,,,,,,,,,,,,,,,,,,,,,,,,,100,0,100,0,100,0,100,0,100,0,70,30,100,0,100,1,96,9405,30,30,,,,,100,0,100,0,200,0,,,,,,,,,,,,,,,,,,,,,,,,,,,100,32431,100,51419928480,100,142006844563,,,,,,,,,,
2019-07-16,Z304JJGH,ST4000DM000,4000787030016,0,111,30773864,,,92,0,100,12,100,0,87,599344752,,,63,32521,100,0,,,100,12,,,,,,,,,,,,,,,,,,,,,,,,,,,,,,,100,0,100,0,100,0,100,0,100,0,70,30,100,0,100,1,96,9405,30,30,,,,,100,0,100,0,200,0,,,,,,,,,,,,,,,,,,,,,,,,,,,100,32455,100,51436285288,100,142229266282,,,,,,,,,,
2019-07-17,Z304JJGH,ST4000DM000,4000787030016,0,117,119976976,,,92,0,100,12,100,0,87,602345288,,,63,32544,100,0,,,100,12,,,,,,,,,,,,,,,,,,,,,,,,,,,,,,,100,0,100,0,100,0,100,0,100,0,70,30,100,0,100,1,96,9405,30,30,,,,,100,0,100,0,200,0,,,,,,,,,,,,,,,,,,,,,,,,,,,100,32479,100,51458392840,100,142522066049,,,,,,,,,,
2019-07-18,Z304JJGH,ST4000DM000,4000787030016,0,114,77481032,,,92,0,100,12,100,0,87,605534763,,,63,32568,100,0,,,100,12,,,,,,,,,,,,,,,,,,,,,,,,,,,,,,,100,0,100,0,100,0,100,0,100,0,70,30,100,0,100,1,96,9405,30,30,,,,,100,0,100,0,200,0,,,,,,,,,,,,,,,,,,,,,,,,,,,100,32503,100,51474494848,100,142754995080,,,,,,,,,,
2019-07-19,Z304JJGH,ST4000DM000,4000787030016,0,118,195665968,,,92,0,100,12,100,0,87,607373305,,,63,32592,100,0,,,100,12,,,,,,,,,,,,,,,,,,,,,,,,,,,,,,,100,0,100,0,100,0,100,0,100,0,71,29,100,0,100,1,96,9405,29,29,,,,,100,0,100,0,200,0,,,,,,,,,,,,,,,,,,,,,,,,,,,100,32527,100,51488794824,100,143016935475,,,,,,,,,,
2019-07-20,Z304JJGH,ST4000DM000,4000787030016,0,119,223007080,,,92,0,100,12,100,0,87,609121901,,,63,32616,100,0,,,100,12,,,,,,,,,,,,,,,,,,,,,,,,,,,,,,,100,0,100,0,100,0,100,0,100,0,71,29,100,0,100,1,96,9405,29,29,,,,,100,0,100,0,200,0,,,,,,,,,,,,,,,,,,,,,,,,,,,100,32551,100,51507142792,100,143098052854,,,,,,,,,,
2019-07-21,Z304JJGH,ST4000DM000,4000787030016,0,118,180312184,,,92,0,100,12,100,0,87,610540267,,,63,32640,100,0,,,100,12,,,,,,,,,,,,,,,,,,,,,,,,,,,,,,,100,0,100,0,100,0,100,0,100,0,70,30,100,0,100,1,96,9405,30,30,,,,,100,0,100,0,200,0,,,,,,,,,,,,,,,,,,,,,,,,,,,100,32575,100,51523667400,100,143263247122,,,,,,,,,,
2019-07-22,Z304JJGH,ST4000DM000,4000787030016,0,116,102207984,,,92,0,100,12,100,0,87,612663662,,,63,32664,100,0,,,100,12,,,,,,,,,,,,,,,,,,,,,,,,,,,,,,,100,0,100,0,100,0,100,0,100,0,70,30,100,0,100,1,96,9405,30,30,,,,,100,0,100,0,200,0,,,,,,,,,,,,,,,,,,,,,,,,,,,100,32599,100,51545854104,100,143525754729,,,,,,,,,,
2019-07-23,Z304JJGH,ST4000DM000,4000787030016,0,114,59266016,,,92,0,100,12,100,0,87,614293573,,,63,32688,100,0,,,100,12,,,,,,,,,,,,,,,,,,,,,,,,,,,,,,,100,0,100,0,100,0,100,0,100,0,70,30,100,0,100,1,96,9405,30,30,,,,,100,0,100,0,200,0,,,,,,,,,,,,,,,,,,,,,,,,,,,100,32623,100,51560037008,100,143705071558,,,,,,,,,,
2019-07-24,Z304JJGH,ST4000DM000,4000787030016,0,120,244089496,,,92,0,100,12,100,0,87,616706240,,,63,32712,100,0,,,100,12,,,,,,,,,,,,,,,,,,,,,,,,,,,,,,,100,0,100,0,100,0,100,0,100,0,71,29,100,0,100,1,96,9405,29,29,,,,,100,0,100,0,200,0,,,,,,,,,,,,,,,,,,,,,,,,,,,100,32646,100,51578459440,100,143859732464,,,,,,,,,,
2019-07-25,Z304JJGH,ST4000DM000,4000787030016,0,117,128492176,,,92,0,100,12,100,0,87,618603068,,,63,32736,100,0,,,100,12,,,,,,,,,,,,,,,,,,,,,,,,,,,,,,,100,0,100,0,100,0,100,0,100,0,70,30,100,0,100,1,96,9405,30,30,,,,,100,0,100,0,200,0,,,,,,,,,,,,,,,,,,,,,,,,,,,100,32670,100,51606467520,100,144101606707,,,,,,,,,,
2019-07-26,Z304JJGH,ST4000DM000,4000787030016,0,114,74932320,,,92,0,100,12,100,0,87,620539190,,,63,32760,100,0,,,100,12,,,,,,,,,,,,,,,,,,,,,,,,,,,,,,,100,0,100,0,100,0,100,0,100,0,71,29,100,0,100,1,96,9405,29,29,,,,,100,0,100,0,200,0,,,,,,,,,,,,,,,,,,,,,,,,,,,100,32694,100,51628624264,100,144267636165,,,,,,,,,,
2019-07-27,Z304JJGH,ST4000DM000,4000787030016,0,117,118823376,,,92,0,100,12,100,0,87,622567621,,,63,32784,100,0,,,100,12,,,,,,,,,,,,,,,,,,,,,,,,,,,,,,,100,0,100,0,100,0,100,0,100,0,71,29,100,0,100,1,96,9405,29,29,,,,,100,0,100,0,200,0,,,,,,,,,,,,,,,,,,,,,,,,,,,100,32719,100,51653083840,100,144424354137,,,,,,,,,,
2019-07-28,Z304JJGH,ST4000DM000,4000787030016,0,116,104172352,,,92,0,100,12,100,0,87,623741326,,,63,32808,100,0,,,100,12,,,,,,,,,,,,,,,,,,,,,,,,,,,,,,,100,0,100,0,100,0,100,0,100,0,71,29,100,0,100,1,96,9405,29,29,,,,,100,0,100,0,200,0,,,,,,,,,,,,,,,,,,,,,,,,,,,100,32743,100,51669985240,100,148913974290,,,,,,,,,,
2019-07-29,Z304JJGH,ST4000DM000,4000787030016,0,113,51461456,,,92,0,100,12,100,0,87,624651972,,,63,32832,100,0,,,100,12,,,,,,,,,,,,,,,,,,,,,,,,,,,,,,,100,0,100,0,100,0,100,0,100,0,71,29,100,0,100,1,96,9405,29,29,,,,,100,0,100,0,200,0,,,,,,,,,,,,,,,,,,,,,,,,,,,100,32767,100,51690154080,100,149056216648,,,,,,,,,,
2019-07-30,Z304JJGH,ST4000DM000,4000787030016,0,114,77046176,,,92,0,100,12,100,0,87,625675488,,,63,32856,100,0,,,100,12,,,,,,,,,,,,,,,,,,,,,,,,,,,,,,,100,0,100,0,100,0,100,0,100,0,71,29,100,0,100,1,96,9405,29,29,,,,,100,0,100,0,200,0,,,,,,,,,,,,,,,,,,,,,,,,,,,100,32791,100,51703175528,100,149231445375,,,,,,,,,,
2019-07-31,Z304JJGH,ST4000DM000,4000787030016,0,117,160170920,,,92,0,100,12,100,0,87,628527645,,,63,32880,100,0,,,100,12,,,,,,,,,,,,,,,,,,,,,,,,,,,,,,,100,0,100,0,100,0,100,0,100,0,70,30,100,0,100,1,96,9405,30,30,,,,,100,0,100,0,200,0,,,,,,,,,,,,,,,,,,,,,,,,,,,100,32815,100,51724938576,100,149444863170,,,,,,,,,,
2019-08-01,Z304JJGH,ST4000DM000,4000787030016,0,117,159858000,,,92,0,100,12,100,0,87,629976249,,,63,32904,100,0,,,100,12,,,,,,,,,,,,,,,,,,,,,,,,,,,,,,,100,0,100,0,100,0,100,0,100,0,70,30,100,0,100,1,96,9405,30,30,,,,,100,0,100,0,200,0,,,,,,,,,,,,,,,,,,,,,,,,,,,100,32838,100,51749536576,100,149732274057,,,,,,,,,,
2019-08-02,Z304JJGH,ST4000DM000,4000787030016,0,107,14006240,,,92,0,100,12,100,0,87,631060965,,,63,32928,100,0,,,100,12,,,,,,,,,,,,,,,,,,,,,,,,,,,,,,,100,0,100,0,100,0,100,0,100,0,71,29,100,0,100,1,96,9405,29,29,,,,,100,0,100,0,200,0,,,,,,,,,,,,,,,,,,,,,,,,,,,100,32862,100,51767559088,100,150091551588,,,,,,,,,,
2019-08-03,Z304JJGH,ST4000DM000,4000787030016,0,118,199022928,,,92,0,100,12,100,0,87,632882930,,,63,32951,100,0,,,100,12,,,,,,,,,,,,,,,,,,,,,,,,,,,,,,,100,0,100,0,100,0,100,0,100,0,70,30,100,0,100,1,96,9405,30,30,,,,,100,0,100,0,200,0,,,,,,,,,,,,,,,,,,,,,,,,,,,100,32886,100,51793168088,100,150264276389,,,,,,,,,,
2019-08-04,Z304JJGH,ST4000DM000,4000787030016,0,117,126617784,,,92,0,100,12,100,0,87,634436849,,,63,32975,100,0,,,100,12,,,,,,,,,,,,,,,,,,,,,,,,,,,,,,,100,0,100,0,100,0,100,0,100,0,70,30,100,0,100,1,96,9405,30,30,,,,,100,0,100,0,200,0,,,,,,,,,,,,,,,,,,,,,,,,,,,100,32910,100,51816961744,100,150623868553,,,,,,,,,,
2019-08-05,Z304JJGH,ST4000DM000,4000787030016,0,119,227393664,,,92,0,100,12,100,0,87,636234774,,,63,32999,100,0,,,100,12,,,,,,,,,,,,,,,,,,,,,,,,,,,,,,,100,0,100,0,100,0,100,0,100,0,70,30,100,0,100,1,96,9405,30,30,,,,,100,0,100,0,200,0,,,,,,,,,,,,,,,,,,,,,,,,,,,100,32934,100,51833095184,100,150939894515,,,,,,,,,,
2019-08-06,Z304JJGH,ST4000DM000,4000787030016,0,112,45667128,,,92,0,100,12,100,0,87,638383218,,,63,33023,100,0,,,100,12,,,,,,,,,,,,,,,,,,,,,,,,,,,,,,,100,0,100,0,100,0,100,0,100,0,70,30,100,0,100,1,96,9405,30,30,,,,,100,0,100,0,200,0,,,,,,,,,,,,,,,,,,,,,,,,,,,100,32958,100,51851407848,100,151235808737,,,,,,,,,,
2019-08-07,Z304JJGH,ST4000DM000,4000787030016,0,117,165033080,,,92,0,100,12,100,0,87,640465754,,,63,33047,100,0,,,100,12,,,,,,,,,,,,,,,,,,,,,,,,,,,,,,,100,0,100,0,100,0,100,0,100,0,71,29,100,0,100,1,96,9405,29,29,,,,,100,0,100,0,200,0,,,,,,,,,,,,,,,,,,,,,,,,,,,100,32982,100,51869636304,100,151485365804,,,,,,,,,,
2019-08-08,Z304JJGH,ST4000DM000,4000787030016,0,105,8492128,,,92,0,100,12,100,0,87,642753093,,,63,33070,100,0,,,100,12,,,,,,,,,,,,,,,,,,,,,,,,,,,,,,,100,0,100,0,100,0,100,0,100,0,70,30,100,0,100,1,96,9405,30,30,,,,,100,0,100,0,200,0,,,,,,,,,,,,,,,,,,,,,,,,,,,100,33005,100,51894580136,100,151778922039,,,,,,,,,,
2019-08-09,Z304JJGH,ST4000DM000,4000787030016,0,108,17888264,,,92,0,100,12,100,0,87,644228464,,,63,33094,100,0,,,100,12,,,,,,,,,,,,,,,,,,,,,,,,,,,,,,,100,0,100,0,100,0,100,0,100,0,70,30,100,0,100,1,96,9405,30,30,,,,,100,0,100,0,200,0,,,,,,,,,,,,,,,,,,,,,,,,,,,100,33029,100,51912102464,100,151971068484,,,,,,,,,,
2019-08-10,Z304JJGH,ST4000DM000,4000787030016,0,117,126691344,,,92,0,100,12,100,0,87,646054840,,,63,33118,100,0,,,100,12,,,,,,,,,,,,,,,,,,,,,,,,,,,,,,,100,0,100,0,100,0,100,0,100,0,70,30,100,0,100,1,96,9405,30,30,,,,,100,0,100,0,200,0,,,,,,,,,,,,,,,,,,,,,,,,,,,100,33053,100,51934956224,100,152052282384,,,,,,,,,,
2019-08-11,Z304JJGH,ST4000DM000,4000787030016,0,119,201620264,,,92,0,100,12,100,0,87,647094725,,,63,33142,100,0,,,100,12,,,,,,,,,,,,,,,,,,,,,,,,,,,,,,,100,0,100,0,100,0,100,0,100,0,71,29,100,0,100,1,96,9405,29,29,,,,,100,0,100,0,200,0,,,,,,,,,,,,,,,,,,,,,,,,,,,100,33077,100,51951383256,100,152169516809,,,,,,,,,,
2019-08-12,Z304JJGH,ST4000DM000,4000787030016,0,118,182759912,,,92,0,100,12,100,0,87,648273684,,,63,33166,100,0,,,100,12,,,,,,,,,,,,,,,,,,,,,,,,,,,,,,,100,0,100,0,100,0,100,0,100,0,71,29,100,0,100,1,96,9405,29,29,,,,,100,0,100,0,200,0,,,,,,,,,,,,,,,,,,,,,,,,,,,100,33100,100,51974659752,100,152289343206,,,,,,,,,,
2019-08-13,Z304JJGH,ST4000DM000,4000787030016,0,111,41228496,,,92,0,100,12,100,0,87,649427955,,,63,33189,100,0,,,100,12,,,,,,,,,,,,,,,,,,,,,,,,,,,,,,,100,0,100,0,100,0,100,0,100,0,70,30,100,0,100,1,96,9405,30,30,,,,,100,0,100,0,200,0,,,,,,,,,,,,,,,,,,,,,,,,,,,100,33124,100,51997849112,100,152444637004,,,,,,,,,,
2019-08-14,Z304JJGH,ST4000DM000,4000787030016,0,114,71701560,,,92,0,100,12,100,0,87,653655353,,,63,33225,100,0,,,100,12,,,,,,,,,,,,,,,,,,,,,,,,,,,,,,,100,0,100,0,100,0,100,0,100,0,71,29,100,0,100,1,96,9405,29,29,,,,,100,0,100,0,200,0,,,,,,,,,,,,,,,,,,,,,,,,,,,100,33160,100,52042129104,100,152670296580,,,,,,,,,,
2019-08-15,Z304JJGH,ST4000DM000,4000787030016,0,117,131431552,,,92,0,100,12,100,0,87,654482019,,,63,33249,100,0,,,100,12,,,,,,,,,,,,,,,,,,,,,,,,,,,,,,,100,0,100,0,100,0,100,0,100,0,71,29,100,0,100,1,96,9405,29,29,,,,,100,0,100,0,200,0,,,,,,,,,,,,,,,,,,,,,,,,,,,100,33184,100,52062397024,100,152769114487,,,,,,,,,,
2019-08-16,Z304JJGH,ST4000DM000,4000787030016,0,115,94852840,,,92,0,100,12,100,0,87,656086330,,,63,33273,100,0,,,100,12,,,,,,,,,,,,,,,,,,,,,,,,,,,,,,,100,0,100,0,100,0,100,0,100,0,71,29,100,0,100,1,96,9405,29,29,,,,,100,0,100,0,200,0,,,,,,,,,,,,,,,,,,,,,,,,,,,100,33208,100,52093534024,100,152858001967,,,,,,,,,,
2019-08-17,Z304JJGH,ST4000DM000,4000787030016,0,116,109654432,,,92,0,100,12,100,0,87,657504712,,,62,33297,100,0,,,100,12,,,,,,,,,,,,,,,,,,,,,,,,,,,,,,,100,0,100,0,100,0,100,0,100,0,71,29,100,0,100,1,96,9405,29,29,,,,,100,0,100,0,200,0,,,,,,,,,,,,,,,,,,,,,,,,,,,100,33232,100,52116670008,100,152960756559,,,,,,,,,,
2019-08-18,Z304JJGH,ST4000DM000,4000787030016,0,112,42377968,,,92,0,100,12,100,0,87,658164169,,,62,33321,100,0,,,100,12,,,,,,,,,,,,,,,,,,,,,,,,,,,,,,,100,0,100,0,100,0,100,0,100,0,71,29,100,0,100,1,96,9405,29,29,,,,,100,0,100,0,200,0,,,,,,,,,,,,,,,,,,,,,,,,,,,100,33255,100,52145440664,100,153014908664,,,,,,,,,,
2019-08-19,Z304JJGH,ST4000DM000,4000787030016,0,116,113103504,,,92,0,100,12,100,0,87,658776486,,,62,33344,100,0,,,100,12,,,,,,,,,,,,,,,,,,,,,,,,,,,,,,,100,0,100,0,100,0,100,0,100,0,71,29,100,0,100,1,96,9405,29,29,,,,,100,0,100,0,200,0,,,,,,,,,,,,,,,,,,,,,,,,,,,100,33279,100,52158379384,100,153078427852,,,,,,,,,,
2019-08-20,Z304JJGH,ST4000DM000,4000787030016,0,119,215852560,,,92,0,100,12,100,0,87,659756229,,,62,33368,100,0,,,100,12,,,,,,,,,,,,,,,,,,,,,,,,,,,,,,,100,0,100,0,100,0,100,0,100,0,71,29,100,0,100,1,96,9405,29,29,,,,,100,0,100,0,200,0,,,,,,,,,,,,,,,,,,,,,,,,,,,100,33303,100,52173399960,100,153180238192,,,,,,,,,,
2019-08-21,Z304JJGH,ST4000DM000,4000787030016,0,117,133923856,,,92,0,100,12,100,0,87,661280930,,,62,33380,100,0,,,100,12,,,,,,,,,,,,,,,,,,,,,,,,,,,,,,,100,0,100,0,100,0,100,0,100,0,70,30,100,0,100,1,96,9405,30,30,,,,,100,0,100,0,200,0,,,,,,,,,,,,,,,,,,,,,,,,,,,100,33315,100,52191730640,100,153236934225,,,,,,,,,,
2019-08-22,Z304JJGH,ST4000DM000,4000787030016,0,111,33936072,,,92,0,100,12,100,0,87,662544483,,,62,33404,100,0,,,100,12,,,,,,,,,,,,,,,,,,,,,,,,,,,,,,,100,0,100,0,100,0,100,0,100,0,70,30,100,0,100,1,96,9405,30,30,,,,,100,0,100,0,200,0,,,,,,,,,,,,,,,,,,,,,,,,,,,100,33339,100,52215444696,100,153375890026,,,,,,,,,,
2019-08-23,Z304JJGH,ST4000DM000,4000787030016,0,117,148027224,,,92,0,100,12,100,0,87,663691298,,,62,33428,100,0,,,100,12,,,,,,,,,,,,,,,,,,,,,,,,,,,,,,,100,0,100,0,100,0,100,0,100,0,70,30,100,0,100,1,96,9405,30,30,,,,,100,0,100,0,200,0,,,,,,,,,,,,,,,,,,,,,,,,,,,100,33363,100,52244703232,100,153493868400,,,,,,,,,,
2019-08-24,Z304JJGH,ST4000DM000,4000787030016,0,117,122231792,,,92,0,100,12,100,0,87,665587806,,,62,33452,100,0,,,100,12,,,,,,,,,,,,,,,,,,,,,,,,,,,,,,,100,0,100,0,100,0,100,0,100,0,70,30,100,0,100,1,96,9405,30,30,,,,,100,0,100,0,200,0,,,,,,,,,,,,,,,,,,,,,,,,,,,100,33387,100,52270162512,100,153572698426,,,,,,,,,,
2019-08-25,Z304JJGH,ST4000DM000,4000787030016,0,118,180332968,,,92,0,100,12,100,0,87,666801777,,,62,33476,100,0,,,100,12,,,,,,,,,,,,,,,,,,,,,,,,,,,,,,,100,0,100,0,100,0,100,0,100,0,70,30,100,0,100,1,96,9405,30,30,,,,,100,0,100,0,200,0,,,,,,,,,,,,,,,,,,,,,,,,,,,100,33411,100,52288662680,100,153709938980,,,,,,,,,,
2019-08-26,Z304JJGH,ST4000DM000,4000787030016,0,109,24874696,,,92,0,100,12,100,0,87,668879810,,,62,33524,100,0,,,100,12,,,,,,,,,,,,,,,,,,,,,,,,,,,,,,,100,0,100,0,100,0,100,0,100,0,72,28,100,0,100,1,96,9405,28,28,,,,,100,0,100,0,200,0,,,,,,,,,,,,,,,,,,,,,,,,,,,100,33459,100,52325409016,100,153933265295,,,,,,,,,,
2019-08-27,Z304JJGH,ST4000DM000,4000787030016,0,109,24874696,,,92,0,100,12,100,0,87,668879810,,,62,33524,100,0,,,100,12,,,,,,,,,,,,,,,,,,,,,,,,,,,,,,,100,0,100,0,100,0,100,0,100,0,72,28,100,0,100,1,96,9405,28,28,,,,,100,0,100,0,200,0,,,,,,,,,,,,,,,,,,,,,,,,,,,100,33459,100,52325409016,100,153933265295,,,,,,,,,,
2019-08-28,Z304JJGH,ST4000DM000,4000787030016,0,117,155760880,,,92,0,100,12,100,0,87,670275365,,,62,33548,100,0,,,100,12,,,,,,,,,,,,,,,,,,,,,,,,,,,,,,,100,0,100,0,100,0,100,0,100,0,71,29,100,0,100,1,96,9405,29,29,,,,,100,0,100,0,200,0,,,,,,,,,,,,,,,,,,,,,,,,,,,100,33482,100,52346569960,100,154034808321,,,,,,,,,,
2019-08-29,Z304JJGH,ST4000DM000,4000787030016,0,117,167574936,,,92,0,100,12,100,0,88,672180410,,,62,33571,100,0,,,100,12,,,,,,,,,,,,,,,,,,,,,,,,,,,,,,,100,0,100,0,100,0,100,0,100,0,71,29,100,0,100,1,96,9405,29,29,,,,,100,0,100,0,200,0,,,,,,,,,,,,,,,,,,,,,,,,,,,100,33506,100,52378893304,100,154175354058,,,,,,,,,,
2019-08-30,Z304JJGH,ST4000DM000,4000787030016,0,119,227873312,,,92,0,100,12,100,0,88,673469118,,,62,33595,100,0,,,100,12,,,,,,,,,,,,,,,,,,,,,,,,,,,,,,,100,0,100,0,100,0,100,0,100,0,70,30,100,0,100,1,96,9405,30,30,,,,,100,0,100,0,200,0,,,,,,,,,,,,,,,,,,,,,,,,,,,100,33530,100,52399757920,100,154301949367,,,,,,,,,,
2019-08-31,Z304JJGH,ST4000DM000,4000787030016,0,118,198535256,,,92,0,100,12,100,0,88,675436025,,,62,33619,100,0,,,100,12,,,,,,,,,,,,,,,,,,,,,,,,,,,,,,,100,0,100,0,100,0,100,0,100,0,71,29,100,0,100,1,96,9405,29,29,,,,,100,0,100,0,200,0,,,,,,,,,,,,,,,,,,,,,,,,,,,100,33554,100,52429144824,100,154369426584,,,,,,,,,,
2019-09-01,Z304JJGH,ST4000DM000,4000787030016,0,116,117332704,,,92,0,100,12,100,0,88,678684665,,,62,33643,100,0,,,100,12,,,,,,,,,,,,,,,,,,,,,,,,,,,,,,,100,0,100,0,100,0,100,0,100,0,71,29,100,0,100,1,96,9405,29,29,,,,,100,0,100,0,200,0,,,,,,,,,,,,,,,,,,,,,,,,,,,100,33578,100,52458903384,100,154499475507,,,,,,,,,,
2019-09-02,Z304JJGH,ST4000DM000,4000787030016,0,120,243000696,,,92,0,100,12,100,0,88,679253419,,,62,33667,100,0,,,100,12,,,,,,,,,,,,,,,,,,,,,,,,,,,,,,,100,0,100,0,100,0,100,0,100,0,71,29,100,0,100,1,96,9405,29,29,,,,,100,0,100,0,200,0,,,,,,,,,,,,,,,,,,,,,,,,,,,100,33602,100,52481006576,100,154551131862,,,,,,,,,,
2019-09-03,Z304JJGH,ST4000DM000,4000787030016,0,114,74538120,,,92,0,100,12,100,0,88,680069225,,,62,33691,100,0,,,100,12,,,,,,,,,,,,,,,,,,,,,,,,,,,,,,,100,0,100,0,100,0,100,0,100,0,70,30,100,0,100,1,96,9405,30,30,,,,,100,0,100,0,200,0,,,,,,,,,,,,,,,,,,,,,,,,,,,100,33626,100,52500430008,100,154667567404,,,,,,,,,,
2019-09-04,Z304JJGH,ST4000DM000,4000787030016,0,114,80294024,,,92,0,100,12,100,0,88,681959104,,,62,33715,100,0,,,100,12,,,,,,,,,,,,,,,,,,,,,,,,,,,,,,,100,0,100,0,100,0,100,0,100,0,70,30,100,0,100,1,96,9405,30,30,,,,,100,0,100,0,200,0,,,,,,,,,,,,,,,,,,,,,,,,,,,100,33649,100,52524857336,100,154793011491,,,,,,,,,,
2019-09-05,Z304JJGH,ST4000DM000,4000787030016,0,115,84101120,,,92,0,100,12,100,0,88,683307378,,,62,33751,100,0,,,100,12,,,,,,,,,,,,,,,,,,,,,,,,,,,,,,,100,0,100,0,100,0,100,0,100,0,71,29,100,0,100,1,96,9405,29,29,,,,,100,0,100,0,200,0,,,,,,,,,,,,,,,,,,,,,,,,,,,100,33685,100,52554259344,100,154899925883,,,,,,,,,,
2019-09-06,Z304JJGH,ST4000DM000,4000787030016,0,120,238429520,,,92,0,100,12,100,0,88,685320577,,,62,33774,100,0,,,100,12,,,,,,,,,,,,,,,,,,,,,,,,,,,,,,,100,0,100,0,100,0,100,0,100,0,71,29,100,0,100,1,96,9405,29,29,,,,,100,0,100,0,200,0,,,,,,,,,,,,,,,,,,,,,,,,,,,100,33709,100,52589349448,100,155026683443,,,,,,,,,,
2019-09-07,Z304JJGH,ST4000DM000,4000787030016,0,117,167083896,,,92,0,100,12,100,0,88,686346547,,,62,33798,100,0,,,100,12,,,,,,,,,,,,,,,,,,,,,,,,,,,,,,,100,0,100,0,100,0,100,0,100,0,71,29,100,0,100,1,96,9405,29,29,,,,,100,0,100,0,200,0,,,,,,,,,,,,,,,,,,,,,,,,,,,100,33733,100,52612527432,100,155101455853,,,,,,,,,,
2019-09-08,Z304JJGH,ST4000DM000,4000787030016,0,107,14539864,,,92,0,100,12,100,0,88,687394438,,,62,33822,100,0,,,100,12,,,,,,,,,,,,,,,,,,,,,,,,,,,,,,,100,0,100,0,100,0,100,0,100,0,71,29,100,0,100,1,96,9405,29,29,,,,,100,0,100,0,200,0,,,,,,,,,,,,,,,,,,,,,,,,,,,100,33757,100,52637054504,100,155234666666,,,,,,,,,,
2019-09-09,Z304JJGH,ST4000DM000,4000787030016,0,118,170965576,,,92,0,100,12,100,0,88,688172956,,,62,33846,100,0,,,100,12,,,,,,,,,,,,,,,,,,,,,,,,,,,,,,,100,0,100,0,100,0,100,0,100,0,71,29,100,0,100,1,96,9405,29,29,,,,,100,0,100,0,200,0,,,,,,,,,,,,,,,,,,,,,,,,,,,100,33781,100,52665105504,100,155324802113,,,,,,,,,,
2019-09-10,Z304JJGH,ST4000DM000,4000787030016,0,112,49502144,,,92,0,100,12,100,0,88,689133274,,,62,33870,100,0,,,100,12,,,,,,,,,,,,,,,,,,,,,,,,,,,,,,,100,0,100,0,100,0,100,0,100,0,71,29,100,0,100,1,96,9405,29,29,,,,,100,0,100,0,200,0,,,,,,,,,,,,,,,,,,,,,,,,,,,100,33805,100,52689343896,100,155417475351,,,,,,,,,,
2019-09-11,Z304JJGH,ST4000DM000,4000787030016,0,117,152286048,,,92,0,100,12,100,0,88,691452182,,,62,33894,100,0,,,100,12,,,,,,,,,,,,,,,,,,,,,,,,,,,,,,,100,0,100,0,100,0,100,0,100,0,71,29,100,0,100,1,96,9405,29,29,,,,,100,0,100,0,200,0,,,,,,,,,,,,,,,,,,,,,,,,,,,100,33829,100,52718544256,100,155549455785,,,,,,,,,,
2019-09-12,Z304JJGH,ST4000DM000,4000787030016,0,118,195026080,,,92,0,100,12,100,0,88,691962289,,,62,33906,100,0,,,100,12,,,,,,,,,,,,,,,,,,,,,,,,,,,,,,,100,0,100,0,100,0,100,0,100,0,71,29,100,0,100,1,96,9405,29,29,,,,,100,0,100,0,200,0,,,,,,,,,,,,,,,,,,,,,,,,,,,100,33841,100,52727153792,100,155622522875,,,,,,,,,,
2019-09-13,Z304JJGH,ST4000DM000,4000787030016,0,117,127547232,,,92,0,100,12,100,0,88,693012015,,,62,33930,100,0,,,100,12,,,,,,,,,,,,,,,,,,,,,,,,,,,,,,,100,0,100,0,100,0,100,0,100,0,70,30,100,0,100,1,96,9405,30,30,,,,,100,0,100,0,200,0,,,,,,,,,,,,,,,,,,,,,,,,,,,100,33865,100,52759141680,100,155761432198,,,,,,,,,,
2019-09-14,Z304JJGH,ST4000DM000,4000787030016,0,117,123518128,,,92,0,100,12,100,0,88,694958098,,,62,33954,100,0,,,100,12,,,,,,,,,,,,,,,,,,,,,,,,,,,,,,,100,0,100,0,100,0,100,0,100,0,70,30,100,0,100,1,96,9405,30,30,,,,,100,0,100,0,200,0,,,,,,,,,,,,,,,,,,,,,,,,,,,100,33889,100,52790998816,100,155879788361,,,,,,,,,,
2019-09-15,Z304JJGH,ST4000DM000,4000787030016,0,119,216653760,,,92,0,100,12,100,0,88,695724022,,,62,33978,100,0,,,100,12,,,,,,,,,,,,,,,,,,,,,,,,,,,,,,,100,0,100,0,100,0,100,0,100,0,70,30,100,0,100,1,96,9405,30,30,,,,,100,0,100,0,200,0,,,,,,,,,,,,,,,,,,,,,,,,,,,100,33913,100,52826014736,100,156075215593,,,,,,,,,,
2019-09-16,Z304JJGH,ST4000DM000,4000787030016,0,114,62381944,,,92,0,100,12,100,0,88,696408780,,,62,34002,100,0,,,100,12,,,,,,,,,,,,,,,,,,,,,,,,,,,,,,,100,0,100,0,100,0,100,0,100,0,70,30,100,0,100,1,96,9405,30,30,,,,,100,0,100,0,200,0,,,,,,,,,,,,,,,,,,,,,,,,,,,100,33937,100,52842922408,100,156266749805,,,,,,,,,,
2019-09-17,Z304JJGH,ST4000DM000,4000787030016,0,118,189828376,,,92,0,100,12,100,0,88,698965157,,,62,34026,100,0,,,100,12,,,,,,,,,,,,,,,,,,,,,,,,,,,,,,,100,0,100,0,100,0,100,0,100,0,70,30,100,0,100,1,96,9405,30,30,,,,,100,0,100,0,200,0,,,,,,,,,,,,,,,,,,,,,,,,,,,100,33961,100,52871676840,100,156484799665,,,,,,,,,,
2019-09-18,Z304JJGH,ST4000DM000,4000787030016,0,117,155619120,,,92,0,100,12,100,0,88,701786902,,,62,34061,100,0,,,100,12,,,,,,,,,,,,,,,,,,,,,,,,,,,,,,,100,0,100,0,100,0,100,0,100,0,71,29,100,0,100,1,96,9405,29,29,,,,,100,0,100,0,200,0,,,,,,,,,,,,,,,,,,,,,,,,,,,100,33996,100,52919969072,100,156773211527,,,,,,,,,,
2019-09-19,Z304JJGH,ST4000DM000,4000787030016,0,114,74946808,,,92,0,100,12,100,0,88,703031646,,,62,34085,100,0,,,100,12,,,,,,,,,,,,,,,,,,,,,,,,,,,,,,,100,0,100,0,100,0,100,0,100,0,70,30,100,0,100,1,96,9405,30,30,,,,,100,0,100,0,200,0,,,,,,,,,,,,,,,,,,,,,,,,,,,100,34020,100,52946001088,100,156972980167,,,,,,,,,,
2019-09-20,Z304JJGH,ST4000DM000,4000787030016,0,114,74960112,,,92,0,100,12,100,0,88,704923807,,,62,34109,100,0,,,100,12,,,,,,,,,,,,,,,,,,,,,,,,,,,,,,,100,0,100,0,100,0,100,0,100,0,71,29,100,0,100,1,96,9405,29,29,,,,,100,0,100,0,200,0,,,,,,,,,,,,,,,,,,,,,,,,,,,100,34044,100,52975570528,100,157146105330,,,,,,,,,,
2019-09-21,Z304JJGH,ST4000DM000,4000787030016,0,116,109603368,,,92,0,100,12,100,0,88,706292105,,,62,34133,100,0,,,100,12,,,,,,,,,,,,,,,,,,,,,,,,,,,,,,,100,0,100,0,100,0,100,0,100,0,71,29,100,0,100,1,96,9405,29,29,,,,,100,0,100,0,200,0,,,,,,,,,,,,,,,,,,,,,,,,,,,100,34067,100,52995440304,100,157294877423,,,,,,,,,,
2019-09-22,Z304JJGH,ST4000DM000,4000787030016,0,119,214483184,,,92,0,100,12,100,0,88,707569671,,,62,34156,100,0,,,100,12,,,,,,,,,,,,,,,,,,,,,,,,,,,,,,,100,0,100,0,100,0,100,0,100,0,70,30,100,0,100,1,96,9405,30,30,,,,,100,0,100,0,200,0,,,,,,,,,,,,,,,,,,,,,,,,,,,100,34091,100,53013248256,100,157455095593,,,,,,,,,,
2019-09-23,Z304JJGH,ST4000DM000,4000787030016,0,114,67140856,,,92,0,100,12,100,0,88,708947725,,,61,34180,100,0,,,100,12,,,,,,,,,,,,,,,,,,,,,,,,,,,,,,,100,0,100,0,100,0,100,0,100,0,70,30,100,0,100,1,96,9405,30,30,,,,,100,0,100,0,200,0,,,,,,,,,,,,,,,,,,,,,,,,,,,100,34115,100,53030122656,100,157610442481,,,,,,,,,,
2019-09-24,Z304JJGH,ST4000DM000,4000787030016,0,112,48495688,,,92,0,100,12,100,0,88,710081564,,,61,34204,100,0,,,100,12,,,,,,,,,,,,,,,,,,,,,,,,,,,,,,,100,0,100,0,100,0,100,0,100,0,70,30,100,0,100,1,96,9405,30,30,,,,,100,0,100,0,200,0,,,,,,,,,,,,,,,,,,,,,,,,,,,100,34139,100,53050777488,100,157738572793,,,,,,,,,,
2019-09-25,Z304JJGH,ST4000DM000,4000787030016,0,114,69016912,,,92,0,100,12,100,0,88,712461979,,,61,34228,100,0,,,100,12,,,,,,,,,,,,,,,,,,,,,,,,,,,,,,,100,0,100,0,100,0,100,0,100,0,71,29,100,0,100,1,96,9405,29,29,,,,,100,0,100,0,200,0,,,,,,,,,,,,,,,,,,,,,,,,,,,100,34163,100,53074821256,100,157894101983,,,,,,,,,,
2019-09-26,Z304JJGH,ST4000DM000,4000787030016,0,111,35396080,,,92,0,100,12,100,0,88,713463087,,,61,34252,100,0,,,100,12,,,,,,,,,,,,,,,,,,,,,,,,,,,,,,,100,0,100,0,100,0,100,0,100,0,70,30,100,0,100,1,96,9405,30,30,,,,,100,0,100,0,200,0,,,,,,,,,,,,,,,,,,,,,,,,,,,100,34187,100,53091271504,100,158023002467,,,,,,,,,,
2019-09-27,Z304JJGH,ST4000DM000,4000787030016,0,119,204218896,,,92,0,100,12,100,0,88,715056145,,,61,34276,100,0,,,100,12,,,,,,,,,,,,,,,,,,,,,,,,,,,,,,,100,0,100,0,100,0,100,0,100,0,70,30,100,0,100,1,96,9405,30,30,,,,,100,0,100,0,200,0,,,,,,,,,,,,,,,,,,,,,,,,,,,100,34210,100,53124218808,100,158140080555,,,,,,,,,,
2019-09-28,Z304JJGH,ST4000DM000,4000787030016,0,116,116928440,,,92,0,100,12,100,0,88,716932976,,,61,34300,100,0,,,100,12,,,,,,,,,,,,,,,,,,,,,,,,,,,,,,,100,0,100,0,100,0,100,0,100,0,71,29,100,0,100,1,96,9405,29,29,,,,,100,0,100,0,200,0,,,,,,,,,,,,,,,,,,,,,,,,,,,100,34234,100,53154479704,100,158258490773,,,,,,,,,,
2019-09-29,Z304JJGH,ST4000DM000,4000787030016,0,117,154968760,,,92,0,100,12,100,0,88,717847806,,,61,34323,100,0,,,100,12,,,,,,,,,,,,,,,,,,,,,,,,,,,,,,,100,0,100,0,100,0,100,0,100,0,70,30,100,0,100,1,96,9405,30,30,,,,,100,0,100,0,200,0,,,,,,,,,,,,,,,,,,,,,,,,,,,100,34258,100,53170268696,100,158361151479,,,,,,,,,,
2019-09-30,Z304JJGH,ST4000DM000,4000787030016,0,119,218703448,,,92,0,100,12,100,0,88,720295482,,,61,34347,100,0,,,100,12,,,,,,,,,,,,,,,,,,,,,,,,,,,,,,,100,0,100,0,100,0,100,0,100,0,70,30,100,0,100,1,96,9405,30,30,,,,,100,0,100,0,200,0,,,,,,,,,,,,,,,,,,,,,,,,,,,100,34282,100,53199705952,100,158491470200,,,,,,,,,,
2019-10-01,Z304JJGH,ST4000DM000,4000787030016,0,117,144921560,,,92,0,100,12,100,0,88,721326179,,,61,34371,100,0,,,100,12,,,,,,,,,,,,,,,,,,,,,,,,,,,,,,,,,100,0,100,0,100,0,100,0,100,0,71,29,100,0,100,1,96,9405,29,29,,,,,100,0,100,0,200,0,,,,,,,,,,,,,,,,,,,,,,,,,,,100,34306,100,53216377464,100,158616247428,,,,,,,,,,
2019-10-02,Z304JJGH,ST4000DM000,4000787030016,0,117,134064472,,,92,0,100,12,100,0,88,723864490,,,61,34395,100,0,,,100,12,,,,,,,,,,,,,,,,,,,,,,,,,,,,,,,,,100,0,100,0,100,0,100,0,100,0,71,29,100,0,100,1,96,9405,29,29,,,,,100,0,100,0,200,0,,,,,,,,,,,,,,,,,,,,,,,,,,,100,34330,100,53243749424,100,158761821229,,,,,,,,,,
2019-10-03,Z304JJGH,ST4000DM000,4000787030016,0,119,207576360,,,92,0,100,12,100,0,88,724322815,,,61,34419,100,0,,,100,12,,,,,,,,,,,,,,,,,,,,,,,,,,,,,,,,,100,0,100,0,100,0,100,0,100,0,71,29,100,0,100,1,96,9405,29,29,,,,,100,0,100,0,200,0,,,,,,,,,,,,,,,,,,,,,,,,,,,100,34354,100,53257045016,100,158810074483,,,,,,,,,,
2019-10-04,Z304JJGH,ST4000DM000,4000787030016,0,115,89877720,,,92,0,100,12,100,0,88,725447767,,,61,34443,100,0,,,100,12,,,,,,,,,,,,,,,,,,,,,,,,,,,,,,,,,100,0,100,0,100,0,100,0,100,0,71,29,100,0,100,1,96,9405,29,29,,,,,100,0,100,0,200,0,,,,,,,,,,,,,,,,,,,,,,,,,,,100,34377,100,53272934608,100,158853327706,,,,,,,,,,
2019-10-05,Z304JJGH,ST4000DM000,4000787030016,0,118,168610568,,,92,0,100,12,100,0,88,726754342,,,61,34466,100,0,,,100,12,,,,,,,,,,,,,,,,,,,,,,,,,,,,,,,,,100,0,100,0,100,0,100,0,100,0,70,30,100,0,100,1,96,9405,30,30,,,,,100,0,100,0,200,0,,,,,,,,,,,,,,,,,,,,,,,,,,,100,34401,100,53304171288,100,158906197826,,,,,,,,,,
2019-10-06,Z304JJGH,ST4000DM000,4000787030016,0,119,210484832,,,92,0,100,12,100,0,88,727601073,,,61,34490,100,0,,,100,12,,,,,,,,,,,,,,,,,,,,,,,,,,,,,,,,,100,0,100,0,100,0,100,0,100,0,71,29,100,0,100,1,96,9405,29,29,,,,,100,0,100,0,200,0,,,,,,,,,,,,,,,,,,,,,,,,,,,100,34425,100,53362969928,100,158971972667,,,,,,,,,,
2019-10-07,Z304JJGH,ST4000DM000,4000787030016,0,117,120527224,,,92,0,100,12,100,0,88,728308294,,,61,34514,100,0,,,100,12,,,,,,,,,,,,,,,,,,,,,,,,,,,,,,,,,100,0,100,0,100,0,100,0,100,0,71,29,100,0,100,1,96,9405,29,29,,,,,100,0,100,0,200,0,,,,,,,,,,,,,,,,,,,,,,,,,,,100,34449,100,53388658008,100,159056541061,,,,,,,,,,
2019-10-08,Z304JJGH,ST4000DM000,4000787030016,0,117,146204832,,,92,0,100,12,100,0,88,729074107,,,61,34538,100,0,,,100,12,,,,,,,,,,,,,,,,,,,,,,,,,,,,,,,,,100,0,100,0,100,0,100,0,100,0,71,29,100,0,100,1,96,9405,29,29,,,,,100,0,100,0,200,0,,,,,,,,,,,,,,,,,,,,,,,,,,,100,34473,100,53413596624,100,159123304213,,,,,,,,,,
2019-10-09,Z304JJGH,ST4000DM000,4000787030016,0,116,109955176,,,92,0,100,12,100,0,88,731211826,,,61,34562,100,0,,,100,12,,,,,,,,,,,,,,,,,,,,,,,,,,,,,,,,,100,0,100,0,100,0,100,0,100,0,71,29,100,0,100,1,96,9405,29,29,,,,,100,0,100,0,200,0,,,,,,,,,,,,,,,,,,,,,,,,,,,100,34497,100,53441653792,100,159207130052,,,,,,,,,,
2019-10-10,Z304JJGH,ST4000DM000,4000787030016,0,116,112200184,,,92,0,100,12,100,0,88,731913067,,,61,34586,100,0,,,100,12,,,,,,,,,,,,,,,,,,,,,,,,,,,,,,,,,100,0,100,0,100,0,100,0,100,0,71,29,100,0,100,1,96,9405,29,29,,,,,100,0,100,0,200,0,,,,,,,,,,,,,,,,,,,,,,,,,,,100,34521,100,53457465480,100,159278854486,,,,,,,,,,
2019-10-11,Z304JJGH,ST4000DM000,4000787030016,0,120,239433704,,,92,0,100,12,100,0,88,733262936,,,61,34610,100,0,,,100,12,,,,,,,,,,,,,,,,,,,,,,,,,,,,,,,,,100,0,100,0,100,0,100,0,100,0,70,30,100,0,100,1,96,9405,30,30,,,,,100,0,100,0,200,0,,,,,,,,,,,,,,,,,,,,,,,,,,,100,34545,100,53469981536,100,159410276137,,,,,,,,,,
2019-10-12,Z304JJGH,ST4000DM000,4000787030016,0,116,106093816,,,92,0,100,12,100,0,88,736807034,,,61,34634,100,0,,,100,12,,,,,,,,,,,,,,,,,,,,,,,,,,,,,,,,,100,0,100,0,100,0,100,0,100,0,70,30,100,0,100,1,96,9405,30,30,,,,,100,0,100,0,200,0,,,,,,,,,,,,,,,,,,,,,,,,,,,100,34569,100,53494353712,100,159593359385,,,,,,,,,,
2019-10-13,Z304JJGH,ST4000DM000,4000787030016,0,114,65015560,,,92,0,100,12,100,0,88,737363754,,,61,34658,100,0,,,100,12,,,,,,,,,,,,,,,,,,,,,,,,,,,,,,,,,100,0,100,0,100,0,100,0,100,0,70,30,100,0,100,1,96,9405,30,30,,,,,100,0,100,0,200,0,,,,,,,,,,,,,,,,,,,,,,,,,,,100,34593,100,53501581688,100,159651370125,,,,,,,,,,
2019-10-14,Z304JJGH,ST4000DM000,4000787030016,0,117,160580400,,,92,0,100,12,100,0,88,738011797,,,61,34682,100,0,,,100,12,,,,,,,,,,,,,,,,,,,,,,,,,,,,,,,,,100,0,100,0,100,0,100,0,100,0,70,30,100,0,100,1,96,9405,30,30,,,,,100,0,100,0,200,0,,,,,,,,,,,,,,,,,,,,,,,,,,,100,34617,100,53511642600,100,159713876444,,,,,,,,,,
2019-10-15,Z304JJGH,ST4000DM000,4000787030016,0,107,13145744,,,92,0,100,12,100,0,88,740102148,,,61,34730,100,0,,,100,12,,,,,,,,,,,,,,,,,,,,,,,,,,,,,,,,,100,0,100,0,100,0,100,0,100,0,70,30,100,0,100,1,96,9405,30,30,,,,,100,0,100,0,200,0,,,,,,,,,,,,,,,,,,,,,,,,,,,100,34664,100,53524554488,100,159815595226,,,,,,,,,,
2019-10-16,Z304JJGH,ST4000DM000,4000787030016,0,107,13145744,,,92,0,100,12,100,0,88,740102148,,,61,34730,100,0,,,100,12,,,,,,,,,,,,,,,,,,,,,,,,,,,,,,,,,100,0,100,0,100,0,100,0,100,0,70,30,100,0,100,1,96,9405,30,30,,,,,100,0,100,0,200,0,,,,,,,,,,,,,,,,,,,,,,,,,,,100,34664,100,53524554488,100,159815595226,,,,,,,,,,
2019-10-17,Z304JJGH,ST4000DM000,4000787030016,0,114,72452272,,,92,0,100,12,100,0,88,740455247,,,61,34753,100,0,,,100,12,,,,,,,,,,,,,,,,,,,,,,,,,,,,,,,,,100,0,100,0,100,0,100,0,100,0,71,29,100,0,100,1,96,9405,29,29,,,,,100,0,100,0,200,0,,,,,,,,,,,,,,,,,,,,,,,,,,,100,34688,100,53525974880,100,159864279844,,,,,,,,,,
2019-10-18,Z304JJGH,ST4000DM000,4000787030016,0,117,149197384,,,92,0,100,12,100,0,88,740964617,,,61,34777,100,0,,,100,12,,,,,,,,,,,,,,,,,,,,,,,,,,,,,,,,,100,0,100,0,100,0,100,0,100,0,71,29,100,0,100,1,96,9405,29,29,,,,,100,0,100,0,200,0,,,,,,,,,,,,,,,,,,,,,,,,,,,100,34712,100,53528281216,100,159913792681,,,,,,,,,,
2019-10-19,Z304JJGH,ST4000DM000,4000787030016,0,117,128749360,,,92,0,100,12,100,0,88,742381135,,,61,34801,100,0,,,100,12,,,,,,,,,,,,,,,,,,,,,,,,,,,,,,,,,100,0,100,0,100,0,100,0,100,0,71,29,100,0,100,1,96,9405,29,29,,,,,100,0,100,0,200,0,,,,,,,,,,,,,,,,,,,,,,,,,,,100,34736,100,53535758192,100,159958889012,,,,,,,,,,
2019-10-20,Z304JJGH,ST4000DM000,4000787030016,0,111,40033488,,,92,0,100,12,100,0,88,743018376,,,61,34825,100,0,,,100,12,,,,,,,,,,,,,,,,,,,,,,,,,,,,,,,,,100,0,100,0,100,0,100,0,100,0,70,30,100,0,100,1,96,9405,30,30,,,,,100,0,100,0,200,0,,,,,,,,,,,,,,,,,,,,,,,,,,,100,34760,100,53553630864,100,159999153835,,,,,,,,,,
2019-10-21,Z304JJGH,ST4000DM000,4000787030016,0,114,62980496,,,92,0,100,12,100,0,88,743444949,,,61,34849,100,0,,,100,12,,,,,,,,,,,,,,,,,,,,,,,,,,,,,,,,,100,0,100,0,100,0,100,0,100,0,71,29,100,0,100,1,96,9405,29,29,,,,,100,0,100,0,200,0,,,,,,,,,,,,,,,,,,,,,,,,,,,100,34784,100,53568177512,100,160020507224,,,,,,,,,,
2019-10-22,Z304JJGH,ST4000DM000,4000787030016,0,118,169071064,,,92,0,100,12,100,0,88,743986892,,,61,34873,100,0,,,100,12,,,,,,,,,,,,,,,,,,,,,,,,,,,,,,,,,100,0,100,0,100,0,100,0,100,0,70,30,100,0,100,1,96,9405,30,30,,,,,100,0,100,0,200,0,,,,,,,,,,,,,,,,,,,,,,,,,,,100,34808,100,53582622808,100,160073274613,,,,,,,,,,
2019-10-23,Z304JJGH,ST4000DM000,4000787030016,0,120,237411992,,,92,0,100,12,100,0,88,745577169,,,61,34897,100,0,,,100,12,,,,,,,,,,,,,,,,,,,,,,,,,,,,,,,,,100,0,100,0,100,0,100,0,100,0,71,29,100,0,100,1,96,9405,29,29,,,,,100,0,100,0,200,0,,,,,,,,,,,,,,,,,,,,,,,,,,,100,34832,100,53601951344,100,160127660309,,,,,,,,,,
2019-10-24,Z304JJGH,ST4000DM000,4000787030016,0,114,83421936,,,92,0,100,12,100,0,88,746282615,,,61,34921,100,0,,,100,12,,,,,,,,,,,,,,,,,,,,,,,,,,,,,,,,,100,0,100,0,100,0,100,0,100,0,71,29,100,0,100,1,96,9405,29,29,,,,,100,0,100,0,200,0,,,,,,,,,,,,,,,,,,,,,,,,,,,100,34856,100,53622446024,100,160171649046,,,,,,,,,,
2019-10-25,Z304JJGH,ST4000DM000,4000787030016,0,119,218602792,,,92,0,100,12,100,0,88,747015210,,,61,34945,100,0,,,100,12,,,,,,,,,,,,,,,,,,,,,,,,,,,,,,,,,100,0,100,0,100,0,100,0,100,0,71,29,100,0,100,1,96,9405,29,29,,,,,100,0,100,0,200,0,,,,,,,,,,,,,,,,,,,,,,,,,,,100,34880,100,53636150056,100,160229496875,,,,,,,,,,
2019-10-26,Z304JJGH,ST4000DM000,4000787030016,0,112,42730936,,,92,0,100,12,100,0,88,748466062,,,61,34969,100,0,,,100,12,,,,,,,,,,,,,,,,,,,,,,,,,,,,,,,,,100,0,100,0,100,0,100,0,100,0,71,29,100,0,100,1,96,9405,29,29,,,,,100,0,100,0,200,0,,,,,,,,,,,,,,,,,,,,,,,,,,,100,34904,100,53645813552,100,160280821721,,,,,,,,,,
2019-10-27,Z304JJGH,ST4000DM000,4000787030016,0,113,51649352,,,92,0,100,12,100,0,88,749240815,,,61,34992,100,0,,,100,12,,,,,,,,,,,,,,,,,,,,,,,,,,,,,,,,,100,0,100,0,100,0,100,0,100,0,70,30,100,0,100,1,96,9405,30,30,,,,,100,0,100,0,200,0,,,,,,,,,,,,,,,,,,,,,,,,,,,100,34927,100,53672963088,100,160347815387,,,,,,,,,,
2019-10-28,Z304JJGH,ST4000DM000,4000787030016,0,115,92678656,,,92,0,100,12,100,0,88,751756117,,,61,35016,100,0,,,100,12,,,,,,,,,,,,,,,,,,,,,,,,,,,,,,,,,100,0,100,0,100,0,100,0,100,0,70,30,100,0,100,1,96,9405,30,30,,,,,100,0,100,0,200,0,,,,,,,,,,,,,,,,,,,,,,,,,,,100,34951,100,53688612328,100,160464823459,,,,,,,,,,
2019-10-29,Z304JJGH,ST4000DM000,4000787030016,0,119,202631296,,,92,0,100,12,100,0,88,752400945,,,61,35028,100,0,,,100,12,,,,,,,,,,,,,,,,,,,,,,,,,,,,,,,,,100,0,100,0,100,0,100,0,100,0,71,29,100,0,100,1,96,9405,29,29,,,,,100,0,100,0,200,0,,,,,,,,,,,,,,,,,,,,,,,,,,,100,34963,100,53698501560,100,160534510422,,,,,,,,,,
2019-10-30,Z304JJGH,ST4000DM000,4000787030016,0,112,48895360,,,92,0,100,12,100,0,88,755255523,,,60,35064,100,0,,,100,12,,,,,,,,,,,,,,,,,,,,,,,,,,,,,,,,,100,0,100,0,100,0,100,0,100,0,70,30,100,0,100,1,96,9405,30,30,,,,,100,0,100,0,200,0,,,,,,,,,,,,,,,,,,,,,,,,,,,100,34999,100,53723568456,100,160728136664,,,,,,,,,,
2019-10-31,Z304JJGH,ST4000DM000,4000787030016,0,116,117310424,,,92,0,100,12,100,0,88,756422472,,,60,35088,100,0,,,100,12,,,,,,,,,,,,,,,,,,,,,,,,,,,,,,,,,100,0,100,0,100,0,100,0,100,0,70,30,100,0,100,1,96,9405,30,30,,,,,100,0,100,0,200,0,,,,,,,,,,,,,,,,,,,,,,,,,,,100,35022,100,53743771736,100,160823691720,,,,,,,,,,
2019-11-01,Z304JJGH,ST4000DM000,4000787030016,0,117,147897752,,,92,0,100,12,100,0,88,757205855,,,60,35111,100,0,,,100,12,,,,,,,,,,,,,,,,,,,,,,,,,,,,,,,,,100,0,100,0,100,0,100,0,100,0,70,30,100,0,100,1,96,9405,30,30,,,,,100,0,100,0,200,0,,,,,,,,,,,,,,,,,,,,,,,,,,,100,35046,100,53750635248,100,160924713504,,,,,,,,,,
2019-11-02,Z304JJGH,ST4000DM000,4000787030016,0,113,56538544,,,92,0,100,12,100,0,88,758756049,,,60,35135,100,0,,,100,12,,,,,,,,,,,,,,,,,,,,,,,,,,,,,,,,,100,0,100,0,100,0,100,0,100,0,70,30,100,0,100,1,96,9405,30,30,,,,,100,0,100,0,200,0,,,,,,,,,,,,,,,,,,,,,,,,,,,100,35070,100,53755987152,100,161002386009,,,,,,,,,,
2019-11-03,Z304JJGH,ST4000DM000,4000787030016,0,109,24836648,,,92,0,100,12,100,0,88,759298010,,,60,35159,100,0,,,100,12,,,,,,,,,,,,,,,,,,,,,,,,,,,,,,,,,100,0,100,0,100,0,100,0,100,0,68,32,100,0,100,1,96,9405,32,32,,,,,100,0,100,0,200,0,,,,,,,,,,,,,,,,,,,,,,,,,,,100,35094,100,53770778280,100,161051601727,,,,,,,,,,
2019-11-04,Z304JJGH,ST4000DM000,4000787030016,0,115,97979656,,,92,0,100,12,100,0,88,760011225,,,60,35183,100,0,,,100,12,,,,,,,,,,,,,,,,,,,,,,,,,,,,,,,,,100,0,100,0,100,0,100,0,100,0,70,30,100,0,100,1,96,9405,30,30,,,,,100,0,100,0,200,0,,,,,,,,,,,,,,,,,,,,,,,,,,,100,35118,100,53777624968,100,161144758581,,,,,,,,,,
2019-11-06,Z304JJGH,ST4000DM000,4000787030016,0,118,182542992,,,92,0,100,12,100,0,88,763702738,,,60,35230,100,0,,,100,12,,,,,,,,,,,,,,,,,,,,,,,,,,,,,,,,,100,0,100,0,100,0,100,0,100,0,70,30,100,0,100,1,96,9405,30,30,,,,,100,0,100,0,200,0,,,,,,,,,,,,,,,,,,,,,,,,,,,100,35165,100,53788729568,100,161399851853,,,,,,,,,,
2019-11-07,Z304JJGH,ST4000DM000,4000787030016,0,105,9141272,,,92,0,100,12,100,0,88,764860233,,,60,35254,100,0,,,100,12,,,,,,,,,,,,,,,,,,,,,,,,,,,,,,,,,100,0,100,0,100,0,100,0,100,0,70,30,100,0,100,1,96,9405,30,30,,,,,100,0,100,0,200,0,,,,,,,,,,,,,,,,,,,,,,,,,,,100,35189,100,53796143856,100,161454829813,,,,,,,,,,
2019-11-08,Z304JJGH,ST4000DM000,4000787030016,0,114,74026624,,,92,0,100,12,100,0,88,765486207,,,60,35278,100,0,,,100,12,,,,,,,,,,,,,,,,,,,,,,,,,,,,,,,,,100,0,100,0,100,0,100,0,100,0,70,30,100,0,100,1,96,9405,30,30,,,,,100,0,100,0,200,0,,,,,,,,,,,,,,,,,,,,,,,,,,,100,35213,100,53806710912,100,161558030430,,,,,,,,,,
2019-11-09,Z304JJGH,ST4000DM000,4000787030016,0,117,120201360,,,92,0,100,12,100,0,88,767335794,,,60,35302,100,0,,,100,12,,,,,,,,,,,,,,,,,,,,,,,,,,,,,,,,,100,0,100,0,100,0,100,0,100,0,71,29,100,0,100,1,96,9405,29,29,,,,,100,0,100,0,200,0,,,,,,,,,,,,,,,,,,,,,,,,,,,100,35237,100,53812953648,100,161702973002,,,,,,,,,,
2019-11-10,Z304JJGH,ST4000DM000,4000787030016,0,118,194729448,,,92,0,100,12,100,0,88,768084180,,,60,35326,100,0,,,100,12,,,,,,,,,,,,,,,,,,,,,,,,,,,,,,,,,100,0,100,0,100,0,100,0,100,0,70,30,100,0,100,1,96,9405,30,30,,,,,100,0,100,0,200,0,,,,,,,,,,,,,,,,,,,,,,,,,,,100,35261,100,53819245168,100,161821634174,,,,,,,,,,
2019-11-11,Z304JJGH,ST4000DM000,4000787030016,0,117,159557512,,,92,0,100,12,100,0,88,769180377,,,60,35350,100,0,,,100,12,,,,,,,,,,,,,,,,,,,,,,,,,,,,,,,,,100,0,100,0,100,0,100,0,100,0,71,29,100,0,100,1,96,9405,29,29,,,,,100,0,100,0,200,0,,,,,,,,,,,,,,,,,,,,,,,,,,,100,35285,100,53829057408,100,161989931230,,,,,,,,,,
2019-11-12,Z304JJGH,ST4000DM000,4000787030016,0,111,33892008,,,92,0,100,12,100,0,88,770507714,,,60,35373,100,0,,,100,12,,,,,,,,,,,,,,,,,,,,,,,,,,,,,,,,,100,0,100,0,100,0,100,0,100,0,71,29,100,0,100,1,96,9405,29,29,,,,,100,0,100,0,200,0,,,,,,,,,,,,,,,,,,,,,,,,,,,100,35308,100,53839305736,100,162234620902,,,,,,,,,,
2019-11-13,Z304JJGH,ST4000DM000,4000787030016,0,111,38280880,,,92,0,100,12,100,0,88,772691323,,,60,35397,100,0,,,100,12,,,,,,,,,,,,,,,,,,,,,,,,,,,,,,,,,100,0,100,0,100,0,100,0,100,0,70,30,100,0,100,1,96,9405,30,30,,,,,100,0,100,0,200,0,,,,,,,,,,,,,,,,,,,,,,,,,,,100,35332,100,53862388432,100,162623423964,,,,,,,,,,
2019-11-14,Z304JJGH,ST4000DM000,4000787030016,0,119,233870648,,,92,0,100,12,100,0,88,773898357,,,60,35421,100,0,,,100,12,,,,,,,,,,,,,,,,,,,,,,,,,,,,,,,,,100,0,100,0,100,0,100,0,100,0,70,30,100,0,100,1,96,9405,30,30,,,,,100,0,100,0,200,0,,,,,,,,,,,,,,,,,,,,,,,,,,,100,35356,100,53875035152,100,162873053477,,,,,,,,,,
2019-11-15,Z304JJGH,ST4000DM000,4000787030016,0,113,56252960,,,92,0,100,12,100,0,88,775155868,,,60,35445,100,0,,,100,12,,,,,,,,,,,,,,,,,,,,,,,,,,,,,,,,,100,0,100,0,100,0,100,0,100,0,70,30,100,0,100,1,96,9405,30,30,,,,,100,0,100,0,200,0,,,,,,,,,,,,,,,,,,,,,,,,,,,100,35380,100,53881014984,100,163210445952,,,,,,,,,,
2019-11-16,Z304JJGH,ST4000DM000,4000787030016,0,117,128788392,,,92,0,100,12,100,0,88,777280935,,,60,35469,100,0,,,100,12,,,,,,,,,,,,,,,,,,,,,,,,,,,,,,,,,100,0,100,0,100,0,100,0,100,0,70,30,100,0,100,1,96,9405,30,30,,,,,100,0,100,0,200,0,,,,,,,,,,,,,,,,,,,,,,,,,,,100,35404,100,53891235776,100,163421850673,,,,,,,,,,
2019-11-17,Z304JJGH,ST4000DM000,4000787030016,0,119,206983336,,,92,0,100,12,100,0,88,779369465,,,60,35493,100,0,,,100,12,,,,,,,,,,,,,,,,,,,,,,,,,,,,,,,,,100,0,100,0,100,0,100,0,100,0,70,30,100,0,100,1,96,9405,30,30,,,,,100,0,100,0,200,0,,,,,,,,,,,,,,,,,,,,,,,,,,,100,35428,100,53899918416,100,163724211947,,,,,,,,,,
2019-11-18,Z304JJGH,ST4000DM000,4000787030016,0,110,25532016,,,92,0,100,12,100,0,88,780926227,,,60,35517,100,0,,,100,12,,,,,,,,,,,,,,,,,,,,,,,,,,,,,,,,,100,0,100,0,100,0,100,0,100,0,70,30,100,0,100,1,96,9405,30,30,,,,,100,0,100,0,200,0,,,,,,,,,,,,,,,,,,,,,,,,,,,100,35452,100,53909948736,100,163989244251,,,,,,,,,,
2019-11-19,Z304JJGH,ST4000DM000,4000787030016,0,118,188230536,,,92,0,100,12,100,0,88,782455736,,,60,35541,100,0,,,100,12,,,,,,,,,,,,,,,,,,,,,,,,,,,,,,,,,100,0,100,0,100,0,100,0,100,0,70,30,100,0,100,1,96,9405,30,30,,,,,100,0,100,0,200,0,,,,,,,,,,,,,,,,,,,,,,,,,,,100,35475,100,53923510600,100,164227679500,,,,,,,,,,
2019-11-20,Z304JJGH,ST4000DM000,4000787030016,0,114,78842480,,,92,0,100,12,100,0,88,787360519,,,60,35576,100,0,,,100,12,,,,,,,,,,,,,,,,,,,,,,,,,,,,,,,,,100,0,100,0,100,0,100,0,100,0,71,29,100,0,100,1,96,9405,29,29,,,,,100,0,100,0,200,0,,,,,,,,,,,,,,,,,,,,,,,,,,,100,35511,100,53946797952,100,164580089346,,,,,,,,,,
2019-11-21,Z304JJGH,ST4000DM000,4000787030016,0,118,188700272,,,92,0,100,12,100,0,88,788809574,,,60,35600,100,0,,,100,12,,,,,,,,,,,,,,,,,,,,,,,,,,,,,,,,,100,0,100,0,100,0,100,0,100,0,71,29,100,0,100,1,96,9405,29,29,,,,,100,0,100,0,200,0,,,,,,,,,,,,,,,,,,,,,,,,,,,100,35535,100,53953533536,100,164819808188,,,,,,,,,,
2019-11-22,Z304JJGH,ST4000DM000,4000787030016,0,107,13784928,,,92,0,100,12,100,0,88,791003344,,,60,35624,100,0,,,100,12,,,,,,,,,,,,,,,,,,,,,,,,,,,,,,,,,100,0,100,0,100,0,100,0,100,0,68,32,100,0,100,1,96,9405,32,32,,,,,100,0,100,0,200,0,,,,,,,,,,,,,,,,,,,,,,,,,,,100,35558,100,53962234104,100,165023295513,,,,,,,,,,
2019-11-23,Z304JJGH,ST4000DM000,4000787030016,0,119,217858640,,,92,0,100,12,100,0,88,792618776,,,60,35647,100,0,,,100,12,,,,,,,,,,,,,,,,,,,,,,,,,,,,,,,,,100,0,100,0,100,0,100,0,100,0,70,30,100,0,100,1,96,9405,30,30,,,,,100,0,100,0,200,0,,,,,,,,,,,,,,,,,,,,,,,,,,,100,35582,100,53971495136,100,165202912770,,,,,,,,,,
2019-11-24,Z304JJGH,ST4000DM000,4000787030016,0,114,67669120,,,92,0,100,12,100,0,88,793726555,,,60,35671,100,0,,,100,12,,,,,,,,,,,,,,,,,,,,,,,,,,,,,,,,,100,0,100,0,100,0,100,0,100,0,70,30,100,0,100,1,96,9405,30,30,,,,,100,0,100,0,200,0,,,,,,,,,,,,,,,,,,,,,,,,,,,100,35606,100,53980013032,100,165331610107,,,,,,,,,,
2019-11-25,Z304JJGH,ST4000DM000,4000787030016,0,118,195151952,,,92,0,100,12,100,0,88,794999869,,,60,35695,100,0,,,100,12,,,,,,,,,,,,,,,,,,,,,,,,,,,,,,,,,100,0,100,0,100,0,100,0,100,0,70,30,100,0,100,1,96,9405,30,30,,,,,100,0,100,0,200,0,,,,,,,,,,,,,,,,,,,,,,,,,,,100,35630,100,53987245448,100,165498816896,,,,,,,,,,
2019-11-26,Z304JJGH,ST4000DM000,4000787030016,0,117,165798424,,,92,0,100,12,100,0,88,796862020,,,60,35719,100,0,,,100,12,,,,,,,,,,,,,,,,,,,,,,,,,,,,,,,,,100,0,100,0,100,0,100,0,100,0,70,30,100,0,100,1,96,9405,30,30,,,,,100,0,100,0,200,0,,,,,,,,,,,,,,,,,,,,,,,,,,,100,35653,100,53998337464,100,165729452141,,,,,,,,,,
2019-11-27,Z304JJGH,ST4000DM000,4000787030016,0,118,184511704,,,92,0,100,12,100,0,88,798303684,,,60,35730,100,0,,,100,12,,,,,,,,,,,,,,,,,,,,,,,,,,,,,,,,,100,0,100,0,100,0,100,0,100,0,70,30,100,0,100,1,96,9405,30,30,,,,,100,0,100,0,200,0,,,,,,,,,,,,,,,,,,,,,,,,,,,100,35665,100,54006944256,100,165837198510,,,,,,,,,,
2019-11-28,Z304JJGH,ST4000DM000,4000787030016,0,111,40507016,,,92,0,100,12,100,0,88,799797776,,,60,35754,100,0,,,100,12,,,,,,,,,,,,,,,,,,,,,,,,,,,,,,,,,100,0,100,0,100,0,100,0,100,0,70,30,100,0,100,1,96,9405,30,30,,,,,100,0,100,0,200,0,,,,,,,,,,,,,,,,,,,,,,,,,,,100,35689,100,54014137016,100,165969987641,,,,,,,,,,
2019-11-29,Z304JJGH,ST4000DM000,4000787030016,0,117,141021784,,,92,0,100,12,100,0,88,801520709,,,60,35778,100,0,,,100,12,,,,,,,,,,,,,,,,,,,,,,,,,,,,,,,,,100,0,100,0,100,0,100,0,100,0,69,31,100,0,100,1,96,9405,31,31,,,,,100,0,100,0,200,0,,,,,,,,,,,,,,,,,,,,,,,,,,,100,35713,100,54024404288,100,166190299904,,,,,,,,,,
2019-11-30,Z304JJGH,ST4000DM000,4000787030016,0,119,231142416,,,92,0,100,12,100,0,88,803874368,,,60,35802,100,0,,,100,12,,,,,,,,,,,,,,,,,,,,,,,,,,,,,,,,,100,0,100,0,100,0,100,0,100,0,70,30,100,0,100,1,96,9405,30,30,,,,,100,0,100,0,200,0,,,,,,,,,,,,,,,,,,,,,,,,,,,100,35737,100,54036961928,100,166296026072,,,,,,,,,,
2019-12-01,Z304JJGH,ST4000DM000,4000787030016,0,119,223880880,,,92,0,100,12,100,0,88,804793915,,,60,35826,100,0,,,100,12,,,,,,,,,,,,,,,,,,,,,,,,,,,,,,,,,100,0,100,0,100,0,100,0,100,0,70,30,100,0,100,1,96,9405,30,30,,,,,100,0,100,0,200,0,,,,,,,,,,,,,,,,,,,,,,,,,,,100,35761,100,54045009824,100,166466082831,,,,,,,,,,
2019-12-02,Z304JJGH,ST4000DM000,4000787030016,0,119,233861072,,,92,0,100,12,100,0,89,805687754,,,60,35850,100,0,,,100,12,,,,,,,,,,,,,,,,,,,,,,,,,,,,,,,,,100,0,100,0,100,0,100,0,100,0,70,30,100,0,100,1,96,9405,30,30,,,,,100,0,100,0,200,0,,,,,,,,,,,,,,,,,,,,,,,,,,,100,35785,100,54057502728,100,166609811230,,,,,,,,,,
2019-12-03,Z304JJGH,ST4000DM000,4000787030016,0,117,162378960,,,92,0,100,12,100,0,89,806580006,,,60,35874,100,0,,,100,12,,,,,,,,,,,,,,,,,,,,,,,,,,,,,,,,,100,0,100,0,100,0,100,0,100,0,70,30,100,0,100,1,96,9405,30,30,,,,,100,0,100,0,200,0,,,,,,,,,,,,,,,,,,,,,,,,,,,100,35809,100,54067082464,100,166765546981,,,,,,,,,,
2019-12-04,Z304JJGH,ST4000DM000,4000787030016,0,119,208062104,,,92,0,100,12,100,0,89,808438092,,,60,35898,100,0,,,100,12,,,,,,,,,,,,,,,,,,,,,,,,,,,,,,,,,100,0,100,0,100,0,100,0,100,0,70,30,100,0,100,1,96,9405,30,30,,,,,100,0,100,0,200,0,,,,,,,,,,,,,,,,,,,,,,,,,,,100,35833,100,54078008312,100,166990019142,,,,,,,,,,
2019-12-05,Z304JJGH,ST4000DM000,4000787030016,0,117,139040120,,,92,0,100,12,100,0,89,809946991,,,59,35922,100,0,,,100,12,,,,,,,,,,,,,,,,,,,,,,,,,,,,,,,,,100,0,100,0,100,0,100,0,100,0,70,30,100,0,100,1,96,9405,30,30,,,,,100,0,100,0,200,0,,,,,,,,,,,,,,,,,,,,,,,,,,,100,35857,100,54091600120,100,167282557298,,,,,,,,,,
2019-12-06,Z304JJGH,ST4000DM000,4000787030016,0,115,90620288,,,92,0,100,12,100,0,89,812992471,,,59,35946,100,0,,,100,12,,,,,,,,,,,,,,,,,,,,,,,,,,,,,,,,,100,0,100,0,100,0,100,0,100,0,70,30,100,0,100,1,96,9405,30,30,,,,,100,0,100,0,200,0,,,,,,,,,,,,,,,,,,,,,,,,,,,100,35881,100,54094669968,100,167720302533,,,,,,,,,,
2019-12-07,Z304JJGH,ST4000DM000,4000787030016,0,118,173814496,,,92,0,100,12,100,0,89,817472973,,,59,35970,100,0,,,100,12,,,,,,,,,,,,,,,,,,,,,,,,,,,,,,,,,100,0,100,0,100,0,100,0,100,0,70,30,100,0,100,1,96,9405,30,30,,,,,100,0,100,0,200,0,,,,,,,,,,,,,,,,,,,,,,,,,,,100,35905,100,54094965384,100,168119158093,,,,,,,,,,
2019-12-08,Z304JJGH,ST4000DM000,4000787030016,0,118,187351360,,,92,0,100,12,100,0,89,821799856,,,59,35994,100,0,,,100,12,,,,,,,,,,,,,,,,,,,,,,,,,,,,,,,,,100,0,100,0,100,0,100,0,100,0,70,30,100,0,100,1,96,9405,30,30,,,,,100,0,100,0,200,0,,,,,,,,,,,,,,,,,,,,,,,,,,,100,35929,100,54095657688,100,168506078137,,,,,,,,,,
2019-12-09,Z304JJGH,ST4000DM000,4000787030016,0,118,191060952,,,92,0,100,12,100,0,89,825427531,,,59,36018,100,0,,,100,12,,,,,,,,,,,,,,,,,,,,,,,,,,,,,,,,,100,0,100,0,100,0,100,0,100,0,70,30,100,0,100,1,96,9405,30,30,,,,,100,0,100,0,200,0,,,,,,,,,,,,,,,,,,,,,,,,,,,100,35953,100,54096786520,100,168935469496,,,,,,,,,,
2019-12-10,Z304JJGH,ST4000DM000,4000787030016,0,117,117643320,,,92,0,100,12,100,0,89,829343306,,,59,36042,100,0,,,100,12,,,,,,,,,,,,,,,,,,,,,,,,,,,,,,,,,100,0,100,0,100,0,100,0,100,0,70,30,100,0,100,1,96,9405,30,30,,,,,100,0,100,0,200,0,,,,,,,,,,,,,,,,,,,,,,,,,,,100,35977,100,54097499120,100,169449093720,,,,,,,,,,
2019-12-11,Z304JJGH,ST4000DM000,4000787030016,0,118,199246216,,,92,0,100,12,100,0,89,834543726,,,59,36078,100,0,,,100,12,,,,,,,,,,,,,,,,,,,,,,,,,,,,,,,,,100,0,100,0,100,0,100,0,100,0,69,31,100,0,100,1,96,9405,31,31,,,,,100,0,100,0,200,0,,,,,,,,,,,,,,,,,,,,,,,,,,,100,36013,100,54105795248,100,170316492608,,,,,,,,,,
2019-12-12,Z304JJGH,ST4000DM000,4000787030016,0,118,182987288,,,92,0,100,12,100,0,89,839391561,,,59,36102,100,0,,,100,12,,,,,,,,,,,,,,,,,,,,,,,,,,,,,,,,,100,0,100,0,100,0,100,0,100,0,70,30,100,0,100,1,96,9405,30,30,,,,,100,0,100,0,200,0,,,,,,,,,,,,,,,,,,,,,,,,,,,100,36037,100,54106194424,100,171076721747,,,,,,,,,,
2019-12-13,Z304JJGH,ST4000DM000,4000787030016,0,117,149156824,,,92,0,100,12,100,0,89,844419004,,,59,36126,100,0,,,100,12,,,,,,,,,,,,,,,,,,,,,,,,,,,,,,,,,100,0,100,0,100,0,100,0,100,0,69,31,100,0,100,1,96,9405,31,31,,,,,100,0,100,0,200,0,,,,,,,,,,,,,,,,,,,,,,,,,,,100,36061,100,54106558912,100,171722746903,,,,,,,,,,
2019-12-14,Z304JJGH,ST4000DM000,4000787030016,0,117,165415752,,,92,0,100,12,100,0,89,849263089,,,59,36150,100,0,,,100,12,,,,,,,,,,,,,,,,,,,,,,,,,,,,,,,,,100,0,100,0,100,0,100,0,100,0,70,30,100,0,100,1,96,9405,30,30,,,,,100,0,100,0,200,0,,,,,,,,,,,,,,,,,,,,,,,,,,,100,36085,100,54106873096,100,172202479628,,,,,,,,,,
2019-12-15,Z304JJGH,ST4000DM000,4000787030016,0,107,14208960,,,92,0,100,12,100,0,89,853486864,,,59,36174,100,0,,,100,12,,,,,,,,,,,,,,,,,,,,,,,,,,,,,,,,,100,0,100,0,100,0,100,0,100,0,70,30,100,0,100,1,96,9405,30,30,,,,,100,0,100,0,200,0,,,,,,,,,,,,,,,,,,,,,,,,,,,100,36109,100,54107084056,100,172671582699,,,,,,,,,,
2019-12-16,Z304JJGH,ST4000DM000,4000787030016,0,106,10490208,,,92,0,100,12,100,0,89,857423382,,,59,36198,100,0,,,100,12,,,,,,,,,,,,,,,,,,,,,,,,,,,,,,,,,100,0,100,0,100,0,100,0,100,0,70,30,100,0,100,1,96,9405,30,30,,,,,100,0,100,0,200,0,,,,,,,,,,,,,,,,,,,,,,,,,,,100,36132,100,54108075672,100,173126671802,,,,,,,,,,
2019-12-17,Z304JJGH,ST4000DM000,4000787030016,0,111,30253728,,,92,0,100,12,100,0,89,861172262,,,59,36222,100,0,,,100,12,,,,,,,,,,,,,,,,,,,,,,,,,,,,,,,,,100,0,100,0,100,0,100,0,100,0,70,30,100,0,100,1,96,9405,30,30,,,,,100,0,100,0,200,0,,,,,,,,,,,,,,,,,,,,,,,,,,,100,36156,100,54109035120,100,173519412929,,,,,,,,,,
2019-12-18,Z304JJGH,ST4000DM000,4000787030016,0,119,226121472,,,92,0,100,12,100,0,89,863116460,,,59,36233,100,0,,,100,12,,,,,,,,,,,,,,,,,,,,,,,,,,,,,,,,,100,0,100,0,100,0,100,0,100,0,70,30,100,0,100,1,96,9405,30,30,,,,,100,0,100,0,200,0,,,,,,,,,,,,,,,,,,,,,,,,,,,100,36168,100,54109596320,100,173720042043,,,,,,,,,,
2019-12-19,Z304JJGH,ST4000DM000,4000787030016,0,119,222817680,,,92,0,100,12,100,0,89,867363568,,,59,36257,100,0,,,100,12,,,,,,,,,,,,,,,,,,,,,,,,,,,,,,,,,100,0,100,0,100,0,100,0,100,0,70,30,100,0,100,1,96,9405,30,30,,,,,100,0,100,0,200,0,,,,,,,,,,,,,,,,,,,,,,,,,,,100,36192,100,54113294464,100,174202252120,,,,,,,,,,
2019-12-20,Z304JJGH,ST4000DM000,4000787030016,0,114,82533600,,,92,0,100,12,100,0,89,872997242,,,59,36293,100,0,,,100,12,,,,,,,,,,,,,,,,,,,,,,,,,,,,,,,,,100,0,100,0,100,0,100,0,100,0,70,30,100,0,100,1,96,9405,30,30,,,,,100,0,100,0,200,0,,,,,,,,,,,,,,,,,,,,,,,,,,,100,36228,100,54116541632,100,174886871228,,,,,,,,,,
2019-12-21,Z304JJGH,ST4000DM000,4000787030016,0,110,26507072,,,92,0,100,12,100,0,89,877541766,,,59,36317,100,0,,,100,12,,,,,,,,,,,,,,,,,,,,,,,,,,,,,,,,,100,0,100,0,100,0,100,0,100,0,69,31,100,0,100,1,96,9405,31,31,,,,,100,0,100,0,200,0,,,,,,,,,,,,,,,,,,,,,,,,,,,100,36252,100,54116747560,100,175447394906,,,,,,,,,,
2019-12-22,Z304JJGH,ST4000DM000,4000787030016,0,111,36902984,,,92,0,100,12,100,0,89,881631872,,,59,36342,100,0,,,100,12,,,,,,,,,,,,,,,,,,,,,,,,,,,,,,,,,100,0,100,0,100,0,100,0,100,0,69,31,100,0,100,1,96,9405,31,31,,,,,100,0,100,0,200,0,,,,,,,,,,,,,,,,,,,,,,,,,,,100,36276,100,54119460328,100,175970836755,,,,,,,,,,
2019-12-23,Z304JJGH,ST4000DM000,4000787030016,0,119,207017424,,,92,0,100,12,100,0,89,883407148,,,59,36366,100,0,,,100,12,,,,,,,,,,,,,,,,,,,,,,,,,,,,,,,,,100,0,100,0,100,0,100,0,100,0,70,30,100,0,100,1,96,9405,30,30,,,,,100,0,100,0,200,0,,,,,,,,,,,,,,,,,,,,,,,,,,,100,36300,100,54131332752,100,176323505921,,,,,,,,,,
2019-12-24,Z304JJGH,ST4000DM000,4000787030016,0,114,70221704,,,92,0,100,12,100,0,89,885895414,,,59,36389,100,0,,,100,12,,,,,,,,,,,,,,,,,,,,,,,,,,,,,,,,,100,0,100,0,100,0,100,0,100,0,70,30,100,0,100,1,96,9405,30,30,,,,,100,0,100,0,200,0,,,,,,,,,,,,,,,,,,,,,,,,,,,100,36324,100,54140475216,100,176690253988,,,,,,,,,,
2019-12-25,Z304JJGH,ST4000DM000,4000787030016,0,109,22927400,,,92,0,100,12,100,0,89,889658582,,,59,36413,100,0,,,100,12,,,,,,,,,,,,,,,,,,,,,,,,,,,,,,,,,100,0,100,0,100,0,100,0,100,0,70,30,100,0,100,1,96,9405,30,30,,,,,100,0,100,0,200,0,,,,,,,,,,,,,,,,,,,,,,,,,,,100,36348,100,54148674792,100,177133864917,,,,,,,,,,
2019-12-26,Z304JJGH,ST4000DM000,4000787030016,0,115,86228456,,,92,0,100,12,100,0,89,892040453,,,59,36437,100,0,,,100,12,,,,,,,,,,,,,,,,,,,,,,,,,,,,,,,,,100,0,100,0,100,0,100,0,100,0,70,30,100,0,100,1,96,9405,30,30,,,,,100,0,100,0,200,0,,,,,,,,,,,,,,,,,,,,,,,,,,,100,36372,100,54166911912,100,177411386275,,,,,,,,,,
2019-12-27,Z304JJGH,ST4000DM000,4000787030016,0,117,133737192,,,92,0,100,12,100,0,89,893864733,,,59,36461,100,0,,,100,12,,,,,,,,,,,,,,,,,,,,,,,,,,,,,,,,,100,0,100,0,100,0,100,0,100,0,70,30,100,0,100,1,96,9405,30,30,,,,,100,0,100,0,200,0,,,,,,,,,,,,,,,,,,,,,,,,,,,100,36396,100,54188398024,100,177616539158,,,,,,,,,,
2019-12-28,Z304JJGH,ST4000DM000,4000787030016,0,120,239478176,,,92,0,100,12,100,0,89,895647527,,,59,36485,100,0,,,100,12,,,,,,,,,,,,,,,,,,,,,,,,,,,,,,,,,100,0,100,0,100,0,100,0,100,0,70,30,100,0,100,1,96,9405,30,30,,,,,100,0,100,0,200,0,,,,,,,,,,,,,,,,,,,,,,,,,,,100,36420,100,54204424672,100,177792723093,,,,,,,,,,
2019-12-29,Z304JJGH,ST4000DM000,4000787030016,0,114,63891696,,,92,0,100,12,100,0,89,897041157,,,59,36509,100,0,,,100,12,,,,,,,,,,,,,,,,,,,,,,,,,,,,,,,,,100,0,100,0,100,0,100,0,100,0,70,30,100,0,100,1,96,9405,30,30,,,,,100,0,100,0,200,0,,,,,,,,,,,,,,,,,,,,,,,,,,,100,36444,100,54233570688,100,177974699383,,,,,,,,,,
2019-12-30,Z304JJGH,ST4000DM000,4000787030016,0,114,59674992,,,92,0,100,12,100,0,89,898782872,,,59,36533,100,0,,,100,12,,,,,,,,,,,,,,,,,,,,,,,,,,,,,,,,,100,0,100,0,100,0,100,0,100,0,70,30,100,0,100,1,96,9405,30,30,,,,,100,0,100,0,200,0,,,,,,,,,,,,,,,,,,,,,,,,,,,100,36468,100,54260253192,100,178207313894,,,,,,,,,,
2019-12-31,Z304JJGH,ST4000DM000,4000787030016,0,105,9409592,,,92,0,100,12,100,0,89,900708536,,,59,36557,100,0,,,100,12,,,,,,,,,,,,,,,,,,,,,,,,,,,,,,,,,100,0,100,0,100,0,100,0,100,0,70,30,100,0,100,1,96,9405,30,30,,,,,100,0,100,0,200,0,,,,,,,,,,,,,,,,,,,,,,,,,,,100,36492,100,54287675368,100,178467674888,,,,,,,,,,
