2019-01-01,Z304JM91,ST4000DM000,4000787030016,0,119,219475688,,,95,0,100,5,100,0,84,283187917,,,69,27368,100,0,,,100,5,,,,,,,,,,,,,,,,,,,,,,,,,,,,,,,100,0,100,0,100,0,100,0,100,0,79,21,100,0,100,0,98,5862,21,21,,,,,100,0,100,0,200,0,,,,,,,,,,,,,,,,,,,,,,,,,,,100,27312,100,44991335456,100,142171684368,,,,,,,,,,
2019-01-02,Z304JM91,ST4000DM000,4000787030016,0,118,182271848,,,95,0,100,5,100,0,84,284176757,,,69,27392,100,0,,,100,5,,,,,,,,,,,,,,,,,,,,,,,,,,,,,,,100,0,100,0,100,0,100,0,100,0,79,21,100,0,100,0,98,5863,21,21,,,,,100,0,100,0,200,0,,,,,,,,,,,,,,,,,,,,,,,,,,,100,27336,100,44994228912,100,142322459471,,,,,,,,,,
2019-01-03,Z304JM91,ST4000DM000,4000787030016,0,117,146880944,,,95,0,100,5,100,0,84,285686085,,,69,27416,100,0,,,100,5,,,,,,,,,,,,,,,,,,,,,,,,,,,,,,,100,0,100,0,100,0,100,0,100,0,79,21,100,0,100,0,98,5864,21,21,,,,,100,0,100,0,200,0,,,,,,,,,,,,,,,,,,,,,,,,,,,100,27360,100,44998324976,100,142462717670,,,,,,,,,,
2019-01-04,Z304JM91,ST4000DM000,4000787030016,0,115,98291000,,,95,0,100,5,100,0,84,286683708,,,69,27440,100,0,,,100,5,,,,,,,,,,,,,,,,,,,,,,,,,,,,,,,100,0,100,0,100,0,100,0,100,0,77,23,100,0,100,0,98,5864,23,23,,,,,100,0,100,0,200,0,,,,,,,,,,,,,,,,,,,,,,,,,,,100,27383,100,45000022648,100,142586108156,,,,,,,,,,
2019-01-05,Z304JM91,ST4000DM000,4000787030016,0,117,138891808,,,95,0,100,5,100,0,84,288126352,,,69,27464,100,0,,,100,5,,,,,,,,,,,,,,,,,,,,,,,,,,,,,,,100,0,100,0,100,0,100,0,100,0,78,22,100,0,100,0,98,5869,22,22,,,,,100,0,100,0,200,0,,,,,,,,,,,,,,,,,,,,,,,,,,,100,27408,100,45005145240,100,142715312587,,,,,,,,,,
2019-01-06,Z304JM91,ST4000DM000,4000787030016,0,118,198245832,,,95,0,100,5,100,0,84,289292968,,,69,27488,100,0,,,100,5,,,,,,,,,,,,,,,,,,,,,,,,,,,,,,,100,0,100,0,100,0,100,0,100,0,77,23,100,0,100,0,98,5870,23,23,,,,,100,0,100,0,200,0,,,,,,,,,,,,,,,,,,,,,,,,,,,100,27432,100,45008742848,100,142872468463,,,,,,,,,,
2019-01-07,Z304JM91,ST4000DM000,4000787030016,0,112,50097920,,,95,0,100,5,100,0,84,290132639,,,69,27512,100,0,,,100,5,,,,,,,,,,,,,,,,,,,,,,,,,,,,,,,100,0,100,0,100,0,100,0,100,0,77,23,100,0,100,0,98,5871,23,23,,,,,100,0,100,0,200,0,,,,,,,,,,,,,,,,,,,,,,,,,,,100,27456,100,45010709424,100,143021098017,,,,,,,,,,
2019-01-08,Z304JM91,ST4000DM000,4000787030016,0,117,165888584,,,95,0,100,5,100,0,84,290693549,,,69,27536,100,0,,,100,5,,,,,,,,,,,,,,,,,,,,,,,,,,,,,,,100,0,100,0,100,0,100,0,100,0,78,22,100,0,100,0,98,5871,22,22,,,,,100,0,100,0,200,0,,,,,,,,,,,,,,,,,,,,,,,,,,,100,27480,100,45012232152,100,143143107962,,,,,,,,,,
2019-01-09,Z304JM91,ST4000DM000,4000787030016,0,102,4620104,,,95,0,100,5,100,0,84,291590597,,,69,27560,100,0,,,100,5,,,,,,,,,,,,,,,,,,,,,,,,,,,,,,,100,0,100,0,100,0,100,0,100,0,77,23,100,0,100,0,98,5871,23,23,,,,,100,0,100,0,200,0,,,,,,,,,,,,,,,,,,,,,,,,,,,100,27504,100,45014221016,100,143292729495,,,,,,,,,,
2019-01-10,Z304JM91,ST4000DM000,4000787030016,0,118,173607904,,,95,0,100,5,100,0,84,292858654,,,69,27578,100,0,,,100,5,,,,,,,,,,,,,,,,,,,,,,,,,,,,,,,100,0,100,0,100,0,100,0,100,0,78,22,100,0,100,0,98,5872,22,22,,,,,100,0,100,0,200,0,,,,,,,,,,,,,,,,,,,,,,,,,,,100,27522,100,45019080392,100,143397795386,,,,,,,,,,
2019-01-11,Z304JM91,ST4000DM000,4000787030016,0,117,142668064,,,95,0,100,5,100,0,84,293456785,,,69,27605,100,0,,,100,5,,,,,,,,,,,,,,,,,,,,,,,,,,,,,,,100,0,100,0,100,0,100,0,100,0,77,23,100,0,100,0,98,5899,23,23,,,,,100,0,100,0,200,0,,,,,,,,,,,,,,,,,,,,,,,,,,,100,27547,100,45020864048,100,143557261464,,,,,,,,,,
2019-01-12,Z304JM91,ST4000DM000,4000787030016,0,119,209713992,,,95,0,100,5,100,0,84,294395237,,,69,27628,100,0,,,100,5,,,,,,,,,,,,,,,,,,,,,,,,,,,,,,,100,0,100,0,100,0,100,0,100,0,78,22,100,0,100,0,98,5953,22,22,,,,,100,0,100,0,200,0,,,,,,,,,,,,,,,,,,,,,,,,,,,100,27571,100,45025160960,100,143689434495,,,,,,,,,,
2019-01-13,Z304JM91,ST4000DM000,4000787030016,0,119,230819488,,,95,0,100,5,100,0,84,294845617,,,69,27651,100,0,,,100,5,,,,,,,,,,,,,,,,,,,,,,,,,,,,,,,100,0,100,0,100,0,100,0,100,0,78,22,100,0,100,0,98,5955,22,22,,,,,100,0,100,0,200,0,,,,,,,,,,,,,,,,,,,,,,,,,,,100,27594,100,45028108560,100,143854946866,,,,,,,,,,
2019-01-14,Z304JM91,ST4000DM000,4000787030016,0,117,134466224,,,95,0,100,5,100,0,84,295234611,,,69,27675,100,0,,,100,5,,,,,,,,,,,,,,,,,,,,,,,,,,,,,,,100,0,100,0,100,0,100,0,100,0,78,22,100,0,100,0,98,5955,22,22,,,,,100,0,100,0,200,0,,,,,,,,,,,,,,,,,,,,,,,,,,,100,27618,100,45030945744,100,143986031294,,,,,,,,,,
2019-01-15,Z304JM91,ST4000DM000,4000787030016,0,117,124121488,,,95,0,100,5,100,0,84,295641107,,,69,27698,100,0,,,100,5,,,,,,,,,,,,,,,,,,,,,,,,,,,,,,,100,0,100,0,100,0,100,0,100,0,78,22,100,0,100,0,98,5958,22,22,,,,,100,0,100,0,200,0,,,,,,,,,,,,,,,,,,,,,,,,,,,100,27641,100,45033456104,100,144131107438,,,,,,,,,,
2019-01-16,Z304JM91,ST4000DM000,4000787030016,0,119,216533184,,,95,0,100,5,100,0,84,295962294,,,69,27722,100,0,,,100,5,,,,,,,,,,,,,,,,,,,,,,,,,,,,,,,100,0,100,0,100,0,100,0,100,0,77,23,100,0,100,0,98,5963,23,23,,,,,100,0,100,0,200,0,,,,,,,,,,,,,,,,,,,,,,,,,,,100,27665,100,45035543760,100,144289236554,,,,,,,,,,
2019-01-17,Z304JM91,ST4000DM000,4000787030016,0,119,224301992,,,95,0,100,5,100,0,84,297366893,,,69,27745,100,0,,,100,5,,,,,,,,,,,,,,,,,,,,,,,,,,,,,,,100,0,100,0,100,0,100,0,100,0,77,23,100,0,100,0,98,5964,23,23,,,,,100,0,100,0,200,0,,,,,,,,,,,,,,,,,,,,,,,,,,,100,27688,100,45040060464,100,144482904969,,,,,,,,,,
2019-01-18,Z304JM91,ST4000DM000,4000787030016,0,117,151984424,,,95,0,100,5,100,0,84,298264423,,,69,27769,100,0,,,100,5,,,,,,,,,,,,,,,,,,,,,,,,,,,,,,,100,0,100,0,100,0,100,0,100,0,78,22,100,0,100,0,98,5968,22,22,,,,,100,0,100,0,200,0,,,,,,,,,,,,,,,,,,,,,,,,,,,100,27711,100,45042030704,100,144666880701,,,,,,,,,,
2019-01-19,Z304JM91,ST4000DM000,4000787030016,0,120,235136472,,,95,0,100,5,100,0,84,299850112,,,69,27792,100,0,,,100,5,,,,,,,,,,,,,,,,,,,,,,,,,,,,,,,100,0,100,0,100,0,100,0,100,0,78,22,100,0,100,0,98,5995,22,22,,,,,100,0,100,0,200,0,,,,,,,,,,,,,,,,,,,,,,,,,,,100,27735,100,45046068136,100,144853527443,,,,,,,,,,
2019-01-20,Z304JM91,ST4000DM000,4000787030016,0,119,215491072,,,95,0,100,5,100,0,84,301867029,,,69,27816,100,0,,,100,5,,,,,,,,,,,,,,,,,,,,,,,,,,,,,,,100,0,100,0,100,0,100,0,100,0,78,22,100,0,100,0,97,6000,22,22,,,,,100,0,100,0,200,0,,,,,,,,,,,,,,,,,,,,,,,,,,,100,27758,100,45048177840,100,145026887077,,,,,,,,,,
2019-01-21,Z304JM91,ST4000DM000,4000787030016,0,115,95211776,,,95,0,100,5,100,0,84,302954926,,,69,27839,100,0,,,100,5,,,,,,,,,,,,,,,,,,,,,,,,,,,,,,,100,0,100,0,100,0,100,0,100,0,78,22,100,0,100,0,97,6001,22,22,,,,,100,0,100,0,200,0,,,,,,,,,,,,,,,,,,,,,,,,,,,100,27782,100,45049976704,100,145211283345,,,,,,,,,,
2019-01-22,Z304JM91,ST4000DM000,4000787030016,0,119,222552288,,,95,0,100,5,100,0,84,303512937,,,69,27862,100,0,,,100,5,,,,,,,,,,,,,,,,,,,,,,,,,,,,,,,100,0,100,0,100,0,100,0,100,0,77,23,100,0,100,0,97,6005,23,23,,,,,100,0,100,0,200,0,,,,,,,,,,,,,,,,,,,,,,,,,,,100,27805,100,45052138728,100,145339003809,,,,,,,,,,
2019-01-23,Z304JM91,ST4000DM000,4000787030016,0,117,148759080,,,95,0,100,5,100,0,84,304908597,,,69,27897,100,0,,,100,5,,,,,,,,,,,,,,,,,,,,,,,,,,,,,,,100,0,100,0,100,0,100,0,100,0,77,23,100,0,100,0,97,6011,23,23,,,,,100,0,100,0,200,0,,,,,,,,,,,,,,,,,,,,,,,,,,,100,27840,100,45056935208,100,145566871200,,,,,,,,,,
2019-01-24,Z304JM91,ST4000DM000,4000787030016,0,114,63957536,,,95,0,100,5,100,0,84,306219385,,,69,27921,100,0,,,100,5,,,,,,,,,,,,,,,,,,,,,,,,,,,,,,,100,0,100,0,100,0,100,0,100,0,77,23,100,0,100,0,97,6016,23,23,,,,,100,0,100,0,200,0,,,,,,,,,,,,,,,,,,,,,,,,,,,100,27864,100,45060225720,100,145732854595,,,,,,,,,,
2019-01-25,Z304JM91,ST4000DM000,4000787030016,0,119,230889576,,,95,0,100,5,100,0,84,307335243,,,69,27944,100,0,,,100,5,,,,,,,,,,,,,,,,,,,,,,,,,,,,,,,100,0,100,0,100,0,100,0,100,0,78,22,100,0,100,0,97,6019,22,22,,,,,100,0,100,0,200,0,,,,,,,,,,,,,,,,,,,,,,,,,,,100,27887,100,45062043392,100,145893526638,,,,,,,,,,
2019-01-26,Z304JM91,ST4000DM000,4000787030016,0,99,2581760,,,95,0,100,5,100,0,84,308515883,,,69,27968,100,0,,,100,5,,,,,,,,,,,,,,,,,,,,,,,,,,,,,,,100,0,100,0,100,0,100,0,100,0,78,22,100,0,100,0,97,6086,22,22,,,,,100,0,100,0,200,0,,,,,,,,,,,,,,,,,,,,,,,,,,,100,27910,100,45065985184,100,146026044704,,,,,,,,,,
2019-01-27,Z304JM91,ST4000DM000,4000787030016,0,120,238417872,,,95,0,100,5,100,0,84,309263694,,,69,27991,100,0,,,100,5,,,,,,,,,,,,,,,,,,,,,,,,,,,,,,,100,0,100,0,100,0,100,0,100,0,78,22,100,0,100,0,97,6088,22,22,,,,,100,0,100,0,200,0,,,,,,,,,,,,,,,,,,,,,,,,,,,100,27933,100,45067905680,100,146184019895,,,,,,,,,,
2019-01-28,Z304JM91,ST4000DM000,4000787030016,0,115,94236736,,,95,0,100,5,100,0,84,310423802,,,69,28014,100,0,,,100,5,,,,,,,,,,,,,,,,,,,,,,,,,,,,,,,100,0,100,0,100,0,100,0,100,0,78,22,100,0,100,0,97,6093,22,22,,,,,100,0,100,0,200,0,,,,,,,,,,,,,,,,,,,,,,,,,,,100,27957,100,45070886112,100,146341066778,,,,,,,,,,
2019-01-29,Z304JM91,ST4000DM000,4000787030016,0,119,223774392,,,95,0,100,5,100,0,84,311793922,,,68,28038,100,0,,,100,5,,,,,,,,,,,,,,,,,,,,,,,,,,,,,,,100,0,100,0,100,0,100,0,100,0,78,22,100,0,100,0,97,6097,22,22,,,,,100,0,100,0,200,0,,,,,,,,,,,,,,,,,,,,,,,,,,,100,27980,100,45074642280,100,146487390523,,,,,,,,,,
2019-01-30,Z304JM91,ST4000DM000,4000787030016,0,118,168320640,,,95,0,100,5,100,0,84,312438154,,,68,28061,100,0,,,100,5,,,,,,,,,,,,,,,,,,,,,,,,,,,,,,,100,0,100,0,100,0,100,0,100,0,78,22,100,0,100,0,97,6100,22,22,,,,,100,0,100,0,200,0,,,,,,,,,,,,,,,,,,,,,,,,,,,100,28004,100,45077374704,100,146614939043,,,,,,,,,,
2019-01-31,Z304JM91,ST4000DM000,4000787030016,0,114,62874264,,,95,0,100,5,100,0,84,313880318,,,68,28084,100,0,,,100,5,,,,,,,,,,,,,,,,,,,,,,,,,,,,,,,100,0,100,0,100,0,100,0,100,0,78,22,100,0,100,0,97,6106,22,22,,,,,100,0,100,0,200,0,,,,,,,,,,,,,,,,,,,,,,,,,,,100,28027,100,45081514504,100,146776944296,,,,,,,,,,
2019-02-01,Z304JM91,ST4000DM000,4000787030016,0,106,10725056,,,95,0,100,5,100,0,84,314761523,,,68,28108,100,0,,,100,5,,,,,,,,,,,,,,,,,,,,,,,,,,,,,,,100,0,100,0,100,0,100,0,100,0,78,22,100,0,100,0,97,6111,22,22,,,,,100,0,100,0,200,0,,,,,,,,,,,,,,,,,,,,,,,,,,,100,28050,100,45083275368,100,146931912497,,,,,,,,,,
2019-02-02,Z304JM91,ST4000DM000,4000787030016,0,111,39523400,,,95,0,100,5,100,0,84,316035108,,,68,28131,100,0,,,100,5,,,,,,,,,,,,,,,,,,,,,,,,,,,,,,,100,0,100,0,100,0,100,0,100,0,77,23,100,0,100,0,97,6154,23,23,,,,,100,0,100,0,200,0,,,,,,,,,,,,,,,,,,,,,,,,,,,100,28073,100,45087692208,100,147053427612,,,,,,,,,,
2019-02-03,Z304JM91,ST4000DM000,4000787030016,0,118,191678824,,,95,0,100,5,100,0,84,316848977,,,68,28154,100,0,,,100,5,,,,,,,,,,,,,,,,,,,,,,,,,,,,,,,100,0,100,0,100,0,100,0,100,0,78,22,100,0,100,0,97,6157,22,22,,,,,100,0,100,0,200,0,,,,,,,,,,,,,,,,,,,,,,,,,,,100,28097,100,45089417464,100,147172789317,,,,,,,,,,
2019-02-04,Z304JM91,ST4000DM000,4000787030016,0,119,205608480,,,95,0,100,5,100,0,84,317771313,,,68,28178,100,0,,,100,5,,,,,,,,,,,,,,,,,,,,,,,,,,,,,,,100,0,100,0,100,0,100,0,100,0,77,23,100,0,100,0,97,6161,23,23,,,,,100,0,100,0,200,0,,,,,,,,,,,,,,,,,,,,,,,,,,,100,28120,100,45091111752,100,147292833443,,,,,,,,,,
2019-02-05,Z304JM91,ST4000DM000,4000787030016,0,113,54946632,,,95,0,100,5,100,0,84,319648318,,,68,28201,100,0,,,100,5,,,,,,,,,,,,,,,,,,,,,,,,,,,,,,,100,0,100,0,100,0,100,0,100,0,78,22,100,0,100,0,97,6165,22,22,,,,,100,0,100,0,200,0,,,,,,,,,,,,,,,,,,,,,,,,,,,100,28143,100,45096206392,100,147434012134,,,,,,,,,,
2019-02-06,Z304JM91,ST4000DM000,4000787030016,0,112,43708544,,,95,0,100,5,100,0,84,320762302,,,68,28225,100,0,,,100,5,,,,,,,,,,,,,,,,,,,,,,,,,,,,,,,100,0,100,0,100,0,100,0,100,0,77,23,100,0,100,0,97,6166,23,23,,,,,100,0,100,0,200,0,,,,,,,,,,,,,,,,,,,,,,,,,,,100,28167,100,45097899032,100,147585446042,,,,,,,,,,
2019-02-07,Z304JM91,ST4000DM000,4000787030016,0,118,200824128,,,95,0,100,5,100,0,84,322260702,,,68,28248,100,0,,,100,5,,,,,,,,,,,,,,,,,,,,,,,,,,,,,,,100,0,100,0,100,0,100,0,100,0,77,23,100,0,100,0,97,6170,23,23,,,,,100,0,100,0,200,0,,,,,,,,,,,,,,,,,,,,,,,,,,,100,28190,100,45102898056,100,147751973724,,,,,,,,,,
2019-02-08,Z304JM91,ST4000DM000,4000787030016,0,119,234351776,,,95,0,100,5,100,0,84,322864321,,,68,28271,100,0,,,100,5,,,,,,,,,,,,,,,,,,,,,,,,,,,,,,,100,0,100,0,100,0,100,0,100,0,77,23,100,0,100,0,97,6176,23,23,,,,,100,0,100,0,200,0,,,,,,,,,,,,,,,,,,,,,,,,,,,100,28213,100,45104143464,100,147882056525,,,,,,,,,,
2019-02-09,Z304JM91,ST4000DM000,4000787030016,0,119,221232832,,,95,0,100,5,100,0,84,323731298,,,68,28295,100,0,,,100,5,,,,,,,,,,,,,,,,,,,,,,,,,,,,,,,100,0,100,0,100,0,100,0,100,0,77,23,100,0,100,0,97,6195,23,23,,,,,100,0,100,0,200,0,,,,,,,,,,,,,,,,,,,,,,,,,,,100,28237,100,45107113496,100,147980661354,,,,,,,,,,
2019-02-10,Z304JM91,ST4000DM000,4000787030016,0,119,223773528,,,95,0,100,5,100,0,84,324581226,,,68,28318,100,0,,,100,5,,,,,,,,,,,,,,,,,,,,,,,,,,,,,,,100,0,100,0,100,0,100,0,100,0,76,24,100,0,100,0,97,6199,24,24,,,,,100,0,100,0,200,0,,,,,,,,,,,,,,,,,,,,,,,,,,,100,28260,100,45109253728,100,148124652575,,,,,,,,,,
2019-02-11,Z304JM91,ST4000DM000,4000787030016,0,112,46921000,,,95,0,100,5,100,0,84,325350249,,,68,28353,100,0,,,100,5,,,,,,,,,,,,,,,,,,,,,,,,,,,,,,,100,0,100,0,100,0,100,0,100,0,76,24,100,0,100,0,97,6244,24,24,,,,,100,0,100,0,200,0,,,,,,,,,,,,,,,,,,,,,,,,,,,100,28295,100,45112162912,100,148342634927,,,,,,,,,,
2019-02-12,Z304JM91,ST4000DM000,4000787030016,0,120,243853952,,,95,0,100,5,100,0,84,325788733,,,68,28376,100,0,,,100,5,,,,,,,,,,,,,,,,,,,,,,,,,,,,,,,100,0,100,0,100,0,100,0,100,0,76,24,100,0,100,0,97,6249,24,24,,,,,100,0,100,0,200,0,,,,,,,,,,,,,,,,,,,,,,,,,,,100,28318,100,45114789064,100,148504249573,,,,,,,,,,
2019-02-13,Z304JM91,ST4000DM000,4000787030016,0,113,54239928,,,95,0,100,5,100,0,84,326837423,,,68,28400,100,0,,,100,5,,,,,,,,,,,,,,,,,,,,,,,,,,,,,,,100,0,100,0,100,0,100,0,100,0,77,23,100,0,100,0,97,6249,23,23,,,,,100,0,100,0,200,0,,,,,,,,,,,,,,,,,,,,,,,,,,,100,28342,100,45119376208,100,148652469188,,,,,,,,,,
2019-02-14,Z304JM91,ST4000DM000,4000787030016,0,112,44649184,,,95,0,100,5,100,0,84,327832816,,,68,28423,100,0,,,100,5,,,,,,,,,,,,,,,,,,,,,,,,,,,,,,,100,0,100,0,100,0,100,0,100,0,78,22,100,0,100,0,97,6252,22,22,,,,,100,0,100,0,200,0,,,,,,,,,,,,,,,,,,,,,,,,,,,100,28365,100,45123062384,100,148813054601,,,,,,,,,,
2019-02-15,Z304JM91,ST4000DM000,4000787030016,0,118,195893560,,,95,0,100,5,100,0,84,328157656,,,68,28447,100,0,,,100,5,,,,,,,,,,,,,,,,,,,,,,,,,,,,,,,100,0,100,0,100,0,100,0,100,0,78,22,100,0,100,0,97,6255,22,22,,,,,100,0,100,0,200,0,,,,,,,,,,,,,,,,,,,,,,,,,,,100,28388,100,45125188664,100,148957672012,,,,,,,,,,
2019-02-16,Z304JM91,ST4000DM000,4000787030016,0,118,174657584,,,95,0,100,5,100,0,84,329218043,,,68,28470,100,0,,,100,5,,,,,,,,,,,,,,,,,,,,,,,,,,,,,,,100,0,100,0,100,0,100,0,100,0,77,23,100,0,100,0,97,6264,23,23,,,,,100,0,100,0,200,0,,,,,,,,,,,,,,,,,,,,,,,,,,,100,28412,100,45129429488,100,149113426799,,,,,,,,,,
2019-02-17,Z304JM91,ST4000DM000,4000787030016,0,116,100990232,,,95,0,100,5,100,0,84,330084147,,,68,28494,100,0,,,100,5,,,,,,,,,,,,,,,,,,,,,,,,,,,,,,,100,0,100,0,100,0,100,0,100,0,78,22,100,0,100,0,97,6266,22,22,,,,,100,0,100,0,200,0,,,,,,,,,,,,,,,,,,,,,,,,,,,100,28435,100,45131697336,100,149289189977,,,,,,,,,,
2019-02-18,Z304JM91,ST4000DM000,4000787030016,0,120,237463168,,,95,0,100,5,100,0,84,331220108,,,68,28517,100,0,,,100,5,,,,,,,,,,,,,,,,,,,,,,,,,,,,,,,100,0,100,0,100,0,100,0,100,0,77,23,100,0,100,0,97,6271,23,23,,,,,100,0,100,0,200,0,,,,,,,,,,,,,,,,,,,,,,,,,,,100,28459,100,45133508672,100,149516401169,,,,,,,,,,
2019-02-19,Z304JM91,ST4000DM000,4000787030016,0,117,123210776,,,95,0,100,5,100,0,84,332412069,,,68,28540,100,0,,,100,5,,,,,,,,,,,,,,,,,,,,,,,,,,,,,,,100,0,100,0,100,0,100,0,100,0,77,23,100,0,100,0,97,6276,23,23,,,,,100,0,100,0,200,0,,,,,,,,,,,,,,,,,,,,,,,,,,,100,28482,100,45135165728,100,149675153025,,,,,,,,,,
2019-02-20,Z304JM91,ST4000DM000,4000787030016,0,117,152142808,,,95,0,100,5,100,0,84,333439061,,,68,28564,100,0,,,100,5,,,,,,,,,,,,,,,,,,,,,,,,,,,,,,,100,0,100,0,100,0,100,0,100,0,77,23,100,0,100,0,97,6278,23,23,,,,,100,0,100,0,200,0,,,,,,,,,,,,,,,,,,,,,,,,,,,100,28505,100,45137076632,100,149853486010,,,,,,,,,,
2019-02-21,Z304JM91,ST4000DM000,4000787030016,0,117,165176080,,,95,0,100,5,100,0,84,335042712,,,68,28587,100,0,,,100,5,,,,,,,,,,,,,,,,,,,,,,,,,,,,,,,100,0,100,0,100,0,100,0,100,0,76,24,100,0,100,0,97,6282,24,24,,,,,100,0,100,0,200,0,,,,,,,,,,,,,,,,,,,,,,,,,,,100,28529,100,45142635656,100,150000613531,,,,,,,,,,
2019-02-22,Z304JM91,ST4000DM000,4000787030016,0,109,24987104,,,95,0,100,5,100,0,85,335832728,,,68,28610,100,0,,,100,5,,,,,,,,,,,,,,,,,,,,,,,,,,,,,,,100,0,100,0,100,0,100,0,100,0,76,24,100,0,100,0,97,6284,24,24,,,,,100,0,100,0,200,0,,,,,,,,,,,,,,,,,,,,,,,,,,,100,28552,100,45144389904,100,150170674012,,,,,,,,,,
2019-02-23,Z304JM91,ST4000DM000,4000787030016,0,117,129297960,,,95,0,100,5,100,0,85,336841446,,,68,28634,100,0,,,100,5,,,,,,,,,,,,,,,,,,,,,,,,,,,,,,,100,0,100,0,100,0,100,0,100,0,76,24,100,0,100,0,97,6300,24,24,,,,,100,0,100,0,200,0,,,,,,,,,,,,,,,,,,,,,,,,,,,100,28576,100,45148397136,100,150272201820,,,,,,,,,,
2019-02-24,Z304JM91,ST4000DM000,4000787030016,0,117,140392440,,,95,0,100,5,100,0,85,337850693,,,68,28657,100,0,,,100,5,,,,,,,,,,,,,,,,,,,,,,,,,,,,,,,100,0,100,0,100,0,100,0,100,0,77,23,100,0,100,0,97,6304,23,23,,,,,100,0,100,0,200,0,,,,,,,,,,,,,,,,,,,,,,,,,,,100,28599,100,45151061080,100,150426406313,,,,,,,,,,
2019-02-25,Z304JM91,ST4000DM000,4000787030016,0,119,229535808,,,95,0,100,5,100,0,85,338989909,,,68,28681,100,0,,,100,5,,,,,,,,,,,,,,,,,,,,,,,,,,,,,,,100,0,100,0,100,0,100,0,100,0,78,22,100,0,100,0,97,6307,22,22,,,,,100,0,100,0,200,0,,,,,,,,,,,,,,,,,,,,,,,,,,,100,28622,100,45153297536,100,150584631162,,,,,,,,,,
2019-02-26,Z304JM91,ST4000DM000,4000787030016,0,117,119494040,,,95,0,100,5,100,0,85,339731655,,,68,28704,100,0,,,100,5,,,,,,,,,,,,,,,,,,,,,,,,,,,,,,,100,0,100,0,100,0,100,0,100,0,77,23,100,0,100,0,97,6311,23,23,,,,,100,0,100,0,200,0,,,,,,,,,,,,,,,,,,,,,,,,,,,100,28646,100,45155393920,100,150747369035,,,,,,,,,,
2019-02-27,Z304JM91,ST4000DM000,4000787030016,0,117,138359408,,,95,0,100,5,100,0,85,340493809,,,68,28728,100,0,,,100,5,,,,,,,,,,,,,,,,,,,,,,,,,,,,,,,100,0,100,0,100,0,100,0,100,0,77,23,100,0,100,0,97,6314,23,23,,,,,100,0,100,0,200,0,,,,,,,,,,,,,,,,,,,,,,,,,,,100,28669,100,45157131944,100,150905566348,,,,,,,,,,
2019-02-28,Z304JM91,ST4000DM000,4000787030016,0,105,8375200,,,95,0,100,5,100,0,85,342034255,,,68,28751,100,0,,,100,5,,,,,,,,,,,,,,,,,,,,,,,,,,,,,,,100,0,100,0,100,0,100,0,100,0,78,22,100,0,100,0,97,6314,22,22,,,,,100,0,100,0,200,0,,,,,,,,,,,,,,,,,,,,,,,,,,,100,28693,100,45161251016,100,151084123259,,,,,,,,,,
2019-03-01,Z304JM91,ST4000DM000,4000787030016,0,114,80963216,,,95,0,100,5,100,0,85,343569087,,,68,28774,100,0,,,100,5,,,,,,,,,,,,,,,,,,,,,,,,,,,,,,,100,0,100,0,100,0,100,0,100,0,77,23,100,0,100,0,97,6317,23,23,,,,,100,0,100,0,200,0,,,,,,,,,,,,,,,,,,,,,,,,,,,100,28716,100,45165655528,100,151234670127,,,,,,,,,,
2019-03-02,Z304JM91,ST4000DM000,4000787030016,0,114,60386424,,,95,0,100,5,100,0,85,344408665,,,68,28798,100,0,,,100,5,,,,,,,,,,,,,,,,,,,,,,,,,,,,,,,100,0,100,0,100,0,100,0,100,0,78,22,100,0,100,0,97,6335,22,22,,,,,100,0,100,0,200,0,,,,,,,,,,,,,,,,,,,,,,,,,,,100,28739,100,45168312776,100,151343418179,,,,,,,,,,
2019-03-03,Z304JM91,ST4000DM000,4000787030016,0,108,19259712,,,95,0,100,5,100,0,85,345435017,,,68,28821,100,0,,,100,5,,,,,,,,,,,,,,,,,,,,,,,,,,,,,,,100,0,100,0,100,0,100,0,100,0,77,23,100,0,100,0,97,6338,23,23,,,,,100,0,100,0,200,0,,,,,,,,,,,,,,,,,,,,,,,,,,,100,28763,100,45171522888,100,151490291376,,,,,,,,,,
2019-03-04,Z304JM91,ST4000DM000,4000787030016,0,111,38229264,,,95,0,100,5,100,0,85,346332988,,,68,28845,100,0,,,100,5,,,,,,,,,,,,,,,,,,,,,,,,,,,,,,,100,0,100,0,100,0,100,0,100,0,78,22,100,0,100,0,97,6341,22,22,,,,,100,0,100,0,200,0,,,,,,,,,,,,,,,,,,,,,,,,,,,100,28786,100,45174044416,100,151643852407,,,,,,,,,,
2019-03-05,Z304JM91,ST4000DM000,4000787030016,0,118,181826384,,,95,0,100,5,100,0,85,347229931,,,68,28868,100,0,,,100,5,,,,,,,,,,,,,,,,,,,,,,,,,,,,,,,100,0,100,0,100,0,100,0,100,0,78,22,100,0,100,0,97,6343,22,22,,,,,100,0,100,0,200,0,,,,,,,,,,,,,,,,,,,,,,,,,,,100,28810,100,45176511072,100,151787147213,,,,,,,,,,
2019-03-06,Z304JM91,ST4000DM000,4000787030016,0,118,192813912,,,95,0,100,5,100,0,85,348133724,,,68,28891,100,0,,,100,5,,,,,,,,,,,,,,,,,,,,,,,,,,,,,,,100,0,100,0,100,0,100,0,100,0,77,23,100,0,100,0,97,6346,23,23,,,,,100,0,100,0,200,0,,,,,,,,,,,,,,,,,,,,,,,,,,,100,28833,100,45178152944,100,151905914450,,,,,,,,,,
2019-03-07,Z304JM91,ST4000DM000,4000787030016,0,113,54505728,,,95,0,100,5,100,0,85,349762862,,,67,28915,100,0,,,100,5,,,,,,,,,,,,,,,,,,,,,,,,,,,,,,,100,0,100,0,100,0,100,0,100,0,78,22,100,0,100,0,97,6347,22,22,,,,,100,0,100,0,200,0,,,,,,,,,,,,,,,,,,,,,,,,,,,100,28856,100,45183086672,100,152041514998,,,,,,,,,,
2019-03-08,Z304JM91,ST4000DM000,4000787030016,0,120,239715168,,,95,0,100,5,100,0,85,350727519,,,67,28938,100,0,,,100,5,,,,,,,,,,,,,,,,,,,,,,,,,,,,,,,100,0,100,0,100,0,100,0,100,0,77,23,100,0,100,0,97,6349,23,23,,,,,100,0,100,0,200,0,,,,,,,,,,,,,,,,,,,,,,,,,,,100,28880,100,45184921552,100,152178062934,,,,,,,,,,
2019-03-09,Z304JM91,ST4000DM000,4000787030016,0,117,152221760,,,95,0,100,5,100,0,85,352676725,,,67,28962,100,0,,,100,5,,,,,,,,,,,,,,,,,,,,,,,,,,,,,,,100,0,100,0,100,0,100,0,100,0,77,23,100,0,100,0,97,6353,23,23,,,,,100,0,100,0,200,0,,,,,,,,,,,,,,,,,,,,,,,,,,,100,28903,100,45190044648,100,152352058594,,,,,,,,,,
2019-03-10,Z304JM91,ST4000DM000,4000787030016,0,117,163901064,,,95,0,100,5,100,0,85,353818992,,,67,28985,100,0,,,100,5,,,,,,,,,,,,,,,,,,,,,,,,,,,,,,,100,0,100,0,100,0,100,0,100,0,77,23,100,0,100,0,97,6386,23,23,,,,,100,0,100,0,200,0,,,,,,,,,,,,,,,,,,,,,,,,,,,100,28926,100,45192005816,100,152473392223,,,,,,,,,,
2019-03-11,Z304JM91,ST4000DM000,4000787030016,0,114,74929064,,,95,0,100,5,100,0,85,354323905,,,67,29009,100,0,,,100,5,,,,,,,,,,,,,,,,,,,,,,,,,,,,,,,100,0,100,0,100,0,100,0,100,0,77,23,100,0,100,0,97,6391,23,23,,,,,100,0,100,0,200,0,,,,,,,,,,,,,,,,,,,,,,,,,,,100,28950,100,45193502136,100,152579963741,,,,,,,,,,
2019-03-12,Z304JM91,ST4000DM000,4000787030016,0,114,66578336,,,95,0,100,5,100,0,85,355021516,,,67,29032,100,0,,,100,5,,,,,,,,,,,,,,,,,,,,,,,,,,,,,,,100,0,100,0,100,0,100,0,100,0,77,23,100,0,100,0,97,6396,23,23,,,,,100,0,100,0,200,0,,,,,,,,,,,,,,,,,,,,,,,,,,,100,28973,100,45194983432,100,152726295506,,,,,,,,,,
2019-03-13,Z304JM91,ST4000DM000,4000787030016,0,111,30303384,,,95,0,100,5,100,0,85,355853280,,,67,29067,100,0,,,100,5,,,,,,,,,,,,,,,,,,,,,,,,,,,,,,,100,0,100,0,100,0,100,0,100,0,78,22,100,0,100,0,97,6437,22,22,,,,,100,0,100,0,200,0,,,,,,,,,,,,,,,,,,,,,,,,,,,100,29008,100,45197600800,100,152931889476,,,,,,,,,,
2019-03-14,Z304JM91,ST4000DM000,4000787030016,0,112,43169592,,,95,0,100,5,100,0,85,356874650,,,67,29090,100,0,,,100,5,,,,,,,,,,,,,,,,,,,,,,,,,,,,,,,100,0,100,0,100,0,100,0,100,0,78,22,100,0,100,0,97,6441,22,22,,,,,100,0,100,0,200,0,,,,,,,,,,,,,,,,,,,,,,,,,,,100,29031,100,45202432776,100,153106111833,,,,,,,,,,
2019-03-15,Z304JM91,ST4000DM000,4000787030016,0,114,68873376,,,95,0,100,5,100,0,85,357295693,,,67,29114,100,0,,,100,5,,,,,,,,,,,,,,,,,,,,,,,,,,,,,,,100,0,100,0,100,0,100,0,100,0,79,21,100,0,100,0,97,6447,21,21,,,,,100,0,100,0,200,0,,,,,,,,,,,,,,,,,,,,,,,,,,,100,29055,100,45204750400,100,153255521107,,,,,,,,,,
2019-03-16,Z304JM91,ST4000DM000,4000787030016,0,119,219809128,,,95,0,100,5,100,0,85,358216606,,,67,29137,100,0,,,100,5,,,,,,,,,,,,,,,,,,,,,,,,,,,,,,,100,0,100,0,100,0,100,0,100,0,79,21,100,0,100,0,97,6481,21,21,,,,,100,0,100,0,200,0,,,,,,,,,,,,,,,,,,,,,,,,,,,100,29078,100,45209032664,100,153374807972,,,,,,,,,,
2019-03-17,Z304JM91,ST4000DM000,4000787030016,0,117,164263856,,,95,0,100,5,100,0,85,358601110,,,67,29161,100,0,,,100,5,,,,,,,,,,,,,,,,,,,,,,,,,,,,,,,100,0,100,0,100,0,100,0,100,0,79,21,100,0,100,0,97,6486,21,21,,,,,100,0,100,0,200,0,,,,,,,,,,,,,,,,,,,,,,,,,,,100,29101,100,45211559056,100,153514485937,,,,,,,,,,
2019-03-18,Z304JM91,ST4000DM000,4000787030016,0,115,89030288,,,95,0,100,5,100,0,85,359734965,,,67,29184,100,0,,,100,5,,,,,,,,,,,,,,,,,,,,,,,,,,,,,,,100,0,100,0,100,0,100,0,100,0,79,21,100,0,100,0,97,6490,21,21,,,,,100,0,100,0,200,0,,,,,,,,,,,,,,,,,,,,,,,,,,,100,29125,100,45216468328,100,153689250052,,,,,,,,,,
2019-03-19,Z304JM91,ST4000DM000,4000787030016,0,115,87878160,,,95,0,100,5,100,0,85,360612044,,,67,29208,100,0,,,100,5,,,,,,,,,,,,,,,,,,,,,,,,,,,,,,,100,0,100,0,100,0,100,0,100,0,79,21,100,0,100,0,97,6494,21,21,,,,,100,0,100,0,200,0,,,,,,,,,,,,,,,,,,,,,,,,,,,100,29148,100,45218445968,100,153870696089,,,,,,,,,,
2019-03-20,Z304JM91,ST4000DM000,4000787030016,0,120,242548128,,,95,0,100,5,100,0,85,361740451,,,67,29231,100,0,,,100,5,,,,,,,,,,,,,,,,,,,,,,,,,,,,,,,100,0,100,0,100,0,100,0,100,0,78,22,100,0,100,0,97,6497,22,22,,,,,100,0,100,0,200,0,,,,,,,,,,,,,,,,,,,,,,,,,,,100,29172,100,45220455456,100,154102782335,,,,,,,,,,
2019-03-21,Z304JM91,ST4000DM000,4000787030016,0,117,158704160,,,95,0,100,5,100,0,85,363543552,,,67,29255,100,0,,,100,5,,,,,,,,,,,,,,,,,,,,,,,,,,,,,,,100,0,100,0,100,0,100,0,100,0,78,22,100,0,100,0,97,6499,22,22,,,,,100,0,100,0,200,0,,,,,,,,,,,,,,,,,,,,,,,,,,,100,29195,100,45224913776,100,154275811833,,,,,,,,,,
2019-03-22,Z304JM91,ST4000DM000,4000787030016,0,117,132100240,,,95,0,100,5,100,0,85,364552487,,,67,29278,100,0,,,100,5,,,,,,,,,,,,,,,,,,,,,,,,,,,,,,,100,0,100,0,100,0,100,0,100,0,78,22,100,0,100,0,97,6505,22,22,,,,,100,0,100,0,200,0,,,,,,,,,,,,,,,,,,,,,,,,,,,100,29219,100,45226602144,100,154442782749,,,,,,,,,,
2019-03-23,Z304JM91,ST4000DM000,4000787030016,0,112,44136256,,,95,0,100,5,100,0,85,365544596,,,67,29302,100,0,,,100,5,,,,,,,,,,,,,,,,,,,,,,,,,,,,,,,100,0,100,0,100,0,100,0,100,0,79,21,100,0,100,0,97,6522,21,21,,,,,100,0,100,0,200,0,,,,,,,,,,,,,,,,,,,,,,,,,,,100,29242,100,45229714848,100,154587166728,,,,,,,,,,
2019-03-24,Z304JM91,ST4000DM000,4000787030016,0,118,192993248,,,95,0,100,5,100,0,85,366457375,,,67,29325,100,0,,,100,5,,,,,,,,,,,,,,,,,,,,,,,,,,,,,,,100,0,100,0,100,0,100,0,100,0,79,21,100,0,100,0,97,6524,21,21,,,,,100,0,100,0,200,0,,,,,,,,,,,,,,,,,,,,,,,,,,,100,29266,100,45232791536,100,154721150349,,,,,,,,,,
2019-03-25,Z304JM91,ST4000DM000,4000787030016,0,112,46340536,,,95,0,100,5,100,0,85,367177843,,,67,29348,100,0,,,100,5,,,,,,,,,,,,,,,,,,,,,,,,,,,,,,,100,0,100,0,100,0,100,0,100,0,77,23,100,0,100,0,97,6526,23,23,,,,,100,0,100,0,200,0,,,,,,,,,,,,,,,,,,,,,,,,,,,100,29289,100,45234804992,100,154862392383,,,,,,,,,,
2019-03-26,Z304JM91,ST4000DM000,4000787030016,0,119,222271560,,,95,0,100,5,100,0,85,368983372,,,67,29372,100,0,,,100,5,,,,,,,,,,,,,,,,,,,,,,,,,,,,,,,100,0,100,0,100,0,100,0,100,0,79,21,100,0,100,0,97,6530,21,21,,,,,100,0,100,0,200,0,,,,,,,,,,,,,,,,,,,,,,,,,,,100,29312,100,45239804872,100,155033514175,,,,,,,,,,
2019-03-27,Z304JM91,ST4000DM000,4000787030016,0,109,23533224,,,95,0,100,5,100,0,85,370060376,,,67,29395,100,0,,,100,5,,,,,,,,,,,,,,,,,,,,,,,,,,,,,,,100,0,100,0,100,0,100,0,100,0,76,24,100,0,100,0,97,6532,24,24,,,,,100,0,100,0,200,0,,,,,,,,,,,,,,,,,,,,,,,,,,,100,29336,100,45241421088,100,155194213919,,,,,,,,,,
2019-03-28,Z304JM91,ST4000DM000,4000787030016,0,106,10615096,,,95,0,100,5,100,0,85,371799833,,,67,29430,100,0,,,100,5,,,,,,,,,,,,,,,,,,,,,,,,,,,,,,,100,0,100,0,100,0,100,0,100,0,78,22,100,0,100,0,97,6537,22,22,,,,,100,0,100,0,200,0,,,,,,,,,,,,,,,,,,,,,,,,,,,100,29371,100,45246543136,100,155453075795,,,,,,,,,,
2019-03-29,Z304JM91,ST4000DM000,4000787030016,0,115,98912264,,,95,0,100,5,100,0,85,372590294,,,67,29454,100,0,,,100,5,,,,,,,,,,,,,,,,,,,,,,,,,,,,,,,100,0,100,0,100,0,100,0,100,0,78,22,100,0,100,0,97,6542,22,22,,,,,100,0,100,0,200,0,,,,,,,,,,,,,,,,,,,,,,,,,,,100,29394,100,45248450496,100,155600764631,,,,,,,,,,
2019-03-30,Z304JM91,ST4000DM000,4000787030016,0,115,94205160,,,95,0,100,5,100,0,85,373671226,,,67,29477,100,0,,,100,5,,,,,,,,,,,,,,,,,,,,,,,,,,,,,,,100,0,100,0,100,0,100,0,100,0,79,21,100,0,100,0,97,6566,21,21,,,,,100,0,100,0,200,0,,,,,,,,,,,,,,,,,,,,,,,,,,,100,29418,100,45251975584,100,155736928391,,,,,,,,,,
2019-03-31,Z304JM91,ST4000DM000,4000787030016,0,110,26855576,,,95,0,100,5,100,0,85,374313424,,,67,29501,100,0,,,100,5,,,,,,,,,,,,,,,,,,,,,,,,,,,,,,,100,0,100,0,100,0,100,0,100,0,79,21,100,0,100,0,97,6569,21,21,,,,,100,0,100,0,200,0,,,,,,,,,,,,,,,,,,,,,,,,,,,100,29441,100,45255194800,100,155863163475,,,,,,,,,,
2019-04-01,Z304JM91,ST4000DM000,4000787030016,0,117,158557328,,,95,0,100,5,100,0,85,375127738,,,67,29525,100,0,,,100,5,,,,,,,,,,,,,,,,,,,,,,,,,,,,,,,100,0,100,0,100,0,100,0,100,0,80,20,100,0,100,0,97,6573,20,20,,,,,100,0,100,0,200,0,,,,,,,,,,,,,,,,,,,,,,,,,,,100,29465,100,45257143008,100,156018600041,,,,,,,,,,
2019-04-02,Z304JM91,ST4000DM000,4000787030016,0,118,169046688,,,95,0,100,5,100,0,85,376030626,,,67,29548,100,0,,,100,5,,,,,,,,,,,,,,,,,,,,,,,,,,,,,,,100,0,100,0,100,0,100,0,100,0,79,21,100,0,100,0,97,6576,21,21,,,,,100,0,100,0,200,0,,,,,,,,,,,,,,,,,,,,,,,,,,,100,29489,100,45259395688,100,156172939222,,,,,,,,,,
2019-04-03,Z304JM91,ST4000DM000,4000787030016,0,117,119111248,,,95,0,100,5,100,0,85,377808805,,,67,29572,100,0,,,100,5,,,,,,,,,,,,,,,,,,,,,,,,,,,,,,,100,0,100,0,100,0,100,0,100,0,79,21,100,0,100,0,97,6578,21,21,,,,,100,0,100,0,200,0,,,,,,,,,,,,,,,,,,,,,,,,,,,100,29512,100,45264198016,100,156327926483,,,,,,,,,,
2019-04-04,Z304JM91,ST4000DM000,4000787030016,0,117,122300960,,,95,0,100,5,100,0,85,379337613,,,67,29595,100,0,,,100,5,,,,,,,,,,,,,,,,,,,,,,,,,,,,,,,100,0,100,0,100,0,100,0,100,0,79,21,100,0,100,0,97,6580,21,21,,,,,100,0,100,0,200,0,,,,,,,,,,,,,,,,,,,,,,,,,,,100,29536,100,45266690384,100,156464828939,,,,,,,,,,
2019-04-05,Z304JM91,ST4000DM000,4000787030016,0,114,63905664,,,95,0,100,5,100,0,85,380461069,,,67,29619,100,0,,,100,5,,,,,,,,,,,,,,,,,,,,,,,,,,,,,,,100,0,100,0,100,0,100,0,100,0,79,21,100,0,100,0,97,6583,21,21,,,,,100,0,100,0,200,0,,,,,,,,,,,,,,,,,,,,,,,,,,,100,29559,100,45268651264,100,156606783356,,,,,,,,,,
2019-04-06,Z304JM91,ST4000DM000,4000787030016,0,119,207534288,,,95,0,100,5,100,0,85,381802145,,,67,29642,100,0,,,100,5,,,,,,,,,,,,,,,,,,,,,,,,,,,,,,,100,0,100,0,100,0,100,0,100,0,79,21,100,0,100,0,97,6597,21,21,,,,,100,0,100,0,200,0,,,,,,,,,,,,,,,,,,,,,,,,,,,100,29583,100,45272696632,100,156727397314,,,,,,,,,,
2019-04-07,Z304JM91,ST4000DM000,4000787030016,0,119,216732248,,,95,0,100,5,100,0,85,382788348,,,67,29666,100,0,,,100,5,,,,,,,,,,,,,,,,,,,,,,,,,,,,,,,100,0,100,0,100,0,100,0,100,0,79,21,100,0,100,0,97,6600,21,21,,,,,100,0,100,0,200,0,,,,,,,,,,,,,,,,,,,,,,,,,,,100,29606,100,45274308688,100,156886431360,,,,,,,,,,
2019-04-08,Z304JM91,ST4000DM000,4000787030016,0,117,166353464,,,95,0,100,5,100,0,85,383426094,,,67,29689,100,0,,,100,5,,,,,,,,,,,,,,,,,,,,,,,,,,,,,,,100,0,100,0,100,0,100,0,100,0,79,21,100,0,100,0,97,6602,21,21,,,,,100,0,100,0,200,0,,,,,,,,,,,,,,,,,,,,,,,,,,,100,29629,100,45275869720,100,157014578196,,,,,,,,,,
2019-04-09,Z304JM91,ST4000DM000,4000787030016,0,108,18087912,,,95,0,100,5,100,0,85,384005946,,,67,29712,100,0,,,100,5,,,,,,,,,,,,,,,,,,,,,,,,,,,,,,,100,0,100,0,100,0,100,0,100,0,79,21,100,0,100,0,97,6605,21,21,,,,,100,0,100,0,200,0,,,,,,,,,,,,,,,,,,,,,,,,,,,100,29653,100,45277573632,100,157124467312,,,,,,,,,,
2019-04-10,Z304JM91,ST4000DM000,4000787030016,0,106,11055280,,,95,0,100,5,100,0,85,384739883,,,67,29736,100,0,,,100,5,,,,,,,,,,,,,,,,,,,,,,,,,,,,,,,100,0,100,0,100,0,100,0,100,0,78,22,100,0,100,0,97,6607,22,22,,,,,100,0,100,0,200,0,,,,,,,,,,,,,,,,,,,,,,,,,,,100,29676,100,45278870144,100,157269690149,,,,,,,,,,
2019-04-11,Z304JM91,ST4000DM000,4000787030016,0,119,225775240,,,95,0,100,5,100,0,85,385933838,,,67,29759,100,0,,,100,5,,,,,,,,,,,,,,,,,,,,,,,,,,,,,,,100,0,100,0,100,0,100,0,100,0,79,21,100,0,100,0,97,6647,21,21,,,,,100,0,100,0,200,0,,,,,,,,,,,,,,,,,,,,,,,,,,,100,29699,100,45282938536,100,157432218866,,,,,,,,,,
2019-04-12,Z304JM91,ST4000DM000,4000787030016,0,108,20378128,,,95,0,100,5,100,0,85,387182178,,,67,29783,100,0,,,100,5,,,,,,,,,,,,,,,,,,,,,,,,,,,,,,,100,0,100,0,100,0,100,0,100,0,79,21,100,0,100,0,97,6651,21,21,,,,,100,0,100,0,200,0,,,,,,,,,,,,,,,,,,,,,,,,,,,100,29723,100,45285505736,100,157602866870,,,,,,,,,,
2019-04-13,Z304JM91,ST4000DM000,4000787030016,0,118,178764208,,,95,0,100,5,100,0,85,387949827,,,66,29806,100,0,,,100,5,,,,,,,,,,,,,,,,,,,,,,,,,,,,,,,100,0,100,0,100,0,100,0,100,0,79,21,100,0,100,0,97,6671,21,21,,,,,100,0,100,0,200,0,,,,,,,,,,,,,,,,,,,,,,,,,,,100,29746,100,45288972632,100,157747925154,,,,,,,,,,
2019-04-14,Z304JM91,ST4000DM000,4000787030016,0,112,42125456,,,95,0,100,5,100,0,85,388526197,,,66,29829,100,0,,,100,5,,,,,,,,,,,,,,,,,,,,,,,,,,,,,,,100,0,100,0,100,0,100,0,100,0,79,21,100,0,100,0,97,6673,21,21,,,,,100,0,100,0,200,0,,,,,,,,,,,,,,,,,,,,,,,,,,,100,29769,100,45292219304,100,157873818110,,,,,,,,,,
2019-04-15,Z304JM91,ST4000DM000,4000787030016,0,118,183786176,,,95,0,100,5,100,0,85,388879404,,,66,29853,100,0,,,100,5,,,,,,,,,,,,,,,,,,,,,,,,,,,,,,,100,0,100,0,100,0,100,0,100,0,79,21,100,0,100,0,97,6675,21,21,,,,,100,0,100,0,200,0,,,,,,,,,,,,,,,,,,,,,,,,,,,100,29793,100,45294300824,100,158011165176,,,,,,,,,,
2019-04-16,Z304JM91,ST4000DM000,4000787030016,0,102,4558360,,,95,0,100,5,100,0,85,389315572,,,66,29876,100,0,,,100,5,,,,,,,,,,,,,,,,,,,,,,,,,,,,,,,100,0,100,0,100,0,100,0,100,0,78,22,100,0,100,0,97,6679,22,22,,,,,100,0,100,0,200,0,,,,,,,,,,,,,,,,,,,,,,,,,,,100,29816,100,45296967192,100,158184460757,,,,,,,,,,
2019-04-17,Z304JM91,ST4000DM000,4000787030016,0,119,229232672,,,95,0,100,5,100,0,85,390628798,,,66,29911,100,0,,,100,5,,,,,,,,,,,,,,,,,,,,,,,,,,,,,,,100,0,100,0,100,0,100,0,100,0,78,22,100,0,100,0,97,6685,22,22,,,,,100,0,100,0,200,0,,,,,,,,,,,,,,,,,,,,,,,,,,,100,29851,100,45300050104,100,158456448950,,,,,,,,,,
2019-04-18,Z304JM91,ST4000DM000,4000787030016,0,118,177184584,,,95,0,100,5,100,0,85,392509670,,,66,29935,100,0,,,100,5,,,,,,,,,,,,,,,,,,,,,,,,,,,,,,,100,0,100,0,100,0,100,0,100,0,79,21,100,0,100,0,97,6688,21,21,,,,,100,0,100,0,200,0,,,,,,,,,,,,,,,,,,,,,,,,,,,100,29875,100,45304277792,100,158679185233,,,,,,,,,,
2019-04-19,Z304JM91,ST4000DM000,4000787030016,0,117,121913480,,,95,0,100,5,100,0,85,394269635,,,66,29958,100,0,,,100,5,,,,,,,,,,,,,,,,,,,,,,,,,,,,,,,100,0,100,0,100,0,100,0,100,0,79,21,100,0,100,0,97,6691,21,21,,,,,100,0,100,0,200,0,,,,,,,,,,,,,,,,,,,,,,,,,,,100,29898,100,45308759152,100,158840668341,,,,,,,,,,
2019-04-20,Z304JM91,ST4000DM000,4000787030016,0,120,1717416,,,95,0,100,5,100,0,85,395798349,,,66,29982,100,0,,,100,5,,,,,,,,,,,,,,,,,,,,,,,,,,,,,,,100,0,100,0,100,0,100,0,100,0,79,21,100,0,100,0,97,6709,21,21,,,,,100,0,100,0,200,0,,,,,,,,,,,,,,,,,,,,,,,,,,,100,29922,100,45312627608,100,159014156397,,,,,,,,,,
2019-04-21,Z304JM91,ST4000DM000,4000787030016,0,119,226490864,,,95,0,100,5,100,0,85,396334041,,,66,30005,100,0,,,100,5,,,,,,,,,,,,,,,,,,,,,,,,,,,,,,,100,0,100,0,100,0,100,0,100,0,79,21,100,0,100,0,97,6712,21,21,,,,,100,0,100,0,200,0,,,,,,,,,,,,,,,,,,,,,,,,,,,100,29945,100,45314245736,100,159140441768,,,,,,,,,,
2019-04-22,Z304JM91,ST4000DM000,4000787030016,0,117,135357824,,,95,0,100,5,100,0,85,397049623,,,66,30029,100,0,,,100,5,,,,,,,,,,,,,,,,,,,,,,,,,,,,,,,100,0,100,0,100,0,100,0,100,0,79,21,100,0,100,0,97,6714,21,21,,,,,100,0,100,0,200,0,,,,,,,,,,,,,,,,,,,,,,,,,,,100,29968,100,45316244136,100,159287157913,,,,,,,,,,
2019-04-23,Z304JM91,ST4000DM000,4000787030016,0,114,83051800,,,95,0,100,5,100,0,85,397895842,,,66,30052,100,0,,,100,5,,,,,,,,,,,,,,,,,,,,,,,,,,,,,,,100,0,100,0,100,0,100,0,100,0,80,20,100,0,100,0,97,6718,20,20,,,,,100,0,100,0,200,0,,,,,,,,,,,,,,,,,,,,,,,,,,,100,29992,100,45318116400,100,159440066104,,,,,,,,,,
2019-04-24,Z304JM91,ST4000DM000,4000787030016,0,115,91632040,,,95,0,100,5,100,0,85,399062846,,,66,30075,100,0,,,100,5,,,,,,,,,,,,,,,,,,,,,,,,,,,,,,,100,0,100,0,100,0,100,0,100,0,80,20,100,0,100,0,97,6721,20,20,,,,,100,0,100,0,200,0,,,,,,,,,,,,,,,,,,,,,,,,,,,100,30015,100,45320162520,100,159595362906,,,,,,,,,,
2019-04-25,Z304JM91,ST4000DM000,4000787030016,0,119,202196616,,,95,0,100,5,100,0,85,400414206,,,66,30099,100,0,,,100,5,,,,,,,,,,,,,,,,,,,,,,,,,,,,,,,100,0,100,0,100,0,100,0,100,0,80,20,100,0,100,0,97,6725,20,20,,,,,100,0,100,0,200,0,,,,,,,,,,,,,,,,,,,,,,,,,,,100,30039,100,45324229600,100,159774429330,,,,,,,,,,
2019-04-26,Z304JM91,ST4000DM000,4000787030016,0,114,63573168,,,95,0,100,5,100,0,85,401151692,,,66,30122,100,0,,,100,5,,,,,,,,,,,,,,,,,,,,,,,,,,,,,,,100,0,100,0,100,0,100,0,100,0,80,20,100,0,100,0,97,6729,20,20,,,,,100,0,100,0,200,0,,,,,,,,,,,,,,,,,,,,,,,,,,,100,30062,100,45326083328,100,159926766899,,,,,,,,,,
2019-04-27,Z304JM91,ST4000DM000,4000787030016,0,114,75871280,,,95,0,100,5,100,0,86,403132339,,,66,30146,100,0,,,100,5,,,,,,,,,,,,,,,,,,,,,,,,,,,,,,,100,0,100,0,100,0,100,0,100,0,80,20,100,0,100,0,97,6769,20,20,,,,,100,0,100,0,200,0,,,,,,,,,,,,,,,,,,,,,,,,,,,100,30085,100,45330722288,100,160069615046,,,,,,,,,,
2019-04-28,Z304JM91,ST4000DM000,4000787030016,0,117,163324608,,,95,0,100,5,100,0,86,403928147,,,66,30169,100,0,,,100,5,,,,,,,,,,,,,,,,,,,,,,,,,,,,,,,100,0,100,0,100,0,100,0,100,0,79,21,100,0,100,0,97,6770,21,21,,,,,100,0,100,0,200,0,,,,,,,,,,,,,,,,,,,,,,,,,,,100,30109,100,45332356640,100,160212928895,,,,,,,,,,
2019-04-29,Z304JM91,ST4000DM000,4000787030016,0,118,174314984,,,95,0,100,5,100,0,86,404502375,,,66,30192,100,0,,,100,5,,,,,,,,,,,,,,,,,,,,,,,,,,,,,,,100,0,100,0,100,0,100,0,100,0,80,20,100,0,100,0,97,6772,20,20,,,,,100,0,100,0,200,0,,,,,,,,,,,,,,,,,,,,,,,,,,,100,30132,100,45333972488,100,160332320276,,,,,,,,,,
2019-04-30,Z304JM91,ST4000DM000,4000787030016,0,109,22297528,,,95,0,100,5,100,0,86,405316619,,,66,30216,100,0,,,100,5,,,,,,,,,,,,,,,,,,,,,,,,,,,,,,,100,0,100,0,100,0,100,0,100,0,80,20,100,0,100,0,97,6776,20,20,,,,,100,0,100,0,200,0,,,,,,,,,,,,,,,,,,,,,,,,,,,100,30155,100,45335974080,100,160486717287,,,,,,,,,,
2019-05-01,Z304JM91,ST4000DM000,4000787030016,0,119,227600976,,,95,0,100,5,100,0,86,406199872,,,66,30240,100,0,,,100,5,,,,,,,,,,,,,,,,,,,,,,,,,,,,,,,100,0,100,0,100,0,100,0,100,0,78,22,100,0,100,0,97,6780,22,22,,,,,100,0,100,0,200,0,,,,,,,,,,,,,,,,,,,,,,,,,,,100,30179,100,45337817416,100,160635319157,,,,,,,,,,
2019-05-02,Z304JM91,ST4000DM000,4000787030016,0,116,108034048,,,95,0,100,5,100,0,86,407709844,,,66,30263,100,0,,,100,5,,,,,,,,,,,,,,,,,,,,,,,,,,,,,,,100,0,100,0,100,0,100,0,100,0,78,22,100,0,100,0,97,6784,22,22,,,,,100,0,100,0,200,0,,,,,,,,,,,,,,,,,,,,,,,,,,,100,30203,100,45342079264,100,160786592446,,,,,,,,,,
2019-05-03,Z304JM91,ST4000DM000,4000787030016,0,117,133775064,,,95,0,100,5,100,0,86,408660044,,,66,30286,100,0,,,100,5,,,,,,,,,,,,,,,,,,,,,,,,,,,,,,,100,0,100,0,100,0,100,0,100,0,79,21,100,0,100,0,97,6787,21,21,,,,,100,0,100,0,200,0,,,,,,,,,,,,,,,,,,,,,,,,,,,100,30226,100,45343861872,100,160910811084,,,,,,,,,,
2019-05-04,Z304JM91,ST4000DM000,4000787030016,0,117,126834672,,,95,0,100,5,100,0,86,410791771,,,66,30310,100,0,,,100,5,,,,,,,,,,,,,,,,,,,,,,,,,,,,,,,100,0,100,0,100,0,100,0,100,0,79,21,100,0,100,0,97,6806,21,21,,,,,100,0,100,0,200,0,,,,,,,,,,,,,,,,,,,,,,,,,,,100,30249,100,45348655184,100,161054364210,,,,,,,,,,
2019-05-05,Z304JM91,ST4000DM000,4000787030016,0,109,21833496,,,95,0,100,5,100,0,86,412049961,,,66,30333,100,0,,,100,5,,,,,,,,,,,,,,,,,,,,,,,,,,,,,,,100,0,100,0,100,0,100,0,100,0,79,21,100,0,100,0,97,6809,21,21,,,,,100,0,100,0,200,0,,,,,,,,,,,,,,,,,,,,,,,,,,,100,30273,100,45350645816,100,161193361156,,,,,,,,,,
2019-05-06,Z304JM91,ST4000DM000,4000787030016,0,119,205594144,,,95,0,100,5,100,0,86,412886088,,,66,30357,100,0,,,100,5,,,,,,,,,,,,,,,,,,,,,,,,,,,,,,,100,0,100,0,100,0,100,0,100,0,79,21,100,0,100,0,97,6813,21,21,,,,,100,0,100,0,200,0,,,,,,,,,,,,,,,,,,,,,,,,,,,100,30296,100,45352961696,100,161342225126,,,,,,,,,,
2019-05-07,Z304JM91,ST4000DM000,4000787030016,0,116,107947160,,,95,0,100,5,100,0,86,413472173,,,66,30380,100,0,,,100,5,,,,,,,,,,,,,,,,,,,,,,,,,,,,,,,100,0,100,0,100,0,100,0,100,0,79,21,100,0,100,0,97,6818,21,21,,,,,100,0,100,0,200,0,,,,,,,,,,,,,,,,,,,,,,,,,,,100,30320,100,45354577536,100,161465831495,,,,,,,,,,
2019-05-08,Z304JM91,ST4000DM000,4000787030016,0,114,64792600,,,95,0,100,5,100,0,86,414094442,,,66,30404,100,0,,,100,5,,,,,,,,,,,,,,,,,,,,,,,,,,,,,,,100,0,100,0,100,0,100,0,100,0,79,21,100,0,100,0,97,6821,21,21,,,,,100,0,100,0,200,0,,,,,,,,,,,,,,,,,,,,,,,,,,,100,30343,100,45355987904,100,161595750555,,,,,,,,,,
2019-05-09,Z304JM91,ST4000DM000,4000787030016,0,117,148897136,,,95,0,100,5,100,0,86,415342979,,,66,30427,100,0,,,100,5,,,,,,,,,,,,,,,,,,,,,,,,,,,,,,,100,0,100,0,100,0,100,0,100,0,79,21,100,0,100,0,97,6826,21,21,,,,,100,0,100,0,200,0,,,,,,,,,,,,,,,,,,,,,,,,,,,100,30367,100,45359985512,100,161743898236,,,,,,,,,,
2019-05-10,Z304JM91,ST4000DM000,4000787030016,0,114,76841552,,,95,0,100,5,100,0,86,415802607,,,66,30450,100,0,,,100,5,,,,,,,,,,,,,,,,,,,,,,,,,,,,,,,100,0,100,0,100,0,100,0,100,0,78,22,100,0,100,0,97,6872,22,22,,,,,100,0,100,0,200,0,,,,,,,,,,,,,,,,,,,,,,,,,,,100,30390,100,45362244472,100,161890553093,,,,,,,,,,
2019-05-11,Z304JM91,ST4000DM000,4000787030016,0,111,35578216,,,95,0,100,5,100,0,86,416815341,,,66,30474,100,0,,,100,5,,,,,,,,,,,,,,,,,,,,,,,,,,,,,,,100,0,100,0,100,0,100,0,100,0,79,21,100,0,100,0,97,6872,21,21,,,,,100,0,100,0,200,0,,,,,,,,,,,,,,,,,,,,,,,,,,,100,30413,100,45366634184,100,162056897574,,,,,,,,,,
2019-05-12,Z304JM91,ST4000DM000,4000787030016,0,118,191203672,,,95,0,100,5,100,0,86,417759900,,,66,30497,100,0,,,100,5,,,,,,,,,,,,,,,,,,,,,,,,,,,,,,,100,0,100,0,100,0,100,0,100,0,79,21,100,0,100,0,97,6933,21,21,,,,,100,0,100,0,200,0,,,,,,,,,,,,,,,,,,,,,,,,,,,100,30436,100,45369756424,100,162184981089,,,,,,,,,,
2019-05-13,Z304JM91,ST4000DM000,4000787030016,0,114,82364648,,,95,0,100,5,100,0,86,418144581,,,66,30521,100,0,,,100,5,,,,,,,,,,,,,,,,,,,,,,,,,,,,,,,100,0,100,0,100,0,100,0,100,0,78,22,100,0,100,0,97,6937,22,22,,,,,100,0,100,0,200,0,,,,,,,,,,,,,,,,,,,,,,,,,,,100,30459,100,45371829792,100,162321173647,,,,,,,,,,
2019-05-14,Z304JM91,ST4000DM000,4000787030016,0,119,229378200,,,95,0,100,5,100,0,86,418480551,,,66,30544,100,0,,,100,5,,,,,,,,,,,,,,,,,,,,,,,,,,,,,,,100,0,100,0,100,0,100,0,100,0,78,22,100,0,100,0,97,6941,22,22,,,,,100,0,100,0,200,0,,,,,,,,,,,,,,,,,,,,,,,,,,,100,30483,100,45374198064,100,162463259010,,,,,,,,,,
2019-05-15,Z304JM91,ST4000DM000,4000787030016,0,117,129057616,,,95,0,100,5,100,0,86,419515654,,,66,30579,100,0,,,100,5,,,,,,,,,,,,,,,,,,,,,,,,,,,,,,,100,0,100,0,100,0,100,0,100,0,79,21,100,0,100,0,97,6947,21,21,,,,,100,0,100,0,200,0,,,,,,,,,,,,,,,,,,,,,,,,,,,100,30518,100,45378339624,100,162723692873,,,,,,,,,,
2019-05-16,Z304JM91,ST4000DM000,4000787030016,0,119,204729912,,,95,0,100,5,100,0,86,421833310,,,66,30603,100,0,,,100,5,,,,,,,,,,,,,,,,,,,,,,,,,,,,,,,100,0,100,0,100,0,100,0,100,0,79,21,100,0,100,0,97,6951,21,21,,,,,100,0,100,0,200,0,,,,,,,,,,,,,,,,,,,,,,,,,,,100,30542,100,45382807488,100,162972676524,,,,,,,,,,
2019-05-17,Z304JM91,ST4000DM000,4000787030016,0,116,106868400,,,95,0,100,5,100,0,86,423053452,,,66,30626,100,0,,,100,5,,,,,,,,,,,,,,,,,,,,,,,,,,,,,,,100,0,100,0,100,0,100,0,100,0,79,21,100,0,100,0,97,6954,21,21,,,,,100,0,100,0,200,0,,,,,,,,,,,,,,,,,,,,,,,,,,,100,30565,100,45384402000,100,163146338672,,,,,,,,,,
2019-05-18,Z304JM91,ST4000DM000,4000787030016,0,119,202667552,,,95,0,100,5,100,0,86,424279548,,,66,30650,100,0,,,100,5,,,,,,,,,,,,,,,,,,,,,,,,,,,,,,,100,0,100,0,100,0,100,0,100,0,79,21,100,0,100,0,97,6992,21,21,,,,,100,0,100,0,200,0,,,,,,,,,,,,,,,,,,,,,,,,,,,100,30589,100,45388170640,100,163259412528,,,,,,,,,,
2019-05-19,Z304JM91,ST4000DM000,4000787030016,0,118,188011920,,,95,0,100,5,100,0,86,425175089,,,65,30674,100,0,,,100,5,,,,,,,,,,,,,,,,,,,,,,,,,,,,,,,100,0,100,0,100,0,100,0,100,0,79,21,100,0,100,0,97,6995,21,21,,,,,100,0,100,0,200,0,,,,,,,,,,,,,,,,,,,,,,,,,,,100,30612,100,45389588320,100,163427339018,,,,,,,,,,
2019-05-20,Z304JM91,ST4000DM000,4000787030016,0,112,42592480,,,95,0,100,5,100,0,86,425837046,,,65,30697,100,0,,,100,5,,,,,,,,,,,,,,,,,,,,,,,,,,,,,,,100,0,100,0,100,0,100,0,100,0,78,22,100,0,100,0,97,6999,22,22,,,,,100,0,100,0,200,0,,,,,,,,,,,,,,,,,,,,,,,,,,,100,30636,100,45391223560,100,163573148089,,,,,,,,,,
2019-05-21,Z304JM91,ST4000DM000,4000787030016,0,110,25438592,,,95,0,100,5,100,0,86,426549094,,,65,30721,100,0,,,100,5,,,,,,,,,,,,,,,,,,,,,,,,,,,,,,,100,0,100,0,100,0,100,0,100,0,79,21,100,0,100,0,97,7004,21,21,,,,,100,0,100,0,200,0,,,,,,,,,,,,,,,,,,,,,,,,,,,100,30659,100,45393006488,100,163711794986,,,,,,,,,,
2019-05-22,Z304JM91,ST4000DM000,4000787030016,0,109,24119240,,,95,0,100,5,100,0,86,427542738,,,65,30744,100,0,,,100,5,,,,,,,,,,,,,,,,,,,,,,,,,,,,,,,100,0,100,0,100,0,100,0,100,0,79,21,100,0,100,0,97,7006,21,21,,,,,100,0,100,0,200,0,,,,,,,,,,,,,,,,,,,,,,,,,,,100,30683,100,45395201224,100,163872767243,,,,,,,,,,
2019-05-23,Z304JM91,ST4000DM000,4000787030016,0,118,181884408,,,95,0,100,5,100,0,86,429743317,,,65,30768,100,0,,,100,5,,,,,,,,,,,,,,,,,,,,,,,,,,,,,,,100,0,100,0,100,0,100,0,100,0,79,21,100,0,100,0,97,7008,21,21,,,,,100,0,100,0,200,0,,,,,,,,,,,,,,,,,,,,,,,,,,,100,30706,100,45399736800,100,164054626216,,,,,,,,,,
2019-05-24,Z304JM91,ST4000DM000,4000787030016,0,112,43080592,,,95,0,100,5,100,0,86,430463375,,,65,30791,100,0,,,100,5,,,,,,,,,,,,,,,,,,,,,,,,,,,,,,,100,0,100,0,100,0,100,0,100,0,80,20,100,0,100,0,97,7011,20,20,,,,,100,0,100,0,200,0,,,,,,,,,,,,,,,,,,,,,,,,,,,100,30730,100,45401694800,100,164213863788,,,,,,,,,,
2019-05-25,Z304JM91,ST4000DM000,4000787030016,0,119,203204624,,,95,0,100,5,100,0,86,431502941,,,65,30815,100,0,,,100,5,,,,,,,,,,,,,,,,,,,,,,,,,,,,,,,100,0,100,0,100,0,100,0,100,0,80,20,100,0,100,0,97,7030,20,20,,,,,100,0,100,0,200,0,,,,,,,,,,,,,,,,,,,,,,,,,,,100,30753,100,45404868912,100,164348959364,,,,,,,,,,
2019-05-26,Z304JM91,ST4000DM000,4000787030016,0,115,92077560,,,95,0,100,5,100,0,86,432646841,,,65,30839,100,0,,,100,5,,,,,,,,,,,,,,,,,,,,,,,,,,,,,,,100,0,100,0,100,0,100,0,100,0,80,20,100,0,100,0,97,7035,20,20,,,,,100,0,100,0,200,0,,,,,,,,,,,,,,,,,,,,,,,,,,,100,30777,100,45407452256,100,164517683669,,,,,,,,,,
2019-05-27,Z304JM91,ST4000DM000,4000787030016,0,118,180821080,,,95,0,100,5,100,0,86,433162713,,,65,30862,100,0,,,100,5,,,,,,,,,,,,,,,,,,,,,,,,,,,,,,,100,0,100,0,100,0,100,0,100,0,78,22,100,0,100,0,97,7037,22,22,,,,,100,0,100,0,200,0,,,,,,,,,,,,,,,,,,,,,,,,,,,100,30801,100,45409557528,100,164618457789,,,,,,,,,,
2019-05-28,Z304JM91,ST4000DM000,4000787030016,0,116,108466088,,,95,0,100,5,100,0,86,433969757,,,65,30886,100,0,,,100,5,,,,,,,,,,,,,,,,,,,,,,,,,,,,,,,100,0,100,0,100,0,100,0,100,0,79,21,100,0,100,0,97,7042,21,21,,,,,100,0,100,0,200,0,,,,,,,,,,,,,,,,,,,,,,,,,,,100,30824,100,45411943704,100,164772209098,,,,,,,,,,
2019-05-29,Z304JM91,ST4000DM000,4000787030016,0,114,59474448,,,95,0,100,5,100,0,86,434840717,,,65,30909,100,0,,,100,5,,,,,,,,,,,,,,,,,,,,,,,,,,,,,,,100,0,100,0,100,0,100,0,100,0,78,22,100,0,100,0,97,7047,22,22,,,,,100,0,100,0,200,0,,,,,,,,,,,,,,,,,,,,,,,,,,,100,30848,100,45413814400,100,164924343699,,,,,,,,,,
2019-05-30,Z304JM91,ST4000DM000,4000787030016,0,120,238074912,,,95,0,100,5,100,0,86,436700497,,,65,30933,100,0,,,100,5,,,,,,,,,,,,,,,,,,,,,,,,,,,,,,,100,0,100,0,100,0,100,0,100,0,79,21,100,0,100,0,97,7051,21,21,,,,,100,0,100,0,200,0,,,,,,,,,,,,,,,,,,,,,,,,,,,100,30871,100,45419223608,100,165073585002,,,,,,,,,,
2019-05-31,Z304JM91,ST4000DM000,4000787030016,0,114,69379968,,,95,0,100,5,100,0,86,437684426,,,65,30957,100,0,,,100,5,,,,,,,,,,,,,,,,,,,,,,,,,,,,,,,100,0,100,0,100,0,100,0,100,0,79,21,100,0,100,0,97,7057,21,21,,,,,100,0,100,0,200,0,,,,,,,,,,,,,,,,,,,,,,,,,,,100,30895,100,45421303608,100,165202756569,,,,,,,,,,
2019-06-01,Z304JM91,ST4000DM000,4000787030016,0,116,115065976,,,95,0,100,5,100,0,86,438876811,,,65,30980,100,0,,,100,5,,,,,,,,,,,,,,,,,,,,,,,,,,,,,,,100,0,100,0,100,0,100,0,100,0,79,21,100,0,100,0,97,7059,21,21,,,,,100,0,100,0,200,0,,,,,,,,,,,,,,,,,,,,,,,,,,,100,30918,100,45423621120,100,165341459032,,,,,,,,,,
2019-06-02,Z304JM91,ST4000DM000,4000787030016,0,120,241426272,,,95,0,100,5,100,0,86,440090363,,,65,31004,100,0,,,100,5,,,,,,,,,,,,,,,,,,,,,,,,,,,,,,,100,0,100,0,100,0,100,0,100,0,79,21,100,0,100,0,97,7059,21,21,,,,,100,0,100,0,200,0,,,,,,,,,,,,,,,,,,,,,,,,,,,100,30942,100,45426989040,100,165454787347,,,,,,,,,,
2019-06-03,Z304JM91,ST4000DM000,4000787030016,0,117,149933128,,,95,0,100,5,100,0,86,441096792,,,65,31027,100,0,,,100,5,,,,,,,,,,,,,,,,,,,,,,,,,,,,,,,100,0,100,0,100,0,100,0,100,0,79,21,100,0,100,0,97,7062,21,21,,,,,100,0,100,0,200,0,,,,,,,,,,,,,,,,,,,,,,,,,,,100,30966,100,45428721184,100,165607247736,,,,,,,,,,
2019-06-04,Z304JM91,ST4000DM000,4000787030016,0,113,51002688,,,95,0,100,5,100,0,86,441752665,,,65,31051,100,0,,,100,5,,,,,,,,,,,,,,,,,,,,,,,,,,,,,,,100,0,100,0,100,0,100,0,100,0,78,22,100,0,100,0,97,7066,22,22,,,,,100,0,100,0,200,0,,,,,,,,,,,,,,,,,,,,,,,,,,,100,30989,100,45430382528,100,165736032026,,,,,,,,,,
2019-06-05,Z304JM91,ST4000DM000,4000787030016,0,114,58971824,,,95,0,100,5,100,0,86,442285706,,,65,31074,100,0,,,100,5,,,,,,,,,,,,,,,,,,,,,,,,,,,,,,,100,0,100,0,100,0,100,0,100,0,79,21,100,0,100,0,97,7071,21,21,,,,,100,0,100,0,200,0,,,,,,,,,,,,,,,,,,,,,,,,,,,100,31012,100,45431782072,100,165846682502,,,,,,,,,,
2019-06-06,Z304JM91,ST4000DM000,4000787030016,0,114,75571544,,,95,0,100,5,100,0,86,444095507,,,65,31098,100,0,,,100,5,,,,,,,,,,,,,,,,,,,,,,,,,,,,,,,100,0,100,0,100,0,100,0,100,0,79,21,100,0,100,0,97,7078,21,21,,,,,100,0,100,0,200,0,,,,,,,,,,,,,,,,,,,,,,,,,,,100,31036,100,45435634848,100,166016458862,,,,,,,,,,
2019-06-07,Z304JM91,ST4000DM000,4000787030016,0,120,235764232,,,95,0,100,5,100,0,86,444921855,,,65,31121,100,0,,,100,5,,,,,,,,,,,,,,,,,,,,,,,,,,,,,,,100,0,100,0,100,0,100,0,100,0,80,20,100,0,100,0,97,7120,20,20,,,,,100,0,100,0,200,0,,,,,,,,,,,,,,,,,,,,,,,,,,,100,31059,100,45437181136,100,166166495163,,,,,,,,,,
2019-06-08,Z304JM91,ST4000DM000,4000787030016,0,119,207035200,,,95,0,100,5,100,0,86,445325423,,,65,31145,100,0,,,100,5,,,,,,,,,,,,,,,,,,,,,,,,,,,,,,,100,0,100,0,100,0,100,0,100,0,80,20,100,0,100,0,97,7123,20,20,,,,,100,0,100,0,200,0,,,,,,,,,,,,,,,,,,,,,,,,,,,100,31083,100,45439539000,100,166326545010,,,,,,,,,,
2019-06-09,Z304JM91,ST4000DM000,4000787030016,0,102,4304112,,,95,0,100,5,100,0,86,446313873,,,65,31169,100,0,,,100,5,,,,,,,,,,,,,,,,,,,,,,,,,,,,,,,100,0,100,0,100,0,100,0,100,0,80,20,100,0,100,0,97,7176,20,20,,,,,100,0,100,0,200,0,,,,,,,,,,,,,,,,,,,,,,,,,,,100,31106,100,45444663928,100,166459907774,,,,,,,,,,
2019-06-10,Z304JM91,ST4000DM000,4000787030016,0,120,2131960,,,95,0,100,5,100,0,86,446770116,,,65,31192,100,0,,,100,5,,,,,,,,,,,,,,,,,,,,,,,,,,,,,,,100,0,100,0,100,0,100,0,100,0,79,21,100,0,100,0,97,7178,21,21,,,,,100,0,100,0,200,0,,,,,,,,,,,,,,,,,,,,,,,,,,,100,31130,100,45447192776,100,166601089788,,,,,,,,,,
2019-06-11,Z304JM91,ST4000DM000,4000787030016,0,108,18373584,,,95,0,100,5,100,0,86,447285768,,,65,31228,100,0,,,100,5,,,,,,,,,,,,,,,,,,,,,,,,,,,,,,,100,0,100,0,100,0,100,0,100,0,79,21,100,0,100,0,97,7186,21,21,,,,,100,0,100,0,200,0,,,,,,,,,,,,,,,,,,,,,,,,,,,100,31165,100,45450500016,100,166826118051,,,,,,,,,,
2019-06-12,Z304JM91,ST4000DM000,4000787030016,0,118,189486632,,,95,0,100,5,100,0,86,448044053,,,65,31251,100,0,,,100,5,,,,,,,,,,,,,,,,,,,,,,,,,,,,,,,100,0,100,0,100,0,100,0,100,0,80,20,100,0,100,0,97,7190,20,20,,,,,100,0,100,0,200,0,,,,,,,,,,,,,,,,,,,,,,,,,,,100,31189,100,45452534624,100,167002608333,,,,,,,,,,
2019-06-13,Z304JM91,ST4000DM000,4000787030016,0,114,72426768,,,95,0,100,5,100,0,86,450340294,,,65,31275,100,0,,,100,5,,,,,,,,,,,,,,,,,,,,,,,,,,,,,,,100,0,100,0,100,0,100,0,100,0,79,21,100,0,100,0,97,7193,21,21,,,,,100,0,100,0,200,0,,,,,,,,,,,,,,,,,,,,,,,,,,,100,31212,100,45457800056,100,167228821251,,,,,,,,,,
2019-06-14,Z304JM91,ST4000DM000,4000787030016,0,114,82814784,,,95,0,100,5,100,0,86,451642149,,,65,31298,100,0,,,100,5,,,,,,,,,,,,,,,,,,,,,,,,,,,,,,,100,0,100,0,100,0,100,0,100,0,79,21,100,0,100,0,97,7198,21,21,,,,,100,0,100,0,200,0,,,,,,,,,,,,,,,,,,,,,,,,,,,100,31236,100,45459637944,100,167425300017,,,,,,,,,,
2019-06-15,Z304JM91,ST4000DM000,4000787030016,0,113,51041224,,,95,0,100,5,100,0,86,452962986,,,65,31322,100,0,,,100,5,,,,,,,,,,,,,,,,,,,,,,,,,,,,,,,100,0,100,0,100,0,100,0,100,0,80,20,100,0,100,0,97,7214,20,20,,,,,100,0,100,0,200,0,,,,,,,,,,,,,,,,,,,,,,,,,,,100,31259,100,45463882984,100,167552317112,,,,,,,,,,
2019-06-16,Z304JM91,ST4000DM000,4000787030016,0,115,99917600,,,95,0,100,5,100,0,86,453894740,,,65,31345,100,0,,,100,5,,,,,,,,,,,,,,,,,,,,,,,,,,,,,,,100,0,100,0,100,0,100,0,100,0,78,22,100,0,100,0,97,7219,22,22,,,,,100,0,100,0,200,0,,,,,,,,,,,,,,,,,,,,,,,,,,,100,31283,100,45465672536,100,167723466126,,,,,,,,,,
2019-06-17,Z304JM91,ST4000DM000,4000787030016,0,118,199894560,,,95,0,100,5,100,0,86,454557930,,,65,31369,100,0,,,100,5,,,,,,,,,,,,,,,,,,,,,,,,,,,,,,,100,0,100,0,100,0,100,0,100,0,79,21,100,0,100,0,97,7224,21,21,,,,,100,0,100,0,200,0,,,,,,,,,,,,,,,,,,,,,,,,,,,100,31307,100,45467368520,100,167869079221,,,,,,,,,,
2019-06-18,Z304JM91,ST4000DM000,4000787030016,0,118,193079568,,,95,0,100,5,100,0,86,455400943,,,65,31393,100,0,,,100,5,,,,,,,,,,,,,,,,,,,,,,,,,,,,,,,100,0,100,0,100,0,100,0,100,0,78,22,100,0,100,0,97,7225,22,22,,,,,100,0,100,0,200,0,,,,,,,,,,,,,,,,,,,,,,,,,,,100,31330,100,45469072272,100,168020070585,,,,,,,,,,
2019-06-19,Z304JM91,ST4000DM000,4000787030016,0,119,232707632,,,95,0,100,5,100,0,86,456392053,,,65,31416,100,0,,,100,5,,,,,,,,,,,,,,,,,,,,,,,,,,,,,,,100,0,100,0,100,0,100,0,100,0,78,22,100,0,100,0,97,7226,22,22,,,,,100,0,100,0,200,0,,,,,,,,,,,,,,,,,,,,,,,,,,,100,31354,100,45470942200,100,168180222664,,,,,,,,,,
2019-06-20,Z304JM91,ST4000DM000,4000787030016,0,117,140672104,,,95,0,100,5,100,0,86,458552397,,,65,31440,100,0,,,100,5,,,,,,,,,,,,,,,,,,,,,,,,,,,,,,,100,0,100,0,100,0,100,0,100,0,78,22,100,0,100,0,97,7231,22,22,,,,,100,0,100,0,200,0,,,,,,,,,,,,,,,,,,,,,,,,,,,100,31377,100,45475059336,100,168350836889,,,,,,,,,,
2019-06-21,Z304JM91,ST4000DM000,4000787030016,0,102,4637032,,,95,0,100,5,100,0,86,459286630,,,65,31463,100,0,,,100,5,,,,,,,,,,,,,,,,,,,,,,,,,,,,,,,100,0,100,0,100,0,100,0,100,0,78,22,100,0,100,0,97,7234,22,22,,,,,100,0,100,0,200,0,,,,,,,,,,,,,,,,,,,,,,,,,,,100,31400,100,45476959240,100,168510406940,,,,,,,,,,
2019-06-22,Z304JM91,ST4000DM000,4000787030016,0,114,78226944,,,95,0,100,5,100,0,86,460244527,,,65,31486,100,0,,,100,5,,,,,,,,,,,,,,,,,,,,,,,,,,,,,,,100,0,100,0,100,0,100,0,100,0,78,22,100,0,100,0,97,7249,22,22,,,,,100,0,100,0,200,0,,,,,,,,,,,,,,,,,,,,,,,,,,,100,31424,100,45479730648,100,168642800808,,,,,,,,,,
2019-06-23,Z304JM91,ST4000DM000,4000787030016,0,115,90162880,,,95,0,100,5,100,0,86,461437653,,,65,31510,100,0,,,100,5,,,,,,,,,,,,,,,,,,,,,,,,,,,,,,,100,0,100,0,100,0,100,0,100,0,78,22,100,0,100,0,97,7253,22,22,,,,,100,0,100,0,200,0,,,,,,,,,,,,,,,,,,,,,,,,,,,100,31447,100,45482855048,100,168809129628,,,,,,,,,,
2019-06-24,Z304JM91,ST4000DM000,4000787030016,0,117,118770416,,,95,0,100,5,100,0,86,461947426,,,65,31534,100,0,,,100,5,,,,,,,,,,,,,,,,,,,,,,,,,,,,,,,100,0,100,0,100,0,100,0,100,0,78,22,100,0,100,0,97,7259,22,22,,,,,100,0,100,0,200,0,,,,,,,,,,,,,,,,,,,,,,,,,,,100,31471,100,45484397104,100,168908645531,,,,,,,,,,
2019-06-25,Z304JM91,ST4000DM000,4000787030016,0,113,54996064,,,95,0,100,5,100,0,86,462731648,,,64,31557,100,0,,,100,5,,,,,,,,,,,,,,,,,,,,,,,,,,,,,,,100,0,100,0,100,0,100,0,100,0,78,22,100,0,100,0,97,7262,22,22,,,,,100,0,100,0,200,0,,,,,,,,,,,,,,,,,,,,,,,,,,,100,31494,100,45486050800,100,169063206617,,,,,,,,,,
2019-06-26,Z304JM91,ST4000DM000,4000787030016,0,112,47732144,,,95,0,100,5,100,0,86,463668999,,,64,31581,100,0,,,100,5,,,,,,,,,,,,,,,,,,,,,,,,,,,,,,,100,0,100,0,100,0,100,0,100,0,78,22,100,0,100,0,97,7265,22,22,,,,,100,0,100,0,200,0,,,,,,,,,,,,,,,,,,,,,,,,,,,100,31518,100,45488303160,100,169220617063,,,,,,,,,,
2019-06-27,Z304JM91,ST4000DM000,4000787030016,0,117,151372736,,,95,0,100,5,100,0,86,466155025,,,64,31604,100,0,,,100,5,,,,,,,,,,,,,,,,,,,,,,,,,,,,,,,100,0,100,0,100,0,100,0,100,0,78,22,100,0,100,0,97,7266,22,22,,,,,100,0,100,0,200,0,,,,,,,,,,,,,,,,,,,,,,,,,,,100,31542,100,45494054408,100,169442117655,,,,,,,,,,
2019-06-28,Z304JM91,ST4000DM000,4000787030016,0,119,228404872,,,95,0,100,5,100,0,86,468098268,,,64,31628,100,0,,,100,5,,,,,,,,,,,,,,,,,,,,,,,,,,,,,,,100,0,100,0,100,0,100,0,100,0,78,22,100,0,100,0,97,7271,22,22,,,,,100,0,100,0,200,0,,,,,,,,,,,,,,,,,,,,,,,,,,,100,31566,100,45496550504,100,169710598201,,,,,,,,,,
2019-06-29,Z304JM91,ST4000DM000,4000787030016,0,117,134467216,,,95,0,100,5,100,0,86,469514174,,,64,31653,100,0,,,100,5,,,,,,,,,,,,,,,,,,,,,,,,,,,,,,,100,0,100,0,100,0,100,0,100,0,78,22,100,0,100,0,97,7315,22,22,,,,,100,0,100,0,200,0,,,,,,,,,,,,,,,,,,,,,,,,,,,100,31590,100,45499327880,100,169927900505,,,,,,,,,,
2019-06-30,Z304JM91,ST4000DM000,4000787030016,0,117,129379784,,,95,0,100,5,100,0,87,470736069,,,64,31677,100,0,,,100,5,,,,,,,,,,,,,,,,,,,,,,,,,,,,,,,100,0,100,0,100,0,100,0,100,0,78,22,100,0,100,0,97,7369,22,22,,,,,100,0,100,0,200,0,,,,,,,,,,,,,,,,,,,,,,,,,,,100,31614,100,45503091160,100,170075116571,,,,,,,,,,
2019-07-01,Z304JM91,ST4000DM000,4000787030016,0,105,8399336,,,95,0,100,5,100,0,87,471689089,,,64,31701,100,0,,,100,5,,,,,,,,,,,,,,,,,,,,,,,,,,,,,,,100,0,100,0,100,0,100,0,100,0,78,22,100,0,100,0,97,7373,22,22,,,,,100,0,100,0,200,0,,,,,,,,,,,,,,,,,,,,,,,,,,,100,31638,100,45504858832,100,170280778367,,,,,,,,,,
2019-07-02,Z304JM91,ST4000DM000,4000787030016,0,119,202519656,,,95,0,100,5,100,0,87,472413605,,,64,31725,100,0,,,100,5,,,,,,,,,,,,,,,,,,,,,,,,,,,,,,,100,0,100,0,100,0,100,0,100,0,78,22,100,0,100,0,97,7412,22,22,,,,,100,0,100,0,200,0,,,,,,,,,,,,,,,,,,,,,,,,,,,100,31662,100,45507599656,100,170514662922,,,,,,,,,,
2019-07-03,Z304JM91,ST4000DM000,4000787030016,0,118,174986592,,,95,0,100,5,100,0,87,472994607,,,64,31749,100,0,,,100,5,,,,,,,,,,,,,,,,,,,,,,,,,,,,,,,100,0,100,0,100,0,100,0,100,0,78,22,100,0,100,0,97,7415,22,22,,,,,100,0,100,0,200,0,,,,,,,,,,,,,,,,,,,,,,,,,,,100,31686,100,45510582888,100,170733957472,,,,,,,,,,
2019-07-04,Z304JM91,ST4000DM000,4000787030016,0,111,39101000,,,95,0,100,5,100,0,87,474337238,,,64,31773,100,0,,,100,5,,,,,,,,,,,,,,,,,,,,,,,,,,,,,,,100,0,100,0,100,0,100,0,100,0,78,22,100,0,100,0,97,7416,22,22,,,,,100,0,100,0,200,0,,,,,,,,,,,,,,,,,,,,,,,,,,,100,31710,100,45516255328,100,170973839329,,,,,,,,,,
2019-07-05,Z304JM91,ST4000DM000,4000787030016,0,114,68171776,,,95,0,100,5,100,0,87,475782839,,,64,31797,100,0,,,100,5,,,,,,,,,,,,,,,,,,,,,,,,,,,,,,,100,0,100,0,100,0,100,0,100,0,78,22,100,0,100,0,97,7418,22,22,,,,,100,0,100,0,200,0,,,,,,,,,,,,,,,,,,,,,,,,,,,100,31734,100,45519000704,100,171249884585,,,,,,,,,,
2019-07-06,Z304JM91,ST4000DM000,4000787030016,0,119,233385816,,,95,0,100,5,100,0,87,477561181,,,64,31821,100,0,,,100,5,,,,,,,,,,,,,,,,,,,,,,,,,,,,,,,100,0,100,0,100,0,100,0,100,0,78,22,100,0,100,0,97,7435,22,22,,,,,100,0,100,0,200,0,,,,,,,,,,,,,,,,,,,,,,,,,,,100,31758,100,45521997040,100,171563299083,,,,,,,,,,
2019-07-07,Z304JM91,ST4000DM000,4000787030016,0,113,54715720,,,95,0,100,5,100,0,87,479264950,,,64,31845,100,0,,,100,5,,,,,,,,,,,,,,,,,,,,,,,,,,,,,,,100,0,100,0,100,0,100,0,100,0,78,22,100,0,100,0,97,7445,22,22,,,,,100,0,100,0,200,0,,,,,,,,,,,,,,,,,,,,,,,,,,,100,31782,100,45526042952,100,171756337957,,,,,,,,,,
2019-07-08,Z304JM91,ST4000DM000,4000787030016,0,114,65553120,,,95,0,100,5,100,0,87,480553977,,,64,31869,100,0,,,100,5,,,,,,,,,,,,,,,,,,,,,,,,,,,,,,,100,0,100,0,100,0,100,0,100,0,78,22,100,0,100,0,97,7450,22,22,,,,,100,0,100,0,200,0,,,,,,,,,,,,,,,,,,,,,,,,,,,100,31806,100,45529146336,100,172005348894,,,,,,,,,,
2019-07-09,Z304JM91,ST4000DM000,4000787030016,0,105,10063560,,,95,0,100,5,100,0,87,481650132,,,64,31893,100,0,,,100,5,,,,,,,,,,,,,,,,,,,,,,,,,,,,,,,100,0,100,0,100,0,100,0,100,0,78,22,100,0,100,0,97,7452,22,22,,,,,100,0,100,0,200,0,,,,,,,,,,,,,,,,,,,,,,,,,,,100,31830,100,45532056848,100,172232143462,,,,,,,,,,
2019-07-10,Z304JM91,ST4000DM000,4000787030016,0,110,27213856,,,95,0,100,5,100,0,87,483238907,,,64,31918,100,0,,,100,5,,,,,,,,,,,,,,,,,,,,,,,,,,,,,,,100,0,100,0,100,0,100,0,100,0,78,22,100,0,100,0,97,7457,22,22,,,,,100,0,100,0,200,0,,,,,,,,,,,,,,,,,,,,,,,,,,,100,31854,100,45534641832,100,172474506768,,,,,,,,,,
2019-07-11,Z304JM91,ST4000DM000,4000787030016,0,113,57096896,,,95,0,100,5,100,0,87,484946776,,,64,31942,100,0,,,100,5,,,,,,,,,,,,,,,,,,,,,,,,,,,,,,,100,0,100,0,100,0,100,0,100,0,78,22,100,0,100,0,97,7462,22,22,,,,,100,0,100,0,200,0,,,,,,,,,,,,,,,,,,,,,,,,,,,100,31878,100,45539163264,100,172731179567,,,,,,,,,,
2019-07-12,Z304JM91,ST4000DM000,4000787030016,0,118,191464600,,,95,0,100,5,100,0,87,486270912,,,64,31966,100,0,,,100,5,,,,,,,,,,,,,,,,,,,,,,,,,,,,,,,100,0,100,0,100,0,100,0,100,0,78,22,100,0,100,0,97,7466,22,22,,,,,100,0,100,0,200,0,,,,,,,,,,,,,,,,,,,,,,,,,,,100,31902,100,45541181952,100,172981626974,,,,,,,,,,
2019-07-13,Z304JM91,ST4000DM000,4000787030016,0,117,146769160,,,95,0,100,5,100,0,87,488149606,,,64,31990,100,0,,,100,5,,,,,,,,,,,,,,,,,,,,,,,,,,,,,,,100,0,100,0,100,0,100,0,100,0,78,22,100,0,100,0,97,7503,22,22,,,,,100,0,100,0,200,0,,,,,,,,,,,,,,,,,,,,,,,,,,,100,31926,100,45545459544,100,173213344871,,,,,,,,,,
2019-07-14,Z304JM91,ST4000DM000,4000787030016,0,117,161017648,,,95,0,100,5,100,0,87,489969143,,,64,32014,100,0,,,100,5,,,,,,,,,,,,,,,,,,,,,,,,,,,,,,,100,0,100,0,100,0,100,0,100,0,78,22,100,0,100,0,97,7514,22,22,,,,,100,0,100,0,200,0,,,,,,,,,,,,,,,,,,,,,,,,,,,100,31950,100,45548920728,100,173476561094,,,,,,,,,,
2019-07-15,Z304JM91,ST4000DM000,4000787030016,0,119,213709968,,,95,0,100,5,100,0,87,491815268,,,64,32038,100,0,,,100,5,,,,,,,,,,,,,,,,,,,,,,,,,,,,,,,100,0,100,0,100,0,100,0,100,0,78,22,100,0,100,0,97,7519,22,22,,,,,100,0,100,0,200,0,,,,,,,,,,,,,,,,,,,,,,,,,,,100,31974,100,45551863856,100,173738815248,,,,,,,,,,
2019-07-16,Z304JM91,ST4000DM000,4000787030016,0,111,40334424,,,95,0,100,5,100,0,87,493785936,,,64,32062,100,0,,,100,5,,,,,,,,,,,,,,,,,,,,,,,,,,,,,,,100,0,100,0,100,0,100,0,100,0,78,22,100,0,100,0,97,7524,22,22,,,,,100,0,100,0,200,0,,,,,,,,,,,,,,,,,,,,,,,,,,,100,31999,100,45554557904,100,174035046557,,,,,,,,,,
2019-07-17,Z304JM91,ST4000DM000,4000787030016,0,115,92163648,,,95,0,100,5,100,0,87,494954125,,,64,32086,100,0,,,100,5,,,,,,,,,,,,,,,,,,,,,,,,,,,,,,,100,0,100,0,100,0,100,0,100,0,78,22,100,0,100,0,97,7528,22,22,,,,,100,0,100,0,200,0,,,,,,,,,,,,,,,,,,,,,,,,,,,100,32023,100,45556985336,100,174287023274,,,,,,,,,,
2019-07-18,Z304JM91,ST4000DM000,4000787030016,0,118,170784176,,,95,0,100,5,100,0,87,496174149,,,64,32110,100,0,,,100,5,,,,,,,,,,,,,,,,,,,,,,,,,,,,,,,100,0,100,0,100,0,100,0,100,0,78,22,100,0,100,0,97,7582,22,22,,,,,100,0,100,0,200,0,,,,,,,,,,,,,,,,,,,,,,,,,,,100,32046,100,45560049320,100,174580054181,,,,,,,,,,
2019-07-19,Z304JM91,ST4000DM000,4000787030016,0,116,115303656,,,95,0,100,5,100,0,87,496935588,,,64,32134,100,0,,,100,5,,,,,,,,,,,,,,,,,,,,,,,,,,,,,,,100,0,100,0,100,0,100,0,100,0,78,22,100,0,100,0,97,7587,22,22,,,,,100,0,100,0,200,0,,,,,,,,,,,,,,,,,,,,,,,,,,,100,32070,100,45563713744,100,174880095456,,,,,,,,,,
2019-07-20,Z304JM91,ST4000DM000,4000787030016,0,114,75834552,,,95,0,100,5,100,0,87,498104607,,,64,32159,100,0,,,100,5,,,,,,,,,,,,,,,,,,,,,,,,,,,,,,,100,0,100,0,100,0,100,0,100,0,78,22,100,0,100,0,97,7596,22,22,,,,,100,0,100,0,200,0,,,,,,,,,,,,,,,,,,,,,,,,,,,100,32094,100,45568521888,100,175149787670,,,,,,,,,,
2019-07-21,Z304JM91,ST4000DM000,4000787030016,0,120,235847816,,,95,0,100,5,100,0,87,499859258,,,64,32183,100,0,,,100,5,,,,,,,,,,,,,,,,,,,,,,,,,,,,,,,100,0,100,0,100,0,100,0,100,0,78,22,100,0,100,0,97,7616,22,22,,,,,100,0,100,0,200,0,,,,,,,,,,,,,,,,,,,,,,,,,,,100,32119,100,45573021592,100,175444672057,,,,,,,,,,
2019-07-22,Z304JM91,ST4000DM000,4000787030016,0,118,186530976,,,95,0,100,5,100,0,87,502044716,,,64,32207,100,0,,,100,5,,,,,,,,,,,,,,,,,,,,,,,,,,,,,,,100,0,100,0,100,0,100,0,100,0,78,22,100,0,100,0,97,7618,22,22,,,,,100,0,100,0,200,0,,,,,,,,,,,,,,,,,,,,,,,,,,,100,32143,100,45576008192,100,175820557743,,,,,,,,,,
2019-07-23,Z304JM91,ST4000DM000,4000787030016,0,118,186512576,,,95,0,100,5,100,0,87,503643253,,,64,32231,100,0,,,100,5,,,,,,,,,,,,,,,,,,,,,,,,,,,,,,,100,0,100,0,100,0,100,0,100,0,78,22,100,0,100,0,97,7622,22,22,,,,,100,0,100,0,200,0,,,,,,,,,,,,,,,,,,,,,,,,,,,100,32167,100,45578883888,100,176141211383,,,,,,,,,,
2019-07-24,Z304JM91,ST4000DM000,4000787030016,0,109,24532240,,,95,0,100,5,100,0,87,505277831,,,64,32255,100,0,,,100,5,,,,,,,,,,,,,,,,,,,,,,,,,,,,,,,100,0,100,0,100,0,100,0,100,0,79,21,100,0,100,0,97,7626,21,21,,,,,100,0,100,0,200,0,,,,,,,,,,,,,,,,,,,,,,,,,,,100,32191,100,45581687544,100,176447455146,,,,,,,,,,
2019-07-25,Z304JM91,ST4000DM000,4000787030016,0,105,10261456,,,95,0,100,5,100,0,87,507561982,,,64,32280,100,0,,,100,5,,,,,,,,,,,,,,,,,,,,,,,,,,,,,,,100,0,100,0,100,0,100,0,100,0,79,21,100,0,100,0,97,7630,21,21,,,,,100,0,100,0,200,0,,,,,,,,,,,,,,,,,,,,,,,,,,,100,32215,100,45586736904,100,176774586959,,,,,,,,,,
2019-07-26,Z304JM91,ST4000DM000,4000787030016,0,119,224994024,,,95,0,100,5,100,0,87,509035276,,,64,32304,100,0,,,100,5,,,,,,,,,,,,,,,,,,,,,,,,,,,,,,,100,0,100,0,100,0,100,0,100,0,78,22,100,0,100,0,97,7636,22,22,,,,,100,0,100,0,200,0,,,,,,,,,,,,,,,,,,,,,,,,,,,100,32239,100,45589008536,100,177062147256,,,,,,,,,,
2019-07-27,Z304JM91,ST4000DM000,4000787030016,0,119,226725160,,,95,0,100,5,100,0,87,510564664,,,64,32328,100,0,,,100,5,,,,,,,,,,,,,,,,,,,,,,,,,,,,,,,100,0,100,0,100,0,100,0,100,0,79,21,100,0,100,0,97,7686,21,21,,,,,100,0,100,0,200,0,,,,,,,,,,,,,,,,,,,,,,,,,,,100,32263,100,45592866000,100,177298546400,,,,,,,,,,
2019-07-28,Z304JM91,ST4000DM000,4000787030016,0,108,15762176,,,95,0,100,5,100,0,87,512296357,,,64,32352,100,0,,,100,5,,,,,,,,,,,,,,,,,,,,,,,,,,,,,,,100,0,100,0,100,0,100,0,100,0,79,21,100,0,100,0,97,7699,21,21,,,,,100,0,100,0,200,0,,,,,,,,,,,,,,,,,,,,,,,,,,,100,32287,100,45596937648,100,177578168394,,,,,,,,,,
2019-07-29,Z304JM91,ST4000DM000,4000787030016,0,112,46185152,,,95,0,100,5,100,0,87,514290043,,,64,32376,100,0,,,100,5,,,,,,,,,,,,,,,,,,,,,,,,,,,,,,,100,0,100,0,100,0,100,0,100,0,79,21,100,0,100,0,97,7700,21,21,,,,,100,0,100,0,200,0,,,,,,,,,,,,,,,,,,,,,,,,,,,100,32311,100,45599963160,100,177842658823,,,,,,,,,,
2019-07-30,Z304JM91,ST4000DM000,4000787030016,0,117,128412920,,,95,0,100,5,100,0,87,516099860,,,64,32400,100,0,,,100,5,,,,,,,,,,,,,,,,,,,,,,,,,,,,,,,100,0,100,0,100,0,100,0,100,0,79,21,100,0,100,0,97,7703,21,21,,,,,100,0,100,0,200,0,,,,,,,,,,,,,,,,,,,,,,,,,,,100,32335,100,45603736056,100,178139542065,,,,,,,,,,
2019-07-31,Z304JM91,ST4000DM000,4000787030016,0,114,82590928,,,95,0,100,5,100,0,87,517469221,,,63,32424,100,0,,,100,5,,,,,,,,,,,,,,,,,,,,,,,,,,,,,,,100,0,100,0,100,0,100,0,100,0,78,22,100,0,100,0,97,7703,22,22,,,,,100,0,100,0,200,0,,,,,,,,,,,,,,,,,,,,,,,,,,,100,32359,100,45637560232,100,178408924047,,,,,,,,,,
2019-08-01,Z304JM91,ST4000DM000,4000787030016,0,111,35884368,,,95,0,100,5,100,0,87,519209605,,,63,32449,100,0,,,100,5,,,,,,,,,,,,,,,,,,,,,,,,,,,,,,,100,0,100,0,100,0,100,0,100,0,78,22,100,0,100,0,97,7705,22,22,,,,,100,0,100,0,200,0,,,,,,,,,,,,,,,,,,,,,,,,,,,100,32384,100,45674581912,100,178706228564,,,,,,,,,,
2019-08-02,Z304JM91,ST4000DM000,4000787030016,0,118,188130808,,,95,0,100,5,100,0,87,520264338,,,63,32473,100,0,,,100,5,,,,,,,,,,,,,,,,,,,,,,,,,,,,,,,100,0,100,0,100,0,100,0,100,0,78,22,100,0,100,0,97,7705,22,22,,,,,100,0,100,0,200,0,,,,,,,,,,,,,,,,,,,,,,,,,,,100,32408,100,45737396448,100,179020913947,,,,,,,,,,
2019-08-03,Z304JM91,ST4000DM000,4000787030016,0,117,165259376,,,95,0,100,5,100,0,87,521818826,,,63,32497,100,0,,,100,5,,,,,,,,,,,,,,,,,,,,,,,,,,,,,,,100,0,100,0,100,0,100,0,100,0,78,22,100,0,100,0,97,7705,22,22,,,,,100,0,100,0,200,0,,,,,,,,,,,,,,,,,,,,,,,,,,,100,32432,100,45782709496,100,179286588823,,,,,,,,,,
2019-08-04,Z304JM91,ST4000DM000,4000787030016,0,110,25272400,,,95,0,100,5,100,0,87,523461881,,,63,32521,100,0,,,100,5,,,,,,,,,,,,,,,,,,,,,,,,,,,,,,,100,0,100,0,100,0,100,0,100,0,78,22,100,0,100,0,97,7705,22,22,,,,,100,0,100,0,200,0,,,,,,,,,,,,,,,,,,,,,,,,,,,100,32456,100,45818264104,100,179552879558,,,,,,,,,,
2019-08-05,Z304JM91,ST4000DM000,4000787030016,0,118,176282880,,,95,0,100,5,100,0,87,525954557,,,63,32545,100,0,,,100,5,,,,,,,,,,,,,,,,,,,,,,,,,,,,,,,100,0,100,0,100,0,100,0,100,0,78,22,100,0,100,0,97,7705,22,22,,,,,100,0,100,0,200,0,,,,,,,,,,,,,,,,,,,,,,,,,,,100,32480,100,45859713128,100,179955328227,,,,,,,,,,
2019-08-06,Z304JM91,ST4000DM000,4000787030016,0,118,186466072,,,95,0,100,5,100,0,87,527693182,,,63,32569,100,0,,,100,5,,,,,,,,,,,,,,,,,,,,,,,,,,,,,,,100,0,100,0,100,0,100,0,100,0,78,22,100,0,100,0,97,7705,22,22,,,,,100,0,100,0,200,0,,,,,,,,,,,,,,,,,,,,,,,,,,,100,32505,100,45903457504,100,180265774771,,,,,,,,,,
2019-08-07,Z304JM91,ST4000DM000,4000787030016,0,114,59745816,,,95,0,100,5,100,0,87,529426392,,,63,32594,100,0,,,100,5,,,,,,,,,,,,,,,,,,,,,,,,,,,,,,,100,0,100,0,100,0,100,0,100,0,78,22,100,0,100,0,97,7705,22,22,,,,,100,0,100,0,200,0,,,,,,,,,,,,,,,,,,,,,,,,,,,100,32529,100,45942340688,100,180582194262,,,,,,,,,,
2019-08-08,Z304JM91,ST4000DM000,4000787030016,0,118,176258656,,,95,0,100,5,100,0,87,531399212,,,63,32618,100,0,,,100,5,,,,,,,,,,,,,,,,,,,,,,,,,,,,,,,100,0,100,0,100,0,100,0,100,0,78,22,100,0,100,0,97,7706,22,22,,,,,100,0,100,0,200,0,,,,,,,,,,,,,,,,,,,,,,,,,,,100,32553,100,45983972856,100,180923890320,,,,,,,,,,
2019-08-09,Z304JM91,ST4000DM000,4000787030016,0,114,67702448,,,95,0,100,5,100,0,87,533212676,,,63,32642,100,0,,,100,5,,,,,,,,,,,,,,,,,,,,,,,,,,,,,,,100,0,100,0,100,0,100,0,100,0,78,22,100,0,100,0,97,7706,22,22,,,,,100,0,100,0,200,0,,,,,,,,,,,,,,,,,,,,,,,,,,,100,32577,100,46009106128,100,181256425180,,,,,,,,,,
2019-08-10,Z304JM91,ST4000DM000,4000787030016,0,116,102723248,,,95,0,100,5,100,0,87,535080623,,,63,32666,100,0,,,100,5,,,,,,,,,,,,,,,,,,,,,,,,,,,,,,,100,0,100,0,100,0,100,0,100,0,78,22,100,0,100,0,97,7706,22,22,,,,,100,0,100,0,200,0,,,,,,,,,,,,,,,,,,,,,,,,,,,100,32601,100,46043659240,100,181503991363,,,,,,,,,,
2019-08-11,Z304JM91,ST4000DM000,4000787030016,0,116,109223368,,,95,0,100,5,100,0,87,536496012,,,63,32690,100,0,,,100,5,,,,,,,,,,,,,,,,,,,,,,,,,,,,,,,100,0,100,0,100,0,100,0,100,0,78,22,100,0,100,0,97,7706,22,22,,,,,100,0,100,0,200,0,,,,,,,,,,,,,,,,,,,,,,,,,,,100,32625,100,46067240624,100,181757911185,,,,,,,,,,
2019-08-12,Z304JM91,ST4000DM000,4000787030016,0,108,16698384,,,95,0,100,5,100,0,87,538322277,,,63,32714,100,0,,,100,5,,,,,,,,,,,,,,,,,,,,,,,,,,,,,,,100,0,100,0,100,0,100,0,100,0,78,22,100,0,100,0,97,7706,22,22,,,,,100,0,100,0,200,0,,,,,,,,,,,,,,,,,,,,,,,,,,,100,32649,100,46088917704,100,182068489185,,,,,,,,,,
2019-08-13,Z304JM91,ST4000DM000,4000787030016,0,118,194694464,,,95,0,100,5,100,0,87,540471417,,,63,32738,100,0,,,100,5,,,,,,,,,,,,,,,,,,,,,,,,,,,,,,,100,0,100,0,100,0,100,0,100,0,78,22,100,0,100,0,97,7706,22,22,,,,,100,0,100,0,200,0,,,,,,,,,,,,,,,,,,,,,,,,,,,100,32673,100,46124798752,100,182339878517,,,,,,,,,,
2019-08-14,Z304JM91,ST4000DM000,4000787030016,0,114,65866040,,,95,0,100,5,100,0,87,542404489,,,63,32762,100,0,,,100,5,,,,,,,,,,,,,,,,,,,,,,,,,,,,,,,100,0,100,0,100,0,100,0,100,0,78,22,100,0,100,0,97,7706,22,22,,,,,100,0,100,0,200,0,,,,,,,,,,,,,,,,,,,,,,,,,,,100,32698,100,46152199328,100,182648389731,,,,,,,,,,
2019-08-15,Z304JM91,ST4000DM000,4000787030016,0,113,57712512,,,95,0,100,5,100,0,87,543643020,,,63,32786,100,0,,,100,5,,,,,,,,,,,,,,,,,,,,,,,,,,,,,,,100,0,100,0,100,0,100,0,100,0,78,22,100,0,100,0,97,7706,22,22,,,,,100,0,100,0,200,0,,,,,,,,,,,,,,,,,,,,,,,,,,,100,32722,100,46179569328,100,182930491100,,,,,,,,,,
2019-08-16,Z304JM91,ST4000DM000,4000787030016,0,117,154185552,,,95,0,100,5,100,0,87,545907310,,,63,32811,100,0,,,100,5,,,,,,,,,,,,,,,,,,,,,,,,,,,,,,,100,0,100,0,100,0,100,0,100,0,78,22,100,0,100,0,97,7706,22,22,,,,,100,0,100,0,200,0,,,,,,,,,,,,,,,,,,,,,,,,,,,100,32746,100,46199773440,100,183215729346,,,,,,,,,,
2019-08-17,Z304JM91,ST4000DM000,4000787030016,0,119,217499360,,,95,0,100,5,100,0,87,547201361,,,63,32835,100,0,,,100,5,,,,,,,,,,,,,,,,,,,,,,,,,,,,,,,100,0,100,0,100,0,100,0,100,0,78,22,100,0,100,0,97,7706,22,22,,,,,100,0,100,0,200,0,,,,,,,,,,,,,,,,,,,,,,,,,,,100,32770,100,46225811488,100,183463794263,,,,,,,,,,
2019-08-18,Z304JM91,ST4000DM000,4000787030016,0,118,168105472,,,95,0,100,5,100,0,87,548155319,,,63,32859,100,0,,,100,5,,,,,,,,,,,,,,,,,,,,,,,,,,,,,,,100,0,100,0,100,0,100,0,100,0,78,22,100,0,100,0,97,7706,22,22,,,,,100,0,100,0,200,0,,,,,,,,,,,,,,,,,,,,,,,,,,,100,32794,100,46260155624,100,183752430097,,,,,,,,,,
2019-08-19,Z304JM91,ST4000DM000,4000787030016,0,119,206285872,,,95,0,100,5,100,0,87,549427680,,,63,32883,100,0,,,100,5,,,,,,,,,,,,,,,,,,,,,,,,,,,,,,,100,0,100,0,100,0,100,0,100,0,78,22,100,0,100,0,97,7706,22,22,,,,,100,0,100,0,200,0,,,,,,,,,,,,,,,,,,,,,,,,,,,100,32818,100,46283020992,100,184106935359,,,,,,,,,,
2019-08-20,Z304JM91,ST4000DM000,4000787030016,0,119,220419744,,,95,0,100,5,100,0,87,551793962,,,63,32907,100,0,,,100,5,,,,,,,,,,,,,,,,,,,,,,,,,,,,,,,100,0,100,0,100,0,100,0,100,0,78,22,100,0,100,0,97,7706,22,22,,,,,100,0,100,0,200,0,,,,,,,,,,,,,,,,,,,,,,,,,,,100,32842,100,46308388496,100,184503149815,,,,,,,,,,
2019-08-21,Z304JM91,ST4000DM000,4000787030016,0,119,220527240,,,95,0,100,5,100,0,87,553448307,,,63,32931,100,0,,,100,5,,,,,,,,,,,,,,,,,,,,,,,,,,,,,,,100,0,100,0,100,0,100,0,100,0,78,22,100,0,100,0,97,7706,22,22,,,,,100,0,100,0,200,0,,,,,,,,,,,,,,,,,,,,,,,,,,,100,32866,100,46333652872,100,184810872407,,,,,,,,,,
2019-08-22,Z304JM91,ST4000DM000,4000787030016,0,118,190661888,,,95,0,100,5,100,0,87,555418567,,,63,32955,100,0,,,100,5,,,,,,,,,,,,,,,,,,,,,,,,,,,,,,,100,0,100,0,100,0,100,0,100,0,78,22,100,0,100,0,97,7707,22,22,,,,,100,0,100,0,200,0,,,,,,,,,,,,,,,,,,,,,,,,,,,100,32890,100,46360502504,100,185131397352,,,,,,,,,,
2019-08-23,Z304JM91,ST4000DM000,4000787030016,0,117,166151464,,,95,0,100,5,100,0,87,557494190,,,63,32979,100,0,,,100,5,,,,,,,,,,,,,,,,,,,,,,,,,,,,,,,100,0,100,0,100,0,100,0,100,0,78,22,100,0,100,0,97,7707,22,22,,,,,100,0,100,0,200,0,,,,,,,,,,,,,,,,,,,,,,,,,,,100,32915,100,46391894576,100,185454212633,,,,,,,,,,
2019-08-24,Z304JM91,ST4000DM000,4000787030016,0,117,146749864,,,95,0,100,5,100,0,87,559247890,,,63,33004,100,0,,,100,5,,,,,,,,,,,,,,,,,,,,,,,,,,,,,,,100,0,100,0,100,0,100,0,100,0,79,21,100,0,100,0,97,7707,21,21,,,,,100,0,100,0,200,0,,,,,,,,,,,,,,,,,,,,,,,,,,,100,32939,100,46414657984,100,185702463365,,,,,,,,,,
2019-08-25,Z304JM91,ST4000DM000,4000787030016,0,109,24330552,,,95,0,100,5,100,0,87,560876387,,,63,33028,100,0,,,100,5,,,,,,,,,,,,,,,,,,,,,,,,,,,,,,,100,0,100,0,100,0,100,0,100,0,79,21,100,0,100,0,97,7707,21,21,,,,,100,0,100,0,200,0,,,,,,,,,,,,,,,,,,,,,,,,,,,100,32963,100,46440014512,100,185999855921,,,,,,,,,,
2019-08-26,Z304JM91,ST4000DM000,4000787030016,0,117,139562688,,,95,0,100,5,100,0,87,564598384,,,63,33076,100,0,,,100,5,,,,,,,,,,,,,,,,,,,,,,,,,,,,,,,100,0,100,0,100,0,100,0,100,0,79,21,100,0,100,0,97,7707,21,21,,,,,100,0,100,0,200,0,,,,,,,,,,,,,,,,,,,,,,,,,,,100,33011,100,46509080944,100,186578700344,,,,,,,,,,
2019-08-27,Z304JM91,ST4000DM000,4000787030016,0,117,139562688,,,95,0,100,5,100,0,87,564598384,,,63,33076,100,0,,,100,5,,,,,,,,,,,,,,,,,,,,,,,,,,,,,,,100,0,100,0,100,0,100,0,100,0,79,21,100,0,100,0,97,7707,21,21,,,,,100,0,100,0,200,0,,,,,,,,,,,,,,,,,,,,,,,,,,,100,33011,100,46509080944,100,186578700344,,,,,,,,,,
2019-08-28,Z304JM91,ST4000DM000,4000787030016,0,113,51926104,,,95,0,100,5,100,0,87,566828015,,,63,33100,100,0,,,100,5,,,,,,,,,,,,,,,,,,,,,,,,,,,,,,,100,0,100,0,100,0,100,0,100,0,79,21,100,0,100,0,97,7707,21,21,,,,,100,0,100,0,200,0,,,,,,,,,,,,,,,,,,,,,,,,,,,100,33035,100,46544396832,100,186867102280,,,,,,,,,,
2019-08-29,Z304JM91,ST4000DM000,4000787030016,0,114,77940128,,,95,0,100,5,100,0,87,568913698,,,63,33124,100,0,,,100,5,,,,,,,,,,,,,,,,,,,,,,,,,,,,,,,100,0,100,0,100,0,100,0,100,0,79,21,100,0,100,0,97,7707,21,21,,,,,100,0,100,0,200,0,,,,,,,,,,,,,,,,,,,,,,,,,,,100,33059,100,46572705824,100,187138806169,,,,,,,,,,
2019-08-30,Z304JM91,ST4000DM000,4000787030016,0,118,178210712,,,95,0,100,5,100,0,87,570456127,,,63,33148,100,0,,,100,5,,,,,,,,,,,,,,,,,,,,,,,,,,,,,,,100,0,100,0,100,0,100,0,100,0,79,21,100,0,100,0,97,7707,21,21,,,,,100,0,100,0,200,0,,,,,,,,,,,,,,,,,,,,,,,,,,,100,33083,100,46603253056,100,187427580820,,,,,,,,,,
2019-08-31,Z304JM91,ST4000DM000,4000787030016,0,119,231559584,,,95,0,100,5,100,0,87,572530502,,,63,33172,100,0,,,100,5,,,,,,,,,,,,,,,,,,,,,,,,,,,,,,,100,0,100,0,100,0,100,0,100,0,79,21,100,0,100,0,97,7707,21,21,,,,,100,0,100,0,200,0,,,,,,,,,,,,,,,,,,,,,,,,,,,100,33107,100,46627077552,100,187659720942,,,,,,,,,,
2019-09-01,Z304JM91,ST4000DM000,4000787030016,0,119,229181160,,,95,0,100,5,100,0,87,573390997,,,63,33196,100,0,,,100,5,,,,,,,,,,,,,,,,,,,,,,,,,,,,,,,100,0,100,0,100,0,100,0,100,0,79,21,100,0,100,0,97,7707,21,21,,,,,100,0,100,0,200,0,,,,,,,,,,,,,,,,,,,,,,,,,,,100,33131,100,46647386296,100,187948604887,,,,,,,,,,
2019-09-02,Z304JM91,ST4000DM000,4000787030016,0,119,208650496,,,95,0,100,5,100,0,87,574500198,,,63,33220,100,0,,,100,5,,,,,,,,,,,,,,,,,,,,,,,,,,,,,,,100,0,100,0,100,0,100,0,100,0,79,21,100,0,100,0,97,7707,21,21,,,,,100,0,100,0,200,0,,,,,,,,,,,,,,,,,,,,,,,,,,,100,33156,100,46666737248,100,188288313616,,,,,,,,,,
2019-09-03,Z304JM91,ST4000DM000,4000787030016,0,119,230949832,,,95,0,100,5,100,0,87,576814490,,,63,33245,100,0,,,100,5,,,,,,,,,,,,,,,,,,,,,,,,,,,,,,,100,0,100,0,100,0,100,0,100,0,79,21,100,0,100,0,97,7707,21,21,,,,,100,0,100,0,200,0,,,,,,,,,,,,,,,,,,,,,,,,,,,100,33180,100,46703627928,100,188688606422,,,,,,,,,,
2019-09-04,Z304JM91,ST4000DM000,4000787030016,0,119,229356368,,,95,0,100,5,100,0,87,578656361,,,63,33269,100,0,,,100,5,,,,,,,,,,,,,,,,,,,,,,,,,,,,,,,100,0,100,0,100,0,100,0,100,0,78,22,100,0,100,0,97,7707,22,22,,,,,100,0,100,0,200,0,,,,,,,,,,,,,,,,,,,,,,,,,,,100,33204,100,46725539088,100,189005893346,,,,,,,,,,
2019-09-05,Z304JM91,ST4000DM000,4000787030016,0,119,231140240,,,95,0,100,5,100,0,87,580744596,,,62,33293,100,0,,,100,5,,,,,,,,,,,,,,,,,,,,,,,,,,,,,,,100,0,100,0,100,0,100,0,100,0,78,22,100,0,100,0,97,7707,22,22,,,,,100,0,100,0,200,0,,,,,,,,,,,,,,,,,,,,,,,,,,,100,33228,100,46768277880,100,189277204173,,,,,,,,,,
2019-09-06,Z304JM91,ST4000DM000,4000787030016,0,120,242484768,,,95,0,100,5,100,0,87,581708289,,,62,33317,100,0,,,100,5,,,,,,,,,,,,,,,,,,,,,,,,,,,,,,,100,0,100,0,100,0,100,0,100,0,79,21,100,0,100,0,97,7707,21,21,,,,,100,0,100,0,200,0,,,,,,,,,,,,,,,,,,,,,,,,,,,100,33252,100,46802046368,100,189545883189,,,,,,,,,,
2019-09-07,Z304JM91,ST4000DM000,4000787030016,0,110,26668200,,,95,0,100,5,100,0,87,583068911,,,62,33341,100,0,,,100,5,,,,,,,,,,,,,,,,,,,,,,,,,,,,,,,100,0,100,0,100,0,100,0,100,0,79,21,100,0,100,0,97,7707,21,21,,,,,100,0,100,0,200,0,,,,,,,,,,,,,,,,,,,,,,,,,,,100,33276,100,46820943920,100,189760237789,,,,,,,,,,
2019-09-08,Z304JM91,ST4000DM000,4000787030016,0,105,9274560,,,95,0,100,5,100,0,87,585007850,,,62,33365,100,0,,,100,5,,,,,,,,,,,,,,,,,,,,,,,,,,,,,,,100,0,100,0,100,0,100,0,100,0,78,22,100,0,100,0,97,7707,22,22,,,,,100,0,100,0,200,0,,,,,,,,,,,,,,,,,,,,,,,,,,,100,33300,100,46860516080,100,190042945858,,,,,,,,,,
2019-09-09,Z304JM91,ST4000DM000,4000787030016,0,117,121078448,,,95,0,100,5,100,0,87,586707212,,,62,33389,100,0,,,100,5,,,,,,,,,,,,,,,,,,,,,,,,,,,,,,,100,0,100,0,100,0,100,0,100,0,79,21,100,0,100,0,97,7707,21,21,,,,,100,0,100,0,200,0,,,,,,,,,,,,,,,,,,,,,,,,,,,100,33324,100,46908331448,100,190360121678,,,,,,,,,,
2019-09-10,Z304JM91,ST4000DM000,4000787030016,0,110,27873064,,,95,0,100,5,100,0,87,588137880,,,62,33413,100,0,,,100,5,,,,,,,,,,,,,,,,,,,,,,,,,,,,,,,100,0,100,0,100,0,100,0,100,0,79,21,100,0,100,0,97,7707,21,21,,,,,100,0,100,0,200,0,,,,,,,,,,,,,,,,,,,,,,,,,,,100,33348,100,46946396792,100,190623799197,,,,,,,,,,
2019-09-11,Z304JM91,ST4000DM000,4000787030016,0,115,89886568,,,95,0,100,5,100,0,87,589936678,,,62,33437,100,0,,,100,5,,,,,,,,,,,,,,,,,,,,,,,,,,,,,,,100,0,100,0,100,0,100,0,100,0,79,21,100,0,100,0,97,7707,21,21,,,,,100,0,100,0,200,0,,,,,,,,,,,,,,,,,,,,,,,,,,,100,33372,100,46980438776,100,190928616887,,,,,,,,,,
2019-09-12,Z304JM91,ST4000DM000,4000787030016,0,119,216856344,,,95,0,100,5,100,0,87,590721739,,,62,33450,100,0,,,100,5,,,,,,,,,,,,,,,,,,,,,,,,,,,,,,,100,0,100,0,100,0,100,0,100,0,79,21,100,0,100,0,97,7707,21,21,,,,,100,0,100,0,200,0,,,,,,,,,,,,,,,,,,,,,,,,,,,100,33385,100,46991456208,100,191071729628,,,,,,,,,,
2019-09-13,Z304JM91,ST4000DM000,4000787030016,0,118,177968664,,,95,0,100,5,100,0,87,592683999,,,62,33474,100,0,,,100,5,,,,,,,,,,,,,,,,,,,,,,,,,,,,,,,100,0,100,0,100,0,100,0,100,0,79,21,100,0,100,0,97,7707,21,21,,,,,100,0,100,0,200,0,,,,,,,,,,,,,,,,,,,,,,,,,,,100,33409,100,47031061664,100,191341889997,,,,,,,,,,
2019-09-14,Z304JM91,ST4000DM000,4000787030016,0,118,181406760,,,95,0,100,5,100,0,87,594683410,,,62,33498,100,0,,,100,5,,,,,,,,,,,,,,,,,,,,,,,,,,,,,,,100,0,100,0,100,0,100,0,100,0,79,21,100,0,100,0,97,7707,21,21,,,,,100,0,100,0,200,0,,,,,,,,,,,,,,,,,,,,,,,,,,,100,33433,100,47076976904,100,191636873684,,,,,,,,,,
2019-09-15,Z304JM91,ST4000DM000,4000787030016,0,106,11655496,,,95,0,100,5,100,0,87,596160785,,,62,33522,100,0,,,100,5,,,,,,,,,,,,,,,,,,,,,,,,,,,,,,,100,0,100,0,100,0,100,0,100,0,79,21,100,0,100,0,97,7707,21,21,,,,,100,0,100,0,200,0,,,,,,,,,,,,,,,,,,,,,,,,,,,100,33457,100,47117438632,100,191799868932,,,,,,,,,,
2019-09-16,Z304JM91,ST4000DM000,4000787030016,0,114,81643464,,,95,0,100,5,100,0,87,597642319,,,62,33546,100,0,,,100,5,,,,,,,,,,,,,,,,,,,,,,,,,,,,,,,100,0,100,0,100,0,100,0,100,0,79,21,100,0,100,0,97,7707,21,21,,,,,100,0,100,0,200,0,,,,,,,,,,,,,,,,,,,,,,,,,,,100,33481,100,47165728648,100,192083097274,,,,,,,,,,
2019-09-17,Z304JM91,ST4000DM000,4000787030016,0,111,35774968,,,95,0,100,5,100,0,87,599807964,,,62,33570,100,0,,,100,5,,,,,,,,,,,,,,,,,,,,,,,,,,,,,,,100,0,100,0,100,0,100,0,100,0,79,21,100,0,100,0,97,7707,21,21,,,,,100,0,100,0,200,0,,,,,,,,,,,,,,,,,,,,,,,,,,,100,33505,100,47220411744,100,192426416637,,,,,,,,,,
2019-09-18,Z304JM91,ST4000DM000,4000787030016,0,117,166021936,,,95,0,100,5,100,0,87,601554062,,,62,33606,100,0,,,100,5,,,,,,,,,,,,,,,,,,,,,,,,,,,,,,,100,0,100,0,100,0,100,0,100,0,78,22,100,0,100,0,97,7707,22,22,,,,,100,0,100,0,200,0,,,,,,,,,,,,,,,,,,,,,,,,,,,100,33541,100,47270590120,100,192910863169,,,,,,,,,,
2019-09-19,Z304JM91,ST4000DM000,4000787030016,0,120,237551888,,,95,0,100,5,100,0,87,603629243,,,62,33630,100,0,,,100,5,,,,,,,,,,,,,,,,,,,,,,,,,,,,,,,100,0,100,0,100,0,100,0,100,0,79,21,100,0,100,0,97,7708,21,21,,,,,100,0,100,0,200,0,,,,,,,,,,,,,,,,,,,,,,,,,,,100,33565,100,47322602464,100,193275797123,,,,,,,,,,
2019-09-20,Z304JM91,ST4000DM000,4000787030016,0,117,128052712,,,95,0,100,5,100,0,87,606019825,,,62,33654,100,0,,,100,5,,,,,,,,,,,,,,,,,,,,,,,,,,,,,,,100,0,100,0,100,0,100,0,100,0,79,21,100,0,100,0,97,7708,21,21,,,,,100,0,100,0,200,0,,,,,,,,,,,,,,,,,,,,,,,,,,,100,33589,100,47358893456,100,193652066338,,,,,,,,,,
2019-09-21,Z304JM91,ST4000DM000,4000787030016,0,117,147813680,,,95,0,100,5,100,0,87,607833018,,,62,33678,100,0,,,100,5,,,,,,,,,,,,,,,,,,,,,,,,,,,,,,,100,0,100,0,100,0,100,0,100,0,79,21,100,0,100,0,97,7708,21,21,,,,,100,0,100,0,200,0,,,,,,,,,,,,,,,,,,,,,,,,,,,100,33613,100,47395317856,100,193861620763,,,,,,,,,,
2019-09-22,Z304JM91,ST4000DM000,4000787030016,0,120,243038400,,,95,0,100,5,100,0,87,609354373,,,62,33703,100,0,,,100,5,,,,,,,,,,,,,,,,,,,,,,,,,,,,,,,100,0,100,0,100,0,100,0,100,0,79,21,100,0,100,0,97,7708,21,21,,,,,100,0,100,0,200,0,,,,,,,,,,,,,,,,,,,,,,,,,,,100,33638,100,47429783128,100,194149714569,,,,,,,,,,
2019-09-23,Z304JM91,ST4000DM000,4000787030016,0,119,224683640,,,95,0,100,5,100,0,87,610456454,,,62,33715,100,0,,,100,5,,,,,,,,,,,,,,,,,,,,,,,,,,,,,,,100,0,100,0,100,0,100,0,100,0,79,21,100,0,100,0,97,7708,21,21,,,,,100,0,100,0,200,0,,,,,,,,,,,,,,,,,,,,,,,,,,,100,33650,100,47456471880,100,194317826253,,,,,,,,,,
2019-09-24,Z304JM91,ST4000DM000,4000787030016,0,118,172223872,,,95,0,100,5,100,0,87,612406500,,,62,33739,100,0,,,100,5,,,,,,,,,,,,,,,,,,,,,,,,,,,,,,,100,0,100,0,100,0,100,0,100,0,79,21,100,0,100,0,97,7708,21,21,,,,,100,0,100,0,200,0,,,,,,,,,,,,,,,,,,,,,,,,,,,100,33674,100,47511729288,100,194648242842,,,,,,,,,,
2019-09-25,Z304JM91,ST4000DM000,4000787030016,0,111,38109416,,,95,0,100,5,100,0,87,614193307,,,62,33763,100,0,,,100,5,,,,,,,,,,,,,,,,,,,,,,,,,,,,,,,100,0,100,0,100,0,100,0,100,0,79,21,100,0,100,0,97,7708,21,21,,,,,100,0,100,0,200,0,,,,,,,,,,,,,,,,,,,,,,,,,,,100,33698,100,47554919632,100,194953279938,,,,,,,,,,
2019-09-26,Z304JM91,ST4000DM000,4000787030016,0,117,117683288,,,95,0,100,5,100,0,87,616082784,,,62,33787,100,0,,,100,5,,,,,,,,,,,,,,,,,,,,,,,,,,,,,,,100,0,100,0,100,0,100,0,100,0,79,21,100,0,100,0,97,7708,21,21,,,,,100,0,100,0,200,0,,,,,,,,,,,,,,,,,,,,,,,,,,,100,33722,100,47607692736,100,195235694935,,,,,,,,,,
2019-09-27,Z304JM91,ST4000DM000,4000787030016,0,119,202168568,,,95,0,100,5,100,0,87,617778234,,,62,33811,100,0,,,100,5,,,,,,,,,,,,,,,,,,,,,,,,,,,,,,,100,0,100,0,100,0,100,0,100,0,79,21,100,0,100,0,97,7708,21,21,,,,,100,0,100,0,200,0,,,,,,,,,,,,,,,,,,,,,,,,,,,100,33746,100,47644927088,100,195556939408,,,,,,,,,,
2019-09-28,Z304JM91,ST4000DM000,4000787030016,0,117,167253792,,,95,0,100,5,100,0,87,619807005,,,62,33835,100,0,,,100,5,,,,,,,,,,,,,,,,,,,,,,,,,,,,,,,100,0,100,0,100,0,100,0,100,0,79,21,100,0,100,0,97,7708,21,21,,,,,100,0,100,0,200,0,,,,,,,,,,,,,,,,,,,,,,,,,,,100,33770,100,47701702856,100,195821734238,,,,,,,,,,
2019-09-29,Z304JM91,ST4000DM000,4000787030016,0,114,58872792,,,95,0,100,5,100,0,87,622001752,,,62,33859,100,0,,,100,5,,,,,,,,,,,,,,,,,,,,,,,,,,,,,,,100,0,100,0,100,0,100,0,100,0,79,21,100,0,100,0,97,7708,21,21,,,,,100,0,100,0,200,0,,,,,,,,,,,,,,,,,,,,,,,,,,,100,33794,100,47732615896,100,195987493770,,,,,,,,,,
2019-09-30,Z304JM91,ST4000DM000,4000787030016,0,109,23387664,,,95,0,100,5,100,0,87,623957474,,,62,33883,100,0,,,100,5,,,,,,,,,,,,,,,,,,,,,,,,,,,,,,,100,0,100,0,100,0,100,0,100,0,79,21,100,0,100,0,97,7708,21,21,,,,,100,0,100,0,200,0,,,,,,,,,,,,,,,,,,,,,,,,,,,100,33818,100,47778402120,100,196286573755,,,,,,,,,,
2019-10-01,Z304JM91,ST4000DM000,4000787030016,0,119,209370432,,,95,0,100,5,100,0,87,625333015,,,62,33907,100,0,,,100,5,,,,,,,,,,,,,,,,,,,,,,,,,,,,,,,,,100,0,100,0,100,0,100,0,100,0,79,21,100,0,100,0,97,7708,21,21,,,,,100,0,100,0,200,0,,,,,,,,,,,,,,,,,,,,,,,,,,,100,33842,100,47810891232,100,196549937302,,,,,,,,,,
2019-10-02,Z304JM91,ST4000DM000,4000787030016,0,114,73714744,,,95,0,100,5,100,0,87,627059213,,,62,33943,100,0,,,100,5,,,,,,,,,,,,,,,,,,,,,,,,,,,,,,,,,100,0,100,0,100,0,100,0,100,0,79,21,100,0,100,0,97,7709,21,21,,,,,100,0,100,0,200,0,,,,,,,,,,,,,,,,,,,,,,,,,,,100,33878,100,47874588408,100,197011558378,,,,,,,,,,
2019-10-03,Z304JM91,ST4000DM000,4000787030016,0,118,174478656,,,95,0,100,5,100,0,87,628289396,,,62,33955,100,0,,,100,5,,,,,,,,,,,,,,,,,,,,,,,,,,,,,,,,,100,0,100,0,100,0,100,0,100,0,79,21,100,0,100,0,97,7709,21,21,,,,,100,0,100,0,200,0,,,,,,,,,,,,,,,,,,,,,,,,,,,100,33890,100,47898910280,100,197171040217,,,,,,,,,,
2019-10-04,Z304JM91,ST4000DM000,4000787030016,0,120,2308944,,,94,0,100,6,100,0,87,628827686,,,62,33979,100,0,,,100,6,,,,,,,,,,,,,,,,,,,,,,,,,,,,,,,,,100,0,100,0,100,0,100,0,100,0,79,21,100,0,100,0,97,7711,21,21,,,,,100,0,100,0,200,0,,,,,,,,,,,,,,,,,,,,,,,,,,,100,33914,100,47934383208,100,197275269314,,,,,,,,,,
2019-10-05,Z304JM91,ST4000DM000,4000787030016,0,108,19826024,,,94,0,100,6,100,0,87,629508075,,,62,34003,100,0,,,100,6,,,,,,,,,,,,,,,,,,,,,,,,,,,,,,,,,100,0,100,0,100,0,100,0,100,0,79,21,100,0,100,0,97,7711,21,21,,,,,100,0,100,0,200,0,,,,,,,,,,,,,,,,,,,,,,,,,,,100,33938,100,47981926016,100,197391139102,,,,,,,,,,
2019-10-06,Z304JM91,ST4000DM000,4000787030016,0,119,202050784,,,94,0,100,6,100,0,87,630697285,,,62,34027,100,0,,,100,6,,,,,,,,,,,,,,,,,,,,,,,,,,,,,,,,,100,0,100,0,100,0,100,0,100,0,79,21,100,0,100,0,97,7711,21,21,,,,,100,0,100,0,200,0,,,,,,,,,,,,,,,,,,,,,,,,,,,100,33962,100,48021126472,100,197519060982,,,,,,,,,,
2019-10-07,Z304JM91,ST4000DM000,4000787030016,0,119,211822528,,,94,0,100,6,100,0,87,631470297,,,62,34051,100,0,,,100,6,,,,,,,,,,,,,,,,,,,,,,,,,,,,,,,,,100,0,100,0,100,0,100,0,100,0,78,22,100,0,100,0,97,7711,22,22,,,,,100,0,100,0,200,0,,,,,,,,,,,,,,,,,,,,,,,,,,,100,33986,100,48049675096,100,197645757875,,,,,,,,,,
2019-10-08,Z304JM91,ST4000DM000,4000787030016,0,119,231728240,,,94,0,100,6,100,0,87,632893532,,,62,34075,100,0,,,100,6,,,,,,,,,,,,,,,,,,,,,,,,,,,,,,,,,100,0,100,0,100,0,100,0,100,0,79,21,100,0,100,0,97,7711,21,21,,,,,100,0,100,0,200,0,,,,,,,,,,,,,,,,,,,,,,,,,,,100,34010,100,48087881304,100,197784128185,,,,,,,,,,
2019-10-09,Z304JM91,ST4000DM000,4000787030016,0,117,157578056,,,94,0,100,6,100,0,87,633940605,,,62,34099,100,0,,,100,6,,,,,,,,,,,,,,,,,,,,,,,,,,,,,,,,,100,0,100,0,100,0,100,0,100,0,79,21,100,0,100,0,97,7711,21,21,,,,,100,0,100,0,200,0,,,,,,,,,,,,,,,,,,,,,,,,,,,100,34034,100,48136651560,100,197937409849,,,,,,,,,,
2019-10-10,Z304JM91,ST4000DM000,4000787030016,0,114,80503792,,,94,0,100,6,100,0,87,635680962,,,62,34123,100,0,,,100,6,,,,,,,,,,,,,,,,,,,,,,,,,,,,,,,,,100,0,100,0,100,0,100,0,100,0,79,21,100,0,100,0,97,7711,21,21,,,,,100,0,100,0,200,0,,,,,,,,,,,,,,,,,,,,,,,,,,,100,34058,100,48184114768,100,198126435826,,,,,,,,,,
2019-10-11,Z304JM91,ST4000DM000,4000787030016,0,119,221110744,,,94,0,100,6,100,0,87,636641706,,,62,34147,100,0,,,100,6,,,,,,,,,,,,,,,,,,,,,,,,,,,,,,,,,100,0,100,0,100,0,100,0,100,0,79,21,100,0,100,0,97,7711,21,21,,,,,100,0,100,0,200,0,,,,,,,,,,,,,,,,,,,,,,,,,,,100,34082,100,48244469776,100,198267365578,,,,,,,,,,
2019-10-12,Z304JM91,ST4000DM000,4000787030016,0,119,229301184,,,94,0,100,6,100,0,87,637291024,,,61,34171,100,0,,,100,6,,,,,,,,,,,,,,,,,,,,,,,,,,,,,,,,,100,0,100,0,100,0,100,0,100,0,79,21,100,0,100,0,97,7711,21,21,,,,,100,0,100,0,200,0,,,,,,,,,,,,,,,,,,,,,,,,,,,100,34106,100,48286726560,100,198374865980,,,,,,,,,,
2019-10-13,Z304JM91,ST4000DM000,4000787030016,0,111,30459232,,,94,0,100,6,100,0,87,638424309,,,61,34195,100,0,,,100,6,,,,,,,,,,,,,,,,,,,,,,,,,,,,,,,,,100,0,100,0,100,0,100,0,100,0,79,21,100,0,100,0,97,7711,21,21,,,,,100,0,100,0,200,0,,,,,,,,,,,,,,,,,,,,,,,,,,,100,34130,100,48325321680,100,198473009094,,,,,,,,,,
2019-10-14,Z304JM91,ST4000DM000,4000787030016,0,115,92435128,,,94,0,100,6,100,0,87,640605771,,,61,34219,100,0,,,100,6,,,,,,,,,,,,,,,,,,,,,,,,,,,,,,,,,100,0,100,0,100,0,100,0,100,0,79,21,100,0,100,0,97,7711,21,21,,,,,100,0,100,0,200,0,,,,,,,,,,,,,,,,,,,,,,,,,,,100,34154,100,48353881512,100,198786571033,,,,,,,,,,
2019-10-15,Z304JM91,ST4000DM000,4000787030016,0,116,100741432,,,94,0,100,6,100,0,87,644347186,,,61,34267,100,0,,,100,6,,,,,,,,,,,,,,,,,,,,,,,,,,,,,,,,,100,0,100,0,100,0,100,0,100,0,75,25,100,0,100,0,97,7711,25,25,,,,,100,0,100,0,200,0,,,,,,,,,,,,,,,,,,,,,,,,,,,100,34202,100,48425038608,100,199400604076,,,,,,,,,,
2019-10-16,Z304JM91,ST4000DM000,4000787030016,0,116,100741432,,,94,0,100,6,100,0,87,644347186,,,61,34267,100,0,,,100,6,,,,,,,,,,,,,,,,,,,,,,,,,,,,,,,,,100,0,100,0,100,0,100,0,100,0,75,25,100,0,100,0,97,7711,25,25,,,,,100,0,100,0,200,0,,,,,,,,,,,,,,,,,,,,,,,,,,,100,34202,100,48425038608,100,199400604076,,,,,,,,,,
2019-10-17,Z304JM91,ST4000DM000,4000787030016,0,115,93037856,,,94,0,100,6,100,0,87,646433502,,,61,34291,100,0,,,100,6,,,,,,,,,,,,,,,,,,,,,,,,,,,,,,,,,100,0,100,0,100,0,100,0,100,0,79,21,100,0,100,0,97,7711,21,21,,,,,100,0,100,0,200,0,,,,,,,,,,,,,,,,,,,,,,,,,,,100,34226,100,48465866568,100,199709844205,,,,,,,,,,
2019-10-18,Z304JM91,ST4000DM000,4000787030016,0,113,54222952,,,94,0,100,6,100,0,87,648892373,,,61,34315,100,0,,,100,6,,,,,,,,,,,,,,,,,,,,,,,,,,,,,,,,,100,0,100,0,100,0,100,0,100,0,78,22,100,0,100,0,97,7711,22,22,,,,,100,0,100,0,200,0,,,,,,,,,,,,,,,,,,,,,,,,,,,100,34250,100,48519948072,100,199992993459,,,,,,,,,,
2019-10-19,Z304JM91,ST4000DM000,4000787030016,0,119,226395496,,,94,0,100,6,100,0,87,650426203,,,61,34340,100,0,,,100,6,,,,,,,,,,,,,,,,,,,,,,,,,,,,,,,,,100,0,100,0,100,0,100,0,100,0,79,21,100,0,100,0,97,7711,21,21,,,,,100,0,100,0,200,0,,,,,,,,,,,,,,,,,,,,,,,,,,,100,34275,100,48559614544,100,200263431315,,,,,,,,,,
2019-10-20,Z304JM91,ST4000DM000,4000787030016,0,108,16195192,,,94,0,100,6,100,0,87,651973097,,,61,34364,100,0,,,100,6,,,,,,,,,,,,,,,,,,,,,,,,,,,,,,,,,100,0,100,0,100,0,100,0,100,0,79,21,100,0,100,0,97,7711,21,21,,,,,100,0,100,0,200,0,,,,,,,,,,,,,,,,,,,,,,,,,,,100,34299,100,48588447560,100,200518539057,,,,,,,,,,
2019-10-21,Z304JM91,ST4000DM000,4000787030016,0,115,91044704,,,94,0,100,6,100,0,87,653976235,,,61,34388,100,0,,,100,6,,,,,,,,,,,,,,,,,,,,,,,,,,,,,,,,,100,0,100,0,100,0,100,0,100,0,78,22,100,0,100,0,97,7711,22,22,,,,,100,0,100,0,200,0,,,,,,,,,,,,,,,,,,,,,,,,,,,100,34323,100,48630744240,100,200781754697,,,,,,,,,,
2019-10-22,Z304JM91,ST4000DM000,4000787030016,0,117,158825288,,,94,0,100,6,100,0,87,656123325,,,61,34412,100,0,,,100,6,,,,,,,,,,,,,,,,,,,,,,,,,,,,,,,,,100,0,100,0,100,0,100,0,100,0,78,22,100,0,100,0,97,7711,22,22,,,,,100,0,100,0,200,0,,,,,,,,,,,,,,,,,,,,,,,,,,,100,34346,100,48669677168,100,201069242772,,,,,,,,,,
2019-10-23,Z304JM91,ST4000DM000,4000787030016,0,119,223867544,,,94,0,100,6,100,0,87,657500318,,,61,34436,100,0,,,100,6,,,,,,,,,,,,,,,,,,,,,,,,,,,,,,,,,100,0,100,0,100,0,100,0,100,0,78,22,100,0,100,0,97,7711,22,22,,,,,100,0,100,0,200,0,,,,,,,,,,,,,,,,,,,,,,,,,,,100,34371,100,48702161832,100,201339466505,,,,,,,,,,
2019-10-24,Z304JM91,ST4000DM000,4000787030016,0,119,234397432,,,94,0,100,6,100,0,87,659631342,,,61,34460,100,0,,,100,6,,,,,,,,,,,,,,,,,,,,,,,,,,,,,,,,,100,0,100,0,100,0,100,0,100,0,78,22,100,0,100,0,97,7711,22,22,,,,,100,0,100,0,200,0,,,,,,,,,,,,,,,,,,,,,,,,,,,100,34395,100,48746336384,100,201625980351,,,,,,,,,,
2019-10-25,Z304JM91,ST4000DM000,4000787030016,0,110,27725504,,,94,0,100,6,100,0,87,660762371,,,61,34484,100,0,,,100,6,,,,,,,,,,,,,,,,,,,,,,,,,,,,,,,,,100,0,100,0,100,0,100,0,100,0,78,22,100,0,100,0,97,7711,22,22,,,,,100,0,100,0,200,0,,,,,,,,,,,,,,,,,,,,,,,,,,,100,34419,100,48789546456,100,201947251597,,,,,,,,,,
2019-10-26,Z304JM91,ST4000DM000,4000787030016,0,118,168759936,,,94,0,100,6,100,0,87,661767480,,,61,34508,100,0,,,100,6,,,,,,,,,,,,,,,,,,,,,,,,,,,,,,,,,100,0,100,0,100,0,100,0,100,0,78,22,100,0,100,0,97,7711,22,22,,,,,100,0,100,0,200,0,,,,,,,,,,,,,,,,,,,,,,,,,,,100,34443,100,48817362968,100,202224643912,,,,,,,,,,
2019-10-27,Z304JM91,ST4000DM000,4000787030016,0,114,59573760,,,94,0,100,6,100,0,87,663258551,,,61,34532,100,0,,,100,6,,,,,,,,,,,,,,,,,,,,,,,,,,,,,,,,,100,0,100,0,100,0,100,0,100,0,78,22,100,0,100,0,97,7711,22,22,,,,,100,0,100,0,200,0,,,,,,,,,,,,,,,,,,,,,,,,,,,100,34467,100,48851387600,100,202463479410,,,,,,,,,,
2019-10-28,Z304JM91,ST4000DM000,4000787030016,0,118,187305920,,,94,0,100,6,100,0,87,665617530,,,61,34556,100,0,,,100,6,,,,,,,,,,,,,,,,,,,,,,,,,,,,,,,,,100,0,100,0,100,0,100,0,100,0,79,21,100,0,100,0,97,7711,21,21,,,,,100,0,100,0,200,0,,,,,,,,,,,,,,,,,,,,,,,,,,,100,34491,100,48879467824,100,202862835836,,,,,,,,,,
2019-10-29,Z304JM91,ST4000DM000,4000787030016,0,116,117085776,,,94,0,100,6,100,0,87,666968006,,,61,34580,100,0,,,100,6,,,,,,,,,,,,,,,,,,,,,,,,,,,,,,,,,100,0,100,0,100,0,100,0,100,0,79,21,100,0,100,0,97,7711,21,21,,,,,100,0,100,0,200,0,,,,,,,,,,,,,,,,,,,,,,,,,,,100,34515,100,48909551480,100,203056482603,,,,,,,,,,
2019-10-30,Z304JM91,ST4000DM000,4000787030016,0,111,33484032,,,94,0,100,6,100,0,87,668570452,,,61,34604,100,0,,,100,6,,,,,,,,,,,,,,,,,,,,,,,,,,,,,,,,,100,0,100,0,100,0,100,0,100,0,79,21,100,0,100,0,97,7711,21,21,,,,,100,0,100,0,200,0,,,,,,,,,,,,,,,,,,,,,,,,,,,100,34539,100,48949392376,100,203179396145,,,,,,,,,,
2019-10-31,Z304JM91,ST4000DM000,4000787030016,0,118,188957472,,,94,0,100,6,100,0,87,670085952,,,61,34628,100,0,,,100,6,,,,,,,,,,,,,,,,,,,,,,,,,,,,,,,,,100,0,100,0,100,0,100,0,100,0,78,22,100,0,100,0,97,7711,22,22,,,,,100,0,100,0,200,0,,,,,,,,,,,,,,,,,,,,,,,,,,,100,34563,100,48984736392,100,203355460111,,,,,,,,,,
2019-11-01,Z304JM91,ST4000DM000,4000787030016,0,117,152213088,,,94,0,100,6,100,0,88,671348031,,,61,34652,100,0,,,100,6,,,,,,,,,,,,,,,,,,,,,,,,,,,,,,,,,100,0,100,0,100,0,100,0,100,0,74,26,100,0,100,0,97,7711,26,26,,,,,100,0,100,0,200,0,,,,,,,,,,,,,,,,,,,,,,,,,,,100,34587,100,49018866648,100,203629847485,,,,,,,,,,
2019-11-02,Z304JM91,ST4000DM000,4000787030016,0,117,148556624,,,94,0,100,6,100,0,88,674173645,,,61,34688,100,0,,,100,6,,,,,,,,,,,,,,,,,,,,,,,,,,,,,,,,,100,0,100,0,100,0,100,0,100,0,78,22,100,0,100,0,97,7711,22,22,,,,,100,0,100,0,200,0,,,,,,,,,,,,,,,,,,,,,,,,,,,100,34623,100,49073704712,100,203997747293,,,,,,,,,,
2019-11-03,Z304JM91,ST4000DM000,4000787030016,0,118,190846744,,,94,0,100,6,100,0,88,675786250,,,61,34712,100,0,,,100,6,,,,,,,,,,,,,,,,,,,,,,,,,,,,,,,,,100,0,100,0,100,0,100,0,100,0,78,22,100,0,100,0,97,7711,22,22,,,,,100,0,100,0,200,0,,,,,,,,,,,,,,,,,,,,,,,,,,,100,34647,100,49095766184,100,204312495031,,,,,,,,,,
2019-11-04,Z304JM91,ST4000DM000,4000787030016,0,117,125006376,,,94,0,100,6,100,0,88,677334017,,,61,34736,100,0,,,100,6,,,,,,,,,,,,,,,,,,,,,,,,,,,,,,,,,100,0,100,0,100,0,100,0,100,0,78,22,100,0,100,0,97,7711,22,22,,,,,100,0,100,0,200,0,,,,,,,,,,,,,,,,,,,,,,,,,,,100,34671,100,49132370640,100,204575055370,,,,,,,,,,
2019-11-05,Z304JM91,ST4000DM000,4000787030016,0,117,133904640,,,94,0,100,6,100,0,88,679082394,,,61,34759,100,0,,,100,6,,,,,,,,,,,,,,,,,,,,,,,,,,,,,,,,,100,0,100,0,100,0,100,0,100,0,78,22,100,0,100,0,97,7711,22,22,,,,,100,0,100,0,200,0,,,,,,,,,,,,,,,,,,,,,,,,,,,100,34694,100,49167487408,100,204878844781,,,,,,,,,,
2019-11-06,Z304JM91,ST4000DM000,4000787030016,0,105,8375232,,,94,0,100,6,100,0,88,681049530,,,61,34783,100,0,,,100,6,,,,,,,,,,,,,,,,,,,,,,,,,,,,,,,,,100,0,100,0,100,0,100,0,100,0,79,21,100,0,100,0,97,7711,21,21,,,,,100,0,100,0,200,0,,,,,,,,,,,,,,,,,,,,,,,,,,,100,34718,100,49215023472,100,205137906928,,,,,,,,,,
2019-11-07,Z304JM91,ST4000DM000,4000787030016,0,117,146311680,,,94,0,100,6,100,0,88,682952843,,,61,34807,100,0,,,100,6,,,,,,,,,,,,,,,,,,,,,,,,,,,,,,,,,100,0,100,0,100,0,100,0,100,0,79,21,100,0,100,0,97,7711,21,21,,,,,100,0,100,0,200,0,,,,,,,,,,,,,,,,,,,,,,,,,,,100,34742,100,49250982544,100,205423439376,,,,,,,,,,
2019-11-08,Z304JM91,ST4000DM000,4000787030016,0,118,179698800,,,94,0,100,6,100,0,88,684950967,,,61,34831,100,0,,,100,6,,,,,,,,,,,,,,,,,,,,,,,,,,,,,,,,,100,0,100,0,100,0,100,0,100,0,79,21,100,0,100,0,97,7711,21,21,,,,,100,0,100,0,200,0,,,,,,,,,,,,,,,,,,,,,,,,,,,100,34766,100,49287337256,100,205705367667,,,,,,,,,,
2019-11-09,Z304JM91,ST4000DM000,4000787030016,0,117,128260480,,,94,0,100,6,100,0,88,686377960,,,61,34855,100,0,,,100,6,,,,,,,,,,,,,,,,,,,,,,,,,,,,,,,,,100,0,100,0,100,0,100,0,100,0,79,21,100,0,100,0,97,7711,21,21,,,,,100,0,100,0,200,0,,,,,,,,,,,,,,,,,,,,,,,,,,,100,34790,100,49327609072,100,205861304688,,,,,,,,,,
2019-11-10,Z304JM91,ST4000DM000,4000787030016,0,114,80568192,,,94,0,100,6,100,0,88,687801984,,,61,34879,100,0,,,100,6,,,,,,,,,,,,,,,,,,,,,,,,,,,,,,,,,100,0,100,0,100,0,100,0,100,0,79,21,100,0,100,0,97,7711,21,21,,,,,100,0,100,0,200,0,,,,,,,,,,,,,,,,,,,,,,,,,,,100,34814,100,49355725896,100,206134800471,,,,,,,,,,
2019-11-11,Z304JM91,ST4000DM000,4000787030016,0,117,119398968,,,94,0,100,6,100,0,88,688891876,,,61,34903,100,0,,,100,6,,,,,,,,,,,,,,,,,,,,,,,,,,,,,,,,,100,0,100,0,100,0,100,0,100,0,79,21,100,0,100,0,97,7711,21,21,,,,,100,0,100,0,200,0,,,,,,,,,,,,,,,,,,,,,,,,,,,100,34838,100,49392342576,100,206456829837,,,,,,,,,,
2019-11-12,Z304JM91,ST4000DM000,4000787030016,0,117,138113136,,,94,0,100,6,100,0,88,689893947,,,61,34927,100,0,,,100,6,,,,,,,,,,,,,,,,,,,,,,,,,,,,,,,,,100,0,100,0,100,0,100,0,100,0,79,21,100,0,100,0,97,7711,21,21,,,,,100,0,100,0,200,0,,,,,,,,,,,,,,,,,,,,,,,,,,,100,34862,100,49428621208,100,206743343326,,,,,,,,,,
2019-11-13,Z304JM91,ST4000DM000,4000787030016,0,110,25574824,,,94,0,100,6,100,0,88,690646608,,,61,34939,100,0,,,100,6,,,,,,,,,,,,,,,,,,,,,,,,,,,,,,,,,100,0,100,0,100,0,100,0,100,0,79,21,100,0,100,0,97,7711,21,21,,,,,100,0,100,0,200,0,,,,,,,,,,,,,,,,,,,,,,,,,,,100,34874,100,49443283864,100,206917706172,,,,,,,,,,
2019-11-14,Z304JM91,ST4000DM000,4000787030016,0,116,104589472,,,94,0,100,6,100,0,88,692699318,,,61,34963,100,0,,,100,6,,,,,,,,,,,,,,,,,,,,,,,,,,,,,,,,,100,0,100,0,100,0,100,0,100,0,78,22,100,0,100,0,97,7711,22,22,,,,,100,0,100,0,200,0,,,,,,,,,,,,,,,,,,,,,,,,,,,100,34898,100,49478790920,100,207248807727,,,,,,,,,,
2019-11-15,Z304JM91,ST4000DM000,4000787030016,0,110,26464016,,,94,0,100,6,100,0,88,694967146,,,61,34986,100,0,,,100,6,,,,,,,,,,,,,,,,,,,,,,,,,,,,,,,,,100,0,100,0,100,0,100,0,100,0,78,22,100,0,100,0,97,7711,22,22,,,,,100,0,100,0,200,0,,,,,,,,,,,,,,,,,,,,,,,,,,,100,34921,100,49520114424,100,207607569927,,,,,,,,,,
2019-11-16,Z304JM91,ST4000DM000,4000787030016,0,111,32200256,,,94,0,100,6,100,0,88,697328299,,,61,35010,100,0,,,100,6,,,,,,,,,,,,,,,,,,,,,,,,,,,,,,,,,100,0,100,0,100,0,100,0,100,0,78,22,100,0,100,0,97,7711,22,22,,,,,100,0,100,0,200,0,,,,,,,,,,,,,,,,,,,,,,,,,,,100,34945,100,49553408744,100,207896946175,,,,,,,,,,
2019-11-17,Z304JM91,ST4000DM000,4000787030016,0,119,219562792,,,94,0,100,6,100,0,88,699029843,,,61,35034,100,0,,,100,6,,,,,,,,,,,,,,,,,,,,,,,,,,,,,,,,,100,0,100,0,100,0,100,0,100,0,78,22,100,0,100,0,97,7711,22,22,,,,,100,0,100,0,200,0,,,,,,,,,,,,,,,,,,,,,,,,,,,100,34969,100,49592088232,100,208097621203,,,,,,,,,,
2019-11-18,Z304JM91,ST4000DM000,4000787030016,0,105,9448872,,,94,0,100,6,100,0,88,702235435,,,60,35070,100,0,,,100,6,,,,,,,,,,,,,,,,,,,,,,,,,,,,,,,,,100,0,100,0,100,0,100,0,100,0,78,22,100,0,100,0,97,7711,22,22,,,,,100,0,100,0,200,0,,,,,,,,,,,,,,,,,,,,,,,,,,,100,35005,100,49703420224,100,208588284747,,,,,,,,,,
2019-11-19,Z304JM91,ST4000DM000,4000787030016,0,119,208353240,,,94,0,100,6,100,0,88,703965700,,,60,35094,100,0,,,100,6,,,,,,,,,,,,,,,,,,,,,,,,,,,,,,,,,100,0,100,0,100,0,100,0,100,0,78,22,100,0,100,0,97,7711,22,22,,,,,100,0,100,0,200,0,,,,,,,,,,,,,,,,,,,,,,,,,,,100,35029,100,49742647568,100,208866997679,,,,,,,,,,
2019-11-20,Z304JM91,ST4000DM000,4000787030016,0,120,1822184,,,94,0,100,6,100,0,88,705646025,,,60,35118,100,0,,,100,6,,,,,,,,,,,,,,,,,,,,,,,,,,,,,,,,,100,0,100,0,100,0,100,0,100,0,78,22,100,0,100,0,97,7711,22,22,,,,,100,0,100,0,200,0,,,,,,,,,,,,,,,,,,,,,,,,,,,100,35053,100,49779001248,100,209157500974,,,,,,,,,,
2019-11-21,Z304JM91,ST4000DM000,4000787030016,0,104,7290584,,,94,0,100,6,100,0,88,706710621,,,60,35142,100,0,,,100,6,,,,,,,,,,,,,,,,,,,,,,,,,,,,,,,,,100,0,100,0,100,0,100,0,100,0,79,21,100,0,100,0,97,7711,21,21,,,,,100,0,100,0,200,0,,,,,,,,,,,,,,,,,,,,,,,,,,,100,35077,100,49811277192,100,209454461282,,,,,,,,,,
2019-11-22,Z304JM91,ST4000DM000,4000787030016,0,120,242336200,,,94,0,100,6,100,0,88,708618651,,,60,35166,100,0,,,100,6,,,,,,,,,,,,,,,,,,,,,,,,,,,,,,,,,100,0,100,0,100,0,100,0,100,0,78,22,100,0,100,0,97,7711,22,22,,,,,100,0,100,0,200,0,,,,,,,,,,,,,,,,,,,,,,,,,,,100,35101,100,49851503000,100,209717452571,,,,,,,,,,
2019-11-23,Z304JM91,ST4000DM000,4000787030016,0,115,94819880,,,94,0,100,6,100,0,88,710510501,,,60,35190,100,0,,,100,6,,,,,,,,,,,,,,,,,,,,,,,,,,,,,,,,,100,0,100,0,100,0,100,0,100,0,79,21,100,0,100,0,97,7711,21,21,,,,,100,0,100,0,200,0,,,,,,,,,,,,,,,,,,,,,,,,,,,100,35125,100,49865870688,100,209903373841,,,,,,,,,,
2019-11-24,Z304JM91,ST4000DM000,4000787030016,0,119,194936,,,94,0,100,6,100,0,88,712377865,,,60,35214,100,0,,,100,6,,,,,,,,,,,,,,,,,,,,,,,,,,,,,,,,,100,0,100,0,100,0,100,0,100,0,78,22,100,0,100,0,97,7711,22,22,,,,,100,0,100,0,200,0,,,,,,,,,,,,,,,,,,,,,,,,,,,100,35149,100,49896121160,100,210187697975,,,,,,,,,,
2019-11-25,Z304JM91,ST4000DM000,4000787030016,0,117,124209080,,,94,0,100,6,100,0,88,713831534,,,60,35238,100,0,,,100,6,,,,,,,,,,,,,,,,,,,,,,,,,,,,,,,,,100,0,100,0,100,0,100,0,100,0,78,22,100,0,100,0,97,7711,22,22,,,,,100,0,100,0,200,0,,,,,,,,,,,,,,,,,,,,,,,,,,,100,35173,100,49935129392,100,210447984089,,,,,,,,,,
2019-11-26,Z304JM91,ST4000DM000,4000787030016,0,115,95528000,,,94,0,100,6,100,0,88,714964237,,,60,35262,100,0,,,100,6,,,,,,,,,,,,,,,,,,,,,,,,,,,,,,,,,100,0,100,0,100,0,100,0,100,0,78,22,100,0,100,0,97,7711,22,22,,,,,100,0,100,0,200,0,,,,,,,,,,,,,,,,,,,,,,,,,,,100,35197,100,49973209688,100,210755861373,,,,,,,,,,
2019-11-27,Z304JM91,ST4000DM000,4000787030016,0,120,241173072,,,94,0,100,6,100,0,88,715457609,,,60,35274,100,0,,,100,6,,,,,,,,,,,,,,,,,,,,,,,,,,,,,,,,,100,0,100,0,100,0,100,0,100,0,79,21,100,0,100,0,97,7711,21,21,,,,,100,0,100,0,200,0,,,,,,,,,,,,,,,,,,,,,,,,,,,100,35209,100,49990025072,100,210893499523,,,,,,,,,,
2019-11-28,Z304JM91,ST4000DM000,4000787030016,0,116,117380824,,,94,0,100,6,100,0,88,717106210,,,60,35298,100,0,,,100,6,,,,,,,,,,,,,,,,,,,,,,,,,,,,,,,,,100,0,100,0,100,0,100,0,100,0,78,22,100,0,100,0,97,7711,22,22,,,,,100,0,100,0,200,0,,,,,,,,,,,,,,,,,,,,,,,,,,,100,35233,100,50017145984,100,211184819643,,,,,,,,,,
2019-11-29,Z304JM91,ST4000DM000,4000787030016,0,101,3628328,,,94,0,100,6,100,0,88,718214211,,,60,35322,100,0,,,100,6,,,,,,,,,,,,,,,,,,,,,,,,,,,,,,,,,100,0,100,0,100,0,100,0,100,0,78,22,100,0,100,0,97,7711,22,22,,,,,100,0,100,0,200,0,,,,,,,,,,,,,,,,,,,,,,,,,,,100,35257,100,50045707768,100,211495086784,,,,,,,,,,
2019-11-30,Z304JM91,ST4000DM000,4000787030016,0,108,19067296,,,94,0,100,6,100,0,88,720513319,,,60,35346,100,0,,,100,6,,,,,,,,,,,,,,,,,,,,,,,,,,,,,,,,,100,0,100,0,100,0,100,0,100,0,78,22,100,0,100,0,97,7711,22,22,,,,,100,0,100,0,200,0,,,,,,,,,,,,,,,,,,,,,,,,,,,100,35281,100,50063080520,100,211891631407,,,,,,,,,,
2019-12-01,Z304JM91,ST4000DM000,4000787030016,0,119,214665128,,,94,0,100,6,100,0,88,722288274,,,60,35369,100,0,,,100,6,,,,,,,,,,,,,,,,,,,,,,,,,,,,,,,,,100,0,100,0,100,0,100,0,100,0,78,22,100,0,100,0,97,7711,22,22,,,,,100,0,100,0,200,0,,,,,,,,,,,,,,,,,,,,,,,,,,,100,35304,100,50089294440,100,212076889851,,,,,,,,,,
2019-12-02,Z304JM91,ST4000DM000,4000787030016,0,117,141789344,,,94,0,100,6,100,0,88,724784661,,,60,35393,100,0,,,100,6,,,,,,,,,,,,,,,,,,,,,,,,,,,,,,,,,100,0,100,0,100,0,100,0,100,0,78,22,100,0,100,0,97,7711,22,22,,,,,100,0,100,0,200,0,,,,,,,,,,,,,,,,,,,,,,,,,,,100,35328,100,50113054072,100,212361655641,,,,,,,,,,
2019-12-03,Z304JM91,ST4000DM000,4000787030016,0,110,28400104,,,94,0,100,6,100,0,88,726745530,,,60,35417,100,0,,,100,6,,,,,,,,,,,,,,,,,,,,,,,,,,,,,,,,,100,0,100,0,100,0,100,0,100,0,78,22,100,0,100,0,97,7711,22,22,,,,,100,0,100,0,200,0,,,,,,,,,,,,,,,,,,,,,,,,,,,100,35352,100,50137285288,100,212671727010,,,,,,,,,,
2019-12-04,Z304JM91,ST4000DM000,4000787030016,0,117,136060536,,,94,0,100,6,100,0,88,728552332,,,60,35441,100,0,,,100,6,,,,,,,,,,,,,,,,,,,,,,,,,,,,,,,,,100,0,100,0,100,0,100,0,100,0,78,22,100,0,100,0,97,7711,22,22,,,,,100,0,100,0,200,0,,,,,,,,,,,,,,,,,,,,,,,,,,,100,35376,100,50166040976,100,213001631015,,,,,,,,,,
2019-12-05,Z304JM91,ST4000DM000,4000787030016,0,119,231799848,,,94,0,100,6,100,0,88,730782450,,,60,35465,100,0,,,100,6,,,,,,,,,,,,,,,,,,,,,,,,,,,,,,,,,100,0,100,0,100,0,100,0,100,0,78,22,100,0,100,0,97,7711,22,22,,,,,100,0,100,0,200,0,,,,,,,,,,,,,,,,,,,,,,,,,,,100,35400,100,50201408096,100,213352082384,,,,,,,,,,
2019-12-06,Z304JM91,ST4000DM000,4000787030016,0,119,224321440,,,94,0,100,6,100,0,88,732269270,,,60,35489,100,0,,,100,6,,,,,,,,,,,,,,,,,,,,,,,,,,,,,,,,,100,0,100,0,100,0,100,0,100,0,79,21,100,0,100,0,97,7711,21,21,,,,,100,0,100,0,200,0,,,,,,,,,,,,,,,,,,,,,,,,,,,100,35424,100,50228561800,100,213621897070,,,,,,,,,,
2019-12-07,Z304JM91,ST4000DM000,4000787030016,0,117,146626584,,,94,0,100,6,100,0,88,734202323,,,60,35513,100,0,,,100,6,,,,,,,,,,,,,,,,,,,,,,,,,,,,,,,,,100,0,100,0,100,0,100,0,100,0,78,22,100,0,100,0,97,7711,22,22,,,,,100,0,100,0,200,0,,,,,,,,,,,,,,,,,,,,,,,,,,,100,35448,100,50255876784,100,213919388816,,,,,,,,,,
2019-12-08,Z304JM91,ST4000DM000,4000787030016,0,114,59391520,,,94,0,100,6,100,0,88,736123902,,,60,35537,100,0,,,100,6,,,,,,,,,,,,,,,,,,,,,,,,,,,,,,,,,100,0,100,0,100,0,100,0,100,0,78,22,100,0,100,0,97,7711,22,22,,,,,100,0,100,0,200,0,,,,,,,,,,,,,,,,,,,,,,,,,,,100,35472,100,50285152744,100,214085572359,,,,,,,,,,
2019-12-09,Z304JM91,ST4000DM000,4000787030016,0,119,218316648,,,94,0,100,6,100,0,88,738101835,,,60,35561,100,0,,,100,6,,,,,,,,,,,,,,,,,,,,,,,,,,,,,,,,,100,0,100,0,100,0,100,0,100,0,78,22,100,0,100,0,97,7711,22,22,,,,,100,0,100,0,200,0,,,,,,,,,,,,,,,,,,,,,,,,,,,100,35496,100,50314709672,100,214381878593,,,,,,,,,,
2019-12-10,Z304JM91,ST4000DM000,4000787030016,0,119,222001632,,,94,0,100,6,100,0,88,739485319,,,60,35585,100,0,,,100,6,,,,,,,,,,,,,,,,,,,,,,,,,,,,,,,,,100,0,100,0,100,0,100,0,100,0,78,22,100,0,100,0,97,7711,22,22,,,,,100,0,100,0,200,0,,,,,,,,,,,,,,,,,,,,,,,,,,,100,35520,100,50343415904,100,214648903016,,,,,,,,,,
2019-12-11,Z304JM91,ST4000DM000,4000787030016,0,117,157274568,,,94,0,100,6,100,0,88,741162224,,,60,35621,100,0,,,100,6,,,,,,,,,,,,,,,,,,,,,,,,,,,,,,,,,100,0,100,0,100,0,100,0,100,0,78,22,100,0,100,0,97,7711,22,22,,,,,100,0,100,0,200,0,,,,,,,,,,,,,,,,,,,,,,,,,,,100,35556,100,50389699672,100,215107995909,,,,,,,,,,
2019-12-12,Z304JM91,ST4000DM000,4000787030016,0,118,197796360,,,94,0,100,6,100,0,88,742890415,,,60,35645,100,0,,,100,6,,,,,,,,,,,,,,,,,,,,,,,,,,,,,,,,,100,0,100,0,100,0,100,0,100,0,78,22,100,0,100,0,97,7711,22,22,,,,,100,0,100,0,200,0,,,,,,,,,,,,,,,,,,,,,,,,,,,100,35580,100,50426330944,100,215429743688,,,,,,,,,,
2019-12-13,Z304JM91,ST4000DM000,4000787030016,0,117,125389832,,,94,0,100,6,100,0,88,744026424,,,60,35669,100,0,,,100,6,,,,,,,,,,,,,,,,,,,,,,,,,,,,,,,,,100,0,100,0,100,0,100,0,100,0,78,22,100,0,100,0,97,7711,22,22,,,,,100,0,100,0,200,0,,,,,,,,,,,,,,,,,,,,,,,,,,,100,35604,100,50448060464,100,215763893257,,,,,,,,,,
2019-12-14,Z304JM91,ST4000DM000,4000787030016,0,101,3326392,,,94,0,100,6,100,0,88,746090045,,,60,35693,100,0,,,100,6,,,,,,,,,,,,,,,,,,,,,,,,,,,,,,,,,100,0,100,0,100,0,100,0,100,0,79,21,100,0,100,0,97,7711,21,21,,,,,100,0,100,0,200,0,,,,,,,,,,,,,,,,,,,,,,,,,,,100,35628,100,50477126224,100,216054597497,,,,,,,,,,
2019-12-15,Z304JM91,ST4000DM000,4000787030016,0,118,173184648,,,94,0,100,6,100,0,88,748393882,,,60,35717,100,0,,,100,6,,,,,,,,,,,,,,,,,,,,,,,,,,,,,,,,,100,0,100,0,100,0,100,0,100,0,78,22,100,0,100,0,97,7711,22,22,,,,,100,0,100,0,200,0,,,,,,,,,,,,,,,,,,,,,,,,,,,100,35652,100,50502220928,100,216389607643,,,,,,,,,,
2019-12-16,Z304JM91,ST4000DM000,4000787030016,0,119,1740688,,,94,0,100,6,100,0,88,749904418,,,60,35741,100,0,,,100,6,,,,,,,,,,,,,,,,,,,,,,,,,,,,,,,,,100,0,100,0,100,0,100,0,100,0,78,22,100,0,100,0,97,7711,22,22,,,,,100,0,100,0,200,0,,,,,,,,,,,,,,,,,,,,,,,,,,,100,35676,100,50535945600,100,216673270468,,,,,,,,,,
2019-12-17,Z304JM91,ST4000DM000,4000787030016,0,119,222061840,,,94,0,100,6,100,0,88,752070206,,,60,35765,100,0,,,100,6,,,,,,,,,,,,,,,,,,,,,,,,,,,,,,,,,100,0,100,0,100,0,100,0,100,0,78,22,100,0,100,0,97,7711,22,22,,,,,100,0,100,0,200,0,,,,,,,,,,,,,,,,,,,,,,,,,,,100,35700,100,50573121392,100,216991741410,,,,,,,,,,
2019-12-18,Z304JM91,ST4000DM000,4000787030016,0,108,15031896,,,94,0,100,6,100,0,88,752938321,,,60,35777,100,0,,,100,6,,,,,,,,,,,,,,,,,,,,,,,,,,,,,,,,,100,0,100,0,100,0,100,0,100,0,78,22,100,0,100,0,97,7711,22,22,,,,,100,0,100,0,200,0,,,,,,,,,,,,,,,,,,,,,,,,,,,100,35712,100,50594867792,100,217159353747,,,,,,,,,,
2019-12-19,Z304JM91,ST4000DM000,4000787030016,0,116,101409192,,,94,0,100,6,100,0,88,754961976,,,60,35801,100,0,,,100,6,,,,,,,,,,,,,,,,,,,,,,,,,,,,,,,,,100,0,100,0,100,0,100,0,100,0,79,21,100,0,100,0,97,7711,21,21,,,,,100,0,100,0,200,0,,,,,,,,,,,,,,,,,,,,,,,,,,,100,35736,100,50628879064,100,217485541608,,,,,,,,,,
2019-12-20,Z304JM91,ST4000DM000,4000787030016,0,116,104625232,,,94,0,100,6,100,0,88,757399887,,,60,35837,100,0,,,100,6,,,,,,,,,,,,,,,,,,,,,,,,,,,,,,,,,100,0,100,0,100,0,100,0,100,0,79,21,100,0,100,0,97,7711,21,21,,,,,100,0,100,0,200,0,,,,,,,,,,,,,,,,,,,,,,,,,,,100,35772,100,50683150240,100,217903835870,,,,,,,,,,
2019-12-21,Z304JM91,ST4000DM000,4000787030016,0,117,119629024,,,94,0,100,6,100,0,88,759809404,,,60,35861,100,0,,,100,6,,,,,,,,,,,,,,,,,,,,,,,,,,,,,,,,,100,0,100,0,100,0,100,0,100,0,79,21,100,0,100,0,97,7711,21,21,,,,,100,0,100,0,200,0,,,,,,,,,,,,,,,,,,,,,,,,,,,100,35796,100,50708281432,100,218077740702,,,,,,,,,,
2019-12-22,Z304JM91,ST4000DM000,4000787030016,0,117,162716488,,,94,0,100,6,100,0,88,761775050,,,60,35885,100,0,,,100,6,,,,,,,,,,,,,,,,,,,,,,,,,,,,,,,,,100,0,100,0,100,0,100,0,100,0,78,22,100,0,100,0,97,7711,22,22,,,,,100,0,100,0,200,0,,,,,,,,,,,,,,,,,,,,,,,,,,,100,35820,100,50742052856,100,218312248799,,,,,,,,,,
2019-12-23,Z304JM91,ST4000DM000,4000787030016,0,111,31334664,,,94,0,100,6,100,0,88,763943456,,,60,35909,100,0,,,100,6,,,,,,,,,,,,,,,,,,,,,,,,,,,,,,,,,100,0,100,0,100,0,100,0,100,0,79,21,100,0,100,0,97,7711,21,21,,,,,100,0,100,0,200,0,,,,,,,,,,,,,,,,,,,,,,,,,,,100,35844,100,50768228768,100,218593295531,,,,,,,,,,
2019-12-24,Z304JM91,ST4000DM000,4000787030016,0,109,21371016,,,94,0,100,6,100,0,88,765427405,,,59,35933,100,0,,,100,6,,,,,,,,,,,,,,,,,,,,,,,,,,,,,,,,,100,0,100,0,100,0,100,0,100,0,79,21,100,0,100,0,97,7711,21,21,,,,,100,0,100,0,200,0,,,,,,,,,,,,,,,,,,,,,,,,,,,100,35868,100,50791103480,100,218854516545,,,,,,,,,,
2019-12-25,Z304JM91,ST4000DM000,4000787030016,0,117,164063576,,,94,0,100,6,100,0,88,766806371,,,59,35956,100,0,,,100,6,,,,,,,,,,,,,,,,,,,,,,,,,,,,,,,,,100,0,100,0,100,0,100,0,100,0,78,22,100,0,100,0,97,7711,22,22,,,,,100,0,100,0,200,0,,,,,,,,,,,,,,,,,,,,,,,,,,,100,35891,100,50813811336,100,219136257934,,,,,,,,,,
2019-12-26,Z304JM91,ST4000DM000,4000787030016,0,114,69938416,,,94,0,100,6,100,0,88,768475247,,,59,35980,100,0,,,100,6,,,,,,,,,,,,,,,,,,,,,,,,,,,,,,,,,100,0,100,0,100,0,100,0,100,0,78,22,100,0,100,0,97,7711,22,22,,,,,100,0,100,0,200,0,,,,,,,,,,,,,,,,,,,,,,,,,,,100,35915,100,50830155760,100,219458150558,,,,,,,,,,
2019-12-27,Z304JM91,ST4000DM000,4000787030016,0,116,102964880,,,94,0,100,6,100,0,88,769335273,,,59,36004,100,0,,,100,6,,,,,,,,,,,,,,,,,,,,,,,,,,,,,,,,,100,0,100,0,100,0,100,0,100,0,78,22,100,0,100,0,97,7711,22,22,,,,,100,0,100,0,200,0,,,,,,,,,,,,,,,,,,,,,,,,,,,100,35939,100,50846097712,100,219767498937,,,,,,,,,,
2019-12-28,Z304JM91,ST4000DM000,4000787030016,0,119,204826136,,,94,0,100,6,100,0,88,771177340,,,59,36028,100,0,,,100,6,,,,,,,,,,,,,,,,,,,,,,,,,,,,,,,,,100,0,100,0,100,0,100,0,100,0,79,21,100,0,100,0,97,7711,21,21,,,,,100,0,100,0,200,0,,,,,,,,,,,,,,,,,,,,,,,,,,,100,35963,100,50858540368,100,220033619936,,,,,,,,,,
2019-12-29,Z304JM91,ST4000DM000,4000787030016,0,112,43821528,,,94,0,100,6,100,0,88,773450888,,,59,36052,100,0,,,100,6,,,,,,,,,,,,,,,,,,,,,,,,,,,,,,,,,100,0,100,0,100,0,100,0,100,0,78,22,100,0,100,0,97,7711,22,22,,,,,100,0,100,0,200,0,,,,,,,,,,,,,,,,,,,,,,,,,,,100,35987,100,50880001552,100,220385955757,,,,,,,,,,
2019-12-30,Z304JM91,ST4000DM000,4000787030016,0,119,221611904,,,94,0,100,6,100,0,88,775200752,,,59,36076,100,0,,,100,6,,,,,,,,,,,,,,,,,,,,,,,,,,,,,,,,,100,0,100,0,100,0,100,0,100,0,79,21,100,0,100,0,97,7711,21,21,,,,,100,0,100,0,200,0,,,,,,,,,,,,,,,,,,,,,,,,,,,100,36011,100,50896646720,100,220723253135,,,,,,,,,,
2019-12-31,Z304JM91,ST4000DM000,4000787030016,0,115,94816408,,,94,0,100,6,100,0,88,777167596,,,59,36100,100,0,,,100,6,,,,,,,,,,,,,,,,,,,,,,,,,,,,,,,,,100,0,100,0,100,0,100,0,100,0,78,22,100,0,100,0,97,7711,22,22,,,,,100,0,100,0,200,0,,,,,,,,,,,,,,,,,,,,,,,,,,,100,36035,100,50915023976,100,221024751892,,,,,,,,,,
