2019-01-01,Z3058K8S,ST4000DM000,4000787030016,0,119,229906024,,,94,0,100,6,100,0,84,313748707,,,71,25999,100,0,,,100,6,,,,,,,,,,,,,,,,,,,,,,,,,,,,,,,100,0,100,0,100,0,100,0,100,0,83,17,100,0,100,0,97,6805,17,17,,,,,100,0,100,0,200,0,,,,,,,,,,,,,,,,,,,,,,,,,,,100,25920,100,45843985160,100,133219365125,,,,,,,,,,
2019-01-02,Z3058K8S,ST4000DM000,4000787030016,0,117,140449672,,,94,0,100,6,100,0,84,315029049,,,71,26023,100,0,,,100,6,,,,,,,,,,,,,,,,,,,,,,,,,,,,,,,100,0,100,0,100,0,100,0,100,0,82,18,100,0,100,0,97,6805,18,18,,,,,100,0,100,0,200,0,,,,,,,,,,,,,,,,,,,,,,,,,,,100,25945,100,45855520896,100,133422611322,,,,,,,,,,
2019-01-03,Z3058K8S,ST4000DM000,4000787030016,0,107,14367704,,,94,0,100,6,100,0,84,315920309,,,71,26047,100,0,,,100,6,,,,,,,,,,,,,,,,,,,,,,,,,,,,,,,100,0,100,0,100,0,100,0,100,0,82,18,100,0,100,0,97,6805,18,18,,,,,100,0,100,0,200,0,,,,,,,,,,,,,,,,,,,,,,,,,,,100,25969,100,45877063912,100,133564315117,,,,,,,,,,
2019-01-04,Z3058K8S,ST4000DM000,4000787030016,0,117,164444704,,,94,0,100,6,100,0,84,317760179,,,71,26071,100,0,,,100,6,,,,,,,,,,,,,,,,,,,,,,,,,,,,,,,100,0,100,0,100,0,100,0,100,0,81,19,100,0,100,0,97,6805,19,19,,,,,100,0,100,0,200,0,,,,,,,,,,,,,,,,,,,,,,,,,,,100,25992,100,45895707608,100,133707410605,,,,,,,,,,
2019-01-05,Z3058K8S,ST4000DM000,4000787030016,0,114,62467464,,,94,0,100,6,100,0,84,318481354,,,71,26095,100,0,,,100,6,,,,,,,,,,,,,,,,,,,,,,,,,,,,,,,100,0,100,0,100,0,100,0,100,0,82,18,100,0,100,0,97,6805,18,18,,,,,100,0,100,0,200,0,,,,,,,,,,,,,,,,,,,,,,,,,,,100,26016,100,45916717408,100,133878748561,,,,,,,,,,
2019-01-06,Z3058K8S,ST4000DM000,4000787030016,0,118,190496744,,,94,0,100,6,100,0,84,319887834,,,71,26119,100,0,,,100,6,,,,,,,,,,,,,,,,,,,,,,,,,,,,,,,100,0,100,0,100,0,100,0,100,0,80,20,100,0,100,0,97,6805,20,20,,,,,100,0,100,0,200,0,,,,,,,,,,,,,,,,,,,,,,,,,,,100,26040,100,45940741512,100,134035151506,,,,,,,,,,
2019-01-07,Z3058K8S,ST4000DM000,4000787030016,0,115,99756848,,,94,0,100,6,100,0,84,320830815,,,71,26143,100,0,,,100,6,,,,,,,,,,,,,,,,,,,,,,,,,,,,,,,100,0,100,0,100,0,100,0,100,0,79,21,100,0,100,0,97,6805,21,21,,,,,100,0,100,0,200,0,,,,,,,,,,,,,,,,,,,,,,,,,,,100,26064,100,45964604736,100,134217156215,,,,,,,,,,
2019-01-08,Z3058K8S,ST4000DM000,4000787030016,0,117,131386848,,,94,0,100,6,100,0,84,321513930,,,71,26168,100,0,,,100,6,,,,,,,,,,,,,,,,,,,,,,,,,,,,,,,100,0,100,0,100,0,100,0,100,0,80,20,100,0,100,0,97,6805,20,20,,,,,100,0,100,0,200,0,,,,,,,,,,,,,,,,,,,,,,,,,,,100,26089,100,45980997888,100,134399737930,,,,,,,,,,
2019-01-09,Z3058K8S,ST4000DM000,4000787030016,0,117,145366544,,,94,0,100,6,100,0,84,322126379,,,71,26191,100,0,,,100,6,,,,,,,,,,,,,,,,,,,,,,,,,,,,,,,100,0,100,0,100,0,100,0,100,0,81,19,100,0,100,0,97,6805,19,19,,,,,100,0,100,0,200,0,,,,,,,,,,,,,,,,,,,,,,,,,,,100,26112,100,45993623848,100,134597897720,,,,,,,,,,
2019-01-10,Z3058K8S,ST4000DM000,4000787030016,0,117,139359680,,,94,0,100,6,100,0,84,322916164,,,71,26221,100,0,,,100,6,,,,,,,,,,,,,,,,,,,,,,,,,,,,,,,100,0,100,0,100,0,100,0,100,0,79,21,100,0,100,0,97,6805,21,21,,,,,100,0,100,0,200,0,,,,,,,,,,,,,,,,,,,,,,,,,,,100,26142,100,46010896912,100,134807888517,,,,,,,,,,
2019-01-11,Z3058K8S,ST4000DM000,4000787030016,0,120,977184,,,94,0,100,6,100,0,84,324799272,,,71,26245,100,0,,,100,6,,,,,,,,,,,,,,,,,,,,,,,,,,,,,,,100,0,100,0,100,0,100,0,100,0,80,20,100,0,100,0,97,6805,20,20,,,,,100,0,100,0,200,0,,,,,,,,,,,,,,,,,,,,,,,,,,,100,26166,100,46028214864,100,134981017318,,,,,,,,,,
2019-01-12,Z3058K8S,ST4000DM000,4000787030016,0,119,227878376,,,94,0,100,6,100,0,84,325717250,,,71,26268,100,0,,,100,6,,,,,,,,,,,,,,,,,,,,,,,,,,,,,,,100,0,100,0,100,0,100,0,100,0,80,20,100,0,100,0,97,6805,20,20,,,,,100,0,100,0,200,0,,,,,,,,,,,,,,,,,,,,,,,,,,,100,26190,100,46044590840,100,135139867386,,,,,,,,,,
2019-01-13,Z3058K8S,ST4000DM000,4000787030016,0,102,4593144,,,94,0,100,6,100,0,84,327385623,,,70,26292,100,0,,,100,6,,,,,,,,,,,,,,,,,,,,,,,,,,,,,,,100,0,100,0,100,0,100,0,100,0,79,21,100,0,100,0,97,6805,21,21,,,,,100,0,100,0,200,0,,,,,,,,,,,,,,,,,,,,,,,,,,,100,26213,100,46060524872,100,135261229513,,,,,,,,,,
2019-01-14,Z3058K8S,ST4000DM000,4000787030016,0,108,14993744,,,94,0,100,6,100,0,84,328801675,,,70,26316,100,0,,,100,6,,,,,,,,,,,,,,,,,,,,,,,,,,,,,,,100,0,100,0,100,0,100,0,100,0,80,20,100,0,100,0,97,6805,20,20,,,,,100,0,100,0,200,0,,,,,,,,,,,,,,,,,,,,,,,,,,,100,26237,100,46078275336,100,135430189282,,,,,,,,,,
2019-01-15,Z3058K8S,ST4000DM000,4000787030016,0,117,147483928,,,94,0,100,6,100,0,84,329969552,,,70,26340,100,0,,,100,6,,,,,,,,,,,,,,,,,,,,,,,,,,,,,,,100,0,100,0,100,0,100,0,100,0,80,20,100,0,100,0,97,6805,20,20,,,,,100,0,100,0,200,0,,,,,,,,,,,,,,,,,,,,,,,,,,,100,26261,100,46093204568,100,135608561790,,,,,,,,,,
2019-01-16,Z3058K8S,ST4000DM000,4000787030016,0,117,139754720,,,94,0,100,6,100,0,84,332839893,,,70,26364,100,0,,,100,6,,,,,,,,,,,,,,,,,,,,,,,,,,,,,,,100,0,100,0,100,0,100,0,100,0,79,21,100,0,100,0,97,6805,21,21,,,,,100,0,100,0,200,0,,,,,,,,,,,,,,,,,,,,,,,,,,,100,26285,100,46115624800,100,135798541217,,,,,,,,,,
2019-01-17,Z3058K8S,ST4000DM000,4000787030016,0,118,172926672,,,94,0,100,6,100,0,84,333681023,,,70,26388,100,0,,,100,6,,,,,,,,,,,,,,,,,,,,,,,,,,,,,,,100,0,100,0,100,0,100,0,100,0,81,19,100,0,100,0,97,6805,19,19,,,,,100,0,100,0,200,0,,,,,,,,,,,,,,,,,,,,,,,,,,,100,26309,100,46131271024,100,135944884394,,,,,,,,,,
2019-01-18,Z3058K8S,ST4000DM000,4000787030016,0,114,78050712,,,94,0,100,6,100,0,84,335520547,,,70,26411,100,0,,,100,6,,,,,,,,,,,,,,,,,,,,,,,,,,,,,,,100,0,100,0,100,0,100,0,100,0,80,20,100,0,100,0,97,6805,20,20,,,,,100,0,100,0,200,0,,,,,,,,,,,,,,,,,,,,,,,,,,,100,26333,100,46150355840,100,136085143353,,,,,,,,,,
2019-01-19,Z3058K8S,ST4000DM000,4000787030016,0,116,102731528,,,94,0,100,6,100,0,85,336285673,,,70,26435,100,0,,,100,6,,,,,,,,,,,,,,,,,,,,,,,,,,,,,,,100,0,100,0,100,0,100,0,100,0,80,20,100,0,100,0,97,6805,20,20,,,,,100,0,100,0,200,0,,,,,,,,,,,,,,,,,,,,,,,,,,,100,26356,100,46167788272,100,136183445051,,,,,,,,,,
2019-01-20,Z3058K8S,ST4000DM000,4000787030016,0,119,233032752,,,94,0,100,6,100,0,85,337873712,,,70,26459,100,0,,,100,6,,,,,,,,,,,,,,,,,,,,,,,,,,,,,,,100,0,100,0,100,0,100,0,100,0,80,20,100,0,100,0,97,6805,20,20,,,,,100,0,100,0,200,0,,,,,,,,,,,,,,,,,,,,,,,,,,,100,26380,100,46184882688,100,136269885779,,,,,,,,,,
2019-01-21,Z3058K8S,ST4000DM000,4000787030016,0,117,146576968,,,94,0,100,6,100,0,85,338738890,,,70,26483,100,0,,,100,6,,,,,,,,,,,,,,,,,,,,,,,,,,,,,,,100,0,100,0,100,0,100,0,100,0,80,20,100,0,100,0,97,6805,20,20,,,,,100,0,100,0,200,0,,,,,,,,,,,,,,,,,,,,,,,,,,,100,26404,100,46203359048,100,136380043431,,,,,,,,,,
2019-01-22,Z3058K8S,ST4000DM000,4000787030016,0,120,235110656,,,94,0,100,6,100,0,85,339596686,,,70,26507,100,0,,,100,6,,,,,,,,,,,,,,,,,,,,,,,,,,,,,,,100,0,100,0,100,0,100,0,100,0,79,21,100,0,100,0,97,6805,21,21,,,,,100,0,100,0,200,0,,,,,,,,,,,,,,,,,,,,,,,,,,,100,26428,100,46217000520,100,136489480381,,,,,,,,,,
2019-01-23,Z3058K8S,ST4000DM000,4000787030016,0,120,242954864,,,94,0,100,6,100,0,85,340267380,,,70,26519,100,0,,,100,6,,,,,,,,,,,,,,,,,,,,,,,,,,,,,,,100,0,100,0,100,0,100,0,100,0,80,20,100,0,100,0,97,6805,20,20,,,,,100,0,100,0,200,0,,,,,,,,,,,,,,,,,,,,,,,,,,,100,26440,100,46226608320,100,136570932832,,,,,,,,,,
2019-01-24,Z3058K8S,ST4000DM000,4000787030016,0,112,49716696,,,94,0,100,6,100,0,85,341182228,,,70,26543,100,0,,,100,6,,,,,,,,,,,,,,,,,,,,,,,,,,,,,,,100,0,100,0,100,0,100,0,100,0,82,18,100,0,100,0,97,6805,18,18,,,,,100,0,100,0,200,0,,,,,,,,,,,,,,,,,,,,,,,,,,,100,26464,100,46239110104,100,136692687663,,,,,,,,,,
2019-01-25,Z3058K8S,ST4000DM000,4000787030016,0,119,205814960,,,94,0,100,6,100,0,85,343067714,,,70,26567,100,0,,,100,6,,,,,,,,,,,,,,,,,,,,,,,,,,,,,,,100,0,100,0,100,0,100,0,100,0,82,18,100,0,100,0,97,6805,18,18,,,,,100,0,100,0,200,0,,,,,,,,,,,,,,,,,,,,,,,,,,,100,26488,100,46257305248,100,136838691409,,,,,,,,,,
2019-01-26,Z3058K8S,ST4000DM000,4000787030016,0,110,25498168,,,94,0,100,6,100,0,85,343845795,,,70,26591,100,0,,,100,6,,,,,,,,,,,,,,,,,,,,,,,,,,,,,,,100,0,100,0,100,0,100,0,100,0,80,20,100,0,100,0,97,6805,20,20,,,,,100,0,100,0,200,0,,,,,,,,,,,,,,,,,,,,,,,,,,,100,26512,100,46271462016,100,136927882219,,,,,,,,,,
2019-01-27,Z3058K8S,ST4000DM000,4000787030016,0,117,122476448,,,94,0,100,6,100,0,85,344934156,,,70,26615,100,0,,,100,6,,,,,,,,,,,,,,,,,,,,,,,,,,,,,,,100,0,100,0,100,0,100,0,100,0,82,18,100,0,100,0,97,6805,18,18,,,,,100,0,100,0,200,0,,,,,,,,,,,,,,,,,,,,,,,,,,,100,26536,100,46293042744,100,137054113848,,,,,,,,,,
2019-01-28,Z3058K8S,ST4000DM000,4000787030016,0,110,29318312,,,94,0,100,6,100,0,85,346606191,,,70,26638,100,0,,,100,6,,,,,,,,,,,,,,,,,,,,,,,,,,,,,,,100,0,100,0,100,0,100,0,100,0,80,20,100,0,100,0,97,6805,20,20,,,,,100,0,100,0,200,0,,,,,,,,,,,,,,,,,,,,,,,,,,,100,26560,100,46319043056,100,137160199589,,,,,,,,,,
2019-01-29,Z3058K8S,ST4000DM000,4000787030016,0,117,141670288,,,94,0,100,6,100,0,85,347938269,,,70,26662,100,0,,,100,6,,,,,,,,,,,,,,,,,,,,,,,,,,,,,,,100,0,100,0,100,0,100,0,100,0,81,19,100,0,100,0,97,6805,19,19,,,,,100,0,100,0,200,0,,,,,,,,,,,,,,,,,,,,,,,,,,,100,26584,100,46362006800,100,137327529739,,,,,,,,,,
2019-01-30,Z3058K8S,ST4000DM000,4000787030016,0,118,174092936,,,94,0,100,6,100,0,85,349159668,,,70,26686,100,0,,,100,6,,,,,,,,,,,,,,,,,,,,,,,,,,,,,,,100,0,100,0,100,0,100,0,100,0,83,17,100,0,100,0,97,6805,17,17,,,,,100,0,100,0,200,0,,,,,,,,,,,,,,,,,,,,,,,,,,,100,26608,100,46387911984,100,137478840267,,,,,,,,,,
2019-01-31,Z3058K8S,ST4000DM000,4000787030016,0,119,233954480,,,94,0,100,6,100,0,85,350921119,,,70,26722,100,0,,,100,6,,,,,,,,,,,,,,,,,,,,,,,,,,,,,,,100,0,100,0,100,0,100,0,100,0,81,19,100,0,100,0,97,6805,19,19,,,,,100,0,100,0,200,0,,,,,,,,,,,,,,,,,,,,,,,,,,,100,26643,100,46412832696,100,137680343010,,,,,,,,,,
2019-02-01,Z3058K8S,ST4000DM000,4000787030016,0,117,163740288,,,94,0,100,6,100,0,85,353609676,,,70,26746,100,0,,,100,6,,,,,,,,,,,,,,,,,,,,,,,,,,,,,,,100,0,100,0,100,0,100,0,100,0,81,19,100,0,100,0,97,6805,19,19,,,,,100,0,100,0,200,0,,,,,,,,,,,,,,,,,,,,,,,,,,,100,26667,100,46435689624,100,137837084339,,,,,,,,,,
2019-02-02,Z3058K8S,ST4000DM000,4000787030016,0,117,138155256,,,94,0,100,6,100,0,85,354557526,,,70,26770,100,0,,,100,6,,,,,,,,,,,,,,,,,,,,,,,,,,,,,,,100,0,100,0,100,0,100,0,100,0,81,19,100,0,100,0,97,6805,19,19,,,,,100,0,100,0,200,0,,,,,,,,,,,,,,,,,,,,,,,,,,,100,26691,100,46449671568,100,137965914324,,,,,,,,,,
2019-02-03,Z3058K8S,ST4000DM000,4000787030016,0,119,220787992,,,94,0,100,6,100,0,85,356200440,,,70,26794,100,0,,,100,6,,,,,,,,,,,,,,,,,,,,,,,,,,,,,,,100,0,100,0,100,0,100,0,100,0,81,19,100,0,100,0,97,6805,19,19,,,,,100,0,100,0,200,0,,,,,,,,,,,,,,,,,,,,,,,,,,,100,26715,100,46493898056,100,138064784810,,,,,,,,,,
2019-02-04,Z3058K8S,ST4000DM000,4000787030016,0,116,110833776,,,94,0,100,6,100,0,85,357395505,,,70,26818,100,0,,,100,6,,,,,,,,,,,,,,,,,,,,,,,,,,,,,,,100,0,100,0,100,0,100,0,100,0,82,18,100,0,100,0,97,6805,18,18,,,,,100,0,100,0,200,0,,,,,,,,,,,,,,,,,,,,,,,,,,,100,26739,100,46525775264,100,138156916229,,,,,,,,,,
2019-02-05,Z3058K8S,ST4000DM000,4000787030016,0,118,168025528,,,94,0,100,6,100,0,85,358316398,,,70,26842,100,0,,,100,6,,,,,,,,,,,,,,,,,,,,,,,,,,,,,,,100,0,100,0,100,0,100,0,100,0,81,19,100,0,100,0,97,6805,19,19,,,,,100,0,100,0,200,0,,,,,,,,,,,,,,,,,,,,,,,,,,,100,26763,100,46543084408,100,138250294746,,,,,,,,,,
2019-02-06,Z3058K8S,ST4000DM000,4000787030016,0,112,48680360,,,94,0,100,6,100,0,85,359158238,,,70,26866,100,0,,,100,6,,,,,,,,,,,,,,,,,,,,,,,,,,,,,,,100,0,100,0,100,0,100,0,100,0,80,20,100,0,100,0,97,6805,20,20,,,,,100,0,100,0,200,0,,,,,,,,,,,,,,,,,,,,,,,,,,,100,26787,100,46554736360,100,138355666383,,,,,,,,,,
2019-02-07,Z3058K8S,ST4000DM000,4000787030016,0,114,83374120,,,94,0,100,6,100,0,85,360267462,,,70,26889,100,0,,,100,6,,,,,,,,,,,,,,,,,,,,,,,,,,,,,,,100,0,100,0,100,0,100,0,100,0,81,19,100,0,100,0,97,6805,19,19,,,,,100,0,100,0,200,0,,,,,,,,,,,,,,,,,,,,,,,,,,,100,26811,100,46577718928,100,138475417234,,,,,,,,,,
2019-02-08,Z3058K8S,ST4000DM000,4000787030016,0,105,8377600,,,94,0,100,6,100,0,85,362577094,,,70,26913,100,0,,,100,6,,,,,,,,,,,,,,,,,,,,,,,,,,,,,,,100,0,100,0,100,0,100,0,100,0,80,20,100,0,100,0,97,6805,20,20,,,,,100,0,100,0,200,0,,,,,,,,,,,,,,,,,,,,,,,,,,,100,26835,100,46608415560,100,138652888177,,,,,,,,,,
2019-02-09,Z3058K8S,ST4000DM000,4000787030016,0,119,231818472,,,94,0,100,6,100,0,85,363803779,,,70,26937,100,0,,,100,6,,,,,,,,,,,,,,,,,,,,,,,,,,,,,,,100,0,100,0,100,0,100,0,100,0,81,19,100,0,100,0,97,6805,19,19,,,,,100,0,100,0,200,0,,,,,,,,,,,,,,,,,,,,,,,,,,,100,26858,100,46624785496,100,138798698838,,,,,,,,,,
2019-02-10,Z3058K8S,ST4000DM000,4000787030016,0,117,145271136,,,94,0,100,6,100,0,85,365404924,,,70,26961,100,0,,,100,6,,,,,,,,,,,,,,,,,,,,,,,,,,,,,,,100,0,100,0,100,0,100,0,100,0,81,19,100,0,100,0,97,6805,19,19,,,,,100,0,100,0,200,0,,,,,,,,,,,,,,,,,,,,,,,,,,,100,26882,100,46644462080,100,138868240082,,,,,,,,,,
2019-02-11,Z3058K8S,ST4000DM000,4000787030016,0,108,15550792,,,94,0,100,6,100,0,85,366073100,,,70,26985,100,0,,,100,6,,,,,,,,,,,,,,,,,,,,,,,,,,,,,,,100,0,100,0,100,0,100,0,100,0,80,20,100,0,100,0,97,6805,20,20,,,,,100,0,100,0,200,0,,,,,,,,,,,,,,,,,,,,,,,,,,,100,26906,100,46660225552,100,138932406489,,,,,,,,,,
2019-02-12,Z3058K8S,ST4000DM000,4000787030016,0,119,217012872,,,94,0,100,6,100,0,85,367297162,,,70,27009,100,0,,,100,6,,,,,,,,,,,,,,,,,,,,,,,,,,,,,,,100,0,100,0,100,0,100,0,100,0,80,20,100,0,100,0,97,6805,20,20,,,,,100,0,100,0,200,0,,,,,,,,,,,,,,,,,,,,,,,,,,,100,26930,100,46675850000,100,138998906304,,,,,,,,,,
2019-02-13,Z3058K8S,ST4000DM000,4000787030016,0,117,151195048,,,94,0,100,6,100,0,85,367820640,,,70,27033,100,0,,,100,6,,,,,,,,,,,,,,,,,,,,,,,,,,,,,,,100,0,100,0,100,0,100,0,100,0,81,19,100,0,100,0,97,6805,19,19,,,,,100,0,100,0,200,0,,,,,,,,,,,,,,,,,,,,,,,,,,,100,26954,100,46690018552,100,139040597521,,,,,,,,,,
2019-02-14,Z3058K8S,ST4000DM000,4000787030016,0,119,217434824,,,94,0,100,6,100,0,85,368534842,,,70,27057,100,0,,,100,6,,,,,,,,,,,,,,,,,,,,,,,,,,,,,,,100,0,100,0,100,0,100,0,100,0,81,19,100,0,100,0,97,6805,19,19,,,,,100,0,100,0,200,0,,,,,,,,,,,,,,,,,,,,,,,,,,,100,26978,100,46703045968,100,139096902115,,,,,,,,,,
2019-02-15,Z3058K8S,ST4000DM000,4000787030016,0,115,95743256,,,94,0,100,6,100,0,85,370219333,,,70,27081,100,0,,,100,6,,,,,,,,,,,,,,,,,,,,,,,,,,,,,,,100,0,100,0,100,0,100,0,100,0,81,19,100,0,100,0,97,6805,19,19,,,,,100,0,100,0,200,0,,,,,,,,,,,,,,,,,,,,,,,,,,,100,27002,100,46720614616,100,139181673176,,,,,,,,,,
2019-02-16,Z3058K8S,ST4000DM000,4000787030016,0,110,29099448,,,94,0,100,6,100,0,85,371040732,,,70,27105,100,0,,,100,6,,,,,,,,,,,,,,,,,,,,,,,,,,,,,,,100,0,100,0,100,0,100,0,100,0,81,19,100,0,100,0,97,6805,19,19,,,,,100,0,100,0,200,0,,,,,,,,,,,,,,,,,,,,,,,,,,,100,27026,100,46738903000,100,139274526864,,,,,,,,,,
2019-02-17,Z3058K8S,ST4000DM000,4000787030016,0,111,40597640,,,94,0,100,6,100,0,85,372674200,,,70,27129,100,0,,,100,6,,,,,,,,,,,,,,,,,,,,,,,,,,,,,,,100,0,100,0,100,0,100,0,100,0,81,19,100,0,100,0,97,6805,19,19,,,,,100,0,100,0,200,0,,,,,,,,,,,,,,,,,,,,,,,,,,,100,27050,100,46763944232,100,139363649659,,,,,,,,,,
2019-02-18,Z3058K8S,ST4000DM000,4000787030016,0,114,64435088,,,94,0,100,6,100,0,85,374016719,,,70,27153,100,0,,,100,6,,,,,,,,,,,,,,,,,,,,,,,,,,,,,,,100,0,100,0,100,0,100,0,100,0,80,20,100,0,100,0,97,6805,20,20,,,,,100,0,100,0,200,0,,,,,,,,,,,,,,,,,,,,,,,,,,,100,27074,100,46779415424,100,139471108448,,,,,,,,,,
2019-02-19,Z3058K8S,ST4000DM000,4000787030016,0,115,96092896,,,94,0,100,6,100,0,85,375429864,,,69,27177,100,0,,,100,6,,,,,,,,,,,,,,,,,,,,,,,,,,,,,,,100,0,100,0,100,0,100,0,100,0,82,18,100,0,100,0,97,6805,18,18,,,,,100,0,100,0,200,0,,,,,,,,,,,,,,,,,,,,,,,,,,,100,27098,100,46792091120,100,139573743473,,,,,,,,,,
2019-02-20,Z3058K8S,ST4000DM000,4000787030016,0,119,231799232,,,94,0,100,6,100,0,85,376165916,,,69,27201,100,0,,,100,6,,,,,,,,,,,,,,,,,,,,,,,,,,,,,,,100,0,100,0,100,0,100,0,100,0,81,19,100,0,100,0,97,6805,19,19,,,,,100,0,100,0,200,0,,,,,,,,,,,,,,,,,,,,,,,,,,,100,27122,100,46806934472,100,139698418538,,,,,,,,,,
2019-02-21,Z3058K8S,ST4000DM000,4000787030016,0,119,234346752,,,94,0,100,6,100,0,85,378534784,,,69,27225,100,0,,,100,6,,,,,,,,,,,,,,,,,,,,,,,,,,,,,,,100,0,100,0,100,0,100,0,100,0,81,19,100,0,100,0,97,6805,19,19,,,,,100,0,100,0,200,0,,,,,,,,,,,,,,,,,,,,,,,,,,,100,27146,100,46824048672,100,139845215687,,,,,,,,,,
2019-02-22,Z3058K8S,ST4000DM000,4000787030016,0,114,62502824,,,94,0,100,6,100,0,85,380216561,,,69,27249,100,0,,,100,6,,,,,,,,,,,,,,,,,,,,,,,,,,,,,,,100,0,100,0,100,0,100,0,100,0,81,19,100,0,100,0,97,6805,19,19,,,,,100,0,100,0,200,0,,,,,,,,,,,,,,,,,,,,,,,,,,,100,27170,100,46837953240,100,139971234411,,,,,,,,,,
2019-02-23,Z3058K8S,ST4000DM000,4000787030016,0,118,175881504,,,94,0,100,6,100,0,85,380629512,,,69,27272,100,0,,,100,6,,,,,,,,,,,,,,,,,,,,,,,,,,,,,,,100,0,100,0,100,0,100,0,100,0,81,19,100,0,100,0,97,6805,19,19,,,,,100,0,100,0,200,0,,,,,,,,,,,,,,,,,,,,,,,,,,,100,27193,100,46846702064,100,140024599182,,,,,,,,,,
2019-02-24,Z3058K8S,ST4000DM000,4000787030016,0,119,202991392,,,94,0,100,6,100,0,85,382054799,,,69,27296,100,0,,,100,6,,,,,,,,,,,,,,,,,,,,,,,,,,,,,,,100,0,100,0,100,0,100,0,100,0,81,19,100,0,100,0,97,6805,19,19,,,,,100,0,100,0,200,0,,,,,,,,,,,,,,,,,,,,,,,,,,,100,27217,100,46857988944,100,140119075233,,,,,,,,,,
2019-02-25,Z3058K8S,ST4000DM000,4000787030016,0,112,46616760,,,94,0,100,6,100,0,85,382897725,,,69,27320,100,0,,,100,6,,,,,,,,,,,,,,,,,,,,,,,,,,,,,,,100,0,100,0,100,0,100,0,100,0,80,20,100,0,100,0,97,6805,20,20,,,,,100,0,100,0,200,0,,,,,,,,,,,,,,,,,,,,,,,,,,,100,27241,100,46866984712,100,140238096555,,,,,,,,,,
2019-02-26,Z3058K8S,ST4000DM000,4000787030016,0,118,169699672,,,94,0,100,6,100,0,85,383636807,,,69,27344,100,0,,,100,6,,,,,,,,,,,,,,,,,,,,,,,,,,,,,,,100,0,100,0,100,0,100,0,100,0,81,19,100,0,100,0,97,6805,19,19,,,,,100,0,100,0,200,0,,,,,,,,,,,,,,,,,,,,,,,,,,,100,27265,100,46875683296,100,140353680019,,,,,,,,,,
2019-02-27,Z3058K8S,ST4000DM000,4000787030016,0,120,237223856,,,94,0,100,6,100,0,85,384371517,,,69,27368,100,0,,,100,6,,,,,,,,,,,,,,,,,,,,,,,,,,,,,,,100,0,100,0,100,0,100,0,100,0,82,18,100,0,100,0,97,6805,18,18,,,,,100,0,100,0,200,0,,,,,,,,,,,,,,,,,,,,,,,,,,,100,27289,100,46888081080,100,140457102766,,,,,,,,,,
2019-02-28,Z3058K8S,ST4000DM000,4000787030016,0,116,107632544,,,94,0,100,6,100,0,85,384589715,,,69,27380,100,0,,,100,6,,,,,,,,,,,,,,,,,,,,,,,,,,,,,,,100,0,100,0,100,0,100,0,100,0,82,18,100,0,100,0,97,6805,18,18,,,,,100,0,100,0,200,0,,,,,,,,,,,,,,,,,,,,,,,,,,,100,27301,100,46894924600,100,140479762459,,,,,,,,,,
2019-03-01,Z3058K8S,ST4000DM000,4000787030016,0,114,58748968,,,94,0,100,6,100,0,85,386397204,,,69,27404,100,0,,,100,6,,,,,,,,,,,,,,,,,,,,,,,,,,,,,,,100,0,100,0,100,0,100,0,100,0,82,18,100,0,100,0,97,6805,18,18,,,,,100,0,100,0,200,0,,,,,,,,,,,,,,,,,,,,,,,,,,,100,27325,100,46911963968,100,140607039214,,,,,,,,,,
2019-03-02,Z3058K8S,ST4000DM000,4000787030016,0,111,32746528,,,94,0,100,6,100,0,85,386910178,,,69,27428,100,0,,,100,6,,,,,,,,,,,,,,,,,,,,,,,,,,,,,,,100,0,100,0,100,0,100,0,100,0,82,18,100,0,100,0,97,6805,18,18,,,,,100,0,100,0,200,0,,,,,,,,,,,,,,,,,,,,,,,,,,,100,27349,100,46923023784,100,140673111597,,,,,,,,,,
2019-03-03,Z3058K8S,ST4000DM000,4000787030016,0,119,218651200,,,94,0,100,6,100,0,85,387826473,,,69,27452,100,0,,,100,6,,,,,,,,,,,,,,,,,,,,,,,,,,,,,,,100,0,100,0,100,0,100,0,100,0,80,20,100,0,100,0,97,6805,20,20,,,,,100,0,100,0,200,0,,,,,,,,,,,,,,,,,,,,,,,,,,,100,27373,100,46935158944,100,140809209317,,,,,,,,,,
2019-03-04,Z3058K8S,ST4000DM000,4000787030016,0,113,54904024,,,94,0,100,6,100,0,85,389457018,,,69,27476,100,0,,,100,6,,,,,,,,,,,,,,,,,,,,,,,,,,,,,,,100,0,100,0,100,0,100,0,100,0,81,19,100,0,100,0,97,6805,19,19,,,,,100,0,100,0,200,0,,,,,,,,,,,,,,,,,,,,,,,,,,,100,27397,100,46949771328,100,140905832972,,,,,,,,,,
2019-03-05,Z3058K8S,ST4000DM000,4000787030016,0,115,93461200,,,94,0,100,6,100,0,85,390123281,,,69,27500,100,0,,,100,6,,,,,,,,,,,,,,,,,,,,,,,,,,,,,,,100,0,100,0,100,0,100,0,100,0,81,19,100,0,100,0,97,6805,19,19,,,,,100,0,100,0,200,0,,,,,,,,,,,,,,,,,,,,,,,,,,,100,27421,100,46964303992,100,140970595134,,,,,,,,,,
2019-03-06,Z3058K8S,ST4000DM000,4000787030016,0,117,165665112,,,94,0,100,6,100,0,85,390955183,,,69,27524,100,0,,,100,6,,,,,,,,,,,,,,,,,,,,,,,,,,,,,,,100,0,100,0,100,0,100,0,100,0,82,18,100,0,100,0,97,6805,18,18,,,,,100,0,100,0,200,0,,,,,,,,,,,,,,,,,,,,,,,,,,,100,27445,100,46976333928,100,141077554784,,,,,,,,,,
2019-03-07,Z3058K8S,ST4000DM000,4000787030016,0,119,233574552,,,94,0,100,6,100,0,85,392066552,,,69,27548,100,0,,,100,6,,,,,,,,,,,,,,,,,,,,,,,,,,,,,,,100,0,100,0,100,0,100,0,100,0,80,20,100,0,100,0,97,6805,20,20,,,,,100,0,100,0,200,0,,,,,,,,,,,,,,,,,,,,,,,,,,,100,27469,100,46991158440,100,141208204760,,,,,,,,,,
2019-03-08,Z3058K8S,ST4000DM000,4000787030016,0,114,81816984,,,94,0,100,6,100,0,85,395130284,,,69,27571,100,0,,,100,6,,,,,,,,,,,,,,,,,,,,,,,,,,,,,,,100,0,100,0,100,0,100,0,100,0,80,20,100,0,100,0,97,6805,20,20,,,,,100,0,100,0,200,0,,,,,,,,,,,,,,,,,,,,,,,,,,,100,27492,100,47013710608,100,141344728376,,,,,,,,,,
2019-03-09,Z3058K8S,ST4000DM000,4000787030016,0,117,148908576,,,94,0,100,6,100,0,85,396258978,,,69,27595,100,0,,,100,6,,,,,,,,,,,,,,,,,,,,,,,,,,,,,,,100,0,100,0,100,0,100,0,100,0,80,20,100,0,100,0,97,6805,20,20,,,,,100,0,100,0,200,0,,,,,,,,,,,,,,,,,,,,,,,,,,,100,27516,100,47026754320,100,141449016456,,,,,,,,,,
2019-03-10,Z3058K8S,ST4000DM000,4000787030016,0,104,6916416,,,94,0,100,6,100,0,85,397435921,,,69,27619,100,0,,,100,6,,,,,,,,,,,,,,,,,,,,,,,,,,,,,,,100,0,100,0,100,0,100,0,100,0,80,20,100,0,100,0,97,6805,20,20,,,,,100,0,100,0,200,0,,,,,,,,,,,,,,,,,,,,,,,,,,,100,27540,100,47038930712,100,141613078654,,,,,,,,,,
2019-03-11,Z3058K8S,ST4000DM000,4000787030016,0,111,35727544,,,94,0,100,6,100,0,85,399486738,,,69,27643,100,0,,,100,6,,,,,,,,,,,,,,,,,,,,,,,,,,,,,,,100,0,100,0,100,0,100,0,100,0,82,18,100,0,100,0,97,6805,18,18,,,,,100,0,100,0,200,0,,,,,,,,,,,,,,,,,,,,,,,,,,,100,27564,100,47060696552,100,141820511920,,,,,,,,,,
2019-03-12,Z3058K8S,ST4000DM000,4000787030016,0,117,122556728,,,94,0,100,6,100,0,85,400183686,,,69,27667,100,0,,,100,6,,,,,,,,,,,,,,,,,,,,,,,,,,,,,,,100,0,100,0,100,0,100,0,100,0,80,20,100,0,100,0,97,6805,20,20,,,,,100,0,100,0,200,0,,,,,,,,,,,,,,,,,,,,,,,,,,,100,27588,100,47076349576,100,141906698862,,,,,,,,,,
2019-03-13,Z3058K8S,ST4000DM000,4000787030016,0,117,118642608,,,94,0,100,6,100,0,85,401215985,,,69,27702,100,0,,,100,6,,,,,,,,,,,,,,,,,,,,,,,,,,,,,,,100,0,100,0,100,0,100,0,100,0,83,17,100,0,100,0,97,6805,17,17,,,,,100,0,100,0,200,0,,,,,,,,,,,,,,,,,,,,,,,,,,,100,27624,100,47102115952,100,142146496233,,,,,,,,,,
2019-03-14,Z3058K8S,ST4000DM000,4000787030016,0,118,169854360,,,94,0,100,6,100,0,85,401975649,,,69,27726,100,0,,,100,6,,,,,,,,,,,,,,,,,,,,,,,,,,,,,,,100,0,100,0,100,0,100,0,100,0,83,17,100,0,100,0,97,6805,17,17,,,,,100,0,100,0,200,0,,,,,,,,,,,,,,,,,,,,,,,,,,,100,27647,100,47115379176,100,142249539347,,,,,,,,,,
2019-03-15,Z3058K8S,ST4000DM000,4000787030016,0,119,227944552,,,94,0,100,6,100,0,86,403738704,,,69,27750,100,0,,,100,6,,,,,,,,,,,,,,,,,,,,,,,,,,,,,,,100,0,100,0,100,0,100,0,100,0,83,17,100,0,100,0,97,6805,17,17,,,,,100,0,100,0,200,0,,,,,,,,,,,,,,,,,,,,,,,,,,,100,27671,100,47135972408,100,142451848585,,,,,,,,,,
2019-03-16,Z3058K8S,ST4000DM000,4000787030016,0,120,1700440,,,94,0,100,6,100,0,86,404360154,,,69,27774,100,0,,,100,6,,,,,,,,,,,,,,,,,,,,,,,,,,,,,,,100,0,100,0,100,0,100,0,100,0,83,17,100,0,100,0,97,6805,17,17,,,,,100,0,100,0,200,0,,,,,,,,,,,,,,,,,,,,,,,,,,,100,27695,100,47152039640,100,142640563741,,,,,,,,,,
2019-03-17,Z3058K8S,ST4000DM000,4000787030016,0,115,91398232,,,94,0,100,6,100,0,86,405411442,,,69,27798,100,0,,,100,6,,,,,,,,,,,,,,,,,,,,,,,,,,,,,,,100,0,100,0,100,0,100,0,100,0,83,17,100,0,100,0,97,6805,17,17,,,,,100,0,100,0,200,0,,,,,,,,,,,,,,,,,,,,,,,,,,,100,27719,100,47166889616,100,142793580192,,,,,,,,,,
2019-03-18,Z3058K8S,ST4000DM000,4000787030016,0,111,30067104,,,94,0,100,6,100,0,86,406537744,,,69,27822,100,0,,,100,6,,,,,,,,,,,,,,,,,,,,,,,,,,,,,,,100,0,100,0,100,0,100,0,100,0,83,17,100,0,100,0,97,6805,17,17,,,,,100,0,100,0,200,0,,,,,,,,,,,,,,,,,,,,,,,,,,,100,27743,100,47186507392,100,142971533903,,,,,,,,,,
2019-03-19,Z3058K8S,ST4000DM000,4000787030016,0,115,84116384,,,94,0,100,6,100,0,86,407134270,,,69,27845,100,0,,,100,6,,,,,,,,,,,,,,,,,,,,,,,,,,,,,,,100,0,100,0,100,0,100,0,100,0,83,17,100,0,100,0,97,6805,17,17,,,,,100,0,100,0,200,0,,,,,,,,,,,,,,,,,,,,,,,,,,,100,27767,100,47205462936,100,143146091422,,,,,,,,,,
2019-03-20,Z3058K8S,ST4000DM000,4000787030016,0,119,230655856,,,94,0,100,6,100,0,86,408176129,,,69,27869,100,0,,,100,6,,,,,,,,,,,,,,,,,,,,,,,,,,,,,,,100,0,100,0,100,0,100,0,100,0,83,17,100,0,100,0,97,6805,17,17,,,,,100,0,100,0,200,0,,,,,,,,,,,,,,,,,,,,,,,,,,,100,27791,100,47227661680,100,143311190666,,,,,,,,,,
2019-03-21,Z3058K8S,ST4000DM000,4000787030016,0,119,227345592,,,94,0,100,6,100,0,86,409242430,,,69,27893,100,0,,,100,6,,,,,,,,,,,,,,,,,,,,,,,,,,,,,,,100,0,100,0,100,0,100,0,100,0,83,17,100,0,100,0,97,6805,17,17,,,,,100,0,100,0,200,0,,,,,,,,,,,,,,,,,,,,,,,,,,,100,27814,100,47252350104,100,143459530690,,,,,,,,,,
2019-03-22,Z3058K8S,ST4000DM000,4000787030016,0,118,192965440,,,94,0,100,6,100,0,86,412713338,,,69,27917,100,0,,,100,6,,,,,,,,,,,,,,,,,,,,,,,,,,,,,,,100,0,100,0,100,0,100,0,100,0,82,18,100,0,100,0,97,6805,18,18,,,,,100,0,100,0,200,0,,,,,,,,,,,,,,,,,,,,,,,,,,,100,27838,100,47276357232,100,143626535533,,,,,,,,,,
2019-03-23,Z3058K8S,ST4000DM000,4000787030016,0,118,179189768,,,94,0,100,6,100,0,86,414414165,,,69,27941,100,0,,,100,6,,,,,,,,,,,,,,,,,,,,,,,,,,,,,,,100,0,100,0,100,0,100,0,100,0,82,18,100,0,100,0,97,6805,18,18,,,,,100,0,100,0,200,0,,,,,,,,,,,,,,,,,,,,,,,,,,,100,27862,100,47309004552,100,143801634260,,,,,,,,,,
2019-03-24,Z3058K8S,ST4000DM000,4000787030016,0,109,21348200,,,94,0,100,6,100,0,86,415962215,,,69,27965,100,0,,,100,6,,,,,,,,,,,,,,,,,,,,,,,,,,,,,,,100,0,100,0,100,0,100,0,100,0,83,17,100,0,100,0,97,6805,17,17,,,,,100,0,100,0,200,0,,,,,,,,,,,,,,,,,,,,,,,,,,,100,27886,100,47335527368,100,143969817967,,,,,,,,,,
2019-03-25,Z3058K8S,ST4000DM000,4000787030016,0,114,73748264,,,94,0,100,6,100,0,86,417548157,,,69,27989,100,0,,,100,6,,,,,,,,,,,,,,,,,,,,,,,,,,,,,,,100,0,100,0,100,0,100,0,100,0,82,18,100,0,100,0,97,6805,18,18,,,,,100,0,100,0,200,0,,,,,,,,,,,,,,,,,,,,,,,,,,,100,27910,100,47350979032,100,144094220209,,,,,,,,,,
2019-03-26,Z3058K8S,ST4000DM000,4000787030016,0,117,129674376,,,94,0,100,6,100,0,86,418355675,,,69,28013,100,0,,,100,6,,,,,,,,,,,,,,,,,,,,,,,,,,,,,,,100,0,100,0,100,0,100,0,100,0,82,18,100,0,100,0,97,6805,18,18,,,,,100,0,100,0,200,0,,,,,,,,,,,,,,,,,,,,,,,,,,,100,27934,100,47367287904,100,144232825711,,,,,,,,,,
2019-03-27,Z3058K8S,ST4000DM000,4000787030016,0,111,34880408,,,94,0,100,6,100,0,86,419205151,,,68,28037,100,0,,,100,6,,,,,,,,,,,,,,,,,,,,,,,,,,,,,,,100,0,100,0,100,0,100,0,100,0,82,18,100,0,100,0,97,6805,18,18,,,,,100,0,100,0,200,0,,,,,,,,,,,,,,,,,,,,,,,,,,,100,27958,100,47386980104,100,144351033404,,,,,,,,,,
2019-03-28,Z3058K8S,ST4000DM000,4000787030016,0,104,6599152,,,94,0,100,6,100,0,86,420004760,,,68,28061,100,0,,,100,6,,,,,,,,,,,,,,,,,,,,,,,,,,,,,,,100,0,100,0,100,0,100,0,100,0,82,18,100,0,100,0,97,6805,18,18,,,,,100,0,100,0,200,0,,,,,,,,,,,,,,,,,,,,,,,,,,,100,27982,100,47406824152,100,144441077186,,,,,,,,,,
2019-03-29,Z3058K8S,ST4000DM000,4000787030016,0,117,120807312,,,94,0,100,6,100,0,86,422132459,,,68,28085,100,0,,,100,6,,,,,,,,,,,,,,,,,,,,,,,,,,,,,,,100,0,100,0,100,0,100,0,100,0,82,18,100,0,100,0,97,6805,18,18,,,,,100,0,100,0,200,0,,,,,,,,,,,,,,,,,,,,,,,,,,,100,28006,100,47426505880,100,144581787191,,,,,,,,,,
2019-03-30,Z3058K8S,ST4000DM000,4000787030016,0,119,232156384,,,94,0,100,6,100,0,86,423092683,,,68,28108,100,0,,,100,6,,,,,,,,,,,,,,,,,,,,,,,,,,,,,,,100,0,100,0,100,0,100,0,100,0,82,18,100,0,100,0,97,6805,18,18,,,,,100,0,100,0,200,0,,,,,,,,,,,,,,,,,,,,,,,,,,,100,28029,100,47439477184,100,144706256681,,,,,,,,,,
2019-03-31,Z3058K8S,ST4000DM000,4000787030016,0,119,2106464,,,94,0,100,6,100,0,86,424257380,,,68,28132,100,0,,,100,6,,,,,,,,,,,,,,,,,,,,,,,,,,,,,,,100,0,100,0,100,0,100,0,100,0,83,17,100,0,100,0,97,6805,17,17,,,,,100,0,100,0,200,0,,,,,,,,,,,,,,,,,,,,,,,,,,,100,28053,100,47456921200,100,144819975188,,,,,,,,,,
2019-04-01,Z3058K8S,ST4000DM000,4000787030016,0,117,134553928,,,94,0,100,6,100,0,86,425809474,,,68,28156,100,0,,,100,6,,,,,,,,,,,,,,,,,,,,,,,,,,,,,,,100,0,100,0,100,0,100,0,100,0,83,17,100,0,100,0,97,6805,17,17,,,,,100,0,100,0,200,0,,,,,,,,,,,,,,,,,,,,,,,,,,,100,28077,100,47476403544,100,144915488225,,,,,,,,,,
2019-04-02,Z3058K8S,ST4000DM000,4000787030016,0,119,221443568,,,94,0,100,6,100,0,86,426841570,,,68,28180,100,0,,,100,6,,,,,,,,,,,,,,,,,,,,,,,,,,,,,,,100,0,100,0,100,0,100,0,100,0,83,17,100,0,100,0,97,6805,17,17,,,,,100,0,100,0,200,0,,,,,,,,,,,,,,,,,,,,,,,,,,,100,28101,100,47492651464,100,145046948926,,,,,,,,,,
2019-04-03,Z3058K8S,ST4000DM000,4000787030016,0,116,116891176,,,94,0,100,6,100,0,86,427454799,,,68,28204,100,0,,,100,6,,,,,,,,,,,,,,,,,,,,,,,,,,,,,,,100,0,100,0,100,0,100,0,100,0,83,17,100,0,100,0,97,6805,17,17,,,,,100,0,100,0,200,0,,,,,,,,,,,,,,,,,,,,,,,,,,,100,28125,100,47505645152,100,145124545921,,,,,,,,,,
2019-04-04,Z3058K8S,ST4000DM000,4000787030016,0,120,242039296,,,94,0,100,6,100,0,86,428462543,,,68,28228,100,0,,,100,6,,,,,,,,,,,,,,,,,,,,,,,,,,,,,,,100,0,100,0,100,0,100,0,100,0,82,18,100,0,100,0,97,6805,18,18,,,,,100,0,100,0,200,0,,,,,,,,,,,,,,,,,,,,,,,,,,,100,28149,100,47518923312,100,145248048367,,,,,,,,,,
2019-04-05,Z3058K8S,ST4000DM000,4000787030016,0,117,135267624,,,94,0,100,6,100,0,86,431171533,,,68,28252,100,0,,,100,6,,,,,,,,,,,,,,,,,,,,,,,,,,,,,,,100,0,100,0,100,0,100,0,100,0,82,18,100,0,100,0,97,6805,18,18,,,,,100,0,100,0,200,0,,,,,,,,,,,,,,,,,,,,,,,,,,,100,28173,100,47535287608,100,145380851575,,,,,,,,,,
2019-04-06,Z3058K8S,ST4000DM000,4000787030016,0,114,64469856,,,94,0,100,6,100,0,86,432160492,,,68,28276,100,0,,,100,6,,,,,,,,,,,,,,,,,,,,,,,,,,,,,,,100,0,100,0,100,0,100,0,100,0,83,17,100,0,100,0,97,6805,17,17,,,,,100,0,100,0,200,0,,,,,,,,,,,,,,,,,,,,,,,,,,,100,28197,100,47544641672,100,145531084292,,,,,,,,,,
2019-04-07,Z3058K8S,ST4000DM000,4000787030016,0,118,199490432,,,94,0,100,6,100,0,86,433492851,,,68,28300,100,0,,,100,6,,,,,,,,,,,,,,,,,,,,,,,,,,,,,,,100,0,100,0,100,0,100,0,100,0,82,18,100,0,100,0,97,6805,18,18,,,,,100,0,100,0,200,0,,,,,,,,,,,,,,,,,,,,,,,,,,,100,28221,100,47557629944,100,145696334917,,,,,,,,,,
2019-04-08,Z3058K8S,ST4000DM000,4000787030016,0,118,189753680,,,94,0,100,6,100,0,86,435105382,,,68,28324,100,0,,,100,6,,,,,,,,,,,,,,,,,,,,,,,,,,,,,,,100,0,100,0,100,0,100,0,100,0,83,17,100,0,100,0,97,6805,17,17,,,,,100,0,100,0,200,0,,,,,,,,,,,,,,,,,,,,,,,,,,,100,28245,100,47580274192,100,145779339770,,,,,,,,,,
2019-04-09,Z3058K8S,ST4000DM000,4000787030016,0,111,32710616,,,94,0,100,6,100,0,86,436520400,,,68,28348,100,0,,,100,6,,,,,,,,,,,,,,,,,,,,,,,,,,,,,,,100,0,100,0,100,0,100,0,100,0,83,17,100,0,100,0,97,6805,17,17,,,,,100,0,100,0,200,0,,,,,,,,,,,,,,,,,,,,,,,,,,,100,28269,100,47603296952,100,145933063650,,,,,,,,,,
2019-04-10,Z3058K8S,ST4000DM000,4000787030016,0,113,55750080,,,94,0,100,6,100,0,86,437410862,,,68,28372,100,0,,,100,6,,,,,,,,,,,,,,,,,,,,,,,,,,,,,,,100,0,100,0,100,0,100,0,100,0,83,17,100,0,100,0,97,6805,17,17,,,,,100,0,100,0,200,0,,,,,,,,,,,,,,,,,,,,,,,,,,,100,28293,100,47636137168,100,146025419755,,,,,,,,,,
2019-04-11,Z3058K8S,ST4000DM000,4000787030016,0,111,38984040,,,94,0,100,6,100,0,86,438394330,,,68,28396,100,0,,,100,6,,,,,,,,,,,,,,,,,,,,,,,,,,,,,,,100,0,100,0,100,0,100,0,100,0,83,17,100,0,100,0,97,6805,17,17,,,,,100,0,100,0,200,0,,,,,,,,,,,,,,,,,,,,,,,,,,,100,28317,100,47649327952,100,146149278796,,,,,,,,,,
2019-04-12,Z3058K8S,ST4000DM000,4000787030016,0,117,152337984,,,94,0,100,6,100,0,86,440346886,,,68,28420,100,0,,,100,6,,,,,,,,,,,,,,,,,,,,,,,,,,,,,,,100,0,100,0,100,0,100,0,100,0,82,18,100,0,100,0,97,6805,18,18,,,,,100,0,100,0,200,0,,,,,,,,,,,,,,,,,,,,,,,,,,,100,28341,100,47667472600,100,146270971082,,,,,,,,,,
2019-04-13,Z3058K8S,ST4000DM000,4000787030016,0,118,174900432,,,94,0,100,6,100,0,86,441521712,,,68,28444,100,0,,,100,6,,,,,,,,,,,,,,,,,,,,,,,,,,,,,,,100,0,100,0,100,0,100,0,100,0,82,18,100,0,100,0,97,6805,18,18,,,,,100,0,100,0,200,0,,,,,,,,,,,,,,,,,,,,,,,,,,,100,28365,100,47685121624,100,146395435327,,,,,,,,,,
2019-04-14,Z3058K8S,ST4000DM000,4000787030016,0,118,168424304,,,94,0,100,6,100,0,86,442561705,,,68,28468,100,0,,,100,6,,,,,,,,,,,,,,,,,,,,,,,,,,,,,,,100,0,100,0,100,0,100,0,100,0,81,19,100,0,100,0,97,6805,19,19,,,,,100,0,100,0,200,0,,,,,,,,,,,,,,,,,,,,,,,,,,,100,28389,100,47710474032,100,146477682152,,,,,,,,,,
2019-04-15,Z3058K8S,ST4000DM000,4000787030016,0,117,157436528,,,94,0,100,6,100,0,86,444004857,,,68,28492,100,0,,,100,6,,,,,,,,,,,,,,,,,,,,,,,,,,,,,,,100,0,100,0,100,0,100,0,100,0,81,19,100,0,100,0,97,6805,19,19,,,,,100,0,100,0,200,0,,,,,,,,,,,,,,,,,,,,,,,,,,,100,28413,100,47727689504,100,146555232526,,,,,,,,,,
2019-04-16,Z3058K8S,ST4000DM000,4000787030016,0,117,161506920,,,94,0,100,6,100,0,86,445079063,,,68,28516,100,0,,,100,6,,,,,,,,,,,,,,,,,,,,,,,,,,,,,,,100,0,100,0,100,0,100,0,100,0,82,18,100,0,100,0,97,6805,18,18,,,,,100,0,100,0,200,0,,,,,,,,,,,,,,,,,,,,,,,,,,,100,28437,100,47737617408,100,146682136606,,,,,,,,,,
2019-04-17,Z3058K8S,ST4000DM000,4000787030016,0,118,192799624,,,94,0,100,6,100,0,86,446156208,,,68,28539,100,0,,,100,6,,,,,,,,,,,,,,,,,,,,,,,,,,,,,,,100,0,100,0,100,0,100,0,100,0,81,19,100,0,100,0,97,6805,19,19,,,,,100,0,100,0,200,0,,,,,,,,,,,,,,,,,,,,,,,,,,,100,28460,100,47747658696,100,146806895678,,,,,,,,,,
2019-04-18,Z3058K8S,ST4000DM000,4000787030016,0,116,102737328,,,94,0,100,6,100,0,86,448366819,,,68,28563,100,0,,,100,6,,,,,,,,,,,,,,,,,,,,,,,,,,,,,,,100,0,100,0,100,0,100,0,100,0,82,18,100,0,100,0,97,6805,18,18,,,,,100,0,100,0,200,0,,,,,,,,,,,,,,,,,,,,,,,,,,,100,28484,100,47765724000,100,146904329815,,,,,,,,,,
2019-04-19,Z3058K8S,ST4000DM000,4000787030016,0,115,87503872,,,94,0,100,6,100,0,86,450080237,,,68,28587,100,0,,,100,6,,,,,,,,,,,,,,,,,,,,,,,,,,,,,,,100,0,100,0,100,0,100,0,100,0,81,19,100,0,100,0,97,6805,19,19,,,,,100,0,100,0,200,0,,,,,,,,,,,,,,,,,,,,,,,,,,,100,28508,100,47783120632,100,146982277745,,,,,,,,,,
2019-04-20,Z3058K8S,ST4000DM000,4000787030016,0,118,181305104,,,94,0,100,6,100,0,86,450594548,,,68,28611,100,0,,,100,6,,,,,,,,,,,,,,,,,,,,,,,,,,,,,,,100,0,100,0,100,0,100,0,100,0,82,18,100,0,100,0,97,6805,18,18,,,,,100,0,100,0,200,0,,,,,,,,,,,,,,,,,,,,,,,,,,,100,28532,100,47793907472,100,147037090087,,,,,,,,,,
2019-04-21,Z3058K8S,ST4000DM000,4000787030016,0,113,53563656,,,94,0,100,6,100,0,86,451425790,,,68,28635,100,0,,,100,6,,,,,,,,,,,,,,,,,,,,,,,,,,,,,,,100,0,100,0,100,0,100,0,100,0,81,19,100,0,100,0,97,6805,19,19,,,,,100,0,100,0,200,0,,,,,,,,,,,,,,,,,,,,,,,,,,,100,28556,100,47811024784,100,147095268641,,,,,,,,,,
2019-04-22,Z3058K8S,ST4000DM000,4000787030016,0,117,164247208,,,94,0,100,6,100,0,86,452970479,,,68,28659,100,0,,,100,6,,,,,,,,,,,,,,,,,,,,,,,,,,,,,,,100,0,100,0,100,0,100,0,100,0,81,19,100,0,100,0,97,6805,19,19,,,,,100,0,100,0,200,0,,,,,,,,,,,,,,,,,,,,,,,,,,,100,28580,100,47829499288,100,147151956932,,,,,,,,,,
2019-04-23,Z3058K8S,ST4000DM000,4000787030016,0,113,58267792,,,94,0,100,6,100,0,86,453616331,,,68,28683,100,0,,,100,6,,,,,,,,,,,,,,,,,,,,,,,,,,,,,,,100,0,100,0,100,0,100,0,100,0,81,19,100,0,100,0,97,6805,19,19,,,,,100,0,100,0,200,0,,,,,,,,,,,,,,,,,,,,,,,,,,,100,28604,100,47842035176,100,147219732920,,,,,,,,,,
2019-04-24,Z3058K8S,ST4000DM000,4000787030016,0,106,11130840,,,94,0,100,6,100,0,86,454422902,,,68,28706,100,0,,,100,6,,,,,,,,,,,,,,,,,,,,,,,,,,,,,,,100,0,100,0,100,0,100,0,100,0,81,19,100,0,100,0,97,6805,19,19,,,,,100,0,100,0,200,0,,,,,,,,,,,,,,,,,,,,,,,,,,,100,28628,100,47857039488,100,147318364934,,,,,,,,,,
2019-04-25,Z3058K8S,ST4000DM000,4000787030016,0,115,88707752,,,94,0,100,6,100,0,86,455342583,,,68,28730,100,0,,,100,6,,,,,,,,,,,,,,,,,,,,,,,,,,,,,,,100,0,100,0,100,0,100,0,100,0,82,18,100,0,100,0,97,6805,18,18,,,,,100,0,100,0,200,0,,,,,,,,,,,,,,,,,,,,,,,,,,,100,28651,100,47869841280,100,147426678509,,,,,,,,,,
2019-04-26,Z3058K8S,ST4000DM000,4000787030016,0,106,12530160,,,94,0,100,6,100,0,86,457580207,,,68,28754,100,0,,,100,6,,,,,,,,,,,,,,,,,,,,,,,,,,,,,,,100,0,100,0,100,0,100,0,100,0,81,19,100,0,100,0,97,6805,19,19,,,,,100,0,100,0,200,0,,,,,,,,,,,,,,,,,,,,,,,,,,,100,28675,100,47884317640,100,147554364369,,,,,,,,,,
2019-04-27,Z3058K8S,ST4000DM000,4000787030016,0,120,237895584,,,94,0,100,6,100,0,86,458834848,,,68,28778,100,0,,,100,6,,,,,,,,,,,,,,,,,,,,,,,,,,,,,,,100,0,100,0,100,0,100,0,100,0,80,20,100,0,100,0,97,6805,20,20,,,,,100,0,100,0,200,0,,,,,,,,,,,,,,,,,,,,,,,,,,,100,28699,100,47893682160,100,147657662474,,,,,,,,,,
2019-04-28,Z3058K8S,ST4000DM000,4000787030016,0,118,178556456,,,94,0,100,6,100,0,86,459666901,,,68,28802,100,0,,,100,6,,,,,,,,,,,,,,,,,,,,,,,,,,,,,,,100,0,100,0,100,0,100,0,100,0,81,19,100,0,100,0,97,6805,19,19,,,,,100,0,100,0,200,0,,,,,,,,,,,,,,,,,,,,,,,,,,,100,28723,100,47908300496,100,147774934700,,,,,,,,,,
2019-04-29,Z3058K8S,ST4000DM000,4000787030016,0,117,163602624,,,94,0,100,6,100,0,86,461190091,,,68,28826,100,0,,,100,6,,,,,,,,,,,,,,,,,,,,,,,,,,,,,,,100,0,100,0,100,0,100,0,100,0,82,18,100,0,100,0,97,6805,18,18,,,,,100,0,100,0,200,0,,,,,,,,,,,,,,,,,,,,,,,,,,,100,28747,100,47922594448,100,147869873582,,,,,,,,,,
2019-04-30,Z3058K8S,ST4000DM000,4000787030016,0,114,58828000,,,94,0,100,6,100,0,86,461813561,,,68,28850,100,0,,,100,6,,,,,,,,,,,,,,,,,,,,,,,,,,,,,,,100,0,100,0,100,0,100,0,100,0,81,19,100,0,100,0,97,6805,19,19,,,,,100,0,100,0,200,0,,,,,,,,,,,,,,,,,,,,,,,,,,,100,28771,100,47936542520,100,147949905067,,,,,,,,,,
2019-05-01,Z3058K8S,ST4000DM000,4000787030016,0,119,215270784,,,94,0,100,6,100,0,86,462617682,,,68,28874,100,0,,,100,6,,,,,,,,,,,,,,,,,,,,,,,,,,,,,,,100,0,100,0,100,0,100,0,100,0,81,19,100,0,100,0,97,6805,19,19,,,,,100,0,100,0,200,0,,,,,,,,,,,,,,,,,,,,,,,,,,,100,28795,100,47956853912,100,148057140985,,,,,,,,,,
2019-05-02,Z3058K8S,ST4000DM000,4000787030016,0,116,116724568,,,94,0,100,6,100,0,86,465298060,,,68,28898,100,0,,,100,6,,,,,,,,,,,,,,,,,,,,,,,,,,,,,,,100,0,100,0,100,0,100,0,100,0,82,18,100,0,100,0,97,6805,18,18,,,,,100,0,100,0,200,0,,,,,,,,,,,,,,,,,,,,,,,,,,,100,28819,100,47983481832,100,148215085119,,,,,,,,,,
2019-05-03,Z3058K8S,ST4000DM000,4000787030016,0,118,183537744,,,94,0,100,6,100,0,86,466940256,,,67,28922,100,0,,,100,6,,,,,,,,,,,,,,,,,,,,,,,,,,,,,,,100,0,100,0,100,0,100,0,100,0,81,19,100,0,100,0,97,6805,19,19,,,,,100,0,100,0,200,0,,,,,,,,,,,,,,,,,,,,,,,,,,,100,28843,100,47998236920,100,148330272331,,,,,,,,,,
2019-05-04,Z3058K8S,ST4000DM000,4000787030016,0,110,28289736,,,94,0,100,6,100,0,86,467640037,,,67,28946,100,0,,,100,6,,,,,,,,,,,,,,,,,,,,,,,,,,,,,,,100,0,100,0,100,0,100,0,100,0,82,18,100,0,100,0,97,6805,18,18,,,,,100,0,100,0,200,0,,,,,,,,,,,,,,,,,,,,,,,,,,,100,28867,100,48010128128,100,148432085003,,,,,,,,,,
2019-05-05,Z3058K8S,ST4000DM000,4000787030016,0,116,113487040,,,94,0,100,6,100,0,86,468218582,,,67,28970,100,0,,,100,6,,,,,,,,,,,,,,,,,,,,,,,,,,,,,,,100,0,100,0,100,0,100,0,100,0,81,19,100,0,100,0,97,6805,19,19,,,,,100,0,100,0,200,0,,,,,,,,,,,,,,,,,,,,,,,,,,,100,28891,100,48025521872,100,148483521851,,,,,,,,,,
2019-05-06,Z3058K8S,ST4000DM000,4000787030016,0,112,43975872,,,94,0,100,6,100,0,87,469922049,,,67,28994,100,0,,,100,6,,,,,,,,,,,,,,,,,,,,,,,,,,,,,,,100,0,100,0,100,0,100,0,100,0,81,19,100,0,100,0,97,6805,19,19,,,,,100,0,100,0,200,0,,,,,,,,,,,,,,,,,,,,,,,,,,,100,28915,100,48044857376,100,148588792246,,,,,,,,,,
2019-05-07,Z3058K8S,ST4000DM000,4000787030016,0,111,36247112,,,94,0,100,6,100,0,87,470899285,,,67,29018,100,0,,,100,6,,,,,,,,,,,,,,,,,,,,,,,,,,,,,,,100,0,100,0,100,0,100,0,100,0,83,17,100,0,100,0,97,6805,17,17,,,,,100,0,100,0,200,0,,,,,,,,,,,,,,,,,,,,,,,,,,,100,28939,100,48060693304,100,148733414058,,,,,,,,,,
2019-05-08,Z3058K8S,ST4000DM000,4000787030016,0,118,175837368,,,94,0,100,6,100,0,87,471865406,,,67,29054,100,0,,,100,6,,,,,,,,,,,,,,,,,,,,,,,,,,,,,,,100,0,100,0,100,0,100,0,100,0,82,18,100,0,100,0,97,6805,18,18,,,,,100,0,100,0,200,0,,,,,,,,,,,,,,,,,,,,,,,,,,,100,28975,100,48084940720,100,148833523759,,,,,,,,,,
2019-05-09,Z3058K8S,ST4000DM000,4000787030016,0,117,144194112,,,94,0,100,6,100,0,87,472840436,,,67,29078,100,0,,,100,6,,,,,,,,,,,,,,,,,,,,,,,,,,,,,,,100,0,100,0,100,0,100,0,100,0,82,18,100,0,100,0,97,6805,18,18,,,,,100,0,100,0,200,0,,,,,,,,,,,,,,,,,,,,,,,,,,,100,28999,100,48097521280,100,148967891221,,,,,,,,,,
2019-05-10,Z3058K8S,ST4000DM000,4000787030016,0,120,235430320,,,94,0,100,6,100,0,87,474967747,,,67,29102,100,0,,,100,6,,,,,,,,,,,,,,,,,,,,,,,,,,,,,,,100,0,100,0,100,0,100,0,100,0,81,19,100,0,100,0,97,6805,19,19,,,,,100,0,100,0,200,0,,,,,,,,,,,,,,,,,,,,,,,,,,,100,29023,100,48117038528,100,149105030477,,,,,,,,,,
2019-05-11,Z3058K8S,ST4000DM000,4000787030016,0,113,55464000,,,94,0,100,6,100,0,87,475862287,,,67,29125,100,0,,,100,6,,,,,,,,,,,,,,,,,,,,,,,,,,,,,,,100,0,100,0,100,0,100,0,100,0,82,18,100,0,100,0,97,6805,18,18,,,,,100,0,100,0,200,0,,,,,,,,,,,,,,,,,,,,,,,,,,,100,29047,100,48130892384,100,149218752250,,,,,,,,,,
2019-05-12,Z3058K8S,ST4000DM000,4000787030016,0,117,160319368,,,94,0,100,6,100,0,87,477469488,,,67,29149,100,0,,,100,6,,,,,,,,,,,,,,,,,,,,,,,,,,,,,,,100,0,100,0,100,0,100,0,100,0,81,19,100,0,100,0,97,6805,19,19,,,,,100,0,100,0,200,0,,,,,,,,,,,,,,,,,,,,,,,,,,,100,29070,100,48145556944,100,149291013718,,,,,,,,,,
2019-05-13,Z3058K8S,ST4000DM000,4000787030016,0,119,204326064,,,94,0,100,6,100,0,87,478634810,,,67,29173,100,0,,,100,6,,,,,,,,,,,,,,,,,,,,,,,,,,,,,,,100,0,100,0,100,0,100,0,100,0,81,19,100,0,100,0,97,6805,19,19,,,,,100,0,100,0,200,0,,,,,,,,,,,,,,,,,,,,,,,,,,,100,29094,100,48155288328,100,149498640078,,,,,,,,,,
2019-05-14,Z3058K8S,ST4000DM000,4000787030016,0,111,39147384,,,94,0,100,6,100,0,87,479583479,,,67,29197,100,0,,,100,6,,,,,,,,,,,,,,,,,,,,,,,,,,,,,,,100,0,100,0,100,0,100,0,100,0,81,19,100,0,100,0,97,6805,19,19,,,,,100,0,100,0,200,0,,,,,,,,,,,,,,,,,,,,,,,,,,,100,29118,100,48173691208,100,149656566062,,,,,,,,,,
2019-05-15,Z3058K8S,ST4000DM000,4000787030016,0,116,101982032,,,94,0,100,6,100,0,87,479874616,,,67,29209,100,0,,,100,6,,,,,,,,,,,,,,,,,,,,,,,,,,,,,,,100,0,100,0,100,0,100,0,100,0,81,19,100,0,100,0,97,6805,19,19,,,,,100,0,100,0,200,0,,,,,,,,,,,,,,,,,,,,,,,,,,,100,29130,100,48179451032,100,149735320746,,,,,,,,,,
2019-05-16,Z3058K8S,ST4000DM000,4000787030016,0,117,161723856,,,94,0,100,6,100,0,87,481947970,,,67,29233,100,0,,,100,6,,,,,,,,,,,,,,,,,,,,,,,,,,,,,,,100,0,100,0,100,0,100,0,100,0,81,19,100,0,100,0,97,6805,19,19,,,,,100,0,100,0,200,0,,,,,,,,,,,,,,,,,,,,,,,,,,,100,29154,100,48202098040,100,149838130004,,,,,,,,,,
2019-05-17,Z3058K8S,ST4000DM000,4000787030016,0,118,192902288,,,94,0,100,6,100,0,87,483677123,,,67,29257,100,0,,,100,6,,,,,,,,,,,,,,,,,,,,,,,,,,,,,,,100,0,100,0,100,0,100,0,100,0,82,18,100,0,100,0,97,6805,18,18,,,,,100,0,100,0,200,0,,,,,,,,,,,,,,,,,,,,,,,,,,,100,29178,100,48221394376,100,150028122345,,,,,,,,,,
2019-05-18,Z3058K8S,ST4000DM000,4000787030016,0,115,85717576,,,94,0,100,6,100,0,87,484540960,,,67,29293,100,0,,,100,6,,,,,,,,,,,,,,,,,,,,,,,,,,,,,,,100,0,100,0,100,0,100,0,100,0,82,18,100,0,100,0,97,6805,18,18,,,,,100,0,100,0,200,0,,,,,,,,,,,,,,,,,,,,,,,,,,,100,29214,100,48238171960,100,150309142154,,,,,,,,,,
2019-05-19,Z3058K8S,ST4000DM000,4000787030016,0,117,161226648,,,94,0,100,6,100,0,87,486017026,,,67,29317,100,0,,,100,6,,,,,,,,,,,,,,,,,,,,,,,,,,,,,,,100,0,100,0,100,0,100,0,100,0,80,20,100,0,100,0,97,6805,20,20,,,,,100,0,100,0,200,0,,,,,,,,,,,,,,,,,,,,,,,,,,,100,29238,100,48251974768,100,150433330936,,,,,,,,,,
2019-05-20,Z3058K8S,ST4000DM000,4000787030016,0,120,239561552,,,94,0,100,6,100,0,87,486580349,,,67,29341,100,0,,,100,6,,,,,,,,,,,,,,,,,,,,,,,,,,,,,,,100,0,100,0,100,0,100,0,100,0,83,17,100,0,100,0,97,6805,17,17,,,,,100,0,100,0,200,0,,,,,,,,,,,,,,,,,,,,,,,,,,,100,29262,100,48265387024,100,150626069052,,,,,,,,,,
2019-05-21,Z3058K8S,ST4000DM000,4000787030016,0,117,132256128,,,94,0,100,6,100,0,87,487312690,,,67,29365,100,0,,,100,6,,,,,,,,,,,,,,,,,,,,,,,,,,,,,,,100,0,100,0,100,0,100,0,100,0,82,18,100,0,100,0,97,6805,18,18,,,,,100,0,100,0,200,0,,,,,,,,,,,,,,,,,,,,,,,,,,,100,29286,100,48279604304,100,150796779514,,,,,,,,,,
2019-05-22,Z3058K8S,ST4000DM000,4000787030016,0,120,237764432,,,94,0,100,6,100,0,87,487807363,,,67,29377,100,0,,,100,6,,,,,,,,,,,,,,,,,,,,,,,,,,,,,,,100,0,100,0,100,0,100,0,100,0,81,19,100,0,100,0,97,6805,19,19,,,,,100,0,100,0,200,0,,,,,,,,,,,,,,,,,,,,,,,,,,,100,29298,100,48287870592,100,150876358798,,,,,,,,,,
2019-05-23,Z3058K8S,ST4000DM000,4000787030016,0,117,158298648,,,94,0,100,6,100,0,87,488721378,,,67,29401,100,0,,,100,6,,,,,,,,,,,,,,,,,,,,,,,,,,,,,,,100,0,100,0,100,0,100,0,100,0,82,18,100,0,100,0,97,6805,18,18,,,,,100,0,100,0,200,0,,,,,,,,,,,,,,,,,,,,,,,,,,,100,29322,100,48301417960,100,151019107462,,,,,,,,,,
2019-05-24,Z3058K8S,ST4000DM000,4000787030016,0,117,142128744,,,94,0,100,6,100,0,87,491199381,,,67,29425,100,0,,,100,6,,,,,,,,,,,,,,,,,,,,,,,,,,,,,,,100,0,100,0,100,0,100,0,100,0,81,19,100,0,100,0,97,6805,19,19,,,,,100,0,100,0,200,0,,,,,,,,,,,,,,,,,,,,,,,,,,,100,29346,100,48319743256,100,151202061783,,,,,,,,,,
2019-05-25,Z3058K8S,ST4000DM000,4000787030016,0,117,130744936,,,94,0,100,6,100,0,87,492346092,,,67,29449,100,0,,,100,6,,,,,,,,,,,,,,,,,,,,,,,,,,,,,,,100,0,100,0,100,0,100,0,100,0,81,19,100,0,100,0,97,6805,19,19,,,,,100,0,100,0,200,0,,,,,,,,,,,,,,,,,,,,,,,,,,,100,29370,100,48334098792,100,151377078118,,,,,,,,,,
2019-05-26,Z3058K8S,ST4000DM000,4000787030016,0,117,123544800,,,94,0,100,6,100,0,87,493635411,,,67,29473,100,0,,,100,6,,,,,,,,,,,,,,,,,,,,,,,,,,,,,,,100,0,100,0,100,0,100,0,100,0,81,19,100,0,100,0,97,6805,19,19,,,,,100,0,100,0,200,0,,,,,,,,,,,,,,,,,,,,,,,,,,,100,29394,100,48351893824,100,151547104542,,,,,,,,,,
2019-05-27,Z3058K8S,ST4000DM000,4000787030016,0,112,46097104,,,94,0,100,6,100,0,87,495278346,,,67,29496,100,0,,,100,6,,,,,,,,,,,,,,,,,,,,,,,,,,,,,,,100,0,100,0,100,0,100,0,100,0,81,19,100,0,100,0,97,6805,19,19,,,,,100,0,100,0,200,0,,,,,,,,,,,,,,,,,,,,,,,,,,,100,29418,100,48371830896,100,151646960329,,,,,,,,,,
2019-05-28,Z3058K8S,ST4000DM000,4000787030016,0,118,179483384,,,94,0,100,6,100,0,87,496296748,,,67,29520,100,0,,,100,6,,,,,,,,,,,,,,,,,,,,,,,,,,,,,,,100,0,100,0,100,0,100,0,100,0,82,18,100,0,100,0,97,6805,18,18,,,,,100,0,100,0,200,0,,,,,,,,,,,,,,,,,,,,,,,,,,,100,29441,100,48396573672,100,151803552299,,,,,,,,,,
2019-05-29,Z3058K8S,ST4000DM000,4000787030016,0,102,4520384,,,94,0,100,6,100,0,87,496942608,,,67,29544,100,0,,,100,6,,,,,,,,,,,,,,,,,,,,,,,,,,,,,,,100,0,100,0,100,0,100,0,100,0,81,19,100,0,100,0,97,6805,19,19,,,,,100,0,100,0,200,0,,,,,,,,,,,,,,,,,,,,,,,,,,,100,29465,100,48413850856,100,151893394883,,,,,,,,,,
2019-05-30,Z3058K8S,ST4000DM000,4000787030016,0,117,142948008,,,94,0,100,6,100,0,87,497899554,,,67,29568,100,0,,,100,6,,,,,,,,,,,,,,,,,,,,,,,,,,,,,,,100,0,100,0,100,0,100,0,100,0,81,19,100,0,100,0,97,6805,19,19,,,,,100,0,100,0,200,0,,,,,,,,,,,,,,,,,,,,,,,,,,,100,29489,100,48435315384,100,151997270121,,,,,,,,,,
2019-05-31,Z3058K8S,ST4000DM000,4000787030016,0,112,44179712,,,94,0,100,6,100,0,87,501313733,,,67,29592,100,0,,,100,6,,,,,,,,,,,,,,,,,,,,,,,,,,,,,,,100,0,100,0,100,0,100,0,100,0,81,19,100,0,100,0,97,6805,19,19,,,,,100,0,100,0,200,0,,,,,,,,,,,,,,,,,,,,,,,,,,,100,29513,100,48457687528,100,152160948039,,,,,,,,,,
2019-06-01,Z3058K8S,ST4000DM000,4000787030016,0,116,107563888,,,94,0,100,6,100,0,87,502259372,,,67,29615,100,0,,,100,6,,,,,,,,,,,,,,,,,,,,,,,,,,,,,,,100,0,100,0,100,0,100,0,100,0,81,19,100,0,100,0,97,6805,19,19,,,,,100,0,100,0,200,0,,,,,,,,,,,,,,,,,,,,,,,,,,,100,29536,100,48469480104,100,152263631870,,,,,,,,,,
2019-06-02,Z3058K8S,ST4000DM000,4000787030016,0,114,69833568,,,94,0,100,6,100,0,87,503346616,,,67,29639,100,0,,,100,6,,,,,,,,,,,,,,,,,,,,,,,,,,,,,,,100,0,100,0,100,0,100,0,100,0,82,18,100,0,100,0,97,6805,18,18,,,,,100,0,100,0,200,0,,,,,,,,,,,,,,,,,,,,,,,,,,,100,29560,100,48482359808,100,152389988596,,,,,,,,,,
2019-06-03,Z3058K8S,ST4000DM000,4000787030016,0,118,195761096,,,94,0,100,6,100,0,87,505179126,,,67,29663,100,0,,,100,6,,,,,,,,,,,,,,,,,,,,,,,,,,,,,,,100,0,100,0,100,0,100,0,100,0,82,18,100,0,100,0,97,6805,18,18,,,,,100,0,100,0,200,0,,,,,,,,,,,,,,,,,,,,,,,,,,,100,29584,100,48503545224,100,152484299316,,,,,,,,,,
2019-06-04,Z3058K8S,ST4000DM000,4000787030016,0,114,63520712,,,94,0,100,6,100,0,87,505955079,,,67,29687,100,0,,,100,6,,,,,,,,,,,,,,,,,,,,,,,,,,,,,,,100,0,100,0,100,0,100,0,100,0,81,19,100,0,100,0,97,6805,19,19,,,,,100,0,100,0,200,0,,,,,,,,,,,,,,,,,,,,,,,,,,,100,29608,100,48531346920,100,152562155629,,,,,,,,,,
2019-06-05,Z3058K8S,ST4000DM000,4000787030016,0,119,217388760,,,94,0,100,6,100,0,87,506951978,,,67,29710,100,0,,,100,6,,,,,,,,,,,,,,,,,,,,,,,,,,,,,,,100,0,100,0,100,0,100,0,100,0,82,18,100,0,100,0,97,6805,18,18,,,,,100,0,100,0,200,0,,,,,,,,,,,,,,,,,,,,,,,,,,,100,29632,100,48555828888,100,152679047455,,,,,,,,,,
2019-06-06,Z3058K8S,ST4000DM000,4000787030016,0,119,210989840,,,94,0,100,6,100,0,87,507797156,,,67,29734,100,0,,,100,6,,,,,,,,,,,,,,,,,,,,,,,,,,,,,,,100,0,100,0,100,0,100,0,100,0,81,19,100,0,100,0,97,6805,19,19,,,,,100,0,100,0,200,0,,,,,,,,,,,,,,,,,,,,,,,,,,,100,29655,100,48574257464,100,152792435466,,,,,,,,,,
2019-06-07,Z3058K8S,ST4000DM000,4000787030016,0,119,234023088,,,94,0,100,6,100,0,87,509768802,,,67,29758,100,0,,,100,6,,,,,,,,,,,,,,,,,,,,,,,,,,,,,,,100,0,100,0,100,0,100,0,100,0,81,19,100,0,100,0,97,6805,19,19,,,,,100,0,100,0,200,0,,,,,,,,,,,,,,,,,,,,,,,,,,,100,29679,100,48592788968,100,152957289555,,,,,,,,,,
2019-06-08,Z3058K8S,ST4000DM000,4000787030016,0,120,241344040,,,94,0,100,6,100,0,87,511366353,,,67,29782,100,0,,,100,6,,,,,,,,,,,,,,,,,,,,,,,,,,,,,,,100,0,100,0,100,0,100,0,100,0,81,19,100,0,100,0,97,6805,19,19,,,,,100,0,100,0,200,0,,,,,,,,,,,,,,,,,,,,,,,,,,,100,29703,100,48615656160,100,153136948123,,,,,,,,,,
2019-06-09,Z3058K8S,ST4000DM000,4000787030016,0,111,39352936,,,94,0,100,6,100,0,87,512469630,,,66,29806,100,0,,,100,6,,,,,,,,,,,,,,,,,,,,,,,,,,,,,,,100,0,100,0,100,0,100,0,100,0,81,19,100,0,100,0,97,6805,19,19,,,,,100,0,100,0,200,0,,,,,,,,,,,,,,,,,,,,,,,,,,,100,29727,100,48642553160,100,153249300894,,,,,,,,,,
2019-06-10,Z3058K8S,ST4000DM000,4000787030016,0,114,58740056,,,94,0,100,6,100,0,87,514722955,,,66,29830,100,0,,,100,6,,,,,,,,,,,,,,,,,,,,,,,,,,,,,,,100,0,100,0,100,0,100,0,100,0,81,19,100,0,100,0,97,6805,19,19,,,,,100,0,100,0,200,0,,,,,,,,,,,,,,,,,,,,,,,,,,,100,29751,100,48665825544,100,153391740325,,,,,,,,,,
2019-06-11,Z3058K8S,ST4000DM000,4000787030016,0,113,52126976,,,94,0,100,6,100,0,87,515641529,,,66,29854,100,0,,,100,6,,,,,,,,,,,,,,,,,,,,,,,,,,,,,,,100,0,100,0,100,0,100,0,100,0,81,19,100,0,100,0,97,6805,19,19,,,,,100,0,100,0,200,0,,,,,,,,,,,,,,,,,,,,,,,,,,,100,29775,100,48689328496,100,153504360688,,,,,,,,,,
2019-06-12,Z3058K8S,ST4000DM000,4000787030016,0,115,95265832,,,94,0,100,6,100,0,87,516654954,,,66,29878,100,0,,,100,6,,,,,,,,,,,,,,,,,,,,,,,,,,,,,,,100,0,100,0,100,0,100,0,100,0,82,18,100,0,100,0,97,6805,18,18,,,,,100,0,100,0,200,0,,,,,,,,,,,,,,,,,,,,,,,,,,,100,29799,100,48703617576,100,153632513334,,,,,,,,,,
2019-06-13,Z3058K8S,ST4000DM000,4000787030016,0,113,58278880,,,94,0,100,6,100,0,87,517686047,,,66,29902,100,0,,,100,6,,,,,,,,,,,,,,,,,,,,,,,,,,,,,,,100,0,100,0,100,0,100,0,100,0,81,19,100,0,100,0,97,6805,19,19,,,,,100,0,100,0,200,0,,,,,,,,,,,,,,,,,,,,,,,,,,,100,29823,100,48719269752,100,153746218363,,,,,,,,,,
2019-06-14,Z3058K8S,ST4000DM000,4000787030016,0,119,222157760,,,94,0,100,6,100,0,87,519578679,,,66,29926,100,0,,,100,6,,,,,,,,,,,,,,,,,,,,,,,,,,,,,,,100,0,100,0,100,0,100,0,100,0,81,19,100,0,100,0,97,6805,19,19,,,,,100,0,100,0,200,0,,,,,,,,,,,,,,,,,,,,,,,,,,,100,29847,100,48744787712,100,153849529221,,,,,,,,,,
2019-06-15,Z3058K8S,ST4000DM000,4000787030016,0,114,76986144,,,94,0,100,6,100,0,87,520649166,,,66,29950,100,0,,,100,6,,,,,,,,,,,,,,,,,,,,,,,,,,,,,,,100,0,100,0,100,0,100,0,100,0,81,19,100,0,100,0,97,6805,19,19,,,,,100,0,100,0,200,0,,,,,,,,,,,,,,,,,,,,,,,,,,,100,29871,100,48764903712,100,153962768267,,,,,,,,,,
2019-06-16,Z3058K8S,ST4000DM000,4000787030016,0,117,161887600,,,94,0,100,6,100,0,87,521920244,,,66,29974,100,0,,,100,6,,,,,,,,,,,,,,,,,,,,,,,,,,,,,,,100,0,100,0,100,0,100,0,100,0,81,19,100,0,100,0,97,6805,19,19,,,,,100,0,100,0,200,0,,,,,,,,,,,,,,,,,,,,,,,,,,,100,29895,100,48778366632,100,154103145935,,,,,,,,,,
2019-06-17,Z3058K8S,ST4000DM000,4000787030016,0,102,4328072,,,94,0,100,6,100,0,87,524013595,,,66,29998,100,0,,,100,6,,,,,,,,,,,,,,,,,,,,,,,,,,,,,,,100,0,100,0,100,0,100,0,100,0,81,19,100,0,100,0,97,6805,19,19,,,,,100,0,100,0,200,0,,,,,,,,,,,,,,,,,,,,,,,,,,,100,29919,100,48794968744,100,154221091141,,,,,,,,,,
2019-06-18,Z3058K8S,ST4000DM000,4000787030016,0,118,169546896,,,94,0,100,6,100,0,87,524573112,,,66,30022,100,0,,,100,6,,,,,,,,,,,,,,,,,,,,,,,,,,,,,,,100,0,100,0,100,0,100,0,100,0,82,18,100,0,100,0,97,6805,18,18,,,,,100,0,100,0,200,0,,,,,,,,,,,,,,,,,,,,,,,,,,,100,29943,100,48808188488,100,154272111935,,,,,,,,,,
2019-06-19,Z3058K8S,ST4000DM000,4000787030016,0,119,228892616,,,94,0,100,6,100,0,87,525146654,,,66,30046,100,0,,,100,6,,,,,,,,,,,,,,,,,,,,,,,,,,,,,,,100,0,100,0,100,0,100,0,100,0,82,18,100,0,100,0,97,6805,18,18,,,,,100,0,100,0,200,0,,,,,,,,,,,,,,,,,,,,,,,,,,,100,29967,100,48822989344,100,154329724450,,,,,,,,,,
2019-06-20,Z3058K8S,ST4000DM000,4000787030016,0,117,138233856,,,94,0,100,6,100,0,87,526695530,,,66,30070,100,0,,,100,6,,,,,,,,,,,,,,,,,,,,,,,,,,,,,,,100,0,100,0,100,0,100,0,100,0,81,19,100,0,100,0,97,6805,19,19,,,,,100,0,100,0,200,0,,,,,,,,,,,,,,,,,,,,,,,,,,,100,29991,100,48843563152,100,154431553362,,,,,,,,,,
2019-06-21,Z3058K8S,ST4000DM000,4000787030016,0,114,74205352,,,94,0,100,6,100,0,87,528292400,,,66,30093,100,0,,,100,6,,,,,,,,,,,,,,,,,,,,,,,,,,,,,,,100,0,100,0,100,0,100,0,100,0,82,18,100,0,100,0,97,6805,18,18,,,,,100,0,100,0,200,0,,,,,,,,,,,,,,,,,,,,,,,,,,,100,30015,100,48859403792,100,154538037994,,,,,,,,,,
2019-06-22,Z3058K8S,ST4000DM000,4000787030016,0,119,212360920,,,94,0,100,6,100,0,87,529531978,,,66,30117,100,0,,,100,6,,,,,,,,,,,,,,,,,,,,,,,,,,,,,,,100,0,100,0,100,0,100,0,100,0,81,19,100,0,100,0,97,6805,19,19,,,,,100,0,100,0,200,0,,,,,,,,,,,,,,,,,,,,,,,,,,,100,30039,100,48884087408,100,154614570504,,,,,,,,,,
2019-06-23,Z3058K8S,ST4000DM000,4000787030016,0,117,122251984,,,94,0,100,6,100,0,87,530397313,,,66,30141,100,0,,,100,6,,,,,,,,,,,,,,,,,,,,,,,,,,,,,,,100,0,100,0,100,0,100,0,100,0,81,19,100,0,100,0,97,6805,19,19,,,,,100,0,100,0,200,0,,,,,,,,,,,,,,,,,,,,,,,,,,,100,30062,100,48914227320,100,154672949177,,,,,,,,,,
2019-06-24,Z3058K8S,ST4000DM000,4000787030016,0,111,30472520,,,94,0,100,6,100,0,87,532126636,,,66,30165,100,0,,,100,6,,,,,,,,,,,,,,,,,,,,,,,,,,,,,,,100,0,100,0,100,0,100,0,100,0,81,19,100,0,100,0,97,6805,19,19,,,,,100,0,100,0,200,0,,,,,,,,,,,,,,,,,,,,,,,,,,,100,30086,100,48936468032,100,154746943435,,,,,,,,,,
2019-06-25,Z3058K8S,ST4000DM000,4000787030016,0,115,95453176,,,94,0,100,6,100,0,87,532933443,,,66,30189,100,0,,,100,6,,,,,,,,,,,,,,,,,,,,,,,,,,,,,,,100,0,100,0,100,0,100,0,100,0,82,18,100,0,100,0,97,6805,18,18,,,,,100,0,100,0,200,0,,,,,,,,,,,,,,,,,,,,,,,,,,,100,30110,100,48949479736,100,154825845593,,,,,,,,,,
2019-06-26,Z3058K8S,ST4000DM000,4000787030016,0,118,185253160,,,94,0,100,6,100,0,87,534077141,,,66,30213,100,0,,,100,6,,,,,,,,,,,,,,,,,,,,,,,,,,,,,,,100,0,100,0,100,0,100,0,100,0,82,18,100,0,100,0,97,6805,18,18,,,,,100,0,100,0,200,0,,,,,,,,,,,,,,,,,,,,,,,,,,,100,30134,100,48971355680,100,154943436301,,,,,,,,,,
2019-06-27,Z3058K8S,ST4000DM000,4000787030016,0,116,102273816,,,94,0,100,6,100,0,87,535525692,,,66,30237,100,0,,,100,6,,,,,,,,,,,,,,,,,,,,,,,,,,,,,,,100,0,100,0,100,0,100,0,100,0,82,18,100,0,100,0,97,6805,18,18,,,,,100,0,100,0,200,0,,,,,,,,,,,,,,,,,,,,,,,,,,,100,30158,100,48988146592,100,155120401346,,,,,,,,,,
2019-06-28,Z3058K8S,ST4000DM000,4000787030016,0,114,81248280,,,94,0,100,6,100,0,87,537866825,,,66,30261,100,0,,,100,6,,,,,,,,,,,,,,,,,,,,,,,,,,,,,,,100,0,100,0,100,0,100,0,100,0,81,19,100,0,100,0,97,6805,19,19,,,,,100,0,100,0,200,0,,,,,,,,,,,,,,,,,,,,,,,,,,,100,30183,100,49010592888,100,155347609955,,,,,,,,,,
2019-06-29,Z3058K8S,ST4000DM000,4000787030016,0,115,97902360,,,94,0,100,6,100,0,87,539557840,,,66,30285,100,0,,,100,6,,,,,,,,,,,,,,,,,,,,,,,,,,,,,,,100,0,100,0,100,0,100,0,100,0,81,19,100,0,100,0,97,6805,19,19,,,,,100,0,100,0,200,0,,,,,,,,,,,,,,,,,,,,,,,,,,,100,30207,100,49028383808,100,155533260714,,,,,,,,,,
2019-06-30,Z3058K8S,ST4000DM000,4000787030016,0,117,123527112,,,94,0,100,6,100,0,87,540613961,,,66,30309,100,0,,,100,6,,,,,,,,,,,,,,,,,,,,,,,,,,,,,,,100,0,100,0,100,0,100,0,100,0,82,18,100,0,100,0,97,6805,18,18,,,,,100,0,100,0,200,0,,,,,,,,,,,,,,,,,,,,,,,,,,,100,30231,100,49049364696,100,155701511428,,,,,,,,,,
2019-07-01,Z3058K8S,ST4000DM000,4000787030016,0,108,20316520,,,94,0,100,6,100,0,87,542489404,,,66,30333,100,0,,,100,6,,,,,,,,,,,,,,,,,,,,,,,,,,,,,,,100,0,100,0,100,0,100,0,100,0,82,18,100,0,100,0,97,6805,18,18,,,,,100,0,100,0,200,0,,,,,,,,,,,,,,,,,,,,,,,,,,,100,30254,100,49074072464,100,155809859687,,,,,,,,,,
2019-07-02,Z3058K8S,ST4000DM000,4000787030016,0,117,144585528,,,94,0,100,6,100,0,87,543277533,,,66,30357,100,0,,,100,6,,,,,,,,,,,,,,,,,,,,,,,,,,,,,,,100,0,100,0,100,0,100,0,100,0,82,18,100,0,100,0,97,6805,18,18,,,,,100,0,100,0,200,0,,,,,,,,,,,,,,,,,,,,,,,,,,,100,30278,100,49092547176,100,155917534056,,,,,,,,,,
2019-07-03,Z3058K8S,ST4000DM000,4000787030016,0,119,2277184,,,94,0,100,6,100,0,87,546336057,,,66,30381,100,0,,,100,6,,,,,,,,,,,,,,,,,,,,,,,,,,,,,,,100,0,100,0,100,0,100,0,100,0,82,18,100,0,100,0,97,6805,18,18,,,,,100,0,100,0,200,0,,,,,,,,,,,,,,,,,,,,,,,,,,,100,30302,100,49118478392,100,156128856447,,,,,,,,,,
2019-07-04,Z3058K8S,ST4000DM000,4000787030016,0,106,10491064,,,94,0,100,6,100,0,87,547171919,,,66,30406,100,0,,,100,6,,,,,,,,,,,,,,,,,,,,,,,,,,,,,,,100,0,100,0,100,0,100,0,100,0,82,18,100,0,100,0,97,6805,18,18,,,,,100,0,100,0,200,0,,,,,,,,,,,,,,,,,,,,,,,,,,,100,30327,100,49142560512,100,156226064155,,,,,,,,,,
2019-07-05,Z3058K8S,ST4000DM000,4000787030016,0,118,193309608,,,94,0,100,6,100,0,87,549431918,,,66,30430,100,0,,,100,6,,,,,,,,,,,,,,,,,,,,,,,,,,,,,,,100,0,100,0,100,0,100,0,100,0,81,19,100,0,100,0,97,6805,19,19,,,,,100,0,100,0,200,0,,,,,,,,,,,,,,,,,,,,,,,,,,,100,30351,100,49166657344,100,156424513505,,,,,,,,,,
2019-07-06,Z3058K8S,ST4000DM000,4000787030016,0,114,79644200,,,94,0,100,6,100,0,87,550815763,,,66,30454,100,0,,,100,6,,,,,,,,,,,,,,,,,,,,,,,,,,,,,,,100,0,100,0,100,0,100,0,100,0,81,19,100,0,100,0,97,6805,19,19,,,,,100,0,100,0,200,0,,,,,,,,,,,,,,,,,,,,,,,,,,,100,30375,100,49182308040,100,156572721678,,,,,,,,,,
2019-07-07,Z3058K8S,ST4000DM000,4000787030016,0,109,23506744,,,94,0,100,6,100,0,87,552512132,,,66,30478,100,0,,,100,6,,,,,,,,,,,,,,,,,,,,,,,,,,,,,,,100,0,100,0,100,0,100,0,100,0,81,19,100,0,100,0,97,6805,19,19,,,,,100,0,100,0,200,0,,,,,,,,,,,,,,,,,,,,,,,,,,,100,30399,100,49199078296,100,156843314843,,,,,,,,,,
2019-07-08,Z3058K8S,ST4000DM000,4000787030016,0,115,85027720,,,94,0,100,6,100,0,87,554395196,,,66,30502,100,0,,,100,6,,,,,,,,,,,,,,,,,,,,,,,,,,,,,,,100,0,100,0,100,0,100,0,100,0,81,19,100,0,100,0,97,6805,19,19,,,,,100,0,100,0,200,0,,,,,,,,,,,,,,,,,,,,,,,,,,,100,30423,100,49220281064,100,156974408500,,,,,,,,,,
2019-07-09,Z3058K8S,ST4000DM000,4000787030016,0,117,118282960,,,94,0,100,6,100,0,87,555451516,,,66,30526,100,0,,,100,6,,,,,,,,,,,,,,,,,,,,,,,,,,,,,,,100,0,100,0,100,0,100,0,100,0,82,18,100,0,100,0,97,6805,18,18,,,,,100,0,100,0,200,0,,,,,,,,,,,,,,,,,,,,,,,,,,,100,30447,100,49238499472,100,157259382668,,,,,,,,,,
2019-07-10,Z3058K8S,ST4000DM000,4000787030016,0,109,22044160,,,94,0,100,6,100,0,87,556316336,,,66,30550,100,0,,,100,6,,,,,,,,,,,,,,,,,,,,,,,,,,,,,,,100,0,100,0,100,0,100,0,100,0,81,19,100,0,100,0,97,6805,19,19,,,,,100,0,100,0,200,0,,,,,,,,,,,,,,,,,,,,,,,,,,,100,30471,100,49256241192,100,157531481380,,,,,,,,,,
2019-07-11,Z3058K8S,ST4000DM000,4000787030016,0,113,54341624,,,94,0,100,6,100,0,87,557442119,,,66,30574,100,0,,,100,6,,,,,,,,,,,,,,,,,,,,,,,,,,,,,,,100,0,100,0,100,0,100,0,100,0,82,18,100,0,100,0,97,6805,18,18,,,,,100,0,100,0,200,0,,,,,,,,,,,,,,,,,,,,,,,,,,,100,30495,100,49277687136,100,157778256564,,,,,,,,,,
2019-07-12,Z3058K8S,ST4000DM000,4000787030016,0,117,144275848,,,94,0,100,6,100,0,87,559328931,,,66,30598,100,0,,,100,6,,,,,,,,,,,,,,,,,,,,,,,,,,,,,,,100,0,100,0,100,0,100,0,100,0,81,19,100,0,100,0,97,6805,19,19,,,,,100,0,100,0,200,0,,,,,,,,,,,,,,,,,,,,,,,,,,,100,30519,100,49315453832,100,158052609074,,,,,,,,,,
2019-07-13,Z3058K8S,ST4000DM000,4000787030016,0,113,52277488,,,94,0,100,6,100,0,87,561357328,,,66,30622,100,0,,,100,6,,,,,,,,,,,,,,,,,,,,,,,,,,,,,,,100,0,100,0,100,0,100,0,100,0,82,18,100,0,100,0,97,6805,18,18,,,,,100,0,100,0,200,0,,,,,,,,,,,,,,,,,,,,,,,,,,,100,30543,100,49337600968,100,162641564704,,,,,,,,,,
2019-07-14,Z3058K8S,ST4000DM000,4000787030016,0,118,175381360,,,94,0,100,6,100,0,87,563511444,,,66,30646,100,0,,,100,6,,,,,,,,,,,,,,,,,,,,,,,,,,,,,,,100,0,100,0,100,0,100,0,100,0,81,19,100,0,100,0,97,6805,19,19,,,,,100,0,100,0,200,0,,,,,,,,,,,,,,,,,,,,,,,,,,,100,30567,100,49356478112,100,162935596258,,,,,,,,,,
2019-07-15,Z3058K8S,ST4000DM000,4000787030016,0,120,1327704,,,94,0,100,6,100,0,87,565387891,,,65,30670,100,0,,,100,6,,,,,,,,,,,,,,,,,,,,,,,,,,,,,,,100,0,100,0,100,0,100,0,100,0,81,19,100,0,100,0,97,6805,19,19,,,,,100,0,100,0,200,0,,,,,,,,,,,,,,,,,,,,,,,,,,,100,30591,100,49380092632,100,163057308212,,,,,,,,,,
2019-07-16,Z3058K8S,ST4000DM000,4000787030016,0,115,87801744,,,94,0,100,6,100,0,87,566776094,,,65,30693,100,0,,,100,6,,,,,,,,,,,,,,,,,,,,,,,,,,,,,,,100,0,100,0,100,0,100,0,100,0,81,19,100,0,100,0,97,6805,19,19,,,,,100,0,100,0,200,0,,,,,,,,,,,,,,,,,,,,,,,,,,,100,30615,100,49407020128,100,163267494736,,,,,,,,,,
2019-07-17,Z3058K8S,ST4000DM000,4000787030016,0,117,155032424,,,94,0,100,6,100,0,87,569138422,,,65,30729,100,0,,,100,6,,,,,,,,,,,,,,,,,,,,,,,,,,,,,,,100,0,100,0,100,0,100,0,100,0,81,19,100,0,100,0,97,6805,19,19,,,,,100,0,100,0,200,0,,,,,,,,,,,,,,,,,,,,,,,,,,,100,30650,100,49445131280,100,163584165148,,,,,,,,,,
2019-07-18,Z3058K8S,ST4000DM000,4000787030016,0,119,226798672,,,94,0,100,6,100,0,87,570825220,,,65,30753,100,0,,,100,6,,,,,,,,,,,,,,,,,,,,,,,,,,,,,,,100,0,100,0,100,0,100,0,100,0,82,18,100,0,100,0,97,6805,18,18,,,,,100,0,100,0,200,0,,,,,,,,,,,,,,,,,,,,,,,,,,,100,30674,100,49474790504,100,163836612685,,,,,,,,,,
2019-07-19,Z3058K8S,ST4000DM000,4000787030016,0,114,67588120,,,94,0,100,6,100,0,87,573445152,,,65,30777,100,0,,,100,6,,,,,,,,,,,,,,,,,,,,,,,,,,,,,,,100,0,100,0,100,0,100,0,100,0,81,19,100,0,100,0,97,6805,19,19,,,,,100,0,100,0,200,0,,,,,,,,,,,,,,,,,,,,,,,,,,,100,30698,100,49506380824,100,164050246806,,,,,,,,,,
2019-07-20,Z3058K8S,ST4000DM000,4000787030016,0,118,197019552,,,94,0,100,6,100,0,87,575518629,,,65,30801,100,0,,,100,6,,,,,,,,,,,,,,,,,,,,,,,,,,,,,,,100,0,100,0,100,0,100,0,100,0,82,18,100,0,100,0,97,6805,18,18,,,,,100,0,100,0,200,0,,,,,,,,,,,,,,,,,,,,,,,,,,,100,30722,100,49533294048,100,164367683811,,,,,,,,,,
2019-07-21,Z3058K8S,ST4000DM000,4000787030016,0,116,105663776,,,94,0,100,6,100,0,87,577290398,,,65,30825,100,0,,,100,6,,,,,,,,,,,,,,,,,,,,,,,,,,,,,,,100,0,100,0,100,0,100,0,100,0,83,17,100,0,100,0,97,6805,17,17,,,,,100,0,100,0,200,0,,,,,,,,,,,,,,,,,,,,,,,,,,,100,30746,100,49552029944,100,164537356070,,,,,,,,,,
2019-07-22,Z3058K8S,ST4000DM000,4000787030016,0,114,73436304,,,94,0,100,6,100,0,87,578989391,,,65,30849,100,0,,,100,6,,,,,,,,,,,,,,,,,,,,,,,,,,,,,,,100,0,100,0,100,0,100,0,100,0,82,18,100,0,100,0,97,6805,18,18,,,,,100,0,100,0,200,0,,,,,,,,,,,,,,,,,,,,,,,,,,,100,30771,100,49576309168,100,164679523967,,,,,,,,,,
2019-07-23,Z3058K8S,ST4000DM000,4000787030016,0,111,32861984,,,94,0,100,6,100,0,87,580873714,,,65,30874,100,0,,,100,6,,,,,,,,,,,,,,,,,,,,,,,,,,,,,,,100,0,100,0,100,0,100,0,100,0,82,18,100,0,100,0,97,6805,18,18,,,,,100,0,100,0,200,0,,,,,,,,,,,,,,,,,,,,,,,,,,,100,30795,100,49597254336,100,164911664453,,,,,,,,,,
2019-07-24,Z3058K8S,ST4000DM000,4000787030016,0,117,151273616,,,94,0,100,6,100,0,87,581521216,,,65,30885,100,0,,,100,6,,,,,,,,,,,,,,,,,,,,,,,,,,,,,,,100,0,100,0,100,0,100,0,100,0,82,18,100,0,100,0,97,6805,18,18,,,,,100,0,100,0,200,0,,,,,,,,,,,,,,,,,,,,,,,,,,,100,30806,100,49608659296,100,164981353148,,,,,,,,,,
2019-07-25,Z3058K8S,ST4000DM000,4000787030016,0,115,86267856,,,94,0,100,6,100,0,87,583104576,,,65,30909,100,0,,,100,6,,,,,,,,,,,,,,,,,,,,,,,,,,,,,,,100,0,100,0,100,0,100,0,100,0,81,19,100,0,100,0,97,6805,19,19,,,,,100,0,100,0,200,0,,,,,,,,,,,,,,,,,,,,,,,,,,,100,30830,100,49627661200,100,165217123717,,,,,,,,,,
2019-07-26,Z3058K8S,ST4000DM000,4000787030016,0,118,195438144,,,94,0,100,6,100,0,87,586659474,,,65,30946,100,0,,,100,6,,,,,,,,,,,,,,,,,,,,,,,,,,,,,,,100,0,100,0,100,0,100,0,100,0,82,18,100,0,100,0,97,6805,18,18,,,,,100,0,100,0,200,0,,,,,,,,,,,,,,,,,,,,,,,,,,,100,30867,100,49666145456,100,165519574506,,,,,,,,,,
2019-07-27,Z3058K8S,ST4000DM000,4000787030016,0,117,123678040,,,94,0,100,6,100,0,87,589113027,,,65,30970,100,0,,,100,6,,,,,,,,,,,,,,,,,,,,,,,,,,,,,,,100,0,100,0,100,0,100,0,100,0,81,19,100,0,100,0,97,6805,19,19,,,,,100,0,100,0,200,0,,,,,,,,,,,,,,,,,,,,,,,,,,,100,30891,100,49684590296,100,165664070671,,,,,,,,,,
2019-07-28,Z3058K8S,ST4000DM000,4000787030016,0,117,134187000,,,94,0,100,6,100,0,87,590512735,,,65,30994,100,0,,,100,6,,,,,,,,,,,,,,,,,,,,,,,,,,,,,,,100,0,100,0,100,0,100,0,100,0,82,18,100,0,100,0,97,6805,18,18,,,,,100,0,100,0,200,0,,,,,,,,,,,,,,,,,,,,,,,,,,,100,30915,100,49706870552,100,165795345428,,,,,,,,,,
2019-07-29,Z3058K8S,ST4000DM000,4000787030016,0,117,140084048,,,94,0,100,6,100,0,87,592352496,,,65,31018,100,0,,,100,6,,,,,,,,,,,,,,,,,,,,,,,,,,,,,,,100,0,100,0,100,0,100,0,100,0,81,19,100,0,100,0,97,6805,19,19,,,,,100,0,100,0,200,0,,,,,,,,,,,,,,,,,,,,,,,,,,,100,30939,100,49732318216,100,165934782686,,,,,,,,,,
2019-07-30,Z3058K8S,ST4000DM000,4000787030016,0,117,166258712,,,94,0,100,6,100,0,87,594441601,,,65,31042,100,0,,,100,6,,,,,,,,,,,,,,,,,,,,,,,,,,,,,,,100,0,100,0,100,0,100,0,100,0,81,19,100,0,100,0,97,6805,19,19,,,,,100,0,100,0,200,0,,,,,,,,,,,,,,,,,,,,,,,,,,,100,30963,100,49757317120,100,166221405702,,,,,,,,,,
2019-07-31,Z3058K8S,ST4000DM000,4000787030016,0,119,205584648,,,94,0,100,6,100,0,87,595632235,,,65,31054,100,0,,,100,6,,,,,,,,,,,,,,,,,,,,,,,,,,,,,,,100,0,100,0,100,0,100,0,100,0,82,18,100,0,100,0,97,6805,18,18,,,,,100,0,100,0,200,0,,,,,,,,,,,,,,,,,,,,,,,,,,,100,30975,100,49766493344,100,166320361929,,,,,,,,,,
2019-08-01,Z3058K8S,ST4000DM000,4000787030016,0,114,59186744,,,94,0,100,6,100,0,87,597040405,,,65,31078,100,0,,,100,6,,,,,,,,,,,,,,,,,,,,,,,,,,,,,,,100,0,100,0,100,0,100,0,100,0,82,18,100,0,100,0,97,6805,18,18,,,,,100,0,100,0,200,0,,,,,,,,,,,,,,,,,,,,,,,,,,,100,30999,100,49793448288,100,166605482822,,,,,,,,,,
2019-08-02,Z3058K8S,ST4000DM000,4000787030016,0,119,227988056,,,94,0,100,6,100,0,87,599162810,,,65,31102,100,0,,,100,6,,,,,,,,,,,,,,,,,,,,,,,,,,,,,,,100,0,100,0,100,0,100,0,100,0,83,17,100,0,100,0,97,6805,17,17,,,,,100,0,100,0,200,0,,,,,,,,,,,,,,,,,,,,,,,,,,,100,31023,100,49811699960,100,166847980478,,,,,,,,,,
2019-08-03,Z3058K8S,ST4000DM000,4000787030016,0,117,155049480,,,94,0,100,6,100,0,87,600842684,,,65,31126,100,0,,,100,6,,,,,,,,,,,,,,,,,,,,,,,,,,,,,,,100,0,100,0,100,0,100,0,100,0,82,18,100,0,100,0,97,6805,18,18,,,,,100,0,100,0,200,0,,,,,,,,,,,,,,,,,,,,,,,,,,,100,31047,100,49830787768,100,167041091085,,,,,,,,,,
2019-08-04,Z3058K8S,ST4000DM000,4000787030016,0,119,234713864,,,94,0,100,6,100,0,87,602097506,,,65,31150,100,0,,,100,6,,,,,,,,,,,,,,,,,,,,,,,,,,,,,,,100,0,100,0,100,0,100,0,100,0,82,18,100,0,100,0,97,6805,18,18,,,,,100,0,100,0,200,0,,,,,,,,,,,,,,,,,,,,,,,,,,,100,31071,100,49852889832,100,167229820518,,,,,,,,,,
2019-08-05,Z3058K8S,ST4000DM000,4000787030016,0,113,53306960,,,94,0,100,6,100,0,87,604112960,,,65,31174,100,0,,,100,6,,,,,,,,,,,,,,,,,,,,,,,,,,,,,,,100,0,100,0,100,0,100,0,100,0,82,18,100,0,100,0,97,6805,18,18,,,,,100,0,100,0,200,0,,,,,,,,,,,,,,,,,,,,,,,,,,,100,31095,100,49873595720,100,167352797876,,,,,,,,,,
2019-08-06,Z3058K8S,ST4000DM000,4000787030016,0,117,145693712,,,94,0,100,6,100,0,87,605396922,,,65,31197,100,0,,,100,6,,,,,,,,,,,,,,,,,,,,,,,,,,,,,,,100,0,100,0,100,0,100,0,100,0,82,18,100,0,100,0,97,6805,18,18,,,,,100,0,100,0,200,0,,,,,,,,,,,,,,,,,,,,,,,,,,,100,31118,100,49907456576,100,167512608689,,,,,,,,,,
2019-08-07,Z3058K8S,ST4000DM000,4000787030016,0,114,78244064,,,94,0,100,6,100,0,87,607803493,,,65,31233,100,0,,,100,6,,,,,,,,,,,,,,,,,,,,,,,,,,,,,,,100,0,100,0,100,0,100,0,100,0,83,17,100,0,100,0,97,6805,17,17,,,,,100,0,100,0,200,0,,,,,,,,,,,,,,,,,,,,,,,,,,,100,31154,100,49941769800,100,167862722887,,,,,,,,,,
2019-08-08,Z3058K8S,ST4000DM000,4000787030016,0,105,7732920,,,94,0,100,6,100,0,87,609272767,,,65,31256,100,0,,,100,6,,,,,,,,,,,,,,,,,,,,,,,,,,,,,,,100,0,100,0,100,0,100,0,100,0,81,19,100,0,100,0,97,6805,19,19,,,,,100,0,100,0,200,0,,,,,,,,,,,,,,,,,,,,,,,,,,,100,31178,100,49957949360,100,168161505970,,,,,,,,,,
2019-08-09,Z3058K8S,ST4000DM000,4000787030016,0,119,207254424,,,94,0,100,6,100,0,87,611641433,,,65,31280,100,0,,,100,6,,,,,,,,,,,,,,,,,,,,,,,,,,,,,,,100,0,100,0,100,0,100,0,100,0,81,19,100,0,100,0,97,6805,19,19,,,,,100,0,100,0,200,0,,,,,,,,,,,,,,,,,,,,,,,,,,,100,31201,100,49982853424,100,168541987052,,,,,,,,,,
2019-08-10,Z3058K8S,ST4000DM000,4000787030016,0,114,69077872,,,94,0,100,6,100,0,87,612717290,,,65,31304,100,0,,,100,6,,,,,,,,,,,,,,,,,,,,,,,,,,,,,,,100,0,100,0,100,0,100,0,100,0,82,18,100,0,100,0,97,6805,18,18,,,,,100,0,100,0,200,0,,,,,,,,,,,,,,,,,,,,,,,,,,,100,31225,100,50001246992,100,168914016700,,,,,,,,,,
2019-08-11,Z3058K8S,ST4000DM000,4000787030016,0,117,167400936,,,94,0,100,6,100,0,87,614358387,,,65,31328,100,0,,,100,6,,,,,,,,,,,,,,,,,,,,,,,,,,,,,,,100,0,100,0,100,0,100,0,100,0,82,18,100,0,100,0,97,6805,18,18,,,,,100,0,100,0,200,0,,,,,,,,,,,,,,,,,,,,,,,,,,,100,31249,100,50025163912,100,169173319545,,,,,,,,,,
2019-08-12,Z3058K8S,ST4000DM000,4000787030016,0,117,133937696,,,94,0,100,6,100,0,87,616534154,,,65,31352,100,0,,,100,6,,,,,,,,,,,,,,,,,,,,,,,,,,,,,,,100,0,100,0,100,0,100,0,100,0,82,18,100,0,100,0,97,6805,18,18,,,,,100,0,100,0,200,0,,,,,,,,,,,,,,,,,,,,,,,,,,,100,31273,100,50056675568,100,169398457511,,,,,,,,,,
2019-08-13,Z3058K8S,ST4000DM000,4000787030016,0,117,123918000,,,94,0,100,6,100,0,87,618514179,,,65,31375,100,0,,,100,6,,,,,,,,,,,,,,,,,,,,,,,,,,,,,,,100,0,100,0,100,0,100,0,100,0,81,19,100,0,100,0,97,6805,19,19,,,,,100,0,100,0,200,0,,,,,,,,,,,,,,,,,,,,,,,,,,,100,31296,100,50075676016,100,169700022065,,,,,,,,,,
2019-08-14,Z3058K8S,ST4000DM000,4000787030016,0,117,125985616,,,94,0,100,6,100,0,87,621786145,,,65,31399,100,0,,,100,6,,,,,,,,,,,,,,,,,,,,,,,,,,,,,,,100,0,100,0,100,0,100,0,100,0,82,18,100,0,100,0,97,6805,18,18,,,,,100,0,100,0,200,0,,,,,,,,,,,,,,,,,,,,,,,,,,,100,31320,100,50109283784,100,169946159882,,,,,,,,,,
2019-08-15,Z3058K8S,ST4000DM000,4000787030016,0,114,60208160,,,94,0,100,6,100,0,87,623141733,,,65,31423,100,0,,,100,6,,,,,,,,,,,,,,,,,,,,,,,,,,,,,,,100,0,100,0,100,0,100,0,100,0,82,18,100,0,100,0,97,6805,18,18,,,,,100,0,100,0,200,0,,,,,,,,,,,,,,,,,,,,,,,,,,,100,31344,100,50125933712,100,170169220947,,,,,,,,,,
2019-08-16,Z3058K8S,ST4000DM000,4000787030016,0,116,111634432,,,94,0,100,6,100,0,87,625720311,,,65,31447,100,0,,,100,6,,,,,,,,,,,,,,,,,,,,,,,,,,,,,,,100,0,100,0,100,0,100,0,100,0,82,18,100,0,100,0,97,6805,18,18,,,,,100,0,100,0,200,0,,,,,,,,,,,,,,,,,,,,,,,,,,,100,31368,100,50150552416,100,170379068230,,,,,,,,,,
2019-08-17,Z3058K8S,ST4000DM000,4000787030016,0,118,185268424,,,94,0,100,6,100,0,87,627123241,,,65,31470,100,0,,,100,6,,,,,,,,,,,,,,,,,,,,,,,,,,,,,,,100,0,100,0,100,0,100,0,100,0,82,18,100,0,100,0,97,6805,18,18,,,,,100,0,100,0,200,0,,,,,,,,,,,,,,,,,,,,,,,,,,,100,31392,100,50165668488,100,170575780918,,,,,,,,,,
2019-08-18,Z3058K8S,ST4000DM000,4000787030016,0,111,30068200,,,94,0,100,6,100,0,87,628969023,,,65,31494,100,0,,,100,6,,,,,,,,,,,,,,,,,,,,,,,,,,,,,,,100,0,100,0,100,0,100,0,100,0,82,18,100,0,100,0,97,6805,18,18,,,,,100,0,100,0,200,0,,,,,,,,,,,,,,,,,,,,,,,,,,,100,31415,100,50182187344,100,170791994809,,,,,,,,,,
2019-08-19,Z3058K8S,ST4000DM000,4000787030016,0,119,226948136,,,94,0,100,6,100,0,87,631306985,,,65,31518,100,0,,,100,6,,,,,,,,,,,,,,,,,,,,,,,,,,,,,,,100,0,100,0,100,0,100,0,100,0,81,19,100,0,100,0,97,6805,19,19,,,,,100,0,100,0,200,0,,,,,,,,,,,,,,,,,,,,,,,,,,,100,31439,100,50209300328,100,171024628758,,,,,,,,,,
2019-08-20,Z3058K8S,ST4000DM000,4000787030016,0,118,187445480,,,94,0,100,6,100,0,87,633180224,,,64,31542,100,0,,,100,6,,,,,,,,,,,,,,,,,,,,,,,,,,,,,,,100,0,100,0,100,0,100,0,100,0,82,18,100,0,100,0,97,6805,18,18,,,,,100,0,100,0,200,0,,,,,,,,,,,,,,,,,,,,,,,,,,,100,31463,100,50238923968,100,171254052817,,,,,,,,,,
2019-08-21,Z3058K8S,ST4000DM000,4000787030016,0,112,42169784,,,94,0,100,6,100,0,87,634679864,,,64,31565,100,0,,,100,6,,,,,,,,,,,,,,,,,,,,,,,,,,,,,,,100,0,100,0,100,0,100,0,100,0,82,18,100,0,100,0,97,6805,18,18,,,,,100,0,100,0,200,0,,,,,,,,,,,,,,,,,,,,,,,,,,,100,31486,100,50256069488,100,171459284079,,,,,,,,,,
2019-08-22,Z3058K8S,ST4000DM000,4000787030016,0,114,64954072,,,94,0,100,6,100,0,87,636381285,,,64,31589,100,0,,,100,6,,,,,,,,,,,,,,,,,,,,,,,,,,,,,,,100,0,100,0,100,0,100,0,100,0,82,18,100,0,100,0,97,6805,18,18,,,,,100,0,100,0,200,0,,,,,,,,,,,,,,,,,,,,,,,,,,,100,31511,100,50275762376,100,171679849037,,,,,,,,,,
2019-08-23,Z3058K8S,ST4000DM000,4000787030016,0,118,190736808,,,94,0,100,6,100,0,87,639317952,,,64,31613,100,0,,,100,6,,,,,,,,,,,,,,,,,,,,,,,,,,,,,,,100,0,100,0,100,0,100,0,100,0,82,18,100,0,100,0,97,6805,18,18,,,,,100,0,100,0,200,0,,,,,,,,,,,,,,,,,,,,,,,,,,,100,31535,100,50302056216,100,171912543962,,,,,,,,,,
2019-08-24,Z3058K8S,ST4000DM000,4000787030016,0,117,164678328,,,94,0,100,6,100,0,87,640898023,,,64,31638,100,0,,,100,6,,,,,,,,,,,,,,,,,,,,,,,,,,,,,,,100,0,100,0,100,0,100,0,100,0,82,18,100,0,100,0,97,6805,18,18,,,,,100,0,100,0,200,0,,,,,,,,,,,,,,,,,,,,,,,,,,,100,31559,100,50330113016,100,172091417448,,,,,,,,,,
2019-08-25,Z3058K8S,ST4000DM000,4000787030016,0,117,127719552,,,94,0,100,6,100,0,87,641985687,,,64,31662,100,0,,,100,6,,,,,,,,,,,,,,,,,,,,,,,,,,,,,,,100,0,100,0,100,0,100,0,100,0,82,18,100,0,100,0,97,6805,18,18,,,,,100,0,100,0,200,0,,,,,,,,,,,,,,,,,,,,,,,,,,,100,31583,100,50352992864,100,172185532873,,,,,,,,,,
2019-08-26,Z3058K8S,ST4000DM000,4000787030016,0,115,88858912,,,94,0,100,6,100,0,87,644735347,,,64,31710,100,0,,,100,6,,,,,,,,,,,,,,,,,,,,,,,,,,,,,,,100,0,100,0,100,0,100,0,100,0,82,18,100,0,100,0,97,6805,18,18,,,,,100,0,100,0,200,0,,,,,,,,,,,,,,,,,,,,,,,,,,,100,31631,100,50399976856,100,172396285440,,,,,,,,,,
2019-08-27,Z3058K8S,ST4000DM000,4000787030016,0,115,88858912,,,94,0,100,6,100,0,87,644735347,,,64,31710,100,0,,,100,6,,,,,,,,,,,,,,,,,,,,,,,,,,,,,,,100,0,100,0,100,0,100,0,100,0,82,18,100,0,100,0,97,6805,18,18,,,,,100,0,100,0,200,0,,,,,,,,,,,,,,,,,,,,,,,,,,,100,31631,100,50399976856,100,172396285440,,,,,,,,,,
2019-08-28,Z3058K8S,ST4000DM000,4000787030016,0,114,60469936,,,94,0,100,6,100,0,87,646950756,,,64,31734,100,0,,,100,6,,,,,,,,,,,,,,,,,,,,,,,,,,,,,,,100,0,100,0,100,0,100,0,100,0,82,18,100,0,100,0,97,6805,18,18,,,,,100,0,100,0,200,0,,,,,,,,,,,,,,,,,,,,,,,,,,,100,31655,100,50420517416,100,172601347786,,,,,,,,,,
2019-08-29,Z3058K8S,ST4000DM000,4000787030016,0,117,152482256,,,94,0,100,6,100,0,87,648335379,,,64,31758,100,0,,,100,6,,,,,,,,,,,,,,,,,,,,,,,,,,,,,,,100,0,100,0,100,0,100,0,100,0,81,19,100,0,100,0,97,6805,19,19,,,,,100,0,100,0,200,0,,,,,,,,,,,,,,,,,,,,,,,,,,,100,31679,100,50437932712,100,172824565528,,,,,,,,,,
2019-08-30,Z3058K8S,ST4000DM000,4000787030016,0,114,83376576,,,94,0,100,6,100,0,87,651019541,,,64,31782,100,0,,,100,6,,,,,,,,,,,,,,,,,,,,,,,,,,,,,,,100,0,100,0,100,0,100,0,100,0,81,19,100,0,100,0,97,6805,19,19,,,,,100,0,100,0,200,0,,,,,,,,,,,,,,,,,,,,,,,,,,,100,31703,100,50474600400,100,173072292596,,,,,,,,,,
2019-08-31,Z3058K8S,ST4000DM000,4000787030016,0,118,189896536,,,94,0,100,6,100,0,87,652299559,,,64,31806,100,0,,,100,6,,,,,,,,,,,,,,,,,,,,,,,,,,,,,,,100,0,100,0,100,0,100,0,100,0,81,19,100,0,100,0,97,6805,19,19,,,,,100,0,100,0,200,0,,,,,,,,,,,,,,,,,,,,,,,,,,,100,31727,100,50505237056,100,173238575872,,,,,,,,,,
2019-09-01,Z3058K8S,ST4000DM000,4000787030016,0,108,16226232,,,94,0,100,6,100,0,87,653774693,,,64,31829,100,0,,,100,6,,,,,,,,,,,,,,,,,,,,,,,,,,,,,,,100,0,100,0,100,0,100,0,100,0,82,18,100,0,100,0,97,6805,18,18,,,,,100,0,100,0,200,0,,,,,,,,,,,,,,,,,,,,,,,,,,,100,31751,100,50529148672,100,173415620393,,,,,,,,,,
2019-09-02,Z3058K8S,ST4000DM000,4000787030016,0,117,139035064,,,94,0,100,6,100,0,87,655490684,,,64,31853,100,0,,,100,6,,,,,,,,,,,,,,,,,,,,,,,,,,,,,,,100,0,100,0,100,0,100,0,100,0,81,19,100,0,100,0,97,6805,19,19,,,,,100,0,100,0,200,0,,,,,,,,,,,,,,,,,,,,,,,,,,,100,31775,100,50552227880,100,173511965952,,,,,,,,,,
2019-09-03,Z3058K8S,ST4000DM000,4000787030016,0,115,98857920,,,94,0,100,6,100,0,87,656877145,,,64,31878,100,0,,,100,6,,,,,,,,,,,,,,,,,,,,,,,,,,,,,,,100,0,100,0,100,0,100,0,100,0,81,19,100,0,100,0,97,6805,19,19,,,,,100,0,100,0,200,0,,,,,,,,,,,,,,,,,,,,,,,,,,,100,31799,100,50569138584,100,173707683264,,,,,,,,,,
2019-09-04,Z3058K8S,ST4000DM000,4000787030016,0,119,203307464,,,94,0,100,6,100,0,87,658315082,,,64,31902,100,0,,,100,6,,,,,,,,,,,,,,,,,,,,,,,,,,,,,,,100,0,100,0,100,0,100,0,100,0,81,19,100,0,100,0,97,6805,19,19,,,,,100,0,100,0,200,0,,,,,,,,,,,,,,,,,,,,,,,,,,,100,31823,100,50587612472,100,173900902272,,,,,,,,,,
2019-09-05,Z3058K8S,ST4000DM000,4000787030016,0,114,58726464,,,94,0,100,6,100,0,87,659972347,,,64,31926,100,0,,,100,6,,,,,,,,,,,,,,,,,,,,,,,,,,,,,,,100,0,100,0,100,0,100,0,100,0,81,19,100,0,100,0,97,6805,19,19,,,,,100,0,100,0,200,0,,,,,,,,,,,,,,,,,,,,,,,,,,,100,31847,100,50616188464,100,174211554460,,,,,,,,,,
2019-09-06,Z3058K8S,ST4000DM000,4000787030016,0,117,122414064,,,94,0,100,6,100,0,87,663068215,,,64,31950,100,0,,,100,6,,,,,,,,,,,,,,,,,,,,,,,,,,,,,,,100,0,100,0,100,0,100,0,100,0,82,18,100,0,100,0,97,6805,18,18,,,,,100,0,100,0,200,0,,,,,,,,,,,,,,,,,,,,,,,,,,,100,31871,100,50641938040,100,174523976849,,,,,,,,,,
2019-09-07,Z3058K8S,ST4000DM000,4000787030016,0,119,208203584,,,94,0,100,6,100,0,87,664156844,,,64,31974,100,0,,,100,6,,,,,,,,,,,,,,,,,,,,,,,,,,,,,,,100,0,100,0,100,0,100,0,100,0,82,18,100,0,100,0,97,6805,18,18,,,,,100,0,100,0,200,0,,,,,,,,,,,,,,,,,,,,,,,,,,,100,31895,100,50665476184,100,174878384878,,,,,,,,,,
2019-09-08,Z3058K8S,ST4000DM000,4000787030016,0,117,137496264,,,94,0,100,6,100,0,87,665462657,,,64,31998,100,0,,,100,6,,,,,,,,,,,,,,,,,,,,,,,,,,,,,,,100,0,100,0,100,0,100,0,100,0,81,19,100,0,100,0,97,6805,19,19,,,,,100,0,100,0,200,0,,,,,,,,,,,,,,,,,,,,,,,,,,,100,31919,100,50686770112,100,175201525967,,,,,,,,,,
2019-09-09,Z3058K8S,ST4000DM000,4000787030016,0,117,126491352,,,94,0,100,6,100,0,87,667353019,,,64,32022,100,0,,,100,6,,,,,,,,,,,,,,,,,,,,,,,,,,,,,,,100,0,100,0,100,0,100,0,100,0,81,19,100,0,100,0,97,6805,19,19,,,,,100,0,100,0,200,0,,,,,,,,,,,,,,,,,,,,,,,,,,,100,31943,100,50712330712,100,175424265266,,,,,,,,,,
2019-09-10,Z3058K8S,ST4000DM000,4000787030016,0,116,116801200,,,94,0,100,6,100,0,88,671206966,,,64,32045,100,0,,,100,6,,,,,,,,,,,,,,,,,,,,,,,,,,,,,,,100,0,100,0,100,0,100,0,100,0,81,19,100,0,100,0,97,6805,19,19,,,,,100,0,100,0,200,0,,,,,,,,,,,,,,,,,,,,,,,,,,,100,31967,100,50753934264,100,175728725941,,,,,,,,,,
2019-09-11,Z3058K8S,ST4000DM000,4000787030016,0,120,510448,,,94,0,100,6,100,0,88,672974380,,,64,32069,100,0,,,100,6,,,,,,,,,,,,,,,,,,,,,,,,,,,,,,,100,0,100,0,100,0,100,0,100,0,81,19,100,0,100,0,97,6805,19,19,,,,,100,0,100,0,200,0,,,,,,,,,,,,,,,,,,,,,,,,,,,100,31990,100,50775182904,100,176001381912,,,,,,,,,,
2019-09-12,Z3058K8S,ST4000DM000,4000787030016,0,113,54183504,,,94,0,100,6,100,0,88,674457622,,,64,32093,100,0,,,100,6,,,,,,,,,,,,,,,,,,,,,,,,,,,,,,,100,0,100,0,100,0,100,0,100,0,81,19,100,0,100,0,97,6805,19,19,,,,,100,0,100,0,200,0,,,,,,,,,,,,,,,,,,,,,,,,,,,100,32014,100,50794122264,100,176249372177,,,,,,,,,,
2019-09-13,Z3058K8S,ST4000DM000,4000787030016,0,114,70918704,,,94,0,100,6,100,0,88,677022477,,,64,32117,100,0,,,100,6,,,,,,,,,,,,,,,,,,,,,,,,,,,,,,,100,0,100,0,100,0,100,0,100,0,81,19,100,0,100,0,97,6805,19,19,,,,,100,0,100,0,200,0,,,,,,,,,,,,,,,,,,,,,,,,,,,100,32038,100,50822953920,100,176442774184,,,,,,,,,,
2019-09-14,Z3058K8S,ST4000DM000,4000787030016,0,109,24197200,,,94,0,100,6,100,0,88,678571573,,,64,32141,100,0,,,100,6,,,,,,,,,,,,,,,,,,,,,,,,,,,,,,,100,0,100,0,100,0,100,0,100,0,81,19,100,0,100,0,97,6805,19,19,,,,,100,0,100,0,200,0,,,,,,,,,,,,,,,,,,,,,,,,,,,100,32062,100,50853225912,100,176657551283,,,,,,,,,,
2019-09-15,Z3058K8S,ST4000DM000,4000787030016,0,114,73326448,,,94,0,100,6,100,0,88,680124332,,,64,32165,100,0,,,100,6,,,,,,,,,,,,,,,,,,,,,,,,,,,,,,,100,0,100,0,100,0,100,0,100,0,82,18,100,0,100,0,97,6805,18,18,,,,,100,0,100,0,200,0,,,,,,,,,,,,,,,,,,,,,,,,,,,100,32086,100,50878366360,100,176822643405,,,,,,,,,,
2019-09-16,Z3058K8S,ST4000DM000,4000787030016,0,117,167575856,,,94,0,100,6,100,0,88,681963068,,,64,32189,100,0,,,100,6,,,,,,,,,,,,,,,,,,,,,,,,,,,,,,,100,0,100,0,100,0,100,0,100,0,81,19,100,0,100,0,97,6805,19,19,,,,,100,0,100,0,200,0,,,,,,,,,,,,,,,,,,,,,,,,,,,100,32110,100,50904910008,100,176934557451,,,,,,,,,,
2019-09-17,Z3058K8S,ST4000DM000,4000787030016,0,120,237157424,,,94,0,100,6,100,0,88,683937847,,,64,32213,100,0,,,100,6,,,,,,,,,,,,,,,,,,,,,,,,,,,,,,,100,0,100,0,100,0,100,0,100,0,81,19,100,0,100,0,97,6805,19,19,,,,,100,0,100,0,200,0,,,,,,,,,,,,,,,,,,,,,,,,,,,100,32134,100,50931286840,100,177217173525,,,,,,,,,,
2019-09-18,Z3058K8S,ST4000DM000,4000787030016,0,110,26046664,,,94,0,100,6,100,0,88,685915592,,,64,32237,100,0,,,100,6,,,,,,,,,,,,,,,,,,,,,,,,,,,,,,,100,0,100,0,100,0,100,0,100,0,82,18,100,0,100,0,97,6805,18,18,,,,,100,0,100,0,200,0,,,,,,,,,,,,,,,,,,,,,,,,,,,100,32158,100,50958575432,100,177471488174,,,,,,,,,,
2019-09-19,Z3058K8S,ST4000DM000,4000787030016,0,118,177519264,,,94,0,100,6,100,0,88,687609922,,,64,32260,100,0,,,100,6,,,,,,,,,,,,,,,,,,,,,,,,,,,,,,,100,0,100,0,100,0,100,0,100,0,82,18,100,0,100,0,97,6805,18,18,,,,,100,0,100,0,200,0,,,,,,,,,,,,,,,,,,,,,,,,,,,100,32181,100,50985043032,100,177727618207,,,,,,,,,,
2019-09-20,Z3058K8S,ST4000DM000,4000787030016,0,119,216134048,,,94,0,100,6,100,0,88,690352821,,,64,32284,100,0,,,100,6,,,,,,,,,,,,,,,,,,,,,,,,,,,,,,,100,0,100,0,100,0,100,0,100,0,81,19,100,0,100,0,97,6805,19,19,,,,,100,0,100,0,200,0,,,,,,,,,,,,,,,,,,,,,,,,,,,100,32205,100,51009223040,100,177931784939,,,,,,,,,,
2019-09-21,Z3058K8S,ST4000DM000,4000787030016,0,117,129048288,,,94,0,100,6,100,0,88,692246935,,,64,32308,100,0,,,100,6,,,,,,,,,,,,,,,,,,,,,,,,,,,,,,,100,0,100,0,100,0,100,0,100,0,82,18,100,0,100,0,97,6805,18,18,,,,,100,0,100,0,200,0,,,,,,,,,,,,,,,,,,,,,,,,,,,100,32229,100,51041217624,100,178148308541,,,,,,,,,,
2019-09-22,Z3058K8S,ST4000DM000,4000787030016,0,107,13844624,,,94,0,100,6,100,0,88,693919899,,,64,32332,100,0,,,100,6,,,,,,,,,,,,,,,,,,,,,,,,,,,,,,,100,0,100,0,100,0,100,0,100,0,82,18,100,0,100,0,97,6805,18,18,,,,,100,0,100,0,200,0,,,,,,,,,,,,,,,,,,,,,,,,,,,100,32253,100,51063518608,100,178325655859,,,,,,,,,,
2019-09-23,Z3058K8S,ST4000DM000,4000787030016,0,116,104949560,,,94,0,100,6,100,0,88,695891987,,,64,32356,100,0,,,100,6,,,,,,,,,,,,,,,,,,,,,,,,,,,,,,,100,0,100,0,100,0,100,0,100,0,82,18,100,0,100,0,97,6805,18,18,,,,,100,0,100,0,200,0,,,,,,,,,,,,,,,,,,,,,,,,,,,100,32277,100,51102708768,100,178415131043,,,,,,,,,,
2019-09-24,Z3058K8S,ST4000DM000,4000787030016,0,114,74774736,,,94,0,100,6,100,0,88,696897950,,,64,32380,100,0,,,100,6,,,,,,,,,,,,,,,,,,,,,,,,,,,,,,,100,0,100,0,100,0,100,0,100,0,81,19,100,0,100,0,97,6805,19,19,,,,,100,0,100,0,200,0,,,,,,,,,,,,,,,,,,,,,,,,,,,100,32301,100,51134777576,100,178510107758,,,,,,,,,,
2019-09-25,Z3058K8S,ST4000DM000,4000787030016,0,110,26049856,,,94,0,100,6,100,0,88,698044855,,,64,32404,100,0,,,100,6,,,,,,,,,,,,,,,,,,,,,,,,,,,,,,,100,0,100,0,100,0,100,0,100,0,81,19,100,0,100,0,97,6805,19,19,,,,,100,0,100,0,200,0,,,,,,,,,,,,,,,,,,,,,,,,,,,100,32325,100,51157729448,100,178620923014,,,,,,,,,,
2019-09-26,Z3058K8S,ST4000DM000,4000787030016,0,111,40939272,,,94,0,100,6,100,0,88,699553206,,,63,32428,100,0,,,100,6,,,,,,,,,,,,,,,,,,,,,,,,,,,,,,,100,0,100,0,100,0,100,0,100,0,81,19,100,0,100,0,97,6805,19,19,,,,,100,0,100,0,200,0,,,,,,,,,,,,,,,,,,,,,,,,,,,100,32349,100,51176601176,100,178846310579,,,,,,,,,,
2019-09-27,Z3058K8S,ST4000DM000,4000787030016,0,119,202791672,,,94,0,100,6,100,0,88,703005963,,,63,32451,100,0,,,100,6,,,,,,,,,,,,,,,,,,,,,,,,,,,,,,,100,0,100,0,100,0,100,0,100,0,82,18,100,0,100,0,97,6805,18,18,,,,,100,0,100,0,200,0,,,,,,,,,,,,,,,,,,,,,,,,,,,100,32372,100,51203463656,100,179048311901,,,,,,,,,,
2019-09-28,Z3058K8S,ST4000DM000,4000787030016,0,117,163026424,,,94,0,100,6,100,0,88,704435414,,,63,32475,100,0,,,100,6,,,,,,,,,,,,,,,,,,,,,,,,,,,,,,,100,0,100,0,100,0,100,0,100,0,81,19,100,0,100,0,97,6805,19,19,,,,,100,0,100,0,200,0,,,,,,,,,,,,,,,,,,,,,,,,,,,100,32396,100,51230679464,100,179280054193,,,,,,,,,,
2019-09-29,Z3058K8S,ST4000DM000,4000787030016,0,117,130737688,,,94,0,100,6,100,0,88,705832753,,,63,32499,100,0,,,100,6,,,,,,,,,,,,,,,,,,,,,,,,,,,,,,,100,0,100,0,100,0,100,0,100,0,81,19,100,0,100,0,97,6805,19,19,,,,,100,0,100,0,200,0,,,,,,,,,,,,,,,,,,,,,,,,,,,100,32420,100,51246330184,100,179497689838,,,,,,,,,,
2019-09-30,Z3058K8S,ST4000DM000,4000787030016,0,110,25810528,,,94,0,100,6,100,0,88,707786835,,,63,32523,100,0,,,100,6,,,,,,,,,,,,,,,,,,,,,,,,,,,,,,,100,0,100,0,100,0,100,0,100,0,82,18,100,0,100,0,97,6805,18,18,,,,,100,0,100,0,200,0,,,,,,,,,,,,,,,,,,,,,,,,,,,100,32444,100,51275720816,100,179606214577,,,,,,,,,,
2019-10-01,Z3058K8S,ST4000DM000,4000787030016,0,119,210398712,,,94,0,100,6,100,0,88,708877188,,,63,32547,100,0,,,100,6,,,,,,,,,,,,,,,,,,,,,,,,,,,,,,,,,100,0,100,0,100,0,100,0,100,0,81,19,100,0,100,0,97,6805,19,19,,,,,100,0,100,0,200,0,,,,,,,,,,,,,,,,,,,,,,,,,,,100,32468,100,51304999840,100,179744015594,,,,,,,,,,
2019-10-02,Z3058K8S,ST4000DM000,4000787030016,0,118,188717024,,,94,0,100,6,100,0,88,710345634,,,63,32571,100,0,,,100,6,,,,,,,,,,,,,,,,,,,,,,,,,,,,,,,,,100,0,100,0,100,0,100,0,100,0,81,19,100,0,100,0,97,6805,19,19,,,,,100,0,100,0,200,0,,,,,,,,,,,,,,,,,,,,,,,,,,,100,32492,100,51339476688,100,179937318899,,,,,,,,,,
2019-10-03,Z3058K8S,ST4000DM000,4000787030016,0,119,206786064,,,94,0,100,6,100,0,88,712450224,,,63,32595,100,0,,,100,6,,,,,,,,,,,,,,,,,,,,,,,,,,,,,,,,,100,0,100,0,100,0,100,0,100,0,81,19,100,0,100,0,97,6805,19,19,,,,,100,0,100,0,200,0,,,,,,,,,,,,,,,,,,,,,,,,,,,100,32516,100,51375409976,100,180186059738,,,,,,,,,,
2019-10-04,Z3058K8S,ST4000DM000,4000787030016,0,117,152718712,,,94,0,100,6,100,0,88,716125155,,,63,32619,100,0,,,100,6,,,,,,,,,,,,,,,,,,,,,,,,,,,,,,,,,100,0,100,0,100,0,100,0,100,0,81,19,100,0,100,0,97,6805,19,19,,,,,100,0,100,0,200,0,,,,,,,,,,,,,,,,,,,,,,,,,,,100,32540,100,51417443952,100,180404098298,,,,,,,,,,
2019-10-05,Z3058K8S,ST4000DM000,4000787030016,0,117,145271240,,,94,0,100,6,100,0,88,718326095,,,63,32643,100,0,,,100,6,,,,,,,,,,,,,,,,,,,,,,,,,,,,,,,,,100,0,100,0,100,0,100,0,100,0,82,18,100,0,100,0,97,6805,18,18,,,,,100,0,100,0,200,0,,,,,,,,,,,,,,,,,,,,,,,,,,,100,32564,100,51450110096,100,180681021382,,,,,,,,,,
2019-10-06,Z3058K8S,ST4000DM000,4000787030016,0,117,118789432,,,94,0,100,6,100,0,88,719863138,,,63,32667,100,0,,,100,6,,,,,,,,,,,,,,,,,,,,,,,,,,,,,,,,,100,0,100,0,100,0,100,0,100,0,82,18,100,0,100,0,97,6805,18,18,,,,,100,0,100,0,200,0,,,,,,,,,,,,,,,,,,,,,,,,,,,100,32588,100,51500791776,100,180953309119,,,,,,,,,,
2019-10-07,Z3058K8S,ST4000DM000,4000787030016,0,119,220793504,,,94,0,100,6,100,0,88,721925758,,,63,32691,100,0,,,100,6,,,,,,,,,,,,,,,,,,,,,,,,,,,,,,,,,100,0,100,0,100,0,100,0,100,0,81,19,100,0,100,0,97,6805,19,19,,,,,100,0,100,0,200,0,,,,,,,,,,,,,,,,,,,,,,,,,,,100,32612,100,51541269416,100,181154687647,,,,,,,,,,
2019-10-08,Z3058K8S,ST4000DM000,4000787030016,0,117,138755168,,,94,0,100,6,100,0,88,723060462,,,63,32715,100,0,,,100,6,,,,,,,,,,,,,,,,,,,,,,,,,,,,,,,,,100,0,100,0,100,0,100,0,100,0,81,19,100,0,100,0,97,6805,19,19,,,,,100,0,100,0,200,0,,,,,,,,,,,,,,,,,,,,,,,,,,,100,32636,100,51574042048,100,181521707367,,,,,,,,,,
2019-10-09,Z3058K8S,ST4000DM000,4000787030016,0,111,32508424,,,94,0,100,6,100,0,88,724549515,,,63,32739,100,0,,,100,6,,,,,,,,,,,,,,,,,,,,,,,,,,,,,,,,,100,0,100,0,100,0,100,0,100,0,81,19,100,0,100,0,97,6805,19,19,,,,,100,0,100,0,200,0,,,,,,,,,,,,,,,,,,,,,,,,,,,100,32660,100,51606220952,100,181840261349,,,,,,,,,,
2019-10-10,Z3058K8S,ST4000DM000,4000787030016,0,114,80083976,,,94,0,100,6,100,0,88,726654571,,,63,32763,100,0,,,100,6,,,,,,,,,,,,,,,,,,,,,,,,,,,,,,,,,100,0,100,0,100,0,100,0,100,0,81,19,100,0,100,0,97,6805,19,19,,,,,100,0,100,0,200,0,,,,,,,,,,,,,,,,,,,,,,,,,,,100,32684,100,51634323104,100,182111802882,,,,,,,,,,
2019-10-11,Z3058K8S,ST4000DM000,4000787030016,0,117,152257584,,,94,0,100,6,100,0,88,729767439,,,63,32787,100,0,,,100,6,,,,,,,,,,,,,,,,,,,,,,,,,,,,,,,,,100,0,100,0,100,0,100,0,100,0,81,19,100,0,100,0,97,6805,19,19,,,,,100,0,100,0,200,0,,,,,,,,,,,,,,,,,,,,,,,,,,,100,32708,100,51671292128,100,182446360646,,,,,,,,,,
2019-10-12,Z3058K8S,ST4000DM000,4000787030016,0,108,16402416,,,94,0,100,6,100,0,88,731623819,,,63,32811,100,0,,,100,6,,,,,,,,,,,,,,,,,,,,,,,,,,,,,,,,,100,0,100,0,100,0,100,0,100,0,81,19,100,0,100,0,97,6805,19,19,,,,,100,0,100,0,200,0,,,,,,,,,,,,,,,,,,,,,,,,,,,100,32732,100,51699351584,100,182696580555,,,,,,,,,,
2019-10-13,Z3058K8S,ST4000DM000,4000787030016,0,111,36663096,,,94,0,100,6,100,0,88,733014206,,,63,32835,100,0,,,100,6,,,,,,,,,,,,,,,,,,,,,,,,,,,,,,,,,100,0,100,0,100,0,100,0,100,0,82,18,100,0,100,0,97,6805,18,18,,,,,100,0,100,0,200,0,,,,,,,,,,,,,,,,,,,,,,,,,,,100,32756,100,51719494576,100,182872396376,,,,,,,,,,
2019-10-14,Z3058K8S,ST4000DM000,4000787030016,0,115,99095856,,,94,0,100,6,100,0,88,735055549,,,63,32859,100,0,,,100,6,,,,,,,,,,,,,,,,,,,,,,,,,,,,,,,,,100,0,100,0,100,0,100,0,100,0,81,19,100,0,100,0,97,6805,19,19,,,,,100,0,100,0,200,0,,,,,,,,,,,,,,,,,,,,,,,,,,,100,32780,100,51743842800,100,182991604026,,,,,,,,,,
2019-10-15,Z3058K8S,ST4000DM000,4000787030016,0,119,234012616,,,94,0,100,6,100,0,88,738142250,,,63,32907,100,0,,,100,6,,,,,,,,,,,,,,,,,,,,,,,,,,,,,,,,,100,0,100,0,100,0,100,0,100,0,81,19,100,0,100,0,97,6805,19,19,,,,,100,0,100,0,200,0,,,,,,,,,,,,,,,,,,,,,,,,,,,100,32828,100,51787898376,100,183415139251,,,,,,,,,,
2019-10-16,Z3058K8S,ST4000DM000,4000787030016,0,119,234012616,,,94,0,100,6,100,0,88,738142250,,,63,32907,100,0,,,100,6,,,,,,,,,,,,,,,,,,,,,,,,,,,,,,,,,100,0,100,0,100,0,100,0,100,0,81,19,100,0,100,0,97,6805,19,19,,,,,100,0,100,0,200,0,,,,,,,,,,,,,,,,,,,,,,,,,,,100,32828,100,51787898376,100,183415139251,,,,,,,,,,
2019-10-17,Z3058K8S,ST4000DM000,4000787030016,0,119,225487664,,,94,0,100,6,100,0,88,740083405,,,63,32930,100,0,,,100,6,,,,,,,,,,,,,,,,,,,,,,,,,,,,,,,,,100,0,100,0,100,0,100,0,100,0,81,19,100,0,100,0,97,6805,19,19,,,,,100,0,100,0,200,0,,,,,,,,,,,,,,,,,,,,,,,,,,,100,32852,100,51809860376,100,183702215576,,,,,,,,,,
2019-10-18,Z3058K8S,ST4000DM000,4000787030016,0,118,173558040,,,94,0,100,6,100,0,88,743156885,,,63,32954,100,0,,,100,6,,,,,,,,,,,,,,,,,,,,,,,,,,,,,,,,,100,0,100,0,100,0,100,0,100,0,81,19,100,0,100,0,97,6805,19,19,,,,,100,0,100,0,200,0,,,,,,,,,,,,,,,,,,,,,,,,,,,100,32876,100,51837572432,100,183961539178,,,,,,,,,,
2019-10-19,Z3058K8S,ST4000DM000,4000787030016,0,118,196542424,,,94,0,100,6,100,0,88,745180841,,,63,32978,100,0,,,100,6,,,,,,,,,,,,,,,,,,,,,,,,,,,,,,,,,100,0,100,0,100,0,100,0,100,0,81,19,100,0,100,0,97,6805,19,19,,,,,100,0,100,0,200,0,,,,,,,,,,,,,,,,,,,,,,,,,,,100,32899,100,51877525016,100,184165228976,,,,,,,,,,
2019-10-20,Z3058K8S,ST4000DM000,4000787030016,0,120,236992504,,,94,0,100,6,100,0,88,746899082,,,63,33002,100,0,,,100,6,,,,,,,,,,,,,,,,,,,,,,,,,,,,,,,,,100,0,100,0,100,0,100,0,100,0,81,19,100,0,100,0,97,6805,19,19,,,,,100,0,100,0,200,0,,,,,,,,,,,,,,,,,,,,,,,,,,,100,32923,100,51906337352,100,184364197573,,,,,,,,,,
2019-10-21,Z3058K8S,ST4000DM000,4000787030016,0,118,183956248,,,94,0,100,6,100,0,88,749039712,,,63,33026,100,0,,,100,6,,,,,,,,,,,,,,,,,,,,,,,,,,,,,,,,,100,0,100,0,100,0,100,0,100,0,81,19,100,0,100,0,97,6805,19,19,,,,,100,0,100,0,200,0,,,,,,,,,,,,,,,,,,,,,,,,,,,100,32947,100,51932502216,100,184475881964,,,,,,,,,,
2019-10-22,Z3058K8S,ST4000DM000,4000787030016,0,112,47083008,,,94,0,100,6,100,0,88,750000404,,,63,33038,100,0,,,100,6,,,,,,,,,,,,,,,,,,,,,,,,,,,,,,,,,100,0,100,0,100,0,100,0,100,0,80,20,100,0,100,0,97,6805,20,20,,,,,100,0,100,0,200,0,,,,,,,,,,,,,,,,,,,,,,,,,,,100,32959,100,51941520984,100,184593231198,,,,,,,,,,
2019-10-23,Z3058K8S,ST4000DM000,4000787030016,0,118,176094128,,,94,0,100,6,100,0,88,751974825,,,63,33074,100,0,,,100,6,,,,,,,,,,,,,,,,,,,,,,,,,,,,,,,,,100,0,100,0,100,0,100,0,100,0,81,19,100,0,100,0,97,6805,19,19,,,,,100,0,100,0,200,0,,,,,,,,,,,,,,,,,,,,,,,,,,,100,32995,100,51972284384,100,184832119576,,,,,,,,,,
2019-10-24,Z3058K8S,ST4000DM000,4000787030016,0,118,180870872,,,94,0,100,6,100,0,88,752857240,,,63,33097,100,0,,,100,6,,,,,,,,,,,,,,,,,,,,,,,,,,,,,,,,,100,0,100,0,100,0,100,0,100,0,81,19,100,0,100,0,97,6805,19,19,,,,,100,0,100,0,200,0,,,,,,,,,,,,,,,,,,,,,,,,,,,100,33019,100,51985899968,100,184914529297,,,,,,,,,,
2019-10-25,Z3058K8S,ST4000DM000,4000787030016,0,108,14794952,,,94,0,100,6,100,0,88,754944236,,,63,33121,100,0,,,100,6,,,,,,,,,,,,,,,,,,,,,,,,,,,,,,,,,100,0,100,0,100,0,100,0,100,0,81,19,100,0,100,0,97,6805,19,19,,,,,100,0,100,0,200,0,,,,,,,,,,,,,,,,,,,,,,,,,,,100,33042,100,51998142536,100,185068417228,,,,,,,,,,
2019-10-26,Z3058K8S,ST4000DM000,4000787030016,0,117,143978992,,,94,0,100,6,100,0,88,758401036,,,63,33145,100,0,,,100,6,,,,,,,,,,,,,,,,,,,,,,,,,,,,,,,,,100,0,100,0,100,0,100,0,100,0,81,19,100,0,100,0,97,6805,19,19,,,,,100,0,100,0,200,0,,,,,,,,,,,,,,,,,,,,,,,,,,,100,33066,100,52011403432,100,185270168449,,,,,,,,,,
2019-10-27,Z3058K8S,ST4000DM000,4000787030016,0,119,209144904,,,94,0,100,6,100,0,88,759819666,,,63,33169,100,0,,,100,6,,,,,,,,,,,,,,,,,,,,,,,,,,,,,,,,,100,0,100,0,100,0,100,0,100,0,82,18,100,0,100,0,97,6805,18,18,,,,,100,0,100,0,200,0,,,,,,,,,,,,,,,,,,,,,,,,,,,100,33090,100,52019426752,100,185484138103,,,,,,,,,,
2019-10-28,Z3058K8S,ST4000DM000,4000787030016,0,108,20264808,,,94,0,100,6,100,0,88,761621899,,,63,33193,100,0,,,100,6,,,,,,,,,,,,,,,,,,,,,,,,,,,,,,,,,100,0,100,0,100,0,100,0,100,0,81,19,100,0,100,0,97,6805,19,19,,,,,100,0,100,0,200,0,,,,,,,,,,,,,,,,,,,,,,,,,,,100,33114,100,52035181872,100,185602173170,,,,,,,,,,
2019-10-29,Z3058K8S,ST4000DM000,4000787030016,0,119,230255928,,,94,0,100,6,100,0,88,762317209,,,63,33205,100,0,,,100,6,,,,,,,,,,,,,,,,,,,,,,,,,,,,,,,,,100,0,100,0,100,0,100,0,100,0,80,20,100,0,100,0,97,6805,20,20,,,,,100,0,100,0,200,0,,,,,,,,,,,,,,,,,,,,,,,,,,,100,33126,100,52043399992,100,185719759286,,,,,,,,,,
2019-10-30,Z3058K8S,ST4000DM000,4000787030016,0,119,212882416,,,94,0,100,6,100,0,88,763773895,,,63,33241,100,0,,,100,6,,,,,,,,,,,,,,,,,,,,,,,,,,,,,,,,,100,0,100,0,100,0,100,0,100,0,82,18,100,0,100,0,97,6805,18,18,,,,,100,0,100,0,200,0,,,,,,,,,,,,,,,,,,,,,,,,,,,100,33162,100,52058504832,100,185951353114,,,,,,,,,,
2019-10-31,Z3058K8S,ST4000DM000,4000787030016,0,114,62592136,,,94,0,100,6,100,0,88,765030579,,,63,33264,100,0,,,100,6,,,,,,,,,,,,,,,,,,,,,,,,,,,,,,,,,100,0,100,0,100,0,100,0,100,0,82,18,100,0,100,0,97,6805,18,18,,,,,100,0,100,0,200,0,,,,,,,,,,,,,,,,,,,,,,,,,,,100,33185,100,52066287584,100,186142930748,,,,,,,,,,
2019-11-01,Z3058K8S,ST4000DM000,4000787030016,0,118,198475152,,,94,0,100,6,100,0,88,767543274,,,62,33288,100,0,,,100,6,,,,,,,,,,,,,,,,,,,,,,,,,,,,,,,,,100,0,100,0,100,0,100,0,100,0,82,18,100,0,100,0,97,6805,18,18,,,,,100,0,100,0,200,0,,,,,,,,,,,,,,,,,,,,,,,,,,,100,33209,100,52071567192,100,186392372328,,,,,,,,,,
2019-11-02,Z3058K8S,ST4000DM000,4000787030016,0,118,194118728,,,94,0,100,6,100,0,88,768949535,,,62,33312,100,0,,,100,6,,,,,,,,,,,,,,,,,,,,,,,,,,,,,,,,,100,0,100,0,100,0,100,0,100,0,82,18,100,0,100,0,97,6805,18,18,,,,,100,0,100,0,200,0,,,,,,,,,,,,,,,,,,,,,,,,,,,100,33233,100,52076019848,100,186584691647,,,,,,,,,,
2019-11-03,Z3058K8S,ST4000DM000,4000787030016,0,119,208063488,,,94,0,100,6,100,0,88,770412931,,,62,33335,100,0,,,100,6,,,,,,,,,,,,,,,,,,,,,,,,,,,,,,,,,100,0,100,0,100,0,100,0,100,0,82,18,100,0,100,0,97,6805,18,18,,,,,100,0,100,0,200,0,,,,,,,,,,,,,,,,,,,,,,,,,,,100,33257,100,52081384328,100,186905329127,,,,,,,,,,
2019-11-04,Z3058K8S,ST4000DM000,4000787030016,0,117,126379792,,,94,0,100,6,100,0,88,772123566,,,62,33359,100,0,,,100,6,,,,,,,,,,,,,,,,,,,,,,,,,,,,,,,,,100,0,100,0,100,0,100,0,100,0,82,18,100,0,100,0,97,6805,18,18,,,,,100,0,100,0,200,0,,,,,,,,,,,,,,,,,,,,,,,,,,,100,33280,100,52086049320,100,187135288349,,,,,,,,,,
2019-11-06,Z3058K8S,ST4000DM000,4000787030016,0,118,175025312,,,94,0,100,6,100,0,88,774326631,,,62,33407,100,0,,,100,6,,,,,,,,,,,,,,,,,,,,,,,,,,,,,,,,,100,0,100,0,100,0,100,0,100,0,82,18,100,0,100,0,97,6805,18,18,,,,,100,0,100,0,200,0,,,,,,,,,,,,,,,,,,,,,,,,,,,100,33328,100,52103679976,100,187815215398,,,,,,,,,,
2019-11-07,Z3058K8S,ST4000DM000,4000787030016,0,114,77365272,,,94,0,100,6,100,0,88,776036174,,,62,33430,100,0,,,100,6,,,,,,,,,,,,,,,,,,,,,,,,,,,,,,,,,100,0,100,0,100,0,100,0,100,0,76,24,100,0,100,0,97,6805,24,24,,,,,100,0,100,0,200,0,,,,,,,,,,,,,,,,,,,,,,,,,,,100,33352,100,52110580568,100,188069004502,,,,,,,,,,
2019-11-08,Z3058K8S,ST4000DM000,4000787030016,0,108,17411624,,,94,0,100,6,100,0,88,778405787,,,62,33454,100,0,,,100,6,,,,,,,,,,,,,,,,,,,,,,,,,,,,,,,,,100,0,100,0,100,0,100,0,100,0,81,19,100,0,100,0,97,6805,19,19,,,,,100,0,100,0,200,0,,,,,,,,,,,,,,,,,,,,,,,,,,,100,33375,100,52117162968,100,188362754307,,,,,,,,,,
2019-11-09,Z3058K8S,ST4000DM000,4000787030016,0,120,238777888,,,94,0,100,6,100,0,88,779906028,,,62,33478,100,0,,,100,6,,,,,,,,,,,,,,,,,,,,,,,,,,,,,,,,,100,0,100,0,100,0,100,0,100,0,81,19,100,0,100,0,97,6805,19,19,,,,,100,0,100,0,200,0,,,,,,,,,,,,,,,,,,,,,,,,,,,100,33399,100,52123579192,100,188555494155,,,,,,,,,,
2019-11-10,Z3058K8S,ST4000DM000,4000787030016,0,120,236037632,,,94,0,100,6,100,0,88,781085134,,,62,33502,100,0,,,100,6,,,,,,,,,,,,,,,,,,,,,,,,,,,,,,,,,100,0,100,0,100,0,100,0,100,0,82,18,100,0,100,0,97,6805,18,18,,,,,100,0,100,0,200,0,,,,,,,,,,,,,,,,,,,,,,,,,,,100,33423,100,52131174168,100,188740893827,,,,,,,,,,
2019-11-11,Z3058K8S,ST4000DM000,4000787030016,0,118,192891248,,,94,0,100,6,100,0,88,783229001,,,62,33526,100,0,,,100,6,,,,,,,,,,,,,,,,,,,,,,,,,,,,,,,,,100,0,100,0,100,0,100,0,100,0,82,18,100,0,100,0,97,6805,18,18,,,,,100,0,100,0,200,0,,,,,,,,,,,,,,,,,,,,,,,,,,,100,33447,100,52142215712,100,188914993476,,,,,,,,,,
2019-11-12,Z3058K8S,ST4000DM000,4000787030016,0,118,173891144,,,94,0,100,6,100,0,88,784540467,,,62,33550,100,0,,,100,6,,,,,,,,,,,,,,,,,,,,,,,,,,,,,,,,,100,0,100,0,100,0,100,0,100,0,81,19,100,0,100,0,97,6805,19,19,,,,,100,0,100,0,200,0,,,,,,,,,,,,,,,,,,,,,,,,,,,100,33471,100,52149799592,100,189115922160,,,,,,,,,,
2019-11-13,Z3058K8S,ST4000DM000,4000787030016,0,117,142125496,,,94,0,100,6,100,0,88,786051236,,,62,33573,100,0,,,100,6,,,,,,,,,,,,,,,,,,,,,,,,,,,,,,,,,100,0,100,0,100,0,100,0,100,0,81,19,100,0,100,0,97,6805,19,19,,,,,100,0,100,0,200,0,,,,,,,,,,,,,,,,,,,,,,,,,,,100,33494,100,52154720664,100,189359345837,,,,,,,,,,
2019-11-14,Z3058K8S,ST4000DM000,4000787030016,0,112,43772336,,,94,0,100,6,100,0,88,787791423,,,62,33597,100,0,,,100,6,,,,,,,,,,,,,,,,,,,,,,,,,,,,,,,,,100,0,100,0,100,0,100,0,100,0,82,18,100,0,100,0,97,6805,18,18,,,,,100,0,100,0,200,0,,,,,,,,,,,,,,,,,,,,,,,,,,,100,33518,100,52159952016,100,189631074128,,,,,,,,,,
2019-11-15,Z3058K8S,ST4000DM000,4000787030016,0,118,177797128,,,94,0,100,6,100,0,88,791339975,,,62,33621,100,0,,,100,6,,,,,,,,,,,,,,,,,,,,,,,,,,,,,,,,,100,0,100,0,100,0,100,0,100,0,81,19,100,0,100,0,97,6805,19,19,,,,,100,0,100,0,200,0,,,,,,,,,,,,,,,,,,,,,,,,,,,100,33542,100,52165146808,100,189847180569,,,,,,,,,,
2019-11-16,Z3058K8S,ST4000DM000,4000787030016,0,110,27971392,,,94,0,100,6,100,0,88,793312175,,,62,33645,100,0,,,100,6,,,,,,,,,,,,,,,,,,,,,,,,,,,,,,,,,100,0,100,0,100,0,100,0,100,0,81,19,100,0,100,0,97,6805,19,19,,,,,100,0,100,0,200,0,,,,,,,,,,,,,,,,,,,,,,,,,,,100,33566,100,52170411584,100,190033926762,,,,,,,,,,
2019-11-17,Z3058K8S,ST4000DM000,4000787030016,0,108,18164304,,,94,0,100,6,100,0,88,794844021,,,62,33669,100,0,,,100,6,,,,,,,,,,,,,,,,,,,,,,,,,,,,,,,,,100,0,100,0,100,0,100,0,100,0,81,19,100,0,100,0,97,6805,19,19,,,,,100,0,100,0,200,0,,,,,,,,,,,,,,,,,,,,,,,,,,,100,33590,100,52176587440,100,190227064378,,,,,,,,,,
2019-11-18,Z3058K8S,ST4000DM000,4000787030016,0,100,3063616,,,94,0,100,6,100,0,88,796469926,,,62,33693,100,0,,,100,6,,,,,,,,,,,,,,,,,,,,,,,,,,,,,,,,,100,0,100,0,100,0,100,0,100,0,82,18,100,0,100,0,97,6805,18,18,,,,,100,0,100,0,200,0,,,,,,,,,,,,,,,,,,,,,,,,,,,100,33614,100,52184776944,100,190306808725,,,,,,,,,,
2019-11-19,Z3058K8S,ST4000DM000,4000787030016,0,117,121794512,,,94,0,100,6,100,0,88,797144418,,,62,33717,100,0,,,100,6,,,,,,,,,,,,,,,,,,,,,,,,,,,,,,,,,100,0,100,0,100,0,100,0,100,0,82,18,100,0,100,0,97,6805,18,18,,,,,100,0,100,0,200,0,,,,,,,,,,,,,,,,,,,,,,,,,,,100,33638,100,52195656000,100,190393856842,,,,,,,,,,
2019-11-20,Z3058K8S,ST4000DM000,4000787030016,0,118,171183864,,,94,0,100,6,100,0,88,798632280,,,62,33753,100,0,,,100,6,,,,,,,,,,,,,,,,,,,,,,,,,,,,,,,,,100,0,100,0,100,0,100,0,100,0,79,21,100,0,100,0,97,6805,21,21,,,,,100,0,100,0,200,0,,,,,,,,,,,,,,,,,,,,,,,,,,,100,33674,100,52210885456,100,190581885649,,,,,,,,,,
2019-11-21,Z3058K8S,ST4000DM000,4000787030016,0,118,177310120,,,94,0,100,6,100,0,88,800652523,,,62,33776,100,0,,,100,6,,,,,,,,,,,,,,,,,,,,,,,,,,,,,,,,,100,0,100,0,100,0,100,0,100,0,81,19,100,0,100,0,97,6805,19,19,,,,,100,0,100,0,200,0,,,,,,,,,,,,,,,,,,,,,,,,,,,100,33698,100,52218971048,100,190783562917,,,,,,,,,,
2019-11-22,Z3058K8S,ST4000DM000,4000787030016,0,99,2559568,,,94,0,100,6,100,0,88,802926872,,,62,33800,100,0,,,100,6,,,,,,,,,,,,,,,,,,,,,,,,,,,,,,,,,100,0,100,0,100,0,100,0,100,0,82,18,100,0,100,0,97,6805,18,18,,,,,100,0,100,0,200,0,,,,,,,,,,,,,,,,,,,,,,,,,,,100,33721,100,52229709248,100,191021009220,,,,,,,,,,
2019-11-23,Z3058K8S,ST4000DM000,4000787030016,0,117,149155656,,,94,0,100,6,100,0,88,804084265,,,62,33824,100,0,,,100,6,,,,,,,,,,,,,,,,,,,,,,,,,,,,,,,,,100,0,100,0,100,0,100,0,100,0,82,18,100,0,100,0,97,6805,18,18,,,,,100,0,100,0,200,0,,,,,,,,,,,,,,,,,,,,,,,,,,,100,33745,100,52239658016,100,191229552731,,,,,,,,,,
2019-11-24,Z3058K8S,ST4000DM000,4000787030016,0,116,104145184,,,94,0,100,6,100,0,89,805453636,,,62,33848,100,0,,,100,6,,,,,,,,,,,,,,,,,,,,,,,,,,,,,,,,,100,0,100,0,100,0,100,0,100,0,82,18,100,0,100,0,97,6805,18,18,,,,,100,0,100,0,200,0,,,,,,,,,,,,,,,,,,,,,,,,,,,100,33769,100,52251803736,100,191373490424,,,,,,,,,,
2019-11-25,Z3058K8S,ST4000DM000,4000787030016,0,119,210733376,,,94,0,100,6,100,0,89,806822552,,,62,33872,100,0,,,100,6,,,,,,,,,,,,,,,,,,,,,,,,,,,,,,,,,100,0,100,0,100,0,100,0,100,0,81,19,100,0,100,0,97,6805,19,19,,,,,100,0,100,0,200,0,,,,,,,,,,,,,,,,,,,,,,,,,,,100,33793,100,52262763840,100,191511456633,,,,,,,,,,
2019-11-26,Z3058K8S,ST4000DM000,4000787030016,0,116,111982760,,,94,0,100,6,100,0,89,807916587,,,62,33896,100,0,,,100,6,,,,,,,,,,,,,,,,,,,,,,,,,,,,,,,,,100,0,100,0,100,0,100,0,100,0,81,19,100,0,100,0,97,6805,19,19,,,,,100,0,100,0,200,0,,,,,,,,,,,,,,,,,,,,,,,,,,,100,33817,100,52278380448,100,191670708746,,,,,,,,,,
2019-11-27,Z3058K8S,ST4000DM000,4000787030016,0,117,159969240,,,94,0,100,6,100,0,89,808759449,,,62,33907,100,0,,,100,6,,,,,,,,,,,,,,,,,,,,,,,,,,,,,,,,,100,0,100,0,100,0,100,0,100,0,79,21,100,0,100,0,97,6805,21,21,,,,,100,0,100,0,200,0,,,,,,,,,,,,,,,,,,,,,,,,,,,100,33829,100,52283230968,100,191791630528,,,,,,,,,,
2019-11-28,Z3058K8S,ST4000DM000,4000787030016,0,108,19410768,,,94,0,100,6,100,0,89,809858572,,,62,33931,100,0,,,100,6,,,,,,,,,,,,,,,,,,,,,,,,,,,,,,,,,100,0,100,0,100,0,100,0,100,0,81,19,100,0,100,0,97,6805,19,19,,,,,100,0,100,0,200,0,,,,,,,,,,,,,,,,,,,,,,,,,,,100,33852,100,52294964936,100,191974320347,,,,,,,,,,
2019-11-29,Z3058K8S,ST4000DM000,4000787030016,0,115,90426024,,,94,0,100,6,100,0,89,811914671,,,62,33955,100,0,,,100,6,,,,,,,,,,,,,,,,,,,,,,,,,,,,,,,,,100,0,100,0,100,0,100,0,100,0,81,19,100,0,100,0,97,6805,19,19,,,,,100,0,100,0,200,0,,,,,,,,,,,,,,,,,,,,,,,,,,,100,33876,100,52303157096,100,192297102556,,,,,,,,,,
2019-11-30,Z3058K8S,ST4000DM000,4000787030016,0,118,198693432,,,94,0,100,6,100,0,89,813880357,,,62,33991,100,0,,,100,6,,,,,,,,,,,,,,,,,,,,,,,,,,,,,,,,,100,0,100,0,100,0,100,0,100,0,80,20,100,0,100,0,97,6805,20,20,,,,,100,0,100,0,200,0,,,,,,,,,,,,,,,,,,,,,,,,,,,100,33912,100,52319735016,100,192825885287,,,,,,,,,,
2019-12-01,Z3058K8S,ST4000DM000,4000787030016,0,117,123804632,,,94,0,100,6,100,0,89,815125224,,,62,34014,100,0,,,100,6,,,,,,,,,,,,,,,,,,,,,,,,,,,,,,,,,100,0,100,0,100,0,100,0,100,0,81,19,100,0,100,0,97,6805,19,19,,,,,100,0,100,0,200,0,,,,,,,,,,,,,,,,,,,,,,,,,,,100,33936,100,52325355352,100,193117382171,,,,,,,,,,
2019-12-02,Z3058K8S,ST4000DM000,4000787030016,0,114,62988328,,,94,0,100,6,100,0,89,817086719,,,62,34038,100,0,,,100,6,,,,,,,,,,,,,,,,,,,,,,,,,,,,,,,,,100,0,100,0,100,0,100,0,100,0,81,19,100,0,100,0,97,6805,19,19,,,,,100,0,100,0,200,0,,,,,,,,,,,,,,,,,,,,,,,,,,,100,33959,100,52339719624,100,193345983653,,,,,,,,,,
2019-12-03,Z3058K8S,ST4000DM000,4000787030016,0,118,185073184,,,94,0,100,6,100,0,89,819195485,,,62,34062,100,0,,,100,6,,,,,,,,,,,,,,,,,,,,,,,,,,,,,,,,,100,0,100,0,100,0,100,0,100,0,81,19,100,0,100,0,97,6805,19,19,,,,,100,0,100,0,200,0,,,,,,,,,,,,,,,,,,,,,,,,,,,100,33983,100,52352704240,100,193642722439,,,,,,,,,,
2019-12-04,Z3058K8S,ST4000DM000,4000787030016,0,118,175943056,,,94,0,100,6,100,0,89,821208852,,,62,34086,100,0,,,100,6,,,,,,,,,,,,,,,,,,,,,,,,,,,,,,,,,100,0,100,0,100,0,100,0,100,0,82,18,100,0,100,0,97,6805,18,18,,,,,100,0,100,0,200,0,,,,,,,,,,,,,,,,,,,,,,,,,,,100,34007,100,52363534616,100,193886736967,,,,,,,,,,
2019-12-05,Z3058K8S,ST4000DM000,4000787030016,0,119,210704976,,,94,0,100,6,100,0,89,822009215,,,62,34110,100,0,,,100,6,,,,,,,,,,,,,,,,,,,,,,,,,,,,,,,,,100,0,100,0,100,0,100,0,100,0,81,19,100,0,100,0,97,6805,19,19,,,,,100,0,100,0,200,0,,,,,,,,,,,,,,,,,,,,,,,,,,,100,34031,100,52377226520,100,194032266106,,,,,,,,,,
2019-12-06,Z3058K8S,ST4000DM000,4000787030016,0,105,9154312,,,94,0,100,6,100,0,89,824422200,,,62,34134,100,0,,,100,6,,,,,,,,,,,,,,,,,,,,,,,,,,,,,,,,,100,0,100,0,100,0,100,0,100,0,81,19,100,0,100,0,97,6805,19,19,,,,,100,0,100,0,200,0,,,,,,,,,,,,,,,,,,,,,,,,,,,100,34055,100,52388005624,100,194248807649,,,,,,,,,,
2019-12-07,Z3058K8S,ST4000DM000,4000787030016,0,115,89632192,,,94,0,100,6,100,0,89,825942721,,,62,34158,100,0,,,100,6,,,,,,,,,,,,,,,,,,,,,,,,,,,,,,,,,100,0,100,0,100,0,100,0,100,0,82,18,100,0,100,0,97,6805,18,18,,,,,100,0,100,0,200,0,,,,,,,,,,,,,,,,,,,,,,,,,,,100,34079,100,52398287984,100,194485062742,,,,,,,,,,
2019-12-08,Z3058K8S,ST4000DM000,4000787030016,0,114,75254984,,,94,0,100,6,100,0,89,827748086,,,61,34182,100,0,,,100,6,,,,,,,,,,,,,,,,,,,,,,,,,,,,,,,,,100,0,100,0,100,0,100,0,100,0,82,18,100,0,100,0,97,6805,18,18,,,,,100,0,100,0,200,0,,,,,,,,,,,,,,,,,,,,,,,,,,,100,34103,100,52424357544,100,194709100589,,,,,,,,,,
2019-12-09,Z3058K8S,ST4000DM000,4000787030016,0,119,209451776,,,94,0,100,6,100,0,89,829621712,,,61,34206,100,0,,,100,6,,,,,,,,,,,,,,,,,,,,,,,,,,,,,,,,,100,0,100,0,100,0,100,0,100,0,82,18,100,0,100,0,97,6805,18,18,,,,,100,0,100,0,200,0,,,,,,,,,,,,,,,,,,,,,,,,,,,100,34127,100,52436943096,100,194867928376,,,,,,,,,,
2019-12-10,Z3058K8S,ST4000DM000,4000787030016,0,114,76388016,,,94,0,100,6,100,0,89,831419452,,,61,34230,100,0,,,100,6,,,,,,,,,,,,,,,,,,,,,,,,,,,,,,,,,100,0,100,0,100,0,100,0,100,0,81,19,100,0,100,0,97,6805,19,19,,,,,100,0,100,0,200,0,,,,,,,,,,,,,,,,,,,,,,,,,,,100,34151,100,52451695336,100,195126070103,,,,,,,,,,
2019-12-11,Z3058K8S,ST4000DM000,4000787030016,0,117,152821544,,,94,0,100,6,100,0,89,832977478,,,61,34253,100,0,,,100,6,,,,,,,,,,,,,,,,,,,,,,,,,,,,,,,,,100,0,100,0,100,0,100,0,100,0,81,19,100,0,100,0,97,6805,19,19,,,,,100,0,100,0,200,0,,,,,,,,,,,,,,,,,,,,,,,,,,,100,34175,100,52473341800,100,195318819110,,,,,,,,,,
2019-12-12,Z3058K8S,ST4000DM000,4000787030016,0,117,145847464,,,94,0,100,6,100,0,89,834216320,,,61,34277,100,0,,,100,6,,,,,,,,,,,,,,,,,,,,,,,,,,,,,,,,,100,0,100,0,100,0,100,0,100,0,82,18,100,0,100,0,97,6805,18,18,,,,,100,0,100,0,200,0,,,,,,,,,,,,,,,,,,,,,,,,,,,100,34198,100,52483239360,100,195535224028,,,,,,,,,,
2019-12-13,Z3058K8S,ST4000DM000,4000787030016,0,114,60677968,,,94,0,100,6,100,0,89,836960208,,,61,34301,100,0,,,100,6,,,,,,,,,,,,,,,,,,,,,,,,,,,,,,,,,100,0,100,0,100,0,100,0,100,0,81,19,100,0,100,0,97,6805,19,19,,,,,100,0,100,0,200,0,,,,,,,,,,,,,,,,,,,,,,,,,,,100,34222,100,52501647648,100,195748273133,,,,,,,,,,
2019-12-14,Z3058K8S,ST4000DM000,4000787030016,0,117,133201640,,,94,0,100,6,100,0,89,837758897,,,61,34325,100,0,,,100,6,,,,,,,,,,,,,,,,,,,,,,,,,,,,,,,,,100,0,100,0,100,0,100,0,100,0,82,18,100,0,100,0,97,6805,18,18,,,,,100,0,100,0,200,0,,,,,,,,,,,,,,,,,,,,,,,,,,,100,34246,100,52514610352,100,195843176445,,,,,,,,,,
2019-12-15,Z3058K8S,ST4000DM000,4000787030016,0,118,177320400,,,94,0,100,6,100,0,89,838766328,,,61,34349,100,0,,,100,6,,,,,,,,,,,,,,,,,,,,,,,,,,,,,,,,,100,0,100,0,100,0,100,0,100,0,81,19,100,0,100,0,97,6805,19,19,,,,,100,0,100,0,200,0,,,,,,,,,,,,,,,,,,,,,,,,,,,100,34270,100,52527028520,100,195934709672,,,,,,,,,,
2019-12-16,Z3058K8S,ST4000DM000,4000787030016,0,116,104048320,,,94,0,100,6,100,0,89,841667454,,,61,34373,100,0,,,100,6,,,,,,,,,,,,,,,,,,,,,,,,,,,,,,,,,100,0,100,0,100,0,100,0,100,0,81,19,100,0,100,0,97,6805,19,19,,,,,100,0,100,0,200,0,,,,,,,,,,,,,,,,,,,,,,,,,,,100,34294,100,52538198048,100,196022574909,,,,,,,,,,
2019-12-17,Z3058K8S,ST4000DM000,4000787030016,0,115,86354720,,,94,0,100,6,100,0,89,843256157,,,61,34397,100,0,,,100,6,,,,,,,,,,,,,,,,,,,,,,,,,,,,,,,,,100,0,100,0,100,0,100,0,100,0,81,19,100,0,100,0,97,6805,19,19,,,,,100,0,100,0,200,0,,,,,,,,,,,,,,,,,,,,,,,,,,,100,34318,100,52556179496,100,196214320660,,,,,,,,,,
2019-12-18,Z3058K8S,ST4000DM000,4000787030016,0,115,90036888,,,94,0,100,6,100,0,89,845019753,,,61,34421,100,0,,,100,6,,,,,,,,,,,,,,,,,,,,,,,,,,,,,,,,,100,0,100,0,100,0,100,0,100,0,81,19,100,0,100,0,97,6805,19,19,,,,,100,0,100,0,200,0,,,,,,,,,,,,,,,,,,,,,,,,,,,100,34342,100,52572809064,100,196426749497,,,,,,,,,,
2019-12-19,Z3058K8S,ST4000DM000,4000787030016,0,118,175466344,,,94,0,100,6,100,0,89,846121670,,,61,34445,100,0,,,100,6,,,,,,,,,,,,,,,,,,,,,,,,,,,,,,,,,100,0,100,0,100,0,100,0,100,0,81,19,100,0,100,0,97,6805,19,19,,,,,100,0,100,0,200,0,,,,,,,,,,,,,,,,,,,,,,,,,,,100,34366,100,52595838920,100,196641522928,,,,,,,,,,
2019-12-20,Z3058K8S,ST4000DM000,4000787030016,0,119,233866952,,,94,0,100,6,100,0,89,847994441,,,61,34469,100,0,,,100,6,,,,,,,,,,,,,,,,,,,,,,,,,,,,,,,,,100,0,100,0,100,0,100,0,100,0,81,19,100,0,100,0,97,6805,19,19,,,,,100,0,100,0,200,0,,,,,,,,,,,,,,,,,,,,,,,,,,,100,34390,100,52611620776,100,196837219550,,,,,,,,,,
2019-12-21,Z3058K8S,ST4000DM000,4000787030016,0,117,158572880,,,94,0,100,6,100,0,89,848930188,,,61,34493,100,0,,,100,6,,,,,,,,,,,,,,,,,,,,,,,,,,,,,,,,,100,0,100,0,100,0,100,0,100,0,82,18,100,0,100,0,97,6805,18,18,,,,,100,0,100,0,200,0,,,,,,,,,,,,,,,,,,,,,,,,,,,100,34414,100,52632284224,100,196985300694,,,,,,,,,,
2019-12-22,Z3058K8S,ST4000DM000,4000787030016,0,117,152729808,,,94,0,100,6,100,0,89,850240010,,,61,34517,100,0,,,100,6,,,,,,,,,,,,,,,,,,,,,,,,,,,,,,,,,100,0,100,0,100,0,100,0,100,0,81,19,100,0,100,0,97,6805,19,19,,,,,100,0,100,0,200,0,,,,,,,,,,,,,,,,,,,,,,,,,,,100,34438,100,52650627192,100,197183780315,,,,,,,,,,
2019-12-23,Z3058K8S,ST4000DM000,4000787030016,0,119,229760840,,,94,0,100,6,100,0,89,852076705,,,61,34541,100,0,,,100,6,,,,,,,,,,,,,,,,,,,,,,,,,,,,,,,,,100,0,100,0,100,0,100,0,100,0,82,18,100,0,100,0,97,6805,18,18,,,,,100,0,100,0,200,0,,,,,,,,,,,,,,,,,,,,,,,,,,,100,34462,100,52682073216,100,197309928755,,,,,,,,,,
2019-12-24,Z3058K8S,ST4000DM000,4000787030016,0,119,234027256,,,94,0,100,6,100,0,89,853458138,,,61,34564,100,0,,,100,6,,,,,,,,,,,,,,,,,,,,,,,,,,,,,,,,,100,0,100,0,100,0,100,0,100,0,82,18,100,0,100,0,97,6805,18,18,,,,,100,0,100,0,200,0,,,,,,,,,,,,,,,,,,,,,,,,,,,100,34485,100,52697041576,100,197506411747,,,,,,,,,,
2019-12-25,Z3058K8S,ST4000DM000,4000787030016,0,118,199272328,,,94,0,100,6,100,0,89,855055837,,,61,34588,100,0,,,100,6,,,,,,,,,,,,,,,,,,,,,,,,,,,,,,,,,100,0,100,0,100,0,100,0,100,0,81,19,100,0,100,0,97,6805,19,19,,,,,100,0,100,0,200,0,,,,,,,,,,,,,,,,,,,,,,,,,,,100,34509,100,52718414976,100,197806901920,,,,,,,,,,
2019-12-26,Z3058K8S,ST4000DM000,4000787030016,0,114,69696960,,,94,0,100,6,100,0,89,856118345,,,61,34612,100,0,,,100,6,,,,,,,,,,,,,,,,,,,,,,,,,,,,,,,,,100,0,100,0,100,0,100,0,100,0,82,18,100,0,100,0,97,6805,18,18,,,,,100,0,100,0,200,0,,,,,,,,,,,,,,,,,,,,,,,,,,,100,34533,100,52740283976,100,198171281825,,,,,,,,,,
2019-12-27,Z3058K8S,ST4000DM000,4000787030016,0,114,75397784,,,94,0,100,6,100,0,89,857880393,,,61,34636,100,0,,,100,6,,,,,,,,,,,,,,,,,,,,,,,,,,,,,,,,,100,0,100,0,100,0,100,0,100,0,81,19,100,0,100,0,97,6805,19,19,,,,,100,0,100,0,200,0,,,,,,,,,,,,,,,,,,,,,,,,,,,100,34557,100,52757707496,100,198554359348,,,,,,,,,,
2019-12-28,Z3058K8S,ST4000DM000,4000787030016,0,102,4012792,,,94,0,100,6,100,0,89,859806700,,,61,34659,100,0,,,100,6,,,,,,,,,,,,,,,,,,,,,,,,,,,,,,,,,100,0,100,0,100,0,100,0,100,0,81,19,100,0,100,0,97,6805,19,19,,,,,100,0,100,0,200,0,,,,,,,,,,,,,,,,,,,,,,,,,,,100,34580,100,52778672184,100,198864742600,,,,,,,,,,
2019-12-29,Z3058K8S,ST4000DM000,4000787030016,0,119,231416936,,,94,0,100,6,100,0,89,861876809,,,61,34683,100,0,,,100,6,,,,,,,,,,,,,,,,,,,,,,,,,,,,,,,,,100,0,100,0,100,0,100,0,100,0,82,18,100,0,100,0,97,6805,18,18,,,,,100,0,100,0,200,0,,,,,,,,,,,,,,,,,,,,,,,,,,,100,34604,100,52798112368,100,199152677924,,,,,,,,,,
2019-12-30,Z3058K8S,ST4000DM000,4000787030016,0,118,191452584,,,94,0,100,6,100,0,89,863929142,,,61,34706,100,0,,,100,6,,,,,,,,,,,,,,,,,,,,,,,,,,,,,,,,,100,0,100,0,100,0,100,0,100,0,82,18,100,0,100,0,97,6805,18,18,,,,,100,0,100,0,200,0,,,,,,,,,,,,,,,,,,,,,,,,,,,100,34628,100,52820375872,100,199326124213,,,,,,,,,,
2019-12-31,Z3058K8S,ST4000DM000,4000787030016,0,118,177620416,,,94,0,100,6,100,0,89,865145536,,,61,34730,100,0,,,100,6,,,,,,,,,,,,,,,,,,,,,,,,,,,,,,,,,100,0,100,0,100,0,100,0,100,0,81,19,100,0,100,0,97,6805,19,19,,,,,100,0,100,0,200,0,,,,,,,,,,,,,,,,,,,,,,,,,,,100,34651,100,52839616056,100,199517895722,,,,,,,,,,
