2019-01-01,Z305D4AR,ST4000DM000,4000787030016,0,113,53657144,,,94,0,100,6,100,0,82,189284802,,,72,25368,100,0,,,100,6,,,,,,,,,,,,,,,,,,,,,,,,,,,,,,,98,2,100,0,100,0,100,0,100,0,73,27,100,0,100,0,96,8018,27,27,,,,,100,0,100,0,200,0,,,,,,,,,,,,,,,,,,,,,,,,,,,100,25290,100,43075088240,100,131656776227,,,,,,,,,,
2019-01-02,Z305D4AR,ST4000DM000,4000787030016,0,119,208864016,,,94,0,100,6,100,0,82,190381914,,,72,25392,100,0,,,100,6,,,,,,,,,,,,,,,,,,,,,,,,,,,,,,,98,2,100,0,100,0,100,0,100,0,71,29,100,0,100,0,96,8018,29,29,,,,,100,0,100,0,200,0,,,,,,,,,,,,,,,,,,,,,,,,,,,100,25314,100,43098367496,100,131791952703,,,,,,,,,,
2019-01-03,Z305D4AR,ST4000DM000,4000787030016,0,117,125455392,,,94,0,100,6,100,0,82,191660719,,,71,25415,100,0,,,100,6,,,,,,,,,,,,,,,,,,,,,,,,,,,,,,,98,2,100,0,100,0,100,0,100,0,73,27,100,0,100,0,96,8018,27,27,,,,,100,0,100,0,200,0,,,,,,,,,,,,,,,,,,,,,,,,,,,100,25338,100,43122088696,100,131954660636,,,,,,,,,,
2019-01-04,Z305D4AR,ST4000DM000,4000787030016,0,105,10399528,,,94,0,100,6,100,0,82,193457245,,,71,25439,100,0,,,100,6,,,,,,,,,,,,,,,,,,,,,,,,,,,,,,,98,2,100,0,100,0,100,0,100,0,72,28,100,0,100,0,96,8018,28,28,,,,,100,0,100,0,200,0,,,,,,,,,,,,,,,,,,,,,,,,,,,100,25361,100,43147098520,100,132090666596,,,,,,,,,,
2019-01-05,Z305D4AR,ST4000DM000,4000787030016,0,119,234449656,,,94,0,100,6,100,0,82,194385841,,,71,25464,100,0,,,100,6,,,,,,,,,,,,,,,,,,,,,,,,,,,,,,,98,2,100,0,100,0,100,0,100,0,71,29,100,0,100,0,96,8018,29,29,,,,,100,0,100,0,200,0,,,,,,,,,,,,,,,,,,,,,,,,,,,100,25386,100,43173968888,100,132194696513,,,,,,,,,,
2019-01-06,Z305D4AR,ST4000DM000,4000787030016,0,102,3719624,,,94,0,100,6,100,0,82,195298957,,,71,25488,100,0,,,100,6,,,,,,,,,,,,,,,,,,,,,,,,,,,,,,,98,2,100,0,100,0,100,0,100,0,70,30,100,0,100,0,96,8018,30,30,,,,,100,0,100,0,200,0,,,,,,,,,,,,,,,,,,,,,,,,,,,100,25410,100,43201415032,100,132323092132,,,,,,,,,,
2019-01-07,Z305D4AR,ST4000DM000,4000787030016,0,112,46072552,,,94,0,100,6,100,0,82,196220977,,,71,25512,100,0,,,100,6,,,,,,,,,,,,,,,,,,,,,,,,,,,,,,,98,2,100,0,100,0,100,0,100,0,71,29,100,0,100,0,96,8018,29,29,,,,,100,0,100,0,200,0,,,,,,,,,,,,,,,,,,,,,,,,,,,100,25434,100,43218340456,100,132469045213,,,,,,,,,,
2019-01-08,Z305D4AR,ST4000DM000,4000787030016,0,117,122597800,,,94,0,100,6,100,0,82,197685807,,,71,25536,100,0,,,100,6,,,,,,,,,,,,,,,,,,,,,,,,,,,,,,,98,2,100,0,100,0,100,0,100,0,72,28,100,0,100,0,96,8018,28,28,,,,,100,0,100,0,200,0,,,,,,,,,,,,,,,,,,,,,,,,,,,100,25458,100,43237120624,100,132542401081,,,,,,,,,,
2019-01-09,Z305D4AR,ST4000DM000,4000787030016,0,116,114335864,,,94,0,100,6,100,0,82,198612259,,,71,25560,100,0,,,100,6,,,,,,,,,,,,,,,,,,,,,,,,,,,,,,,98,2,100,0,100,0,100,0,100,0,72,28,100,0,100,0,96,8018,28,28,,,,,100,0,100,0,200,0,,,,,,,,,,,,,,,,,,,,,,,,,,,100,25482,100,43259767432,100,132649344020,,,,,,,,,,
2019-01-10,Z305D4AR,ST4000DM000,4000787030016,0,118,178462776,,,94,0,100,6,100,0,82,199578451,,,71,25583,100,0,,,100,6,,,,,,,,,,,,,,,,,,,,,,,,,,,,,,,98,2,100,0,100,0,100,0,100,0,72,28,100,0,100,0,96,8018,28,28,,,,,100,0,100,0,200,0,,,,,,,,,,,,,,,,,,,,,,,,,,,100,25506,100,43280162488,100,132762217351,,,,,,,,,,
2019-01-11,Z305D4AR,ST4000DM000,4000787030016,0,116,114588232,,,94,0,100,6,100,0,82,200870582,,,71,25598,100,0,,,100,6,,,,,,,,,,,,,,,,,,,,,,,,,,,,,,,98,2,100,0,100,0,100,0,100,0,71,29,100,0,100,0,96,8018,29,29,,,,,100,0,100,0,200,0,,,,,,,,,,,,,,,,,,,,,,,,,,,100,25520,100,43294491592,100,132825201488,,,,,,,,,,
2019-01-12,Z305D4AR,ST4000DM000,4000787030016,0,108,17465968,,,94,0,100,6,100,0,83,203762925,,,71,25630,100,0,,,100,6,,,,,,,,,,,,,,,,,,,,,,,,,,,,,,,98,2,100,0,100,0,100,0,100,0,72,28,100,0,100,0,96,8018,28,28,,,,,100,0,100,0,200,0,,,,,,,,,,,,,,,,,,,,,,,,,,,100,25552,100,43325649488,100,133041646719,,,,,,,,,,
2019-01-13,Z305D4AR,ST4000DM000,4000787030016,0,119,226900920,,,94,0,100,6,100,0,83,204474446,,,71,25646,100,0,,,100,6,,,,,,,,,,,,,,,,,,,,,,,,,,,,,,,98,2,100,0,100,0,100,0,100,0,70,30,100,0,100,0,96,8018,30,30,,,,,100,0,100,0,200,0,,,,,,,,,,,,,,,,,,,,,,,,,,,100,25568,100,43340471656,100,133138872467,,,,,,,,,,
2019-01-14,Z305D4AR,ST4000DM000,4000787030016,0,119,210068944,,,94,0,100,6,100,0,83,205917357,,,71,25678,100,0,,,100,6,,,,,,,,,,,,,,,,,,,,,,,,,,,,,,,98,2,100,0,100,0,100,0,100,0,72,28,100,0,100,0,96,8018,28,28,,,,,100,0,100,0,200,0,,,,,,,,,,,,,,,,,,,,,,,,,,,100,25600,100,43361591376,100,133322562492,,,,,,,,,,
2019-01-15,Z305D4AR,ST4000DM000,4000787030016,0,108,18113288,,,94,0,100,6,100,0,83,206448652,,,71,25694,100,0,,,100,6,,,,,,,,,,,,,,,,,,,,,,,,,,,,,,,98,2,100,0,100,0,100,0,100,0,71,29,100,0,100,0,96,8018,29,29,,,,,100,0,100,0,200,0,,,,,,,,,,,,,,,,,,,,,,,,,,,100,25616,100,43370618016,100,133403297831,,,,,,,,,,
2019-01-16,Z305D4AR,ST4000DM000,4000787030016,0,115,94429792,,,94,0,100,6,100,0,83,208480374,,,71,25725,100,0,,,100,6,,,,,,,,,,,,,,,,,,,,,,,,,,,,,,,98,2,100,0,100,0,100,0,100,0,71,29,100,0,100,0,96,8018,29,29,,,,,100,0,100,0,200,0,,,,,,,,,,,,,,,,,,,,,,,,,,,100,25647,100,43394618224,100,133563419109,,,,,,,,,,
2019-01-17,Z305D4AR,ST4000DM000,4000787030016,0,117,119502192,,,94,0,100,6,100,0,83,209026796,,,71,25741,100,0,,,100,6,,,,,,,,,,,,,,,,,,,,,,,,,,,,,,,98,2,100,0,100,0,100,0,100,0,72,28,100,0,100,0,96,8018,28,28,,,,,100,0,100,0,200,0,,,,,,,,,,,,,,,,,,,,,,,,,,,100,25663,100,43410204216,100,133617543918,,,,,,,,,,
2019-01-18,Z305D4AR,ST4000DM000,4000787030016,0,119,229174992,,,94,0,100,6,100,0,83,211134792,,,71,25773,100,0,,,100,6,,,,,,,,,,,,,,,,,,,,,,,,,,,,,,,98,2,100,0,100,0,100,0,100,0,72,28,100,0,100,0,96,8018,28,28,,,,,100,0,100,0,200,0,,,,,,,,,,,,,,,,,,,,,,,,,,,100,25695,100,43443950224,100,133748945305,,,,,,,,,,
2019-01-19,Z305D4AR,ST4000DM000,4000787030016,0,118,192724512,,,94,0,100,6,100,0,83,211709170,,,71,25789,100,0,,,100,6,,,,,,,,,,,,,,,,,,,,,,,,,,,,,,,98,2,100,0,100,0,100,0,100,0,71,29,100,0,100,0,96,8018,29,29,,,,,100,0,100,0,200,0,,,,,,,,,,,,,,,,,,,,,,,,,,,100,25711,100,43454529912,100,133806534574,,,,,,,,,,
2019-01-20,Z305D4AR,ST4000DM000,4000787030016,0,117,164119400,,,94,0,100,6,100,0,83,212473667,,,71,25821,100,0,,,100,6,,,,,,,,,,,,,,,,,,,,,,,,,,,,,,,98,2,100,0,100,0,100,0,100,0,72,28,100,0,100,0,96,8018,28,28,,,,,100,0,100,0,200,0,,,,,,,,,,,,,,,,,,,,,,,,,,,100,25743,100,43477400904,100,133870949097,,,,,,,,,,
2019-01-21,Z305D4AR,ST4000DM000,4000787030016,0,117,164511064,,,94,0,100,6,100,0,83,212889455,,,71,25837,100,0,,,100,6,,,,,,,,,,,,,,,,,,,,,,,,,,,,,,,98,2,100,0,100,0,100,0,100,0,71,29,100,0,100,0,96,8018,29,29,,,,,100,0,100,0,200,0,,,,,,,,,,,,,,,,,,,,,,,,,,,100,25759,100,43485794416,100,133920974978,,,,,,,,,,
2019-01-22,Z305D4AR,ST4000DM000,4000787030016,0,118,177160096,,,94,0,100,6,100,0,83,215426548,,,71,25868,100,0,,,100,6,,,,,,,,,,,,,,,,,,,,,,,,,,,,,,,98,2,100,0,100,0,100,0,100,0,72,28,100,0,100,0,96,8018,28,28,,,,,100,0,100,0,200,0,,,,,,,,,,,,,,,,,,,,,,,,,,,100,25791,100,43528803080,100,134130248813,,,,,,,,,,
2019-01-23,Z305D4AR,ST4000DM000,4000787030016,0,119,205335016,,,94,0,100,6,100,0,83,216564620,,,71,25900,100,0,,,100,6,,,,,,,,,,,,,,,,,,,,,,,,,,,,,,,98,2,100,0,100,0,100,0,100,0,71,29,100,0,100,0,96,8018,29,29,,,,,100,0,100,0,200,0,,,,,,,,,,,,,,,,,,,,,,,,,,,100,25822,100,43551291808,100,134244738589,,,,,,,,,,
2019-01-24,Z305D4AR,ST4000DM000,4000787030016,0,118,196819720,,,94,0,100,6,100,0,83,217080224,,,71,25916,100,0,,,100,6,,,,,,,,,,,,,,,,,,,,,,,,,,,,,,,98,2,100,0,100,0,100,0,100,0,72,28,100,0,100,0,96,8018,28,28,,,,,100,0,100,0,200,0,,,,,,,,,,,,,,,,,,,,,,,,,,,100,25838,100,43562387128,100,134320110859,,,,,,,,,,
2019-01-25,Z305D4AR,ST4000DM000,4000787030016,0,117,127426832,,,94,0,100,6,100,0,83,220115250,,,71,25948,100,0,,,100,6,,,,,,,,,,,,,,,,,,,,,,,,,,,,,,,98,2,100,0,100,0,100,0,100,0,71,29,100,0,100,0,96,8018,29,29,,,,,100,0,100,0,200,0,,,,,,,,,,,,,,,,,,,,,,,,,,,100,25870,100,43587808552,100,134478823140,,,,,,,,,,
2019-01-26,Z305D4AR,ST4000DM000,4000787030016,0,119,225703248,,,94,0,100,6,100,0,83,220730696,,,71,25964,100,0,,,100,6,,,,,,,,,,,,,,,,,,,,,,,,,,,,,,,98,2,100,0,100,0,100,0,100,0,72,28,100,0,100,0,96,8018,28,28,,,,,100,0,100,0,200,0,,,,,,,,,,,,,,,,,,,,,,,,,,,100,25886,100,43596966584,100,134535609674,,,,,,,,,,
2019-01-27,Z305D4AR,ST4000DM000,4000787030016,0,118,170153880,,,94,0,100,6,100,0,83,221384327,,,71,25995,100,0,,,100,6,,,,,,,,,,,,,,,,,,,,,,,,,,,,,,,98,2,100,0,100,0,100,0,100,0,71,29,100,0,100,0,96,8018,29,29,,,,,100,0,100,0,200,0,,,,,,,,,,,,,,,,,,,,,,,,,,,100,25918,100,43613716416,100,134591679014,,,,,,,,,,
2019-01-28,Z305D4AR,ST4000DM000,4000787030016,0,111,33006776,,,94,0,100,6,100,0,83,221719345,,,71,26011,100,0,,,100,6,,,,,,,,,,,,,,,,,,,,,,,,,,,,,,,98,2,100,0,100,0,100,0,100,0,72,28,100,0,100,0,96,8018,28,28,,,,,100,0,100,0,200,0,,,,,,,,,,,,,,,,,,,,,,,,,,,100,25934,100,43619677536,100,134623264605,,,,,,,,,,
2019-01-29,Z305D4AR,ST4000DM000,4000787030016,0,117,141722944,,,94,0,100,6,100,0,83,223255545,,,71,26043,100,0,,,100,6,,,,,,,,,,,,,,,,,,,,,,,,,,,,,,,98,2,100,0,100,0,100,0,100,0,72,28,100,0,100,0,96,8018,28,28,,,,,100,0,100,0,200,0,,,,,,,,,,,,,,,,,,,,,,,,,,,100,25965,100,43641742752,100,134689437660,,,,,,,,,,
2019-01-30,Z305D4AR,ST4000DM000,4000787030016,0,115,86572704,,,94,0,100,6,100,0,83,223906106,,,71,26059,100,0,,,100,6,,,,,,,,,,,,,,,,,,,,,,,,,,,,,,,98,2,100,0,100,0,100,0,100,0,71,29,100,0,100,0,96,8018,29,29,,,,,100,0,100,0,200,0,,,,,,,,,,,,,,,,,,,,,,,,,,,100,25981,100,43664532248,100,134766715452,,,,,,,,,,
2019-01-31,Z305D4AR,ST4000DM000,4000787030016,0,105,8434616,,,94,0,100,6,100,0,83,225494107,,,71,26091,100,0,,,100,6,,,,,,,,,,,,,,,,,,,,,,,,,,,,,,,98,2,100,0,100,0,100,0,100,0,72,28,100,0,100,0,96,8018,28,28,,,,,100,0,100,0,200,0,,,,,,,,,,,,,,,,,,,,,,,,,,,100,26013,100,43688040256,100,134916568424,,,,,,,,,,
2019-02-01,Z305D4AR,ST4000DM000,4000787030016,0,117,121107208,,,94,0,100,6,100,0,83,226545467,,,71,26107,100,0,,,100,6,,,,,,,,,,,,,,,,,,,,,,,,,,,,,,,98,2,100,0,100,0,100,0,100,0,72,28,100,0,100,0,96,8018,28,28,,,,,100,0,100,0,200,0,,,,,,,,,,,,,,,,,,,,,,,,,,,100,26029,100,43699691752,100,134986333075,,,,,,,,,,
2019-02-02,Z305D4AR,ST4000DM000,4000787030016,0,110,26474344,,,94,0,100,6,100,0,83,228290835,,,71,26139,100,0,,,100,6,,,,,,,,,,,,,,,,,,,,,,,,,,,,,,,98,2,100,0,100,0,100,0,100,0,71,29,100,0,100,0,96,8018,29,29,,,,,100,0,100,0,200,0,,,,,,,,,,,,,,,,,,,,,,,,,,,100,26061,100,43715421600,100,135162354160,,,,,,,,,,
2019-02-03,Z305D4AR,ST4000DM000,4000787030016,0,118,179794328,,,94,0,100,6,100,0,83,229449871,,,71,26154,100,0,,,100,6,,,,,,,,,,,,,,,,,,,,,,,,,,,,,,,98,2,100,0,100,0,100,0,100,0,72,28,100,0,100,0,96,8018,28,28,,,,,100,0,100,0,200,0,,,,,,,,,,,,,,,,,,,,,,,,,,,100,26077,100,43727290304,100,135236043103,,,,,,,,,,
2019-02-04,Z305D4AR,ST4000DM000,4000787030016,0,119,229209560,,,94,0,100,6,100,0,83,230371125,,,71,26186,100,0,,,100,6,,,,,,,,,,,,,,,,,,,,,,,,,,,,,,,98,2,100,0,100,0,100,0,100,0,71,29,100,0,100,0,96,8018,29,29,,,,,100,0,100,0,200,0,,,,,,,,,,,,,,,,,,,,,,,,,,,100,26108,100,43748161280,100,135381595847,,,,,,,,,,
2019-02-05,Z305D4AR,ST4000DM000,4000787030016,0,111,33725528,,,94,0,100,6,100,0,83,231681762,,,71,26202,100,0,,,100,6,,,,,,,,,,,,,,,,,,,,,,,,,,,,,,,98,2,100,0,100,0,100,0,100,0,70,30,100,0,100,0,96,8018,30,30,,,,,100,0,100,0,200,0,,,,,,,,,,,,,,,,,,,,,,,,,,,100,26124,100,43770091336,100,135500515866,,,,,,,,,,
2019-02-06,Z305D4AR,ST4000DM000,4000787030016,0,112,44520424,,,94,0,100,6,100,0,83,234223129,,,71,26234,100,0,,,100,6,,,,,,,,,,,,,,,,,,,,,,,,,,,,,,,98,2,100,0,100,0,100,0,100,0,71,29,100,0,100,0,96,8018,29,29,,,,,100,0,100,0,200,0,,,,,,,,,,,,,,,,,,,,,,,,,,,100,26156,100,43792057288,100,135674638125,,,,,,,,,,
2019-02-07,Z305D4AR,ST4000DM000,4000787030016,0,119,220222984,,,94,0,100,6,100,0,83,234614108,,,71,26249,100,0,,,100,6,,,,,,,,,,,,,,,,,,,,,,,,,,,,,,,98,2,100,0,100,0,100,0,100,0,70,30,100,0,100,0,96,8018,30,30,,,,,100,0,100,0,200,0,,,,,,,,,,,,,,,,,,,,,,,,,,,100,26172,100,43803560824,100,135778203585,,,,,,,,,,
2019-02-08,Z305D4AR,ST4000DM000,4000787030016,0,117,166247368,,,94,0,100,6,100,0,84,236537085,,,70,26281,100,0,,,100,6,,,,,,,,,,,,,,,,,,,,,,,,,,,,,,,98,2,100,0,100,0,100,0,100,0,71,29,100,0,100,0,96,8018,29,29,,,,,100,0,100,0,200,0,,,,,,,,,,,,,,,,,,,,,,,,,,,100,26204,100,43841321376,100,135940949604,,,,,,,,,,
2019-02-09,Z305D4AR,ST4000DM000,4000787030016,0,117,163696704,,,94,0,100,6,100,0,84,237007332,,,70,26297,100,0,,,100,6,,,,,,,,,,,,,,,,,,,,,,,,,,,,,,,98,2,100,0,100,0,100,0,100,0,71,29,100,0,100,0,96,8018,29,29,,,,,100,0,100,0,200,0,,,,,,,,,,,,,,,,,,,,,,,,,,,100,26219,100,43856148432,100,136058378619,,,,,,,,,,
2019-02-10,Z305D4AR,ST4000DM000,4000787030016,0,115,98695192,,,94,0,100,6,100,0,84,237963619,,,70,26329,100,0,,,100,6,,,,,,,,,,,,,,,,,,,,,,,,,,,,,,,98,2,100,0,100,0,100,0,100,0,71,29,100,0,100,0,96,8018,29,29,,,,,100,0,100,0,200,0,,,,,,,,,,,,,,,,,,,,,,,,,,,100,26251,100,43892580576,100,136285419955,,,,,,,,,,
2019-02-11,Z305D4AR,ST4000DM000,4000787030016,0,114,75086480,,,94,0,100,6,100,0,84,238383738,,,70,26345,100,0,,,100,6,,,,,,,,,,,,,,,,,,,,,,,,,,,,,,,98,2,100,0,100,0,100,0,100,0,71,29,100,0,100,0,96,8018,29,29,,,,,100,0,100,0,200,0,,,,,,,,,,,,,,,,,,,,,,,,,,,100,26267,100,43911187584,100,136380450879,,,,,,,,,,
2019-02-12,Z305D4AR,ST4000DM000,4000787030016,0,115,98502048,,,94,0,100,6,100,0,84,240265006,,,70,26377,100,0,,,100,6,,,,,,,,,,,,,,,,,,,,,,,,,,,,,,,98,2,100,0,100,0,100,0,100,0,71,29,100,0,100,0,96,8018,29,29,,,,,100,0,100,0,200,0,,,,,,,,,,,,,,,,,,,,,,,,,,,100,26299,100,43945354712,100,136663818073,,,,,,,,,,
2019-02-13,Z305D4AR,ST4000DM000,4000787030016,0,118,186019088,,,94,0,100,6,100,0,84,240675199,,,70,26393,100,0,,,100,6,,,,,,,,,,,,,,,,,,,,,,,,,,,,,,,98,2,100,0,100,0,100,0,100,0,72,28,100,0,100,0,96,8018,28,28,,,,,100,0,100,0,200,0,,,,,,,,,,,,,,,,,,,,,,,,,,,100,26315,100,43959263920,100,136780631693,,,,,,,,,,
2019-02-14,Z305D4AR,ST4000DM000,4000787030016,0,117,128784088,,,94,0,100,6,100,0,84,241650923,,,70,26424,100,0,,,100,6,,,,,,,,,,,,,,,,,,,,,,,,,,,,,,,98,2,100,0,100,0,100,0,100,0,71,29,100,0,100,0,96,8018,29,29,,,,,100,0,100,0,200,0,,,,,,,,,,,,,,,,,,,,,,,,,,,100,26346,100,43976838792,100,137019949867,,,,,,,,,,
2019-02-15,Z305D4AR,ST4000DM000,4000787030016,0,112,44714376,,,94,0,100,6,100,0,84,243021723,,,70,26440,100,0,,,100,6,,,,,,,,,,,,,,,,,,,,,,,,,,,,,,,98,2,100,0,100,0,100,0,100,0,71,29,100,0,100,0,96,8018,29,29,,,,,100,0,100,0,200,0,,,,,,,,,,,,,,,,,,,,,,,,,,,100,26362,100,43991217752,100,137103474637,,,,,,,,,,
2019-02-16,Z305D4AR,ST4000DM000,4000787030016,0,114,81576152,,,94,0,100,6,100,0,84,244139521,,,70,26472,100,0,,,100,6,,,,,,,,,,,,,,,,,,,,,,,,,,,,,,,98,2,100,0,100,0,100,0,100,0,71,29,100,0,100,0,96,8018,29,29,,,,,100,0,100,0,200,0,,,,,,,,,,,,,,,,,,,,,,,,,,,100,26394,100,44008429072,100,137296689136,,,,,,,,,,
2019-02-17,Z305D4AR,ST4000DM000,4000787030016,0,111,34547224,,,94,0,100,6,100,0,84,245248427,,,70,26488,100,0,,,100,6,,,,,,,,,,,,,,,,,,,,,,,,,,,,,,,98,2,100,0,100,0,100,0,100,0,72,28,100,0,100,0,96,8018,28,28,,,,,100,0,100,0,200,0,,,,,,,,,,,,,,,,,,,,,,,,,,,100,26410,100,44025367528,100,137429878041,,,,,,,,,,
2019-02-18,Z305D4AR,ST4000DM000,4000787030016,0,117,144499840,,,94,0,100,6,100,0,84,246565640,,,70,26520,100,0,,,100,6,,,,,,,,,,,,,,,,,,,,,,,,,,,,,,,98,2,100,0,100,0,100,0,100,0,72,28,100,0,100,0,96,8018,28,28,,,,,100,0,100,0,200,0,,,,,,,,,,,,,,,,,,,,,,,,,,,100,26442,100,44046443480,100,137593547024,,,,,,,,,,
2019-02-19,Z305D4AR,ST4000DM000,4000787030016,0,112,45523304,,,94,0,100,6,100,0,84,247418897,,,70,26535,100,0,,,100,6,,,,,,,,,,,,,,,,,,,,,,,,,,,,,,,98,2,100,0,100,0,100,0,100,0,70,30,100,0,100,0,96,8018,30,30,,,,,100,0,100,0,200,0,,,,,,,,,,,,,,,,,,,,,,,,,,,100,26458,100,44066649072,100,137677677533,,,,,,,,,,
2019-02-20,Z305D4AR,ST4000DM000,4000787030016,0,119,217382776,,,94,0,100,6,100,0,84,249072481,,,70,26567,100,0,,,100,6,,,,,,,,,,,,,,,,,,,,,,,,,,,,,,,98,2,100,0,100,0,100,0,100,0,71,29,100,0,100,0,96,8018,29,29,,,,,100,0,100,0,200,0,,,,,,,,,,,,,,,,,,,,,,,,,,,100,26489,100,44093956240,100,137833039743,,,,,,,,,,
2019-02-21,Z305D4AR,ST4000DM000,4000787030016,0,119,234029752,,,94,0,100,6,100,0,84,250494676,,,70,26583,100,0,,,100,6,,,,,,,,,,,,,,,,,,,,,,,,,,,,,,,98,2,100,0,100,0,100,0,100,0,71,29,100,0,100,0,96,8018,29,29,,,,,100,0,100,0,200,0,,,,,,,,,,,,,,,,,,,,,,,,,,,100,26505,100,44111758336,100,137937098626,,,,,,,,,,
2019-02-22,Z305D4AR,ST4000DM000,4000787030016,0,119,217762672,,,94,0,100,6,100,0,84,253230531,,,70,26615,100,0,,,100,6,,,,,,,,,,,,,,,,,,,,,,,,,,,,,,,98,2,100,0,100,0,100,0,100,0,71,29,100,0,100,0,96,8018,29,29,,,,,100,0,100,0,200,0,,,,,,,,,,,,,,,,,,,,,,,,,,,100,26537,100,44130137984,100,138132742376,,,,,,,,,,
2019-02-23,Z305D4AR,ST4000DM000,4000787030016,0,117,126256576,,,94,0,100,6,100,0,84,253764566,,,70,26630,100,0,,,100,6,,,,,,,,,,,,,,,,,,,,,,,,,,,,,,,98,2,100,0,100,0,100,0,100,0,70,30,100,0,100,0,96,8018,30,30,,,,,100,0,100,0,200,0,,,,,,,,,,,,,,,,,,,,,,,,,,,100,26553,100,44135864424,100,138215570201,,,,,,,,,,
2019-02-24,Z305D4AR,ST4000DM000,4000787030016,0,118,183302944,,,94,0,100,6,100,0,84,255087967,,,70,26662,100,0,,,100,6,,,,,,,,,,,,,,,,,,,,,,,,,,,,,,,98,2,100,0,100,0,100,0,100,0,71,29,100,0,100,0,96,8018,29,29,,,,,100,0,100,0,200,0,,,,,,,,,,,,,,,,,,,,,,,,,,,100,26584,100,44150888120,100,138418432726,,,,,,,,,,
2019-02-25,Z305D4AR,ST4000DM000,4000787030016,0,115,91242320,,,94,0,100,6,100,0,84,255926729,,,70,26678,100,0,,,100,6,,,,,,,,,,,,,,,,,,,,,,,,,,,,,,,98,2,100,0,100,0,100,0,100,0,71,29,100,0,100,0,96,8018,29,29,,,,,100,0,100,0,200,0,,,,,,,,,,,,,,,,,,,,,,,,,,,100,26600,100,44158962024,100,138532338571,,,,,,,,,,
2019-02-26,Z305D4AR,ST4000DM000,4000787030016,0,120,241008160,,,94,0,100,6,100,0,84,258080422,,,70,26710,100,0,,,100,6,,,,,,,,,,,,,,,,,,,,,,,,,,,,,,,98,2,100,0,100,0,100,0,100,0,70,30,100,0,100,0,96,8018,30,30,,,,,100,0,100,0,200,0,,,,,,,,,,,,,,,,,,,,,,,,,,,100,26632,100,44178714232,100,138747349651,,,,,,,,,,
2019-02-27,Z305D4AR,ST4000DM000,4000787030016,0,114,81600256,,,94,0,100,6,100,0,84,258693063,,,70,26726,100,0,,,100,6,,,,,,,,,,,,,,,,,,,,,,,,,,,,,,,98,2,100,0,100,0,100,0,100,0,71,29,100,0,100,0,96,8018,29,29,,,,,100,0,100,0,200,0,,,,,,,,,,,,,,,,,,,,,,,,,,,100,26648,100,44186143016,100,138813269890,,,,,,,,,,
2019-02-28,Z305D4AR,ST4000DM000,4000787030016,0,118,175818776,,,94,0,100,6,100,0,84,259897377,,,70,26757,100,0,,,100,6,,,,,,,,,,,,,,,,,,,,,,,,,,,,,,,98,2,100,0,100,0,100,0,100,0,72,28,100,0,100,0,96,8018,28,28,,,,,100,0,100,0,200,0,,,,,,,,,,,,,,,,,,,,,,,,,,,100,26680,100,44204620848,100,139012698664,,,,,,,,,,
2019-03-01,Z305D4AR,ST4000DM000,4000787030016,0,111,37786224,,,94,0,100,6,100,0,84,261121004,,,70,26773,100,0,,,100,6,,,,,,,,,,,,,,,,,,,,,,,,,,,,,,,98,2,100,0,100,0,100,0,100,0,73,27,100,0,100,0,96,8018,27,27,,,,,100,0,100,0,200,0,,,,,,,,,,,,,,,,,,,,,,,,,,,100,26695,100,44215489944,100,139058610468,,,,,,,,,,
2019-03-02,Z305D4AR,ST4000DM000,4000787030016,0,114,82695600,,,94,0,100,6,100,0,84,261648878,,,70,26805,100,0,,,100,6,,,,,,,,,,,,,,,,,,,,,,,,,,,,,,,98,2,100,0,100,0,100,0,100,0,72,28,100,0,100,0,96,8018,28,28,,,,,100,0,100,0,200,0,,,,,,,,,,,,,,,,,,,,,,,,,,,100,26727,100,44228354960,100,139116196397,,,,,,,,,,
2019-03-03,Z305D4AR,ST4000DM000,4000787030016,0,115,99025896,,,94,0,100,6,100,0,84,262215929,,,70,26821,100,0,,,100,6,,,,,,,,,,,,,,,,,,,,,,,,,,,,,,,98,2,100,0,100,0,100,0,100,0,72,28,100,0,100,0,96,8018,28,28,,,,,100,0,100,0,200,0,,,,,,,,,,,,,,,,,,,,,,,,,,,100,26743,100,44235073408,100,139199764072,,,,,,,,,,
2019-03-04,Z305D4AR,ST4000DM000,4000787030016,0,119,234126648,,,94,0,100,6,100,0,84,263739159,,,70,26852,100,0,,,100,6,,,,,,,,,,,,,,,,,,,,,,,,,,,,,,,98,2,100,0,100,0,100,0,100,0,71,29,100,0,100,0,96,8018,29,29,,,,,100,0,100,0,200,0,,,,,,,,,,,,,,,,,,,,,,,,,,,100,26775,100,44262469736,100,139396410436,,,,,,,,,,
2019-03-05,Z305D4AR,ST4000DM000,4000787030016,0,120,1878928,,,94,0,100,6,100,0,84,264567681,,,70,26868,100,0,,,100,6,,,,,,,,,,,,,,,,,,,,,,,,,,,,,,,98,2,100,0,100,0,100,0,100,0,71,29,100,0,100,0,96,8018,29,29,,,,,100,0,100,0,200,0,,,,,,,,,,,,,,,,,,,,,,,,,,,100,26791,100,44271198288,100,139495776767,,,,,,,,,,
2019-03-06,Z305D4AR,ST4000DM000,4000787030016,0,114,60192208,,,94,0,100,6,100,0,84,266842037,,,70,26900,100,0,,,100,6,,,,,,,,,,,,,,,,,,,,,,,,,,,,,,,98,2,100,0,100,0,100,0,100,0,72,28,100,0,100,0,96,8018,28,28,,,,,100,0,100,0,200,0,,,,,,,,,,,,,,,,,,,,,,,,,,,100,26822,100,44293730736,100,139693506813,,,,,,,,,,
2019-03-07,Z305D4AR,ST4000DM000,4000787030016,0,117,146850336,,,94,0,100,6,100,0,84,267363697,,,70,26916,100,0,,,100,6,,,,,,,,,,,,,,,,,,,,,,,,,,,,,,,98,2,100,0,100,0,100,0,100,0,70,30,100,0,100,0,96,8018,30,30,,,,,100,0,100,0,200,0,,,,,,,,,,,,,,,,,,,,,,,,,,,100,26838,100,44303702576,100,139747428549,,,,,,,,,,
2019-03-08,Z305D4AR,ST4000DM000,4000787030016,0,117,156212448,,,94,0,100,6,100,0,84,269308746,,,70,26948,100,0,,,100,6,,,,,,,,,,,,,,,,,,,,,,,,,,,,,,,98,2,100,0,100,0,100,0,100,0,71,29,100,0,100,0,96,8018,29,29,,,,,100,0,100,0,200,0,,,,,,,,,,,,,,,,,,,,,,,,,,,100,26870,100,44323403032,100,139872197615,,,,,,,,,,
2019-03-09,Z305D4AR,ST4000DM000,4000787030016,0,115,85380392,,,94,0,100,6,100,0,84,269897231,,,70,26963,100,0,,,100,6,,,,,,,,,,,,,,,,,,,,,,,,,,,,,,,98,2,100,0,100,0,100,0,100,0,71,29,100,0,100,0,96,8018,29,29,,,,,100,0,100,0,200,0,,,,,,,,,,,,,,,,,,,,,,,,,,,100,26886,100,44330796536,100,139933717205,,,,,,,,,,
2019-03-10,Z305D4AR,ST4000DM000,4000787030016,0,118,171776488,,,94,0,100,6,100,0,84,272271718,,,70,26995,100,0,,,100,6,,,,,,,,,,,,,,,,,,,,,,,,,,,,,,,98,2,100,0,100,0,100,0,100,0,72,28,100,0,100,0,96,8018,28,28,,,,,100,0,100,0,200,0,,,,,,,,,,,,,,,,,,,,,,,,,,,100,26917,100,44357751064,100,140043438391,,,,,,,,,,
2019-03-11,Z305D4AR,ST4000DM000,4000787030016,0,117,166030768,,,94,0,100,6,100,0,84,272760055,,,70,27011,100,0,,,100,6,,,,,,,,,,,,,,,,,,,,,,,,,,,,,,,98,2,100,0,100,0,100,0,100,0,71,29,100,0,100,0,96,8018,29,29,,,,,100,0,100,0,200,0,,,,,,,,,,,,,,,,,,,,,,,,,,,100,26933,100,44373195920,100,140085414346,,,,,,,,,,
2019-03-12,Z305D4AR,ST4000DM000,4000787030016,0,118,185019592,,,94,0,100,6,100,0,84,274692258,,,70,27043,100,0,,,100,6,,,,,,,,,,,,,,,,,,,,,,,,,,,,,,,98,2,100,0,100,0,100,0,100,0,71,29,100,0,100,0,96,8018,29,29,,,,,100,0,100,0,200,0,,,,,,,,,,,,,,,,,,,,,,,,,,,100,26965,100,44409922864,100,140209158412,,,,,,,,,,
2019-03-13,Z305D4AR,ST4000DM000,4000787030016,0,117,144480904,,,94,0,100,6,100,0,84,276267966,,,70,27074,100,0,,,100,6,,,,,,,,,,,,,,,,,,,,,,,,,,,,,,,98,2,100,0,100,0,100,0,100,0,72,28,100,0,100,0,96,8018,28,28,,,,,100,0,100,0,200,0,,,,,,,,,,,,,,,,,,,,,,,,,,,100,26997,100,44442070344,100,140378868462,,,,,,,,,,
2019-03-14,Z305D4AR,ST4000DM000,4000787030016,0,119,232155888,,,94,0,100,6,100,0,84,276726097,,,70,27090,100,0,,,100,6,,,,,,,,,,,,,,,,,,,,,,,,,,,,,,,98,2,100,0,100,0,100,0,100,0,72,28,100,0,100,0,96,8018,28,28,,,,,100,0,100,0,200,0,,,,,,,,,,,,,,,,,,,,,,,,,,,100,27012,100,44455578784,100,140434373650,,,,,,,,,,
2019-03-15,Z305D4AR,ST4000DM000,4000787030016,0,109,24563992,,,94,0,100,6,100,0,84,278701284,,,70,27122,100,0,,,100,6,,,,,,,,,,,,,,,,,,,,,,,,,,,,,,,98,2,100,0,100,0,100,0,100,0,71,29,100,0,100,0,96,8018,29,29,,,,,100,0,100,0,200,0,,,,,,,,,,,,,,,,,,,,,,,,,,,100,27044,100,44484700440,100,140563407850,,,,,,,,,,
2019-03-16,Z305D4AR,ST4000DM000,4000787030016,0,116,101931256,,,94,0,100,6,100,0,84,279236956,,,70,27138,100,0,,,100,6,,,,,,,,,,,,,,,,,,,,,,,,,,,,,,,98,2,100,0,100,0,100,0,100,0,72,28,100,0,100,0,96,8018,28,28,,,,,100,0,100,0,200,0,,,,,,,,,,,,,,,,,,,,,,,,,,,100,27060,100,44498886096,100,140616220101,,,,,,,,,,
2019-03-17,Z305D4AR,ST4000DM000,4000787030016,0,116,105000600,,,94,0,100,6,100,0,84,280378177,,,69,27169,100,0,,,100,6,,,,,,,,,,,,,,,,,,,,,,,,,,,,,,,98,2,100,0,100,0,100,0,100,0,73,27,100,0,100,0,96,8018,27,27,,,,,100,0,100,0,200,0,,,,,,,,,,,,,,,,,,,,,,,,,,,100,27092,100,44515766288,100,140728983189,,,,,,,,,,
2019-03-18,Z305D4AR,ST4000DM000,4000787030016,0,115,96222776,,,94,0,100,6,100,0,84,280718909,,,69,27185,100,0,,,100,6,,,,,,,,,,,,,,,,,,,,,,,,,,,,,,,98,2,100,0,100,0,100,0,100,0,73,27,100,0,100,0,96,8018,27,27,,,,,100,0,100,0,200,0,,,,,,,,,,,,,,,,,,,,,,,,,,,100,27107,100,44524015368,100,140763335561,,,,,,,,,,
2019-03-19,Z305D4AR,ST4000DM000,4000787030016,0,115,87774208,,,94,0,100,6,100,0,84,282312550,,,69,27217,100,0,,,100,6,,,,,,,,,,,,,,,,,,,,,,,,,,,,,,,98,2,100,0,100,0,100,0,100,0,72,28,100,0,100,0,96,8018,28,28,,,,,100,0,100,0,200,0,,,,,,,,,,,,,,,,,,,,,,,,,,,100,27139,100,44546317096,100,140827267549,,,,,,,,,,
2019-03-20,Z305D4AR,ST4000DM000,4000787030016,0,114,64306560,,,94,0,100,6,100,0,84,282603977,,,69,27233,100,0,,,100,6,,,,,,,,,,,,,,,,,,,,,,,,,,,,,,,98,2,100,0,100,0,100,0,100,0,71,29,100,0,100,0,96,8018,29,29,,,,,100,0,100,0,200,0,,,,,,,,,,,,,,,,,,,,,,,,,,,100,27155,100,44554433384,100,140849941316,,,,,,,,,,
2019-03-21,Z305D4AR,ST4000DM000,4000787030016,0,119,216632272,,,94,0,100,6,100,0,84,283593161,,,69,27264,100,0,,,100,6,,,,,,,,,,,,,,,,,,,,,,,,,,,,,,,98,2,100,0,100,0,100,0,100,0,71,29,100,0,100,0,96,8018,29,29,,,,,100,0,100,0,200,0,,,,,,,,,,,,,,,,,,,,,,,,,,,100,27186,100,44586244424,100,140959593049,,,,,,,,,,
2019-03-22,Z305D4AR,ST4000DM000,4000787030016,0,108,18441056,,,94,0,100,6,100,0,84,284994174,,,69,27280,100,0,,,100,6,,,,,,,,,,,,,,,,,,,,,,,,,,,,,,,98,2,100,0,100,0,100,0,100,0,71,29,100,0,100,0,96,8018,29,29,,,,,100,0,100,0,200,0,,,,,,,,,,,,,,,,,,,,,,,,,,,100,27202,100,44597968544,100,141036244327,,,,,,,,,,
2019-03-23,Z305D4AR,ST4000DM000,4000787030016,0,109,24043552,,,94,0,100,6,100,0,84,286366189,,,69,27312,100,0,,,100,6,,,,,,,,,,,,,,,,,,,,,,,,,,,,,,,98,2,100,0,100,0,100,0,100,0,72,28,100,0,100,0,96,8018,28,28,,,,,100,0,100,0,200,0,,,,,,,,,,,,,,,,,,,,,,,,,,,100,27234,100,44625220112,100,141183809520,,,,,,,,,,
2019-03-24,Z305D4AR,ST4000DM000,4000787030016,0,119,215096544,,,94,0,100,6,100,0,84,287274445,,,69,27327,100,0,,,100,6,,,,,,,,,,,,,,,,,,,,,,,,,,,,,,,98,2,100,0,100,0,100,0,100,0,71,29,100,0,100,0,96,8018,29,29,,,,,100,0,100,0,200,0,,,,,,,,,,,,,,,,,,,,,,,,,,,100,27250,100,44634051168,100,141268931098,,,,,,,,,,
2019-03-25,Z305D4AR,ST4000DM000,4000787030016,0,105,9585944,,,94,0,100,6,100,0,84,289214052,,,69,27359,100,0,,,100,6,,,,,,,,,,,,,,,,,,,,,,,,,,,,,,,98,2,100,0,100,0,100,0,100,0,71,29,100,0,100,0,96,8018,29,29,,,,,100,0,100,0,200,0,,,,,,,,,,,,,,,,,,,,,,,,,,,100,27281,100,44661155168,100,141431325468,,,,,,,,,,
2019-03-26,Z305D4AR,ST4000DM000,4000787030016,0,115,94666720,,,94,0,100,6,100,0,84,289860560,,,69,27375,100,0,,,100,6,,,,,,,,,,,,,,,,,,,,,,,,,,,,,,,98,2,100,0,100,0,100,0,100,0,72,28,100,0,100,0,96,8018,28,28,,,,,100,0,100,0,200,0,,,,,,,,,,,,,,,,,,,,,,,,,,,100,27297,100,44673600984,100,141517695308,,,,,,,,,,
2019-03-27,Z305D4AR,ST4000DM000,4000787030016,0,118,171962112,,,94,0,100,6,100,0,84,293215709,,,69,27406,100,0,,,100,6,,,,,,,,,,,,,,,,,,,,,,,,,,,,,,,98,2,100,0,100,0,100,0,100,0,72,28,100,0,100,0,96,8018,28,28,,,,,100,0,100,0,200,0,,,,,,,,,,,,,,,,,,,,,,,,,,,100,27329,100,44699922760,100,141720441237,,,,,,,,,,
2019-03-28,Z305D4AR,ST4000DM000,4000787030016,0,117,136634992,,,94,0,100,6,100,0,84,293837633,,,69,27422,100,0,,,100,6,,,,,,,,,,,,,,,,,,,,,,,,,,,,,,,98,2,100,0,100,0,100,0,100,0,71,29,100,0,100,0,96,8018,29,29,,,,,100,0,100,0,200,0,,,,,,,,,,,,,,,,,,,,,,,,,,,100,27344,100,44713074528,100,141803000538,,,,,,,,,,
2019-03-29,Z305D4AR,ST4000DM000,4000787030016,0,118,186469512,,,94,0,100,6,100,0,84,295697225,,,69,27453,100,0,,,100,6,,,,,,,,,,,,,,,,,,,,,,,,,,,,,,,98,2,100,0,100,0,100,0,100,0,72,28,100,0,100,0,96,8018,28,28,,,,,100,0,100,0,200,0,,,,,,,,,,,,,,,,,,,,,,,,,,,100,27376,100,44742443112,100,141931583675,,,,,,,,,,
2019-03-30,Z305D4AR,ST4000DM000,4000787030016,0,118,184369696,,,94,0,100,6,100,0,84,296124462,,,69,27469,100,0,,,100,6,,,,,,,,,,,,,,,,,,,,,,,,,,,,,,,98,2,100,0,100,0,100,0,100,0,71,29,100,0,100,0,96,8018,29,29,,,,,100,0,100,0,200,0,,,,,,,,,,,,,,,,,,,,,,,,,,,100,27391,100,44754573344,100,142035075220,,,,,,,,,,
2019-03-31,Z305D4AR,ST4000DM000,4000787030016,0,116,110488128,,,94,0,100,6,100,0,84,296951994,,,69,27500,100,0,,,100,6,,,,,,,,,,,,,,,,,,,,,,,,,,,,,,,98,2,100,0,100,0,100,0,100,0,71,29,100,0,100,0,96,8018,29,29,,,,,100,0,100,0,200,0,,,,,,,,,,,,,,,,,,,,,,,,,,,100,27422,100,44778275232,100,142253341673,,,,,,,,,,
2019-04-01,Z305D4AR,ST4000DM000,4000787030016,0,109,23532104,,,94,0,100,6,100,0,84,297325139,,,69,27516,100,0,,,100,6,,,,,,,,,,,,,,,,,,,,,,,,,,,,,,,98,2,100,0,100,0,100,0,100,0,72,28,100,0,100,0,96,8018,28,28,,,,,100,0,100,0,200,0,,,,,,,,,,,,,,,,,,,,,,,,,,,100,27438,100,44788976072,100,142358557808,,,,,,,,,,
2019-04-02,Z305D4AR,ST4000DM000,4000787030016,0,119,209106344,,,94,0,100,6,100,0,84,299311329,,,69,27547,100,0,,,100,6,,,,,,,,,,,,,,,,,,,,,,,,,,,,,,,98,2,100,0,100,0,100,0,100,0,72,28,100,0,100,0,96,8018,28,28,,,,,100,0,100,0,200,0,,,,,,,,,,,,,,,,,,,,,,,,,,,100,27470,100,44824618560,100,142587391919,,,,,,,,,,
2019-04-03,Z305D4AR,ST4000DM000,4000787030016,0,118,196582112,,,94,0,100,6,100,0,84,299754280,,,69,27563,100,0,,,100,6,,,,,,,,,,,,,,,,,,,,,,,,,,,,,,,98,2,100,0,100,0,100,0,100,0,72,28,100,0,100,0,96,8018,28,28,,,,,100,0,100,0,200,0,,,,,,,,,,,,,,,,,,,,,,,,,,,100,27485,100,44837498824,100,142723170438,,,,,,,,,,
2019-04-04,Z305D4AR,ST4000DM000,4000787030016,0,119,220498888,,,94,0,100,6,100,0,84,300406830,,,69,27594,100,0,,,100,6,,,,,,,,,,,,,,,,,,,,,,,,,,,,,,,98,2,100,0,100,0,100,0,100,0,72,28,100,0,100,0,96,8018,28,28,,,,,100,0,100,0,200,0,,,,,,,,,,,,,,,,,,,,,,,,,,,100,27517,100,44853067056,100,142962869779,,,,,,,,,,
2019-04-05,Z305D4AR,ST4000DM000,4000787030016,0,117,167039600,,,94,0,100,6,100,0,84,302136134,,,69,27626,100,0,,,100,6,,,,,,,,,,,,,,,,,,,,,,,,,,,,,,,98,2,100,0,100,0,100,0,100,0,72,28,100,0,100,0,96,8018,28,28,,,,,100,0,100,0,200,0,,,,,,,,,,,,,,,,,,,,,,,,,,,100,27548,100,44882581688,100,143073041258,,,,,,,,,,
2019-04-06,Z305D4AR,ST4000DM000,4000787030016,0,117,123632744,,,94,0,100,6,100,0,84,302635897,,,69,27641,100,0,,,100,6,,,,,,,,,,,,,,,,,,,,,,,,,,,,,,,98,2,100,0,100,0,100,0,100,0,71,29,100,0,100,0,96,8018,29,29,,,,,100,0,100,0,200,0,,,,,,,,,,,,,,,,,,,,,,,,,,,100,27564,100,44891166000,100,143184063542,,,,,,,,,,
2019-04-07,Z305D4AR,ST4000DM000,4000787030016,0,113,54257480,,,94,0,100,6,100,0,84,303747174,,,69,27673,100,0,,,100,6,,,,,,,,,,,,,,,,,,,,,,,,,,,,,,,98,2,100,0,100,0,100,0,100,0,72,28,100,0,100,0,96,8018,28,28,,,,,100,0,100,0,200,0,,,,,,,,,,,,,,,,,,,,,,,,,,,100,27595,100,44910017680,100,143363922025,,,,,,,,,,
2019-04-08,Z305D4AR,ST4000DM000,4000787030016,0,117,157811816,,,94,0,100,6,100,0,84,304261198,,,69,27689,100,0,,,100,6,,,,,,,,,,,,,,,,,,,,,,,,,,,,,,,98,2,100,0,100,0,100,0,100,0,72,28,100,0,100,0,96,8018,28,28,,,,,100,0,100,0,200,0,,,,,,,,,,,,,,,,,,,,,,,,,,,100,27611,100,44915843352,100,143458583449,,,,,,,,,,
2019-04-09,Z305D4AR,ST4000DM000,4000787030016,0,117,123890104,,,94,0,100,6,100,0,84,306831599,,,69,27720,100,0,,,100,6,,,,,,,,,,,,,,,,,,,,,,,,,,,,,,,98,2,100,0,100,0,100,0,100,0,71,29,100,0,100,0,96,8018,29,29,,,,,100,0,100,0,200,0,,,,,,,,,,,,,,,,,,,,,,,,,,,100,27642,100,44943428824,100,143669421417,,,,,,,,,,
2019-04-10,Z305D4AR,ST4000DM000,4000787030016,0,115,96847640,,,94,0,100,6,100,0,84,307625152,,,69,27736,100,0,,,100,6,,,,,,,,,,,,,,,,,,,,,,,,,,,,,,,98,2,100,0,100,0,100,0,100,0,71,29,100,0,100,0,96,8018,29,29,,,,,100,0,100,0,200,0,,,,,,,,,,,,,,,,,,,,,,,,,,,100,27658,100,44956282248,100,143776844532,,,,,,,,,,
2019-04-11,Z305D4AR,ST4000DM000,4000787030016,0,116,115837576,,,94,0,100,6,100,0,84,308708567,,,69,27767,100,0,,,100,6,,,,,,,,,,,,,,,,,,,,,,,,,,,,,,,98,2,100,0,100,0,100,0,100,0,73,27,100,0,100,0,96,8018,27,27,,,,,100,0,100,0,200,0,,,,,,,,,,,,,,,,,,,,,,,,,,,100,27690,100,44979555888,100,143944861764,,,,,,,,,,
2019-04-12,Z305D4AR,ST4000DM000,4000787030016,0,117,135361720,,,94,0,100,6,100,0,84,310101855,,,69,27783,100,0,,,100,6,,,,,,,,,,,,,,,,,,,,,,,,,,,,,,,98,2,100,0,100,0,100,0,100,0,73,27,100,0,100,0,96,8018,27,27,,,,,100,0,100,0,200,0,,,,,,,,,,,,,,,,,,,,,,,,,,,100,27705,100,44991490432,100,144025594653,,,,,,,,,,
2019-04-13,Z305D4AR,ST4000DM000,4000787030016,0,114,81819496,,,94,0,100,6,100,0,84,312362986,,,69,27814,100,0,,,100,6,,,,,,,,,,,,,,,,,,,,,,,,,,,,,,,98,2,100,0,100,0,100,0,100,0,72,28,100,0,100,0,96,8018,28,28,,,,,100,0,100,0,200,0,,,,,,,,,,,,,,,,,,,,,,,,,,,100,27737,100,45017726960,100,144166080378,,,,,,,,,,
2019-04-14,Z305D4AR,ST4000DM000,4000787030016,0,119,225775696,,,94,0,100,6,100,0,84,313032155,,,69,27830,100,0,,,100,6,,,,,,,,,,,,,,,,,,,,,,,,,,,,,,,98,2,100,0,100,0,100,0,100,0,71,29,100,0,100,0,96,8018,29,29,,,,,100,0,100,0,200,0,,,,,,,,,,,,,,,,,,,,,,,,,,,100,27752,100,45025816240,100,144275707602,,,,,,,,,,
2019-04-15,Z305D4AR,ST4000DM000,4000787030016,0,105,9952072,,,94,0,100,6,100,0,84,314411895,,,69,27862,100,0,,,100,6,,,,,,,,,,,,,,,,,,,,,,,,,,,,,,,98,2,100,0,100,0,100,0,100,0,71,29,100,0,100,0,96,8018,29,29,,,,,100,0,100,0,200,0,,,,,,,,,,,,,,,,,,,,,,,,,,,100,27784,100,45040829672,100,144483683855,,,,,,,,,,
2019-04-16,Z305D4AR,ST4000DM000,4000787030016,0,119,227494552,,,94,0,100,6,100,0,84,315202525,,,69,27877,100,0,,,100,6,,,,,,,,,,,,,,,,,,,,,,,,,,,,,,,98,2,100,0,100,0,100,0,100,0,71,29,100,0,100,0,96,8018,29,29,,,,,100,0,100,0,200,0,,,,,,,,,,,,,,,,,,,,,,,,,,,100,27800,100,45055644784,100,144595643265,,,,,,,,,,
2019-04-17,Z305D4AR,ST4000DM000,4000787030016,0,112,49308472,,,94,0,100,6,100,0,84,317393516,,,69,27909,100,0,,,100,6,,,,,,,,,,,,,,,,,,,,,,,,,,,,,,,98,2,100,0,100,0,100,0,100,0,71,29,100,0,100,0,96,8018,29,29,,,,,100,0,100,0,200,0,,,,,,,,,,,,,,,,,,,,,,,,,,,100,27831,100,45079261376,100,144768776189,,,,,,,,,,
2019-04-18,Z305D4AR,ST4000DM000,4000787030016,0,114,79768688,,,94,0,100,6,100,0,84,317909050,,,69,27925,100,0,,,100,6,,,,,,,,,,,,,,,,,,,,,,,,,,,,,,,98,2,100,0,100,0,100,0,100,0,71,29,100,0,100,0,96,8018,29,29,,,,,100,0,100,0,200,0,,,,,,,,,,,,,,,,,,,,,,,,,,,100,27847,100,45090570248,100,144850544911,,,,,,,,,,
2019-04-19,Z305D4AR,ST4000DM000,4000787030016,0,119,232250088,,,94,0,100,6,100,0,84,319820368,,,69,27956,100,0,,,100,6,,,,,,,,,,,,,,,,,,,,,,,,,,,,,,,98,2,100,0,100,0,100,0,100,0,72,28,100,0,100,0,96,8018,28,28,,,,,100,0,100,0,200,0,,,,,,,,,,,,,,,,,,,,,,,,,,,100,27879,100,45113489528,100,145022215364,,,,,,,,,,
2019-04-20,Z305D4AR,ST4000DM000,4000787030016,0,119,201566432,,,94,0,100,6,100,0,84,320275976,,,69,27972,100,0,,,100,6,,,,,,,,,,,,,,,,,,,,,,,,,,,,,,,98,2,100,0,100,0,100,0,100,0,71,29,100,0,100,0,96,8018,29,29,,,,,100,0,100,0,200,0,,,,,,,,,,,,,,,,,,,,,,,,,,,100,27894,100,45123045896,100,145087852513,,,,,,,,,,
2019-04-21,Z305D4AR,ST4000DM000,4000787030016,0,114,82129376,,,94,0,100,6,100,0,84,321255741,,,69,28004,100,0,,,100,6,,,,,,,,,,,,,,,,,,,,,,,,,,,,,,,98,2,100,0,100,0,100,0,100,0,71,29,100,0,100,0,96,8018,29,29,,,,,100,0,100,0,200,0,,,,,,,,,,,,,,,,,,,,,,,,,,,100,27926,100,45144302560,100,145202713465,,,,,,,,,,
2019-04-22,Z305D4AR,ST4000DM000,4000787030016,0,117,156939648,,,94,0,100,6,100,0,84,321875110,,,69,28019,100,0,,,100,6,,,,,,,,,,,,,,,,,,,,,,,,,,,,,,,98,2,100,0,100,0,100,0,100,0,72,28,100,0,100,0,96,8018,28,28,,,,,100,0,100,0,200,0,,,,,,,,,,,,,,,,,,,,,,,,,,,100,27942,100,45153166704,100,145284685850,,,,,,,,,,
2019-04-23,Z305D4AR,ST4000DM000,4000787030016,0,119,647832,,,94,0,100,6,100,0,84,324423128,,,68,28051,100,0,,,100,6,,,,,,,,,,,,,,,,,,,,,,,,,,,,,,,98,2,100,0,100,0,100,0,100,0,72,28,100,0,100,0,96,8018,28,28,,,,,100,0,100,0,200,0,,,,,,,,,,,,,,,,,,,,,,,,,,,100,27973,100,45185357880,100,145505817109,,,,,,,,,,
2019-04-24,Z305D4AR,ST4000DM000,4000787030016,0,117,152426232,,,94,0,100,6,100,0,84,325967915,,,68,28082,100,0,,,100,6,,,,,,,,,,,,,,,,,,,,,,,,,,,,,,,98,2,100,0,100,0,100,0,100,0,71,29,100,0,100,0,96,8018,29,29,,,,,100,0,100,0,200,0,,,,,,,,,,,,,,,,,,,,,,,,,,,100,28005,100,45209851640,100,145691849325,,,,,,,,,,
2019-04-25,Z305D4AR,ST4000DM000,4000787030016,0,117,133197760,,,94,0,100,6,100,0,84,326662216,,,68,28098,100,0,,,100,6,,,,,,,,,,,,,,,,,,,,,,,,,,,,,,,98,2,100,0,100,0,100,0,100,0,73,27,100,0,100,0,96,8018,27,27,,,,,100,0,100,0,200,0,,,,,,,,,,,,,,,,,,,,,,,,,,,100,28020,100,45238007600,100,145777962364,,,,,,,,,,
2019-04-26,Z305D4AR,ST4000DM000,4000787030016,0,118,182508168,,,94,0,100,6,100,0,84,329340737,,,68,28130,100,0,,,100,6,,,,,,,,,,,,,,,,,,,,,,,,,,,,,,,98,2,100,0,100,0,100,0,100,0,70,30,100,0,100,0,96,8018,30,30,,,,,100,0,100,0,200,0,,,,,,,,,,,,,,,,,,,,,,,,,,,100,28052,100,45281012240,100,145900720474,,,,,,,,,,
2019-04-27,Z305D4AR,ST4000DM000,4000787030016,0,116,102382768,,,94,0,100,6,100,0,84,329819320,,,68,28145,100,0,,,100,6,,,,,,,,,,,,,,,,,,,,,,,,,,,,,,,98,2,100,0,100,0,100,0,100,0,71,29,100,0,100,0,96,8018,29,29,,,,,100,0,100,0,200,0,,,,,,,,,,,,,,,,,,,,,,,,,,,100,28068,100,45289915304,100,145945376320,,,,,,,,,,
2019-04-28,Z305D4AR,ST4000DM000,4000787030016,0,120,242828016,,,94,0,100,6,100,0,84,331028526,,,68,28177,100,0,,,100,6,,,,,,,,,,,,,,,,,,,,,,,,,,,,,,,98,2,100,0,100,0,100,0,100,0,71,29,100,0,100,0,96,8018,29,29,,,,,100,0,100,0,200,0,,,,,,,,,,,,,,,,,,,,,,,,,,,100,28099,100,45312467256,100,146063864521,,,,,,,,,,
2019-04-29,Z305D4AR,ST4000DM000,4000787030016,0,113,55199640,,,94,0,100,6,100,0,84,331262384,,,68,28192,100,0,,,100,6,,,,,,,,,,,,,,,,,,,,,,,,,,,,,,,98,2,100,0,100,0,100,0,100,0,71,29,100,0,100,0,96,8018,29,29,,,,,100,0,100,0,200,0,,,,,,,,,,,,,,,,,,,,,,,,,,,100,28115,100,45321188832,100,146080875786,,,,,,,,,,
2019-04-30,Z305D4AR,ST4000DM000,4000787030016,0,105,8567584,,,94,0,100,6,100,0,84,333053281,,,68,28224,100,0,,,100,6,,,,,,,,,,,,,,,,,,,,,,,,,,,,,,,98,2,100,0,100,0,100,0,100,0,71,29,100,0,100,0,96,8018,29,29,,,,,100,0,100,0,200,0,,,,,,,,,,,,,,,,,,,,,,,,,,,100,28146,100,45341446200,100,146182124691,,,,,,,,,,
2019-05-01,Z305D4AR,ST4000DM000,4000787030016,0,118,183726296,,,94,0,100,6,100,0,84,333757069,,,68,28239,100,0,,,100,6,,,,,,,,,,,,,,,,,,,,,,,,,,,,,,,98,2,100,0,100,0,100,0,100,0,72,28,100,0,100,0,96,8018,28,28,,,,,100,0,100,0,200,0,,,,,,,,,,,,,,,,,,,,,,,,,,,100,28162,100,45349680352,100,146281088247,,,,,,,,,,
2019-05-02,Z305D4AR,ST4000DM000,4000787030016,0,105,9970288,,,94,0,100,6,100,0,84,334843920,,,68,28271,100,0,,,100,6,,,,,,,,,,,,,,,,,,,,,,,,,,,,,,,98,2,100,0,100,0,100,0,100,0,72,28,100,0,100,0,96,8018,28,28,,,,,100,0,100,0,200,0,,,,,,,,,,,,,,,,,,,,,,,,,,,100,28193,100,45370673112,100,146408916412,,,,,,,,,,
2019-05-03,Z305D4AR,ST4000DM000,4000787030016,0,111,30391848,,,94,0,100,6,100,0,85,336300689,,,68,28286,100,0,,,100,6,,,,,,,,,,,,,,,,,,,,,,,,,,,,,,,98,2,100,0,100,0,100,0,100,0,71,29,100,0,100,0,96,8018,29,29,,,,,100,0,100,0,200,0,,,,,,,,,,,,,,,,,,,,,,,,,,,100,28209,100,45390163320,100,146470831548,,,,,,,,,,
2019-05-04,Z305D4AR,ST4000DM000,4000787030016,0,115,87941312,,,94,0,100,6,100,0,85,337348180,,,68,28318,100,0,,,100,6,,,,,,,,,,,,,,,,,,,,,,,,,,,,,,,98,2,100,0,100,0,100,0,100,0,71,29,100,0,100,0,96,8018,29,29,,,,,100,0,100,0,200,0,,,,,,,,,,,,,,,,,,,,,,,,,,,100,28240,100,45413343000,100,146567508946,,,,,,,,,,
2019-05-05,Z305D4AR,ST4000DM000,4000787030016,0,118,179222952,,,94,0,100,6,100,0,85,338085930,,,68,28334,100,0,,,100,6,,,,,,,,,,,,,,,,,,,,,,,,,,,,,,,98,2,100,0,100,0,100,0,100,0,71,29,100,0,100,0,96,8018,29,29,,,,,100,0,100,0,200,0,,,,,,,,,,,,,,,,,,,,,,,,,,,100,28256,100,45430257712,100,146636939061,,,,,,,,,,
2019-05-06,Z305D4AR,ST4000DM000,4000787030016,0,112,49495136,,,94,0,100,6,100,0,85,339200662,,,68,28365,100,0,,,100,6,,,,,,,,,,,,,,,,,,,,,,,,,,,,,,,98,2,100,0,100,0,100,0,100,0,71,29,100,0,100,0,96,8018,29,29,,,,,100,0,100,0,200,0,,,,,,,,,,,,,,,,,,,,,,,,,,,100,28287,100,45458629768,100,146728525211,,,,,,,,,,
2019-05-07,Z305D4AR,ST4000DM000,4000787030016,0,114,72264760,,,94,0,100,6,100,0,85,339426841,,,68,28380,100,0,,,100,6,,,,,,,,,,,,,,,,,,,,,,,,,,,,,,,98,2,100,0,100,0,100,0,100,0,72,28,100,0,100,0,96,8018,28,28,,,,,100,0,100,0,200,0,,,,,,,,,,,,,,,,,,,,,,,,,,,100,28303,100,45467845312,100,146738797580,,,,,,,,,,
2019-05-08,Z305D4AR,ST4000DM000,4000787030016,0,115,92144680,,,94,0,100,6,100,0,85,342662090,,,68,28412,100,0,,,100,6,,,,,,,,,,,,,,,,,,,,,,,,,,,,,,,98,2,100,0,100,0,100,0,100,0,71,29,100,0,100,0,96,8018,29,29,,,,,100,0,100,0,200,0,,,,,,,,,,,,,,,,,,,,,,,,,,,100,28334,100,45491087712,100,146833243948,,,,,,,,,,
2019-05-09,Z305D4AR,ST4000DM000,4000787030016,0,118,185964480,,,94,0,100,6,100,0,85,343996700,,,68,28443,100,0,,,100,6,,,,,,,,,,,,,,,,,,,,,,,,,,,,,,,98,2,100,0,100,0,100,0,100,0,71,29,100,0,100,0,96,8018,29,29,,,,,100,0,100,0,200,0,,,,,,,,,,,,,,,,,,,,,,,,,,,100,28365,100,45516384080,100,146947646546,,,,,,,,,,
2019-05-10,Z305D4AR,ST4000DM000,4000787030016,0,112,46838704,,,94,0,100,6,100,0,85,345091751,,,68,28458,100,0,,,100,6,,,,,,,,,,,,,,,,,,,,,,,,,,,,,,,98,2,100,0,100,0,100,0,100,0,71,29,100,0,100,0,96,8018,29,29,,,,,100,0,100,0,200,0,,,,,,,,,,,,,,,,,,,,,,,,,,,100,28381,100,45524734056,100,147018913716,,,,,,,,,,
2019-05-11,Z305D4AR,ST4000DM000,4000787030016,0,114,73276944,,,94,0,100,6,100,0,85,346629951,,,68,28490,100,0,,,100,6,,,,,,,,,,,,,,,,,,,,,,,,,,,,,,,98,2,100,0,100,0,100,0,100,0,70,30,100,0,100,0,96,8018,30,30,,,,,100,0,100,0,200,0,,,,,,,,,,,,,,,,,,,,,,,,,,,100,28412,100,45549987608,100,147170148149,,,,,,,,,,
2019-05-12,Z305D4AR,ST4000DM000,4000787030016,0,116,111893456,,,94,0,100,6,100,0,85,347171864,,,68,28505,100,0,,,100,6,,,,,,,,,,,,,,,,,,,,,,,,,,,,,,,98,2,100,0,100,0,100,0,100,0,71,29,100,0,100,0,96,8018,29,29,,,,,100,0,100,0,200,0,,,,,,,,,,,,,,,,,,,,,,,,,,,100,28428,100,45557438368,100,151536184936,,,,,,,,,,
2019-05-13,Z305D4AR,ST4000DM000,4000787030016,0,114,63207192,,,94,0,100,6,100,0,85,348745966,,,68,28537,100,0,,,100,6,,,,,,,,,,,,,,,,,,,,,,,,,,,,,,,98,2,100,0,100,0,100,0,100,0,71,29,100,0,100,0,96,8018,29,29,,,,,100,0,100,0,200,0,,,,,,,,,,,,,,,,,,,,,,,,,,,100,28459,100,45572952976,100,151685892636,,,,,,,,,,
2019-05-14,Z305D4AR,ST4000DM000,4000787030016,0,114,65489896,,,94,0,100,6,100,0,85,349552426,,,68,28552,100,0,,,100,6,,,,,,,,,,,,,,,,,,,,,,,,,,,,,,,98,2,100,0,100,0,100,0,100,0,71,29,100,0,100,0,96,8018,29,29,,,,,100,0,100,0,200,0,,,,,,,,,,,,,,,,,,,,,,,,,,,100,28475,100,45584078176,100,151755715625,,,,,,,,,,
2019-05-15,Z305D4AR,ST4000DM000,4000787030016,0,117,124024680,,,94,0,100,6,100,0,85,351245615,,,68,28584,100,0,,,100,6,,,,,,,,,,,,,,,,,,,,,,,,,,,,,,,98,2,100,0,100,0,100,0,100,0,71,29,100,0,100,0,96,8018,29,29,,,,,100,0,100,0,200,0,,,,,,,,,,,,,,,,,,,,,,,,,,,100,28506,100,45609567296,100,151934495026,,,,,,,,,,
2019-05-16,Z305D4AR,ST4000DM000,4000787030016,0,105,7508744,,,94,0,100,6,100,0,85,351814765,,,68,28599,100,0,,,100,6,,,,,,,,,,,,,,,,,,,,,,,,,,,,,,,98,2,100,0,100,0,100,0,100,0,71,29,100,0,100,0,96,8018,29,29,,,,,100,0,100,0,200,0,,,,,,,,,,,,,,,,,,,,,,,,,,,100,28521,100,45619998424,100,152022229145,,,,,,,,,,
2019-05-17,Z305D4AR,ST4000DM000,4000787030016,0,116,103759192,,,94,0,100,6,100,0,85,353519754,,,68,28631,100,0,,,100,6,,,,,,,,,,,,,,,,,,,,,,,,,,,,,,,98,2,100,0,100,0,100,0,100,0,71,29,100,0,100,0,96,8018,29,29,,,,,100,0,100,0,200,0,,,,,,,,,,,,,,,,,,,,,,,,,,,100,28553,100,45640730032,100,152182168732,,,,,,,,,,
2019-05-18,Z305D4AR,ST4000DM000,4000787030016,0,114,76849160,,,94,0,100,6,100,0,85,353867780,,,68,28646,100,0,,,100,6,,,,,,,,,,,,,,,,,,,,,,,,,,,,,,,98,2,100,0,100,0,100,0,100,0,71,29,100,0,100,0,96,8018,29,29,,,,,100,0,100,0,200,0,,,,,,,,,,,,,,,,,,,,,,,,,,,100,28568,100,45647829368,100,152291955035,,,,,,,,,,
2019-05-19,Z305D4AR,ST4000DM000,4000787030016,0,118,191166432,,,94,0,100,6,100,0,85,354679126,,,68,28678,100,0,,,100,6,,,,,,,,,,,,,,,,,,,,,,,,,,,,,,,98,2,100,0,100,0,100,0,100,0,71,29,100,0,100,0,96,8018,29,29,,,,,100,0,100,0,200,0,,,,,,,,,,,,,,,,,,,,,,,,,,,100,28600,100,45672391776,100,152513248155,,,,,,,,,,
2019-05-20,Z305D4AR,ST4000DM000,4000787030016,0,113,54512368,,,94,0,100,6,100,0,85,355410523,,,68,28709,100,0,,,100,6,,,,,,,,,,,,,,,,,,,,,,,,,,,,,,,98,2,100,0,100,0,100,0,100,0,70,30,100,0,100,0,96,8018,30,30,,,,,100,0,100,0,200,0,,,,,,,,,,,,,,,,,,,,,,,,,,,100,28631,100,45690245928,100,152715549500,,,,,,,,,,
2019-05-21,Z305D4AR,ST4000DM000,4000787030016,0,118,175149008,,,94,0,100,6,100,0,85,356968910,,,68,28725,100,0,,,100,6,,,,,,,,,,,,,,,,,,,,,,,,,,,,,,,98,2,100,0,100,0,100,0,100,0,71,29,100,0,100,0,96,8018,29,29,,,,,100,0,100,0,200,0,,,,,,,,,,,,,,,,,,,,,,,,,,,100,28647,100,45707482784,100,152873180046,,,,,,,,,,
2019-05-22,Z305D4AR,ST4000DM000,4000787030016,0,119,202486616,,,94,0,100,6,100,0,85,357328815,,,68,28740,100,0,,,100,6,,,,,,,,,,,,,,,,,,,,,,,,,,,,,,,98,2,100,0,100,0,100,0,100,0,71,29,100,0,100,0,96,8018,29,29,,,,,100,0,100,0,200,0,,,,,,,,,,,,,,,,,,,,,,,,,,,100,28662,100,45718019520,100,152979355833,,,,,,,,,,
2019-05-23,Z305D4AR,ST4000DM000,4000787030016,0,115,89006432,,,94,0,100,6,100,0,85,358380703,,,68,28772,100,0,,,100,6,,,,,,,,,,,,,,,,,,,,,,,,,,,,,,,98,2,100,0,100,0,100,0,100,0,70,30,100,0,100,0,96,8018,30,30,,,,,100,0,100,0,200,0,,,,,,,,,,,,,,,,,,,,,,,,,,,100,28694,100,45737455816,100,153216616630,,,,,,,,,,
2019-05-24,Z305D4AR,ST4000DM000,4000787030016,0,111,30948128,,,94,0,100,6,100,0,85,359812597,,,68,28788,100,0,,,100,6,,,,,,,,,,,,,,,,,,,,,,,,,,,,,,,98,2,100,0,100,0,100,0,100,0,71,29,100,0,100,0,96,8018,29,29,,,,,100,0,100,0,200,0,,,,,,,,,,,,,,,,,,,,,,,,,,,100,28710,100,45751082576,100,153302894259,,,,,,,,,,
2019-05-25,Z305D4AR,ST4000DM000,4000787030016,0,118,193888840,,,94,0,100,6,100,0,85,362169197,,,68,28819,100,0,,,100,6,,,,,,,,,,,,,,,,,,,,,,,,,,,,,,,98,2,100,0,100,0,100,0,100,0,71,29,100,0,100,0,96,8018,29,29,,,,,100,0,100,0,200,0,,,,,,,,,,,,,,,,,,,,,,,,,,,100,28742,100,45770639432,100,153499047438,,,,,,,,,,
2019-05-26,Z305D4AR,ST4000DM000,4000787030016,0,101,3418080,,,94,0,100,6,100,0,85,363143351,,,68,28835,100,0,,,100,6,,,,,,,,,,,,,,,,,,,,,,,,,,,,,,,98,2,100,0,100,0,100,0,100,0,71,29,100,0,100,0,96,8018,29,29,,,,,100,0,100,0,200,0,,,,,,,,,,,,,,,,,,,,,,,,,,,100,28757,100,45782062264,100,153624004051,,,,,,,,,,
2019-05-27,Z305D4AR,ST4000DM000,4000787030016,0,114,63043496,,,94,0,100,6,100,0,85,364405589,,,68,28867,100,0,,,100,6,,,,,,,,,,,,,,,,,,,,,,,,,,,,,,,98,2,100,0,100,0,100,0,100,0,71,29,100,0,100,0,96,8018,29,29,,,,,100,0,100,0,200,0,,,,,,,,,,,,,,,,,,,,,,,,,,,100,28789,100,45817740736,100,153783117538,,,,,,,,,,
2019-05-28,Z305D4AR,ST4000DM000,4000787030016,0,108,20500224,,,94,0,100,6,100,0,85,364857141,,,68,28882,100,0,,,100,6,,,,,,,,,,,,,,,,,,,,,,,,,,,,,,,98,2,100,0,100,0,100,0,100,0,71,29,100,0,100,0,96,8018,29,29,,,,,100,0,100,0,200,0,,,,,,,,,,,,,,,,,,,,,,,,,,,100,28805,100,45834373256,100,153851533530,,,,,,,,,,
2019-05-29,Z305D4AR,ST4000DM000,4000787030016,0,114,69037544,,,94,0,100,6,100,0,85,366736480,,,67,28914,100,0,,,100,6,,,,,,,,,,,,,,,,,,,,,,,,,,,,,,,98,2,100,0,100,0,100,0,100,0,71,29,100,0,100,0,96,8018,29,29,,,,,100,0,100,0,200,0,,,,,,,,,,,,,,,,,,,,,,,,,,,100,28836,100,45861854912,100,153997241671,,,,,,,,,,
2019-05-30,Z305D4AR,ST4000DM000,4000787030016,0,116,114850168,,,94,0,100,6,100,0,85,367269091,,,67,28930,100,0,,,100,6,,,,,,,,,,,,,,,,,,,,,,,,,,,,,,,98,2,100,0,100,0,100,0,100,0,71,29,100,0,100,0,96,8018,29,29,,,,,100,0,100,0,200,0,,,,,,,,,,,,,,,,,,,,,,,,,,,100,28852,100,45870698288,100,154090176065,,,,,,,,,,
2019-05-31,Z305D4AR,ST4000DM000,4000787030016,0,112,43292272,,,94,0,100,6,100,0,85,369460699,,,67,28961,100,0,,,100,6,,,,,,,,,,,,,,,,,,,,,,,,,,,,,,,98,2,100,0,100,0,100,0,100,0,71,29,100,0,100,0,96,8018,29,29,,,,,100,0,100,0,200,0,,,,,,,,,,,,,,,,,,,,,,,,,,,100,28884,100,45887664032,100,154271152605,,,,,,,,,,
2019-06-01,Z305D4AR,ST4000DM000,4000787030016,0,116,101477016,,,94,0,100,6,100,0,85,370133927,,,67,28977,100,0,,,100,6,,,,,,,,,,,,,,,,,,,,,,,,,,,,,,,98,2,100,0,100,0,100,0,100,0,71,29,100,0,100,0,96,8018,29,29,,,,,100,0,100,0,200,0,,,,,,,,,,,,,,,,,,,,,,,,,,,100,28899,100,45895062976,100,154366709647,,,,,,,,,,
2019-06-02,Z305D4AR,ST4000DM000,4000787030016,0,120,241723368,,,94,0,100,6,100,0,85,372151948,,,67,29008,100,0,,,100,6,,,,,,,,,,,,,,,,,,,,,,,,,,,,,,,98,2,100,0,100,0,100,0,100,0,72,28,100,0,100,0,96,8018,28,28,,,,,100,0,100,0,200,0,,,,,,,,,,,,,,,,,,,,,,,,,,,100,28931,100,45917181392,100,154603867477,,,,,,,,,,
2019-06-03,Z305D4AR,ST4000DM000,4000787030016,0,117,147438440,,,94,0,100,6,100,0,85,373549919,,,67,29040,100,0,,,100,6,,,,,,,,,,,,,,,,,,,,,,,,,,,,,,,98,2,100,0,100,0,100,0,100,0,72,28,100,0,100,0,96,8018,28,28,,,,,100,0,100,0,200,0,,,,,,,,,,,,,,,,,,,,,,,,,,,100,28962,100,45939979016,100,154764221846,,,,,,,,,,
2019-06-04,Z305D4AR,ST4000DM000,4000787030016,0,108,18422824,,,94,0,100,6,100,0,85,374286622,,,67,29055,100,0,,,100,6,,,,,,,,,,,,,,,,,,,,,,,,,,,,,,,98,2,100,0,100,0,100,0,100,0,71,29,100,0,100,0,96,8018,29,29,,,,,100,0,100,0,200,0,,,,,,,,,,,,,,,,,,,,,,,,,,,100,28978,100,45948700152,100,154846410465,,,,,,,,,,
2019-06-05,Z305D4AR,ST4000DM000,4000787030016,0,111,34413016,,,94,0,100,6,100,0,85,376198609,,,67,29087,100,0,,,100,6,,,,,,,,,,,,,,,,,,,,,,,,,,,,,,,98,2,100,0,100,0,100,0,100,0,73,27,100,0,100,0,96,8018,27,27,,,,,100,0,100,0,200,0,,,,,,,,,,,,,,,,,,,,,,,,,,,100,29009,100,45968520536,100,155055063777,,,,,,,,,,
2019-06-06,Z305D4AR,ST4000DM000,4000787030016,0,111,29668272,,,94,0,100,6,100,0,85,376780216,,,67,29103,100,0,,,100,6,,,,,,,,,,,,,,,,,,,,,,,,,,,,,,,98,2,100,0,100,0,100,0,100,0,73,27,100,0,100,0,96,8018,27,27,,,,,100,0,100,0,200,0,,,,,,,,,,,,,,,,,,,,,,,,,,,100,29025,100,45980844656,100,155095706082,,,,,,,,,,
2019-06-07,Z305D4AR,ST4000DM000,4000787030016,0,119,210160688,,,94,0,100,6,100,0,85,378888855,,,67,29134,100,0,,,100,6,,,,,,,,,,,,,,,,,,,,,,,,,,,,,,,98,2,100,0,100,0,100,0,100,0,70,30,100,0,100,0,96,8018,30,30,,,,,100,0,100,0,200,0,,,,,,,,,,,,,,,,,,,,,,,,,,,100,29057,100,46007461640,100,155252158013,,,,,,,,,,
2019-06-08,Z305D4AR,ST4000DM000,4000787030016,0,119,227716552,,,94,0,100,6,100,0,85,379477062,,,67,29150,100,0,,,100,6,,,,,,,,,,,,,,,,,,,,,,,,,,,,,,,98,2,100,0,100,0,100,0,100,0,71,29,100,0,100,0,96,8018,29,29,,,,,100,0,100,0,200,0,,,,,,,,,,,,,,,,,,,,,,,,,,,100,29072,100,46012771280,100,155338724391,,,,,,,,,,
2019-06-09,Z305D4AR,ST4000DM000,4000787030016,0,117,160208608,,,94,0,100,6,100,0,85,380943586,,,67,29182,100,0,,,100,6,,,,,,,,,,,,,,,,,,,,,,,,,,,,,,,98,2,100,0,100,0,100,0,100,0,74,26,100,0,100,0,96,8018,26,26,,,,,100,0,100,0,200,0,,,,,,,,,,,,,,,,,,,,,,,,,,,100,29104,100,46028628688,100,155530289583,,,,,,,,,,
2019-06-10,Z305D4AR,ST4000DM000,4000787030016,0,119,217044320,,,94,0,100,6,100,0,85,381568632,,,67,29198,100,0,,,100,6,,,,,,,,,,,,,,,,,,,,,,,,,,,,,,,98,2,100,0,100,0,100,0,100,0,71,29,100,0,100,0,96,8018,29,29,,,,,100,0,100,0,200,0,,,,,,,,,,,,,,,,,,,,,,,,,,,100,29120,100,46036624520,100,155627923403,,,,,,,,,,
2019-06-11,Z305D4AR,ST4000DM000,4000787030016,0,110,27057712,,,94,0,100,6,100,0,85,383531624,,,67,29229,100,0,,,100,6,,,,,,,,,,,,,,,,,,,,,,,,,,,,,,,98,2,100,0,100,0,100,0,100,0,73,27,100,0,100,0,96,8018,27,27,,,,,100,0,100,0,200,0,,,,,,,,,,,,,,,,,,,,,,,,,,,100,29152,100,46055156752,100,155761718056,,,,,,,,,,
2019-06-12,Z305D4AR,ST4000DM000,4000787030016,0,112,46754000,,,94,0,100,6,100,0,85,384546466,,,67,29261,100,0,,,100,6,,,,,,,,,,,,,,,,,,,,,,,,,,,,,,,98,2,100,0,100,0,100,0,100,0,71,29,100,0,100,0,96,8018,29,29,,,,,100,0,100,0,200,0,,,,,,,,,,,,,,,,,,,,,,,,,,,100,29183,100,46070283160,100,155877810633,,,,,,,,,,
2019-06-13,Z305D4AR,ST4000DM000,4000787030016,0,118,196388576,,,94,0,100,6,100,0,85,384883246,,,67,29277,100,0,,,100,6,,,,,,,,,,,,,,,,,,,,,,,,,,,,,,,98,2,100,0,100,0,100,0,100,0,73,27,100,0,100,0,96,8018,27,27,,,,,100,0,100,0,200,0,,,,,,,,,,,,,,,,,,,,,,,,,,,100,29199,100,46077775048,100,155912582538,,,,,,,,,,
2019-06-14,Z305D4AR,ST4000DM000,4000787030016,0,118,174579912,,,94,0,100,6,100,0,85,386490843,,,67,29309,100,0,,,100,6,,,,,,,,,,,,,,,,,,,,,,,,,,,,,,,98,2,100,0,100,0,100,0,100,0,71,29,100,0,100,0,96,8018,29,29,,,,,100,0,100,0,200,0,,,,,,,,,,,,,,,,,,,,,,,,,,,100,29231,100,46098482160,100,155983047523,,,,,,,,,,
2019-06-15,Z305D4AR,ST4000DM000,4000787030016,0,117,127171032,,,94,0,100,6,100,0,85,386948755,,,67,29324,100,0,,,100,6,,,,,,,,,,,,,,,,,,,,,,,,,,,,,,,98,2,100,0,100,0,100,0,100,0,73,27,100,0,100,0,96,8018,27,27,,,,,100,0,100,0,200,0,,,,,,,,,,,,,,,,,,,,,,,,,,,100,29247,100,46106901584,100,156037716819,,,,,,,,,,
2019-06-16,Z305D4AR,ST4000DM000,4000787030016,0,117,119078952,,,94,0,100,6,100,0,85,388462492,,,67,29356,100,0,,,100,6,,,,,,,,,,,,,,,,,,,,,,,,,,,,,,,98,2,100,0,100,0,100,0,100,0,70,30,100,0,100,0,96,8018,30,30,,,,,100,0,100,0,200,0,,,,,,,,,,,,,,,,,,,,,,,,,,,100,29278,100,46122297448,100,156235337762,,,,,,,,,,
2019-06-17,Z305D4AR,ST4000DM000,4000787030016,0,117,131246392,,,94,0,100,6,100,0,85,388832821,,,67,29372,100,0,,,100,6,,,,,,,,,,,,,,,,,,,,,,,,,,,,,,,98,2,100,0,100,0,100,0,100,0,73,27,100,0,100,0,96,8018,27,27,,,,,100,0,100,0,200,0,,,,,,,,,,,,,,,,,,,,,,,,,,,100,29294,100,46128682744,100,156275852747,,,,,,,,,,
2019-06-18,Z305D4AR,ST4000DM000,4000787030016,0,119,210151272,,,94,0,100,6,100,0,85,391149378,,,67,29404,100,0,,,100,6,,,,,,,,,,,,,,,,,,,,,,,,,,,,,,,98,2,100,0,100,0,100,0,100,0,71,29,100,0,100,0,96,8018,29,29,,,,,100,0,100,0,200,0,,,,,,,,,,,,,,,,,,,,,,,,,,,100,29326,100,46155579912,100,156421741158,,,,,,,,,,
2019-06-19,Z305D4AR,ST4000DM000,4000787030016,0,117,166394384,,,94,0,100,6,100,0,85,391526847,,,67,29420,100,0,,,100,6,,,,,,,,,,,,,,,,,,,,,,,,,,,,,,,98,2,100,0,100,0,100,0,100,0,73,27,100,0,100,0,96,8018,27,27,,,,,100,0,100,0,200,0,,,,,,,,,,,,,,,,,,,,,,,,,,,100,29342,100,46176907368,100,156446702160,,,,,,,,,,
2019-06-20,Z305D4AR,ST4000DM000,4000787030016,0,108,16777232,,,94,0,100,6,100,0,85,392143127,,,67,29435,100,0,,,100,6,,,,,,,,,,,,,,,,,,,,,,,,,,,,,,,98,2,100,0,100,0,100,0,100,0,72,28,100,0,100,0,96,8018,28,28,,,,,100,0,100,0,200,0,,,,,,,,,,,,,,,,,,,,,,,,,,,100,29358,100,46181376384,100,156539506048,,,,,,,,,,
2019-06-21,Z305D4AR,ST4000DM000,4000787030016,0,118,191948328,,,94,0,100,6,100,0,85,393822393,,,67,29467,100,0,,,100,6,,,,,,,,,,,,,,,,,,,,,,,,,,,,,,,98,2,100,0,100,0,100,0,100,0,72,28,100,0,100,0,96,8018,28,28,,,,,100,0,100,0,200,0,,,,,,,,,,,,,,,,,,,,,,,,,,,100,29389,100,46197151576,100,156638205203,,,,,,,,,,
2019-06-22,Z305D4AR,ST4000DM000,4000787030016,0,115,95925880,,,94,0,100,6,100,0,85,395505832,,,67,29483,100,0,,,100,6,,,,,,,,,,,,,,,,,,,,,,,,,,,,,,,98,2,100,0,100,0,100,0,100,0,72,28,100,0,100,0,96,8018,28,28,,,,,100,0,100,0,200,0,,,,,,,,,,,,,,,,,,,,,,,,,,,100,29405,100,46201738040,100,156696825844,,,,,,,,,,
2019-06-23,Z305D4AR,ST4000DM000,4000787030016,0,115,86106904,,,94,0,100,6,100,0,85,395991868,,,67,29514,100,0,,,100,6,,,,,,,,,,,,,,,,,,,,,,,,,,,,,,,98,2,100,0,100,0,100,0,100,0,73,27,100,0,100,0,96,8018,27,27,,,,,100,0,100,0,200,0,,,,,,,,,,,,,,,,,,,,,,,,,,,100,29436,100,46210652136,100,156748596432,,,,,,,,,,
2019-06-24,Z305D4AR,ST4000DM000,4000787030016,0,119,207959136,,,94,0,100,6,100,0,85,396564434,,,67,29530,100,0,,,100,6,,,,,,,,,,,,,,,,,,,,,,,,,,,,,,,98,2,100,0,100,0,100,0,100,0,71,29,100,0,100,0,96,8018,29,29,,,,,100,0,100,0,200,0,,,,,,,,,,,,,,,,,,,,,,,,,,,100,29452,100,46213672424,100,156831538055,,,,,,,,,,
2019-06-25,Z305D4AR,ST4000DM000,4000787030016,0,111,41362280,,,94,0,100,6,100,0,85,398718722,,,67,29561,100,0,,,100,6,,,,,,,,,,,,,,,,,,,,,,,,,,,,,,,98,2,100,0,100,0,100,0,100,0,73,27,100,0,100,0,96,8018,27,27,,,,,100,0,100,0,200,0,,,,,,,,,,,,,,,,,,,,,,,,,,,100,29484,100,46224558928,100,157005960501,,,,,,,,,,
2019-06-26,Z305D4AR,ST4000DM000,4000787030016,0,115,93523192,,,94,0,100,6,100,0,85,400890192,,,67,29593,100,0,,,100,6,,,,,,,,,,,,,,,,,,,,,,,,,,,,,,,98,2,100,0,100,0,100,0,100,0,71,29,100,0,100,0,96,8018,29,29,,,,,100,0,100,0,200,0,,,,,,,,,,,,,,,,,,,,,,,,,,,100,29515,100,46237932768,100,157165749284,,,,,,,,,,
2019-06-27,Z305D4AR,ST4000DM000,4000787030016,0,109,22588760,,,94,0,100,6,100,0,85,401575575,,,67,29609,100,0,,,100,6,,,,,,,,,,,,,,,,,,,,,,,,,,,,,,,98,2,100,0,100,0,100,0,100,0,71,29,100,0,100,0,96,8018,29,29,,,,,100,0,100,0,200,0,,,,,,,,,,,,,,,,,,,,,,,,,,,100,29531,100,46242019040,100,157302537537,,,,,,,,,,
2019-06-28,Z305D4AR,ST4000DM000,4000787030016,0,117,130418552,,,94,0,100,6,100,0,86,403986846,,,67,29641,100,0,,,100,6,,,,,,,,,,,,,,,,,,,,,,,,,,,,,,,98,2,100,0,100,0,100,0,100,0,71,29,100,0,100,0,96,8018,29,29,,,,,100,0,100,0,200,0,,,,,,,,,,,,,,,,,,,,,,,,,,,100,29563,100,46268186096,100,157560927986,,,,,,,,,,
2019-06-29,Z305D4AR,ST4000DM000,4000787030016,0,119,233389920,,,94,0,100,6,100,0,86,404577642,,,67,29657,100,0,,,100,6,,,,,,,,,,,,,,,,,,,,,,,,,,,,,,,98,2,100,0,100,0,100,0,100,0,71,29,100,0,100,0,96,8018,29,29,,,,,100,0,100,0,200,0,,,,,,,,,,,,,,,,,,,,,,,,,,,100,29579,100,46276601184,100,157784767158,,,,,,,,,,
2019-06-30,Z305D4AR,ST4000DM000,4000787030016,0,112,45511888,,,94,0,100,6,100,0,86,405720699,,,67,29689,100,0,,,100,6,,,,,,,,,,,,,,,,,,,,,,,,,,,,,,,98,2,100,0,100,0,100,0,100,0,71,29,100,0,100,0,96,8018,29,29,,,,,100,0,100,0,200,0,,,,,,,,,,,,,,,,,,,,,,,,,,,100,29611,100,46296338760,100,158226197408,,,,,,,,,,
2019-07-01,Z305D4AR,ST4000DM000,4000787030016,0,113,54299952,,,94,0,100,6,100,0,86,406233551,,,67,29705,100,0,,,100,6,,,,,,,,,,,,,,,,,,,,,,,,,,,,,,,98,2,100,0,100,0,100,0,100,0,71,29,100,0,100,0,96,8018,29,29,,,,,100,0,100,0,200,0,,,,,,,,,,,,,,,,,,,,,,,,,,,100,29627,100,46306030160,100,158455232950,,,,,,,,,,
2019-07-02,Z305D4AR,ST4000DM000,4000787030016,0,112,46339840,,,94,0,100,6,100,0,86,409342019,,,67,29737,100,0,,,100,6,,,,,,,,,,,,,,,,,,,,,,,,,,,,,,,98,2,100,0,100,0,100,0,100,0,71,29,100,0,100,0,96,8018,29,29,,,,,100,0,100,0,200,0,,,,,,,,,,,,,,,,,,,,,,,,,,,100,29659,100,46324290136,100,158885928787,,,,,,,,,,
2019-07-03,Z305D4AR,ST4000DM000,4000787030016,0,117,160787712,,,94,0,100,6,100,0,86,410390628,,,67,29753,100,0,,,100,6,,,,,,,,,,,,,,,,,,,,,,,,,,,,,,,98,2,100,0,100,0,100,0,100,0,72,28,100,0,100,0,96,8018,28,28,,,,,100,0,100,0,200,0,,,,,,,,,,,,,,,,,,,,,,,,,,,100,29675,100,46329297720,100,159050992568,,,,,,,,,,
2019-07-04,Z305D4AR,ST4000DM000,4000787030016,0,119,221883616,,,94,0,100,6,100,0,86,411723926,,,66,29784,100,0,,,100,6,,,,,,,,,,,,,,,,,,,,,,,,,,,,,,,98,2,100,0,100,0,100,0,100,0,71,29,100,0,100,0,96,8018,29,29,,,,,100,0,100,0,200,0,,,,,,,,,,,,,,,,,,,,,,,,,,,100,29707,100,46340075656,100,159334226092,,,,,,,,,,
2019-07-05,Z305D4AR,ST4000DM000,4000787030016,0,118,169771680,,,94,0,100,6,100,0,86,413507138,,,66,29800,100,0,,,100,6,,,,,,,,,,,,,,,,,,,,,,,,,,,,,,,98,2,100,0,100,0,100,0,100,0,71,29,100,0,100,0,96,8018,29,29,,,,,100,0,100,0,200,0,,,,,,,,,,,,,,,,,,,,,,,,,,,100,29723,100,46351293608,100,159476493869,,,,,,,,,,
2019-07-06,Z305D4AR,ST4000DM000,4000787030016,0,117,133191952,,,94,0,100,6,100,0,86,415878915,,,66,29832,100,0,,,100,6,,,,,,,,,,,,,,,,,,,,,,,,,,,,,,,98,2,100,0,100,0,100,0,100,0,73,27,100,0,100,0,96,8018,27,27,,,,,100,0,100,0,200,0,,,,,,,,,,,,,,,,,,,,,,,,,,,100,29754,100,46360548584,100,159872550647,,,,,,,,,,
2019-07-07,Z305D4AR,ST4000DM000,4000787030016,0,110,25718288,,,94,0,100,6,100,0,86,416693687,,,66,29848,100,0,,,100,6,,,,,,,,,,,,,,,,,,,,,,,,,,,,,,,98,2,100,0,100,0,100,0,100,0,72,28,100,0,100,0,96,8018,28,28,,,,,100,0,100,0,200,0,,,,,,,,,,,,,,,,,,,,,,,,,,,100,29770,100,46366570384,100,160030545020,,,,,,,,,,
2019-07-08,Z305D4AR,ST4000DM000,4000787030016,0,118,189622352,,,94,0,100,6,100,0,86,418857779,,,66,29880,100,0,,,100,6,,,,,,,,,,,,,,,,,,,,,,,,,,,,,,,98,2,100,0,100,0,100,0,100,0,71,29,100,0,100,0,96,8018,29,29,,,,,100,0,100,0,200,0,,,,,,,,,,,,,,,,,,,,,,,,,,,100,29802,100,46374998712,100,160384708333,,,,,,,,,,
2019-07-09,Z305D4AR,ST4000DM000,4000787030016,0,118,181457888,,,94,0,100,6,100,0,86,420302594,,,66,29896,100,0,,,100,6,,,,,,,,,,,,,,,,,,,,,,,,,,,,,,,98,2,100,0,100,0,100,0,100,0,70,30,100,0,100,0,96,8018,30,30,,,,,100,0,100,0,200,0,,,,,,,,,,,,,,,,,,,,,,,,,,,100,29818,100,46380948880,100,160574973289,,,,,,,,,,
2019-07-10,Z305D4AR,ST4000DM000,4000787030016,0,118,193660320,,,94,0,100,6,100,0,86,422899687,,,66,29928,100,0,,,100,6,,,,,,,,,,,,,,,,,,,,,,,,,,,,,,,98,2,100,0,100,0,100,0,100,0,71,29,100,0,100,0,96,8018,29,29,,,,,100,0,100,0,200,0,,,,,,,,,,,,,,,,,,,,,,,,,,,100,29850,100,46395657120,100,160830692464,,,,,,,,,,
2019-07-11,Z305D4AR,ST4000DM000,4000787030016,0,117,147746360,,,94,0,100,6,100,0,86,423687324,,,66,29944,100,0,,,100,6,,,,,,,,,,,,,,,,,,,,,,,,,,,,,,,98,2,100,0,100,0,100,0,100,0,71,29,100,0,100,0,96,8018,29,29,,,,,100,0,100,0,200,0,,,,,,,,,,,,,,,,,,,,,,,,,,,100,29866,100,46400111688,100,160950748675,,,,,,,,,,
2019-07-12,Z305D4AR,ST4000DM000,4000787030016,0,117,166990104,,,94,0,100,6,100,0,86,425632065,,,66,29975,100,0,,,100,6,,,,,,,,,,,,,,,,,,,,,,,,,,,,,,,98,2,100,0,100,0,100,0,100,0,73,27,100,0,100,0,96,8018,27,27,,,,,100,0,100,0,200,0,,,,,,,,,,,,,,,,,,,,,,,,,,,100,29898,100,46418956880,100,161071015664,,,,,,,,,,
2019-07-13,Z305D4AR,ST4000DM000,4000787030016,0,115,87525816,,,94,0,100,6,100,0,86,427708794,,,66,29991,100,0,,,100,6,,,,,,,,,,,,,,,,,,,,,,,,,,,,,,,98,2,100,0,100,0,100,0,100,0,71,29,100,0,100,0,96,8018,29,29,,,,,100,0,100,0,200,0,,,,,,,,,,,,,,,,,,,,,,,,,,,100,29913,100,46422850232,100,161224520346,,,,,,,,,,
2019-07-14,Z305D4AR,ST4000DM000,4000787030016,0,112,47377576,,,94,0,100,6,100,0,86,429624781,,,66,30023,100,0,,,100,6,,,,,,,,,,,,,,,,,,,,,,,,,,,,,,,98,2,100,0,100,0,100,0,100,0,72,28,100,0,100,0,96,8018,28,28,,,,,100,0,100,0,200,0,,,,,,,,,,,,,,,,,,,,,,,,,,,100,29945,100,46436170712,100,161460397475,,,,,,,,,,
2019-07-15,Z305D4AR,ST4000DM000,4000787030016,0,111,36746200,,,94,0,100,6,100,0,86,429976710,,,66,30039,100,0,,,100,6,,,,,,,,,,,,,,,,,,,,,,,,,,,,,,,98,2,100,0,100,0,100,0,100,0,71,29,100,0,100,0,96,8018,29,29,,,,,100,0,100,0,200,0,,,,,,,,,,,,,,,,,,,,,,,,,,,100,29961,100,46441113152,100,161499599403,,,,,,,,,,
2019-07-16,Z305D4AR,ST4000DM000,4000787030016,0,119,229388752,,,94,0,100,6,100,0,86,432130225,,,66,30070,100,0,,,100,6,,,,,,,,,,,,,,,,,,,,,,,,,,,,,,,98,2,100,0,100,0,100,0,100,0,73,27,100,0,100,0,96,8018,27,27,,,,,100,0,100,0,200,0,,,,,,,,,,,,,,,,,,,,,,,,,,,100,29993,100,46454837784,100,161658614909,,,,,,,,,,
2019-07-17,Z305D4AR,ST4000DM000,4000787030016,0,119,221863320,,,94,0,100,6,100,0,86,433433116,,,66,30086,100,0,,,100,6,,,,,,,,,,,,,,,,,,,,,,,,,,,,,,,98,2,100,0,100,0,100,0,100,0,70,30,100,0,100,0,96,8018,30,30,,,,,100,0,100,0,200,0,,,,,,,,,,,,,,,,,,,,,,,,,,,100,30008,100,46466356616,100,161798113832,,,,,,,,,,
2019-07-18,Z305D4AR,ST4000DM000,4000787030016,0,113,56004800,,,94,0,100,6,100,0,86,435623551,,,66,30118,100,0,,,100,6,,,,,,,,,,,,,,,,,,,,,,,,,,,,,,,98,2,100,0,100,0,100,0,100,0,73,27,100,0,100,0,96,8018,27,27,,,,,100,0,100,0,200,0,,,,,,,,,,,,,,,,,,,,,,,,,,,100,30040,100,46482144016,100,162087177453,,,,,,,,,,
2019-07-19,Z305D4AR,ST4000DM000,4000787030016,0,117,156443952,,,94,0,100,6,100,0,86,437189597,,,66,30134,100,0,,,100,6,,,,,,,,,,,,,,,,,,,,,,,,,,,,,,,98,2,100,0,100,0,100,0,100,0,72,28,100,0,100,0,96,8018,28,28,,,,,100,0,100,0,200,0,,,,,,,,,,,,,,,,,,,,,,,,,,,100,30056,100,46495389312,100,162202660462,,,,,,,,,,
2019-07-20,Z305D4AR,ST4000DM000,4000787030016,0,108,16699368,,,94,0,100,6,100,0,86,438518763,,,66,30166,100,0,,,100,6,,,,,,,,,,,,,,,,,,,,,,,,,,,,,,,98,2,100,0,100,0,100,0,100,0,74,26,100,0,100,0,96,8018,26,26,,,,,100,0,100,0,200,0,,,,,,,,,,,,,,,,,,,,,,,,,,,100,30088,100,46509033248,100,162580040478,,,,,,,,,,
2019-07-21,Z305D4AR,ST4000DM000,4000787030016,0,115,92518464,,,94,0,100,6,100,0,86,439125745,,,66,30182,100,0,,,100,6,,,,,,,,,,,,,,,,,,,,,,,,,,,,,,,98,2,100,0,100,0,100,0,100,0,72,28,100,0,100,0,96,8018,28,28,,,,,100,0,100,0,200,0,,,,,,,,,,,,,,,,,,,,,,,,,,,100,30104,100,46518998824,100,162800965409,,,,,,,,,,
2019-07-22,Z305D4AR,ST4000DM000,4000787030016,0,116,107447280,,,94,0,100,6,100,0,86,440115894,,,66,30214,100,0,,,100,6,,,,,,,,,,,,,,,,,,,,,,,,,,,,,,,98,2,100,0,100,0,100,0,100,0,73,27,100,0,100,0,96,8018,27,27,,,,,100,0,100,0,200,0,,,,,,,,,,,,,,,,,,,,,,,,,,,100,30136,100,46534021560,100,163258662366,,,,,,,,,,
2019-07-23,Z305D4AR,ST4000DM000,4000787030016,0,109,21368608,,,94,0,100,6,100,0,86,440945582,,,66,30230,100,0,,,100,6,,,,,,,,,,,,,,,,,,,,,,,,,,,,,,,98,2,100,0,100,0,100,0,100,0,72,28,100,0,100,0,96,8018,28,28,,,,,100,0,100,0,200,0,,,,,,,,,,,,,,,,,,,,,,,,,,,100,30152,100,46543376112,100,163455440257,,,,,,,,,,
2019-07-24,Z305D4AR,ST4000DM000,4000787030016,0,117,164877736,,,94,0,100,6,100,0,86,444298120,,,66,30262,100,0,,,100,6,,,,,,,,,,,,,,,,,,,,,,,,,,,,,,,98,2,100,0,100,0,100,0,100,0,73,27,100,0,100,0,96,8018,27,27,,,,,100,0,100,0,200,0,,,,,,,,,,,,,,,,,,,,,,,,,,,100,30184,100,46562784920,100,163853145748,,,,,,,,,,
2019-07-25,Z305D4AR,ST4000DM000,4000787030016,0,120,239280968,,,94,0,100,6,100,0,86,445148448,,,66,30278,100,0,,,100,6,,,,,,,,,,,,,,,,,,,,,,,,,,,,,,,98,2,100,0,100,0,100,0,100,0,71,29,100,0,100,0,96,8018,29,29,,,,,100,0,100,0,200,0,,,,,,,,,,,,,,,,,,,,,,,,,,,100,30200,100,46573205920,100,164027242745,,,,,,,,,,
2019-07-26,Z305D4AR,ST4000DM000,4000787030016,0,117,143774184,,,94,0,100,6,100,0,86,447366398,,,66,30310,100,0,,,100,6,,,,,,,,,,,,,,,,,,,,,,,,,,,,,,,98,2,100,0,100,0,100,0,100,0,73,27,100,0,100,0,96,8018,27,27,,,,,100,0,100,0,200,0,,,,,,,,,,,,,,,,,,,,,,,,,,,100,30232,100,46592223216,100,164259418747,,,,,,,,,,
2019-07-27,Z305D4AR,ST4000DM000,4000787030016,0,119,230015824,,,94,0,100,6,100,0,86,448587998,,,66,30326,100,0,,,100,6,,,,,,,,,,,,,,,,,,,,,,,,,,,,,,,98,2,100,0,100,0,100,0,100,0,71,29,100,0,100,0,96,8018,29,29,,,,,100,0,100,0,200,0,,,,,,,,,,,,,,,,,,,,,,,,,,,100,30248,100,46603118768,100,164474811863,,,,,,,,,,
2019-07-28,Z305D4AR,ST4000DM000,4000787030016,0,117,149130128,,,94,0,100,6,100,0,86,450741099,,,66,30358,100,0,,,100,6,,,,,,,,,,,,,,,,,,,,,,,,,,,,,,,98,2,100,0,100,0,100,0,100,0,73,27,100,0,100,0,96,8018,27,27,,,,,100,0,100,0,200,0,,,,,,,,,,,,,,,,,,,,,,,,,,,100,30280,100,46618261472,100,164819381751,,,,,,,,,,
2019-07-29,Z305D4AR,ST4000DM000,4000787030016,0,119,230829568,,,94,0,100,6,100,0,86,452814932,,,66,30374,100,0,,,100,6,,,,,,,,,,,,,,,,,,,,,,,,,,,,,,,98,2,100,0,100,0,100,0,100,0,73,27,100,0,100,0,96,8018,27,27,,,,,100,0,100,0,200,0,,,,,,,,,,,,,,,,,,,,,,,,,,,100,30296,100,46637835304,100,165010475334,,,,,,,,,,
2019-07-30,Z305D4AR,ST4000DM000,4000787030016,0,120,2265456,,,94,0,100,6,100,0,86,455779824,,,66,30406,100,0,,,100,6,,,,,,,,,,,,,,,,,,,,,,,,,,,,,,,98,2,100,0,100,0,100,0,100,0,73,27,100,0,100,0,96,8018,27,27,,,,,100,0,100,0,200,0,,,,,,,,,,,,,,,,,,,,,,,,,,,100,30328,100,46667707144,100,165384487072,,,,,,,,,,
2019-07-31,Z305D4AR,ST4000DM000,4000787030016,0,112,43409192,,,94,0,100,6,100,0,86,457383972,,,66,30422,100,0,,,100,6,,,,,,,,,,,,,,,,,,,,,,,,,,,,,,,98,2,100,0,100,0,100,0,100,0,72,28,100,0,100,0,96,8018,28,28,,,,,100,0,100,0,200,0,,,,,,,,,,,,,,,,,,,,,,,,,,,100,30344,100,46679070224,100,165555439801,,,,,,,,,,
2019-08-01,Z305D4AR,ST4000DM000,4000787030016,0,120,234948272,,,94,0,100,6,100,0,86,459328944,,,66,30453,100,0,,,100,6,,,,,,,,,,,,,,,,,,,,,,,,,,,,,,,98,2,100,0,100,0,100,0,100,0,73,27,100,0,100,0,96,8018,27,27,,,,,100,0,100,0,200,0,,,,,,,,,,,,,,,,,,,,,,,,,,,100,30376,100,46698814976,100,165823732480,,,,,,,,,,
2019-08-02,Z305D4AR,ST4000DM000,4000787030016,0,111,32466704,,,94,0,100,6,100,0,86,460652147,,,66,30469,100,0,,,100,6,,,,,,,,,,,,,,,,,,,,,,,,,,,,,,,98,2,100,0,100,0,100,0,100,0,72,28,100,0,100,0,96,8018,28,28,,,,,100,0,100,0,200,0,,,,,,,,,,,,,,,,,,,,,,,,,,,100,30392,100,46715364168,100,165856498393,,,,,,,,,,
2019-08-03,Z305D4AR,ST4000DM000,4000787030016,0,117,145231104,,,94,0,100,6,100,0,86,462448231,,,66,30501,100,0,,,100,6,,,,,,,,,,,,,,,,,,,,,,,,,,,,,,,98,2,100,0,100,0,100,0,100,0,73,27,100,0,100,0,96,8018,27,27,,,,,100,0,100,0,200,0,,,,,,,,,,,,,,,,,,,,,,,,,,,100,30423,100,46734942480,100,166110609957,,,,,,,,,,
2019-08-04,Z305D4AR,ST4000DM000,4000787030016,0,117,149273208,,,94,0,100,6,100,0,86,463207392,,,66,30517,100,0,,,100,6,,,,,,,,,,,,,,,,,,,,,,,,,,,,,,,98,2,100,0,100,0,100,0,100,0,72,28,100,0,100,0,96,8018,28,28,,,,,100,0,100,0,200,0,,,,,,,,,,,,,,,,,,,,,,,,,,,100,30439,100,46745548928,100,166200839596,,,,,,,,,,
2019-08-05,Z305D4AR,ST4000DM000,4000787030016,0,117,157913192,,,94,0,100,6,100,0,86,464508981,,,66,30549,100,0,,,100,6,,,,,,,,,,,,,,,,,,,,,,,,,,,,,,,98,2,100,0,100,0,100,0,100,0,73,27,100,0,100,0,96,8018,27,27,,,,,100,0,100,0,200,0,,,,,,,,,,,,,,,,,,,,,,,,,,,100,30471,100,46763713032,100,166336271839,,,,,,,,,,
2019-08-06,Z305D4AR,ST4000DM000,4000787030016,0,118,181634968,,,94,0,100,6,100,0,86,465027672,,,66,30565,100,0,,,100,6,,,,,,,,,,,,,,,,,,,,,,,,,,,,,,,98,2,100,0,100,0,100,0,100,0,72,28,100,0,100,0,96,8018,28,28,,,,,100,0,100,0,200,0,,,,,,,,,,,,,,,,,,,,,,,,,,,100,30487,100,46770068832,100,166391868016,,,,,,,,,,
2019-08-07,Z305D4AR,ST4000DM000,4000787030016,0,119,221709768,,,94,0,100,6,100,0,86,468508818,,,66,30597,100,0,,,100,6,,,,,,,,,,,,,,,,,,,,,,,,,,,,,,,98,2,100,0,100,0,100,0,100,0,73,27,100,0,100,0,96,8018,27,27,,,,,100,0,100,0,200,0,,,,,,,,,,,,,,,,,,,,,,,,,,,100,30519,100,46803041984,100,166686266268,,,,,,,,,,
2019-08-08,Z305D4AR,ST4000DM000,4000787030016,0,113,55949744,,,94,0,100,6,100,0,87,470158182,,,66,30612,100,0,,,100,6,,,,,,,,,,,,,,,,,,,,,,,,,,,,,,,98,2,100,0,100,0,100,0,100,0,71,29,100,0,100,0,96,8018,29,29,,,,,100,0,100,0,200,0,,,,,,,,,,,,,,,,,,,,,,,,,,,100,30535,100,46816809568,100,166858917315,,,,,,,,,,
2019-08-09,Z305D4AR,ST4000DM000,4000787030016,0,119,231544968,,,94,0,100,6,100,0,87,472365890,,,66,30644,100,0,,,100,6,,,,,,,,,,,,,,,,,,,,,,,,,,,,,,,98,2,100,0,100,0,100,0,100,0,73,27,100,0,100,0,96,8018,27,27,,,,,100,0,100,0,200,0,,,,,,,,,,,,,,,,,,,,,,,,,,,100,30566,100,46839178864,100,167100269753,,,,,,,,,,
2019-08-10,Z305D4AR,ST4000DM000,4000787030016,0,115,98356920,,,94,0,100,6,100,0,87,473170929,,,65,30660,100,0,,,100,6,,,,,,,,,,,,,,,,,,,,,,,,,,,,,,,98,2,100,0,100,0,100,0,100,0,71,29,100,0,100,0,96,8018,29,29,,,,,100,0,100,0,200,0,,,,,,,,,,,,,,,,,,,,,,,,,,,100,30582,100,46851071920,100,167251452319,,,,,,,,,,
2019-08-11,Z305D4AR,ST4000DM000,4000787030016,0,114,64202304,,,94,0,100,6,100,0,87,474636418,,,65,30692,100,0,,,100,6,,,,,,,,,,,,,,,,,,,,,,,,,,,,,,,98,2,100,0,100,0,100,0,100,0,74,26,100,0,100,0,96,8018,26,26,,,,,100,0,100,0,200,0,,,,,,,,,,,,,,,,,,,,,,,,,,,100,30614,100,46875849712,100,167706011724,,,,,,,,,,
2019-08-12,Z305D4AR,ST4000DM000,4000787030016,0,112,43768176,,,94,0,100,6,100,0,87,475420259,,,65,30708,100,0,,,100,6,,,,,,,,,,,,,,,,,,,,,,,,,,,,,,,98,2,100,0,100,0,100,0,100,0,72,28,100,0,100,0,96,8018,28,28,,,,,100,0,100,0,200,0,,,,,,,,,,,,,,,,,,,,,,,,,,,100,30630,100,46894357680,100,167932341368,,,,,,,,,,
2019-08-13,Z305D4AR,ST4000DM000,4000787030016,0,117,126749168,,,94,0,100,6,100,0,87,477742816,,,65,30740,100,0,,,100,6,,,,,,,,,,,,,,,,,,,,,,,,,,,,,,,98,2,100,0,100,0,100,0,100,0,73,27,100,0,100,0,96,8018,27,27,,,,,100,0,100,0,200,0,,,,,,,,,,,,,,,,,,,,,,,,,,,100,30662,100,46927306344,100,168379207947,,,,,,,,,,
2019-08-14,Z305D4AR,ST4000DM000,4000787030016,0,106,12130640,,,94,0,100,6,100,0,87,480572173,,,65,30772,100,0,,,100,6,,,,,,,,,,,,,,,,,,,,,,,,,,,,,,,98,2,100,0,100,0,100,0,100,0,72,28,100,0,100,0,96,8018,28,28,,,,,100,0,100,0,200,0,,,,,,,,,,,,,,,,,,,,,,,,,,,100,30694,100,46953053640,100,168754532040,,,,,,,,,,
2019-08-15,Z305D4AR,ST4000DM000,4000787030016,0,119,225534384,,,94,0,100,6,100,0,87,482575278,,,65,30787,100,0,,,100,6,,,,,,,,,,,,,,,,,,,,,,,,,,,,,,,98,2,100,0,100,0,100,0,100,0,72,28,100,0,100,0,96,8018,28,28,,,,,100,0,100,0,200,0,,,,,,,,,,,,,,,,,,,,,,,,,,,100,30710,100,46973228248,100,168874526320,,,,,,,,,,
2019-08-16,Z305D4AR,ST4000DM000,4000787030016,0,112,49126632,,,94,0,100,6,100,0,87,485267551,,,65,30819,100,0,,,100,6,,,,,,,,,,,,,,,,,,,,,,,,,,,,,,,98,2,100,0,100,0,100,0,100,0,73,27,100,0,100,0,96,8018,27,27,,,,,100,0,100,0,200,0,,,,,,,,,,,,,,,,,,,,,,,,,,,100,30741,100,46996850952,100,169107170798,,,,,,,,,,
2019-08-17,Z305D4AR,ST4000DM000,4000787030016,0,119,206448560,,,94,0,100,6,100,0,87,486446298,,,65,30835,100,0,,,100,6,,,,,,,,,,,,,,,,,,,,,,,,,,,,,,,98,2,100,0,100,0,100,0,100,0,73,27,100,0,100,0,96,8018,27,27,,,,,100,0,100,0,200,0,,,,,,,,,,,,,,,,,,,,,,,,,,,100,30757,100,47008665816,100,169314972787,,,,,,,,,,
2019-08-18,Z305D4AR,ST4000DM000,4000787030016,0,114,83386048,,,94,0,100,6,100,0,87,489064142,,,65,30867,100,0,,,100,6,,,,,,,,,,,,,,,,,,,,,,,,,,,,,,,98,2,100,0,100,0,100,0,100,0,71,29,100,0,100,0,96,8018,29,29,,,,,100,0,100,0,200,0,,,,,,,,,,,,,,,,,,,,,,,,,,,100,30789,100,47045366112,100,169691133971,,,,,,,,,,
2019-08-19,Z305D4AR,ST4000DM000,4000787030016,0,115,92882032,,,94,0,100,6,100,0,87,490049580,,,65,30883,100,0,,,100,6,,,,,,,,,,,,,,,,,,,,,,,,,,,,,,,98,2,100,0,100,0,100,0,100,0,73,27,100,0,100,0,96,8018,27,27,,,,,100,0,100,0,200,0,,,,,,,,,,,,,,,,,,,,,,,,,,,100,30805,100,47060756896,100,169863260250,,,,,,,,,,
2019-08-20,Z305D4AR,ST4000DM000,4000787030016,0,115,84620760,,,94,0,100,6,100,0,87,493833312,,,65,30915,100,0,,,100,6,,,,,,,,,,,,,,,,,,,,,,,,,,,,,,,98,2,100,0,100,0,100,0,100,0,71,29,100,0,100,0,96,8018,29,29,,,,,100,0,100,0,200,0,,,,,,,,,,,,,,,,,,,,,,,,,,,100,30837,100,47095273496,100,170249413306,,,,,,,,,,
2019-08-21,Z305D4AR,ST4000DM000,4000787030016,0,117,138465824,,,94,0,100,6,100,0,87,495033060,,,65,30931,100,0,,,100,6,,,,,,,,,,,,,,,,,,,,,,,,,,,,,,,98,2,100,0,100,0,100,0,100,0,73,27,100,0,100,0,96,8018,27,27,,,,,100,0,100,0,200,0,,,,,,,,,,,,,,,,,,,,,,,,,,,100,30853,100,47111196376,100,170426725778,,,,,,,,,,
2019-08-22,Z305D4AR,ST4000DM000,4000787030016,0,115,91251328,,,94,0,100,6,100,0,87,496061713,,,65,30946,100,0,,,100,6,,,,,,,,,,,,,,,,,,,,,,,,,,,,,,,98,2,100,0,100,0,100,0,100,0,72,28,100,0,100,0,96,8018,28,28,,,,,100,0,100,0,200,0,,,,,,,,,,,,,,,,,,,,,,,,,,,100,30869,100,47135177168,100,170562509316,,,,,,,,,,
2019-08-23,Z305D4AR,ST4000DM000,4000787030016,0,114,63749648,,,94,0,100,6,100,0,87,498778618,,,65,30978,100,0,,,100,6,,,,,,,,,,,,,,,,,,,,,,,,,,,,,,,98,2,100,0,100,0,100,0,100,0,73,27,100,0,100,0,96,8018,27,27,,,,,100,0,100,0,200,0,,,,,,,,,,,,,,,,,,,,,,,,,,,100,30901,100,47183429264,100,170733748098,,,,,,,,,,
2019-08-24,Z305D4AR,ST4000DM000,4000787030016,0,112,48191952,,,94,0,100,6,100,0,87,499467044,,,65,30994,100,0,,,100,6,,,,,,,,,,,,,,,,,,,,,,,,,,,,,,,98,2,100,0,100,0,100,0,100,0,72,28,100,0,100,0,96,8018,28,28,,,,,100,0,100,0,200,0,,,,,,,,,,,,,,,,,,,,,,,,,,,100,30917,100,47202633888,100,170815477410,,,,,,,,,,
2019-08-25,Z305D4AR,ST4000DM000,4000787030016,0,119,225256992,,,94,0,100,6,100,0,87,501470908,,,65,31026,100,0,,,100,6,,,,,,,,,,,,,,,,,,,,,,,,,,,,,,,98,2,100,0,100,0,100,0,100,0,73,27,100,0,100,0,96,8018,27,27,,,,,100,0,100,0,200,0,,,,,,,,,,,,,,,,,,,,,,,,,,,100,30949,100,47244523720,100,171066909075,,,,,,,,,,
2019-08-26,Z305D4AR,ST4000DM000,4000787030016,0,115,84352000,,,94,0,100,6,100,0,87,504330819,,,65,31074,100,0,,,100,6,,,,,,,,,,,,,,,,,,,,,,,,,,,,,,,98,2,100,0,100,0,100,0,100,0,72,28,100,0,100,0,96,8018,28,28,,,,,100,0,100,0,200,0,,,,,,,,,,,,,,,,,,,,,,,,,,,100,30996,100,47300248704,100,171315472393,,,,,,,,,,
2019-08-27,Z305D4AR,ST4000DM000,4000787030016,0,115,84352000,,,94,0,100,6,100,0,87,504330819,,,65,31074,100,0,,,100,6,,,,,,,,,,,,,,,,,,,,,,,,,,,,,,,98,2,100,0,100,0,100,0,100,0,72,28,100,0,100,0,96,8018,28,28,,,,,100,0,100,0,200,0,,,,,,,,,,,,,,,,,,,,,,,,,,,100,30996,100,47300248704,100,171315472393,,,,,,,,,,
2019-08-28,Z305D4AR,ST4000DM000,4000787030016,0,116,114153384,,,94,0,100,6,100,0,87,505491242,,,65,31090,100,0,,,100,6,,,,,,,,,,,,,,,,,,,,,,,,,,,,,,,98,2,100,0,100,0,100,0,100,0,72,28,100,0,100,0,96,8018,28,28,,,,,100,0,100,0,200,0,,,,,,,,,,,,,,,,,,,,,,,,,,,100,31012,100,47317183616,100,171371084353,,,,,,,,,,
2019-08-29,Z305D4AR,ST4000DM000,4000787030016,0,119,232028656,,,94,0,100,6,100,0,87,507889878,,,65,31122,100,0,,,100,6,,,,,,,,,,,,,,,,,,,,,,,,,,,,,,,98,2,100,0,100,0,100,0,100,0,73,27,100,0,100,0,96,8018,27,27,,,,,100,0,100,0,200,0,,,,,,,,,,,,,,,,,,,,,,,,,,,100,31044,100,47346398512,100,171654641821,,,,,,,,,,
2019-08-30,Z305D4AR,ST4000DM000,4000787030016,0,116,110405336,,,94,0,100,6,100,0,87,510226944,,,65,31138,100,0,,,100,6,,,,,,,,,,,,,,,,,,,,,,,,,,,,,,,98,2,100,0,100,0,100,0,100,0,72,28,100,0,100,0,96,8018,28,28,,,,,100,0,100,0,200,0,,,,,,,,,,,,,,,,,,,,,,,,,,,100,31060,100,47367807024,100,171750246604,,,,,,,,,,
2019-08-31,Z305D4AR,ST4000DM000,4000787030016,0,117,163710160,,,94,0,100,6,100,0,87,511868865,,,65,31169,100,0,,,100,6,,,,,,,,,,,,,,,,,,,,,,,,,,,,,,,98,2,100,0,100,0,100,0,100,0,73,27,100,0,100,0,96,8018,27,27,,,,,100,0,100,0,200,0,,,,,,,,,,,,,,,,,,,,,,,,,,,100,31092,100,47410208256,100,172053808421,,,,,,,,,,
2019-09-01,Z305D4AR,ST4000DM000,4000787030016,0,118,174104816,,,94,0,100,6,100,0,87,512556150,,,65,31185,100,0,,,100,6,,,,,,,,,,,,,,,,,,,,,,,,,,,,,,,98,2,100,0,100,0,100,0,100,0,71,29,100,0,100,0,96,8018,29,29,,,,,100,0,100,0,200,0,,,,,,,,,,,,,,,,,,,,,,,,,,,100,31107,100,47425113280,100,172245631657,,,,,,,,,,
2019-09-02,Z305D4AR,ST4000DM000,4000787030016,0,109,22992392,,,94,0,100,6,100,0,87,513972281,,,65,31217,100,0,,,100,6,,,,,,,,,,,,,,,,,,,,,,,,,,,,,,,98,2,100,0,100,0,100,0,100,0,73,27,100,0,100,0,96,8018,27,27,,,,,100,0,100,0,200,0,,,,,,,,,,,,,,,,,,,,,,,,,,,100,31139,100,47464884360,100,172684338356,,,,,,,,,,
2019-09-03,Z305D4AR,ST4000DM000,4000787030016,0,118,199365824,,,94,0,100,6,100,0,87,514609645,,,65,31233,100,0,,,100,6,,,,,,,,,,,,,,,,,,,,,,,,,,,,,,,98,2,100,0,100,0,100,0,100,0,72,28,100,0,100,0,96,8018,28,28,,,,,100,0,100,0,200,0,,,,,,,,,,,,,,,,,,,,,,,,,,,100,31155,100,47477950464,100,172931490220,,,,,,,,,,
2019-09-04,Z305D4AR,ST4000DM000,4000787030016,0,114,77157344,,,94,0,100,6,100,0,87,518011624,,,65,31265,100,0,,,100,6,,,,,,,,,,,,,,,,,,,,,,,,,,,,,,,98,2,100,0,100,0,100,0,100,0,73,27,100,0,100,0,96,8018,27,27,,,,,100,0,100,0,200,0,,,,,,,,,,,,,,,,,,,,,,,,,,,100,31187,100,47525781760,100,173366262921,,,,,,,,,,
2019-09-05,Z305D4AR,ST4000DM000,4000787030016,0,117,166289096,,,94,0,100,6,100,0,87,519464739,,,65,31281,100,0,,,100,6,,,,,,,,,,,,,,,,,,,,,,,,,,,,,,,98,2,100,0,100,0,100,0,100,0,72,28,100,0,100,0,96,8018,28,28,,,,,100,0,100,0,200,0,,,,,,,,,,,,,,,,,,,,,,,,,,,100,31203,100,47546634040,100,173554999657,,,,,,,,,,
2019-09-06,Z305D4AR,ST4000DM000,4000787030016,0,118,184798784,,,94,0,100,6,100,0,87,522155849,,,65,31312,100,0,,,100,6,,,,,,,,,,,,,,,,,,,,,,,,,,,,,,,98,2,100,0,100,0,100,0,100,0,73,27,100,0,100,0,96,8018,27,27,,,,,100,0,100,0,200,0,,,,,,,,,,,,,,,,,,,,,,,,,,,100,31235,100,47581800656,100,173813785991,,,,,,,,,,
2019-09-07,Z305D4AR,ST4000DM000,4000787030016,0,114,61473736,,,94,0,100,6,100,0,87,523312323,,,65,31328,100,0,,,100,6,,,,,,,,,,,,,,,,,,,,,,,,,,,,,,,98,2,100,0,100,0,100,0,100,0,71,29,100,0,100,0,96,8018,29,29,,,,,100,0,100,0,200,0,,,,,,,,,,,,,,,,,,,,,,,,,,,100,31251,100,47598513080,100,174003582711,,,,,,,,,,
2019-09-08,Z305D4AR,ST4000DM000,4000787030016,0,119,233741920,,,94,0,100,6,100,0,87,525175907,,,65,31360,100,0,,,100,6,,,,,,,,,,,,,,,,,,,,,,,,,,,,,,,98,2,100,0,100,0,100,0,100,0,72,28,100,0,100,0,96,8018,28,28,,,,,100,0,100,0,200,0,,,,,,,,,,,,,,,,,,,,,,,,,,,100,31282,100,47649243784,100,174285349737,,,,,,,,,,
2019-09-09,Z305D4AR,ST4000DM000,4000787030016,0,119,222673248,,,94,0,100,6,100,0,87,529324658,,,65,31392,100,0,,,100,6,,,,,,,,,,,,,,,,,,,,,,,,,,,,,,,98,2,100,0,100,0,100,0,100,0,73,27,100,0,100,0,96,8018,27,27,,,,,100,0,100,0,200,0,,,,,,,,,,,,,,,,,,,,,,,,,,,100,31314,100,47688486552,100,174675201109,,,,,,,,,,
2019-09-10,Z305D4AR,ST4000DM000,4000787030016,0,117,141794384,,,94,0,100,6,100,0,87,530484053,,,65,31408,100,0,,,100,6,,,,,,,,,,,,,,,,,,,,,,,,,,,,,,,98,2,100,0,100,0,100,0,100,0,71,29,100,0,100,0,96,8018,29,29,,,,,100,0,100,0,200,0,,,,,,,,,,,,,,,,,,,,,,,,,,,100,31330,100,47711802544,100,174817449077,,,,,,,,,,
2019-09-11,Z305D4AR,ST4000DM000,4000787030016,0,112,50090192,,,94,0,100,6,100,0,87,533770038,,,65,31440,100,0,,,100,6,,,,,,,,,,,,,,,,,,,,,,,,,,,,,,,98,2,100,0,100,0,100,0,100,0,73,27,100,0,100,0,96,8018,27,27,,,,,100,0,100,0,200,0,,,,,,,,,,,,,,,,,,,,,,,,,,,100,31362,100,47760405336,100,175177076084,,,,,,,,,,
2019-09-12,Z305D4AR,ST4000DM000,4000787030016,0,114,77592520,,,94,0,100,6,100,0,87,535282221,,,65,31455,100,0,,,100,6,,,,,,,,,,,,,,,,,,,,,,,,,,,,,,,98,2,100,0,100,0,100,0,100,0,71,29,100,0,100,0,96,8018,29,29,,,,,100,0,100,0,200,0,,,,,,,,,,,,,,,,,,,,,,,,,,,100,31378,100,47781274568,100,175396871297,,,,,,,,,,
2019-09-13,Z305D4AR,ST4000DM000,4000787030016,0,118,175292264,,,94,0,100,6,100,0,87,538267869,,,65,31487,100,0,,,100,6,,,,,,,,,,,,,,,,,,,,,,,,,,,,,,,98,2,100,0,100,0,100,0,100,0,72,28,100,0,100,0,96,8018,28,28,,,,,100,0,100,0,200,0,,,,,,,,,,,,,,,,,,,,,,,,,,,100,31409,100,47837705208,100,175642443719,,,,,,,,,,
2019-09-14,Z305D4AR,ST4000DM000,4000787030016,0,118,176429960,,,94,0,100,6,100,0,87,539158005,,,65,31503,100,0,,,100,6,,,,,,,,,,,,,,,,,,,,,,,,,,,,,,,98,2,100,0,100,0,100,0,100,0,73,27,100,0,100,0,96,8018,27,27,,,,,100,0,100,0,200,0,,,,,,,,,,,,,,,,,,,,,,,,,,,100,31425,100,47865427888,100,175743416687,,,,,,,,,,
2019-09-15,Z305D4AR,ST4000DM000,4000787030016,0,117,131658592,,,94,0,100,6,100,0,87,540916440,,,65,31534,100,0,,,100,6,,,,,,,,,,,,,,,,,,,,,,,,,,,,,,,98,2,100,0,100,0,100,0,100,0,72,28,100,0,100,0,96,8018,28,28,,,,,100,0,100,0,200,0,,,,,,,,,,,,,,,,,,,,,,,,,,,100,31456,100,47916027544,100,175923219453,,,,,,,,,,
2019-09-16,Z305D4AR,ST4000DM000,4000787030016,0,111,31423696,,,94,0,100,6,100,0,87,543016570,,,64,31566,100,0,,,100,6,,,,,,,,,,,,,,,,,,,,,,,,,,,,,,,98,2,100,0,100,0,100,0,100,0,71,29,100,0,100,0,96,8018,29,29,,,,,100,0,100,0,200,0,,,,,,,,,,,,,,,,,,,,,,,,,,,100,31488,100,47953407560,100,176178102285,,,,,,,,,,
2019-09-17,Z305D4AR,ST4000DM000,4000787030016,0,117,159436544,,,94,0,100,6,100,0,87,545374229,,,64,31582,100,0,,,100,6,,,,,,,,,,,,,,,,,,,,,,,,,,,,,,,98,2,100,0,100,0,100,0,100,0,72,28,100,0,100,0,96,8018,28,28,,,,,100,0,100,0,200,0,,,,,,,,,,,,,,,,,,,,,,,,,,,100,31504,100,47989713488,100,176311468903,,,,,,,,,,
2019-09-18,Z305D4AR,ST4000DM000,4000787030016,0,118,171797896,,,94,0,100,6,100,0,87,546089057,,,64,31598,100,0,,,100,6,,,,,,,,,,,,,,,,,,,,,,,,,,,,,,,98,2,100,0,100,0,100,0,100,0,71,29,100,0,100,0,96,8018,29,29,,,,,100,0,100,0,200,0,,,,,,,,,,,,,,,,,,,,,,,,,,,100,31520,100,48007018128,100,176374405313,,,,,,,,,,
2019-09-19,Z305D4AR,ST4000DM000,4000787030016,0,115,85172008,,,94,0,100,6,100,0,87,547850470,,,64,31629,100,0,,,100,6,,,,,,,,,,,,,,,,,,,,,,,,,,,,,,,98,2,100,0,100,0,100,0,100,0,72,28,100,0,100,0,96,8018,28,28,,,,,100,0,100,0,200,0,,,,,,,,,,,,,,,,,,,,,,,,,,,100,31551,100,48043715064,100,176606766571,,,,,,,,,,
2019-09-20,Z305D4AR,ST4000DM000,4000787030016,0,116,116483480,,,94,0,100,6,100,0,87,549460132,,,64,31645,100,0,,,100,6,,,,,,,,,,,,,,,,,,,,,,,,,,,,,,,98,2,100,0,100,0,100,0,100,0,72,28,100,0,100,0,96,8018,28,28,,,,,100,0,100,0,200,0,,,,,,,,,,,,,,,,,,,,,,,,,,,100,31567,100,48071245448,100,176655589091,,,,,,,,,,
2019-09-21,Z305D4AR,ST4000DM000,4000787030016,0,118,171031896,,,94,0,100,6,100,0,87,552003774,,,64,31677,100,0,,,100,6,,,,,,,,,,,,,,,,,,,,,,,,,,,,,,,98,2,100,0,100,0,100,0,100,0,73,27,100,0,100,0,96,8018,27,27,,,,,100,0,100,0,200,0,,,,,,,,,,,,,,,,,,,,,,,,,,,100,31599,100,48115271248,100,176925208960,,,,,,,,,,
2019-09-22,Z305D4AR,ST4000DM000,4000787030016,0,120,2075032,,,94,0,100,6,100,0,87,553603844,,,64,31693,100,0,,,100,6,,,,,,,,,,,,,,,,,,,,,,,,,,,,,,,98,2,100,0,100,0,100,0,100,0,72,28,100,0,100,0,96,8018,28,28,,,,,100,0,100,0,200,0,,,,,,,,,,,,,,,,,,,,,,,,,,,100,31615,100,48135751400,100,177075217127,,,,,,,,,,
2019-09-23,Z305D4AR,ST4000DM000,4000787030016,0,117,147554720,,,94,0,100,6,100,0,87,555295314,,,64,31724,100,0,,,100,6,,,,,,,,,,,,,,,,,,,,,,,,,,,,,,,98,2,100,0,100,0,100,0,100,0,72,28,100,0,100,0,96,8018,28,28,,,,,100,0,100,0,200,0,,,,,,,,,,,,,,,,,,,,,,,,,,,100,31647,100,48186620768,100,177357483829,,,,,,,,,,
2019-09-24,Z305D4AR,ST4000DM000,4000787030016,0,117,144320800,,,94,0,100,6,100,0,87,556034868,,,64,31740,100,0,,,100,6,,,,,,,,,,,,,,,,,,,,,,,,,,,,,,,98,2,100,0,100,0,100,0,100,0,71,29,100,0,100,0,96,8018,29,29,,,,,100,0,100,0,200,0,,,,,,,,,,,,,,,,,,,,,,,,,,,100,31662,100,48206156752,100,177589210496,,,,,,,,,,
2019-09-25,Z305D4AR,ST4000DM000,4000787030016,0,113,54006304,,,94,0,100,6,100,0,87,558642152,,,64,31772,100,0,,,100,6,,,,,,,,,,,,,,,,,,,,,,,,,,,,,,,98,2,100,0,100,0,100,0,100,0,73,27,100,0,100,0,96,8018,27,27,,,,,100,0,100,0,200,0,,,,,,,,,,,,,,,,,,,,,,,,,,,100,31694,100,48239666704,100,178045480148,,,,,,,,,,
2019-09-26,Z305D4AR,ST4000DM000,4000787030016,0,102,4095384,,,94,0,100,6,100,0,87,559773411,,,64,31788,100,0,,,100,6,,,,,,,,,,,,,,,,,,,,,,,,,,,,,,,98,2,100,0,100,0,100,0,100,0,71,29,100,0,100,0,96,8018,29,29,,,,,100,0,100,0,200,0,,,,,,,,,,,,,,,,,,,,,,,,,,,100,31710,100,48255457464,100,178253844669,,,,,,,,,,
2019-09-27,Z305D4AR,ST4000DM000,4000787030016,0,117,155034128,,,94,0,100,6,100,0,87,562261293,,,64,31819,100,0,,,100,6,,,,,,,,,,,,,,,,,,,,,,,,,,,,,,,98,2,100,0,100,0,100,0,100,0,73,27,100,0,100,0,96,8018,27,27,,,,,100,0,100,0,200,0,,,,,,,,,,,,,,,,,,,,,,,,,,,100,31742,100,48292248792,100,178584415310,,,,,,,,,,
2019-09-28,Z305D4AR,ST4000DM000,4000787030016,0,111,29510496,,,94,0,100,6,100,0,87,563342377,,,64,31835,100,0,,,100,6,,,,,,,,,,,,,,,,,,,,,,,,,,,,,,,98,2,100,0,100,0,100,0,100,0,71,29,100,0,100,0,96,8018,29,29,,,,,100,0,100,0,200,0,,,,,,,,,,,,,,,,,,,,,,,,,,,100,31757,100,48313467928,100,178776196228,,,,,,,,,,
2019-09-29,Z305D4AR,ST4000DM000,4000787030016,0,106,11795728,,,94,0,100,6,100,0,87,565513358,,,64,31867,100,0,,,100,6,,,,,,,,,,,,,,,,,,,,,,,,,,,,,,,98,2,100,0,100,0,100,0,100,0,70,30,100,0,100,0,96,8018,30,30,,,,,100,0,100,0,200,0,,,,,,,,,,,,,,,,,,,,,,,,,,,100,31789,100,48346756040,100,179119058289,,,,,,,,,,
2019-09-30,Z305D4AR,ST4000DM000,4000787030016,0,117,166185280,,,94,0,100,6,100,0,87,567505739,,,64,31883,100,0,,,100,6,,,,,,,,,,,,,,,,,,,,,,,,,,,,,,,98,2,100,0,100,0,100,0,100,0,70,30,100,0,100,0,96,8018,30,30,,,,,100,0,100,0,200,0,,,,,,,,,,,,,,,,,,,,,,,,,,,100,31805,100,48362051752,100,179241603932,,,,,,,,,,
2019-10-01,Z305D4AR,ST4000DM000,4000787030016,0,116,115765400,,,94,0,100,6,100,0,87,570818500,,,64,31914,100,0,,,100,6,,,,,,,,,,,,,,,,,,,,,,,,,,,,,,,,,98,2,100,0,100,0,100,0,100,0,71,29,100,0,100,0,96,8018,29,29,,,,,100,0,100,0,200,0,,,,,,,,,,,,,,,,,,,,,,,,,,,100,31837,100,48392388368,100,179662845469,,,,,,,,,,
2019-10-02,Z305D4AR,ST4000DM000,4000787030016,0,118,177384024,,,94,0,100,6,100,0,87,573919049,,,64,31946,100,0,,,100,6,,,,,,,,,,,,,,,,,,,,,,,,,,,,,,,,,98,2,100,0,100,0,100,0,100,0,71,29,100,0,100,0,96,8018,29,29,,,,,100,0,100,0,200,0,,,,,,,,,,,,,,,,,,,,,,,,,,,100,31868,100,48444355496,100,179997636117,,,,,,,,,,
2019-10-03,Z305D4AR,ST4000DM000,4000787030016,0,116,105296808,,,94,0,100,6,100,0,87,574889615,,,64,31962,100,0,,,100,6,,,,,,,,,,,,,,,,,,,,,,,,,,,,,,,,,98,2,100,0,100,0,100,0,100,0,71,29,100,0,100,0,96,8018,29,29,,,,,100,0,100,0,200,0,,,,,,,,,,,,,,,,,,,,,,,,,,,100,31884,100,48459021544,100,180143960712,,,,,,,,,,
2019-10-04,Z305D4AR,ST4000DM000,4000787030016,0,113,53526576,,,94,0,100,6,100,0,87,576721163,,,64,31978,100,0,,,100,6,,,,,,,,,,,,,,,,,,,,,,,,,,,,,,,,,98,2,100,0,100,0,100,0,100,0,70,30,100,0,100,0,96,8018,30,30,,,,,100,0,100,0,200,0,,,,,,,,,,,,,,,,,,,,,,,,,,,100,31900,100,48486775800,100,180245901450,,,,,,,,,,
2019-10-05,Z305D4AR,ST4000DM000,4000787030016,0,114,67898152,,,94,0,100,6,100,0,87,579275982,,,64,32009,100,0,,,100,6,,,,,,,,,,,,,,,,,,,,,,,,,,,,,,,,,98,2,100,0,100,0,100,0,100,0,71,29,100,0,100,0,96,8018,29,29,,,,,100,0,100,0,200,0,,,,,,,,,,,,,,,,,,,,,,,,,,,100,31932,100,48516487776,100,180587932923,,,,,,,,,,
2019-10-06,Z305D4AR,ST4000DM000,4000787030016,0,115,93978896,,,94,0,100,6,100,0,87,580292848,,,64,32025,100,0,,,100,6,,,,,,,,,,,,,,,,,,,,,,,,,,,,,,,,,98,2,100,0,100,0,100,0,100,0,70,30,100,0,100,0,96,8018,30,30,,,,,100,0,100,0,200,0,,,,,,,,,,,,,,,,,,,,,,,,,,,100,31947,100,48540964592,100,180725613587,,,,,,,,,,
2019-10-07,Z305D4AR,ST4000DM000,4000787030016,0,117,144636288,,,94,0,100,6,100,0,87,582210111,,,64,32057,100,0,,,100,6,,,,,,,,,,,,,,,,,,,,,,,,,,,,,,,,,98,2,100,0,100,0,100,0,100,0,71,29,100,0,100,0,96,8018,29,29,,,,,100,0,100,0,200,0,,,,,,,,,,,,,,,,,,,,,,,,,,,100,31979,100,48580151936,100,180943954481,,,,,,,,,,
2019-10-08,Z305D4AR,ST4000DM000,4000787030016,0,116,107883944,,,94,0,100,6,100,0,87,585159478,,,64,32088,100,0,,,100,6,,,,,,,,,,,,,,,,,,,,,,,,,,,,,,,,,98,2,100,0,100,0,100,0,100,0,71,29,100,0,100,0,96,8018,29,29,,,,,100,0,100,0,200,0,,,,,,,,,,,,,,,,,,,,,,,,,,,100,32011,100,48616423992,100,181175027457,,,,,,,,,,
2019-10-09,Z305D4AR,ST4000DM000,4000787030016,0,117,167673464,,,94,0,100,6,100,0,87,586081766,,,64,32104,100,0,,,100,6,,,,,,,,,,,,,,,,,,,,,,,,,,,,,,,,,98,2,100,0,100,0,100,0,100,0,72,28,100,0,100,0,96,8018,28,28,,,,,100,0,100,0,200,0,,,,,,,,,,,,,,,,,,,,,,,,,,,100,32026,100,48640507096,100,181270333813,,,,,,,,,,
2019-10-10,Z305D4AR,ST4000DM000,4000787030016,0,119,218842080,,,94,0,100,6,100,0,87,587973606,,,64,32136,100,0,,,100,6,,,,,,,,,,,,,,,,,,,,,,,,,,,,,,,,,98,2,100,0,100,0,100,0,100,0,70,30,100,0,100,0,96,8018,30,30,,,,,100,0,100,0,200,0,,,,,,,,,,,,,,,,,,,,,,,,,,,100,32058,100,48678717696,100,181476194876,,,,,,,,,,
2019-10-11,Z305D4AR,ST4000DM000,4000787030016,0,116,111919792,,,94,0,100,6,100,0,87,589693525,,,64,32151,100,0,,,100,6,,,,,,,,,,,,,,,,,,,,,,,,,,,,,,,,,98,2,100,0,100,0,100,0,100,0,70,30,100,0,100,0,96,8018,30,30,,,,,100,0,100,0,200,0,,,,,,,,,,,,,,,,,,,,,,,,,,,100,32074,100,48699605056,100,181558501541,,,,,,,,,,
2019-10-12,Z305D4AR,ST4000DM000,4000787030016,0,110,26884208,,,94,0,100,6,100,0,87,591066373,,,64,32183,100,0,,,100,6,,,,,,,,,,,,,,,,,,,,,,,,,,,,,,,,,98,2,100,0,100,0,100,0,100,0,71,29,100,0,100,0,96,8018,29,29,,,,,100,0,100,0,200,0,,,,,,,,,,,,,,,,,,,,,,,,,,,100,32106,100,48739175056,100,181703808731,,,,,,,,,,
2019-10-13,Z305D4AR,ST4000DM000,4000787030016,0,114,65403040,,,94,0,100,6,100,0,87,592177436,,,64,32199,100,0,,,100,6,,,,,,,,,,,,,,,,,,,,,,,,,,,,,,,,,98,2,100,0,100,0,100,0,100,0,70,30,100,0,100,0,96,8018,30,30,,,,,100,0,100,0,200,0,,,,,,,,,,,,,,,,,,,,,,,,,,,100,32121,100,48751469608,100,181835036984,,,,,,,,,,
2019-10-14,Z305D4AR,ST4000DM000,4000787030016,0,117,152040344,,,94,0,100,6,100,0,87,594773903,,,64,32231,100,0,,,100,6,,,,,,,,,,,,,,,,,,,,,,,,,,,,,,,,,98,2,100,0,100,0,100,0,100,0,71,29,100,0,100,0,96,8018,29,29,,,,,100,0,100,0,200,0,,,,,,,,,,,,,,,,,,,,,,,,,,,100,32153,100,48780860384,100,182119691718,,,,,,,,,,
2019-10-15,Z305D4AR,ST4000DM000,4000787030016,0,118,185689080,,,94,0,100,6,100,0,87,598287699,,,64,32278,100,0,,,100,6,,,,,,,,,,,,,,,,,,,,,,,,,,,,,,,,,98,2,100,0,100,0,100,0,100,0,70,30,100,0,100,0,96,8018,30,30,,,,,100,0,100,0,200,0,,,,,,,,,,,,,,,,,,,,,,,,,,,100,32201,100,48826861240,100,182711041264,,,,,,,,,,
2019-10-16,Z305D4AR,ST4000DM000,4000787030016,0,118,185689080,,,94,0,100,6,100,0,87,598287699,,,64,32278,100,0,,,100,6,,,,,,,,,,,,,,,,,,,,,,,,,,,,,,,,,98,2,100,0,100,0,100,0,100,0,70,30,100,0,100,0,96,8018,30,30,,,,,100,0,100,0,200,0,,,,,,,,,,,,,,,,,,,,,,,,,,,100,32201,100,48826861240,100,182711041264,,,,,,,,,,
2019-10-17,Z305D4AR,ST4000DM000,4000787030016,0,119,234304960,,,94,0,100,6,100,0,87,599133299,,,64,32294,100,0,,,100,6,,,,,,,,,,,,,,,,,,,,,,,,,,,,,,,,,98,2,100,0,100,0,100,0,100,0,71,29,100,0,100,0,96,8018,29,29,,,,,100,0,100,0,200,0,,,,,,,,,,,,,,,,,,,,,,,,,,,100,32217,100,48837763856,100,182897501315,,,,,,,,,,
2019-10-18,Z305D4AR,ST4000DM000,4000787030016,0,117,154110240,,,94,0,100,6,100,0,87,601605456,,,64,32326,100,0,,,100,6,,,,,,,,,,,,,,,,,,,,,,,,,,,,,,,,,98,2,100,0,100,0,100,0,100,0,71,29,100,0,100,0,96,8018,29,29,,,,,100,0,100,0,200,0,,,,,,,,,,,,,,,,,,,,,,,,,,,100,32248,100,48880986280,100,183263243292,,,,,,,,,,
2019-10-19,Z305D4AR,ST4000DM000,4000787030016,0,117,153105032,,,94,0,100,6,100,0,87,602707893,,,64,32342,100,0,,,100,6,,,,,,,,,,,,,,,,,,,,,,,,,,,,,,,,,98,2,100,0,100,0,100,0,100,0,71,29,100,0,100,0,96,8018,29,29,,,,,100,0,100,0,200,0,,,,,,,,,,,,,,,,,,,,,,,,,,,100,32264,100,48909266968,100,183487780625,,,,,,,,,,
2019-10-20,Z305D4AR,ST4000DM000,4000787030016,0,116,116118704,,,94,0,100,6,100,0,87,605347375,,,64,32374,100,0,,,100,6,,,,,,,,,,,,,,,,,,,,,,,,,,,,,,,,,98,2,100,0,100,0,100,0,100,0,71,29,100,0,100,0,96,8018,29,29,,,,,100,0,100,0,200,0,,,,,,,,,,,,,,,,,,,,,,,,,,,100,32296,100,48956568448,100,183864635400,,,,,,,,,,
2019-10-21,Z305D4AR,ST4000DM000,4000787030016,0,119,213425576,,,94,0,100,6,100,0,87,607325682,,,64,32405,100,0,,,100,6,,,,,,,,,,,,,,,,,,,,,,,,,,,,,,,,,98,2,100,0,100,0,100,0,100,0,72,28,100,0,100,0,96,8018,28,28,,,,,100,0,100,0,200,0,,,,,,,,,,,,,,,,,,,,,,,,,,,100,32328,100,48995647432,100,184173376057,,,,,,,,,,
2019-10-22,Z305D4AR,ST4000DM000,4000787030016,0,114,81540976,,,94,0,100,6,100,0,87,608699859,,,63,32421,100,0,,,100,6,,,,,,,,,,,,,,,,,,,,,,,,,,,,,,,,,98,2,100,0,100,0,100,0,100,0,72,28,100,0,100,0,96,8018,28,28,,,,,100,0,100,0,200,0,,,,,,,,,,,,,,,,,,,,,,,,,,,100,32344,100,49008574520,100,184379164469,,,,,,,,,,
2019-10-23,Z305D4AR,ST4000DM000,4000787030016,0,119,206578672,,,94,0,100,6,100,0,87,610009100,,,63,32437,100,0,,,100,6,,,,,,,,,,,,,,,,,,,,,,,,,,,,,,,,,98,2,100,0,100,0,100,0,100,0,72,28,100,0,100,0,96,8018,28,28,,,,,100,0,100,0,200,0,,,,,,,,,,,,,,,,,,,,,,,,,,,100,32359,100,49023503424,100,184583068614,,,,,,,,,,
2019-10-24,Z305D4AR,ST4000DM000,4000787030016,0,117,121259688,,,94,0,100,6,100,0,87,613533697,,,63,32469,100,0,,,100,6,,,,,,,,,,,,,,,,,,,,,,,,,,,,,,,,,98,2,100,0,100,0,100,0,100,0,73,27,100,0,100,0,96,8018,27,27,,,,,100,0,100,0,200,0,,,,,,,,,,,,,,,,,,,,,,,,,,,100,32391,100,49044870280,100,184915342041,,,,,,,,,,
2019-10-25,Z305D4AR,ST4000DM000,4000787030016,0,111,31548888,,,94,0,100,6,100,0,87,615134614,,,63,32485,100,0,,,100,6,,,,,,,,,,,,,,,,,,,,,,,,,,,,,,,,,98,2,100,0,100,0,100,0,100,0,71,29,100,0,100,0,96,8018,29,29,,,,,100,0,100,0,200,0,,,,,,,,,,,,,,,,,,,,,,,,,,,100,32407,100,49052782120,100,185027607921,,,,,,,,,,
2019-10-26,Z305D4AR,ST4000DM000,4000787030016,0,118,171007304,,,94,0,100,6,100,0,87,617657315,,,63,32516,100,0,,,100,6,,,,,,,,,,,,,,,,,,,,,,,,,,,,,,,,,98,2,100,0,100,0,100,0,100,0,71,29,100,0,100,0,96,8018,29,29,,,,,100,0,100,0,200,0,,,,,,,,,,,,,,,,,,,,,,,,,,,100,32439,100,49078873608,100,185376191028,,,,,,,,,,
2019-10-27,Z305D4AR,ST4000DM000,4000787030016,0,117,155774680,,,94,0,100,6,100,0,87,618772769,,,63,32532,100,0,,,100,6,,,,,,,,,,,,,,,,,,,,,,,,,,,,,,,,,98,2,100,0,100,0,100,0,100,0,71,29,100,0,100,0,96,8018,29,29,,,,,100,0,100,0,200,0,,,,,,,,,,,,,,,,,,,,,,,,,,,100,32455,100,49092867264,100,185541359831,,,,,,,,,,
2019-10-28,Z305D4AR,ST4000DM000,4000787030016,0,115,93662528,,,94,0,100,6,100,0,87,620500430,,,63,32564,100,0,,,100,6,,,,,,,,,,,,,,,,,,,,,,,,,,,,,,,,,98,2,100,0,100,0,100,0,100,0,71,29,100,0,100,0,96,8018,29,29,,,,,100,0,100,0,200,0,,,,,,,,,,,,,,,,,,,,,,,,,,,100,32486,100,49114488096,100,185758271136,,,,,,,,,,
2019-10-29,Z305D4AR,ST4000DM000,4000787030016,0,119,203864184,,,94,0,100,6,100,0,87,620893270,,,63,32580,100,0,,,100,6,,,,,,,,,,,,,,,,,,,,,,,,,,,,,,,,,98,2,100,0,100,0,100,0,100,0,70,30,100,0,100,0,96,8018,30,30,,,,,100,0,100,0,200,0,,,,,,,,,,,,,,,,,,,,,,,,,,,100,32502,100,49120665232,100,185800404902,,,,,,,,,,
2019-10-30,Z305D4AR,ST4000DM000,4000787030016,0,119,217503656,,,94,0,100,6,100,0,87,623692343,,,63,32612,100,0,,,100,6,,,,,,,,,,,,,,,,,,,,,,,,,,,,,,,,,98,2,100,0,100,0,100,0,100,0,71,29,100,0,100,0,96,8018,29,29,,,,,100,0,100,0,200,0,,,,,,,,,,,,,,,,,,,,,,,,,,,100,32534,100,49133116520,100,186057484944,,,,,,,,,,
2019-10-31,Z305D4AR,ST4000DM000,4000787030016,0,111,39887912,,,94,0,100,6,100,0,87,624701418,,,63,32627,100,0,,,100,6,,,,,,,,,,,,,,,,,,,,,,,,,,,,,,,,,98,2,100,0,100,0,100,0,100,0,72,28,100,0,100,0,96,8018,28,28,,,,,100,0,100,0,200,0,,,,,,,,,,,,,,,,,,,,,,,,,,,100,32550,100,49141189960,100,186173127620,,,,,,,,,,
2019-11-01,Z305D4AR,ST4000DM000,4000787030016,0,116,105384384,,,94,0,100,6,100,0,87,626677277,,,63,32659,100,0,,,100,6,,,,,,,,,,,,,,,,,,,,,,,,,,,,,,,,,98,2,100,0,100,0,100,0,100,0,72,28,100,0,100,0,96,8018,28,28,,,,,100,0,100,0,200,0,,,,,,,,,,,,,,,,,,,,,,,,,,,100,32581,100,49146967136,100,186316875507,,,,,,,,,,
2019-11-02,Z305D4AR,ST4000DM000,4000787030016,0,117,151661576,,,94,0,100,6,100,0,87,627115728,,,63,32675,100,0,,,100,6,,,,,,,,,,,,,,,,,,,,,,,,,,,,,,,,,98,2,100,0,100,0,100,0,100,0,71,29,100,0,100,0,96,8018,29,29,,,,,100,0,100,0,200,0,,,,,,,,,,,,,,,,,,,,,,,,,,,100,32597,100,49150365376,100,186366513804,,,,,,,,,,
2019-11-03,Z305D4AR,ST4000DM000,4000787030016,0,116,115287960,,,94,0,100,6,100,0,87,629096583,,,63,32707,100,0,,,100,6,,,,,,,,,,,,,,,,,,,,,,,,,,,,,,,,,98,2,100,0,100,0,100,0,100,0,71,29,100,0,100,0,96,8018,29,29,,,,,100,0,100,0,200,0,,,,,,,,,,,,,,,,,,,,,,,,,,,100,32629,100,49156520344,100,186626080230,,,,,,,,,,
2019-11-04,Z305D4AR,ST4000DM000,4000787030016,0,108,18831360,,,94,0,100,6,100,0,87,631074749,,,63,32738,100,0,,,100,6,,,,,,,,,,,,,,,,,,,,,,,,,,,,,,,,,98,2,100,0,100,0,100,0,100,0,71,29,100,0,100,0,96,8018,29,29,,,,,100,0,100,0,200,0,,,,,,,,,,,,,,,,,,,,,,,,,,,100,32661,100,49166174256,100,186919232879,,,,,,,,,,
2019-11-06,Z305D4AR,ST4000DM000,4000787030016,0,108,18536272,,,94,0,100,6,100,0,87,633391931,,,63,32770,100,0,,,100,6,,,,,,,,,,,,,,,,,,,,,,,,,,,,,,,,,98,2,100,0,100,0,100,0,100,0,71,29,100,0,100,0,96,8018,29,29,,,,,100,0,100,0,200,0,,,,,,,,,,,,,,,,,,,,,,,,,,,100,32692,100,49174296800,100,187321162235,,,,,,,,,,
2019-11-07,Z305D4AR,ST4000DM000,4000787030016,0,118,171730528,,,94,0,100,6,100,0,87,634532699,,,63,32802,100,0,,,100,6,,,,,,,,,,,,,,,,,,,,,,,,,,,,,,,,,98,2,100,0,100,0,100,0,100,0,70,30,100,0,100,0,96,8018,30,30,,,,,100,0,100,0,200,0,,,,,,,,,,,,,,,,,,,,,,,,,,,100,32724,100,49187991976,100,187766832319,,,,,,,,,,
2019-11-08,Z305D4AR,ST4000DM000,4000787030016,0,106,11442288,,,94,0,100,6,100,0,87,635857550,,,63,32818,100,0,,,100,6,,,,,,,,,,,,,,,,,,,,,,,,,,,,,,,,,98,2,100,0,100,0,100,0,100,0,71,29,100,0,100,0,96,8018,29,29,,,,,100,0,100,0,200,0,,,,,,,,,,,,,,,,,,,,,,,,,,,100,32740,100,49193822608,100,187908272829,,,,,,,,,,
2019-11-09,Z305D4AR,ST4000DM000,4000787030016,0,114,59679680,,,94,0,100,6,100,0,87,638068745,,,63,32850,100,0,,,100,6,,,,,,,,,,,,,,,,,,,,,,,,,,,,,,,,,98,2,100,0,100,0,100,0,100,0,70,30,100,0,100,0,96,8018,30,30,,,,,100,0,100,0,200,0,,,,,,,,,,,,,,,,,,,,,,,,,,,100,32772,100,49208148896,100,188320100261,,,,,,,,,,
2019-11-10,Z305D4AR,ST4000DM000,4000787030016,0,106,11775512,,,94,0,100,6,100,0,87,638916987,,,63,32866,100,0,,,100,6,,,,,,,,,,,,,,,,,,,,,,,,,,,,,,,,,98,2,100,0,100,0,100,0,100,0,72,28,100,0,100,0,96,8018,28,28,,,,,100,0,100,0,200,0,,,,,,,,,,,,,,,,,,,,,,,,,,,100,32788,100,49212538792,100,188461614678,,,,,,,,,,
2019-11-11,Z305D4AR,ST4000DM000,4000787030016,0,119,209675464,,,94,0,100,6,100,0,87,640369663,,,63,32898,100,0,,,100,6,,,,,,,,,,,,,,,,,,,,,,,,,,,,,,,,,98,2,100,0,100,0,100,0,100,0,71,29,100,0,100,0,96,8018,29,29,,,,,100,0,100,0,200,0,,,,,,,,,,,,,,,,,,,,,,,,,,,100,32820,100,49220861280,100,188767857184,,,,,,,,,,
2019-11-12,Z305D4AR,ST4000DM000,4000787030016,0,117,125349304,,,94,0,100,6,100,0,87,641583455,,,63,32914,100,0,,,100,6,,,,,,,,,,,,,,,,,,,,,,,,,,,,,,,,,98,2,100,0,100,0,100,0,100,0,70,30,100,0,100,0,96,8018,30,30,,,,,100,0,100,0,200,0,,,,,,,,,,,,,,,,,,,,,,,,,,,100,32836,100,49226882928,100,188969490695,,,,,,,,,,
2019-11-13,Z305D4AR,ST4000DM000,4000787030016,0,114,76630320,,,94,0,100,6,100,0,87,645852363,,,63,32946,100,0,,,100,6,,,,,,,,,,,,,,,,,,,,,,,,,,,,,,,,,98,2,100,0,100,0,100,0,100,0,71,29,100,0,100,0,96,8018,29,29,,,,,100,0,100,0,200,0,,,,,,,,,,,,,,,,,,,,,,,,,,,100,32868,100,49237395352,100,189272706934,,,,,,,,,,
2019-11-14,Z305D4AR,ST4000DM000,4000787030016,0,117,119495912,,,94,0,100,6,100,0,87,646678685,,,63,32961,100,0,,,100,6,,,,,,,,,,,,,,,,,,,,,,,,,,,,,,,,,98,2,100,0,100,0,100,0,100,0,71,29,100,0,100,0,96,8018,29,29,,,,,100,0,100,0,200,0,,,,,,,,,,,,,,,,,,,,,,,,,,,100,32884,100,49242905464,100,189449284966,,,,,,,,,,
2019-11-15,Z305D4AR,ST4000DM000,4000787030016,0,117,159646552,,,94,0,100,6,100,0,87,648864082,,,63,32993,100,0,,,100,6,,,,,,,,,,,,,,,,,,,,,,,,,,,,,,,,,98,2,100,0,100,0,100,0,100,0,70,30,100,0,100,0,96,8018,30,30,,,,,100,0,100,0,200,0,,,,,,,,,,,,,,,,,,,,,,,,,,,100,32916,100,49256548832,100,189768232275,,,,,,,,,,
2019-11-16,Z305D4AR,ST4000DM000,4000787030016,0,116,109649824,,,94,0,100,6,100,0,87,649790206,,,63,33009,100,0,,,100,6,,,,,,,,,,,,,,,,,,,,,,,,,,,,,,,,,98,2,100,0,100,0,100,0,100,0,72,28,100,0,100,0,96,8018,28,28,,,,,100,0,100,0,200,0,,,,,,,,,,,,,,,,,,,,,,,,,,,100,32932,100,49260307136,100,189929765417,,,,,,,,,,
2019-11-17,Z305D4AR,ST4000DM000,4000787030016,0,117,136845552,,,94,0,100,6,100,0,87,651337724,,,63,33041,100,0,,,100,6,,,,,,,,,,,,,,,,,,,,,,,,,,,,,,,,,98,2,100,0,100,0,100,0,100,0,70,30,100,0,100,0,96,8018,30,30,,,,,100,0,100,0,200,0,,,,,,,,,,,,,,,,,,,,,,,,,,,100,32963,100,49271470360,100,190140819236,,,,,,,,,,
2019-11-18,Z305D4AR,ST4000DM000,4000787030016,0,117,130930408,,,94,0,100,6,100,0,87,652650135,,,63,33073,100,0,,,100,6,,,,,,,,,,,,,,,,,,,,,,,,,,,,,,,,,98,2,100,0,100,0,100,0,100,0,71,29,100,0,100,0,96,8018,29,29,,,,,100,0,100,0,200,0,,,,,,,,,,,,,,,,,,,,,,,,,,,100,32995,100,49288471448,100,190317243927,,,,,,,,,,
2019-11-19,Z305D4AR,ST4000DM000,4000787030016,0,117,142174616,,,94,0,100,6,100,0,87,653765235,,,63,33089,100,0,,,100,6,,,,,,,,,,,,,,,,,,,,,,,,,,,,,,,,,98,2,100,0,100,0,100,0,100,0,71,29,100,0,100,0,96,8018,29,29,,,,,100,0,100,0,200,0,,,,,,,,,,,,,,,,,,,,,,,,,,,100,33011,100,49293846216,100,190424879869,,,,,,,,,,
2019-11-20,Z305D4AR,ST4000DM000,4000787030016,0,100,2673104,,,94,0,100,6,100,0,87,655843655,,,63,33120,100,0,,,100,6,,,,,,,,,,,,,,,,,,,,,,,,,,,,,,,,,98,2,100,0,100,0,100,0,100,0,71,29,100,0,100,0,96,8018,29,29,,,,,100,0,100,0,200,0,,,,,,,,,,,,,,,,,,,,,,,,,,,100,33043,100,49309728784,100,190584260845,,,,,,,,,,
2019-11-21,Z305D4AR,ST4000DM000,4000787030016,0,111,30901992,,,94,0,100,6,100,0,87,656335393,,,63,33136,100,0,,,100,6,,,,,,,,,,,,,,,,,,,,,,,,,,,,,,,,,98,2,100,0,100,0,100,0,100,0,70,30,100,0,100,0,96,8018,30,30,,,,,100,0,100,0,200,0,,,,,,,,,,,,,,,,,,,,,,,,,,,100,33058,100,49312583176,100,190666141282,,,,,,,,,,
2019-11-22,Z305D4AR,ST4000DM000,4000787030016,0,117,127576336,,,94,0,100,6,100,0,87,658507733,,,63,33168,100,0,,,100,6,,,,,,,,,,,,,,,,,,,,,,,,,,,,,,,,,98,2,100,0,100,0,100,0,100,0,72,28,100,0,100,0,96,8018,28,28,,,,,100,0,100,0,200,0,,,,,,,,,,,,,,,,,,,,,,,,,,,100,33090,100,49319554592,100,190850667274,,,,,,,,,,
2019-11-23,Z305D4AR,ST4000DM000,4000787030016,0,116,114658392,,,94,0,100,6,100,0,87,659888591,,,63,33184,100,0,,,100,6,,,,,,,,,,,,,,,,,,,,,,,,,,,,,,,,,98,2,100,0,100,0,100,0,100,0,70,30,100,0,100,0,96,8018,30,30,,,,,100,0,100,0,200,0,,,,,,,,,,,,,,,,,,,,,,,,,,,100,33106,100,49324038536,100,190983402159,,,,,,,,,,
2019-11-24,Z305D4AR,ST4000DM000,4000787030016,0,118,169636440,,,94,0,100,6,100,0,87,661372719,,,63,33215,100,0,,,100,6,,,,,,,,,,,,,,,,,,,,,,,,,,,,,,,,,98,2,100,0,100,0,100,0,100,0,71,29,100,0,100,0,96,8018,29,29,,,,,100,0,100,0,200,0,,,,,,,,,,,,,,,,,,,,,,,,,,,100,33138,100,49335569136,100,191266278109,,,,,,,,,,
2019-11-25,Z305D4AR,ST4000DM000,4000787030016,0,103,5700816,,,94,0,100,6,100,0,87,661921446,,,63,33231,100,0,,,100,6,,,,,,,,,,,,,,,,,,,,,,,,,,,,,,,,,98,2,100,0,100,0,100,0,100,0,70,30,100,0,100,0,96,8018,30,30,,,,,100,0,100,0,200,0,,,,,,,,,,,,,,,,,,,,,,,,,,,100,33153,100,49342437536,100,191445852818,,,,,,,,,,
2019-11-26,Z305D4AR,ST4000DM000,4000787030016,0,117,145617576,,,94,0,100,6,100,0,87,664238955,,,63,33263,100,0,,,100,6,,,,,,,,,,,,,,,,,,,,,,,,,,,,,,,,,98,2,100,0,100,0,100,0,100,0,70,30,100,0,100,0,96,8018,30,30,,,,,100,0,100,0,200,0,,,,,,,,,,,,,,,,,,,,,,,,,,,100,33185,100,49357156736,100,191905465325,,,,,,,,,,
2019-11-27,Z305D4AR,ST4000DM000,4000787030016,0,111,36846336,,,94,0,100,6,100,0,87,664778149,,,63,33279,100,0,,,100,6,,,,,,,,,,,,,,,,,,,,,,,,,,,,,,,,,98,2,100,0,100,0,100,0,100,0,70,30,100,0,100,0,96,8018,30,30,,,,,100,0,100,0,200,0,,,,,,,,,,,,,,,,,,,,,,,,,,,100,33201,100,49363895760,100,192147841681,,,,,,,,,,
2019-11-28,Z305D4AR,ST4000DM000,4000787030016,0,113,55552800,,,94,0,100,6,100,0,87,666477333,,,62,33310,100,0,,,100,6,,,,,,,,,,,,,,,,,,,,,,,,,,,,,,,,,98,2,100,0,100,0,100,0,100,0,70,30,100,0,100,0,96,8018,30,30,,,,,100,0,100,0,200,0,,,,,,,,,,,,,,,,,,,,,,,,,,,100,33233,100,49380877528,100,192524397699,,,,,,,,,,
2019-11-29,Z305D4AR,ST4000DM000,4000787030016,0,112,49498256,,,94,0,100,6,100,0,87,668382000,,,62,33326,100,0,,,100,6,,,,,,,,,,,,,,,,,,,,,,,,,,,,,,,,,98,2,100,0,100,0,100,0,100,0,70,30,100,0,100,0,96,8018,30,30,,,,,100,0,100,0,200,0,,,,,,,,,,,,,,,,,,,,,,,,,,,100,33248,100,49386373240,100,192663091363,,,,,,,,,,
2019-11-30,Z305D4AR,ST4000DM000,4000787030016,0,106,10677600,,,94,0,100,6,100,0,87,669891460,,,62,33358,100,0,,,100,6,,,,,,,,,,,,,,,,,,,,,,,,,,,,,,,,,98,2,100,0,100,0,100,0,100,0,70,30,100,0,100,0,96,8018,30,30,,,,,100,0,100,0,200,0,,,,,,,,,,,,,,,,,,,,,,,,,,,100,33280,100,49401820992,100,192936753893,,,,,,,,,,
2019-12-01,Z305D4AR,ST4000DM000,4000787030016,0,116,106951080,,,94,0,100,6,100,0,87,670914611,,,62,33374,100,0,,,100,6,,,,,,,,,,,,,,,,,,,,,,,,,,,,,,,,,98,2,100,0,100,0,100,0,100,0,70,30,100,0,100,0,96,8018,30,30,,,,,100,0,100,0,200,0,,,,,,,,,,,,,,,,,,,,,,,,,,,100,33296,100,49411987192,100,193122592318,,,,,,,,,,
2019-12-02,Z305D4AR,ST4000DM000,4000787030016,0,111,33647696,,,94,0,100,6,100,0,88,673079330,,,62,33406,100,0,,,100,6,,,,,,,,,,,,,,,,,,,,,,,,,,,,,,,,,98,2,100,0,100,0,100,0,100,0,70,30,100,0,100,0,96,8018,30,30,,,,,100,0,100,0,200,0,,,,,,,,,,,,,,,,,,,,,,,,,,,100,33328,100,49433153144,100,193474830598,,,,,,,,,,
2019-12-03,Z305D4AR,ST4000DM000,4000787030016,0,114,72297936,,,94,0,100,6,100,0,88,673884894,,,62,33422,100,0,,,100,6,,,,,,,,,,,,,,,,,,,,,,,,,,,,,,,,,98,2,100,0,100,0,100,0,100,0,70,30,100,0,100,0,96,8018,30,30,,,,,100,0,100,0,200,0,,,,,,,,,,,,,,,,,,,,,,,,,,,100,33344,100,49441501168,100,193645929531,,,,,,,,,,
2019-12-04,Z305D4AR,ST4000DM000,4000787030016,0,116,100925384,,,94,0,100,6,100,0,88,677495985,,,62,33453,100,0,,,100,6,,,,,,,,,,,,,,,,,,,,,,,,,,,,,,,,,98,2,100,0,100,0,100,0,100,0,70,30,100,0,100,0,96,8018,30,30,,,,,100,0,100,0,200,0,,,,,,,,,,,,,,,,,,,,,,,,,,,100,33375,100,49457503240,100,193998019916,,,,,,,,,,
2019-12-05,Z305D4AR,ST4000DM000,4000787030016,0,119,205807784,,,94,0,100,6,100,0,88,678691508,,,62,33469,100,0,,,100,6,,,,,,,,,,,,,,,,,,,,,,,,,,,,,,,,,98,2,100,0,100,0,100,0,100,0,70,30,100,0,100,0,96,8018,30,30,,,,,100,0,100,0,200,0,,,,,,,,,,,,,,,,,,,,,,,,,,,100,33391,100,49463002136,100,194160048388,,,,,,,,,,
2019-12-06,Z305D4AR,ST4000DM000,4000787030016,0,119,218791440,,,94,0,100,6,100,0,88,681054546,,,62,33501,100,0,,,100,6,,,,,,,,,,,,,,,,,,,,,,,,,,,,,,,,,98,2,100,0,100,0,100,0,100,0,70,30,100,0,100,0,96,8018,30,30,,,,,100,0,100,0,200,0,,,,,,,,,,,,,,,,,,,,,,,,,,,100,33423,100,49474473648,100,194361916514,,,,,,,,,,
2019-12-07,Z305D4AR,ST4000DM000,4000787030016,0,119,220215744,,,94,0,100,6,100,0,88,681734004,,,62,33517,100,0,,,100,6,,,,,,,,,,,,,,,,,,,,,,,,,,,,,,,,,98,2,100,0,100,0,100,0,100,0,71,29,100,0,100,0,96,8018,29,29,,,,,100,0,100,0,200,0,,,,,,,,,,,,,,,,,,,,,,,,,,,100,33439,100,49479877696,100,194455228869,,,,,,,,,,
2019-12-08,Z305D4AR,ST4000DM000,4000787030016,0,119,229113304,,,94,0,100,6,100,0,88,683206923,,,62,33549,100,0,,,100,6,,,,,,,,,,,,,,,,,,,,,,,,,,,,,,,,,98,2,100,0,100,0,100,0,100,0,71,29,100,0,100,0,96,8018,29,29,,,,,100,0,100,0,200,0,,,,,,,,,,,,,,,,,,,,,,,,,,,100,33471,100,49495830456,100,194670940865,,,,,,,,,,
2019-12-09,Z305D4AR,ST4000DM000,4000787030016,0,117,133043824,,,94,0,100,6,100,0,88,683907470,,,62,33564,100,0,,,100,6,,,,,,,,,,,,,,,,,,,,,,,,,,,,,,,,,98,2,100,0,100,0,100,0,100,0,71,29,100,0,100,0,96,8018,29,29,,,,,100,0,100,0,200,0,,,,,,,,,,,,,,,,,,,,,,,,,,,100,33487,100,49503881384,100,194761580207,,,,,,,,,,
2019-12-10,Z305D4AR,ST4000DM000,4000787030016,0,117,132521224,,,94,0,100,6,100,0,88,685549049,,,62,33596,100,0,,,100,6,,,,,,,,,,,,,,,,,,,,,,,,,,,,,,,,,98,2,100,0,100,0,100,0,100,0,70,30,100,0,100,0,96,8018,30,30,,,,,100,0,100,0,200,0,,,,,,,,,,,,,,,,,,,,,,,,,,,100,33518,100,49527572944,100,194901102982,,,,,,,,,,
2019-12-11,Z305D4AR,ST4000DM000,4000787030016,0,114,70110320,,,94,0,100,6,100,0,88,686690010,,,62,33612,100,0,,,100,6,,,,,,,,,,,,,,,,,,,,,,,,,,,,,,,,,98,2,100,0,100,0,100,0,100,0,71,29,100,0,100,0,96,8018,29,29,,,,,100,0,100,0,200,0,,,,,,,,,,,,,,,,,,,,,,,,,,,100,33534,100,49538229496,100,194963212899,,,,,,,,,,
2019-12-12,Z305D4AR,ST4000DM000,4000787030016,0,118,196730864,,,94,0,100,6,100,0,88,688646695,,,62,33644,100,0,,,100,6,,,,,,,,,,,,,,,,,,,,,,,,,,,,,,,,,98,2,100,0,100,0,100,0,100,0,70,30,100,0,100,0,96,8018,30,30,,,,,100,0,100,0,200,0,,,,,,,,,,,,,,,,,,,,,,,,,,,100,33566,100,49556730872,100,195251674701,,,,,,,,,,
2019-12-13,Z305D4AR,ST4000DM000,4000787030016,0,118,195995800,,,94,0,100,6,100,0,88,690070768,,,62,33659,100,0,,,100,6,,,,,,,,,,,,,,,,,,,,,,,,,,,,,,,,,98,2,100,0,100,0,100,0,100,0,70,30,100,0,100,0,96,8018,30,30,,,,,100,0,100,0,200,0,,,,,,,,,,,,,,,,,,,,,,,,,,,100,33582,100,49564268120,100,195332077993,,,,,,,,,,
2019-12-14,Z305D4AR,ST4000DM000,4000787030016,0,114,70955448,,,94,0,100,6,100,0,88,691874619,,,62,33691,100,0,,,100,6,,,,,,,,,,,,,,,,,,,,,,,,,,,,,,,,,98,2,100,0,100,0,100,0,100,0,71,29,100,0,100,0,96,8018,29,29,,,,,100,0,100,0,200,0,,,,,,,,,,,,,,,,,,,,,,,,,,,100,33613,100,49578947080,100,195572913304,,,,,,,,,,
2019-12-15,Z305D4AR,ST4000DM000,4000787030016,0,117,126360224,,,94,0,100,6,100,0,88,692540234,,,62,33707,100,0,,,100,6,,,,,,,,,,,,,,,,,,,,,,,,,,,,,,,,,98,2,100,0,100,0,100,0,100,0,71,29,100,0,100,0,96,8018,29,29,,,,,100,0,100,0,200,0,,,,,,,,,,,,,,,,,,,,,,,,,,,100,33629,100,49592156208,100,195722522468,,,,,,,,,,
2019-12-16,Z305D4AR,ST4000DM000,4000787030016,0,118,184701688,,,94,0,100,6,100,0,88,693591319,,,62,33739,100,0,,,100,6,,,,,,,,,,,,,,,,,,,,,,,,,,,,,,,,,98,2,100,0,100,0,100,0,100,0,70,30,100,0,100,0,96,8018,30,30,,,,,100,0,100,0,200,0,,,,,,,,,,,,,,,,,,,,,,,,,,,100,33661,100,49609082056,100,196140485622,,,,,,,,,,
2019-12-17,Z305D4AR,ST4000DM000,4000787030016,0,112,49555120,,,94,0,100,6,100,0,88,694170453,,,62,33755,100,0,,,100,6,,,,,,,,,,,,,,,,,,,,,,,,,,,,,,,,,98,2,100,0,100,0,100,0,100,0,71,29,100,0,100,0,96,8018,29,29,,,,,100,0,100,0,200,0,,,,,,,,,,,,,,,,,,,,,,,,,,,100,33677,100,49626170288,100,196379751278,,,,,,,,,,
2019-12-18,Z305D4AR,ST4000DM000,4000787030016,0,111,39126016,,,94,0,100,6,100,0,88,696816316,,,62,33786,100,0,,,100,6,,,,,,,,,,,,,,,,,,,,,,,,,,,,,,,,,98,2,100,0,100,0,100,0,100,0,70,30,100,0,100,0,96,8018,30,30,,,,,100,0,100,0,200,0,,,,,,,,,,,,,,,,,,,,,,,,,,,100,33709,100,49646903072,100,196799740803,,,,,,,,,,
2019-12-19,Z305D4AR,ST4000DM000,4000787030016,0,120,241734952,,,94,0,100,6,100,0,88,698910801,,,62,33818,100,0,,,100,6,,,,,,,,,,,,,,,,,,,,,,,,,,,,,,,,,98,2,100,0,100,0,100,0,100,0,71,29,100,0,100,0,96,8018,29,29,,,,,100,0,100,0,200,0,,,,,,,,,,,,,,,,,,,,,,,,,,,100,33740,100,49663626632,100,197147016037,,,,,,,,,,
2019-12-20,Z305D4AR,ST4000DM000,4000787030016,0,117,140617056,,,94,0,100,6,100,0,88,700112694,,,62,33834,100,0,,,100,6,,,,,,,,,,,,,,,,,,,,,,,,,,,,,,,,,98,2,100,0,100,0,100,0,100,0,70,30,100,0,100,0,96,8018,30,30,,,,,100,0,100,0,200,0,,,,,,,,,,,,,,,,,,,,,,,,,,,100,33756,100,49669259896,100,197202021977,,,,,,,,,,
2019-12-21,Z305D4AR,ST4000DM000,4000787030016,0,108,16916200,,,94,0,100,6,100,0,88,700728051,,,62,33850,100,0,,,100,6,,,,,,,,,,,,,,,,,,,,,,,,,,,,,,,,,98,2,100,0,100,0,100,0,100,0,70,30,100,0,100,0,96,8018,30,30,,,,,100,0,100,0,200,0,,,,,,,,,,,,,,,,,,,,,,,,,,,100,33772,100,49677634616,100,197335478293,,,,,,,,,,
2019-12-22,Z305D4AR,ST4000DM000,4000787030016,0,116,104782768,,,94,0,100,6,100,0,88,702949675,,,62,33882,100,0,,,100,6,,,,,,,,,,,,,,,,,,,,,,,,,,,,,,,,,98,2,100,0,100,0,100,0,100,0,71,29,100,0,100,0,96,8018,29,29,,,,,100,0,100,0,200,0,,,,,,,,,,,,,,,,,,,,,,,,,,,100,33804,100,49705614136,100,197715697798,,,,,,,,,,
2019-12-23,Z305D4AR,ST4000DM000,4000787030016,0,119,225928504,,,94,0,100,6,100,0,88,703899302,,,62,33897,100,0,,,100,6,,,,,,,,,,,,,,,,,,,,,,,,,,,,,,,,,98,2,100,0,100,0,100,0,100,0,71,29,100,0,100,0,96,8018,29,29,,,,,100,0,100,0,200,0,,,,,,,,,,,,,,,,,,,,,,,,,,,100,33820,100,49713593640,100,197867674639,,,,,,,,,,
2019-12-24,Z305D4AR,ST4000DM000,4000787030016,0,117,148604960,,,94,0,100,6,100,0,88,706019449,,,62,33929,100,0,,,100,6,,,,,,,,,,,,,,,,,,,,,,,,,,,,,,,,,98,2,100,0,100,0,100,0,100,0,70,30,100,0,100,0,96,8018,30,30,,,,,100,0,100,0,200,0,,,,,,,,,,,,,,,,,,,,,,,,,,,100,33851,100,49733647160,100,198194610920,,,,,,,,,,
2019-12-25,Z305D4AR,ST4000DM000,4000787030016,0,117,149196472,,,94,0,100,6,100,0,88,708156407,,,62,33945,100,0,,,100,6,,,,,,,,,,,,,,,,,,,,,,,,,,,,,,,,,98,2,100,0,100,0,100,0,100,0,71,29,100,0,100,0,96,8018,29,29,,,,,100,0,100,0,200,0,,,,,,,,,,,,,,,,,,,,,,,,,,,100,33867,100,49743575272,100,198397556219,,,,,,,,,,
2019-12-26,Z305D4AR,ST4000DM000,4000787030016,0,117,145027632,,,94,0,100,6,100,0,88,709822687,,,62,33977,100,0,,,100,6,,,,,,,,,,,,,,,,,,,,,,,,,,,,,,,,,98,2,100,0,100,0,100,0,100,0,71,29,100,0,100,0,96,8018,29,29,,,,,100,0,100,0,200,0,,,,,,,,,,,,,,,,,,,,,,,,,,,100,33899,100,49771404520,100,198654427998,,,,,,,,,,
2019-12-27,Z305D4AR,ST4000DM000,4000787030016,0,112,47021488,,,94,0,100,6,100,0,88,711486911,,,62,33993,100,0,,,100,6,,,,,,,,,,,,,,,,,,,,,,,,,,,,,,,,,98,2,100,0,100,0,100,0,100,0,71,29,100,0,100,0,96,8018,29,29,,,,,100,0,100,0,200,0,,,,,,,,,,,,,,,,,,,,,,,,,,,100,33915,100,49782479872,100,198745698171,,,,,,,,,,
2019-12-28,Z305D4AR,ST4000DM000,4000787030016,0,116,115814584,,,94,0,100,6,100,0,88,712598319,,,62,34024,100,0,,,100,6,,,,,,,,,,,,,,,,,,,,,,,,,,,,,,,,,98,2,100,0,100,0,100,0,100,0,71,29,100,0,100,0,96,8018,29,29,,,,,100,0,100,0,200,0,,,,,,,,,,,,,,,,,,,,,,,,,,,100,33946,100,49801681800,100,198892309621,,,,,,,,,,
2019-12-29,Z305D4AR,ST4000DM000,4000787030016,0,118,184893696,,,94,0,100,6,100,0,88,714610302,,,62,34056,100,0,,,100,6,,,,,,,,,,,,,,,,,,,,,,,,,,,,,,,,,98,2,100,0,100,0,100,0,100,0,71,29,100,0,100,0,96,8018,29,29,,,,,100,0,100,0,200,0,,,,,,,,,,,,,,,,,,,,,,,,,,,100,33978,100,49819745920,100,199152952842,,,,,,,,,,
2019-12-30,Z305D4AR,ST4000DM000,4000787030016,0,113,50859624,,,94,0,100,6,100,0,88,716820601,,,62,34072,100,0,,,100,6,,,,,,,,,,,,,,,,,,,,,,,,,,,,,,,,,98,2,100,0,100,0,100,0,100,0,71,29,100,0,100,0,96,8018,29,29,,,,,100,0,100,0,200,0,,,,,,,,,,,,,,,,,,,,,,,,,,,100,33994,100,49829691080,100,199236855790,,,,,,,,,,
2019-12-31,Z305D4AR,ST4000DM000,4000787030016,0,114,77546464,,,94,0,100,6,100,0,88,718873160,,,62,34103,100,0,,,100,6,,,,,,,,,,,,,,,,,,,,,,,,,,,,,,,,,98,2,100,0,100,0,100,0,100,0,71,29,100,0,100,0,96,8018,29,29,,,,,100,0,100,0,200,0,,,,,,,,,,,,,,,,,,,,,,,,,,,100,34026,100,49852126648,100,199358929496,,,,,,,,,,
