2019-01-01,Z305D61N,ST4000DM000,4000787030016,0,112,46868552,,,94,0,100,6,100,0,84,275295267,,,71,25622,100,0,,,100,6,,,,,,,,,,,,,,,,,,,,,,,,,,,,,,,100,0,100,0,100,0,100,0,100,0,77,23,100,0,100,0,98,4830,23,23,,,,,100,0,100,0,200,0,,,,,,,,,,,,,,,,,,,,,,,,,,,100,25541,100,44972655176,100,117361109858,,,,,,,,,,
2019-01-02,Z305D61N,ST4000DM000,4000787030016,0,119,221213656,,,94,0,100,6,100,0,84,276739684,,,71,25647,100,0,,,100,6,,,,,,,,,,,,,,,,,,,,,,,,,,,,,,,100,0,100,0,100,0,100,0,100,0,77,23,100,0,100,0,98,4830,23,23,,,,,100,0,100,0,200,0,,,,,,,,,,,,,,,,,,,,,,,,,,,100,25565,100,44984385888,100,117562526013,,,,,,,,,,
2019-01-03,Z305D61N,ST4000DM000,4000787030016,0,119,233456824,,,94,0,100,6,100,0,84,278509795,,,71,25671,100,0,,,100,6,,,,,,,,,,,,,,,,,,,,,,,,,,,,,,,100,0,100,0,100,0,100,0,100,0,78,22,100,0,100,0,98,4830,22,22,,,,,100,0,100,0,200,0,,,,,,,,,,,,,,,,,,,,,,,,,,,100,25589,100,45002379824,100,117696519367,,,,,,,,,,
2019-01-04,Z305D61N,ST4000DM000,4000787030016,0,111,40606848,,,94,0,100,6,100,0,84,279550733,,,71,25695,100,0,,,100,6,,,,,,,,,,,,,,,,,,,,,,,,,,,,,,,100,0,100,0,100,0,100,0,100,0,75,25,100,0,100,0,98,4830,25,25,,,,,100,0,100,0,200,0,,,,,,,,,,,,,,,,,,,,,,,,,,,100,25613,100,45017428368,100,117815597902,,,,,,,,,,
2019-01-05,Z305D61N,ST4000DM000,4000787030016,0,108,16398816,,,94,0,100,6,100,0,84,280669537,,,71,25719,100,0,,,100,6,,,,,,,,,,,,,,,,,,,,,,,,,,,,,,,100,0,100,0,100,0,100,0,100,0,75,25,100,0,100,0,98,4830,25,25,,,,,100,0,100,0,200,0,,,,,,,,,,,,,,,,,,,,,,,,,,,100,25637,100,45040245640,100,117929655661,,,,,,,,,,
2019-01-06,Z305D61N,ST4000DM000,4000787030016,0,117,150060576,,,94,0,100,6,100,0,84,281293100,,,71,25742,100,0,,,100,6,,,,,,,,,,,,,,,,,,,,,,,,,,,,,,,100,0,100,0,100,0,100,0,100,0,76,24,100,0,100,0,98,4830,24,24,,,,,100,0,100,0,200,0,,,,,,,,,,,,,,,,,,,,,,,,,,,100,25661,100,45056984872,100,117986753927,,,,,,,,,,
2019-01-07,Z305D61N,ST4000DM000,4000787030016,0,106,11204352,,,94,0,100,6,100,0,84,283567957,,,71,25767,100,0,,,100,6,,,,,,,,,,,,,,,,,,,,,,,,,,,,,,,100,0,100,0,100,0,100,0,100,0,75,25,100,0,100,0,98,4830,25,25,,,,,100,0,100,0,200,0,,,,,,,,,,,,,,,,,,,,,,,,,,,100,25685,100,45083670480,100,118086403112,,,,,,,,,,
2019-01-08,Z305D61N,ST4000DM000,4000787030016,0,116,102404624,,,94,0,100,6,100,0,84,285431338,,,71,25790,100,0,,,100,6,,,,,,,,,,,,,,,,,,,,,,,,,,,,,,,100,0,100,0,100,0,100,0,100,0,76,24,100,0,100,0,98,4830,24,24,,,,,100,0,100,0,200,0,,,,,,,,,,,,,,,,,,,,,,,,,,,100,25709,100,45102169056,100,118197399803,,,,,,,,,,
2019-01-09,Z305D61N,ST4000DM000,4000787030016,0,117,146086216,,,94,0,100,6,100,0,84,285953362,,,71,25815,100,0,,,100,6,,,,,,,,,,,,,,,,,,,,,,,,,,,,,,,100,0,100,0,100,0,100,0,100,0,76,24,100,0,100,0,98,4830,24,24,,,,,100,0,100,0,200,0,,,,,,,,,,,,,,,,,,,,,,,,,,,100,25733,100,45122130976,100,118227428123,,,,,,,,,,
2019-01-10,Z305D61N,ST4000DM000,4000787030016,0,116,105450560,,,94,0,100,6,100,0,84,286986589,,,71,25833,100,0,,,100,6,,,,,,,,,,,,,,,,,,,,,,,,,,,,,,,100,0,100,0,100,0,100,0,100,0,77,23,100,0,100,0,98,4830,23,23,,,,,100,0,100,0,200,0,,,,,,,,,,,,,,,,,,,,,,,,,,,100,25752,100,45141718232,100,118296798791,,,,,,,,,,
2019-01-11,Z305D61N,ST4000DM000,4000787030016,0,115,91927632,,,94,0,100,6,100,0,84,287991152,,,71,25855,100,0,,,100,6,,,,,,,,,,,,,,,,,,,,,,,,,,,,,,,100,0,100,0,100,0,100,0,100,0,77,23,100,0,100,0,98,4835,23,23,,,,,100,0,100,0,200,0,,,,,,,,,,,,,,,,,,,,,,,,,,,100,25773,100,45169849264,100,118416169370,,,,,,,,,,
2019-01-12,Z305D61N,ST4000DM000,4000787030016,0,112,49407152,,,94,0,100,6,100,0,84,289003118,,,71,25879,100,0,,,100,6,,,,,,,,,,,,,,,,,,,,,,,,,,,,,,,100,0,100,0,100,0,100,0,100,0,77,23,100,0,100,0,98,4835,23,23,,,,,100,0,100,0,200,0,,,,,,,,,,,,,,,,,,,,,,,,,,,100,25797,100,45186454016,100,118552468491,,,,,,,,,,
2019-01-13,Z305D61N,ST4000DM000,4000787030016,0,117,152585272,,,94,0,100,6,100,0,84,290009278,,,71,25903,100,0,,,100,6,,,,,,,,,,,,,,,,,,,,,,,,,,,,,,,100,0,100,0,100,0,100,0,100,0,78,22,100,0,100,0,98,4835,22,22,,,,,100,0,100,0,200,0,,,,,,,,,,,,,,,,,,,,,,,,,,,100,25821,100,45205770848,100,118696758014,,,,,,,,,,
2019-01-14,Z305D61N,ST4000DM000,4000787030016,0,114,72100360,,,94,0,100,6,100,0,84,290675421,,,71,25927,100,0,,,100,6,,,,,,,,,,,,,,,,,,,,,,,,,,,,,,,100,0,100,0,100,0,100,0,100,0,77,23,100,0,100,0,98,4835,23,23,,,,,100,0,100,0,200,0,,,,,,,,,,,,,,,,,,,,,,,,,,,100,25845,100,45216753504,100,118772246161,,,,,,,,,,
2019-01-15,Z305D61N,ST4000DM000,4000787030016,0,119,215291464,,,94,0,100,6,100,0,84,292765765,,,71,25951,100,0,,,100,6,,,,,,,,,,,,,,,,,,,,,,,,,,,,,,,100,0,100,0,100,0,100,0,100,0,77,23,100,0,100,0,98,4835,23,23,,,,,100,0,100,0,200,0,,,,,,,,,,,,,,,,,,,,,,,,,,,100,25869,100,45243232072,100,118896867733,,,,,,,,,,
2019-01-16,Z305D61N,ST4000DM000,4000787030016,0,118,186595288,,,94,0,100,6,100,0,84,293777782,,,71,25974,100,0,,,100,6,,,,,,,,,,,,,,,,,,,,,,,,,,,,,,,100,0,100,0,100,0,100,0,100,0,76,24,100,0,100,0,98,4835,24,24,,,,,100,0,100,0,200,0,,,,,,,,,,,,,,,,,,,,,,,,,,,100,25893,100,45258562936,100,118991538161,,,,,,,,,,
2019-01-17,Z305D61N,ST4000DM000,4000787030016,0,110,26945600,,,94,0,100,6,100,0,84,294841688,,,71,25998,100,0,,,100,6,,,,,,,,,,,,,,,,,,,,,,,,,,,,,,,100,0,100,0,100,0,100,0,100,0,77,23,100,0,100,0,98,4835,23,23,,,,,100,0,100,0,200,0,,,,,,,,,,,,,,,,,,,,,,,,,,,100,25917,100,45270398256,100,119062654348,,,,,,,,,,
2019-01-18,Z305D61N,ST4000DM000,4000787030016,0,118,179046080,,,94,0,100,6,100,0,84,296582112,,,71,26022,100,0,,,100,6,,,,,,,,,,,,,,,,,,,,,,,,,,,,,,,100,0,100,0,100,0,100,0,100,0,77,23,100,0,100,0,98,4835,23,23,,,,,100,0,100,0,200,0,,,,,,,,,,,,,,,,,,,,,,,,,,,100,25941,100,45293127392,100,119125889073,,,,,,,,,,
2019-01-19,Z305D61N,ST4000DM000,4000787030016,0,110,29046224,,,94,0,100,6,100,0,84,297060489,,,71,26046,100,0,,,100,6,,,,,,,,,,,,,,,,,,,,,,,,,,,,,,,100,0,100,0,100,0,100,0,100,0,77,23,100,0,100,0,98,4835,23,23,,,,,100,0,100,0,200,0,,,,,,,,,,,,,,,,,,,,,,,,,,,100,25965,100,45306464560,100,119188445235,,,,,,,,,,
2019-01-20,Z305D61N,ST4000DM000,4000787030016,0,114,60107728,,,94,0,100,6,100,0,84,297652860,,,71,26070,100,0,,,100,6,,,,,,,,,,,,,,,,,,,,,,,,,,,,,,,100,0,100,0,100,0,100,0,100,0,77,23,100,0,100,0,98,4835,23,23,,,,,100,0,100,0,200,0,,,,,,,,,,,,,,,,,,,,,,,,,,,100,25988,100,45319021568,100,119280006835,,,,,,,,,,
2019-01-21,Z305D61N,ST4000DM000,4000787030016,0,117,141129416,,,94,0,100,6,100,0,84,298361151,,,71,26094,100,0,,,100,6,,,,,,,,,,,,,,,,,,,,,,,,,,,,,,,100,0,100,0,100,0,100,0,100,0,77,23,100,0,100,0,98,4835,23,23,,,,,100,0,100,0,200,0,,,,,,,,,,,,,,,,,,,,,,,,,,,100,26012,100,45334377536,100,119382087528,,,,,,,,,,
2019-01-22,Z305D61N,ST4000DM000,4000787030016,0,110,27512952,,,94,0,100,6,100,0,84,301289708,,,71,26118,100,0,,,100,6,,,,,,,,,,,,,,,,,,,,,,,,,,,,,,,100,0,100,0,100,0,100,0,100,0,77,23,100,0,100,0,98,4835,23,23,,,,,100,0,100,0,200,0,,,,,,,,,,,,,,,,,,,,,,,,,,,100,26036,100,45357835872,100,119543195225,,,,,,,,,,
2019-01-23,Z305D61N,ST4000DM000,4000787030016,0,117,132770560,,,94,0,100,6,100,0,84,302011904,,,71,26142,100,0,,,100,6,,,,,,,,,,,,,,,,,,,,,,,,,,,,,,,100,0,100,0,100,0,100,0,100,0,77,23,100,0,100,0,98,4835,23,23,,,,,100,0,100,0,200,0,,,,,,,,,,,,,,,,,,,,,,,,,,,100,26060,100,45375550800,100,119728776526,,,,,,,,,,
2019-01-24,Z305D61N,ST4000DM000,4000787030016,0,114,62345472,,,94,0,100,6,100,0,84,303043175,,,71,26165,100,0,,,100,6,,,,,,,,,,,,,,,,,,,,,,,,,,,,,,,100,0,100,0,100,0,100,0,100,0,77,23,100,0,100,0,98,4836,23,23,,,,,100,0,100,0,200,0,,,,,,,,,,,,,,,,,,,,,,,,,,,100,26084,100,45398267400,100,119873185133,,,,,,,,,,
2019-01-25,Z305D61N,ST4000DM000,4000787030016,0,115,88028328,,,94,0,100,6,100,0,84,304548359,,,71,26189,100,0,,,100,6,,,,,,,,,,,,,,,,,,,,,,,,,,,,,,,100,0,100,0,100,0,100,0,100,0,77,23,100,0,100,0,98,4836,23,23,,,,,100,0,100,0,200,0,,,,,,,,,,,,,,,,,,,,,,,,,,,100,26108,100,45416850344,100,120020421074,,,,,,,,,,
2019-01-26,Z305D61N,ST4000DM000,4000787030016,0,118,187399856,,,94,0,100,6,100,0,84,305145062,,,71,26215,100,0,,,100,6,,,,,,,,,,,,,,,,,,,,,,,,,,,,,,,100,0,100,0,100,0,100,0,100,0,78,22,100,0,100,0,98,4836,22,22,,,,,100,0,100,0,200,0,,,,,,,,,,,,,,,,,,,,,,,,,,,100,26134,100,45430754128,100,120187669299,,,,,,,,,,
2019-01-27,Z305D61N,ST4000DM000,4000787030016,0,118,183719320,,,94,0,100,6,100,0,84,305799398,,,71,26239,100,0,,,100,6,,,,,,,,,,,,,,,,,,,,,,,,,,,,,,,100,0,100,0,100,0,100,0,100,0,77,23,100,0,100,0,98,4836,23,23,,,,,100,0,100,0,200,0,,,,,,,,,,,,,,,,,,,,,,,,,,,100,26157,100,45445967448,100,120356047884,,,,,,,,,,
2019-01-28,Z305D61N,ST4000DM000,4000787030016,0,113,54932064,,,94,0,100,6,100,0,84,306444343,,,71,26262,100,0,,,100,6,,,,,,,,,,,,,,,,,,,,,,,,,,,,,,,100,0,100,0,100,0,100,0,100,0,77,23,100,0,100,0,98,4836,23,23,,,,,100,0,100,0,200,0,,,,,,,,,,,,,,,,,,,,,,,,,,,100,26181,100,45463578136,100,120538561588,,,,,,,,,,
2019-01-29,Z305D61N,ST4000DM000,4000787030016,0,115,90569016,,,94,0,100,6,100,0,84,307992764,,,70,26286,100,0,,,100,6,,,,,,,,,,,,,,,,,,,,,,,,,,,,,,,100,0,100,0,100,0,100,0,100,0,77,23,100,0,100,0,98,4836,23,23,,,,,100,0,100,0,200,0,,,,,,,,,,,,,,,,,,,,,,,,,,,100,26204,100,45484385208,100,120729449246,,,,,,,,,,
2019-01-30,Z305D61N,ST4000DM000,4000787030016,0,117,167326624,,,94,0,100,6,100,0,84,308912862,,,70,26310,100,0,,,100,6,,,,,,,,,,,,,,,,,,,,,,,,,,,,,,,100,0,100,0,100,0,100,0,100,0,77,23,100,0,100,0,98,4836,23,23,,,,,100,0,100,0,200,0,,,,,,,,,,,,,,,,,,,,,,,,,,,100,26228,100,45497926928,100,120891589877,,,,,,,,,,
2019-01-31,Z305D61N,ST4000DM000,4000787030016,0,117,132839952,,,94,0,100,6,100,0,84,310049695,,,70,26333,100,0,,,100,6,,,,,,,,,,,,,,,,,,,,,,,,,,,,,,,100,0,100,0,100,0,100,0,100,0,77,23,100,0,100,0,98,4836,23,23,,,,,100,0,100,0,200,0,,,,,,,,,,,,,,,,,,,,,,,,,,,100,26252,100,45516734840,100,121090241418,,,,,,,,,,
2019-02-01,Z305D61N,ST4000DM000,4000787030016,0,119,216789720,,,94,0,100,6,100,0,84,311683084,,,70,26357,100,0,,,100,6,,,,,,,,,,,,,,,,,,,,,,,,,,,,,,,100,0,100,0,100,0,100,0,100,0,77,23,100,0,100,0,98,4836,23,23,,,,,100,0,100,0,200,0,,,,,,,,,,,,,,,,,,,,,,,,,,,100,26275,100,45537032696,100,121201515984,,,,,,,,,,
2019-02-02,Z305D61N,ST4000DM000,4000787030016,0,117,130822056,,,94,0,100,6,100,0,84,313110884,,,70,26380,100,0,,,100,6,,,,,,,,,,,,,,,,,,,,,,,,,,,,,,,100,0,100,0,100,0,100,0,100,0,77,23,100,0,100,0,98,4836,23,23,,,,,100,0,100,0,200,0,,,,,,,,,,,,,,,,,,,,,,,,,,,100,26299,100,45584992744,100,121367443882,,,,,,,,,,
2019-02-03,Z305D61N,ST4000DM000,4000787030016,0,115,91052000,,,94,0,100,6,100,0,84,314352428,,,70,26404,100,0,,,100,6,,,,,,,,,,,,,,,,,,,,,,,,,,,,,,,100,0,100,0,100,0,100,0,100,0,77,23,100,0,100,0,98,4836,23,23,,,,,100,0,100,0,200,0,,,,,,,,,,,,,,,,,,,,,,,,,,,100,26322,100,45604680704,100,121540539415,,,,,,,,,,
2019-02-04,Z305D61N,ST4000DM000,4000787030016,0,108,16243376,,,94,0,100,6,100,0,84,316186522,,,70,26428,100,0,,,100,6,,,,,,,,,,,,,,,,,,,,,,,,,,,,,,,100,0,100,0,100,0,100,0,100,0,76,24,100,0,100,0,98,4836,24,24,,,,,100,0,100,0,200,0,,,,,,,,,,,,,,,,,,,,,,,,,,,100,26346,100,45634632840,100,121663689082,,,,,,,,,,
2019-02-05,Z305D61N,ST4000DM000,4000787030016,0,117,147507256,,,94,0,100,6,100,0,84,318679150,,,70,26451,100,0,,,100,6,,,,,,,,,,,,,,,,,,,,,,,,,,,,,,,100,0,100,0,100,0,100,0,100,0,76,24,100,0,100,0,98,4836,24,24,,,,,100,0,100,0,200,0,,,,,,,,,,,,,,,,,,,,,,,,,,,100,26370,100,45658439776,100,121849649083,,,,,,,,,,
2019-02-06,Z305D61N,ST4000DM000,4000787030016,0,112,46462352,,,94,0,100,6,100,0,84,319747049,,,70,26475,100,0,,,100,6,,,,,,,,,,,,,,,,,,,,,,,,,,,,,,,100,0,100,0,100,0,100,0,100,0,76,24,100,0,100,0,98,4836,24,24,,,,,100,0,100,0,200,0,,,,,,,,,,,,,,,,,,,,,,,,,,,100,26394,100,45676527544,100,122011797046,,,,,,,,,,
2019-02-07,Z305D61N,ST4000DM000,4000787030016,0,116,108192368,,,94,0,100,6,100,0,84,321170492,,,70,26511,100,0,,,100,6,,,,,,,,,,,,,,,,,,,,,,,,,,,,,,,100,0,100,0,100,0,100,0,100,0,76,24,100,0,100,0,98,4836,24,24,,,,,100,0,100,0,200,0,,,,,,,,,,,,,,,,,,,,,,,,,,,100,26429,100,45702039752,100,122233828588,,,,,,,,,,
2019-02-08,Z305D61N,ST4000DM000,4000787030016,0,115,89097648,,,94,0,100,6,100,0,84,322193685,,,70,26535,100,0,,,100,6,,,,,,,,,,,,,,,,,,,,,,,,,,,,,,,100,0,100,0,100,0,100,0,100,0,76,24,100,0,100,0,98,4836,24,24,,,,,100,0,100,0,200,0,,,,,,,,,,,,,,,,,,,,,,,,,,,100,26453,100,45729018752,100,122359298390,,,,,,,,,,
2019-02-09,Z305D61N,ST4000DM000,4000787030016,0,106,12374336,,,94,0,100,6,100,0,84,322971834,,,70,26558,100,0,,,100,6,,,,,,,,,,,,,,,,,,,,,,,,,,,,,,,100,0,100,0,100,0,100,0,100,0,76,24,100,0,100,0,98,4836,24,24,,,,,100,0,100,0,200,0,,,,,,,,,,,,,,,,,,,,,,,,,,,100,26477,100,45747389952,100,122456635298,,,,,,,,,,
2019-02-10,Z305D61N,ST4000DM000,4000787030016,0,111,39731328,,,94,0,100,6,100,0,84,324098193,,,70,26582,100,0,,,100,6,,,,,,,,,,,,,,,,,,,,,,,,,,,,,,,100,0,100,0,100,0,100,0,100,0,75,25,100,0,100,0,98,4836,25,25,,,,,100,0,100,0,200,0,,,,,,,,,,,,,,,,,,,,,,,,,,,100,26500,100,45769250768,100,122591497084,,,,,,,,,,
2019-02-11,Z305D61N,ST4000DM000,4000787030016,0,119,214800512,,,94,0,100,6,100,0,84,324971312,,,70,26606,100,0,,,100,6,,,,,,,,,,,,,,,,,,,,,,,,,,,,,,,100,0,100,0,100,0,100,0,100,0,76,24,100,0,100,0,98,4836,24,24,,,,,100,0,100,0,200,0,,,,,,,,,,,,,,,,,,,,,,,,,,,100,26524,100,45783746192,100,122703212277,,,,,,,,,,
2019-02-12,Z305D61N,ST4000DM000,4000787030016,0,115,100406640,,,94,0,100,6,100,0,84,327116202,,,70,26629,100,0,,,100,6,,,,,,,,,,,,,,,,,,,,,,,,,,,,,,,100,0,100,0,100,0,100,0,100,0,76,24,100,0,100,0,98,4836,24,24,,,,,100,0,100,0,200,0,,,,,,,,,,,,,,,,,,,,,,,,,,,100,26548,100,45807167688,100,122872218847,,,,,,,,,,
2019-02-13,Z305D61N,ST4000DM000,4000787030016,0,117,149386368,,,94,0,100,6,100,0,84,328302435,,,70,26653,100,0,,,100,6,,,,,,,,,,,,,,,,,,,,,,,,,,,,,,,100,0,100,0,100,0,100,0,100,0,76,24,100,0,100,0,98,4836,24,24,,,,,100,0,100,0,200,0,,,,,,,,,,,,,,,,,,,,,,,,,,,100,26572,100,45836631104,100,123016973663,,,,,,,,,,
2019-02-14,Z305D61N,ST4000DM000,4000787030016,0,102,5082160,,,94,0,100,6,100,0,84,330072161,,,70,26677,100,0,,,100,6,,,,,,,,,,,,,,,,,,,,,,,,,,,,,,,100,0,100,0,100,0,100,0,100,0,76,24,100,0,100,0,98,4836,24,24,,,,,100,0,100,0,200,0,,,,,,,,,,,,,,,,,,,,,,,,,,,100,26595,100,45854775768,100,123174723576,,,,,,,,,,
2019-02-15,Z305D61N,ST4000DM000,4000787030016,0,111,35372520,,,94,0,100,6,100,0,84,331236382,,,70,26700,100,0,,,100,6,,,,,,,,,,,,,,,,,,,,,,,,,,,,,,,100,0,100,0,100,0,100,0,100,0,77,23,100,0,100,0,98,4836,23,23,,,,,100,0,100,0,200,0,,,,,,,,,,,,,,,,,,,,,,,,,,,100,26619,100,45870920600,100,123304183171,,,,,,,,,,
2019-02-16,Z305D61N,ST4000DM000,4000787030016,0,112,47421808,,,94,0,100,6,100,0,84,332195788,,,70,26724,100,0,,,100,6,,,,,,,,,,,,,,,,,,,,,,,,,,,,,,,100,0,100,0,100,0,100,0,100,0,76,24,100,0,100,0,98,4836,24,24,,,,,100,0,100,0,200,0,,,,,,,,,,,,,,,,,,,,,,,,,,,100,26643,100,45886652248,100,123410470058,,,,,,,,,,
2019-02-17,Z305D61N,ST4000DM000,4000787030016,0,119,226013960,,,94,0,100,6,100,0,84,332895615,,,70,26748,100,0,,,100,6,,,,,,,,,,,,,,,,,,,,,,,,,,,,,,,100,0,100,0,100,0,100,0,100,0,77,23,100,0,100,0,98,4836,23,23,,,,,100,0,100,0,200,0,,,,,,,,,,,,,,,,,,,,,,,,,,,100,26666,100,45902510464,100,123479938155,,,,,,,,,,
2019-02-18,Z305D61N,ST4000DM000,4000787030016,0,114,67401784,,,94,0,100,6,100,0,84,335172838,,,70,26772,100,0,,,100,6,,,,,,,,,,,,,,,,,,,,,,,,,,,,,,,100,0,100,0,100,0,100,0,100,0,76,24,100,0,100,0,98,4836,24,24,,,,,100,0,100,0,200,0,,,,,,,,,,,,,,,,,,,,,,,,,,,100,26690,100,45923201248,100,123608466775,,,,,,,,,,
2019-02-19,Z305D61N,ST4000DM000,4000787030016,0,117,130542360,,,94,0,100,6,100,0,85,336678634,,,70,26795,100,0,,,100,6,,,,,,,,,,,,,,,,,,,,,,,,,,,,,,,100,0,100,0,100,0,100,0,100,0,77,23,100,0,100,0,98,4836,23,23,,,,,100,0,100,0,200,0,,,,,,,,,,,,,,,,,,,,,,,,,,,100,26714,100,45941957312,100,123687008410,,,,,,,,,,
2019-02-20,Z305D61N,ST4000DM000,4000787030016,0,119,232466488,,,94,0,100,6,100,0,85,337687007,,,70,26819,100,0,,,100,6,,,,,,,,,,,,,,,,,,,,,,,,,,,,,,,100,0,100,0,100,0,100,0,100,0,75,25,100,0,100,0,98,4836,25,25,,,,,100,0,100,0,200,0,,,,,,,,,,,,,,,,,,,,,,,,,,,100,26738,100,45965333600,100,123790511791,,,,,,,,,,
2019-02-21,Z305D61N,ST4000DM000,4000787030016,0,114,61259912,,,94,0,100,6,100,0,85,339032811,,,70,26843,100,0,,,100,6,,,,,,,,,,,,,,,,,,,,,,,,,,,,,,,100,0,100,0,100,0,100,0,100,0,76,24,100,0,100,0,98,4836,24,24,,,,,100,0,100,0,200,0,,,,,,,,,,,,,,,,,,,,,,,,,,,100,26761,100,45988517624,100,123885365051,,,,,,,,,,
2019-02-22,Z305D61N,ST4000DM000,4000787030016,0,118,188752728,,,94,0,100,6,100,0,85,340452434,,,70,26867,100,0,,,100,6,,,,,,,,,,,,,,,,,,,,,,,,,,,,,,,100,0,100,0,100,0,100,0,100,0,76,24,100,0,100,0,98,4836,24,24,,,,,100,0,100,0,200,0,,,,,,,,,,,,,,,,,,,,,,,,,,,100,26785,100,46001297832,100,123989972609,,,,,,,,,,
2019-02-23,Z305D61N,ST4000DM000,4000787030016,0,119,224460024,,,94,0,100,6,100,0,85,341418726,,,70,26890,100,0,,,100,6,,,,,,,,,,,,,,,,,,,,,,,,,,,,,,,100,0,100,0,100,0,100,0,100,0,76,24,100,0,100,0,98,4836,24,24,,,,,100,0,100,0,200,0,,,,,,,,,,,,,,,,,,,,,,,,,,,100,26809,100,46015335424,100,124103379668,,,,,,,,,,
2019-02-24,Z305D61N,ST4000DM000,4000787030016,0,108,15688120,,,94,0,100,6,100,0,85,342273962,,,70,26914,100,0,,,100,6,,,,,,,,,,,,,,,,,,,,,,,,,,,,,,,100,0,100,0,100,0,100,0,100,0,77,23,100,0,100,0,98,4836,23,23,,,,,100,0,100,0,200,0,,,,,,,,,,,,,,,,,,,,,,,,,,,100,26833,100,46025109752,100,124217720156,,,,,,,,,,
2019-02-25,Z305D61N,ST4000DM000,4000787030016,0,117,147194840,,,94,0,100,6,100,0,85,343416553,,,70,26938,100,0,,,100,6,,,,,,,,,,,,,,,,,,,,,,,,,,,,,,,100,0,100,0,100,0,100,0,100,0,78,22,100,0,100,0,98,4836,22,22,,,,,100,0,100,0,200,0,,,,,,,,,,,,,,,,,,,,,,,,,,,100,26857,100,46035242032,100,124345202745,,,,,,,,,,
2019-02-26,Z305D61N,ST4000DM000,4000787030016,0,116,107420568,,,94,0,100,6,100,0,85,345139602,,,70,26962,100,0,,,100,6,,,,,,,,,,,,,,,,,,,,,,,,,,,,,,,100,0,100,0,100,0,100,0,100,0,77,23,100,0,100,0,98,4836,23,23,,,,,100,0,100,0,200,0,,,,,,,,,,,,,,,,,,,,,,,,,,,100,26880,100,46054650488,100,124439445117,,,,,,,,,,
2019-02-27,Z305D61N,ST4000DM000,4000787030016,0,117,162269416,,,94,0,100,6,100,0,85,345843102,,,70,26986,100,0,,,100,6,,,,,,,,,,,,,,,,,,,,,,,,,,,,,,,100,0,100,0,100,0,100,0,100,0,77,23,100,0,100,0,98,4836,23,23,,,,,100,0,100,0,200,0,,,,,,,,,,,,,,,,,,,,,,,,,,,100,26904,100,46064997576,100,124513914356,,,,,,,,,,
2019-02-28,Z305D61N,ST4000DM000,4000787030016,0,113,57830168,,,94,0,100,6,100,0,85,347125533,,,70,27010,100,0,,,100,6,,,,,,,,,,,,,,,,,,,,,,,,,,,,,,,100,0,100,0,100,0,100,0,100,0,77,23,100,0,100,0,98,4836,23,23,,,,,100,0,100,0,200,0,,,,,,,,,,,,,,,,,,,,,,,,,,,100,26928,100,46081294696,100,124619394734,,,,,,,,,,
2019-03-01,Z305D61N,ST4000DM000,4000787030016,0,120,696864,,,94,0,100,6,100,0,85,348599326,,,70,27034,100,0,,,100,6,,,,,,,,,,,,,,,,,,,,,,,,,,,,,,,100,0,100,0,100,0,100,0,100,0,78,22,100,0,100,0,98,4836,22,22,,,,,100,0,100,0,200,0,,,,,,,,,,,,,,,,,,,,,,,,,,,100,26953,100,46093529336,100,124753572032,,,,,,,,,,
2019-03-02,Z305D61N,ST4000DM000,4000787030016,0,116,101225992,,,94,0,100,6,100,0,85,349422733,,,70,27058,100,0,,,100,6,,,,,,,,,,,,,,,,,,,,,,,,,,,,,,,100,0,100,0,100,0,100,0,100,0,78,22,100,0,100,0,98,4836,22,22,,,,,100,0,100,0,200,0,,,,,,,,,,,,,,,,,,,,,,,,,,,100,26976,100,46107429480,100,124851387074,,,,,,,,,,
2019-03-03,Z305D61N,ST4000DM000,4000787030016,0,119,217980376,,,94,0,100,6,100,0,85,350036481,,,70,27082,100,0,,,100,6,,,,,,,,,,,,,,,,,,,,,,,,,,,,,,,100,0,100,0,100,0,100,0,100,0,77,23,100,0,100,0,98,4836,23,23,,,,,100,0,100,0,200,0,,,,,,,,,,,,,,,,,,,,,,,,,,,100,27000,100,46121655624,100,124913821621,,,,,,,,,,
2019-03-04,Z305D61N,ST4000DM000,4000787030016,0,111,40359760,,,94,0,100,6,100,0,85,350813099,,,70,27106,100,0,,,100,6,,,,,,,,,,,,,,,,,,,,,,,,,,,,,,,100,0,100,0,100,0,100,0,100,0,78,22,100,0,100,0,98,4836,22,22,,,,,100,0,100,0,200,0,,,,,,,,,,,,,,,,,,,,,,,,,,,100,27024,100,46134785752,100,124972786076,,,,,,,,,,
2019-03-05,Z305D61N,ST4000DM000,4000787030016,0,109,24837784,,,94,0,100,6,100,0,85,352327377,,,70,27129,100,0,,,100,6,,,,,,,,,,,,,,,,,,,,,,,,,,,,,,,100,0,100,0,100,0,100,0,100,0,78,22,100,0,100,0,98,4836,22,22,,,,,100,0,100,0,200,0,,,,,,,,,,,,,,,,,,,,,,,,,,,100,27048,100,46150509392,100,125042083215,,,,,,,,,,
2019-03-06,Z305D61N,ST4000DM000,4000787030016,0,112,41979504,,,94,0,100,6,100,0,85,353837192,,,70,27153,100,0,,,100,6,,,,,,,,,,,,,,,,,,,,,,,,,,,,,,,100,0,100,0,100,0,100,0,100,0,77,23,100,0,100,0,98,4836,23,23,,,,,100,0,100,0,200,0,,,,,,,,,,,,,,,,,,,,,,,,,,,100,27072,100,46168123512,100,125165106995,,,,,,,,,,
2019-03-07,Z305D61N,ST4000DM000,4000787030016,0,117,150709904,,,94,0,100,6,100,0,85,356041513,,,69,27177,100,0,,,100,6,,,,,,,,,,,,,,,,,,,,,,,,,,,,,,,100,0,100,0,100,0,100,0,100,0,77,23,100,0,100,0,98,4836,23,23,,,,,100,0,100,0,200,0,,,,,,,,,,,,,,,,,,,,,,,,,,,100,27096,100,46185121728,100,125273424725,,,,,,,,,,
2019-03-08,Z305D61N,ST4000DM000,4000787030016,0,103,5435224,,,94,0,100,6,100,0,85,357368224,,,69,27201,100,0,,,100,6,,,,,,,,,,,,,,,,,,,,,,,,,,,,,,,100,0,100,0,100,0,100,0,100,0,77,23,100,0,100,0,98,4836,23,23,,,,,100,0,100,0,200,0,,,,,,,,,,,,,,,,,,,,,,,,,,,100,27120,100,46201431048,100,125344397714,,,,,,,,,,
2019-03-09,Z305D61N,ST4000DM000,4000787030016,0,117,161758528,,,94,0,100,6,100,0,85,358863140,,,69,27225,100,0,,,100,6,,,,,,,,,,,,,,,,,,,,,,,,,,,,,,,100,0,100,0,100,0,100,0,100,0,77,23,100,0,100,0,98,4836,23,23,,,,,100,0,100,0,200,0,,,,,,,,,,,,,,,,,,,,,,,,,,,100,27144,100,46216520552,100,125444484424,,,,,,,,,,
2019-03-10,Z305D61N,ST4000DM000,4000787030016,0,109,23735296,,,94,0,100,6,100,0,85,359251885,,,69,27249,100,0,,,100,6,,,,,,,,,,,,,,,,,,,,,,,,,,,,,,,100,0,100,0,100,0,100,0,100,0,76,24,100,0,100,0,98,4836,24,24,,,,,100,0,100,0,200,0,,,,,,,,,,,,,,,,,,,,,,,,,,,100,27167,100,46237232416,100,125478813637,,,,,,,,,,
2019-03-11,Z305D61N,ST4000DM000,4000787030016,0,119,220515024,,,94,0,100,6,100,0,85,359902941,,,69,27273,100,0,,,100,6,,,,,,,,,,,,,,,,,,,,,,,,,,,,,,,100,0,100,0,100,0,100,0,100,0,77,23,100,0,100,0,98,4836,23,23,,,,,100,0,100,0,200,0,,,,,,,,,,,,,,,,,,,,,,,,,,,100,27191,100,46257168208,100,125570794439,,,,,,,,,,
2019-03-12,Z305D61N,ST4000DM000,4000787030016,0,118,192538136,,,94,0,100,6,100,0,85,361647975,,,69,27297,100,0,,,100,6,,,,,,,,,,,,,,,,,,,,,,,,,,,,,,,100,0,100,0,100,0,100,0,100,0,78,22,100,0,100,0,98,4836,22,22,,,,,100,0,100,0,200,0,,,,,,,,,,,,,,,,,,,,,,,,,,,100,27215,100,46275831328,100,125690082425,,,,,,,,,,
2019-03-13,Z305D61N,ST4000DM000,4000787030016,0,119,208139408,,,94,0,100,6,100,0,85,362365203,,,69,27321,100,0,,,100,6,,,,,,,,,,,,,,,,,,,,,,,,,,,,,,,100,0,100,0,100,0,100,0,100,0,78,22,100,0,100,0,98,4836,22,22,,,,,100,0,100,0,200,0,,,,,,,,,,,,,,,,,,,,,,,,,,,100,27239,100,46289855760,100,125814137942,,,,,,,,,,
2019-03-14,Z305D61N,ST4000DM000,4000787030016,0,118,187010528,,,94,0,100,6,100,0,85,363593426,,,69,27344,100,0,,,100,6,,,,,,,,,,,,,,,,,,,,,,,,,,,,,,,100,0,100,0,100,0,100,0,100,0,78,22,100,0,100,0,98,4836,22,22,,,,,100,0,100,0,200,0,,,,,,,,,,,,,,,,,,,,,,,,,,,100,27263,100,46314353400,100,125956940331,,,,,,,,,,
2019-03-15,Z305D61N,ST4000DM000,4000787030016,0,119,211088208,,,94,0,100,6,100,0,85,365002401,,,69,27368,100,0,,,100,6,,,,,,,,,,,,,,,,,,,,,,,,,,,,,,,100,0,100,0,100,0,100,0,100,0,78,22,100,0,100,0,98,4836,22,22,,,,,100,0,100,0,200,0,,,,,,,,,,,,,,,,,,,,,,,,,,,100,27287,100,46336576016,100,126116181870,,,,,,,,,,
2019-03-16,Z305D61N,ST4000DM000,4000787030016,0,119,226414560,,,94,0,100,6,100,0,85,365660800,,,69,27392,100,0,,,100,6,,,,,,,,,,,,,,,,,,,,,,,,,,,,,,,100,0,100,0,100,0,100,0,100,0,78,22,100,0,100,0,98,4836,22,22,,,,,100,0,100,0,200,0,,,,,,,,,,,,,,,,,,,,,,,,,,,100,27310,100,46353384992,100,126304153545,,,,,,,,,,
2019-03-17,Z305D61N,ST4000DM000,4000787030016,0,111,38370808,,,94,0,100,6,100,0,85,366305389,,,69,27416,100,0,,,100,6,,,,,,,,,,,,,,,,,,,,,,,,,,,,,,,100,0,100,0,100,0,100,0,100,0,78,22,100,0,100,0,98,4836,22,22,,,,,100,0,100,0,200,0,,,,,,,,,,,,,,,,,,,,,,,,,,,100,27334,100,46366280912,100,126488581405,,,,,,,,,,
2019-03-18,Z305D61N,ST4000DM000,4000787030016,0,117,163777400,,,94,0,100,6,100,0,85,366920027,,,69,27440,100,0,,,100,6,,,,,,,,,,,,,,,,,,,,,,,,,,,,,,,100,0,100,0,100,0,100,0,100,0,78,22,100,0,100,0,98,4836,22,22,,,,,100,0,100,0,200,0,,,,,,,,,,,,,,,,,,,,,,,,,,,100,27358,100,46378542624,100,126666567038,,,,,,,,,,
2019-03-19,Z305D61N,ST4000DM000,4000787030016,0,116,102187376,,,94,0,100,6,100,0,85,368549465,,,69,27464,100,0,,,100,6,,,,,,,,,,,,,,,,,,,,,,,,,,,,,,,100,0,100,0,100,0,100,0,100,0,78,22,100,0,100,0,98,4836,22,22,,,,,100,0,100,0,200,0,,,,,,,,,,,,,,,,,,,,,,,,,,,100,27382,100,46397530944,100,126864482659,,,,,,,,,,
2019-03-20,Z305D61N,ST4000DM000,4000787030016,0,118,177267112,,,94,0,100,6,100,0,85,369473543,,,69,27487,100,0,,,100,6,,,,,,,,,,,,,,,,,,,,,,,,,,,,,,,100,0,100,0,100,0,100,0,100,0,78,22,100,0,100,0,98,4836,22,22,,,,,100,0,100,0,200,0,,,,,,,,,,,,,,,,,,,,,,,,,,,100,27406,100,46413770400,100,127022789522,,,,,,,,,,
2019-03-21,Z305D61N,ST4000DM000,4000787030016,0,118,189394656,,,94,0,100,6,100,0,85,371938997,,,69,27511,100,0,,,100,6,,,,,,,,,,,,,,,,,,,,,,,,,,,,,,,100,0,100,0,100,0,100,0,100,0,77,23,100,0,100,0,98,4836,23,23,,,,,100,0,100,0,200,0,,,,,,,,,,,,,,,,,,,,,,,,,,,100,27430,100,46438465512,100,127249436438,,,,,,,,,,
2019-03-22,Z305D61N,ST4000DM000,4000787030016,0,114,58973368,,,94,0,100,6,100,0,85,372980882,,,69,27535,100,0,,,100,6,,,,,,,,,,,,,,,,,,,,,,,,,,,,,,,100,0,100,0,100,0,100,0,100,0,78,22,100,0,100,0,98,4836,22,22,,,,,100,0,100,0,200,0,,,,,,,,,,,,,,,,,,,,,,,,,,,100,27453,100,46460837616,100,127406008570,,,,,,,,,,
2019-03-23,Z305D61N,ST4000DM000,4000787030016,0,112,48930984,,,94,0,100,6,100,0,85,374108400,,,69,27559,100,0,,,100,6,,,,,,,,,,,,,,,,,,,,,,,,,,,,,,,100,0,100,0,100,0,100,0,100,0,78,22,100,0,100,0,98,4836,22,22,,,,,100,0,100,0,200,0,,,,,,,,,,,,,,,,,,,,,,,,,,,100,27477,100,46479205856,100,127564112559,,,,,,,,,,
2019-03-24,Z305D61N,ST4000DM000,4000787030016,0,116,102624456,,,94,0,100,6,100,0,85,375545014,,,69,27582,100,0,,,100,6,,,,,,,,,,,,,,,,,,,,,,,,,,,,,,,100,0,100,0,100,0,100,0,100,0,78,22,100,0,100,0,98,4836,22,22,,,,,100,0,100,0,200,0,,,,,,,,,,,,,,,,,,,,,,,,,,,100,27501,100,46499039128,100,127742653262,,,,,,,,,,
2019-03-25,Z305D61N,ST4000DM000,4000787030016,0,119,203844128,,,94,0,100,6,100,0,85,376458440,,,69,27606,100,0,,,100,6,,,,,,,,,,,,,,,,,,,,,,,,,,,,,,,100,0,100,0,100,0,100,0,100,0,78,22,100,0,100,0,98,4836,22,22,,,,,100,0,100,0,200,0,,,,,,,,,,,,,,,,,,,,,,,,,,,100,27525,100,46530176328,100,127846730596,,,,,,,,,,
2019-03-26,Z305D61N,ST4000DM000,4000787030016,0,118,178158208,,,94,0,100,6,100,0,85,378586393,,,69,27630,100,0,,,100,6,,,,,,,,,,,,,,,,,,,,,,,,,,,,,,,100,0,100,0,100,0,100,0,100,0,78,22,100,0,100,0,98,4836,22,22,,,,,100,0,100,0,200,0,,,,,,,,,,,,,,,,,,,,,,,,,,,100,27548,100,46554291320,100,128029182743,,,,,,,,,,
2019-03-27,Z305D61N,ST4000DM000,4000787030016,0,111,31167104,,,94,0,100,6,100,0,85,379556538,,,69,27654,100,0,,,100,6,,,,,,,,,,,,,,,,,,,,,,,,,,,,,,,100,0,100,0,100,0,100,0,100,0,78,22,100,0,100,0,98,4836,22,22,,,,,100,0,100,0,200,0,,,,,,,,,,,,,,,,,,,,,,,,,,,100,27572,100,46571968344,100,128178323042,,,,,,,,,,
2019-03-28,Z305D61N,ST4000DM000,4000787030016,0,118,186080424,,,94,0,100,6,100,0,85,380354821,,,69,27677,100,0,,,100,6,,,,,,,,,,,,,,,,,,,,,,,,,,,,,,,100,0,100,0,100,0,100,0,100,0,78,22,100,0,100,0,98,4836,22,22,,,,,100,0,100,0,200,0,,,,,,,,,,,,,,,,,,,,,,,,,,,100,27596,100,46591117600,100,128280949180,,,,,,,,,,
2019-03-29,Z305D61N,ST4000DM000,4000787030016,0,117,145034584,,,94,0,100,6,100,0,85,382297655,,,69,27701,100,0,,,100,6,,,,,,,,,,,,,,,,,,,,,,,,,,,,,,,100,0,100,0,100,0,100,0,100,0,78,22,100,0,100,0,98,4836,22,22,,,,,100,0,100,0,200,0,,,,,,,,,,,,,,,,,,,,,,,,,,,100,27620,100,46615903488,100,128411058084,,,,,,,,,,
2019-03-30,Z305D61N,ST4000DM000,4000787030016,0,119,212385192,,,94,0,100,6,100,0,85,383125316,,,69,27725,100,0,,,100,6,,,,,,,,,,,,,,,,,,,,,,,,,,,,,,,100,0,100,0,100,0,100,0,100,0,78,22,100,0,100,0,98,4836,22,22,,,,,100,0,100,0,200,0,,,,,,,,,,,,,,,,,,,,,,,,,,,100,27644,100,46629736448,100,128509811775,,,,,,,,,,
2019-03-31,Z305D61N,ST4000DM000,4000787030016,0,109,24089712,,,94,0,100,6,100,0,85,383783097,,,69,27749,100,0,,,100,6,,,,,,,,,,,,,,,,,,,,,,,,,,,,,,,100,0,100,0,100,0,100,0,100,0,78,22,100,0,100,0,98,4836,22,22,,,,,100,0,100,0,200,0,,,,,,,,,,,,,,,,,,,,,,,,,,,100,27667,100,46641985168,100,128596403608,,,,,,,,,,
2019-04-01,Z305D61N,ST4000DM000,4000787030016,0,119,233608224,,,94,0,100,6,100,0,85,384834361,,,69,27772,100,0,,,100,6,,,,,,,,,,,,,,,,,,,,,,,,,,,,,,,100,0,100,0,100,0,100,0,100,0,78,22,100,0,100,0,98,4836,22,22,,,,,100,0,100,0,200,0,,,,,,,,,,,,,,,,,,,,,,,,,,,100,27691,100,46657036376,100,128728028165,,,,,,,,,,
2019-04-02,Z305D61N,ST4000DM000,4000787030016,0,100,2655568,,,94,0,100,6,100,0,85,387612417,,,69,27796,100,0,,,100,6,,,,,,,,,,,,,,,,,,,,,,,,,,,,,,,100,0,100,0,100,0,100,0,100,0,78,22,100,0,100,0,98,4836,22,22,,,,,100,0,100,0,200,0,,,,,,,,,,,,,,,,,,,,,,,,,,,100,27715,100,46678204784,100,128869969334,,,,,,,,,,
2019-04-03,Z305D61N,ST4000DM000,4000787030016,0,119,209697992,,,94,0,100,6,100,0,85,388858109,,,69,27820,100,0,,,100,6,,,,,,,,,,,,,,,,,,,,,,,,,,,,,,,100,0,100,0,100,0,100,0,100,0,78,22,100,0,100,0,98,4836,22,22,,,,,100,0,100,0,200,0,,,,,,,,,,,,,,,,,,,,,,,,,,,100,27738,100,46689774856,100,129026386000,,,,,,,,,,
2019-04-04,Z305D61N,ST4000DM000,4000787030016,0,120,2425224,,,94,0,100,6,100,0,85,389895695,,,69,27843,100,0,,,100,6,,,,,,,,,,,,,,,,,,,,,,,,,,,,,,,100,0,100,0,100,0,100,0,100,0,78,22,100,0,100,0,98,4836,22,22,,,,,100,0,100,0,200,0,,,,,,,,,,,,,,,,,,,,,,,,,,,100,27762,100,46702785600,100,129170886543,,,,,,,,,,
2019-04-05,Z305D61N,ST4000DM000,4000787030016,0,111,36308072,,,94,0,100,6,100,0,85,391610103,,,69,27867,100,0,,,100,6,,,,,,,,,,,,,,,,,,,,,,,,,,,,,,,100,0,100,0,100,0,100,0,100,0,78,22,100,0,100,0,98,4836,22,22,,,,,100,0,100,0,200,0,,,,,,,,,,,,,,,,,,,,,,,,,,,100,27785,100,46720685784,100,129285021027,,,,,,,,,,
2019-04-06,Z305D61N,ST4000DM000,4000787030016,0,117,138943592,,,94,0,100,6,100,0,85,393263960,,,69,27902,100,0,,,100,6,,,,,,,,,,,,,,,,,,,,,,,,,,,,,,,100,0,100,0,100,0,100,0,100,0,79,21,100,0,100,0,98,4836,21,21,,,,,100,0,100,0,200,0,,,,,,,,,,,,,,,,,,,,,,,,,,,100,27821,100,46757707608,100,129501952353,,,,,,,,,,
2019-04-07,Z305D61N,ST4000DM000,4000787030016,0,119,217087344,,,94,0,100,6,100,0,85,394280434,,,69,27926,100,0,,,100,6,,,,,,,,,,,,,,,,,,,,,,,,,,,,,,,100,0,100,0,100,0,100,0,100,0,78,22,100,0,100,0,98,4836,22,22,,,,,100,0,100,0,200,0,,,,,,,,,,,,,,,,,,,,,,,,,,,100,27844,100,46772714320,100,129623050906,,,,,,,,,,
2019-04-08,Z305D61N,ST4000DM000,4000787030016,0,120,241406152,,,94,0,100,6,100,0,85,394858415,,,69,27949,100,0,,,100,6,,,,,,,,,,,,,,,,,,,,,,,,,,,,,,,100,0,100,0,100,0,100,0,100,0,78,22,100,0,100,0,98,4836,22,22,,,,,100,0,100,0,200,0,,,,,,,,,,,,,,,,,,,,,,,,,,,100,27868,100,46784834480,100,129687996585,,,,,,,,,,
2019-04-09,Z305D61N,ST4000DM000,4000787030016,0,120,237536320,,,94,0,100,6,100,0,85,396734148,,,69,27973,100,0,,,100,6,,,,,,,,,,,,,,,,,,,,,,,,,,,,,,,100,0,100,0,100,0,100,0,100,0,78,22,100,0,100,0,98,4836,22,22,,,,,100,0,100,0,200,0,,,,,,,,,,,,,,,,,,,,,,,,,,,100,27891,100,46801054080,100,129813475957,,,,,,,,,,
2019-04-10,Z305D61N,ST4000DM000,4000787030016,0,116,102322880,,,94,0,100,6,100,0,85,397270215,,,69,27996,100,0,,,100,6,,,,,,,,,,,,,,,,,,,,,,,,,,,,,,,100,0,100,0,100,0,100,0,100,0,79,21,100,0,100,0,98,4836,21,21,,,,,100,0,100,0,200,0,,,,,,,,,,,,,,,,,,,,,,,,,,,100,27915,100,46819641504,100,129866164164,,,,,,,,,,
2019-04-11,Z305D61N,ST4000DM000,4000787030016,0,118,193820688,,,94,0,100,6,100,0,85,397748079,,,69,28008,100,0,,,100,6,,,,,,,,,,,,,,,,,,,,,,,,,,,,,,,100,0,100,0,100,0,100,0,100,0,78,22,100,0,100,0,98,4836,22,22,,,,,100,0,100,0,200,0,,,,,,,,,,,,,,,,,,,,,,,,,,,100,27927,100,46828532960,100,129918841927,,,,,,,,,,
2019-04-12,Z305D61N,ST4000DM000,4000787030016,0,117,161280736,,,94,0,100,6,100,0,85,399019009,,,68,28032,100,0,,,100,6,,,,,,,,,,,,,,,,,,,,,,,,,,,,,,,100,0,100,0,100,0,100,0,100,0,78,22,100,0,100,0,98,4836,22,22,,,,,100,0,100,0,200,0,,,,,,,,,,,,,,,,,,,,,,,,,,,100,27950,100,46844570896,100,130040222949,,,,,,,,,,
2019-04-13,Z305D61N,ST4000DM000,4000787030016,0,117,142098368,,,94,0,100,6,100,0,85,399796010,,,68,28055,100,0,,,100,6,,,,,,,,,,,,,,,,,,,,,,,,,,,,,,,100,0,100,0,100,0,100,0,100,0,79,21,100,0,100,0,98,4836,21,21,,,,,100,0,100,0,200,0,,,,,,,,,,,,,,,,,,,,,,,,,,,100,27974,100,46858867912,100,130120260611,,,,,,,,,,
2019-04-14,Z305D61N,ST4000DM000,4000787030016,0,114,75090264,,,94,0,100,6,100,0,85,401324177,,,68,28090,100,0,,,100,6,,,,,,,,,,,,,,,,,,,,,,,,,,,,,,,100,0,100,0,100,0,100,0,100,0,77,23,100,0,100,0,98,4836,23,23,,,,,100,0,100,0,200,0,,,,,,,,,,,,,,,,,,,,,,,,,,,100,28009,100,46877116592,100,130298693857,,,,,,,,,,
2019-04-15,Z305D61N,ST4000DM000,4000787030016,0,111,39765160,,,94,0,100,6,100,0,85,402239958,,,68,28114,100,0,,,100,6,,,,,,,,,,,,,,,,,,,,,,,,,,,,,,,100,0,100,0,100,0,100,0,100,0,77,23,100,0,100,0,98,4836,23,23,,,,,100,0,100,0,200,0,,,,,,,,,,,,,,,,,,,,,,,,,,,100,28033,100,46889384176,100,130415549891,,,,,,,,,,
2019-04-16,Z305D61N,ST4000DM000,4000787030016,0,120,241008952,,,94,0,100,6,100,0,86,404708102,,,68,28138,100,0,,,100,6,,,,,,,,,,,,,,,,,,,,,,,,,,,,,,,100,0,100,0,100,0,100,0,100,0,77,23,100,0,100,0,98,4836,23,23,,,,,100,0,100,0,200,0,,,,,,,,,,,,,,,,,,,,,,,,,,,100,28056,100,46909130216,100,130556041518,,,,,,,,,,
2019-04-17,Z305D61N,ST4000DM000,4000787030016,0,117,131708784,,,94,0,100,6,100,0,86,406364101,,,68,28161,100,0,,,100,6,,,,,,,,,,,,,,,,,,,,,,,,,,,,,,,100,0,100,0,100,0,100,0,100,0,77,23,100,0,100,0,98,4836,23,23,,,,,100,0,100,0,200,0,,,,,,,,,,,,,,,,,,,,,,,,,,,100,28079,100,46920153584,100,130636135925,,,,,,,,,,
2019-04-18,Z305D61N,ST4000DM000,4000787030016,0,110,28339888,,,94,0,100,6,100,0,86,407201774,,,68,28185,100,0,,,100,6,,,,,,,,,,,,,,,,,,,,,,,,,,,,,,,100,0,100,0,100,0,100,0,100,0,77,23,100,0,100,0,98,4836,23,23,,,,,100,0,100,0,200,0,,,,,,,,,,,,,,,,,,,,,,,,,,,100,28103,100,46932959616,100,130719929960,,,,,,,,,,
2019-04-19,Z305D61N,ST4000DM000,4000787030016,0,117,136884016,,,94,0,100,6,100,0,86,408668561,,,68,28208,100,0,,,100,6,,,,,,,,,,,,,,,,,,,,,,,,,,,,,,,100,0,100,0,100,0,100,0,100,0,78,22,100,0,100,0,98,4836,22,22,,,,,100,0,100,0,200,0,,,,,,,,,,,,,,,,,,,,,,,,,,,100,28127,100,46949262552,100,130798825895,,,,,,,,,,
2019-04-20,Z305D61N,ST4000DM000,4000787030016,0,120,235467848,,,94,0,100,6,100,0,86,409505689,,,68,28232,100,0,,,100,6,,,,,,,,,,,,,,,,,,,,,,,,,,,,,,,100,0,100,0,100,0,100,0,100,0,78,22,100,0,100,0,98,4836,22,22,,,,,100,0,100,0,200,0,,,,,,,,,,,,,,,,,,,,,,,,,,,100,28150,100,46961544080,100,130892398899,,,,,,,,,,
2019-04-21,Z305D61N,ST4000DM000,4000787030016,0,117,128410280,,,94,0,100,6,100,0,86,409996489,,,68,28255,100,0,,,100,6,,,,,,,,,,,,,,,,,,,,,,,,,,,,,,,100,0,100,0,100,0,100,0,100,0,77,23,100,0,100,0,98,4836,23,23,,,,,100,0,100,0,200,0,,,,,,,,,,,,,,,,,,,,,,,,,,,100,28174,100,46975042216,100,130929927631,,,,,,,,,,
2019-04-22,Z305D61N,ST4000DM000,4000787030016,0,118,181195232,,,94,0,100,6,100,0,86,410764507,,,68,28279,100,0,,,100,6,,,,,,,,,,,,,,,,,,,,,,,,,,,,,,,100,0,100,0,100,0,100,0,100,0,77,23,100,0,100,0,98,4836,23,23,,,,,100,0,100,0,200,0,,,,,,,,,,,,,,,,,,,,,,,,,,,100,28197,100,46990799680,100,131002776070,,,,,,,,,,
2019-04-23,Z305D61N,ST4000DM000,4000787030016,0,117,139461992,,,94,0,100,6,100,0,86,412525456,,,68,28302,100,0,,,100,6,,,,,,,,,,,,,,,,,,,,,,,,,,,,,,,100,0,100,0,100,0,100,0,100,0,77,23,100,0,100,0,98,4836,23,23,,,,,100,0,100,0,200,0,,,,,,,,,,,,,,,,,,,,,,,,,,,100,28221,100,47011235968,100,131103200531,,,,,,,,,,
2019-04-24,Z305D61N,ST4000DM000,4000787030016,0,114,83729504,,,94,0,100,6,100,0,86,413641464,,,68,28326,100,0,,,100,6,,,,,,,,,,,,,,,,,,,,,,,,,,,,,,,100,0,100,0,100,0,100,0,100,0,77,23,100,0,100,0,98,4836,23,23,,,,,100,0,100,0,200,0,,,,,,,,,,,,,,,,,,,,,,,,,,,100,28245,100,47031293240,100,131211844344,,,,,,,,,,
2019-04-25,Z305D61N,ST4000DM000,4000787030016,0,113,57488776,,,94,0,100,6,100,0,86,414679217,,,68,28349,100,0,,,100,6,,,,,,,,,,,,,,,,,,,,,,,,,,,,,,,100,0,100,0,100,0,100,0,100,0,78,22,100,0,100,0,98,4836,22,22,,,,,100,0,100,0,200,0,,,,,,,,,,,,,,,,,,,,,,,,,,,100,28268,100,47046304024,100,131341690423,,,,,,,,,,
2019-04-26,Z305D61N,ST4000DM000,4000787030016,0,108,19416624,,,94,0,100,6,100,0,86,416192314,,,68,28373,100,0,,,100,6,,,,,,,,,,,,,,,,,,,,,,,,,,,,,,,100,0,100,0,100,0,100,0,100,0,77,23,100,0,100,0,98,4836,23,23,,,,,100,0,100,0,200,0,,,,,,,,,,,,,,,,,,,,,,,,,,,100,28291,100,47062395272,100,131395420299,,,,,,,,,,
2019-04-27,Z305D61N,ST4000DM000,4000787030016,0,119,217025072,,,94,0,100,6,100,0,86,417667608,,,68,28396,100,0,,,100,6,,,,,,,,,,,,,,,,,,,,,,,,,,,,,,,100,0,100,0,100,0,100,0,100,0,77,23,100,0,100,0,98,4836,23,23,,,,,100,0,100,0,200,0,,,,,,,,,,,,,,,,,,,,,,,,,,,100,28315,100,47076094176,100,131496556124,,,,,,,,,,
2019-04-28,Z305D61N,ST4000DM000,4000787030016,0,113,50998872,,,94,0,100,6,100,0,86,418683686,,,68,28432,100,0,,,100,6,,,,,,,,,,,,,,,,,,,,,,,,,,,,,,,100,0,100,0,100,0,100,0,100,0,77,23,100,0,100,0,98,4836,23,23,,,,,100,0,100,0,200,0,,,,,,,,,,,,,,,,,,,,,,,,,,,100,28350,100,47105683336,100,131633303811,,,,,,,,,,
2019-04-29,Z305D61N,ST4000DM000,4000787030016,0,109,23277488,,,94,0,100,6,100,0,86,420787387,,,68,28455,100,0,,,100,6,,,,,,,,,,,,,,,,,,,,,,,,,,,,,,,100,0,100,0,100,0,100,0,100,0,78,22,100,0,100,0,98,4836,22,22,,,,,100,0,100,0,200,0,,,,,,,,,,,,,,,,,,,,,,,,,,,100,28374,100,47130759800,100,131772356970,,,,,,,,,,
2019-04-30,Z305D61N,ST4000DM000,4000787030016,0,117,139944632,,,94,0,100,6,100,0,86,422444269,,,68,28479,100,0,,,100,6,,,,,,,,,,,,,,,,,,,,,,,,,,,,,,,100,0,100,0,100,0,100,0,100,0,77,23,100,0,100,0,98,4836,23,23,,,,,100,0,100,0,200,0,,,,,,,,,,,,,,,,,,,,,,,,,,,100,28397,100,47152915304,100,131932225118,,,,,,,,,,
2019-05-01,Z305D61N,ST4000DM000,4000787030016,0,118,182251440,,,94,0,100,6,100,0,86,422797978,,,68,28490,100,0,,,100,6,,,,,,,,,,,,,,,,,,,,,,,,,,,,,,,100,0,100,0,100,0,100,0,100,0,77,23,100,0,100,0,98,4836,23,23,,,,,100,0,100,0,200,0,,,,,,,,,,,,,,,,,,,,,,,,,,,100,28409,100,47162430080,100,132027045303,,,,,,,,,,
2019-05-02,Z305D61N,ST4000DM000,4000787030016,0,119,225904976,,,94,0,100,6,100,0,86,423630891,,,68,28514,100,0,,,100,6,,,,,,,,,,,,,,,,,,,,,,,,,,,,,,,100,0,100,0,100,0,100,0,100,0,78,22,100,0,100,0,98,4836,22,22,,,,,100,0,100,0,200,0,,,,,,,,,,,,,,,,,,,,,,,,,,,100,28432,100,47174759232,100,132195913620,,,,,,,,,,
2019-05-03,Z305D61N,ST4000DM000,4000787030016,0,116,101530192,,,94,0,100,6,100,0,86,425130015,,,68,28537,100,0,,,100,6,,,,,,,,,,,,,,,,,,,,,,,,,,,,,,,100,0,100,0,100,0,100,0,100,0,78,22,100,0,100,0,98,4836,22,22,,,,,100,0,100,0,200,0,,,,,,,,,,,,,,,,,,,,,,,,,,,100,28456,100,47189902384,100,132338617769,,,,,,,,,,
2019-05-04,Z305D61N,ST4000DM000,4000787030016,0,118,191227704,,,94,0,100,6,100,0,86,425699137,,,68,28561,100,0,,,100,6,,,,,,,,,,,,,,,,,,,,,,,,,,,,,,,100,0,100,0,100,0,100,0,100,0,77,23,100,0,100,0,98,4836,23,23,,,,,100,0,100,0,200,0,,,,,,,,,,,,,,,,,,,,,,,,,,,100,28479,100,47201148104,100,132485969796,,,,,,,,,,
2019-05-05,Z305D61N,ST4000DM000,4000787030016,0,105,8492608,,,94,0,100,6,100,0,86,426337072,,,68,28584,100,0,,,100,6,,,,,,,,,,,,,,,,,,,,,,,,,,,,,,,100,0,100,0,100,0,100,0,100,0,77,23,100,0,100,0,98,4836,23,23,,,,,100,0,100,0,200,0,,,,,,,,,,,,,,,,,,,,,,,,,,,100,28503,100,47212585624,100,132681605089,,,,,,,,,,
2019-05-06,Z305D61N,ST4000DM000,4000787030016,0,119,211167400,,,94,0,100,6,100,0,86,426876631,,,68,28608,100,0,,,100,6,,,,,,,,,,,,,,,,,,,,,,,,,,,,,,,100,0,100,0,100,0,100,0,100,0,77,23,100,0,100,0,98,4836,23,23,,,,,100,0,100,0,200,0,,,,,,,,,,,,,,,,,,,,,,,,,,,100,28526,100,47231135992,100,132850974842,,,,,,,,,,
2019-05-07,Z305D61N,ST4000DM000,4000787030016,0,115,86203024,,,94,0,100,6,100,0,86,428146753,,,68,28631,100,0,,,100,6,,,,,,,,,,,,,,,,,,,,,,,,,,,,,,,100,0,100,0,100,0,100,0,100,0,78,22,100,0,100,0,98,4836,22,22,,,,,100,0,100,0,200,0,,,,,,,,,,,,,,,,,,,,,,,,,,,100,28549,100,47249672512,100,133019053837,,,,,,,,,,
2019-05-08,Z305D61N,ST4000DM000,4000787030016,0,118,178921528,,,94,0,100,6,100,0,86,429910112,,,68,28654,100,0,,,100,6,,,,,,,,,,,,,,,,,,,,,,,,,,,,,,,100,0,100,0,100,0,100,0,100,0,77,23,100,0,100,0,98,4836,23,23,,,,,100,0,100,0,200,0,,,,,,,,,,,,,,,,,,,,,,,,,,,100,28573,100,47265278448,100,133215921937,,,,,,,,,,
2019-05-09,Z305D61N,ST4000DM000,4000787030016,0,114,71510808,,,94,0,100,6,100,0,86,431756530,,,68,28690,100,0,,,100,6,,,,,,,,,,,,,,,,,,,,,,,,,,,,,,,100,0,100,0,100,0,100,0,100,0,77,23,100,0,100,0,98,4836,23,23,,,,,100,0,100,0,200,0,,,,,,,,,,,,,,,,,,,,,,,,,,,100,28608,100,47292131760,100,133428333379,,,,,,,,,,
2019-05-10,Z305D61N,ST4000DM000,4000787030016,0,117,129944936,,,94,0,100,6,100,0,86,433616962,,,68,28713,100,0,,,100,6,,,,,,,,,,,,,,,,,,,,,,,,,,,,,,,100,0,100,0,100,0,100,0,100,0,77,23,100,0,100,0,98,4836,23,23,,,,,100,0,100,0,200,0,,,,,,,,,,,,,,,,,,,,,,,,,,,100,28632,100,47313326304,100,133583665872,,,,,,,,,,
2019-05-11,Z305D61N,ST4000DM000,4000787030016,0,117,161885400,,,94,0,100,6,100,0,86,434383089,,,68,28737,100,0,,,100,6,,,,,,,,,,,,,,,,,,,,,,,,,,,,,,,100,0,100,0,100,0,100,0,100,0,77,23,100,0,100,0,98,4836,23,23,,,,,100,0,100,0,200,0,,,,,,,,,,,,,,,,,,,,,,,,,,,100,28655,100,47325022768,100,133686175727,,,,,,,,,,
2019-05-12,Z305D61N,ST4000DM000,4000787030016,0,112,43206032,,,94,0,100,6,100,0,86,436822554,,,68,28760,100,0,,,100,6,,,,,,,,,,,,,,,,,,,,,,,,,,,,,,,100,0,100,0,100,0,100,0,100,0,77,23,100,0,100,0,98,4836,23,23,,,,,100,0,100,0,200,0,,,,,,,,,,,,,,,,,,,,,,,,,,,100,28679,100,47345218640,100,133852718595,,,,,,,,,,
2019-05-13,Z305D61N,ST4000DM000,4000787030016,0,117,117756640,,,94,0,100,6,100,0,86,437715636,,,68,28784,100,0,,,100,6,,,,,,,,,,,,,,,,,,,,,,,,,,,,,,,100,0,100,0,100,0,100,0,100,0,77,23,100,0,100,0,98,4836,23,23,,,,,100,0,100,0,200,0,,,,,,,,,,,,,,,,,,,,,,,,,,,100,28702,100,47355645864,100,133997964809,,,,,,,,,,
2019-05-14,Z305D61N,ST4000DM000,4000787030016,0,120,243708136,,,94,0,100,6,100,0,86,439597272,,,68,28807,100,0,,,100,6,,,,,,,,,,,,,,,,,,,,,,,,,,,,,,,100,0,100,0,100,0,100,0,100,0,77,23,100,0,100,0,98,4836,23,23,,,,,100,0,100,0,200,0,,,,,,,,,,,,,,,,,,,,,,,,,,,100,28726,100,47377008216,100,134119026657,,,,,,,,,,
2019-05-15,Z305D61N,ST4000DM000,4000787030016,0,111,29816776,,,94,0,100,6,100,0,86,440513225,,,68,28831,100,0,,,100,6,,,,,,,,,,,,,,,,,,,,,,,,,,,,,,,100,0,100,0,100,0,100,0,100,0,77,23,100,0,100,0,98,4836,23,23,,,,,100,0,100,0,200,0,,,,,,,,,,,,,,,,,,,,,,,,,,,100,28749,100,47390994920,100,134233876871,,,,,,,,,,
2019-05-16,Z305D61N,ST4000DM000,4000787030016,0,117,130034000,,,94,0,100,6,100,0,86,441220514,,,68,28854,100,0,,,100,6,,,,,,,,,,,,,,,,,,,,,,,,,,,,,,,100,0,100,0,100,0,100,0,100,0,77,23,100,0,100,0,98,4836,23,23,,,,,100,0,100,0,200,0,,,,,,,,,,,,,,,,,,,,,,,,,,,100,28773,100,47402393296,100,134333618007,,,,,,,,,,
2019-05-17,Z305D61N,ST4000DM000,4000787030016,0,119,204007608,,,94,0,100,6,100,0,86,443099933,,,68,28878,100,0,,,100,6,,,,,,,,,,,,,,,,,,,,,,,,,,,,,,,100,0,100,0,100,0,100,0,100,0,78,22,100,0,100,0,98,4836,22,22,,,,,100,0,100,0,200,0,,,,,,,,,,,,,,,,,,,,,,,,,,,100,28796,100,47418565616,100,134457150747,,,,,,,,,,
2019-05-18,Z305D61N,ST4000DM000,4000787030016,0,111,29767832,,,94,0,100,6,100,0,86,443928765,,,68,28901,100,0,,,100,6,,,,,,,,,,,,,,,,,,,,,,,,,,,,,,,100,0,100,0,100,0,100,0,100,0,77,23,100,0,100,0,98,4836,23,23,,,,,100,0,100,0,200,0,,,,,,,,,,,,,,,,,,,,,,,,,,,100,28820,100,47429541976,100,134563856701,,,,,,,,,,
2019-05-19,Z305D61N,ST4000DM000,4000787030016,0,118,200898424,,,94,0,100,6,100,0,86,445223611,,,67,28937,100,0,,,100,6,,,,,,,,,,,,,,,,,,,,,,,,,,,,,,,100,0,100,0,100,0,100,0,100,0,78,22,100,0,100,0,98,4836,22,22,,,,,100,0,100,0,200,0,,,,,,,,,,,,,,,,,,,,,,,,,,,100,28855,100,47449604912,100,134744208382,,,,,,,,,,
2019-05-20,Z305D61N,ST4000DM000,4000787030016,0,117,138271112,,,94,0,100,6,100,0,86,446198010,,,67,28960,100,0,,,100,6,,,,,,,,,,,,,,,,,,,,,,,,,,,,,,,100,0,100,0,100,0,100,0,100,0,78,22,100,0,100,0,98,4836,22,22,,,,,100,0,100,0,200,0,,,,,,,,,,,,,,,,,,,,,,,,,,,100,28879,100,47463810664,100,134880624919,,,,,,,,,,
2019-05-21,Z305D61N,ST4000DM000,4000787030016,0,113,55256192,,,94,0,100,6,100,0,86,448514853,,,67,28984,100,0,,,100,6,,,,,,,,,,,,,,,,,,,,,,,,,,,,,,,100,0,100,0,100,0,100,0,100,0,77,23,100,0,100,0,98,4836,23,23,,,,,100,0,100,0,200,0,,,,,,,,,,,,,,,,,,,,,,,,,,,100,28902,100,47482553280,100,135072316741,,,,,,,,,,
2019-05-22,Z305D61N,ST4000DM000,4000787030016,0,114,67907872,,,94,0,100,6,100,0,86,448995098,,,67,28995,100,0,,,100,6,,,,,,,,,,,,,,,,,,,,,,,,,,,,,,,100,0,100,0,100,0,100,0,100,0,78,22,100,0,100,0,98,4836,22,22,,,,,100,0,100,0,200,0,,,,,,,,,,,,,,,,,,,,,,,,,,,100,28914,100,47492978904,100,135123961373,,,,,,,,,,
2019-05-23,Z305D61N,ST4000DM000,4000787030016,0,117,122248648,,,94,0,100,6,100,0,86,450537654,,,67,29019,100,0,,,100,6,,,,,,,,,,,,,,,,,,,,,,,,,,,,,,,100,0,100,0,100,0,100,0,100,0,77,23,100,0,100,0,98,4836,23,23,,,,,100,0,100,0,200,0,,,,,,,,,,,,,,,,,,,,,,,,,,,100,28937,100,47513043608,100,135237999270,,,,,,,,,,
2019-05-24,Z305D61N,ST4000DM000,4000787030016,0,117,163696216,,,94,0,100,6,100,0,86,452507657,,,67,29043,100,0,,,100,6,,,,,,,,,,,,,,,,,,,,,,,,,,,,,,,100,0,100,0,100,0,100,0,100,0,77,23,100,0,100,0,98,4836,23,23,,,,,100,0,100,0,200,0,,,,,,,,,,,,,,,,,,,,,,,,,,,100,28961,100,47535029880,100,135355222181,,,,,,,,,,
2019-05-25,Z305D61N,ST4000DM000,4000787030016,0,117,167398808,,,94,0,100,6,100,0,86,453242505,,,67,29066,100,0,,,100,6,,,,,,,,,,,,,,,,,,,,,,,,,,,,,,,100,0,100,0,100,0,100,0,100,0,77,23,100,0,100,0,98,4836,23,23,,,,,100,0,100,0,200,0,,,,,,,,,,,,,,,,,,,,,,,,,,,100,28985,100,47548361584,100,135454992555,,,,,,,,,,
2019-05-26,Z305D61N,ST4000DM000,4000787030016,0,114,78403528,,,94,0,100,6,100,0,86,453760499,,,67,29090,100,0,,,100,6,,,,,,,,,,,,,,,,,,,,,,,,,,,,,,,100,0,100,0,100,0,100,0,100,0,77,23,100,0,100,0,98,4836,23,23,,,,,100,0,100,0,200,0,,,,,,,,,,,,,,,,,,,,,,,,,,,100,29008,100,47565872384,100,135507692703,,,,,,,,,,
2019-05-27,Z305D61N,ST4000DM000,4000787030016,0,118,197198120,,,94,0,100,6,100,0,86,454659426,,,67,29113,100,0,,,100,6,,,,,,,,,,,,,,,,,,,,,,,,,,,,,,,100,0,100,0,100,0,100,0,100,0,77,23,100,0,100,0,98,4836,23,23,,,,,100,0,100,0,200,0,,,,,,,,,,,,,,,,,,,,,,,,,,,100,29032,100,47587078424,100,135609989214,,,,,,,,,,
2019-05-28,Z305D61N,ST4000DM000,4000787030016,0,118,167970296,,,94,0,100,6,100,0,86,456090979,,,67,29137,100,0,,,100,6,,,,,,,,,,,,,,,,,,,,,,,,,,,,,,,100,0,100,0,100,0,100,0,100,0,78,22,100,0,100,0,98,4836,22,22,,,,,100,0,100,0,200,0,,,,,,,,,,,,,,,,,,,,,,,,,,,100,29055,100,47602825680,100,135717042128,,,,,,,,,,
2019-05-29,Z305D61N,ST4000DM000,4000787030016,0,117,133497152,,,94,0,100,6,100,0,86,457650385,,,67,29161,100,0,,,100,6,,,,,,,,,,,,,,,,,,,,,,,,,,,,,,,100,0,100,0,100,0,100,0,100,0,77,23,100,0,100,0,98,4836,23,23,,,,,100,0,100,0,200,0,,,,,,,,,,,,,,,,,,,,,,,,,,,100,29079,100,47617882376,100,135844263582,,,,,,,,,,
2019-05-30,Z305D61N,ST4000DM000,4000787030016,0,102,4516688,,,94,0,100,6,100,0,86,459902528,,,67,29184,100,0,,,100,6,,,,,,,,,,,,,,,,,,,,,,,,,,,,,,,100,0,100,0,100,0,100,0,100,0,77,23,100,0,100,0,98,4836,23,23,,,,,100,0,100,0,200,0,,,,,,,,,,,,,,,,,,,,,,,,,,,100,29103,100,47637967336,100,135975721287,,,,,,,,,,
2019-05-31,Z305D61N,ST4000DM000,4000787030016,0,118,195220544,,,94,0,100,6,100,0,86,461909130,,,67,29220,100,0,,,100,6,,,,,,,,,,,,,,,,,,,,,,,,,,,,,,,100,0,100,0,100,0,100,0,100,0,78,22,100,0,100,0,98,4836,22,22,,,,,100,0,100,0,200,0,,,,,,,,,,,,,,,,,,,,,,,,,,,100,29138,100,47654040592,100,136167111061,,,,,,,,,,
2019-06-01,Z305D61N,ST4000DM000,4000787030016,0,113,57786872,,,94,0,100,6,100,0,86,462897007,,,67,29243,100,0,,,100,6,,,,,,,,,,,,,,,,,,,,,,,,,,,,,,,100,0,100,0,100,0,100,0,100,0,77,23,100,0,100,0,98,4836,23,23,,,,,100,0,100,0,200,0,,,,,,,,,,,,,,,,,,,,,,,,,,,100,29162,100,47666249936,100,136280351424,,,,,,,,,,
2019-06-02,Z305D61N,ST4000DM000,4000787030016,0,119,207316408,,,94,0,100,6,100,0,86,463503412,,,67,29267,100,0,,,100,6,,,,,,,,,,,,,,,,,,,,,,,,,,,,,,,100,0,100,0,100,0,100,0,100,0,77,23,100,0,100,0,98,4836,23,23,,,,,100,0,100,0,200,0,,,,,,,,,,,,,,,,,,,,,,,,,,,100,29185,100,47680903048,100,136339729106,,,,,,,,,,
2019-06-03,Z305D61N,ST4000DM000,4000787030016,0,120,239735512,,,94,0,100,6,100,0,86,464371424,,,67,29290,100,0,,,100,6,,,,,,,,,,,,,,,,,,,,,,,,,,,,,,,100,0,100,0,100,0,100,0,100,0,77,23,100,0,100,0,98,4836,23,23,,,,,100,0,100,0,200,0,,,,,,,,,,,,,,,,,,,,,,,,,,,100,29209,100,47709525736,100,136428611268,,,,,,,,,,
2019-06-04,Z305D61N,ST4000DM000,4000787030016,0,113,51433464,,,94,0,100,6,100,0,86,466206958,,,67,29314,100,0,,,100,6,,,,,,,,,,,,,,,,,,,,,,,,,,,,,,,100,0,100,0,100,0,100,0,100,0,78,22,100,0,100,0,98,4836,22,22,,,,,100,0,100,0,200,0,,,,,,,,,,,,,,,,,,,,,,,,,,,100,29232,100,47725066376,100,136526028157,,,,,,,,,,
2019-06-05,Z305D61N,ST4000DM000,4000787030016,0,116,115474576,,,94,0,100,6,100,0,86,466869380,,,67,29337,100,0,,,100,6,,,,,,,,,,,,,,,,,,,,,,,,,,,,,,,100,0,100,0,100,0,100,0,100,0,78,22,100,0,100,0,98,4836,22,22,,,,,100,0,100,0,200,0,,,,,,,,,,,,,,,,,,,,,,,,,,,100,29256,100,47746471680,100,136575090764,,,,,,,,,,
2019-06-06,Z305D61N,ST4000DM000,4000787030016,0,119,205541272,,,94,0,100,6,100,0,86,467966859,,,67,29361,100,0,,,100,6,,,,,,,,,,,,,,,,,,,,,,,,,,,,,,,100,0,100,0,100,0,100,0,100,0,78,22,100,0,100,0,98,4836,22,22,,,,,100,0,100,0,200,0,,,,,,,,,,,,,,,,,,,,,,,,,,,100,29279,100,47762431496,100,136700610178,,,,,,,,,,
2019-06-07,Z305D61N,ST4000DM000,4000787030016,0,118,191445120,,,94,0,100,6,100,0,86,469272569,,,67,29385,100,0,,,100,6,,,,,,,,,,,,,,,,,,,,,,,,,,,,,,,100,0,100,0,100,0,100,0,100,0,77,23,100,0,100,0,98,4836,23,23,,,,,100,0,100,0,200,0,,,,,,,,,,,,,,,,,,,,,,,,,,,100,29303,100,47781223800,100,136754717294,,,,,,,,,,
2019-06-08,Z305D61N,ST4000DM000,4000787030016,0,113,55861888,,,94,0,100,6,100,0,87,470246467,,,67,29408,100,0,,,100,6,,,,,,,,,,,,,,,,,,,,,,,,,,,,,,,100,0,100,0,100,0,100,0,100,0,77,23,100,0,100,0,98,4836,23,23,,,,,100,0,100,0,200,0,,,,,,,,,,,,,,,,,,,,,,,,,,,100,29327,100,47800809192,100,136872888125,,,,,,,,,,
2019-06-09,Z305D61N,ST4000DM000,4000787030016,0,113,53604216,,,94,0,100,6,100,0,87,471394843,,,67,29432,100,0,,,100,6,,,,,,,,,,,,,,,,,,,,,,,,,,,,,,,100,0,100,0,100,0,100,0,100,0,78,22,100,0,100,0,98,4836,22,22,,,,,100,0,100,0,200,0,,,,,,,,,,,,,,,,,,,,,,,,,,,100,29350,100,47822500688,100,136981449886,,,,,,,,,,
2019-06-10,Z305D61N,ST4000DM000,4000787030016,0,117,148691144,,,94,0,100,6,100,0,87,472196632,,,67,29455,100,0,,,100,6,,,,,,,,,,,,,,,,,,,,,,,,,,,,,,,100,0,100,0,100,0,100,0,100,0,78,22,100,0,100,0,98,4836,22,22,,,,,100,0,100,0,200,0,,,,,,,,,,,,,,,,,,,,,,,,,,,100,29374,100,47852137080,100,137034970409,,,,,,,,,,
2019-06-11,Z305D61N,ST4000DM000,4000787030016,0,119,232297008,,,94,0,100,6,100,0,87,474437853,,,67,29479,100,0,,,100,6,,,,,,,,,,,,,,,,,,,,,,,,,,,,,,,100,0,100,0,100,0,100,0,100,0,77,23,100,0,100,0,98,4836,23,23,,,,,100,0,100,0,200,0,,,,,,,,,,,,,,,,,,,,,,,,,,,100,29397,100,47872726296,100,137131925761,,,,,,,,,,
2019-06-12,Z305D61N,ST4000DM000,4000787030016,0,110,27918600,,,94,0,100,6,100,0,87,475059199,,,67,29502,100,0,,,100,6,,,,,,,,,,,,,,,,,,,,,,,,,,,,,,,100,0,100,0,100,0,100,0,100,0,77,23,100,0,100,0,98,4836,23,23,,,,,100,0,100,0,200,0,,,,,,,,,,,,,,,,,,,,,,,,,,,100,29421,100,47883418640,100,137236537164,,,,,,,,,,
2019-06-13,Z305D61N,ST4000DM000,4000787030016,0,117,133400560,,,94,0,100,6,100,0,87,477347246,,,67,29526,100,0,,,100,6,,,,,,,,,,,,,,,,,,,,,,,,,,,,,,,100,0,100,0,100,0,100,0,100,0,77,23,100,0,100,0,98,4836,23,23,,,,,100,0,100,0,200,0,,,,,,,,,,,,,,,,,,,,,,,,,,,100,29444,100,47904950024,100,137365145735,,,,,,,,,,
2019-06-14,Z305D61N,ST4000DM000,4000787030016,0,112,42695872,,,94,0,100,6,100,0,87,478854949,,,67,29550,100,0,,,100,6,,,,,,,,,,,,,,,,,,,,,,,,,,,,,,,100,0,100,0,100,0,100,0,100,0,77,23,100,0,100,0,98,4836,23,23,,,,,100,0,100,0,200,0,,,,,,,,,,,,,,,,,,,,,,,,,,,100,29468,100,47919753616,100,137480726163,,,,,,,,,,
2019-06-15,Z305D61N,ST4000DM000,4000787030016,0,117,162592864,,,94,0,100,6,100,0,87,479551716,,,67,29573,100,0,,,100,6,,,,,,,,,,,,,,,,,,,,,,,,,,,,,,,100,0,100,0,100,0,100,0,100,0,78,22,100,0,100,0,98,4836,22,22,,,,,100,0,100,0,200,0,,,,,,,,,,,,,,,,,,,,,,,,,,,100,29492,100,47933833768,100,137669955193,,,,,,,,,,
2019-06-16,Z305D61N,ST4000DM000,4000787030016,0,117,138038664,,,94,0,100,6,100,0,87,480116587,,,67,29597,100,0,,,100,6,,,,,,,,,,,,,,,,,,,,,,,,,,,,,,,100,0,100,0,100,0,100,0,100,0,78,22,100,0,100,0,98,4836,22,22,,,,,100,0,100,0,200,0,,,,,,,,,,,,,,,,,,,,,,,,,,,100,29515,100,47945133464,100,137850149594,,,,,,,,,,
2019-06-17,Z305D61N,ST4000DM000,4000787030016,0,118,188536552,,,94,0,100,6,100,0,87,480624445,,,67,29621,100,0,,,100,6,,,,,,,,,,,,,,,,,,,,,,,,,,,,,,,100,0,100,0,100,0,100,0,100,0,78,22,100,0,100,0,98,4836,22,22,,,,,100,0,100,0,200,0,,,,,,,,,,,,,,,,,,,,,,,,,,,100,29539,100,47954852920,100,138005653288,,,,,,,,,,
2019-06-18,Z305D61N,ST4000DM000,4000787030016,0,111,36632552,,,94,0,100,6,100,0,87,482009399,,,67,29644,100,0,,,100,6,,,,,,,,,,,,,,,,,,,,,,,,,,,,,,,100,0,100,0,100,0,100,0,100,0,78,22,100,0,100,0,98,4836,22,22,,,,,100,0,100,0,200,0,,,,,,,,,,,,,,,,,,,,,,,,,,,100,29563,100,47965852200,100,138210046000,,,,,,,,,,
2019-06-19,Z305D61N,ST4000DM000,4000787030016,0,117,147416296,,,94,0,100,6,100,0,87,482838402,,,67,29668,100,0,,,100,6,,,,,,,,,,,,,,,,,,,,,,,,,,,,,,,100,0,100,0,100,0,100,0,100,0,78,22,100,0,100,0,98,4836,22,22,,,,,100,0,100,0,200,0,,,,,,,,,,,,,,,,,,,,,,,,,,,100,29586,100,47979280736,100,138374162911,,,,,,,,,,
2019-06-20,Z305D61N,ST4000DM000,4000787030016,0,113,57638928,,,94,0,100,6,100,0,87,483792825,,,67,29692,100,0,,,100,6,,,,,,,,,,,,,,,,,,,,,,,,,,,,,,,100,0,100,0,100,0,100,0,100,0,78,22,100,0,100,0,98,4836,22,22,,,,,100,0,100,0,200,0,,,,,,,,,,,,,,,,,,,,,,,,,,,100,29610,100,47993588968,100,138536718162,,,,,,,,,,
2019-06-21,Z305D61N,ST4000DM000,4000787030016,0,119,226720968,,,94,0,100,6,100,0,87,485785192,,,67,29715,100,0,,,100,6,,,,,,,,,,,,,,,,,,,,,,,,,,,,,,,100,0,100,0,100,0,100,0,100,0,78,22,100,0,100,0,98,4836,22,22,,,,,100,0,100,0,200,0,,,,,,,,,,,,,,,,,,,,,,,,,,,100,29633,100,48015266872,100,138697480125,,,,,,,,,,
2019-06-22,Z305D61N,ST4000DM000,4000787030016,0,107,12715592,,,94,0,100,6,100,0,87,486747784,,,67,29738,100,0,,,100,6,,,,,,,,,,,,,,,,,,,,,,,,,,,,,,,100,0,100,0,100,0,100,0,100,0,77,23,100,0,100,0,98,4836,23,23,,,,,100,0,100,0,200,0,,,,,,,,,,,,,,,,,,,,,,,,,,,100,29657,100,48028922224,100,138872325622,,,,,,,,,,
2019-06-23,Z305D61N,ST4000DM000,4000787030016,0,119,233852776,,,94,0,100,6,100,0,87,488029069,,,67,29762,100,0,,,100,6,,,,,,,,,,,,,,,,,,,,,,,,,,,,,,,100,0,100,0,100,0,100,0,100,0,78,22,100,0,100,0,98,4836,22,22,,,,,100,0,100,0,200,0,,,,,,,,,,,,,,,,,,,,,,,,,,,100,29680,100,48041333520,100,139024422247,,,,,,,,,,
2019-06-24,Z305D61N,ST4000DM000,4000787030016,0,118,174188344,,,94,0,100,6,100,0,87,489075396,,,66,29785,100,0,,,100,6,,,,,,,,,,,,,,,,,,,,,,,,,,,,,,,100,0,100,0,100,0,100,0,100,0,77,23,100,0,100,0,98,4836,23,23,,,,,100,0,100,0,200,0,,,,,,,,,,,,,,,,,,,,,,,,,,,100,29704,100,48050498576,100,139188383489,,,,,,,,,,
2019-06-25,Z305D61N,ST4000DM000,4000787030016,0,117,130723440,,,94,0,100,6,100,0,87,490484011,,,66,29809,100,0,,,100,6,,,,,,,,,,,,,,,,,,,,,,,,,,,,,,,100,0,100,0,100,0,100,0,100,0,78,22,100,0,100,0,98,4836,22,22,,,,,100,0,100,0,200,0,,,,,,,,,,,,,,,,,,,,,,,,,,,100,29727,100,48064085272,100,139312427964,,,,,,,,,,
2019-06-26,Z305D61N,ST4000DM000,4000787030016,0,119,217111136,,,94,0,100,6,100,0,87,494067776,,,66,29844,100,0,,,100,6,,,,,,,,,,,,,,,,,,,,,,,,,,,,,,,100,0,100,0,100,0,100,0,100,0,78,22,100,0,100,0,98,4836,22,22,,,,,100,0,100,0,200,0,,,,,,,,,,,,,,,,,,,,,,,,,,,100,29763,100,48099187512,100,139571329061,,,,,,,,,,
2019-06-27,Z305D61N,ST4000DM000,4000787030016,0,100,2686848,,,94,0,100,6,100,0,87,495668580,,,66,29868,100,0,,,100,6,,,,,,,,,,,,,,,,,,,,,,,,,,,,,,,100,0,100,0,100,0,100,0,100,0,78,22,100,0,100,0,98,4836,22,22,,,,,100,0,100,0,200,0,,,,,,,,,,,,,,,,,,,,,,,,,,,100,29786,100,48112813464,100,139765804402,,,,,,,,,,
2019-06-28,Z305D61N,ST4000DM000,4000787030016,0,117,143360096,,,94,0,100,6,100,0,87,497253346,,,66,29892,100,0,,,100,6,,,,,,,,,,,,,,,,,,,,,,,,,,,,,,,100,0,100,0,100,0,100,0,100,0,78,22,100,0,100,0,98,4836,22,22,,,,,100,0,100,0,200,0,,,,,,,,,,,,,,,,,,,,,,,,,,,100,29810,100,48138309496,100,139903087233,,,,,,,,,,
2019-06-29,Z305D61N,ST4000DM000,4000787030016,0,115,98093512,,,94,0,100,6,100,0,87,498661150,,,66,29916,100,0,,,100,6,,,,,,,,,,,,,,,,,,,,,,,,,,,,,,,100,0,100,0,100,0,100,0,100,0,78,22,100,0,100,0,98,4836,22,22,,,,,100,0,100,0,200,0,,,,,,,,,,,,,,,,,,,,,,,,,,,100,29834,100,48158622824,100,140089467025,,,,,,,,,,
2019-06-30,Z305D61N,ST4000DM000,4000787030016,0,114,74198280,,,94,0,100,6,100,0,87,499849059,,,66,29940,100,0,,,100,6,,,,,,,,,,,,,,,,,,,,,,,,,,,,,,,100,0,100,0,100,0,100,0,100,0,78,22,100,0,100,0,98,4836,22,22,,,,,100,0,100,0,200,0,,,,,,,,,,,,,,,,,,,,,,,,,,,100,29858,100,48171427944,100,140268785175,,,,,,,,,,
2019-07-01,Z305D61N,ST4000DM000,4000787030016,0,116,111838288,,,94,0,100,6,100,0,87,501297529,,,66,29964,100,0,,,100,6,,,,,,,,,,,,,,,,,,,,,,,,,,,,,,,100,0,100,0,100,0,100,0,100,0,78,22,100,0,100,0,98,4836,22,22,,,,,100,0,100,0,200,0,,,,,,,,,,,,,,,,,,,,,,,,,,,100,29882,100,48185196128,100,140497611799,,,,,,,,,,
2019-07-02,Z305D61N,ST4000DM000,4000787030016,0,114,80875520,,,94,0,100,6,100,0,87,503566974,,,66,29988,100,0,,,100,6,,,,,,,,,,,,,,,,,,,,,,,,,,,,,,,100,0,100,0,100,0,100,0,100,0,77,23,100,0,100,0,98,4836,23,23,,,,,100,0,100,0,200,0,,,,,,,,,,,,,,,,,,,,,,,,,,,100,29906,100,48204441952,100,140674946057,,,,,,,,,,
2019-07-03,Z305D61N,ST4000DM000,4000787030016,0,117,122358808,,,94,0,100,6,100,0,87,504895317,,,66,30012,100,0,,,100,6,,,,,,,,,,,,,,,,,,,,,,,,,,,,,,,100,0,100,0,100,0,100,0,100,0,78,22,100,0,100,0,98,4836,22,22,,,,,100,0,100,0,200,0,,,,,,,,,,,,,,,,,,,,,,,,,,,100,29930,100,48222808232,100,140848557314,,,,,,,,,,
2019-07-04,Z305D61N,ST4000DM000,4000787030016,0,119,230813408,,,94,0,100,6,100,0,87,506024205,,,66,30036,100,0,,,100,6,,,,,,,,,,,,,,,,,,,,,,,,,,,,,,,100,0,100,0,100,0,100,0,100,0,78,22,100,0,100,0,98,4836,22,22,,,,,100,0,100,0,200,0,,,,,,,,,,,,,,,,,,,,,,,,,,,100,29954,100,48241348000,100,140934887557,,,,,,,,,,
2019-07-05,Z305D61N,ST4000DM000,4000787030016,0,115,93091328,,,94,0,100,6,100,0,87,507710071,,,66,30060,100,0,,,100,6,,,,,,,,,,,,,,,,,,,,,,,,,,,,,,,100,0,100,0,100,0,100,0,100,0,78,22,100,0,100,0,98,4836,22,22,,,,,100,0,100,0,200,0,,,,,,,,,,,,,,,,,,,,,,,,,,,100,29978,100,48258866272,100,141064392297,,,,,,,,,,
2019-07-06,Z305D61N,ST4000DM000,4000787030016,0,116,102351208,,,94,0,100,6,100,0,87,509014819,,,66,30084,100,0,,,100,6,,,,,,,,,,,,,,,,,,,,,,,,,,,,,,,100,0,100,0,100,0,100,0,100,0,78,22,100,0,100,0,98,4836,22,22,,,,,100,0,100,0,200,0,,,,,,,,,,,,,,,,,,,,,,,,,,,100,30002,100,48271604064,100,141225428716,,,,,,,,,,
2019-07-07,Z305D61N,ST4000DM000,4000787030016,0,119,212636392,,,94,0,100,6,100,0,87,510183915,,,66,30108,100,0,,,100,6,,,,,,,,,,,,,,,,,,,,,,,,,,,,,,,100,0,100,0,100,0,100,0,100,0,78,22,100,0,100,0,98,4836,22,22,,,,,100,0,100,0,200,0,,,,,,,,,,,,,,,,,,,,,,,,,,,100,30026,100,48287738360,100,141382181982,,,,,,,,,,
2019-07-08,Z305D61N,ST4000DM000,4000787030016,0,114,64552048,,,94,0,100,6,100,0,87,511334137,,,66,30132,100,0,,,100,6,,,,,,,,,,,,,,,,,,,,,,,,,,,,,,,100,0,100,0,100,0,100,0,100,0,77,23,100,0,100,0,98,4836,23,23,,,,,100,0,100,0,200,0,,,,,,,,,,,,,,,,,,,,,,,,,,,100,30050,100,48303934792,100,141511643989,,,,,,,,,,
2019-07-09,Z305D61N,ST4000DM000,4000787030016,0,112,46770384,,,94,0,100,6,100,0,87,513624679,,,66,30156,100,0,,,100,6,,,,,,,,,,,,,,,,,,,,,,,,,,,,,,,100,0,100,0,100,0,100,0,100,0,77,23,100,0,100,0,98,4836,23,23,,,,,100,0,100,0,200,0,,,,,,,,,,,,,,,,,,,,,,,,,,,100,30074,100,48327538464,100,141658909531,,,,,,,,,,
2019-07-10,Z305D61N,ST4000DM000,4000787030016,0,111,37018616,,,94,0,100,6,100,0,87,514449753,,,66,30180,100,0,,,100,6,,,,,,,,,,,,,,,,,,,,,,,,,,,,,,,100,0,100,0,100,0,100,0,100,0,78,22,100,0,100,0,98,4836,22,22,,,,,100,0,100,0,200,0,,,,,,,,,,,,,,,,,,,,,,,,,,,100,30098,100,48354159120,100,141728371436,,,,,,,,,,
2019-07-11,Z305D61N,ST4000DM000,4000787030016,0,112,45925856,,,94,0,100,6,100,0,87,517482389,,,66,30203,100,0,,,100,6,,,,,,,,,,,,,,,,,,,,,,,,,,,,,,,100,0,100,0,100,0,100,0,100,0,78,22,100,0,100,0,98,4836,22,22,,,,,100,0,100,0,200,0,,,,,,,,,,,,,,,,,,,,,,,,,,,100,30122,100,48375714552,100,141937652231,,,,,,,,,,
2019-07-12,Z305D61N,ST4000DM000,4000787030016,0,113,57233056,,,94,0,100,6,100,0,87,518799322,,,66,30227,100,0,,,100,6,,,,,,,,,,,,,,,,,,,,,,,,,,,,,,,100,0,100,0,100,0,100,0,100,0,78,22,100,0,100,0,98,4836,22,22,,,,,100,0,100,0,200,0,,,,,,,,,,,,,,,,,,,,,,,,,,,100,30146,100,48389295312,100,142032363896,,,,,,,,,,
2019-07-13,Z305D61N,ST4000DM000,4000787030016,0,119,213326832,,,94,0,100,6,100,0,87,520741550,,,66,30251,100,0,,,100,6,,,,,,,,,,,,,,,,,,,,,,,,,,,,,,,100,0,100,0,100,0,100,0,100,0,78,22,100,0,100,0,98,4836,22,22,,,,,100,0,100,0,200,0,,,,,,,,,,,,,,,,,,,,,,,,,,,100,30170,100,48413799312,100,142252060533,,,,,,,,,,
2019-07-14,Z305D61N,ST4000DM000,4000787030016,0,116,101030112,,,94,0,100,6,100,0,87,522541637,,,66,30275,100,0,,,100,6,,,,,,,,,,,,,,,,,,,,,,,,,,,,,,,100,0,100,0,100,0,100,0,100,0,77,23,100,0,100,0,98,4836,23,23,,,,,100,0,100,0,200,0,,,,,,,,,,,,,,,,,,,,,,,,,,,100,30194,100,48428441712,100,142429315118,,,,,,,,,,
2019-07-15,Z305D61N,ST4000DM000,4000787030016,0,110,28488160,,,94,0,100,6,100,0,87,523993804,,,66,30300,100,0,,,100,6,,,,,,,,,,,,,,,,,,,,,,,,,,,,,,,100,0,100,0,100,0,100,0,100,0,77,23,100,0,100,0,98,4836,23,23,,,,,100,0,100,0,200,0,,,,,,,,,,,,,,,,,,,,,,,,,,,100,30218,100,48438886024,100,142714547292,,,,,,,,,,
2019-07-16,Z305D61N,ST4000DM000,4000787030016,0,117,123277552,,,94,0,100,6,100,0,87,525792738,,,66,30324,100,0,,,100,6,,,,,,,,,,,,,,,,,,,,,,,,,,,,,,,100,0,100,0,100,0,100,0,100,0,77,23,100,0,100,0,98,4836,23,23,,,,,100,0,100,0,200,0,,,,,,,,,,,,,,,,,,,,,,,,,,,100,30242,100,48448769552,100,143156054316,,,,,,,,,,
2019-07-17,Z305D61N,ST4000DM000,4000787030016,0,117,131755200,,,94,0,100,6,100,0,87,527825194,,,66,30348,100,0,,,100,6,,,,,,,,,,,,,,,,,,,,,,,,,,,,,,,100,0,100,0,100,0,100,0,100,0,77,23,100,0,100,0,98,4836,23,23,,,,,100,0,100,0,200,0,,,,,,,,,,,,,,,,,,,,,,,,,,,100,30266,100,48463008472,100,143584908522,,,,,,,,,,
2019-07-18,Z305D61N,ST4000DM000,4000787030016,0,119,207868376,,,94,0,100,6,100,0,87,528406865,,,66,30360,100,0,,,100,6,,,,,,,,,,,,,,,,,,,,,,,,,,,,,,,100,0,100,0,100,0,100,0,100,0,77,23,100,0,100,0,98,4836,23,23,,,,,100,0,100,0,200,0,,,,,,,,,,,,,,,,,,,,,,,,,,,100,30278,100,48471667640,100,143781922151,,,,,,,,,,
2019-07-19,Z305D61N,ST4000DM000,4000787030016,0,118,172708104,,,94,0,100,6,100,0,87,530832662,,,66,30388,100,0,,,100,6,,,,,,,,,,,,,,,,,,,,,,,,,,,,,,,100,0,100,0,100,0,100,0,100,0,78,22,100,0,100,0,98,4836,22,22,,,,,100,0,100,0,200,0,,,,,,,,,,,,,,,,,,,,,,,,,,,100,30306,100,48483451488,100,144275492470,,,,,,,,,,
2019-07-20,Z305D61N,ST4000DM000,4000787030016,0,117,131793352,,,94,0,100,6,100,0,87,533341384,,,66,30411,100,0,,,100,6,,,,,,,,,,,,,,,,,,,,,,,,,,,,,,,100,0,100,0,100,0,100,0,100,0,78,22,100,0,100,0,98,4836,22,22,,,,,100,0,100,0,200,0,,,,,,,,,,,,,,,,,,,,,,,,,,,100,30330,100,48495705432,100,144693547699,,,,,,,,,,
2019-07-21,Z305D61N,ST4000DM000,4000787030016,0,114,78575848,,,94,0,100,6,100,0,87,535392466,,,66,30434,100,0,,,100,6,,,,,,,,,,,,,,,,,,,,,,,,,,,,,,,100,0,100,0,100,0,100,0,100,0,73,27,100,0,100,0,98,4836,27,27,,,,,100,0,100,0,200,0,,,,,,,,,,,,,,,,,,,,,,,,,,,100,30352,100,48506215736,100,145084567660,,,,,,,,,,
2019-07-22,Z305D61N,ST4000DM000,4000787030016,0,114,68085168,,,94,0,100,6,100,0,87,537533028,,,66,30459,100,0,,,100,6,,,,,,,,,,,,,,,,,,,,,,,,,,,,,,,100,0,100,0,100,0,100,0,100,0,78,22,100,0,100,0,98,4836,22,22,,,,,100,0,100,0,200,0,,,,,,,,,,,,,,,,,,,,,,,,,,,100,30377,100,48519071488,100,145488580826,,,,,,,,,,
2019-07-23,Z305D61N,ST4000DM000,4000787030016,0,114,68085168,,,94,0,100,6,100,0,87,537533028,,,66,30459,100,0,,,100,6,,,,,,,,,,,,,,,,,,,,,,,,,,,,,,,100,0,100,0,100,0,100,0,100,0,78,22,100,0,100,0,98,4836,22,22,,,,,100,0,100,0,200,0,,,,,,,,,,,,,,,,,,,,,,,,,,,100,30377,100,48519071488,100,145488580826,,,,,,,,,,
2019-07-24,Z305D61N,ST4000DM000,4000787030016,0,112,42324536,,,93,0,100,7,100,0,87,542937883,,,66,30519,100,0,,,100,7,,,,,,,,,,,,,,,,,,,,,,,,,,,,,,,100,0,100,0,100,0,100,0,100,0,78,22,100,0,100,0,98,4837,22,22,,,,,100,0,100,0,200,0,,,,,,,,,,,,,,,,,,,,,,,,,,,100,30437,100,48539318504,100,146277368583,,,,,,,,,,
2019-07-25,Z305D61N,ST4000DM000,4000787030016,0,117,163082608,,,93,0,100,7,100,0,87,543573431,,,66,30532,100,0,,,100,7,,,,,,,,,,,,,,,,,,,,,,,,,,,,,,,100,0,100,0,100,0,100,0,100,0,78,22,100,0,100,0,98,4837,22,22,,,,,100,0,100,0,200,0,,,,,,,,,,,,,,,,,,,,,,,,,,,100,30450,100,48547780648,100,146443272094,,,,,,,,,,
2019-07-26,Z305D61N,ST4000DM000,4000787030016,0,113,56858568,,,93,0,100,7,100,0,87,544938432,,,66,30560,100,0,,,100,7,,,,,,,,,,,,,,,,,,,,,,,,,,,,,,,100,0,100,0,100,0,100,0,100,0,78,22,100,0,100,0,98,4837,22,22,,,,,100,0,100,0,200,0,,,,,,,,,,,,,,,,,,,,,,,,,,,100,30478,100,48567801528,100,146536437473,,,,,,,,,,
2019-07-27,Z305D61N,ST4000DM000,4000787030016,0,110,27794456,,,91,0,100,8,100,0,87,547831730,,,66,30584,100,0,,,100,8,,,,,,,,,,,,,,,,,,,,,,,,,,,,,,,100,0,100,0,100,0,100,0,100,0,77,23,100,0,100,0,98,4838,23,23,,,,,100,0,100,0,200,0,,,,,,,,,,,,,,,,,,,,,,,,,,,100,30503,100,48590599920,100,147427117460,,,,,,,,,,
2019-07-28,Z305D61N,ST4000DM000,4000787030016,0,114,76515296,,,91,0,100,8,100,0,87,551518093,,,66,30609,100,0,,,100,8,,,,,,,,,,,,,,,,,,,,,,,,,,,,,,,100,0,100,0,100,0,100,0,100,0,78,22,100,0,100,0,98,4838,22,22,,,,,100,0,100,0,200,0,,,,,,,,,,,,,,,,,,,,,,,,,,,100,30527,100,48608039384,100,148048283965,,,,,,,,,,
2019-07-29,Z305D61N,ST4000DM000,4000787030016,0,118,177327088,,,91,0,100,8,100,0,87,554564340,,,66,30632,100,0,,,100,8,,,,,,,,,,,,,,,,,,,,,,,,,,,,,,,100,0,100,0,100,0,100,0,100,0,78,22,100,0,100,0,98,4838,22,22,,,,,100,0,100,0,200,0,,,,,,,,,,,,,,,,,,,,,,,,,,,100,30551,100,48620754680,100,148539476164,,,,,,,,,,
2019-07-30,Z305D61N,ST4000DM000,4000787030016,0,116,109816752,,,91,0,100,8,100,0,87,558226760,,,66,30657,100,0,,,100,8,,,,,,,,,,,,,,,,,,,,,,,,,,,,,,,100,0,100,0,100,0,100,0,100,0,78,22,100,0,100,0,98,4838,22,22,,,,,100,0,100,0,200,0,,,,,,,,,,,,,,,,,,,,,,,,,,,100,30575,100,48642001232,100,149007317907,,,,,,,,,,
2019-07-31,Z305D61N,ST4000DM000,4000787030016,0,119,206157000,,,91,0,100,8,100,0,87,561536631,,,65,30681,100,0,,,100,8,,,,,,,,,,,,,,,,,,,,,,,,,,,,,,,100,0,100,0,100,0,100,0,100,0,78,22,100,0,100,0,98,4838,22,22,,,,,100,0,100,0,200,0,,,,,,,,,,,,,,,,,,,,,,,,,,,100,30599,100,48661233480,100,149398565597,,,,,,,,,,
2019-08-01,Z305D61N,ST4000DM000,4000787030016,0,111,32386928,,,91,0,100,8,100,0,87,565311515,,,65,30705,100,0,,,100,8,,,,,,,,,,,,,,,,,,,,,,,,,,,,,,,100,0,100,0,100,0,100,0,100,0,78,22,100,0,100,0,98,4838,22,22,,,,,100,0,100,0,200,0,,,,,,,,,,,,,,,,,,,,,,,,,,,100,30623,100,48687788136,100,149751733946,,,,,,,,,,
2019-08-02,Z305D61N,ST4000DM000,4000787030016,0,117,140498240,,,91,0,100,8,100,0,87,567815350,,,65,30728,100,0,,,100,8,,,,,,,,,,,,,,,,,,,,,,,,,,,,,,,100,0,100,0,100,0,100,0,100,0,78,22,100,0,100,0,98,4838,22,22,,,,,100,0,100,0,200,0,,,,,,,,,,,,,,,,,,,,,,,,,,,100,30647,100,48704625912,100,149956702515,,,,,,,,,,
2019-08-03,Z305D61N,ST4000DM000,4000787030016,0,118,182769520,,,91,0,100,8,100,0,87,570952076,,,65,30752,100,0,,,100,8,,,,,,,,,,,,,,,,,,,,,,,,,,,,,,,100,0,100,0,100,0,100,0,100,0,78,22,100,0,100,0,98,4838,22,22,,,,,100,0,100,0,200,0,,,,,,,,,,,,,,,,,,,,,,,,,,,100,30671,100,48725770576,100,150311554202,,,,,,,,,,
2019-08-04,Z305D61N,ST4000DM000,4000787030016,0,116,114004096,,,91,0,100,8,100,0,87,574006435,,,65,30776,100,0,,,100,8,,,,,,,,,,,,,,,,,,,,,,,,,,,,,,,100,0,100,0,100,0,100,0,100,0,78,22,100,0,100,0,98,4838,22,22,,,,,100,0,100,0,200,0,,,,,,,,,,,,,,,,,,,,,,,,,,,100,30695,100,48747650664,100,150842706763,,,,,,,,,,
2019-08-05,Z305D61N,ST4000DM000,4000787030016,0,110,28258088,,,91,0,100,8,100,0,87,577132632,,,65,30800,100,0,,,100,8,,,,,,,,,,,,,,,,,,,,,,,,,,,,,,,100,0,100,0,100,0,100,0,100,0,78,22,100,0,100,0,98,4838,22,22,,,,,100,0,100,0,200,0,,,,,,,,,,,,,,,,,,,,,,,,,,,100,30719,100,48773780280,100,151378077944,,,,,,,,,,
2019-08-06,Z305D61N,ST4000DM000,4000787030016,0,111,41794656,,,91,0,100,8,100,0,87,580566549,,,65,30824,100,0,,,100,8,,,,,,,,,,,,,,,,,,,,,,,,,,,,,,,100,0,100,0,100,0,100,0,100,0,78,22,100,0,100,0,98,4838,22,22,,,,,100,0,100,0,200,0,,,,,,,,,,,,,,,,,,,,,,,,,,,100,30743,100,48795181016,100,151795579911,,,,,,,,,,
2019-08-07,Z305D61N,ST4000DM000,4000787030016,0,119,234251360,,,91,0,100,8,100,0,87,583978423,,,65,30848,100,0,,,100,8,,,,,,,,,,,,,,,,,,,,,,,,,,,,,,,100,0,100,0,100,0,100,0,100,0,77,23,100,0,100,0,98,4838,23,23,,,,,100,0,100,0,200,0,,,,,,,,,,,,,,,,,,,,,,,,,,,100,30767,100,48829244464,100,152284132229,,,,,,,,,,
2019-08-08,Z305D61N,ST4000DM000,4000787030016,0,108,19389400,,,91,0,100,8,100,0,87,586981200,,,65,30872,100,0,,,100,8,,,,,,,,,,,,,,,,,,,,,,,,,,,,,,,100,0,100,0,100,0,100,0,100,0,78,22,100,0,100,0,98,4838,22,22,,,,,100,0,100,0,200,0,,,,,,,,,,,,,,,,,,,,,,,,,,,100,30791,100,48849166432,100,152810584143,,,,,,,,,,
2019-08-09,Z305D61N,ST4000DM000,4000787030016,0,102,4210360,,,91,0,100,8,100,0,87,589595668,,,65,30896,100,0,,,100,8,,,,,,,,,,,,,,,,,,,,,,,,,,,,,,,100,0,100,0,100,0,100,0,100,0,78,22,100,0,100,0,98,4838,22,22,,,,,100,0,100,0,200,0,,,,,,,,,,,,,,,,,,,,,,,,,,,100,30815,100,48871244552,100,153112545525,,,,,,,,,,
2019-08-10,Z305D61N,ST4000DM000,4000787030016,0,117,120522688,,,91,0,100,8,100,0,87,592554644,,,65,30920,100,0,,,100,8,,,,,,,,,,,,,,,,,,,,,,,,,,,,,,,100,0,100,0,100,0,100,0,100,0,78,22,100,0,100,0,98,4838,22,22,,,,,100,0,100,0,200,0,,,,,,,,,,,,,,,,,,,,,,,,,,,100,30839,100,48892714480,100,153686859312,,,,,,,,,,
2019-08-11,Z305D61N,ST4000DM000,4000787030016,0,117,138187616,,,91,0,100,8,100,0,87,593709730,,,65,30944,100,0,,,100,8,,,,,,,,,,,,,,,,,,,,,,,,,,,,,,,100,0,100,0,100,0,100,0,100,0,78,22,100,0,100,0,98,4838,22,22,,,,,100,0,100,0,200,0,,,,,,,,,,,,,,,,,,,,,,,,,,,100,30863,100,48919715864,100,154040136823,,,,,,,,,,
2019-08-12,Z305D61N,ST4000DM000,4000787030016,0,113,52940936,,,91,0,100,8,100,0,87,594745340,,,65,30968,100,0,,,100,8,,,,,,,,,,,,,,,,,,,,,,,,,,,,,,,100,0,100,0,100,0,100,0,100,0,78,22,100,0,100,0,98,4838,22,22,,,,,100,0,100,0,200,0,,,,,,,,,,,,,,,,,,,,,,,,,,,100,30887,100,48941830560,100,154385838330,,,,,,,,,,
2019-08-13,Z305D61N,ST4000DM000,4000787030016,0,114,65192168,,,91,0,100,8,100,0,87,597163614,,,65,30992,100,0,,,100,8,,,,,,,,,,,,,,,,,,,,,,,,,,,,,,,100,0,100,0,100,0,100,0,100,0,77,23,100,0,100,0,98,4838,23,23,,,,,100,0,100,0,200,0,,,,,,,,,,,,,,,,,,,,,,,,,,,100,30911,100,48969092464,100,154758195836,,,,,,,,,,
2019-08-14,Z305D61N,ST4000DM000,4000787030016,0,113,51096904,,,91,0,100,8,100,0,87,599755784,,,65,31016,100,0,,,100,8,,,,,,,,,,,,,,,,,,,,,,,,,,,,,,,100,0,100,0,100,0,100,0,100,0,78,22,100,0,100,0,98,4838,22,22,,,,,100,0,100,0,200,0,,,,,,,,,,,,,,,,,,,,,,,,,,,100,30935,100,48999936744,100,155088214046,,,,,,,,,,
2019-08-15,Z305D61N,ST4000DM000,4000787030016,0,113,54503440,,,91,0,100,8,100,0,87,601405933,,,65,31040,100,0,,,100,8,,,,,,,,,,,,,,,,,,,,,,,,,,,,,,,100,0,100,0,100,0,100,0,100,0,78,22,100,0,100,0,98,4838,22,22,,,,,100,0,100,0,200,0,,,,,,,,,,,,,,,,,,,,,,,,,,,100,30959,100,49025210224,100,155301264406,,,,,,,,,,
2019-08-16,Z305D61N,ST4000DM000,4000787030016,0,117,152276848,,,91,0,100,8,100,0,87,603368364,,,65,31064,100,0,,,100,8,,,,,,,,,,,,,,,,,,,,,,,,,,,,,,,100,0,100,0,100,0,100,0,100,0,78,22,100,0,100,0,98,4838,22,22,,,,,100,0,100,0,200,0,,,,,,,,,,,,,,,,,,,,,,,,,,,100,30982,100,49049130256,100,155471377464,,,,,,,,,,
2019-08-17,Z305D61N,ST4000DM000,4000787030016,0,112,43444792,,,91,0,100,8,100,0,87,604855275,,,65,31088,100,0,,,100,8,,,,,,,,,,,,,,,,,,,,,,,,,,,,,,,100,0,100,0,100,0,100,0,100,0,78,22,100,0,100,0,98,4838,22,22,,,,,100,0,100,0,200,0,,,,,,,,,,,,,,,,,,,,,,,,,,,100,31006,100,49069868128,100,155698743469,,,,,,,,,,
2019-08-18,Z305D61N,ST4000DM000,4000787030016,0,118,168452976,,,91,0,100,8,100,0,87,606326200,,,65,31112,100,0,,,100,8,,,,,,,,,,,,,,,,,,,,,,,,,,,,,,,100,0,100,0,100,0,100,0,100,0,77,23,100,0,100,0,98,4838,23,23,,,,,100,0,100,0,200,0,,,,,,,,,,,,,,,,,,,,,,,,,,,100,31030,100,49086707584,100,155906423802,,,,,,,,,,
2019-08-19,Z305D61N,ST4000DM000,4000787030016,0,117,125518608,,,91,0,100,8,100,0,87,607936534,,,65,31136,100,0,,,100,8,,,,,,,,,,,,,,,,,,,,,,,,,,,,,,,100,0,100,0,100,0,100,0,100,0,78,22,100,0,100,0,98,4838,22,22,,,,,100,0,100,0,200,0,,,,,,,,,,,,,,,,,,,,,,,,,,,100,31054,100,49105046832,100,156138673594,,,,,,,,,,
2019-08-20,Z305D61N,ST4000DM000,4000787030016,0,114,77129744,,,91,0,100,8,100,0,87,610723275,,,65,31160,100,0,,,100,8,,,,,,,,,,,,,,,,,,,,,,,,,,,,,,,100,0,100,0,100,0,100,0,100,0,77,23,100,0,100,0,98,4838,23,23,,,,,100,0,100,0,200,0,,,,,,,,,,,,,,,,,,,,,,,,,,,100,31078,100,49121106088,100,156462918464,,,,,,,,,,
2019-08-21,Z305D61N,ST4000DM000,4000787030016,0,118,200143712,,,91,0,100,8,100,0,87,613087913,,,65,31183,100,0,,,100,8,,,,,,,,,,,,,,,,,,,,,,,,,,,,,,,100,0,100,0,100,0,100,0,100,0,77,23,100,0,100,0,98,4838,23,23,,,,,100,0,100,0,200,0,,,,,,,,,,,,,,,,,,,,,,,,,,,100,31102,100,49131169200,100,156746169437,,,,,,,,,,
2019-08-22,Z305D61N,ST4000DM000,4000787030016,0,119,216975896,,,91,0,100,8,100,0,87,616071659,,,65,31207,100,0,,,100,8,,,,,,,,,,,,,,,,,,,,,,,,,,,,,,,100,0,100,0,100,0,100,0,100,0,78,22,100,0,100,0,98,4838,22,22,,,,,100,0,100,0,200,0,,,,,,,,,,,,,,,,,,,,,,,,,,,100,31126,100,49150603024,100,156926505870,,,,,,,,,,
2019-08-23,Z305D61N,ST4000DM000,4000787030016,0,119,222585312,,,91,0,100,8,100,0,87,618239658,,,65,31231,100,0,,,100,8,,,,,,,,,,,,,,,,,,,,,,,,,,,,,,,100,0,100,0,100,0,100,0,100,0,78,22,100,0,100,0,98,4838,22,22,,,,,100,0,100,0,200,0,,,,,,,,,,,,,,,,,,,,,,,,,,,100,31150,100,49159866936,100,157131588604,,,,,,,,,,
2019-08-24,Z305D61N,ST4000DM000,4000787030016,0,117,152294048,,,91,0,100,8,100,0,87,619852636,,,65,31255,100,0,,,100,8,,,,,,,,,,,,,,,,,,,,,,,,,,,,,,,100,0,100,0,100,0,100,0,100,0,78,22,100,0,100,0,98,4838,22,22,,,,,100,0,100,0,200,0,,,,,,,,,,,,,,,,,,,,,,,,,,,100,31174,100,49176901928,100,157330978888,,,,,,,,,,
2019-08-25,Z305D61N,ST4000DM000,4000787030016,0,114,72435136,,,91,0,100,8,100,0,87,621572077,,,65,31279,100,0,,,100,8,,,,,,,,,,,,,,,,,,,,,,,,,,,,,,,100,0,100,0,100,0,100,0,100,0,77,23,100,0,100,0,98,4838,23,23,,,,,100,0,100,0,200,0,,,,,,,,,,,,,,,,,,,,,,,,,,,100,31197,100,49197598888,100,157557204518,,,,,,,,,,
2019-08-26,Z305D61N,ST4000DM000,4000787030016,0,119,202987792,,,91,0,100,8,100,0,87,625308646,,,65,31327,100,0,,,100,8,,,,,,,,,,,,,,,,,,,,,,,,,,,,,,,100,0,100,0,100,0,100,0,100,0,78,22,100,0,100,0,98,4838,22,22,,,,,100,0,100,0,200,0,,,,,,,,,,,,,,,,,,,,,,,,,,,100,31245,100,49243546040,100,157870775060,,,,,,,,,,
2019-08-27,Z305D61N,ST4000DM000,4000787030016,0,119,202987792,,,91,0,100,8,100,0,87,625308646,,,65,31327,100,0,,,100,8,,,,,,,,,,,,,,,,,,,,,,,,,,,,,,,100,0,100,0,100,0,100,0,100,0,78,22,100,0,100,0,98,4838,22,22,,,,,100,0,100,0,200,0,,,,,,,,,,,,,,,,,,,,,,,,,,,100,31245,100,49243546040,100,157870775060,,,,,,,,,,
2019-08-28,Z305D61N,ST4000DM000,4000787030016,0,118,194025184,,,91,0,100,8,100,0,87,626398494,,,65,31351,100,0,,,100,8,,,,,,,,,,,,,,,,,,,,,,,,,,,,,,,100,0,100,0,100,0,100,0,100,0,77,23,100,0,100,0,98,4838,23,23,,,,,100,0,100,0,200,0,,,,,,,,,,,,,,,,,,,,,,,,,,,100,31269,100,49268464992,100,157975443490,,,,,,,,,,
2019-08-29,Z305D61N,ST4000DM000,4000787030016,0,120,241605272,,,91,0,100,8,100,0,87,628232543,,,65,31375,100,0,,,100,8,,,,,,,,,,,,,,,,,,,,,,,,,,,,,,,100,0,100,0,100,0,100,0,100,0,77,23,100,0,100,0,98,4838,23,23,,,,,100,0,100,0,200,0,,,,,,,,,,,,,,,,,,,,,,,,,,,100,31293,100,49290238856,100,158179952237,,,,,,,,,,
2019-08-30,Z305D61N,ST4000DM000,4000787030016,0,112,46968072,,,91,0,100,8,100,0,87,630618404,,,65,31399,100,0,,,100,8,,,,,,,,,,,,,,,,,,,,,,,,,,,,,,,100,0,100,0,100,0,100,0,100,0,77,23,100,0,100,0,98,4838,23,23,,,,,100,0,100,0,200,0,,,,,,,,,,,,,,,,,,,,,,,,,,,100,31317,100,49318011048,100,158279054607,,,,,,,,,,
2019-08-31,Z305D61N,ST4000DM000,4000787030016,0,108,15381104,,,91,0,100,8,100,0,87,631801422,,,65,31422,100,0,,,100,8,,,,,,,,,,,,,,,,,,,,,,,,,,,,,,,100,0,100,0,100,0,100,0,100,0,77,23,100,0,100,0,98,4838,23,23,,,,,100,0,100,0,200,0,,,,,,,,,,,,,,,,,,,,,,,,,,,100,31341,100,49347157080,100,158437046141,,,,,,,,,,
2019-09-01,Z305D61N,ST4000DM000,4000787030016,0,115,94149584,,,91,0,100,8,100,0,87,633343541,,,65,31446,100,0,,,100,8,,,,,,,,,,,,,,,,,,,,,,,,,,,,,,,100,0,100,0,100,0,100,0,100,0,78,22,100,0,100,0,98,4838,22,22,,,,,100,0,100,0,200,0,,,,,,,,,,,,,,,,,,,,,,,,,,,100,31365,100,49377733288,100,158698922900,,,,,,,,,,
2019-09-02,Z305D61N,ST4000DM000,4000787030016,0,103,5993360,,,91,0,100,8,100,0,87,634745224,,,65,31470,100,0,,,100,8,,,,,,,,,,,,,,,,,,,,,,,,,,,,,,,100,0,100,0,100,0,100,0,100,0,77,23,100,0,100,0,98,4838,23,23,,,,,100,0,100,0,200,0,,,,,,,,,,,,,,,,,,,,,,,,,,,100,31389,100,49408015760,100,158933101131,,,,,,,,,,
2019-09-03,Z305D61N,ST4000DM000,4000787030016,0,115,99664568,,,91,0,100,8,100,0,87,637212618,,,65,31494,100,0,,,100,8,,,,,,,,,,,,,,,,,,,,,,,,,,,,,,,100,0,100,0,100,0,100,0,100,0,77,23,100,0,100,0,98,4838,23,23,,,,,100,0,100,0,200,0,,,,,,,,,,,,,,,,,,,,,,,,,,,100,31413,100,49427686848,100,159192013805,,,,,,,,,,
2019-09-04,Z305D61N,ST4000DM000,4000787030016,0,114,70405416,,,91,0,100,8,100,0,87,639210181,,,65,31518,100,0,,,100,8,,,,,,,,,,,,,,,,,,,,,,,,,,,,,,,100,0,100,0,100,0,100,0,100,0,77,23,100,0,100,0,98,4838,23,23,,,,,100,0,100,0,200,0,,,,,,,,,,,,,,,,,,,,,,,,,,,100,31437,100,49452204800,100,159421052071,,,,,,,,,,
2019-09-05,Z305D61N,ST4000DM000,4000787030016,0,119,215525440,,,91,0,100,8,100,0,87,640960046,,,64,31542,100,0,,,100,8,,,,,,,,,,,,,,,,,,,,,,,,,,,,,,,100,0,100,0,100,0,100,0,100,0,78,22,100,0,100,0,98,4838,22,22,,,,,100,0,100,0,200,0,,,,,,,,,,,,,,,,,,,,,,,,,,,100,31461,100,49474626808,100,159655373964,,,,,,,,,,
2019-09-06,Z305D61N,ST4000DM000,4000787030016,0,119,204862800,,,91,0,100,8,100,0,87,643027933,,,64,31566,100,0,,,100,8,,,,,,,,,,,,,,,,,,,,,,,,,,,,,,,100,0,100,0,100,0,100,0,100,0,78,22,100,0,100,0,98,4838,22,22,,,,,100,0,100,0,200,0,,,,,,,,,,,,,,,,,,,,,,,,,,,100,31485,100,49506365032,100,159929229191,,,,,,,,,,
2019-09-07,Z305D61N,ST4000DM000,4000787030016,0,118,189763296,,,91,0,100,8,100,0,87,644881351,,,64,31590,100,0,,,100,8,,,,,,,,,,,,,,,,,,,,,,,,,,,,,,,100,0,100,0,100,0,100,0,100,0,77,23,100,0,100,0,98,4838,23,23,,,,,100,0,100,0,200,0,,,,,,,,,,,,,,,,,,,,,,,,,,,100,31509,100,49531494424,100,160198310059,,,,,,,,,,
2019-09-08,Z305D61N,ST4000DM000,4000787030016,0,117,133619768,,,91,0,100,8,100,0,87,646504716,,,64,31614,100,0,,,100,8,,,,,,,,,,,,,,,,,,,,,,,,,,,,,,,100,0,100,0,100,0,100,0,100,0,77,23,100,0,100,0,98,4838,23,23,,,,,100,0,100,0,200,0,,,,,,,,,,,,,,,,,,,,,,,,,,,100,31532,100,49557408504,100,160453676064,,,,,,,,,,
2019-09-09,Z305D61N,ST4000DM000,4000787030016,0,111,34828776,,,91,0,100,8,100,0,87,648139111,,,64,31638,100,0,,,100,8,,,,,,,,,,,,,,,,,,,,,,,,,,,,,,,100,0,100,0,100,0,100,0,100,0,77,23,100,0,100,0,98,4838,23,23,,,,,100,0,100,0,200,0,,,,,,,,,,,,,,,,,,,,,,,,,,,100,31556,100,49584184752,100,160701065934,,,,,,,,,,
2019-09-10,Z305D61N,ST4000DM000,4000787030016,0,116,115991352,,,91,0,100,8,100,0,87,650537186,,,64,31662,100,0,,,100,8,,,,,,,,,,,,,,,,,,,,,,,,,,,,,,,100,0,100,0,100,0,100,0,100,0,77,23,100,0,100,0,98,4838,23,23,,,,,100,0,100,0,200,0,,,,,,,,,,,,,,,,,,,,,,,,,,,100,31580,100,49606694024,100,160964316872,,,,,,,,,,
2019-09-11,Z305D61N,ST4000DM000,4000787030016,0,120,237118640,,,91,0,100,8,100,0,87,653544363,,,64,31686,100,0,,,100,8,,,,,,,,,,,,,,,,,,,,,,,,,,,,,,,100,0,100,0,100,0,100,0,100,0,77,23,100,0,100,0,98,4838,23,23,,,,,100,0,100,0,200,0,,,,,,,,,,,,,,,,,,,,,,,,,,,100,31604,100,49636283472,100,161303918179,,,,,,,,,,
2019-09-12,Z305D61N,ST4000DM000,4000787030016,0,114,71981792,,,91,0,100,8,100,0,87,656423297,,,64,31710,100,0,,,100,8,,,,,,,,,,,,,,,,,,,,,,,,,,,,,,,100,0,100,0,100,0,100,0,100,0,78,22,100,0,100,0,98,4838,22,22,,,,,100,0,100,0,200,0,,,,,,,,,,,,,,,,,,,,,,,,,,,100,31628,100,49664063416,100,161597193571,,,,,,,,,,
2019-09-13,Z305D61N,ST4000DM000,4000787030016,0,113,56245936,,,91,0,100,8,100,0,87,658748421,,,64,31733,100,0,,,100,8,,,,,,,,,,,,,,,,,,,,,,,,,,,,,,,100,0,100,0,100,0,100,0,100,0,77,23,100,0,100,0,98,4838,23,23,,,,,100,0,100,0,200,0,,,,,,,,,,,,,,,,,,,,,,,,,,,100,31652,100,49697352856,100,161768958167,,,,,,,,,,
2019-09-14,Z305D61N,ST4000DM000,4000787030016,0,115,97105864,,,91,0,100,8,100,0,87,659955657,,,64,31757,100,0,,,100,8,,,,,,,,,,,,,,,,,,,,,,,,,,,,,,,100,0,100,0,100,0,100,0,100,0,77,23,100,0,100,0,98,4838,23,23,,,,,100,0,100,0,200,0,,,,,,,,,,,,,,,,,,,,,,,,,,,100,31676,100,49721815056,100,162031681190,,,,,,,,,,
2019-09-15,Z305D61N,ST4000DM000,4000787030016,0,113,50352568,,,91,0,100,8,100,0,87,661100698,,,64,31781,100,0,,,100,8,,,,,,,,,,,,,,,,,,,,,,,,,,,,,,,100,0,100,0,100,0,100,0,100,0,77,23,100,0,100,0,98,4838,23,23,,,,,100,0,100,0,200,0,,,,,,,,,,,,,,,,,,,,,,,,,,,100,31700,100,49753347720,100,162358792293,,,,,,,,,,
2019-09-16,Z305D61N,ST4000DM000,4000787030016,0,120,242285360,,,91,0,100,8,100,0,87,662333673,,,64,31805,100,0,,,100,8,,,,,,,,,,,,,,,,,,,,,,,,,,,,,,,100,0,100,0,100,0,100,0,100,0,77,23,100,0,100,0,98,4838,23,23,,,,,100,0,100,0,200,0,,,,,,,,,,,,,,,,,,,,,,,,,,,100,31724,100,49778015608,100,162709622912,,,,,,,,,,
2019-09-17,Z305D61N,ST4000DM000,4000787030016,0,117,149608584,,,91,0,100,8,100,0,87,664961051,,,64,31829,100,0,,,100,8,,,,,,,,,,,,,,,,,,,,,,,,,,,,,,,100,0,100,0,100,0,100,0,100,0,77,23,100,0,100,0,98,4838,23,23,,,,,100,0,100,0,200,0,,,,,,,,,,,,,,,,,,,,,,,,,,,100,31748,100,49808551328,100,163071386227,,,,,,,,,,
2019-09-18,Z305D61N,ST4000DM000,4000787030016,0,118,171465616,,,91,0,100,8,100,0,87,667748017,,,64,31853,100,0,,,100,8,,,,,,,,,,,,,,,,,,,,,,,,,,,,,,,100,0,100,0,100,0,100,0,100,0,77,23,100,0,100,0,98,4838,23,23,,,,,100,0,100,0,200,0,,,,,,,,,,,,,,,,,,,,,,,,,,,100,31772,100,49851505024,100,163344347995,,,,,,,,,,
2019-09-19,Z305D61N,ST4000DM000,4000787030016,0,114,69003992,,,91,0,100,8,100,0,87,669407677,,,64,31877,100,0,,,100,8,,,,,,,,,,,,,,,,,,,,,,,,,,,,,,,100,0,100,0,100,0,100,0,100,0,77,23,100,0,100,0,98,4838,23,23,,,,,100,0,100,0,200,0,,,,,,,,,,,,,,,,,,,,,,,,,,,100,31796,100,49870542120,100,163573947133,,,,,,,,,,
2019-09-20,Z305D61N,ST4000DM000,4000787030016,0,115,99086400,,,91,0,100,8,100,0,88,671734306,,,64,31901,100,0,,,100,8,,,,,,,,,,,,,,,,,,,,,,,,,,,,,,,100,0,100,0,100,0,100,0,100,0,78,22,100,0,100,0,98,4838,22,22,,,,,100,0,100,0,200,0,,,,,,,,,,,,,,,,,,,,,,,,,,,100,31820,100,49930593952,100,163750457952,,,,,,,,,,
2019-09-21,Z305D61N,ST4000DM000,4000787030016,0,118,191315576,,,91,0,100,8,100,0,88,673104579,,,64,31925,100,0,,,100,8,,,,,,,,,,,,,,,,,,,,,,,,,,,,,,,100,0,100,0,100,0,100,0,100,0,77,23,100,0,100,0,98,4838,23,23,,,,,100,0,100,0,200,0,,,,,,,,,,,,,,,,,,,,,,,,,,,100,31844,100,49941362320,100,163967765176,,,,,,,,,,
2019-09-22,Z305D61N,ST4000DM000,4000787030016,0,114,81163536,,,91,0,100,8,100,0,88,674685024,,,64,31949,100,0,,,100,8,,,,,,,,,,,,,,,,,,,,,,,,,,,,,,,100,0,100,0,100,0,100,0,100,0,77,23,100,0,100,0,98,4838,23,23,,,,,100,0,100,0,200,0,,,,,,,,,,,,,,,,,,,,,,,,,,,100,31867,100,49956830800,100,164201797231,,,,,,,,,,
2019-09-23,Z305D61N,ST4000DM000,4000787030016,0,114,72563408,,,91,0,100,8,100,0,88,676202016,,,64,31973,100,0,,,100,8,,,,,,,,,,,,,,,,,,,,,,,,,,,,,,,100,0,100,0,100,0,100,0,100,0,78,22,100,0,100,0,98,4838,22,22,,,,,100,0,100,0,200,0,,,,,,,,,,,,,,,,,,,,,,,,,,,100,31891,100,49965817152,100,164437496615,,,,,,,,,,
2019-09-24,Z305D61N,ST4000DM000,4000787030016,0,111,40482320,,,91,0,100,8,100,0,88,678634662,,,64,31997,100,0,,,100,8,,,,,,,,,,,,,,,,,,,,,,,,,,,,,,,100,0,100,0,100,0,100,0,100,0,78,22,100,0,100,0,98,4838,22,22,,,,,100,0,100,0,200,0,,,,,,,,,,,,,,,,,,,,,,,,,,,100,31915,100,49986444328,100,164712858385,,,,,,,,,,
2019-09-25,Z305D61N,ST4000DM000,4000787030016,0,115,87203064,,,91,0,100,8,100,0,88,680875791,,,64,32021,100,0,,,100,8,,,,,,,,,,,,,,,,,,,,,,,,,,,,,,,100,0,100,0,100,0,100,0,100,0,78,22,100,0,100,0,98,4838,22,22,,,,,100,0,100,0,200,0,,,,,,,,,,,,,,,,,,,,,,,,,,,100,31939,100,50008480792,100,164947620069,,,,,,,,,,
2019-09-26,Z305D61N,ST4000DM000,4000787030016,0,115,89474432,,,91,0,100,8,100,0,88,682263364,,,64,32045,100,0,,,100,8,,,,,,,,,,,,,,,,,,,,,,,,,,,,,,,100,0,100,0,100,0,100,0,100,0,77,23,100,0,100,0,98,4838,23,23,,,,,100,0,100,0,200,0,,,,,,,,,,,,,,,,,,,,,,,,,,,100,31963,100,50026418128,100,165163288252,,,,,,,,,,
2019-09-27,Z305D61N,ST4000DM000,4000787030016,0,117,158931432,,,91,0,100,8,100,0,88,684516398,,,64,32069,100,0,,,100,8,,,,,,,,,,,,,,,,,,,,,,,,,,,,,,,100,0,100,0,100,0,100,0,100,0,77,23,100,0,100,0,98,4838,23,23,,,,,100,0,100,0,200,0,,,,,,,,,,,,,,,,,,,,,,,,,,,100,31988,100,50052619936,100,165289676629,,,,,,,,,,
2019-09-28,Z305D61N,ST4000DM000,4000787030016,0,117,159609792,,,91,0,100,8,100,0,88,686250950,,,64,32093,100,0,,,100,8,,,,,,,,,,,,,,,,,,,,,,,,,,,,,,,100,0,100,0,100,0,100,0,100,0,77,23,100,0,100,0,98,4838,23,23,,,,,100,0,100,0,200,0,,,,,,,,,,,,,,,,,,,,,,,,,,,100,32011,100,50090581952,100,165505462912,,,,,,,,,,
2019-09-29,Z305D61N,ST4000DM000,4000787030016,0,109,25109424,,,91,0,100,8,100,0,88,687806840,,,64,32117,100,0,,,100,8,,,,,,,,,,,,,,,,,,,,,,,,,,,,,,,100,0,100,0,100,0,100,0,100,0,77,23,100,0,100,0,98,4838,23,23,,,,,100,0,100,0,200,0,,,,,,,,,,,,,,,,,,,,,,,,,,,100,32035,100,50143625760,100,165676490301,,,,,,,,,,
2019-09-30,Z305D61N,ST4000DM000,4000787030016,0,118,195226200,,,91,0,100,8,100,0,88,688985516,,,64,32141,100,0,,,100,8,,,,,,,,,,,,,,,,,,,,,,,,,,,,,,,100,0,100,0,100,0,100,0,100,0,78,22,100,0,100,0,98,4838,22,22,,,,,100,0,100,0,200,0,,,,,,,,,,,,,,,,,,,,,,,,,,,100,32060,100,50158668640,100,165815085932,,,,,,,,,,
2019-10-01,Z305D61N,ST4000DM000,4000787030016,0,113,54290408,,,91,0,100,8,100,0,88,690989088,,,64,32165,100,0,,,100,8,,,,,,,,,,,,,,,,,,,,,,,,,,,,,,,,,100,0,100,0,100,0,100,0,100,0,77,23,100,0,100,0,98,4838,23,23,,,,,100,0,100,0,200,0,,,,,,,,,,,,,,,,,,,,,,,,,,,100,32083,100,50179077296,100,165935213742,,,,,,,,,,
2019-10-02,Z305D61N,ST4000DM000,4000787030016,0,118,177262056,,,91,0,100,8,100,0,88,693138086,,,64,32189,100,0,,,100,8,,,,,,,,,,,,,,,,,,,,,,,,,,,,,,,,,100,0,100,0,100,0,100,0,100,0,78,22,100,0,100,0,98,4838,22,22,,,,,100,0,100,0,200,0,,,,,,,,,,,,,,,,,,,,,,,,,,,100,32107,100,50204091384,100,166149111386,,,,,,,,,,
2019-10-03,Z305D61N,ST4000DM000,4000787030016,0,111,37647704,,,91,0,100,8,100,0,88,696549468,,,64,32213,100,0,,,100,8,,,,,,,,,,,,,,,,,,,,,,,,,,,,,,,,,100,0,100,0,100,0,100,0,100,0,77,23,100,0,100,0,98,4838,23,23,,,,,100,0,100,0,200,0,,,,,,,,,,,,,,,,,,,,,,,,,,,100,32131,100,50227652672,100,166387000667,,,,,,,,,,
2019-10-04,Z305D61N,ST4000DM000,4000787030016,0,116,102249704,,,91,0,100,8,100,0,88,698258717,,,64,32237,100,0,,,100,8,,,,,,,,,,,,,,,,,,,,,,,,,,,,,,,,,100,0,100,0,100,0,100,0,100,0,77,23,100,0,100,0,98,4838,23,23,,,,,100,0,100,0,200,0,,,,,,,,,,,,,,,,,,,,,,,,,,,100,32155,100,50241499840,100,166488524095,,,,,,,,,,
2019-10-05,Z305D61N,ST4000DM000,4000787030016,0,117,142204128,,,91,0,100,8,100,0,88,699446590,,,64,32261,100,0,,,100,8,,,,,,,,,,,,,,,,,,,,,,,,,,,,,,,,,100,0,100,0,100,0,100,0,100,0,77,23,100,0,100,0,98,4838,23,23,,,,,100,0,100,0,200,0,,,,,,,,,,,,,,,,,,,,,,,,,,,100,32179,100,50255069816,100,166713263894,,,,,,,,,,
2019-10-06,Z305D61N,ST4000DM000,4000787030016,0,114,77863856,,,91,0,100,8,100,0,88,700951756,,,64,32285,100,0,,,100,8,,,,,,,,,,,,,,,,,,,,,,,,,,,,,,,,,100,0,100,0,100,0,100,0,100,0,78,22,100,0,100,0,98,4838,22,22,,,,,100,0,100,0,200,0,,,,,,,,,,,,,,,,,,,,,,,,,,,100,32203,100,50298916888,100,166941909402,,,,,,,,,,
2019-10-07,Z305D61N,ST4000DM000,4000787030016,0,111,30924120,,,91,0,100,8,100,0,88,702477509,,,64,32309,100,0,,,100,8,,,,,,,,,,,,,,,,,,,,,,,,,,,,,,,,,100,0,100,0,100,0,100,0,100,0,77,23,100,0,100,0,98,4838,23,23,,,,,100,0,100,0,200,0,,,,,,,,,,,,,,,,,,,,,,,,,,,100,32227,100,50326736336,100,167200520136,,,,,,,,,,
2019-10-08,Z305D61N,ST4000DM000,4000787030016,0,117,163722136,,,91,0,100,8,100,0,88,704575186,,,64,32333,100,0,,,100,8,,,,,,,,,,,,,,,,,,,,,,,,,,,,,,,,,100,0,100,0,100,0,100,0,100,0,77,23,100,0,100,0,98,4838,23,23,,,,,100,0,100,0,200,0,,,,,,,,,,,,,,,,,,,,,,,,,,,100,32251,100,50349496680,100,167418046223,,,,,,,,,,
2019-10-09,Z305D61N,ST4000DM000,4000787030016,0,118,169032760,,,91,0,100,8,100,0,88,706780104,,,64,32357,100,0,,,100,8,,,,,,,,,,,,,,,,,,,,,,,,,,,,,,,,,100,0,100,0,100,0,100,0,100,0,78,22,100,0,100,0,98,4838,22,22,,,,,100,0,100,0,200,0,,,,,,,,,,,,,,,,,,,,,,,,,,,100,32275,100,50376052280,100,167619496368,,,,,,,,,,
2019-10-10,Z305D61N,ST4000DM000,4000787030016,0,117,138857496,,,91,0,100,8,100,0,88,708970688,,,64,32381,100,0,,,100,8,,,,,,,,,,,,,,,,,,,,,,,,,,,,,,,,,100,0,100,0,100,0,100,0,100,0,77,23,100,0,100,0,98,4838,23,23,,,,,100,0,100,0,200,0,,,,,,,,,,,,,,,,,,,,,,,,,,,100,32299,100,50403838000,100,167900954841,,,,,,,,,,
2019-10-11,Z305D61N,ST4000DM000,4000787030016,0,119,203470984,,,91,0,100,8,100,0,88,710780893,,,64,32405,100,0,,,100,8,,,,,,,,,,,,,,,,,,,,,,,,,,,,,,,,,100,0,100,0,100,0,100,0,100,0,77,23,100,0,100,0,98,4838,23,23,,,,,100,0,100,0,200,0,,,,,,,,,,,,,,,,,,,,,,,,,,,100,32323,100,50432034856,100,168154324496,,,,,,,,,,
2019-10-12,Z305D61N,ST4000DM000,4000787030016,0,118,177107288,,,91,0,100,8,100,0,88,712608193,,,63,32428,100,0,,,100,8,,,,,,,,,,,,,,,,,,,,,,,,,,,,,,,,,100,0,100,0,100,0,100,0,100,0,77,23,100,0,100,0,98,4838,23,23,,,,,100,0,100,0,200,0,,,,,,,,,,,,,,,,,,,,,,,,,,,100,32347,100,50466707032,100,168419864245,,,,,,,,,,
2019-10-13,Z305D61N,ST4000DM000,4000787030016,0,114,60858320,,,91,0,100,8,100,0,88,714121530,,,63,32452,100,0,,,100,8,,,,,,,,,,,,,,,,,,,,,,,,,,,,,,,,,100,0,100,0,100,0,100,0,100,0,77,23,100,0,100,0,98,4838,23,23,,,,,100,0,100,0,200,0,,,,,,,,,,,,,,,,,,,,,,,,,,,100,32371,100,50494959120,100,168661500572,,,,,,,,,,
2019-10-14,Z305D61N,ST4000DM000,4000787030016,0,119,216100040,,,91,0,100,8,100,0,88,714686315,,,63,32476,100,0,,,100,8,,,,,,,,,,,,,,,,,,,,,,,,,,,,,,,,,100,0,100,0,100,0,100,0,100,0,77,23,100,0,100,0,98,4838,23,23,,,,,100,0,100,0,200,0,,,,,,,,,,,,,,,,,,,,,,,,,,,100,32395,100,50505852544,100,168732888247,,,,,,,,,,
2019-10-15,Z305D61N,ST4000DM000,4000787030016,0,119,221639200,,,91,0,100,8,100,0,88,717423894,,,63,32525,100,0,,,100,8,,,,,,,,,,,,,,,,,,,,,,,,,,,,,,,,,100,0,100,0,100,0,100,0,100,0,78,22,100,0,100,0,98,4838,22,22,,,,,100,0,100,0,200,0,,,,,,,,,,,,,,,,,,,,,,,,,,,100,32443,100,50535558720,100,168951863868,,,,,,,,,,
2019-10-16,Z305D61N,ST4000DM000,4000787030016,0,119,221639200,,,91,0,100,8,100,0,88,717423894,,,63,32525,100,0,,,100,8,,,,,,,,,,,,,,,,,,,,,,,,,,,,,,,,,100,0,100,0,100,0,100,0,100,0,78,22,100,0,100,0,98,4838,22,22,,,,,100,0,100,0,200,0,,,,,,,,,,,,,,,,,,,,,,,,,,,100,32443,100,50535558720,100,168951863868,,,,,,,,,,
2019-10-17,Z305D61N,ST4000DM000,4000787030016,0,119,212535640,,,91,0,100,8,100,0,88,718490482,,,63,32549,100,0,,,100,8,,,,,,,,,,,,,,,,,,,,,,,,,,,,,,,,,100,0,100,0,100,0,100,0,100,0,77,23,100,0,100,0,98,4838,23,23,,,,,100,0,100,0,200,0,,,,,,,,,,,,,,,,,,,,,,,,,,,100,32467,100,50550304176,100,169100116875,,,,,,,,,,
2019-10-18,Z305D61N,ST4000DM000,4000787030016,0,117,149660128,,,91,0,100,8,100,0,88,720329625,,,63,32573,100,0,,,100,8,,,,,,,,,,,,,,,,,,,,,,,,,,,,,,,,,100,0,100,0,100,0,100,0,100,0,78,22,100,0,100,0,98,4838,22,22,,,,,100,0,100,0,200,0,,,,,,,,,,,,,,,,,,,,,,,,,,,100,32491,100,50567533136,100,169204743919,,,,,,,,,,
2019-10-19,Z305D61N,ST4000DM000,4000787030016,0,118,172174368,,,91,0,100,8,100,0,88,722445395,,,63,32596,100,0,,,100,8,,,,,,,,,,,,,,,,,,,,,,,,,,,,,,,,,100,0,100,0,100,0,100,0,100,0,77,23,100,0,100,0,98,4838,23,23,,,,,100,0,100,0,200,0,,,,,,,,,,,,,,,,,,,,,,,,,,,100,32515,100,50579224944,100,169362224976,,,,,,,,,,
2019-10-20,Z305D61N,ST4000DM000,4000787030016,0,118,189016736,,,91,0,100,8,100,0,88,723552954,,,63,32620,100,0,,,100,8,,,,,,,,,,,,,,,,,,,,,,,,,,,,,,,,,100,0,100,0,100,0,100,0,100,0,77,23,100,0,100,0,98,4838,23,23,,,,,100,0,100,0,200,0,,,,,,,,,,,,,,,,,,,,,,,,,,,100,32539,100,50600012896,100,169511808171,,,,,,,,,,
2019-10-21,Z305D61N,ST4000DM000,4000787030016,0,119,228138272,,,91,0,100,8,100,0,88,724660943,,,63,32644,100,0,,,100,8,,,,,,,,,,,,,,,,,,,,,,,,,,,,,,,,,100,0,100,0,100,0,100,0,100,0,78,22,100,0,100,0,98,4838,22,22,,,,,100,0,100,0,200,0,,,,,,,,,,,,,,,,,,,,,,,,,,,100,32563,100,50629759104,100,169648029488,,,,,,,,,,
2019-10-22,Z305D61N,ST4000DM000,4000787030016,0,117,153243288,,,91,0,100,8,100,0,88,726597009,,,63,32669,100,0,,,100,8,,,,,,,,,,,,,,,,,,,,,,,,,,,,,,,,,100,0,100,0,100,0,100,0,100,0,78,22,100,0,100,0,98,4838,22,22,,,,,100,0,100,0,200,0,,,,,,,,,,,,,,,,,,,,,,,,,,,100,32587,100,50658674048,100,169777750240,,,,,,,,,,
2019-10-23,Z305D61N,ST4000DM000,4000787030016,0,118,186011624,,,91,0,100,8,100,0,88,727292415,,,63,32692,100,0,,,100,8,,,,,,,,,,,,,,,,,,,,,,,,,,,,,,,,,100,0,100,0,100,0,100,0,100,0,78,22,100,0,100,0,98,4838,22,22,,,,,100,0,100,0,200,0,,,,,,,,,,,,,,,,,,,,,,,,,,,100,32611,100,50680435480,100,169867371066,,,,,,,,,,
2019-10-24,Z305D61N,ST4000DM000,4000787030016,0,115,95772712,,,91,0,100,8,100,0,88,727888124,,,63,32716,100,0,,,100,8,,,,,,,,,,,,,,,,,,,,,,,,,,,,,,,,,100,0,100,0,100,0,100,0,100,0,77,23,100,0,100,0,98,4838,23,23,,,,,100,0,100,0,200,0,,,,,,,,,,,,,,,,,,,,,,,,,,,100,32635,100,50700356896,100,169997835055,,,,,,,,,,
2019-10-25,Z305D61N,ST4000DM000,4000787030016,0,117,149943688,,,91,0,100,8,100,0,88,729531998,,,63,32740,100,0,,,100,8,,,,,,,,,,,,,,,,,,,,,,,,,,,,,,,,,100,0,100,0,100,0,100,0,100,0,78,22,100,0,100,0,98,4838,22,22,,,,,100,0,100,0,200,0,,,,,,,,,,,,,,,,,,,,,,,,,,,100,32659,100,50723115728,100,170126955198,,,,,,,,,,
2019-10-26,Z305D61N,ST4000DM000,4000787030016,0,117,144975744,,,91,0,100,8,100,0,88,730072363,,,63,32764,100,0,,,100,8,,,,,,,,,,,,,,,,,,,,,,,,,,,,,,,,,100,0,100,0,100,0,100,0,100,0,77,23,100,0,100,0,98,4838,23,23,,,,,100,0,100,0,200,0,,,,,,,,,,,,,,,,,,,,,,,,,,,100,32683,100,50740311936,100,170258001108,,,,,,,,,,
2019-10-27,Z305D61N,ST4000DM000,4000787030016,0,119,215977480,,,91,0,100,8,100,0,88,730599909,,,63,32788,100,0,,,100,8,,,,,,,,,,,,,,,,,,,,,,,,,,,,,,,,,100,0,100,0,100,0,100,0,100,0,78,22,100,0,100,0,98,4838,22,22,,,,,100,0,100,0,200,0,,,,,,,,,,,,,,,,,,,,,,,,,,,100,32707,100,50758808192,100,170363756213,,,,,,,,,,
2019-10-28,Z305D61N,ST4000DM000,4000787030016,0,113,55004328,,,91,0,100,8,100,0,88,731220249,,,63,32812,100,0,,,100,8,,,,,,,,,,,,,,,,,,,,,,,,,,,,,,,,,100,0,100,0,100,0,100,0,100,0,78,22,100,0,100,0,98,4838,22,22,,,,,100,0,100,0,200,0,,,,,,,,,,,,,,,,,,,,,,,,,,,100,32731,100,50774452592,100,170520631786,,,,,,,,,,
2019-10-29,Z305D61N,ST4000DM000,4000787030016,0,119,230148808,,,91,0,100,8,100,0,88,733091778,,,63,32836,100,0,,,100,8,,,,,,,,,,,,,,,,,,,,,,,,,,,,,,,,,100,0,100,0,100,0,100,0,100,0,77,23,100,0,100,0,98,4838,23,23,,,,,100,0,100,0,200,0,,,,,,,,,,,,,,,,,,,,,,,,,,,100,32755,100,50808139408,100,170798474904,,,,,,,,,,
2019-10-30,Z305D61N,ST4000DM000,4000787030016,0,119,220303296,,,91,0,100,8,100,0,88,735900600,,,63,32860,100,0,,,100,8,,,,,,,,,,,,,,,,,,,,,,,,,,,,,,,,,100,0,100,0,100,0,100,0,100,0,78,22,100,0,100,0,98,4838,22,22,,,,,100,0,100,0,200,0,,,,,,,,,,,,,,,,,,,,,,,,,,,100,32779,100,50822564280,100,171185569871,,,,,,,,,,
2019-10-31,Z305D61N,ST4000DM000,4000787030016,0,116,112058376,,,91,0,100,8,100,0,88,738660916,,,63,32884,100,0,,,100,8,,,,,,,,,,,,,,,,,,,,,,,,,,,,,,,,,100,0,100,0,100,0,100,0,100,0,78,22,100,0,100,0,98,4838,22,22,,,,,100,0,100,0,200,0,,,,,,,,,,,,,,,,,,,,,,,,,,,100,32803,100,50836785016,100,171352397681,,,,,,,,,,
2019-11-01,Z305D61N,ST4000DM000,4000787030016,0,115,93465720,,,91,0,100,8,100,0,88,740737578,,,63,32908,100,0,,,100,8,,,,,,,,,,,,,,,,,,,,,,,,,,,,,,,,,100,0,100,0,100,0,100,0,100,0,78,22,100,0,100,0,98,4838,22,22,,,,,100,0,100,0,200,0,,,,,,,,,,,,,,,,,,,,,,,,,,,100,32826,100,50842073672,100,171534838449,,,,,,,,,,
2019-11-02,Z305D61N,ST4000DM000,4000787030016,0,117,134797808,,,91,0,100,8,100,0,88,742221928,,,63,32932,100,0,,,100,8,,,,,,,,,,,,,,,,,,,,,,,,,,,,,,,,,100,0,100,0,100,0,100,0,100,0,78,22,100,0,100,0,98,4838,22,22,,,,,100,0,100,0,200,0,,,,,,,,,,,,,,,,,,,,,,,,,,,100,32850,100,50849339264,100,171794631915,,,,,,,,,,
2019-11-03,Z305D61N,ST4000DM000,4000787030016,0,114,81706136,,,91,0,100,8,100,0,88,743572249,,,63,32956,100,0,,,100,8,,,,,,,,,,,,,,,,,,,,,,,,,,,,,,,,,100,0,100,0,100,0,100,0,100,0,78,22,100,0,100,0,98,4838,22,22,,,,,100,0,100,0,200,0,,,,,,,,,,,,,,,,,,,,,,,,,,,100,32874,100,50858288936,100,172014267017,,,,,,,,,,
2019-11-04,Z305D61N,ST4000DM000,4000787030016,0,117,150162088,,,91,0,100,8,100,0,88,745094659,,,63,32980,100,0,,,100,8,,,,,,,,,,,,,,,,,,,,,,,,,,,,,,,,,100,0,100,0,100,0,100,0,100,0,78,22,100,0,100,0,98,4838,22,22,,,,,100,0,100,0,200,0,,,,,,,,,,,,,,,,,,,,,,,,,,,100,32898,100,50875802544,100,172244593239,,,,,,,,,,
2019-11-06,Z305D61N,ST4000DM000,4000787030016,0,119,206703448,,,91,0,100,8,100,0,88,749479907,,,63,33028,100,0,,,100,8,,,,,,,,,,,,,,,,,,,,,,,,,,,,,,,,,100,0,100,0,100,0,100,0,100,0,79,21,100,0,100,0,98,4838,21,21,,,,,100,0,100,0,200,0,,,,,,,,,,,,,,,,,,,,,,,,,,,100,32946,100,50897183200,100,172771991235,,,,,,,,,,
2019-11-07,Z305D61N,ST4000DM000,4000787030016,0,118,184634464,,,91,0,100,8,100,0,88,750926001,,,63,33052,100,0,,,100,8,,,,,,,,,,,,,,,,,,,,,,,,,,,,,,,,,100,0,100,0,100,0,100,0,100,0,77,23,100,0,100,0,98,4838,23,23,,,,,100,0,100,0,200,0,,,,,,,,,,,,,,,,,,,,,,,,,,,100,32970,100,50903027664,100,173001316463,,,,,,,,,,
2019-11-08,Z305D61N,ST4000DM000,4000787030016,0,117,157641320,,,91,0,100,8,100,0,88,752329863,,,63,33076,100,0,,,100,8,,,,,,,,,,,,,,,,,,,,,,,,,,,,,,,,,100,0,100,0,100,0,100,0,100,0,79,21,100,0,100,0,98,4838,21,21,,,,,100,0,100,0,200,0,,,,,,,,,,,,,,,,,,,,,,,,,,,100,32994,100,50910375304,100,173057415113,,,,,,,,,,
2019-11-09,Z305D61N,ST4000DM000,4000787030016,0,118,199659528,,,91,0,100,8,100,0,88,753803303,,,63,33100,100,0,,,100,8,,,,,,,,,,,,,,,,,,,,,,,,,,,,,,,,,100,0,100,0,100,0,100,0,100,0,77,23,100,0,100,0,98,4838,23,23,,,,,100,0,100,0,200,0,,,,,,,,,,,,,,,,,,,,,,,,,,,100,33018,100,50917300440,100,173252598669,,,,,,,,,,
2019-11-10,Z305D61N,ST4000DM000,4000787030016,0,111,31264184,,,91,0,100,8,100,0,88,755250606,,,63,33124,100,0,,,100,8,,,,,,,,,,,,,,,,,,,,,,,,,,,,,,,,,100,0,100,0,100,0,100,0,100,0,77,23,100,0,100,0,98,4838,23,23,,,,,100,0,100,0,200,0,,,,,,,,,,,,,,,,,,,,,,,,,,,100,33042,100,50924501600,100,173462551750,,,,,,,,,,
2019-11-11,Z305D61N,ST4000DM000,4000787030016,0,115,84629816,,,91,0,100,8,100,0,88,756432309,,,63,33148,100,0,,,100,8,,,,,,,,,,,,,,,,,,,,,,,,,,,,,,,,,100,0,100,0,100,0,100,0,100,0,78,22,100,0,100,0,98,4838,22,22,,,,,100,0,100,0,200,0,,,,,,,,,,,,,,,,,,,,,,,,,,,100,33066,100,50931775440,100,173614026233,,,,,,,,,,
2019-11-12,Z305D61N,ST4000DM000,4000787030016,0,118,184711056,,,91,0,100,8,100,0,88,758199010,,,63,33172,100,0,,,100,8,,,,,,,,,,,,,,,,,,,,,,,,,,,,,,,,,100,0,100,0,100,0,100,0,100,0,78,22,100,0,100,0,98,4838,22,22,,,,,100,0,100,0,200,0,,,,,,,,,,,,,,,,,,,,,,,,,,,100,33090,100,50938307320,100,173763955402,,,,,,,,,,
2019-11-13,Z305D61N,ST4000DM000,4000787030016,0,119,225594360,,,91,0,100,8,100,0,88,759647092,,,63,33196,100,0,,,100,8,,,,,,,,,,,,,,,,,,,,,,,,,,,,,,,,,100,0,100,0,100,0,100,0,100,0,77,23,100,0,100,0,98,4838,23,23,,,,,100,0,100,0,200,0,,,,,,,,,,,,,,,,,,,,,,,,,,,100,33114,100,50945904768,100,173885954565,,,,,,,,,,
2019-11-14,Z305D61N,ST4000DM000,4000787030016,0,115,86616904,,,91,0,100,8,100,0,88,761242130,,,63,33220,100,0,,,100,8,,,,,,,,,,,,,,,,,,,,,,,,,,,,,,,,,100,0,100,0,100,0,100,0,100,0,78,22,100,0,100,0,98,4838,22,22,,,,,100,0,100,0,200,0,,,,,,,,,,,,,,,,,,,,,,,,,,,100,33138,100,50961082872,100,174088100887,,,,,,,,,,
2019-11-15,Z305D61N,ST4000DM000,4000787030016,0,115,93622032,,,91,0,100,8,100,0,88,762938387,,,63,33243,100,0,,,100,8,,,,,,,,,,,,,,,,,,,,,,,,,,,,,,,,,100,0,100,0,100,0,100,0,100,0,78,22,100,0,100,0,98,4838,22,22,,,,,100,0,100,0,200,0,,,,,,,,,,,,,,,,,,,,,,,,,,,100,33162,100,50966261856,100,174194464990,,,,,,,,,,
2019-11-16,Z305D61N,ST4000DM000,4000787030016,0,119,229183536,,,91,0,100,8,100,0,88,763939354,,,63,33267,100,0,,,100,8,,,,,,,,,,,,,,,,,,,,,,,,,,,,,,,,,100,0,100,0,100,0,100,0,100,0,78,22,100,0,100,0,98,4838,22,22,,,,,100,0,100,0,200,0,,,,,,,,,,,,,,,,,,,,,,,,,,,100,33186,100,50971592376,100,174403079364,,,,,,,,,,
2019-11-17,Z305D61N,ST4000DM000,4000787030016,0,118,185120336,,,91,0,100,8,100,0,88,765332026,,,62,33291,100,0,,,100,8,,,,,,,,,,,,,,,,,,,,,,,,,,,,,,,,,100,0,100,0,100,0,100,0,100,0,78,22,100,0,100,0,98,4838,22,22,,,,,100,0,100,0,200,0,,,,,,,,,,,,,,,,,,,,,,,,,,,100,33210,100,50983576008,100,174653808270,,,,,,,,,,
2019-11-18,Z305D61N,ST4000DM000,4000787030016,0,117,138064368,,,91,0,100,8,100,0,88,766683910,,,62,33315,100,0,,,100,8,,,,,,,,,,,,,,,,,,,,,,,,,,,,,,,,,100,0,100,0,100,0,100,0,100,0,77,23,100,0,100,0,98,4838,23,23,,,,,100,0,100,0,200,0,,,,,,,,,,,,,,,,,,,,,,,,,,,100,33234,100,50993701376,100,174911029054,,,,,,,,,,
2019-11-19,Z305D61N,ST4000DM000,4000787030016,0,113,56464776,,,91,0,100,8,100,0,88,770315780,,,62,33339,100,0,,,100,8,,,,,,,,,,,,,,,,,,,,,,,,,,,,,,,,,100,0,100,0,100,0,100,0,100,0,77,23,100,0,100,0,98,4838,23,23,,,,,100,0,100,0,200,0,,,,,,,,,,,,,,,,,,,,,,,,,,,100,33258,100,51002475600,100,175148544907,,,,,,,,,,
2019-11-20,Z305D61N,ST4000DM000,4000787030016,0,119,220916456,,,91,0,100,8,100,0,88,772275052,,,62,33363,100,0,,,100,8,,,,,,,,,,,,,,,,,,,,,,,,,,,,,,,,,100,0,100,0,100,0,100,0,100,0,78,22,100,0,100,0,98,4838,22,22,,,,,100,0,100,0,200,0,,,,,,,,,,,,,,,,,,,,,,,,,,,100,33282,100,51010734320,100,175388079804,,,,,,,,,,
2019-11-21,Z305D61N,ST4000DM000,4000787030016,0,114,83634200,,,91,0,100,8,100,0,88,773800082,,,62,33387,100,0,,,100,8,,,,,,,,,,,,,,,,,,,,,,,,,,,,,,,,,100,0,100,0,100,0,100,0,100,0,77,23,100,0,100,0,98,4838,23,23,,,,,100,0,100,0,200,0,,,,,,,,,,,,,,,,,,,,,,,,,,,100,33305,100,51018843080,100,175645527084,,,,,,,,,,
2019-11-22,Z305D61N,ST4000DM000,4000787030016,0,117,132205808,,,91,0,100,8,100,0,88,775765382,,,62,33411,100,0,,,100,8,,,,,,,,,,,,,,,,,,,,,,,,,,,,,,,,,100,0,100,0,100,0,100,0,100,0,79,21,100,0,100,0,98,4838,21,21,,,,,100,0,100,0,200,0,,,,,,,,,,,,,,,,,,,,,,,,,,,100,33329,100,51025376096,100,175800784526,,,,,,,,,,
2019-11-23,Z305D61N,ST4000DM000,4000787030016,0,118,174083320,,,91,0,100,8,100,0,88,777297195,,,62,33435,100,0,,,100,8,,,,,,,,,,,,,,,,,,,,,,,,,,,,,,,,,100,0,100,0,100,0,100,0,100,0,78,22,100,0,100,0,98,4838,22,22,,,,,100,0,100,0,200,0,,,,,,,,,,,,,,,,,,,,,,,,,,,100,33353,100,51034888888,100,176078755109,,,,,,,,,,
2019-11-24,Z305D61N,ST4000DM000,4000787030016,0,117,136047904,,,91,0,100,8,100,0,88,778669627,,,62,33459,100,0,,,100,8,,,,,,,,,,,,,,,,,,,,,,,,,,,,,,,,,100,0,100,0,100,0,100,0,100,0,78,22,100,0,100,0,98,4838,22,22,,,,,100,0,100,0,200,0,,,,,,,,,,,,,,,,,,,,,,,,,,,100,33377,100,51050385112,100,176305402631,,,,,,,,,,
2019-11-25,Z305D61N,ST4000DM000,4000787030016,0,113,58524016,,,91,0,100,8,100,0,88,780281538,,,62,33483,100,0,,,100,8,,,,,,,,,,,,,,,,,,,,,,,,,,,,,,,,,100,0,100,0,100,0,100,0,100,0,77,23,100,0,100,0,98,4838,23,23,,,,,100,0,100,0,200,0,,,,,,,,,,,,,,,,,,,,,,,,,,,100,33401,100,51057731496,100,176610680713,,,,,,,,,,
2019-11-26,Z305D61N,ST4000DM000,4000787030016,0,118,190084576,,,91,0,100,8,100,0,88,782506782,,,62,33507,100,0,,,100,8,,,,,,,,,,,,,,,,,,,,,,,,,,,,,,,,,100,0,100,0,100,0,100,0,100,0,77,23,100,0,100,0,98,4838,23,23,,,,,100,0,100,0,200,0,,,,,,,,,,,,,,,,,,,,,,,,,,,100,33425,100,51067094928,100,176935597849,,,,,,,,,,
2019-11-27,Z305D61N,ST4000DM000,4000787030016,0,114,63561224,,,91,0,100,8,100,0,88,784042106,,,62,33531,100,0,,,100,8,,,,,,,,,,,,,,,,,,,,,,,,,,,,,,,,,100,0,100,0,100,0,100,0,100,0,77,23,100,0,100,0,98,4838,23,23,,,,,100,0,100,0,200,0,,,,,,,,,,,,,,,,,,,,,,,,,,,100,33449,100,51078726488,100,177218279042,,,,,,,,,,
2019-11-28,Z305D61N,ST4000DM000,4000787030016,0,114,64543160,,,91,0,100,8,100,0,88,784937317,,,62,33554,100,0,,,100,8,,,,,,,,,,,,,,,,,,,,,,,,,,,,,,,,,100,0,100,0,100,0,100,0,100,0,77,23,100,0,100,0,98,4838,23,23,,,,,100,0,100,0,200,0,,,,,,,,,,,,,,,,,,,,,,,,,,,100,33473,100,51093866400,100,177530190067,,,,,,,,,,
2019-11-29,Z305D61N,ST4000DM000,4000787030016,0,118,195874904,,,91,0,100,8,100,0,88,786665349,,,62,33578,100,0,,,100,8,,,,,,,,,,,,,,,,,,,,,,,,,,,,,,,,,100,0,100,0,100,0,100,0,100,0,77,23,100,0,100,0,98,4838,23,23,,,,,100,0,100,0,200,0,,,,,,,,,,,,,,,,,,,,,,,,,,,100,33497,100,51107610576,100,177774185104,,,,,,,,,,
2019-11-30,Z305D61N,ST4000DM000,4000787030016,0,118,198790752,,,91,0,100,8,100,0,88,788108402,,,62,33602,100,0,,,100,8,,,,,,,,,,,,,,,,,,,,,,,,,,,,,,,,,100,0,100,0,100,0,100,0,100,0,77,23,100,0,100,0,98,4838,23,23,,,,,100,0,100,0,200,0,,,,,,,,,,,,,,,,,,,,,,,,,,,100,33521,100,51118050136,100,178114775014,,,,,,,,,,
2019-12-01,Z305D61N,ST4000DM000,4000787030016,0,119,202532200,,,91,0,100,8,100,0,88,790046005,,,62,33626,100,0,,,100,8,,,,,,,,,,,,,,,,,,,,,,,,,,,,,,,,,100,0,100,0,100,0,100,0,100,0,77,23,100,0,100,0,98,4838,23,23,,,,,100,0,100,0,200,0,,,,,,,,,,,,,,,,,,,,,,,,,,,100,33544,100,51127804264,100,178416714870,,,,,,,,,,
2019-12-02,Z305D61N,ST4000DM000,4000787030016,0,116,109002048,,,91,0,100,8,100,0,88,791540595,,,62,33650,100,0,,,100,8,,,,,,,,,,,,,,,,,,,,,,,,,,,,,,,,,100,0,100,0,100,0,100,0,100,0,77,23,100,0,100,0,98,4838,23,23,,,,,100,0,100,0,200,0,,,,,,,,,,,,,,,,,,,,,,,,,,,100,33568,100,51141344536,100,178668995045,,,,,,,,,,
2019-12-03,Z305D61N,ST4000DM000,4000787030016,0,114,83047256,,,91,0,100,8,100,0,88,793299226,,,62,33674,100,0,,,100,8,,,,,,,,,,,,,,,,,,,,,,,,,,,,,,,,,100,0,100,0,100,0,100,0,100,0,77,23,100,0,100,0,98,4838,23,23,,,,,100,0,100,0,200,0,,,,,,,,,,,,,,,,,,,,,,,,,,,100,33592,100,51149954384,100,178890245661,,,,,,,,,,
2019-12-04,Z305D61N,ST4000DM000,4000787030016,0,119,226891512,,,91,0,100,8,100,0,88,795544315,,,62,33698,100,0,,,100,8,,,,,,,,,,,,,,,,,,,,,,,,,,,,,,,,,100,0,100,0,100,0,100,0,100,0,78,22,100,0,100,0,98,4838,22,22,,,,,100,0,100,0,200,0,,,,,,,,,,,,,,,,,,,,,,,,,,,100,33616,100,51159312648,100,179122479155,,,,,,,,,,
2019-12-05,Z305D61N,ST4000DM000,4000787030016,0,117,136688168,,,91,0,100,8,100,0,88,798372279,,,62,33722,100,0,,,100,8,,,,,,,,,,,,,,,,,,,,,,,,,,,,,,,,,100,0,100,0,100,0,100,0,100,0,77,23,100,0,100,0,98,4838,23,23,,,,,100,0,100,0,200,0,,,,,,,,,,,,,,,,,,,,,,,,,,,100,33640,100,51169932176,100,179375895011,,,,,,,,,,
2019-12-06,Z305D61N,ST4000DM000,4000787030016,0,117,155676696,,,91,0,100,8,100,0,88,800554713,,,62,33746,100,0,,,100,8,,,,,,,,,,,,,,,,,,,,,,,,,,,,,,,,,100,0,100,0,100,0,100,0,100,0,77,23,100,0,100,0,98,4838,23,23,,,,,100,0,100,0,200,0,,,,,,,,,,,,,,,,,,,,,,,,,,,100,33664,100,51181686360,100,179578055181,,,,,,,,,,
2019-12-07,Z305D61N,ST4000DM000,4000787030016,0,114,73239472,,,91,0,100,8,100,0,88,802210875,,,62,33770,100,0,,,100,8,,,,,,,,,,,,,,,,,,,,,,,,,,,,,,,,,100,0,100,0,100,0,100,0,100,0,77,23,100,0,100,0,98,4838,23,23,,,,,100,0,100,0,200,0,,,,,,,,,,,,,,,,,,,,,,,,,,,100,33688,100,51196409512,100,179819055446,,,,,,,,,,
2019-12-08,Z305D61N,ST4000DM000,4000787030016,0,102,4450920,,,91,0,100,8,100,0,88,803314217,,,62,33794,100,0,,,100,8,,,,,,,,,,,,,,,,,,,,,,,,,,,,,,,,,100,0,100,0,100,0,100,0,100,0,77,23,100,0,100,0,98,4838,23,23,,,,,100,0,100,0,200,0,,,,,,,,,,,,,,,,,,,,,,,,,,,100,33712,100,51215171288,100,179977313196,,,,,,,,,,
2019-12-09,Z305D61N,ST4000DM000,4000787030016,0,111,35303032,,,91,0,100,8,100,0,88,804869348,,,62,33818,100,0,,,100,8,,,,,,,,,,,,,,,,,,,,,,,,,,,,,,,,,100,0,100,0,100,0,100,0,100,0,77,23,100,0,100,0,98,4838,23,23,,,,,100,0,100,0,200,0,,,,,,,,,,,,,,,,,,,,,,,,,,,100,33736,100,51229506280,100,180169378549,,,,,,,,,,
2019-12-10,Z305D61N,ST4000DM000,4000787030016,0,119,219192424,,,91,0,100,8,100,0,89,806820941,,,62,33842,100,0,,,100,8,,,,,,,,,,,,,,,,,,,,,,,,,,,,,,,,,100,0,100,0,100,0,100,0,100,0,78,22,100,0,100,0,98,4838,22,22,,,,,100,0,100,0,200,0,,,,,,,,,,,,,,,,,,,,,,,,,,,100,33760,100,51249638968,100,180388302275,,,,,,,,,,
2019-12-11,Z305D61N,ST4000DM000,4000787030016,0,102,4463360,,,91,0,100,8,100,0,89,808656923,,,62,33866,100,0,,,100,8,,,,,,,,,,,,,,,,,,,,,,,,,,,,,,,,,100,0,100,0,100,0,100,0,100,0,77,23,100,0,100,0,98,4838,23,23,,,,,100,0,100,0,200,0,,,,,,,,,,,,,,,,,,,,,,,,,,,100,33784,100,51266121600,100,180538047436,,,,,,,,,,
2019-12-12,Z305D61N,ST4000DM000,4000787030016,0,116,103167080,,,91,0,100,8,100,0,89,809813280,,,62,33890,100,0,,,100,8,,,,,,,,,,,,,,,,,,,,,,,,,,,,,,,,,100,0,100,0,100,0,100,0,100,0,78,22,100,0,100,0,98,4838,22,22,,,,,100,0,100,0,200,0,,,,,,,,,,,,,,,,,,,,,,,,,,,100,33808,100,51282429296,100,180724258954,,,,,,,,,,
2019-12-13,Z305D61N,ST4000DM000,4000787030016,0,112,48733968,,,91,0,100,8,100,0,89,811505037,,,62,33914,100,0,,,100,8,,,,,,,,,,,,,,,,,,,,,,,,,,,,,,,,,100,0,100,0,100,0,100,0,100,0,77,23,100,0,100,0,98,4838,23,23,,,,,100,0,100,0,200,0,,,,,,,,,,,,,,,,,,,,,,,,,,,100,33832,100,51296302464,100,180795238120,,,,,,,,,,
2019-12-14,Z305D61N,ST4000DM000,4000787030016,0,115,97683312,,,91,0,100,8,100,0,89,812744568,,,62,33938,100,0,,,100,8,,,,,,,,,,,,,,,,,,,,,,,,,,,,,,,,,100,0,100,0,100,0,100,0,100,0,77,23,100,0,100,0,98,4838,23,23,,,,,100,0,100,0,200,0,,,,,,,,,,,,,,,,,,,,,,,,,,,100,33856,100,51314497496,100,180961022271,,,,,,,,,,
2019-12-15,Z305D61N,ST4000DM000,4000787030016,0,118,190005872,,,91,0,100,8,100,0,89,814578839,,,62,33962,100,0,,,100,8,,,,,,,,,,,,,,,,,,,,,,,,,,,,,,,,,100,0,100,0,100,0,100,0,100,0,77,23,100,0,100,0,98,4838,23,23,,,,,100,0,100,0,200,0,,,,,,,,,,,,,,,,,,,,,,,,,,,100,33880,100,51333307168,100,181118977517,,,,,,,,,,
2019-12-16,Z305D61N,ST4000DM000,4000787030016,0,116,110147496,,,91,0,100,8,100,0,89,815478137,,,62,33986,100,0,,,100,8,,,,,,,,,,,,,,,,,,,,,,,,,,,,,,,,,100,0,100,0,100,0,100,0,100,0,77,23,100,0,100,0,98,4838,23,23,,,,,100,0,100,0,200,0,,,,,,,,,,,,,,,,,,,,,,,,,,,100,33904,100,51344992944,100,181296358152,,,,,,,,,,
2019-12-17,Z305D61N,ST4000DM000,4000787030016,0,119,215827088,,,91,0,100,8,100,0,89,817581278,,,62,34010,100,0,,,100,8,,,,,,,,,,,,,,,,,,,,,,,,,,,,,,,,,100,0,100,0,100,0,100,0,100,0,77,23,100,0,100,0,98,4838,23,23,,,,,100,0,100,0,200,0,,,,,,,,,,,,,,,,,,,,,,,,,,,100,33928,100,51355958728,100,181567267985,,,,,,,,,,
2019-12-18,Z305D61N,ST4000DM000,4000787030016,0,116,104230280,,,91,0,100,8,100,0,89,819404092,,,62,34034,100,0,,,100,8,,,,,,,,,,,,,,,,,,,,,,,,,,,,,,,,,100,0,100,0,100,0,100,0,100,0,78,22,100,0,100,0,98,4838,22,22,,,,,100,0,100,0,200,0,,,,,,,,,,,,,,,,,,,,,,,,,,,100,33952,100,51366166368,100,181830581762,,,,,,,,,,
2019-12-19,Z305D61N,ST4000DM000,4000787030016,0,100,2952184,,,91,0,100,8,100,0,89,820610616,,,62,34057,100,0,,,100,8,,,,,,,,,,,,,,,,,,,,,,,,,,,,,,,,,100,0,100,0,100,0,100,0,100,0,77,23,100,0,100,0,98,4838,23,23,,,,,100,0,100,0,200,0,,,,,,,,,,,,,,,,,,,,,,,,,,,100,33976,100,51379601736,100,182052668428,,,,,,,,,,
2019-12-20,Z305D61N,ST4000DM000,4000787030016,0,111,36479464,,,91,0,100,8,100,0,89,823557056,,,62,34081,100,0,,,100,8,,,,,,,,,,,,,,,,,,,,,,,,,,,,,,,,,100,0,100,0,100,0,100,0,100,0,78,22,100,0,100,0,98,4838,22,22,,,,,100,0,100,0,200,0,,,,,,,,,,,,,,,,,,,,,,,,,,,100,34000,100,51395496488,100,182236334013,,,,,,,,,,
2019-12-21,Z305D61N,ST4000DM000,4000787030016,0,113,57500728,,,91,0,100,8,100,0,89,825047449,,,62,34105,100,0,,,100,8,,,,,,,,,,,,,,,,,,,,,,,,,,,,,,,,,100,0,100,0,100,0,100,0,100,0,77,23,100,0,100,0,98,4838,23,23,,,,,100,0,100,0,200,0,,,,,,,,,,,,,,,,,,,,,,,,,,,100,34024,100,51407743728,100,182457973917,,,,,,,,,,
2019-12-22,Z305D61N,ST4000DM000,4000787030016,0,120,239765760,,,91,0,100,8,100,0,89,826830303,,,62,34129,100,0,,,100,8,,,,,,,,,,,,,,,,,,,,,,,,,,,,,,,,,100,0,100,0,100,0,100,0,100,0,77,23,100,0,100,0,98,4838,23,23,,,,,100,0,100,0,200,0,,,,,,,,,,,,,,,,,,,,,,,,,,,100,34048,100,51423542096,100,182740858590,,,,,,,,,,
2019-12-23,Z305D61N,ST4000DM000,4000787030016,0,117,152944616,,,91,0,100,8,100,0,89,828382423,,,62,34153,100,0,,,100,8,,,,,,,,,,,,,,,,,,,,,,,,,,,,,,,,,100,0,100,0,100,0,100,0,100,0,77,23,100,0,100,0,98,4838,23,23,,,,,100,0,100,0,200,0,,,,,,,,,,,,,,,,,,,,,,,,,,,100,34072,100,51440362920,100,183020467761,,,,,,,,,,
2019-12-24,Z305D61N,ST4000DM000,4000787030016,0,118,169263984,,,91,0,100,8,100,0,89,830325717,,,61,34177,100,0,,,100,8,,,,,,,,,,,,,,,,,,,,,,,,,,,,,,,,,100,0,100,0,100,0,100,0,100,0,77,23,100,0,100,0,98,4838,23,23,,,,,100,0,100,0,200,0,,,,,,,,,,,,,,,,,,,,,,,,,,,100,34096,100,51455044416,100,183256679588,,,,,,,,,,
2019-12-25,Z305D61N,ST4000DM000,4000787030016,0,118,199866016,,,91,0,100,8,100,0,89,832698386,,,61,34201,100,0,,,100,8,,,,,,,,,,,,,,,,,,,,,,,,,,,,,,,,,100,0,100,0,100,0,100,0,100,0,78,22,100,0,100,0,98,4838,22,22,,,,,100,0,100,0,200,0,,,,,,,,,,,,,,,,,,,,,,,,,,,100,34120,100,51470574032,100,183580569003,,,,,,,,,,
2019-12-26,Z305D61N,ST4000DM000,4000787030016,0,119,217133728,,,91,0,100,8,100,0,89,834390852,,,61,34225,100,0,,,100,8,,,,,,,,,,,,,,,,,,,,,,,,,,,,,,,,,100,0,100,0,100,0,100,0,100,0,78,22,100,0,100,0,98,4838,22,22,,,,,100,0,100,0,200,0,,,,,,,,,,,,,,,,,,,,,,,,,,,100,34144,100,51487832248,100,183888560178,,,,,,,,,,
2019-12-27,Z305D61N,ST4000DM000,4000787030016,0,110,25330328,,,91,0,100,8,100,0,89,836074007,,,61,34249,100,0,,,100,8,,,,,,,,,,,,,,,,,,,,,,,,,,,,,,,,,100,0,100,0,100,0,100,0,100,0,77,23,100,0,100,0,98,4838,23,23,,,,,100,0,100,0,200,0,,,,,,,,,,,,,,,,,,,,,,,,,,,100,34168,100,51499634616,100,183998517734,,,,,,,,,,
2019-12-28,Z305D61N,ST4000DM000,4000787030016,0,111,30562160,,,91,0,100,8,100,0,89,837063608,,,61,34273,100,0,,,100,8,,,,,,,,,,,,,,,,,,,,,,,,,,,,,,,,,100,0,100,0,100,0,100,0,100,0,77,23,100,0,100,0,98,4838,23,23,,,,,100,0,100,0,200,0,,,,,,,,,,,,,,,,,,,,,,,,,,,100,34192,100,51516398832,100,184344361508,,,,,,,,,,
2019-12-29,Z305D61N,ST4000DM000,4000787030016,0,108,19356472,,,91,0,100,8,100,0,89,837984408,,,61,34297,100,0,,,100,8,,,,,,,,,,,,,,,,,,,,,,,,,,,,,,,,,100,0,100,0,100,0,100,0,100,0,77,23,100,0,100,0,98,4838,23,23,,,,,100,0,100,0,200,0,,,,,,,,,,,,,,,,,,,,,,,,,,,100,34216,100,51529048352,100,184689139009,,,,,,,,,,
2019-12-30,Z305D61N,ST4000DM000,4000787030016,0,119,234550040,,,91,0,100,8,100,0,89,839535466,,,61,34321,100,0,,,100,8,,,,,,,,,,,,,,,,,,,,,,,,,,,,,,,,,100,0,100,0,100,0,100,0,100,0,78,22,100,0,100,0,98,4838,22,22,,,,,100,0,100,0,200,0,,,,,,,,,,,,,,,,,,,,,,,,,,,100,34240,100,51540257328,100,185024556870,,,,,,,,,,
2019-12-31,Z305D61N,ST4000DM000,4000787030016,0,119,832800,,,91,0,100,8,100,0,89,843740657,,,61,34345,100,0,,,100,8,,,,,,,,,,,,,,,,,,,,,,,,,,,,,,,,,100,0,100,0,100,0,100,0,100,0,77,23,100,0,100,0,98,4838,23,23,,,,,100,0,100,0,200,0,,,,,,,,,,,,,,,,,,,,,,,,,,,100,34264,100,51557363680,100,185348506628,,,,,,,,,,
