2019-01-01,Z305GVWB,ST4000DM000,4000787030016,0,113,55702024,,,92,0,100,8,100,0,82,168019121,,,72,25182,100,0,,,100,8,,,,,,,,,,,,,,,,,,,,,,,,,,,,,,,100,0,100,0,100,0,100,0,100,0,71,29,100,0,100,0,99,3615,29,29,,,,,100,0,100,0,200,0,,,,,,,,,,,,,,,,,,,,,,,,,,,100,25156,100,41367099648,100,121183644892,,,,,,,,,,
2019-01-02,Z305GVWB,ST4000DM000,4000787030016,0,114,76241560,,,92,0,100,8,100,0,82,169743202,,,72,25206,100,0,,,100,8,,,,,,,,,,,,,,,,,,,,,,,,,,,,,,,100,0,100,0,100,0,100,0,100,0,71,29,100,0,100,0,99,3615,29,29,,,,,100,0,100,0,200,0,,,,,,,,,,,,,,,,,,,,,,,,,,,100,25181,100,41371798048,100,121403844188,,,,,,,,,,
2019-01-03,Z305GVWB,ST4000DM000,4000787030016,0,118,201232256,,,92,0,100,8,100,0,82,170946524,,,72,25230,100,0,,,100,8,,,,,,,,,,,,,,,,,,,,,,,,,,,,,,,100,0,100,0,100,0,100,0,100,0,66,34,100,0,100,0,99,3615,34,34,,,,,100,0,100,0,200,0,,,,,,,,,,,,,,,,,,,,,,,,,,,100,25204,100,41373674224,100,121563989010,,,,,,,,,,
2019-01-04,Z305GVWB,ST4000DM000,4000787030016,0,114,59318224,,,92,0,100,8,100,0,82,172947300,,,72,25254,100,0,,,100,8,,,,,,,,,,,,,,,,,,,,,,,,,,,,,,,100,0,100,0,100,0,100,0,100,0,69,31,100,0,100,0,99,3615,31,31,,,,,100,0,100,0,200,0,,,,,,,,,,,,,,,,,,,,,,,,,,,100,25228,100,41379056768,100,121765718738,,,,,,,,,,
2019-01-05,Z305GVWB,ST4000DM000,4000787030016,0,114,78190384,,,92,0,100,8,100,0,82,174143449,,,72,25278,100,0,,,100,8,,,,,,,,,,,,,,,,,,,,,,,,,,,,,,,100,0,100,0,100,0,100,0,100,0,69,31,100,0,100,0,99,3615,31,31,,,,,100,0,100,0,200,0,,,,,,,,,,,,,,,,,,,,,,,,,,,100,25253,100,41381565464,100,121933618892,,,,,,,,,,
2019-01-06,Z305GVWB,ST4000DM000,4000787030016,0,116,108276048,,,92,0,100,8,100,0,82,174868348,,,72,25302,100,0,,,100,8,,,,,,,,,,,,,,,,,,,,,,,,,,,,,,,100,0,100,0,100,0,100,0,100,0,68,32,100,0,100,0,99,3615,32,32,,,,,100,0,100,0,200,0,,,,,,,,,,,,,,,,,,,,,,,,,,,100,25276,100,41383348464,100,122088705637,,,,,,,,,,
2019-01-07,Z305GVWB,ST4000DM000,4000787030016,0,117,120624128,,,92,0,100,8,100,0,82,175839794,,,72,25326,100,0,,,100,8,,,,,,,,,,,,,,,,,,,,,,,,,,,,,,,100,0,100,0,100,0,100,0,100,0,70,30,100,0,100,0,99,3615,30,30,,,,,100,0,100,0,200,0,,,,,,,,,,,,,,,,,,,,,,,,,,,100,25300,100,41386170704,100,122263715933,,,,,,,,,,
2019-01-08,Z305GVWB,ST4000DM000,4000787030016,0,120,240074472,,,92,0,100,8,100,0,82,176504233,,,72,25350,100,0,,,100,8,,,,,,,,,,,,,,,,,,,,,,,,,,,,,,,100,0,100,0,100,0,100,0,100,0,71,29,100,0,100,0,99,3615,29,29,,,,,100,0,100,0,200,0,,,,,,,,,,,,,,,,,,,,,,,,,,,100,25324,100,41388884328,100,122351657815,,,,,,,,,,
2019-01-09,Z305GVWB,ST4000DM000,4000787030016,0,119,232518176,,,92,0,100,8,100,0,82,178236886,,,72,25374,100,0,,,100,8,,,,,,,,,,,,,,,,,,,,,,,,,,,,,,,100,0,100,0,100,0,100,0,100,0,71,29,100,0,100,0,99,3615,29,29,,,,,100,0,100,0,200,0,,,,,,,,,,,,,,,,,,,,,,,,,,,100,25348,100,41393485952,100,122539534062,,,,,,,,,,
2019-01-10,Z305GVWB,ST4000DM000,4000787030016,0,118,172451512,,,92,0,100,8,100,0,82,178819363,,,72,25394,100,0,,,100,8,,,,,,,,,,,,,,,,,,,,,,,,,,,,,,,100,0,100,0,100,0,100,0,100,0,71,29,100,0,100,0,99,3615,29,29,,,,,100,0,100,0,200,0,,,,,,,,,,,,,,,,,,,,,,,,,,,100,25368,100,41394874992,100,122670754899,,,,,,,,,,
2019-01-11,Z305GVWB,ST4000DM000,4000787030016,0,115,84010912,,,92,0,100,8,100,0,82,179994332,,,71,25415,100,0,,,100,8,,,,,,,,,,,,,,,,,,,,,,,,,,,,,,,100,0,100,0,100,0,100,0,100,0,71,29,100,0,100,0,99,3615,29,29,,,,,100,0,100,0,200,0,,,,,,,,,,,,,,,,,,,,,,,,,,,100,25389,100,41398701048,100,122783695052,,,,,,,,,,
2019-01-12,Z305GVWB,ST4000DM000,4000787030016,0,119,1779792,,,92,0,100,8,100,0,82,181154544,,,71,25439,100,0,,,100,8,,,,,,,,,,,,,,,,,,,,,,,,,,,,,,,100,0,100,0,100,0,100,0,100,0,71,29,100,0,100,0,99,3615,29,29,,,,,100,0,100,0,200,0,,,,,,,,,,,,,,,,,,,,,,,,,,,100,25413,100,41400710568,100,122911618575,,,,,,,,,,
2019-01-13,Z305GVWB,ST4000DM000,4000787030016,0,118,178291416,,,92,0,100,8,100,0,82,181960212,,,71,25463,100,0,,,100,8,,,,,,,,,,,,,,,,,,,,,,,,,,,,,,,100,0,100,0,100,0,100,0,100,0,71,29,100,0,100,0,99,3615,29,29,,,,,100,0,100,0,200,0,,,,,,,,,,,,,,,,,,,,,,,,,,,100,25437,100,41403230368,100,123053428428,,,,,,,,,,
2019-01-14,Z305GVWB,ST4000DM000,4000787030016,0,115,89018880,,,92,0,100,8,100,0,82,182686123,,,71,25487,100,0,,,100,8,,,,,,,,,,,,,,,,,,,,,,,,,,,,,,,100,0,100,0,100,0,100,0,100,0,71,29,100,0,100,0,99,3615,29,29,,,,,100,0,100,0,200,0,,,,,,,,,,,,,,,,,,,,,,,,,,,100,25461,100,41405070128,100,123199861987,,,,,,,,,,
2019-01-15,Z305GVWB,ST4000DM000,4000787030016,0,117,163789512,,,92,0,100,8,100,0,82,183449651,,,71,25511,100,0,,,100,8,,,,,,,,,,,,,,,,,,,,,,,,,,,,,,,100,0,100,0,100,0,100,0,100,0,71,29,100,0,100,0,99,3615,29,29,,,,,100,0,100,0,200,0,,,,,,,,,,,,,,,,,,,,,,,,,,,100,25485,100,41407963688,100,123357218825,,,,,,,,,,
2019-01-16,Z305GVWB,ST4000DM000,4000787030016,0,118,191446864,,,92,0,100,8,100,0,82,184463302,,,71,25534,100,0,,,100,8,,,,,,,,,,,,,,,,,,,,,,,,,,,,,,,100,0,100,0,100,0,100,0,100,0,70,30,100,0,100,0,99,3615,30,30,,,,,100,0,100,0,200,0,,,,,,,,,,,,,,,,,,,,,,,,,,,100,25509,100,41410663648,100,123514810072,,,,,,,,,,
2019-01-17,Z305GVWB,ST4000DM000,4000787030016,0,108,19090888,,,92,0,100,8,100,0,82,185622554,,,71,25558,100,0,,,100,8,,,,,,,,,,,,,,,,,,,,,,,,,,,,,,,100,0,100,0,100,0,100,0,100,0,71,29,100,0,100,0,99,3615,29,29,,,,,100,0,100,0,200,0,,,,,,,,,,,,,,,,,,,,,,,,,,,100,25532,100,41413779064,100,123667488989,,,,,,,,,,
2019-01-18,Z305GVWB,ST4000DM000,4000787030016,0,119,210106064,,,92,0,100,8,100,0,82,187238868,,,71,25581,100,0,,,100,8,,,,,,,,,,,,,,,,,,,,,,,,,,,,,,,100,0,100,0,100,0,100,0,100,0,71,29,100,0,100,0,99,3615,29,29,,,,,100,0,100,0,200,0,,,,,,,,,,,,,,,,,,,,,,,,,,,100,25556,100,41417805944,100,123819468713,,,,,,,,,,
2019-01-19,Z305GVWB,ST4000DM000,4000787030016,0,105,9502640,,,92,0,100,8,100,0,82,188523926,,,71,25605,100,0,,,100,8,,,,,,,,,,,,,,,,,,,,,,,,,,,,,,,100,0,100,0,100,0,100,0,100,0,71,29,100,0,100,0,99,3615,29,29,,,,,100,0,100,0,200,0,,,,,,,,,,,,,,,,,,,,,,,,,,,100,25579,100,41421484024,100,123937362852,,,,,,,,,,
2019-01-20,Z305GVWB,ST4000DM000,4000787030016,0,112,44157112,,,92,0,100,8,100,0,82,189688066,,,71,25629,100,0,,,100,8,,,,,,,,,,,,,,,,,,,,,,,,,,,,,,,100,0,100,0,100,0,100,0,100,0,72,28,100,0,100,0,99,3615,28,28,,,,,100,0,100,0,200,0,,,,,,,,,,,,,,,,,,,,,,,,,,,100,25603,100,41423221360,100,124074023603,,,,,,,,,,
2019-01-21,Z305GVWB,ST4000DM000,4000787030016,0,119,228046224,,,92,0,100,8,100,0,82,190313621,,,71,25653,100,0,,,100,8,,,,,,,,,,,,,,,,,,,,,,,,,,,,,,,100,0,100,0,100,0,100,0,100,0,71,29,100,0,100,0,99,3615,29,29,,,,,100,0,100,0,200,0,,,,,,,,,,,,,,,,,,,,,,,,,,,100,25627,100,41425324712,100,124162336817,,,,,,,,,,
2019-01-22,Z305GVWB,ST4000DM000,4000787030016,0,116,106863528,,,92,0,100,8,100,0,82,191395062,,,71,25676,100,0,,,100,8,,,,,,,,,,,,,,,,,,,,,,,,,,,,,,,100,0,100,0,100,0,100,0,100,0,69,31,100,0,100,0,99,3615,31,31,,,,,100,0,100,0,200,0,,,,,,,,,,,,,,,,,,,,,,,,,,,100,25651,100,41427192552,100,124317972437,,,,,,,,,,
2019-01-23,Z305GVWB,ST4000DM000,4000787030016,0,117,148596872,,,92,0,100,8,100,0,82,193102076,,,71,25712,100,0,,,100,8,,,,,,,,,,,,,,,,,,,,,,,,,,,,,,,100,0,100,0,100,0,100,0,100,0,70,30,100,0,100,0,99,3615,30,30,,,,,100,0,100,0,200,0,,,,,,,,,,,,,,,,,,,,,,,,,,,100,25686,100,41431978712,100,124562471281,,,,,,,,,,
2019-01-24,Z305GVWB,ST4000DM000,4000787030016,0,118,184531688,,,92,0,100,8,100,0,82,194388288,,,71,25735,100,0,,,100,8,,,,,,,,,,,,,,,,,,,,,,,,,,,,,,,100,0,100,0,100,0,100,0,100,0,70,30,100,0,100,0,99,3615,30,30,,,,,100,0,100,0,200,0,,,,,,,,,,,,,,,,,,,,,,,,,,,100,25709,100,41433792840,100,124694318762,,,,,,,,,,
2019-01-25,Z305GVWB,ST4000DM000,4000787030016,0,119,217883840,,,92,0,100,8,100,0,82,194930024,,,71,25759,100,0,,,100,8,,,,,,,,,,,,,,,,,,,,,,,,,,,,,,,100,0,100,0,100,0,100,0,100,0,70,30,100,0,100,0,99,3615,30,30,,,,,100,0,100,0,200,0,,,,,,,,,,,,,,,,,,,,,,,,,,,100,25733,100,41435558768,100,124811551993,,,,,,,,,,
2019-01-26,Z305GVWB,ST4000DM000,4000787030016,0,118,193608112,,,92,0,100,8,100,0,82,195764950,,,71,25782,100,0,,,100,8,,,,,,,,,,,,,,,,,,,,,,,,,,,,,,,100,0,100,0,100,0,100,0,100,0,71,29,100,0,100,0,99,3615,29,29,,,,,100,0,100,0,200,0,,,,,,,,,,,,,,,,,,,,,,,,,,,100,25756,100,41439047016,100,124896564675,,,,,,,,,,
2019-01-27,Z305GVWB,ST4000DM000,4000787030016,0,118,174395224,,,92,0,100,8,100,0,82,196183390,,,71,25806,100,0,,,100,8,,,,,,,,,,,,,,,,,,,,,,,,,,,,,,,100,0,100,0,100,0,100,0,100,0,71,29,100,0,100,0,99,3615,29,29,,,,,100,0,100,0,200,0,,,,,,,,,,,,,,,,,,,,,,,,,,,100,25780,100,41442599952,100,125013797504,,,,,,,,,,
2019-01-28,Z305GVWB,ST4000DM000,4000787030016,0,114,72348008,,,92,0,100,8,100,0,82,196614442,,,71,25829,100,0,,,100,8,,,,,,,,,,,,,,,,,,,,,,,,,,,,,,,100,0,100,0,100,0,100,0,100,0,71,29,100,0,100,0,99,3615,29,29,,,,,100,0,100,0,200,0,,,,,,,,,,,,,,,,,,,,,,,,,,,100,25804,100,41445114192,100,125175649566,,,,,,,,,,
2019-01-29,Z305GVWB,ST4000DM000,4000787030016,0,114,59883632,,,92,0,100,8,100,0,82,196993642,,,71,25853,100,0,,,100,8,,,,,,,,,,,,,,,,,,,,,,,,,,,,,,,100,0,100,0,100,0,100,0,100,0,71,29,100,0,100,0,99,3615,29,29,,,,,100,0,100,0,200,0,,,,,,,,,,,,,,,,,,,,,,,,,,,100,25827,100,41447291104,100,125335137119,,,,,,,,,,
2019-01-30,Z305GVWB,ST4000DM000,4000787030016,0,118,177422368,,,92,0,100,8,100,0,82,198477043,,,71,25877,100,0,,,100,8,,,,,,,,,,,,,,,,,,,,,,,,,,,,,,,100,0,100,0,100,0,100,0,100,0,71,29,100,0,100,0,99,3615,29,29,,,,,100,0,100,0,200,0,,,,,,,,,,,,,,,,,,,,,,,,,,,100,25851,100,41451872976,100,125520215708,,,,,,,,,,
2019-01-31,Z305GVWB,ST4000DM000,4000787030016,0,114,59547184,,,92,0,100,8,100,0,82,198849862,,,71,25900,100,0,,,100,8,,,,,,,,,,,,,,,,,,,,,,,,,,,,,,,100,0,100,0,100,0,100,0,100,0,71,29,100,0,100,0,99,3615,29,29,,,,,100,0,100,0,200,0,,,,,,,,,,,,,,,,,,,,,,,,,,,100,25874,100,41454482344,100,125684449981,,,,,,,,,,
2019-02-01,Z305GVWB,ST4000DM000,4000787030016,0,112,48309976,,,92,0,100,8,100,0,82,199257055,,,71,25924,100,0,,,100,8,,,,,,,,,,,,,,,,,,,,,,,,,,,,,,,100,0,100,0,100,0,100,0,100,0,71,29,100,0,100,0,99,3615,29,29,,,,,100,0,100,0,200,0,,,,,,,,,,,,,,,,,,,,,,,,,,,100,25898,100,41457059600,100,125857989387,,,,,,,,,,
2019-02-02,Z305GVWB,ST4000DM000,4000787030016,0,118,168503768,,,92,0,100,8,100,0,82,200480594,,,71,25947,100,0,,,100,8,,,,,,,,,,,,,,,,,,,,,,,,,,,,,,,100,0,100,0,100,0,100,0,100,0,71,29,100,0,100,0,99,3615,29,29,,,,,100,0,100,0,200,0,,,,,,,,,,,,,,,,,,,,,,,,,,,100,25922,100,41461721896,100,126024702144,,,,,,,,,,
2019-02-03,Z305GVWB,ST4000DM000,4000787030016,0,118,178398808,,,92,0,100,8,100,0,83,201421087,,,71,25971,100,0,,,100,8,,,,,,,,,,,,,,,,,,,,,,,,,,,,,,,100,0,100,0,100,0,100,0,100,0,70,30,100,0,100,0,99,3615,30,30,,,,,100,0,100,0,200,0,,,,,,,,,,,,,,,,,,,,,,,,,,,100,25945,100,41464266392,100,126220680289,,,,,,,,,,
2019-02-04,Z305GVWB,ST4000DM000,4000787030016,0,111,41221008,,,92,0,100,8,100,0,83,202793370,,,71,25995,100,0,,,100,8,,,,,,,,,,,,,,,,,,,,,,,,,,,,,,,100,0,100,0,100,0,100,0,100,0,70,30,100,0,100,0,99,3615,30,30,,,,,100,0,100,0,200,0,,,,,,,,,,,,,,,,,,,,,,,,,,,100,25969,100,41466794352,100,126396673234,,,,,,,,,,
2019-02-05,Z305GVWB,ST4000DM000,4000787030016,0,111,38829616,,,92,0,100,8,100,0,83,204590622,,,71,26018,100,0,,,100,8,,,,,,,,,,,,,,,,,,,,,,,,,,,,,,,100,0,100,0,100,0,100,0,100,0,70,30,100,0,100,0,99,3615,30,30,,,,,100,0,100,0,200,0,,,,,,,,,,,,,,,,,,,,,,,,,,,100,25992,100,41471143912,100,126589834095,,,,,,,,,,
2019-02-06,Z305GVWB,ST4000DM000,4000787030016,0,119,215523440,,,92,0,100,8,100,0,83,205919993,,,71,26042,100,0,,,100,8,,,,,,,,,,,,,,,,,,,,,,,,,,,,,,,100,0,100,0,100,0,100,0,100,0,69,31,100,0,100,0,99,3615,31,31,,,,,100,0,100,0,200,0,,,,,,,,,,,,,,,,,,,,,,,,,,,100,26016,100,41475251504,100,126777626389,,,,,,,,,,
2019-02-07,Z305GVWB,ST4000DM000,4000787030016,0,117,163914832,,,92,0,100,8,100,0,83,206630963,,,71,26065,100,0,,,100,8,,,,,,,,,,,,,,,,,,,,,,,,,,,,,,,100,0,100,0,100,0,100,0,100,0,70,30,100,0,100,0,99,3615,30,30,,,,,100,0,100,0,200,0,,,,,,,,,,,,,,,,,,,,,,,,,,,100,26039,100,41477319984,100,126927980097,,,,,,,,,,
2019-02-08,Z305GVWB,ST4000DM000,4000787030016,0,113,53851816,,,92,0,100,8,100,0,83,207579867,,,71,26089,100,0,,,100,8,,,,,,,,,,,,,,,,,,,,,,,,,,,,,,,100,0,100,0,100,0,100,0,100,0,69,31,100,0,100,0,99,3615,31,31,,,,,100,0,100,0,200,0,,,,,,,,,,,,,,,,,,,,,,,,,,,100,26063,100,41479607984,100,127104646866,,,,,,,,,,
2019-02-09,Z305GVWB,ST4000DM000,4000787030016,0,120,235132088,,,92,0,100,8,100,0,83,208617503,,,71,26113,100,0,,,100,8,,,,,,,,,,,,,,,,,,,,,,,,,,,,,,,100,0,100,0,100,0,100,0,100,0,69,31,100,0,100,0,99,3615,31,31,,,,,100,0,100,0,200,0,,,,,,,,,,,,,,,,,,,,,,,,,,,100,26087,100,41484807672,100,127178405051,,,,,,,,,,
2019-02-10,Z305GVWB,ST4000DM000,4000787030016,0,117,125855520,,,92,0,100,8,100,0,83,209817286,,,71,26137,100,0,,,100,8,,,,,,,,,,,,,,,,,,,,,,,,,,,,,,,100,0,100,0,100,0,100,0,100,0,68,32,100,0,100,0,99,3615,32,32,,,,,100,0,100,0,200,0,,,,,,,,,,,,,,,,,,,,,,,,,,,100,26111,100,41487016464,100,127351048750,,,,,,,,,,
2019-02-11,Z305GVWB,ST4000DM000,4000787030016,0,117,161159224,,,92,0,100,8,100,0,83,211114483,,,71,26160,100,0,,,100,8,,,,,,,,,,,,,,,,,,,,,,,,,,,,,,,100,0,100,0,100,0,100,0,100,0,68,32,100,0,100,0,99,3615,32,32,,,,,100,0,100,0,200,0,,,,,,,,,,,,,,,,,,,,,,,,,,,100,26134,100,41491079848,100,127520377606,,,,,,,,,,
2019-02-12,Z305GVWB,ST4000DM000,4000787030016,0,114,79094904,,,92,0,100,8,100,0,83,211565650,,,71,26183,100,0,,,100,8,,,,,,,,,,,,,,,,,,,,,,,,,,,,,,,100,0,100,0,100,0,100,0,100,0,69,31,100,0,100,0,99,3615,31,31,,,,,100,0,100,0,200,0,,,,,,,,,,,,,,,,,,,,,,,,,,,100,26158,100,41492337328,100,127614417984,,,,,,,,,,
2019-02-13,Z305GVWB,ST4000DM000,4000787030016,0,114,66963640,,,92,0,100,8,100,0,83,212872563,,,71,26207,100,0,,,100,8,,,,,,,,,,,,,,,,,,,,,,,,,,,,,,,100,0,100,0,100,0,100,0,100,0,70,30,100,0,100,0,99,3615,30,30,,,,,100,0,100,0,200,0,,,,,,,,,,,,,,,,,,,,,,,,,,,100,26181,100,41495409016,100,127783026157,,,,,,,,,,
2019-02-14,Z305GVWB,ST4000DM000,4000787030016,0,111,36075424,,,92,0,100,8,100,0,83,213740213,,,71,26231,100,0,,,100,8,,,,,,,,,,,,,,,,,,,,,,,,,,,,,,,100,0,100,0,100,0,100,0,100,0,70,30,100,0,100,0,99,3615,30,30,,,,,100,0,100,0,200,0,,,,,,,,,,,,,,,,,,,,,,,,,,,100,26205,100,41498496512,100,127922458618,,,,,,,,,,
2019-02-15,Z305GVWB,ST4000DM000,4000787030016,0,113,51815424,,,92,0,100,8,100,0,83,214424339,,,71,26254,100,0,,,100,8,,,,,,,,,,,,,,,,,,,,,,,,,,,,,,,100,0,100,0,100,0,100,0,100,0,70,30,100,0,100,0,99,3615,30,30,,,,,100,0,100,0,200,0,,,,,,,,,,,,,,,,,,,,,,,,,,,100,26228,100,41500245560,100,128064043252,,,,,,,,,,
2019-02-16,Z305GVWB,ST4000DM000,4000787030016,0,118,179155752,,,92,0,100,8,100,0,83,215628111,,,71,26278,100,0,,,100,8,,,,,,,,,,,,,,,,,,,,,,,,,,,,,,,100,0,100,0,100,0,100,0,100,0,69,31,100,0,100,0,99,3615,31,31,,,,,100,0,100,0,200,0,,,,,,,,,,,,,,,,,,,,,,,,,,,100,26252,100,41504183552,100,128213114289,,,,,,,,,,
2019-02-17,Z305GVWB,ST4000DM000,4000787030016,0,114,69092360,,,92,0,100,8,100,0,83,217166925,,,70,26301,100,0,,,100,8,,,,,,,,,,,,,,,,,,,,,,,,,,,,,,,100,0,100,0,100,0,100,0,100,0,69,31,100,0,100,0,99,3615,31,31,,,,,100,0,100,0,200,0,,,,,,,,,,,,,,,,,,,,,,,,,,,100,26275,100,41508801864,100,128371432772,,,,,,,,,,
2019-02-18,Z305GVWB,ST4000DM000,4000787030016,0,115,100354544,,,92,0,100,8,100,0,83,218063588,,,70,26325,100,0,,,100,8,,,,,,,,,,,,,,,,,,,,,,,,,,,,,,,100,0,100,0,100,0,100,0,100,0,51,49,100,0,100,0,99,3615,49,49,,,,,100,0,100,0,200,0,,,,,,,,,,,,,,,,,,,,,,,,,,,100,26299,100,41510525416,100,128524956563,,,,,,,,,,
2019-02-19,Z305GVWB,ST4000DM000,4000787030016,0,114,60835784,,,92,0,100,8,100,0,83,218895485,,,70,26348,100,0,,,100,8,,,,,,,,,,,,,,,,,,,,,,,,,,,,,,,100,0,100,0,100,0,100,0,100,0,50,50,100,0,100,0,99,3615,50,50,,,,,100,0,100,0,200,0,,,,,,,,,,,,,,,,,,,,,,,,,,,100,26322,100,41512136168,100,128650931010,,,,,,,,,,
2019-02-20,Z305GVWB,ST4000DM000,4000787030016,0,120,237730440,,,92,0,100,8,100,0,83,219961864,,,70,26372,100,0,,,100,8,,,,,,,,,,,,,,,,,,,,,,,,,,,,,,,100,0,100,0,100,0,100,0,100,0,50,50,100,0,100,0,99,3615,50,50,,,,,100,0,100,0,200,0,,,,,,,,,,,,,,,,,,,,,,,,,,,100,26346,100,41514749008,100,128782166237,,,,,,,,,,
2019-02-21,Z305GVWB,ST4000DM000,4000787030016,0,114,68919352,,,92,0,100,8,100,0,83,221806045,,,70,26408,100,0,,,100,8,,,,,,,,,,,,,,,,,,,,,,,,,,,,,,,100,0,100,0,100,0,100,0,100,0,50,50,100,0,100,0,99,3615,50,50,,,,,100,0,100,0,200,0,,,,,,,,,,,,,,,,,,,,,,,,,,,100,26382,100,41519428008,100,128957924076,,,,,,,,,,
2019-02-22,Z305GVWB,ST4000DM000,4000787030016,0,120,241035168,,,92,0,100,8,100,0,83,223520630,,,70,26431,100,0,,,100,8,,,,,,,,,,,,,,,,,,,,,,,,,,,,,,,100,0,100,0,100,0,100,0,100,0,50,50,100,0,100,0,99,3615,50,50,,,,,100,0,100,0,200,0,,,,,,,,,,,,,,,,,,,,,,,,,,,100,26405,100,41523299184,100,129120707883,,,,,,,,,,
2019-02-23,Z305GVWB,ST4000DM000,4000787030016,0,117,132502544,,,92,0,100,8,100,0,83,224418993,,,70,26455,100,0,,,100,8,,,,,,,,,,,,,,,,,,,,,,,,,,,,,,,100,0,100,0,100,0,100,0,100,0,51,49,100,0,100,0,99,3615,49,49,,,,,100,0,100,0,200,0,,,,,,,,,,,,,,,,,,,,,,,,,,,100,26429,100,41525185360,100,129277027218,,,,,,,,,,
2019-02-24,Z305GVWB,ST4000DM000,4000787030016,0,119,223141080,,,92,0,100,8,100,0,83,225024774,,,70,26478,100,0,,,100,8,,,,,,,,,,,,,,,,,,,,,,,,,,,,,,,100,0,100,0,100,0,100,0,100,0,51,49,100,0,100,0,99,3615,49,49,,,,,100,0,100,0,200,0,,,,,,,,,,,,,,,,,,,,,,,,,,,100,26453,100,41527090008,100,129414804778,,,,,,,,,,
2019-02-25,Z305GVWB,ST4000DM000,4000787030016,0,111,31496040,,,92,0,100,8,100,0,83,225511098,,,70,26502,100,0,,,100,8,,,,,,,,,,,,,,,,,,,,,,,,,,,,,,,100,0,100,0,100,0,100,0,100,0,51,49,100,0,100,0,99,3615,49,49,,,,,100,0,100,0,200,0,,,,,,,,,,,,,,,,,,,,,,,,,,,100,26476,100,41529109112,100,129524510499,,,,,,,,,,
2019-02-26,Z305GVWB,ST4000DM000,4000787030016,0,118,187406616,,,92,0,100,8,100,0,83,225940260,,,70,26526,100,0,,,100,8,,,,,,,,,,,,,,,,,,,,,,,,,,,,,,,100,0,100,0,100,0,100,0,100,0,52,48,100,0,100,0,99,3615,48,48,,,,,100,0,100,0,200,0,,,,,,,,,,,,,,,,,,,,,,,,,,,100,26500,100,41530927296,100,129621273647,,,,,,,,,,
2019-02-27,Z305GVWB,ST4000DM000,4000787030016,0,114,81696536,,,92,0,100,8,100,0,83,226861837,,,70,26550,100,0,,,100,8,,,,,,,,,,,,,,,,,,,,,,,,,,,,,,,100,0,100,0,100,0,100,0,100,0,53,47,100,0,100,0,99,3615,47,47,,,,,100,0,100,0,200,0,,,,,,,,,,,,,,,,,,,,,,,,,,,100,26524,100,41535427080,100,129738963717,,,,,,,,,,
2019-02-28,Z305GVWB,ST4000DM000,4000787030016,0,119,203560496,,,92,0,100,8,100,0,83,227946066,,,70,26573,100,0,,,100,8,,,,,,,,,,,,,,,,,,,,,,,,,,,,,,,100,0,100,0,100,0,100,0,100,0,52,48,100,0,100,0,99,3615,48,48,,,,,100,0,100,0,200,0,,,,,,,,,,,,,,,,,,,,,,,,,,,100,26548,100,41539059128,100,129905667490,,,,,,,,,,
2019-03-01,Z305GVWB,ST4000DM000,4000787030016,0,111,36407864,,,92,0,100,8,100,0,83,228334456,,,70,26597,100,0,,,100,8,,,,,,,,,,,,,,,,,,,,,,,,,,,,,,,100,0,100,0,100,0,100,0,100,0,52,48,100,0,100,0,99,3615,48,48,,,,,100,0,100,0,200,0,,,,,,,,,,,,,,,,,,,,,,,,,,,100,26571,100,41541081344,100,130071340295,,,,,,,,,,
2019-03-02,Z305GVWB,ST4000DM000,4000787030016,0,116,106414840,,,92,0,100,8,100,0,83,229238164,,,70,26621,100,0,,,100,8,,,,,,,,,,,,,,,,,,,,,,,,,,,,,,,100,0,100,0,100,0,100,0,100,0,52,48,100,0,100,0,99,3615,48,48,,,,,100,0,100,0,200,0,,,,,,,,,,,,,,,,,,,,,,,,,,,100,26595,100,41545886176,100,130222746571,,,,,,,,,,
2019-03-03,Z305GVWB,ST4000DM000,4000787030016,0,112,49429592,,,92,0,100,8,100,0,83,229692282,,,70,26645,100,0,,,100,8,,,,,,,,,,,,,,,,,,,,,,,,,,,,,,,100,0,100,0,100,0,100,0,100,0,52,48,100,0,100,0,99,3615,48,48,,,,,100,0,100,0,200,0,,,,,,,,,,,,,,,,,,,,,,,,,,,100,26619,100,41550618672,100,130379148572,,,,,,,,,,
2019-03-04,Z305GVWB,ST4000DM000,4000787030016,0,119,225595088,,,92,0,100,8,100,0,83,230090818,,,70,26668,100,0,,,100,8,,,,,,,,,,,,,,,,,,,,,,,,,,,,,,,100,0,100,0,100,0,100,0,100,0,52,48,100,0,100,0,99,3615,48,48,,,,,100,0,100,0,200,0,,,,,,,,,,,,,,,,,,,,,,,,,,,100,26643,100,41553917544,100,130556042306,,,,,,,,,,
2019-03-05,Z305GVWB,ST4000DM000,4000787030016,0,114,62352520,,,92,0,100,8,100,0,83,230794176,,,70,26692,100,0,,,100,8,,,,,,,,,,,,,,,,,,,,,,,,,,,,,,,100,0,100,0,100,0,100,0,100,0,53,47,100,0,100,0,99,3615,47,47,,,,,100,0,100,0,200,0,,,,,,,,,,,,,,,,,,,,,,,,,,,100,26666,100,41556294672,100,130727431808,,,,,,,,,,
2019-03-06,Z305GVWB,ST4000DM000,4000787030016,0,116,103776448,,,92,0,100,8,100,0,83,232745788,,,70,26715,100,0,,,100,8,,,,,,,,,,,,,,,,,,,,,,,,,,,,,,,100,0,100,0,100,0,100,0,100,0,52,48,100,0,100,0,99,3615,48,48,,,,,100,0,100,0,200,0,,,,,,,,,,,,,,,,,,,,,,,,,,,100,26690,100,41561038664,100,130927464428,,,,,,,,,,
2019-03-07,Z305GVWB,ST4000DM000,4000787030016,0,117,149021824,,,92,0,100,8,100,0,83,234004491,,,70,26739,100,0,,,100,8,,,,,,,,,,,,,,,,,,,,,,,,,,,,,,,100,0,100,0,100,0,100,0,100,0,52,48,100,0,100,0,99,3615,48,48,,,,,100,0,100,0,200,0,,,,,,,,,,,,,,,,,,,,,,,,,,,100,26713,100,41562893664,100,131093147838,,,,,,,,,,
2019-03-08,Z305GVWB,ST4000DM000,4000787030016,0,115,100372992,,,92,0,100,8,100,0,84,235137392,,,70,26763,100,0,,,100,8,,,,,,,,,,,,,,,,,,,,,,,,,,,,,,,100,0,100,0,100,0,100,0,100,0,52,48,100,0,100,0,99,3615,48,48,,,,,100,0,100,0,200,0,,,,,,,,,,,,,,,,,,,,,,,,,,,100,26737,100,41565190136,100,131281050566,,,,,,,,,,
2019-03-09,Z305GVWB,ST4000DM000,4000787030016,0,116,104099328,,,92,0,100,8,100,0,84,236334633,,,70,26786,100,0,,,100,8,,,,,,,,,,,,,,,,,,,,,,,,,,,,,,,100,0,100,0,100,0,100,0,100,0,52,48,100,0,100,0,99,3615,48,48,,,,,100,0,100,0,200,0,,,,,,,,,,,,,,,,,,,,,,,,,,,100,26760,100,41569433288,100,131445637168,,,,,,,,,,
2019-03-10,Z305GVWB,ST4000DM000,4000787030016,0,115,92049464,,,92,0,100,8,100,0,84,237088625,,,70,26810,100,0,,,100,8,,,,,,,,,,,,,,,,,,,,,,,,,,,,,,,100,0,100,0,100,0,100,0,100,0,51,49,100,0,100,0,99,3615,49,49,,,,,100,0,100,0,200,0,,,,,,,,,,,,,,,,,,,,,,,,,,,100,26784,100,41572225592,100,131598172614,,,,,,,,,,
2019-03-11,Z305GVWB,ST4000DM000,4000787030016,0,106,11761232,,,92,0,100,8,100,0,84,238036966,,,70,26834,100,0,,,100,8,,,,,,,,,,,,,,,,,,,,,,,,,,,,,,,100,0,100,0,100,0,100,0,100,0,53,47,100,0,100,0,99,3615,47,47,,,,,100,0,100,0,200,0,,,,,,,,,,,,,,,,,,,,,,,,,,,100,26808,100,41575740536,100,131770862856,,,,,,,,,,
2019-03-12,Z305GVWB,ST4000DM000,4000787030016,0,119,219834400,,,92,0,100,8,100,0,84,238643280,,,70,26857,100,0,,,100,8,,,,,,,,,,,,,,,,,,,,,,,,,,,,,,,100,0,100,0,100,0,100,0,100,0,52,48,100,0,100,0,99,3615,48,48,,,,,100,0,100,0,200,0,,,,,,,,,,,,,,,,,,,,,,,,,,,100,26832,100,41577836192,100,131852965987,,,,,,,,,,
2019-03-13,Z305GVWB,ST4000DM000,4000787030016,0,116,113201648,,,92,0,100,8,100,0,84,240700204,,,70,26881,100,0,,,100,8,,,,,,,,,,,,,,,,,,,,,,,,,,,,,,,100,0,100,0,100,0,100,0,100,0,53,47,100,0,100,0,99,3615,47,47,,,,,100,0,100,0,200,0,,,,,,,,,,,,,,,,,,,,,,,,,,,100,26855,100,41582533272,100,132036384043,,,,,,,,,,
2019-03-14,Z305GVWB,ST4000DM000,4000787030016,0,117,167055408,,,92,0,100,8,100,0,84,241357065,,,70,26904,100,0,,,100,8,,,,,,,,,,,,,,,,,,,,,,,,,,,,,,,100,0,100,0,100,0,100,0,100,0,53,47,100,0,100,0,99,3615,47,47,,,,,100,0,100,0,200,0,,,,,,,,,,,,,,,,,,,,,,,,,,,100,26878,100,41584135624,100,132186406629,,,,,,,,,,
2019-03-15,Z305GVWB,ST4000DM000,4000787030016,0,118,168800544,,,92,0,100,8,100,0,84,241772378,,,70,26928,100,0,,,100,8,,,,,,,,,,,,,,,,,,,,,,,,,,,,,,,100,0,100,0,100,0,100,0,100,0,53,47,100,0,100,0,99,3615,47,47,,,,,100,0,100,0,200,0,,,,,,,,,,,,,,,,,,,,,,,,,,,100,26902,100,41585528632,100,132268418417,,,,,,,,,,
2019-03-16,Z305GVWB,ST4000DM000,4000787030016,0,111,35210792,,,92,0,100,8,100,0,84,243201450,,,70,26952,100,0,,,100,8,,,,,,,,,,,,,,,,,,,,,,,,,,,,,,,100,0,100,0,100,0,100,0,100,0,54,46,100,0,100,0,99,3615,46,46,,,,,100,0,100,0,200,0,,,,,,,,,,,,,,,,,,,,,,,,,,,100,26926,100,41590496584,100,132428798908,,,,,,,,,,
2019-03-17,Z305GVWB,ST4000DM000,4000787030016,0,117,150036664,,,92,0,100,8,100,0,84,243933605,,,70,26975,100,0,,,100,8,,,,,,,,,,,,,,,,,,,,,,,,,,,,,,,100,0,100,0,100,0,100,0,100,0,53,47,100,0,100,0,99,3615,47,47,,,,,100,0,100,0,200,0,,,,,,,,,,,,,,,,,,,,,,,,,,,100,26950,100,41592595648,100,132574376319,,,,,,,,,,
2019-03-18,Z305GVWB,ST4000DM000,4000787030016,0,118,200546872,,,92,0,100,8,100,0,84,244627091,,,70,26999,100,0,,,100,8,,,,,,,,,,,,,,,,,,,,,,,,,,,,,,,100,0,100,0,100,0,100,0,100,0,54,46,100,0,100,0,99,3615,46,46,,,,,100,0,100,0,200,0,,,,,,,,,,,,,,,,,,,,,,,,,,,100,26973,100,41594445128,100,132719381328,,,,,,,,,,
2019-03-19,Z305GVWB,ST4000DM000,4000787030016,0,99,2459960,,,92,0,100,8,100,0,84,246073467,,,70,27023,100,0,,,100,8,,,,,,,,,,,,,,,,,,,,,,,,,,,,,,,100,0,100,0,100,0,100,0,100,0,53,47,100,0,100,0,99,3615,47,47,,,,,100,0,100,0,200,0,,,,,,,,,,,,,,,,,,,,,,,,,,,100,26997,100,41598490680,100,132879634664,,,,,,,,,,
2019-03-20,Z305GVWB,ST4000DM000,4000787030016,0,119,219683320,,,92,0,100,8,100,0,84,247315576,,,70,27046,100,0,,,100,8,,,,,,,,,,,,,,,,,,,,,,,,,,,,,,,100,0,100,0,100,0,100,0,100,0,53,47,100,0,100,0,99,3615,47,47,,,,,100,0,100,0,200,0,,,,,,,,,,,,,,,,,,,,,,,,,,,100,27021,100,41601567680,100,133036925707,,,,,,,,,,
2019-03-21,Z305GVWB,ST4000DM000,4000787030016,0,111,29803736,,,92,0,100,8,100,0,84,248375335,,,70,27070,100,0,,,100,8,,,,,,,,,,,,,,,,,,,,,,,,,,,,,,,100,0,100,0,100,0,100,0,100,0,53,47,100,0,100,0,99,3615,47,47,,,,,100,0,100,0,200,0,,,,,,,,,,,,,,,,,,,,,,,,,,,100,27044,100,41603974856,100,133188418695,,,,,,,,,,
2019-03-22,Z305GVWB,ST4000DM000,4000787030016,0,119,225809432,,,92,0,100,8,100,0,84,249208885,,,70,27094,100,0,,,100,8,,,,,,,,,,,,,,,,,,,,,,,,,,,,,,,100,0,100,0,100,0,100,0,100,0,52,48,100,0,100,0,99,3615,48,48,,,,,100,0,100,0,200,0,,,,,,,,,,,,,,,,,,,,,,,,,,,100,27068,100,41605603480,100,133306571468,,,,,,,,,,
2019-03-23,Z305GVWB,ST4000DM000,4000787030016,0,117,132848376,,,92,0,100,8,100,0,84,250755426,,,70,27117,100,0,,,100,8,,,,,,,,,,,,,,,,,,,,,,,,,,,,,,,100,0,100,0,100,0,100,0,100,0,53,47,100,0,100,0,99,3615,47,47,,,,,100,0,100,0,200,0,,,,,,,,,,,,,,,,,,,,,,,,,,,100,27092,100,41609864592,100,133432230346,,,,,,,,,,
2019-03-24,Z305GVWB,ST4000DM000,4000787030016,0,119,213459176,,,92,0,100,8,100,0,84,251438577,,,70,27141,100,0,,,100,8,,,,,,,,,,,,,,,,,,,,,,,,,,,,,,,100,0,100,0,100,0,100,0,100,0,52,48,100,0,100,0,99,3615,48,48,,,,,100,0,100,0,200,0,,,,,,,,,,,,,,,,,,,,,,,,,,,100,27115,100,41611659600,100,133526950370,,,,,,,,,,
2019-03-25,Z305GVWB,ST4000DM000,4000787030016,0,118,169673248,,,92,0,100,8,100,0,84,253134022,,,69,27164,100,0,,,100,8,,,,,,,,,,,,,,,,,,,,,,,,,,,,,,,100,0,100,0,100,0,100,0,100,0,52,48,100,0,100,0,99,3615,48,48,,,,,100,0,100,0,200,0,,,,,,,,,,,,,,,,,,,,,,,,,,,100,27138,100,41616082016,100,133693671471,,,,,,,,,,
2019-03-26,Z305GVWB,ST4000DM000,4000787030016,0,118,170328816,,,92,0,100,8,100,0,84,253986697,,,69,27188,100,0,,,100,8,,,,,,,,,,,,,,,,,,,,,,,,,,,,,,,100,0,100,0,100,0,100,0,100,0,52,48,100,0,100,0,99,3615,48,48,,,,,100,0,100,0,200,0,,,,,,,,,,,,,,,,,,,,,,,,,,,100,27162,100,41618222352,100,133855831584,,,,,,,,,,
2019-03-27,Z305GVWB,ST4000DM000,4000787030016,0,118,167849128,,,92,0,100,8,100,0,84,254541109,,,69,27211,100,0,,,100,8,,,,,,,,,,,,,,,,,,,,,,,,,,,,,,,100,0,100,0,100,0,100,0,100,0,52,48,100,0,100,0,99,3615,48,48,,,,,100,0,100,0,200,0,,,,,,,,,,,,,,,,,,,,,,,,,,,100,27186,100,41620543032,100,133984440342,,,,,,,,,,
2019-03-28,Z305GVWB,ST4000DM000,4000787030016,0,119,231924808,,,92,0,100,8,100,0,84,255598887,,,69,27235,100,0,,,100,8,,,,,,,,,,,,,,,,,,,,,,,,,,,,,,,100,0,100,0,100,0,100,0,100,0,52,48,100,0,100,0,99,3615,48,48,,,,,100,0,100,0,200,0,,,,,,,,,,,,,,,,,,,,,,,,,,,100,27209,100,41624448464,100,134110152248,,,,,,,,,,
2019-03-29,Z305GVWB,ST4000DM000,4000787030016,0,118,194574296,,,92,0,100,8,100,0,84,255976720,,,69,27258,100,0,,,100,8,,,,,,,,,,,,,,,,,,,,,,,,,,,,,,,100,0,100,0,100,0,100,0,100,0,53,47,100,0,100,0,99,3615,47,47,,,,,100,0,100,0,200,0,,,,,,,,,,,,,,,,,,,,,,,,,,,100,27233,100,41626214528,100,134192541796,,,,,,,,,,
2019-03-30,Z305GVWB,ST4000DM000,4000787030016,0,107,13675816,,,92,0,100,8,100,0,84,257357330,,,69,27282,100,0,,,100,8,,,,,,,,,,,,,,,,,,,,,,,,,,,,,,,100,0,100,0,100,0,100,0,100,0,52,48,100,0,100,0,99,3615,48,48,,,,,100,0,100,0,200,0,,,,,,,,,,,,,,,,,,,,,,,,,,,100,27256,100,41631371800,100,134314003118,,,,,,,,,,
2019-03-31,Z305GVWB,ST4000DM000,4000787030016,0,112,46607440,,,92,0,100,8,100,0,84,257930369,,,69,27306,100,0,,,100,8,,,,,,,,,,,,,,,,,,,,,,,,,,,,,,,100,0,100,0,100,0,100,0,100,0,52,48,100,0,100,0,99,3615,48,48,,,,,100,0,100,0,200,0,,,,,,,,,,,,,,,,,,,,,,,,,,,100,27280,100,41633541616,100,134471165492,,,,,,,,,,
2019-04-01,Z305GVWB,ST4000DM000,4000787030016,0,114,66718256,,,92,0,100,8,100,0,84,258313365,,,69,27330,100,0,,,100,8,,,,,,,,,,,,,,,,,,,,,,,,,,,,,,,100,0,100,0,100,0,100,0,100,0,52,48,100,0,100,0,99,3615,48,48,,,,,100,0,100,0,200,0,,,,,,,,,,,,,,,,,,,,,,,,,,,100,27304,100,41635698168,100,134630579080,,,,,,,,,,
2019-04-02,Z305GVWB,ST4000DM000,4000787030016,0,118,195806600,,,92,0,100,8,100,0,84,258675826,,,69,27353,100,0,,,100,8,,,,,,,,,,,,,,,,,,,,,,,,,,,,,,,100,0,100,0,100,0,100,0,100,0,53,47,100,0,100,0,99,3615,47,47,,,,,100,0,100,0,200,0,,,,,,,,,,,,,,,,,,,,,,,,,,,100,27327,100,41637806864,100,134788757001,,,,,,,,,,
2019-04-03,Z305GVWB,ST4000DM000,4000787030016,0,106,12306072,,,92,0,100,8,100,0,84,259012380,,,69,27376,100,0,,,100,8,,,,,,,,,,,,,,,,,,,,,,,,,,,,,,,100,0,100,0,100,0,100,0,100,0,53,47,100,0,100,0,99,3615,47,47,,,,,100,0,100,0,200,0,,,,,,,,,,,,,,,,,,,,,,,,,,,100,27351,100,41639703984,100,134950612517,,,,,,,,,,
2019-04-04,Z305GVWB,ST4000DM000,4000787030016,0,114,69655008,,,92,0,100,8,100,0,84,260425253,,,69,27412,100,0,,,100,8,,,,,,,,,,,,,,,,,,,,,,,,,,,,,,,100,0,100,0,100,0,100,0,100,0,53,47,100,0,100,0,99,3615,47,47,,,,,100,0,100,0,200,0,,,,,,,,,,,,,,,,,,,,,,,,,,,100,27386,100,41646183448,100,135221164377,,,,,,,,,,
2019-04-05,Z305GVWB,ST4000DM000,4000787030016,0,114,71022344,,,92,0,100,8,100,0,84,261972293,,,69,27435,100,0,,,100,8,,,,,,,,,,,,,,,,,,,,,,,,,,,,,,,100,0,100,0,100,0,100,0,100,0,53,47,100,0,100,0,99,3615,47,47,,,,,100,0,100,0,200,0,,,,,,,,,,,,,,,,,,,,,,,,,,,100,27410,100,41649992856,100,135416871239,,,,,,,,,,
2019-04-06,Z305GVWB,ST4000DM000,4000787030016,0,117,147968320,,,92,0,100,8,100,0,84,263717070,,,69,27459,100,0,,,100,8,,,,,,,,,,,,,,,,,,,,,,,,,,,,,,,100,0,100,0,100,0,100,0,100,0,53,47,100,0,100,0,99,3615,47,47,,,,,100,0,100,0,200,0,,,,,,,,,,,,,,,,,,,,,,,,,,,100,27433,100,41653774208,100,135575480648,,,,,,,,,,
2019-04-07,Z305GVWB,ST4000DM000,4000787030016,0,116,104196760,,,92,0,100,8,100,0,84,264792267,,,69,27483,100,0,,,100,8,,,,,,,,,,,,,,,,,,,,,,,,,,,,,,,100,0,100,0,100,0,100,0,100,0,53,47,100,0,100,0,99,3615,47,47,,,,,100,0,100,0,200,0,,,,,,,,,,,,,,,,,,,,,,,,,,,100,27457,100,41656609344,100,135758303416,,,,,,,,,,
2019-04-08,Z305GVWB,ST4000DM000,4000787030016,0,114,61501352,,,92,0,100,8,100,0,84,265608097,,,69,27506,100,0,,,100,8,,,,,,,,,,,,,,,,,,,,,,,,,,,,,,,100,0,100,0,100,0,100,0,100,0,53,47,100,0,100,0,99,3615,47,47,,,,,100,0,100,0,200,0,,,,,,,,,,,,,,,,,,,,,,,,,,,100,27481,100,41659766424,100,135934537845,,,,,,,,,,
2019-04-09,Z305GVWB,ST4000DM000,4000787030016,0,120,237439808,,,92,0,100,8,100,0,84,266339818,,,69,27530,100,0,,,100,8,,,,,,,,,,,,,,,,,,,,,,,,,,,,,,,100,0,100,0,100,0,100,0,100,0,53,47,100,0,100,0,99,3615,47,47,,,,,100,0,100,0,200,0,,,,,,,,,,,,,,,,,,,,,,,,,,,100,27504,100,41662200928,100,136084146555,,,,,,,,,,
2019-04-10,Z305GVWB,ST4000DM000,4000787030016,0,110,29354472,,,92,0,100,8,100,0,84,268086489,,,69,27554,100,0,,,100,8,,,,,,,,,,,,,,,,,,,,,,,,,,,,,,,100,0,100,0,100,0,100,0,100,0,54,46,100,0,100,0,99,3615,46,46,,,,,100,0,100,0,200,0,,,,,,,,,,,,,,,,,,,,,,,,,,,100,27528,100,41667082512,100,136258232832,,,,,,,,,,
2019-04-11,Z305GVWB,ST4000DM000,4000787030016,0,115,83985088,,,92,0,100,8,100,0,84,268759655,,,69,27577,100,0,,,100,8,,,,,,,,,,,,,,,,,,,,,,,,,,,,,,,100,0,100,0,100,0,100,0,100,0,54,46,100,0,100,0,99,3615,46,46,,,,,100,0,100,0,200,0,,,,,,,,,,,,,,,,,,,,,,,,,,,100,27552,100,41668593472,100,136353930224,,,,,,,,,,
2019-04-12,Z305GVWB,ST4000DM000,4000787030016,0,117,138532712,,,92,0,100,8,100,0,84,269767226,,,69,27601,100,0,,,100,8,,,,,,,,,,,,,,,,,,,,,,,,,,,,,,,100,0,100,0,100,0,100,0,100,0,53,47,100,0,100,0,99,3615,47,47,,,,,100,0,100,0,200,0,,,,,,,,,,,,,,,,,,,,,,,,,,,100,27575,100,41670821488,100,136525514732,,,,,,,,,,
2019-04-13,Z305GVWB,ST4000DM000,4000787030016,0,114,66117200,,,92,0,100,8,100,0,84,270899193,,,69,27625,100,0,,,100,8,,,,,,,,,,,,,,,,,,,,,,,,,,,,,,,100,0,100,0,100,0,100,0,100,0,54,46,100,0,100,0,99,3615,46,46,,,,,100,0,100,0,200,0,,,,,,,,,,,,,,,,,,,,,,,,,,,100,27599,100,41675065296,100,136664122684,,,,,,,,,,
2019-04-14,Z305GVWB,ST4000DM000,4000787030016,0,114,69454408,,,92,0,100,8,100,0,84,271318180,,,69,27648,100,0,,,100,8,,,,,,,,,,,,,,,,,,,,,,,,,,,,,,,100,0,100,0,100,0,100,0,100,0,54,46,100,0,100,0,99,3615,46,46,,,,,100,0,100,0,200,0,,,,,,,,,,,,,,,,,,,,,,,,,,,100,27622,100,41676706704,100,136744591213,,,,,,,,,,
2019-04-15,Z305GVWB,ST4000DM000,4000787030016,0,112,46297712,,,92,0,100,8,100,0,84,272249389,,,69,27672,100,0,,,100,8,,,,,,,,,,,,,,,,,,,,,,,,,,,,,,,100,0,100,0,100,0,100,0,100,0,55,45,100,0,100,0,99,3615,45,45,,,,,100,0,100,0,200,0,,,,,,,,,,,,,,,,,,,,,,,,,,,100,27646,100,41678452768,100,136916130264,,,,,,,,,,
2019-04-16,Z305GVWB,ST4000DM000,4000787030016,0,114,62482912,,,92,0,100,8,100,0,84,273446429,,,69,27695,100,0,,,100,8,,,,,,,,,,,,,,,,,,,,,,,,,,,,,,,100,0,100,0,100,0,100,0,100,0,54,46,100,0,100,0,99,3615,46,46,,,,,100,0,100,0,200,0,,,,,,,,,,,,,,,,,,,,,,,,,,,100,27669,100,41681426936,100,137059791009,,,,,,,,,,
2019-04-17,Z305GVWB,ST4000DM000,4000787030016,0,118,193633248,,,92,0,100,8,100,0,84,274379051,,,69,27719,100,0,,,100,8,,,,,,,,,,,,,,,,,,,,,,,,,,,,,,,100,0,100,0,100,0,100,0,100,0,53,47,100,0,100,0,99,3615,47,47,,,,,100,0,100,0,200,0,,,,,,,,,,,,,,,,,,,,,,,,,,,100,27693,100,41683865392,100,137215880460,,,,,,,,,,
2019-04-18,Z305GVWB,ST4000DM000,4000787030016,0,115,84201080,,,92,0,100,8,100,0,84,275156561,,,69,27743,100,0,,,100,8,,,,,,,,,,,,,,,,,,,,,,,,,,,,,,,100,0,100,0,100,0,100,0,100,0,53,47,100,0,100,0,99,3615,47,47,,,,,100,0,100,0,200,0,,,,,,,,,,,,,,,,,,,,,,,,,,,100,27717,100,41685575056,100,137368032735,,,,,,,,,,
2019-04-19,Z305GVWB,ST4000DM000,4000787030016,0,118,184502408,,,92,0,100,8,100,0,84,276068324,,,69,27767,100,0,,,100,8,,,,,,,,,,,,,,,,,,,,,,,,,,,,,,,100,0,100,0,100,0,100,0,100,0,54,46,100,0,100,0,99,3615,46,46,,,,,100,0,100,0,200,0,,,,,,,,,,,,,,,,,,,,,,,,,,,100,27741,100,41687545680,100,137523021455,,,,,,,,,,
2019-04-20,Z305GVWB,ST4000DM000,4000787030016,0,118,185416888,,,92,0,100,8,100,0,84,277371947,,,69,27790,100,0,,,100,8,,,,,,,,,,,,,,,,,,,,,,,,,,,,,,,100,0,100,0,100,0,100,0,100,0,54,46,100,0,100,0,99,3615,46,46,,,,,100,0,100,0,200,0,,,,,,,,,,,,,,,,,,,,,,,,,,,100,27765,100,41692131456,100,137649970409,,,,,,,,,,
2019-04-21,Z305GVWB,ST4000DM000,4000787030016,0,114,82133552,,,92,0,100,8,100,0,84,278882790,,,69,27814,100,0,,,100,8,,,,,,,,,,,,,,,,,,,,,,,,,,,,,,,100,0,100,0,100,0,100,0,100,0,54,46,100,0,100,0,99,3615,46,46,,,,,100,0,100,0,200,0,,,,,,,,,,,,,,,,,,,,,,,,,,,100,27788,100,41694215160,100,137782124733,,,,,,,,,,
2019-04-22,Z305GVWB,ST4000DM000,4000787030016,0,117,144051208,,,92,0,100,8,100,0,84,279737903,,,69,27837,100,0,,,100,8,,,,,,,,,,,,,,,,,,,,,,,,,,,,,,,100,0,100,0,100,0,100,0,100,0,54,46,100,0,100,0,99,3615,46,46,,,,,100,0,100,0,200,0,,,,,,,,,,,,,,,,,,,,,,,,,,,100,27812,100,41695790936,100,137889863991,,,,,,,,,,
2019-04-23,Z305GVWB,ST4000DM000,4000787030016,0,116,114316392,,,92,0,100,8,100,0,84,280737045,,,69,27861,100,0,,,100,8,,,,,,,,,,,,,,,,,,,,,,,,,,,,,,,100,0,100,0,100,0,100,0,100,0,55,45,100,0,100,0,99,3615,45,45,,,,,100,0,100,0,200,0,,,,,,,,,,,,,,,,,,,,,,,,,,,100,27835,100,41697183680,100,138014218656,,,,,,,,,,
2019-04-24,Z305GVWB,ST4000DM000,4000787030016,0,115,97026280,,,92,0,100,8,100,0,84,281606460,,,69,27885,100,0,,,100,8,,,,,,,,,,,,,,,,,,,,,,,,,,,,,,,100,0,100,0,100,0,100,0,100,0,55,45,100,0,100,0,99,3615,45,45,,,,,100,0,100,0,200,0,,,,,,,,,,,,,,,,,,,,,,,,,,,100,27859,100,41699008280,100,138175897477,,,,,,,,,,
2019-04-25,Z305GVWB,ST4000DM000,4000787030016,0,119,209202520,,,92,0,100,8,100,0,84,282652679,,,69,27908,100,0,,,100,8,,,,,,,,,,,,,,,,,,,,,,,,,,,,,,,100,0,100,0,100,0,100,0,100,0,55,45,100,0,100,0,99,3615,45,45,,,,,100,0,100,0,200,0,,,,,,,,,,,,,,,,,,,,,,,,,,,100,27883,100,41702054728,100,138328510968,,,,,,,,,,
2019-04-26,Z305GVWB,ST4000DM000,4000787030016,0,118,173781232,,,92,0,100,8,100,0,84,283120102,,,69,27932,100,0,,,100,8,,,,,,,,,,,,,,,,,,,,,,,,,,,,,,,100,0,100,0,100,0,100,0,100,0,55,45,100,0,100,0,99,3615,45,45,,,,,100,0,100,0,200,0,,,,,,,,,,,,,,,,,,,,,,,,,,,100,27906,100,41704175088,100,138432532870,,,,,,,,,,
2019-04-27,Z305GVWB,ST4000DM000,4000787030016,0,118,194299720,,,92,0,100,8,100,0,84,284513483,,,69,27956,100,0,,,100,8,,,,,,,,,,,,,,,,,,,,,,,,,,,,,,,100,0,100,0,100,0,100,0,100,0,54,46,100,0,100,0,99,3615,46,46,,,,,100,0,100,0,200,0,,,,,,,,,,,,,,,,,,,,,,,,,,,100,27930,100,41708312168,100,138573008272,,,,,,,,,,
2019-04-28,Z305GVWB,ST4000DM000,4000787030016,0,117,131245552,,,92,0,100,8,100,0,84,284766234,,,69,27980,100,0,,,100,8,,,,,,,,,,,,,,,,,,,,,,,,,,,,,,,100,0,100,0,100,0,100,0,100,0,54,46,100,0,100,0,99,3615,46,46,,,,,100,0,100,0,200,0,,,,,,,,,,,,,,,,,,,,,,,,,,,100,27954,100,41710115352,100,138633131327,,,,,,,,,,
2019-04-29,Z305GVWB,ST4000DM000,4000787030016,0,113,55325888,,,92,0,100,8,100,0,84,285363812,,,69,28015,100,0,,,100,8,,,,,,,,,,,,,,,,,,,,,,,,,,,,,,,100,0,100,0,100,0,100,0,100,0,54,46,100,0,100,0,99,3615,46,46,,,,,100,0,100,0,200,0,,,,,,,,,,,,,,,,,,,,,,,,,,,100,27989,100,41713529152,100,138856392762,,,,,,,,,,
2019-04-30,Z305GVWB,ST4000DM000,4000787030016,0,109,22109240,,,92,0,100,8,100,0,84,285731982,,,68,28039,100,0,,,100,8,,,,,,,,,,,,,,,,,,,,,,,,,,,,,,,100,0,100,0,100,0,100,0,100,0,54,46,100,0,100,0,99,3615,46,46,,,,,100,0,100,0,200,0,,,,,,,,,,,,,,,,,,,,,,,,,,,100,28013,100,41715643776,100,139010396857,,,,,,,,,,
2019-05-01,Z305GVWB,ST4000DM000,4000787030016,0,118,170857104,,,92,0,100,8,100,0,84,285940006,,,68,28051,100,0,,,100,8,,,,,,,,,,,,,,,,,,,,,,,,,,,,,,,100,0,100,0,100,0,100,0,100,0,54,46,100,0,100,0,99,3615,46,46,,,,,100,0,100,0,200,0,,,,,,,,,,,,,,,,,,,,,,,,,,,100,28025,100,41716820784,100,139102137212,,,,,,,,,,
2019-05-02,Z305GVWB,ST4000DM000,4000787030016,0,114,76132256,,,92,0,100,8,100,0,84,287384511,,,68,28075,100,0,,,100,8,,,,,,,,,,,,,,,,,,,,,,,,,,,,,,,100,0,100,0,100,0,100,0,100,0,53,47,100,0,100,0,99,3615,47,47,,,,,100,0,100,0,200,0,,,,,,,,,,,,,,,,,,,,,,,,,,,100,28049,100,41721478064,100,139281257055,,,,,,,,,,
2019-05-03,Z305GVWB,ST4000DM000,4000787030016,0,114,82466280,,,92,0,100,8,100,0,84,287816980,,,68,28098,100,0,,,100,8,,,,,,,,,,,,,,,,,,,,,,,,,,,,,,,100,0,100,0,100,0,100,0,100,0,53,47,100,0,100,0,99,3615,47,47,,,,,100,0,100,0,200,0,,,,,,,,,,,,,,,,,,,,,,,,,,,100,28072,100,41725054184,100,139454038109,,,,,,,,,,
2019-05-04,Z305GVWB,ST4000DM000,4000787030016,0,118,179675096,,,92,0,100,8,100,0,84,288988667,,,68,28122,100,0,,,100,8,,,,,,,,,,,,,,,,,,,,,,,,,,,,,,,100,0,100,0,100,0,100,0,100,0,53,47,100,0,100,0,99,3615,47,47,,,,,100,0,100,0,200,0,,,,,,,,,,,,,,,,,,,,,,,,,,,100,28096,100,41729018584,100,139618900842,,,,,,,,,,
2019-05-05,Z305GVWB,ST4000DM000,4000787030016,0,117,136812376,,,92,0,100,8,100,0,84,289948979,,,68,28145,100,0,,,100,8,,,,,,,,,,,,,,,,,,,,,,,,,,,,,,,100,0,100,0,100,0,100,0,100,0,53,47,100,0,100,0,99,3615,47,47,,,,,100,0,100,0,200,0,,,,,,,,,,,,,,,,,,,,,,,,,,,100,28119,100,41730991184,100,139798099832,,,,,,,,,,
2019-05-06,Z305GVWB,ST4000DM000,4000787030016,0,110,25472264,,,92,0,100,8,100,0,84,291177256,,,68,28169,100,0,,,100,8,,,,,,,,,,,,,,,,,,,,,,,,,,,,,,,100,0,100,0,100,0,100,0,100,0,52,48,100,0,100,0,99,3615,48,48,,,,,100,0,100,0,200,0,,,,,,,,,,,,,,,,,,,,,,,,,,,100,28143,100,41732899080,100,139961792240,,,,,,,,,,
2019-05-07,Z305GVWB,ST4000DM000,4000787030016,0,117,118929440,,,92,0,100,8,100,0,84,292625588,,,68,28192,100,0,,,100,8,,,,,,,,,,,,,,,,,,,,,,,,,,,,,,,100,0,100,0,100,0,100,0,100,0,52,48,100,0,100,0,99,3615,48,48,,,,,100,0,100,0,200,0,,,,,,,,,,,,,,,,,,,,,,,,,,,100,28166,100,41736280640,100,140152300475,,,,,,,,,,
2019-05-08,Z305GVWB,ST4000DM000,4000787030016,0,117,141439152,,,92,0,100,8,100,0,84,294333914,,,68,28228,100,0,,,100,8,,,,,,,,,,,,,,,,,,,,,,,,,,,,,,,100,0,100,0,100,0,100,0,100,0,54,46,100,0,100,0,99,3615,46,46,,,,,100,0,100,0,200,0,,,,,,,,,,,,,,,,,,,,,,,,,,,100,28202,100,41742011128,100,140414741176,,,,,,,,,,
2019-05-09,Z305GVWB,ST4000DM000,4000787030016,0,119,214750184,,,92,0,100,8,100,0,84,295262948,,,68,28251,100,0,,,100,8,,,,,,,,,,,,,,,,,,,,,,,,,,,,,,,100,0,100,0,100,0,100,0,100,0,54,46,100,0,100,0,99,3615,46,46,,,,,100,0,100,0,200,0,,,,,,,,,,,,,,,,,,,,,,,,,,,100,28226,100,41743911080,100,140587191981,,,,,,,,,,
2019-05-10,Z305GVWB,ST4000DM000,4000787030016,0,107,12707552,,,92,0,100,8,100,0,84,295863763,,,68,28275,100,0,,,100,8,,,,,,,,,,,,,,,,,,,,,,,,,,,,,,,100,0,100,0,100,0,100,0,100,0,54,46,100,0,100,0,99,3615,46,46,,,,,100,0,100,0,200,0,,,,,,,,,,,,,,,,,,,,,,,,,,,100,28249,100,41747528424,100,140671318575,,,,,,,,,,
2019-05-11,Z305GVWB,ST4000DM000,4000787030016,0,117,147795944,,,92,0,100,8,100,0,84,297908512,,,68,28299,100,0,,,100,8,,,,,,,,,,,,,,,,,,,,,,,,,,,,,,,100,0,100,0,100,0,100,0,100,0,54,46,100,0,100,0,99,3615,46,46,,,,,100,0,100,0,200,0,,,,,,,,,,,,,,,,,,,,,,,,,,,100,28273,100,41751632872,100,140844462598,,,,,,,,,,
2019-05-12,Z305GVWB,ST4000DM000,4000787030016,0,118,171951624,,,92,0,100,8,100,0,84,298658976,,,68,28322,100,0,,,100,8,,,,,,,,,,,,,,,,,,,,,,,,,,,,,,,100,0,100,0,100,0,100,0,100,0,54,46,100,0,100,0,99,3615,46,46,,,,,100,0,100,0,200,0,,,,,,,,,,,,,,,,,,,,,,,,,,,100,28296,100,41756975768,100,141003080609,,,,,,,,,,
2019-05-13,Z305GVWB,ST4000DM000,4000787030016,0,119,209194032,,,92,0,100,8,100,0,84,299076512,,,68,28346,100,0,,,100,8,,,,,,,,,,,,,,,,,,,,,,,,,,,,,,,100,0,100,0,100,0,100,0,100,0,55,45,100,0,100,0,99,3615,45,45,,,,,100,0,100,0,200,0,,,,,,,,,,,,,,,,,,,,,,,,,,,100,28320,100,41758972920,100,141084040381,,,,,,,,,,
2019-05-14,Z305GVWB,ST4000DM000,4000787030016,0,109,23330744,,,92,0,100,8,100,0,84,300044072,,,68,28369,100,0,,,100,8,,,,,,,,,,,,,,,,,,,,,,,,,,,,,,,100,0,100,0,100,0,100,0,100,0,55,45,100,0,100,0,99,3615,45,45,,,,,100,0,100,0,200,0,,,,,,,,,,,,,,,,,,,,,,,,,,,100,28343,100,41760726448,100,141260071581,,,,,,,,,,
2019-05-15,Z305GVWB,ST4000DM000,4000787030016,0,107,13220016,,,92,0,100,8,100,0,84,301195347,,,68,28393,100,0,,,100,8,,,,,,,,,,,,,,,,,,,,,,,,,,,,,,,100,0,100,0,100,0,100,0,100,0,54,46,100,0,100,0,99,3615,46,46,,,,,100,0,100,0,200,0,,,,,,,,,,,,,,,,,,,,,,,,,,,100,28367,100,41764076896,100,141408381680,,,,,,,,,,
2019-05-16,Z305GVWB,ST4000DM000,4000787030016,0,107,14488864,,,92,0,100,8,100,0,84,301874375,,,68,28417,100,0,,,100,8,,,,,,,,,,,,,,,,,,,,,,,,,,,,,,,100,0,100,0,100,0,100,0,100,0,54,46,100,0,100,0,99,3615,46,46,,,,,100,0,100,0,200,0,,,,,,,,,,,,,,,,,,,,,,,,,,,100,28391,100,41765590904,100,141552475456,,,,,,,,,,
2019-05-17,Z305GVWB,ST4000DM000,4000787030016,0,118,169003016,,,92,0,100,8,100,0,84,303312476,,,68,28440,100,0,,,100,8,,,,,,,,,,,,,,,,,,,,,,,,,,,,,,,100,0,100,0,100,0,100,0,100,0,53,47,100,0,100,0,99,3615,47,47,,,,,100,0,100,0,200,0,,,,,,,,,,,,,,,,,,,,,,,,,,,100,28415,100,41769493352,100,141716411638,,,,,,,,,,
2019-05-18,Z305GVWB,ST4000DM000,4000787030016,0,119,202784144,,,92,0,100,8,100,0,84,304593911,,,68,28464,100,0,,,100,8,,,,,,,,,,,,,,,,,,,,,,,,,,,,,,,100,0,100,0,100,0,100,0,100,0,53,47,100,0,100,0,99,3615,47,47,,,,,100,0,100,0,200,0,,,,,,,,,,,,,,,,,,,,,,,,,,,100,28439,100,41772744568,100,141859923129,,,,,,,,,,
2019-05-19,Z305GVWB,ST4000DM000,4000787030016,0,118,181303424,,,92,0,100,8,100,0,84,305423280,,,68,28488,100,0,,,100,8,,,,,,,,,,,,,,,,,,,,,,,,,,,,,,,100,0,100,0,100,0,100,0,100,0,53,47,100,0,100,0,99,3615,47,47,,,,,100,0,100,0,200,0,,,,,,,,,,,,,,,,,,,,,,,,,,,100,28463,100,41774321864,100,141988055874,,,,,,,,,,
2019-05-20,Z305GVWB,ST4000DM000,4000787030016,0,119,220354120,,,92,0,100,8,100,0,84,306389545,,,68,28512,100,0,,,100,8,,,,,,,,,,,,,,,,,,,,,,,,,,,,,,,100,0,100,0,100,0,100,0,100,0,53,47,100,0,100,0,99,3615,47,47,,,,,100,0,100,0,200,0,,,,,,,,,,,,,,,,,,,,,,,,,,,100,28486,100,41775977832,100,142113492705,,,,,,,,,,
2019-05-21,Z305GVWB,ST4000DM000,4000787030016,0,115,97380552,,,92,0,100,8,100,0,84,307122015,,,68,28536,100,0,,,100,8,,,,,,,,,,,,,,,,,,,,,,,,,,,,,,,100,0,100,0,100,0,100,0,100,0,54,46,100,0,100,0,99,3615,46,46,,,,,100,0,100,0,200,0,,,,,,,,,,,,,,,,,,,,,,,,,,,100,28510,100,41777659824,100,142205130129,,,,,,,,,,
2019-05-22,Z305GVWB,ST4000DM000,4000787030016,0,119,224716584,,,92,0,100,8,100,0,84,308731992,,,68,28559,100,0,,,100,8,,,,,,,,,,,,,,,,,,,,,,,,,,,,,,,100,0,100,0,100,0,100,0,100,0,54,46,100,0,100,0,99,3615,46,46,,,,,100,0,100,0,200,0,,,,,,,,,,,,,,,,,,,,,,,,,,,100,28534,100,41781573712,100,142356552188,,,,,,,,,,
2019-05-23,Z305GVWB,ST4000DM000,4000787030016,0,116,111380192,,,92,0,100,8,100,0,84,310142366,,,68,28583,100,0,,,100,8,,,,,,,,,,,,,,,,,,,,,,,,,,,,,,,100,0,100,0,100,0,100,0,100,0,54,46,100,0,100,0,99,3615,46,46,,,,,100,0,100,0,200,0,,,,,,,,,,,,,,,,,,,,,,,,,,,100,28557,100,41783129240,100,142538019026,,,,,,,,,,
2019-05-24,Z305GVWB,ST4000DM000,4000787030016,0,117,148431136,,,92,0,100,8,100,0,84,310750970,,,68,28607,100,0,,,100,8,,,,,,,,,,,,,,,,,,,,,,,,,,,,,,,100,0,100,0,100,0,100,0,100,0,55,45,100,0,100,0,99,3615,45,45,,,,,100,0,100,0,200,0,,,,,,,,,,,,,,,,,,,,,,,,,,,100,28581,100,41784579136,100,142674554833,,,,,,,,,,
2019-05-25,Z305GVWB,ST4000DM000,4000787030016,0,118,188019208,,,92,0,100,8,100,0,84,311696203,,,68,28631,100,0,,,100,8,,,,,,,,,,,,,,,,,,,,,,,,,,,,,,,100,0,100,0,100,0,100,0,100,0,55,45,100,0,100,0,99,3615,45,45,,,,,100,0,100,0,200,0,,,,,,,,,,,,,,,,,,,,,,,,,,,100,28605,100,41788168376,100,142776093147,,,,,,,,,,
2019-05-26,Z305GVWB,ST4000DM000,4000787030016,0,112,45895816,,,92,0,100,8,100,0,84,312188225,,,68,28654,100,0,,,100,8,,,,,,,,,,,,,,,,,,,,,,,,,,,,,,,100,0,100,0,100,0,100,0,100,0,57,43,100,0,100,0,99,3615,43,43,,,,,100,0,100,0,200,0,,,,,,,,,,,,,,,,,,,,,,,,,,,100,28628,100,41789445864,100,142893850696,,,,,,,,,,
2019-05-27,Z305GVWB,ST4000DM000,4000787030016,0,117,130715208,,,92,0,100,8,100,0,84,312452642,,,68,28678,100,0,,,100,8,,,,,,,,,,,,,,,,,,,,,,,,,,,,,,,100,0,100,0,100,0,100,0,100,0,55,45,100,0,100,0,99,3615,45,45,,,,,100,0,100,0,200,0,,,,,,,,,,,,,,,,,,,,,,,,,,,100,28652,100,41791045272,100,142973342161,,,,,,,,,,
2019-05-28,Z305GVWB,ST4000DM000,4000787030016,0,119,217178056,,,92,0,100,8,100,0,84,313355016,,,68,28701,100,0,,,100,8,,,,,,,,,,,,,,,,,,,,,,,,,,,,,,,100,0,100,0,100,0,100,0,100,0,55,45,100,0,100,0,99,3615,45,45,,,,,100,0,100,0,200,0,,,,,,,,,,,,,,,,,,,,,,,,,,,100,28676,100,41794596424,100,143130373302,,,,,,,,,,
2019-05-29,Z305GVWB,ST4000DM000,4000787030016,0,117,127699112,,,92,0,100,8,100,0,84,313989311,,,68,28725,100,0,,,100,8,,,,,,,,,,,,,,,,,,,,,,,,,,,,,,,100,0,100,0,100,0,100,0,100,0,55,45,100,0,100,0,99,3615,45,45,,,,,100,0,100,0,200,0,,,,,,,,,,,,,,,,,,,,,,,,,,,100,28699,100,41797348440,100,143305035449,,,,,,,,,,
2019-05-30,Z305GVWB,ST4000DM000,4000787030016,0,118,169947184,,,92,0,100,8,100,0,84,314667412,,,68,28749,100,0,,,100,8,,,,,,,,,,,,,,,,,,,,,,,,,,,,,,,100,0,100,0,100,0,100,0,100,0,55,45,100,0,100,0,99,3615,45,45,,,,,100,0,100,0,200,0,,,,,,,,,,,,,,,,,,,,,,,,,,,100,28723,100,41800982080,100,143463826140,,,,,,,,,,
2019-05-31,Z305GVWB,ST4000DM000,4000787030016,0,119,232110296,,,92,0,100,8,100,0,84,315004068,,,68,28772,100,0,,,100,8,,,,,,,,,,,,,,,,,,,,,,,,,,,,,,,100,0,100,0,100,0,100,0,100,0,56,44,100,0,100,0,99,3615,44,44,,,,,100,0,100,0,200,0,,,,,,,,,,,,,,,,,,,,,,,,,,,100,28746,100,41802842600,100,143622881196,,,,,,,,,,
2019-06-01,Z305GVWB,ST4000DM000,4000787030016,0,119,223453696,,,92,0,100,8,100,0,84,316515029,,,68,28796,100,0,,,100,8,,,,,,,,,,,,,,,,,,,,,,,,,,,,,,,100,0,100,0,100,0,100,0,100,0,55,45,100,0,100,0,99,3615,45,45,,,,,100,0,100,0,200,0,,,,,,,,,,,,,,,,,,,,,,,,,,,100,28770,100,41807061752,100,143797082729,,,,,,,,,,
2019-06-02,Z305GVWB,ST4000DM000,4000787030016,0,109,23854792,,,92,0,100,8,100,0,84,317252205,,,68,28819,100,0,,,100,8,,,,,,,,,,,,,,,,,,,,,,,,,,,,,,,100,0,100,0,100,0,100,0,100,0,55,45,100,0,100,0,99,3615,45,45,,,,,100,0,100,0,200,0,,,,,,,,,,,,,,,,,,,,,,,,,,,100,28794,100,41808839936,100,143976392504,,,,,,,,,,
2019-06-03,Z305GVWB,ST4000DM000,4000787030016,0,120,64168,,,92,0,100,8,100,0,84,318666451,,,68,28843,100,0,,,100,8,,,,,,,,,,,,,,,,,,,,,,,,,,,,,,,100,0,100,0,100,0,100,0,100,0,55,45,100,0,100,0,99,3615,45,45,,,,,100,0,100,0,200,0,,,,,,,,,,,,,,,,,,,,,,,,,,,100,28817,100,41810702000,100,144153096768,,,,,,,,,,
2019-06-04,Z305GVWB,ST4000DM000,4000787030016,0,105,9236808,,,92,0,100,8,100,0,84,319587528,,,68,28867,100,0,,,100,8,,,,,,,,,,,,,,,,,,,,,,,,,,,,,,,100,0,100,0,100,0,100,0,100,0,55,45,100,0,100,0,99,3615,45,45,,,,,100,0,100,0,200,0,,,,,,,,,,,,,,,,,,,,,,,,,,,100,28841,100,41812569152,100,144325814894,,,,,,,,,,
2019-06-05,Z305GVWB,ST4000DM000,4000787030016,0,115,98258272,,,92,0,100,8,100,0,84,321342684,,,68,28902,100,0,,,100,8,,,,,,,,,,,,,,,,,,,,,,,,,,,,,,,100,0,100,0,100,0,100,0,100,0,56,44,100,0,100,0,99,3615,44,44,,,,,100,0,100,0,200,0,,,,,,,,,,,,,,,,,,,,,,,,,,,100,28877,100,41817735856,100,144597811430,,,,,,,,,,
2019-06-06,Z305GVWB,ST4000DM000,4000787030016,0,117,142347584,,,92,0,100,8,100,0,84,322635456,,,67,28926,100,0,,,100,8,,,,,,,,,,,,,,,,,,,,,,,,,,,,,,,100,0,100,0,100,0,100,0,100,0,56,44,100,0,100,0,99,3615,44,44,,,,,100,0,100,0,200,0,,,,,,,,,,,,,,,,,,,,,,,,,,,100,28901,100,41821161208,100,144766152018,,,,,,,,,,
2019-06-07,Z305GVWB,ST4000DM000,4000787030016,0,104,6475976,,,92,0,100,8,100,0,84,323298851,,,67,28950,100,0,,,100,8,,,,,,,,,,,,,,,,,,,,,,,,,,,,,,,100,0,100,0,100,0,100,0,100,0,57,43,100,0,100,0,99,3615,43,43,,,,,100,0,100,0,200,0,,,,,,,,,,,,,,,,,,,,,,,,,,,100,28925,100,41822757952,100,144884645178,,,,,,,,,,
2019-06-08,Z305GVWB,ST4000DM000,4000787030016,0,118,175130856,,,92,0,100,8,100,0,84,324609076,,,67,28974,100,0,,,100,8,,,,,,,,,,,,,,,,,,,,,,,,,,,,,,,100,0,100,0,100,0,100,0,100,0,56,44,100,0,100,0,99,3615,44,44,,,,,100,0,100,0,200,0,,,,,,,,,,,,,,,,,,,,,,,,,,,100,28948,100,41826487544,100,145008015645,,,,,,,,,,
2019-06-09,Z305GVWB,ST4000DM000,4000787030016,0,109,22077392,,,92,0,100,8,100,0,84,325543435,,,67,28998,100,0,,,100,8,,,,,,,,,,,,,,,,,,,,,,,,,,,,,,,100,0,100,0,100,0,100,0,100,0,57,43,100,0,100,0,99,3615,43,43,,,,,100,0,100,0,200,0,,,,,,,,,,,,,,,,,,,,,,,,,,,100,28972,100,41828318088,100,145180133562,,,,,,,,,,
2019-06-10,Z305GVWB,ST4000DM000,4000787030016,0,117,162126952,,,92,0,100,8,100,0,84,326156779,,,67,29022,100,0,,,100,8,,,,,,,,,,,,,,,,,,,,,,,,,,,,,,,100,0,100,0,100,0,100,0,100,0,58,42,100,0,100,0,99,3615,42,42,,,,,100,0,100,0,200,0,,,,,,,,,,,,,,,,,,,,,,,,,,,100,28996,100,41829793456,100,145313134485,,,,,,,,,,
2019-06-11,Z305GVWB,ST4000DM000,4000787030016,0,111,31039152,,,92,0,100,8,100,0,84,326855432,,,67,29046,100,0,,,100,8,,,,,,,,,,,,,,,,,,,,,,,,,,,,,,,100,0,100,0,100,0,100,0,100,0,57,43,100,0,100,0,99,3615,43,43,,,,,100,0,100,0,200,0,,,,,,,,,,,,,,,,,,,,,,,,,,,100,29020,100,41831075184,100,145439910933,,,,,,,,,,
2019-06-12,Z305GVWB,ST4000DM000,4000787030016,0,116,110556960,,,92,0,100,8,100,0,84,328155546,,,67,29069,100,0,,,100,8,,,,,,,,,,,,,,,,,,,,,,,,,,,,,,,100,0,100,0,100,0,100,0,100,0,57,43,100,0,100,0,99,3615,43,43,,,,,100,0,100,0,200,0,,,,,,,,,,,,,,,,,,,,,,,,,,,100,29044,100,41834882864,100,145591806745,,,,,,,,,,
2019-06-13,Z305GVWB,ST4000DM000,4000787030016,0,116,112929456,,,92,0,100,8,100,0,84,328853960,,,67,29093,100,0,,,100,8,,,,,,,,,,,,,,,,,,,,,,,,,,,,,,,100,0,100,0,100,0,100,0,100,0,57,43,100,0,100,0,99,3615,43,43,,,,,100,0,100,0,200,0,,,,,,,,,,,,,,,,,,,,,,,,,,,100,29067,100,41836343536,100,145737128466,,,,,,,,,,
2019-06-14,Z305GVWB,ST4000DM000,4000787030016,0,119,222442584,,,92,0,100,8,100,0,84,330465799,,,67,29117,100,0,,,100,8,,,,,,,,,,,,,,,,,,,,,,,,,,,,,,,100,0,100,0,100,0,100,0,100,0,57,43,100,0,100,0,99,3615,43,43,,,,,100,0,100,0,200,0,,,,,,,,,,,,,,,,,,,,,,,,,,,100,29091,100,41840824480,100,145903161419,,,,,,,,,,
2019-06-15,Z305GVWB,ST4000DM000,4000787030016,0,117,147897088,,,92,0,100,8,100,0,84,331675440,,,67,29141,100,0,,,100,8,,,,,,,,,,,,,,,,,,,,,,,,,,,,,,,100,0,100,0,100,0,100,0,100,0,57,43,100,0,100,0,99,3615,43,43,,,,,100,0,100,0,200,0,,,,,,,,,,,,,,,,,,,,,,,,,,,100,29115,100,41842646680,100,146046161114,,,,,,,,,,
2019-06-16,Z305GVWB,ST4000DM000,4000787030016,0,118,171247944,,,92,0,100,8,100,0,84,332548706,,,67,29165,100,0,,,100,8,,,,,,,,,,,,,,,,,,,,,,,,,,,,,,,100,0,100,0,100,0,100,0,100,0,56,44,100,0,100,0,99,3615,44,44,,,,,100,0,100,0,200,0,,,,,,,,,,,,,,,,,,,,,,,,,,,100,29139,100,41844143160,100,146191065697,,,,,,,,,,
2019-06-17,Z305GVWB,ST4000DM000,4000787030016,0,108,17281384,,,92,0,100,8,100,0,84,333384699,,,67,29189,100,0,,,100,8,,,,,,,,,,,,,,,,,,,,,,,,,,,,,,,100,0,100,0,100,0,100,0,100,0,56,44,100,0,100,0,99,3615,44,44,,,,,100,0,100,0,200,0,,,,,,,,,,,,,,,,,,,,,,,,,,,100,29163,100,41845556936,100,146310686187,,,,,,,,,,
2019-06-18,Z305GVWB,ST4000DM000,4000787030016,0,109,23471152,,,92,0,100,8,100,0,84,334549015,,,67,29213,100,0,,,100,8,,,,,,,,,,,,,,,,,,,,,,,,,,,,,,,100,0,100,0,100,0,100,0,100,0,57,43,100,0,100,0,99,3615,43,43,,,,,100,0,100,0,200,0,,,,,,,,,,,,,,,,,,,,,,,,,,,100,29187,100,41847157776,100,146439511667,,,,,,,,,,
2019-06-19,Z305GVWB,ST4000DM000,4000787030016,0,117,156251360,,,92,0,100,8,100,0,85,335773890,,,67,29236,100,0,,,100,8,,,,,,,,,,,,,,,,,,,,,,,,,,,,,,,100,0,100,0,100,0,100,0,100,0,56,44,100,0,100,0,99,3615,44,44,,,,,100,0,100,0,200,0,,,,,,,,,,,,,,,,,,,,,,,,,,,100,29210,100,41850053304,100,146555089092,,,,,,,,,,
2019-06-20,Z305GVWB,ST4000DM000,4000787030016,0,118,178921408,,,92,0,100,8,100,0,85,336636544,,,67,29260,100,0,,,100,8,,,,,,,,,,,,,,,,,,,,,,,,,,,,,,,100,0,100,0,100,0,100,0,100,0,56,44,100,0,100,0,99,3615,44,44,,,,,100,0,100,0,200,0,,,,,,,,,,,,,,,,,,,,,,,,,,,100,29234,100,41851414424,100,146711467492,,,,,,,,,,
2019-06-21,Z305GVWB,ST4000DM000,4000787030016,0,120,237126480,,,92,0,100,8,100,0,85,337389839,,,67,29283,100,0,,,100,8,,,,,,,,,,,,,,,,,,,,,,,,,,,,,,,100,0,100,0,100,0,100,0,100,0,57,43,100,0,100,0,99,3615,43,43,,,,,100,0,100,0,200,0,,,,,,,,,,,,,,,,,,,,,,,,,,,100,29258,100,41852852880,100,146861944515,,,,,,,,,,
2019-06-22,Z305GVWB,ST4000DM000,4000787030016,0,118,176019192,,,92,0,100,8,100,0,85,338700729,,,67,29307,100,0,,,100,8,,,,,,,,,,,,,,,,,,,,,,,,,,,,,,,100,0,100,0,100,0,100,0,100,0,57,43,100,0,100,0,99,3615,43,43,,,,,100,0,100,0,200,0,,,,,,,,,,,,,,,,,,,,,,,,,,,100,29281,100,41857109960,100,146979853408,,,,,,,,,,
2019-06-23,Z305GVWB,ST4000DM000,4000787030016,0,120,240660016,,,92,0,100,8,100,0,85,339152910,,,67,29331,100,0,,,100,8,,,,,,,,,,,,,,,,,,,,,,,,,,,,,,,100,0,100,0,100,0,100,0,100,0,56,44,100,0,100,0,99,3615,44,44,,,,,100,0,100,0,200,0,,,,,,,,,,,,,,,,,,,,,,,,,,,100,29305,100,41858736760,100,147085234643,,,,,,,,,,
2019-06-24,Z305GVWB,ST4000DM000,4000787030016,0,119,207711704,,,92,0,100,8,100,0,85,339505180,,,67,29355,100,0,,,100,8,,,,,,,,,,,,,,,,,,,,,,,,,,,,,,,100,0,100,0,100,0,100,0,100,0,57,43,100,0,100,0,99,3615,43,43,,,,,100,0,100,0,200,0,,,,,,,,,,,,,,,,,,,,,,,,,,,100,29329,100,41860023616,100,147166770236,,,,,,,,,,
2019-06-25,Z305GVWB,ST4000DM000,4000787030016,0,111,36581504,,,92,0,100,8,100,0,85,339838545,,,67,29378,100,0,,,100,8,,,,,,,,,,,,,,,,,,,,,,,,,,,,,,,100,0,100,0,100,0,100,0,100,0,56,44,100,0,100,0,99,3615,44,44,,,,,100,0,100,0,200,0,,,,,,,,,,,,,,,,,,,,,,,,,,,100,29352,100,41862015040,100,147282018708,,,,,,,,,,
2019-06-26,Z305GVWB,ST4000DM000,4000787030016,0,110,29174448,,,92,0,100,8,100,0,85,340954741,,,67,29402,100,0,,,100,8,,,,,,,,,,,,,,,,,,,,,,,,,,,,,,,100,0,100,0,100,0,100,0,100,0,56,44,100,0,100,0,99,3615,44,44,,,,,100,0,100,0,200,0,,,,,,,,,,,,,,,,,,,,,,,,,,,100,29376,100,41866737904,100,147473318573,,,,,,,,,,
2019-06-27,Z305GVWB,ST4000DM000,4000787030016,0,117,143946048,,,92,0,100,8,100,0,85,341623413,,,67,29426,100,0,,,100,8,,,,,,,,,,,,,,,,,,,,,,,,,,,,,,,100,0,100,0,100,0,100,0,100,0,57,43,100,0,100,0,99,3615,43,43,,,,,100,0,100,0,200,0,,,,,,,,,,,,,,,,,,,,,,,,,,,100,29400,100,41869745920,100,147780736096,,,,,,,,,,
2019-06-28,Z305GVWB,ST4000DM000,4000787030016,0,115,90803872,,,92,0,100,8,100,0,85,342506298,,,67,29450,100,0,,,100,8,,,,,,,,,,,,,,,,,,,,,,,,,,,,,,,100,0,100,0,100,0,100,0,100,0,56,44,100,0,100,0,99,3615,44,44,,,,,100,0,100,0,200,0,,,,,,,,,,,,,,,,,,,,,,,,,,,100,29424,100,41873070376,100,148115504881,,,,,,,,,,
2019-06-29,Z305GVWB,ST4000DM000,4000787030016,0,117,123987424,,,92,0,100,8,100,0,85,344951680,,,67,29474,100,0,,,100,8,,,,,,,,,,,,,,,,,,,,,,,,,,,,,,,100,0,100,0,100,0,100,0,100,0,56,44,100,0,100,0,99,3615,44,44,,,,,100,0,100,0,200,0,,,,,,,,,,,,,,,,,,,,,,,,,,,100,29448,100,41877635000,100,148426621254,,,,,,,,,,
2019-06-30,Z305GVWB,ST4000DM000,4000787030016,0,117,163223272,,,92,0,100,8,100,0,85,346711334,,,67,29498,100,0,,,100,8,,,,,,,,,,,,,,,,,,,,,,,,,,,,,,,100,0,100,0,100,0,100,0,100,0,56,44,100,0,100,0,99,3615,44,44,,,,,100,0,100,0,200,0,,,,,,,,,,,,,,,,,,,,,,,,,,,100,29472,100,41880811752,100,148789148177,,,,,,,,,,
2019-07-01,Z305GVWB,ST4000DM000,4000787030016,0,117,125390120,,,92,0,100,8,100,0,85,348159425,,,67,29522,100,0,,,100,8,,,,,,,,,,,,,,,,,,,,,,,,,,,,,,,100,0,100,0,100,0,100,0,100,0,56,44,100,0,100,0,99,3615,44,44,,,,,100,0,100,0,200,0,,,,,,,,,,,,,,,,,,,,,,,,,,,100,29496,100,41883704024,100,149083480758,,,,,,,,,,
2019-07-02,Z305GVWB,ST4000DM000,4000787030016,0,116,112304976,,,92,0,100,8,100,0,85,350468951,,,67,29546,100,0,,,100,8,,,,,,,,,,,,,,,,,,,,,,,,,,,,,,,100,0,100,0,100,0,100,0,100,0,56,44,100,0,100,0,99,3615,44,44,,,,,100,0,100,0,200,0,,,,,,,,,,,,,,,,,,,,,,,,,,,100,29520,100,41888752240,100,149339282399,,,,,,,,,,
2019-07-03,Z305GVWB,ST4000DM000,4000787030016,0,118,183866992,,,92,0,100,8,100,0,85,352200519,,,67,29570,100,0,,,100,8,,,,,,,,,,,,,,,,,,,,,,,,,,,,,,,100,0,100,0,100,0,100,0,100,0,56,44,100,0,100,0,99,3615,44,44,,,,,100,0,100,0,200,0,,,,,,,,,,,,,,,,,,,,,,,,,,,100,29544,100,41893327208,100,149601461220,,,,,,,,,,
2019-07-04,Z305GVWB,ST4000DM000,4000787030016,0,117,139609848,,,92,0,100,8,100,0,85,353680044,,,67,29594,100,0,,,100,8,,,,,,,,,,,,,,,,,,,,,,,,,,,,,,,100,0,100,0,100,0,100,0,100,0,56,44,100,0,100,0,99,3615,44,44,,,,,100,0,100,0,200,0,,,,,,,,,,,,,,,,,,,,,,,,,,,100,29568,100,41895382424,100,149897527791,,,,,,,,,,
2019-07-05,Z305GVWB,ST4000DM000,4000787030016,0,118,198333648,,,92,0,100,8,100,0,85,355265394,,,67,29618,100,0,,,100,8,,,,,,,,,,,,,,,,,,,,,,,,,,,,,,,100,0,100,0,100,0,100,0,100,0,56,44,100,0,100,0,99,3615,44,44,,,,,100,0,100,0,200,0,,,,,,,,,,,,,,,,,,,,,,,,,,,100,29592,100,41898080136,100,150208093585,,,,,,,,,,
2019-07-06,Z305GVWB,ST4000DM000,4000787030016,0,114,73627368,,,92,0,100,8,100,0,85,357214867,,,67,29642,100,0,,,100,8,,,,,,,,,,,,,,,,,,,,,,,,,,,,,,,100,0,100,0,100,0,100,0,100,0,56,44,100,0,100,0,99,3615,44,44,,,,,100,0,100,0,200,0,,,,,,,,,,,,,,,,,,,,,,,,,,,100,29616,100,41902051584,100,150450168245,,,,,,,,,,
2019-07-07,Z305GVWB,ST4000DM000,4000787030016,0,117,125243816,,,92,0,100,8,100,0,85,358793011,,,67,29666,100,0,,,100,8,,,,,,,,,,,,,,,,,,,,,,,,,,,,,,,100,0,100,0,100,0,100,0,100,0,57,43,100,0,100,0,99,3615,43,43,,,,,100,0,100,0,200,0,,,,,,,,,,,,,,,,,,,,,,,,,,,100,29640,100,41904279136,100,150658317748,,,,,,,,,,
2019-07-08,Z305GVWB,ST4000DM000,4000787030016,0,116,105631192,,,92,0,100,8,100,0,85,360670829,,,67,29690,100,0,,,100,8,,,,,,,,,,,,,,,,,,,,,,,,,,,,,,,100,0,100,0,100,0,100,0,100,0,56,44,100,0,100,0,99,3615,44,44,,,,,100,0,100,0,200,0,,,,,,,,,,,,,,,,,,,,,,,,,,,100,29664,100,41906386272,100,150979686759,,,,,,,,,,
2019-07-09,Z305GVWB,ST4000DM000,4000787030016,0,119,220110344,,,92,0,100,8,100,0,85,361671485,,,67,29714,100,0,,,100,8,,,,,,,,,,,,,,,,,,,,,,,,,,,,,,,100,0,100,0,100,0,100,0,100,0,56,44,100,0,100,0,99,3615,44,44,,,,,100,0,100,0,200,0,,,,,,,,,,,,,,,,,,,,,,,,,,,100,29688,100,41908672480,100,151219805759,,,,,,,,,,
2019-07-10,Z305GVWB,ST4000DM000,4000787030016,0,117,156401496,,,92,0,100,8,100,0,85,362910403,,,67,29738,100,0,,,100,8,,,,,,,,,,,,,,,,,,,,,,,,,,,,,,,100,0,100,0,100,0,100,0,100,0,56,44,100,0,100,0,99,3615,44,44,,,,,100,0,100,0,200,0,,,,,,,,,,,,,,,,,,,,,,,,,,,100,29712,100,41913467608,100,151422631874,,,,,,,,,,
2019-07-11,Z305GVWB,ST4000DM000,4000787030016,0,117,163159512,,,92,0,100,8,100,0,85,364208070,,,67,29762,100,0,,,100,8,,,,,,,,,,,,,,,,,,,,,,,,,,,,,,,100,0,100,0,100,0,100,0,100,0,57,43,100,0,100,0,99,3615,43,43,,,,,100,0,100,0,200,0,,,,,,,,,,,,,,,,,,,,,,,,,,,100,29736,100,41917791952,100,151751578322,,,,,,,,,,
2019-07-12,Z305GVWB,ST4000DM000,4000787030016,0,110,25272728,,,92,0,100,8,100,0,85,364868123,,,66,29786,100,0,,,100,8,,,,,,,,,,,,,,,,,,,,,,,,,,,,,,,100,0,100,0,100,0,100,0,100,0,57,43,100,0,100,0,99,3615,43,43,,,,,100,0,100,0,200,0,,,,,,,,,,,,,,,,,,,,,,,,,,,100,29760,100,41920872720,100,152086348627,,,,,,,,,,
2019-07-13,Z305GVWB,ST4000DM000,4000787030016,0,114,67179760,,,92,0,100,8,100,0,85,366386492,,,66,29810,100,0,,,100,8,,,,,,,,,,,,,,,,,,,,,,,,,,,,,,,100,0,100,0,100,0,100,0,100,0,56,44,100,0,100,0,99,3615,44,44,,,,,100,0,100,0,200,0,,,,,,,,,,,,,,,,,,,,,,,,,,,100,29784,100,41925699552,100,152367697197,,,,,,,,,,
2019-07-14,Z305GVWB,ST4000DM000,4000787030016,0,108,15486656,,,92,0,100,8,100,0,85,368672880,,,66,29834,100,0,,,100,8,,,,,,,,,,,,,,,,,,,,,,,,,,,,,,,100,0,100,0,100,0,100,0,100,0,56,44,100,0,100,0,99,3615,44,44,,,,,100,0,100,0,200,0,,,,,,,,,,,,,,,,,,,,,,,,,,,100,29809,100,41928731120,100,152718506494,,,,,,,,,,
2019-07-15,Z305GVWB,ST4000DM000,4000787030016,0,117,163830120,,,92,0,100,8,100,0,85,370176419,,,66,29858,100,0,,,100,8,,,,,,,,,,,,,,,,,,,,,,,,,,,,,,,100,0,100,0,100,0,100,0,100,0,56,44,100,0,100,0,99,3615,44,44,,,,,100,0,100,0,200,0,,,,,,,,,,,,,,,,,,,,,,,,,,,100,29833,100,41931995024,100,153055228738,,,,,,,,,,
2019-07-16,Z305GVWB,ST4000DM000,4000787030016,0,116,112601400,,,92,0,100,8,100,0,85,371701748,,,66,29882,100,0,,,100,8,,,,,,,,,,,,,,,,,,,,,,,,,,,,,,,100,0,100,0,100,0,100,0,100,0,56,44,100,0,100,0,99,3615,44,44,,,,,100,0,100,0,200,0,,,,,,,,,,,,,,,,,,,,,,,,,,,100,29857,100,41937253840,100,153312614555,,,,,,,,,,
2019-07-17,Z305GVWB,ST4000DM000,4000787030016,0,107,13300352,,,92,0,100,8,100,0,85,374054634,,,66,29907,100,0,,,100,8,,,,,,,,,,,,,,,,,,,,,,,,,,,,,,,100,0,100,0,100,0,100,0,100,0,56,44,100,0,100,0,99,3615,44,44,,,,,100,0,100,0,200,0,,,,,,,,,,,,,,,,,,,,,,,,,,,100,29881,100,41943430680,100,153658763081,,,,,,,,,,
2019-07-18,Z305GVWB,ST4000DM000,4000787030016,0,109,23456024,,,92,0,100,8,100,0,85,375290603,,,66,29931,100,0,,,100,8,,,,,,,,,,,,,,,,,,,,,,,,,,,,,,,100,0,100,0,100,0,100,0,100,0,56,44,100,0,100,0,99,3615,44,44,,,,,100,0,100,0,200,0,,,,,,,,,,,,,,,,,,,,,,,,,,,100,29905,100,41945420400,100,153895217091,,,,,,,,,,
2019-07-19,Z305GVWB,ST4000DM000,4000787030016,0,119,212082336,,,92,0,100,8,100,0,85,376768005,,,66,29955,100,0,,,100,8,,,,,,,,,,,,,,,,,,,,,,,,,,,,,,,100,0,100,0,100,0,100,0,100,0,56,44,100,0,100,0,99,3615,44,44,,,,,100,0,100,0,200,0,,,,,,,,,,,,,,,,,,,,,,,,,,,100,29929,100,41949708304,100,154196732158,,,,,,,,,,
2019-07-20,Z305GVWB,ST4000DM000,4000787030016,0,117,135362976,,,92,0,100,8,100,0,85,378750769,,,66,29979,100,0,,,100,8,,,,,,,,,,,,,,,,,,,,,,,,,,,,,,,100,0,100,0,100,0,100,0,100,0,56,44,100,0,100,0,99,3615,44,44,,,,,100,0,100,0,200,0,,,,,,,,,,,,,,,,,,,,,,,,,,,100,29953,100,41956071248,100,154460769977,,,,,,,,,,
2019-07-21,Z305GVWB,ST4000DM000,4000787030016,0,118,171425328,,,92,0,100,8,100,0,85,381447310,,,66,30003,100,0,,,100,8,,,,,,,,,,,,,,,,,,,,,,,,,,,,,,,100,0,100,0,100,0,100,0,100,0,55,45,100,0,100,0,99,3615,45,45,,,,,100,0,100,0,200,0,,,,,,,,,,,,,,,,,,,,,,,,,,,100,29977,100,41962104496,100,154720104235,,,,,,,,,,
2019-07-22,Z305GVWB,ST4000DM000,4000787030016,0,117,137607120,,,92,0,100,8,100,0,85,383109097,,,66,30027,100,0,,,100,8,,,,,,,,,,,,,,,,,,,,,,,,,,,,,,,100,0,100,0,100,0,100,0,100,0,55,45,100,0,100,0,99,3615,45,45,,,,,100,0,100,0,200,0,,,,,,,,,,,,,,,,,,,,,,,,,,,100,30001,100,41964599288,100,154945094517,,,,,,,,,,
2019-07-23,Z305GVWB,ST4000DM000,4000787030016,0,117,128200672,,,92,0,100,8,100,0,85,384547414,,,66,30051,100,0,,,100,8,,,,,,,,,,,,,,,,,,,,,,,,,,,,,,,100,0,100,0,100,0,100,0,100,0,56,44,100,0,100,0,99,3615,44,44,,,,,100,0,100,0,200,0,,,,,,,,,,,,,,,,,,,,,,,,,,,100,30025,100,41968500656,100,155248437898,,,,,,,,,,
2019-07-24,Z305GVWB,ST4000DM000,4000787030016,0,115,97085920,,,92,0,100,8,100,0,85,386004170,,,66,30075,100,0,,,100,8,,,,,,,,,,,,,,,,,,,,,,,,,,,,,,,100,0,100,0,100,0,100,0,100,0,57,43,100,0,100,0,99,3615,43,43,,,,,100,0,100,0,200,0,,,,,,,,,,,,,,,,,,,,,,,,,,,100,30049,100,41973178672,100,155466918188,,,,,,,,,,
2019-07-25,Z305GVWB,ST4000DM000,4000787030016,0,116,113531856,,,92,0,100,8,100,0,85,386726584,,,66,30099,100,0,,,100,8,,,,,,,,,,,,,,,,,,,,,,,,,,,,,,,100,0,100,0,100,0,100,0,100,0,57,43,100,0,100,0,99,3615,43,43,,,,,100,0,100,0,200,0,,,,,,,,,,,,,,,,,,,,,,,,,,,100,30073,100,41976770016,100,155744289779,,,,,,,,,,
2019-07-26,Z305GVWB,ST4000DM000,4000787030016,0,115,94781264,,,92,0,100,8,100,0,85,387426006,,,66,30123,100,0,,,100,8,,,,,,,,,,,,,,,,,,,,,,,,,,,,,,,100,0,100,0,100,0,100,0,100,0,57,43,100,0,100,0,99,3615,43,43,,,,,100,0,100,0,200,0,,,,,,,,,,,,,,,,,,,,,,,,,,,100,30097,100,41980278360,100,156068067346,,,,,,,,,,
2019-07-27,Z305GVWB,ST4000DM000,4000787030016,0,113,57379848,,,92,0,100,8,100,0,85,388696785,,,66,30147,100,0,,,100,8,,,,,,,,,,,,,,,,,,,,,,,,,,,,,,,100,0,100,0,100,0,100,0,100,0,57,43,100,0,100,0,99,3615,43,43,,,,,100,0,100,0,200,0,,,,,,,,,,,,,,,,,,,,,,,,,,,100,30121,100,41986422568,100,156347086733,,,,,,,,,,
2019-07-28,Z305GVWB,ST4000DM000,4000787030016,0,118,185514656,,,92,0,100,8,100,0,85,390861395,,,66,30171,100,0,,,100,8,,,,,,,,,,,,,,,,,,,,,,,,,,,,,,,100,0,100,0,100,0,100,0,100,0,57,43,100,0,100,0,99,3615,43,43,,,,,100,0,100,0,200,0,,,,,,,,,,,,,,,,,,,,,,,,,,,100,30145,100,41990479744,100,156712069412,,,,,,,,,,
2019-07-29,Z305GVWB,ST4000DM000,4000787030016,0,120,240854080,,,92,0,100,8,100,0,85,392700282,,,66,30195,100,0,,,100,8,,,,,,,,,,,,,,,,,,,,,,,,,,,,,,,100,0,100,0,100,0,100,0,100,0,56,44,100,0,100,0,99,3615,44,44,,,,,100,0,100,0,200,0,,,,,,,,,,,,,,,,,,,,,,,,,,,100,30169,100,41996532200,100,157063712630,,,,,,,,,,
2019-07-30,Z305GVWB,ST4000DM000,4000787030016,0,113,55105400,,,92,0,100,8,100,0,85,394208640,,,66,30219,100,0,,,100,8,,,,,,,,,,,,,,,,,,,,,,,,,,,,,,,100,0,100,0,100,0,100,0,100,0,57,43,100,0,100,0,99,3615,43,43,,,,,100,0,100,0,200,0,,,,,,,,,,,,,,,,,,,,,,,,,,,100,30193,100,42010510000,100,157337345331,,,,,,,,,,
2019-07-31,Z305GVWB,ST4000DM000,4000787030016,0,114,63658760,,,92,0,100,8,100,0,85,396610460,,,66,30243,100,0,,,100,8,,,,,,,,,,,,,,,,,,,,,,,,,,,,,,,100,0,100,0,100,0,100,0,100,0,56,44,100,0,100,0,99,3615,44,44,,,,,100,0,100,0,200,0,,,,,,,,,,,,,,,,,,,,,,,,,,,100,30217,100,42052339760,100,157670548702,,,,,,,,,,
2019-08-01,Z305GVWB,ST4000DM000,4000787030016,0,117,123579376,,,92,0,100,8,100,0,85,398738471,,,66,30267,100,0,,,100,8,,,,,,,,,,,,,,,,,,,,,,,,,,,,,,,100,0,100,0,100,0,100,0,100,0,56,44,100,0,100,0,99,3615,44,44,,,,,100,0,100,0,200,0,,,,,,,,,,,,,,,,,,,,,,,,,,,100,30241,100,42085895936,100,157922286048,,,,,,,,,,
2019-08-02,Z305GVWB,ST4000DM000,4000787030016,0,114,69456504,,,92,0,100,8,100,0,85,400381081,,,66,30291,100,0,,,100,8,,,,,,,,,,,,,,,,,,,,,,,,,,,,,,,100,0,100,0,100,0,100,0,100,0,56,44,100,0,100,0,99,3615,44,44,,,,,100,0,100,0,200,0,,,,,,,,,,,,,,,,,,,,,,,,,,,100,30265,100,42129109288,100,158219113100,,,,,,,,,,
2019-08-03,Z305GVWB,ST4000DM000,4000787030016,0,117,152068360,,,92,0,100,8,100,0,85,402160928,,,66,30315,100,0,,,100,8,,,,,,,,,,,,,,,,,,,,,,,,,,,,,,,100,0,100,0,100,0,100,0,100,0,56,44,100,0,100,0,99,3615,44,44,,,,,100,0,100,0,200,0,,,,,,,,,,,,,,,,,,,,,,,,,,,100,30289,100,42169009472,100,158440632340,,,,,,,,,,
2019-08-04,Z305GVWB,ST4000DM000,4000787030016,0,117,126381872,,,92,0,100,8,100,0,86,404056063,,,66,30339,100,0,,,100,8,,,,,,,,,,,,,,,,,,,,,,,,,,,,,,,100,0,100,0,100,0,100,0,100,0,56,44,100,0,100,0,99,3615,44,44,,,,,100,0,100,0,200,0,,,,,,,,,,,,,,,,,,,,,,,,,,,100,30313,100,42203842680,100,158722480873,,,,,,,,,,
2019-08-05,Z305GVWB,ST4000DM000,4000787030016,0,117,147623832,,,92,0,100,8,100,0,86,405914708,,,66,30363,100,0,,,100,8,,,,,,,,,,,,,,,,,,,,,,,,,,,,,,,100,0,100,0,100,0,100,0,100,0,55,45,100,0,100,0,99,3615,45,45,,,,,100,0,100,0,200,0,,,,,,,,,,,,,,,,,,,,,,,,,,,100,30337,100,42256568240,100,158954234302,,,,,,,,,,
2019-08-06,Z305GVWB,ST4000DM000,4000787030016,0,117,131514864,,,92,0,100,8,100,0,86,407947453,,,66,30387,100,0,,,100,8,,,,,,,,,,,,,,,,,,,,,,,,,,,,,,,100,0,100,0,100,0,100,0,100,0,56,44,100,0,100,0,99,3615,44,44,,,,,100,0,100,0,200,0,,,,,,,,,,,,,,,,,,,,,,,,,,,100,30361,100,42310589736,100,159290720412,,,,,,,,,,
2019-08-07,Z305GVWB,ST4000DM000,4000787030016,0,108,19005160,,,92,0,100,8,100,0,86,409595644,,,66,30411,100,0,,,100,8,,,,,,,,,,,,,,,,,,,,,,,,,,,,,,,100,0,100,0,100,0,100,0,100,0,54,46,100,0,100,0,99,3615,46,46,,,,,100,0,100,0,200,0,,,,,,,,,,,,,,,,,,,,,,,,,,,100,30385,100,42353147608,100,159540292430,,,,,,,,,,
2019-08-08,Z305GVWB,ST4000DM000,4000787030016,0,115,85919296,,,92,0,100,8,100,0,86,410709997,,,66,30435,100,0,,,100,8,,,,,,,,,,,,,,,,,,,,,,,,,,,,,,,100,0,100,0,100,0,100,0,100,0,55,45,100,0,100,0,99,3615,45,45,,,,,100,0,100,0,200,0,,,,,,,,,,,,,,,,,,,,,,,,,,,100,30409,100,42416622552,100,159861567410,,,,,,,,,,
2019-08-09,Z305GVWB,ST4000DM000,4000787030016,0,115,91711776,,,92,0,100,8,100,0,86,411699938,,,66,30459,100,0,,,100,8,,,,,,,,,,,,,,,,,,,,,,,,,,,,,,,100,0,100,0,100,0,100,0,100,0,54,46,100,0,100,0,99,3615,46,46,,,,,100,0,100,0,200,0,,,,,,,,,,,,,,,,,,,,,,,,,,,100,30433,100,42471778688,100,160116729838,,,,,,,,,,
2019-08-10,Z305GVWB,ST4000DM000,4000787030016,0,109,23545368,,,92,0,100,8,100,0,86,413004175,,,66,30483,100,0,,,100,8,,,,,,,,,,,,,,,,,,,,,,,,,,,,,,,100,0,100,0,100,0,100,0,100,0,54,46,100,0,100,0,99,3615,46,46,,,,,100,0,100,0,200,0,,,,,,,,,,,,,,,,,,,,,,,,,,,100,30457,100,42496645712,100,160396105916,,,,,,,,,,
2019-08-11,Z305GVWB,ST4000DM000,4000787030016,0,111,35872736,,,92,0,100,8,100,0,86,414293450,,,66,30507,100,0,,,100,8,,,,,,,,,,,,,,,,,,,,,,,,,,,,,,,100,0,100,0,100,0,100,0,100,0,53,47,100,0,100,0,99,3615,47,47,,,,,100,0,100,0,200,0,,,,,,,,,,,,,,,,,,,,,,,,,,,100,30481,100,42517923920,100,160734378072,,,,,,,,,,
2019-08-12,Z305GVWB,ST4000DM000,4000787030016,0,119,204117232,,,92,0,100,8,100,0,86,416928081,,,66,30530,100,0,,,100,8,,,,,,,,,,,,,,,,,,,,,,,,,,,,,,,100,0,100,0,100,0,100,0,100,0,54,46,100,0,100,0,99,3615,46,46,,,,,100,0,100,0,200,0,,,,,,,,,,,,,,,,,,,,,,,,,,,100,30505,100,42543694248,100,161095967153,,,,,,,,,,
2019-08-13,Z305GVWB,ST4000DM000,4000787030016,0,115,91470576,,,92,0,100,8,100,0,86,418862339,,,66,30554,100,0,,,100,8,,,,,,,,,,,,,,,,,,,,,,,,,,,,,,,100,0,100,0,100,0,100,0,100,0,56,44,100,0,100,0,99,3615,44,44,,,,,100,0,100,0,200,0,,,,,,,,,,,,,,,,,,,,,,,,,,,100,30529,100,42584694312,100,161454535091,,,,,,,,,,
2019-08-14,Z305GVWB,ST4000DM000,4000787030016,0,120,240954976,,,92,0,100,8,100,0,86,421014512,,,66,30578,100,0,,,100,8,,,,,,,,,,,,,,,,,,,,,,,,,,,,,,,100,0,100,0,100,0,100,0,100,0,56,44,100,0,100,0,99,3615,44,44,,,,,100,0,100,0,200,0,,,,,,,,,,,,,,,,,,,,,,,,,,,100,30552,100,42610780840,100,161750150315,,,,,,,,,,
2019-08-15,Z305GVWB,ST4000DM000,4000787030016,0,117,121113064,,,92,0,100,8,100,0,86,422451512,,,66,30602,100,0,,,100,8,,,,,,,,,,,,,,,,,,,,,,,,,,,,,,,100,0,100,0,100,0,100,0,100,0,54,46,100,0,100,0,99,3615,46,46,,,,,100,0,100,0,200,0,,,,,,,,,,,,,,,,,,,,,,,,,,,100,30576,100,42631386136,100,162041520332,,,,,,,,,,
2019-08-16,Z305GVWB,ST4000DM000,4000787030016,0,109,24450576,,,92,0,100,8,100,0,86,423888842,,,66,30626,100,0,,,100,8,,,,,,,,,,,,,,,,,,,,,,,,,,,,,,,100,0,100,0,100,0,100,0,100,0,55,45,100,0,100,0,99,3615,45,45,,,,,100,0,100,0,200,0,,,,,,,,,,,,,,,,,,,,,,,,,,,100,30600,100,42652421992,100,162318289595,,,,,,,,,,
2019-08-17,Z305GVWB,ST4000DM000,4000787030016,0,104,6458824,,,92,0,100,8,100,0,86,425672433,,,66,30650,100,0,,,100,8,,,,,,,,,,,,,,,,,,,,,,,,,,,,,,,100,0,100,0,100,0,100,0,100,0,54,46,100,0,100,0,99,3615,46,46,,,,,100,0,100,0,200,0,,,,,,,,,,,,,,,,,,,,,,,,,,,100,30624,100,42676721352,100,162539239760,,,,,,,,,,
2019-08-18,Z305GVWB,ST4000DM000,4000787030016,0,113,56381952,,,92,0,100,8,100,0,86,427244230,,,65,30674,100,0,,,100,8,,,,,,,,,,,,,,,,,,,,,,,,,,,,,,,100,0,100,0,100,0,100,0,100,0,53,47,100,0,100,0,99,3615,47,47,,,,,100,0,100,0,200,0,,,,,,,,,,,,,,,,,,,,,,,,,,,100,30648,100,42705799784,100,162836746058,,,,,,,,,,
2019-08-19,Z305GVWB,ST4000DM000,4000787030016,0,118,198396368,,,92,0,100,8,100,0,86,429033892,,,65,30698,100,0,,,100,8,,,,,,,,,,,,,,,,,,,,,,,,,,,,,,,100,0,100,0,100,0,100,0,100,0,53,47,100,0,100,0,99,3615,47,47,,,,,100,0,100,0,200,0,,,,,,,,,,,,,,,,,,,,,,,,,,,100,30672,100,42729235784,100,163136220904,,,,,,,,,,
2019-08-20,Z305GVWB,ST4000DM000,4000787030016,0,109,23839472,,,92,0,100,8,100,0,86,430876582,,,65,30722,100,0,,,100,8,,,,,,,,,,,,,,,,,,,,,,,,,,,,,,,100,0,100,0,100,0,100,0,100,0,54,46,100,0,100,0,99,3615,46,46,,,,,100,0,100,0,200,0,,,,,,,,,,,,,,,,,,,,,,,,,,,100,30696,100,42759659440,100,163362735320,,,,,,,,,,
2019-08-21,Z305GVWB,ST4000DM000,4000787030016,0,118,173712912,,,92,0,100,8,100,0,86,433652066,,,65,30746,100,0,,,100,8,,,,,,,,,,,,,,,,,,,,,,,,,,,,,,,100,0,100,0,100,0,100,0,100,0,53,47,100,0,100,0,99,3615,47,47,,,,,100,0,100,0,200,0,,,,,,,,,,,,,,,,,,,,,,,,,,,100,30720,100,42783473184,100,163643578802,,,,,,,,,,
2019-08-22,Z305GVWB,ST4000DM000,4000787030016,0,117,160854928,,,92,0,100,8,100,0,86,434949337,,,65,30770,100,0,,,100,8,,,,,,,,,,,,,,,,,,,,,,,,,,,,,,,100,0,100,0,100,0,100,0,100,0,54,46,100,0,100,0,99,3615,46,46,,,,,100,0,100,0,200,0,,,,,,,,,,,,,,,,,,,,,,,,,,,100,30744,100,42812854816,100,163937068836,,,,,,,,,,
2019-08-23,Z305GVWB,ST4000DM000,4000787030016,0,119,209060920,,,92,0,100,8,100,0,86,436126088,,,65,30794,100,0,,,100,8,,,,,,,,,,,,,,,,,,,,,,,,,,,,,,,100,0,100,0,100,0,100,0,100,0,55,45,100,0,100,0,99,3615,45,45,,,,,100,0,100,0,200,0,,,,,,,,,,,,,,,,,,,,,,,,,,,100,30768,100,42863104512,100,164157705595,,,,,,,,,,
2019-08-24,Z305GVWB,ST4000DM000,4000787030016,0,116,110974856,,,92,0,100,8,100,0,86,437433473,,,65,30818,100,0,,,100,8,,,,,,,,,,,,,,,,,,,,,,,,,,,,,,,100,0,100,0,100,0,100,0,100,0,54,46,100,0,100,0,99,3615,46,46,,,,,100,0,100,0,200,0,,,,,,,,,,,,,,,,,,,,,,,,,,,100,30792,100,42912338528,100,164356686303,,,,,,,,,,
2019-08-25,Z305GVWB,ST4000DM000,4000787030016,0,118,189730800,,,92,0,100,8,100,0,86,438379229,,,65,30842,100,0,,,100,8,,,,,,,,,,,,,,,,,,,,,,,,,,,,,,,100,0,100,0,100,0,100,0,100,0,54,46,100,0,100,0,99,3615,46,46,,,,,100,0,100,0,200,0,,,,,,,,,,,,,,,,,,,,,,,,,,,100,30816,100,42942389496,100,164698537899,,,,,,,,,,
2019-08-26,Z305GVWB,ST4000DM000,4000787030016,0,116,110921864,,,92,0,100,8,100,0,86,441628304,,,65,30890,100,0,,,100,8,,,,,,,,,,,,,,,,,,,,,,,,,,,,,,,100,0,100,0,100,0,100,0,100,0,54,46,100,0,100,0,99,3615,46,46,,,,,100,0,100,0,200,0,,,,,,,,,,,,,,,,,,,,,,,,,,,100,30864,100,43002552720,100,165397994035,,,,,,,,,,
2019-08-27,Z305GVWB,ST4000DM000,4000787030016,0,116,110921864,,,92,0,100,8,100,0,86,441628304,,,65,30890,100,0,,,100,8,,,,,,,,,,,,,,,,,,,,,,,,,,,,,,,100,0,100,0,100,0,100,0,100,0,54,46,100,0,100,0,99,3615,46,46,,,,,100,0,100,0,200,0,,,,,,,,,,,,,,,,,,,,,,,,,,,100,30864,100,43002552720,100,165397994035,,,,,,,,,,
2019-08-28,Z305GVWB,ST4000DM000,4000787030016,0,118,190032624,,,92,0,100,8,100,0,86,444142105,,,65,30914,100,0,,,100,8,,,,,,,,,,,,,,,,,,,,,,,,,,,,,,,100,0,100,0,100,0,100,0,100,0,53,47,100,0,100,0,99,3615,47,47,,,,,100,0,100,0,200,0,,,,,,,,,,,,,,,,,,,,,,,,,,,100,30888,100,43038194688,100,165756982255,,,,,,,,,,
2019-08-29,Z305GVWB,ST4000DM000,4000787030016,0,116,100768632,,,92,0,100,8,100,0,86,445735446,,,65,30938,100,0,,,100,8,,,,,,,,,,,,,,,,,,,,,,,,,,,,,,,100,0,100,0,100,0,100,0,100,0,54,46,100,0,100,0,99,3615,46,46,,,,,100,0,100,0,200,0,,,,,,,,,,,,,,,,,,,,,,,,,,,100,30912,100,43090887480,100,166028147546,,,,,,,,,,
2019-08-30,Z305GVWB,ST4000DM000,4000787030016,0,114,65950368,,,92,0,100,8,100,0,86,447804554,,,65,30962,100,0,,,100,8,,,,,,,,,,,,,,,,,,,,,,,,,,,,,,,100,0,100,0,100,0,100,0,100,0,54,46,100,0,100,0,99,3615,46,46,,,,,100,0,100,0,200,0,,,,,,,,,,,,,,,,,,,,,,,,,,,100,30936,100,43127756696,100,166361387629,,,,,,,,,,
2019-08-31,Z305GVWB,ST4000DM000,4000787030016,0,120,221944,,,92,0,100,8,100,0,86,450042380,,,65,30986,100,0,,,100,8,,,,,,,,,,,,,,,,,,,,,,,,,,,,,,,100,0,100,0,100,0,100,0,100,0,53,47,100,0,100,0,99,3615,47,47,,,,,100,0,100,0,200,0,,,,,,,,,,,,,,,,,,,,,,,,,,,100,30960,100,43166039384,100,166574001383,,,,,,,,,,
2019-09-01,Z305GVWB,ST4000DM000,4000787030016,0,115,85927184,,,92,0,100,8,100,0,86,451706805,,,65,31010,100,0,,,100,8,,,,,,,,,,,,,,,,,,,,,,,,,,,,,,,100,0,100,0,100,0,100,0,100,0,54,46,100,0,100,0,99,3615,46,46,,,,,100,0,100,0,200,0,,,,,,,,,,,,,,,,,,,,,,,,,,,100,30984,100,43224496984,100,166873094061,,,,,,,,,,
2019-09-02,Z305GVWB,ST4000DM000,4000787030016,0,117,162187232,,,92,0,100,8,100,0,86,453519439,,,65,31034,100,0,,,100,8,,,,,,,,,,,,,,,,,,,,,,,,,,,,,,,100,0,100,0,100,0,100,0,100,0,54,46,100,0,100,0,99,3615,46,46,,,,,100,0,100,0,200,0,,,,,,,,,,,,,,,,,,,,,,,,,,,100,31008,100,43261990328,100,167186991386,,,,,,,,,,
2019-09-03,Z305GVWB,ST4000DM000,4000787030016,0,120,618680,,,92,0,100,8,100,0,86,455468836,,,65,31058,100,0,,,100,8,,,,,,,,,,,,,,,,,,,,,,,,,,,,,,,100,0,100,0,100,0,100,0,100,0,54,46,100,0,100,0,99,3615,46,46,,,,,100,0,100,0,200,0,,,,,,,,,,,,,,,,,,,,,,,,,,,100,31032,100,43296634896,100,167454615894,,,,,,,,,,
2019-09-04,Z305GVWB,ST4000DM000,4000787030016,0,117,120532384,,,92,0,100,8,100,0,86,457718349,,,65,31082,100,0,,,100,8,,,,,,,,,,,,,,,,,,,,,,,,,,,,,,,100,0,100,0,100,0,100,0,100,0,53,47,100,0,100,0,99,3615,47,47,,,,,100,0,100,0,200,0,,,,,,,,,,,,,,,,,,,,,,,,,,,100,31056,100,43328981696,100,167700510825,,,,,,,,,,
2019-09-05,Z305GVWB,ST4000DM000,4000787030016,0,117,132003480,,,92,0,100,8,100,0,86,459567114,,,65,31106,100,0,,,100,8,,,,,,,,,,,,,,,,,,,,,,,,,,,,,,,100,0,100,0,100,0,100,0,100,0,53,47,100,0,100,0,99,3615,47,47,,,,,100,0,100,0,200,0,,,,,,,,,,,,,,,,,,,,,,,,,,,100,31080,100,43367792216,100,168005983541,,,,,,,,,,
2019-09-06,Z305GVWB,ST4000DM000,4000787030016,0,118,194203224,,,92,0,100,8,100,0,86,460626723,,,65,31130,100,0,,,100,8,,,,,,,,,,,,,,,,,,,,,,,,,,,,,,,100,0,100,0,100,0,100,0,100,0,54,46,100,0,100,0,99,3615,46,46,,,,,100,0,100,0,200,0,,,,,,,,,,,,,,,,,,,,,,,,,,,100,31104,100,43418594256,100,168295219351,,,,,,,,,,
2019-09-07,Z305GVWB,ST4000DM000,4000787030016,0,118,191835424,,,92,0,100,8,100,0,86,462088182,,,65,31154,100,0,,,100,8,,,,,,,,,,,,,,,,,,,,,,,,,,,,,,,100,0,100,0,100,0,100,0,100,0,53,47,100,0,100,0,99,3615,47,47,,,,,100,0,100,0,200,0,,,,,,,,,,,,,,,,,,,,,,,,,,,100,31128,100,43470552576,100,168539580740,,,,,,,,,,
2019-09-08,Z305GVWB,ST4000DM000,4000787030016,0,117,145007432,,,92,0,100,8,100,0,86,463086995,,,65,31178,100,0,,,100,8,,,,,,,,,,,,,,,,,,,,,,,,,,,,,,,100,0,100,0,100,0,100,0,100,0,53,47,100,0,100,0,99,3615,47,47,,,,,100,0,100,0,200,0,,,,,,,,,,,,,,,,,,,,,,,,,,,100,31152,100,43521687384,100,168741342056,,,,,,,,,,
2019-09-09,Z305GVWB,ST4000DM000,4000787030016,0,118,177665512,,,92,0,100,8,100,0,86,464784324,,,65,31202,100,0,,,100,8,,,,,,,,,,,,,,,,,,,,,,,,,,,,,,,100,0,100,0,100,0,100,0,100,0,54,46,100,0,100,0,99,3615,46,46,,,,,100,0,100,0,200,0,,,,,,,,,,,,,,,,,,,,,,,,,,,100,31176,100,43573721072,100,169074414328,,,,,,,,,,
2019-09-10,Z305GVWB,ST4000DM000,4000787030016,0,114,70598104,,,92,0,100,8,100,0,86,465751796,,,65,31226,100,0,,,100,8,,,,,,,,,,,,,,,,,,,,,,,,,,,,,,,100,0,100,0,100,0,100,0,100,0,54,46,100,0,100,0,99,3615,46,46,,,,,100,0,100,0,200,0,,,,,,,,,,,,,,,,,,,,,,,,,,,100,31200,100,43626975568,100,169409584435,,,,,,,,,,
2019-09-11,Z305GVWB,ST4000DM000,4000787030016,0,117,154398320,,,92,0,100,8,100,0,86,467810645,,,65,31250,100,0,,,100,8,,,,,,,,,,,,,,,,,,,,,,,,,,,,,,,100,0,100,0,100,0,100,0,100,0,54,46,100,0,100,0,99,3615,46,46,,,,,100,0,100,0,200,0,,,,,,,,,,,,,,,,,,,,,,,,,,,100,31224,100,43670112136,100,169784093124,,,,,,,,,,
2019-09-12,Z305GVWB,ST4000DM000,4000787030016,0,108,18171528,,,92,0,100,8,100,0,87,469909699,,,65,31274,100,0,,,100,8,,,,,,,,,,,,,,,,,,,,,,,,,,,,,,,100,0,100,0,100,0,100,0,100,0,54,46,100,0,100,0,99,3615,46,46,,,,,100,0,100,0,200,0,,,,,,,,,,,,,,,,,,,,,,,,,,,100,31248,100,43711365776,100,170143412707,,,,,,,,,,
2019-09-13,Z305GVWB,ST4000DM000,4000787030016,0,119,209953016,,,92,0,100,8,100,0,87,471804453,,,65,31298,100,0,,,100,8,,,,,,,,,,,,,,,,,,,,,,,,,,,,,,,100,0,100,0,100,0,100,0,100,0,54,46,100,0,100,0,99,3615,46,46,,,,,100,0,100,0,200,0,,,,,,,,,,,,,,,,,,,,,,,,,,,100,31272,100,43744189344,100,170497817704,,,,,,,,,,
2019-09-14,Z305GVWB,ST4000DM000,4000787030016,0,114,82423664,,,92,0,100,8,100,0,87,473863177,,,65,31322,100,0,,,100,8,,,,,,,,,,,,,,,,,,,,,,,,,,,,,,,100,0,100,0,100,0,100,0,100,0,54,46,100,0,100,0,99,3615,46,46,,,,,100,0,100,0,200,0,,,,,,,,,,,,,,,,,,,,,,,,,,,100,31296,100,43786640296,100,170768267271,,,,,,,,,,
2019-09-15,Z305GVWB,ST4000DM000,4000787030016,0,108,15516528,,,92,0,100,8,100,0,87,475788115,,,65,31346,100,0,,,100,8,,,,,,,,,,,,,,,,,,,,,,,,,,,,,,,100,0,100,0,100,0,100,0,100,0,54,46,100,0,100,0,99,3615,46,46,,,,,100,0,100,0,200,0,,,,,,,,,,,,,,,,,,,,,,,,,,,100,31320,100,43869319136,100,171037396952,,,,,,,,,,
2019-09-16,Z305GVWB,ST4000DM000,4000787030016,0,118,179117480,,,92,0,100,8,100,0,87,477471473,,,65,31370,100,0,,,100,8,,,,,,,,,,,,,,,,,,,,,,,,,,,,,,,100,0,100,0,100,0,100,0,100,0,54,46,100,0,100,0,99,3615,46,46,,,,,100,0,100,0,200,0,,,,,,,,,,,,,,,,,,,,,,,,,,,100,31344,100,43941541200,100,171300079222,,,,,,,,,,
2019-09-17,Z305GVWB,ST4000DM000,4000787030016,0,105,9217056,,,92,0,100,8,100,0,87,479160405,,,65,31394,100,0,,,100,8,,,,,,,,,,,,,,,,,,,,,,,,,,,,,,,100,0,100,0,100,0,100,0,100,0,54,46,100,0,100,0,99,3615,46,46,,,,,100,0,100,0,200,0,,,,,,,,,,,,,,,,,,,,,,,,,,,100,31368,100,43987043224,100,171600035346,,,,,,,,,,
2019-09-18,Z305GVWB,ST4000DM000,4000787030016,0,107,13520088,,,92,0,100,8,100,0,87,481488792,,,65,31418,100,0,,,100,8,,,,,,,,,,,,,,,,,,,,,,,,,,,,,,,100,0,100,0,100,0,100,0,100,0,53,47,100,0,100,0,99,3615,47,47,,,,,100,0,100,0,200,0,,,,,,,,,,,,,,,,,,,,,,,,,,,100,31392,100,44023443520,100,171911013376,,,,,,,,,,
2019-09-19,Z305GVWB,ST4000DM000,4000787030016,0,118,184926176,,,92,0,100,8,100,0,87,482862982,,,65,31442,100,0,,,100,8,,,,,,,,,,,,,,,,,,,,,,,,,,,,,,,100,0,100,0,100,0,100,0,100,0,54,46,100,0,100,0,99,3615,46,46,,,,,100,0,100,0,200,0,,,,,,,,,,,,,,,,,,,,,,,,,,,100,31416,100,44059688104,100,172270176903,,,,,,,,,,
2019-09-20,Z305GVWB,ST4000DM000,4000787030016,0,114,65458824,,,92,0,100,8,100,0,87,484912412,,,65,31466,100,0,,,100,8,,,,,,,,,,,,,,,,,,,,,,,,,,,,,,,100,0,100,0,100,0,100,0,100,0,55,45,100,0,100,0,99,3615,45,45,,,,,100,0,100,0,200,0,,,,,,,,,,,,,,,,,,,,,,,,,,,100,31440,100,44099143392,100,172521151007,,,,,,,,,,
2019-09-21,Z305GVWB,ST4000DM000,4000787030016,0,115,91101224,,,92,0,100,8,100,0,87,486910360,,,65,31490,100,0,,,100,8,,,,,,,,,,,,,,,,,,,,,,,,,,,,,,,100,0,100,0,100,0,100,0,100,0,55,45,100,0,100,0,99,3615,45,45,,,,,100,0,100,0,200,0,,,,,,,,,,,,,,,,,,,,,,,,,,,100,31464,100,44138715144,100,172713237133,,,,,,,,,,
2019-09-22,Z305GVWB,ST4000DM000,4000787030016,0,115,97936160,,,92,0,100,8,100,0,87,489406219,,,65,31514,100,0,,,100,8,,,,,,,,,,,,,,,,,,,,,,,,,,,,,,,100,0,100,0,100,0,100,0,100,0,54,46,100,0,100,0,99,3615,46,46,,,,,100,0,100,0,200,0,,,,,,,,,,,,,,,,,,,,,,,,,,,100,31488,100,44186273616,100,173039559129,,,,,,,,,,
2019-09-23,Z305GVWB,ST4000DM000,4000787030016,0,118,180701600,,,92,0,100,8,100,0,87,490605006,,,64,31538,100,0,,,100,8,,,,,,,,,,,,,,,,,,,,,,,,,,,,,,,100,0,100,0,100,0,100,0,100,0,55,45,100,0,100,0,99,3615,45,45,,,,,100,0,100,0,200,0,,,,,,,,,,,,,,,,,,,,,,,,,,,100,31512,100,44243713680,100,173238415741,,,,,,,,,,
2019-09-24,Z305GVWB,ST4000DM000,4000787030016,0,117,144420992,,,92,0,100,8,100,0,87,491630737,,,64,31562,100,0,,,100,8,,,,,,,,,,,,,,,,,,,,,,,,,,,,,,,100,0,100,0,100,0,100,0,100,0,55,45,100,0,100,0,99,3615,45,45,,,,,100,0,100,0,200,0,,,,,,,,,,,,,,,,,,,,,,,,,,,100,31536,100,44286172856,100,173527529180,,,,,,,,,,
2019-09-25,Z305GVWB,ST4000DM000,4000787030016,0,117,161132912,,,92,0,100,8,100,0,87,493156264,,,64,31586,100,0,,,100,8,,,,,,,,,,,,,,,,,,,,,,,,,,,,,,,100,0,100,0,100,0,100,0,100,0,55,45,100,0,100,0,99,3615,45,45,,,,,100,0,100,0,200,0,,,,,,,,,,,,,,,,,,,,,,,,,,,100,31560,100,44335078336,100,173874383201,,,,,,,,,,
2019-09-26,Z305GVWB,ST4000DM000,4000787030016,0,111,30021424,,,92,0,100,8,100,0,87,494201280,,,64,31610,100,0,,,100,8,,,,,,,,,,,,,,,,,,,,,,,,,,,,,,,100,0,100,0,100,0,100,0,100,0,55,45,100,0,100,0,99,3615,45,45,,,,,100,0,100,0,200,0,,,,,,,,,,,,,,,,,,,,,,,,,,,100,31584,100,44377974328,100,174141583311,,,,,,,,,,
2019-09-27,Z305GVWB,ST4000DM000,4000787030016,0,118,178756400,,,92,0,100,8,100,0,87,495593259,,,64,31634,100,0,,,100,8,,,,,,,,,,,,,,,,,,,,,,,,,,,,,,,100,0,100,0,100,0,100,0,100,0,55,45,100,0,100,0,99,3615,45,45,,,,,100,0,100,0,200,0,,,,,,,,,,,,,,,,,,,,,,,,,,,100,31608,100,44411419920,100,174505775444,,,,,,,,,,
2019-09-28,Z305GVWB,ST4000DM000,4000787030016,0,118,185542144,,,92,0,100,8,100,0,87,498192301,,,64,31658,100,0,,,100,8,,,,,,,,,,,,,,,,,,,,,,,,,,,,,,,100,0,100,0,100,0,100,0,100,0,55,45,100,0,100,0,99,3615,45,45,,,,,100,0,100,0,200,0,,,,,,,,,,,,,,,,,,,,,,,,,,,100,31632,100,44451424832,100,174784673348,,,,,,,,,,
2019-09-29,Z305GVWB,ST4000DM000,4000787030016,0,117,140136328,,,92,0,100,8,100,0,87,500074929,,,64,31682,100,0,,,100,8,,,,,,,,,,,,,,,,,,,,,,,,,,,,,,,100,0,100,0,100,0,100,0,100,0,55,45,100,0,100,0,99,3615,45,45,,,,,100,0,100,0,200,0,,,,,,,,,,,,,,,,,,,,,,,,,,,100,31656,100,44484137704,100,175140420760,,,,,,,,,,
2019-09-30,Z305GVWB,ST4000DM000,4000787030016,0,119,233346296,,,92,0,100,8,100,0,87,501813159,,,64,31705,100,0,,,100,8,,,,,,,,,,,,,,,,,,,,,,,,,,,,,,,100,0,100,0,100,0,100,0,100,0,55,45,100,0,100,0,99,3615,45,45,,,,,100,0,100,0,200,0,,,,,,,,,,,,,,,,,,,,,,,,,,,100,31680,100,44542813152,100,175394812928,,,,,,,,,,
2019-10-01,Z305GVWB,ST4000DM000,4000787030016,0,112,45496064,,,92,0,100,8,100,0,87,503850463,,,64,31729,100,0,,,100,8,,,,,,,,,,,,,,,,,,,,,,,,,,,,,,,,,100,0,100,0,100,0,100,0,100,0,55,45,100,0,100,0,99,3615,45,45,,,,,100,0,100,0,200,0,,,,,,,,,,,,,,,,,,,,,,,,,,,100,31703,100,44586933872,100,175751674618,,,,,,,,,,
2019-10-02,Z305GVWB,ST4000DM000,4000787030016,0,108,20577456,,,92,0,100,8,100,0,87,505715678,,,64,31753,100,0,,,100,8,,,,,,,,,,,,,,,,,,,,,,,,,,,,,,,,,100,0,100,0,100,0,100,0,100,0,55,45,100,0,100,0,99,3615,45,45,,,,,100,0,100,0,200,0,,,,,,,,,,,,,,,,,,,,,,,,,,,100,31727,100,44607610104,100,176109271962,,,,,,,,,,
2019-10-03,Z305GVWB,ST4000DM000,4000787030016,0,118,191752880,,,92,0,100,8,100,0,87,506966425,,,64,31777,100,0,,,100,8,,,,,,,,,,,,,,,,,,,,,,,,,,,,,,,,,100,0,100,0,100,0,100,0,100,0,54,46,100,0,100,0,99,3615,46,46,,,,,100,0,100,0,200,0,,,,,,,,,,,,,,,,,,,,,,,,,,,100,31751,100,44640894936,100,176414953320,,,,,,,,,,
2019-10-04,Z305GVWB,ST4000DM000,4000787030016,0,110,26699520,,,92,0,100,8,100,0,87,509305817,,,64,31801,100,0,,,100,8,,,,,,,,,,,,,,,,,,,,,,,,,,,,,,,,,100,0,100,0,100,0,100,0,100,0,54,46,100,0,100,0,99,3615,46,46,,,,,100,0,100,0,200,0,,,,,,,,,,,,,,,,,,,,,,,,,,,100,31775,100,44678980544,100,176709926775,,,,,,,,,,
2019-10-05,Z305GVWB,ST4000DM000,4000787030016,0,120,1341840,,,92,0,100,8,100,0,87,511347324,,,64,31825,100,0,,,100,8,,,,,,,,,,,,,,,,,,,,,,,,,,,,,,,,,100,0,100,0,100,0,100,0,100,0,54,46,100,0,100,0,99,3615,46,46,,,,,100,0,100,0,200,0,,,,,,,,,,,,,,,,,,,,,,,,,,,100,31799,100,44721150232,100,176969695557,,,,,,,,,,
2019-10-06,Z305GVWB,ST4000DM000,4000787030016,0,117,128931064,,,92,0,100,8,100,0,87,513316930,,,64,31849,100,0,,,100,8,,,,,,,,,,,,,,,,,,,,,,,,,,,,,,,,,100,0,100,0,100,0,100,0,100,0,55,45,100,0,100,0,99,3615,45,45,,,,,100,0,100,0,200,0,,,,,,,,,,,,,,,,,,,,,,,,,,,100,31823,100,44758431488,100,177202031441,,,,,,,,,,
2019-10-07,Z305GVWB,ST4000DM000,4000787030016,0,118,191717944,,,92,0,100,8,100,0,87,515110891,,,64,31873,100,0,,,100,8,,,,,,,,,,,,,,,,,,,,,,,,,,,,,,,,,100,0,100,0,100,0,100,0,100,0,55,45,100,0,100,0,99,3615,45,45,,,,,100,0,100,0,200,0,,,,,,,,,,,,,,,,,,,,,,,,,,,100,31847,100,44793604224,100,177474344406,,,,,,,,,,
2019-10-08,Z305GVWB,ST4000DM000,4000787030016,0,104,6949376,,,92,0,100,8,100,0,87,516532908,,,64,31897,100,0,,,100,8,,,,,,,,,,,,,,,,,,,,,,,,,,,,,,,,,100,0,100,0,100,0,100,0,100,0,55,45,100,0,100,0,99,3615,45,45,,,,,100,0,100,0,200,0,,,,,,,,,,,,,,,,,,,,,,,,,,,100,31871,100,44836825808,100,177737361115,,,,,,,,,,
2019-10-09,Z305GVWB,ST4000DM000,4000787030016,0,115,95058080,,,92,0,100,8,100,0,87,518129630,,,64,31921,100,0,,,100,8,,,,,,,,,,,,,,,,,,,,,,,,,,,,,,,,,100,0,100,0,100,0,100,0,100,0,54,46,100,0,100,0,99,3615,46,46,,,,,100,0,100,0,200,0,,,,,,,,,,,,,,,,,,,,,,,,,,,100,31895,100,44878985504,100,177954104747,,,,,,,,,,
2019-10-10,Z305GVWB,ST4000DM000,4000787030016,0,120,238772544,,,92,0,100,8,100,0,87,519319559,,,64,31945,100,0,,,100,8,,,,,,,,,,,,,,,,,,,,,,,,,,,,,,,,,100,0,100,0,100,0,100,0,100,0,55,45,100,0,100,0,99,3615,45,45,,,,,100,0,100,0,200,0,,,,,,,,,,,,,,,,,,,,,,,,,,,100,31919,100,44930055464,100,178275005534,,,,,,,,,,
2019-10-11,Z305GVWB,ST4000DM000,4000787030016,0,117,121002200,,,92,0,100,8,100,0,87,520454891,,,64,31969,100,0,,,100,8,,,,,,,,,,,,,,,,,,,,,,,,,,,,,,,,,100,0,100,0,100,0,100,0,100,0,57,43,100,0,100,0,99,3615,43,43,,,,,100,0,100,0,200,0,,,,,,,,,,,,,,,,,,,,,,,,,,,100,31943,100,44975200512,100,178548908644,,,,,,,,,,
2019-10-12,Z305GVWB,ST4000DM000,4000787030016,0,103,6054728,,,92,0,100,8,100,0,87,521561978,,,64,31993,100,0,,,100,8,,,,,,,,,,,,,,,,,,,,,,,,,,,,,,,,,100,0,100,0,100,0,100,0,100,0,57,43,100,0,100,0,99,3615,43,43,,,,,100,0,100,0,200,0,,,,,,,,,,,,,,,,,,,,,,,,,,,100,31967,100,45011816456,100,178657963572,,,,,,,,,,
2019-10-13,Z305GVWB,ST4000DM000,4000787030016,0,119,216557696,,,92,0,100,8,100,0,87,522094389,,,64,32017,100,0,,,100,8,,,,,,,,,,,,,,,,,,,,,,,,,,,,,,,,,100,0,100,0,100,0,100,0,100,0,57,43,100,0,100,0,99,3615,43,43,,,,,100,0,100,0,200,0,,,,,,,,,,,,,,,,,,,,,,,,,,,100,31991,100,45041533496,100,178811223781,,,,,,,,,,
2019-10-14,Z305GVWB,ST4000DM000,4000787030016,0,108,20797104,,,92,0,100,8,100,0,87,523237857,,,64,32041,100,0,,,100,8,,,,,,,,,,,,,,,,,,,,,,,,,,,,,,,,,100,0,100,0,100,0,100,0,100,0,57,43,100,0,100,0,99,3615,43,43,,,,,100,0,100,0,200,0,,,,,,,,,,,,,,,,,,,,,,,,,,,100,32015,100,45069963352,100,178939962963,,,,,,,,,,
2019-10-15,Z305GVWB,ST4000DM000,4000787030016,0,116,102009072,,,92,0,100,8,100,0,87,525166957,,,64,32089,100,0,,,100,8,,,,,,,,,,,,,,,,,,,,,,,,,,,,,,,,,100,0,100,0,100,0,100,0,100,0,57,43,100,0,100,0,99,3615,43,43,,,,,100,0,100,0,200,0,,,,,,,,,,,,,,,,,,,,,,,,,,,100,32063,100,45161572768,100,179191652436,,,,,,,,,,
2019-10-16,Z305GVWB,ST4000DM000,4000787030016,0,116,102009072,,,92,0,100,8,100,0,87,525166957,,,64,32089,100,0,,,100,8,,,,,,,,,,,,,,,,,,,,,,,,,,,,,,,,,100,0,100,0,100,0,100,0,100,0,57,43,100,0,100,0,99,3615,43,43,,,,,100,0,100,0,200,0,,,,,,,,,,,,,,,,,,,,,,,,,,,100,32063,100,45161572768,100,179191652436,,,,,,,,,,
2019-10-17,Z305GVWB,ST4000DM000,4000787030016,0,117,160577648,,,92,0,100,8,100,0,87,526056008,,,64,32113,100,0,,,100,8,,,,,,,,,,,,,,,,,,,,,,,,,,,,,,,,,100,0,100,0,100,0,100,0,100,0,57,43,100,0,100,0,99,3615,43,43,,,,,100,0,100,0,200,0,,,,,,,,,,,,,,,,,,,,,,,,,,,100,32087,100,45187228840,100,179344451562,,,,,,,,,,
2019-10-18,Z305GVWB,ST4000DM000,4000787030016,0,119,220070736,,,92,0,100,8,100,0,87,526675650,,,64,32136,100,0,,,100,8,,,,,,,,,,,,,,,,,,,,,,,,,,,,,,,,,100,0,100,0,100,0,100,0,100,0,54,46,100,0,100,0,99,3615,46,46,,,,,100,0,100,0,200,0,,,,,,,,,,,,,,,,,,,,,,,,,,,100,32111,100,45204604112,100,179449710241,,,,,,,,,,
2019-10-19,Z305GVWB,ST4000DM000,4000787030016,0,114,64309536,,,92,0,100,8,100,0,87,528417838,,,64,32160,100,0,,,100,8,,,,,,,,,,,,,,,,,,,,,,,,,,,,,,,,,100,0,100,0,100,0,100,0,100,0,59,41,100,0,100,0,99,3615,41,41,,,,,100,0,100,0,200,0,,,,,,,,,,,,,,,,,,,,,,,,,,,100,32134,100,45235247936,100,179570276849,,,,,,,,,,
2019-10-20,Z305GVWB,ST4000DM000,4000787030016,0,119,210420360,,,92,0,100,8,100,0,87,530298189,,,64,32184,100,0,,,100,8,,,,,,,,,,,,,,,,,,,,,,,,,,,,,,,,,100,0,100,0,100,0,100,0,100,0,51,49,100,0,100,0,99,3615,49,49,,,,,100,0,100,0,200,0,,,,,,,,,,,,,,,,,,,,,,,,,,,100,32158,100,45269885648,100,179866362315,,,,,,,,,,
2019-10-21,Z305GVWB,ST4000DM000,4000787030016,0,117,161645096,,,92,0,100,8,100,0,87,532077411,,,64,32208,100,0,,,100,8,,,,,,,,,,,,,,,,,,,,,,,,,,,,,,,,,100,0,100,0,100,0,100,0,100,0,52,48,100,0,100,0,99,3615,48,48,,,,,100,0,100,0,200,0,,,,,,,,,,,,,,,,,,,,,,,,,,,100,32182,100,45307216240,100,180205073384,,,,,,,,,,
2019-10-22,Z305GVWB,ST4000DM000,4000787030016,0,120,235932240,,,92,0,100,8,100,0,87,533866595,,,64,32232,100,0,,,100,8,,,,,,,,,,,,,,,,,,,,,,,,,,,,,,,,,100,0,100,0,100,0,100,0,100,0,51,49,100,0,100,0,99,3615,49,49,,,,,100,0,100,0,200,0,,,,,,,,,,,,,,,,,,,,,,,,,,,100,32206,100,45332339512,100,180427865764,,,,,,,,,,
2019-10-23,Z305GVWB,ST4000DM000,4000787030016,0,117,130798888,,,92,0,100,8,100,0,87,536463718,,,64,32256,100,0,,,100,8,,,,,,,,,,,,,,,,,,,,,,,,,,,,,,,,,100,0,100,0,100,0,100,0,100,0,52,48,100,0,100,0,99,3615,48,48,,,,,100,0,100,0,200,0,,,,,,,,,,,,,,,,,,,,,,,,,,,100,32230,100,45393730016,100,180740604152,,,,,,,,,,
2019-10-24,Z305GVWB,ST4000DM000,4000787030016,0,116,114651792,,,92,0,100,8,100,0,87,538270016,,,64,32279,100,0,,,100,8,,,,,,,,,,,,,,,,,,,,,,,,,,,,,,,,,100,0,100,0,100,0,100,0,100,0,52,48,100,0,100,0,99,3615,48,48,,,,,100,0,100,0,200,0,,,,,,,,,,,,,,,,,,,,,,,,,,,100,32254,100,45433994728,100,181015597419,,,,,,,,,,
2019-10-25,Z305GVWB,ST4000DM000,4000787030016,0,117,165572720,,,92,0,100,8,100,0,87,539973107,,,64,32303,100,0,,,100,8,,,,,,,,,,,,,,,,,,,,,,,,,,,,,,,,,100,0,100,0,100,0,100,0,100,0,52,48,100,0,100,0,99,3615,48,48,,,,,100,0,100,0,200,0,,,,,,,,,,,,,,,,,,,,,,,,,,,100,32278,100,45478242296,100,181319746201,,,,,,,,,,
2019-10-26,Z305GVWB,ST4000DM000,4000787030016,0,118,179937024,,,92,0,100,8,100,0,87,542291125,,,64,32327,100,0,,,100,8,,,,,,,,,,,,,,,,,,,,,,,,,,,,,,,,,100,0,100,0,100,0,100,0,100,0,51,49,100,0,100,0,99,3615,49,49,,,,,100,0,100,0,200,0,,,,,,,,,,,,,,,,,,,,,,,,,,,100,32301,100,45531490712,100,181553408541,,,,,,,,,,
2019-10-27,Z305GVWB,ST4000DM000,4000787030016,0,117,138246248,,,92,0,100,8,100,0,87,544298249,,,64,32351,100,0,,,100,8,,,,,,,,,,,,,,,,,,,,,,,,,,,,,,,,,100,0,100,0,100,0,100,0,100,0,53,47,100,0,100,0,99,3615,47,47,,,,,100,0,100,0,200,0,,,,,,,,,,,,,,,,,,,,,,,,,,,100,32325,100,45572097328,100,181785478623,,,,,,,,,,
2019-10-28,Z305GVWB,ST4000DM000,4000787030016,0,112,49679184,,,92,0,100,8,100,0,87,546197759,,,64,32375,100,0,,,100,8,,,,,,,,,,,,,,,,,,,,,,,,,,,,,,,,,100,0,100,0,100,0,100,0,100,0,52,48,100,0,100,0,99,3615,48,48,,,,,100,0,100,0,200,0,,,,,,,,,,,,,,,,,,,,,,,,,,,100,32349,100,45614418232,100,182067746278,,,,,,,,,,
2019-10-29,Z305GVWB,ST4000DM000,4000787030016,0,119,203338448,,,92,0,100,8,100,0,87,547681326,,,64,32399,100,0,,,100,8,,,,,,,,,,,,,,,,,,,,,,,,,,,,,,,,,100,0,100,0,100,0,100,0,100,0,52,48,100,0,100,0,99,3615,48,48,,,,,100,0,100,0,200,0,,,,,,,,,,,,,,,,,,,,,,,,,,,100,32373,100,45654945496,100,182335228372,,,,,,,,,,
2019-10-30,Z305GVWB,ST4000DM000,4000787030016,0,116,101576360,,,92,0,100,8,100,0,87,548908258,,,63,32423,100,0,,,100,8,,,,,,,,,,,,,,,,,,,,,,,,,,,,,,,,,100,0,100,0,100,0,100,0,100,0,50,50,100,0,100,0,99,3615,50,50,,,,,100,0,100,0,200,0,,,,,,,,,,,,,,,,,,,,,,,,,,,100,32397,100,45678790312,100,182546719197,,,,,,,,,,
2019-10-31,Z305GVWB,ST4000DM000,4000787030016,0,117,146617184,,,92,0,100,8,100,0,87,550281568,,,63,32447,100,0,,,100,8,,,,,,,,,,,,,,,,,,,,,,,,,,,,,,,,,100,0,100,0,100,0,100,0,100,0,51,49,100,0,100,0,99,3615,49,49,,,,,100,0,100,0,200,0,,,,,,,,,,,,,,,,,,,,,,,,,,,100,32421,100,45712214496,100,182870260638,,,,,,,,,,
2019-11-01,Z305GVWB,ST4000DM000,4000787030016,0,119,233688896,,,92,0,100,8,100,0,87,551065121,,,63,32471,100,0,,,100,8,,,,,,,,,,,,,,,,,,,,,,,,,,,,,,,,,100,0,100,0,100,0,100,0,100,0,51,49,100,0,100,0,99,3615,49,49,,,,,100,0,100,0,200,0,,,,,,,,,,,,,,,,,,,,,,,,,,,100,32445,100,45741924008,100,183077975882,,,,,,,,,,
2019-11-02,Z305GVWB,ST4000DM000,4000787030016,0,116,113760784,,,92,0,100,8,100,0,87,552351225,,,63,32495,100,0,,,100,8,,,,,,,,,,,,,,,,,,,,,,,,,,,,,,,,,100,0,100,0,100,0,100,0,100,0,51,49,100,0,100,0,99,3615,49,49,,,,,100,0,100,0,200,0,,,,,,,,,,,,,,,,,,,,,,,,,,,100,32469,100,45780430760,100,183324147964,,,,,,,,,,
2019-11-03,Z305GVWB,ST4000DM000,4000787030016,0,117,120522448,,,92,0,100,8,100,0,87,554260680,,,63,32519,100,0,,,100,8,,,,,,,,,,,,,,,,,,,,,,,,,,,,,,,,,100,0,100,0,100,0,100,0,100,0,51,49,100,0,100,0,99,3615,49,49,,,,,100,0,100,0,200,0,,,,,,,,,,,,,,,,,,,,,,,,,,,100,32493,100,45805198136,100,183673100270,,,,,,,,,,
2019-11-04,Z305GVWB,ST4000DM000,4000787030016,0,104,7098880,,,92,0,100,8,100,0,87,556517680,,,63,32543,100,0,,,100,8,,,,,,,,,,,,,,,,,,,,,,,,,,,,,,,,,100,0,100,0,100,0,100,0,100,0,51,49,100,0,100,0,99,3615,49,49,,,,,100,0,100,0,200,0,,,,,,,,,,,,,,,,,,,,,,,,,,,100,32517,100,45839162136,100,184030701589,,,,,,,,,,
2019-11-05,Z305GVWB,ST4000DM000,4000787030016,0,109,24130448,,,92,0,100,8,100,0,87,558464215,,,63,32567,100,0,,,100,8,,,,,,,,,,,,,,,,,,,,,,,,,,,,,,,,,100,0,100,0,100,0,100,0,100,0,51,49,100,0,100,0,99,3615,49,49,,,,,100,0,100,0,200,0,,,,,,,,,,,,,,,,,,,,,,,,,,,100,32541,100,45876870872,100,184385815772,,,,,,,,,,
2019-11-06,Z305GVWB,ST4000DM000,4000787030016,0,118,180070120,,,92,0,100,8,100,0,87,560353388,,,63,32591,100,0,,,100,8,,,,,,,,,,,,,,,,,,,,,,,,,,,,,,,,,100,0,100,0,100,0,100,0,100,0,52,48,100,0,100,0,99,3615,48,48,,,,,100,0,100,0,200,0,,,,,,,,,,,,,,,,,,,,,,,,,,,100,32565,100,45926516592,100,184644734263,,,,,,,,,,
2019-11-07,Z305GVWB,ST4000DM000,4000787030016,0,118,185321304,,,92,0,100,8,100,0,87,562244557,,,63,32615,100,0,,,100,8,,,,,,,,,,,,,,,,,,,,,,,,,,,,,,,,,100,0,100,0,100,0,100,0,100,0,52,48,100,0,100,0,99,3615,48,48,,,,,100,0,100,0,200,0,,,,,,,,,,,,,,,,,,,,,,,,,,,100,32589,100,45961789456,100,184984641196,,,,,,,,,,
2019-11-08,Z305GVWB,ST4000DM000,4000787030016,0,118,181338464,,,92,0,100,8,100,0,87,563613650,,,63,32639,100,0,,,100,8,,,,,,,,,,,,,,,,,,,,,,,,,,,,,,,,,100,0,100,0,100,0,100,0,100,0,52,48,100,0,100,0,99,3615,48,48,,,,,100,0,100,0,200,0,,,,,,,,,,,,,,,,,,,,,,,,,,,100,32613,100,46000484240,100,185241679042,,,,,,,,,,
2019-11-09,Z305GVWB,ST4000DM000,4000787030016,0,115,86876208,,,92,0,100,8,100,0,87,565422042,,,63,32663,100,0,,,100,8,,,,,,,,,,,,,,,,,,,,,,,,,,,,,,,,,100,0,100,0,100,0,100,0,100,0,52,48,100,0,100,0,99,3615,48,48,,,,,100,0,100,0,200,0,,,,,,,,,,,,,,,,,,,,,,,,,,,100,32637,100,46029590920,100,185458127690,,,,,,,,,,
2019-11-10,Z305GVWB,ST4000DM000,4000787030016,0,118,172777512,,,92,0,100,8,100,0,87,567102983,,,63,32687,100,0,,,100,8,,,,,,,,,,,,,,,,,,,,,,,,,,,,,,,,,100,0,100,0,100,0,100,0,100,0,52,48,100,0,100,0,99,3615,48,48,,,,,100,0,100,0,200,0,,,,,,,,,,,,,,,,,,,,,,,,,,,100,32661,100,46063614888,100,185766939174,,,,,,,,,,
2019-11-11,Z305GVWB,ST4000DM000,4000787030016,0,112,43821600,,,92,0,100,8,100,0,87,568890796,,,63,32711,100,0,,,100,8,,,,,,,,,,,,,,,,,,,,,,,,,,,,,,,,,100,0,100,0,100,0,100,0,100,0,52,48,100,0,100,0,99,3615,48,48,,,,,100,0,100,0,200,0,,,,,,,,,,,,,,,,,,,,,,,,,,,100,32685,100,46088388232,100,186055433588,,,,,,,,,,
2019-11-12,Z305GVWB,ST4000DM000,4000787030016,0,118,193828488,,,92,0,100,8,100,0,87,570662322,,,63,32735,100,0,,,100,8,,,,,,,,,,,,,,,,,,,,,,,,,,,,,,,,,100,0,100,0,100,0,100,0,100,0,52,48,100,0,100,0,99,3615,48,48,,,,,100,0,100,0,200,0,,,,,,,,,,,,,,,,,,,,,,,,,,,100,32709,100,46123496096,100,186263205301,,,,,,,,,,
2019-11-13,Z305GVWB,ST4000DM000,4000787030016,0,115,98185864,,,92,0,100,8,100,0,87,573024022,,,63,32759,100,0,,,100,8,,,,,,,,,,,,,,,,,,,,,,,,,,,,,,,,,100,0,100,0,100,0,100,0,100,0,51,49,100,0,100,0,99,3615,49,49,,,,,100,0,100,0,200,0,,,,,,,,,,,,,,,,,,,,,,,,,,,100,32733,100,46175048656,100,186594031718,,,,,,,,,,
2019-11-14,Z305GVWB,ST4000DM000,4000787030016,0,117,154476160,,,92,0,100,8,100,0,87,574394788,,,63,32783,100,0,,,100,8,,,,,,,,,,,,,,,,,,,,,,,,,,,,,,,,,100,0,100,0,100,0,100,0,100,0,52,48,100,0,100,0,99,3615,48,48,,,,,100,0,100,0,200,0,,,,,,,,,,,,,,,,,,,,,,,,,,,100,32757,100,46214938272,100,186909208886,,,,,,,,,,
2019-11-15,Z305GVWB,ST4000DM000,4000787030016,0,113,50414104,,,92,0,100,8,100,0,87,576213232,,,63,32806,100,0,,,100,8,,,,,,,,,,,,,,,,,,,,,,,,,,,,,,,,,100,0,100,0,100,0,100,0,100,0,54,46,100,0,100,0,99,3615,46,46,,,,,100,0,100,0,200,0,,,,,,,,,,,,,,,,,,,,,,,,,,,100,32781,100,46251959904,100,187111603579,,,,,,,,,,
2019-11-16,Z305GVWB,ST4000DM000,4000787030016,0,117,133716656,,,92,0,100,8,100,0,87,577486490,,,63,32830,100,0,,,100,8,,,,,,,,,,,,,,,,,,,,,,,,,,,,,,,,,100,0,100,0,100,0,100,0,100,0,53,47,100,0,100,0,99,3615,47,47,,,,,100,0,100,0,200,0,,,,,,,,,,,,,,,,,,,,,,,,,,,100,32804,100,46283617400,100,187281730346,,,,,,,,,,
2019-11-17,Z305GVWB,ST4000DM000,4000787030016,0,110,27116016,,,92,0,100,8,100,0,87,578562824,,,63,32854,100,0,,,100,8,,,,,,,,,,,,,,,,,,,,,,,,,,,,,,,,,100,0,100,0,100,0,100,0,100,0,49,51,100,0,100,0,99,3615,51,51,,,,,100,0,100,0,200,0,,,,,,,,,,,,,,,,,,,,,,,,,,,100,32828,100,46332709288,100,187622543335,,,,,,,,,,
2019-11-18,Z305GVWB,ST4000DM000,4000787030016,0,117,135533920,,,92,0,100,8,100,0,87,579524544,,,63,32878,100,0,,,100,8,,,,,,,,,,,,,,,,,,,,,,,,,,,,,,,,,100,0,100,0,100,0,100,0,100,0,52,48,100,0,100,0,99,3615,48,48,,,,,100,0,100,0,200,0,,,,,,,,,,,,,,,,,,,,,,,,,,,100,32852,100,46356435800,100,192246472831,,,,,,,,,,
2019-11-19,Z305GVWB,ST4000DM000,4000787030016,0,108,15494792,,,92,0,100,8,100,0,87,581784554,,,63,32902,100,0,,,100,8,,,,,,,,,,,,,,,,,,,,,,,,,,,,,,,,,100,0,100,0,100,0,100,0,100,0,53,47,100,0,100,0,99,3615,47,47,,,,,100,0,100,0,200,0,,,,,,,,,,,,,,,,,,,,,,,,,,,100,32876,100,46396214344,100,192602134686,,,,,,,,,,
2019-11-20,Z305GVWB,ST4000DM000,4000787030016,0,117,135677696,,,92,0,100,8,100,0,87,583809148,,,63,32926,100,0,,,100,8,,,,,,,,,,,,,,,,,,,,,,,,,,,,,,,,,100,0,100,0,100,0,100,0,100,0,53,47,100,0,100,0,99,3615,47,47,,,,,100,0,100,0,200,0,,,,,,,,,,,,,,,,,,,,,,,,,,,100,32900,100,46436153040,100,192949213120,,,,,,,,,,
2019-11-21,Z305GVWB,ST4000DM000,4000787030016,0,114,73456248,,,92,0,100,8,100,0,87,585203105,,,63,32950,100,0,,,100,8,,,,,,,,,,,,,,,,,,,,,,,,,,,,,,,,,100,0,100,0,100,0,100,0,100,0,50,50,100,0,100,0,99,3615,50,50,,,,,100,0,100,0,200,0,,,,,,,,,,,,,,,,,,,,,,,,,,,100,32924,100,46464662048,100,193238167890,,,,,,,,,,
2019-11-22,Z305GVWB,ST4000DM000,4000787030016,0,117,121218872,,,92,0,100,8,100,0,87,586871190,,,63,32974,100,0,,,100,8,,,,,,,,,,,,,,,,,,,,,,,,,,,,,,,,,100,0,100,0,100,0,100,0,100,0,50,50,100,0,100,0,99,3615,50,50,,,,,100,0,100,0,200,0,,,,,,,,,,,,,,,,,,,,,,,,,,,100,32948,100,46493544704,100,193489602595,,,,,,,,,,
2019-11-23,Z305GVWB,ST4000DM000,4000787030016,0,117,140697032,,,92,0,100,8,100,0,87,588904751,,,63,32998,100,0,,,100,8,,,,,,,,,,,,,,,,,,,,,,,,,,,,,,,,,100,0,100,0,100,0,100,0,100,0,52,48,100,0,100,0,99,3615,48,48,,,,,100,0,100,0,200,0,,,,,,,,,,,,,,,,,,,,,,,,,,,100,32972,100,46536904512,100,193754877016,,,,,,,,,,
2019-11-24,Z305GVWB,ST4000DM000,4000787030016,0,120,239543704,,,92,0,100,8,100,0,87,590449408,,,63,33022,100,0,,,100,8,,,,,,,,,,,,,,,,,,,,,,,,,,,,,,,,,100,0,100,0,100,0,100,0,100,0,58,42,100,0,100,0,99,3615,42,42,,,,,100,0,100,0,200,0,,,,,,,,,,,,,,,,,,,,,,,,,,,100,32996,100,46569081488,100,194006069903,,,,,,,,,,
2019-11-25,Z305GVWB,ST4000DM000,4000787030016,0,117,126963168,,,92,0,100,8,100,0,87,592132645,,,63,33046,100,0,,,100,8,,,,,,,,,,,,,,,,,,,,,,,,,,,,,,,,,100,0,100,0,100,0,100,0,100,0,52,48,100,0,100,0,99,3615,48,48,,,,,100,0,100,0,200,0,,,,,,,,,,,,,,,,,,,,,,,,,,,100,33020,100,46606797072,100,194307757550,,,,,,,,,,
2019-11-26,Z305GVWB,ST4000DM000,4000787030016,0,109,24866184,,,92,0,100,8,100,0,87,594115270,,,63,33070,100,0,,,100,8,,,,,,,,,,,,,,,,,,,,,,,,,,,,,,,,,100,0,100,0,100,0,100,0,100,0,52,48,100,0,100,0,99,3615,48,48,,,,,100,0,100,0,200,0,,,,,,,,,,,,,,,,,,,,,,,,,,,100,33044,100,46650307152,100,194613138945,,,,,,,,,,
2019-11-27,Z305GVWB,ST4000DM000,4000787030016,0,117,155580712,,,92,0,100,8,100,0,87,596112167,,,63,33094,100,0,,,100,8,,,,,,,,,,,,,,,,,,,,,,,,,,,,,,,,,100,0,100,0,100,0,100,0,100,0,52,48,100,0,100,0,99,3615,48,48,,,,,100,0,100,0,200,0,,,,,,,,,,,,,,,,,,,,,,,,,,,100,33069,100,46690677840,100,194832550851,,,,,,,,,,
2019-11-28,Z305GVWB,ST4000DM000,4000787030016,0,108,15888872,,,92,0,100,8,100,0,87,597624751,,,63,33118,100,0,,,100,8,,,,,,,,,,,,,,,,,,,,,,,,,,,,,,,,,100,0,100,0,100,0,100,0,100,0,52,48,100,0,100,0,99,3615,48,48,,,,,100,0,100,0,200,0,,,,,,,,,,,,,,,,,,,,,,,,,,,100,33093,100,46729137824,100,195123220176,,,,,,,,,,
2019-11-29,Z305GVWB,ST4000DM000,4000787030016,0,117,157109664,,,92,0,100,8,100,0,87,599262378,,,63,33142,100,0,,,100,8,,,,,,,,,,,,,,,,,,,,,,,,,,,,,,,,,100,0,100,0,100,0,100,0,100,0,52,48,100,0,100,0,99,3615,48,48,,,,,100,0,100,0,200,0,,,,,,,,,,,,,,,,,,,,,,,,,,,100,33117,100,46746194920,100,195439782060,,,,,,,,,,
2019-11-30,Z305GVWB,ST4000DM000,4000787030016,0,113,52358088,,,92,0,100,8,100,0,87,600663500,,,63,33166,100,0,,,100,8,,,,,,,,,,,,,,,,,,,,,,,,,,,,,,,,,100,0,100,0,100,0,100,0,100,0,52,48,100,0,100,0,99,3615,48,48,,,,,100,0,100,0,200,0,,,,,,,,,,,,,,,,,,,,,,,,,,,100,33141,100,46762192472,100,195636912876,,,,,,,,,,
2019-12-01,Z305GVWB,ST4000DM000,4000787030016,0,119,229333552,,,92,0,100,8,100,0,87,602408768,,,63,33190,100,0,,,100,8,,,,,,,,,,,,,,,,,,,,,,,,,,,,,,,,,100,0,100,0,100,0,100,0,100,0,52,48,100,0,100,0,99,3615,48,48,,,,,100,0,100,0,200,0,,,,,,,,,,,,,,,,,,,,,,,,,,,100,33165,100,46785540832,100,195867971654,,,,,,,,,,
2019-12-02,Z305GVWB,ST4000DM000,4000787030016,0,111,30919720,,,92,0,100,8,100,0,87,603299293,,,63,33214,100,0,,,100,8,,,,,,,,,,,,,,,,,,,,,,,,,,,,,,,,,100,0,100,0,100,0,100,0,100,0,52,48,100,0,100,0,99,3615,48,48,,,,,100,0,100,0,200,0,,,,,,,,,,,,,,,,,,,,,,,,,,,100,33188,100,46807287056,100,196197871108,,,,,,,,,,
2019-12-03,Z305GVWB,ST4000DM000,4000787030016,0,120,241941856,,,92,0,100,8,100,0,87,604434722,,,63,33238,100,0,,,100,8,,,,,,,,,,,,,,,,,,,,,,,,,,,,,,,,,100,0,100,0,100,0,100,0,100,0,52,48,100,0,100,0,99,3615,48,48,,,,,100,0,100,0,200,0,,,,,,,,,,,,,,,,,,,,,,,,,,,100,33212,100,46828821640,100,196543890941,,,,,,,,,,
2019-12-04,Z305GVWB,ST4000DM000,4000787030016,0,114,68948360,,,92,0,100,8,100,0,87,606845866,,,63,33262,100,0,,,100,8,,,,,,,,,,,,,,,,,,,,,,,,,,,,,,,,,100,0,100,0,100,0,100,0,100,0,52,48,100,0,100,0,99,3615,48,48,,,,,100,0,100,0,200,0,,,,,,,,,,,,,,,,,,,,,,,,,,,100,33236,100,46851074872,100,196886146755,,,,,,,,,,
2019-12-05,Z305GVWB,ST4000DM000,4000787030016,0,116,107470392,,,92,0,100,8,100,0,87,608410013,,,63,33286,100,0,,,100,8,,,,,,,,,,,,,,,,,,,,,,,,,,,,,,,,,100,0,100,0,100,0,100,0,100,0,52,48,100,0,100,0,99,3615,48,48,,,,,100,0,100,0,200,0,,,,,,,,,,,,,,,,,,,,,,,,,,,100,33260,100,46880599280,100,197224435524,,,,,,,,,,
2019-12-06,Z305GVWB,ST4000DM000,4000787030016,0,114,70649856,,,92,0,100,8,100,0,87,609918238,,,62,33310,100,0,,,100,8,,,,,,,,,,,,,,,,,,,,,,,,,,,,,,,,,100,0,100,0,100,0,100,0,100,0,53,47,100,0,100,0,99,3615,47,47,,,,,100,0,100,0,200,0,,,,,,,,,,,,,,,,,,,,,,,,,,,100,33284,100,46905942032,100,197504199720,,,,,,,,,,
2019-12-07,Z305GVWB,ST4000DM000,4000787030016,0,117,144562632,,,92,0,100,9,100,0,87,611937009,,,62,33334,100,0,,,100,9,,,,,,,,,,,,,,,,,,,,,,,,,,,,,,,,,100,0,100,0,100,0,100,0,100,0,50,50,100,0,100,0,99,3622,50,50,,,,,100,0,100,0,200,0,,,,,,,,,,,,,,,,,,,,,,,,,,,100,33308,100,46932735608,100,197745297594,,,,,,,,,,
2019-12-08,Z305GVWB,ST4000DM000,4000787030016,0,117,132990976,,,92,0,100,9,100,0,87,613191377,,,62,33358,100,0,,,100,9,,,,,,,,,,,,,,,,,,,,,,,,,,,,,,,,,100,0,100,0,100,0,100,0,100,0,49,51,100,0,100,0,99,3622,51,51,,,,,100,0,100,0,200,0,,,,,,,,,,,,,,,,,,,,,,,,,,,100,33332,100,46965412032,100,197988686803,,,,,,,,,,
2019-12-09,Z305GVWB,ST4000DM000,4000787030016,0,113,52744472,,,92,0,100,9,100,0,87,614932911,,,62,33382,100,0,,,100,9,,,,,,,,,,,,,,,,,,,,,,,,,,,,,,,,,100,0,100,0,100,0,100,0,100,0,49,51,100,0,100,0,99,3622,51,51,,,,,100,0,100,0,200,0,,,,,,,,,,,,,,,,,,,,,,,,,,,100,33356,100,46990361168,100,198297718136,,,,,,,,,,
2019-12-10,Z305GVWB,ST4000DM000,4000787030016,0,114,71326696,,,92,0,100,9,100,0,87,616674124,,,62,33406,100,0,,,100,9,,,,,,,,,,,,,,,,,,,,,,,,,,,,,,,,,100,0,100,0,100,0,100,0,100,0,50,50,100,0,100,0,99,3623,50,50,,,,,100,0,100,0,200,0,,,,,,,,,,,,,,,,,,,,,,,,,,,100,33380,100,47015285864,100,198605665681,,,,,,,,,,
2019-12-11,Z305GVWB,ST4000DM000,4000787030016,0,115,95700720,,,92,0,100,9,100,0,87,618778852,,,62,33430,100,0,,,100,9,,,,,,,,,,,,,,,,,,,,,,,,,,,,,,,,,100,0,100,0,100,0,100,0,100,0,49,51,100,0,100,0,99,3623,51,51,,,,,100,0,100,0,200,0,,,,,,,,,,,,,,,,,,,,,,,,,,,100,33404,100,47049014920,100,198889583917,,,,,,,,,,
2019-12-12,Z305GVWB,ST4000DM000,4000787030016,0,120,965264,,,92,0,100,9,100,0,87,620292032,,,62,33453,100,0,,,100,9,,,,,,,,,,,,,,,,,,,,,,,,,,,,,,,,,100,0,100,0,100,0,100,0,100,0,50,50,100,0,100,0,99,3624,50,50,,,,,100,0,100,0,200,0,,,,,,,,,,,,,,,,,,,,,,,,,,,100,33427,100,47075836168,100,199103788424,,,,,,,,,,
2019-12-13,Z305GVWB,ST4000DM000,4000787030016,0,117,158589728,,,92,0,100,9,100,0,87,622352203,,,62,33477,100,0,,,100,9,,,,,,,,,,,,,,,,,,,,,,,,,,,,,,,,,100,0,100,0,100,0,100,0,100,0,49,51,100,0,100,0,99,3624,51,51,,,,,100,0,100,0,200,0,,,,,,,,,,,,,,,,,,,,,,,,,,,100,33451,100,47105312568,100,199421816053,,,,,,,,,,
2019-12-14,Z305GVWB,ST4000DM000,4000787030016,0,112,44924640,,,92,0,100,9,100,0,87,624663011,,,62,33501,100,0,,,100,9,,,,,,,,,,,,,,,,,,,,,,,,,,,,,,,,,100,0,100,0,100,0,100,0,100,0,50,50,100,0,100,0,99,3624,50,50,,,,,100,0,100,0,200,0,,,,,,,,,,,,,,,,,,,,,,,,,,,100,33475,100,47128602160,100,199598286823,,,,,,,,,,
2019-12-15,Z305GVWB,ST4000DM000,4000787030016,0,113,51686320,,,92,0,100,9,100,0,87,625544136,,,62,33525,100,0,,,100,9,,,,,,,,,,,,,,,,,,,,,,,,,,,,,,,,,100,0,100,0,100,0,100,0,100,0,49,51,100,0,100,0,99,3624,51,51,,,,,100,0,100,0,200,0,,,,,,,,,,,,,,,,,,,,,,,,,,,100,33499,100,47152710352,100,199790297916,,,,,,,,,,
2019-12-16,Z305GVWB,ST4000DM000,4000787030016,0,109,22353048,,,92,0,100,9,100,0,87,626507221,,,62,33549,100,0,,,100,9,,,,,,,,,,,,,,,,,,,,,,,,,,,,,,,,,100,0,100,0,100,0,100,0,100,0,50,50,100,0,100,0,99,3624,50,50,,,,,100,0,100,0,200,0,,,,,,,,,,,,,,,,,,,,,,,,,,,100,33523,100,47182604184,100,200098121578,,,,,,,,,,
2019-12-17,Z305GVWB,ST4000DM000,4000787030016,0,120,240445080,,,92,0,100,9,100,0,87,627413823,,,62,33572,100,0,,,100,9,,,,,,,,,,,,,,,,,,,,,,,,,,,,,,,,,100,0,100,0,100,0,100,0,100,0,50,50,100,0,100,0,99,3624,50,50,,,,,100,0,100,0,200,0,,,,,,,,,,,,,,,,,,,,,,,,,,,100,33546,100,47219169432,100,200434460372,,,,,,,,,,
2019-12-18,Z305GVWB,ST4000DM000,4000787030016,0,117,124043816,,,92,0,100,9,100,0,87,630606908,,,62,33608,100,0,,,100,9,,,,,,,,,,,,,,,,,,,,,,,,,,,,,,,,,100,0,100,0,100,0,100,0,100,0,50,50,100,0,100,0,99,3625,50,50,,,,,100,0,100,0,200,0,,,,,,,,,,,,,,,,,,,,,,,,,,,100,33582,100,47269508000,100,200940037393,,,,,,,,,,
2019-12-19,Z305GVWB,ST4000DM000,4000787030016,0,119,207385920,,,92,0,100,9,100,0,87,632139240,,,62,33632,100,0,,,100,9,,,,,,,,,,,,,,,,,,,,,,,,,,,,,,,,,100,0,100,0,100,0,100,0,100,0,49,51,100,0,100,0,99,3625,51,51,,,,,100,0,100,0,200,0,,,,,,,,,,,,,,,,,,,,,,,,,,,100,33606,100,47305837312,100,201248397483,,,,,,,,,,
2019-12-20,Z305GVWB,ST4000DM000,4000787030016,0,113,54522360,,,92,0,100,9,100,0,87,632879439,,,62,33644,100,0,,,100,9,,,,,,,,,,,,,,,,,,,,,,,,,,,,,,,,,100,0,100,0,100,0,100,0,100,0,50,50,100,0,100,0,99,3627,50,50,,,,,100,0,100,0,200,0,,,,,,,,,,,,,,,,,,,,,,,,,,,100,33618,100,47318251080,100,201425410007,,,,,,,,,,
2019-12-21,Z305GVWB,ST4000DM000,4000787030016,0,119,229090576,,,92,0,100,9,100,0,87,634878982,,,62,33668,100,0,,,100,9,,,,,,,,,,,,,,,,,,,,,,,,,,,,,,,,,100,0,100,0,100,0,100,0,100,0,50,50,100,0,100,0,99,3627,50,50,,,,,100,0,100,0,200,0,,,,,,,,,,,,,,,,,,,,,,,,,,,100,33642,100,47345134240,100,201685360728,,,,,,,,,,
2019-12-22,Z305GVWB,ST4000DM000,4000787030016,0,111,33618776,,,92,0,100,9,100,0,87,636748851,,,62,33692,100,0,,,100,9,,,,,,,,,,,,,,,,,,,,,,,,,,,,,,,,,100,0,100,0,100,0,100,0,100,0,50,50,100,0,100,0,99,3627,50,50,,,,,100,0,100,0,200,0,,,,,,,,,,,,,,,,,,,,,,,,,,,100,33666,100,47375341384,100,201956180153,,,,,,,,,,
2019-12-23,Z305GVWB,ST4000DM000,4000787030016,0,111,29770000,,,92,0,100,9,100,0,87,638534816,,,62,33716,100,0,,,100,9,,,,,,,,,,,,,,,,,,,,,,,,,,,,,,,,,100,0,100,0,100,0,100,0,100,0,50,50,100,0,100,0,99,3627,50,50,,,,,100,0,100,0,200,0,,,,,,,,,,,,,,,,,,,,,,,,,,,100,33690,100,47423370056,100,202214945119,,,,,,,,,,
2019-12-24,Z305GVWB,ST4000DM000,4000787030016,0,120,236883800,,,92,0,100,9,100,0,87,640519166,,,62,33740,100,0,,,100,9,,,,,,,,,,,,,,,,,,,,,,,,,,,,,,,,,100,0,100,0,100,0,100,0,100,0,50,50,100,0,100,0,99,3627,50,50,,,,,100,0,100,0,200,0,,,,,,,,,,,,,,,,,,,,,,,,,,,100,33714,100,47447524936,100,202506441037,,,,,,,,,,
2019-12-25,Z305GVWB,ST4000DM000,4000787030016,0,120,234935808,,,92,0,100,9,100,0,87,642183063,,,62,33764,100,0,,,100,9,,,,,,,,,,,,,,,,,,,,,,,,,,,,,,,,,100,0,100,0,100,0,100,0,100,0,50,50,100,0,100,0,99,3627,50,50,,,,,100,0,100,0,200,0,,,,,,,,,,,,,,,,,,,,,,,,,,,100,33737,100,47464757424,100,202803001463,,,,,,,,,,
2019-12-26,Z305GVWB,ST4000DM000,4000787030016,0,117,144594352,,,92,0,100,9,100,0,87,644611880,,,62,33787,100,0,,,100,9,,,,,,,,,,,,,,,,,,,,,,,,,,,,,,,,,100,0,100,0,100,0,100,0,100,0,50,50,100,0,100,0,99,3627,50,50,,,,,100,0,100,0,200,0,,,,,,,,,,,,,,,,,,,,,,,,,,,100,33761,100,47483768960,100,203053161210,,,,,,,,,,
2019-12-27,Z305GVWB,ST4000DM000,4000787030016,0,118,196515760,,,92,0,100,9,100,0,87,646323744,,,62,33811,100,0,,,100,9,,,,,,,,,,,,,,,,,,,,,,,,,,,,,,,,,100,0,100,0,100,0,100,0,100,0,50,50,100,0,100,0,99,3627,50,50,,,,,100,0,100,0,200,0,,,,,,,,,,,,,,,,,,,,,,,,,,,100,33785,100,47495164712,100,203327377902,,,,,,,,,,
2019-12-28,Z305GVWB,ST4000DM000,4000787030016,0,116,107759992,,,92,0,100,9,100,0,87,647936034,,,62,33835,100,0,,,100,9,,,,,,,,,,,,,,,,,,,,,,,,,,,,,,,,,100,0,100,0,100,0,100,0,100,0,50,50,100,0,100,0,99,3627,50,50,,,,,100,0,100,0,200,0,,,,,,,,,,,,,,,,,,,,,,,,,,,100,33809,100,47507698216,100,203549628415,,,,,,,,,,
2019-12-29,Z305GVWB,ST4000DM000,4000787030016,0,119,227569848,,,92,0,100,9,100,0,87,648777762,,,62,33859,100,0,,,100,9,,,,,,,,,,,,,,,,,,,,,,,,,,,,,,,,,100,0,100,0,100,0,100,0,100,0,49,51,100,0,100,0,99,3630,51,51,,,,,100,0,100,0,200,0,,,,,,,,,,,,,,,,,,,,,,,,,,,100,33833,100,47520247528,100,203737775493,,,,,,,,,,
2019-12-30,Z305GVWB,ST4000DM000,4000787030016,0,114,83801336,,,92,0,100,9,100,0,87,649664444,,,62,33883,100,0,,,100,9,,,,,,,,,,,,,,,,,,,,,,,,,,,,,,,,,100,0,100,0,100,0,100,0,100,0,50,50,100,0,100,0,99,3630,50,50,,,,,100,0,100,0,200,0,,,,,,,,,,,,,,,,,,,,,,,,,,,100,33857,100,47537055504,100,204044923316,,,,,,,,,,
2019-12-31,Z305GVWB,ST4000DM000,4000787030016,0,114,61574568,,,92,0,100,9,100,0,87,650449150,,,62,33907,100,0,,,100,9,,,,,,,,,,,,,,,,,,,,,,,,,,,,,,,,,100,0,100,0,100,0,100,0,100,0,50,50,100,0,100,0,99,3630,50,50,,,,,100,0,100,0,200,0,,,,,,,,,,,,,,,,,,,,,,,,,,,100,33881,100,47551185632,100,204381464020,,,,,,,,,,
