2019-01-01,Z3051FVF,ST4000DM000,4000787030016,0,117,154842424,,,94,0,100,6,100,0,90,947155571,,,70,26857,100,0,,,100,6,,,,,,,,,,,,,,,,,,,,,,,,,,,,,,,100,0,100,0,100,0,100,0,100,0,73,27,100,0,100,0,42,117950,27,27,,,,,100,0,100,0,200,0,,,,,,,,,,,,,,,,,,,,,,,,,,,100,26302,100,30336983024,100,114502171628,,,,,,,,,,
2019-01-02,Z3051FVF,ST4000DM000,4000787030016,0,119,228812728,,,94,0,100,6,100,0,90,947573359,,,70,26881,100,0,,,100,6,,,,,,,,,,,,,,,,,,,,,,,,,,,,,,,100,0,100,0,100,0,100,0,100,0,73,27,100,0,100,0,42,117950,27,27,,,,,100,0,100,0,200,0,,,,,,,,,,,,,,,,,,,,,,,,,,,100,26326,100,30339531456,100,114655770326,,,,,,,,,,
2019-01-03,Z3051FVF,ST4000DM000,4000787030016,0,119,203873800,,,94,0,100,6,100,0,90,948433878,,,70,26906,100,0,,,100,6,,,,,,,,,,,,,,,,,,,,,,,,,,,,,,,100,0,100,0,100,0,100,0,100,0,71,29,100,0,100,0,42,117950,29,29,,,,,100,0,100,0,200,0,,,,,,,,,,,,,,,,,,,,,,,,,,,100,26350,100,30344841240,100,114840778862,,,,,,,,,,
2019-01-04,Z3051FVF,ST4000DM000,4000787030016,0,116,114137240,,,94,0,100,6,100,0,90,949541547,,,70,26930,100,0,,,100,6,,,,,,,,,,,,,,,,,,,,,,,,,,,,,,,100,0,100,0,100,0,100,0,100,0,70,30,100,0,100,0,42,117950,30,30,,,,,100,0,100,0,200,0,,,,,,,,,,,,,,,,,,,,,,,,,,,100,26374,100,30347625136,100,115012976962,,,,,,,,,,
2019-01-05,Z3051FVF,ST4000DM000,4000787030016,0,119,217887384,,,94,0,100,6,100,0,90,951053751,,,70,26954,100,0,,,100,6,,,,,,,,,,,,,,,,,,,,,,,,,,,,,,,100,0,100,0,100,0,100,0,100,0,70,30,100,0,100,0,42,117950,30,30,,,,,100,0,100,0,200,0,,,,,,,,,,,,,,,,,,,,,,,,,,,100,26398,100,30352092672,100,115189579818,,,,,,,,,,
2019-01-06,Z3051FVF,ST4000DM000,4000787030016,0,116,115112272,,,94,0,100,6,100,0,90,952192960,,,70,26977,100,0,,,100,6,,,,,,,,,,,,,,,,,,,,,,,,,,,,,,,100,0,100,0,100,0,100,0,100,0,71,29,100,0,100,0,42,117950,29,29,,,,,100,0,100,0,200,0,,,,,,,,,,,,,,,,,,,,,,,,,,,100,26422,100,30354012816,100,115343011292,,,,,,,,,,
2019-01-07,Z3051FVF,ST4000DM000,4000787030016,0,116,116383616,,,94,0,100,6,100,0,90,953361787,,,70,27001,100,0,,,100,6,,,,,,,,,,,,,,,,,,,,,,,,,,,,,,,100,0,100,0,100,0,100,0,100,0,71,29,100,0,100,0,42,117950,29,29,,,,,100,0,100,0,200,0,,,,,,,,,,,,,,,,,,,,,,,,,,,100,26446,100,30356311216,100,115517960000,,,,,,,,,,
2019-01-08,Z3051FVF,ST4000DM000,4000787030016,0,117,145027312,,,94,0,100,6,100,0,90,954536905,,,70,27026,100,0,,,100,6,,,,,,,,,,,,,,,,,,,,,,,,,,,,,,,100,0,100,0,100,0,100,0,100,0,72,28,100,0,100,0,42,117950,28,28,,,,,100,0,100,0,200,0,,,,,,,,,,,,,,,,,,,,,,,,,,,100,26470,100,30359908608,100,115668488638,,,,,,,,,,
2019-01-09,Z3051FVF,ST4000DM000,4000787030016,0,117,145110336,,,94,0,100,6,100,0,90,956007452,,,70,27049,100,0,,,100,6,,,,,,,,,,,,,,,,,,,,,,,,,,,,,,,100,0,100,0,100,0,100,0,100,0,72,28,100,0,100,0,42,117950,28,28,,,,,100,0,100,0,200,0,,,,,,,,,,,,,,,,,,,,,,,,,,,100,26494,100,30362861376,100,115826478656,,,,,,,,,,
2019-01-10,Z3051FVF,ST4000DM000,4000787030016,0,117,125918488,,,94,0,100,6,100,0,90,956670893,,,70,27068,100,0,,,100,6,,,,,,,,,,,,,,,,,,,,,,,,,,,,,,,100,0,100,0,100,0,100,0,100,0,72,28,100,0,100,0,42,117950,28,28,,,,,100,0,100,0,200,0,,,,,,,,,,,,,,,,,,,,,,,,,,,100,26512,100,30366801864,100,115930806812,,,,,,,,,,
2019-01-11,Z3051FVF,ST4000DM000,4000787030016,0,120,236844824,,,94,0,100,6,100,0,90,957621327,,,70,27100,100,0,,,100,6,,,,,,,,,,,,,,,,,,,,,,,,,,,,,,,100,0,100,0,100,0,100,0,100,0,72,28,100,0,100,0,42,117950,28,28,,,,,100,0,100,0,200,0,,,,,,,,,,,,,,,,,,,,,,,,,,,100,26545,100,30369259608,100,116102016897,,,,,,,,,,
2019-01-12,Z3051FVF,ST4000DM000,4000787030016,0,119,225570320,,,94,0,100,6,100,0,90,958278139,,,70,27124,100,0,,,100,6,,,,,,,,,,,,,,,,,,,,,,,,,,,,,,,100,0,100,0,100,0,100,0,100,0,72,28,100,0,100,0,42,117950,28,28,,,,,100,0,100,0,200,0,,,,,,,,,,,,,,,,,,,,,,,,,,,100,26569,100,30373851288,100,116196178699,,,,,,,,,,
2019-01-13,Z3051FVF,ST4000DM000,4000787030016,0,109,24208904,,,94,0,100,6,100,0,90,958905542,,,70,27148,100,0,,,100,6,,,,,,,,,,,,,,,,,,,,,,,,,,,,,,,100,0,100,0,100,0,100,0,100,0,71,29,100,0,100,0,42,117950,29,29,,,,,100,0,100,0,200,0,,,,,,,,,,,,,,,,,,,,,,,,,,,100,26593,100,30376677672,100,116291609850,,,,,,,,,,
2019-01-14,Z3051FVF,ST4000DM000,4000787030016,0,117,139053816,,,94,0,100,6,100,0,90,959304838,,,69,27172,100,0,,,100,6,,,,,,,,,,,,,,,,,,,,,,,,,,,,,,,100,0,100,0,100,0,100,0,100,0,71,29,100,0,100,0,42,117950,29,29,,,,,100,0,100,0,200,0,,,,,,,,,,,,,,,,,,,,,,,,,,,100,26616,100,30378904608,100,116402812276,,,,,,,,,,
2019-01-15,Z3051FVF,ST4000DM000,4000787030016,0,117,162577920,,,94,0,100,6,100,0,90,959759017,,,69,27196,100,0,,,100,6,,,,,,,,,,,,,,,,,,,,,,,,,,,,,,,100,0,100,0,100,0,100,0,100,0,72,28,100,0,100,0,42,117950,28,28,,,,,100,0,100,0,200,0,,,,,,,,,,,,,,,,,,,,,,,,,,,100,26640,100,30380340544,100,116537863749,,,,,,,,,,
2019-01-16,Z3051FVF,ST4000DM000,4000787030016,0,114,62093136,,,94,0,100,6,100,0,90,960433252,,,69,27220,100,0,,,100,6,,,,,,,,,,,,,,,,,,,,,,,,,,,,,,,100,0,100,0,100,0,100,0,100,0,72,28,100,0,100,0,42,117950,28,28,,,,,100,0,100,0,200,0,,,,,,,,,,,,,,,,,,,,,,,,,,,100,26664,100,30386259272,100,116653266687,,,,,,,,,,
2019-01-17,Z3051FVF,ST4000DM000,4000787030016,0,119,234276584,,,94,0,100,6,100,0,90,961160483,,,69,27244,100,0,,,100,6,,,,,,,,,,,,,,,,,,,,,,,,,,,,,,,100,0,100,0,100,0,100,0,100,0,72,28,100,0,100,0,42,117950,28,28,,,,,100,0,100,0,200,0,,,,,,,,,,,,,,,,,,,,,,,,,,,100,26688,100,30388888224,100,116790555197,,,,,,,,,,
2019-01-18,Z3051FVF,ST4000DM000,4000787030016,0,106,12165184,,,94,0,100,6,100,0,90,961621848,,,69,27267,100,0,,,100,6,,,,,,,,,,,,,,,,,,,,,,,,,,,,,,,100,0,100,0,100,0,100,0,100,0,72,28,100,0,100,0,42,117950,28,28,,,,,100,0,100,0,200,0,,,,,,,,,,,,,,,,,,,,,,,,,,,100,26712,100,30390480808,100,116927878284,,,,,,,,,,
2019-01-19,Z3051FVF,ST4000DM000,4000787030016,0,120,238594560,,,94,0,100,6,100,0,90,962372584,,,69,27291,100,0,,,100,6,,,,,,,,,,,,,,,,,,,,,,,,,,,,,,,100,0,100,0,100,0,100,0,100,0,72,28,100,0,100,0,42,117950,28,28,,,,,100,0,100,0,200,0,,,,,,,,,,,,,,,,,,,,,,,,,,,100,26736,100,30395073256,100,117064964866,,,,,,,,,,
2019-01-20,Z3051FVF,ST4000DM000,4000787030016,0,118,193464768,,,94,0,100,6,100,0,90,963144256,,,69,27315,100,0,,,100,6,,,,,,,,,,,,,,,,,,,,,,,,,,,,,,,100,0,100,0,100,0,100,0,100,0,73,27,100,0,100,0,42,117950,27,27,,,,,100,0,100,0,200,0,,,,,,,,,,,,,,,,,,,,,,,,,,,100,26760,100,30396359504,100,117190903906,,,,,,,,,,
2019-01-21,Z3051FVF,ST4000DM000,4000787030016,0,119,229784888,,,94,0,100,6,100,0,90,963440805,,,69,27339,100,0,,,100,6,,,,,,,,,,,,,,,,,,,,,,,,,,,,,,,100,0,100,0,100,0,100,0,100,0,73,27,100,0,100,0,42,117950,27,27,,,,,100,0,100,0,200,0,,,,,,,,,,,,,,,,,,,,,,,,,,,100,26784,100,30397586328,100,117273415097,,,,,,,,,,
2019-01-22,Z3051FVF,ST4000DM000,4000787030016,0,119,217354360,,,94,0,100,6,100,0,90,963843871,,,69,27363,100,0,,,100,6,,,,,,,,,,,,,,,,,,,,,,,,,,,,,,,100,0,100,0,100,0,100,0,100,0,72,28,100,0,100,0,42,117950,28,28,,,,,100,0,100,0,200,0,,,,,,,,,,,,,,,,,,,,,,,,,,,100,26808,100,30399763856,100,117417728877,,,,,,,,,,
2019-01-23,Z3051FVF,ST4000DM000,4000787030016,0,117,130473696,,,94,0,100,6,100,0,90,964046816,,,69,27375,100,0,,,100,6,,,,,,,,,,,,,,,,,,,,,,,,,,,,,,,100,0,100,0,100,0,100,0,100,0,71,29,100,0,100,0,42,117950,29,29,,,,,100,0,100,0,200,0,,,,,,,,,,,,,,,,,,,,,,,,,,,100,26820,100,30400927424,100,117501258477,,,,,,,,,,
2019-01-24,Z3051FVF,ST4000DM000,4000787030016,0,117,128629880,,,94,0,100,6,100,0,90,965182472,,,69,27399,100,0,,,100,6,,,,,,,,,,,,,,,,,,,,,,,,,,,,,,,100,0,100,0,100,0,100,0,100,0,71,29,100,0,100,0,42,117950,29,29,,,,,100,0,100,0,200,0,,,,,,,,,,,,,,,,,,,,,,,,,,,100,26843,100,30406240408,100,117694838600,,,,,,,,,,
2019-01-25,Z3051FVF,ST4000DM000,4000787030016,0,112,49433976,,,94,0,100,6,100,0,90,965601051,,,69,27422,100,0,,,100,6,,,,,,,,,,,,,,,,,,,,,,,,,,,,,,,100,0,100,0,100,0,100,0,100,0,71,29,100,0,100,0,42,117950,29,29,,,,,100,0,100,0,200,0,,,,,,,,,,,,,,,,,,,,,,,,,,,100,26867,100,30408667792,100,117859622368,,,,,,,,,,
2019-01-26,Z3051FVF,ST4000DM000,4000787030016,0,119,224926296,,,94,0,100,6,100,0,90,965946099,,,69,27446,100,0,,,100,6,,,,,,,,,,,,,,,,,,,,,,,,,,,,,,,100,0,100,0,100,0,100,0,100,0,71,29,100,0,100,0,42,117950,29,29,,,,,100,0,100,0,200,0,,,,,,,,,,,,,,,,,,,,,,,,,,,100,26890,100,30410995856,100,118006165741,,,,,,,,,,
2019-01-27,Z3051FVF,ST4000DM000,4000787030016,0,119,222183192,,,94,0,100,6,100,0,90,966987621,,,69,27469,100,0,,,100,6,,,,,,,,,,,,,,,,,,,,,,,,,,,,,,,100,0,100,0,100,0,100,0,100,0,71,29,100,0,100,0,42,117950,29,29,,,,,100,0,100,0,200,0,,,,,,,,,,,,,,,,,,,,,,,,,,,100,26914,100,30415863136,100,118165170150,,,,,,,,,,
2019-01-28,Z3051FVF,ST4000DM000,4000787030016,0,119,215871512,,,94,0,100,6,100,0,90,967557294,,,69,27493,100,0,,,100,6,,,,,,,,,,,,,,,,,,,,,,,,,,,,,,,100,0,100,0,100,0,100,0,100,0,71,29,100,0,100,0,42,117950,29,29,,,,,100,0,100,0,200,0,,,,,,,,,,,,,,,,,,,,,,,,,,,100,26937,100,30418148256,100,118340314735,,,,,,,,,,
2019-01-29,Z3051FVF,ST4000DM000,4000787030016,0,116,105841368,,,94,0,100,6,100,0,90,968367664,,,69,27516,100,0,,,100,6,,,,,,,,,,,,,,,,,,,,,,,,,,,,,,,100,0,100,0,100,0,100,0,100,0,72,28,100,0,100,0,42,117950,28,28,,,,,100,0,100,0,200,0,,,,,,,,,,,,,,,,,,,,,,,,,,,100,26961,100,30420684056,100,118499356526,,,,,,,,,,
2019-01-30,Z3051FVF,ST4000DM000,4000787030016,0,112,45523168,,,94,0,100,6,100,0,90,970639031,,,69,27552,100,0,,,100,6,,,,,,,,,,,,,,,,,,,,,,,,,,,,,,,100,0,100,0,100,0,100,0,100,0,72,28,100,0,100,0,42,117950,28,28,,,,,100,0,100,0,200,0,,,,,,,,,,,,,,,,,,,,,,,,,,,100,26996,100,30425593104,100,118764278122,,,,,,,,,,
2019-01-31,Z3051FVF,ST4000DM000,4000787030016,0,114,69307944,,,94,0,100,6,100,0,90,972109115,,,69,27576,100,0,,,100,6,,,,,,,,,,,,,,,,,,,,,,,,,,,,,,,100,0,100,0,100,0,100,0,100,0,72,28,100,0,100,0,42,117950,28,28,,,,,100,0,100,0,200,0,,,,,,,,,,,,,,,,,,,,,,,,,,,100,27020,100,30429610872,100,118941151133,,,,,,,,,,
2019-02-01,Z3051FVF,ST4000DM000,4000787030016,0,117,127856856,,,94,0,100,6,100,0,90,973174278,,,69,27599,100,0,,,100,6,,,,,,,,,,,,,,,,,,,,,,,,,,,,,,,100,0,100,0,100,0,100,0,100,0,71,29,100,0,100,0,42,117950,29,29,,,,,100,0,100,0,200,0,,,,,,,,,,,,,,,,,,,,,,,,,,,100,27044,100,30431305664,100,119099577351,,,,,,,,,,
2019-02-02,Z3051FVF,ST4000DM000,4000787030016,0,114,69346656,,,94,0,100,6,100,0,90,974965240,,,69,27623,100,0,,,100,6,,,,,,,,,,,,,,,,,,,,,,,,,,,,,,,100,0,100,0,100,0,100,0,100,0,72,28,100,0,100,0,42,117950,28,28,,,,,100,0,100,0,200,0,,,,,,,,,,,,,,,,,,,,,,,,,,,100,27068,100,30435804456,100,119253125577,,,,,,,,,,
2019-02-03,Z3051FVF,ST4000DM000,4000787030016,0,119,215434552,,,94,0,100,6,100,0,90,975603216,,,69,27647,100,0,,,100,6,,,,,,,,,,,,,,,,,,,,,,,,,,,,,,,100,0,100,0,100,0,100,0,100,0,72,28,100,0,100,0,42,117950,28,28,,,,,100,0,100,0,200,0,,,,,,,,,,,,,,,,,,,,,,,,,,,100,27092,100,30437222496,100,119371707492,,,,,,,,,,
2019-02-04,Z3051FVF,ST4000DM000,4000787030016,0,119,221175472,,,94,0,100,6,100,0,90,976176695,,,69,27671,100,0,,,100,6,,,,,,,,,,,,,,,,,,,,,,,,,,,,,,,100,0,100,0,100,0,100,0,100,0,71,29,100,0,100,0,42,117950,29,29,,,,,100,0,100,0,200,0,,,,,,,,,,,,,,,,,,,,,,,,,,,100,27115,100,30439561904,100,119514669685,,,,,,,,,,
2019-02-05,Z3051FVF,ST4000DM000,4000787030016,0,119,217376096,,,94,0,100,6,100,0,90,976438776,,,69,27695,100,0,,,100,6,,,,,,,,,,,,,,,,,,,,,,,,,,,,,,,100,0,100,0,100,0,100,0,100,0,71,29,100,0,100,0,42,117950,29,29,,,,,100,0,100,0,200,0,,,,,,,,,,,,,,,,,,,,,,,,,,,100,27139,100,30440803104,100,119587754895,,,,,,,,,,
2019-02-06,Z3051FVF,ST4000DM000,4000787030016,0,111,39719232,,,94,0,100,6,100,0,90,976745735,,,69,27719,100,0,,,100,6,,,,,,,,,,,,,,,,,,,,,,,,,,,,,,,100,0,100,0,100,0,100,0,100,0,71,29,100,0,100,0,42,117950,29,29,,,,,100,0,100,0,200,0,,,,,,,,,,,,,,,,,,,,,,,,,,,100,27163,100,30442171928,100,119667147075,,,,,,,,,,
2019-02-07,Z3051FVF,ST4000DM000,4000787030016,0,119,202391528,,,94,0,100,6,100,0,90,977752836,,,69,27742,100,0,,,100,6,,,,,,,,,,,,,,,,,,,,,,,,,,,,,,,100,0,100,0,100,0,100,0,100,0,72,28,100,0,100,0,42,117950,28,28,,,,,100,0,100,0,200,0,,,,,,,,,,,,,,,,,,,,,,,,,,,100,27187,100,30446739792,100,119812690677,,,,,,,,,,
2019-02-08,Z3051FVF,ST4000DM000,4000787030016,0,112,43071472,,,94,0,100,6,100,0,90,978143588,,,69,27766,100,0,,,100,6,,,,,,,,,,,,,,,,,,,,,,,,,,,,,,,100,0,100,0,100,0,100,0,100,0,71,29,100,0,100,0,42,117950,29,29,,,,,100,0,100,0,200,0,,,,,,,,,,,,,,,,,,,,,,,,,,,100,27210,100,30448059312,100,119926602164,,,,,,,,,,
2019-02-09,Z3051FVF,ST4000DM000,4000787030016,0,118,183039768,,,94,0,100,6,100,0,90,979179408,,,69,27790,100,0,,,100,6,,,,,,,,,,,,,,,,,,,,,,,,,,,,,,,100,0,100,0,100,0,100,0,100,0,71,29,100,0,100,0,42,117950,29,29,,,,,100,0,100,0,200,0,,,,,,,,,,,,,,,,,,,,,,,,,,,100,27234,100,30452696416,100,120057950503,,,,,,,,,,
2019-02-10,Z3051FVF,ST4000DM000,4000787030016,0,108,15442496,,,94,0,100,6,100,0,90,979466811,,,69,27813,100,0,,,100,6,,,,,,,,,,,,,,,,,,,,,,,,,,,,,,,100,0,100,0,100,0,100,0,100,0,71,29,100,0,100,0,42,117950,29,29,,,,,100,0,100,0,200,0,,,,,,,,,,,,,,,,,,,,,,,,,,,100,27258,100,30453812040,100,120148318281,,,,,,,,,,
2019-02-11,Z3051FVF,ST4000DM000,4000787030016,0,113,51877624,,,94,0,100,6,100,0,90,979978798,,,69,27837,100,0,,,100,6,,,,,,,,,,,,,,,,,,,,,,,,,,,,,,,100,0,100,0,100,0,100,0,100,0,71,29,100,0,100,0,42,117950,29,29,,,,,100,0,100,0,200,0,,,,,,,,,,,,,,,,,,,,,,,,,,,100,27281,100,30457203152,100,120286907777,,,,,,,,,,
2019-02-12,Z3051FVF,ST4000DM000,4000787030016,0,116,115181728,,,94,0,100,6,100,0,90,980774102,,,69,27861,100,0,,,100,6,,,,,,,,,,,,,,,,,,,,,,,,,,,,,,,100,0,100,0,100,0,100,0,100,0,71,29,100,0,100,0,42,117950,29,29,,,,,100,0,100,0,200,0,,,,,,,,,,,,,,,,,,,,,,,,,,,100,27305,100,30460842560,100,120435291314,,,,,,,,,,
2019-02-13,Z3051FVF,ST4000DM000,4000787030016,0,108,19481576,,,94,0,100,6,100,0,90,981183639,,,69,27884,100,0,,,100,6,,,,,,,,,,,,,,,,,,,,,,,,,,,,,,,100,0,100,0,100,0,100,0,100,0,71,29,100,0,100,0,42,117950,29,29,,,,,100,0,100,0,200,0,,,,,,,,,,,,,,,,,,,,,,,,,,,100,27329,100,30462372800,100,120555237967,,,,,,,,,,
2019-02-14,Z3051FVF,ST4000DM000,4000787030016,0,118,179468032,,,94,0,100,6,100,0,90,981861408,,,69,27908,100,0,,,100,6,,,,,,,,,,,,,,,,,,,,,,,,,,,,,,,100,0,100,0,100,0,100,0,100,0,72,28,100,0,100,0,42,117950,28,28,,,,,100,0,100,0,200,0,,,,,,,,,,,,,,,,,,,,,,,,,,,100,27353,100,30467126864,100,120656614689,,,,,,,,,,
2019-02-15,Z3051FVF,ST4000DM000,4000787030016,0,114,76635080,,,94,0,100,6,100,0,90,982271797,,,69,27932,100,0,,,100,6,,,,,,,,,,,,,,,,,,,,,,,,,,,,,,,100,0,100,0,100,0,100,0,100,0,72,28,100,0,100,0,42,117950,28,28,,,,,100,0,100,0,200,0,,,,,,,,,,,,,,,,,,,,,,,,,,,100,27376,100,30469088000,100,120784928347,,,,,,,,,,
2019-02-16,Z3051FVF,ST4000DM000,4000787030016,0,117,158784336,,,94,0,100,6,100,0,90,983340669,,,69,27956,100,0,,,100,6,,,,,,,,,,,,,,,,,,,,,,,,,,,,,,,100,0,100,0,100,0,100,0,100,0,72,28,100,0,100,0,42,117950,28,28,,,,,100,0,100,0,200,0,,,,,,,,,,,,,,,,,,,,,,,,,,,100,27400,100,30474225920,100,120955087335,,,,,,,,,,
2019-02-17,Z3051FVF,ST4000DM000,4000787030016,0,114,83325728,,,94,0,100,6,100,0,90,983697224,,,69,27980,100,0,,,100,6,,,,,,,,,,,,,,,,,,,,,,,,,,,,,,,100,0,100,0,100,0,100,0,100,0,72,28,100,0,100,0,42,117950,28,28,,,,,100,0,100,0,200,0,,,,,,,,,,,,,,,,,,,,,,,,,,,100,27424,100,30476611440,100,121130616510,,,,,,,,,,
2019-02-18,Z3051FVF,ST4000DM000,4000787030016,0,119,224356152,,,94,0,100,6,100,0,90,984080242,,,69,28003,100,0,,,100,6,,,,,,,,,,,,,,,,,,,,,,,,,,,,,,,100,0,100,0,100,0,100,0,100,0,70,30,100,0,100,0,42,117950,30,30,,,,,100,0,100,0,200,0,,,,,,,,,,,,,,,,,,,,,,,,,,,100,27448,100,30479070736,100,121290965392,,,,,,,,,,
2019-02-19,Z3051FVF,ST4000DM000,4000787030016,0,117,148666272,,,94,0,100,6,100,0,90,984725134,,,69,28027,100,0,,,100,6,,,,,,,,,,,,,,,,,,,,,,,,,,,,,,,100,0,100,0,100,0,100,0,100,0,71,29,100,0,100,0,42,117950,29,29,,,,,100,0,100,0,200,0,,,,,,,,,,,,,,,,,,,,,,,,,,,100,27472,100,30482562088,100,121435717127,,,,,,,,,,
2019-02-20,Z3051FVF,ST4000DM000,4000787030016,0,112,48392992,,,94,0,100,6,100,0,90,985066761,,,68,28051,100,0,,,100,6,,,,,,,,,,,,,,,,,,,,,,,,,,,,,,,100,0,100,0,100,0,100,0,100,0,71,29,100,0,100,0,42,117950,29,29,,,,,100,0,100,0,200,0,,,,,,,,,,,,,,,,,,,,,,,,,,,100,27495,100,30484845704,100,121593784663,,,,,,,,,,
2019-02-21,Z3051FVF,ST4000DM000,4000787030016,0,115,93988104,,,94,0,100,6,100,0,90,986104280,,,68,28074,100,0,,,100,6,,,,,,,,,,,,,,,,,,,,,,,,,,,,,,,100,0,100,0,100,0,100,0,100,0,71,29,100,0,100,0,42,117950,29,29,,,,,100,0,100,0,200,0,,,,,,,,,,,,,,,,,,,,,,,,,,,100,27519,100,30489978696,100,121765425771,,,,,,,,,,
2019-02-22,Z3051FVF,ST4000DM000,4000787030016,0,101,3662624,,,94,0,100,6,100,0,90,987270220,,,68,28098,100,0,,,100,6,,,,,,,,,,,,,,,,,,,,,,,,,,,,,,,100,0,100,0,100,0,100,0,100,0,70,30,100,0,100,0,42,117950,30,30,,,,,100,0,100,0,200,0,,,,,,,,,,,,,,,,,,,,,,,,,,,100,27542,100,30492281192,100,121934992032,,,,,,,,,,
2019-02-23,Z3051FVF,ST4000DM000,4000787030016,0,114,60631616,,,94,0,100,6,100,0,90,988677909,,,68,28121,100,0,,,100,6,,,,,,,,,,,,,,,,,,,,,,,,,,,,,,,100,0,100,0,100,0,100,0,100,0,71,29,100,0,100,0,42,117950,29,29,,,,,100,0,100,0,200,0,,,,,,,,,,,,,,,,,,,,,,,,,,,100,27566,100,30494899104,100,122104012639,,,,,,,,,,
2019-02-24,Z3051FVF,ST4000DM000,4000787030016,0,119,220633480,,,94,0,100,6,100,0,90,989903858,,,68,28145,100,0,,,100,6,,,,,,,,,,,,,,,,,,,,,,,,,,,,,,,100,0,100,0,100,0,100,0,100,0,71,29,100,0,100,0,42,117950,29,29,,,,,100,0,100,0,200,0,,,,,,,,,,,,,,,,,,,,,,,,,,,100,27589,100,30499948840,100,122267371611,,,,,,,,,,
2019-02-25,Z3051FVF,ST4000DM000,4000787030016,0,117,134070320,,,94,0,100,6,100,0,90,991228881,,,68,28168,100,0,,,100,6,,,,,,,,,,,,,,,,,,,,,,,,,,,,,,,100,0,100,0,100,0,100,0,100,0,71,29,100,0,100,0,42,117950,29,29,,,,,100,0,100,0,200,0,,,,,,,,,,,,,,,,,,,,,,,,,,,100,27613,100,30503325880,100,122430279305,,,,,,,,,,
2019-02-26,Z3051FVF,ST4000DM000,4000787030016,0,116,102663816,,,94,0,100,6,100,0,90,992998046,,,68,28204,100,0,,,100,6,,,,,,,,,,,,,,,,,,,,,,,,,,,,,,,100,0,100,0,100,0,100,0,100,0,70,30,100,0,100,0,42,117950,30,30,,,,,100,0,100,0,200,0,,,,,,,,,,,,,,,,,,,,,,,,,,,100,27648,100,30507005688,100,122650508274,,,,,,,,,,
2019-02-27,Z3051FVF,ST4000DM000,4000787030016,0,119,221431808,,,94,0,100,6,100,0,90,993752050,,,68,28227,100,0,,,100,6,,,,,,,,,,,,,,,,,,,,,,,,,,,,,,,100,0,100,0,100,0,100,0,100,0,72,28,100,0,100,0,42,117950,28,28,,,,,100,0,100,0,200,0,,,,,,,,,,,,,,,,,,,,,,,,,,,100,27672,100,30510503992,100,122776724452,,,,,,,,,,
2019-02-28,Z3051FVF,ST4000DM000,4000787030016,0,117,141714432,,,94,0,100,6,100,0,90,994507292,,,68,28251,100,0,,,100,6,,,,,,,,,,,,,,,,,,,,,,,,,,,,,,,100,0,100,0,100,0,100,0,100,0,72,28,100,0,100,0,42,117950,28,28,,,,,100,0,100,0,200,0,,,,,,,,,,,,,,,,,,,,,,,,,,,100,27695,100,30512682480,100,122903340874,,,,,,,,,,
2019-03-01,Z3051FVF,ST4000DM000,4000787030016,0,118,174461024,,,94,0,100,6,100,0,90,994823310,,,68,28274,100,0,,,100,6,,,,,,,,,,,,,,,,,,,,,,,,,,,,,,,100,0,100,0,100,0,100,0,100,0,72,28,100,0,100,0,42,117950,28,28,,,,,100,0,100,0,200,0,,,,,,,,,,,,,,,,,,,,,,,,,,,100,27719,100,30514457192,100,122982950813,,,,,,,,,,
2019-03-02,Z3051FVF,ST4000DM000,4000787030016,0,112,44634744,,,94,0,100,6,100,0,90,995471244,,,68,28298,100,0,,,100,6,,,,,,,,,,,,,,,,,,,,,,,,,,,,,,,100,0,100,0,100,0,100,0,100,0,72,28,100,0,100,0,42,117950,28,28,,,,,100,0,100,0,200,0,,,,,,,,,,,,,,,,,,,,,,,,,,,100,27743,100,30518790976,100,123077669876,,,,,,,,,,
2019-03-03,Z3051FVF,ST4000DM000,4000787030016,0,117,142191432,,,94,0,100,6,100,0,90,996303107,,,68,28322,100,0,,,100,6,,,,,,,,,,,,,,,,,,,,,,,,,,,,,,,100,0,100,0,100,0,100,0,100,0,72,28,100,0,100,0,42,117950,28,28,,,,,100,0,100,0,200,0,,,,,,,,,,,,,,,,,,,,,,,,,,,100,27766,100,30520282464,100,123205815931,,,,,,,,,,
2019-03-04,Z3051FVF,ST4000DM000,4000787030016,0,116,109211400,,,94,0,100,6,100,0,90,996731487,,,68,28346,100,0,,,100,6,,,,,,,,,,,,,,,,,,,,,,,,,,,,,,,100,0,100,0,100,0,100,0,100,0,72,28,100,0,100,0,42,117950,28,28,,,,,100,0,100,0,200,0,,,,,,,,,,,,,,,,,,,,,,,,,,,100,27790,100,30521789616,100,123333314771,,,,,,,,,,
2019-03-05,Z3051FVF,ST4000DM000,4000787030016,0,117,120894128,,,94,0,100,6,100,0,90,997015635,,,68,28370,100,0,,,100,6,,,,,,,,,,,,,,,,,,,,,,,,,,,,,,,100,0,100,0,100,0,100,0,100,0,73,27,100,0,100,0,42,117950,27,27,,,,,100,0,100,0,200,0,,,,,,,,,,,,,,,,,,,,,,,,,,,100,27814,100,30523421472,100,123416744845,,,,,,,,,,
2019-03-06,Z3051FVF,ST4000DM000,4000787030016,0,104,7201872,,,94,0,100,6,100,0,90,997891425,,,68,28393,100,0,,,100,6,,,,,,,,,,,,,,,,,,,,,,,,,,,,,,,100,0,100,0,100,0,100,0,100,0,72,28,100,0,100,0,42,117950,28,28,,,,,100,0,100,0,200,0,,,,,,,,,,,,,,,,,,,,,,,,,,,100,27838,100,30527161824,100,123576707375,,,,,,,,,,
2019-03-07,Z3051FVF,ST4000DM000,4000787030016,0,118,171419888,,,94,0,100,6,100,0,90,998734184,,,68,28417,100,0,,,100,6,,,,,,,,,,,,,,,,,,,,,,,,,,,,,,,100,0,100,0,100,0,100,0,100,0,72,28,100,0,100,0,42,117950,28,28,,,,,100,0,100,0,200,0,,,,,,,,,,,,,,,,,,,,,,,,,,,100,27862,100,30530356792,100,123724128036,,,,,,,,,,
2019-03-08,Z3051FVF,ST4000DM000,4000787030016,0,107,13027440,,,94,0,100,6,100,0,90,999130400,,,68,28441,100,0,,,100,6,,,,,,,,,,,,,,,,,,,,,,,,,,,,,,,100,0,100,0,100,0,100,0,100,0,72,28,100,0,100,0,42,117950,28,28,,,,,100,0,100,0,200,0,,,,,,,,,,,,,,,,,,,,,,,,,,,100,27885,100,30532630008,100,123843844279,,,,,,,,,,
2019-03-09,Z3051FVF,ST4000DM000,4000787030016,0,118,199398512,,,94,0,100,6,100,0,90,126281,,,68,28465,100,0,,,100,6,,,,,,,,,,,,,,,,,,,,,,,,,,,,,,,100,0,100,0,100,0,100,0,100,0,71,29,100,0,100,0,42,117950,29,29,,,,,100,0,100,0,200,0,,,,,,,,,,,,,,,,,,,,,,,,,,,100,27909,100,30536708080,100,123949198881,,,,,,,,,,
2019-03-10,Z3051FVF,ST4000DM000,4000787030016,0,118,191207296,,,94,0,100,6,100,0,90,503415,,,68,28488,100,0,,,100,6,,,,,,,,,,,,,,,,,,,,,,,,,,,,,,,100,0,100,0,100,0,100,0,100,0,71,29,100,0,100,0,42,117950,29,29,,,,,100,0,100,0,200,0,,,,,,,,,,,,,,,,,,,,,,,,,,,100,27933,100,30538133272,100,124056684467,,,,,,,,,,
2019-03-11,Z3051FVF,ST4000DM000,4000787030016,0,118,193014472,,,94,0,100,6,100,0,90,914783,,,68,28512,100,0,,,100,6,,,,,,,,,,,,,,,,,,,,,,,,,,,,,,,100,0,100,0,100,0,100,0,100,0,71,29,100,0,100,0,42,117950,29,29,,,,,100,0,100,0,200,0,,,,,,,,,,,,,,,,,,,,,,,,,,,100,27957,100,30540590960,100,124215770836,,,,,,,,,,
2019-03-12,Z3051FVF,ST4000DM000,4000787030016,0,118,183805912,,,94,0,100,6,100,0,61,1489044,,,68,28536,100,0,,,100,6,,,,,,,,,,,,,,,,,,,,,,,,,,,,,,,100,0,100,0,100,0,100,0,100,0,72,28,100,0,100,0,42,117950,28,28,,,,,100,0,100,0,200,0,,,,,,,,,,,,,,,,,,,,,,,,,,,100,27980,100,30544501728,100,124394242123,,,,,,,,,,
2019-03-13,Z3051FVF,ST4000DM000,4000787030016,0,114,79687080,,,94,0,100,6,100,0,63,1879422,,,68,28560,100,0,,,100,6,,,,,,,,,,,,,,,,,,,,,,,,,,,,,,,100,0,100,0,100,0,100,0,100,0,71,29,100,0,100,0,42,117950,29,29,,,,,100,0,100,0,200,0,,,,,,,,,,,,,,,,,,,,,,,,,,,100,28004,100,30547088272,100,124554580754,,,,,,,,,,
2019-03-14,Z3051FVF,ST4000DM000,4000787030016,0,116,109960760,,,94,0,100,6,100,0,63,2582260,,,68,28584,100,0,,,100,6,,,,,,,,,,,,,,,,,,,,,,,,,,,,,,,100,0,100,0,100,0,100,0,100,0,73,27,100,0,100,0,42,117950,27,27,,,,,100,0,100,0,200,0,,,,,,,,,,,,,,,,,,,,,,,,,,,100,28028,100,30552253088,100,124711828473,,,,,,,,,,
2019-03-15,Z3051FVF,ST4000DM000,4000787030016,0,119,215624552,,,94,0,100,6,100,0,65,3364182,,,68,28607,100,0,,,100,6,,,,,,,,,,,,,,,,,,,,,,,,,,,,,,,100,0,100,0,100,0,100,0,100,0,73,27,100,0,100,0,42,117950,27,27,,,,,100,0,100,0,200,0,,,,,,,,,,,,,,,,,,,,,,,,,,,100,28052,100,30556984528,100,124881433400,,,,,,,,,,
2019-03-16,Z3051FVF,ST4000DM000,4000787030016,0,117,121348600,,,94,0,100,6,100,0,66,4290946,,,68,28631,100,0,,,100,6,,,,,,,,,,,,,,,,,,,,,,,,,,,,,,,100,0,100,0,100,0,100,0,100,0,72,28,100,0,100,0,42,117950,28,28,,,,,100,0,100,0,200,0,,,,,,,,,,,,,,,,,,,,,,,,,,,100,28076,100,30562041888,100,125035812155,,,,,,,,,,
2019-03-17,Z3051FVF,ST4000DM000,4000787030016,0,114,68236544,,,94,0,100,6,100,0,66,5177283,,,68,28655,100,0,,,100,6,,,,,,,,,,,,,,,,,,,,,,,,,,,,,,,100,0,100,0,100,0,100,0,100,0,72,28,100,0,100,0,42,117950,28,28,,,,,100,0,100,0,200,0,,,,,,,,,,,,,,,,,,,,,,,,,,,100,28099,100,30564458872,100,125196808255,,,,,,,,,,
2019-03-18,Z3051FVF,ST4000DM000,4000787030016,0,114,66627272,,,94,0,100,6,100,0,68,6910661,,,68,28678,100,0,,,100,6,,,,,,,,,,,,,,,,,,,,,,,,,,,,,,,100,0,100,0,100,0,100,0,100,0,73,27,100,0,100,0,42,117950,27,27,,,,,100,0,100,0,200,0,,,,,,,,,,,,,,,,,,,,,,,,,,,100,28123,100,30568516504,100,125373969288,,,,,,,,,,
2019-03-19,Z3051FVF,ST4000DM000,4000787030016,0,114,64940848,,,94,0,100,6,100,0,69,7930385,,,68,28702,100,0,,,100,6,,,,,,,,,,,,,,,,,,,,,,,,,,,,,,,100,0,100,0,100,0,100,0,100,0,73,27,100,0,100,0,42,117950,27,27,,,,,100,0,100,0,200,0,,,,,,,,,,,,,,,,,,,,,,,,,,,100,28146,100,30570154072,100,125537330634,,,,,,,,,,
2019-03-20,Z3051FVF,ST4000DM000,4000787030016,0,112,46541544,,,94,0,100,6,100,0,69,9081623,,,68,28726,100,0,,,100,6,,,,,,,,,,,,,,,,,,,,,,,,,,,,,,,100,0,100,0,100,0,100,0,100,0,72,28,100,0,100,0,42,117950,28,28,,,,,100,0,100,0,200,0,,,,,,,,,,,,,,,,,,,,,,,,,,,100,28170,100,30571978856,100,125702826900,,,,,,,,,,
2019-03-21,Z3051FVF,ST4000DM000,4000787030016,0,111,30020872,,,94,0,100,6,100,0,70,10827028,,,68,28749,100,0,,,100,6,,,,,,,,,,,,,,,,,,,,,,,,,,,,,,,100,0,100,0,100,0,100,0,100,0,72,28,100,0,100,0,42,117950,28,28,,,,,100,0,100,0,200,0,,,,,,,,,,,,,,,,,,,,,,,,,,,100,28194,100,30576336384,100,125859313553,,,,,,,,,,
2019-03-22,Z3051FVF,ST4000DM000,4000787030016,0,113,56942280,,,94,0,100,6,100,0,70,11344092,,,68,28773,100,0,,,100,6,,,,,,,,,,,,,,,,,,,,,,,,,,,,,,,100,0,100,0,100,0,100,0,100,0,72,28,100,0,100,0,42,117950,28,28,,,,,100,0,100,0,200,0,,,,,,,,,,,,,,,,,,,,,,,,,,,100,28217,100,30577666920,100,125974484932,,,,,,,,,,
2019-03-23,Z3051FVF,ST4000DM000,4000787030016,0,115,86082368,,,94,0,100,6,100,0,70,12147703,,,68,28796,100,0,,,100,6,,,,,,,,,,,,,,,,,,,,,,,,,,,,,,,100,0,100,0,100,0,100,0,100,0,73,27,100,0,100,0,42,117950,27,27,,,,,100,0,100,0,200,0,,,,,,,,,,,,,,,,,,,,,,,,,,,100,28241,100,30582127760,100,126115540348,,,,,,,,,,
2019-03-24,Z3051FVF,ST4000DM000,4000787030016,0,111,32101000,,,94,0,100,6,100,0,71,12678594,,,68,28820,100,0,,,100,6,,,,,,,,,,,,,,,,,,,,,,,,,,,,,,,100,0,100,0,100,0,100,0,100,0,73,27,100,0,100,0,42,117950,27,27,,,,,100,0,100,0,200,0,,,,,,,,,,,,,,,,,,,,,,,,,,,100,28265,100,30583387944,100,126195225884,,,,,,,,,,
2019-03-25,Z3051FVF,ST4000DM000,4000787030016,0,114,80408096,,,94,0,100,6,100,0,71,12976297,,,68,28844,100,0,,,100,6,,,,,,,,,,,,,,,,,,,,,,,,,,,,,,,100,0,100,0,100,0,100,0,100,0,73,27,100,0,100,0,42,117950,27,27,,,,,100,0,100,0,200,0,,,,,,,,,,,,,,,,,,,,,,,,,,,100,28289,100,30584961880,100,126274093154,,,,,,,,,,
2019-03-26,Z3051FVF,ST4000DM000,4000787030016,0,116,113541184,,,94,0,100,6,100,0,71,13782952,,,68,28868,100,0,,,100,6,,,,,,,,,,,,,,,,,,,,,,,,,,,,,,,100,0,100,0,100,0,100,0,100,0,73,27,100,0,100,0,42,117950,27,27,,,,,100,0,100,0,200,0,,,,,,,,,,,,,,,,,,,,,,,,,,,100,28313,100,30588471616,100,126400346344,,,,,,,,,,
2019-03-27,Z3051FVF,ST4000DM000,4000787030016,0,113,54975872,,,94,0,100,6,100,0,71,14198605,,,68,28892,100,0,,,100,6,,,,,,,,,,,,,,,,,,,,,,,,,,,,,,,100,0,100,0,100,0,100,0,100,0,73,27,100,0,100,0,42,117950,27,27,,,,,100,0,100,0,200,0,,,,,,,,,,,,,,,,,,,,,,,,,,,100,28336,100,30589699088,100,126525313706,,,,,,,,,,
2019-03-28,Z3051FVF,ST4000DM000,4000787030016,0,113,52313688,,,94,0,100,6,100,0,72,14891043,,,67,28915,100,0,,,100,6,,,,,,,,,,,,,,,,,,,,,,,,,,,,,,,100,0,100,0,100,0,100,0,100,0,73,27,100,0,100,0,42,117950,27,27,,,,,100,0,100,0,200,0,,,,,,,,,,,,,,,,,,,,,,,,,,,100,28360,100,30593852248,100,126641981210,,,,,,,,,,
2019-03-29,Z3051FVF,ST4000DM000,4000787030016,0,117,127911624,,,94,0,100,6,100,0,72,15625557,,,67,28939,100,0,,,100,6,,,,,,,,,,,,,,,,,,,,,,,,,,,,,,,100,0,100,0,100,0,100,0,100,0,73,27,100,0,100,0,42,117950,27,27,,,,,100,0,100,0,200,0,,,,,,,,,,,,,,,,,,,,,,,,,,,100,28383,100,30595416240,100,126768753771,,,,,,,,,,
2019-03-30,Z3051FVF,ST4000DM000,4000787030016,0,110,25653456,,,94,0,100,6,100,0,72,16457134,,,67,28962,100,0,,,100,6,,,,,,,,,,,,,,,,,,,,,,,,,,,,,,,100,0,100,0,100,0,100,0,100,0,73,27,100,0,100,0,42,117950,27,27,,,,,100,0,100,0,200,0,,,,,,,,,,,,,,,,,,,,,,,,,,,100,28407,100,30598847696,100,126909546531,,,,,,,,,,
2019-03-31,Z3051FVF,ST4000DM000,4000787030016,0,114,81942552,,,94,0,100,6,100,0,72,16930107,,,67,28986,100,0,,,100,6,,,,,,,,,,,,,,,,,,,,,,,,,,,,,,,100,0,100,0,100,0,100,0,100,0,73,27,100,0,100,0,42,117950,27,27,,,,,100,0,100,0,200,0,,,,,,,,,,,,,,,,,,,,,,,,,,,100,28430,100,30601602800,100,127041825711,,,,,,,,,,
2019-04-01,Z3051FVF,ST4000DM000,4000787030016,0,111,41178504,,,94,0,100,6,100,0,72,17295084,,,67,29009,100,0,,,100,6,,,,,,,,,,,,,,,,,,,,,,,,,,,,,,,100,0,100,0,100,0,100,0,100,0,74,26,100,0,100,0,42,117950,26,26,,,,,100,0,100,0,200,0,,,,,,,,,,,,,,,,,,,,,,,,,,,100,28454,100,30603221608,100,127146101720,,,,,,,,,,
2019-04-02,Z3051FVF,ST4000DM000,4000787030016,0,105,8478328,,,94,0,100,6,100,0,72,17960821,,,67,29033,100,0,,,100,6,,,,,,,,,,,,,,,,,,,,,,,,,,,,,,,100,0,100,0,100,0,100,0,100,0,73,27,100,0,100,0,42,117950,27,27,,,,,100,0,100,0,200,0,,,,,,,,,,,,,,,,,,,,,,,,,,,100,28477,100,30606439232,100,127240080738,,,,,,,,,,
2019-04-03,Z3051FVF,ST4000DM000,4000787030016,0,120,242059584,,,94,0,100,6,100,0,72,18372720,,,67,29056,100,0,,,100,6,,,,,,,,,,,,,,,,,,,,,,,,,,,,,,,100,0,100,0,100,0,100,0,100,0,72,28,100,0,100,0,42,117950,28,28,,,,,100,0,100,0,200,0,,,,,,,,,,,,,,,,,,,,,,,,,,,100,28501,100,30608853320,100,127390131688,,,,,,,,,,
2019-04-04,Z3051FVF,ST4000DM000,4000787030016,0,119,208826984,,,94,0,100,6,100,0,72,19079865,,,67,29080,100,0,,,100,6,,,,,,,,,,,,,,,,,,,,,,,,,,,,,,,100,0,100,0,100,0,100,0,100,0,73,27,100,0,100,0,42,117950,27,27,,,,,100,0,100,0,200,0,,,,,,,,,,,,,,,,,,,,,,,,,,,100,28525,100,30613885288,100,127573175685,,,,,,,,,,
2019-04-05,Z3051FVF,ST4000DM000,4000787030016,0,117,150842680,,,94,0,100,6,100,0,72,19855993,,,67,29104,100,0,,,100,6,,,,,,,,,,,,,,,,,,,,,,,,,,,,,,,100,0,100,0,100,0,100,0,100,0,73,27,100,0,100,0,42,117950,27,27,,,,,100,0,100,0,200,0,,,,,,,,,,,,,,,,,,,,,,,,,,,100,28548,100,30616281160,100,127739547383,,,,,,,,,,
2019-04-06,Z3051FVF,ST4000DM000,4000787030016,0,117,128367344,,,94,0,100,6,100,0,72,20211982,,,67,29128,100,0,,,100,6,,,,,,,,,,,,,,,,,,,,,,,,,,,,,,,100,0,100,0,100,0,100,0,100,0,73,27,100,0,100,0,42,117950,27,27,,,,,100,0,100,0,200,0,,,,,,,,,,,,,,,,,,,,,,,,,,,100,28572,100,30619014024,100,127895421879,,,,,,,,,,
2019-04-07,Z3051FVF,ST4000DM000,4000787030016,0,117,127140160,,,94,0,100,6,100,0,73,21290426,,,67,29151,100,0,,,100,6,,,,,,,,,,,,,,,,,,,,,,,,,,,,,,,100,0,100,0,100,0,100,0,100,0,73,27,100,0,100,0,42,117950,27,27,,,,,100,0,100,0,200,0,,,,,,,,,,,,,,,,,,,,,,,,,,,100,28596,100,30626520696,100,128052708179,,,,,,,,,,
2019-04-08,Z3051FVF,ST4000DM000,4000787030016,0,114,61770872,,,94,0,100,6,100,0,73,21841341,,,67,29175,100,0,,,100,6,,,,,,,,,,,,,,,,,,,,,,,,,,,,,,,100,0,100,0,100,0,100,0,100,0,73,27,100,0,100,0,42,117950,27,27,,,,,100,0,100,0,200,0,,,,,,,,,,,,,,,,,,,,,,,,,,,100,28619,100,30628672600,100,128206871126,,,,,,,,,,
2019-04-09,Z3051FVF,ST4000DM000,4000787030016,0,118,189434856,,,94,0,100,6,100,0,73,22657362,,,67,29198,100,0,,,100,6,,,,,,,,,,,,,,,,,,,,,,,,,,,,,,,100,0,100,0,100,0,100,0,100,0,73,27,100,0,100,0,42,117950,27,27,,,,,100,0,100,0,200,0,,,,,,,,,,,,,,,,,,,,,,,,,,,100,28642,100,30631011816,100,128363577614,,,,,,,,,,
2019-04-10,Z3051FVF,ST4000DM000,4000787030016,0,119,228535408,,,94,0,100,6,100,0,73,24703492,,,67,29233,100,0,,,100,6,,,,,,,,,,,,,,,,,,,,,,,,,,,,,,,100,0,100,0,100,0,100,0,100,0,74,26,100,0,100,0,42,117950,26,26,,,,,100,0,100,0,200,0,,,,,,,,,,,,,,,,,,,,,,,,,,,100,28678,100,30635033872,100,128615123406,,,,,,,,,,
2019-04-11,Z3051FVF,ST4000DM000,4000787030016,0,118,170745976,,,94,0,100,6,100,0,74,25594277,,,67,29245,100,0,,,100,6,,,,,,,,,,,,,,,,,,,,,,,,,,,,,,,100,0,100,0,100,0,100,0,100,0,73,27,100,0,100,0,42,117950,27,27,,,,,100,0,100,0,200,0,,,,,,,,,,,,,,,,,,,,,,,,,,,100,28689,100,30637956672,100,128710642796,,,,,,,,,,
2019-04-12,Z3051FVF,ST4000DM000,4000787030016,0,111,33962512,,,94,0,100,6,100,0,74,26716709,,,67,29268,100,0,,,100,6,,,,,,,,,,,,,,,,,,,,,,,,,,,,,,,100,0,100,0,100,0,100,0,100,0,73,27,100,0,100,0,42,117950,27,27,,,,,100,0,100,0,200,0,,,,,,,,,,,,,,,,,,,,,,,,,,,100,28713,100,30640127584,100,128865314393,,,,,,,,,,
2019-04-13,Z3051FVF,ST4000DM000,4000787030016,0,111,35325824,,,94,0,100,6,100,0,74,28053563,,,67,29292,100,0,,,100,6,,,,,,,,,,,,,,,,,,,,,,,,,,,,,,,100,0,100,0,100,0,100,0,100,0,73,27,100,0,100,0,42,117950,27,27,,,,,100,0,100,0,200,0,,,,,,,,,,,,,,,,,,,,,,,,,,,100,28736,100,30643556904,100,129022916006,,,,,,,,,,
2019-04-14,Z3051FVF,ST4000DM000,4000787030016,0,117,162385624,,,94,0,100,6,100,0,74,29125714,,,67,29315,100,0,,,100,6,,,,,,,,,,,,,,,,,,,,,,,,,,,,,,,100,0,100,0,100,0,100,0,100,0,72,28,100,0,100,0,42,117950,28,28,,,,,100,0,100,0,200,0,,,,,,,,,,,,,,,,,,,,,,,,,,,100,28760,100,30646018984,100,129140021776,,,,,,,,,,
2019-04-15,Z3051FVF,ST4000DM000,4000787030016,0,118,189357840,,,94,0,100,6,100,0,75,29589600,,,67,29338,100,0,,,100,6,,,,,,,,,,,,,,,,,,,,,,,,,,,,,,,100,0,100,0,100,0,100,0,100,0,72,28,100,0,100,0,42,117950,28,28,,,,,100,0,100,0,200,0,,,,,,,,,,,,,,,,,,,,,,,,,,,100,28783,100,30647461232,100,129275720862,,,,,,,,,,
2019-04-16,Z3051FVF,ST4000DM000,4000787030016,0,114,72586688,,,94,0,100,6,100,0,75,30233448,,,67,29362,100,0,,,100,6,,,,,,,,,,,,,,,,,,,,,,,,,,,,,,,100,0,100,0,100,0,100,0,100,0,73,27,100,0,100,0,42,117950,27,27,,,,,100,0,100,0,200,0,,,,,,,,,,,,,,,,,,,,,,,,,,,100,28806,100,30650823504,100,129359360274,,,,,,,,,,
2019-04-17,Z3051FVF,ST4000DM000,4000787030016,0,118,180184264,,,94,0,100,6,100,0,75,30726477,,,67,29398,100,0,,,100,6,,,,,,,,,,,,,,,,,,,,,,,,,,,,,,,100,0,100,0,100,0,100,0,100,0,73,27,100,0,100,0,42,117950,27,27,,,,,100,0,100,0,200,0,,,,,,,,,,,,,,,,,,,,,,,,,,,100,28842,100,30653002720,100,129495504618,,,,,,,,,,
2019-04-18,Z3051FVF,ST4000DM000,4000787030016,0,116,103741352,,,94,0,100,6,100,0,75,31664195,,,67,29421,100,0,,,100,6,,,,,,,,,,,,,,,,,,,,,,,,,,,,,,,100,0,100,0,100,0,100,0,100,0,73,27,100,0,100,0,42,117950,27,27,,,,,100,0,100,0,200,0,,,,,,,,,,,,,,,,,,,,,,,,,,,100,28866,100,30657387328,100,129624736564,,,,,,,,,,
2019-04-19,Z3051FVF,ST4000DM000,4000787030016,0,106,10820896,,,94,0,100,6,100,0,75,32091065,,,67,29444,100,0,,,100,6,,,,,,,,,,,,,,,,,,,,,,,,,,,,,,,100,0,100,0,100,0,100,0,100,0,74,26,100,0,100,0,42,117950,26,26,,,,,100,0,100,0,200,0,,,,,,,,,,,,,,,,,,,,,,,,,,,100,28889,100,30660684368,100,129747091835,,,,,,,,,,
2019-04-20,Z3051FVF,ST4000DM000,4000787030016,0,118,177824056,,,94,0,100,6,100,0,75,32692681,,,67,29468,100,0,,,100,6,,,,,,,,,,,,,,,,,,,,,,,,,,,,,,,100,0,100,0,100,0,100,0,100,0,74,26,100,0,100,0,42,117950,26,26,,,,,100,0,100,0,200,0,,,,,,,,,,,,,,,,,,,,,,,,,,,100,28912,100,30664616168,100,129831922195,,,,,,,,,,
2019-04-21,Z3051FVF,ST4000DM000,4000787030016,0,114,79341720,,,94,0,100,6,100,0,75,33564100,,,67,29491,100,0,,,100,6,,,,,,,,,,,,,,,,,,,,,,,,,,,,,,,100,0,100,0,100,0,100,0,100,0,73,27,100,0,100,0,42,117950,27,27,,,,,100,0,100,0,200,0,,,,,,,,,,,,,,,,,,,,,,,,,,,100,28936,100,30666048896,100,129989468641,,,,,,,,,,
2019-04-22,Z3051FVF,ST4000DM000,4000787030016,0,110,26870304,,,94,0,100,6,100,0,75,34016930,,,67,29515,100,0,,,100,6,,,,,,,,,,,,,,,,,,,,,,,,,,,,,,,100,0,100,0,100,0,100,0,100,0,73,27,100,0,100,0,42,117950,27,27,,,,,100,0,100,0,200,0,,,,,,,,,,,,,,,,,,,,,,,,,,,100,28959,100,30667527648,100,130122659839,,,,,,,,,,
2019-04-23,Z3051FVF,ST4000DM000,4000787030016,0,115,88415152,,,94,0,100,6,100,0,75,34573924,,,67,29538,100,0,,,100,6,,,,,,,,,,,,,,,,,,,,,,,,,,,,,,,100,0,100,0,100,0,100,0,100,0,74,26,100,0,100,0,42,117950,26,26,,,,,100,0,100,0,200,0,,,,,,,,,,,,,,,,,,,,,,,,,,,100,28983,100,30671073144,100,130237746201,,,,,,,,,,
2019-04-24,Z3051FVF,ST4000DM000,4000787030016,0,117,166119600,,,94,0,100,6,100,0,75,34880779,,,67,29562,100,0,,,100,6,,,,,,,,,,,,,,,,,,,,,,,,,,,,,,,100,0,100,0,100,0,100,0,100,0,74,26,100,0,100,0,42,117950,26,26,,,,,100,0,100,0,200,0,,,,,,,,,,,,,,,,,,,,,,,,,,,100,29006,100,30672609504,100,130326728578,,,,,,,,,,
2019-04-25,Z3051FVF,ST4000DM000,4000787030016,0,120,235900896,,,94,0,100,6,100,0,75,35699491,,,67,29585,100,0,,,100,6,,,,,,,,,,,,,,,,,,,,,,,,,,,,,,,100,0,100,0,100,0,100,0,100,0,74,26,100,0,100,0,42,117950,26,26,,,,,100,0,100,0,200,0,,,,,,,,,,,,,,,,,,,,,,,,,,,100,29030,100,30677047448,100,130461541742,,,,,,,,,,
2019-04-26,Z3051FVF,ST4000DM000,4000787030016,0,114,67374608,,,94,0,100,6,100,0,75,36356046,,,67,29609,100,0,,,100,6,,,,,,,,,,,,,,,,,,,,,,,,,,,,,,,100,0,100,0,100,0,100,0,100,0,74,26,100,0,100,0,42,117950,26,26,,,,,100,0,100,0,200,0,,,,,,,,,,,,,,,,,,,,,,,,,,,100,29053,100,30680967768,100,130625251545,,,,,,,,,,
2019-04-27,Z3051FVF,ST4000DM000,4000787030016,0,118,190711712,,,94,0,100,6,100,0,75,36703607,,,67,29632,100,0,,,100,6,,,,,,,,,,,,,,,,,,,,,,,,,,,,,,,100,0,100,0,100,0,100,0,100,0,73,27,100,0,100,0,42,117950,27,27,,,,,100,0,100,0,200,0,,,,,,,,,,,,,,,,,,,,,,,,,,,100,29077,100,30683067992,100,130801997412,,,,,,,,,,
2019-04-28,Z3051FVF,ST4000DM000,4000787030016,0,117,139840928,,,94,0,100,6,100,0,75,37381522,,,67,29656,100,0,,,100,6,,,,,,,,,,,,,,,,,,,,,,,,,,,,,,,100,0,100,0,100,0,100,0,100,0,73,27,100,0,100,0,42,117950,27,27,,,,,100,0,100,0,200,0,,,,,,,,,,,,,,,,,,,,,,,,,,,100,29100,100,30688088144,100,130952386521,,,,,,,,,,
2019-04-29,Z3051FVF,ST4000DM000,4000787030016,0,111,38288872,,,94,0,100,6,100,0,75,37850077,,,67,29679,100,0,,,100,6,,,,,,,,,,,,,,,,,,,,,,,,,,,,,,,100,0,100,0,100,0,100,0,100,0,72,28,100,0,100,0,42,117950,28,28,,,,,100,0,100,0,200,0,,,,,,,,,,,,,,,,,,,,,,,,,,,100,29124,100,30691026208,100,131094741086,,,,,,,,,,
2019-04-30,Z3051FVF,ST4000DM000,4000787030016,0,117,119697008,,,94,0,100,6,100,0,75,38172768,,,67,29703,100,0,,,100,6,,,,,,,,,,,,,,,,,,,,,,,,,,,,,,,100,0,100,0,100,0,100,0,100,0,73,27,100,0,100,0,42,117950,27,27,,,,,100,0,100,0,200,0,,,,,,,,,,,,,,,,,,,,,,,,,,,100,29147,100,30693190448,100,131247645031,,,,,,,,,,
2019-05-01,Z3051FVF,ST4000DM000,4000787030016,0,118,191310352,,,94,0,100,6,100,0,75,39162284,,,67,29727,100,0,,,100,6,,,,,,,,,,,,,,,,,,,,,,,,,,,,,,,100,0,100,0,100,0,100,0,100,0,73,27,100,0,100,0,42,117950,27,27,,,,,100,0,100,0,200,0,,,,,,,,,,,,,,,,,,,,,,,,,,,100,29171,100,30697457792,100,131412258110,,,,,,,,,,
2019-05-02,Z3051FVF,ST4000DM000,4000787030016,0,117,118328848,,,94,0,100,6,100,0,75,40623618,,,67,29750,100,0,,,100,6,,,,,,,,,,,,,,,,,,,,,,,,,,,,,,,100,0,100,0,100,0,100,0,100,0,73,27,100,0,100,0,42,117950,27,27,,,,,100,0,100,0,200,0,,,,,,,,,,,,,,,,,,,,,,,,,,,100,29195,100,30700908384,100,131596987436,,,,,,,,,,
2019-05-03,Z3051FVF,ST4000DM000,4000787030016,0,119,209167864,,,94,0,100,6,100,0,75,41777262,,,67,29774,100,0,,,100,6,,,,,,,,,,,,,,,,,,,,,,,,,,,,,,,100,0,100,0,100,0,100,0,100,0,73,27,100,0,100,0,42,117950,27,27,,,,,100,0,100,0,200,0,,,,,,,,,,,,,,,,,,,,,,,,,,,100,29218,100,30702798680,100,131755223129,,,,,,,,,,
2019-05-04,Z3051FVF,ST4000DM000,4000787030016,0,115,97977936,,,94,0,100,6,100,0,76,43078665,,,66,29797,100,0,,,100,6,,,,,,,,,,,,,,,,,,,,,,,,,,,,,,,100,0,100,0,100,0,100,0,100,0,73,27,100,0,100,0,42,117950,27,27,,,,,100,0,100,0,200,0,,,,,,,,,,,,,,,,,,,,,,,,,,,100,29242,100,30705998976,100,131923993611,,,,,,,,,,
2019-05-05,Z3051FVF,ST4000DM000,4000787030016,0,119,216808304,,,94,0,100,6,100,0,76,44249885,,,66,29821,100,0,,,100,6,,,,,,,,,,,,,,,,,,,,,,,,,,,,,,,100,0,100,0,100,0,100,0,100,0,73,27,100,0,100,0,42,117950,27,27,,,,,100,0,100,0,200,0,,,,,,,,,,,,,,,,,,,,,,,,,,,100,29266,100,30710141320,100,132068860306,,,,,,,,,,
2019-05-06,Z3051FVF,ST4000DM000,4000787030016,0,117,120138880,,,94,0,100,6,100,0,76,45627244,,,66,29845,100,0,,,100,6,,,,,,,,,,,,,,,,,,,,,,,,,,,,,,,100,0,100,0,100,0,100,0,100,0,73,27,100,0,100,0,42,117950,27,27,,,,,100,0,100,0,200,0,,,,,,,,,,,,,,,,,,,,,,,,,,,100,29289,100,30712578288,100,132216383954,,,,,,,,,,
2019-05-07,Z3051FVF,ST4000DM000,4000787030016,0,108,19349304,,,94,0,100,6,100,0,76,46016159,,,66,29868,100,0,,,100,6,,,,,,,,,,,,,,,,,,,,,,,,,,,,,,,100,0,100,0,100,0,100,0,100,0,72,28,100,0,100,0,42,117950,28,28,,,,,100,0,100,0,200,0,,,,,,,,,,,,,,,,,,,,,,,,,,,100,29313,100,30713925672,100,132332810336,,,,,,,,,,
2019-05-08,Z3051FVF,ST4000DM000,4000787030016,0,118,193370560,,,94,0,100,6,100,0,76,46806393,,,66,29904,100,0,,,100,6,,,,,,,,,,,,,,,,,,,,,,,,,,,,,,,100,0,100,0,100,0,100,0,100,0,73,27,100,0,100,0,42,117950,27,27,,,,,100,0,100,0,200,0,,,,,,,,,,,,,,,,,,,,,,,,,,,100,29348,100,30716815680,100,132490153256,,,,,,,,,,
2019-05-09,Z3051FVF,ST4000DM000,4000787030016,0,107,12998208,,,94,0,100,6,100,0,76,47437531,,,66,29928,100,0,,,100,6,,,,,,,,,,,,,,,,,,,,,,,,,,,,,,,100,0,100,0,100,0,100,0,100,0,73,27,100,0,100,0,42,117950,27,27,,,,,100,0,100,0,200,0,,,,,,,,,,,,,,,,,,,,,,,,,,,100,29372,100,30721041552,100,132578826324,,,,,,,,,,
2019-05-10,Z3051FVF,ST4000DM000,4000787030016,0,117,159820120,,,94,0,100,6,100,0,76,48037150,,,66,29951,100,0,,,100,6,,,,,,,,,,,,,,,,,,,,,,,,,,,,,,,100,0,100,0,100,0,100,0,100,0,73,27,100,0,100,0,42,117950,27,27,,,,,100,0,100,0,200,0,,,,,,,,,,,,,,,,,,,,,,,,,,,100,29396,100,30723689664,100,132696007948,,,,,,,,,,
2019-05-11,Z3051FVF,ST4000DM000,4000787030016,0,117,150703608,,,94,0,100,6,100,0,76,48771537,,,66,29975,100,0,,,100,6,,,,,,,,,,,,,,,,,,,,,,,,,,,,,,,100,0,100,0,100,0,100,0,100,0,73,27,100,0,100,0,42,117950,27,27,,,,,100,0,100,0,200,0,,,,,,,,,,,,,,,,,,,,,,,,,,,100,29419,100,30727820712,100,132823282576,,,,,,,,,,
2019-05-12,Z3051FVF,ST4000DM000,4000787030016,0,118,199942320,,,94,0,100,6,100,0,76,49073569,,,66,29998,100,0,,,100,6,,,,,,,,,,,,,,,,,,,,,,,,,,,,,,,100,0,100,0,100,0,100,0,100,0,74,26,100,0,100,0,42,117950,26,26,,,,,100,0,100,0,200,0,,,,,,,,,,,,,,,,,,,,,,,,,,,100,29443,100,30729216136,100,132916670713,,,,,,,,,,
2019-05-13,Z3051FVF,ST4000DM000,4000787030016,0,118,188150728,,,94,0,100,6,100,0,76,49784850,,,66,30022,100,0,,,100,6,,,,,,,,,,,,,,,,,,,,,,,,,,,,,,,100,0,100,0,100,0,100,0,100,0,73,27,100,0,100,0,42,117950,27,27,,,,,100,0,100,0,200,0,,,,,,,,,,,,,,,,,,,,,,,,,,,100,29466,100,30731807296,100,133057296269,,,,,,,,,,
2019-05-14,Z3051FVF,ST4000DM000,4000787030016,0,118,169219224,,,94,0,100,6,100,0,76,50244375,,,66,30045,100,0,,,100,6,,,,,,,,,,,,,,,,,,,,,,,,,,,,,,,100,0,100,0,100,0,100,0,100,0,73,27,100,0,100,0,42,117950,27,27,,,,,100,0,100,0,200,0,,,,,,,,,,,,,,,,,,,,,,,,,,,100,29490,100,30733158776,100,133192596093,,,,,,,,,,
2019-05-15,Z3051FVF,ST4000DM000,4000787030016,0,118,190117600,,,94,0,100,6,100,0,77,50639020,,,66,30069,100,0,,,100,6,,,,,,,,,,,,,,,,,,,,,,,,,,,,,,,100,0,100,0,100,0,100,0,100,0,73,27,100,0,100,0,42,117950,27,27,,,,,100,0,100,0,200,0,,,,,,,,,,,,,,,,,,,,,,,,,,,100,29513,100,30735645168,100,133303846769,,,,,,,,,,
2019-05-16,Z3051FVF,ST4000DM000,4000787030016,0,108,18531456,,,93,0,100,7,100,0,77,51689294,,,66,30092,100,0,,,100,7,,,,,,,,,,,,,,,,,,,,,,,,,,,,,,,100,0,100,0,100,0,100,0,100,0,73,27,100,0,100,0,42,117955,27,27,,,,,100,0,100,0,200,0,,,,,,,,,,,,,,,,,,,,,,,,,,,100,29537,100,30740117824,100,133442451118,,,,,,,,,,
2019-05-17,Z3051FVF,ST4000DM000,4000787030016,0,105,8904544,,,93,0,100,7,100,0,77,52089159,,,66,30116,100,0,,,100,7,,,,,,,,,,,,,,,,,,,,,,,,,,,,,,,100,0,100,0,100,0,100,0,100,0,73,27,100,0,100,0,42,117958,27,27,,,,,100,0,100,0,200,0,,,,,,,,,,,,,,,,,,,,,,,,,,,100,29561,100,30742658664,100,133601131774,,,,,,,,,,
2019-05-18,Z3051FVF,ST4000DM000,4000787030016,0,119,218745040,,,92,0,100,8,100,0,77,53096556,,,66,30140,100,0,,,100,8,,,,,,,,,,,,,,,,,,,,,,,,,,,,,,,100,0,100,0,100,0,100,0,100,0,72,28,100,0,100,0,42,117986,28,28,,,,,100,0,100,0,200,0,,,,,,,,,,,,,,,,,,,,,,,,,,,100,29584,100,30747615960,100,133784762399,,,,,,,,,,
2019-05-19,Z3051FVF,ST4000DM000,4000787030016,0,119,234191304,,,92,0,100,8,100,0,77,53498152,,,66,30164,100,0,,,100,8,,,,,,,,,,,,,,,,,,,,,,,,,,,,,,,100,0,100,0,100,0,100,0,100,0,72,28,100,0,100,0,42,117990,28,28,,,,,100,0,100,0,200,0,,,,,,,,,,,,,,,,,,,,,,,,,,,100,29608,100,30749700288,100,133945329397,,,,,,,,,,
2019-05-20,Z3051FVF,ST4000DM000,4000787030016,0,117,136017544,,,92,0,100,8,100,0,77,53860982,,,66,30187,100,0,,,100,8,,,,,,,,,,,,,,,,,,,,,,,,,,,,,,,100,0,100,0,100,0,100,0,100,0,73,27,100,0,100,0,42,117994,27,27,,,,,100,0,100,0,200,0,,,,,,,,,,,,,,,,,,,,,,,,,,,100,29631,100,30751810280,100,134122388427,,,,,,,,,,
2019-05-21,Z3051FVF,ST4000DM000,4000787030016,0,120,242790096,,,92,0,100,8,100,0,77,54228462,,,66,30211,100,0,,,100,8,,,,,,,,,,,,,,,,,,,,,,,,,,,,,,,100,0,100,0,100,0,100,0,100,0,73,27,100,0,100,0,42,117998,27,27,,,,,100,0,100,0,200,0,,,,,,,,,,,,,,,,,,,,,,,,,,,100,29655,100,30753945392,100,134274302765,,,,,,,,,,
2019-05-22,Z3051FVF,ST4000DM000,4000787030016,0,119,214639424,,,92,0,100,8,100,0,77,54619484,,,66,30235,100,0,,,100,8,,,,,,,,,,,,,,,,,,,,,,,,,,,,,,,100,0,100,0,100,0,100,0,100,0,73,27,100,0,100,0,41,118001,27,27,,,,,100,0,100,0,200,0,,,,,,,,,,,,,,,,,,,,,,,,,,,100,29679,100,30756255536,100,134418821360,,,,,,,,,,
2019-05-23,Z3051FVF,ST4000DM000,4000787030016,0,114,59085464,,,92,0,100,8,100,0,77,55493717,,,66,30259,100,0,,,100,8,,,,,,,,,,,,,,,,,,,,,,,,,,,,,,,100,0,100,0,100,0,100,0,100,0,73,27,100,0,100,0,41,118007,27,27,,,,,100,0,100,0,200,0,,,,,,,,,,,,,,,,,,,,,,,,,,,100,29703,100,30761391232,100,134589542200,,,,,,,,,,
2019-05-24,Z3051FVF,ST4000DM000,4000787030016,0,116,114289280,,,92,0,100,8,100,0,77,56292618,,,66,30282,100,0,,,100,8,,,,,,,,,,,,,,,,,,,,,,,,,,,,,,,100,0,100,0,100,0,100,0,100,0,73,27,100,0,100,0,41,118010,27,27,,,,,100,0,100,0,200,0,,,,,,,,,,,,,,,,,,,,,,,,,,,100,29726,100,30764178944,100,134746758482,,,,,,,,,,
2019-05-25,Z3051FVF,ST4000DM000,4000787030016,0,119,219362856,,,92,0,100,8,100,0,77,57794417,,,66,30306,100,0,,,100,8,,,,,,,,,,,,,,,,,,,,,,,,,,,,,,,100,0,100,0,100,0,100,0,100,0,73,27,100,0,100,0,41,118024,27,27,,,,,100,0,100,0,200,0,,,,,,,,,,,,,,,,,,,,,,,,,,,100,29750,100,30768007416,100,134920003703,,,,,,,,,,
2019-05-26,Z3051FVF,ST4000DM000,4000787030016,0,119,203494368,,,92,0,100,8,100,0,78,58993556,,,66,30330,100,0,,,100,8,,,,,,,,,,,,,,,,,,,,,,,,,,,,,,,100,0,100,0,100,0,100,0,100,0,73,27,100,0,100,0,41,118027,27,27,,,,,100,0,100,0,200,0,,,,,,,,,,,,,,,,,,,,,,,,,,,100,29774,100,30770987344,100,135078134411,,,,,,,,,,
2019-05-27,Z3051FVF,ST4000DM000,4000787030016,0,118,176347944,,,92,0,100,8,100,0,78,60057051,,,66,30353,100,0,,,100,8,,,,,,,,,,,,,,,,,,,,,,,,,,,,,,,100,0,100,0,100,0,100,0,100,0,72,28,100,0,100,0,41,118028,28,28,,,,,100,0,100,0,200,0,,,,,,,,,,,,,,,,,,,,,,,,,,,100,29797,100,30772679632,100,135237608522,,,,,,,,,,
2019-05-28,Z3051FVF,ST4000DM000,4000787030016,0,119,234031160,,,92,0,100,8,100,0,78,61448925,,,66,30377,100,0,,,100,8,,,,,,,,,,,,,,,,,,,,,,,,,,,,,,,100,0,100,0,100,0,100,0,100,0,73,27,100,0,100,0,41,118029,27,27,,,,,100,0,100,0,200,0,,,,,,,,,,,,,,,,,,,,,,,,,,,100,29821,100,30776190392,100,135398229386,,,,,,,,,,
2019-05-29,Z3051FVF,ST4000DM000,4000787030016,0,111,32733936,,,92,0,100,8,100,0,78,62568171,,,66,30400,100,0,,,100,8,,,,,,,,,,,,,,,,,,,,,,,,,,,,,,,100,0,100,0,100,0,100,0,100,0,73,27,100,0,100,0,41,118032,27,27,,,,,100,0,100,0,200,0,,,,,,,,,,,,,,,,,,,,,,,,,,,100,29844,100,30777829296,100,135525375853,,,,,,,,,,
2019-05-30,Z3051FVF,ST4000DM000,4000787030016,0,106,10966728,,,92,0,100,8,100,0,78,63686229,,,66,30424,100,0,,,100,8,,,,,,,,,,,,,,,,,,,,,,,,,,,,,,,100,0,100,0,100,0,100,0,100,0,73,27,100,0,100,0,41,118035,27,27,,,,,100,0,100,0,200,0,,,,,,,,,,,,,,,,,,,,,,,,,,,100,29868,100,30782032952,100,135678037070,,,,,,,,,,
2019-05-31,Z3051FVF,ST4000DM000,4000787030016,0,114,71411632,,,92,0,100,8,100,0,78,63992536,,,66,30447,100,0,,,100,8,,,,,,,,,,,,,,,,,,,,,,,,,,,,,,,100,0,100,0,100,0,100,0,100,0,73,27,100,0,100,0,41,118045,27,27,,,,,100,0,100,0,200,0,,,,,,,,,,,,,,,,,,,,,,,,,,,100,29891,100,30783252728,100,135758455648,,,,,,,,,,
2019-06-01,Z3051FVF,ST4000DM000,4000787030016,0,116,113584904,,,92,0,100,8,100,0,78,64300525,,,66,30471,100,0,,,100,8,,,,,,,,,,,,,,,,,,,,,,,,,,,,,,,100,0,100,0,100,0,100,0,100,0,73,27,100,0,100,0,41,118047,27,27,,,,,100,0,100,0,200,0,,,,,,,,,,,,,,,,,,,,,,,,,,,100,29915,100,30784622656,100,135834200994,,,,,,,,,,
2019-06-02,Z3051FVF,ST4000DM000,4000787030016,0,117,130034792,,,92,0,100,8,100,0,78,65235885,,,66,30495,100,0,,,100,8,,,,,,,,,,,,,,,,,,,,,,,,,,,,,,,100,0,100,0,100,0,100,0,100,0,73,27,100,0,100,0,41,118054,27,27,,,,,100,0,100,0,200,0,,,,,,,,,,,,,,,,,,,,,,,,,,,100,29939,100,30788683584,100,135964746611,,,,,,,,,,
2019-06-03,Z3051FVF,ST4000DM000,4000787030016,0,120,237252040,,,92,0,100,8,100,0,78,65648056,,,66,30518,100,0,,,100,8,,,,,,,,,,,,,,,,,,,,,,,,,,,,,,,100,0,100,0,100,0,100,0,100,0,73,27,100,0,100,0,41,118057,27,27,,,,,100,0,100,0,200,0,,,,,,,,,,,,,,,,,,,,,,,,,,,100,29962,100,30790424568,100,136083038944,,,,,,,,,,
2019-06-04,Z3051FVF,ST4000DM000,4000787030016,0,120,1487328,,,92,0,100,8,100,0,78,66184433,,,66,30542,100,0,,,100,8,,,,,,,,,,,,,,,,,,,,,,,,,,,,,,,100,0,100,0,100,0,100,0,100,0,73,27,100,0,100,0,41,118058,27,27,,,,,100,0,100,0,200,0,,,,,,,,,,,,,,,,,,,,,,,,,,,100,29986,100,30793281264,100,136199257967,,,,,,,,,,
2019-06-05,Z3051FVF,ST4000DM000,4000787030016,0,114,74060768,,,92,0,100,8,100,0,78,66768956,,,66,30577,100,0,,,100,8,,,,,,,,,,,,,,,,,,,,,,,,,,,,,,,100,0,100,0,100,0,100,0,100,0,74,26,100,0,100,0,41,118065,26,26,,,,,100,0,100,0,200,0,,,,,,,,,,,,,,,,,,,,,,,,,,,100,30021,100,30795178840,100,136378598599,,,,,,,,,,
2019-06-06,Z3051FVF,ST4000DM000,4000787030016,0,108,15501856,,,92,0,100,8,100,0,78,67679889,,,66,30601,100,0,,,100,8,,,,,,,,,,,,,,,,,,,,,,,,,,,,,,,100,0,100,0,100,0,100,0,100,0,73,27,100,0,100,0,41,118067,27,27,,,,,100,0,100,0,200,0,,,,,,,,,,,,,,,,,,,,,,,,,,,100,30045,100,30799505592,100,136528528389,,,,,,,,,,
2019-06-07,Z3051FVF,ST4000DM000,4000787030016,0,115,87887752,,,92,0,100,8,100,0,78,68089533,,,66,30625,100,0,,,100,8,,,,,,,,,,,,,,,,,,,,,,,,,,,,,,,100,0,100,0,100,0,100,0,100,0,73,27,100,0,100,0,41,118072,27,27,,,,,100,0,100,0,200,0,,,,,,,,,,,,,,,,,,,,,,,,,,,100,30069,100,30800765304,100,136644909716,,,,,,,,,,
2019-06-08,Z3051FVF,ST4000DM000,4000787030016,0,118,199270072,,,92,0,100,8,100,0,78,68875689,,,66,30649,100,0,,,100,8,,,,,,,,,,,,,,,,,,,,,,,,,,,,,,,100,0,100,0,100,0,100,0,100,0,73,27,100,0,100,0,41,118095,27,27,,,,,100,0,100,0,200,0,,,,,,,,,,,,,,,,,,,,,,,,,,,100,30093,100,30804842264,100,136740004273,,,,,,,,,,
2019-06-09,Z3051FVF,ST4000DM000,4000787030016,0,116,117365512,,,92,0,100,8,100,0,78,69280507,,,65,30673,100,0,,,100,8,,,,,,,,,,,,,,,,,,,,,,,,,,,,,,,100,0,100,0,100,0,100,0,100,0,73,27,100,0,100,0,41,118099,27,27,,,,,100,0,100,0,200,0,,,,,,,,,,,,,,,,,,,,,,,,,,,100,30117,100,30806772024,100,136875286279,,,,,,,,,,
2019-06-10,Z3051FVF,ST4000DM000,4000787030016,0,118,176324464,,,92,0,100,8,100,0,78,69917974,,,65,30697,100,0,,,100,8,,,,,,,,,,,,,,,,,,,,,,,,,,,,,,,100,0,100,0,100,0,100,0,100,0,73,27,100,0,100,0,41,118101,27,27,,,,,100,0,100,0,200,0,,,,,,,,,,,,,,,,,,,,,,,,,,,100,30141,100,30810585432,100,137051150935,,,,,,,,,,
2019-06-11,Z3051FVF,ST4000DM000,4000787030016,0,113,53627032,,,92,0,100,8,100,0,78,70309502,,,65,30721,100,0,,,100,8,,,,,,,,,,,,,,,,,,,,,,,,,,,,,,,100,0,100,0,100,0,100,0,100,0,74,26,100,0,100,0,41,118103,26,26,,,,,100,0,100,0,200,0,,,,,,,,,,,,,,,,,,,,,,,,,,,100,30165,100,30813186184,100,137219259266,,,,,,,,,,
2019-06-12,Z3051FVF,ST4000DM000,4000787030016,0,117,154576168,,,92,0,100,8,100,0,78,70802111,,,65,30745,100,0,,,100,8,,,,,,,,,,,,,,,,,,,,,,,,,,,,,,,100,0,100,0,100,0,100,0,100,0,74,26,100,0,100,0,41,118106,26,26,,,,,100,0,100,0,200,0,,,,,,,,,,,,,,,,,,,,,,,,,,,100,30189,100,30816158096,100,137376703678,,,,,,,,,,
2019-06-13,Z3051FVF,ST4000DM000,4000787030016,0,117,129992888,,,92,0,100,8,100,0,78,71517556,,,65,30769,100,0,,,100,8,,,,,,,,,,,,,,,,,,,,,,,,,,,,,,,100,0,100,0,100,0,100,0,100,0,73,27,100,0,100,0,41,118109,27,27,,,,,100,0,100,0,200,0,,,,,,,,,,,,,,,,,,,,,,,,,,,100,30213,100,30820576440,100,137536321711,,,,,,,,,,
2019-06-14,Z3051FVF,ST4000DM000,4000787030016,0,117,153631280,,,92,0,100,8,100,0,78,72326265,,,65,30793,100,0,,,100,8,,,,,,,,,,,,,,,,,,,,,,,,,,,,,,,100,0,100,0,100,0,100,0,100,0,73,27,100,0,100,0,41,118110,27,27,,,,,100,0,100,0,200,0,,,,,,,,,,,,,,,,,,,,,,,,,,,100,30236,100,30823907304,100,137698768570,,,,,,,,,,
2019-06-15,Z3051FVF,ST4000DM000,4000787030016,0,118,170261888,,,92,0,100,8,100,0,78,73445960,,,65,30816,100,0,,,100,8,,,,,,,,,,,,,,,,,,,,,,,,,,,,,,,100,0,100,0,100,0,100,0,100,0,73,27,100,0,100,0,41,118125,27,27,,,,,100,0,100,0,200,0,,,,,,,,,,,,,,,,,,,,,,,,,,,100,30260,100,30828107880,100,137853830094,,,,,,,,,,
2019-06-16,Z3051FVF,ST4000DM000,4000787030016,0,114,81265088,,,92,0,100,8,100,0,78,74765254,,,65,30840,100,0,,,100,8,,,,,,,,,,,,,,,,,,,,,,,,,,,,,,,100,0,100,0,100,0,100,0,100,0,73,27,100,0,100,0,41,118128,27,27,,,,,100,0,100,0,200,0,,,,,,,,,,,,,,,,,,,,,,,,,,,100,30284,100,30829845528,100,138023911961,,,,,,,,,,
2019-06-17,Z3051FVF,ST4000DM000,4000787030016,0,102,4318160,,,92,0,100,8,100,0,78,76093444,,,65,30864,100,0,,,100,8,,,,,,,,,,,,,,,,,,,,,,,,,,,,,,,100,0,100,0,100,0,100,0,100,0,73,27,100,0,100,0,41,118132,27,27,,,,,100,0,100,0,200,0,,,,,,,,,,,,,,,,,,,,,,,,,,,100,30308,100,30832319272,100,138198681392,,,,,,,,,,
2019-06-18,Z3051FVF,ST4000DM000,4000787030016,0,102,4960888,,,92,0,100,8,100,0,78,77103082,,,65,30888,100,0,,,100,8,,,,,,,,,,,,,,,,,,,,,,,,,,,,,,,100,0,100,0,100,0,100,0,100,0,73,27,100,0,100,0,41,118134,27,27,,,,,100,0,100,0,200,0,,,,,,,,,,,,,,,,,,,,,,,,,,,100,30332,100,30834276744,100,138352210187,,,,,,,,,,
2019-06-19,Z3051FVF,ST4000DM000,4000787030016,0,117,121952520,,,92,0,100,8,100,0,78,77566754,,,65,30900,100,0,,,100,8,,,,,,,,,,,,,,,,,,,,,,,,,,,,,,,100,0,100,0,100,0,100,0,100,0,74,26,100,0,100,0,41,118136,26,26,,,,,100,0,100,0,200,0,,,,,,,,,,,,,,,,,,,,,,,,,,,100,30344,100,30835094832,100,138421583234,,,,,,,,,,
2019-06-20,Z3051FVF,ST4000DM000,4000787030016,0,117,157658928,,,92,0,100,8,100,0,78,79228660,,,65,30924,100,0,,,100,8,,,,,,,,,,,,,,,,,,,,,,,,,,,,,,,100,0,100,0,100,0,100,0,100,0,74,26,100,0,100,0,41,118138,26,26,,,,,100,0,100,0,200,0,,,,,,,,,,,,,,,,,,,,,,,,,,,100,30367,100,30839757808,100,138565992235,,,,,,,,,,
2019-06-21,Z3051FVF,ST4000DM000,4000787030016,0,111,32995216,,,92,0,100,8,100,0,78,79718083,,,65,30948,100,0,,,100,8,,,,,,,,,,,,,,,,,,,,,,,,,,,,,,,100,0,100,0,100,0,100,0,100,0,73,27,100,0,100,0,41,118142,27,27,,,,,100,0,100,0,200,0,,,,,,,,,,,,,,,,,,,,,,,,,,,100,30391,100,30841653104,100,138704351264,,,,,,,,,,
2019-06-22,Z3051FVF,ST4000DM000,4000787030016,0,117,145367360,,,92,0,100,8,100,0,78,80264110,,,65,30971,100,0,,,100,8,,,,,,,,,,,,,,,,,,,,,,,,,,,,,,,100,0,100,0,100,0,100,0,100,0,73,27,100,0,100,0,41,118144,27,27,,,,,100,0,100,0,200,0,,,,,,,,,,,,,,,,,,,,,,,,,,,100,30415,100,30844153224,100,138788635966,,,,,,,,,,
2019-06-23,Z3051FVF,ST4000DM000,4000787030016,0,119,216749632,,,92,0,100,8,100,0,78,80862319,,,65,30995,100,0,,,100,8,,,,,,,,,,,,,,,,,,,,,,,,,,,,,,,100,0,100,0,100,0,100,0,100,0,73,27,100,0,100,0,41,118159,27,27,,,,,100,0,100,0,200,0,,,,,,,,,,,,,,,,,,,,,,,,,,,100,30439,100,30846949768,100,138865704431,,,,,,,,,,
2019-06-24,Z3051FVF,ST4000DM000,4000787030016,0,116,114898936,,,92,0,100,8,100,0,78,81655623,,,65,31018,100,0,,,100,8,,,,,,,,,,,,,,,,,,,,,,,,,,,,,,,100,0,100,0,100,0,100,0,100,0,74,26,100,0,100,0,41,118163,26,26,,,,,100,0,100,0,200,0,,,,,,,,,,,,,,,,,,,,,,,,,,,100,30462,100,30849464464,100,138987474874,,,,,,,,,,
2019-06-25,Z3051FVF,ST4000DM000,4000787030016,0,116,111854368,,,92,0,100,8,100,0,78,82105222,,,65,31042,100,0,,,100,8,,,,,,,,,,,,,,,,,,,,,,,,,,,,,,,100,0,100,0,100,0,100,0,100,0,73,27,100,0,100,0,41,118165,27,27,,,,,100,0,100,0,200,0,,,,,,,,,,,,,,,,,,,,,,,,,,,100,30486,100,30850925608,100,139117175147,,,,,,,,,,
2019-06-26,Z3051FVF,ST4000DM000,4000787030016,0,116,110032576,,,92,0,100,8,100,0,78,82878355,,,65,31078,100,0,,,100,8,,,,,,,,,,,,,,,,,,,,,,,,,,,,,,,100,0,100,0,100,0,100,0,100,0,74,26,100,0,100,0,41,118168,26,26,,,,,100,0,100,0,200,0,,,,,,,,,,,,,,,,,,,,,,,,,,,100,30521,100,30854568832,100,139279155121,,,,,,,,,,
2019-06-27,Z3051FVF,ST4000DM000,4000787030016,0,119,212549080,,,92,0,100,8,100,0,79,84051933,,,65,31102,100,0,,,100,8,,,,,,,,,,,,,,,,,,,,,,,,,,,,,,,100,0,100,0,100,0,100,0,100,0,73,27,100,0,100,0,41,118174,27,27,,,,,100,0,100,0,200,0,,,,,,,,,,,,,,,,,,,,,,,,,,,100,30545,100,30857917352,100,139556736260,,,,,,,,,,
2019-06-28,Z3051FVF,ST4000DM000,4000787030016,0,118,174337656,,,92,0,100,8,100,0,79,84656732,,,65,31126,100,0,,,100,8,,,,,,,,,,,,,,,,,,,,,,,,,,,,,,,100,0,100,0,100,0,100,0,100,0,73,27,100,0,100,0,41,118177,27,27,,,,,100,0,100,0,200,0,,,,,,,,,,,,,,,,,,,,,,,,,,,100,30569,100,30860056512,100,139730230064,,,,,,,,,,
2019-06-29,Z3051FVF,ST4000DM000,4000787030016,0,119,218118096,,,92,0,100,8,100,0,79,85834160,,,65,31150,100,0,,,100,8,,,,,,,,,,,,,,,,,,,,,,,,,,,,,,,100,0,100,0,100,0,100,0,100,0,74,26,100,0,100,0,41,118237,26,26,,,,,100,0,100,0,200,0,,,,,,,,,,,,,,,,,,,,,,,,,,,100,30593,100,30865853840,100,139951825177,,,,,,,,,,
2019-06-30,Z3051FVF,ST4000DM000,4000787030016,0,105,9229776,,,92,0,100,8,100,0,79,86385041,,,65,31174,100,0,,,100,8,,,,,,,,,,,,,,,,,,,,,,,,,,,,,,,100,0,100,0,100,0,100,0,100,0,74,26,100,0,100,0,41,118239,26,26,,,,,100,0,100,0,200,0,,,,,,,,,,,,,,,,,,,,,,,,,,,100,30617,100,30869009056,100,140205935136,,,,,,,,,,
2019-07-01,Z3051FVF,ST4000DM000,4000787030016,0,102,4628192,,,92,0,100,8,100,0,79,87232593,,,65,31198,100,0,,,100,8,,,,,,,,,,,,,,,,,,,,,,,,,,,,,,,100,0,100,0,100,0,100,0,100,0,73,27,100,0,100,0,41,118241,27,27,,,,,100,0,100,0,200,0,,,,,,,,,,,,,,,,,,,,,,,,,,,100,30642,100,30873073680,100,140441600727,,,,,,,,,,
2019-07-02,Z3051FVF,ST4000DM000,4000787030016,0,119,201825984,,,92,0,100,8,100,0,79,88025019,,,65,31223,100,0,,,100,8,,,,,,,,,,,,,,,,,,,,,,,,,,,,,,,100,0,100,0,100,0,100,0,100,0,73,27,100,0,100,0,41,118245,27,27,,,,,100,0,100,0,200,0,,,,,,,,,,,,,,,,,,,,,,,,,,,100,30666,100,30875996696,100,140672594246,,,,,,,,,,
2019-07-03,Z3051FVF,ST4000DM000,4000787030016,0,118,195894616,,,92,0,100,8,100,0,79,89826075,,,65,31247,100,0,,,100,8,,,,,,,,,,,,,,,,,,,,,,,,,,,,,,,100,0,100,0,100,0,100,0,100,0,73,27,100,0,100,0,41,118246,27,27,,,,,100,0,100,0,200,0,,,,,,,,,,,,,,,,,,,,,,,,,,,100,30690,100,30878847280,100,140927393217,,,,,,,,,,
2019-07-04,Z3051FVF,ST4000DM000,4000787030016,0,117,121578528,,,92,0,100,8,100,0,79,91824521,,,65,31271,100,0,,,100,8,,,,,,,,,,,,,,,,,,,,,,,,,,,,,,,100,0,100,0,100,0,100,0,100,0,73,27,100,0,100,0,41,118250,27,27,,,,,100,0,100,0,200,0,,,,,,,,,,,,,,,,,,,,,,,,,,,100,30714,100,30883901528,100,141190189982,,,,,,,,,,
2019-07-05,Z3051FVF,ST4000DM000,4000787030016,0,119,226252168,,,92,0,100,8,100,0,79,93671149,,,65,31295,100,0,,,100,8,,,,,,,,,,,,,,,,,,,,,,,,,,,,,,,100,0,100,0,100,0,100,0,100,0,74,26,100,0,100,0,41,118252,26,26,,,,,100,0,100,0,200,0,,,,,,,,,,,,,,,,,,,,,,,,,,,100,30738,100,30886078432,100,141419589687,,,,,,,,,,
2019-07-06,Z3051FVF,ST4000DM000,4000787030016,0,116,112891112,,,92,0,100,8,100,0,79,94582290,,,65,31319,100,0,,,100,8,,,,,,,,,,,,,,,,,,,,,,,,,,,,,,,100,0,100,0,100,0,100,0,100,0,74,26,100,0,100,0,41,118279,26,26,,,,,100,0,100,0,200,0,,,,,,,,,,,,,,,,,,,,,,,,,,,100,30762,100,30890441760,100,141594560375,,,,,,,,,,
2019-07-07,Z3051FVF,ST4000DM000,4000787030016,0,111,35089416,,,92,0,100,8,100,0,79,95047843,,,65,31331,100,0,,,100,8,,,,,,,,,,,,,,,,,,,,,,,,,,,,,,,100,0,100,0,100,0,100,0,100,0,74,26,100,0,100,0,41,118280,26,26,,,,,100,0,100,0,200,0,,,,,,,,,,,,,,,,,,,,,,,,,,,100,30774,100,30891281216,100,141679026905,,,,,,,,,,
2019-07-08,Z3051FVF,ST4000DM000,4000787030016,0,118,188452304,,,92,0,100,8,100,0,79,95592536,,,65,31356,100,0,,,100,8,,,,,,,,,,,,,,,,,,,,,,,,,,,,,,,100,0,100,0,100,0,100,0,100,0,74,26,100,0,100,0,41,118284,26,26,,,,,100,0,100,0,200,0,,,,,,,,,,,,,,,,,,,,,,,,,,,100,30799,100,30893266704,100,141802461937,,,,,,,,,,
2019-07-09,Z3051FVF,ST4000DM000,4000787030016,0,119,212056752,,,92,0,100,8,100,0,79,96188575,,,65,31379,100,0,,,100,8,,,,,,,,,,,,,,,,,,,,,,,,,,,,,,,100,0,100,0,100,0,100,0,100,0,74,26,100,0,100,0,41,118288,26,26,,,,,100,0,100,0,200,0,,,,,,,,,,,,,,,,,,,,,,,,,,,100,30822,100,30895108992,100,141978311895,,,,,,,,,,
2019-07-10,Z3051FVF,ST4000DM000,4000787030016,0,120,241936368,,,92,0,100,8,100,0,79,97073099,,,65,31404,100,0,,,100,8,,,,,,,,,,,,,,,,,,,,,,,,,,,,,,,100,0,100,0,100,0,100,0,100,0,73,27,100,0,100,0,41,118290,27,27,,,,,100,0,100,0,200,0,,,,,,,,,,,,,,,,,,,,,,,,,,,100,30847,100,30898247864,100,142137066687,,,,,,,,,,
2019-07-11,Z3051FVF,ST4000DM000,4000787030016,0,109,22924168,,,92,0,100,8,100,0,79,98136832,,,65,31428,100,0,,,100,8,,,,,,,,,,,,,,,,,,,,,,,,,,,,,,,100,0,100,0,100,0,100,0,100,0,73,27,100,0,100,0,41,118296,27,27,,,,,100,0,100,0,200,0,,,,,,,,,,,,,,,,,,,,,,,,,,,100,30871,100,30902795184,100,142366048661,,,,,,,,,,
2019-07-12,Z3051FVF,ST4000DM000,4000787030016,0,117,163770648,,,92,0,100,8,100,0,79,98687996,,,65,31452,100,0,,,100,8,,,,,,,,,,,,,,,,,,,,,,,,,,,,,,,100,0,100,0,100,0,100,0,100,0,73,27,100,0,100,0,41,118299,27,27,,,,,100,0,100,0,200,0,,,,,,,,,,,,,,,,,,,,,,,,,,,100,30895,100,30904244216,100,142541687917,,,,,,,,,,
2019-07-13,Z3051FVF,ST4000DM000,4000787030016,0,119,224810864,,,92,0,100,8,100,0,79,99692989,,,65,31476,100,0,,,100,8,,,,,,,,,,,,,,,,,,,,,,,,,,,,,,,100,0,100,0,100,0,100,0,100,0,73,27,100,0,100,0,41,118339,27,27,,,,,100,0,100,0,200,0,,,,,,,,,,,,,,,,,,,,,,,,,,,100,30919,100,30908082264,100,142766522195,,,,,,,,,,
2019-07-14,Z3051FVF,ST4000DM000,4000787030016,0,119,216766272,,,92,0,100,8,100,0,80,100688510,,,65,31500,100,0,,,100,8,,,,,,,,,,,,,,,,,,,,,,,,,,,,,,,100,0,100,0,100,0,100,0,100,0,73,27,100,0,100,0,41,118378,27,27,,,,,100,0,100,0,200,0,,,,,,,,,,,,,,,,,,,,,,,,,,,100,30943,100,30913934760,100,143079234995,,,,,,,,,,
2019-07-15,Z3051FVF,ST4000DM000,4000787030016,0,118,186059360,,,92,0,100,8,100,0,80,101679091,,,65,31524,100,0,,,100,8,,,,,,,,,,,,,,,,,,,,,,,,,,,,,,,100,0,100,0,100,0,100,0,100,0,73,27,100,0,100,0,41,118382,27,27,,,,,100,0,100,0,200,0,,,,,,,,,,,,,,,,,,,,,,,,,,,100,30967,100,30918619984,100,143385608635,,,,,,,,,,
2019-07-16,Z3051FVF,ST4000DM000,4000787030016,0,119,234435128,,,92,0,100,8,100,0,80,103135522,,,64,31548,100,0,,,100,8,,,,,,,,,,,,,,,,,,,,,,,,,,,,,,,100,0,100,0,100,0,100,0,100,0,73,27,100,0,100,0,41,118384,27,27,,,,,100,0,100,0,200,0,,,,,,,,,,,,,,,,,,,,,,,,,,,100,30991,100,30922289192,100,143702468398,,,,,,,,,,
2019-07-17,Z3051FVF,ST4000DM000,4000787030016,0,117,132699632,,,92,0,100,8,100,0,80,106399612,,,64,31585,100,0,,,100,8,,,,,,,,,,,,,,,,,,,,,,,,,,,,,,,100,0,100,0,100,0,100,0,100,0,74,26,100,0,100,0,41,118389,26,26,,,,,100,0,100,0,200,0,,,,,,,,,,,,,,,,,,,,,,,,,,,100,31027,100,30926359264,100,144187287986,,,,,,,,,,
2019-07-18,Z3051FVF,ST4000DM000,4000787030016,0,108,19909240,,,92,0,100,8,100,0,80,108338924,,,64,31609,100,0,,,100,8,,,,,,,,,,,,,,,,,,,,,,,,,,,,,,,100,0,100,0,100,0,100,0,100,0,74,26,100,0,100,0,41,118392,26,26,,,,,100,0,100,0,200,0,,,,,,,,,,,,,,,,,,,,,,,,,,,100,31052,100,30931215240,100,144445125360,,,,,,,,,,
2019-07-19,Z3051FVF,ST4000DM000,4000787030016,0,119,231950480,,,92,0,100,8,100,0,80,108905532,,,64,31633,100,0,,,100,8,,,,,,,,,,,,,,,,,,,,,,,,,,,,,,,100,0,100,0,100,0,100,0,100,0,74,26,100,0,100,0,41,118396,26,26,,,,,100,0,100,0,200,0,,,,,,,,,,,,,,,,,,,,,,,,,,,100,31076,100,30932944960,100,144607958110,,,,,,,,,,
2019-07-20,Z3051FVF,ST4000DM000,4000787030016,0,116,101908304,,,92,0,100,8,100,0,80,110272470,,,64,31657,100,0,,,100,8,,,,,,,,,,,,,,,,,,,,,,,,,,,,,,,100,0,100,0,100,0,100,0,100,0,74,26,100,0,100,0,41,118412,26,26,,,,,100,0,100,0,200,0,,,,,,,,,,,,,,,,,,,,,,,,,,,100,31100,100,30937454096,100,144843787392,,,,,,,,,,
2019-07-21,Z3051FVF,ST4000DM000,4000787030016,0,117,163669328,,,92,0,100,8,100,0,80,110955478,,,64,31682,100,0,,,100,8,,,,,,,,,,,,,,,,,,,,,,,,,,,,,,,100,0,100,0,100,0,100,0,100,0,73,27,100,0,100,0,41,118416,27,27,,,,,100,0,100,0,200,0,,,,,,,,,,,,,,,,,,,,,,,,,,,100,31124,100,30939397344,100,145064966776,,,,,,,,,,
2019-07-22,Z3051FVF,ST4000DM000,4000787030016,0,117,120881632,,,92,0,100,8,100,0,80,111789423,,,64,31706,100,0,,,100,8,,,,,,,,,,,,,,,,,,,,,,,,,,,,,,,100,0,100,0,100,0,100,0,100,0,74,26,100,0,100,0,41,118420,26,26,,,,,100,0,100,0,200,0,,,,,,,,,,,,,,,,,,,,,,,,,,,100,31148,100,30941641024,100,145323844722,,,,,,,,,,
2019-07-23,Z3051FVF,ST4000DM000,4000787030016,0,107,13950608,,,92,0,100,8,100,0,80,112688168,,,64,31730,100,0,,,100,8,,,,,,,,,,,,,,,,,,,,,,,,,,,,,,,100,0,100,0,100,0,100,0,100,0,73,27,100,0,100,0,41,118457,27,27,,,,,100,0,100,0,200,0,,,,,,,,,,,,,,,,,,,,,,,,,,,100,31172,100,30945282104,100,145534851888,,,,,,,,,,
2019-07-24,Z3051FVF,ST4000DM000,4000787030016,0,116,102503600,,,92,0,100,8,100,0,80,113056428,,,64,31742,100,0,,,100,8,,,,,,,,,,,,,,,,,,,,,,,,,,,,,,,100,0,100,0,100,0,100,0,100,0,74,26,100,0,100,0,41,118459,26,26,,,,,100,0,100,0,200,0,,,,,,,,,,,,,,,,,,,,,,,,,,,100,31184,100,30947115696,100,145693362746,,,,,,,,,,
2019-07-25,Z3051FVF,ST4000DM000,4000787030016,0,116,109799464,,,92,0,100,8,100,0,80,114482038,,,64,31778,100,0,,,100,8,,,,,,,,,,,,,,,,,,,,,,,,,,,,,,,100,0,100,0,100,0,100,0,100,0,73,27,100,0,100,0,41,118470,27,27,,,,,100,0,100,0,200,0,,,,,,,,,,,,,,,,,,,,,,,,,,,100,31220,100,30955281192,100,146180376680,,,,,,,,,,
2019-07-26,Z3051FVF,ST4000DM000,4000787030016,0,114,70506712,,,92,0,100,8,100,0,80,116074223,,,64,31802,100,0,,,100,8,,,,,,,,,,,,,,,,,,,,,,,,,,,,,,,100,0,100,0,100,0,100,0,100,0,72,28,100,0,100,0,41,118471,28,28,,,,,100,0,100,0,200,0,,,,,,,,,,,,,,,,,,,,,,,,,,,100,31244,100,30960351392,100,146501782023,,,,,,,,,,
2019-07-27,Z3051FVF,ST4000DM000,4000787030016,0,118,173140736,,,92,0,100,8,100,0,81,118636017,,,64,31827,100,0,,,100,8,,,,,,,,,,,,,,,,,,,,,,,,,,,,,,,100,0,100,0,100,0,100,0,100,0,73,27,100,0,100,0,41,118510,27,27,,,,,100,0,100,0,200,0,,,,,,,,,,,,,,,,,,,,,,,,,,,100,31268,100,30965551560,100,146812649849,,,,,,,,,,
2019-07-28,Z3051FVF,ST4000DM000,4000787030016,0,117,123926648,,,92,0,100,8,100,0,81,120940564,,,64,31851,100,0,,,100,8,,,,,,,,,,,,,,,,,,,,,,,,,,,,,,,100,0,100,0,100,0,100,0,100,0,74,26,100,0,100,0,41,118512,26,26,,,,,100,0,100,0,200,0,,,,,,,,,,,,,,,,,,,,,,,,,,,100,31292,100,30967713472,100,147117174356,,,,,,,,,,
2019-07-29,Z3051FVF,ST4000DM000,4000787030016,0,100,2938392,,,92,0,100,8,100,0,81,122084447,,,64,31875,100,0,,,100,8,,,,,,,,,,,,,,,,,,,,,,,,,,,,,,,100,0,100,0,100,0,100,0,100,0,73,27,100,0,100,0,41,118514,27,27,,,,,100,0,100,0,200,0,,,,,,,,,,,,,,,,,,,,,,,,,,,100,31316,100,30971539432,100,147357587452,,,,,,,,,,
2019-07-30,Z3051FVF,ST4000DM000,4000787030016,0,117,160329168,,,92,0,100,8,100,0,81,122821208,,,64,31899,100,0,,,100,8,,,,,,,,,,,,,,,,,,,,,,,,,,,,,,,100,0,100,0,100,0,100,0,100,0,73,27,100,0,100,0,41,118515,27,27,,,,,100,0,100,0,200,0,,,,,,,,,,,,,,,,,,,,,,,,,,,100,31341,100,30998204080,100,147542343751,,,,,,,,,,
2019-07-31,Z3051FVF,ST4000DM000,4000787030016,0,118,175707088,,,92,0,100,8,100,0,81,123797771,,,64,31923,100,0,,,100,8,,,,,,,,,,,,,,,,,,,,,,,,,,,,,,,100,0,100,0,100,0,100,0,100,0,73,27,100,0,100,0,41,118516,27,27,,,,,100,0,100,0,200,0,,,,,,,,,,,,,,,,,,,,,,,,,,,100,31365,100,31071101624,100,147800327501,,,,,,,,,,
2019-08-01,Z3051FVF,ST4000DM000,4000787030016,0,119,225392080,,,92,0,100,8,100,0,81,125578091,,,64,31947,100,0,,,100,8,,,,,,,,,,,,,,,,,,,,,,,,,,,,,,,100,0,100,0,100,0,100,0,100,0,74,26,100,0,100,0,41,118516,26,26,,,,,100,0,100,0,200,0,,,,,,,,,,,,,,,,,,,,,,,,,,,100,31389,100,31140744880,100,148064142719,,,,,,,,,,
2019-08-02,Z3051FVF,ST4000DM000,4000787030016,0,117,135448776,,,92,0,100,8,100,0,81,126671953,,,64,31971,100,0,,,100,8,,,,,,,,,,,,,,,,,,,,,,,,,,,,,,,100,0,100,0,100,0,100,0,100,0,73,27,100,0,100,0,41,118516,27,27,,,,,100,0,100,0,200,0,,,,,,,,,,,,,,,,,,,,,,,,,,,100,31413,100,31216957928,100,148322803070,,,,,,,,,,
2019-08-03,Z3051FVF,ST4000DM000,4000787030016,0,108,19551248,,,92,0,100,8,100,0,81,127823115,,,64,31995,100,0,,,100,8,,,,,,,,,,,,,,,,,,,,,,,,,,,,,,,100,0,100,0,100,0,100,0,100,0,73,27,100,0,100,0,41,118516,27,27,,,,,100,0,100,0,200,0,,,,,,,,,,,,,,,,,,,,,,,,,,,100,31437,100,31286796816,100,148502777467,,,,,,,,,,
2019-08-04,Z3051FVF,ST4000DM000,4000787030016,0,120,241418784,,,92,0,100,8,100,0,81,128843671,,,64,32019,100,0,,,100,8,,,,,,,,,,,,,,,,,,,,,,,,,,,,,,,100,0,100,0,100,0,100,0,100,0,73,27,100,0,100,0,41,118516,27,27,,,,,100,0,100,0,200,0,,,,,,,,,,,,,,,,,,,,,,,,,,,100,31461,100,31342887688,100,148860992638,,,,,,,,,,
2019-08-05,Z3051FVF,ST4000DM000,4000787030016,0,117,141518376,,,92,0,100,8,100,0,81,130113900,,,64,32043,100,0,,,100,8,,,,,,,,,,,,,,,,,,,,,,,,,,,,,,,100,0,100,0,100,0,100,0,100,0,74,26,100,0,100,0,41,118516,26,26,,,,,100,0,100,0,200,0,,,,,,,,,,,,,,,,,,,,,,,,,,,100,31485,100,31408831336,100,149176770233,,,,,,,,,,
2019-08-06,Z3051FVF,ST4000DM000,4000787030016,0,119,221651592,,,92,0,100,8,100,0,81,131801690,,,64,32067,100,0,,,100,8,,,,,,,,,,,,,,,,,,,,,,,,,,,,,,,100,0,100,0,100,0,100,0,100,0,74,26,100,0,100,0,41,118516,26,26,,,,,100,0,100,0,200,0,,,,,,,,,,,,,,,,,,,,,,,,,,,100,31509,100,31463340560,100,149500225392,,,,,,,,,,
2019-08-07,Z3051FVF,ST4000DM000,4000787030016,0,112,46278048,,,92,0,100,8,100,0,81,133833419,,,64,32091,100,0,,,100,8,,,,,,,,,,,,,,,,,,,,,,,,,,,,,,,100,0,100,0,100,0,100,0,100,0,74,26,100,0,100,0,41,118517,26,26,,,,,100,0,100,0,200,0,,,,,,,,,,,,,,,,,,,,,,,,,,,100,31533,100,31510899440,100,149815973582,,,,,,,,,,
2019-08-08,Z3051FVF,ST4000DM000,4000787030016,0,117,122444200,,,92,0,100,8,100,0,81,135044201,,,64,32115,100,0,,,100,8,,,,,,,,,,,,,,,,,,,,,,,,,,,,,,,100,0,100,0,100,0,100,0,100,0,74,26,100,0,100,0,41,118517,26,26,,,,,100,0,100,0,200,0,,,,,,,,,,,,,,,,,,,,,,,,,,,100,31556,100,31551017528,100,150112540654,,,,,,,,,,
2019-08-09,Z3051FVF,ST4000DM000,4000787030016,0,115,85962680,,,92,0,100,8,100,0,81,137169804,,,64,32139,100,0,,,100,8,,,,,,,,,,,,,,,,,,,,,,,,,,,,,,,100,0,100,0,100,0,100,0,100,0,74,26,100,0,100,0,41,118517,26,26,,,,,100,0,100,0,200,0,,,,,,,,,,,,,,,,,,,,,,,,,,,100,31580,100,31581758080,100,150436187462,,,,,,,,,,
2019-08-10,Z3051FVF,ST4000DM000,4000787030016,0,117,140884376,,,92,0,100,8,100,0,81,139027689,,,64,32163,100,0,,,100,8,,,,,,,,,,,,,,,,,,,,,,,,,,,,,,,100,0,100,0,100,0,100,0,100,0,74,26,100,0,100,0,41,118517,26,26,,,,,100,0,100,0,200,0,,,,,,,,,,,,,,,,,,,,,,,,,,,100,31605,100,31613120000,100,150681167793,,,,,,,,,,
2019-08-11,Z3051FVF,ST4000DM000,4000787030016,0,119,214325312,,,92,0,100,8,100,0,81,139792168,,,64,32187,100,0,,,100,8,,,,,,,,,,,,,,,,,,,,,,,,,,,,,,,100,0,100,0,100,0,100,0,100,0,74,26,100,0,100,0,41,118517,26,26,,,,,100,0,100,0,200,0,,,,,,,,,,,,,,,,,,,,,,,,,,,100,31629,100,31644767832,100,150849674930,,,,,,,,,,
2019-08-12,Z3051FVF,ST4000DM000,4000787030016,0,119,206207752,,,92,0,100,8,100,0,81,140886205,,,64,32211,100,0,,,100,8,,,,,,,,,,,,,,,,,,,,,,,,,,,,,,,100,0,100,0,100,0,100,0,100,0,74,26,100,0,100,0,41,118517,26,26,,,,,100,0,100,0,200,0,,,,,,,,,,,,,,,,,,,,,,,,,,,100,31653,100,31679905192,100,151103291558,,,,,,,,,,
2019-08-13,Z3051FVF,ST4000DM000,4000787030016,0,117,124390512,,,92,0,100,8,100,0,81,141825779,,,64,32235,100,0,,,100,8,,,,,,,,,,,,,,,,,,,,,,,,,,,,,,,100,0,100,0,100,0,100,0,100,0,74,26,100,0,100,0,41,118517,26,26,,,,,100,0,100,0,200,0,,,,,,,,,,,,,,,,,,,,,,,,,,,100,31677,100,31721643024,100,151345879628,,,,,,,,,,
2019-08-14,Z3051FVF,ST4000DM000,4000787030016,0,116,104581408,,,92,0,100,8,100,0,81,142457453,,,64,32247,100,0,,,100,8,,,,,,,,,,,,,,,,,,,,,,,,,,,,,,,100,0,100,0,100,0,100,0,100,0,74,26,100,0,100,0,41,118517,26,26,,,,,100,0,100,0,200,0,,,,,,,,,,,,,,,,,,,,,,,,,,,100,31689,100,31785558680,100,151488462097,,,,,,,,,,
2019-08-15,Z3051FVF,ST4000DM000,4000787030016,0,117,159752480,,,92,0,100,8,100,0,81,143937352,,,64,32271,100,0,,,100,8,,,,,,,,,,,,,,,,,,,,,,,,,,,,,,,100,0,100,0,100,0,100,0,100,0,73,27,100,0,100,0,41,118518,27,27,,,,,100,0,100,0,200,0,,,,,,,,,,,,,,,,,,,,,,,,,,,100,31713,100,31842163176,100,151791313454,,,,,,,,,,
2019-08-16,Z3051FVF,ST4000DM000,4000787030016,0,115,98558320,,,92,0,100,8,100,0,81,144775284,,,64,32295,100,0,,,100,8,,,,,,,,,,,,,,,,,,,,,,,,,,,,,,,100,0,100,0,100,0,100,0,100,0,73,27,100,0,100,0,41,118518,27,27,,,,,100,0,100,0,200,0,,,,,,,,,,,,,,,,,,,,,,,,,,,100,31737,100,31881081320,100,152018566311,,,,,,,,,,
2019-08-17,Z3051FVF,ST4000DM000,4000787030016,0,115,98114728,,,92,0,100,8,100,0,81,145785474,,,64,32319,100,0,,,100,8,,,,,,,,,,,,,,,,,,,,,,,,,,,,,,,100,0,100,0,100,0,100,0,100,0,73,27,100,0,100,0,41,118518,27,27,,,,,100,0,100,0,200,0,,,,,,,,,,,,,,,,,,,,,,,,,,,100,31761,100,31929189936,100,152374246408,,,,,,,,,,
2019-08-18,Z3051FVF,ST4000DM000,4000787030016,0,112,49933824,,,92,0,100,8,100,0,81,146964825,,,64,32343,100,0,,,100,8,,,,,,,,,,,,,,,,,,,,,,,,,,,,,,,100,0,100,0,100,0,100,0,100,0,73,27,100,0,100,0,41,118518,27,27,,,,,100,0,100,0,200,0,,,,,,,,,,,,,,,,,,,,,,,,,,,100,31785,100,31971442200,100,152643000126,,,,,,,,,,
2019-08-19,Z3051FVF,ST4000DM000,4000787030016,0,118,183510936,,,92,0,100,8,100,0,81,148506332,,,64,32367,100,0,,,100,8,,,,,,,,,,,,,,,,,,,,,,,,,,,,,,,100,0,100,0,100,0,100,0,100,0,73,27,100,0,100,0,41,118518,27,27,,,,,100,0,100,0,200,0,,,,,,,,,,,,,,,,,,,,,,,,,,,100,31809,100,32012338488,100,152975364382,,,,,,,,,,
2019-08-20,Z3051FVF,ST4000DM000,4000787030016,0,116,104021080,,,92,0,100,8,100,0,81,150972194,,,64,32391,100,0,,,100,8,,,,,,,,,,,,,,,,,,,,,,,,,,,,,,,100,0,100,0,100,0,100,0,100,0,74,26,100,0,100,0,41,118518,26,26,,,,,100,0,100,0,200,0,,,,,,,,,,,,,,,,,,,,,,,,,,,100,31833,100,32059727856,100,153312281582,,,,,,,,,,
2019-08-21,Z3051FVF,ST4000DM000,4000787030016,0,112,44672736,,,92,0,100,8,100,0,81,153739336,,,63,32415,100,0,,,100,8,,,,,,,,,,,,,,,,,,,,,,,,,,,,,,,100,0,100,0,100,0,100,0,100,0,74,26,100,0,100,0,41,118518,26,26,,,,,100,0,100,0,200,0,,,,,,,,,,,,,,,,,,,,,,,,,,,100,31857,100,32101568784,100,153634901543,,,,,,,,,,
2019-08-22,Z3051FVF,ST4000DM000,4000787030016,0,112,46883728,,,92,0,100,8,100,0,81,155025980,,,63,32439,100,0,,,100,8,,,,,,,,,,,,,,,,,,,,,,,,,,,,,,,100,0,100,0,100,0,100,0,100,0,74,26,100,0,100,0,41,118519,26,26,,,,,100,0,100,0,200,0,,,,,,,,,,,,,,,,,,,,,,,,,,,100,31881,100,32147632096,100,153965542243,,,,,,,,,,
2019-08-23,Z3051FVF,ST4000DM000,4000787030016,0,111,34895656,,,92,0,100,8,100,0,81,155973368,,,63,32463,100,0,,,100,8,,,,,,,,,,,,,,,,,,,,,,,,,,,,,,,100,0,100,0,100,0,100,0,100,0,73,27,100,0,100,0,41,118519,27,27,,,,,100,0,100,0,200,0,,,,,,,,,,,,,,,,,,,,,,,,,,,100,31905,100,32189576640,100,154198687225,,,,,,,,,,
2019-08-24,Z3051FVF,ST4000DM000,4000787030016,0,119,229228904,,,92,0,100,8,100,0,81,157060185,,,63,32487,100,0,,,100,8,,,,,,,,,,,,,,,,,,,,,,,,,,,,,,,100,0,100,0,100,0,100,0,100,0,74,26,100,0,100,0,41,118519,26,26,,,,,100,0,100,0,200,0,,,,,,,,,,,,,,,,,,,,,,,,,,,100,31929,100,32236858312,100,154402481636,,,,,,,,,,
2019-08-25,Z3051FVF,ST4000DM000,4000787030016,0,115,96462648,,,92,0,100,8,100,0,81,158203464,,,63,32511,100,0,,,100,8,,,,,,,,,,,,,,,,,,,,,,,,,,,,,,,100,0,100,0,100,0,100,0,100,0,74,26,100,0,100,0,41,118519,26,26,,,,,100,0,100,0,200,0,,,,,,,,,,,,,,,,,,,,,,,,,,,100,31953,100,32276640976,100,154601724142,,,,,,,,,,
2019-08-26,Z3051FVF,ST4000DM000,4000787030016,0,117,157247208,,,92,0,100,8,100,0,81,160398183,,,63,32559,100,0,,,100,8,,,,,,,,,,,,,,,,,,,,,,,,,,,,,,,100,0,100,0,100,0,100,0,100,0,74,26,100,0,100,0,41,118519,26,26,,,,,100,0,100,0,200,0,,,,,,,,,,,,,,,,,,,,,,,,,,,100,32001,100,32354555992,100,155101148098,,,,,,,,,,
2019-08-27,Z3051FVF,ST4000DM000,4000787030016,0,117,157247208,,,92,0,100,8,100,0,81,160398183,,,63,32559,100,0,,,100,8,,,,,,,,,,,,,,,,,,,,,,,,,,,,,,,100,0,100,0,100,0,100,0,100,0,74,26,100,0,100,0,41,118519,26,26,,,,,100,0,100,0,200,0,,,,,,,,,,,,,,,,,,,,,,,,,,,100,32001,100,32354555992,100,155101148098,,,,,,,,,,
2019-08-28,Z3051FVF,ST4000DM000,4000787030016,0,118,190144048,,,92,0,100,8,100,0,81,161376778,,,63,32583,100,0,,,100,8,,,,,,,,,,,,,,,,,,,,,,,,,,,,,,,100,0,100,0,100,0,100,0,100,0,74,26,100,0,100,0,41,118519,26,26,,,,,100,0,100,0,200,0,,,,,,,,,,,,,,,,,,,,,,,,,,,100,32025,100,32400297640,100,155405873942,,,,,,,,,,
2019-08-29,Z3051FVF,ST4000DM000,4000787030016,0,114,59324568,,,92,0,100,8,100,0,81,162685446,,,63,32607,100,0,,,100,8,,,,,,,,,,,,,,,,,,,,,,,,,,,,,,,100,0,100,0,100,0,100,0,100,0,74,26,100,0,100,0,41,118519,26,26,,,,,100,0,100,0,200,0,,,,,,,,,,,,,,,,,,,,,,,,,,,100,32049,100,32448057584,100,155732102552,,,,,,,,,,
2019-08-30,Z3051FVF,ST4000DM000,4000787030016,0,114,64128232,,,92,0,100,8,100,0,81,164311089,,,63,32631,100,0,,,100,8,,,,,,,,,,,,,,,,,,,,,,,,,,,,,,,100,0,100,0,100,0,100,0,100,0,74,26,100,0,100,0,41,118519,26,26,,,,,100,0,100,0,200,0,,,,,,,,,,,,,,,,,,,,,,,,,,,100,32073,100,32495153872,100,156062116076,,,,,,,,,,
2019-08-31,Z3051FVF,ST4000DM000,4000787030016,0,110,29190720,,,92,0,100,8,100,0,81,166807089,,,63,32655,100,0,,,100,8,,,,,,,,,,,,,,,,,,,,,,,,,,,,,,,100,0,100,0,100,0,100,0,100,0,74,26,100,0,100,0,41,118519,26,26,,,,,100,0,100,0,200,0,,,,,,,,,,,,,,,,,,,,,,,,,,,100,32097,100,32554553280,100,156404587445,,,,,,,,,,
2019-09-01,Z3051FVF,ST4000DM000,4000787030016,0,119,203803504,,,92,0,100,8,100,0,82,169185259,,,63,32679,100,0,,,100,8,,,,,,,,,,,,,,,,,,,,,,,,,,,,,,,100,0,100,0,100,0,100,0,100,0,74,26,100,0,100,0,41,118519,26,26,,,,,100,0,100,0,200,0,,,,,,,,,,,,,,,,,,,,,,,,,,,100,32120,100,32611847944,100,156702731875,,,,,,,,,,
2019-09-02,Z3051FVF,ST4000DM000,4000787030016,0,117,131036504,,,92,0,100,8,100,0,82,170888210,,,63,32703,100,0,,,100,8,,,,,,,,,,,,,,,,,,,,,,,,,,,,,,,100,0,100,0,100,0,100,0,100,0,74,26,100,0,100,0,41,118519,26,26,,,,,100,0,100,0,200,0,,,,,,,,,,,,,,,,,,,,,,,,,,,100,32144,100,32652405480,100,156972682462,,,,,,,,,,
2019-09-03,Z3051FVF,ST4000DM000,4000787030016,0,119,209410824,,,92,0,100,8,100,0,82,171763587,,,63,32727,100,0,,,100,8,,,,,,,,,,,,,,,,,,,,,,,,,,,,,,,100,0,100,0,100,0,100,0,100,0,74,26,100,0,100,0,41,118519,26,26,,,,,100,0,100,0,200,0,,,,,,,,,,,,,,,,,,,,,,,,,,,100,32169,100,32690419536,100,157136284615,,,,,,,,,,
2019-09-04,Z3051FVF,ST4000DM000,4000787030016,0,116,104191216,,,92,0,100,8,100,0,82,173241412,,,63,32751,100,0,,,100,8,,,,,,,,,,,,,,,,,,,,,,,,,,,,,,,100,0,100,0,100,0,100,0,100,0,73,27,100,0,100,0,41,118519,27,27,,,,,100,0,100,0,200,0,,,,,,,,,,,,,,,,,,,,,,,,,,,100,32193,100,32740967432,100,157402064528,,,,,,,,,,
2019-09-05,Z3051FVF,ST4000DM000,4000787030016,0,117,158102864,,,92,0,100,8,100,0,82,174605882,,,63,32775,100,0,,,100,8,,,,,,,,,,,,,,,,,,,,,,,,,,,,,,,100,0,100,0,100,0,100,0,100,0,74,26,100,0,100,0,41,118519,26,26,,,,,100,0,100,0,200,0,,,,,,,,,,,,,,,,,,,,,,,,,,,100,32217,100,32797022984,100,157654752484,,,,,,,,,,
2019-09-06,Z3051FVF,ST4000DM000,4000787030016,0,118,172118224,,,92,0,100,8,100,0,82,175562858,,,63,32799,100,0,,,100,8,,,,,,,,,,,,,,,,,,,,,,,,,,,,,,,100,0,100,0,100,0,100,0,100,0,74,26,100,0,100,0,41,118520,26,26,,,,,100,0,100,0,200,0,,,,,,,,,,,,,,,,,,,,,,,,,,,100,32240,100,32835962824,100,157949131783,,,,,,,,,,
2019-09-07,Z3051FVF,ST4000DM000,4000787030016,0,114,71504952,,,92,0,100,8,100,0,82,176378657,,,63,32823,100,0,,,100,8,,,,,,,,,,,,,,,,,,,,,,,,,,,,,,,100,0,100,0,100,0,100,0,100,0,74,26,100,0,100,0,41,118520,26,26,,,,,100,0,100,0,200,0,,,,,,,,,,,,,,,,,,,,,,,,,,,100,32264,100,32885816056,100,158199304940,,,,,,,,,,
2019-09-08,Z3051FVF,ST4000DM000,4000787030016,0,111,33270856,,,92,0,100,8,100,0,82,177811133,,,63,32847,100,0,,,100,8,,,,,,,,,,,,,,,,,,,,,,,,,,,,,,,100,0,100,0,100,0,100,0,100,0,74,26,100,0,100,0,41,118520,26,26,,,,,100,0,100,0,200,0,,,,,,,,,,,,,,,,,,,,,,,,,,,100,32288,100,32935874792,100,158463200535,,,,,,,,,,
2019-09-09,Z3051FVF,ST4000DM000,4000787030016,0,117,146348688,,,92,0,100,8,100,0,82,178693845,,,63,32871,100,0,,,100,8,,,,,,,,,,,,,,,,,,,,,,,,,,,,,,,100,0,100,0,100,0,100,0,100,0,74,26,100,0,100,0,41,118520,26,26,,,,,100,0,100,0,200,0,,,,,,,,,,,,,,,,,,,,,,,,,,,100,32312,100,32974862752,100,158667439430,,,,,,,,,,
2019-09-10,Z3051FVF,ST4000DM000,4000787030016,0,116,109860856,,,92,0,100,8,100,0,82,179721401,,,63,32895,100,0,,,100,8,,,,,,,,,,,,,,,,,,,,,,,,,,,,,,,100,0,100,0,100,0,100,0,100,0,74,26,100,0,100,0,41,118520,26,26,,,,,100,0,100,0,200,0,,,,,,,,,,,,,,,,,,,,,,,,,,,100,32336,100,33032625608,100,158999022058,,,,,,,,,,
2019-09-11,Z3051FVF,ST4000DM000,4000787030016,0,111,41902776,,,92,0,100,8,100,0,82,181227164,,,63,32930,100,0,,,100,8,,,,,,,,,,,,,,,,,,,,,,,,,,,,,,,100,0,100,0,100,0,100,0,100,0,74,26,100,0,100,0,41,118520,26,26,,,,,100,0,100,0,200,0,,,,,,,,,,,,,,,,,,,,,,,,,,,100,32372,100,33111030360,100,159465498565,,,,,,,,,,
2019-09-12,Z3051FVF,ST4000DM000,4000787030016,0,116,100669424,,,92,0,100,8,100,0,82,183286943,,,63,32954,100,0,,,100,8,,,,,,,,,,,,,,,,,,,,,,,,,,,,,,,100,0,100,0,100,0,100,0,100,0,74,26,100,0,100,0,41,118520,26,26,,,,,100,0,100,0,200,0,,,,,,,,,,,,,,,,,,,,,,,,,,,100,32396,100,33158235872,100,159814530321,,,,,,,,,,
2019-09-13,Z3051FVF,ST4000DM000,4000787030016,0,120,237998936,,,92,0,100,8,100,0,82,185782924,,,63,32978,100,0,,,100,8,,,,,,,,,,,,,,,,,,,,,,,,,,,,,,,100,0,100,0,100,0,100,0,100,0,74,26,100,0,100,0,41,118520,26,26,,,,,100,0,100,0,200,0,,,,,,,,,,,,,,,,,,,,,,,,,,,100,32420,100,33206347168,100,160147954515,,,,,,,,,,
2019-09-14,Z3051FVF,ST4000DM000,4000787030016,0,120,675096,,,92,0,100,8,100,0,82,188357812,,,63,33002,100,0,,,100,8,,,,,,,,,,,,,,,,,,,,,,,,,,,,,,,100,0,100,0,100,0,100,0,100,0,73,27,100,0,100,0,41,118520,27,27,,,,,100,0,100,0,200,0,,,,,,,,,,,,,,,,,,,,,,,,,,,100,32443,100,33278973584,100,160446308648,,,,,,,,,,
2019-09-15,Z3051FVF,ST4000DM000,4000787030016,0,117,130678880,,,92,0,100,8,100,0,82,189777968,,,63,33026,100,0,,,100,8,,,,,,,,,,,,,,,,,,,,,,,,,,,,,,,100,0,100,0,100,0,100,0,100,0,73,27,100,0,100,0,41,118520,27,27,,,,,100,0,100,0,200,0,,,,,,,,,,,,,,,,,,,,,,,,,,,100,32467,100,33329622864,100,160708375247,,,,,,,,,,
2019-09-16,Z3051FVF,ST4000DM000,4000787030016,0,118,176509992,,,92,0,100,8,100,0,82,190951648,,,63,33050,100,0,,,100,8,,,,,,,,,,,,,,,,,,,,,,,,,,,,,,,100,0,100,0,100,0,100,0,100,0,74,26,100,0,100,0,41,118520,26,26,,,,,100,0,100,0,200,0,,,,,,,,,,,,,,,,,,,,,,,,,,,100,32491,100,33403044424,100,160879124084,,,,,,,,,,
2019-09-17,Z3051FVF,ST4000DM000,4000787030016,0,117,166798440,,,92,0,100,8,100,0,82,192081478,,,63,33074,100,0,,,100,8,,,,,,,,,,,,,,,,,,,,,,,,,,,,,,,100,0,100,0,100,0,100,0,100,0,74,26,100,0,100,0,41,118520,26,26,,,,,100,0,100,0,200,0,,,,,,,,,,,,,,,,,,,,,,,,,,,100,32515,100,33463335704,100,161133590797,,,,,,,,,,
2019-09-18,Z3051FVF,ST4000DM000,4000787030016,0,117,156507168,,,92,0,100,8,100,0,82,192498481,,,63,33086,100,0,,,100,8,,,,,,,,,,,,,,,,,,,,,,,,,,,,,,,100,0,100,0,100,0,100,0,100,0,73,27,100,0,100,0,41,118520,27,27,,,,,100,0,100,0,200,0,,,,,,,,,,,,,,,,,,,,,,,,,,,100,32527,100,33487276064,100,161232915383,,,,,,,,,,
2019-09-19,Z3051FVF,ST4000DM000,4000787030016,0,117,145693424,,,92,0,100,8,100,0,82,193984991,,,63,33109,100,0,,,100,8,,,,,,,,,,,,,,,,,,,,,,,,,,,,,,,100,0,100,0,100,0,100,0,100,0,73,27,100,0,100,0,41,118521,27,27,,,,,100,0,100,0,200,0,,,,,,,,,,,,,,,,,,,,,,,,,,,100,32551,100,33549001376,100,161562130331,,,,,,,,,,
2019-09-20,Z3051FVF,ST4000DM000,4000787030016,0,101,3326168,,,92,0,100,8,100,0,82,195192191,,,63,33133,100,0,,,100,8,,,,,,,,,,,,,,,,,,,,,,,,,,,,,,,100,0,100,0,100,0,100,0,100,0,74,26,100,0,100,0,41,118521,26,26,,,,,100,0,100,0,200,0,,,,,,,,,,,,,,,,,,,,,,,,,,,100,32575,100,33592080816,100,161845011604,,,,,,,,,,
2019-09-21,Z3051FVF,ST4000DM000,4000787030016,0,118,195708336,,,92,0,100,8,100,0,82,196132804,,,63,33157,100,0,,,100,8,,,,,,,,,,,,,,,,,,,,,,,,,,,,,,,100,0,100,0,100,0,100,0,100,0,74,26,100,0,100,0,41,118521,26,26,,,,,100,0,100,0,200,0,,,,,,,,,,,,,,,,,,,,,,,,,,,100,32599,100,33642826712,100,162059693294,,,,,,,,,,
2019-09-22,Z3051FVF,ST4000DM000,4000787030016,0,119,925448,,,92,0,100,8,100,0,82,197415191,,,63,33181,100,0,,,100,8,,,,,,,,,,,,,,,,,,,,,,,,,,,,,,,100,0,100,0,100,0,100,0,100,0,74,26,100,0,100,0,41,118521,26,26,,,,,100,0,100,0,200,0,,,,,,,,,,,,,,,,,,,,,,,,,,,100,32623,100,33691522696,100,162310061876,,,,,,,,,,
2019-09-23,Z3051FVF,ST4000DM000,4000787030016,0,117,121005696,,,92,0,100,8,100,0,82,198754596,,,63,33205,100,0,,,100,8,,,,,,,,,,,,,,,,,,,,,,,,,,,,,,,100,0,100,0,100,0,100,0,100,0,74,26,100,0,100,0,41,118521,26,26,,,,,100,0,100,0,200,0,,,,,,,,,,,,,,,,,,,,,,,,,,,100,32647,100,33753015024,100,162657620616,,,,,,,,,,
2019-09-24,Z3051FVF,ST4000DM000,4000787030016,0,117,159059832,,,92,0,100,8,100,0,82,199969044,,,63,33229,100,0,,,100,8,,,,,,,,,,,,,,,,,,,,,,,,,,,,,,,100,0,100,0,100,0,100,0,100,0,74,26,100,0,100,0,41,118521,26,26,,,,,100,0,100,0,200,0,,,,,,,,,,,,,,,,,,,,,,,,,,,100,32671,100,33798075328,100,162978996450,,,,,,,,,,
2019-09-25,Z3051FVF,ST4000DM000,4000787030016,0,117,157073440,,,92,0,100,8,100,0,83,203190562,,,63,33265,100,0,,,100,8,,,,,,,,,,,,,,,,,,,,,,,,,,,,,,,100,0,100,0,100,0,100,0,100,0,74,26,100,0,100,0,41,118523,26,26,,,,,100,0,100,0,200,0,,,,,,,,,,,,,,,,,,,,,,,,,,,100,32706,100,33861211064,100,163472028289,,,,,,,,,,
2019-09-26,Z3051FVF,ST4000DM000,4000787030016,0,116,110711752,,,92,0,100,8,100,0,83,205359267,,,62,33289,100,0,,,100,8,,,,,,,,,,,,,,,,,,,,,,,,,,,,,,,100,0,100,0,100,0,100,0,100,0,74,26,100,0,100,0,41,118523,26,26,,,,,100,0,100,0,200,0,,,,,,,,,,,,,,,,,,,,,,,,,,,100,32730,100,33911444632,100,163816593966,,,,,,,,,,
2019-09-27,Z3051FVF,ST4000DM000,4000787030016,0,117,138420520,,,92,0,100,8,100,0,83,207527021,,,62,33313,100,0,,,100,8,,,,,,,,,,,,,,,,,,,,,,,,,,,,,,,100,0,100,0,100,0,100,0,100,0,74,26,100,0,100,0,41,118523,26,26,,,,,100,0,100,0,200,0,,,,,,,,,,,,,,,,,,,,,,,,,,,100,32754,100,33969937472,100,164102633330,,,,,,,,,,
2019-09-28,Z3051FVF,ST4000DM000,4000787030016,0,118,184254832,,,92,0,100,8,100,0,83,208791629,,,62,33337,100,0,,,100,8,,,,,,,,,,,,,,,,,,,,,,,,,,,,,,,100,0,100,0,100,0,100,0,100,0,74,26,100,0,100,0,41,118523,26,26,,,,,100,0,100,0,200,0,,,,,,,,,,,,,,,,,,,,,,,,,,,100,32778,100,34014852992,100,164302592013,,,,,,,,,,
2019-09-29,Z3051FVF,ST4000DM000,4000787030016,0,118,171831360,,,92,0,100,8,100,0,83,210023102,,,62,33361,100,0,,,100,8,,,,,,,,,,,,,,,,,,,,,,,,,,,,,,,100,0,100,0,100,0,100,0,100,0,74,26,100,0,100,0,41,118523,26,26,,,,,100,0,100,0,200,0,,,,,,,,,,,,,,,,,,,,,,,,,,,100,32802,100,34054895968,100,164508263287,,,,,,,,,,
2019-09-30,Z3051FVF,ST4000DM000,4000787030016,0,119,215748240,,,92,0,100,8,100,0,83,210985440,,,62,33385,100,0,,,100,8,,,,,,,,,,,,,,,,,,,,,,,,,,,,,,,100,0,100,0,100,0,100,0,100,0,74,26,100,0,100,0,41,118523,26,26,,,,,100,0,100,0,200,0,,,,,,,,,,,,,,,,,,,,,,,,,,,100,32826,100,34106127920,100,164734167714,,,,,,,,,,
2019-10-01,Z3051FVF,ST4000DM000,4000787030016,0,119,201485792,,,92,0,100,8,100,0,83,212096459,,,62,33409,100,0,,,100,8,,,,,,,,,,,,,,,,,,,,,,,,,,,,,,,,,100,0,100,0,100,0,100,0,100,0,74,26,100,0,100,0,41,118523,26,26,,,,,100,0,100,0,200,0,,,,,,,,,,,,,,,,,,,,,,,,,,,100,32850,100,34148811472,100,165020837514,,,,,,,,,,
2019-10-02,Z3051FVF,ST4000DM000,4000787030016,0,111,38423160,,,92,0,100,8,100,0,83,212945117,,,62,33433,100,0,,,100,8,,,,,,,,,,,,,,,,,,,,,,,,,,,,,,,,,100,0,100,0,100,0,100,0,100,0,75,25,100,0,100,0,41,118524,25,25,,,,,100,0,100,0,200,0,,,,,,,,,,,,,,,,,,,,,,,,,,,100,32874,100,34194243464,100,165202621028,,,,,,,,,,
2019-10-03,Z3051FVF,ST4000DM000,4000787030016,0,112,49519888,,,92,0,100,8,100,0,83,214156943,,,62,33456,100,0,,,100,8,,,,,,,,,,,,,,,,,,,,,,,,,,,,,,,,,100,0,100,0,100,0,100,0,100,0,75,25,100,0,100,0,41,118524,25,25,,,,,100,0,100,0,200,0,,,,,,,,,,,,,,,,,,,,,,,,,,,100,32898,100,34239394456,100,165350127829,,,,,,,,,,
2019-10-04,Z3051FVF,ST4000DM000,4000787030016,0,112,44021064,,,92,0,100,8,100,0,83,214424738,,,62,33468,100,0,,,100,8,,,,,,,,,,,,,,,,,,,,,,,,,,,,,,,,,100,0,100,0,100,0,100,0,100,0,74,26,100,0,100,0,41,118524,26,26,,,,,100,0,100,0,200,0,,,,,,,,,,,,,,,,,,,,,,,,,,,100,32910,100,34260101168,100,165413127660,,,,,,,,,,
2019-10-05,Z3051FVF,ST4000DM000,4000787030016,0,117,161975848,,,92,0,100,8,100,0,83,214997790,,,62,33492,100,0,,,100,8,,,,,,,,,,,,,,,,,,,,,,,,,,,,,,,,,100,0,100,0,100,0,100,0,100,0,74,26,100,0,100,0,41,118526,26,26,,,,,100,0,100,0,200,0,,,,,,,,,,,,,,,,,,,,,,,,,,,100,32934,100,34313802760,100,165504331092,,,,,,,,,,
2019-10-06,Z3051FVF,ST4000DM000,4000787030016,0,119,226974768,,,92,0,100,8,100,0,83,215925973,,,62,33516,100,0,,,100,8,,,,,,,,,,,,,,,,,,,,,,,,,,,,,,,,,100,0,100,0,100,0,100,0,100,0,74,26,100,0,100,0,41,118526,26,26,,,,,100,0,100,0,200,0,,,,,,,,,,,,,,,,,,,,,,,,,,,100,32958,100,34362665080,100,165602732830,,,,,,,,,,
2019-10-07,Z3051FVF,ST4000DM000,4000787030016,0,105,10314920,,,92,0,100,8,100,0,83,217004829,,,62,33540,100,0,,,100,8,,,,,,,,,,,,,,,,,,,,,,,,,,,,,,,,,100,0,100,0,100,0,100,0,100,0,74,26,100,0,100,0,41,118526,26,26,,,,,100,0,100,0,200,0,,,,,,,,,,,,,,,,,,,,,,,,,,,100,32982,100,34424778200,100,165727848015,,,,,,,,,,
2019-10-08,Z3051FVF,ST4000DM000,4000787030016,0,108,18808576,,,92,0,100,8,100,0,83,217600600,,,62,33564,100,0,,,100,8,,,,,,,,,,,,,,,,,,,,,,,,,,,,,,,,,100,0,100,0,100,0,100,0,100,0,74,26,100,0,100,0,41,118526,26,26,,,,,100,0,100,0,200,0,,,,,,,,,,,,,,,,,,,,,,,,,,,100,33006,100,34467557560,100,165822050691,,,,,,,,,,
2019-10-09,Z3051FVF,ST4000DM000,4000787030016,0,118,180624320,,,92,0,100,8,100,0,83,218371479,,,62,33588,100,0,,,100,8,,,,,,,,,,,,,,,,,,,,,,,,,,,,,,,,,100,0,100,0,100,0,100,0,100,0,74,26,100,0,100,0,41,118526,26,26,,,,,100,0,100,0,200,0,,,,,,,,,,,,,,,,,,,,,,,,,,,100,33029,100,34526466688,100,165945045977,,,,,,,,,,
2019-10-10,Z3051FVF,ST4000DM000,4000787030016,0,117,148455808,,,92,0,100,8,100,0,83,219802657,,,62,33624,100,0,,,100,8,,,,,,,,,,,,,,,,,,,,,,,,,,,,,,,,,100,0,100,0,100,0,100,0,100,0,74,26,100,0,100,0,41,118527,26,26,,,,,100,0,100,0,200,0,,,,,,,,,,,,,,,,,,,,,,,,,,,100,33065,100,34617796856,100,166161509683,,,,,,,,,,
2019-10-11,Z3051FVF,ST4000DM000,4000787030016,0,111,39347080,,,92,0,100,8,100,0,83,220673965,,,62,33648,100,0,,,100,8,,,,,,,,,,,,,,,,,,,,,,,,,,,,,,,,,100,0,100,0,100,0,100,0,100,0,75,25,100,0,100,0,41,118527,25,25,,,,,100,0,100,0,200,0,,,,,,,,,,,,,,,,,,,,,,,,,,,100,33089,100,34676005056,100,166252172709,,,,,,,,,,
2019-10-12,Z3051FVF,ST4000DM000,4000787030016,0,117,167323240,,,92,0,100,8,100,0,83,221696908,,,62,33672,100,0,,,100,8,,,,,,,,,,,,,,,,,,,,,,,,,,,,,,,,,100,0,100,0,100,0,100,0,100,0,74,26,100,0,100,0,41,118527,26,26,,,,,100,0,100,0,200,0,,,,,,,,,,,,,,,,,,,,,,,,,,,100,33113,100,34738435912,100,166367367808,,,,,,,,,,
2019-10-13,Z3051FVF,ST4000DM000,4000787030016,0,107,14597536,,,92,0,100,8,100,0,83,222719252,,,62,33696,100,0,,,100,8,,,,,,,,,,,,,,,,,,,,,,,,,,,,,,,,,100,0,100,0,100,0,100,0,100,0,74,26,100,0,100,0,41,118527,26,26,,,,,100,0,100,0,200,0,,,,,,,,,,,,,,,,,,,,,,,,,,,100,33137,100,34783326600,100,166625148312,,,,,,,,,,
2019-10-14,Z3051FVF,ST4000DM000,4000787030016,0,108,20471200,,,92,0,100,8,100,0,83,223779417,,,62,33720,100,0,,,100,8,,,,,,,,,,,,,,,,,,,,,,,,,,,,,,,,,100,0,100,0,100,0,100,0,100,0,74,26,100,0,100,0,41,118527,26,26,,,,,100,0,100,0,200,0,,,,,,,,,,,,,,,,,,,,,,,,,,,100,33161,100,34834895456,100,166938173840,,,,,,,,,,
2019-10-15,Z3051FVF,ST4000DM000,4000787030016,0,117,165348552,,,92,0,100,8,100,0,83,228501247,,,62,33768,100,0,,,100,8,,,,,,,,,,,,,,,,,,,,,,,,,,,,,,,,,100,0,100,0,100,0,100,0,100,0,74,26,100,0,100,0,41,118529,26,26,,,,,100,0,100,0,200,0,,,,,,,,,,,,,,,,,,,,,,,,,,,100,33209,100,34918195784,100,167609676335,,,,,,,,,,
2019-10-16,Z3051FVF,ST4000DM000,4000787030016,0,117,165348552,,,92,0,100,8,100,0,83,228501247,,,62,33768,100,0,,,100,8,,,,,,,,,,,,,,,,,,,,,,,,,,,,,,,,,100,0,100,0,100,0,100,0,100,0,74,26,100,0,100,0,41,118529,26,26,,,,,100,0,100,0,200,0,,,,,,,,,,,,,,,,,,,,,,,,,,,100,33209,100,34918195784,100,167609676335,,,,,,,,,,
2019-10-17,Z3051FVF,ST4000DM000,4000787030016,0,119,211213928,,,92,0,100,8,100,0,83,230868199,,,62,33792,100,0,,,100,8,,,,,,,,,,,,,,,,,,,,,,,,,,,,,,,,,100,0,100,0,100,0,100,0,100,0,74,26,100,0,100,0,41,118529,26,26,,,,,100,0,100,0,200,0,,,,,,,,,,,,,,,,,,,,,,,,,,,100,33233,100,34954779024,100,167902739628,,,,,,,,,,
2019-10-18,Z3051FVF,ST4000DM000,4000787030016,0,116,111389904,,,92,0,100,8,100,0,83,232068421,,,62,33816,100,0,,,100,8,,,,,,,,,,,,,,,,,,,,,,,,,,,,,,,,,100,0,100,0,100,0,100,0,100,0,74,26,100,0,100,0,41,118529,26,26,,,,,100,0,100,0,200,0,,,,,,,,,,,,,,,,,,,,,,,,,,,100,33257,100,34993087544,100,168158317524,,,,,,,,,,
2019-10-19,Z3051FVF,ST4000DM000,4000787030016,0,117,145499320,,,92,0,100,8,100,0,83,232524767,,,62,33828,100,0,,,100,8,,,,,,,,,,,,,,,,,,,,,,,,,,,,,,,,,100,0,100,0,100,0,100,0,100,0,74,26,100,0,100,0,41,118529,26,26,,,,,100,0,100,0,200,0,,,,,,,,,,,,,,,,,,,,,,,,,,,100,33269,100,35017606496,100,168233935413,,,,,,,,,,
2019-10-20,Z3051FVF,ST4000DM000,4000787030016,0,110,28642152,,,92,0,100,8,100,0,83,234388001,,,62,33852,100,0,,,100,8,,,,,,,,,,,,,,,,,,,,,,,,,,,,,,,,,100,0,100,0,100,0,100,0,100,0,74,26,100,0,100,0,41,118529,26,26,,,,,100,0,100,0,200,0,,,,,,,,,,,,,,,,,,,,,,,,,,,100,33293,100,35076391648,100,168445189210,,,,,,,,,,
2019-10-21,Z3051FVF,ST4000DM000,4000787030016,0,116,107737392,,,92,0,100,8,100,0,84,235511213,,,62,33876,100,0,,,100,8,,,,,,,,,,,,,,,,,,,,,,,,,,,,,,,,,100,0,100,0,100,0,100,0,100,0,74,26,100,0,100,0,41,118529,26,26,,,,,100,0,100,0,200,0,,,,,,,,,,,,,,,,,,,,,,,,,,,100,33317,100,35121711096,100,168685429140,,,,,,,,,,
2019-10-22,Z3051FVF,ST4000DM000,4000787030016,0,120,243564744,,,92,0,100,8,100,0,84,236544997,,,62,33900,100,0,,,100,8,,,,,,,,,,,,,,,,,,,,,,,,,,,,,,,,,100,0,100,0,100,0,100,0,100,0,74,26,100,0,100,0,41,118529,26,26,,,,,100,0,100,0,200,0,,,,,,,,,,,,,,,,,,,,,,,,,,,100,33341,100,35163866856,100,168927038934,,,,,,,,,,
2019-10-23,Z3051FVF,ST4000DM000,4000787030016,0,119,220915664,,,92,0,100,8,100,0,84,237606889,,,62,33924,100,0,,,100,8,,,,,,,,,,,,,,,,,,,,,,,,,,,,,,,,,100,0,100,0,100,0,100,0,100,0,74,26,100,0,100,0,41,118532,26,26,,,,,100,0,100,0,200,0,,,,,,,,,,,,,,,,,,,,,,,,,,,100,33365,100,35209794280,100,169183075491,,,,,,,,,,
2019-10-24,Z3051FVF,ST4000DM000,4000787030016,0,113,50531936,,,92,0,100,8,100,0,84,238971291,,,62,33948,100,0,,,100,8,,,,,,,,,,,,,,,,,,,,,,,,,,,,,,,,,100,0,100,0,100,0,100,0,100,0,74,26,100,0,100,0,41,118532,26,26,,,,,100,0,100,0,200,0,,,,,,,,,,,,,,,,,,,,,,,,,,,100,33389,100,35255970856,100,169396593812,,,,,,,,,,
2019-10-25,Z3051FVF,ST4000DM000,4000787030016,0,115,90657656,,,92,0,100,8,100,0,84,240226985,,,62,33972,100,0,,,100,8,,,,,,,,,,,,,,,,,,,,,,,,,,,,,,,,,100,0,100,0,100,0,100,0,100,0,74,26,100,0,100,0,41,118532,26,26,,,,,100,0,100,0,200,0,,,,,,,,,,,,,,,,,,,,,,,,,,,100,33413,100,35305660168,100,169745448096,,,,,,,,,,
2019-10-26,Z3051FVF,ST4000DM000,4000787030016,0,117,136432960,,,92,0,100,8,100,0,84,241864701,,,62,33996,100,0,,,100,8,,,,,,,,,,,,,,,,,,,,,,,,,,,,,,,,,100,0,100,0,100,0,100,0,100,0,74,26,100,0,100,0,41,118532,26,26,,,,,100,0,100,0,200,0,,,,,,,,,,,,,,,,,,,,,,,,,,,100,33437,100,35360462112,100,170078396234,,,,,,,,,,
2019-10-27,Z3051FVF,ST4000DM000,4000787030016,0,120,235465864,,,92,0,100,8,100,0,84,243417433,,,62,34020,100,0,,,100,8,,,,,,,,,,,,,,,,,,,,,,,,,,,,,,,,,100,0,100,0,100,0,100,0,100,0,74,26,100,0,100,0,41,118532,26,26,,,,,100,0,100,0,200,0,,,,,,,,,,,,,,,,,,,,,,,,,,,100,33461,100,35399885800,100,170340196248,,,,,,,,,,
2019-10-28,Z3051FVF,ST4000DM000,4000787030016,0,114,81286688,,,92,0,100,8,100,0,84,246020624,,,62,34044,100,0,,,100,8,,,,,,,,,,,,,,,,,,,,,,,,,,,,,,,,,100,0,100,0,100,0,100,0,100,0,74,26,100,0,100,0,41,118532,26,26,,,,,100,0,100,0,200,0,,,,,,,,,,,,,,,,,,,,,,,,,,,100,33485,100,35452212928,100,170691487674,,,,,,,,,,
2019-10-29,Z3051FVF,ST4000DM000,4000787030016,0,114,79869936,,,92,0,100,8,100,0,84,248622980,,,62,34068,100,0,,,100,8,,,,,,,,,,,,,,,,,,,,,,,,,,,,,,,,,100,0,100,0,100,0,100,0,100,0,74,26,100,0,100,0,41,118532,26,26,,,,,100,0,100,0,200,0,,,,,,,,,,,,,,,,,,,,,,,,,,,100,33509,100,35492378776,100,171015984079,,,,,,,,,,
2019-10-30,Z3051FVF,ST4000DM000,4000787030016,0,117,141067464,,,92,0,100,8,100,0,84,249702260,,,62,34092,100,0,,,100,8,,,,,,,,,,,,,,,,,,,,,,,,,,,,,,,,,100,0,100,0,100,0,100,0,100,0,74,26,100,0,100,0,41,118532,26,26,,,,,100,0,100,0,200,0,,,,,,,,,,,,,,,,,,,,,,,,,,,100,33533,100,35533669112,100,171254410930,,,,,,,,,,
2019-10-31,Z3051FVF,ST4000DM000,4000787030016,0,111,40522424,,,92,0,100,8,100,0,84,252012504,,,62,34128,100,0,,,100,8,,,,,,,,,,,,,,,,,,,,,,,,,,,,,,,,,100,0,100,0,100,0,100,0,100,0,74,26,100,0,100,0,41,118533,26,26,,,,,100,0,100,0,200,0,,,,,,,,,,,,,,,,,,,,,,,,,,,100,33569,100,35601053368,100,171597515910,,,,,,,,,,
2019-11-01,Z3051FVF,ST4000DM000,4000787030016,0,118,196721488,,,92,0,100,8,100,0,84,252943231,,,62,34152,100,0,,,100,8,,,,,,,,,,,,,,,,,,,,,,,,,,,,,,,,,100,0,100,0,100,0,100,0,100,0,73,27,100,0,100,0,41,118533,27,27,,,,,100,0,100,0,200,0,,,,,,,,,,,,,,,,,,,,,,,,,,,100,33593,100,35631916344,100,171870225714,,,,,,,,,,
2019-11-02,Z3051FVF,ST4000DM000,4000787030016,0,114,75791928,,,92,0,100,8,100,0,84,254228059,,,61,34175,100,0,,,100,8,,,,,,,,,,,,,,,,,,,,,,,,,,,,,,,,,100,0,100,0,100,0,100,0,100,0,73,27,100,0,100,0,41,118533,27,27,,,,,100,0,100,0,200,0,,,,,,,,,,,,,,,,,,,,,,,,,,,100,33617,100,35683499536,100,172078018536,,,,,,,,,,
2019-11-03,Z3051FVF,ST4000DM000,4000787030016,0,119,223775728,,,92,0,100,8,100,0,84,255251307,,,61,34199,100,0,,,100,8,,,,,,,,,,,,,,,,,,,,,,,,,,,,,,,,,100,0,100,0,100,0,100,0,100,0,73,27,100,0,100,0,41,118533,27,27,,,,,100,0,100,0,200,0,,,,,,,,,,,,,,,,,,,,,,,,,,,100,33640,100,35737346656,100,172318611153,,,,,,,,,,
2019-11-04,Z3051FVF,ST4000DM000,4000787030016,0,113,52405960,,,92,0,100,8,100,0,84,256267407,,,61,34223,100,0,,,100,8,,,,,,,,,,,,,,,,,,,,,,,,,,,,,,,,,100,0,100,0,100,0,100,0,100,0,73,27,100,0,100,0,41,118533,27,27,,,,,100,0,100,0,200,0,,,,,,,,,,,,,,,,,,,,,,,,,,,100,33664,100,35786159408,100,172547983340,,,,,,,,,,
2019-11-05,Z3051FVF,ST4000DM000,4000787030016,0,111,34940952,,,92,0,100,8,100,0,84,257349780,,,61,34247,100,0,,,100,8,,,,,,,,,,,,,,,,,,,,,,,,,,,,,,,,,100,0,100,0,100,0,100,0,100,0,73,27,100,0,100,0,41,118533,27,27,,,,,100,0,100,0,200,0,,,,,,,,,,,,,,,,,,,,,,,,,,,100,33688,100,35830781096,100,172818677666,,,,,,,,,,
2019-11-06,Z3051FVF,ST4000DM000,4000787030016,0,110,29083360,,,92,0,100,8,100,0,84,258882382,,,61,34271,100,0,,,100,8,,,,,,,,,,,,,,,,,,,,,,,,,,,,,,,,,100,0,100,0,100,0,100,0,100,0,73,27,100,0,100,0,41,118533,27,27,,,,,100,0,100,0,200,0,,,,,,,,,,,,,,,,,,,,,,,,,,,100,33712,100,35878830624,100,173169493579,,,,,,,,,,
2019-11-07,Z3051FVF,ST4000DM000,4000787030016,0,116,109216456,,,92,0,100,8,100,0,84,260049639,,,61,34294,100,0,,,100,8,,,,,,,,,,,,,,,,,,,,,,,,,,,,,,,,,100,0,100,0,100,0,100,0,100,0,73,27,100,0,100,0,41,118534,27,27,,,,,100,0,100,0,200,0,,,,,,,,,,,,,,,,,,,,,,,,,,,100,33736,100,35919922200,100,173487425037,,,,,,,,,,
2019-11-08,Z3051FVF,ST4000DM000,4000787030016,0,111,32556776,,,92,0,100,8,100,0,84,261447673,,,61,34318,100,0,,,100,8,,,,,,,,,,,,,,,,,,,,,,,,,,,,,,,,,100,0,100,0,100,0,100,0,100,0,74,26,100,0,100,0,41,118534,26,26,,,,,100,0,100,0,200,0,,,,,,,,,,,,,,,,,,,,,,,,,,,100,33760,100,35975404592,100,173813143709,,,,,,,,,,
2019-11-09,Z3051FVF,ST4000DM000,4000787030016,0,113,53871992,,,92,0,100,8,100,0,84,263957091,,,61,34342,100,0,,,100,8,,,,,,,,,,,,,,,,,,,,,,,,,,,,,,,,,100,0,100,0,100,0,100,0,100,0,74,26,100,0,100,0,41,118534,26,26,,,,,100,0,100,0,200,0,,,,,,,,,,,,,,,,,,,,,,,,,,,100,33784,100,36012145368,100,174106012781,,,,,,,,,,
2019-11-10,Z3051FVF,ST4000DM000,4000787030016,0,117,151749256,,,92,0,100,8,100,0,84,266517366,,,61,34366,100,0,,,100,8,,,,,,,,,,,,,,,,,,,,,,,,,,,,,,,,,100,0,100,0,100,0,100,0,100,0,74,26,100,0,100,0,41,118534,26,26,,,,,100,0,100,0,200,0,,,,,,,,,,,,,,,,,,,,,,,,,,,100,33808,100,36067116616,100,174462341835,,,,,,,,,,
2019-11-11,Z3051FVF,ST4000DM000,4000787030016,0,117,144962984,,,92,0,100,8,100,0,84,268067950,,,61,34390,100,0,,,100,8,,,,,,,,,,,,,,,,,,,,,,,,,,,,,,,,,100,0,100,0,100,0,100,0,100,0,74,26,100,0,100,0,41,118534,26,26,,,,,100,0,100,0,200,0,,,,,,,,,,,,,,,,,,,,,,,,,,,100,33831,100,36111969272,100,174731002871,,,,,,,,,,
2019-11-12,Z3051FVF,ST4000DM000,4000787030016,0,118,195983296,,,92,0,100,8,100,0,84,269330806,,,61,34414,100,0,,,100,8,,,,,,,,,,,,,,,,,,,,,,,,,,,,,,,,,100,0,100,0,100,0,100,0,100,0,74,26,100,0,100,0,41,118534,26,26,,,,,100,0,100,0,200,0,,,,,,,,,,,,,,,,,,,,,,,,,,,100,33855,100,36171096584,100,174906891881,,,,,,,,,,
2019-11-13,Z3051FVF,ST4000DM000,4000787030016,0,120,904448,,,92,0,100,8,100,0,84,269861847,,,61,34426,100,0,,,100,8,,,,,,,,,,,,,,,,,,,,,,,,,,,,,,,,,100,0,100,0,100,0,100,0,100,0,74,26,100,0,100,0,41,118534,26,26,,,,,100,0,100,0,200,0,,,,,,,,,,,,,,,,,,,,,,,,,,,100,33867,100,36199491064,100,175028562560,,,,,,,,,,
2019-11-14,Z3051FVF,ST4000DM000,4000787030016,0,117,136953824,,,92,0,100,8,100,0,84,271451012,,,61,34462,100,0,,,100,8,,,,,,,,,,,,,,,,,,,,,,,,,,,,,,,,,100,0,100,0,100,0,100,0,100,0,74,26,100,0,100,0,41,118535,26,26,,,,,100,0,100,0,200,0,,,,,,,,,,,,,,,,,,,,,,,,,,,100,33903,100,36257392520,100,175442042975,,,,,,,,,,
2019-11-15,Z3051FVF,ST4000DM000,4000787030016,0,117,152786392,,,92,0,100,8,100,0,84,272495198,,,61,34486,100,0,,,100,8,,,,,,,,,,,,,,,,,,,,,,,,,,,,,,,,,100,0,100,0,100,0,100,0,100,0,74,26,100,0,100,0,41,118536,26,26,,,,,100,0,100,0,200,0,,,,,,,,,,,,,,,,,,,,,,,,,,,100,33927,100,36293619128,100,175685102406,,,,,,,,,,
2019-11-16,Z3051FVF,ST4000DM000,4000787030016,0,114,60566200,,,92,0,100,8,100,0,84,273706338,,,61,34510,100,0,,,100,8,,,,,,,,,,,,,,,,,,,,,,,,,,,,,,,,,100,0,100,0,100,0,100,0,100,0,74,26,100,0,100,0,41,118536,26,26,,,,,100,0,100,0,200,0,,,,,,,,,,,,,,,,,,,,,,,,,,,100,33951,100,36349822280,100,175896950588,,,,,,,,,,
2019-11-17,Z3051FVF,ST4000DM000,4000787030016,0,117,119196264,,,92,0,100,8,100,0,84,274629533,,,61,34534,100,0,,,100,8,,,,,,,,,,,,,,,,,,,,,,,,,,,,,,,,,100,0,100,0,100,0,100,0,100,0,72,28,100,0,100,0,41,118536,28,28,,,,,100,0,100,0,200,0,,,,,,,,,,,,,,,,,,,,,,,,,,,100,33975,100,36384236720,100,176105897257,,,,,,,,,,
2019-11-18,Z3051FVF,ST4000DM000,4000787030016,0,107,14132408,,,92,0,100,8,100,0,84,275731120,,,61,34558,100,0,,,100,8,,,,,,,,,,,,,,,,,,,,,,,,,,,,,,,,,100,0,100,0,100,0,100,0,100,0,73,27,100,0,100,0,41,118536,27,27,,,,,100,0,100,0,200,0,,,,,,,,,,,,,,,,,,,,,,,,,,,100,33999,100,36413748984,100,176450158904,,,,,,,,,,
2019-11-19,Z3051FVF,ST4000DM000,4000787030016,0,118,193499688,,,92,0,100,8,100,0,84,277293335,,,61,34582,100,0,,,100,8,,,,,,,,,,,,,,,,,,,,,,,,,,,,,,,,,100,0,100,0,100,0,100,0,100,0,73,27,100,0,100,0,41,118536,27,27,,,,,100,0,100,0,200,0,,,,,,,,,,,,,,,,,,,,,,,,,,,100,34023,100,36442168288,100,176769686428,,,,,,,,,,
2019-11-20,Z3051FVF,ST4000DM000,4000787030016,0,117,149559456,,,92,0,100,8,100,0,84,279621711,,,61,34605,100,0,,,100,8,,,,,,,,,,,,,,,,,,,,,,,,,,,,,,,,,100,0,100,0,100,0,100,0,100,0,73,27,100,0,100,0,41,118536,27,27,,,,,100,0,100,0,200,0,,,,,,,,,,,,,,,,,,,,,,,,,,,100,34047,100,36490607368,100,177123533927,,,,,,,,,,
2019-11-21,Z3051FVF,ST4000DM000,4000787030016,0,117,145294360,,,92,0,100,8,100,0,84,281001606,,,61,34629,100,0,,,100,8,,,,,,,,,,,,,,,,,,,,,,,,,,,,,,,,,100,0,100,0,100,0,100,0,100,0,73,27,100,0,100,0,41,118537,27,27,,,,,100,0,100,0,200,0,,,,,,,,,,,,,,,,,,,,,,,,,,,100,34070,100,36533743064,100,177445231270,,,,,,,,,,
2019-11-22,Z3051FVF,ST4000DM000,4000787030016,0,115,89587448,,,92,0,100,8,100,0,84,283203142,,,61,34653,100,0,,,100,8,,,,,,,,,,,,,,,,,,,,,,,,,,,,,,,,,100,0,100,0,100,0,100,0,100,0,74,26,100,0,100,0,41,118537,26,26,,,,,100,0,100,0,200,0,,,,,,,,,,,,,,,,,,,,,,,,,,,100,34094,100,36567038440,100,177772395984,,,,,,,,,,
2019-11-23,Z3051FVF,ST4000DM000,4000787030016,0,120,240200032,,,92,0,100,8,100,0,84,285112393,,,61,34677,100,0,,,100,8,,,,,,,,,,,,,,,,,,,,,,,,,,,,,,,,,100,0,100,0,100,0,100,0,100,0,74,26,100,0,100,0,41,118537,26,26,,,,,100,0,100,0,200,0,,,,,,,,,,,,,,,,,,,,,,,,,,,100,34118,100,36614717552,100,178008785849,,,,,,,,,,
2019-11-24,Z3051FVF,ST4000DM000,4000787030016,0,118,190450480,,,92,0,100,8,100,0,84,286062399,,,61,34701,100,0,,,100,8,,,,,,,,,,,,,,,,,,,,,,,,,,,,,,,,,100,0,100,0,100,0,100,0,100,0,74,26,100,0,100,0,41,118537,26,26,,,,,100,0,100,0,200,0,,,,,,,,,,,,,,,,,,,,,,,,,,,100,34142,100,36668138440,100,178190902447,,,,,,,,,,
2019-11-25,Z3051FVF,ST4000DM000,4000787030016,0,117,165922936,,,92,0,100,8,100,0,84,287188344,,,61,34725,100,0,,,100,8,,,,,,,,,,,,,,,,,,,,,,,,,,,,,,,,,100,0,100,0,100,0,100,0,100,0,74,26,100,0,100,0,41,118537,26,26,,,,,100,0,100,0,200,0,,,,,,,,,,,,,,,,,,,,,,,,,,,100,34166,100,36717484264,100,178442982609,,,,,,,,,,
2019-11-26,Z3051FVF,ST4000DM000,4000787030016,0,117,151130920,,,92,0,100,8,100,0,84,288609155,,,61,34749,100,0,,,100,8,,,,,,,,,,,,,,,,,,,,,,,,,,,,,,,,,100,0,100,0,100,0,100,0,100,0,73,27,100,0,100,0,41,118537,27,27,,,,,100,0,100,0,200,0,,,,,,,,,,,,,,,,,,,,,,,,,,,100,34190,100,36775553912,100,178681917056,,,,,,,,,,
2019-11-27,Z3051FVF,ST4000DM000,4000787030016,0,119,229648224,,,92,0,100,8,100,0,84,290008778,,,61,34773,100,0,,,100,8,,,,,,,,,,,,,,,,,,,,,,,,,,,,,,,,,100,0,100,0,100,0,100,0,100,0,74,26,100,0,100,0,41,118537,26,26,,,,,100,0,100,0,200,0,,,,,,,,,,,,,,,,,,,,,,,,,,,100,34214,100,36830328600,100,178947297350,,,,,,,,,,
2019-11-28,Z3051FVF,ST4000DM000,4000787030016,0,116,113848432,,,92,0,100,8,100,0,84,291211698,,,61,34797,100,0,,,100,8,,,,,,,,,,,,,,,,,,,,,,,,,,,,,,,,,100,0,100,0,100,0,100,0,100,0,73,27,100,0,100,0,41,118539,27,27,,,,,100,0,100,0,200,0,,,,,,,,,,,,,,,,,,,,,,,,,,,100,34238,100,36877289832,100,179235423247,,,,,,,,,,
2019-11-29,Z3051FVF,ST4000DM000,4000787030016,0,117,157290160,,,92,0,100,8,100,0,84,292115729,,,61,34821,100,0,,,100,8,,,,,,,,,,,,,,,,,,,,,,,,,,,,,,,,,100,0,100,0,100,0,100,0,100,0,74,26,100,0,100,0,41,118539,26,26,,,,,100,0,100,0,200,0,,,,,,,,,,,,,,,,,,,,,,,,,,,100,34262,100,36905104672,100,179449769986,,,,,,,,,,
2019-11-30,Z3051FVF,ST4000DM000,4000787030016,0,119,205108464,,,92,0,100,8,100,0,84,293298418,,,61,34845,100,0,,,100,8,,,,,,,,,,,,,,,,,,,,,,,,,,,,,,,,,100,0,100,0,100,0,100,0,100,0,74,26,100,0,100,0,41,118539,26,26,,,,,100,0,100,0,200,0,,,,,,,,,,,,,,,,,,,,,,,,,,,100,34286,100,36924482432,100,179755550303,,,,,,,,,,
2019-12-01,Z3051FVF,ST4000DM000,4000787030016,0,119,212430760,,,92,0,100,8,100,0,84,294293396,,,61,34869,100,0,,,100,8,,,,,,,,,,,,,,,,,,,,,,,,,,,,,,,,,100,0,100,0,100,0,100,0,100,0,73,27,100,0,100,0,41,118539,27,27,,,,,100,0,100,0,200,0,,,,,,,,,,,,,,,,,,,,,,,,,,,100,34310,100,36948703712,100,180051460584,,,,,,,,,,
2019-12-02,Z3051FVF,ST4000DM000,4000787030016,0,118,174803728,,,92,0,100,8,100,0,84,295840355,,,61,34893,100,0,,,100,8,,,,,,,,,,,,,,,,,,,,,,,,,,,,,,,,,100,0,100,0,100,0,100,0,100,0,74,26,100,0,100,0,41,118539,26,26,,,,,100,0,100,0,200,0,,,,,,,,,,,,,,,,,,,,,,,,,,,100,34334,100,36974532624,100,180365432599,,,,,,,,,,
2019-12-03,Z3051FVF,ST4000DM000,4000787030016,0,117,163590144,,,92,0,100,8,100,0,84,298794592,,,61,34916,100,0,,,100,8,,,,,,,,,,,,,,,,,,,,,,,,,,,,,,,,,100,0,100,0,100,0,100,0,100,0,73,27,100,0,100,0,41,118539,27,27,,,,,100,0,100,0,200,0,,,,,,,,,,,,,,,,,,,,,,,,,,,100,34358,100,37005868192,100,180702832068,,,,,,,,,,
2019-12-04,Z3051FVF,ST4000DM000,4000787030016,0,114,62863024,,,92,0,100,8,100,0,84,300998177,,,61,34940,100,0,,,100,8,,,,,,,,,,,,,,,,,,,,,,,,,,,,,,,,,100,0,100,0,100,0,100,0,100,0,74,26,100,0,100,0,41,118539,26,26,,,,,100,0,100,0,200,0,,,,,,,,,,,,,,,,,,,,,,,,,,,100,34382,100,37037617112,100,180989141695,,,,,,,,,,
2019-12-05,Z3051FVF,ST4000DM000,4000787030016,0,105,8562520,,,92,0,100,8,100,0,84,302245685,,,61,34964,100,0,,,100,8,,,,,,,,,,,,,,,,,,,,,,,,,,,,,,,,,100,0,100,0,100,0,100,0,100,0,74,26,100,0,100,0,41,118541,26,26,,,,,100,0,100,0,200,0,,,,,,,,,,,,,,,,,,,,,,,,,,,100,34405,100,37067368360,100,181254025800,,,,,,,,,,
2019-12-06,Z3051FVF,ST4000DM000,4000787030016,0,116,108386584,,,92,0,100,8,100,0,84,303010377,,,61,34988,100,0,,,100,8,,,,,,,,,,,,,,,,,,,,,,,,,,,,,,,,,100,0,100,0,100,0,100,0,100,0,74,26,100,0,100,0,41,118541,26,26,,,,,100,0,100,0,200,0,,,,,,,,,,,,,,,,,,,,,,,,,,,100,34429,100,37095943520,100,181414921319,,,,,,,,,,
2019-12-07,Z3051FVF,ST4000DM000,4000787030016,0,117,159274608,,,92,0,100,8,100,0,84,304255155,,,61,35012,100,0,,,100,8,,,,,,,,,,,,,,,,,,,,,,,,,,,,,,,,,100,0,100,0,100,0,100,0,100,0,74,26,100,0,100,0,41,118541,26,26,,,,,100,0,100,0,200,0,,,,,,,,,,,,,,,,,,,,,,,,,,,100,34453,100,37124048240,100,181649240910,,,,,,,,,,
2019-12-08,Z3051FVF,ST4000DM000,4000787030016,0,118,192474960,,,92,0,100,8,100,0,84,305308276,,,61,35036,100,0,,,100,8,,,,,,,,,,,,,,,,,,,,,,,,,,,,,,,,,100,0,100,0,100,0,100,0,100,0,74,26,100,0,100,0,41,118541,26,26,,,,,100,0,100,0,200,0,,,,,,,,,,,,,,,,,,,,,,,,,,,100,34477,100,37172463936,100,181876453153,,,,,,,,,,
2019-12-09,Z3051FVF,ST4000DM000,4000787030016,0,119,232371800,,,92,0,100,8,100,0,84,306327820,,,60,35060,100,0,,,100,8,,,,,,,,,,,,,,,,,,,,,,,,,,,,,,,,,100,0,100,0,100,0,100,0,100,0,74,26,100,0,100,0,41,118541,26,26,,,,,100,0,100,0,200,0,,,,,,,,,,,,,,,,,,,,,,,,,,,100,34501,100,37206423008,100,182128807806,,,,,,,,,,
2019-12-10,Z3051FVF,ST4000DM000,4000787030016,0,119,228439832,,,92,0,100,8,100,0,84,307394248,,,60,35084,100,0,,,100,8,,,,,,,,,,,,,,,,,,,,,,,,,,,,,,,,,100,0,100,0,100,0,100,0,100,0,74,26,100,0,100,0,41,118541,26,26,,,,,100,0,100,0,200,0,,,,,,,,,,,,,,,,,,,,,,,,,,,100,34525,100,37261131552,100,182353717815,,,,,,,,,,
2019-12-11,Z3051FVF,ST4000DM000,4000787030016,0,115,93961808,,,92,0,100,8,100,0,84,309061352,,,60,35108,100,0,,,100,8,,,,,,,,,,,,,,,,,,,,,,,,,,,,,,,,,100,0,100,0,100,0,100,0,100,0,73,27,100,0,100,0,41,118541,27,27,,,,,100,0,100,0,200,0,,,,,,,,,,,,,,,,,,,,,,,,,,,100,34549,100,37311788752,100,182708490820,,,,,,,,,,
2019-12-12,Z3051FVF,ST4000DM000,4000787030016,0,118,174271040,,,92,0,100,8,100,0,84,310261622,,,60,35132,100,0,,,100,8,,,,,,,,,,,,,,,,,,,,,,,,,,,,,,,,,100,0,100,0,100,0,100,0,100,0,74,26,100,0,100,0,41,118542,26,26,,,,,100,0,100,0,200,0,,,,,,,,,,,,,,,,,,,,,,,,,,,100,34573,100,37346586184,100,182983159489,,,,,,,,,,
2019-12-13,Z3051FVF,ST4000DM000,4000787030016,0,117,138892384,,,92,0,100,8,100,0,84,311232664,,,60,35156,100,0,,,100,8,,,,,,,,,,,,,,,,,,,,,,,,,,,,,,,,,100,0,100,0,100,0,100,0,100,0,73,27,100,0,100,0,41,118542,27,27,,,,,100,0,100,0,200,0,,,,,,,,,,,,,,,,,,,,,,,,,,,100,34597,100,37372753680,100,183282038669,,,,,,,,,,
2019-12-14,Z3051FVF,ST4000DM000,4000787030016,0,117,143169904,,,92,0,100,8,100,0,84,313545890,,,60,35180,100,0,,,100,8,,,,,,,,,,,,,,,,,,,,,,,,,,,,,,,,,100,0,100,0,100,0,100,0,100,0,74,26,100,0,100,0,41,118542,26,26,,,,,100,0,100,0,200,0,,,,,,,,,,,,,,,,,,,,,,,,,,,100,34621,100,37404304144,100,183592814866,,,,,,,,,,
2019-12-15,Z3051FVF,ST4000DM000,4000787030016,0,117,135736952,,,92,0,100,8,100,0,84,315859908,,,60,35204,100,0,,,100,8,,,,,,,,,,,,,,,,,,,,,,,,,,,,,,,,,100,0,100,0,100,0,100,0,100,0,74,26,100,0,100,0,41,118542,26,26,,,,,100,0,100,0,200,0,,,,,,,,,,,,,,,,,,,,,,,,,,,100,34645,100,37446768848,100,183897019570,,,,,,,,,,
2019-12-16,Z3051FVF,ST4000DM000,4000787030016,0,118,171907312,,,92,0,100,8,100,0,84,317747196,,,60,35228,100,0,,,100,8,,,,,,,,,,,,,,,,,,,,,,,,,,,,,,,,,100,0,100,0,100,0,100,0,100,0,74,26,100,0,100,0,41,118542,26,26,,,,,100,0,100,0,200,0,,,,,,,,,,,,,,,,,,,,,,,,,,,100,34669,100,37478836224,100,184171056858,,,,,,,,,,
2019-12-17,Z3051FVF,ST4000DM000,4000787030016,0,114,59020768,,,92,0,100,8,100,0,84,318650318,,,60,35252,100,0,,,100,8,,,,,,,,,,,,,,,,,,,,,,,,,,,,,,,,,100,0,100,0,100,0,100,0,100,0,74,26,100,0,100,0,41,118542,26,26,,,,,100,0,100,0,200,0,,,,,,,,,,,,,,,,,,,,,,,,,,,100,34693,100,37523715816,100,184353346749,,,,,,,,,,
2019-12-18,Z3051FVF,ST4000DM000,4000787030016,0,113,54764648,,,92,0,100,8,100,0,84,320362637,,,60,35276,100,0,,,100,8,,,,,,,,,,,,,,,,,,,,,,,,,,,,,,,,,100,0,100,0,100,0,100,0,100,0,74,26,100,0,100,0,41,118542,26,26,,,,,100,0,100,0,200,0,,,,,,,,,,,,,,,,,,,,,,,,,,,100,34717,100,37556962216,100,184622230410,,,,,,,,,,
2019-12-19,Z3051FVF,ST4000DM000,4000787030016,0,120,243512352,,,92,0,100,8,100,0,84,321566770,,,60,35299,100,0,,,100,8,,,,,,,,,,,,,,,,,,,,,,,,,,,,,,,,,100,0,100,0,100,0,100,0,100,0,74,26,100,0,100,0,41,118542,26,26,,,,,100,0,100,0,200,0,,,,,,,,,,,,,,,,,,,,,,,,,,,100,34740,100,37597101056,100,184870688520,,,,,,,,,,
2019-12-20,Z3051FVF,ST4000DM000,4000787030016,0,113,55512808,,,92,0,100,8,100,0,84,322499387,,,60,35323,100,0,,,100,8,,,,,,,,,,,,,,,,,,,,,,,,,,,,,,,,,100,0,100,0,100,0,100,0,100,0,74,26,100,0,100,0,41,118544,26,26,,,,,100,0,100,0,200,0,,,,,,,,,,,,,,,,,,,,,,,,,,,100,34764,100,37643435728,100,185114056726,,,,,,,,,,
2019-12-21,Z3051FVF,ST4000DM000,4000787030016,0,107,13858168,,,92,0,100,8,100,0,84,323655759,,,60,35347,100,0,,,100,8,,,,,,,,,,,,,,,,,,,,,,,,,,,,,,,,,100,0,100,0,100,0,100,0,100,0,74,26,100,0,100,0,41,118544,26,26,,,,,100,0,100,0,200,0,,,,,,,,,,,,,,,,,,,,,,,,,,,100,34788,100,37683879784,100,185364846213,,,,,,,,,,
2019-12-22,Z3051FVF,ST4000DM000,4000787030016,0,119,223429016,,,92,0,100,8,100,0,84,324748166,,,60,35371,100,0,,,100,8,,,,,,,,,,,,,,,,,,,,,,,,,,,,,,,,,100,0,100,0,100,0,100,0,100,0,74,26,100,0,100,0,41,118544,26,26,,,,,100,0,100,0,200,0,,,,,,,,,,,,,,,,,,,,,,,,,,,100,34812,100,37713880656,100,185533340063,,,,,,,,,,
2019-12-23,Z3051FVF,ST4000DM000,4000787030016,0,110,27316984,,,92,0,100,8,100,0,84,325895250,,,60,35395,100,0,,,100,8,,,,,,,,,,,,,,,,,,,,,,,,,,,,,,,,,100,0,100,0,100,0,100,0,100,0,74,26,100,0,100,0,41,118544,26,26,,,,,100,0,100,0,200,0,,,,,,,,,,,,,,,,,,,,,,,,,,,100,34836,100,37755490144,100,185869766082,,,,,,,,,,
2019-12-24,Z3051FVF,ST4000DM000,4000787030016,0,115,94990312,,,92,0,100,8,100,0,84,326882861,,,60,35418,100,0,,,100,8,,,,,,,,,,,,,,,,,,,,,,,,,,,,,,,,,100,0,100,0,100,0,100,0,100,0,74,26,100,0,100,0,41,118544,26,26,,,,,100,0,100,0,200,0,,,,,,,,,,,,,,,,,,,,,,,,,,,100,34860,100,37787350208,100,186179135867,,,,,,,,,,
2019-12-25,Z3051FVF,ST4000DM000,4000787030016,0,110,26214440,,,92,0,100,8,100,0,84,329074028,,,60,35442,100,0,,,100,8,,,,,,,,,,,,,,,,,,,,,,,,,,,,,,,,,100,0,100,0,100,0,100,0,100,0,73,27,100,0,100,0,41,118544,27,27,,,,,100,0,100,0,200,0,,,,,,,,,,,,,,,,,,,,,,,,,,,100,34884,100,37823601280,100,186509433493,,,,,,,,,,
2019-12-26,Z3051FVF,ST4000DM000,4000787030016,0,113,53982664,,,92,0,100,8,100,0,84,332368016,,,60,35466,100,0,,,100,8,,,,,,,,,,,,,,,,,,,,,,,,,,,,,,,,,100,0,100,0,100,0,100,0,100,0,73,27,100,0,100,0,41,118544,27,27,,,,,100,0,100,0,200,0,,,,,,,,,,,,,,,,,,,,,,,,,,,100,34908,100,37842426768,100,186863353323,,,,,,,,,,
2019-12-27,Z3051FVF,ST4000DM000,4000787030016,0,119,228539696,,,92,0,100,8,100,0,84,334011540,,,60,35490,100,0,,,100,8,,,,,,,,,,,,,,,,,,,,,,,,,,,,,,,,,100,0,100,0,100,0,100,0,100,0,73,27,100,0,100,0,41,118544,27,27,,,,,100,0,100,0,200,0,,,,,,,,,,,,,,,,,,,,,,,,,,,100,34932,100,37851114344,100,187131628278,,,,,,,,,,
2019-12-28,Z3051FVF,ST4000DM000,4000787030016,0,117,123286728,,,92,0,100,8,100,0,84,334892262,,,60,35514,100,0,,,100,8,,,,,,,,,,,,,,,,,,,,,,,,,,,,,,,,,100,0,100,0,100,0,100,0,100,0,74,26,100,0,100,0,41,118544,26,26,,,,,100,0,100,0,200,0,,,,,,,,,,,,,,,,,,,,,,,,,,,100,34956,100,37871166592,100,187288839222,,,,,,,,,,
2019-12-29,Z3051FVF,ST4000DM000,4000787030016,0,105,10427144,,,92,0,100,8,100,0,85,336033049,,,60,35539,100,0,,,100,8,,,,,,,,,,,,,,,,,,,,,,,,,,,,,,,,,100,0,100,0,100,0,100,0,100,0,73,27,100,0,100,0,41,118544,27,27,,,,,100,0,100,0,200,0,,,,,,,,,,,,,,,,,,,,,,,,,,,100,34980,100,37883149096,100,187522806775,,,,,,,,,,
2019-12-30,Z3051FVF,ST4000DM000,4000787030016,0,118,199188056,,,92,0,100,8,100,0,85,336951660,,,60,35563,100,0,,,100,8,,,,,,,,,,,,,,,,,,,,,,,,,,,,,,,,,100,0,100,0,100,0,100,0,100,0,74,26,100,0,100,0,41,118544,26,26,,,,,100,0,100,0,200,0,,,,,,,,,,,,,,,,,,,,,,,,,,,100,35004,100,37898234328,100,187767041513,,,,,,,,,,
2019-12-31,Z3051FVF,ST4000DM000,4000787030016,0,115,96000512,,,92,0,100,8,100,0,85,337978736,,,60,35586,100,0,,,100,8,,,,,,,,,,,,,,,,,,,,,,,,,,,,,,,,,100,0,100,0,100,0,100,0,100,0,74,26,100,0,100,0,41,118544,26,26,,,,,100,0,100,0,200,0,,,,,,,,,,,,,,,,,,,,,,,,,,,100,35028,100,37923282960,100,188022495869,,,,,,,,,,
