2019-01-01,Z305D6FW,ST4000DM000,4000787030016,0,119,203346096,,,92,0,100,8,100,0,85,337503320,,,71,25658,100,0,,,100,7,,,,,,,,,,,,,,,,,,,,,,,,,,,,,,,100,0,100,0,100,0,100,0,100,0,74,26,100,0,100,0,98,5299,26,26,,,,,100,0,100,0,200,0,,,,,,,,,,,,,,,,,,,,,,,,,,,100,25556,100,44602717072,100,127694034545,,,,,,,,,,
2019-01-02,Z305D6FW,ST4000DM000,4000787030016,0,120,238211560,,,92,0,100,8,100,0,85,338391174,,,71,25682,100,0,,,100,7,,,,,,,,,,,,,,,,,,,,,,,,,,,,,,,100,0,100,0,100,0,100,0,100,0,73,27,100,0,100,0,98,5299,27,27,,,,,100,0,100,0,200,0,,,,,,,,,,,,,,,,,,,,,,,,,,,100,25580,100,44614456920,100,127944071508,,,,,,,,,,
2019-01-03,Z305D6FW,ST4000DM000,4000787030016,0,120,171112,,,92,0,100,8,100,0,85,339274829,,,71,25706,100,0,,,100,7,,,,,,,,,,,,,,,,,,,,,,,,,,,,,,,100,0,100,0,100,0,100,0,100,0,74,26,100,0,100,0,98,5299,26,26,,,,,100,0,100,0,200,0,,,,,,,,,,,,,,,,,,,,,,,,,,,100,25604,100,44627594112,100,128161733746,,,,,,,,,,
2019-01-04,Z305D6FW,ST4000DM000,4000787030016,0,114,78984992,,,92,0,100,8,100,0,85,340263021,,,71,25731,100,0,,,100,7,,,,,,,,,,,,,,,,,,,,,,,,,,,,,,,100,0,100,0,100,0,100,0,100,0,72,28,100,0,100,0,98,5299,28,28,,,,,100,0,100,0,200,0,,,,,,,,,,,,,,,,,,,,,,,,,,,100,25629,100,44645386280,100,128346185744,,,,,,,,,,
2019-01-05,Z305D6FW,ST4000DM000,4000787030016,0,119,204703480,,,92,0,100,8,100,0,85,343088584,,,71,25754,100,0,,,100,7,,,,,,,,,,,,,,,,,,,,,,,,,,,,,,,100,0,100,0,100,0,100,0,100,0,73,27,100,0,100,0,98,5299,27,27,,,,,100,0,100,0,200,0,,,,,,,,,,,,,,,,,,,,,,,,,,,100,25652,100,44668447984,100,128545359996,,,,,,,,,,
2019-01-06,Z305D6FW,ST4000DM000,4000787030016,0,117,127434408,,,92,0,100,8,100,0,85,343855789,,,71,25779,100,0,,,100,7,,,,,,,,,,,,,,,,,,,,,,,,,,,,,,,100,0,100,0,100,0,100,0,100,0,72,28,100,0,100,0,98,5299,28,28,,,,,100,0,100,0,200,0,,,,,,,,,,,,,,,,,,,,,,,,,,,100,25677,100,44689352768,100,128746520613,,,,,,,,,,
2019-01-07,Z305D6FW,ST4000DM000,4000787030016,0,110,28652856,,,92,0,100,8,100,0,85,345392729,,,71,25803,100,0,,,100,7,,,,,,,,,,,,,,,,,,,,,,,,,,,,,,,100,0,100,0,100,0,100,0,100,0,72,28,100,0,100,0,98,5299,28,28,,,,,100,0,100,0,200,0,,,,,,,,,,,,,,,,,,,,,,,,,,,100,25701,100,44712938496,100,128892952636,,,,,,,,,,
2019-01-08,Z305D6FW,ST4000DM000,4000787030016,0,120,237811976,,,92,0,100,8,100,0,85,346514144,,,71,25827,100,0,,,100,7,,,,,,,,,,,,,,,,,,,,,,,,,,,,,,,100,0,100,0,100,0,100,0,100,0,73,27,100,0,100,0,98,5299,27,27,,,,,100,0,100,0,200,0,,,,,,,,,,,,,,,,,,,,,,,,,,,100,25725,100,44729423480,100,129076153307,,,,,,,,,,
2019-01-09,Z305D6FW,ST4000DM000,4000787030016,0,117,165272360,,,92,0,100,8,100,0,85,347668407,,,71,25851,100,0,,,100,7,,,,,,,,,,,,,,,,,,,,,,,,,,,,,,,100,0,100,0,100,0,100,0,100,0,72,28,100,0,100,0,98,5299,28,28,,,,,100,0,100,0,200,0,,,,,,,,,,,,,,,,,,,,,,,,,,,100,25749,100,44754051336,100,129265225695,,,,,,,,,,
2019-01-10,Z305D6FW,ST4000DM000,4000787030016,0,111,38128816,,,92,0,100,8,100,0,85,349110403,,,71,25874,100,0,,,100,7,,,,,,,,,,,,,,,,,,,,,,,,,,,,,,,100,0,100,0,100,0,100,0,100,0,73,27,100,0,100,0,98,5299,27,27,,,,,100,0,100,0,200,0,,,,,,,,,,,,,,,,,,,,,,,,,,,100,25772,100,44773861080,100,129440991330,,,,,,,,,,
2019-01-11,Z305D6FW,ST4000DM000,4000787030016,0,117,159346408,,,92,0,100,8,100,0,85,350008883,,,71,25897,100,0,,,100,7,,,,,,,,,,,,,,,,,,,,,,,,,,,,,,,100,0,100,0,100,0,100,0,100,0,73,27,100,0,100,0,98,5299,27,27,,,,,100,0,100,0,200,0,,,,,,,,,,,,,,,,,,,,,,,,,,,100,25795,100,44790463576,100,129550454587,,,,,,,,,,
2019-01-12,Z305D6FW,ST4000DM000,4000787030016,0,113,57094048,,,92,0,100,8,100,0,85,351904979,,,71,25921,100,0,,,100,7,,,,,,,,,,,,,,,,,,,,,,,,,,,,,,,100,0,100,0,100,0,100,0,100,0,73,27,100,0,100,0,98,5299,27,27,,,,,100,0,100,0,200,0,,,,,,,,,,,,,,,,,,,,,,,,,,,100,25819,100,44815322624,100,129694247059,,,,,,,,,,
2019-01-13,Z305D6FW,ST4000DM000,4000787030016,0,115,91015800,,,92,0,100,8,100,0,85,353021743,,,71,25944,100,0,,,100,7,,,,,,,,,,,,,,,,,,,,,,,,,,,,,,,100,0,100,0,100,0,100,0,100,0,76,24,100,0,100,0,98,5299,24,24,,,,,100,0,100,0,200,0,,,,,,,,,,,,,,,,,,,,,,,,,,,100,25843,100,44830734984,100,129814143730,,,,,,,,,,
2019-01-14,Z305D6FW,ST4000DM000,4000787030016,0,114,79435864,,,92,0,100,8,100,0,85,354683535,,,71,25968,100,0,,,100,7,,,,,,,,,,,,,,,,,,,,,,,,,,,,,,,100,0,100,0,100,0,100,0,100,0,76,24,100,0,100,0,98,5299,24,24,,,,,100,0,100,0,200,0,,,,,,,,,,,,,,,,,,,,,,,,,,,100,25866,100,44848047512,100,129945152381,,,,,,,,,,
2019-01-15,Z305D6FW,ST4000DM000,4000787030016,0,119,207499152,,,92,0,100,8,100,0,85,355816481,,,71,25992,100,0,,,100,7,,,,,,,,,,,,,,,,,,,,,,,,,,,,,,,100,0,100,0,100,0,100,0,100,0,75,25,100,0,100,0,98,5299,25,25,,,,,100,0,100,0,200,0,,,,,,,,,,,,,,,,,,,,,,,,,,,100,25890,100,44868996032,100,130094930000,,,,,,,,,,
2019-01-16,Z305D6FW,ST4000DM000,4000787030016,0,116,112023400,,,92,0,100,8,100,0,85,357122143,,,71,26015,100,0,,,100,7,,,,,,,,,,,,,,,,,,,,,,,,,,,,,,,100,0,100,0,100,0,100,0,100,0,75,25,100,0,100,0,98,5299,25,25,,,,,100,0,100,0,200,0,,,,,,,,,,,,,,,,,,,,,,,,,,,100,25914,100,44884478072,100,130241700673,,,,,,,,,,
2019-01-17,Z305D6FW,ST4000DM000,4000787030016,0,109,23966608,,,92,0,100,8,100,0,85,357993904,,,71,26039,100,0,,,100,7,,,,,,,,,,,,,,,,,,,,,,,,,,,,,,,100,0,100,0,100,0,100,0,100,0,76,24,100,0,100,0,98,5299,24,24,,,,,100,0,100,0,200,0,,,,,,,,,,,,,,,,,,,,,,,,,,,100,25937,100,44901565600,100,130381972843,,,,,,,,,,
2019-01-18,Z305D6FW,ST4000DM000,4000787030016,0,113,57401432,,,92,0,100,8,100,0,85,358839233,,,71,26063,100,0,,,100,7,,,,,,,,,,,,,,,,,,,,,,,,,,,,,,,100,0,100,0,100,0,100,0,100,0,75,25,100,0,100,0,98,5299,25,25,,,,,100,0,100,0,200,0,,,,,,,,,,,,,,,,,,,,,,,,,,,100,25961,100,44918799928,100,130501892191,,,,,,,,,,
2019-01-19,Z305D6FW,ST4000DM000,4000787030016,0,119,229155496,,,92,0,100,8,100,0,85,361836814,,,71,26086,100,0,,,100,7,,,,,,,,,,,,,,,,,,,,,,,,,,,,,,,100,0,100,0,100,0,100,0,100,0,76,24,100,0,100,0,98,5299,24,24,,,,,100,0,100,0,200,0,,,,,,,,,,,,,,,,,,,,,,,,,,,100,25985,100,44940583960,100,130641928316,,,,,,,,,,
2019-01-20,Z305D6FW,ST4000DM000,4000787030016,0,110,27406872,,,92,0,100,8,100,0,85,362858652,,,71,26110,100,0,,,100,7,,,,,,,,,,,,,,,,,,,,,,,,,,,,,,,100,0,100,0,100,0,100,0,100,0,76,24,100,0,100,0,98,5299,24,24,,,,,100,0,100,0,200,0,,,,,,,,,,,,,,,,,,,,,,,,,,,100,26009,100,44956909912,100,130765340793,,,,,,,,,,
2019-01-21,Z305D6FW,ST4000DM000,4000787030016,0,115,87847848,,,92,0,100,8,100,0,85,364385760,,,71,26134,100,0,,,100,7,,,,,,,,,,,,,,,,,,,,,,,,,,,,,,,100,0,100,0,100,0,100,0,100,0,75,25,100,0,100,0,98,5299,25,25,,,,,100,0,100,0,200,0,,,,,,,,,,,,,,,,,,,,,,,,,,,100,26032,100,44976344504,100,130871763607,,,,,,,,,,
2019-01-22,Z305D6FW,ST4000DM000,4000787030016,0,120,150520,,,92,0,100,8,100,0,85,365628892,,,71,26158,100,0,,,100,7,,,,,,,,,,,,,,,,,,,,,,,,,,,,,,,100,0,100,0,100,0,100,0,100,0,76,24,100,0,100,0,98,5299,24,24,,,,,100,0,100,0,200,0,,,,,,,,,,,,,,,,,,,,,,,,,,,100,26056,100,44994201928,100,131005896642,,,,,,,,,,
2019-01-23,Z305D6FW,ST4000DM000,4000787030016,0,117,167306664,,,92,0,100,8,100,0,85,366384404,,,71,26182,100,0,,,100,7,,,,,,,,,,,,,,,,,,,,,,,,,,,,,,,100,0,100,0,100,0,100,0,100,0,77,23,100,0,100,0,98,5299,23,23,,,,,100,0,100,0,200,0,,,,,,,,,,,,,,,,,,,,,,,,,,,100,26080,100,45018736200,100,131093736332,,,,,,,,,,
2019-01-24,Z305D6FW,ST4000DM000,4000787030016,0,118,181549736,,,92,0,100,8,100,0,85,367240915,,,71,26205,100,0,,,100,7,,,,,,,,,,,,,,,,,,,,,,,,,,,,,,,100,0,100,0,100,0,100,0,100,0,77,23,100,0,100,0,98,5299,23,23,,,,,100,0,100,0,200,0,,,,,,,,,,,,,,,,,,,,,,,,,,,100,26103,100,45036590944,100,131204711142,,,,,,,,,,
2019-01-25,Z305D6FW,ST4000DM000,4000787030016,0,117,136640472,,,92,0,100,8,100,0,85,368243920,,,71,26229,100,0,,,100,7,,,,,,,,,,,,,,,,,,,,,,,,,,,,,,,100,0,100,0,100,0,100,0,100,0,76,24,100,0,100,0,98,5299,24,24,,,,,100,0,100,0,200,0,,,,,,,,,,,,,,,,,,,,,,,,,,,100,26127,100,45057389560,100,131325806202,,,,,,,,,,
2019-01-26,Z305D6FW,ST4000DM000,4000787030016,0,112,48908312,,,92,0,100,8,100,0,85,369908404,,,71,26252,100,0,,,100,7,,,,,,,,,,,,,,,,,,,,,,,,,,,,,,,100,0,100,0,100,0,100,0,100,0,76,24,100,0,100,0,98,5299,24,24,,,,,100,0,100,0,200,0,,,,,,,,,,,,,,,,,,,,,,,,,,,100,26151,100,45079075432,100,131414398438,,,,,,,,,,
2019-01-27,Z305D6FW,ST4000DM000,4000787030016,0,116,103476000,,,92,0,100,8,100,0,85,370933537,,,71,26276,100,0,,,100,7,,,,,,,,,,,,,,,,,,,,,,,,,,,,,,,100,0,100,0,100,0,100,0,100,0,77,23,100,0,100,0,98,5299,23,23,,,,,100,0,100,0,200,0,,,,,,,,,,,,,,,,,,,,,,,,,,,100,26174,100,45096955112,100,131555762165,,,,,,,,,,
2019-01-28,Z305D6FW,ST4000DM000,4000787030016,0,117,119997720,,,92,0,100,8,100,0,85,372257477,,,70,26299,100,0,,,100,7,,,,,,,,,,,,,,,,,,,,,,,,,,,,,,,100,0,100,0,100,0,100,0,100,0,76,24,100,0,100,0,98,5299,24,24,,,,,100,0,100,0,200,0,,,,,,,,,,,,,,,,,,,,,,,,,,,100,26198,100,45121653480,100,131700600166,,,,,,,,,,
2019-01-29,Z305D6FW,ST4000DM000,4000787030016,0,112,47254872,,,92,0,100,8,100,0,85,373742766,,,70,26323,100,0,,,100,7,,,,,,,,,,,,,,,,,,,,,,,,,,,,,,,100,0,100,0,100,0,100,0,100,0,76,24,100,0,100,0,98,5299,24,24,,,,,100,0,100,0,200,0,,,,,,,,,,,,,,,,,,,,,,,,,,,100,26221,100,45144063008,100,131793193932,,,,,,,,,,
2019-01-30,Z305D6FW,ST4000DM000,4000787030016,0,119,225258216,,,92,0,100,8,100,0,85,374627468,,,70,26347,100,0,,,100,7,,,,,,,,,,,,,,,,,,,,,,,,,,,,,,,100,0,100,0,100,0,100,0,100,0,78,22,100,0,100,0,98,5299,22,22,,,,,100,0,100,0,200,0,,,,,,,,,,,,,,,,,,,,,,,,,,,100,26245,100,45166711424,100,131884896826,,,,,,,,,,
2019-01-31,Z305D6FW,ST4000DM000,4000787030016,0,117,128914856,,,92,0,100,8,100,0,85,375727227,,,70,26371,100,0,,,100,7,,,,,,,,,,,,,,,,,,,,,,,,,,,,,,,100,0,100,0,100,0,100,0,100,0,78,22,100,0,100,0,98,5299,22,22,,,,,100,0,100,0,200,0,,,,,,,,,,,,,,,,,,,,,,,,,,,100,26269,100,45184977248,100,132034872509,,,,,,,,,,
2019-02-01,Z305D6FW,ST4000DM000,4000787030016,0,115,87103144,,,92,0,100,8,100,0,85,378205817,,,70,26394,100,0,,,100,7,,,,,,,,,,,,,,,,,,,,,,,,,,,,,,,100,0,100,0,100,0,100,0,100,0,77,23,100,0,100,0,98,5299,23,23,,,,,100,0,100,0,200,0,,,,,,,,,,,,,,,,,,,,,,,,,,,100,26292,100,45223517224,100,132186206458,,,,,,,,,,
2019-02-02,Z305D6FW,ST4000DM000,4000787030016,0,118,197731320,,,92,0,100,8,100,0,85,380329336,,,70,26418,100,0,,,100,7,,,,,,,,,,,,,,,,,,,,,,,,,,,,,,,100,0,100,0,100,0,100,0,100,0,78,22,100,0,100,0,98,5299,22,22,,,,,100,0,100,0,200,0,,,,,,,,,,,,,,,,,,,,,,,,,,,100,26316,100,45316294232,100,132305995334,,,,,,,,,,
2019-02-03,Z305D6FW,ST4000DM000,4000787030016,0,117,125924944,,,92,0,100,8,100,0,85,380817563,,,70,26441,100,0,,,100,7,,,,,,,,,,,,,,,,,,,,,,,,,,,,,,,100,0,100,0,100,0,100,0,100,0,77,23,100,0,100,0,98,5299,23,23,,,,,100,0,100,0,200,0,,,,,,,,,,,,,,,,,,,,,,,,,,,100,26340,100,45332917416,100,132353476134,,,,,,,,,,
2019-02-04,Z305D6FW,ST4000DM000,4000787030016,0,106,12195296,,,92,0,100,8,100,0,85,381845563,,,70,26465,100,0,,,100,7,,,,,,,,,,,,,,,,,,,,,,,,,,,,,,,100,0,100,0,100,0,100,0,100,0,77,23,100,0,100,0,98,5299,23,23,,,,,100,0,100,0,200,0,,,,,,,,,,,,,,,,,,,,,,,,,,,100,26363,100,45345154816,100,132459912987,,,,,,,,,,
2019-02-05,Z305D6FW,ST4000DM000,4000787030016,0,118,176447896,,,92,0,100,8,100,0,85,383420700,,,70,26489,100,0,,,100,7,,,,,,,,,,,,,,,,,,,,,,,,,,,,,,,100,0,100,0,100,0,100,0,100,0,77,23,100,0,100,0,98,5299,23,23,,,,,100,0,100,0,200,0,,,,,,,,,,,,,,,,,,,,,,,,,,,100,26387,100,45369063904,100,132540446817,,,,,,,,,,
2019-02-06,Z305D6FW,ST4000DM000,4000787030016,0,113,52057024,,,92,0,100,8,100,0,85,384274829,,,70,26513,100,0,,,100,7,,,,,,,,,,,,,,,,,,,,,,,,,,,,,,,100,0,100,0,100,0,100,0,100,0,77,23,100,0,100,0,98,5299,23,23,,,,,100,0,100,0,200,0,,,,,,,,,,,,,,,,,,,,,,,,,,,100,26411,100,45386418784,100,132654257367,,,,,,,,,,
2019-02-07,Z305D6FW,ST4000DM000,4000787030016,0,119,208412160,,,92,0,100,8,100,0,85,385687951,,,70,26548,100,0,,,100,7,,,,,,,,,,,,,,,,,,,,,,,,,,,,,,,100,0,100,0,100,0,100,0,100,0,74,26,100,0,100,0,98,5299,26,26,,,,,100,0,100,0,200,0,,,,,,,,,,,,,,,,,,,,,,,,,,,100,26446,100,45410526008,100,132878040558,,,,,,,,,,
2019-02-08,Z305D6FW,ST4000DM000,4000787030016,0,113,53643208,,,92,0,100,8,100,0,85,386661410,,,70,26572,100,0,,,100,7,,,,,,,,,,,,,,,,,,,,,,,,,,,,,,,100,0,100,0,100,0,100,0,100,0,74,26,100,0,100,0,98,5299,26,26,,,,,100,0,100,0,200,0,,,,,,,,,,,,,,,,,,,,,,,,,,,100,26470,100,45424012104,100,133005745489,,,,,,,,,,
2019-02-09,Z305D6FW,ST4000DM000,4000787030016,0,116,113410576,,,92,0,100,8,100,0,85,388659254,,,70,26595,100,0,,,100,7,,,,,,,,,,,,,,,,,,,,,,,,,,,,,,,100,0,100,0,100,0,100,0,100,0,74,26,100,0,100,0,98,5299,26,26,,,,,100,0,100,0,200,0,,,,,,,,,,,,,,,,,,,,,,,,,,,100,26494,100,45448162608,100,133130608132,,,,,,,,,,
2019-02-10,Z305D6FW,ST4000DM000,4000787030016,0,118,192160080,,,92,0,100,8,100,0,85,389429308,,,70,26619,100,0,,,100,7,,,,,,,,,,,,,,,,,,,,,,,,,,,,,,,100,0,100,0,100,0,100,0,100,0,73,27,100,0,100,0,98,5299,27,27,,,,,100,0,100,0,200,0,,,,,,,,,,,,,,,,,,,,,,,,,,,100,26517,100,45468846280,100,133192493291,,,,,,,,,,
2019-02-11,Z305D6FW,ST4000DM000,4000787030016,0,114,72437704,,,92,0,100,8,100,0,85,391032583,,,70,26643,100,0,,,100,7,,,,,,,,,,,,,,,,,,,,,,,,,,,,,,,100,0,100,0,100,0,100,0,100,0,74,26,100,0,100,0,98,5299,26,26,,,,,100,0,100,0,200,0,,,,,,,,,,,,,,,,,,,,,,,,,,,100,26541,100,45492858544,100,133271292496,,,,,,,,,,
2019-02-12,Z305D6FW,ST4000DM000,4000787030016,0,116,114820792,,,92,0,100,8,100,0,85,391695730,,,70,26667,100,0,,,100,7,,,,,,,,,,,,,,,,,,,,,,,,,,,,,,,100,0,100,0,100,0,100,0,100,0,74,26,100,0,100,0,98,5299,26,26,,,,,100,0,100,0,200,0,,,,,,,,,,,,,,,,,,,,,,,,,,,100,26565,100,45519409704,100,133315553388,,,,,,,,,,
2019-02-13,Z305D6FW,ST4000DM000,4000787030016,0,105,10115520,,,92,0,100,8,100,0,85,392206786,,,70,26691,100,0,,,100,7,,,,,,,,,,,,,,,,,,,,,,,,,,,,,,,100,0,100,0,100,0,100,0,100,0,74,26,100,0,100,0,98,5299,26,26,,,,,100,0,100,0,200,0,,,,,,,,,,,,,,,,,,,,,,,,,,,100,26589,100,45535474464,100,133350771395,,,,,,,,,,
2019-02-14,Z305D6FW,ST4000DM000,4000787030016,0,118,194506944,,,92,0,100,8,100,0,85,393174152,,,70,26714,100,0,,,100,7,,,,,,,,,,,,,,,,,,,,,,,,,,,,,,,100,0,100,0,100,0,100,0,100,0,72,28,100,0,100,0,98,5299,28,28,,,,,100,0,100,0,200,0,,,,,,,,,,,,,,,,,,,,,,,,,,,100,26612,100,45565571360,100,133431332761,,,,,,,,,,
2019-02-15,Z305D6FW,ST4000DM000,4000787030016,0,117,130089360,,,92,0,100,8,100,0,85,395662120,,,70,26738,100,0,,,100,7,,,,,,,,,,,,,,,,,,,,,,,,,,,,,,,100,0,100,0,100,0,100,0,100,0,74,26,100,0,100,0,98,5299,26,26,,,,,100,0,100,0,200,0,,,,,,,,,,,,,,,,,,,,,,,,,,,100,26636,100,45594709600,100,133578364296,,,,,,,,,,
2019-02-16,Z305D6FW,ST4000DM000,4000787030016,0,114,76112280,,,92,0,100,8,100,0,85,397655730,,,70,26762,100,0,,,100,7,,,,,,,,,,,,,,,,,,,,,,,,,,,,,,,100,0,100,0,100,0,100,0,100,0,74,26,100,0,100,0,98,5299,26,26,,,,,100,0,100,0,200,0,,,,,,,,,,,,,,,,,,,,,,,,,,,100,26660,100,45616609192,100,133679567151,,,,,,,,,,
2019-02-17,Z305D6FW,ST4000DM000,4000787030016,0,117,132300552,,,92,0,100,8,100,0,85,399472874,,,70,26785,100,0,,,100,7,,,,,,,,,,,,,,,,,,,,,,,,,,,,,,,100,0,100,0,100,0,100,0,100,0,75,25,100,0,100,0,98,5299,25,25,,,,,100,0,100,0,200,0,,,,,,,,,,,,,,,,,,,,,,,,,,,100,26684,100,45640680952,100,133828427623,,,,,,,,,,
2019-02-18,Z305D6FW,ST4000DM000,4000787030016,0,110,28344272,,,92,0,100,8,100,0,85,401333431,,,70,26809,100,0,,,100,7,,,,,,,,,,,,,,,,,,,,,,,,,,,,,,,100,0,100,0,100,0,100,0,100,0,75,25,100,0,100,0,98,5299,25,25,,,,,100,0,100,0,200,0,,,,,,,,,,,,,,,,,,,,,,,,,,,100,26707,100,45659110576,100,133924818021,,,,,,,,,,
2019-02-19,Z305D6FW,ST4000DM000,4000787030016,0,116,111073544,,,92,0,100,8,100,0,85,402133393,,,70,26833,100,0,,,100,7,,,,,,,,,,,,,,,,,,,,,,,,,,,,,,,100,0,100,0,100,0,100,0,100,0,76,24,100,0,100,0,98,5299,24,24,,,,,100,0,100,0,200,0,,,,,,,,,,,,,,,,,,,,,,,,,,,100,26731,100,45674782896,100,134053387697,,,,,,,,,,
2019-02-20,Z305D6FW,ST4000DM000,4000787030016,0,114,81910872,,,92,0,100,8,100,0,86,402857248,,,70,26857,100,0,,,100,7,,,,,,,,,,,,,,,,,,,,,,,,,,,,,,,100,0,100,0,100,0,100,0,100,0,76,24,100,0,100,0,98,5299,24,24,,,,,100,0,100,0,200,0,,,,,,,,,,,,,,,,,,,,,,,,,,,100,26755,100,45693395720,100,134165482063,,,,,,,,,,
2019-02-21,Z305D6FW,ST4000DM000,4000787030016,0,117,117558416,,,92,0,100,8,100,0,86,403433193,,,70,26881,100,0,,,100,7,,,,,,,,,,,,,,,,,,,,,,,,,,,,,,,100,0,100,0,100,0,100,0,100,0,77,23,100,0,100,0,98,5299,23,23,,,,,100,0,100,0,200,0,,,,,,,,,,,,,,,,,,,,,,,,,,,100,26779,100,45703104624,100,134340656623,,,,,,,,,,
2019-02-22,Z305D6FW,ST4000DM000,4000787030016,0,115,96095800,,,92,0,100,8,100,0,86,404010854,,,70,26904,100,0,,,100,7,,,,,,,,,,,,,,,,,,,,,,,,,,,,,,,100,0,100,0,100,0,100,0,100,0,77,23,100,0,100,0,98,5299,23,23,,,,,100,0,100,0,200,0,,,,,,,,,,,,,,,,,,,,,,,,,,,100,26802,100,45713047592,100,134502296138,,,,,,,,,,
2019-02-23,Z305D6FW,ST4000DM000,4000787030016,0,109,23183872,,,92,0,100,8,100,0,86,405677245,,,70,26928,100,0,,,100,7,,,,,,,,,,,,,,,,,,,,,,,,,,,,,,,100,0,100,0,100,0,100,0,100,0,78,22,100,0,100,0,98,5299,22,22,,,,,100,0,100,0,200,0,,,,,,,,,,,,,,,,,,,,,,,,,,,100,26826,100,45731021848,100,134689906116,,,,,,,,,,
2019-02-24,Z305D6FW,ST4000DM000,4000787030016,0,117,133160680,,,92,0,100,8,100,0,86,406319041,,,70,26952,100,0,,,100,7,,,,,,,,,,,,,,,,,,,,,,,,,,,,,,,100,0,100,0,100,0,100,0,100,0,78,22,100,0,100,0,98,5299,22,22,,,,,100,0,100,0,200,0,,,,,,,,,,,,,,,,,,,,,,,,,,,100,26850,100,45748564216,100,134870378320,,,,,,,,,,
2019-02-25,Z305D6FW,ST4000DM000,4000787030016,0,113,54272544,,,92,0,100,8,100,0,86,407801836,,,70,26976,100,0,,,100,7,,,,,,,,,,,,,,,,,,,,,,,,,,,,,,,100,0,100,0,100,0,100,0,100,0,79,21,100,0,100,0,98,5299,21,21,,,,,100,0,100,0,200,0,,,,,,,,,,,,,,,,,,,,,,,,,,,100,26874,100,45765551544,100,135021856689,,,,,,,,,,
2019-02-26,Z305D6FW,ST4000DM000,4000787030016,0,108,17178992,,,92,0,100,8,100,0,86,408432726,,,70,27000,100,0,,,100,7,,,,,,,,,,,,,,,,,,,,,,,,,,,,,,,100,0,100,0,100,0,100,0,100,0,78,22,100,0,100,0,98,5299,22,22,,,,,100,0,100,0,200,0,,,,,,,,,,,,,,,,,,,,,,,,,,,100,26898,100,45778149272,100,135199854788,,,,,,,,,,
2019-02-27,Z305D6FW,ST4000DM000,4000787030016,0,118,184111912,,,92,0,100,8,100,0,86,409455519,,,70,27023,100,0,,,100,7,,,,,,,,,,,,,,,,,,,,,,,,,,,,,,,100,0,100,0,100,0,100,0,100,0,79,21,100,0,100,0,98,5299,21,21,,,,,100,0,100,0,200,0,,,,,,,,,,,,,,,,,,,,,,,,,,,100,26922,100,45790765112,100,135373639023,,,,,,,,,,
2019-02-28,Z305D6FW,ST4000DM000,4000787030016,0,111,33264200,,,92,0,100,8,100,0,86,410532688,,,70,27047,100,0,,,100,7,,,,,,,,,,,,,,,,,,,,,,,,,,,,,,,100,0,100,0,100,0,100,0,100,0,78,22,100,0,100,0,98,5299,22,22,,,,,100,0,100,0,200,0,,,,,,,,,,,,,,,,,,,,,,,,,,,100,26945,100,45802315864,100,135565099704,,,,,,,,,,
2019-03-01,Z305D6FW,ST4000DM000,4000787030016,0,114,59170272,,,92,0,100,8,100,0,86,412339723,,,70,27071,100,0,,,100,7,,,,,,,,,,,,,,,,,,,,,,,,,,,,,,,100,0,100,0,100,0,100,0,100,0,79,21,100,0,100,0,98,5299,21,21,,,,,100,0,100,0,200,0,,,,,,,,,,,,,,,,,,,,,,,,,,,100,26969,100,45816351792,100,135688426015,,,,,,,,,,
2019-03-02,Z305D6FW,ST4000DM000,4000787030016,0,117,144077816,,,92,0,100,8,100,0,86,414284462,,,70,27095,100,0,,,100,7,,,,,,,,,,,,,,,,,,,,,,,,,,,,,,,100,0,100,0,100,0,100,0,100,0,79,21,100,0,100,0,98,5299,21,21,,,,,100,0,100,0,200,0,,,,,,,,,,,,,,,,,,,,,,,,,,,100,26993,100,45826200456,100,135805740506,,,,,,,,,,
2019-03-03,Z305D6FW,ST4000DM000,4000787030016,0,118,198458024,,,92,0,100,8,100,0,86,415489924,,,70,27118,100,0,,,100,7,,,,,,,,,,,,,,,,,,,,,,,,,,,,,,,100,0,100,0,100,0,100,0,100,0,78,22,100,0,100,0,98,5299,22,22,,,,,100,0,100,0,200,0,,,,,,,,,,,,,,,,,,,,,,,,,,,100,27017,100,45837748136,100,135953887032,,,,,,,,,,
2019-03-04,Z305D6FW,ST4000DM000,4000787030016,0,115,94504800,,,92,0,100,8,100,0,86,417136997,,,70,27142,100,0,,,100,7,,,,,,,,,,,,,,,,,,,,,,,,,,,,,,,100,0,100,0,100,0,100,0,100,0,79,21,100,0,100,0,98,5299,21,21,,,,,100,0,100,0,200,0,,,,,,,,,,,,,,,,,,,,,,,,,,,100,27040,100,45850683712,100,136098022724,,,,,,,,,,
2019-03-05,Z305D6FW,ST4000DM000,4000787030016,0,115,94956560,,,92,0,100,8,100,0,86,418352115,,,69,27166,100,0,,,100,7,,,,,,,,,,,,,,,,,,,,,,,,,,,,,,,100,0,100,0,100,0,100,0,100,0,79,21,100,0,100,0,98,5299,21,21,,,,,100,0,100,0,200,0,,,,,,,,,,,,,,,,,,,,,,,,,,,100,27064,100,45863039464,100,136239012341,,,,,,,,,,
2019-03-06,Z305D6FW,ST4000DM000,4000787030016,0,114,70476408,,,92,0,100,8,100,0,86,419659171,,,69,27190,100,0,,,100,7,,,,,,,,,,,,,,,,,,,,,,,,,,,,,,,100,0,100,0,100,0,100,0,100,0,78,22,100,0,100,0,98,5299,22,22,,,,,100,0,100,0,200,0,,,,,,,,,,,,,,,,,,,,,,,,,,,100,27088,100,45874604240,100,136391064690,,,,,,,,,,
2019-03-07,Z305D6FW,ST4000DM000,4000787030016,0,114,82829936,,,92,0,100,8,100,0,86,420457629,,,69,27214,100,0,,,100,7,,,,,,,,,,,,,,,,,,,,,,,,,,,,,,,100,0,100,0,100,0,100,0,100,0,79,21,100,0,100,0,98,5299,21,21,,,,,100,0,100,0,200,0,,,,,,,,,,,,,,,,,,,,,,,,,,,100,27112,100,45884572560,100,136529838768,,,,,,,,,,
2019-03-08,Z305D6FW,ST4000DM000,4000787030016,0,111,35433560,,,92,0,100,8,100,0,86,421257724,,,69,27238,100,0,,,100,7,,,,,,,,,,,,,,,,,,,,,,,,,,,,,,,100,0,100,0,100,0,100,0,100,0,78,22,100,0,100,0,98,5299,22,22,,,,,100,0,100,0,200,0,,,,,,,,,,,,,,,,,,,,,,,,,,,100,27136,100,45895630168,100,136647687353,,,,,,,,,,
2019-03-09,Z305D6FW,ST4000DM000,4000787030016,0,114,73769784,,,92,0,100,8,100,0,86,423103202,,,69,27261,100,0,,,100,7,,,,,,,,,,,,,,,,,,,,,,,,,,,,,,,100,0,100,0,100,0,100,0,100,0,78,22,100,0,100,0,98,5299,22,22,,,,,100,0,100,0,200,0,,,,,,,,,,,,,,,,,,,,,,,,,,,100,27159,100,45914466504,100,136773155273,,,,,,,,,,
2019-03-10,Z305D6FW,ST4000DM000,4000787030016,0,117,144382256,,,92,0,100,8,100,0,86,424055814,,,69,27285,100,0,,,100,7,,,,,,,,,,,,,,,,,,,,,,,,,,,,,,,100,0,100,0,100,0,100,0,100,0,79,21,100,0,100,0,98,5299,21,21,,,,,100,0,100,0,200,0,,,,,,,,,,,,,,,,,,,,,,,,,,,100,27183,100,45932444864,100,136892730551,,,,,,,,,,
2019-03-11,Z305D6FW,ST4000DM000,4000787030016,0,115,90943848,,,92,0,100,8,100,0,86,425404267,,,69,27309,100,0,,,100,7,,,,,,,,,,,,,,,,,,,,,,,,,,,,,,,100,0,100,0,100,0,100,0,100,0,79,21,100,0,100,0,98,5299,21,21,,,,,100,0,100,0,200,0,,,,,,,,,,,,,,,,,,,,,,,,,,,100,27207,100,45960924920,100,137006198805,,,,,,,,,,
2019-03-12,Z305D6FW,ST4000DM000,4000787030016,0,117,142005768,,,92,0,100,8,100,0,86,426922563,,,69,27333,100,0,,,100,7,,,,,,,,,,,,,,,,,,,,,,,,,,,,,,,100,0,100,0,100,0,100,0,100,0,79,21,100,0,100,0,98,5299,21,21,,,,,100,0,100,0,200,0,,,,,,,,,,,,,,,,,,,,,,,,,,,100,27231,100,45989213552,100,137120418286,,,,,,,,,,
2019-03-13,Z305D6FW,ST4000DM000,4000787030016,0,114,81786648,,,92,0,100,8,100,0,86,427676078,,,69,27357,100,0,,,100,7,,,,,,,,,,,,,,,,,,,,,,,,,,,,,,,100,0,100,0,100,0,100,0,100,0,80,20,100,0,100,0,98,5299,20,20,,,,,100,0,100,0,200,0,,,,,,,,,,,,,,,,,,,,,,,,,,,100,27255,100,46011218768,100,137206554912,,,,,,,,,,
2019-03-14,Z305D6FW,ST4000DM000,4000787030016,0,114,75444240,,,92,0,100,8,100,0,86,428678052,,,69,27380,100,0,,,100,7,,,,,,,,,,,,,,,,,,,,,,,,,,,,,,,100,0,100,0,100,0,100,0,100,0,80,20,100,0,100,0,98,5299,20,20,,,,,100,0,100,0,200,0,,,,,,,,,,,,,,,,,,,,,,,,,,,100,27278,100,46031894496,100,137336070079,,,,,,,,,,
2019-03-15,Z305D6FW,ST4000DM000,4000787030016,0,119,233480800,,,92,0,100,8,100,0,86,429502441,,,69,27404,100,0,,,100,7,,,,,,,,,,,,,,,,,,,,,,,,,,,,,,,100,0,100,0,100,0,100,0,100,0,80,20,100,0,100,0,98,5299,20,20,,,,,100,0,100,0,200,0,,,,,,,,,,,,,,,,,,,,,,,,,,,100,27302,100,46042759880,100,137432522315,,,,,,,,,,
2019-03-16,Z305D6FW,ST4000DM000,4000787030016,0,118,171830168,,,92,0,100,8,100,0,86,432701796,,,69,27428,100,0,,,100,7,,,,,,,,,,,,,,,,,,,,,,,,,,,,,,,100,0,100,0,100,0,100,0,100,0,80,20,100,0,100,0,98,5299,20,20,,,,,100,0,100,0,200,0,,,,,,,,,,,,,,,,,,,,,,,,,,,100,27326,100,46066861280,100,137538109283,,,,,,,,,,
2019-03-17,Z305D6FW,ST4000DM000,4000787030016,0,119,206364896,,,92,0,100,8,100,0,86,433649041,,,69,27452,100,0,,,100,7,,,,,,,,,,,,,,,,,,,,,,,,,,,,,,,100,0,100,0,100,0,100,0,100,0,80,20,100,0,100,0,98,5299,20,20,,,,,100,0,100,0,200,0,,,,,,,,,,,,,,,,,,,,,,,,,,,100,27350,100,46079042952,100,137679291597,,,,,,,,,,
2019-03-18,Z305D6FW,ST4000DM000,4000787030016,0,108,17283968,,,92,0,100,8,100,0,86,434992681,,,69,27476,100,0,,,100,7,,,,,,,,,,,,,,,,,,,,,,,,,,,,,,,100,0,100,0,100,0,100,0,100,0,80,20,100,0,100,0,98,5299,20,20,,,,,100,0,100,0,200,0,,,,,,,,,,,,,,,,,,,,,,,,,,,100,27374,100,46100648040,100,137822091956,,,,,,,,,,
2019-03-19,Z305D6FW,ST4000DM000,4000787030016,0,111,36437784,,,92,0,100,8,100,0,86,436313306,,,69,27499,100,0,,,100,7,,,,,,,,,,,,,,,,,,,,,,,,,,,,,,,100,0,100,0,100,0,100,0,100,0,80,20,100,0,100,0,98,5299,20,20,,,,,100,0,100,0,200,0,,,,,,,,,,,,,,,,,,,,,,,,,,,100,27398,100,46115252032,100,137900752930,,,,,,,,,,
2019-03-20,Z305D6FW,ST4000DM000,4000787030016,0,117,128202864,,,92,0,100,8,100,0,86,437291786,,,69,27523,100,0,,,100,7,,,,,,,,,,,,,,,,,,,,,,,,,,,,,,,100,0,100,0,100,0,100,0,100,0,79,21,100,0,100,0,98,5299,21,21,,,,,100,0,100,0,200,0,,,,,,,,,,,,,,,,,,,,,,,,,,,100,27421,100,46131935728,100,138013933672,,,,,,,,,,
2019-03-21,Z305D6FW,ST4000DM000,4000787030016,0,116,117378856,,,92,0,100,8,100,0,86,438342587,,,69,27547,100,0,,,100,7,,,,,,,,,,,,,,,,,,,,,,,,,,,,,,,100,0,100,0,100,0,100,0,100,0,79,21,100,0,100,0,98,5299,21,21,,,,,100,0,100,0,200,0,,,,,,,,,,,,,,,,,,,,,,,,,,,100,27445,100,46154085048,100,138155678362,,,,,,,,,,
2019-03-22,Z305D6FW,ST4000DM000,4000787030016,0,118,196970736,,,92,0,100,8,100,0,86,439334559,,,69,27571,100,0,,,100,7,,,,,,,,,,,,,,,,,,,,,,,,,,,,,,,100,0,100,0,100,0,100,0,100,0,79,21,100,0,100,0,98,5299,21,21,,,,,100,0,100,0,200,0,,,,,,,,,,,,,,,,,,,,,,,,,,,100,27469,100,46164665568,100,138293946151,,,,,,,,,,
2019-03-23,Z305D6FW,ST4000DM000,4000787030016,0,119,217789728,,,92,0,100,8,100,0,86,440956312,,,69,27594,100,0,,,100,7,,,,,,,,,,,,,,,,,,,,,,,,,,,,,,,100,0,100,0,100,0,100,0,100,0,80,20,100,0,100,0,98,5299,20,20,,,,,100,0,100,0,200,0,,,,,,,,,,,,,,,,,,,,,,,,,,,100,27493,100,46181679400,100,138371306302,,,,,,,,,,
2019-03-24,Z305D6FW,ST4000DM000,4000787030016,0,119,204842800,,,92,0,100,8,100,0,86,442014891,,,69,27618,100,0,,,100,7,,,,,,,,,,,,,,,,,,,,,,,,,,,,,,,100,0,100,0,100,0,100,0,100,0,80,20,100,0,100,0,98,5299,20,20,,,,,100,0,100,0,200,0,,,,,,,,,,,,,,,,,,,,,,,,,,,100,27516,100,46203917800,100,138476781703,,,,,,,,,,
2019-03-25,Z305D6FW,ST4000DM000,4000787030016,0,120,239910656,,,92,0,100,8,100,0,86,442994311,,,69,27642,100,0,,,100,7,,,,,,,,,,,,,,,,,,,,,,,,,,,,,,,100,0,100,0,100,0,100,0,100,0,80,20,100,0,100,0,98,5299,20,20,,,,,100,0,100,0,200,0,,,,,,,,,,,,,,,,,,,,,,,,,,,100,27540,100,46230385256,100,138561762119,,,,,,,,,,
2019-03-26,Z305D6FW,ST4000DM000,4000787030016,0,120,237258360,,,92,0,100,8,100,0,86,444565636,,,69,27666,100,0,,,100,7,,,,,,,,,,,,,,,,,,,,,,,,,,,,,,,100,0,100,0,100,0,100,0,100,0,79,21,100,0,100,0,98,5299,21,21,,,,,100,0,100,0,200,0,,,,,,,,,,,,,,,,,,,,,,,,,,,100,27564,100,46256761472,100,138639376569,,,,,,,,,,
2019-03-27,Z305D6FW,ST4000DM000,4000787030016,0,115,94005216,,,92,0,100,8,100,0,86,445452093,,,69,27689,100,0,,,100,7,,,,,,,,,,,,,,,,,,,,,,,,,,,,,,,100,0,100,0,100,0,100,0,100,0,80,20,100,0,100,0,98,5299,20,20,,,,,100,0,100,0,200,0,,,,,,,,,,,,,,,,,,,,,,,,,,,100,27588,100,46270156624,100,138757474815,,,,,,,,,,
2019-03-28,Z305D6FW,ST4000DM000,4000787030016,0,115,90053864,,,92,0,100,8,100,0,86,446406657,,,69,27713,100,0,,,100,7,,,,,,,,,,,,,,,,,,,,,,,,,,,,,,,100,0,100,0,100,0,100,0,100,0,79,21,100,0,100,0,98,5299,21,21,,,,,100,0,100,0,200,0,,,,,,,,,,,,,,,,,,,,,,,,,,,100,27611,100,46280286864,100,138873382192,,,,,,,,,,
2019-03-29,Z305D6FW,ST4000DM000,4000787030016,0,117,147373872,,,92,0,100,8,100,0,86,448634516,,,69,27737,100,0,,,100,7,,,,,,,,,,,,,,,,,,,,,,,,,,,,,,,100,0,100,0,100,0,100,0,100,0,79,21,100,0,100,0,98,5299,21,21,,,,,100,0,100,0,200,0,,,,,,,,,,,,,,,,,,,,,,,,,,,100,27635,100,46297698408,100,138992308449,,,,,,,,,,
2019-03-30,Z305D6FW,ST4000DM000,4000787030016,0,119,215734184,,,92,0,100,8,100,0,86,450643475,,,69,27760,100,0,,,100,7,,,,,,,,,,,,,,,,,,,,,,,,,,,,,,,100,0,100,0,100,0,100,0,100,0,80,20,100,0,100,0,98,5299,20,20,,,,,100,0,100,0,200,0,,,,,,,,,,,,,,,,,,,,,,,,,,,100,27658,100,46316818728,100,139114682155,,,,,,,,,,
2019-03-31,Z305D6FW,ST4000DM000,4000787030016,0,106,12078608,,,92,0,100,8,100,0,86,451284806,,,69,27784,100,0,,,100,7,,,,,,,,,,,,,,,,,,,,,,,,,,,,,,,100,0,100,0,100,0,100,0,100,0,79,21,100,0,100,0,98,5299,21,21,,,,,100,0,100,0,200,0,,,,,,,,,,,,,,,,,,,,,,,,,,,100,27682,100,46337387208,100,139172546764,,,,,,,,,,
2019-04-01,Z305D6FW,ST4000DM000,4000787030016,0,114,80070240,,,92,0,100,8,100,0,86,451974358,,,69,27807,100,0,,,100,7,,,,,,,,,,,,,,,,,,,,,,,,,,,,,,,100,0,100,0,100,0,100,0,100,0,80,20,100,0,100,0,98,5299,20,20,,,,,100,0,100,0,200,0,,,,,,,,,,,,,,,,,,,,,,,,,,,100,27706,100,46359772192,100,139237979641,,,,,,,,,,
2019-04-02,Z305D6FW,ST4000DM000,4000787030016,0,111,37703032,,,92,0,100,8,100,0,86,453529915,,,69,27831,100,0,,,100,7,,,,,,,,,,,,,,,,,,,,,,,,,,,,,,,100,0,100,0,100,0,100,0,100,0,79,21,100,0,100,0,98,5299,21,21,,,,,100,0,100,0,200,0,,,,,,,,,,,,,,,,,,,,,,,,,,,100,27729,100,46395137352,100,139287948346,,,,,,,,,,
2019-04-03,Z305D6FW,ST4000DM000,4000787030016,0,113,54373568,,,92,0,100,8,100,0,86,453960312,,,69,27855,100,0,,,100,7,,,,,,,,,,,,,,,,,,,,,,,,,,,,,,,100,0,100,0,100,0,100,0,100,0,80,20,100,0,100,0,98,5299,20,20,,,,,100,0,100,0,200,0,,,,,,,,,,,,,,,,,,,,,,,,,,,100,27753,100,46404683640,100,139321103022,,,,,,,,,,
2019-04-04,Z305D6FW,ST4000DM000,4000787030016,0,106,12150816,,,92,0,100,8,100,0,86,455058271,,,69,27890,100,0,,,100,7,,,,,,,,,,,,,,,,,,,,,,,,,,,,,,,100,0,100,0,100,0,100,0,100,0,79,21,100,0,100,0,98,5299,21,21,,,,,100,0,100,0,200,0,,,,,,,,,,,,,,,,,,,,,,,,,,,100,27789,100,46428786384,100,139465565121,,,,,,,,,,
2019-04-05,Z305D6FW,ST4000DM000,4000787030016,0,118,185672496,,,92,0,100,8,100,0,86,457309640,,,69,27914,100,0,,,100,7,,,,,,,,,,,,,,,,,,,,,,,,,,,,,,,100,0,100,0,100,0,100,0,100,0,79,21,100,0,100,0,98,5299,21,21,,,,,100,0,100,0,200,0,,,,,,,,,,,,,,,,,,,,,,,,,,,100,27812,100,46442486536,100,139604759201,,,,,,,,,,
2019-04-06,Z305D6FW,ST4000DM000,4000787030016,0,119,211066640,,,92,0,100,8,100,0,86,459351793,,,69,27938,100,0,,,100,7,,,,,,,,,,,,,,,,,,,,,,,,,,,,,,,100,0,100,0,100,0,100,0,100,0,79,21,100,0,100,0,98,5299,21,21,,,,,100,0,100,0,200,0,,,,,,,,,,,,,,,,,,,,,,,,,,,100,27836,100,46463908432,100,139707494142,,,,,,,,,,
2019-04-07,Z305D6FW,ST4000DM000,4000787030016,0,116,106516552,,,92,0,100,8,100,0,86,461064203,,,69,27961,100,0,,,100,7,,,,,,,,,,,,,,,,,,,,,,,,,,,,,,,100,0,100,0,100,0,100,0,100,0,80,20,100,0,100,0,98,5299,20,20,,,,,100,0,100,0,200,0,,,,,,,,,,,,,,,,,,,,,,,,,,,100,27860,100,46474674136,100,139855256658,,,,,,,,,,
2019-04-08,Z305D6FW,ST4000DM000,4000787030016,0,111,37879664,,,92,0,100,8,100,0,86,462915215,,,69,27985,100,0,,,100,7,,,,,,,,,,,,,,,,,,,,,,,,,,,,,,,100,0,100,0,100,0,100,0,100,0,80,20,100,0,100,0,98,5299,20,20,,,,,100,0,100,0,200,0,,,,,,,,,,,,,,,,,,,,,,,,,,,100,27883,100,46491643472,100,139946404409,,,,,,,,,,
2019-04-09,Z305D6FW,ST4000DM000,4000787030016,0,117,148287240,,,92,0,100,8,100,0,86,463639931,,,69,28009,100,0,,,100,7,,,,,,,,,,,,,,,,,,,,,,,,,,,,,,,100,0,100,0,100,0,100,0,100,0,79,21,100,0,100,0,98,5299,21,21,,,,,100,0,100,0,200,0,,,,,,,,,,,,,,,,,,,,,,,,,,,100,27907,100,46501817024,100,140077802216,,,,,,,,,,
2019-04-10,Z305D6FW,ST4000DM000,4000787030016,0,117,140120520,,,92,0,100,8,100,0,86,465729990,,,68,28033,100,0,,,100,7,,,,,,,,,,,,,,,,,,,,,,,,,,,,,,,100,0,100,0,100,0,100,0,100,0,80,20,100,0,100,0,98,5299,20,20,,,,,100,0,100,0,200,0,,,,,,,,,,,,,,,,,,,,,,,,,,,100,27931,100,46583264144,100,140254084089,,,,,,,,,,
2019-04-11,Z305D6FW,ST4000DM000,4000787030016,0,117,125623056,,,92,0,100,8,100,0,86,466145482,,,68,28045,100,0,,,100,7,,,,,,,,,,,,,,,,,,,,,,,,,,,,,,,100,0,100,0,100,0,100,0,100,0,79,21,100,0,100,0,98,5299,21,21,,,,,100,0,100,0,200,0,,,,,,,,,,,,,,,,,,,,,,,,,,,100,27943,100,46607096640,100,140353580603,,,,,,,,,,
2019-04-12,Z305D6FW,ST4000DM000,4000787030016,0,111,34402432,,,92,0,100,8,100,0,86,467016415,,,68,28069,100,0,,,100,7,,,,,,,,,,,,,,,,,,,,,,,,,,,,,,,100,0,100,0,100,0,100,0,100,0,79,21,100,0,100,0,98,5299,21,21,,,,,100,0,100,0,200,0,,,,,,,,,,,,,,,,,,,,,,,,,,,100,27967,100,46623217032,100,140577594622,,,,,,,,,,
2019-04-13,Z305D6FW,ST4000DM000,4000787030016,0,108,16456344,,,92,0,100,8,100,0,86,468428208,,,68,28092,100,0,,,100,7,,,,,,,,,,,,,,,,,,,,,,,,,,,,,,,100,0,100,0,100,0,100,0,100,0,79,21,100,0,100,0,98,5299,21,21,,,,,100,0,100,0,200,0,,,,,,,,,,,,,,,,,,,,,,,,,,,100,27991,100,46638548112,100,140745752854,,,,,,,,,,
2019-04-14,Z305D6FW,ST4000DM000,4000787030016,0,118,176284328,,,92,0,100,8,100,0,86,469175705,,,68,28116,100,0,,,100,7,,,,,,,,,,,,,,,,,,,,,,,,,,,,,,,100,0,100,0,100,0,100,0,100,0,79,21,100,0,100,0,98,5299,21,21,,,,,100,0,100,0,200,0,,,,,,,,,,,,,,,,,,,,,,,,,,,100,28014,100,46648317224,100,140915081009,,,,,,,,,,
2019-04-15,Z305D6FW,ST4000DM000,4000787030016,0,115,95247168,,,92,0,100,8,100,0,86,469748725,,,68,28140,100,0,,,100,7,,,,,,,,,,,,,,,,,,,,,,,,,,,,,,,100,0,100,0,100,0,100,0,100,0,79,21,100,0,100,0,98,5299,21,21,,,,,100,0,100,0,200,0,,,,,,,,,,,,,,,,,,,,,,,,,,,100,28038,100,46659702472,100,141099174396,,,,,,,,,,
2019-04-16,Z305D6FW,ST4000DM000,4000787030016,0,117,161785776,,,92,0,100,8,100,0,87,471224290,,,68,28164,100,0,,,100,7,,,,,,,,,,,,,,,,,,,,,,,,,,,,,,,100,0,100,0,100,0,100,0,100,0,79,21,100,0,100,0,98,5299,21,21,,,,,100,0,100,0,200,0,,,,,,,,,,,,,,,,,,,,,,,,,,,100,28062,100,46675418384,100,141224669639,,,,,,,,,,
2019-04-17,Z305D6FW,ST4000DM000,4000787030016,0,116,104010024,,,92,0,100,8,100,0,87,472537975,,,68,28200,100,0,,,100,7,,,,,,,,,,,,,,,,,,,,,,,,,,,,,,,100,0,100,0,100,0,100,0,100,0,79,21,100,0,100,0,98,5299,21,21,,,,,100,0,100,0,200,0,,,,,,,,,,,,,,,,,,,,,,,,,,,100,28098,100,46692675928,100,141482589083,,,,,,,,,,
2019-04-18,Z305D6FW,ST4000DM000,4000787030016,0,111,34646384,,,92,0,100,8,100,0,87,473444788,,,68,28224,100,0,,,100,7,,,,,,,,,,,,,,,,,,,,,,,,,,,,,,,100,0,100,0,100,0,100,0,100,0,78,22,100,0,100,0,98,5299,22,22,,,,,100,0,100,0,200,0,,,,,,,,,,,,,,,,,,,,,,,,,,,100,28122,100,46706016032,100,141650653507,,,,,,,,,,
2019-04-19,Z305D6FW,ST4000DM000,4000787030016,0,111,34024552,,,92,0,100,8,100,0,87,474917931,,,68,28247,100,0,,,100,7,,,,,,,,,,,,,,,,,,,,,,,,,,,,,,,100,0,100,0,100,0,100,0,100,0,79,21,100,0,100,0,98,5299,21,21,,,,,100,0,100,0,200,0,,,,,,,,,,,,,,,,,,,,,,,,,,,100,28146,100,46723612632,100,141834633583,,,,,,,,,,
2019-04-20,Z305D6FW,ST4000DM000,4000787030016,0,117,155150952,,,92,0,100,8,100,0,87,477181062,,,68,28271,100,0,,,100,7,,,,,,,,,,,,,,,,,,,,,,,,,,,,,,,100,0,100,0,100,0,100,0,100,0,78,22,100,0,100,0,98,5299,22,22,,,,,100,0,100,0,200,0,,,,,,,,,,,,,,,,,,,,,,,,,,,100,28169,100,46740257784,100,142007406110,,,,,,,,,,
2019-04-21,Z305D6FW,ST4000DM000,4000787030016,0,114,74784568,,,92,0,100,8,100,0,87,478301679,,,68,28295,100,0,,,100,7,,,,,,,,,,,,,,,,,,,,,,,,,,,,,,,100,0,100,0,100,0,100,0,100,0,78,22,100,0,100,0,98,5299,22,22,,,,,100,0,100,0,200,0,,,,,,,,,,,,,,,,,,,,,,,,,,,100,28193,100,46754540096,100,142160092621,,,,,,,,,,
2019-04-22,Z305D6FW,ST4000DM000,4000787030016,0,116,107111808,,,92,0,100,8,100,0,87,480206310,,,68,28319,100,0,,,100,7,,,,,,,,,,,,,,,,,,,,,,,,,,,,,,,100,0,100,0,100,0,100,0,100,0,78,22,100,0,100,0,98,5299,22,22,,,,,100,0,100,0,200,0,,,,,,,,,,,,,,,,,,,,,,,,,,,100,28217,100,46775027560,100,142281083272,,,,,,,,,,
2019-04-23,Z305D6FW,ST4000DM000,4000787030016,0,101,3586568,,,92,0,100,8,100,0,87,481121083,,,68,28343,100,0,,,100,7,,,,,,,,,,,,,,,,,,,,,,,,,,,,,,,100,0,100,0,100,0,100,0,100,0,78,22,100,0,100,0,98,5299,22,22,,,,,100,0,100,0,200,0,,,,,,,,,,,,,,,,,,,,,,,,,,,100,28241,100,46785094488,100,142415437963,,,,,,,,,,
2019-04-24,Z305D6FW,ST4000DM000,4000787030016,0,111,36154624,,,92,0,100,8,100,0,87,482040702,,,68,28367,100,0,,,100,7,,,,,,,,,,,,,,,,,,,,,,,,,,,,,,,100,0,100,0,100,0,100,0,100,0,79,21,100,0,100,0,98,5299,21,21,,,,,100,0,100,0,200,0,,,,,,,,,,,,,,,,,,,,,,,,,,,100,28265,100,46815958936,100,142534877184,,,,,,,,,,
2019-04-25,Z305D6FW,ST4000DM000,4000787030016,0,115,96553328,,,92,0,100,8,100,0,87,484176720,,,68,28391,100,0,,,100,7,,,,,,,,,,,,,,,,,,,,,,,,,,,,,,,100,0,100,0,100,0,100,0,100,0,79,21,100,0,100,0,98,5299,21,21,,,,,100,0,100,0,200,0,,,,,,,,,,,,,,,,,,,,,,,,,,,100,28289,100,46832758904,100,142648017063,,,,,,,,,,
2019-04-26,Z305D6FW,ST4000DM000,4000787030016,0,117,151278256,,,92,0,100,8,100,0,87,484939105,,,68,28414,100,0,,,100,7,,,,,,,,,,,,,,,,,,,,,,,,,,,,,,,100,0,100,0,100,0,100,0,100,0,78,22,100,0,100,0,98,5299,22,22,,,,,100,0,100,0,200,0,,,,,,,,,,,,,,,,,,,,,,,,,,,100,28312,100,46843917528,100,142756438601,,,,,,,,,,
2019-04-27,Z305D6FW,ST4000DM000,4000787030016,0,118,176273688,,,92,0,100,8,100,0,87,487022260,,,68,28437,100,0,,,100,7,,,,,,,,,,,,,,,,,,,,,,,,,,,,,,,100,0,100,0,100,0,100,0,100,0,79,21,100,0,100,0,98,5299,21,21,,,,,100,0,100,0,200,0,,,,,,,,,,,,,,,,,,,,,,,,,,,100,28336,100,46857576504,100,142905916445,,,,,,,,,,
2019-04-28,Z305D6FW,ST4000DM000,4000787030016,0,114,58930992,,,92,0,100,8,100,0,87,488057375,,,68,28461,100,0,,,100,7,,,,,,,,,,,,,,,,,,,,,,,,,,,,,,,100,0,100,0,100,0,100,0,100,0,78,22,100,0,100,0,98,5299,22,22,,,,,100,0,100,0,200,0,,,,,,,,,,,,,,,,,,,,,,,,,,,100,28359,100,46866425904,100,143049740668,,,,,,,,,,
2019-04-29,Z305D6FW,ST4000DM000,-1,0,,,,,,,,,,,,,,,,,,,,,,,,,,,,,,,,,,,,,,,,,,,,,,,,,,,,,,,,,,,,,,,,,,,,,,,,,,,,,,,,,,,,,,,,,,,,,,,,,,,,,,,,,,,,,,,,,,,,,,,,,,,,
2019-04-30,Z305D6FW,ST4000DM000,4000787030016,0,117,147228016,,,92,0,100,9,100,0,87,489067577,,,68,28500,100,0,,,100,8,,,,,,,,,,,,,,,,,,,,,,,,,,,,,,,100,0,100,0,100,0,100,0,100,0,78,22,100,0,100,0,98,5301,22,22,,,,,100,0,100,0,200,0,,,,,,,,,,,,,,,,,,,,,,,,,,,100,28399,100,46880845344,100,143186935604,,,,,,,,,,
2019-05-01,Z305D6FW,ST4000DM000,4000787030016,0,119,207430192,,,92,0,100,9,100,0,87,489715148,,,68,28524,100,0,,,100,8,,,,,,,,,,,,,,,,,,,,,,,,,,,,,,,100,0,100,0,100,0,100,0,100,0,78,22,100,0,100,0,98,5301,22,22,,,,,100,0,100,0,200,0,,,,,,,,,,,,,,,,,,,,,,,,,,,100,28422,100,46888374552,100,143261697751,,,,,,,,,,
2019-05-02,Z305D6FW,ST4000DM000,4000787030016,0,117,136389480,,,92,0,100,9,100,0,87,490634579,,,68,28548,100,0,,,100,8,,,,,,,,,,,,,,,,,,,,,,,,,,,,,,,100,0,100,0,100,0,100,0,100,0,78,22,100,0,100,0,98,5301,22,22,,,,,100,0,100,0,200,0,,,,,,,,,,,,,,,,,,,,,,,,,,,100,28446,100,46901111536,100,143383413781,,,,,,,,,,
2019-05-03,Z305D6FW,ST4000DM000,4000787030016,0,117,125682624,,,92,0,100,9,100,0,87,491702542,,,68,28572,100,0,,,100,8,,,,,,,,,,,,,,,,,,,,,,,,,,,,,,,100,0,100,0,100,0,100,0,100,0,77,23,100,0,100,0,98,5301,23,23,,,,,100,0,100,0,200,0,,,,,,,,,,,,,,,,,,,,,,,,,,,100,28470,100,46913986384,100,143532088137,,,,,,,,,,
2019-05-04,Z305D6FW,ST4000DM000,4000787030016,0,109,22882712,,,92,0,100,9,100,0,87,493849513,,,68,28595,100,0,,,100,8,,,,,,,,,,,,,,,,,,,,,,,,,,,,,,,100,0,100,0,100,0,100,0,100,0,78,22,100,0,100,0,98,5301,22,22,,,,,100,0,100,0,200,0,,,,,,,,,,,,,,,,,,,,,,,,,,,100,28494,100,46936677512,100,143669384006,,,,,,,,,,
2019-05-05,Z305D6FW,ST4000DM000,4000787030016,0,113,54188712,,,92,0,100,9,100,0,87,495612175,,,68,28631,100,0,,,100,8,,,,,,,,,,,,,,,,,,,,,,,,,,,,,,,100,0,100,0,100,0,100,0,100,0,78,22,100,0,100,0,98,5301,22,22,,,,,100,0,100,0,200,0,,,,,,,,,,,,,,,,,,,,,,,,,,,100,28529,100,46976800856,100,143849059998,,,,,,,,,,
2019-05-06,Z305D6FW,ST4000DM000,4000787030016,0,117,145116608,,,92,0,100,9,100,0,87,497476821,,,68,28655,100,0,,,100,8,,,,,,,,,,,,,,,,,,,,,,,,,,,,,,,100,0,100,0,100,0,100,0,100,0,78,22,100,0,100,0,98,5301,22,22,,,,,100,0,100,0,200,0,,,,,,,,,,,,,,,,,,,,,,,,,,,100,28553,100,47002297552,100,143976762328,,,,,,,,,,
2019-05-07,Z305D6FW,ST4000DM000,4000787030016,0,119,203832248,,,92,0,100,9,100,0,87,498253026,,,68,28679,100,0,,,100,8,,,,,,,,,,,,,,,,,,,,,,,,,,,,,,,100,0,100,0,100,0,100,0,100,0,78,22,100,0,100,0,98,5301,22,22,,,,,100,0,100,0,200,0,,,,,,,,,,,,,,,,,,,,,,,,,,,100,28577,100,47017445120,100,144033993086,,,,,,,,,,
2019-05-08,Z305D6FW,ST4000DM000,4000787030016,0,118,168735760,,,92,0,100,9,100,0,87,499099920,,,68,28702,100,0,,,100,8,,,,,,,,,,,,,,,,,,,,,,,,,,,,,,,100,0,100,0,100,0,100,0,100,0,78,22,100,0,100,0,98,5301,22,22,,,,,100,0,100,0,200,0,,,,,,,,,,,,,,,,,,,,,,,,,,,100,28601,100,47032422592,100,144116878052,,,,,,,,,,
2019-05-09,Z305D6FW,ST4000DM000,4000787030016,0,118,191186424,,,92,0,100,9,100,0,87,500122032,,,68,28726,100,0,,,100,8,,,,,,,,,,,,,,,,,,,,,,,,,,,,,,,100,0,100,0,100,0,100,0,100,0,79,21,100,0,100,0,98,5301,21,21,,,,,100,0,100,0,200,0,,,,,,,,,,,,,,,,,,,,,,,,,,,100,28624,100,47044081416,100,144231473249,,,,,,,,,,
2019-05-10,Z305D6FW,ST4000DM000,4000787030016,0,119,218224936,,,92,0,100,9,100,0,87,502648267,,,68,28750,100,0,,,100,8,,,,,,,,,,,,,,,,,,,,,,,,,,,,,,,100,0,100,0,100,0,100,0,100,0,78,22,100,0,100,0,98,5301,22,22,,,,,100,0,100,0,200,0,,,,,,,,,,,,,,,,,,,,,,,,,,,100,28648,100,47064456704,100,144331866133,,,,,,,,,,
2019-05-11,Z305D6FW,ST4000DM000,4000787030016,0,110,26307240,,,92,0,100,9,100,0,87,504455017,,,68,28773,100,0,,,100,8,,,,,,,,,,,,,,,,,,,,,,,,,,,,,,,100,0,100,0,100,0,100,0,100,0,79,21,100,0,100,0,98,5301,21,21,,,,,100,0,100,0,200,0,,,,,,,,,,,,,,,,,,,,,,,,,,,100,28672,100,47080973320,100,144447054790,,,,,,,,,,
2019-05-12,Z305D6FW,ST4000DM000,4000787030016,0,116,115569464,,,92,0,100,9,100,0,87,505284105,,,68,28797,100,0,,,100,8,,,,,,,,,,,,,,,,,,,,,,,,,,,,,,,100,0,100,0,100,0,100,0,100,0,78,22,100,0,100,0,98,5301,22,22,,,,,100,0,100,0,200,0,,,,,,,,,,,,,,,,,,,,,,,,,,,100,28695,100,47093350952,100,144547409727,,,,,,,,,,
2019-05-13,Z305D6FW,ST4000DM000,4000787030016,0,120,241582440,,,92,0,100,9,100,0,87,506737214,,,68,28821,100,0,,,100,8,,,,,,,,,,,,,,,,,,,,,,,,,,,,,,,100,0,100,0,100,0,100,0,100,0,78,22,100,0,100,0,98,5301,22,22,,,,,100,0,100,0,200,0,,,,,,,,,,,,,,,,,,,,,,,,,,,100,28719,100,47103877560,100,144653099100,,,,,,,,,,
2019-05-14,Z305D6FW,ST4000DM000,4000787030016,0,112,46451456,,,92,0,100,9,100,0,87,507934243,,,68,28845,100,0,,,100,8,,,,,,,,,,,,,,,,,,,,,,,,,,,,,,,100,0,100,0,100,0,100,0,100,0,79,21,100,0,100,0,98,5301,21,21,,,,,100,0,100,0,200,0,,,,,,,,,,,,,,,,,,,,,,,,,,,100,28743,100,47114626376,100,149045050780,,,,,,,,,,
2019-05-15,Z305D6FW,ST4000DM000,4000787030016,0,118,179386936,,,92,0,100,9,100,0,87,508580485,,,68,28869,100,0,,,100,8,,,,,,,,,,,,,,,,,,,,,,,,,,,,,,,100,0,100,0,100,0,100,0,100,0,78,22,100,0,100,0,98,5301,22,22,,,,,100,0,100,0,200,0,,,,,,,,,,,,,,,,,,,,,,,,,,,100,28767,100,47127336944,100,149100645695,,,,,,,,,,
2019-05-16,Z305D6FW,ST4000DM000,4000787030016,0,116,104868752,,,92,0,100,9,100,0,87,509160874,,,68,28892,100,0,,,100,8,,,,,,,,,,,,,,,,,,,,,,,,,,,,,,,100,0,100,0,100,0,100,0,100,0,79,21,100,0,100,0,98,5301,21,21,,,,,100,0,100,0,200,0,,,,,,,,,,,,,,,,,,,,,,,,,,,100,28791,100,47136010192,100,149176213421,,,,,,,,,,
2019-05-17,Z305D6FW,ST4000DM000,4000787030016,0,120,238893696,,,92,0,100,9,100,0,87,509649706,,,67,28916,100,0,,,100,8,,,,,,,,,,,,,,,,,,,,,,,,,,,,,,,100,0,100,0,100,0,100,0,100,0,79,21,100,0,100,0,98,5301,21,21,,,,,100,0,100,0,200,0,,,,,,,,,,,,,,,,,,,,,,,,,,,100,28814,100,47144534872,100,149212931175,,,,,,,,,,
2019-05-18,Z305D6FW,ST4000DM000,4000787030016,0,114,60617912,,,92,0,100,9,100,0,87,511217690,,,67,28940,100,0,,,100,8,,,,,,,,,,,,,,,,,,,,,,,,,,,,,,,100,0,100,0,100,0,100,0,100,0,78,22,100,0,100,0,98,5301,22,22,,,,,100,0,100,0,200,0,,,,,,,,,,,,,,,,,,,,,,,,,,,100,28838,100,47163393336,100,149267557250,,,,,,,,,,
2019-05-19,Z305D6FW,ST4000DM000,4000787030016,0,117,130747920,,,92,0,100,9,100,0,87,511981085,,,67,28964,100,0,,,100,8,,,,,,,,,,,,,,,,,,,,,,,,,,,,,,,100,0,100,0,100,0,100,0,100,0,78,22,100,0,100,0,98,5301,22,22,,,,,100,0,100,0,200,0,,,,,,,,,,,,,,,,,,,,,,,,,,,100,28862,100,47182265768,100,149350643796,,,,,,,,,,
2019-05-20,Z305D6FW,ST4000DM000,4000787030016,0,117,160015656,,,92,0,100,9,100,0,87,513316296,,,67,28988,100,0,,,100,8,,,,,,,,,,,,,,,,,,,,,,,,,,,,,,,100,0,100,0,100,0,100,0,100,0,80,20,100,0,100,0,98,5301,20,20,,,,,100,0,100,0,200,0,,,,,,,,,,,,,,,,,,,,,,,,,,,100,28886,100,47191692216,100,149484879851,,,,,,,,,,
2019-05-21,Z305D6FW,ST4000DM000,4000787030016,0,116,111110176,,,92,0,100,9,100,0,87,514636037,,,67,29011,100,0,,,100,8,,,,,,,,,,,,,,,,,,,,,,,,,,,,,,,100,0,100,0,100,0,100,0,100,0,78,22,100,0,100,0,98,5301,22,22,,,,,100,0,100,0,200,0,,,,,,,,,,,,,,,,,,,,,,,,,,,100,28910,100,47206154528,100,149541735778,,,,,,,,,,
2019-05-22,Z305D6FW,ST4000DM000,4000787030016,0,111,39974232,,,92,0,100,9,100,0,87,516485495,,,67,29035,100,0,,,100,8,,,,,,,,,,,,,,,,,,,,,,,,,,,,,,,100,0,100,0,100,0,100,0,100,0,78,22,100,0,100,0,98,5301,22,22,,,,,100,0,100,0,200,0,,,,,,,,,,,,,,,,,,,,,,,,,,,100,28933,100,47221976168,100,149697313462,,,,,,,,,,
2019-05-23,Z305D6FW,ST4000DM000,4000787030016,0,114,66065200,,,92,0,100,9,100,0,87,517826240,,,67,29059,100,0,,,100,8,,,,,,,,,,,,,,,,,,,,,,,,,,,,,,,100,0,100,0,100,0,100,0,100,0,79,21,100,0,100,0,98,5301,21,21,,,,,100,0,100,0,200,0,,,,,,,,,,,,,,,,,,,,,,,,,,,100,28957,100,47235158952,100,149825750439,,,,,,,,,,
2019-05-24,Z305D6FW,ST4000DM000,4000787030016,0,116,110990344,,,92,0,100,9,100,0,87,518490258,,,67,29083,100,0,,,100,8,,,,,,,,,,,,,,,,,,,,,,,,,,,,,,,100,0,100,0,100,0,100,0,100,0,78,22,100,0,100,0,98,5301,22,22,,,,,100,0,100,0,200,0,,,,,,,,,,,,,,,,,,,,,,,,,,,100,28981,100,47244769056,100,149945723589,,,,,,,,,,
2019-05-25,Z305D6FW,ST4000DM000,4000787030016,0,116,111437960,,,92,0,100,9,100,0,87,521812159,,,67,29106,100,0,,,100,8,,,,,,,,,,,,,,,,,,,,,,,,,,,,,,,100,0,100,0,100,0,100,0,100,0,78,22,100,0,100,0,98,5301,22,22,,,,,100,0,100,0,200,0,,,,,,,,,,,,,,,,,,,,,,,,,,,100,29005,100,47264388448,100,150102108315,,,,,,,,,,
2019-05-26,Z305D6FW,ST4000DM000,4000787030016,0,114,77220792,,,92,0,100,9,100,0,87,522390611,,,67,29130,100,0,,,100,8,,,,,,,,,,,,,,,,,,,,,,,,,,,,,,,100,0,100,0,100,0,100,0,100,0,78,22,100,0,100,0,98,5301,22,22,,,,,100,0,100,0,200,0,,,,,,,,,,,,,,,,,,,,,,,,,,,100,29028,100,47276739752,100,150292505494,,,,,,,,,,
2019-05-27,Z305D6FW,ST4000DM000,4000787030016,0,109,21226400,,,92,0,100,9,100,0,87,523130293,,,67,29154,100,0,,,100,8,,,,,,,,,,,,,,,,,,,,,,,,,,,,,,,100,0,100,0,100,0,100,0,100,0,78,22,100,0,100,0,98,5301,22,22,,,,,100,0,100,0,200,0,,,,,,,,,,,,,,,,,,,,,,,,,,,100,29052,100,47287417096,100,150426697870,,,,,,,,,,
2019-05-28,Z305D6FW,ST4000DM000,4000787030016,0,117,148855384,,,92,0,100,9,100,0,87,524435229,,,67,29178,100,0,,,100,8,,,,,,,,,,,,,,,,,,,,,,,,,,,,,,,100,0,100,0,100,0,100,0,100,0,79,21,100,0,100,0,98,5301,21,21,,,,,100,0,100,0,200,0,,,,,,,,,,,,,,,,,,,,,,,,,,,100,29076,100,47305674584,100,150571976877,,,,,,,,,,
2019-05-29,Z305D6FW,ST4000DM000,4000787030016,0,114,81797440,,,92,0,100,9,100,0,87,525321718,,,67,29202,100,0,,,100,8,,,,,,,,,,,,,,,,,,,,,,,,,,,,,,,100,0,100,0,100,0,100,0,100,0,78,22,100,0,100,0,98,5301,22,22,,,,,100,0,100,0,200,0,,,,,,,,,,,,,,,,,,,,,,,,,,,100,29100,100,47318407480,100,150757879124,,,,,,,,,,
2019-05-30,Z305D6FW,ST4000DM000,4000787030016,0,112,44525112,,,92,0,100,9,100,0,87,525853080,,,67,29225,100,0,,,100,8,,,,,,,,,,,,,,,,,,,,,,,,,,,,,,,100,0,100,0,100,0,100,0,100,0,78,22,100,0,100,0,98,5301,22,22,,,,,100,0,100,0,200,0,,,,,,,,,,,,,,,,,,,,,,,,,,,100,29124,100,47333541168,100,150929256044,,,,,,,,,,
2019-05-31,Z305D6FW,ST4000DM000,4000787030016,0,118,189430888,,,92,0,100,9,100,0,87,526765693,,,67,29249,100,0,,,100,8,,,,,,,,,,,,,,,,,,,,,,,,,,,,,,,100,0,100,0,100,0,100,0,100,0,78,22,100,0,100,0,98,5301,22,22,,,,,100,0,100,0,200,0,,,,,,,,,,,,,,,,,,,,,,,,,,,100,29147,100,47349662432,100,151103851320,,,,,,,,,,
2019-06-01,Z305D6FW,ST4000DM000,4000787030016,0,116,108028456,,,92,0,100,9,100,0,87,528768685,,,67,29273,100,0,,,100,8,,,,,,,,,,,,,,,,,,,,,,,,,,,,,,,100,0,100,0,100,0,100,0,100,0,78,22,100,0,100,0,98,5301,22,22,,,,,100,0,100,0,200,0,,,,,,,,,,,,,,,,,,,,,,,,,,,100,29171,100,47362880496,100,151294658303,,,,,,,,,,
2019-06-02,Z305D6FW,ST4000DM000,4000787030016,0,116,111450248,,,92,0,100,9,100,0,87,530118734,,,67,29297,100,0,,,100,8,,,,,,,,,,,,,,,,,,,,,,,,,,,,,,,100,0,100,0,100,0,100,0,100,0,79,21,100,0,100,0,98,5301,21,21,,,,,100,0,100,0,200,0,,,,,,,,,,,,,,,,,,,,,,,,,,,100,29195,100,47379224880,100,151497526685,,,,,,,,,,
2019-06-03,Z305D6FW,ST4000DM000,4000787030016,0,115,97358864,,,92,0,100,9,100,0,87,531693707,,,67,29320,100,0,,,100,8,,,,,,,,,,,,,,,,,,,,,,,,,,,,,,,100,0,100,0,100,0,100,0,100,0,79,21,100,0,100,0,98,5301,21,21,,,,,100,0,100,0,200,0,,,,,,,,,,,,,,,,,,,,,,,,,,,100,29219,100,47396076720,100,151661604377,,,,,,,,,,
2019-06-04,Z305D6FW,ST4000DM000,4000787030016,0,119,223304296,,,92,0,100,9,100,0,87,533529489,,,67,29344,100,0,,,100,8,,,,,,,,,,,,,,,,,,,,,,,,,,,,,,,100,0,100,0,100,0,100,0,100,0,78,22,100,0,100,0,98,5301,22,22,,,,,100,0,100,0,200,0,,,,,,,,,,,,,,,,,,,,,,,,,,,100,29243,100,47410811384,100,160393393552,,,,,,,,,,
2019-06-05,Z305D6FW,ST4000DM000,4000787030016,0,117,149337464,,,92,0,100,9,100,0,87,534927230,,,67,29368,100,0,,,100,8,,,,,,,,,,,,,,,,,,,,,,,,,,,,,,,100,0,100,0,100,0,100,0,100,0,79,21,100,0,100,0,98,5301,21,21,,,,,100,0,100,0,200,0,,,,,,,,,,,,,,,,,,,,,,,,,,,100,29266,100,47424131568,100,160546036358,,,,,,,,,,
2019-06-06,Z305D6FW,ST4000DM000,4000787030016,0,119,227281616,,,92,0,100,9,100,0,87,535760192,,,67,29392,100,0,,,100,8,,,,,,,,,,,,,,,,,,,,,,,,,,,,,,,100,0,100,0,100,0,100,0,100,0,79,21,100,0,100,0,98,5301,21,21,,,,,100,0,100,0,200,0,,,,,,,,,,,,,,,,,,,,,,,,,,,100,29290,100,47445028720,100,160675632088,,,,,,,,,,
2019-06-07,Z305D6FW,ST4000DM000,4000787030016,0,117,143530840,,,92,0,100,9,100,0,87,536773013,,,67,29416,100,0,,,100,8,,,,,,,,,,,,,,,,,,,,,,,,,,,,,,,100,0,100,0,100,0,100,0,100,0,78,22,100,0,100,0,98,5301,22,22,,,,,100,0,100,0,200,0,,,,,,,,,,,,,,,,,,,,,,,,,,,100,29314,100,47460618008,100,160809801642,,,,,,,,,,
2019-06-08,Z305D6FW,ST4000DM000,4000787030016,0,116,107425704,,,92,0,100,9,100,0,87,539556931,,,67,29440,100,0,,,100,8,,,,,,,,,,,,,,,,,,,,,,,,,,,,,,,100,0,100,0,100,0,100,0,100,0,78,22,100,0,100,0,98,5301,22,22,,,,,100,0,100,0,200,0,,,,,,,,,,,,,,,,,,,,,,,,,,,100,29338,100,47477179488,100,160932122738,,,,,,,,,,
2019-06-09,Z305D6FW,ST4000DM000,4000787030016,0,118,176054472,,,92,0,100,9,100,0,87,540487473,,,67,29463,100,0,,,100,8,,,,,,,,,,,,,,,,,,,,,,,,,,,,,,,100,0,100,0,100,0,100,0,100,0,78,22,100,0,100,0,98,5301,22,22,,,,,100,0,100,0,200,0,,,,,,,,,,,,,,,,,,,,,,,,,,,100,29362,100,47491877416,100,161056989455,,,,,,,,,,
2019-06-10,Z305D6FW,ST4000DM000,4000787030016,0,115,86117640,,,92,0,100,9,100,0,87,541508474,,,67,29487,100,0,,,100,8,,,,,,,,,,,,,,,,,,,,,,,,,,,,,,,100,0,100,0,100,0,100,0,100,0,78,22,100,0,100,0,98,5301,22,22,,,,,100,0,100,0,200,0,,,,,,,,,,,,,,,,,,,,,,,,,,,100,29386,100,47504094416,100,161186941829,,,,,,,,,,
2019-06-11,Z305D6FW,ST4000DM000,4000787030016,0,117,151558624,,,92,0,100,9,100,0,87,543498392,,,67,29511,100,0,,,100,8,,,,,,,,,,,,,,,,,,,,,,,,,,,,,,,100,0,100,0,100,0,100,0,100,0,78,22,100,0,100,0,98,5301,22,22,,,,,100,0,100,0,200,0,,,,,,,,,,,,,,,,,,,,,,,,,,,100,29409,100,47519757208,100,161320117517,,,,,,,,,,
2019-06-12,Z305D6FW,ST4000DM000,4000787030016,0,119,206827680,,,92,0,100,9,100,0,87,544023650,,,67,29535,100,0,,,100,8,,,,,,,,,,,,,,,,,,,,,,,,,,,,,,,100,0,100,0,100,0,100,0,100,0,79,21,100,0,100,0,98,5301,21,21,,,,,100,0,100,0,200,0,,,,,,,,,,,,,,,,,,,,,,,,,,,100,29433,100,47532829232,100,161381984799,,,,,,,,,,
2019-06-13,Z305D6FW,ST4000DM000,4000787030016,0,119,204577784,,,92,0,100,9,100,0,87,544977658,,,67,29559,100,0,,,100,8,,,,,,,,,,,,,,,,,,,,,,,,,,,,,,,100,0,100,0,100,0,100,0,100,0,78,22,100,0,100,0,98,5301,22,22,,,,,100,0,100,0,200,0,,,,,,,,,,,,,,,,,,,,,,,,,,,100,29457,100,47548956736,100,161495900527,,,,,,,,,,
2019-06-14,Z305D6FW,ST4000DM000,4000787030016,0,119,222792632,,,92,0,100,9,100,0,87,545714315,,,67,29583,100,0,,,100,8,,,,,,,,,,,,,,,,,,,,,,,,,,,,,,,100,0,100,0,100,0,100,0,100,0,79,21,100,0,100,0,98,5301,21,21,,,,,100,0,100,0,200,0,,,,,,,,,,,,,,,,,,,,,,,,,,,100,29481,100,47565628064,100,161570137547,,,,,,,,,,
2019-06-15,Z305D6FW,ST4000DM000,4000787030016,0,119,217343384,,,92,0,100,9,100,0,87,547885021,,,67,29606,100,0,,,100,8,,,,,,,,,,,,,,,,,,,,,,,,,,,,,,,100,0,100,0,100,0,100,0,100,0,78,22,100,0,100,0,98,5301,22,22,,,,,100,0,100,0,200,0,,,,,,,,,,,,,,,,,,,,,,,,,,,100,29505,100,47585450816,100,166034118690,,,,,,,,,,
2019-06-16,Z305D6FW,ST4000DM000,4000787030016,0,109,25134328,,,92,0,100,9,100,0,87,549170070,,,67,29630,100,0,,,100,8,,,,,,,,,,,,,,,,,,,,,,,,,,,,,,,100,0,100,0,100,0,100,0,100,0,78,22,100,0,100,0,98,5301,22,22,,,,,100,0,100,0,200,0,,,,,,,,,,,,,,,,,,,,,,,,,,,100,29529,100,47598770208,100,170481190539,,,,,,,,,,
2019-06-17,Z305D6FW,ST4000DM000,4000787030016,0,102,3741480,,,92,0,100,9,100,0,87,550056427,,,67,29654,100,0,,,100,8,,,,,,,,,,,,,,,,,,,,,,,,,,,,,,,100,0,100,0,100,0,100,0,100,0,78,22,100,0,100,0,98,5301,22,22,,,,,100,0,100,0,200,0,,,,,,,,,,,,,,,,,,,,,,,,,,,100,29552,100,47607972552,100,170583241187,,,,,,,,,,
2019-06-18,Z305D6FW,ST4000DM000,4000787030016,0,112,42555312,,,92,0,100,9,100,0,87,551820352,,,67,29678,100,0,,,100,8,,,,,,,,,,,,,,,,,,,,,,,,,,,,,,,100,0,100,0,100,0,100,0,100,0,78,22,100,0,100,0,98,5301,22,22,,,,,100,0,100,0,200,0,,,,,,,,,,,,,,,,,,,,,,,,,,,100,29576,100,47620569160,100,170689417292,,,,,,,,,,
2019-06-19,Z305D6FW,ST4000DM000,4000787030016,0,118,179435104,,,92,0,100,9,100,0,87,554143973,,,67,29702,100,0,,,100,8,,,,,,,,,,,,,,,,,,,,,,,,,,,,,,,100,0,100,0,100,0,100,0,100,0,79,21,100,0,100,0,98,5301,21,21,,,,,100,0,100,0,200,0,,,,,,,,,,,,,,,,,,,,,,,,,,,100,29600,100,47634277232,100,170845669657,,,,,,,,,,
2019-06-20,Z305D6FW,ST4000DM000,4000787030016,0,119,217361968,,,92,0,100,9,100,0,87,554933329,,,67,29726,100,0,,,100,8,,,,,,,,,,,,,,,,,,,,,,,,,,,,,,,100,0,100,0,100,0,100,0,100,0,78,22,100,0,100,0,98,5301,22,22,,,,,100,0,100,0,200,0,,,,,,,,,,,,,,,,,,,,,,,,,,,100,29624,100,47644877600,100,170957039625,,,,,,,,,,
2019-06-21,Z305D6FW,ST4000DM000,4000787030016,0,117,120546168,,,92,0,100,9,100,0,87,555618600,,,67,29749,100,0,,,100,8,,,,,,,,,,,,,,,,,,,,,,,,,,,,,,,100,0,100,0,100,0,100,0,100,0,78,22,100,0,100,0,98,5301,22,22,,,,,100,0,100,0,200,0,,,,,,,,,,,,,,,,,,,,,,,,,,,100,29648,100,47664705712,100,171030735517,,,,,,,,,,
2019-06-22,Z305D6FW,ST4000DM000,4000787030016,0,114,64722944,,,92,0,100,9,100,0,87,557661582,,,67,29773,100,0,,,100,8,,,,,,,,,,,,,,,,,,,,,,,,,,,,,,,100,0,100,0,100,0,100,0,100,0,78,22,100,0,100,0,98,5301,22,22,,,,,100,0,100,0,200,0,,,,,,,,,,,,,,,,,,,,,,,,,,,100,29672,100,47692665384,100,171138586588,,,,,,,,,,
2019-06-23,Z305D6FW,ST4000DM000,4000787030016,0,119,225757320,,,92,0,100,9,100,0,87,558407867,,,66,29797,100,0,,,100,8,,,,,,,,,,,,,,,,,,,,,,,,,,,,,,,100,0,100,0,100,0,100,0,100,0,78,22,100,0,100,0,98,5301,22,22,,,,,100,0,100,0,200,0,,,,,,,,,,,,,,,,,,,,,,,,,,,100,29695,100,47708223808,100,171217339065,,,,,,,,,,
2019-06-24,Z305D6FW,ST4000DM000,4000787030016,0,105,10278360,,,92,0,100,9,100,0,87,559491588,,,66,29821,100,0,,,100,8,,,,,,,,,,,,,,,,,,,,,,,,,,,,,,,100,0,100,0,100,0,100,0,100,0,78,22,100,0,100,0,98,5301,22,22,,,,,100,0,100,0,200,0,,,,,,,,,,,,,,,,,,,,,,,,,,,100,29719,100,47718351400,100,171355266694,,,,,,,,,,
2019-06-25,Z305D6FW,ST4000DM000,4000787030016,0,117,152857288,,,92,0,100,9,100,0,87,561174035,,,66,29845,100,0,,,100,8,,,,,,,,,,,,,,,,,,,,,,,,,,,,,,,100,0,100,0,100,0,100,0,100,0,78,22,100,0,100,0,98,5301,22,22,,,,,100,0,100,0,200,0,,,,,,,,,,,,,,,,,,,,,,,,,,,100,29743,100,47733193768,100,171429242775,,,,,,,,,,
2019-06-26,Z305D6FW,ST4000DM000,4000787030016,0,110,27286224,,,92,0,100,9,100,0,87,562796742,,,66,29880,100,0,,,100,8,,,,,,,,,,,,,,,,,,,,,,,,,,,,,,,100,0,100,0,100,0,100,0,100,0,78,22,100,0,100,0,98,5301,22,22,,,,,100,0,100,0,200,0,,,,,,,,,,,,,,,,,,,,,,,,,,,100,29779,100,47753155344,100,175894875052,,,,,,,,,,
2019-06-27,Z305D6FW,ST4000DM000,4000787030016,0,114,77605160,,,92,0,100,9,100,0,87,564007248,,,66,29904,100,0,,,100,8,,,,,,,,,,,,,,,,,,,,,,,,,,,,,,,100,0,100,0,100,0,100,0,100,0,78,22,100,0,100,0,98,5301,22,22,,,,,100,0,100,0,200,0,,,,,,,,,,,,,,,,,,,,,,,,,,,100,29802,100,47762850176,100,176046341461,,,,,,,,,,
2019-06-28,Z305D6FW,ST4000DM000,4000787030016,0,114,72930824,,,92,0,100,9,100,0,87,564750535,,,66,29928,100,0,,,100,8,,,,,,,,,,,,,,,,,,,,,,,,,,,,,,,100,0,100,0,100,0,100,0,100,0,77,23,100,0,100,0,98,5301,23,23,,,,,100,0,100,0,200,0,,,,,,,,,,,,,,,,,,,,,,,,,,,100,29826,100,47775111720,100,176103322111,,,,,,,,,,
2019-06-29,Z305D6FW,ST4000DM000,4000787030016,0,109,23988104,,,92,0,100,9,100,0,87,566913640,,,66,29952,100,0,,,100,8,,,,,,,,,,,,,,,,,,,,,,,,,,,,,,,100,0,100,0,100,0,100,0,100,0,79,21,100,0,100,0,98,5301,21,21,,,,,100,0,100,0,200,0,,,,,,,,,,,,,,,,,,,,,,,,,,,100,29850,100,47792060600,100,176262182966,,,,,,,,,,
2019-06-30,Z305D6FW,ST4000DM000,4000787030016,0,119,225227136,,,92,0,100,9,100,0,87,568767155,,,66,29976,100,0,,,100,8,,,,,,,,,,,,,,,,,,,,,,,,,,,,,,,100,0,100,0,100,0,100,0,100,0,79,21,100,0,100,0,98,5301,21,21,,,,,100,0,100,0,200,0,,,,,,,,,,,,,,,,,,,,,,,,,,,100,29874,100,47806761040,100,176449072831,,,,,,,,,,
2019-07-01,Z305D6FW,ST4000DM000,4000787030016,0,120,241253888,,,92,0,100,9,100,0,87,571347451,,,66,30000,100,0,,,100,8,,,,,,,,,,,,,,,,,,,,,,,,,,,,,,,100,0,100,0,100,0,100,0,100,0,79,21,100,0,100,0,98,5301,21,21,,,,,100,0,100,0,200,0,,,,,,,,,,,,,,,,,,,,,,,,,,,100,29898,100,47824211408,100,176599618299,,,,,,,,,,
2019-07-02,Z305D6FW,ST4000DM000,4000787030016,0,116,116246688,,,92,0,100,9,100,0,87,572311170,,,66,30024,100,0,,,100,8,,,,,,,,,,,,,,,,,,,,,,,,,,,,,,,100,0,100,0,100,0,100,0,100,0,79,21,100,0,100,0,98,5301,21,21,,,,,100,0,100,0,200,0,,,,,,,,,,,,,,,,,,,,,,,,,,,100,29922,100,47838981216,100,176756638287,,,,,,,,,,
2019-07-03,Z305D6FW,ST4000DM000,4000787030016,0,118,193222184,,,92,0,100,9,100,0,87,573219257,,,66,30047,100,0,,,100,8,,,,,,,,,,,,,,,,,,,,,,,,,,,,,,,100,0,100,0,100,0,100,0,100,0,79,21,100,0,100,0,98,5301,21,21,,,,,100,0,100,0,200,0,,,,,,,,,,,,,,,,,,,,,,,,,,,100,29946,100,47865317456,100,177003989025,,,,,,,,,,
2019-07-04,Z305D6FW,ST4000DM000,4000787030016,0,118,177484080,,,92,0,100,9,100,0,87,575564231,,,66,30071,100,0,,,100,8,,,,,,,,,,,,,,,,,,,,,,,,,,,,,,,100,0,100,0,100,0,100,0,100,0,79,21,100,0,100,0,98,5301,21,21,,,,,100,0,100,0,200,0,,,,,,,,,,,,,,,,,,,,,,,,,,,100,29970,100,47889867376,100,177248396175,,,,,,,,,,
2019-07-05,Z305D6FW,ST4000DM000,4000787030016,0,119,227838848,,,92,0,100,9,100,0,87,576415102,,,66,30095,100,0,,,100,8,,,,,,,,,,,,,,,,,,,,,,,,,,,,,,,100,0,100,0,100,0,100,0,100,0,79,21,100,0,100,0,98,5301,21,21,,,,,100,0,100,0,200,0,,,,,,,,,,,,,,,,,,,,,,,,,,,100,29993,100,47920882912,100,181817386740,,,,,,,,,,
2019-07-06,Z305D6FW,ST4000DM000,4000787030016,0,117,131997352,,,92,0,100,9,100,0,87,578710486,,,66,30119,100,0,,,100,8,,,,,,,,,,,,,,,,,,,,,,,,,,,,,,,100,0,100,0,100,0,100,0,100,0,79,21,100,0,100,0,98,5301,21,21,,,,,100,0,100,0,200,0,,,,,,,,,,,,,,,,,,,,,,,,,,,100,30017,100,47942147672,100,186397475031,,,,,,,,,,
2019-07-07,Z305D6FW,ST4000DM000,4000787030016,0,119,223155616,,,92,0,100,9,100,0,87,580296840,,,66,30143,100,0,,,100,8,,,,,,,,,,,,,,,,,,,,,,,,,,,,,,,100,0,100,0,100,0,100,0,100,0,79,21,100,0,100,0,98,5301,21,21,,,,,100,0,100,0,200,0,,,,,,,,,,,,,,,,,,,,,,,,,,,100,30041,100,47955516944,100,186679100603,,,,,,,,,,
2019-07-08,Z305D6FW,ST4000DM000,4000787030016,0,115,89739264,,,92,0,100,9,100,0,87,582335398,,,66,30167,100,0,,,100,8,,,,,,,,,,,,,,,,,,,,,,,,,,,,,,,100,0,100,0,100,0,100,0,100,0,79,21,100,0,100,0,98,5301,21,21,,,,,100,0,100,0,200,0,,,,,,,,,,,,,,,,,,,,,,,,,,,100,30065,100,47975211800,100,186868251447,,,,,,,,,,
2019-07-09,Z305D6FW,ST4000DM000,4000787030016,0,108,15553384,,,92,0,100,9,100,0,87,584089483,,,66,30191,100,0,,,100,8,,,,,,,,,,,,,,,,,,,,,,,,,,,,,,,100,0,100,0,100,0,100,0,100,0,79,21,100,0,100,0,98,5301,21,21,,,,,100,0,100,0,200,0,,,,,,,,,,,,,,,,,,,,,,,,,,,100,30089,100,47995648856,100,187012210916,,,,,,,,,,
2019-07-10,Z305D6FW,ST4000DM000,4000787030016,0,115,86348264,,,92,0,100,9,100,0,87,585777943,,,66,30215,100,0,,,100,8,,,,,,,,,,,,,,,,,,,,,,,,,,,,,,,100,0,100,0,100,0,100,0,100,0,79,21,100,0,100,0,98,5301,21,21,,,,,100,0,100,0,200,0,,,,,,,,,,,,,,,,,,,,,,,,,,,100,30113,100,48026352176,100,191525291784,,,,,,,,,,
2019-07-11,Z305D6FW,ST4000DM000,4000787030016,0,117,137022384,,,92,0,100,9,100,0,87,587352504,,,66,30239,100,0,,,100,8,,,,,,,,,,,,,,,,,,,,,,,,,,,,,,,100,0,100,0,100,0,100,0,100,0,79,21,100,0,100,0,98,5301,21,21,,,,,100,0,100,0,200,0,,,,,,,,,,,,,,,,,,,,,,,,,,,100,30137,100,48084180112,100,191777920020,,,,,,,,,,
2019-07-12,Z305D6FW,ST4000DM000,4000787030016,0,120,239619624,,,92,0,100,9,100,0,87,588472133,,,66,30263,100,0,,,100,8,,,,,,,,,,,,,,,,,,,,,,,,,,,,,,,100,0,100,0,100,0,100,0,100,0,79,21,100,0,100,0,98,5301,21,21,,,,,100,0,100,0,200,0,,,,,,,,,,,,,,,,,,,,,,,,,,,100,30161,100,48109501176,100,196227350488,,,,,,,,,,
2019-07-13,Z305D6FW,ST4000DM000,4000787030016,0,119,218735248,,,92,0,100,9,100,0,87,591373176,,,66,30286,100,0,,,100,8,,,,,,,,,,,,,,,,,,,,,,,,,,,,,,,100,0,100,0,100,0,100,0,100,0,79,21,100,0,100,0,98,5301,21,21,,,,,100,0,100,0,200,0,,,,,,,,,,,,,,,,,,,,,,,,,,,100,30185,100,48132008776,100,196495751216,,,,,,,,,,
2019-07-14,Z305D6FW,ST4000DM000,4000787030016,0,118,178355024,,,92,0,100,9,100,0,87,593198049,,,66,30310,100,0,,,100,8,,,,,,,,,,,,,,,,,,,,,,,,,,,,,,,100,0,100,0,100,0,100,0,100,0,78,22,100,0,100,0,98,5301,22,22,,,,,100,0,100,0,200,0,,,,,,,,,,,,,,,,,,,,,,,,,,,100,30209,100,48147986672,100,196763199769,,,,,,,,,,
2019-07-15,Z305D6FW,ST4000DM000,4000787030016,0,117,154635616,,,92,0,100,9,100,0,87,595293881,,,66,30334,100,0,,,100,8,,,,,,,,,,,,,,,,,,,,,,,,,,,,,,,100,0,100,0,100,0,100,0,100,0,79,21,100,0,100,0,98,5301,21,21,,,,,100,0,100,0,200,0,,,,,,,,,,,,,,,,,,,,,,,,,,,100,30232,100,48156389520,100,197082927355,,,,,,,,,,
2019-07-16,Z305D6FW,ST4000DM000,4000787030016,0,115,96240376,,,92,0,100,9,100,0,87,596811057,,,66,30358,100,0,,,100,8,,,,,,,,,,,,,,,,,,,,,,,,,,,,,,,100,0,100,0,100,0,100,0,100,0,76,24,100,0,100,0,98,5301,24,24,,,,,100,0,100,0,200,0,,,,,,,,,,,,,,,,,,,,,,,,,,,100,30256,100,48161035176,100,201570030547,,,,,,,,,,
2019-07-17,Z305D6FW,ST4000DM000,4000787030016,0,119,210995464,,,92,0,100,9,100,0,87,598954418,,,66,30382,100,0,,,100,8,,,,,,,,,,,,,,,,,,,,,,,,,,,,,,,100,0,100,0,100,0,100,0,100,0,78,22,100,0,100,0,98,5301,22,22,,,,,100,0,100,0,200,0,,,,,,,,,,,,,,,,,,,,,,,,,,,100,30280,100,48167207056,100,201892823168,,,,,,,,,,
2019-07-18,Z305D6FW,ST4000DM000,4000787030016,0,116,114713136,,,92,0,100,9,100,0,87,601299561,,,66,30406,100,0,,,100,8,,,,,,,,,,,,,,,,,,,,,,,,,,,,,,,100,0,100,0,100,0,100,0,100,0,79,21,100,0,100,0,98,5301,21,21,,,,,100,0,100,0,200,0,,,,,,,,,,,,,,,,,,,,,,,,,,,100,30304,100,48173313672,100,202272777424,,,,,,,,,,
2019-07-19,Z305D6FW,ST4000DM000,4000787030016,0,119,231960384,,,92,0,100,9,100,0,87,603634903,,,66,30430,100,0,,,100,8,,,,,,,,,,,,,,,,,,,,,,,,,,,,,,,100,0,100,0,100,0,100,0,100,0,79,21,100,0,100,0,98,5301,21,21,,,,,100,0,100,0,200,0,,,,,,,,,,,,,,,,,,,,,,,,,,,100,30328,100,48189609504,100,202668760303,,,,,,,,,,
2019-07-20,Z305D6FW,ST4000DM000,4000787030016,0,111,33328816,,,92,0,100,9,100,0,87,606876224,,,66,30454,100,0,,,100,8,,,,,,,,,,,,,,,,,,,,,,,,,,,,,,,100,0,100,0,100,0,100,0,100,0,80,20,100,0,100,0,98,5301,20,20,,,,,100,0,100,0,200,0,,,,,,,,,,,,,,,,,,,,,,,,,,,100,30352,100,48206695648,100,207311041681,,,,,,,,,,
2019-07-21,Z305D6FW,ST4000DM000,4000787030016,0,118,182617904,,,92,0,100,9,100,0,87,608999044,,,66,30478,100,0,,,100,8,,,,,,,,,,,,,,,,,,,,,,,,,,,,,,,100,0,100,0,100,0,100,0,100,0,80,20,100,0,100,0,98,5301,20,20,,,,,100,0,100,0,200,0,,,,,,,,,,,,,,,,,,,,,,,,,,,100,30376,100,48224926304,100,207667355817,,,,,,,,,,
2019-07-22,Z305D6FW,ST4000DM000,4000787030016,0,120,120688,,,92,0,100,9,100,0,87,611100328,,,66,30502,100,0,,,100,8,,,,,,,,,,,,,,,,,,,,,,,,,,,,,,,100,0,100,0,100,0,100,0,100,0,79,21,100,0,100,0,98,5301,21,21,,,,,100,0,100,0,200,0,,,,,,,,,,,,,,,,,,,,,,,,,,,100,30400,100,48236725392,100,207993130073,,,,,,,,,,
2019-07-23,Z305D6FW,ST4000DM000,4000787030016,0,117,160577376,,,92,0,100,9,100,0,87,614193370,,,66,30525,100,0,,,100,8,,,,,,,,,,,,,,,,,,,,,,,,,,,,,,,100,0,100,0,100,0,100,0,100,0,79,21,100,0,100,0,98,5301,21,21,,,,,100,0,100,0,200,0,,,,,,,,,,,,,,,,,,,,,,,,,,,100,30424,100,48247649520,100,212472550106,,,,,,,,,,
2019-07-24,Z305D6FW,ST4000DM000,4000787030016,0,116,107768608,,,92,0,100,9,100,0,87,615840153,,,66,30549,100,0,,,100,8,,,,,,,,,,,,,,,,,,,,,,,,,,,,,,,100,0,100,0,100,0,100,0,100,0,79,21,100,0,100,0,98,5301,21,21,,,,,100,0,100,0,200,0,,,,,,,,,,,,,,,,,,,,,,,,,,,100,30448,100,48251819656,100,212720928396,,,,,,,,,,
2019-07-25,Z305D6FW,ST4000DM000,4000787030016,0,118,184047864,,,92,0,100,9,100,0,87,617070781,,,66,30573,100,0,,,100,8,,,,,,,,,,,,,,,,,,,,,,,,,,,,,,,100,0,100,0,100,0,100,0,100,0,79,21,100,0,100,0,98,5301,21,21,,,,,100,0,100,0,200,0,,,,,,,,,,,,,,,,,,,,,,,,,,,100,30471,100,48260902960,100,212888848594,,,,,,,,,,
2019-07-26,Z305D6FW,ST4000DM000,4000787030016,0,114,59945768,,,92,0,100,9,100,0,87,618439116,,,66,30597,100,0,,,100,8,,,,,,,,,,,,,,,,,,,,,,,,,,,,,,,100,0,100,0,100,0,100,0,100,0,80,20,100,0,100,0,98,5301,20,20,,,,,100,0,100,0,200,0,,,,,,,,,,,,,,,,,,,,,,,,,,,100,30495,100,48274987928,100,213085555438,,,,,,,,,,
2019-07-27,Z305D6FW,ST4000DM000,4000787030016,0,117,149044312,,,92,0,100,9,100,0,87,622490669,,,66,30621,100,0,,,100,8,,,,,,,,,,,,,,,,,,,,,,,,,,,,,,,100,0,100,0,100,0,100,0,100,0,79,21,100,0,100,0,98,5301,21,21,,,,,100,0,100,0,200,0,,,,,,,,,,,,,,,,,,,,,,,,,,,100,30519,100,48297710600,100,213347180744,,,,,,,,,,
2019-07-28,Z305D6FW,ST4000DM000,4000787030016,0,111,37185872,,,92,0,100,9,100,0,87,623628190,,,66,30645,100,0,,,100,8,,,,,,,,,,,,,,,,,,,,,,,,,,,,,,,100,0,100,0,100,0,100,0,100,0,79,21,100,0,100,0,98,5301,21,21,,,,,100,0,100,0,200,0,,,,,,,,,,,,,,,,,,,,,,,,,,,100,30543,100,48314432688,100,217858639631,,,,,,,,,,
2019-07-29,Z305D6FW,ST4000DM000,4000787030016,0,114,78832008,,,92,0,100,9,100,0,87,624925064,,,65,30669,100,0,,,100,8,,,,,,,,,,,,,,,,,,,,,,,,,,,,,,,100,0,100,0,100,0,100,0,100,0,79,21,100,0,100,0,98,5301,21,21,,,,,100,0,100,0,200,0,,,,,,,,,,,,,,,,,,,,,,,,,,,100,30567,100,48334583168,100,218143571164,,,,,,,,,,
2019-07-30,Z305D6FW,ST4000DM000,4000787030016,0,118,197201232,,,92,0,100,9,100,0,87,626457495,,,65,30693,100,0,,,100,8,,,,,,,,,,,,,,,,,,,,,,,,,,,,,,,100,0,100,0,100,0,100,0,100,0,79,21,100,0,100,0,98,5301,21,21,,,,,100,0,100,0,200,0,,,,,,,,,,,,,,,,,,,,,,,,,,,100,30591,100,48359614336,100,218402570036,,,,,,,,,,
2019-07-31,Z305D6FW,ST4000DM000,4000787030016,0,119,216815120,,,92,0,100,9,100,0,87,627606857,,,65,30717,100,0,,,100,8,,,,,,,,,,,,,,,,,,,,,,,,,,,,,,,100,0,100,0,100,0,100,0,100,0,80,20,100,0,100,0,98,5301,20,20,,,,,100,0,100,0,200,0,,,,,,,,,,,,,,,,,,,,,,,,,,,100,30615,100,48377100976,100,218748642754,,,,,,,,,,
2019-08-01,Z305D6FW,ST4000DM000,4000787030016,0,117,152995760,,,92,0,100,9,100,0,87,629253855,,,65,30740,100,0,,,100,8,,,,,,,,,,,,,,,,,,,,,,,,,,,,,,,100,0,100,0,100,0,100,0,100,0,79,21,100,0,100,0,98,5301,21,21,,,,,100,0,100,0,200,0,,,,,,,,,,,,,,,,,,,,,,,,,,,100,30639,100,48390905272,100,219062719189,,,,,,,,,,
2019-08-02,Z305D6FW,ST4000DM000,4000787030016,0,106,10794088,,,92,0,100,9,100,0,87,631592470,,,65,30764,100,0,,,100,8,,,,,,,,,,,,,,,,,,,,,,,,,,,,,,,100,0,100,0,100,0,100,0,100,0,80,20,100,0,100,0,98,5301,20,20,,,,,100,0,100,0,200,0,,,,,,,,,,,,,,,,,,,,,,,,,,,100,30663,100,48405582624,100,219388811051,,,,,,,,,,
2019-08-03,Z305D6FW,ST4000DM000,4000787030016,0,115,92257048,,,92,0,100,9,100,0,87,634663524,,,65,30788,100,0,,,100,8,,,,,,,,,,,,,,,,,,,,,,,,,,,,,,,100,0,100,0,100,0,100,0,100,0,80,20,100,0,100,0,98,5301,20,20,,,,,100,0,100,0,200,0,,,,,,,,,,,,,,,,,,,,,,,,,,,100,30687,100,48428132496,100,219685333148,,,,,,,,,,
2019-08-04,Z305D6FW,ST4000DM000,4000787030016,0,119,212647568,,,92,0,100,9,100,0,87,636003168,,,65,30812,100,0,,,100,8,,,,,,,,,,,,,,,,,,,,,,,,,,,,,,,100,0,100,0,100,0,100,0,100,0,80,20,100,0,100,0,98,5301,20,20,,,,,100,0,100,0,200,0,,,,,,,,,,,,,,,,,,,,,,,,,,,100,30711,100,48447018328,100,219900062285,,,,,,,,,,
2019-08-05,Z305D6FW,ST4000DM000,4000787030016,0,117,128699440,,,92,0,100,9,100,0,87,637579890,,,65,30836,100,0,,,100,8,,,,,,,,,,,,,,,,,,,,,,,,,,,,,,,100,0,100,0,100,0,100,0,100,0,80,20,100,0,100,0,98,5301,20,20,,,,,100,0,100,0,200,0,,,,,,,,,,,,,,,,,,,,,,,,,,,100,30734,100,48470759120,100,220105810072,,,,,,,,,,
2019-08-06,Z305D6FW,ST4000DM000,4000787030016,0,113,57340792,,,92,0,100,9,100,0,87,639506822,,,65,30860,100,0,,,100,8,,,,,,,,,,,,,,,,,,,,,,,,,,,,,,,100,0,100,0,100,0,100,0,100,0,80,20,100,0,100,0,98,5301,20,20,,,,,100,0,100,0,200,0,,,,,,,,,,,,,,,,,,,,,,,,,,,100,30758,100,48490361136,100,220235162368,,,,,,,,,,
2019-08-07,Z305D6FW,ST4000DM000,4000787030016,0,116,114259232,,,92,0,100,9,100,0,87,640807997,,,65,30884,100,0,,,100,8,,,,,,,,,,,,,,,,,,,,,,,,,,,,,,,100,0,100,0,100,0,100,0,100,0,80,20,100,0,100,0,98,5301,20,20,,,,,100,0,100,0,200,0,,,,,,,,,,,,,,,,,,,,,,,,,,,100,30782,100,48510287216,100,224702133521,,,,,,,,,,
2019-08-08,Z305D6FW,ST4000DM000,4000787030016,0,114,61296944,,,92,0,100,9,100,0,87,642546035,,,65,30907,100,0,,,100,8,,,,,,,,,,,,,,,,,,,,,,,,,,,,,,,100,0,100,0,100,0,100,0,100,0,80,20,100,0,100,0,98,5301,20,20,,,,,100,0,100,0,200,0,,,,,,,,,,,,,,,,,,,,,,,,,,,100,30806,100,48530859112,100,224955554735,,,,,,,,,,
2019-08-09,Z305D6FW,ST4000DM000,4000787030016,0,120,235997488,,,92,0,100,9,100,0,87,644425574,,,65,30931,100,0,,,100,8,,,,,,,,,,,,,,,,,,,,,,,,,,,,,,,100,0,100,0,100,0,100,0,100,0,79,21,100,0,100,0,98,5301,21,21,,,,,100,0,100,0,200,0,,,,,,,,,,,,,,,,,,,,,,,,,,,100,30830,100,48555538312,100,225182509327,,,,,,,,,,
2019-08-10,Z305D6FW,ST4000DM000,4000787030016,0,119,213402768,,,92,0,100,9,100,0,87,647543452,,,65,30955,100,0,,,100,8,,,,,,,,,,,,,,,,,,,,,,,,,,,,,,,100,0,100,0,100,0,100,0,100,0,80,20,100,0,100,0,98,5301,20,20,,,,,100,0,100,0,200,0,,,,,,,,,,,,,,,,,,,,,,,,,,,100,30853,100,48580666272,100,225442382402,,,,,,,,,,
2019-08-11,Z305D6FW,ST4000DM000,4000787030016,0,108,14771360,,,92,0,100,9,100,0,87,650062937,,,65,30979,100,0,,,100,8,,,,,,,,,,,,,,,,,,,,,,,,,,,,,,,100,0,100,0,100,0,100,0,100,0,80,20,100,0,100,0,98,5301,20,20,,,,,100,0,100,0,200,0,,,,,,,,,,,,,,,,,,,,,,,,,,,100,30877,100,48602411632,100,225601357262,,,,,,,,,,
2019-08-12,Z305D6FW,ST4000DM000,4000787030016,0,116,112154800,,,92,0,100,9,100,0,87,651851041,,,65,31003,100,0,,,100,8,,,,,,,,,,,,,,,,,,,,,,,,,,,,,,,100,0,100,0,100,0,100,0,100,0,80,20,100,0,100,0,98,5301,20,20,,,,,100,0,100,0,200,0,,,,,,,,,,,,,,,,,,,,,,,,,,,100,30901,100,48622355456,100,225772899657,,,,,,,,,,
2019-08-13,Z305D6FW,ST4000DM000,4000787030016,0,114,81478576,,,92,0,100,9,100,0,87,653759052,,,65,31027,100,0,,,100,8,,,,,,,,,,,,,,,,,,,,,,,,,,,,,,,100,0,100,0,100,0,100,0,100,0,79,21,100,0,100,0,98,5301,21,21,,,,,100,0,100,0,200,0,,,,,,,,,,,,,,,,,,,,,,,,,,,100,30925,100,48642844384,100,225887807525,,,,,,,,,,
2019-08-14,Z305D6FW,ST4000DM000,4000787030016,0,117,135756960,,,92,0,100,9,100,0,87,655122897,,,65,31051,100,0,,,100,8,,,,,,,,,,,,,,,,,,,,,,,,,,,,,,,100,0,100,0,100,0,100,0,100,0,80,20,100,0,100,0,98,5301,20,20,,,,,100,0,100,0,200,0,,,,,,,,,,,,,,,,,,,,,,,,,,,100,30949,100,48659517104,100,226046545693,,,,,,,,,,
2019-08-15,Z305D6FW,ST4000DM000,4000787030016,0,114,67424928,,,92,0,100,9,100,0,87,656375886,,,65,31075,100,0,,,100,8,,,,,,,,,,,,,,,,,,,,,,,,,,,,,,,100,0,100,0,100,0,100,0,100,0,79,21,100,0,100,0,98,5301,21,21,,,,,100,0,100,0,200,0,,,,,,,,,,,,,,,,,,,,,,,,,,,100,30973,100,48684851992,100,226184201756,,,,,,,,,,
2019-08-16,Z305D6FW,ST4000DM000,4000787030016,0,118,196906552,,,92,0,100,9,100,0,87,657300123,,,65,31098,100,0,,,100,8,,,,,,,,,,,,,,,,,,,,,,,,,,,,,,,100,0,100,0,100,0,100,0,100,0,79,21,100,0,100,0,98,5301,21,21,,,,,100,0,100,0,200,0,,,,,,,,,,,,,,,,,,,,,,,,,,,100,30997,100,48703938528,100,226270652884,,,,,,,,,,
2019-08-17,Z305D6FW,ST4000DM000,4000787030016,0,119,226749040,,,92,0,100,9,100,0,87,660170465,,,65,31122,100,0,,,100,8,,,,,,,,,,,,,,,,,,,,,,,,,,,,,,,100,0,100,0,100,0,100,0,100,0,80,20,100,0,100,0,98,5301,20,20,,,,,100,0,100,0,200,0,,,,,,,,,,,,,,,,,,,,,,,,,,,100,31021,100,48726509616,100,226491521060,,,,,,,,,,
2019-08-18,Z305D6FW,ST4000DM000,4000787030016,0,115,95247056,,,92,0,100,9,100,0,87,662928059,,,65,31146,100,0,,,100,8,,,,,,,,,,,,,,,,,,,,,,,,,,,,,,,100,0,100,0,100,0,100,0,100,0,80,20,100,0,100,0,98,5301,20,20,,,,,100,0,100,0,200,0,,,,,,,,,,,,,,,,,,,,,,,,,,,100,31044,100,48744142672,100,231047717565,,,,,,,,,,
2019-08-19,Z305D6FW,ST4000DM000,4000787030016,0,120,236491608,,,92,0,100,9,100,0,87,664142186,,,65,31170,100,0,,,100,8,,,,,,,,,,,,,,,,,,,,,,,,,,,,,,,100,0,100,0,100,0,100,0,100,0,79,21,100,0,100,0,98,5301,21,21,,,,,100,0,100,0,200,0,,,,,,,,,,,,,,,,,,,,,,,,,,,100,31068,100,48760009768,100,231271756978,,,,,,,,,,
2019-08-20,Z305D6FW,ST4000DM000,4000787030016,0,116,105633184,,,92,0,100,9,100,0,87,665835923,,,65,31194,100,0,,,100,8,,,,,,,,,,,,,,,,,,,,,,,,,,,,,,,100,0,100,0,100,0,100,0,100,0,78,22,100,0,100,0,98,5301,22,22,,,,,100,0,100,0,200,0,,,,,,,,,,,,,,,,,,,,,,,,,,,100,31092,100,48779641288,100,231486509929,,,,,,,,,,
2019-08-21,Z305D6FW,ST4000DM000,4000787030016,0,111,39821024,,,92,0,100,9,100,0,87,666992809,,,65,31218,100,0,,,100,8,,,,,,,,,,,,,,,,,,,,,,,,,,,,,,,100,0,100,0,100,0,100,0,100,0,79,21,100,0,100,0,98,5301,21,21,,,,,100,0,100,0,200,0,,,,,,,,,,,,,,,,,,,,,,,,,,,100,31116,100,48787667968,100,231847570391,,,,,,,,,,
2019-08-22,Z305D6FW,ST4000DM000,4000787030016,0,117,149293296,,,92,0,100,9,100,0,87,668302142,,,65,31242,100,0,,,100,8,,,,,,,,,,,,,,,,,,,,,,,,,,,,,,,100,0,100,0,100,0,100,0,100,0,79,21,100,0,100,0,98,5301,21,21,,,,,100,0,100,0,200,0,,,,,,,,,,,,,,,,,,,,,,,,,,,100,31140,100,48804401768,100,232206677606,,,,,,,,,,
2019-08-23,Z305D6FW,ST4000DM000,4000787030016,0,115,95643520,,,92,0,100,9,100,0,87,669997007,,,65,31265,100,0,,,100,8,,,,,,,,,,,,,,,,,,,,,,,,,,,,,,,100,0,100,0,100,0,100,0,100,0,79,21,100,0,100,0,98,5301,21,21,,,,,100,0,100,0,200,0,,,,,,,,,,,,,,,,,,,,,,,,,,,100,31164,100,48822135864,100,232511561762,,,,,,,,,,
2019-08-24,Z305D6FW,ST4000DM000,4000787030016,0,117,134182296,,,92,0,100,9,100,0,88,673813830,,,65,31289,100,0,,,100,8,,,,,,,,,,,,,,,,,,,,,,,,,,,,,,,100,0,100,0,100,0,100,0,100,0,79,21,100,0,100,0,98,5301,21,21,,,,,100,0,100,0,200,0,,,,,,,,,,,,,,,,,,,,,,,,,,,100,31188,100,48861495416,100,232889494933,,,,,,,,,,
2019-08-25,Z305D6FW,ST4000DM000,4000787030016,0,115,93541848,,,92,0,100,9,100,0,88,675801354,,,65,31313,100,0,,,100,8,,,,,,,,,,,,,,,,,,,,,,,,,,,,,,,100,0,100,0,100,0,100,0,100,0,80,20,100,0,100,0,98,5301,20,20,,,,,100,0,100,0,200,0,,,,,,,,,,,,,,,,,,,,,,,,,,,100,31211,100,48884157672,100,233163993786,,,,,,,,,,
2019-08-26,Z305D6FW,ST4000DM000,4000787030016,0,120,2333888,,,92,0,100,9,100,0,88,679025616,,,65,31361,100,0,,,100,8,,,,,,,,,,,,,,,,,,,,,,,,,,,,,,,100,0,100,0,100,0,100,0,100,0,79,21,100,0,100,0,98,5301,21,21,,,,,100,0,100,0,200,0,,,,,,,,,,,,,,,,,,,,,,,,,,,100,31259,100,48931647800,100,233480786633,,,,,,,,,,
2019-08-27,Z305D6FW,ST4000DM000,4000787030016,0,120,2333888,,,92,0,100,9,100,0,88,679025616,,,65,31361,100,0,,,100,8,,,,,,,,,,,,,,,,,,,,,,,,,,,,,,,100,0,100,0,100,0,100,0,100,0,79,21,100,0,100,0,98,5301,21,21,,,,,100,0,100,0,200,0,,,,,,,,,,,,,,,,,,,,,,,,,,,100,31259,100,48931647800,100,233480786633,,,,,,,,,,
2019-08-28,Z305D6FW,ST4000DM000,4000787030016,0,113,55403928,,,92,0,100,9,100,0,88,680619187,,,65,31385,100,0,,,100,8,,,,,,,,,,,,,,,,,,,,,,,,,,,,,,,100,0,100,0,100,0,100,0,100,0,79,21,100,0,100,0,98,5301,21,21,,,,,100,0,100,0,200,0,,,,,,,,,,,,,,,,,,,,,,,,,,,100,31283,100,48949040384,100,233701426955,,,,,,,,,,
2019-08-29,Z305D6FW,ST4000DM000,4000787030016,0,118,172712640,,,92,0,100,9,100,0,88,682275764,,,65,31409,100,0,,,100,8,,,,,,,,,,,,,,,,,,,,,,,,,,,,,,,100,0,100,0,100,0,100,0,100,0,78,22,100,0,100,0,98,5301,22,22,,,,,100,0,100,0,200,0,,,,,,,,,,,,,,,,,,,,,,,,,,,100,31307,100,49016445032,100,233895437746,,,,,,,,,,
2019-08-30,Z305D6FW,ST4000DM000,4000787030016,0,117,145004136,,,92,0,100,9,100,0,88,685798777,,,65,31433,100,0,,,100,8,,,,,,,,,,,,,,,,,,,,,,,,,,,,,,,100,0,100,0,100,0,100,0,100,0,79,21,100,0,100,0,98,5301,21,21,,,,,100,0,100,0,200,0,,,,,,,,,,,,,,,,,,,,,,,,,,,100,31331,100,49039732728,100,234189566147,,,,,,,,,,
2019-08-31,Z305D6FW,ST4000DM000,4000787030016,0,118,182393128,,,92,0,100,9,100,0,88,688609682,,,65,31456,100,0,,,100,8,,,,,,,,,,,,,,,,,,,,,,,,,,,,,,,100,0,100,0,100,0,100,0,100,0,79,21,100,0,100,0,98,5301,21,21,,,,,100,0,100,0,200,0,,,,,,,,,,,,,,,,,,,,,,,,,,,100,31355,100,49064955872,100,234427636111,,,,,,,,,,
2019-09-01,Z305D6FW,ST4000DM000,4000787030016,0,109,23743040,,,92,0,100,9,100,0,88,689916064,,,65,31480,100,0,,,100,8,,,,,,,,,,,,,,,,,,,,,,,,,,,,,,,100,0,100,0,100,0,100,0,100,0,79,21,100,0,100,0,98,5301,21,21,,,,,100,0,100,0,200,0,,,,,,,,,,,,,,,,,,,,,,,,,,,100,31378,100,49082480056,100,234580449258,,,,,,,,,,
2019-09-02,Z305D6FW,ST4000DM000,4000787030016,0,118,196323664,,,92,0,100,9,100,0,88,691152343,,,65,31504,100,0,,,100,8,,,,,,,,,,,,,,,,,,,,,,,,,,,,,,,100,0,100,0,100,0,100,0,100,0,79,21,100,0,100,0,98,5301,21,21,,,,,100,0,100,0,200,0,,,,,,,,,,,,,,,,,,,,,,,,,,,100,31402,100,49095928896,100,234736246658,,,,,,,,,,
2019-09-03,Z305D6FW,ST4000DM000,4000787030016,0,117,151388112,,,92,0,100,9,100,0,88,692976976,,,65,31528,100,0,,,100,8,,,,,,,,,,,,,,,,,,,,,,,,,,,,,,,100,0,100,0,100,0,100,0,100,0,79,21,100,0,100,0,98,5301,21,21,,,,,100,0,100,0,200,0,,,,,,,,,,,,,,,,,,,,,,,,,,,100,31426,100,49122255880,100,234827510068,,,,,,,,,,
2019-09-04,Z305D6FW,ST4000DM000,4000787030016,0,118,184300400,,,92,0,100,9,100,0,88,694603087,,,64,31552,100,0,,,100,8,,,,,,,,,,,,,,,,,,,,,,,,,,,,,,,100,0,100,0,100,0,100,0,100,0,78,22,100,0,100,0,98,5301,22,22,,,,,100,0,100,0,200,0,,,,,,,,,,,,,,,,,,,,,,,,,,,100,31450,100,49135231360,100,235026608201,,,,,,,,,,
2019-09-05,Z305D6FW,ST4000DM000,4000787030016,0,116,110134880,,,92,0,100,9,100,0,88,695665971,,,64,31576,100,0,,,100,8,,,,,,,,,,,,,,,,,,,,,,,,,,,,,,,100,0,100,0,100,0,100,0,100,0,79,21,100,0,100,0,98,5301,21,21,,,,,100,0,100,0,200,0,,,,,,,,,,,,,,,,,,,,,,,,,,,100,31474,100,49155410240,100,235133083924,,,,,,,,,,
2019-09-06,Z305D6FW,ST4000DM000,4000787030016,0,118,183080736,,,92,0,100,9,100,0,88,697057680,,,64,31600,100,0,,,100,8,,,,,,,,,,,,,,,,,,,,,,,,,,,,,,,100,0,100,0,100,0,100,0,100,0,79,21,100,0,100,0,98,5301,21,21,,,,,100,0,100,0,200,0,,,,,,,,,,,,,,,,,,,,,,,,,,,100,31498,100,49171386624,100,235372249916,,,,,,,,,,
2019-09-07,Z305D6FW,ST4000DM000,4000787030016,0,118,184364472,,,92,0,100,9,100,0,88,699616714,,,64,31623,100,0,,,100,8,,,,,,,,,,,,,,,,,,,,,,,,,,,,,,,100,0,100,0,100,0,100,0,100,0,78,22,100,0,100,0,98,5301,22,22,,,,,100,0,100,0,200,0,,,,,,,,,,,,,,,,,,,,,,,,,,,100,31522,100,49194229704,100,235580212350,,,,,,,,,,
2019-09-08,Z305D6FW,ST4000DM000,4000787030016,0,110,25610000,,,92,0,100,9,100,0,88,702618079,,,64,31647,100,0,,,100,8,,,,,,,,,,,,,,,,,,,,,,,,,,,,,,,100,0,100,0,100,0,100,0,100,0,78,22,100,0,100,0,98,5301,22,22,,,,,100,0,100,0,200,0,,,,,,,,,,,,,,,,,,,,,,,,,,,100,31546,100,49211999960,100,235831369985,,,,,,,,,,
2019-09-09,Z305D6FW,ST4000DM000,4000787030016,0,116,109555000,,,92,0,100,9,100,0,88,704028730,,,64,31671,100,0,,,100,8,,,,,,,,,,,,,,,,,,,,,,,,,,,,,,,100,0,100,0,100,0,100,0,100,0,78,22,100,0,100,0,98,5301,22,22,,,,,100,0,100,0,200,0,,,,,,,,,,,,,,,,,,,,,,,,,,,100,31569,100,49239888784,100,236046997594,,,,,,,,,,
2019-09-10,Z305D6FW,ST4000DM000,4000787030016,0,114,78267568,,,92,0,100,9,100,0,88,705802792,,,64,31695,100,0,,,100,8,,,,,,,,,,,,,,,,,,,,,,,,,,,,,,,100,0,100,0,100,0,100,0,100,0,76,24,100,0,100,0,98,5301,24,24,,,,,100,0,100,0,200,0,,,,,,,,,,,,,,,,,,,,,,,,,,,100,31593,100,49266605784,100,236172698266,,,,,,,,,,
2019-09-11,Z305D6FW,ST4000DM000,4000787030016,0,105,10467264,,,92,0,100,9,100,0,88,707424698,,,64,31731,100,0,,,100,8,,,,,,,,,,,,,,,,,,,,,,,,,,,,,,,100,0,100,0,100,0,100,0,100,0,77,23,100,0,100,0,98,5301,23,23,,,,,100,0,100,0,200,0,,,,,,,,,,,,,,,,,,,,,,,,,,,100,31629,100,49308637344,100,236678316606,,,,,,,,,,
2019-09-12,Z305D6FW,ST4000DM000,4000787030016,0,117,134834360,,,92,0,100,9,100,0,88,708427356,,,64,31754,100,0,,,100,8,,,,,,,,,,,,,,,,,,,,,,,,,,,,,,,100,0,100,0,100,0,100,0,100,0,79,21,100,0,100,0,98,5301,21,21,,,,,100,0,100,0,200,0,,,,,,,,,,,,,,,,,,,,,,,,,,,100,31653,100,49327516088,100,236898804039,,,,,,,,,,
2019-09-13,Z305D6FW,ST4000DM000,4000787030016,0,118,173764408,,,92,0,100,9,100,0,88,710158143,,,64,31778,100,0,,,100,8,,,,,,,,,,,,,,,,,,,,,,,,,,,,,,,100,0,100,0,100,0,100,0,100,0,78,22,100,0,100,0,98,5301,22,22,,,,,100,0,100,0,200,0,,,,,,,,,,,,,,,,,,,,,,,,,,,100,31677,100,49351666376,100,237250341554,,,,,,,,,,
2019-09-14,Z305D6FW,ST4000DM000,4000787030016,0,117,153055256,,,92,0,100,9,100,0,88,713849571,,,64,31802,100,0,,,100,8,,,,,,,,,,,,,,,,,,,,,,,,,,,,,,,100,0,100,0,100,0,100,0,100,0,78,22,100,0,100,0,98,5301,22,22,,,,,100,0,100,0,200,0,,,,,,,,,,,,,,,,,,,,,,,,,,,100,31700,100,49379733064,100,237596191190,,,,,,,,,,
2019-09-15,Z305D6FW,ST4000DM000,4000787030016,0,112,42251984,,,92,0,100,9,100,0,88,715981298,,,64,31826,100,0,,,100,8,,,,,,,,,,,,,,,,,,,,,,,,,,,,,,,100,0,100,0,100,0,100,0,100,0,78,22,100,0,100,0,98,5301,22,22,,,,,100,0,100,0,200,0,,,,,,,,,,,,,,,,,,,,,,,,,,,100,31724,100,49411278352,100,237878247523,,,,,,,,,,
2019-09-16,Z305D6FW,ST4000DM000,4000787030016,0,114,64047288,,,92,0,100,9,100,0,88,717678445,,,64,31850,100,0,,,100,8,,,,,,,,,,,,,,,,,,,,,,,,,,,,,,,100,0,100,0,100,0,100,0,100,0,78,22,100,0,100,0,98,5301,22,22,,,,,100,0,100,0,200,0,,,,,,,,,,,,,,,,,,,,,,,,,,,100,31748,100,49439491032,100,238022812528,,,,,,,,,,
2019-09-17,Z305D6FW,ST4000DM000,4000787030016,0,119,205138912,,,92,0,100,9,100,0,88,719411316,,,64,31874,100,0,,,100,8,,,,,,,,,,,,,,,,,,,,,,,,,,,,,,,100,0,100,0,100,0,100,0,100,0,77,23,100,0,100,0,98,5301,23,23,,,,,100,0,100,0,200,0,,,,,,,,,,,,,,,,,,,,,,,,,,,100,31772,100,49473284776,100,238194310630,,,,,,,,,,
2019-09-18,Z305D6FW,ST4000DM000,4000787030016,0,119,205905808,,,92,0,100,9,100,0,88,720441499,,,64,31886,100,0,,,100,8,,,,,,,,,,,,,,,,,,,,,,,,,,,,,,,100,0,100,0,100,0,100,0,100,0,78,22,100,0,100,0,98,5301,22,22,,,,,100,0,100,0,200,0,,,,,,,,,,,,,,,,,,,,,,,,,,,100,31784,100,49491267832,100,238330197074,,,,,,,,,,
2019-09-19,Z305D6FW,ST4000DM000,4000787030016,0,104,6906736,,,92,0,100,9,100,0,88,723815091,,,64,31910,100,0,,,100,8,,,,,,,,,,,,,,,,,,,,,,,,,,,,,,,100,0,100,0,100,0,100,0,100,0,79,21,100,0,100,0,98,5301,21,21,,,,,100,0,100,0,200,0,,,,,,,,,,,,,,,,,,,,,,,,,,,100,31808,100,49523348304,100,238586629829,,,,,,,,,,
2019-09-20,Z305D6FW,ST4000DM000,4000787030016,0,112,49484488,,,92,0,100,9,100,0,88,725432546,,,64,31933,100,0,,,100,8,,,,,,,,,,,,,,,,,,,,,,,,,,,,,,,100,0,100,0,100,0,100,0,100,0,79,21,100,0,100,0,98,5301,21,21,,,,,100,0,100,0,200,0,,,,,,,,,,,,,,,,,,,,,,,,,,,100,31832,100,49570096832,100,238778724724,,,,,,,,,,
2019-09-21,Z305D6FW,ST4000DM000,4000787030016,0,117,162626040,,,92,0,100,9,100,0,88,728621415,,,64,31957,100,0,,,100,8,,,,,,,,,,,,,,,,,,,,,,,,,,,,,,,100,0,100,0,100,0,100,0,100,0,79,21,100,0,100,0,98,5301,21,21,,,,,100,0,100,0,200,0,,,,,,,,,,,,,,,,,,,,,,,,,,,100,31855,100,49634932016,100,243398496945,,,,,,,,,,
2019-09-22,Z305D6FW,ST4000DM000,4000787030016,0,112,44564936,,,92,0,100,9,100,0,88,731071450,,,64,31993,100,0,,,100,8,,,,,,,,,,,,,,,,,,,,,,,,,,,,,,,100,0,100,0,100,0,100,0,100,0,78,22,100,0,100,0,98,5301,22,22,,,,,100,0,100,0,200,0,,,,,,,,,,,,,,,,,,,,,,,,,,,100,31891,100,49654568496,100,243701658345,,,,,,,,,,
2019-09-23,Z305D6FW,ST4000DM000,4000787030016,0,117,140412496,,,92,0,100,9,100,0,88,732575813,,,64,32017,100,0,,,100,8,,,,,,,,,,,,,,,,,,,,,,,,,,,,,,,100,0,100,0,100,0,100,0,100,0,78,22,100,0,100,0,98,5301,22,22,,,,,100,0,100,0,200,0,,,,,,,,,,,,,,,,,,,,,,,,,,,100,31915,100,49666267360,100,243811482899,,,,,,,,,,
2019-09-24,Z305D6FW,ST4000DM000,4000787030016,0,119,217171744,,,92,0,100,9,100,0,88,734072040,,,64,32041,100,0,,,100,8,,,,,,,,,,,,,,,,,,,,,,,,,,,,,,,100,0,100,0,100,0,100,0,100,0,78,22,100,0,100,0,98,5301,22,22,,,,,100,0,100,0,200,0,,,,,,,,,,,,,,,,,,,,,,,,,,,100,31939,100,49678927264,100,243938268328,,,,,,,,,,
2019-09-25,Z305D6FW,ST4000DM000,4000787030016,0,111,34389600,,,92,0,100,9,100,0,88,734825339,,,64,32053,100,0,,,100,8,,,,,,,,,,,,,,,,,,,,,,,,,,,,,,,100,0,100,0,100,0,100,0,100,0,79,21,100,0,100,0,98,5301,21,21,,,,,100,0,100,0,200,0,,,,,,,,,,,,,,,,,,,,,,,,,,,100,31951,100,49685536872,100,244034676989,,,,,,,,,,
2019-09-26,Z305D6FW,ST4000DM000,4000787030016,0,116,104800344,,,92,0,100,9,100,0,88,736815493,,,64,32077,100,0,,,100,8,,,,,,,,,,,,,,,,,,,,,,,,,,,,,,,100,0,100,0,100,0,100,0,100,0,78,22,100,0,100,0,98,5301,22,22,,,,,100,0,100,0,200,0,,,,,,,,,,,,,,,,,,,,,,,,,,,100,31975,100,49703924368,100,244328403047,,,,,,,,,,
2019-09-27,Z305D6FW,ST4000DM000,4000787030016,0,114,83395760,,,92,0,100,9,100,0,88,737960921,,,64,32100,100,0,,,100,8,,,,,,,,,,,,,,,,,,,,,,,,,,,,,,,100,0,100,0,100,0,100,0,100,0,79,21,100,0,100,0,98,5301,21,21,,,,,100,0,100,0,200,0,,,,,,,,,,,,,,,,,,,,,,,,,,,100,31999,100,49726094280,100,244436093224,,,,,,,,,,
2019-09-28,Z305D6FW,ST4000DM000,4000787030016,0,119,213740176,,,92,0,100,9,100,0,88,740015763,,,64,32124,100,0,,,100,8,,,,,,,,,,,,,,,,,,,,,,,,,,,,,,,100,0,100,0,100,0,100,0,100,0,79,21,100,0,100,0,98,5301,21,21,,,,,100,0,100,0,200,0,,,,,,,,,,,,,,,,,,,,,,,,,,,100,32023,100,49750280336,100,244565735184,,,,,,,,,,
2019-09-29,Z305D6FW,ST4000DM000,4000787030016,0,117,161101312,,,92,0,100,9,100,0,88,742274079,,,64,32148,100,0,,,100,8,,,,,,,,,,,,,,,,,,,,,,,,,,,,,,,100,0,100,0,100,0,100,0,100,0,78,22,100,0,100,0,98,5301,22,22,,,,,100,0,100,0,200,0,,,,,,,,,,,,,,,,,,,,,,,,,,,100,32046,100,49780662488,100,244794011160,,,,,,,,,,
2019-09-30,Z305D6FW,ST4000DM000,4000787030016,0,114,60785800,,,92,0,100,9,100,0,88,744611726,,,64,32172,100,0,,,100,8,,,,,,,,,,,,,,,,,,,,,,,,,,,,,,,100,0,100,0,100,0,100,0,100,0,78,22,100,0,100,0,98,5301,22,22,,,,,100,0,100,0,200,0,,,,,,,,,,,,,,,,,,,,,,,,,,,100,32070,100,49796622064,100,245056054383,,,,,,,,,,
2019-10-01,Z305D6FW,ST4000DM000,4000787030016,0,117,127264880,,,92,0,100,9,100,0,88,746438383,,,64,32196,100,0,,,100,8,,,,,,,,,,,,,,,,,,,,,,,,,,,,,,,,,100,0,100,0,100,0,100,0,100,0,78,22,100,0,100,0,98,5301,22,22,,,,,100,0,100,0,200,0,,,,,,,,,,,,,,,,,,,,,,,,,,,100,32094,100,49819374208,100,245165473226,,,,,,,,,,
2019-10-02,Z305D6FW,ST4000DM000,4000787030016,0,111,40057472,,,92,0,100,9,100,0,88,747968603,,,64,32232,100,0,,,100,8,,,,,,,,,,,,,,,,,,,,,,,,,,,,,,,,,100,0,100,0,100,0,100,0,100,0,78,22,100,0,100,0,98,5301,22,22,,,,,100,0,100,0,200,0,,,,,,,,,,,,,,,,,,,,,,,,,,,100,32130,100,49850491368,100,245631658338,,,,,,,,,,
2019-10-03,Z305D6FW,ST4000DM000,4000787030016,0,113,50416248,,,92,0,100,9,100,0,88,749067223,,,64,32256,100,0,,,100,8,,,,,,,,,,,,,,,,,,,,,,,,,,,,,,,,,100,0,100,0,100,0,100,0,100,0,78,22,100,0,100,0,98,5301,22,22,,,,,100,0,100,0,200,0,,,,,,,,,,,,,,,,,,,,,,,,,,,100,32154,100,49865505592,100,245973392590,,,,,,,,,,
2019-10-04,Z305D6FW,ST4000DM000,4000787030016,0,119,208208360,,,92,0,100,9,100,0,88,750679060,,,64,32279,100,0,,,100,8,,,,,,,,,,,,,,,,,,,,,,,,,,,,,,,,,100,0,100,0,100,0,100,0,100,0,78,22,100,0,100,0,98,5301,22,22,,,,,100,0,100,0,200,0,,,,,,,,,,,,,,,,,,,,,,,,,,,100,32178,100,49882626440,100,246304312356,,,,,,,,,,
2019-10-05,Z305D6FW,ST4000DM000,4000787030016,0,118,187905896,,,92,0,100,9,100,0,88,754381716,,,64,32303,100,0,,,100,8,,,,,,,,,,,,,,,,,,,,,,,,,,,,,,,,,100,0,100,0,100,0,100,0,100,0,79,21,100,0,100,0,98,5301,21,21,,,,,100,0,100,0,200,0,,,,,,,,,,,,,,,,,,,,,,,,,,,100,32201,100,49914000512,100,246661949788,,,,,,,,,,
2019-10-06,Z305D6FW,ST4000DM000,4000787030016,0,114,79629864,,,92,0,100,9,100,0,88,756552982,,,64,32327,100,0,,,100,8,,,,,,,,,,,,,,,,,,,,,,,,,,,,,,,,,100,0,100,0,100,0,100,0,100,0,79,21,100,0,100,0,98,5301,21,21,,,,,100,0,100,0,200,0,,,,,,,,,,,,,,,,,,,,,,,,,,,100,32225,100,49949351864,100,246935688595,,,,,,,,,,
2019-10-07,Z305D6FW,ST4000DM000,4000787030016,0,118,179362856,,,92,0,100,9,100,0,88,758259513,,,64,32351,100,0,,,100,8,,,,,,,,,,,,,,,,,,,,,,,,,,,,,,,,,100,0,100,0,100,0,100,0,100,0,79,21,100,0,100,0,98,5301,21,21,,,,,100,0,100,0,200,0,,,,,,,,,,,,,,,,,,,,,,,,,,,100,32249,100,49997805056,100,247127420598,,,,,,,,,,
2019-10-08,Z305D6FW,ST4000DM000,4000787030016,0,108,20260088,,,92,0,100,9,100,0,88,761535709,,,64,32375,100,0,,,100,8,,,,,,,,,,,,,,,,,,,,,,,,,,,,,,,,,100,0,100,0,100,0,100,0,100,0,79,21,100,0,100,0,98,5301,21,21,,,,,100,0,100,0,200,0,,,,,,,,,,,,,,,,,,,,,,,,,,,100,32273,100,50028422784,100,247282605894,,,,,,,,,,
2019-10-09,Z305D6FW,ST4000DM000,4000787030016,0,115,88490904,,,92,0,100,9,100,0,88,763648617,,,64,32399,100,0,,,100,8,,,,,,,,,,,,,,,,,,,,,,,,,,,,,,,,,100,0,100,0,100,0,100,0,100,0,79,21,100,0,100,0,98,5301,21,21,,,,,100,0,100,0,200,0,,,,,,,,,,,,,,,,,,,,,,,,,,,100,32297,100,50075813624,100,247545039017,,,,,,,,,,
2019-10-10,Z305D6FW,ST4000DM000,4000787030016,0,119,214918080,,,92,0,100,9,100,0,88,765309493,,,63,32423,100,0,,,100,8,,,,,,,,,,,,,,,,,,,,,,,,,,,,,,,,,100,0,100,0,100,0,100,0,100,0,76,24,100,0,100,0,98,5301,24,24,,,,,100,0,100,0,200,0,,,,,,,,,,,,,,,,,,,,,,,,,,,100,32321,100,50123380648,100,247722257509,,,,,,,,,,
2019-10-11,Z305D6FW,ST4000DM000,4000787030016,0,116,114205944,,,92,0,100,9,100,0,88,767089885,,,63,32446,100,0,,,100,8,,,,,,,,,,,,,,,,,,,,,,,,,,,,,,,,,100,0,100,0,100,0,100,0,100,0,77,23,100,0,100,0,98,5301,23,23,,,,,100,0,100,0,200,0,,,,,,,,,,,,,,,,,,,,,,,,,,,100,32345,100,50156105728,100,247958756705,,,,,,,,,,
2019-10-12,Z305D6FW,ST4000DM000,4000787030016,0,106,11295712,,,92,0,100,9,100,0,88,770636025,,,63,32470,100,0,,,100,8,,,,,,,,,,,,,,,,,,,,,,,,,,,,,,,,,100,0,100,0,100,0,100,0,100,0,79,21,100,0,100,0,98,5301,21,21,,,,,100,0,100,0,200,0,,,,,,,,,,,,,,,,,,,,,,,,,,,100,32369,100,50205718856,100,248257378409,,,,,,,,,,
2019-10-13,Z305D6FW,ST4000DM000,4000787030016,0,119,214559768,,,92,0,100,9,100,0,88,772072391,,,63,32494,100,0,,,100,8,,,,,,,,,,,,,,,,,,,,,,,,,,,,,,,,,100,0,100,0,100,0,100,0,100,0,78,22,100,0,100,0,98,5301,22,22,,,,,100,0,100,0,200,0,,,,,,,,,,,,,,,,,,,,,,,,,,,100,32393,100,50225345344,100,248440719399,,,,,,,,,,
2019-10-14,Z305D6FW,ST4000DM000,4000787030016,0,113,58338328,,,92,0,100,9,100,0,88,773535512,,,63,32518,100,0,,,100,8,,,,,,,,,,,,,,,,,,,,,,,,,,,,,,,,,100,0,100,0,100,0,100,0,100,0,78,22,100,0,100,0,98,5301,22,22,,,,,100,0,100,0,200,0,,,,,,,,,,,,,,,,,,,,,,,,,,,100,32416,100,50247160640,100,248528424216,,,,,,,,,,
2019-10-15,Z305D6FW,ST4000DM000,4000787030016,0,118,184364200,,,92,0,100,9,100,0,88,775268742,,,63,32566,100,0,,,100,8,,,,,,,,,,,,,,,,,,,,,,,,,,,,,,,,,100,0,100,0,100,0,100,0,100,0,78,22,100,0,100,0,98,5301,22,22,,,,,100,0,100,0,200,0,,,,,,,,,,,,,,,,,,,,,,,,,,,100,32464,100,50273118192,100,248624382871,,,,,,,,,,
2019-10-16,Z305D6FW,ST4000DM000,4000787030016,0,118,184364200,,,92,0,100,9,100,0,88,775268742,,,63,32566,100,0,,,100,8,,,,,,,,,,,,,,,,,,,,,,,,,,,,,,,,,100,0,100,0,100,0,100,0,100,0,78,22,100,0,100,0,98,5301,22,22,,,,,100,0,100,0,200,0,,,,,,,,,,,,,,,,,,,,,,,,,,,100,32464,100,50273118192,100,248624382871,,,,,,,,,,
2019-10-17,Z305D6FW,ST4000DM000,4000787030016,0,116,113783336,,,92,0,100,9,100,0,88,776407169,,,63,32590,100,0,,,100,8,,,,,,,,,,,,,,,,,,,,,,,,,,,,,,,,,100,0,100,0,100,0,100,0,100,0,78,22,100,0,100,0,98,5301,22,22,,,,,100,0,100,0,200,0,,,,,,,,,,,,,,,,,,,,,,,,,,,100,32488,100,50290142904,100,257338144584,,,,,,,,,,
2019-10-18,Z305D6FW,ST4000DM000,4000787030016,0,118,186643576,,,92,0,100,9,100,0,88,777123910,,,63,32614,100,0,,,100,8,,,,,,,,,,,,,,,,,,,,,,,,,,,,,,,,,100,0,100,0,100,0,100,0,100,0,78,22,100,0,100,0,98,5301,22,22,,,,,100,0,100,0,200,0,,,,,,,,,,,,,,,,,,,,,,,,,,,100,32512,100,50299560224,100,257412066834,,,,,,,,,,
2019-10-19,Z305D6FW,ST4000DM000,4000787030016,0,107,14182144,,,92,0,100,9,100,0,88,778891449,,,63,32637,100,0,,,100,8,,,,,,,,,,,,,,,,,,,,,,,,,,,,,,,,,100,0,100,0,100,0,100,0,100,0,79,21,100,0,100,0,98,5301,21,21,,,,,100,0,100,0,200,0,,,,,,,,,,,,,,,,,,,,,,,,,,,100,32536,100,50311649512,100,257498794682,,,,,,,,,,
2019-10-20,Z305D6FW,ST4000DM000,4000787030016,0,117,164789656,,,92,0,100,9,100,0,88,779587316,,,63,32661,100,0,,,100,8,,,,,,,,,,,,,,,,,,,,,,,,,,,,,,,,,100,0,100,0,100,0,100,0,100,0,78,22,100,0,100,0,98,5301,22,22,,,,,100,0,100,0,200,0,,,,,,,,,,,,,,,,,,,,,,,,,,,100,32560,100,50332742728,100,257569518675,,,,,,,,,,
2019-10-21,Z305D6FW,ST4000DM000,4000787030016,0,119,228229888,,,92,0,100,9,100,0,88,780741522,,,63,32685,100,0,,,100,8,,,,,,,,,,,,,,,,,,,,,,,,,,,,,,,,,100,0,100,0,100,0,100,0,100,0,77,23,100,0,100,0,98,5301,23,23,,,,,100,0,100,0,200,0,,,,,,,,,,,,,,,,,,,,,,,,,,,100,32584,100,50348358120,100,257655470515,,,,,,,,,,
2019-10-22,Z305D6FW,ST4000DM000,4000787030016,0,113,52793872,,,92,0,100,9,100,0,88,782356569,,,63,32697,100,0,,,100,8,,,,,,,,,,,,,,,,,,,,,,,,,,,,,,,,,100,0,100,0,100,0,100,0,100,0,76,24,100,0,100,0,98,5301,24,24,,,,,100,0,100,0,200,0,,,,,,,,,,,,,,,,,,,,,,,,,,,100,32596,100,50357111008,100,257687014473,,,,,,,,,,
2019-10-23,Z305D6FW,ST4000DM000,4000787030016,0,120,242690232,,,92,0,100,9,100,0,88,783833439,,,63,32733,100,0,,,100,8,,,,,,,,,,,,,,,,,,,,,,,,,,,,,,,,,100,0,100,0,100,0,100,0,100,0,78,22,100,0,100,0,98,5301,22,22,,,,,100,0,100,0,200,0,,,,,,,,,,,,,,,,,,,,,,,,,,,100,32631,100,50386703664,100,257846070636,,,,,,,,,,
2019-10-24,Z305D6FW,ST4000DM000,4000787030016,0,118,187478480,,,92,0,100,9,100,0,88,784695845,,,63,32757,100,0,,,100,8,,,,,,,,,,,,,,,,,,,,,,,,,,,,,,,,,100,0,100,0,100,0,100,0,100,0,80,20,100,0,100,0,98,5301,20,20,,,,,100,0,100,0,200,0,,,,,,,,,,,,,,,,,,,,,,,,,,,100,32655,100,50409756152,100,257925220358,,,,,,,,,,
2019-10-25,Z305D6FW,ST4000DM000,4000787030016,0,117,132350208,,,92,0,100,9,100,0,88,785209433,,,63,32781,100,0,,,100,8,,,,,,,,,,,,,,,,,,,,,,,,,,,,,,,,,100,0,100,0,100,0,100,0,100,0,79,21,100,0,100,0,98,5301,21,21,,,,,100,0,100,0,200,0,,,,,,,,,,,,,,,,,,,,,,,,,,,100,32679,100,50425817136,100,262263711604,,,,,,,,,,
2019-10-26,Z305D6FW,ST4000DM000,4000787030016,0,112,46962928,,,92,0,100,9,100,0,88,786864809,,,63,32805,100,0,,,100,8,,,,,,,,,,,,,,,,,,,,,,,,,,,,,,,,,100,0,100,0,100,0,100,0,100,0,79,21,100,0,100,0,98,5301,21,21,,,,,100,0,100,0,200,0,,,,,,,,,,,,,,,,,,,,,,,,,,,100,32703,100,50441694088,100,262334079953,,,,,,,,,,
2019-10-27,Z305D6FW,ST4000DM000,4000787030016,0,116,113748608,,,92,0,100,9,100,0,88,787369710,,,63,32829,100,0,,,100,8,,,,,,,,,,,,,,,,,,,,,,,,,,,,,,,,,100,0,100,0,100,0,100,0,100,0,79,21,100,0,100,0,98,5301,21,21,,,,,100,0,100,0,200,0,,,,,,,,,,,,,,,,,,,,,,,,,,,100,32727,100,50464202736,100,262364548138,,,,,,,,,,
2019-10-28,Z305D6FW,ST4000DM000,4000787030016,0,116,106796240,,,92,0,100,9,100,0,88,788320859,,,63,32853,100,0,,,100,8,,,,,,,,,,,,,,,,,,,,,,,,,,,,,,,,,100,0,100,0,100,0,100,0,100,0,79,21,100,0,100,0,98,5301,21,21,,,,,100,0,100,0,200,0,,,,,,,,,,,,,,,,,,,,,,,,,,,100,32751,100,50481332720,100,262403387740,,,,,,,,,,
2019-10-29,Z305D6FW,ST4000DM000,4000787030016,0,117,128160704,,,92,0,100,9,100,0,88,789274464,,,63,32865,100,0,,,100,8,,,,,,,,,,,,,,,,,,,,,,,,,,,,,,,,,100,0,100,0,100,0,100,0,100,0,77,23,100,0,100,0,98,5301,23,23,,,,,100,0,100,0,200,0,,,,,,,,,,,,,,,,,,,,,,,,,,,100,32763,100,50489233792,100,262456043216,,,,,,,,,,
2019-10-30,Z305D6FW,ST4000DM000,4000787030016,0,117,138504824,,,92,0,100,9,100,0,88,790023459,,,63,32877,100,0,,,100,8,,,,,,,,,,,,,,,,,,,,,,,,,,,,,,,,,100,0,100,0,100,0,100,0,100,0,78,22,100,0,100,0,98,5301,22,22,,,,,100,0,100,0,200,0,,,,,,,,,,,,,,,,,,,,,,,,,,,100,32775,100,50495062952,100,262552996664,,,,,,,,,,
2019-10-31,Z305D6FW,ST4000DM000,4000787030016,0,114,79655736,,,92,0,100,9,100,0,88,794108237,,,63,32924,100,0,,,100,8,,,,,,,,,,,,,,,,,,,,,,,,,,,,,,,,,100,0,100,0,100,0,100,0,100,0,79,21,100,0,100,0,98,5301,21,21,,,,,100,0,100,0,200,0,,,,,,,,,,,,,,,,,,,,,,,,,,,100,32822,100,50533975512,100,262944746646,,,,,,,,,,
2019-11-01,Z305D6FW,ST4000DM000,4000787030016,0,117,119375152,,,92,0,100,9,100,0,88,795282078,,,63,32948,100,0,,,100,8,,,,,,,,,,,,,,,,,,,,,,,,,,,,,,,,,100,0,100,0,100,0,100,0,100,0,80,20,100,0,100,0,98,5301,20,20,,,,,100,0,100,0,200,0,,,,,,,,,,,,,,,,,,,,,,,,,,,100,32846,100,50542814624,100,263172101121,,,,,,,,,,
2019-11-02,Z305D6FW,ST4000DM000,4000787030016,0,112,48195712,,,92,0,100,9,100,0,88,797469880,,,63,32972,100,0,,,100,8,,,,,,,,,,,,,,,,,,,,,,,,,,,,,,,,,100,0,100,0,100,0,100,0,100,0,80,20,100,0,100,0,98,5301,20,20,,,,,100,0,100,0,200,0,,,,,,,,,,,,,,,,,,,,,,,,,,,100,32870,100,50555537440,100,263513414159,,,,,,,,,,
2019-11-03,Z305D6FW,ST4000DM000,4000787030016,0,118,180648768,,,92,0,100,9,100,0,88,798437922,,,63,32996,100,0,,,100,8,,,,,,,,,,,,,,,,,,,,,,,,,,,,,,,,,100,0,100,0,100,0,100,0,100,0,79,21,100,0,100,0,98,5301,21,21,,,,,100,0,100,0,200,0,,,,,,,,,,,,,,,,,,,,,,,,,,,100,32894,100,50576700456,100,263853532006,,,,,,,,,,
2019-11-04,Z305D6FW,ST4000DM000,4000787030016,0,113,56305440,,,92,0,100,9,100,0,88,799875130,,,63,33020,100,0,,,100,8,,,,,,,,,,,,,,,,,,,,,,,,,,,,,,,,,100,0,100,0,100,0,100,0,100,0,80,20,100,0,100,0,98,5301,20,20,,,,,100,0,100,0,200,0,,,,,,,,,,,,,,,,,,,,,,,,,,,100,32918,100,50590706720,100,264149767548,,,,,,,,,,
2019-11-06,Z305D6FW,ST4000DM000,4000787030016,0,112,46799136,,,92,0,100,9,100,0,89,805770160,,,63,33067,100,0,,,100,8,,,,,,,,,,,,,,,,,,,,,,,,,,,,,,,,,100,0,100,0,100,0,100,0,100,0,79,21,100,0,100,0,98,5301,21,21,,,,,100,0,100,0,200,0,,,,,,,,,,,,,,,,,,,,,,,,,,,100,32966,100,50628326160,100,264689186675,,,,,,,,,,
2019-11-07,Z305D6FW,ST4000DM000,4000787030016,0,111,35999248,,,92,0,100,9,100,0,89,807496489,,,63,33091,100,0,,,100,8,,,,,,,,,,,,,,,,,,,,,,,,,,,,,,,,,100,0,100,0,100,0,100,0,100,0,78,22,100,0,100,0,98,5301,22,22,,,,,100,0,100,0,200,0,,,,,,,,,,,,,,,,,,,,,,,,,,,100,32990,100,50637193760,100,273563280317,,,,,,,,,,
2019-11-08,Z305D6FW,ST4000DM000,4000787030016,0,118,199431928,,,92,0,100,9,100,0,89,808672284,,,63,33115,100,0,,,100,8,,,,,,,,,,,,,,,,,,,,,,,,,,,,,,,,,100,0,100,0,100,0,100,0,100,0,78,22,100,0,100,0,98,5301,22,22,,,,,100,0,100,0,200,0,,,,,,,,,,,,,,,,,,,,,,,,,,,100,33014,100,50653104184,100,273751577413,,,,,,,,,,
2019-11-09,Z305D6FW,ST4000DM000,4000787030016,0,117,138864304,,,92,0,100,9,100,0,89,811544509,,,63,33139,100,0,,,100,8,,,,,,,,,,,,,,,,,,,,,,,,,,,,,,,,,100,0,100,0,100,0,100,0,100,0,79,21,100,0,100,0,98,5301,21,21,,,,,100,0,100,0,200,0,,,,,,,,,,,,,,,,,,,,,,,,,,,100,33037,100,50661507512,100,278326695798,,,,,,,,,,
2019-11-10,Z305D6FW,ST4000DM000,4000787030016,0,117,167117352,,,92,0,100,9,100,0,89,812638887,,,63,33163,100,0,,,100,8,,,,,,,,,,,,,,,,,,,,,,,,,,,,,,,,,100,0,100,0,100,0,100,0,100,0,79,21,100,0,100,0,98,5301,21,21,,,,,100,0,100,0,200,0,,,,,,,,,,,,,,,,,,,,,,,,,,,100,33061,100,50672301456,100,278481627345,,,,,,,,,,
2019-11-11,Z305D6FW,ST4000DM000,4000787030016,0,119,211924400,,,92,0,100,9,100,0,89,814431936,,,63,33187,100,0,,,100,8,,,,,,,,,,,,,,,,,,,,,,,,,,,,,,,,,100,0,100,0,100,0,100,0,100,0,79,21,100,0,100,0,98,5301,21,21,,,,,100,0,100,0,200,0,,,,,,,,,,,,,,,,,,,,,,,,,,,100,33085,100,50689245984,100,278736708301,,,,,,,,,,
2019-11-12,Z305D6FW,ST4000DM000,4000787030016,0,117,145327544,,,92,0,100,9,100,0,89,816311118,,,63,33211,100,0,,,100,8,,,,,,,,,,,,,,,,,,,,,,,,,,,,,,,,,100,0,100,0,100,0,100,0,100,0,79,21,100,0,100,0,98,5301,21,21,,,,,100,0,100,0,200,0,,,,,,,,,,,,,,,,,,,,,,,,,,,100,33109,100,50703464416,100,278866490222,,,,,,,,,,
2019-11-13,Z305D6FW,ST4000DM000,4000787030016,0,114,81403368,,,92,0,100,9,100,0,89,817894072,,,63,33235,100,0,,,100,8,,,,,,,,,,,,,,,,,,,,,,,,,,,,,,,,,100,0,100,0,100,0,100,0,100,0,79,21,100,0,100,0,98,5301,21,21,,,,,100,0,100,0,200,0,,,,,,,,,,,,,,,,,,,,,,,,,,,100,33133,100,50713634280,100,279093084704,,,,,,,,,,
2019-11-14,Z305D6FW,ST4000DM000,4000787030016,0,114,69724336,,,92,0,100,9,100,0,89,818955023,,,63,33259,100,0,,,100,8,,,,,,,,,,,,,,,,,,,,,,,,,,,,,,,,,100,0,100,0,100,0,100,0,100,0,78,22,100,0,100,0,98,5301,22,22,,,,,100,0,100,0,200,0,,,,,,,,,,,,,,,,,,,,,,,,,,,100,33157,100,50722288680,100,279253741261,,,,,,,,,,
2019-11-15,Z305D6FW,ST4000DM000,4000787030016,0,111,39044904,,,92,0,100,9,100,0,89,820091522,,,63,33282,100,0,,,100,8,,,,,,,,,,,,,,,,,,,,,,,,,,,,,,,,,100,0,100,0,100,0,100,0,100,0,78,22,100,0,100,0,98,5301,22,22,,,,,100,0,100,0,200,0,,,,,,,,,,,,,,,,,,,,,,,,,,,100,33181,100,50729218224,100,279417362825,,,,,,,,,,
2019-11-16,Z305D6FW,ST4000DM000,4000787030016,0,119,209633896,,,92,0,100,9,100,0,89,822802180,,,62,33306,100,0,,,100,8,,,,,,,,,,,,,,,,,,,,,,,,,,,,,,,,,100,0,100,0,100,0,100,0,100,0,79,21,100,0,100,0,98,5301,21,21,,,,,100,0,100,0,200,0,,,,,,,,,,,,,,,,,,,,,,,,,,,100,33205,100,50735713840,100,279640035475,,,,,,,,,,
2019-11-17,Z305D6FW,ST4000DM000,4000787030016,0,118,185801312,,,92,0,100,9,100,0,89,823664485,,,62,33330,100,0,,,100,8,,,,,,,,,,,,,,,,,,,,,,,,,,,,,,,,,100,0,100,0,100,0,100,0,100,0,79,21,100,0,100,0,98,5301,21,21,,,,,100,0,100,0,200,0,,,,,,,,,,,,,,,,,,,,,,,,,,,100,33228,100,50745250976,100,279738751531,,,,,,,,,,
2019-11-18,Z305D6FW,ST4000DM000,4000787030016,0,115,93966904,,,92,0,100,9,100,0,89,824521593,,,62,33354,100,0,,,100,8,,,,,,,,,,,,,,,,,,,,,,,,,,,,,,,,,100,0,100,0,100,0,100,0,100,0,79,21,100,0,100,0,98,5301,21,21,,,,,100,0,100,0,200,0,,,,,,,,,,,,,,,,,,,,,,,,,,,100,33252,100,50751617608,100,279834365694,,,,,,,,,,
2019-11-19,Z305D6FW,ST4000DM000,4000787030016,0,120,236801928,,,92,0,100,9,100,0,89,826419745,,,62,33378,100,0,,,100,8,,,,,,,,,,,,,,,,,,,,,,,,,,,,,,,,,100,0,100,0,100,0,100,0,100,0,78,22,100,0,100,0,98,5301,22,22,,,,,100,0,100,0,200,0,,,,,,,,,,,,,,,,,,,,,,,,,,,100,33276,100,50763239232,100,279978184583,,,,,,,,,,
2019-11-20,Z305D6FW,ST4000DM000,4000787030016,0,111,34772744,,,92,0,100,9,100,0,89,829113374,,,62,33402,100,0,,,100,8,,,,,,,,,,,,,,,,,,,,,,,,,,,,,,,,,100,0,100,0,100,0,100,0,100,0,79,21,100,0,100,0,98,5301,21,21,,,,,100,0,100,0,200,0,,,,,,,,,,,,,,,,,,,,,,,,,,,100,33300,100,50774541864,100,280225480705,,,,,,,,,,
2019-11-21,Z305D6FW,ST4000DM000,4000787030016,0,119,231231312,,,92,0,100,9,100,0,89,830165060,,,62,33426,100,0,,,100,8,,,,,,,,,,,,,,,,,,,,,,,,,,,,,,,,,100,0,100,0,100,0,100,0,100,0,78,22,100,0,100,0,98,5301,22,22,,,,,100,0,100,0,200,0,,,,,,,,,,,,,,,,,,,,,,,,,,,100,33324,100,50784413656,100,280452997159,,,,,,,,,,
2019-11-22,Z305D6FW,ST4000DM000,4000787030016,0,119,210079800,,,92,0,100,9,100,0,89,831960389,,,62,33450,100,0,,,100,8,,,,,,,,,,,,,,,,,,,,,,,,,,,,,,,,,100,0,100,0,100,0,100,0,100,0,76,24,100,0,100,0,98,5301,24,24,,,,,100,0,100,0,200,0,,,,,,,,,,,,,,,,,,,,,,,,,,,100,33348,100,50791535400,100,280794963689,,,,,,,,,,
2019-11-23,Z305D6FW,ST4000DM000,4000787030016,0,114,71853112,,,92,0,100,9,100,0,89,834807146,,,62,33474,100,0,,,100,8,,,,,,,,,,,,,,,,,,,,,,,,,,,,,,,,,100,0,100,0,100,0,100,0,100,0,79,21,100,0,100,0,98,5301,21,21,,,,,100,0,100,0,200,0,,,,,,,,,,,,,,,,,,,,,,,,,,,100,33372,100,50806851728,100,281175268914,,,,,,,,,,
2019-11-24,Z305D6FW,ST4000DM000,4000787030016,0,118,181904784,,,92,0,100,9,100,0,89,836649139,,,62,33497,100,0,,,100,8,,,,,,,,,,,,,,,,,,,,,,,,,,,,,,,,,100,0,100,0,100,0,100,0,100,0,79,21,100,0,100,0,98,5301,21,21,,,,,100,0,100,0,200,0,,,,,,,,,,,,,,,,,,,,,,,,,,,100,33396,100,50821194608,100,285832409021,,,,,,,,,,
2019-11-25,Z305D6FW,ST4000DM000,4000787030016,0,108,18164912,,,92,0,100,9,100,0,89,838719969,,,62,33521,100,0,,,100,8,,,,,,,,,,,,,,,,,,,,,,,,,,,,,,,,,100,0,100,0,100,0,100,0,100,0,78,22,100,0,100,0,98,5301,22,22,,,,,100,0,100,0,200,0,,,,,,,,,,,,,,,,,,,,,,,,,,,100,33420,100,50831597136,100,286111164231,,,,,,,,,,
2019-11-26,Z305D6FW,ST4000DM000,4000787030016,0,117,154505544,,,92,0,100,9,100,0,89,841017920,,,62,33545,100,0,,,100,8,,,,,,,,,,,,,,,,,,,,,,,,,,,,,,,,,100,0,100,0,100,0,100,0,100,0,78,22,100,0,100,0,98,5301,22,22,,,,,100,0,100,0,200,0,,,,,,,,,,,,,,,,,,,,,,,,,,,100,33444,100,50845988032,100,286278199235,,,,,,,,,,
2019-11-27,Z305D6FW,ST4000DM000,4000787030016,0,117,155247824,,,92,0,100,9,100,0,89,842233532,,,62,33569,100,0,,,100,8,,,,,,,,,,,,,,,,,,,,,,,,,,,,,,,,,100,0,100,0,100,0,100,0,100,0,78,22,100,0,100,0,98,5301,22,22,,,,,100,0,100,0,200,0,,,,,,,,,,,,,,,,,,,,,,,,,,,100,33467,100,50859649832,100,286485857573,,,,,,,,,,
2019-11-28,Z305D6FW,ST4000DM000,4000787030016,0,115,95491448,,,92,0,100,9,100,0,89,843502841,,,62,33593,100,0,,,100,8,,,,,,,,,,,,,,,,,,,,,,,,,,,,,,,,,100,0,100,0,100,0,100,0,100,0,78,22,100,0,100,0,98,5301,22,22,,,,,100,0,100,0,200,0,,,,,,,,,,,,,,,,,,,,,,,,,,,100,33491,100,50885582056,100,286696832665,,,,,,,,,,
2019-11-29,Z305D6FW,ST4000DM000,4000787030016,0,119,211809912,,,92,0,100,9,100,0,89,844952714,,,62,33617,100,0,,,100,8,,,,,,,,,,,,,,,,,,,,,,,,,,,,,,,,,100,0,100,0,100,0,100,0,100,0,78,22,100,0,100,0,98,5301,22,22,,,,,100,0,100,0,200,0,,,,,,,,,,,,,,,,,,,,,,,,,,,100,33515,100,50896006400,100,286906029527,,,,,,,,,,
2019-11-30,Z305D6FW,ST4000DM000,4000787030016,0,118,196580504,,,92,0,100,9,100,0,89,847456211,,,62,33641,100,0,,,100,8,,,,,,,,,,,,,,,,,,,,,,,,,,,,,,,,,100,0,100,0,100,0,100,0,100,0,78,22,100,0,100,0,98,5301,22,22,,,,,100,0,100,0,200,0,,,,,,,,,,,,,,,,,,,,,,,,,,,100,33539,100,50904759696,100,287117537296,,,,,,,,,,
2019-12-01,Z305D6FW,ST4000DM000,4000787030016,0,118,171454136,,,92,0,100,9,100,0,89,849244682,,,62,33665,100,0,,,100,8,,,,,,,,,,,,,,,,,,,,,,,,,,,,,,,,,100,0,100,0,100,0,100,0,100,0,78,22,100,0,100,0,98,5301,22,22,,,,,100,0,100,0,200,0,,,,,,,,,,,,,,,,,,,,,,,,,,,100,33563,100,50918696720,100,287388106258,,,,,,,,,,
2019-12-02,Z305D6FW,ST4000DM000,4000787030016,0,114,69842848,,,92,0,100,9,100,0,89,850863498,,,62,33688,100,0,,,100,8,,,,,,,,,,,,,,,,,,,,,,,,,,,,,,,,,100,0,100,0,100,0,100,0,100,0,78,22,100,0,100,0,98,5301,22,22,,,,,100,0,100,0,200,0,,,,,,,,,,,,,,,,,,,,,,,,,,,100,33587,100,50932779800,100,291911808912,,,,,,,,,,
2019-12-03,Z305D6FW,ST4000DM000,4000787030016,0,118,194553440,,,92,0,100,9,100,0,89,852460732,,,62,33712,100,0,,,100,8,,,,,,,,,,,,,,,,,,,,,,,,,,,,,,,,,100,0,100,0,100,0,100,0,100,0,78,22,100,0,100,0,98,5301,22,22,,,,,100,0,100,0,200,0,,,,,,,,,,,,,,,,,,,,,,,,,,,100,33611,100,50946884576,100,296276434771,,,,,,,,,,
2019-12-04,Z305D6FW,ST4000DM000,4000787030016,0,119,230211048,,,92,0,100,9,100,0,89,853667618,,,62,33736,100,0,,,100,8,,,,,,,,,,,,,,,,,,,,,,,,,,,,,,,,,100,0,100,0,100,0,100,0,100,0,78,22,100,0,100,0,98,5301,22,22,,,,,100,0,100,0,200,0,,,,,,,,,,,,,,,,,,,,,,,,,,,100,33634,100,50961475496,100,296422400771,,,,,,,,,,
2019-12-05,Z305D6FW,ST4000DM000,4000787030016,0,106,11308248,,,92,0,100,9,100,0,89,854821052,,,62,33760,100,0,,,100,8,,,,,,,,,,,,,,,,,,,,,,,,,,,,,,,,,100,0,100,0,100,0,100,0,100,0,78,22,100,0,100,0,98,5301,22,22,,,,,100,0,100,0,200,0,,,,,,,,,,,,,,,,,,,,,,,,,,,100,33658,100,50980641832,100,300912074966,,,,,,,,,,
2019-12-06,Z305D6FW,ST4000DM000,4000787030016,0,118,169340944,,,92,0,100,9,100,0,89,856329377,,,62,33784,100,0,,,100,8,,,,,,,,,,,,,,,,,,,,,,,,,,,,,,,,,100,0,100,0,100,0,100,0,100,0,78,22,100,0,100,0,98,5301,22,22,,,,,100,0,100,0,200,0,,,,,,,,,,,,,,,,,,,,,,,,,,,100,33682,100,50990197008,100,305399244139,,,,,,,,,,
2019-12-07,Z305D6FW,ST4000DM000,4000787030016,0,115,100416040,,,92,0,100,9,100,0,89,858442853,,,62,33808,100,0,,,100,8,,,,,,,,,,,,,,,,,,,,,,,,,,,,,,,,,100,0,100,0,100,0,100,0,100,0,78,22,100,0,100,0,98,5301,22,22,,,,,100,0,100,0,200,0,,,,,,,,,,,,,,,,,,,,,,,,,,,100,33706,100,50998967264,100,305527446419,,,,,,,,,,
2019-12-08,Z305D6FW,ST4000DM000,4000787030016,0,119,207278464,,,92,0,100,9,100,0,89,860805626,,,62,33831,100,0,,,100,8,,,,,,,,,,,,,,,,,,,,,,,,,,,,,,,,,100,0,100,0,100,0,100,0,100,0,78,22,100,0,100,0,98,5301,22,22,,,,,100,0,100,0,200,0,,,,,,,,,,,,,,,,,,,,,,,,,,,100,33730,100,51011933584,100,309964086268,,,,,,,,,,
2019-12-09,Z305D6FW,ST4000DM000,4000787030016,0,118,180683744,,,92,0,100,9,100,0,89,863340409,,,62,33855,100,0,,,100,8,,,,,,,,,,,,,,,,,,,,,,,,,,,,,,,,,100,0,100,0,100,0,100,0,100,0,78,22,100,0,100,0,98,5301,22,22,,,,,100,0,100,0,200,0,,,,,,,,,,,,,,,,,,,,,,,,,,,100,33753,100,51028000520,100,314520660177,,,,,,,,,,
2019-12-10,Z305D6FW,ST4000DM000,4000787030016,0,111,39492368,,,92,0,100,9,100,0,89,865516312,,,62,33879,100,0,,,100,8,,,,,,,,,,,,,,,,,,,,,,,,,,,,,,,,,100,0,100,0,100,0,100,0,100,0,78,22,100,0,100,0,98,5301,22,22,,,,,100,0,100,0,200,0,,,,,,,,,,,,,,,,,,,,,,,,,,,100,33777,100,51043363096,100,314634608306,,,,,,,,,,
2019-12-11,Z305D6FW,ST4000DM000,4000787030016,0,119,217336896,,,92,0,100,9,100,0,89,866638046,,,62,33903,100,0,,,100,8,,,,,,,,,,,,,,,,,,,,,,,,,,,,,,,,,100,0,100,0,100,0,100,0,100,0,79,21,100,0,100,0,98,5301,21,21,,,,,100,0,100,0,200,0,,,,,,,,,,,,,,,,,,,,,,,,,,,100,33801,100,51059284792,100,314889494667,,,,,,,,,,
2019-12-12,Z305D6FW,ST4000DM000,4000787030016,0,119,203335232,,,92,0,100,9,100,0,89,867512307,,,62,33927,100,0,,,100,8,,,,,,,,,,,,,,,,,,,,,,,,,,,,,,,,,100,0,100,0,100,0,100,0,100,0,78,22,100,0,100,0,98,5301,22,22,,,,,100,0,100,0,200,0,,,,,,,,,,,,,,,,,,,,,,,,,,,100,33825,100,51071003976,100,315164090191,,,,,,,,,,
2019-12-13,Z305D6FW,ST4000DM000,4000787030016,0,120,242337312,,,92,0,100,9,100,0,89,868485448,,,62,33951,100,0,,,100,8,,,,,,,,,,,,,,,,,,,,,,,,,,,,,,,,,100,0,100,0,100,0,100,0,100,0,78,22,100,0,100,0,98,5301,22,22,,,,,100,0,100,0,200,0,,,,,,,,,,,,,,,,,,,,,,,,,,,100,33849,100,51089369992,100,315504193069,,,,,,,,,,
2019-12-14,Z305D6FW,ST4000DM000,4000787030016,0,119,213444104,,,92,0,100,9,100,0,89,871290259,,,62,33974,100,0,,,100,8,,,,,,,,,,,,,,,,,,,,,,,,,,,,,,,,,100,0,100,0,100,0,100,0,100,0,79,21,100,0,100,0,98,5301,21,21,,,,,100,0,100,0,200,0,,,,,,,,,,,,,,,,,,,,,,,,,,,100,33873,100,51114860992,100,315882146867,,,,,,,,,,
2019-12-15,Z305D6FW,ST4000DM000,4000787030016,0,119,222194656,,,92,0,100,9,100,0,89,873912814,,,62,33998,100,0,,,100,8,,,,,,,,,,,,,,,,,,,,,,,,,,,,,,,,,100,0,100,0,100,0,100,0,100,0,78,22,100,0,100,0,98,5301,22,22,,,,,100,0,100,0,200,0,,,,,,,,,,,,,,,,,,,,,,,,,,,100,33897,100,51127123944,100,320501140591,,,,,,,,,,
2019-12-16,Z305D6FW,ST4000DM000,4000787030016,0,118,197564320,,,92,0,100,9,100,0,89,875702455,,,62,34022,100,0,,,100,8,,,,,,,,,,,,,,,,,,,,,,,,,,,,,,,,,100,0,100,0,100,0,100,0,100,0,78,22,100,0,100,0,98,5301,22,22,,,,,100,0,100,0,200,0,,,,,,,,,,,,,,,,,,,,,,,,,,,100,33921,100,51140141216,100,320769048749,,,,,,,,,,
2019-12-17,Z305D6FW,ST4000DM000,4000787030016,0,117,148921424,,,92,0,100,9,100,0,89,877414028,,,62,34046,100,0,,,100,8,,,,,,,,,,,,,,,,,,,,,,,,,,,,,,,,,100,0,100,0,100,0,100,0,100,0,78,22,100,0,100,0,98,5301,22,22,,,,,100,0,100,0,200,0,,,,,,,,,,,,,,,,,,,,,,,,,,,100,33945,100,51154303008,100,320879827109,,,,,,,,,,
2019-12-18,Z305D6FW,ST4000DM000,4000787030016,0,113,52855408,,,92,0,100,9,100,0,89,879776558,,,62,34082,100,0,,,100,8,,,,,,,,,,,,,,,,,,,,,,,,,,,,,,,,,100,0,100,0,100,0,100,0,100,0,77,23,100,0,100,0,98,5301,23,23,,,,,100,0,100,0,200,0,,,,,,,,,,,,,,,,,,,,,,,,,,,100,33980,100,51174081416,100,321227359161,,,,,,,,,,
2019-12-19,Z305D6FW,ST4000DM000,4000787030016,0,111,31412432,,,92,0,100,9,100,0,89,880777324,,,62,34106,100,0,,,100,8,,,,,,,,,,,,,,,,,,,,,,,,,,,,,,,,,100,0,100,0,100,0,100,0,100,0,77,23,100,0,100,0,98,5301,23,23,,,,,100,0,100,0,200,0,,,,,,,,,,,,,,,,,,,,,,,,,,,100,34004,100,51184710056,100,321397188486,,,,,,,,,,
2019-12-20,Z305D6FW,ST4000DM000,4000787030016,0,116,117035080,,,92,0,100,9,100,0,89,881392144,,,62,34118,100,0,,,100,8,,,,,,,,,,,,,,,,,,,,,,,,,,,,,,,,,100,0,100,0,100,0,100,0,100,0,78,22,100,0,100,0,98,5301,22,22,,,,,100,0,100,0,200,0,,,,,,,,,,,,,,,,,,,,,,,,,,,100,34016,100,51190697088,100,321476419331,,,,,,,,,,
2019-12-21,Z305D6FW,ST4000DM000,4000787030016,0,119,201599152,,,92,0,100,9,100,0,89,884073974,,,62,34142,100,0,,,100,8,,,,,,,,,,,,,,,,,,,,,,,,,,,,,,,,,100,0,100,0,100,0,100,0,100,0,78,22,100,0,100,0,98,5301,22,22,,,,,100,0,100,0,200,0,,,,,,,,,,,,,,,,,,,,,,,,,,,100,34040,100,51201215240,100,321778758579,,,,,,,,,,
2019-12-22,Z305D6FW,ST4000DM000,4000787030016,0,118,178484616,,,92,0,100,9,100,0,89,885848458,,,61,34165,100,0,,,100,8,,,,,,,,,,,,,,,,,,,,,,,,,,,,,,,,,100,0,100,0,100,0,100,0,100,0,78,22,100,0,100,0,98,5301,22,22,,,,,100,0,100,0,200,0,,,,,,,,,,,,,,,,,,,,,,,,,,,100,34064,100,51211719328,100,321990675201,,,,,,,,,,
2019-12-23,Z305D6FW,ST4000DM000,4000787030016,0,113,57406920,,,92,0,100,9,100,0,89,887114884,,,61,34189,100,0,,,100,8,,,,,,,,,,,,,,,,,,,,,,,,,,,,,,,,,100,0,100,0,100,0,100,0,100,0,78,22,100,0,100,0,98,5301,22,22,,,,,100,0,100,0,200,0,,,,,,,,,,,,,,,,,,,,,,,,,,,100,34088,100,51224932232,100,322145128676,,,,,,,,,,
2019-12-24,Z305D6FW,ST4000DM000,4000787030016,0,114,72123928,,,92,0,100,9,100,0,89,888430718,,,61,34213,100,0,,,100,8,,,,,,,,,,,,,,,,,,,,,,,,,,,,,,,,,100,0,100,0,100,0,100,0,100,0,78,22,100,0,100,0,98,5301,22,22,,,,,100,0,100,0,200,0,,,,,,,,,,,,,,,,,,,,,,,,,,,100,34111,100,51235443440,100,322193802820,,,,,,,,,,
2019-12-25,Z305D6FW,ST4000DM000,4000787030016,0,111,36178512,,,92,0,100,9,100,0,89,889780967,,,61,34237,100,0,,,100,8,,,,,,,,,,,,,,,,,,,,,,,,,,,,,,,,,100,0,100,0,100,0,100,0,100,0,77,23,100,0,100,0,98,5301,23,23,,,,,100,0,100,0,200,0,,,,,,,,,,,,,,,,,,,,,,,,,,,100,34135,100,51251136600,100,322356695700,,,,,,,,,,
2019-12-26,Z305D6FW,ST4000DM000,4000787030016,0,114,79226128,,,92,0,100,9,100,0,89,892542940,,,61,34261,100,0,,,100,8,,,,,,,,,,,,,,,,,,,,,,,,,,,,,,,,,100,0,100,0,100,0,100,0,100,0,78,22,100,0,100,0,98,5301,22,22,,,,,100,0,100,0,200,0,,,,,,,,,,,,,,,,,,,,,,,,,,,100,34159,100,51269069744,100,326867388116,,,,,,,,,,
2019-12-27,Z305D6FW,ST4000DM000,4000787030016,0,117,117659912,,,92,0,100,9,100,0,89,893488714,,,61,34285,100,0,,,100,8,,,,,,,,,,,,,,,,,,,,,,,,,,,,,,,,,100,0,100,0,100,0,100,0,100,0,77,23,100,0,100,0,98,5301,23,23,,,,,100,0,100,0,200,0,,,,,,,,,,,,,,,,,,,,,,,,,,,100,34183,100,51287162224,100,326974538776,,,,,,,,,,
2019-12-28,Z305D6FW,ST4000DM000,4000787030016,0,113,51601112,,,92,0,100,9,100,0,89,894958426,,,61,34309,100,0,,,100,8,,,,,,,,,,,,,,,,,,,,,,,,,,,,,,,,,100,0,100,0,100,0,100,0,100,0,78,22,100,0,100,0,98,5301,22,22,,,,,100,0,100,0,200,0,,,,,,,,,,,,,,,,,,,,,,,,,,,100,34207,100,51306117088,100,327078592897,,,,,,,,,,
2019-12-29,Z305D6FW,ST4000DM000,4000787030016,0,116,108704648,,,92,0,100,9,100,0,89,897927034,,,61,34333,100,0,,,100,8,,,,,,,,,,,,,,,,,,,,,,,,,,,,,,,,,100,0,100,0,100,0,100,0,100,0,77,23,100,0,100,0,98,5301,23,23,,,,,100,0,100,0,200,0,,,,,,,,,,,,,,,,,,,,,,,,,,,100,34231,100,51320110488,100,327362635190,,,,,,,,,,
2019-12-30,Z305D6FW,ST4000DM000,4000787030016,0,113,55117320,,,92,0,100,9,100,0,89,900604494,,,61,34369,100,0,,,100,8,,,,,,,,,,,,,,,,,,,,,,,,,,,,,,,,,100,0,100,0,100,0,100,0,100,0,79,21,100,0,100,0,98,5301,21,21,,,,,100,0,100,0,200,0,,,,,,,,,,,,,,,,,,,,,,,,,,,100,34267,100,51339582160,100,327644538881,,,,,,,,,,
2019-12-31,Z305D6FW,ST4000DM000,4000787030016,0,118,200093080,,,92,0,100,9,100,0,89,902044761,,,61,34392,100,0,,,100,8,,,,,,,,,,,,,,,,,,,,,,,,,,,,,,,,,100,0,100,0,100,0,100,0,100,0,79,21,100,0,100,0,98,5301,21,21,,,,,100,0,100,0,200,0,,,,,,,,,,,,,,,,,,,,,,,,,,,100,34291,100,51351879864,100,327905541280,,,,,,,,,,
