2019-01-01,S300Z6Y7,ST4000DM000,4000787030016,0,117,117711536,92.0,0.0,100.0,8.0,100.0,0.0,86.0,412478095.0,66,30321,100.0,0.0,100,8,100.0,0.0,100.0,0.0,100.0,0.0,100.0,0.0,100.0,0.0,77.0,23.0,100.0,0.0,100.0,0.0,77.0,47922.0,23,23,100.0,0.0,100.0,0.0,200.0,0.0,100.0,29952.0,100.0,50761663792.0,100.0,125167020531.0
2019-01-02,S300Z6Y7,ST4000DM000,4000787030016,0,114,80819504,92.0,0.0,100.0,8.0,100.0,0.0,86.0,413824826.0,66,30345,100.0,0.0,100,8,100.0,0.0,100.0,0.0,100.0,0.0,100.0,0.0,100.0,0.0,77.0,23.0,100.0,0.0,100.0,0.0,77.0,47922.0,23,23,100.0,0.0,100.0,0.0,200.0,0.0,100.0,29977.0,100.0,50765128240.0,100.0,125328483501.0
2019-01-03,S300Z6Y7,ST4000DM000,4000787030016,0,117.0,130461408.0,92.0,0.0,100.0,8.0,100.0,0.0,86.0,414707620.0,66.0,30369.0,100.0,0.0,100.0,8.0,100.0,0.0,100.0,0.0,100.0,0.0,100.0,0.0,100.0,0.0,77.0,23.0,100.0,0.0,100.0,0.0,77.0,47922.0,23.0,23.0,100.0,0.0,100.0,0.0,200.0,0.0,100.0,30001.0,100.0,50767137664.0,100.0,125495022435.0
2019-01-04,S300Z6Y7,ST4000DM000,4000787030016,0,115,95833008,92.0,0.0,100.0,8.0,100.0,0.0,86.0,416693668.0,66,30393,100.0,0.0,100,8,100.0,0.0,100.0,0.0,100.0,0.0,100.0,0.0,100.0,0.0,76.0,24.0,100.0,0.0,100.0,0.0,77.0,47922.0,24,24,100.0,0.0,100.0,0.0,200.0,0.0,100.0,30024.0,100.0,50772333424.0,100.0,125670137397.0
2019-01-05,S300Z6Y7,ST4000DM000,4000787030016,0,111,37779368,92.0,0.0,100.0,8.0,100.0,0.0,86.0,417643656.0,66,30417,100.0,0.0,100,8,100.0,0.0,100.0,0.0,100.0,0.0,100.0,0.0,100.0,0.0,75.0,25.0,100.0,0.0,100.0,0.0,77.0,47922.0,25,25,100.0,0.0,100.0,0.0,200.0,0.0,100.0,30049.0,100.0,50774726840.0,100.0,125820595457.0
2019-01-06,S300Z6Y7,ST4000DM000,4000787030016,0,117,148223832,92.0,0.0,100.0,8.0,100.0,0.0,86.0,419513504.0,66,30440,100.0,0.0,100,8,100.0,0.0,100.0,0.0,100.0,0.0,100.0,0.0,100.0,0.0,76.0,24.0,100.0,0.0,100.0,0.0,77.0,47922.0,24,24,100.0,0.0,100.0,0.0,200.0,0.0,100.0,30072.0,100.0,50779802000.0,100.0,126015044292.0
2019-01-07,S300Z6Y7,ST4000DM000,4000787030016,0,113,54913512,92.0,0.0,100.0,8.0,100.0,0.0,86.0,420382439.0,66,30465,100.0,0.0,100,8,100.0,0.0,100.0,0.0,100.0,0.0,100.0,0.0,100.0,0.0,76.0,24.0,100.0,0.0,100.0,0.0,77.0,47922.0,24,24,100.0,0.0,100.0,0.0,200.0,0.0,100.0,30096.0,100.0,50782215568.0,100.0,126171408962.0
2019-01-08,S300Z6Y7,ST4000DM000,4000787030016,0,114,82146056,92.0,0.0,100.0,8.0,100.0,0.0,86.0,421745141.0,66,30489,100.0,0.0,100,8,100.0,0.0,100.0,0.0,100.0,0.0,100.0,0.0,100.0,0.0,77.0,23.0,100.0,0.0,100.0,0.0,77.0,47922.0,23,23,100.0,0.0,100.0,0.0,200.0,0.0,100.0,30120.0,100.0,50785680944.0,100.0,126326115968.0
2019-01-09,S300Z6Y7,ST4000DM000,4000787030016,0,117,137166360,92.0,0.0,100.0,8.0,100.0,0.0,86.0,422808608.0,66,30513,100.0,0.0,100,8,100.0,0.0,100.0,0.0,100.0,0.0,100.0,0.0,100.0,0.0,77.0,23.0,100.0,0.0,100.0,0.0,77.0,47922.0,23,23,100.0,0.0,100.0,0.0,200.0,0.0,100.0,30145.0,100.0,50788819456.0,100.0,126465472276.0
2019-01-10,S300Z6Y7,ST4000DM000,4000787030016,0,118,181898936,92.0,0.0,100.0,8.0,100.0,0.0,86.0,423378619.0,66,30535,100.0,0.0,100,8,100.0,0.0,100.0,0.0,100.0,0.0,100.0,0.0,100.0,0.0,77.0,23.0,100.0,0.0,100.0,0.0,77.0,47922.0,23,23,100.0,0.0,100.0,0.0,200.0,0.0,100.0,30166.0,100.0,50790631752.0,100.0,126554223934.0
2019-01-11,S300Z6Y7,ST4000DM000,4000787030016,0,118.0,192338016.0,92.0,0.0,100.0,8.0,100.0,0.0,86.0,424392692.0,66.0,30558.0,100.0,0.0,100.0,8.0,100.0,0.0,100.0,0.0,100.0,0.0,100.0,0.0,100.0,0.0,77.0,23.0,100.0,0.0,100.0,0.0,77.0,47922.0,23.0,23.0,100.0,0.0,100.0,0.0,200.0,0.0,100.0,30190.0,100.0,50792439680.0,100.0,126698819039.0
2019-01-12,S300Z6Y7,ST4000DM000,4000787030016,0,116,106120400,92.0,0.0,100.0,8.0,100.0,0.0,86.0,425550077.0,66,30582,100.0,0.0,100,8,100.0,0.0,100.0,0.0,100.0,0.0,100.0,0.0,100.0,0.0,77.0,23.0,100.0,0.0,100.0,0.0,77.0,47922.0,23,23,100.0,0.0,100.0,0.0,200.0,0.0,100.0,30213.0,100.0,50794980904.0,100.0,126831149770.0
2019-01-13,S300Z6Y7,ST4000DM000,4000787030016,0,120,235033624,92.0,0.0,100.0,8.0,100.0,0.0,86.0,427821993.0,66,30605,100.0,0.0,100,8,100.0,0.0,100.0,0.0,100.0,0.0,100.0,0.0,100.0,0.0,77.0,23.0,100.0,0.0,100.0,0.0,77.0,47922.0,23,23,100.0,0.0,100.0,0.0,200.0,0.0,100.0,30237.0,100.0,50800806568.0,100.0,126984128222.0
2019-01-14,S300Z6Y7,ST4000DM000,4000787030016,0,114,73257608,92.0,0.0,100.0,8.0,100.0,0.0,86.0,428818768.0,66,30629,100.0,0.0,100,8,100.0,0.0,100.0,0.0,100.0,0.0,100.0,0.0,100.0,0.0,77.0,23.0,100.0,0.0,100.0,0.0,77.0,47922.0,23,23,100.0,0.0,100.0,0.0,200.0,0.0,100.0,30260.0,100.0,50802935712.0,100.0,127129514162.0
2019-01-15,S300Z6Y7,ST4000DM000,4000787030016,0,111.0,35749864.0,92.0,0.0,100.0,8.0,100.0,0.0,86.0,429635669.0,66.0,30652.0,100.0,0.0,100.0,8.0,100.0,0.0,100.0,0.0,100.0,0.0,100.0,0.0,100.0,0.0,77.0,23.0,100.0,0.0,100.0,0.0,77.0,47922.0,23.0,23.0,100.0,0.0,100.0,0.0,200.0,0.0,100.0,30284.0,100.0,50805380320.0,100.0,127271799066.0
2019-01-16,S300Z6Y7,ST4000DM000,4000787030016,0,116,101804680,92.0,0.0,100.0,8.0,100.0,0.0,86.0,431098246.0,65,30676,100.0,0.0,100,8,100.0,0.0,100.0,0.0,100.0,0.0,100.0,0.0,100.0,0.0,76.0,24.0,100.0,0.0,100,0,77.0,47922.0,24,24,100.0,0.0,100.0,0.0,200.0,0.0,100.0,30307.0,100.0,50811746056.0,100.0,127393882113.0
2019-01-17,S300Z6Y7,ST4000DM000,4000787030016,0,117,145379632,92.0,0.0,100.0,8.0,100.0,0.0,86.0,431796812.0,65,30699,100.0,0.0,100,8,100.0,0.0,100.0,0.0,100.0,0.0,100.0,0.0,100.0,0.0,77.0,23.0,100.0,0.0,100,0,77.0,47922.0,23,23,100.0,0.0,100.0,0.0,200.0,0.0,100.0,30331.0,100.0,50813303504.0,100.0,127537876745.0
2019-01-18,S300Z6Y7,ST4000DM000,4000787030016,0,117,145265584,92.0,0.0,100.0,8.0,100.0,0.0,86.0,432284086.0,65,30723,100.0,0.0,100,8,100.0,0.0,100.0,0.0,100.0,0.0,100.0,0.0,100.0,0.0,77.0,23.0,100.0,0.0,100,0,77.0,47922.0,23,23,100.0,0.0,100.0,0.0,200.0,0.0,100.0,30354.0,100.0,50815062760.0,100.0,127662422389.0
2019-01-19,S300Z6Y7,ST4000DM000,4000787030016,0,114,64483904,92.0,0.0,100.0,8.0,100.0,0.0,86.0,432729619.0,65,30746,100.0,0.0,100,8,100.0,0.0,100.0,0.0,100.0,0.0,100.0,0.0,100.0,0.0,77.0,23.0,100.0,0.0,100,0,77.0,47922.0,23,23,100.0,0.0,100.0,0.0,200.0,0.0,100.0,30378.0,100.0,50817541336.0,100.0,127816606137.0
2019-01-20,S300Z6Y7,ST4000DM000,4000787030016,0,114,79709600,92.0,0.0,100.0,8.0,100.0,0.0,86.0,433975786.0,65,30770,100.0,0.0,100,8,100.0,0.0,100.0,0.0,100.0,0.0,100.0,0.0,100.0,0.0,77.0,23.0,100.0,0.0,100,0,77.0,47922.0,23,23,100.0,0.0,100.0,0.0,200.0,0.0,100.0,30401.0,100.0,50823287160.0,100.0,127990389392.0
2019-01-21,S300Z6Y7,ST4000DM000,4000787030016,0,117,165770896,92.0,0.0,100.0,8.0,100.0,0.0,86.0,434348866.0,65,30793,100.0,0.0,100,8,100.0,0.0,100.0,0.0,100.0,0.0,100.0,0.0,100.0,0.0,77.0,23.0,100.0,0.0,100,0,77.0,47922.0,23,23,100.0,0.0,100.0,0.0,200.0,0.0,100.0,30425.0,100.0,50825464672.0,100.0,128119622724.0
2019-01-22,S300Z6Y7,ST4000DM000,4000787030016,0,114.0,72441056.0,92.0,0.0,100.0,8.0,100.0,0.0,86.0,435936303.0,65.0,30817.0,100.0,0.0,100.0,8.0,100.0,0.0,100.0,0.0,100.0,0.0,100.0,0.0,100.0,0.0,77.0,23.0,100.0,0.0,100.0,0.0,77.0,47922.0,23.0,23.0,100.0,0.0,100.0,0.0,200.0,0.0,100.0,30448.0,100.0,50832408432.0,100.0,128306121409.0
2019-01-23,S300Z6Y7,ST4000DM000,4000787030016,0,110.0,27607600.0,92.0,0.0,100.0,8.0,100.0,0.0,86.0,437005683.0,65.0,30840.0,100.0,0.0,100.0,8.0,100.0,0.0,100.0,0.0,100.0,0.0,100.0,0.0,100.0,0.0,76.0,24.0,100.0,0.0,100.0,0.0,77.0,47922.0,24.0,24.0,100.0,0.0,100.0,0.0,200.0,0.0,100.0,30471.0,100.0,50835417784.0,100.0,128450795407.0
2019-01-24,S300Z6Y7,ST4000DM000,4000787030016,0,119.0,209466896.0,92.0,0.0,100.0,8.0,100.0,0.0,86.0,437831169.0,65.0,30864.0,100.0,0.0,100.0,8.0,100.0,0.0,100.0,0.0,100.0,0.0,100.0,0.0,100.0,0.0,76.0,24.0,100.0,0.0,100.0,0.0,77.0,47922.0,24.0,24.0,100.0,0.0,100.0,0.0,200.0,0.0,100.0,30495.0,100.0,50837451304.0,100.0,128638326122.0
2019-01-25,S300Z6Y7,ST4000DM000,4000787030016,0,114,63546192,92.0,0.0,100.0,8.0,100.0,0.0,86.0,438566282.0,65,30887,100.0,0.0,100,8,100.0,0.0,100.0,0.0,100.0,0.0,100.0,0.0,100.0,0.0,76.0,24.0,100.0,0.0,100,0,77.0,47922.0,24,24,100.0,0.0,100.0,0.0,200.0,0.0,100.0,30519.0,100.0,50839639720.0,100.0,128781210654.0
2019-01-26,S300Z6Y7,ST4000DM000,4000787030016,0,118,178936672,92.0,0.0,100.0,8.0,100.0,0.0,86.0,439275242.0,65,30911,100.0,0.0,100,8,100.0,0.0,100.0,0.0,100.0,0.0,100.0,0.0,100.0,0.0,77.0,23.0,100.0,0.0,100,0,77.0,47922.0,23,23,100.0,0.0,100.0,0.0,200.0,0.0,100.0,30542.0,100.0,50841616512.0,100.0,128920922648.0
2019-01-27,S300Z6Y7,ST4000DM000,4000787030016,0,117,120814208,92.0,0.0,100.0,8.0,100.0,0.0,86.0,440755228.0,65,30934,100.0,0.0,100,8,100.0,0.0,100.0,0.0,100.0,0.0,100.0,0.0,100.0,0.0,77.0,23.0,100.0,0.0,100,0,77.0,47922.0,23,23,100.0,0.0,100.0,0.0,200.0,0.0,100.0,30565.0,100.0,50844979680.0,100.0,129099362798.0
2019-01-28,S300Z6Y7,ST4000DM000,4000787030016,0,119,213027920,92.0,0.0,100.0,8.0,100.0,0.0,86.0,442998151.0,65,30958,100.0,0.0,100,8,100.0,0.0,100.0,0.0,100.0,0.0,100.0,0.0,100.0,0.0,77.0,23.0,100.0,0.0,100,0,77.0,47922.0,23,23,100.0,0.0,100.0,0.0,200.0,0.0,100.0,30589.0,100.0,50848877216.0,100.0,129273913674.0
2019-01-29,S300Z6Y7,ST4000DM000,4000787030016,0,118,189102832,92.0,0.0,100.0,8.0,100.0,0.0,86.0,444217033.0,65,30981,100.0,0.0,100,8,100.0,0.0,100.0,0.0,100.0,0.0,100.0,0.0,100.0,0.0,77.0,23.0,100.0,0.0,100,0,77.0,47922.0,23,23,100.0,0.0,100.0,0.0,200.0,0.0,100.0,30612.0,100.0,50850514048.0,100.0,129419541541.0
2019-01-30,S300Z6Y7,ST4000DM000,4000787030016,0,117,127104408,92.0,0.0,100.0,8.0,100.0,0.0,86.0,445821039.0,65,31005,100.0,0.0,100,8,100.0,0.0,100.0,0.0,100.0,0.0,100.0,0.0,100.0,0.0,77.0,23.0,100.0,0.0,100,0,77.0,47922.0,23,23,100.0,0.0,100.0,0.0,200.0,0.0,100.0,30636.0,100.0,50855049840.0,100.0,129561280641.0
2019-01-31,S300Z6Y7,ST4000DM000,4000787030016,0,117,157662216,92.0,0.0,100.0,8.0,100.0,0.0,86.0,446404199.0,65,31029,100.0,0.0,100,8,100.0,0.0,100.0,0.0,100.0,0.0,100.0,0.0,100.0,0.0,76.0,24.0,100.0,0.0,100,0,77.0,47922.0,24,24,100.0,0.0,100.0,0.0,200.0,0.0,100.0,30660.0,100.0,50856808336.0,100.0,129695014205.0
2019-02-01,S300Z6Y7,ST4000DM000,4000787030016,0,118,173492848,92.0,0.0,100.0,8.0,100.0,0.0,86.0,447208636.0,65,31052,100.0,0.0,100,8,100.0,0.0,100.0,0.0,100.0,0.0,100.0,0.0,100.0,0.0,75.0,25.0,100.0,0.0,100,0,77.0,47922.0,25,25,100.0,0.0,100.0,0.0,200.0,0.0,100.0,30683.0,100.0,50858659352.0,100.0,129852573247.0
2019-02-02,S300Z6Y7,ST4000DM000,4000787030016,0,118.0,192718080.0,92.0,0.0,100.0,8.0,100.0,0.0,86.0,448107548.0,65.0,31075.0,100.0,0.0,100.0,8.0,100.0,0.0,100.0,0.0,100.0,0.0,100.0,0.0,100.0,0.0,76.0,24.0,100.0,0.0,100.0,0.0,77.0,47922.0,24.0,24.0,100.0,0.0,100.0,0.0,200.0,0.0,100.0,30707.0,100.0,50860976968.0,100.0,130001795681.0
2019-02-03,S300Z6Y7,ST4000DM000,4000787030016,0,116,116384912,92.0,0.0,100.0,8.0,100.0,0.0,86.0,450219261.0,65,31099,100.0,0.0,100,8,100.0,0.0,100.0,0.0,100.0,0.0,100.0,0.0,100.0,0.0,77.0,23.0,100.0,0.0,100,0,77.0,47922.0,23,23,100.0,0.0,100.0,0.0,200.0,0.0,100.0,30730.0,100.0,50866068712.0,100.0,130168102402.0
2019-02-04,S300Z6Y7,ST4000DM000,4000787030016,0,118,192615776,92.0,0.0,100.0,8.0,100.0,0.0,86.0,451913119.0,65,31122,100.0,0.0,100,8,100.0,0.0,100.0,0.0,100.0,0.0,100.0,0.0,100.0,0.0,77.0,23.0,100.0,0.0,100,0,77.0,47922.0,23,23,100.0,0.0,100.0,0.0,200.0,0.0,100.0,30754.0,100.0,50868886352.0,100.0,130347618765.0
2019-02-05,S300Z6Y7,ST4000DM000,4000787030016,0,115.0,85607400.0,92.0,0.0,100.0,8.0,100.0,0.0,86.0,453273934.0,65.0,31157.0,100.0,0.0,100.0,8.0,100.0,0.0,100.0,0.0,100.0,0.0,100.0,0.0,100.0,0.0,76.0,24.0,100.0,0.0,100.0,0.0,77.0,47922.0,24.0,24.0,100.0,0.0,100.0,0.0,200.0,0.0,100.0,30789.0,100.0,50871911024.0,100.0,130575012518.0
2019-02-06,S300Z6Y7,ST4000DM000,4000787030016,0,115,91740080,92.0,0.0,100.0,8.0,100.0,0.0,86.0,454757333.0,65,31181,100.0,0.0,100,8,100.0,0.0,100.0,0.0,100.0,0.0,100.0,0.0,100.0,0.0,74.0,26.0,100.0,0.0,100,0,77.0,47922.0,26,26,100.0,0.0,100.0,0.0,200.0,0.0,100.0,30812.0,100.0,50876895608.0,100.0,130713022788.0
2019-02-07,S300Z6Y7,ST4000DM000,4000787030016,0,118.0,184359344.0,92.0,0.0,100.0,8.0,100.0,0.0,86.0,455732100.0,65.0,31205.0,100.0,0.0,100.0,8.0,100.0,0.0,100.0,0.0,100.0,0.0,100.0,0.0,100.0,0.0,75.0,25.0,100.0,0.0,100.0,0.0,77.0,47922.0,25.0,25.0,100.0,0.0,100.0,0.0,200.0,0.0,100.0,30836.0,100.0,50878810704.0,100.0,130884580347.0
2019-02-08,S300Z6Y7,ST4000DM000,4000787030016,0,116,111974784,92.0,0.0,100.0,8.0,100.0,0.0,86.0,456570446.0,65,31228,100.0,0.0,100,8,100.0,0.0,100.0,0.0,100.0,0.0,100.0,0.0,100.0,0.0,74.0,26.0,100.0,0.0,100,0,77.0,47922.0,26,26,100.0,0.0,100.0,0.0,200.0,0.0,100.0,30859.0,100.0,50880553232.0,100.0,131044965225.0
2019-02-09,S300Z6Y7,ST4000DM000,4000787030016,0,115.0,92313520.0,92.0,0.0,100.0,8.0,100.0,0.0,86.0,457399281.0,65.0,31252.0,100.0,0.0,100.0,8.0,100.0,0.0,100.0,0.0,100.0,0.0,100.0,0.0,100.0,0.0,74.0,26.0,100.0,0.0,100.0,0.0,77.0,47922.0,26.0,26.0,100.0,0.0,100.0,0.0,200.0,0.0,100.0,30883.0,100.0,50882444816.0,100.0,131199730447.0
2019-02-10,S300Z6Y7,ST4000DM000,4000787030016,0,111,32720368,92.0,0.0,100.0,8.0,100.0,0.0,86.0,459124092.0,65,31276,100.0,0.0,100,8,100.0,0.0,100.0,0.0,100.0,0.0,100.0,0.0,100.0,0.0,74.0,26.0,100.0,0.0,100,0,77.0,47922.0,26,26,100.0,0.0,100.0,0.0,200.0,0.0,100.0,30907.0,100.0,50887674648.0,100.0,131359557686.0
2019-02-11,S300Z6Y7,ST4000DM000,4000787030016,0,116,105435520,92.0,0.0,100.0,8.0,100.0,0.0,86.0,460545289.0,65,31299,100.0,0.0,100,8,100.0,0.0,100.0,0.0,100.0,0.0,100.0,0.0,100.0,0.0,74.0,26.0,100.0,0.0,100,0,77.0,47922.0,26,26,100.0,0.0,100.0,0.0,200.0,0.0,100.0,30931.0,100.0,50889336056.0,100.0,131475019765.0
2019-02-12,S300Z6Y7,ST4000DM000,4000787030016,0,110.0,26850136.0,92.0,0.0,100.0,8.0,100.0,0.0,86.0,461591490.0,65.0,31323.0,100.0,0.0,100.0,8.0,100.0,0.0,100.0,0.0,100.0,0.0,100.0,0.0,100.0,0.0,75.0,25.0,100.0,0.0,100.0,0.0,77.0,47922.0,25.0,25.0,100.0,0.0,100.0,0.0,200.0,0.0,100.0,30954.0,100.0,50891357024.0,100.0,131618583281.0
2019-02-13,S300Z6Y7,ST4000DM000,4000787030016,0,117,144001712,92.0,0.0,100.0,8.0,100.0,0.0,86.0,463275494.0,65,31346,100.0,0.0,100,8,100.0,0.0,100.0,0.0,100.0,0.0,100.0,0.0,100.0,0.0,75.0,25.0,100.0,0.0,100,0,77.0,47922.0,25,25,100.0,0.0,100.0,0.0,200.0,0.0,100.0,30978.0,100.0,50895671760.0,100.0,131734151595.0
2019-02-14,S300Z6Y7,ST4000DM000,4000787030016,0,114,71851336,92.0,0.0,100.0,8.0,100.0,0.0,86.0,464280054.0,65,31370,100.0,0.0,100,8,100.0,0.0,100.0,0.0,100.0,0.0,100.0,0.0,100.0,0.0,76.0,24.0,100.0,0.0,100,0,77.0,47922.0,24,24,100.0,0.0,100.0,0.0,200.0,0.0,100.0,31001.0,100.0,50897218048.0,100.0,131870168480.0
2019-02-15,S300Z6Y7,ST4000DM000,4000787030016,0,117.0,167284760.0,92.0,0.0,100.0,8.0,100.0,0.0,86.0,465276669.0,65.0,31393.0,100.0,0.0,100.0,8.0,100.0,0.0,100.0,0.0,100.0,0.0,100.0,0.0,100.0,0.0,77.0,23.0,100.0,0.0,100.0,0.0,77.0,47922.0,23.0,23.0,100.0,0.0,100.0,0.0,200.0,0.0,100.0,31025.0,100.0,50898779768.0,100.0,132015649043.0
2019-02-16,S300Z6Y7,ST4000DM000,4000787030016,0,118.0,174900528.0,92.0,0.0,100.0,8.0,100.0,0.0,86.0,466083777.0,65.0,31417.0,100.0,0.0,100.0,8.0,100.0,0.0,100.0,0.0,100.0,0.0,100.0,0.0,100.0,0.0,75.0,25.0,100.0,0.0,100.0,0.0,77.0,47922.0,25.0,25.0,100.0,0.0,100.0,0.0,200.0,0.0,100.0,31048.0,100.0,50900594976.0,100.0,132159379938.0
2019-02-17,S300Z6Y7,ST4000DM000,4000787030016,0,113,50371704,92.0,0.0,100.0,8.0,100.0,0.0,86.0,467642421.0,65,31441,100.0,0.0,100,8,100.0,0.0,100.0,0.0,100.0,0.0,100.0,0.0,100.0,0.0,74.0,26.0,100.0,0.0,100,0,77.0,47922.0,26,26,100.0,0.0,100.0,0.0,200.0,0.0,100.0,31072.0,100.0,50905263336.0,100.0,132314922735.0
2019-02-18,S300Z6Y7,ST4000DM000,4000787030016,0,114,63791752,92.0,0.0,100.0,8.0,100.0,0.0,86.0,468315932.0,65,31464,100.0,0.0,100,8,100.0,0.0,100.0,0.0,100.0,0.0,100.0,0.0,100.0,0.0,74.0,26.0,100.0,0.0,100,0,77.0,47922.0,26,26,100.0,0.0,100.0,0.0,200.0,0.0,100.0,31096.0,100.0,50907040256.0,100.0,132455740869.0
2019-02-19,S300Z6Y7,ST4000DM000,4000787030016,0,118,188100064,92.0,0.0,100.0,8.0,100.0,0.0,86.0,468807159.0,65,31488,100.0,0.0,100,8,100.0,0.0,100.0,0.0,100.0,0.0,100.0,0.0,100.0,0.0,74.0,26.0,100.0,0.0,100,0,77.0,47922.0,26,26,100.0,0.0,100.0,0.0,200.0,0.0,100.0,31119.0,100.0,50910533768.0,100.0,132585369392.0
2019-02-20,S300Z6Y7,ST4000DM000,4000787030016,0,116.0,111891888.0,92.0,0.0,100.0,8.0,100.0,0.0,87.0,470040343.0,65.0,31512.0,100.0,0.0,100.0,8.0,100.0,0.0,100.0,0.0,100.0,0.0,100.0,0.0,100.0,0.0,74.0,26.0,100.0,0.0,100.0,0.0,77.0,47922.0,26.0,26.0,100.0,0.0,100.0,0.0,200.0,0.0,100.0,31143.0,100.0,50916040792.0,100.0,132722488954.0
2019-02-21,S300Z6Y7,ST4000DM000,4000787030016,0,114,82084064,92.0,0.0,100.0,8.0,100.0,0.0,87.0,470593911.0,64,31547,100.0,0.0,100,8,100.0,0.0,100.0,0.0,100.0,0.0,100.0,0.0,100.0,0.0,75.0,25.0,100.0,0.0,100,0,77.0,47922.0,25,25,100.0,0.0,100.0,0.0,200.0,0.0,100.0,31178.0,100.0,50920008552.0,100.0,132930259896.0
2019-02-22,S300Z6Y7,ST4000DM000,4000787030016,0,117,120447920,92.0,0.0,100.0,8.0,100.0,0.0,87.0,472109202.0,64,31570,100.0,0.0,100,8,100.0,0.0,100.0,0.0,100.0,0.0,100.0,0.0,100.0,0.0,76.0,24.0,100.0,0.0,100,0,77.0,47922.0,24,24,100.0,0.0,100.0,0.0,200.0,0.0,100.0,31202.0,100.0,50925303616.0,100.0,133114202037.0
2019-02-23,S300Z6Y7,ST4000DM000,4000787030016,0,111.0,34680960.0,92.0,0.0,100.0,8.0,100.0,0.0,87.0,472436354.0,64.0,31594.0,100.0,0.0,100.0,8.0,100.0,0.0,100.0,0.0,100.0,0.0,100.0,0.0,100.0,0.0,74.0,26.0,100.0,0.0,100.0,0.0,77.0,47922.0,26.0,26.0,100.0,0.0,100.0,0.0,200.0,0.0,100.0,31225.0,100.0,50927349576.0,100.0,133286606971.0
2019-02-24,S300Z6Y7,ST4000DM000,4000787030016,0,118,192677800,92.0,0.0,100.0,8.0,100.0,0.0,87.0,474152547.0,64,31618,100.0,0.0,100,8,100.0,0.0,100.0,0.0,100.0,0.0,100.0,0.0,100.0,0.0,74.0,26.0,100.0,0.0,100,0,77.0,47922.0,26,26,100.0,0.0,100.0,0.0,200.0,0.0,100.0,31249.0,100.0,50932284240.0,100.0,133493511910.0
2019-02-25,S300Z6Y7,ST4000DM000,4000787030016,0,111,32451088,92.0,0.0,100.0,8.0,100.0,0.0,87.0,474912022.0,64,31642,100.0,0.0,100,8,100.0,0.0,100.0,0.0,100.0,0.0,100.0,0.0,100.0,0.0,76.0,24.0,100.0,0.0,100,0,77.0,47922.0,24,24,100.0,0.0,100.0,0.0,200.0,0.0,100.0,31273.0,100.0,50935143600.0,100.0,133637384668.0
2019-02-26,S300Z6Y7,ST4000DM000,4000787030016,0,114,82130152,92.0,0.0,100.0,8.0,100.0,0.0,87.0,476158363.0,64,31666,100.0,0.0,100,8,100.0,0.0,100.0,0.0,100.0,0.0,100.0,0.0,100.0,0.0,76.0,24.0,100.0,0.0,100,0,77.0,47922.0,24,24,100.0,0.0,100.0,0.0,200.0,0.0,100.0,31297.0,100.0,50939135160.0,100.0,133766575604.0
2019-02-27,S300Z6Y7,ST4000DM000,4000787030016,0,117.0,121042176.0,92.0,0.0,100.0,8.0,100.0,0.0,87.0,477228562.0,64.0,31689.0,100.0,0.0,100.0,8.0,100.0,0.0,100.0,0.0,100.0,0.0,100.0,0.0,100.0,0.0,77.0,23.0,100.0,0.0,100.0,0.0,77.0,47922.0,23.0,23.0,100.0,0.0,100.0,0.0,200.0,0.0,100.0,31321.0,100.0,50942338840.0,100.0,133922388891.0
2019-02-28,S300Z6Y7,ST4000DM000,4000787030016,0,118,200884488,92.0,0.0,100.0,8.0,100.0,0.0,87.0,478462958.0,64,31713,100.0,0.0,100,8,100.0,0.0,100.0,0.0,100.0,0.0,100.0,0.0,100.0,0.0,77.0,23.0,100.0,0.0,100,0,77.0,47922.0,23,23,100.0,0.0,100.0,0.0,200.0,0.0,100.0,31344.0,100.0,50944451048.0,100.0,134090004129.0
2019-03-01,S300Z6Y7,ST4000DM000,4000787030016,0,118.0,178262296.0,92.0,0.0,100.0,8.0,100.0,0.0,87.0,479662287.0,64.0,31737.0,100.0,0.0,100.0,8.0,100.0,0.0,100.0,0.0,100.0,0.0,100.0,0.0,100.0,0.0,76.0,24.0,100.0,0.0,100.0,0.0,77.0,47922.0,24.0,24.0,100.0,0.0,100.0,0.0,200.0,0.0,100.0,31368.0,100.0,50945926280.0,100.0,134229881195.0
2019-03-02,S300Z6Y7,ST4000DM000,4000787030016,0,117.0,134257520.0,92.0,0.0,100.0,8.0,100.0,0.0,87.0,481591724.0,64.0,31760.0,100.0,0.0,100.0,8.0,100.0,0.0,100.0,0.0,100.0,0.0,100.0,0.0,100.0,0.0,77.0,23.0,100.0,0.0,100.0,0.0,77.0,47922.0,23.0,23.0,100.0,0.0,100.0,0.0,200.0,0.0,100.0,31392.0,100.0,50950819632.0,100.0,134407282697.0
2019-03-03,S300Z6Y7,ST4000DM000,4000787030016,0,114.0,61616456.0,92.0,0.0,100.0,8.0,100.0,0.0,87.0,483035878.0,64.0,31784.0,100.0,0.0,100.0,8.0,100.0,0.0,100.0,0.0,100.0,0.0,100.0,0.0,100.0,0.0,77.0,23.0,100.0,0.0,100.0,0.0,77.0,47922.0,23.0,23.0,100.0,0.0,100.0,0.0,200.0,0.0,100.0,31415.0,100.0,50953704784.0,100.0,134565438781.0
2019-03-04,S300Z6Y7,ST4000DM000,4000787030016,0,111,37599120,92.0,0.0,100.0,8.0,100.0,0.0,87.0,483879970.0,64,31808,100.0,0.0,100,8,100.0,0.0,100.0,0.0,100.0,0.0,100.0,0.0,100.0,0.0,77.0,23.0,100.0,0.0,100,0,77.0,47922.0,23,23,100.0,0.0,100.0,0.0,200.0,0.0,100.0,31439.0,100.0,50955645688.0,100.0,134722876972.0
2019-03-05,S300Z6Y7,ST4000DM000,4000787030016,0,114.0,70433360.0,92.0,0.0,100.0,8.0,100.0,0.0,87.0,485037616.0,64.0,31831.0,100.0,0.0,100.0,8.0,100.0,0.0,100.0,0.0,100.0,0.0,100.0,0.0,100.0,0.0,78.0,22.0,100.0,0.0,100.0,0.0,77.0,47922.0,22.0,22.0,100.0,0.0,100.0,0.0,200.0,0.0,100.0,31463.0,100.0,50958848104.0,100.0,134866541562.0
2019-03-06,S300Z6Y7,ST4000DM000,4000787030016,0,114.0,82121608.0,92.0,0.0,100.0,8.0,100.0,0.0,87.0,486564075.0,64.0,31855.0,100.0,0.0,100.0,8.0,100.0,0.0,100.0,0.0,100.0,0.0,100.0,0.0,100.0,0.0,76.0,24.0,100.0,0.0,100.0,0.0,77.0,47922.0,24.0,24.0,100.0,0.0,100.0,0.0,200.0,0.0,100.0,31487.0,100.0,50963580024.0,100.0,135005050063.0
2019-03-07,S300Z6Y7,ST4000DM000,4000787030016,0,114.0,69092752.0,92.0,0.0,100.0,8.0,100.0,0.0,87.0,487570772.0,64.0,31879.0,100.0,0.0,100.0,8.0,100.0,0.0,100.0,0.0,100.0,0.0,100.0,0.0,100.0,0.0,77.0,23.0,100.0,0.0,100.0,0.0,77.0,47922.0,23.0,23.0,100.0,0.0,100.0,0.0,200.0,0.0,100.0,31510.0,100.0,50966459272.0,100.0,135179658005.0
2019-03-08,S300Z6Y7,ST4000DM000,4000787030016,0,118.0,171134496.0,92.0,0.0,100.0,8.0,100.0,0.0,87.0,488418511.0,64.0,31902.0,100.0,0.0,100.0,8.0,100.0,0.0,100.0,0.0,100.0,0.0,100.0,0.0,100.0,0.0,76.0,24.0,100.0,0.0,100.0,0.0,77.0,47922.0,24.0,24.0,100.0,0.0,100.0,0.0,200.0,0.0,100.0,31534.0,100.0,50969340704.0,100.0,135327096626.0
2019-03-09,S300Z6Y7,ST4000DM000,4000787030016,0,113.0,52955648.0,92.0,0.0,100.0,8.0,100.0,0.0,87.0,489321317.0,64.0,31926.0,100.0,0.0,100.0,8.0,100.0,0.0,100.0,0.0,100.0,0.0,100.0,0.0,100.0,0.0,76.0,24.0,100.0,0.0,100.0,0.0,77.0,47922.0,24.0,24.0,100.0,0.0,100.0,0.0,200.0,0.0,100.0,31557.0,100.0,50971372680.0,100.0,135478046269.0
2019-03-10,S300Z6Y7,ST4000DM000,4000787030016,0,118.0,189471808.0,92.0,0.0,100.0,8.0,100.0,0.0,87.0,491179767.0,64.0,31949.0,100.0,0.0,100.0,8.0,100.0,0.0,100.0,0.0,100.0,0.0,100.0,0.0,100.0,0.0,75.0,25.0,100.0,0.0,100.0,0.0,77.0,47922.0,25.0,25.0,100.0,0.0,100.0,0.0,200.0,0.0,100.0,31581.0,100.0,50976259320.0,100.0,135670702494.0
2019-03-11,S300Z6Y7,ST4000DM000,4000787030016,0,118.0,172036336.0,92.0,0.0,100.0,8.0,100.0,0.0,87.0,493125333.0,64.0,31973.0,100.0,0.0,100.0,8.0,100.0,0.0,100.0,0.0,100.0,0.0,100.0,0.0,100.0,0.0,74.0,26.0,100.0,0.0,100.0,0.0,77.0,47922.0,26.0,26.0,100.0,0.0,100.0,0.0,200.0,0.0,100.0,31604.0,100.0,50978559664.0,100.0,135850130376.0
2019-03-12,S300Z6Y7,ST4000DM000,4000787030016,0,114.0,63767536.0,92.0,0.0,100.0,8.0,100.0,0.0,87.0,494071485.0,64.0,31997.0,100.0,0.0,100.0,8.0,100.0,0.0,100.0,0.0,100.0,0.0,100.0,0.0,100.0,0.0,76.0,24.0,100.0,0.0,100.0,0.0,77.0,47922.0,24.0,24.0,100.0,0.0,100.0,0.0,200.0,0.0,100.0,31628.0,100.0,50981955696.0,100.0,136008345440.0
2019-03-13,S300Z6Y7,ST4000DM000,4000787030016,0,117.0,140137792.0,92.0,0.0,100.0,8.0,100.0,0.0,87.0,495464163.0,64.0,32020.0,100.0,0.0,100.0,8.0,100.0,0.0,100.0,0.0,100.0,0.0,100.0,0.0,100.0,0.0,76.0,24.0,100.0,0.0,100.0,0.0,77.0,47922.0,24.0,24.0,100.0,0.0,100.0,0.0,200.0,0.0,100.0,31652.0,100.0,50986400840.0,100.0,136127103656.0
2019-03-14,S300Z6Y7,ST4000DM000,4000787030016,0,117.0,122927872.0,92.0,0.0,100.0,8.0,100.0,0.0,87.0,496135599.0,64.0,32044.0,100.0,0.0,100.0,8.0,100.0,0.0,100.0,0.0,100.0,0.0,100.0,0.0,100.0,0.0,76.0,24.0,100.0,0.0,100.0,0.0,77.0,47922.0,24.0,24.0,100.0,0.0,100.0,0.0,200.0,0.0,100.0,31675.0,100.0,50988909656.0,100.0,136230044001.0
2019-03-15,S300Z6Y7,ST4000DM000,4000787030016,0,119.0,201340272.0,92.0,0.0,100.0,8.0,100.0,0.0,87.0,497219062.0,64.0,32068.0,100.0,0.0,100.0,8.0,100.0,0.0,100.0,0.0,100.0,0.0,100.0,0.0,100.0,0.0,76.0,24.0,100.0,0.0,100.0,0.0,77.0,47922.0,24.0,24.0,100.0,0.0,100.0,0.0,200.0,0.0,100.0,31699.0,100.0,50991182040.0,100.0,136377979228.0
2019-03-16,S300Z6Y7,ST4000DM000,4000787030016,0,120.0,242851472.0,92.0,0.0,100.0,8.0,100.0,0.0,87.0,498299890.0,64.0,32092.0,100.0,0.0,100.0,8.0,100.0,0.0,100.0,0.0,100.0,0.0,100.0,0.0,100.0,0.0,76.0,24.0,100.0,0.0,100.0,0.0,77.0,47922.0,24.0,24.0,100.0,0.0,100.0,0.0,200.0,0.0,100.0,31723.0,100.0,50993113552.0,100.0,136504522272.0
2019-03-17,S300Z6Y7,ST4000DM000,4000787030016,0,115.0,96364192.0,92.0,0.0,100.0,8.0,100.0,0.0,87.0,500377168.0,64.0,32116.0,100.0,0.0,100.0,8.0,100.0,0.0,100.0,0.0,100.0,0.0,100.0,0.0,100.0,0.0,76.0,24.0,100.0,0.0,100.0,0.0,77.0,47922.0,24.0,24.0,100.0,0.0,100.0,0.0,200.0,0.0,100.0,31747.0,100.0,50997654888.0,100.0,136672953315.0
2019-03-18,S300Z6Y7,ST4000DM000,4000787030016,0,120.0,238534008.0,92.0,0.0,100.0,8.0,100.0,0.0,87.0,501178331.0,64.0,32139.0,100.0,0.0,100.0,8.0,100.0,0.0,100.0,0.0,100.0,0.0,100.0,0.0,100.0,0.0,76.0,24.0,100.0,0.0,100.0,0.0,77.0,47922.0,24.0,24.0,100.0,0.0,100.0,0.0,200.0,0.0,100.0,31770.0,100.0,50999838632.0,100.0,136817623636.0
2019-03-19,S300Z6Y7,ST4000DM000,4000787030016,0,114.0,81084256.0,92.0,0.0,100.0,8.0,100.0,0.0,87.0,502885598.0,64.0,32163.0,100.0,0.0,100.0,8.0,100.0,0.0,100.0,0.0,100.0,0.0,100.0,0.0,100.0,0.0,76.0,24.0,100.0,0.0,100.0,0.0,77.0,47922.0,24.0,24.0,100.0,0.0,100.0,0.0,200.0,0.0,100.0,31794.0,100.0,51004795888.0,100.0,136958080511.0
2019-03-20,S300Z6Y7,ST4000DM000,4000787030016,0,119.0,214239376.0,92.0,0.0,100.0,8.0,100.0,0.0,87.0,504205267.0,64.0,32186.0,100.0,0.0,100.0,8.0,100.0,0.0,100.0,0.0,100.0,0.0,100.0,0.0,100.0,0.0,75.0,25.0,100.0,0.0,100.0,0.0,77.0,47922.0,25.0,25.0,100.0,0.0,100.0,0.0,200.0,0.0,100.0,31818.0,100.0,51006863200.0,100.0,137083105962.0
2019-03-21,S300Z6Y7,ST4000DM000,4000787030016,0,120.0,242941688.0,92.0,0.0,100.0,8.0,100.0,0.0,87.0,504842069.0,64.0,32210.0,100.0,0.0,100.0,8.0,100.0,0.0,100.0,0.0,100.0,0.0,100.0,0.0,100.0,0.0,75.0,25.0,100.0,0.0,100.0,0.0,77.0,47922.0,25.0,25.0,100.0,0.0,100.0,0.0,200.0,0.0,100.0,31841.0,100.0,51008080048.0,100.0,137225269894.0
2019-03-22,S300Z6Y7,ST4000DM000,4000787030016,0,114.0,70230480.0,92.0,0.0,100.0,8.0,100.0,0.0,87.0,505273497.0,64.0,32234.0,100.0,0.0,100.0,8.0,100.0,0.0,100.0,0.0,100.0,0.0,100.0,0.0,100.0,0.0,75.0,25.0,100.0,0.0,100.0,0.0,77.0,47922.0,25.0,25.0,100.0,0.0,100.0,0.0,200.0,0.0,100.0,31865.0,100.0,51010979280.0,100.0,137355361531.0
2019-03-23,S300Z6Y7,ST4000DM000,4000787030016,0,117.0,163700656.0,92.0,0.0,100.0,8.0,100.0,0.0,87.0,505676563.0,64.0,32258.0,100.0,0.0,100.0,8.0,100.0,0.0,100.0,0.0,100.0,0.0,100.0,0.0,100.0,0.0,74.0,26.0,100.0,0.0,100.0,0.0,77.0,47922.0,26.0,26.0,100.0,0.0,100.0,0.0,200.0,0.0,100.0,31889.0,100.0,51013467112.0,100.0,137520162441.0
2019-03-24,S300Z6Y7,ST4000DM000,4000787030016,0,119.0,204184792.0,92.0,0.0,100.0,8.0,100.0,0.0,87.0,506898693.0,64.0,32281.0,100.0,0.0,100.0,8.0,100.0,0.0,100.0,0.0,100.0,0.0,100.0,0.0,100.0,0.0,74.0,26.0,100.0,0.0,100.0,0.0,77.0,47922.0,26.0,26.0,100.0,0.0,100.0,0.0,200.0,0.0,100.0,31912.0,100.0,51018845696.0,100.0,137659536243.0
2019-03-25,S300Z6Y7,ST4000DM000,4000787030016,0,106.0,10562328.0,92.0,0.0,100.0,8.0,100.0,0.0,87.0,507368792.0,64.0,32305.0,100.0,0.0,100.0,8.0,100.0,0.0,100.0,0.0,100.0,0.0,100.0,0.0,100.0,0.0,73.0,27.0,100.0,0.0,100.0,0.0,77.0,47922.0,27.0,27.0,100.0,0.0,100.0,0.0,200.0,0.0,100.0,31936.0,100.0,51021390504.0,100.0,137834491600.0
2019-03-26,S300Z6Y7,ST4000DM000,4000787030016,0,118.0,190999408.0,92.0,0.0,100.0,8.0,100.0,0.0,87.0,507748031.0,64.0,32328.0,100.0,0.0,100.0,8.0,100.0,0.0,100.0,0.0,100.0,0.0,100.0,0.0,100.0,0.0,73.0,27.0,100.0,0.0,100.0,0.0,77.0,47922.0,27.0,27.0,100.0,0.0,100.0,0.0,200.0,0.0,100.0,31960.0,100.0,51023600272.0,100.0,138004708169.0
2019-03-27,S300Z6Y7,ST4000DM000,4000787030016,0,119.0,230476952.0,92.0,0.0,100.0,8.0,100.0,0.0,87.0,510169620.0,64.0,32352.0,100.0,0.0,100.0,8.0,100.0,0.0,100.0,0.0,100.0,0.0,100.0,0.0,100.0,0.0,73.0,27.0,100.0,0.0,100.0,0.0,77.0,47922.0,27.0,27.0,100.0,0.0,100.0,0.0,200.0,0.0,100.0,31983.0,100.0,51028173456.0,100.0,138174841109.0
2019-03-28,S300Z6Y7,ST4000DM000,4000787030016,0,117.0,143688840.0,92.0,0.0,100.0,8.0,100.0,0.0,87.0,510890758.0,64.0,32376.0,100.0,0.0,100.0,8.0,100.0,0.0,100.0,0.0,100.0,0.0,100.0,0.0,100.0,0.0,73.0,27.0,100.0,0.0,100.0,0.0,77.0,47922.0,27.0,27.0,100.0,0.0,100.0,0.0,200.0,0.0,100.0,32007.0,100.0,51030161248.0,100.0,138316607032.0
2019-03-29,S300Z6Y7,ST4000DM000,4000787030016,0,108.0,19813768.0,92.0,0.0,100.0,8.0,100.0,0.0,87.0,511577547.0,64.0,32399.0,100.0,0.0,100.0,8.0,100.0,0.0,100.0,0.0,100.0,0.0,100.0,0.0,100.0,0.0,73.0,27.0,100.0,0.0,100.0,0.0,77.0,47922.0,27.0,27.0,100.0,0.0,100.0,0.0,200.0,0.0,100.0,32031.0,100.0,51031883584.0,100.0,138453441033.0
2019-03-30,S300Z6Y7,ST4000DM000,4000787030016,0,120.0,244098224.0,92.0,0.0,100.0,8.0,100.0,0.0,87.0,512582373.0,63.0,32423.0,100.0,0.0,100.0,8.0,100.0,0.0,100.0,0.0,100.0,0.0,100.0,0.0,100.0,0.0,73.0,27.0,100.0,0.0,100.0,0.0,77.0,47922.0,27.0,27.0,100.0,0.0,100.0,0.0,200.0,0.0,100.0,32054.0,100.0,51034051456.0,100.0,138635498363.0
2019-03-31,S300Z6Y7,ST4000DM000,4000787030016,0,115.0,87174520.0,92.0,0.0,100.0,8.0,100.0,0.0,87.0,514252210.0,63.0,32447.0,100.0,0.0,100.0,8.0,100.0,0.0,100.0,0.0,100.0,0.0,100.0,0.0,100.0,0.0,73.0,27.0,100.0,0.0,100.0,0.0,77.0,47922.0,27.0,27.0,100.0,0.0,100.0,0.0,200.0,0.0,100.0,32078.0,100.0,51036912136.0,100.0,138791718286.0
2019-04-01,S300Z6Y7,ST4000DM000,4000787030016,0,119.0,203410232.0,92.0,0.0,100.0,8.0,100.0,0.0,87.0,515930625.0,63.0,32471.0,100.0,0.0,100.0,8.0,100.0,0.0,100.0,0.0,100.0,0.0,100.0,0.0,100.0,0.0,73.0,27.0,100.0,0.0,100.0,0.0,77.0,47922.0,27.0,27.0,100.0,0.0,100.0,0.0,200.0,0.0,100.0,32102.0,100.0,51040706488.0,100.0,138959386088.0
2019-04-02,S300Z6Y7,ST4000DM000,4000787030016,0,118.0,193725616.0,92.0,0.0,100.0,8.0,100.0,0.0,87.0,516642962.0,63.0,32494.0,100.0,0.0,100.0,8.0,100.0,0.0,100.0,0.0,100.0,0.0,100.0,0.0,100.0,0.0,74.0,26.0,100.0,0.0,100.0,0.0,77.0,47922.0,26.0,26.0,100.0,0.0,100.0,0.0,200.0,0.0,100.0,32126.0,100.0,51042696512.0,100.0,139105936645.0
2019-04-03,S300Z6Y7,ST4000DM000,4000787030016,0,119.0,214966512.0,92.0,0.0,100.0,8.0,100.0,0.0,87.0,517998151.0,63.0,32518.0,100.0,0.0,100.0,8.0,100.0,0.0,100.0,0.0,100.0,0.0,100.0,0.0,100.0,0.0,73.0,27.0,100.0,0.0,100.0,0.0,77.0,47922.0,27.0,27.0,100.0,0.0,100.0,0.0,200.0,0.0,100.0,32149.0,100.0,51047207112.0,100.0,139227871129.0
2019-04-04,S300Z6Y7,ST4000DM000,4000787030016,0,108.0,15495832.0,92.0,0.0,100.0,8.0,100.0,0.0,87.0,518855440.0,63.0,32541.0,100.0,0.0,100.0,8.0,100.0,0.0,100.0,0.0,100.0,0.0,100.0,0.0,100.0,0.0,74.0,26.0,100.0,0.0,100.0,0.0,77.0,47922.0,26.0,26.0,100.0,0.0,100.0,0.0,200.0,0.0,100.0,32173.0,100.0,51049031112.0,100.0,139384315949.0
2019-04-05,S300Z6Y7,ST4000DM000,4000787030016,0,111.0,40503504.0,92.0,0.0,100.0,8.0,100.0,0.0,87.0,519831648.0,63.0,32565.0,100.0,0.0,100.0,8.0,100.0,0.0,100.0,0.0,100.0,0.0,100.0,0.0,100.0,0.0,73.0,27.0,100.0,0.0,100.0,0.0,77.0,47922.0,27.0,27.0,100.0,0.0,100.0,0.0,200.0,0.0,100.0,32196.0,100.0,51051440320.0,100.0,139531057246.0
2019-04-06,S300Z6Y7,ST4000DM000,4000787030016,0,117.0,143904080.0,92.0,0.0,100.0,8.0,100.0,0.0,87.0,520907856.0,63.0,32589.0,100.0,0.0,100.0,8.0,100.0,0.0,100.0,0.0,100.0,0.0,100.0,0.0,100.0,0.0,73.0,27.0,100.0,0.0,100.0,0.0,77.0,47922.0,27.0,27.0,100.0,0.0,100.0,0.0,200.0,0.0,100.0,32220.0,100.0,51053692128.0,100.0,139690731199.0
2019-04-07,S300Z6Y7,ST4000DM000,4000787030016,0,111.0,36887088.0,92.0,0.0,100.0,8.0,100.0,0.0,87.0,524018777.0,63.0,32624.0,100.0,0.0,100.0,8.0,100.0,0.0,100.0,0.0,100.0,0.0,100.0,0.0,100.0,0.0,74.0,26.0,100.0,0.0,100.0,0.0,77.0,47922.0,26.0,26.0,100.0,0.0,100.0,0.0,200.0,0.0,100.0,32255.0,100.0,51060524760.0,100.0,139955716249.0
2019-04-08,S300Z6Y7,ST4000DM000,4000787030016,0,114.0,78521040.0,92.0,0.0,100.0,8.0,100.0,0.0,87.0,524901729.0,63.0,32648.0,100.0,0.0,100.0,8.0,100.0,0.0,100.0,0.0,100.0,0.0,100.0,0.0,100.0,0.0,74.0,26.0,100.0,0.0,100.0,0.0,77.0,47922.0,26.0,26.0,100.0,0.0,100.0,0.0,200.0,0.0,100.0,32279.0,100.0,51062400976.0,100.0,140103427565.0
2019-04-09,S300Z6Y7,ST4000DM000,4000787030016,0,115.0,91618416.0,92.0,0.0,100.0,8.0,100.0,0.0,87.0,526150381.0,63.0,32671.0,100.0,0.0,100.0,8.0,100.0,0.0,100.0,0.0,100.0,0.0,100.0,0.0,100.0,0.0,75.0,25.0,100.0,0.0,100.0,0.0,77.0,47922.0,25.0,25.0,100.0,0.0,100.0,0.0,200.0,0.0,100.0,32303.0,100.0,51065068320.0,100.0,140271923042.0
2019-04-10,S300Z6Y7,ST4000DM000,4000787030016,0,116.0,104313560.0,92.0,0.0,100.0,8.0,100.0,0.0,87.0,527417490.0,63.0,32695.0,100.0,0.0,100.0,8.0,100.0,0.0,100.0,0.0,100.0,0.0,100.0,0.0,100.0,0.0,74.0,26.0,100.0,0.0,100.0,0.0,77.0,47922.0,26.0,26.0,100.0,0.0,100.0,0.0,200.0,0.0,100.0,32327.0,100.0,51068961640.0,100.0,140423911568.0
2019-04-11,S300Z6Y7,ST4000DM000,4000787030016,0,119.0,203183296.0,92.0,0.0,100.0,8.0,100.0,0.0,87.0,527773806.0,63.0,32707.0,100.0,0.0,100.0,8.0,100.0,0.0,100.0,0.0,100.0,0.0,100.0,0.0,100.0,0.0,73.0,27.0,100.0,0.0,100.0,0.0,77.0,47922.0,27.0,27.0,100.0,0.0,100.0,0.0,200.0,0.0,100.0,32338.0,100.0,51069979368.0,100.0,140488000916.0
2019-04-12,S300Z6Y7,ST4000DM000,4000787030016,0,118.0,178866048.0,92.0,0.0,100.0,8.0,100.0,0.0,87.0,528584224.0,63.0,32731.0,100.0,0.0,100.0,8.0,100.0,0.0,100.0,0.0,100.0,0.0,100.0,0.0,100.0,0.0,72.0,28.0,100.0,0.0,100.0,0.0,77.0,47922.0,28.0,28.0,100.0,0.0,100.0,0.0,200.0,0.0,100.0,32362.0,100.0,51071766752.0,100.0,140638787128.0
2019-04-13,S300Z6Y7,ST4000DM000,4000787030016,0,117.0,119591280.0,92.0,0.0,100.0,8.0,100.0,0.0,87.0,529226272.0,63.0,32754.0,100.0,0.0,100.0,8.0,100.0,0.0,100.0,0.0,100.0,0.0,100.0,0.0,100.0,0.0,73.0,27.0,100.0,0.0,100.0,0.0,77.0,47922.0,27.0,27.0,100.0,0.0,100.0,0.0,200.0,0.0,100.0,32386.0,100.0,51073561672.0,100.0,140739224914.0
2019-04-14,S300Z6Y7,ST4000DM000,4000787030016,0,114.0,68467160.0,92.0,0.0,100.0,8.0,100.0,0.0,87.0,530267902.0,63.0,32778.0,100.0,0.0,100.0,8.0,100.0,0.0,100.0,0.0,100.0,0.0,100.0,0.0,100.0,0.0,73.0,27.0,100.0,0.0,100.0,0.0,77.0,47922.0,27.0,27.0,100.0,0.0,100.0,0.0,200.0,0.0,100.0,32409.0,100.0,51075850808.0,100.0,140889219724.0
2019-04-15,S300Z6Y7,ST4000DM000,4000787030016,0,116.0,102580576.0,92.0,0.0,100.0,8.0,100.0,0.0,87.0,533656724.0,63.0,32813.0,100.0,0.0,100.0,8.0,100.0,0.0,100.0,0.0,100.0,0.0,100.0,0.0,100.0,0.0,74.0,26.0,100.0,0.0,100.0,0.0,77.0,47922.0,26.0,26.0,100.0,0.0,100.0,0.0,200.0,0.0,100.0,32444.0,100.0,51085502760.0,100.0,141120508666.0
2019-04-16,S300Z6Y7,ST4000DM000,4000787030016,0,119.0,227079768.0,92.0,0.0,100.0,8.0,100.0,0.0,87.0,534786557.0,63.0,32836.0,100.0,0.0,100.0,8.0,100.0,0.0,100.0,0.0,100.0,0.0,100.0,0.0,100.0,0.0,73.0,27.0,100.0,0.0,100.0,0.0,77.0,47922.0,27.0,27.0,100.0,0.0,100.0,0.0,200.0,0.0,100.0,32468.0,100.0,51086924304.0,100.0,141265679960.0
2019-04-17,S300Z6Y7,ST4000DM000,4000787030016,0,116.0,113611264.0,92.0,0.0,100.0,8.0,100.0,0.0,87.0,536198573.0,63.0,32860.0,100.0,0.0,100.0,8.0,100.0,0.0,100.0,0.0,100.0,0.0,100.0,0.0,100.0,0.0,73.0,27.0,100.0,0.0,100.0,0.0,77.0,47922.0,27.0,27.0,100.0,0.0,100.0,0.0,200.0,0.0,100.0,32491.0,100.0,51092012008.0,100.0,141380507915.0
2019-04-18,S300Z6Y7,ST4000DM000,4000787030016,0,118.0,169778736.0,92.0,0.0,100.0,8.0,100.0,0.0,87.0,536925450.0,63.0,32883.0,100.0,0.0,100.0,8.0,100.0,0.0,100.0,0.0,100.0,0.0,100.0,0.0,100.0,0.0,74.0,26.0,100.0,0.0,100.0,0.0,77.0,47922.0,26.0,26.0,100.0,0.0,100.0,0.0,200.0,0.0,100.0,32515.0,100.0,51093479392.0,100.0,141516350173.0
2019-04-19,S300Z6Y7,ST4000DM000,4000787030016,0,117.0,151818720.0,92.0,0.0,100.0,8.0,100.0,0.0,87.0,537626305.0,63.0,32907.0,100.0,0.0,100.0,8.0,100.0,0.0,100.0,0.0,100.0,0.0,100.0,0.0,100.0,0.0,74.0,26.0,100.0,0.0,100.0,0.0,77.0,47922.0,26.0,26.0,100.0,0.0,100.0,0.0,200.0,0.0,100.0,32539.0,100.0,51095041424.0,100.0,141659872359.0
2019-04-20,S300Z6Y7,ST4000DM000,4000787030016,0,119.0,231958448.0,92.0,0.0,100.0,8.0,100.0,0.0,87.0,538198390.0,63.0,32931.0,100.0,0.0,100.0,8.0,100.0,0.0,100.0,0.0,100.0,0.0,100.0,0.0,100.0,0.0,75.0,25.0,100.0,0.0,100.0,0.0,77.0,47922.0,25.0,25.0,100.0,0.0,100.0,0.0,200.0,0.0,100.0,32562.0,100.0,51097115032.0,100.0,141798711389.0
2019-04-21,S300Z6Y7,ST4000DM000,4000787030016,0,116.0,116888352.0,92.0,0.0,100.0,8.0,100.0,0.0,87.0,539451474.0,63.0,32955.0,100.0,0.0,100.0,8.0,100.0,0.0,100.0,0.0,100.0,0.0,100.0,0.0,100.0,0.0,75.0,25.0,100.0,0.0,100.0,0.0,77.0,47922.0,25.0,25.0,100.0,0.0,100.0,0.0,200.0,0.0,100.0,32586.0,100.0,51102411560.0,100.0,141950918086.0
2019-04-22,S300Z6Y7,ST4000DM000,4000787030016,0,116.0,103537272.0,92.0,0.0,100.0,8.0,100.0,0.0,87.0,539823654.0,63.0,32978.0,100.0,0.0,100.0,8.0,100.0,0.0,100.0,0.0,100.0,0.0,100.0,0.0,100.0,0.0,75.0,25.0,100.0,0.0,100.0,0.0,77.0,47922.0,25.0,25.0,100.0,0.0,100.0,0.0,200.0,0.0,100.0,32610.0,100.0,51104744792.0,100.0,142106240997.0
2019-04-23,S300Z6Y7,ST4000DM000,4000787030016,0,119.0,217023112.0,92.0,0.0,100.0,8.0,100.0,0.0,87.0,540214952.0,63.0,33002.0,100.0,0.0,100.0,8.0,100.0,0.0,100.0,0.0,100.0,0.0,100.0,0.0,100.0,0.0,74.0,26.0,100.0,0.0,100.0,0.0,77.0,47922.0,26.0,26.0,100.0,0.0,100.0,0.0,200.0,0.0,100.0,32633.0,100.0,51107204184.0,100.0,142236552140.0
2019-04-24,S300Z6Y7,ST4000DM000,4000787030016,0,116.0,108920664.0,92.0,0.0,100.0,8.0,100.0,0.0,87.0,541779905.0,63.0,33026.0,100.0,0.0,100.0,8.0,100.0,0.0,100.0,0.0,100.0,0.0,100.0,0.0,100.0,0.0,75.0,25.0,100.0,0.0,100.0,0.0,77.0,47922.0,25.0,25.0,100.0,0.0,100.0,0.0,200.0,0.0,100.0,32657.0,100.0,51112869568.0,100.0,142394688938.0
2019-04-25,S300Z6Y7,ST4000DM000,4000787030016,0,117.0,142939528.0,92.0,0.0,100.0,8.0,100.0,0.0,87.0,542210012.0,63.0,33049.0,100.0,0.0,100.0,8.0,100.0,0.0,100.0,0.0,100.0,0.0,100.0,0.0,100.0,0.0,75.0,25.0,100.0,0.0,100.0,0.0,77.0,47922.0,25.0,25.0,100.0,0.0,100.0,0.0,200.0,0.0,100.0,32681.0,100.0,51115024504.0,100.0,142567707375.0
2019-04-26,S300Z6Y7,ST4000DM000,4000787030016,0,120.0,924984.0,92.0,0.0,100.0,8.0,100.0,0.0,87.0,543057130.0,63.0,33073.0,100.0,0.0,100.0,8.0,100.0,0.0,100.0,0.0,100.0,0.0,100.0,0.0,100.0,0.0,76.0,24.0,100.0,0.0,100.0,0.0,77.0,47922.0,24.0,24.0,100.0,0.0,100.0,0.0,200.0,0.0,100.0,32704.0,100.0,51116991896.0,100.0,142741446371.0
2019-04-27,S300Z6Y7,ST4000DM000,4000787030016,0,118.0,181323976.0,92.0,0.0,100.0,8.0,100.0,0.0,87.0,543791245.0,63.0,33097.0,100.0,0.0,100.0,8.0,100.0,0.0,100.0,0.0,100.0,0.0,100.0,0.0,100.0,0.0,76.0,24.0,100.0,0.0,100.0,0.0,77.0,47922.0,24.0,24.0,100.0,0.0,100.0,0.0,200.0,0.0,100.0,32728.0,100.0,51119659528.0,100.0,142881499567.0
2019-04-28,S300Z6Y7,ST4000DM000,4000787030016,0,117.0,163194816.0,92.0,0.0,100.0,8.0,100.0,0.0,87.0,545568278.0,63.0,33121.0,100.0,0.0,100.0,8.0,100.0,0.0,100.0,0.0,100.0,0.0,100.0,0.0,100.0,0.0,75.0,25.0,100.0,0.0,100.0,0.0,77.0,47922.0,25.0,25.0,100.0,0.0,100.0,0.0,200.0,0.0,100.0,32752.0,100.0,51124622568.0,100.0,143069165235.0
2019-04-29,S300Z6Y7,ST4000DM000,4000787030016,0,114.0,83409624.0,92.0,0.0,100.0,8.0,100.0,0.0,87.0,546702936.0,63.0,33144.0,100.0,0.0,100.0,8.0,100.0,0.0,100.0,0.0,100.0,0.0,100.0,0.0,100.0,0.0,75.0,25.0,100.0,0.0,100.0,0.0,77.0,47922.0,25.0,25.0,100.0,0.0,100.0,0.0,200.0,0.0,100.0,32776.0,100.0,51126375688.0,100.0,143242870077.0
2019-04-30,S300Z6Y7,ST4000DM000,4000787030016,0,118.0,192820120.0,92.0,0.0,100.0,8.0,100.0,0.0,87.0,547982282.0,63.0,33168.0,100.0,0.0,100.0,8.0,100.0,0.0,100.0,0.0,100.0,0.0,100.0,0.0,100.0,0.0,75.0,25.0,100.0,0.0,100.0,0.0,77.0,47922.0,25.0,25.0,100.0,0.0,100.0,0.0,200.0,0.0,100.0,32799.0,100.0,51128461776.0,100.0,143383092112.0
2019-05-01,S300Z6Y7,ST4000DM000,4000787030016,0,117.0,163452168.0,92.0,0.0,100.0,8.0,100.0,0.0,87.0,549606350.0,63.0,33192.0,100.0,0.0,100.0,8.0,100.0,0.0,100.0,0.0,100.0,0.0,100.0,0.0,100.0,0.0,74.0,26.0,100.0,0.0,100.0,0.0,77.0,47922.0,26.0,26.0,100.0,0.0,100.0,0.0,200.0,0.0,100.0,32823.0,100.0,51133083200.0,100.0,143522925189.0
2019-05-02,S300Z6Y7,ST4000DM000,4000787030016,0,116.0,112555592.0,92.0,0.0,100.0,8.0,100.0,0.0,87.0,551162077.0,63.0,33215.0,100.0,0.0,100.0,8.0,100.0,0.0,100.0,0.0,100.0,0.0,100.0,0.0,100.0,0.0,74.0,26.0,100.0,0.0,100.0,0.0,77.0,47922.0,26.0,26.0,100.0,0.0,100.0,0.0,200.0,0.0,100.0,32846.0,100.0,51137522240.0,100.0,143671873920.0
2019-05-03,S300Z6Y7,ST4000DM000,4000787030016,0,117.0,122245656.0,92.0,0.0,100.0,8.0,100.0,0.0,87.0,551963680.0,63.0,33239.0,100.0,0.0,100.0,8.0,100.0,0.0,100.0,0.0,100.0,0.0,100.0,0.0,100.0,0.0,74.0,26.0,100.0,0.0,100.0,0.0,77.0,47922.0,26.0,26.0,100.0,0.0,100.0,0.0,200.0,0.0,100.0,32870.0,100.0,51139311592.0,100.0,143831016798.0
2019-05-04,S300Z6Y7,ST4000DM000,4000787030016,0,112.0,46901000.0,92.0,0.0,100.0,8.0,100.0,0.0,87.0,552928163.0,63.0,33262.0,100.0,0.0,100.0,8.0,100.0,0.0,100.0,0.0,100.0,0.0,100.0,0.0,100.0,0.0,74.0,26.0,100.0,0.0,100.0,0.0,77.0,47922.0,26.0,26.0,100.0,0.0,100.0,0.0,200.0,0.0,100.0,32893.0,100.0,51141745128.0,100.0,143989656899.0
2019-05-05,S300Z6Y7,ST4000DM000,4000787030016,0,112.0,49612696.0,92.0,0.0,100.0,8.0,100.0,0.0,87.0,554583106.0,63.0,33286.0,100.0,0.0,100.0,8.0,100.0,0.0,100.0,0.0,100.0,0.0,100.0,0.0,100.0,0.0,73.0,27.0,100.0,0.0,100.0,0.0,77.0,47922.0,27.0,27.0,100.0,0.0,100.0,0.0,200.0,0.0,100.0,32917.0,100.0,51145177944.0,100.0,144152594017.0
2019-05-06,S300Z6Y7,ST4000DM000,4000787030016,0,110.0,25920920.0,92.0,0.0,100.0,8.0,100.0,0.0,87.0,555804480.0,62.0,33309.0,100.0,0.0,100.0,8.0,100.0,0.0,100.0,0.0,100.0,0.0,100.0,0.0,100.0,0.0,73.0,27.0,100.0,0.0,100.0,0.0,77.0,47922.0,27.0,27.0,100.0,0.0,100.0,0.0,200.0,0.0,100.0,32940.0,100.0,51148623008.0,100.0,144324964242.0
2019-05-07,S300Z6Y7,ST4000DM000,4000787030016,0,110.0,27984112.0,92.0,0.0,100.0,8.0,100.0,0.0,87.0,556660001.0,62.0,33333.0,100.0,0.0,100.0,8.0,100.0,0.0,100.0,0.0,100.0,0.0,100.0,0.0,100.0,0.0,73.0,27.0,100.0,0.0,100.0,0.0,77.0,47922.0,27.0,27.0,100.0,0.0,100.0,0.0,200.0,0.0,100.0,32964.0,100.0,51150793408.0,100.0,144478585274.0
2019-05-08,S300Z6Y7,ST4000DM000,4000787030016,0,120.0,242520008.0,92.0,0.0,100.0,8.0,100.0,0.0,87.0,558176047.0,62.0,33356.0,100.0,0.0,100.0,8.0,100.0,0.0,100.0,0.0,100.0,0.0,100.0,0.0,100.0,0.0,73.0,27.0,100.0,0.0,100.0,0.0,77.0,47922.0,27.0,27.0,100.0,0.0,100.0,0.0,200.0,0.0,100.0,32988.0,100.0,51155554584.0,100.0,144606924916.0
2019-05-09,S300Z6Y7,ST4000DM000,4000787030016,0,109.0,22935944.0,92.0,0.0,100.0,8.0,100.0,0.0,87.0,559828740.0,62.0,33380.0,100.0,0.0,100.0,8.0,100.0,0.0,100.0,0.0,100.0,0.0,100.0,0.0,100.0,0.0,73.0,27.0,100.0,0.0,100.0,0.0,77.0,47922.0,27.0,27.0,100.0,0.0,100.0,0.0,200.0,0.0,100.0,33011.0,100.0,51159383240.0,100.0,144792018766.0
2019-05-10,S300Z6Y7,ST4000DM000,4000787030016,0,118.0,196727832.0,92.0,0.0,100.0,8.0,100.0,0.0,87.0,560646877.0,62.0,33403.0,100.0,0.0,100.0,8.0,100.0,0.0,100.0,0.0,100.0,0.0,100.0,0.0,100.0,0.0,74.0,26.0,100.0,0.0,100.0,0.0,77.0,47922.0,26.0,26.0,100.0,0.0,100.0,0.0,200.0,0.0,100.0,33034.0,100.0,51161175360.0,100.0,144945877315.0
2019-05-11,S300Z6Y7,ST4000DM000,4000787030016,0,119.0,228145784.0,92.0,0.0,100.0,8.0,100.0,0.0,87.0,561512327.0,62.0,33426.0,100.0,0.0,100.0,8.0,100.0,0.0,100.0,0.0,100.0,0.0,100.0,0.0,100.0,0.0,74.0,26.0,100.0,0.0,100.0,0.0,77.0,47922.0,26.0,26.0,100.0,0.0,100.0,0.0,200.0,0.0,100.0,33058.0,100.0,51163023904.0,100.0,145107544554.0
2019-05-12,S300Z6Y7,ST4000DM000,4000787030016,0,110.0,29279808.0,92.0,0.0,100.0,8.0,100.0,0.0,87.0,562291346.0,62.0,33450.0,100.0,0.0,100.0,8.0,100.0,0.0,100.0,0.0,100.0,0.0,100.0,0.0,100.0,0.0,74.0,26.0,100.0,0.0,100.0,0.0,77.0,47922.0,26.0,26.0,100.0,0.0,100.0,0.0,200.0,0.0,100.0,33081.0,100.0,51165099608.0,100.0,145222085845.0
2019-05-13,S300Z6Y7,ST4000DM000,4000787030016,0,117.0,162143088.0,92.0,0.0,100.0,8.0,100.0,0.0,87.0,563885232.0,62.0,33474.0,100.0,0.0,100.0,8.0,100.0,0.0,100.0,0.0,100.0,0.0,100.0,0.0,100.0,0.0,74.0,26.0,100.0,0.0,100.0,0.0,77.0,47922.0,26.0,26.0,100.0,0.0,100.0,0.0,200.0,0.0,100.0,33105.0,100.0,51169610704.0,100.0,145362640094.0
2019-05-14,S300Z6Y7,ST4000DM000,4000787030016,0,118.0,190812392.0,92.0,0.0,100.0,8.0,100.0,0.0,87.0,565019003.0,62.0,33498.0,100.0,0.0,100.0,8.0,100.0,0.0,100.0,0.0,100.0,0.0,100.0,0.0,100.0,0.0,74.0,26.0,100.0,0.0,100.0,0.0,77.0,47922.0,26.0,26.0,100.0,0.0,100.0,0.0,200.0,0.0,100.0,33129.0,100.0,51172113800.0,100.0,145501228171.0
2019-05-15,S300Z6Y7,ST4000DM000,4000787030016,0,118.0,187324016.0,92.0,0.0,100.0,8.0,100.0,0.0,87.0,567316012.0,62.0,33533.0,100.0,0.0,100.0,8.0,100.0,0.0,100.0,0.0,100.0,0.0,100.0,0.0,100.0,0.0,74.0,26.0,100.0,0.0,100.0,0.0,77.0,47922.0,26.0,26.0,100.0,0.0,100.0,0.0,200.0,0.0,100.0,33165.0,100.0,51178561344.0,100.0,145699951354.0
2019-05-16,S300Z6Y7,ST4000DM000,4000787030016,0,119.0,211867656.0,92.0,0.0,100.0,8.0,100.0,0.0,87.0,569028523.0,62.0,33557.0,100.0,0.0,100.0,8.0,100.0,0.0,100.0,0.0,100.0,0.0,100.0,0.0,100.0,0.0,74.0,26.0,100.0,0.0,100.0,0.0,77.0,47922.0,26.0,26.0,100.0,0.0,100.0,0.0,200.0,0.0,100.0,33189.0,100.0,51182384112.0,100.0,145861069811.0
2019-05-17,S300Z6Y7,ST4000DM000,4000787030016,0,117.0,118364336.0,92.0,0.0,100.0,8.0,100.0,0.0,87.0,569714345.0,62.0,33581.0,100.0,0.0,100.0,8.0,100.0,0.0,100.0,0.0,100.0,0.0,100.0,0.0,100.0,0.0,74.0,26.0,100.0,0.0,100.0,0.0,77.0,47922.0,26.0,26.0,100.0,0.0,100.0,0.0,200.0,0.0,100.0,33212.0,100.0,51183942176.0,100.0,145990177232.0
2019-05-18,S300Z6Y7,ST4000DM000,4000787030016,0,108.0,17030040.0,92.0,0.0,100.0,8.0,100.0,0.0,87.0,570428327.0,62.0,33605.0,100.0,0.0,100.0,8.0,100.0,0.0,100.0,0.0,100.0,0.0,100.0,0.0,100.0,0.0,74.0,26.0,100.0,0.0,100.0,0.0,77.0,47922.0,26.0,26.0,100.0,0.0,100.0,0.0,200.0,0.0,100.0,33236.0,100.0,51185953360.0,100.0,146132251558.0
2019-05-19,S300Z6Y7,ST4000DM000,4000787030016,0,113.0,55754712.0,92.0,0.0,100.0,8.0,100.0,0.0,87.0,571854060.0,62.0,33629.0,100.0,0.0,100.0,8.0,100.0,0.0,100.0,0.0,100.0,0.0,100.0,0.0,100.0,0.0,72.0,28.0,100.0,0.0,100.0,0.0,77.0,47922.0,28.0,28.0,100.0,0.0,100.0,0.0,200.0,0.0,100.0,33260.0,100.0,51190799368.0,100.0,146287076051.0
2019-05-20,S300Z6Y7,ST4000DM000,4000787030016,0,117.0,121394864.0,92.0,0.0,100.0,8.0,100.0,0.0,87.0,572270164.0,62.0,33652.0,100.0,0.0,100.0,8.0,100.0,0.0,100.0,0.0,100.0,0.0,100.0,0.0,100.0,0.0,71.0,29.0,100.0,0.0,100.0,0.0,77.0,47922.0,29.0,29.0,100.0,0.0,100.0,0.0,200.0,0.0,100.0,33284.0,100.0,51193069192.0,100.0,146426228530.0
2019-05-21,S300Z6Y7,ST4000DM000,4000787030016,0,119.0,221861952.0,92.0,0.0,100.0,8.0,100.0,0.0,87.0,572667412.0,62.0,33676.0,100.0,0.0,100.0,8.0,100.0,0.0,100.0,0.0,100.0,0.0,100.0,0.0,100.0,0.0,73.0,27.0,100.0,0.0,100.0,0.0,77.0,47922.0,27.0,27.0,100.0,0.0,100.0,0.0,200.0,0.0,100.0,33307.0,100.0,51195401440.0,100.0,146598506294.0
2019-05-22,S300Z6Y7,ST4000DM000,4000787030016,0,116.0,104023656.0,92.0,0.0,100.0,8.0,100.0,0.0,87.0,573815839.0,62.0,33699.0,100.0,0.0,100.0,8.0,100.0,0.0,100.0,0.0,100.0,0.0,100.0,0.0,100.0,0.0,73.0,27.0,100.0,0.0,100.0,0.0,77.0,47922.0,27.0,27.0,100.0,0.0,100.0,0.0,200.0,0.0,100.0,33331.0,100.0,51200249312.0,100.0,146708192221.0
2019-05-23,S300Z6Y7,ST4000DM000,4000787030016,0,117.0,135969144.0,92.0,0.0,100.0,8.0,100.0,0.0,87.0,574897176.0,62.0,33723.0,100.0,0.0,100.0,8.0,100.0,0.0,100.0,0.0,100.0,0.0,100.0,0.0,100.0,0.0,73.0,27.0,100.0,0.0,100.0,0.0,77.0,47922.0,27.0,27.0,100.0,0.0,100.0,0.0,200.0,0.0,100.0,33354.0,100.0,51202603320.0,100.0,146886517191.0
2019-05-24,S300Z6Y7,ST4000DM000,4000787030016,0,117.0,124149680.0,92.0,0.0,100.0,8.0,100.0,0.0,87.0,575447992.0,62.0,33747.0,100.0,0.0,100.0,8.0,100.0,0.0,100.0,0.0,100.0,0.0,100.0,0.0,100.0,0.0,74.0,26.0,100.0,0.0,100.0,0.0,77.0,47922.0,26.0,26.0,100.0,0.0,100.0,0.0,200.0,0.0,100.0,33378.0,100.0,51204964320.0,100.0,147072197848.0
2019-05-25,S300Z6Y7,ST4000DM000,4000787030016,0,119.0,214551912.0,92.0,0.0,100.0,8.0,100.0,0.0,87.0,576284969.0,62.0,33770.0,100.0,0.0,100.0,8.0,100.0,0.0,100.0,0.0,100.0,0.0,100.0,0.0,100.0,0.0,75.0,25.0,100.0,0.0,100.0,0.0,77.0,47922.0,25.0,25.0,100.0,0.0,100.0,0.0,200.0,0.0,100.0,33402.0,100.0,51207232312.0,100.0,147237622937.0
2019-05-26,S300Z6Y7,ST4000DM000,4000787030016,0,105.0,9301160.0,92.0,0.0,100.0,8.0,100.0,0.0,87.0,577848095.0,62.0,33794.0,100.0,0.0,100.0,8.0,100.0,0.0,100.0,0.0,100.0,0.0,100.0,0.0,100.0,0.0,75.0,25.0,100.0,0.0,100.0,0.0,77.0,47922.0,25.0,25.0,100.0,0.0,100.0,0.0,200.0,0.0,100.0,33426.0,100.0,51212490968.0,100.0,147396778196.0
2019-05-27,S300Z6Y7,ST4000DM000,4000787030016,0,118.0,182736888.0,92.0,0.0,100.0,8.0,100.0,0.0,87.0,578742059.0,62.0,33818.0,100.0,0.0,100.0,8.0,100.0,0.0,100.0,0.0,100.0,0.0,100.0,0.0,100.0,0.0,74.0,26.0,100.0,0.0,100.0,0.0,77.0,47922.0,26.0,26.0,100.0,0.0,100.0,0.0,200.0,0.0,100.0,33449.0,100.0,51214852392.0,100.0,147560155406.0
2019-05-28,S300Z6Y7,ST4000DM000,4000787030016,0,113.0,50546176.0,92.0,0.0,100.0,8.0,100.0,0.0,87.0,579967507.0,62.0,33842.0,100.0,0.0,100.0,8.0,100.0,0.0,100.0,0.0,100.0,0.0,100.0,0.0,100.0,0.0,74.0,26.0,100.0,0.0,100.0,0.0,77.0,47922.0,26.0,26.0,100.0,0.0,100.0,0.0,200.0,0.0,100.0,33473.0,100.0,51216581536.0,100.0,147726055212.0
2019-05-29,S300Z6Y7,ST4000DM000,4000787030016,0,112.0,42128928.0,92.0,0.0,100.0,8.0,100.0,0.0,87.0,581727296.0,62.0,33865.0,100.0,0.0,100.0,8.0,100.0,0.0,100.0,0.0,100.0,0.0,100.0,0.0,100.0,0.0,74.0,26.0,100.0,0.0,100.0,0.0,77.0,47922.0,26.0,26.0,100.0,0.0,100.0,0.0,200.0,0.0,100.0,33497.0,100.0,51220662648.0,100.0,147841889783.0
2019-05-30,S300Z6Y7,ST4000DM000,4000787030016,0,118.0,196718512.0,92.0,0.0,100.0,8.0,100.0,0.0,87.0,583630301.0,62.0,33889.0,100.0,0.0,100.0,8.0,100.0,0.0,100.0,0.0,100.0,0.0,100.0,0.0,100.0,0.0,74.0,26.0,100.0,0.0,100.0,0.0,77.0,47922.0,26.0,26.0,100.0,0.0,100.0,0.0,200.0,0.0,100.0,33520.0,100.0,51224338600.0,100.0,148016788080.0
2019-05-31,S300Z6Y7,ST4000DM000,4000787030016,0,118.0,181894320.0,92.0,0.0,100.0,8.0,100.0,0.0,87.0,584249685.0,62.0,33912.0,100.0,0.0,100.0,8.0,100.0,0.0,100.0,0.0,100.0,0.0,100.0,0.0,100.0,0.0,74.0,26.0,100.0,0.0,100.0,0.0,77.0,47922.0,26.0,26.0,100.0,0.0,100.0,0.0,200.0,0.0,100.0,33544.0,100.0,51225900736.0,100.0,148157349565.0
2019-06-01,S300Z6Y7,ST4000DM000,4000787030016,0,117.0,121416112.0,92.0,0.0,100.0,8.0,100.0,0.0,87.0,585125202.0,62.0,33936.0,100.0,0.0,100.0,8.0,100.0,0.0,100.0,0.0,100.0,0.0,100.0,0.0,100.0,0.0,74.0,26.0,100.0,0.0,100.0,0.0,77.0,47922.0,26.0,26.0,100.0,0.0,100.0,0.0,200.0,0.0,100.0,33567.0,100.0,51228048464.0,100.0,148318453032.0
2019-06-02,S300Z6Y7,ST4000DM000,4000787030016,0,115.0,86688792.0,92.0,0.0,100.0,8.0,100.0,0.0,87.0,586944052.0,62.0,33960.0,100.0,0.0,100.0,8.0,100.0,0.0,100.0,0.0,100.0,0.0,100.0,0.0,100.0,0.0,75.0,25.0,100.0,0.0,100.0,0.0,77.0,47922.0,25.0,25.0,100.0,0.0,100.0,0.0,200.0,0.0,100.0,33591.0,100.0,51233229824.0,100.0,148490142582.0
2019-06-03,S300Z6Y7,ST4000DM000,4000787030016,0,109.0,23732240.0,92.0,0.0,100.0,8.0,100.0,0.0,87.0,588044028.0,62.0,33984.0,100.0,0.0,100.0,8.0,100.0,0.0,100.0,0.0,100.0,0.0,100.0,0.0,100.0,0.0,74.0,26.0,100.0,0.0,100.0,0.0,77.0,47922.0,26.0,26.0,100.0,0.0,100.0,0.0,200.0,0.0,100.0,33615.0,100.0,51235390080.0,100.0,148647168293.0
2019-06-04,S300Z6Y7,ST4000DM000,4000787030016,0,116.0,105852104.0,92.0,0.0,100.0,8.0,100.0,0.0,87.0,588902871.0,62.0,34007.0,100.0,0.0,100.0,8.0,100.0,0.0,100.0,0.0,100.0,0.0,100.0,0.0,100.0,0.0,75.0,25.0,100.0,0.0,100.0,0.0,77.0,47922.0,25.0,25.0,100.0,0.0,100.0,0.0,200.0,0.0,100.0,33638.0,100.0,51237185584.0,100.0,148810357235.0
2019-06-05,S300Z6Y7,ST4000DM000,4000787030016,0,111.0,31304152.0,92.0,0.0,100.0,8.0,100.0,0.0,87.0,590385042.0,62.0,34031.0,100.0,0.0,100.0,8.0,100.0,0.0,100.0,0.0,100.0,0.0,100.0,0.0,100.0,0.0,75.0,25.0,100.0,0.0,100.0,0.0,77.0,47922.0,25.0,25.0,100.0,0.0,100.0,0.0,200.0,0.0,100.0,33662.0,100.0,51241621640.0,100.0,148943381956.0
2019-06-06,S300Z6Y7,ST4000DM000,4000787030016,0,111.0,34400888.0,92.0,0.0,100.0,8.0,100.0,0.0,87.0,591756490.0,62.0,34054.0,100.0,0.0,100.0,8.0,100.0,0.0,100.0,0.0,100.0,0.0,100.0,0.0,100.0,0.0,74.0,26.0,100.0,0.0,100.0,0.0,77.0,47922.0,26.0,26.0,100.0,0.0,100.0,0.0,200.0,0.0,100.0,33686.0,100.0,51244349272.0,100.0,149098643377.0
2019-06-07,S300Z6Y7,ST4000DM000,4000787030016,0,118.0,173554144.0,92.0,0.0,100.0,8.0,100.0,0.0,87.0,593029605.0,62.0,34078.0,100.0,0.0,100.0,8.0,100.0,0.0,100.0,0.0,100.0,0.0,100.0,0.0,100.0,0.0,74.0,26.0,100.0,0.0,100.0,0.0,77.0,47922.0,26.0,26.0,100.0,0.0,100.0,0.0,200.0,0.0,100.0,33709.0,100.0,51247526512.0,100.0,149274459065.0
2019-06-08,S300Z6Y7,ST4000DM000,4000787030016,0,117.0,121875656.0,92.0,0.0,100.0,8.0,100.0,0.0,87.0,593843500.0,62.0,34101.0,100.0,0.0,100.0,8.0,100.0,0.0,100.0,0.0,100.0,0.0,100.0,0.0,100.0,0.0,75.0,25.0,100.0,0.0,100.0,0.0,77.0,47922.0,25.0,25.0,100.0,0.0,100.0,0.0,200.0,0.0,100.0,33732.0,100.0,51249461592.0,100.0,149422585130.0
2019-06-09,S300Z6Y7,ST4000DM000,4000787030016,0,100.0,3141544.0,92.0,0.0,100.0,8.0,100.0,0.0,87.0,595032146.0,62.0,34125.0,100.0,0.0,100.0,8.0,100.0,0.0,100.0,0.0,100.0,0.0,100.0,0.0,100.0,0.0,74.0,26.0,100.0,0.0,100.0,0.0,77.0,47922.0,26.0,26.0,100.0,0.0,100.0,0.0,200.0,0.0,100.0,33756.0,100.0,51252320992.0,100.0,149584869590.0
2019-06-10,S300Z6Y7,ST4000DM000,4000787030016,0,118.0,172578544.0,92.0,0.0,100.0,8.0,100.0,0.0,87.0,596262191.0,62.0,34148.0,100.0,0.0,100.0,8.0,100.0,0.0,100.0,0.0,100.0,0.0,100.0,0.0,100.0,0.0,73.0,27.0,100.0,0.0,100.0,0.0,77.0,47922.0,27.0,27.0,100.0,0.0,100.0,0.0,200.0,0.0,100.0,33780.0,100.0,51257903248.0,100.0,149695492366.0
2019-06-11,S300Z6Y7,ST4000DM000,4000787030016,0,118.0,174132808.0,92.0,0.0,100.0,8.0,100.0,0.0,87.0,597257821.0,61.0,34172.0,100.0,0.0,100.0,8.0,100.0,0.0,100.0,0.0,100.0,0.0,100.0,0.0,100.0,0.0,74.0,26.0,100.0,0.0,100.0,0.0,77.0,47922.0,26.0,26.0,100.0,0.0,100.0,0.0,200.0,0.0,100.0,33803.0,100.0,51259779096.0,100.0,149835623009.0
2019-06-12,S300Z6Y7,ST4000DM000,4000787030016,0,119.0,203448824.0,92.0,0.0,100.0,8.0,100.0,0.0,87.0,598925543.0,61.0,34195.0,100.0,0.0,100.0,8.0,100.0,0.0,100.0,0.0,100.0,0.0,100.0,0.0,100.0,0.0,74.0,26.0,100.0,0.0,100.0,0.0,77.0,47922.0,26.0,26.0,100.0,0.0,100.0,0.0,200.0,0.0,100.0,33826.0,100.0,51264087448.0,100.0,149951051409.0
2019-06-13,S300Z6Y7,ST4000DM000,4000787030016,0,115.0,84368384.0,92.0,0.0,100.0,8.0,100.0,0.0,87.0,601089858.0,61.0,34230.0,100.0,0.0,100.0,8.0,100.0,0.0,100.0,0.0,100.0,0.0,100.0,0.0,100.0,0.0,74.0,26.0,100.0,0.0,100.0,0.0,77.0,47922.0,26.0,26.0,100.0,0.0,100.0,0.0,200.0,0.0,100.0,33861.0,100.0,51267668976.0,100.0,150181767426.0
2019-06-14,S300Z6Y7,ST4000DM000,4000787030016,0,118.0,187523416.0,92.0,0.0,100.0,8.0,100.0,0.0,87.0,602186569.0,61.0,34253.0,100.0,0.0,100.0,8.0,100.0,0.0,100.0,0.0,100.0,0.0,100.0,0.0,100.0,0.0,74.0,26.0,100.0,0.0,100.0,0.0,77.0,47922.0,26.0,26.0,100.0,0.0,100.0,0.0,200.0,0.0,100.0,33885.0,100.0,51270630400.0,100.0,150327634600.0
2019-06-15,S300Z6Y7,ST4000DM000,4000787030016,0,120.0,238084344.0,92.0,0.0,100.0,8.0,100.0,0.0,87.0,602854348.0,61.0,34277.0,100.0,0.0,100.0,8.0,100.0,0.0,100.0,0.0,100.0,0.0,100.0,0.0,100.0,0.0,74.0,26.0,100.0,0.0,100.0,0.0,77.0,47922.0,26.0,26.0,100.0,0.0,100.0,0.0,200.0,0.0,100.0,33908.0,100.0,51272538176.0,100.0,150459423545.0
2019-06-16,S300Z6Y7,ST4000DM000,4000787030016,0,116.0,101867968.0,92.0,0.0,100.0,8.0,100.0,0.0,87.0,604363283.0,61.0,34300.0,100.0,0.0,100.0,8.0,100.0,0.0,100.0,0.0,100.0,0.0,100.0,0.0,100.0,0.0,75.0,25.0,100.0,0.0,100.0,0.0,77.0,47922.0,25.0,25.0,100.0,0.0,100.0,0.0,200.0,0.0,100.0,33931.0,100.0,51277540552.0,100.0,150611535935.0
2019-06-17,S300Z6Y7,ST4000DM000,4000787030016,0,118.0,186153320.0,92.0,0.0,100.0,8.0,100.0,0.0,87.0,604820530.0,61.0,34324.0,100.0,0.0,100.0,8.0,100.0,0.0,100.0,0.0,100.0,0.0,100.0,0.0,100.0,0.0,75.0,25.0,100.0,0.0,100.0,0.0,77.0,47922.0,25.0,25.0,100.0,0.0,100.0,0.0,200.0,0.0,100.0,33955.0,100.0,51280681904.0,100.0,150741126224.0
2019-06-18,S300Z6Y7,ST4000DM000,4000787030016,0,114.0,82501184.0,92.0,0.0,100.0,8.0,100.0,0.0,87.0,605223074.0,61.0,34347.0,100.0,0.0,100.0,8.0,100.0,0.0,100.0,0.0,100.0,0.0,100.0,0.0,100.0,0.0,75.0,25.0,100.0,0.0,100.0,0.0,77.0,47922.0,25.0,25.0,100.0,0.0,100.0,0.0,200.0,0.0,100.0,33978.0,100.0,51283027496.0,100.0,150903386163.0
2019-06-19,S300Z6Y7,ST4000DM000,4000787030016,0,114.0,75771360.0,92.0,0.0,100.0,8.0,100.0,0.0,87.0,606292367.0,61.0,34370.0,100.0,0.0,100.0,8.0,100.0,0.0,100.0,0.0,100.0,0.0,100.0,0.0,100.0,0.0,75.0,25.0,100.0,0.0,100.0,0.0,77.0,47922.0,25.0,25.0,100.0,0.0,100.0,0.0,200.0,0.0,100.0,34002.0,100.0,51287549944.0,100.0,151008568414.0
2019-06-20,S300Z6Y7,ST4000DM000,4000787030016,0,117.0,133118096.0,92.0,0.0,100.0,8.0,100.0,0.0,87.0,606763331.0,61.0,34394.0,100.0,0.0,100.0,8.0,100.0,0.0,100.0,0.0,100.0,0.0,100.0,0.0,100.0,0.0,75.0,25.0,100.0,0.0,100.0,0.0,77.0,47922.0,25.0,25.0,100.0,0.0,100.0,0.0,200.0,0.0,100.0,34025.0,100.0,51289712968.0,100.0,151185359019.0
2019-06-21,S300Z6Y7,ST4000DM000,4000787030016,0,119.0,213190096.0,92.0,0.0,100.0,8.0,100.0,0.0,87.0,608011969.0,61.0,34417.0,100.0,0.0,100.0,8.0,100.0,0.0,100.0,0.0,100.0,0.0,100.0,0.0,100.0,0.0,75.0,25.0,100.0,0.0,100.0,0.0,77.0,47922.0,25.0,25.0,100.0,0.0,100.0,0.0,200.0,0.0,100.0,34049.0,100.0,51294230656.0,100.0,151364037642.0
2019-06-22,S300Z6Y7,ST4000DM000,4000787030016,0,116.0,107314496.0,92.0,0.0,100.0,8.0,100.0,0.0,87.0,608877765.0,61.0,34441.0,100.0,0.0,100.0,8.0,100.0,0.0,100.0,0.0,100.0,0.0,100.0,0.0,100.0,0.0,75.0,25.0,100.0,0.0,100.0,0.0,77.0,47922.0,25.0,25.0,100.0,0.0,100.0,0.0,200.0,0.0,100.0,34072.0,100.0,51296226168.0,100.0,151543001499.0
2019-06-23,S300Z6Y7,ST4000DM000,4000787030016,0,118.0,196018032.0,92.0,0.0,100.0,8.0,100.0,0.0,87.0,610432554.0,61.0,34464.0,100.0,0.0,100.0,8.0,100.0,0.0,100.0,0.0,100.0,0.0,100.0,0.0,100.0,0.0,75.0,25.0,100.0,0.0,100.0,0.0,77.0,47922.0,25.0,25.0,100.0,0.0,100.0,0.0,200.0,0.0,100.0,34096.0,100.0,51301235904.0,100.0,151697764246.0
2019-06-24,S300Z6Y7,ST4000DM000,4000787030016,0,117.0,157413720.0,92.0,0.0,100.0,8.0,100.0,0.0,87.0,611322500.0,61.0,34488.0,100.0,0.0,100.0,8.0,100.0,0.0,100.0,0.0,100.0,0.0,100.0,0.0,100.0,0.0,75.0,25.0,100.0,0.0,100.0,0.0,77.0,47922.0,25.0,25.0,100.0,0.0,100.0,0.0,200.0,0.0,100.0,34120.0,100.0,51302907448.0,100.0,151865659698.0
2019-06-25,S300Z6Y7,ST4000DM000,4000787030016,0,118.0,197002128.0,92.0,0.0,100.0,8.0,100.0,0.0,87.0,612518296.0,61.0,34512.0,100.0,0.0,100.0,8.0,100.0,0.0,100.0,0.0,100.0,0.0,100.0,0.0,100.0,0.0,75.0,25.0,100.0,0.0,100.0,0.0,77.0,47922.0,25.0,25.0,100.0,0.0,100.0,0.0,200.0,0.0,100.0,34143.0,100.0,51305433768.0,100.0,152038000555.0
2019-06-26,S300Z6Y7,ST4000DM000,4000787030016,0,108.0,16408944.0,92.0,0.0,100.0,8.0,100.0,0.0,87.0,614143012.0,61.0,34536.0,100.0,0.0,100.0,8.0,100.0,0.0,100.0,0.0,100.0,0.0,100.0,0.0,100.0,0.0,75.0,25.0,100.0,0.0,100.0,0.0,77.0,47922.0,25.0,25.0,100.0,0.0,100.0,0.0,200.0,0.0,100.0,34167.0,100.0,51309667368.0,100.0,152153799435.0
2019-06-27,S300Z6Y7,ST4000DM000,4000787030016,0,118.0,181818160.0,92.0,0.0,100.0,8.0,100.0,0.0,87.0,615677167.0,61.0,34560.0,100.0,0.0,100.0,8.0,100.0,0.0,100.0,0.0,100.0,0.0,100.0,0.0,100.0,0.0,75.0,25.0,100.0,0.0,100.0,0.0,77.0,47922.0,25.0,25.0,100.0,0.0,100.0,0.0,200.0,0.0,100.0,34191.0,100.0,51312052112.0,100.0,152410519695.0
2019-06-28,S300Z6Y7,ST4000DM000,4000787030016,0,119.0,205969200.0,92.0,0.0,100.0,8.0,100.0,0.0,87.0,617327323.0,61.0,34584.0,100.0,0.0,100.0,8.0,100.0,0.0,100.0,0.0,100.0,0.0,100.0,0.0,100.0,0.0,76.0,24.0,100.0,0.0,100.0,0.0,77.0,47922.0,24.0,24.0,100.0,0.0,100.0,0.0,200.0,0.0,100.0,34215.0,100.0,51314949680.0,100.0,152724039052.0
2019-06-29,S300Z6Y7,ST4000DM000,4000787030016,0,116.0,111610072.0,92.0,0.0,100.0,8.0,100.0,0.0,87.0,619845728.0,61.0,34608.0,100.0,0.0,100.0,8.0,100.0,0.0,100.0,0.0,100.0,0.0,100.0,0.0,100.0,0.0,75.0,25.0,100.0,0.0,100.0,0.0,77.0,47922.0,25.0,25.0,100.0,0.0,100.0,0.0,200.0,0.0,100.0,34239.0,100.0,51319741728.0,100.0,153047292342.0
2019-06-30,S300Z6Y7,ST4000DM000,4000787030016,0,119.0,1229904.0,92.0,0.0,100.0,8.0,100.0,0.0,87.0,622132797.0,61.0,34632.0,100.0,0.0,100.0,8.0,100.0,0.0,100.0,0.0,100.0,0.0,100.0,0.0,100.0,0.0,75.0,25.0,100.0,0.0,100.0,0.0,77.0,47922.0,25.0,25.0,100.0,0.0,100.0,0.0,200.0,0.0,100.0,34263.0,100.0,51324465872.0,100.0,153357565969.0
2019-07-01,S300Z6Y7,ST4000DM000,4000787030016,0,117.0,150168328.0,92.0,0.0,100.0,8.0,100.0,0.0,87.0,624077085.0,61.0,34655.0,100.0,0.0,100.0,8.0,100.0,0.0,100.0,0.0,100.0,0.0,100.0,0.0,100.0,0.0,75.0,25.0,100.0,0.0,100.0,0.0,77.0,47922.0,25.0,25.0,100.0,0.0,100.0,0.0,200.0,0.0,100.0,34287.0,100.0,51328837888.0,100.0,153681369551.0
2019-07-02,S300Z6Y7,ST4000DM000,4000787030016,0,117.0,139339656.0,92.0,0.0,100.0,8.0,100.0,0.0,87.0,625503787.0,61.0,34679.0,100.0,0.0,100.0,8.0,100.0,0.0,100.0,0.0,100.0,0.0,100.0,0.0,100.0,0.0,76.0,24.0,100.0,0.0,100.0,0.0,77.0,47922.0,24.0,24.0,100.0,0.0,100.0,0.0,200.0,0.0,100.0,34311.0,100.0,51331683128.0,100.0,153933219502.0
2019-07-03,S300Z6Y7,ST4000DM000,4000787030016,0,116.0,101339832.0,92.0,0.0,100.0,8.0,100.0,0.0,87.0,627684760.0,61.0,34703.0,100.0,0.0,100.0,8.0,100.0,0.0,100.0,0.0,100.0,0.0,100.0,0.0,100.0,0.0,75.0,25.0,100.0,0.0,100.0,0.0,77.0,47922.0,25.0,25.0,100.0,0.0,100.0,0.0,200.0,0.0,100.0,34335.0,100.0,51336437448.0,100.0,154136556229.0
2019-07-04,S300Z6Y7,ST4000DM000,4000787030016,0,119.0,228909728.0,92.0,0.0,100.0,8.0,100.0,0.0,87.0,629691293.0,61.0,34727.0,100.0,0.0,100.0,8.0,100.0,0.0,100.0,0.0,100.0,0.0,100.0,0.0,100.0,0.0,75.0,25.0,100.0,0.0,100.0,0.0,77.0,47922.0,25.0,25.0,100.0,0.0,100.0,0.0,200.0,0.0,100.0,34358.0,100.0,51338924464.0,100.0,154421796380.0
2019-07-05,S300Z6Y7,ST4000DM000,4000787030016,0,119.0,214345696.0,92.0,0.0,100.0,8.0,100.0,0.0,87.0,631028249.0,61.0,34751.0,100.0,0.0,100.0,8.0,100.0,0.0,100.0,0.0,100.0,0.0,100.0,0.0,100.0,0.0,75.0,25.0,100.0,0.0,100.0,0.0,77.0,47922.0,25.0,25.0,100.0,0.0,100.0,0.0,200.0,0.0,100.0,34382.0,100.0,51341220624.0,100.0,154694087712.0
2019-07-06,S300Z6Y7,ST4000DM000,4000787030016,0,116.0,116298120.0,92.0,0.0,100.0,8.0,100.0,0.0,87.0,631928455.0,61.0,34775.0,100.0,0.0,100.0,8.0,100.0,0.0,100.0,0.0,100.0,0.0,100.0,0.0,100.0,0.0,75.0,25.0,100.0,0.0,100.0,0.0,77.0,47922.0,25.0,25.0,100.0,0.0,100.0,0.0,200.0,0.0,100.0,34406.0,100.0,51344358320.0,100.0,154961650913.0
2019-07-07,S300Z6Y7,ST4000DM000,4000787030016,0,114.0,74175376.0,92.0,0.0,100.0,8.0,100.0,0.0,87.0,633224108.0,61.0,34799.0,100.0,0.0,100.0,8.0,100.0,0.0,100.0,0.0,100.0,0.0,100.0,0.0,100.0,0.0,75.0,25.0,100.0,0.0,100.0,0.0,77.0,47922.0,25.0,25.0,100.0,0.0,100.0,0.0,200.0,0.0,100.0,34430.0,100.0,51349000928.0,100.0,155293916352.0
2019-07-08,S300Z6Y7,ST4000DM000,4000787030016,0,114.0,67315584.0,92.0,0.0,100.0,8.0,100.0,0.0,87.0,634696904.0,61.0,34823.0,100.0,0.0,100.0,8.0,100.0,0.0,100.0,0.0,100.0,0.0,100.0,0.0,100.0,0.0,75.0,25.0,100.0,0.0,100.0,0.0,77.0,47922.0,25.0,25.0,100.0,0.0,100.0,0.0,200.0,0.0,100.0,34454.0,100.0,51354175344.0,100.0,155648730386.0
2019-07-09,S300Z6Y7,ST4000DM000,4000787030016,0,117.0,118155520.0,92.0,0.0,100.0,8.0,100.0,0.0,87.0,636192786.0,61.0,34846.0,100.0,0.0,100.0,8.0,100.0,0.0,100.0,0.0,100.0,0.0,100.0,0.0,100.0,0.0,75.0,25.0,100.0,0.0,100.0,0.0,77.0,47922.0,25.0,25.0,100.0,0.0,100.0,0.0,200.0,0.0,100.0,34478.0,100.0,51357006400.0,100.0,155945021481.0
2019-07-10,S300Z6Y7,ST4000DM000,4000787030016,0,115.0,84116696.0,92.0,0.0,100.0,8.0,100.0,0.0,87.0,638934724.0,61.0,34870.0,100.0,0.0,100.0,8.0,100.0,0.0,100.0,0.0,100.0,0.0,100.0,0.0,100.0,0.0,75.0,25.0,100.0,0.0,100.0,0.0,77.0,47922.0,25.0,25.0,100.0,0.0,100.0,0.0,200.0,0.0,100.0,34502.0,100.0,51362506416.0,100.0,156164261774.0
2019-07-11,S300Z6Y7,ST4000DM000,4000787030016,0,117.0,144112624.0,92.0,0.0,100.0,8.0,100.0,0.0,87.0,641130758.0,61.0,34894.0,100.0,0.0,100.0,8.0,100.0,0.0,100.0,0.0,100.0,0.0,100.0,0.0,100.0,0.0,76.0,24.0,100.0,0.0,100.0,0.0,77.0,47922.0,24.0,24.0,100.0,0.0,100.0,0.0,200.0,0.0,100.0,34525.0,100.0,51364996424.0,100.0,156464693092.0
2019-07-12,S300Z6Y7,ST4000DM000,4000787030016,0,114.0,62654400.0,92.0,0.0,100.0,8.0,100.0,0.0,87.0,642612628.0,61.0,34918.0,100.0,0.0,100.0,8.0,100.0,0.0,100.0,0.0,100.0,0.0,100.0,0.0,100.0,0.0,76.0,24.0,100.0,0.0,100.0,0.0,77.0,47922.0,24.0,24.0,100.0,0.0,100.0,0.0,200.0,0.0,100.0,34549.0,100.0,51367640168.0,100.0,156772675767.0
2019-07-13,S300Z6Y7,ST4000DM000,4000787030016,0,114.0,60798352.0,92.0,0.0,100.0,8.0,100.0,0.0,87.0,644541779.0,61.0,34942.0,100.0,0.0,100.0,8.0,100.0,0.0,100.0,0.0,100.0,0.0,100.0,0.0,100.0,0.0,75.0,25.0,100.0,0.0,100.0,0.0,77.0,47922.0,25.0,25.0,100.0,0.0,100.0,0.0,200.0,0.0,100.0,34573.0,100.0,51370660536.0,100.0,157078043869.0
2019-07-14,S300Z6Y7,ST4000DM000,4000787030016,0,113.0,55398464.0,92.0,0.0,100.0,8.0,100.0,0.0,87.0,646533062.0,61.0,34966.0,100.0,0.0,100.0,8.0,100.0,0.0,100.0,0.0,100.0,0.0,100.0,0.0,100.0,0.0,76.0,24.0,100.0,0.0,100.0,0.0,77.0,47922.0,24.0,24.0,100.0,0.0,100.0,0.0,200.0,0.0,100.0,34597.0,100.0,51374692168.0,100.0,157395144250.0
2019-07-15,S300Z6Y7,ST4000DM000,4000787030016,0,120.0,242627048.0,92.0,0.0,100.0,8.0,100.0,0.0,87.0,648854467.0,61.0,34990.0,100.0,0.0,100.0,8.0,100.0,0.0,100.0,0.0,100.0,0.0,100.0,0.0,100.0,0.0,76.0,24.0,100.0,0.0,100.0,0.0,77.0,47922.0,24.0,24.0,100.0,0.0,100.0,0.0,200.0,0.0,100.0,34621.0,100.0,51380048608.0,100.0,157726275013.0
2019-07-16,S300Z6Y7,ST4000DM000,4000787030016,0,120.0,238035160.0,92.0,0.0,100.0,8.0,100.0,0.0,87.0,650350931.0,61.0,35013.0,100.0,0.0,100.0,8.0,100.0,0.0,100.0,0.0,100.0,0.0,100.0,0.0,100.0,0.0,76.0,24.0,100.0,0.0,100.0,0.0,77.0,47922.0,24.0,24.0,100.0,0.0,100.0,0.0,200.0,0.0,100.0,34645.0,100.0,51382873544.0,100.0,157998017652.0
2019-07-17,S300Z6Y7,ST4000DM000,4000787030016,0,118.0,175105560.0,92.0,0.0,100.0,8.0,100.0,0.0,87.0,653418716.0,60.0,35049.0,100.0,0.0,100.0,8.0,100.0,0.0,100.0,0.0,100.0,0.0,100.0,0.0,100.0,0.0,76.0,24.0,100.0,0.0,100.0,0.0,77.0,47922.0,24.0,24.0,100.0,0.0,100.0,0.0,200.0,0.0,100.0,34681.0,100.0,51389024760.0,100.0,158327232976.0
2019-07-18,S300Z6Y7,ST4000DM000,4000787030016,0,117.0,141489056.0,92.0,0.0,100.0,8.0,100.0,0.0,87.0,654513502.0,60.0,35061.0,100.0,0.0,100.0,8.0,100.0,0.0,100.0,0.0,100.0,0.0,100.0,0.0,100.0,0.0,75.0,25.0,100.0,0.0,100.0,0.0,77.0,47922.0,25.0,25.0,100.0,0.0,100.0,0.0,200.0,0.0,100.0,34692.0,100.0,51390279944.0,100.0,158476784574.0
2019-07-19,S300Z6Y7,ST4000DM000,4000787030016,0,119.0,225219456.0,92.0,0.0,100.0,8.0,100.0,0.0,87.0,655901057.0,60.0,35085.0,100.0,0.0,100.0,8.0,100.0,0.0,100.0,0.0,100.0,0.0,100.0,0.0,100.0,0.0,75.0,25.0,100.0,0.0,100.0,0.0,77.0,47922.0,25.0,25.0,100.0,0.0,100.0,0.0,200.0,0.0,100.0,34716.0,100.0,51392866528.0,100.0,158748258415.0
2019-07-20,S300Z6Y7,ST4000DM000,4000787030016,0,118.0,194629976.0,92.0,0.0,100.0,8.0,100.0,0.0,87.0,657334238.0,60.0,35121.0,100.0,0.0,100.0,8.0,100.0,0.0,100.0,0.0,100.0,0.0,100.0,0.0,100.0,0.0,75.0,25.0,100.0,0.0,100.0,0.0,77.0,47922.0,25.0,25.0,100.0,0.0,100.0,0.0,200.0,0.0,100.0,34752.0,100.0,51398723720.0,100.0,159177268929.0
2019-07-21,S300Z6Y7,ST4000DM000,4000787030016,0,120.0,243344920.0,92.0,0.0,100.0,8.0,100.0,0.0,87.0,658055537.0,60.0,35133.0,100.0,0.0,100.0,8.0,100.0,0.0,100.0,0.0,100.0,0.0,100.0,0.0,100.0,0.0,75.0,25.0,100.0,0.0,100.0,0.0,77.0,47922.0,25.0,25.0,100.0,0.0,100.0,0.0,200.0,0.0,100.0,34764.0,100.0,51401175496.0,100.0,159326718042.0
2019-07-22,S300Z6Y7,ST4000DM000,4000787030016,0,109.0,21715072.0,92.0,0.0,100.0,8.0,100.0,0.0,87.0,659588392.0,60.0,35157.0,100.0,0.0,100.0,8.0,100.0,0.0,100.0,0.0,100.0,0.0,100.0,0.0,100.0,0.0,75.0,25.0,100.0,0.0,100.0,0.0,77.0,47922.0,25.0,25.0,100.0,0.0,100.0,0.0,200.0,0.0,100.0,34788.0,100.0,51406708128.0,100.0,159700241605.0
2019-07-23,S300Z6Y7,ST4000DM000,4000787030016,0,116.0,116577080.0,92.0,0.0,100.0,8.0,100.0,0.0,87.0,661819558.0,60.0,35181.0,100.0,0.0,100.0,8.0,100.0,0.0,100.0,0.0,100.0,0.0,100.0,0.0,100.0,0.0,75.0,25.0,100.0,0.0,100.0,0.0,77.0,47922.0,25.0,25.0,100.0,0.0,100.0,0.0,200.0,0.0,100.0,34812.0,100.0,51412212704.0,100.0,159998336538.0
2019-07-24,S300Z6Y7,ST4000DM000,4000787030016,0,117.0,142073000.0,92.0,0.0,100.0,8.0,100.0,0.0,87.0,663785940.0,60.0,35205.0,100.0,0.0,100.0,8.0,100.0,0.0,100.0,0.0,100.0,0.0,100.0,0.0,100.0,0.0,75.0,25.0,100.0,0.0,100.0,0.0,77.0,47922.0,25.0,25.0,100.0,0.0,100.0,0.0,200.0,0.0,100.0,34836.0,100.0,51416957880.0,100.0,160220735791.0
2019-07-25,S300Z6Y7,ST4000DM000,4000787030016,0,117.0,121357728.0,92.0,0.0,100.0,8.0,100.0,0.0,87.0,666153636.0,60.0,35229.0,100.0,0.0,100.0,8.0,100.0,0.0,100.0,0.0,100.0,0.0,100.0,0.0,100.0,0.0,75.0,25.0,100.0,0.0,100.0,0.0,77.0,47922.0,25.0,25.0,100.0,0.0,100.0,0.0,200.0,0.0,100.0,34860.0,100.0,51419622768.0,100.0,160524153617.0
2019-07-26,S300Z6Y7,ST4000DM000,4000787030016,0,111.0,39348016.0,92.0,0.0,100.0,8.0,100.0,0.0,87.0,668493084.0,60.0,35265.0,100.0,0.0,100.0,8.0,100.0,0.0,100.0,0.0,100.0,0.0,100.0,0.0,100.0,0.0,75.0,25.0,100.0,0.0,100.0,0.0,77.0,47922.0,25.0,25.0,100.0,0.0,100.0,0.0,200.0,0.0,100.0,34896.0,100.0,51424370592.0,100.0,160977783933.0
2019-07-27,S300Z6Y7,ST4000DM000,4000787030016,0,112.0,47203504.0,92.0,0.0,100.0,8.0,100.0,0.0,87.0,670375176.0,60.0,35288.0,100.0,0.0,100.0,8.0,100.0,0.0,100.0,0.0,100.0,0.0,100.0,0.0,100.0,0.0,76.0,24.0,100.0,0.0,100.0,0.0,77.0,47922.0,24.0,24.0,100.0,0.0,100.0,0.0,200.0,0.0,100.0,34920.0,100.0,51427399880.0,100.0,161298906675.0
2019-07-28,S300Z6Y7,ST4000DM000,4000787030016,0,115.0,94112968.0,92.0,0.0,100.0,8.0,100.0,0.0,88.0,672951678.0,60.0,35312.0,100.0,0.0,100.0,8.0,100.0,0.0,100.0,0.0,100.0,0.0,100.0,0.0,100.0,0.0,76.0,24.0,100.0,0.0,100.0,0.0,77.0,47922.0,24.0,24.0,100.0,0.0,100.0,0.0,200.0,0.0,100.0,34944.0,100.0,51433511664.0,100.0,161618160423.0
2019-07-29,S300Z6Y7,ST4000DM000,4000787030016,0,112.0,47782416.0,92.0,0.0,100.0,8.0,100.0,0.0,88.0,674870799.0,60.0,35336.0,100.0,0.0,100.0,8.0,100.0,0.0,100.0,0.0,100.0,0.0,100.0,0.0,100.0,0.0,76.0,24.0,100.0,0.0,100.0,0.0,77.0,47922.0,24.0,24.0,100.0,0.0,100.0,0.0,200.0,0.0,100.0,34967.0,100.0,51437328600.0,100.0,161941371219.0
2019-07-30,S300Z6Y7,ST4000DM000,4000787030016,0,111.0,38126568.0,92.0,0.0,100.0,8.0,100.0,0.0,88.0,676341968.0,60.0,35359.0,100.0,0.0,100.0,8.0,100.0,0.0,100.0,0.0,100.0,0.0,100.0,0.0,100.0,0.0,75.0,25.0,100.0,0.0,100.0,0.0,77.0,47922.0,25.0,25.0,100.0,0.0,100.0,0.0,200.0,0.0,100.0,34991.0,100.0,51453490296.0,100.0,162151899511.0
2019-07-31,S300Z6Y7,ST4000DM000,4000787030016,0,116.0,112736280.0,92.0,0.0,100.0,8.0,100.0,0.0,88.0,677520922.0,60.0,35371.0,100.0,0.0,100.0,8.0,100.0,0.0,100.0,0.0,100.0,0.0,100.0,0.0,100.0,0.0,75.0,25.0,100.0,0.0,100.0,0.0,77.0,47922.0,25.0,25.0,100.0,0.0,100.0,0.0,200.0,0.0,100.0,35003.0,100.0,51468565856.0,100.0,162237495305.0
2019-08-01,S300Z6Y7,ST4000DM000,4000787030016,0,102.0,3950040.0,92.0,0.0,100.0,8.0,100.0,0.0,88.0,679516386.0,60.0,35395.0,100.0,0.0,100.0,8.0,100.0,0.0,100.0,0.0,100.0,0.0,100.0,0.0,100.0,0.0,75.0,25.0,100.0,0.0,100.0,0.0,77.0,47922.0,25.0,25.0,100.0,0.0,100.0,0.0,200.0,0.0,100.0,35026.0,100.0,51517143656.0,100.0,162509461711.0
2019-08-02,S300Z6Y7,ST4000DM000,4000787030016,0,118.0,182133832.0,92.0,0.0,100.0,8.0,100.0,0.0,88.0,681469763.0,60.0,35419.0,100.0,0.0,100.0,8.0,100.0,0.0,100.0,0.0,100.0,0.0,100.0,0.0,100.0,0.0,74.0,26.0,100.0,0.0,100.0,0.0,77.0,47922.0,26.0,26.0,100.0,0.0,100.0,0.0,200.0,0.0,100.0,35050.0,100.0,51551708504.0,100.0,162802541783.0
2019-08-03,S300Z6Y7,ST4000DM000,4000787030016,0,110.0,28620760.0,92.0,0.0,100.0,8.0,100.0,0.0,88.0,682918861.0,60.0,35443.0,100.0,0.0,100.0,8.0,100.0,0.0,100.0,0.0,100.0,0.0,100.0,0.0,100.0,0.0,75.0,25.0,100.0,0.0,100.0,0.0,77.0,47922.0,25.0,25.0,100.0,0.0,100.0,0.0,200.0,0.0,100.0,35074.0,100.0,51595722064.0,100.0,163075825313.0
2019-08-04,S300Z6Y7,ST4000DM000,4000787030016,0,119.0,207157024.0,92.0,0.0,100.0,8.0,100.0,0.0,88.0,683934153.0,60.0,35467.0,100.0,0.0,100.0,8.0,100.0,0.0,100.0,0.0,100.0,0.0,100.0,0.0,100.0,0.0,74.0,26.0,100.0,0.0,100.0,0.0,77.0,47922.0,26.0,26.0,100.0,0.0,100.0,0.0,200.0,0.0,100.0,35098.0,100.0,51625876584.0,100.0,163385886548.0
2019-08-05,S300Z6Y7,ST4000DM000,4000787030016,0,112.0,46963768.0,92.0,0.0,100.0,8.0,100.0,0.0,88.0,685846594.0,60.0,35490.0,100.0,0.0,100.0,8.0,100.0,0.0,100.0,0.0,100.0,0.0,100.0,0.0,100.0,0.0,74.0,26.0,100.0,0.0,100.0,0.0,77.0,47922.0,26.0,26.0,100.0,0.0,100.0,0.0,200.0,0.0,100.0,35122.0,100.0,51691418000.0,100.0,163727652854.0
2019-08-06,S300Z6Y7,ST4000DM000,4000787030016,0,116.0,102593224.0,92.0,0.0,100.0,8.0,100.0,0.0,88.0,688305651.0,60.0,35526.0,100.0,0.0,100.0,8.0,100.0,0.0,100.0,0.0,100.0,0.0,100.0,0.0,100.0,0.0,75.0,25.0,100.0,0.0,100.0,0.0,77.0,47922.0,25.0,25.0,100.0,0.0,100.0,0.0,200.0,0.0,100.0,35158.0,100.0,51749858072.0,100.0,164202105836.0
2019-08-07,S300Z6Y7,ST4000DM000,4000787030016,0,106.0,11131776.0,92.0,0.0,100.0,8.0,100.0,0.0,88.0,689457200.0,60.0,35538.0,100.0,0.0,100.0,8.0,100.0,0.0,100.0,0.0,100.0,0.0,100.0,0.0,100.0,0.0,74.0,26.0,100.0,0.0,100.0,0.0,77.0,47922.0,26.0,26.0,100.0,0.0,100.0,0.0,200.0,0.0,100.0,35169.0,100.0,51767171040.0,100.0,164276738814.0
2019-08-08,S300Z6Y7,ST4000DM000,4000787030016,0,108.0,20253520.0,92.0,0.0,100.0,8.0,100.0,0.0,88.0,691922559.0,60.0,35562.0,100.0,0.0,100.0,8.0,100.0,0.0,100.0,0.0,100.0,0.0,100.0,0.0,100.0,0.0,75.0,25.0,100.0,0.0,100.0,0.0,77.0,47922.0,25.0,25.0,100.0,0.0,100.0,0.0,200.0,0.0,100.0,35193.0,100.0,51809673552.0,100.0,164628816319.0
2019-08-09,S300Z6Y7,ST4000DM000,4000787030016,0,110.0,28694304.0,92.0,0.0,100.0,8.0,100.0,0.0,88.0,694237701.0,60.0,35586.0,100.0,0.0,100.0,8.0,100.0,0.0,100.0,0.0,100.0,0.0,100.0,0.0,100.0,0.0,74.0,26.0,100.0,0.0,100.0,0.0,77.0,47922.0,26.0,26.0,100.0,0.0,100.0,0.0,200.0,0.0,100.0,35217.0,100.0,51840047952.0,100.0,164931949341.0
2019-08-10,S300Z6Y7,ST4000DM000,4000787030016,0,116.0,110089912.0,92.0,0.0,100.0,8.0,100.0,0.0,88.0,695884608.0,60.0,35610.0,100.0,0.0,100.0,8.0,100.0,0.0,100.0,0.0,100.0,0.0,100.0,0.0,100.0,0.0,74.0,26.0,100.0,0.0,100.0,0.0,77.0,47922.0,26.0,26.0,100.0,0.0,100.0,0.0,200.0,0.0,100.0,35241.0,100.0,51865240136.0,100.0,165238920829.0
2019-08-11,S300Z6Y7,ST4000DM000,4000787030016,0,112.0,46682816.0,92.0,0.0,100.0,8.0,100.0,0.0,88.0,697966659.0,60.0,35634.0,100.0,0.0,100.0,8.0,100.0,0.0,100.0,0.0,100.0,0.0,100.0,0.0,100.0,0.0,75.0,25.0,100.0,0.0,100.0,0.0,77.0,47922.0,25.0,25.0,100.0,0.0,100.0,0.0,200.0,0.0,100.0,35265.0,100.0,51887467272.0,100.0,165548326962.0
2019-08-12,S300Z6Y7,ST4000DM000,4000787030016,0,114.0,79252944.0,92.0,0.0,100.0,8.0,100.0,0.0,88.0,700618279.0,60.0,35658.0,100.0,0.0,100.0,8.0,100.0,0.0,100.0,0.0,100.0,0.0,100.0,0.0,100.0,0.0,75.0,25.0,100.0,0.0,100.0,0.0,77.0,47922.0,25.0,25.0,100.0,0.0,100.0,0.0,200.0,0.0,100.0,35289.0,100.0,51909541920.0,100.0,165879720232.0
2019-08-13,S300Z6Y7,ST4000DM000,4000787030016,0,117.0,156394344.0,92.0,0.0,100.0,8.0,100.0,0.0,88.0,702556598.0,60.0,35682.0,100.0,0.0,100.0,8.0,100.0,0.0,100.0,0.0,100.0,0.0,100.0,0.0,100.0,0.0,76.0,24.0,100.0,0.0,100.0,0.0,77.0,47922.0,24.0,24.0,100.0,0.0,100.0,0.0,200.0,0.0,100.0,35313.0,100.0,51929699600.0,100.0,166204183619.0
2019-08-14,S300Z6Y7,ST4000DM000,4000787030016,0,105.0,9841792.0,92.0,0.0,100.0,8.0,100.0,0.0,88.0,705508069.0,60.0,35718.0,100.0,0.0,100.0,8.0,100.0,0.0,100.0,0.0,100.0,0.0,100.0,0.0,100.0,0.0,75.0,25.0,100.0,0.0,100.0,0.0,77.0,47922.0,25.0,25.0,100.0,0.0,100.0,0.0,200.0,0.0,100.0,35349.0,100.0,51980631768.0,100.0,166560151943.0
2019-08-15,S300Z6Y7,ST4000DM000,4000787030016,0,112.0,45263000.0,92.0,0.0,100.0,8.0,100.0,0.0,88.0,706503018.0,60.0,35742.0,100.0,0.0,100.0,8.0,100.0,0.0,100.0,0.0,100.0,0.0,100.0,0.0,100.0,0.0,74.0,26.0,100.0,0.0,100.0,0.0,77.0,47922.0,26.0,26.0,100.0,0.0,100.0,0.0,200.0,0.0,100.0,35373.0,100.0,52012390592.0,100.0,166770411683.0
2019-08-16,S300Z6Y7,ST4000DM000,4000787030016,0,114.0,62834936.0,92.0,0.0,100.0,8.0,100.0,0.0,88.0,709117533.0,60.0,35766.0,100.0,0.0,100.0,8.0,100.0,0.0,100.0,0.0,100.0,0.0,100.0,0.0,100.0,0.0,75.0,25.0,100.0,0.0,100.0,0.0,77.0,47922.0,25.0,25.0,100.0,0.0,100.0,0.0,200.0,0.0,100.0,35397.0,100.0,52035378320.0,100.0,167038221067.0
2019-08-17,S300Z6Y7,ST4000DM000,4000787030016,0,115.0,89784272.0,92.0,0.0,100.0,8.0,100.0,0.0,88.0,711187905.0,60.0,35790.0,100.0,0.0,100.0,8.0,100.0,0.0,100.0,0.0,100.0,0.0,100.0,0.0,100.0,0.0,74.0,26.0,100.0,0.0,100.0,0.0,77.0,47922.0,26.0,26.0,100.0,0.0,100.0,0.0,200.0,0.0,100.0,35421.0,100.0,52074613816.0,100.0,167337219676.0
2019-08-18,S300Z6Y7,ST4000DM000,4000787030016,0,116.0,110604616.0,92.0,0.0,100.0,8.0,100.0,0.0,88.0,713504773.0,60.0,35814.0,100.0,0.0,100.0,8.0,100.0,0.0,100.0,0.0,100.0,0.0,100.0,0.0,100.0,0.0,75.0,25.0,100.0,0.0,100.0,0.0,77.0,47922.0,25.0,25.0,100.0,0.0,100.0,0.0,200.0,0.0,100.0,35445.0,100.0,52110858824.0,100.0,167622096551.0
2019-08-19,S300Z6Y7,ST4000DM000,4000787030016,0,117.0,121923816.0,92.0,0.0,100.0,8.0,100.0,0.0,88.0,714522698.0,60.0,35838.0,100.0,0.0,100.0,8.0,100.0,0.0,100.0,0.0,100.0,0.0,100.0,0.0,100.0,0.0,75.0,25.0,100.0,0.0,100.0,0.0,77.0,47922.0,25.0,25.0,100.0,0.0,100.0,0.0,200.0,0.0,100.0,35469.0,100.0,52137626584.0,100.0,167914910040.0
2019-08-20,S300Z6Y7,ST4000DM000,4000787030016,0,119.0,214961176.0,92.0,0.0,100.0,8.0,100.0,0.0,88.0,715543623.0,60.0,35862.0,100.0,0.0,100.0,8.0,100.0,0.0,100.0,0.0,100.0,0.0,100.0,0.0,100.0,0.0,75.0,25.0,100.0,0.0,100.0,0.0,77.0,47922.0,25.0,25.0,100.0,0.0,100.0,0.0,200.0,0.0,100.0,35493.0,100.0,52164843504.0,100.0,168219894071.0
2019-08-21,S300Z6Y7,ST4000DM000,4000787030016,0,119.0,205274248.0,92.0,0.0,100.0,8.0,100.0,0.0,88.0,717298536.0,60.0,35886.0,100.0,0.0,100.0,8.0,100.0,0.0,100.0,0.0,100.0,0.0,100.0,0.0,100.0,0.0,75.0,25.0,100.0,0.0,100.0,0.0,77.0,47922.0,25.0,25.0,100.0,0.0,100.0,0.0,200.0,0.0,100.0,35518.0,100.0,52199181000.0,100.0,168474289532.0
2019-08-22,S300Z6Y7,ST4000DM000,4000787030016,0,118.0,185687720.0,92.0,0.0,100.0,8.0,100.0,0.0,88.0,718678068.0,60.0,35910.0,100.0,0.0,100.0,8.0,100.0,0.0,100.0,0.0,100.0,0.0,100.0,0.0,100.0,0.0,75.0,25.0,100.0,0.0,100.0,0.0,77.0,47922.0,25.0,25.0,100.0,0.0,100.0,0.0,200.0,0.0,100.0,35542.0,100.0,52242547368.0,100.0,168767672206.0
2019-08-23,S300Z6Y7,ST4000DM000,4000787030016,0,117.0,140969064.0,92.0,0.0,100.0,8.0,100.0,0.0,88.0,720748821.0,59.0,35934.0,100.0,0.0,100.0,8.0,100.0,0.0,100.0,0.0,100.0,0.0,100.0,0.0,100.0,0.0,75.0,25.0,100.0,0.0,100.0,0.0,77.0,47922.0,25.0,25.0,100.0,0.0,100.0,0.0,200.0,0.0,100.0,35566.0,100.0,52298857616.0,100.0,169111367942.0
2019-08-24,S300Z6Y7,ST4000DM000,4000787030016,0,114.0,69450896.0,92.0,0.0,100.0,8.0,100.0,0.0,88.0,723176171.0,59.0,35958.0,100.0,0.0,100.0,8.0,100.0,0.0,100.0,0.0,100.0,0.0,100.0,0.0,100.0,0.0,75.0,25.0,100.0,0.0,100.0,0.0,77.0,47922.0,25.0,25.0,100.0,0.0,100.0,0.0,200.0,0.0,100.0,35590.0,100.0,52330359000.0,100.0,169419842794.0
2019-08-25,S300Z6Y7,ST4000DM000,4000787030016,0,119.0,215128136.0,92.0,0.0,100.0,8.0,100.0,0.0,88.0,725775406.0,59.0,35982.0,100.0,0.0,100.0,8.0,100.0,0.0,100.0,0.0,100.0,0.0,100.0,0.0,100.0,0.0,75.0,25.0,100.0,0.0,100.0,0.0,77.0,47922.0,25.0,25.0,100.0,0.0,100.0,0.0,200.0,0.0,100.0,35614.0,100.0,52356080640.0,100.0,169755445755.0
2019-08-26,S300Z6Y7,ST4000DM000,4000787030016,0,117.0,147918880.0,92.0,0.0,100.0,8.0,100.0,0.0,88.0,729701428.0,59.0,36030.0,100.0,0.0,100.0,8.0,100.0,0.0,100.0,0.0,100.0,0.0,100.0,0.0,100.0,0.0,75.0,25.0,100.0,0.0,100.0,0.0,77.0,47922.0,25.0,25.0,100.0,0.0,100.0,0.0,200.0,0.0,100.0,35662.0,100.0,52409842576.0,100.0,170379032470.0
2019-08-27,S300Z6Y7,ST4000DM000,4000787030016,0,117.0,147918880.0,92.0,0.0,100.0,8.0,100.0,0.0,88.0,729701428.0,59.0,36030.0,100.0,0.0,100.0,8.0,100.0,0.0,100.0,0.0,100.0,0.0,100.0,0.0,100.0,0.0,75.0,25.0,100.0,0.0,100.0,0.0,77.0,47922.0,25.0,25.0,100.0,0.0,100.0,0.0,200.0,0.0,100.0,35662.0,100.0,52409842576.0,100.0,170379032470.0
2019-08-28,S300Z6Y7,ST4000DM000,4000787030016,0,114.0,78652520.0,92.0,0.0,100.0,8.0,100.0,0.0,88.0,732526895.0,59.0,36054.0,100.0,0.0,100.0,8.0,100.0,0.0,100.0,0.0,100.0,0.0,100.0,0.0,100.0,0.0,74.0,26.0,100.0,0.0,100.0,0.0,77.0,47922.0,26.0,26.0,100.0,0.0,100.0,0.0,200.0,0.0,100.0,35686.0,100.0,52441534984.0,100.0,170588992436.0
2019-08-29,S300Z6Y7,ST4000DM000,4000787030016,0,111.0,37693352.0,92.0,0.0,100.0,8.0,100.0,0.0,88.0,734473595.0,59.0,36078.0,100.0,0.0,100.0,8.0,100.0,0.0,100.0,0.0,100.0,0.0,100.0,0.0,100.0,0.0,74.0,26.0,100.0,0.0,100.0,0.0,77.0,47922.0,26.0,26.0,100.0,0.0,100.0,0.0,200.0,0.0,100.0,35710.0,100.0,52487551576.0,100.0,170924922961.0
2019-08-30,S300Z6Y7,ST4000DM000,4000787030016,0,118.0,198920328.0,92.0,0.0,100.0,8.0,100.0,0.0,88.0,736220202.0,59.0,36102.0,100.0,0.0,100.0,8.0,100.0,0.0,100.0,0.0,100.0,0.0,100.0,0.0,100.0,0.0,74.0,26.0,100.0,0.0,100.0,0.0,77.0,47922.0,26.0,26.0,100.0,0.0,100.0,0.0,200.0,0.0,100.0,35734.0,100.0,52521585576.0,100.0,171179254757.0
2019-08-31,S300Z6Y7,ST4000DM000,4000787030016,0,118.0,170422888.0,92.0,0.0,100.0,8.0,100.0,0.0,88.0,738559312.0,59.0,36126.0,100.0,0.0,100.0,8.0,100.0,0.0,100.0,0.0,100.0,0.0,100.0,0.0,100.0,0.0,74.0,26.0,100.0,0.0,100.0,0.0,77.0,47922.0,26.0,26.0,100.0,0.0,100.0,0.0,200.0,0.0,100.0,35758.0,100.0,52555171128.0,100.0,171459426774.0
2019-09-01,S300Z6Y7,ST4000DM000,4000787030016,0,110.0,27301576.0,92.0,0.0,100.0,8.0,100.0,0.0,88.0,741081193.0,59.0,36150.0,100.0,0.0,100.0,8.0,100.0,0.0,100.0,0.0,100.0,0.0,100.0,0.0,100.0,0.0,74.0,26.0,100.0,0.0,100.0,0.0,77.0,47922.0,26.0,26.0,100.0,0.0,100.0,0.0,200.0,0.0,100.0,35781.0,100.0,52589585960.0,100.0,171749794269.0
2019-09-02,S300Z6Y7,ST4000DM000,4000787030016,0,114.0,73363736.0,92.0,0.0,100.0,8.0,100.0,0.0,88.0,742482286.0,59.0,36174.0,100.0,0.0,100.0,8.0,100.0,0.0,100.0,0.0,100.0,0.0,100.0,0.0,100.0,0.0,74.0,26.0,100.0,0.0,100.0,0.0,77.0,47922.0,26.0,26.0,100.0,0.0,100.0,0.0,200.0,0.0,100.0,35805.0,100.0,52631134448.0,100.0,172022444975.0
2019-09-03,S300Z6Y7,ST4000DM000,4000787030016,0,114.0,60302656.0,92.0,0.0,100.0,8.0,100.0,0.0,88.0,743488261.0,59.0,36198.0,100.0,0.0,100.0,8.0,100.0,0.0,100.0,0.0,100.0,0.0,100.0,0.0,100.0,0.0,74.0,26.0,100.0,0.0,100.0,0.0,77.0,47922.0,26.0,26.0,100.0,0.0,100.0,0.0,200.0,0.0,100.0,35829.0,100.0,52659338584.0,100.0,172312784363.0
2019-09-04,S300Z6Y7,ST4000DM000,4000787030016,0,114.0,65758976.0,92.0,0.0,100.0,8.0,100.0,0.0,88.0,745095597.0,59.0,36222.0,100.0,0.0,100.0,8.0,100.0,0.0,100.0,0.0,100.0,0.0,100.0,0.0,100.0,0.0,74.0,26.0,100.0,0.0,100.0,0.0,77.0,47922.0,26.0,26.0,100.0,0.0,100.0,0.0,200.0,0.0,100.0,35853.0,100.0,52707404792.0,100.0,172561084971.0
2019-09-05,S300Z6Y7,ST4000DM000,4000787030016,0,114.0,71874880.0,92.0,0.0,100.0,8.0,100.0,0.0,88.0,746687240.0,59.0,36246.0,100.0,0.0,100.0,8.0,100.0,0.0,100.0,0.0,100.0,0.0,100.0,0.0,100.0,0.0,74.0,26.0,100.0,0.0,100.0,0.0,77.0,47922.0,26.0,26.0,100.0,0.0,100.0,0.0,200.0,0.0,100.0,35878.0,100.0,52736082688.0,100.0,172920253663.0
2019-09-06,S300Z6Y7,ST4000DM000,4000787030016,0,118.0,185181392.0,92.0,0.0,100.0,8.0,100.0,0.0,88.0,747809372.0,59.0,36270.0,100.0,0.0,100.0,8.0,100.0,0.0,100.0,0.0,100.0,0.0,100.0,0.0,100.0,0.0,75.0,25.0,100.0,0.0,100.0,0.0,77.0,47922.0,25.0,25.0,100.0,0.0,100.0,0.0,200.0,0.0,100.0,35901.0,100.0,52772290448.0,100.0,173238525500.0
2019-09-07,S300Z6Y7,ST4000DM000,4000787030016,0,115.0,90304904.0,92.0,0.0,100.0,8.0,100.0,0.0,88.0,749324797.0,59.0,36294.0,100.0,0.0,100.0,8.0,100.0,0.0,100.0,0.0,100.0,0.0,100.0,0.0,100.0,0.0,74.0,26.0,100.0,0.0,100.0,0.0,77.0,47922.0,26.0,26.0,100.0,0.0,100.0,0.0,200.0,0.0,100.0,35925.0,100.0,52801551424.0,100.0,173559029103.0
2019-09-08,S300Z6Y7,ST4000DM000,4000787030016,0,112.0,50305136.0,92.0,0.0,100.0,8.0,100.0,0.0,88.0,752420523.0,59.0,36318.0,100.0,0.0,100.0,8.0,100.0,0.0,100.0,0.0,100.0,0.0,100.0,0.0,100.0,0.0,74.0,26.0,100.0,0.0,100.0,0.0,77.0,47922.0,26.0,26.0,100.0,0.0,100.0,0.0,200.0,0.0,100.0,35949.0,100.0,52831007528.0,100.0,173884338336.0
2019-09-09,S300Z6Y7,ST4000DM000,4000787030016,0,118.0,179963384.0,92.0,0.0,100.0,8.0,100.0,0.0,88.0,754352317.0,59.0,36342.0,100.0,0.0,100.0,8.0,100.0,0.0,100.0,0.0,100.0,0.0,100.0,0.0,100.0,0.0,74.0,26.0,100.0,0.0,100.0,0.0,77.0,47922.0,26.0,26.0,100.0,0.0,100.0,0.0,200.0,0.0,100.0,35973.0,100.0,52855042320.0,100.0,174192121721.0
2019-09-10,S300Z6Y7,ST4000DM000,4000787030016,0,114.0,81681232.0,92.0,0.0,100.0,8.0,100.0,0.0,88.0,756403999.0,59.0,36366.0,100.0,0.0,100.0,8.0,100.0,0.0,100.0,0.0,100.0,0.0,100.0,0.0,100.0,0.0,75.0,25.0,100.0,0.0,100.0,0.0,77.0,47922.0,25.0,25.0,100.0,0.0,100.0,0.0,200.0,0.0,100.0,35997.0,100.0,52896418880.0,100.0,174504070653.0
2019-09-11,S300Z6Y7,ST4000DM000,4000787030016,0,108.0,20432872.0,92.0,0.0,100.0,8.0,100.0,0.0,88.0,758756875.0,59.0,36390.0,100.0,0.0,100.0,8.0,100.0,0.0,100.0,0.0,100.0,0.0,100.0,0.0,100.0,0.0,75.0,25.0,100.0,0.0,100.0,0.0,77.0,47922.0,25.0,25.0,100.0,0.0,100.0,0.0,200.0,0.0,100.0,36021.0,100.0,52952387424.0,100.0,174740274208.0
2019-09-12,S300Z6Y7,ST4000DM000,4000787030016,0,114.0,63123552.0,92.0,0.0,100.0,8.0,100.0,0.0,88.0,759541425.0,59.0,36402.0,100.0,0.0,100.0,8.0,100.0,0.0,100.0,0.0,100.0,0.0,100.0,0.0,100.0,0.0,74.0,26.0,100.0,0.0,100.0,0.0,77.0,47922.0,26.0,26.0,100.0,0.0,100.0,0.0,200.0,0.0,100.0,36033.0,100.0,52970774352.0,100.0,174902279734.0
2019-09-13,S300Z6Y7,ST4000DM000,4000787030016,0,117.0,146256320.0,92.0,0.0,100.0,8.0,100.0,0.0,88.0,761224889.0,59.0,36426.0,100.0,0.0,100.0,8.0,100.0,0.0,100.0,0.0,100.0,0.0,100.0,0.0,100.0,0.0,74.0,26.0,100.0,0.0,100.0,0.0,77.0,47922.0,26.0,26.0,100.0,0.0,100.0,0.0,200.0,0.0,100.0,36057.0,100.0,53005422776.0,100.0,175212486043.0
2019-09-14,S300Z6Y7,ST4000DM000,4000787030016,0,109.0,21605936.0,92.0,0.0,100.0,8.0,100.0,0.0,88.0,763234601.0,59.0,36450.0,100.0,0.0,100.0,8.0,100.0,0.0,100.0,0.0,100.0,0.0,100.0,0.0,100.0,0.0,73.0,27.0,100.0,0.0,100.0,0.0,77.0,47922.0,27.0,27.0,100.0,0.0,100.0,0.0,200.0,0.0,100.0,36081.0,100.0,53042459616.0,100.0,175554338859.0
2019-09-15,S300Z6Y7,ST4000DM000,4000787030016,0,118.0,197507848.0,92.0,0.0,100.0,8.0,100.0,0.0,88.0,764824170.0,59.0,36474.0,100.0,0.0,100.0,8.0,100.0,0.0,100.0,0.0,100.0,0.0,100.0,0.0,100.0,0.0,74.0,26.0,100.0,0.0,100.0,0.0,77.0,47922.0,26.0,26.0,100.0,0.0,100.0,0.0,200.0,0.0,100.0,36105.0,100.0,53074786792.0,100.0,175811349083.0
2019-09-16,S300Z6Y7,ST4000DM000,4000787030016,0,117.0,159238824.0,92.0,0.0,100.0,8.0,100.0,0.0,88.0,767958821.0,59.0,36498.0,100.0,0.0,100.0,8.0,100.0,0.0,100.0,0.0,100.0,0.0,100.0,0.0,100.0,0.0,74.0,26.0,100.0,0.0,100.0,0.0,77.0,47922.0,26.0,26.0,100.0,0.0,100.0,0.0,200.0,0.0,100.0,36129.0,100.0,53127698168.0,100.0,176100717836.0
2019-09-17,S300Z6Y7,ST4000DM000,4000787030016,0,119.0,221720240.0,92.0,0.0,100.0,8.0,100.0,0.0,88.0,770867367.0,59.0,36522.0,100.0,0.0,100.0,8.0,100.0,0.0,100.0,0.0,100.0,0.0,100.0,0.0,100.0,0.0,75.0,25.0,100.0,0.0,100.0,0.0,77.0,47922.0,25.0,25.0,100.0,0.0,100.0,0.0,200.0,0.0,100.0,36153.0,100.0,53165389128.0,100.0,176364983283.0
2019-09-18,S300Z6Y7,ST4000DM000,4000787030016,0,112.0,50047272.0,92.0,0.0,100.0,8.0,100.0,0.0,88.0,773320049.0,59.0,36558.0,100.0,0.0,100.0,8.0,100.0,0.0,100.0,0.0,100.0,0.0,100.0,0.0,100.0,0.0,75.0,25.0,100.0,0.0,100.0,0.0,77.0,47922.0,25.0,25.0,100.0,0.0,100.0,0.0,200.0,0.0,100.0,36189.0,100.0,53252205336.0,100.0,176637187309.0
2019-09-19,S300Z6Y7,ST4000DM000,4000787030016,0,115.0,85185584.0,92.0,0.0,100.0,8.0,100.0,0.0,88.0,774553494.0,59.0,36581.0,100.0,0.0,100.0,8.0,100.0,0.0,100.0,0.0,100.0,0.0,100.0,0.0,100.0,0.0,74.0,26.0,100.0,0.0,100.0,0.0,77.0,47922.0,26.0,26.0,100.0,0.0,100.0,0.0,200.0,0.0,100.0,36213.0,100.0,53289819168.0,100.0,176938284177.0
2019-09-20,S300Z6Y7,ST4000DM000,4000787030016,0,113.0,55978440.0,92.0,0.0,100.0,8.0,100.0,0.0,88.0,775586077.0,59.0,36605.0,100.0,0.0,100.0,8.0,100.0,0.0,100.0,0.0,100.0,0.0,100.0,0.0,100.0,0.0,75.0,25.0,100.0,0.0,100.0,0.0,77.0,47922.0,25.0,25.0,100.0,0.0,100.0,0.0,200.0,0.0,100.0,36237.0,100.0,53320907264.0,100.0,177230322719.0
2019-09-21,S300Z6Y7,ST4000DM000,4000787030016,0,120.0,239774792.0,92.0,0.0,100.0,8.0,100.0,0.0,88.0,776589252.0,59.0,36629.0,100.0,0.0,100.0,8.0,100.0,0.0,100.0,0.0,100.0,0.0,100.0,0.0,100.0,0.0,75.0,25.0,100.0,0.0,100.0,0.0,77.0,47922.0,25.0,25.0,100.0,0.0,100.0,0.0,200.0,0.0,100.0,36261.0,100.0,53353742672.0,100.0,177552850641.0
2019-09-22,S300Z6Y7,ST4000DM000,4000787030016,0,119.0,218565808.0,92.0,0.0,100.0,8.0,100.0,0.0,88.0,779239960.0,59.0,36653.0,100.0,0.0,100.0,8.0,100.0,0.0,100.0,0.0,100.0,0.0,100.0,0.0,100.0,0.0,74.0,26.0,100.0,0.0,100.0,0.0,77.0,47922.0,26.0,26.0,100.0,0.0,100.0,0.0,200.0,0.0,100.0,36285.0,100.0,53395104520.0,100.0,177919205015.0
2019-09-23,S300Z6Y7,ST4000DM000,4000787030016,0,114.0,64154936.0,92.0,0.0,100.0,8.0,100.0,0.0,88.0,781255028.0,59.0,36677.0,100.0,0.0,100.0,8.0,100.0,0.0,100.0,0.0,100.0,0.0,100.0,0.0,100.0,0.0,75.0,25.0,100.0,0.0,100.0,0.0,77.0,47922.0,25.0,25.0,100.0,0.0,100.0,0.0,200.0,0.0,100.0,36309.0,100.0,53432096992.0,100.0,178250075797.0
2019-09-24,S300Z6Y7,ST4000DM000,4000787030016,0,115.0,100057184.0,92.0,0.0,100.0,8.0,100.0,0.0,88.0,783787295.0,59.0,36701.0,100.0,0.0,100.0,8.0,100.0,0.0,100.0,0.0,100.0,0.0,100.0,0.0,100.0,0.0,74.0,26.0,100.0,0.0,100.0,0.0,77.0,47922.0,26.0,26.0,100.0,0.0,100.0,0.0,200.0,0.0,100.0,36333.0,100.0,53465124856.0,100.0,178560497737.0
2019-09-25,S300Z6Y7,ST4000DM000,4000787030016,0,119.0,229087392.0,92.0,0.0,100.0,8.0,100.0,0.0,88.0,785605043.0,59.0,36725.0,100.0,0.0,100.0,8.0,100.0,0.0,100.0,0.0,100.0,0.0,100.0,0.0,100.0,0.0,75.0,25.0,100.0,0.0,100.0,0.0,77.0,47922.0,25.0,25.0,100.0,0.0,100.0,0.0,200.0,0.0,100.0,36357.0,100.0,53496350536.0,100.0,178756124638.0
2019-09-26,S300Z6Y7,ST4000DM000,4000787030016,0,114.0,60995952.0,92.0,0.0,100.0,8.0,100.0,0.0,88.0,787034884.0,59.0,36749.0,100.0,0.0,100.0,8.0,100.0,0.0,100.0,0.0,100.0,0.0,100.0,0.0,100.0,0.0,75.0,25.0,100.0,0.0,100.0,0.0,77.0,47922.0,25.0,25.0,100.0,0.0,100.0,0.0,200.0,0.0,100.0,36380.0,100.0,53519346504.0,100.0,179063180204.0
2019-09-27,S300Z6Y7,ST4000DM000,4000787030016,0,114.0,62596360.0,92.0,0.0,100.0,8.0,100.0,0.0,88.0,789226751.0,59.0,36773.0,100.0,0.0,100.0,8.0,100.0,0.0,100.0,0.0,100.0,0.0,100.0,0.0,100.0,0.0,74.0,26.0,100.0,0.0,100.0,0.0,77.0,47922.0,26.0,26.0,100.0,0.0,100.0,0.0,200.0,0.0,100.0,36404.0,100.0,53550042112.0,100.0,179388445760.0
2019-09-28,S300Z6Y7,ST4000DM000,4000787030016,0,119.0,234795960.0,92.0,0.0,100.0,8.0,100.0,0.0,88.0,791178121.0,58.0,36797.0,100.0,0.0,100.0,8.0,100.0,0.0,100.0,0.0,100.0,0.0,100.0,0.0,100.0,0.0,75.0,25.0,100.0,0.0,100.0,0.0,77.0,47922.0,25.0,25.0,100.0,0.0,100.0,0.0,200.0,0.0,100.0,36428.0,100.0,53585731192.0,100.0,179707598774.0
2019-09-29,S300Z6Y7,ST4000DM000,4000787030016,0,117.0,136092512.0,92.0,0.0,100.0,8.0,100.0,0.0,88.0,793938452.0,58.0,36821.0,100.0,0.0,100.0,8.0,100.0,0.0,100.0,0.0,100.0,0.0,100.0,0.0,100.0,0.0,74.0,26.0,100.0,0.0,100.0,0.0,77.0,47922.0,26.0,26.0,100.0,0.0,100.0,0.0,200.0,0.0,100.0,36452.0,100.0,53610448304.0,100.0,180042136057.0
2019-09-30,S300Z6Y7,ST4000DM000,4000787030016,0,119.0,221118928.0,92.0,0.0,100.0,8.0,100.0,0.0,88.0,795522131.0,58.0,36845.0,100.0,0.0,100.0,8.0,100.0,0.0,100.0,0.0,100.0,0.0,100.0,0.0,100.0,0.0,74.0,26.0,100.0,0.0,100.0,0.0,77.0,47922.0,26.0,26.0,100.0,0.0,100.0,0.0,200.0,0.0,100.0,36476.0,100.0,53637798240.0,100.0,180305445577.0
2019-10-01,S300Z6Y7,ST4000DM000,4000787030016,0,117.0,151797064.0,92.0,0.0,100.0,8.0,100.0,0.0,88.0,797759614.0,58.0,36868.0,100.0,0.0,100.0,8.0,100.0,0.0,100.0,0.0,100.0,0.0,100.0,0.0,100.0,0.0,74.0,26.0,100.0,0.0,100.0,0.0,77.0,47922.0,26.0,26.0,100.0,0.0,100.0,0.0,200.0,0.0,100.0,36500.0,100.0,53671502944.0,100.0,180590127109.0
2019-10-02,S300Z6Y7,ST4000DM000,4000787030016,0,111.0,36211624.0,92.0,0.0,100.0,8.0,100.0,0.0,88.0,800203664.0,58.0,36892.0,100.0,0.0,100.0,8.0,100.0,0.0,100.0,0.0,100.0,0.0,100.0,0.0,100.0,0.0,74.0,26.0,100.0,0.0,100.0,0.0,77.0,47922.0,26.0,26.0,100.0,0.0,100.0,0.0,200.0,0.0,100.0,36524.0,100.0,53718545360.0,100.0,180776540459.0
2019-10-03,S300Z6Y7,ST4000DM000,4000787030016,0,112.0,48572688.0,92.0,0.0,100.0,8.0,100.0,0.0,88.0,802641087.0,58.0,36916.0,100.0,0.0,100.0,8.0,100.0,0.0,100.0,0.0,100.0,0.0,100.0,0.0,100.0,0.0,74.0,26.0,100.0,0.0,100.0,0.0,77.0,47922.0,26.0,26.0,100.0,0.0,100.0,0.0,200.0,0.0,100.0,36547.0,100.0,53761724936.0,100.0,181102510693.0
2019-10-04,S300Z6Y7,ST4000DM000,4000787030016,0,114.0,75168600.0,92.0,0.0,100.0,8.0,100.0,0.0,88.0,804186852.0,58.0,36940.0,100.0,0.0,100.0,8.0,100.0,0.0,100.0,0.0,100.0,0.0,100.0,0.0,100.0,0.0,74.0,26.0,100.0,0.0,100.0,0.0,77.0,47922.0,26.0,26.0,100.0,0.0,100.0,0.0,200.0,0.0,100.0,36571.0,100.0,53796563496.0,100.0,181384981005.0
2019-10-05,S300Z6Y7,ST4000DM000,4000787030016,0,115.0,83970984.0,92.0,0.0,100.0,8.0,100.0,0.0,89.0,805329565.0,58.0,36964.0,100.0,0.0,100.0,8.0,100.0,0.0,100.0,0.0,100.0,0.0,100.0,0.0,100.0,0.0,74.0,26.0,100.0,0.0,100.0,0.0,77.0,47922.0,26.0,26.0,100.0,0.0,100.0,0.0,200.0,0.0,100.0,36595.0,100.0,53838246544.0,100.0,181668207126.0
2019-10-06,S300Z6Y7,ST4000DM000,4000787030016,0,116.0,103490504.0,92.0,0.0,100.0,8.0,100.0,0.0,89.0,807315911.0,58.0,36988.0,100.0,0.0,100.0,8.0,100.0,0.0,100.0,0.0,100.0,0.0,100.0,0.0,100.0,0.0,74.0,26.0,100.0,0.0,100.0,0.0,77.0,47922.0,26.0,26.0,100.0,0.0,100.0,0.0,200.0,0.0,100.0,36619.0,100.0,53894504192.0,100.0,182012711711.0
2019-10-07,S300Z6Y7,ST4000DM000,4000787030016,0,117.0,125202360.0,92.0,0.0,100.0,8.0,100.0,0.0,89.0,809111056.0,58.0,37012.0,100.0,0.0,100.0,8.0,100.0,0.0,100.0,0.0,100.0,0.0,100.0,0.0,100.0,0.0,75.0,25.0,100.0,0.0,100.0,0.0,77.0,47922.0,25.0,25.0,100.0,0.0,100.0,0.0,200.0,0.0,100.0,36643.0,100.0,53940402512.0,100.0,182377446911.0
2019-10-08,S300Z6Y7,ST4000DM000,4000787030016,0,116.0,112304848.0,92.0,0.0,100.0,8.0,100.0,0.0,89.0,811029476.0,58.0,37036.0,100.0,0.0,100.0,8.0,100.0,0.0,100.0,0.0,100.0,0.0,100.0,0.0,100.0,0.0,75.0,25.0,100.0,0.0,100.0,0.0,77.0,47922.0,25.0,25.0,100.0,0.0,100.0,0.0,200.0,0.0,100.0,36667.0,100.0,53982145520.0,100.0,182704948790.0
2019-10-09,S300Z6Y7,ST4000DM000,4000787030016,0,115.0,83969024.0,92.0,0.0,100.0,8.0,100.0,0.0,89.0,813414820.0,58.0,37060.0,100.0,0.0,100.0,8.0,100.0,0.0,100.0,0.0,100.0,0.0,100.0,0.0,100.0,0.0,76.0,24.0,100.0,0.0,100.0,0.0,77.0,47922.0,24.0,24.0,100.0,0.0,100.0,0.0,200.0,0.0,100.0,36691.0,100.0,54027903464.0,100.0,182884495769.0
2019-10-10,S300Z6Y7,ST4000DM000,4000787030016,0,117.0,165913904.0,92.0,0.0,100.0,8.0,100.0,0.0,89.0,815593289.0,58.0,37084.0,100.0,0.0,100.0,8.0,100.0,0.0,100.0,0.0,100.0,0.0,100.0,0.0,100.0,0.0,76.0,24.0,100.0,0.0,100.0,0.0,77.0,47922.0,24.0,24.0,100.0,0.0,100.0,0.0,200.0,0.0,100.0,36715.0,100.0,54063474696.0,100.0,183195054897.0
2019-10-11,S300Z6Y7,ST4000DM000,4000787030016,0,113.0,57659104.0,92.0,0.0,100.0,8.0,100.0,0.0,89.0,816776230.0,58.0,37108.0,100.0,0.0,100.0,8.0,100.0,0.0,100.0,0.0,100.0,0.0,100.0,0.0,100.0,0.0,76.0,24.0,100.0,0.0,100.0,0.0,77.0,47922.0,24.0,24.0,100.0,0.0,100.0,0.0,200.0,0.0,100.0,36739.0,100.0,54115571744.0,100.0,183460088278.0
2019-10-12,S300Z6Y7,ST4000DM000,4000787030016,0,111.0,32408024.0,92.0,0.0,100.0,8.0,100.0,0.0,89.0,818820007.0,58.0,37132.0,100.0,0.0,100.0,8.0,100.0,0.0,100.0,0.0,100.0,0.0,100.0,0.0,100.0,0.0,76.0,24.0,100.0,0.0,100.0,0.0,77.0,47922.0,24.0,24.0,100.0,0.0,100.0,0.0,200.0,0.0,100.0,36763.0,100.0,54156401744.0,100.0,183794542523.0
2019-10-13,S300Z6Y7,ST4000DM000,4000787030016,0,120.0,237686072.0,92.0,0.0,100.0,8.0,100.0,0.0,89.0,821573363.0,58.0,37156.0,100.0,0.0,100.0,8.0,100.0,0.0,100.0,0.0,100.0,0.0,100.0,0.0,100.0,0.0,76.0,24.0,100.0,0.0,100.0,0.0,77.0,47922.0,24.0,24.0,100.0,0.0,100.0,0.0,200.0,0.0,100.0,36787.0,100.0,54181212416.0,100.0,184126794871.0
2019-10-14,S300Z6Y7,ST4000DM000,4000787030016,0,113.0,52042056.0,92.0,0.0,100.0,8.0,100.0,0.0,89.0,823921165.0,58.0,37180.0,100.0,0.0,100.0,8.0,100.0,0.0,100.0,0.0,100.0,0.0,100.0,0.0,100.0,0.0,75.0,25.0,100.0,0.0,100.0,0.0,77.0,47922.0,25.0,25.0,100.0,0.0,100.0,0.0,200.0,0.0,100.0,36811.0,100.0,54221987240.0,100.0,184461616836.0
2019-10-15,S300Z6Y7,ST4000DM000,4000787030016,0,117.0,136311608.0,92.0,0.0,100.0,8.0,100.0,0.0,89.0,827718992.0,58.0,37228.0,100.0,0.0,100.0,8.0,100.0,0.0,100.0,0.0,100.0,0.0,100.0,0.0,100.0,0.0,75.0,25.0,100.0,0.0,100.0,0.0,77.0,47922.0,25.0,25.0,100.0,0.0,100.0,0.0,200.0,0.0,100.0,36859.0,100.0,54294079944.0,100.0,184934932642.0
2019-10-16,S300Z6Y7,ST4000DM000,4000787030016,0,117.0,136311608.0,92.0,0.0,100.0,8.0,100.0,0.0,89.0,827718992.0,58.0,37228.0,100.0,0.0,100.0,8.0,100.0,0.0,100.0,0.0,100.0,0.0,100.0,0.0,100.0,0.0,75.0,25.0,100.0,0.0,100.0,0.0,77.0,47922.0,25.0,25.0,100.0,0.0,100.0,0.0,200.0,0.0,100.0,36859.0,100.0,54294079944.0,100.0,184934932642.0
2019-10-17,S300Z6Y7,ST4000DM000,4000787030016,0,118.0,168423920.0,92.0,0.0,100.0,8.0,100.0,0.0,89.0,829236726.0,58.0,37252.0,100.0,0.0,100.0,8.0,100.0,0.0,100.0,0.0,100.0,0.0,100.0,0.0,100.0,0.0,75.0,25.0,100.0,0.0,100.0,0.0,77.0,47922.0,25.0,25.0,100.0,0.0,100.0,0.0,200.0,0.0,100.0,36883.0,100.0,54326952248.0,100.0,185215495733.0
2019-10-18,S300Z6Y7,ST4000DM000,4000787030016,0,114.0,81098048.0,92.0,0.0,100.0,8.0,100.0,0.0,89.0,831786897.0,58.0,37276.0,100.0,0.0,100.0,8.0,100.0,0.0,100.0,0.0,100.0,0.0,100.0,0.0,100.0,0.0,75.0,25.0,100.0,0.0,100.0,0.0,77.0,47922.0,25.0,25.0,100.0,0.0,100.0,0.0,200.0,0.0,100.0,36907.0,100.0,54364915680.0,100.0,185506405642.0
2019-10-19,S300Z6Y7,ST4000DM000,4000787030016,0,113.0,58315208.0,92.0,0.0,100.0,8.0,100.0,0.0,89.0,834461786.0,58.0,37300.0,100.0,0.0,100.0,8.0,100.0,0.0,100.0,0.0,100.0,0.0,100.0,0.0,100.0,0.0,75.0,25.0,100.0,0.0,100.0,0.0,77.0,47922.0,25.0,25.0,100.0,0.0,100.0,0.0,200.0,0.0,100.0,36931.0,100.0,54409869104.0,100.0,185768459122.0
2019-10-20,S300Z6Y7,ST4000DM000,4000787030016,0,116.0,115020800.0,92.0,0.0,100.0,8.0,100.0,0.0,89.0,835645254.0,58.0,37324.0,100.0,0.0,100.0,8.0,100.0,0.0,100.0,0.0,100.0,0.0,100.0,0.0,100.0,0.0,76.0,24.0,100.0,0.0,100.0,0.0,77.0,47922.0,24.0,24.0,100.0,0.0,100.0,0.0,200.0,0.0,100.0,36955.0,100.0,54441660200.0,100.0,185899562589.0
2019-10-21,S300Z6Y7,ST4000DM000,4000787030016,0,120.0,238345232.0,92.0,0.0,100.0,8.0,100.0,0.0,89.0,836980632.0,58.0,37348.0,100.0,0.0,100.0,8.0,100.0,0.0,100.0,0.0,100.0,0.0,100.0,0.0,100.0,0.0,76.0,24.0,100.0,0.0,100.0,0.0,77.0,47922.0,24.0,24.0,100.0,0.0,100.0,0.0,200.0,0.0,100.0,36979.0,100.0,54480480376.0,100.0,186034518338.0
2019-10-22,S300Z6Y7,ST4000DM000,4000787030016,0,111.0,41689216.0,92.0,0.0,100.0,8.0,100.0,0.0,89.0,837632148.0,58.0,37372.0,100.0,0.0,100.0,8.0,100.0,0.0,100.0,0.0,100.0,0.0,100.0,0.0,100.0,0.0,76.0,24.0,100.0,0.0,100.0,0.0,77.0,47922.0,24.0,24.0,100.0,0.0,100.0,0.0,200.0,0.0,100.0,37003.0,100.0,54504770344.0,100.0,186143704319.0
2019-10-23,S300Z6Y7,ST4000DM000,4000787030016,0,112.0,46871528.0,92.0,0.0,100.0,8.0,100.0,0.0,89.0,839059490.0,58.0,37396.0,100.0,0.0,100.0,8.0,100.0,0.0,100.0,0.0,100.0,0.0,100.0,0.0,100.0,0.0,75.0,25.0,100.0,0.0,100.0,0.0,77.0,47922.0,25.0,25.0,100.0,0.0,100.0,0.0,200.0,0.0,100.0,37027.0,100.0,54547227240.0,100.0,186234538951.0
2019-10-24,S300Z6Y7,ST4000DM000,4000787030016,0,120.0,2427728.0,92.0,0.0,100.0,8.0,100.0,0.0,89.0,839733637.0,58.0,37419.0,100.0,0.0,100.0,8.0,100.0,0.0,100.0,0.0,100.0,0.0,100.0,0.0,100.0,0.0,76.0,24.0,100.0,0.0,100.0,0.0,77.0,47922.0,24.0,24.0,100.0,0.0,100.0,0.0,200.0,0.0,100.0,37051.0,100.0,54588220320.0,100.0,186332841781.0
2019-10-25,S300Z6Y7,ST4000DM000,4000787030016,0,117.0,124845080.0,92.0,0.0,100.0,8.0,100.0,0.0,89.0,840414668.0,58.0,37443.0,100.0,0.0,100.0,8.0,100.0,0.0,100.0,0.0,100.0,0.0,100.0,0.0,100.0,0.0,75.0,25.0,100.0,0.0,100.0,0.0,77.0,47922.0,25.0,25.0,100.0,0.0,100.0,0.0,200.0,0.0,100.0,37075.0,100.0,54618398240.0,100.0,186457804514.0
2019-10-26,S300Z6Y7,ST4000DM000,4000787030016,0,117.0,144299176.0,92.0,0.0,100.0,8.0,100.0,0.0,89.0,840930518.0,58.0,37467.0,100.0,0.0,100.0,8.0,100.0,0.0,100.0,0.0,100.0,0.0,100.0,0.0,100.0,0.0,75.0,25.0,100.0,0.0,100.0,0.0,77.0,47922.0,25.0,25.0,100.0,0.0,100.0,0.0,200.0,0.0,100.0,37098.0,100.0,54640789968.0,100.0,186586031351.0
2019-10-27,S300Z6Y7,ST4000DM000,4000787030016,0,120.0,243938992.0,92.0,0.0,100.0,8.0,100.0,0.0,89.0,842489610.0,58.0,37491.0,100.0,0.0,100.0,8.0,100.0,0.0,100.0,0.0,100.0,0.0,100.0,0.0,100.0,0.0,74.0,26.0,100.0,0.0,100.0,0.0,77.0,47922.0,26.0,26.0,100.0,0.0,100.0,0.0,200.0,0.0,100.0,37122.0,100.0,54679269096.0,100.0,186713547943.0
2019-10-28,S300Z6Y7,ST4000DM000,4000787030016,0,116.0,108162632.0,92.0,0.0,100.0,8.0,100.0,0.0,89.0,843060448.0,58.0,37515.0,100.0,0.0,100.0,8.0,100.0,0.0,100.0,0.0,100.0,0.0,100.0,0.0,100.0,0.0,75.0,25.0,100.0,0.0,100.0,0.0,77.0,47922.0,25.0,25.0,100.0,0.0,100.0,0.0,200.0,0.0,100.0,37146.0,100.0,54707847936.0,100.0,186846361630.0
2019-10-29,S300Z6Y7,ST4000DM000,4000787030016,0,112.0,47837248.0,92.0,0.0,100.0,8.0,100.0,0.0,89.0,843647919.0,58.0,37539.0,100.0,0.0,100.0,8.0,100.0,0.0,100.0,0.0,100.0,0.0,100.0,0.0,100.0,0.0,74.0,26.0,100.0,0.0,100.0,0.0,77.0,47922.0,26.0,26.0,100.0,0.0,100.0,0.0,200.0,0.0,100.0,37170.0,100.0,54741465136.0,100.0,186985420826.0
2019-10-30,S300Z6Y7,ST4000DM000,4000787030016,0,117.0,163925712.0,92.0,0.0,100.0,8.0,100.0,0.0,89.0,845671548.0,58.0,37563.0,100.0,0.0,100.0,8.0,100.0,0.0,100.0,0.0,100.0,0.0,100.0,0.0,100.0,0.0,74.0,26.0,100.0,0.0,100.0,0.0,77.0,47922.0,26.0,26.0,100.0,0.0,100.0,0.0,200.0,0.0,100.0,37194.0,100.0,54771993920.0,100.0,187213559855.0
2019-10-31,S300Z6Y7,ST4000DM000,4000787030016,0,117.0,141632000.0,92.0,0.0,100.0,8.0,100.0,0.0,89.0,847516059.0,58.0,37587.0,100.0,0.0,100.0,8.0,100.0,0.0,100.0,0.0,100.0,0.0,100.0,0.0,100.0,0.0,74.0,26.0,100.0,0.0,100.0,0.0,77.0,47922.0,26.0,26.0,100.0,0.0,100.0,0.0,200.0,0.0,100.0,37218.0,100.0,54803877896.0,100.0,187529161394.0
2019-11-01,S300Z6Y7,ST4000DM000,4000787030016,0,112.0,46194200.0,92.0,0.0,100.0,8.0,100.0,0.0,89.0,849963051.0,58.0,37611.0,100.0,0.0,100.0,8.0,100.0,0.0,100.0,0.0,100.0,0.0,100.0,0.0,100.0,0.0,76.0,24.0,100.0,0.0,100.0,0.0,77.0,47922.0,24.0,24.0,100.0,0.0,100.0,0.0,200.0,0.0,100.0,37242.0,100.0,54830584560.0,100.0,187831158393.0
2019-11-02,S300Z6Y7,ST4000DM000,4000787030016,0,118.0,184067856.0,92.0,0.0,100.0,8.0,100.0,0.0,89.0,852598857.0,58.0,37635.0,100.0,0.0,100.0,8.0,100.0,0.0,100.0,0.0,100.0,0.0,100.0,0.0,100.0,0.0,75.0,25.0,100.0,0.0,100.0,0.0,77.0,47922.0,25.0,25.0,100.0,0.0,100.0,0.0,200.0,0.0,100.0,37266.0,100.0,54862642280.0,100.0,188152730079.0
2019-11-03,S300Z6Y7,ST4000DM000,4000787030016,0,117.0,122352792.0,92.0,0.0,100.0,8.0,100.0,0.0,89.0,854835625.0,58.0,37659.0,100.0,0.0,100.0,8.0,100.0,0.0,100.0,0.0,100.0,0.0,100.0,0.0,100.0,0.0,75.0,25.0,100.0,0.0,100.0,0.0,77.0,47922.0,25.0,25.0,100.0,0.0,100.0,0.0,200.0,0.0,100.0,37290.0,100.0,54885701560.0,100.0,188465331895.0
2019-11-04,S300Z6Y7,ST4000DM000,4000787030016,0,116.0,113852624.0,92.0,0.0,100.0,8.0,100.0,0.0,89.0,857179766.0,57.0,37683.0,100.0,0.0,100.0,8.0,100.0,0.0,100.0,0.0,100.0,0.0,100.0,0.0,100.0,0.0,75.0,25.0,100.0,0.0,100.0,0.0,77.0,47922.0,25.0,25.0,100.0,0.0,100.0,0.0,200.0,0.0,100.0,37314.0,100.0,54920311624.0,100.0,188785341221.0
2019-11-05,S300Z6Y7,ST4000DM000,4000787030016,0,108.0,16162488.0,92.0,0.0,100.0,8.0,100.0,0.0,89.0,859090356.0,57.0,37706.0,100.0,0.0,100.0,8.0,100.0,0.0,100.0,0.0,100.0,0.0,100.0,0.0,100.0,0.0,76.0,24.0,100.0,0.0,100.0,0.0,77.0,47922.0,24.0,24.0,100.0,0.0,100.0,0.0,200.0,0.0,100.0,37338.0,100.0,54939663688.0,100.0,189113486871.0
2019-11-06,S300Z6Y7,ST4000DM000,4000787030016,0,112.0,44071536.0,92.0,0.0,100.0,8.0,100.0,0.0,89.0,861061616.0,57.0,37730.0,100.0,0.0,100.0,8.0,100.0,0.0,100.0,0.0,100.0,0.0,100.0,0.0,100.0,0.0,74.0,26.0,100.0,0.0,100.0,0.0,77.0,47922.0,26.0,26.0,100.0,0.0,100.0,0.0,200.0,0.0,100.0,37362.0,100.0,54970425224.0,100.0,189316001774.0
2019-11-07,S300Z6Y7,ST4000DM000,4000787030016,0,101.0,3599368.0,92.0,0.0,100.0,8.0,100.0,0.0,89.0,862379158.0,57.0,37754.0,100.0,0.0,100.0,8.0,100.0,0.0,100.0,0.0,100.0,0.0,100.0,0.0,100.0,0.0,75.0,25.0,100.0,0.0,100.0,0.0,77.0,47922.0,25.0,25.0,100.0,0.0,100.0,0.0,200.0,0.0,100.0,37386.0,100.0,55015311560.0,100.0,189609384575.0
2019-11-08,S300Z6Y7,ST4000DM000,4000787030016,0,113.0,51563488.0,92.0,0.0,100.0,8.0,100.0,0.0,89.0,863985177.0,57.0,37778.0,100.0,0.0,100.0,8.0,100.0,0.0,100.0,0.0,100.0,0.0,100.0,0.0,100.0,0.0,75.0,25.0,100.0,0.0,100.0,0.0,77.0,47922.0,25.0,25.0,100.0,0.0,100.0,0.0,200.0,0.0,100.0,37409.0,100.0,55049971696.0,100.0,189861539610.0
2019-11-09,S300Z6Y7,ST4000DM000,4000787030016,0,118.0,199917056.0,92.0,0.0,100.0,8.0,100.0,0.0,89.0,866271287.0,57.0,37802.0,100.0,0.0,100.0,8.0,100.0,0.0,100.0,0.0,100.0,0.0,100.0,0.0,100.0,0.0,75.0,25.0,100.0,0.0,100.0,0.0,77.0,47922.0,25.0,25.0,100.0,0.0,100.0,0.0,200.0,0.0,100.0,37433.0,100.0,55091990536.0,100.0,190144222034.0
2019-11-10,S300Z6Y7,ST4000DM000,4000787030016,0,116.0,115742704.0,92.0,0.0,100.0,8.0,100.0,0.0,89.0,868700353.0,57.0,37826.0,100.0,0.0,100.0,8.0,100.0,0.0,100.0,0.0,100.0,0.0,100.0,0.0,100.0,0.0,74.0,26.0,100.0,0.0,100.0,0.0,77.0,47922.0,26.0,26.0,100.0,0.0,100.0,0.0,200.0,0.0,100.0,37457.0,100.0,55118841024.0,100.0,190432854306.0
2019-11-11,S300Z6Y7,ST4000DM000,4000787030016,0,113.0,52206880.0,92.0,0.0,100.0,8.0,100.0,0.0,89.0,871187141.0,57.0,37850.0,100.0,0.0,100.0,8.0,100.0,0.0,100.0,0.0,100.0,0.0,100.0,0.0,100.0,0.0,75.0,25.0,100.0,0.0,100.0,0.0,77.0,47922.0,25.0,25.0,100.0,0.0,100.0,0.0,200.0,0.0,100.0,37481.0,100.0,55148986240.0,100.0,190724626260.0
2019-11-12,S300Z6Y7,ST4000DM000,4000787030016,0,112.0,47514112.0,92.0,0.0,100.0,8.0,100.0,0.0,89.0,872293680.0,57.0,37874.0,100.0,0.0,100.0,8.0,100.0,0.0,100.0,0.0,100.0,0.0,100.0,0.0,100.0,0.0,75.0,25.0,100.0,0.0,100.0,0.0,77.0,47922.0,25.0,25.0,100.0,0.0,100.0,0.0,200.0,0.0,100.0,37505.0,100.0,55190982176.0,100.0,191031288499.0
2019-11-13,S300Z6Y7,ST4000DM000,4000787030016,0,108.0,16506464.0,92.0,0.0,100.0,8.0,100.0,0.0,89.0,873836052.0,57.0,37898.0,100.0,0.0,100.0,8.0,100.0,0.0,100.0,0.0,100.0,0.0,100.0,0.0,100.0,0.0,73.0,27.0,100.0,0.0,100.0,0.0,77.0,47922.0,27.0,27.0,100.0,0.0,100.0,0.0,200.0,0.0,100.0,37529.0,100.0,55237359984.0,100.0,191194653864.0
2019-11-14,S300Z6Y7,ST4000DM000,4000787030016,0,114.0,58757328.0,92.0,0.0,100.0,8.0,100.0,0.0,89.0,874820135.0,57.0,37922.0,100.0,0.0,100.0,8.0,100.0,0.0,100.0,0.0,100.0,0.0,100.0,0.0,100.0,0.0,75.0,25.0,100.0,0.0,100.0,0.0,77.0,47922.0,25.0,25.0,100.0,0.0,100.0,0.0,200.0,0.0,100.0,37553.0,100.0,55270073048.0,100.0,191463617727.0
2019-11-15,S300Z6Y7,ST4000DM000,4000787030016,0,117.0,149283560.0,92.0,0.0,100.0,8.0,100.0,0.0,89.0,876253331.0,57.0,37945.0,100.0,0.0,100.0,8.0,100.0,0.0,100.0,0.0,100.0,0.0,100.0,0.0,100.0,0.0,74.0,26.0,100.0,0.0,100.0,0.0,77.0,47922.0,26.0,26.0,100.0,0.0,100.0,0.0,200.0,0.0,100.0,37577.0,100.0,55310960480.0,100.0,191803355452.0
2019-11-16,S300Z6Y7,ST4000DM000,4000787030016,0,110.0,29219552.0,92.0,0.0,100.0,8.0,100.0,0.0,89.0,878097197.0,57.0,37969.0,100.0,0.0,100.0,8.0,100.0,0.0,100.0,0.0,100.0,0.0,100.0,0.0,100.0,0.0,74.0,26.0,100.0,0.0,100.0,0.0,77.0,47922.0,26.0,26.0,100.0,0.0,100.0,0.0,200.0,0.0,100.0,37601.0,100.0,55354845312.0,100.0,192113294245.0
2019-11-17,S300Z6Y7,ST4000DM000,4000787030016,0,112.0,49174368.0,92.0,0.0,100.0,8.0,100.0,0.0,89.0,881122845.0,57.0,37993.0,100.0,0.0,100.0,8.0,100.0,0.0,100.0,0.0,100.0,0.0,100.0,0.0,100.0,0.0,73.0,27.0,100.0,0.0,100.0,0.0,77.0,47922.0,27.0,27.0,100.0,0.0,100.0,0.0,200.0,0.0,100.0,37625.0,100.0,55382374312.0,100.0,192430876329.0
2019-11-18,S300Z6Y7,ST4000DM000,4000787030016,0,118.0,197108952.0,92.0,0.0,100.0,8.0,100.0,0.0,89.0,883198590.0,57.0,38017.0,100.0,0.0,100.0,8.0,100.0,0.0,100.0,0.0,100.0,0.0,100.0,0.0,100.0,0.0,75.0,25.0,100.0,0.0,100.0,0.0,77.0,47922.0,25.0,25.0,100.0,0.0,100.0,0.0,200.0,0.0,100.0,37649.0,100.0,55418627432.0,100.0,192747323941.0
2019-11-19,S300Z6Y7,ST4000DM000,4000787030016,0,119.0,212268280.0,92.0,0.0,100.0,8.0,100.0,0.0,89.0,885380765.0,57.0,38041.0,100.0,0.0,100.0,8.0,100.0,0.0,100.0,0.0,100.0,0.0,100.0,0.0,100.0,0.0,74.0,26.0,100.0,0.0,100.0,0.0,77.0,47922.0,26.0,26.0,100.0,0.0,100.0,0.0,200.0,0.0,100.0,37673.0,100.0,55455485200.0,100.0,193056921218.0
2019-11-20,S300Z6Y7,ST4000DM000,4000787030016,0,119.0,208272472.0,92.0,0.0,100.0,8.0,100.0,0.0,89.0,887445108.0,57.0,38065.0,100.0,0.0,100.0,8.0,100.0,0.0,100.0,0.0,100.0,0.0,100.0,0.0,100.0,0.0,74.0,26.0,100.0,0.0,100.0,0.0,77.0,47922.0,26.0,26.0,100.0,0.0,100.0,0.0,200.0,0.0,100.0,37697.0,100.0,55485451744.0,100.0,193249353962.0
2019-11-21,S300Z6Y7,ST4000DM000,4000787030016,0,114.0,63122272.0,92.0,0.0,100.0,8.0,100.0,0.0,89.0,888743149.0,57.0,38089.0,100.0,0.0,100.0,8.0,100.0,0.0,100.0,0.0,100.0,0.0,100.0,0.0,100.0,0.0,73.0,27.0,100.0,0.0,100.0,0.0,77.0,47922.0,27.0,27.0,100.0,0.0,100.0,0.0,200.0,0.0,100.0,37721.0,100.0,55518717760.0,100.0,193542948490.0
2019-11-22,S300Z6Y7,ST4000DM000,4000787030016,0,119.0,208135520.0,92.0,0.0,100.0,8.0,100.0,0.0,89.0,890674669.0,57.0,38113.0,100.0,0.0,100.0,8.0,100.0,0.0,100.0,0.0,100.0,0.0,100.0,0.0,100.0,0.0,74.0,26.0,100.0,0.0,100.0,0.0,77.0,47922.0,26.0,26.0,100.0,0.0,100.0,0.0,200.0,0.0,100.0,37745.0,100.0,55552564416.0,100.0,193872409732.0
2019-11-23,S300Z6Y7,ST4000DM000,4000787030016,0,119.0,218420872.0,92.0,0.0,100.0,8.0,100.0,0.0,89.0,892570720.0,57.0,38137.0,100.0,0.0,100.0,8.0,100.0,0.0,100.0,0.0,100.0,0.0,100.0,0.0,100.0,0.0,74.0,26.0,100.0,0.0,100.0,0.0,77.0,47922.0,26.0,26.0,100.0,0.0,100.0,0.0,200.0,0.0,100.0,37769.0,100.0,55600920024.0,100.0,194180263696.0
2019-11-24,S300Z6Y7,ST4000DM000,4000787030016,0,117.0,120500984.0,92.0,0.0,100.0,8.0,100.0,0.0,89.0,895635608.0,57.0,38161.0,100.0,0.0,100.0,8.0,100.0,0.0,100.0,0.0,100.0,0.0,100.0,0.0,100.0,0.0,74.0,26.0,100.0,0.0,100.0,0.0,77.0,47922.0,26.0,26.0,100.0,0.0,100.0,0.0,200.0,0.0,100.0,37793.0,100.0,55631913568.0,100.0,194430135074.0
2019-11-25,S300Z6Y7,ST4000DM000,4000787030016,0,117.0,154968040.0,92.0,0.0,100.0,8.0,100.0,0.0,89.0,898392089.0,57.0,38185.0,100.0,0.0,100.0,8.0,100.0,0.0,100.0,0.0,100.0,0.0,100.0,0.0,100.0,0.0,73.0,27.0,100.0,0.0,100.0,0.0,77.0,47922.0,27.0,27.0,100.0,0.0,100.0,0.0,200.0,0.0,100.0,37817.0,100.0,55670556904.0,100.0,194707627881.0
2019-11-26,S300Z6Y7,ST4000DM000,4000787030016,0,119.0,229868632.0,92.0,0.0,100.0,8.0,100.0,0.0,89.0,900043804.0,57.0,38209.0,100.0,0.0,100.0,8.0,100.0,0.0,100.0,0.0,100.0,0.0,100.0,0.0,100.0,0.0,73.0,27.0,100.0,0.0,100.0,0.0,77.0,47922.0,27.0,27.0,100.0,0.0,100.0,0.0,200.0,0.0,100.0,37841.0,100.0,55714563408.0,100.0,194985212595.0
2019-11-27,S300Z6Y7,ST4000DM000,4000787030016,0,113.0,51094704.0,92.0,0.0,100.0,8.0,100.0,0.0,89.0,901920271.0,57.0,38233.0,100.0,0.0,100.0,8.0,100.0,0.0,100.0,0.0,100.0,0.0,100.0,0.0,100.0,0.0,73.0,27.0,100.0,0.0,100.0,0.0,77.0,47922.0,27.0,27.0,100.0,0.0,100.0,0.0,200.0,0.0,100.0,37865.0,100.0,55763946496.0,100.0,195155029749.0
2019-11-28,S300Z6Y7,ST4000DM000,4000787030016,0,119.0,217759040.0,92.0,0.0,100.0,8.0,100.0,0.0,89.0,902930492.0,57.0,38257.0,100.0,0.0,100.0,8.0,100.0,0.0,100.0,0.0,100.0,0.0,100.0,0.0,100.0,0.0,73.0,27.0,100.0,0.0,100.0,0.0,77.0,47922.0,27.0,27.0,100.0,0.0,100.0,0.0,200.0,0.0,100.0,37889.0,100.0,55797373656.0,100.0,195413510721.0
2019-11-29,S300Z6Y7,ST4000DM000,4000787030016,0,113.0,56602840.0,92.0,0.0,100.0,8.0,100.0,0.0,89.0,903899432.0,57.0,38281.0,100.0,0.0,100.0,8.0,100.0,0.0,100.0,0.0,100.0,0.0,100.0,0.0,100.0,0.0,73.0,27.0,100.0,0.0,100.0,0.0,77.0,47922.0,27.0,27.0,100.0,0.0,100.0,0.0,200.0,0.0,100.0,37912.0,100.0,55820894864.0,100.0,195700897354.0
2019-11-30,S300Z6Y7,ST4000DM000,4000787030016,0,100.0,3074880.0,92.0,0.0,100.0,8.0,100.0,0.0,89.0,905010425.0,57.0,38305.0,100.0,0.0,100.0,8.0,100.0,0.0,100.0,0.0,100.0,0.0,100.0,0.0,100.0,0.0,73.0,27.0,100.0,0.0,100.0,0.0,77.0,47922.0,27.0,27.0,100.0,0.0,100.0,0.0,200.0,0.0,100.0,37936.0,100.0,55838405536.0,100.0,196056567021.0
2019-12-01,S300Z6Y7,ST4000DM000,4000787030016,0,119.0,207240320.0,92.0,0.0,100.0,8.0,100.0,0.0,89.0,907056587.0,57.0,38329.0,100.0,0.0,100.0,8.0,100.0,0.0,100.0,0.0,100.0,0.0,100.0,0.0,100.0,0.0,73.0,27.0,100.0,0.0,100.0,0.0,77.0,47922.0,27.0,27.0,100.0,0.0,100.0,0.0,200.0,0.0,100.0,37960.0,100.0,55854227696.0,100.0,196353019913.0
2019-12-02,S300Z6Y7,ST4000DM000,4000787030016,0,119.0,219020088.0,92.0,0.0,100.0,8.0,100.0,0.0,89.0,909792244.0,57.0,38353.0,100.0,0.0,100.0,8.0,100.0,0.0,100.0,0.0,100.0,0.0,100.0,0.0,100.0,0.0,73.0,27.0,100.0,0.0,100.0,0.0,77.0,47922.0,27.0,27.0,100.0,0.0,100.0,0.0,200.0,0.0,100.0,37984.0,100.0,55876583440.0,100.0,196691780010.0
2019-12-03,S300Z6Y7,ST4000DM000,4000787030016,0,117.0,165552456.0,92.0,0.0,100.0,8.0,100.0,0.0,89.0,911809328.0,57.0,38377.0,100.0,0.0,100.0,8.0,100.0,0.0,100.0,0.0,100.0,0.0,100.0,0.0,100.0,0.0,74.0,26.0,100.0,0.0,100.0,0.0,77.0,47922.0,26.0,26.0,100.0,0.0,100.0,0.0,200.0,0.0,100.0,38008.0,100.0,55900057416.0,100.0,196990799246.0
2019-12-04,S300Z6Y7,ST4000DM000,4000787030016,0,119.0,219595432.0,92.0,0.0,100.0,8.0,100.0,0.0,89.0,913846318.0,57.0,38401.0,100.0,0.0,100.0,8.0,100.0,0.0,100.0,0.0,100.0,0.0,100.0,0.0,100.0,0.0,75.0,25.0,100.0,0.0,100.0,0.0,77.0,47922.0,25.0,25.0,100.0,0.0,100.0,0.0,200.0,0.0,100.0,38032.0,100.0,55924431696.0,100.0,197194671121.0
2019-12-05,S300Z6Y7,ST4000DM000,4000787030016,0,119.0,227438968.0,92.0,0.0,100.0,8.0,100.0,0.0,89.0,915432148.0,57.0,38424.0,100.0,0.0,100.0,8.0,100.0,0.0,100.0,0.0,100.0,0.0,100.0,0.0,100.0,0.0,75.0,25.0,100.0,0.0,100.0,0.0,77.0,47922.0,25.0,25.0,100.0,0.0,100.0,0.0,200.0,0.0,100.0,38056.0,100.0,55948681120.0,100.0,197478813032.0
2019-12-06,S300Z6Y7,ST4000DM000,4000787030016,0,118.0,181670552.0,92.0,0.0,100.0,8.0,100.0,0.0,89.0,917412447.0,57.0,38448.0,100.0,0.0,100.0,8.0,100.0,0.0,100.0,0.0,100.0,0.0,100.0,0.0,100.0,0.0,75.0,25.0,100.0,0.0,100.0,0.0,77.0,47922.0,25.0,25.0,100.0,0.0,100.0,0.0,200.0,0.0,100.0,38080.0,100.0,55979199000.0,100.0,197798383290.0
2019-12-07,S300Z6Y7,ST4000DM000,4000787030016,0,117.0,139387904.0,92.0,0.0,100.0,8.0,100.0,0.0,89.0,920207253.0,57.0,38472.0,100.0,0.0,100.0,8.0,100.0,0.0,100.0,0.0,100.0,0.0,100.0,0.0,100.0,0.0,75.0,25.0,100.0,0.0,100.0,0.0,77.0,47922.0,25.0,25.0,100.0,0.0,100.0,0.0,200.0,0.0,100.0,38104.0,100.0,56003996920.0,100.0,198116914141.0
2019-12-08,S300Z6Y7,ST4000DM000,4000787030016,0,114.0,79124824.0,92.0,0.0,100.0,8.0,100.0,0.0,89.0,922410629.0,57.0,38496.0,100.0,0.0,100.0,8.0,100.0,0.0,100.0,0.0,100.0,0.0,100.0,0.0,100.0,0.0,74.0,26.0,100.0,0.0,100.0,0.0,77.0,47922.0,26.0,26.0,100.0,0.0,100.0,0.0,200.0,0.0,100.0,38127.0,100.0,56031160856.0,100.0,198424308297.0
2019-12-09,S300Z6Y7,ST4000DM000,4000787030016,0,112.0,45432304.0,92.0,0.0,100.0,8.0,100.0,0.0,89.0,924738123.0,57.0,38520.0,100.0,0.0,100.0,8.0,100.0,0.0,100.0,0.0,100.0,0.0,100.0,0.0,100.0,0.0,75.0,25.0,100.0,0.0,100.0,0.0,77.0,47922.0,25.0,25.0,100.0,0.0,100.0,0.0,200.0,0.0,100.0,38151.0,100.0,56060600960.0,100.0,198676120889.0
2019-12-10,S300Z6Y7,ST4000DM000,4000787030016,0,113.0,58304744.0,92.0,0.0,100.0,8.0,100.0,0.0,89.0,926971379.0,56.0,38544.0,100.0,0.0,100.0,8.0,100.0,0.0,100.0,0.0,100.0,0.0,100.0,0.0,100.0,0.0,75.0,25.0,100.0,0.0,100.0,0.0,77.0,47922.0,25.0,25.0,100.0,0.0,100.0,0.0,200.0,0.0,100.0,38175.0,100.0,56087796184.0,100.0,198963641464.0
2019-12-11,S300Z6Y7,ST4000DM000,4000787030016,0,114.0,77770080.0,92.0,0.0,100.0,8.0,100.0,0.0,89.0,928745065.0,56.0,38568.0,100.0,0.0,100.0,8.0,100.0,0.0,100.0,0.0,100.0,0.0,100.0,0.0,100.0,0.0,75.0,25.0,100.0,0.0,100.0,0.0,77.0,47922.0,25.0,25.0,100.0,0.0,100.0,0.0,200.0,0.0,100.0,38199.0,100.0,56115754320.0,100.0,199125247551.0
2019-12-12,S300Z6Y7,ST4000DM000,4000787030016,0,115.0,89166776.0,92.0,0.0,100.0,8.0,100.0,0.0,89.0,929905010.0,56.0,38592.0,100.0,0.0,100.0,8.0,100.0,0.0,100.0,0.0,100.0,0.0,100.0,0.0,100.0,0.0,75.0,25.0,100.0,0.0,100.0,0.0,77.0,47922.0,25.0,25.0,100.0,0.0,100.0,0.0,200.0,0.0,100.0,38223.0,100.0,56147750656.0,100.0,199388467145.0
2019-12-13,S300Z6Y7,ST4000DM000,4000787030016,0,111.0,38273800.0,92.0,0.0,100.0,8.0,100.0,0.0,89.0,931232039.0,56.0,38616.0,100.0,0.0,100.0,8.0,100.0,0.0,100.0,0.0,100.0,0.0,100.0,0.0,100.0,0.0,74.0,26.0,100.0,0.0,100.0,0.0,77.0,47922.0,26.0,26.0,100.0,0.0,100.0,0.0,200.0,0.0,100.0,38247.0,100.0,56177787768.0,100.0,199680149565.0
2019-12-14,S300Z6Y7,ST4000DM000,4000787030016,0,119.0,214465280.0,92.0,0.0,100.0,8.0,100.0,0.0,89.0,932344514.0,56.0,38640.0,100.0,0.0,100.0,8.0,100.0,0.0,100.0,0.0,100.0,0.0,100.0,0.0,100.0,0.0,74.0,26.0,100.0,0.0,100.0,0.0,77.0,47922.0,26.0,26.0,100.0,0.0,100.0,0.0,200.0,0.0,100.0,38271.0,100.0,56206094128.0,100.0,200007768865.0
2019-12-15,S300Z6Y7,ST4000DM000,4000787030016,0,117.0,136087320.0,92.0,0.0,100.0,8.0,100.0,0.0,89.0,934165571.0,56.0,38664.0,100.0,0.0,100.0,8.0,100.0,0.0,100.0,0.0,100.0,0.0,100.0,0.0,100.0,0.0,73.0,27.0,100.0,0.0,100.0,0.0,77.0,47922.0,27.0,27.0,100.0,0.0,100.0,0.0,200.0,0.0,100.0,38295.0,100.0,56228827008.0,100.0,200342563941.0
2019-12-16,S300Z6Y7,ST4000DM000,4000787030016,0,113.0,51224160.0,92.0,0.0,100.0,8.0,100.0,0.0,89.0,936651703.0,56.0,38688.0,100.0,0.0,100.0,8.0,100.0,0.0,100.0,0.0,100.0,0.0,100.0,0.0,100.0,0.0,74.0,26.0,100.0,0.0,100.0,0.0,77.0,47922.0,26.0,26.0,100.0,0.0,100.0,0.0,200.0,0.0,100.0,38319.0,100.0,56252628840.0,100.0,200678320130.0
2019-12-17,S300Z6Y7,ST4000DM000,4000787030016,0,114.0,59637984.0,92.0,0.0,100.0,8.0,100.0,0.0,89.0,939147252.0,56.0,38712.0,100.0,0.0,100.0,8.0,100.0,0.0,100.0,0.0,100.0,0.0,100.0,0.0,100.0,0.0,73.0,27.0,100.0,0.0,100.0,0.0,77.0,47922.0,27.0,27.0,100.0,0.0,100.0,0.0,200.0,0.0,100.0,38343.0,100.0,56281646688.0,100.0,200989637454.0
2019-12-18,S300Z6Y7,ST4000DM000,4000787030016,0,118.0,179695200.0,92.0,0.0,100.0,8.0,100.0,0.0,90.0,941027994.0,56.0,38736.0,100.0,0.0,100.0,8.0,100.0,0.0,100.0,0.0,100.0,0.0,100.0,0.0,100.0,0.0,72.0,28.0,100.0,0.0,100.0,0.0,77.0,47922.0,28.0,28.0,100.0,0.0,100.0,0.0,200.0,0.0,100.0,38367.0,100.0,56318941344.0,100.0,201175628713.0
2019-12-19,S300Z6Y7,ST4000DM000,4000787030016,0,114.0,65034376.0,92.0,0.0,100.0,8.0,100.0,0.0,90.0,942282359.0,56.0,38759.0,100.0,0.0,100.0,8.0,100.0,0.0,100.0,0.0,100.0,0.0,100.0,0.0,100.0,0.0,73.0,27.0,100.0,0.0,100.0,0.0,77.0,47922.0,27.0,27.0,100.0,0.0,100.0,0.0,200.0,0.0,100.0,38391.0,100.0,56358268104.0,100.0,201414849591.0
2019-12-20,S300Z6Y7,ST4000DM000,4000787030016,0,114.0,75992704.0,92.0,0.0,100.0,8.0,100.0,0.0,90.0,944557081.0,56.0,38783.0,100.0,0.0,100.0,8.0,100.0,0.0,100.0,0.0,100.0,0.0,100.0,0.0,100.0,0.0,73.0,27.0,100.0,0.0,100.0,0.0,77.0,47922.0,27.0,27.0,100.0,0.0,100.0,0.0,200.0,0.0,100.0,38415.0,100.0,56402654776.0,100.0,201728363370.0
2019-12-21,S300Z6Y7,ST4000DM000,4000787030016,0,119.0,230144776.0,92.0,0.0,100.0,8.0,100.0,0.0,90.0,946243474.0,56.0,38807.0,100.0,0.0,100.0,8.0,100.0,0.0,100.0,0.0,100.0,0.0,100.0,0.0,100.0,0.0,73.0,27.0,100.0,0.0,100.0,0.0,77.0,47922.0,27.0,27.0,100.0,0.0,100.0,0.0,200.0,0.0,100.0,38439.0,100.0,56429949040.0,100.0,202030451926.0
2019-12-22,S300Z6Y7,ST4000DM000,4000787030016,0,117.0,143899080.0,92.0,0.0,100.0,8.0,100.0,0.0,90.0,948594876.0,56.0,38831.0,100.0,0.0,100.0,8.0,100.0,0.0,100.0,0.0,100.0,0.0,100.0,0.0,100.0,0.0,73.0,27.0,100.0,0.0,100.0,0.0,77.0,47922.0,27.0,27.0,100.0,0.0,100.0,0.0,200.0,0.0,100.0,38463.0,100.0,56457964112.0,100.0,202362220624.0
2019-12-23,S300Z6Y7,ST4000DM000,4000787030016,0,118.0,192968824.0,92.0,0.0,100.0,8.0,100.0,0.0,90.0,950723976.0,56.0,38855.0,100.0,0.0,100.0,8.0,100.0,0.0,100.0,0.0,100.0,0.0,100.0,0.0,100.0,0.0,73.0,27.0,100.0,0.0,100.0,0.0,77.0,47922.0,27.0,27.0,100.0,0.0,100.0,0.0,200.0,0.0,100.0,38486.0,100.0,56486898360.0,100.0,202626175286.0
2019-12-24,S300Z6Y7,ST4000DM000,4000787030016,0,119.0,212124784.0,92.0,0.0,100.0,8.0,100.0,0.0,90.0,953865523.0,56.0,38879.0,100.0,0.0,100.0,8.0,100.0,0.0,100.0,0.0,100.0,0.0,100.0,0.0,100.0,0.0,73.0,27.0,100.0,0.0,100.0,0.0,77.0,47922.0,27.0,27.0,100.0,0.0,100.0,0.0,200.0,0.0,100.0,38510.0,100.0,56510253288.0,100.0,202883739505.0
2019-12-25,S300Z6Y7,ST4000DM000,4000787030016,0,114.0,79969896.0,92.0,0.0,100.0,8.0,100.0,0.0,90.0,955640274.0,56.0,38903.0,100.0,0.0,100.0,8.0,100.0,0.0,100.0,0.0,100.0,0.0,100.0,0.0,100.0,0.0,72.0,28.0,100.0,0.0,100.0,0.0,77.0,47922.0,28.0,28.0,100.0,0.0,100.0,0.0,200.0,0.0,100.0,38534.0,100.0,56533118232.0,100.0,203004048399.0
2019-12-26,S300Z6Y7,ST4000DM000,4000787030016,0,115.0,96551120.0,92.0,0.0,100.0,8.0,100.0,0.0,90.0,957458972.0,56.0,38927.0,100.0,0.0,100.0,8.0,100.0,0.0,100.0,0.0,100.0,0.0,100.0,0.0,100.0,0.0,73.0,27.0,100.0,0.0,100.0,0.0,77.0,47922.0,27.0,27.0,100.0,0.0,100.0,0.0,200.0,0.0,100.0,38559.0,100.0,56545842896.0,100.0,203284437511.0
2019-12-27,S300Z6Y7,ST4000DM000,4000787030016,0,117.0,125703848.0,92.0,0.0,100.0,8.0,100.0,0.0,90.0,958728018.0,56.0,38951.0,100.0,0.0,100.0,8.0,100.0,0.0,100.0,0.0,100.0,0.0,100.0,0.0,100.0,0.0,72.0,28.0,100.0,0.0,100.0,0.0,77.0,47922.0,28.0,28.0,100.0,0.0,100.0,0.0,200.0,0.0,100.0,38583.0,100.0,56557518896.0,100.0,203554263877.0
2019-12-28,S300Z6Y7,ST4000DM000,4000787030016,0,115.0,85008808.0,92.0,0.0,100.0,8.0,100.0,0.0,90.0,959755856.0,56.0,38975.0,100.0,0.0,100.0,8.0,100.0,0.0,100.0,0.0,100.0,0.0,100.0,0.0,100.0,0.0,72.0,28.0,100.0,0.0,100.0,0.0,77.0,47922.0,28.0,28.0,100.0,0.0,100.0,0.0,200.0,0.0,100.0,38606.0,100.0,56574532248.0,100.0,203865638268.0
2019-12-29,S300Z6Y7,ST4000DM000,4000787030016,0,117.0,149515136.0,92.0,0.0,100.0,8.0,100.0,0.0,90.0,961330533.0,56.0,38999.0,100.0,0.0,100.0,8.0,100.0,0.0,100.0,0.0,100.0,0.0,100.0,0.0,100.0,0.0,72.0,28.0,100.0,0.0,100.0,0.0,77.0,47922.0,28.0,28.0,100.0,0.0,100.0,0.0,200.0,0.0,100.0,38631.0,100.0,56595999800.0,100.0,204226088572.0
2019-12-30,S300Z6Y7,ST4000DM000,4000787030016,0,117.0,128886320.0,92.0,0.0,100.0,8.0,100.0,0.0,90.0,963671063.0,56.0,39023.0,100.0,0.0,100.0,8.0,100.0,0.0,100.0,0.0,100.0,0.0,100.0,0.0,100.0,0.0,72.0,28.0,100.0,0.0,100.0,0.0,77.0,47922.0,28.0,28.0,100.0,0.0,100.0,0.0,200.0,0.0,100.0,38655.0,100.0,56611817112.0,100.0,204548070108.0
2019-12-31,S300Z6Y7,ST4000DM000,4000787030016,0,118.0,192743344.0,92.0,0.0,100.0,8.0,100.0,0.0,90.0,966252611.0,56.0,39047.0,100.0,0.0,100.0,8.0,100.0,0.0,100.0,0.0,100.0,0.0,100.0,0.0,100.0,0.0,72.0,28.0,100.0,0.0,100.0,0.0,77.0,47922.0,28.0,28.0,100.0,0.0,100.0,0.0,200.0,0.0,100.0,38679.0,100.0,56627472048.0,100.0,204870422037.0
