2019-01-01,Z304KCYQ,ST4000DM000,4000787030016,0,119,224034816,91.0,0.0,100.0,16.0,100.0,0.0,83.0,233837792.0,69,27365,100.0,0.0,100,16,100.0,0.0,100.0,0.0,100.0,0.0,100.0,0.0,100.0,0.0,83.0,17.0,100.0,0.0,100.0,0.0,98.0,5595.0,17,17,100.0,0.0,100.0,0.0,200.0,0.0,100.0,27313.0,100.0,43927738568.0,100.0,115769852451.0
2019-01-02,Z304KCYQ,ST4000DM000,4000787030016,0,112,47947616,91.0,0.0,100.0,16.0,100.0,0.0,83.0,234848871.0,69,27388,100.0,0.0,100,16,100.0,0.0,100.0,0.0,100.0,0.0,100.0,0.0,100.0,0.0,83.0,17.0,100.0,0.0,100.0,0.0,98.0,5595.0,17,17,100.0,0.0,100.0,0.0,200.0,0.0,100.0,27337.0,100.0,43929858664.0,100.0,115954123740.0
2019-01-03,Z304KCYQ,ST4000DM000,4000787030016,0,120.0,240930624.0,91.0,0.0,100.0,16.0,100.0,0.0,84.0,235590186.0,69.0,27412.0,100.0,0.0,100.0,16.0,100.0,0.0,100.0,0.0,100.0,0.0,100.0,0.0,100.0,0.0,83.0,17.0,100.0,0.0,100.0,0.0,98.0,5595.0,17.0,17.0,100.0,0.0,100.0,0.0,200.0,0.0,100.0,27361.0,100.0,43931988304.0,100.0,116104035526.0
2019-01-04,Z304KCYQ,ST4000DM000,4000787030016,0,107,12598008,91.0,0.0,100.0,16.0,100.0,0.0,84.0,237032635.0,69,27436,100.0,0.0,100,16,100.0,0.0,100.0,0.0,100.0,0.0,100.0,0.0,100.0,0.0,82.0,18.0,100.0,0.0,100.0,0.0,98.0,5595.0,18,18,100.0,0.0,100.0,0.0,200.0,0.0,100.0,27385.0,100.0,43936838784.0,100.0,116271991999.0
2019-01-05,Z304KCYQ,ST4000DM000,4000787030016,0,102,4638480,91.0,0.0,100.0,16.0,100.0,0.0,84.0,237706173.0,69,27460,100.0,0.0,100,16,100.0,0.0,100.0,0.0,100.0,0.0,100.0,0.0,100.0,0.0,81.0,19.0,100.0,0.0,100.0,0.0,98.0,5595.0,19,19,100.0,0.0,100.0,0.0,200.0,0.0,100.0,27409.0,100.0,43938662848.0,100.0,116388554082.0
2019-01-06,Z304KCYQ,ST4000DM000,4000787030016,0,117,158170768,91.0,0.0,100.0,16.0,100.0,0.0,84.0,239449308.0,69,27484,100.0,0.0,100,16,100.0,0.0,100.0,0.0,100.0,0.0,100.0,0.0,100.0,0.0,81.0,19.0,100.0,0.0,100.0,0.0,98.0,5595.0,19,19,100.0,0.0,100.0,0.0,200.0,0.0,100.0,27433.0,100.0,43944444392.0,100.0,116536857864.0
2019-01-07,Z304KCYQ,ST4000DM000,4000787030016,0,113,53462424,91.0,0.0,100.0,16.0,100.0,0.0,84.0,240966397.0,69,27509,100.0,0.0,100,16,100.0,0.0,100.0,0.0,100.0,0.0,100.0,0.0,100.0,0.0,81.0,19.0,100.0,0.0,100.0,0.0,98.0,5651.0,19,19,100.0,0.0,100.0,0.0,200.0,0.0,100.0,27457.0,100.0,43949349544.0,100.0,116674913990.0
2019-01-08,Z304KCYQ,ST4000DM000,4000787030016,0,118,179159136,91.0,0.0,100.0,16.0,100.0,0.0,84.0,242143416.0,69,27532,100.0,0.0,100,16,100.0,0.0,100.0,0.0,100.0,0.0,100.0,0.0,100.0,0.0,81.0,19.0,100.0,0.0,100.0,0.0,98.0,5651.0,19,19,100.0,0.0,100.0,0.0,200.0,0.0,100.0,27481.0,100.0,43951401360.0,100.0,116821699681.0
2019-01-09,Z304KCYQ,ST4000DM000,4000787030016,0,119,221624968,91.0,0.0,100.0,16.0,100.0,0.0,84.0,243307925.0,69,27556,100.0,0.0,100,16,100.0,0.0,100.0,0.0,100.0,0.0,100.0,0.0,100.0,0.0,82.0,18.0,100.0,0.0,100.0,0.0,98.0,5651.0,18,18,100.0,0.0,100.0,0.0,200.0,0.0,100.0,27505.0,100.0,43953066728.0,100.0,116979144492.0
2019-01-10,Z304KCYQ,ST4000DM000,4000787030016,0,119,216679672,91.0,0.0,100.0,16.0,100.0,0.0,84.0,244057227.0,69,27575,100.0,0.0,100,16,100.0,0.0,100.0,0.0,100.0,0.0,100.0,0.0,100.0,0.0,82.0,18.0,100.0,0.0,100.0,0.0,98.0,5664.0,18,18,100.0,0.0,100.0,0.0,200.0,0.0,100.0,27523.0,100.0,43954468400.0,100.0,117076846773.0
2019-01-11,Z304KCYQ,ST4000DM000,4000787030016,0,116.0,113740512.0,91.0,0.0,100.0,16.0,100.0,0.0,84.0,244224719.0,69.0,27590.0,100.0,0.0,100.0,16.0,100.0,0.0,100.0,0.0,100.0,0.0,100.0,0.0,100.0,0.0,81.0,19.0,100.0,0.0,100.0,0.0,98.0,5668.0,19.0,19.0,100.0,0.0,100.0,0.0,200.0,0.0,100.0,27539.0,100.0,43955148120.0,100.0,117101925560.0
2019-01-12,Z304KCYQ,ST4000DM000,4000787030016,0,119,204178496,91.0,0.0,100.0,16.0,100.0,0.0,84.0,245893817.0,69,27614,100.0,0.0,100,16,100.0,0.0,100.0,0.0,100.0,0.0,100.0,0.0,100.0,0.0,82.0,18.0,100.0,0.0,100.0,0.0,98.0,5672.0,18,18,100.0,0.0,100.0,0.0,200.0,0.0,100.0,27562.0,100.0,43959423704.0,100.0,117240931338.0
2019-01-13,Z304KCYQ,ST4000DM000,4000787030016,0,117,149907896,91.0,0.0,100.0,16.0,100.0,0.0,84.0,246585311.0,69,27637,100.0,0.0,100,16,100.0,0.0,100.0,0.0,100.0,0.0,100.0,0.0,100.0,0.0,80.0,20.0,100.0,0.0,100.0,0.0,98.0,5674.0,20,20,100.0,0.0,100.0,0.0,200.0,0.0,100.0,27586.0,100.0,43962252912.0,100.0,117366145536.0
2019-01-14,Z304KCYQ,ST4000DM000,4000787030016,0,120,236973312,91.0,0.0,100.0,16.0,100.0,0.0,84.0,247774053.0,69,27661,100.0,0.0,100,16,100.0,0.0,100.0,0.0,100.0,0.0,100.0,0.0,100.0,0.0,81.0,19.0,100.0,0.0,100.0,0.0,98.0,5684.0,19,19,100.0,0.0,100.0,0.0,200.0,0.0,100.0,27609.0,100.0,43966633016.0,100.0,117478777508.0
2019-01-15,Z304KCYQ,ST4000DM000,4000787030016,0,116.0,103796232.0,91.0,0.0,100.0,16.0,100.0,0.0,84.0,248430203.0,69.0,27684.0,100.0,0.0,100.0,16.0,100.0,0.0,100.0,0.0,100.0,0.0,100.0,0.0,100.0,0.0,80.0,20.0,100.0,0.0,100.0,0.0,98.0,5687.0,20.0,20.0,100.0,0.0,100.0,0.0,200.0,0.0,100.0,27633.0,100.0,43968934792.0,100.0,117611049901.0
2019-01-16,Z304KCYQ,ST4000DM000,4000787030016,0,117,160638944,91.0,0.0,100.0,16.0,100.0,0.0,84.0,248984631.0,69,27708,100.0,0.0,100,16,100.0,0.0,100.0,0.0,100.0,0.0,100.0,0.0,100.0,0.0,82.0,18.0,100.0,0.0,100,0,98.0,5737.0,18,18,100.0,0.0,100.0,0.0,200.0,0.0,100.0,27656.0,100.0,43971263000.0,100.0,117762245556.0
2019-01-17,Z304KCYQ,ST4000DM000,4000787030016,0,109,22353864,91.0,0.0,100.0,16.0,100.0,0.0,84.0,250426306.0,69,27743,100.0,0.0,100,16,100.0,0.0,100.0,0.0,100.0,0.0,100.0,0.0,100.0,0.0,82.0,18.0,100.0,0.0,100,0,98.0,5738.0,18,18,100.0,0.0,100.0,0.0,200.0,0.0,100.0,27692.0,100.0,43977913560.0,100.0,118000471681.0
2019-01-18,Z304KCYQ,ST4000DM000,4000787030016,0,115,92819232,91.0,0.0,100.0,16.0,100.0,0.0,84.0,251276378.0,69,27767,100.0,0.0,100,16,100.0,0.0,100.0,0.0,100.0,0.0,100.0,0.0,100.0,0.0,82.0,18.0,100.0,0.0,100,0,98.0,5742.0,18,18,100.0,0.0,100.0,0.0,200.0,0.0,100.0,27715.0,100.0,43981460992.0,100.0,118188874092.0
2019-01-19,Z304KCYQ,ST4000DM000,4000787030016,0,114,73929808,91.0,0.0,100.0,16.0,100.0,0.0,84.0,251949218.0,69,27791,100.0,0.0,100,16,100.0,0.0,100.0,0.0,100.0,0.0,100.0,0.0,100.0,0.0,82.0,18.0,100.0,0.0,100,0,98.0,5746.0,18,18,100.0,0.0,100.0,0.0,200.0,0.0,100.0,27739.0,100.0,43985029496.0,100.0,118361848912.0
2019-01-20,Z304KCYQ,ST4000DM000,4000787030016,0,117,141098296,91.0,0.0,100.0,16.0,100.0,0.0,84.0,252300423.0,69,27814,100.0,0.0,100,16,100.0,0.0,100.0,0.0,100.0,0.0,100.0,0.0,100.0,0.0,82.0,18.0,100.0,0.0,100,0,98.0,5751.0,18,18,100.0,0.0,100.0,0.0,200.0,0.0,100.0,27762.0,100.0,43987578576.0,100.0,118508210947.0
2019-01-21,Z304KCYQ,ST4000DM000,4000787030016,0,114,61422792,91.0,0.0,100.0,16.0,100.0,0.0,84.0,253378635.0,69,27838,100.0,0.0,100,16,100.0,0.0,100.0,0.0,100.0,0.0,100.0,0.0,100.0,0.0,83.0,17.0,100.0,0.0,100,0,98.0,5769.0,17,17,100.0,0.0,100.0,0.0,200.0,0.0,100.0,27786.0,100.0,43992087040.0,100.0,118652200977.0
2019-01-22,Z304KCYQ,ST4000DM000,4000787030016,0,113.0,55634736.0,91.0,0.0,100.0,16.0,100.0,0.0,84.0,253994626.0,69.0,27861.0,100.0,0.0,100.0,16.0,100.0,0.0,100.0,0.0,100.0,0.0,100.0,0.0,100.0,0.0,81.0,19.0,100.0,0.0,100.0,0.0,98.0,5772.0,19.0,19.0,100.0,0.0,100.0,0.0,200.0,0.0,100.0,27809.0,100.0,43995137816.0,100.0,118766116779.0
2019-01-23,Z304KCYQ,ST4000DM000,4000787030016,0,116.0,109495488.0,91.0,0.0,100.0,16.0,100.0,0.0,84.0,254969530.0,69.0,27885.0,100.0,0.0,100.0,16.0,100.0,0.0,100.0,0.0,100.0,0.0,100.0,0.0,100.0,0.0,82.0,18.0,100.0,0.0,100.0,0.0,98.0,5775.0,18.0,18.0,100.0,0.0,100.0,0.0,200.0,0.0,100.0,27833.0,100.0,43998143336.0,100.0,118934702139.0
2019-01-24,Z304KCYQ,ST4000DM000,4000787030016,0,117.0,134616544.0,91.0,0.0,100.0,16.0,100.0,0.0,84.0,256310621.0,69.0,27908.0,100.0,0.0,100.0,16.0,100.0,0.0,100.0,0.0,100.0,0.0,100.0,0.0,100.0,0.0,80.0,20.0,100.0,0.0,100.0,0.0,98.0,5780.0,20.0,20.0,100.0,0.0,100.0,0.0,200.0,0.0,100.0,27856.0,100.0,44000322536.0,100.0,119085915379.0
2019-01-25,Z304KCYQ,ST4000DM000,4000787030016,0,115,86992440,91.0,0.0,100.0,16.0,100.0,0.0,84.0,258494085.0,69,27932,100.0,0.0,100,16,100.0,0.0,100.0,0.0,100.0,0.0,100.0,0.0,100.0,0.0,82.0,18.0,100.0,0.0,100,0,98.0,5783.0,18,18,100.0,0.0,100.0,0.0,200.0,0.0,100.0,27880.0,100.0,44005527216.0,100.0,119281343145.0
2019-01-26,Z304KCYQ,ST4000DM000,4000787030016,0,110,28777032,91.0,0.0,100.0,16.0,100.0,0.0,84.0,260127720.0,69,27967,100.0,0.0,100,16,100.0,0.0,100.0,0.0,100.0,0.0,100.0,0.0,100.0,0.0,82.0,18.0,100.0,0.0,100,0,98.0,5785.0,18,18,100.0,0.0,100.0,0.0,200.0,0.0,100.0,27915.0,100.0,44008366288.0,100.0,119520779092.0
2019-01-27,Z304KCYQ,ST4000DM000,4000787030016,0,117,136369904,91.0,0.0,100.0,16.0,100.0,0.0,84.0,260778409.0,69,27990,100.0,0.0,100,16,100.0,0.0,100.0,0.0,100.0,0.0,100.0,0.0,100.0,0.0,81.0,19.0,100.0,0.0,100,0,98.0,5789.0,19,19,100.0,0.0,100.0,0.0,200.0,0.0,100.0,27938.0,100.0,44010599792.0,100.0,119639925522.0
2019-01-28,Z304KCYQ,ST4000DM000,4000787030016,0,118,184352664,91.0,0.0,100.0,16.0,100.0,0.0,84.0,262095973.0,69,28014,100.0,0.0,100,16,100.0,0.0,100.0,0.0,100.0,0.0,100.0,0.0,100.0,0.0,82.0,18.0,100.0,0.0,100,0,98.0,5807.0,18,18,100.0,0.0,100.0,0.0,200.0,0.0,100.0,27961.0,100.0,44014921736.0,100.0,119768337802.0
2019-01-29,Z304KCYQ,ST4000DM000,4000787030016,0,117,154174608,91.0,0.0,100.0,16.0,100.0,0.0,84.0,263063353.0,68,28037,100.0,0.0,100,16,100.0,0.0,100.0,0.0,100.0,0.0,100.0,0.0,100.0,0.0,82.0,18.0,100.0,0.0,100,0,98.0,5807.0,18,18,100.0,0.0,100.0,0.0,200.0,0.0,100.0,27985.0,100.0,44016802520.0,100.0,119911331843.0
2019-01-30,Z304KCYQ,ST4000DM000,4000787030016,0,120,236390648,91.0,0.0,100.0,16.0,100.0,0.0,84.0,264012014.0,68,28060,100.0,0.0,100,16,100.0,0.0,100.0,0.0,100.0,0.0,100.0,0.0,100.0,0.0,81.0,19.0,100.0,0.0,100,0,98.0,5810.0,19,19,100.0,0.0,100.0,0.0,200.0,0.0,100.0,28008.0,100.0,44018671472.0,100.0,120063015638.0
2019-01-31,Z304KCYQ,ST4000DM000,4000787030016,0,114,76343712,91.0,0.0,100.0,16.0,100.0,0.0,84.0,264680402.0,68,28084,100.0,0.0,100,16,100.0,0.0,100.0,0.0,100.0,0.0,100.0,0.0,100.0,0.0,82.0,18.0,100.0,0.0,100,0,98.0,5813.0,18,18,100.0,0.0,100.0,0.0,200.0,0.0,100.0,28032.0,100.0,44020221368.0,100.0,120196082504.0
2019-02-01,Z304KCYQ,ST4000DM000,4000787030016,0,118,178375544,91.0,0.0,100.0,16.0,100.0,0.0,84.0,267001740.0,68,28107,100.0,0.0,100,16,100.0,0.0,100.0,0.0,100.0,0.0,100.0,0.0,100.0,0.0,82.0,18.0,100.0,0.0,100,0,98.0,5815.0,18,18,100.0,0.0,100.0,0.0,200.0,0.0,100.0,28055.0,100.0,44026269704.0,100.0,120414533335.0
2019-02-02,Z304KCYQ,ST4000DM000,4000787030016,0,119.0,223505264.0,91.0,0.0,100.0,16.0,100.0,0.0,84.0,268094640.0,68.0,28130.0,100.0,0.0,100.0,16.0,100.0,0.0,100.0,0.0,100.0,0.0,100.0,0.0,100.0,0.0,82.0,18.0,100.0,0.0,100.0,0.0,98.0,5819.0,18.0,18.0,100.0,0.0,100.0,0.0,200.0,0.0,100.0,28078.0,100.0,44028677328.0,100.0,120596333537.0
2019-02-03,Z304KCYQ,ST4000DM000,4000787030016,0,120,1898632,91.0,0.0,100.0,16.0,100.0,0.0,84.0,268975837.0,68,28154,100.0,0.0,100,16,100.0,0.0,100.0,0.0,100.0,0.0,100.0,0.0,100.0,0.0,81.0,19.0,100.0,0.0,100,0,98.0,5820.0,19,19,100.0,0.0,100.0,0.0,200.0,0.0,100.0,28102.0,100.0,44030598712.0,100.0,120763931334.0
2019-02-04,Z304KCYQ,ST4000DM000,4000787030016,0,117,151081512,91.0,0.0,100.0,16.0,100.0,0.0,84.0,270281480.0,68,28177,100.0,0.0,100,16,100.0,0.0,100.0,0.0,100.0,0.0,100.0,0.0,100.0,0.0,81.0,19.0,100.0,0.0,100,0,98.0,5838.0,19,19,100.0,0.0,100.0,0.0,200.0,0.0,100.0,28125.0,100.0,44034554448.0,100.0,120906970974.0
2019-02-05,Z304KCYQ,ST4000DM000,4000787030016,0,108.0,14883088.0,91.0,0.0,100.0,16.0,100.0,0.0,84.0,271025084.0,68.0,28201.0,100.0,0.0,100.0,16.0,100.0,0.0,100.0,0.0,100.0,0.0,100.0,0.0,100.0,0.0,81.0,19.0,100.0,0.0,100.0,0.0,98.0,5841.0,19.0,19.0,100.0,0.0,100.0,0.0,200.0,0.0,100.0,28148.0,100.0,44037254464.0,100.0,121051701727.0
2019-02-06,Z304KCYQ,ST4000DM000,4000787030016,0,114,59302960,91.0,0.0,100.0,16.0,100.0,0.0,84.0,271690795.0,68,28224,100.0,0.0,100,16,100.0,0.0,100.0,0.0,100.0,0.0,100.0,0.0,100.0,0.0,81.0,19.0,100.0,0.0,100,0,98.0,5845.0,19,19,100.0,0.0,100.0,0.0,200.0,0.0,100.0,28172.0,100.0,44039438128.0,100.0,121165601081.0
2019-02-07,Z304KCYQ,ST4000DM000,4000787030016,0,119.0,227445496.0,91.0,0.0,100.0,16.0,100.0,0.0,84.0,272460652.0,68.0,28247.0,100.0,0.0,100.0,16.0,100.0,0.0,100.0,0.0,100.0,0.0,100.0,0.0,100.0,0.0,82.0,18.0,100.0,0.0,100.0,0.0,98.0,5848.0,18.0,18.0,100.0,0.0,100.0,0.0,200.0,0.0,100.0,28195.0,100.0,44041335600.0,100.0,121296061974.0
2019-02-08,Z304KCYQ,ST4000DM000,4000787030016,0,117,153056792,91.0,0.0,100.0,16.0,100.0,0.0,84.0,274517007.0,68,28271,100.0,0.0,100,16,100.0,0.0,100.0,0.0,100.0,0.0,100.0,0.0,100.0,0.0,81.0,19.0,100.0,0.0,100,0,98.0,5850.0,19,19,100.0,0.0,100.0,0.0,200.0,0.0,100.0,28219.0,100.0,44046114896.0,100.0,121470338424.0
2019-02-09,Z304KCYQ,ST4000DM000,4000787030016,0,103.0,6082608.0,91.0,0.0,100.0,16.0,100.0,0.0,84.0,275957420.0,68.0,28294.0,100.0,0.0,100.0,16.0,100.0,0.0,100.0,0.0,100.0,0.0,100.0,0.0,100.0,0.0,80.0,20.0,100.0,0.0,100.0,0.0,98.0,5853.0,20.0,20.0,100.0,0.0,100.0,0.0,200.0,0.0,100.0,28242.0,100.0,44048941272.0,100.0,121620757017.0
2019-02-10,Z304KCYQ,ST4000DM000,4000787030016,0,117,157255112,91.0,0.0,100.0,16.0,100.0,0.0,84.0,277083747.0,68,28317,100.0,0.0,100,16,100.0,0.0,100.0,0.0,100.0,0.0,100.0,0.0,100.0,0.0,80.0,20.0,100.0,0.0,100,0,98.0,5856.0,20,20,100.0,0.0,100.0,0.0,200.0,0.0,100.0,28265.0,100.0,44050649616.0,100.0,121774767820.0
2019-02-11,Z304KCYQ,ST4000DM000,4000787030016,0,114,83150048,91.0,0.0,100.0,16.0,100.0,0.0,84.0,278152562.0,68,28341,100.0,0.0,100,16,100.0,0.0,100.0,0.0,100.0,0.0,100.0,0.0,100.0,0.0,81.0,19.0,100.0,0.0,100,0,98.0,5881.0,19,19,100.0,0.0,100.0,0.0,200.0,0.0,100.0,28289.0,100.0,44054595304.0,100.0,121852791666.0
2019-02-12,Z304KCYQ,ST4000DM000,4000787030016,0,115.0,100507784.0,91.0,0.0,100.0,16.0,100.0,0.0,84.0,278705960.0,68.0,28364.0,100.0,0.0,100.0,16.0,100.0,0.0,100.0,0.0,100.0,0.0,100.0,0.0,100.0,0.0,81.0,19.0,100.0,0.0,100.0,0.0,98.0,5885.0,19.0,19.0,100.0,0.0,100.0,0.0,200.0,0.0,100.0,28312.0,100.0,44056292032.0,100.0,121946343919.0
2019-02-13,Z304KCYQ,ST4000DM000,4000787030016,0,120,235301144,91.0,0.0,100.0,16.0,100.0,0.0,84.0,279363183.0,68,28388,100.0,0.0,100,16,100.0,0.0,100.0,0.0,100.0,0.0,100.0,0.0,100.0,0.0,82.0,18.0,100.0,0.0,100,0,98.0,5887.0,18,18,100.0,0.0,100.0,0.0,200.0,0.0,100.0,28335.0,100.0,44058098160.0,100.0,122064506183.0
2019-02-14,Z304KCYQ,ST4000DM000,4000787030016,0,114,65133808,91.0,0.0,100.0,16.0,100.0,0.0,84.0,280016343.0,68,28411,100.0,0.0,100,16,100.0,0.0,100.0,0.0,100.0,0.0,100.0,0.0,100.0,0.0,82.0,18.0,100.0,0.0,100,0,98.0,5890.0,18,18,100.0,0.0,100.0,0.0,200.0,0.0,100.0,28359.0,100.0,44060055768.0,100.0,122185573813.0
2019-02-15,Z304KCYQ,ST4000DM000,4000787030016,0,113.0,57594400.0,91.0,0.0,100.0,16.0,100.0,0.0,84.0,281463805.0,68.0,28435.0,100.0,0.0,100.0,16.0,100.0,0.0,100.0,0.0,100.0,0.0,100.0,0.0,100.0,0.0,81.0,19.0,100.0,0.0,100.0,0.0,98.0,5892.0,19.0,19.0,100.0,0.0,100.0,0.0,200.0,0.0,100.0,28383.0,100.0,44065041336.0,100.0,122324294145.0
2019-02-16,Z304KCYQ,ST4000DM000,4000787030016,0,114.0,75404128.0,91.0,0.0,100.0,16.0,100.0,0.0,84.0,282646386.0,68.0,28458.0,100.0,0.0,100.0,16.0,100.0,0.0,100.0,0.0,100.0,0.0,100.0,0.0,100.0,0.0,81.0,19.0,100.0,0.0,100.0,0.0,98.0,5926.0,19.0,19.0,100.0,0.0,100.0,0.0,200.0,0.0,100.0,28406.0,100.0,44067588296.0,100.0,122491524259.0
2019-02-17,Z304KCYQ,ST4000DM000,4000787030016,0,117,141851128,91.0,0.0,100.0,16.0,100.0,0.0,84.0,283032604.0,68,28482,100.0,0.0,100,16,100.0,0.0,100.0,0.0,100.0,0.0,100.0,0.0,100.0,0.0,81.0,19.0,100.0,0.0,100,0,98.0,5927.0,19,19,100.0,0.0,100.0,0.0,200.0,0.0,100.0,28429.0,100.0,44071039800.0,100.0,122646353469.0
2019-02-18,Z304KCYQ,ST4000DM000,4000787030016,0,114,58988600,91.0,0.0,100.0,16.0,100.0,0.0,84.0,284222588.0,68,28518,100.0,0.0,100,16,100.0,0.0,100.0,0.0,100.0,0.0,100.0,0.0,100.0,0.0,79.0,21.0,100.0,0.0,100,0,98.0,5944.0,21,21,100.0,0.0,100.0,0.0,200.0,0.0,100.0,28465.0,100.0,44076599528.0,100.0,122875184638.0
2019-02-19,Z304KCYQ,ST4000DM000,4000787030016,0,115,98316928,91.0,0.0,100.0,16.0,100.0,0.0,84.0,284631833.0,68,28541,100.0,0.0,100,16,100.0,0.0,100.0,0.0,100.0,0.0,100.0,0.0,100.0,0.0,81.0,19.0,100.0,0.0,100,0,98.0,5945.0,19,19,100.0,0.0,100.0,0.0,200.0,0.0,100.0,28488.0,100.0,44078596240.0,100.0,123044162387.0
2019-02-20,Z304KCYQ,ST4000DM000,4000787030016,0,109.0,22934760.0,91.0,0.0,100.0,16.0,100.0,0.0,84.0,285027590.0,68.0,28564.0,100.0,0.0,100.0,16.0,100.0,0.0,100.0,0.0,100.0,0.0,100.0,0.0,100.0,0.0,80.0,20.0,100.0,0.0,100.0,0.0,98.0,5948.0,20.0,20.0,100.0,0.0,100.0,0.0,200.0,0.0,100.0,28512.0,100.0,44083228224.0,100.0,123196992700.0
2019-02-21,Z304KCYQ,ST4000DM000,4000787030016,0,112,44803104,91.0,0.0,100.0,16.0,100.0,0.0,84.0,285633407.0,68,28588,100.0,0.0,100,16,100.0,0.0,100.0,0.0,100.0,0.0,100.0,0.0,100.0,0.0,81.0,19.0,100.0,0.0,100,0,98.0,5953.0,19,19,100.0,0.0,100.0,0.0,200.0,0.0,100.0,28535.0,100.0,44086177776.0,100.0,123363117001.0
2019-02-22,Z304KCYQ,ST4000DM000,4000787030016,0,116,103643896,91.0,0.0,100.0,16.0,100.0,0.0,84.0,286890313.0,68,28611,100.0,0.0,100,16,100.0,0.0,100.0,0.0,100.0,0.0,100.0,0.0,100.0,0.0,80.0,20.0,100.0,0.0,100,0,98.0,5955.0,20,20,100.0,0.0,100.0,0.0,200.0,0.0,100.0,28559.0,100.0,44091094416.0,100.0,123492571757.0
2019-02-23,Z304KCYQ,ST4000DM000,4000787030016,0,116.0,102792304.0,91.0,0.0,100.0,16.0,100.0,0.0,84.0,287972776.0,68.0,28635.0,100.0,0.0,100.0,16.0,100.0,0.0,100.0,0.0,100.0,0.0,100.0,0.0,100.0,0.0,80.0,20.0,100.0,0.0,100.0,0.0,98.0,5957.0,20.0,20.0,100.0,0.0,100.0,0.0,200.0,0.0,100.0,28582.0,100.0,44093753008.0,100.0,123658760404.0
2019-02-24,Z304KCYQ,ST4000DM000,4000787030016,0,118,190992856,91.0,0.0,100.0,16.0,100.0,0.0,84.0,289955602.0,68,28658,100.0,0.0,100,16,100.0,0.0,100.0,0.0,100.0,0.0,100.0,0.0,100.0,0.0,80.0,20.0,100.0,0.0,100,0,98.0,5960.0,20,20,100.0,0.0,100.0,0.0,200.0,0.0,100.0,28606.0,100.0,44098963824.0,100.0,123821355509.0
2019-02-25,Z304KCYQ,ST4000DM000,4000787030016,0,117,151779768,91.0,0.0,100.0,16.0,100.0,0.0,84.0,291616392.0,68,28682,100.0,0.0,100,16,100.0,0.0,100.0,0.0,100.0,0.0,100.0,0.0,100.0,0.0,81.0,19.0,100.0,0.0,100,0,98.0,5982.0,19,19,100.0,0.0,100.0,0.0,200.0,0.0,100.0,28629.0,100.0,44103154776.0,100.0,123982121549.0
2019-02-26,Z304KCYQ,ST4000DM000,4000787030016,0,114,67055312,91.0,0.0,100.0,16.0,100.0,0.0,84.0,292233016.0,68,28705,100.0,0.0,100,16,100.0,0.0,100.0,0.0,100.0,0.0,100.0,0.0,100.0,0.0,80.0,20.0,100.0,0.0,100,0,98.0,5986.0,20,20,100.0,0.0,100.0,0.0,200.0,0.0,100.0,28652.0,100.0,44104931760.0,100.0,124127033947.0
2019-02-27,Z304KCYQ,ST4000DM000,4000787030016,0,111.0,39772856.0,91.0,0.0,100.0,16.0,100.0,0.0,84.0,292816920.0,68.0,28729.0,100.0,0.0,100.0,16.0,100.0,0.0,100.0,0.0,100.0,0.0,100.0,0.0,100.0,0.0,81.0,19.0,100.0,0.0,100.0,0.0,98.0,5990.0,19.0,19.0,100.0,0.0,100.0,0.0,200.0,0.0,100.0,28676.0,100.0,44106599808.0,100.0,124245756247.0
2019-02-28,Z304KCYQ,ST4000DM000,4000787030016,0,112,45972568,91.0,0.0,100.0,16.0,100.0,0.0,84.0,293257062.0,68,28741,100.0,0.0,100,16,100.0,0.0,100.0,0.0,100.0,0.0,100.0,0.0,100.0,0.0,82.0,18.0,100.0,0.0,100,0,98.0,5993.0,18,18,100.0,0.0,100.0,0.0,200.0,0.0,100.0,28687.0,100.0,44107440224.0,100.0,124327172995.0
2019-03-01,Z304KCYQ,ST4000DM000,4000787030016,0,114.0,61903288.0,91.0,0.0,100.0,16.0,100.0,0.0,84.0,295180776.0,68.0,28776.0,100.0,0.0,100.0,16.0,100.0,0.0,100.0,0.0,100.0,0.0,100.0,0.0,100.0,0.0,81.0,19.0,100.0,0.0,100.0,0.0,97.0,6002.0,19.0,19.0,100.0,0.0,100.0,0.0,200.0,0.0,100.0,28723.0,100.0,44112710744.0,100.0,124547725280.0
2019-03-02,Z304KCYQ,ST4000DM000,4000787030016,0,105.0,10290968.0,91.0,0.0,100.0,16.0,100.0,0.0,84.0,296262550.0,68.0,28799.0,100.0,0.0,100.0,16.0,100.0,0.0,100.0,0.0,100.0,0.0,100.0,0.0,100.0,0.0,82.0,18.0,100.0,0.0,100.0,0.0,97.0,6005.0,18.0,18.0,100.0,0.0,100.0,0.0,200.0,0.0,100.0,28746.0,100.0,44115053200.0,100.0,124702683394.0
2019-03-03,Z304KCYQ,ST4000DM000,4000787030016,0,119.0,216108320.0,91.0,0.0,100.0,16.0,100.0,0.0,84.0,297777977.0,68.0,28823.0,100.0,0.0,100.0,16.0,100.0,0.0,100.0,0.0,100.0,0.0,100.0,0.0,100.0,0.0,82.0,18.0,100.0,0.0,100.0,0.0,97.0,6009.0,18.0,18.0,100.0,0.0,100.0,0.0,200.0,0.0,100.0,28770.0,100.0,44120769232.0,100.0,124853364512.0
2019-03-04,Z304KCYQ,ST4000DM000,4000787030016,0,120,243622648,91.0,0.0,100.0,16.0,100.0,0.0,84.0,299156434.0,68,28846,100.0,0.0,100,16,100.0,0.0,100.0,0.0,100.0,0.0,100.0,0.0,100.0,0.0,82.0,18.0,100.0,0.0,100,0,97.0,6024.0,18,18,100.0,0.0,100.0,0.0,200.0,0.0,100.0,28793.0,100.0,44127099072.0,100.0,124994743466.0
2019-03-05,Z304KCYQ,ST4000DM000,4000787030016,0,117.0,126289576.0,91.0,0.0,100.0,16.0,100.0,0.0,84.0,300351232.0,68.0,28870.0,100.0,0.0,100.0,16.0,100.0,0.0,100.0,0.0,100.0,0.0,100.0,0.0,100.0,0.0,83.0,17.0,100.0,0.0,100.0,0.0,97.0,6026.0,17.0,17.0,100.0,0.0,100.0,0.0,200.0,0.0,100.0,28817.0,100.0,44129087888.0,100.0,125208066832.0
2019-03-06,Z304KCYQ,ST4000DM000,4000787030016,0,114.0,81944456.0,91.0,0.0,100.0,16.0,100.0,0.0,84.0,301309498.0,68.0,28893.0,100.0,0.0,100.0,16.0,100.0,0.0,100.0,0.0,100.0,0.0,100.0,0.0,100.0,0.0,82.0,18.0,100.0,0.0,100.0,0.0,97.0,6031.0,18.0,18.0,100.0,0.0,100.0,0.0,200.0,0.0,100.0,28840.0,100.0,44130654184.0,100.0,125385467526.0
2019-03-07,Z304KCYQ,ST4000DM000,4000787030016,0,117.0,163584560.0,91.0,0.0,100.0,16.0,100.0,0.0,84.0,302017752.0,67.0,28917.0,100.0,0.0,100.0,16.0,100.0,0.0,100.0,0.0,100.0,0.0,100.0,0.0,100.0,0.0,82.0,18.0,100.0,0.0,100.0,0.0,97.0,6034.0,18.0,18.0,100.0,0.0,100.0,0.0,200.0,0.0,100.0,28864.0,100.0,44132121224.0,100.0,125532042237.0
2019-03-08,Z304KCYQ,ST4000DM000,4000787030016,0,112.0,42824552.0,91.0,0.0,100.0,16.0,100.0,0.0,84.0,302872453.0,67.0,28940.0,100.0,0.0,100.0,16.0,100.0,0.0,100.0,0.0,100.0,0.0,100.0,0.0,100.0,0.0,82.0,18.0,100.0,0.0,100.0,0.0,97.0,6039.0,18.0,18.0,100.0,0.0,100.0,0.0,200.0,0.0,100.0,28887.0,100.0,44134710552.0,100.0,125681606936.0
2019-03-09,Z304KCYQ,ST4000DM000,4000787030016,0,117.0,141351232.0,91.0,0.0,100.0,16.0,100.0,0.0,84.0,304443977.0,67.0,28964.0,100.0,0.0,100.0,16.0,100.0,0.0,100.0,0.0,100.0,0.0,100.0,0.0,100.0,0.0,81.0,19.0,100.0,0.0,100.0,0.0,97.0,6041.0,19.0,19.0,100.0,0.0,100.0,0.0,200.0,0.0,100.0,28910.0,100.0,44138686704.0,100.0,125814925739.0
2019-03-10,Z304KCYQ,ST4000DM000,4000787030016,0,118.0,198273616.0,91.0,0.0,100.0,16.0,100.0,0.0,84.0,305610005.0,67.0,28987.0,100.0,0.0,100.0,16.0,100.0,0.0,100.0,0.0,100.0,0.0,100.0,0.0,100.0,0.0,81.0,19.0,100.0,0.0,100.0,0.0,97.0,6044.0,19.0,19.0,100.0,0.0,100.0,0.0,200.0,0.0,100.0,28934.0,100.0,44140749640.0,100.0,125958351624.0
2019-03-11,Z304KCYQ,ST4000DM000,4000787030016,0,119.0,225469584.0,91.0,0.0,100.0,16.0,100.0,0.0,84.0,307163268.0,67.0,29011.0,100.0,0.0,100.0,16.0,100.0,0.0,100.0,0.0,100.0,0.0,100.0,0.0,100.0,0.0,82.0,18.0,100.0,0.0,100.0,0.0,97.0,6065.0,18.0,18.0,100.0,0.0,100.0,0.0,200.0,0.0,100.0,28958.0,100.0,44144999688.0,100.0,126097703523.0
2019-03-12,Z304KCYQ,ST4000DM000,4000787030016,0,119.0,218145872.0,91.0,0.0,100.0,16.0,100.0,0.0,84.0,308407716.0,67.0,29034.0,100.0,0.0,100.0,16.0,100.0,0.0,100.0,0.0,100.0,0.0,100.0,0.0,100.0,0.0,81.0,19.0,100.0,0.0,100.0,0.0,97.0,6068.0,19.0,19.0,100.0,0.0,100.0,0.0,200.0,0.0,100.0,28981.0,100.0,44147039504.0,100.0,126243301895.0
2019-03-13,Z304KCYQ,ST4000DM000,4000787030016,0,114.0,72110296.0,91.0,0.0,100.0,16.0,100.0,0.0,84.0,309902841.0,67.0,29070.0,100.0,0.0,100.0,16.0,100.0,0.0,100.0,0.0,100.0,0.0,100.0,0.0,100.0,0.0,82.0,18.0,100.0,0.0,100.0,0.0,97.0,6073.0,18.0,18.0,100.0,0.0,100.0,0.0,200.0,0.0,100.0,29017.0,100.0,44149989880.0,100.0,126452905945.0
2019-03-14,Z304KCYQ,ST4000DM000,4000787030016,0,111.0,33269592.0,91.0,0.0,100.0,16.0,100.0,0.0,84.0,310317323.0,67.0,29093.0,100.0,0.0,100.0,16.0,100.0,0.0,100.0,0.0,100.0,0.0,100.0,0.0,100.0,0.0,82.0,18.0,100.0,0.0,100.0,0.0,97.0,6077.0,18.0,18.0,100.0,0.0,100.0,0.0,200.0,0.0,100.0,29040.0,100.0,44151453176.0,100.0,126520337017.0
2019-03-15,Z304KCYQ,ST4000DM000,4000787030016,0,118.0,185855272.0,91.0,0.0,100.0,16.0,100.0,0.0,84.0,311715235.0,67.0,29117.0,100.0,0.0,100.0,16.0,100.0,0.0,100.0,0.0,100.0,0.0,100.0,0.0,100.0,0.0,83.0,17.0,100.0,0.0,100.0,0.0,97.0,6079.0,17.0,17.0,100.0,0.0,100.0,0.0,200.0,0.0,100.0,29064.0,100.0,44156159680.0,100.0,126661645788.0
2019-03-16,Z304KCYQ,ST4000DM000,4000787030016,0,117.0,148861592.0,91.0,0.0,100.0,16.0,100.0,0.0,84.0,312289949.0,67.0,29141.0,100.0,0.0,100.0,16.0,100.0,0.0,100.0,0.0,100.0,0.0,100.0,0.0,100.0,0.0,83.0,17.0,100.0,0.0,100.0,0.0,97.0,6081.0,17.0,17.0,100.0,0.0,100.0,0.0,200.0,0.0,100.0,29087.0,100.0,44157709088.0,100.0,126773580721.0
2019-03-17,Z304KCYQ,ST4000DM000,4000787030016,0,119.0,231323200.0,91.0,0.0,100.0,16.0,100.0,0.0,84.0,313795799.0,67.0,29164.0,100.0,0.0,100.0,16.0,100.0,0.0,100.0,0.0,100.0,0.0,100.0,0.0,100.0,0.0,82.0,18.0,100.0,0.0,100.0,0.0,97.0,6083.0,18.0,18.0,100.0,0.0,100.0,0.0,200.0,0.0,100.0,29111.0,100.0,44162209032.0,100.0,126911468825.0
2019-03-18,Z304KCYQ,ST4000DM000,4000787030016,0,120.0,1391520.0,91.0,0.0,100.0,16.0,100.0,0.0,84.0,314902922.0,67.0,29188.0,100.0,0.0,100.0,16.0,100.0,0.0,100.0,0.0,100.0,0.0,100.0,0.0,100.0,0.0,82.0,18.0,100.0,0.0,100.0,0.0,97.0,6131.0,18.0,18.0,100.0,0.0,100.0,0.0,200.0,0.0,100.0,29134.0,100.0,44164470984.0,100.0,127050343014.0
2019-03-19,Z304KCYQ,ST4000DM000,4000787030016,0,115.0,86472880.0,91.0,0.0,100.0,16.0,100.0,0.0,84.0,315302198.0,67.0,29211.0,100.0,0.0,100.0,16.0,100.0,0.0,100.0,0.0,100.0,0.0,100.0,0.0,100.0,0.0,83.0,17.0,100.0,0.0,100.0,0.0,97.0,6135.0,17.0,17.0,100.0,0.0,100.0,0.0,200.0,0.0,100.0,29157.0,100.0,44168099048.0,100.0,127210920315.0
2019-03-20,Z304KCYQ,ST4000DM000,4000787030016,0,117.0,143036256.0,91.0,0.0,100.0,16.0,100.0,0.0,84.0,315686316.0,67.0,29235.0,100.0,0.0,100.0,16.0,100.0,0.0,100.0,0.0,100.0,0.0,100.0,0.0,100.0,0.0,82.0,18.0,100.0,0.0,100.0,0.0,97.0,6137.0,18.0,18.0,100.0,0.0,100.0,0.0,200.0,0.0,100.0,29181.0,100.0,44170520224.0,100.0,127360765567.0
2019-03-21,Z304KCYQ,ST4000DM000,4000787030016,0,108.0,15459448.0,91.0,0.0,100.0,16.0,100.0,0.0,84.0,316137926.0,67.0,29258.0,100.0,0.0,100.0,16.0,100.0,0.0,100.0,0.0,100.0,0.0,100.0,0.0,100.0,0.0,81.0,19.0,100.0,0.0,100.0,0.0,97.0,6140.0,19.0,19.0,100.0,0.0,100.0,0.0,200.0,0.0,100.0,29205.0,100.0,44173097896.0,100.0,127534705031.0
2019-03-22,Z304KCYQ,ST4000DM000,4000787030016,0,118.0,201049016.0,91.0,0.0,100.0,16.0,100.0,0.0,84.0,317238030.0,67.0,29282.0,100.0,0.0,100.0,16.0,100.0,0.0,100.0,0.0,100.0,0.0,100.0,0.0,100.0,0.0,82.0,18.0,100.0,0.0,100.0,0.0,97.0,6145.0,18.0,18.0,100.0,0.0,100.0,0.0,200.0,0.0,100.0,29228.0,100.0,44178056536.0,100.0,127706626105.0
2019-03-23,Z304KCYQ,ST4000DM000,4000787030016,0,117.0,139702400.0,91.0,0.0,100.0,16.0,100.0,0.0,84.0,317640347.0,67.0,29306.0,100.0,0.0,100.0,16.0,100.0,0.0,100.0,0.0,100.0,0.0,100.0,0.0,100.0,0.0,80.0,20.0,100.0,0.0,100.0,0.0,97.0,6148.0,20.0,20.0,100.0,0.0,100.0,0.0,200.0,0.0,100.0,29252.0,100.0,44180489568.0,100.0,127863738829.0
2019-03-24,Z304KCYQ,ST4000DM000,4000787030016,0,107.0,13863736.0,91.0,0.0,100.0,16.0,100.0,0.0,84.0,318301405.0,67.0,29329.0,100.0,0.0,100.0,16.0,100.0,0.0,100.0,0.0,100.0,0.0,100.0,0.0,100.0,0.0,82.0,18.0,100.0,0.0,100.0,0.0,97.0,6150.0,18.0,18.0,100.0,0.0,100.0,0.0,200.0,0.0,100.0,29275.0,100.0,44183508256.0,100.0,127986301436.0
2019-03-25,Z304KCYQ,ST4000DM000,4000787030016,0,120.0,237601560.0,91.0,0.0,100.0,16.0,100.0,0.0,84.0,319659312.0,67.0,29352.0,100.0,0.0,100.0,16.0,100.0,0.0,100.0,0.0,100.0,0.0,100.0,0.0,100.0,0.0,82.0,18.0,100.0,0.0,100.0,0.0,97.0,6184.0,18.0,18.0,100.0,0.0,100.0,0.0,200.0,0.0,100.0,29298.0,100.0,44187923632.0,100.0,128128586661.0
2019-03-26,Z304KCYQ,ST4000DM000,4000787030016,0,118.0,194157680.0,91.0,0.0,100.0,16.0,100.0,0.0,84.0,320847958.0,67.0,29376.0,100.0,0.0,100.0,16.0,100.0,0.0,100.0,0.0,100.0,0.0,100.0,0.0,100.0,0.0,81.0,19.0,100.0,0.0,100.0,0.0,97.0,6188.0,19.0,19.0,100.0,0.0,100.0,0.0,200.0,0.0,100.0,29322.0,100.0,44189925456.0,100.0,128282073912.0
2019-03-27,Z304KCYQ,ST4000DM000,4000787030016,0,119.0,230660720.0,91.0,0.0,100.0,16.0,100.0,0.0,84.0,322971369.0,67.0,29399.0,100.0,0.0,100.0,16.0,100.0,0.0,100.0,0.0,100.0,0.0,100.0,0.0,100.0,0.0,82.0,18.0,100.0,0.0,100.0,0.0,97.0,6189.0,18.0,18.0,100.0,0.0,100.0,0.0,200.0,0.0,100.0,29345.0,100.0,44194728264.0,100.0,128471458089.0
2019-03-28,Z304KCYQ,ST4000DM000,4000787030016,0,117.0,127489136.0,91.0,0.0,100.0,16.0,100.0,0.0,84.0,323661015.0,67.0,29423.0,100.0,0.0,100.0,16.0,100.0,0.0,100.0,0.0,100.0,0.0,100.0,0.0,100.0,0.0,82.0,18.0,100.0,0.0,100.0,0.0,97.0,6192.0,18.0,18.0,100.0,0.0,100.0,0.0,200.0,0.0,100.0,29369.0,100.0,44196504344.0,100.0,128620784998.0
2019-03-29,Z304KCYQ,ST4000DM000,4000787030016,0,116.0,109618712.0,91.0,0.0,100.0,16.0,100.0,0.0,84.0,324594619.0,67.0,29446.0,100.0,0.0,100.0,16.0,100.0,0.0,100.0,0.0,100.0,0.0,100.0,0.0,100.0,0.0,81.0,19.0,100.0,0.0,100.0,0.0,97.0,6195.0,19.0,19.0,100.0,0.0,100.0,0.0,200.0,0.0,100.0,29392.0,100.0,44200066344.0,100.0,128751322359.0
2019-03-30,Z304KCYQ,ST4000DM000,4000787030016,0,117.0,146728312.0,91.0,0.0,100.0,16.0,100.0,0.0,84.0,325719067.0,67.0,29469.0,100.0,0.0,100.0,16.0,100.0,0.0,100.0,0.0,100.0,0.0,100.0,0.0,100.0,0.0,82.0,18.0,100.0,0.0,100.0,0.0,97.0,6198.0,18.0,18.0,100.0,0.0,100.0,0.0,200.0,0.0,100.0,29415.0,100.0,44203952728.0,100.0,128896677851.0
2019-03-31,Z304KCYQ,ST4000DM000,4000787030016,0,118.0,179651136.0,91.0,0.0,100.0,16.0,100.0,0.0,84.0,326653387.0,67.0,29493.0,100.0,0.0,100.0,16.0,100.0,0.0,100.0,0.0,100.0,0.0,100.0,0.0,100.0,0.0,83.0,17.0,100.0,0.0,100.0,0.0,97.0,6201.0,17.0,17.0,100.0,0.0,100.0,0.0,200.0,0.0,100.0,29439.0,100.0,44205851952.0,100.0,129039600577.0
2019-04-01,Z304KCYQ,ST4000DM000,4000787030016,0,118.0,185731576.0,91.0,0.0,100.0,16.0,100.0,0.0,84.0,328168229.0,67.0,29516.0,100.0,0.0,100.0,16.0,100.0,0.0,100.0,0.0,100.0,0.0,100.0,0.0,100.0,0.0,83.0,17.0,100.0,0.0,100.0,0.0,97.0,6228.0,17.0,17.0,100.0,0.0,100.0,0.0,200.0,0.0,100.0,29462.0,100.0,44210449288.0,100.0,129170801117.0
2019-04-02,Z304KCYQ,ST4000DM000,4000787030016,0,117.0,137293120.0,91.0,0.0,100.0,16.0,100.0,0.0,84.0,328839707.0,67.0,29540.0,100.0,0.0,100.0,16.0,100.0,0.0,100.0,0.0,100.0,0.0,100.0,0.0,100.0,0.0,82.0,18.0,100.0,0.0,100.0,0.0,97.0,6230.0,18.0,18.0,100.0,0.0,100.0,0.0,200.0,0.0,100.0,29485.0,100.0,44212150408.0,100.0,129307683804.0
2019-04-03,Z304KCYQ,ST4000DM000,4000787030016,0,113.0,54637672.0,91.0,0.0,100.0,16.0,100.0,0.0,84.0,329764792.0,67.0,29563.0,100.0,0.0,100.0,16.0,100.0,0.0,100.0,0.0,100.0,0.0,100.0,0.0,100.0,0.0,81.0,19.0,100.0,0.0,100.0,0.0,97.0,6233.0,19.0,19.0,100.0,0.0,100.0,0.0,200.0,0.0,100.0,29509.0,100.0,44214053264.0,100.0,129483108004.0
2019-04-04,Z304KCYQ,ST4000DM000,4000787030016,0,111.0,39931360.0,91.0,0.0,100.0,16.0,100.0,0.0,84.0,331858517.0,67.0,29586.0,100.0,0.0,100.0,16.0,100.0,0.0,100.0,0.0,100.0,0.0,100.0,0.0,100.0,0.0,83.0,17.0,100.0,0.0,100.0,0.0,97.0,6235.0,17.0,17.0,100.0,0.0,100.0,0.0,200.0,0.0,100.0,29532.0,100.0,44219200192.0,100.0,129700565506.0
2019-04-05,Z304KCYQ,ST4000DM000,4000787030016,0,117.0,127313704.0,91.0,0.0,100.0,16.0,100.0,0.0,84.0,332767155.0,67.0,29610.0,100.0,0.0,100.0,16.0,100.0,0.0,100.0,0.0,100.0,0.0,100.0,0.0,100.0,0.0,82.0,18.0,100.0,0.0,100.0,0.0,97.0,6241.0,18.0,18.0,100.0,0.0,100.0,0.0,200.0,0.0,100.0,29556.0,100.0,44220851080.0,100.0,129873491563.0
2019-04-06,Z304KCYQ,ST4000DM000,4000787030016,0,119.0,227224304.0,91.0,0.0,100.0,16.0,100.0,0.0,84.0,334183268.0,67.0,29633.0,100.0,0.0,100.0,16.0,100.0,0.0,100.0,0.0,100.0,0.0,100.0,0.0,100.0,0.0,82.0,18.0,100.0,0.0,100.0,0.0,97.0,6243.0,18.0,18.0,100.0,0.0,100.0,0.0,200.0,0.0,100.0,29579.0,100.0,44225290504.0,100.0,130036562550.0
2019-04-07,Z304KCYQ,ST4000DM000,4000787030016,0,105.0,7683640.0,91.0,0.0,100.0,16.0,100.0,0.0,84.0,334895726.0,67.0,29657.0,100.0,0.0,100.0,16.0,100.0,0.0,100.0,0.0,100.0,0.0,100.0,0.0,100.0,0.0,82.0,18.0,100.0,0.0,100.0,0.0,97.0,6246.0,18.0,18.0,100.0,0.0,100.0,0.0,200.0,0.0,100.0,29602.0,100.0,44228103792.0,100.0,130175683303.0
2019-04-08,Z304KCYQ,ST4000DM000,4000787030016,0,114.0,69761752.0,91.0,0.0,100.0,16.0,100.0,0.0,85.0,336064453.0,67.0,29680.0,100.0,0.0,100.0,16.0,100.0,0.0,100.0,0.0,100.0,0.0,100.0,0.0,100.0,0.0,82.0,18.0,100.0,0.0,100.0,0.0,97.0,6258.0,18.0,18.0,100.0,0.0,100.0,0.0,200.0,0.0,100.0,29626.0,100.0,44232162712.0,100.0,130279818878.0
2019-04-09,Z304KCYQ,ST4000DM000,4000787030016,0,111.0,34589128.0,91.0,0.0,100.0,16.0,100.0,0.0,85.0,336837884.0,67.0,29703.0,100.0,0.0,100.0,16.0,100.0,0.0,100.0,0.0,100.0,0.0,100.0,0.0,100.0,0.0,82.0,18.0,100.0,0.0,100.0,0.0,97.0,6259.0,18.0,18.0,100.0,0.0,100.0,0.0,200.0,0.0,100.0,29649.0,100.0,44234125632.0,100.0,130411419295.0
2019-04-10,Z304KCYQ,ST4000DM000,4000787030016,0,117.0,142635168.0,91.0,0.0,100.0,16.0,100.0,0.0,85.0,337978812.0,67.0,29727.0,100.0,0.0,100.0,16.0,100.0,0.0,100.0,0.0,100.0,0.0,100.0,0.0,100.0,0.0,82.0,18.0,100.0,0.0,100.0,0.0,97.0,6262.0,18.0,18.0,100.0,0.0,100.0,0.0,200.0,0.0,100.0,29673.0,100.0,44236050784.0,100.0,130573738234.0
2019-04-11,Z304KCYQ,ST4000DM000,4000787030016,0,110.0,26483632.0,91.0,0.0,100.0,16.0,100.0,0.0,85.0,339917566.0,67.0,29750.0,100.0,0.0,100.0,16.0,100.0,0.0,100.0,0.0,100.0,0.0,100.0,0.0,100.0,0.0,82.0,18.0,100.0,0.0,100.0,0.0,97.0,6265.0,18.0,18.0,100.0,0.0,100.0,0.0,200.0,0.0,100.0,29696.0,100.0,44240628208.0,100.0,130734884915.0
2019-04-12,Z304KCYQ,ST4000DM000,4000787030016,0,116.0,109224760.0,91.0,0.0,100.0,16.0,100.0,0.0,85.0,340850861.0,67.0,29774.0,100.0,0.0,100.0,16.0,100.0,0.0,100.0,0.0,100.0,0.0,100.0,0.0,100.0,0.0,81.0,19.0,100.0,0.0,100.0,0.0,97.0,6268.0,19.0,19.0,100.0,0.0,100.0,0.0,200.0,0.0,100.0,29720.0,100.0,44242235888.0,100.0,130867690229.0
2019-04-13,Z304KCYQ,ST4000DM000,4000787030016,0,109.0,24601848.0,91.0,0.0,100.0,16.0,100.0,0.0,85.0,342217458.0,66.0,29809.0,100.0,0.0,100.0,16.0,100.0,0.0,100.0,0.0,100.0,0.0,100.0,0.0,100.0,0.0,82.0,18.0,100.0,0.0,100.0,0.0,97.0,6270.0,18.0,18.0,100.0,0.0,100.0,0.0,200.0,0.0,100.0,29755.0,100.0,44247095168.0,100.0,131002046782.0
2019-04-14,Z304KCYQ,ST4000DM000,4000787030016,0,117.0,159522184.0,91.0,0.0,100.0,16.0,100.0,0.0,85.0,342881786.0,66.0,29832.0,100.0,0.0,100.0,16.0,100.0,0.0,100.0,0.0,100.0,0.0,100.0,0.0,100.0,0.0,81.0,19.0,100.0,0.0,100.0,0.0,97.0,6273.0,19.0,19.0,100.0,0.0,100.0,0.0,200.0,0.0,100.0,29778.0,100.0,44249000024.0,100.0,131124767791.0
2019-04-15,Z304KCYQ,ST4000DM000,4000787030016,0,108.0,18478104.0,91.0,0.0,100.0,16.0,100.0,0.0,85.0,344042612.0,66.0,29855.0,100.0,0.0,100.0,16.0,100.0,0.0,100.0,0.0,100.0,0.0,100.0,0.0,100.0,0.0,81.0,19.0,100.0,0.0,100.0,0.0,97.0,6288.0,19.0,19.0,100.0,0.0,100.0,0.0,200.0,0.0,100.0,29801.0,100.0,44253302024.0,100.0,131236361081.0
2019-04-16,Z304KCYQ,ST4000DM000,4000787030016,0,111.0,34638032.0,91.0,0.0,100.0,16.0,100.0,0.0,85.0,344653536.0,66.0,29879.0,100.0,0.0,100.0,16.0,100.0,0.0,100.0,0.0,100.0,0.0,100.0,0.0,100.0,0.0,81.0,19.0,100.0,0.0,100.0,0.0,97.0,6290.0,19.0,19.0,100.0,0.0,100.0,0.0,200.0,0.0,100.0,29825.0,100.0,44254975848.0,100.0,131358506721.0
2019-04-17,Z304KCYQ,ST4000DM000,4000787030016,0,114.0,60961416.0,91.0,0.0,100.0,16.0,100.0,0.0,85.0,345198917.0,66.0,29902.0,100.0,0.0,100.0,16.0,100.0,0.0,100.0,0.0,100.0,0.0,100.0,0.0,100.0,0.0,82.0,18.0,100.0,0.0,100.0,0.0,97.0,6335.0,18.0,18.0,100.0,0.0,100.0,0.0,200.0,0.0,100.0,29847.0,100.0,44256902040.0,100.0,131514735661.0
2019-04-18,Z304KCYQ,ST4000DM000,4000787030016,0,114.0,76776968.0,91.0,0.0,100.0,16.0,100.0,0.0,85.0,346361558.0,66.0,29926.0,100.0,0.0,100.0,16.0,100.0,0.0,100.0,0.0,100.0,0.0,100.0,0.0,100.0,0.0,81.0,19.0,100.0,0.0,100.0,0.0,97.0,6339.0,19.0,19.0,100.0,0.0,100.0,0.0,200.0,0.0,100.0,29871.0,100.0,44261685528.0,100.0,131675727232.0
2019-04-19,Z304KCYQ,ST4000DM000,4000787030016,0,116.0,104374672.0,91.0,0.0,100.0,16.0,100.0,0.0,85.0,346942941.0,66.0,29949.0,100.0,0.0,100.0,16.0,100.0,0.0,100.0,0.0,100.0,0.0,100.0,0.0,100.0,0.0,81.0,19.0,100.0,0.0,100.0,0.0,97.0,6341.0,19.0,19.0,100.0,0.0,100.0,0.0,200.0,0.0,100.0,29894.0,100.0,44264711152.0,100.0,131844429772.0
2019-04-20,Z304KCYQ,ST4000DM000,4000787030016,0,117.0,125058176.0,91.0,0.0,100.0,16.0,100.0,0.0,85.0,347866063.0,66.0,29973.0,100.0,0.0,100.0,16.0,100.0,0.0,100.0,0.0,100.0,0.0,100.0,0.0,100.0,0.0,81.0,19.0,100.0,0.0,100.0,0.0,97.0,6346.0,19.0,19.0,100.0,0.0,100.0,0.0,200.0,0.0,100.0,29918.0,100.0,44268832400.0,100.0,132026193267.0
2019-04-21,Z304KCYQ,ST4000DM000,4000787030016,0,119.0,227827336.0,91.0,0.0,100.0,16.0,100.0,0.0,85.0,348219148.0,66.0,29996.0,100.0,0.0,100.0,16.0,100.0,0.0,100.0,0.0,100.0,0.0,100.0,0.0,100.0,0.0,81.0,19.0,100.0,0.0,100.0,0.0,97.0,6348.0,19.0,19.0,100.0,0.0,100.0,0.0,200.0,0.0,100.0,29941.0,100.0,44271223080.0,100.0,132175085976.0
2019-04-22,Z304KCYQ,ST4000DM000,4000787030016,0,117.0,137492008.0,91.0,0.0,100.0,16.0,100.0,0.0,85.0,349345875.0,66.0,30019.0,100.0,0.0,100.0,16.0,100.0,0.0,100.0,0.0,100.0,0.0,100.0,0.0,100.0,0.0,82.0,18.0,100.0,0.0,100.0,0.0,97.0,6368.0,18.0,18.0,100.0,0.0,100.0,0.0,200.0,0.0,100.0,29965.0,100.0,44276054360.0,100.0,132319814961.0
2019-04-23,Z304KCYQ,ST4000DM000,4000787030016,0,115.0,85677496.0,91.0,0.0,100.0,16.0,100.0,0.0,85.0,349905890.0,66.0,30043.0,100.0,0.0,100.0,16.0,100.0,0.0,100.0,0.0,100.0,0.0,100.0,0.0,100.0,0.0,81.0,19.0,100.0,0.0,100.0,0.0,97.0,6371.0,19.0,19.0,100.0,0.0,100.0,0.0,200.0,0.0,100.0,29988.0,100.0,44277934880.0,100.0,132428020846.0
2019-04-24,Z304KCYQ,ST4000DM000,4000787030016,0,113.0,53049528.0,91.0,0.0,100.0,16.0,100.0,0.0,85.0,352200043.0,66.0,30078.0,100.0,0.0,100.0,16.0,100.0,0.0,100.0,0.0,100.0,0.0,100.0,0.0,100.0,0.0,82.0,18.0,100.0,0.0,100.0,0.0,97.0,6376.0,18.0,18.0,100.0,0.0,100.0,0.0,200.0,0.0,100.0,30024.0,100.0,44283232712.0,100.0,132679157688.0
2019-04-25,Z304KCYQ,ST4000DM000,4000787030016,0,114.0,64945304.0,91.0,0.0,100.0,16.0,100.0,0.0,85.0,353525280.0,66.0,30102.0,100.0,0.0,100.0,16.0,100.0,0.0,100.0,0.0,100.0,0.0,100.0,0.0,100.0,0.0,81.0,19.0,100.0,0.0,100.0,0.0,97.0,6380.0,19.0,19.0,100.0,0.0,100.0,0.0,200.0,0.0,100.0,30047.0,100.0,44285200016.0,100.0,132854484465.0
2019-04-26,Z304KCYQ,ST4000DM000,4000787030016,0,118.0,188527128.0,91.0,0.0,100.0,16.0,100.0,0.0,85.0,354897481.0,66.0,30125.0,100.0,0.0,100.0,16.0,100.0,0.0,100.0,0.0,100.0,0.0,100.0,0.0,100.0,0.0,82.0,18.0,100.0,0.0,100.0,0.0,97.0,6382.0,18.0,18.0,100.0,0.0,100.0,0.0,200.0,0.0,100.0,30070.0,100.0,44293088992.0,100.0,133015466650.0
2019-04-27,Z304KCYQ,ST4000DM000,4000787030016,0,119.0,214460704.0,91.0,0.0,100.0,16.0,100.0,0.0,85.0,355523373.0,66.0,30149.0,100.0,0.0,100.0,16.0,100.0,0.0,100.0,0.0,100.0,0.0,100.0,0.0,100.0,0.0,81.0,19.0,100.0,0.0,100.0,0.0,97.0,6386.0,19.0,19.0,100.0,0.0,100.0,0.0,200.0,0.0,100.0,30094.0,100.0,44295681952.0,100.0,133136195931.0
2019-04-28,Z304KCYQ,ST4000DM000,4000787030016,0,116.0,107448656.0,91.0,0.0,100.0,16.0,100.0,0.0,85.0,356291230.0,66.0,30172.0,100.0,0.0,100.0,16.0,100.0,0.0,100.0,0.0,100.0,0.0,100.0,0.0,100.0,0.0,80.0,20.0,100.0,0.0,100.0,0.0,97.0,6387.0,20.0,20.0,100.0,0.0,100.0,0.0,200.0,0.0,100.0,30117.0,100.0,44297790648.0,100.0,133270664886.0
2019-04-29,Z304KCYQ,ST4000DM000,4000787030016,0,116.0,104269552.0,91.0,0.0,100.0,16.0,100.0,0.0,85.0,357736293.0,66.0,30196.0,100.0,0.0,100.0,16.0,100.0,0.0,100.0,0.0,100.0,0.0,100.0,0.0,100.0,0.0,82.0,18.0,100.0,0.0,100.0,0.0,97.0,6413.0,18.0,18.0,100.0,0.0,100.0,0.0,200.0,0.0,100.0,30141.0,100.0,44302040544.0,100.0,133400211223.0
2019-04-30,Z304KCYQ,ST4000DM000,4000787030016,0,108.0,19738704.0,91.0,0.0,100.0,16.0,100.0,0.0,85.0,359517807.0,66.0,30219.0,100.0,0.0,100.0,16.0,100.0,0.0,100.0,0.0,100.0,0.0,100.0,0.0,100.0,0.0,81.0,19.0,100.0,0.0,100.0,0.0,97.0,6416.0,19.0,19.0,100.0,0.0,100.0,0.0,200.0,0.0,100.0,30164.0,100.0,44306444328.0,100.0,133565191107.0
2019-05-01,Z304KCYQ,ST4000DM000,4000787030016,0,117.0,140922304.0,91.0,0.0,100.0,16.0,100.0,0.0,85.0,359836915.0,66.0,30231.0,100.0,0.0,100.0,16.0,100.0,0.0,100.0,0.0,100.0,0.0,100.0,0.0,100.0,0.0,83.0,17.0,100.0,0.0,100.0,0.0,97.0,6418.0,17.0,17.0,100.0,0.0,100.0,0.0,200.0,0.0,100.0,30176.0,100.0,44307580600.0,100.0,133629090692.0
2019-05-02,Z304KCYQ,ST4000DM000,4000787030016,0,120.0,240766208.0,91.0,0.0,100.0,16.0,100.0,0.0,85.0,360661287.0,66.0,30254.0,100.0,0.0,100.0,16.0,100.0,0.0,100.0,0.0,100.0,0.0,100.0,0.0,100.0,0.0,82.0,18.0,100.0,0.0,100.0,0.0,97.0,6423.0,18.0,18.0,100.0,0.0,100.0,0.0,200.0,0.0,100.0,30200.0,100.0,44309347312.0,100.0,133784354891.0
2019-05-03,Z304KCYQ,ST4000DM000,4000787030016,0,115.0,87693064.0,91.0,0.0,100.0,16.0,100.0,0.0,85.0,361845434.0,66.0,30278.0,100.0,0.0,100.0,16.0,100.0,0.0,100.0,0.0,100.0,0.0,100.0,0.0,100.0,0.0,82.0,18.0,100.0,0.0,100.0,0.0,97.0,6427.0,18.0,18.0,100.0,0.0,100.0,0.0,200.0,0.0,100.0,30223.0,100.0,44312005424.0,100.0,133997550693.0
2019-05-04,Z304KCYQ,ST4000DM000,4000787030016,0,115.0,99530552.0,91.0,0.0,100.0,16.0,100.0,0.0,85.0,363509694.0,66.0,30301.0,100.0,0.0,100.0,16.0,100.0,0.0,100.0,0.0,100.0,0.0,100.0,0.0,100.0,0.0,81.0,19.0,100.0,0.0,100.0,0.0,97.0,6430.0,19.0,19.0,100.0,0.0,100.0,0.0,200.0,0.0,100.0,30247.0,100.0,44316514600.0,100.0,134190893326.0
2019-05-05,Z304KCYQ,ST4000DM000,4000787030016,0,119.0,230501704.0,91.0,0.0,100.0,16.0,100.0,0.0,85.0,364218113.0,66.0,30325.0,100.0,0.0,100.0,16.0,100.0,0.0,100.0,0.0,100.0,0.0,100.0,0.0,100.0,0.0,82.0,18.0,100.0,0.0,100.0,0.0,97.0,6433.0,18.0,18.0,100.0,0.0,100.0,0.0,200.0,0.0,100.0,30270.0,100.0,44318079368.0,100.0,134336845244.0
2019-05-06,Z304KCYQ,ST4000DM000,4000787030016,0,116.0,108739648.0,91.0,0.0,100.0,16.0,100.0,0.0,85.0,366511895.0,66.0,30360.0,100.0,0.0,100.0,16.0,100.0,0.0,100.0,0.0,100.0,0.0,100.0,0.0,100.0,0.0,81.0,19.0,100.0,0.0,100.0,0.0,97.0,6453.0,19.0,19.0,100.0,0.0,100.0,0.0,200.0,0.0,100.0,30305.0,100.0,44323434088.0,100.0,134545569539.0
2019-05-07,Z304KCYQ,ST4000DM000,4000787030016,0,117.0,160936976.0,91.0,0.0,100.0,16.0,100.0,0.0,85.0,367262330.0,66.0,30384.0,100.0,0.0,100.0,16.0,100.0,0.0,100.0,0.0,100.0,0.0,100.0,0.0,100.0,0.0,81.0,19.0,100.0,0.0,100.0,0.0,97.0,6457.0,19.0,19.0,100.0,0.0,100.0,0.0,200.0,0.0,100.0,30329.0,100.0,44325183704.0,100.0,134677735832.0
2019-05-08,Z304KCYQ,ST4000DM000,4000787030016,0,117.0,143163680.0,91.0,0.0,100.0,16.0,100.0,0.0,85.0,368125515.0,66.0,30407.0,100.0,0.0,100.0,16.0,100.0,0.0,100.0,0.0,100.0,0.0,100.0,0.0,100.0,0.0,81.0,19.0,100.0,0.0,100.0,0.0,97.0,6459.0,19.0,19.0,100.0,0.0,100.0,0.0,200.0,0.0,100.0,30352.0,100.0,44327144224.0,100.0,134812995840.0
2019-05-09,Z304KCYQ,ST4000DM000,4000787030016,0,115.0,92958848.0,91.0,0.0,100.0,16.0,100.0,0.0,85.0,369256915.0,66.0,30431.0,100.0,0.0,100.0,16.0,100.0,0.0,100.0,0.0,100.0,0.0,100.0,0.0,100.0,0.0,81.0,19.0,100.0,0.0,100.0,0.0,97.0,6465.0,19.0,19.0,100.0,0.0,100.0,0.0,200.0,0.0,100.0,30376.0,100.0,44328937624.0,100.0,134956190776.0
2019-05-10,Z304KCYQ,ST4000DM000,4000787030016,0,119.0,215001368.0,91.0,0.0,100.0,16.0,100.0,0.0,85.0,370732597.0,66.0,30454.0,100.0,0.0,100.0,16.0,100.0,0.0,100.0,0.0,100.0,0.0,100.0,0.0,100.0,0.0,80.0,20.0,100.0,0.0,100.0,0.0,97.0,6469.0,20.0,20.0,100.0,0.0,100.0,0.0,200.0,0.0,100.0,30399.0,100.0,44331794664.0,100.0,135115600894.0
2019-05-11,Z304KCYQ,ST4000DM000,4000787030016,0,108.0,15145704.0,91.0,0.0,100.0,16.0,100.0,0.0,85.0,371763828.0,66.0,30477.0,100.0,0.0,100.0,16.0,100.0,0.0,100.0,0.0,100.0,0.0,100.0,0.0,100.0,0.0,81.0,19.0,100.0,0.0,100.0,0.0,97.0,6469.0,19.0,19.0,100.0,0.0,100.0,0.0,200.0,0.0,100.0,30422.0,100.0,44335174456.0,100.0,135214309433.0
2019-05-12,Z304KCYQ,ST4000DM000,4000787030016,0,105.0,9016160.0,91.0,0.0,100.0,16.0,100.0,0.0,85.0,372906569.0,66.0,30501.0,100.0,0.0,100.0,16.0,100.0,0.0,100.0,0.0,100.0,0.0,100.0,0.0,100.0,0.0,81.0,19.0,100.0,0.0,100.0,0.0,97.0,6472.0,19.0,19.0,100.0,0.0,100.0,0.0,200.0,0.0,100.0,30446.0,100.0,44338469976.0,100.0,135317725059.0
2019-05-13,Z304KCYQ,ST4000DM000,4000787030016,0,111.0,36855920.0,91.0,0.0,100.0,16.0,100.0,0.0,85.0,374088931.0,66.0,30524.0,100.0,0.0,100.0,16.0,100.0,0.0,100.0,0.0,100.0,0.0,100.0,0.0,100.0,0.0,81.0,19.0,100.0,0.0,100.0,0.0,97.0,6507.0,19.0,19.0,100.0,0.0,100.0,0.0,200.0,0.0,100.0,30469.0,100.0,44341683512.0,100.0,135432450153.0
2019-05-14,Z304KCYQ,ST4000DM000,4000787030016,0,115.0,84245952.0,91.0,0.0,100.0,16.0,100.0,0.0,85.0,374701940.0,66.0,30548.0,100.0,0.0,100.0,16.0,100.0,0.0,100.0,0.0,100.0,0.0,100.0,0.0,100.0,0.0,81.0,19.0,100.0,0.0,100.0,0.0,97.0,6510.0,19.0,19.0,100.0,0.0,100.0,0.0,200.0,0.0,100.0,30493.0,100.0,44343184624.0,100.0,135547282647.0
2019-05-15,Z304KCYQ,ST4000DM000,4000787030016,0,117.0,151748480.0,91.0,0.0,100.0,16.0,100.0,0.0,85.0,375695344.0,66.0,30583.0,100.0,0.0,100.0,16.0,100.0,0.0,100.0,0.0,100.0,0.0,100.0,0.0,100.0,0.0,81.0,19.0,100.0,0.0,100.0,0.0,97.0,6547.0,19.0,19.0,100.0,0.0,100.0,0.0,200.0,0.0,100.0,30528.0,100.0,44345845960.0,100.0,135758687457.0
2019-05-16,Z304KCYQ,ST4000DM000,4000787030016,0,111.0,38838888.0,91.0,0.0,100.0,16.0,100.0,0.0,85.0,376117972.0,66.0,30607.0,100.0,0.0,100.0,16.0,100.0,0.0,100.0,0.0,100.0,0.0,100.0,0.0,100.0,0.0,83.0,17.0,100.0,0.0,100.0,0.0,97.0,6550.0,17.0,17.0,100.0,0.0,100.0,0.0,200.0,0.0,100.0,30551.0,100.0,44347944176.0,100.0,135923796753.0
2019-05-17,Z304KCYQ,ST4000DM000,4000787030016,0,119.0,210182144.0,91.0,0.0,100.0,16.0,100.0,0.0,85.0,377593194.0,66.0,30630.0,100.0,0.0,100.0,16.0,100.0,0.0,100.0,0.0,100.0,0.0,100.0,0.0,100.0,0.0,81.0,19.0,100.0,0.0,100.0,0.0,97.0,6552.0,19.0,19.0,100.0,0.0,100.0,0.0,200.0,0.0,100.0,30575.0,100.0,44353093960.0,100.0,136094978228.0
2019-05-18,Z304KCYQ,ST4000DM000,4000787030016,0,109.0,23978464.0,91.0,0.0,100.0,16.0,100.0,0.0,85.0,378011522.0,66.0,30654.0,100.0,0.0,100.0,16.0,100.0,0.0,100.0,0.0,100.0,0.0,100.0,0.0,100.0,0.0,81.0,19.0,100.0,0.0,100.0,0.0,97.0,6557.0,19.0,19.0,100.0,0.0,100.0,0.0,200.0,0.0,100.0,30599.0,100.0,44355172880.0,100.0,136272477689.0
2019-05-19,Z304KCYQ,ST4000DM000,4000787030016,0,119.0,234669320.0,91.0,0.0,100.0,16.0,100.0,0.0,85.0,378420950.0,65.0,30678.0,100.0,0.0,100.0,16.0,100.0,0.0,100.0,0.0,100.0,0.0,100.0,0.0,100.0,0.0,81.0,19.0,100.0,0.0,100.0,0.0,97.0,6559.0,19.0,19.0,100.0,0.0,100.0,0.0,200.0,0.0,100.0,30622.0,100.0,44357438904.0,100.0,136428328344.0
2019-05-20,Z304KCYQ,ST4000DM000,4000787030016,0,108.0,18672352.0,91.0,0.0,100.0,16.0,100.0,0.0,85.0,379630659.0,65.0,30701.0,100.0,0.0,100.0,16.0,100.0,0.0,100.0,0.0,100.0,0.0,100.0,0.0,100.0,0.0,80.0,20.0,100.0,0.0,100.0,0.0,97.0,6588.0,20.0,20.0,100.0,0.0,100.0,0.0,200.0,0.0,100.0,30646.0,100.0,44361766232.0,100.0,136571075008.0
2019-05-21,Z304KCYQ,ST4000DM000,4000787030016,0,119.0,234842872.0,91.0,0.0,100.0,16.0,100.0,0.0,85.0,380314777.0,65.0,30725.0,100.0,0.0,100.0,16.0,100.0,0.0,100.0,0.0,100.0,0.0,100.0,0.0,100.0,0.0,80.0,20.0,100.0,0.0,100.0,0.0,97.0,6590.0,20.0,20.0,100.0,0.0,100.0,0.0,200.0,0.0,100.0,30670.0,100.0,44363824872.0,100.0,136710580064.0
2019-05-22,Z304KCYQ,ST4000DM000,4000787030016,0,116.0,110761776.0,91.0,0.0,100.0,16.0,100.0,0.0,85.0,380678703.0,65.0,30737.0,100.0,0.0,100.0,16.0,100.0,0.0,100.0,0.0,100.0,0.0,100.0,0.0,100.0,0.0,83.0,17.0,100.0,0.0,100.0,0.0,97.0,6592.0,17.0,17.0,100.0,0.0,100.0,0.0,200.0,0.0,100.0,30682.0,100.0,44365210496.0,100.0,136779242360.0
2019-05-23,Z304KCYQ,ST4000DM000,4000787030016,0,118.0,178667480.0,91.0,0.0,100.0,16.0,100.0,0.0,85.0,381756236.0,65.0,30761.0,100.0,0.0,100.0,16.0,100.0,0.0,100.0,0.0,100.0,0.0,100.0,0.0,100.0,0.0,82.0,18.0,100.0,0.0,100.0,0.0,97.0,6595.0,18.0,18.0,100.0,0.0,100.0,0.0,200.0,0.0,100.0,30705.0,100.0,44367202536.0,100.0,136940199145.0
2019-05-24,Z304KCYQ,ST4000DM000,4000787030016,0,117.0,123940520.0,91.0,0.0,100.0,16.0,100.0,0.0,85.0,383040395.0,65.0,30784.0,100.0,0.0,100.0,16.0,100.0,0.0,100.0,0.0,100.0,0.0,100.0,0.0,100.0,0.0,81.0,19.0,100.0,0.0,100.0,0.0,97.0,6600.0,19.0,19.0,100.0,0.0,100.0,0.0,200.0,0.0,100.0,30729.0,100.0,44369139584.0,100.0,137096583923.0
2019-05-25,Z304KCYQ,ST4000DM000,4000787030016,0,114.0,73014072.0,91.0,0.0,100.0,16.0,100.0,0.0,85.0,384873281.0,65.0,30808.0,100.0,0.0,100.0,16.0,100.0,0.0,100.0,0.0,100.0,0.0,100.0,0.0,100.0,0.0,81.0,19.0,100.0,0.0,100.0,0.0,97.0,6601.0,19.0,19.0,100.0,0.0,100.0,0.0,200.0,0.0,100.0,30752.0,100.0,44373819008.0,100.0,137279490395.0
2019-05-26,Z304KCYQ,ST4000DM000,4000787030016,0,120.0,2363384.0,91.0,0.0,100.0,16.0,100.0,0.0,85.0,385461685.0,65.0,30832.0,100.0,0.0,100.0,16.0,100.0,0.0,100.0,0.0,100.0,0.0,100.0,0.0,100.0,0.0,82.0,18.0,100.0,0.0,100.0,0.0,97.0,6602.0,18.0,18.0,100.0,0.0,100.0,0.0,200.0,0.0,100.0,30776.0,100.0,44375673120.0,100.0,137405162769.0
2019-05-27,Z304KCYQ,ST4000DM000,4000787030016,0,111.0,32878008.0,91.0,0.0,100.0,16.0,100.0,0.0,85.0,386670528.0,65.0,30855.0,100.0,0.0,100.0,16.0,100.0,0.0,100.0,0.0,100.0,0.0,100.0,0.0,100.0,0.0,80.0,20.0,100.0,0.0,100.0,0.0,97.0,6615.0,20.0,20.0,100.0,0.0,100.0,0.0,200.0,0.0,100.0,30800.0,100.0,44380381824.0,100.0,137519876923.0
2019-05-28,Z304KCYQ,ST4000DM000,4000787030016,0,116.0,106610472.0,91.0,0.0,100.0,16.0,100.0,0.0,85.0,387598870.0,65.0,30879.0,100.0,0.0,100.0,16.0,100.0,0.0,100.0,0.0,100.0,0.0,100.0,0.0,100.0,0.0,82.0,18.0,100.0,0.0,100.0,0.0,97.0,6620.0,18.0,18.0,100.0,0.0,100.0,0.0,200.0,0.0,100.0,30823.0,100.0,44382809832.0,100.0,137660111245.0
2019-05-29,Z304KCYQ,ST4000DM000,4000787030016,0,115.0,92257792.0,91.0,0.0,100.0,16.0,100.0,0.0,85.0,388581739.0,65.0,30902.0,100.0,0.0,100.0,16.0,100.0,0.0,100.0,0.0,100.0,0.0,100.0,0.0,100.0,0.0,81.0,19.0,100.0,0.0,100.0,0.0,97.0,6623.0,19.0,19.0,100.0,0.0,100.0,0.0,200.0,0.0,100.0,30847.0,100.0,44384661376.0,100.0,137806011331.0
2019-05-30,Z304KCYQ,ST4000DM000,4000787030016,0,117.0,143313776.0,91.0,0.0,100.0,16.0,100.0,0.0,85.0,389748059.0,65.0,30938.0,100.0,0.0,100.0,16.0,100.0,0.0,100.0,0.0,100.0,0.0,100.0,0.0,100.0,0.0,81.0,19.0,100.0,0.0,100.0,0.0,97.0,6630.0,19.0,19.0,100.0,0.0,100.0,0.0,200.0,0.0,100.0,30882.0,100.0,44387301760.0,100.0,138029203611.0
2019-05-31,Z304KCYQ,ST4000DM000,4000787030016,0,119.0,220220136.0,91.0,0.0,100.0,16.0,100.0,0.0,85.0,392347303.0,65.0,30962.0,100.0,0.0,100.0,16.0,100.0,0.0,100.0,0.0,100.0,0.0,100.0,0.0,100.0,0.0,82.0,18.0,100.0,0.0,100.0,0.0,97.0,6634.0,18.0,18.0,100.0,0.0,100.0,0.0,200.0,0.0,100.0,30906.0,100.0,44392794040.0,100.0,138266790577.0
2019-06-01,Z304KCYQ,ST4000DM000,4000787030016,0,118.0,186410024.0,91.0,0.0,100.0,16.0,100.0,0.0,85.0,393415872.0,65.0,30985.0,100.0,0.0,100.0,16.0,100.0,0.0,100.0,0.0,100.0,0.0,100.0,0.0,100.0,0.0,81.0,19.0,100.0,0.0,100.0,0.0,97.0,6635.0,19.0,19.0,100.0,0.0,100.0,0.0,200.0,0.0,100.0,30929.0,100.0,44394696552.0,100.0,138453240357.0
2019-06-02,Z304KCYQ,ST4000DM000,4000787030016,0,118.0,187161336.0,91.0,0.0,100.0,16.0,100.0,0.0,85.0,394149143.0,65.0,31009.0,100.0,0.0,100.0,16.0,100.0,0.0,100.0,0.0,100.0,0.0,100.0,0.0,100.0,0.0,81.0,19.0,100.0,0.0,100.0,0.0,97.0,6639.0,19.0,19.0,100.0,0.0,100.0,0.0,200.0,0.0,100.0,30953.0,100.0,44396502536.0,100.0,138602961613.0
2019-06-03,Z304KCYQ,ST4000DM000,4000787030016,0,106.0,12496024.0,91.0,0.0,100.0,16.0,100.0,0.0,85.0,395404294.0,65.0,31032.0,100.0,0.0,100.0,16.0,100.0,0.0,100.0,0.0,100.0,0.0,100.0,0.0,100.0,0.0,81.0,19.0,100.0,0.0,100.0,0.0,97.0,6661.0,19.0,19.0,100.0,0.0,100.0,0.0,200.0,0.0,100.0,30977.0,100.0,44400992736.0,100.0,138737748380.0
2019-06-04,Z304KCYQ,ST4000DM000,4000787030016,0,118.0,172856600.0,91.0,0.0,100.0,16.0,100.0,0.0,85.0,396067488.0,65.0,31056.0,100.0,0.0,100.0,16.0,100.0,0.0,100.0,0.0,100.0,0.0,100.0,0.0,100.0,0.0,81.0,19.0,100.0,0.0,100.0,0.0,97.0,6664.0,19.0,19.0,100.0,0.0,100.0,0.0,200.0,0.0,100.0,31000.0,100.0,44402728232.0,100.0,138851736025.0
2019-06-05,Z304KCYQ,ST4000DM000,4000787030016,0,119.0,218101096.0,91.0,0.0,100.0,16.0,100.0,0.0,85.0,396860284.0,65.0,31080.0,100.0,0.0,100.0,16.0,100.0,0.0,100.0,0.0,100.0,0.0,100.0,0.0,100.0,0.0,81.0,19.0,100.0,0.0,100.0,0.0,97.0,6667.0,19.0,19.0,100.0,0.0,100.0,0.0,200.0,0.0,100.0,31024.0,100.0,44404363320.0,100.0,138988672371.0
2019-06-06,Z304KCYQ,ST4000DM000,4000787030016,0,117.0,160753680.0,91.0,0.0,100.0,16.0,100.0,0.0,85.0,397983502.0,65.0,31104.0,100.0,0.0,100.0,16.0,100.0,0.0,100.0,0.0,100.0,0.0,100.0,0.0,100.0,0.0,81.0,19.0,100.0,0.0,100.0,0.0,97.0,6673.0,19.0,19.0,100.0,0.0,100.0,0.0,200.0,0.0,100.0,31048.0,100.0,44406332552.0,100.0,139138386973.0
2019-06-07,Z304KCYQ,ST4000DM000,4000787030016,0,113.0,55258264.0,91.0,0.0,100.0,16.0,100.0,0.0,85.0,400496541.0,65.0,31127.0,100.0,0.0,100.0,16.0,100.0,0.0,100.0,0.0,100.0,0.0,100.0,0.0,100.0,0.0,81.0,19.0,100.0,0.0,100.0,0.0,97.0,6677.0,19.0,19.0,100.0,0.0,100.0,0.0,200.0,0.0,100.0,31072.0,100.0,44411479936.0,100.0,139316944603.0
2019-06-08,Z304KCYQ,ST4000DM000,4000787030016,0,118.0,197644144.0,91.0,0.0,100.0,16.0,100.0,0.0,85.0,401532599.0,65.0,31151.0,100.0,0.0,100.0,16.0,100.0,0.0,100.0,0.0,100.0,0.0,100.0,0.0,100.0,0.0,81.0,19.0,100.0,0.0,100.0,0.0,97.0,6680.0,19.0,19.0,100.0,0.0,100.0,0.0,200.0,0.0,100.0,31095.0,100.0,44413987328.0,100.0,139449273585.0
2019-06-09,Z304KCYQ,ST4000DM000,4000787030016,0,100.0,3019520.0,91.0,0.0,100.0,16.0,100.0,0.0,85.0,401989790.0,65.0,31175.0,100.0,0.0,100.0,16.0,100.0,0.0,100.0,0.0,100.0,0.0,100.0,0.0,100.0,0.0,81.0,19.0,100.0,0.0,100.0,0.0,97.0,6683.0,19.0,19.0,100.0,0.0,100.0,0.0,200.0,0.0,100.0,31119.0,100.0,44416035400.0,100.0,139519793659.0
2019-06-10,Z304KCYQ,ST4000DM000,4000787030016,0,108.0,17052760.0,91.0,0.0,100.0,16.0,100.0,0.0,86.0,403190218.0,65.0,31199.0,100.0,0.0,100.0,16.0,100.0,0.0,100.0,0.0,100.0,0.0,100.0,0.0,100.0,0.0,81.0,19.0,100.0,0.0,100.0,0.0,97.0,6704.0,19.0,19.0,100.0,0.0,100.0,0.0,200.0,0.0,100.0,31143.0,100.0,44420108408.0,100.0,139627618040.0
2019-06-11,Z304KCYQ,ST4000DM000,4000787030016,0,114.0,76766624.0,91.0,0.0,100.0,16.0,100.0,0.0,86.0,403786668.0,65.0,31222.0,100.0,0.0,100.0,16.0,100.0,0.0,100.0,0.0,100.0,0.0,100.0,0.0,100.0,0.0,81.0,19.0,100.0,0.0,100.0,0.0,97.0,6707.0,19.0,19.0,100.0,0.0,100.0,0.0,200.0,0.0,100.0,31166.0,100.0,44421704592.0,100.0,139743144759.0
2019-06-12,Z304KCYQ,ST4000DM000,4000787030016,0,117.0,139983296.0,91.0,0.0,100.0,16.0,100.0,0.0,86.0,404393217.0,65.0,31246.0,100.0,0.0,100.0,16.0,100.0,0.0,100.0,0.0,100.0,0.0,100.0,0.0,100.0,0.0,81.0,19.0,100.0,0.0,100.0,0.0,97.0,6710.0,19.0,19.0,100.0,0.0,100.0,0.0,200.0,0.0,100.0,31190.0,100.0,44423476424.0,100.0,139861323156.0
2019-06-13,Z304KCYQ,ST4000DM000,4000787030016,0,119.0,223583400.0,91.0,0.0,100.0,16.0,100.0,0.0,86.0,404966444.0,65.0,31270.0,100.0,0.0,100.0,16.0,100.0,0.0,100.0,0.0,100.0,0.0,100.0,0.0,100.0,0.0,81.0,19.0,100.0,0.0,100.0,0.0,97.0,6746.0,19.0,19.0,100.0,0.0,100.0,0.0,200.0,0.0,100.0,31213.0,100.0,44425263720.0,100.0,140018521040.0
2019-06-14,Z304KCYQ,ST4000DM000,4000787030016,0,108.0,15094376.0,91.0,0.0,100.0,16.0,100.0,0.0,86.0,406331544.0,65.0,31293.0,100.0,0.0,100.0,16.0,100.0,0.0,100.0,0.0,100.0,0.0,100.0,0.0,100.0,0.0,81.0,19.0,100.0,0.0,100.0,0.0,97.0,6750.0,19.0,19.0,100.0,0.0,100.0,0.0,200.0,0.0,100.0,31237.0,100.0,44430600528.0,100.0,140189287930.0
2019-06-15,Z304KCYQ,ST4000DM000,4000787030016,0,117.0,162781808.0,91.0,0.0,100.0,16.0,100.0,0.0,86.0,407129757.0,65.0,31317.0,100.0,0.0,100.0,16.0,100.0,0.0,100.0,0.0,100.0,0.0,100.0,0.0,100.0,0.0,82.0,18.0,100.0,0.0,100.0,0.0,97.0,6753.0,18.0,18.0,100.0,0.0,100.0,0.0,200.0,0.0,100.0,31261.0,100.0,44433961768.0,100.0,140361108829.0
2019-06-16,Z304KCYQ,ST4000DM000,4000787030016,0,119.0,228945824.0,91.0,0.0,100.0,16.0,100.0,0.0,86.0,407579725.0,65.0,31341.0,100.0,0.0,100.0,16.0,100.0,0.0,100.0,0.0,100.0,0.0,100.0,0.0,100.0,0.0,82.0,18.0,100.0,0.0,100.0,0.0,97.0,6756.0,18.0,18.0,100.0,0.0,100.0,0.0,200.0,0.0,100.0,31284.0,100.0,44437022352.0,100.0,140535431615.0
2019-06-17,Z304KCYQ,ST4000DM000,4000787030016,0,120.0,234913440.0,91.0,0.0,100.0,16.0,100.0,0.0,86.0,408518089.0,65.0,31364.0,100.0,0.0,100.0,16.0,100.0,0.0,100.0,0.0,100.0,0.0,100.0,0.0,100.0,0.0,82.0,18.0,100.0,0.0,100.0,0.0,97.0,6774.0,18.0,18.0,100.0,0.0,100.0,0.0,200.0,0.0,100.0,31308.0,100.0,44441314032.0,100.0,140667986085.0
2019-06-18,Z304KCYQ,ST4000DM000,4000787030016,0,119.0,211282552.0,91.0,0.0,100.0,16.0,100.0,0.0,86.0,409205231.0,65.0,31388.0,100.0,0.0,100.0,16.0,100.0,0.0,100.0,0.0,100.0,0.0,100.0,0.0,100.0,0.0,82.0,18.0,100.0,0.0,100.0,0.0,97.0,6774.0,18.0,18.0,100.0,0.0,100.0,0.0,200.0,0.0,100.0,31332.0,100.0,44443543728.0,100.0,140843129412.0
2019-06-19,Z304KCYQ,ST4000DM000,4000787030016,0,120.0,239679592.0,91.0,0.0,100.0,16.0,100.0,0.0,86.0,409792843.0,65.0,31412.0,100.0,0.0,100.0,16.0,100.0,0.0,100.0,0.0,100.0,0.0,100.0,0.0,100.0,0.0,82.0,18.0,100.0,0.0,100.0,0.0,97.0,6778.0,18.0,18.0,100.0,0.0,100.0,0.0,200.0,0.0,100.0,31355.0,100.0,44445386048.0,100.0,140956612679.0
2019-06-20,Z304KCYQ,ST4000DM000,4000787030016,0,114.0,78025688.0,91.0,0.0,100.0,16.0,100.0,0.0,86.0,410870562.0,65.0,31436.0,100.0,0.0,100.0,16.0,100.0,0.0,100.0,0.0,100.0,0.0,100.0,0.0,100.0,0.0,81.0,19.0,100.0,0.0,100.0,0.0,97.0,6782.0,19.0,19.0,100.0,0.0,100.0,0.0,200.0,0.0,100.0,31379.0,100.0,44447369872.0,100.0,141115466700.0
2019-06-21,Z304KCYQ,ST4000DM000,4000787030016,0,116.0,106902512.0,91.0,0.0,100.0,16.0,100.0,0.0,86.0,412652507.0,65.0,31459.0,100.0,0.0,100.0,16.0,100.0,0.0,100.0,0.0,100.0,0.0,100.0,0.0,100.0,0.0,82.0,18.0,100.0,0.0,100.0,0.0,97.0,6783.0,18.0,18.0,100.0,0.0,100.0,0.0,200.0,0.0,100.0,31402.0,100.0,44451250640.0,100.0,141275727091.0
2019-06-22,Z304KCYQ,ST4000DM000,4000787030016,0,115.0,97125760.0,91.0,0.0,100.0,16.0,100.0,0.0,86.0,414165732.0,65.0,31483.0,100.0,0.0,100.0,16.0,100.0,0.0,100.0,0.0,100.0,0.0,100.0,0.0,100.0,0.0,81.0,19.0,100.0,0.0,100.0,0.0,97.0,6786.0,19.0,19.0,100.0,0.0,100.0,0.0,200.0,0.0,100.0,31426.0,100.0,44454660016.0,100.0,141454786224.0
2019-06-23,Z304KCYQ,ST4000DM000,4000787030016,0,113.0,57934136.0,91.0,0.0,100.0,16.0,100.0,0.0,86.0,414755210.0,65.0,31506.0,100.0,0.0,100.0,16.0,100.0,0.0,100.0,0.0,100.0,0.0,100.0,0.0,100.0,0.0,81.0,19.0,100.0,0.0,100.0,0.0,97.0,6792.0,19.0,19.0,100.0,0.0,100.0,0.0,200.0,0.0,100.0,31449.0,100.0,44456381136.0,100.0,141575598391.0
2019-06-24,Z304KCYQ,ST4000DM000,4000787030016,0,120.0,242657944.0,91.0,0.0,100.0,16.0,100.0,0.0,86.0,415913522.0,65.0,31529.0,100.0,0.0,100.0,16.0,100.0,0.0,100.0,0.0,100.0,0.0,100.0,0.0,100.0,0.0,82.0,18.0,100.0,0.0,100.0,0.0,97.0,6891.0,18.0,18.0,100.0,0.0,100.0,0.0,200.0,0.0,100.0,31472.0,100.0,44460431440.0,100.0,141678642323.0
2019-06-25,Z304KCYQ,ST4000DM000,4000787030016,0,110.0,29184880.0,91.0,0.0,100.0,16.0,100.0,0.0,86.0,416786836.0,64.0,31553.0,100.0,0.0,100.0,16.0,100.0,0.0,100.0,0.0,100.0,0.0,100.0,0.0,100.0,0.0,81.0,19.0,100.0,0.0,100.0,0.0,97.0,6894.0,19.0,19.0,100.0,0.0,100.0,0.0,200.0,0.0,100.0,31496.0,100.0,44462129168.0,100.0,141817324538.0
2019-06-26,Z304KCYQ,ST4000DM000,4000787030016,0,119.0,216555984.0,91.0,0.0,100.0,16.0,100.0,0.0,86.0,418311809.0,64.0,31577.0,100.0,0.0,100.0,16.0,100.0,0.0,100.0,0.0,100.0,0.0,100.0,0.0,100.0,0.0,82.0,18.0,100.0,0.0,100.0,0.0,97.0,6897.0,18.0,18.0,100.0,0.0,100.0,0.0,200.0,0.0,100.0,31519.0,100.0,44465929936.0,100.0,141974506002.0
2019-06-27,Z304KCYQ,ST4000DM000,4000787030016,0,115.0,88269384.0,91.0,0.0,100.0,16.0,100.0,0.0,86.0,419548044.0,64.0,31601.0,100.0,0.0,100.0,16.0,100.0,0.0,100.0,0.0,100.0,0.0,100.0,0.0,100.0,0.0,82.0,18.0,100.0,0.0,100.0,0.0,97.0,6901.0,18.0,18.0,100.0,0.0,100.0,0.0,200.0,0.0,100.0,31543.0,100.0,44468335656.0,100.0,142213048057.0
2019-06-28,Z304KCYQ,ST4000DM000,4000787030016,0,114.0,75374200.0,91.0,0.0,100.0,16.0,100.0,0.0,86.0,421522679.0,64.0,31625.0,100.0,0.0,100.0,16.0,100.0,0.0,100.0,0.0,100.0,0.0,100.0,0.0,100.0,0.0,82.0,18.0,100.0,0.0,100.0,0.0,97.0,6903.0,18.0,18.0,100.0,0.0,100.0,0.0,200.0,0.0,100.0,31567.0,100.0,44471070880.0,100.0,142591864791.0
2019-06-29,Z304KCYQ,ST4000DM000,4000787030016,0,117.0,120856600.0,91.0,0.0,100.0,16.0,100.0,0.0,86.0,423363840.0,64.0,31649.0,100.0,0.0,100.0,16.0,100.0,0.0,100.0,0.0,100.0,0.0,100.0,0.0,100.0,0.0,82.0,18.0,100.0,0.0,100.0,0.0,97.0,6904.0,18.0,18.0,100.0,0.0,100.0,0.0,200.0,0.0,100.0,31592.0,100.0,44475983400.0,100.0,142851733739.0
2019-06-30,Z304KCYQ,ST4000DM000,4000787030016,0,116.0,107943320.0,91.0,0.0,100.0,16.0,100.0,0.0,86.0,424447052.0,64.0,31673.0,100.0,0.0,100.0,16.0,100.0,0.0,100.0,0.0,100.0,0.0,100.0,0.0,100.0,0.0,82.0,18.0,100.0,0.0,100.0,0.0,97.0,6910.0,18.0,18.0,100.0,0.0,100.0,0.0,200.0,0.0,100.0,31616.0,100.0,44478197280.0,100.0,143045641984.0
2019-07-01,Z304KCYQ,ST4000DM000,4000787030016,0,118.0,186428976.0,91.0,0.0,100.0,16.0,100.0,0.0,86.0,426261823.0,64.0,31697.0,100.0,0.0,100.0,16.0,100.0,0.0,100.0,0.0,100.0,0.0,100.0,0.0,100.0,0.0,82.0,18.0,100.0,0.0,100.0,0.0,97.0,6945.0,18.0,18.0,100.0,0.0,100.0,0.0,200.0,0.0,100.0,31640.0,100.0,44482801928.0,100.0,143232440869.0
2019-07-02,Z304KCYQ,ST4000DM000,4000787030016,0,114.0,71643016.0,91.0,0.0,100.0,16.0,100.0,0.0,86.0,427922190.0,64.0,31721.0,100.0,0.0,100.0,16.0,100.0,0.0,100.0,0.0,100.0,0.0,100.0,0.0,100.0,0.0,82.0,18.0,100.0,0.0,100.0,0.0,97.0,6947.0,18.0,18.0,100.0,0.0,100.0,0.0,200.0,0.0,100.0,31664.0,100.0,44485308776.0,100.0,143452417929.0
2019-07-03,Z304KCYQ,ST4000DM000,4000787030016,0,119.0,217542168.0,91.0,0.0,100.0,16.0,100.0,0.0,86.0,429500534.0,64.0,31746.0,100.0,0.0,100.0,16.0,100.0,0.0,100.0,0.0,100.0,0.0,100.0,0.0,100.0,0.0,83.0,17.0,100.0,0.0,100.0,0.0,97.0,6949.0,17.0,17.0,100.0,0.0,100.0,0.0,200.0,0.0,100.0,31688.0,100.0,44489348424.0,100.0,143590697305.0
2019-07-04,Z304KCYQ,ST4000DM000,4000787030016,0,117.0,154378936.0,91.0,0.0,100.0,16.0,100.0,0.0,86.0,430497885.0,64.0,31770.0,100.0,0.0,100.0,16.0,100.0,0.0,100.0,0.0,100.0,0.0,100.0,0.0,100.0,0.0,82.0,18.0,100.0,0.0,100.0,0.0,97.0,6951.0,18.0,18.0,100.0,0.0,100.0,0.0,200.0,0.0,100.0,31712.0,100.0,44491385216.0,100.0,143780173871.0
2019-07-05,Z304KCYQ,ST4000DM000,4000787030016,0,114.0,63006800.0,91.0,0.0,100.0,16.0,100.0,0.0,86.0,431418385.0,64.0,31794.0,100.0,0.0,100.0,16.0,100.0,0.0,100.0,0.0,100.0,0.0,100.0,0.0,100.0,0.0,82.0,18.0,100.0,0.0,100.0,0.0,97.0,6953.0,18.0,18.0,100.0,0.0,100.0,0.0,200.0,0.0,100.0,31736.0,100.0,44493252592.0,100.0,143963453075.0
2019-07-06,Z304KCYQ,ST4000DM000,4000787030016,0,114.0,79803136.0,91.0,0.0,100.0,16.0,100.0,0.0,86.0,432855447.0,64.0,31818.0,100.0,0.0,100.0,16.0,100.0,0.0,100.0,0.0,100.0,0.0,100.0,0.0,100.0,0.0,82.0,18.0,100.0,0.0,100.0,0.0,97.0,6953.0,18.0,18.0,100.0,0.0,100.0,0.0,200.0,0.0,100.0,31761.0,100.0,44499194776.0,100.0,144217466783.0
2019-07-07,Z304KCYQ,ST4000DM000,4000787030016,0,117.0,148296224.0,91.0,0.0,100.0,16.0,100.0,0.0,86.0,433457363.0,64.0,31842.0,100.0,0.0,100.0,16.0,100.0,0.0,100.0,0.0,100.0,0.0,100.0,0.0,100.0,0.0,83.0,17.0,100.0,0.0,100.0,0.0,97.0,6954.0,17.0,17.0,100.0,0.0,100.0,0.0,200.0,0.0,100.0,31785.0,100.0,44502342048.0,100.0,144464711302.0
2019-07-08,Z304KCYQ,ST4000DM000,4000787030016,0,116.0,107496400.0,91.0,0.0,100.0,16.0,100.0,0.0,86.0,434624838.0,64.0,31866.0,100.0,0.0,100.0,16.0,100.0,0.0,100.0,0.0,100.0,0.0,100.0,0.0,100.0,0.0,82.0,18.0,100.0,0.0,100.0,0.0,97.0,6972.0,18.0,18.0,100.0,0.0,100.0,0.0,200.0,0.0,100.0,31809.0,100.0,44507956752.0,100.0,144680529141.0
2019-07-09,Z304KCYQ,ST4000DM000,4000787030016,0,119.0,206792504.0,91.0,0.0,100.0,16.0,100.0,0.0,86.0,435426333.0,64.0,31890.0,100.0,0.0,100.0,16.0,100.0,0.0,100.0,0.0,100.0,0.0,100.0,0.0,100.0,0.0,82.0,18.0,100.0,0.0,100.0,0.0,97.0,6972.0,18.0,18.0,100.0,0.0,100.0,0.0,200.0,0.0,100.0,31833.0,100.0,44511015672.0,100.0,144928839325.0
2019-07-10,Z304KCYQ,ST4000DM000,4000787030016,0,112.0,44068440.0,91.0,0.0,100.0,16.0,100.0,0.0,86.0,437123994.0,64.0,31914.0,100.0,0.0,100.0,16.0,100.0,0.0,100.0,0.0,100.0,0.0,100.0,0.0,100.0,0.0,82.0,18.0,100.0,0.0,100.0,0.0,97.0,6976.0,18.0,18.0,100.0,0.0,100.0,0.0,200.0,0.0,100.0,31857.0,100.0,44515564648.0,100.0,145132112429.0
2019-07-11,Z304KCYQ,ST4000DM000,4000787030016,0,107.0,12841272.0,91.0,0.0,100.0,16.0,100.0,0.0,86.0,439031177.0,64.0,31939.0,100.0,0.0,100.0,16.0,100.0,0.0,100.0,0.0,100.0,0.0,100.0,0.0,100.0,0.0,81.0,19.0,100.0,0.0,100.0,0.0,97.0,6978.0,19.0,19.0,100.0,0.0,100.0,0.0,200.0,0.0,100.0,31881.0,100.0,44518579704.0,100.0,145383783347.0
2019-07-12,Z304KCYQ,ST4000DM000,4000787030016,0,120.0,238987600.0,91.0,0.0,100.0,16.0,100.0,0.0,86.0,439972967.0,64.0,31963.0,100.0,0.0,100.0,16.0,100.0,0.0,100.0,0.0,100.0,0.0,100.0,0.0,100.0,0.0,82.0,18.0,100.0,0.0,100.0,0.0,97.0,6981.0,18.0,18.0,100.0,0.0,100.0,0.0,200.0,0.0,100.0,31905.0,100.0,44520940232.0,100.0,145595869942.0
2019-07-13,Z304KCYQ,ST4000DM000,4000787030016,0,114.0,67462800.0,91.0,0.0,100.0,16.0,100.0,0.0,86.0,442220863.0,64.0,31987.0,100.0,0.0,100.0,16.0,100.0,0.0,100.0,0.0,100.0,0.0,100.0,0.0,100.0,0.0,82.0,18.0,100.0,0.0,100.0,0.0,97.0,6981.0,18.0,18.0,100.0,0.0,100.0,0.0,200.0,0.0,100.0,31929.0,100.0,44526525024.0,100.0,145875072758.0
2019-07-14,Z304KCYQ,ST4000DM000,4000787030016,0,118.0,189540456.0,91.0,0.0,100.0,16.0,100.0,0.0,86.0,443826134.0,64.0,32011.0,100.0,0.0,100.0,16.0,100.0,0.0,100.0,0.0,100.0,0.0,100.0,0.0,100.0,0.0,81.0,19.0,100.0,0.0,100.0,0.0,97.0,6983.0,19.0,19.0,100.0,0.0,100.0,0.0,200.0,0.0,100.0,31954.0,100.0,44529193760.0,100.0,146175466953.0
2019-07-15,Z304KCYQ,ST4000DM000,4000787030016,0,113.0,53939104.0,91.0,0.0,100.0,16.0,100.0,0.0,86.0,446085781.0,64.0,32035.0,100.0,0.0,100.0,16.0,100.0,0.0,100.0,0.0,100.0,0.0,100.0,0.0,100.0,0.0,81.0,19.0,100.0,0.0,100.0,0.0,97.0,7036.0,19.0,19.0,100.0,0.0,100.0,0.0,200.0,0.0,100.0,31977.0,100.0,44534064760.0,100.0,146482746115.0
2019-07-16,Z304KCYQ,ST4000DM000,4000787030016,0,110.0,27280072.0,91.0,0.0,100.0,16.0,100.0,0.0,86.0,447614856.0,64.0,32059.0,100.0,0.0,100.0,16.0,100.0,0.0,100.0,0.0,100.0,0.0,100.0,0.0,100.0,0.0,83.0,17.0,100.0,0.0,100.0,0.0,97.0,7038.0,17.0,17.0,100.0,0.0,100.0,0.0,200.0,0.0,100.0,32001.0,100.0,44536382136.0,100.0,146804642238.0
2019-07-17,Z304KCYQ,ST4000DM000,4000787030016,0,119.0,227172568.0,91.0,0.0,100.0,16.0,100.0,0.0,86.0,449125373.0,64.0,32083.0,100.0,0.0,100.0,16.0,100.0,0.0,100.0,0.0,100.0,0.0,100.0,0.0,100.0,0.0,81.0,19.0,100.0,0.0,100.0,0.0,97.0,7043.0,19.0,19.0,100.0,0.0,100.0,0.0,200.0,0.0,100.0,32026.0,100.0,44539750328.0,100.0,147056750879.0
2019-07-18,Z304KCYQ,ST4000DM000,4000787030016,0,116.0,116858800.0,91.0,0.0,100.0,16.0,100.0,0.0,86.0,451713365.0,64.0,32107.0,100.0,0.0,100.0,16.0,100.0,0.0,100.0,0.0,100.0,0.0,100.0,0.0,100.0,0.0,82.0,18.0,100.0,0.0,100.0,0.0,97.0,7046.0,18.0,18.0,100.0,0.0,100.0,0.0,200.0,0.0,100.0,32050.0,100.0,44543989936.0,100.0,147362009974.0
2019-07-19,Z304KCYQ,ST4000DM000,4000787030016,0,110.0,27031416.0,91.0,0.0,100.0,16.0,100.0,0.0,86.0,452945793.0,64.0,32131.0,100.0,0.0,100.0,16.0,100.0,0.0,100.0,0.0,100.0,0.0,100.0,0.0,100.0,0.0,82.0,18.0,100.0,0.0,100.0,0.0,97.0,7049.0,18.0,18.0,100.0,0.0,100.0,0.0,200.0,0.0,100.0,32074.0,100.0,44546294904.0,100.0,147556521978.0
2019-07-20,Z304KCYQ,ST4000DM000,4000787030016,0,117.0,134339776.0,91.0,0.0,100.0,16.0,100.0,0.0,86.0,454924920.0,64.0,32156.0,100.0,0.0,100.0,16.0,100.0,0.0,100.0,0.0,100.0,0.0,100.0,0.0,100.0,0.0,82.0,18.0,100.0,0.0,100.0,0.0,97.0,7050.0,18.0,18.0,100.0,0.0,100.0,0.0,200.0,0.0,100.0,32098.0,100.0,44551484976.0,100.0,147820502410.0
2019-07-21,Z304KCYQ,ST4000DM000,4000787030016,0,117.0,120038088.0,91.0,0.0,100.0,16.0,100.0,0.0,86.0,455948881.0,64.0,32180.0,100.0,0.0,100.0,16.0,100.0,0.0,100.0,0.0,100.0,0.0,100.0,0.0,100.0,0.0,78.0,22.0,100.0,0.0,100.0,0.0,97.0,7086.0,22.0,22.0,100.0,0.0,100.0,0.0,200.0,0.0,100.0,32121.0,100.0,44554136120.0,100.0,148104884909.0
2019-07-22,Z304KCYQ,ST4000DM000,4000787030016,0,116.0,110755272.0,91.0,0.0,100.0,16.0,100.0,0.0,86.0,457081271.0,64.0,32204.0,100.0,0.0,100.0,16.0,100.0,0.0,100.0,0.0,100.0,0.0,100.0,0.0,100.0,0.0,82.0,18.0,100.0,0.0,100.0,0.0,97.0,7193.0,18.0,18.0,100.0,0.0,100.0,0.0,200.0,0.0,100.0,32145.0,100.0,44559685984.0,100.0,148293892219.0
2019-07-23,Z304KCYQ,ST4000DM000,4000787030016,0,114.0,81360456.0,91.0,0.0,100.0,16.0,100.0,0.0,86.0,457869881.0,64.0,32228.0,100.0,0.0,100.0,16.0,100.0,0.0,100.0,0.0,100.0,0.0,100.0,0.0,100.0,0.0,82.0,18.0,100.0,0.0,100.0,0.0,97.0,7198.0,18.0,18.0,100.0,0.0,100.0,0.0,200.0,0.0,100.0,32169.0,100.0,44563341104.0,100.0,148631058169.0
2019-07-24,Z304KCYQ,ST4000DM000,4000787030016,0,109.0,24599704.0,91.0,0.0,100.0,16.0,100.0,0.0,86.0,458852917.0,64.0,32252.0,100.0,0.0,100.0,16.0,100.0,0.0,100.0,0.0,100.0,0.0,100.0,0.0,100.0,0.0,81.0,19.0,100.0,0.0,100.0,0.0,97.0,7202.0,19.0,19.0,100.0,0.0,100.0,0.0,200.0,0.0,100.0,32193.0,100.0,44566623712.0,100.0,148909236948.0
2019-07-25,Z304KCYQ,ST4000DM000,4000787030016,0,117.0,164597776.0,91.0,0.0,100.0,16.0,100.0,0.0,86.0,461554292.0,64.0,32276.0,100.0,0.0,100.0,16.0,100.0,0.0,100.0,0.0,100.0,0.0,100.0,0.0,100.0,0.0,82.0,18.0,100.0,0.0,100.0,0.0,97.0,7205.0,18.0,18.0,100.0,0.0,100.0,0.0,200.0,0.0,100.0,32217.0,100.0,44572009344.0,100.0,149208464082.0
2019-07-26,Z304KCYQ,ST4000DM000,4000787030016,0,116.0,104743800.0,91.0,0.0,100.0,16.0,100.0,0.0,86.0,463175220.0,64.0,32300.0,100.0,0.0,100.0,16.0,100.0,0.0,100.0,0.0,100.0,0.0,100.0,0.0,100.0,0.0,82.0,18.0,100.0,0.0,100.0,0.0,97.0,7208.0,18.0,18.0,100.0,0.0,100.0,0.0,200.0,0.0,100.0,32241.0,100.0,44574703056.0,100.0,149514959969.0
2019-07-27,Z304KCYQ,ST4000DM000,4000787030016,0,117.0,157773136.0,91.0,0.0,100.0,16.0,100.0,0.0,86.0,465268563.0,64.0,32325.0,100.0,0.0,100.0,16.0,100.0,0.0,100.0,0.0,100.0,0.0,100.0,0.0,100.0,0.0,81.0,19.0,100.0,0.0,100.0,0.0,97.0,7213.0,19.0,19.0,100.0,0.0,100.0,0.0,200.0,0.0,100.0,32266.0,100.0,44580082328.0,100.0,149778547782.0
2019-07-28,Z304KCYQ,ST4000DM000,4000787030016,0,117.0,139576472.0,91.0,0.0,100.0,16.0,100.0,0.0,86.0,466818153.0,64.0,32349.0,100.0,0.0,100.0,16.0,100.0,0.0,100.0,0.0,100.0,0.0,100.0,0.0,100.0,0.0,82.0,18.0,100.0,0.0,100.0,0.0,97.0,7219.0,18.0,18.0,100.0,0.0,100.0,0.0,200.0,0.0,100.0,32290.0,100.0,44582648496.0,100.0,150064938767.0
2019-07-29,Z304KCYQ,ST4000DM000,4000787030016,0,114.0,81551624.0,91.0,0.0,100.0,16.0,100.0,0.0,86.0,468483582.0,64.0,32373.0,100.0,0.0,100.0,16.0,100.0,0.0,100.0,0.0,100.0,0.0,100.0,0.0,100.0,0.0,82.0,18.0,100.0,0.0,100.0,0.0,97.0,7476.0,18.0,18.0,100.0,0.0,100.0,0.0,200.0,0.0,100.0,32312.0,100.0,44586674344.0,100.0,150262144405.0
2019-07-30,Z304KCYQ,ST4000DM000,4000787030016,0,117.0,128083832.0,91.0,0.0,100.0,16.0,100.0,0.0,87.0,470193630.0,64.0,32397.0,100.0,0.0,100.0,16.0,100.0,0.0,100.0,0.0,100.0,0.0,100.0,0.0,100.0,0.0,82.0,18.0,100.0,0.0,100.0,0.0,97.0,7480.0,18.0,18.0,100.0,0.0,100.0,0.0,200.0,0.0,100.0,32336.0,100.0,44591244376.0,100.0,150602861662.0
2019-07-31,Z304KCYQ,ST4000DM000,4000787030016,0,115.0,92549488.0,91.0,0.0,100.0,16.0,100.0,0.0,87.0,471762590.0,63.0,32421.0,100.0,0.0,100.0,16.0,100.0,0.0,100.0,0.0,100.0,0.0,100.0,0.0,100.0,0.0,82.0,18.0,100.0,0.0,100.0,0.0,97.0,7480.0,18.0,18.0,100.0,0.0,100.0,0.0,200.0,0.0,100.0,32360.0,100.0,44634189928.0,100.0,150879412297.0
2019-08-01,Z304KCYQ,ST4000DM000,4000787030016,0,118.0,201024128.0,91.0,0.0,100.0,16.0,100.0,0.0,87.0,473620459.0,63.0,32445.0,100.0,0.0,100.0,16.0,100.0,0.0,100.0,0.0,100.0,0.0,100.0,0.0,100.0,0.0,82.0,18.0,100.0,0.0,100.0,0.0,97.0,7481.0,18.0,18.0,100.0,0.0,100.0,0.0,200.0,0.0,100.0,32384.0,100.0,44680842928.0,100.0,151184847383.0
2019-08-02,Z304KCYQ,ST4000DM000,4000787030016,0,120.0,243124312.0,91.0,0.0,100.0,16.0,100.0,0.0,87.0,476061133.0,63.0,32469.0,100.0,0.0,100.0,16.0,100.0,0.0,100.0,0.0,100.0,0.0,100.0,0.0,100.0,0.0,83.0,17.0,100.0,0.0,100.0,0.0,97.0,7481.0,17.0,17.0,100.0,0.0,100.0,0.0,200.0,0.0,100.0,32408.0,100.0,44727817304.0,100.0,151488016736.0
2019-08-03,Z304KCYQ,ST4000DM000,4000787030016,0,119.0,217626264.0,91.0,0.0,100.0,16.0,100.0,0.0,87.0,478010791.0,63.0,32493.0,100.0,0.0,100.0,16.0,100.0,0.0,100.0,0.0,100.0,0.0,100.0,0.0,100.0,0.0,82.0,18.0,100.0,0.0,100.0,0.0,97.0,7481.0,18.0,18.0,100.0,0.0,100.0,0.0,200.0,0.0,100.0,32432.0,100.0,44797418632.0,100.0,151701509547.0
2019-08-04,Z304KCYQ,ST4000DM000,4000787030016,0,116.0,106117608.0,91.0,0.0,100.0,16.0,100.0,0.0,87.0,479451764.0,63.0,32517.0,100.0,0.0,100.0,16.0,100.0,0.0,100.0,0.0,100.0,0.0,100.0,0.0,100.0,0.0,82.0,18.0,100.0,0.0,100.0,0.0,97.0,7481.0,18.0,18.0,100.0,0.0,100.0,0.0,200.0,0.0,100.0,32456.0,100.0,44836430496.0,100.0,151965953430.0
2019-08-05,Z304KCYQ,ST4000DM000,4000787030016,0,118.0,184387296.0,91.0,0.0,100.0,16.0,100.0,0.0,87.0,481007773.0,63.0,32542.0,100.0,0.0,100.0,16.0,100.0,0.0,100.0,0.0,100.0,0.0,100.0,0.0,100.0,0.0,82.0,18.0,100.0,0.0,100.0,0.0,97.0,7481.0,18.0,18.0,100.0,0.0,100.0,0.0,200.0,0.0,100.0,32481.0,100.0,44880546664.0,100.0,152206100496.0
2019-08-06,Z304KCYQ,ST4000DM000,4000787030016,0,117.0,150476536.0,91.0,0.0,100.0,16.0,100.0,0.0,87.0,481991092.0,63.0,32566.0,100.0,0.0,100.0,16.0,100.0,0.0,100.0,0.0,100.0,0.0,100.0,0.0,100.0,0.0,83.0,17.0,100.0,0.0,100.0,0.0,97.0,7481.0,17.0,17.0,100.0,0.0,100.0,0.0,200.0,0.0,100.0,32505.0,100.0,44925836480.0,100.0,152547931742.0
2019-08-07,Z304KCYQ,ST4000DM000,4000787030016,0,118.0,181896896.0,91.0,0.0,100.0,16.0,100.0,0.0,87.0,483088849.0,63.0,32590.0,100.0,0.0,100.0,16.0,100.0,0.0,100.0,0.0,100.0,0.0,100.0,0.0,100.0,0.0,82.0,18.0,100.0,0.0,100.0,0.0,97.0,7481.0,18.0,18.0,100.0,0.0,100.0,0.0,200.0,0.0,100.0,32529.0,100.0,44960866664.0,100.0,152885104224.0
2019-08-08,Z304KCYQ,ST4000DM000,4000787030016,0,110.0,26411432.0,91.0,0.0,100.0,16.0,100.0,0.0,87.0,484167331.0,63.0,32614.0,100.0,0.0,100.0,16.0,100.0,0.0,100.0,0.0,100.0,0.0,100.0,0.0,100.0,0.0,82.0,18.0,100.0,0.0,100.0,0.0,97.0,7482.0,18.0,18.0,100.0,0.0,100.0,0.0,200.0,0.0,100.0,32553.0,100.0,44993202384.0,100.0,153197431393.0
2019-08-09,Z304KCYQ,ST4000DM000,4000787030016,0,115.0,85967464.0,91.0,0.0,100.0,16.0,100.0,0.0,87.0,486550198.0,63.0,32638.0,100.0,0.0,100.0,16.0,100.0,0.0,100.0,0.0,100.0,0.0,100.0,0.0,100.0,0.0,82.0,18.0,100.0,0.0,100.0,0.0,97.0,7482.0,18.0,18.0,100.0,0.0,100.0,0.0,200.0,0.0,100.0,32577.0,100.0,45030305656.0,100.0,153499026434.0
2019-08-10,Z304KCYQ,ST4000DM000,4000787030016,0,118.0,177982016.0,91.0,0.0,100.0,16.0,100.0,0.0,87.0,489353038.0,63.0,32663.0,100.0,0.0,100.0,16.0,100.0,0.0,100.0,0.0,100.0,0.0,100.0,0.0,100.0,0.0,82.0,18.0,100.0,0.0,100.0,0.0,97.0,7482.0,18.0,18.0,100.0,0.0,100.0,0.0,200.0,0.0,100.0,32602.0,100.0,45062205200.0,100.0,153825300112.0
2019-08-11,Z304KCYQ,ST4000DM000,4000787030016,0,117.0,142337096.0,91.0,0.0,100.0,16.0,100.0,0.0,87.0,490901344.0,63.0,32687.0,100.0,0.0,100.0,16.0,100.0,0.0,100.0,0.0,100.0,0.0,100.0,0.0,100.0,0.0,82.0,18.0,100.0,0.0,100.0,0.0,97.0,7482.0,18.0,18.0,100.0,0.0,100.0,0.0,200.0,0.0,100.0,32626.0,100.0,45086398184.0,100.0,154082597693.0
2019-08-12,Z304KCYQ,ST4000DM000,4000787030016,0,113.0,51949224.0,91.0,0.0,100.0,16.0,100.0,0.0,87.0,492916043.0,63.0,32711.0,100.0,0.0,100.0,16.0,100.0,0.0,100.0,0.0,100.0,0.0,100.0,0.0,100.0,0.0,82.0,18.0,100.0,0.0,100.0,0.0,97.0,7482.0,18.0,18.0,100.0,0.0,100.0,0.0,200.0,0.0,100.0,32650.0,100.0,45129365040.0,100.0,154282520818.0
2019-08-13,Z304KCYQ,ST4000DM000,4000787030016,0,119.0,203634888.0,91.0,0.0,100.0,16.0,100.0,0.0,87.0,494838647.0,63.0,32735.0,100.0,0.0,100.0,16.0,100.0,0.0,100.0,0.0,100.0,0.0,100.0,0.0,100.0,0.0,81.0,19.0,100.0,0.0,100.0,0.0,97.0,7482.0,19.0,19.0,100.0,0.0,100.0,0.0,200.0,0.0,100.0,32674.0,100.0,45158046352.0,100.0,154643721383.0
2019-08-14,Z304KCYQ,ST4000DM000,4000787030016,0,117.0,124298856.0,91.0,0.0,100.0,16.0,100.0,0.0,87.0,496759714.0,63.0,32760.0,100.0,0.0,100.0,16.0,100.0,0.0,100.0,0.0,100.0,0.0,100.0,0.0,100.0,0.0,82.0,18.0,100.0,0.0,100.0,0.0,97.0,7482.0,18.0,18.0,100.0,0.0,100.0,0.0,200.0,0.0,100.0,32699.0,100.0,45184421744.0,100.0,154998014966.0
2019-08-15,Z304KCYQ,ST4000DM000,4000787030016,0,118.0,193106400.0,91.0,0.0,100.0,16.0,100.0,0.0,87.0,498046029.0,63.0,32784.0,100.0,0.0,100.0,16.0,100.0,0.0,100.0,0.0,100.0,0.0,100.0,0.0,100.0,0.0,82.0,18.0,100.0,0.0,100.0,0.0,97.0,7483.0,18.0,18.0,100.0,0.0,100.0,0.0,200.0,0.0,100.0,32723.0,100.0,45215306176.0,100.0,155322962085.0
2019-08-16,Z304KCYQ,ST4000DM000,4000787030016,0,117.0,132157024.0,91.0,0.0,100.0,16.0,100.0,0.0,87.0,499894842.0,63.0,32808.0,100.0,0.0,100.0,16.0,100.0,0.0,100.0,0.0,100.0,0.0,100.0,0.0,100.0,0.0,82.0,18.0,100.0,0.0,100.0,0.0,97.0,7483.0,18.0,18.0,100.0,0.0,100.0,0.0,200.0,0.0,100.0,32747.0,100.0,45243964744.0,100.0,155582880820.0
2019-08-17,Z304KCYQ,ST4000DM000,4000787030016,0,114.0,82861128.0,91.0,0.0,100.0,16.0,100.0,0.0,87.0,502649373.0,63.0,32832.0,100.0,0.0,100.0,16.0,100.0,0.0,100.0,0.0,100.0,0.0,100.0,0.0,100.0,0.0,82.0,18.0,100.0,0.0,100.0,0.0,97.0,7483.0,18.0,18.0,100.0,0.0,100.0,0.0,200.0,0.0,100.0,32771.0,100.0,45279778504.0,100.0,155890764364.0
2019-08-18,Z304KCYQ,ST4000DM000,4000787030016,0,117.0,132456832.0,91.0,0.0,100.0,16.0,100.0,0.0,87.0,504036299.0,63.0,32856.0,100.0,0.0,100.0,16.0,100.0,0.0,100.0,0.0,100.0,0.0,100.0,0.0,100.0,0.0,82.0,18.0,100.0,0.0,100.0,0.0,97.0,7483.0,18.0,18.0,100.0,0.0,100.0,0.0,200.0,0.0,100.0,32795.0,100.0,45302472680.0,100.0,156093576871.0
2019-08-19,Z304KCYQ,ST4000DM000,4000787030016,0,116.0,113438416.0,91.0,0.0,100.0,16.0,100.0,0.0,87.0,505717728.0,63.0,32880.0,100.0,0.0,100.0,16.0,100.0,0.0,100.0,0.0,100.0,0.0,100.0,0.0,100.0,0.0,81.0,19.0,100.0,0.0,100.0,0.0,97.0,7483.0,19.0,19.0,100.0,0.0,100.0,0.0,200.0,0.0,100.0,32819.0,100.0,45340646448.0,100.0,156288004700.0
2019-08-20,Z304KCYQ,ST4000DM000,4000787030016,0,117.0,156976336.0,91.0,0.0,100.0,16.0,100.0,0.0,87.0,506957543.0,63.0,32904.0,100.0,0.0,100.0,16.0,100.0,0.0,100.0,0.0,100.0,0.0,100.0,0.0,100.0,0.0,82.0,18.0,100.0,0.0,100.0,0.0,97.0,7483.0,18.0,18.0,100.0,0.0,100.0,0.0,200.0,0.0,100.0,32843.0,100.0,45365750128.0,100.0,156566491303.0
2019-08-21,Z304KCYQ,ST4000DM000,4000787030016,0,117.0,136105808.0,91.0,0.0,100.0,16.0,100.0,0.0,87.0,507879643.0,63.0,32928.0,100.0,0.0,100.0,16.0,100.0,0.0,100.0,0.0,100.0,0.0,100.0,0.0,100.0,0.0,82.0,18.0,100.0,0.0,100.0,0.0,97.0,7483.0,18.0,18.0,100.0,0.0,100.0,0.0,200.0,0.0,100.0,32867.0,100.0,45394462560.0,100.0,156897754522.0
2019-08-22,Z304KCYQ,ST4000DM000,4000787030016,0,114.0,75772976.0,91.0,0.0,100.0,16.0,100.0,0.0,87.0,509878443.0,63.0,32952.0,100.0,0.0,100.0,16.0,100.0,0.0,100.0,0.0,100.0,0.0,100.0,0.0,100.0,0.0,82.0,18.0,100.0,0.0,100.0,0.0,97.0,7484.0,18.0,18.0,100.0,0.0,100.0,0.0,200.0,0.0,100.0,32891.0,100.0,45427990528.0,100.0,157256108437.0
2019-08-23,Z304KCYQ,ST4000DM000,4000787030016,0,117.0,121883920.0,91.0,0.0,100.0,16.0,100.0,0.0,87.0,511160086.0,63.0,32976.0,100.0,0.0,100.0,16.0,100.0,0.0,100.0,0.0,100.0,0.0,100.0,0.0,100.0,0.0,82.0,18.0,100.0,0.0,100.0,0.0,97.0,7484.0,18.0,18.0,100.0,0.0,100.0,0.0,200.0,0.0,100.0,32915.0,100.0,45462543680.0,100.0,157551158417.0
2019-08-24,Z304KCYQ,ST4000DM000,4000787030016,0,119.0,210427960.0,91.0,0.0,100.0,16.0,100.0,0.0,87.0,513872127.0,63.0,33001.0,100.0,0.0,100.0,16.0,100.0,0.0,100.0,0.0,100.0,0.0,100.0,0.0,100.0,0.0,82.0,18.0,100.0,0.0,100.0,0.0,97.0,7484.0,18.0,18.0,100.0,0.0,100.0,0.0,200.0,0.0,100.0,32940.0,100.0,45488555032.0,100.0,157870925358.0
2019-08-25,Z304KCYQ,ST4000DM000,4000787030016,0,108.0,19002320.0,91.0,0.0,100.0,16.0,100.0,0.0,87.0,515652386.0,63.0,33025.0,100.0,0.0,100.0,16.0,100.0,0.0,100.0,0.0,100.0,0.0,100.0,0.0,100.0,0.0,82.0,18.0,100.0,0.0,100.0,0.0,97.0,7484.0,18.0,18.0,100.0,0.0,100.0,0.0,200.0,0.0,100.0,32964.0,100.0,45519351552.0,100.0,158185048670.0
2019-08-26,Z304KCYQ,ST4000DM000,4000787030016,0,108.0,17541344.0,91.0,0.0,100.0,16.0,100.0,0.0,87.0,519340573.0,63.0,33073.0,100.0,0.0,100.0,16.0,100.0,0.0,100.0,0.0,100.0,0.0,100.0,0.0,100.0,0.0,82.0,18.0,100.0,0.0,100.0,0.0,97.0,7484.0,18.0,18.0,100.0,0.0,100.0,0.0,200.0,0.0,100.0,33012.0,100.0,45609110880.0,100.0,158661145251.0
2019-08-27,Z304KCYQ,ST4000DM000,4000787030016,0,108.0,17541344.0,91.0,0.0,100.0,16.0,100.0,0.0,87.0,519340573.0,63.0,33073.0,100.0,0.0,100.0,16.0,100.0,0.0,100.0,0.0,100.0,0.0,100.0,0.0,100.0,0.0,82.0,18.0,100.0,0.0,100.0,0.0,97.0,7484.0,18.0,18.0,100.0,0.0,100.0,0.0,200.0,0.0,100.0,33012.0,100.0,45609110880.0,100.0,158661145251.0
2019-08-28,Z304KCYQ,ST4000DM000,4000787030016,0,118.0,169169336.0,91.0,0.0,100.0,16.0,100.0,0.0,87.0,521515895.0,63.0,33097.0,100.0,0.0,100.0,16.0,100.0,0.0,100.0,0.0,100.0,0.0,100.0,0.0,100.0,0.0,82.0,18.0,100.0,0.0,100.0,0.0,97.0,7484.0,18.0,18.0,100.0,0.0,100.0,0.0,200.0,0.0,100.0,33036.0,100.0,45645483280.0,100.0,159046114484.0
2019-08-29,Z304KCYQ,ST4000DM000,4000787030016,0,116.0,114114424.0,91.0,0.0,100.0,16.0,100.0,0.0,87.0,523329866.0,63.0,33121.0,100.0,0.0,100.0,16.0,100.0,0.0,100.0,0.0,100.0,0.0,100.0,0.0,100.0,0.0,81.0,19.0,100.0,0.0,100.0,0.0,97.0,7484.0,19.0,19.0,100.0,0.0,100.0,0.0,200.0,0.0,100.0,33060.0,100.0,45689024216.0,100.0,159383202025.0
2019-08-30,Z304KCYQ,ST4000DM000,4000787030016,0,116.0,102545152.0,91.0,0.0,100.0,16.0,100.0,0.0,87.0,525212703.0,63.0,33145.0,100.0,0.0,100.0,16.0,100.0,0.0,100.0,0.0,100.0,0.0,100.0,0.0,100.0,0.0,81.0,19.0,100.0,0.0,100.0,0.0,97.0,7484.0,19.0,19.0,100.0,0.0,100.0,0.0,200.0,0.0,100.0,33084.0,100.0,45728820048.0,100.0,159656048795.0
2019-08-31,Z304KCYQ,ST4000DM000,4000787030016,0,108.0,18860096.0,91.0,0.0,100.0,16.0,100.0,0.0,87.0,527923305.0,63.0,33169.0,100.0,0.0,100.0,16.0,100.0,0.0,100.0,0.0,100.0,0.0,100.0,0.0,100.0,0.0,81.0,19.0,100.0,0.0,100.0,0.0,97.0,7484.0,19.0,19.0,100.0,0.0,100.0,0.0,200.0,0.0,100.0,33108.0,100.0,45764491520.0,100.0,159959458626.0
2019-09-01,Z304KCYQ,ST4000DM000,4000787030016,0,110.0,28608472.0,91.0,0.0,100.0,16.0,100.0,0.0,87.0,529335938.0,63.0,33193.0,100.0,0.0,100.0,16.0,100.0,0.0,100.0,0.0,100.0,0.0,100.0,0.0,100.0,0.0,81.0,19.0,100.0,0.0,100.0,0.0,97.0,7484.0,19.0,19.0,100.0,0.0,100.0,0.0,200.0,0.0,100.0,33132.0,100.0,45788437504.0,100.0,160170269258.0
2019-09-02,Z304KCYQ,ST4000DM000,4000787030016,0,114.0,60977576.0,91.0,0.0,100.0,16.0,100.0,0.0,87.0,531027742.0,63.0,33217.0,100.0,0.0,100.0,16.0,100.0,0.0,100.0,0.0,100.0,0.0,100.0,0.0,100.0,0.0,81.0,19.0,100.0,0.0,100.0,0.0,97.0,7484.0,19.0,19.0,100.0,0.0,100.0,0.0,200.0,0.0,100.0,33156.0,100.0,45819083536.0,100.0,160360150279.0
2019-09-03,Z304KCYQ,ST4000DM000,4000787030016,0,117.0,164038560.0,91.0,0.0,100.0,16.0,100.0,0.0,87.0,532494691.0,63.0,33241.0,100.0,0.0,100.0,16.0,100.0,0.0,100.0,0.0,100.0,0.0,100.0,0.0,100.0,0.0,82.0,18.0,100.0,0.0,100.0,0.0,97.0,7484.0,18.0,18.0,100.0,0.0,100.0,0.0,200.0,0.0,100.0,33180.0,100.0,45855334080.0,100.0,160638864431.0
2019-09-04,Z304KCYQ,ST4000DM000,4000787030016,0,110.0,25368880.0,91.0,0.0,100.0,16.0,100.0,0.0,87.0,534256681.0,63.0,33265.0,100.0,0.0,100.0,16.0,100.0,0.0,100.0,0.0,100.0,0.0,100.0,0.0,100.0,0.0,82.0,18.0,100.0,0.0,100.0,0.0,97.0,7484.0,18.0,18.0,100.0,0.0,100.0,0.0,200.0,0.0,100.0,33204.0,100.0,45893761928.0,100.0,160970269799.0
2019-09-05,Z304KCYQ,ST4000DM000,4000787030016,0,117.0,152351872.0,91.0,0.0,100.0,16.0,100.0,0.0,87.0,535259309.0,62.0,33289.0,100.0,0.0,100.0,16.0,100.0,0.0,100.0,0.0,100.0,0.0,100.0,0.0,100.0,0.0,82.0,18.0,100.0,0.0,100.0,0.0,97.0,7484.0,18.0,18.0,100.0,0.0,100.0,0.0,200.0,0.0,100.0,33229.0,100.0,45932408656.0,100.0,161312660159.0
2019-09-06,Z304KCYQ,ST4000DM000,4000787030016,0,117.0,157011904.0,91.0,0.0,100.0,16.0,100.0,0.0,87.0,536788515.0,62.0,33314.0,100.0,0.0,100.0,16.0,100.0,0.0,100.0,0.0,100.0,0.0,100.0,0.0,100.0,0.0,82.0,18.0,100.0,0.0,100.0,0.0,97.0,7486.0,18.0,18.0,100.0,0.0,100.0,0.0,200.0,0.0,100.0,33253.0,100.0,45970277144.0,100.0,161640034247.0
2019-09-07,Z304KCYQ,ST4000DM000,4000787030016,0,117.0,118617624.0,91.0,0.0,100.0,16.0,100.0,0.0,87.0,538428087.0,62.0,33338.0,100.0,0.0,100.0,16.0,100.0,0.0,100.0,0.0,100.0,0.0,100.0,0.0,100.0,0.0,82.0,18.0,100.0,0.0,100.0,0.0,97.0,7486.0,18.0,18.0,100.0,0.0,100.0,0.0,200.0,0.0,100.0,33277.0,100.0,46024341176.0,100.0,162001982230.0
2019-09-08,Z304KCYQ,ST4000DM000,4000787030016,0,117.0,150519232.0,91.0,0.0,100.0,16.0,100.0,0.0,87.0,540522976.0,62.0,33362.0,100.0,0.0,100.0,16.0,100.0,0.0,100.0,0.0,100.0,0.0,100.0,0.0,100.0,0.0,81.0,19.0,100.0,0.0,100.0,0.0,97.0,7486.0,19.0,19.0,100.0,0.0,100.0,0.0,200.0,0.0,100.0,33301.0,100.0,46068758480.0,100.0,162287962801.0
2019-09-09,Z304KCYQ,ST4000DM000,4000787030016,0,108.0,15206648.0,91.0,0.0,100.0,16.0,100.0,0.0,87.0,542678840.0,62.0,33386.0,100.0,0.0,100.0,16.0,100.0,0.0,100.0,0.0,100.0,0.0,100.0,0.0,100.0,0.0,81.0,19.0,100.0,0.0,100.0,0.0,97.0,7486.0,19.0,19.0,100.0,0.0,100.0,0.0,200.0,0.0,100.0,33325.0,100.0,46112893744.0,100.0,162516278551.0
2019-09-10,Z304KCYQ,ST4000DM000,4000787030016,0,114.0,61652088.0,91.0,0.0,100.0,16.0,100.0,0.0,87.0,544148861.0,62.0,33410.0,100.0,0.0,100.0,16.0,100.0,0.0,100.0,0.0,100.0,0.0,100.0,0.0,100.0,0.0,81.0,19.0,100.0,0.0,100.0,0.0,97.0,7486.0,19.0,19.0,100.0,0.0,100.0,0.0,200.0,0.0,100.0,33349.0,100.0,46163626760.0,100.0,162785553846.0
2019-09-11,Z304KCYQ,ST4000DM000,4000787030016,0,117.0,117925144.0,91.0,0.0,100.0,16.0,100.0,0.0,87.0,546161969.0,62.0,33434.0,100.0,0.0,100.0,16.0,100.0,0.0,100.0,0.0,100.0,0.0,100.0,0.0,100.0,0.0,81.0,19.0,100.0,0.0,100.0,0.0,97.0,7486.0,19.0,19.0,100.0,0.0,100.0,0.0,200.0,0.0,100.0,33373.0,100.0,46198789672.0,100.0,163081662033.0
2019-09-12,Z304KCYQ,ST4000DM000,4000787030016,0,117.0,137876120.0,91.0,0.0,100.0,16.0,100.0,0.0,87.0,546757715.0,62.0,33446.0,100.0,0.0,100.0,16.0,100.0,0.0,100.0,0.0,100.0,0.0,100.0,0.0,100.0,0.0,81.0,19.0,100.0,0.0,100.0,0.0,97.0,7486.0,19.0,19.0,100.0,0.0,100.0,0.0,200.0,0.0,100.0,33385.0,100.0,46222144304.0,100.0,163198297042.0
2019-09-13,Z304KCYQ,ST4000DM000,4000787030016,0,118.0,168048768.0,91.0,0.0,100.0,16.0,100.0,0.0,87.0,548510404.0,62.0,33470.0,100.0,0.0,100.0,16.0,100.0,0.0,100.0,0.0,100.0,0.0,100.0,0.0,100.0,0.0,81.0,19.0,100.0,0.0,100.0,0.0,97.0,7486.0,19.0,19.0,100.0,0.0,100.0,0.0,200.0,0.0,100.0,33409.0,100.0,46257297440.0,100.0,163559509574.0
2019-09-14,Z304KCYQ,ST4000DM000,4000787030016,0,120.0,241525720.0,91.0,0.0,100.0,16.0,100.0,0.0,87.0,551167700.0,62.0,33494.0,100.0,0.0,100.0,16.0,100.0,0.0,100.0,0.0,100.0,0.0,100.0,0.0,100.0,0.0,81.0,19.0,100.0,0.0,100.0,0.0,97.0,7486.0,19.0,19.0,100.0,0.0,100.0,0.0,200.0,0.0,100.0,33433.0,100.0,46300470288.0,100.0,163901510057.0
2019-09-15,Z304KCYQ,ST4000DM000,4000787030016,0,112.0,49242664.0,91.0,0.0,100.0,16.0,100.0,0.0,87.0,552750960.0,62.0,33518.0,100.0,0.0,100.0,16.0,100.0,0.0,100.0,0.0,100.0,0.0,100.0,0.0,100.0,0.0,81.0,19.0,100.0,0.0,100.0,0.0,97.0,7486.0,19.0,19.0,100.0,0.0,100.0,0.0,200.0,0.0,100.0,33457.0,100.0,46325139136.0,100.0,164194390044.0
2019-09-16,Z304KCYQ,ST4000DM000,4000787030016,0,116.0,107233072.0,91.0,0.0,100.0,16.0,100.0,0.0,87.0,554637806.0,62.0,33542.0,100.0,0.0,100.0,16.0,100.0,0.0,100.0,0.0,100.0,0.0,100.0,0.0,100.0,0.0,81.0,19.0,100.0,0.0,100.0,0.0,97.0,7486.0,19.0,19.0,100.0,0.0,100.0,0.0,200.0,0.0,100.0,33481.0,100.0,46371899944.0,100.0,164403317471.0
2019-09-17,Z304KCYQ,ST4000DM000,4000787030016,0,118.0,179383512.0,91.0,0.0,100.0,16.0,100.0,0.0,87.0,557136382.0,62.0,33566.0,100.0,0.0,100.0,16.0,100.0,0.0,100.0,0.0,100.0,0.0,100.0,0.0,100.0,0.0,81.0,19.0,100.0,0.0,100.0,0.0,97.0,7486.0,19.0,19.0,100.0,0.0,100.0,0.0,200.0,0.0,100.0,33505.0,100.0,46414839744.0,100.0,164705433137.0
2019-09-18,Z304KCYQ,ST4000DM000,4000787030016,0,109.0,23385336.0,91.0,0.0,100.0,16.0,100.0,0.0,87.0,559391960.0,62.0,33602.0,100.0,0.0,100.0,16.0,100.0,0.0,100.0,0.0,100.0,0.0,100.0,0.0,100.0,0.0,82.0,18.0,100.0,0.0,100.0,0.0,97.0,7486.0,18.0,18.0,100.0,0.0,100.0,0.0,200.0,0.0,100.0,33541.0,100.0,46472243448.0,100.0,165045102164.0
2019-09-19,Z304KCYQ,ST4000DM000,4000787030016,0,117.0,155315496.0,91.0,0.0,100.0,16.0,100.0,0.0,87.0,560450655.0,62.0,33626.0,100.0,0.0,100.0,16.0,100.0,0.0,100.0,0.0,100.0,0.0,100.0,0.0,100.0,0.0,82.0,18.0,100.0,0.0,100.0,0.0,97.0,7487.0,18.0,18.0,100.0,0.0,100.0,0.0,200.0,0.0,100.0,33565.0,100.0,46518028392.0,100.0,165301364741.0
2019-09-20,Z304KCYQ,ST4000DM000,4000787030016,0,119.0,217537440.0,91.0,0.0,100.0,16.0,100.0,0.0,87.0,563003986.0,62.0,33650.0,100.0,0.0,100.0,16.0,100.0,0.0,100.0,0.0,100.0,0.0,100.0,0.0,100.0,0.0,81.0,19.0,100.0,0.0,100.0,0.0,97.0,7487.0,19.0,19.0,100.0,0.0,100.0,0.0,200.0,0.0,100.0,33589.0,100.0,46550217088.0,100.0,165606436953.0
2019-09-21,Z304KCYQ,ST4000DM000,4000787030016,0,112.0,43733024.0,91.0,0.0,100.0,16.0,100.0,0.0,87.0,564420531.0,62.0,33674.0,100.0,0.0,100.0,16.0,100.0,0.0,100.0,0.0,100.0,0.0,100.0,0.0,100.0,0.0,82.0,18.0,100.0,0.0,100.0,0.0,97.0,7487.0,18.0,18.0,100.0,0.0,100.0,0.0,200.0,0.0,100.0,33613.0,100.0,46596040608.0,100.0,165950946790.0
2019-09-22,Z304KCYQ,ST4000DM000,4000787030016,0,116.0,105970640.0,91.0,0.0,100.0,16.0,100.0,0.0,87.0,565394026.0,62.0,33698.0,100.0,0.0,100.0,16.0,100.0,0.0,100.0,0.0,100.0,0.0,100.0,0.0,100.0,0.0,82.0,18.0,100.0,0.0,100.0,0.0,97.0,7487.0,18.0,18.0,100.0,0.0,100.0,0.0,200.0,0.0,100.0,33637.0,100.0,46635579144.0,100.0,166293274767.0
2019-09-23,Z304KCYQ,ST4000DM000,4000787030016,0,108.0,19368176.0,91.0,0.0,100.0,16.0,100.0,0.0,87.0,567128613.0,62.0,33722.0,100.0,0.0,100.0,16.0,100.0,0.0,100.0,0.0,100.0,0.0,100.0,0.0,100.0,0.0,82.0,18.0,100.0,0.0,100.0,0.0,97.0,7487.0,18.0,18.0,100.0,0.0,100.0,0.0,200.0,0.0,100.0,33661.0,100.0,46666573960.0,100.0,166497518201.0
2019-09-24,Z304KCYQ,ST4000DM000,4000787030016,0,117.0,166567416.0,91.0,0.0,100.0,16.0,100.0,0.0,87.0,569730110.0,62.0,33747.0,100.0,0.0,100.0,16.0,100.0,0.0,100.0,0.0,100.0,0.0,100.0,0.0,100.0,0.0,81.0,19.0,100.0,0.0,100.0,0.0,97.0,7487.0,19.0,19.0,100.0,0.0,100.0,0.0,200.0,0.0,100.0,33686.0,100.0,46704277768.0,100.0,166840620871.0
2019-09-25,Z304KCYQ,ST4000DM000,4000787030016,0,117.0,132147880.0,91.0,0.0,100.0,16.0,100.0,0.0,87.0,570650834.0,62.0,33759.0,100.0,0.0,100.0,16.0,100.0,0.0,100.0,0.0,100.0,0.0,100.0,0.0,100.0,0.0,81.0,19.0,100.0,0.0,100.0,0.0,97.0,7487.0,19.0,19.0,100.0,0.0,100.0,0.0,200.0,0.0,100.0,33698.0,100.0,46731158496.0,100.0,166998042591.0
2019-09-26,Z304KCYQ,ST4000DM000,4000787030016,0,117.0,139111792.0,91.0,0.0,100.0,16.0,100.0,0.0,87.0,571968821.0,62.0,33783.0,100.0,0.0,100.0,16.0,100.0,0.0,100.0,0.0,100.0,0.0,100.0,0.0,100.0,0.0,81.0,19.0,100.0,0.0,100.0,0.0,97.0,7488.0,19.0,19.0,100.0,0.0,100.0,0.0,200.0,0.0,100.0,33722.0,100.0,46778537232.0,100.0,167261857231.0
2019-09-27,Z304KCYQ,ST4000DM000,4000787030016,0,116.0,108802232.0,91.0,0.0,100.0,16.0,100.0,0.0,87.0,573321541.0,62.0,33807.0,100.0,0.0,100.0,16.0,100.0,0.0,100.0,0.0,100.0,0.0,100.0,0.0,100.0,0.0,81.0,19.0,100.0,0.0,100.0,0.0,97.0,7488.0,19.0,19.0,100.0,0.0,100.0,0.0,200.0,0.0,100.0,33746.0,100.0,46816099392.0,100.0,167494921871.0
2019-09-28,Z304KCYQ,ST4000DM000,4000787030016,0,118.0,195118648.0,91.0,0.0,100.0,16.0,100.0,0.0,87.0,575958941.0,62.0,33831.0,100.0,0.0,100.0,16.0,100.0,0.0,100.0,0.0,100.0,0.0,100.0,0.0,100.0,0.0,81.0,19.0,100.0,0.0,100.0,0.0,97.0,7488.0,19.0,19.0,100.0,0.0,100.0,0.0,200.0,0.0,100.0,33770.0,100.0,46852291200.0,100.0,167792225193.0
2019-09-29,Z304KCYQ,ST4000DM000,4000787030016,0,115.0,86423712.0,91.0,0.0,100.0,16.0,100.0,0.0,87.0,578198758.0,62.0,33855.0,100.0,0.0,100.0,16.0,100.0,0.0,100.0,0.0,100.0,0.0,100.0,0.0,100.0,0.0,81.0,19.0,100.0,0.0,100.0,0.0,97.0,7488.0,19.0,19.0,100.0,0.0,100.0,0.0,200.0,0.0,100.0,33794.0,100.0,46887987880.0,100.0,168186058255.0
2019-09-30,Z304KCYQ,ST4000DM000,4000787030016,0,114.0,77944024.0,91.0,0.0,100.0,16.0,100.0,0.0,87.0,580106757.0,62.0,33879.0,100.0,0.0,100.0,16.0,100.0,0.0,100.0,0.0,100.0,0.0,100.0,0.0,100.0,0.0,81.0,19.0,100.0,0.0,100.0,0.0,97.0,7488.0,19.0,19.0,100.0,0.0,100.0,0.0,200.0,0.0,100.0,33818.0,100.0,46929544728.0,100.0,168427981175.0
2019-10-01,Z304KCYQ,ST4000DM000,4000787030016,0,120.0,235715376.0,91.0,0.0,100.0,16.0,100.0,0.0,87.0,581804611.0,62.0,33903.0,100.0,0.0,100.0,16.0,100.0,0.0,100.0,0.0,100.0,0.0,100.0,0.0,100.0,0.0,81.0,19.0,100.0,0.0,100.0,0.0,97.0,7488.0,19.0,19.0,100.0,0.0,100.0,0.0,200.0,0.0,100.0,33842.0,100.0,46980709384.0,100.0,168696146893.0
2019-10-02,Z304KCYQ,ST4000DM000,4000787030016,0,118.0,200363128.0,91.0,0.0,100.0,16.0,100.0,0.0,87.0,585031273.0,62.0,33939.0,100.0,0.0,100.0,16.0,100.0,0.0,100.0,0.0,100.0,0.0,100.0,0.0,100.0,0.0,81.0,19.0,100.0,0.0,100.0,0.0,97.0,7490.0,19.0,19.0,100.0,0.0,100.0,0.0,200.0,0.0,100.0,33878.0,100.0,47044125368.0,100.0,169140240174.0
2019-10-03,Z304KCYQ,ST4000DM000,4000787030016,0,117.0,159905424.0,91.0,0.0,100.0,16.0,100.0,0.0,87.0,585811923.0,62.0,33963.0,100.0,0.0,100.0,16.0,100.0,0.0,100.0,0.0,100.0,0.0,100.0,0.0,100.0,0.0,82.0,18.0,100.0,0.0,100.0,0.0,97.0,7490.0,18.0,18.0,100.0,0.0,100.0,0.0,200.0,0.0,100.0,33902.0,100.0,47072672088.0,100.0,169333771792.0
2019-10-04,Z304KCYQ,ST4000DM000,4000787030016,0,115.0,94492864.0,91.0,0.0,100.0,16.0,100.0,0.0,87.0,586662941.0,62.0,33975.0,100.0,0.0,100.0,16.0,100.0,0.0,100.0,0.0,100.0,0.0,100.0,0.0,100.0,0.0,81.0,19.0,100.0,0.0,100.0,0.0,97.0,7490.0,19.0,19.0,100.0,0.0,100.0,0.0,200.0,0.0,100.0,33914.0,100.0,47089415688.0,100.0,169389073256.0
2019-10-05,Z304KCYQ,ST4000DM000,4000787030016,0,120.0,237227376.0,91.0,0.0,100.0,16.0,100.0,0.0,87.0,588609074.0,62.0,33999.0,100.0,0.0,100.0,16.0,100.0,0.0,100.0,0.0,100.0,0.0,100.0,0.0,100.0,0.0,82.0,18.0,100.0,0.0,100.0,0.0,97.0,7491.0,18.0,18.0,100.0,0.0,100.0,0.0,200.0,0.0,100.0,33938.0,100.0,47128694776.0,100.0,169543975028.0
2019-10-06,Z304KCYQ,ST4000DM000,4000787030016,0,115.0,83984200.0,91.0,0.0,100.0,16.0,100.0,0.0,87.0,589255233.0,62.0,34023.0,100.0,0.0,100.0,16.0,100.0,0.0,100.0,0.0,100.0,0.0,100.0,0.0,100.0,0.0,81.0,19.0,100.0,0.0,100.0,0.0,97.0,7491.0,19.0,19.0,100.0,0.0,100.0,0.0,200.0,0.0,100.0,33962.0,100.0,47168433488.0,100.0,169622560240.0
2019-10-07,Z304KCYQ,ST4000DM000,4000787030016,0,117.0,143562744.0,91.0,0.0,100.0,16.0,100.0,0.0,87.0,590638006.0,62.0,34047.0,100.0,0.0,100.0,16.0,100.0,0.0,100.0,0.0,100.0,0.0,100.0,0.0,100.0,0.0,81.0,19.0,100.0,0.0,100.0,0.0,97.0,7491.0,19.0,19.0,100.0,0.0,100.0,0.0,200.0,0.0,100.0,33986.0,100.0,47205292864.0,100.0,169728450387.0
2019-10-08,Z304KCYQ,ST4000DM000,4000787030016,0,114.0,78443768.0,91.0,0.0,100.0,16.0,100.0,0.0,87.0,591313379.0,62.0,34071.0,100.0,0.0,100.0,16.0,100.0,0.0,100.0,0.0,100.0,0.0,100.0,0.0,100.0,0.0,81.0,19.0,100.0,0.0,100.0,0.0,97.0,7491.0,19.0,19.0,100.0,0.0,100.0,0.0,200.0,0.0,100.0,34010.0,100.0,47246408544.0,100.0,169818539049.0
2019-10-09,Z304KCYQ,ST4000DM000,4000787030016,0,117.0,132106240.0,91.0,0.0,100.0,16.0,100.0,0.0,87.0,592197523.0,62.0,34095.0,100.0,0.0,100.0,16.0,100.0,0.0,100.0,0.0,100.0,0.0,100.0,0.0,100.0,0.0,81.0,19.0,100.0,0.0,100.0,0.0,97.0,7491.0,19.0,19.0,100.0,0.0,100.0,0.0,200.0,0.0,100.0,34034.0,100.0,47283620352.0,100.0,169946893681.0
2019-10-10,Z304KCYQ,ST4000DM000,4000787030016,0,119.0,209814536.0,91.0,0.0,100.0,16.0,100.0,0.0,87.0,592977020.0,62.0,34119.0,100.0,0.0,100.0,16.0,100.0,0.0,100.0,0.0,100.0,0.0,100.0,0.0,100.0,0.0,81.0,19.0,100.0,0.0,100.0,0.0,97.0,7491.0,19.0,19.0,100.0,0.0,100.0,0.0,200.0,0.0,100.0,34058.0,100.0,47332394376.0,100.0,170036769594.0
2019-10-11,Z304KCYQ,ST4000DM000,4000787030016,0,102.0,4594944.0,91.0,0.0,100.0,16.0,100.0,0.0,87.0,593848482.0,62.0,34143.0,100.0,0.0,100.0,16.0,100.0,0.0,100.0,0.0,100.0,0.0,100.0,0.0,100.0,0.0,81.0,19.0,100.0,0.0,100.0,0.0,97.0,7492.0,19.0,19.0,100.0,0.0,100.0,0.0,200.0,0.0,100.0,34082.0,100.0,47373922504.0,100.0,170189452992.0
2019-10-12,Z304KCYQ,ST4000DM000,4000787030016,0,114.0,68827736.0,91.0,0.0,100.0,16.0,100.0,0.0,87.0,595055057.0,61.0,34168.0,100.0,0.0,100.0,16.0,100.0,0.0,100.0,0.0,100.0,0.0,100.0,0.0,100.0,0.0,81.0,19.0,100.0,0.0,100.0,0.0,97.0,7492.0,19.0,19.0,100.0,0.0,100.0,0.0,200.0,0.0,100.0,34107.0,100.0,47420161432.0,100.0,170283467775.0
2019-10-13,Z304KCYQ,ST4000DM000,4000787030016,0,111.0,39134392.0,91.0,0.0,100.0,16.0,100.0,0.0,87.0,595593911.0,61.0,34192.0,100.0,0.0,100.0,16.0,100.0,0.0,100.0,0.0,100.0,0.0,100.0,0.0,100.0,0.0,81.0,19.0,100.0,0.0,100.0,0.0,97.0,7492.0,19.0,19.0,100.0,0.0,100.0,0.0,200.0,0.0,100.0,34131.0,100.0,47456694544.0,100.0,170376753605.0
2019-10-14,Z304KCYQ,ST4000DM000,4000787030016,0,114.0,78550816.0,91.0,0.0,100.0,16.0,100.0,0.0,87.0,597004925.0,61.0,34216.0,100.0,0.0,100.0,16.0,100.0,0.0,100.0,0.0,100.0,0.0,100.0,0.0,100.0,0.0,81.0,19.0,100.0,0.0,100.0,0.0,97.0,7492.0,19.0,19.0,100.0,0.0,100.0,0.0,200.0,0.0,100.0,34155.0,100.0,47501804400.0,100.0,170597907557.0
2019-10-15,Z304KCYQ,ST4000DM000,4000787030016,0,114.0,75399544.0,91.0,0.0,100.0,16.0,100.0,0.0,87.0,599494776.0,61.0,34264.0,100.0,0.0,100.0,16.0,100.0,0.0,100.0,0.0,100.0,0.0,100.0,0.0,100.0,0.0,81.0,19.0,100.0,0.0,100.0,0.0,97.0,7492.0,19.0,19.0,100.0,0.0,100.0,0.0,200.0,0.0,100.0,34203.0,100.0,47605710400.0,100.0,171238782150.0
2019-10-16,Z304KCYQ,ST4000DM000,4000787030016,0,114.0,75399544.0,91.0,0.0,100.0,16.0,100.0,0.0,87.0,599494776.0,61.0,34264.0,100.0,0.0,100.0,16.0,100.0,0.0,100.0,0.0,100.0,0.0,100.0,0.0,100.0,0.0,81.0,19.0,100.0,0.0,100.0,0.0,97.0,7492.0,19.0,19.0,100.0,0.0,100.0,0.0,200.0,0.0,100.0,34203.0,100.0,47605710400.0,100.0,171238782150.0
2019-10-17,Z304KCYQ,ST4000DM000,4000787030016,0,118.0,179257200.0,91.0,0.0,100.0,16.0,100.0,0.0,87.0,601750089.0,61.0,34288.0,100.0,0.0,100.0,16.0,100.0,0.0,100.0,0.0,100.0,0.0,100.0,0.0,100.0,0.0,81.0,19.0,100.0,0.0,100.0,0.0,97.0,7493.0,19.0,19.0,100.0,0.0,100.0,0.0,200.0,0.0,100.0,34227.0,100.0,47640040984.0,100.0,171489034382.0
2019-10-18,Z304KCYQ,ST4000DM000,4000787030016,0,114.0,83752464.0,91.0,0.0,100.0,16.0,100.0,0.0,87.0,603973495.0,61.0,34312.0,100.0,0.0,100.0,16.0,100.0,0.0,100.0,0.0,100.0,0.0,100.0,0.0,100.0,0.0,81.0,19.0,100.0,0.0,100.0,0.0,97.0,7493.0,19.0,19.0,100.0,0.0,100.0,0.0,200.0,0.0,100.0,34251.0,100.0,47682505440.0,100.0,171789267880.0
2019-10-19,Z304KCYQ,ST4000DM000,4000787030016,0,118.0,182821952.0,91.0,0.0,100.0,16.0,100.0,0.0,87.0,607202371.0,61.0,34348.0,100.0,0.0,100.0,16.0,100.0,0.0,100.0,0.0,100.0,0.0,100.0,0.0,100.0,0.0,81.0,19.0,100.0,0.0,100.0,0.0,97.0,7494.0,19.0,19.0,100.0,0.0,100.0,0.0,200.0,0.0,100.0,34287.0,100.0,47735299008.0,100.0,172246846045.0
2019-10-20,Z304KCYQ,ST4000DM000,4000787030016,0,116.0,113485864.0,91.0,0.0,100.0,16.0,100.0,0.0,87.0,609339580.0,61.0,34372.0,100.0,0.0,100.0,16.0,100.0,0.0,100.0,0.0,100.0,0.0,100.0,0.0,100.0,0.0,81.0,19.0,100.0,0.0,100.0,0.0,97.0,7494.0,19.0,19.0,100.0,0.0,100.0,0.0,200.0,0.0,100.0,34311.0,100.0,47774207000.0,100.0,172542004778.0
2019-10-21,Z304KCYQ,ST4000DM000,4000787030016,0,119.0,207907632.0,91.0,0.0,100.0,16.0,100.0,0.0,87.0,610995475.0,61.0,34396.0,100.0,0.0,100.0,16.0,100.0,0.0,100.0,0.0,100.0,0.0,100.0,0.0,100.0,0.0,81.0,19.0,100.0,0.0,100.0,0.0,97.0,7494.0,19.0,19.0,100.0,0.0,100.0,0.0,200.0,0.0,100.0,34335.0,100.0,47811186872.0,100.0,172702912861.0
2019-10-22,Z304KCYQ,ST4000DM000,4000787030016,0,119.0,206105096.0,91.0,0.0,100.0,16.0,100.0,0.0,87.0,612185947.0,61.0,34408.0,100.0,0.0,100.0,16.0,100.0,0.0,100.0,0.0,100.0,0.0,100.0,0.0,100.0,0.0,81.0,19.0,100.0,0.0,100.0,0.0,97.0,7494.0,19.0,19.0,100.0,0.0,100.0,0.0,200.0,0.0,100.0,34347.0,100.0,47832841160.0,100.0,172918241579.0
2019-10-23,Z304KCYQ,ST4000DM000,4000787030016,0,115.0,94901096.0,91.0,0.0,100.0,16.0,100.0,0.0,87.0,614001195.0,61.0,34432.0,100.0,0.0,100.0,16.0,100.0,0.0,100.0,0.0,100.0,0.0,100.0,0.0,100.0,0.0,81.0,19.0,100.0,0.0,100.0,0.0,97.0,7497.0,19.0,19.0,100.0,0.0,100.0,0.0,200.0,0.0,100.0,34371.0,100.0,47877052632.0,100.0,173241386544.0
2019-10-24,Z304KCYQ,ST4000DM000,4000787030016,0,116.0,107151072.0,91.0,0.0,100.0,16.0,100.0,0.0,87.0,615734213.0,61.0,34456.0,100.0,0.0,100.0,16.0,100.0,0.0,100.0,0.0,100.0,0.0,100.0,0.0,100.0,0.0,82.0,18.0,100.0,0.0,100.0,0.0,97.0,7497.0,18.0,18.0,100.0,0.0,100.0,0.0,200.0,0.0,100.0,34395.0,100.0,47912656248.0,100.0,173565233057.0
2019-10-25,Z304KCYQ,ST4000DM000,4000787030016,0,119.0,209921064.0,91.0,0.0,100.0,16.0,100.0,0.0,87.0,619071603.0,61.0,34492.0,100.0,0.0,100.0,16.0,100.0,0.0,100.0,0.0,100.0,0.0,100.0,0.0,100.0,0.0,81.0,19.0,100.0,0.0,100.0,0.0,97.0,7497.0,19.0,19.0,100.0,0.0,100.0,0.0,200.0,0.0,100.0,34431.0,100.0,47965215688.0,100.0,173995419707.0
2019-10-26,Z304KCYQ,ST4000DM000,4000787030016,0,118.0,190973264.0,91.0,0.0,100.0,16.0,100.0,0.0,87.0,621104636.0,61.0,34516.0,100.0,0.0,100.0,16.0,100.0,0.0,100.0,0.0,100.0,0.0,100.0,0.0,100.0,0.0,81.0,19.0,100.0,0.0,100.0,0.0,97.0,7497.0,19.0,19.0,100.0,0.0,100.0,0.0,200.0,0.0,100.0,34455.0,100.0,47989355648.0,100.0,174231605921.0
2019-10-27,Z304KCYQ,ST4000DM000,4000787030016,0,116.0,110034968.0,91.0,0.0,100.0,16.0,100.0,0.0,87.0,622548246.0,61.0,34540.0,100.0,0.0,100.0,16.0,100.0,0.0,100.0,0.0,100.0,0.0,100.0,0.0,100.0,0.0,82.0,18.0,100.0,0.0,100.0,0.0,97.0,7497.0,18.0,18.0,100.0,0.0,100.0,0.0,200.0,0.0,100.0,34479.0,100.0,48017667304.0,100.0,174475926224.0
2019-10-28,Z304KCYQ,ST4000DM000,4000787030016,0,108.0,20123288.0,91.0,0.0,100.0,16.0,100.0,0.0,87.0,623935693.0,61.0,34564.0,100.0,0.0,100.0,16.0,100.0,0.0,100.0,0.0,100.0,0.0,100.0,0.0,100.0,0.0,82.0,18.0,100.0,0.0,100.0,0.0,97.0,7497.0,18.0,18.0,100.0,0.0,100.0,0.0,200.0,0.0,100.0,34503.0,100.0,48055514472.0,100.0,174602453622.0
2019-10-29,Z304KCYQ,ST4000DM000,4000787030016,0,115.0,93723056.0,91.0,0.0,100.0,16.0,100.0,0.0,87.0,624236205.0,61.0,34576.0,100.0,0.0,100.0,16.0,100.0,0.0,100.0,0.0,100.0,0.0,100.0,0.0,100.0,0.0,81.0,19.0,100.0,0.0,100.0,0.0,97.0,7497.0,19.0,19.0,100.0,0.0,100.0,0.0,200.0,0.0,100.0,34515.0,100.0,48071432160.0,100.0,174637827277.0
2019-10-30,Z304KCYQ,ST4000DM000,4000787030016,0,118.0,171624144.0,91.0,0.0,100.0,16.0,100.0,0.0,87.0,625066528.0,61.0,34601.0,100.0,0.0,100.0,16.0,100.0,0.0,100.0,0.0,100.0,0.0,100.0,0.0,100.0,0.0,81.0,19.0,100.0,0.0,100.0,0.0,97.0,7497.0,19.0,19.0,100.0,0.0,100.0,0.0,200.0,0.0,100.0,34539.0,100.0,48116885680.0,100.0,174760691292.0
2019-10-31,Z304KCYQ,ST4000DM000,4000787030016,0,118.0,179855520.0,91.0,0.0,100.0,16.0,100.0,0.0,87.0,626359545.0,61.0,34636.0,100.0,0.0,100.0,16.0,100.0,0.0,100.0,0.0,100.0,0.0,100.0,0.0,100.0,0.0,82.0,18.0,100.0,0.0,100.0,0.0,97.0,7497.0,18.0,18.0,100.0,0.0,100.0,0.0,200.0,0.0,100.0,34575.0,100.0,48165813192.0,100.0,175084526018.0
2019-11-01,Z304KCYQ,ST4000DM000,4000787030016,0,120.0,238416320.0,91.0,0.0,100.0,16.0,100.0,0.0,87.0,628853247.0,61.0,34660.0,100.0,0.0,100.0,16.0,100.0,0.0,100.0,0.0,100.0,0.0,100.0,0.0,100.0,0.0,82.0,18.0,100.0,0.0,100.0,0.0,97.0,7497.0,18.0,18.0,100.0,0.0,100.0,0.0,200.0,0.0,100.0,34599.0,100.0,48188053800.0,100.0,175431313215.0
2019-11-02,Z304KCYQ,ST4000DM000,4000787030016,0,100.0,2835384.0,91.0,0.0,100.0,16.0,100.0,0.0,87.0,630055128.0,61.0,34684.0,100.0,0.0,100.0,16.0,100.0,0.0,100.0,0.0,100.0,0.0,100.0,0.0,100.0,0.0,82.0,18.0,100.0,0.0,100.0,0.0,97.0,7497.0,18.0,18.0,100.0,0.0,100.0,0.0,200.0,0.0,100.0,34623.0,100.0,48208549944.0,100.0,175775969834.0
2019-11-03,Z304KCYQ,ST4000DM000,4000787030016,0,115.0,85272048.0,91.0,0.0,100.0,16.0,100.0,0.0,87.0,631796476.0,61.0,34708.0,100.0,0.0,100.0,16.0,100.0,0.0,100.0,0.0,100.0,0.0,100.0,0.0,100.0,0.0,82.0,18.0,100.0,0.0,100.0,0.0,97.0,7497.0,18.0,18.0,100.0,0.0,100.0,0.0,200.0,0.0,100.0,34647.0,100.0,48233360560.0,100.0,176083119184.0
2019-11-04,Z304KCYQ,ST4000DM000,4000787030016,0,113.0,55484720.0,91.0,0.0,100.0,16.0,100.0,0.0,87.0,633860785.0,61.0,34732.0,100.0,0.0,100.0,16.0,100.0,0.0,100.0,0.0,100.0,0.0,100.0,0.0,100.0,0.0,82.0,18.0,100.0,0.0,100.0,0.0,97.0,7497.0,18.0,18.0,100.0,0.0,100.0,0.0,200.0,0.0,100.0,34671.0,100.0,48263196832.0,100.0,176267791755.0
2019-11-05,Z304KCYQ,ST4000DM000,4000787030016,0,120.0,1328440.0,91.0,0.0,100.0,16.0,100.0,0.0,87.0,635667859.0,61.0,34756.0,100.0,0.0,100.0,16.0,100.0,0.0,100.0,0.0,100.0,0.0,100.0,0.0,100.0,0.0,82.0,18.0,100.0,0.0,100.0,0.0,97.0,7497.0,18.0,18.0,100.0,0.0,100.0,0.0,200.0,0.0,100.0,34695.0,100.0,48316947720.0,100.0,176569837917.0
2019-11-06,Z304KCYQ,ST4000DM000,4000787030016,0,103.0,5310416.0,91.0,0.0,100.0,16.0,100.0,0.0,87.0,637606363.0,61.0,34780.0,100.0,0.0,100.0,16.0,100.0,0.0,100.0,0.0,100.0,0.0,100.0,0.0,100.0,0.0,81.0,19.0,100.0,0.0,100.0,0.0,97.0,7497.0,19.0,19.0,100.0,0.0,100.0,0.0,200.0,0.0,100.0,34719.0,100.0,48377684592.0,100.0,176855659793.0
2019-11-07,Z304KCYQ,ST4000DM000,4000787030016,0,114.0,75823864.0,91.0,0.0,100.0,16.0,100.0,0.0,87.0,638965310.0,61.0,34804.0,100.0,0.0,100.0,16.0,100.0,0.0,100.0,0.0,100.0,0.0,100.0,0.0,100.0,0.0,81.0,19.0,100.0,0.0,100.0,0.0,97.0,7497.0,19.0,19.0,100.0,0.0,100.0,0.0,200.0,0.0,100.0,34742.0,100.0,48413394344.0,100.0,177196974804.0
2019-11-08,Z304KCYQ,ST4000DM000,4000787030016,0,116.0,101240544.0,91.0,0.0,100.0,16.0,100.0,0.0,87.0,641538055.0,61.0,34827.0,100.0,0.0,100.0,16.0,100.0,0.0,100.0,0.0,100.0,0.0,100.0,0.0,100.0,0.0,82.0,18.0,100.0,0.0,100.0,0.0,97.0,7497.0,18.0,18.0,100.0,0.0,100.0,0.0,200.0,0.0,100.0,34766.0,100.0,48476395304.0,100.0,177572952943.0
2019-11-09,Z304KCYQ,ST4000DM000,4000787030016,0,115.0,93505176.0,91.0,0.0,100.0,16.0,100.0,0.0,87.0,644213373.0,61.0,34851.0,100.0,0.0,100.0,16.0,100.0,0.0,100.0,0.0,100.0,0.0,100.0,0.0,100.0,0.0,81.0,19.0,100.0,0.0,100.0,0.0,97.0,7497.0,19.0,19.0,100.0,0.0,100.0,0.0,200.0,0.0,100.0,34790.0,100.0,48502620864.0,100.0,177956097257.0
2019-11-10,Z304KCYQ,ST4000DM000,4000787030016,0,117.0,136142976.0,91.0,0.0,100.0,16.0,100.0,0.0,87.0,647531754.0,61.0,34875.0,100.0,0.0,100.0,16.0,100.0,0.0,100.0,0.0,100.0,0.0,100.0,0.0,100.0,0.0,82.0,18.0,100.0,0.0,100.0,0.0,97.0,7497.0,18.0,18.0,100.0,0.0,100.0,0.0,200.0,0.0,100.0,34814.0,100.0,48503528776.0,100.0,178389904100.0
2019-11-11,Z304KCYQ,ST4000DM000,4000787030016,0,117.0,142377752.0,91.0,0.0,100.0,16.0,100.0,0.0,87.0,650809443.0,61.0,34899.0,100.0,0.0,100.0,16.0,100.0,0.0,100.0,0.0,100.0,0.0,100.0,0.0,100.0,0.0,81.0,19.0,100.0,0.0,100.0,0.0,97.0,7497.0,19.0,19.0,100.0,0.0,100.0,0.0,200.0,0.0,100.0,34838.0,100.0,48504332472.0,100.0,178932184339.0
2019-11-12,Z304KCYQ,ST4000DM000,4000787030016,0,118.0,184809584.0,91.0,0.0,100.0,16.0,100.0,0.0,87.0,653669886.0,61.0,34923.0,100.0,0.0,100.0,16.0,100.0,0.0,100.0,0.0,100.0,0.0,100.0,0.0,100.0,0.0,82.0,18.0,100.0,0.0,100.0,0.0,97.0,7497.0,18.0,18.0,100.0,0.0,100.0,0.0,200.0,0.0,100.0,34862.0,100.0,48514502696.0,100.0,179409106371.0
2019-11-13,Z304KCYQ,ST4000DM000,4000787030016,0,117.0,162019216.0,91.0,0.0,100.0,16.0,100.0,0.0,87.0,655532708.0,61.0,34935.0,100.0,0.0,100.0,16.0,100.0,0.0,100.0,0.0,100.0,0.0,100.0,0.0,100.0,0.0,81.0,19.0,100.0,0.0,100.0,0.0,97.0,7497.0,19.0,19.0,100.0,0.0,100.0,0.0,200.0,0.0,100.0,34874.0,100.0,48514982896.0,100.0,179849613466.0
2019-11-14,Z304KCYQ,ST4000DM000,4000787030016,0,114.0,69805872.0,91.0,0.0,100.0,16.0,100.0,0.0,87.0,661157520.0,61.0,34971.0,100.0,0.0,100.0,16.0,100.0,0.0,100.0,0.0,100.0,0.0,100.0,0.0,100.0,0.0,82.0,18.0,100.0,0.0,100.0,0.0,97.0,7497.0,18.0,18.0,100.0,0.0,100.0,0.0,200.0,0.0,100.0,34909.0,100.0,48517615288.0,100.0,180650082168.0
2019-11-15,Z304KCYQ,ST4000DM000,4000787030016,0,108.0,17447816.0,91.0,0.0,100.0,16.0,100.0,0.0,87.0,662800917.0,61.0,34983.0,100.0,0.0,100.0,16.0,100.0,0.0,100.0,0.0,100.0,0.0,100.0,0.0,100.0,0.0,81.0,19.0,100.0,0.0,100.0,0.0,97.0,7497.0,19.0,19.0,100.0,0.0,100.0,0.0,200.0,0.0,100.0,34922.0,100.0,48519788560.0,100.0,180885897458.0
2019-11-16,Z304KCYQ,ST4000DM000,4000787030016,0,118.0,186748496.0,91.0,0.0,100.0,16.0,100.0,0.0,87.0,667057080.0,61.0,35007.0,100.0,0.0,100.0,16.0,100.0,0.0,100.0,0.0,100.0,0.0,100.0,0.0,100.0,0.0,81.0,19.0,100.0,0.0,100.0,0.0,97.0,7497.0,19.0,19.0,100.0,0.0,100.0,0.0,200.0,0.0,100.0,34946.0,100.0,48520671256.0,100.0,181382167490.0
2019-11-17,Z304KCYQ,ST4000DM000,4000787030016,0,118.0,197398400.0,91.0,0.0,100.0,16.0,100.0,0.0,88.0,671315724.0,61.0,35031.0,100.0,0.0,100.0,16.0,100.0,0.0,100.0,0.0,100.0,0.0,100.0,0.0,100.0,0.0,81.0,19.0,100.0,0.0,100.0,0.0,97.0,7497.0,19.0,19.0,100.0,0.0,100.0,0.0,200.0,0.0,100.0,34970.0,100.0,48521677264.0,100.0,181870045770.0
2019-11-18,Z304KCYQ,ST4000DM000,4000787030016,0,107.0,13256368.0,91.0,0.0,100.0,16.0,100.0,0.0,88.0,674642201.0,60.0,35055.0,100.0,0.0,100.0,16.0,100.0,0.0,100.0,0.0,100.0,0.0,100.0,0.0,100.0,0.0,81.0,19.0,100.0,0.0,100.0,0.0,97.0,7497.0,19.0,19.0,100.0,0.0,100.0,0.0,200.0,0.0,100.0,34994.0,100.0,48522625280.0,100.0,182188593279.0
2019-11-19,Z304KCYQ,ST4000DM000,4000787030016,0,115.0,100470648.0,91.0,0.0,100.0,16.0,100.0,0.0,88.0,678595310.0,60.0,35079.0,100.0,0.0,100.0,16.0,100.0,0.0,100.0,0.0,100.0,0.0,100.0,0.0,100.0,0.0,81.0,19.0,100.0,0.0,100.0,0.0,97.0,7497.0,19.0,19.0,100.0,0.0,100.0,0.0,200.0,0.0,100.0,35018.0,100.0,48523585592.0,100.0,182531785957.0
2019-11-20,Z304KCYQ,ST4000DM000,4000787030016,0,114.0,64820880.0,91.0,0.0,100.0,16.0,100.0,0.0,88.0,683221038.0,60.0,35115.0,100.0,0.0,100.0,16.0,100.0,0.0,100.0,0.0,100.0,0.0,100.0,0.0,100.0,0.0,82.0,18.0,100.0,0.0,100.0,0.0,97.0,7497.0,18.0,18.0,100.0,0.0,100.0,0.0,200.0,0.0,100.0,35054.0,100.0,48524725888.0,100.0,183347264907.0
2019-11-21,Z304KCYQ,ST4000DM000,4000787030016,0,105.0,8828000.0,91.0,0.0,100.0,16.0,100.0,0.0,88.0,686279063.0,60.0,35139.0,100.0,0.0,100.0,16.0,100.0,0.0,100.0,0.0,100.0,0.0,100.0,0.0,100.0,0.0,82.0,18.0,100.0,0.0,100.0,0.0,97.0,7497.0,18.0,18.0,100.0,0.0,100.0,0.0,200.0,0.0,100.0,35078.0,100.0,48535391808.0,100.0,183962501110.0
2019-11-22,Z304KCYQ,ST4000DM000,4000787030016,0,115.0,84211824.0,91.0,0.0,100.0,16.0,100.0,0.0,88.0,689211425.0,60.0,35163.0,100.0,0.0,100.0,16.0,100.0,0.0,100.0,0.0,100.0,0.0,100.0,0.0,100.0,0.0,80.0,20.0,100.0,0.0,100.0,0.0,97.0,7497.0,20.0,20.0,100.0,0.0,100.0,0.0,200.0,0.0,100.0,35102.0,100.0,48538839040.0,100.0,184513515682.0
2019-11-23,Z304KCYQ,ST4000DM000,4000787030016,0,118.0,170333496.0,91.0,0.0,100.0,16.0,100.0,0.0,88.0,691135966.0,60.0,35187.0,100.0,0.0,100.0,16.0,100.0,0.0,100.0,0.0,100.0,0.0,100.0,0.0,100.0,0.0,81.0,19.0,100.0,0.0,100.0,0.0,97.0,7497.0,19.0,19.0,100.0,0.0,100.0,0.0,200.0,0.0,100.0,35126.0,100.0,48553317176.0,100.0,184799321180.0
2019-11-24,Z304KCYQ,ST4000DM000,4000787030016,0,119.0,221629752.0,91.0,0.0,100.0,16.0,100.0,0.0,88.0,693263902.0,60.0,35211.0,100.0,0.0,100.0,16.0,100.0,0.0,100.0,0.0,100.0,0.0,100.0,0.0,100.0,0.0,81.0,19.0,100.0,0.0,100.0,0.0,97.0,7497.0,19.0,19.0,100.0,0.0,100.0,0.0,200.0,0.0,100.0,35150.0,100.0,48590157376.0,100.0,185084313727.0
2019-11-25,Z304KCYQ,ST4000DM000,4000787030016,0,119.0,201899352.0,91.0,0.0,100.0,16.0,100.0,0.0,88.0,695223641.0,60.0,35235.0,100.0,0.0,100.0,16.0,100.0,0.0,100.0,0.0,100.0,0.0,100.0,0.0,100.0,0.0,81.0,19.0,100.0,0.0,100.0,0.0,97.0,7497.0,19.0,19.0,100.0,0.0,100.0,0.0,200.0,0.0,100.0,35174.0,100.0,48635247944.0,100.0,185272489386.0
2019-11-26,Z304KCYQ,ST4000DM000,4000787030016,0,112.0,47241768.0,91.0,0.0,100.0,16.0,100.0,0.0,88.0,696498951.0,60.0,35259.0,100.0,0.0,100.0,16.0,100.0,0.0,100.0,0.0,100.0,0.0,100.0,0.0,100.0,0.0,82.0,18.0,100.0,0.0,100.0,0.0,97.0,7497.0,18.0,18.0,100.0,0.0,100.0,0.0,200.0,0.0,100.0,35198.0,100.0,48676328784.0,100.0,185468373811.0
2019-11-27,Z304KCYQ,ST4000DM000,4000787030016,0,117.0,119195904.0,91.0,0.0,100.0,16.0,100.0,0.0,88.0,697329580.0,60.0,35271.0,100.0,0.0,100.0,16.0,100.0,0.0,100.0,0.0,100.0,0.0,100.0,0.0,100.0,0.0,81.0,19.0,100.0,0.0,100.0,0.0,97.0,7497.0,19.0,19.0,100.0,0.0,100.0,0.0,200.0,0.0,100.0,35210.0,100.0,48704543128.0,100.0,185611766309.0
2019-11-28,Z304KCYQ,ST4000DM000,4000787030016,0,114.0,66304000.0,91.0,0.0,100.0,16.0,100.0,0.0,88.0,698538438.0,60.0,35295.0,100.0,0.0,100.0,16.0,100.0,0.0,100.0,0.0,100.0,0.0,100.0,0.0,100.0,0.0,81.0,19.0,100.0,0.0,100.0,0.0,97.0,7497.0,19.0,19.0,100.0,0.0,100.0,0.0,200.0,0.0,100.0,35234.0,100.0,48764334992.0,100.0,185881845419.0
2019-11-29,Z304KCYQ,ST4000DM000,4000787030016,0,118.0,177610504.0,91.0,0.0,100.0,16.0,100.0,0.0,88.0,699528101.0,60.0,35319.0,100.0,0.0,100.0,16.0,100.0,0.0,100.0,0.0,100.0,0.0,100.0,0.0,100.0,0.0,81.0,19.0,100.0,0.0,100.0,0.0,97.0,7497.0,19.0,19.0,100.0,0.0,100.0,0.0,200.0,0.0,100.0,35258.0,100.0,48798297864.0,100.0,186179361463.0
2019-11-30,Z304KCYQ,ST4000DM000,4000787030016,0,114.0,79716672.0,91.0,0.0,100.0,16.0,100.0,0.0,88.0,701269898.0,60.0,35343.0,100.0,0.0,100.0,16.0,100.0,0.0,100.0,0.0,100.0,0.0,100.0,0.0,100.0,0.0,80.0,20.0,100.0,0.0,100.0,0.0,97.0,7497.0,20.0,20.0,100.0,0.0,100.0,0.0,200.0,0.0,100.0,35282.0,100.0,48831524904.0,100.0,186549495985.0
2019-12-01,Z304KCYQ,ST4000DM000,4000787030016,0,117.0,143972496.0,91.0,0.0,100.0,16.0,100.0,0.0,88.0,702381729.0,60.0,35367.0,100.0,0.0,100.0,16.0,100.0,0.0,100.0,0.0,100.0,0.0,100.0,0.0,100.0,0.0,80.0,20.0,100.0,0.0,100.0,0.0,97.0,7497.0,20.0,20.0,100.0,0.0,100.0,0.0,200.0,0.0,100.0,35306.0,100.0,48857118120.0,100.0,186854513085.0
2019-12-02,Z304KCYQ,ST4000DM000,4000787030016,0,115.0,94396240.0,91.0,0.0,100.0,16.0,100.0,0.0,88.0,704491480.0,60.0,35391.0,100.0,0.0,100.0,16.0,100.0,0.0,100.0,0.0,100.0,0.0,100.0,0.0,100.0,0.0,81.0,19.0,100.0,0.0,100.0,0.0,97.0,7497.0,19.0,19.0,100.0,0.0,100.0,0.0,200.0,0.0,100.0,35330.0,100.0,48893932584.0,100.0,187097152370.0
2019-12-03,Z304KCYQ,ST4000DM000,4000787030016,0,110.0,25824240.0,91.0,0.0,100.0,16.0,100.0,0.0,88.0,706761872.0,60.0,35415.0,100.0,0.0,100.0,16.0,100.0,0.0,100.0,0.0,100.0,0.0,100.0,0.0,100.0,0.0,81.0,19.0,100.0,0.0,100.0,0.0,97.0,7497.0,19.0,19.0,100.0,0.0,100.0,0.0,200.0,0.0,100.0,35353.0,100.0,48938429952.0,100.0,187418748228.0
2019-12-04,Z304KCYQ,ST4000DM000,4000787030016,0,116.0,108028728.0,91.0,0.0,100.0,16.0,100.0,0.0,88.0,708441755.0,60.0,35438.0,100.0,0.0,100.0,16.0,100.0,0.0,100.0,0.0,100.0,0.0,100.0,0.0,100.0,0.0,81.0,19.0,100.0,0.0,100.0,0.0,97.0,7497.0,19.0,19.0,100.0,0.0,100.0,0.0,200.0,0.0,100.0,35377.0,100.0,48984584200.0,100.0,187690528103.0
2019-12-05,Z304KCYQ,ST4000DM000,4000787030016,0,119.0,218580336.0,91.0,0.0,100.0,16.0,100.0,0.0,88.0,710192080.0,60.0,35462.0,100.0,0.0,100.0,16.0,100.0,0.0,100.0,0.0,100.0,0.0,100.0,0.0,100.0,0.0,81.0,19.0,100.0,0.0,100.0,0.0,97.0,7497.0,19.0,19.0,100.0,0.0,100.0,0.0,200.0,0.0,100.0,35401.0,100.0,49040516856.0,100.0,188047115992.0
2019-12-06,Z304KCYQ,ST4000DM000,4000787030016,0,105.0,9012800.0,91.0,0.0,100.0,16.0,100.0,0.0,88.0,712115254.0,60.0,35486.0,100.0,0.0,100.0,16.0,100.0,0.0,100.0,0.0,100.0,0.0,100.0,0.0,100.0,0.0,81.0,19.0,100.0,0.0,100.0,0.0,97.0,7497.0,19.0,19.0,100.0,0.0,100.0,0.0,200.0,0.0,100.0,35425.0,100.0,49077911056.0,100.0,188409911227.0
2019-12-07,Z304KCYQ,ST4000DM000,4000787030016,0,118.0,178710008.0,91.0,0.0,100.0,16.0,100.0,0.0,88.0,714837013.0,60.0,35510.0,100.0,0.0,100.0,16.0,100.0,0.0,100.0,0.0,100.0,0.0,100.0,0.0,100.0,0.0,82.0,18.0,100.0,0.0,100.0,0.0,97.0,7497.0,18.0,18.0,100.0,0.0,100.0,0.0,200.0,0.0,100.0,35449.0,100.0,49123458016.0,100.0,188770095065.0
2019-12-08,Z304KCYQ,ST4000DM000,4000787030016,0,117.0,133109496.0,91.0,0.0,100.0,16.0,100.0,0.0,88.0,716524927.0,60.0,35534.0,100.0,0.0,100.0,16.0,100.0,0.0,100.0,0.0,100.0,0.0,100.0,0.0,100.0,0.0,82.0,18.0,100.0,0.0,100.0,0.0,97.0,7497.0,18.0,18.0,100.0,0.0,100.0,0.0,200.0,0.0,100.0,35473.0,100.0,49162959280.0,100.0,189060192316.0
2019-12-09,Z304KCYQ,ST4000DM000,4000787030016,0,110.0,27623248.0,91.0,0.0,100.0,16.0,100.0,0.0,88.0,719699058.0,60.0,35570.0,100.0,0.0,100.0,16.0,100.0,0.0,100.0,0.0,100.0,0.0,100.0,0.0,100.0,0.0,81.0,19.0,100.0,0.0,100.0,0.0,97.0,7497.0,19.0,19.0,100.0,0.0,100.0,0.0,200.0,0.0,100.0,35509.0,100.0,49219988984.0,100.0,189411167588.0
2019-12-10,Z304KCYQ,ST4000DM000,4000787030016,0,110.0,25621776.0,91.0,0.0,100.0,16.0,100.0,0.0,88.0,721446061.0,60.0,35593.0,100.0,0.0,100.0,16.0,100.0,0.0,100.0,0.0,100.0,0.0,100.0,0.0,100.0,0.0,81.0,19.0,100.0,0.0,100.0,0.0,97.0,7497.0,19.0,19.0,100.0,0.0,100.0,0.0,200.0,0.0,100.0,35532.0,100.0,49248751472.0,100.0,189656505898.0
2019-12-11,Z304KCYQ,ST4000DM000,4000787030016,0,118.0,183974632.0,91.0,0.0,100.0,16.0,100.0,0.0,88.0,722966017.0,60.0,35617.0,100.0,0.0,100.0,16.0,100.0,0.0,100.0,0.0,100.0,0.0,100.0,0.0,100.0,0.0,81.0,19.0,100.0,0.0,100.0,0.0,97.0,7497.0,19.0,19.0,100.0,0.0,100.0,0.0,200.0,0.0,100.0,35556.0,100.0,49289450392.0,100.0,189908486368.0
2019-12-12,Z304KCYQ,ST4000DM000,4000787030016,0,119.0,216490248.0,91.0,0.0,100.0,16.0,100.0,0.0,88.0,723909552.0,60.0,35641.0,100.0,0.0,100.0,16.0,100.0,0.0,100.0,0.0,100.0,0.0,100.0,0.0,100.0,0.0,81.0,19.0,100.0,0.0,100.0,0.0,97.0,7497.0,19.0,19.0,100.0,0.0,100.0,0.0,200.0,0.0,100.0,35580.0,100.0,49319951696.0,100.0,190174817069.0
2019-12-13,Z304KCYQ,ST4000DM000,4000787030016,0,117.0,124524920.0,91.0,0.0,100.0,16.0,100.0,0.0,88.0,726382054.0,60.0,35665.0,100.0,0.0,100.0,16.0,100.0,0.0,100.0,0.0,100.0,0.0,100.0,0.0,100.0,0.0,81.0,19.0,100.0,0.0,100.0,0.0,97.0,7497.0,19.0,19.0,100.0,0.0,100.0,0.0,200.0,0.0,100.0,35604.0,100.0,49345072088.0,100.0,190473853668.0
2019-12-14,Z304KCYQ,ST4000DM000,4000787030016,0,118.0,182047528.0,91.0,0.0,100.0,16.0,100.0,0.0,88.0,728072095.0,60.0,35689.0,100.0,0.0,100.0,16.0,100.0,0.0,100.0,0.0,100.0,0.0,100.0,0.0,100.0,0.0,82.0,18.0,100.0,0.0,100.0,0.0,97.0,7497.0,18.0,18.0,100.0,0.0,100.0,0.0,200.0,0.0,100.0,35628.0,100.0,49375371184.0,100.0,190832510987.0
2019-12-15,Z304KCYQ,ST4000DM000,4000787030016,0,116.0,106008472.0,91.0,0.0,100.0,16.0,100.0,0.0,88.0,729404426.0,60.0,35713.0,100.0,0.0,100.0,16.0,100.0,0.0,100.0,0.0,100.0,0.0,100.0,0.0,100.0,0.0,82.0,18.0,100.0,0.0,100.0,0.0,97.0,7497.0,18.0,18.0,100.0,0.0,100.0,0.0,200.0,0.0,100.0,35652.0,100.0,49427358464.0,100.0,191186476523.0
2019-12-16,Z304KCYQ,ST4000DM000,4000787030016,0,115.0,89755184.0,91.0,0.0,100.0,16.0,100.0,0.0,88.0,730827907.0,60.0,35737.0,100.0,0.0,100.0,16.0,100.0,0.0,100.0,0.0,100.0,0.0,100.0,0.0,100.0,0.0,81.0,19.0,100.0,0.0,100.0,0.0,97.0,7497.0,19.0,19.0,100.0,0.0,100.0,0.0,200.0,0.0,100.0,35675.0,100.0,49464557480.0,100.0,191310451060.0
2019-12-17,Z304KCYQ,ST4000DM000,4000787030016,0,117.0,162898728.0,91.0,0.0,100.0,16.0,100.0,0.0,88.0,733266770.0,60.0,35760.0,100.0,0.0,100.0,16.0,100.0,0.0,100.0,0.0,100.0,0.0,100.0,0.0,100.0,0.0,81.0,19.0,100.0,0.0,100.0,0.0,97.0,7497.0,19.0,19.0,100.0,0.0,100.0,0.0,200.0,0.0,100.0,35699.0,100.0,49503901824.0,100.0,191630529025.0
2019-12-18,Z304KCYQ,ST4000DM000,4000787030016,0,114.0,66669904.0,91.0,0.0,100.0,16.0,100.0,0.0,88.0,734739196.0,60.0,35784.0,100.0,0.0,100.0,16.0,100.0,0.0,100.0,0.0,100.0,0.0,100.0,0.0,100.0,0.0,81.0,19.0,100.0,0.0,100.0,0.0,97.0,7497.0,19.0,19.0,100.0,0.0,100.0,0.0,200.0,0.0,100.0,35723.0,100.0,49539298832.0,100.0,191895244286.0
2019-12-19,Z304KCYQ,ST4000DM000,4000787030016,0,108.0,17656240.0,91.0,0.0,100.0,16.0,100.0,0.0,88.0,735943824.0,60.0,35808.0,100.0,0.0,100.0,16.0,100.0,0.0,100.0,0.0,100.0,0.0,100.0,0.0,100.0,0.0,81.0,19.0,100.0,0.0,100.0,0.0,97.0,7497.0,19.0,19.0,100.0,0.0,100.0,0.0,200.0,0.0,100.0,35747.0,100.0,49584492000.0,100.0,192177967493.0
2019-12-20,Z304KCYQ,ST4000DM000,4000787030016,0,115.0,99427304.0,91.0,0.0,100.0,16.0,100.0,0.0,88.0,738032537.0,60.0,35832.0,100.0,0.0,100.0,16.0,100.0,0.0,100.0,0.0,100.0,0.0,100.0,0.0,100.0,0.0,81.0,19.0,100.0,0.0,100.0,0.0,97.0,7497.0,19.0,19.0,100.0,0.0,100.0,0.0,200.0,0.0,100.0,35771.0,100.0,49619185944.0,100.0,192487934123.0
2019-12-21,Z304KCYQ,ST4000DM000,4000787030016,0,116.0,110536168.0,91.0,0.0,100.0,16.0,100.0,0.0,88.0,740684282.0,60.0,35856.0,100.0,0.0,100.0,16.0,100.0,0.0,100.0,0.0,100.0,0.0,100.0,0.0,100.0,0.0,81.0,19.0,100.0,0.0,100.0,0.0,97.0,7497.0,19.0,19.0,100.0,0.0,100.0,0.0,200.0,0.0,100.0,35795.0,100.0,49651725960.0,100.0,192865643497.0
2019-12-22,Z304KCYQ,ST4000DM000,4000787030016,0,115.0,84608664.0,91.0,0.0,100.0,16.0,100.0,0.0,88.0,742595745.0,60.0,35880.0,100.0,0.0,100.0,16.0,100.0,0.0,100.0,0.0,100.0,0.0,100.0,0.0,100.0,0.0,80.0,20.0,100.0,0.0,100.0,0.0,97.0,7497.0,20.0,20.0,100.0,0.0,100.0,0.0,200.0,0.0,100.0,35819.0,100.0,49675201376.0,100.0,193207599009.0
2019-12-23,Z304KCYQ,ST4000DM000,4000787030016,0,106.0,11346904.0,91.0,0.0,100.0,16.0,100.0,0.0,88.0,744327191.0,60.0,35904.0,100.0,0.0,100.0,16.0,100.0,0.0,100.0,0.0,100.0,0.0,100.0,0.0,100.0,0.0,81.0,19.0,100.0,0.0,100.0,0.0,97.0,7497.0,19.0,19.0,100.0,0.0,100.0,0.0,200.0,0.0,100.0,35843.0,100.0,49708883712.0,100.0,193379651160.0
2019-12-24,Z304KCYQ,ST4000DM000,4000787030016,0,118.0,174902160.0,91.0,0.0,100.0,16.0,100.0,0.0,88.0,746295339.0,59.0,35928.0,100.0,0.0,100.0,16.0,100.0,0.0,100.0,0.0,100.0,0.0,100.0,0.0,100.0,0.0,81.0,19.0,100.0,0.0,100.0,0.0,97.0,7497.0,19.0,19.0,100.0,0.0,100.0,0.0,200.0,0.0,100.0,35867.0,100.0,49754896856.0,100.0,193665692946.0
2019-12-25,Z304KCYQ,ST4000DM000,4000787030016,0,118.0,173900736.0,91.0,0.0,100.0,16.0,100.0,0.0,88.0,748450616.0,59.0,35952.0,100.0,0.0,100.0,16.0,100.0,0.0,100.0,0.0,100.0,0.0,100.0,0.0,100.0,0.0,81.0,19.0,100.0,0.0,100.0,0.0,97.0,7497.0,19.0,19.0,100.0,0.0,100.0,0.0,200.0,0.0,100.0,35891.0,100.0,49791570656.0,100.0,193939825502.0
2019-12-26,Z304KCYQ,ST4000DM000,4000787030016,0,118.0,195384384.0,91.0,0.0,100.0,16.0,100.0,0.0,88.0,749728312.0,59.0,35976.0,100.0,0.0,100.0,16.0,100.0,0.0,100.0,0.0,100.0,0.0,100.0,0.0,100.0,0.0,82.0,18.0,100.0,0.0,100.0,0.0,97.0,7497.0,18.0,18.0,100.0,0.0,100.0,0.0,200.0,0.0,100.0,35915.0,100.0,49810713888.0,100.0,194149248281.0
2019-12-27,Z304KCYQ,ST4000DM000,4000787030016,0,114.0,60090728.0,91.0,0.0,100.0,16.0,100.0,0.0,88.0,751501148.0,59.0,36000.0,100.0,0.0,100.0,16.0,100.0,0.0,100.0,0.0,100.0,0.0,100.0,0.0,100.0,0.0,81.0,19.0,100.0,0.0,100.0,0.0,97.0,7497.0,19.0,19.0,100.0,0.0,100.0,0.0,200.0,0.0,100.0,35939.0,100.0,49822374984.0,100.0,194438446596.0
2019-12-28,Z304KCYQ,ST4000DM000,4000787030016,0,114.0,80828016.0,91.0,0.0,100.0,16.0,100.0,0.0,88.0,753006369.0,59.0,36024.0,100.0,0.0,100.0,16.0,100.0,0.0,100.0,0.0,100.0,0.0,100.0,0.0,100.0,0.0,81.0,19.0,100.0,0.0,100.0,0.0,97.0,7497.0,19.0,19.0,100.0,0.0,100.0,0.0,200.0,0.0,100.0,35963.0,100.0,49842517488.0,100.0,194807784207.0
2019-12-29,Z304KCYQ,ST4000DM000,4000787030016,0,119.0,209800496.0,91.0,0.0,100.0,16.0,100.0,0.0,88.0,754158207.0,59.0,36048.0,100.0,0.0,100.0,16.0,100.0,0.0,100.0,0.0,100.0,0.0,100.0,0.0,100.0,0.0,81.0,19.0,100.0,0.0,100.0,0.0,97.0,7497.0,19.0,19.0,100.0,0.0,100.0,0.0,200.0,0.0,100.0,35987.0,100.0,49874584544.0,100.0,195166529241.0
2019-12-30,Z304KCYQ,ST4000DM000,4000787030016,0,112.0,44307416.0,91.0,0.0,100.0,16.0,100.0,0.0,88.0,755774362.0,59.0,36072.0,100.0,0.0,100.0,16.0,100.0,0.0,100.0,0.0,100.0,0.0,100.0,0.0,100.0,0.0,82.0,18.0,100.0,0.0,100.0,0.0,97.0,7497.0,18.0,18.0,100.0,0.0,100.0,0.0,200.0,0.0,100.0,36011.0,100.0,49901888672.0,100.0,195340188876.0
2019-12-31,Z304KCYQ,ST4000DM000,4000787030016,0,117.0,153039480.0,91.0,0.0,100.0,16.0,100.0,0.0,88.0,758237375.0,59.0,36096.0,100.0,0.0,100.0,16.0,100.0,0.0,100.0,0.0,100.0,0.0,100.0,0.0,100.0,0.0,81.0,19.0,100.0,0.0,100.0,0.0,97.0,7497.0,19.0,19.0,100.0,0.0,100.0,0.0,200.0,0.0,100.0,36035.0,100.0,49927388648.0,100.0,195672584800.0
