2019-01-01,Z304KBXM,ST4000DM000,4000787030016,0,109,22147592,96.0,0.0,100.0,4.0,100.0,0.0,84.0,311166991.0,69,27369,100.0,0.0,100,4,100.0,0.0,100.0,0.0,100.0,0.0,100.0,0.0,100.0,0.0,81.0,19.0,100.0,0.0,100.0,0.0,98.0,5804.0,19,19,100.0,0.0,100.0,0.0,200.0,0.0,100.0,27321.0,100.0,44190384856.0,100.0,136907991600.0
2019-01-02,Z304KBXM,ST4000DM000,4000787030016,0,119,202110288,96.0,0.0,100.0,4.0,100.0,0.0,84.0,313338287.0,69,27393,100.0,0.0,100,4,100.0,0.0,100.0,0.0,100.0,0.0,100.0,0.0,100.0,0.0,81.0,19.0,100.0,0.0,100.0,0.0,98.0,5804.0,19,19,100.0,0.0,100.0,0.0,200.0,0.0,100.0,27345.0,100.0,44195987368.0,100.0,137102209367.0
2019-01-03,Z304KBXM,ST4000DM000,4000787030016,0,119.0,203336624.0,96.0,0.0,100.0,4.0,100.0,0.0,84.0,314804928.0,69.0,27417.0,100.0,0.0,100.0,4.0,100.0,0.0,100.0,0.0,100.0,0.0,100.0,0.0,100.0,0.0,77.0,23.0,100.0,0.0,100.0,0.0,98.0,5804.0,23.0,23.0,100.0,0.0,100.0,0.0,200.0,0.0,100.0,27369.0,100.0,44198338440.0,100.0,137283895311.0
2019-01-04,Z304KBXM,ST4000DM000,4000787030016,0,115,100029088,96.0,0.0,100.0,4.0,100.0,0.0,84.0,315602334.0,69,27441,100.0,0.0,100,4,100.0,0.0,100.0,0.0,100.0,0.0,100.0,0.0,100.0,0.0,78.0,22.0,100.0,0.0,100.0,0.0,98.0,5804.0,22,22,100.0,0.0,100.0,0.0,200.0,0.0,100.0,27393.0,100.0,44200352736.0,100.0,137468312015.0
2019-01-05,Z304KBXM,ST4000DM000,4000787030016,0,117,138432552,96.0,0.0,100.0,4.0,100.0,0.0,84.0,316396643.0,69,27465,100.0,0.0,100,4,100.0,0.0,100.0,0.0,100.0,0.0,100.0,0.0,100.0,0.0,80.0,20.0,100.0,0.0,100.0,0.0,98.0,5804.0,20,20,100.0,0.0,100.0,0.0,200.0,0.0,100.0,27417.0,100.0,44203397192.0,100.0,137612537357.0
2019-01-06,Z304KBXM,ST4000DM000,4000787030016,0,117,120137688,96.0,0.0,100.0,4.0,100.0,0.0,84.0,317791610.0,69,27489,100.0,0.0,100,4,100.0,0.0,100.0,0.0,100.0,0.0,100.0,0.0,100.0,0.0,78.0,22.0,100.0,0.0,100.0,0.0,98.0,5804.0,22,22,100.0,0.0,100.0,0.0,200.0,0.0,100.0,27441.0,100.0,44207898904.0,100.0,137760245921.0
2019-01-07,Z304KBXM,ST4000DM000,4000787030016,0,108,20283568,96.0,0.0,100.0,4.0,100.0,0.0,84.0,318976328.0,69,27513,100.0,0.0,100,4,100.0,0.0,100.0,0.0,100.0,0.0,100.0,0.0,100.0,0.0,80.0,20.0,100.0,0.0,100.0,0.0,98.0,5804.0,20,20,100.0,0.0,100.0,0.0,200.0,0.0,100.0,27466.0,100.0,44209960808.0,100.0,137928067776.0
2019-01-08,Z304KBXM,ST4000DM000,4000787030016,0,111,33822600,96.0,0.0,100.0,4.0,100.0,0.0,84.0,319989648.0,69,27538,100.0,0.0,100,4,100.0,0.0,100.0,0.0,100.0,0.0,100.0,0.0,100.0,0.0,80.0,20.0,100.0,0.0,100.0,0.0,98.0,5804.0,20,20,100.0,0.0,100.0,0.0,200.0,0.0,100.0,27490.0,100.0,44211787552.0,100.0,138091961611.0
2019-01-09,Z304KBXM,ST4000DM000,4000787030016,0,118,197778512,96.0,0.0,100.0,4.0,100.0,0.0,84.0,320675372.0,69,27561,100.0,0.0,100,4,100.0,0.0,100.0,0.0,100.0,0.0,100.0,0.0,100.0,0.0,80.0,20.0,100.0,0.0,100.0,0.0,98.0,5804.0,20,20,100.0,0.0,100.0,0.0,200.0,0.0,100.0,27513.0,100.0,44213301056.0,100.0,138228743567.0
2019-01-10,Z304KBXM,ST4000DM000,4000787030016,0,118,188787112,96.0,0.0,100.0,4.0,100.0,0.0,84.0,321923243.0,69,27585,100.0,0.0,100,4,100.0,0.0,100.0,0.0,100.0,0.0,100.0,0.0,100.0,0.0,80.0,20.0,100.0,0.0,100.0,0.0,98.0,5804.0,20,20,100.0,0.0,100.0,0.0,200.0,0.0,100.0,27537.0,100.0,44218076808.0,100.0,138335684493.0
2019-01-11,Z304KBXM,ST4000DM000,4000787030016,0,118.0,198849016.0,96.0,0.0,100.0,4.0,100.0,0.0,84.0,323421629.0,69.0,27608.0,100.0,0.0,100.0,4.0,100.0,0.0,100.0,0.0,100.0,0.0,100.0,0.0,100.0,0.0,80.0,20.0,100.0,0.0,100.0,0.0,98.0,5804.0,20.0,20.0,100.0,0.0,100.0,0.0,200.0,0.0,100.0,27560.0,100.0,44219854808.0,100.0,138507657551.0
2019-01-12,Z304KBXM,ST4000DM000,4000787030016,0,112,49052248,96.0,0.0,100.0,4.0,100.0,0.0,84.0,324137549.0,69,27632,100.0,0.0,100,4,100.0,0.0,100.0,0.0,100.0,0.0,100.0,0.0,100.0,0.0,80.0,20.0,100.0,0.0,100.0,0.0,98.0,5804.0,20,20,100.0,0.0,100.0,0.0,200.0,0.0,100.0,27584.0,100.0,44221984864.0,100.0,138642527473.0
2019-01-13,Z304KBXM,ST4000DM000,4000787030016,0,117,167299920,96.0,0.0,100.0,4.0,100.0,0.0,84.0,325122272.0,69,27655,100.0,0.0,100,4,100.0,0.0,100.0,0.0,100.0,0.0,100.0,0.0,100.0,0.0,81.0,19.0,100.0,0.0,100.0,0.0,98.0,5804.0,19,19,100.0,0.0,100.0,0.0,200.0,0.0,100.0,27608.0,100.0,44225976440.0,100.0,138729887765.0
2019-01-14,Z304KBXM,ST4000DM000,4000787030016,0,115,95381568,96.0,0.0,100.0,4.0,100.0,0.0,84.0,325899511.0,69,27679,100.0,0.0,100,4,100.0,0.0,100.0,0.0,100.0,0.0,100.0,0.0,100.0,0.0,80.0,20.0,100.0,0.0,100.0,0.0,98.0,5804.0,20,20,100.0,0.0,100.0,0.0,200.0,0.0,100.0,27631.0,100.0,44228311000.0,100.0,138884669996.0
2019-01-15,Z304KBXM,ST4000DM000,4000787030016,0,112.0,44503584.0,96.0,0.0,100.0,4.0,100.0,0.0,84.0,326650578.0,69.0,27703.0,100.0,0.0,100.0,4.0,100.0,0.0,100.0,0.0,100.0,0.0,100.0,0.0,100.0,0.0,80.0,20.0,100.0,0.0,100.0,0.0,98.0,5804.0,20.0,20.0,100.0,0.0,100.0,0.0,200.0,0.0,100.0,27655.0,100.0,44230750104.0,100.0,139022280566.0
2019-01-16,Z304KBXM,ST4000DM000,4000787030016,0,113,53139144,96.0,0.0,100.0,4.0,100.0,0.0,84.0,327495769.0,69,27726,100.0,0.0,100,4,100.0,0.0,100.0,0.0,100.0,0.0,100.0,0.0,100.0,0.0,79.0,21.0,100.0,0.0,100,0,98.0,5804.0,21,21,100.0,0.0,100.0,0.0,200.0,0.0,100.0,27679.0,100.0,44232888568.0,100.0,139171474193.0
2019-01-17,Z304KBXM,ST4000DM000,4000787030016,0,111,30703880,96.0,0.0,100.0,4.0,100.0,0.0,84.0,329004419.0,69,27750,100.0,0.0,100,4,100.0,0.0,100.0,0.0,100.0,0.0,100.0,0.0,100.0,0.0,80.0,20.0,100.0,0.0,100,0,98.0,5804.0,20,20,100.0,0.0,100.0,0.0,200.0,0.0,100.0,27702.0,100.0,44237465080.0,100.0,139329536479.0
2019-01-18,Z304KBXM,ST4000DM000,4000787030016,0,118,193188416,96.0,0.0,100.0,4.0,100.0,0.0,84.0,329793556.0,69,27773,100.0,0.0,100,4,100.0,0.0,100.0,0.0,100.0,0.0,100.0,0.0,100.0,0.0,80.0,20.0,100.0,0.0,100,0,98.0,5804.0,20,20,100.0,0.0,100.0,0.0,200.0,0.0,100.0,27726.0,100.0,44239099856.0,100.0,139447486440.0
2019-01-19,Z304KBXM,ST4000DM000,4000787030016,0,108,15235248,96.0,0.0,100.0,4.0,100.0,0.0,84.0,331014281.0,69,27797,100.0,0.0,100,4,100.0,0.0,100.0,0.0,100.0,0.0,100.0,0.0,100.0,0.0,80.0,20.0,100.0,0.0,100,0,98.0,5804.0,20,20,100.0,0.0,100.0,0.0,200.0,0.0,100.0,27749.0,100.0,44241701312.0,100.0,139594386431.0
2019-01-20,Z304KBXM,ST4000DM000,4000787030016,0,118,168371760,96.0,0.0,100.0,4.0,100.0,0.0,84.0,332951969.0,69,27821,100.0,0.0,100,4,100.0,0.0,100.0,0.0,100.0,0.0,100.0,0.0,100.0,0.0,80.0,20.0,100.0,0.0,100,0,98.0,5804.0,20,20,100.0,0.0,100.0,0.0,200.0,0.0,100.0,27773.0,100.0,44246739616.0,100.0,139701322976.0
2019-01-21,Z304KBXM,ST4000DM000,4000787030016,0,114,67689120,96.0,0.0,100.0,4.0,100.0,0.0,84.0,333695216.0,69,27844,100.0,0.0,100,4,100.0,0.0,100.0,0.0,100.0,0.0,100.0,0.0,100.0,0.0,80.0,20.0,100.0,0.0,100,0,98.0,5804.0,20,20,100.0,0.0,100.0,0.0,200.0,0.0,100.0,27796.0,100.0,44248553976.0,100.0,139794790699.0
2019-01-22,Z304KBXM,ST4000DM000,4000787030016,0,109.0,23196688.0,96.0,0.0,100.0,4.0,100.0,0.0,84.0,334471717.0,69.0,27868.0,100.0,0.0,100.0,4.0,100.0,0.0,100.0,0.0,100.0,0.0,100.0,0.0,100.0,0.0,78.0,22.0,100.0,0.0,100.0,0.0,98.0,5804.0,22.0,22.0,100.0,0.0,100.0,0.0,200.0,0.0,100.0,27820.0,100.0,44250646032.0,100.0,139933247498.0
2019-01-23,Z304KBXM,ST4000DM000,4000787030016,0,119.0,204759256.0,96.0,0.0,100.0,4.0,100.0,0.0,84.0,335232558.0,69.0,27891.0,100.0,0.0,100.0,4.0,100.0,0.0,100.0,0.0,100.0,0.0,100.0,0.0,100.0,0.0,80.0,20.0,100.0,0.0,100.0,0.0,98.0,5804.0,20.0,20.0,100.0,0.0,100.0,0.0,200.0,0.0,100.0,27844.0,100.0,44252997944.0,100.0,140080367208.0
2019-01-24,Z304KBXM,ST4000DM000,4000787030016,0,118.0,170659496.0,96.0,0.0,100.0,4.0,100.0,0.0,85.0,336505789.0,69.0,27915.0,100.0,0.0,100.0,4.0,100.0,0.0,100.0,0.0,100.0,0.0,100.0,0.0,100.0,0.0,80.0,20.0,100.0,0.0,100.0,0.0,98.0,5804.0,20.0,20.0,100.0,0.0,100.0,0.0,200.0,0.0,100.0,27867.0,100.0,44257272648.0,100.0,140229606553.0
2019-01-25,Z304KBXM,ST4000DM000,4000787030016,0,118,184801672,96.0,0.0,100.0,4.0,100.0,0.0,85.0,337088953.0,69,27939,100.0,0.0,100,4,100.0,0.0,100.0,0.0,100.0,0.0,100.0,0.0,100.0,0.0,81.0,19.0,100.0,0.0,100,0,98.0,5804.0,19,19,100.0,0.0,100.0,0.0,200.0,0.0,100.0,27891.0,100.0,44258479032.0,100.0,140362369905.0
2019-01-26,Z304KBXM,ST4000DM000,4000787030016,0,120,241195264,96.0,0.0,100.0,4.0,100.0,0.0,85.0,337523116.0,69,27962,100.0,0.0,100,4,100.0,0.0,100.0,0.0,100.0,0.0,100.0,0.0,100.0,0.0,80.0,20.0,100.0,0.0,100,0,98.0,5804.0,20,20,100.0,0.0,100.0,0.0,200.0,0.0,100.0,27914.0,100.0,44260066376.0,100.0,140481443021.0
2019-01-27,Z304KBXM,ST4000DM000,4000787030016,0,111,36480760,96.0,0.0,100.0,4.0,100.0,0.0,85.0,339322019.0,69,27986,100.0,0.0,100,4,100.0,0.0,100.0,0.0,100.0,0.0,100.0,0.0,100.0,0.0,80.0,20.0,100.0,0.0,100,0,98.0,5804.0,20,20,100.0,0.0,100.0,0.0,200.0,0.0,100.0,27938.0,100.0,44264825504.0,100.0,140640098966.0
2019-01-28,Z304KBXM,ST4000DM000,4000787030016,0,119,207558120,96.0,0.0,100.0,4.0,100.0,0.0,85.0,339719963.0,69,28009,100.0,0.0,100,4,100.0,0.0,100.0,0.0,100.0,0.0,100.0,0.0,100.0,0.0,80.0,20.0,100.0,0.0,100,0,98.0,5804.0,20,20,100.0,0.0,100.0,0.0,200.0,0.0,100.0,27961.0,100.0,44267117624.0,100.0,140820182283.0
2019-01-29,Z304KBXM,ST4000DM000,4000787030016,0,120,242116088,96.0,0.0,100.0,4.0,100.0,0.0,85.0,340119999.0,68,28033,100.0,0.0,100,4,100.0,0.0,100.0,0.0,100.0,0.0,100.0,0.0,100.0,0.0,80.0,20.0,100.0,0.0,100,0,98.0,5804.0,20,20,100.0,0.0,100.0,0.0,200.0,0.0,100.0,27985.0,100.0,44269552824.0,100.0,140978185948.0
2019-01-30,Z304KBXM,ST4000DM000,4000787030016,0,117,165836112,96.0,0.0,100.0,4.0,100.0,0.0,85.0,340501134.0,68,28056,100.0,0.0,100,4,100.0,0.0,100.0,0.0,100.0,0.0,100.0,0.0,100.0,0.0,80.0,20.0,100.0,0.0,100,0,98.0,5804.0,20,20,100.0,0.0,100.0,0.0,200.0,0.0,100.0,28009.0,100.0,44272199208.0,100.0,141130108277.0
2019-01-31,Z304KBXM,ST4000DM000,4000787030016,0,114,73850920,96.0,0.0,100.0,4.0,100.0,0.0,85.0,341322090.0,68,28080,100.0,0.0,100,4,100.0,0.0,100.0,0.0,100.0,0.0,100.0,0.0,100.0,0.0,80.0,20.0,100.0,0.0,100,0,98.0,5804.0,20,20,100.0,0.0,100.0,0.0,200.0,0.0,100.0,28032.0,100.0,44275942816.0,100.0,141285908342.0
2019-02-01,Z304KBXM,ST4000DM000,4000787030016,0,114,79176304,96.0,0.0,100.0,4.0,100.0,0.0,85.0,342030358.0,68,28103,100.0,0.0,100,4,100.0,0.0,100.0,0.0,100.0,0.0,100.0,0.0,100.0,0.0,80.0,20.0,100.0,0.0,100,0,98.0,5804.0,20,20,100.0,0.0,100.0,0.0,200.0,0.0,100.0,28056.0,100.0,44278989096.0,100.0,141454991151.0
2019-02-02,Z304KBXM,ST4000DM000,4000787030016,0,120.0,243547552.0,96.0,0.0,100.0,4.0,100.0,0.0,85.0,343263481.0,68.0,28139.0,100.0,0.0,100.0,4.0,100.0,0.0,100.0,0.0,100.0,0.0,100.0,0.0,100.0,0.0,80.0,20.0,100.0,0.0,100.0,0.0,98.0,5804.0,20.0,20.0,100.0,0.0,100.0,0.0,200.0,0.0,100.0,28091.0,100.0,44283372088.0,100.0,141648840147.0
2019-02-03,Z304KBXM,ST4000DM000,4000787030016,0,119,231181064,96.0,0.0,100.0,4.0,100.0,0.0,85.0,345277086.0,68,28162,100.0,0.0,100,4,100.0,0.0,100.0,0.0,100.0,0.0,100.0,0.0,100.0,0.0,79.0,21.0,100.0,0.0,100,0,98.0,5804.0,21,21,100.0,0.0,100.0,0.0,200.0,0.0,100.0,28114.0,100.0,44287219440.0,100.0,141819915268.0
2019-02-04,Z304KBXM,ST4000DM000,4000787030016,0,119,205408280,96.0,0.0,100.0,4.0,100.0,0.0,85.0,346585810.0,68,28186,100.0,0.0,100,4,100.0,0.0,100.0,0.0,100.0,0.0,100.0,0.0,100.0,0.0,80.0,20.0,100.0,0.0,100,0,98.0,5804.0,20,20,100.0,0.0,100.0,0.0,200.0,0.0,100.0,28138.0,100.0,44288999984.0,100.0,141995752746.0
2019-02-05,Z304KBXM,ST4000DM000,4000787030016,0,115.0,100312416.0,96.0,0.0,100.0,4.0,100.0,0.0,85.0,347577170.0,68.0,28209.0,100.0,0.0,100.0,4.0,100.0,0.0,100.0,0.0,100.0,0.0,100.0,0.0,100.0,0.0,80.0,20.0,100.0,0.0,100.0,0.0,98.0,5804.0,20.0,20.0,100.0,0.0,100.0,0.0,200.0,0.0,100.0,28162.0,100.0,44290946112.0,100.0,142167864806.0
2019-02-06,Z304KBXM,ST4000DM000,4000787030016,0,119,221832688,96.0,0.0,100.0,4.0,100.0,0.0,85.0,348289243.0,68,28233,100.0,0.0,100,4,100.0,0.0,100.0,0.0,100.0,0.0,100.0,0.0,100.0,0.0,79.0,21.0,100.0,0.0,100,0,98.0,5804.0,21,21,100.0,0.0,100.0,0.0,200.0,0.0,100.0,28185.0,100.0,44293358728.0,100.0,142334373107.0
2019-02-07,Z304KBXM,ST4000DM000,4000787030016,0,117.0,129659928.0,96.0,0.0,100.0,4.0,100.0,0.0,85.0,349513536.0,68.0,28257.0,100.0,0.0,100.0,4.0,100.0,0.0,100.0,0.0,100.0,0.0,100.0,0.0,100.0,0.0,78.0,22.0,100.0,0.0,100.0,0.0,98.0,5804.0,22.0,22.0,100.0,0.0,100.0,0.0,200.0,0.0,100.0,28209.0,100.0,44297005368.0,100.0,142493197573.0
2019-02-08,Z304KBXM,ST4000DM000,4000787030016,0,114,73412584,96.0,0.0,100.0,4.0,100.0,0.0,85.0,350401268.0,68,28280,100.0,0.0,100,4,100.0,0.0,100.0,0.0,100.0,0.0,100.0,0.0,100.0,0.0,79.0,21.0,100.0,0.0,100,0,98.0,5804.0,21,21,100.0,0.0,100.0,0.0,200.0,0.0,100.0,28233.0,100.0,44298624552.0,100.0,142655540460.0
2019-02-09,Z304KBXM,ST4000DM000,4000787030016,0,117.0,165615600.0,96.0,0.0,100.0,4.0,100.0,0.0,85.0,351551395.0,68.0,28304.0,100.0,0.0,100.0,4.0,100.0,0.0,100.0,0.0,100.0,0.0,100.0,0.0,100.0,0.0,80.0,20.0,100.0,0.0,100.0,0.0,98.0,5804.0,20.0,20.0,100.0,0.0,100.0,0.0,200.0,0.0,100.0,28257.0,100.0,44300661520.0,100.0,142818661922.0
2019-02-10,Z304KBXM,ST4000DM000,4000787030016,0,116,105966352,96.0,0.0,100.0,4.0,100.0,0.0,85.0,352996740.0,68,28328,100.0,0.0,100,4,100.0,0.0,100.0,0.0,100.0,0.0,100.0,0.0,100.0,0.0,79.0,21.0,100.0,0.0,100,0,98.0,5804.0,21,21,100.0,0.0,100.0,0.0,200.0,0.0,100.0,28280.0,100.0,44304947232.0,100.0,142960009103.0
2019-02-11,Z304KBXM,ST4000DM000,4000787030016,0,111,37632408,96.0,0.0,100.0,4.0,100.0,0.0,85.0,354435579.0,68,28352,100.0,0.0,100,4,100.0,0.0,100.0,0.0,100.0,0.0,100.0,0.0,100.0,0.0,79.0,21.0,100.0,0.0,100,0,98.0,5804.0,21,21,100.0,0.0,100.0,0.0,200.0,0.0,100.0,28304.0,100.0,44310269816.0,100.0,143104258292.0
2019-02-12,Z304KBXM,ST4000DM000,4000787030016,0,111.0,35676864.0,96.0,0.0,100.0,4.0,100.0,0.0,85.0,354929666.0,68.0,28376.0,100.0,0.0,100.0,4.0,100.0,0.0,100.0,0.0,100.0,0.0,100.0,0.0,100.0,0.0,79.0,21.0,100.0,0.0,100.0,0.0,98.0,5804.0,21.0,21.0,100.0,0.0,100.0,0.0,200.0,0.0,100.0,28328.0,100.0,44312170776.0,100.0,143195544429.0
2019-02-13,Z304KBXM,ST4000DM000,4000787030016,0,105,8485024,96.0,0.0,100.0,4.0,100.0,0.0,85.0,355870300.0,68,28399,100.0,0.0,100,4,100.0,0.0,100.0,0.0,100.0,0.0,100.0,0.0,100.0,0.0,80.0,20.0,100.0,0.0,100,0,98.0,5804.0,20,20,100.0,0.0,100.0,0.0,200.0,0.0,100.0,28352.0,100.0,44314377440.0,100.0,143364730426.0
2019-02-14,Z304KBXM,ST4000DM000,4000787030016,0,117,156837560,96.0,0.0,100.0,4.0,100.0,0.0,85.0,357260360.0,68,28423,100.0,0.0,100,4,100.0,0.0,100.0,0.0,100.0,0.0,100.0,0.0,100.0,0.0,80.0,20.0,100.0,0.0,100,0,98.0,5804.0,20,20,100.0,0.0,100.0,0.0,200.0,0.0,100.0,28376.0,100.0,44319085312.0,100.0,143515365497.0
2019-02-15,Z304KBXM,ST4000DM000,4000787030016,0,116.0,114734864.0,96.0,0.0,100.0,4.0,100.0,0.0,85.0,357732296.0,68.0,28447.0,100.0,0.0,100.0,4.0,100.0,0.0,100.0,0.0,100.0,0.0,100.0,0.0,100.0,0.0,80.0,20.0,100.0,0.0,100.0,0.0,98.0,5804.0,20.0,20.0,100.0,0.0,100.0,0.0,200.0,0.0,100.0,28399.0,100.0,44320551728.0,100.0,143616882894.0
2019-02-16,Z304KBXM,ST4000DM000,4000787030016,0,119.0,213318272.0,96.0,0.0,100.0,4.0,100.0,0.0,85.0,358462529.0,68.0,28471.0,100.0,0.0,100.0,4.0,100.0,0.0,100.0,0.0,100.0,0.0,100.0,0.0,100.0,0.0,80.0,20.0,100.0,0.0,100.0,0.0,98.0,5804.0,20.0,20.0,100.0,0.0,100.0,0.0,200.0,0.0,100.0,28423.0,100.0,44322689488.0,100.0,143764882646.0
2019-02-17,Z304KBXM,ST4000DM000,4000787030016,0,113,51195208,96.0,0.0,100.0,4.0,100.0,0.0,85.0,359688661.0,68,28495,100.0,0.0,100,4,100.0,0.0,100.0,0.0,100.0,0.0,100.0,0.0,100.0,0.0,80.0,20.0,100.0,0.0,100,0,98.0,5804.0,20,20,100.0,0.0,100.0,0.0,200.0,0.0,100.0,28447.0,100.0,44326946048.0,100.0,143892912243.0
2019-02-18,Z304KBXM,ST4000DM000,4000787030016,0,117,135065472,96.0,0.0,100.0,4.0,100.0,0.0,85.0,360541170.0,68,28519,100.0,0.0,100,4,100.0,0.0,100.0,0.0,100.0,0.0,100.0,0.0,100.0,0.0,79.0,21.0,100.0,0.0,100,0,98.0,5804.0,21,21,100.0,0.0,100.0,0.0,200.0,0.0,100.0,28471.0,100.0,44328727816.0,100.0,144044251099.0
2019-02-19,Z304KBXM,ST4000DM000,4000787030016,0,117,134670400,96.0,0.0,100.0,4.0,100.0,0.0,85.0,361324783.0,68,28542,100.0,0.0,100,4,100.0,0.0,100.0,0.0,100.0,0.0,100.0,0.0,100.0,0.0,79.0,21.0,100.0,0.0,100,0,98.0,5804.0,21,21,100.0,0.0,100.0,0.0,200.0,0.0,100.0,28495.0,100.0,44330468744.0,100.0,144180218932.0
2019-02-20,Z304KBXM,ST4000DM000,4000787030016,0,118.0,182202272.0,96.0,0.0,100.0,4.0,100.0,0.0,85.0,362192888.0,68.0,28566.0,100.0,0.0,100.0,4.0,100.0,0.0,100.0,0.0,100.0,0.0,100.0,0.0,100.0,0.0,80.0,20.0,100.0,0.0,100.0,0.0,98.0,5804.0,20.0,20.0,100.0,0.0,100.0,0.0,200.0,0.0,100.0,28519.0,100.0,44332075120.0,100.0,144306813257.0
2019-02-21,Z304KBXM,ST4000DM000,4000787030016,0,112,41949272,96.0,0.0,100.0,4.0,100.0,0.0,85.0,364842048.0,68,28590,100.0,0.0,100,4,100.0,0.0,100.0,0.0,100.0,0.0,100.0,0.0,100.0,0.0,80.0,20.0,100.0,0.0,100,0,98.0,5804.0,20,20,100.0,0.0,100.0,0.0,200.0,0.0,100.0,28542.0,100.0,44338418672.0,100.0,144467359463.0
2019-02-22,Z304KBXM,ST4000DM000,4000787030016,0,118,183844208,96.0,0.0,100.0,4.0,100.0,0.0,85.0,365811711.0,68,28614,100.0,0.0,100,4,100.0,0.0,100.0,0.0,100.0,0.0,100.0,0.0,100.0,0.0,78.0,22.0,100.0,0.0,100,0,98.0,5804.0,22,22,100.0,0.0,100.0,0.0,200.0,0.0,100.0,28566.0,100.0,44339913008.0,100.0,144587098886.0
2019-02-23,Z304KBXM,ST4000DM000,4000787030016,0,120.0,272808.0,96.0,0.0,100.0,4.0,100.0,0.0,85.0,366467982.0,68.0,28637.0,100.0,0.0,100.0,4.0,100.0,0.0,100.0,0.0,100.0,0.0,100.0,0.0,100.0,0.0,79.0,21.0,100.0,0.0,100.0,0.0,98.0,5804.0,21.0,21.0,100.0,0.0,100.0,0.0,200.0,0.0,100.0,28590.0,100.0,44341476536.0,100.0,144670400780.0
2019-02-24,Z304KBXM,ST4000DM000,4000787030016,0,113,52880136,96.0,0.0,100.0,4.0,100.0,0.0,85.0,367714968.0,68,28661,100.0,0.0,100,4,100.0,0.0,100.0,0.0,100.0,0.0,100.0,0.0,100.0,0.0,79.0,21.0,100.0,0.0,100,0,98.0,5804.0,21,21,100.0,0.0,100.0,0.0,200.0,0.0,100.0,28613.0,100.0,44346184928.0,100.0,144799075658.0
2019-02-25,Z304KBXM,ST4000DM000,4000787030016,0,117,121305008,96.0,0.0,100.0,4.0,100.0,0.0,85.0,368411208.0,68,28684,100.0,0.0,100,4,100.0,0.0,100.0,0.0,100.0,0.0,100.0,0.0,100.0,0.0,80.0,20.0,100.0,0.0,100,0,98.0,5804.0,20,20,100.0,0.0,100.0,0.0,200.0,0.0,100.0,28637.0,100.0,44347835064.0,100.0,144942507038.0
2019-02-26,Z304KBXM,ST4000DM000,4000787030016,0,110,25862456,96.0,0.0,100.0,4.0,100.0,0.0,85.0,369020131.0,68,28708,100.0,0.0,100,4,100.0,0.0,100.0,0.0,100.0,0.0,100.0,0.0,100.0,0.0,78.0,22.0,100.0,0.0,100,0,98.0,5804.0,22,22,100.0,0.0,100.0,0.0,200.0,0.0,100.0,28660.0,100.0,44349566000.0,100.0,145071260030.0
2019-02-27,Z304KBXM,ST4000DM000,4000787030016,0,101.0,3346080.0,96.0,0.0,100.0,4.0,100.0,0.0,85.0,369495338.0,68.0,28732.0,100.0,0.0,100.0,4.0,100.0,0.0,100.0,0.0,100.0,0.0,100.0,0.0,100.0,0.0,79.0,21.0,100.0,0.0,100.0,0.0,98.0,5804.0,21.0,21.0,100.0,0.0,100.0,0.0,200.0,0.0,100.0,28684.0,100.0,44350973744.0,100.0,145177340454.0
2019-02-28,Z304KBXM,ST4000DM000,4000787030016,0,113,52195120,96.0,0.0,100.0,4.0,100.0,0.0,85.0,370630013.0,68,28755,100.0,0.0,100,4,100.0,0.0,100.0,0.0,100.0,0.0,100.0,0.0,100.0,0.0,80.0,20.0,100.0,0.0,100,0,98.0,5804.0,20,20,100.0,0.0,100.0,0.0,200.0,0.0,100.0,28707.0,100.0,44355464984.0,100.0,145334379575.0
2019-03-01,Z304KBXM,ST4000DM000,4000787030016,0,117.0,152873616.0,96.0,0.0,100.0,4.0,100.0,0.0,85.0,371834305.0,68.0,28779.0,100.0,0.0,100.0,4.0,100.0,0.0,100.0,0.0,100.0,0.0,100.0,0.0,100.0,0.0,79.0,21.0,100.0,0.0,100.0,0.0,98.0,5804.0,21.0,21.0,100.0,0.0,100.0,0.0,200.0,0.0,100.0,28731.0,100.0,44357917280.0,100.0,145525634922.0
2019-03-02,Z304KBXM,ST4000DM000,4000787030016,0,106.0,11763616.0,96.0,0.0,100.0,4.0,100.0,0.0,85.0,372245674.0,68.0,28803.0,100.0,0.0,100.0,4.0,100.0,0.0,100.0,0.0,100.0,0.0,100.0,0.0,100.0,0.0,80.0,20.0,100.0,0.0,100.0,0.0,98.0,5804.0,20.0,20.0,100.0,0.0,100.0,0.0,200.0,0.0,100.0,28755.0,100.0,44360451016.0,100.0,145686984140.0
2019-03-03,Z304KBXM,ST4000DM000,4000787030016,0,114.0,72948464.0,96.0,0.0,100.0,4.0,100.0,0.0,85.0,373255171.0,68.0,28827.0,100.0,0.0,100.0,4.0,100.0,0.0,100.0,0.0,100.0,0.0,100.0,0.0,100.0,0.0,80.0,20.0,100.0,0.0,100.0,0.0,98.0,5804.0,20.0,20.0,100.0,0.0,100.0,0.0,200.0,0.0,100.0,28779.0,100.0,44365918232.0,100.0,145846115990.0
2019-03-04,Z304KBXM,ST4000DM000,4000787030016,0,118,178771672,96.0,0.0,100.0,4.0,100.0,0.0,85.0,373629146.0,68,28851,100.0,0.0,100,4,100.0,0.0,100.0,0.0,100.0,0.0,100.0,0.0,100.0,0.0,80.0,20.0,100.0,0.0,100,0,98.0,5804.0,20,20,100.0,0.0,100.0,0.0,200.0,0.0,100.0,28803.0,100.0,44368611232.0,100.0,145988816498.0
2019-03-05,Z304KBXM,ST4000DM000,4000787030016,0,115.0,85586808.0,96.0,0.0,100.0,4.0,100.0,0.0,85.0,373989612.0,68.0,28875.0,100.0,0.0,100.0,4.0,100.0,0.0,100.0,0.0,100.0,0.0,100.0,0.0,100.0,0.0,80.0,20.0,100.0,0.0,100.0,0.0,98.0,5804.0,20.0,20.0,100.0,0.0,100.0,0.0,200.0,0.0,100.0,28827.0,100.0,44371415632.0,100.0,146156424508.0
2019-03-06,Z304KBXM,ST4000DM000,4000787030016,0,108.0,19233136.0,96.0,0.0,100.0,4.0,100.0,0.0,85.0,374763024.0,68.0,28898.0,100.0,0.0,100.0,4.0,100.0,0.0,100.0,0.0,100.0,0.0,100.0,0.0,100.0,0.0,80.0,20.0,100.0,0.0,100.0,0.0,98.0,5804.0,20.0,20.0,100.0,0.0,100.0,0.0,200.0,0.0,100.0,28851.0,100.0,44373538016.0,100.0,146318051789.0
2019-03-07,Z304KBXM,ST4000DM000,4000787030016,0,118.0,186427448.0,96.0,0.0,100.0,4.0,100.0,0.0,85.0,376378275.0,67.0,28922.0,100.0,0.0,100.0,4.0,100.0,0.0,100.0,0.0,100.0,0.0,100.0,0.0,100.0,0.0,79.0,21.0,100.0,0.0,100.0,0.0,98.0,5804.0,21.0,21.0,100.0,0.0,100.0,0.0,200.0,0.0,100.0,28875.0,100.0,44378192520.0,100.0,146512755250.0
2019-03-08,Z304KBXM,ST4000DM000,4000787030016,0,109.0,23961632.0,96.0,0.0,100.0,4.0,100.0,0.0,85.0,377600536.0,67.0,28946.0,100.0,0.0,100.0,4.0,100.0,0.0,100.0,0.0,100.0,0.0,100.0,0.0,100.0,0.0,79.0,21.0,100.0,0.0,100.0,0.0,98.0,5804.0,21.0,21.0,100.0,0.0,100.0,0.0,200.0,0.0,100.0,28899.0,100.0,44379923840.0,100.0,146672656877.0
2019-03-09,Z304KBXM,ST4000DM000,4000787030016,0,116.0,106043888.0,96.0,0.0,100.0,4.0,100.0,0.0,85.0,378722148.0,67.0,28970.0,100.0,0.0,100.0,4.0,100.0,0.0,100.0,0.0,100.0,0.0,100.0,0.0,100.0,0.0,80.0,20.0,100.0,0.0,100.0,0.0,98.0,5804.0,20.0,20.0,100.0,0.0,100.0,0.0,200.0,0.0,100.0,28922.0,100.0,44381987872.0,100.0,146860339842.0
2019-03-10,Z304KBXM,ST4000DM000,4000787030016,0,108.0,18688720.0,96.0,0.0,100.0,4.0,100.0,0.0,85.0,380743909.0,67.0,28994.0,100.0,0.0,100.0,4.0,100.0,0.0,100.0,0.0,100.0,0.0,100.0,0.0,100.0,0.0,78.0,22.0,100.0,0.0,100.0,0.0,98.0,5804.0,22.0,22.0,100.0,0.0,100.0,0.0,200.0,0.0,100.0,28946.0,100.0,44387577184.0,100.0,146990194944.0
2019-03-11,Z304KBXM,ST4000DM000,4000787030016,0,114.0,74896912.0,96.0,0.0,100.0,4.0,100.0,0.0,85.0,381505167.0,67.0,29018.0,100.0,0.0,100.0,4.0,100.0,0.0,100.0,0.0,100.0,0.0,100.0,0.0,100.0,0.0,80.0,20.0,100.0,0.0,100.0,0.0,98.0,5804.0,20.0,20.0,100.0,0.0,100.0,0.0,200.0,0.0,100.0,28970.0,100.0,44389562768.0,100.0,147164521611.0
2019-03-12,Z304KBXM,ST4000DM000,4000787030016,0,115.0,97732592.0,96.0,0.0,100.0,4.0,100.0,0.0,85.0,382309433.0,67.0,29042.0,100.0,0.0,100.0,4.0,100.0,0.0,100.0,0.0,100.0,0.0,100.0,0.0,100.0,0.0,80.0,20.0,100.0,0.0,100.0,0.0,98.0,5804.0,20.0,20.0,100.0,0.0,100.0,0.0,200.0,0.0,100.0,28994.0,100.0,44391651720.0,100.0,147316509429.0
2019-03-13,Z304KBXM,ST4000DM000,4000787030016,0,114.0,59425968.0,96.0,0.0,100.0,4.0,100.0,0.0,85.0,383369289.0,67.0,29066.0,100.0,0.0,100.0,4.0,100.0,0.0,100.0,0.0,100.0,0.0,100.0,0.0,100.0,0.0,80.0,20.0,100.0,0.0,100.0,0.0,98.0,5804.0,20.0,20.0,100.0,0.0,100.0,0.0,200.0,0.0,100.0,29018.0,100.0,44393654720.0,100.0,147483321771.0
2019-03-14,Z304KBXM,ST4000DM000,4000787030016,0,115.0,90750632.0,96.0,0.0,100.0,4.0,100.0,0.0,85.0,384703440.0,67.0,29089.0,100.0,0.0,100.0,4.0,100.0,0.0,100.0,0.0,100.0,0.0,100.0,0.0,100.0,0.0,80.0,20.0,100.0,0.0,100.0,0.0,98.0,5804.0,20.0,20.0,100.0,0.0,100.0,0.0,200.0,0.0,100.0,29042.0,100.0,44396157024.0,100.0,147648013716.0
2019-03-15,Z304KBXM,ST4000DM000,4000787030016,0,114.0,79285448.0,96.0,0.0,100.0,4.0,100.0,0.0,85.0,385807541.0,67.0,29113.0,100.0,0.0,100.0,4.0,100.0,0.0,100.0,0.0,100.0,0.0,100.0,0.0,100.0,0.0,81.0,19.0,100.0,0.0,100.0,0.0,98.0,5804.0,19.0,19.0,100.0,0.0,100.0,0.0,200.0,0.0,100.0,29065.0,100.0,44400395056.0,100.0,147784629146.0
2019-03-16,Z304KBXM,ST4000DM000,4000787030016,0,114.0,66950312.0,96.0,0.0,100.0,4.0,100.0,0.0,85.0,386288829.0,67.0,29137.0,100.0,0.0,100.0,4.0,100.0,0.0,100.0,0.0,100.0,0.0,100.0,0.0,100.0,0.0,81.0,19.0,100.0,0.0,100.0,0.0,98.0,5804.0,19.0,19.0,100.0,0.0,100.0,0.0,200.0,0.0,100.0,29089.0,100.0,44401969352.0,100.0,147878876149.0
2019-03-17,Z304KBXM,ST4000DM000,4000787030016,0,117.0,149897512.0,96.0,0.0,100.0,4.0,100.0,0.0,85.0,387368302.0,67.0,29160.0,100.0,0.0,100.0,4.0,100.0,0.0,100.0,0.0,100.0,0.0,100.0,0.0,100.0,0.0,81.0,19.0,100.0,0.0,100.0,0.0,98.0,5804.0,19.0,19.0,100.0,0.0,100.0,0.0,200.0,0.0,100.0,29113.0,100.0,44406063192.0,100.0,147977998966.0
2019-03-18,Z304KBXM,ST4000DM000,4000787030016,0,107.0,13752056.0,96.0,0.0,100.0,4.0,100.0,0.0,85.0,389172371.0,67.0,29184.0,100.0,0.0,100.0,4.0,100.0,0.0,100.0,0.0,100.0,0.0,100.0,0.0,100.0,0.0,80.0,20.0,100.0,0.0,100.0,0.0,98.0,5804.0,20.0,20.0,100.0,0.0,100.0,0.0,200.0,0.0,100.0,29136.0,100.0,44410611512.0,100.0,148145905129.0
2019-03-19,Z304KBXM,ST4000DM000,4000787030016,0,119.0,231465080.0,96.0,0.0,100.0,4.0,100.0,0.0,85.0,389683156.0,67.0,29208.0,100.0,0.0,100.0,4.0,100.0,0.0,100.0,0.0,100.0,0.0,100.0,0.0,100.0,0.0,81.0,19.0,100.0,0.0,100.0,0.0,98.0,5804.0,19.0,19.0,100.0,0.0,100.0,0.0,200.0,0.0,100.0,29160.0,100.0,44411954816.0,100.0,148251316080.0
2019-03-20,Z304KBXM,ST4000DM000,4000787030016,0,117.0,122231496.0,96.0,0.0,100.0,4.0,100.0,0.0,85.0,390289796.0,67.0,29231.0,100.0,0.0,100.0,4.0,100.0,0.0,100.0,0.0,100.0,0.0,100.0,0.0,100.0,0.0,80.0,20.0,100.0,0.0,100.0,0.0,98.0,5804.0,20.0,20.0,100.0,0.0,100.0,0.0,200.0,0.0,100.0,29183.0,100.0,44413894416.0,100.0,148381500095.0
2019-03-21,Z304KBXM,ST4000DM000,4000787030016,0,117.0,153900800.0,96.0,0.0,100.0,4.0,100.0,0.0,85.0,391011440.0,67.0,29255.0,100.0,0.0,100.0,4.0,100.0,0.0,100.0,0.0,100.0,0.0,100.0,0.0,100.0,0.0,80.0,20.0,100.0,0.0,100.0,0.0,98.0,5804.0,20.0,20.0,100.0,0.0,100.0,0.0,200.0,0.0,100.0,29207.0,100.0,44416064832.0,100.0,148515372375.0
2019-03-22,Z304KBXM,ST4000DM000,4000787030016,0,115.0,99621864.0,96.0,0.0,100.0,4.0,100.0,0.0,85.0,392525521.0,67.0,29290.0,100.0,0.0,100.0,4.0,100.0,0.0,100.0,0.0,100.0,0.0,100.0,0.0,100.0,0.0,80.0,20.0,100.0,0.0,100.0,0.0,98.0,5804.0,20.0,20.0,100.0,0.0,100.0,0.0,200.0,0.0,100.0,29242.0,100.0,44420709488.0,100.0,148746612008.0
2019-03-23,Z304KBXM,ST4000DM000,4000787030016,0,115.0,96770392.0,96.0,0.0,100.0,4.0,100.0,0.0,85.0,393304681.0,67.0,29314.0,100.0,0.0,100.0,4.0,100.0,0.0,100.0,0.0,100.0,0.0,100.0,0.0,100.0,0.0,80.0,20.0,100.0,0.0,100.0,0.0,98.0,5804.0,20.0,20.0,100.0,0.0,100.0,0.0,200.0,0.0,100.0,29266.0,100.0,44422856984.0,100.0,148876399758.0
2019-03-24,Z304KBXM,ST4000DM000,4000787030016,0,116.0,112384200.0,96.0,0.0,100.0,4.0,100.0,0.0,85.0,394282851.0,67.0,29337.0,100.0,0.0,100.0,4.0,100.0,0.0,100.0,0.0,100.0,0.0,100.0,0.0,100.0,0.0,80.0,20.0,100.0,0.0,100.0,0.0,98.0,5804.0,20.0,20.0,100.0,0.0,100.0,0.0,200.0,0.0,100.0,29289.0,100.0,44426746464.0,100.0,148948492162.0
2019-03-25,Z304KBXM,ST4000DM000,4000787030016,0,117.0,162867240.0,96.0,0.0,100.0,4.0,100.0,0.0,85.0,395216461.0,67.0,29361.0,100.0,0.0,100.0,4.0,100.0,0.0,100.0,0.0,100.0,0.0,100.0,0.0,100.0,0.0,80.0,20.0,100.0,0.0,100.0,0.0,98.0,5804.0,20.0,20.0,100.0,0.0,100.0,0.0,200.0,0.0,100.0,29313.0,100.0,44428361768.0,100.0,149080276094.0
2019-03-26,Z304KBXM,ST4000DM000,4000787030016,0,110.0,28278504.0,96.0,0.0,100.0,4.0,100.0,0.0,85.0,396300137.0,67.0,29384.0,100.0,0.0,100.0,4.0,100.0,0.0,100.0,0.0,100.0,0.0,100.0,0.0,100.0,0.0,80.0,20.0,100.0,0.0,100.0,0.0,98.0,5804.0,20.0,20.0,100.0,0.0,100.0,0.0,200.0,0.0,100.0,29336.0,100.0,44430202184.0,100.0,149200074005.0
2019-03-27,Z304KBXM,ST4000DM000,4000787030016,0,118.0,197121984.0,96.0,0.0,100.0,4.0,100.0,0.0,85.0,397745245.0,67.0,29408.0,100.0,0.0,100.0,4.0,100.0,0.0,100.0,0.0,100.0,0.0,100.0,0.0,100.0,0.0,80.0,20.0,100.0,0.0,100.0,0.0,98.0,5804.0,20.0,20.0,100.0,0.0,100.0,0.0,200.0,0.0,100.0,29360.0,100.0,44434206944.0,100.0,149304888742.0
2019-03-28,Z304KBXM,ST4000DM000,4000787030016,0,118.0,176123160.0,96.0,0.0,100.0,4.0,100.0,0.0,85.0,399197853.0,67.0,29431.0,100.0,0.0,100.0,4.0,100.0,0.0,100.0,0.0,100.0,0.0,100.0,0.0,100.0,0.0,79.0,21.0,100.0,0.0,100.0,0.0,98.0,5804.0,21.0,21.0,100.0,0.0,100.0,0.0,200.0,0.0,100.0,29384.0,100.0,44438550528.0,100.0,149459761818.0
2019-03-29,Z304KBXM,ST4000DM000,4000787030016,0,106.0,12041376.0,96.0,0.0,100.0,4.0,100.0,0.0,85.0,399953923.0,67.0,29455.0,100.0,0.0,100.0,4.0,100.0,0.0,100.0,0.0,100.0,0.0,100.0,0.0,100.0,0.0,80.0,20.0,100.0,0.0,100.0,0.0,98.0,5804.0,20.0,20.0,100.0,0.0,100.0,0.0,200.0,0.0,100.0,29407.0,100.0,44440963056.0,100.0,149605675547.0
2019-03-30,Z304KBXM,ST4000DM000,4000787030016,0,118.0,182608064.0,96.0,0.0,100.0,4.0,100.0,0.0,85.0,400566340.0,67.0,29479.0,100.0,0.0,100.0,4.0,100.0,0.0,100.0,0.0,100.0,0.0,100.0,0.0,100.0,0.0,80.0,20.0,100.0,0.0,100.0,0.0,98.0,5804.0,20.0,20.0,100.0,0.0,100.0,0.0,200.0,0.0,100.0,29431.0,100.0,44443118392.0,100.0,149735881604.0
2019-03-31,Z304KBXM,ST4000DM000,4000787030016,0,118.0,189593856.0,96.0,0.0,100.0,4.0,100.0,0.0,85.0,401716660.0,67.0,29502.0,100.0,0.0,100.0,4.0,100.0,0.0,100.0,0.0,100.0,0.0,100.0,0.0,100.0,0.0,81.0,19.0,100.0,0.0,100.0,0.0,98.0,5804.0,19.0,19.0,100.0,0.0,100.0,0.0,200.0,0.0,100.0,29455.0,100.0,44449300312.0,100.0,149853492514.0
2019-04-01,Z304KBXM,ST4000DM000,4000787030016,0,119.0,216437784.0,96.0,0.0,100.0,4.0,100.0,0.0,85.0,402170023.0,67.0,29526.0,100.0,0.0,100.0,4.0,100.0,0.0,100.0,0.0,100.0,0.0,100.0,0.0,100.0,0.0,80.0,20.0,100.0,0.0,100.0,0.0,98.0,5804.0,20.0,20.0,100.0,0.0,100.0,0.0,200.0,0.0,100.0,29478.0,100.0,44451204072.0,100.0,149975906018.0
2019-04-02,Z304KBXM,ST4000DM000,4000787030016,0,116.0,103183824.0,96.0,0.0,100.0,4.0,100.0,0.0,85.0,402543733.0,67.0,29549.0,100.0,0.0,100.0,4.0,100.0,0.0,100.0,0.0,100.0,0.0,100.0,0.0,100.0,0.0,80.0,20.0,100.0,0.0,100.0,0.0,98.0,5804.0,20.0,20.0,100.0,0.0,100.0,0.0,200.0,0.0,100.0,29502.0,100.0,44453275536.0,100.0,150149655699.0
2019-04-03,Z304KBXM,ST4000DM000,4000787030016,0,118.0,174678856.0,95.0,0.0,100.0,5.0,100.0,0.0,86.0,403790698.0,67.0,29573.0,100.0,0.0,100.0,5.0,100.0,0.0,100.0,0.0,100.0,0.0,100.0,0.0,100.0,0.0,80.0,20.0,100.0,0.0,100.0,0.0,98.0,5805.0,20.0,20.0,100.0,0.0,100.0,0.0,200.0,0.0,100.0,29525.0,100.0,44458162968.0,100.0,150335883694.0
2019-04-04,Z304KBXM,ST4000DM000,4000787030016,0,118.0,191205176.0,95.0,0.0,100.0,5.0,100.0,0.0,86.0,404691724.0,67.0,29597.0,100.0,0.0,100.0,5.0,100.0,0.0,100.0,0.0,100.0,0.0,100.0,0.0,100.0,0.0,80.0,20.0,100.0,0.0,100.0,0.0,98.0,5805.0,20.0,20.0,100.0,0.0,100.0,0.0,200.0,0.0,100.0,29549.0,100.0,44462351640.0,100.0,150525210993.0
2019-04-05,Z304KBXM,ST4000DM000,4000787030016,0,119.0,220940336.0,95.0,0.0,100.0,5.0,100.0,0.0,86.0,405084977.0,67.0,29620.0,100.0,0.0,100.0,5.0,100.0,0.0,100.0,0.0,100.0,0.0,100.0,0.0,100.0,0.0,80.0,20.0,100.0,0.0,100.0,0.0,98.0,5805.0,20.0,20.0,100.0,0.0,100.0,0.0,200.0,0.0,100.0,29573.0,100.0,44464968624.0,100.0,150684196848.0
2019-04-06,Z304KBXM,ST4000DM000,4000787030016,0,118.0,195637088.0,95.0,0.0,100.0,5.0,100.0,0.0,86.0,405496058.0,67.0,29644.0,100.0,0.0,100.0,5.0,100.0,0.0,100.0,0.0,100.0,0.0,100.0,0.0,100.0,0.0,80.0,20.0,100.0,0.0,100.0,0.0,98.0,5805.0,20.0,20.0,100.0,0.0,100.0,0.0,200.0,0.0,100.0,29596.0,100.0,44467656512.0,100.0,150846449651.0
2019-04-07,Z304KBXM,ST4000DM000,4000787030016,0,117.0,121586312.0,95.0,0.0,100.0,5.0,100.0,0.0,86.0,406381257.0,67.0,29668.0,100.0,0.0,100.0,5.0,100.0,0.0,100.0,0.0,100.0,0.0,100.0,0.0,100.0,0.0,80.0,20.0,100.0,0.0,100.0,0.0,98.0,5805.0,20.0,20.0,100.0,0.0,100.0,0.0,200.0,0.0,100.0,29620.0,100.0,44471964208.0,100.0,150957383475.0
2019-04-08,Z304KBXM,ST4000DM000,4000787030016,0,113.0,53436360.0,95.0,0.0,100.0,5.0,100.0,0.0,86.0,407498537.0,67.0,29692.0,100.0,0.0,100.0,5.0,100.0,0.0,100.0,0.0,100.0,0.0,100.0,0.0,100.0,0.0,81.0,19.0,100.0,0.0,100.0,0.0,98.0,5805.0,19.0,19.0,100.0,0.0,100.0,0.0,200.0,0.0,100.0,29644.0,100.0,44477776448.0,100.0,151130658413.0
2019-04-09,Z304KBXM,ST4000DM000,4000787030016,0,117.0,125270312.0,95.0,0.0,100.0,5.0,100.0,0.0,86.0,408244145.0,67.0,29716.0,100.0,0.0,100.0,5.0,100.0,0.0,100.0,0.0,100.0,0.0,100.0,0.0,100.0,0.0,80.0,20.0,100.0,0.0,100.0,0.0,98.0,5805.0,20.0,20.0,100.0,0.0,100.0,0.0,200.0,0.0,100.0,29668.0,100.0,44480148800.0,100.0,151296846839.0
2019-04-10,Z304KBXM,ST4000DM000,4000787030016,0,117.0,120079640.0,95.0,0.0,100.0,5.0,100.0,0.0,86.0,409164445.0,67.0,29740.0,100.0,0.0,100.0,5.0,100.0,0.0,100.0,0.0,100.0,0.0,100.0,0.0,100.0,0.0,81.0,19.0,100.0,0.0,100.0,0.0,98.0,5805.0,19.0,19.0,100.0,0.0,100.0,0.0,200.0,0.0,100.0,29692.0,100.0,44482211376.0,100.0,151470760864.0
2019-04-11,Z304KBXM,ST4000DM000,4000787030016,0,117.0,155193648.0,95.0,0.0,100.0,5.0,100.0,0.0,86.0,411034771.0,67.0,29764.0,100.0,0.0,100.0,5.0,100.0,0.0,100.0,0.0,100.0,0.0,100.0,0.0,100.0,0.0,80.0,20.0,100.0,0.0,100.0,0.0,98.0,5805.0,20.0,20.0,100.0,0.0,100.0,0.0,200.0,0.0,100.0,29716.0,100.0,44486844208.0,100.0,151651584440.0
2019-04-12,Z304KBXM,ST4000DM000,4000787030016,0,116.0,105390920.0,95.0,0.0,100.0,5.0,100.0,0.0,86.0,412129856.0,66.0,29788.0,100.0,0.0,100.0,5.0,100.0,0.0,100.0,0.0,100.0,0.0,100.0,0.0,100.0,0.0,80.0,20.0,100.0,0.0,100.0,0.0,98.0,5805.0,20.0,20.0,100.0,0.0,100.0,0.0,200.0,0.0,100.0,29740.0,100.0,44488412432.0,100.0,151831493264.0
2019-04-13,Z304KBXM,ST4000DM000,4000787030016,0,108.0,17888232.0,95.0,0.0,100.0,5.0,100.0,0.0,86.0,412836560.0,66.0,29812.0,100.0,0.0,100.0,5.0,100.0,0.0,100.0,0.0,100.0,0.0,100.0,0.0,100.0,0.0,79.0,21.0,100.0,0.0,100.0,0.0,98.0,5805.0,21.0,21.0,100.0,0.0,100.0,0.0,200.0,0.0,100.0,29764.0,100.0,44490361896.0,100.0,151987143427.0
2019-04-14,Z304KBXM,ST4000DM000,4000787030016,0,117.0,127405744.0,95.0,0.0,100.0,5.0,100.0,0.0,86.0,414798944.0,66.0,29835.0,100.0,0.0,100.0,5.0,100.0,0.0,100.0,0.0,100.0,0.0,100.0,0.0,100.0,0.0,79.0,21.0,100.0,0.0,100.0,0.0,98.0,5805.0,21.0,21.0,100.0,0.0,100.0,0.0,200.0,0.0,100.0,29788.0,100.0,44495031128.0,100.0,152157388842.0
2019-04-15,Z304KBXM,ST4000DM000,4000787030016,0,114.0,79178064.0,95.0,0.0,100.0,5.0,100.0,0.0,86.0,415639226.0,66.0,29859.0,100.0,0.0,100.0,5.0,100.0,0.0,100.0,0.0,100.0,0.0,100.0,0.0,100.0,0.0,79.0,21.0,100.0,0.0,100.0,0.0,98.0,5805.0,21.0,21.0,100.0,0.0,100.0,0.0,200.0,0.0,100.0,29811.0,100.0,44496840376.0,100.0,152312589138.0
2019-04-16,Z304KBXM,ST4000DM000,4000787030016,0,114.0,62460576.0,95.0,0.0,100.0,5.0,100.0,0.0,86.0,416697198.0,66.0,29883.0,100.0,0.0,100.0,5.0,100.0,0.0,100.0,0.0,100.0,0.0,100.0,0.0,100.0,0.0,79.0,21.0,100.0,0.0,100.0,0.0,98.0,5805.0,21.0,21.0,100.0,0.0,100.0,0.0,200.0,0.0,100.0,29835.0,100.0,44499066736.0,100.0,152467729844.0
2019-04-17,Z304KBXM,ST4000DM000,4000787030016,0,111.0,40622136.0,95.0,0.0,100.0,5.0,100.0,0.0,86.0,417720083.0,66.0,29906.0,100.0,0.0,100.0,5.0,100.0,0.0,100.0,0.0,100.0,0.0,100.0,0.0,100.0,0.0,79.0,21.0,100.0,0.0,100.0,0.0,98.0,5805.0,21.0,21.0,100.0,0.0,100.0,0.0,200.0,0.0,100.0,29858.0,100.0,44500818464.0,100.0,152629147483.0
2019-04-18,Z304KBXM,ST4000DM000,4000787030016,0,109.0,22217200.0,95.0,0.0,100.0,5.0,100.0,0.0,86.0,419033175.0,66.0,29929.0,100.0,0.0,100.0,5.0,100.0,0.0,100.0,0.0,100.0,0.0,100.0,0.0,100.0,0.0,80.0,20.0,100.0,0.0,100.0,0.0,98.0,5805.0,20.0,20.0,100.0,0.0,100.0,0.0,200.0,0.0,100.0,29882.0,100.0,44504896584.0,100.0,152775327932.0
2019-04-19,Z304KBXM,ST4000DM000,4000787030016,0,115.0,96606184.0,95.0,0.0,100.0,5.0,100.0,0.0,86.0,419527755.0,66.0,29953.0,100.0,0.0,100.0,5.0,100.0,0.0,100.0,0.0,100.0,0.0,100.0,0.0,100.0,0.0,79.0,21.0,100.0,0.0,100.0,0.0,98.0,5805.0,21.0,21.0,100.0,0.0,100.0,0.0,200.0,0.0,100.0,29906.0,100.0,44506426480.0,100.0,152867992574.0
2019-04-20,Z304KBXM,ST4000DM000,4000787030016,0,117.0,129878296.0,95.0,0.0,100.0,5.0,100.0,0.0,86.0,420949507.0,66.0,29977.0,100.0,0.0,100.0,5.0,100.0,0.0,100.0,0.0,100.0,0.0,100.0,0.0,100.0,0.0,79.0,21.0,100.0,0.0,100.0,0.0,98.0,5805.0,21.0,21.0,100.0,0.0,100.0,0.0,200.0,0.0,100.0,29929.0,100.0,44510193272.0,100.0,153039092064.0
2019-04-21,Z304KBXM,ST4000DM000,4000787030016,0,111.0,31633344.0,95.0,0.0,100.0,5.0,100.0,0.0,86.0,422136403.0,66.0,30001.0,100.0,0.0,100.0,5.0,100.0,0.0,100.0,0.0,100.0,0.0,100.0,0.0,100.0,0.0,79.0,21.0,100.0,0.0,100.0,0.0,98.0,5805.0,21.0,21.0,100.0,0.0,100.0,0.0,200.0,0.0,100.0,29953.0,100.0,44512899872.0,100.0,153163296632.0
2019-04-22,Z304KBXM,ST4000DM000,4000787030016,0,119.0,222275992.0,95.0,0.0,100.0,5.0,100.0,0.0,86.0,422618623.0,66.0,30024.0,100.0,0.0,100.0,5.0,100.0,0.0,100.0,0.0,100.0,0.0,100.0,0.0,100.0,0.0,79.0,21.0,100.0,0.0,100.0,0.0,98.0,5805.0,21.0,21.0,100.0,0.0,100.0,0.0,200.0,0.0,100.0,29977.0,100.0,44514516144.0,100.0,153264560553.0
2019-04-23,Z304KBXM,ST4000DM000,4000787030016,0,115.0,92003616.0,95.0,0.0,100.0,5.0,100.0,0.0,86.0,423340034.0,66.0,30048.0,100.0,0.0,100.0,5.0,100.0,0.0,100.0,0.0,100.0,0.0,100.0,0.0,100.0,0.0,79.0,21.0,100.0,0.0,100.0,0.0,98.0,5805.0,21.0,21.0,100.0,0.0,100.0,0.0,200.0,0.0,100.0,30000.0,100.0,44516238024.0,100.0,153411453823.0
2019-04-24,Z304KBXM,ST4000DM000,4000787030016,0,118.0,193470504.0,95.0,0.0,100.0,5.0,100.0,0.0,86.0,424102788.0,66.0,30072.0,100.0,0.0,100.0,5.0,100.0,0.0,100.0,0.0,100.0,0.0,100.0,0.0,100.0,0.0,79.0,21.0,100.0,0.0,100.0,0.0,98.0,5805.0,21.0,21.0,100.0,0.0,100.0,0.0,200.0,0.0,100.0,30024.0,100.0,44518052728.0,100.0,153553078480.0
2019-04-25,Z304KBXM,ST4000DM000,4000787030016,0,117.0,136797888.0,95.0,0.0,100.0,5.0,100.0,0.0,86.0,425297980.0,66.0,30095.0,100.0,0.0,100.0,5.0,100.0,0.0,100.0,0.0,100.0,0.0,100.0,0.0,100.0,0.0,79.0,21.0,100.0,0.0,100.0,0.0,98.0,5805.0,21.0,21.0,100.0,0.0,100.0,0.0,200.0,0.0,100.0,30048.0,100.0,44521286432.0,100.0,153705814025.0
2019-04-26,Z304KBXM,ST4000DM000,4000787030016,0,106.0,10806328.0,95.0,0.0,100.0,5.0,100.0,0.0,86.0,427033447.0,66.0,30119.0,100.0,0.0,100.0,5.0,100.0,0.0,100.0,0.0,100.0,0.0,100.0,0.0,100.0,0.0,79.0,21.0,100.0,0.0,100.0,0.0,98.0,5805.0,21.0,21.0,100.0,0.0,100.0,0.0,200.0,0.0,100.0,30072.0,100.0,44524976904.0,100.0,153847359150.0
2019-04-27,Z304KBXM,ST4000DM000,4000787030016,0,111.0,29773264.0,95.0,0.0,100.0,5.0,100.0,0.0,86.0,427987979.0,66.0,30143.0,100.0,0.0,100.0,5.0,100.0,0.0,100.0,0.0,100.0,0.0,100.0,0.0,100.0,0.0,79.0,21.0,100.0,0.0,100.0,0.0,98.0,5805.0,21.0,21.0,100.0,0.0,100.0,0.0,200.0,0.0,100.0,30095.0,100.0,44526683312.0,100.0,153976369496.0
2019-04-28,Z304KBXM,ST4000DM000,4000787030016,0,110.0,29098256.0,95.0,0.0,100.0,5.0,100.0,0.0,86.0,429684457.0,66.0,30167.0,100.0,0.0,100.0,5.0,100.0,0.0,100.0,0.0,100.0,0.0,100.0,0.0,100.0,0.0,80.0,20.0,100.0,0.0,100.0,0.0,98.0,5805.0,20.0,20.0,100.0,0.0,100.0,0.0,200.0,0.0,100.0,30119.0,100.0,44531235208.0,100.0,154098356678.0
2019-04-29,Z304KBXM,ST4000DM000,4000787030016,0,114.0,75066416.0,95.0,0.0,100.0,5.0,100.0,0.0,86.0,430237282.0,66.0,30191.0,100.0,0.0,100.0,5.0,100.0,0.0,100.0,0.0,100.0,0.0,100.0,0.0,100.0,0.0,79.0,21.0,100.0,0.0,100.0,0.0,98.0,5805.0,21.0,21.0,100.0,0.0,100.0,0.0,200.0,0.0,100.0,30143.0,100.0,44533326856.0,100.0,154184960296.0
2019-04-30,Z304KBXM,ST4000DM000,4000787030016,0,119.0,205077280.0,95.0,0.0,100.0,5.0,100.0,0.0,86.0,431135817.0,66.0,30215.0,100.0,0.0,100.0,5.0,100.0,0.0,100.0,0.0,100.0,0.0,100.0,0.0,100.0,0.0,79.0,21.0,100.0,0.0,100.0,0.0,98.0,5805.0,21.0,21.0,100.0,0.0,100.0,0.0,200.0,0.0,100.0,30167.0,100.0,44535039672.0,100.0,154328982500.0
2019-05-01,Z304KBXM,ST4000DM000,4000787030016,0,117.0,119104592.0,95.0,0.0,100.0,5.0,100.0,0.0,86.0,432519972.0,66.0,30239.0,100.0,0.0,100.0,5.0,100.0,0.0,100.0,0.0,100.0,0.0,100.0,0.0,100.0,0.0,78.0,22.0,100.0,0.0,100.0,0.0,98.0,5805.0,22.0,22.0,100.0,0.0,100.0,0.0,200.0,0.0,100.0,30191.0,100.0,44538881680.0,100.0,154484637960.0
2019-05-02,Z304KBXM,ST4000DM000,4000787030016,0,120.0,239557400.0,95.0,0.0,100.0,5.0,100.0,0.0,86.0,433406119.0,66.0,30263.0,100.0,0.0,100.0,5.0,100.0,0.0,100.0,0.0,100.0,0.0,100.0,0.0,100.0,0.0,80.0,20.0,100.0,0.0,100.0,0.0,98.0,5805.0,20.0,20.0,100.0,0.0,100.0,0.0,200.0,0.0,100.0,30215.0,100.0,44541223720.0,100.0,154626257742.0
2019-05-03,Z304KBXM,ST4000DM000,4000787030016,0,118.0,184713032.0,95.0,0.0,100.0,5.0,100.0,0.0,86.0,434267735.0,66.0,30286.0,100.0,0.0,100.0,5.0,100.0,0.0,100.0,0.0,100.0,0.0,100.0,0.0,100.0,0.0,79.0,21.0,100.0,0.0,100.0,0.0,98.0,5805.0,21.0,21.0,100.0,0.0,100.0,0.0,200.0,0.0,100.0,30239.0,100.0,44544267416.0,100.0,154737268708.0
2019-05-04,Z304KBXM,ST4000DM000,4000787030016,0,114.0,62075840.0,95.0,0.0,100.0,5.0,100.0,0.0,86.0,434750024.0,66.0,30310.0,100.0,0.0,100.0,5.0,100.0,0.0,100.0,0.0,100.0,0.0,100.0,0.0,100.0,0.0,79.0,21.0,100.0,0.0,100.0,0.0,98.0,5805.0,21.0,21.0,100.0,0.0,100.0,0.0,200.0,0.0,100.0,30262.0,100.0,44546391816.0,100.0,154886573132.0
2019-05-05,Z304KBXM,ST4000DM000,4000787030016,0,120.0,239848272.0,95.0,0.0,100.0,5.0,100.0,0.0,86.0,435731117.0,66.0,30334.0,100.0,0.0,100.0,5.0,100.0,0.0,100.0,0.0,100.0,0.0,100.0,0.0,100.0,0.0,79.0,21.0,100.0,0.0,100.0,0.0,98.0,5805.0,21.0,21.0,100.0,0.0,100.0,0.0,200.0,0.0,100.0,30286.0,100.0,44551440744.0,100.0,155053522485.0
2019-05-06,Z304KBXM,ST4000DM000,4000787030016,0,119.0,232803528.0,95.0,0.0,100.0,5.0,100.0,0.0,86.0,436777729.0,66.0,30357.0,100.0,0.0,100.0,5.0,100.0,0.0,100.0,0.0,100.0,0.0,100.0,0.0,100.0,0.0,80.0,20.0,100.0,0.0,100.0,0.0,98.0,5805.0,20.0,20.0,100.0,0.0,100.0,0.0,200.0,0.0,100.0,30310.0,100.0,44553974272.0,100.0,155223680634.0
2019-05-07,Z304KBXM,ST4000DM000,4000787030016,0,118.0,177443008.0,95.0,0.0,100.0,5.0,100.0,0.0,86.0,437163653.0,66.0,30381.0,100.0,0.0,100.0,5.0,100.0,0.0,100.0,0.0,100.0,0.0,100.0,0.0,100.0,0.0,80.0,20.0,100.0,0.0,100.0,0.0,98.0,5805.0,20.0,20.0,100.0,0.0,100.0,0.0,200.0,0.0,100.0,30333.0,100.0,44556250712.0,100.0,155387932052.0
2019-05-08,Z304KBXM,ST4000DM000,4000787030016,0,103.0,6290408.0,95.0,0.0,100.0,5.0,100.0,0.0,86.0,437668262.0,66.0,30417.0,100.0,0.0,100.0,5.0,100.0,0.0,100.0,0.0,100.0,0.0,100.0,0.0,100.0,0.0,80.0,20.0,100.0,0.0,100.0,0.0,98.0,5805.0,20.0,20.0,100.0,0.0,100.0,0.0,200.0,0.0,100.0,30369.0,100.0,44559463632.0,100.0,155619754156.0
2019-05-09,Z304KBXM,ST4000DM000,4000787030016,0,103.0,6215656.0,95.0,0.0,100.0,5.0,100.0,0.0,86.0,439307766.0,66.0,30441.0,100.0,0.0,100.0,5.0,100.0,0.0,100.0,0.0,100.0,0.0,100.0,0.0,100.0,0.0,80.0,20.0,100.0,0.0,100.0,0.0,98.0,5805.0,20.0,20.0,100.0,0.0,100.0,0.0,200.0,0.0,100.0,30393.0,100.0,44564567608.0,100.0,155802210430.0
2019-05-10,Z304KBXM,ST4000DM000,4000787030016,0,117.0,153843856.0,95.0,0.0,100.0,5.0,100.0,0.0,86.0,440283574.0,66.0,30465.0,100.0,0.0,100.0,5.0,100.0,0.0,100.0,0.0,100.0,0.0,100.0,0.0,100.0,0.0,79.0,21.0,100.0,0.0,100.0,0.0,98.0,5805.0,21.0,21.0,100.0,0.0,100.0,0.0,200.0,0.0,100.0,30417.0,100.0,44566851168.0,100.0,155982406207.0
2019-05-11,Z304KBXM,ST4000DM000,4000787030016,0,119.0,213790400.0,95.0,0.0,100.0,5.0,100.0,0.0,86.0,441606594.0,66.0,30489.0,100.0,0.0,100.0,5.0,100.0,0.0,100.0,0.0,100.0,0.0,100.0,0.0,100.0,0.0,80.0,20.0,100.0,0.0,100.0,0.0,98.0,5805.0,20.0,20.0,100.0,0.0,100.0,0.0,200.0,0.0,100.0,30441.0,100.0,44569314824.0,100.0,156143217712.0
2019-05-12,Z304KBXM,ST4000DM000,4000787030016,0,110.0,26018168.0,95.0,0.0,100.0,5.0,100.0,0.0,86.0,443128044.0,66.0,30512.0,100.0,0.0,100.0,5.0,100.0,0.0,100.0,0.0,100.0,0.0,100.0,0.0,100.0,0.0,79.0,21.0,100.0,0.0,100.0,0.0,98.0,5805.0,21.0,21.0,100.0,0.0,100.0,0.0,200.0,0.0,100.0,30465.0,100.0,44573197376.0,100.0,156320192630.0
2019-05-13,Z304KBXM,ST4000DM000,4000787030016,0,113.0,55297176.0,95.0,0.0,100.0,5.0,100.0,0.0,86.0,444439271.0,66.0,30536.0,100.0,0.0,100.0,5.0,100.0,0.0,100.0,0.0,100.0,0.0,100.0,0.0,100.0,0.0,78.0,22.0,100.0,0.0,100.0,0.0,98.0,5805.0,22.0,22.0,100.0,0.0,100.0,0.0,200.0,0.0,100.0,30489.0,100.0,44576853752.0,100.0,156489750358.0
2019-05-14,Z304KBXM,ST4000DM000,4000787030016,0,109.0,23350696.0,95.0,0.0,100.0,5.0,100.0,0.0,86.0,445192742.0,66.0,30560.0,100.0,0.0,100.0,5.0,100.0,0.0,100.0,0.0,100.0,0.0,100.0,0.0,100.0,0.0,79.0,21.0,100.0,0.0,100.0,0.0,98.0,5805.0,21.0,21.0,100.0,0.0,100.0,0.0,200.0,0.0,100.0,30512.0,100.0,44578627800.0,100.0,156651655620.0
2019-05-15,Z304KBXM,ST4000DM000,4000787030016,0,117.0,130361064.0,95.0,0.0,100.0,5.0,100.0,0.0,86.0,446093582.0,66.0,30584.0,100.0,0.0,100.0,5.0,100.0,0.0,100.0,0.0,100.0,0.0,100.0,0.0,100.0,0.0,80.0,20.0,100.0,0.0,100.0,0.0,98.0,5805.0,20.0,20.0,100.0,0.0,100.0,0.0,200.0,0.0,100.0,30536.0,100.0,44580934568.0,100.0,156811373463.0
2019-05-16,Z304KBXM,ST4000DM000,4000787030016,0,117.0,153239904.0,95.0,0.0,100.0,5.0,100.0,0.0,86.0,447880324.0,66.0,30608.0,100.0,0.0,100.0,5.0,100.0,0.0,100.0,0.0,100.0,0.0,100.0,0.0,100.0,0.0,79.0,21.0,100.0,0.0,100.0,0.0,98.0,5805.0,21.0,21.0,100.0,0.0,100.0,0.0,200.0,0.0,100.0,30560.0,100.0,44586180344.0,100.0,156987392400.0
2019-05-17,Z304KBXM,ST4000DM000,4000787030016,0,117.0,137082496.0,95.0,0.0,100.0,5.0,100.0,0.0,86.0,448762805.0,66.0,30632.0,100.0,0.0,100.0,5.0,100.0,0.0,100.0,0.0,100.0,0.0,100.0,0.0,100.0,0.0,79.0,21.0,100.0,0.0,100.0,0.0,98.0,5805.0,21.0,21.0,100.0,0.0,100.0,0.0,200.0,0.0,100.0,30584.0,100.0,44587530720.0,100.0,157146606075.0
2019-05-18,Z304KBXM,ST4000DM000,4000787030016,0,117.0,166010808.0,95.0,0.0,100.0,5.0,100.0,0.0,86.0,449873434.0,66.0,30656.0,100.0,0.0,100.0,5.0,100.0,0.0,100.0,0.0,100.0,0.0,100.0,0.0,100.0,0.0,80.0,20.0,100.0,0.0,100.0,0.0,98.0,5805.0,20.0,20.0,100.0,0.0,100.0,0.0,200.0,0.0,100.0,30608.0,100.0,44590702032.0,100.0,157267245022.0
2019-05-19,Z304KBXM,ST4000DM000,4000787030016,0,120.0,235826848.0,95.0,0.0,100.0,5.0,100.0,0.0,86.0,450992377.0,65.0,30680.0,100.0,0.0,100.0,5.0,100.0,0.0,100.0,0.0,100.0,0.0,100.0,0.0,100.0,0.0,80.0,20.0,100.0,0.0,100.0,0.0,98.0,5805.0,20.0,20.0,100.0,0.0,100.0,0.0,200.0,0.0,100.0,30632.0,100.0,44593318168.0,100.0,157380890433.0
2019-05-20,Z304KBXM,ST4000DM000,4000787030016,0,113.0,51933248.0,95.0,0.0,100.0,5.0,100.0,0.0,86.0,451993379.0,65.0,30704.0,100.0,0.0,100.0,5.0,100.0,0.0,100.0,0.0,100.0,0.0,100.0,0.0,100.0,0.0,80.0,20.0,100.0,0.0,100.0,0.0,98.0,5805.0,20.0,20.0,100.0,0.0,100.0,0.0,200.0,0.0,100.0,30656.0,100.0,44595569984.0,100.0,157540170681.0
2019-05-21,Z304KBXM,ST4000DM000,4000787030016,0,115.0,95470672.0,95.0,0.0,100.0,5.0,100.0,0.0,86.0,452489346.0,65.0,30728.0,100.0,0.0,100.0,5.0,100.0,0.0,100.0,0.0,100.0,0.0,100.0,0.0,100.0,0.0,79.0,21.0,100.0,0.0,100.0,0.0,98.0,5805.0,21.0,21.0,100.0,0.0,100.0,0.0,200.0,0.0,100.0,30680.0,100.0,44597227792.0,100.0,157638857636.0
2019-05-22,Z304KBXM,ST4000DM000,4000787030016,0,117.0,124837120.0,95.0,0.0,100.0,5.0,100.0,0.0,86.0,452810177.0,65.0,30740.0,100.0,0.0,100.0,5.0,100.0,0.0,100.0,0.0,100.0,0.0,100.0,0.0,100.0,0.0,80.0,20.0,100.0,0.0,100.0,0.0,98.0,5805.0,20.0,20.0,100.0,0.0,100.0,0.0,200.0,0.0,100.0,30692.0,100.0,44598495624.0,100.0,157702534601.0
2019-05-23,Z304KBXM,ST4000DM000,4000787030016,0,118.0,172588080.0,95.0,0.0,100.0,5.0,100.0,0.0,86.0,453652076.0,65.0,30764.0,100.0,0.0,100.0,5.0,100.0,0.0,100.0,0.0,100.0,0.0,100.0,0.0,100.0,0.0,79.0,21.0,100.0,0.0,100.0,0.0,98.0,5805.0,21.0,21.0,100.0,0.0,100.0,0.0,200.0,0.0,100.0,30716.0,100.0,44600529176.0,100.0,157864831810.0
2019-05-24,Z304KBXM,ST4000DM000,4000787030016,0,115.0,86624232.0,95.0,0.0,100.0,5.0,100.0,0.0,86.0,455075846.0,65.0,30788.0,100.0,0.0,100.0,5.0,100.0,0.0,100.0,0.0,100.0,0.0,100.0,0.0,100.0,0.0,79.0,21.0,100.0,0.0,100.0,0.0,98.0,5805.0,21.0,21.0,100.0,0.0,100.0,0.0,200.0,0.0,100.0,30740.0,100.0,44604930288.0,100.0,158024219644.0
2019-05-25,Z304KBXM,ST4000DM000,4000787030016,0,117.0,166101992.0,95.0,0.0,100.0,5.0,100.0,0.0,86.0,456633915.0,65.0,30811.0,100.0,0.0,100.0,5.0,100.0,0.0,100.0,0.0,100.0,0.0,100.0,0.0,100.0,0.0,79.0,21.0,100.0,0.0,100.0,0.0,98.0,5805.0,21.0,21.0,100.0,0.0,100.0,0.0,200.0,0.0,100.0,30764.0,100.0,44608101760.0,100.0,158182405496.0
2019-05-26,Z304KBXM,ST4000DM000,4000787030016,0,119.0,215011096.0,95.0,0.0,100.0,5.0,100.0,0.0,86.0,457949955.0,65.0,30835.0,100.0,0.0,100.0,5.0,100.0,0.0,100.0,0.0,100.0,0.0,100.0,0.0,100.0,0.0,79.0,21.0,100.0,0.0,100.0,0.0,98.0,5805.0,21.0,21.0,100.0,0.0,100.0,0.0,200.0,0.0,100.0,30787.0,100.0,44612296856.0,100.0,158307235021.0
2019-05-27,Z304KBXM,ST4000DM000,4000787030016,0,110.0,28896440.0,95.0,0.0,100.0,5.0,100.0,0.0,86.0,458839926.0,65.0,30859.0,100.0,0.0,100.0,5.0,100.0,0.0,100.0,0.0,100.0,0.0,100.0,0.0,100.0,0.0,78.0,22.0,100.0,0.0,100.0,0.0,98.0,5805.0,22.0,22.0,100.0,0.0,100.0,0.0,200.0,0.0,100.0,30811.0,100.0,44614287992.0,100.0,158424900626.0
2019-05-28,Z304KBXM,ST4000DM000,4000787030016,0,117.0,131792608.0,95.0,0.0,100.0,5.0,100.0,0.0,86.0,459988193.0,65.0,30883.0,100.0,0.0,100.0,5.0,100.0,0.0,100.0,0.0,100.0,0.0,100.0,0.0,100.0,0.0,80.0,20.0,100.0,0.0,100.0,0.0,98.0,5805.0,20.0,20.0,100.0,0.0,100.0,0.0,200.0,0.0,100.0,30835.0,100.0,44616210112.0,100.0,158551185850.0
2019-05-29,Z304KBXM,ST4000DM000,4000787030016,0,118.0,176605776.0,95.0,0.0,100.0,5.0,100.0,0.0,86.0,460681829.0,65.0,30907.0,100.0,0.0,100.0,5.0,100.0,0.0,100.0,0.0,100.0,0.0,100.0,0.0,100.0,0.0,80.0,20.0,100.0,0.0,100.0,0.0,98.0,5805.0,20.0,20.0,100.0,0.0,100.0,0.0,200.0,0.0,100.0,30859.0,100.0,44617614416.0,100.0,158645008240.0
2019-05-30,Z304KBXM,ST4000DM000,4000787030016,0,114.0,77216608.0,95.0,0.0,100.0,5.0,100.0,0.0,86.0,462077978.0,65.0,30931.0,100.0,0.0,100.0,5.0,100.0,0.0,100.0,0.0,100.0,0.0,100.0,0.0,100.0,0.0,79.0,21.0,100.0,0.0,100.0,0.0,98.0,5805.0,21.0,21.0,100.0,0.0,100.0,0.0,200.0,0.0,100.0,30884.0,100.0,44621231640.0,100.0,158796533675.0
2019-05-31,Z304KBXM,ST4000DM000,4000787030016,0,116.0,116393728.0,95.0,0.0,100.0,5.0,100.0,0.0,86.0,463430944.0,65.0,30955.0,100.0,0.0,100.0,5.0,100.0,0.0,100.0,0.0,100.0,0.0,100.0,0.0,100.0,0.0,79.0,21.0,100.0,0.0,100.0,0.0,98.0,5805.0,21.0,21.0,100.0,0.0,100.0,0.0,200.0,0.0,100.0,30907.0,100.0,44624427208.0,100.0,158960272294.0
2019-06-01,Z304KBXM,ST4000DM000,4000787030016,0,118.0,179492760.0,95.0,0.0,100.0,5.0,100.0,0.0,86.0,464056010.0,65.0,30979.0,100.0,0.0,100.0,5.0,100.0,0.0,100.0,0.0,100.0,0.0,100.0,0.0,100.0,0.0,80.0,20.0,100.0,0.0,100.0,0.0,98.0,5805.0,20.0,20.0,100.0,0.0,100.0,0.0,200.0,0.0,100.0,30931.0,100.0,44626065808.0,100.0,159094454050.0
2019-06-02,Z304KBXM,ST4000DM000,4000787030016,0,117.0,150446712.0,95.0,0.0,100.0,5.0,100.0,0.0,86.0,465063372.0,65.0,31003.0,100.0,0.0,100.0,5.0,100.0,0.0,100.0,0.0,100.0,0.0,100.0,0.0,100.0,0.0,80.0,20.0,100.0,0.0,100.0,0.0,98.0,5805.0,20.0,20.0,100.0,0.0,100.0,0.0,200.0,0.0,100.0,30955.0,100.0,44630009744.0,100.0,159189590858.0
2019-06-03,Z304KBXM,ST4000DM000,4000787030016,0,101.0,3342808.0,95.0,0.0,100.0,5.0,100.0,0.0,86.0,465961862.0,65.0,31027.0,100.0,0.0,100.0,5.0,100.0,0.0,100.0,0.0,100.0,0.0,100.0,0.0,100.0,0.0,79.0,21.0,100.0,0.0,100.0,0.0,98.0,5805.0,21.0,21.0,100.0,0.0,100.0,0.0,200.0,0.0,100.0,30979.0,100.0,44633442632.0,100.0,159346591545.0
2019-06-04,Z304KBXM,ST4000DM000,4000787030016,0,117.0,152024328.0,95.0,0.0,100.0,5.0,100.0,0.0,86.0,466370279.0,65.0,31051.0,100.0,0.0,100.0,5.0,100.0,0.0,100.0,0.0,100.0,0.0,100.0,0.0,100.0,0.0,79.0,21.0,100.0,0.0,100.0,0.0,98.0,5805.0,21.0,21.0,100.0,0.0,100.0,0.0,200.0,0.0,100.0,31003.0,100.0,44635683480.0,100.0,159534106954.0
2019-06-05,Z304KBXM,ST4000DM000,4000787030016,0,109.0,24735128.0,95.0,0.0,100.0,5.0,100.0,0.0,86.0,466982079.0,65.0,31087.0,100.0,0.0,100.0,5.0,100.0,0.0,100.0,0.0,100.0,0.0,100.0,0.0,100.0,0.0,80.0,20.0,100.0,0.0,100.0,0.0,98.0,5805.0,20.0,20.0,100.0,0.0,100.0,0.0,200.0,0.0,100.0,31039.0,100.0,44639206136.0,100.0,159775123691.0
2019-06-06,Z304KBXM,ST4000DM000,4000787030016,0,117.0,127603624.0,95.0,0.0,100.0,5.0,100.0,0.0,86.0,467997166.0,65.0,31111.0,100.0,0.0,100.0,5.0,100.0,0.0,100.0,0.0,100.0,0.0,100.0,0.0,100.0,0.0,80.0,20.0,100.0,0.0,100.0,0.0,98.0,5805.0,20.0,20.0,100.0,0.0,100.0,0.0,200.0,0.0,100.0,31063.0,100.0,44643767368.0,100.0,159935057056.0
2019-06-07,Z304KBXM,ST4000DM000,4000787030016,0,112.0,44174624.0,95.0,0.0,100.0,5.0,100.0,0.0,86.0,468870709.0,65.0,31135.0,100.0,0.0,100.0,5.0,100.0,0.0,100.0,0.0,100.0,0.0,100.0,0.0,100.0,0.0,78.0,22.0,100.0,0.0,100.0,0.0,98.0,5805.0,22.0,22.0,100.0,0.0,100.0,0.0,200.0,0.0,100.0,31087.0,100.0,44646246736.0,100.0,160113989834.0
2019-06-08,Z304KBXM,ST4000DM000,4000787030016,0,117.0,122884144.0,95.0,0.0,100.0,5.0,100.0,0.0,86.0,469728170.0,65.0,31159.0,100.0,0.0,100.0,5.0,100.0,0.0,100.0,0.0,100.0,0.0,100.0,0.0,100.0,0.0,79.0,21.0,100.0,0.0,100.0,0.0,98.0,5805.0,21.0,21.0,100.0,0.0,100.0,0.0,200.0,0.0,100.0,31111.0,100.0,44648705776.0,100.0,160283836576.0
2019-06-09,Z304KBXM,ST4000DM000,4000787030016,0,113.0,58085960.0,95.0,0.0,100.0,5.0,100.0,0.0,87.0,471195815.0,65.0,31183.0,100.0,0.0,100.0,5.0,100.0,0.0,100.0,0.0,100.0,0.0,100.0,0.0,100.0,0.0,79.0,21.0,100.0,0.0,100.0,0.0,98.0,5805.0,21.0,21.0,100.0,0.0,100.0,0.0,200.0,0.0,100.0,31135.0,100.0,44653325648.0,100.0,160446862005.0
2019-06-10,Z304KBXM,ST4000DM000,4000787030016,0,118.0,190039456.0,95.0,0.0,100.0,5.0,100.0,0.0,87.0,472484117.0,65.0,31207.0,100.0,0.0,100.0,5.0,100.0,0.0,100.0,0.0,100.0,0.0,100.0,0.0,100.0,0.0,80.0,20.0,100.0,0.0,100.0,0.0,98.0,5805.0,20.0,20.0,100.0,0.0,100.0,0.0,200.0,0.0,100.0,31159.0,100.0,44655225288.0,100.0,160617104793.0
2019-06-11,Z304KBXM,ST4000DM000,4000787030016,0,117.0,154797400.0,95.0,0.0,100.0,5.0,100.0,0.0,87.0,473862808.0,65.0,31231.0,100.0,0.0,100.0,5.0,100.0,0.0,100.0,0.0,100.0,0.0,100.0,0.0,100.0,0.0,80.0,20.0,100.0,0.0,100.0,0.0,98.0,5805.0,20.0,20.0,100.0,0.0,100.0,0.0,200.0,0.0,100.0,31183.0,100.0,44658094952.0,100.0,160794309388.0
2019-06-12,Z304KBXM,ST4000DM000,4000787030016,0,119.0,225121416.0,95.0,0.0,100.0,5.0,100.0,0.0,87.0,474574548.0,65.0,31255.0,100.0,0.0,100.0,5.0,100.0,0.0,100.0,0.0,100.0,0.0,100.0,0.0,100.0,0.0,80.0,20.0,100.0,0.0,100.0,0.0,98.0,5805.0,20.0,20.0,100.0,0.0,100.0,0.0,200.0,0.0,100.0,31207.0,100.0,44659801040.0,100.0,160961991994.0
2019-06-13,Z304KBXM,ST4000DM000,4000787030016,0,118.0,170448728.0,95.0,0.0,100.0,5.0,100.0,0.0,87.0,476011505.0,65.0,31279.0,100.0,0.0,100.0,5.0,100.0,0.0,100.0,0.0,100.0,0.0,100.0,0.0,100.0,0.0,79.0,21.0,100.0,0.0,100.0,0.0,98.0,5805.0,21.0,21.0,100.0,0.0,100.0,0.0,200.0,0.0,100.0,31231.0,100.0,44664306920.0,100.0,161130039342.0
2019-06-14,Z304KBXM,ST4000DM000,4000787030016,0,111.0,41486552.0,95.0,0.0,100.0,5.0,100.0,0.0,87.0,477027222.0,65.0,31302.0,100.0,0.0,100.0,5.0,100.0,0.0,100.0,0.0,100.0,0.0,100.0,0.0,100.0,0.0,79.0,21.0,100.0,0.0,100.0,0.0,98.0,5805.0,21.0,21.0,100.0,0.0,100.0,0.0,200.0,0.0,100.0,31255.0,100.0,44666139208.0,100.0,161294413084.0
2019-06-15,Z304KBXM,ST4000DM000,4000787030016,0,112.0,42434288.0,95.0,0.0,100.0,5.0,100.0,0.0,87.0,478140085.0,65.0,31326.0,100.0,0.0,100.0,5.0,100.0,0.0,100.0,0.0,100.0,0.0,100.0,0.0,100.0,0.0,79.0,21.0,100.0,0.0,100.0,0.0,98.0,5805.0,21.0,21.0,100.0,0.0,100.0,0.0,200.0,0.0,100.0,31279.0,100.0,44668420880.0,100.0,161451944667.0
2019-06-16,Z304KBXM,ST4000DM000,4000787030016,0,114.0,59458408.0,95.0,0.0,100.0,5.0,100.0,0.0,87.0,479851579.0,65.0,31350.0,100.0,0.0,100.0,5.0,100.0,0.0,100.0,0.0,100.0,0.0,100.0,0.0,100.0,0.0,79.0,21.0,100.0,0.0,100.0,0.0,98.0,5805.0,21.0,21.0,100.0,0.0,100.0,0.0,200.0,0.0,100.0,31302.0,100.0,44672422176.0,100.0,161578240197.0
2019-06-17,Z304KBXM,ST4000DM000,4000787030016,0,114.0,61113472.0,95.0,0.0,100.0,5.0,100.0,0.0,87.0,480367190.0,65.0,31374.0,100.0,0.0,100.0,5.0,100.0,0.0,100.0,0.0,100.0,0.0,100.0,0.0,100.0,0.0,80.0,20.0,100.0,0.0,100.0,0.0,98.0,5805.0,20.0,20.0,100.0,0.0,100.0,0.0,200.0,0.0,100.0,31326.0,100.0,44673762552.0,100.0,161677816327.0
2019-06-18,Z304KBXM,ST4000DM000,4000787030016,0,114.0,68051904.0,95.0,0.0,100.0,5.0,100.0,0.0,87.0,481275668.0,65.0,31398.0,100.0,0.0,100.0,5.0,100.0,0.0,100.0,0.0,100.0,0.0,100.0,0.0,100.0,0.0,80.0,20.0,100.0,0.0,100.0,0.0,98.0,5805.0,20.0,20.0,100.0,0.0,100.0,0.0,200.0,0.0,100.0,31350.0,100.0,44675541848.0,100.0,161846027499.0
2019-06-19,Z304KBXM,ST4000DM000,4000787030016,0,120.0,1947656.0,95.0,0.0,100.0,5.0,100.0,0.0,87.0,481680611.0,65.0,31410.0,100.0,0.0,100.0,5.0,100.0,0.0,100.0,0.0,100.0,0.0,100.0,0.0,100.0,0.0,80.0,20.0,100.0,0.0,100.0,0.0,98.0,5805.0,20.0,20.0,100.0,0.0,100.0,0.0,200.0,0.0,100.0,31363.0,100.0,44676654576.0,100.0,161917713327.0
2019-06-20,Z304KBXM,ST4000DM000,4000787030016,0,105.0,9778784.0,95.0,0.0,100.0,5.0,100.0,0.0,87.0,482163914.0,65.0,31434.0,100.0,0.0,100.0,5.0,100.0,0.0,100.0,0.0,100.0,0.0,100.0,0.0,100.0,0.0,79.0,21.0,100.0,0.0,100.0,0.0,98.0,5805.0,21.0,21.0,100.0,0.0,100.0,0.0,200.0,0.0,100.0,31386.0,100.0,44678180616.0,100.0,162014058188.0
2019-06-21,Z304KBXM,ST4000DM000,4000787030016,0,118.0,180594992.0,95.0,0.0,100.0,5.0,100.0,0.0,87.0,483516711.0,65.0,31458.0,100.0,0.0,100.0,5.0,100.0,0.0,100.0,0.0,100.0,0.0,100.0,0.0,100.0,0.0,79.0,21.0,100.0,0.0,100.0,0.0,98.0,5805.0,21.0,21.0,100.0,0.0,100.0,0.0,200.0,0.0,100.0,31410.0,100.0,44682999048.0,100.0,162172448020.0
2019-06-22,Z304KBXM,ST4000DM000,4000787030016,0,119.0,221996152.0,95.0,0.0,100.0,5.0,100.0,0.0,87.0,485238588.0,65.0,31494.0,100.0,0.0,100.0,5.0,100.0,0.0,100.0,0.0,100.0,0.0,100.0,0.0,100.0,0.0,79.0,21.0,100.0,0.0,100.0,0.0,98.0,5805.0,21.0,21.0,100.0,0.0,100.0,0.0,200.0,0.0,100.0,31446.0,100.0,44688147872.0,100.0,162401695665.0
2019-06-23,Z304KBXM,ST4000DM000,4000787030016,0,117.0,157017448.0,95.0,0.0,100.0,5.0,100.0,0.0,87.0,486473623.0,65.0,31517.0,100.0,0.0,100.0,5.0,100.0,0.0,100.0,0.0,100.0,0.0,100.0,0.0,100.0,0.0,79.0,21.0,100.0,0.0,100.0,0.0,98.0,5805.0,21.0,21.0,100.0,0.0,100.0,0.0,200.0,0.0,100.0,31470.0,100.0,44692223648.0,100.0,162528552682.0
2019-06-24,Z304KBXM,ST4000DM000,4000787030016,0,117.0,132608712.0,95.0,0.0,100.0,5.0,100.0,0.0,87.0,487286828.0,64.0,31541.0,100.0,0.0,100.0,5.0,100.0,0.0,100.0,0.0,100.0,0.0,100.0,0.0,100.0,0.0,80.0,20.0,100.0,0.0,100.0,0.0,98.0,5805.0,20.0,20.0,100.0,0.0,100.0,0.0,200.0,0.0,100.0,31494.0,100.0,44693910920.0,100.0,162657753688.0
2019-06-25,Z304KBXM,ST4000DM000,4000787030016,0,114.0,79719352.0,95.0,0.0,100.0,5.0,100.0,0.0,87.0,488191011.0,64.0,31565.0,100.0,0.0,100.0,5.0,100.0,0.0,100.0,0.0,100.0,0.0,100.0,0.0,100.0,0.0,80.0,20.0,100.0,0.0,100.0,0.0,98.0,5805.0,20.0,20.0,100.0,0.0,100.0,0.0,200.0,0.0,100.0,31517.0,100.0,44695661016.0,100.0,162779156008.0
2019-06-26,Z304KBXM,ST4000DM000,4000787030016,0,119.0,229732208.0,95.0,0.0,100.0,5.0,100.0,0.0,87.0,489265964.0,64.0,31589.0,100.0,0.0,100.0,5.0,100.0,0.0,100.0,0.0,100.0,0.0,100.0,0.0,100.0,0.0,80.0,20.0,100.0,0.0,100.0,0.0,98.0,5805.0,20.0,20.0,100.0,0.0,100.0,0.0,200.0,0.0,100.0,31541.0,100.0,44697692864.0,100.0,162904422094.0
2019-06-27,Z304KBXM,ST4000DM000,4000787030016,0,114.0,72195440.0,95.0,0.0,100.0,5.0,100.0,0.0,87.0,491821540.0,64.0,31613.0,100.0,0.0,100.0,5.0,100.0,0.0,100.0,0.0,100.0,0.0,100.0,0.0,100.0,0.0,80.0,20.0,100.0,0.0,100.0,0.0,98.0,5805.0,20.0,20.0,100.0,0.0,100.0,0.0,200.0,0.0,100.0,31565.0,100.0,44703035456.0,100.0,163128361091.0
2019-06-28,Z304KBXM,ST4000DM000,4000787030016,0,110.0,25781720.0,95.0,0.0,100.0,5.0,100.0,0.0,87.0,492987935.0,64.0,31637.0,100.0,0.0,100.0,5.0,100.0,0.0,100.0,0.0,100.0,0.0,100.0,0.0,100.0,0.0,80.0,20.0,100.0,0.0,100.0,0.0,98.0,5805.0,20.0,20.0,100.0,0.0,100.0,0.0,200.0,0.0,100.0,31589.0,100.0,44705018024.0,100.0,163383559657.0
2019-06-29,Z304KBXM,ST4000DM000,4000787030016,0,118.0,185158000.0,95.0,0.0,100.0,5.0,100.0,0.0,87.0,493695872.0,64.0,31660.0,100.0,0.0,100.0,5.0,100.0,0.0,100.0,0.0,100.0,0.0,100.0,0.0,100.0,0.0,80.0,20.0,100.0,0.0,100.0,0.0,98.0,5805.0,20.0,20.0,100.0,0.0,100.0,0.0,200.0,0.0,100.0,31613.0,100.0,44707428024.0,100.0,163558087989.0
2019-06-30,Z304KBXM,ST4000DM000,4000787030016,0,112.0,43452712.0,95.0,0.0,100.0,5.0,100.0,0.0,87.0,494768784.0,64.0,31684.0,100.0,0.0,100.0,5.0,100.0,0.0,100.0,0.0,100.0,0.0,100.0,0.0,100.0,0.0,80.0,20.0,100.0,0.0,100.0,0.0,98.0,5805.0,20.0,20.0,100.0,0.0,100.0,0.0,200.0,0.0,100.0,31636.0,100.0,44712079888.0,100.0,163782436297.0
2019-07-01,Z304KBXM,ST4000DM000,4000787030016,0,114.0,63397312.0,95.0,0.0,100.0,5.0,100.0,0.0,87.0,495397150.0,64.0,31708.0,100.0,0.0,100.0,5.0,100.0,0.0,100.0,0.0,100.0,0.0,100.0,0.0,100.0,0.0,80.0,20.0,100.0,0.0,100.0,0.0,98.0,5805.0,20.0,20.0,100.0,0.0,100.0,0.0,200.0,0.0,100.0,31660.0,100.0,44715525456.0,100.0,164039820156.0
2019-07-02,Z304KBXM,ST4000DM000,4000787030016,0,118.0,191681776.0,95.0,0.0,100.0,5.0,100.0,0.0,87.0,495887691.0,64.0,31732.0,100.0,0.0,100.0,5.0,100.0,0.0,100.0,0.0,100.0,0.0,100.0,0.0,100.0,0.0,80.0,20.0,100.0,0.0,100.0,0.0,98.0,5805.0,20.0,20.0,100.0,0.0,100.0,0.0,200.0,0.0,100.0,31684.0,100.0,44718579408.0,100.0,164247771991.0
2019-07-03,Z304KBXM,ST4000DM000,4000787030016,0,115.0,85504096.0,95.0,0.0,100.0,5.0,100.0,0.0,87.0,497516612.0,64.0,31756.0,100.0,0.0,100.0,5.0,100.0,0.0,100.0,0.0,100.0,0.0,100.0,0.0,100.0,0.0,80.0,20.0,100.0,0.0,100.0,0.0,98.0,5805.0,20.0,20.0,100.0,0.0,100.0,0.0,200.0,0.0,100.0,31708.0,100.0,44723665488.0,100.0,164520248916.0
2019-07-04,Z304KBXM,ST4000DM000,4000787030016,0,108.0,20463328.0,95.0,0.0,100.0,5.0,100.0,0.0,87.0,499753438.0,64.0,31779.0,100.0,0.0,100.0,5.0,100.0,0.0,100.0,0.0,100.0,0.0,100.0,0.0,100.0,0.0,80.0,20.0,100.0,0.0,100.0,0.0,98.0,5805.0,20.0,20.0,100.0,0.0,100.0,0.0,200.0,0.0,100.0,31732.0,100.0,44727435920.0,100.0,164789612343.0
2019-07-05,Z304KBXM,ST4000DM000,4000787030016,0,116.0,101552736.0,95.0,0.0,100.0,5.0,100.0,0.0,87.0,501344148.0,64.0,31803.0,100.0,0.0,100.0,5.0,100.0,0.0,100.0,0.0,100.0,0.0,100.0,0.0,100.0,0.0,80.0,20.0,100.0,0.0,100.0,0.0,98.0,5805.0,20.0,20.0,100.0,0.0,100.0,0.0,200.0,0.0,100.0,31756.0,100.0,44729510808.0,100.0,165050354827.0
2019-07-06,Z304KBXM,ST4000DM000,4000787030016,0,115.0,92741424.0,95.0,0.0,100.0,5.0,100.0,0.0,87.0,502394018.0,64.0,31827.0,100.0,0.0,100.0,5.0,100.0,0.0,100.0,0.0,100.0,0.0,100.0,0.0,100.0,0.0,80.0,20.0,100.0,0.0,100.0,0.0,98.0,5805.0,20.0,20.0,100.0,0.0,100.0,0.0,200.0,0.0,100.0,31779.0,100.0,44732037568.0,100.0,165291894637.0
2019-07-07,Z304KBXM,ST4000DM000,4000787030016,0,119.0,234235472.0,95.0,0.0,100.0,5.0,100.0,0.0,87.0,504101419.0,64.0,31851.0,100.0,0.0,100.0,5.0,100.0,0.0,100.0,0.0,100.0,0.0,100.0,0.0,100.0,0.0,80.0,20.0,100.0,0.0,100.0,0.0,98.0,5805.0,20.0,20.0,100.0,0.0,100.0,0.0,200.0,0.0,100.0,31803.0,100.0,44736762648.0,100.0,165500550568.0
2019-07-08,Z304KBXM,ST4000DM000,4000787030016,0,112.0,47878736.0,95.0,0.0,100.0,5.0,100.0,0.0,87.0,505638320.0,64.0,31875.0,100.0,0.0,100.0,5.0,100.0,0.0,100.0,0.0,100.0,0.0,100.0,0.0,100.0,0.0,80.0,20.0,100.0,0.0,100.0,0.0,98.0,5805.0,20.0,20.0,100.0,0.0,100.0,0.0,200.0,0.0,100.0,31827.0,100.0,44739172840.0,100.0,165733350749.0
2019-07-09,Z304KBXM,ST4000DM000,4000787030016,0,116.0,108592960.0,95.0,0.0,100.0,5.0,100.0,0.0,87.0,506398240.0,64.0,31898.0,100.0,0.0,100.0,5.0,100.0,0.0,100.0,0.0,100.0,0.0,100.0,0.0,100.0,0.0,80.0,20.0,100.0,0.0,100.0,0.0,98.0,5805.0,20.0,20.0,100.0,0.0,100.0,0.0,200.0,0.0,100.0,31851.0,100.0,44741066552.0,100.0,165887792193.0
2019-07-10,Z304KBXM,ST4000DM000,4000787030016,0,114.0,82573992.0,95.0,0.0,100.0,5.0,100.0,0.0,87.0,508360405.0,64.0,31922.0,100.0,0.0,100.0,5.0,100.0,0.0,100.0,0.0,100.0,0.0,100.0,0.0,100.0,0.0,80.0,20.0,100.0,0.0,100.0,0.0,98.0,5805.0,20.0,20.0,100.0,0.0,100.0,0.0,200.0,0.0,100.0,31874.0,100.0,44745777448.0,100.0,166122575327.0
2019-07-11,Z304KBXM,ST4000DM000,4000787030016,0,117.0,153597136.0,95.0,0.0,100.0,5.0,100.0,0.0,87.0,509846798.0,64.0,31946.0,100.0,0.0,100.0,5.0,100.0,0.0,100.0,0.0,100.0,0.0,100.0,0.0,100.0,0.0,80.0,20.0,100.0,0.0,100.0,0.0,98.0,5805.0,20.0,20.0,100.0,0.0,100.0,0.0,200.0,0.0,100.0,31898.0,100.0,44750340168.0,100.0,166306480263.0
2019-07-12,Z304KBXM,ST4000DM000,4000787030016,0,117.0,120305032.0,95.0,0.0,100.0,5.0,100.0,0.0,87.0,510937780.0,64.0,31970.0,100.0,0.0,100.0,5.0,100.0,0.0,100.0,0.0,100.0,0.0,100.0,0.0,100.0,0.0,79.0,21.0,100.0,0.0,100.0,0.0,98.0,5805.0,21.0,21.0,100.0,0.0,100.0,0.0,200.0,0.0,100.0,31922.0,100.0,44752278440.0,100.0,166531490696.0
2019-07-13,Z304KBXM,ST4000DM000,4000787030016,0,118.0,174577984.0,95.0,0.0,100.0,5.0,100.0,0.0,87.0,512510427.0,64.0,31994.0,100.0,0.0,100.0,5.0,100.0,0.0,100.0,0.0,100.0,0.0,100.0,0.0,100.0,0.0,80.0,20.0,100.0,0.0,100.0,0.0,98.0,5805.0,20.0,20.0,100.0,0.0,100.0,0.0,200.0,0.0,100.0,31946.0,100.0,44755370496.0,100.0,166814065968.0
2019-07-14,Z304KBXM,ST4000DM000,4000787030016,0,117.0,126297840.0,95.0,0.0,100.0,5.0,100.0,0.0,87.0,514355756.0,64.0,32018.0,100.0,0.0,100.0,5.0,100.0,0.0,100.0,0.0,100.0,0.0,100.0,0.0,100.0,0.0,80.0,20.0,100.0,0.0,100.0,0.0,98.0,5805.0,20.0,20.0,100.0,0.0,100.0,0.0,200.0,0.0,100.0,31970.0,100.0,44759799144.0,100.0,167000766679.0
2019-07-15,Z304KBXM,ST4000DM000,4000787030016,0,111.0,40476664.0,95.0,0.0,100.0,5.0,100.0,0.0,87.0,515993037.0,64.0,32041.0,100.0,0.0,100.0,5.0,100.0,0.0,100.0,0.0,100.0,0.0,100.0,0.0,100.0,0.0,79.0,21.0,100.0,0.0,100.0,0.0,98.0,5805.0,21.0,21.0,100.0,0.0,100.0,0.0,200.0,0.0,100.0,31994.0,100.0,44762113088.0,100.0,167203901337.0
2019-07-16,Z304KBXM,ST4000DM000,4000787030016,0,111.0,40047752.0,95.0,0.0,100.0,5.0,100.0,0.0,87.0,517337171.0,64.0,32065.0,100.0,0.0,100.0,5.0,100.0,0.0,100.0,0.0,100.0,0.0,100.0,0.0,100.0,0.0,82.0,18.0,100.0,0.0,100.0,0.0,98.0,5805.0,18.0,18.0,100.0,0.0,100.0,0.0,200.0,0.0,100.0,32018.0,100.0,44764655928.0,100.0,167486316235.0
2019-07-17,Z304KBXM,ST4000DM000,4000787030016,0,118.0,191115520.0,95.0,0.0,100.0,5.0,100.0,0.0,87.0,518887742.0,64.0,32090.0,100.0,0.0,100.0,5.0,100.0,0.0,100.0,0.0,100.0,0.0,100.0,0.0,100.0,0.0,80.0,20.0,100.0,0.0,100.0,0.0,98.0,5805.0,20.0,20.0,100.0,0.0,100.0,0.0,200.0,0.0,100.0,32042.0,100.0,44768622784.0,100.0,167729395001.0
2019-07-18,Z304KBXM,ST4000DM000,4000787030016,0,99.0,2441992.0,95.0,0.0,100.0,5.0,100.0,0.0,87.0,520211635.0,64.0,32113.0,100.0,0.0,100.0,5.0,100.0,0.0,100.0,0.0,100.0,0.0,100.0,0.0,100.0,0.0,80.0,20.0,100.0,0.0,100.0,0.0,98.0,5805.0,20.0,20.0,100.0,0.0,100.0,0.0,200.0,0.0,100.0,32066.0,100.0,44774252160.0,100.0,168082985245.0
2019-07-19,Z304KBXM,ST4000DM000,4000787030016,0,119.0,229517040.0,95.0,0.0,100.0,5.0,100.0,0.0,87.0,520958841.0,64.0,32137.0,100.0,0.0,100.0,5.0,100.0,0.0,100.0,0.0,100.0,0.0,100.0,0.0,100.0,0.0,81.0,19.0,100.0,0.0,100.0,0.0,98.0,5805.0,19.0,19.0,100.0,0.0,100.0,0.0,200.0,0.0,100.0,32090.0,100.0,44777818112.0,100.0,168383704125.0
2019-07-20,Z304KBXM,ST4000DM000,4000787030016,0,117.0,140347128.0,95.0,0.0,100.0,5.0,100.0,0.0,87.0,522211274.0,64.0,32161.0,100.0,0.0,100.0,5.0,100.0,0.0,100.0,0.0,100.0,0.0,100.0,0.0,100.0,0.0,81.0,19.0,100.0,0.0,100.0,0.0,98.0,5805.0,19.0,19.0,100.0,0.0,100.0,0.0,200.0,0.0,100.0,32113.0,100.0,44781989192.0,100.0,168726105056.0
2019-07-21,Z304KBXM,ST4000DM000,4000787030016,0,115.0,97649400.0,95.0,0.0,100.0,5.0,100.0,0.0,87.0,524625020.0,64.0,32185.0,100.0,0.0,100.0,5.0,100.0,0.0,100.0,0.0,100.0,0.0,100.0,0.0,100.0,0.0,79.0,21.0,100.0,0.0,100.0,0.0,98.0,5805.0,21.0,21.0,100.0,0.0,100.0,0.0,200.0,0.0,100.0,32137.0,100.0,44786849664.0,100.0,169004447977.0
2019-07-22,Z304KBXM,ST4000DM000,4000787030016,0,120.0,2395912.0,95.0,0.0,100.0,5.0,100.0,0.0,87.0,526308630.0,64.0,32209.0,100.0,0.0,100.0,5.0,100.0,0.0,100.0,0.0,100.0,0.0,100.0,0.0,100.0,0.0,80.0,20.0,100.0,0.0,100.0,0.0,98.0,5805.0,20.0,20.0,100.0,0.0,100.0,0.0,200.0,0.0,100.0,32162.0,100.0,44789595976.0,100.0,169352750618.0
2019-07-23,Z304KBXM,ST4000DM000,4000787030016,0,114.0,68510720.0,95.0,0.0,100.0,5.0,100.0,0.0,87.0,528526392.0,64.0,32234.0,100.0,0.0,100.0,5.0,100.0,0.0,100.0,0.0,100.0,0.0,100.0,0.0,100.0,0.0,80.0,20.0,100.0,0.0,100.0,0.0,98.0,5805.0,20.0,20.0,100.0,0.0,100.0,0.0,200.0,0.0,100.0,32186.0,100.0,44794140272.0,100.0,169673672901.0
2019-07-24,Z304KBXM,ST4000DM000,4000787030016,0,120.0,240788504.0,95.0,0.0,100.0,5.0,100.0,0.0,87.0,530239052.0,64.0,32258.0,100.0,0.0,100.0,5.0,100.0,0.0,100.0,0.0,100.0,0.0,100.0,0.0,100.0,0.0,80.0,20.0,100.0,0.0,100.0,0.0,98.0,5805.0,20.0,20.0,100.0,0.0,100.0,0.0,200.0,0.0,100.0,32210.0,100.0,44796688856.0,100.0,169960317275.0
2019-07-25,Z304KBXM,ST4000DM000,4000787030016,0,113.0,50735616.0,95.0,0.0,100.0,5.0,100.0,0.0,87.0,532129224.0,64.0,32282.0,100.0,0.0,100.0,5.0,100.0,0.0,100.0,0.0,100.0,0.0,100.0,0.0,100.0,0.0,80.0,20.0,100.0,0.0,100.0,0.0,98.0,5805.0,20.0,20.0,100.0,0.0,100.0,0.0,200.0,0.0,100.0,32234.0,100.0,44802283008.0,100.0,170223152232.0
2019-07-26,Z304KBXM,ST4000DM000,4000787030016,0,114.0,81925832.0,95.0,0.0,100.0,5.0,100.0,0.0,87.0,533381997.0,64.0,32306.0,100.0,0.0,100.0,5.0,100.0,0.0,100.0,0.0,100.0,0.0,100.0,0.0,100.0,0.0,80.0,20.0,100.0,0.0,100.0,0.0,98.0,5805.0,20.0,20.0,100.0,0.0,100.0,0.0,200.0,0.0,100.0,32258.0,100.0,44805189032.0,100.0,170463315442.0
2019-07-27,Z304KBXM,ST4000DM000,4000787030016,0,109.0,21163696.0,95.0,0.0,100.0,5.0,100.0,0.0,87.0,534803097.0,64.0,32330.0,100.0,0.0,100.0,5.0,100.0,0.0,100.0,0.0,100.0,0.0,100.0,0.0,100.0,0.0,80.0,20.0,100.0,0.0,100.0,0.0,98.0,5805.0,20.0,20.0,100.0,0.0,100.0,0.0,200.0,0.0,100.0,32282.0,100.0,44808144416.0,100.0,170748843005.0
2019-07-28,Z304KBXM,ST4000DM000,4000787030016,0,119.0,208741152.0,95.0,0.0,100.0,5.0,100.0,0.0,87.0,536606509.0,64.0,32354.0,100.0,0.0,100.0,5.0,100.0,0.0,100.0,0.0,100.0,0.0,100.0,0.0,100.0,0.0,80.0,20.0,100.0,0.0,100.0,0.0,98.0,5805.0,20.0,20.0,100.0,0.0,100.0,0.0,200.0,0.0,100.0,32306.0,100.0,44812662192.0,100.0,170974781387.0
2019-07-29,Z304KBXM,ST4000DM000,4000787030016,0,114.0,75381920.0,95.0,0.0,100.0,5.0,100.0,0.0,87.0,538477175.0,64.0,32378.0,100.0,0.0,100.0,5.0,100.0,0.0,100.0,0.0,100.0,0.0,100.0,0.0,100.0,0.0,80.0,20.0,100.0,0.0,100.0,0.0,98.0,5805.0,20.0,20.0,100.0,0.0,100.0,0.0,200.0,0.0,100.0,32330.0,100.0,44815286720.0,100.0,171211259920.0
2019-07-30,Z304KBXM,ST4000DM000,4000787030016,0,117.0,140610464.0,95.0,0.0,100.0,5.0,100.0,0.0,87.0,539964860.0,64.0,32402.0,100.0,0.0,100.0,5.0,100.0,0.0,100.0,0.0,100.0,0.0,100.0,0.0,100.0,0.0,80.0,20.0,100.0,0.0,100.0,0.0,98.0,5805.0,20.0,20.0,100.0,0.0,100.0,0.0,200.0,0.0,100.0,32355.0,100.0,44822052536.0,100.0,171441965515.0
2019-07-31,Z304KBXM,ST4000DM000,4000787030016,0,119.0,203456104.0,95.0,0.0,100.0,5.0,100.0,0.0,87.0,541435471.0,63.0,32426.0,100.0,0.0,100.0,5.0,100.0,0.0,100.0,0.0,100.0,0.0,100.0,1.0,100.0,0.0,81.0,19.0,100.0,0.0,100.0,0.0,98.0,5805.0,19.0,19.0,100.0,0.0,100.0,0.0,200.0,0.0,100.0,32379.0,100.0,44860864416.0,100.0,171730361500.0
2019-08-01,Z304KBXM,ST4000DM000,4000787030016,0,116.0,105930592.0,95.0,0.0,100.0,5.0,100.0,0.0,87.0,543621935.0,63.0,32450.0,100.0,0.0,100.0,5.0,100.0,0.0,100.0,0.0,100.0,0.0,100.0,1.0,100.0,0.0,81.0,19.0,100.0,0.0,100.0,0.0,98.0,5805.0,19.0,19.0,100.0,0.0,100.0,0.0,200.0,0.0,100.0,32403.0,100.0,44895865832.0,100.0,172006273671.0
2019-08-02,Z304KBXM,ST4000DM000,4000787030016,0,114.0,74298104.0,95.0,0.0,100.0,5.0,100.0,0.0,87.0,544656010.0,63.0,32474.0,100.0,0.0,100.0,5.0,100.0,0.0,100.0,0.0,100.0,0.0,100.0,1.0,100.0,0.0,81.0,19.0,100.0,0.0,100.0,0.0,98.0,5805.0,19.0,19.0,100.0,0.0,100.0,0.0,200.0,0.0,100.0,32426.0,100.0,44936726000.0,100.0,172370948792.0
2019-08-03,Z304KBXM,ST4000DM000,4000787030016,0,120.0,236042224.0,95.0,0.0,100.0,5.0,100.0,0.0,87.0,545572289.0,63.0,32498.0,100.0,0.0,100.0,5.0,100.0,0.0,100.0,0.0,100.0,0.0,100.0,1.0,100.0,0.0,81.0,19.0,100.0,0.0,100.0,0.0,98.0,5805.0,19.0,19.0,100.0,0.0,100.0,0.0,200.0,0.0,100.0,32450.0,100.0,44978985760.0,100.0,172686583320.0
2019-08-04,Z304KBXM,ST4000DM000,4000787030016,0,116.0,102289776.0,95.0,0.0,100.0,5.0,100.0,0.0,87.0,547666757.0,63.0,32522.0,100.0,0.0,100.0,5.0,100.0,0.0,100.0,0.0,100.0,0.0,100.0,1.0,100.0,0.0,80.0,20.0,100.0,0.0,100.0,0.0,98.0,5805.0,20.0,20.0,100.0,0.0,100.0,0.0,200.0,0.0,100.0,32475.0,100.0,45015160544.0,100.0,172942325364.0
2019-08-05,Z304KBXM,ST4000DM000,4000787030016,0,111.0,41473232.0,95.0,0.0,100.0,5.0,100.0,0.0,87.0,550039734.0,63.0,32546.0,100.0,0.0,100.0,5.0,100.0,0.0,100.0,0.0,100.0,0.0,100.0,1.0,100.0,0.0,80.0,20.0,100.0,0.0,100.0,0.0,98.0,5805.0,20.0,20.0,100.0,0.0,100.0,0.0,200.0,0.0,100.0,32499.0,100.0,45053164040.0,100.0,173433252686.0
2019-08-06,Z304KBXM,ST4000DM000,4000787030016,0,116.0,114942240.0,95.0,0.0,100.0,5.0,100.0,0.0,87.0,552885473.0,63.0,32570.0,100.0,0.0,100.0,5.0,100.0,0.0,100.0,0.0,100.0,0.0,100.0,1.0,100.0,0.0,81.0,19.0,100.0,0.0,100.0,0.0,98.0,5805.0,19.0,19.0,100.0,0.0,100.0,0.0,200.0,0.0,100.0,32522.0,100.0,45103738520.0,100.0,174299532466.0
2019-08-07,Z304KBXM,ST4000DM000,4000787030016,0,117.0,147694424.0,95.0,0.0,100.0,5.0,100.0,0.0,87.0,556261648.0,63.0,32594.0,100.0,0.0,100.0,5.0,100.0,0.0,100.0,0.0,100.0,0.0,100.0,1.0,100.0,0.0,80.0,20.0,100.0,0.0,100.0,0.0,98.0,5805.0,20.0,20.0,100.0,0.0,100.0,0.0,200.0,0.0,100.0,32546.0,100.0,45147600808.0,100.0,174891009113.0
2019-08-08,Z304KBXM,ST4000DM000,4000787030016,0,111.0,41628560.0,95.0,0.0,100.0,5.0,100.0,0.0,87.0,559520181.0,63.0,32618.0,100.0,0.0,100.0,5.0,100.0,0.0,100.0,0.0,100.0,0.0,100.0,1.0,100.0,0.0,80.0,20.0,100.0,0.0,100.0,0.0,98.0,5805.0,20.0,20.0,100.0,0.0,100.0,0.0,200.0,0.0,100.0,32570.0,100.0,45204919928.0,100.0,175600751350.0
2019-08-09,Z304KBXM,ST4000DM000,4000787030016,0,114.0,77590000.0,95.0,0.0,100.0,5.0,100.0,0.0,87.0,563006297.0,63.0,32641.0,100.0,0.0,100.0,5.0,100.0,0.0,100.0,0.0,100.0,0.0,100.0,1.0,100.0,0.0,80.0,20.0,100.0,0.0,100.0,0.0,98.0,5805.0,20.0,20.0,100.0,0.0,100.0,0.0,200.0,0.0,100.0,32594.0,100.0,45240605816.0,100.0,176415068221.0
2019-08-10,Z304KBXM,ST4000DM000,4000787030016,0,109.0,24176400.0,95.0,0.0,100.0,5.0,100.0,0.0,87.0,566567681.0,63.0,32665.0,100.0,0.0,100.0,5.0,100.0,0.0,100.0,0.0,100.0,0.0,100.0,1.0,100.0,0.0,80.0,20.0,100.0,0.0,100.0,0.0,98.0,5805.0,20.0,20.0,100.0,0.0,100.0,0.0,200.0,0.0,100.0,32618.0,100.0,45268439440.0,100.0,177069332337.0
2019-08-11,Z304KBXM,ST4000DM000,4000787030016,0,118.0,183943512.0,95.0,0.0,100.0,5.0,100.0,0.0,87.0,568999339.0,63.0,32689.0,100.0,0.0,100.0,5.0,100.0,0.0,100.0,0.0,100.0,0.0,100.0,1.0,100.0,0.0,81.0,19.0,100.0,0.0,100.0,0.0,98.0,5805.0,19.0,19.0,100.0,0.0,100.0,0.0,200.0,0.0,100.0,32641.0,100.0,45304311144.0,100.0,177322804585.0
2019-08-12,Z304KBXM,ST4000DM000,4000787030016,0,116.0,117002728.0,95.0,0.0,100.0,5.0,100.0,0.0,87.0,571892722.0,63.0,32713.0,100.0,0.0,100.0,5.0,100.0,0.0,100.0,0.0,100.0,0.0,100.0,1.0,100.0,0.0,80.0,20.0,100.0,0.0,100.0,0.0,98.0,5805.0,20.0,20.0,100.0,0.0,100.0,0.0,200.0,0.0,100.0,32665.0,100.0,45325563304.0,100.0,177885677663.0
2019-08-13,Z304KBXM,ST4000DM000,4000787030016,0,114.0,60844632.0,95.0,0.0,100.0,5.0,100.0,0.0,87.0,574910791.0,63.0,32737.0,100.0,0.0,100.0,5.0,100.0,0.0,100.0,0.0,100.0,0.0,100.0,2.0,100.0,0.0,80.0,20.0,100.0,0.0,100.0,0.0,98.0,5805.0,20.0,20.0,100.0,0.0,100.0,0.0,200.0,0.0,100.0,32689.0,100.0,45362665320.0,100.0,178465844596.0
2019-08-14,Z304KBXM,ST4000DM000,4000787030016,0,110.0,26488104.0,95.0,0.0,100.0,5.0,100.0,0.0,87.0,578193733.0,63.0,32761.0,100.0,0.0,100.0,5.0,100.0,0.0,100.0,0.0,100.0,0.0,100.0,2.0,100.0,0.0,80.0,20.0,100.0,0.0,100.0,0.0,98.0,5805.0,20.0,20.0,100.0,0.0,100.0,0.0,200.0,0.0,100.0,32713.0,100.0,45383489056.0,100.0,178937822915.0
2019-08-15,Z304KBXM,ST4000DM000,4000787030016,0,114.0,60306664.0,95.0,0.0,100.0,5.0,100.0,0.0,87.0,580775955.0,63.0,32784.0,100.0,0.0,100.0,5.0,100.0,0.0,100.0,0.0,100.0,0.0,100.0,2.0,100.0,0.0,81.0,19.0,100.0,0.0,100.0,0.0,98.0,5805.0,19.0,19.0,100.0,0.0,100.0,0.0,200.0,0.0,100.0,32737.0,100.0,45409642784.0,100.0,179635488102.0
2019-08-16,Z304KBXM,ST4000DM000,4000787030016,0,114.0,68845496.0,95.0,0.0,100.0,5.0,100.0,0.0,87.0,582448959.0,63.0,32808.0,100.0,0.0,100.0,5.0,100.0,0.0,100.0,0.0,100.0,0.0,100.0,2.0,100.0,0.0,80.0,20.0,100.0,0.0,100.0,0.0,98.0,5805.0,20.0,20.0,100.0,0.0,100.0,0.0,200.0,0.0,100.0,32761.0,100.0,45438778320.0,100.0,180051906000.0
2019-08-17,Z304KBXM,ST4000DM000,4000787030016,0,102.0,4291248.0,95.0,0.0,100.0,5.0,100.0,0.0,87.0,583390562.0,63.0,32832.0,100.0,0.0,100.0,5.0,100.0,0.0,100.0,0.0,100.0,0.0,100.0,2.0,100.0,0.0,81.0,19.0,100.0,0.0,100.0,0.0,98.0,5805.0,19.0,19.0,100.0,0.0,100.0,0.0,200.0,0.0,100.0,32785.0,100.0,45471322336.0,100.0,180375762773.0
2019-08-18,Z304KBXM,ST4000DM000,4000787030016,0,112.0,45324904.0,95.0,0.0,100.0,5.0,100.0,0.0,87.0,585427347.0,63.0,32856.0,100.0,0.0,100.0,5.0,100.0,0.0,100.0,0.0,100.0,0.0,100.0,2.0,100.0,0.0,80.0,20.0,100.0,0.0,100.0,0.0,98.0,5805.0,20.0,20.0,100.0,0.0,100.0,0.0,200.0,0.0,100.0,32809.0,100.0,45516520856.0,100.0,180617744197.0
2019-08-19,Z304KBXM,ST4000DM000,4000787030016,0,117.0,121212160.0,95.0,0.0,100.0,5.0,100.0,0.0,87.0,587486280.0,63.0,32880.0,100.0,0.0,100.0,5.0,100.0,0.0,100.0,0.0,100.0,0.0,100.0,2.0,100.0,0.0,79.0,21.0,100.0,0.0,100.0,0.0,98.0,5805.0,21.0,21.0,100.0,0.0,100.0,0.0,200.0,0.0,100.0,32832.0,100.0,45550451232.0,100.0,180969673274.0
2019-08-20,Z304KBXM,ST4000DM000,4000787030016,0,108.0,17618872.0,95.0,0.0,100.0,5.0,100.0,0.0,87.0,589634539.0,63.0,32904.0,100.0,0.0,100.0,5.0,100.0,0.0,100.0,0.0,100.0,0.0,100.0,2.0,100.0,0.0,79.0,21.0,100.0,0.0,100.0,0.0,98.0,5805.0,21.0,21.0,100.0,0.0,100.0,0.0,200.0,0.0,100.0,32856.0,100.0,45582132216.0,100.0,181303398646.0
2019-08-21,Z304KBXM,ST4000DM000,4000787030016,0,112.0,43780776.0,95.0,0.0,100.0,5.0,100.0,0.0,87.0,591322130.0,63.0,32928.0,100.0,0.0,100.0,5.0,100.0,0.0,100.0,0.0,100.0,0.0,100.0,2.0,100.0,0.0,80.0,20.0,100.0,0.0,100.0,0.0,98.0,5805.0,20.0,20.0,100.0,0.0,100.0,0.0,200.0,0.0,100.0,32880.0,100.0,45602313592.0,100.0,181634062598.0
2019-08-22,Z304KBXM,ST4000DM000,4000787030016,0,109.0,22541272.0,95.0,0.0,100.0,5.0,100.0,0.0,87.0,593107367.0,63.0,32952.0,100.0,0.0,100.0,5.0,100.0,0.0,100.0,0.0,100.0,0.0,100.0,2.0,100.0,0.0,80.0,20.0,100.0,0.0,100.0,0.0,98.0,5805.0,20.0,20.0,100.0,0.0,100.0,0.0,200.0,0.0,100.0,32904.0,100.0,45629152304.0,100.0,181938768098.0
2019-08-23,Z304KBXM,ST4000DM000,4000787030016,0,113.0,52796424.0,95.0,0.0,100.0,5.0,100.0,0.0,87.0,595212411.0,63.0,32976.0,100.0,0.0,100.0,5.0,100.0,0.0,100.0,0.0,100.0,0.0,100.0,2.0,100.0,0.0,80.0,20.0,100.0,0.0,100.0,0.0,98.0,5805.0,20.0,20.0,100.0,0.0,100.0,0.0,200.0,0.0,100.0,32928.0,100.0,45650693760.0,100.0,182230811771.0
2019-08-24,Z304KBXM,ST4000DM000,4000787030016,0,106.0,11013112.0,95.0,0.0,100.0,5.0,100.0,0.0,87.0,596757118.0,63.0,33000.0,100.0,0.0,100.0,5.0,100.0,0.0,100.0,0.0,100.0,0.0,100.0,2.0,100.0,0.0,80.0,20.0,100.0,0.0,100.0,0.0,98.0,5805.0,20.0,20.0,100.0,0.0,100.0,0.0,200.0,0.0,100.0,32952.0,100.0,45686878536.0,100.0,182489211019.0
2019-08-25,Z304KBXM,ST4000DM000,4000787030016,0,114.0,78201944.0,95.0,0.0,100.0,5.0,100.0,0.0,87.0,598197319.0,63.0,33024.0,100.0,0.0,100.0,5.0,100.0,0.0,100.0,0.0,100.0,0.0,100.0,2.0,100.0,0.0,80.0,20.0,100.0,0.0,100.0,0.0,98.0,5805.0,20.0,20.0,100.0,0.0,100.0,0.0,200.0,0.0,100.0,32976.0,100.0,45713010280.0,100.0,182648989699.0
2019-08-26,Z304KBXM,ST4000DM000,4000787030016,0,117.0,141277752.0,95.0,0.0,100.0,5.0,100.0,0.0,87.0,602203535.0,63.0,33072.0,100.0,0.0,100.0,5.0,100.0,0.0,100.0,0.0,100.0,0.0,100.0,2.0,100.0,0.0,79.0,21.0,100.0,0.0,100.0,0.0,98.0,5805.0,21.0,21.0,100.0,0.0,100.0,0.0,200.0,0.0,100.0,33025.0,100.0,45798263720.0,100.0,183203878923.0
2019-08-27,Z304KBXM,ST4000DM000,4000787030016,0,117.0,141277752.0,95.0,0.0,100.0,5.0,100.0,0.0,87.0,602203535.0,63.0,33072.0,100.0,0.0,100.0,5.0,100.0,0.0,100.0,0.0,100.0,0.0,100.0,2.0,100.0,0.0,79.0,21.0,100.0,0.0,100.0,0.0,98.0,5805.0,21.0,21.0,100.0,0.0,100.0,0.0,200.0,0.0,100.0,33025.0,100.0,45798263720.0,100.0,183203878923.0
2019-08-28,Z304KBXM,ST4000DM000,4000787030016,0,117.0,139085408.0,95.0,0.0,100.0,5.0,100.0,0.0,87.0,604335803.0,63.0,33096.0,100.0,0.0,100.0,5.0,100.0,0.0,100.0,0.0,100.0,0.0,100.0,2.0,100.0,0.0,80.0,20.0,100.0,0.0,100.0,0.0,98.0,5805.0,20.0,20.0,100.0,0.0,100.0,0.0,200.0,0.0,100.0,33049.0,100.0,45828070312.0,100.0,183467119327.0
2019-08-29,Z304KBXM,ST4000DM000,4000787030016,0,114.0,70098888.0,95.0,0.0,100.0,5.0,100.0,0.0,87.0,606184794.0,63.0,33120.0,100.0,0.0,100.0,5.0,100.0,0.0,100.0,0.0,100.0,0.0,100.0,2.0,100.0,0.0,79.0,21.0,100.0,0.0,100.0,0.0,98.0,5805.0,21.0,21.0,100.0,0.0,100.0,0.0,200.0,0.0,100.0,33072.0,100.0,45853050096.0,100.0,183715771343.0
2019-08-30,Z304KBXM,ST4000DM000,4000787030016,0,114.0,78972168.0,95.0,0.0,100.0,5.0,100.0,0.0,87.0,607731638.0,63.0,33144.0,100.0,0.0,100.0,5.0,100.0,0.0,100.0,0.0,100.0,0.0,100.0,2.0,100.0,0.0,79.0,21.0,100.0,0.0,100.0,0.0,98.0,5805.0,21.0,21.0,100.0,0.0,100.0,0.0,200.0,0.0,100.0,33096.0,100.0,45883030568.0,100.0,183965280583.0
2019-08-31,Z304KBXM,ST4000DM000,4000787030016,0,117.0,155964912.0,95.0,0.0,100.0,5.0,100.0,0.0,87.0,608858043.0,63.0,33168.0,100.0,0.0,100.0,5.0,100.0,0.0,100.0,0.0,100.0,0.0,100.0,2.0,100.0,0.0,79.0,21.0,100.0,0.0,100.0,0.0,98.0,5805.0,21.0,21.0,100.0,0.0,100.0,0.0,200.0,0.0,100.0,33120.0,100.0,45919255424.0,100.0,184275102537.0
2019-09-01,Z304KBXM,ST4000DM000,4000787030016,0,115.0,87795120.0,95.0,0.0,100.0,5.0,100.0,0.0,87.0,610412407.0,63.0,33192.0,100.0,0.0,100.0,5.0,100.0,0.0,100.0,0.0,100.0,0.0,100.0,2.0,100.0,0.0,79.0,21.0,100.0,0.0,100.0,0.0,98.0,5805.0,21.0,21.0,100.0,0.0,100.0,0.0,200.0,0.0,100.0,33144.0,100.0,45955014152.0,100.0,184521647723.0
2019-09-02,Z304KBXM,ST4000DM000,4000787030016,0,119.0,202817232.0,95.0,0.0,100.0,5.0,100.0,0.0,87.0,611674549.0,63.0,33216.0,100.0,0.0,100.0,5.0,100.0,0.0,100.0,0.0,100.0,0.0,100.0,3.0,100.0,0.0,80.0,20.0,100.0,0.0,100.0,0.0,98.0,5805.0,20.0,20.0,100.0,0.0,100.0,0.0,200.0,0.0,100.0,33168.0,100.0,45992464296.0,100.0,184879790125.0
2019-09-03,Z304KBXM,ST4000DM000,4000787030016,0,118.0,192867816.0,95.0,0.0,100.0,5.0,100.0,0.0,87.0,614100852.0,63.0,33239.0,100.0,0.0,100.0,5.0,100.0,0.0,100.0,0.0,100.0,0.0,100.0,3.0,100.0,0.0,79.0,21.0,100.0,0.0,100.0,0.0,98.0,5805.0,21.0,21.0,100.0,0.0,100.0,0.0,200.0,0.0,100.0,33192.0,100.0,46031221920.0,100.0,185790946152.0
2019-09-04,Z304KBXM,ST4000DM000,4000787030016,0,105.0,10333280.0,95.0,0.0,100.0,5.0,100.0,0.0,87.0,617884881.0,63.0,33268.0,100.0,0.0,100.0,5.0,100.0,0.0,100.0,0.0,100.0,0.0,100.0,4.0,100.0,0.0,79.0,21.0,100.0,0.0,100.0,0.0,98.0,5805.0,21.0,21.0,100.0,0.0,100.0,0.0,200.0,0.0,100.0,33221.0,100.0,46070135504.0,100.0,186439701705.0
2019-09-05,Z304KBXM,ST4000DM000,4000787030016,0,118.0,193955584.0,95.0,0.0,100.0,5.0,100.0,0.0,87.0,621376786.0,62.0,33292.0,100.0,0.0,100.0,5.0,100.0,0.0,100.0,0.0,100.0,0.0,100.0,4.0,100.0,0.0,80.0,20.0,100.0,0.0,100.0,0.0,98.0,5805.0,20.0,20.0,100.0,0.0,100.0,0.0,200.0,0.0,100.0,33244.0,100.0,46115332040.0,100.0,186947755794.0
2019-09-06,Z304KBXM,ST4000DM000,4000787030016,0,116.0,104038072.0,95.0,0.0,100.0,5.0,100.0,0.0,87.0,624472946.0,62.0,33316.0,100.0,0.0,100.0,5.0,100.0,0.0,100.0,0.0,100.0,0.0,100.0,4.0,100.0,0.0,80.0,20.0,100.0,0.0,100.0,0.0,98.0,5805.0,20.0,20.0,100.0,0.0,100.0,0.0,200.0,0.0,100.0,33268.0,100.0,46154215296.0,100.0,187503466963.0
2019-09-07,Z304KBXM,ST4000DM000,4000787030016,0,116.0,103408272.0,95.0,0.0,100.0,5.0,100.0,0.0,87.0,627574179.0,62.0,33339.0,100.0,0.0,100.0,5.0,100.0,0.0,100.0,0.0,100.0,0.0,100.0,4.0,100.0,0.0,80.0,20.0,100.0,0.0,100.0,0.0,98.0,5805.0,20.0,20.0,100.0,0.0,100.0,0.0,200.0,0.0,100.0,33292.0,100.0,46182575216.0,100.0,188085538076.0
2019-09-08,Z304KBXM,ST4000DM000,4000787030016,0,114.0,76994672.0,95.0,0.0,100.0,5.0,100.0,0.0,87.0,630228008.0,62.0,33363.0,100.0,0.0,100.0,5.0,100.0,0.0,100.0,0.0,100.0,0.0,100.0,4.0,100.0,0.0,80.0,20.0,100.0,0.0,100.0,0.0,98.0,5805.0,20.0,20.0,100.0,0.0,100.0,0.0,200.0,0.0,100.0,33315.0,100.0,46221095696.0,100.0,188350285039.0
2019-09-09,Z304KBXM,ST4000DM000,4000787030016,0,116.0,111753448.0,95.0,0.0,100.0,5.0,100.0,0.0,87.0,633167365.0,62.0,33387.0,100.0,0.0,100.0,5.0,100.0,0.0,100.0,0.0,100.0,0.0,100.0,4.0,100.0,0.0,79.0,21.0,100.0,0.0,100.0,0.0,98.0,5805.0,21.0,21.0,100.0,0.0,100.0,0.0,200.0,0.0,100.0,33339.0,100.0,46261779184.0,100.0,188952803867.0
2019-09-10,Z304KBXM,ST4000DM000,4000787030016,0,117.0,157383568.0,95.0,0.0,100.0,5.0,100.0,0.0,87.0,635736126.0,62.0,33411.0,100.0,0.0,100.0,5.0,100.0,0.0,100.0,0.0,100.0,0.0,100.0,4.0,100.0,0.0,80.0,20.0,100.0,0.0,100.0,0.0,98.0,5805.0,20.0,20.0,100.0,0.0,100.0,0.0,200.0,0.0,100.0,33363.0,100.0,46322106056.0,100.0,189825208982.0
2019-09-11,Z304KBXM,ST4000DM000,4000787030016,0,115.0,90244888.0,95.0,0.0,100.0,5.0,100.0,0.0,87.0,637167952.0,62.0,33435.0,100.0,0.0,100.0,5.0,100.0,0.0,100.0,0.0,100.0,0.0,100.0,4.0,100.0,0.0,79.0,21.0,100.0,0.0,100.0,0.0,98.0,5805.0,21.0,21.0,100.0,0.0,100.0,0.0,200.0,0.0,100.0,33387.0,100.0,46372762808.0,100.0,190289395029.0
2019-09-12,Z304KBXM,ST4000DM000,4000787030016,0,117.0,166793920.0,95.0,0.0,100.0,5.0,100.0,0.0,87.0,638792936.0,62.0,33458.0,100.0,0.0,100.0,5.0,100.0,0.0,100.0,0.0,100.0,0.0,100.0,7.0,100.0,0.0,80.0,20.0,100.0,0.0,100.0,0.0,98.0,5805.0,20.0,20.0,100.0,0.0,100.0,0.0,200.0,0.0,100.0,33410.0,100.0,46409408056.0,100.0,190626112291.0
2019-09-13,Z304KBXM,ST4000DM000,4000787030016,0,118.0,200153208.0,95.0,0.0,100.0,5.0,100.0,0.0,87.0,640591689.0,62.0,33482.0,100.0,0.0,100.0,5.0,100.0,0.0,100.0,0.0,100.0,0.0,100.0,7.0,100.0,0.0,80.0,20.0,100.0,0.0,100.0,0.0,98.0,5805.0,20.0,20.0,100.0,0.0,100.0,0.0,200.0,0.0,100.0,33434.0,100.0,46447883880.0,100.0,190942412612.0
2019-09-14,Z304KBXM,ST4000DM000,4000787030016,0,118.0,198191152.0,95.0,0.0,100.0,5.0,100.0,0.0,87.0,642817214.0,62.0,33506.0,100.0,0.0,100.0,5.0,100.0,0.0,100.0,0.0,100.0,0.0,100.0,8.0,100.0,0.0,79.0,21.0,100.0,0.0,100.0,0.0,98.0,5805.0,21.0,21.0,100.0,0.0,100.0,0.0,200.0,0.0,100.0,33458.0,100.0,46489675392.0,100.0,191294148213.0
2019-09-15,Z304KBXM,ST4000DM000,4000787030016,0,111.0,39544680.0,95.0,0.0,100.0,5.0,100.0,0.0,87.0,644775855.0,62.0,33530.0,100.0,0.0,100.0,5.0,100.0,0.0,100.0,0.0,100.0,0.0,100.0,8.0,100.0,0.0,80.0,20.0,100.0,0.0,100.0,0.0,98.0,5805.0,20.0,20.0,100.0,0.0,100.0,0.0,200.0,0.0,100.0,33482.0,100.0,46518070296.0,100.0,191484709759.0
2019-09-16,Z304KBXM,ST4000DM000,4000787030016,0,118.0,180279400.0,95.0,0.0,100.0,5.0,100.0,0.0,87.0,646517293.0,62.0,33554.0,100.0,0.0,100.0,5.0,100.0,0.0,100.0,0.0,100.0,0.0,100.0,8.0,100.0,0.0,80.0,20.0,100.0,0.0,100.0,0.0,98.0,5805.0,20.0,20.0,100.0,0.0,100.0,0.0,200.0,0.0,100.0,33506.0,100.0,46557339016.0,100.0,191817258761.0
2019-09-17,Z304KBXM,ST4000DM000,4000787030016,0,118.0,170770200.0,95.0,0.0,100.0,5.0,100.0,0.0,87.0,648586874.0,62.0,33578.0,100.0,0.0,100.0,5.0,100.0,0.0,100.0,0.0,100.0,0.0,100.0,8.0,100.0,0.0,80.0,20.0,100.0,0.0,100.0,0.0,98.0,5805.0,20.0,20.0,100.0,0.0,100.0,0.0,200.0,0.0,100.0,33530.0,100.0,46586891832.0,100.0,192131198193.0
2019-09-18,Z304KBXM,ST4000DM000,4000787030016,0,105.0,9849448.0,95.0,0.0,100.0,5.0,100.0,0.0,87.0,650232305.0,62.0,33601.0,100.0,0.0,100.0,5.0,100.0,0.0,100.0,0.0,100.0,0.0,100.0,9.0,100.0,0.0,80.0,20.0,100.0,0.0,100.0,0.0,98.0,5805.0,20.0,20.0,100.0,0.0,100.0,0.0,200.0,0.0,100.0,33554.0,100.0,46620788072.0,100.0,192406586960.0
2019-09-19,Z304KBXM,ST4000DM000,4000787030016,0,114.0,63432568.0,95.0,0.0,100.0,5.0,100.0,0.0,87.0,651482732.0,62.0,33625.0,100.0,0.0,100.0,5.0,100.0,0.0,100.0,0.0,100.0,0.0,100.0,9.0,100.0,0.0,80.0,20.0,100.0,0.0,100.0,0.0,98.0,5805.0,20.0,20.0,100.0,0.0,100.0,0.0,200.0,0.0,100.0,33577.0,100.0,46653307744.0,100.0,192670886886.0
2019-09-20,Z304KBXM,ST4000DM000,4000787030016,0,117.0,119410808.0,95.0,0.0,100.0,5.0,100.0,0.0,87.0,653739088.0,62.0,33649.0,100.0,0.0,100.0,5.0,100.0,0.0,100.0,0.0,100.0,0.0,100.0,9.0,100.0,0.0,80.0,20.0,100.0,0.0,100.0,0.0,98.0,5805.0,20.0,20.0,100.0,0.0,100.0,0.0,200.0,0.0,100.0,33601.0,100.0,46695342016.0,100.0,192966742195.0
2019-09-21,Z304KBXM,ST4000DM000,4000787030016,0,115.0,88783808.0,95.0,0.0,100.0,5.0,100.0,0.0,87.0,655808649.0,62.0,33672.0,100.0,0.0,100.0,5.0,100.0,0.0,100.0,0.0,100.0,0.0,100.0,9.0,100.0,0.0,80.0,20.0,100.0,0.0,100.0,0.0,98.0,5805.0,20.0,20.0,100.0,0.0,100.0,0.0,200.0,0.0,100.0,33625.0,100.0,46737746784.0,100.0,193215483026.0
2019-09-22,Z304KBXM,ST4000DM000,4000787030016,0,116.0,112918656.0,95.0,0.0,100.0,5.0,100.0,0.0,87.0,657491977.0,62.0,33696.0,100.0,0.0,100.0,5.0,100.0,0.0,100.0,0.0,100.0,0.0,100.0,10.0,100.0,0.0,80.0,20.0,100.0,0.0,100.0,0.0,98.0,5805.0,20.0,20.0,100.0,0.0,100.0,0.0,200.0,0.0,100.0,33649.0,100.0,46778655448.0,100.0,193391872206.0
2019-09-23,Z304KBXM,ST4000DM000,4000787030016,0,111.0,40611696.0,95.0,0.0,100.0,5.0,100.0,0.0,87.0,658901353.0,62.0,33721.0,100.0,0.0,100.0,5.0,100.0,0.0,100.0,0.0,100.0,0.0,100.0,10.0,100.0,0.0,80.0,20.0,100.0,0.0,100.0,0.0,98.0,5805.0,20.0,20.0,100.0,0.0,100.0,0.0,200.0,0.0,100.0,33673.0,100.0,46822358720.0,100.0,197905262503.0
2019-09-24,Z304KBXM,ST4000DM000,4000787030016,0,120.0,241810080.0,95.0,0.0,100.0,5.0,100.0,0.0,87.0,660564665.0,62.0,33744.0,100.0,0.0,100.0,5.0,100.0,0.0,100.0,0.0,100.0,0.0,100.0,10.0,100.0,0.0,80.0,20.0,100.0,0.0,100.0,0.0,98.0,5805.0,20.0,20.0,100.0,0.0,100.0,0.0,200.0,0.0,100.0,33697.0,100.0,46863541896.0,100.0,198146362774.0
2019-09-25,Z304KBXM,ST4000DM000,4000787030016,0,118.0,183950584.0,95.0,0.0,100.0,5.0,100.0,0.0,87.0,662091491.0,62.0,33768.0,100.0,0.0,100.0,5.0,100.0,0.0,100.0,0.0,100.0,0.0,100.0,10.0,100.0,0.0,80.0,20.0,100.0,0.0,100.0,0.0,98.0,5805.0,20.0,20.0,100.0,0.0,100.0,0.0,200.0,0.0,100.0,33720.0,100.0,46892890608.0,100.0,198378645027.0
2019-09-26,Z304KBXM,ST4000DM000,4000787030016,0,118.0,199319576.0,95.0,0.0,100.0,5.0,100.0,0.0,87.0,663771907.0,62.0,33792.0,100.0,0.0,100.0,5.0,100.0,0.0,100.0,0.0,100.0,0.0,100.0,10.0,100.0,0.0,80.0,20.0,100.0,0.0,100.0,0.0,98.0,5805.0,20.0,20.0,100.0,0.0,100.0,0.0,200.0,0.0,100.0,33744.0,100.0,46924686672.0,100.0,198658313540.0
2019-09-27,Z304KBXM,ST4000DM000,4000787030016,0,108.0,18944024.0,95.0,0.0,100.0,5.0,100.0,0.0,87.0,666118769.0,62.0,33816.0,100.0,0.0,100.0,5.0,100.0,0.0,100.0,0.0,100.0,0.0,100.0,10.0,100.0,0.0,79.0,21.0,100.0,0.0,100.0,0.0,98.0,5805.0,21.0,21.0,100.0,0.0,100.0,0.0,200.0,0.0,100.0,33768.0,100.0,46963125536.0,100.0,198916566816.0
2019-09-28,Z304KBXM,ST4000DM000,4000787030016,0,119.0,211435848.0,95.0,0.0,100.0,5.0,100.0,0.0,87.0,667328624.0,62.0,33840.0,100.0,0.0,100.0,5.0,100.0,0.0,100.0,0.0,100.0,0.0,100.0,10.0,100.0,0.0,80.0,20.0,100.0,0.0,100.0,0.0,98.0,5805.0,20.0,20.0,100.0,0.0,100.0,0.0,200.0,0.0,100.0,33792.0,100.0,47013582432.0,100.0,199255343186.0
2019-09-29,Z304KBXM,ST4000DM000,4000787030016,0,119.0,208851608.0,95.0,0.0,100.0,5.0,100.0,0.0,87.0,668812614.0,62.0,33864.0,100.0,0.0,100.0,5.0,100.0,0.0,100.0,0.0,100.0,0.0,100.0,10.0,100.0,0.0,79.0,21.0,100.0,0.0,100.0,0.0,98.0,5805.0,21.0,21.0,100.0,0.0,100.0,0.0,200.0,0.0,100.0,33816.0,100.0,47044338456.0,100.0,199485064500.0
2019-09-30,Z304KBXM,ST4000DM000,4000787030016,0,116.0,104939696.0,95.0,0.0,100.0,5.0,100.0,0.0,87.0,669985662.0,62.0,33888.0,100.0,0.0,100.0,5.0,100.0,0.0,100.0,0.0,100.0,0.0,100.0,10.0,100.0,0.0,80.0,20.0,100.0,0.0,100.0,0.0,98.0,5805.0,20.0,20.0,100.0,0.0,100.0,0.0,200.0,0.0,100.0,33840.0,100.0,47084571416.0,100.0,199797844821.0
2019-10-01,Z304KBXM,ST4000DM000,4000787030016,0,100.0,3077496.0,95.0,0.0,100.0,5.0,100.0,0.0,87.0,671041803.0,62.0,33912.0,100.0,0.0,100.0,5.0,100.0,0.0,100.0,0.0,100.0,0.0,100.0,10.0,100.0,0.0,80.0,20.0,100.0,0.0,100.0,0.0,98.0,5805.0,20.0,20.0,100.0,0.0,100.0,0.0,200.0,0.0,100.0,33864.0,100.0,47118386304.0,100.0,200107036213.0
2019-10-02,Z304KBXM,ST4000DM000,4000787030016,0,104.0,6393808.0,95.0,0.0,100.0,5.0,100.0,0.0,88.0,672073185.0,62.0,33936.0,100.0,0.0,100.0,5.0,100.0,0.0,100.0,0.0,100.0,0.0,100.0,10.0,100.0,0.0,80.0,20.0,100.0,0.0,100.0,0.0,98.0,5805.0,20.0,20.0,100.0,0.0,100.0,0.0,200.0,0.0,100.0,33888.0,100.0,47145802488.0,100.0,200469670295.0
2019-10-03,Z304KBXM,ST4000DM000,4000787030016,0,117.0,165472976.0,95.0,0.0,100.0,5.0,100.0,0.0,88.0,673958319.0,62.0,33971.0,100.0,0.0,100.0,5.0,100.0,0.0,100.0,0.0,100.0,0.0,100.0,13.0,100.0,0.0,80.0,20.0,100.0,0.0,100.0,0.0,98.0,5805.0,20.0,20.0,100.0,0.0,100.0,0.0,200.0,0.0,100.0,33923.0,100.0,47214641912.0,100.0,200764584600.0
2019-10-04,Z304KBXM,ST4000DM000,4000787030016,0,119.0,222422808.0,95.0,0.0,100.0,5.0,100.0,0.0,88.0,674965614.0,62.0,33983.0,100.0,0.0,100.0,5.0,100.0,0.0,100.0,0.0,100.0,0.0,100.0,13.0,100.0,0.0,80.0,20.0,100.0,0.0,100.0,0.0,98.0,5805.0,20.0,20.0,100.0,0.0,100.0,0.0,200.0,0.0,100.0,33935.0,100.0,47237955856.0,100.0,200825901209.0
2019-10-05,Z304KBXM,ST4000DM000,4000787030016,0,113.0,53421152.0,95.0,0.0,100.0,5.0,100.0,0.0,88.0,675550081.0,62.0,34007.0,100.0,0.0,100.0,5.0,100.0,0.0,100.0,0.0,100.0,0.0,100.0,13.0,100.0,0.0,80.0,20.0,100.0,0.0,100.0,0.0,98.0,5805.0,20.0,20.0,100.0,0.0,100.0,0.0,200.0,0.0,100.0,33959.0,100.0,47268178232.0,100.0,200937143986.0
2019-10-06,Z304KBXM,ST4000DM000,4000787030016,0,116.0,110245808.0,95.0,0.0,100.0,5.0,100.0,0.0,88.0,676763618.0,62.0,34031.0,100.0,0.0,100.0,5.0,100.0,0.0,100.0,0.0,100.0,0.0,100.0,13.0,100.0,0.0,80.0,20.0,100.0,0.0,100.0,0.0,98.0,5805.0,20.0,20.0,100.0,0.0,100.0,0.0,200.0,0.0,100.0,33983.0,100.0,47304359768.0,100.0,201102980380.0
2019-10-07,Z304KBXM,ST4000DM000,4000787030016,0,115.0,86637208.0,95.0,0.0,100.0,5.0,100.0,0.0,88.0,677520834.0,62.0,34055.0,100.0,0.0,100.0,5.0,100.0,0.0,100.0,0.0,100.0,0.0,100.0,13.0,100.0,0.0,80.0,20.0,100.0,0.0,100.0,0.0,98.0,5805.0,20.0,20.0,100.0,0.0,100.0,0.0,200.0,0.0,100.0,34007.0,100.0,47330068704.0,100.0,201233734503.0
2019-10-08,Z304KBXM,ST4000DM000,4000787030016,0,116.0,109723728.0,95.0,0.0,100.0,5.0,100.0,0.0,88.0,678418604.0,62.0,34079.0,100.0,0.0,100.0,5.0,100.0,0.0,100.0,0.0,100.0,0.0,100.0,13.0,100.0,0.0,80.0,20.0,100.0,0.0,100.0,0.0,98.0,5805.0,20.0,20.0,100.0,0.0,100.0,0.0,200.0,0.0,100.0,34031.0,100.0,47356696352.0,100.0,201373999491.0
2019-10-09,Z304KBXM,ST4000DM000,4000787030016,0,116.0,108414336.0,95.0,0.0,100.0,5.0,100.0,0.0,88.0,679400146.0,62.0,34103.0,100.0,0.0,100.0,5.0,100.0,0.0,100.0,0.0,100.0,0.0,100.0,13.0,100.0,0.0,79.0,21.0,100.0,0.0,100.0,0.0,98.0,5805.0,21.0,21.0,100.0,0.0,100.0,0.0,200.0,0.0,100.0,34055.0,100.0,47396185384.0,100.0,201502724845.0
2019-10-10,Z304KBXM,ST4000DM000,4000787030016,0,119.0,211485136.0,95.0,0.0,100.0,5.0,100.0,0.0,88.0,681844409.0,62.0,34139.0,100.0,0.0,100.0,5.0,100.0,0.0,100.0,0.0,100.0,0.0,100.0,13.0,100.0,0.0,80.0,20.0,100.0,0.0,100.0,0.0,98.0,5805.0,20.0,20.0,100.0,0.0,100.0,0.0,200.0,0.0,100.0,34091.0,100.0,47469963184.0,100.0,201733099776.0
2019-10-11,Z304KBXM,ST4000DM000,4000787030016,0,113.0,52453848.0,95.0,0.0,100.0,5.0,100.0,0.0,88.0,682473410.0,62.0,34163.0,100.0,0.0,100.0,5.0,100.0,0.0,100.0,0.0,100.0,0.0,100.0,13.0,100.0,0.0,80.0,20.0,100.0,0.0,100.0,0.0,98.0,5805.0,20.0,20.0,100.0,0.0,100.0,0.0,200.0,0.0,100.0,34115.0,100.0,47520845800.0,100.0,201827816150.0
2019-10-12,Z304KBXM,ST4000DM000,4000787030016,0,116.0,101419288.0,95.0,0.0,100.0,5.0,100.0,0.0,88.0,684013427.0,61.0,34187.0,100.0,0.0,100.0,5.0,100.0,0.0,100.0,0.0,100.0,0.0,100.0,13.0,100.0,0.0,80.0,20.0,100.0,0.0,100.0,0.0,98.0,5805.0,20.0,20.0,100.0,0.0,100.0,0.0,200.0,0.0,100.0,34139.0,100.0,47554281272.0,100.0,201923180665.0
2019-10-13,Z304KBXM,ST4000DM000,4000787030016,0,120.0,237905416.0,95.0,0.0,100.0,5.0,100.0,0.0,88.0,685925517.0,61.0,34211.0,100.0,0.0,100.0,5.0,100.0,0.0,100.0,0.0,100.0,0.0,100.0,13.0,100.0,0.0,80.0,20.0,100.0,0.0,100.0,0.0,98.0,5805.0,20.0,20.0,100.0,0.0,100.0,0.0,200.0,0.0,100.0,34163.0,100.0,47594564760.0,100.0,202147182133.0
2019-10-14,Z304KBXM,ST4000DM000,4000787030016,0,117.0,154626648.0,95.0,0.0,100.0,5.0,100.0,0.0,88.0,687807339.0,61.0,34235.0,100.0,0.0,100.0,5.0,100.0,0.0,100.0,0.0,100.0,0.0,100.0,13.0,100.0,0.0,80.0,20.0,100.0,0.0,100.0,0.0,98.0,5805.0,20.0,20.0,100.0,0.0,100.0,0.0,200.0,0.0,100.0,34187.0,100.0,47624584000.0,100.0,202474286291.0
2019-10-15,Z304KBXM,ST4000DM000,4000787030016,0,118.0,200330832.0,95.0,0.0,100.0,5.0,100.0,0.0,88.0,690883891.0,61.0,34271.0,100.0,0.0,100.0,5.0,100.0,0.0,100.0,0.0,100.0,0.0,100.0,13.0,100.0,0.0,81.0,19.0,100.0,0.0,100.0,0.0,98.0,5805.0,19.0,19.0,100.0,0.0,100.0,0.0,200.0,0.0,100.0,34223.0,100.0,47681507248.0,100.0,202934637920.0
2019-10-16,Z304KBXM,ST4000DM000,4000787030016,0,118.0,200330832.0,95.0,0.0,100.0,5.0,100.0,0.0,88.0,690883891.0,61.0,34271.0,100.0,0.0,100.0,5.0,100.0,0.0,100.0,0.0,100.0,0.0,100.0,13.0,100.0,0.0,81.0,19.0,100.0,0.0,100.0,0.0,98.0,5805.0,19.0,19.0,100.0,0.0,100.0,0.0,200.0,0.0,100.0,34223.0,100.0,47681507248.0,100.0,202934637920.0
2019-10-17,Z304KBXM,ST4000DM000,4000787030016,0,111.0,39944376.0,95.0,0.0,100.0,5.0,100.0,0.0,88.0,692052440.0,61.0,34295.0,100.0,0.0,100.0,5.0,100.0,0.0,100.0,0.0,100.0,0.0,100.0,13.0,100.0,0.0,80.0,20.0,100.0,0.0,100.0,0.0,98.0,5805.0,20.0,20.0,100.0,0.0,100.0,0.0,200.0,0.0,100.0,34247.0,100.0,47718773888.0,100.0,203139244543.0
2019-10-18,Z304KBXM,ST4000DM000,4000787030016,0,117.0,144917376.0,95.0,0.0,100.0,5.0,100.0,0.0,88.0,694524918.0,61.0,34319.0,100.0,0.0,100.0,5.0,100.0,0.0,100.0,0.0,100.0,0.0,100.0,13.0,100.0,0.0,80.0,20.0,100.0,0.0,100.0,0.0,98.0,5805.0,20.0,20.0,100.0,0.0,100.0,0.0,200.0,0.0,100.0,34271.0,100.0,47773586448.0,100.0,203446644753.0
2019-10-19,Z304KBXM,ST4000DM000,4000787030016,0,117.0,163959776.0,95.0,0.0,100.0,5.0,100.0,0.0,88.0,696097014.0,61.0,34342.0,100.0,0.0,100.0,5.0,100.0,0.0,100.0,0.0,100.0,0.0,100.0,13.0,100.0,0.0,79.0,21.0,100.0,0.0,100.0,0.0,98.0,5805.0,21.0,21.0,100.0,0.0,100.0,0.0,200.0,0.0,100.0,34295.0,100.0,47801162800.0,100.0,203707992507.0
2019-10-20,Z304KBXM,ST4000DM000,4000787030016,0,119.0,218681656.0,95.0,0.0,100.0,5.0,100.0,0.0,88.0,697835113.0,61.0,34366.0,100.0,0.0,100.0,5.0,100.0,0.0,100.0,0.0,100.0,0.0,100.0,13.0,100.0,0.0,79.0,21.0,100.0,0.0,100.0,0.0,98.0,5805.0,21.0,21.0,100.0,0.0,100.0,0.0,200.0,0.0,100.0,34319.0,100.0,47848956224.0,100.0,203910413740.0
2019-10-21,Z304KBXM,ST4000DM000,4000787030016,0,108.0,19623544.0,95.0,0.0,100.0,5.0,100.0,0.0,88.0,699259576.0,61.0,34390.0,100.0,0.0,100.0,5.0,100.0,0.0,100.0,0.0,100.0,0.0,100.0,14.0,100.0,0.0,79.0,21.0,100.0,0.0,100.0,0.0,98.0,5805.0,21.0,21.0,100.0,0.0,100.0,0.0,200.0,0.0,100.0,34342.0,100.0,47899120048.0,100.0,204166845949.0
2019-10-22,Z304KBXM,ST4000DM000,4000787030016,0,108.0,17209736.0,95.0,0.0,100.0,5.0,100.0,0.0,88.0,701332293.0,61.0,34414.0,100.0,0.0,100.0,5.0,100.0,0.0,100.0,0.0,100.0,0.0,100.0,14.0,100.0,0.0,80.0,20.0,100.0,0.0,100.0,0.0,98.0,5805.0,20.0,20.0,100.0,0.0,100.0,0.0,200.0,0.0,100.0,34366.0,100.0,47940082280.0,100.0,204397299351.0
2019-10-23,Z304KBXM,ST4000DM000,4000787030016,0,116.0,104031928.0,95.0,0.0,100.0,5.0,100.0,0.0,88.0,703667458.0,61.0,34438.0,100.0,0.0,100.0,5.0,100.0,0.0,100.0,0.0,100.0,0.0,100.0,14.0,100.0,0.0,80.0,20.0,100.0,0.0,100.0,0.0,98.0,5805.0,20.0,20.0,100.0,0.0,100.0,0.0,200.0,0.0,100.0,34390.0,100.0,47980090576.0,100.0,204639158361.0
2019-10-24,Z304KBXM,ST4000DM000,4000787030016,0,114.0,61585240.0,95.0,0.0,100.0,5.0,100.0,0.0,88.0,705408762.0,61.0,34462.0,100.0,0.0,100.0,5.0,100.0,0.0,100.0,0.0,100.0,0.0,100.0,14.0,100.0,0.0,80.0,20.0,100.0,0.0,100.0,0.0,98.0,5805.0,20.0,20.0,100.0,0.0,100.0,0.0,200.0,0.0,100.0,34414.0,100.0,48035011848.0,100.0,204914577156.0
2019-10-25,Z304KBXM,ST4000DM000,4000787030016,0,118.0,197318352.0,95.0,0.0,100.0,5.0,100.0,0.0,88.0,707275332.0,61.0,34486.0,100.0,0.0,100.0,5.0,100.0,0.0,100.0,0.0,100.0,0.0,100.0,14.0,100.0,0.0,79.0,21.0,100.0,0.0,100.0,0.0,98.0,5805.0,21.0,21.0,100.0,0.0,100.0,0.0,200.0,0.0,100.0,34438.0,100.0,48068786600.0,100.0,205212135178.0
2019-10-26,Z304KBXM,ST4000DM000,4000787030016,0,117.0,159462000.0,95.0,0.0,100.0,5.0,100.0,0.0,88.0,708394258.0,61.0,34510.0,100.0,0.0,100.0,5.0,100.0,0.0,100.0,0.0,100.0,0.0,100.0,14.0,100.0,0.0,79.0,21.0,100.0,0.0,100.0,0.0,98.0,5805.0,21.0,21.0,100.0,0.0,100.0,0.0,200.0,0.0,100.0,34462.0,100.0,48094520064.0,100.0,205535212818.0
2019-10-27,Z304KBXM,ST4000DM000,4000787030016,0,119.0,217081952.0,95.0,0.0,100.0,5.0,100.0,0.0,88.0,709849401.0,61.0,34533.0,100.0,0.0,100.0,5.0,100.0,0.0,100.0,0.0,100.0,0.0,100.0,14.0,100.0,0.0,79.0,21.0,100.0,0.0,100.0,0.0,98.0,5805.0,21.0,21.0,100.0,0.0,100.0,0.0,200.0,0.0,100.0,34486.0,100.0,48141512632.0,100.0,205721907081.0
2019-10-28,Z304KBXM,ST4000DM000,4000787030016,0,116.0,104399112.0,95.0,0.0,100.0,5.0,100.0,0.0,88.0,710854300.0,61.0,34557.0,100.0,0.0,100.0,5.0,100.0,0.0,100.0,0.0,100.0,0.0,100.0,15.0,100.0,0.0,80.0,20.0,100.0,0.0,100.0,0.0,98.0,5805.0,20.0,20.0,100.0,0.0,100.0,0.0,200.0,0.0,100.0,34510.0,100.0,48167813256.0,100.0,206005228466.0
2019-10-29,Z304KBXM,ST4000DM000,4000787030016,0,114.0,67510864.0,95.0,0.0,100.0,5.0,100.0,0.0,88.0,711527093.0,61.0,34581.0,100.0,0.0,100.0,5.0,100.0,0.0,100.0,0.0,100.0,0.0,100.0,15.0,100.0,0.0,80.0,20.0,100.0,0.0,100.0,0.0,98.0,5805.0,20.0,20.0,100.0,0.0,100.0,0.0,200.0,0.0,100.0,34533.0,100.0,48195779968.0,100.0,206168993547.0
2019-10-30,Z304KBXM,ST4000DM000,4000787030016,0,114.0,74027680.0,95.0,0.0,100.0,5.0,100.0,0.0,88.0,712610832.0,61.0,34605.0,100.0,0.0,100.0,5.0,100.0,0.0,100.0,0.0,100.0,0.0,100.0,15.0,100.0,0.0,80.0,20.0,100.0,0.0,100.0,0.0,98.0,5805.0,20.0,20.0,100.0,0.0,100.0,0.0,200.0,0.0,100.0,34557.0,100.0,48231841496.0,100.0,206316766742.0
2019-10-31,Z304KBXM,ST4000DM000,4000787030016,0,115.0,97857672.0,94.0,0.0,100.0,6.0,100.0,0.0,88.0,713713685.0,61.0,34640.0,100.0,0.0,100.0,6.0,100.0,0.0,100.0,0.0,100.0,0.0,100.0,15.0,100.0,0.0,81.0,19.0,100.0,0.0,100.0,0.0,98.0,5806.0,19.0,19.0,100.0,0.0,100.0,0.0,200.0,0.0,100.0,34593.0,100.0,48285895848.0,100.0,206598206231.0
2019-11-01,Z304KBXM,ST4000DM000,4000787030016,0,117.0,166077896.0,94.0,0.0,100.0,6.0,100.0,0.0,88.0,714586593.0,61.0,34664.0,100.0,0.0,100.0,6.0,100.0,0.0,100.0,0.0,100.0,0.0,100.0,15.0,100.0,0.0,80.0,20.0,100.0,0.0,100.0,0.0,98.0,5806.0,20.0,20.0,100.0,0.0,100.0,0.0,200.0,0.0,100.0,34616.0,100.0,48317593888.0,100.0,206898238686.0
2019-11-02,Z304KBXM,ST4000DM000,4000787030016,0,119.0,212835688.0,94.0,0.0,100.0,6.0,100.0,0.0,88.0,715996164.0,61.0,34688.0,100.0,0.0,100.0,6.0,100.0,0.0,100.0,0.0,100.0,0.0,100.0,15.0,100.0,0.0,80.0,20.0,100.0,0.0,100.0,0.0,98.0,5806.0,20.0,20.0,100.0,0.0,100.0,0.0,200.0,0.0,100.0,34640.0,100.0,48337817016.0,100.0,207236857317.0
2019-11-03,Z304KBXM,ST4000DM000,4000787030016,0,114.0,65417160.0,94.0,0.0,100.0,6.0,100.0,0.0,88.0,718051300.0,61.0,34712.0,100.0,0.0,100.0,6.0,100.0,0.0,100.0,0.0,100.0,0.0,100.0,15.0,100.0,0.0,80.0,20.0,100.0,0.0,100.0,0.0,98.0,5806.0,20.0,20.0,100.0,0.0,100.0,0.0,200.0,0.0,100.0,34664.0,100.0,48362180096.0,100.0,207461747123.0
2019-11-04,Z304KBXM,ST4000DM000,4000787030016,0,106.0,11531720.0,94.0,0.0,100.0,6.0,100.0,0.0,88.0,720161115.0,61.0,34735.0,100.0,0.0,100.0,6.0,100.0,0.0,100.0,0.0,100.0,0.0,100.0,15.0,100.0,0.0,80.0,20.0,100.0,0.0,100.0,0.0,98.0,5806.0,20.0,20.0,100.0,0.0,100.0,0.0,200.0,0.0,100.0,34688.0,100.0,48394080944.0,100.0,207801938037.0
2019-11-05,Z304KBXM,ST4000DM000,4000787030016,0,107.0,13804856.0,94.0,0.0,100.0,6.0,100.0,0.0,88.0,722058708.0,61.0,34759.0,100.0,0.0,100.0,6.0,100.0,0.0,100.0,0.0,100.0,0.0,100.0,15.0,100.0,0.0,80.0,20.0,100.0,0.0,100.0,0.0,98.0,5806.0,20.0,20.0,100.0,0.0,100.0,0.0,200.0,0.0,100.0,34711.0,100.0,48431745280.0,100.0,208136864036.0
2019-11-06,Z304KBXM,ST4000DM000,4000787030016,0,117.0,129992360.0,94.0,0.0,100.0,6.0,100.0,0.0,88.0,724088589.0,61.0,34783.0,100.0,0.0,100.0,6.0,100.0,0.0,100.0,0.0,100.0,0.0,100.0,15.0,100.0,0.0,80.0,20.0,100.0,0.0,100.0,0.0,98.0,5806.0,20.0,20.0,100.0,0.0,100.0,0.0,200.0,0.0,100.0,34735.0,100.0,48463264416.0,100.0,208434740020.0
2019-11-07,Z304KBXM,ST4000DM000,4000787030016,0,101.0,3586272.0,94.0,0.0,100.0,6.0,100.0,0.0,88.0,726203239.0,61.0,34807.0,100.0,0.0,100.0,6.0,100.0,0.0,100.0,0.0,100.0,0.0,100.0,15.0,100.0,0.0,79.0,21.0,100.0,0.0,100.0,0.0,98.0,5806.0,21.0,21.0,100.0,0.0,100.0,0.0,200.0,0.0,100.0,34759.0,100.0,48485982896.0,100.0,208708640906.0
2019-11-08,Z304KBXM,ST4000DM000,4000787030016,0,117.0,130560248.0,94.0,0.0,100.0,6.0,100.0,0.0,88.0,726834821.0,61.0,34819.0,100.0,0.0,100.0,6.0,100.0,0.0,100.0,0.0,100.0,0.0,100.0,15.0,100.0,0.0,80.0,20.0,100.0,0.0,100.0,0.0,98.0,5806.0,20.0,20.0,100.0,0.0,100.0,0.0,200.0,0.0,100.0,34771.0,100.0,48514093448.0,100.0,208802052988.0
2019-11-09,Z304KBXM,ST4000DM000,4000787030016,0,119.0,214677608.0,94.0,0.0,100.0,6.0,100.0,0.0,88.0,728426328.0,61.0,34843.0,100.0,0.0,100.0,6.0,100.0,0.0,100.0,0.0,100.0,0.0,100.0,15.0,100.0,0.0,80.0,20.0,100.0,0.0,100.0,0.0,98.0,5806.0,20.0,20.0,100.0,0.0,100.0,0.0,200.0,0.0,100.0,34795.0,100.0,48546168168.0,100.0,209095727943.0
2019-11-10,Z304KBXM,ST4000DM000,4000787030016,0,119.0,204368936.0,94.0,0.0,100.0,6.0,100.0,0.0,88.0,729813088.0,61.0,34866.0,100.0,0.0,100.0,6.0,100.0,0.0,100.0,0.0,100.0,0.0,100.0,16.0,100.0,0.0,80.0,20.0,100.0,0.0,100.0,0.0,98.0,5806.0,20.0,20.0,100.0,0.0,100.0,0.0,200.0,0.0,100.0,34819.0,100.0,48576216736.0,100.0,209253560724.0
2019-11-11,Z304KBXM,ST4000DM000,4000787030016,0,119.0,211999584.0,94.0,0.0,100.0,6.0,100.0,0.0,88.0,731500768.0,61.0,34890.0,100.0,0.0,100.0,6.0,100.0,0.0,100.0,0.0,100.0,0.0,100.0,16.0,100.0,0.0,80.0,20.0,100.0,0.0,100.0,0.0,98.0,5806.0,20.0,20.0,100.0,0.0,100.0,0.0,200.0,0.0,100.0,34843.0,100.0,48617555224.0,100.0,209532454775.0
2019-11-12,Z304KBXM,ST4000DM000,4000787030016,0,114.0,64921432.0,94.0,0.0,100.0,6.0,100.0,0.0,88.0,733269325.0,61.0,34927.0,100.0,0.0,100.0,6.0,100.0,0.0,100.0,0.0,100.0,0.0,100.0,17.0,100.0,0.0,80.0,20.0,100.0,0.0,100.0,0.0,98.0,5806.0,20.0,20.0,100.0,0.0,100.0,0.0,200.0,0.0,100.0,34879.0,100.0,48668704616.0,100.0,209834828062.0
2019-11-13,Z304KBXM,ST4000DM000,4000787030016,0,118.0,181593144.0,94.0,0.0,100.0,6.0,100.0,0.0,88.0,734554425.0,61.0,34939.0,100.0,0.0,100.0,6.0,100.0,0.0,100.0,0.0,100.0,0.0,100.0,17.0,100.0,0.0,80.0,20.0,100.0,0.0,100.0,0.0,98.0,5806.0,20.0,20.0,100.0,0.0,100.0,0.0,200.0,0.0,100.0,34891.0,100.0,48684566240.0,100.0,209971249171.0
2019-11-14,Z304KBXM,ST4000DM000,4000787030016,0,120.0,238331472.0,94.0,0.0,100.0,6.0,100.0,0.0,88.0,737685675.0,61.0,34974.0,100.0,0.0,100.0,6.0,100.0,0.0,100.0,0.0,100.0,0.0,100.0,17.0,100.0,0.0,80.0,20.0,100.0,0.0,100.0,0.0,98.0,5806.0,20.0,20.0,100.0,0.0,100.0,0.0,200.0,0.0,100.0,34927.0,100.0,48743524504.0,100.0,210667356978.0
2019-11-15,Z304KBXM,ST4000DM000,4000787030016,0,114.0,82504800.0,94.0,0.0,100.0,6.0,100.0,0.0,88.0,741189173.0,61.0,34998.0,100.0,0.0,100.0,6.0,100.0,0.0,100.0,0.0,100.0,0.0,100.0,17.0,100.0,0.0,80.0,20.0,100.0,0.0,100.0,0.0,98.0,5806.0,20.0,20.0,100.0,0.0,100.0,0.0,200.0,0.0,100.0,34950.0,100.0,48782896752.0,100.0,211391946326.0
2019-11-16,Z304KBXM,ST4000DM000,4000787030016,0,117.0,139990992.0,94.0,0.0,100.0,6.0,100.0,0.0,88.0,744179158.0,61.0,35022.0,100.0,0.0,100.0,6.0,100.0,0.0,100.0,0.0,100.0,0.0,100.0,18.0,100.0,0.0,80.0,20.0,100.0,0.0,100.0,0.0,98.0,5806.0,20.0,20.0,100.0,0.0,100.0,0.0,200.0,0.0,100.0,34974.0,100.0,48842386608.0,100.0,211952946248.0
2019-11-17,Z304KBXM,ST4000DM000,4000787030016,0,115.0,91616584.0,94.0,0.0,100.0,6.0,100.0,0.0,88.0,745203243.0,60.0,35046.0,100.0,0.0,100.0,6.0,100.0,0.0,100.0,0.0,100.0,0.0,100.0,18.0,100.0,0.0,74.0,26.0,100.0,0.0,100.0,0.0,98.0,5806.0,26.0,26.0,100.0,0.0,100.0,0.0,200.0,0.0,100.0,34998.0,100.0,48870120888.0,100.0,212008164857.0
2019-11-18,Z304KBXM,ST4000DM000,4000787030016,0,113.0,53342648.0,94.0,0.0,100.0,6.0,100.0,0.0,88.0,747161513.0,60.0,35069.0,100.0,0.0,100.0,6.0,100.0,0.0,100.0,0.0,100.0,0.0,100.0,18.0,100.0,0.0,80.0,20.0,100.0,0.0,100.0,0.0,98.0,5806.0,20.0,20.0,100.0,0.0,100.0,0.0,200.0,0.0,100.0,35022.0,100.0,48910403160.0,100.0,212319725446.0
2019-11-19,Z304KBXM,ST4000DM000,4000787030016,0,117.0,167312536.0,94.0,0.0,100.0,6.0,100.0,0.0,88.0,750129483.0,60.0,35093.0,100.0,0.0,100.0,6.0,100.0,0.0,100.0,0.0,100.0,0.0,100.0,18.0,100.0,0.0,80.0,20.0,100.0,0.0,100.0,0.0,98.0,5806.0,20.0,20.0,100.0,0.0,100.0,0.0,200.0,0.0,100.0,35045.0,100.0,48947874920.0,100.0,212886948462.0
2019-11-20,Z304KBXM,ST4000DM000,4000787030016,0,118.0,193585624.0,94.0,0.0,100.0,6.0,100.0,0.0,88.0,753457123.0,60.0,35117.0,100.0,0.0,100.0,6.0,100.0,0.0,100.0,0.0,100.0,0.0,100.0,18.0,100.0,0.0,80.0,20.0,100.0,0.0,100.0,0.0,98.0,5806.0,20.0,20.0,100.0,0.0,100.0,0.0,200.0,0.0,100.0,35069.0,100.0,48987325736.0,100.0,217684701566.0
2019-11-21,Z304KBXM,ST4000DM000,4000787030016,0,117.0,135294472.0,94.0,0.0,100.0,6.0,100.0,0.0,88.0,756491024.0,60.0,35141.0,100.0,0.0,100.0,6.0,100.0,0.0,100.0,0.0,100.0,0.0,100.0,18.0,100.0,0.0,81.0,19.0,100.0,0.0,100.0,0.0,98.0,5806.0,19.0,19.0,100.0,0.0,100.0,0.0,200.0,0.0,100.0,35093.0,100.0,49018083624.0,100.0,218126614806.0
2019-11-22,Z304KBXM,ST4000DM000,4000787030016,0,105.0,8121344.0,94.0,0.0,100.0,6.0,100.0,0.0,88.0,758788858.0,60.0,35165.0,100.0,0.0,100.0,6.0,100.0,0.0,100.0,0.0,100.0,0.0,100.0,18.0,100.0,0.0,81.0,19.0,100.0,0.0,100.0,0.0,98.0,5806.0,19.0,19.0,100.0,0.0,100.0,0.0,200.0,0.0,100.0,35117.0,100.0,49039300688.0,100.0,218845567256.0
2019-11-23,Z304KBXM,ST4000DM000,4000787030016,0,106.0,10525056.0,94.0,0.0,100.0,6.0,100.0,0.0,88.0,761203674.0,60.0,35189.0,100.0,0.0,100.0,6.0,100.0,0.0,100.0,0.0,100.0,0.0,100.0,18.0,100.0,0.0,80.0,20.0,100.0,0.0,100.0,0.0,98.0,5806.0,20.0,20.0,100.0,0.0,100.0,0.0,200.0,0.0,100.0,35141.0,100.0,49055429712.0,100.0,219613235484.0
2019-11-24,Z304KBXM,ST4000DM000,4000787030016,0,101.0,3539488.0,94.0,0.0,100.0,6.0,100.0,0.0,88.0,762468990.0,60.0,35213.0,100.0,0.0,100.0,6.0,100.0,0.0,100.0,0.0,100.0,0.0,100.0,18.0,100.0,0.0,80.0,20.0,100.0,0.0,100.0,0.0,98.0,5806.0,20.0,20.0,100.0,0.0,100.0,0.0,200.0,0.0,100.0,35165.0,100.0,49087206176.0,100.0,219752781840.0
2019-11-25,Z304KBXM,ST4000DM000,4000787030016,0,119.0,224861792.0,94.0,0.0,100.0,6.0,100.0,0.0,88.0,765116543.0,60.0,35237.0,100.0,0.0,100.0,6.0,100.0,0.0,100.0,0.0,100.0,0.0,100.0,18.0,100.0,0.0,80.0,20.0,100.0,0.0,100.0,0.0,98.0,5806.0,20.0,20.0,100.0,0.0,100.0,0.0,200.0,0.0,100.0,35189.0,100.0,49119645840.0,100.0,220209167827.0
2019-11-26,Z304KBXM,ST4000DM000,4000787030016,0,116.0,115978544.0,94.0,0.0,100.0,6.0,100.0,0.0,88.0,766842058.0,60.0,35260.0,100.0,0.0,100.0,6.0,100.0,0.0,100.0,0.0,100.0,0.0,100.0,18.0,100.0,0.0,80.0,20.0,100.0,0.0,100.0,0.0,98.0,5806.0,20.0,20.0,100.0,0.0,100.0,0.0,200.0,0.0,100.0,35213.0,100.0,49155027096.0,100.0,220931494059.0
2019-11-27,Z304KBXM,ST4000DM000,4000787030016,0,116.0,102935520.0,94.0,0.0,100.0,6.0,100.0,0.0,88.0,767971984.0,60.0,35284.0,100.0,0.0,100.0,6.0,100.0,0.0,100.0,0.0,100.0,0.0,100.0,18.0,100.0,0.0,80.0,20.0,100.0,0.0,100.0,0.0,98.0,5806.0,20.0,20.0,100.0,0.0,100.0,0.0,200.0,0.0,100.0,35236.0,100.0,49192968648.0,100.0,221322986974.0
2019-11-28,Z304KBXM,ST4000DM000,4000787030016,0,119.0,234341096.0,94.0,0.0,100.0,6.0,100.0,0.0,88.0,769553451.0,60.0,35308.0,100.0,0.0,100.0,6.0,100.0,0.0,100.0,0.0,100.0,0.0,100.0,19.0,100.0,0.0,80.0,20.0,100.0,0.0,100.0,0.0,98.0,5806.0,20.0,20.0,100.0,0.0,100.0,0.0,200.0,0.0,100.0,35260.0,100.0,49239582280.0,100.0,221659153117.0
2019-11-29,Z304KBXM,ST4000DM000,4000787030016,0,118.0,190450928.0,94.0,0.0,100.0,6.0,100.0,0.0,88.0,771094028.0,60.0,35332.0,100.0,0.0,100.0,6.0,100.0,0.0,100.0,0.0,100.0,0.0,100.0,19.0,100.0,0.0,79.0,21.0,100.0,0.0,100.0,0.0,98.0,5806.0,21.0,21.0,100.0,0.0,100.0,0.0,200.0,0.0,100.0,35284.0,100.0,49262248608.0,100.0,222011201122.0
2019-11-30,Z304KBXM,ST4000DM000,4000787030016,0,115.0,94082240.0,94.0,0.0,100.0,6.0,100.0,0.0,88.0,773448610.0,60.0,35356.0,100.0,0.0,100.0,6.0,100.0,0.0,100.0,0.0,100.0,0.0,100.0,19.0,100.0,0.0,79.0,21.0,100.0,0.0,100.0,0.0,98.0,5806.0,21.0,21.0,100.0,0.0,100.0,0.0,200.0,0.0,100.0,35308.0,100.0,49283806864.0,100.0,222361252777.0
2019-12-01,Z304KBXM,ST4000DM000,4000787030016,0,119.0,206930168.0,94.0,0.0,100.0,6.0,100.0,0.0,88.0,775065310.0,60.0,35380.0,100.0,0.0,100.0,6.0,100.0,0.0,100.0,0.0,100.0,0.0,100.0,19.0,100.0,0.0,80.0,20.0,100.0,0.0,100.0,0.0,98.0,5806.0,20.0,20.0,100.0,0.0,100.0,0.0,200.0,0.0,100.0,35332.0,100.0,49304279040.0,100.0,222558164911.0
2019-12-02,Z304KBXM,ST4000DM000,4000787030016,0,120.0,235652368.0,94.0,0.0,100.0,6.0,100.0,0.0,88.0,776879545.0,60.0,35404.0,100.0,0.0,100.0,6.0,100.0,0.0,100.0,0.0,100.0,0.0,100.0,19.0,100.0,0.0,80.0,20.0,100.0,0.0,100.0,0.0,98.0,5806.0,20.0,20.0,100.0,0.0,100.0,0.0,200.0,0.0,100.0,35356.0,100.0,49327056984.0,100.0,222895468707.0
2019-12-03,Z304KBXM,ST4000DM000,4000787030016,0,108.0,17861776.0,94.0,0.0,100.0,6.0,100.0,0.0,88.0,778920717.0,60.0,35428.0,100.0,0.0,100.0,6.0,100.0,0.0,100.0,0.0,100.0,0.0,100.0,19.0,100.0,0.0,80.0,20.0,100.0,0.0,100.0,0.0,98.0,5806.0,20.0,20.0,100.0,0.0,100.0,0.0,200.0,0.0,100.0,35380.0,100.0,49355576456.0,100.0,223207122223.0
2019-12-04,Z304KBXM,ST4000DM000,4000787030016,0,117.0,137085200.0,94.0,0.0,100.0,6.0,100.0,0.0,88.0,780416970.0,60.0,35451.0,100.0,0.0,100.0,6.0,100.0,0.0,100.0,0.0,100.0,0.0,100.0,19.0,100.0,0.0,80.0,20.0,100.0,0.0,100.0,0.0,98.0,5806.0,20.0,20.0,100.0,0.0,100.0,0.0,200.0,0.0,100.0,35404.0,100.0,49382273152.0,100.0,223474717533.0
2019-12-05,Z304KBXM,ST4000DM000,4000787030016,0,120.0,236211776.0,94.0,0.0,100.0,6.0,100.0,0.0,88.0,781986916.0,60.0,35475.0,100.0,0.0,100.0,6.0,100.0,0.0,100.0,0.0,100.0,0.0,100.0,19.0,100.0,0.0,80.0,20.0,100.0,0.0,100.0,0.0,98.0,5806.0,20.0,20.0,100.0,0.0,100.0,0.0,200.0,0.0,100.0,35428.0,100.0,49415541680.0,100.0,223761092186.0
2019-12-06,Z304KBXM,ST4000DM000,4000787030016,0,119.0,233886104.0,94.0,0.0,100.0,6.0,100.0,0.0,88.0,783529481.0,60.0,35499.0,100.0,0.0,100.0,6.0,100.0,0.0,100.0,0.0,100.0,0.0,100.0,19.0,100.0,0.0,80.0,20.0,100.0,0.0,100.0,0.0,98.0,5806.0,20.0,20.0,100.0,0.0,100.0,0.0,200.0,0.0,100.0,35452.0,100.0,49445979472.0,100.0,224036811621.0
2019-12-07,Z304KBXM,ST4000DM000,4000787030016,0,102.0,4680888.0,94.0,0.0,100.0,6.0,100.0,0.0,88.0,785326963.0,60.0,35523.0,100.0,0.0,100.0,6.0,100.0,0.0,100.0,0.0,100.0,0.0,100.0,19.0,100.0,0.0,81.0,19.0,100.0,0.0,100.0,0.0,98.0,5806.0,19.0,19.0,100.0,0.0,100.0,0.0,200.0,0.0,100.0,35475.0,100.0,49481527192.0,100.0,224334599743.0
2019-12-08,Z304KBXM,ST4000DM000,4000787030016,0,120.0,243000904.0,94.0,0.0,100.0,6.0,100.0,0.0,88.0,787537648.0,60.0,35547.0,100.0,0.0,100.0,6.0,100.0,0.0,100.0,0.0,100.0,0.0,100.0,19.0,100.0,0.0,80.0,20.0,100.0,0.0,100.0,0.0,98.0,5806.0,20.0,20.0,100.0,0.0,100.0,0.0,200.0,0.0,100.0,35499.0,100.0,49520020560.0,100.0,224479831756.0
2019-12-09,Z304KBXM,ST4000DM000,4000787030016,0,119.0,203174984.0,94.0,0.0,100.0,6.0,100.0,0.0,88.0,789294541.0,60.0,35571.0,100.0,0.0,100.0,6.0,100.0,0.0,100.0,0.0,100.0,0.0,100.0,19.0,100.0,0.0,79.0,21.0,100.0,0.0,100.0,0.0,98.0,5806.0,21.0,21.0,100.0,0.0,100.0,0.0,200.0,0.0,100.0,35523.0,100.0,49549869768.0,100.0,224693295210.0
2019-12-10,Z304KBXM,ST4000DM000,4000787030016,0,114.0,72235856.0,94.0,0.0,100.0,6.0,100.0,0.0,88.0,790959009.0,60.0,35594.0,100.0,0.0,100.0,6.0,100.0,0.0,100.0,0.0,100.0,0.0,100.0,19.0,100.0,0.0,80.0,20.0,100.0,0.0,100.0,0.0,98.0,5806.0,20.0,20.0,100.0,0.0,100.0,0.0,200.0,0.0,100.0,35547.0,100.0,49582041680.0,100.0,224986326861.0
2019-12-11,Z304KBXM,ST4000DM000,4000787030016,0,117.0,124913048.0,94.0,0.0,100.0,6.0,100.0,0.0,88.0,792105759.0,60.0,35618.0,100.0,0.0,100.0,6.0,100.0,0.0,100.0,0.0,100.0,0.0,100.0,19.0,100.0,0.0,80.0,20.0,100.0,0.0,100.0,0.0,98.0,5806.0,20.0,20.0,100.0,0.0,100.0,0.0,200.0,0.0,100.0,35570.0,100.0,49615428280.0,100.0,225236943567.0
2019-12-12,Z304KBXM,ST4000DM000,4000787030016,0,117.0,124101128.0,94.0,0.0,100.0,6.0,100.0,0.0,88.0,793782879.0,60.0,35642.0,100.0,0.0,100.0,6.0,100.0,0.0,100.0,0.0,100.0,0.0,100.0,19.0,100.0,0.0,80.0,20.0,100.0,0.0,100.0,0.0,98.0,5806.0,20.0,20.0,100.0,0.0,100.0,0.0,200.0,0.0,100.0,35594.0,100.0,49643846992.0,100.0,225620464762.0
2019-12-13,Z304KBXM,ST4000DM000,4000787030016,0,119.0,226312624.0,94.0,0.0,100.0,6.0,100.0,0.0,88.0,794951528.0,60.0,35666.0,100.0,0.0,100.0,6.0,100.0,0.0,100.0,0.0,100.0,0.0,100.0,19.0,100.0,0.0,80.0,20.0,100.0,0.0,100.0,0.0,98.0,5806.0,20.0,20.0,100.0,0.0,100.0,0.0,200.0,0.0,100.0,35618.0,100.0,49673327080.0,100.0,225940386310.0
2019-12-14,Z304KBXM,ST4000DM000,4000787030016,0,117.0,165651720.0,94.0,0.0,100.0,6.0,100.0,0.0,88.0,796038135.0,60.0,35690.0,100.0,0.0,100.0,6.0,100.0,0.0,100.0,0.0,100.0,0.0,100.0,19.0,100.0,0.0,80.0,20.0,100.0,0.0,100.0,0.0,98.0,5806.0,20.0,20.0,100.0,0.0,100.0,0.0,200.0,0.0,100.0,35642.0,100.0,49704168992.0,100.0,226216133408.0
2019-12-15,Z304KBXM,ST4000DM000,4000787030016,0,114.0,74725456.0,94.0,0.0,100.0,6.0,100.0,0.0,88.0,797471353.0,60.0,35714.0,100.0,0.0,100.0,6.0,100.0,0.0,100.0,0.0,100.0,0.0,100.0,19.0,100.0,0.0,80.0,20.0,100.0,0.0,100.0,0.0,98.0,5806.0,20.0,20.0,100.0,0.0,100.0,0.0,200.0,0.0,100.0,35666.0,100.0,49741244608.0,100.0,226418533957.0
2019-12-16,Z304KBXM,ST4000DM000,4000787030016,0,108.0,15383136.0,94.0,0.0,100.0,6.0,100.0,0.0,88.0,798592829.0,60.0,35738.0,100.0,0.0,100.0,6.0,100.0,0.0,100.0,0.0,100.0,0.0,100.0,19.0,100.0,0.0,80.0,20.0,100.0,0.0,100.0,0.0,98.0,5806.0,20.0,20.0,100.0,0.0,100.0,0.0,200.0,0.0,100.0,35690.0,100.0,49776370088.0,100.0,226697720502.0
2019-12-17,Z304KBXM,ST4000DM000,4000787030016,0,106.0,12227032.0,94.0,0.0,100.0,6.0,100.0,0.0,88.0,799505415.0,60.0,35761.0,100.0,0.0,100.0,6.0,100.0,0.0,100.0,0.0,100.0,0.0,100.0,19.0,100.0,0.0,80.0,20.0,100.0,0.0,100.0,0.0,98.0,5806.0,20.0,20.0,100.0,0.0,100.0,0.0,200.0,0.0,100.0,35714.0,100.0,49806418792.0,100.0,226902960251.0
2019-12-18,Z304KBXM,ST4000DM000,4000787030016,0,117.0,119376704.0,94.0,0.0,100.0,6.0,100.0,0.0,88.0,800582891.0,60.0,35785.0,100.0,0.0,100.0,6.0,100.0,0.0,100.0,0.0,100.0,0.0,100.0,19.0,100.0,0.0,80.0,20.0,100.0,0.0,100.0,0.0,98.0,5806.0,20.0,20.0,100.0,0.0,100.0,0.0,200.0,0.0,100.0,35737.0,100.0,49835386168.0,100.0,227158936198.0
2019-12-19,Z304KBXM,ST4000DM000,4000787030016,0,117.0,152512176.0,94.0,0.0,100.0,6.0,100.0,0.0,88.0,801937240.0,60.0,35809.0,100.0,0.0,100.0,6.0,100.0,0.0,100.0,0.0,100.0,0.0,100.0,19.0,100.0,0.0,79.0,21.0,100.0,0.0,100.0,0.0,98.0,5806.0,21.0,21.0,100.0,0.0,100.0,0.0,200.0,0.0,100.0,35761.0,100.0,49865384256.0,100.0,227432809075.0
2019-12-20,Z304KBXM,ST4000DM000,4000787030016,0,118.0,181845032.0,94.0,0.0,100.0,6.0,100.0,0.0,88.0,802921448.0,60.0,35833.0,100.0,0.0,100.0,6.0,100.0,0.0,100.0,0.0,100.0,0.0,100.0,19.0,100.0,0.0,79.0,21.0,100.0,0.0,100.0,0.0,98.0,5806.0,21.0,21.0,100.0,0.0,100.0,0.0,200.0,0.0,100.0,35785.0,100.0,49912213600.0,100.0,227704944753.0
2019-12-21,Z304KBXM,ST4000DM000,4000787030016,0,111.0,38451976.0,94.0,0.0,100.0,6.0,100.0,0.0,88.0,804777577.0,60.0,35857.0,100.0,0.0,100.0,6.0,100.0,0.0,100.0,0.0,100.0,0.0,100.0,19.0,100.0,0.0,79.0,21.0,100.0,0.0,100.0,0.0,98.0,5806.0,21.0,21.0,100.0,0.0,100.0,0.0,200.0,0.0,100.0,35809.0,100.0,49936436088.0,100.0,227982625464.0
2019-12-22,Z304KBXM,ST4000DM000,4000787030016,0,118.0,195260096.0,94.0,0.0,100.0,6.0,100.0,0.0,89.0,806024091.0,60.0,35881.0,100.0,0.0,100.0,6.0,100.0,0.0,100.0,0.0,100.0,0.0,100.0,19.0,100.0,0.0,79.0,21.0,100.0,0.0,100.0,0.0,98.0,5806.0,21.0,21.0,100.0,0.0,100.0,0.0,200.0,0.0,100.0,35833.0,100.0,49961471312.0,100.0,228192494016.0
2019-12-23,Z304KBXM,ST4000DM000,4000787030016,0,119.0,202227544.0,94.0,0.0,100.0,6.0,100.0,0.0,89.0,806983238.0,60.0,35904.0,100.0,0.0,100.0,6.0,100.0,0.0,100.0,0.0,100.0,0.0,100.0,19.0,100.0,0.0,79.0,21.0,100.0,0.0,100.0,0.0,98.0,5806.0,21.0,21.0,100.0,0.0,100.0,0.0,200.0,0.0,100.0,35857.0,100.0,49991912632.0,100.0,228507461788.0
2019-12-24,Z304KBXM,ST4000DM000,4000787030016,0,115.0,87206448.0,94.0,0.0,100.0,6.0,100.0,0.0,89.0,807955959.0,59.0,35928.0,100.0,0.0,100.0,6.0,100.0,0.0,100.0,0.0,100.0,0.0,100.0,19.0,100.0,0.0,79.0,21.0,100.0,0.0,100.0,0.0,98.0,5806.0,21.0,21.0,100.0,0.0,100.0,0.0,200.0,0.0,100.0,35880.0,100.0,50021689216.0,100.0,228821964220.0
2019-12-25,Z304KBXM,ST4000DM000,4000787030016,0,117.0,118865352.0,94.0,0.0,100.0,6.0,100.0,0.0,89.0,809699790.0,59.0,35952.0,100.0,0.0,100.0,6.0,100.0,0.0,100.0,0.0,100.0,0.0,100.0,19.0,100.0,0.0,79.0,21.0,100.0,0.0,100.0,0.0,98.0,5806.0,21.0,21.0,100.0,0.0,100.0,0.0,200.0,0.0,100.0,35904.0,100.0,50058574192.0,100.0,229181088701.0
2019-12-26,Z304KBXM,ST4000DM000,4000787030016,0,117.0,127779000.0,94.0,0.0,100.0,6.0,100.0,0.0,89.0,812323302.0,59.0,35976.0,100.0,0.0,100.0,6.0,100.0,0.0,100.0,0.0,100.0,0.0,100.0,19.0,100.0,0.0,79.0,21.0,100.0,0.0,100.0,0.0,98.0,5806.0,21.0,21.0,100.0,0.0,100.0,0.0,200.0,0.0,100.0,35928.0,100.0,50067975448.0,100.0,229535956127.0
2019-12-27,Z304KBXM,ST4000DM000,4000787030016,0,117.0,163079960.0,94.0,0.0,100.0,6.0,100.0,0.0,89.0,814265945.0,59.0,36000.0,100.0,0.0,100.0,6.0,100.0,0.0,100.0,0.0,100.0,0.0,100.0,19.0,100.0,0.0,79.0,21.0,100.0,0.0,100.0,0.0,98.0,5806.0,21.0,21.0,100.0,0.0,100.0,0.0,200.0,0.0,100.0,35952.0,100.0,50087048360.0,100.0,229871738206.0
2019-12-28,Z304KBXM,ST4000DM000,4000787030016,0,119.0,209874328.0,94.0,0.0,100.0,6.0,100.0,0.0,89.0,816405834.0,59.0,36024.0,100.0,0.0,100.0,6.0,100.0,0.0,100.0,0.0,100.0,0.0,100.0,19.0,100.0,0.0,79.0,21.0,100.0,0.0,100.0,0.0,98.0,5806.0,21.0,21.0,100.0,0.0,100.0,0.0,200.0,0.0,100.0,35976.0,100.0,50113118312.0,100.0,230196885780.0
2019-12-29,Z304KBXM,ST4000DM000,4000787030016,0,116.0,108383336.0,94.0,0.0,100.0,6.0,100.0,0.0,89.0,817908928.0,59.0,36048.0,100.0,0.0,100.0,6.0,100.0,0.0,100.0,0.0,100.0,0.0,100.0,19.0,100.0,0.0,80.0,20.0,100.0,0.0,100.0,0.0,98.0,5806.0,20.0,20.0,100.0,0.0,100.0,0.0,200.0,0.0,100.0,36000.0,100.0,50134805312.0,100.0,230367651794.0
2019-12-30,Z304KBXM,ST4000DM000,4000787030016,0,118.0,177420856.0,94.0,0.0,100.0,6.0,100.0,0.0,89.0,819546067.0,59.0,36072.0,100.0,0.0,100.0,6.0,100.0,0.0,100.0,0.0,100.0,0.0,100.0,19.0,100.0,0.0,80.0,20.0,100.0,0.0,100.0,0.0,98.0,5806.0,20.0,20.0,100.0,0.0,100.0,0.0,200.0,0.0,100.0,36024.0,100.0,50152775776.0,100.0,230655802988.0
2019-12-31,Z304KBXM,ST4000DM000,4000787030016,0,119.0,470920.0,94.0,0.0,100.0,6.0,100.0,0.0,89.0,820982337.0,59.0,36096.0,100.0,0.0,100.0,6.0,100.0,0.0,100.0,0.0,100.0,0.0,100.0,19.0,100.0,0.0,80.0,20.0,100.0,0.0,100.0,0.0,98.0,5806.0,20.0,20.0,100.0,0.0,100.0,0.0,200.0,0.0,100.0,36048.0,100.0,50181241856.0,100.0,230932617306.0
