2019-01-01,Z304JMY0,ST4000DM000,4000787030016,0,118,174523176,91.0,0.0,100.0,17.0,100.0,0.0,87.0,510491259.0,68,28351,100.0,0.0,100,17,100.0,0.0,100.0,0.0,100.0,0.0,100.0,0.0,100.0,0.0,76.0,24.0,100.0,0.0,100.0,0.0,96.0,8005.0,24,24,100.0,0.0,100.0,0.0,200.0,0.0,100.0,28252.0,100.0,49553598840.0,100.0,121373115787.0
2019-01-02,Z304JMY0,ST4000DM000,4000787030016,0,120,235715288,91.0,0.0,100.0,17.0,100.0,0.0,87.0,512432507.0,68,28374,100.0,0.0,100,17,100.0,0.0,100.0,0.0,100.0,0.0,100.0,0.0,100.0,0.0,76.0,24.0,100.0,0.0,100.0,0.0,96.0,8005.0,24,24,100.0,0.0,100.0,0.0,200.0,0.0,100.0,28275.0,100.0,49574837912.0,100.0,121494223360.0
2019-01-03,Z304JMY0,ST4000DM000,4000787030016,0,115.0,94820320.0,91.0,0.0,100.0,17.0,100.0,0.0,87.0,513508975.0,68.0,28398.0,100.0,0.0,100.0,17.0,100.0,0.0,100.0,0.0,100.0,0.0,100.0,0.0,100.0,0.0,74.0,26.0,100.0,0.0,100.0,0.0,96.0,8005.0,26.0,26.0,100.0,0.0,100.0,0.0,200.0,0.0,100.0,28299.0,100.0,49589545704.0,100.0,121629922544.0
2019-01-04,Z304JMY0,ST4000DM000,4000787030016,0,119,230139656,91.0,0.0,100.0,17.0,100.0,0.0,87.0,514555793.0,68,28423,100.0,0.0,100,17,100.0,0.0,100.0,0.0,100.0,0.0,100.0,0.0,100.0,0.0,73.0,27.0,100.0,0.0,100.0,0.0,96.0,8005.0,27,27,100.0,0.0,100.0,0.0,200.0,0.0,100.0,28323.0,100.0,49606612040.0,100.0,121749628326.0
2019-01-05,Z304JMY0,ST4000DM000,4000787030016,0,118,183193680,91.0,0.0,100.0,17.0,100.0,0.0,87.0,515580470.0,68,28447,100.0,0.0,100,17,100.0,0.0,100.0,0.0,100.0,0.0,100.0,0.0,100.0,0.0,71.0,29.0,100.0,0.0,100.0,0.0,96.0,8005.0,29,29,100.0,0.0,100.0,0.0,200.0,0.0,100.0,28348.0,100.0,49620355680.0,100.0,121871150433.0
2019-01-06,Z304JMY0,ST4000DM000,4000787030016,0,117,136461680,91.0,0.0,100.0,17.0,100.0,0.0,87.0,517710068.0,68,28470,100.0,0.0,100,17,100.0,0.0,100.0,0.0,100.0,0.0,100.0,0.0,100.0,0.0,73.0,27.0,100.0,0.0,100.0,0.0,96.0,8005.0,27,27,100.0,0.0,100.0,0.0,200.0,0.0,100.0,28371.0,100.0,49642067472.0,100.0,122018071119.0
2019-01-07,Z304JMY0,ST4000DM000,4000787030016,0,116,114092392,91.0,0.0,100.0,17.0,100.0,0.0,87.0,518709978.0,68,28495,100.0,0.0,100,17,100.0,0.0,100.0,0.0,100.0,0.0,100.0,0.0,100.0,0.0,73.0,27.0,100.0,0.0,100.0,0.0,96.0,8005.0,27,27,100.0,0.0,100.0,0.0,200.0,0.0,100.0,28396.0,100.0,49658950568.0,100.0,122129047887.0
2019-01-08,Z304JMY0,ST4000DM000,4000787030016,0,114,72766304,91.0,0.0,100.0,17.0,100.0,0.0,87.0,519782782.0,68,28518,100.0,0.0,100,17,100.0,0.0,100.0,0.0,100.0,0.0,100.0,0.0,100.0,0.0,75.0,25.0,100.0,0.0,100.0,0.0,96.0,8005.0,25,25,100.0,0.0,100.0,0.0,200.0,0.0,100.0,28419.0,100.0,49676729624.0,100.0,122252248233.0
2019-01-09,Z304JMY0,ST4000DM000,4000787030016,0,111,30502400,91.0,0.0,100.0,17.0,100.0,0.0,87.0,521746952.0,68,28543,100.0,0.0,100,17,100.0,0.0,100.0,0.0,100.0,0.0,100.0,0.0,100.0,0.0,75.0,25.0,100.0,0.0,100.0,0.0,96.0,8005.0,25,25,100.0,0.0,100.0,0.0,200.0,0.0,100.0,28443.0,100.0,49702802736.0,100.0,122354781658.0
2019-01-10,Z304JMY0,ST4000DM000,4000787030016,0,119,206656416,91.0,0.0,100.0,17.0,100.0,0.0,87.0,522466597.0,68,28564,100.0,0.0,100,17,100.0,0.0,100.0,0.0,100.0,0.0,100.0,0.0,100.0,0.0,75.0,25.0,100.0,0.0,100.0,0.0,96.0,8005.0,25,25,100.0,0.0,100.0,0.0,200.0,0.0,100.0,28464.0,100.0,49720923432.0,100.0,122445386326.0
2019-01-11,Z304JMY0,ST4000DM000,4000787030016,0,117.0,156958152.0,91.0,0.0,100.0,17.0,100.0,0.0,87.0,523171429.0,68.0,28580.0,100.0,0.0,100.0,17.0,100.0,0.0,100.0,0.0,100.0,0.0,100.0,0.0,100.0,0.0,74.0,26.0,100.0,0.0,100.0,0.0,96.0,8005.0,26.0,26.0,100.0,0.0,100.0,0.0,200.0,0.0,100.0,28480.0,100.0,49733916840.0,100.0,122539613472.0
2019-01-12,Z304JMY0,ST4000DM000,4000787030016,0,117,126040560,91.0,0.0,100.0,17.0,100.0,0.0,87.0,525714907.0,68,28604,100.0,0.0,100,17,100.0,0.0,100.0,0.0,100.0,0.0,100.0,0.0,100.0,0.0,74.0,26.0,100.0,0.0,100.0,0.0,96.0,8005.0,26,26,100.0,0.0,100.0,0.0,200.0,0.0,100.0,28504.0,100.0,49758851088.0,100.0,122701446468.0
2019-01-13,Z304JMY0,ST4000DM000,4000787030016,0,118,169172088,91.0,0.0,100.0,17.0,100.0,0.0,87.0,526866107.0,68,28628,100.0,0.0,100,17,100.0,0.0,100.0,0.0,100.0,0.0,100.0,0.0,100.0,0.0,73.0,27.0,100.0,0.0,100.0,0.0,96.0,8005.0,27,27,100.0,0.0,100.0,0.0,200.0,0.0,100.0,28528.0,100.0,49784628472.0,100.0,122855457993.0
2019-01-14,Z304JMY0,ST4000DM000,4000787030016,0,113,56620400,91.0,0.0,100.0,17.0,100.0,0.0,87.0,528752314.0,68,28652,100.0,0.0,100,17,100.0,0.0,100.0,0.0,100.0,0.0,100.0,0.0,100.0,0.0,73.0,27.0,100.0,0.0,100.0,0.0,96.0,8005.0,27,27,100.0,0.0,100.0,0.0,200.0,0.0,100.0,28552.0,100.0,49810424400.0,100.0,123049612871.0
2019-01-15,Z304JMY0,ST4000DM000,4000787030016,0,119.0,225140920.0,91.0,0.0,100.0,17.0,100.0,0.0,87.0,529398672.0,68.0,28675.0,100.0,0.0,100.0,17.0,100.0,0.0,100.0,0.0,100.0,0.0,100.0,0.0,100.0,0.0,73.0,27.0,100.0,0.0,100.0,0.0,96.0,8005.0,27.0,27.0,100.0,0.0,100.0,0.0,200.0,0.0,100.0,28576.0,100.0,49825385104.0,100.0,123211277104.0
2019-01-16,Z304JMY0,ST4000DM000,4000787030016,0,119,203715192,91.0,0.0,100.0,17.0,100.0,0.0,87.0,531177565.0,68,28699,100.0,0.0,100,17,100.0,0.0,100.0,0.0,100.0,0.0,100.0,0.0,100.0,0.0,71.0,29.0,100.0,0.0,100,0,96.0,8005.0,29,29,100.0,0.0,100.0,0.0,200.0,0.0,100.0,28600.0,100.0,49848815656.0,100.0,123367822762.0
2019-01-17,Z304JMY0,ST4000DM000,4000787030016,0,117,117855216,91.0,0.0,100.0,17.0,100.0,0.0,87.0,531852173.0,68,28723,100.0,0.0,100,17,100.0,0.0,100.0,0.0,100.0,0.0,100.0,0.0,100.0,0.0,72.0,28.0,100.0,0.0,100,0,96.0,8005.0,28,28,100.0,0.0,100.0,0.0,200.0,0.0,100.0,28624.0,100.0,49865429984.0,100.0,123546150195.0
2019-01-18,Z304JMY0,ST4000DM000,4000787030016,0,117,130264560,91.0,0.0,100.0,17.0,100.0,0.0,87.0,532430790.0,68,28747,100.0,0.0,100,17,100.0,0.0,100.0,0.0,100.0,0.0,100.0,0.0,100.0,0.0,71.0,29.0,100.0,0.0,100,0,96.0,8005.0,29,29,100.0,0.0,100.0,0.0,200.0,0.0,100.0,28647.0,100.0,49880328992.0,100.0,123731594995.0
2019-01-19,Z304JMY0,ST4000DM000,4000787030016,0,119,210645296,91.0,0.0,100.0,17.0,100.0,0.0,87.0,533003390.0,68,28771,100.0,0.0,100,17,100.0,0.0,100.0,0.0,100.0,0.0,100.0,0.0,100.0,0.0,75.0,25.0,100.0,0.0,100,0,96.0,8005.0,25,25,100.0,0.0,100.0,0.0,200.0,0.0,100.0,28671.0,100.0,49893424928.0,100.0,123877638404.0
2019-01-20,Z304JMY0,ST4000DM000,4000787030016,0,118,198763432,91.0,0.0,100.0,17.0,100.0,0.0,87.0,533903500.0,68,28794,100.0,0.0,100,17,100.0,0.0,100.0,0.0,100.0,0.0,100.0,0.0,100.0,0.0,72.0,28.0,100.0,0.0,100,0,96.0,8005.0,28,28,100.0,0.0,100.0,0.0,200.0,0.0,100.0,28695.0,100.0,49908224576.0,100.0,124036359743.0
2019-01-21,Z304JMY0,ST4000DM000,4000787030016,0,117,145090048,91.0,0.0,100.0,17.0,100.0,0.0,87.0,536027007.0,68,28818,100.0,0.0,100,17,100.0,0.0,100.0,0.0,100.0,0.0,100.0,0.0,100.0,0.0,72.0,28.0,100.0,0.0,100,0,96.0,8005.0,28,28,100.0,0.0,100.0,0.0,200.0,0.0,100.0,28719.0,100.0,49927295608.0,100.0,124210741376.0
2019-01-22,Z304JMY0,ST4000DM000,4000787030016,0,114.0,76767784.0,91.0,0.0,100.0,17.0,100.0,0.0,87.0,537108969.0,68.0,28842.0,100.0,0.0,100.0,17.0,100.0,0.0,100.0,0.0,100.0,0.0,100.0,0.0,100.0,0.0,70.0,30.0,100.0,0.0,100.0,0.0,96.0,8005.0,30.0,30.0,100.0,0.0,100.0,0.0,200.0,0.0,100.0,28743.0,100.0,49950368192.0,100.0,124379549721.0
2019-01-23,Z304JMY0,ST4000DM000,4000787030016,0,119.0,206877808.0,91.0,0.0,100.0,17.0,100.0,0.0,87.0,539079451.0,68.0,28866.0,100.0,0.0,100.0,17.0,100.0,0.0,100.0,0.0,100.0,0.0,100.0,0.0,100.0,0.0,70.0,30.0,100.0,0.0,100.0,0.0,96.0,8005.0,30.0,30.0,100.0,0.0,100.0,0.0,200.0,0.0,100.0,28766.0,100.0,49972438408.0,100.0,124517631290.0
2019-01-24,Z304JMY0,ST4000DM000,4000787030016,0,115.0,93001056.0,91.0,0.0,100.0,17.0,100.0,0.0,87.0,540386392.0,68.0,28889.0,100.0,0.0,100.0,17.0,100.0,0.0,100.0,0.0,100.0,0.0,100.0,0.0,100.0,0.0,69.0,31.0,100.0,0.0,100.0,0.0,96.0,8005.0,31.0,31.0,100.0,0.0,100.0,0.0,200.0,0.0,100.0,28790.0,100.0,49983690376.0,100.0,124667389387.0
2019-01-25,Z304JMY0,ST4000DM000,4000787030016,0,117,137047760,91.0,0.0,100.0,17.0,100.0,0.0,87.0,543194334.0,67,28913,100.0,0.0,100,17,100.0,0.0,100.0,0.0,100.0,0.0,100.0,0.0,100.0,0.0,70.0,30.0,100.0,0.0,100,0,96.0,8005.0,30,30,100.0,0.0,100.0,0.0,200.0,0.0,100.0,28814.0,100.0,50011581816.0,100.0,124866753127.0
2019-01-26,Z304JMY0,ST4000DM000,4000787030016,0,118,173291760,91.0,0.0,100.0,17.0,100.0,0.0,87.0,544682911.0,67,28937,100.0,0.0,100,17,100.0,0.0,100.0,0.0,100.0,0.0,100.0,0.0,100.0,0.0,70.0,30.0,100.0,0.0,100,0,96.0,8005.0,30,30,100.0,0.0,100.0,0.0,200.0,0.0,100.0,28838.0,100.0,50026371392.0,100.0,125031038827.0
2019-01-27,Z304JMY0,ST4000DM000,4000787030016,0,113,56821856,91.0,0.0,100.0,17.0,100.0,0.0,87.0,546041198.0,67,28961,100.0,0.0,100,17,100.0,0.0,100.0,0.0,100.0,0.0,100.0,0.0,100.0,0.0,71.0,29.0,100.0,0.0,100,0,96.0,8005.0,29,29,100.0,0.0,100.0,0.0,200.0,0.0,100.0,28862.0,100.0,50039494176.0,100.0,125205562922.0
2019-01-28,Z304JMY0,ST4000DM000,4000787030016,0,114,69091592,91.0,0.0,100.0,17.0,100.0,0.0,87.0,548243497.0,67,28985,100.0,0.0,100,17,100.0,0.0,100.0,0.0,100.0,0.0,100.0,0.0,100.0,0.0,71.0,29.0,100.0,0.0,100,0,96.0,8005.0,29,29,100.0,0.0,100.0,0.0,200.0,0.0,100.0,28886.0,100.0,50059372008.0,100.0,125391465471.0
2019-01-29,Z304JMY0,ST4000DM000,4000787030016,0,117,127741680,91.0,0.0,100.0,17.0,100.0,0.0,87.0,549333365.0,67,29009,100.0,0.0,100,17,100.0,0.0,100.0,0.0,100.0,0.0,100.0,0.0,100.0,0.0,71.0,29.0,100.0,0.0,100,0,96.0,8005.0,29,29,100.0,0.0,100.0,0.0,200.0,0.0,100.0,28909.0,100.0,50073444168.0,100.0,125551551045.0
2019-01-30,Z304JMY0,ST4000DM000,4000787030016,0,119,232392272,91.0,0.0,100.0,17.0,100.0,0.0,87.0,551329896.0,67,29033,100.0,0.0,100,17,100.0,0.0,100.0,0.0,100.0,0.0,100.0,0.0,100.0,0.0,72.0,28.0,100.0,0.0,100,0,96.0,8005.0,28,28,100.0,0.0,100.0,0.0,200.0,0.0,100.0,28933.0,100.0,50096269952.0,100.0,125665518455.0
2019-01-31,Z304JMY0,ST4000DM000,4000787030016,0,115,93753520,91.0,0.0,100.0,17.0,100.0,0.0,87.0,552425562.0,67,29057,100.0,0.0,100,17,100.0,0.0,100.0,0.0,100.0,0.0,100.0,0.0,100.0,0.0,71.0,29.0,100.0,0.0,100,0,96.0,8005.0,29,29,100.0,0.0,100.0,0.0,200.0,0.0,100.0,28957.0,100.0,50112785800.0,100.0,125800359646.0
2019-02-01,Z304JMY0,ST4000DM000,4000787030016,0,119,234309776,91.0,0.0,100.0,17.0,100.0,0.0,87.0,553469886.0,67,29080,100.0,0.0,100,17,100.0,0.0,100.0,0.0,100.0,0.0,100.0,0.0,100.0,0.0,72.0,28.0,100.0,0.0,100,0,96.0,8005.0,28,28,100.0,0.0,100.0,0.0,200.0,0.0,100.0,28981.0,100.0,50128321576.0,100.0,125932149069.0
2019-02-02,Z304JMY0,ST4000DM000,4000787030016,0,111.0,34037720.0,91.0,0.0,100.0,17.0,100.0,0.0,87.0,554971253.0,67.0,29104.0,100.0,0.0,100.0,17.0,100.0,0.0,100.0,0.0,100.0,0.0,100.0,0.0,100.0,0.0,72.0,28.0,100.0,0.0,100.0,0.0,96.0,8005.0,28.0,28.0,100.0,0.0,100.0,0.0,200.0,0.0,100.0,29005.0,100.0,50147444440.0,100.0,126120750215.0
2019-02-03,Z304JMY0,ST4000DM000,4000787030016,0,117,143133240,91.0,0.0,100.0,17.0,100.0,0.0,87.0,556118246.0,67,29128,100.0,0.0,100,17,100.0,0.0,100.0,0.0,100.0,0.0,100.0,0.0,100.0,0.0,71.0,29.0,100.0,0.0,100,0,96.0,8005.0,29,29,100.0,0.0,100.0,0.0,200.0,0.0,100.0,29029.0,100.0,50171651976.0,100.0,126269693058.0
2019-02-04,Z304JMY0,ST4000DM000,4000787030016,0,114,78169544,91.0,0.0,100.0,17.0,100.0,0.0,87.0,558102872.0,67,29152,100.0,0.0,100,17,100.0,0.0,100.0,0.0,100.0,0.0,100.0,0.0,100.0,0.0,72.0,28.0,100.0,0.0,100,0,96.0,8005.0,28,28,100.0,0.0,100.0,0.0,200.0,0.0,100.0,29053.0,100.0,50197533440.0,100.0,126359298179.0
2019-02-05,Z304JMY0,ST4000DM000,4000787030016,0,109.0,23927992.0,91.0,0.0,100.0,17.0,100.0,0.0,87.0,559390091.0,67.0,29176.0,100.0,0.0,100.0,17.0,100.0,0.0,100.0,0.0,100.0,0.0,100.0,0.0,100.0,0.0,71.0,29.0,100.0,0.0,100.0,0.0,96.0,8005.0,29.0,29.0,100.0,0.0,100.0,0.0,200.0,0.0,100.0,29077.0,100.0,50220938888.0,100.0,126505404234.0
2019-02-06,Z304JMY0,ST4000DM000,4000787030016,0,111,30809256,91.0,0.0,100.0,17.0,100.0,0.0,87.0,561097833.0,67,29200,100.0,0.0,100,17,100.0,0.0,100.0,0.0,100.0,0.0,100.0,0.0,100.0,0.0,71.0,29.0,100.0,0.0,100,0,96.0,8005.0,29,29,100.0,0.0,100.0,0.0,200.0,0.0,100.0,29101.0,100.0,50243387536.0,100.0,126651246122.0
2019-02-07,Z304JMY0,ST4000DM000,4000787030016,0,117.0,153391736.0,91.0,0.0,100.0,17.0,100.0,0.0,87.0,564176152.0,67.0,29236.0,100.0,0.0,100.0,17.0,100.0,0.0,100.0,0.0,100.0,0.0,100.0,0.0,100.0,0.0,71.0,29.0,100.0,0.0,100.0,0.0,96.0,8005.0,29.0,29.0,100.0,0.0,100.0,0.0,200.0,0.0,100.0,29136.0,100.0,50281618656.0,100.0,126787379398.0
2019-02-08,Z304JMY0,ST4000DM000,4000787030016,0,117,155846896,91.0,0.0,100.0,17.0,100.0,0.0,87.0,565048875.0,67,29260,100.0,0.0,100,17,100.0,0.0,100.0,0.0,100.0,0.0,100.0,0.0,100.0,0.0,71.0,29.0,100.0,0.0,100,0,96.0,8005.0,29,29,100.0,0.0,100.0,0.0,200.0,0.0,100.0,29160.0,100.0,50292883768.0,100.0,126892058500.0
2019-02-09,Z304JMY0,ST4000DM000,4000787030016,0,115.0,85900000.0,91.0,0.0,100.0,17.0,100.0,0.0,87.0,565683135.0,67.0,29284.0,100.0,0.0,100.0,17.0,100.0,0.0,100.0,0.0,100.0,0.0,100.0,0.0,100.0,0.0,72.0,28.0,100.0,0.0,100.0,0.0,96.0,8005.0,28.0,28.0,100.0,0.0,100.0,0.0,200.0,0.0,100.0,29184.0,100.0,50317545544.0,100.0,126939779909.0
2019-02-10,Z304JMY0,ST4000DM000,4000787030016,0,116,102617888,91.0,0.0,100.0,17.0,100.0,0.0,87.0,567247246.0,67,29307,100.0,0.0,100,17,100.0,0.0,100.0,0.0,100.0,0.0,100.0,0.0,100.0,0.0,71.0,29.0,100.0,0.0,100,0,96.0,8005.0,29,29,100.0,0.0,100.0,0.0,200.0,0.0,100.0,29208.0,100.0,50340464600.0,100.0,127056888470.0
2019-02-11,Z304JMY0,ST4000DM000,4000787030016,0,119,206157952,91.0,0.0,100.0,17.0,100.0,0.0,87.0,568374252.0,67,29331,100.0,0.0,100,17,100.0,0.0,100.0,0.0,100.0,0.0,100.0,0.0,100.0,0.0,71.0,29.0,100.0,0.0,100,0,96.0,8005.0,29,29,100.0,0.0,100.0,0.0,200.0,0.0,100.0,29232.0,100.0,50359840952.0,100.0,127110319765.0
2019-02-12,Z304JMY0,ST4000DM000,4000787030016,0,115.0,91525648.0,91.0,0.0,100.0,17.0,100.0,0.0,87.0,569619117.0,67.0,29355.0,100.0,0.0,100.0,17.0,100.0,0.0,100.0,0.0,100.0,0.0,100.0,0.0,100.0,0.0,70.0,30.0,100.0,0.0,100.0,0.0,96.0,8005.0,30.0,30.0,100.0,0.0,100.0,0.0,200.0,0.0,100.0,29256.0,100.0,50378041648.0,100.0,127259664514.0
2019-02-13,Z304JMY0,ST4000DM000,4000787030016,0,119,223632312,91.0,0.0,100.0,17.0,100.0,0.0,87.0,571504762.0,67,29379,100.0,0.0,100,17,100.0,0.0,100.0,0.0,100.0,0.0,100.0,0.0,100.0,0.0,72.0,28.0,100.0,0.0,100,0,96.0,8005.0,28,28,100.0,0.0,100.0,0.0,200.0,0.0,100.0,29280.0,100.0,50396860808.0,100.0,127351429583.0
2019-02-14,Z304JMY0,ST4000DM000,4000787030016,0,112,44972936,91.0,0.0,100.0,17.0,100.0,0.0,87.0,572452497.0,67,29403,100.0,0.0,100,17,100.0,0.0,100.0,0.0,100.0,0.0,100.0,0.0,100.0,0.0,71.0,29.0,100.0,0.0,100,0,96.0,8005.0,29,29,100.0,0.0,100.0,0.0,200.0,0.0,100.0,29304.0,100.0,50412675032.0,100.0,127451708732.0
2019-02-15,Z304JMY0,ST4000DM000,4000787030016,0,119.0,231166680.0,91.0,0.0,100.0,17.0,100.0,0.0,87.0,573426293.0,67.0,29427.0,100.0,0.0,100.0,17.0,100.0,0.0,100.0,0.0,100.0,0.0,100.0,0.0,100.0,0.0,72.0,28.0,100.0,0.0,100.0,0.0,96.0,8005.0,28.0,28.0,100.0,0.0,100.0,0.0,200.0,0.0,100.0,29328.0,100.0,50431063544.0,100.0,127555767512.0
2019-02-16,Z304JMY0,ST4000DM000,4000787030016,0,114.0,73570048.0,91.0,0.0,100.0,17.0,100.0,0.0,87.0,574266095.0,67.0,29451.0,100.0,0.0,100.0,17.0,100.0,0.0,100.0,0.0,100.0,0.0,100.0,0.0,100.0,0.0,72.0,28.0,100.0,0.0,100.0,0.0,96.0,8005.0,28.0,28.0,100.0,0.0,100.0,0.0,200.0,0.0,100.0,29351.0,100.0,50449490704.0,100.0,127630810982.0
2019-02-17,Z304JMY0,ST4000DM000,4000787030016,0,114,73601728,91.0,0.0,100.0,17.0,100.0,0.0,87.0,575575419.0,67,29475,100.0,0.0,100,17,100.0,0.0,100.0,0.0,100.0,0.0,100.0,0.0,100.0,0.0,71.0,29.0,100.0,0.0,100,0,96.0,8005.0,29,29,100.0,0.0,100.0,0.0,200.0,0.0,100.0,29375.0,100.0,50476493128.0,100.0,127721518600.0
2019-02-18,Z304JMY0,ST4000DM000,4000787030016,0,113,58489032,91.0,0.0,100.0,17.0,100.0,0.0,87.0,577515100.0,67,29499,100.0,0.0,100,17,100.0,0.0,100.0,0.0,100.0,0.0,100.0,0.0,100.0,0.0,71.0,29.0,100.0,0.0,100,0,96.0,8005.0,29,29,100.0,0.0,100.0,0.0,200.0,0.0,100.0,29399.0,100.0,50513947952.0,100.0,127849260533.0
2019-02-19,Z304JMY0,ST4000DM000,4000787030016,0,119,226860744,91.0,0.0,100.0,17.0,100.0,0.0,87.0,578329508.0,67,29523,100.0,0.0,100,17,100.0,0.0,100.0,0.0,100.0,0.0,100.0,0.0,100.0,0.0,71.0,29.0,100.0,0.0,100,0,96.0,8005.0,29,29,100.0,0.0,100.0,0.0,200.0,0.0,100.0,29423.0,100.0,50535062064.0,100.0,127924226496.0
2019-02-20,Z304JMY0,ST4000DM000,4000787030016,0,115.0,98035880.0,91.0,0.0,100.0,17.0,100.0,0.0,87.0,581670332.0,67.0,29546.0,100.0,0.0,100.0,17.0,100.0,0.0,100.0,0.0,100.0,0.0,100.0,0.0,100.0,0.0,70.0,30.0,100.0,0.0,100.0,0.0,96.0,8005.0,30.0,30.0,100.0,0.0,100.0,0.0,200.0,0.0,100.0,29447.0,100.0,50557838144.0,100.0,128043049572.0
2019-02-21,Z304JMY0,ST4000DM000,4000787030016,0,119,223403800,91.0,0.0,100.0,17.0,100.0,0.0,87.0,582269143.0,67,29558,100.0,0.0,100,17,100.0,0.0,100.0,0.0,100.0,0.0,100.0,0.0,100.0,0.0,72.0,28.0,100.0,0.0,100,0,96.0,8005.0,28,28,100.0,0.0,100.0,0.0,200.0,0.0,100.0,29459.0,100.0,50566312336.0,100.0,128108800074.0
2019-02-22,Z304JMY0,ST4000DM000,4000787030016,0,116,115526200,91.0,0.0,100.0,17.0,100.0,0.0,87.0,583318474.0,67,29582,100.0,0.0,100,17,100.0,0.0,100.0,0.0,100.0,0.0,100.0,0.0,100.0,0.0,72.0,28.0,100.0,0.0,100,0,96.0,8005.0,28,28,100.0,0.0,100.0,0.0,200.0,0.0,100.0,29483.0,100.0,50578033904.0,100.0,128237622766.0
2019-02-23,Z304JMY0,ST4000DM000,4000787030016,0,119.0,206342248.0,91.0,0.0,100.0,17.0,100.0,0.0,87.0,584336232.0,67.0,29606.0,100.0,0.0,100.0,17.0,100.0,0.0,100.0,0.0,100.0,0.0,100.0,0.0,100.0,0.0,71.0,29.0,100.0,0.0,100.0,0.0,96.0,8005.0,29.0,29.0,100.0,0.0,100.0,0.0,200.0,0.0,100.0,29507.0,100.0,50587150424.0,100.0,128375003956.0
2019-02-24,Z304JMY0,ST4000DM000,4000787030016,0,117,167089344,91.0,0.0,100.0,17.0,100.0,0.0,87.0,584943707.0,67,29630,100.0,0.0,100,17,100.0,0.0,100.0,0.0,100.0,0.0,100.0,0.0,100.0,0.0,73.0,27.0,100.0,0.0,100,0,96.0,8005.0,27,27,100.0,0.0,100.0,0.0,200.0,0.0,100.0,29531.0,100.0,50597878064.0,100.0,128428741617.0
2019-02-25,Z304JMY0,ST4000DM000,4000787030016,0,120,673008,91.0,0.0,100.0,17.0,100.0,0.0,87.0,586677969.0,67,29654,100.0,0.0,100,17,100.0,0.0,100.0,0.0,100.0,0.0,100.0,0.0,100.0,0.0,72.0,28.0,100.0,0.0,100,0,96.0,8005.0,28,28,100.0,0.0,100.0,0.0,200.0,0.0,100.0,29555.0,100.0,50609887248.0,100.0,128508680230.0
2019-02-26,Z304JMY0,ST4000DM000,4000787030016,0,103,6126792,91.0,0.0,100.0,17.0,100.0,0.0,87.0,587399447.0,67,29678,100.0,0.0,100,17,100.0,0.0,100.0,0.0,100.0,0.0,100.0,0.0,100.0,0.0,72.0,28.0,100.0,0.0,100,0,96.0,8005.0,28,28,100.0,0.0,100.0,0.0,200.0,0.0,100.0,29578.0,100.0,50624768840.0,100.0,128582752210.0
2019-02-27,Z304JMY0,ST4000DM000,4000787030016,0,114.0,72659648.0,91.0,0.0,100.0,17.0,100.0,0.0,87.0,588746885.0,67.0,29702.0,100.0,0.0,100.0,17.0,100.0,0.0,100.0,0.0,100.0,0.0,100.0,0.0,100.0,0.0,72.0,28.0,100.0,0.0,100.0,0.0,96.0,8005.0,28.0,28.0,100.0,0.0,100.0,0.0,200.0,0.0,100.0,29602.0,100.0,50637824056.0,100.0,128668075975.0
2019-02-28,Z304JMY0,ST4000DM000,4000787030016,0,113,53121792,91.0,0.0,100.0,17.0,100.0,0.0,87.0,591287432.0,67,29738,100.0,0.0,100,17,100.0,0.0,100.0,0.0,100.0,0.0,100.0,0.0,100.0,0.0,73.0,27.0,100.0,0.0,100,0,96.0,8005.0,27,27,100.0,0.0,100.0,0.0,200.0,0.0,100.0,29638.0,100.0,50658416352.0,100.0,128859754127.0
2019-03-01,Z304JMY0,ST4000DM000,4000787030016,0,118.0,178730352.0,91.0,0.0,100.0,17.0,100.0,0.0,87.0,592823949.0,67.0,29761.0,100.0,0.0,100.0,17.0,100.0,0.0,100.0,0.0,100.0,0.0,100.0,0.0,100.0,0.0,73.0,27.0,100.0,0.0,100.0,0.0,96.0,8005.0,27.0,27.0,100.0,0.0,100.0,0.0,200.0,0.0,100.0,29662.0,100.0,50710203960.0,100.0,128982151646.0
2019-03-02,Z304JMY0,ST4000DM000,4000787030016,0,108.0,15854376.0,91.0,0.0,100.0,17.0,100.0,0.0,87.0,594321363.0,66.0,29785.0,100.0,0.0,100.0,17.0,100.0,0.0,100.0,0.0,100.0,0.0,100.0,0.0,100.0,0.0,73.0,27.0,100.0,0.0,100.0,0.0,96.0,8005.0,27.0,27.0,100.0,0.0,100.0,0.0,200.0,0.0,100.0,29686.0,100.0,50720125576.0,100.0,129109029787.0
2019-03-03,Z304JMY0,ST4000DM000,4000787030016,0,120.0,236518880.0,91.0,0.0,100.0,17.0,100.0,0.0,87.0,595041142.0,66.0,29809.0,100.0,0.0,100.0,17.0,100.0,0.0,100.0,0.0,100.0,0.0,100.0,0.0,100.0,0.0,72.0,28.0,100.0,0.0,100.0,0.0,96.0,8005.0,28.0,28.0,100.0,0.0,100.0,0.0,200.0,0.0,100.0,29709.0,100.0,50727334296.0,100.0,129216764024.0
2019-03-04,Z304JMY0,ST4000DM000,4000787030016,0,117,125184744,91.0,0.0,100.0,17.0,100.0,0.0,87.0,597091805.0,66,29833,100.0,0.0,100,17,100.0,0.0,100.0,0.0,100.0,0.0,100.0,0.0,100.0,0.0,74.0,26.0,100.0,0.0,100,0,96.0,8005.0,26,26,100.0,0.0,100.0,0.0,200.0,0.0,100.0,29733.0,100.0,50744590576.0,100.0,129380510658.0
2019-03-05,Z304JMY0,ST4000DM000,4000787030016,0,111.0,33379752.0,91.0,0.0,100.0,17.0,100.0,0.0,87.0,598006000.0,66.0,29857.0,100.0,0.0,100.0,17.0,100.0,0.0,100.0,0.0,100.0,0.0,100.0,0.0,100.0,0.0,74.0,26.0,100.0,0.0,100.0,0.0,96.0,8005.0,26.0,26.0,100.0,0.0,100.0,0.0,200.0,0.0,100.0,29757.0,100.0,50763553312.0,100.0,129505169265.0
2019-03-06,Z304JMY0,ST4000DM000,4000787030016,0,114.0,61713776.0,91.0,0.0,100.0,17.0,100.0,0.0,87.0,600060479.0,66.0,29880.0,100.0,0.0,100.0,17.0,100.0,0.0,100.0,0.0,100.0,0.0,100.0,0.0,100.0,0.0,71.0,29.0,100.0,0.0,100.0,0.0,96.0,8005.0,29.0,29.0,100.0,0.0,100.0,0.0,200.0,0.0,100.0,29781.0,100.0,50785558672.0,100.0,129650101187.0
2019-03-07,Z304JMY0,ST4000DM000,4000787030016,0,117.0,153644488.0,91.0,0.0,100.0,17.0,100.0,0.0,87.0,600836267.0,66.0,29904.0,100.0,0.0,100.0,17.0,100.0,0.0,100.0,0.0,100.0,0.0,100.0,0.0,100.0,0.0,73.0,27.0,100.0,0.0,100.0,0.0,96.0,8005.0,27.0,27.0,100.0,0.0,100.0,0.0,200.0,0.0,100.0,29805.0,100.0,50798930056.0,100.0,129766037438.0
2019-03-08,Z304JMY0,ST4000DM000,4000787030016,0,119.0,211318904.0,91.0,0.0,100.0,17.0,100.0,0.0,87.0,601679669.0,66.0,29928.0,100.0,0.0,100.0,17.0,100.0,0.0,100.0,0.0,100.0,0.0,100.0,0.0,100.0,0.0,73.0,27.0,100.0,0.0,100.0,0.0,96.0,8005.0,27.0,27.0,100.0,0.0,100.0,0.0,200.0,0.0,100.0,29829.0,100.0,50807417040.0,100.0,129899917198.0
2019-03-09,Z304JMY0,ST4000DM000,4000787030016,0,117.0,129405808.0,91.0,0.0,100.0,17.0,100.0,0.0,87.0,604189843.0,66.0,29952.0,100.0,0.0,100.0,17.0,100.0,0.0,100.0,0.0,100.0,0.0,100.0,0.0,100.0,0.0,71.0,29.0,100.0,0.0,100.0,0.0,96.0,8005.0,29.0,29.0,100.0,0.0,100.0,0.0,200.0,0.0,100.0,29853.0,100.0,50828738160.0,100.0,130045111527.0
2019-03-10,Z304JMY0,ST4000DM000,4000787030016,0,117.0,128759560.0,91.0,0.0,100.0,17.0,100.0,0.0,87.0,605254972.0,66.0,29976.0,100.0,0.0,100.0,17.0,100.0,0.0,100.0,0.0,100.0,0.0,100.0,0.0,100.0,0.0,71.0,29.0,100.0,0.0,100.0,0.0,96.0,8005.0,29.0,29.0,100.0,0.0,100.0,0.0,200.0,0.0,100.0,29876.0,100.0,50840415520.0,100.0,130181266927.0
2019-03-11,Z304JMY0,ST4000DM000,4000787030016,0,118.0,175969840.0,91.0,0.0,100.0,17.0,100.0,0.0,87.0,607629013.0,66.0,30000.0,100.0,0.0,100.0,17.0,100.0,0.0,100.0,0.0,100.0,0.0,100.0,0.0,100.0,0.0,72.0,28.0,100.0,0.0,100.0,0.0,96.0,8005.0,28.0,28.0,100.0,0.0,100.0,0.0,200.0,0.0,100.0,29900.0,100.0,50878440968.0,100.0,130338517314.0
2019-03-12,Z304JMY0,ST4000DM000,4000787030016,0,114.0,81027016.0,91.0,0.0,100.0,17.0,100.0,0.0,87.0,608564191.0,66.0,30024.0,100.0,0.0,100.0,17.0,100.0,0.0,100.0,0.0,100.0,0.0,100.0,0.0,100.0,0.0,73.0,27.0,100.0,0.0,100.0,0.0,96.0,8005.0,27.0,27.0,100.0,0.0,100.0,0.0,200.0,0.0,100.0,29924.0,100.0,50897728032.0,100.0,130453442681.0
2019-03-13,Z304JMY0,ST4000DM000,4000787030016,0,115.0,87697808.0,91.0,0.0,100.0,17.0,100.0,0.0,87.0,610393149.0,66.0,30047.0,100.0,0.0,100.0,17.0,100.0,0.0,100.0,0.0,100.0,0.0,100.0,0.0,100.0,0.0,74.0,26.0,100.0,0.0,100.0,0.0,96.0,8005.0,26.0,26.0,100.0,0.0,100.0,0.0,200.0,0.0,100.0,29948.0,100.0,50922506720.0,100.0,130532675017.0
2019-03-14,Z304JMY0,ST4000DM000,4000787030016,0,118.0,171082400.0,91.0,0.0,100.0,17.0,100.0,0.0,87.0,611596109.0,66.0,30071.0,100.0,0.0,100.0,17.0,100.0,0.0,100.0,0.0,100.0,0.0,100.0,0.0,100.0,0.0,74.0,26.0,100.0,0.0,100.0,0.0,96.0,8005.0,26.0,26.0,100.0,0.0,100.0,0.0,200.0,0.0,100.0,29972.0,100.0,50946859928.0,100.0,130709596393.0
2019-03-15,Z304JMY0,ST4000DM000,4000787030016,0,120.0,242197632.0,91.0,0.0,100.0,17.0,100.0,0.0,87.0,612430564.0,66.0,30095.0,100.0,0.0,100.0,17.0,100.0,0.0,100.0,0.0,100.0,0.0,100.0,0.0,100.0,0.0,74.0,26.0,100.0,0.0,100.0,0.0,96.0,8005.0,26.0,26.0,100.0,0.0,100.0,0.0,200.0,0.0,100.0,29996.0,100.0,50959215888.0,100.0,130816239295.0
2019-03-16,Z304JMY0,ST4000DM000,4000787030016,0,111.0,36900192.0,91.0,0.0,100.0,17.0,100.0,0.0,87.0,613140388.0,66.0,30119.0,100.0,0.0,100.0,17.0,100.0,0.0,100.0,0.0,100.0,0.0,100.0,0.0,100.0,0.0,74.0,26.0,100.0,0.0,100.0,0.0,96.0,8005.0,26.0,26.0,100.0,0.0,100.0,0.0,200.0,0.0,100.0,30019.0,100.0,50969686360.0,100.0,130904223296.0
2019-03-17,Z304JMY0,ST4000DM000,4000787030016,0,119.0,227676792.0,91.0,0.0,100.0,17.0,100.0,0.0,87.0,614137424.0,66.0,30143.0,100.0,0.0,100.0,17.0,100.0,0.0,100.0,0.0,100.0,0.0,100.0,0.0,100.0,0.0,74.0,26.0,100.0,0.0,100.0,0.0,96.0,8005.0,26.0,26.0,100.0,0.0,100.0,0.0,200.0,0.0,100.0,30043.0,100.0,51005644416.0,100.0,131045426597.0
2019-03-18,Z304JMY0,ST4000DM000,4000787030016,0,112.0,46754808.0,91.0,0.0,100.0,17.0,100.0,0.0,87.0,616535065.0,66.0,30167.0,100.0,0.0,100.0,17.0,100.0,0.0,100.0,0.0,100.0,0.0,100.0,0.0,100.0,0.0,74.0,26.0,100.0,0.0,100.0,0.0,96.0,8005.0,26.0,26.0,100.0,0.0,100.0,0.0,200.0,0.0,100.0,30067.0,100.0,51045698888.0,100.0,131217809488.0
2019-03-19,Z304JMY0,ST4000DM000,4000787030016,0,120.0,1420416.0,91.0,0.0,100.0,18.0,100.0,0.0,87.0,617423660.0,66.0,30191.0,100.0,0.0,100.0,18.0,100.0,0.0,100.0,0.0,100.0,0.0,100.0,0.0,100.0,0.0,76.0,24.0,100.0,0.0,100.0,0.0,96.0,8006.0,24.0,24.0,100.0,0.0,100.0,0.0,200.0,0.0,100.0,30091.0,100.0,51065104200.0,100.0,131356735713.0
2019-03-20,Z304JMY0,ST4000DM000,4000787030016,0,108.0,19638176.0,91.0,0.0,100.0,18.0,100.0,0.0,87.0,620237396.0,66.0,30214.0,100.0,0.0,100.0,18.0,100.0,0.0,100.0,0.0,100.0,0.0,100.0,0.0,100.0,0.0,75.0,25.0,100.0,0.0,100.0,0.0,96.0,8006.0,25.0,25.0,100.0,0.0,100.0,0.0,200.0,0.0,100.0,30115.0,100.0,51083582136.0,100.0,131533700556.0
2019-03-21,Z304JMY0,ST4000DM000,4000787030016,0,114.0,62555024.0,91.0,0.0,100.0,18.0,100.0,0.0,87.0,621118218.0,66.0,30238.0,100.0,0.0,100.0,18.0,100.0,0.0,100.0,0.0,100.0,0.0,100.0,0.0,100.0,0.0,75.0,25.0,100.0,0.0,100.0,0.0,96.0,8006.0,25.0,25.0,100.0,0.0,100.0,0.0,200.0,0.0,100.0,30139.0,100.0,51095406392.0,100.0,131697847662.0
2019-03-22,Z304JMY0,ST4000DM000,4000787030016,0,117.0,157581160.0,91.0,0.0,100.0,18.0,100.0,0.0,87.0,621785426.0,66.0,30262.0,100.0,0.0,100.0,18.0,100.0,0.0,100.0,0.0,100.0,0.0,100.0,0.0,100.0,0.0,75.0,25.0,100.0,0.0,100.0,0.0,96.0,8006.0,25.0,25.0,100.0,0.0,100.0,0.0,200.0,0.0,100.0,30163.0,100.0,51116826944.0,100.0,131861692675.0
2019-03-23,Z304JMY0,ST4000DM000,4000787030016,0,112.0,49393696.0,91.0,0.0,100.0,18.0,100.0,0.0,87.0,622433490.0,66.0,30286.0,100.0,0.0,100.0,18.0,100.0,0.0,100.0,0.0,100.0,0.0,100.0,0.0,100.0,0.0,75.0,25.0,100.0,0.0,100.0,0.0,96.0,8006.0,25.0,25.0,100.0,0.0,100.0,0.0,200.0,0.0,100.0,30187.0,100.0,51135375080.0,100.0,132048559628.0
2019-03-24,Z304JMY0,ST4000DM000,4000787030016,0,114.0,63482880.0,91.0,0.0,100.0,19.0,100.0,0.0,87.0,622992309.0,66.0,30310.0,100.0,0.0,100.0,19.0,100.0,0.0,100.0,0.0,100.0,0.0,100.0,0.0,100.0,0.0,73.0,27.0,100.0,0.0,100.0,0.0,96.0,8007.0,27.0,27.0,100.0,0.0,100.0,0.0,200.0,0.0,100.0,30210.0,100.0,51146995008.0,100.0,132229742538.0
2019-03-25,Z304JMY0,ST4000DM000,4000787030016,0,111.0,35398376.0,91.0,0.0,100.0,19.0,100.0,0.0,87.0,625030215.0,66.0,30334.0,100.0,0.0,100.0,19.0,100.0,0.0,100.0,0.0,100.0,0.0,100.0,0.0,100.0,0.0,73.0,27.0,100.0,0.0,100.0,0.0,96.0,8007.0,27.0,27.0,100.0,0.0,100.0,0.0,200.0,0.0,100.0,30234.0,100.0,51175135560.0,100.0,132402324546.0
2019-03-26,Z304JMY0,ST4000DM000,4000787030016,0,116.0,112390576.0,91.0,0.0,100.0,19.0,100.0,0.0,87.0,626067788.0,66.0,30358.0,100.0,0.0,100.0,19.0,100.0,0.0,100.0,0.0,100.0,0.0,100.0,0.0,100.0,0.0,73.0,27.0,100.0,0.0,100.0,0.0,96.0,8007.0,27.0,27.0,100.0,0.0,100.0,0.0,200.0,0.0,100.0,30258.0,100.0,51188904936.0,100.0,132565994711.0
2019-03-27,Z304JMY0,ST4000DM000,4000787030016,0,119.0,212229680.0,91.0,0.0,100.0,19.0,100.0,0.0,87.0,628092155.0,66.0,30382.0,100.0,0.0,100.0,19.0,100.0,0.0,100.0,0.0,100.0,0.0,100.0,0.0,100.0,0.0,73.0,27.0,100.0,0.0,100.0,0.0,96.0,8007.0,27.0,27.0,100.0,0.0,100.0,0.0,200.0,0.0,100.0,30282.0,100.0,51207682200.0,100.0,132701616060.0
2019-03-28,Z304JMY0,ST4000DM000,4000787030016,0,119.0,201409592.0,91.0,0.0,100.0,19.0,100.0,0.0,87.0,628950304.0,66.0,30405.0,100.0,0.0,100.0,19.0,100.0,0.0,100.0,0.0,100.0,0.0,100.0,0.0,100.0,0.0,73.0,27.0,100.0,0.0,100.0,0.0,96.0,8007.0,27.0,27.0,100.0,0.0,100.0,0.0,200.0,0.0,100.0,30306.0,100.0,51220226456.0,100.0,132845514298.0
2019-03-29,Z304JMY0,ST4000DM000,4000787030016,0,116.0,112895968.0,91.0,0.0,100.0,19.0,100.0,0.0,87.0,630125286.0,66.0,30429.0,100.0,0.0,100.0,19.0,100.0,0.0,100.0,0.0,100.0,0.0,100.0,0.0,100.0,0.0,72.0,28.0,100.0,0.0,100.0,0.0,96.0,8007.0,28.0,28.0,100.0,0.0,100.0,0.0,200.0,0.0,100.0,30330.0,100.0,51231369088.0,100.0,133021086503.0
2019-03-30,Z304JMY0,ST4000DM000,4000787030016,0,113.0,51053400.0,91.0,0.0,100.0,19.0,100.0,0.0,87.0,631840599.0,66.0,30453.0,100.0,0.0,100.0,19.0,100.0,0.0,100.0,0.0,100.0,0.0,100.0,0.0,100.0,0.0,72.0,28.0,100.0,0.0,100.0,0.0,96.0,8007.0,28.0,28.0,100.0,0.0,100.0,0.0,200.0,0.0,100.0,30353.0,100.0,51243406656.0,100.0,133203199982.0
2019-03-31,Z304JMY0,ST4000DM000,4000787030016,0,119.0,217382240.0,91.0,0.0,100.0,19.0,100.0,0.0,87.0,633554599.0,66.0,30477.0,100.0,0.0,100.0,19.0,100.0,0.0,100.0,0.0,100.0,0.0,100.0,0.0,100.0,0.0,72.0,28.0,100.0,0.0,100.0,0.0,96.0,8007.0,28.0,28.0,100.0,0.0,100.0,0.0,200.0,0.0,100.0,30377.0,100.0,51255549376.0,100.0,133388444927.0
2019-04-01,Z304JMY0,ST4000DM000,4000787030016,0,113.0,58420216.0,91.0,0.0,100.0,19.0,100.0,0.0,87.0,636548405.0,66.0,30501.0,100.0,0.0,100.0,19.0,100.0,0.0,100.0,0.0,100.0,0.0,100.0,0.0,100.0,0.0,74.0,26.0,100.0,0.0,100.0,0.0,96.0,8007.0,26.0,26.0,100.0,0.0,100.0,0.0,200.0,0.0,100.0,30401.0,100.0,51274765704.0,100.0,133557432304.0
2019-04-02,Z304JMY0,ST4000DM000,4000787030016,0,115.0,90504472.0,91.0,0.0,100.0,19.0,100.0,0.0,87.0,638368024.0,66.0,30525.0,100.0,0.0,100.0,19.0,100.0,0.0,100.0,0.0,100.0,0.0,100.0,0.0,100.0,0.0,73.0,27.0,100.0,0.0,100.0,0.0,96.0,8007.0,27.0,27.0,100.0,0.0,100.0,0.0,200.0,0.0,100.0,30425.0,100.0,51285980144.0,100.0,133830608685.0
2019-04-03,Z304JMY0,ST4000DM000,4000787030016,0,117.0,161244296.0,91.0,0.0,100.0,19.0,100.0,0.0,87.0,643277371.0,66.0,30549.0,100.0,0.0,100.0,19.0,100.0,0.0,100.0,0.0,100.0,0.0,100.0,0.0,100.0,0.0,72.0,28.0,100.0,0.0,100.0,0.0,96.0,8007.0,28.0,28.0,100.0,0.0,100.0,0.0,200.0,0.0,100.0,30449.0,100.0,51296384136.0,100.0,134325416275.0
2019-04-04,Z304JMY0,ST4000DM000,4000787030016,0,117.0,152382528.0,91.0,0.0,100.0,19.0,100.0,0.0,87.0,648725482.0,66.0,30573.0,100.0,0.0,100.0,19.0,100.0,0.0,100.0,0.0,100.0,0.0,100.0,0.0,100.0,0.0,73.0,27.0,100.0,0.0,100.0,0.0,96.0,8007.0,27.0,27.0,100.0,0.0,100.0,0.0,200.0,0.0,100.0,30473.0,100.0,51306980768.0,100.0,134812335346.0
2019-04-05,Z304JMY0,ST4000DM000,4000787030016,0,114.0,76054664.0,91.0,0.0,100.0,19.0,100.0,0.0,87.0,653956014.0,66.0,30597.0,100.0,0.0,100.0,19.0,100.0,0.0,100.0,0.0,100.0,0.0,100.0,0.0,100.0,0.0,74.0,26.0,100.0,0.0,100.0,0.0,96.0,8007.0,26.0,26.0,100.0,0.0,100.0,0.0,200.0,0.0,100.0,30497.0,100.0,51314782736.0,100.0,135516174123.0
2019-04-06,Z304JMY0,ST4000DM000,4000787030016,0,119.0,207719728.0,91.0,0.0,100.0,19.0,100.0,0.0,87.0,658958811.0,66.0,30621.0,100.0,0.0,100.0,19.0,100.0,0.0,100.0,0.0,100.0,0.0,100.0,0.0,100.0,0.0,74.0,26.0,100.0,0.0,100.0,0.0,96.0,8007.0,26.0,26.0,100.0,0.0,100.0,0.0,200.0,0.0,100.0,30521.0,100.0,51321878472.0,100.0,136385819681.0
2019-04-07,Z304JMY0,ST4000DM000,4000787030016,0,114.0,62686344.0,91.0,0.0,100.0,19.0,100.0,0.0,87.0,664304319.0,66.0,30645.0,100.0,0.0,100.0,19.0,100.0,0.0,100.0,0.0,100.0,0.0,100.0,0.0,100.0,0.0,73.0,27.0,100.0,0.0,100.0,0.0,96.0,8007.0,27.0,27.0,100.0,0.0,100.0,0.0,200.0,0.0,100.0,30545.0,100.0,51332011688.0,100.0,137543431293.0
2019-04-08,Z304JMY0,ST4000DM000,4000787030016,0,115.0,100199464.0,91.0,0.0,100.0,19.0,100.0,0.0,87.0,669838145.0,65.0,30669.0,100.0,0.0,100.0,19.0,100.0,0.0,100.0,0.0,100.0,0.0,100.0,0.0,100.0,0.0,73.0,27.0,100.0,0.0,100.0,0.0,96.0,8007.0,27.0,27.0,100.0,0.0,100.0,0.0,200.0,0.0,100.0,30569.0,100.0,51339035736.0,100.0,138168701887.0
2019-04-09,Z304JMY0,ST4000DM000,4000787030016,0,118.0,200713376.0,91.0,0.0,100.0,19.0,100.0,0.0,88.0,675637750.0,65.0,30693.0,100.0,0.0,100.0,19.0,100.0,0.0,100.0,0.0,100.0,0.0,100.0,0.0,100.0,0.0,74.0,26.0,100.0,0.0,100.0,0.0,96.0,8007.0,26.0,26.0,100.0,0.0,100.0,0.0,200.0,0.0,100.0,30593.0,100.0,51349651472.0,100.0,138845745121.0
2019-04-10,Z304JMY0,ST4000DM000,4000787030016,0,117.0,139473216.0,91.0,0.0,100.0,19.0,100.0,0.0,88.0,681060133.0,65.0,30717.0,100.0,0.0,100.0,19.0,100.0,0.0,100.0,0.0,100.0,0.0,100.0,0.0,100.0,0.0,75.0,25.0,100.0,0.0,100.0,0.0,96.0,8007.0,25.0,25.0,100.0,0.0,100.0,0.0,200.0,0.0,100.0,30617.0,100.0,51355222216.0,100.0,139444765993.0
2019-04-11,Z304JMY0,ST4000DM000,4000787030016,0,115.0,85580512.0,91.0,0.0,100.0,19.0,100.0,0.0,88.0,686441328.0,65.0,30741.0,100.0,0.0,100.0,19.0,100.0,0.0,100.0,0.0,100.0,0.0,100.0,0.0,100.0,0.0,76.0,24.0,100.0,0.0,100.0,0.0,96.0,8007.0,24.0,24.0,100.0,0.0,100.0,0.0,200.0,0.0,100.0,30641.0,100.0,51360863576.0,100.0,139981752272.0
2019-04-12,Z304JMY0,ST4000DM000,4000787030016,0,113.0,56692696.0,91.0,0.0,100.0,19.0,100.0,0.0,88.0,692232710.0,65.0,30765.0,100.0,0.0,100.0,19.0,100.0,0.0,100.0,0.0,100.0,0.0,100.0,0.0,100.0,0.0,75.0,25.0,100.0,0.0,100.0,0.0,96.0,8007.0,25.0,25.0,100.0,0.0,100.0,0.0,200.0,0.0,100.0,30665.0,100.0,51367835624.0,100.0,140523787980.0
2019-04-13,Z304JMY0,ST4000DM000,4000787030016,0,106.0,12476224.0,91.0,0.0,100.0,19.0,100.0,0.0,88.0,698124111.0,65.0,30789.0,100.0,0.0,100.0,19.0,100.0,0.0,100.0,0.0,100.0,0.0,100.0,0.0,100.0,0.0,75.0,25.0,100.0,0.0,100.0,0.0,96.0,8007.0,25.0,25.0,100.0,0.0,100.0,0.0,200.0,0.0,100.0,30689.0,100.0,51374928648.0,100.0,141235673584.0
2019-04-14,Z304JMY0,ST4000DM000,4000787030016,0,117.0,138929936.0,91.0,0.0,100.0,19.0,100.0,0.0,88.0,704471265.0,65.0,30813.0,100.0,0.0,100.0,19.0,100.0,0.0,100.0,0.0,100.0,0.0,100.0,0.0,100.0,0.0,75.0,25.0,100.0,0.0,100.0,0.0,96.0,8007.0,25.0,25.0,100.0,0.0,100.0,0.0,200.0,0.0,100.0,30713.0,100.0,51390169920.0,100.0,141832425243.0
2019-04-15,Z304JMY0,ST4000DM000,4000787030016,0,111.0,30412544.0,91.0,0.0,100.0,19.0,100.0,0.0,88.0,709697624.0,65.0,30837.0,100.0,0.0,100.0,19.0,100.0,0.0,100.0,0.0,100.0,0.0,100.0,0.0,100.0,0.0,75.0,25.0,100.0,0.0,100.0,0.0,96.0,8007.0,25.0,25.0,100.0,0.0,100.0,0.0,200.0,0.0,100.0,30737.0,100.0,51398666168.0,100.0,142355416643.0
2019-04-16,Z304JMY0,ST4000DM000,4000787030016,0,119.0,207381344.0,91.0,0.0,100.0,19.0,100.0,0.0,88.0,711578356.0,65.0,30861.0,100.0,0.0,100.0,19.0,100.0,0.0,100.0,0.0,100.0,0.0,100.0,0.0,100.0,0.0,76.0,24.0,100.0,0.0,100.0,0.0,96.0,8007.0,24.0,24.0,100.0,0.0,100.0,0.0,200.0,0.0,100.0,30761.0,100.0,51418369960.0,100.0,142503289485.0
2019-04-17,Z304JMY0,ST4000DM000,4000787030016,0,115.0,99632072.0,91.0,0.0,100.0,19.0,100.0,0.0,88.0,713117642.0,65.0,30884.0,100.0,0.0,100.0,19.0,100.0,0.0,100.0,0.0,100.0,0.0,100.0,0.0,100.0,0.0,77.0,23.0,100.0,0.0,100.0,0.0,96.0,8007.0,23.0,23.0,100.0,0.0,100.0,0.0,200.0,0.0,100.0,30785.0,100.0,51444412608.0,100.0,142544697500.0
2019-04-18,Z304JMY0,ST4000DM000,4000787030016,0,115.0,94233616.0,91.0,0.0,100.0,19.0,100.0,0.0,88.0,713482478.0,65.0,30908.0,100.0,0.0,100.0,19.0,100.0,0.0,100.0,0.0,100.0,0.0,100.0,0.0,100.0,0.0,76.0,24.0,100.0,0.0,100.0,0.0,96.0,8007.0,24.0,24.0,100.0,0.0,100.0,0.0,200.0,0.0,100.0,30809.0,100.0,51469821544.0,100.0,142580100106.0
2019-04-19,Z304JMY0,ST4000DM000,4000787030016,0,112.0,47508056.0,91.0,0.0,100.0,19.0,100.0,0.0,88.0,714316700.0,65.0,30932.0,100.0,0.0,100.0,19.0,100.0,0.0,100.0,0.0,100.0,0.0,100.0,0.0,100.0,0.0,76.0,24.0,100.0,0.0,100.0,0.0,96.0,8007.0,24.0,24.0,100.0,0.0,100.0,0.0,200.0,0.0,100.0,30833.0,100.0,51486494624.0,100.0,142686398865.0
2019-04-20,Z304JMY0,ST4000DM000,4000787030016,0,114.0,69078920.0,91.0,0.0,100.0,19.0,100.0,0.0,88.0,714899246.0,65.0,30956.0,100.0,0.0,100.0,19.0,100.0,0.0,100.0,0.0,100.0,0.0,100.0,0.0,100.0,0.0,76.0,24.0,100.0,0.0,100.0,0.0,96.0,8007.0,24.0,24.0,100.0,0.0,100.0,0.0,200.0,0.0,100.0,30857.0,100.0,51509394904.0,100.0,142739139616.0
2019-04-21,Z304JMY0,ST4000DM000,4000787030016,0,109.0,21134440.0,91.0,0.0,100.0,19.0,100.0,0.0,88.0,716029273.0,65.0,30980.0,100.0,0.0,100.0,19.0,100.0,0.0,100.0,0.0,100.0,0.0,100.0,0.0,100.0,0.0,76.0,24.0,100.0,0.0,100.0,0.0,96.0,8007.0,24.0,24.0,100.0,0.0,100.0,0.0,200.0,0.0,100.0,30881.0,100.0,51524964032.0,100.0,142872025713.0
2019-04-22,Z304JMY0,ST4000DM000,4000787030016,0,114.0,76867720.0,91.0,0.0,100.0,19.0,100.0,0.0,88.0,717927050.0,65.0,31004.0,100.0,0.0,100.0,19.0,100.0,0.0,100.0,0.0,100.0,0.0,100.0,0.0,100.0,0.0,76.0,24.0,100.0,0.0,100.0,0.0,96.0,8007.0,24.0,24.0,100.0,0.0,100.0,0.0,200.0,0.0,100.0,30905.0,100.0,51545733472.0,100.0,142952958269.0
2019-04-23,Z304JMY0,ST4000DM000,4000787030016,0,113.0,53271448.0,91.0,0.0,100.0,19.0,100.0,0.0,88.0,719114822.0,65.0,31029.0,100.0,0.0,100.0,19.0,100.0,0.0,100.0,0.0,100.0,0.0,100.0,0.0,100.0,0.0,76.0,24.0,100.0,0.0,100.0,0.0,96.0,8007.0,24.0,24.0,100.0,0.0,100.0,0.0,200.0,0.0,100.0,30929.0,100.0,51572964568.0,100.0,143087276685.0
2019-04-24,Z304JMY0,ST4000DM000,4000787030016,0,119.0,219072496.0,91.0,0.0,100.0,19.0,100.0,0.0,88.0,721545049.0,65.0,31053.0,100.0,0.0,100.0,19.0,100.0,0.0,100.0,0.0,100.0,0.0,100.0,0.0,100.0,0.0,76.0,24.0,100.0,0.0,100.0,0.0,96.0,8007.0,24.0,24.0,100.0,0.0,100.0,0.0,200.0,0.0,100.0,30953.0,100.0,51590789248.0,100.0,143186213938.0
2019-04-25,Z304JMY0,ST4000DM000,4000787030016,0,119.0,206677616.0,91.0,0.0,100.0,19.0,100.0,0.0,88.0,722445874.0,65.0,31076.0,100.0,0.0,100.0,19.0,100.0,0.0,100.0,0.0,100.0,0.0,100.0,0.0,100.0,0.0,76.0,24.0,100.0,0.0,100.0,0.0,96.0,8007.0,24.0,24.0,100.0,0.0,100.0,0.0,200.0,0.0,100.0,30977.0,100.0,51606015088.0,100.0,143265268690.0
2019-04-26,Z304JMY0,ST4000DM000,4000787030016,0,119.0,218185608.0,91.0,0.0,100.0,19.0,100.0,0.0,88.0,723427336.0,65.0,31100.0,100.0,0.0,100.0,19.0,100.0,0.0,100.0,0.0,100.0,0.0,100.0,0.0,100.0,0.0,76.0,24.0,100.0,0.0,100.0,0.0,96.0,8007.0,24.0,24.0,100.0,0.0,100.0,0.0,200.0,0.0,100.0,31001.0,100.0,51630320928.0,100.0,143373582390.0
2019-04-27,Z304JMY0,ST4000DM000,4000787030016,0,118.0,174020176.0,91.0,0.0,100.0,19.0,100.0,0.0,88.0,724534335.0,65.0,31124.0,100.0,0.0,100.0,19.0,100.0,0.0,100.0,0.0,100.0,0.0,100.0,0.0,100.0,0.0,77.0,23.0,100.0,0.0,100.0,0.0,96.0,8007.0,23.0,23.0,100.0,0.0,100.0,0.0,200.0,0.0,100.0,31025.0,100.0,51655363880.0,100.0,143487160675.0
2019-04-28,Z304JMY0,ST4000DM000,4000787030016,0,118.0,196427296.0,91.0,0.0,100.0,19.0,100.0,0.0,88.0,725287703.0,65.0,31148.0,100.0,0.0,100.0,19.0,100.0,0.0,100.0,0.0,100.0,0.0,100.0,0.0,100.0,0.0,76.0,24.0,100.0,0.0,100.0,0.0,96.0,8007.0,24.0,24.0,100.0,0.0,100.0,0.0,200.0,0.0,100.0,31049.0,100.0,51665777312.0,100.0,143567661620.0
2019-04-29,Z304JMY0,ST4000DM000,4000787030016,0,117.0,143172608.0,91.0,0.0,100.0,19.0,100.0,0.0,88.0,727738755.0,65.0,31172.0,100.0,0.0,100.0,19.0,100.0,0.0,100.0,0.0,100.0,0.0,100.0,0.0,100.0,0.0,76.0,24.0,100.0,0.0,100.0,0.0,96.0,8007.0,24.0,24.0,100.0,0.0,100.0,0.0,200.0,0.0,100.0,31073.0,100.0,51689723624.0,100.0,143719870784.0
2019-04-30,Z304JMY0,ST4000DM000,4000787030016,0,102.0,4409304.0,91.0,0.0,100.0,19.0,100.0,0.0,88.0,728472793.0,65.0,31196.0,100.0,0.0,100.0,19.0,100.0,0.0,100.0,0.0,100.0,0.0,100.0,0.0,100.0,0.0,76.0,24.0,100.0,0.0,100.0,0.0,96.0,8007.0,24.0,24.0,100.0,0.0,100.0,0.0,200.0,0.0,100.0,31097.0,100.0,51718913216.0,100.0,143774613348.0
2019-05-01,Z304JMY0,ST4000DM000,4000787030016,0,112.0,45801944.0,91.0,0.0,100.0,19.0,100.0,0.0,88.0,730415430.0,65.0,31220.0,100.0,0.0,100.0,19.0,100.0,0.0,100.0,0.0,100.0,0.0,100.0,0.0,100.0,0.0,76.0,24.0,100.0,0.0,100.0,0.0,96.0,8007.0,24.0,24.0,100.0,0.0,100.0,0.0,200.0,0.0,100.0,31121.0,100.0,51741659312.0,100.0,143867163962.0
2019-05-02,Z304JMY0,ST4000DM000,4000787030016,0,117.0,151331800.0,91.0,0.0,100.0,19.0,100.0,0.0,88.0,732627144.0,65.0,31244.0,100.0,0.0,100.0,19.0,100.0,0.0,100.0,0.0,100.0,0.0,100.0,0.0,100.0,0.0,76.0,24.0,100.0,0.0,100.0,0.0,96.0,8007.0,24.0,24.0,100.0,0.0,100.0,0.0,200.0,0.0,100.0,31145.0,100.0,51758111592.0,100.0,143954522002.0
2019-05-03,Z304JMY0,ST4000DM000,4000787030016,0,108.0,16868736.0,91.0,0.0,100.0,19.0,100.0,0.0,88.0,733360777.0,65.0,31268.0,100.0,0.0,100.0,19.0,100.0,0.0,100.0,0.0,100.0,0.0,100.0,0.0,100.0,0.0,76.0,24.0,100.0,0.0,100.0,0.0,96.0,8007.0,24.0,24.0,100.0,0.0,100.0,0.0,200.0,0.0,100.0,31169.0,100.0,51771994384.0,100.0,144031354106.0
2019-05-04,Z304JMY0,ST4000DM000,4000787030016,0,118.0,181710752.0,91.0,0.0,100.0,19.0,100.0,0.0,88.0,734616772.0,65.0,31292.0,100.0,0.0,100.0,19.0,100.0,0.0,100.0,0.0,100.0,0.0,100.0,0.0,100.0,0.0,76.0,24.0,100.0,0.0,100.0,0.0,96.0,8007.0,24.0,24.0,100.0,0.0,100.0,0.0,200.0,0.0,100.0,31193.0,100.0,51784668048.0,100.0,144172851285.0
2019-05-05,Z304JMY0,ST4000DM000,4000787030016,0,117.0,153922600.0,91.0,0.0,100.0,19.0,100.0,0.0,88.0,736033216.0,65.0,31316.0,100.0,0.0,100.0,19.0,100.0,0.0,100.0,0.0,100.0,0.0,100.0,0.0,100.0,0.0,76.0,24.0,100.0,0.0,100.0,0.0,96.0,8007.0,24.0,24.0,100.0,0.0,100.0,0.0,200.0,0.0,100.0,31217.0,100.0,51794596504.0,100.0,144312030966.0
2019-05-06,Z304JMY0,ST4000DM000,4000787030016,0,114.0,71677448.0,91.0,0.0,100.0,19.0,100.0,0.0,88.0,738838830.0,65.0,31340.0,100.0,0.0,100.0,19.0,100.0,0.0,100.0,0.0,100.0,0.0,100.0,0.0,100.0,0.0,76.0,24.0,100.0,0.0,100.0,0.0,96.0,8007.0,24.0,24.0,100.0,0.0,100.0,0.0,200.0,0.0,100.0,31241.0,100.0,51813917400.0,100.0,144465449076.0
2019-05-07,Z304JMY0,ST4000DM000,4000787030016,0,118.0,172414656.0,91.0,0.0,100.0,19.0,100.0,0.0,88.0,739936345.0,65.0,31364.0,100.0,0.0,100.0,19.0,100.0,0.0,100.0,0.0,100.0,0.0,100.0,0.0,100.0,0.0,77.0,23.0,100.0,0.0,100.0,0.0,96.0,8007.0,23.0,23.0,100.0,0.0,100.0,0.0,200.0,0.0,100.0,31265.0,100.0,51824132744.0,100.0,144646169693.0
2019-05-08,Z304JMY0,ST4000DM000,4000787030016,0,118.0,181323904.0,91.0,0.0,100.0,19.0,100.0,0.0,88.0,742024175.0,65.0,31388.0,100.0,0.0,100.0,19.0,100.0,0.0,100.0,0.0,100.0,0.0,100.0,0.0,100.0,0.0,76.0,24.0,100.0,0.0,100.0,0.0,96.0,8007.0,24.0,24.0,100.0,0.0,100.0,0.0,200.0,0.0,100.0,31288.0,100.0,51859136952.0,100.0,144789054592.0
2019-05-09,Z304JMY0,ST4000DM000,4000787030016,0,102.0,4216032.0,91.0,0.0,100.0,19.0,100.0,0.0,88.0,742859500.0,65.0,31412.0,100.0,0.0,100.0,19.0,100.0,0.0,100.0,0.0,100.0,0.0,100.0,0.0,100.0,0.0,76.0,24.0,100.0,0.0,100.0,0.0,96.0,8007.0,24.0,24.0,100.0,0.0,100.0,0.0,200.0,0.0,100.0,31312.0,100.0,51873068024.0,100.0,144920876459.0
2019-05-10,Z304JMY0,ST4000DM000,4000787030016,0,114.0,78762608.0,91.0,0.0,100.0,19.0,100.0,0.0,88.0,743770645.0,65.0,31436.0,100.0,0.0,100.0,19.0,100.0,0.0,100.0,0.0,100.0,0.0,100.0,0.0,100.0,0.0,76.0,24.0,100.0,0.0,100.0,0.0,96.0,8007.0,24.0,24.0,100.0,0.0,100.0,0.0,200.0,0.0,100.0,31336.0,100.0,51880598704.0,100.0,145069709534.0
2019-05-11,Z304JMY0,ST4000DM000,4000787030016,0,119.0,202689616.0,91.0,0.0,100.0,19.0,100.0,0.0,88.0,744486307.0,65.0,31459.0,100.0,0.0,100.0,19.0,100.0,0.0,100.0,0.0,100.0,0.0,100.0,0.0,100.0,0.0,76.0,24.0,100.0,0.0,100.0,0.0,96.0,8007.0,24.0,24.0,100.0,0.0,100.0,0.0,200.0,0.0,100.0,31360.0,100.0,51888747016.0,100.0,145173498703.0
2019-05-12,Z304JMY0,ST4000DM000,4000787030016,0,118.0,179281848.0,91.0,0.0,100.0,19.0,100.0,0.0,88.0,745572435.0,65.0,31483.0,100.0,0.0,100.0,19.0,100.0,0.0,100.0,0.0,100.0,0.0,100.0,0.0,100.0,0.0,77.0,23.0,100.0,0.0,100.0,0.0,96.0,8007.0,23.0,23.0,100.0,0.0,100.0,0.0,200.0,0.0,100.0,31384.0,100.0,51911348264.0,100.0,145312880994.0
2019-05-13,Z304JMY0,ST4000DM000,4000787030016,0,119.0,231102504.0,91.0,0.0,100.0,19.0,100.0,0.0,88.0,747778157.0,65.0,31507.0,100.0,0.0,100.0,19.0,100.0,0.0,100.0,0.0,100.0,0.0,100.0,0.0,100.0,0.0,76.0,24.0,100.0,0.0,100.0,0.0,96.0,8007.0,24.0,24.0,100.0,0.0,100.0,0.0,200.0,0.0,100.0,31408.0,100.0,51933084056.0,100.0,145457367691.0
2019-05-14,Z304JMY0,ST4000DM000,4000787030016,0,114.0,73074280.0,91.0,0.0,100.0,19.0,100.0,0.0,88.0,748875560.0,65.0,31531.0,100.0,0.0,100.0,19.0,100.0,0.0,100.0,0.0,100.0,0.0,100.0,0.0,100.0,0.0,76.0,24.0,100.0,0.0,100.0,0.0,96.0,8007.0,24.0,24.0,100.0,0.0,100.0,0.0,200.0,0.0,100.0,31432.0,100.0,51947814552.0,100.0,145593012816.0
2019-05-15,Z304JMY0,ST4000DM000,4000787030016,0,115.0,95504792.0,91.0,0.0,100.0,19.0,100.0,0.0,88.0,751014906.0,64.0,31555.0,100.0,0.0,100.0,19.0,100.0,0.0,100.0,0.0,100.0,0.0,100.0,0.0,100.0,0.0,76.0,24.0,100.0,0.0,100.0,0.0,96.0,8007.0,24.0,24.0,100.0,0.0,100.0,0.0,200.0,0.0,100.0,31456.0,100.0,51979487696.0,100.0,145724174040.0
2019-05-16,Z304JMY0,ST4000DM000,4000787030016,0,115.0,89384840.0,91.0,0.0,100.0,19.0,100.0,0.0,88.0,751649274.0,64.0,31579.0,100.0,0.0,100.0,19.0,100.0,0.0,100.0,0.0,100.0,0.0,100.0,0.0,100.0,0.0,76.0,24.0,100.0,0.0,100.0,0.0,96.0,8007.0,24.0,24.0,100.0,0.0,100.0,0.0,200.0,0.0,100.0,31480.0,100.0,51989865832.0,100.0,145797938055.0
2019-05-17,Z304JMY0,ST4000DM000,4000787030016,0,118.0,170621664.0,91.0,0.0,100.0,19.0,100.0,0.0,88.0,753881544.0,64.0,31603.0,100.0,0.0,100.0,19.0,100.0,0.0,100.0,0.0,100.0,0.0,100.0,0.0,100.0,0.0,75.0,25.0,100.0,0.0,100.0,0.0,96.0,8007.0,25.0,25.0,100.0,0.0,100.0,0.0,200.0,0.0,100.0,31504.0,100.0,52005855480.0,100.0,145930315010.0
2019-05-18,Z304JMY0,ST4000DM000,4000787030016,0,114.0,68357496.0,91.0,0.0,100.0,19.0,100.0,0.0,88.0,754513829.0,64.0,31627.0,100.0,0.0,100.0,19.0,100.0,0.0,100.0,0.0,100.0,0.0,100.0,0.0,100.0,0.0,76.0,24.0,100.0,0.0,100.0,0.0,96.0,8007.0,24.0,24.0,100.0,0.0,100.0,0.0,200.0,0.0,100.0,31528.0,100.0,52013170944.0,100.0,146009431644.0
2019-05-19,Z304JMY0,ST4000DM000,4000787030016,0,114.0,72850568.0,91.0,0.0,100.0,19.0,100.0,0.0,88.0,755447472.0,64.0,31651.0,100.0,0.0,100.0,19.0,100.0,0.0,100.0,0.0,100.0,0.0,100.0,0.0,100.0,0.0,76.0,24.0,100.0,0.0,100.0,0.0,96.0,8007.0,24.0,24.0,100.0,0.0,100.0,0.0,200.0,0.0,100.0,31552.0,100.0,52024979056.0,100.0,146136405976.0
2019-05-20,Z304JMY0,ST4000DM000,4000787030016,0,112.0,44690592.0,91.0,0.0,100.0,19.0,100.0,0.0,88.0,757852102.0,64.0,31675.0,100.0,0.0,100.0,19.0,100.0,0.0,100.0,0.0,100.0,0.0,100.0,0.0,100.0,0.0,74.0,26.0,100.0,0.0,100.0,0.0,96.0,8007.0,26.0,26.0,100.0,0.0,100.0,0.0,200.0,0.0,100.0,31576.0,100.0,52039226624.0,100.0,146311399380.0
2019-05-21,Z304JMY0,ST4000DM000,4000787030016,0,117.0,124845400.0,91.0,0.0,100.0,19.0,100.0,0.0,88.0,759097258.0,64.0,31699.0,100.0,0.0,100.0,19.0,100.0,0.0,100.0,0.0,100.0,0.0,100.0,0.0,100.0,0.0,75.0,25.0,100.0,0.0,100.0,0.0,96.0,8007.0,25.0,25.0,100.0,0.0,100.0,0.0,200.0,0.0,100.0,31600.0,100.0,52056825520.0,100.0,146458352305.0
2019-05-22,Z304JMY0,ST4000DM000,4000787030016,0,119.0,209828384.0,91.0,0.0,100.0,19.0,100.0,0.0,88.0,761390103.0,64.0,31723.0,100.0,0.0,100.0,19.0,100.0,0.0,100.0,0.0,100.0,0.0,100.0,0.0,100.0,0.0,75.0,25.0,100.0,0.0,100.0,0.0,96.0,8007.0,25.0,25.0,100.0,0.0,100.0,0.0,200.0,0.0,100.0,31624.0,100.0,52081313752.0,100.0,146588991047.0
2019-05-23,Z304JMY0,ST4000DM000,4000787030016,0,110.0,26256336.0,91.0,0.0,100.0,19.0,100.0,0.0,88.0,762553197.0,64.0,31747.0,100.0,0.0,100.0,19.0,100.0,0.0,100.0,0.0,100.0,0.0,100.0,0.0,100.0,0.0,76.0,24.0,100.0,0.0,100.0,0.0,96.0,8007.0,24.0,24.0,100.0,0.0,100.0,0.0,200.0,0.0,100.0,31648.0,100.0,52101752824.0,100.0,146741227434.0
2019-05-24,Z304JMY0,ST4000DM000,4000787030016,0,115.0,90244648.0,91.0,0.0,100.0,19.0,100.0,0.0,88.0,763665943.0,64.0,31771.0,100.0,0.0,100.0,19.0,100.0,0.0,100.0,0.0,100.0,0.0,100.0,0.0,100.0,0.0,76.0,24.0,100.0,0.0,100.0,0.0,96.0,8007.0,24.0,24.0,100.0,0.0,100.0,0.0,200.0,0.0,100.0,31672.0,100.0,52118038616.0,100.0,146897085205.0
2019-05-25,Z304JMY0,ST4000DM000,4000787030016,0,112.0,49031344.0,91.0,0.0,100.0,19.0,100.0,0.0,88.0,764793966.0,64.0,31795.0,100.0,0.0,100.0,19.0,100.0,0.0,100.0,0.0,100.0,0.0,100.0,0.0,100.0,0.0,76.0,24.0,100.0,0.0,100.0,0.0,96.0,8007.0,24.0,24.0,100.0,0.0,100.0,0.0,200.0,0.0,100.0,31696.0,100.0,52125650424.0,100.0,147089493648.0
2019-05-26,Z304JMY0,ST4000DM000,4000787030016,0,118.0,198530288.0,91.0,0.0,100.0,19.0,100.0,0.0,88.0,765814914.0,64.0,31819.0,100.0,0.0,100.0,19.0,100.0,0.0,100.0,0.0,100.0,0.0,100.0,0.0,100.0,0.0,76.0,24.0,100.0,0.0,100.0,0.0,96.0,8007.0,24.0,24.0,100.0,0.0,100.0,0.0,200.0,0.0,100.0,31720.0,100.0,52139635568.0,100.0,147260987886.0
2019-05-27,Z304JMY0,ST4000DM000,4000787030016,0,117.0,165094136.0,91.0,0.0,100.0,19.0,100.0,0.0,88.0,768192826.0,64.0,31843.0,100.0,0.0,100.0,19.0,100.0,0.0,100.0,0.0,100.0,0.0,100.0,0.0,100.0,0.0,76.0,24.0,100.0,0.0,100.0,0.0,96.0,8007.0,24.0,24.0,100.0,0.0,100.0,0.0,200.0,0.0,100.0,31744.0,100.0,52158925112.0,100.0,147452789926.0
2019-05-28,Z304JMY0,ST4000DM000,4000787030016,0,114.0,80774384.0,91.0,0.0,100.0,19.0,100.0,0.0,88.0,770172887.0,64.0,31867.0,100.0,0.0,100.0,19.0,100.0,0.0,100.0,0.0,100.0,0.0,100.0,0.0,100.0,0.0,76.0,24.0,100.0,0.0,100.0,0.0,96.0,8007.0,24.0,24.0,100.0,0.0,100.0,0.0,200.0,0.0,100.0,31768.0,100.0,52173898864.0,100.0,147627537495.0
2019-05-29,Z304JMY0,ST4000DM000,4000787030016,0,118.0,192300816.0,91.0,0.0,100.0,19.0,100.0,0.0,88.0,771996049.0,64.0,31891.0,100.0,0.0,100.0,19.0,100.0,0.0,100.0,0.0,100.0,0.0,100.0,0.0,100.0,0.0,76.0,24.0,100.0,0.0,100.0,0.0,96.0,8007.0,24.0,24.0,100.0,0.0,100.0,0.0,200.0,0.0,100.0,31792.0,100.0,52190916376.0,100.0,147787114299.0
2019-05-30,Z304JMY0,ST4000DM000,4000787030016,0,108.0,17474560.0,91.0,0.0,100.0,19.0,100.0,0.0,88.0,772690727.0,64.0,31915.0,100.0,0.0,100.0,19.0,100.0,0.0,100.0,0.0,100.0,0.0,100.0,0.0,100.0,0.0,76.0,24.0,100.0,0.0,100.0,0.0,96.0,8007.0,24.0,24.0,100.0,0.0,100.0,0.0,200.0,0.0,100.0,31816.0,100.0,52204524528.0,100.0,147955742949.0
2019-05-31,Z304JMY0,ST4000DM000,4000787030016,0,116.0,100924472.0,91.0,0.0,100.0,19.0,100.0,0.0,88.0,773419572.0,64.0,31939.0,100.0,0.0,100.0,19.0,100.0,0.0,100.0,0.0,100.0,0.0,100.0,0.0,100.0,0.0,76.0,24.0,100.0,0.0,100.0,0.0,96.0,8007.0,24.0,24.0,100.0,0.0,100.0,0.0,200.0,0.0,100.0,31840.0,100.0,52218175488.0,100.0,148119868693.0
2019-06-01,Z304JMY0,ST4000DM000,4000787030016,0,117.0,118350728.0,91.0,0.0,100.0,19.0,100.0,0.0,88.0,774089633.0,64.0,31964.0,100.0,0.0,100.0,19.0,100.0,0.0,100.0,0.0,100.0,0.0,100.0,0.0,100.0,0.0,76.0,24.0,100.0,0.0,100.0,0.0,96.0,8007.0,24.0,24.0,100.0,0.0,100.0,0.0,200.0,0.0,100.0,31864.0,100.0,52236845328.0,100.0,148311444012.0
2019-06-02,Z304JMY0,ST4000DM000,4000787030016,0,112.0,42904808.0,91.0,0.0,100.0,19.0,100.0,0.0,88.0,774716350.0,64.0,31988.0,100.0,0.0,100.0,19.0,100.0,0.0,100.0,0.0,100.0,0.0,100.0,0.0,100.0,0.0,77.0,23.0,100.0,0.0,100.0,0.0,96.0,8007.0,23.0,23.0,100.0,0.0,100.0,0.0,200.0,0.0,100.0,31888.0,100.0,52245322192.0,100.0,148500966788.0
2019-06-03,Z304JMY0,ST4000DM000,4000787030016,0,118.0,171370120.0,91.0,0.0,100.0,19.0,100.0,0.0,88.0,776823342.0,64.0,32012.0,100.0,0.0,100.0,19.0,100.0,0.0,100.0,0.0,100.0,0.0,100.0,0.0,100.0,0.0,76.0,24.0,100.0,0.0,100.0,0.0,96.0,8007.0,24.0,24.0,100.0,0.0,100.0,0.0,200.0,0.0,100.0,31912.0,100.0,52266717256.0,100.0,148684029642.0
2019-06-04,Z304JMY0,ST4000DM000,4000787030016,0,115.0,97076280.0,91.0,0.0,100.0,19.0,100.0,0.0,88.0,777733644.0,64.0,32036.0,100.0,0.0,100.0,19.0,100.0,0.0,100.0,0.0,100.0,0.0,100.0,0.0,100.0,0.0,76.0,24.0,100.0,0.0,100.0,0.0,96.0,8007.0,24.0,24.0,100.0,0.0,100.0,0.0,200.0,0.0,100.0,31936.0,100.0,52280302592.0,100.0,148833996484.0
2019-06-05,Z304JMY0,ST4000DM000,4000787030016,0,116.0,109245736.0,91.0,0.0,100.0,19.0,100.0,0.0,88.0,779847504.0,64.0,32060.0,100.0,0.0,100.0,19.0,100.0,0.0,100.0,0.0,100.0,0.0,100.0,0.0,100.0,0.0,76.0,24.0,100.0,0.0,100.0,0.0,96.0,8007.0,24.0,24.0,100.0,0.0,100.0,0.0,200.0,0.0,100.0,31960.0,100.0,52295493856.0,100.0,148985622771.0
2019-06-06,Z304JMY0,ST4000DM000,4000787030016,0,116.0,108780976.0,91.0,0.0,100.0,19.0,100.0,0.0,88.0,780906182.0,64.0,32084.0,100.0,0.0,100.0,19.0,100.0,0.0,100.0,0.0,100.0,0.0,100.0,0.0,100.0,0.0,76.0,24.0,100.0,0.0,100.0,0.0,96.0,8007.0,24.0,24.0,100.0,0.0,100.0,0.0,200.0,0.0,100.0,31984.0,100.0,52322695632.0,100.0,149156794153.0
2019-06-07,Z304JMY0,ST4000DM000,4000787030016,0,115.0,93431464.0,91.0,0.0,100.0,19.0,100.0,0.0,88.0,782230840.0,64.0,32108.0,100.0,0.0,100.0,19.0,100.0,0.0,100.0,0.0,100.0,0.0,100.0,0.0,100.0,0.0,76.0,24.0,100.0,0.0,100.0,0.0,96.0,8007.0,24.0,24.0,100.0,0.0,100.0,0.0,200.0,0.0,100.0,32008.0,100.0,52352965592.0,100.0,149343932006.0
2019-06-08,Z304JMY0,ST4000DM000,4000787030016,0,109.0,24831816.0,91.0,0.0,100.0,19.0,100.0,0.0,88.0,784069276.0,64.0,32131.0,100.0,0.0,100.0,19.0,100.0,0.0,100.0,0.0,100.0,0.0,100.0,0.0,100.0,0.0,77.0,23.0,100.0,0.0,100.0,0.0,96.0,8007.0,23.0,23.0,100.0,0.0,100.0,0.0,200.0,0.0,100.0,32032.0,100.0,52371926840.0,100.0,149535904216.0
2019-06-09,Z304JMY0,ST4000DM000,4000787030016,0,117.0,148700992.0,91.0,0.0,100.0,19.0,100.0,0.0,88.0,785393761.0,64.0,32155.0,100.0,0.0,100.0,19.0,100.0,0.0,100.0,0.0,100.0,0.0,100.0,0.0,100.0,0.0,77.0,23.0,100.0,0.0,100.0,0.0,96.0,8007.0,23.0,23.0,100.0,0.0,100.0,0.0,200.0,0.0,100.0,32056.0,100.0,52382310952.0,100.0,149721090620.0
2019-06-10,Z304JMY0,ST4000DM000,4000787030016,0,115.0,98498416.0,91.0,0.0,100.0,19.0,100.0,0.0,88.0,788216081.0,64.0,32180.0,100.0,0.0,100.0,19.0,100.0,0.0,100.0,0.0,100.0,0.0,100.0,0.0,100.0,0.0,76.0,24.0,100.0,0.0,100.0,0.0,96.0,8007.0,24.0,24.0,100.0,0.0,100.0,0.0,200.0,0.0,100.0,32080.0,100.0,52405915632.0,100.0,149888321246.0
2019-06-11,Z304JMY0,ST4000DM000,4000787030016,0,111.0,39395912.0,91.0,0.0,100.0,19.0,100.0,0.0,88.0,789373919.0,64.0,32203.0,100.0,0.0,100.0,19.0,100.0,0.0,100.0,0.0,100.0,0.0,100.0,0.0,100.0,0.0,77.0,23.0,100.0,0.0,100.0,0.0,96.0,8007.0,23.0,23.0,100.0,0.0,100.0,0.0,200.0,0.0,100.0,32104.0,100.0,52417355040.0,100.0,150072475008.0
2019-06-12,Z304JMY0,ST4000DM000,4000787030016,0,118.0,186329712.0,91.0,0.0,100.0,19.0,100.0,0.0,88.0,791450551.0,64.0,32228.0,100.0,0.0,100.0,19.0,100.0,0.0,100.0,0.0,100.0,0.0,100.0,0.0,100.0,0.0,77.0,23.0,100.0,0.0,100.0,0.0,96.0,8007.0,23.0,23.0,100.0,0.0,100.0,0.0,200.0,0.0,100.0,32128.0,100.0,52440144080.0,100.0,150183959819.0
2019-06-13,Z304JMY0,ST4000DM000,4000787030016,0,114.0,68760760.0,91.0,0.0,100.0,19.0,100.0,0.0,88.0,792523239.0,64.0,32252.0,100.0,0.0,100.0,19.0,100.0,0.0,100.0,0.0,100.0,0.0,100.0,0.0,100.0,0.0,76.0,24.0,100.0,0.0,100.0,0.0,96.0,8007.0,24.0,24.0,100.0,0.0,100.0,0.0,200.0,0.0,100.0,32152.0,100.0,52455392608.0,100.0,150318116180.0
2019-06-14,Z304JMY0,ST4000DM000,4000787030016,0,111.0,36139104.0,91.0,0.0,100.0,19.0,100.0,0.0,88.0,793901980.0,64.0,32276.0,100.0,0.0,100.0,19.0,100.0,0.0,100.0,0.0,100.0,0.0,100.0,0.0,100.0,0.0,77.0,23.0,100.0,0.0,100.0,0.0,96.0,8007.0,23.0,23.0,100.0,0.0,100.0,0.0,200.0,0.0,100.0,32176.0,100.0,52473707912.0,100.0,150494789947.0
2019-06-15,Z304JMY0,ST4000DM000,4000787030016,0,120.0,237187560.0,91.0,0.0,100.0,19.0,100.0,0.0,88.0,795059064.0,64.0,32300.0,100.0,0.0,100.0,19.0,100.0,0.0,100.0,0.0,100.0,0.0,100.0,0.0,100.0,0.0,77.0,23.0,100.0,0.0,100.0,0.0,96.0,8007.0,23.0,23.0,100.0,0.0,100.0,0.0,200.0,0.0,100.0,32200.0,100.0,52502889344.0,100.0,150658019819.0
2019-06-16,Z304JMY0,ST4000DM000,4000787030016,0,117.0,145872880.0,91.0,0.0,100.0,19.0,100.0,0.0,88.0,796114029.0,64.0,32324.0,100.0,0.0,100.0,19.0,100.0,0.0,100.0,0.0,100.0,0.0,100.0,0.0,100.0,0.0,77.0,23.0,100.0,0.0,100.0,0.0,96.0,8007.0,23.0,23.0,100.0,0.0,100.0,0.0,200.0,0.0,100.0,32224.0,100.0,52514235632.0,100.0,150776585492.0
2019-06-17,Z304JMY0,ST4000DM000,4000787030016,0,119.0,232743768.0,91.0,0.0,100.0,19.0,100.0,0.0,88.0,798767462.0,64.0,32348.0,100.0,0.0,100.0,19.0,100.0,0.0,100.0,0.0,100.0,0.0,100.0,0.0,100.0,0.0,77.0,23.0,100.0,0.0,100.0,0.0,96.0,8007.0,23.0,23.0,100.0,0.0,100.0,0.0,200.0,0.0,100.0,32248.0,100.0,52546312288.0,100.0,150958371278.0
2019-06-18,Z304JMY0,ST4000DM000,4000787030016,0,117.0,146932064.0,91.0,0.0,100.0,19.0,100.0,0.0,88.0,799955440.0,64.0,32372.0,100.0,0.0,100.0,19.0,100.0,0.0,100.0,0.0,100.0,0.0,100.0,0.0,100.0,0.0,77.0,23.0,100.0,0.0,100.0,0.0,96.0,8007.0,23.0,23.0,100.0,0.0,100.0,0.0,200.0,0.0,100.0,32272.0,100.0,52568960864.0,100.0,151110293268.0
2019-06-19,Z304JMY0,ST4000DM000,4000787030016,0,112.0,43620480.0,91.0,0.0,100.0,19.0,100.0,0.0,88.0,801596412.0,64.0,32396.0,100.0,0.0,100.0,19.0,100.0,0.0,100.0,0.0,100.0,0.0,100.0,0.0,100.0,0.0,77.0,23.0,100.0,0.0,100.0,0.0,96.0,8007.0,23.0,23.0,100.0,0.0,100.0,0.0,200.0,0.0,100.0,32296.0,100.0,52586585928.0,100.0,151160442471.0
2019-06-20,Z304JMY0,ST4000DM000,4000787030016,0,117.0,133440688.0,91.0,0.0,100.0,19.0,100.0,0.0,88.0,802438238.0,63.0,32420.0,100.0,0.0,100.0,19.0,100.0,0.0,100.0,0.0,100.0,0.0,100.0,0.0,100.0,0.0,77.0,23.0,100.0,0.0,100.0,0.0,96.0,8007.0,23.0,23.0,100.0,0.0,100.0,0.0,200.0,0.0,100.0,32320.0,100.0,52593475768.0,100.0,151309417966.0
2019-06-21,Z304JMY0,ST4000DM000,4000787030016,0,118.0,194178896.0,91.0,0.0,100.0,19.0,100.0,0.0,88.0,803007386.0,63.0,32444.0,100.0,0.0,100.0,19.0,100.0,0.0,100.0,0.0,100.0,0.0,100.0,0.0,100.0,0.0,77.0,23.0,100.0,0.0,100.0,0.0,96.0,8007.0,23.0,23.0,100.0,0.0,100.0,0.0,200.0,0.0,100.0,32344.0,100.0,52603797168.0,100.0,151379668563.0
2019-06-22,Z304JMY0,ST4000DM000,4000787030016,0,113.0,53524720.0,91.0,0.0,100.0,19.0,100.0,0.0,88.0,803971044.0,63.0,32468.0,100.0,0.0,100.0,19.0,100.0,0.0,100.0,0.0,100.0,0.0,100.0,0.0,100.0,0.0,77.0,23.0,100.0,0.0,100.0,0.0,96.0,8007.0,23.0,23.0,100.0,0.0,100.0,0.0,200.0,0.0,100.0,32368.0,100.0,52615947816.0,100.0,151494187239.0
2019-06-23,Z304JMY0,ST4000DM000,4000787030016,0,111.0,35490912.0,91.0,0.0,100.0,19.0,100.0,0.0,88.0,804485016.0,63.0,32492.0,100.0,0.0,100.0,19.0,100.0,0.0,100.0,0.0,100.0,0.0,100.0,0.0,100.0,0.0,76.0,24.0,100.0,0.0,100.0,0.0,96.0,8007.0,24.0,24.0,100.0,0.0,100.0,0.0,200.0,0.0,100.0,32392.0,100.0,52629115808.0,100.0,151531474009.0
2019-06-24,Z304JMY0,ST4000DM000,4000787030016,0,118.0,193460576.0,91.0,0.0,100.0,19.0,100.0,0.0,89.0,807923931.0,63.0,32516.0,100.0,0.0,100.0,19.0,100.0,0.0,100.0,0.0,100.0,0.0,100.0,0.0,100.0,0.0,77.0,23.0,100.0,0.0,100.0,0.0,96.0,8007.0,23.0,23.0,100.0,0.0,100.0,0.0,200.0,0.0,100.0,32416.0,100.0,52644066752.0,100.0,151682049874.0
2019-06-25,Z304JMY0,ST4000DM000,4000787030016,0,117.0,148613304.0,91.0,0.0,100.0,19.0,100.0,0.0,89.0,808896685.0,63.0,32540.0,100.0,0.0,100.0,19.0,100.0,0.0,100.0,0.0,100.0,0.0,100.0,0.0,100.0,0.0,77.0,23.0,100.0,0.0,100.0,0.0,96.0,8007.0,23.0,23.0,100.0,0.0,100.0,0.0,200.0,0.0,100.0,32440.0,100.0,52656108408.0,100.0,151787578045.0
2019-06-26,Z304JMY0,ST4000DM000,4000787030016,0,117.0,152842352.0,91.0,0.0,100.0,19.0,100.0,0.0,89.0,811095673.0,63.0,32564.0,100.0,0.0,100.0,19.0,100.0,0.0,100.0,0.0,100.0,0.0,100.0,0.0,100.0,0.0,77.0,23.0,100.0,0.0,100.0,0.0,96.0,8007.0,23.0,23.0,100.0,0.0,100.0,0.0,200.0,0.0,100.0,32464.0,100.0,52683475736.0,100.0,151903102875.0
2019-06-27,Z304JMY0,ST4000DM000,4000787030016,0,119.0,227077736.0,91.0,0.0,100.0,19.0,100.0,0.0,89.0,812342717.0,63.0,32588.0,100.0,0.0,100.0,19.0,100.0,0.0,100.0,0.0,100.0,0.0,100.0,0.0,100.0,0.0,77.0,23.0,100.0,0.0,100.0,0.0,96.0,8007.0,23.0,23.0,100.0,0.0,100.0,0.0,200.0,0.0,100.0,32488.0,100.0,52698287768.0,100.0,152069275702.0
2019-06-28,Z304JMY0,ST4000DM000,4000787030016,0,108.0,18428960.0,91.0,0.0,100.0,19.0,100.0,0.0,89.0,813840491.0,63.0,32611.0,100.0,0.0,100.0,19.0,100.0,0.0,100.0,0.0,100.0,0.0,100.0,0.0,100.0,0.0,77.0,23.0,100.0,0.0,100.0,0.0,96.0,8007.0,23.0,23.0,100.0,0.0,100.0,0.0,200.0,0.0,100.0,32512.0,100.0,52715338096.0,100.0,152251700596.0
2019-06-29,Z304JMY0,ST4000DM000,4000787030016,0,119.0,215611240.0,91.0,0.0,100.0,19.0,100.0,0.0,89.0,815237889.0,63.0,32635.0,100.0,0.0,100.0,19.0,100.0,0.0,100.0,0.0,100.0,0.0,100.0,0.0,100.0,0.0,77.0,23.0,100.0,0.0,100.0,0.0,96.0,8007.0,23.0,23.0,100.0,0.0,100.0,0.0,200.0,0.0,100.0,32536.0,100.0,52729639240.0,100.0,152429119956.0
2019-06-30,Z304JMY0,ST4000DM000,4000787030016,0,118.0,196729768.0,91.0,0.0,100.0,19.0,100.0,0.0,89.0,816699330.0,63.0,32659.0,100.0,0.0,100.0,19.0,100.0,0.0,100.0,0.0,100.0,0.0,100.0,0.0,100.0,0.0,76.0,24.0,100.0,0.0,100.0,0.0,96.0,8007.0,24.0,24.0,100.0,0.0,100.0,0.0,200.0,0.0,100.0,32560.0,100.0,52739267312.0,100.0,152596728114.0
2019-07-01,Z304JMY0,ST4000DM000,4000787030016,0,117.0,157411088.0,91.0,0.0,100.0,19.0,100.0,0.0,89.0,818861537.0,63.0,32683.0,100.0,0.0,100.0,19.0,100.0,0.0,100.0,0.0,100.0,0.0,100.0,0.0,100.0,0.0,77.0,23.0,100.0,0.0,100.0,0.0,96.0,8007.0,23.0,23.0,100.0,0.0,100.0,0.0,200.0,0.0,100.0,32583.0,100.0,52753249680.0,100.0,152726162482.0
2019-07-02,Z304JMY0,ST4000DM000,4000787030016,0,100.0,3122832.0,91.0,0.0,100.0,19.0,100.0,0.0,89.0,821222190.0,63.0,32707.0,100.0,0.0,100.0,19.0,100.0,0.0,100.0,0.0,100.0,0.0,100.0,0.0,100.0,0.0,77.0,23.0,100.0,0.0,100.0,0.0,96.0,8007.0,23.0,23.0,100.0,0.0,100.0,0.0,200.0,0.0,100.0,32607.0,100.0,52768723904.0,100.0,152996525370.0
2019-07-03,Z304JMY0,ST4000DM000,4000787030016,0,113.0,52263040.0,91.0,0.0,100.0,19.0,100.0,0.0,89.0,823831939.0,63.0,32731.0,100.0,0.0,100.0,19.0,100.0,0.0,100.0,0.0,100.0,0.0,100.0,0.0,100.0,0.0,77.0,23.0,100.0,0.0,100.0,0.0,96.0,8007.0,23.0,23.0,100.0,0.0,100.0,0.0,200.0,0.0,100.0,32631.0,100.0,52790230104.0,100.0,153188663533.0
2019-07-04,Z304JMY0,ST4000DM000,4000787030016,0,117.0,165872352.0,91.0,0.0,100.0,19.0,100.0,0.0,89.0,825349312.0,63.0,32755.0,100.0,0.0,100.0,19.0,100.0,0.0,100.0,0.0,100.0,0.0,100.0,0.0,100.0,0.0,77.0,23.0,100.0,0.0,100.0,0.0,96.0,8007.0,23.0,23.0,100.0,0.0,100.0,0.0,200.0,0.0,100.0,32655.0,100.0,52808056832.0,100.0,153379436099.0
2019-07-05,Z304JMY0,ST4000DM000,4000787030016,0,113.0,51888840.0,91.0,0.0,100.0,19.0,100.0,0.0,89.0,826979399.0,63.0,32779.0,100.0,0.0,100.0,19.0,100.0,0.0,100.0,0.0,100.0,0.0,100.0,0.0,100.0,0.0,76.0,24.0,100.0,0.0,100.0,0.0,96.0,8007.0,24.0,24.0,100.0,0.0,100.0,0.0,200.0,0.0,100.0,32679.0,100.0,52824067600.0,100.0,153666341024.0
2019-07-06,Z304JMY0,ST4000DM000,4000787030016,0,114.0,73176656.0,91.0,0.0,100.0,19.0,100.0,0.0,89.0,828338999.0,63.0,32803.0,100.0,0.0,100.0,19.0,100.0,0.0,100.0,0.0,100.0,0.0,100.0,0.0,100.0,0.0,76.0,24.0,100.0,0.0,100.0,0.0,96.0,8007.0,24.0,24.0,100.0,0.0,100.0,0.0,200.0,0.0,100.0,32703.0,100.0,52840023376.0,100.0,153892272764.0
2019-07-07,Z304JMY0,ST4000DM000,4000787030016,0,116.0,108452192.0,91.0,0.0,100.0,19.0,100.0,0.0,89.0,830014813.0,63.0,32826.0,100.0,0.0,100.0,19.0,100.0,0.0,100.0,0.0,100.0,0.0,100.0,0.0,100.0,0.0,76.0,24.0,100.0,0.0,100.0,0.0,96.0,8007.0,24.0,24.0,100.0,0.0,100.0,0.0,200.0,0.0,100.0,32727.0,100.0,52853022936.0,100.0,154132336627.0
2019-07-08,Z304JMY0,ST4000DM000,4000787030016,0,118.0,200037416.0,91.0,0.0,100.0,19.0,100.0,0.0,89.0,832648234.0,63.0,32850.0,100.0,0.0,100.0,19.0,100.0,0.0,100.0,0.0,100.0,0.0,100.0,0.0,100.0,0.0,77.0,23.0,100.0,0.0,100.0,0.0,96.0,8007.0,23.0,23.0,100.0,0.0,100.0,0.0,200.0,0.0,100.0,32751.0,100.0,52875708320.0,100.0,154312410982.0
2019-07-09,Z304JMY0,ST4000DM000,4000787030016,0,119.0,204845712.0,91.0,0.0,100.0,19.0,100.0,0.0,89.0,834051312.0,63.0,32874.0,100.0,0.0,100.0,19.0,100.0,0.0,100.0,0.0,100.0,0.0,100.0,0.0,100.0,0.0,77.0,23.0,100.0,0.0,100.0,0.0,96.0,8007.0,23.0,23.0,100.0,0.0,100.0,0.0,200.0,0.0,100.0,32775.0,100.0,52892237448.0,100.0,154504754915.0
2019-07-10,Z304JMY0,ST4000DM000,4000787030016,0,110.0,27967888.0,91.0,0.0,100.0,19.0,100.0,0.0,89.0,836062301.0,63.0,32898.0,100.0,0.0,100.0,19.0,100.0,0.0,100.0,0.0,100.0,0.0,100.0,0.0,100.0,0.0,77.0,23.0,100.0,0.0,100.0,0.0,96.0,8007.0,23.0,23.0,100.0,0.0,100.0,0.0,200.0,0.0,100.0,32798.0,100.0,52906590784.0,100.0,154710002370.0
2019-07-11,Z304JMY0,ST4000DM000,4000787030016,0,112.0,48626712.0,91.0,0.0,100.0,19.0,100.0,0.0,89.0,837952275.0,63.0,32922.0,100.0,0.0,100.0,19.0,100.0,0.0,100.0,0.0,100.0,0.0,100.0,0.0,100.0,0.0,76.0,24.0,100.0,0.0,100.0,0.0,96.0,8007.0,24.0,24.0,100.0,0.0,100.0,0.0,200.0,0.0,100.0,32822.0,100.0,52921717864.0,100.0,154945001197.0
2019-07-12,Z304JMY0,ST4000DM000,4000787030016,0,117.0,146432920.0,91.0,0.0,100.0,19.0,100.0,0.0,89.0,841251606.0,63.0,32946.0,100.0,0.0,100.0,19.0,100.0,0.0,100.0,0.0,100.0,0.0,100.0,0.0,100.0,0.0,76.0,24.0,100.0,0.0,100.0,0.0,96.0,8007.0,24.0,24.0,100.0,0.0,100.0,0.0,200.0,0.0,100.0,32846.0,100.0,52942840688.0,100.0,155193888512.0
2019-07-13,Z304JMY0,ST4000DM000,4000787030016,0,108.0,16762120.0,91.0,0.0,100.0,19.0,100.0,0.0,89.0,843118987.0,63.0,32970.0,100.0,0.0,100.0,19.0,100.0,0.0,100.0,0.0,100.0,0.0,100.0,0.0,100.0,0.0,77.0,23.0,100.0,0.0,100.0,0.0,96.0,8007.0,23.0,23.0,100.0,0.0,100.0,0.0,200.0,0.0,100.0,32870.0,100.0,52960840000.0,100.0,155532757150.0
2019-07-14,Z304JMY0,ST4000DM000,4000787030016,0,118.0,200234944.0,91.0,0.0,100.0,19.0,100.0,0.0,89.0,844858224.0,63.0,32994.0,100.0,0.0,100.0,19.0,100.0,0.0,100.0,0.0,100.0,0.0,100.0,0.0,100.0,0.0,77.0,23.0,100.0,0.0,100.0,0.0,96.0,8007.0,23.0,23.0,100.0,0.0,100.0,0.0,200.0,0.0,100.0,32894.0,100.0,52978611256.0,100.0,155836651317.0
2019-07-15,Z304JMY0,ST4000DM000,4000787030016,0,118.0,189141656.0,91.0,0.0,100.0,19.0,100.0,0.0,89.0,847756580.0,63.0,33018.0,100.0,0.0,100.0,19.0,100.0,0.0,100.0,0.0,100.0,0.0,100.0,0.0,100.0,0.0,76.0,24.0,100.0,0.0,100.0,0.0,96.0,8007.0,24.0,24.0,100.0,0.0,100.0,0.0,200.0,0.0,100.0,32918.0,100.0,53001382728.0,100.0,156152689124.0
2019-07-16,Z304JMY0,ST4000DM000,4000787030016,0,109.0,24011016.0,91.0,0.0,100.0,19.0,100.0,0.0,89.0,848958697.0,63.0,33042.0,100.0,0.0,100.0,19.0,100.0,0.0,100.0,0.0,100.0,0.0,100.0,0.0,100.0,0.0,76.0,24.0,100.0,0.0,100.0,0.0,96.0,8007.0,24.0,24.0,100.0,0.0,100.0,0.0,200.0,0.0,100.0,32942.0,100.0,53019195248.0,100.0,156482174073.0
2019-07-17,Z304JMY0,ST4000DM000,4000787030016,0,117.0,133480224.0,91.0,0.0,100.0,19.0,100.0,0.0,89.0,850535439.0,63.0,33066.0,100.0,0.0,100.0,19.0,100.0,0.0,100.0,0.0,100.0,0.0,100.0,0.0,100.0,0.0,76.0,24.0,100.0,0.0,100.0,0.0,96.0,8007.0,24.0,24.0,100.0,0.0,100.0,0.0,200.0,0.0,100.0,32966.0,100.0,53036716184.0,100.0,156773951082.0
2019-07-18,Z304JMY0,ST4000DM000,4000787030016,0,108.0,15362656.0,91.0,0.0,100.0,19.0,100.0,0.0,89.0,851560542.0,63.0,33078.0,100.0,0.0,100.0,19.0,100.0,0.0,100.0,0.0,100.0,0.0,100.0,0.0,100.0,0.0,77.0,23.0,100.0,0.0,100.0,0.0,96.0,8007.0,23.0,23.0,100.0,0.0,100.0,0.0,200.0,0.0,100.0,32978.0,100.0,53051445664.0,100.0,156853752632.0
2019-07-19,Z304JMY0,ST4000DM000,4000787030016,0,117.0,148255896.0,91.0,0.0,100.0,19.0,100.0,0.0,89.0,853895858.0,63.0,33114.0,100.0,0.0,100.0,19.0,100.0,0.0,100.0,0.0,100.0,0.0,100.0,0.0,100.0,0.0,76.0,24.0,100.0,0.0,100.0,0.0,96.0,8007.0,24.0,24.0,100.0,0.0,100.0,0.0,200.0,0.0,100.0,33014.0,100.0,53073894768.0,100.0,157312666015.0
2019-07-20,Z304JMY0,ST4000DM000,4000787030016,0,117.0,132866112.0,91.0,0.0,100.0,19.0,100.0,0.0,89.0,856311665.0,63.0,33138.0,100.0,0.0,100.0,19.0,100.0,0.0,100.0,0.0,100.0,0.0,100.0,0.0,100.0,0.0,76.0,24.0,100.0,0.0,100.0,0.0,96.0,8007.0,24.0,24.0,100.0,0.0,100.0,0.0,200.0,0.0,100.0,33039.0,100.0,53108898592.0,100.0,157670286695.0
2019-07-21,Z304JMY0,ST4000DM000,4000787030016,0,114.0,81687040.0,91.0,0.0,100.0,19.0,100.0,0.0,89.0,858842533.0,63.0,33162.0,100.0,0.0,100.0,19.0,100.0,0.0,100.0,0.0,100.0,0.0,100.0,0.0,100.0,0.0,71.0,29.0,100.0,0.0,100.0,0.0,96.0,8007.0,29.0,29.0,100.0,0.0,100.0,0.0,200.0,0.0,100.0,33063.0,100.0,53134304504.0,100.0,158000319163.0
2019-07-22,Z304JMY0,ST4000DM000,4000787030016,0,116.0,102535800.0,91.0,0.0,100.0,19.0,100.0,0.0,89.0,861798648.0,63.0,33186.0,100.0,0.0,100.0,19.0,100.0,0.0,100.0,0.0,100.0,0.0,100.0,0.0,100.0,0.0,77.0,23.0,100.0,0.0,100.0,0.0,96.0,8007.0,23.0,23.0,100.0,0.0,100.0,0.0,200.0,0.0,100.0,33087.0,100.0,53154879256.0,100.0,158302407932.0
2019-07-23,Z304JMY0,ST4000DM000,4000787030016,0,116.0,106961160.0,91.0,0.0,100.0,19.0,100.0,0.0,89.0,863627567.0,63.0,33210.0,100.0,0.0,100.0,19.0,100.0,0.0,100.0,0.0,100.0,0.0,100.0,0.0,100.0,0.0,76.0,24.0,100.0,0.0,100.0,0.0,96.0,8007.0,24.0,24.0,100.0,0.0,100.0,0.0,200.0,0.0,100.0,33111.0,100.0,53169609960.0,100.0,158562760625.0
2019-07-24,Z304JMY0,ST4000DM000,4000787030016,0,116.0,116868176.0,91.0,0.0,100.0,19.0,100.0,0.0,89.0,866351827.0,63.0,33234.0,100.0,0.0,100.0,19.0,100.0,0.0,100.0,0.0,100.0,0.0,100.0,0.0,100.0,0.0,77.0,23.0,100.0,0.0,100.0,0.0,96.0,8007.0,23.0,23.0,100.0,0.0,100.0,0.0,200.0,0.0,100.0,33134.0,100.0,53194221024.0,100.0,158801270023.0
2019-07-25,Z304JMY0,ST4000DM000,4000787030016,0,108.0,20512600.0,91.0,0.0,100.0,19.0,100.0,0.0,89.0,868228623.0,63.0,33258.0,100.0,0.0,100.0,19.0,100.0,0.0,100.0,0.0,100.0,0.0,100.0,0.0,100.0,0.0,76.0,24.0,100.0,0.0,100.0,0.0,96.0,8007.0,24.0,24.0,100.0,0.0,100.0,0.0,200.0,0.0,100.0,33158.0,100.0,53215909840.0,100.0,159080326474.0
2019-07-26,Z304JMY0,ST4000DM000,4000787030016,0,116.0,111102944.0,91.0,0.0,100.0,19.0,100.0,0.0,89.0,869754927.0,63.0,33282.0,100.0,0.0,100.0,19.0,100.0,0.0,100.0,0.0,100.0,0.0,100.0,0.0,100.0,0.0,77.0,23.0,100.0,0.0,100.0,0.0,96.0,8007.0,23.0,23.0,100.0,0.0,100.0,0.0,200.0,0.0,100.0,33182.0,100.0,53240785440.0,100.0,159284628314.0
2019-07-27,Z304JMY0,ST4000DM000,4000787030016,0,117.0,156914816.0,91.0,0.0,100.0,19.0,100.0,0.0,89.0,870801541.0,62.0,33306.0,100.0,0.0,100.0,19.0,100.0,0.0,100.0,0.0,100.0,0.0,100.0,0.0,100.0,0.0,77.0,23.0,100.0,0.0,100.0,0.0,96.0,8007.0,23.0,23.0,100.0,0.0,100.0,0.0,200.0,0.0,100.0,33206.0,100.0,53258131112.0,100.0,159414875438.0
2019-07-28,Z304JMY0,ST4000DM000,4000787030016,0,117.0,135362168.0,91.0,0.0,100.0,19.0,100.0,0.0,89.0,871995381.0,62.0,33330.0,100.0,0.0,100.0,19.0,100.0,0.0,100.0,0.0,100.0,0.0,100.0,0.0,100.0,0.0,77.0,23.0,100.0,0.0,100.0,0.0,96.0,8007.0,23.0,23.0,100.0,0.0,100.0,0.0,200.0,0.0,100.0,33231.0,100.0,53272791000.0,100.0,159566307074.0
2019-07-29,Z304JMY0,ST4000DM000,4000787030016,0,111.0,39157072.0,91.0,0.0,100.0,19.0,100.0,0.0,89.0,875560077.0,62.0,33354.0,100.0,0.0,100.0,19.0,100.0,0.0,100.0,0.0,100.0,0.0,100.0,0.0,100.0,0.0,76.0,24.0,100.0,0.0,100.0,0.0,96.0,8007.0,24.0,24.0,100.0,0.0,100.0,0.0,200.0,0.0,100.0,33254.0,100.0,53294784120.0,100.0,159752945044.0
2019-07-30,Z304JMY0,ST4000DM000,4000787030016,0,110.0,28590192.0,91.0,0.0,100.0,19.0,100.0,0.0,89.0,877017688.0,62.0,33378.0,100.0,0.0,100.0,19.0,100.0,0.0,100.0,0.0,100.0,0.0,100.0,0.0,100.0,0.0,77.0,23.0,100.0,0.0,100.0,0.0,96.0,8007.0,23.0,23.0,100.0,0.0,100.0,0.0,200.0,0.0,100.0,33278.0,100.0,53315213736.0,100.0,159928539157.0
2019-07-31,Z304JMY0,ST4000DM000,4000787030016,0,117.0,140424680.0,91.0,0.0,100.0,19.0,100.0,0.0,89.0,879382754.0,62.0,33401.0,100.0,0.0,100.0,19.0,100.0,0.0,100.0,0.0,100.0,0.0,100.0,0.0,100.0,0.0,76.0,24.0,100.0,0.0,100.0,0.0,96.0,8007.0,24.0,24.0,100.0,0.0,100.0,0.0,200.0,0.0,100.0,33302.0,100.0,53335933056.0,100.0,160087369162.0
2019-08-01,Z304JMY0,ST4000DM000,4000787030016,0,117.0,152143680.0,91.0,0.0,100.0,19.0,100.0,0.0,89.0,880965090.0,62.0,33425.0,100.0,0.0,100.0,19.0,100.0,0.0,100.0,0.0,100.0,0.0,100.0,0.0,100.0,0.0,77.0,23.0,100.0,0.0,100.0,0.0,96.0,8007.0,23.0,23.0,100.0,0.0,100.0,0.0,200.0,0.0,100.0,33326.0,100.0,53356698040.0,100.0,160276429184.0
2019-08-02,Z304JMY0,ST4000DM000,4000787030016,0,113.0,58264576.0,91.0,0.0,100.0,19.0,100.0,0.0,89.0,882387443.0,62.0,33449.0,100.0,0.0,100.0,19.0,100.0,0.0,100.0,0.0,100.0,0.0,100.0,0.0,100.0,0.0,77.0,23.0,100.0,0.0,100.0,0.0,96.0,8007.0,23.0,23.0,100.0,0.0,100.0,0.0,200.0,0.0,100.0,33349.0,100.0,53372202096.0,100.0,160438937518.0
2019-08-03,Z304JMY0,ST4000DM000,4000787030016,0,114.0,61084656.0,91.0,0.0,100.0,19.0,100.0,0.0,89.0,883457464.0,62.0,33473.0,100.0,0.0,100.0,19.0,100.0,0.0,100.0,0.0,100.0,0.0,100.0,0.0,100.0,0.0,77.0,23.0,100.0,0.0,100.0,0.0,96.0,8007.0,23.0,23.0,100.0,0.0,100.0,0.0,200.0,0.0,100.0,33373.0,100.0,53385188424.0,100.0,160570574956.0
2019-08-04,Z304JMY0,ST4000DM000,4000787030016,0,117.0,149975136.0,91.0,0.0,100.0,19.0,100.0,0.0,89.0,885719549.0,62.0,33497.0,100.0,0.0,100.0,19.0,100.0,0.0,100.0,0.0,100.0,0.0,100.0,0.0,100.0,0.0,76.0,24.0,100.0,0.0,100.0,0.0,96.0,8007.0,24.0,24.0,100.0,0.0,100.0,0.0,200.0,0.0,100.0,33397.0,100.0,53399414312.0,100.0,160819556386.0
2019-08-05,Z304JMY0,ST4000DM000,4000787030016,0,114.0,79476320.0,91.0,0.0,100.0,19.0,100.0,0.0,89.0,889132455.0,62.0,33520.0,100.0,0.0,100.0,19.0,100.0,0.0,100.0,0.0,100.0,0.0,100.0,0.0,100.0,0.0,77.0,23.0,100.0,0.0,100.0,0.0,96.0,8007.0,23.0,23.0,100.0,0.0,100.0,0.0,200.0,0.0,100.0,33421.0,100.0,53426568232.0,100.0,161065954691.0
2019-08-06,Z304JMY0,ST4000DM000,4000787030016,0,119.0,227893888.0,91.0,0.0,100.0,19.0,100.0,0.0,89.0,890486779.0,62.0,33544.0,100.0,0.0,100.0,19.0,100.0,0.0,100.0,0.0,100.0,0.0,100.0,0.0,100.0,0.0,76.0,24.0,100.0,0.0,100.0,0.0,96.0,8007.0,24.0,24.0,100.0,0.0,100.0,0.0,200.0,0.0,100.0,33445.0,100.0,53445630072.0,100.0,161302350671.0
2019-08-07,Z304JMY0,ST4000DM000,4000787030016,0,114.0,68014528.0,91.0,0.0,100.0,19.0,100.0,0.0,89.0,892679091.0,62.0,33568.0,100.0,0.0,100.0,19.0,100.0,0.0,100.0,0.0,100.0,0.0,100.0,0.0,100.0,0.0,76.0,24.0,100.0,0.0,100.0,0.0,96.0,8007.0,24.0,24.0,100.0,0.0,100.0,0.0,200.0,0.0,100.0,33468.0,100.0,53466385456.0,100.0,161539646084.0
2019-08-08,Z304JMY0,ST4000DM000,4000787030016,0,111.0,33330840.0,91.0,0.0,100.0,19.0,100.0,0.0,89.0,894453854.0,62.0,33592.0,100.0,0.0,100.0,19.0,100.0,0.0,100.0,0.0,100.0,0.0,100.0,0.0,100.0,0.0,76.0,24.0,100.0,0.0,100.0,0.0,96.0,8007.0,24.0,24.0,100.0,0.0,100.0,0.0,200.0,0.0,100.0,33492.0,100.0,53486658032.0,100.0,161792930949.0
2019-08-09,Z304JMY0,ST4000DM000,4000787030016,0,111.0,32999464.0,91.0,0.0,100.0,19.0,100.0,0.0,89.0,896006601.0,62.0,33615.0,100.0,0.0,100.0,19.0,100.0,0.0,100.0,0.0,100.0,0.0,100.0,0.0,100.0,0.0,76.0,24.0,100.0,0.0,100.0,0.0,96.0,8007.0,24.0,24.0,100.0,0.0,100.0,0.0,200.0,0.0,100.0,33516.0,100.0,53504160152.0,100.0,162026620588.0
2019-08-10,Z304JMY0,ST4000DM000,4000787030016,0,120.0,237307616.0,91.0,0.0,100.0,19.0,100.0,0.0,89.0,897275293.0,62.0,33639.0,100.0,0.0,100.0,19.0,100.0,0.0,100.0,0.0,100.0,0.0,100.0,0.0,100.0,0.0,76.0,24.0,100.0,0.0,100.0,0.0,96.0,8007.0,24.0,24.0,100.0,0.0,100.0,0.0,200.0,0.0,100.0,33540.0,100.0,53518213504.0,100.0,162202994677.0
2019-08-11,Z304JMY0,ST4000DM000,4000787030016,0,112.0,44484736.0,91.0,0.0,100.0,19.0,100.0,0.0,89.0,899891253.0,62.0,33663.0,100.0,0.0,100.0,19.0,100.0,0.0,100.0,0.0,100.0,0.0,100.0,0.0,100.0,0.0,75.0,25.0,100.0,0.0,100.0,0.0,96.0,8007.0,25.0,25.0,100.0,0.0,100.0,0.0,200.0,0.0,100.0,33564.0,100.0,53540821840.0,100.0,162406219089.0
2019-08-12,Z304JMY0,ST4000DM000,4000787030016,0,119.0,232960840.0,91.0,0.0,100.0,19.0,100.0,0.0,89.0,902985244.0,62.0,33687.0,100.0,0.0,100.0,19.0,100.0,0.0,100.0,0.0,100.0,0.0,100.0,0.0,100.0,0.0,76.0,24.0,100.0,0.0,100.0,0.0,96.0,8007.0,24.0,24.0,100.0,0.0,100.0,0.0,200.0,0.0,100.0,33588.0,100.0,53559868992.0,100.0,162682635912.0
2019-08-13,Z304JMY0,ST4000DM000,4000787030016,0,114.0,74281320.0,91.0,0.0,100.0,19.0,100.0,0.0,89.0,904815219.0,62.0,33711.0,100.0,0.0,100.0,19.0,100.0,0.0,100.0,0.0,100.0,0.0,100.0,0.0,100.0,0.0,77.0,23.0,100.0,0.0,100.0,0.0,96.0,8007.0,23.0,23.0,100.0,0.0,100.0,0.0,200.0,0.0,100.0,33612.0,100.0,53575157640.0,100.0,162965328038.0
2019-08-14,Z304JMY0,ST4000DM000,4000787030016,0,116.0,101138952.0,91.0,0.0,100.0,19.0,100.0,0.0,89.0,908354348.0,62.0,33747.0,100.0,0.0,100.0,19.0,100.0,0.0,100.0,0.0,100.0,0.0,100.0,0.0,100.0,0.0,77.0,23.0,100.0,0.0,100.0,0.0,96.0,8007.0,23.0,23.0,100.0,0.0,100.0,0.0,200.0,0.0,100.0,33647.0,100.0,53613499336.0,100.0,163372726713.0
2019-08-15,Z304JMY0,ST4000DM000,4000787030016,0,114.0,60526736.0,91.0,0.0,100.0,19.0,100.0,0.0,89.0,910262989.0,62.0,33771.0,100.0,0.0,100.0,19.0,100.0,0.0,100.0,0.0,100.0,0.0,100.0,0.0,100.0,0.0,77.0,23.0,100.0,0.0,100.0,0.0,96.0,8007.0,23.0,23.0,100.0,0.0,100.0,0.0,200.0,0.0,100.0,33671.0,100.0,53634395240.0,100.0,163726906406.0
2019-08-16,Z304JMY0,ST4000DM000,4000787030016,0,116.0,111198104.0,91.0,0.0,100.0,19.0,100.0,0.0,89.0,911318762.0,62.0,33794.0,100.0,0.0,100.0,19.0,100.0,0.0,100.0,0.0,100.0,0.0,100.0,0.0,100.0,0.0,76.0,24.0,100.0,0.0,100.0,0.0,96.0,8007.0,24.0,24.0,100.0,0.0,100.0,0.0,200.0,0.0,100.0,33695.0,100.0,53650467632.0,100.0,164032277568.0
2019-08-17,Z304JMY0,ST4000DM000,4000787030016,0,119.0,232299328.0,91.0,0.0,100.0,19.0,100.0,0.0,89.0,912340884.0,62.0,33818.0,100.0,0.0,100.0,19.0,100.0,0.0,100.0,0.0,100.0,0.0,100.0,0.0,100.0,0.0,76.0,24.0,100.0,0.0,100.0,0.0,96.0,8007.0,24.0,24.0,100.0,0.0,100.0,0.0,200.0,0.0,100.0,33719.0,100.0,53669213344.0,100.0,164383693257.0
2019-08-18,Z304JMY0,ST4000DM000,4000787030016,0,114.0,71155864.0,91.0,0.0,100.0,19.0,100.0,0.0,89.0,913721422.0,62.0,33842.0,100.0,0.0,100.0,19.0,100.0,0.0,100.0,0.0,100.0,0.0,100.0,0.0,100.0,0.0,75.0,25.0,100.0,0.0,100.0,0.0,96.0,8007.0,25.0,25.0,100.0,0.0,100.0,0.0,200.0,0.0,100.0,33743.0,100.0,53685489320.0,100.0,164702249507.0
2019-08-19,Z304JMY0,ST4000DM000,4000787030016,0,119.0,205805336.0,91.0,0.0,100.0,19.0,100.0,0.0,89.0,916600616.0,62.0,33866.0,100.0,0.0,100.0,19.0,100.0,0.0,100.0,0.0,100.0,0.0,100.0,0.0,100.0,0.0,76.0,24.0,100.0,0.0,100.0,0.0,96.0,8007.0,24.0,24.0,100.0,0.0,100.0,0.0,200.0,0.0,100.0,33767.0,100.0,53718947760.0,100.0,164997831633.0
2019-08-20,Z304JMY0,ST4000DM000,4000787030016,0,116.0,114751432.0,91.0,0.0,100.0,19.0,100.0,0.0,89.0,919183353.0,62.0,33890.0,100.0,0.0,100.0,19.0,100.0,0.0,100.0,0.0,100.0,0.0,100.0,0.0,100.0,0.0,75.0,25.0,100.0,0.0,100.0,0.0,96.0,8007.0,25.0,25.0,100.0,0.0,100.0,0.0,200.0,0.0,100.0,33790.0,100.0,53736346616.0,100.0,165337368247.0
2019-08-21,Z304JMY0,ST4000DM000,4000787030016,0,119.0,208319448.0,91.0,0.0,100.0,19.0,100.0,0.0,89.0,922130698.0,62.0,33914.0,100.0,0.0,100.0,19.0,100.0,0.0,100.0,0.0,100.0,0.0,100.0,0.0,100.0,0.0,75.0,25.0,100.0,0.0,100.0,0.0,96.0,8007.0,25.0,25.0,100.0,0.0,100.0,0.0,200.0,0.0,100.0,33814.0,100.0,53759034104.0,100.0,165585928767.0
2019-08-22,Z304JMY0,ST4000DM000,4000787030016,0,113.0,51144064.0,91.0,0.0,100.0,19.0,100.0,0.0,89.0,923828538.0,62.0,33938.0,100.0,0.0,100.0,19.0,100.0,0.0,100.0,0.0,100.0,0.0,100.0,0.0,100.0,0.0,75.0,25.0,100.0,0.0,100.0,0.0,96.0,8007.0,25.0,25.0,100.0,0.0,100.0,0.0,200.0,0.0,100.0,33838.0,100.0,53771171056.0,100.0,165894399313.0
2019-08-23,Z304JMY0,ST4000DM000,4000787030016,0,117.0,126415088.0,91.0,0.0,100.0,19.0,100.0,0.0,89.0,925468543.0,62.0,33962.0,100.0,0.0,100.0,19.0,100.0,0.0,100.0,0.0,100.0,0.0,100.0,0.0,100.0,0.0,75.0,25.0,100.0,0.0,100.0,0.0,96.0,8007.0,25.0,25.0,100.0,0.0,100.0,0.0,200.0,0.0,100.0,33862.0,100.0,53790030288.0,100.0,166131953597.0
2019-08-24,Z304JMY0,ST4000DM000,4000787030016,0,119.0,216903880.0,91.0,0.0,100.0,19.0,100.0,0.0,89.0,927294940.0,62.0,33986.0,100.0,0.0,100.0,19.0,100.0,0.0,100.0,0.0,100.0,0.0,100.0,0.0,100.0,0.0,76.0,24.0,100.0,0.0,100.0,0.0,96.0,8007.0,24.0,24.0,100.0,0.0,100.0,0.0,200.0,0.0,100.0,33886.0,100.0,53804519176.0,100.0,166407057641.0
2019-08-25,Z304JMY0,ST4000DM000,4000787030016,0,120.0,243552800.0,91.0,0.0,100.0,19.0,100.0,0.0,89.0,929297366.0,62.0,34009.0,100.0,0.0,100.0,19.0,100.0,0.0,100.0,0.0,100.0,0.0,100.0,0.0,100.0,0.0,75.0,25.0,100.0,0.0,100.0,0.0,96.0,8007.0,25.0,25.0,100.0,0.0,100.0,0.0,200.0,0.0,100.0,33910.0,100.0,53816717600.0,100.0,166678926743.0
2019-08-26,Z304JMY0,ST4000DM000,4000787030016,0,119.0,211102176.0,91.0,0.0,100.0,19.0,100.0,0.0,89.0,932223684.0,62.0,34057.0,100.0,0.0,100.0,19.0,100.0,0.0,100.0,0.0,100.0,0.0,100.0,0.0,100.0,0.0,77.0,23.0,100.0,0.0,100.0,0.0,96.0,8007.0,23.0,23.0,100.0,0.0,100.0,0.0,200.0,0.0,100.0,33958.0,100.0,53847641232.0,100.0,166909001487.0
2019-08-27,Z304JMY0,ST4000DM000,4000787030016,0,119.0,211102176.0,91.0,0.0,100.0,19.0,100.0,0.0,89.0,932223684.0,62.0,34057.0,100.0,0.0,100.0,19.0,100.0,0.0,100.0,0.0,100.0,0.0,100.0,0.0,100.0,0.0,77.0,23.0,100.0,0.0,100.0,0.0,96.0,8007.0,23.0,23.0,100.0,0.0,100.0,0.0,200.0,0.0,100.0,33958.0,100.0,53847641232.0,100.0,166909001487.0
2019-08-28,Z304JMY0,ST4000DM000,4000787030016,0,116.0,100806200.0,91.0,0.0,100.0,19.0,100.0,0.0,89.0,934656805.0,62.0,34081.0,100.0,0.0,100.0,19.0,100.0,0.0,100.0,0.0,100.0,0.0,100.0,0.0,100.0,0.0,77.0,23.0,100.0,0.0,100.0,0.0,96.0,8007.0,23.0,23.0,100.0,0.0,100.0,0.0,200.0,0.0,100.0,33982.0,100.0,53865047824.0,100.0,167073767807.0
2019-08-29,Z304JMY0,ST4000DM000,4000787030016,0,117.0,133491984.0,91.0,0.0,100.0,19.0,100.0,0.0,89.0,937703565.0,62.0,34105.0,100.0,0.0,100.0,19.0,100.0,0.0,100.0,0.0,100.0,0.0,100.0,0.0,100.0,0.0,77.0,23.0,100.0,0.0,100.0,0.0,96.0,8007.0,23.0,23.0,100.0,0.0,100.0,0.0,200.0,0.0,100.0,34006.0,100.0,53881584336.0,100.0,167262391816.0
2019-08-30,Z304JMY0,ST4000DM000,4000787030016,0,102.0,4014448.0,91.0,0.0,100.0,19.0,100.0,0.0,89.0,939071715.0,62.0,34129.0,100.0,0.0,100.0,19.0,100.0,0.0,100.0,0.0,100.0,0.0,100.0,0.0,100.0,0.0,77.0,23.0,100.0,0.0,100.0,0.0,96.0,8007.0,23.0,23.0,100.0,0.0,100.0,0.0,200.0,0.0,100.0,34029.0,100.0,53907417616.0,100.0,167420600742.0
2019-08-31,Z304JMY0,ST4000DM000,4000787030016,0,118.0,193892328.0,91.0,0.0,100.0,19.0,100.0,0.0,90.0,940431582.0,62.0,34153.0,100.0,0.0,100.0,19.0,100.0,0.0,100.0,0.0,100.0,0.0,100.0,0.0,100.0,0.0,77.0,23.0,100.0,0.0,100.0,0.0,96.0,8007.0,23.0,23.0,100.0,0.0,100.0,0.0,200.0,0.0,100.0,34053.0,100.0,53922554264.0,100.0,167595529011.0
2019-09-01,Z304JMY0,ST4000DM000,4000787030016,0,115.0,84032408.0,91.0,0.0,100.0,19.0,100.0,0.0,90.0,942057754.0,61.0,34177.0,100.0,0.0,100.0,19.0,100.0,0.0,100.0,0.0,100.0,0.0,100.0,0.0,100.0,0.0,77.0,23.0,100.0,0.0,100.0,0.0,96.0,8007.0,23.0,23.0,100.0,0.0,100.0,0.0,200.0,0.0,100.0,34077.0,100.0,53931256440.0,100.0,167782595492.0
2019-09-02,Z304JMY0,ST4000DM000,4000787030016,0,113.0,53113496.0,91.0,0.0,100.0,19.0,100.0,0.0,90.0,944334941.0,61.0,34201.0,100.0,0.0,100.0,19.0,100.0,0.0,100.0,0.0,100.0,0.0,100.0,0.0,100.0,0.0,77.0,23.0,100.0,0.0,100.0,0.0,96.0,8007.0,23.0,23.0,100.0,0.0,100.0,0.0,200.0,0.0,100.0,34101.0,100.0,53950638008.0,100.0,167918709495.0
2019-09-03,Z304JMY0,ST4000DM000,4000787030016,0,118.0,173890088.0,91.0,0.0,100.0,19.0,100.0,0.0,90.0,946184056.0,61.0,34224.0,100.0,0.0,100.0,19.0,100.0,0.0,100.0,0.0,100.0,0.0,100.0,0.0,100.0,0.0,77.0,23.0,100.0,0.0,100.0,0.0,96.0,8007.0,23.0,23.0,100.0,0.0,100.0,0.0,200.0,0.0,100.0,34125.0,100.0,53973058728.0,100.0,168135207459.0
2019-09-04,Z304JMY0,ST4000DM000,4000787030016,0,112.0,44042112.0,91.0,0.0,100.0,19.0,100.0,0.0,90.0,949046966.0,61.0,34248.0,100.0,0.0,100.0,19.0,100.0,0.0,100.0,0.0,100.0,0.0,100.0,0.0,100.0,0.0,77.0,23.0,100.0,0.0,100.0,0.0,96.0,8007.0,23.0,23.0,100.0,0.0,100.0,0.0,200.0,0.0,100.0,34149.0,100.0,53990993744.0,100.0,168308081164.0
2019-09-05,Z304JMY0,ST4000DM000,4000787030016,0,114.0,59010424.0,91.0,0.0,100.0,19.0,100.0,0.0,90.0,950778649.0,61.0,34272.0,100.0,0.0,100.0,19.0,100.0,0.0,100.0,0.0,100.0,0.0,100.0,0.0,100.0,0.0,77.0,23.0,100.0,0.0,100.0,0.0,96.0,8007.0,23.0,23.0,100.0,0.0,100.0,0.0,200.0,0.0,100.0,34173.0,100.0,54005462008.0,100.0,168532028274.0
2019-09-06,Z304JMY0,ST4000DM000,4000787030016,0,102.0,4713584.0,91.0,0.0,100.0,19.0,100.0,0.0,90.0,952458463.0,61.0,34296.0,100.0,0.0,100.0,19.0,100.0,0.0,100.0,0.0,100.0,0.0,100.0,0.0,100.0,0.0,76.0,24.0,100.0,0.0,100.0,0.0,96.0,8007.0,24.0,24.0,100.0,0.0,100.0,0.0,200.0,0.0,100.0,34197.0,100.0,54019047408.0,100.0,168841739409.0
2019-09-07,Z304JMY0,ST4000DM000,4000787030016,0,114.0,74707680.0,91.0,0.0,100.0,19.0,100.0,0.0,90.0,953799624.0,61.0,34320.0,100.0,0.0,100.0,19.0,100.0,0.0,100.0,0.0,100.0,0.0,100.0,0.0,100.0,0.0,77.0,23.0,100.0,0.0,100.0,0.0,96.0,8007.0,23.0,23.0,100.0,0.0,100.0,0.0,200.0,0.0,100.0,34221.0,100.0,54031008056.0,100.0,169072510008.0
2019-09-08,Z304JMY0,ST4000DM000,4000787030016,0,115.0,92101616.0,91.0,0.0,100.0,19.0,100.0,0.0,90.0,955315685.0,61.0,34344.0,100.0,0.0,100.0,19.0,100.0,0.0,100.0,0.0,100.0,0.0,100.0,0.0,100.0,0.0,77.0,23.0,100.0,0.0,100.0,0.0,96.0,8007.0,23.0,23.0,100.0,0.0,100.0,0.0,200.0,0.0,100.0,34244.0,100.0,54043501808.0,100.0,169322303852.0
2019-09-09,Z304JMY0,ST4000DM000,4000787030016,0,117.0,136210440.0,91.0,0.0,100.0,19.0,100.0,0.0,90.0,958159296.0,61.0,34368.0,100.0,0.0,100.0,19.0,100.0,0.0,100.0,0.0,100.0,0.0,100.0,0.0,100.0,0.0,77.0,23.0,100.0,0.0,100.0,0.0,96.0,8007.0,23.0,23.0,100.0,0.0,100.0,0.0,200.0,0.0,100.0,34268.0,100.0,54069180568.0,100.0,169541448328.0
2019-09-10,Z304JMY0,ST4000DM000,4000787030016,0,118.0,178814888.0,91.0,0.0,100.0,19.0,100.0,0.0,90.0,959500738.0,61.0,34391.0,100.0,0.0,100.0,19.0,100.0,0.0,100.0,0.0,100.0,0.0,100.0,0.0,100.0,0.0,77.0,23.0,100.0,0.0,100.0,0.0,96.0,8007.0,23.0,23.0,100.0,0.0,100.0,0.0,200.0,0.0,100.0,34292.0,100.0,54096917376.0,100.0,169710056689.0
2019-09-11,Z304JMY0,ST4000DM000,4000787030016,0,118.0,195582848.0,91.0,0.0,100.0,19.0,100.0,0.0,90.0,961853820.0,61.0,34415.0,100.0,0.0,100.0,19.0,100.0,0.0,100.0,0.0,100.0,0.0,100.0,0.0,100.0,0.0,78.0,22.0,100.0,0.0,100.0,0.0,96.0,8007.0,22.0,22.0,100.0,0.0,100.0,0.0,200.0,0.0,100.0,34316.0,100.0,54116650448.0,100.0,169884692111.0
2019-09-12,Z304JMY0,ST4000DM000,4000787030016,0,110.0,25981792.0,91.0,0.0,100.0,19.0,100.0,0.0,90.0,963623330.0,61.0,34439.0,100.0,0.0,100.0,19.0,100.0,0.0,100.0,0.0,100.0,0.0,100.0,0.0,100.0,0.0,78.0,22.0,100.0,0.0,100.0,0.0,96.0,8007.0,22.0,22.0,100.0,0.0,100.0,0.0,200.0,0.0,100.0,34339.0,100.0,54131082752.0,100.0,170173241872.0
2019-09-13,Z304JMY0,ST4000DM000,4000787030016,0,115.0,87382992.0,91.0,0.0,100.0,19.0,100.0,0.0,90.0,965461533.0,61.0,34462.0,100.0,0.0,100.0,19.0,100.0,0.0,100.0,0.0,100.0,0.0,100.0,0.0,100.0,0.0,78.0,22.0,100.0,0.0,100.0,0.0,96.0,8007.0,22.0,22.0,100.0,0.0,100.0,0.0,200.0,0.0,100.0,34363.0,100.0,54143788864.0,100.0,170454065134.0
2019-09-14,Z304JMY0,ST4000DM000,4000787030016,0,115.0,91135728.0,91.0,0.0,100.0,19.0,100.0,0.0,90.0,967182492.0,61.0,34486.0,100.0,0.0,100.0,19.0,100.0,0.0,100.0,0.0,100.0,0.0,100.0,0.0,100.0,0.0,78.0,22.0,100.0,0.0,100.0,0.0,96.0,8007.0,22.0,22.0,100.0,0.0,100.0,0.0,200.0,0.0,100.0,34387.0,100.0,54160026240.0,100.0,170786809569.0
2019-09-15,Z304JMY0,ST4000DM000,4000787030016,0,108.0,18787728.0,91.0,0.0,100.0,19.0,100.0,0.0,90.0,968507447.0,61.0,34510.0,100.0,0.0,100.0,19.0,100.0,0.0,100.0,0.0,100.0,0.0,100.0,0.0,100.0,0.0,78.0,22.0,100.0,0.0,100.0,0.0,96.0,8007.0,22.0,22.0,100.0,0.0,100.0,0.0,200.0,0.0,100.0,34411.0,100.0,54175145784.0,100.0,171099843831.0
2019-09-16,Z304JMY0,ST4000DM000,4000787030016,0,119.0,223208648.0,91.0,0.0,100.0,19.0,100.0,0.0,90.0,971050454.0,61.0,34534.0,100.0,0.0,100.0,19.0,100.0,0.0,100.0,0.0,100.0,0.0,100.0,0.0,100.0,0.0,78.0,22.0,100.0,0.0,100.0,0.0,96.0,8007.0,22.0,22.0,100.0,0.0,100.0,0.0,200.0,0.0,100.0,34435.0,100.0,54193732168.0,100.0,171440034339.0
2019-09-17,Z304JMY0,ST4000DM000,4000787030016,0,117.0,120157440.0,91.0,0.0,100.0,19.0,100.0,0.0,90.0,973566340.0,61.0,34558.0,100.0,0.0,100.0,19.0,100.0,0.0,100.0,0.0,100.0,0.0,100.0,0.0,100.0,0.0,78.0,22.0,100.0,0.0,100.0,0.0,96.0,8007.0,22.0,22.0,100.0,0.0,100.0,0.0,200.0,0.0,100.0,34458.0,100.0,54210581176.0,100.0,171789756509.0
2019-09-18,Z304JMY0,ST4000DM000,4000787030016,0,117.0,126797664.0,91.0,0.0,100.0,19.0,100.0,0.0,90.0,975456289.0,61.0,34582.0,100.0,0.0,100.0,19.0,100.0,0.0,100.0,0.0,100.0,0.0,100.0,0.0,100.0,0.0,78.0,22.0,100.0,0.0,100.0,0.0,96.0,8007.0,22.0,22.0,100.0,0.0,100.0,0.0,200.0,0.0,100.0,34482.0,100.0,54229694496.0,100.0,171985179189.0
2019-09-19,Z304JMY0,ST4000DM000,4000787030016,0,118.0,190129672.0,91.0,0.0,100.0,19.0,100.0,0.0,90.0,977415113.0,61.0,34605.0,100.0,0.0,100.0,19.0,100.0,0.0,100.0,0.0,100.0,0.0,100.0,0.0,100.0,0.0,78.0,22.0,100.0,0.0,100.0,0.0,96.0,8007.0,22.0,22.0,100.0,0.0,100.0,0.0,200.0,0.0,100.0,34506.0,100.0,54250638600.0,100.0,172243091055.0
2019-09-20,Z304JMY0,ST4000DM000,4000787030016,0,112.0,48623272.0,91.0,0.0,100.0,19.0,100.0,0.0,90.0,979541937.0,61.0,34629.0,100.0,0.0,100.0,19.0,100.0,0.0,100.0,0.0,100.0,0.0,100.0,0.0,100.0,0.0,78.0,22.0,100.0,0.0,100.0,0.0,96.0,8007.0,22.0,22.0,100.0,0.0,100.0,0.0,200.0,0.0,100.0,34530.0,100.0,54269147008.0,100.0,172562414306.0
2019-09-21,Z304JMY0,ST4000DM000,4000787030016,0,118.0,188791544.0,91.0,0.0,100.0,19.0,100.0,0.0,90.0,981987691.0,61.0,34653.0,100.0,0.0,100.0,19.0,100.0,0.0,100.0,0.0,100.0,0.0,100.0,0.0,100.0,0.0,78.0,22.0,100.0,0.0,100.0,0.0,96.0,8007.0,22.0,22.0,100.0,0.0,100.0,0.0,200.0,0.0,100.0,34554.0,100.0,54291313344.0,100.0,172886923028.0
2019-09-22,Z304JMY0,ST4000DM000,4000787030016,0,112.0,43607216.0,91.0,0.0,100.0,19.0,100.0,0.0,90.0,983673467.0,61.0,34677.0,100.0,0.0,100.0,19.0,100.0,0.0,100.0,0.0,100.0,0.0,100.0,0.0,100.0,0.0,78.0,22.0,100.0,0.0,100.0,0.0,96.0,8007.0,22.0,22.0,100.0,0.0,100.0,0.0,200.0,0.0,100.0,34577.0,100.0,54311037256.0,100.0,173164206688.0
2019-09-23,Z304JMY0,ST4000DM000,4000787030016,0,114.0,60677592.0,91.0,0.0,100.0,19.0,100.0,0.0,90.0,986690364.0,61.0,34701.0,100.0,0.0,100.0,19.0,100.0,0.0,100.0,0.0,100.0,0.0,100.0,0.0,100.0,0.0,78.0,22.0,100.0,0.0,100.0,0.0,96.0,8007.0,22.0,22.0,100.0,0.0,100.0,0.0,200.0,0.0,100.0,34601.0,100.0,54336437328.0,100.0,173411550498.0
2019-09-24,Z304JMY0,ST4000DM000,4000787030016,0,119.0,232629848.0,91.0,0.0,100.0,19.0,100.0,0.0,90.0,988585857.0,61.0,34725.0,100.0,0.0,100.0,19.0,100.0,0.0,100.0,0.0,100.0,0.0,100.0,0.0,100.0,0.0,77.0,23.0,100.0,0.0,100.0,0.0,96.0,8007.0,23.0,23.0,100.0,0.0,100.0,0.0,200.0,0.0,100.0,34625.0,100.0,54367546896.0,100.0,173644579981.0
2019-09-25,Z304JMY0,ST4000DM000,4000787030016,0,117.0,149988128.0,91.0,0.0,100.0,19.0,100.0,0.0,90.0,991069776.0,61.0,34748.0,100.0,0.0,100.0,19.0,100.0,0.0,100.0,0.0,100.0,0.0,100.0,0.0,100.0,0.0,78.0,22.0,100.0,0.0,100.0,0.0,96.0,8007.0,22.0,22.0,100.0,0.0,100.0,0.0,200.0,0.0,100.0,34649.0,100.0,54394914784.0,100.0,173845342805.0
2019-09-26,Z304JMY0,ST4000DM000,4000787030016,0,116.0,115582560.0,91.0,0.0,100.0,19.0,100.0,0.0,90.0,992974141.0,61.0,34772.0,100.0,0.0,100.0,19.0,100.0,0.0,100.0,0.0,100.0,0.0,100.0,0.0,100.0,0.0,78.0,22.0,100.0,0.0,100.0,0.0,96.0,8007.0,22.0,22.0,100.0,0.0,100.0,0.0,200.0,0.0,100.0,34673.0,100.0,54415652576.0,100.0,174091390128.0
2019-09-27,Z304JMY0,ST4000DM000,4000787030016,0,112.0,42288512.0,91.0,0.0,100.0,19.0,100.0,0.0,90.0,993896280.0,61.0,34796.0,100.0,0.0,100.0,19.0,100.0,0.0,100.0,0.0,100.0,0.0,100.0,0.0,100.0,0.0,78.0,22.0,100.0,0.0,100.0,0.0,96.0,8007.0,22.0,22.0,100.0,0.0,100.0,0.0,200.0,0.0,100.0,34697.0,100.0,54430669352.0,100.0,174197204379.0
2019-09-28,Z304JMY0,ST4000DM000,4000787030016,0,111.0,40255256.0,91.0,0.0,100.0,19.0,100.0,0.0,90.0,994921507.0,61.0,34820.0,100.0,0.0,100.0,19.0,100.0,0.0,100.0,0.0,100.0,0.0,100.0,0.0,100.0,0.0,78.0,22.0,100.0,0.0,100.0,0.0,96.0,8007.0,22.0,22.0,100.0,0.0,100.0,0.0,200.0,0.0,100.0,34721.0,100.0,54453032296.0,100.0,174306011359.0
2019-09-29,Z304JMY0,ST4000DM000,4000787030016,0,113.0,53263464.0,91.0,0.0,100.0,19.0,100.0,0.0,90.0,996465698.0,61.0,34844.0,100.0,0.0,100.0,19.0,100.0,0.0,100.0,0.0,100.0,0.0,100.0,0.0,100.0,0.0,78.0,22.0,100.0,0.0,100.0,0.0,96.0,8007.0,22.0,22.0,100.0,0.0,100.0,0.0,200.0,0.0,100.0,34745.0,100.0,54468743696.0,100.0,174492501699.0
2019-09-30,Z304JMY0,ST4000DM000,4000787030016,0,117.0,127170160.0,91.0,0.0,100.0,19.0,100.0,0.0,90.0,999247730.0,61.0,34868.0,100.0,0.0,100.0,19.0,100.0,0.0,100.0,0.0,100.0,0.0,100.0,0.0,100.0,0.0,78.0,22.0,100.0,0.0,100.0,0.0,96.0,8007.0,22.0,22.0,100.0,0.0,100.0,0.0,200.0,0.0,100.0,34768.0,100.0,54505191072.0,100.0,174664107602.0
2019-10-01,Z304JMY0,ST4000DM000,4000787030016,0,108.0,20448416.0,91.0,0.0,100.0,19.0,100.0,0.0,90.0,917613.0,61.0,34892.0,100.0,0.0,100.0,19.0,100.0,0.0,100.0,0.0,100.0,0.0,100.0,0.0,100.0,0.0,78.0,22.0,100.0,0.0,100.0,0.0,96.0,8007.0,22.0,22.0,100.0,0.0,100.0,0.0,200.0,0.0,100.0,34792.0,100.0,54533302904.0,100.0,174857225677.0
2019-10-02,Z304JMY0,ST4000DM000,4000787030016,0,117.0,140774680.0,91.0,0.0,100.0,19.0,100.0,0.0,64.0,2795270.0,61.0,34915.0,100.0,0.0,100.0,19.0,100.0,0.0,100.0,0.0,100.0,0.0,100.0,0.0,100.0,0.0,77.0,23.0,100.0,0.0,100.0,0.0,96.0,8007.0,23.0,23.0,100.0,0.0,100.0,0.0,200.0,0.0,100.0,34816.0,100.0,54558658912.0,100.0,174978522562.0
2019-10-03,Z304JMY0,ST4000DM000,4000787030016,0,117.0,122883672.0,91.0,0.0,100.0,19.0,100.0,0.0,66.0,4266549.0,61.0,34939.0,100.0,0.0,100.0,19.0,100.0,0.0,100.0,0.0,100.0,0.0,100.0,0.0,100.0,0.0,78.0,22.0,100.0,0.0,100.0,0.0,96.0,8007.0,22.0,22.0,100.0,0.0,100.0,0.0,200.0,0.0,100.0,34840.0,100.0,54573304160.0,100.0,175124055772.0
2019-10-04,Z304JMY0,ST4000DM000,4000787030016,0,105.0,10380480.0,91.0,0.0,100.0,19.0,100.0,0.0,67.0,6061081.0,61.0,34963.0,100.0,0.0,100.0,19.0,100.0,0.0,100.0,0.0,100.0,0.0,100.0,0.0,100.0,0.0,78.0,22.0,100.0,0.0,100.0,0.0,96.0,8007.0,22.0,22.0,100.0,0.0,100.0,0.0,200.0,0.0,100.0,34863.0,100.0,54587244384.0,100.0,175226337963.0
2019-10-05,Z304JMY0,ST4000DM000,4000787030016,0,117.0,150080616.0,91.0,0.0,100.0,19.0,100.0,0.0,68.0,6605050.0,61.0,34987.0,100.0,0.0,100.0,19.0,100.0,0.0,100.0,0.0,100.0,0.0,100.0,0.0,100.0,0.0,78.0,22.0,100.0,0.0,100.0,0.0,96.0,8007.0,22.0,22.0,100.0,0.0,100.0,0.0,200.0,0.0,100.0,34887.0,100.0,54601767184.0,100.0,175278122065.0
2019-10-06,Z304JMY0,ST4000DM000,4000787030016,0,116.0,108456984.0,91.0,0.0,100.0,19.0,100.0,0.0,69.0,7444030.0,61.0,35010.0,100.0,0.0,100.0,19.0,100.0,0.0,100.0,0.0,100.0,0.0,100.0,0.0,100.0,0.0,78.0,22.0,100.0,0.0,100.0,0.0,96.0,8007.0,22.0,22.0,100.0,0.0,100.0,0.0,200.0,0.0,100.0,34911.0,100.0,54630033664.0,100.0,175350044183.0
2019-10-07,Z304JMY0,ST4000DM000,4000787030016,0,114.0,68646712.0,91.0,0.0,100.0,19.0,100.0,0.0,69.0,9419088.0,61.0,35034.0,100.0,0.0,100.0,19.0,100.0,0.0,100.0,0.0,100.0,0.0,100.0,0.0,100.0,0.0,78.0,22.0,100.0,0.0,100.0,0.0,96.0,8007.0,22.0,22.0,100.0,0.0,100.0,0.0,200.0,0.0,100.0,34935.0,100.0,54668051912.0,100.0,175411256277.0
2019-10-08,Z304JMY0,ST4000DM000,4000787030016,0,116.0,104832968.0,91.0,0.0,100.0,19.0,100.0,0.0,69.0,10061238.0,60.0,35058.0,100.0,0.0,100.0,19.0,100.0,0.0,100.0,0.0,100.0,0.0,100.0,0.0,100.0,0.0,77.0,23.0,100.0,0.0,100.0,0.0,96.0,8007.0,23.0,23.0,100.0,0.0,100.0,0.0,200.0,0.0,100.0,34959.0,100.0,54702597192.0,100.0,175453122996.0
2019-10-09,Z304JMY0,ST4000DM000,4000787030016,0,118.0,191965096.0,91.0,0.0,100.0,19.0,100.0,0.0,70.0,11940553.0,60.0,35082.0,100.0,0.0,100.0,19.0,100.0,0.0,100.0,0.0,100.0,0.0,100.0,0.0,100.0,0.0,76.0,24.0,100.0,0.0,100.0,0.0,96.0,8007.0,24.0,24.0,100.0,0.0,100.0,0.0,200.0,0.0,100.0,34983.0,100.0,54726718400.0,100.0,175504458415.0
2019-10-10,Z304JMY0,ST4000DM000,4000787030016,0,115.0,93922480.0,91.0,0.0,100.0,19.0,100.0,0.0,71.0,13620221.0,60.0,35118.0,100.0,0.0,100.0,19.0,100.0,0.0,100.0,0.0,100.0,0.0,100.0,0.0,100.0,0.0,78.0,22.0,100.0,0.0,100.0,0.0,96.0,8007.0,22.0,22.0,100.0,0.0,100.0,0.0,200.0,0.0,100.0,35018.0,100.0,54766785832.0,100.0,175679744317.0
2019-10-11,Z304JMY0,ST4000DM000,4000787030016,0,120.0,235457880.0,91.0,0.0,100.0,19.0,100.0,0.0,71.0,14581454.0,60.0,35142.0,100.0,0.0,100.0,19.0,100.0,0.0,100.0,0.0,100.0,0.0,100.0,0.0,100.0,0.0,78.0,22.0,100.0,0.0,100.0,0.0,96.0,8007.0,22.0,22.0,100.0,0.0,100.0,0.0,200.0,0.0,100.0,35042.0,100.0,54789306376.0,100.0,175789393501.0
2019-10-12,Z304JMY0,ST4000DM000,4000787030016,0,119.0,215183160.0,91.0,0.0,100.0,19.0,100.0,0.0,72.0,15922205.0,60.0,35166.0,100.0,0.0,100.0,19.0,100.0,0.0,100.0,0.0,100.0,0.0,100.0,0.0,100.0,0.0,78.0,22.0,100.0,0.0,100.0,0.0,96.0,8007.0,22.0,22.0,100.0,0.0,100.0,0.0,200.0,0.0,100.0,35066.0,100.0,54810799880.0,100.0,175905202248.0
2019-10-13,Z304JMY0,ST4000DM000,4000787030016,0,119.0,214690384.0,91.0,0.0,100.0,19.0,100.0,0.0,72.0,17922977.0,60.0,35190.0,100.0,0.0,100.0,19.0,100.0,0.0,100.0,0.0,100.0,0.0,100.0,0.0,100.0,0.0,77.0,23.0,100.0,0.0,100.0,0.0,96.0,8007.0,23.0,23.0,100.0,0.0,100.0,0.0,200.0,0.0,100.0,35090.0,100.0,54820897384.0,100.0,176024254592.0
2019-10-14,Z304JMY0,ST4000DM000,4000787030016,0,117.0,163876256.0,91.0,0.0,100.0,19.0,100.0,0.0,72.0,19221009.0,60.0,35213.0,100.0,0.0,100.0,19.0,100.0,0.0,100.0,0.0,100.0,0.0,100.0,0.0,100.0,0.0,78.0,22.0,100.0,0.0,100.0,0.0,96.0,8007.0,22.0,22.0,100.0,0.0,100.0,0.0,200.0,0.0,100.0,35114.0,100.0,54835692408.0,100.0,176122509580.0
2019-10-15,Z304JMY0,ST4000DM000,4000787030016,0,118.0,188607744.0,91.0,0.0,100.0,19.0,100.0,0.0,73.0,22122341.0,60.0,35249.0,100.0,0.0,100.0,19.0,100.0,0.0,100.0,0.0,100.0,0.0,100.0,0.0,100.0,0.0,73.0,27.0,100.0,0.0,100.0,0.0,96.0,8007.0,27.0,27.0,100.0,0.0,100.0,0.0,200.0,0.0,100.0,35150.0,100.0,54854166896.0,100.0,176257170713.0
2019-10-16,Z304JMY0,ST4000DM000,4000787030016,0,118.0,188607744.0,91.0,0.0,100.0,19.0,100.0,0.0,73.0,22122341.0,60.0,35249.0,100.0,0.0,100.0,19.0,100.0,0.0,100.0,0.0,100.0,0.0,100.0,0.0,100.0,0.0,73.0,27.0,100.0,0.0,100.0,0.0,96.0,8007.0,27.0,27.0,100.0,0.0,100.0,0.0,200.0,0.0,100.0,35150.0,100.0,54854166896.0,100.0,176257170713.0
2019-10-17,Z304JMY0,ST4000DM000,4000787030016,0,120.0,2355384.0,91.0,0.0,100.0,19.0,100.0,0.0,73.0,24209278.0,60.0,35273.0,100.0,0.0,100.0,19.0,100.0,0.0,100.0,0.0,100.0,0.0,100.0,0.0,100.0,0.0,76.0,24.0,100.0,0.0,100.0,0.0,96.0,8007.0,24.0,24.0,100.0,0.0,100.0,0.0,200.0,0.0,100.0,35173.0,100.0,54868613072.0,100.0,176477284351.0
2019-10-18,Z304JMY0,ST4000DM000,4000787030016,0,114.0,64959488.0,91.0,0.0,100.0,19.0,100.0,0.0,74.0,26622540.0,60.0,35309.0,100.0,0.0,100.0,19.0,100.0,0.0,100.0,0.0,100.0,0.0,100.0,0.0,100.0,0.0,78.0,22.0,100.0,0.0,100.0,0.0,96.0,8007.0,22.0,22.0,100.0,0.0,100.0,0.0,200.0,0.0,100.0,35209.0,100.0,54910643456.0,100.0,176834158913.0
2019-10-19,Z304JMY0,ST4000DM000,4000787030016,0,119.0,217415768.0,91.0,0.0,100.0,19.0,100.0,0.0,74.0,28349433.0,60.0,35332.0,100.0,0.0,100.0,19.0,100.0,0.0,100.0,0.0,100.0,0.0,100.0,0.0,100.0,0.0,78.0,22.0,100.0,0.0,100.0,0.0,96.0,8007.0,22.0,22.0,100.0,0.0,100.0,0.0,200.0,0.0,100.0,35233.0,100.0,54936720656.0,100.0,177075493539.0
2019-10-20,Z304JMY0,ST4000DM000,4000787030016,0,118.0,174634904.0,91.0,0.0,100.0,19.0,100.0,0.0,75.0,30464632.0,60.0,35356.0,100.0,0.0,100.0,19.0,100.0,0.0,100.0,0.0,100.0,0.0,100.0,0.0,100.0,0.0,77.0,23.0,100.0,0.0,100.0,0.0,96.0,8007.0,23.0,23.0,100.0,0.0,100.0,0.0,200.0,0.0,100.0,35257.0,100.0,54956438904.0,100.0,177270429346.0
2019-10-21,Z304JMY0,ST4000DM000,4000787030016,0,117.0,148585360.0,91.0,0.0,100.0,19.0,100.0,0.0,75.0,32436453.0,60.0,35380.0,100.0,0.0,100.0,19.0,100.0,0.0,100.0,0.0,100.0,0.0,100.0,0.0,100.0,0.0,77.0,23.0,100.0,0.0,100.0,0.0,96.0,8007.0,23.0,23.0,100.0,0.0,100.0,0.0,200.0,0.0,100.0,35280.0,100.0,54975269968.0,100.0,177457801510.0
2019-10-22,Z304JMY0,ST4000DM000,4000787030016,0,113.0,57815720.0,91.0,0.0,100.0,19.0,100.0,0.0,75.0,34126080.0,60.0,35404.0,100.0,0.0,100.0,19.0,100.0,0.0,100.0,0.0,100.0,0.0,100.0,0.0,100.0,0.0,77.0,23.0,100.0,0.0,100.0,0.0,96.0,8007.0,23.0,23.0,100.0,0.0,100.0,0.0,200.0,0.0,100.0,35304.0,100.0,54993702768.0,100.0,177714434232.0
2019-10-23,Z304JMY0,ST4000DM000,4000787030016,0,109.0,24530504.0,91.0,0.0,100.0,19.0,100.0,0.0,75.0,36817939.0,60.0,35428.0,100.0,0.0,100.0,19.0,100.0,0.0,100.0,0.0,100.0,0.0,100.0,0.0,100.0,0.0,77.0,23.0,100.0,0.0,100.0,0.0,96.0,8007.0,23.0,23.0,100.0,0.0,100.0,0.0,200.0,0.0,100.0,35328.0,100.0,55014675208.0,100.0,177914315769.0
2019-10-24,Z304JMY0,ST4000DM000,4000787030016,0,119.0,220239104.0,91.0,0.0,100.0,19.0,100.0,0.0,75.0,38577270.0,60.0,35451.0,100.0,0.0,100.0,19.0,100.0,0.0,100.0,0.0,100.0,0.0,100.0,0.0,100.0,0.0,77.0,23.0,100.0,0.0,100.0,0.0,96.0,8007.0,23.0,23.0,100.0,0.0,100.0,0.0,200.0,0.0,100.0,35352.0,100.0,55029621896.0,100.0,178213511789.0
2019-10-25,Z304JMY0,ST4000DM000,4000787030016,0,119.0,231494912.0,91.0,0.0,100.0,19.0,100.0,0.0,75.0,40301580.0,60.0,35475.0,100.0,0.0,100.0,19.0,100.0,0.0,100.0,0.0,100.0,0.0,100.0,0.0,100.0,0.0,77.0,23.0,100.0,0.0,100.0,0.0,96.0,8007.0,23.0,23.0,100.0,0.0,100.0,0.0,200.0,0.0,100.0,35376.0,100.0,55039713216.0,100.0,178577567257.0
2019-10-26,Z304JMY0,ST4000DM000,4000787030016,0,117.0,146354672.0,91.0,0.0,100.0,19.0,100.0,0.0,75.0,41264224.0,60.0,35499.0,100.0,0.0,100.0,19.0,100.0,0.0,100.0,0.0,100.0,0.0,100.0,0.0,100.0,0.0,77.0,23.0,100.0,0.0,100.0,0.0,96.0,8007.0,23.0,23.0,100.0,0.0,100.0,0.0,200.0,0.0,100.0,35400.0,100.0,55048058064.0,100.0,178896815149.0
2019-10-27,Z304JMY0,ST4000DM000,4000787030016,0,111.0,41183536.0,91.0,0.0,100.0,19.0,100.0,0.0,76.0,42639680.0,60.0,35523.0,100.0,0.0,100.0,19.0,100.0,0.0,100.0,0.0,100.0,0.0,100.0,0.0,100.0,0.0,77.0,23.0,100.0,0.0,100.0,0.0,96.0,8007.0,23.0,23.0,100.0,0.0,100.0,0.0,200.0,0.0,100.0,35423.0,100.0,55058688280.0,100.0,179263390233.0
2019-10-28,Z304JMY0,ST4000DM000,4000787030016,0,117.0,131524976.0,91.0,0.0,100.0,19.0,100.0,0.0,76.0,44802396.0,60.0,35547.0,100.0,0.0,100.0,19.0,100.0,0.0,100.0,0.0,100.0,0.0,100.0,0.0,100.0,0.0,78.0,22.0,100.0,0.0,100.0,0.0,96.0,8007.0,22.0,22.0,100.0,0.0,100.0,0.0,200.0,0.0,100.0,35447.0,100.0,55070940416.0,100.0,179568137514.0
2019-10-29,Z304JMY0,ST4000DM000,4000787030016,0,116.0,115046456.0,91.0,0.0,100.0,19.0,100.0,0.0,76.0,45662856.0,60.0,35559.0,100.0,0.0,100.0,19.0,100.0,0.0,100.0,0.0,100.0,0.0,100.0,0.0,100.0,0.0,77.0,23.0,100.0,0.0,100.0,0.0,96.0,8007.0,23.0,23.0,100.0,0.0,100.0,0.0,200.0,0.0,100.0,35459.0,100.0,55074498352.0,100.0,179725131587.0
2019-10-30,Z304JMY0,ST4000DM000,4000787030016,0,117.0,133495224.0,91.0,0.0,100.0,19.0,100.0,0.0,76.0,49093168.0,60.0,35594.0,100.0,0.0,100.0,19.0,100.0,0.0,100.0,0.0,100.0,0.0,100.0,0.0,100.0,0.0,77.0,23.0,100.0,0.0,100.0,0.0,96.0,8007.0,23.0,23.0,100.0,0.0,100.0,0.0,200.0,0.0,100.0,35495.0,100.0,55094567416.0,100.0,180060443820.0
2019-10-31,Z304JMY0,ST4000DM000,4000787030016,0,117.0,129808360.0,91.0,0.0,100.0,19.0,100.0,0.0,77.0,51260566.0,60.0,35618.0,100.0,0.0,100.0,19.0,100.0,0.0,100.0,0.0,100.0,0.0,100.0,0.0,100.0,0.0,76.0,24.0,100.0,0.0,100.0,0.0,96.0,8007.0,24.0,24.0,100.0,0.0,100.0,0.0,200.0,0.0,100.0,35519.0,100.0,55106032072.0,100.0,180198008717.0
2019-11-01,Z304JMY0,ST4000DM000,4000787030016,0,109.0,23104384.0,91.0,0.0,100.0,19.0,100.0,0.0,77.0,53674575.0,60.0,35642.0,100.0,0.0,100.0,19.0,100.0,0.0,100.0,0.0,100.0,0.0,100.0,0.0,100.0,0.0,77.0,23.0,100.0,0.0,100.0,0.0,96.0,8007.0,23.0,23.0,100.0,0.0,100.0,0.0,200.0,0.0,100.0,35542.0,100.0,55110839336.0,100.0,180463164969.0
2019-11-02,Z304JMY0,ST4000DM000,4000787030016,0,111.0,40512896.0,91.0,0.0,100.0,19.0,100.0,0.0,77.0,55282805.0,60.0,35666.0,100.0,0.0,100.0,19.0,100.0,0.0,100.0,0.0,100.0,0.0,100.0,0.0,100.0,0.0,77.0,23.0,100.0,0.0,100.0,0.0,96.0,8007.0,23.0,23.0,100.0,0.0,100.0,0.0,200.0,0.0,100.0,35566.0,100.0,55116655768.0,100.0,180744898732.0
2019-11-03,Z304JMY0,ST4000DM000,4000787030016,0,118.0,195547816.0,91.0,0.0,100.0,19.0,100.0,0.0,77.0,57303899.0,60.0,35689.0,100.0,0.0,100.0,19.0,100.0,0.0,100.0,0.0,100.0,0.0,100.0,0.0,100.0,0.0,76.0,24.0,100.0,0.0,100.0,0.0,96.0,8007.0,24.0,24.0,100.0,0.0,100.0,0.0,200.0,0.0,100.0,35590.0,100.0,55120933904.0,100.0,181024891529.0
2019-11-04,Z304JMY0,ST4000DM000,4000787030016,0,109.0,25084664.0,91.0,0.0,100.0,19.0,100.0,0.0,78.0,59907161.0,60.0,35713.0,100.0,0.0,100.0,19.0,100.0,0.0,100.0,0.0,100.0,0.0,100.0,0.0,100.0,0.0,77.0,23.0,100.0,0.0,100.0,0.0,96.0,8007.0,23.0,23.0,100.0,0.0,100.0,0.0,200.0,0.0,100.0,35614.0,100.0,55130833656.0,100.0,181266334973.0
2019-11-06,Z304JMY0,ST4000DM000,4000787030016,0,117.0,165044080.0,91.0,0.0,100.0,19.0,100.0,0.0,78.0,62896833.0,60.0,35761.0,100.0,0.0,100.0,19.0,100.0,0.0,100.0,0.0,100.0,0.0,100.0,0.0,100.0,0.0,77.0,23.0,100.0,0.0,100.0,0.0,96.0,8007.0,23.0,23.0,100.0,0.0,100.0,0.0,200.0,0.0,100.0,35662.0,100.0,55142413576.0,100.0,181553632859.0
2019-11-07,Z304JMY0,ST4000DM000,4000787030016,0,118.0,185628800.0,91.0,0.0,100.0,19.0,100.0,0.0,78.0,63641666.0,60.0,35785.0,100.0,0.0,100.0,19.0,100.0,0.0,100.0,0.0,100.0,0.0,100.0,0.0,100.0,0.0,77.0,23.0,100.0,0.0,100.0,0.0,96.0,8007.0,23.0,23.0,100.0,0.0,100.0,0.0,200.0,0.0,100.0,35685.0,100.0,55150252888.0,100.0,181657142279.0
2019-11-08,Z304JMY0,ST4000DM000,4000787030016,0,108.0,16054760.0,91.0,0.0,100.0,19.0,100.0,0.0,78.0,64896880.0,60.0,35809.0,100.0,0.0,100.0,19.0,100.0,0.0,100.0,0.0,100.0,0.0,100.0,0.0,100.0,0.0,77.0,23.0,100.0,0.0,100.0,0.0,96.0,8007.0,23.0,23.0,100.0,0.0,100.0,0.0,200.0,0.0,100.0,35709.0,100.0,55155339952.0,100.0,181826779810.0
2019-11-09,Z304JMY0,ST4000DM000,4000787030016,0,117.0,120691656.0,91.0,0.0,100.0,19.0,100.0,0.0,78.0,66146183.0,60.0,35832.0,100.0,0.0,100.0,19.0,100.0,0.0,100.0,0.0,100.0,0.0,100.0,0.0,100.0,0.0,77.0,23.0,100.0,0.0,100.0,0.0,96.0,8007.0,23.0,23.0,100.0,0.0,100.0,0.0,200.0,0.0,100.0,35733.0,100.0,55160862160.0,100.0,181986914545.0
2019-11-10,Z304JMY0,ST4000DM000,4000787030016,0,111.0,34240096.0,91.0,0.0,100.0,19.0,100.0,0.0,78.0,67468765.0,60.0,35856.0,100.0,0.0,100.0,19.0,100.0,0.0,100.0,0.0,100.0,0.0,100.0,0.0,100.0,0.0,77.0,23.0,100.0,0.0,100.0,0.0,96.0,8007.0,23.0,23.0,100.0,0.0,100.0,0.0,200.0,0.0,100.0,35757.0,100.0,55165078096.0,100.0,182158940360.0
2019-11-11,Z304JMY0,ST4000DM000,4000787030016,0,115.0,93074512.0,91.0,0.0,100.0,19.0,100.0,0.0,78.0,70074714.0,60.0,35880.0,100.0,0.0,100.0,19.0,100.0,0.0,100.0,0.0,100.0,0.0,100.0,0.0,100.0,0.0,77.0,23.0,100.0,0.0,100.0,0.0,96.0,8007.0,23.0,23.0,100.0,0.0,100.0,0.0,200.0,0.0,100.0,35781.0,100.0,55169370896.0,100.0,182364195054.0
2019-11-12,Z304JMY0,ST4000DM000,4000787030016,0,119.0,230909688.0,91.0,0.0,100.0,19.0,100.0,0.0,78.0,70818198.0,60.0,35904.0,100.0,0.0,100.0,19.0,100.0,0.0,100.0,0.0,100.0,0.0,100.0,0.0,100.0,0.0,78.0,22.0,100.0,0.0,100.0,0.0,96.0,8007.0,22.0,22.0,100.0,0.0,100.0,0.0,200.0,0.0,100.0,35805.0,100.0,55175795848.0,100.0,182458294033.0
2019-11-13,Z304JMY0,ST4000DM000,4000787030016,0,117.0,140448336.0,91.0,0.0,100.0,19.0,100.0,0.0,78.0,72913344.0,59.0,35928.0,100.0,0.0,100.0,19.0,100.0,0.0,100.0,0.0,100.0,0.0,100.0,0.0,100.0,0.0,76.0,24.0,100.0,0.0,100.0,0.0,96.0,8007.0,24.0,24.0,100.0,0.0,100.0,0.0,200.0,0.0,100.0,35828.0,100.0,55180306808.0,100.0,182601127851.0
2019-11-14,Z304JMY0,ST4000DM000,4000787030016,0,117.0,155285128.0,91.0,0.0,100.0,19.0,100.0,0.0,78.0,75244451.0,59.0,35951.0,100.0,0.0,100.0,19.0,100.0,0.0,100.0,0.0,100.0,0.0,100.0,0.0,100.0,0.0,77.0,23.0,100.0,0.0,100.0,0.0,96.0,8007.0,23.0,23.0,100.0,0.0,100.0,0.0,200.0,0.0,100.0,35852.0,100.0,55189440616.0,100.0,182874263895.0
2019-11-15,Z304JMY0,ST4000DM000,4000787030016,0,116.0,104061768.0,91.0,0.0,100.0,19.0,100.0,0.0,78.0,76650104.0,59.0,35975.0,100.0,0.0,100.0,19.0,100.0,0.0,100.0,0.0,100.0,0.0,100.0,0.0,100.0,0.0,77.0,23.0,100.0,0.0,100.0,0.0,96.0,8007.0,23.0,23.0,100.0,0.0,100.0,0.0,200.0,0.0,100.0,35876.0,100.0,55194072968.0,100.0,183092428928.0
2019-11-16,Z304JMY0,ST4000DM000,4000787030016,0,116.0,113847712.0,91.0,0.0,100.0,19.0,100.0,0.0,78.0,78163319.0,59.0,35999.0,100.0,0.0,100.0,19.0,100.0,0.0,100.0,0.0,100.0,0.0,100.0,0.0,100.0,0.0,77.0,23.0,100.0,0.0,100.0,0.0,96.0,8007.0,23.0,23.0,100.0,0.0,100.0,0.0,200.0,0.0,100.0,35900.0,100.0,55204535864.0,100.0,183372943344.0
2019-11-17,Z304JMY0,ST4000DM000,4000787030016,0,118.0,173273856.0,91.0,0.0,100.0,19.0,100.0,0.0,78.0,79398350.0,59.0,36023.0,100.0,0.0,100.0,19.0,100.0,0.0,100.0,0.0,100.0,0.0,100.0,0.0,100.0,0.0,75.0,25.0,100.0,0.0,100.0,0.0,96.0,8007.0,25.0,25.0,100.0,0.0,100.0,0.0,200.0,0.0,100.0,35923.0,100.0,55209470872.0,100.0,183592458355.0
2019-11-18,Z304JMY0,ST4000DM000,4000787030016,0,117.0,148745384.0,91.0,0.0,100.0,19.0,100.0,0.0,78.0,82157970.0,59.0,36047.0,100.0,0.0,100.0,19.0,100.0,0.0,100.0,0.0,100.0,0.0,100.0,0.0,100.0,0.0,77.0,23.0,100.0,0.0,100.0,0.0,96.0,8007.0,23.0,23.0,100.0,0.0,100.0,0.0,200.0,0.0,100.0,35947.0,100.0,55216566520.0,100.0,183841175821.0
2019-11-19,Z304JMY0,ST4000DM000,4000787030016,0,114.0,75492912.0,91.0,0.0,100.0,19.0,100.0,0.0,78.0,83168472.0,59.0,36070.0,100.0,0.0,100.0,19.0,100.0,0.0,100.0,0.0,100.0,0.0,100.0,0.0,100.0,0.0,77.0,23.0,100.0,0.0,100.0,0.0,96.0,8007.0,23.0,23.0,100.0,0.0,100.0,0.0,200.0,0.0,100.0,35971.0,100.0,55225643912.0,100.0,183980011579.0
2019-11-20,Z304JMY0,ST4000DM000,4000787030016,0,117.0,150657216.0,91.0,0.0,100.0,19.0,100.0,0.0,79.0,85328491.0,59.0,36094.0,100.0,0.0,100.0,19.0,100.0,0.0,100.0,0.0,100.0,0.0,100.0,0.0,100.0,0.0,78.0,22.0,100.0,0.0,100.0,0.0,96.0,8007.0,22.0,22.0,100.0,0.0,100.0,0.0,200.0,0.0,100.0,35995.0,100.0,55239505056.0,100.0,184153318418.0
2019-11-21,Z304JMY0,ST4000DM000,4000787030016,0,118.0,169250640.0,91.0,0.0,100.0,19.0,100.0,0.0,79.0,88299647.0,59.0,36118.0,100.0,0.0,100.0,19.0,100.0,0.0,100.0,0.0,100.0,0.0,100.0,0.0,100.0,0.0,77.0,23.0,100.0,0.0,100.0,0.0,96.0,8007.0,23.0,23.0,100.0,0.0,100.0,0.0,200.0,0.0,100.0,36018.0,100.0,55245349496.0,100.0,184438922434.0
2019-11-22,Z304JMY0,ST4000DM000,4000787030016,0,108.0,19238792.0,91.0,0.0,100.0,19.0,100.0,0.0,79.0,90042100.0,59.0,36142.0,100.0,0.0,100.0,19.0,100.0,0.0,100.0,0.0,100.0,0.0,100.0,0.0,100.0,0.0,74.0,26.0,100.0,0.0,100.0,0.0,96.0,8007.0,26.0,26.0,100.0,0.0,100.0,0.0,200.0,0.0,100.0,36042.0,100.0,55252811920.0,100.0,184740629564.0
2019-11-23,Z304JMY0,ST4000DM000,4000787030016,0,117.0,134917088.0,91.0,0.0,100.0,19.0,100.0,0.0,79.0,91763789.0,59.0,36166.0,100.0,0.0,100.0,19.0,100.0,0.0,100.0,0.0,100.0,0.0,100.0,0.0,100.0,0.0,77.0,23.0,100.0,0.0,100.0,0.0,96.0,8007.0,23.0,23.0,100.0,0.0,100.0,0.0,200.0,0.0,100.0,36066.0,100.0,55266317704.0,100.0,185088316823.0
2019-11-24,Z304JMY0,ST4000DM000,4000787030016,0,115.0,84521728.0,91.0,0.0,100.0,19.0,100.0,0.0,79.0,92780481.0,59.0,36189.0,100.0,0.0,100.0,19.0,100.0,0.0,100.0,0.0,100.0,0.0,100.0,0.0,100.0,0.0,77.0,23.0,100.0,0.0,100.0,0.0,96.0,8007.0,23.0,23.0,100.0,0.0,100.0,0.0,200.0,0.0,100.0,36090.0,100.0,55272897216.0,100.0,185375431649.0
2019-11-25,Z304JMY0,ST4000DM000,4000787030016,0,117.0,148176488.0,91.0,0.0,100.0,19.0,100.0,0.0,79.0,94991670.0,59.0,36213.0,100.0,0.0,100.0,19.0,100.0,0.0,100.0,0.0,100.0,0.0,100.0,0.0,100.0,0.0,77.0,23.0,100.0,0.0,100.0,0.0,96.0,8007.0,23.0,23.0,100.0,0.0,100.0,0.0,200.0,0.0,100.0,36114.0,100.0,55283120112.0,100.0,185740072541.0
2019-11-26,Z304JMY0,ST4000DM000,4000787030016,0,119.0,225067640.0,91.0,0.0,100.0,19.0,100.0,0.0,79.0,95985606.0,59.0,36237.0,100.0,0.0,100.0,19.0,100.0,0.0,100.0,0.0,100.0,0.0,100.0,0.0,100.0,0.0,77.0,23.0,100.0,0.0,100.0,0.0,96.0,8007.0,23.0,23.0,100.0,0.0,100.0,0.0,200.0,0.0,100.0,36137.0,100.0,55297379680.0,100.0,186048649706.0
2019-11-27,Z304JMY0,ST4000DM000,4000787030016,0,119.0,226906632.0,91.0,0.0,100.0,19.0,100.0,0.0,79.0,98368390.0,59.0,36261.0,100.0,0.0,100.0,19.0,100.0,0.0,100.0,0.0,100.0,0.0,100.0,0.0,100.0,0.0,77.0,23.0,100.0,0.0,100.0,0.0,96.0,8007.0,23.0,23.0,100.0,0.0,100.0,0.0,200.0,0.0,100.0,36161.0,100.0,55307207192.0,100.0,186284103159.0
2019-11-28,Z304JMY0,ST4000DM000,4000787030016,0,120.0,242884616.0,91.0,0.0,100.0,19.0,100.0,0.0,79.0,100195918.0,59.0,36285.0,100.0,0.0,100.0,19.0,100.0,0.0,100.0,0.0,100.0,0.0,100.0,0.0,100.0,0.0,77.0,23.0,100.0,0.0,100.0,0.0,96.0,8007.0,23.0,23.0,100.0,0.0,100.0,0.0,200.0,0.0,100.0,36185.0,100.0,55319430192.0,100.0,186604730051.0
2019-11-29,Z304JMY0,ST4000DM000,4000787030016,0,114.0,77810976.0,91.0,0.0,100.0,19.0,100.0,0.0,80.0,102515950.0,59.0,36308.0,100.0,0.0,100.0,19.0,100.0,0.0,100.0,0.0,100.0,0.0,100.0,0.0,100.0,0.0,77.0,23.0,100.0,0.0,100.0,0.0,96.0,8007.0,23.0,23.0,100.0,0.0,100.0,0.0,200.0,0.0,100.0,36209.0,100.0,55326912704.0,100.0,186925438922.0
2019-11-30,Z304JMY0,ST4000DM000,4000787030016,0,118.0,189717912.0,91.0,0.0,100.0,19.0,100.0,0.0,80.0,103988496.0,59.0,36332.0,100.0,0.0,100.0,19.0,100.0,0.0,100.0,0.0,100.0,0.0,100.0,0.0,100.0,0.0,77.0,23.0,100.0,0.0,100.0,0.0,96.0,8007.0,23.0,23.0,100.0,0.0,100.0,0.0,200.0,0.0,100.0,36233.0,100.0,55332691648.0,100.0,187194990849.0
2019-12-01,Z304JMY0,ST4000DM000,4000787030016,0,108.0,14789248.0,91.0,0.0,100.0,19.0,100.0,0.0,80.0,105806998.0,59.0,36356.0,100.0,0.0,100.0,19.0,100.0,0.0,100.0,0.0,100.0,0.0,100.0,0.0,100.0,0.0,77.0,23.0,100.0,0.0,100.0,0.0,96.0,8007.0,23.0,23.0,100.0,0.0,100.0,0.0,200.0,0.0,100.0,36257.0,100.0,55345751040.0,100.0,187465403418.0
2019-12-02,Z304JMY0,ST4000DM000,4000787030016,0,119.0,219208120.0,91.0,0.0,100.0,19.0,100.0,0.0,80.0,108648101.0,59.0,36380.0,100.0,0.0,100.0,19.0,100.0,0.0,100.0,0.0,100.0,0.0,100.0,0.0,100.0,0.0,77.0,23.0,100.0,0.0,100.0,0.0,96.0,8007.0,23.0,23.0,100.0,0.0,100.0,0.0,200.0,0.0,100.0,36280.0,100.0,55363385384.0,100.0,187704354688.0
2019-12-03,Z304JMY0,ST4000DM000,4000787030016,0,117.0,120000816.0,91.0,0.0,100.0,19.0,100.0,0.0,80.0,109947660.0,59.0,36404.0,100.0,0.0,100.0,19.0,100.0,0.0,100.0,0.0,100.0,0.0,100.0,0.0,100.0,0.0,77.0,23.0,100.0,0.0,100.0,0.0,96.0,8007.0,23.0,23.0,100.0,0.0,100.0,0.0,200.0,0.0,100.0,36304.0,100.0,55375053680.0,100.0,187883487753.0
2019-12-04,Z304JMY0,ST4000DM000,4000787030016,0,117.0,150621576.0,91.0,0.0,100.0,19.0,100.0,0.0,80.0,111946168.0,59.0,36428.0,100.0,0.0,100.0,19.0,100.0,0.0,100.0,0.0,100.0,0.0,100.0,0.0,100.0,0.0,77.0,23.0,100.0,0.0,100.0,0.0,96.0,8007.0,23.0,23.0,100.0,0.0,100.0,0.0,200.0,0.0,100.0,36328.0,100.0,55390940896.0,100.0,187998405814.0
2019-12-05,Z304JMY0,ST4000DM000,4000787030016,0,117.0,165176648.0,91.0,0.0,100.0,19.0,100.0,0.0,80.0,113263287.0,59.0,36451.0,100.0,0.0,100.0,19.0,100.0,0.0,100.0,0.0,100.0,0.0,100.0,0.0,100.0,0.0,77.0,23.0,100.0,0.0,100.0,0.0,96.0,8007.0,23.0,23.0,100.0,0.0,100.0,0.0,200.0,0.0,100.0,36352.0,100.0,55400761504.0,100.0,188108504099.0
2019-12-06,Z304JMY0,ST4000DM000,4000787030016,0,119.0,212827872.0,91.0,0.0,100.0,19.0,100.0,0.0,80.0,114668856.0,59.0,36475.0,100.0,0.0,100.0,19.0,100.0,0.0,100.0,0.0,100.0,0.0,100.0,0.0,100.0,0.0,77.0,23.0,100.0,0.0,100.0,0.0,96.0,8007.0,23.0,23.0,100.0,0.0,100.0,0.0,200.0,0.0,100.0,36376.0,100.0,55408474712.0,100.0,188281395280.0
2019-12-07,Z304JMY0,ST4000DM000,4000787030016,0,113.0,51996536.0,91.0,0.0,100.0,19.0,100.0,0.0,80.0,115961449.0,59.0,36499.0,100.0,0.0,100.0,19.0,100.0,0.0,100.0,0.0,100.0,0.0,100.0,0.0,100.0,0.0,77.0,23.0,100.0,0.0,100.0,0.0,96.0,8007.0,23.0,23.0,100.0,0.0,100.0,0.0,200.0,0.0,100.0,36400.0,100.0,55414504200.0,100.0,188452170260.0
2019-12-08,Z304JMY0,ST4000DM000,4000787030016,0,118.0,174800224.0,91.0,0.0,100.0,19.0,100.0,0.0,80.0,117373921.0,59.0,36523.0,100.0,0.0,100.0,19.0,100.0,0.0,100.0,0.0,100.0,0.0,100.0,0.0,100.0,0.0,77.0,23.0,100.0,0.0,100.0,0.0,96.0,8007.0,23.0,23.0,100.0,0.0,100.0,0.0,200.0,0.0,100.0,36423.0,100.0,55425435616.0,100.0,188625503017.0
2019-12-09,Z304JMY0,ST4000DM000,4000787030016,0,117.0,155100152.0,91.0,0.0,100.0,19.0,100.0,0.0,81.0,119980644.0,59.0,36547.0,100.0,0.0,100.0,19.0,100.0,0.0,100.0,0.0,100.0,0.0,100.0,0.0,100.0,0.0,77.0,23.0,100.0,0.0,100.0,0.0,96.0,8007.0,23.0,23.0,100.0,0.0,100.0,0.0,200.0,0.0,100.0,36447.0,100.0,55435292496.0,100.0,188827330274.0
2019-12-10,Z304JMY0,ST4000DM000,4000787030016,0,117.0,159037952.0,91.0,0.0,100.0,19.0,100.0,0.0,81.0,121166397.0,59.0,36570.0,100.0,0.0,100.0,19.0,100.0,0.0,100.0,0.0,100.0,0.0,100.0,0.0,100.0,0.0,78.0,22.0,100.0,0.0,100.0,0.0,96.0,8007.0,22.0,22.0,100.0,0.0,100.0,0.0,200.0,0.0,100.0,36471.0,100.0,55445553904.0,100.0,188967846191.0
2019-12-11,Z304JMY0,ST4000DM000,4000787030016,0,118.0,182171416.0,91.0,0.0,100.0,19.0,100.0,0.0,81.0,122877654.0,59.0,36594.0,100.0,0.0,100.0,19.0,100.0,0.0,100.0,0.0,100.0,0.0,100.0,0.0,100.0,0.0,77.0,23.0,100.0,0.0,100.0,0.0,96.0,8007.0,23.0,23.0,100.0,0.0,100.0,0.0,200.0,0.0,100.0,36495.0,100.0,55459064184.0,100.0,189071928452.0
2019-12-12,Z304JMY0,ST4000DM000,4000787030016,0,112.0,45325904.0,91.0,0.0,100.0,19.0,100.0,0.0,81.0,124971197.0,59.0,36618.0,100.0,0.0,100.0,19.0,100.0,0.0,100.0,0.0,100.0,0.0,100.0,0.0,100.0,0.0,77.0,23.0,100.0,0.0,100.0,0.0,96.0,8007.0,23.0,23.0,100.0,0.0,100.0,0.0,200.0,0.0,100.0,36518.0,100.0,55470413024.0,100.0,189321624850.0
2019-12-13,Z304JMY0,ST4000DM000,4000787030016,0,106.0,10735072.0,91.0,0.0,100.0,19.0,100.0,0.0,81.0,127157330.0,59.0,36642.0,100.0,0.0,100.0,19.0,100.0,0.0,100.0,0.0,100.0,0.0,100.0,0.0,100.0,0.0,77.0,23.0,100.0,0.0,100.0,0.0,96.0,8007.0,23.0,23.0,100.0,0.0,100.0,0.0,200.0,0.0,100.0,36542.0,100.0,55482468720.0,100.0,189574971896.0
2019-12-14,Z304JMY0,ST4000DM000,4000787030016,0,119.0,223019024.0,91.0,0.0,100.0,19.0,100.0,0.0,81.0,128374673.0,59.0,36665.0,100.0,0.0,100.0,19.0,100.0,0.0,100.0,0.0,100.0,0.0,100.0,0.0,100.0,0.0,77.0,23.0,100.0,0.0,100.0,0.0,96.0,8007.0,23.0,23.0,100.0,0.0,100.0,0.0,200.0,0.0,100.0,36566.0,100.0,55493216600.0,100.0,189797308390.0
2019-12-15,Z304JMY0,ST4000DM000,4000787030016,0,120.0,238526384.0,91.0,0.0,100.0,19.0,100.0,0.0,81.0,129836936.0,59.0,36689.0,100.0,0.0,100.0,19.0,100.0,0.0,100.0,0.0,100.0,0.0,100.0,0.0,100.0,0.0,77.0,23.0,100.0,0.0,100.0,0.0,96.0,8007.0,23.0,23.0,100.0,0.0,100.0,0.0,200.0,0.0,100.0,36590.0,100.0,55509567856.0,100.0,190050013925.0
2019-12-16,Z304JMY0,ST4000DM000,4000787030016,0,118.0,200350208.0,91.0,0.0,100.0,19.0,100.0,0.0,81.0,132599425.0,59.0,36713.0,100.0,0.0,100.0,19.0,100.0,0.0,100.0,0.0,100.0,0.0,100.0,0.0,100.0,0.0,77.0,23.0,100.0,0.0,100.0,0.0,96.0,8007.0,23.0,23.0,100.0,0.0,100.0,0.0,200.0,0.0,100.0,36614.0,100.0,55517970304.0,100.0,190310911375.0
2019-12-17,Z304JMY0,ST4000DM000,4000787030016,0,118.0,176728984.0,91.0,0.0,100.0,19.0,100.0,0.0,81.0,133752331.0,59.0,36737.0,100.0,0.0,100.0,19.0,100.0,0.0,100.0,0.0,100.0,0.0,100.0,0.0,100.0,0.0,77.0,23.0,100.0,0.0,100.0,0.0,96.0,8007.0,23.0,23.0,100.0,0.0,100.0,0.0,200.0,0.0,100.0,36637.0,100.0,55529783896.0,100.0,190481654022.0
2019-12-18,Z304JMY0,ST4000DM000,4000787030016,0,118.0,196323344.0,91.0,0.0,100.0,19.0,100.0,0.0,81.0,137217311.0,59.0,36761.0,100.0,0.0,100.0,19.0,100.0,0.0,100.0,0.0,100.0,0.0,100.0,0.0,100.0,0.0,78.0,22.0,100.0,0.0,100.0,0.0,96.0,8007.0,22.0,22.0,100.0,0.0,100.0,0.0,200.0,0.0,100.0,36661.0,100.0,55542703816.0,100.0,190647044799.0
2019-12-19,Z304JMY0,ST4000DM000,4000787030016,0,119.0,234476320.0,91.0,0.0,100.0,19.0,100.0,0.0,81.0,138775609.0,59.0,36784.0,100.0,0.0,100.0,19.0,100.0,0.0,100.0,0.0,100.0,0.0,100.0,0.0,100.0,0.0,78.0,22.0,100.0,0.0,100.0,0.0,96.0,8007.0,22.0,22.0,100.0,0.0,100.0,0.0,200.0,0.0,100.0,36685.0,100.0,55554375512.0,100.0,190913185079.0
2019-12-20,Z304JMY0,ST4000DM000,4000787030016,0,115.0,93489448.0,91.0,0.0,100.0,19.0,100.0,0.0,81.0,141443602.0,58.0,36820.0,100.0,0.0,100.0,19.0,100.0,0.0,100.0,0.0,100.0,0.0,100.0,0.0,100.0,0.0,78.0,22.0,100.0,0.0,100.0,0.0,96.0,8007.0,22.0,22.0,100.0,0.0,100.0,0.0,200.0,0.0,100.0,36721.0,100.0,55572739016.0,100.0,191385254698.0
2019-12-21,Z304JMY0,ST4000DM000,4000787030016,0,111.0,30337232.0,91.0,0.0,100.0,19.0,100.0,0.0,81.0,143098020.0,58.0,36844.0,100.0,0.0,100.0,19.0,100.0,0.0,100.0,0.0,100.0,0.0,100.0,0.0,100.0,0.0,78.0,22.0,100.0,0.0,100.0,0.0,96.0,8007.0,22.0,22.0,100.0,0.0,100.0,0.0,200.0,0.0,100.0,36744.0,100.0,55588404864.0,100.0,191713543578.0
2019-12-22,Z304JMY0,ST4000DM000,4000787030016,0,119.0,205047120.0,91.0,0.0,100.0,19.0,100.0,0.0,81.0,144632125.0,58.0,36868.0,100.0,0.0,100.0,19.0,100.0,0.0,100.0,0.0,100.0,0.0,100.0,0.0,100.0,0.0,77.0,23.0,100.0,0.0,100.0,0.0,96.0,8007.0,23.0,23.0,100.0,0.0,100.0,0.0,200.0,0.0,100.0,36768.0,100.0,55600185504.0,100.0,192043317503.0
2019-12-23,Z304JMY0,ST4000DM000,4000787030016,0,118.0,179339312.0,91.0,0.0,100.0,19.0,100.0,0.0,81.0,146362442.0,58.0,36892.0,100.0,0.0,100.0,19.0,100.0,0.0,100.0,0.0,100.0,0.0,100.0,0.0,100.0,0.0,77.0,23.0,100.0,0.0,100.0,0.0,96.0,8007.0,23.0,23.0,100.0,0.0,100.0,0.0,200.0,0.0,100.0,36792.0,100.0,55611918688.0,100.0,192418119412.0
2019-12-24,Z304JMY0,ST4000DM000,4000787030016,0,119.0,201574872.0,91.0,0.0,100.0,19.0,100.0,0.0,81.0,147562311.0,58.0,36916.0,100.0,0.0,100.0,19.0,100.0,0.0,100.0,0.0,100.0,0.0,100.0,0.0,100.0,0.0,77.0,23.0,100.0,0.0,100.0,0.0,96.0,8007.0,23.0,23.0,100.0,0.0,100.0,0.0,200.0,0.0,100.0,36816.0,100.0,55625099128.0,100.0,192709216134.0
2019-12-25,Z304JMY0,ST4000DM000,4000787030016,0,119.0,204194688.0,91.0,0.0,100.0,19.0,100.0,0.0,81.0,149909622.0,58.0,36939.0,100.0,0.0,100.0,19.0,100.0,0.0,100.0,0.0,100.0,0.0,100.0,0.0,100.0,0.0,77.0,23.0,100.0,0.0,100.0,0.0,96.0,8007.0,23.0,23.0,100.0,0.0,100.0,0.0,200.0,0.0,100.0,36840.0,100.0,55638417704.0,100.0,192934025891.0
2019-12-26,Z304JMY0,ST4000DM000,4000787030016,0,118.0,170848032.0,91.0,0.0,100.0,19.0,100.0,0.0,81.0,152328776.0,58.0,36963.0,100.0,0.0,100.0,19.0,100.0,0.0,100.0,0.0,100.0,0.0,100.0,0.0,100.0,0.0,78.0,22.0,100.0,0.0,100.0,0.0,96.0,8007.0,22.0,22.0,100.0,0.0,100.0,0.0,200.0,0.0,100.0,36864.0,100.0,55651130680.0,100.0,193265969010.0
2019-12-27,Z304JMY0,ST4000DM000,4000787030016,0,120.0,236941688.0,91.0,0.0,100.0,19.0,100.0,0.0,81.0,154315360.0,58.0,36987.0,100.0,0.0,100.0,19.0,100.0,0.0,100.0,0.0,100.0,0.0,100.0,0.0,100.0,0.0,77.0,23.0,100.0,0.0,100.0,0.0,96.0,8007.0,23.0,23.0,100.0,0.0,100.0,0.0,200.0,0.0,100.0,36888.0,100.0,55662550088.0,100.0,193592797428.0
2019-12-28,Z304JMY0,ST4000DM000,4000787030016,0,117.0,163863184.0,91.0,0.0,100.0,19.0,100.0,0.0,81.0,156012860.0,58.0,37011.0,100.0,0.0,100.0,19.0,100.0,0.0,100.0,0.0,100.0,0.0,100.0,0.0,100.0,0.0,77.0,23.0,100.0,0.0,100.0,0.0,96.0,8007.0,23.0,23.0,100.0,0.0,100.0,0.0,200.0,0.0,100.0,36911.0,100.0,55683090264.0,100.0,193846905926.0
2019-12-29,Z304JMY0,ST4000DM000,4000787030016,0,118.0,185301256.0,91.0,0.0,100.0,19.0,100.0,0.0,81.0,158337545.0,58.0,37034.0,100.0,0.0,100.0,19.0,100.0,0.0,100.0,0.0,100.0,0.0,100.0,0.0,100.0,0.0,76.0,24.0,100.0,0.0,100.0,0.0,96.0,8007.0,24.0,24.0,100.0,0.0,100.0,0.0,200.0,0.0,100.0,36935.0,100.0,55702527424.0,100.0,194134761400.0
2019-12-30,Z304JMY0,ST4000DM000,4000787030016,0,111.0,35705832.0,91.0,0.0,100.0,19.0,100.0,0.0,81.0,160849312.0,58.0,37058.0,100.0,0.0,100.0,19.0,100.0,0.0,100.0,0.0,100.0,0.0,100.0,0.0,100.0,0.0,77.0,23.0,100.0,0.0,100.0,0.0,96.0,8007.0,23.0,23.0,100.0,0.0,100.0,0.0,200.0,0.0,100.0,36959.0,100.0,55717325056.0,100.0,194390897169.0
2019-12-31,Z304JMY0,ST4000DM000,4000787030016,0,115.0,89376224.0,91.0,0.0,100.0,19.0,100.0,0.0,81.0,161456591.0,58.0,37082.0,100.0,0.0,100.0,19.0,100.0,0.0,100.0,0.0,100.0,0.0,100.0,0.0,100.0,0.0,77.0,23.0,100.0,0.0,100.0,0.0,96.0,8007.0,23.0,23.0,100.0,0.0,100.0,0.0,200.0,0.0,100.0,36983.0,100.0,55731962912.0,100.0,194451748825.0
