2019-01-01,Z305EYP3,ST4000DM000,4000787030016,0,111,41444544,92.0,0.0,100.0,10.0,100.0,0.0,82.0,169153556.0,72,25185,100.0,0.0,100,10,100.0,0.0,100.0,0.0,100.0,0.0,100.0,0.0,100.0,0.0,75.0,25.0,100.0,0.0,100.0,0.0,98.0,4263.0,25,25,100.0,0.0,100.0,0.0,200.0,0.0,100.0,25161.0,100.0,42017436096.0,100.0,119267142037.0
2019-01-02,Z305EYP3,ST4000DM000,4000787030016,0,117,118714192,92.0,0.0,100.0,10.0,100.0,0.0,82.0,169867762.0,72,25209,100.0,0.0,100,10,100.0,0.0,100.0,0.0,100.0,0.0,100.0,0.0,100.0,0.0,75.0,25.0,100.0,0.0,100.0,0.0,98.0,4263.0,25,25,100.0,0.0,100.0,0.0,200.0,0.0,100.0,25185.0,100.0,42019450408.0,100.0,119427254437.0
2019-01-03,Z305EYP3,ST4000DM000,4000787030016,0,112.0,42302248.0,92.0,0.0,100.0,10.0,100.0,0.0,82.0,170639931.0,72.0,25233.0,100.0,0.0,100.0,10.0,100.0,0.0,100.0,0.0,100.0,0.0,100.0,0.0,100.0,0.0,74.0,26.0,100.0,0.0,100.0,0.0,98.0,4263.0,26.0,26.0,100.0,0.0,100.0,0.0,200.0,0.0,100.0,25209.0,100.0,42021313800.0,100.0,119586714377.0
2019-01-04,Z305EYP3,ST4000DM000,4000787030016,0,116,108770000,92.0,0.0,100.0,10.0,100.0,0.0,82.0,172078396.0,72,25256,100.0,0.0,100,10,100.0,0.0,100.0,0.0,100.0,0.0,100.0,0.0,100.0,0.0,73.0,27.0,100.0,0.0,100.0,0.0,98.0,4263.0,27,27,100.0,0.0,100.0,0.0,200.0,0.0,100.0,25232.0,100.0,42025608552.0,100.0,119761118957.0
2019-01-05,Z305EYP3,ST4000DM000,4000787030016,0,117,156998112,92.0,0.0,100.0,10.0,100.0,0.0,82.0,172902334.0,72,25281,100.0,0.0,100,10,100.0,0.0,100.0,0.0,100.0,0.0,100.0,0.0,100.0,0.0,72.0,28.0,100.0,0.0,100.0,0.0,98.0,4263.0,28,28,100.0,0.0,100.0,0.0,200.0,0.0,100.0,25257.0,100.0,42027529456.0,100.0,119917237834.0
2019-01-06,Z305EYP3,ST4000DM000,4000787030016,0,113,54029952,92.0,0.0,100.0,10.0,100.0,0.0,82.0,174457942.0,72,25304,100.0,0.0,100,10,100.0,0.0,100.0,0.0,100.0,0.0,100.0,0.0,100.0,0.0,72.0,28.0,100.0,0.0,100.0,0.0,98.0,4263.0,28,28,100.0,0.0,100.0,0.0,200.0,0.0,100.0,25280.0,100.0,42031801952.0,100.0,120087448808.0
2019-01-07,Z305EYP3,ST4000DM000,4000787030016,0,118,193375240,92.0,0.0,100.0,10.0,100.0,0.0,82.0,175728306.0,72,25328,100.0,0.0,100,10,100.0,0.0,100.0,0.0,100.0,0.0,100.0,0.0,100.0,0.0,74.0,26.0,100.0,0.0,100.0,0.0,98.0,4263.0,26,26,100.0,0.0,100.0,0.0,200.0,0.0,100.0,25304.0,100.0,42035025992.0,100.0,120248186771.0
2019-01-08,Z305EYP3,ST4000DM000,4000787030016,0,117,124091144,92.0,0.0,100.0,10.0,100.0,0.0,82.0,176647513.0,72,25353,100.0,0.0,100,10,100.0,0.0,100.0,0.0,100.0,0.0,100.0,0.0,100.0,0.0,75.0,25.0,100.0,0.0,100.0,0.0,98.0,4263.0,25,25,100.0,0.0,100.0,0.0,200.0,0.0,100.0,25329.0,100.0,42037730856.0,100.0,120418629877.0
2019-01-09,Z305EYP3,ST4000DM000,4000787030016,0,117,133561856,92.0,0.0,100.0,10.0,100.0,0.0,82.0,177405757.0,72,25376,100.0,0.0,100,10,100.0,0.0,100.0,0.0,100.0,0.0,100.0,0.0,100.0,0.0,74.0,26.0,100.0,0.0,100.0,0.0,98.0,4263.0,26,26,100.0,0.0,100.0,0.0,200.0,0.0,100.0,25352.0,100.0,42039498320.0,100.0,120546135655.0
2019-01-10,Z305EYP3,ST4000DM000,4000787030016,0,119,233270080,92.0,0.0,100.0,10.0,100.0,0.0,82.0,178355298.0,72,25396,100.0,0.0,100,10,100.0,0.0,100.0,0.0,100.0,0.0,100.0,0.0,100.0,0.0,75.0,25.0,100.0,0.0,100.0,0.0,98.0,4263.0,25,25,100.0,0.0,100.0,0.0,200.0,0.0,100.0,25372.0,100.0,42041094760.0,100.0,120677923157.0
2019-01-11,Z305EYP3,ST4000DM000,4000787030016,0,114.0,64534896.0,92.0,0.0,100.0,10.0,100.0,0.0,82.0,178869679.0,71.0,25415.0,100.0,0.0,100.0,10.0,100.0,0.0,100.0,0.0,100.0,0.0,100.0,0.0,100.0,0.0,75.0,25.0,100.0,0.0,100.0,0.0,98.0,4263.0,25.0,25.0,100.0,0.0,100.0,0.0,200.0,0.0,100.0,25391.0,100.0,42042378160.0,100.0,120749230170.0
2019-01-12,Z305EYP3,ST4000DM000,4000787030016,0,112,42777712,92.0,0.0,100.0,10.0,100.0,0.0,82.0,180416530.0,71,25438,100.0,0.0,100,10,100.0,0.0,100.0,0.0,100.0,0.0,100.0,0.0,100.0,0.0,75.0,25.0,100.0,0.0,100.0,0.0,98.0,4263.0,25,25,100.0,0.0,100.0,0.0,200.0,0.0,100.0,25414.0,100.0,42046313864.0,100.0,120880782491.0
2019-01-13,Z305EYP3,ST4000DM000,4000787030016,0,111,36899928,92.0,0.0,100.0,10.0,100.0,0.0,82.0,181483213.0,71,25462,100.0,0.0,100,10,100.0,0.0,100.0,0.0,100.0,0.0,100.0,0.0,100.0,0.0,74.0,26.0,100.0,0.0,100.0,0.0,98.0,4263.0,26,26,100.0,0.0,100.0,0.0,200.0,0.0,100.0,25438.0,100.0,42048487160.0,100.0,121027967573.0
2019-01-14,Z305EYP3,ST4000DM000,4000787030016,0,114,73472856,92.0,0.0,100.0,10.0,100.0,0.0,82.0,183404375.0,71,25486,100.0,0.0,100,10,100.0,0.0,100.0,0.0,100.0,0.0,100.0,0.0,100.0,0.0,73.0,27.0,100.0,0.0,100.0,0.0,98.0,4263.0,27,27,100.0,0.0,100.0,0.0,200.0,0.0,100.0,25462.0,100.0,42053438872.0,100.0,121183871475.0
2019-01-15,Z305EYP3,ST4000DM000,4000787030016,0,112.0,43938384.0,92.0,0.0,100.0,10.0,100.0,0.0,82.0,184092121.0,71.0,25509.0,100.0,0.0,100.0,10.0,100.0,0.0,100.0,0.0,100.0,0.0,100.0,0.0,100.0,0.0,73.0,27.0,100.0,0.0,100.0,0.0,98.0,4263.0,27.0,27.0,100.0,0.0,100.0,0.0,200.0,0.0,100.0,25485.0,100.0,42055951440.0,100.0,121321434299.0
2019-01-16,Z305EYP3,ST4000DM000,4000787030016,0,119,226990288,92.0,0.0,100.0,10.0,100.0,0.0,82.0,184688536.0,71,25533,100.0,0.0,100,10,100.0,0.0,100.0,0.0,100.0,0.0,100.0,0.0,100.0,0.0,73.0,27.0,100.0,0.0,100,0,98.0,4263.0,27,27,100.0,0.0,100.0,0.0,200.0,0.0,100.0,25509.0,100.0,42058449224.0,100.0,121451237773.0
2019-01-17,Z305EYP3,ST4000DM000,4000787030016,0,117,153168320,92.0,0.0,100.0,10.0,100.0,0.0,82.0,185320950.0,71,25556,100.0,0.0,100,10,100.0,0.0,100.0,0.0,100.0,0.0,100.0,0.0,100.0,0.0,74.0,26.0,100.0,0.0,100,0,98.0,4263.0,26,26,100.0,0.0,100.0,0.0,200.0,0.0,100.0,25532.0,100.0,42060183784.0,100.0,121599049467.0
2019-01-18,Z305EYP3,ST4000DM000,4000787030016,0,117,163174200,92.0,0.0,100.0,10.0,100.0,0.0,82.0,185741625.0,71,25580,100.0,0.0,100,10,100.0,0.0,100.0,0.0,100.0,0.0,100.0,0.0,100.0,0.0,75.0,25.0,100.0,0.0,100,0,98.0,4263.0,25,25,100.0,0.0,100.0,0.0,200.0,0.0,100.0,25556.0,100.0,42062096088.0,100.0,121734778780.0
2019-01-19,Z305EYP3,ST4000DM000,4000787030016,0,112,50092184,92.0,0.0,100.0,10.0,100.0,0.0,82.0,186688189.0,71,25604,100.0,0.0,100,10,100.0,0.0,100.0,0.0,100.0,0.0,100.0,0.0,100.0,0.0,74.0,26.0,100.0,0.0,100,0,98.0,4263.0,26,26,100.0,0.0,100.0,0.0,200.0,0.0,100.0,25580.0,100.0,42067336232.0,100.0,121883115180.0
2019-01-20,Z305EYP3,ST4000DM000,4000787030016,0,114,75958032,92.0,0.0,100.0,10.0,100.0,0.0,82.0,187125244.0,71,25627,100.0,0.0,100,10,100.0,0.0,100.0,0.0,100.0,0.0,100.0,0.0,100.0,0.0,75.0,25.0,100.0,0.0,100,0,98.0,4263.0,25,25,100.0,0.0,100.0,0.0,200.0,0.0,100.0,25603.0,100.0,42071325584.0,100.0,122051318391.0
2019-01-21,Z305EYP3,ST4000DM000,4000787030016,0,118,181132912,92.0,0.0,100.0,10.0,100.0,0.0,82.0,188822496.0,71,25651,100.0,0.0,100,10,100.0,0.0,100.0,0.0,100.0,0.0,100.0,0.0,100.0,0.0,75.0,25.0,100.0,0.0,100,0,98.0,4263.0,25,25,100.0,0.0,100.0,0.0,200.0,0.0,100.0,25627.0,100.0,42076678512.0,100.0,122246659552.0
2019-01-22,Z305EYP3,ST4000DM000,4000787030016,0,114.0,66092296.0,92.0,0.0,100.0,10.0,100.0,0.0,82.0,189200384.0,71.0,25675.0,100.0,0.0,100.0,10.0,100.0,0.0,100.0,0.0,100.0,0.0,100.0,0.0,100.0,0.0,74.0,26.0,100.0,0.0,100.0,0.0,98.0,4263.0,26.0,26.0,100.0,0.0,100.0,0.0,200.0,0.0,100.0,25651.0,100.0,42079691184.0,100.0,122397827086.0
2019-01-23,Z305EYP3,ST4000DM000,4000787030016,0,117.0,125406184.0,92.0,0.0,100.0,10.0,100.0,0.0,82.0,189754600.0,71.0,25710.0,100.0,0.0,100.0,10.0,100.0,0.0,100.0,0.0,100.0,0.0,100.0,0.0,100.0,0.0,73.0,27.0,100.0,0.0,100.0,0.0,98.0,4263.0,27.0,27.0,100.0,0.0,100.0,0.0,200.0,0.0,100.0,25686.0,100.0,42082939216.0,100.0,122669142064.0
2019-01-24,Z305EYP3,ST4000DM000,4000787030016,0,116.0,106172528.0,92.0,0.0,100.0,10.0,100.0,0.0,82.0,190369540.0,71.0,25734.0,100.0,0.0,100.0,10.0,100.0,0.0,100.0,0.0,100.0,0.0,100.0,0.0,100.0,0.0,74.0,26.0,100.0,0.0,100.0,0.0,98.0,4263.0,26.0,26.0,100.0,0.0,100.0,0.0,200.0,0.0,100.0,25710.0,100.0,42084850088.0,100.0,122826760205.0
2019-01-25,Z305EYP3,ST4000DM000,4000787030016,0,119,219439912,92.0,0.0,100.0,10.0,100.0,0.0,82.0,191655847.0,71,25758,100.0,0.0,100,10,100.0,0.0,100.0,0.0,100.0,0.0,100.0,0.0,100.0,0.0,74.0,26.0,100.0,0.0,100,0,98.0,4263.0,26,26,100.0,0.0,100.0,0.0,200.0,0.0,100.0,25734.0,100.0,42089357032.0,100.0,122996040415.0
2019-01-26,Z305EYP3,ST4000DM000,4000787030016,0,113,50799992,92.0,0.0,100.0,10.0,100.0,0.0,82.0,193160341.0,71,25782,100.0,0.0,100,10,100.0,0.0,100.0,0.0,100.0,0.0,100.0,0.0,100.0,0.0,74.0,26.0,100.0,0.0,100,0,98.0,4263.0,26,26,100.0,0.0,100.0,0.0,200.0,0.0,100.0,25758.0,100.0,42091878536.0,100.0,123173856364.0
2019-01-27,Z305EYP3,ST4000DM000,4000787030016,0,118,197866360,92.0,0.0,100.0,10.0,100.0,0.0,82.0,194622636.0,71,25806,100.0,0.0,100,10,100.0,0.0,100.0,0.0,100.0,0.0,100.0,0.0,100.0,0.0,75.0,25.0,100.0,0.0,100,0,98.0,4263.0,25,25,100.0,0.0,100.0,0.0,200.0,0.0,100.0,25782.0,100.0,42095995640.0,100.0,123359097905.0
2019-01-28,Z305EYP3,ST4000DM000,4000787030016,0,119,204515312,92.0,0.0,100.0,10.0,100.0,0.0,82.0,195882870.0,71,25830,100.0,0.0,100,10,100.0,0.0,100.0,0.0,100.0,0.0,100.0,0.0,100.0,0.0,75.0,25.0,100.0,0.0,100,0,98.0,4263.0,25,25,100.0,0.0,100.0,0.0,200.0,0.0,100.0,25806.0,100.0,42100321760.0,100.0,123504708326.0
2019-01-29,Z305EYP3,ST4000DM000,4000787030016,0,117,137260960,92.0,0.0,100.0,10.0,100.0,0.0,82.0,196530696.0,71,25854,100.0,0.0,100,10,100.0,0.0,100.0,0.0,100.0,0.0,100.0,0.0,100.0,0.0,74.0,26.0,100.0,0.0,100,0,98.0,4263.0,26,26,100.0,0.0,100.0,0.0,200.0,0.0,100.0,25830.0,100.0,42102118440.0,100.0,123658222735.0
2019-01-30,Z305EYP3,ST4000DM000,4000787030016,0,117,163981296,92.0,0.0,100.0,10.0,100.0,0.0,82.0,197260146.0,71,25878,100.0,0.0,100,10,100.0,0.0,100.0,0.0,100.0,0.0,100.0,0.0,100.0,0.0,75.0,25.0,100.0,0.0,100,0,98.0,4263.0,25,25,100.0,0.0,100.0,0.0,200.0,0.0,100.0,25854.0,100.0,42104141888.0,100.0,123805256981.0
2019-01-31,Z305EYP3,ST4000DM000,4000787030016,0,119,234712648,92.0,0.0,100.0,10.0,100.0,0.0,82.0,198200650.0,71,25902,100.0,0.0,100,10,100.0,0.0,100.0,0.0,100.0,0.0,100.0,0.0,100.0,0.0,74.0,26.0,100.0,0.0,100,0,98.0,4263.0,26,26,100.0,0.0,100.0,0.0,200.0,0.0,100.0,25878.0,100.0,42106974472.0,100.0,123957829174.0
2019-02-01,Z305EYP3,ST4000DM000,4000787030016,0,116,108830776,92.0,0.0,100.0,10.0,100.0,0.0,82.0,199874101.0,71,25926,100.0,0.0,100,10,100.0,0.0,100.0,0.0,100.0,0.0,100.0,0.0,100.0,0.0,75.0,25.0,100.0,0.0,100,0,98.0,4263.0,25,25,100.0,0.0,100.0,0.0,200.0,0.0,100.0,25902.0,100.0,42111356272.0,100.0,124143659209.0
2019-02-02,Z305EYP3,ST4000DM000,4000787030016,0,111.0,35923144.0,92.0,0.0,100.0,10.0,100.0,0.0,82.0,201287631.0,71.0,25950.0,100.0,0.0,100.0,10.0,100.0,0.0,100.0,0.0,100.0,0.0,100.0,0.0,100.0,0.0,74.0,26.0,100.0,0.0,100.0,0.0,98.0,4263.0,26.0,26.0,100.0,0.0,100.0,0.0,200.0,0.0,100.0,25926.0,100.0,42113773928.0,100.0,124317147877.0
2019-02-03,Z305EYP3,ST4000DM000,4000787030016,0,118,184477936,92.0,0.0,100.0,10.0,100.0,0.0,83.0,202029662.0,71,25974,100.0,0.0,100,10,100.0,0.0,100.0,0.0,100.0,0.0,100.0,0.0,100.0,0.0,74.0,26.0,100.0,0.0,100,0,98.0,4263.0,26,26,100.0,0.0,100.0,0.0,200.0,0.0,100.0,25950.0,100.0,42115918464.0,100.0,124472307483.0
2019-02-04,Z305EYP3,ST4000DM000,4000787030016,0,119,218260992,92.0,0.0,100.0,10.0,100.0,0.0,83.0,203229939.0,71,25998,100.0,0.0,100,10,100.0,0.0,100.0,0.0,100.0,0.0,100.0,0.0,100.0,0.0,75.0,25.0,100.0,0.0,100,0,98.0,4263.0,25,25,100.0,0.0,100.0,0.0,200.0,0.0,100.0,25974.0,100.0,42119764352.0,100.0,124619327438.0
2019-02-05,Z305EYP3,ST4000DM000,4000787030016,0,119.0,222418288.0,92.0,0.0,100.0,10.0,100.0,0.0,83.0,204046897.0,71.0,26022.0,100.0,0.0,100.0,10.0,100.0,0.0,100.0,0.0,100.0,0.0,100.0,0.0,100.0,0.0,74.0,26.0,100.0,0.0,100.0,0.0,98.0,4263.0,26.0,26.0,100.0,0.0,100.0,0.0,200.0,0.0,100.0,25998.0,100.0,42121279904.0,100.0,124771419471.0
2019-02-06,Z305EYP3,ST4000DM000,4000787030016,0,117,161987424,92.0,0.0,100.0,10.0,100.0,0.0,83.0,204765070.0,71,26045,100.0,0.0,100,10,100.0,0.0,100.0,0.0,100.0,0.0,100.0,0.0,100.0,0.0,73.0,27.0,100.0,0.0,100,0,98.0,4263.0,27,27,100.0,0.0,100.0,0.0,200.0,0.0,100.0,26021.0,100.0,42122837440.0,100.0,124925096062.0
2019-02-07,Z305EYP3,ST4000DM000,4000787030016,0,102.0,4069864.0,92.0,0.0,100.0,10.0,100.0,0.0,83.0,205556191.0,71.0,26069.0,100.0,0.0,100.0,10.0,100.0,0.0,100.0,0.0,100.0,0.0,100.0,0.0,100.0,0.0,74.0,26.0,100.0,0.0,100.0,0.0,98.0,4263.0,26.0,26.0,100.0,0.0,100.0,0.0,200.0,0.0,100.0,26045.0,100.0,42124586968.0,100.0,125090353790.0
2019-02-08,Z305EYP3,ST4000DM000,4000787030016,0,114,78462984,92.0,0.0,100.0,10.0,100.0,0.0,83.0,206797221.0,71,26093,100.0,0.0,100,10,100.0,0.0,100.0,0.0,100.0,0.0,100.0,0.0,100.0,0.0,72.0,28.0,100.0,0.0,100,0,98.0,4263.0,28,28,100.0,0.0,100.0,0.0,200.0,0.0,100.0,26069.0,100.0,42127805456.0,100.0,125265950173.0
2019-02-09,Z305EYP3,ST4000DM000,4000787030016,0,112.0,43004744.0,92.0,0.0,100.0,10.0,100.0,0.0,83.0,208470776.0,71.0,26116.0,100.0,0.0,100.0,10.0,100.0,0.0,100.0,0.0,100.0,0.0,100.0,0.0,100.0,0.0,73.0,27.0,100.0,0.0,100.0,0.0,98.0,4263.0,27.0,27.0,100.0,0.0,100.0,0.0,200.0,0.0,100.0,26092.0,100.0,42130796056.0,100.0,125419446005.0
2019-02-10,Z305EYP3,ST4000DM000,4000787030016,0,108,19134280,92.0,0.0,100.0,10.0,100.0,0.0,83.0,209638739.0,71,26140,100.0,0.0,100,10,100.0,0.0,100.0,0.0,100.0,0.0,100.0,0.0,100.0,0.0,72.0,28.0,100.0,0.0,100,0,98.0,4263.0,28,28,100.0,0.0,100.0,0.0,200.0,0.0,100.0,26116.0,100.0,42132800696.0,100.0,125584406234.0
2019-02-11,Z305EYP3,ST4000DM000,4000787030016,0,110,28592656,92.0,0.0,100.0,10.0,100.0,0.0,83.0,210852061.0,71,26163,100.0,0.0,100,10,100.0,0.0,100.0,0.0,100.0,0.0,100.0,0.0,100.0,0.0,73.0,27.0,100.0,0.0,100,0,98.0,4263.0,27,27,100.0,0.0,100.0,0.0,200.0,0.0,100.0,26139.0,100.0,42136588640.0,100.0,125686613888.0
2019-02-12,Z305EYP3,ST4000DM000,4000787030016,0,108.0,20574736.0,92.0,0.0,100.0,10.0,100.0,0.0,83.0,211716956.0,71.0,26187.0,100.0,0.0,100.0,10.0,100.0,0.0,100.0,0.0,100.0,0.0,100.0,0.0,100.0,0.0,72.0,28.0,100.0,0.0,100.0,0.0,98.0,4263.0,28.0,28.0,100.0,0.0,100.0,0.0,200.0,0.0,100.0,26163.0,100.0,42138144152.0,100.0,125798386532.0
2019-02-13,Z305EYP3,ST4000DM000,4000787030016,0,114,72054880,92.0,0.0,100.0,10.0,100.0,0.0,83.0,212643088.0,71,26211,100.0,0.0,100,10,100.0,0.0,100.0,0.0,100.0,0.0,100.0,0.0,100.0,0.0,74.0,26.0,100.0,0.0,100,0,98.0,4263.0,26,26,100.0,0.0,100.0,0.0,200.0,0.0,100.0,26187.0,100.0,42139646200.0,100.0,125943994120.0
2019-02-14,Z305EYP3,ST4000DM000,4000787030016,0,119,202755448,92.0,0.0,100.0,10.0,100.0,0.0,83.0,213416368.0,71,26234,100.0,0.0,100,10,100.0,0.0,100.0,0.0,100.0,0.0,100.0,0.0,100.0,0.0,74.0,26.0,100.0,0.0,100,0,98.0,4263.0,26,26,100.0,0.0,100.0,0.0,200.0,0.0,100.0,26210.0,100.0,42141980568.0,100.0,126093067565.0
2019-02-15,Z305EYP3,ST4000DM000,4000787030016,0,117.0,134852712.0,92.0,0.0,100.0,10.0,100.0,0.0,83.0,214833704.0,71.0,26258.0,100.0,0.0,100.0,10.0,100.0,0.0,100.0,0.0,100.0,0.0,100.0,0.0,100.0,0.0,74.0,26.0,100.0,0.0,100.0,0.0,98.0,4263.0,26.0,26.0,100.0,0.0,100.0,0.0,200.0,0.0,100.0,26234.0,100.0,42146395480.0,100.0,126251943625.0
2019-02-16,Z305EYP3,ST4000DM000,4000787030016,0,113.0,54032136.0,92.0,0.0,100.0,10.0,100.0,0.0,83.0,215881375.0,70.0,26281.0,100.0,0.0,100.0,10.0,100.0,0.0,100.0,0.0,100.0,0.0,100.0,0.0,100.0,0.0,74.0,26.0,100.0,0.0,100.0,0.0,98.0,4263.0,26.0,26.0,100.0,0.0,100.0,0.0,200.0,0.0,100.0,26258.0,100.0,42149002504.0,100.0,126394226395.0
2019-02-17,Z305EYP3,ST4000DM000,4000787030016,0,117,117665880,92.0,0.0,100.0,10.0,100.0,0.0,83.0,216432613.0,70,26305,100.0,0.0,100,10,100.0,0.0,100.0,0.0,100.0,0.0,100.0,0.0,100.0,0.0,74.0,26.0,100.0,0.0,100,0,98.0,4263.0,26,26,100.0,0.0,100.0,0.0,200.0,0.0,100.0,26281.0,100.0,42150969632.0,100.0,126541596393.0
2019-02-18,Z305EYP3,ST4000DM000,4000787030016,0,116,100814880,92.0,0.0,100.0,10.0,100.0,0.0,83.0,217309862.0,70,26329,100.0,0.0,100,10,100.0,0.0,100.0,0.0,100.0,0.0,100.0,0.0,100.0,0.0,73.0,27.0,100.0,0.0,100,0,98.0,4263.0,27,27,100.0,0.0,100.0,0.0,200.0,0.0,100.0,26305.0,100.0,42155573824.0,100.0,126661711110.0
2019-02-19,Z305EYP3,ST4000DM000,4000787030016,0,106,10536264,92.0,0.0,100.0,10.0,100.0,0.0,83.0,217662680.0,70,26352,100.0,0.0,100,10,100.0,0.0,100.0,0.0,100.0,0.0,100.0,0.0,100.0,0.0,73.0,27.0,100.0,0.0,100,0,98.0,4263.0,27,27,100.0,0.0,100.0,0.0,200.0,0.0,100.0,26328.0,100.0,42157807568.0,100.0,126802295089.0
2019-02-20,Z305EYP3,ST4000DM000,4000787030016,0,114.0,82689568.0,92.0,0.0,100.0,10.0,100.0,0.0,83.0,218095766.0,70.0,26376.0,100.0,0.0,100.0,10.0,100.0,0.0,100.0,0.0,100.0,0.0,100.0,0.0,100.0,0.0,71.0,29.0,100.0,0.0,100.0,0.0,98.0,4263.0,29.0,29.0,100.0,0.0,100.0,0.0,200.0,0.0,100.0,26352.0,100.0,42161153488.0,100.0,126986865730.0
2019-02-21,Z305EYP3,ST4000DM000,4000787030016,0,118,173206056,92.0,0.0,100.0,10.0,100.0,0.0,83.0,219297154.0,70,26400,100.0,0.0,100,10,100.0,0.0,100.0,0.0,100.0,0.0,100.0,0.0,100.0,0.0,72.0,28.0,100.0,0.0,100,0,98.0,4263.0,28,28,100.0,0.0,100.0,0.0,200.0,0.0,100.0,26376.0,100.0,42166375080.0,100.0,127167626343.0
2019-02-22,Z305EYP3,ST4000DM000,4000787030016,0,112,43395480,92.0,0.0,100.0,10.0,100.0,0.0,83.0,220345723.0,70,26435,100.0,0.0,100,10,100.0,0.0,100.0,0.0,100.0,0.0,100.0,0.0,100.0,0.0,72.0,28.0,100.0,0.0,100,0,98.0,4263.0,28,28,100.0,0.0,100.0,0.0,200.0,0.0,100.0,26411.0,100.0,42171726376.0,100.0,127445316863.0
2019-02-23,Z305EYP3,ST4000DM000,4000787030016,0,119.0,217530496.0,92.0,0.0,100.0,10.0,100.0,0.0,83.0,220951220.0,70.0,26458.0,100.0,0.0,100.0,10.0,100.0,0.0,100.0,0.0,100.0,0.0,100.0,0.0,100.0,0.0,71.0,29.0,100.0,0.0,100.0,0.0,98.0,4263.0,29.0,29.0,100.0,0.0,100.0,0.0,200.0,0.0,100.0,26434.0,100.0,42173702192.0,100.0,127622465848.0
2019-02-24,Z305EYP3,ST4000DM000,4000787030016,0,117,120787888,92.0,0.0,100.0,10.0,100.0,0.0,83.0,221639359.0,70,26482,100.0,0.0,100,10,100.0,0.0,100.0,0.0,100.0,0.0,100.0,0.0,100.0,0.0,72.0,28.0,100.0,0.0,100,0,98.0,4263.0,28,28,100.0,0.0,100.0,0.0,200.0,0.0,100.0,26458.0,100.0,42175968456.0,100.0,127776115103.0
2019-02-25,Z305EYP3,ST4000DM000,4000787030016,0,117,152301424,92.0,0.0,100.0,10.0,100.0,0.0,83.0,222865247.0,70,26505,100.0,0.0,100,10,100.0,0.0,100.0,0.0,100.0,0.0,100.0,0.0,100.0,0.0,73.0,27.0,100.0,0.0,100,0,98.0,4263.0,27,27,100.0,0.0,100.0,0.0,200.0,0.0,100.0,26481.0,100.0,42180456152.0,100.0,127904713011.0
2019-02-26,Z305EYP3,ST4000DM000,4000787030016,0,101,3341584,92.0,0.0,100.0,10.0,100.0,0.0,83.0,224899414.0,70,26529,100.0,0.0,100,10,100.0,0.0,100.0,0.0,100.0,0.0,100.0,0.0,100.0,0.0,71.0,29.0,100.0,0.0,100,0,98.0,4263.0,29,29,100.0,0.0,100.0,0.0,200.0,0.0,100.0,26505.0,100.0,42186124648.0,100.0,128097357087.0
2019-02-27,Z305EYP3,ST4000DM000,4000787030016,0,114.0,80106040.0,92.0,0.0,100.0,10.0,100.0,0.0,83.0,225893074.0,70.0,26552.0,100.0,0.0,100.0,10.0,100.0,0.0,100.0,0.0,100.0,0.0,100.0,0.0,100.0,0.0,73.0,27.0,100.0,0.0,100.0,0.0,98.0,4263.0,27.0,27.0,100.0,0.0,100.0,0.0,200.0,0.0,100.0,26528.0,100.0,42188238808.0,100.0,128276058507.0
2019-02-28,Z305EYP3,ST4000DM000,4000787030016,0,113,57714776,92.0,0.0,100.0,10.0,100.0,0.0,83.0,226564142.0,70,26576,100.0,0.0,100,10,100.0,0.0,100.0,0.0,100.0,0.0,100.0,0.0,100.0,0.0,73.0,27.0,100.0,0.0,100,0,98.0,4263.0,27,27,100.0,0.0,100.0,0.0,200.0,0.0,100.0,26552.0,100.0,42190506232.0,100.0,128416585250.0
2019-03-01,Z305EYP3,ST4000DM000,4000787030016,0,113.0,57258968.0,92.0,0.0,100.0,10.0,100.0,0.0,83.0,227813193.0,70.0,26599.0,100.0,0.0,100.0,10.0,100.0,0.0,100.0,0.0,100.0,0.0,100.0,0.0,100.0,0.0,73.0,27.0,100.0,0.0,100.0,0.0,98.0,4263.0,27.0,27.0,100.0,0.0,100.0,0.0,200.0,0.0,100.0,26575.0,100.0,42194727672.0,100.0,128585772685.0
2019-03-02,Z305EYP3,ST4000DM000,4000787030016,0,118.0,183306552.0,92.0,0.0,100.0,10.0,100.0,0.0,83.0,228631158.0,70.0,26623.0,100.0,0.0,100.0,10.0,100.0,0.0,100.0,0.0,100.0,0.0,100.0,0.0,100.0,0.0,73.0,27.0,100.0,0.0,100.0,0.0,98.0,4263.0,27.0,27.0,100.0,0.0,100.0,0.0,200.0,0.0,100.0,26599.0,100.0,42196855968.0,100.0,128733527892.0
2019-03-03,Z305EYP3,ST4000DM000,4000787030016,0,113.0,50938320.0,92.0,0.0,100.0,10.0,100.0,0.0,83.0,229818645.0,70.0,26647.0,100.0,0.0,100.0,10.0,100.0,0.0,100.0,0.0,100.0,0.0,100.0,0.0,100.0,0.0,73.0,27.0,100.0,0.0,100.0,0.0,98.0,4263.0,27.0,27.0,100.0,0.0,100.0,0.0,200.0,0.0,100.0,26623.0,100.0,42199236752.0,100.0,128888619864.0
2019-03-04,Z305EYP3,ST4000DM000,4000787030016,0,116,112441152,92.0,0.0,100.0,10.0,100.0,0.0,83.0,231829654.0,70,26671,100.0,0.0,100,10,100.0,0.0,100.0,0.0,100.0,0.0,100.0,0.0,100.0,0.0,73.0,27.0,100.0,0.0,100,0,98.0,4263.0,27,27,100.0,0.0,100.0,0.0,200.0,0.0,100.0,26647.0,100.0,42205197488.0,100.0,129073588341.0
2019-03-05,Z305EYP3,ST4000DM000,4000787030016,0,117.0,165980968.0,92.0,0.0,100.0,10.0,100.0,0.0,83.0,232513711.0,70.0,26695.0,100.0,0.0,100.0,10.0,100.0,0.0,100.0,0.0,100.0,0.0,100.0,0.0,100.0,0.0,74.0,26.0,100.0,0.0,100.0,0.0,98.0,4263.0,26.0,26.0,100.0,0.0,100.0,0.0,200.0,0.0,100.0,26671.0,100.0,42207165168.0,100.0,129224418479.0
2019-03-06,Z305EYP3,ST4000DM000,4000787030016,0,117.0,141971208.0,92.0,0.0,100.0,10.0,100.0,0.0,83.0,233255942.0,70.0,26718.0,100.0,0.0,100.0,10.0,100.0,0.0,100.0,0.0,100.0,0.0,100.0,0.0,100.0,0.0,73.0,27.0,100.0,0.0,100.0,0.0,98.0,4263.0,27.0,27.0,100.0,0.0,100.0,0.0,200.0,0.0,100.0,26694.0,100.0,42208698488.0,100.0,129377895450.0
2019-03-07,Z305EYP3,ST4000DM000,4000787030016,0,117.0,134338864.0,92.0,0.0,100.0,10.0,100.0,0.0,83.0,234076325.0,70.0,26742.0,100.0,0.0,100.0,10.0,100.0,0.0,100.0,0.0,100.0,0.0,100.0,0.0,100.0,0.0,73.0,27.0,100.0,0.0,100.0,0.0,98.0,4263.0,27.0,27.0,100.0,0.0,100.0,0.0,200.0,0.0,100.0,26718.0,100.0,42210207384.0,100.0,129525386394.0
2019-03-08,Z305EYP3,ST4000DM000,4000787030016,0,119.0,213044032.0,92.0,0.0,100.0,10.0,100.0,0.0,84.0,235342314.0,70.0,26765.0,100.0,0.0,100.0,10.0,100.0,0.0,100.0,0.0,100.0,0.0,100.0,0.0,100.0,0.0,73.0,27.0,100.0,0.0,100.0,0.0,98.0,4263.0,27.0,27.0,100.0,0.0,100.0,0.0,200.0,0.0,100.0,26741.0,100.0,42213971728.0,100.0,129697942241.0
2019-03-09,Z305EYP3,ST4000DM000,4000787030016,0,117.0,128638072.0,92.0,0.0,100.0,10.0,100.0,0.0,84.0,236218125.0,70.0,26789.0,100.0,0.0,100.0,10.0,100.0,0.0,100.0,0.0,100.0,0.0,100.0,0.0,100.0,0.0,73.0,27.0,100.0,0.0,100.0,0.0,98.0,4263.0,27.0,27.0,100.0,0.0,100.0,0.0,200.0,0.0,100.0,26765.0,100.0,42217589752.0,100.0,129859660379.0
2019-03-10,Z305EYP3,ST4000DM000,4000787030016,0,119.0,232224032.0,92.0,0.0,100.0,10.0,100.0,0.0,84.0,237024517.0,70.0,26813.0,100.0,0.0,100.0,10.0,100.0,0.0,100.0,0.0,100.0,0.0,100.0,0.0,100.0,0.0,73.0,27.0,100.0,0.0,100.0,0.0,98.0,4263.0,27.0,27.0,100.0,0.0,100.0,0.0,200.0,0.0,100.0,26789.0,100.0,42219750568.0,100.0,130017810736.0
2019-03-11,Z305EYP3,ST4000DM000,4000787030016,0,113.0,53869872.0,92.0,0.0,100.0,10.0,100.0,0.0,84.0,238949725.0,70.0,26836.0,100.0,0.0,100.0,10.0,100.0,0.0,100.0,0.0,100.0,0.0,100.0,0.0,100.0,0.0,72.0,28.0,100.0,0.0,100.0,0.0,98.0,4263.0,28.0,28.0,100.0,0.0,100.0,0.0,200.0,0.0,100.0,26812.0,100.0,42223958536.0,100.0,130176513884.0
2019-03-12,Z305EYP3,ST4000DM000,4000787030016,0,117.0,117779040.0,92.0,0.0,100.0,10.0,100.0,0.0,84.0,239971503.0,70.0,26860.0,100.0,0.0,100.0,10.0,100.0,0.0,100.0,0.0,100.0,0.0,100.0,0.0,100.0,0.0,73.0,27.0,100.0,0.0,100.0,0.0,98.0,4263.0,27.0,27.0,100.0,0.0,100.0,0.0,200.0,0.0,100.0,26836.0,100.0,42225810888.0,100.0,130328080381.0
2019-03-13,Z305EYP3,ST4000DM000,4000787030016,0,117.0,165825752.0,92.0,0.0,100.0,10.0,100.0,0.0,84.0,240767992.0,70.0,26884.0,100.0,0.0,100.0,10.0,100.0,0.0,100.0,0.0,100.0,0.0,100.0,0.0,100.0,0.0,74.0,26.0,100.0,0.0,100.0,0.0,98.0,4263.0,26.0,26.0,100.0,0.0,100.0,0.0,200.0,0.0,100.0,26860.0,100.0,42227454368.0,100.0,130435907128.0
2019-03-14,Z305EYP3,ST4000DM000,4000787030016,0,116.0,111550840.0,92.0,0.0,100.0,10.0,100.0,0.0,84.0,241770177.0,70.0,26907.0,100.0,0.0,100.0,10.0,100.0,0.0,100.0,0.0,100.0,0.0,100.0,0.0,100.0,0.0,74.0,26.0,100.0,0.0,100.0,0.0,98.0,4263.0,26.0,26.0,100.0,0.0,100.0,0.0,200.0,0.0,100.0,26883.0,100.0,42229134312.0,100.0,130564137867.0
2019-03-15,Z305EYP3,ST4000DM000,4000787030016,0,117.0,128691336.0,92.0,0.0,100.0,10.0,100.0,0.0,84.0,242930474.0,70.0,26931.0,100.0,0.0,100.0,10.0,100.0,0.0,100.0,0.0,100.0,0.0,100.0,0.0,100.0,0.0,74.0,26.0,100.0,0.0,100.0,0.0,98.0,4263.0,26.0,26.0,100.0,0.0,100.0,0.0,200.0,0.0,100.0,26907.0,100.0,42231446040.0,100.0,130719707320.0
2019-03-16,Z305EYP3,ST4000DM000,4000787030016,0,117.0,143094152.0,92.0,0.0,100.0,10.0,100.0,0.0,84.0,244047182.0,70.0,26954.0,100.0,0.0,100.0,10.0,100.0,0.0,100.0,0.0,100.0,0.0,100.0,0.0,100.0,0.0,74.0,26.0,100.0,0.0,100.0,0.0,98.0,4263.0,26.0,26.0,100.0,0.0,100.0,0.0,200.0,0.0,100.0,26930.0,100.0,42235481080.0,100.0,130877780032.0
2019-03-17,Z305EYP3,ST4000DM000,4000787030016,0,120.0,235570432.0,92.0,0.0,100.0,10.0,100.0,0.0,84.0,244657619.0,70.0,26978.0,100.0,0.0,100.0,10.0,100.0,0.0,100.0,0.0,100.0,0.0,100.0,0.0,100.0,0.0,74.0,26.0,100.0,0.0,100.0,0.0,98.0,4263.0,26.0,26.0,100.0,0.0,100.0,0.0,200.0,0.0,100.0,26954.0,100.0,42238196544.0,100.0,131004356006.0
2019-03-18,Z305EYP3,ST4000DM000,4000787030016,0,118.0,187793240.0,92.0,0.0,100.0,10.0,100.0,0.0,84.0,246433491.0,70.0,27001.0,100.0,0.0,100.0,10.0,100.0,0.0,100.0,0.0,100.0,0.0,100.0,0.0,100.0,0.0,74.0,26.0,100.0,0.0,100.0,0.0,98.0,4263.0,26.0,26.0,100.0,0.0,100.0,0.0,200.0,0.0,100.0,26977.0,100.0,42242794632.0,100.0,131142833365.0
2019-03-19,Z305EYP3,ST4000DM000,4000787030016,0,119.0,226418248.0,92.0,0.0,100.0,10.0,100.0,0.0,84.0,246962517.0,70.0,27025.0,100.0,0.0,100.0,10.0,100.0,0.0,100.0,0.0,100.0,0.0,100.0,0.0,100.0,0.0,74.0,26.0,100.0,0.0,100.0,0.0,98.0,4263.0,26.0,26.0,100.0,0.0,100.0,0.0,200.0,0.0,100.0,27001.0,100.0,42244301856.0,100.0,131288771166.0
2019-03-20,Z305EYP3,ST4000DM000,4000787030016,0,118.0,172852528.0,92.0,0.0,100.0,10.0,100.0,0.0,84.0,247334161.0,70.0,27048.0,100.0,0.0,100.0,10.0,100.0,0.0,100.0,0.0,100.0,0.0,100.0,0.0,100.0,0.0,73.0,27.0,100.0,0.0,100.0,0.0,98.0,4263.0,27.0,27.0,100.0,0.0,100.0,0.0,200.0,0.0,100.0,27024.0,100.0,42246437608.0,100.0,131415851271.0
2019-03-21,Z305EYP3,ST4000DM000,4000787030016,0,117.0,140606824.0,92.0,0.0,100.0,10.0,100.0,0.0,84.0,247710706.0,70.0,27072.0,100.0,0.0,100.0,10.0,100.0,0.0,100.0,0.0,100.0,0.0,100.0,0.0,100.0,0.0,73.0,27.0,100.0,0.0,100.0,0.0,98.0,4263.0,27.0,27.0,100.0,0.0,100.0,0.0,200.0,0.0,100.0,27048.0,100.0,42248773584.0,100.0,131569412091.0
2019-03-22,Z305EYP3,ST4000DM000,4000787030016,0,118.0,172209944.0,92.0,0.0,100.0,10.0,100.0,0.0,84.0,248102848.0,70.0,27095.0,100.0,0.0,100.0,10.0,100.0,0.0,100.0,0.0,100.0,0.0,100.0,0.0,100.0,0.0,73.0,27.0,100.0,0.0,100.0,0.0,98.0,4263.0,27.0,27.0,100.0,0.0,100.0,0.0,200.0,0.0,100.0,27071.0,100.0,42251105776.0,100.0,131759484906.0
2019-03-23,Z305EYP3,ST4000DM000,4000787030016,0,119.0,229587160.0,92.0,0.0,100.0,10.0,100.0,0.0,84.0,249027364.0,70.0,27119.0,100.0,0.0,100.0,10.0,100.0,0.0,100.0,0.0,100.0,0.0,100.0,0.0,100.0,0.0,73.0,27.0,100.0,0.0,100.0,0.0,98.0,4263.0,27.0,27.0,100.0,0.0,100.0,0.0,200.0,0.0,100.0,27095.0,100.0,42256025440.0,100.0,131927545491.0
2019-03-24,Z305EYP3,ST4000DM000,4000787030016,0,114.0,62137232.0,92.0,0.0,100.0,10.0,100.0,0.0,84.0,250049941.0,70.0,27142.0,100.0,0.0,100.0,10.0,100.0,0.0,100.0,0.0,100.0,0.0,100.0,0.0,100.0,0.0,73.0,27.0,100.0,0.0,100.0,0.0,98.0,4263.0,27.0,27.0,100.0,0.0,100.0,0.0,200.0,0.0,100.0,27118.0,100.0,42260576736.0,100.0,132119324886.0
2019-03-25,Z305EYP3,ST4000DM000,4000787030016,0,114.0,67858216.0,92.0,0.0,100.0,10.0,100.0,0.0,84.0,251367975.0,69.0,27177.0,100.0,0.0,100.0,10.0,100.0,0.0,100.0,0.0,100.0,0.0,100.0,0.0,100.0,0.0,73.0,27.0,100.0,0.0,100.0,0.0,98.0,4263.0,27.0,27.0,100.0,0.0,100.0,0.0,200.0,0.0,100.0,27154.0,100.0,42265752528.0,100.0,132364146142.0
2019-03-26,Z305EYP3,ST4000DM000,4000787030016,0,118.0,174654944.0,92.0,0.0,100.0,10.0,100.0,0.0,84.0,252089527.0,69.0,27201.0,100.0,0.0,100.0,10.0,100.0,0.0,100.0,0.0,100.0,0.0,100.0,0.0,100.0,0.0,73.0,27.0,100.0,0.0,100.0,0.0,98.0,4263.0,27.0,27.0,100.0,0.0,100.0,0.0,200.0,0.0,100.0,27177.0,100.0,42268020304.0,100.0,132515929307.0
2019-03-27,Z305EYP3,ST4000DM000,4000787030016,0,120.0,241315944.0,92.0,0.0,100.0,10.0,100.0,0.0,84.0,253333049.0,69.0,27224.0,100.0,0.0,100.0,10.0,100.0,0.0,100.0,0.0,100.0,0.0,100.0,0.0,100.0,0.0,73.0,27.0,100.0,0.0,100.0,0.0,98.0,4263.0,27.0,27.0,100.0,0.0,100.0,0.0,200.0,0.0,100.0,27200.0,100.0,42269993376.0,100.0,132675992914.0
2019-03-28,Z305EYP3,ST4000DM000,4000787030016,0,118.0,186921032.0,92.0,0.0,100.0,10.0,100.0,0.0,84.0,254165596.0,69.0,27248.0,100.0,0.0,100.0,10.0,100.0,0.0,100.0,0.0,100.0,0.0,100.0,0.0,100.0,0.0,73.0,27.0,100.0,0.0,100.0,0.0,98.0,4263.0,27.0,27.0,100.0,0.0,100.0,0.0,200.0,0.0,100.0,27224.0,100.0,42271833872.0,100.0,132840337060.0
2019-03-29,Z305EYP3,ST4000DM000,4000787030016,0,110.0,26627544.0,92.0,0.0,100.0,10.0,100.0,0.0,84.0,255880514.0,69.0,27271.0,100.0,0.0,100.0,10.0,100.0,0.0,100.0,0.0,100.0,0.0,100.0,0.0,100.0,0.0,73.0,27.0,100.0,0.0,100.0,0.0,98.0,4263.0,27.0,27.0,100.0,0.0,100.0,0.0,200.0,0.0,100.0,27247.0,100.0,42276700192.0,100.0,133025498866.0
2019-03-30,Z305EYP3,ST4000DM000,4000787030016,0,119.0,219726456.0,92.0,0.0,100.0,10.0,100.0,0.0,84.0,256449601.0,69.0,27283.0,100.0,0.0,100.0,10.0,100.0,0.0,100.0,0.0,100.0,0.0,100.0,0.0,100.0,0.0,73.0,27.0,100.0,0.0,100.0,0.0,98.0,4263.0,27.0,27.0,100.0,0.0,100.0,0.0,200.0,0.0,100.0,27259.0,100.0,42278152344.0,100.0,133099970125.0
2019-03-31,Z305EYP3,ST4000DM000,4000787030016,0,118.0,185784536.0,92.0,0.0,100.0,10.0,100.0,0.0,84.0,257125342.0,69.0,27307.0,100.0,0.0,100.0,10.0,100.0,0.0,100.0,0.0,100.0,0.0,100.0,0.0,100.0,0.0,73.0,27.0,100.0,0.0,100.0,0.0,98.0,4263.0,27.0,27.0,100.0,0.0,100.0,0.0,200.0,0.0,100.0,27283.0,100.0,42279984808.0,100.0,133247906685.0
2019-04-01,Z305EYP3,ST4000DM000,4000787030016,0,115.0,94864968.0,92.0,0.0,100.0,10.0,100.0,0.0,84.0,258815682.0,69.0,27342.0,100.0,0.0,100.0,10.0,100.0,0.0,100.0,0.0,100.0,0.0,100.0,0.0,100.0,0.0,74.0,26.0,100.0,0.0,100.0,0.0,98.0,4263.0,26.0,26.0,100.0,0.0,100.0,0.0,200.0,0.0,100.0,27318.0,100.0,42285015488.0,100.0,133457158059.0
2019-04-02,Z305EYP3,ST4000DM000,4000787030016,0,119.0,201822320.0,92.0,0.0,100.0,10.0,100.0,0.0,84.0,259849494.0,69.0,27365.0,100.0,0.0,100.0,10.0,100.0,0.0,100.0,0.0,100.0,0.0,100.0,0.0,100.0,0.0,74.0,26.0,100.0,0.0,100.0,0.0,98.0,4263.0,26.0,26.0,100.0,0.0,100.0,0.0,200.0,0.0,100.0,27341.0,100.0,42286995272.0,100.0,133623476280.0
2019-04-03,Z305EYP3,ST4000DM000,4000787030016,0,109.0,23446880.0,92.0,0.0,100.0,10.0,100.0,0.0,84.0,260525430.0,69.0,27389.0,100.0,0.0,100.0,10.0,100.0,0.0,100.0,0.0,100.0,0.0,100.0,0.0,100.0,0.0,73.0,27.0,100.0,0.0,100.0,0.0,98.0,4263.0,27.0,27.0,100.0,0.0,100.0,0.0,200.0,0.0,100.0,27365.0,100.0,42288640088.0,100.0,133780986928.0
2019-04-04,Z305EYP3,ST4000DM000,4000787030016,0,119.0,204653752.0,92.0,0.0,100.0,10.0,100.0,0.0,84.0,261979383.0,69.0,27412.0,100.0,0.0,100.0,10.0,100.0,0.0,100.0,0.0,100.0,0.0,100.0,0.0,100.0,0.0,73.0,27.0,100.0,0.0,100.0,0.0,98.0,4263.0,27.0,27.0,100.0,0.0,100.0,0.0,200.0,0.0,100.0,27388.0,100.0,42294006144.0,100.0,133945512216.0
2019-04-05,Z305EYP3,ST4000DM000,4000787030016,0,105.0,9233504.0,92.0,0.0,100.0,10.0,100.0,0.0,84.0,263041777.0,69.0,27435.0,100.0,0.0,100.0,10.0,100.0,0.0,100.0,0.0,100.0,0.0,100.0,0.0,100.0,0.0,73.0,27.0,100.0,0.0,100.0,0.0,98.0,4263.0,27.0,27.0,100.0,0.0,100.0,0.0,200.0,0.0,100.0,27411.0,100.0,42295980168.0,100.0,134111588360.0
2019-04-06,Z305EYP3,ST4000DM000,4000787030016,0,119.0,213105080.0,92.0,0.0,100.0,10.0,100.0,0.0,84.0,264112960.0,69.0,27459.0,100.0,0.0,100.0,10.0,100.0,0.0,100.0,0.0,100.0,0.0,100.0,0.0,100.0,0.0,73.0,27.0,100.0,0.0,100.0,0.0,98.0,4263.0,27.0,27.0,100.0,0.0,100.0,0.0,200.0,0.0,100.0,27435.0,100.0,42299239664.0,100.0,134264588055.0
2019-04-07,Z305EYP3,ST4000DM000,4000787030016,0,115.0,89429944.0,92.0,0.0,100.0,10.0,100.0,0.0,84.0,264862537.0,69.0,27482.0,100.0,0.0,100.0,10.0,100.0,0.0,100.0,0.0,100.0,0.0,100.0,0.0,100.0,0.0,73.0,27.0,100.0,0.0,100.0,0.0,98.0,4263.0,27.0,27.0,100.0,0.0,100.0,0.0,200.0,0.0,100.0,27459.0,100.0,42301270576.0,100.0,134421034643.0
2019-04-08,Z305EYP3,ST4000DM000,4000787030016,0,114.0,62352984.0,92.0,0.0,100.0,10.0,100.0,0.0,84.0,266074936.0,69.0,27506.0,100.0,0.0,100.0,10.0,100.0,0.0,100.0,0.0,100.0,0.0,100.0,0.0,100.0,0.0,74.0,26.0,100.0,0.0,100.0,0.0,98.0,4263.0,26.0,26.0,100.0,0.0,100.0,0.0,200.0,0.0,100.0,27482.0,100.0,42305295272.0,100.0,134572637057.0
2019-04-09,Z305EYP3,ST4000DM000,4000787030016,0,113.0,51630848.0,92.0,0.0,100.0,10.0,100.0,0.0,84.0,267320024.0,69.0,27529.0,100.0,0.0,100.0,10.0,100.0,0.0,100.0,0.0,100.0,0.0,100.0,0.0,100.0,0.0,73.0,27.0,100.0,0.0,100.0,0.0,98.0,4263.0,27.0,27.0,100.0,0.0,100.0,0.0,200.0,0.0,100.0,27506.0,100.0,42308466272.0,100.0,134740231915.0
2019-04-10,Z305EYP3,ST4000DM000,4000787030016,0,116.0,106800352.0,92.0,0.0,100.0,10.0,100.0,0.0,84.0,268173791.0,69.0,27553.0,100.0,0.0,100.0,10.0,100.0,0.0,100.0,0.0,100.0,0.0,100.0,0.0,100.0,0.0,73.0,27.0,100.0,0.0,100.0,0.0,98.0,4263.0,27.0,27.0,100.0,0.0,100.0,0.0,200.0,0.0,100.0,27529.0,100.0,42310264440.0,100.0,134872795813.0
2019-04-11,Z305EYP3,ST4000DM000,4000787030016,0,115.0,93102648.0,92.0,0.0,100.0,10.0,100.0,0.0,84.0,268991252.0,69.0,27576.0,100.0,0.0,100.0,10.0,100.0,0.0,100.0,0.0,100.0,0.0,100.0,0.0,100.0,0.0,73.0,27.0,100.0,0.0,100.0,0.0,98.0,4263.0,27.0,27.0,100.0,0.0,100.0,0.0,200.0,0.0,100.0,27552.0,100.0,42311883840.0,100.0,134983522398.0
2019-04-12,Z305EYP3,ST4000DM000,4000787030016,0,115.0,87450672.0,92.0,0.0,100.0,10.0,100.0,0.0,84.0,269999588.0,69.0,27600.0,100.0,0.0,100.0,10.0,100.0,0.0,100.0,0.0,100.0,0.0,100.0,0.0,100.0,0.0,73.0,27.0,100.0,0.0,100.0,0.0,98.0,4263.0,27.0,27.0,100.0,0.0,100.0,0.0,200.0,0.0,100.0,27576.0,100.0,42313580704.0,100.0,135105501183.0
2019-04-13,Z305EYP3,ST4000DM000,4000787030016,0,118.0,182495928.0,92.0,0.0,100.0,10.0,100.0,0.0,84.0,271518174.0,69.0,27623.0,100.0,0.0,100.0,10.0,100.0,0.0,100.0,0.0,100.0,0.0,100.0,0.0,100.0,0.0,73.0,27.0,100.0,0.0,100.0,0.0,98.0,4263.0,27.0,27.0,100.0,0.0,100.0,0.0,200.0,0.0,100.0,27599.0,100.0,42317526008.0,100.0,135269413093.0
2019-04-14,Z305EYP3,ST4000DM000,4000787030016,0,118.0,180355072.0,92.0,0.0,100.0,10.0,100.0,0.0,84.0,272964452.0,69.0,27647.0,100.0,0.0,100.0,10.0,100.0,0.0,100.0,0.0,100.0,0.0,100.0,0.0,100.0,0.0,74.0,26.0,100.0,0.0,100.0,0.0,98.0,4263.0,26.0,26.0,100.0,0.0,100.0,0.0,200.0,0.0,100.0,27623.0,100.0,42319673528.0,100.0,135428259244.0
2019-04-15,Z305EYP3,ST4000DM000,4000787030016,0,119.0,206788400.0,92.0,0.0,100.0,10.0,100.0,0.0,84.0,274024289.0,69.0,27670.0,100.0,0.0,100.0,10.0,100.0,0.0,100.0,0.0,100.0,0.0,100.0,0.0,100.0,0.0,74.0,26.0,100.0,0.0,100.0,0.0,98.0,4263.0,26.0,26.0,100.0,0.0,100.0,0.0,200.0,0.0,100.0,27646.0,100.0,42323654104.0,100.0,135562468770.0
2019-04-16,Z305EYP3,ST4000DM000,4000787030016,0,117.0,139468256.0,92.0,0.0,100.0,10.0,100.0,0.0,84.0,274533065.0,69.0,27694.0,100.0,0.0,100.0,10.0,100.0,0.0,100.0,0.0,100.0,0.0,100.0,0.0,100.0,0.0,73.0,27.0,100.0,0.0,100.0,0.0,98.0,4263.0,27.0,27.0,100.0,0.0,100.0,0.0,200.0,0.0,100.0,27670.0,100.0,42324986360.0,100.0,135676852700.0
2019-04-17,Z305EYP3,ST4000DM000,4000787030016,0,117.0,140795456.0,92.0,0.0,100.0,10.0,100.0,0.0,84.0,275069515.0,69.0,27717.0,100.0,0.0,100.0,10.0,100.0,0.0,100.0,0.0,100.0,0.0,100.0,0.0,100.0,0.0,73.0,27.0,100.0,0.0,100.0,0.0,98.0,4263.0,27.0,27.0,100.0,0.0,100.0,0.0,200.0,0.0,100.0,27693.0,100.0,42326586064.0,100.0,135820632995.0
2019-04-18,Z305EYP3,ST4000DM000,4000787030016,0,115.0,91378800.0,92.0,0.0,100.0,10.0,100.0,0.0,84.0,275449459.0,69.0,27741.0,100.0,0.0,100.0,10.0,100.0,0.0,100.0,0.0,100.0,0.0,100.0,0.0,100.0,0.0,73.0,27.0,100.0,0.0,100.0,0.0,98.0,4263.0,27.0,27.0,100.0,0.0,100.0,0.0,200.0,0.0,100.0,27717.0,100.0,42328756400.0,100.0,135949981463.0
2019-04-19,Z305EYP3,ST4000DM000,4000787030016,0,108.0,16190576.0,92.0,0.0,100.0,10.0,100.0,0.0,84.0,275805675.0,69.0,27764.0,100.0,0.0,100.0,10.0,100.0,0.0,100.0,0.0,100.0,0.0,100.0,0.0,100.0,0.0,74.0,26.0,100.0,0.0,100.0,0.0,98.0,4263.0,26.0,26.0,100.0,0.0,100.0,0.0,200.0,0.0,100.0,27740.0,100.0,42331144368.0,100.0,136099182730.0
2019-04-20,Z305EYP3,ST4000DM000,4000787030016,0,119.0,212939792.0,92.0,0.0,100.0,10.0,100.0,0.0,84.0,277643725.0,69.0,27799.0,100.0,0.0,100.0,10.0,100.0,0.0,100.0,0.0,100.0,0.0,100.0,0.0,100.0,0.0,75.0,25.0,100.0,0.0,100.0,0.0,98.0,4263.0,25.0,25.0,100.0,0.0,100.0,0.0,200.0,0.0,100.0,27775.0,100.0,42337283544.0,100.0,136395292155.0
2019-04-21,Z305EYP3,ST4000DM000,4000787030016,0,114.0,76276688.0,92.0,0.0,100.0,10.0,100.0,0.0,84.0,277995952.0,69.0,27823.0,100.0,0.0,100.0,10.0,100.0,0.0,100.0,0.0,100.0,0.0,100.0,0.0,100.0,0.0,74.0,26.0,100.0,0.0,100.0,0.0,98.0,4263.0,26.0,26.0,100.0,0.0,100.0,0.0,200.0,0.0,100.0,27799.0,100.0,42339457616.0,100.0,136554509313.0
2019-04-22,Z305EYP3,ST4000DM000,4000787030016,0,119.0,218368944.0,92.0,0.0,100.0,10.0,100.0,0.0,84.0,278768559.0,69.0,27846.0,100.0,0.0,100.0,10.0,100.0,0.0,100.0,0.0,100.0,0.0,100.0,0.0,100.0,0.0,74.0,26.0,100.0,0.0,100.0,0.0,98.0,4263.0,26.0,26.0,100.0,0.0,100.0,0.0,200.0,0.0,100.0,27822.0,100.0,42343228968.0,100.0,136720375355.0
2019-04-23,Z305EYP3,ST4000DM000,4000787030016,0,117.0,165577992.0,92.0,0.0,100.0,10.0,100.0,0.0,84.0,279407663.0,69.0,27870.0,100.0,0.0,100.0,10.0,100.0,0.0,100.0,0.0,100.0,0.0,100.0,0.0,100.0,0.0,75.0,25.0,100.0,0.0,100.0,0.0,98.0,4263.0,25.0,25.0,100.0,0.0,100.0,0.0,200.0,0.0,100.0,27846.0,100.0,42345182640.0,100.0,136887323520.0
2019-04-24,Z305EYP3,ST4000DM000,4000787030016,0,115.0,85119784.0,92.0,0.0,100.0,10.0,100.0,0.0,84.0,280154527.0,69.0,27893.0,100.0,0.0,100.0,10.0,100.0,0.0,100.0,0.0,100.0,0.0,100.0,0.0,100.0,0.0,75.0,25.0,100.0,0.0,100.0,0.0,98.0,4263.0,25.0,25.0,100.0,0.0,100.0,0.0,200.0,0.0,100.0,27869.0,100.0,42352204072.0,100.0,137042542222.0
2019-04-25,Z305EYP3,ST4000DM000,4000787030016,0,117.0,153106016.0,92.0,0.0,100.0,10.0,100.0,0.0,84.0,281409309.0,69.0,27918.0,100.0,0.0,100.0,10.0,100.0,0.0,100.0,0.0,100.0,0.0,100.0,0.0,100.0,0.0,75.0,25.0,100.0,0.0,100.0,0.0,98.0,4263.0,25.0,25.0,100.0,0.0,100.0,0.0,200.0,0.0,100.0,27894.0,100.0,42354410488.0,100.0,137207544380.0
2019-04-26,Z305EYP3,ST4000DM000,4000787030016,0,114.0,59458904.0,92.0,0.0,100.0,10.0,100.0,0.0,84.0,283519810.0,69.0,27942.0,100.0,0.0,100.0,10.0,100.0,0.0,100.0,0.0,100.0,0.0,100.0,0.0,100.0,0.0,75.0,25.0,100.0,0.0,100.0,0.0,98.0,4263.0,25.0,25.0,100.0,0.0,100.0,0.0,200.0,0.0,100.0,27918.0,100.0,42359613112.0,100.0,137405304696.0
2019-04-27,Z305EYP3,ST4000DM000,4000787030016,0,113.0,54223176.0,92.0,0.0,100.0,10.0,100.0,0.0,84.0,284344525.0,69.0,27966.0,100.0,0.0,100.0,10.0,100.0,0.0,100.0,0.0,100.0,0.0,100.0,0.0,100.0,0.0,77.0,23.0,100.0,0.0,100.0,0.0,98.0,4263.0,23.0,23.0,100.0,0.0,100.0,0.0,200.0,0.0,100.0,27942.0,100.0,42361643440.0,100.0,137566991064.0
2019-04-28,Z305EYP3,ST4000DM000,4000787030016,0,114.0,79667736.0,92.0,0.0,100.0,10.0,100.0,0.0,84.0,285031301.0,69.0,27990.0,100.0,0.0,100.0,10.0,100.0,0.0,100.0,0.0,100.0,0.0,100.0,0.0,100.0,0.0,75.0,25.0,100.0,0.0,100.0,0.0,98.0,4263.0,25.0,25.0,100.0,0.0,100.0,0.0,200.0,0.0,100.0,27966.0,100.0,42364137392.0,100.0,137718106792.0
2019-04-29,Z305EYP3,ST4000DM000,4000787030016,0,112.0,47950096.0,92.0,0.0,100.0,10.0,100.0,0.0,84.0,286217252.0,69.0,28013.0,100.0,0.0,100.0,10.0,100.0,0.0,100.0,0.0,100.0,0.0,100.0,0.0,100.0,0.0,75.0,25.0,100.0,0.0,100.0,0.0,98.0,4263.0,25.0,25.0,100.0,0.0,100.0,0.0,200.0,0.0,100.0,27990.0,100.0,42368218128.0,100.0,137856219065.0
2019-04-30,Z305EYP3,ST4000DM000,4000787030016,0,118.0,170323760.0,92.0,0.0,100.0,10.0,100.0,0.0,84.0,287175851.0,68.0,28037.0,100.0,0.0,100.0,10.0,100.0,0.0,100.0,0.0,100.0,0.0,100.0,0.0,100.0,0.0,75.0,25.0,100.0,0.0,100.0,0.0,98.0,4263.0,25.0,25.0,100.0,0.0,100.0,0.0,200.0,0.0,100.0,28013.0,100.0,42370456552.0,100.0,138003396010.0
2019-05-01,Z305EYP3,ST4000DM000,4000787030016,0,110.0,28893176.0,92.0,0.0,100.0,10.0,100.0,0.0,84.0,287776742.0,68.0,28049.0,100.0,0.0,100.0,10.0,100.0,0.0,100.0,0.0,100.0,0.0,100.0,0.0,100.0,0.0,73.0,27.0,100.0,0.0,100.0,0.0,98.0,4263.0,27.0,27.0,100.0,0.0,100.0,0.0,200.0,0.0,100.0,28025.0,100.0,42371435992.0,100.0,138092062488.0
2019-05-02,Z305EYP3,ST4000DM000,4000787030016,0,111.0,41665504.0,92.0,0.0,100.0,10.0,100.0,0.0,84.0,289312921.0,68.0,28072.0,100.0,0.0,100.0,10.0,100.0,0.0,100.0,0.0,100.0,0.0,100.0,0.0,100.0,0.0,72.0,28.0,100.0,0.0,100.0,0.0,98.0,4263.0,28.0,28.0,100.0,0.0,100.0,0.0,200.0,0.0,100.0,28048.0,100.0,42375955704.0,100.0,138278104686.0
2019-05-03,Z305EYP3,ST4000DM000,4000787030016,0,116.0,112413336.0,92.0,0.0,100.0,10.0,100.0,0.0,84.0,290774623.0,68.0,28108.0,100.0,0.0,100.0,10.0,100.0,0.0,100.0,0.0,100.0,0.0,100.0,0.0,100.0,0.0,74.0,26.0,100.0,0.0,100.0,0.0,98.0,4263.0,26.0,26.0,100.0,0.0,100.0,0.0,200.0,0.0,100.0,28084.0,100.0,42379860616.0,100.0,138526209151.0
2019-05-04,Z305EYP3,ST4000DM000,4000787030016,0,120.0,235022792.0,92.0,0.0,100.0,10.0,100.0,0.0,84.0,291881173.0,68.0,28132.0,100.0,0.0,100.0,10.0,100.0,0.0,100.0,0.0,100.0,0.0,100.0,0.0,100.0,0.0,74.0,26.0,100.0,0.0,100.0,0.0,98.0,4263.0,26.0,26.0,100.0,0.0,100.0,0.0,200.0,0.0,100.0,28108.0,100.0,42382799152.0,100.0,138688126128.0
2019-05-05,Z305EYP3,ST4000DM000,4000787030016,0,115.0,88920440.0,92.0,0.0,100.0,10.0,100.0,0.0,84.0,292622961.0,68.0,28155.0,100.0,0.0,100.0,10.0,100.0,0.0,100.0,0.0,100.0,0.0,100.0,0.0,100.0,0.0,74.0,26.0,100.0,0.0,100.0,0.0,98.0,4263.0,26.0,26.0,100.0,0.0,100.0,0.0,200.0,0.0,100.0,28131.0,100.0,42384696664.0,100.0,138842294390.0
2019-05-06,Z305EYP3,ST4000DM000,4000787030016,0,119.0,220552432.0,92.0,0.0,100.0,10.0,100.0,0.0,84.0,293799744.0,68.0,28179.0,100.0,0.0,100.0,10.0,100.0,0.0,100.0,0.0,100.0,0.0,100.0,0.0,100.0,0.0,74.0,26.0,100.0,0.0,100.0,0.0,98.0,4263.0,26.0,26.0,100.0,0.0,100.0,0.0,200.0,0.0,100.0,28155.0,100.0,42388333976.0,100.0,138992652234.0
2019-05-07,Z305EYP3,ST4000DM000,4000787030016,0,116.0,109726600.0,92.0,0.0,100.0,10.0,100.0,0.0,84.0,295004852.0,68.0,28203.0,100.0,0.0,100.0,10.0,100.0,0.0,100.0,0.0,100.0,0.0,100.0,0.0,100.0,0.0,74.0,26.0,100.0,0.0,100.0,0.0,98.0,4263.0,26.0,26.0,100.0,0.0,100.0,0.0,200.0,0.0,100.0,28179.0,100.0,42390883112.0,100.0,139165436895.0
2019-05-08,Z305EYP3,ST4000DM000,4000787030016,0,108.0,20350016.0,92.0,0.0,100.0,10.0,100.0,0.0,84.0,295828069.0,68.0,28226.0,100.0,0.0,100.0,10.0,100.0,0.0,100.0,0.0,100.0,0.0,100.0,0.0,100.0,0.0,75.0,25.0,100.0,0.0,100.0,0.0,98.0,4263.0,25.0,25.0,100.0,0.0,100.0,0.0,200.0,0.0,100.0,28202.0,100.0,42393042824.0,100.0,139297720498.0
2019-05-09,Z305EYP3,ST4000DM000,4000787030016,0,117.0,145728352.0,92.0,0.0,100.0,10.0,100.0,0.0,84.0,296727059.0,68.0,28250.0,100.0,0.0,100.0,10.0,100.0,0.0,100.0,0.0,100.0,0.0,100.0,0.0,100.0,0.0,74.0,26.0,100.0,0.0,100.0,0.0,98.0,4263.0,26.0,26.0,100.0,0.0,100.0,0.0,200.0,0.0,100.0,28226.0,100.0,42394868784.0,100.0,139420639316.0
2019-05-10,Z305EYP3,ST4000DM000,4000787030016,0,117.0,158349384.0,92.0,0.0,100.0,10.0,100.0,0.0,84.0,297706214.0,68.0,28273.0,100.0,0.0,100.0,10.0,100.0,0.0,100.0,0.0,100.0,0.0,100.0,0.0,100.0,0.0,74.0,26.0,100.0,0.0,100.0,0.0,98.0,4263.0,26.0,26.0,100.0,0.0,100.0,0.0,200.0,0.0,100.0,28249.0,100.0,42396618952.0,100.0,139539466671.0
2019-05-11,Z305EYP3,ST4000DM000,4000787030016,0,118.0,184810400.0,92.0,0.0,100.0,10.0,100.0,0.0,84.0,299290464.0,68.0,28297.0,100.0,0.0,100.0,10.0,100.0,0.0,100.0,0.0,100.0,0.0,100.0,0.0,100.0,0.0,75.0,25.0,100.0,0.0,100.0,0.0,98.0,4263.0,25.0,25.0,100.0,0.0,100.0,0.0,200.0,0.0,100.0,28273.0,100.0,42401085880.0,100.0,139702101760.0
2019-05-12,Z305EYP3,ST4000DM000,4000787030016,0,117.0,156020264.0,92.0,0.0,100.0,10.0,100.0,0.0,84.0,303958232.0,68.0,28321.0,100.0,0.0,100.0,10.0,100.0,0.0,100.0,0.0,100.0,0.0,100.0,0.0,100.0,0.0,74.0,26.0,100.0,0.0,100.0,0.0,98.0,4263.0,26.0,26.0,100.0,0.0,100.0,0.0,200.0,0.0,100.0,28297.0,100.0,42412440592.0,100.0,140704852462.0
2019-05-13,Z305EYP3,ST4000DM000,4000787030016,0,110.0,28738704.0,92.0,0.0,100.0,10.0,100.0,0.0,84.0,308777926.0,68.0,28345.0,100.0,0.0,100.0,10.0,100.0,0.0,100.0,0.0,100.0,0.0,100.0,0.0,100.0,0.0,74.0,26.0,100.0,0.0,100.0,0.0,98.0,4263.0,26.0,26.0,100.0,0.0,100.0,0.0,200.0,0.0,100.0,28321.0,100.0,42420717096.0,100.0,141343611010.0
2019-05-14,Z305EYP3,ST4000DM000,4000787030016,0,111.0,36528816.0,92.0,0.0,100.0,10.0,100.0,0.0,84.0,309511728.0,68.0,28368.0,100.0,0.0,100.0,10.0,100.0,0.0,100.0,0.0,100.0,0.0,100.0,0.0,100.0,0.0,75.0,25.0,100.0,0.0,100.0,0.0,98.0,4263.0,25.0,25.0,100.0,0.0,100.0,0.0,200.0,0.0,100.0,28344.0,100.0,42422676912.0,100.0,141481157874.0
2019-05-15,Z305EYP3,ST4000DM000,4000787030016,0,112.0,49313600.0,92.0,0.0,100.0,10.0,100.0,0.0,84.0,310026641.0,68.0,28392.0,100.0,0.0,100.0,10.0,100.0,0.0,100.0,0.0,100.0,0.0,100.0,0.0,100.0,0.0,74.0,26.0,100.0,0.0,100.0,0.0,98.0,4263.0,26.0,26.0,100.0,0.0,100.0,0.0,200.0,0.0,100.0,28368.0,100.0,42424185768.0,100.0,141597560012.0
2019-05-16,Z305EYP3,ST4000DM000,4000787030016,0,117.0,117491800.0,92.0,0.0,100.0,10.0,100.0,0.0,84.0,310614584.0,68.0,28415.0,100.0,0.0,100.0,10.0,100.0,0.0,100.0,0.0,100.0,0.0,100.0,0.0,100.0,0.0,74.0,26.0,100.0,0.0,100.0,0.0,98.0,4263.0,26.0,26.0,100.0,0.0,100.0,0.0,200.0,0.0,100.0,28391.0,100.0,42425864776.0,100.0,141743612383.0
2019-05-17,Z305EYP3,ST4000DM000,4000787030016,0,117.0,129536648.0,92.0,0.0,100.0,10.0,100.0,0.0,84.0,311011889.0,68.0,28439.0,100.0,0.0,100.0,10.0,100.0,0.0,100.0,0.0,100.0,0.0,100.0,0.0,100.0,0.0,73.0,27.0,100.0,0.0,100.0,0.0,98.0,4263.0,27.0,27.0,100.0,0.0,100.0,0.0,200.0,0.0,100.0,28415.0,100.0,42428320320.0,100.0,141880694567.0
2019-05-18,Z305EYP3,ST4000DM000,4000787030016,0,111.0,36969696.0,92.0,0.0,100.0,10.0,100.0,0.0,84.0,311945874.0,68.0,28463.0,100.0,0.0,100.0,10.0,100.0,0.0,100.0,0.0,100.0,0.0,100.0,0.0,100.0,0.0,74.0,26.0,100.0,0.0,100.0,0.0,98.0,4263.0,26.0,26.0,100.0,0.0,100.0,0.0,200.0,0.0,100.0,28439.0,100.0,42433317808.0,100.0,142047376407.0
2019-05-19,Z305EYP3,ST4000DM000,4000787030016,0,118.0,190338744.0,92.0,0.0,100.0,10.0,100.0,0.0,84.0,313163183.0,68.0,28498.0,100.0,0.0,100.0,10.0,100.0,0.0,100.0,0.0,100.0,0.0,100.0,0.0,100.0,0.0,73.0,27.0,100.0,0.0,100.0,0.0,98.0,4263.0,27.0,27.0,100.0,0.0,100.0,0.0,200.0,0.0,100.0,28474.0,100.0,42438417064.0,100.0,142334530016.0
2019-05-20,Z305EYP3,ST4000DM000,4000787030016,0,117.0,135313288.0,92.0,0.0,100.0,10.0,100.0,0.0,84.0,314006803.0,68.0,28522.0,100.0,0.0,100.0,10.0,100.0,0.0,100.0,0.0,100.0,0.0,100.0,0.0,100.0,0.0,72.0,28.0,100.0,0.0,100.0,0.0,98.0,4263.0,28.0,28.0,100.0,0.0,100.0,0.0,200.0,0.0,100.0,28498.0,100.0,42441745184.0,100.0,142475752420.0
2019-05-21,Z305EYP3,ST4000DM000,4000787030016,0,112.0,49337848.0,92.0,0.0,100.0,10.0,100.0,0.0,84.0,314345963.0,68.0,28546.0,100.0,0.0,100.0,10.0,100.0,0.0,100.0,0.0,100.0,0.0,100.0,0.0,100.0,0.0,73.0,27.0,100.0,0.0,100.0,0.0,98.0,4263.0,27.0,27.0,100.0,0.0,100.0,0.0,200.0,0.0,100.0,28522.0,100.0,42444273000.0,100.0,142664173832.0
2019-05-22,Z305EYP3,ST4000DM000,4000787030016,0,115.0,84104024.0,92.0,0.0,100.0,10.0,100.0,0.0,84.0,314710768.0,68.0,28557.0,100.0,0.0,100.0,10.0,100.0,0.0,100.0,0.0,100.0,0.0,100.0,0.0,100.0,0.0,74.0,26.0,100.0,0.0,100.0,0.0,98.0,4263.0,26.0,26.0,100.0,0.0,100.0,0.0,200.0,0.0,100.0,28533.0,100.0,42445371000.0,100.0,142761604463.0
2019-05-23,Z305EYP3,ST4000DM000,4000787030016,0,115.0,91071448.0,92.0,0.0,100.0,10.0,100.0,0.0,84.0,315373165.0,68.0,28581.0,100.0,0.0,100.0,10.0,100.0,0.0,100.0,0.0,100.0,0.0,100.0,0.0,100.0,0.0,73.0,27.0,100.0,0.0,100.0,0.0,98.0,4263.0,27.0,27.0,100.0,0.0,100.0,0.0,200.0,0.0,100.0,28557.0,100.0,42447389144.0,100.0,142912864147.0
2019-05-24,Z305EYP3,ST4000DM000,4000787030016,0,110.0,27432840.0,92.0,0.0,100.0,10.0,100.0,0.0,84.0,316362111.0,68.0,28605.0,100.0,0.0,100.0,10.0,100.0,0.0,100.0,0.0,100.0,0.0,100.0,0.0,100.0,0.0,74.0,26.0,100.0,0.0,100.0,0.0,98.0,4263.0,26.0,26.0,100.0,0.0,100.0,0.0,200.0,0.0,100.0,28581.0,100.0,42449877008.0,100.0,143057442469.0
2019-05-25,Z305EYP3,ST4000DM000,4000787030016,0,117.0,159870456.0,92.0,0.0,100.0,10.0,100.0,0.0,84.0,318413336.0,68.0,28629.0,100.0,0.0,100.0,10.0,100.0,0.0,100.0,0.0,100.0,0.0,100.0,0.0,100.0,0.0,74.0,26.0,100.0,0.0,100.0,0.0,98.0,4263.0,26.0,26.0,100.0,0.0,100.0,0.0,200.0,0.0,100.0,28605.0,100.0,42454153232.0,100.0,143247931662.0
2019-05-26,Z305EYP3,ST4000DM000,4000787030016,0,115.0,88244144.0,92.0,0.0,100.0,10.0,100.0,0.0,84.0,319424669.0,68.0,28652.0,100.0,0.0,100.0,10.0,100.0,0.0,100.0,0.0,100.0,0.0,100.0,0.0,100.0,0.0,74.0,26.0,100.0,0.0,100.0,0.0,98.0,4263.0,26.0,26.0,100.0,0.0,100.0,0.0,200.0,0.0,100.0,28628.0,100.0,42455978736.0,100.0,143428236066.0
2019-05-27,Z305EYP3,ST4000DM000,4000787030016,0,113.0,58485328.0,92.0,0.0,100.0,10.0,100.0,0.0,84.0,320453909.0,68.0,28676.0,100.0,0.0,100.0,10.0,100.0,0.0,100.0,0.0,100.0,0.0,100.0,0.0,100.0,0.0,74.0,26.0,100.0,0.0,100.0,0.0,98.0,4263.0,26.0,26.0,100.0,0.0,100.0,0.0,200.0,0.0,100.0,28652.0,100.0,42459843656.0,100.0,143562092840.0
2019-05-28,Z305EYP3,ST4000DM000,4000787030016,0,119.0,230070608.0,92.0,0.0,100.0,10.0,100.0,0.0,84.0,321133049.0,68.0,28699.0,100.0,0.0,100.0,10.0,100.0,0.0,100.0,0.0,100.0,0.0,100.0,0.0,100.0,0.0,74.0,26.0,100.0,0.0,100.0,0.0,98.0,4263.0,26.0,26.0,100.0,0.0,100.0,0.0,200.0,0.0,100.0,28675.0,100.0,42461563760.0,100.0,143710843075.0
2019-05-29,Z305EYP3,ST4000DM000,4000787030016,0,118.0,193255872.0,92.0,0.0,100.0,10.0,100.0,0.0,84.0,321965078.0,68.0,28723.0,100.0,0.0,100.0,10.0,100.0,0.0,100.0,0.0,100.0,0.0,100.0,0.0,100.0,0.0,74.0,26.0,100.0,0.0,100.0,0.0,98.0,4263.0,26.0,26.0,100.0,0.0,100.0,0.0,200.0,0.0,100.0,28699.0,100.0,42463491544.0,100.0,143858953037.0
2019-05-30,Z305EYP3,ST4000DM000,4000787030016,0,114.0,59812968.0,92.0,0.0,100.0,10.0,100.0,0.0,84.0,323766581.0,68.0,28746.0,100.0,0.0,100.0,10.0,100.0,0.0,100.0,0.0,100.0,0.0,100.0,0.0,100.0,0.0,75.0,25.0,100.0,0.0,100.0,0.0,98.0,4263.0,25.0,25.0,100.0,0.0,100.0,0.0,200.0,0.0,100.0,28722.0,100.0,42467590112.0,100.0,144028856084.0
2019-05-31,Z305EYP3,ST4000DM000,4000787030016,0,119.0,210174360.0,92.0,0.0,100.0,10.0,100.0,0.0,84.0,324481970.0,68.0,28770.0,100.0,0.0,100.0,10.0,100.0,0.0,100.0,0.0,100.0,0.0,100.0,0.0,100.0,0.0,75.0,25.0,100.0,0.0,100.0,0.0,98.0,4263.0,25.0,25.0,100.0,0.0,100.0,0.0,200.0,0.0,100.0,28746.0,100.0,42469437704.0,100.0,144189069004.0
2019-06-01,Z305EYP3,ST4000DM000,4000787030016,0,117.0,120643976.0,92.0,0.0,100.0,10.0,100.0,0.0,84.0,326247100.0,68.0,28805.0,100.0,0.0,100.0,10.0,100.0,0.0,100.0,0.0,100.0,0.0,100.0,0.0,100.0,0.0,76.0,24.0,100.0,0.0,100.0,0.0,98.0,4263.0,24.0,24.0,100.0,0.0,100.0,0.0,200.0,0.0,100.0,28781.0,100.0,42473915672.0,100.0,144445714001.0
2019-06-02,Z305EYP3,ST4000DM000,4000787030016,0,119.0,217313472.0,92.0,0.0,100.0,10.0,100.0,0.0,84.0,327077697.0,68.0,28829.0,100.0,0.0,100.0,10.0,100.0,0.0,100.0,0.0,100.0,0.0,100.0,0.0,100.0,0.0,76.0,24.0,100.0,0.0,100.0,0.0,98.0,4263.0,24.0,24.0,100.0,0.0,100.0,0.0,200.0,0.0,100.0,28805.0,100.0,42475522896.0,100.0,144599744054.0
2019-06-03,Z305EYP3,ST4000DM000,4000787030016,0,108.0,16815544.0,92.0,0.0,100.0,10.0,100.0,0.0,84.0,328228084.0,68.0,28852.0,100.0,0.0,100.0,10.0,100.0,0.0,100.0,0.0,100.0,0.0,100.0,0.0,100.0,0.0,76.0,24.0,100.0,0.0,100.0,0.0,98.0,4263.0,24.0,24.0,100.0,0.0,100.0,0.0,200.0,0.0,100.0,28828.0,100.0,42478976216.0,100.0,144747537349.0
2019-06-04,Z305EYP3,ST4000DM000,4000787030016,0,107.0,14297160.0,92.0,0.0,100.0,10.0,100.0,0.0,84.0,329003845.0,68.0,28876.0,100.0,0.0,100.0,10.0,100.0,0.0,100.0,0.0,100.0,0.0,100.0,0.0,100.0,0.0,76.0,24.0,100.0,0.0,100.0,0.0,98.0,4263.0,24.0,24.0,100.0,0.0,100.0,0.0,200.0,0.0,100.0,28852.0,100.0,42480411776.0,100.0,144909063424.0
2019-06-05,Z305EYP3,ST4000DM000,4000787030016,0,119.0,207857408.0,92.0,0.0,100.0,10.0,100.0,0.0,84.0,330076530.0,68.0,28899.0,100.0,0.0,100.0,10.0,100.0,0.0,100.0,0.0,100.0,0.0,100.0,0.0,100.0,0.0,76.0,24.0,100.0,0.0,100.0,0.0,98.0,4263.0,24.0,24.0,100.0,0.0,100.0,0.0,200.0,0.0,100.0,28875.0,100.0,42482564496.0,100.0,145079103536.0
2019-06-06,Z305EYP3,ST4000DM000,4000787030016,0,118.0,173682440.0,92.0,0.0,100.0,10.0,100.0,0.0,84.0,331337781.0,67.0,28923.0,100.0,0.0,100.0,10.0,100.0,0.0,100.0,0.0,100.0,0.0,100.0,0.0,100.0,0.0,76.0,24.0,100.0,0.0,100.0,0.0,98.0,4263.0,24.0,24.0,100.0,0.0,100.0,0.0,200.0,0.0,100.0,28899.0,100.0,42485848792.0,100.0,145213227172.0
2019-06-07,Z305EYP3,ST4000DM000,4000787030016,0,108.0,17185176.0,92.0,0.0,100.0,10.0,100.0,0.0,84.0,332330544.0,67.0,28946.0,100.0,0.0,100.0,10.0,100.0,0.0,100.0,0.0,100.0,0.0,100.0,0.0,100.0,0.0,76.0,24.0,100.0,0.0,100.0,0.0,98.0,4263.0,24.0,24.0,100.0,0.0,100.0,0.0,200.0,0.0,100.0,28922.0,100.0,42487800712.0,100.0,145341766115.0
2019-06-08,Z305EYP3,ST4000DM000,4000787030016,0,117.0,163294240.0,92.0,0.0,100.0,10.0,100.0,0.0,84.0,333719587.0,67.0,28970.0,100.0,0.0,100.0,10.0,100.0,0.0,100.0,0.0,100.0,0.0,100.0,0.0,100.0,0.0,77.0,23.0,100.0,0.0,100.0,0.0,98.0,4263.0,23.0,23.0,100.0,0.0,100.0,0.0,200.0,0.0,100.0,28946.0,100.0,42491143264.0,100.0,145467301084.0
2019-06-09,Z305EYP3,ST4000DM000,4000787030016,0,115.0,98370184.0,92.0,0.0,100.0,10.0,100.0,0.0,84.0,334680826.0,67.0,28993.0,100.0,0.0,100.0,10.0,100.0,0.0,100.0,0.0,100.0,0.0,100.0,0.0,100.0,0.0,77.0,23.0,100.0,0.0,100.0,0.0,98.0,4263.0,23.0,23.0,100.0,0.0,100.0,0.0,200.0,0.0,100.0,28969.0,100.0,42492676496.0,100.0,145606970919.0
2019-06-10,Z305EYP3,ST4000DM000,4000787030016,0,119.0,224527424.0,92.0,0.0,100.0,10.0,100.0,0.0,85.0,335827670.0,67.0,29017.0,100.0,0.0,100.0,10.0,100.0,0.0,100.0,0.0,100.0,0.0,100.0,0.0,100.0,0.0,76.0,24.0,100.0,0.0,100.0,0.0,98.0,4263.0,24.0,24.0,100.0,0.0,100.0,0.0,200.0,0.0,100.0,28993.0,100.0,42496163320.0,100.0,145748717425.0
2019-06-11,Z305EYP3,ST4000DM000,4000787030016,0,116.0,106333072.0,92.0,0.0,100.0,10.0,100.0,0.0,85.0,336472169.0,67.0,29040.0,100.0,0.0,100.0,10.0,100.0,0.0,100.0,0.0,100.0,0.0,100.0,0.0,100.0,0.0,76.0,24.0,100.0,0.0,100.0,0.0,98.0,4263.0,24.0,24.0,100.0,0.0,100.0,0.0,200.0,0.0,100.0,29016.0,100.0,42497517640.0,100.0,145889881958.0
2019-06-12,Z305EYP3,ST4000DM000,4000787030016,0,115.0,91869376.0,92.0,0.0,100.0,10.0,100.0,0.0,85.0,337567392.0,67.0,29063.0,100.0,0.0,100.0,10.0,100.0,0.0,100.0,0.0,100.0,0.0,100.0,0.0,100.0,0.0,77.0,23.0,100.0,0.0,100.0,0.0,98.0,4263.0,23.0,23.0,100.0,0.0,100.0,0.0,200.0,0.0,100.0,29040.0,100.0,42500792776.0,100.0,146012444362.0
2019-06-13,Z305EYP3,ST4000DM000,4000787030016,0,118.0,181053512.0,92.0,0.0,100.0,10.0,100.0,0.0,85.0,338114053.0,67.0,29087.0,100.0,0.0,100.0,10.0,100.0,0.0,100.0,0.0,100.0,0.0,100.0,0.0,100.0,0.0,76.0,24.0,100.0,0.0,100.0,0.0,98.0,4263.0,24.0,24.0,100.0,0.0,100.0,0.0,200.0,0.0,100.0,29063.0,100.0,42502262608.0,100.0,146150294939.0
2019-06-14,Z305EYP3,ST4000DM000,4000787030016,0,114.0,79041624.0,92.0,0.0,100.0,10.0,100.0,0.0,85.0,339208692.0,67.0,29122.0,100.0,0.0,100.0,10.0,100.0,0.0,100.0,0.0,100.0,0.0,100.0,0.0,100.0,0.0,77.0,23.0,100.0,0.0,100.0,0.0,98.0,4263.0,23.0,23.0,100.0,0.0,100.0,0.0,200.0,0.0,100.0,29098.0,100.0,42507598968.0,100.0,146367883783.0
2019-06-15,Z305EYP3,ST4000DM000,4000787030016,0,110.0,25354824.0,92.0,0.0,100.0,10.0,100.0,0.0,85.0,339569105.0,67.0,29146.0,100.0,0.0,100.0,10.0,100.0,0.0,100.0,0.0,100.0,0.0,100.0,0.0,100.0,0.0,76.0,24.0,100.0,0.0,100.0,0.0,98.0,4263.0,24.0,24.0,100.0,0.0,100.0,0.0,200.0,0.0,100.0,29122.0,100.0,42509665160.0,100.0,146536159825.0
2019-06-16,Z305EYP3,ST4000DM000,4000787030016,0,118.0,199896656.0,92.0,0.0,100.0,10.0,100.0,0.0,85.0,339934841.0,67.0,29169.0,100.0,0.0,100.0,10.0,100.0,0.0,100.0,0.0,100.0,0.0,100.0,0.0,100.0,0.0,77.0,23.0,100.0,0.0,100.0,0.0,98.0,4263.0,23.0,23.0,100.0,0.0,100.0,0.0,200.0,0.0,100.0,29145.0,100.0,42511646448.0,100.0,146710238548.0
2019-06-17,Z305EYP3,ST4000DM000,4000787030016,0,110.0,28162144.0,92.0,0.0,100.0,10.0,100.0,0.0,85.0,340773362.0,67.0,29193.0,100.0,0.0,100.0,10.0,100.0,0.0,100.0,0.0,100.0,0.0,100.0,0.0,100.0,0.0,77.0,23.0,100.0,0.0,100.0,0.0,98.0,4263.0,23.0,23.0,100.0,0.0,100.0,0.0,200.0,0.0,100.0,29169.0,100.0,42515568784.0,100.0,146854125902.0
2019-06-18,Z305EYP3,ST4000DM000,4000787030016,0,120.0,239899504.0,92.0,0.0,100.0,10.0,100.0,0.0,85.0,341178063.0,67.0,29216.0,100.0,0.0,100.0,10.0,100.0,0.0,100.0,0.0,100.0,0.0,100.0,0.0,100.0,0.0,77.0,23.0,100.0,0.0,100.0,0.0,98.0,4263.0,23.0,23.0,100.0,0.0,100.0,0.0,200.0,0.0,100.0,29192.0,100.0,42517429944.0,100.0,147045136509.0
2019-06-19,Z305EYP3,ST4000DM000,4000787030016,0,113.0,57347992.0,92.0,0.0,100.0,10.0,100.0,0.0,85.0,342637123.0,67.0,29239.0,100.0,0.0,100.0,10.0,100.0,0.0,100.0,0.0,100.0,0.0,100.0,0.0,100.0,0.0,76.0,24.0,100.0,0.0,100.0,0.0,98.0,4263.0,24.0,24.0,100.0,0.0,100.0,0.0,200.0,0.0,100.0,29216.0,100.0,42522010312.0,100.0,147223186945.0
2019-06-20,Z305EYP3,ST4000DM000,4000787030016,0,102.0,4687760.0,92.0,0.0,100.0,10.0,100.0,0.0,85.0,343368777.0,67.0,29263.0,100.0,0.0,100.0,10.0,100.0,0.0,100.0,0.0,100.0,0.0,100.0,0.0,100.0,0.0,76.0,24.0,100.0,0.0,100.0,0.0,98.0,4263.0,24.0,24.0,100.0,0.0,100.0,0.0,200.0,0.0,100.0,29239.0,100.0,42523818096.0,100.0,147371428079.0
2019-06-21,Z305EYP3,ST4000DM000,4000787030016,0,117.0,136491912.0,92.0,0.0,100.0,10.0,100.0,0.0,85.0,345124122.0,67.0,29287.0,100.0,0.0,100.0,10.0,100.0,0.0,100.0,0.0,100.0,0.0,100.0,0.0,100.0,0.0,77.0,23.0,100.0,0.0,100.0,0.0,98.0,4263.0,23.0,23.0,100.0,0.0,100.0,0.0,200.0,0.0,100.0,29263.0,100.0,42527969752.0,100.0,147546459235.0
2019-06-22,Z305EYP3,ST4000DM000,4000787030016,0,117.0,137292896.0,92.0,0.0,100.0,10.0,100.0,0.0,85.0,345962777.0,67.0,29310.0,100.0,0.0,100.0,10.0,100.0,0.0,100.0,0.0,100.0,0.0,100.0,0.0,100.0,0.0,77.0,23.0,100.0,0.0,100.0,0.0,98.0,4263.0,23.0,23.0,100.0,0.0,100.0,0.0,200.0,0.0,100.0,29286.0,100.0,42529627648.0,100.0,147711559275.0
2019-06-23,Z305EYP3,ST4000DM000,4000787030016,0,114.0,79234296.0,92.0,0.0,100.0,10.0,100.0,0.0,85.0,346760553.0,67.0,29333.0,100.0,0.0,100.0,10.0,100.0,0.0,100.0,0.0,100.0,0.0,100.0,0.0,100.0,0.0,76.0,24.0,100.0,0.0,100.0,0.0,98.0,4263.0,24.0,24.0,100.0,0.0,100.0,0.0,200.0,0.0,100.0,29309.0,100.0,42531640504.0,100.0,147866669923.0
2019-06-24,Z305EYP3,ST4000DM000,4000787030016,0,117.0,157475368.0,92.0,0.0,100.0,10.0,100.0,0.0,85.0,347832569.0,67.0,29357.0,100.0,0.0,100.0,10.0,100.0,0.0,100.0,0.0,100.0,0.0,100.0,0.0,100.0,0.0,76.0,24.0,100.0,0.0,100.0,0.0,98.0,4263.0,24.0,24.0,100.0,0.0,100.0,0.0,200.0,0.0,100.0,29333.0,100.0,42535265032.0,100.0,148008643739.0
2019-06-25,Z305EYP3,ST4000DM000,4000787030016,0,117.0,140236760.0,92.0,0.0,100.0,10.0,100.0,0.0,85.0,348557313.0,67.0,29380.0,100.0,0.0,100.0,10.0,100.0,0.0,100.0,0.0,100.0,0.0,100.0,0.0,100.0,0.0,76.0,24.0,100.0,0.0,100.0,0.0,98.0,4263.0,24.0,24.0,100.0,0.0,100.0,0.0,200.0,0.0,100.0,29356.0,100.0,42537059112.0,100.0,148150701842.0
2019-06-26,Z305EYP3,ST4000DM000,4000787030016,0,114.0,79486344.0,92.0,0.0,100.0,10.0,100.0,0.0,85.0,349647417.0,67.0,29404.0,100.0,0.0,100.0,10.0,100.0,0.0,100.0,0.0,100.0,0.0,100.0,0.0,100.0,0.0,76.0,24.0,100.0,0.0,100.0,0.0,98.0,4263.0,24.0,24.0,100.0,0.0,100.0,0.0,200.0,0.0,100.0,29380.0,100.0,42539287400.0,100.0,148307674466.0
2019-06-27,Z305EYP3,ST4000DM000,4000787030016,0,111.0,36101800.0,92.0,0.0,100.0,10.0,100.0,0.0,85.0,351925719.0,67.0,29428.0,100.0,0.0,100.0,10.0,100.0,0.0,100.0,0.0,100.0,0.0,100.0,0.0,100.0,0.0,77.0,23.0,100.0,0.0,100.0,0.0,98.0,4263.0,23.0,23.0,100.0,0.0,100.0,0.0,200.0,0.0,100.0,29404.0,100.0,42544784488.0,100.0,148590493961.0
2019-06-28,Z305EYP3,ST4000DM000,4000787030016,0,114.0,67059296.0,92.0,0.0,100.0,10.0,100.0,0.0,85.0,353542674.0,67.0,29452.0,100.0,0.0,100.0,10.0,100.0,0.0,100.0,0.0,100.0,0.0,100.0,0.0,100.0,0.0,77.0,23.0,100.0,0.0,100.0,0.0,98.0,4263.0,23.0,23.0,100.0,0.0,100.0,0.0,200.0,0.0,100.0,29428.0,100.0,42547372040.0,100.0,148901602349.0
2019-06-29,Z305EYP3,ST4000DM000,4000787030016,0,117.0,117507808.0,92.0,0.0,100.0,10.0,100.0,0.0,85.0,355445156.0,67.0,29476.0,100.0,0.0,100.0,10.0,100.0,0.0,100.0,0.0,100.0,0.0,100.0,0.0,100.0,0.0,77.0,23.0,100.0,0.0,100.0,0.0,98.0,4263.0,23.0,23.0,100.0,0.0,100.0,0.0,200.0,0.0,100.0,29452.0,100.0,42551479376.0,100.0,149223176348.0
2019-06-30,Z305EYP3,ST4000DM000,4000787030016,0,111.0,30510912.0,92.0,0.0,100.0,10.0,100.0,0.0,85.0,357011417.0,67.0,29500.0,100.0,0.0,100.0,10.0,100.0,0.0,100.0,0.0,100.0,0.0,100.0,0.0,100.0,0.0,77.0,23.0,100.0,0.0,100.0,0.0,98.0,4263.0,23.0,23.0,100.0,0.0,100.0,0.0,200.0,0.0,100.0,29476.0,100.0,42554039176.0,100.0,149521143059.0
2019-07-01,Z305EYP3,ST4000DM000,4000787030016,0,119.0,228132512.0,92.0,0.0,100.0,10.0,100.0,0.0,85.0,358997743.0,67.0,29524.0,100.0,0.0,100.0,10.0,100.0,0.0,100.0,0.0,100.0,0.0,100.0,0.0,100.0,0.0,76.0,24.0,100.0,0.0,100.0,0.0,98.0,4263.0,24.0,24.0,100.0,0.0,100.0,0.0,200.0,0.0,100.0,29500.0,100.0,42558092016.0,100.0,149739888555.0
2019-07-02,Z305EYP3,ST4000DM000,4000787030016,0,120.0,241929536.0,92.0,0.0,100.0,10.0,100.0,0.0,85.0,360724191.0,67.0,29547.0,100.0,0.0,100.0,10.0,100.0,0.0,100.0,0.0,100.0,0.0,100.0,0.0,100.0,0.0,76.0,24.0,100.0,0.0,100.0,0.0,98.0,4263.0,24.0,24.0,100.0,0.0,100.0,0.0,200.0,0.0,100.0,29523.0,100.0,42560337104.0,100.0,150014152347.0
2019-07-03,Z305EYP3,ST4000DM000,4000787030016,0,101.0,3152664.0,92.0,0.0,100.0,10.0,100.0,0.0,85.0,361911254.0,67.0,29571.0,100.0,0.0,100.0,10.0,100.0,0.0,100.0,0.0,100.0,0.0,100.0,0.0,100.0,0.0,76.0,24.0,100.0,0.0,100.0,0.0,98.0,4263.0,24.0,24.0,100.0,0.0,100.0,0.0,200.0,0.0,100.0,29547.0,100.0,42562519728.0,100.0,150278091851.0
2019-07-04,Z305EYP3,ST4000DM000,4000787030016,0,117.0,164898784.0,92.0,0.0,100.0,10.0,100.0,0.0,85.0,362837947.0,67.0,29595.0,100.0,0.0,100.0,10.0,100.0,0.0,100.0,0.0,100.0,0.0,100.0,0.0,100.0,0.0,76.0,24.0,100.0,0.0,100.0,0.0,98.0,4263.0,24.0,24.0,100.0,0.0,100.0,0.0,200.0,0.0,100.0,29571.0,100.0,42565203728.0,100.0,150547726607.0
2019-07-05,Z305EYP3,ST4000DM000,4000787030016,0,118.0,177892792.0,92.0,0.0,100.0,10.0,100.0,0.0,85.0,363752229.0,67.0,29619.0,100.0,0.0,100.0,10.0,100.0,0.0,100.0,0.0,100.0,0.0,100.0,0.0,100.0,0.0,76.0,24.0,100.0,0.0,100.0,0.0,98.0,4263.0,24.0,24.0,100.0,0.0,100.0,0.0,200.0,0.0,100.0,29595.0,100.0,42568647128.0,100.0,150881518945.0
2019-07-06,Z305EYP3,ST4000DM000,4000787030016,0,117.0,166788896.0,92.0,0.0,100.0,10.0,100.0,0.0,85.0,364917406.0,67.0,29643.0,100.0,0.0,100.0,10.0,100.0,0.0,100.0,0.0,100.0,0.0,100.0,0.0,100.0,0.0,76.0,24.0,100.0,0.0,100.0,0.0,98.0,4263.0,24.0,24.0,100.0,0.0,100.0,0.0,200.0,0.0,100.0,29619.0,100.0,42573821896.0,100.0,151234405772.0
2019-07-07,Z305EYP3,ST4000DM000,4000787030016,0,114.0,69827312.0,92.0,0.0,100.0,10.0,100.0,0.0,85.0,366021630.0,67.0,29667.0,100.0,0.0,100.0,10.0,100.0,0.0,100.0,0.0,100.0,0.0,100.0,0.0,100.0,0.0,76.0,24.0,100.0,0.0,100.0,0.0,98.0,4263.0,24.0,24.0,100.0,0.0,100.0,0.0,200.0,0.0,100.0,29643.0,100.0,42576727736.0,100.0,151564391652.0
2019-07-08,Z305EYP3,ST4000DM000,4000787030016,0,119.0,234874984.0,92.0,0.0,100.0,10.0,100.0,0.0,85.0,368163440.0,67.0,29691.0,100.0,0.0,100.0,10.0,100.0,0.0,100.0,0.0,100.0,0.0,100.0,0.0,100.0,0.0,76.0,24.0,100.0,0.0,100.0,0.0,98.0,4263.0,24.0,24.0,100.0,0.0,100.0,0.0,200.0,0.0,100.0,29667.0,100.0,42581402968.0,100.0,151830994518.0
2019-07-09,Z305EYP3,ST4000DM000,4000787030016,0,117.0,119698896.0,92.0,0.0,100.0,10.0,100.0,0.0,85.0,369721149.0,67.0,29715.0,100.0,0.0,100.0,10.0,100.0,0.0,100.0,0.0,100.0,0.0,100.0,0.0,100.0,0.0,77.0,23.0,100.0,0.0,100.0,0.0,98.0,4263.0,23.0,23.0,100.0,0.0,100.0,0.0,200.0,0.0,100.0,29691.0,100.0,42584342288.0,100.0,152146309247.0
2019-07-10,Z305EYP3,ST4000DM000,4000787030016,0,117.0,136097112.0,92.0,0.0,100.0,10.0,100.0,0.0,85.0,371159601.0,67.0,29739.0,100.0,0.0,100.0,10.0,100.0,0.0,100.0,0.0,100.0,0.0,100.0,0.0,100.0,0.0,77.0,23.0,100.0,0.0,100.0,0.0,98.0,4263.0,23.0,23.0,100.0,0.0,100.0,0.0,200.0,0.0,100.0,29715.0,100.0,42587400888.0,100.0,152447732502.0
2019-07-11,Z305EYP3,ST4000DM000,4000787030016,0,119.0,215396400.0,92.0,0.0,100.0,10.0,100.0,0.0,85.0,373710057.0,67.0,29763.0,100.0,0.0,100.0,10.0,100.0,0.0,100.0,0.0,100.0,0.0,100.0,0.0,100.0,0.0,77.0,23.0,100.0,0.0,100.0,0.0,98.0,4263.0,23.0,23.0,100.0,0.0,100.0,0.0,200.0,0.0,100.0,29739.0,100.0,42593368992.0,100.0,152744433464.0
2019-07-12,Z305EYP3,ST4000DM000,4000787030016,0,119.0,209287408.0,92.0,0.0,100.0,10.0,100.0,0.0,85.0,375309404.0,66.0,29786.0,100.0,0.0,100.0,10.0,100.0,0.0,100.0,0.0,100.0,0.0,100.0,0.0,100.0,0.0,77.0,23.0,100.0,0.0,100.0,0.0,98.0,4263.0,23.0,23.0,100.0,0.0,100.0,0.0,200.0,0.0,100.0,29762.0,100.0,42596035808.0,100.0,153069572631.0
2019-07-13,Z305EYP3,ST4000DM000,4000787030016,0,107.0,14670224.0,92.0,0.0,100.0,10.0,100.0,0.0,85.0,377224482.0,66.0,29810.0,100.0,0.0,100.0,10.0,100.0,0.0,100.0,0.0,100.0,0.0,100.0,0.0,100.0,0.0,77.0,23.0,100.0,0.0,100.0,0.0,98.0,4263.0,23.0,23.0,100.0,0.0,100.0,0.0,200.0,0.0,100.0,29786.0,100.0,42600241544.0,100.0,153379409735.0
2019-07-14,Z305EYP3,ST4000DM000,4000787030016,0,114.0,74267928.0,92.0,0.0,100.0,10.0,100.0,0.0,85.0,378756944.0,66.0,29834.0,100.0,0.0,100.0,10.0,100.0,0.0,100.0,0.0,100.0,0.0,100.0,0.0,100.0,0.0,77.0,23.0,100.0,0.0,100.0,0.0,98.0,4263.0,23.0,23.0,100.0,0.0,100.0,0.0,200.0,0.0,100.0,29810.0,100.0,42602703008.0,100.0,153687501507.0
2019-07-15,Z305EYP3,ST4000DM000,4000787030016,0,120.0,243814504.0,92.0,0.0,100.0,10.0,100.0,0.0,85.0,380592487.0,66.0,29858.0,100.0,0.0,100.0,10.0,100.0,0.0,100.0,0.0,100.0,0.0,100.0,0.0,100.0,0.0,77.0,23.0,100.0,0.0,100.0,0.0,98.0,4263.0,23.0,23.0,100.0,0.0,100.0,0.0,200.0,0.0,100.0,29834.0,100.0,42606831720.0,100.0,153901739457.0
2019-07-16,Z305EYP3,ST4000DM000,4000787030016,0,112.0,43779184.0,92.0,0.0,100.0,10.0,100.0,0.0,85.0,382508789.0,66.0,29882.0,100.0,0.0,100.0,10.0,100.0,0.0,100.0,0.0,100.0,0.0,100.0,0.0,100.0,0.0,78.0,22.0,100.0,0.0,100.0,0.0,98.0,4263.0,22.0,22.0,100.0,0.0,100.0,0.0,200.0,0.0,100.0,29858.0,100.0,42610513936.0,100.0,154157779222.0
2019-07-17,Z305EYP3,ST4000DM000,4000787030016,0,117.0,151296960.0,92.0,0.0,100.0,10.0,100.0,0.0,85.0,383852369.0,66.0,29906.0,100.0,0.0,100.0,10.0,100.0,0.0,100.0,0.0,100.0,0.0,100.0,0.0,100.0,0.0,76.0,24.0,100.0,0.0,100.0,0.0,98.0,4263.0,24.0,24.0,100.0,0.0,100.0,0.0,200.0,0.0,100.0,29882.0,100.0,42613553392.0,100.0,154445934909.0
2019-07-18,Z305EYP3,ST4000DM000,4000787030016,0,117.0,117659560.0,92.0,0.0,100.0,10.0,100.0,0.0,85.0,384841846.0,66.0,29929.0,100.0,0.0,100.0,10.0,100.0,0.0,100.0,0.0,100.0,0.0,100.0,0.0,100.0,0.0,76.0,24.0,100.0,0.0,100.0,0.0,98.0,4263.0,24.0,24.0,100.0,0.0,100.0,0.0,200.0,0.0,100.0,29906.0,100.0,42615816352.0,100.0,154702788642.0
2019-07-19,Z305EYP3,ST4000DM000,4000787030016,0,117.0,144573360.0,92.0,0.0,100.0,10.0,100.0,0.0,85.0,385567544.0,66.0,29953.0,100.0,0.0,100.0,10.0,100.0,0.0,100.0,0.0,100.0,0.0,100.0,0.0,100.0,0.0,77.0,23.0,100.0,0.0,100.0,0.0,98.0,4263.0,23.0,23.0,100.0,0.0,100.0,0.0,200.0,0.0,100.0,29929.0,100.0,42620401216.0,100.0,154985550641.0
2019-07-20,Z305EYP3,ST4000DM000,4000787030016,0,117.0,142633688.0,92.0,0.0,100.0,10.0,100.0,0.0,85.0,388107580.0,66.0,29977.0,100.0,0.0,100.0,10.0,100.0,0.0,100.0,0.0,100.0,0.0,100.0,0.0,100.0,0.0,76.0,24.0,100.0,0.0,100.0,0.0,98.0,4263.0,24.0,24.0,100.0,0.0,100.0,0.0,200.0,0.0,100.0,29953.0,100.0,42628588992.0,100.0,155348790585.0
2019-07-21,Z305EYP3,ST4000DM000,4000787030016,0,119.0,204774696.0,92.0,0.0,100.0,10.0,100.0,0.0,85.0,388996569.0,66.0,30001.0,100.0,0.0,100.0,10.0,100.0,0.0,100.0,0.0,100.0,0.0,100.0,0.0,100.0,0.0,74.0,26.0,100.0,0.0,100.0,0.0,98.0,4263.0,26.0,26.0,100.0,0.0,100.0,0.0,200.0,0.0,100.0,29977.0,100.0,42632378728.0,100.0,155701297805.0
2019-07-22,Z305EYP3,ST4000DM000,4000787030016,0,119.0,232905800.0,92.0,0.0,100.0,10.0,100.0,0.0,85.0,390485520.0,66.0,30024.0,100.0,0.0,100.0,10.0,100.0,0.0,100.0,0.0,100.0,0.0,100.0,0.0,100.0,0.0,76.0,24.0,100.0,0.0,100.0,0.0,98.0,4263.0,24.0,24.0,100.0,0.0,100.0,0.0,200.0,0.0,100.0,30000.0,100.0,42636855208.0,100.0,155919251652.0
2019-07-23,Z305EYP3,ST4000DM000,4000787030016,0,117.0,135257592.0,92.0,0.0,100.0,10.0,100.0,0.0,85.0,392709341.0,66.0,30048.0,100.0,0.0,100.0,10.0,100.0,0.0,100.0,0.0,100.0,0.0,100.0,0.0,100.0,0.0,76.0,24.0,100.0,0.0,100.0,0.0,98.0,4263.0,24.0,24.0,100.0,0.0,100.0,0.0,200.0,0.0,100.0,30024.0,100.0,42640726784.0,100.0,156273583050.0
2019-07-24,Z305EYP3,ST4000DM000,4000787030016,0,114.0,64978064.0,92.0,0.0,100.0,10.0,100.0,0.0,85.0,394013096.0,66.0,30072.0,100.0,0.0,100.0,10.0,100.0,0.0,100.0,0.0,100.0,0.0,100.0,0.0,100.0,0.0,77.0,23.0,100.0,0.0,100.0,0.0,98.0,4263.0,23.0,23.0,100.0,0.0,100.0,0.0,200.0,0.0,100.0,30048.0,100.0,42644731064.0,100.0,156563365981.0
2019-07-25,Z305EYP3,ST4000DM000,4000787030016,0,117.0,154709840.0,92.0,0.0,100.0,10.0,100.0,0.0,85.0,395889390.0,66.0,30095.0,100.0,0.0,100.0,10.0,100.0,0.0,100.0,0.0,100.0,0.0,100.0,0.0,100.0,0.0,77.0,23.0,100.0,0.0,100.0,0.0,98.0,4263.0,23.0,23.0,100.0,0.0,100.0,0.0,200.0,0.0,100.0,30071.0,100.0,42648078664.0,100.0,156872572049.0
2019-07-26,Z305EYP3,ST4000DM000,4000787030016,0,108.0,16992888.0,92.0,0.0,100.0,10.0,100.0,0.0,85.0,397273099.0,66.0,30120.0,100.0,0.0,100.0,10.0,100.0,0.0,100.0,0.0,100.0,0.0,100.0,0.0,100.0,0.0,77.0,23.0,100.0,0.0,100.0,0.0,98.0,4263.0,23.0,23.0,100.0,0.0,100.0,0.0,200.0,0.0,100.0,30096.0,100.0,42650936728.0,100.0,157184502969.0
2019-07-27,Z305EYP3,ST4000DM000,4000787030016,0,118.0,189098824.0,92.0,0.0,100.0,10.0,100.0,0.0,85.0,399366973.0,66.0,30143.0,100.0,0.0,100.0,10.0,100.0,0.0,100.0,0.0,100.0,0.0,100.0,0.0,100.0,0.0,76.0,24.0,100.0,0.0,100.0,0.0,98.0,4263.0,24.0,24.0,100.0,0.0,100.0,0.0,200.0,0.0,100.0,30119.0,100.0,42657254104.0,100.0,157492387151.0
2019-07-28,Z305EYP3,ST4000DM000,4000787030016,0,119.0,208658896.0,92.0,0.0,100.0,10.0,100.0,0.0,85.0,401031598.0,66.0,30167.0,100.0,0.0,100.0,10.0,100.0,0.0,100.0,0.0,100.0,0.0,100.0,0.0,100.0,0.0,77.0,23.0,100.0,0.0,100.0,0.0,98.0,4263.0,23.0,23.0,100.0,0.0,100.0,0.0,200.0,0.0,100.0,30143.0,100.0,42661480112.0,100.0,157829315826.0
2019-07-29,Z305EYP3,ST4000DM000,4000787030016,0,119.0,226013008.0,92.0,0.0,100.0,10.0,100.0,0.0,86.0,402995400.0,66.0,30191.0,100.0,0.0,100.0,10.0,100.0,0.0,100.0,0.0,100.0,0.0,100.0,0.0,100.0,0.0,77.0,23.0,100.0,0.0,100.0,0.0,98.0,4263.0,23.0,23.0,100.0,0.0,100.0,0.0,200.0,0.0,100.0,30167.0,100.0,42667738120.0,100.0,158059936791.0
2019-07-30,Z305EYP3,ST4000DM000,4000787030016,0,118.0,195672464.0,92.0,0.0,100.0,10.0,100.0,0.0,86.0,404853950.0,66.0,30215.0,100.0,0.0,100.0,10.0,100.0,0.0,100.0,0.0,100.0,0.0,100.0,0.0,100.0,0.0,77.0,23.0,100.0,0.0,100.0,0.0,98.0,4263.0,23.0,23.0,100.0,0.0,100.0,0.0,200.0,0.0,100.0,30191.0,100.0,42672162616.0,100.0,158280080987.0
2019-07-31,Z305EYP3,ST4000DM000,4000787030016,0,118.0,173443896.0,92.0,0.0,100.0,10.0,100.0,0.0,86.0,407856419.0,66.0,30250.0,100.0,0.0,100.0,10.0,100.0,0.0,100.0,0.0,100.0,0.0,100.0,0.0,100.0,0.0,77.0,23.0,100.0,0.0,100.0,0.0,98.0,4263.0,23.0,23.0,100.0,0.0,100.0,0.0,200.0,0.0,100.0,30226.0,100.0,42732564536.0,100.0,158692534636.0
2019-08-01,Z305EYP3,ST4000DM000,4000787030016,0,118.0,169954680.0,92.0,0.0,100.0,10.0,100.0,0.0,86.0,409060106.0,66.0,30274.0,100.0,0.0,100.0,10.0,100.0,0.0,100.0,0.0,100.0,0.0,100.0,0.0,100.0,0.0,77.0,23.0,100.0,0.0,100.0,0.0,98.0,4263.0,23.0,23.0,100.0,0.0,100.0,0.0,200.0,0.0,100.0,30250.0,100.0,42768233784.0,100.0,158969530773.0
2019-08-02,Z305EYP3,ST4000DM000,4000787030016,0,117.0,118102032.0,92.0,0.0,100.0,10.0,100.0,0.0,86.0,410511170.0,66.0,30298.0,100.0,0.0,100.0,10.0,100.0,0.0,100.0,0.0,100.0,0.0,100.0,0.0,100.0,0.0,77.0,23.0,100.0,0.0,100.0,0.0,98.0,4263.0,23.0,23.0,100.0,0.0,100.0,0.0,200.0,0.0,100.0,30274.0,100.0,42802690344.0,100.0,159281857573.0
2019-08-03,Z305EYP3,ST4000DM000,4000787030016,0,118.0,173633104.0,92.0,0.0,100.0,10.0,100.0,0.0,86.0,411449902.0,66.0,30322.0,100.0,0.0,100.0,10.0,100.0,0.0,100.0,0.0,100.0,0.0,100.0,0.0,100.0,0.0,77.0,23.0,100.0,0.0,100.0,0.0,98.0,4263.0,23.0,23.0,100.0,0.0,100.0,0.0,200.0,0.0,100.0,30298.0,100.0,42848272512.0,100.0,159629796091.0
2019-08-04,Z305EYP3,ST4000DM000,4000787030016,0,118.0,168762584.0,92.0,0.0,100.0,10.0,100.0,0.0,86.0,412796379.0,66.0,30346.0,100.0,0.0,100.0,10.0,100.0,0.0,100.0,0.0,100.0,0.0,100.0,0.0,100.0,0.0,76.0,24.0,100.0,0.0,100.0,0.0,98.0,4263.0,24.0,24.0,100.0,0.0,100.0,0.0,200.0,0.0,100.0,30322.0,100.0,42890437152.0,100.0,159986219138.0
2019-08-05,Z305EYP3,ST4000DM000,4000787030016,0,117.0,129572016.0,92.0,0.0,100.0,10.0,100.0,0.0,86.0,415064189.0,66.0,30370.0,100.0,0.0,100.0,10.0,100.0,0.0,100.0,0.0,100.0,0.0,100.0,0.0,100.0,0.0,77.0,23.0,100.0,0.0,100.0,0.0,98.0,4263.0,23.0,23.0,100.0,0.0,100.0,0.0,200.0,0.0,100.0,30346.0,100.0,42930974032.0,100.0,160229312162.0
2019-08-06,Z305EYP3,ST4000DM000,4000787030016,0,116.0,106530424.0,92.0,0.0,100.0,10.0,100.0,0.0,86.0,416884050.0,66.0,30394.0,100.0,0.0,100.0,10.0,100.0,0.0,100.0,0.0,100.0,0.0,100.0,0.0,100.0,0.0,77.0,23.0,100.0,0.0,100.0,0.0,98.0,4263.0,23.0,23.0,100.0,0.0,100.0,0.0,200.0,0.0,100.0,30370.0,100.0,42966138624.0,100.0,160562169842.0
2019-08-07,Z305EYP3,ST4000DM000,4000787030016,0,117.0,152699968.0,92.0,0.0,100.0,10.0,100.0,0.0,86.0,418328862.0,66.0,30418.0,100.0,0.0,100.0,10.0,100.0,0.0,100.0,0.0,100.0,0.0,100.0,0.0,100.0,0.0,75.0,25.0,100.0,0.0,100.0,0.0,98.0,4263.0,25.0,25.0,100.0,0.0,100.0,0.0,200.0,0.0,100.0,30394.0,100.0,43021096600.0,100.0,160889766477.0
2019-08-08,Z305EYP3,ST4000DM000,4000787030016,0,117.0,156343368.0,92.0,0.0,100.0,10.0,100.0,0.0,86.0,419790371.0,66.0,30442.0,100.0,0.0,100.0,10.0,100.0,0.0,100.0,0.0,100.0,0.0,100.0,0.0,100.0,0.0,75.0,25.0,100.0,0.0,100.0,0.0,98.0,4263.0,25.0,25.0,100.0,0.0,100.0,0.0,200.0,0.0,100.0,30418.0,100.0,43061426648.0,100.0,161211795569.0
2019-08-09,Z305EYP3,ST4000DM000,4000787030016,0,114.0,61499384.0,92.0,0.0,100.0,10.0,100.0,0.0,86.0,422245776.0,66.0,30466.0,100.0,0.0,100.0,10.0,100.0,0.0,100.0,0.0,100.0,0.0,100.0,0.0,100.0,0.0,75.0,25.0,100.0,0.0,100.0,0.0,98.0,4263.0,25.0,25.0,100.0,0.0,100.0,0.0,200.0,0.0,100.0,30442.0,100.0,43098469896.0,100.0,161545375381.0
2019-08-10,Z305EYP3,ST4000DM000,4000787030016,0,117.0,138867776.0,92.0,0.0,100.0,10.0,100.0,0.0,86.0,423929666.0,66.0,30490.0,100.0,0.0,100.0,10.0,100.0,0.0,100.0,0.0,100.0,0.0,100.0,0.0,100.0,0.0,75.0,25.0,100.0,0.0,100.0,0.0,98.0,4263.0,25.0,25.0,100.0,0.0,100.0,0.0,200.0,0.0,100.0,30466.0,100.0,43123345176.0,100.0,161861829116.0
2019-08-11,Z305EYP3,ST4000DM000,4000787030016,0,119.0,217562224.0,92.0,0.0,100.0,10.0,100.0,0.0,86.0,426241439.0,66.0,30514.0,100.0,0.0,100.0,10.0,100.0,0.0,100.0,0.0,100.0,0.0,100.0,0.0,100.0,0.0,75.0,25.0,100.0,0.0,100.0,0.0,98.0,4263.0,25.0,25.0,100.0,0.0,100.0,0.0,200.0,0.0,100.0,30490.0,100.0,43153057408.0,100.0,162176472740.0
2019-08-12,Z305EYP3,ST4000DM000,4000787030016,0,119.0,207056616.0,92.0,0.0,100.0,10.0,100.0,0.0,86.0,428066728.0,66.0,30537.0,100.0,0.0,100.0,10.0,100.0,0.0,100.0,0.0,100.0,0.0,100.0,0.0,100.0,0.0,75.0,25.0,100.0,0.0,100.0,0.0,98.0,4263.0,25.0,25.0,100.0,0.0,100.0,0.0,200.0,0.0,100.0,30513.0,100.0,43176995008.0,100.0,162407385099.0
2019-08-13,Z305EYP3,ST4000DM000,4000787030016,0,111.0,33301744.0,92.0,0.0,100.0,10.0,100.0,0.0,86.0,430036247.0,66.0,30561.0,100.0,0.0,100.0,10.0,100.0,0.0,100.0,0.0,100.0,0.0,100.0,0.0,100.0,0.0,78.0,22.0,100.0,0.0,100.0,0.0,98.0,4263.0,22.0,22.0,100.0,0.0,100.0,0.0,200.0,0.0,100.0,30537.0,100.0,43205219864.0,100.0,162672929921.0
2019-08-14,Z305EYP3,ST4000DM000,4000787030016,0,119.0,232374568.0,92.0,0.0,100.0,10.0,100.0,0.0,86.0,431880399.0,66.0,30585.0,100.0,0.0,100.0,10.0,100.0,0.0,100.0,0.0,100.0,0.0,100.0,0.0,100.0,0.0,78.0,22.0,100.0,0.0,100.0,0.0,98.0,4263.0,22.0,22.0,100.0,0.0,100.0,0.0,200.0,0.0,100.0,30561.0,100.0,43230487792.0,100.0,162947284509.0
2019-08-15,Z305EYP3,ST4000DM000,4000787030016,0,117.0,131049240.0,92.0,0.0,100.0,10.0,100.0,0.0,86.0,433102896.0,66.0,30609.0,100.0,0.0,100.0,10.0,100.0,0.0,100.0,0.0,100.0,0.0,100.0,0.0,100.0,0.0,75.0,25.0,100.0,0.0,100.0,0.0,98.0,4263.0,25.0,25.0,100.0,0.0,100.0,0.0,200.0,0.0,100.0,30585.0,100.0,43255792704.0,100.0,163254438891.0
2019-08-16,Z305EYP3,ST4000DM000,4000787030016,0,111.0,30538448.0,92.0,0.0,100.0,10.0,100.0,0.0,86.0,434899884.0,66.0,30633.0,100.0,0.0,100.0,10.0,100.0,0.0,100.0,0.0,100.0,0.0,100.0,0.0,100.0,0.0,75.0,25.0,100.0,0.0,100.0,0.0,98.0,4263.0,25.0,25.0,100.0,0.0,100.0,0.0,200.0,0.0,100.0,30609.0,100.0,43291938424.0,100.0,163527638203.0
2019-08-17,Z305EYP3,ST4000DM000,4000787030016,0,117.0,159886688.0,92.0,0.0,100.0,10.0,100.0,0.0,86.0,435801905.0,66.0,30657.0,100.0,0.0,100.0,10.0,100.0,0.0,100.0,0.0,100.0,0.0,100.0,0.0,100.0,0.0,75.0,25.0,100.0,0.0,100.0,0.0,98.0,4263.0,25.0,25.0,100.0,0.0,100.0,0.0,200.0,0.0,100.0,30633.0,100.0,43314734616.0,100.0,163819813764.0
2019-08-18,Z305EYP3,ST4000DM000,4000787030016,0,118.0,193270856.0,92.0,0.0,100.0,10.0,100.0,0.0,86.0,436638072.0,65.0,30680.0,100.0,0.0,100.0,10.0,100.0,0.0,100.0,0.0,100.0,0.0,100.0,0.0,100.0,0.0,75.0,25.0,100.0,0.0,100.0,0.0,98.0,4263.0,25.0,25.0,100.0,0.0,100.0,0.0,200.0,0.0,100.0,30656.0,100.0,43335968536.0,100.0,164165863212.0
2019-08-19,Z305EYP3,ST4000DM000,4000787030016,0,120.0,242101888.0,92.0,0.0,100.0,10.0,100.0,0.0,86.0,437838162.0,65.0,30704.0,100.0,0.0,100.0,10.0,100.0,0.0,100.0,0.0,100.0,0.0,100.0,0.0,100.0,0.0,75.0,25.0,100.0,0.0,100.0,0.0,98.0,4263.0,25.0,25.0,100.0,0.0,100.0,0.0,200.0,0.0,100.0,30680.0,100.0,43363278864.0,100.0,164427546197.0
2019-08-20,Z305EYP3,ST4000DM000,4000787030016,0,114.0,79835744.0,92.0,0.0,100.0,10.0,100.0,0.0,86.0,439331286.0,65.0,30728.0,100.0,0.0,100.0,10.0,100.0,0.0,100.0,0.0,100.0,0.0,100.0,0.0,100.0,0.0,75.0,25.0,100.0,0.0,100.0,0.0,98.0,4263.0,25.0,25.0,100.0,0.0,100.0,0.0,200.0,0.0,100.0,30704.0,100.0,43390576760.0,100.0,164723731945.0
2019-08-21,Z305EYP3,ST4000DM000,4000787030016,0,111.0,31585216.0,92.0,0.0,100.0,10.0,100.0,0.0,86.0,440582027.0,65.0,30740.0,100.0,0.0,100.0,10.0,100.0,0.0,100.0,0.0,100.0,0.0,100.0,0.0,100.0,0.0,75.0,25.0,100.0,0.0,100.0,0.0,98.0,4263.0,25.0,25.0,100.0,0.0,100.0,0.0,200.0,0.0,100.0,30716.0,100.0,43404472840.0,100.0,164904466092.0
2019-08-22,Z305EYP3,ST4000DM000,4000787030016,0,108.0,18951192.0,92.0,0.0,100.0,10.0,100.0,0.0,86.0,442864466.0,65.0,30764.0,100.0,0.0,100.0,10.0,100.0,0.0,100.0,0.0,100.0,0.0,100.0,0.0,100.0,0.0,75.0,25.0,100.0,0.0,100.0,0.0,98.0,4263.0,25.0,25.0,100.0,0.0,100.0,0.0,200.0,0.0,100.0,30740.0,100.0,43434390752.0,100.0,165245993580.0
2019-08-23,Z305EYP3,ST4000DM000,4000787030016,0,117.0,149073168.0,92.0,0.0,100.0,10.0,100.0,0.0,86.0,444354560.0,65.0,30788.0,100.0,0.0,100.0,10.0,100.0,0.0,100.0,0.0,100.0,0.0,100.0,0.0,100.0,0.0,75.0,25.0,100.0,0.0,100.0,0.0,98.0,4263.0,25.0,25.0,100.0,0.0,100.0,0.0,200.0,0.0,100.0,30764.0,100.0,43464145872.0,100.0,165551715636.0
2019-08-24,Z305EYP3,ST4000DM000,4000787030016,0,115.0,88508920.0,92.0,0.0,100.0,10.0,100.0,0.0,86.0,446815222.0,65.0,30811.0,100.0,0.0,100.0,10.0,100.0,0.0,100.0,0.0,100.0,0.0,100.0,0.0,100.0,0.0,75.0,25.0,100.0,0.0,100.0,0.0,98.0,4263.0,25.0,25.0,100.0,0.0,100.0,0.0,200.0,0.0,100.0,30788.0,100.0,43490175640.0,100.0,165854580786.0
2019-08-25,Z305EYP3,ST4000DM000,4000787030016,0,113.0,53499480.0,92.0,0.0,100.0,10.0,100.0,0.0,86.0,448349081.0,65.0,30835.0,100.0,0.0,100.0,10.0,100.0,0.0,100.0,0.0,100.0,0.0,100.0,0.0,100.0,0.0,75.0,25.0,100.0,0.0,100.0,0.0,98.0,4263.0,25.0,25.0,100.0,0.0,100.0,0.0,200.0,0.0,100.0,30811.0,100.0,43512958840.0,100.0,166172260110.0
2019-08-26,Z305EYP3,ST4000DM000,4000787030016,0,118.0,197796328.0,92.0,0.0,100.0,10.0,100.0,0.0,86.0,452019466.0,65.0,30883.0,100.0,0.0,100.0,10.0,100.0,0.0,100.0,0.0,100.0,0.0,100.0,0.0,100.0,0.0,75.0,25.0,100.0,0.0,100.0,0.0,98.0,4263.0,25.0,25.0,100.0,0.0,100.0,0.0,200.0,0.0,100.0,30859.0,100.0,43569667992.0,100.0,166773307269.0
2019-08-27,Z305EYP3,ST4000DM000,4000787030016,0,118.0,197796328.0,92.0,0.0,100.0,10.0,100.0,0.0,86.0,452019466.0,65.0,30883.0,100.0,0.0,100.0,10.0,100.0,0.0,100.0,0.0,100.0,0.0,100.0,0.0,100.0,0.0,75.0,25.0,100.0,0.0,100.0,0.0,98.0,4263.0,25.0,25.0,100.0,0.0,100.0,0.0,200.0,0.0,100.0,30859.0,100.0,43569667992.0,100.0,166773307269.0
2019-08-28,Z305EYP3,ST4000DM000,4000787030016,0,114.0,61728664.0,92.0,0.0,100.0,10.0,100.0,0.0,86.0,453806733.0,65.0,30907.0,100.0,0.0,100.0,10.0,100.0,0.0,100.0,0.0,100.0,0.0,100.0,0.0,100.0,0.0,76.0,24.0,100.0,0.0,100.0,0.0,98.0,4263.0,24.0,24.0,100.0,0.0,100.0,0.0,200.0,0.0,100.0,30883.0,100.0,43594572976.0,100.0,167023532843.0
2019-08-29,Z305EYP3,ST4000DM000,4000787030016,0,111.0,34382832.0,92.0,0.0,100.0,10.0,100.0,0.0,86.0,455817439.0,65.0,30931.0,100.0,0.0,100.0,10.0,100.0,0.0,100.0,0.0,100.0,0.0,100.0,0.0,100.0,0.0,75.0,25.0,100.0,0.0,100.0,0.0,98.0,4263.0,25.0,25.0,100.0,0.0,100.0,0.0,200.0,0.0,100.0,30907.0,100.0,43625209896.0,100.0,167305253401.0
2019-08-30,Z305EYP3,ST4000DM000,4000787030016,0,102.0,4035728.0,92.0,0.0,100.0,10.0,100.0,0.0,86.0,457180612.0,65.0,30955.0,100.0,0.0,100.0,10.0,100.0,0.0,100.0,0.0,100.0,0.0,100.0,0.0,100.0,0.0,75.0,25.0,100.0,0.0,100.0,0.0,98.0,4263.0,25.0,25.0,100.0,0.0,100.0,0.0,200.0,0.0,100.0,30931.0,100.0,43646208464.0,100.0,167576725207.0
2019-08-31,Z305EYP3,ST4000DM000,4000787030016,0,105.0,7746992.0,92.0,0.0,100.0,10.0,100.0,0.0,86.0,459315781.0,65.0,30979.0,100.0,0.0,100.0,10.0,100.0,0.0,100.0,0.0,100.0,0.0,100.0,0.0,100.0,0.0,75.0,25.0,100.0,0.0,100.0,0.0,98.0,4263.0,25.0,25.0,100.0,0.0,100.0,0.0,200.0,0.0,100.0,30955.0,100.0,43682473552.0,100.0,167869414780.0
2019-09-01,Z305EYP3,ST4000DM000,4000787030016,0,117.0,164511240.0,92.0,0.0,100.0,10.0,100.0,0.0,86.0,460200044.0,65.0,31003.0,100.0,0.0,100.0,10.0,100.0,0.0,100.0,0.0,100.0,0.0,100.0,0.0,100.0,0.0,76.0,24.0,100.0,0.0,100.0,0.0,98.0,4263.0,24.0,24.0,100.0,0.0,100.0,0.0,200.0,0.0,100.0,30979.0,100.0,43715134528.0,100.0,168198897715.0
2019-09-02,Z305EYP3,ST4000DM000,4000787030016,0,117.0,138583616.0,92.0,0.0,100.0,10.0,100.0,0.0,86.0,461404308.0,65.0,31027.0,100.0,0.0,100.0,10.0,100.0,0.0,100.0,0.0,100.0,0.0,100.0,0.0,100.0,0.0,76.0,24.0,100.0,0.0,100.0,0.0,98.0,4263.0,24.0,24.0,100.0,0.0,100.0,0.0,200.0,0.0,100.0,31003.0,100.0,43751090488.0,100.0,168458283670.0
2019-09-03,Z305EYP3,ST4000DM000,4000787030016,0,113.0,57716384.0,92.0,0.0,100.0,10.0,100.0,0.0,86.0,462595977.0,65.0,31051.0,100.0,0.0,100.0,10.0,100.0,0.0,100.0,0.0,100.0,0.0,100.0,0.0,100.0,0.0,76.0,24.0,100.0,0.0,100.0,0.0,98.0,4263.0,24.0,24.0,100.0,0.0,100.0,0.0,200.0,0.0,100.0,31027.0,100.0,43778646952.0,100.0,168811365730.0
2019-09-04,Z305EYP3,ST4000DM000,4000787030016,0,114.0,66819240.0,92.0,0.0,100.0,10.0,100.0,0.0,86.0,464697445.0,65.0,31075.0,100.0,0.0,100.0,10.0,100.0,0.0,100.0,0.0,100.0,0.0,100.0,0.0,100.0,0.0,76.0,24.0,100.0,0.0,100.0,0.0,98.0,4263.0,24.0,24.0,100.0,0.0,100.0,0.0,200.0,0.0,100.0,31051.0,100.0,43826643480.0,100.0,169125047359.0
2019-09-05,Z305EYP3,ST4000DM000,4000787030016,0,117.0,159948664.0,92.0,0.0,100.0,10.0,100.0,0.0,86.0,466512480.0,65.0,31099.0,100.0,0.0,100.0,10.0,100.0,0.0,100.0,0.0,100.0,0.0,100.0,0.0,100.0,0.0,75.0,25.0,100.0,0.0,100.0,0.0,98.0,4263.0,25.0,25.0,100.0,0.0,100.0,0.0,200.0,0.0,100.0,31075.0,100.0,43868979928.0,100.0,169457034045.0
2019-09-06,Z305EYP3,ST4000DM000,4000787030016,0,117.0,130170256.0,92.0,0.0,100.0,10.0,100.0,0.0,86.0,468595462.0,65.0,31123.0,100.0,0.0,100.0,10.0,100.0,0.0,100.0,0.0,100.0,0.0,100.0,0.0,100.0,0.0,75.0,25.0,100.0,0.0,100.0,0.0,98.0,4263.0,25.0,25.0,100.0,0.0,100.0,0.0,200.0,0.0,100.0,31099.0,100.0,43897048464.0,100.0,169761789996.0
2019-09-07,Z305EYP3,ST4000DM000,4000787030016,0,118.0,200268432.0,92.0,0.0,100.0,10.0,100.0,0.0,87.0,470675026.0,65.0,31147.0,100.0,0.0,100.0,10.0,100.0,0.0,100.0,0.0,100.0,0.0,100.0,0.0,100.0,0.0,75.0,25.0,100.0,0.0,100.0,0.0,98.0,4263.0,25.0,25.0,100.0,0.0,100.0,0.0,200.0,0.0,100.0,31123.0,100.0,43931899912.0,100.0,170112600216.0
2019-09-08,Z305EYP3,ST4000DM000,4000787030016,0,119.0,231158856.0,92.0,0.0,100.0,10.0,100.0,0.0,87.0,472605809.0,65.0,31171.0,100.0,0.0,100.0,10.0,100.0,0.0,100.0,0.0,100.0,0.0,100.0,0.0,100.0,0.0,75.0,25.0,100.0,0.0,100.0,0.0,98.0,4263.0,25.0,25.0,100.0,0.0,100.0,0.0,200.0,0.0,100.0,31147.0,100.0,43970941128.0,100.0,170441982419.0
2019-09-09,Z305EYP3,ST4000DM000,4000787030016,0,119.0,214440144.0,92.0,0.0,100.0,10.0,100.0,0.0,87.0,474258719.0,65.0,31195.0,100.0,0.0,100.0,10.0,100.0,0.0,100.0,0.0,100.0,0.0,100.0,0.0,100.0,0.0,75.0,25.0,100.0,0.0,100.0,0.0,98.0,4263.0,25.0,25.0,100.0,0.0,100.0,0.0,200.0,0.0,100.0,31171.0,100.0,44000095992.0,100.0,170692832736.0
2019-09-10,Z305EYP3,ST4000DM000,4000787030016,0,114.0,77614744.0,92.0,0.0,100.0,10.0,100.0,0.0,87.0,475985062.0,65.0,31219.0,100.0,0.0,100.0,10.0,100.0,0.0,100.0,0.0,100.0,0.0,100.0,0.0,100.0,0.0,75.0,25.0,100.0,0.0,100.0,0.0,98.0,4263.0,25.0,25.0,100.0,0.0,100.0,0.0,200.0,0.0,100.0,31195.0,100.0,44033066152.0,100.0,170976188810.0
2019-09-11,Z305EYP3,ST4000DM000,4000787030016,0,119.0,223948936.0,92.0,0.0,100.0,10.0,100.0,0.0,87.0,478778346.0,65.0,31255.0,100.0,0.0,100.0,10.0,100.0,0.0,100.0,0.0,100.0,0.0,100.0,0.0,100.0,0.0,76.0,24.0,100.0,0.0,100.0,0.0,98.0,4263.0,24.0,24.0,100.0,0.0,100.0,0.0,200.0,0.0,100.0,31231.0,100.0,44079341320.0,100.0,171426428588.0
2019-09-12,Z305EYP3,ST4000DM000,4000787030016,0,118.0,188541512.0,92.0,0.0,100.0,10.0,100.0,0.0,87.0,480283683.0,65.0,31279.0,100.0,0.0,100.0,10.0,100.0,0.0,100.0,0.0,100.0,0.0,100.0,0.0,100.0,0.0,76.0,24.0,100.0,0.0,100.0,0.0,98.0,4263.0,24.0,24.0,100.0,0.0,100.0,0.0,200.0,0.0,100.0,31255.0,100.0,44110047608.0,100.0,171689567034.0
2019-09-13,Z305EYP3,ST4000DM000,4000787030016,0,104.0,7000528.0,92.0,0.0,100.0,10.0,100.0,0.0,87.0,482462663.0,65.0,31302.0,100.0,0.0,100.0,10.0,100.0,0.0,100.0,0.0,100.0,0.0,100.0,0.0,100.0,0.0,76.0,24.0,100.0,0.0,100.0,0.0,98.0,4263.0,24.0,24.0,100.0,0.0,100.0,0.0,200.0,0.0,100.0,31278.0,100.0,44151391752.0,100.0,171986531233.0
2019-09-14,Z305EYP3,ST4000DM000,4000787030016,0,118.0,189316968.0,92.0,0.0,100.0,10.0,100.0,0.0,87.0,484059451.0,65.0,31326.0,100.0,0.0,100.0,10.0,100.0,0.0,100.0,0.0,100.0,0.0,100.0,0.0,100.0,0.0,76.0,24.0,100.0,0.0,100.0,0.0,98.0,4263.0,24.0,24.0,100.0,0.0,100.0,0.0,200.0,0.0,100.0,31302.0,100.0,44193658680.0,100.0,172256555979.0
2019-09-15,Z305EYP3,ST4000DM000,4000787030016,0,114.0,75894368.0,92.0,0.0,100.0,10.0,100.0,0.0,87.0,485092982.0,65.0,31350.0,100.0,0.0,100.0,10.0,100.0,0.0,100.0,0.0,100.0,0.0,100.0,0.0,100.0,0.0,76.0,24.0,100.0,0.0,100.0,0.0,98.0,4263.0,24.0,24.0,100.0,0.0,100.0,0.0,200.0,0.0,100.0,31326.0,100.0,44238102248.0,100.0,172532893662.0
2019-09-16,Z305EYP3,ST4000DM000,4000787030016,0,117.0,141073720.0,92.0,0.0,100.0,10.0,100.0,0.0,87.0,486476842.0,65.0,31374.0,100.0,0.0,100.0,10.0,100.0,0.0,100.0,0.0,100.0,0.0,100.0,0.0,100.0,0.0,76.0,24.0,100.0,0.0,100.0,0.0,98.0,4263.0,24.0,24.0,100.0,0.0,100.0,0.0,200.0,0.0,100.0,31350.0,100.0,44286117784.0,100.0,172819418599.0
2019-09-17,Z305EYP3,ST4000DM000,4000787030016,0,112.0,48735504.0,92.0,0.0,100.0,10.0,100.0,0.0,87.0,487433771.0,65.0,31398.0,100.0,0.0,100.0,10.0,100.0,0.0,100.0,0.0,100.0,0.0,100.0,0.0,100.0,0.0,76.0,24.0,100.0,0.0,100.0,0.0,98.0,4263.0,24.0,24.0,100.0,0.0,100.0,0.0,200.0,0.0,100.0,31374.0,100.0,44340879016.0,100.0,173158891634.0
2019-09-18,Z305EYP3,ST4000DM000,4000787030016,0,115.0,91708352.0,92.0,0.0,100.0,10.0,100.0,0.0,87.0,488175407.0,65.0,31410.0,100.0,0.0,100.0,10.0,100.0,0.0,100.0,0.0,100.0,0.0,100.0,0.0,100.0,0.0,76.0,24.0,100.0,0.0,100.0,0.0,98.0,4263.0,24.0,24.0,100.0,0.0,100.0,0.0,200.0,0.0,100.0,31386.0,100.0,44359177400.0,100.0,173334726328.0
2019-09-19,Z305EYP3,ST4000DM000,4000787030016,0,115.0,86305744.0,92.0,0.0,100.0,10.0,100.0,0.0,87.0,489525245.0,65.0,31434.0,100.0,0.0,100.0,10.0,100.0,0.0,100.0,0.0,100.0,0.0,100.0,0.0,100.0,0.0,76.0,24.0,100.0,0.0,100.0,0.0,98.0,4263.0,24.0,24.0,100.0,0.0,100.0,0.0,200.0,0.0,100.0,31410.0,100.0,44390274008.0,100.0,173665525861.0
2019-09-20,Z305EYP3,ST4000DM000,4000787030016,0,115.0,96448384.0,92.0,0.0,100.0,10.0,100.0,0.0,87.0,491936774.0,65.0,31458.0,100.0,0.0,100.0,10.0,100.0,0.0,100.0,0.0,100.0,0.0,100.0,0.0,100.0,0.0,76.0,24.0,100.0,0.0,100.0,0.0,98.0,4263.0,24.0,24.0,100.0,0.0,100.0,0.0,200.0,0.0,100.0,31434.0,100.0,44427487240.0,100.0,173923612975.0
2019-09-21,Z305EYP3,ST4000DM000,4000787030016,0,117.0,164892888.0,92.0,0.0,100.0,10.0,100.0,0.0,87.0,494226436.0,65.0,31482.0,100.0,0.0,100.0,10.0,100.0,0.0,100.0,0.0,100.0,0.0,100.0,0.0,100.0,0.0,76.0,24.0,100.0,0.0,100.0,0.0,98.0,4263.0,24.0,24.0,100.0,0.0,100.0,0.0,200.0,0.0,100.0,31458.0,100.0,44458268512.0,100.0,174246152664.0
2019-09-22,Z305EYP3,ST4000DM000,4000787030016,0,113.0,58415112.0,92.0,0.0,100.0,10.0,100.0,0.0,87.0,496013193.0,65.0,31506.0,100.0,0.0,100.0,10.0,100.0,0.0,100.0,0.0,100.0,0.0,100.0,0.0,100.0,0.0,76.0,24.0,100.0,0.0,100.0,0.0,98.0,4263.0,24.0,24.0,100.0,0.0,100.0,0.0,200.0,0.0,100.0,31482.0,100.0,44490272440.0,100.0,174563095775.0
2019-09-23,Z305EYP3,ST4000DM000,4000787030016,0,118.0,194245344.0,92.0,0.0,100.0,10.0,100.0,0.0,87.0,497933010.0,65.0,31530.0,100.0,0.0,100.0,10.0,100.0,0.0,100.0,0.0,100.0,0.0,100.0,0.0,100.0,0.0,76.0,24.0,100.0,0.0,100.0,0.0,98.0,4263.0,24.0,24.0,100.0,0.0,100.0,0.0,200.0,0.0,100.0,31506.0,100.0,44530436336.0,100.0,174832872994.0
2019-09-24,Z305EYP3,ST4000DM000,4000787030016,0,113.0,50399832.0,92.0,0.0,100.0,10.0,100.0,0.0,87.0,499688073.0,64.0,31554.0,100.0,0.0,100.0,10.0,100.0,0.0,100.0,0.0,100.0,0.0,100.0,0.0,100.0,0.0,76.0,24.0,100.0,0.0,100.0,0.0,98.0,4263.0,24.0,24.0,100.0,0.0,100.0,0.0,200.0,0.0,100.0,31530.0,100.0,44564320096.0,100.0,175118350344.0
2019-09-25,Z305EYP3,ST4000DM000,4000787030016,0,118.0,179282312.0,92.0,0.0,100.0,10.0,100.0,0.0,87.0,502441768.0,64.0,31590.0,100.0,0.0,100.0,10.0,100.0,0.0,100.0,0.0,100.0,0.0,100.0,0.0,100.0,0.0,76.0,24.0,100.0,0.0,100.0,0.0,98.0,4263.0,24.0,24.0,100.0,0.0,100.0,0.0,200.0,0.0,100.0,31566.0,100.0,44639420152.0,100.0,175618887555.0
2019-09-26,Z305EYP3,ST4000DM000,4000787030016,0,111.0,34339856.0,92.0,0.0,100.0,10.0,100.0,0.0,87.0,503798308.0,64.0,31613.0,100.0,0.0,100.0,10.0,100.0,0.0,100.0,0.0,100.0,0.0,100.0,0.0,100.0,0.0,76.0,24.0,100.0,0.0,100.0,0.0,98.0,4263.0,24.0,24.0,100.0,0.0,100.0,0.0,200.0,0.0,100.0,31589.0,100.0,44686267720.0,100.0,175914097655.0
2019-09-27,Z305EYP3,ST4000DM000,4000787030016,0,115.0,91160112.0,92.0,0.0,100.0,10.0,100.0,0.0,87.0,505993666.0,64.0,31637.0,100.0,0.0,100.0,10.0,100.0,0.0,100.0,0.0,100.0,0.0,100.0,0.0,100.0,0.0,77.0,23.0,100.0,0.0,100.0,0.0,98.0,4263.0,23.0,23.0,100.0,0.0,100.0,0.0,200.0,0.0,100.0,31613.0,100.0,44715860160.0,100.0,176171631404.0
2019-09-28,Z305EYP3,ST4000DM000,4000787030016,0,112.0,44065776.0,92.0,0.0,100.0,10.0,100.0,0.0,87.0,508161243.0,64.0,31661.0,100.0,0.0,100.0,10.0,100.0,0.0,100.0,0.0,100.0,0.0,100.0,0.0,100.0,0.0,76.0,24.0,100.0,0.0,100.0,0.0,98.0,4263.0,24.0,24.0,100.0,0.0,100.0,0.0,200.0,0.0,100.0,31637.0,100.0,44748249552.0,100.0,176446358235.0
2019-09-29,Z305EYP3,ST4000DM000,4000787030016,0,117.0,148954776.0,92.0,0.0,100.0,10.0,100.0,0.0,87.0,509632802.0,64.0,31685.0,100.0,0.0,100.0,10.0,100.0,0.0,100.0,0.0,100.0,0.0,100.0,0.0,100.0,0.0,76.0,24.0,100.0,0.0,100.0,0.0,98.0,4263.0,24.0,24.0,100.0,0.0,100.0,0.0,200.0,0.0,100.0,31661.0,100.0,44790175544.0,100.0,176727984155.0
2019-09-30,Z305EYP3,ST4000DM000,4000787030016,0,111.0,33837896.0,92.0,0.0,100.0,10.0,100.0,0.0,87.0,511663945.0,64.0,31709.0,100.0,0.0,100.0,10.0,100.0,0.0,100.0,0.0,100.0,0.0,100.0,0.0,100.0,0.0,76.0,24.0,100.0,0.0,100.0,0.0,98.0,4263.0,24.0,24.0,100.0,0.0,100.0,0.0,200.0,0.0,100.0,31685.0,100.0,44848372368.0,100.0,176981764649.0
2019-10-01,Z305EYP3,ST4000DM000,4000787030016,0,114.0,61471328.0,92.0,0.0,100.0,10.0,100.0,0.0,87.0,512702211.0,64.0,31733.0,100.0,0.0,100.0,10.0,100.0,0.0,100.0,0.0,100.0,0.0,100.0,0.0,100.0,0.0,76.0,24.0,100.0,0.0,100.0,0.0,98.0,4263.0,24.0,24.0,100.0,0.0,100.0,0.0,200.0,0.0,100.0,31709.0,100.0,44894223640.0,100.0,177301770015.0
2019-10-02,Z305EYP3,ST4000DM000,4000787030016,0,117.0,161613416.0,92.0,0.0,100.0,10.0,100.0,0.0,87.0,514104942.0,64.0,31757.0,100.0,0.0,100.0,10.0,100.0,0.0,100.0,0.0,100.0,0.0,100.0,0.0,100.0,0.0,76.0,24.0,100.0,0.0,100.0,0.0,98.0,4263.0,24.0,24.0,100.0,0.0,100.0,0.0,200.0,0.0,100.0,31733.0,100.0,44925069992.0,100.0,177772944335.0
2019-10-03,Z305EYP3,ST4000DM000,4000787030016,0,114.0,81439952.0,92.0,0.0,100.0,10.0,100.0,0.0,87.0,515025303.0,64.0,31781.0,100.0,0.0,100.0,10.0,100.0,0.0,100.0,0.0,100.0,0.0,100.0,0.0,100.0,0.0,76.0,24.0,100.0,0.0,100.0,0.0,98.0,4263.0,24.0,24.0,100.0,0.0,100.0,0.0,200.0,0.0,100.0,31757.0,100.0,44951153432.0,100.0,178089807392.0
2019-10-04,Z305EYP3,ST4000DM000,4000787030016,0,114.0,78711936.0,92.0,0.0,100.0,10.0,100.0,0.0,87.0,516770491.0,64.0,31804.0,100.0,0.0,100.0,10.0,100.0,0.0,100.0,0.0,100.0,0.0,100.0,0.0,100.0,0.0,75.0,25.0,100.0,0.0,100.0,0.0,98.0,4263.0,25.0,25.0,100.0,0.0,100.0,0.0,200.0,0.0,100.0,31781.0,100.0,44988811544.0,100.0,178393755714.0
2019-10-05,Z305EYP3,ST4000DM000,4000787030016,0,116.0,102608304.0,92.0,0.0,100.0,10.0,100.0,0.0,87.0,518985284.0,64.0,31828.0,100.0,0.0,100.0,10.0,100.0,0.0,100.0,0.0,100.0,0.0,100.0,0.0,100.0,0.0,75.0,25.0,100.0,0.0,100.0,0.0,98.0,4263.0,25.0,25.0,100.0,0.0,100.0,0.0,200.0,0.0,100.0,31804.0,100.0,45033343688.0,100.0,178728004771.0
2019-10-06,Z305EYP3,ST4000DM000,4000787030016,0,116.0,108964712.0,92.0,0.0,100.0,10.0,100.0,0.0,87.0,520644069.0,64.0,31852.0,100.0,0.0,100.0,10.0,100.0,0.0,100.0,0.0,100.0,0.0,100.0,0.0,100.0,0.0,75.0,25.0,100.0,0.0,100.0,0.0,98.0,4263.0,25.0,25.0,100.0,0.0,100.0,0.0,200.0,0.0,100.0,31828.0,100.0,45065254192.0,100.0,179042127504.0
2019-10-07,Z305EYP3,ST4000DM000,4000787030016,0,116.0,104962232.0,92.0,0.0,100.0,10.0,100.0,0.0,87.0,522658151.0,64.0,31876.0,100.0,0.0,100.0,10.0,100.0,0.0,100.0,0.0,100.0,0.0,100.0,0.0,100.0,0.0,76.0,24.0,100.0,0.0,100.0,0.0,98.0,4263.0,24.0,24.0,100.0,0.0,100.0,0.0,200.0,0.0,100.0,31852.0,100.0,45098940728.0,100.0,179284718900.0
2019-10-08,Z305EYP3,ST4000DM000,4000787030016,0,119.0,201757128.0,92.0,0.0,100.0,10.0,100.0,0.0,87.0,524564756.0,64.0,31900.0,100.0,0.0,100.0,10.0,100.0,0.0,100.0,0.0,100.0,0.0,100.0,0.0,100.0,0.0,76.0,24.0,100.0,0.0,100.0,0.0,98.0,4263.0,24.0,24.0,100.0,0.0,100.0,0.0,200.0,0.0,100.0,31876.0,100.0,45148139440.0,100.0,179611630205.0
2019-10-09,Z305EYP3,ST4000DM000,4000787030016,0,114.0,69467968.0,92.0,0.0,100.0,10.0,100.0,0.0,87.0,526462169.0,64.0,31924.0,100.0,0.0,100.0,10.0,100.0,0.0,100.0,0.0,100.0,0.0,100.0,0.0,100.0,0.0,75.0,25.0,100.0,0.0,100.0,0.0,98.0,4263.0,25.0,25.0,100.0,0.0,100.0,0.0,200.0,0.0,100.0,31900.0,100.0,45199777656.0,100.0,179925643892.0
2019-10-10,Z305EYP3,ST4000DM000,4000787030016,0,114.0,61398632.0,92.0,0.0,100.0,10.0,100.0,0.0,87.0,528167044.0,64.0,31948.0,100.0,0.0,100.0,10.0,100.0,0.0,100.0,0.0,100.0,0.0,100.0,0.0,100.0,0.0,77.0,23.0,100.0,0.0,100.0,0.0,98.0,4263.0,23.0,23.0,100.0,0.0,100.0,0.0,200.0,0.0,100.0,31924.0,100.0,45250945496.0,100.0,180250577342.0
2019-10-11,Z305EYP3,ST4000DM000,4000787030016,0,119.0,217160192.0,92.0,0.0,100.0,10.0,100.0,0.0,87.0,529548736.0,64.0,31972.0,100.0,0.0,100.0,10.0,100.0,0.0,100.0,0.0,100.0,0.0,100.0,0.0,100.0,0.0,76.0,24.0,100.0,0.0,100.0,0.0,98.0,4263.0,24.0,24.0,100.0,0.0,100.0,0.0,200.0,0.0,100.0,31948.0,100.0,45291762904.0,100.0,180509794807.0
2019-10-12,Z305EYP3,ST4000DM000,4000787030016,0,114.0,59191576.0,92.0,0.0,100.0,10.0,100.0,0.0,87.0,530666760.0,64.0,31996.0,100.0,0.0,100.0,10.0,100.0,0.0,100.0,0.0,100.0,0.0,100.0,0.0,100.0,0.0,76.0,24.0,100.0,0.0,100.0,0.0,98.0,4263.0,24.0,24.0,100.0,0.0,100.0,0.0,200.0,0.0,100.0,31972.0,100.0,45347483728.0,100.0,180610933942.0
2019-10-13,Z305EYP3,ST4000DM000,4000787030016,0,117.0,132320296.0,92.0,0.0,100.0,10.0,100.0,0.0,87.0,532694974.0,64.0,32019.0,100.0,0.0,100.0,10.0,100.0,0.0,100.0,0.0,100.0,0.0,100.0,0.0,100.0,0.0,77.0,23.0,100.0,0.0,100.0,0.0,98.0,4263.0,23.0,23.0,100.0,0.0,100.0,0.0,200.0,0.0,100.0,31995.0,100.0,45389804816.0,100.0,180757373321.0
2019-10-14,Z305EYP3,ST4000DM000,4000787030016,0,118.0,173796032.0,92.0,0.0,100.0,10.0,100.0,0.0,87.0,533882560.0,64.0,32043.0,100.0,0.0,100.0,10.0,100.0,0.0,100.0,0.0,100.0,0.0,100.0,0.0,100.0,0.0,76.0,24.0,100.0,0.0,100.0,0.0,98.0,4263.0,24.0,24.0,100.0,0.0,100.0,0.0,200.0,0.0,100.0,32019.0,100.0,45428519552.0,100.0,180835733846.0
2019-10-15,Z305EYP3,ST4000DM000,4000787030016,0,119.0,215354272.0,92.0,0.0,100.0,10.0,100.0,0.0,87.0,535599934.0,64.0,32091.0,100.0,0.0,100.0,10.0,100.0,0.0,100.0,0.0,100.0,0.0,100.0,0.0,100.0,0.0,77.0,23.0,100.0,0.0,100.0,0.0,98.0,4263.0,23.0,23.0,100.0,0.0,100.0,0.0,200.0,0.0,100.0,32067.0,100.0,45521556896.0,100.0,181000477685.0
2019-10-16,Z305EYP3,ST4000DM000,4000787030016,0,119.0,215354272.0,92.0,0.0,100.0,10.0,100.0,0.0,87.0,535599934.0,64.0,32091.0,100.0,0.0,100.0,10.0,100.0,0.0,100.0,0.0,100.0,0.0,100.0,0.0,100.0,0.0,77.0,23.0,100.0,0.0,100.0,0.0,98.0,4263.0,23.0,23.0,100.0,0.0,100.0,0.0,200.0,0.0,100.0,32067.0,100.0,45521556896.0,100.0,181000477685.0
2019-10-17,Z305EYP3,ST4000DM000,4000787030016,0,116.0,111282160.0,92.0,0.0,100.0,10.0,100.0,0.0,87.0,536420207.0,64.0,32115.0,100.0,0.0,100.0,10.0,100.0,0.0,100.0,0.0,100.0,0.0,100.0,0.0,100.0,0.0,78.0,22.0,100.0,0.0,100.0,0.0,98.0,4263.0,22.0,22.0,100.0,0.0,100.0,0.0,200.0,0.0,100.0,32091.0,100.0,45561746592.0,100.0,181160770394.0
2019-10-18,Z305EYP3,ST4000DM000,4000787030016,0,118.0,188669272.0,92.0,0.0,100.0,10.0,100.0,0.0,87.0,537116201.0,64.0,32139.0,100.0,0.0,100.0,10.0,100.0,0.0,100.0,0.0,100.0,0.0,100.0,0.0,100.0,0.0,75.0,25.0,100.0,0.0,100.0,0.0,98.0,4263.0,25.0,25.0,100.0,0.0,100.0,0.0,200.0,0.0,100.0,32115.0,100.0,45612232872.0,100.0,181253740895.0
2019-10-19,Z305EYP3,ST4000DM000,4000787030016,0,115.0,94532216.0,92.0,0.0,100.0,10.0,100.0,0.0,87.0,538264516.0,64.0,32163.0,100.0,0.0,100.0,10.0,100.0,0.0,100.0,0.0,100.0,0.0,100.0,0.0,100.0,0.0,79.0,21.0,100.0,0.0,100.0,0.0,98.0,4263.0,21.0,21.0,100.0,0.0,100.0,0.0,200.0,0.0,100.0,32139.0,100.0,45645817080.0,100.0,181365301818.0
2019-10-20,Z305EYP3,ST4000DM000,4000787030016,0,117.0,129171568.0,92.0,0.0,100.0,10.0,100.0,0.0,87.0,540012099.0,64.0,32187.0,100.0,0.0,100.0,10.0,100.0,0.0,100.0,0.0,100.0,0.0,100.0,0.0,100.0,0.0,74.0,26.0,100.0,0.0,100.0,0.0,98.0,4263.0,26.0,26.0,100.0,0.0,100.0,0.0,200.0,0.0,100.0,32163.0,100.0,45677598088.0,100.0,181622277658.0
2019-10-21,Z305EYP3,ST4000DM000,4000787030016,0,119.0,202319152.0,92.0,0.0,100.0,10.0,100.0,0.0,87.0,541682578.0,64.0,32210.0,100.0,0.0,100.0,10.0,100.0,0.0,100.0,0.0,100.0,0.0,100.0,0.0,100.0,0.0,74.0,26.0,100.0,0.0,100.0,0.0,98.0,4263.0,26.0,26.0,100.0,0.0,100.0,0.0,200.0,0.0,100.0,32187.0,100.0,45718025792.0,100.0,181836874856.0
2019-10-22,Z305EYP3,ST4000DM000,4000787030016,0,111.0,30970656.0,92.0,0.0,100.0,10.0,100.0,0.0,87.0,543674252.0,64.0,32234.0,100.0,0.0,100.0,10.0,100.0,0.0,100.0,0.0,100.0,0.0,100.0,0.0,100.0,0.0,74.0,26.0,100.0,0.0,100.0,0.0,98.0,4263.0,26.0,26.0,100.0,0.0,100.0,0.0,200.0,0.0,100.0,32210.0,100.0,45747970560.0,100.0,182145757881.0
2019-10-23,Z305EYP3,ST4000DM000,4000787030016,0,118.0,201168128.0,92.0,0.0,100.0,10.0,100.0,0.0,87.0,544907533.0,64.0,32258.0,100.0,0.0,100.0,10.0,100.0,0.0,100.0,0.0,100.0,0.0,100.0,0.0,100.0,0.0,74.0,26.0,100.0,0.0,100.0,0.0,98.0,4263.0,26.0,26.0,100.0,0.0,100.0,0.0,200.0,0.0,100.0,32235.0,100.0,45792442352.0,100.0,182458357366.0
2019-10-24,Z305EYP3,ST4000DM000,4000787030016,0,114.0,61858744.0,92.0,0.0,100.0,10.0,100.0,0.0,87.0,545947754.0,64.0,32283.0,100.0,0.0,100.0,10.0,100.0,0.0,100.0,0.0,100.0,0.0,100.0,0.0,100.0,0.0,74.0,26.0,100.0,0.0,100.0,0.0,98.0,4263.0,26.0,26.0,100.0,0.0,100.0,0.0,200.0,0.0,100.0,32259.0,100.0,45842472376.0,100.0,182811734803.0
2019-10-25,Z305EYP3,ST4000DM000,4000787030016,0,119.0,214198384.0,92.0,0.0,100.0,10.0,100.0,0.0,87.0,547433991.0,64.0,32307.0,100.0,0.0,100.0,10.0,100.0,0.0,100.0,0.0,100.0,0.0,100.0,0.0,100.0,0.0,74.0,26.0,100.0,0.0,100.0,0.0,98.0,4263.0,26.0,26.0,100.0,0.0,100.0,0.0,200.0,0.0,100.0,32283.0,100.0,45873236936.0,100.0,183156069559.0
2019-10-26,Z305EYP3,ST4000DM000,4000787030016,0,112.0,43918040.0,92.0,0.0,100.0,10.0,100.0,0.0,87.0,550044116.0,64.0,32331.0,100.0,0.0,100.0,10.0,100.0,0.0,100.0,0.0,100.0,0.0,100.0,0.0,100.0,0.0,74.0,26.0,100.0,0.0,100.0,0.0,98.0,4263.0,26.0,26.0,100.0,0.0,100.0,0.0,200.0,0.0,100.0,32307.0,100.0,45900778384.0,100.0,183470772325.0
2019-10-27,Z305EYP3,ST4000DM000,4000787030016,0,110.0,26943960.0,92.0,0.0,100.0,10.0,100.0,0.0,87.0,551737909.0,64.0,32355.0,100.0,0.0,100.0,10.0,100.0,0.0,100.0,0.0,100.0,0.0,100.0,0.0,100.0,0.0,75.0,25.0,100.0,0.0,100.0,0.0,98.0,4263.0,25.0,25.0,100.0,0.0,100.0,0.0,200.0,0.0,100.0,32331.0,100.0,45924933624.0,100.0,183793070957.0
2019-10-28,Z305EYP3,ST4000DM000,4000787030016,0,115.0,89101736.0,92.0,0.0,100.0,10.0,100.0,0.0,87.0,553676571.0,64.0,32379.0,100.0,0.0,100.0,10.0,100.0,0.0,100.0,0.0,100.0,0.0,100.0,0.0,100.0,0.0,75.0,25.0,100.0,0.0,100.0,0.0,98.0,4263.0,25.0,25.0,100.0,0.0,100.0,0.0,200.0,0.0,100.0,32355.0,100.0,45959307264.0,100.0,184029056877.0
2019-10-29,Z305EYP3,ST4000DM000,4000787030016,0,108.0,15365480.0,92.0,0.0,100.0,10.0,100.0,0.0,87.0,555659632.0,64.0,32403.0,100.0,0.0,100.0,10.0,100.0,0.0,100.0,0.0,100.0,0.0,100.0,0.0,100.0,0.0,75.0,25.0,100.0,0.0,100.0,0.0,98.0,4263.0,25.0,25.0,100.0,0.0,100.0,0.0,200.0,0.0,100.0,32379.0,100.0,45991871768.0,100.0,184350606698.0
2019-10-30,Z305EYP3,ST4000DM000,4000787030016,0,114.0,82855440.0,92.0,0.0,100.0,10.0,100.0,0.0,87.0,557393851.0,63.0,32427.0,100.0,0.0,100.0,10.0,100.0,0.0,100.0,0.0,100.0,0.0,100.0,0.0,100.0,0.0,74.0,26.0,100.0,0.0,100.0,0.0,98.0,4263.0,26.0,26.0,100.0,0.0,100.0,0.0,200.0,0.0,100.0,32403.0,100.0,46024621416.0,100.0,184659130705.0
2019-10-31,Z305EYP3,ST4000DM000,4000787030016,0,119.0,212993672.0,92.0,0.0,100.0,10.0,100.0,0.0,87.0,559098190.0,63.0,32450.0,100.0,0.0,100.0,10.0,100.0,0.0,100.0,0.0,100.0,0.0,100.0,0.0,100.0,0.0,74.0,26.0,100.0,0.0,100.0,0.0,98.0,4263.0,26.0,26.0,100.0,0.0,100.0,0.0,200.0,0.0,100.0,32426.0,100.0,46064374640.0,100.0,184981833147.0
2019-11-01,Z305EYP3,ST4000DM000,4000787030016,0,114.0,75082312.0,92.0,0.0,100.0,10.0,100.0,0.0,87.0,560121448.0,63.0,32474.0,100.0,0.0,100.0,10.0,100.0,0.0,100.0,0.0,100.0,0.0,100.0,0.0,100.0,0.0,73.0,27.0,100.0,0.0,100.0,0.0,98.0,4263.0,27.0,27.0,100.0,0.0,100.0,0.0,200.0,0.0,100.0,32450.0,100.0,46092698936.0,100.0,185236827911.0
2019-11-02,Z305EYP3,ST4000DM000,4000787030016,0,111.0,36857320.0,92.0,0.0,100.0,10.0,100.0,0.0,87.0,562659738.0,63.0,32498.0,100.0,0.0,100.0,10.0,100.0,0.0,100.0,0.0,100.0,0.0,100.0,0.0,100.0,0.0,73.0,27.0,100.0,0.0,100.0,0.0,98.0,4263.0,27.0,27.0,100.0,0.0,100.0,0.0,200.0,0.0,100.0,32474.0,100.0,46128961600.0,100.0,185556055485.0
2019-11-03,Z305EYP3,ST4000DM000,4000787030016,0,114.0,80655472.0,92.0,0.0,100.0,10.0,100.0,0.0,87.0,564750585.0,63.0,32522.0,100.0,0.0,100.0,10.0,100.0,0.0,100.0,0.0,100.0,0.0,100.0,0.0,100.0,0.0,73.0,27.0,100.0,0.0,100.0,0.0,98.0,4263.0,27.0,27.0,100.0,0.0,100.0,0.0,200.0,0.0,100.0,32498.0,100.0,46165406032.0,100.0,185772236978.0
2019-11-04,Z305EYP3,ST4000DM000,4000787030016,0,115.0,94187192.0,92.0,0.0,100.0,10.0,100.0,0.0,87.0,566988117.0,63.0,32546.0,100.0,0.0,100.0,10.0,100.0,0.0,100.0,0.0,100.0,0.0,100.0,0.0,100.0,0.0,73.0,27.0,100.0,0.0,100.0,0.0,98.0,4263.0,27.0,27.0,100.0,0.0,100.0,0.0,200.0,0.0,100.0,32522.0,100.0,46208896296.0,100.0,185983894283.0
2019-11-05,Z305EYP3,ST4000DM000,4000787030016,0,115.0,86546912.0,92.0,0.0,100.0,10.0,100.0,0.0,87.0,568280432.0,63.0,32570.0,100.0,0.0,100.0,10.0,100.0,0.0,100.0,0.0,100.0,0.0,100.0,0.0,100.0,0.0,73.0,27.0,100.0,0.0,100.0,0.0,98.0,4263.0,27.0,27.0,100.0,0.0,100.0,0.0,200.0,0.0,100.0,32546.0,100.0,46235423832.0,100.0,186246670549.0
2019-11-06,Z305EYP3,ST4000DM000,4000787030016,0,107.0,13861616.0,92.0,0.0,100.0,10.0,100.0,0.0,87.0,569335058.0,63.0,32594.0,100.0,0.0,100.0,10.0,100.0,0.0,100.0,0.0,100.0,0.0,100.0,0.0,100.0,0.0,74.0,26.0,100.0,0.0,100.0,0.0,98.0,4263.0,26.0,26.0,100.0,0.0,100.0,0.0,200.0,0.0,100.0,32570.0,100.0,46270659984.0,100.0,186523702779.0
2019-11-07,Z305EYP3,ST4000DM000,4000787030016,0,117.0,120788216.0,92.0,0.0,100.0,10.0,100.0,0.0,87.0,570179667.0,63.0,32618.0,100.0,0.0,100.0,10.0,100.0,0.0,100.0,0.0,100.0,0.0,100.0,0.0,100.0,0.0,74.0,26.0,100.0,0.0,100.0,0.0,98.0,4263.0,26.0,26.0,100.0,0.0,100.0,0.0,200.0,0.0,100.0,32594.0,100.0,46308677536.0,100.0,186837244229.0
2019-11-08,Z305EYP3,ST4000DM000,4000787030016,0,112.0,44292448.0,92.0,0.0,100.0,10.0,100.0,0.0,87.0,571149680.0,63.0,32642.0,100.0,0.0,100.0,10.0,100.0,0.0,100.0,0.0,100.0,0.0,100.0,0.0,100.0,0.0,75.0,25.0,100.0,0.0,100.0,0.0,98.0,4263.0,25.0,25.0,100.0,0.0,100.0,0.0,200.0,0.0,100.0,32618.0,100.0,46346389408.0,100.0,187182345878.0
2019-11-09,Z305EYP3,ST4000DM000,4000787030016,0,118.0,167783536.0,92.0,0.0,100.0,10.0,100.0,0.0,87.0,573124670.0,63.0,32665.0,100.0,0.0,100.0,10.0,100.0,0.0,100.0,0.0,100.0,0.0,100.0,0.0,100.0,0.0,75.0,25.0,100.0,0.0,100.0,0.0,98.0,4263.0,25.0,25.0,100.0,0.0,100.0,0.0,200.0,0.0,100.0,32642.0,100.0,46391021248.0,100.0,187554341305.0
2019-11-10,Z305EYP3,ST4000DM000,4000787030016,0,117.0,165722304.0,92.0,0.0,100.0,10.0,100.0,0.0,87.0,575221558.0,63.0,32689.0,100.0,0.0,100.0,10.0,100.0,0.0,100.0,0.0,100.0,0.0,100.0,0.0,100.0,0.0,75.0,25.0,100.0,0.0,100.0,0.0,98.0,4263.0,25.0,25.0,100.0,0.0,100.0,0.0,200.0,0.0,100.0,32666.0,100.0,46411784288.0,100.0,187864947784.0
2019-11-11,Z305EYP3,ST4000DM000,4000787030016,0,119.0,2169824.0,92.0,0.0,100.0,10.0,100.0,0.0,87.0,577130099.0,63.0,32713.0,100.0,0.0,100.0,10.0,100.0,0.0,100.0,0.0,100.0,0.0,100.0,0.0,100.0,0.0,74.0,26.0,100.0,0.0,100.0,0.0,98.0,4263.0,26.0,26.0,100.0,0.0,100.0,0.0,200.0,0.0,100.0,32689.0,100.0,46453089072.0,100.0,188114716343.0
2019-11-12,Z305EYP3,ST4000DM000,4000787030016,0,117.0,124328744.0,92.0,0.0,100.0,10.0,100.0,0.0,87.0,578774737.0,63.0,32737.0,100.0,0.0,100.0,10.0,100.0,0.0,100.0,0.0,100.0,0.0,100.0,0.0,100.0,0.0,74.0,26.0,100.0,0.0,100.0,0.0,98.0,4263.0,26.0,26.0,100.0,0.0,100.0,0.0,200.0,0.0,100.0,32713.0,100.0,46491049664.0,100.0,188417317044.0
2019-11-13,Z305EYP3,ST4000DM000,4000787030016,0,118.0,170074384.0,92.0,0.0,100.0,10.0,100.0,0.0,87.0,580800214.0,63.0,32761.0,100.0,0.0,100.0,10.0,100.0,0.0,100.0,0.0,100.0,0.0,100.0,0.0,100.0,0.0,73.0,27.0,100.0,0.0,100.0,0.0,98.0,4263.0,27.0,27.0,100.0,0.0,100.0,0.0,200.0,0.0,100.0,32737.0,100.0,46535737152.0,100.0,188743227551.0
2019-11-14,Z305EYP3,ST4000DM000,4000787030016,0,113.0,54766176.0,92.0,0.0,100.0,10.0,100.0,0.0,87.0,581861626.0,63.0,32785.0,100.0,0.0,100.0,10.0,100.0,0.0,100.0,0.0,100.0,0.0,100.0,0.0,100.0,0.0,73.0,27.0,100.0,0.0,100.0,0.0,98.0,4263.0,27.0,27.0,100.0,0.0,100.0,0.0,200.0,0.0,100.0,32761.0,100.0,46580468680.0,100.0,189056437849.0
2019-11-15,Z305EYP3,ST4000DM000,4000787030016,0,116.0,115748456.0,92.0,0.0,100.0,10.0,100.0,0.0,87.0,583523628.0,63.0,32809.0,100.0,0.0,100.0,10.0,100.0,0.0,100.0,0.0,100.0,0.0,100.0,0.0,100.0,0.0,75.0,25.0,100.0,0.0,100.0,0.0,98.0,4263.0,25.0,25.0,100.0,0.0,100.0,0.0,200.0,0.0,100.0,32785.0,100.0,46615016408.0,100.0,189360488374.0
2019-11-16,Z305EYP3,ST4000DM000,4000787030016,0,115.0,86281328.0,92.0,0.0,100.0,10.0,100.0,0.0,87.0,585971905.0,63.0,32833.0,100.0,0.0,100.0,10.0,100.0,0.0,100.0,0.0,100.0,0.0,100.0,0.0,100.0,0.0,74.0,26.0,100.0,0.0,100.0,0.0,98.0,4263.0,26.0,26.0,100.0,0.0,100.0,0.0,200.0,0.0,100.0,32809.0,100.0,46662692696.0,100.0,189705455352.0
2019-11-17,Z305EYP3,ST4000DM000,4000787030016,0,120.0,238906392.0,92.0,0.0,100.0,10.0,100.0,0.0,87.0,588465721.0,63.0,32857.0,100.0,0.0,100.0,10.0,100.0,0.0,100.0,0.0,100.0,0.0,100.0,0.0,100.0,0.0,71.0,29.0,100.0,0.0,100.0,0.0,98.0,4263.0,29.0,29.0,100.0,0.0,100.0,0.0,200.0,0.0,100.0,32833.0,100.0,46687920840.0,100.0,189938082370.0
2019-11-18,Z305EYP3,ST4000DM000,4000787030016,0,115.0,92369208.0,92.0,0.0,100.0,10.0,100.0,0.0,87.0,590472542.0,63.0,32881.0,100.0,0.0,100.0,10.0,100.0,0.0,100.0,0.0,100.0,0.0,100.0,0.0,100.0,0.0,74.0,26.0,100.0,0.0,100.0,0.0,98.0,4263.0,26.0,26.0,100.0,0.0,100.0,0.0,200.0,0.0,100.0,32857.0,100.0,46720449600.0,100.0,190131126713.0
2019-11-19,Z305EYP3,ST4000DM000,4000787030016,0,119.0,215866768.0,92.0,0.0,100.0,10.0,100.0,0.0,87.0,592145902.0,63.0,32905.0,100.0,0.0,100.0,10.0,100.0,0.0,100.0,0.0,100.0,0.0,100.0,0.0,100.0,0.0,75.0,25.0,100.0,0.0,100.0,0.0,98.0,4263.0,25.0,25.0,100.0,0.0,100.0,0.0,200.0,0.0,100.0,32881.0,100.0,46751300024.0,100.0,190436123993.0
2019-11-20,Z305EYP3,ST4000DM000,4000787030016,0,119.0,204382496.0,92.0,0.0,100.0,10.0,100.0,0.0,87.0,593338608.0,63.0,32929.0,100.0,0.0,100.0,10.0,100.0,0.0,100.0,0.0,100.0,0.0,100.0,0.0,100.0,0.0,74.0,26.0,100.0,0.0,100.0,0.0,98.0,4263.0,26.0,26.0,100.0,0.0,100.0,0.0,200.0,0.0,100.0,32905.0,100.0,46781592720.0,100.0,190695930645.0
2019-11-21,Z305EYP3,ST4000DM000,4000787030016,0,119.0,229892224.0,92.0,0.0,100.0,10.0,100.0,0.0,87.0,594225390.0,63.0,32953.0,100.0,0.0,100.0,10.0,100.0,0.0,100.0,0.0,100.0,0.0,100.0,0.0,100.0,0.0,73.0,27.0,100.0,0.0,100.0,0.0,98.0,4263.0,27.0,27.0,100.0,0.0,100.0,0.0,200.0,0.0,100.0,32929.0,100.0,46825431248.0,100.0,190958358505.0
2019-11-22,Z305EYP3,ST4000DM000,4000787030016,0,119.0,217485712.0,92.0,0.0,100.0,10.0,100.0,0.0,87.0,595231524.0,63.0,32977.0,100.0,0.0,100.0,10.0,100.0,0.0,100.0,0.0,100.0,0.0,100.0,0.0,100.0,0.0,73.0,27.0,100.0,0.0,100.0,0.0,98.0,4263.0,27.0,27.0,100.0,0.0,100.0,0.0,200.0,0.0,100.0,32953.0,100.0,46863553488.0,100.0,191285641115.0
2019-11-23,Z305EYP3,ST4000DM000,4000787030016,0,113.0,53173856.0,92.0,0.0,100.0,10.0,100.0,0.0,87.0,596759457.0,63.0,33001.0,100.0,0.0,100.0,10.0,100.0,0.0,100.0,0.0,100.0,0.0,100.0,0.0,100.0,0.0,74.0,26.0,100.0,0.0,100.0,0.0,98.0,4263.0,26.0,26.0,100.0,0.0,100.0,0.0,200.0,0.0,100.0,32977.0,100.0,46908653344.0,100.0,191649780740.0
2019-11-24,Z305EYP3,ST4000DM000,4000787030016,0,118.0,194654512.0,92.0,0.0,100.0,10.0,100.0,0.0,87.0,598337628.0,63.0,33025.0,100.0,0.0,100.0,10.0,100.0,0.0,100.0,0.0,100.0,0.0,100.0,0.0,100.0,0.0,79.0,21.0,100.0,0.0,100.0,0.0,98.0,4263.0,21.0,21.0,100.0,0.0,100.0,0.0,200.0,0.0,100.0,33001.0,100.0,46943284944.0,100.0,191983843223.0
2019-11-25,Z305EYP3,ST4000DM000,4000787030016,0,112.0,45963000.0,92.0,0.0,100.0,10.0,100.0,0.0,87.0,600586081.0,63.0,33049.0,100.0,0.0,100.0,10.0,100.0,0.0,100.0,0.0,100.0,0.0,100.0,0.0,100.0,0.0,74.0,26.0,100.0,0.0,100.0,0.0,98.0,4263.0,26.0,26.0,100.0,0.0,100.0,0.0,200.0,0.0,100.0,33025.0,100.0,46979642920.0,100.0,192233582061.0
2019-11-26,Z305EYP3,ST4000DM000,4000787030016,0,120.0,243688872.0,92.0,0.0,100.0,10.0,100.0,0.0,87.0,602418324.0,63.0,33073.0,100.0,0.0,100.0,10.0,100.0,0.0,100.0,0.0,100.0,0.0,100.0,0.0,100.0,0.0,74.0,26.0,100.0,0.0,100.0,0.0,98.0,4263.0,26.0,26.0,100.0,0.0,100.0,0.0,200.0,0.0,100.0,33049.0,100.0,47023289824.0,100.0,192567676383.0
2019-11-27,Z305EYP3,ST4000DM000,4000787030016,0,119.0,214678056.0,92.0,0.0,100.0,10.0,100.0,0.0,87.0,604479564.0,63.0,33097.0,100.0,0.0,100.0,10.0,100.0,0.0,100.0,0.0,100.0,0.0,100.0,0.0,100.0,0.0,74.0,26.0,100.0,0.0,100.0,0.0,98.0,4263.0,26.0,26.0,100.0,0.0,100.0,0.0,200.0,0.0,100.0,33073.0,100.0,47073046432.0,100.0,192887057409.0
2019-11-28,Z305EYP3,ST4000DM000,4000787030016,0,119.0,223370128.0,92.0,0.0,100.0,10.0,100.0,0.0,87.0,605607391.0,63.0,33121.0,100.0,0.0,100.0,10.0,100.0,0.0,100.0,0.0,100.0,0.0,100.0,0.0,100.0,0.0,74.0,26.0,100.0,0.0,100.0,0.0,98.0,4263.0,26.0,26.0,100.0,0.0,100.0,0.0,200.0,0.0,100.0,33097.0,100.0,47111287224.0,100.0,193191769197.0
2019-11-29,Z305EYP3,ST4000DM000,4000787030016,0,119.0,234316848.0,92.0,0.0,100.0,10.0,100.0,0.0,87.0,607100681.0,63.0,33145.0,100.0,0.0,100.0,10.0,100.0,0.0,100.0,0.0,100.0,0.0,100.0,0.0,100.0,0.0,74.0,26.0,100.0,0.0,100.0,0.0,98.0,4263.0,26.0,26.0,100.0,0.0,100.0,0.0,200.0,0.0,100.0,33121.0,100.0,47133638320.0,100.0,193508210750.0
2019-11-30,Z305EYP3,ST4000DM000,4000787030016,0,109.0,22978728.0,92.0,0.0,100.0,10.0,100.0,0.0,87.0,609308761.0,63.0,33169.0,100.0,0.0,100.0,10.0,100.0,0.0,100.0,0.0,100.0,0.0,100.0,0.0,100.0,0.0,74.0,26.0,100.0,0.0,100.0,0.0,98.0,4263.0,26.0,26.0,100.0,0.0,100.0,0.0,200.0,0.0,100.0,33145.0,100.0,47152649168.0,100.0,193835936119.0
2019-12-01,Z305EYP3,ST4000DM000,4000787030016,0,116.0,114840720.0,92.0,0.0,100.0,10.0,100.0,0.0,87.0,611091832.0,63.0,33193.0,100.0,0.0,100.0,10.0,100.0,0.0,100.0,0.0,100.0,0.0,100.0,0.0,100.0,0.0,74.0,26.0,100.0,0.0,100.0,0.0,98.0,4263.0,26.0,26.0,100.0,0.0,100.0,0.0,200.0,0.0,100.0,33169.0,100.0,47178367648.0,100.0,194150354867.0
2019-12-02,Z305EYP3,ST4000DM000,4000787030016,0,114.0,66484792.0,92.0,0.0,100.0,10.0,100.0,0.0,87.0,613142358.0,63.0,33217.0,100.0,0.0,100.0,10.0,100.0,0.0,100.0,0.0,100.0,0.0,100.0,0.0,100.0,0.0,74.0,26.0,100.0,0.0,100.0,0.0,98.0,4263.0,26.0,26.0,100.0,0.0,100.0,0.0,200.0,0.0,100.0,33193.0,100.0,47206273920.0,100.0,194361345439.0
2019-12-03,Z305EYP3,ST4000DM000,4000787030016,0,115.0,98432232.0,92.0,0.0,100.0,10.0,100.0,0.0,87.0,615679327.0,63.0,33241.0,100.0,0.0,100.0,10.0,100.0,0.0,100.0,0.0,100.0,0.0,100.0,0.0,100.0,0.0,74.0,26.0,100.0,0.0,100.0,0.0,98.0,4263.0,26.0,26.0,100.0,0.0,100.0,0.0,200.0,0.0,100.0,33217.0,100.0,47232579520.0,100.0,194638427669.0
2019-12-04,Z305EYP3,ST4000DM000,4000787030016,0,115.0,96115976.0,92.0,0.0,100.0,10.0,100.0,0.0,87.0,617081359.0,63.0,33265.0,100.0,0.0,100.0,10.0,100.0,0.0,100.0,0.0,100.0,0.0,100.0,0.0,100.0,0.0,74.0,26.0,100.0,0.0,100.0,0.0,98.0,4263.0,26.0,26.0,100.0,0.0,100.0,0.0,200.0,0.0,100.0,33241.0,100.0,47255578136.0,100.0,194901223162.0
2019-12-05,Z305EYP3,ST4000DM000,4000787030016,0,113.0,55922448.0,92.0,0.0,100.0,10.0,100.0,0.0,87.0,618108660.0,62.0,33289.0,100.0,0.0,100.0,10.0,100.0,0.0,100.0,0.0,100.0,0.0,100.0,0.0,100.0,0.0,74.0,26.0,100.0,0.0,100.0,0.0,98.0,4263.0,26.0,26.0,100.0,0.0,100.0,0.0,200.0,0.0,100.0,33265.0,100.0,47277753816.0,100.0,195211769528.0
2019-12-06,Z305EYP3,ST4000DM000,4000787030016,0,119.0,220084264.0,92.0,0.0,100.0,10.0,100.0,0.0,87.0,619034703.0,62.0,33313.0,100.0,0.0,100.0,10.0,100.0,0.0,100.0,0.0,100.0,0.0,100.0,0.0,100.0,0.0,74.0,26.0,100.0,0.0,100.0,0.0,98.0,4263.0,26.0,26.0,100.0,0.0,100.0,0.0,200.0,0.0,100.0,33289.0,100.0,47301674952.0,100.0,195521724538.0
2019-12-07,Z305EYP3,ST4000DM000,4000787030016,0,117.0,137636560.0,92.0,0.0,100.0,10.0,100.0,0.0,87.0,620463338.0,62.0,33337.0,100.0,0.0,100.0,10.0,100.0,0.0,100.0,0.0,100.0,0.0,100.0,0.0,100.0,0.0,74.0,26.0,100.0,0.0,100.0,0.0,98.0,4263.0,26.0,26.0,100.0,0.0,100.0,0.0,200.0,0.0,100.0,33313.0,100.0,47322974008.0,100.0,195884856838.0
2019-12-08,Z305EYP3,ST4000DM000,4000787030016,0,120.0,1030152.0,92.0,0.0,100.0,10.0,100.0,0.0,87.0,621949773.0,62.0,33361.0,100.0,0.0,100.0,10.0,100.0,0.0,100.0,0.0,100.0,0.0,100.0,0.0,100.0,0.0,74.0,26.0,100.0,0.0,100.0,0.0,98.0,4263.0,26.0,26.0,100.0,0.0,100.0,0.0,200.0,0.0,100.0,33337.0,100.0,47347407368.0,100.0,196217177155.0
2019-12-09,Z305EYP3,ST4000DM000,4000787030016,0,117.0,118384880.0,92.0,0.0,100.0,10.0,100.0,0.0,87.0,624129872.0,62.0,33385.0,100.0,0.0,100.0,10.0,100.0,0.0,100.0,0.0,100.0,0.0,100.0,0.0,100.0,0.0,74.0,26.0,100.0,0.0,100.0,0.0,98.0,4263.0,26.0,26.0,100.0,0.0,100.0,0.0,200.0,0.0,100.0,33361.0,100.0,47373666304.0,100.0,196463400827.0
2019-12-10,Z305EYP3,ST4000DM000,4000787030016,0,112.0,46109320.0,92.0,0.0,100.0,10.0,100.0,0.0,87.0,625881966.0,62.0,33409.0,100.0,0.0,100.0,10.0,100.0,0.0,100.0,0.0,100.0,0.0,100.0,0.0,100.0,0.0,74.0,26.0,100.0,0.0,100.0,0.0,98.0,4263.0,26.0,26.0,100.0,0.0,100.0,0.0,200.0,0.0,100.0,33385.0,100.0,47397802664.0,100.0,196795165937.0
2019-12-11,Z305EYP3,ST4000DM000,4000787030016,0,114.0,76142008.0,92.0,0.0,100.0,10.0,100.0,0.0,87.0,627874389.0,62.0,33433.0,100.0,0.0,100.0,10.0,100.0,0.0,100.0,0.0,100.0,0.0,100.0,0.0,100.0,0.0,74.0,26.0,100.0,0.0,100.0,0.0,98.0,4263.0,26.0,26.0,100.0,0.0,100.0,0.0,200.0,0.0,100.0,33409.0,100.0,47420846896.0,100.0,197111222838.0
2019-12-12,Z305EYP3,ST4000DM000,4000787030016,0,119.0,210623296.0,92.0,0.0,100.0,10.0,100.0,0.0,87.0,629113752.0,62.0,33457.0,100.0,0.0,100.0,10.0,100.0,0.0,100.0,0.0,100.0,0.0,100.0,0.0,100.0,0.0,74.0,26.0,100.0,0.0,100.0,0.0,98.0,4263.0,26.0,26.0,100.0,0.0,100.0,0.0,200.0,0.0,100.0,33433.0,100.0,47448018024.0,100.0,197421983298.0
2019-12-13,Z305EYP3,ST4000DM000,4000787030016,0,117.0,138444112.0,92.0,0.0,100.0,10.0,100.0,0.0,87.0,630804356.0,62.0,33481.0,100.0,0.0,100.0,10.0,100.0,0.0,100.0,0.0,100.0,0.0,100.0,0.0,100.0,0.0,74.0,26.0,100.0,0.0,100.0,0.0,98.0,4263.0,26.0,26.0,100.0,0.0,100.0,0.0,200.0,0.0,100.0,33457.0,100.0,47472566712.0,100.0,197728358744.0
2019-12-14,Z305EYP3,ST4000DM000,4000787030016,0,117.0,134523760.0,92.0,0.0,100.0,10.0,100.0,0.0,87.0,633094615.0,62.0,33505.0,100.0,0.0,100.0,10.0,100.0,0.0,100.0,0.0,100.0,0.0,100.0,0.0,100.0,0.0,74.0,26.0,100.0,0.0,100.0,0.0,98.0,4263.0,26.0,26.0,100.0,0.0,100.0,0.0,200.0,0.0,100.0,33481.0,100.0,47498113704.0,100.0,198067183933.0
2019-12-15,Z305EYP3,ST4000DM000,4000787030016,0,119.0,228596000.0,92.0,0.0,100.0,10.0,100.0,0.0,87.0,634978656.0,62.0,33529.0,100.0,0.0,100.0,10.0,100.0,0.0,100.0,0.0,100.0,0.0,100.0,0.0,100.0,0.0,74.0,26.0,100.0,0.0,100.0,0.0,98.0,4263.0,26.0,26.0,100.0,0.0,100.0,0.0,200.0,0.0,100.0,33505.0,100.0,47523258712.0,100.0,198354082230.0
2019-12-16,Z305EYP3,ST4000DM000,4000787030016,0,108.0,17584864.0,92.0,0.0,100.0,10.0,100.0,0.0,87.0,636799465.0,62.0,33553.0,100.0,0.0,100.0,10.0,100.0,0.0,100.0,0.0,100.0,0.0,100.0,0.0,100.0,0.0,74.0,26.0,100.0,0.0,100.0,0.0,98.0,4263.0,26.0,26.0,100.0,0.0,100.0,0.0,200.0,0.0,100.0,33529.0,100.0,47545622688.0,100.0,198535882927.0
2019-12-17,Z305EYP3,ST4000DM000,4000787030016,0,112.0,47883440.0,92.0,0.0,100.0,10.0,100.0,0.0,87.0,639321768.0,62.0,33577.0,100.0,0.0,100.0,10.0,100.0,0.0,100.0,0.0,100.0,0.0,100.0,0.0,100.0,0.0,74.0,26.0,100.0,0.0,100.0,0.0,98.0,4263.0,26.0,26.0,100.0,0.0,100.0,0.0,200.0,0.0,100.0,33553.0,100.0,47570536320.0,100.0,198835275598.0
2019-12-18,Z305EYP3,ST4000DM000,4000787030016,0,115.0,93670256.0,92.0,0.0,100.0,10.0,100.0,0.0,87.0,640583388.0,62.0,33601.0,100.0,0.0,100.0,10.0,100.0,0.0,100.0,0.0,100.0,0.0,100.0,0.0,100.0,0.0,74.0,26.0,100.0,0.0,100.0,0.0,98.0,4263.0,26.0,26.0,100.0,0.0,100.0,0.0,200.0,0.0,100.0,33577.0,100.0,47601968696.0,100.0,199102572814.0
2019-12-19,Z305EYP3,ST4000DM000,4000787030016,0,116.0,106686216.0,92.0,0.0,100.0,10.0,100.0,0.0,87.0,641453833.0,62.0,33624.0,100.0,0.0,100.0,10.0,100.0,0.0,100.0,0.0,100.0,0.0,100.0,0.0,100.0,0.0,74.0,26.0,100.0,0.0,100.0,0.0,98.0,4263.0,26.0,26.0,100.0,0.0,100.0,0.0,200.0,0.0,100.0,33600.0,100.0,47641321144.0,100.0,199365898899.0
2019-12-20,Z305EYP3,ST4000DM000,4000787030016,0,119.0,221918656.0,92.0,0.0,100.0,10.0,100.0,0.0,87.0,642420689.0,62.0,33648.0,100.0,0.0,100.0,10.0,100.0,0.0,100.0,0.0,100.0,0.0,100.0,0.0,100.0,0.0,74.0,26.0,100.0,0.0,100.0,0.0,98.0,4263.0,26.0,26.0,100.0,0.0,100.0,0.0,200.0,0.0,100.0,33624.0,100.0,47667883280.0,100.0,199709297677.0
2019-12-21,Z305EYP3,ST4000DM000,4000787030016,0,117.0,137010800.0,92.0,0.0,100.0,10.0,100.0,0.0,87.0,643980015.0,62.0,33672.0,100.0,0.0,100.0,10.0,100.0,0.0,100.0,0.0,100.0,0.0,100.0,0.0,100.0,0.0,74.0,26.0,100.0,0.0,100.0,0.0,98.0,4263.0,26.0,26.0,100.0,0.0,100.0,0.0,200.0,0.0,100.0,33648.0,100.0,47689619328.0,100.0,200072771434.0
2019-12-22,Z305EYP3,ST4000DM000,4000787030016,0,117.0,126691416.0,92.0,0.0,100.0,10.0,100.0,0.0,87.0,645561417.0,62.0,33696.0,100.0,0.0,100.0,10.0,100.0,0.0,100.0,0.0,100.0,0.0,100.0,0.0,100.0,0.0,74.0,26.0,100.0,0.0,100.0,0.0,98.0,4263.0,26.0,26.0,100.0,0.0,100.0,0.0,200.0,0.0,100.0,33672.0,100.0,47714326760.0,100.0,200395569887.0
2019-12-23,Z305EYP3,ST4000DM000,4000787030016,0,120.0,236015184.0,92.0,0.0,100.0,10.0,100.0,0.0,87.0,647957500.0,62.0,33720.0,100.0,0.0,100.0,10.0,100.0,0.0,100.0,0.0,100.0,0.0,100.0,0.0,100.0,0.0,74.0,26.0,100.0,0.0,100.0,0.0,98.0,4263.0,26.0,26.0,100.0,0.0,100.0,0.0,200.0,0.0,100.0,33696.0,100.0,47741419784.0,100.0,200671890622.0
2019-12-24,Z305EYP3,ST4000DM000,4000787030016,0,106.0,11946520.0,92.0,0.0,100.0,10.0,100.0,0.0,87.0,649560290.0,62.0,33744.0,100.0,0.0,100.0,10.0,100.0,0.0,100.0,0.0,100.0,0.0,100.0,0.0,100.0,0.0,74.0,26.0,100.0,0.0,100.0,0.0,98.0,4263.0,26.0,26.0,100.0,0.0,100.0,0.0,200.0,0.0,100.0,33720.0,100.0,47760383696.0,100.0,200992681157.0
2019-12-25,Z305EYP3,ST4000DM000,4000787030016,0,117.0,150631904.0,92.0,0.0,100.0,10.0,100.0,0.0,87.0,651543803.0,62.0,33768.0,100.0,0.0,100.0,10.0,100.0,0.0,100.0,0.0,100.0,0.0,100.0,0.0,100.0,0.0,74.0,26.0,100.0,0.0,100.0,0.0,98.0,4263.0,26.0,26.0,100.0,0.0,100.0,0.0,200.0,0.0,100.0,33744.0,100.0,47776661928.0,100.0,201311496890.0
2019-12-26,Z305EYP3,ST4000DM000,4000787030016,0,116.0,106715168.0,92.0,0.0,100.0,10.0,100.0,0.0,87.0,653023949.0,62.0,33792.0,100.0,0.0,100.0,10.0,100.0,0.0,100.0,0.0,100.0,0.0,100.0,0.0,100.0,0.0,74.0,26.0,100.0,0.0,100.0,0.0,98.0,4263.0,26.0,26.0,100.0,0.0,100.0,0.0,200.0,0.0,100.0,33768.0,100.0,47788845408.0,100.0,201624960883.0
2019-12-27,Z305EYP3,ST4000DM000,4000787030016,0,113.0,56197336.0,92.0,0.0,100.0,10.0,100.0,0.0,87.0,654695780.0,62.0,33816.0,100.0,0.0,100.0,10.0,100.0,0.0,100.0,0.0,100.0,0.0,100.0,0.0,100.0,0.0,74.0,26.0,100.0,0.0,100.0,0.0,98.0,4263.0,26.0,26.0,100.0,0.0,100.0,0.0,200.0,0.0,100.0,33792.0,100.0,47799772224.0,100.0,201949543126.0
2019-12-28,Z305EYP3,ST4000DM000,4000787030016,0,117.0,166662720.0,92.0,0.0,100.0,10.0,100.0,0.0,87.0,657023888.0,62.0,33840.0,100.0,0.0,100.0,10.0,100.0,0.0,100.0,0.0,100.0,0.0,100.0,0.0,100.0,0.0,74.0,26.0,100.0,0.0,100.0,0.0,98.0,4263.0,26.0,26.0,100.0,0.0,100.0,0.0,200.0,0.0,100.0,33816.0,100.0,47812442832.0,100.0,202262337054.0
2019-12-29,Z305EYP3,ST4000DM000,4000787030016,0,117.0,148888760.0,92.0,0.0,100.0,10.0,100.0,0.0,87.0,658806969.0,62.0,33864.0,100.0,0.0,100.0,10.0,100.0,0.0,100.0,0.0,100.0,0.0,100.0,0.0,100.0,0.0,74.0,26.0,100.0,0.0,100.0,0.0,98.0,4263.0,26.0,26.0,100.0,0.0,100.0,0.0,200.0,0.0,100.0,33840.0,100.0,47826415944.0,100.0,202495432697.0
2019-12-30,Z305EYP3,ST4000DM000,4000787030016,0,116.0,116337176.0,92.0,0.0,100.0,10.0,100.0,0.0,87.0,660717514.0,62.0,33888.0,100.0,0.0,100.0,10.0,100.0,0.0,100.0,0.0,100.0,0.0,100.0,0.0,100.0,0.0,74.0,26.0,100.0,0.0,100.0,0.0,98.0,4263.0,26.0,26.0,100.0,0.0,100.0,0.0,200.0,0.0,100.0,33864.0,100.0,47848092768.0,100.0,202749088970.0
2019-12-31,Z305EYP3,ST4000DM000,4000787030016,0,116.0,106013888.0,92.0,0.0,100.0,10.0,100.0,0.0,87.0,661939877.0,62.0,33912.0,100.0,0.0,100.0,10.0,100.0,0.0,100.0,0.0,100.0,0.0,100.0,0.0,100.0,0.0,74.0,26.0,100.0,0.0,100.0,0.0,98.0,4263.0,26.0,26.0,100.0,0.0,100.0,0.0,200.0,0.0,100.0,33888.0,100.0,47858844104.0,100.0,203020532041.0
