2019-01-01,Z305KBFK,ST4000DM000,4000787030016,0,118,184182584,98.0,0.0,100.0,2.0,100.0,0.0,79.0,96088485.0,72,24537,100.0,0.0,100,2,100.0,0.0,100.0,0.0,100.0,0.0,100.0,0.0,100.0,0.0,76.0,24.0,100.0,0.0,100.0,1.0,98.0,5135.0,24,24,100.0,0.0,100.0,0.0,200.0,0.0,100.0,24484.0,100.0,39020422536.0,100.0,113990357344.0
2019-01-02,Z305KBFK,ST4000DM000,4000787030016,0,119,202572776,98.0,0.0,100.0,2.0,100.0,0.0,79.0,96712242.0,72,24561,100.0,0.0,100,2,100.0,0.0,100.0,0.0,100.0,0.0,100.0,0.0,100.0,0.0,76.0,24.0,100.0,0.0,100.0,1.0,98.0,5135.0,24,24,100.0,0.0,100.0,0.0,200.0,0.0,100.0,24507.0,100.0,39037021232.0,100.0,114159973086.0
2019-01-03,Z305KBFK,ST4000DM000,4000787030016,0,117.0,140132704.0,98.0,0.0,100.0,2.0,100.0,0.0,79.0,97322757.0,72.0,24585.0,100.0,0.0,100.0,2.0,100.0,0.0,100.0,0.0,100.0,0.0,100.0,0.0,100.0,0.0,76.0,24.0,100.0,0.0,100.0,1.0,98.0,5135.0,24.0,24.0,100.0,0.0,100.0,0.0,200.0,0.0,100.0,24532.0,100.0,39053365808.0,100.0,114332766953.0
2019-01-04,Z305KBFK,ST4000DM000,4000787030016,0,115,88823944,98.0,0.0,100.0,2.0,100.0,0.0,79.0,98981558.0,72,24609,100.0,0.0,100,2,100.0,0.0,100.0,0.0,100.0,0.0,100.0,0.0,100.0,0.0,76.0,24.0,100.0,0.0,100.0,1.0,98.0,5135.0,24,24,100.0,0.0,100.0,0.0,200.0,0.0,100.0,24556.0,100.0,39074952840.0,100.0,114529787106.0
2019-01-05,Z305KBFK,ST4000DM000,4000787030016,0,117,135455288,98.0,0.0,100.0,2.0,100.0,0.0,79.0,99857565.0,72,24633,100.0,0.0,100,2,100.0,0.0,100.0,0.0,100.0,0.0,100.0,0.0,100.0,0.0,76.0,24.0,100.0,0.0,100.0,1.0,98.0,5135.0,24,24,100.0,0.0,100.0,0.0,200.0,0.0,100.0,24580.0,100.0,39095569288.0,100.0,114675848169.0
2019-01-06,Z305KBFK,ST4000DM000,4000787030016,0,118,193575256,98.0,0.0,100.0,2.0,100.0,0.0,80.0,100961740.0,72,24657,100.0,0.0,100,2,100.0,0.0,100.0,0.0,100.0,0.0,100.0,0.0,100.0,0.0,77.0,23.0,100.0,0.0,100.0,1.0,98.0,5135.0,23,23,100.0,0.0,100.0,0.0,200.0,0.0,100.0,24603.0,100.0,39114820080.0,100.0,114866995261.0
2019-01-07,Z305KBFK,ST4000DM000,4000787030016,0,114,78746256,98.0,0.0,100.0,2.0,100.0,0.0,80.0,102827920.0,72,24681,100.0,0.0,100,2,100.0,0.0,100.0,0.0,100.0,0.0,100.0,0.0,100.0,0.0,74.0,26.0,100.0,0.0,100.0,1.0,98.0,5135.0,26,26,100.0,0.0,100.0,0.0,200.0,0.0,100.0,24628.0,100.0,39135025048.0,100.0,115019114570.0
2019-01-08,Z305KBFK,ST4000DM000,4000787030016,0,120,238408256,98.0,0.0,100.0,2.0,100.0,0.0,80.0,104141597.0,72,24704,100.0,0.0,100,2,100.0,0.0,100.0,0.0,100.0,0.0,100.0,0.0,100.0,0.0,74.0,26.0,100.0,0.0,100.0,1.0,98.0,5135.0,26,26,100.0,0.0,100.0,0.0,200.0,0.0,100.0,24651.0,100.0,39154333520.0,100.0,115188850690.0
2019-01-09,Z305KBFK,ST4000DM000,4000787030016,0,107,13905176,98.0,0.0,100.0,2.0,100.0,0.0,80.0,106387155.0,72,24729,100.0,0.0,100,2,100.0,0.0,100.0,0.0,100.0,0.0,100.0,0.0,100.0,0.0,74.0,26.0,100.0,0.0,100.0,1.0,98.0,5135.0,26,26,100.0,0.0,100.0,0.0,200.0,0.0,100.0,24676.0,100.0,39173545208.0,100.0,115374699060.0
2019-01-10,Z305KBFK,ST4000DM000,4000787030016,0,115,100493288,98.0,0.0,100.0,2.0,100.0,0.0,80.0,107640441.0,72,24746,100.0,0.0,100,2,100.0,0.0,100.0,0.0,100.0,0.0,100.0,0.0,100.0,0.0,74.0,26.0,100.0,0.0,100.0,1.0,98.0,5135.0,26,26,100.0,0.0,100.0,0.0,200.0,0.0,100.0,24693.0,100.0,39192892856.0,100.0,115474654791.0
2019-01-11,Z305KBFK,ST4000DM000,4000787030016,0,119.0,223633480.0,98.0,0.0,100.0,2.0,100.0,0.0,80.0,108480534.0,72.0,24767.0,100.0,0.0,100.0,2.0,100.0,0.0,100.0,0.0,100.0,0.0,100.0,0.0,100.0,0.0,77.0,23.0,100.0,0.0,100.0,1.0,98.0,5136.0,23.0,23.0,100.0,0.0,100.0,0.0,200.0,0.0,100.0,24713.0,100.0,39207244576.0,100.0,115582783628.0
2019-01-12,Z305KBFK,ST4000DM000,4000787030016,0,116,101702232,98.0,0.0,100.0,2.0,100.0,0.0,80.0,110113016.0,72,24791,100.0,0.0,100,2,100.0,0.0,100.0,0.0,100.0,0.0,100.0,0.0,100.0,0.0,76.0,24.0,100.0,0.0,100.0,1.0,98.0,5136.0,24,24,100.0,0.0,100.0,0.0,200.0,0.0,100.0,24737.0,100.0,39226653072.0,100.0,115702746756.0
2019-01-13,Z305KBFK,ST4000DM000,4000787030016,0,112,44190792,98.0,0.0,100.0,2.0,100.0,0.0,80.0,110822302.0,72,24814,100.0,0.0,100,2,100.0,0.0,100.0,0.0,100.0,0.0,100.0,0.0,100.0,0.0,77.0,23.0,100.0,0.0,100.0,1.0,98.0,5136.0,23,23,100.0,0.0,100.0,0.0,200.0,0.0,100.0,24761.0,100.0,39243527152.0,100.0,115795869724.0
2019-01-14,Z305KBFK,ST4000DM000,4000787030016,0,114,80690248,98.0,0.0,100.0,2.0,100.0,0.0,80.0,111993935.0,72,24838,100.0,0.0,100,2,100.0,0.0,100.0,0.0,100.0,0.0,100.0,0.0,100.0,0.0,75.0,25.0,100.0,0.0,100.0,1.0,98.0,5136.0,25,25,100.0,0.0,100.0,0.0,200.0,0.0,100.0,24785.0,100.0,39261165288.0,100.0,115854078260.0
2019-01-15,Z305KBFK,ST4000DM000,4000787030016,0,117.0,118557296.0,98.0,0.0,100.0,2.0,100.0,0.0,80.0,112845781.0,72.0,24862.0,100.0,0.0,100.0,2.0,100.0,0.0,100.0,0.0,100.0,0.0,100.0,0.0,100.0,0.0,77.0,23.0,100.0,0.0,100.0,1.0,98.0,5136.0,23.0,23.0,100.0,0.0,100.0,0.0,200.0,0.0,100.0,24809.0,100.0,39275233464.0,100.0,116000801138.0
2019-01-16,Z305KBFK,ST4000DM000,4000787030016,0,113,57979832,98.0,0.0,100.0,2.0,100.0,0.0,80.0,114060063.0,72,24886,100.0,0.0,100,2,100.0,0.0,100.0,0.0,100.0,0.0,100.0,0.0,100.0,0.0,73.0,27.0,100.0,0.0,100,1,98.0,5136.0,27,27,100.0,0.0,100.0,0.0,200.0,0.0,100.0,24833.0,100.0,39291180912.0,100.0,116164189507.0
2019-01-17,Z305KBFK,ST4000DM000,4000787030016,0,113,56605952,98.0,0.0,100.0,2.0,100.0,0.0,80.0,114970756.0,72,24910,100.0,0.0,100,2,100.0,0.0,100.0,0.0,100.0,0.0,100.0,0.0,100.0,0.0,73.0,27.0,100.0,0.0,100,1,98.0,5136.0,27,27,100.0,0.0,100.0,0.0,200.0,0.0,100.0,24856.0,100.0,39310678608.0,100.0,116280431938.0
2019-01-18,Z305KBFK,ST4000DM000,4000787030016,0,108,19062928,98.0,0.0,100.0,2.0,100.0,0.0,80.0,116200784.0,72,24934,100.0,0.0,100,2,100.0,0.0,100.0,0.0,100.0,0.0,100.0,0.0,100.0,0.0,75.0,25.0,100.0,0.0,100,1,98.0,5136.0,25,25,100.0,0.0,100.0,0.0,200.0,0.0,100.0,24881.0,100.0,39330195128.0,100.0,116454012347.0
2019-01-19,Z305KBFK,ST4000DM000,4000787030016,0,101,3531744,98.0,0.0,100.0,2.0,100.0,0.0,81.0,118131548.0,72,24958,100.0,0.0,100,2,100.0,0.0,100.0,0.0,100.0,0.0,100.0,0.0,100.0,0.0,75.0,25.0,100.0,0.0,100,1,98.0,5136.0,25,25,100.0,0.0,100.0,0.0,200.0,0.0,100.0,24905.0,100.0,39350493304.0,100.0,116632382334.0
2019-01-20,Z305KBFK,ST4000DM000,4000787030016,0,111,32815552,98.0,0.0,100.0,2.0,100.0,0.0,81.0,118798366.0,72,24982,100.0,0.0,100,2,100.0,0.0,100.0,0.0,100.0,0.0,100.0,0.0,100.0,0.0,76.0,24.0,100.0,0.0,100,1,98.0,5136.0,24,24,100.0,0.0,100.0,0.0,200.0,0.0,100.0,24928.0,100.0,39364493416.0,100.0,116734869274.0
2019-01-21,Z305KBFK,ST4000DM000,4000787030016,0,111,33225400,98.0,0.0,100.0,2.0,100.0,0.0,81.0,120420835.0,72,25006,100.0,0.0,100,2,100.0,0.0,100.0,0.0,100.0,0.0,100.0,0.0,100.0,0.0,75.0,25.0,100.0,0.0,100,1,98.0,5136.0,25,25,100.0,0.0,100.0,0.0,200.0,0.0,100.0,24952.0,100.0,39379847608.0,100.0,116886176412.0
2019-01-22,Z305KBFK,ST4000DM000,4000787030016,0,114.0,75347080.0,98.0,0.0,100.0,2.0,100.0,0.0,81.0,121495057.0,72.0,25029.0,100.0,0.0,100.0,2.0,100.0,0.0,100.0,0.0,100.0,0.0,100.0,0.0,100.0,0.0,77.0,23.0,100.0,0.0,100.0,1.0,98.0,5136.0,23.0,23.0,100.0,0.0,100.0,0.0,200.0,0.0,100.0,24976.0,100.0,39392538712.0,100.0,117038605328.0
2019-01-23,Z305KBFK,ST4000DM000,4000787030016,0,116.0,110653432.0,98.0,0.0,100.0,2.0,100.0,0.0,81.0,123637942.0,72.0,25054.0,100.0,0.0,100.0,2.0,100.0,0.0,100.0,0.0,100.0,0.0,100.0,0.0,100.0,0.0,76.0,24.0,100.0,0.0,100.0,1.0,98.0,5136.0,24.0,24.0,100.0,0.0,100.0,0.0,200.0,0.0,100.0,25000.0,100.0,39412254456.0,100.0,117179351291.0
2019-01-24,Z305KBFK,ST4000DM000,4000787030016,0,114.0,82950488.0,98.0,0.0,100.0,2.0,100.0,0.0,81.0,124443238.0,72.0,25078.0,100.0,0.0,100.0,2.0,100.0,0.0,100.0,0.0,100.0,0.0,100.0,0.0,100.0,0.0,76.0,24.0,100.0,0.0,100.0,1.0,98.0,5137.0,24.0,24.0,100.0,0.0,100.0,0.0,200.0,0.0,100.0,25024.0,100.0,39428886904.0,100.0,117285098996.0
2019-01-25,Z305KBFK,ST4000DM000,4000787030016,0,109,24626488,98.0,0.0,100.0,2.0,100.0,0.0,81.0,125388046.0,72,25101,100.0,0.0,100,2,100.0,0.0,100.0,0.0,100.0,0.0,100.0,0.0,100.0,0.0,77.0,23.0,100.0,0.0,100,1,98.0,5137.0,23,23,100.0,0.0,100.0,0.0,200.0,0.0,100.0,25048.0,100.0,39443134920.0,100.0,117406725307.0
2019-01-26,Z305KBFK,ST4000DM000,4000787030016,0,120,235576360,98.0,0.0,100.0,2.0,100.0,0.0,81.0,127119995.0,72,25125,100.0,0.0,100,2,100.0,0.0,100.0,0.0,100.0,0.0,100.0,0.0,100.0,0.0,77.0,23.0,100.0,0.0,100,1,98.0,5137.0,23,23,100.0,0.0,100.0,0.0,200.0,0.0,100.0,25072.0,100.0,39465359408.0,100.0,121835656166.0
2019-01-27,Z305KBFK,ST4000DM000,4000787030016,0,108,16965368,98.0,0.0,100.0,2.0,100.0,0.0,81.0,128137163.0,72,25149,100.0,0.0,100,2,100.0,0.0,100.0,0.0,100.0,0.0,100.0,0.0,100.0,0.0,77.0,23.0,100.0,0.0,100,1,98.0,5137.0,23,23,100.0,0.0,100.0,0.0,200.0,0.0,100.0,25096.0,100.0,39482178288.0,100.0,121980560365.0
2019-01-28,Z305KBFK,ST4000DM000,4000787030016,0,120,237500552,98.0,0.0,100.0,2.0,100.0,0.0,81.0,129738719.0,72,25173,100.0,0.0,100,2,100.0,0.0,100.0,0.0,100.0,0.0,100.0,0.0,100.0,0.0,77.0,23.0,100.0,0.0,100,1,98.0,5137.0,23,23,100.0,0.0,100.0,0.0,200.0,0.0,100.0,25120.0,100.0,39503145568.0,100.0,122078170329.0
2019-01-29,Z305KBFK,ST4000DM000,4000787030016,0,116,109140824,98.0,0.0,100.0,2.0,100.0,0.0,81.0,130998199.0,72,25209,100.0,0.0,100,2,100.0,0.0,100.0,0.0,100.0,0.0,100.0,0.0,100.0,0.0,76.0,24.0,100.0,0.0,100,1,98.0,5137.0,24,24,100.0,0.0,100.0,0.0,200.0,0.0,100.0,25156.0,100.0,39536699376.0,100.0,122203220171.0
2019-01-30,Z305KBFK,ST4000DM000,4000787030016,0,117,155470608,98.0,0.0,100.0,2.0,100.0,0.0,81.0,131685093.0,72,25233,100.0,0.0,100,2,100.0,0.0,100.0,0.0,100.0,0.0,100.0,0.0,100.0,0.0,75.0,25.0,100.0,0.0,100,1,98.0,5137.0,25,25,100.0,0.0,100.0,0.0,200.0,0.0,100.0,25180.0,100.0,39555850912.0,100.0,122268761441.0
2019-01-31,Z305KBFK,ST4000DM000,4000787030016,0,118,172349680,98.0,0.0,100.0,2.0,100.0,0.0,81.0,131881314.0,72,25245,100.0,0.0,100,2,100.0,0.0,100.0,0.0,100.0,0.0,100.0,0.0,100.0,0.0,74.0,26.0,100.0,0.0,100,1,98.0,5137.0,26,26,100.0,0.0,100.0,0.0,200.0,0.0,100.0,25192.0,100.0,39564646264.0,100.0,122280143963.0
2019-02-01,Z305KBFK,ST4000DM000,4000787030016,0,118,181407752,98.0,0.0,100.0,2.0,100.0,0.0,81.0,132805004.0,72,25268,100.0,0.0,100,2,100.0,0.0,100.0,0.0,100.0,0.0,100.0,0.0,100.0,0.0,76.0,24.0,100.0,0.0,100,1,98.0,5138.0,24,24,100.0,0.0,100.0,0.0,200.0,0.0,100.0,25215.0,100.0,39586521496.0,100.0,122401515367.0
2019-02-02,Z305KBFK,ST4000DM000,4000787030016,0,118.0,195801320.0,98.0,0.0,100.0,2.0,100.0,0.0,81.0,134829343.0,72.0,25293.0,100.0,0.0,100.0,2.0,100.0,0.0,100.0,0.0,100.0,0.0,100.0,0.0,100.0,0.0,75.0,25.0,100.0,0.0,100.0,1.0,98.0,5138.0,25.0,25.0,100.0,0.0,100.0,0.0,200.0,0.0,100.0,25240.0,100.0,39605198224.0,100.0,122582759396.0
2019-02-03,Z305KBFK,ST4000DM000,4000787030016,0,119,203395320,98.0,0.0,100.0,2.0,100.0,0.0,81.0,135723892.0,72,25317,100.0,0.0,100,2,100.0,0.0,100.0,0.0,100.0,0.0,100.0,0.0,100.0,0.0,75.0,25.0,100.0,0.0,100,1,98.0,5138.0,25,25,100.0,0.0,100.0,0.0,200.0,0.0,100.0,25264.0,100.0,39640263896.0,100.0,122674224116.0
2019-02-04,Z305KBFK,ST4000DM000,4000787030016,0,117,141411056,98.0,0.0,100.0,2.0,100.0,0.0,81.0,138056057.0,72,25341,100.0,0.0,100,2,100.0,0.0,100.0,0.0,100.0,0.0,100.0,0.0,100.0,0.0,76.0,24.0,100.0,0.0,100,1,98.0,5138.0,24,24,100.0,0.0,100.0,0.0,200.0,0.0,100.0,25287.0,100.0,39664455032.0,100.0,122731235895.0
2019-02-05,Z305KBFK,ST4000DM000,4000787030016,0,117.0,164814800.0,98.0,0.0,100.0,2.0,100.0,0.0,81.0,139016532.0,72.0,25365.0,100.0,0.0,100.0,2.0,100.0,0.0,100.0,0.0,100.0,0.0,100.0,0.0,100.0,0.0,77.0,23.0,100.0,0.0,100.0,1.0,98.0,5138.0,23.0,23.0,100.0,0.0,100.0,0.0,200.0,0.0,100.0,25311.0,100.0,39682128200.0,100.0,122853596292.0
2019-02-06,Z305KBFK,ST4000DM000,4000787030016,0,117,164930816,98.0,0.0,100.0,2.0,100.0,0.0,81.0,139676897.0,72,25388,100.0,0.0,100,2,100.0,0.0,100.0,0.0,100.0,0.0,100.0,0.0,100.0,0.0,77.0,23.0,100.0,0.0,100,1,98.0,5138.0,23,23,100.0,0.0,100.0,0.0,200.0,0.0,100.0,25335.0,100.0,39698918432.0,100.0,122914160816.0
2019-02-07,Z305KBFK,ST4000DM000,4000787030016,0,114.0,64417176.0,98.0,0.0,100.0,2.0,100.0,0.0,81.0,140720475.0,71.0,25412.0,100.0,0.0,100.0,2.0,100.0,0.0,100.0,0.0,100.0,0.0,100.0,0.0,100.0,0.0,76.0,24.0,100.0,0.0,100.0,1.0,98.0,5138.0,24.0,24.0,100.0,0.0,100.0,0.0,200.0,0.0,100.0,25359.0,100.0,39714546168.0,100.0,123029624336.0
2019-02-08,Z305KBFK,ST4000DM000,4000787030016,0,114,81196656,98.0,0.0,100.0,2.0,100.0,0.0,81.0,141518681.0,71,25436,100.0,0.0,100,2,100.0,0.0,100.0,0.0,100.0,0.0,100.0,0.0,100.0,0.0,76.0,24.0,100.0,0.0,100,1,98.0,5140.0,24,24,100.0,0.0,100.0,0.0,200.0,0.0,100.0,25383.0,100.0,39731476376.0,100.0,123141475989.0
2019-02-09,Z305KBFK,ST4000DM000,4000787030016,0,111.0,36229736.0,98.0,0.0,100.0,2.0,100.0,0.0,81.0,143073568.0,71.0,25460.0,100.0,0.0,100.0,2.0,100.0,0.0,100.0,0.0,100.0,0.0,100.0,0.0,100.0,0.0,77.0,23.0,100.0,0.0,100.0,1.0,98.0,5140.0,23.0,23.0,100.0,0.0,100.0,0.0,200.0,0.0,100.0,25407.0,100.0,39758396152.0,100.0,123207941363.0
2019-02-10,Z305KBFK,ST4000DM000,4000787030016,0,113,55641048,98.0,0.0,100.0,2.0,100.0,0.0,81.0,143985285.0,71,25484,100.0,0.0,100,2,100.0,0.0,100.0,0.0,100.0,0.0,100.0,0.0,100.0,0.0,76.0,24.0,100.0,0.0,100,1,98.0,5140.0,24,24,100.0,0.0,100.0,0.0,200.0,0.0,100.0,25430.0,100.0,39783234728.0,100.0,123287388151.0
2019-02-11,Z305KBFK,ST4000DM000,4000787030016,0,118,170860008,98.0,0.0,100.0,2.0,100.0,0.0,81.0,145669933.0,71,25508,100.0,0.0,100,2,100.0,0.0,100.0,0.0,100.0,0.0,100.0,0.0,100.0,0.0,76.0,24.0,100.0,0.0,100,1,98.0,5140.0,24,24,100.0,0.0,100.0,0.0,200.0,0.0,100.0,25455.0,100.0,39804688720.0,100.0,123407685615.0
2019-02-12,Z305KBFK,ST4000DM000,4000787030016,0,114.0,71818664.0,98.0,0.0,100.0,2.0,100.0,0.0,81.0,146815101.0,71.0,25532.0,100.0,0.0,100.0,2.0,100.0,0.0,100.0,0.0,100.0,0.0,100.0,0.0,100.0,0.0,75.0,25.0,100.0,0.0,100.0,1.0,98.0,5140.0,25.0,25.0,100.0,0.0,100.0,0.0,200.0,0.0,100.0,25479.0,100.0,39828546480.0,100.0,123523422269.0
2019-02-13,Z305KBFK,ST4000DM000,4000787030016,0,120,238957944,98.0,0.0,100.0,2.0,100.0,0.0,81.0,148478072.0,71,25556,100.0,0.0,100,2,100.0,0.0,100.0,0.0,100.0,0.0,100.0,0.0,100.0,0.0,76.0,24.0,100.0,0.0,100,1,98.0,5140.0,24,24,100.0,0.0,100.0,0.0,200.0,0.0,100.0,25503.0,100.0,39864305168.0,100.0,123648167880.0
2019-02-14,Z305KBFK,ST4000DM000,4000787030016,0,120,240998712,98.0,0.0,100.0,2.0,100.0,0.0,81.0,149249171.0,71,25580,100.0,0.0,100,2,100.0,0.0,100.0,0.0,100.0,0.0,100.0,0.0,100.0,0.0,77.0,23.0,100.0,0.0,100,1,98.0,5140.0,23,23,100.0,0.0,100.0,0.0,200.0,0.0,100.0,25526.0,100.0,39890008368.0,100.0,123734384643.0
2019-02-15,Z305KBFK,ST4000DM000,4000787030016,0,108.0,19665880.0,98.0,0.0,100.0,2.0,100.0,0.0,81.0,150043182.0,71.0,25604.0,100.0,0.0,100.0,2.0,100.0,0.0,100.0,0.0,100.0,0.0,100.0,0.0,100.0,0.0,75.0,25.0,100.0,0.0,100.0,1.0,98.0,5140.0,25.0,25.0,100.0,0.0,100.0,0.0,200.0,0.0,100.0,25550.0,100.0,39912681176.0,100.0,123859515389.0
2019-02-16,Z305KBFK,ST4000DM000,4000787030016,0,117.0,164510048.0,98.0,0.0,100.0,2.0,100.0,0.0,81.0,151695884.0,71.0,25627.0,100.0,0.0,100.0,2.0,100.0,0.0,100.0,0.0,100.0,0.0,100.0,0.0,100.0,0.0,76.0,24.0,100.0,0.0,100.0,1.0,98.0,5140.0,24.0,24.0,100.0,0.0,100.0,0.0,200.0,0.0,100.0,25574.0,100.0,39931716352.0,100.0,123998241698.0
2019-02-17,Z305KBFK,ST4000DM000,4000787030016,0,116,116393904,98.0,0.0,100.0,2.0,100.0,0.0,81.0,152215125.0,71,25651,100.0,0.0,100,2,100.0,0.0,100.0,0.0,100.0,0.0,100.0,0.0,100.0,0.0,76.0,24.0,100.0,0.0,100,1,98.0,5141.0,24,24,100.0,0.0,100.0,0.0,200.0,0.0,100.0,25598.0,100.0,39945229952.0,100.0,124122701387.0
2019-02-18,Z305KBFK,ST4000DM000,4000787030016,0,112,43392968,98.0,0.0,100.0,2.0,100.0,0.0,81.0,154718464.0,71,25675,100.0,0.0,100,2,100.0,0.0,100.0,0.0,100.0,0.0,100.0,0.0,100.0,0.0,75.0,25.0,100.0,0.0,100,1,98.0,5141.0,25,25,100.0,0.0,100.0,0.0,200.0,0.0,100.0,25622.0,100.0,39964356640.0,100.0,124293405209.0
2019-02-19,Z305KBFK,ST4000DM000,4000787030016,0,114,71789800,98.0,0.0,100.0,2.0,100.0,0.0,81.0,155817399.0,71,25711,100.0,0.0,100,2,100.0,0.0,100.0,0.0,100.0,0.0,100.0,0.0,100.0,0.0,76.0,24.0,100.0,0.0,100,1,98.0,5141.0,24,24,100.0,0.0,100.0,0.0,200.0,0.0,100.0,25658.0,100.0,39989185496.0,100.0,124574121951.0
2019-02-20,Z305KBFK,ST4000DM000,4000787030016,0,113.0,55624048.0,98.0,0.0,100.0,2.0,100.0,0.0,81.0,156453239.0,71.0,25735.0,100.0,0.0,100.0,2.0,100.0,0.0,100.0,0.0,100.0,0.0,100.0,0.0,100.0,0.0,76.0,24.0,100.0,0.0,100.0,1.0,98.0,5141.0,24.0,24.0,100.0,0.0,100.0,0.0,200.0,0.0,100.0,25682.0,100.0,40010130928.0,100.0,124735640625.0
2019-02-21,Z305KBFK,ST4000DM000,4000787030016,0,119,234142000,98.0,0.0,100.0,2.0,100.0,0.0,81.0,156745925.0,71,25747,100.0,0.0,100,2,100.0,0.0,100.0,0.0,100.0,0.0,100.0,0.0,100.0,0.0,77.0,23.0,100.0,0.0,100,1,98.0,5141.0,23,23,100.0,0.0,100.0,0.0,200.0,0.0,100.0,25694.0,100.0,40016400776.0,100.0,124822436429.0
2019-02-22,Z305KBFK,ST4000DM000,4000787030016,0,118,184279568,98.0,0.0,100.0,2.0,100.0,0.0,81.0,157776926.0,71,25771,100.0,0.0,100,2,100.0,0.0,100.0,0.0,100.0,0.0,100.0,0.0,100.0,0.0,76.0,24.0,100.0,0.0,100,1,98.0,5143.0,24,24,100.0,0.0,100.0,0.0,200.0,0.0,100.0,25718.0,100.0,40029086784.0,100.0,124996203445.0
2019-02-23,Z305KBFK,ST4000DM000,4000787030016,0,119.0,201671840.0,98.0,0.0,100.0,2.0,100.0,0.0,81.0,159573833.0,71.0,25795.0,100.0,0.0,100.0,2.0,100.0,0.0,100.0,0.0,100.0,0.0,100.0,0.0,100.0,0.0,75.0,25.0,100.0,0.0,100.0,1.0,98.0,5143.0,25.0,25.0,100.0,0.0,100.0,0.0,200.0,0.0,100.0,25741.0,100.0,40054425264.0,100.0,125139045824.0
2019-02-24,Z305KBFK,ST4000DM000,4000787030016,0,119,226913640,98.0,0.0,100.0,2.0,100.0,0.0,81.0,160101985.0,71,25819,100.0,0.0,100,2,100.0,0.0,100.0,0.0,100.0,0.0,100.0,0.0,100.0,0.0,75.0,25.0,100.0,0.0,100,1,98.0,5143.0,25,25,100.0,0.0,100.0,0.0,200.0,0.0,100.0,25765.0,100.0,40064883648.0,100.0,125307462114.0
2019-02-25,Z305KBFK,ST4000DM000,4000787030016,0,119,204870104,98.0,0.0,100.0,2.0,100.0,0.0,81.0,161286484.0,71,25843,100.0,0.0,100,2,100.0,0.0,100.0,0.0,100.0,0.0,100.0,0.0,100.0,0.0,76.0,24.0,100.0,0.0,100,1,98.0,5152.0,24,24,100.0,0.0,100.0,0.0,200.0,0.0,100.0,25789.0,100.0,40075468176.0,100.0,125449985218.0
2019-02-26,Z305KBFK,ST4000DM000,4000787030016,0,114,69402888,98.0,0.0,100.0,2.0,100.0,0.0,81.0,162287887.0,71,25866,100.0,0.0,100,2,100.0,0.0,100.0,0.0,100.0,0.0,100.0,0.0,100.0,0.0,76.0,24.0,100.0,0.0,100,1,98.0,5152.0,24,24,100.0,0.0,100.0,0.0,200.0,0.0,100.0,25813.0,100.0,40086992376.0,100.0,125589167863.0
2019-02-27,Z305KBFK,ST4000DM000,4000787030016,0,117.0,142341064.0,98.0,0.0,100.0,2.0,100.0,0.0,81.0,163180987.0,71.0,25890.0,100.0,0.0,100.0,2.0,100.0,0.0,100.0,0.0,100.0,0.0,100.0,0.0,100.0,0.0,76.0,24.0,100.0,0.0,100.0,1.0,98.0,5152.0,24.0,24.0,100.0,0.0,100.0,0.0,200.0,0.0,100.0,25837.0,100.0,40096992464.0,100.0,125763468580.0
2019-02-28,Z305KBFK,ST4000DM000,4000787030016,0,119,219102088,98.0,0.0,100.0,2.0,100.0,0.0,81.0,164311186.0,71,25914,100.0,0.0,100,2,100.0,0.0,100.0,0.0,100.0,0.0,100.0,0.0,100.0,0.0,73.0,27.0,100.0,0.0,100,1,98.0,5152.0,27,27,100.0,0.0,100.0,0.0,200.0,0.0,100.0,25861.0,100.0,40110062640.0,100.0,125920664154.0
2019-03-01,Z305KBFK,ST4000DM000,4000787030016,0,120.0,235278488.0,98.0,0.0,100.0,2.0,100.0,0.0,81.0,165421524.0,71.0,25938.0,100.0,0.0,100.0,2.0,100.0,0.0,100.0,0.0,100.0,0.0,100.0,0.0,100.0,0.0,76.0,24.0,100.0,0.0,100.0,1.0,98.0,5154.0,24.0,24.0,100.0,0.0,100.0,0.0,200.0,0.0,100.0,25885.0,100.0,40120489704.0,100.0,126068723860.0
2019-03-02,Z305KBFK,ST4000DM000,4000787030016,0,109.0,22730792.0,98.0,0.0,100.0,2.0,100.0,0.0,81.0,167629278.0,71.0,25962.0,100.0,0.0,100.0,2.0,100.0,0.0,100.0,0.0,100.0,0.0,100.0,0.0,100.0,0.0,77.0,23.0,100.0,0.0,100.0,1.0,98.0,5154.0,23.0,23.0,100.0,0.0,100.0,0.0,200.0,0.0,100.0,25909.0,100.0,40138410920.0,100.0,126258313969.0
2019-03-03,Z305KBFK,ST4000DM000,4000787030016,0,111.0,38141472.0,98.0,0.0,100.0,2.0,100.0,0.0,82.0,169439135.0,71.0,25986.0,100.0,0.0,100.0,2.0,100.0,0.0,100.0,0.0,100.0,0.0,100.0,0.0,100.0,0.0,75.0,25.0,100.0,0.0,100.0,1.0,98.0,5154.0,25.0,25.0,100.0,0.0,100.0,0.0,200.0,0.0,100.0,25933.0,100.0,40147701704.0,100.0,126393865743.0
2019-03-04,Z305KBFK,ST4000DM000,4000787030016,0,117,128686728,98.0,0.0,100.0,2.0,100.0,0.0,82.0,170537764.0,71,26010,100.0,0.0,100,2,100.0,0.0,100.0,0.0,100.0,0.0,100.0,0.0,100.0,0.0,77.0,23.0,100.0,0.0,100,1,98.0,5154.0,23,23,100.0,0.0,100.0,0.0,200.0,0.0,100.0,25957.0,100.0,40160896408.0,100.0,126437563831.0
2019-03-05,Z305KBFK,ST4000DM000,4000787030016,0,119.0,205382456.0,98.0,0.0,100.0,2.0,100.0,0.0,82.0,171384414.0,71.0,26034.0,100.0,0.0,100.0,2.0,100.0,0.0,100.0,0.0,100.0,0.0,100.0,0.0,100.0,0.0,77.0,23.0,100.0,0.0,100.0,1.0,98.0,5154.0,23.0,23.0,100.0,0.0,100.0,0.0,200.0,0.0,100.0,25981.0,100.0,40172185600.0,100.0,126582242699.0
2019-03-06,Z305KBFK,ST4000DM000,4000787030016,0,119.0,206616888.0,98.0,0.0,100.0,2.0,100.0,0.0,82.0,172463477.0,71.0,26058.0,100.0,0.0,100.0,2.0,100.0,0.0,100.0,0.0,100.0,0.0,100.0,0.0,100.0,0.0,77.0,23.0,100.0,0.0,100.0,1.0,98.0,5154.0,23.0,23.0,100.0,0.0,100.0,0.0,200.0,0.0,100.0,26005.0,100.0,40197045248.0,100.0,126731349374.0
2019-03-07,Z305KBFK,ST4000DM000,4000787030016,0,117.0,123712720.0,98.0,0.0,100.0,2.0,100.0,0.0,82.0,173336284.0,71.0,26082.0,100.0,0.0,100.0,2.0,100.0,0.0,100.0,0.0,100.0,0.0,100.0,0.0,100.0,0.0,75.0,25.0,100.0,0.0,100.0,1.0,98.0,5154.0,25.0,25.0,100.0,0.0,100.0,0.0,200.0,0.0,100.0,26029.0,100.0,40209274608.0,100.0,126855638410.0
2019-03-08,Z305KBFK,ST4000DM000,4000787030016,0,118.0,188540280.0,98.0,0.0,100.0,2.0,100.0,0.0,82.0,175641365.0,71.0,26118.0,100.0,0.0,100.0,2.0,100.0,0.0,100.0,0.0,100.0,0.0,100.0,0.0,100.0,0.0,75.0,25.0,100.0,0.0,100.0,1.0,98.0,5154.0,25.0,25.0,100.0,0.0,100.0,0.0,200.0,0.0,100.0,26064.0,100.0,40228123600.0,100.0,127136289208.0
2019-03-09,Z305KBFK,ST4000DM000,4000787030016,0,116.0,114661288.0,98.0,0.0,100.0,2.0,100.0,0.0,82.0,176765505.0,71.0,26142.0,100.0,0.0,100.0,2.0,100.0,0.0,100.0,0.0,100.0,0.0,100.0,0.0,100.0,0.0,76.0,24.0,100.0,0.0,100.0,1.0,98.0,5154.0,24.0,24.0,100.0,0.0,100.0,0.0,200.0,0.0,100.0,26088.0,100.0,40241844520.0,100.0,127257515010.0
2019-03-10,Z305KBFK,ST4000DM000,4000787030016,0,115.0,84134128.0,98.0,0.0,100.0,2.0,100.0,0.0,82.0,177645683.0,71.0,26166.0,100.0,0.0,100.0,2.0,100.0,0.0,100.0,0.0,100.0,0.0,100.0,0.0,100.0,0.0,76.0,24.0,100.0,0.0,100.0,1.0,98.0,5154.0,24.0,24.0,100.0,0.0,100.0,0.0,200.0,0.0,100.0,26112.0,100.0,40263999112.0,100.0,127396719143.0
2019-03-11,Z305KBFK,ST4000DM000,4000787030016,0,116.0,110920152.0,98.0,0.0,100.0,2.0,100.0,0.0,82.0,179429972.0,71.0,26189.0,100.0,0.0,100.0,2.0,100.0,0.0,100.0,0.0,100.0,0.0,100.0,0.0,100.0,0.0,76.0,24.0,100.0,0.0,100.0,1.0,98.0,5154.0,24.0,24.0,100.0,0.0,100.0,0.0,200.0,0.0,100.0,26136.0,100.0,40291833000.0,100.0,127523550548.0
2019-03-12,Z305KBFK,ST4000DM000,4000787030016,0,119.0,225818584.0,98.0,0.0,100.0,2.0,100.0,0.0,82.0,180473117.0,71.0,26213.0,100.0,0.0,100.0,2.0,100.0,0.0,100.0,0.0,100.0,0.0,100.0,0.0,100.0,0.0,74.0,26.0,100.0,0.0,100.0,1.0,98.0,5154.0,26.0,26.0,100.0,0.0,100.0,0.0,200.0,0.0,100.0,26160.0,100.0,40306215336.0,100.0,127669786691.0
2019-03-13,Z305KBFK,ST4000DM000,4000787030016,0,108.0,16117592.0,98.0,0.0,100.0,2.0,100.0,0.0,82.0,181251010.0,71.0,26237.0,100.0,0.0,100.0,2.0,100.0,0.0,100.0,0.0,100.0,0.0,100.0,0.0,100.0,0.0,77.0,23.0,100.0,0.0,100.0,0.0,98.0,5154.0,23.0,23.0,100.0,0.0,100.0,0.0,200.0,0.0,100.0,26184.0,100.0,40320548488.0,100.0,127768160398.0
2019-03-14,Z305KBFK,ST4000DM000,4000787030016,0,117.0,129938216.0,98.0,0.0,100.0,2.0,100.0,0.0,82.0,182193198.0,71.0,26261.0,100.0,0.0,100.0,2.0,100.0,0.0,100.0,0.0,100.0,0.0,100.0,0.0,100.0,0.0,77.0,23.0,100.0,0.0,100.0,0.0,98.0,5154.0,23.0,23.0,100.0,0.0,100.0,0.0,200.0,0.0,100.0,26208.0,100.0,40340228896.0,100.0,127902624245.0
2019-03-15,Z305KBFK,ST4000DM000,4000787030016,0,107.0,13518240.0,98.0,0.0,100.0,2.0,100.0,0.0,82.0,184578436.0,70.0,26285.0,100.0,0.0,100.0,2.0,100.0,0.0,100.0,0.0,100.0,0.0,100.0,0.0,100.0,0.0,77.0,23.0,100.0,0.0,100.0,0.0,98.0,5154.0,23.0,23.0,100.0,0.0,100.0,0.0,200.0,0.0,100.0,26231.0,100.0,40363688024.0,100.0,128036645783.0
2019-03-16,Z305KBFK,ST4000DM000,4000787030016,0,104.0,6814120.0,98.0,0.0,100.0,2.0,100.0,0.0,82.0,186046383.0,70.0,26309.0,100.0,0.0,100.0,2.0,100.0,0.0,100.0,0.0,100.0,0.0,100.0,0.0,100.0,0.0,76.0,24.0,100.0,0.0,100.0,0.0,98.0,5154.0,24.0,24.0,100.0,0.0,100.0,0.0,200.0,0.0,100.0,26255.0,100.0,40379744944.0,100.0,128174402235.0
2019-03-17,Z305KBFK,ST4000DM000,4000787030016,0,119.0,213295904.0,98.0,0.0,100.0,2.0,100.0,0.0,82.0,187145095.0,70.0,26332.0,100.0,0.0,100.0,2.0,100.0,0.0,100.0,0.0,100.0,0.0,100.0,0.0,100.0,0.0,78.0,22.0,100.0,0.0,100.0,0.0,98.0,5154.0,22.0,22.0,100.0,0.0,100.0,0.0,200.0,0.0,100.0,26279.0,100.0,40404208560.0,100.0,128285353050.0
2019-03-18,Z305KBFK,ST4000DM000,4000787030016,0,119.0,207234856.0,98.0,0.0,100.0,2.0,100.0,0.0,82.0,188540934.0,70.0,26356.0,100.0,0.0,100.0,2.0,100.0,0.0,100.0,0.0,100.0,0.0,100.0,0.0,100.0,0.0,74.0,26.0,100.0,0.0,100.0,0.0,98.0,5155.0,26.0,26.0,100.0,0.0,100.0,0.0,200.0,0.0,100.0,26303.0,100.0,40424388064.0,100.0,128348899511.0
2019-03-19,Z305KBFK,ST4000DM000,4000787030016,0,118.0,172970368.0,98.0,0.0,100.0,2.0,100.0,0.0,82.0,189315901.0,70.0,26380.0,100.0,0.0,100.0,2.0,100.0,0.0,100.0,0.0,100.0,0.0,100.0,0.0,100.0,0.0,77.0,23.0,100.0,0.0,100.0,0.0,98.0,5155.0,23.0,23.0,100.0,0.0,100.0,0.0,200.0,0.0,100.0,26327.0,100.0,40435861536.0,100.0,128437781312.0
2019-03-20,Z305KBFK,ST4000DM000,4000787030016,0,114.0,64329232.0,98.0,0.0,100.0,2.0,100.0,0.0,82.0,189954201.0,70.0,26404.0,100.0,0.0,100.0,2.0,100.0,0.0,100.0,0.0,100.0,0.0,100.0,0.0,100.0,0.0,76.0,24.0,100.0,0.0,100.0,0.0,98.0,5155.0,24.0,24.0,100.0,0.0,100.0,0.0,200.0,0.0,100.0,26351.0,100.0,40452394600.0,100.0,128498545968.0
2019-03-21,Z305KBFK,ST4000DM000,4000787030016,0,117.0,137145176.0,98.0,0.0,100.0,2.0,100.0,0.0,82.0,190770273.0,70.0,26428.0,100.0,0.0,100.0,2.0,100.0,0.0,100.0,0.0,100.0,0.0,100.0,0.0,100.0,0.0,76.0,24.0,100.0,0.0,100.0,0.0,98.0,5155.0,24.0,24.0,100.0,0.0,100.0,0.0,200.0,0.0,100.0,26374.0,100.0,40465879872.0,100.0,128592581027.0
2019-03-22,Z305KBFK,ST4000DM000,4000787030016,0,114.0,71169328.0,98.0,0.0,100.0,2.0,100.0,0.0,82.0,191869620.0,70.0,26452.0,100.0,0.0,100.0,2.0,100.0,0.0,100.0,0.0,100.0,0.0,100.0,0.0,100.0,0.0,74.0,26.0,100.0,0.0,100.0,0.0,98.0,5155.0,26.0,26.0,100.0,0.0,100.0,0.0,200.0,0.0,100.0,26398.0,100.0,40491309216.0,100.0,128683808004.0
2019-03-23,Z305KBFK,ST4000DM000,4000787030016,0,115.0,95776928.0,98.0,0.0,100.0,2.0,100.0,0.0,82.0,193507298.0,70.0,26475.0,100.0,0.0,100.0,2.0,100.0,0.0,100.0,0.0,100.0,0.0,100.0,0.0,100.0,0.0,76.0,24.0,100.0,0.0,100.0,0.0,98.0,5155.0,24.0,24.0,100.0,0.0,100.0,0.0,200.0,0.0,100.0,26422.0,100.0,40521170344.0,100.0,128827530855.0
2019-03-24,Z305KBFK,ST4000DM000,4000787030016,0,117.0,154308832.0,98.0,0.0,100.0,2.0,100.0,0.0,82.0,194147931.0,70.0,26499.0,100.0,0.0,100.0,2.0,100.0,0.0,100.0,0.0,100.0,0.0,100.0,0.0,100.0,0.0,76.0,24.0,100.0,0.0,100.0,0.0,98.0,5155.0,24.0,24.0,100.0,0.0,100.0,0.0,200.0,0.0,100.0,26446.0,100.0,40535531080.0,100.0,128888210304.0
2019-03-25,Z305KBFK,ST4000DM000,4000787030016,0,118.0,171527328.0,98.0,0.0,100.0,2.0,100.0,0.0,82.0,195659920.0,70.0,26523.0,100.0,0.0,100.0,2.0,100.0,0.0,100.0,0.0,100.0,0.0,100.0,0.0,100.0,0.0,77.0,23.0,100.0,0.0,100.0,0.0,98.0,5158.0,23.0,23.0,100.0,0.0,100.0,0.0,200.0,0.0,100.0,26470.0,100.0,40551239968.0,100.0,128973374077.0
2019-03-26,Z305KBFK,ST4000DM000,4000787030016,0,118.0,186799720.0,98.0,0.0,100.0,2.0,100.0,0.0,82.0,196455979.0,70.0,26547.0,100.0,0.0,100.0,2.0,100.0,0.0,100.0,0.0,100.0,0.0,100.0,0.0,100.0,0.0,77.0,23.0,100.0,0.0,100.0,0.0,98.0,5158.0,23.0,23.0,100.0,0.0,100.0,0.0,200.0,0.0,100.0,26494.0,100.0,40566650104.0,100.0,129067635183.0
2019-03-27,Z305KBFK,ST4000DM000,4000787030016,0,118.0,168700192.0,98.0,0.0,100.0,2.0,100.0,0.0,82.0,198526733.0,70.0,26571.0,100.0,0.0,100.0,2.0,100.0,0.0,100.0,0.0,100.0,0.0,100.0,0.0,100.0,0.0,77.0,23.0,100.0,0.0,100.0,0.0,98.0,5158.0,23.0,23.0,100.0,0.0,100.0,0.0,200.0,0.0,100.0,26518.0,100.0,40588603280.0,100.0,129161205665.0
2019-03-28,Z305KBFK,ST4000DM000,4000787030016,0,117.0,150300792.0,98.0,0.0,100.0,2.0,100.0,0.0,82.0,199421174.0,70.0,26595.0,100.0,0.0,100.0,2.0,100.0,0.0,100.0,0.0,100.0,0.0,100.0,0.0,100.0,0.0,77.0,23.0,100.0,0.0,100.0,0.0,98.0,5159.0,23.0,23.0,100.0,0.0,100.0,0.0,200.0,0.0,100.0,26542.0,100.0,40610252160.0,100.0,129257200421.0
2019-03-29,Z305KBFK,ST4000DM000,4000787030016,0,114.0,70312032.0,98.0,0.0,100.0,2.0,100.0,0.0,82.0,200246486.0,70.0,26619.0,100.0,0.0,100.0,2.0,100.0,0.0,100.0,0.0,100.0,0.0,100.0,0.0,100.0,0.0,77.0,23.0,100.0,0.0,100.0,0.0,98.0,5159.0,23.0,23.0,100.0,0.0,100.0,0.0,200.0,0.0,100.0,26566.0,100.0,40624921024.0,100.0,129338261933.0
2019-03-30,Z305KBFK,ST4000DM000,4000787030016,0,118.0,181439360.0,98.0,0.0,100.0,2.0,100.0,0.0,83.0,201720999.0,70.0,26643.0,100.0,0.0,100.0,2.0,100.0,0.0,100.0,0.0,100.0,0.0,100.0,0.0,100.0,0.0,74.0,26.0,100.0,0.0,100.0,0.0,98.0,5161.0,26.0,26.0,100.0,0.0,100.0,0.0,200.0,0.0,100.0,26589.0,100.0,40641908952.0,100.0,129415082497.0
2019-03-31,Z305KBFK,ST4000DM000,4000787030016,0,112.0,43249352.0,98.0,0.0,100.0,2.0,100.0,0.0,83.0,202522247.0,70.0,26667.0,100.0,0.0,100.0,2.0,100.0,0.0,100.0,0.0,100.0,0.0,100.0,0.0,100.0,0.0,78.0,22.0,100.0,0.0,100.0,0.0,98.0,5161.0,22.0,22.0,100.0,0.0,100.0,0.0,200.0,0.0,100.0,26613.0,100.0,40663734088.0,100.0,129498908475.0
2019-04-01,Z305KBFK,ST4000DM000,4000787030016,0,118.0,169905656.0,98.0,0.0,100.0,2.0,100.0,0.0,83.0,204439864.0,70.0,26691.0,100.0,0.0,100.0,2.0,100.0,0.0,100.0,0.0,100.0,0.0,100.0,0.0,100.0,0.0,77.0,23.0,100.0,0.0,100.0,0.0,98.0,5161.0,23.0,23.0,100.0,0.0,100.0,0.0,200.0,0.0,100.0,26637.0,100.0,40696279512.0,100.0,129622266672.0
2019-04-02,Z305KBFK,ST4000DM000,4000787030016,0,114.0,81665072.0,98.0,0.0,100.0,2.0,100.0,0.0,83.0,205664435.0,70.0,26714.0,100.0,0.0,100.0,2.0,100.0,0.0,100.0,0.0,100.0,0.0,100.0,0.0,100.0,0.0,77.0,23.0,100.0,0.0,100.0,0.0,98.0,5161.0,23.0,23.0,100.0,0.0,100.0,0.0,200.0,0.0,100.0,26661.0,100.0,40713965472.0,100.0,129741515011.0
2019-04-03,Z305KBFK,ST4000DM000,4000787030016,0,120.0,235808304.0,98.0,0.0,100.0,2.0,100.0,0.0,83.0,207276456.0,70.0,26738.0,100.0,0.0,100.0,2.0,100.0,0.0,100.0,0.0,100.0,0.0,100.0,0.0,100.0,0.0,77.0,23.0,100.0,0.0,100.0,0.0,98.0,5161.0,23.0,23.0,100.0,0.0,100.0,0.0,200.0,0.0,100.0,26685.0,100.0,40734210776.0,100.0,129848484152.0
2019-04-04,Z305KBFK,ST4000DM000,4000787030016,0,117.0,133759112.0,98.0,0.0,100.0,2.0,100.0,0.0,83.0,207833412.0,70.0,26762.0,100.0,0.0,100.0,2.0,100.0,0.0,100.0,0.0,100.0,0.0,100.0,0.0,100.0,0.0,76.0,24.0,100.0,0.0,100.0,0.0,98.0,5163.0,24.0,24.0,100.0,0.0,100.0,0.0,200.0,0.0,100.0,26709.0,100.0,40744512880.0,100.0,129931770764.0
2019-04-05,Z305KBFK,ST4000DM000,4000787030016,0,113.0,53322392.0,98.0,0.0,100.0,2.0,100.0,0.0,83.0,208717121.0,70.0,26786.0,100.0,0.0,100.0,2.0,100.0,0.0,100.0,0.0,100.0,0.0,100.0,0.0,100.0,0.0,76.0,24.0,100.0,0.0,100.0,0.0,98.0,5163.0,24.0,24.0,100.0,0.0,100.0,0.0,200.0,0.0,100.0,26733.0,100.0,40755071744.0,100.0,130059684157.0
2019-04-06,Z305KBFK,ST4000DM000,4000787030016,0,108.0,18884424.0,98.0,0.0,100.0,2.0,100.0,0.0,83.0,210312391.0,70.0,26810.0,100.0,0.0,100.0,2.0,100.0,0.0,100.0,0.0,100.0,0.0,100.0,0.0,100.0,0.0,76.0,24.0,100.0,0.0,100.0,0.0,98.0,5163.0,24.0,24.0,100.0,0.0,100.0,0.0,200.0,0.0,100.0,26756.0,100.0,40769663000.0,100.0,130218974221.0
2019-04-07,Z305KBFK,ST4000DM000,4000787030016,0,117.0,153117960.0,98.0,0.0,100.0,2.0,100.0,0.0,83.0,210696623.0,70.0,26834.0,100.0,0.0,100.0,2.0,100.0,0.0,100.0,0.0,100.0,0.0,100.0,0.0,100.0,0.0,75.0,25.0,100.0,0.0,100.0,0.0,98.0,5176.0,25.0,25.0,100.0,0.0,100.0,0.0,200.0,0.0,100.0,26780.0,100.0,40779083944.0,100.0,130313117310.0
2019-04-08,Z305KBFK,ST4000DM000,4000787030016,0,117.0,132228104.0,98.0,0.0,100.0,2.0,100.0,0.0,83.0,212136992.0,70.0,26858.0,100.0,0.0,100.0,2.0,100.0,0.0,100.0,0.0,100.0,0.0,100.0,0.0,100.0,0.0,75.0,25.0,100.0,0.0,100.0,0.0,98.0,5176.0,25.0,25.0,100.0,0.0,100.0,0.0,200.0,0.0,100.0,26804.0,100.0,40795767728.0,100.0,130472199019.0
2019-04-09,Z305KBFK,ST4000DM000,4000787030016,0,115.0,90632992.0,98.0,0.0,100.0,2.0,100.0,0.0,83.0,213904904.0,70.0,26881.0,100.0,0.0,100.0,2.0,100.0,0.0,100.0,0.0,100.0,0.0,100.0,0.0,100.0,0.0,76.0,24.0,100.0,0.0,100.0,0.0,98.0,5176.0,24.0,24.0,100.0,0.0,100.0,0.0,200.0,0.0,100.0,26828.0,100.0,40814208904.0,100.0,130668941045.0
2019-04-10,Z305KBFK,ST4000DM000,4000787030016,0,120.0,239253784.0,98.0,0.0,100.0,2.0,100.0,0.0,83.0,214467956.0,70.0,26905.0,100.0,0.0,100.0,2.0,100.0,0.0,100.0,0.0,100.0,0.0,100.0,0.0,100.0,0.0,77.0,23.0,100.0,0.0,100.0,0.0,98.0,5177.0,23.0,23.0,100.0,0.0,100.0,0.0,200.0,0.0,100.0,26852.0,100.0,40825102224.0,100.0,130844034375.0
2019-04-11,Z305KBFK,ST4000DM000,4000787030016,0,116.0,109149616.0,98.0,0.0,100.0,2.0,100.0,0.0,83.0,215080082.0,70.0,26929.0,100.0,0.0,100.0,2.0,100.0,0.0,100.0,0.0,100.0,0.0,100.0,0.0,100.0,0.0,78.0,22.0,100.0,0.0,100.0,0.0,98.0,5177.0,22.0,22.0,100.0,0.0,100.0,0.0,200.0,0.0,100.0,26876.0,100.0,40836350744.0,100.0,131010562913.0
2019-04-12,Z305KBFK,ST4000DM000,4000787030016,0,119.0,220395648.0,98.0,0.0,100.0,2.0,100.0,0.0,83.0,215707801.0,70.0,26953.0,100.0,0.0,100.0,2.0,100.0,0.0,100.0,0.0,100.0,0.0,100.0,0.0,100.0,0.0,78.0,22.0,100.0,0.0,100.0,0.0,98.0,5178.0,22.0,22.0,100.0,0.0,100.0,0.0,200.0,0.0,100.0,26900.0,100.0,40848133496.0,100.0,131136057924.0
2019-04-13,Z305KBFK,ST4000DM000,4000787030016,0,111.0,30493424.0,98.0,0.0,100.0,2.0,100.0,0.0,83.0,217129208.0,70.0,26977.0,100.0,0.0,100.0,2.0,100.0,0.0,100.0,0.0,100.0,0.0,100.0,0.0,100.0,0.0,77.0,23.0,100.0,0.0,100.0,0.0,98.0,5178.0,23.0,23.0,100.0,0.0,100.0,0.0,200.0,0.0,100.0,26924.0,100.0,40862920936.0,100.0,131323133435.0
2019-04-14,Z305KBFK,ST4000DM000,4000787030016,0,117.0,163546304.0,98.0,0.0,100.0,2.0,100.0,0.0,83.0,217980930.0,70.0,27001.0,100.0,0.0,100.0,2.0,100.0,0.0,100.0,0.0,100.0,0.0,100.0,0.0,100.0,0.0,78.0,22.0,100.0,0.0,100.0,0.0,98.0,5178.0,22.0,22.0,100.0,0.0,100.0,0.0,200.0,0.0,100.0,26947.0,100.0,40876667592.0,100.0,131501615175.0
2019-04-15,Z305KBFK,ST4000DM000,4000787030016,0,117.0,156032776.0,98.0,0.0,100.0,2.0,100.0,0.0,83.0,219415923.0,70.0,27025.0,100.0,0.0,100.0,2.0,100.0,0.0,100.0,0.0,100.0,0.0,100.0,0.0,100.0,0.0,77.0,23.0,100.0,0.0,100.0,0.0,98.0,5178.0,23.0,23.0,100.0,0.0,100.0,0.0,200.0,0.0,100.0,26971.0,100.0,40889103288.0,100.0,131611850437.0
2019-04-16,Z305KBFK,ST4000DM000,4000787030016,0,114.0,68461696.0,98.0,0.0,100.0,2.0,100.0,0.0,83.0,220335731.0,70.0,27049.0,100.0,0.0,100.0,2.0,100.0,0.0,100.0,0.0,100.0,0.0,100.0,0.0,100.0,0.0,78.0,22.0,100.0,0.0,100.0,0.0,98.0,5178.0,22.0,22.0,100.0,0.0,100.0,0.0,200.0,0.0,100.0,26995.0,100.0,40904315552.0,100.0,131774028931.0
2019-04-17,Z305KBFK,ST4000DM000,4000787030016,0,119.0,234416712.0,98.0,0.0,100.0,2.0,100.0,0.0,83.0,221607867.0,70.0,27072.0,100.0,0.0,100.0,2.0,100.0,0.0,100.0,0.0,100.0,0.0,100.0,0.0,100.0,0.0,77.0,23.0,100.0,0.0,100.0,0.0,98.0,5179.0,23.0,23.0,100.0,0.0,100.0,0.0,200.0,0.0,100.0,27019.0,100.0,40917964400.0,100.0,131930841503.0
2019-04-18,Z305KBFK,ST4000DM000,4000787030016,0,118.0,191406296.0,98.0,0.0,100.0,2.0,100.0,0.0,83.0,222849916.0,70.0,27096.0,100.0,0.0,100.0,2.0,100.0,0.0,100.0,0.0,100.0,0.0,100.0,0.0,100.0,0.0,77.0,23.0,100.0,0.0,100.0,0.0,98.0,5179.0,23.0,23.0,100.0,0.0,100.0,0.0,200.0,0.0,100.0,27043.0,100.0,40933090912.0,100.0,132108925945.0
2019-04-19,Z305KBFK,ST4000DM000,4000787030016,0,115.0,99144688.0,98.0,0.0,100.0,2.0,100.0,0.0,83.0,224078727.0,70.0,27120.0,100.0,0.0,100.0,2.0,100.0,0.0,100.0,0.0,100.0,0.0,100.0,0.0,100.0,0.0,77.0,23.0,100.0,0.0,100.0,0.0,98.0,5179.0,23.0,23.0,100.0,0.0,100.0,0.0,200.0,0.0,100.0,27067.0,100.0,40946518032.0,100.0,132258799326.0
2019-04-20,Z305KBFK,ST4000DM000,4000787030016,0,113.0,54525840.0,98.0,0.0,100.0,2.0,100.0,0.0,83.0,225634625.0,70.0,27144.0,100.0,0.0,100.0,2.0,100.0,0.0,100.0,0.0,100.0,0.0,100.0,0.0,100.0,0.0,79.0,21.0,100.0,0.0,100.0,0.0,98.0,5179.0,21.0,21.0,100.0,0.0,100.0,0.0,200.0,0.0,100.0,27091.0,100.0,40967287400.0,100.0,132352602349.0
2019-04-21,Z305KBFK,ST4000DM000,4000787030016,0,117.0,167227584.0,98.0,0.0,100.0,2.0,100.0,0.0,83.0,226368667.0,69.0,27168.0,100.0,0.0,100.0,2.0,100.0,0.0,100.0,0.0,100.0,0.0,100.0,0.0,100.0,0.0,75.0,25.0,100.0,0.0,100.0,0.0,98.0,5179.0,25.0,25.0,100.0,0.0,100.0,0.0,200.0,0.0,100.0,27115.0,100.0,40980368896.0,100.0,132470737698.0
2019-04-22,Z305KBFK,ST4000DM000,4000787030016,0,119.0,231902176.0,98.0,0.0,100.0,2.0,100.0,0.0,83.0,229314278.0,69.0,27192.0,100.0,0.0,100.0,2.0,100.0,0.0,100.0,0.0,100.0,0.0,100.0,0.0,100.0,0.0,76.0,24.0,100.0,0.0,100.0,0.0,98.0,5179.0,24.0,24.0,100.0,0.0,100.0,0.0,200.0,0.0,100.0,27139.0,100.0,41002676472.0,100.0,132621403247.0
2019-04-23,Z305KBFK,ST4000DM000,4000787030016,0,120.0,2324064.0,98.0,0.0,100.0,2.0,100.0,0.0,83.0,230196086.0,69.0,27216.0,100.0,0.0,100.0,2.0,100.0,0.0,100.0,0.0,100.0,0.0,100.0,0.0,100.0,0.0,79.0,21.0,100.0,0.0,100.0,0.0,98.0,5179.0,21.0,21.0,100.0,0.0,100.0,0.0,200.0,0.0,100.0,27163.0,100.0,41013358968.0,100.0,132749865938.0
2019-04-24,Z305KBFK,ST4000DM000,4000787030016,0,119.0,230212456.0,98.0,0.0,100.0,2.0,100.0,0.0,83.0,231209612.0,69.0,27240.0,100.0,0.0,100.0,2.0,100.0,0.0,100.0,0.0,100.0,0.0,100.0,0.0,100.0,0.0,79.0,21.0,100.0,0.0,100.0,0.0,98.0,5180.0,21.0,21.0,100.0,0.0,100.0,0.0,200.0,0.0,100.0,27186.0,100.0,41031418256.0,100.0,132894932802.0
2019-04-25,Z305KBFK,ST4000DM000,4000787030016,0,117.0,121300944.0,98.0,0.0,100.0,2.0,100.0,0.0,83.0,232350262.0,69.0,27264.0,100.0,0.0,100.0,2.0,100.0,0.0,100.0,0.0,100.0,0.0,100.0,0.0,100.0,0.0,80.0,20.0,100.0,0.0,100.0,0.0,98.0,5180.0,20.0,20.0,100.0,0.0,100.0,0.0,200.0,0.0,100.0,27211.0,100.0,41051174584.0,100.0,133069266505.0
2019-04-26,Z305KBFK,ST4000DM000,4000787030016,0,116.0,111083720.0,98.0,0.0,100.0,2.0,100.0,0.0,83.0,233295362.0,69.0,27288.0,100.0,0.0,100.0,2.0,100.0,0.0,100.0,0.0,100.0,0.0,100.0,0.0,100.0,0.0,80.0,20.0,100.0,0.0,100.0,0.0,98.0,5180.0,20.0,20.0,100.0,0.0,100.0,0.0,200.0,0.0,100.0,27235.0,100.0,41060122984.0,100.0,133214414736.0
2019-04-27,Z305KBFK,ST4000DM000,4000787030016,0,119.0,223494392.0,98.0,0.0,100.0,2.0,100.0,0.0,84.0,234916273.0,69.0,27312.0,100.0,0.0,100.0,2.0,100.0,0.0,100.0,0.0,100.0,0.0,100.0,0.0,100.0,0.0,78.0,22.0,100.0,0.0,100.0,0.0,98.0,5180.0,22.0,22.0,100.0,0.0,100.0,0.0,200.0,0.0,100.0,27258.0,100.0,41074482576.0,100.0,133338308248.0
2019-04-28,Z305KBFK,ST4000DM000,4000787030016,0,115.0,84326088.0,98.0,0.0,100.0,2.0,100.0,0.0,84.0,235907967.0,69.0,27336.0,100.0,0.0,100.0,2.0,100.0,0.0,100.0,0.0,100.0,0.0,100.0,0.0,100.0,0.0,76.0,24.0,100.0,0.0,100.0,0.0,98.0,5180.0,24.0,24.0,100.0,0.0,100.0,0.0,200.0,0.0,100.0,27282.0,100.0,41087882336.0,100.0,133493020548.0
2019-04-29,Z305KBFK,ST4000DM000,4000787030016,0,117.0,167075376.0,98.0,0.0,100.0,2.0,100.0,0.0,84.0,237637688.0,69.0,27360.0,100.0,0.0,100.0,2.0,100.0,0.0,100.0,0.0,100.0,0.0,100.0,0.0,100.0,0.0,76.0,24.0,100.0,0.0,100.0,0.0,98.0,5180.0,24.0,24.0,100.0,0.0,100.0,0.0,200.0,0.0,100.0,27306.0,100.0,41106510144.0,100.0,133619035356.0
2019-04-30,Z305KBFK,ST4000DM000,4000787030016,0,118.0,177271128.0,98.0,0.0,100.0,2.0,100.0,0.0,84.0,238417968.0,69.0,27384.0,100.0,0.0,100.0,2.0,100.0,0.0,100.0,0.0,100.0,0.0,100.0,0.0,100.0,0.0,76.0,24.0,100.0,0.0,100.0,0.0,98.0,5180.0,24.0,24.0,100.0,0.0,100.0,0.0,200.0,0.0,100.0,27330.0,100.0,41120644344.0,100.0,133718581907.0
2019-05-01,Z305KBFK,ST4000DM000,4000787030016,0,109.0,23533496.0,98.0,0.0,100.0,2.0,100.0,0.0,84.0,239407310.0,69.0,27408.0,100.0,0.0,100.0,2.0,100.0,0.0,100.0,0.0,100.0,0.0,100.0,0.0,100.0,0.0,75.0,25.0,100.0,0.0,100.0,0.0,98.0,5180.0,25.0,25.0,100.0,0.0,100.0,0.0,200.0,0.0,100.0,27354.0,100.0,41136438920.0,100.0,133849769462.0
2019-05-02,Z305KBFK,ST4000DM000,4000787030016,0,119.0,227283896.0,98.0,0.0,100.0,2.0,100.0,0.0,84.0,240270534.0,69.0,27432.0,100.0,0.0,100.0,2.0,100.0,0.0,100.0,0.0,100.0,0.0,100.0,0.0,100.0,0.0,77.0,23.0,100.0,0.0,100.0,0.0,98.0,5181.0,23.0,23.0,100.0,0.0,100.0,0.0,200.0,0.0,100.0,27378.0,100.0,41148993560.0,100.0,133982847304.0
2019-05-03,Z305KBFK,ST4000DM000,4000787030016,0,117.0,141226376.0,98.0,0.0,100.0,2.0,100.0,0.0,84.0,241158760.0,69.0,27455.0,100.0,0.0,100.0,2.0,100.0,0.0,100.0,0.0,100.0,0.0,100.0,0.0,100.0,0.0,78.0,22.0,100.0,0.0,100.0,0.0,98.0,5181.0,22.0,22.0,100.0,0.0,100.0,0.0,200.0,0.0,100.0,27402.0,100.0,41166889128.0,100.0,134103463030.0
2019-05-04,Z305KBFK,ST4000DM000,4000787030016,0,117.0,124032608.0,98.0,0.0,100.0,2.0,100.0,0.0,84.0,243140487.0,69.0,27479.0,100.0,0.0,100.0,2.0,100.0,0.0,100.0,0.0,100.0,0.0,100.0,0.0,100.0,0.0,78.0,22.0,100.0,0.0,100.0,0.0,98.0,5181.0,22.0,22.0,100.0,0.0,100.0,0.0,200.0,0.0,100.0,27426.0,100.0,41194371368.0,100.0,134227177811.0
2019-05-05,Z305KBFK,ST4000DM000,4000787030016,0,117.0,144950088.0,98.0,0.0,100.0,2.0,100.0,0.0,84.0,243936948.0,69.0,27503.0,100.0,0.0,100.0,2.0,100.0,0.0,100.0,0.0,100.0,0.0,100.0,0.0,100.0,0.0,77.0,23.0,100.0,0.0,100.0,0.0,98.0,5181.0,23.0,23.0,100.0,0.0,100.0,0.0,200.0,0.0,100.0,27450.0,100.0,41207297584.0,100.0,134315647925.0
2019-05-06,Z305KBFK,ST4000DM000,4000787030016,0,119.0,223109808.0,98.0,0.0,100.0,2.0,100.0,0.0,84.0,246332443.0,69.0,27527.0,100.0,0.0,100.0,2.0,100.0,0.0,100.0,0.0,100.0,0.0,100.0,0.0,100.0,0.0,77.0,23.0,100.0,0.0,100.0,0.0,98.0,5181.0,23.0,23.0,100.0,0.0,100.0,0.0,200.0,0.0,100.0,27474.0,100.0,41219786152.0,100.0,134397636071.0
2019-05-07,Z305KBFK,ST4000DM000,4000787030016,0,112.0,46750424.0,98.0,0.0,100.0,2.0,100.0,0.0,84.0,247083722.0,69.0,27551.0,100.0,0.0,100.0,2.0,100.0,0.0,100.0,0.0,100.0,0.0,100.0,0.0,100.0,0.0,77.0,23.0,100.0,0.0,100.0,0.0,98.0,5181.0,23.0,23.0,100.0,0.0,100.0,0.0,200.0,0.0,100.0,27497.0,100.0,41238691032.0,100.0,134425225898.0
2019-05-08,Z305KBFK,ST4000DM000,4000787030016,0,115.0,85622792.0,98.0,0.0,100.0,2.0,100.0,0.0,84.0,248159444.0,69.0,27575.0,100.0,0.0,100.0,2.0,100.0,0.0,100.0,0.0,100.0,0.0,100.0,0.0,100.0,0.0,75.0,25.0,100.0,0.0,100.0,0.0,98.0,5181.0,25.0,25.0,100.0,0.0,100.0,0.0,200.0,0.0,100.0,27521.0,100.0,41259904760.0,100.0,134574952104.0
2019-05-09,Z305KBFK,ST4000DM000,4000787030016,0,117.0,147311960.0,98.0,0.0,100.0,2.0,100.0,0.0,84.0,249035734.0,69.0,27599.0,100.0,0.0,100.0,2.0,100.0,0.0,100.0,0.0,100.0,0.0,100.0,0.0,100.0,0.0,75.0,25.0,100.0,0.0,100.0,0.0,98.0,5183.0,25.0,25.0,100.0,0.0,100.0,0.0,200.0,0.0,100.0,27545.0,100.0,41276069200.0,100.0,134696628760.0
2019-05-10,Z305KBFK,ST4000DM000,4000787030016,0,117.0,124088992.0,98.0,0.0,100.0,2.0,100.0,0.0,84.0,249597542.0,69.0,27622.0,100.0,0.0,100.0,2.0,100.0,0.0,100.0,0.0,100.0,0.0,100.0,0.0,100.0,0.0,77.0,23.0,100.0,0.0,100.0,0.0,98.0,5183.0,23.0,23.0,100.0,0.0,100.0,0.0,200.0,0.0,100.0,27569.0,100.0,41289165752.0,100.0,134748716347.0
2019-05-11,Z305KBFK,ST4000DM000,4000787030016,0,120.0,236651184.0,98.0,0.0,100.0,2.0,100.0,0.0,84.0,251452659.0,69.0,27646.0,100.0,0.0,100.0,2.0,100.0,0.0,100.0,0.0,100.0,0.0,100.0,0.0,100.0,0.0,78.0,22.0,100.0,0.0,100.0,0.0,98.0,5183.0,22.0,22.0,100.0,0.0,100.0,0.0,200.0,0.0,100.0,27593.0,100.0,41306276760.0,100.0,134875302369.0
2019-05-12,Z305KBFK,ST4000DM000,4000787030016,0,119.0,217455248.0,98.0,0.0,100.0,2.0,100.0,0.0,84.0,252081060.0,69.0,27670.0,100.0,0.0,100.0,2.0,100.0,0.0,100.0,0.0,100.0,0.0,100.0,0.0,100.0,0.0,75.0,25.0,100.0,0.0,100.0,0.0,98.0,5183.0,25.0,25.0,100.0,0.0,100.0,0.0,200.0,0.0,100.0,27617.0,100.0,41324792824.0,100.0,134938014565.0
2019-05-13,Z305KBFK,ST4000DM000,4000787030016,0,107.0,13558544.0,98.0,0.0,100.0,2.0,100.0,0.0,84.0,253644760.0,69.0,27694.0,100.0,0.0,100.0,2.0,100.0,0.0,100.0,0.0,100.0,0.0,100.0,0.0,100.0,0.0,75.0,25.0,100.0,0.0,100.0,0.0,98.0,5183.0,25.0,25.0,100.0,0.0,100.0,0.0,200.0,0.0,100.0,27640.0,100.0,41340912168.0,100.0,135016937017.0
2019-05-14,Z305KBFK,ST4000DM000,4000787030016,0,113.0,57342736.0,98.0,0.0,100.0,2.0,100.0,0.0,84.0,254208295.0,69.0,27718.0,100.0,0.0,100.0,2.0,100.0,0.0,100.0,0.0,100.0,0.0,100.0,0.0,100.0,0.0,77.0,23.0,100.0,0.0,100.0,0.0,98.0,5183.0,23.0,23.0,100.0,0.0,100.0,0.0,200.0,0.0,100.0,27664.0,100.0,41351410000.0,100.0,135082172467.0
2019-05-15,Z305KBFK,ST4000DM000,4000787030016,0,117.0,158207616.0,98.0,0.0,100.0,2.0,100.0,0.0,84.0,254881496.0,69.0,27742.0,100.0,0.0,100.0,2.0,100.0,0.0,100.0,0.0,100.0,0.0,100.0,0.0,100.0,0.0,76.0,24.0,100.0,0.0,100.0,0.0,98.0,5183.0,24.0,24.0,100.0,0.0,100.0,0.0,200.0,0.0,100.0,27688.0,100.0,41361926096.0,100.0,135144120241.0
2019-05-16,Z305KBFK,ST4000DM000,4000787030016,0,110.0,28458584.0,98.0,0.0,100.0,2.0,100.0,0.0,84.0,255532390.0,69.0,27765.0,100.0,0.0,100.0,2.0,100.0,0.0,100.0,0.0,100.0,0.0,100.0,0.0,100.0,0.0,78.0,22.0,100.0,0.0,100.0,0.0,98.0,5184.0,22.0,22.0,100.0,0.0,100.0,0.0,200.0,0.0,100.0,27712.0,100.0,41371353896.0,100.0,135238290534.0
2019-05-17,Z305KBFK,ST4000DM000,4000787030016,0,105.0,10282104.0,98.0,0.0,100.0,2.0,100.0,0.0,84.0,256386209.0,69.0,27789.0,100.0,0.0,100.0,2.0,100.0,0.0,100.0,0.0,100.0,0.0,100.0,0.0,100.0,0.0,78.0,22.0,100.0,0.0,100.0,0.0,98.0,5184.0,22.0,22.0,100.0,0.0,100.0,0.0,200.0,0.0,100.0,27736.0,100.0,41389747512.0,100.0,135353330000.0
2019-05-18,Z305KBFK,ST4000DM000,4000787030016,0,118.0,185214704.0,98.0,0.0,100.0,2.0,100.0,0.0,84.0,258509514.0,69.0,27813.0,100.0,0.0,100.0,2.0,100.0,0.0,100.0,0.0,100.0,0.0,100.0,0.0,100.0,0.0,78.0,22.0,100.0,0.0,100.0,0.0,98.0,5184.0,22.0,22.0,100.0,0.0,100.0,0.0,200.0,0.0,100.0,27760.0,100.0,41408347208.0,100.0,135491506040.0
2019-05-19,Z305KBFK,ST4000DM000,4000787030016,0,110.0,27018432.0,98.0,0.0,100.0,2.0,100.0,0.0,84.0,259941286.0,69.0,27837.0,100.0,0.0,100.0,2.0,100.0,0.0,100.0,0.0,100.0,0.0,100.0,0.0,100.0,0.0,77.0,23.0,100.0,0.0,100.0,0.0,98.0,5184.0,23.0,23.0,100.0,0.0,100.0,0.0,200.0,0.0,100.0,27784.0,100.0,41419657392.0,100.0,135594683766.0
2019-05-20,Z305KBFK,ST4000DM000,4000787030016,0,108.0,18460920.0,98.0,0.0,100.0,2.0,100.0,0.0,84.0,262621020.0,69.0,27861.0,100.0,0.0,100.0,2.0,100.0,0.0,100.0,0.0,100.0,0.0,100.0,0.0,100.0,0.0,74.0,26.0,100.0,0.0,100.0,0.0,98.0,5184.0,26.0,26.0,100.0,0.0,100.0,0.0,200.0,0.0,100.0,27808.0,100.0,41441627000.0,100.0,135688938289.0
2019-05-21,Z305KBFK,ST4000DM000,4000787030016,0,106.0,12538368.0,98.0,0.0,100.0,2.0,100.0,0.0,84.0,263336404.0,69.0,27885.0,100.0,0.0,100.0,2.0,100.0,0.0,100.0,0.0,100.0,0.0,100.0,0.0,100.0,0.0,78.0,22.0,100.0,0.0,100.0,0.0,98.0,5184.0,22.0,22.0,100.0,0.0,100.0,0.0,200.0,0.0,100.0,27832.0,100.0,41458223600.0,100.0,135802787176.0
2019-05-22,Z305KBFK,ST4000DM000,4000787030016,0,115.0,92767016.0,98.0,0.0,100.0,2.0,100.0,0.0,84.0,264122103.0,69.0,27909.0,100.0,0.0,100.0,2.0,100.0,0.0,100.0,0.0,100.0,0.0,100.0,0.0,100.0,0.0,77.0,23.0,100.0,0.0,100.0,0.0,98.0,5184.0,23.0,23.0,100.0,0.0,100.0,0.0,200.0,0.0,100.0,27856.0,100.0,41475688632.0,100.0,135974597693.0
2019-05-23,Z305KBFK,ST4000DM000,4000787030016,0,116.0,117312392.0,98.0,0.0,100.0,2.0,100.0,0.0,84.0,264843177.0,69.0,27933.0,100.0,0.0,100.0,2.0,100.0,0.0,100.0,0.0,100.0,0.0,100.0,0.0,100.0,0.0,74.0,26.0,100.0,0.0,100.0,0.0,98.0,5184.0,26.0,26.0,100.0,0.0,100.0,0.0,200.0,0.0,100.0,27879.0,100.0,41489860304.0,100.0,136125329478.0
2019-05-24,Z305KBFK,ST4000DM000,4000787030016,0,113.0,53098168.0,98.0,0.0,100.0,2.0,100.0,0.0,84.0,265435465.0,69.0,27957.0,100.0,0.0,100.0,2.0,100.0,0.0,100.0,0.0,100.0,0.0,100.0,0.0,100.0,0.0,75.0,25.0,100.0,0.0,100.0,0.0,98.0,5184.0,25.0,25.0,100.0,0.0,100.0,0.0,200.0,0.0,100.0,27904.0,100.0,41500962136.0,100.0,136314047062.0
2019-05-25,Z305KBFK,ST4000DM000,4000787030016,0,114.0,67856440.0,98.0,0.0,100.0,2.0,100.0,0.0,84.0,267032851.0,69.0,27981.0,100.0,0.0,100.0,2.0,100.0,0.0,100.0,0.0,100.0,0.0,100.0,0.0,100.0,0.0,77.0,23.0,100.0,0.0,100.0,0.0,98.0,5184.0,23.0,23.0,100.0,0.0,100.0,0.0,200.0,0.0,100.0,27927.0,100.0,41516858744.0,100.0,136528509021.0
2019-05-26,Z305KBFK,ST4000DM000,4000787030016,0,117.0,119785768.0,98.0,0.0,100.0,2.0,100.0,0.0,84.0,267532407.0,69.0,28005.0,100.0,0.0,100.0,2.0,100.0,0.0,100.0,0.0,100.0,0.0,100.0,0.0,100.0,0.0,75.0,25.0,100.0,0.0,100.0,0.0,98.0,5184.0,25.0,25.0,100.0,0.0,100.0,0.0,200.0,0.0,100.0,27951.0,100.0,41526564928.0,100.0,136683322909.0
2019-05-27,Z305KBFK,ST4000DM000,4000787030016,0,109.0,24907920.0,98.0,0.0,100.0,2.0,100.0,0.0,84.0,268643185.0,69.0,28028.0,100.0,0.0,100.0,2.0,100.0,0.0,100.0,0.0,100.0,0.0,100.0,0.0,100.0,0.0,77.0,23.0,100.0,0.0,100.0,0.0,98.0,5185.0,23.0,23.0,100.0,0.0,100.0,0.0,200.0,0.0,100.0,27975.0,100.0,41536869736.0,100.0,136798131043.0
2019-05-28,Z305KBFK,ST4000DM000,4000787030016,0,119.0,222347576.0,98.0,0.0,100.0,2.0,100.0,0.0,84.0,269368121.0,68.0,28052.0,100.0,0.0,100.0,2.0,100.0,0.0,100.0,0.0,100.0,0.0,100.0,0.0,100.0,0.0,78.0,22.0,100.0,0.0,100.0,0.0,98.0,5185.0,22.0,22.0,100.0,0.0,100.0,0.0,200.0,0.0,100.0,27999.0,100.0,41554927400.0,100.0,136958964659.0
2019-05-29,Z305KBFK,ST4000DM000,4000787030016,0,114.0,69238584.0,98.0,0.0,100.0,2.0,100.0,0.0,84.0,270113585.0,68.0,28076.0,100.0,0.0,100.0,2.0,100.0,0.0,100.0,0.0,100.0,0.0,100.0,0.0,100.0,0.0,78.0,22.0,100.0,0.0,100.0,0.0,98.0,5185.0,22.0,22.0,100.0,0.0,100.0,0.0,200.0,0.0,100.0,28023.0,100.0,41566565696.0,100.0,137134662674.0
2019-05-30,Z305KBFK,ST4000DM000,4000787030016,0,114.0,79191584.0,98.0,0.0,100.0,2.0,100.0,0.0,84.0,270779868.0,68.0,28100.0,100.0,0.0,100.0,2.0,100.0,0.0,100.0,0.0,100.0,0.0,100.0,0.0,100.0,0.0,76.0,24.0,100.0,0.0,100.0,0.0,98.0,5185.0,24.0,24.0,100.0,0.0,100.0,0.0,200.0,0.0,100.0,28046.0,100.0,41575190312.0,100.0,137276709769.0
2019-05-31,Z305KBFK,ST4000DM000,4000787030016,0,119.0,204720152.0,98.0,0.0,100.0,2.0,100.0,0.0,84.0,271704409.0,68.0,28123.0,100.0,0.0,100.0,2.0,100.0,0.0,100.0,0.0,100.0,0.0,100.0,0.0,100.0,0.0,77.0,23.0,100.0,0.0,100.0,0.0,98.0,5187.0,23.0,23.0,100.0,0.0,100.0,0.0,200.0,0.0,100.0,28070.0,100.0,41586166696.0,100.0,137429786367.0
2019-06-01,Z305KBFK,ST4000DM000,4000787030016,0,118.0,177069512.0,98.0,0.0,100.0,2.0,100.0,0.0,84.0,273827513.0,68.0,28147.0,100.0,0.0,100.0,2.0,100.0,0.0,100.0,0.0,100.0,0.0,100.0,0.0,100.0,0.0,77.0,23.0,100.0,0.0,100.0,0.0,98.0,5187.0,23.0,23.0,100.0,0.0,100.0,0.0,200.0,0.0,100.0,28094.0,100.0,41604088680.0,100.0,137589434756.0
2019-06-02,Z305KBFK,ST4000DM000,4000787030016,0,112.0,49853280.0,98.0,0.0,100.0,2.0,100.0,0.0,84.0,275095251.0,68.0,28171.0,100.0,0.0,100.0,2.0,100.0,0.0,100.0,0.0,100.0,0.0,100.0,0.0,100.0,0.0,78.0,22.0,100.0,0.0,100.0,0.0,98.0,5187.0,22.0,22.0,100.0,0.0,100.0,0.0,200.0,0.0,100.0,28118.0,100.0,41614643752.0,100.0,137776338948.0
2019-06-03,Z305KBFK,ST4000DM000,4000787030016,0,117.0,142569856.0,98.0,0.0,100.0,2.0,100.0,0.0,84.0,277047878.0,68.0,28195.0,100.0,0.0,100.0,2.0,100.0,0.0,100.0,0.0,100.0,0.0,100.0,0.0,100.0,0.0,76.0,24.0,100.0,0.0,100.0,0.0,98.0,5187.0,24.0,24.0,100.0,0.0,100.0,0.0,200.0,0.0,100.0,28141.0,100.0,41629551976.0,100.0,137910174598.0
2019-06-04,Z305KBFK,ST4000DM000,4000787030016,0,117.0,151698072.0,98.0,0.0,100.0,2.0,100.0,0.0,84.0,277482725.0,68.0,28219.0,100.0,0.0,100.0,2.0,100.0,0.0,100.0,0.0,100.0,0.0,100.0,0.0,100.0,0.0,77.0,23.0,100.0,0.0,100.0,0.0,98.0,5187.0,23.0,23.0,100.0,0.0,100.0,0.0,200.0,0.0,100.0,28165.0,100.0,41636129552.0,100.0,137990527409.0
2019-06-05,Z305KBFK,ST4000DM000,4000787030016,0,118.0,183222720.0,98.0,0.0,100.0,2.0,100.0,0.0,84.0,279774609.0,68.0,28255.0,100.0,0.0,100.0,2.0,100.0,0.0,100.0,0.0,100.0,0.0,100.0,0.0,100.0,0.0,78.0,22.0,100.0,0.0,100.0,0.0,98.0,5187.0,22.0,22.0,100.0,0.0,100.0,0.0,200.0,0.0,100.0,28201.0,100.0,41661143320.0,100.0,138183177266.0
2019-06-06,Z305KBFK,ST4000DM000,4000787030016,0,117.0,157004648.0,98.0,0.0,100.0,2.0,100.0,0.0,84.0,280763595.0,68.0,28278.0,100.0,0.0,100.0,2.0,100.0,0.0,100.0,0.0,100.0,0.0,100.0,0.0,100.0,0.0,75.0,25.0,100.0,0.0,100.0,0.0,98.0,5187.0,25.0,25.0,100.0,0.0,100.0,0.0,200.0,0.0,100.0,28225.0,100.0,41681592448.0,100.0,138327271213.0
2019-06-07,Z305KBFK,ST4000DM000,4000787030016,0,114.0,68228088.0,98.0,0.0,100.0,2.0,100.0,0.0,84.0,282129564.0,68.0,28302.0,100.0,0.0,100.0,2.0,100.0,0.0,100.0,0.0,100.0,0.0,100.0,0.0,100.0,0.0,77.0,23.0,100.0,0.0,100.0,0.0,98.0,5187.0,23.0,23.0,100.0,0.0,100.0,0.0,200.0,0.0,100.0,28249.0,100.0,41699132264.0,100.0,138464626114.0
2019-06-08,Z305KBFK,ST4000DM000,4000787030016,0,119.0,234319320.0,98.0,0.0,100.0,2.0,100.0,0.0,84.0,283770094.0,68.0,28327.0,100.0,0.0,100.0,2.0,100.0,0.0,100.0,0.0,100.0,0.0,100.0,0.0,100.0,0.0,76.0,24.0,100.0,0.0,100.0,0.0,98.0,5187.0,24.0,24.0,100.0,0.0,100.0,0.0,200.0,0.0,100.0,28274.0,100.0,41711839704.0,100.0,138667481673.0
2019-06-09,Z305KBFK,ST4000DM000,4000787030016,0,119.0,225953904.0,98.0,0.0,100.0,2.0,100.0,0.0,84.0,284659552.0,68.0,28351.0,100.0,0.0,100.0,2.0,100.0,0.0,100.0,0.0,100.0,0.0,100.0,0.0,100.0,0.0,77.0,23.0,100.0,0.0,100.0,0.0,98.0,5187.0,23.0,23.0,100.0,0.0,100.0,0.0,200.0,0.0,100.0,28298.0,100.0,41720411624.0,100.0,138811035527.0
2019-06-10,Z305KBFK,ST4000DM000,4000787030016,0,116.0,109440352.0,98.0,0.0,100.0,2.0,100.0,0.0,84.0,285970716.0,68.0,28375.0,100.0,0.0,100.0,2.0,100.0,0.0,100.0,0.0,100.0,0.0,100.0,0.0,100.0,0.0,76.0,24.0,100.0,0.0,100.0,0.0,98.0,5193.0,24.0,24.0,100.0,0.0,100.0,0.0,200.0,0.0,100.0,28321.0,100.0,41734524152.0,100.0,138867260109.0
2019-06-11,Z305KBFK,ST4000DM000,4000787030016,0,117.0,138929504.0,98.0,0.0,100.0,2.0,100.0,0.0,84.0,286788426.0,68.0,28399.0,100.0,0.0,100.0,2.0,100.0,0.0,100.0,0.0,100.0,0.0,100.0,0.0,100.0,0.0,78.0,22.0,100.0,0.0,100.0,0.0,98.0,5193.0,22.0,22.0,100.0,0.0,100.0,0.0,200.0,0.0,100.0,28345.0,100.0,41743880912.0,100.0,139015819822.0
2019-06-12,Z305KBFK,ST4000DM000,4000787030016,0,114.0,71216272.0,98.0,0.0,100.0,2.0,100.0,0.0,84.0,287717738.0,68.0,28423.0,100.0,0.0,100.0,2.0,100.0,0.0,100.0,0.0,100.0,0.0,100.0,0.0,100.0,0.0,79.0,21.0,100.0,0.0,100.0,0.0,98.0,5193.0,21.0,21.0,100.0,0.0,100.0,0.0,200.0,0.0,100.0,28369.0,100.0,41752809184.0,100.0,139156267942.0
2019-06-13,Z305KBFK,ST4000DM000,4000787030016,0,117.0,123218600.0,98.0,0.0,100.0,2.0,100.0,0.0,84.0,288448255.0,68.0,28447.0,100.0,0.0,100.0,2.0,100.0,0.0,100.0,0.0,100.0,0.0,100.0,0.0,100.0,0.0,75.0,25.0,100.0,0.0,100.0,0.0,98.0,5193.0,25.0,25.0,100.0,0.0,100.0,0.0,200.0,0.0,100.0,28393.0,100.0,41760692728.0,100.0,139261645644.0
2019-06-14,Z305KBFK,ST4000DM000,4000787030016,0,113.0,50704256.0,98.0,0.0,100.0,2.0,100.0,0.0,84.0,289988389.0,68.0,28470.0,100.0,0.0,100.0,2.0,100.0,0.0,100.0,0.0,100.0,0.0,100.0,0.0,100.0,0.0,77.0,23.0,100.0,0.0,100.0,0.0,98.0,5193.0,23.0,23.0,100.0,0.0,100.0,0.0,200.0,0.0,100.0,28417.0,100.0,41770830528.0,100.0,139401145920.0
2019-06-15,Z305KBFK,ST4000DM000,4000787030016,0,120.0,236895624.0,98.0,0.0,100.0,2.0,100.0,0.0,84.0,291202556.0,68.0,28494.0,100.0,0.0,100.0,2.0,100.0,0.0,100.0,0.0,100.0,0.0,100.0,0.0,100.0,0.0,74.0,26.0,100.0,0.0,100.0,0.0,98.0,5193.0,26.0,26.0,100.0,0.0,100.0,0.0,200.0,0.0,100.0,28441.0,100.0,41779611656.0,100.0,139546806842.0
2019-06-16,Z305KBFK,ST4000DM000,4000787030016,0,117.0,137269832.0,98.0,0.0,100.0,2.0,100.0,0.0,84.0,292230094.0,68.0,28518.0,100.0,0.0,100.0,2.0,100.0,0.0,100.0,0.0,100.0,0.0,100.0,0.0,100.0,0.0,75.0,25.0,100.0,0.0,100.0,0.0,98.0,5193.0,25.0,25.0,100.0,0.0,100.0,0.0,200.0,0.0,100.0,28465.0,100.0,41795244936.0,100.0,139674201823.0
2019-06-17,Z305KBFK,ST4000DM000,4000787030016,0,106.0,10654232.0,98.0,0.0,100.0,2.0,100.0,0.0,84.0,293697553.0,68.0,28542.0,100.0,0.0,100.0,2.0,100.0,0.0,100.0,0.0,100.0,0.0,100.0,0.0,100.0,0.0,75.0,25.0,100.0,0.0,100.0,0.0,98.0,5193.0,25.0,25.0,100.0,0.0,100.0,0.0,200.0,0.0,100.0,28489.0,100.0,41812331888.0,100.0,139746421287.0
2019-06-18,Z305KBFK,ST4000DM000,4000787030016,0,117.0,159380320.0,98.0,0.0,100.0,2.0,100.0,0.0,84.0,294354758.0,68.0,28566.0,100.0,0.0,100.0,2.0,100.0,0.0,100.0,0.0,100.0,0.0,100.0,0.0,100.0,0.0,77.0,23.0,100.0,0.0,100.0,0.0,98.0,5194.0,23.0,23.0,100.0,0.0,100.0,0.0,200.0,0.0,100.0,28512.0,100.0,41817537960.0,100.0,139831780180.0
2019-06-19,Z305KBFK,ST4000DM000,4000787030016,0,117.0,135171272.0,98.0,0.0,100.0,2.0,100.0,0.0,84.0,294580021.0,68.0,28578.0,100.0,0.0,100.0,2.0,100.0,0.0,100.0,0.0,100.0,0.0,100.0,0.0,100.0,0.0,79.0,21.0,100.0,0.0,100.0,0.0,98.0,5194.0,21.0,21.0,100.0,0.0,100.0,0.0,200.0,0.0,100.0,28524.0,100.0,41820640512.0,100.0,139858125705.0
2019-06-20,Z305KBFK,ST4000DM000,4000787030016,0,114.0,61221568.0,98.0,0.0,100.0,2.0,100.0,0.0,84.0,295338454.0,68.0,28602.0,100.0,0.0,100.0,2.0,100.0,0.0,100.0,0.0,100.0,0.0,100.0,0.0,100.0,0.0,75.0,25.0,100.0,0.0,100.0,0.0,98.0,5194.0,25.0,25.0,100.0,0.0,100.0,0.0,200.0,0.0,100.0,28548.0,100.0,41831115280.0,100.0,139975991098.0
2019-06-21,Z305KBFK,ST4000DM000,4000787030016,0,118.0,176183896.0,98.0,0.0,100.0,2.0,100.0,0.0,84.0,295977420.0,68.0,28625.0,100.0,0.0,100.0,2.0,100.0,0.0,100.0,0.0,100.0,0.0,100.0,0.0,100.0,0.0,77.0,23.0,100.0,0.0,100.0,0.0,98.0,5194.0,23.0,23.0,100.0,0.0,100.0,0.0,200.0,0.0,100.0,28572.0,100.0,41842117288.0,100.0,140058603055.0
2019-06-22,Z305KBFK,ST4000DM000,4000787030016,0,119.0,221243384.0,98.0,0.0,100.0,2.0,100.0,0.0,84.0,297872970.0,68.0,28649.0,100.0,0.0,100.0,2.0,100.0,0.0,100.0,0.0,100.0,0.0,100.0,0.0,100.0,0.0,75.0,25.0,100.0,0.0,100.0,0.0,98.0,5194.0,25.0,25.0,100.0,0.0,100.0,0.0,200.0,0.0,100.0,28596.0,100.0,41862684704.0,100.0,140208594436.0
2019-06-23,Z305KBFK,ST4000DM000,4000787030016,0,111.0,41005440.0,98.0,0.0,100.0,2.0,100.0,0.0,84.0,298385933.0,68.0,28673.0,100.0,0.0,100.0,2.0,100.0,0.0,100.0,0.0,100.0,0.0,100.0,0.0,100.0,0.0,77.0,23.0,100.0,0.0,100.0,0.0,98.0,5194.0,23.0,23.0,100.0,0.0,100.0,0.0,200.0,0.0,100.0,28619.0,100.0,41870277472.0,100.0,140256164604.0
2019-06-24,Z305KBFK,ST4000DM000,4000787030016,0,119.0,227941392.0,98.0,0.0,100.0,2.0,100.0,0.0,84.0,299788197.0,68.0,28697.0,100.0,0.0,100.0,2.0,100.0,0.0,100.0,0.0,100.0,0.0,100.0,0.0,100.0,0.0,77.0,23.0,100.0,0.0,100.0,0.0,98.0,5194.0,23.0,23.0,100.0,0.0,100.0,0.0,200.0,0.0,100.0,28643.0,100.0,41880862520.0,100.0,140375015231.0
2019-06-25,Z305KBFK,ST4000DM000,4000787030016,0,118.0,199360016.0,98.0,0.0,100.0,2.0,100.0,0.0,84.0,300861136.0,68.0,28721.0,100.0,0.0,100.0,2.0,100.0,0.0,100.0,0.0,100.0,0.0,100.0,0.0,100.0,0.0,75.0,25.0,100.0,0.0,100.0,0.0,98.0,5194.0,25.0,25.0,100.0,0.0,100.0,0.0,200.0,0.0,100.0,28667.0,100.0,41894374280.0,100.0,140453625958.0
2019-06-26,Z305KBFK,ST4000DM000,4000787030016,0,117.0,127547720.0,98.0,0.0,100.0,2.0,100.0,0.0,84.0,301660258.0,68.0,28744.0,100.0,0.0,100.0,2.0,100.0,0.0,100.0,0.0,100.0,0.0,100.0,0.0,100.0,0.0,76.0,24.0,100.0,0.0,100.0,0.0,98.0,5194.0,24.0,24.0,100.0,0.0,100.0,0.0,200.0,0.0,100.0,28691.0,100.0,41904949048.0,100.0,140537004702.0
2019-06-27,Z305KBFK,ST4000DM000,4000787030016,0,112.0,47747568.0,98.0,0.0,100.0,2.0,100.0,0.0,84.0,303037007.0,68.0,28768.0,100.0,0.0,100.0,2.0,100.0,0.0,100.0,0.0,100.0,0.0,100.0,0.0,100.0,0.0,76.0,24.0,100.0,0.0,100.0,0.0,98.0,5195.0,24.0,24.0,100.0,0.0,100.0,0.0,200.0,0.0,100.0,28715.0,100.0,41913696568.0,100.0,140666185236.0
2019-06-28,Z305KBFK,ST4000DM000,4000787030016,0,112.0,47554056.0,98.0,0.0,100.0,2.0,100.0,0.0,84.0,305019355.0,68.0,28792.0,100.0,0.0,100.0,2.0,100.0,0.0,100.0,0.0,100.0,0.0,100.0,0.0,100.0,0.0,75.0,25.0,100.0,0.0,100.0,0.0,98.0,5195.0,25.0,25.0,100.0,0.0,100.0,0.0,200.0,0.0,100.0,28739.0,100.0,41928028128.0,100.0,140814324611.0
2019-06-29,Z305KBFK,ST4000DM000,4000787030016,0,119.0,205981576.0,98.0,0.0,100.0,2.0,100.0,0.0,84.0,307734893.0,68.0,28817.0,100.0,0.0,100.0,2.0,100.0,0.0,100.0,0.0,100.0,0.0,100.0,0.0,100.0,0.0,76.0,24.0,100.0,0.0,100.0,0.0,98.0,5195.0,24.0,24.0,100.0,0.0,100.0,0.0,200.0,0.0,100.0,28763.0,100.0,41940988864.0,100.0,141042623066.0
2019-06-30,Z305KBFK,ST4000DM000,4000787030016,0,119.0,209398544.0,98.0,0.0,100.0,2.0,100.0,0.0,84.0,309154193.0,68.0,28841.0,100.0,0.0,100.0,2.0,100.0,0.0,100.0,0.0,100.0,0.0,100.0,0.0,100.0,0.0,77.0,23.0,100.0,0.0,100.0,0.0,98.0,5195.0,23.0,23.0,100.0,0.0,100.0,0.0,200.0,0.0,100.0,28787.0,100.0,41954436424.0,100.0,141224643787.0
2019-07-01,Z305KBFK,ST4000DM000,4000787030016,0,120.0,241061984.0,98.0,0.0,100.0,2.0,100.0,0.0,84.0,310477228.0,68.0,28864.0,100.0,0.0,100.0,2.0,100.0,0.0,100.0,0.0,100.0,0.0,100.0,0.0,100.0,0.0,77.0,23.0,100.0,0.0,100.0,0.0,98.0,5195.0,23.0,23.0,100.0,0.0,100.0,0.0,200.0,0.0,100.0,28811.0,100.0,41965719960.0,100.0,141486413583.0
2019-07-02,Z305KBFK,ST4000DM000,4000787030016,0,114.0,81207256.0,98.0,0.0,100.0,2.0,100.0,0.0,84.0,311784435.0,68.0,28888.0,100.0,0.0,100.0,2.0,100.0,0.0,100.0,0.0,100.0,0.0,100.0,0.0,100.0,0.0,77.0,23.0,100.0,0.0,100.0,0.0,98.0,5195.0,23.0,23.0,100.0,0.0,100.0,0.0,200.0,0.0,100.0,28835.0,100.0,41976034216.0,100.0,141795183658.0
2019-07-03,Z305KBFK,ST4000DM000,4000787030016,0,116.0,102171344.0,98.0,0.0,100.0,2.0,100.0,0.0,84.0,313007789.0,67.0,28924.0,100.0,0.0,100.0,2.0,100.0,0.0,100.0,0.0,100.0,0.0,100.0,0.0,100.0,0.0,78.0,22.0,100.0,0.0,100.0,0.0,98.0,5196.0,22.0,22.0,100.0,0.0,100.0,0.0,200.0,0.0,100.0,28871.0,100.0,41994513376.0,100.0,142291506452.0
2019-07-04,Z305KBFK,ST4000DM000,4000787030016,0,117.0,120846800.0,98.0,0.0,100.0,2.0,100.0,0.0,84.0,314183568.0,67.0,28948.0,100.0,0.0,100.0,2.0,100.0,0.0,100.0,0.0,100.0,0.0,100.0,0.0,100.0,0.0,78.0,22.0,100.0,0.0,100.0,0.0,98.0,5196.0,22.0,22.0,100.0,0.0,100.0,0.0,200.0,0.0,100.0,28894.0,100.0,42002452320.0,100.0,142604313172.0
2019-07-05,Z305KBFK,ST4000DM000,4000787030016,0,119.0,230937032.0,98.0,0.0,100.0,2.0,100.0,0.0,84.0,316237133.0,67.0,28972.0,100.0,0.0,100.0,2.0,100.0,0.0,100.0,0.0,100.0,0.0,100.0,0.0,100.0,0.0,80.0,20.0,100.0,0.0,100.0,0.0,98.0,5196.0,20.0,20.0,100.0,0.0,100.0,0.0,200.0,0.0,100.0,28918.0,100.0,42012429864.0,100.0,142914818529.0
2019-07-06,Z305KBFK,ST4000DM000,4000787030016,0,114.0,64005472.0,98.0,0.0,100.0,2.0,100.0,0.0,84.0,318786930.0,67.0,28996.0,100.0,0.0,100.0,2.0,100.0,0.0,100.0,0.0,100.0,0.0,100.0,0.0,100.0,0.0,80.0,20.0,100.0,0.0,100.0,0.0,98.0,5196.0,20.0,20.0,100.0,0.0,100.0,0.0,200.0,0.0,100.0,28942.0,100.0,42023440984.0,100.0,143214979500.0
2019-07-07,Z305KBFK,ST4000DM000,4000787030016,0,118.0,200135456.0,98.0,0.0,100.0,2.0,100.0,0.0,84.0,319881368.0,67.0,29020.0,100.0,0.0,100.0,2.0,100.0,0.0,100.0,0.0,100.0,0.0,100.0,0.0,100.0,0.0,80.0,20.0,100.0,0.0,100.0,0.0,98.0,5196.0,20.0,20.0,100.0,0.0,100.0,0.0,200.0,0.0,100.0,28966.0,100.0,42036796832.0,100.0,143414485825.0
2019-07-08,Z305KBFK,ST4000DM000,4000787030016,0,117.0,121277152.0,98.0,0.0,100.0,2.0,100.0,0.0,84.0,321971227.0,67.0,29044.0,100.0,0.0,100.0,2.0,100.0,0.0,100.0,0.0,100.0,0.0,100.0,0.0,100.0,0.0,77.0,23.0,100.0,0.0,100.0,0.0,98.0,5196.0,23.0,23.0,100.0,0.0,100.0,0.0,200.0,0.0,100.0,28990.0,100.0,42052180544.0,100.0,143601312430.0
2019-07-09,Z305KBFK,ST4000DM000,4000787030016,0,114.0,74837736.0,98.0,0.0,100.0,2.0,100.0,0.0,84.0,324326604.0,67.0,29068.0,100.0,0.0,100.0,2.0,100.0,0.0,100.0,0.0,100.0,0.0,100.0,0.0,100.0,0.0,75.0,25.0,100.0,0.0,100.0,0.0,98.0,5196.0,25.0,25.0,100.0,0.0,100.0,0.0,200.0,0.0,100.0,29014.0,100.0,42064804536.0,100.0,143907659896.0
2019-07-10,Z305KBFK,ST4000DM000,4000787030016,0,109.0,24397272.0,98.0,0.0,100.0,2.0,100.0,0.0,84.0,325597216.0,67.0,29092.0,100.0,0.0,100.0,2.0,100.0,0.0,100.0,0.0,100.0,0.0,100.0,0.0,100.0,0.0,77.0,23.0,100.0,0.0,100.0,0.0,98.0,5197.0,23.0,23.0,100.0,0.0,100.0,0.0,200.0,0.0,100.0,29038.0,100.0,42074950536.0,100.0,144143729006.0
2019-07-11,Z305KBFK,ST4000DM000,4000787030016,0,114.0,80871384.0,98.0,0.0,100.0,2.0,100.0,0.0,84.0,327266260.0,67.0,29116.0,100.0,0.0,100.0,2.0,100.0,0.0,100.0,0.0,100.0,0.0,100.0,0.0,100.0,0.0,78.0,22.0,100.0,0.0,100.0,0.0,98.0,5197.0,22.0,22.0,100.0,0.0,100.0,0.0,200.0,0.0,100.0,29062.0,100.0,42085759488.0,100.0,144439011652.0
2019-07-12,Z305KBFK,ST4000DM000,4000787030016,0,119.0,216436400.0,98.0,0.0,100.0,2.0,100.0,0.0,84.0,328914219.0,67.0,29140.0,100.0,0.0,100.0,2.0,100.0,0.0,100.0,0.0,100.0,0.0,100.0,0.0,100.0,0.0,80.0,20.0,100.0,0.0,100.0,0.0,98.0,5197.0,20.0,20.0,100.0,0.0,100.0,0.0,200.0,0.0,100.0,29086.0,100.0,42097828392.0,100.0,144664090499.0
2019-07-13,Z305KBFK,ST4000DM000,4000787030016,0,117.0,131329576.0,98.0,0.0,100.0,2.0,100.0,0.0,84.0,331271915.0,67.0,29164.0,100.0,0.0,100.0,2.0,100.0,0.0,100.0,0.0,100.0,0.0,100.0,0.0,100.0,0.0,80.0,20.0,100.0,0.0,100.0,0.0,98.0,5197.0,20.0,20.0,100.0,0.0,100.0,0.0,200.0,0.0,100.0,29110.0,100.0,42115151392.0,100.0,144904763994.0
2019-07-14,Z305KBFK,ST4000DM000,4000787030016,0,117.0,142312088.0,98.0,0.0,100.0,2.0,100.0,0.0,84.0,332498024.0,67.0,29188.0,100.0,0.0,100.0,2.0,100.0,0.0,100.0,0.0,100.0,0.0,100.0,0.0,100.0,0.0,79.0,21.0,100.0,0.0,100.0,0.0,98.0,5197.0,21.0,21.0,100.0,0.0,100.0,0.0,200.0,0.0,100.0,29134.0,100.0,42128939152.0,100.0,145064222471.0
2019-07-15,Z305KBFK,ST4000DM000,4000787030016,0,117.0,121580552.0,98.0,0.0,100.0,2.0,100.0,0.0,84.0,334131616.0,67.0,29212.0,100.0,0.0,100.0,2.0,100.0,0.0,100.0,0.0,100.0,0.0,100.0,0.0,100.0,0.0,80.0,20.0,100.0,0.0,100.0,0.0,98.0,5197.0,20.0,20.0,100.0,0.0,100.0,0.0,200.0,0.0,100.0,29158.0,100.0,42148114960.0,100.0,145158441513.0
2019-07-16,Z305KBFK,ST4000DM000,4000787030016,0,118.0,177205648.0,98.0,0.0,100.0,2.0,100.0,0.0,84.0,335336429.0,67.0,29236.0,100.0,0.0,100.0,2.0,100.0,0.0,100.0,0.0,100.0,0.0,100.0,0.0,100.0,0.0,79.0,21.0,100.0,0.0,100.0,0.0,98.0,5197.0,21.0,21.0,100.0,0.0,100.0,0.0,200.0,0.0,100.0,29182.0,100.0,42160263888.0,100.0,145348854875.0
2019-07-17,Z305KBFK,ST4000DM000,4000787030016,0,120.0,239159000.0,98.0,0.0,100.0,2.0,100.0,0.0,85.0,336508463.0,67.0,29260.0,100.0,0.0,100.0,2.0,100.0,0.0,100.0,0.0,100.0,0.0,100.0,0.0,100.0,0.0,77.0,23.0,100.0,0.0,100.0,0.0,98.0,5197.0,23.0,23.0,100.0,0.0,100.0,0.0,200.0,0.0,100.0,29207.0,100.0,42172311200.0,100.0,145511750688.0
2019-07-18,Z305KBFK,ST4000DM000,4000787030016,0,120.0,238714928.0,98.0,0.0,100.0,2.0,100.0,0.0,85.0,337745696.0,67.0,29284.0,100.0,0.0,100.0,2.0,100.0,0.0,100.0,0.0,100.0,0.0,100.0,0.0,100.0,0.0,79.0,21.0,100.0,0.0,100.0,0.0,98.0,5199.0,21.0,21.0,100.0,0.0,100.0,0.0,200.0,0.0,100.0,29230.0,100.0,42183763216.0,100.0,145685336234.0
2019-07-19,Z305KBFK,ST4000DM000,4000787030016,0,114.0,75633408.0,98.0,0.0,100.0,2.0,100.0,0.0,85.0,338949374.0,67.0,29308.0,100.0,0.0,100.0,2.0,100.0,0.0,100.0,0.0,100.0,0.0,100.0,0.0,100.0,0.0,76.0,24.0,100.0,0.0,100.0,0.0,98.0,5199.0,24.0,24.0,100.0,0.0,100.0,0.0,200.0,0.0,100.0,29254.0,100.0,42200985944.0,100.0,145815695034.0
2019-07-20,Z305KBFK,ST4000DM000,4000787030016,0,112.0,49265216.0,98.0,0.0,100.0,2.0,100.0,0.0,85.0,341797660.0,67.0,29332.0,100.0,0.0,100.0,2.0,100.0,0.0,100.0,0.0,100.0,0.0,100.0,0.0,100.0,0.0,76.0,24.0,100.0,0.0,100.0,0.0,98.0,5199.0,24.0,24.0,100.0,0.0,100.0,0.0,200.0,0.0,100.0,29278.0,100.0,42220713808.0,100.0,146066309252.0
2019-07-21,Z305KBFK,ST4000DM000,4000787030016,0,117.0,137484568.0,98.0,0.0,100.0,2.0,100.0,0.0,85.0,343444744.0,67.0,29356.0,100.0,0.0,100.0,2.0,100.0,0.0,100.0,0.0,100.0,0.0,100.0,0.0,100.0,0.0,77.0,23.0,100.0,0.0,100.0,0.0,98.0,5199.0,23.0,23.0,100.0,0.0,100.0,0.0,200.0,0.0,100.0,29302.0,100.0,42236804760.0,100.0,146254703850.0
2019-07-22,Z305KBFK,ST4000DM000,4000787030016,0,119.0,224698176.0,98.0,0.0,100.0,2.0,100.0,0.0,85.0,345299441.0,67.0,29380.0,100.0,0.0,100.0,2.0,100.0,0.0,100.0,0.0,100.0,0.0,100.0,0.0,100.0,0.0,79.0,21.0,100.0,0.0,100.0,0.0,98.0,5200.0,21.0,21.0,100.0,0.0,100.0,0.0,200.0,0.0,100.0,29326.0,100.0,42255333048.0,100.0,146428452400.0
2019-07-23,Z305KBFK,ST4000DM000,4000787030016,0,119.0,230304936.0,98.0,0.0,100.0,2.0,100.0,0.0,85.0,346391389.0,67.0,29404.0,100.0,0.0,100.0,2.0,100.0,0.0,100.0,0.0,100.0,0.0,100.0,0.0,100.0,0.0,80.0,20.0,100.0,0.0,100.0,0.0,98.0,5200.0,20.0,20.0,100.0,0.0,100.0,0.0,200.0,0.0,100.0,29350.0,100.0,42269969344.0,100.0,146807752201.0
2019-07-24,Z305KBFK,ST4000DM000,4000787030016,0,102.0,4692224.0,98.0,0.0,100.0,2.0,100.0,0.0,85.0,347477931.0,67.0,29428.0,100.0,0.0,100.0,2.0,100.0,0.0,100.0,0.0,100.0,0.0,100.0,0.0,100.0,0.0,80.0,20.0,100.0,0.0,100.0,0.0,98.0,5200.0,20.0,20.0,100.0,0.0,100.0,0.0,200.0,0.0,100.0,29374.0,100.0,42289520280.0,100.0,147134048724.0
2019-07-25,Z305KBFK,ST4000DM000,4000787030016,0,118.0,168119584.0,98.0,0.0,100.0,2.0,100.0,0.0,85.0,348719203.0,67.0,29451.0,100.0,0.0,100.0,2.0,100.0,0.0,100.0,0.0,100.0,0.0,100.0,0.0,100.0,0.0,80.0,20.0,100.0,0.0,100.0,0.0,98.0,5200.0,20.0,20.0,100.0,0.0,100.0,0.0,200.0,0.0,100.0,29398.0,100.0,42317530000.0,100.0,147414582187.0
2019-07-26,Z305KBFK,ST4000DM000,4000787030016,0,118.0,181659304.0,98.0,0.0,100.0,2.0,100.0,0.0,85.0,350371392.0,67.0,29475.0,100.0,0.0,100.0,2.0,100.0,0.0,100.0,0.0,100.0,0.0,100.0,0.0,100.0,0.0,80.0,20.0,100.0,0.0,100.0,0.0,98.0,5201.0,20.0,20.0,100.0,0.0,100.0,0.0,200.0,0.0,100.0,29422.0,100.0,42348578920.0,100.0,147742414792.0
2019-07-27,Z305KBFK,ST4000DM000,4000787030016,0,118.0,167935208.0,98.0,0.0,100.0,2.0,100.0,0.0,85.0,354329544.0,67.0,29499.0,100.0,0.0,100.0,2.0,100.0,0.0,100.0,0.0,100.0,0.0,100.0,0.0,100.0,0.0,80.0,20.0,100.0,0.0,100.0,0.0,98.0,5201.0,20.0,20.0,100.0,0.0,100.0,0.0,200.0,0.0,100.0,29446.0,100.0,42371822824.0,100.0,148004860816.0
2019-07-28,Z305KBFK,ST4000DM000,4000787030016,0,117.0,126916952.0,98.0,0.0,100.0,2.0,100.0,0.0,85.0,356504690.0,67.0,29523.0,100.0,0.0,100.0,2.0,100.0,0.0,100.0,0.0,100.0,0.0,100.0,0.0,100.0,0.0,79.0,21.0,100.0,0.0,100.0,0.0,98.0,5201.0,21.0,21.0,100.0,0.0,100.0,0.0,200.0,0.0,100.0,29469.0,100.0,42392281776.0,100.0,148293888891.0
2019-07-29,Z305KBFK,ST4000DM000,4000787030016,0,117.0,131027544.0,98.0,0.0,100.0,2.0,100.0,0.0,85.0,358006045.0,67.0,29547.0,100.0,0.0,100.0,2.0,100.0,0.0,100.0,0.0,100.0,0.0,100.0,0.0,100.0,0.0,79.0,21.0,100.0,0.0,100.0,0.0,98.0,5201.0,21.0,21.0,100.0,0.0,100.0,0.0,200.0,0.0,100.0,29493.0,100.0,42422465696.0,100.0,148376013066.0
2019-07-30,Z305KBFK,ST4000DM000,4000787030016,0,116.0,115765432.0,98.0,0.0,100.0,2.0,100.0,0.0,85.0,359616516.0,67.0,29571.0,100.0,0.0,100.0,2.0,100.0,0.0,100.0,0.0,100.0,0.0,100.0,0.0,100.0,0.0,80.0,20.0,100.0,0.0,100.0,0.0,98.0,5201.0,20.0,20.0,100.0,0.0,100.0,0.0,200.0,0.0,100.0,29517.0,100.0,42442523520.0,100.0,148664564999.0
2019-07-31,Z305KBFK,ST4000DM000,4000787030016,0,118.0,171615232.0,98.0,0.0,100.0,2.0,100.0,0.0,85.0,360371877.0,67.0,29583.0,100.0,0.0,100.0,2.0,100.0,0.0,100.0,0.0,100.0,0.0,100.0,0.0,100.0,0.0,76.0,24.0,100.0,0.0,100.0,0.0,98.0,5201.0,24.0,24.0,100.0,0.0,100.0,0.0,200.0,0.0,100.0,29529.0,100.0,42450921112.0,100.0,148778476509.0
2019-08-01,Z305KBFK,ST4000DM000,4000787030016,0,118.0,194961928.0,98.0,0.0,100.0,2.0,100.0,0.0,85.0,362232908.0,67.0,29607.0,100.0,0.0,100.0,2.0,100.0,0.0,100.0,0.0,100.0,0.0,100.0,0.0,100.0,0.0,74.0,26.0,100.0,0.0,100.0,0.0,98.0,5201.0,26.0,26.0,100.0,0.0,100.0,0.0,200.0,0.0,100.0,29553.0,100.0,42468352648.0,100.0,149092185712.0
2019-08-02,Z305KBFK,ST4000DM000,4000787030016,0,111.0,34244120.0,98.0,0.0,100.0,2.0,100.0,0.0,85.0,363493255.0,67.0,29630.0,100.0,0.0,100.0,2.0,100.0,0.0,100.0,0.0,100.0,0.0,100.0,0.0,100.0,0.0,75.0,25.0,100.0,0.0,100.0,0.0,98.0,5201.0,25.0,25.0,100.0,0.0,100.0,0.0,200.0,0.0,100.0,29577.0,100.0,42484990512.0,100.0,149326739906.0
2019-08-03,Z305KBFK,ST4000DM000,4000787030016,0,117.0,157349816.0,98.0,0.0,100.0,2.0,100.0,0.0,85.0,366198287.0,67.0,29654.0,100.0,0.0,100.0,2.0,100.0,0.0,100.0,0.0,100.0,0.0,100.0,0.0,100.0,0.0,77.0,23.0,100.0,0.0,100.0,0.0,98.0,5201.0,23.0,23.0,100.0,0.0,100.0,0.0,200.0,0.0,100.0,29601.0,100.0,42514137728.0,100.0,149579554966.0
2019-08-04,Z305KBFK,ST4000DM000,4000787030016,0,119.0,207423352.0,98.0,0.0,100.0,2.0,100.0,0.0,85.0,367721916.0,67.0,29678.0,100.0,0.0,100.0,2.0,100.0,0.0,100.0,0.0,100.0,0.0,100.0,0.0,100.0,0.0,76.0,24.0,100.0,0.0,100.0,0.0,98.0,5201.0,24.0,24.0,100.0,0.0,100.0,0.0,200.0,0.0,100.0,29625.0,100.0,42526426512.0,100.0,149835675565.0
2019-08-05,Z305KBFK,ST4000DM000,4000787030016,0,119.0,202659312.0,98.0,0.0,100.0,2.0,100.0,0.0,85.0,369059154.0,67.0,29702.0,100.0,0.0,100.0,2.0,100.0,0.0,100.0,0.0,100.0,0.0,100.0,0.0,100.0,0.0,76.0,24.0,100.0,0.0,100.0,0.0,98.0,5201.0,24.0,24.0,100.0,0.0,100.0,0.0,200.0,0.0,100.0,29648.0,100.0,42540637216.0,100.0,149996138005.0
2019-08-06,Z305KBFK,ST4000DM000,4000787030016,0,108.0,15236592.0,98.0,0.0,100.0,2.0,100.0,0.0,85.0,370850117.0,67.0,29726.0,100.0,0.0,100.0,2.0,100.0,0.0,100.0,0.0,100.0,0.0,100.0,0.0,100.0,0.0,77.0,23.0,100.0,0.0,100.0,0.0,98.0,5201.0,23.0,23.0,100.0,0.0,100.0,0.0,200.0,0.0,100.0,29672.0,100.0,42569642184.0,100.0,150114515546.0
2019-08-07,Z305KBFK,ST4000DM000,4000787030016,0,115.0,84550824.0,98.0,0.0,100.0,2.0,100.0,0.0,85.0,372781419.0,67.0,29762.0,100.0,0.0,100.0,2.0,100.0,0.0,100.0,0.0,100.0,0.0,100.0,0.0,100.0,0.0,78.0,22.0,100.0,0.0,100.0,0.0,98.0,5201.0,22.0,22.0,100.0,0.0,100.0,0.0,200.0,0.0,100.0,29708.0,100.0,42600174488.0,100.0,150372453086.0
2019-08-08,Z305KBFK,ST4000DM000,4000787030016,0,119.0,217699520.0,98.0,0.0,100.0,2.0,100.0,0.0,85.0,374392184.0,66.0,29786.0,100.0,0.0,100.0,2.0,100.0,0.0,100.0,0.0,100.0,0.0,100.0,0.0,100.0,0.0,79.0,21.0,100.0,0.0,100.0,0.0,98.0,5201.0,21.0,21.0,100.0,0.0,100.0,0.0,200.0,0.0,100.0,29732.0,100.0,42625462376.0,100.0,150570199660.0
2019-08-09,Z305KBFK,ST4000DM000,4000787030016,0,119.0,230694688.0,98.0,0.0,100.0,2.0,100.0,0.0,85.0,375856623.0,66.0,29810.0,100.0,0.0,100.0,2.0,100.0,0.0,100.0,0.0,100.0,0.0,100.0,0.0,100.0,0.0,78.0,22.0,100.0,0.0,100.0,0.0,98.0,5201.0,22.0,22.0,100.0,0.0,100.0,0.0,200.0,0.0,100.0,29756.0,100.0,42645531664.0,100.0,150735677472.0
2019-08-10,Z305KBFK,ST4000DM000,4000787030016,0,111.0,36523560.0,98.0,0.0,100.0,2.0,100.0,0.0,85.0,377896722.0,66.0,29833.0,100.0,0.0,100.0,2.0,100.0,0.0,100.0,0.0,100.0,0.0,100.0,0.0,100.0,0.0,79.0,21.0,100.0,0.0,100.0,0.0,98.0,5201.0,21.0,21.0,100.0,0.0,100.0,0.0,200.0,0.0,100.0,29780.0,100.0,42674346752.0,100.0,150855171935.0
2019-08-11,Z305KBFK,ST4000DM000,4000787030016,0,119.0,211471544.0,98.0,0.0,100.0,2.0,100.0,0.0,85.0,379590016.0,66.0,29857.0,100.0,0.0,100.0,2.0,100.0,0.0,100.0,0.0,100.0,0.0,100.0,0.0,100.0,0.0,79.0,21.0,100.0,0.0,100.0,0.0,98.0,5201.0,21.0,21.0,100.0,0.0,100.0,0.0,200.0,0.0,100.0,29804.0,100.0,42694036256.0,100.0,151074221924.0
2019-08-12,Z305KBFK,ST4000DM000,4000787030016,0,107.0,12814888.0,98.0,0.0,100.0,2.0,100.0,0.0,85.0,382406577.0,66.0,29881.0,100.0,0.0,100.0,2.0,100.0,0.0,100.0,0.0,100.0,0.0,100.0,0.0,100.0,0.0,79.0,21.0,100.0,0.0,100.0,0.0,98.0,5201.0,21.0,21.0,100.0,0.0,100.0,0.0,200.0,0.0,100.0,29827.0,100.0,42780765184.0,100.0,151203075901.0
2019-08-13,Z305KBFK,ST4000DM000,4000787030016,0,105.0,7958112.0,98.0,0.0,100.0,2.0,100.0,0.0,85.0,383400779.0,66.0,29905.0,100.0,0.0,100.0,2.0,100.0,0.0,100.0,0.0,100.0,0.0,100.0,0.0,100.0,0.0,79.0,21.0,100.0,0.0,100.0,0.0,98.0,5201.0,21.0,21.0,100.0,0.0,100.0,0.0,200.0,0.0,100.0,29851.0,100.0,42801232784.0,100.0,151396470979.0
2019-08-14,Z305KBFK,ST4000DM000,4000787030016,0,114.0,63485104.0,98.0,0.0,100.0,2.0,100.0,0.0,85.0,384455753.0,66.0,29929.0,100.0,0.0,100.0,2.0,100.0,0.0,100.0,0.0,100.0,0.0,100.0,0.0,100.0,0.0,79.0,21.0,100.0,0.0,100.0,0.0,98.0,5201.0,21.0,21.0,100.0,0.0,100.0,0.0,200.0,0.0,100.0,29875.0,100.0,42819215480.0,100.0,151748715470.0
2019-08-15,Z305KBFK,ST4000DM000,4000787030016,0,115.0,89122176.0,98.0,0.0,100.0,2.0,100.0,0.0,85.0,385601740.0,66.0,29953.0,100.0,0.0,100.0,2.0,100.0,0.0,100.0,0.0,100.0,0.0,100.0,0.0,100.0,0.0,78.0,22.0,100.0,0.0,100.0,0.0,98.0,5203.0,22.0,22.0,100.0,0.0,100.0,0.0,200.0,0.0,100.0,29899.0,100.0,42831720832.0,100.0,152028126423.0
2019-08-16,Z305KBFK,ST4000DM000,4000787030016,0,117.0,163591936.0,98.0,0.0,100.0,2.0,100.0,0.0,85.0,386625239.0,66.0,29977.0,100.0,0.0,100.0,2.0,100.0,0.0,100.0,0.0,100.0,0.0,100.0,0.0,100.0,0.0,78.0,22.0,100.0,0.0,100.0,0.0,98.0,5203.0,22.0,22.0,100.0,0.0,100.0,0.0,200.0,0.0,100.0,29923.0,100.0,42853465032.0,100.0,152363553830.0
2019-08-17,Z305KBFK,ST4000DM000,4000787030016,0,114.0,72117688.0,98.0,0.0,100.0,2.0,100.0,0.0,85.0,389102727.0,66.0,30001.0,100.0,0.0,100.0,2.0,100.0,0.0,100.0,0.0,100.0,0.0,100.0,0.0,100.0,0.0,78.0,22.0,100.0,0.0,100.0,0.0,98.0,5203.0,22.0,22.0,100.0,0.0,100.0,0.0,200.0,0.0,100.0,29947.0,100.0,42877999952.0,100.0,152732742832.0
2019-08-18,Z305KBFK,ST4000DM000,4000787030016,0,118.0,177925120.0,98.0,0.0,100.0,2.0,100.0,0.0,85.0,392091151.0,66.0,30024.0,100.0,0.0,100.0,2.0,100.0,0.0,100.0,0.0,100.0,0.0,100.0,0.0,100.0,0.0,79.0,21.0,100.0,0.0,100.0,0.0,98.0,5203.0,21.0,21.0,100.0,0.0,100.0,0.0,200.0,0.0,100.0,29971.0,100.0,42919067280.0,100.0,153011802345.0
2019-08-19,Z305KBFK,ST4000DM000,4000787030016,0,115.0,89032504.0,98.0,0.0,100.0,2.0,100.0,0.0,85.0,394421636.0,66.0,30048.0,100.0,0.0,100.0,2.0,100.0,0.0,100.0,0.0,100.0,0.0,100.0,0.0,100.0,0.0,79.0,21.0,100.0,0.0,100.0,0.0,98.0,5203.0,21.0,21.0,100.0,0.0,100.0,0.0,200.0,0.0,100.0,29995.0,100.0,42951654064.0,100.0,153180511510.0
2019-08-20,Z305KBFK,ST4000DM000,4000787030016,0,113.0,57125264.0,98.0,0.0,100.0,2.0,100.0,0.0,85.0,396412709.0,66.0,30072.0,100.0,0.0,100.0,2.0,100.0,0.0,100.0,0.0,100.0,0.0,100.0,0.0,100.0,0.0,79.0,21.0,100.0,0.0,100.0,0.0,98.0,5203.0,21.0,21.0,100.0,0.0,100.0,0.0,200.0,0.0,100.0,30018.0,100.0,42974238256.0,100.0,153429369410.0
2019-08-21,Z305KBFK,ST4000DM000,4000787030016,0,112.0,46552832.0,98.0,0.0,100.0,2.0,100.0,0.0,85.0,397579485.0,66.0,30096.0,100.0,0.0,100.0,2.0,100.0,0.0,100.0,0.0,100.0,0.0,100.0,0.0,100.0,0.0,79.0,21.0,100.0,0.0,100.0,0.0,98.0,5203.0,21.0,21.0,100.0,0.0,100.0,0.0,200.0,0.0,100.0,30042.0,100.0,43001958600.0,100.0,153620521297.0
2019-08-22,Z305KBFK,ST4000DM000,4000787030016,0,115.0,86632424.0,98.0,0.0,100.0,2.0,100.0,0.0,85.0,399388739.0,66.0,30120.0,100.0,0.0,100.0,2.0,100.0,0.0,100.0,0.0,100.0,0.0,100.0,0.0,100.0,0.0,79.0,21.0,100.0,0.0,100.0,0.0,98.0,5203.0,21.0,21.0,100.0,0.0,100.0,0.0,200.0,0.0,100.0,30066.0,100.0,43025764184.0,100.0,153888308239.0
2019-08-23,Z305KBFK,ST4000DM000,4000787030016,0,117.0,147316792.0,98.0,0.0,100.0,2.0,100.0,0.0,85.0,401283375.0,66.0,30144.0,100.0,0.0,100.0,2.0,100.0,0.0,100.0,0.0,100.0,0.0,100.0,0.0,100.0,0.0,78.0,22.0,100.0,0.0,100.0,0.0,98.0,5203.0,22.0,22.0,100.0,0.0,100.0,0.0,200.0,0.0,100.0,30090.0,100.0,43048731760.0,100.0,154191593804.0
2019-08-24,Z305KBFK,ST4000DM000,4000787030016,0,115.0,92704808.0,98.0,0.0,100.0,2.0,100.0,0.0,86.0,403792411.0,66.0,30167.0,100.0,0.0,100.0,2.0,100.0,0.0,100.0,0.0,100.0,0.0,100.0,0.0,100.0,0.0,78.0,22.0,100.0,0.0,100.0,0.0,98.0,5203.0,22.0,22.0,100.0,0.0,100.0,0.0,200.0,0.0,100.0,30114.0,100.0,43076085000.0,100.0,154444870715.0
2019-08-25,Z305KBFK,ST4000DM000,4000787030016,0,108.0,17304744.0,98.0,0.0,100.0,2.0,100.0,0.0,86.0,405427892.0,66.0,30192.0,100.0,0.0,100.0,2.0,100.0,0.0,100.0,0.0,100.0,0.0,100.0,0.0,100.0,0.0,78.0,22.0,100.0,0.0,100.0,0.0,98.0,5203.0,22.0,22.0,100.0,0.0,100.0,0.0,200.0,0.0,100.0,30138.0,100.0,43098987544.0,100.0,154684388832.0
2019-08-26,Z305KBFK,ST4000DM000,4000787030016,0,118.0,179835528.0,98.0,0.0,100.0,2.0,100.0,0.0,86.0,409152010.0,66.0,30240.0,100.0,0.0,100.0,2.0,100.0,0.0,100.0,0.0,100.0,0.0,100.0,0.0,100.0,0.0,78.0,22.0,100.0,0.0,100.0,0.0,98.0,5203.0,22.0,22.0,100.0,0.0,100.0,0.0,200.0,0.0,100.0,30186.0,100.0,43163576400.0,100.0,155061719239.0
2019-08-27,Z305KBFK,ST4000DM000,4000787030016,0,118.0,179835528.0,98.0,0.0,100.0,2.0,100.0,0.0,86.0,409152010.0,66.0,30240.0,100.0,0.0,100.0,2.0,100.0,0.0,100.0,0.0,100.0,0.0,100.0,0.0,100.0,0.0,78.0,22.0,100.0,0.0,100.0,0.0,98.0,5203.0,22.0,22.0,100.0,0.0,100.0,0.0,200.0,0.0,100.0,30186.0,100.0,43163576400.0,100.0,155061719239.0
2019-08-28,Z305KBFK,ST4000DM000,4000787030016,0,106.0,11940624.0,98.0,0.0,100.0,2.0,100.0,0.0,86.0,410359576.0,66.0,30264.0,100.0,0.0,100.0,2.0,100.0,0.0,100.0,0.0,100.0,0.0,100.0,0.0,100.0,0.0,78.0,22.0,100.0,0.0,100.0,0.0,98.0,5203.0,22.0,22.0,100.0,0.0,100.0,0.0,200.0,0.0,100.0,30210.0,100.0,43187806960.0,100.0,155205174985.0
2019-08-29,Z305KBFK,ST4000DM000,4000787030016,0,119.0,210973680.0,98.0,0.0,100.0,2.0,100.0,0.0,86.0,411650522.0,66.0,30287.0,100.0,0.0,100.0,2.0,100.0,0.0,100.0,0.0,100.0,0.0,100.0,0.0,100.0,0.0,79.0,21.0,100.0,0.0,100.0,0.0,98.0,5203.0,21.0,21.0,100.0,0.0,100.0,0.0,200.0,0.0,100.0,30234.0,100.0,43212413320.0,100.0,155379835235.0
2019-08-30,Z305KBFK,ST4000DM000,4000787030016,0,117.0,123481736.0,98.0,0.0,100.0,2.0,100.0,0.0,86.0,412891275.0,66.0,30311.0,100.0,0.0,100.0,2.0,100.0,0.0,100.0,0.0,100.0,0.0,100.0,0.0,100.0,0.0,79.0,21.0,100.0,0.0,100.0,0.0,98.0,5203.0,21.0,21.0,100.0,0.0,100.0,0.0,200.0,0.0,100.0,30258.0,100.0,43234633520.0,100.0,155535900852.0
2019-08-31,Z305KBFK,ST4000DM000,4000787030016,0,118.0,189608992.0,98.0,0.0,100.0,2.0,100.0,0.0,86.0,415363065.0,66.0,30335.0,100.0,0.0,100.0,2.0,100.0,0.0,100.0,0.0,100.0,0.0,100.0,0.0,100.0,0.0,79.0,21.0,100.0,0.0,100.0,0.0,98.0,5203.0,21.0,21.0,100.0,0.0,100.0,0.0,200.0,0.0,100.0,30282.0,100.0,43279054880.0,100.0,155692650210.0
2019-09-01,Z305KBFK,ST4000DM000,4000787030016,0,111.0,34819608.0,98.0,0.0,100.0,2.0,100.0,0.0,86.0,416431505.0,66.0,30359.0,100.0,0.0,100.0,2.0,100.0,0.0,100.0,0.0,100.0,0.0,100.0,0.0,100.0,0.0,78.0,22.0,100.0,0.0,100.0,0.0,98.0,5203.0,22.0,22.0,100.0,0.0,100.0,0.0,200.0,0.0,100.0,30305.0,100.0,43303737984.0,100.0,155800655255.0
2019-09-02,Z305KBFK,ST4000DM000,4000787030016,0,117.0,125886632.0,98.0,0.0,100.0,2.0,100.0,0.0,86.0,417671766.0,66.0,30384.0,100.0,0.0,100.0,2.0,100.0,0.0,100.0,0.0,100.0,0.0,100.0,0.0,100.0,0.0,78.0,22.0,100.0,0.0,100.0,0.0,98.0,5203.0,22.0,22.0,100.0,0.0,100.0,0.0,200.0,0.0,100.0,30331.0,100.0,43338673848.0,100.0,155895671534.0
2019-09-03,Z305KBFK,ST4000DM000,4000787030016,0,114.0,69130928.0,98.0,0.0,100.0,2.0,100.0,0.0,86.0,419274041.0,66.0,30410.0,100.0,0.0,100.0,2.0,100.0,0.0,100.0,0.0,100.0,0.0,100.0,0.0,100.0,0.0,78.0,22.0,100.0,0.0,100.0,0.0,98.0,5203.0,22.0,22.0,100.0,0.0,100.0,0.0,200.0,0.0,100.0,30356.0,100.0,43367010200.0,100.0,156014412123.0
2019-09-04,Z305KBFK,ST4000DM000,4000787030016,0,119.0,209497936.0,98.0,0.0,100.0,2.0,100.0,0.0,86.0,421312444.0,66.0,30434.0,100.0,0.0,100.0,2.0,100.0,0.0,100.0,0.0,100.0,0.0,100.0,0.0,100.0,0.0,78.0,22.0,100.0,0.0,100.0,0.0,98.0,5203.0,22.0,22.0,100.0,0.0,100.0,0.0,200.0,0.0,100.0,30380.0,100.0,43385076264.0,100.0,156195750250.0
2019-09-05,Z305KBFK,ST4000DM000,4000787030016,0,111.0,36970096.0,98.0,0.0,100.0,2.0,100.0,0.0,86.0,422390944.0,66.0,30459.0,100.0,0.0,100.0,2.0,100.0,0.0,100.0,0.0,100.0,0.0,100.0,0.0,100.0,0.0,77.0,23.0,100.0,0.0,100.0,0.0,98.0,5203.0,23.0,23.0,100.0,0.0,100.0,0.0,200.0,0.0,100.0,30405.0,100.0,43403700720.0,100.0,156406514693.0
2019-09-06,Z305KBFK,ST4000DM000,4000787030016,0,118.0,168838912.0,98.0,0.0,100.0,2.0,100.0,0.0,86.0,423920652.0,66.0,30482.0,100.0,0.0,100.0,2.0,100.0,0.0,100.0,0.0,100.0,0.0,100.0,0.0,100.0,0.0,79.0,21.0,100.0,0.0,100.0,0.0,98.0,5205.0,21.0,21.0,100.0,0.0,100.0,0.0,200.0,0.0,100.0,30429.0,100.0,43425884016.0,100.0,156665344870.0
2019-09-07,Z305KBFK,ST4000DM000,4000787030016,0,117.0,139339696.0,98.0,0.0,100.0,2.0,100.0,0.0,86.0,425844082.0,66.0,30507.0,100.0,0.0,100.0,2.0,100.0,0.0,100.0,0.0,100.0,0.0,100.0,0.0,100.0,0.0,79.0,21.0,100.0,0.0,100.0,0.0,98.0,5205.0,21.0,21.0,100.0,0.0,100.0,0.0,200.0,0.0,100.0,30453.0,100.0,43448692336.0,100.0,157036094674.0
2019-09-08,Z305KBFK,ST4000DM000,4000787030016,0,117.0,159436216.0,98.0,0.0,100.0,2.0,100.0,0.0,86.0,427562065.0,66.0,30531.0,100.0,0.0,100.0,2.0,100.0,0.0,100.0,0.0,100.0,0.0,100.0,0.0,100.0,0.0,76.0,24.0,100.0,0.0,100.0,0.0,98.0,5205.0,24.0,24.0,100.0,0.0,100.0,0.0,200.0,0.0,100.0,30477.0,100.0,43470420848.0,100.0,157382388445.0
2019-09-09,Z305KBFK,ST4000DM000,4000787030016,0,119.0,224759392.0,98.0,0.0,100.0,2.0,100.0,0.0,86.0,430110237.0,66.0,30555.0,100.0,0.0,100.0,2.0,100.0,0.0,100.0,0.0,100.0,0.0,100.0,0.0,100.0,0.0,79.0,21.0,100.0,0.0,100.0,0.0,98.0,5205.0,21.0,21.0,100.0,0.0,100.0,0.0,200.0,0.0,100.0,30501.0,100.0,43497395152.0,100.0,157532407750.0
2019-09-10,Z305KBFK,ST4000DM000,4000787030016,0,117.0,133820224.0,98.0,0.0,100.0,2.0,100.0,0.0,86.0,431350737.0,66.0,30579.0,100.0,0.0,100.0,2.0,100.0,0.0,100.0,0.0,100.0,0.0,100.0,0.0,100.0,0.0,77.0,23.0,100.0,0.0,100.0,0.0,98.0,5205.0,23.0,23.0,100.0,0.0,100.0,0.0,200.0,0.0,100.0,30525.0,100.0,43522441432.0,100.0,157724837030.0
2019-09-11,Z305KBFK,ST4000DM000,4000787030016,0,118.0,199302808.0,98.0,0.0,100.0,2.0,100.0,0.0,86.0,432952736.0,66.0,30605.0,100.0,0.0,100.0,2.0,100.0,0.0,100.0,0.0,100.0,0.0,100.0,0.0,100.0,0.0,76.0,24.0,100.0,0.0,100.0,0.0,98.0,5205.0,24.0,24.0,100.0,0.0,100.0,0.0,200.0,0.0,100.0,30551.0,100.0,43550694688.0,100.0,158043948836.0
2019-09-12,Z305KBFK,ST4000DM000,4000787030016,0,119.0,231305200.0,98.0,0.0,100.0,2.0,100.0,0.0,86.0,434973800.0,66.0,30629.0,100.0,0.0,100.0,2.0,100.0,0.0,100.0,0.0,100.0,0.0,100.0,0.0,100.0,0.0,79.0,21.0,100.0,0.0,100.0,0.0,98.0,5205.0,21.0,21.0,100.0,0.0,100.0,0.0,200.0,0.0,100.0,30575.0,100.0,43585997248.0,100.0,158352442492.0
2019-09-13,Z305KBFK,ST4000DM000,4000787030016,0,120.0,241602968.0,98.0,0.0,100.0,2.0,100.0,0.0,86.0,436738892.0,66.0,30652.0,100.0,0.0,100.0,2.0,100.0,0.0,100.0,0.0,100.0,0.0,100.0,0.0,100.0,0.0,79.0,21.0,100.0,0.0,100.0,0.0,98.0,5205.0,21.0,21.0,100.0,0.0,100.0,0.0,200.0,0.0,100.0,30599.0,100.0,43620896488.0,100.0,158597628387.0
2019-09-14,Z305KBFK,ST4000DM000,4000787030016,0,114.0,64886760.0,98.0,0.0,100.0,2.0,100.0,0.0,86.0,438693172.0,65.0,30676.0,100.0,0.0,100.0,2.0,100.0,0.0,100.0,0.0,100.0,0.0,100.0,0.0,100.0,0.0,78.0,22.0,100.0,0.0,100.0,0.0,98.0,5205.0,22.0,22.0,100.0,0.0,100.0,0.0,200.0,0.0,100.0,30623.0,100.0,43641639208.0,100.0,158799097632.0
2019-09-15,Z305KBFK,ST4000DM000,4000787030016,0,113.0,56369840.0,98.0,0.0,100.0,2.0,100.0,0.0,86.0,440498195.0,65.0,30700.0,100.0,0.0,100.0,2.0,100.0,0.0,100.0,0.0,100.0,0.0,100.0,0.0,100.0,0.0,77.0,23.0,100.0,0.0,100.0,0.0,98.0,5205.0,23.0,23.0,100.0,0.0,100.0,0.0,200.0,0.0,100.0,30646.0,100.0,43657746976.0,100.0,159048095103.0
2019-09-16,Z305KBFK,ST4000DM000,4000787030016,0,116.0,111059632.0,98.0,0.0,100.0,2.0,100.0,0.0,86.0,441986456.0,65.0,30725.0,100.0,0.0,100.0,2.0,100.0,0.0,100.0,0.0,100.0,0.0,100.0,0.0,100.0,0.0,76.0,24.0,100.0,0.0,100.0,0.0,98.0,5205.0,24.0,24.0,100.0,0.0,100.0,0.0,200.0,0.0,100.0,30671.0,100.0,43678382656.0,100.0,159187125676.0
2019-09-17,Z305KBFK,ST4000DM000,4000787030016,0,116.0,117271936.0,98.0,0.0,100.0,2.0,100.0,0.0,86.0,443379572.0,65.0,30749.0,100.0,0.0,100.0,2.0,100.0,0.0,100.0,0.0,100.0,0.0,100.0,0.0,100.0,0.0,75.0,25.0,100.0,0.0,100.0,0.0,98.0,5205.0,25.0,25.0,100.0,0.0,100.0,0.0,200.0,0.0,100.0,30695.0,100.0,43706449792.0,100.0,159222397151.0
2019-09-18,Z305KBFK,ST4000DM000,4000787030016,0,114.0,74636144.0,98.0,0.0,100.0,2.0,100.0,0.0,86.0,444203537.0,65.0,30761.0,100.0,0.0,100.0,2.0,100.0,0.0,100.0,0.0,100.0,0.0,100.0,0.0,100.0,0.0,76.0,24.0,100.0,0.0,100.0,0.0,98.0,5205.0,24.0,24.0,100.0,0.0,100.0,0.0,200.0,0.0,100.0,30707.0,100.0,43713655296.0,100.0,159353108923.0
2019-09-19,Z305KBFK,ST4000DM000,4000787030016,0,116.0,113867872.0,98.0,0.0,100.0,2.0,100.0,0.0,86.0,445615120.0,65.0,30785.0,100.0,0.0,100.0,2.0,100.0,0.0,100.0,0.0,100.0,0.0,100.0,0.0,100.0,0.0,77.0,23.0,100.0,0.0,100.0,0.0,98.0,5207.0,23.0,23.0,100.0,0.0,100.0,0.0,200.0,0.0,100.0,30731.0,100.0,43732255384.0,100.0,159608508034.0
2019-09-20,Z305KBFK,ST4000DM000,4000787030016,0,116.0,111339768.0,98.0,0.0,100.0,2.0,100.0,0.0,86.0,447179419.0,65.0,30809.0,100.0,0.0,100.0,2.0,100.0,0.0,100.0,0.0,100.0,0.0,100.0,0.0,100.0,0.0,76.0,24.0,100.0,0.0,100.0,0.0,98.0,5207.0,24.0,24.0,100.0,0.0,100.0,0.0,200.0,0.0,100.0,30755.0,100.0,43752645320.0,100.0,159847124632.0
2019-09-21,Z305KBFK,ST4000DM000,4000787030016,0,119.0,225159496.0,98.0,0.0,100.0,2.0,100.0,0.0,86.0,449238526.0,65.0,30833.0,100.0,0.0,100.0,2.0,100.0,0.0,100.0,0.0,100.0,0.0,100.0,0.0,100.0,0.0,77.0,23.0,100.0,0.0,100.0,0.0,98.0,5207.0,23.0,23.0,100.0,0.0,100.0,0.0,200.0,0.0,100.0,30779.0,100.0,43780579456.0,100.0,160066197201.0
2019-09-22,Z305KBFK,ST4000DM000,4000787030016,0,117.0,148622640.0,98.0,0.0,100.0,2.0,100.0,0.0,86.0,451309297.0,65.0,30856.0,100.0,0.0,100.0,2.0,100.0,0.0,100.0,0.0,100.0,0.0,100.0,0.0,100.0,0.0,77.0,23.0,100.0,0.0,100.0,0.0,98.0,5207.0,23.0,23.0,100.0,0.0,100.0,0.0,200.0,0.0,100.0,30803.0,100.0,43805052880.0,100.0,160269210509.0
2019-09-23,Z305KBFK,ST4000DM000,4000787030016,0,112.0,49216672.0,98.0,0.0,100.0,2.0,100.0,0.0,86.0,452619381.0,65.0,30880.0,100.0,0.0,100.0,2.0,100.0,0.0,100.0,0.0,100.0,0.0,100.0,0.0,100.0,0.0,77.0,23.0,100.0,0.0,100.0,0.0,98.0,5207.0,23.0,23.0,100.0,0.0,100.0,0.0,200.0,0.0,100.0,30826.0,100.0,43830768488.0,100.0,160394064741.0
2019-09-24,Z305KBFK,ST4000DM000,4000787030016,0,120.0,1679608.0,98.0,0.0,100.0,2.0,100.0,0.0,86.0,454352363.0,65.0,30904.0,100.0,0.0,100.0,2.0,100.0,0.0,100.0,0.0,100.0,0.0,100.0,0.0,100.0,0.0,78.0,22.0,100.0,0.0,100.0,0.0,98.0,5207.0,22.0,22.0,100.0,0.0,100.0,0.0,200.0,0.0,100.0,30851.0,100.0,43878646048.0,100.0,160487234881.0
2019-09-25,Z305KBFK,ST4000DM000,4000787030016,0,117.0,164966768.0,98.0,0.0,100.0,2.0,100.0,0.0,86.0,455759208.0,65.0,30928.0,100.0,0.0,100.0,2.0,100.0,0.0,100.0,0.0,100.0,0.0,100.0,0.0,100.0,0.0,76.0,24.0,100.0,0.0,100.0,0.0,98.0,5207.0,24.0,24.0,100.0,0.0,100.0,0.0,200.0,0.0,100.0,30874.0,100.0,43894472016.0,100.0,160685072819.0
2019-09-26,Z305KBFK,ST4000DM000,4000787030016,0,117.0,156773480.0,98.0,0.0,100.0,2.0,100.0,0.0,86.0,457375112.0,65.0,30952.0,100.0,0.0,100.0,2.0,100.0,0.0,100.0,0.0,100.0,0.0,100.0,0.0,100.0,0.0,75.0,25.0,100.0,0.0,100.0,0.0,98.0,5207.0,25.0,25.0,100.0,0.0,100.0,0.0,200.0,0.0,100.0,30898.0,100.0,43917339424.0,100.0,160924887536.0
2019-09-27,Z305KBFK,ST4000DM000,4000787030016,0,117.0,135957064.0,98.0,0.0,100.0,2.0,100.0,0.0,86.0,458675741.0,65.0,30976.0,100.0,0.0,100.0,2.0,100.0,0.0,100.0,0.0,100.0,0.0,100.0,0.0,100.0,0.0,76.0,24.0,100.0,0.0,100.0,0.0,98.0,5207.0,24.0,24.0,100.0,0.0,100.0,0.0,200.0,0.0,100.0,30922.0,100.0,43948491872.0,100.0,161068055350.0
2019-09-28,Z305KBFK,ST4000DM000,4000787030016,0,118.0,176168936.0,98.0,0.0,100.0,2.0,100.0,0.0,86.0,460899869.0,65.0,31000.0,100.0,0.0,100.0,2.0,100.0,0.0,100.0,0.0,100.0,0.0,100.0,0.0,100.0,0.0,75.0,25.0,100.0,0.0,100.0,0.0,98.0,5207.0,25.0,25.0,100.0,0.0,100.0,0.0,200.0,0.0,100.0,30947.0,100.0,43983585120.0,100.0,161195673369.0
2019-09-29,Z305KBFK,ST4000DM000,4000787030016,0,106.0,11943432.0,98.0,0.0,100.0,2.0,100.0,0.0,86.0,462790245.0,65.0,31024.0,100.0,0.0,100.0,2.0,100.0,0.0,100.0,0.0,100.0,0.0,100.0,0.0,100.0,0.0,75.0,25.0,100.0,0.0,100.0,0.0,98.0,5207.0,25.0,25.0,100.0,0.0,100.0,0.0,200.0,0.0,100.0,30971.0,100.0,43999457024.0,100.0,161426921388.0
2019-09-30,Z305KBFK,ST4000DM000,4000787030016,0,120.0,240233096.0,98.0,0.0,100.0,2.0,100.0,0.0,86.0,464317464.0,65.0,31049.0,100.0,0.0,100.0,2.0,100.0,0.0,100.0,0.0,100.0,0.0,100.0,0.0,100.0,0.0,75.0,25.0,100.0,0.0,100.0,0.0,98.0,5208.0,25.0,25.0,100.0,0.0,100.0,0.0,200.0,0.0,100.0,30995.0,100.0,44011863104.0,100.0,161574869315.0
2019-10-01,Z305KBFK,ST4000DM000,4000787030016,0,113.0,57653888.0,98.0,0.0,100.0,2.0,100.0,0.0,86.0,465924112.0,65.0,31072.0,100.0,0.0,100.0,2.0,100.0,0.0,100.0,0.0,100.0,0.0,100.0,0.0,100.0,0.0,74.0,26.0,100.0,0.0,100.0,0.0,98.0,5208.0,26.0,26.0,100.0,0.0,100.0,0.0,200.0,0.0,100.0,31019.0,100.0,44025041072.0,100.0,161758443235.0
2019-10-02,Z305KBFK,ST4000DM000,4000787030016,0,119.0,205945216.0,98.0,0.0,100.0,2.0,100.0,0.0,86.0,467081238.0,65.0,31096.0,100.0,0.0,100.0,2.0,100.0,0.0,100.0,0.0,100.0,0.0,100.0,0.0,100.0,0.0,74.0,26.0,100.0,0.0,100.0,0.0,98.0,5208.0,26.0,26.0,100.0,0.0,100.0,0.0,200.0,0.0,100.0,31043.0,100.0,44044816776.0,100.0,162133045862.0
2019-10-03,Z305KBFK,ST4000DM000,4000787030016,0,119.0,231957392.0,98.0,0.0,100.0,2.0,100.0,0.0,86.0,468410897.0,65.0,31120.0,100.0,0.0,100.0,2.0,100.0,0.0,100.0,0.0,100.0,0.0,100.0,0.0,100.0,0.0,76.0,24.0,100.0,0.0,100.0,0.0,98.0,5208.0,24.0,24.0,100.0,0.0,100.0,0.0,200.0,0.0,100.0,31066.0,100.0,44069522472.0,100.0,162466085608.0
2019-10-04,Z305KBFK,ST4000DM000,4000787030016,0,118.0,192332920.0,98.0,0.0,100.0,2.0,100.0,0.0,86.0,469724184.0,65.0,31144.0,100.0,0.0,100.0,2.0,100.0,0.0,100.0,0.0,100.0,0.0,100.0,0.0,100.0,0.0,76.0,24.0,100.0,0.0,100.0,0.0,98.0,5208.0,24.0,24.0,100.0,0.0,100.0,0.0,200.0,0.0,100.0,31090.0,100.0,44105093832.0,100.0,162784043338.0
2019-10-05,Z305KBFK,ST4000DM000,4000787030016,0,117.0,124355056.0,98.0,0.0,100.0,2.0,100.0,0.0,87.0,471417071.0,65.0,31168.0,100.0,0.0,100.0,2.0,100.0,0.0,100.0,0.0,100.0,0.0,100.0,0.0,100.0,0.0,73.0,27.0,100.0,0.0,100.0,0.0,98.0,5208.0,27.0,27.0,100.0,0.0,100.0,0.0,200.0,0.0,100.0,31114.0,100.0,44137368344.0,100.0,163060363797.0
2019-10-06,Z305KBFK,ST4000DM000,4000787030016,0,116.0,109638344.0,98.0,0.0,100.0,2.0,100.0,0.0,87.0,473689718.0,65.0,31192.0,100.0,0.0,100.0,2.0,100.0,0.0,100.0,0.0,100.0,0.0,100.0,0.0,100.0,0.0,77.0,23.0,100.0,0.0,100.0,0.0,98.0,5208.0,23.0,23.0,100.0,0.0,100.0,0.0,200.0,0.0,100.0,31139.0,100.0,44186509920.0,100.0,163376428934.0
2019-10-07,Z305KBFK,ST4000DM000,4000787030016,0,115.0,97201192.0,98.0,0.0,100.0,2.0,100.0,0.0,87.0,475653096.0,65.0,31217.0,100.0,0.0,100.0,2.0,100.0,0.0,100.0,0.0,100.0,0.0,100.0,0.0,100.0,0.0,77.0,23.0,100.0,0.0,100.0,0.0,98.0,5208.0,23.0,23.0,100.0,0.0,100.0,0.0,200.0,0.0,100.0,31163.0,100.0,44254963824.0,100.0,163582574663.0
2019-10-08,Z305KBFK,ST4000DM000,4000787030016,0,116.0,101527248.0,98.0,0.0,100.0,2.0,100.0,0.0,87.0,477815595.0,65.0,31240.0,100.0,0.0,100.0,2.0,100.0,0.0,100.0,0.0,100.0,0.0,100.0,0.0,100.0,0.0,76.0,24.0,100.0,0.0,100.0,0.0,98.0,5208.0,24.0,24.0,100.0,0.0,100.0,0.0,200.0,0.0,100.0,31187.0,100.0,44281133728.0,100.0,163702217581.0
2019-10-09,Z305KBFK,ST4000DM000,4000787030016,0,119.0,208811056.0,98.0,0.0,100.0,2.0,100.0,0.0,87.0,480060794.0,65.0,31264.0,100.0,0.0,100.0,2.0,100.0,0.0,100.0,0.0,100.0,0.0,100.0,0.0,100.0,0.0,77.0,23.0,100.0,0.0,100.0,0.0,98.0,5208.0,23.0,23.0,100.0,0.0,100.0,0.0,200.0,0.0,100.0,31211.0,100.0,44293077856.0,100.0,163949174182.0
2019-10-10,Z305KBFK,ST4000DM000,4000787030016,0,111.0,31312928.0,98.0,0.0,100.0,2.0,100.0,0.0,87.0,482349090.0,65.0,31300.0,100.0,0.0,100.0,2.0,100.0,0.0,100.0,0.0,100.0,0.0,100.0,0.0,100.0,0.0,76.0,24.0,100.0,0.0,100.0,0.0,98.0,5211.0,24.0,24.0,100.0,0.0,100.0,0.0,200.0,0.0,100.0,31246.0,100.0,44310615768.0,100.0,164325410667.0
2019-10-11,Z305KBFK,ST4000DM000,4000787030016,0,119.0,221479752.0,98.0,0.0,100.0,2.0,100.0,0.0,87.0,484187519.0,65.0,31324.0,100.0,0.0,100.0,2.0,100.0,0.0,100.0,0.0,100.0,0.0,100.0,0.0,100.0,0.0,76.0,24.0,100.0,0.0,100.0,0.0,98.0,5211.0,24.0,24.0,100.0,0.0,100.0,0.0,200.0,0.0,100.0,31270.0,100.0,44318144056.0,100.0,164658321688.0
2019-10-12,Z305KBFK,ST4000DM000,4000787030016,0,111.0,32412368.0,98.0,0.0,100.0,2.0,100.0,0.0,87.0,486213792.0,65.0,31348.0,100.0,0.0,100.0,2.0,100.0,0.0,100.0,0.0,100.0,0.0,100.0,0.0,100.0,0.0,75.0,25.0,100.0,0.0,100.0,0.0,98.0,5234.0,25.0,25.0,100.0,0.0,100.0,0.0,200.0,0.0,100.0,31294.0,100.0,44334110968.0,100.0,164825403196.0
2019-10-13,Z305KBFK,ST4000DM000,4000787030016,0,108.0,17211576.0,98.0,0.0,100.0,2.0,100.0,0.0,87.0,486857888.0,65.0,31372.0,100.0,0.0,100.0,2.0,100.0,0.0,100.0,0.0,100.0,0.0,100.0,0.0,100.0,0.0,77.0,23.0,100.0,0.0,100.0,0.0,98.0,5322.0,23.0,23.0,100.0,0.0,100.0,0.0,200.0,0.0,100.0,31318.0,100.0,44339561248.0,100.0,164917959269.0
2019-10-14,Z305KBFK,ST4000DM000,4000787030016,0,118.0,196280584.0,98.0,0.0,100.0,2.0,100.0,0.0,87.0,488451375.0,65.0,31396.0,100.0,0.0,100.0,2.0,100.0,0.0,100.0,0.0,100.0,0.0,100.0,0.0,100.0,0.0,75.0,25.0,100.0,0.0,100.0,0.0,98.0,5415.0,25.0,25.0,100.0,0.0,100.0,0.0,200.0,0.0,100.0,31341.0,100.0,44349562384.0,100.0,165007068098.0
2019-10-15,Z305KBFK,ST4000DM000,4000787030016,0,106.0,11899288.0,98.0,0.0,100.0,2.0,100.0,0.0,87.0,489654804.0,65.0,31443.0,100.0,0.0,100.0,2.0,100.0,0.0,100.0,0.0,100.0,0.0,100.0,0.0,100.0,0.0,76.0,24.0,100.0,0.0,100.0,0.0,98.0,5793.0,24.0,24.0,100.0,0.0,100.0,0.0,200.0,0.0,100.0,31388.0,100.0,44356226904.0,100.0,165179490567.0
2019-10-16,Z305KBFK,ST4000DM000,4000787030016,0,106.0,11899288.0,98.0,0.0,100.0,2.0,100.0,0.0,87.0,489654804.0,65.0,31443.0,100.0,0.0,100.0,2.0,100.0,0.0,100.0,0.0,100.0,0.0,100.0,0.0,100.0,0.0,76.0,24.0,100.0,0.0,100.0,0.0,98.0,5793.0,24.0,24.0,100.0,0.0,100.0,0.0,200.0,0.0,100.0,31388.0,100.0,44356226904.0,100.0,165179490567.0
2019-10-17,Z305KBFK,ST4000DM000,4000787030016,0,117.0,138019864.0,98.0,0.0,100.0,2.0,100.0,0.0,87.0,490345674.0,65.0,31467.0,100.0,0.0,100.0,2.0,100.0,0.0,100.0,0.0,100.0,0.0,100.0,0.0,100.0,0.0,76.0,24.0,100.0,0.0,100.0,0.0,98.0,5934.0,24.0,24.0,100.0,0.0,100.0,0.0,200.0,0.0,100.0,31411.0,100.0,44360729424.0,100.0,165269929679.0
2019-10-18,Z305KBFK,ST4000DM000,4000787030016,0,119.0,218049600.0,98.0,0.0,100.0,2.0,100.0,0.0,87.0,491274942.0,65.0,31491.0,100.0,0.0,100.0,2.0,100.0,0.0,100.0,0.0,100.0,0.0,100.0,0.0,100.0,0.0,73.0,27.0,100.0,0.0,100.0,0.0,98.0,5957.0,27.0,27.0,100.0,0.0,100.0,0.0,200.0,0.0,100.0,31435.0,100.0,44371695848.0,100.0,165357966340.0
2019-10-19,Z305KBFK,ST4000DM000,4000787030016,0,115.0,89358472.0,98.0,0.0,100.0,2.0,100.0,0.0,87.0,492461956.0,65.0,31515.0,100.0,0.0,100.0,2.0,100.0,0.0,100.0,0.0,100.0,0.0,100.0,0.0,100.0,0.0,75.0,25.0,100.0,0.0,100.0,0.0,98.0,5968.0,25.0,25.0,100.0,0.0,100.0,0.0,200.0,0.0,100.0,31459.0,100.0,44386550976.0,100.0,165394463821.0
2019-10-20,Z305KBFK,ST4000DM000,4000787030016,0,114.0,70922432.0,98.0,0.0,100.0,2.0,100.0,0.0,87.0,493555916.0,64.0,31539.0,100.0,0.0,100.0,2.0,100.0,0.0,100.0,0.0,100.0,0.0,100.0,0.0,100.0,0.0,74.0,26.0,100.0,0.0,100.0,0.0,98.0,5968.0,26.0,26.0,100.0,0.0,100.0,0.0,200.0,0.0,100.0,31483.0,100.0,44418846288.0,100.0,165472296924.0
2019-10-21,Z305KBFK,ST4000DM000,4000787030016,0,118.0,188175792.0,98.0,0.0,100.0,2.0,100.0,0.0,87.0,495588993.0,64.0,31563.0,100.0,0.0,100.0,2.0,100.0,0.0,100.0,0.0,100.0,0.0,100.0,0.0,100.0,0.0,74.0,26.0,100.0,0.0,100.0,0.0,98.0,5968.0,26.0,26.0,100.0,0.0,100.0,0.0,200.0,0.0,100.0,31507.0,100.0,44447686984.0,100.0,165574915782.0
2019-10-22,Z305KBFK,ST4000DM000,4000787030016,0,119.0,225829576.0,98.0,0.0,100.0,2.0,100.0,0.0,87.0,496011741.0,64.0,31575.0,100.0,0.0,100.0,2.0,100.0,0.0,100.0,0.0,100.0,0.0,100.0,0.0,100.0,0.0,76.0,24.0,100.0,0.0,100.0,0.0,98.0,5968.0,24.0,24.0,100.0,0.0,100.0,0.0,200.0,0.0,100.0,31518.0,100.0,44459650144.0,100.0,165623201096.0
2019-10-23,Z305KBFK,ST4000DM000,4000787030016,0,117.0,163331280.0,98.0,0.0,100.0,2.0,100.0,0.0,87.0,497223265.0,64.0,31611.0,100.0,0.0,100.0,2.0,100.0,0.0,100.0,0.0,100.0,0.0,100.0,0.0,100.0,0.0,75.0,25.0,100.0,0.0,100.0,0.0,98.0,5975.0,25.0,25.0,100.0,0.0,100.0,0.0,200.0,0.0,100.0,31554.0,100.0,44506092824.0,100.0,165773230234.0
2019-10-24,Z305KBFK,ST4000DM000,4000787030016,0,106.0,11553816.0,98.0,0.0,100.0,2.0,100.0,0.0,87.0,499021189.0,64.0,31635.0,100.0,0.0,100.0,2.0,100.0,0.0,100.0,0.0,100.0,0.0,100.0,0.0,100.0,0.0,76.0,24.0,100.0,0.0,100.0,0.0,98.0,5979.0,24.0,24.0,100.0,0.0,100.0,0.0,200.0,0.0,100.0,31578.0,100.0,44524131360.0,100.0,165836635199.0
2019-10-25,Z305KBFK,ST4000DM000,4000787030016,0,117.0,126173304.0,98.0,0.0,100.0,2.0,100.0,0.0,87.0,499993130.0,64.0,31659.0,100.0,0.0,100.0,2.0,100.0,0.0,100.0,0.0,100.0,0.0,100.0,0.0,100.0,0.0,77.0,23.0,100.0,0.0,100.0,0.0,98.0,5979.0,23.0,23.0,100.0,0.0,100.0,0.0,200.0,0.0,100.0,31602.0,100.0,44550767400.0,100.0,165930907876.0
2019-10-26,Z305KBFK,ST4000DM000,4000787030016,0,113.0,58085048.0,98.0,0.0,100.0,2.0,100.0,0.0,87.0,501392546.0,64.0,31682.0,100.0,0.0,100.0,2.0,100.0,0.0,100.0,0.0,100.0,0.0,100.0,0.0,100.0,0.0,76.0,24.0,100.0,0.0,100.0,0.0,98.0,5981.0,24.0,24.0,100.0,0.0,100.0,0.0,200.0,0.0,100.0,31626.0,100.0,44566748096.0,100.0,166001869924.0
2019-10-27,Z305KBFK,ST4000DM000,4000787030016,0,117.0,119642104.0,98.0,0.0,100.0,2.0,100.0,0.0,87.0,501966331.0,64.0,31706.0,100.0,0.0,100.0,2.0,100.0,0.0,100.0,0.0,100.0,0.0,100.0,0.0,100.0,0.0,75.0,25.0,100.0,0.0,100.0,0.0,98.0,5990.0,25.0,25.0,100.0,0.0,100.0,0.0,200.0,0.0,100.0,31650.0,100.0,44581231968.0,100.0,166051414799.0
2019-10-28,Z305KBFK,ST4000DM000,4000787030016,0,117.0,123892000.0,98.0,0.0,100.0,2.0,100.0,0.0,87.0,503742589.0,64.0,31730.0,100.0,0.0,100.0,2.0,100.0,0.0,100.0,0.0,100.0,0.0,100.0,0.0,100.0,0.0,74.0,26.0,100.0,0.0,100.0,0.0,98.0,5990.0,26.0,26.0,100.0,0.0,100.0,0.0,200.0,0.0,100.0,31674.0,100.0,44593652480.0,100.0,166162324048.0
2019-10-29,Z305KBFK,ST4000DM000,4000787030016,0,117.0,150739456.0,98.0,0.0,100.0,2.0,100.0,0.0,87.0,504203949.0,64.0,31742.0,100.0,0.0,100.0,2.0,100.0,0.0,100.0,0.0,100.0,0.0,100.0,0.0,100.0,0.0,74.0,26.0,100.0,0.0,100.0,0.0,98.0,5990.0,26.0,26.0,100.0,0.0,100.0,0.0,200.0,0.0,100.0,31686.0,100.0,44602915736.0,100.0,166203565378.0
2019-10-30,Z305KBFK,ST4000DM000,4000787030016,0,116.0,101318184.0,98.0,0.0,100.0,2.0,100.0,0.0,87.0,506548275.0,64.0,31778.0,100.0,0.0,100.0,2.0,100.0,0.0,100.0,0.0,100.0,0.0,100.0,0.0,100.0,0.0,73.0,27.0,100.0,0.0,100.0,0.0,98.0,5990.0,27.0,27.0,100.0,0.0,100.0,0.0,200.0,0.0,100.0,31722.0,100.0,44630528624.0,100.0,166489756599.0
2019-10-31,Z305KBFK,ST4000DM000,4000787030016,0,107.0,13113256.0,98.0,0.0,100.0,2.0,100.0,0.0,87.0,508393452.0,64.0,31802.0,100.0,0.0,100.0,2.0,100.0,0.0,100.0,0.0,100.0,0.0,100.0,0.0,100.0,0.0,75.0,25.0,100.0,0.0,100.0,0.0,98.0,5990.0,25.0,25.0,100.0,0.0,100.0,0.0,200.0,0.0,100.0,31745.0,100.0,44651783280.0,100.0,166686548166.0
2019-11-01,Z305KBFK,ST4000DM000,4000787030016,0,117.0,150747752.0,98.0,0.0,100.0,2.0,100.0,0.0,87.0,509723804.0,64.0,31826.0,100.0,0.0,100.0,2.0,100.0,0.0,100.0,0.0,100.0,0.0,100.0,0.0,100.0,0.0,74.0,26.0,100.0,0.0,100.0,0.0,98.0,5990.0,26.0,26.0,100.0,0.0,100.0,0.0,200.0,0.0,100.0,31769.0,100.0,44665567688.0,100.0,166942768429.0
2019-11-02,Z305KBFK,ST4000DM000,4000787030016,0,119.0,212664072.0,98.0,0.0,100.0,2.0,100.0,0.0,87.0,511759310.0,64.0,31849.0,100.0,0.0,100.0,2.0,100.0,0.0,100.0,0.0,100.0,0.0,100.0,0.0,100.0,0.0,76.0,24.0,100.0,0.0,100.0,0.0,98.0,5990.0,24.0,24.0,100.0,0.0,100.0,0.0,200.0,0.0,100.0,31793.0,100.0,44672221704.0,100.0,167331524227.0
2019-11-03,Z305KBFK,ST4000DM000,4000787030016,0,107.0,13832520.0,98.0,0.0,100.0,2.0,100.0,0.0,87.0,512630868.0,64.0,31873.0,100.0,0.0,100.0,2.0,100.0,0.0,100.0,0.0,100.0,0.0,100.0,0.0,100.0,0.0,75.0,25.0,100.0,0.0,100.0,0.0,98.0,5990.0,25.0,25.0,100.0,0.0,100.0,0.0,200.0,0.0,100.0,31817.0,100.0,44679139888.0,100.0,167660943542.0
2019-11-04,Z305KBFK,ST4000DM000,4000787030016,0,117.0,132386088.0,98.0,0.0,100.0,2.0,100.0,0.0,87.0,514428691.0,64.0,31897.0,100.0,0.0,100.0,2.0,100.0,0.0,100.0,0.0,100.0,0.0,100.0,0.0,100.0,0.0,75.0,25.0,100.0,0.0,100.0,0.0,98.0,5990.0,25.0,25.0,100.0,0.0,100.0,0.0,200.0,0.0,100.0,31841.0,100.0,44686611352.0,100.0,167843927717.0
2019-11-06,Z305KBFK,ST4000DM000,4000787030016,0,117.0,130351152.0,98.0,0.0,100.0,2.0,100.0,0.0,87.0,518038972.0,64.0,31945.0,100.0,0.0,100.0,2.0,100.0,0.0,100.0,0.0,100.0,0.0,100.0,0.0,100.0,0.0,74.0,26.0,100.0,0.0,100.0,0.0,98.0,5990.0,26.0,26.0,100.0,0.0,100.0,0.0,200.0,0.0,100.0,31888.0,100.0,44710022928.0,100.0,168447729771.0
2019-11-07,Z305KBFK,ST4000DM000,4000787030016,0,111.0,35765504.0,98.0,0.0,100.0,2.0,100.0,0.0,87.0,519275589.0,64.0,31969.0,100.0,0.0,100.0,2.0,100.0,0.0,100.0,0.0,100.0,0.0,100.0,0.0,100.0,0.0,73.0,27.0,100.0,0.0,100.0,0.0,98.0,5991.0,27.0,27.0,100.0,0.0,100.0,0.0,200.0,0.0,100.0,31912.0,100.0,44718774672.0,100.0,168654921118.0
2019-11-08,Z305KBFK,ST4000DM000,4000787030016,0,117.0,145952576.0,98.0,0.0,100.0,2.0,100.0,0.0,87.0,520403638.0,64.0,31993.0,100.0,0.0,100.0,2.0,100.0,0.0,100.0,0.0,100.0,0.0,100.0,0.0,100.0,0.0,73.0,27.0,100.0,0.0,100.0,0.0,98.0,5991.0,27.0,27.0,100.0,0.0,100.0,0.0,200.0,0.0,100.0,31936.0,100.0,44737816872.0,100.0,168864012297.0
2019-11-09,Z305KBFK,ST4000DM000,4000787030016,0,117.0,137446872.0,98.0,0.0,100.0,2.0,100.0,0.0,87.0,523130175.0,64.0,32017.0,100.0,0.0,100.0,2.0,100.0,0.0,100.0,0.0,100.0,0.0,100.0,0.0,100.0,0.0,75.0,25.0,100.0,0.0,100.0,0.0,98.0,5991.0,25.0,25.0,100.0,0.0,100.0,0.0,200.0,0.0,100.0,31960.0,100.0,44744789816.0,100.0,169174761209.0
2019-11-10,Z305KBFK,ST4000DM000,4000787030016,0,120.0,239973872.0,98.0,0.0,100.0,2.0,100.0,0.0,87.0,524323022.0,64.0,32041.0,100.0,0.0,100.0,2.0,100.0,0.0,100.0,0.0,100.0,0.0,100.0,0.0,100.0,0.0,74.0,26.0,100.0,0.0,100.0,0.0,98.0,5991.0,26.0,26.0,100.0,0.0,100.0,0.0,200.0,0.0,100.0,31984.0,100.0,44751175448.0,100.0,169396067884.0
2019-11-11,Z305KBFK,ST4000DM000,4000787030016,0,112.0,42166480.0,98.0,0.0,100.0,2.0,100.0,0.0,87.0,526398593.0,64.0,32064.0,100.0,0.0,100.0,2.0,100.0,0.0,100.0,0.0,100.0,0.0,100.0,0.0,100.0,0.0,75.0,25.0,100.0,0.0,100.0,0.0,98.0,5991.0,25.0,25.0,100.0,0.0,100.0,0.0,200.0,0.0,100.0,32008.0,100.0,44763140896.0,100.0,169606311284.0
2019-11-12,Z305KBFK,ST4000DM000,4000787030016,0,118.0,193067528.0,98.0,0.0,100.0,2.0,100.0,0.0,87.0,527694871.0,64.0,32088.0,100.0,0.0,100.0,2.0,100.0,0.0,100.0,0.0,100.0,0.0,100.0,0.0,100.0,0.0,75.0,25.0,100.0,0.0,100.0,0.0,98.0,5991.0,25.0,25.0,100.0,0.0,100.0,0.0,200.0,0.0,100.0,32032.0,100.0,44771299904.0,100.0,169810251540.0
2019-11-13,Z305KBFK,ST4000DM000,4000787030016,0,119.0,214335280.0,98.0,0.0,100.0,2.0,100.0,0.0,87.0,529153285.0,64.0,32112.0,100.0,0.0,100.0,2.0,100.0,0.0,100.0,0.0,100.0,0.0,100.0,0.0,100.0,0.0,74.0,26.0,100.0,0.0,100.0,0.0,98.0,5991.0,26.0,26.0,100.0,0.0,100.0,0.0,200.0,0.0,100.0,32056.0,100.0,44784166600.0,100.0,170047847477.0
2019-11-14,Z305KBFK,ST4000DM000,4000787030016,0,115.0,86231024.0,98.0,0.0,100.0,2.0,100.0,0.0,87.0,530216659.0,64.0,32136.0,100.0,0.0,100.0,2.0,100.0,0.0,100.0,0.0,100.0,0.0,100.0,0.0,100.0,0.0,73.0,27.0,100.0,0.0,100.0,0.0,98.0,5992.0,27.0,27.0,100.0,0.0,100.0,0.0,200.0,0.0,100.0,32079.0,100.0,44791806584.0,100.0,170222247355.0
2019-11-15,Z305KBFK,ST4000DM000,4000787030016,0,118.0,189015048.0,98.0,0.0,100.0,2.0,100.0,0.0,87.0,531154663.0,64.0,32159.0,100.0,0.0,100.0,2.0,100.0,0.0,100.0,0.0,100.0,0.0,100.0,0.0,100.0,0.0,74.0,26.0,100.0,0.0,100.0,0.0,98.0,5993.0,26.0,26.0,100.0,0.0,100.0,0.0,200.0,0.0,100.0,32103.0,100.0,44803710880.0,100.0,170369259353.0
2019-11-16,Z305KBFK,ST4000DM000,4000787030016,0,117.0,152944680.0,98.0,0.0,100.0,2.0,100.0,0.0,87.0,533398123.0,64.0,32183.0,100.0,0.0,100.0,2.0,100.0,0.0,100.0,0.0,100.0,0.0,100.0,0.0,100.0,0.0,74.0,26.0,100.0,0.0,100.0,0.0,98.0,5993.0,26.0,26.0,100.0,0.0,100.0,0.0,200.0,0.0,100.0,32127.0,100.0,44811631664.0,100.0,170574632006.0
2019-11-17,Z305KBFK,ST4000DM000,4000787030016,0,107.0,13633232.0,98.0,0.0,100.0,2.0,100.0,0.0,87.0,534520340.0,64.0,32207.0,100.0,0.0,100.0,2.0,100.0,0.0,100.0,0.0,100.0,0.0,100.0,0.0,100.0,0.0,74.0,26.0,100.0,0.0,100.0,0.0,98.0,5993.0,26.0,26.0,100.0,0.0,100.0,0.0,200.0,0.0,100.0,32151.0,100.0,44822332864.0,100.0,170719745154.0
2019-11-18,Z305KBFK,ST4000DM000,4000787030016,0,117.0,143127208.0,98.0,0.0,100.0,2.0,100.0,0.0,87.0,535560447.0,64.0,32231.0,100.0,0.0,100.0,2.0,100.0,0.0,100.0,0.0,100.0,0.0,100.0,0.0,100.0,0.0,74.0,26.0,100.0,0.0,100.0,0.0,98.0,5993.0,26.0,26.0,100.0,0.0,100.0,0.0,200.0,0.0,100.0,32175.0,100.0,44832960912.0,100.0,170780163794.0
2019-11-19,Z305KBFK,ST4000DM000,4000787030016,0,117.0,158539080.0,98.0,0.0,100.0,2.0,100.0,0.0,87.0,537094332.0,64.0,32255.0,100.0,0.0,100.0,2.0,100.0,0.0,100.0,0.0,100.0,0.0,100.0,0.0,100.0,0.0,74.0,26.0,100.0,0.0,100.0,0.0,98.0,5993.0,26.0,26.0,100.0,0.0,100.0,0.0,200.0,0.0,100.0,32198.0,100.0,44849315016.0,100.0,170949508980.0
2019-11-20,Z305KBFK,ST4000DM000,4000787030016,0,117.0,123835056.0,98.0,0.0,100.0,2.0,100.0,0.0,87.0,539094214.0,64.0,32279.0,100.0,0.0,100.0,2.0,100.0,0.0,100.0,0.0,100.0,0.0,100.0,0.0,100.0,0.0,74.0,26.0,100.0,0.0,100.0,0.0,98.0,5993.0,26.0,26.0,100.0,0.0,100.0,0.0,200.0,0.0,100.0,32222.0,100.0,44860529944.0,100.0,171142443188.0
2019-11-21,Z305KBFK,ST4000DM000,4000787030016,0,105.0,10316184.0,98.0,0.0,100.0,2.0,100.0,0.0,87.0,541573913.0,64.0,32303.0,100.0,0.0,100.0,2.0,100.0,0.0,100.0,0.0,100.0,0.0,100.0,0.0,100.0,0.0,72.0,28.0,100.0,0.0,100.0,0.0,98.0,5995.0,28.0,28.0,100.0,0.0,100.0,0.0,200.0,0.0,100.0,32246.0,100.0,44868485064.0,100.0,171387425332.0
2019-11-22,Z305KBFK,ST4000DM000,4000787030016,0,108.0,14962208.0,98.0,0.0,100.0,2.0,100.0,0.0,87.0,542491675.0,64.0,32326.0,100.0,0.0,100.0,2.0,100.0,0.0,100.0,0.0,100.0,0.0,100.0,0.0,100.0,0.0,73.0,27.0,100.0,0.0,100.0,0.0,98.0,5995.0,27.0,27.0,100.0,0.0,100.0,0.0,200.0,0.0,100.0,32270.0,100.0,44875561760.0,100.0,171733130459.0
2019-11-23,Z305KBFK,ST4000DM000,4000787030016,0,117.0,129424960.0,98.0,0.0,100.0,2.0,100.0,0.0,87.0,544560127.0,64.0,32350.0,100.0,0.0,100.0,2.0,100.0,0.0,100.0,0.0,100.0,0.0,100.0,0.0,100.0,0.0,73.0,27.0,100.0,0.0,100.0,0.0,98.0,5995.0,27.0,27.0,100.0,0.0,100.0,0.0,200.0,0.0,100.0,32294.0,100.0,44890329384.0,100.0,172088848949.0
2019-11-24,Z305KBFK,ST4000DM000,4000787030016,0,108.0,14827608.0,98.0,0.0,100.0,2.0,100.0,0.0,87.0,545618977.0,64.0,32374.0,100.0,0.0,100.0,2.0,100.0,0.0,100.0,0.0,100.0,0.0,100.0,0.0,100.0,0.0,73.0,27.0,100.0,0.0,100.0,0.0,98.0,5995.0,27.0,27.0,100.0,0.0,100.0,0.0,200.0,0.0,100.0,32318.0,100.0,44902232920.0,100.0,172429129819.0
2019-11-25,Z305KBFK,ST4000DM000,4000787030016,0,119.0,215801344.0,98.0,0.0,100.0,2.0,100.0,0.0,87.0,547207267.0,64.0,32398.0,100.0,0.0,100.0,2.0,100.0,0.0,100.0,0.0,100.0,0.0,100.0,0.0,100.0,0.0,74.0,26.0,100.0,0.0,100.0,0.0,98.0,5995.0,26.0,26.0,100.0,0.0,100.0,0.0,200.0,0.0,100.0,32342.0,100.0,44916791256.0,100.0,172610596383.0
2019-11-26,Z305KBFK,ST4000DM000,4000787030016,0,118.0,189603688.0,98.0,0.0,100.0,2.0,100.0,0.0,87.0,549130810.0,63.0,32422.0,100.0,0.0,100.0,2.0,100.0,0.0,100.0,0.0,100.0,0.0,100.0,0.0,100.0,0.0,73.0,27.0,100.0,0.0,100.0,0.0,98.0,5995.0,27.0,27.0,100.0,0.0,100.0,0.0,200.0,0.0,100.0,32365.0,100.0,44929339392.0,100.0,172900103742.0
2019-11-27,Z305KBFK,ST4000DM000,4000787030016,0,116.0,114133592.0,98.0,0.0,100.0,2.0,100.0,0.0,87.0,550475323.0,63.0,32446.0,100.0,0.0,100.0,2.0,100.0,0.0,100.0,0.0,100.0,0.0,100.0,0.0,100.0,0.0,73.0,27.0,100.0,0.0,100.0,0.0,98.0,5995.0,27.0,27.0,100.0,0.0,100.0,0.0,200.0,0.0,100.0,32389.0,100.0,44946670552.0,100.0,173104332036.0
2019-11-28,Z305KBFK,ST4000DM000,4000787030016,0,117.0,140068448.0,98.0,0.0,100.0,2.0,100.0,0.0,87.0,551618087.0,63.0,32470.0,100.0,0.0,100.0,2.0,100.0,0.0,100.0,0.0,100.0,0.0,100.0,0.0,100.0,0.0,74.0,26.0,100.0,0.0,100.0,0.0,98.0,5996.0,26.0,26.0,100.0,0.0,100.0,0.0,200.0,0.0,100.0,32413.0,100.0,44959835152.0,100.0,173349786271.0
2019-11-29,Z305KBFK,ST4000DM000,4000787030016,0,118.0,174750592.0,98.0,0.0,100.0,2.0,100.0,0.0,87.0,553472240.0,63.0,32493.0,100.0,0.0,100.0,2.0,100.0,0.0,100.0,0.0,100.0,0.0,100.0,0.0,100.0,0.0,73.0,27.0,100.0,0.0,100.0,0.0,98.0,5996.0,27.0,27.0,100.0,0.0,100.0,0.0,200.0,0.0,100.0,32437.0,100.0,44968993248.0,100.0,173629706764.0
2019-11-30,Z305KBFK,ST4000DM000,4000787030016,0,118.0,186787480.0,98.0,0.0,100.0,2.0,100.0,0.0,87.0,555775832.0,63.0,32517.0,100.0,0.0,100.0,2.0,100.0,0.0,100.0,0.0,100.0,0.0,100.0,0.0,100.0,0.0,73.0,27.0,100.0,0.0,100.0,0.0,98.0,5996.0,27.0,27.0,100.0,0.0,100.0,0.0,200.0,0.0,100.0,32461.0,100.0,44982993792.0,100.0,173872678862.0
2019-12-01,Z305KBFK,ST4000DM000,4000787030016,0,117.0,164202512.0,98.0,0.0,100.0,2.0,100.0,0.0,87.0,557469474.0,63.0,32541.0,100.0,0.0,100.0,2.0,100.0,0.0,100.0,0.0,100.0,0.0,100.0,0.0,100.0,0.0,74.0,26.0,100.0,0.0,100.0,0.0,98.0,5997.0,26.0,26.0,100.0,0.0,100.0,0.0,200.0,0.0,100.0,32485.0,100.0,44991852592.0,100.0,174165545532.0
2019-12-02,Z305KBFK,ST4000DM000,4000787030016,0,114.0,78296616.0,98.0,0.0,100.0,2.0,100.0,0.0,87.0,559138415.0,63.0,32565.0,100.0,0.0,100.0,2.0,100.0,0.0,100.0,0.0,100.0,0.0,100.0,0.0,100.0,0.0,74.0,26.0,100.0,0.0,100.0,0.0,98.0,5997.0,26.0,26.0,100.0,0.0,100.0,0.0,200.0,0.0,100.0,32508.0,100.0,45040376160.0,100.0,174300829818.0
2019-12-03,Z305KBFK,ST4000DM000,4000787030016,0,113.0,51259880.0,98.0,0.0,100.0,2.0,100.0,0.0,87.0,560706294.0,63.0,32589.0,100.0,0.0,100.0,2.0,100.0,0.0,100.0,0.0,100.0,0.0,100.0,0.0,100.0,0.0,73.0,27.0,100.0,0.0,100.0,0.0,98.0,5997.0,27.0,27.0,100.0,0.0,100.0,0.0,200.0,0.0,100.0,32532.0,100.0,45052748928.0,100.0,174518272395.0
2019-12-04,Z305KBFK,ST4000DM000,4000787030016,0,117.0,160547256.0,98.0,0.0,100.0,2.0,100.0,0.0,87.0,561899371.0,63.0,32613.0,100.0,0.0,100.0,2.0,100.0,0.0,100.0,0.0,100.0,0.0,100.0,0.0,100.0,0.0,73.0,27.0,100.0,0.0,100.0,0.0,98.0,5997.0,27.0,27.0,100.0,0.0,100.0,0.0,200.0,0.0,100.0,32556.0,100.0,45085845512.0,100.0,174670390870.0
2019-12-05,Z305KBFK,ST4000DM000,4000787030016,0,119.0,209246072.0,98.0,0.0,100.0,2.0,100.0,0.0,87.0,562761892.0,63.0,32637.0,100.0,0.0,100.0,2.0,100.0,0.0,100.0,0.0,100.0,0.0,100.0,0.0,100.0,0.0,72.0,28.0,100.0,0.0,100.0,0.0,98.0,5998.0,28.0,28.0,100.0,0.0,100.0,0.0,200.0,0.0,100.0,32580.0,100.0,45095055736.0,100.0,174854016029.0
2019-12-06,Z305KBFK,ST4000DM000,4000787030016,0,115.0,85229264.0,98.0,0.0,100.0,2.0,100.0,0.0,87.0,564078289.0,63.0,32661.0,100.0,0.0,100.0,2.0,100.0,0.0,100.0,0.0,100.0,0.0,100.0,0.0,100.0,0.0,72.0,28.0,100.0,0.0,100.0,0.0,98.0,5998.0,28.0,28.0,100.0,0.0,100.0,0.0,200.0,0.0,100.0,32604.0,100.0,45109391624.0,100.0,175052918606.0
2019-12-07,Z305KBFK,ST4000DM000,4000787030016,0,120.0,238642648.0,98.0,0.0,100.0,2.0,100.0,0.0,87.0,566335996.0,63.0,32684.0,100.0,0.0,100.0,2.0,100.0,0.0,100.0,0.0,100.0,0.0,100.0,0.0,100.0,0.0,73.0,27.0,100.0,0.0,100.0,0.0,98.0,5998.0,27.0,27.0,100.0,0.0,100.0,0.0,200.0,0.0,100.0,32628.0,100.0,45120431904.0,100.0,175238200089.0
2019-12-08,Z305KBFK,ST4000DM000,4000787030016,0,120.0,235692024.0,98.0,0.0,100.0,2.0,100.0,0.0,87.0,567360261.0,63.0,32708.0,100.0,0.0,100.0,2.0,100.0,0.0,100.0,0.0,100.0,0.0,100.0,0.0,100.0,0.0,74.0,26.0,100.0,0.0,100.0,0.0,98.0,5998.0,26.0,26.0,100.0,0.0,100.0,0.0,200.0,0.0,100.0,32652.0,100.0,45137877200.0,100.0,175360955739.0
2019-12-09,Z305KBFK,ST4000DM000,4000787030016,0,119.0,229184296.0,98.0,0.0,100.0,2.0,100.0,0.0,87.0,569008575.0,63.0,32732.0,100.0,0.0,100.0,2.0,100.0,0.0,100.0,0.0,100.0,0.0,100.0,0.0,100.0,0.0,72.0,28.0,100.0,0.0,100.0,0.0,98.0,5998.0,28.0,28.0,100.0,0.0,100.0,0.0,200.0,0.0,100.0,32676.0,100.0,45149608328.0,100.0,175518019947.0
2019-12-10,Z305KBFK,ST4000DM000,4000787030016,0,119.0,233414952.0,98.0,0.0,100.0,2.0,100.0,0.0,87.0,571258306.0,63.0,32756.0,100.0,0.0,100.0,2.0,100.0,0.0,100.0,0.0,100.0,0.0,100.0,0.0,100.0,0.0,73.0,27.0,100.0,0.0,100.0,0.0,98.0,5998.0,27.0,27.0,100.0,0.0,100.0,0.0,200.0,0.0,100.0,32699.0,100.0,45175907864.0,100.0,175702621960.0
2019-12-11,Z305KBFK,ST4000DM000,4000787030016,0,118.0,167956496.0,98.0,0.0,100.0,2.0,100.0,0.0,87.0,572271340.0,63.0,32780.0,100.0,0.0,100.0,2.0,100.0,0.0,100.0,0.0,100.0,0.0,100.0,0.0,100.0,0.0,73.0,27.0,100.0,0.0,100.0,0.0,98.0,5998.0,27.0,27.0,100.0,0.0,100.0,0.0,200.0,0.0,100.0,32723.0,100.0,45189797680.0,100.0,175934384683.0
2019-12-12,Z305KBFK,ST4000DM000,4000787030016,0,112.0,46860856.0,98.0,0.0,100.0,2.0,100.0,0.0,87.0,573249274.0,63.0,32804.0,100.0,0.0,100.0,2.0,100.0,0.0,100.0,0.0,100.0,0.0,100.0,0.0,100.0,0.0,73.0,27.0,100.0,0.0,100.0,0.0,98.0,5999.0,27.0,27.0,100.0,0.0,100.0,0.0,200.0,0.0,100.0,32747.0,100.0,45201884680.0,100.0,176281844248.0
2019-12-13,Z305KBFK,ST4000DM000,4000787030016,0,119.0,233759808.0,98.0,0.0,100.0,2.0,100.0,0.0,87.0,575612549.0,63.0,32828.0,100.0,0.0,100.0,2.0,100.0,0.0,100.0,0.0,100.0,0.0,100.0,0.0,100.0,0.0,73.0,27.0,100.0,0.0,100.0,0.0,98.0,5999.0,27.0,27.0,100.0,0.0,100.0,0.0,200.0,0.0,100.0,32771.0,100.0,45221979248.0,100.0,176631133098.0
2019-12-14,Z305KBFK,ST4000DM000,4000787030016,0,111.0,34918144.0,98.0,0.0,100.0,2.0,100.0,0.0,87.0,577771058.0,63.0,32852.0,100.0,0.0,100.0,2.0,100.0,0.0,100.0,0.0,100.0,0.0,100.0,0.0,100.0,0.0,74.0,26.0,100.0,0.0,100.0,0.0,98.0,5999.0,26.0,26.0,100.0,0.0,100.0,0.0,200.0,0.0,100.0,32795.0,100.0,45236703088.0,100.0,176995931349.0
2019-12-15,Z305KBFK,ST4000DM000,4000787030016,0,117.0,145800496.0,98.0,0.0,100.0,2.0,100.0,0.0,87.0,579170836.0,63.0,32875.0,100.0,0.0,100.0,2.0,100.0,0.0,100.0,0.0,100.0,0.0,100.0,0.0,100.0,0.0,72.0,28.0,100.0,0.0,100.0,0.0,98.0,5999.0,28.0,28.0,100.0,0.0,100.0,0.0,200.0,0.0,100.0,32819.0,100.0,45247437304.0,100.0,177267323448.0
2019-12-16,Z305KBFK,ST4000DM000,4000787030016,0,110.0,27482200.0,98.0,0.0,100.0,2.0,100.0,0.0,87.0,581405801.0,63.0,32899.0,100.0,0.0,100.0,2.0,100.0,0.0,100.0,0.0,100.0,0.0,100.0,0.0,100.0,0.0,73.0,27.0,100.0,0.0,100.0,0.0,98.0,5999.0,27.0,27.0,100.0,0.0,100.0,0.0,200.0,0.0,100.0,32843.0,100.0,45267403264.0,100.0,177526016120.0
2019-12-17,Z305KBFK,ST4000DM000,4000787030016,0,118.0,188491616.0,98.0,0.0,100.0,2.0,100.0,0.0,87.0,582663173.0,63.0,32923.0,100.0,0.0,100.0,2.0,100.0,0.0,100.0,0.0,100.0,0.0,100.0,0.0,100.0,0.0,73.0,27.0,100.0,0.0,100.0,0.0,98.0,5999.0,27.0,27.0,100.0,0.0,100.0,0.0,200.0,0.0,100.0,32866.0,100.0,45280780632.0,100.0,177666020173.0
2019-12-18,Z305KBFK,ST4000DM000,4000787030016,0,111.0,40198504.0,98.0,0.0,100.0,2.0,100.0,0.0,87.0,584724155.0,63.0,32959.0,100.0,0.0,100.0,2.0,100.0,0.0,100.0,0.0,100.0,0.0,100.0,0.0,100.0,0.0,74.0,26.0,100.0,0.0,100.0,0.0,97.0,6000.0,26.0,26.0,100.0,0.0,100.0,0.0,200.0,0.0,100.0,32902.0,100.0,45299531240.0,100.0,178070209140.0
2019-12-19,Z305KBFK,ST4000DM000,4000787030016,0,112.0,46858712.0,98.0,0.0,100.0,2.0,100.0,0.0,87.0,586475292.0,63.0,32983.0,100.0,0.0,100.0,2.0,100.0,0.0,100.0,0.0,100.0,0.0,100.0,0.0,100.0,0.0,74.0,26.0,100.0,0.0,100.0,0.0,97.0,6000.0,26.0,26.0,100.0,0.0,100.0,0.0,200.0,0.0,100.0,32926.0,100.0,45314724840.0,100.0,178362917306.0
2019-12-20,Z305KBFK,ST4000DM000,4000787030016,0,111.0,40999688.0,98.0,0.0,100.0,2.0,100.0,0.0,87.0,586961921.0,63.0,32995.0,100.0,0.0,100.0,2.0,100.0,0.0,100.0,0.0,100.0,0.0,100.0,0.0,100.0,0.0,73.0,27.0,100.0,0.0,100.0,0.0,97.0,6000.0,27.0,27.0,100.0,0.0,100.0,0.0,200.0,0.0,100.0,32938.0,100.0,45322694600.0,100.0,178458656449.0
2019-12-21,Z305KBFK,ST4000DM000,4000787030016,0,111.0,31292232.0,98.0,0.0,100.0,2.0,100.0,0.0,87.0,589403247.0,63.0,33019.0,100.0,0.0,100.0,2.0,100.0,0.0,100.0,0.0,100.0,0.0,100.0,0.0,100.0,0.0,72.0,28.0,100.0,0.0,100.0,0.0,97.0,6002.0,28.0,28.0,100.0,0.0,100.0,0.0,200.0,0.0,100.0,32962.0,100.0,45332394080.0,100.0,178727636769.0
2019-12-22,Z305KBFK,ST4000DM000,4000787030016,0,118.0,176846072.0,98.0,0.0,100.0,2.0,100.0,0.0,87.0,590782589.0,63.0,33043.0,100.0,0.0,100.0,2.0,100.0,0.0,100.0,0.0,100.0,0.0,100.0,0.0,100.0,0.0,72.0,28.0,100.0,0.0,100.0,0.0,97.0,6002.0,28.0,28.0,100.0,0.0,100.0,0.0,200.0,0.0,100.0,32986.0,100.0,45348508880.0,100.0,178951911331.0
2019-12-23,Z305KBFK,ST4000DM000,4000787030016,0,116.0,101504912.0,98.0,0.0,100.0,2.0,100.0,0.0,87.0,592288376.0,63.0,33066.0,100.0,0.0,100.0,2.0,100.0,0.0,100.0,0.0,100.0,0.0,100.0,0.0,100.0,0.0,73.0,27.0,100.0,0.0,100.0,0.0,97.0,6002.0,27.0,27.0,100.0,0.0,100.0,0.0,200.0,0.0,100.0,33010.0,100.0,45358895640.0,100.0,179113297714.0
2019-12-24,Z305KBFK,ST4000DM000,4000787030016,0,115.0,96199136.0,98.0,0.0,100.0,2.0,100.0,0.0,87.0,593639092.0,63.0,33090.0,100.0,0.0,100.0,2.0,100.0,0.0,100.0,0.0,100.0,0.0,100.0,0.0,100.0,0.0,73.0,27.0,100.0,0.0,100.0,0.0,97.0,6003.0,27.0,27.0,100.0,0.0,100.0,0.0,200.0,0.0,100.0,33034.0,100.0,45373457608.0,100.0,179235540498.0
2019-12-25,Z305KBFK,ST4000DM000,4000787030016,0,114.0,74061112.0,98.0,0.0,100.0,2.0,100.0,0.0,87.0,595351381.0,63.0,33114.0,100.0,0.0,100.0,2.0,100.0,0.0,100.0,0.0,100.0,0.0,100.0,0.0,100.0,0.0,73.0,27.0,100.0,0.0,100.0,0.0,97.0,6003.0,27.0,27.0,100.0,0.0,100.0,0.0,200.0,0.0,100.0,33058.0,100.0,45389549448.0,100.0,179410860904.0
2019-12-26,Z305KBFK,ST4000DM000,4000787030016,0,105.0,10137016.0,98.0,0.0,100.0,2.0,100.0,0.0,87.0,596546398.0,63.0,33138.0,100.0,0.0,100.0,2.0,100.0,0.0,100.0,0.0,100.0,0.0,100.0,0.0,100.0,0.0,73.0,27.0,100.0,0.0,100.0,0.0,97.0,6003.0,27.0,27.0,100.0,0.0,100.0,0.0,200.0,0.0,100.0,33081.0,100.0,45408344408.0,100.0,179576937727.0
2019-12-27,Z305KBFK,ST4000DM000,4000787030016,0,114.0,82571672.0,98.0,0.0,100.0,2.0,100.0,0.0,87.0,597707749.0,63.0,33162.0,100.0,0.0,100.0,2.0,100.0,0.0,100.0,0.0,100.0,0.0,100.0,0.0,100.0,0.0,74.0,26.0,100.0,0.0,100.0,0.0,97.0,6003.0,26.0,26.0,100.0,0.0,100.0,0.0,200.0,0.0,100.0,33105.0,100.0,45428970808.0,100.0,179717975433.0
2019-12-28,Z305KBFK,ST4000DM000,4000787030016,0,114.0,61319224.0,98.0,0.0,100.0,2.0,100.0,0.0,87.0,599752192.0,63.0,33186.0,100.0,0.0,100.0,2.0,100.0,0.0,100.0,0.0,100.0,0.0,100.0,0.0,100.0,0.0,74.0,26.0,100.0,0.0,100.0,0.0,97.0,6003.0,26.0,26.0,100.0,0.0,100.0,0.0,200.0,0.0,100.0,33129.0,100.0,45448119568.0,100.0,179857791634.0
2019-12-29,Z305KBFK,ST4000DM000,4000787030016,0,114.0,63348600.0,98.0,0.0,100.0,2.0,100.0,0.0,87.0,601944490.0,63.0,33210.0,100.0,0.0,100.0,2.0,100.0,0.0,100.0,0.0,100.0,0.0,100.0,0.0,100.0,0.0,73.0,27.0,100.0,0.0,100.0,0.0,97.0,6003.0,27.0,27.0,100.0,0.0,100.0,0.0,200.0,0.0,100.0,33153.0,100.0,45466910864.0,100.0,180101754231.0
2019-12-30,Z305KBFK,ST4000DM000,4000787030016,0,117.0,126785608.0,98.0,0.0,100.0,2.0,100.0,0.0,87.0,603363163.0,63.0,33234.0,100.0,0.0,100.0,2.0,100.0,0.0,100.0,0.0,100.0,0.0,100.0,0.0,100.0,0.0,73.0,27.0,100.0,0.0,100.0,0.0,97.0,6003.0,27.0,27.0,100.0,0.0,100.0,0.0,200.0,0.0,100.0,33177.0,100.0,45484802320.0,100.0,180251106856.0
2019-12-31,Z305KBFK,ST4000DM000,4000787030016,0,116.0,102822320.0,98.0,0.0,100.0,2.0,100.0,0.0,87.0,604906592.0,63.0,33257.0,100.0,0.0,100.0,2.0,100.0,0.0,100.0,0.0,100.0,0.0,100.0,0.0,100.0,0.0,73.0,27.0,100.0,0.0,100.0,0.0,97.0,6003.0,27.0,27.0,100.0,0.0,100.0,0.0,200.0,0.0,100.0,33201.0,100.0,45506654648.0,100.0,180500988020.0
