2018-01-01,S300SMX0,ST4000DM000,4000787030016,0,116,107495584,91,0,100,11,100,0,84,279081224,90,8886,100,0,100,11,100.0,0.0,100.0,0.0,100.0,0.0,100.0,0.0,100.0,0.0,73.0,27.0,100.0,0.0,100.0,0.0,75.0,50701.0,27,27,100,0,100,0,200,0,100.0,8703.0,100.0,8917025401.0,100.0,34735436315.0
2018-01-02,S300SMX0,ST4000DM000,4000787030016,0,117,161460344,91,0,100,11,100,0,84,279913151,90,8911,100,0,100,11,100.0,0.0,100.0,0.0,100.0,0.0,100.0,0.0,100.0,0.0,74.0,26.0,100.0,0.0,100.0,0.0,75.0,50701.0,26,26,100,0,100,0,200,0,100.0,8727.0,100.0,8919430143.0,100.0,34767543877.0
2018-01-03,S300SMX0,ST4000DM000,4000787030016,0,118,199011816,91,0,100,11,100,0,84,280719157,90,8935,100,0,100,11,100.0,0.0,100.0,0.0,100.0,0.0,100.0,0.0,100.0,0.0,73.0,27.0,100.0,0.0,100.0,0.0,75.0,50701.0,27,27,100,0,100,0,200,0,100.0,8751.0,100.0,8921842685.0,100.0,34798930528.0
2018-01-04,S300SMX0,ST4000DM000,4000787030016,0,119,223324632,91,0,100,11,100,0,84,281527067,90,8958,100,0,100,11,100.0,0.0,100.0,0.0,100.0,0.0,100.0,0.0,100.0,0.0,73.0,27.0,100.0,0.0,100.0,0.0,75.0,50701.0,27,27,100,0,100,0,200,0,100.0,8775.0,100.0,8924179497.0,100.0,34828779904.0
2018-01-05,S300SMX0,ST4000DM000,4000787030016,0,119.0,215634968.0,91.0,0.0,100.0,11.0,100.0,0.0,84.0,282318587.0,90.0,8982.0,100.0,0.0,100.0,11.0,100.0,0.0,100.0,0.0,100.0,0.0,100.0,0.0,100.0,0.0,73.0,27.0,100.0,0.0,100.0,0.0,75.0,50701.0,27.0,27.0,100.0,0.0,100.0,0.0,200.0,0.0,100.0,8798.0,100.0,8926460765.0,100.0,34859336370.0
2018-01-06,S300SMX0,ST4000DM000,4000787030016,0,103,5481648,91,0,100,11,100,0,84,283136922,90,9007,100,0,100,11,100.0,0.0,100.0,0.0,100.0,0.0,100.0,0.0,100.0,0.0,73.0,27.0,100.0,0.0,100.0,0.0,75.0,50701.0,27,27,100,0,100,0,200,0,100.0,8823.0,100.0,8928776433.0,100.0,34889521200.0
2018-01-07,S300SMX0,ST4000DM000,4000787030016,0,120,241001368,91,0,100,11,100,0,84,283922595,90,9030,100,0,100,11,100.0,0.0,100.0,0.0,100.0,0.0,100.0,0.0,100.0,0.0,73.0,27.0,100.0,0.0,100.0,0.0,75.0,50701.0,27,27,100,0,100,0,200,0,100.0,8847.0,100.0,8930976891.0,100.0,34920721815.0
2018-01-08,S300SMX0,ST4000DM000,4000787030016,0,106,12402496,91,0,100,11,100,0,84,284714890,90,9054,100,0,100,11,100.0,0.0,100.0,0.0,100.0,0.0,100.0,0.0,100.0,0.0,73.0,27.0,100.0,0.0,100.0,0.0,75.0,50701.0,27,27,100,0,100,0,200,0,100.0,8871.0,100.0,8933220567.0,100.0,34952410013.0
2018-01-09,S300SMX0,ST4000DM000,4000787030016,0,114,77818784,91,0,100,11,100,0,84,285556473,90,9079,100,0,100,11,100.0,0.0,100.0,0.0,100.0,0.0,100.0,0.0,100.0,0.0,73.0,27.0,100.0,0.0,100.0,0.0,75.0,50701.0,27,27,100,0,100,0,200,0,100.0,8895.0,100.0,8935563193.0,100.0,34982417118.0
2018-01-10,S300SMX0,ST4000DM000,4000787030016,0,119,221862560,91,0,100,11,100,0,84,286257028,90,9100,100,0,100,11,100.0,0.0,100.0,0.0,100.0,0.0,100.0,0.0,100.0,0.0,73.0,27.0,100.0,0.0,100.0,0.0,75.0,50701.0,27,27,100,0,100,0,200,0,100.0,8917.0,100.0,8937630521.0,100.0,35009916785.0
2018-01-11,S300SMX0,ST4000DM000,4000787030016,0,109,24639448,91,0,100,11,100,0,84,287332227,90,9121,100,0,100,11,100.0,0.0,100.0,0.0,100.0,0.0,100.0,0.0,100.0,0.0,73.0,27.0,100.0,0.0,100.0,0.0,75.0,50701.0,27,27,100,0,100,0,200,0,100.0,8937.0,100.0,8940536157.0,100.0,35045344661.0
2018-01-12,S300SMX0,ST4000DM000,4000787030016,0,120,244003680,91,0,100,11,100,0,84,288377730,90,9145,100,0,100,11,100.0,0.0,100.0,0.0,100.0,0.0,100.0,0.0,100.0,0.0,73.0,27.0,100.0,0.0,100.0,0.0,75.0,50701.0,27,27,100,0,100,0,200,0,100.0,8961.0,100.0,8943312981.0,100.0,35080461406.0
2018-01-13,S300SMX0,ST4000DM000,4000787030016,0,114.0,60898872.0,91.0,0.0,100.0,11.0,100,0,84.0,289201735.0,90,9170,100.0,0.0,100,11,100.0,0.0,100.0,0.0,100.0,0.0,100.0,0.0,100.0,0.0,74.0,26.0,100.0,0.0,100.0,0.0,75.0,50701.0,26.0,26.0,100.0,0.0,100.0,0.0,200,0,100.0,8986.0,100.0,8945744697.0,100.0,35116415928.0
2018-01-14,S300SMX0,ST4000DM000,4000787030016,0,114.0,60452848.0,91.0,0.0,100.0,11.0,100,0,84.0,290152298.0,90,9194,100.0,0.0,100,11,100.0,0.0,100.0,0.0,100.0,0.0,100.0,0.0,100.0,0.0,74.0,26.0,100.0,0.0,100.0,0.0,75.0,50701.0,26.0,26.0,100.0,0.0,100.0,0.0,200,0,100.0,9010.0,100.0,8948358293.0,100.0,35145400178.0
2018-01-15,S300SMX0,ST4000DM000,4000787030016,0,117.0,120436688.0,91.0,0.0,100.0,11.0,100,0,84.0,290972463.0,90,9218,100.0,0.0,100,11,100.0,0.0,100.0,0.0,100.0,0.0,100.0,0.0,100.0,0.0,74.0,26.0,100.0,0.0,100.0,0.0,75.0,50701.0,26.0,26.0,100.0,0.0,100.0,0.0,200,0,100.0,9035.0,100.0,8950666109.0,100.0,35176221037.0
2018-01-16,S300SMX0,ST4000DM000,4000787030016,0,117.0,144641544.0,91.0,0.0,100.0,11.0,100,0,84.0,291782863.0,90,9242,100.0,0.0,100,11,100.0,0.0,100.0,0.0,100.0,0.0,100.0,0.0,100.0,0.0,74.0,26.0,100.0,0.0,100.0,0.0,75.0,50703.0,26.0,26.0,100.0,0.0,100.0,0.0,200,0,100.0,9059.0,100.0,8952921497.0,100.0,35207558445.0
2018-01-17,S300SMX0,ST4000DM000,4000787030016,0,119.0,204190872.0,91.0,0.0,100.0,11.0,100,0,84.0,292612691.0,90,9266,100.0,0.0,100,11,100.0,0.0,100.0,0.0,100.0,0.0,100.0,0.0,100.0,0.0,74.0,26.0,100.0,0.0,100.0,0.0,75.0,50703.0,26.0,26.0,100.0,0.0,100.0,0.0,200,0,100.0,9082.0,100.0,8955249223.0,100.0,35239260465.0
2018-01-18,S300SMX0,ST4000DM000,4000787030016,0,118.0,186470016.0,91.0,0.0,100.0,11.0,100.0,0.0,84.0,293373418.0,90.0,9287.0,100.0,0.0,100.0,11.0,100.0,0.0,100.0,0.0,100.0,0.0,100.0,0.0,100.0,0.0,74.0,26.0,100.0,0.0,100.0,0.0,75.0,50703.0,26.0,26.0,100.0,0.0,100.0,0.0,200.0,0.0,100.0,9104.0,100.0,8957377481.0,100.0,35266947208.0
2018-01-19,S300SMX0,ST4000DM000,4000787030016,0,117.0,142884488.0,91.0,0.0,100.0,11.0,100.0,0.0,84.0,294585632.0,90.0,9311.0,100.0,0.0,100.0,11.0,100.0,0.0,100.0,0.0,100.0,0.0,100.0,0.0,100.0,0.0,73.0,27.0,100.0,0.0,100.0,0.0,75.0,50703.0,27.0,27.0,100.0,0.0,100.0,0.0,200.0,0.0,100.0,9128.0,100.0,8960966657.0,100.0,35303367098.0
2018-01-20,S300SMX0,ST4000DM000,4000787030016,0,114.0,74355240.0,91.0,0.0,100.0,11.0,100,0,84.0,295465917.0,90,9335,100.0,0.0,100,11,100.0,0.0,100.0,0.0,100.0,0.0,100.0,0.0,100.0,0.0,75.0,25.0,100.0,0.0,100.0,0.0,75.0,50717.0,25.0,25.0,100.0,0.0,100.0,0.0,200,0,100.0,9151.0,100.0,8963326275.0,100.0,35339957642.0
2018-01-21,S300SMX0,ST4000DM000,4000787030016,0,116.0,111999664.0,91.0,0.0,100.0,11.0,100,0,84.0,296284079.0,90,9360,100.0,0.0,100,11,100.0,0.0,100.0,0.0,100.0,0.0,100.0,0.0,100.0,0.0,74.0,26.0,100.0,0.0,100.0,0.0,75.0,50717.0,26.0,26.0,100.0,0.0,100.0,0.0,200,0,100.0,9176.0,100.0,8965695067.0,100.0,35371696615.0
2018-01-22,S300SMX0,ST4000DM000,4000787030016,0,117.0,148789360.0,91.0,0.0,100.0,11.0,100,0,84.0,297101698.0,90,9383,100.0,0.0,100,11,100.0,0.0,100.0,0.0,100.0,0.0,100.0,0.0,100.0,0.0,74.0,26.0,100.0,0.0,100.0,0.0,75.0,50717.0,26.0,26.0,100.0,0.0,100.0,0.0,200,0,100.0,9200.0,100.0,8968015883.0,100.0,35403083827.0
2018-01-23,S300SMX0,ST4000DM000,4000787030016,0,118.0,199409320.0,91.0,0.0,100.0,11.0,100,0,84.0,297924707.0,90,9407,100.0,0.0,100,11,100.0,0.0,100.0,0.0,100.0,0.0,100.0,0.0,100.0,0.0,73.0,27.0,100.0,0.0,100.0,0.0,75.0,50717.0,27.0,27.0,100.0,0.0,100.0,0.0,200,0,100.0,9224.0,100.0,8970552923.0,100.0,35432508894.0
2018-01-24,S300SMX0,ST4000DM000,4000787030016,0,115.0,90093808.0,91.0,0.0,100.0,11.0,100,0,84.0,299017584.0,90,9439,100.0,0.0,100,11,100.0,0.0,100.0,0.0,100.0,0.0,100.0,0.0,100.0,0.0,73.0,27.0,100.0,0.0,100.0,0.0,75.0,50717.0,27.0,27.0,100.0,0.0,100.0,0.0,200,0,100.0,9256.0,100.0,8973620881.0,100.0,35471133768.0
2018-01-25,S300SMX0,ST4000DM000,4000787030016,0,116.0,108672624.0,91.0,0.0,100.0,11.0,100,0,84.0,299829277.0,90,9463,100.0,0.0,100,11,100.0,0.0,100.0,0.0,100.0,0.0,100.0,0.0,100.0,0.0,73.0,27.0,100.0,0.0,100.0,0.0,75.0,50718.0,27.0,27.0,100.0,0.0,100.0,0.0,200,0,100.0,9280.0,100.0,8976232005.0,100.0,35502579217.0
2018-01-26,S300SMX0,ST4000DM000,4000787030016,0,118.0,188704736.0,91.0,0.0,100.0,11.0,100,0,84.0,300673096.0,90,9488,100.0,0.0,100,11,100.0,0.0,100.0,0.0,100.0,0.0,100.0,0.0,100.0,0.0,72.0,28.0,100.0,0.0,100.0,0.0,75.0,50718.0,28.0,28.0,100.0,0.0,100.0,0.0,200,0,100.0,9304.0,100.0,8978580253.0,100.0,35534079632.0
2018-01-27,S300SMX0,ST4000DM000,4000787030016,0,119.0,205323096.0,91.0,0.0,100.0,11.0,100,0,84.0,301484415.0,90,9511,100.0,0.0,100,11,100.0,0.0,100.0,0.0,100.0,0.0,100.0,0.0,100.0,0.0,72.0,28.0,100.0,0.0,100.0,0.0,75.0,50720.0,28.0,28.0,100.0,0.0,100.0,0.0,200,0,100.0,9328.0,100.0,8981247159.0,100.0,35565280610.0
2018-01-28,S300SMX0,ST4000DM000,4000787030016,0,120.0,238990472.0,91.0,0.0,100.0,11.0,100,0,84.0,302296929.0,90,9535,100.0,0.0,100,11,100.0,0.0,100.0,0.0,100.0,0.0,100.0,0.0,100.0,0.0,72.0,28.0,100.0,0.0,100.0,0.0,75.0,50720.0,28.0,28.0,100.0,0.0,100.0,0.0,200,0,100.0,9352.0,100.0,8983542771.0,100.0,35595654470.0
2018-01-29,S300SMX0,ST4000DM000,4000787030016,0,119.0,226097472.0,91.0,0.0,100.0,11.0,100,0,84.0,303074858.0,90,9559,100.0,0.0,100,11,100.0,0.0,100.0,0.0,100.0,0.0,100.0,0.0,100.0,0.0,72.0,28.0,100.0,0.0,100.0,0.0,75.0,50720.0,28.0,28.0,100.0,0.0,100.0,0.0,200,0,100.0,9375.0,100.0,8985806909.0,100.0,35626340133.0
2018-01-30,S300SMX0,ST4000DM000,4000787030016,0,106.0,10924896.0,91.0,0.0,100.0,11.0,100,0,84.0,303695298.0,90,9577,100.0,0.0,100,11,100.0,0.0,100.0,0.0,100.0,0.0,100.0,0.0,100.0,0.0,72.0,28.0,100.0,0.0,100.0,0.0,75.0,50720.0,28.0,28.0,100.0,0.0,100.0,0.0,200,0,100.0,9394.0,100.0,8987764999.0,100.0,35648046205.0
2018-01-31,S300SMX0,ST4000DM000,4000787030016,0,114.0,59139040.0,91.0,0.0,100.0,11.0,100.0,0.0,84.0,304666316.0,90.0,9601.0,100.0,0.0,100.0,11.0,100.0,0.0,100.0,0.0,100.0,0.0,100.0,0.0,100.0,0.0,73.0,27.0,100.0,0.0,100.0,0.0,75.0,50720.0,27.0,27.0,100.0,0.0,100.0,0.0,200.0,0.0,100.0,9418.0,100.0,8990433439.0,100.0,35681089437.0
2018-02-01,S300SMX0,ST4000DM000,4000787030016,0,114.0,75657104.0,91.0,0.0,100.0,11.0,100,0,84.0,305462983.0,90,9625,100.0,0.0,100,11,100.0,0.0,100.0,0.0,100.0,0.0,100.0,0.0,100.0,0.0,73.0,27.0,100.0,0.0,100.0,0.0,75.0,50720.0,27.0,27.0,100.0,0.0,100.0,0.0,200,0,100.0,9441.0,100.0,8992673043.0,100.0,35710194931.0
2018-02-02,S300SMX0,ST4000DM000,4000787030016,0,117.0,126905120.0,91.0,0.0,100.0,11.0,100,0,84.0,306288358.0,89,9649,100.0,0.0,100,11,100.0,0.0,100.0,0.0,100.0,0.0,100.0,0.0,100.0,0.0,73.0,27.0,100.0,0.0,100.0,0.0,75.0,50720.0,27.0,27.0,100.0,0.0,100.0,0.0,200,0,100.0,9466.0,100.0,8995049963.0,100.0,35742651466.0
2018-02-03,S300SMX0,ST4000DM000,4000787030016,0,115.0,99045912.0,91.0,0.0,100.0,11.0,100,0,84.0,307066792.0,89,9673,100.0,0.0,100,11,100.0,0.0,100.0,0.0,100.0,0.0,100.0,0.0,100.0,0.0,72.0,28.0,100.0,0.0,100.0,0.0,75.0,50741.0,28.0,28.0,100.0,0.0,100.0,0.0,200,0,100.0,9490.0,100.0,8997207059.0,100.0,35775942537.0
2018-02-04,S300SMX0,ST4000DM000,4000787030016,0,111.0,36062456.0,91.0,0.0,100.0,11.0,100,0,84.0,307987827.0,89,9702,100.0,0.0,100,11,100.0,0.0,100.0,0.0,100.0,0.0,100.0,0.0,100.0,0.0,72.0,28.0,100.0,0.0,100.0,0.0,75.0,50741.0,28.0,28.0,100.0,0.0,100.0,0.0,200,0,100.0,9518.0,100.0,8999898765.0,100.0,35814356074.0
2018-02-05,S300SMX0,ST4000DM000,4000787030016,0,112.0,43380152.0,91.0,0.0,100.0,11.0,100,0,84.0,308775493.0,89,9725,100.0,0.0,100,11,100.0,0.0,100.0,0.0,100.0,0.0,100.0,0.0,100.0,0.0,72.0,28.0,100.0,0.0,100.0,0.0,75.0,50741.0,28.0,28.0,100.0,0.0,100.0,0.0,200,0,100.0,9542.0,100.0,9002148957.0,100.0,35845225202.0
2018-02-06,S300SMX0,ST4000DM000,4000787030016,0,111.0,36202064.0,91.0,0.0,100.0,11.0,100,0,84.0,309562449.0,89,9749,100.0,0.0,100,11,100.0,0.0,100.0,0.0,100.0,0.0,100.0,0.0,100.0,0.0,72.0,28.0,100.0,0.0,100.0,0.0,75.0,50741.0,28.0,28.0,100.0,0.0,100.0,0.0,200,0,100.0,9565.0,100.0,9004447527.0,100.0,35875354727.0
2018-02-07,S300SMX0,ST4000DM000,4000787030016,0,112.0,43252712.0,91.0,0.0,100.0,11.0,100,0,84.0,310350131.0,89,9773,100.0,0.0,100,11,100.0,0.0,100.0,0.0,100.0,0.0,100.0,0.0,100.0,0.0,73.0,27.0,100.0,0.0,100.0,0.0,75.0,50741.0,27.0,27.0,100.0,0.0,100.0,0.0,200,0,100.0,9589.0,100.0,9006723671.0,100.0,35907094196.0
2018-02-08,S300SMX0,ST4000DM000,4000787030016,0,116.0,107955528.0,91.0,0.0,100.0,11.0,100,0,84.0,311177213.0,89,9797,100.0,0.0,100,11,100.0,0.0,100.0,0.0,100.0,0.0,100.0,0.0,100.0,0.0,72.0,28.0,100.0,0.0,100.0,0.0,75.0,50741.0,28.0,28.0,100.0,0.0,100.0,0.0,200,0,100.0,9614.0,100.0,9009457323.0,100.0,35939185531.0
2018-02-09,S300SMX0,ST4000DM000,4000787030016,0,117,128626440,91,0,100,11,100,0,84,311977105,89,9821,100,0,100,11,100.0,0.0,100.0,0.0,100.0,0.0,100.0,0.0,100.0,0.0,72.0,28.0,100.0,0.0,100.0,0.0,75.0,50741.0,28,28,100,0,100,0,200,0,100.0,9637.0,100.0,9011790377.0,100.0,35969690210.0
2018-02-10,S300SMX0,ST4000DM000,4000787030016,0,117.0,138080872.0,91.0,0.0,100.0,11.0,100.0,0.0,84.0,312773167.0,89.0,9845.0,100.0,0.0,100.0,11.0,100.0,0.0,100.0,0.0,100.0,0.0,100.0,0.0,100.0,0.0,72.0,28.0,100.0,0.0,100.0,0.0,75.0,50741.0,28.0,28.0,100.0,0.0,100.0,0.0,200.0,0.0,100.0,9661.0,100.0,9014103199.0,100.0,36000823758.0
2018-02-11,S300SMX0,ST4000DM000,4000787030016,0,117,160922496,91,0,100,11,100,0,84,313584724,89,9869,100,0,100,11,100.0,0.0,100.0,0.0,100.0,0.0,100.0,0.0,100.0,0.0,72.0,28.0,100.0,0.0,100.0,0.0,75.0,50741.0,28,28,100,0,100,0,200,0,100.0,9686.0,100.0,9016463637.0,100.0,36029701555.0
2018-02-12,S300SMX0,ST4000DM000,4000787030016,0,118,201119720,91,0,100,11,100,0,84,314399816,89,9893,100,0,100,11,100.0,0.0,100.0,0.0,100.0,0.0,100.0,0.0,100.0,0.0,72.0,28.0,100.0,0.0,100.0,0.0,75.0,50741.0,28,28,100,0,100,0,200,0,100.0,9710.0,100.0,9019054781.0,100.0,36061389133.0
2018-02-13,S300SMX0,ST4000DM000,4000787030016,0,113,58157752,91,0,100,12,100,0,84,315093970,89,9922,100,0,100,12,100.0,0.0,100.0,0.0,100.0,0.0,100.0,0.0,100.0,0.0,73.0,27.0,100.0,0.0,100.0,0.0,75.0,51200.0,27,27,100,0,100,0,200,0,100.0,9736.0,100.0,9021810399.0,100.0,36096904231.0
2018-02-14,S300SMX0,ST4000DM000,4000787030016,0,114,81752448,91,0,100,12,100,0,84,315159506,89,9946,100,0,100,12,100.0,0.0,100.0,0.0,100.0,0.0,100.0,0.0,100.0,0.0,74.0,26.0,100.0,0.0,100.0,0.0,74.0,52665.0,26,26,100,0,100,0,200,0,100.0,9751.0,100.0,9021900879.0,100.0,36116853286.0
2018-02-15,S300SMX0,ST4000DM000,4000787030016,0,116,115940392,91,0,100,12,100,0,84,315224130,89,9970,100,0,100,12,100.0,0.0,100.0,0.0,100.0,0.0,100.0,0.0,100.0,0.0,73.0,27.0,100.0,0.0,100.0,0.0,73.0,54065.0,27,27,100,0,100,0,200,0,100.0,9767.0,100.0,9021988599.0,100.0,36143287291.0
2018-02-16,S300SMX0,ST4000DM000,4000787030016,0,117,147131200,91,0,100,12,100,0,84,315295934,89,9994,100,0,100,12,100.0,0.0,100.0,0.0,100.0,0.0,100.0,0.0,100.0,0.0,74.0,26.0,100.0,0.0,100.0,0.0,73.0,55393.0,26,26,100,0,100,0,200,0,100.0,9784.0,100.0,9022086879.0,100.0,36168594638.0
2018-02-17,S300SMX0,ST4000DM000,4000787030016,0,118,175613568,91,0,100,12,100,0,84,315382919,89,10018,100,0,100,12,100.0,0.0,100.0,0.0,100.0,0.0,100.0,0.0,100.0,0.0,73.0,27.0,100.0,0.0,100.0,0.0,72.0,56693.0,27,27,100,0,100,0,200,0,100.0,9803.0,100.0,9022206719.0,100.0,36193626575.0
2018-02-18,S300SMX0,ST4000DM000,4000787030016,0,119,213617624,91,0,100,12,100,0,84,315470825,89,10042,100,0,100,12,100.0,0.0,100.0,0.0,100.0,0.0,100.0,0.0,100.0,0.0,73.0,27.0,100.0,0.0,100.0,0.0,72.0,57841.0,27,27,100,0,100,0,200,0,100.0,9823.0,100.0,9022323279.0,100.0,36219996472.0
2018-02-19,S300SMX0,ST4000DM000,4000787030016,0,120,242221768,91,0,100,12,100,0,84,315555738,89,10066,100,0,100,12,100.0,0.0,100.0,0.0,100.0,0.0,100.0,0.0,100.0,0.0,73.0,27.0,100.0,0.0,100.0,0.0,71.0,59099.0,27,27,100,0,100,0,200,0,100.0,9842.0,100.0,9022439819.0,100.0,36244795408.0
2018-02-20,S300SMX0,ST4000DM000,4000787030016,0,111,36111888,91,0,100,12,100,0,84,315645496,89,10090,100,0,100,12,100.0,0.0,100.0,0.0,100.0,0.0,100.0,0.0,100.0,0.0,74.0,26.0,100.0,0.0,100.0,0.0,70.0,60367.0,26,26,100,0,100,0,200,0,100.0,9862.0,100.0,9022559839.0,100.0,36271189089.0
2018-02-21,S300SMX0,ST4000DM000,4000787030016,0,114,73810504,91,0,100,12,100,0,84,315732949,89,10114,100,0,100,12,100.0,0.0,100.0,0.0,100.0,0.0,100.0,0.0,100.0,0.0,73.0,27.0,100.0,0.0,100.0,0.0,70.0,61613.0,27,27,100,0,100,0,200,0,100.0,9881.0,100.0,9022676319.0,100.0,36297236864.0
2018-02-22,S300SMX0,ST4000DM000,4000787030016,0,116,104565456,91,0,100,12,100,0,84,315818134,89,10138,100,0,100,12,100.0,0.0,100.0,0.0,100.0,0.0,100.0,0.0,100.0,0.0,73.0,27.0,100.0,0.0,100.0,0.0,69.0,62790.0,27,27,100,0,100,0,200,0,100.0,9900.0,100.0,9022792789.0,100.0,36322254756.0
2018-02-23,S300SMX0,ST4000DM000,4000787030016,0,117,134594280,91,0,100,12,100,0,84,315905401,89,10162,100,0,100,12,100.0,0.0,100.0,0.0,100.0,0.0,100.0,0.0,100.0,0.0,73.0,27.0,100.0,0.0,100.0,0.0,68.0,64109.0,27,27,100,0,100,0,200,0,100.0,9920.0,100.0,9022913139.0,100.0,36349063804.0
2018-02-24,S300SMX0,ST4000DM000,4000787030016,0,117,166262184,91,0,100,12,100,0,84,315990796,89,10186,100,0,100,12,100.0,0.0,100.0,0.0,100.0,0.0,100.0,0.0,100.0,0.0,73.0,27.0,100.0,0.0,100.0,0.0,68.0,65346.0,27,27,100,0,100,0,200,0,100.0,9939.0,100.0,9023029739.0,100.0,36374447662.0
2018-02-25,S300SMX0,ST4000DM000,4000787030016,0,118,195510464,91,0,100,12,100,0,84,316076318,89,10210,100,0,100,12,100.0,0.0,100.0,0.0,100.0,0.0,100.0,0.0,100.0,0.0,74.0,26.0,100.0,0.0,100.0,0.0,67.0,66593.0,26,26,100,0,100,0,200,0,100.0,9958.0,100.0,9023146229.0,100.0,36398526408.0
2018-02-26,S300SMX0,ST4000DM000,4000787030016,0,119,225557856,91,0,100,12,100,0,84,316161477,89,10234,100,0,100,12,100.0,0.0,100.0,0.0,100.0,0.0,100.0,0.0,100.0,0.0,73.0,27.0,100.0,0.0,100.0,0.0,67.0,67848.0,27,27,100,0,100,0,200,0,100.0,9977.0,100.0,9023262749.0,100.0,36423478335.0
2018-02-27,S300SMX0,ST4000DM000,4000787030016,0,106,11953776,91,0,100,12,100,0,84,316249006,89,10258,100,0,100,12,100.0,0.0,100.0,0.0,100.0,0.0,100.0,0.0,100.0,0.0,73.0,27.0,100.0,0.0,100.0,0.0,66.0,69153.0,27,27,100,0,100,0,200,0,100.0,9997.0,100.0,9023383019.0,100.0,36450212175.0
2018-02-28,S300SMX0,ST4000DM000,4000787030016,0,112,44752864,91,0,100,12,100,0,84,316334827,89,10282,100,0,100,12,100.0,0.0,100.0,0.0,100.0,0.0,100.0,0.0,100.0,0.0,74.0,26.0,100.0,0.0,100.0,0.0,65.0,70397.0,26,26,100,0,100,0,200,0,100.0,10016.0,100.0,9023499579.0,100.0,36475979411.0
2018-03-01,S300SMX0,ST4000DM000,4000787030016,0,114,74170296,91,0,100,12,100,0,84,316411690,89,10303,100,0,100,12,100.0,0.0,100.0,0.0,100.0,0.0,100.0,0.0,100.0,0.0,73.0,27.0,100.0,0.0,100.0,0.0,65.0,71523.0,27,27,100,0,100,0,200,0,100.0,10034.0,100.0,9023604909.0,100.0,36501383272.0
2018-03-02,S300SMX0,ST4000DM000,4000787030016,0,116,113392080,91,0,100,12,100,0,84,316496844,89,10327,100,0,100,12,100.0,0.0,100.0,0.0,100.0,0.0,100.0,0.0,100.0,0.0,74.0,26.0,100.0,0.0,100.0,0.0,64.0,72709.0,26,26,100,0,100,0,200,0,100.0,10053.0,100.0,9023721489.0,100.0,36535508987.0
2018-03-03,S300SMX0,ST4000DM000,4000787030016,0,117,151388608,91,0,100,12,100,0,84,316581905,89,10351,100,0,100,12,100.0,0.0,100.0,0.0,100.0,0.0,100.0,0.0,100.0,0.0,74.0,26.0,100.0,0.0,100.0,0.0,64.0,73932.0,26,26,100,0,100,0,200,0,100.0,10073.0,100.0,9023838049.0,100.0,36569426620.0
2018-03-04,S300SMX0,ST4000DM000,4000787030016,0,118,196247728,91,0,100,12,100,0,84,316671394,89,10376,100,0,100,12,100.0,0.0,100.0,0.0,100.0,0.0,100.0,0.0,100.0,0.0,74.0,26.0,100.0,0.0,100.0,0.0,63.0,75196.0,26,26,100,0,100,0,200,0,100.0,10093.0,100.0,9023958239.0,100.0,36603612129.0
2018-03-05,S300SMX0,ST4000DM000,4000787030016,0,119,234683032,91,0,100,12,100,0,84,316756569,89,10399,100,0,100,12,100.0,0.0,100.0,0.0,100.0,0.0,100.0,0.0,100.0,0.0,74.0,26.0,100.0,0.0,100.0,0.0,62.0,76419.0,26,26,100,0,100,0,200,0,100.0,10112.0,100.0,9024074799.0,100.0,36637380999.0
2018-03-06,S300SMX0,ST4000DM000,4000787030016,0,111,33250744,91,0,100,12,100,0,84,316847656,89,10425,100,0,100,12,100.0,0.0,100.0,0.0,100.0,0.0,100.0,0.0,100.0,0.0,74.0,26.0,100.0,0.0,100.0,0.0,62.0,77656.0,26,26,100,0,100,0,200,0,100.0,10133.0,100.0,9024198939.0,100.0,36673557593.0
2018-03-07,S300SMX0,ST4000DM000,4000787030016,0,114.0,69801536.0,91.0,0.0,100.0,12.0,100.0,0.0,84.0,316932421.0,89.0,10448.0,100.0,0.0,100.0,12.0,100.0,0.0,100.0,0.0,100.0,0.0,100.0,0.0,100.0,0.0,73.0,27.0,100.0,0.0,100.0,0.0,61.0,78885.0,27.0,27.0,100.0,0.0,100.0,0.0,200.0,0.0,100.0,10152.0,100.0,9024315369.0,100.0,36706152535.0
2018-03-08,S300SMX0,ST4000DM000,4000787030016,0,116,107257800,91,0,100,12,100,0,84,317011023,89,10470,100,0,100,12,100.0,0.0,100.0,0.0,100.0,0.0,100.0,0.0,100.0,0.0,73.0,27.0,100.0,0.0,100.0,0.0,61.0,79991.0,27,27,100,0,100,0,200,0,100.0,10170.0,100.0,9024420949.0,100.0,36735435510.0
2018-03-09,S300SMX0,ST4000DM000,4000787030016,0,117,139978920,91,0,100,12,100,0,84,317099266,89,10495,100,0,100,12,100.0,0.0,100.0,0.0,100.0,0.0,100.0,0.0,100.0,0.0,73.0,27.0,100.0,0.0,100.0,0.0,60.0,81215.0,27,27,100,0,100,0,200,0,100.0,10190.0,100.0,9024541209.0,100.0,36762505669.0
2018-03-10,S300SMX0,ST4000DM000,4000787030016,0,118,171564688,91,0,100,12,100,0,84,317184126,88,10518,100,0,100,12,100.0,0.0,100.0,0.0,100.0,0.0,100.0,0.0,100.0,0.0,73.0,27.0,100.0,0.0,100.0,0.0,59.0,82438.0,27,27,100,0,100,0,200,0,100.0,10209.0,100.0,9024657879.0,100.0,36790610489.0
2018-03-11,S300SMX0,ST4000DM000,4000787030016,0,118,200454344,91,0,100,12,100,0,84,317268949,88,10542,100,0,100,12,100.0,0.0,100.0,0.0,100.0,0.0,100.0,0.0,100.0,0.0,74.0,26.0,100.0,0.0,100.0,0.0,59.0,83650.0,26,26,100,0,100,0,200,0,100.0,10229.0,100.0,9024774369.0,100.0,36815921397.0
2018-03-12,S300SMX0,ST4000DM000,4000787030016,0,119,232113056,91,0,100,12,100,0,84,317354105,88,10566,100,0,100,12,100.0,0.0,100.0,0.0,100.0,0.0,100.0,0.0,100.0,0.0,74.0,26.0,100.0,0.0,100.0,0.0,58.0,84828.0,26,26,100,0,100,0,200,0,100.0,10248.0,100.0,9024890929.0,100.0,36842491700.0
2018-03-13,S300SMX0,ST4000DM000,4000787030016,0,108,19304592,91,0,100,12,100,0,84,317441623,88,10590,100,0,100,12,100.0,0.0,100.0,0.0,100.0,0.0,100.0,0.0,100.0,0.0,74.0,26.0,100.0,0.0,100.0,0.0,57.0,86148.0,26,26,100,0,100,0,200,0,100.0,10268.0,100.0,9025011259.0,100.0,36870375961.0
2018-03-14,S300SMX0,ST4000DM000,4000787030016,0,113,51606128,91,0,100,12,100,0,84,317527380,88,10614,100,0,100,12,100.0,0.0,100.0,0.0,100.0,0.0,100.0,0.0,100.0,0.0,74.0,26.0,100.0,0.0,100.0,0.0,57.0,87382.0,26,26,100,0,100,0,200,0,100.0,10287.0,100.0,9025127729.0,100.0,36895884753.0
2018-03-15,S300SMX0,ST4000DM000,4000787030016,0,115,84306216,91,0,100,12,100,0,84,317615490,88,10639,100,0,100,12,100.0,0.0,100.0,0.0,100.0,0.0,100.0,0.0,100.0,0.0,75.0,25.0,100.0,0.0,100.0,0.0,56.0,88692.0,25,25,100,0,100,0,200,0,100.0,10307.0,100.0,9025248199.0,100.0,36923107088.0
2018-03-16,S300SMX0,ST4000DM000,4000787030016,0,116.0,116302296.0,91.0,0.0,100.0,12.0,100.0,0.0,84.0,317701686.0,88.0,10663.0,100.0,0.0,100.0,12.0,100.0,0.0,100.0,0.0,100.0,0.0,100.0,0.0,100.0,0.0,75.0,25.0,100.0,0.0,100.0,0.0,56.0,89923.0,25.0,25.0,100.0,0.0,100.0,0.0,200.0,0.0,100.0,10326.0,100.0,9025364669.0,100.0,36947170850.0
2018-03-17,S300SMX0,ST4000DM000,4000787030016,0,118,177803552,91,0,100,12,100,0,84,318181647,88,10686,100,0,100,12,100.0,0.0,100.0,0.0,100.0,0.0,100.0,0.0,100.0,0.0,74.0,26.0,100.0,0.0,100.0,0.0,55.0,90562.0,26,26,100,0,100,0,200,0,100.0,10348.0,100.0,9026822927.0,100.0,36975392986.0
2018-03-18,S300SMX0,ST4000DM000,4000787030016,0,119,225560296,91,0,100,12,100,0,84,319020821,88,10711,100,0,100,12,100.0,0.0,100.0,0.0,100.0,0.0,100.0,0.0,100.0,0.0,75.0,25.0,100.0,0.0,100.0,0.0,55.0,90562.0,25,25,100,0,100,0,200,0,100.0,10372.0,100.0,9029320485.0,100.0,37007921292.0
2018-03-19,S300SMX0,ST4000DM000,4000787030016,0,119,213831984,91,0,100,12,100,0,84,319797308,88,10735,100,0,100,12,100.0,0.0,100.0,0.0,100.0,0.0,100.0,0.0,100.0,0.0,75.0,25.0,100.0,0.0,100.0,0.0,55.0,90562.0,25,25,100,0,100,0,200,0,100.0,10396.0,100.0,9031584883.0,100.0,37038614048.0
2018-03-20,S300SMX0,ST4000DM000,4000787030016,0,114,68666912,91,0,100,12,100,0,84,320492569,88,10758,100,0,100,12,100.0,0.0,100.0,0.0,100.0,0.0,100.0,0.0,100.0,0.0,74.0,26.0,100.0,0.0,100.0,0.0,55.0,90562.0,26,26,100,0,100,0,200,0,100.0,10420.0,100.0,9033625833.0,100.0,37063853966.0
2018-03-21,S300SMX0,ST4000DM000,4000787030016,0,114,59735624,91,0,100,12,100,0,84,321267958,88,10782,100,0,100,12,100.0,0.0,100.0,0.0,100.0,0.0,100.0,0.0,100.0,0.0,74.0,26.0,100.0,0.0,100.0,0.0,55.0,90567.0,26,26,100,0,100,0,200,0,100.0,10443.0,100.0,9035956481.0,100.0,37091984147.0
2018-03-22,S300SMX0,ST4000DM000,4000787030016,0,115,84021808,91,0,100,12,100,0,84,322116526,88,10807,100,0,100,12,100.0,0.0,100.0,0.0,100.0,0.0,100.0,0.0,100.0,0.0,73.0,27.0,100.0,0.0,100.0,0.0,55.0,90567.0,27,27,100,0,100,0,200,0,100.0,10468.0,100.0,9039942283.0,100.0,37124500399.0
2018-03-23,S300SMX0,ST4000DM000,4000787030016,0,116,110935720,91,0,100,12,100,0,84,322911127,88,10831,100,0,100,12,100.0,0.0,100.0,0.0,100.0,0.0,100.0,0.0,100.0,0.0,73.0,27.0,100.0,0.0,100.0,0.0,55.0,90567.0,27,27,100,0,100,0,200,0,100.0,10492.0,100.0,9042186511.0,100.0,37151874620.0
2018-03-24,S300SMX0,ST4000DM000,4000787030016,0,111,31352648,91,0,100,12,100,0,84,323461636,88,10854,100,0,100,12,100.0,0.0,100.0,0.0,100.0,0.0,100.0,0.0,100.0,0.0,72.0,28.0,100.0,0.0,100.0,0.0,55.0,90927.0,28,28,100,0,100,0,200,0,100.0,10514.0,100.0,9043475345.0,100.0,37193980023.0
2018-03-25,S300SMX0,ST4000DM000,4000787030016,0,111,35814112,91,0,100,12,100,0,84,324232920,88,10879,100,0,100,12,100.0,0.0,100.0,0.0,100.0,0.0,100.0,0.0,100.0,0.0,73.0,27.0,100.0,0.0,100.0,0.0,55.0,90927.0,27,27,100,0,100,0,200,0,100.0,10539.0,100.0,9043595285.0,100.0,37510156678.0
2018-03-26,S300SMX0,ST4000DM000,4000787030016,0,120,237024256,91,0,100,12,100,0,84,324996210,88,10903,100,0,100,12,100.0,0.0,100.0,0.0,100.0,0.0,100.0,0.0,100.0,0.0,73.0,27.0,100.0,0.0,100.0,0.0,55.0,90927.0,27,27,100,0,100,0,200,0,100.0,10563.0,100.0,9043711475.0,100.0,37809685206.0
2018-03-27,S300SMX0,ST4000DM000,4000787030016,0,114,66082016,91,0,100,12,100,0,84,325812066,88,10926,100,0,100,12,100.0,0.0,100.0,0.0,100.0,0.0,100.0,0.0,100.0,0.0,73.0,27.0,100.0,0.0,100.0,0.0,55.0,90927.0,27,27,100,0,100,0,200,0,100.0,10586.0,100.0,9043827565.0,100.0,38111584649.0
2018-03-28,S300SMX0,ST4000DM000,4000787030016,0,117,144970576,91,0,100,12,100,0,84,326634709,88,10951,100,0,100,12,100.0,0.0,100.0,0.0,100.0,0.0,100.0,0.0,100.0,0.0,73.0,27.0,100.0,0.0,100.0,0.0,55.0,90927.0,27,27,100,0,100,0,200,0,100.0,10611.0,100.0,9043947525.0,100.0,38421852991.0
2018-03-29,S300SMX0,ST4000DM000,4000787030016,0,119,234011680,91,0,100,12,100,0,84,327482091,88,10974,100,0,100,12,100.0,0.0,100.0,0.0,100.0,0.0,100.0,0.0,100.0,0.0,73.0,27.0,100.0,0.0,100.0,0.0,55.0,90935.0,27,27,100,0,100,0,200,0,100.0,10634.0,100.0,9044059985.0,100.0,38741590043.0
2018-03-30,S300SMX0,ST4000DM000,4000787030016,0,118,187466192,91,0,100,12,100,0,84,328107754,88,10999,100,0,100,12,100.0,0.0,100.0,0.0,100.0,0.0,100.0,0.0,100.0,0.0,74.0,26.0,100.0,0.0,100.0,0.0,55.0,90948.0,26,26,100,0,100,0,200,0,100.0,10659.0,100.0,9044180295.0,100.0,38981522780.0
2018-03-31,S300SMX0,ST4000DM000,4000787030016,0,116,104479232,91,0,100,12,100,0,84,329356164,88,11022,100,0,100,12,100.0,0.0,100.0,0.0,100.0,0.0,100.0,0.0,100.0,0.0,73.0,27.0,100.0,0.0,100.0,0.0,55.0,90948.0,27,27,100,0,100,0,200,0,100.0,10682.0,100.0,9044296545.0,100.0,39458275331.0
2018-04-01,S300SMX0,ST4000DM000,4000787030016,0,118,187787368,91,0,100,12,100,0,84,330662970,88,11046,100,0,100,12,100.0,0.0,100.0,0.0,100.0,0.0,100.0,0.0,100.0,0.0,73.0,27.0,100.0,0.0,100.0,0.0,55.0,90948.0,27,27,100,0,100,0,200,0,100.0,10706.0,100.0,9044412795.0,100.0,39949427219.0
2018-04-02,S300SMX0,ST4000DM000,4000787030016,0,120,235034936,91,0,100,12,100,0,84,331959032,88,11071,100,0,100,12,100.0,0.0,100.0,0.0,100.0,0.0,100.0,0.0,100.0,0.0,73.0,27.0,100.0,0.0,100.0,0.0,55.0,90948.0,27,27,100,0,100,0,200,0,100.0,10731.0,100.0,9044532765.0,100.0,40457406771.0
2018-04-03,S300SMX0,ST4000DM000,4000787030016,0,119,209034728,91,0,100,12,100,0,84,332379526,88,11094,100,0,100,12,100.0,0.0,100.0,0.0,100.0,0.0,100.0,0.0,100.0,0.0,74.0,26.0,100.0,0.0,100.0,0.0,55.0,91616.0,26,26,100,0,100,0,200,0,100.0,10752.0,100.0,9044649345.0,100.0,40629236250.0
2018-04-04,S300SMX0,ST4000DM000,4000787030016,0,111,32659576,91,0,100,12,100,0,84,332761165,88,11118,100,0,100,12,100.0,0.0,100.0,0.0,100.0,0.0,100.0,0.0,100.0,0.0,73.0,27.0,100.0,0.0,100.0,0.0,54.0,92275.0,27,27,100,0,100,0,200,0,100.0,10773.0,100.0,9044765725.0,100.0,40761884580.0
2018-04-05,S300SMX0,ST4000DM000,4000787030016,0,114,82150840,91,0,100,12,100,0,84,333501183,88,11143,100,0,100,12,100.0,0.0,100.0,0.0,100.0,0.0,100.0,0.0,100.0,0.0,73.0,27.0,100.0,0.0,100.0,0.0,54.0,92275.0,27,27,100,0,100,0,200,0,100.0,10798.0,100.0,9044885715.0,100.0,41047909777.0
2018-04-06,S300SMX0,ST4000DM000,4000787030016,0,111,35018752,91,0,100,12,100,0,84,334213922,88,11166,100,0,100,12,100.0,0.0,100.0,0.0,100.0,0.0,100.0,0.0,100.0,0.0,73.0,27.0,100.0,0.0,100.0,0.0,54.0,92275.0,27,27,100,0,100,0,200,0,100.0,10822.0,100.0,9045002015.0,100.0,41317441743.0
2018-04-07,S300SMX0,ST4000DM000,4000787030016,0,112.0,45986344.0,91.0,0.0,100.0,12.0,100.0,0.0,84.0,334985666.0,88.0,11190.0,100.0,0.0,100.0,12.0,100.0,0.0,100.0,0.0,100.0,0.0,100.0,0.0,100.0,0.0,73.0,27.0,100.0,0.0,100.0,0.0,54.0,92275.0,27.0,27.0,100.0,0.0,100.0,0.0,200.0,0.0,100.0,10846.0,100.0,9045118245.0,100.0,41595250633.0
2018-04-08,S300SMX0,ST4000DM000,4000787030016,0,111,39385968,91,0,100,12,100,0,85,335813955,88,11214,100,0,100,12,100.0,0.0,100.0,0.0,100.0,0.0,100.0,0.0,100.0,0.0,73.0,27.0,100.0,0.0,100.0,0.0,54.0,92275.0,27,27,100,0,100,0,200,0,100.0,10869.0,100.0,9045234535.0,100.0,41898372354.0
2018-04-09,S300SMX0,ST4000DM000,4000787030016,0,117,131473824,91,0,100,12,100,0,85,336656077,88,11238,100,0,100,12,100.0,0.0,100.0,0.0,100.0,0.0,100.0,0.0,100.0,0.0,73.0,27.0,100.0,0.0,100.0,0.0,54.0,92275.0,27,27,100,0,100,0,200,0,100.0,10894.0,100.0,9045354545.0,100.0,42223591099.0
2018-04-10,S300SMX0,ST4000DM000,4000787030016,0,117,135158024,91,0,100,12,100,0,85,337088373,88,11262,100,0,100,12,100.0,0.0,100.0,0.0,100.0,0.0,100.0,0.0,100.0,0.0,74.0,26.0,100.0,0.0,100.0,0.0,54.0,92780.0,26,26,100,0,100,0,200,0,100.0,10916.0,100.0,9045470975.0,100.0,42383942518.0
2018-04-11,S300SMX0,ST4000DM000,4000787030016,0,117,158785552,91,0,100,12,100,0,85,337172787,88,11286,100,0,100,12,100.0,0.0,100.0,0.0,100.0,0.0,100.0,0.0,100.0,0.0,74.0,26.0,100.0,0.0,100.0,0.0,53.0,94058.0,26,26,100,0,100,0,200,0,100.0,10935.0,100.0,9045587435.0,100.0,42404572870.0
2018-04-12,S300SMX0,ST4000DM000,4000787030016,0,118,188451944,91,0,100,12,100,0,85,337239509,88,11310,100,0,100,12,100.0,0.0,100.0,0.0,100.0,0.0,100.0,0.0,100.0,0.0,75.0,25.0,100.0,0.0,100.0,0.0,53.0,95117.0,25,25,100,0,100,0,200,0,100.0,10953.0,100.0,9045681419.0,100.0,42431841798.0
2018-04-13,S300SMX0,ST4000DM000,4000787030016,0,118,188451944,91,0,100,12,100,0,85,337239509,88,11334,100,0,100,12,100.0,0.0,100.0,0.0,100.0,0.0,100.0,0.0,100.0,0.0,75.0,25.0,100.0,0.0,100.0,0.0,53.0,95196.0,25,25,100,0,100,0,200,0,100.0,10970.0,100.0,9045681419.0,100.0,42431841798.0
2018-04-14,S300SMX0,ST4000DM000,4000787030016,0,118,188451944,91,0,100,12,100,0,85,337239509,88,11342,100,0,100,12,100.0,0.0,100.0,0.0,100.0,0.0,100.0,0.0,100.0,0.0,75.0,25.0,100.0,0.0,100.0,0.0,53.0,95224.0,25,25,100,0,100,0,200,0,100.0,10975.0,100.0,9045681419.0,100.0,42431841798.0
