2018-01-01,S301185Z,ST4000DM000,4000787030016,0,114,78340880,95,0,100,5,100,0,78,67341126,74,23628,100,0,100,5,100.0,0.0,100.0,0.0,100.0,0.0,100.0,0.0,100.0,0.0,78.0,22.0,100.0,0.0,100.0,0.0,85.0,30013.0,22,22,100,0,100,0,200,0,100.0,23495.0,100.0,51142830752.0,100.0,70717773162.0
2018-01-02,S301185Z,ST4000DM000,4000787030016,0,114,62805472,95,0,100,5,100,0,78,68594098,74,23651,100,0,100,5,100.0,0.0,100.0,0.0,100.0,0.0,100.0,0.0,100.0,0.0,78.0,22.0,100.0,0.0,100.0,0.0,85.0,30013.0,22,22,100,0,100,0,200,0,100.0,23518.0,100.0,51160991976.0,100.0,70870805115.0
2018-01-03,S301185Z,ST4000DM000,4000787030016,0,118,189357392,95,0,100,5,100,0,78,70591323,73,23675,100,0,100,5,100.0,0.0,100.0,0.0,100.0,0.0,100.0,0.0,100.0,0.0,78.0,22.0,100.0,0.0,100.0,0.0,85.0,30013.0,22,22,100,0,100,0,200,0,100.0,23542.0,100.0,51186059944.0,100.0,70983667402.0
2018-01-04,S301185Z,ST4000DM000,4000787030016,0,105,8073232,95,0,100,5,100,0,78,71656283,73,23692,100,0,100,5,100.0,0.0,100.0,0.0,100.0,0.0,100.0,0.0,100.0,0.0,80.0,20.0,100.0,0.0,100.0,0.0,85.0,30013.0,20,20,100,0,100,0,200,0,100.0,23558.0,100.0,51208441704.0,100.0,71087412544.0
2018-01-05,S301185Z,ST4000DM000,4000787030016,0,114.0,72687688.0,95.0,0.0,100.0,5.0,100.0,0.0,78.0,73071465.0,73.0,23715.0,100.0,0.0,100.0,5.0,100.0,0.0,100.0,0.0,100.0,0.0,100.0,0.0,100.0,0.0,79.0,21.0,100.0,0.0,100.0,0.0,85.0,30014.0,21.0,21.0,100.0,0.0,100.0,0.0,200.0,0.0,100.0,23582.0,100.0,51264975232.0,100.0,71166939168.0
2018-01-06,S301185Z,ST4000DM000,4000787030016,0,117,135770560,95,0,100,5,100,0,78,75059126,73,23739,100,0,100,5,100.0,0.0,100.0,0.0,100.0,0.0,100.0,0.0,100.0,0.0,81.0,19.0,100.0,0.0,100.0,0.0,85.0,30014.0,19,19,100,0,100,0,200,0,100.0,23606.0,100.0,51308330488.0,100.0,71302488816.0
2018-01-07,S301185Z,ST4000DM000,4000787030016,0,118,184730656,95,0,100,5,100,0,78,77009964,73,23763,100,0,100,5,100.0,0.0,100.0,0.0,100.0,0.0,100.0,0.0,100.0,0.0,81.0,19.0,100.0,0.0,100.0,0.0,85.0,30014.0,19,19,100,0,100,0,200,0,100.0,23630.0,100.0,51369725984.0,100.0,71420760368.0
2018-01-08,S301185Z,ST4000DM000,4000787030016,0,115,84605584,95,0,100,5,100,0,78,81084891,73,23787,100,0,100,5,100.0,0.0,100.0,0.0,100.0,0.0,100.0,0.0,100.0,0.0,81.0,19.0,100.0,0.0,100.0,0.0,85.0,30014.0,19,19,100,0,100,0,200,0,100.0,23653.0,100.0,51417811280.0,100.0,71527672342.0
2018-01-09,S301185Z,ST4000DM000,4000787030016,0,112,49754392,95,0,100,5,100,0,78,83240626,73,23811,100,0,100,5,100.0,0.0,100.0,0.0,100.0,0.0,100.0,0.0,100.0,0.0,81.0,19.0,100.0,0.0,100.0,0.0,85.0,30014.0,19,19,100,0,100,0,200,0,100.0,23677.0,100.0,51465791536.0,100.0,71683185492.0
2018-01-10,S301185Z,ST4000DM000,4000787030016,0,114,75977800,95,0,100,5,100,0,79,85093657,73,23838,100,0,100,5,100.0,0.0,100.0,0.0,100.0,0.0,100.0,0.0,100.0,0.0,80.0,20.0,100.0,0.0,100.0,0.0,85.0,30014.0,20,20,100,0,100,0,200,0,100.0,23704.0,100.0,51492323856.0,100.0,71811593934.0
2018-01-11,S301185Z,ST4000DM000,4000787030016,0,110,28708656,95,0,100,5,100,0,79,86747259,73,23857,100,0,100,5,100.0,0.0,100.0,0.0,100.0,0.0,100.0,0.0,100.0,0.0,81.0,19.0,100.0,0.0,100.0,0.0,85.0,30016.0,19,19,100,0,100,0,200,0,100.0,23724.0,100.0,51498061600.0,100.0,71922234769.0
2018-01-12,S301185Z,ST4000DM000,4000787030016,0,115,87221624,95,0,100,5,100,0,79,87932582,73,23882,100,0,100,5,100.0,0.0,100.0,0.0,100.0,0.0,100.0,0.0,100.0,0.0,81.0,19.0,100.0,0.0,100.0,0.0,85.0,30020.0,19,19,100,0,100,0,200,0,100.0,23748.0,100.0,51505130640.0,100.0,72072329796.0
2018-01-13,S301185Z,ST4000DM000,4000787030016,0,117.0,164042736.0,95.0,0.0,100.0,5.0,100,0,79.0,89260149.0,73,23905,100.0,0.0,100,5,100.0,0.0,100.0,0.0,100.0,0.0,100.0,0.0,100.0,0.0,80.0,20.0,100.0,0.0,100.0,0.0,85.0,30020.0,20.0,20.0,100.0,0.0,100.0,0.0,200,0,100.0,23772.0,100.0,51516055760.0,100.0,72238531969.0
2018-01-14,S301185Z,ST4000DM000,4000787030016,0,116.0,110553832.0,95.0,0.0,100.0,5.0,100,0,79.0,90836247.0,73,23930,100.0,0.0,100,5,100.0,0.0,100.0,0.0,100.0,0.0,100.0,0.0,100.0,0.0,80.0,20.0,100.0,0.0,100.0,0.0,85.0,30020.0,20.0,20.0,100.0,0.0,100.0,0.0,200,0,100.0,23796.0,100.0,51522492040.0,100.0,72462247645.0
2018-01-15,S301185Z,ST4000DM000,4000787030016,0,116.0,109747544.0,95.0,0.0,100.0,5.0,100,0,79.0,92867745.0,73,23954,100.0,0.0,100,5,100.0,0.0,100.0,0.0,100.0,0.0,100.0,0.0,100.0,0.0,81.0,19.0,100.0,0.0,100.0,0.0,85.0,30020.0,19.0,19.0,100.0,0.0,100.0,0.0,200,0,100.0,23820.0,100.0,51532068224.0,100.0,72621858754.0
2018-01-16,S301185Z,ST4000DM000,4000787030016,0,115.0,93684016.0,95.0,0.0,100.0,5.0,100,0,79.0,93894779.0,73,23978,100.0,0.0,100,5,100.0,0.0,100.0,0.0,100.0,0.0,100.0,0.0,100.0,0.0,79.0,21.0,100.0,0.0,100.0,0.0,85.0,30020.0,21.0,21.0,100.0,0.0,100.0,0.0,200,0,100.0,23844.0,100.0,51536873032.0,100.0,72777958625.0
2018-01-17,S301185Z,ST4000DM000,4000787030016,0,118.0,188891696.0,95.0,0.0,100.0,5.0,100,0,79.0,95098343.0,73,24001,100.0,0.0,100,5,100.0,0.0,100.0,0.0,100.0,0.0,100.0,0.0,100.0,0.0,81.0,19.0,100.0,0.0,100.0,0.0,85.0,30020.0,19.0,19.0,100.0,0.0,100.0,0.0,200,0,100.0,23868.0,100.0,51541928344.0,100.0,72919325878.0
2018-01-18,S301185Z,ST4000DM000,4000787030016,0,117.0,121653128.0,95.0,0.0,100.0,5.0,100.0,0.0,79.0,96430110.0,73.0,24030.0,100.0,0.0,100.0,5.0,100.0,0.0,100.0,0.0,100.0,0.0,100.0,0.0,100.0,0.0,81.0,19.0,100.0,0.0,100.0,0.0,85.0,30020.0,19.0,19.0,100.0,0.0,100.0,0.0,200.0,0.0,100.0,23897.0,100.0,51552794240.0,100.0,72993671124.0
2018-01-19,S301185Z,ST4000DM000,4000787030016,0,118.0,172994080.0,95.0,0.0,100.0,5.0,100.0,0.0,79.0,97582647.0,73.0,24054.0,100.0,0.0,100.0,5.0,100.0,0.0,100.0,0.0,100.0,0.0,100.0,0.0,100.0,0.0,81.0,19.0,100.0,0.0,100.0,0.0,85.0,30023.0,19.0,19.0,100.0,0.0,100.0,0.0,200.0,0.0,100.0,23920.0,100.0,51559256376.0,100.0,73153338529.0
2018-01-20,S301185Z,ST4000DM000,4000787030016,0,117.0,150267104.0,95.0,0.0,100.0,5.0,100,0,79.0,98416576.0,73,24078,100.0,0.0,100,5,100.0,0.0,100.0,0.0,100.0,0.0,100.0,0.0,100.0,0.0,80.0,20.0,100.0,0.0,100.0,0.0,85.0,30023.0,20.0,20.0,100.0,0.0,100.0,0.0,200,0,100.0,23944.0,100.0,51567354680.0,100.0,73262032513.0
2018-01-21,S301185Z,ST4000DM000,4000787030016,0,119.0,213677896.0,95.0,0.0,100.0,5.0,100,0,79.0,99252759.0,73,24102,100.0,0.0,100,5,100.0,0.0,100.0,0.0,100.0,0.0,100.0,0.0,100.0,0.0,81.0,19.0,100.0,0.0,100.0,0.0,85.0,30023.0,19.0,19.0,100.0,0.0,100.0,0.0,200,0,100.0,23969.0,100.0,51574309352.0,100.0,73361108280.0
2018-01-22,S301185Z,ST4000DM000,4000787030016,0,114.0,66369240.0,95.0,0.0,100.0,5.0,100,0,80.0,101566067.0,73,24127,100.0,0.0,100,5,100.0,0.0,100.0,0.0,100.0,0.0,100.0,0.0,100.0,0.0,81.0,19.0,100.0,0.0,100.0,0.0,85.0,30023.0,19.0,19.0,100.0,0.0,100.0,0.0,200,0,100.0,23993.0,100.0,51588332200.0,100.0,73519716886.0
2018-01-23,S301185Z,ST4000DM000,4000787030016,0,119.0,210367864.0,95.0,0.0,100.0,5.0,100,0,80.0,103079208.0,73,24151,100.0,0.0,100,5,100.0,0.0,100.0,0.0,100.0,0.0,100.0,0.0,100.0,0.0,80.0,20.0,100.0,0.0,100.0,0.0,85.0,30023.0,20.0,20.0,100.0,0.0,100.0,0.0,200,0,100.0,24017.0,100.0,51600729648.0,100.0,73675245614.0
2018-01-24,S301185Z,ST4000DM000,4000787030016,0,119.0,228629672.0,95.0,0.0,100.0,5.0,100,0,80.0,104662701.0,73,24174,100.0,0.0,100,5,100.0,0.0,100.0,0.0,100.0,0.0,100.0,0.0,100.0,0.0,81.0,19.0,100.0,0.0,100.0,0.0,85.0,30023.0,19.0,19.0,100.0,0.0,100.0,0.0,200,0,100.0,24040.0,100.0,51615031400.0,100.0,73790635333.0
2018-01-25,S301185Z,ST4000DM000,4000787030016,0,115.0,98022512.0,95.0,0.0,100.0,5.0,100,0,80.0,105803374.0,73,24199,100.0,0.0,100,5,100.0,0.0,100.0,0.0,100.0,0.0,100.0,0.0,100.0,0.0,80.0,20.0,100.0,0.0,100.0,0.0,85.0,30023.0,20.0,20.0,100.0,0.0,100.0,0.0,200,0,100.0,24065.0,100.0,51625742904.0,100.0,73899511450.0
2018-01-26,S301185Z,ST4000DM000,4000787030016,0,118.0,176067912.0,95.0,0.0,100.0,5.0,100,0,80.0,106507563.0,73,24224,100.0,0.0,100,5,100.0,0.0,100.0,0.0,100.0,0.0,100.0,0.0,100.0,0.0,80.0,20.0,100.0,0.0,100.0,0.0,85.0,30026.0,20.0,20.0,100.0,0.0,100.0,0.0,200,0,100.0,24090.0,100.0,51632544024.0,100.0,73993657421.0
2018-01-27,S301185Z,ST4000DM000,4000787030016,0,117.0,128809160.0,95.0,0.0,100.0,5.0,100,0,80.0,107612733.0,73,24248,100.0,0.0,100,5,100.0,0.0,100.0,0.0,100.0,0.0,100.0,0.0,100.0,0.0,81.0,19.0,100.0,0.0,100.0,0.0,85.0,30026.0,19.0,19.0,100.0,0.0,100.0,0.0,200,0,100.0,24114.0,100.0,51638354296.0,100.0,74135515873.0
2018-01-28,S301185Z,ST4000DM000,4000787030016,0,102.0,4804832.0,95.0,0.0,100.0,5.0,100,0,80.0,108729228.0,73,24272,100.0,0.0,100,5,100.0,0.0,100.0,0.0,100.0,0.0,100.0,0.0,100.0,0.0,80.0,20.0,100.0,0.0,100.0,0.0,85.0,30026.0,20.0,20.0,100.0,0.0,100.0,0.0,200,0,100.0,24138.0,100.0,51641988136.0,100.0,74276436146.0
2018-01-29,S301185Z,ST4000DM000,4000787030016,0,111.0,33113256.0,95.0,0.0,100.0,5.0,100,0,80.0,110793228.0,73,24296,100.0,0.0,100,5,100.0,0.0,100.0,0.0,100.0,0.0,100.0,0.0,100.0,0.0,80.0,20.0,100.0,0.0,100.0,0.0,85.0,30026.0,20.0,20.0,100.0,0.0,100.0,0.0,200,0,100.0,24162.0,100.0,51649636256.0,100.0,74422515101.0
2018-01-30,S301185Z,ST4000DM000,4000787030016,0,113.0,53376256.0,95.0,0.0,100.0,5.0,100,0,80.0,111527772.0,73,24313,100.0,0.0,100,5,100.0,0.0,100.0,0.0,100.0,0.0,100.0,0.0,100.0,0.0,81.0,19.0,100.0,0.0,100.0,0.0,85.0,30026.0,19.0,19.0,100.0,0.0,100.0,0.0,200,0,100.0,24179.0,100.0,51652763728.0,100.0,74505310346.0
2018-01-31,S301185Z,ST4000DM000,4000787030016,0,112.0,48437264.0,95.0,0.0,100.0,5.0,100.0,0.0,80.0,112762641.0,73.0,24337.0,100.0,0.0,100.0,5.0,100.0,0.0,100.0,0.0,100.0,0.0,100.0,0.0,100.0,0.0,80.0,20.0,100.0,0.0,100.0,0.0,85.0,30030.0,20.0,20.0,100.0,0.0,100.0,0.0,200.0,0.0,100.0,24203.0,100.0,51664159032.0,100.0,74627298980.0
2018-02-01,S301185Z,ST4000DM000,4000787030016,0,118.0,170290744.0,95.0,0.0,100.0,5.0,100,0,80.0,115785233.0,73,24362,100.0,0.0,100,5,100.0,0.0,100.0,0.0,100.0,0.0,100.0,0.0,100.0,0.0,80.0,20.0,100.0,0.0,100.0,0.0,85.0,30030.0,20.0,20.0,100.0,0.0,100.0,0.0,200,0,100.0,24228.0,100.0,51671922784.0,100.0,74737309652.0
2018-02-02,S301185Z,ST4000DM000,4000787030016,0,114.0,62092800.0,95.0,0.0,100.0,5.0,100,0,80.0,116274206.0,73,24386,100.0,0.0,100,5,100.0,0.0,100.0,0.0,100.0,0.0,100.0,0.0,100.0,0.0,81.0,19.0,100.0,0.0,100.0,0.0,85.0,30030.0,19.0,19.0,100.0,0.0,100.0,0.0,200,0,100.0,24252.0,100.0,51678030008.0,100.0,74779384169.0
2018-02-03,S301185Z,ST4000DM000,4000787030016,0,117.0,136876768.0,95.0,0.0,100.0,5.0,100,0,81.0,117494865.0,73,24410,100.0,0.0,100,5,100.0,0.0,100.0,0.0,100.0,0.0,100.0,0.0,100.0,0.0,80.0,20.0,100.0,0.0,100.0,0.0,85.0,30030.0,20.0,20.0,100.0,0.0,100.0,0.0,200,0,100.0,24276.0,100.0,51687258168.0,100.0,74872152585.0
2018-02-04,S301185Z,ST4000DM000,4000787030016,0,117.0,118288144.0,95.0,0.0,100.0,5.0,100,0,81.0,119402766.0,73,24441,100.0,0.0,100,5,100.0,0.0,100.0,0.0,100.0,0.0,100.0,0.0,100.0,0.0,81.0,19.0,100.0,0.0,100.0,0.0,85.0,30031.0,19.0,19.0,100.0,0.0,100.0,0.0,200,0,100.0,24308.0,100.0,51691320760.0,100.0,75037295600.0
2018-02-05,S301185Z,ST4000DM000,4000787030016,0,115.0,86916624.0,95.0,0.0,100.0,5.0,100,0,81.0,121782462.0,73,24465,100.0,0.0,100,5,100.0,0.0,100.0,0.0,100.0,0.0,100.0,0.0,100.0,0.0,80.0,20.0,100.0,0.0,100.0,0.0,85.0,30031.0,20.0,20.0,100.0,0.0,100.0,0.0,200,0,100.0,24332.0,100.0,51698704016.0,100.0,75211153745.0
2018-02-06,S301185Z,ST4000DM000,4000787030016,0,117.0,162579568.0,95.0,0.0,100.0,5.0,100,0,81.0,122918205.0,73,24489,100.0,0.0,100,5,100.0,0.0,100.0,0.0,100.0,0.0,100.0,0.0,100.0,0.0,81.0,19.0,100.0,0.0,100.0,0.0,85.0,30031.0,19.0,19.0,100.0,0.0,100.0,0.0,200,0,100.0,24355.0,100.0,51701870352.0,100.0,75339481503.0
2018-02-07,S301185Z,ST4000DM000,4000787030016,0,116.0,106362136.0,95.0,0.0,100.0,5.0,100,0,81.0,124652393.0,73,24513,100.0,0.0,100,5,100.0,0.0,100.0,0.0,100.0,0.0,100.0,0.0,100.0,0.0,81.0,19.0,100.0,0.0,100.0,0.0,85.0,30031.0,19.0,19.0,100.0,0.0,100.0,0.0,200,0,100.0,24379.0,100.0,51708565928.0,100.0,75423127715.0
2018-02-08,S301185Z,ST4000DM000,4000787030016,0,101.0,3189456.0,95.0,0.0,100.0,5.0,100,0,81.0,125843950.0,72,24540,100.0,0.0,100,5,100.0,0.0,100.0,0.0,100.0,0.0,100.0,0.0,100.0,0.0,80.0,20.0,100.0,0.0,100.0,0.0,85.0,30032.0,20.0,20.0,100.0,0.0,100.0,0.0,200,0,100.0,24406.0,100.0,51712941936.0,100.0,75561513637.0
2018-02-09,S301185Z,ST4000DM000,4000787030016,0,111,33466384,95,0,100,5,100,0,81,126805833,72,24564,100,0,100,5,100.0,0.0,100.0,0.0,100.0,0.0,100.0,0.0,100.0,0.0,80.0,20.0,100.0,0.0,100.0,0.0,85.0,30032.0,20,20,100,0,100,0,200,0,100.0,24430.0,100.0,51715789232.0,100.0,75676788622.0
2018-02-10,S301185Z,ST4000DM000,4000787030016,0,118.0,171407592.0,95.0,0.0,100.0,5.0,100.0,0.0,81.0,127405130.0,72.0,24588.0,100.0,0.0,100.0,5.0,100.0,0.0,100.0,0.0,100.0,0.0,100.0,0.0,100.0,0.0,80.0,20.0,100.0,0.0,100.0,0.0,85.0,30032.0,20.0,20.0,100.0,0.0,100.0,0.0,200.0,0.0,100.0,24454.0,100.0,51718019968.0,100.0,75749914042.0
2018-02-11,S301185Z,ST4000DM000,4000787030016,0,117,141787712,95,0,100,5,100,0,81,128215010,72,24612,100,0,100,5,100.0,0.0,100.0,0.0,100.0,0.0,100.0,0.0,100.0,0.0,79.0,21.0,100.0,0.0,100.0,0.0,85.0,30032.0,21,21,100,0,100,0,200,0,100.0,24478.0,100.0,51720176784.0,100.0,75840356400.0
2018-02-12,S301185Z,ST4000DM000,4000787030016,0,117,157393528,95,0,100,5,100,0,81,130003281,72,24636,100,0,100,5,100.0,0.0,100.0,0.0,100.0,0.0,100.0,0.0,100.0,0.0,80.0,20.0,100.0,0.0,100.0,0.0,85.0,30032.0,20,20,100,0,100,0,200,0,100.0,24502.0,100.0,51725381336.0,100.0,75962534532.0
2018-02-13,S301185Z,ST4000DM000,4000787030016,0,114,74407320,95,0,100,5,100,0,81,131135861,72,24660,100,0,100,5,100.0,0.0,100.0,0.0,100.0,0.0,100.0,0.0,100.0,0.0,80.0,20.0,100.0,0.0,100.0,0.0,85.0,30032.0,20,20,100,0,100,0,200,0,100.0,24526.0,100.0,51728176336.0,100.0,76093200297.0
2018-02-14,S301185Z,ST4000DM000,4000787030016,0,113,51518728,95,0,100,5,100,0,81,132957584,72,24684,100,0,100,5,100.0,0.0,100.0,0.0,100.0,0.0,100.0,0.0,100.0,0.0,80.0,20.0,100.0,0.0,100.0,0.0,85.0,30034.0,20,20,100,0,100,0,200,0,100.0,24551.0,100.0,51734024952.0,100.0,76208881590.0
2018-02-15,S301185Z,ST4000DM000,4000787030016,0,116,103129400,95,0,100,5,100,0,81,134118197,72,24708,100,0,100,5,100.0,0.0,100.0,0.0,100.0,0.0,100.0,0.0,100.0,0.0,80.0,20.0,100.0,0.0,100.0,0.0,85.0,30034.0,20,20,100,0,100,0,200,0,100.0,24574.0,100.0,51737185144.0,100.0,76338580547.0
2018-02-16,S301185Z,ST4000DM000,4000787030016,0,118,177571080,95,0,100,5,100,0,81,135083638,72,24732,100,0,100,5,100.0,0.0,100.0,0.0,100.0,0.0,100.0,0.0,100.0,0.0,80.0,20.0,100.0,0.0,100.0,0.0,85.0,30034.0,20,20,100,0,100,0,200,0,100.0,24598.0,100.0,51741196272.0,100.0,76426494644.0
2018-02-17,S301185Z,ST4000DM000,4000787030016,0,115,90451608,95,0,100,5,100,0,81,136789436,72,24756,100,0,100,5,100.0,0.0,100.0,0.0,100.0,0.0,100.0,0.0,100.0,0.0,81.0,19.0,100.0,0.0,100.0,0.0,85.0,30034.0,19,19,100,0,100,0,200,0,100.0,24623.0,100.0,51746129872.0,100.0,76571971605.0
2018-02-18,S301185Z,ST4000DM000,4000787030016,0,109,24731552,95,0,100,5,100,0,81,137910530,72,24780,100,0,100,5,100.0,0.0,100.0,0.0,100.0,0.0,100.0,0.0,100.0,0.0,81.0,19.0,100.0,0.0,100.0,0.0,85.0,30034.0,19,19,100,0,100,0,200,0,100.0,24646.0,100.0,51749131352.0,100.0,76688419446.0
2018-02-19,S301185Z,ST4000DM000,4000787030016,0,120,683064,95,0,100,5,100,0,81,140633560,72,24804,100,0,100,5,100.0,0.0,100.0,0.0,100.0,0.0,100.0,0.0,100.0,0.0,80.0,20.0,100.0,0.0,100.0,0.0,85.0,30034.0,20,20,100,0,100,0,200,0,100.0,24670.0,100.0,51756486704.0,100.0,76816949672.0
2018-02-20,S301185Z,ST4000DM000,4000787030016,0,118,186875440,95,0,100,5,100,0,81,142810990,72,24828,100,0,100,5,100.0,0.0,100.0,0.0,100.0,0.0,100.0,0.0,100.0,0.0,80.0,20.0,100.0,0.0,100.0,0.0,85.0,30037.0,20,20,100,0,100,0,200,0,100.0,24694.0,100.0,51767384808.0,100.0,76925390682.0
2018-02-21,S301185Z,ST4000DM000,4000787030016,0,114,74045672,95,0,100,5,100,0,81,144178698,72,24852,100,0,100,5,100.0,0.0,100.0,0.0,100.0,0.0,100.0,0.0,100.0,0.0,81.0,19.0,100.0,0.0,100.0,0.0,85.0,30049.0,19,19,100,0,100,0,200,0,100.0,24718.0,100.0,51775217296.0,100.0,76987962368.0
2018-02-22,S301185Z,ST4000DM000,4000787030016,0,119,229297288,95,0,100,5,100,0,81,144512508,72,24874,100,0,100,5,100.0,0.0,100.0,0.0,100.0,0.0,100.0,0.0,100.0,0.0,81.0,19.0,100.0,0.0,100.0,0.0,85.0,30053.0,19,19,100,0,100,0,200,0,100.0,24740.0,100.0,51779504344.0,100.0,77055794360.0
2018-02-23,S301185Z,ST4000DM000,4000787030016,0,111,40341432,95,0,100,5,100,0,81,144917746,72,24898,100,0,100,5,100.0,0.0,100.0,0.0,100.0,0.0,100.0,0.0,100.0,0.0,81.0,19.0,100.0,0.0,100.0,0.0,85.0,30053.0,19,19,100,0,100,0,200,0,100.0,24764.0,100.0,51782064808.0,100.0,77188792437.0
2018-02-24,S301185Z,ST4000DM000,4000787030016,0,115,93273960,95,0,100,5,100,0,81,145297144,72,24922,100,0,100,5,100.0,0.0,100.0,0.0,100.0,0.0,100.0,0.0,100.0,0.0,81.0,19.0,100.0,0.0,100.0,0.0,85.0,30053.0,19,19,100,0,100,0,200,0,100.0,24788.0,100.0,51784396856.0,100.0,77339310926.0
2018-02-25,S301185Z,ST4000DM000,4000787030016,0,117,151794848,95,0,100,5,100,0,81,145916639,72,24946,100,0,100,5,100.0,0.0,100.0,0.0,100.0,0.0,100.0,0.0,100.0,0.0,80.0,20.0,100.0,0.0,100.0,0.0,85.0,30053.0,20,20,100,0,100,0,200,0,100.0,24812.0,100.0,51787102520.0,100.0,77506148000.0
2018-02-26,S301185Z,ST4000DM000,4000787030016,0,111,36182024,95,0,100,5,100,0,81,147504410,72,24970,100,0,100,5,100.0,0.0,100.0,0.0,100.0,0.0,100.0,0.0,100.0,0.0,81.0,19.0,100.0,0.0,100.0,0.0,85.0,30053.0,19,19,100,0,100,0,200,0,100.0,24836.0,100.0,51794538808.0,100.0,77668773246.0
2018-02-27,S301185Z,ST4000DM000,4000787030016,0,119,203782080,95,0,100,5,100,0,81,148122468,72,24994,100,0,100,5,100.0,0.0,100.0,0.0,100.0,0.0,100.0,0.0,100.0,0.0,81.0,19.0,100.0,0.0,100.0,0.0,85.0,30053.0,19,19,100,0,100,0,200,0,100.0,24860.0,100.0,51798993992.0,100.0,77830426165.0
2018-02-28,S301185Z,ST4000DM000,4000787030016,0,118,181053776,95,0,100,5,100,0,81,149457462,72,25018,100,0,100,5,100.0,0.0,100.0,0.0,100.0,0.0,100.0,0.0,100.0,0.0,81.0,19.0,100.0,0.0,100.0,0.0,85.0,30055.0,19,19,100,0,100,0,200,0,100.0,24884.0,100.0,51805475728.0,100.0,77959130466.0
2018-03-01,S301185Z,ST4000DM000,4000787030016,0,114,70255072,95,0,100,5,100,0,81,149960062,72,25037,100,0,100,5,100.0,0.0,100.0,0.0,100.0,0.0,100.0,0.0,100.0,0.0,81.0,19.0,100.0,0.0,100.0,0.0,85.0,30055.0,19,19,100,0,100,0,200,0,100.0,24903.0,100.0,51808070472.0,100.0,78096832056.0
2018-03-02,S301185Z,ST4000DM000,4000787030016,0,118,175427352,95,0,100,5,100,0,81,150820947,72,25061,100,0,100,5,100.0,0.0,100.0,0.0,100.0,0.0,100.0,0.0,100.0,0.0,80.0,20.0,100.0,0.0,100.0,0.0,85.0,30059.0,20,20,100,0,100,0,200,0,100.0,24927.0,100.0,51810225016.0,100.0,78260463893.0
2018-03-03,S301185Z,ST4000DM000,4000787030016,0,117,151149776,95,0,100,5,100,0,81,151747627,72,25085,100,0,100,5,100.0,0.0,100.0,0.0,100.0,0.0,100.0,0.0,100.0,0.0,80.0,20.0,100.0,0.0,100.0,0.0,85.0,30059.0,20,20,100,0,100,0,200,0,100.0,24951.0,100.0,51816530928.0,100.0,78416016432.0
2018-03-04,S301185Z,ST4000DM000,4000787030016,0,115,86520000,95,0,100,5,100,0,81,152785819,72,25109,100,0,100,5,100.0,0.0,100.0,0.0,100.0,0.0,100.0,0.0,100.0,0.0,80.0,20.0,100.0,0.0,100.0,0.0,85.0,30059.0,20,20,100,0,100,0,200,0,100.0,24975.0,100.0,51827871256.0,100.0,78575565825.0
2018-03-05,S301185Z,ST4000DM000,4000787030016,0,111,36909160,95,0,100,5,100,0,81,155053093,72,25133,100,0,100,5,100.0,0.0,100.0,0.0,100.0,0.0,100.0,0.0,100.0,0.0,80.0,20.0,100.0,0.0,100.0,0.0,85.0,30059.0,20,20,100,0,100,0,200,0,100.0,24999.0,100.0,51851260144.0,100.0,78751100716.0
2018-03-06,S301185Z,ST4000DM000,4000787030016,0,117,157216328,95,0,100,5,100,0,81,156540700,72,25161,100,0,100,5,100.0,0.0,100.0,0.0,100.0,0.0,100.0,0.0,100.0,0.0,80.0,20.0,100.0,0.0,100.0,0.0,85.0,30059.0,20,20,100,0,100,0,200,0,100.0,25027.0,100.0,51863759928.0,100.0,78954406553.0
2018-03-07,S301185Z,ST4000DM000,4000787030016,0,116.0,102875480.0,95.0,0.0,100.0,5.0,100.0,0.0,81.0,158201038.0,72.0,25185.0,100.0,0.0,100.0,5.0,100.0,0.0,100.0,0.0,100.0,0.0,100.0,0.0,100.0,0.0,80.0,20.0,100.0,0.0,100.0,0.0,85.0,30062.0,20.0,20.0,100.0,0.0,100.0,0.0,200.0,0.0,100.0,25051.0,100.0,51878131784.0,100.0,79070131502.0
2018-03-08,S301185Z,ST4000DM000,4000787030016,0,117,153936056,95,0,100,5,100,0,81,160055344,72,25209,100,0,100,5,100.0,0.0,100.0,0.0,100.0,0.0,100.0,0.0,100.0,0.0,80.0,20.0,100.0,0.0,100.0,0.0,85.0,30062.0,20,20,100,0,100,0,200,0,100.0,25075.0,100.0,51894891952.0,100.0,79237474845.0
2018-03-09,S301185Z,ST4000DM000,4000787030016,0,116,105235520,95,0,100,5,100,0,81,161299677,72,25236,100,0,100,5,100.0,0.0,100.0,0.0,100.0,0.0,100.0,0.0,100.0,0.0,81.0,19.0,100.0,0.0,100.0,0.0,85.0,30066.0,19,19,100,0,100,0,200,0,100.0,25102.0,100.0,51916087384.0,100.0,79397527029.0
2018-03-10,S301185Z,ST4000DM000,4000787030016,0,117,151089400,95,0,100,5,100,0,81,162276828,72,25260,100,0,100,5,100.0,0.0,100.0,0.0,100.0,0.0,100.0,0.0,100.0,0.0,82.0,18.0,100.0,0.0,100.0,0.0,85.0,30066.0,18,18,100,0,100,0,200,0,100.0,25126.0,100.0,51928204480.0,100.0,79552602132.0
2018-03-11,S301185Z,ST4000DM000,4000787030016,0,114,63696800,95,0,100,5,100,0,81,163114988,72,25284,100,0,100,5,100.0,0.0,100.0,0.0,100.0,0.0,100.0,0.0,100.0,0.0,81.0,19.0,100.0,0.0,100.0,0.0,85.0,30066.0,19,19,100,0,100,0,200,0,100.0,25150.0,100.0,51940623680.0,100.0,79677502772.0
2018-03-12,S301185Z,ST4000DM000,4000787030016,0,114,61034488,95,0,100,5,100,0,81,164758464,72,25308,100,0,100,5,100.0,0.0,100.0,0.0,100.0,0.0,100.0,0.0,100.0,0.0,80.0,20.0,100.0,0.0,100.0,0.0,85.0,30066.0,20,20,100,0,100,0,200,0,100.0,25173.0,100.0,51951327696.0,100.0,79786311116.0
2018-03-13,S301185Z,ST4000DM000,4000787030016,0,104,6532944,95,0,100,5,100,0,81,167438450,72,25332,100,0,100,5,100.0,0.0,100.0,0.0,100.0,0.0,100.0,0.0,100.0,0.0,80.0,20.0,100.0,0.0,100.0,0.0,85.0,30066.0,20,20,100,0,100,0,200,0,100.0,25198.0,100.0,51964944112.0,100.0,79967601989.0
2018-03-14,S301185Z,ST4000DM000,4000787030016,0,119,228544760,95,0,100,5,100,0,82,169217145,72,25356,100,0,100,5,100.0,0.0,100.0,0.0,100.0,0.0,100.0,0.0,100.0,0.0,81.0,19.0,100.0,0.0,100.0,0.0,85.0,30066.0,19,19,100,0,100,0,200,0,100.0,25222.0,100.0,51976349424.0,100.0,80083664148.0
2018-03-15,S301185Z,ST4000DM000,4000787030016,0,118,180495592,95,0,100,5,100,0,82,169934345,72,25372,100,0,100,5,100.0,0.0,100.0,0.0,100.0,0.0,100.0,0.0,100.0,0.0,81.0,19.0,100.0,0.0,100.0,0.0,85.0,30066.0,19,19,100,0,100,0,200,0,100.0,25238.0,100.0,51984078112.0,100.0,80185120549.0
2018-03-16,S301185Z,ST4000DM000,4000787030016,0,119.0,206752680.0,95.0,0.0,100.0,5.0,100.0,0.0,82.0,170620850.0,72.0,25396.0,100.0,0.0,100.0,5.0,100.0,0.0,100.0,0.0,100.0,0.0,100.0,0.0,100.0,0.0,80.0,20.0,100.0,0.0,100.0,0.0,85.0,30069.0,20.0,20.0,100.0,0.0,100.0,0.0,200.0,0.0,100.0,25262.0,100.0,51993105552.0,100.0,80279207938.0
2018-03-17,S301185Z,ST4000DM000,4000787030016,0,110,27366960,95,0,100,5,100,0,82,171593513,71,25420,100,0,100,5,100.0,0.0,100.0,0.0,100.0,0.0,100.0,0.0,100.0,0.0,81.0,19.0,100.0,0.0,100.0,0.0,85.0,30069.0,19,19,100,0,100,0,200,0,100.0,25286.0,100.0,52003022360.0,100.0,80405493274.0
2018-03-18,S301185Z,ST4000DM000,4000787030016,0,119,234844376,95,0,100,5,100,0,82,172897053,71,25445,100,0,100,5,100.0,0.0,100.0,0.0,100.0,0.0,100.0,0.0,100.0,0.0,80.0,20.0,100.0,0.0,100.0,0.0,85.0,30069.0,20,20,100,0,100,0,200,0,100.0,25310.0,100.0,52016086552.0,100.0,80558486290.0
2018-03-19,S301185Z,ST4000DM000,4000787030016,0,115,85581712,95,0,100,5,100,0,82,175108467,71,25468,100,0,100,5,100.0,0.0,100.0,0.0,100.0,0.0,100.0,0.0,100.0,0.0,81.0,19.0,100.0,0.0,100.0,0.0,85.0,30069.0,19,19,100,0,100,0,200,0,100.0,25334.0,100.0,52027496000.0,100.0,80723224551.0
2018-03-20,S301185Z,ST4000DM000,4000787030016,0,104,6862352,95,0,100,5,100,0,82,176319584,71,25492,100,0,100,5,100.0,0.0,100.0,0.0,100.0,0.0,100.0,0.0,100.0,0.0,81.0,19.0,100.0,0.0,100.0,0.0,85.0,30069.0,19,19,100,0,100,0,200,0,100.0,25358.0,100.0,52036731728.0,100.0,80879150686.0
2018-03-21,S301185Z,ST4000DM000,4000787030016,0,116,114878392,95,0,100,5,100,0,82,178393131,71,25517,100,0,100,5,100.0,0.0,100.0,0.0,100.0,0.0,100.0,0.0,100.0,0.0,81.0,19.0,100.0,0.0,100.0,0.0,85.0,30069.0,19,19,100,0,100,0,200,0,100.0,25382.0,100.0,52047297096.0,100.0,81098047289.0
2018-03-22,S301185Z,ST4000DM000,4000787030016,0,109,24738384,95,0,100,5,100,0,82,180409388,71,25540,100,0,100,5,100.0,0.0,100.0,0.0,100.0,0.0,100.0,0.0,100.0,0.0,81.0,19.0,100.0,0.0,100.0,0.0,85.0,30069.0,19,19,100,0,100,0,200,0,100.0,25406.0,100.0,52061462184.0,100.0,81206299335.0
2018-03-23,S301185Z,ST4000DM000,4000787030016,0,117,153227624,95,0,100,5,100,0,82,181507836,71,25565,100,0,100,5,100.0,0.0,100.0,0.0,100.0,0.0,100.0,0.0,100.0,0.0,80.0,20.0,100.0,0.0,100.0,0.0,85.0,30069.0,20,20,100,0,100,0,200,0,100.0,25430.0,100.0,52077524136.0,100.0,81354130081.0
2018-03-24,S301185Z,ST4000DM000,4000787030016,0,120,240519512,95,0,100,5,100,0,82,182584641,71,25589,100,0,100,5,100.0,0.0,100.0,0.0,100.0,0.0,100.0,0.0,100.0,0.0,80.0,20.0,100.0,0.0,100.0,0.0,85.0,30069.0,20,20,100,0,100,0,200,0,100.0,25454.0,100.0,52086188224.0,100.0,81497848672.0
2018-03-25,S301185Z,ST4000DM000,4000787030016,0,117,139395536,95,0,100,5,100,0,82,183440565,71,25613,100,0,100,5,100.0,0.0,100.0,0.0,100.0,0.0,100.0,0.0,100.0,0.0,80.0,20.0,100.0,0.0,100.0,0.0,85.0,30069.0,20,20,100,0,100,0,200,0,100.0,25478.0,100.0,52096002784.0,100.0,81600256515.0
2018-03-26,S301185Z,ST4000DM000,4000787030016,0,118,180150328,95,0,100,5,100,0,82,185248787,71,25637,100,0,100,5,100.0,0.0,100.0,0.0,100.0,0.0,100.0,0.0,100.0,0.0,81.0,19.0,100.0,0.0,100.0,0.0,85.0,30069.0,19,19,100,0,100,0,200,0,100.0,25502.0,100.0,52113142688.0,100.0,81706647267.0
2018-03-27,S301185Z,ST4000DM000,4000787030016,0,119,215987312,95,0,100,5,100,0,82,186263432,71,25661,100,0,100,5,100.0,0.0,100.0,0.0,100.0,0.0,100.0,0.0,100.0,0.0,81.0,19.0,100.0,0.0,100.0,0.0,85.0,30069.0,19,19,100,0,100,0,200,0,100.0,25526.0,100.0,52128477896.0,100.0,81819594489.0
2018-03-28,S301185Z,ST4000DM000,4000787030016,0,119,204849424,95,0,100,5,100,0,82,187534262,71,25684,100,0,100,5,100.0,0.0,100.0,0.0,100.0,0.0,100.0,0.0,100.0,0.0,81.0,19.0,100.0,0.0,100.0,0.0,85.0,30069.0,19,19,100,0,100,0,200,0,100.0,25550.0,100.0,52146979736.0,100.0,81910858703.0
2018-03-29,S301185Z,ST4000DM000,4000787030016,0,120,243071632,95,0,100,5,100,0,82,189652297,71,25716,100,0,100,5,100.0,0.0,100.0,0.0,100.0,0.0,100.0,0.0,100.0,0.0,81.0,19.0,100.0,0.0,100.0,0.0,85.0,30072.0,19,19,100,0,100,0,200,0,100.0,25582.0,100.0,52172025968.0,100.0,82097579441.0
2018-03-30,S301185Z,ST4000DM000,4000787030016,0,109,24467096,95,0,100,5,100,0,82,190419038,71,25740,100,0,100,5,100.0,0.0,100.0,0.0,100.0,0.0,100.0,0.0,100.0,0.0,80.0,20.0,100.0,0.0,100.0,0.0,85.0,30072.0,20,20,100,0,100,0,200,0,100.0,25606.0,100.0,52184395784.0,100.0,82199400813.0
2018-03-31,S301185Z,ST4000DM000,4000787030016,0,117,152727048,95,0,100,5,100,0,82,191478800,71,25764,100,0,100,5,100.0,0.0,100.0,0.0,100.0,0.0,100.0,0.0,100.0,0.0,81.0,19.0,100.0,0.0,100.0,0.0,85.0,30072.0,19,19,100,0,100,0,200,0,100.0,25630.0,100.0,52197836152.0,100.0,82330213078.0
2018-04-01,S301185Z,ST4000DM000,4000787030016,0,101,3498024,95,0,100,5,100,0,82,192585955,71,25789,100,0,100,5,100.0,0.0,100.0,0.0,100.0,0.0,100.0,0.0,100.0,0.0,80.0,20.0,100.0,0.0,100.0,0.0,85.0,30072.0,20,20,100,0,100,0,200,0,100.0,25654.0,100.0,52208236160.0,100.0,82450142253.0
2018-04-02,S301185Z,ST4000DM000,4000787030016,0,118,184795632,95,0,100,5,100,0,82,194867550,71,25812,100,0,100,5,100.0,0.0,100.0,0.0,100.0,0.0,100.0,0.0,100.0,0.0,80.0,20.0,100.0,0.0,100.0,0.0,85.0,30072.0,20,20,100,0,100,0,200,0,100.0,25678.0,100.0,52225711792.0,100.0,82610844108.0
2018-04-03,S301185Z,ST4000DM000,4000787030016,0,111,37997064,95,0,100,5,100,0,82,196001589,71,25836,100,0,100,5,100.0,0.0,100.0,0.0,100.0,0.0,100.0,0.0,100.0,0.0,80.0,20.0,100.0,0.0,100.0,0.0,85.0,30072.0,20,20,100,0,100,0,200,0,100.0,25702.0,100.0,52242134648.0,100.0,82731662535.0
2018-04-04,S301185Z,ST4000DM000,4000787030016,0,119,208711520,95,0,100,5,100,0,82,197869393,71,25860,100,0,100,5,100.0,0.0,100.0,0.0,100.0,0.0,100.0,0.0,100.0,0.0,80.0,20.0,100.0,0.0,100.0,0.0,85.0,30072.0,20,20,100,0,100,0,200,0,100.0,25726.0,100.0,52261127800.0,100.0,82829379489.0
2018-04-05,S301185Z,ST4000DM000,4000787030016,0,113,56754576,95,0,100,5,100,0,82,199208254,71,25884,100,0,100,5,100.0,0.0,100.0,0.0,100.0,0.0,100.0,0.0,100.0,0.0,81.0,19.0,100.0,0.0,100.0,0.0,85.0,30072.0,19,19,100,0,100,0,200,0,100.0,25750.0,100.0,52282971912.0,100.0,82952756543.0
2018-04-06,S301185Z,ST4000DM000,4000787030016,0,117,118522000,95,0,100,5,100,0,82,200298353,71,25908,100,0,100,5,100.0,0.0,100.0,0.0,100.0,0.0,100.0,0.0,100.0,0.0,81.0,19.0,100.0,0.0,100.0,0.0,85.0,30072.0,19,19,100,0,100,0,200,0,100.0,25774.0,100.0,52306405928.0,100.0,83059019925.0
2018-04-07,S301185Z,ST4000DM000,4000787030016,0,120.0,242951664.0,95.0,0.0,100.0,5.0,100.0,0.0,83.0,201453893.0,71.0,25932.0,100.0,0.0,100.0,5.0,100.0,0.0,100.0,0.0,100.0,0.0,100.0,0.0,100.0,0.0,81.0,19.0,100.0,0.0,100.0,0.0,85.0,30072.0,19.0,19.0,100.0,0.0,100.0,0.0,200.0,0.0,100.0,25798.0,100.0,52336247320.0,100.0,83172515728.0
2018-04-08,S301185Z,ST4000DM000,4000787030016,0,111,32474496,95,0,100,5,100,0,83,202856836,71,25956,100,0,100,5,100.0,0.0,100.0,0.0,100.0,0.0,100.0,0.0,100.0,0.0,81.0,19.0,100.0,0.0,100.0,0.0,85.0,30072.0,19,19,100,0,100,0,200,0,100.0,25821.0,100.0,52355034272.0,100.0,83322078994.0
2018-04-09,S301185Z,ST4000DM000,4000787030016,0,113,54236680,95,0,100,5,100,0,83,205449439,71,25980,100,0,100,5,100.0,0.0,100.0,0.0,100.0,0.0,100.0,0.0,100.0,0.0,81.0,19.0,100.0,0.0,100.0,0.0,85.0,30072.0,19,19,100,0,100,0,200,0,100.0,25846.0,100.0,52385392800.0,100.0,83488991755.0
2018-04-10,S301185Z,ST4000DM000,4000787030016,0,119,227265640,95,0,100,5,100,0,83,208146584,71,26004,100,0,100,5,100.0,0.0,100.0,0.0,100.0,0.0,100.0,0.0,100.0,0.0,81.0,19.0,100.0,0.0,100.0,0.0,85.0,30072.0,19,19,100,0,100,0,200,0,100.0,25870.0,100.0,52399645424.0,100.0,83613713868.0
2018-04-11,S301185Z,ST4000DM000,4000787030016,0,115,85680128,95,0,100,5,100,0,83,209545303,71,26028,100,0,100,5,100.0,0.0,100.0,0.0,100.0,0.0,100.0,0.0,100.0,0.0,81.0,19.0,100.0,0.0,100.0,0.0,85.0,30072.0,19,19,100,0,100,0,200,0,100.0,25894.0,100.0,52422256536.0,100.0,83674577684.0
2018-04-12,S301185Z,ST4000DM000,4000787030016,0,120,419112,95,0,100,5,100,0,83,210513633,71,26045,100,0,100,5,100.0,0.0,100.0,0.0,100.0,0.0,100.0,0.0,100.0,0.0,81.0,19.0,100.0,0.0,100.0,0.0,85.0,30072.0,19,19,100,0,100,0,200,0,100.0,25910.0,100.0,52436161520.0,100.0,83748097030.0
2018-04-13,S301185Z,ST4000DM000,4000787030016,0,101,3566784,95,0,100,5,100,0,83,211126365,71,26069,100,0,100,5,100.0,0.0,100.0,0.0,100.0,0.0,100.0,0.0,100.0,0.0,81.0,19.0,100.0,0.0,100.0,0.0,85.0,30077.0,19,19,100,0,100,0,200,0,100.0,25934.0,100.0,52451450864.0,100.0,83824098620.0
2018-04-14,S301185Z,ST4000DM000,4000787030016,0,115,95658120,95,0,100,5,100,0,83,212109276,71,26093,100,0,100,5,100.0,0.0,100.0,0.0,100.0,0.0,100.0,0.0,100.0,0.0,81.0,19.0,100.0,0.0,100.0,0.0,85.0,30077.0,19,19,100,0,100,0,200,0,100.0,25958.0,100.0,52467364856.0,100.0,83954040952.0
2018-04-15,S301185Z,ST4000DM000,4000787030016,0,107,12653528,95,0,100,5,100,0,83,213135832,71,26117,100,0,100,5,100.0,0.0,100.0,0.0,100.0,0.0,100.0,0.0,100.0,0.0,81.0,19.0,100.0,0.0,100.0,0.0,85.0,30077.0,19,19,100,0,100,0,200,0,100.0,25982.0,100.0,52483435496.0,100.0,84058193690.0
2018-04-16,S301185Z,ST4000DM000,4000787030016,0,112,42419392,95,0,100,5,100,0,83,214977387,71,26141,100,0,100,5,100.0,0.0,100.0,0.0,100.0,0.0,100.0,0.0,100.0,0.0,81.0,19.0,100.0,0.0,100.0,0.0,85.0,30077.0,19,19,100,0,100,0,200,0,100.0,26006.0,100.0,52504119160.0,100.0,84149765479.0
2018-04-17,S301185Z,ST4000DM000,4000787030016,0,117,151993192,95,0,100,5,100,0,83,215859400,71,26165,100,0,100,5,100.0,0.0,100.0,0.0,100.0,0.0,100.0,0.0,100.0,0.0,81.0,19.0,100.0,0.0,100.0,0.0,85.0,30077.0,19,19,100,0,100,0,200,0,100.0,26030.0,100.0,52520638968.0,100.0,84235754535.0
2018-04-18,S301185Z,ST4000DM000,4000787030016,0,113,53393832,95,0,100,5,100,0,83,217283239,71,26189,100,0,100,5,100.0,0.0,100.0,0.0,100.0,0.0,100.0,0.0,100.0,0.0,80.0,20.0,100.0,0.0,100.0,0.0,85.0,30077.0,20,20,100,0,100,0,200,0,100.0,26054.0,100.0,52535690880.0,100.0,84336801208.0
2018-04-19,S301185Z,ST4000DM000,4000787030016,0,116,104063216,95,0,100,5,100,0,83,218868843,71,26212,100,0,100,5,100.0,0.0,100.0,0.0,100.0,0.0,100.0,0.0,100.0,0.0,81.0,19.0,100.0,0.0,100.0,0.0,85.0,30077.0,19,19,100,0,100,0,200,0,100.0,26078.0,100.0,52553658936.0,100.0,88752941544.0
2018-04-20,S301185Z,ST4000DM000,4000787030016,0,103,5557272,95,0,100,5,100,0,83,220187087,71,26237,100,0,100,5,100.0,0.0,100.0,0.0,100.0,0.0,100.0,0.0,100.0,0.0,81.0,19.0,100.0,0.0,100.0,0.0,85.0,30077.0,19,19,100,0,100,0,200,0,100.0,26102.0,100.0,52567819512.0,100.0,88884603551.0
2018-04-21,S301185Z,ST4000DM000,4000787030016,0,120,1025480,95,0,100,5,100,0,83,221312433,71,26260,100,0,100,5,100.0,0.0,100.0,0.0,100.0,0.0,100.0,0.0,100.0,0.0,81.0,19.0,100.0,0.0,100.0,0.0,85.0,30077.0,19,19,100,0,100,0,200,0,100.0,26126.0,100.0,52588952472.0,100.0,88965364176.0
2018-04-22,S301185Z,ST4000DM000,4000787030016,0,118,178748256,95,0,100,5,100,0,83,222839649,70,26284,100,0,100,5,100.0,0.0,100.0,0.0,100.0,0.0,100.0,0.0,100.0,0.0,81.0,19.0,100.0,0.0,100.0,0.0,85.0,30077.0,19,19,100,0,100,0,200,0,100.0,26150.0,100.0,52605880496.0,100.0,89099754128.0
2018-04-23,S301185Z,ST4000DM000,4000787030016,0,119,222967560,95,0,100,5,100,0,83,225837152,70,26308,100,0,100,5,100.0,0.0,100.0,0.0,100.0,0.0,100.0,0.0,100.0,0.0,82.0,18.0,100.0,0.0,100.0,0.0,85.0,30077.0,18,18,100,0,100,0,200,0,100.0,26174.0,100.0,52634483080.0,100.0,89228542635.0
2018-04-24,S301185Z,ST4000DM000,4000787030016,0,119,220115248,95,0,100,5,100,0,83,226699953,70,26332,100,0,100,5,100.0,0.0,100.0,0.0,100.0,0.0,100.0,0.0,100.0,0.0,81.0,19.0,100.0,0.0,100.0,0.0,85.0,30077.0,19,19,100,0,100,0,200,0,100.0,26198.0,100.0,52654424528.0,100.0,89332011153.0
2018-04-25,S301185Z,ST4000DM000,4000787030016,0,117,138879760,95,0,100,5,100,0,83,228053587,70,26357,100,0,100,5,100.0,0.0,100.0,0.0,100.0,0.0,100.0,0.0,100.0,0.0,82.0,18.0,100.0,0.0,100.0,0.0,85.0,30077.0,18,18,100,0,100,0,200,0,100.0,26222.0,100.0,52678001760.0,100.0,89444483189.0
2018-04-26,S301185Z,ST4000DM000,4000787030016,0,118,191671144,95,0,100,5,100,0,83,229193650,70,26381,100,0,100,5,100.0,0.0,100.0,0.0,100.0,0.0,100.0,0.0,100.0,0.0,81.0,19.0,100.0,0.0,100.0,0.0,85.0,30077.0,19,19,100,0,100,0,200,0,100.0,26246.0,100.0,52703973328.0,100.0,89514239213.0
2018-04-27,S301185Z,ST4000DM000,4000787030016,0,109,24026256,95,0,100,5,100,0,83,230326853,70,26411,100,0,100,5,100.0,0.0,100.0,0.0,100.0,0.0,100.0,0.0,100.0,0.0,81.0,19.0,100.0,0.0,100.0,0.0,85.0,30081.0,19,19,100,0,100,0,200,0,100.0,26277.0,100.0,52737000120.0,100.0,89661779995.0
2018-04-28,S301185Z,ST4000DM000,4000787030016,0,119,231054040,95,0,100,5,100,0,83,231175953,70,26436,100,0,100,5,100.0,0.0,100.0,0.0,100.0,0.0,100.0,0.0,100.0,0.0,81.0,19.0,100.0,0.0,100.0,0.0,85.0,30081.0,19,19,100,0,100,0,200,0,100.0,26301.0,100.0,52753273736.0,100.0,89784438815.0
2018-04-29,S301185Z,ST4000DM000,4000787030016,0,113,54871096,95,0,100,5,100,0,83,233536537,70,26459,100,0,100,5,100.0,0.0,100.0,0.0,100.0,0.0,100.0,0.0,100.0,0.0,81.0,19.0,100.0,0.0,100.0,0.0,85.0,30081.0,19,19,100,0,100,0,200,0,100.0,26325.0,100.0,52797196616.0,100.0,89929480707.0
2018-04-30,S301185Z,ST4000DM000,4000787030016,0,119,204157024,95,0,100,5,100,0,84,236173616,70,26483,100,0,100,5,100.0,0.0,100.0,0.0,100.0,0.0,100.0,0.0,100.0,0.0,81.0,19.0,100.0,0.0,100.0,0.0,85.0,30081.0,19,19,100,0,100,0,200,0,100.0,26348.0,100.0,52845382816.0,100.0,90069784062.0
2018-05-01,S301185Z,ST4000DM000,4000787030016,0,119,211653056,95,0,100,5,100,0,84,236884494,70,26507,100,0,100,5,100.0,0.0,100.0,0.0,100.0,0.0,100.0,0.0,100.0,0.0,81.0,19.0,100.0,0.0,100.0,0.0,85.0,30081.0,19,19,100,0,100,0,200,0,100.0,26372.0,100.0,52868874168.0,100.0,90147451757.0
2018-05-02,S301185Z,ST4000DM000,4000787030016,0,118.0,197526464.0,95.0,0.0,100.0,5.0,100.0,0.0,84.0,238299408.0,70.0,26531.0,100.0,0.0,100.0,5.0,100.0,0.0,100.0,0.0,100.0,0.0,100.0,0.0,100.0,0.0,81.0,19.0,100.0,0.0,100.0,0.0,85.0,30081.0,19.0,19.0,100.0,0.0,100.0,0.0,200.0,0.0,100.0,26397.0,100.0,52887623064.0,100.0,90216830143.0
2018-05-03,S301185Z,ST4000DM000,4000787030016,0,118,200510816,95,0,100,5,100,0,84,238676143,70,26549,100,0,100,5,100.0,0.0,100.0,0.0,100.0,0.0,100.0,0.0,100.0,0.0,81.0,19.0,100.0,0.0,100.0,0.0,85.0,30083.0,19,19,100,0,100,0,200,0,100.0,26414.0,100.0,52899952760.0,100.0,90266179471.0
2018-05-04,S301185Z,ST4000DM000,4000787030016,0,113,56258232,95,0,100,5,100,0,84,239282878,70,26573,100,0,100,5,100.0,0.0,100.0,0.0,100.0,0.0,100.0,0.0,100.0,0.0,81.0,19.0,100.0,0.0,100.0,0.0,85.0,30083.0,19,19,100,0,100,0,200,0,100.0,26438.0,100.0,52915491200.0,100.0,90377599703.0
2018-05-05,S301185Z,ST4000DM000,4000787030016,0,117,159188376,95,0,100,5,100,0,84,240115421,70,26597,100,0,100,5,100.0,0.0,100.0,0.0,100.0,0.0,100.0,0.0,100.0,0.0,81.0,19.0,100.0,0.0,100.0,0.0,85.0,30083.0,19,19,100,0,100,0,200,0,100.0,26462.0,100.0,52956993488.0,100.0,90527569375.0
2018-05-06,S301185Z,ST4000DM000,4000787030016,0,110,26978976,95,0,100,5,100,0,84,240757515,70,26621,100,0,100,5,100.0,0.0,100.0,0.0,100.0,0.0,100.0,0.0,100.0,0.0,81.0,19.0,100.0,0.0,100.0,0.0,85.0,30083.0,19,19,100,0,100,0,200,0,100.0,26486.0,100.0,52971790736.0,100.0,90690265886.0
2018-05-07,S301185Z,ST4000DM000,4000787030016,0,108,15337600,95,0,100,5,100,0,84,242449152,70,26645,100,0,100,5,100.0,0.0,100.0,0.0,100.0,0.0,100.0,0.0,100.0,0.0,81.0,19.0,100.0,0.0,100.0,0.0,85.0,30083.0,19,19,100,0,100,0,200,0,100.0,26510.0,100.0,52987013184.0,100.0,90852139678.0
2018-05-08,S301185Z,ST4000DM000,4000787030016,0,117,157535080,95,0,100,5,100,0,84,243215182,70,26669,100,0,100,5,100.0,0.0,100.0,0.0,100.0,0.0,100.0,0.0,100.0,0.0,80.0,20.0,100.0,0.0,100.0,0.0,85.0,30083.0,20,20,100,0,100,0,200,0,100.0,26534.0,100.0,53008052952.0,100.0,91008413246.0
2018-05-09,S301185Z,ST4000DM000,4000787030016,0,117,165530544,95,0,100,5,100,0,84,244359176,70,26693,100,0,100,5,100.0,0.0,100.0,0.0,100.0,0.0,100.0,0.0,100.0,0.0,81.0,19.0,100.0,0.0,100.0,0.0,85.0,30083.0,19,19,100,0,100,0,200,0,100.0,26558.0,100.0,53024399152.0,100.0,91145033142.0
2018-05-10,S301185Z,ST4000DM000,4000787030016,0,119,201590288,95,0,100,5,100,0,84,245567168,70,26717,100,0,100,5,100.0,0.0,100.0,0.0,100.0,0.0,100.0,0.0,100.0,0.0,81.0,19.0,100.0,0.0,100.0,0.0,85.0,30083.0,19,19,100,0,100,0,200,0,100.0,26582.0,100.0,53047028536.0,100.0,91292730556.0
2018-05-11,S301185Z,ST4000DM000,4000787030016,0,118,196805968,95,0,100,5,100,0,84,246633711,70,26742,100,0,100,5,100.0,0.0,100.0,0.0,100.0,0.0,100.0,0.0,100.0,0.0,81.0,19.0,100.0,0.0,100.0,0.0,85.0,30087.0,19,19,100,0,100,0,200,0,100.0,26607.0,100.0,53060352480.0,100.0,91459866419.0
2018-05-12,S301185Z,ST4000DM000,4000787030016,0,108,16709136,95,0,100,5,100,0,84,247656287,70,26765,100,0,100,5,100.0,0.0,100.0,0.0,100.0,0.0,100.0,0.0,100.0,0.0,81.0,19.0,100.0,0.0,100.0,0.0,85.0,30087.0,19,19,100,0,100,0,200,0,100.0,26631.0,100.0,53073294232.0,100.0,91620541230.0
2018-05-13,S301185Z,ST4000DM000,4000787030016,0,117,145951496,95,0,100,5,100,0,84,248723413,70,26789,100,0,100,5,100.0,0.0,100.0,0.0,100.0,0.0,100.0,0.0,100.0,0.0,81.0,19.0,100.0,0.0,100.0,0.0,85.0,30087.0,19,19,100,0,100,0,200,0,100.0,26655.0,100.0,53090988072.0,100.0,91777451463.0
2018-05-14,S301185Z,ST4000DM000,4000787030016,0,117,136390312,95,0,100,5,100,0,84,250660036,70,26813,100,0,100,5,100.0,0.0,100.0,0.0,100.0,0.0,100.0,0.0,100.0,0.0,81.0,19.0,100.0,0.0,100.0,0.0,85.0,30087.0,19,19,100,0,100,0,200,0,100.0,26678.0,100.0,53105781592.0,100.0,91932921505.0
2018-05-15,S301185Z,ST4000DM000,4000787030016,0,112.0,49289680.0,95.0,0.0,100.0,5.0,100.0,0.0,84.0,252080521.0,70.0,26838.0,100.0,0.0,100.0,5.0,100.0,0.0,100.0,0.0,100.0,0.0,100.0,0.0,100.0,0.0,81.0,19.0,100.0,0.0,100.0,0.0,85.0,30087.0,19.0,19.0,100.0,0.0,100.0,0.0,200.0,0.0,100.0,26703.0,100.0,53124029560.0,100.0,92118581107.0
2018-05-16,S301185Z,ST4000DM000,4000787030016,0,117,135068056,95,0,100,5,100,0,84,253620107,70,26861,100,0,100,5,100.0,0.0,100.0,0.0,100.0,0.0,100.0,0.0,100.0,0.0,80.0,20.0,100.0,0.0,100.0,0.0,85.0,30087.0,20,20,100,0,100,0,200,0,100.0,26726.0,100.0,53141047960.0,100.0,92252127081.0
2018-05-17,S301185Z,ST4000DM000,4000787030016,0,117,155826624,95,0,100,5,100,0,84,256340235,70,26884,100,0,100,5,100.0,0.0,100.0,0.0,100.0,0.0,100.0,0.0,100.0,0.0,81.0,19.0,100.0,0.0,100.0,0.0,85.0,30087.0,19,19,100,0,100,0,200,0,100.0,26749.0,100.0,53160070792.0,100.0,92360799225.0
2018-05-18,S301185Z,ST4000DM000,4000787030016,0,117,167700800,95,0,100,5,100,0,84,257704220,70,26909,100,0,100,5,100.0,0.0,100.0,0.0,100.0,0.0,100.0,0.0,100.0,0.0,81.0,19.0,100.0,0.0,100.0,0.0,85.0,30090.0,19,19,100,0,100,0,200,0,100.0,26774.0,100.0,53174021328.0,100.0,92503126575.0
2018-05-19,S301185Z,ST4000DM000,4000787030016,0,114,66205624,95,0,100,5,100,0,84,258790326,70,26932,100,0,100,5,100.0,0.0,100.0,0.0,100.0,0.0,100.0,0.0,100.0,0.0,82.0,18.0,100.0,0.0,100.0,0.0,85.0,30090.0,18,18,100,0,100,0,200,0,100.0,26797.0,100.0,53184598792.0,100.0,92634789658.0
2018-05-20,S301185Z,ST4000DM000,4000787030016,0,115,96140440,95,0,100,5,100,0,84,259667058,70,26956,100,0,100,5,100.0,0.0,100.0,0.0,100.0,0.0,100.0,0.0,100.0,0.0,82.0,18.0,100.0,0.0,100.0,0.0,85.0,30090.0,18,18,100,0,100,0,200,0,100.0,26821.0,100.0,53194807000.0,100.0,92785936222.0
2018-05-21,S301185Z,ST4000DM000,4000787030016,0,119,231315944,95,0,100,5,100,0,84,261524660,70,26981,100,0,100,5,100.0,0.0,100.0,0.0,100.0,0.0,100.0,0.0,100.0,0.0,82.0,18.0,100.0,0.0,100.0,0.0,85.0,30090.0,18,18,100,0,100,0,200,0,100.0,26846.0,100.0,53210161592.0,100.0,92916589203.0
2018-05-22,S301185Z,ST4000DM000,4000787030016,0,108,20963608,95,0,100,5,100,0,84,262362833,70,27005,100,0,100,5,100.0,0.0,100.0,0.0,100.0,0.0,100.0,0.0,100.0,0.0,82.0,18.0,100.0,0.0,100.0,0.0,85.0,30090.0,18,18,100,0,100,0,200,0,100.0,26870.0,100.0,53219118304.0,100.0,93031776600.0
2018-05-23,S301185Z,ST4000DM000,4000787030016,0,118,177379056,95,0,100,5,100,0,84,263780851,70,27028,100,0,100,5,100.0,0.0,100.0,0.0,100.0,0.0,100.0,0.0,100.0,0.0,81.0,19.0,100.0,0.0,100.0,0.0,85.0,30090.0,19,19,100,0,100,0,200,0,100.0,26893.0,100.0,53231977552.0,100.0,93163892051.0
2018-05-24,S301185Z,ST4000DM000,4000787030016,0,114,60568816,95,0,100,5,100,0,84,265397747,70,27052,100,0,100,5,100.0,0.0,100.0,0.0,100.0,0.0,100.0,0.0,100.0,0.0,81.0,19.0,100.0,0.0,100.0,0.0,85.0,30090.0,19,19,100,0,100,0,200,0,100.0,26917.0,100.0,53247208936.0,100.0,93294195536.0
2018-05-25,S301185Z,ST4000DM000,4000787030016,0,116,111887312,95,0,100,5,100,0,84,266226817,70,27076,100,0,100,5,100.0,0.0,100.0,0.0,100.0,0.0,100.0,0.0,100.0,0.0,82.0,18.0,100.0,0.0,100.0,0.0,85.0,30090.0,18,18,100,0,100,0,200,0,100.0,26942.0,100.0,53263904880.0,100.0,93375707238.0
2018-05-26,S301185Z,ST4000DM000,4000787030016,0,111,36387632,95,0,100,5,100,0,84,267633086,70,27107,100,0,100,5,100.0,0.0,100.0,0.0,100.0,0.0,100.0,0.0,100.0,0.0,82.0,18.0,100.0,0.0,100.0,0.0,85.0,30093.0,18,18,100,0,100,0,200,0,100.0,26972.0,100.0,53288705984.0,100.0,93544403010.0
2018-05-27,S301185Z,ST4000DM000,4000787030016,0,117,132785352,95,0,100,5,100,0,84,268405615,70,27129,100,0,100,5,100.0,0.0,100.0,0.0,100.0,0.0,100.0,0.0,100.0,0.0,82.0,18.0,100.0,0.0,100.0,0.0,85.0,30097.0,18,18,100,0,100,0,200,0,100.0,26994.0,100.0,53298016264.0,100.0,93641735779.0
2018-05-28,S301185Z,ST4000DM000,4000787030016,0,114,80389008,95,0,100,5,100,0,84,270693893,70,27153,100,0,100,5,100.0,0.0,100.0,0.0,100.0,0.0,100.0,0.0,100.0,0.0,82.0,18.0,100.0,0.0,100.0,0.0,85.0,30097.0,18,18,100,0,100,0,200,0,100.0,27018.0,100.0,53312497416.0,100.0,93811008811.0
2018-05-29,S301185Z,ST4000DM000,4000787030016,0,106,11258312,95,0,100,5,100,0,84,271931892,69,27177,100,0,100,5,100.0,0.0,100.0,0.0,100.0,0.0,100.0,0.0,100.0,0.0,82.0,18.0,100.0,0.0,100.0,0.0,85.0,30097.0,18,18,100,0,100,0,200,0,100.0,27042.0,100.0,53326291984.0,100.0,93965691567.0
2018-05-30,S301185Z,ST4000DM000,4000787030016,0,119,234599736,95,0,100,5,100,0,84,273951540,69,27201,100,0,100,5,100.0,0.0,100.0,0.0,100.0,0.0,100.0,0.0,100.0,0.0,82.0,18.0,100.0,0.0,100.0,0.0,85.0,30097.0,18,18,100,0,100,0,200,0,100.0,27066.0,100.0,53343119920.0,100.0,94109830949.0
2018-05-31,S301185Z,ST4000DM000,4000787030016,0,117,162448680,95,0,100,5,100,0,84,275244410,69,27223,100,0,100,5,100.0,0.0,100.0,0.0,100.0,0.0,100.0,0.0,100.0,0.0,82.0,18.0,100.0,0.0,100.0,0.0,85.0,30097.0,18,18,100,0,100,0,200,0,100.0,27088.0,100.0,53372645192.0,100.0,94277764198.0
2018-06-01,S301185Z,ST4000DM000,4000787030016,0,114,74217976,95,0,100,5,100,0,84,276522086,69,27248,100,0,100,5,100.0,0.0,100.0,0.0,100.0,0.0,100.0,0.0,100.0,0.0,81.0,19.0,100.0,0.0,100.0,0.0,85.0,30100.0,19,19,100,0,100,0,200,0,100.0,27113.0,100.0,53398925520.0,100.0,94442641837.0
2018-06-02,S301185Z,ST4000DM000,4000787030016,0,114,76363544,95,0,100,5,100,0,84,277346956,69,27272,100,0,100,5,100.0,0.0,100.0,0.0,100.0,0.0,100.0,0.0,100.0,0.0,82.0,18.0,100.0,0.0,100.0,0.0,85.0,30100.0,18,18,100,0,100,0,200,0,100.0,27137.0,100.0,53408807048.0,100.0,94551069358.0
2018-06-03,S301185Z,ST4000DM000,4000787030016,0,119,202986472,95,0,100,5,100,0,84,278370048,69,27295,100,0,100,5,100.0,0.0,100.0,0.0,100.0,0.0,100.0,0.0,100.0,0.0,82.0,18.0,100.0,0.0,100.0,0.0,85.0,30100.0,18,18,100,0,100,0,200,0,100.0,27160.0,100.0,53430309728.0,100.0,94668241516.0
2018-06-04,S301185Z,ST4000DM000,4000787030016,0,115,100329552,95,0,100,5,100,0,84,280112136,69,27320,100,0,100,5,100.0,0.0,100.0,0.0,100.0,0.0,100.0,0.0,100.0,0.0,82.0,18.0,100.0,0.0,100.0,0.0,85.0,30100.0,18,18,100,0,100,0,200,0,100.0,27185.0,100.0,53451719808.0,100.0,94757012037.0
2018-06-05,S301185Z,ST4000DM000,4000787030016,0,117,151906424,95,0,100,5,100,0,84,280905982,69,27344,100,0,100,5,100.0,0.0,100.0,0.0,100.0,0.0,100.0,0.0,100.0,0.0,81.0,19.0,100.0,0.0,100.0,0.0,85.0,30100.0,19,19,100,0,100,0,200,0,100.0,27209.0,100.0,53467321568.0,100.0,94844512435.0
2018-06-06,S301185Z,ST4000DM000,4000787030016,0,114,72022224,95,0,100,5,100,0,84,284099296,69,27368,100,0,100,5,100.0,0.0,100.0,0.0,100.0,0.0,100.0,0.0,100.0,0.0,82.0,18.0,100.0,0.0,100.0,0.0,85.0,30100.0,18,18,100,0,100,0,200,0,100.0,27232.0,100.0,53492285976.0,100.0,94961243953.0
2018-06-07,S301185Z,ST4000DM000,4000787030016,0,112,44719576,95,0,100,5,100,0,84,285957032,69,27392,100,0,100,5,100.0,0.0,100.0,0.0,100.0,0.0,100.0,0.0,100.0,0.0,82.0,18.0,100.0,0.0,100.0,0.0,85.0,30100.0,18,18,100,0,100,0,200,0,100.0,27256.0,100.0,53536248616.0,100.0,95090726700.0
2018-06-08,S301185Z,ST4000DM000,4000787030016,0,117,123030536,95,0,100,5,100,0,84,287076620,69,27416,100,0,100,5,100.0,0.0,100.0,0.0,100.0,0.0,100.0,0.0,100.0,0.0,82.0,18.0,100.0,0.0,100.0,0.0,85.0,30100.0,18,18,100,0,100,0,200,0,100.0,27281.0,100.0,53559835352.0,100.0,95219865675.0
2018-06-09,S301185Z,ST4000DM000,4000787030016,0,117,128268552,95,0,100,5,100,0,84,288036452,69,27440,100,0,100,5,100.0,0.0,100.0,0.0,100.0,0.0,100.0,0.0,100.0,0.0,82.0,18.0,100.0,0.0,100.0,0.0,85.0,30100.0,18,18,100,0,100,0,200,0,100.0,27305.0,100.0,53575372096.0,100.0,95323526551.0
2018-06-10,S301185Z,ST4000DM000,4000787030016,0,118,180299224,95,0,100,5,100,0,84,289126549,69,27464,100,0,100,5,100.0,0.0,100.0,0.0,100.0,0.0,100.0,0.0,100.0,0.0,82.0,18.0,100.0,0.0,100.0,0.0,85.0,30100.0,18,18,100,0,100,0,200,0,100.0,27329.0,100.0,53585280480.0,100.0,95453847026.0
2018-06-11,S301185Z,ST4000DM000,4000787030016,0,115,89794872,95,0,100,5,100,0,84,291424427,69,27488,100,0,100,5,100.0,0.0,100.0,0.0,100.0,0.0,100.0,0.0,100.0,0.0,82.0,18.0,100.0,0.0,100.0,0.0,85.0,30100.0,18,18,100,0,100,0,200,0,100.0,27352.0,100.0,53608919584.0,100.0,95605015751.0
2018-06-12,S301185Z,ST4000DM000,4000787030016,0,114,72990776,95,0,100,5,100,0,84,292749973,69,27512,100,0,100,5,100.0,0.0,100.0,0.0,100.0,0.0,100.0,0.0,100.0,0.0,82.0,18.0,100.0,0.0,100.0,0.0,85.0,30100.0,18,18,100,0,100,0,200,0,100.0,27377.0,100.0,53632272272.0,100.0,95737190614.0
2018-06-13,S301185Z,ST4000DM000,4000787030016,0,114,78921272,95,0,100,5,100,0,84,294358380,69,27536,100,0,100,5,100.0,0.0,100.0,0.0,100.0,0.0,100.0,0.0,100.0,0.0,82.0,18.0,100.0,0.0,100.0,0.0,85.0,30100.0,18,18,100,0,100,0,200,0,100.0,27400.0,100.0,53647899544.0,100.0,95835901406.0
2018-06-14,S301185Z,ST4000DM000,4000787030016,0,105,8566680,95,0,100,5,100,0,84,295813923,69,27560,100,0,100,5,100.0,0.0,100.0,0.0,100.0,0.0,100.0,0.0,100.0,0.0,81.0,19.0,100.0,0.0,100.0,0.0,85.0,30100.0,19,19,100,0,100,0,200,0,100.0,27425.0,100.0,53665770096.0,100.0,95929859136.0
2018-06-15,S301185Z,ST4000DM000,4000787030016,0,114.0,72277248.0,95.0,0.0,100.0,5.0,100.0,0.0,84.0,296499916.0,69.0,27583.0,100.0,0.0,100.0,5.0,100.0,0.0,100.0,0.0,100.0,0.0,100.0,0.0,100.0,0.0,80.0,20.0,100.0,0.0,100.0,0.0,85.0,30103.0,20.0,20.0,100.0,0.0,100.0,0.0,200.0,0.0,100.0,27447.0,100.0,53674075632.0,100.0,96020022277.0
2018-06-16,S301185Z,ST4000DM000,4000787030016,0,119.0,203090816.0,95.0,0.0,100.0,5.0,100.0,0.0,84.0,297687883.0,69.0,27607.0,100.0,0.0,100.0,5.0,100.0,0.0,100.0,0.0,100.0,0.0,100.0,0.0,100.0,0.0,80.0,20.0,100.0,0.0,100.0,0.0,85.0,30103.0,20.0,20.0,100.0,0.0,100.0,0.0,200.0,0.0,100.0,27471.0,100.0,53689215832.0,100.0,96198630370.0
2018-06-17,S301185Z,ST4000DM000,4000787030016,0,117.0,149477376.0,95.0,0.0,100.0,5.0,100.0,0.0,84.0,298932328.0,69.0,27631.0,100.0,0.0,100.0,5.0,100.0,0.0,100.0,0.0,100.0,0.0,100.0,0.0,100.0,0.0,82.0,18.0,100.0,0.0,100.0,0.0,85.0,30103.0,18.0,18.0,100.0,0.0,100.0,0.0,200.0,0.0,100.0,27495.0,100.0,53700932792.0,100.0,96351267465.0
2018-06-18,S301185Z,ST4000DM000,4000787030016,0,117.0,122440944.0,95.0,0.0,100.0,5.0,100.0,0.0,84.0,301387032.0,69.0,27654.0,100.0,0.0,100.0,5.0,100.0,0.0,100.0,0.0,100.0,0.0,100.0,0.0,100.0,0.0,82.0,18.0,100.0,0.0,100.0,0.0,85.0,30103.0,18.0,18.0,100.0,0.0,100.0,0.0,200.0,0.0,100.0,27519.0,100.0,53714017376.0,100.0,96520803393.0
2018-06-19,S301185Z,ST4000DM000,4000787030016,0,115,100129536,95,0,100,5,100,0,84,302455418,69,27678,100,0,100,5,100.0,0.0,100.0,0.0,100.0,0.0,100.0,0.0,100.0,0.0,82.0,18.0,100.0,0.0,100.0,0.0,85.0,30103.0,18,18,100,0,100,0,200,0,100.0,27543.0,100.0,53724465096.0,100.0,96617265313.0
2018-06-20,S301185Z,ST4000DM000,4000787030016,0,111,39367272,95,0,100,5,100,0,84,303964388,69,27702,100,0,100,5,100.0,0.0,100.0,0.0,100.0,0.0,100.0,0.0,100.0,0.0,82.0,18.0,100.0,0.0,100.0,0.0,85.0,30103.0,18,18,100,0,100,0,200,0,100.0,27567.0,100.0,53736550168.0,100.0,96702623876.0
2018-06-21,S301185Z,ST4000DM000,4000787030016,0,119,226233872,95,0,100,5,100,0,84,305190624,69,27726,100,0,100,5,100.0,0.0,100.0,0.0,100.0,0.0,100.0,0.0,100.0,0.0,82.0,18.0,100.0,0.0,100.0,0.0,85.0,30103.0,18,18,100,0,100,0,200,0,100.0,27591.0,100.0,53750600456.0,100.0,96819160606.0
2018-06-22,S301185Z,ST4000DM000,4000787030016,0,119,220782632,95,0,100,5,100,0,84,305914480,69,27750,100,0,100,5,100.0,0.0,100.0,0.0,100.0,0.0,100.0,0.0,100.0,0.0,82.0,18.0,100.0,0.0,100.0,0.0,85.0,30103.0,18,18,100,0,100,0,200,0,100.0,27615.0,100.0,53763921432.0,100.0,96882322936.0
2018-06-23,S301185Z,ST4000DM000,4000787030016,0,105,7960520,95,0,100,5,100,0,84,306667864,69,27774,100,0,100,5,100.0,0.0,100.0,0.0,100.0,0.0,100.0,0.0,100.0,0.0,82.0,18.0,100.0,0.0,100.0,0.0,85.0,30103.0,18,18,100,0,100,0,200,0,100.0,27639.0,100.0,53774756192.0,100.0,96955788871.0
2018-06-24,S301185Z,ST4000DM000,4000787030016,0,117,153891032,95,0,100,5,100,0,84,307747031,69,27798,100,0,100,5,100.0,0.0,100.0,0.0,100.0,0.0,100.0,0.0,100.0,0.0,82.0,18.0,100.0,0.0,100.0,0.0,85.0,30103.0,18,18,100,0,100,0,200,0,100.0,27663.0,100.0,53784733824.0,100.0,97076128602.0
2018-06-25,S301185Z,ST4000DM000,4000787030016,0,118,197581064,95,0,100,5,100,0,84,310070980,69,27823,100,0,100,5,100.0,0.0,100.0,0.0,100.0,0.0,100.0,0.0,100.0,0.0,82.0,18.0,100.0,0.0,100.0,0.0,85.0,30103.0,18,18,100,0,100,0,200,0,100.0,27687.0,100.0,53804755872.0,100.0,97225172178.0
2018-06-26,S301185Z,ST4000DM000,4000787030016,0,120,236294208,95,0,100,5,100,0,84,312809647,69,27846,100,0,100,5,100.0,0.0,100.0,0.0,100.0,0.0,100.0,0.0,100.0,0.0,82.0,18.0,100.0,0.0,100.0,0.0,85.0,30103.0,18,18,100,0,100,0,200,0,100.0,27711.0,100.0,53834736120.0,100.0,97332292301.0
2018-06-27,S301185Z,ST4000DM000,4000787030016,0,118,188037632,95,0,100,5,100,0,84,314870580,69,27871,100,0,100,5,100.0,0.0,100.0,0.0,100.0,0.0,100.0,0.0,100.0,0.0,82.0,18.0,100.0,0.0,100.0,0.0,85.0,30103.0,18,18,100,0,100,0,200,0,100.0,27735.0,100.0,53853785032.0,100.0,97442181567.0
2018-06-28,S301185Z,ST4000DM000,4000787030016,0,119,206115592,95,0,100,5,100,0,84,316054935,69,27895,100,0,100,5,100.0,0.0,100.0,0.0,100.0,0.0,100.0,0.0,100.0,0.0,82.0,18.0,100.0,0.0,100.0,0.0,85.0,30103.0,18,18,100,0,100,0,200,0,100.0,27759.0,100.0,53868069248.0,100.0,97538218267.0
2018-06-29,S301185Z,ST4000DM000,4000787030016,0,118,180863008,95,0,100,5,100,0,84,317338444,69,27918,100,0,100,5,100.0,0.0,100.0,0.0,100.0,0.0,100.0,0.0,100.0,0.0,82.0,18.0,100.0,0.0,100.0,0.0,85.0,30103.0,18,18,100,0,100,0,200,0,100.0,27783.0,100.0,53886130872.0,100.0,97615549944.0
2018-06-30,S301185Z,ST4000DM000,4000787030016,0,116,106427576,95,0,100,5,100,0,84,318321081,69,27947,100,0,100,5,100.0,0.0,100.0,0.0,100.0,0.0,100.0,0.0,100.0,0.0,82.0,18.0,100.0,0.0,100.0,0.0,85.0,30107.0,18,18,100,0,100,0,200,0,100.0,27811.0,100.0,53903789040.0,100.0,97765061887.0
2018-07-01,S301185Z,ST4000DM000,4000787030016,0,114,82749360,95,0,100,5,100,0,84,319728079,69,27971,100,0,100,5,100.0,0.0,100.0,0.0,100.0,0.0,100.0,0.0,100.0,0.0,82.0,18.0,100.0,0.0,100.0,0.0,85.0,30107.0,18,18,100,0,100,0,200,0,100.0,27835.0,100.0,53965030008.0,100.0,97917498767.0
2018-07-02,S301185Z,ST4000DM000,4000787030016,0,117,152959544,95,0,100,5,100,0,84,321508492,69,27995,100,0,100,5,100.0,0.0,100.0,0.0,100.0,0.0,100.0,0.0,100.0,0.0,82.0,18.0,100.0,0.0,100.0,0.0,85.0,30107.0,18,18,100,0,100,0,200,0,100.0,27859.0,100.0,53992574328.0,100.0,98017513769.0
2018-07-03,S301185Z,ST4000DM000,4000787030016,0,117,118048384,95,0,100,5,100,0,84,322378716,69,28019,100,0,100,5,100.0,0.0,100.0,0.0,100.0,0.0,100.0,0.0,100.0,0.0,82.0,18.0,100.0,0.0,100.0,0.0,85.0,30107.0,18,18,100,0,100,0,200,0,100.0,27884.0,100.0,54010932048.0,100.0,98142735907.0
2018-07-04,S301185Z,ST4000DM000,4000787030016,0,112,47114120,95,0,100,5,100,0,84,324011195,68,28043,100,0,100,5,100.0,0.0,100.0,0.0,100.0,0.0,100.0,0.0,100.0,0.0,82.0,18.0,100.0,0.0,100.0,0.0,85.0,30107.0,18,18,100,0,100,0,200,0,100.0,27908.0,100.0,54027204384.0,100.0,98240893240.0
2018-07-05,S301185Z,ST4000DM000,4000787030016,0,118,196848512,95,0,100,5,100,0,84,324563217,68,28067,100,0,100,5,100.0,0.0,100.0,0.0,100.0,0.0,100.0,0.0,100.0,0.0,82.0,18.0,100.0,0.0,100.0,0.0,85.0,30107.0,18,18,100,0,100,0,200,0,100.0,27932.0,100.0,54038225544.0,100.0,98315571632.0
2018-07-06,S301185Z,ST4000DM000,4000787030016,0,110,29176280,95,0,100,5,100,0,84,324984336,68,28091,100,0,100,5,100.0,0.0,100.0,0.0,100.0,0.0,100.0,0.0,100.0,0.0,82.0,18.0,100.0,0.0,100.0,0.0,85.0,30107.0,18,18,100,0,100,0,200,0,100.0,27956.0,100.0,54051119408.0,100.0,98390494010.0
2018-07-07,S301185Z,ST4000DM000,4000787030016,0,116,103611488,95,0,100,5,100,0,84,325514168,68,28115,100,0,100,5,100.0,0.0,100.0,0.0,100.0,0.0,100.0,0.0,100.0,0.0,82.0,18.0,100.0,0.0,100.0,0.0,85.0,30107.0,18,18,100,0,100,0,200,0,100.0,27980.0,100.0,54066036600.0,100.0,98491026058.0
2018-07-08,S301185Z,ST4000DM000,4000787030016,0,118,187904048,95,0,100,5,100,0,84,326065983,68,28139,100,0,100,5,100.0,0.0,100.0,0.0,100.0,0.0,100.0,0.0,100.0,0.0,82.0,18.0,100.0,0.0,100.0,0.0,85.0,30107.0,18,18,100,0,100,0,200,0,100.0,28004.0,100.0,54078703488.0,100.0,98635980003.0
2018-07-09,S301185Z,ST4000DM000,4000787030016,0,112,45007592,95,0,100,5,100,0,84,327775703,68,28163,100,0,100,5,100.0,0.0,100.0,0.0,100.0,0.0,100.0,0.0,100.0,0.0,82.0,18.0,100.0,0.0,100.0,0.0,85.0,30107.0,18,18,100,0,100,0,200,0,100.0,28028.0,100.0,54099488912.0,100.0,98819921749.0
2018-07-10,S301185Z,ST4000DM000,4000787030016,0,111.0,39806384.0,95.0,0.0,100.0,5.0,100.0,0.0,84.0,328467328.0,68.0,28187.0,100.0,0.0,100.0,5.0,100.0,0.0,100.0,0.0,100.0,0.0,100.0,0.0,100.0,0.0,82.0,18.0,100.0,0.0,100.0,0.0,85.0,30107.0,18.0,18.0,100.0,0.0,100.0,0.0,200.0,0.0,100.0,28052.0,100.0,54120345784.0,100.0,98959559766.0
2018-07-11,S301185Z,ST4000DM000,4000787030016,0,115,99326808,95,0,100,5,100,0,84,330859025,68,28211,100,0,100,5,100.0,0.0,100.0,0.0,100.0,0.0,100.0,0.0,100.0,0.0,82.0,18.0,100.0,0.0,100.0,0.0,85.0,30107.0,18,18,100,0,100,0,200,0,100.0,28075.0,100.0,54144612168.0,100.0,99075139708.0
2018-07-12,S301185Z,ST4000DM000,4000787030016,0,119,209036128,95,0,100,5,100,0,84,332162809,68,28235,100,0,100,5,100.0,0.0,100.0,0.0,100.0,0.0,100.0,0.0,100.0,0.0,82.0,18.0,100.0,0.0,100.0,0.0,85.0,30107.0,18,18,100,0,100,0,200,0,100.0,28099.0,100.0,54162749312.0,100.0,99213389555.0
2018-07-13,S301185Z,ST4000DM000,4000787030016,0,117,154492128,95,0,100,5,100,0,84,333138189,68,28259,100,0,100,5,100.0,0.0,100.0,0.0,100.0,0.0,100.0,0.0,100.0,0.0,82.0,18.0,100.0,0.0,100.0,0.0,85.0,30112.0,18,18,100,0,100,0,200,0,100.0,28123.0,100.0,54173018208.0,100.0,99398752538.0
2018-07-14,S301185Z,ST4000DM000,4000787030016,0,110,29162672,95,0,100,5,100,0,84,334031279,68,28283,100,0,100,5,100.0,0.0,100.0,0.0,100.0,0.0,100.0,0.0,100.0,0.0,82.0,18.0,100.0,0.0,100.0,0.0,85.0,30112.0,18,18,100,0,100,0,200,0,100.0,28147.0,100.0,54188027120.0,100.0,99555174726.0
2018-07-15,S301185Z,ST4000DM000,4000787030016,0,105,9465032,95,0,100,5,100,0,84,335187201,68,28307,100,0,100,5,100.0,0.0,100.0,0.0,100.0,0.0,100.0,0.0,100.0,0.0,82.0,18.0,100.0,0.0,100.0,0.0,85.0,30112.0,18,18,100,0,100,0,200,0,100.0,28171.0,100.0,54212269080.0,100.0,99720453698.0
2018-07-16,S301185Z,ST4000DM000,4000787030016,0,116,111315368,95,0,100,5,100,0,85,337331111,68,28330,100,0,100,5,100.0,0.0,100.0,0.0,100.0,0.0,100.0,0.0,100.0,0.0,82.0,18.0,100.0,0.0,100.0,0.0,85.0,30112.0,18,18,100,0,100,0,200,0,100.0,28195.0,100.0,54226767648.0,100.0,99903950013.0
2018-07-17,S301185Z,ST4000DM000,4000787030016,0,117,164134488,95,0,100,5,100,0,85,338168216,68,28355,100,0,100,5,100.0,0.0,100.0,0.0,100.0,0.0,100.0,0.0,100.0,0.0,82.0,18.0,100.0,0.0,100.0,0.0,85.0,30112.0,18,18,100,0,100,0,200,0,100.0,28219.0,100.0,54236053672.0,100.0,100037232952.0
2018-07-18,S301185Z,ST4000DM000,4000787030016,0,111,38332296,95,0,100,5,100,0,85,340038875,68,28379,100,0,100,5,100.0,0.0,100.0,0.0,100.0,0.0,100.0,0.0,100.0,0.0,82.0,18.0,100.0,0.0,100.0,0.0,85.0,30112.0,18,18,100,0,100,0,200,0,100.0,28243.0,100.0,54256098432.0,100.0,100163309535.0
2018-07-19,S301185Z,ST4000DM000,4000787030016,0,119,218388888,95,0,100,5,100,0,85,341366960,68,28402,100,0,100,5,100.0,0.0,100.0,0.0,100.0,0.0,100.0,0.0,100.0,0.0,82.0,18.0,100.0,0.0,100.0,0.0,85.0,30112.0,18,18,100,0,100,0,200,0,100.0,28267.0,100.0,54265461464.0,100.0,100350476704.0
2018-07-20,S301185Z,ST4000DM000,4000787030016,0,119,207367736,95,0,100,5,100,0,85,342958917,68,28426,100,0,100,5,100.0,0.0,100.0,0.0,100.0,0.0,100.0,0.0,100.0,0.0,82.0,18.0,100.0,0.0,100.0,0.0,85.0,30112.0,18,18,100,0,100,0,200,0,100.0,28290.0,100.0,54274468488.0,100.0,100509034799.0
2018-07-21,S301185Z,ST4000DM000,4000787030016,0,117,140289608,95,0,100,5,100,0,85,344097858,68,28450,100,0,100,5,100.0,0.0,100.0,0.0,100.0,0.0,100.0,0.0,100.0,0.0,82.0,18.0,100.0,0.0,100.0,0.0,85.0,30112.0,18,18,100,0,100,0,200,0,100.0,28314.0,100.0,54290040536.0,100.0,100643957175.0
2018-07-22,S301185Z,ST4000DM000,4000787030016,0,118,199634136,95,0,100,5,100,0,85,344973659,68,28474,100,0,100,5,100.0,0.0,100.0,0.0,100.0,0.0,100.0,0.0,100.0,0.0,82.0,18.0,100.0,0.0,100.0,0.0,85.0,30112.0,18,18,100,0,100,0,200,0,100.0,28338.0,100.0,54304643136.0,100.0,100788206525.0
2018-07-23,S301185Z,ST4000DM000,4000787030016,0,113,52642632,95,0,100,5,100,0,85,347869641,68,28499,100,0,100,5,100.0,0.0,100.0,0.0,100.0,0.0,100.0,0.0,100.0,0.0,82.0,18.0,100.0,0.0,100.0,0.0,85.0,30112.0,18,18,100,0,100,0,200,0,100.0,28363.0,100.0,54320436008.0,100.0,100916593431.0
2018-07-24,S301185Z,ST4000DM000,4000787030016,0,114,78461608,95,0,100,5,100,0,85,348878045,68,28523,100,0,100,5,100.0,0.0,100.0,0.0,100.0,0.0,100.0,0.0,100.0,0.0,82.0,18.0,100.0,0.0,100.0,0.0,85.0,30112.0,18,18,100,0,100,0,200,0,100.0,28387.0,100.0,54344106048.0,100.0,101037149410.0
2018-07-25,S301185Z,ST4000DM000,4000787030016,0,117.0,136024192.0,95.0,0.0,100.0,5.0,100.0,0.0,85.0,350821676.0,68.0,28547.0,100.0,0.0,100.0,5.0,100.0,0.0,100.0,0.0,100.0,0.0,100.0,0.0,100.0,0.0,82.0,18.0,100.0,0.0,100.0,0.0,85.0,30112.0,18.0,18.0,100.0,0.0,100.0,0.0,200.0,0.0,100.0,28411.0,100.0,54373810288.0,100.0,101150299237.0
2018-07-26,S301185Z,ST4000DM000,4000787030016,0,110,28242912,95,0,100,5,100,0,85,352000697,68,28571,100,0,100,5,100.0,0.0,100.0,0.0,100.0,0.0,100.0,0.0,100.0,0.0,82.0,18.0,100.0,0.0,100.0,0.0,85.0,30112.0,18,18,100,0,100,0,200,0,100.0,28435.0,100.0,54382209376.0,100.0,101315008037.0
2018-07-27,S301185Z,ST4000DM000,4000787030016,0,117,136774440,95,0,100,5,100,0,85,352530387,68,28594,100,0,100,5,100.0,0.0,100.0,0.0,100.0,0.0,100.0,0.0,100.0,0.0,82.0,18.0,100.0,0.0,100.0,0.0,85.0,30112.0,18,18,100,0,100,0,200,0,100.0,28458.0,100.0,54389027520.0,100.0,101375171242.0
2018-07-28,S301185Z,ST4000DM000,4000787030016,0,114,75432208,95,0,100,5,100,0,85,353390825,68,28618,100,0,100,5,100.0,0.0,100.0,0.0,100.0,0.0,100.0,0.0,100.0,0.0,82.0,18.0,100.0,0.0,100.0,0.0,85.0,30116.0,18,18,100,0,100,0,200,0,100.0,28482.0,100.0,54401510824.0,100.0,101484370385.0
2018-07-29,S301185Z,ST4000DM000,4000787030016,0,119,225518568,95,0,100,5,100,0,85,354492344,68,28642,100,0,100,5,100.0,0.0,100.0,0.0,100.0,0.0,100.0,0.0,100.0,0.0,82.0,18.0,100.0,0.0,100.0,0.0,85.0,30116.0,18,18,100,0,100,0,200,0,100.0,28506.0,100.0,54417795792.0,100.0,101640058264.0
2018-07-30,S301185Z,ST4000DM000,4000787030016,0,118,169883280,95,0,100,5,100,0,85,356709128,68,28665,100,0,100,5,100.0,0.0,100.0,0.0,100.0,0.0,100.0,0.0,100.0,0.0,82.0,18.0,100.0,0.0,100.0,0.0,85.0,30116.0,18,18,100,0,100,0,200,0,100.0,28529.0,100.0,54432369336.0,100.0,101792466671.0
2018-07-31,S301185Z,ST4000DM000,4000787030016,0,115,98038856,95,0,100,5,100,0,85,357926025,68,28689,100,0,100,5,100.0,0.0,100.0,0.0,100.0,0.0,100.0,0.0,100.0,0.0,82.0,18.0,100.0,0.0,100.0,0.0,85.0,30116.0,18,18,100,0,100,0,200,0,100.0,28554.0,100.0,54443881424.0,100.0,101950123074.0
2018-08-01,S301185Z,ST4000DM000,4000787030016,0,117,144201448,95,0,100,5,100,0,85,359795983,68,28714,100,0,100,5,100.0,0.0,100.0,0.0,100.0,0.0,100.0,0.0,100.0,0.0,82.0,18.0,100.0,0.0,100.0,0.0,85.0,30116.0,18,18,100,0,100,0,200,0,100.0,28578.0,100.0,54461061024.0,100.0,102060764499.0
2018-08-02,S301185Z,ST4000DM000,4000787030016,0,118,181953864,95,0,100,5,100,0,85,361268403,68,28738,100,0,100,5,100.0,0.0,100.0,0.0,100.0,0.0,100.0,0.0,100.0,0.0,82.0,18.0,100.0,0.0,100.0,0.0,85.0,30116.0,18,18,100,0,100,0,200,0,100.0,28602.0,100.0,54472549200.0,100.0,102276207755.0
2018-08-03,S301185Z,ST4000DM000,4000787030016,0,114,83835048,95,0,100,5,100,0,85,362313764,68,28762,100,0,100,5,100.0,0.0,100.0,0.0,100.0,0.0,100.0,0.0,100.0,0.0,82.0,18.0,100.0,0.0,100.0,0.0,85.0,30116.0,18,18,100,0,100,0,200,0,100.0,28626.0,100.0,54484775776.0,100.0,102423507207.0
2018-08-04,S301185Z,ST4000DM000,4000787030016,0,115,95071456,95,0,100,5,100,0,85,363030363,68,28785,100,0,100,5,100.0,0.0,100.0,0.0,100.0,0.0,100.0,0.0,100.0,0.0,82.0,18.0,100.0,0.0,100.0,0.0,85.0,30116.0,18,18,100,0,100,0,200,0,100.0,28649.0,100.0,54500833696.0,100.0,102503607653.0
2018-08-05,S301185Z,ST4000DM000,4000787030016,0,117,144198832,95,0,100,5,100,0,85,363965188,68,28809,100,0,100,5,100.0,0.0,100.0,0.0,100.0,0.0,100.0,0.0,100.0,0.0,82.0,18.0,100.0,0.0,100.0,0.0,85.0,30116.0,18,18,100,0,100,0,200,0,100.0,28673.0,100.0,54509946672.0,100.0,102624044635.0
2018-08-06,S301185Z,ST4000DM000,4000787030016,0,117,164145008,95,0,100,5,100,0,85,365835641,68,28834,100,0,100,5,100.0,0.0,100.0,0.0,100.0,0.0,100.0,0.0,100.0,0.0,82.0,18.0,100.0,0.0,100.0,0.0,85.0,30116.0,18,18,100,0,100,0,200,0,100.0,28698.0,100.0,54524315760.0,100.0,102737977330.0
2018-08-07,S301185Z,ST4000DM000,4000787030016,0,108,18376336,95,0,100,5,100,0,85,366618441,68,28858,100,0,100,5,100.0,0.0,100.0,0.0,100.0,0.0,100.0,0.0,100.0,0.0,82.0,18.0,100.0,0.0,100.0,0.0,85.0,30116.0,18,18,100,0,100,0,200,0,100.0,28722.0,100.0,54535371280.0,100.0,102827013245.0
2018-08-08,S301185Z,ST4000DM000,4000787030016,0,115,90754048,95,0,100,5,100,0,85,368377744,68,28881,100,0,100,5,100.0,0.0,100.0,0.0,100.0,0.0,100.0,0.0,100.0,0.0,82.0,18.0,100.0,0.0,100.0,0.0,85.0,30116.0,18,18,100,0,100,0,200,0,100.0,28746.0,100.0,54552156424.0,100.0,102919592883.0
2018-08-09,S301185Z,ST4000DM000,4000787030016,0,105,10341936,95,0,100,5,100,0,85,370474844,68,28906,100,0,100,5,100.0,0.0,100.0,0.0,100.0,0.0,100.0,0.0,100.0,0.0,82.0,18.0,100.0,0.0,100.0,0.0,85.0,30116.0,18,18,100,0,100,0,200,0,100.0,28770.0,100.0,54570465712.0,100.0,103065622843.0
2018-08-10,S301185Z,ST4000DM000,4000787030016,0,116,101157400,95,0,100,5,100,0,85,372245504,67,28929,100,0,100,5,100.0,0.0,100.0,0.0,100.0,0.0,100.0,0.0,100.0,0.0,82.0,18.0,100.0,0.0,100.0,0.0,85.0,30119.0,18,18,100,0,100,0,200,0,100.0,28793.0,100.0,54590780784.0,100.0,103206539802.0
2018-08-11,S301185Z,ST4000DM000,4000787030016,0,108,18218608,95,0,100,5,100,0,85,373138205,67,28953,100,0,100,5,100.0,0.0,100.0,0.0,100.0,0.0,100.0,0.0,100.0,0.0,82.0,18.0,100.0,0.0,100.0,0.0,85.0,30119.0,18,18,100,0,100,0,200,0,100.0,28817.0,100.0,54608034936.0,100.0,103315928924.0
2018-08-12,S301185Z,ST4000DM000,4000787030016,0,113,52615312,95,0,100,5,100,0,85,374078622,67,28977,100,0,100,5,100.0,0.0,100.0,0.0,100.0,0.0,100.0,0.0,100.0,0.0,82.0,18.0,100.0,0.0,100.0,0.0,85.0,30119.0,18,18,100,0,100,0,200,0,100.0,28841.0,100.0,54620297560.0,100.0,103424836478.0
2018-08-13,S301185Z,ST4000DM000,4000787030016,0,117,162591728,95,0,100,5,100,0,85,376511259,67,29001,100,0,100,5,100.0,0.0,100.0,0.0,100.0,0.0,100.0,0.0,100.0,0.0,82.0,18.0,100.0,0.0,100.0,0.0,85.0,30119.0,18,18,100,0,100,0,200,0,100.0,28865.0,100.0,54642411256.0,100.0,103592443434.0
2018-08-14,S301185Z,ST4000DM000,4000787030016,0,118.0,192868720.0,95.0,0.0,100.0,5.0,100.0,0.0,85.0,377704296.0,67.0,29025.0,100.0,0.0,100.0,5.0,100.0,0.0,100.0,0.0,100.0,0.0,100.0,0.0,100.0,0.0,82.0,18.0,100.0,0.0,100.0,0.0,85.0,30119.0,18.0,18.0,100.0,0.0,100.0,0.0,200.0,0.0,100.0,28889.0,100.0,54664953416.0,100.0,103711833368.0
2018-08-15,S301185Z,ST4000DM000,4000787030016,0,118.0,199296632.0,95.0,0.0,100.0,5.0,100.0,0.0,85.0,379551881.0,67.0,29049.0,100.0,0.0,100.0,5.0,100.0,0.0,100.0,0.0,100.0,0.0,100.0,0.0,100.0,0.0,82.0,18.0,100.0,0.0,100.0,0.0,85.0,30119.0,18.0,18.0,100.0,0.0,100.0,0.0,200.0,0.0,100.0,28913.0,100.0,54687029088.0,100.0,103804946192.0
2018-08-16,S301185Z,ST4000DM000,4000787030016,0,120,240984080,95,0,100,5,100,0,85,380709463,67,29076,100,0,100,5,100.0,0.0,100.0,0.0,100.0,0.0,100.0,0.0,100.0,0.0,82.0,18.0,100.0,0.0,100.0,0.0,85.0,30120.0,18,18,100,0,100,0,200,0,100.0,28940.0,100.0,54698622904.0,100.0,103938642446.0
2018-08-17,S301185Z,ST4000DM000,4000787030016,0,117,162115592,95,0,100,5,100,0,85,381580923,67,29099,100,0,100,5,100.0,0.0,100.0,0.0,100.0,0.0,100.0,0.0,100.0,0.0,81.0,19.0,100.0,0.0,100.0,0.0,85.0,30120.0,19,19,100,0,100,0,200,0,100.0,28964.0,100.0,54707884728.0,100.0,104044338162.0
2018-08-18,S301185Z,ST4000DM000,4000787030016,0,119,218027920,95,0,100,5,100,0,85,383021204,67,29124,100,0,100,5,100.0,0.0,100.0,0.0,100.0,0.0,100.0,0.0,100.0,0.0,82.0,18.0,100.0,0.0,100.0,0.0,85.0,30120.0,18,18,100,0,100,0,200,0,100.0,28988.0,100.0,54722091664.0,100.0,108501486344.0
2018-08-19,S301185Z,ST4000DM000,4000787030016,0,105,7590504,95,0,100,5,100,0,85,384505078,67,29148,100,0,100,5,100.0,0.0,100.0,0.0,100.0,0.0,100.0,0.0,100.0,0.0,82.0,18.0,100.0,0.0,100.0,0.0,85.0,30120.0,18,18,100,0,100,0,200,0,100.0,29012.0,100.0,54735826016.0,100.0,108652937771.0
2018-08-20,S301185Z,ST4000DM000,4000787030016,0,116,116083696,95,0,100,5,100,0,85,386654418,67,29172,100,0,100,5,100.0,0.0,100.0,0.0,100.0,0.0,100.0,0.0,100.0,0.0,82.0,18.0,100.0,0.0,100.0,0.0,85.0,30120.0,18,18,100,0,100,0,200,0,100.0,29036.0,100.0,54749983992.0,100.0,108763862024.0
2018-08-21,S301185Z,ST4000DM000,4000787030016,0,108,17972536,95,0,100,5,100,0,85,387634645,67,29196,100,0,100,5,100.0,0.0,100.0,0.0,100.0,0.0,100.0,0.0,100.0,0.0,82.0,18.0,100.0,0.0,100.0,0.0,85.0,30120.0,18,18,100,0,100,0,200,0,100.0,29060.0,100.0,54765041048.0,100.0,108859557049.0
2018-08-22,S301185Z,ST4000DM000,4000787030016,0,111,40881296,95,0,100,5,100,0,85,389483622,67,29220,100,0,100,5,100.0,0.0,100.0,0.0,100.0,0.0,100.0,0.0,100.0,0.0,82.0,18.0,100.0,0.0,100.0,0.0,85.0,30120.0,18,18,100,0,100,0,200,0,100.0,29084.0,100.0,54778465720.0,100.0,108958934790.0
2018-08-23,S301185Z,ST4000DM000,4000787030016,0,117,128536856,95,0,100,5,100,0,85,390158058,67,29244,100,0,100,5,100.0,0.0,100.0,0.0,100.0,0.0,100.0,0.0,100.0,0.0,82.0,18.0,100.0,0.0,100.0,0.0,85.0,30120.0,18,18,100,0,100,0,200,0,100.0,29108.0,100.0,54790155000.0,100.0,109018837388.0
2018-08-24,S301185Z,ST4000DM000,4000787030016,0,117,129540632,95,0,100,5,100,0,85,391015325,67,29267,100,0,100,5,100.0,0.0,100.0,0.0,100.0,0.0,100.0,0.0,100.0,0.0,82.0,18.0,100.0,0.0,100.0,0.0,85.0,30120.0,18,18,100,0,100,0,200,0,100.0,29131.0,100.0,54811205416.0,100.0,109092474003.0
2018-08-25,S301185Z,ST4000DM000,4000787030016,0,108,14747696,95,0,100,5,100,0,85,392408714,67,29292,100,0,100,5,100.0,0.0,100.0,0.0,100.0,0.0,100.0,0.0,100.0,0.0,82.0,18.0,100.0,0.0,100.0,0.0,85.0,30120.0,18,18,100,0,100,0,200,0,100.0,29156.0,100.0,54829046384.0,100.0,109236023578.0
2018-08-26,S301185Z,ST4000DM000,4000787030016,0,118,173757664,95,0,100,5,100,0,85,393507139,67,29316,100,0,100,5,100.0,0.0,100.0,0.0,100.0,0.0,100.0,0.0,100.0,0.0,82.0,18.0,100.0,0.0,100.0,0.0,85.0,30120.0,18,18,100,0,100,0,200,0,100.0,29180.0,100.0,54841731320.0,100.0,109351864397.0
2018-08-27,S301185Z,ST4000DM000,4000787030016,0,114,74869816,95,0,100,5,100,0,85,395538748,67,29340,100,0,100,5,100.0,0.0,100.0,0.0,100.0,0.0,100.0,0.0,100.0,0.0,82.0,18.0,100.0,0.0,100.0,0.0,85.0,30120.0,18,18,100,0,100,0,200,0,100.0,29204.0,100.0,54862481576.0,100.0,109451276247.0
2018-08-28,S301185Z,ST4000DM000,4000787030016,0,117,155098840,95,0,100,5,100,0,85,397001609,67,29364,100,0,100,5,100.0,0.0,100.0,0.0,100.0,0.0,100.0,0.0,100.0,0.0,82.0,18.0,100.0,0.0,100.0,0.0,85.0,30120.0,18,18,100,0,100,0,200,0,100.0,29228.0,100.0,54878135328.0,100.0,109581308055.0
2018-08-29,S301185Z,ST4000DM000,4000787030016,0,118,187400232,95,0,100,5,100,0,85,398426847,67,29386,100,0,100,5,100.0,0.0,100.0,0.0,100.0,0.0,100.0,0.0,100.0,0.0,82.0,18.0,100.0,0.0,100.0,0.0,85.0,30121.0,18,18,100,0,100,0,200,0,100.0,29250.0,100.0,54890584328.0,100.0,109671702975.0
2018-08-30,S301185Z,ST4000DM000,4000787030016,0,118,194096120,95,0,100,5,100,0,85,401407331,67,29410,100,0,100,5,100.0,0.0,100.0,0.0,100.0,0.0,100.0,0.0,100.0,0.0,82.0,18.0,100.0,0.0,100.0,0.0,85.0,30121.0,18,18,100,0,100,0,200,0,100.0,29274.0,100.0,54915643616.0,100.0,109818470503.0
2018-08-31,S301185Z,ST4000DM000,4000787030016,0,118,180327976,95,0,100,5,100,0,85,402060530,67,29434,100,0,100,5,100.0,0.0,100.0,0.0,100.0,0.0,100.0,0.0,100.0,0.0,82.0,18.0,100.0,0.0,100.0,0.0,85.0,30121.0,18,18,100,0,100,0,200,0,100.0,29298.0,100.0,54929786584.0,100.0,109912074182.0
2018-09-01,S301185Z,ST4000DM000,4000787030016,0,111,38074960,95,0,100,5,100,0,85,402610342,67,29458,100,0,100,5,100.0,0.0,100.0,0.0,100.0,0.0,100.0,0.0,100.0,0.0,82.0,18.0,100.0,0.0,100.0,0.0,85.0,30121.0,18,18,100,0,100,0,200,0,100.0,29322.0,100.0,54943623984.0,100.0,109984002848.0
2018-09-02,S301185Z,ST4000DM000,4000787030016,0,118,199274696,95,0,100,5,100,0,86,403534022,67,29482,100,0,100,5,100.0,0.0,100.0,0.0,100.0,0.0,100.0,0.0,100.0,0.0,82.0,18.0,100.0,0.0,100.0,0.0,85.0,30121.0,18,18,100,0,100,0,200,0,100.0,29346.0,100.0,54961787376.0,100.0,110103218299.0
2018-09-03,S301185Z,ST4000DM000,4000787030016,0,120,1237720,95,0,100,5,100,0,86,405593691,67,29506,100,0,100,5,100.0,0.0,100.0,0.0,100.0,0.0,100.0,0.0,100.0,0.0,82.0,18.0,100.0,0.0,100.0,0.0,85.0,30121.0,18,18,100,0,100,0,200,0,100.0,29370.0,100.0,54982999584.0,100.0,110244247444.0
2018-09-04,S301185Z,ST4000DM000,4000787030016,0,118,192794696,95,0,100,5,100,0,86,406200709,67,29530,100,0,100,5,100.0,0.0,100.0,0.0,100.0,0.0,100.0,0.0,100.0,0.0,82.0,18.0,100.0,0.0,100.0,0.0,85.0,30121.0,18,18,100,0,100,0,200,0,100.0,29394.0,100.0,54997912664.0,100.0,110319226307.0
2018-09-05,S301185Z,ST4000DM000,4000787030016,0,117,142916144,95,0,100,5,100,0,86,407850965,67,29554,100,0,100,5,100.0,0.0,100.0,0.0,100.0,0.0,100.0,0.0,100.0,0.0,82.0,18.0,100.0,0.0,100.0,0.0,85.0,30121.0,18,18,100,0,100,0,200,0,100.0,29418.0,100.0,55025934832.0,100.0,110393497873.0
2018-09-06,S301185Z,ST4000DM000,4000787030016,0,116,102707456,95,0,100,5,100,0,86,408671952,67,29579,100,0,100,5,100.0,0.0,100.0,0.0,100.0,0.0,100.0,0.0,100.0,0.0,82.0,18.0,100.0,0.0,100.0,0.0,85.0,30122.0,18,18,100,0,100,0,200,0,100.0,29443.0,100.0,55055555904.0,100.0,110494225110.0
2018-09-07,S301185Z,ST4000DM000,4000787030016,0,117,134565768,95,0,100,5,100,0,86,409493328,67,29603,100,0,100,5,100.0,0.0,100.0,0.0,100.0,0.0,100.0,0.0,100.0,0.0,82.0,18.0,100.0,0.0,100.0,0.0,85.0,30122.0,18,18,100,0,100,0,200,0,100.0,29467.0,100.0,55079332944.0,100.0,110644567803.0
2018-09-08,S301185Z,ST4000DM000,4000787030016,0,118,178216160,95,0,100,5,100,0,86,410154300,67,29627,100,0,100,5,100.0,0.0,100.0,0.0,100.0,0.0,100.0,0.0,100.0,0.0,82.0,18.0,100.0,0.0,100.0,0.0,85.0,30122.0,18,18,100,0,100,0,200,0,100.0,29491.0,100.0,55096121760.0,100.0,110796898551.0
2018-09-09,S301185Z,ST4000DM000,4000787030016,0,117,138599920,95,0,100,5,100,0,86,410975981,67,29651,100,0,100,5,100.0,0.0,100.0,0.0,100.0,0.0,100.0,0.0,100.0,0.0,82.0,18.0,100.0,0.0,100.0,0.0,85.0,30122.0,18,18,100,0,100,0,200,0,100.0,29515.0,100.0,55117715856.0,100.0,110962182461.0
2018-09-10,S301185Z,ST4000DM000,4000787030016,0,114,81253280,95,0,100,5,100,0,86,412798261,67,29674,100,0,100,5,100.0,0.0,100.0,0.0,100.0,0.0,100.0,0.0,100.0,0.0,82.0,18.0,100.0,0.0,100.0,0.0,85.0,30122.0,18,18,100,0,100,0,200,0,100.0,29538.0,100.0,55137397800.0,100.0,111124938543.0
2018-09-11,S301185Z,ST4000DM000,4000787030016,0,120,239691496,95,0,100,5,100,0,86,413523959,67,29699,100,0,100,5,100.0,0.0,100.0,0.0,100.0,0.0,100.0,0.0,100.0,0.0,82.0,18.0,100.0,0.0,100.0,0.0,85.0,30122.0,18,18,100,0,100,0,200,0,100.0,29563.0,100.0,55152994760.0,100.0,111297835644.0
2018-09-12,S301185Z,ST4000DM000,4000787030016,0,112,45080976,95,0,100,5,100,0,86,415155445,67,29723,100,0,100,5,100.0,0.0,100.0,0.0,100.0,0.0,100.0,0.0,100.0,0.0,82.0,18.0,100.0,0.0,100.0,0.0,85.0,30122.0,18,18,100,0,100,0,200,0,100.0,29587.0,100.0,55177807416.0,100.0,111409111572.0
2018-09-13,S301185Z,ST4000DM000,4000787030016,0,118,172646472,95,0,100,5,100,0,86,415954310,67,29743,100,0,100,5,100.0,0.0,100.0,0.0,100.0,0.0,100.0,0.0,100.0,0.0,83.0,17.0,100.0,0.0,100.0,0.0,85.0,30125.0,17,17,100,0,100,0,200,0,100.0,29607.0,100.0,55189990480.0,100.0,111540275265.0
2018-09-14,S301185Z,ST4000DM000,4000787030016,0,108,16384696,95,0,100,5,100,0,86,417012043,67,29767,100,0,100,5,100.0,0.0,100.0,0.0,100.0,0.0,100.0,0.0,100.0,0.0,78.0,22.0,100.0,0.0,100.0,0.0,85.0,30125.0,22,22,100,0,100,0,200,0,100.0,29632.0,100.0,55207870344.0,100.0,111703122636.0
2018-09-15,S301185Z,ST4000DM000,4000787030016,0,115,90928816,95,0,100,5,100,0,86,418069587,66,29791,100,0,100,5,100.0,0.0,100.0,0.0,100.0,0.0,100.0,0.0,100.0,0.0,78.0,22.0,100.0,0.0,100.0,0.0,85.0,30125.0,22,22,100,0,100,0,200,0,100.0,29655.0,100.0,55222990600.0,100.0,111859930837.0
2018-09-16,S301185Z,ST4000DM000,4000787030016,0,119,201845624,95,0,100,5,100,0,86,419036737,66,29815,100,0,100,5,100.0,0.0,100.0,0.0,100.0,0.0,100.0,0.0,100.0,0.0,78.0,22.0,100.0,0.0,100.0,0.0,85.0,30125.0,22,22,100,0,100,0,200,0,100.0,29679.0,100.0,55248320984.0,100.0,111989114645.0
2018-09-17,S301185Z,ST4000DM000,4000787030016,0,118,201018784,95,0,100,5,100,0,86,421474090,66,29839,100,0,100,5,100.0,0.0,100.0,0.0,100.0,0.0,100.0,0.0,100.0,0.0,78.0,22.0,100.0,0.0,100.0,0.0,85.0,30125.0,22,22,100,0,100,0,200,0,100.0,29703.0,100.0,55269637208.0,100.0,112179916524.0
2018-09-18,S301185Z,ST4000DM000,4000787030016,0,117,128162904,95,0,100,5,100,0,86,422804254,66,29864,100,0,100,5,100.0,0.0,100.0,0.0,100.0,0.0,100.0,0.0,100.0,0.0,80.0,20.0,100.0,0.0,100.0,0.0,85.0,30125.0,20,20,100,0,100,0,200,0,100.0,29728.0,100.0,55287130464.0,100.0,112355836535.0
2018-09-19,S301185Z,ST4000DM000,4000787030016,0,118,187211992,95,0,100,5,100,0,86,425002093,66,29888,100,0,100,5,100.0,0.0,100.0,0.0,100.0,0.0,100.0,0.0,100.0,0.0,80.0,20.0,100.0,0.0,100.0,0.0,85.0,30125.0,20,20,100,0,100,0,200,0,100.0,29752.0,100.0,55313094208.0,100.0,112483641870.0
2018-09-20,S301185Z,ST4000DM000,4000787030016,0,112,44119592,95,0,100,5,100,0,86,427954836,66,29912,100,0,100,5,100.0,0.0,100.0,0.0,100.0,0.0,100.0,0.0,100.0,0.0,80.0,20.0,100.0,0.0,100.0,0.0,85.0,30125.0,20,20,100,0,100,0,200,0,100.0,29776.0,100.0,55336188320.0,100.0,112623315184.0
2018-09-21,S301185Z,ST4000DM000,4000787030016,0,104,7161408,95,0,100,5,100,0,86,428870000,66,29935,100,0,100,5,100.0,0.0,100.0,0.0,100.0,0.0,100.0,0.0,100.0,0.0,80.0,20.0,100.0,0.0,100.0,0.0,85.0,30125.0,20,20,100,0,100,0,200,0,100.0,29799.0,100.0,55347132584.0,100.0,112774154962.0
2018-09-22,S301185Z,ST4000DM000,4000787030016,0,115,96411760,95,0,100,5,100,0,86,429734184,66,29959,100,0,100,5,100.0,0.0,100.0,0.0,100.0,0.0,100.0,0.0,100.0,0.0,80.0,20.0,100.0,0.0,100.0,0.0,85.0,30125.0,20,20,100,0,100,0,200,0,100.0,29823.0,100.0,55371927928.0,100.0,112873721661.0
2018-09-23,S301185Z,ST4000DM000,4000787030016,0,117,125948368,95,0,100,5,100,0,86,430642572,66,29983,100,0,100,5,100.0,0.0,100.0,0.0,100.0,0.0,100.0,0.0,100.0,0.0,80.0,20.0,100.0,0.0,100.0,0.0,85.0,30125.0,20,20,100,0,100,0,200,0,100.0,29847.0,100.0,55386334216.0,100.0,112991734658.0
2018-09-24,S301185Z,ST4000DM000,4000787030016,0,110,28626800,95,0,100,5,100,0,86,432973063,66,30008,100,0,100,5,100.0,0.0,100.0,0.0,100.0,0.0,100.0,0.0,100.0,0.0,80.0,20.0,100.0,0.0,100.0,0.0,85.0,30125.0,20,20,100,0,100,0,200,0,100.0,29872.0,100.0,55403709280.0,100.0,113170496041.0
2018-09-25,S301185Z,ST4000DM000,4000787030016,0,120,237136320,95,0,100,5,100,0,86,433914386,66,30032,100,0,100,5,100.0,0.0,100.0,0.0,100.0,0.0,100.0,0.0,100.0,0.0,80.0,20.0,100.0,0.0,100.0,0.0,85.0,30125.0,20,20,100,0,100,0,200,0,100.0,29896.0,100.0,55427706848.0,100.0,113262950366.0
2018-09-26,S301185Z,ST4000DM000,4000787030016,0,119,215254800,95,0,100,5,100,0,86,435336586,66,30055,100,0,100,5,100.0,0.0,100.0,0.0,100.0,0.0,100.0,0.0,100.0,0.0,80.0,20.0,100.0,0.0,100.0,0.0,85.0,30125.0,20,20,100,0,100,0,200,0,100.0,29919.0,100.0,55441566440.0,100.0,113354809907.0
2018-09-27,S301185Z,ST4000DM000,4000787030016,0,109,23685088,95,0,100,5,100,0,86,436738551,66,30079,100,0,100,5,100.0,0.0,100.0,0.0,100.0,0.0,100.0,0.0,100.0,0.0,80.0,20.0,100.0,0.0,100.0,0.0,85.0,30125.0,20,20,100,0,100,0,200,0,100.0,29943.0,100.0,55468000368.0,100.0,113469498054.0
2018-09-28,S301185Z,ST4000DM000,4000787030016,0,118,188739968,95,0,100,5,100,0,86,437907385,66,30102,100,0,100,5,100.0,0.0,100.0,0.0,100.0,0.0,100.0,0.0,100.0,0.0,80.0,20.0,100.0,0.0,100.0,0.0,85.0,30128.0,20,20,100,0,100,0,200,0,100.0,29966.0,100.0,55480286192.0,100.0,113612974217.0
2018-09-29,S301185Z,ST4000DM000,4000787030016,0,119,223754176,95,0,100,5,100,0,86,438909164,66,30126,100,0,100,5,100.0,0.0,100.0,0.0,100.0,0.0,100.0,0.0,100.0,0.0,80.0,20.0,100.0,0.0,100.0,0.0,85.0,30128.0,20,20,100,0,100,0,200,0,100.0,29990.0,100.0,55493850368.0,100.0,113747936761.0
2018-09-30,S301185Z,ST4000DM000,4000787030016,0,119,210925808,95,0,100,5,100,0,86,440183644,66,30150,100,0,100,5,100.0,0.0,100.0,0.0,100.0,0.0,100.0,0.0,100.0,0.0,80.0,20.0,100.0,0.0,100.0,0.0,85.0,30128.0,20,20,100,0,100,0,200,0,100.0,30014.0,100.0,55512736984.0,100.0,113904325065.0
2018-10-01,S301185Z,ST4000DM000,4000787030016,0,117,160423944,95,0,100,5,100,0,86,442988376,66,30174,100,0,100,5,100.0,0.0,100.0,0.0,100.0,0.0,100.0,0.0,100.0,0.0,80.0,20.0,100.0,0.0,100.0,0.0,85.0,30128.0,20,20,100,0,100,0,200,0,100.0,30038.0,100.0,55535040816.0,100.0,114147375330.0
2018-10-02,S301185Z,ST4000DM000,4000787030016,0,115,93615816,95,0,100,5,100,0,86,443994142,66,30198,100,0,100,5,100.0,0.0,100.0,0.0,100.0,0.0,100.0,0.0,100.0,0.0,80.0,20.0,100.0,0.0,100.0,0.0,85.0,30128.0,20,20,100,0,100,0,200,0,100.0,30062.0,100.0,55550254928.0,100.0,114280861624.0
2018-10-03,S301185Z,ST4000DM000,4000787030016,0,111,37081000,95,0,100,5,100,0,86,445639894,66,30221,100,0,100,5,100.0,0.0,100.0,0.0,100.0,0.0,100.0,0.0,100.0,0.0,80.0,20.0,100.0,0.0,100.0,0.0,85.0,30128.0,20,20,100,0,100,0,200,0,100.0,30085.0,100.0,55569656040.0,100.0,114413788005.0
2018-10-04,S301185Z,ST4000DM000,4000787030016,0,117.0,153358472.0,95.0,0.0,100.0,5.0,100.0,0.0,86.0,446390051.0,66.0,30245.0,100.0,0.0,100.0,5.0,100.0,0.0,100.0,0.0,100.0,0.0,100.0,0.0,100.0,0.0,80.0,20.0,100.0,0.0,100.0,0.0,85.0,30128.0,20.0,20.0,100.0,0.0,100.0,0.0,200.0,0.0,100.0,30109.0,100.0,55583208528.0,100.0,114445616122.0
2018-10-05,S301185Z,ST4000DM000,4000787030016,0,118,178363840,95,0,100,5,100,0,86,447464570,66,30270,100,0,100,5,100.0,0.0,100.0,0.0,100.0,0.0,100.0,0.0,100.0,0.0,81.0,19.0,100.0,0.0,100.0,0.0,85.0,30128.0,19,19,100,0,100,0,200,0,100.0,30134.0,100.0,55606857264.0,100.0,114563316468.0
2018-10-06,S301185Z,ST4000DM000,4000787030016,0,117,137398944,95,0,100,5,100,0,86,448325649,66,30294,100,0,100,5,100.0,0.0,100.0,0.0,100.0,0.0,100.0,0.0,100.0,0.0,80.0,20.0,100.0,0.0,100.0,0.0,85.0,30128.0,20,20,100,0,100,0,200,0,100.0,30158.0,100.0,55619420536.0,100.0,114665795922.0
2018-10-07,S301185Z,ST4000DM000,4000787030016,0,114,67012328,95,0,100,5,100,0,86,449350624,66,30318,100,0,100,5,100.0,0.0,100.0,0.0,100.0,0.0,100.0,0.0,100.0,0.0,80.0,20.0,100.0,0.0,100.0,0.0,85.0,30128.0,20,20,100,0,100,0,200,0,100.0,30182.0,100.0,55665534016.0,100.0,114752294209.0
2018-10-08,S301185Z,ST4000DM000,4000787030016,0,106,11222352,95,0,100,5,100,0,86,451824628,66,30342,100,0,100,5,100.0,0.0,100.0,0.0,100.0,0.0,100.0,0.0,100.0,0.0,80.0,20.0,100.0,0.0,100.0,0.0,85.0,30128.0,20,20,100,0,100,0,200,0,100.0,30206.0,100.0,55691230896.0,100.0,114908259145.0
2018-10-09,S301185Z,ST4000DM000,4000787030016,0,117.0,146967480.0,95.0,0.0,100.0,5.0,100.0,0.0,86.0,452883225.0,66.0,30366.0,100.0,0.0,100.0,5.0,100.0,0.0,100.0,0.0,100.0,0.0,100.0,0.0,100.0,0.0,80.0,20.0,100.0,0.0,100.0,0.0,85.0,30128.0,20.0,20.0,100.0,0.0,100.0,0.0,200.0,0.0,100.0,30230.0,100.0,55706900880.0,100.0,115036608343.0
2018-10-10,S301185Z,ST4000DM000,4000787030016,0,117,153599592,95,0,100,5,100,0,86,454308632,66,30389,100,0,100,5,100.0,0.0,100.0,0.0,100.0,0.0,100.0,0.0,100.0,0.0,80.0,20.0,100.0,0.0,100.0,0.0,85.0,30128.0,20,20,100,0,100,0,200,0,100.0,30253.0,100.0,55724020816.0,100.0,115133961458.0
2018-10-11,S301185Z,ST4000DM000,4000787030016,0,119,213507800,95,0,100,5,100,0,86,455639629,66,30413,100,0,100,5,100.0,0.0,100.0,0.0,100.0,0.0,100.0,0.0,100.0,0.0,80.0,20.0,100.0,0.0,100.0,0.0,85.0,30128.0,20,20,100,0,100,0,200,0,100.0,30277.0,100.0,55745012168.0,100.0,115223957657.0
2018-10-12,S301185Z,ST4000DM000,4000787030016,0,108,17396808,95,0,100,5,100,0,86,456888585,66,30437,100,0,100,5,100.0,0.0,100.0,0.0,100.0,0.0,100.0,0.0,100.0,0.0,80.0,20.0,100.0,0.0,100.0,0.0,85.0,30128.0,20,20,100,0,100,0,200,0,100.0,30301.0,100.0,55760628624.0,100.0,115361455103.0
2018-10-13,S301185Z,ST4000DM000,4000787030016,0,114,74661032,95,0,100,5,100,0,86,458130836,66,30462,100,0,100,5,100.0,0.0,100.0,0.0,100.0,0.0,100.0,0.0,100.0,0.0,80.0,20.0,100.0,0.0,100.0,0.0,85.0,30128.0,20,20,100,0,100,0,200,0,100.0,30326.0,100.0,55779344136.0,100.0,115491529024.0
2018-10-14,S301185Z,ST4000DM000,4000787030016,0,114,77944344,95,0,100,5,100,0,86,460856942,66,30486,100,0,100,5,100.0,0.0,100.0,0.0,100.0,0.0,100.0,0.0,100.0,0.0,80.0,20.0,100.0,0.0,100.0,0.0,85.0,30128.0,20,20,100,0,100,0,200,0,100.0,30350.0,100.0,55796537144.0,100.0,115635515850.0
2018-10-15,S301185Z,ST4000DM000,4000787030016,0,117,155573352,95,0,100,5,100,0,86,463032805,66,30510,100,0,100,5,100.0,0.0,100.0,0.0,100.0,0.0,100.0,0.0,100.0,0.0,80.0,20.0,100.0,0.0,100.0,0.0,85.0,30128.0,20,20,100,0,100,0,200,0,100.0,30374.0,100.0,55824001064.0,100.0,115773902663.0
2018-10-16,S301185Z,ST4000DM000,4000787030016,0,118,168802008,95,0,100,5,100,0,86,464380870,66,30534,100,0,100,5,100.0,0.0,100.0,0.0,100.0,0.0,100.0,0.0,100.0,0.0,80.0,20.0,100.0,0.0,100.0,0.0,85.0,30128.0,20,20,100,0,100,0,200,0,100.0,30398.0,100.0,55840787696.0,100.0,115927256433.0
2018-10-17,S301185Z,ST4000DM000,4000787030016,0,109,21147760,95,0,100,5,100,0,86,466405067,66,30558,100,0,100,5,100.0,0.0,100.0,0.0,100.0,0.0,100.0,0.0,100.0,0.0,80.0,20.0,100.0,0.0,100.0,0.0,85.0,30128.0,20,20,100,0,100,0,200,0,100.0,30422.0,100.0,55864968048.0,100.0,116052443761.0
2018-10-18,S301185Z,ST4000DM000,4000787030016,0,118,189281976,95,0,100,5,100,0,86,467923089,66,30585,100,0,100,5,100.0,0.0,100.0,0.0,100.0,0.0,100.0,0.0,100.0,0.0,80.0,20.0,100.0,0.0,100.0,0.0,85.0,30130.0,20,20,100,0,100,0,200,0,100.0,30449.0,100.0,55892788920.0,100.0,116168009211.0
2018-10-19,S301185Z,ST4000DM000,4000787030016,0,119,223311008,95,0,100,5,100,0,86,469089544,66,30609,100,0,100,5,100.0,0.0,100.0,0.0,100.0,0.0,100.0,0.0,100.0,0.0,80.0,20.0,100.0,0.0,100.0,0.0,85.0,30130.0,20,20,100,0,100,0,200,0,100.0,30473.0,100.0,55918741528.0,100.0,116304301472.0
2018-10-20,S301185Z,ST4000DM000,4000787030016,0,117,165805624,95,0,100,5,100,0,87,470302007,66,30633,100,0,100,5,100.0,0.0,100.0,0.0,100.0,0.0,100.0,0.0,100.0,0.0,80.0,20.0,100.0,0.0,100.0,0.0,85.0,30130.0,20,20,100,0,100,0,200,0,100.0,30497.0,100.0,55935932912.0,100.0,116453466739.0
2018-10-21,S301185Z,ST4000DM000,4000787030016,0,116,114752240,95,0,100,5,100,0,87,471331108,66,30657,100,0,100,5,100.0,0.0,100.0,0.0,100.0,0.0,100.0,0.0,100.0,0.0,80.0,20.0,100.0,0.0,100.0,0.0,85.0,30130.0,20,20,100,0,100,0,200,0,100.0,30521.0,100.0,55966561272.0,100.0,116549425913.0
2018-10-22,S301185Z,ST4000DM000,4000787030016,0,108,16669728,95,0,100,5,100,0,87,473392342,65,30681,100,0,100,5,100.0,0.0,100.0,0.0,100.0,0.0,100.0,0.0,100.0,0.0,81.0,19.0,100.0,0.0,100.0,0.0,85.0,30130.0,19,19,100,0,100,0,200,0,100.0,30545.0,100.0,55990243520.0,100.0,116655279344.0
2018-10-23,S301185Z,ST4000DM000,4000787030016,0,117,137298272,95,0,100,5,100,0,87,474198635,65,30704,100,0,100,5,100.0,0.0,100.0,0.0,100.0,0.0,100.0,0.0,100.0,0.0,80.0,20.0,100.0,0.0,100.0,0.0,85.0,30130.0,20,20,100,0,100,0,200,0,100.0,30568.0,100.0,56006230608.0,100.0,116722759772.0
2018-10-25,S301185Z,ST4000DM000,4000787030016,0,119,212703384,95,0,100,5,100,0,87,477266237,65,30754,100,0,100,5,100.0,0.0,100.0,0.0,100.0,0.0,100.0,0.0,100.0,0.0,80.0,20.0,100.0,0.0,100.0,0.0,85.0,30132.0,20,20,100,0,100,0,200,0,100.0,30618.0,100.0,56059262472.0,100.0,116930552797.0
2018-10-26,S301185Z,ST4000DM000,4000787030016,0,114,67339216,95,0,100,5,100,0,87,478686673,65,30778,100,0,100,5,100.0,0.0,100.0,0.0,100.0,0.0,100.0,0.0,100.0,0.0,80.0,20.0,100.0,0.0,100.0,0.0,85.0,30132.0,20,20,100,0,100,0,200,0,100.0,30642.0,100.0,56078304160.0,100.0,117076871651.0
2018-10-27,S301185Z,ST4000DM000,4000787030016,0,112,46620216,95,0,100,5,100,0,87,479803474,65,30802,100,0,100,5,100.0,0.0,100.0,0.0,100.0,0.0,100.0,0.0,100.0,0.0,80.0,20.0,100.0,0.0,100.0,0.0,85.0,30132.0,20,20,100,0,100,0,200,0,100.0,30666.0,100.0,56093605072.0,100.0,117175418120.0
2018-10-28,S301185Z,ST4000DM000,4000787030016,0,117,159804632,95,0,100,5,100,0,87,481179352,65,30826,100,0,100,5,100.0,0.0,100.0,0.0,100.0,0.0,100.0,0.0,100.0,0.0,80.0,20.0,100.0,0.0,100.0,0.0,85.0,30132.0,20,20,100,0,100,0,200,0,100.0,30690.0,100.0,56106833216.0,100.0,117291764174.0
2018-10-29,S301185Z,ST4000DM000,4000787030016,0,115,98683696,95,0,100,5,100,0,87,483660789,65,30849,100,0,100,5,100.0,0.0,100.0,0.0,100.0,0.0,100.0,0.0,100.0,0.0,80.0,20.0,100.0,0.0,100.0,0.0,85.0,30132.0,20,20,100,0,100,0,200,0,100.0,30713.0,100.0,56126725560.0,100.0,117408945979.0
2018-10-30,S301185Z,ST4000DM000,4000787030016,0,117,144179976,95,0,100,5,100,0,87,484750841,65,30873,100,0,100,5,100.0,0.0,100.0,0.0,100.0,0.0,100.0,0.0,100.0,0.0,80.0,20.0,100.0,0.0,100.0,0.0,85.0,30132.0,20,20,100,0,100,0,200,0,100.0,30737.0,100.0,56147585248.0,100.0,117510127894.0
2018-10-31,S301185Z,ST4000DM000,4000787030016,0,119,211171008,95.0,0.0,100.0,5.0,100.0,0.0,87.0,486564091.0,65,30898,100.0,0.0,100,5,100.0,0.0,100.0,0.0,100.0,0.0,100.0,0.0,100.0,0.0,80.0,20.0,100.0,0.0,100.0,0.0,85.0,30132.0,20,20,100.0,0.0,100.0,0.0,200.0,0.0,100.0,30762.0,100.0,56167055944.0,100.0,117609317659.0
2018-11-01,S301185Z,ST4000DM000,4000787030016,0,114,79116288,95.0,0.0,100.0,5.0,100.0,0.0,87.0,487306977.0,65,30920,100.0,0.0,100,5,100.0,0.0,100.0,0.0,100.0,0.0,100.0,0.0,100.0,0.0,78.0,22.0,100.0,0.0,100.0,0.0,85.0,30136.0,22,22,100.0,0.0,100.0,0.0,200.0,0.0,100.0,30784.0,100.0,56182150360.0,100.0,117688979005.0
2018-11-02,S301185Z,ST4000DM000,4000787030016,0,119,211025256,95.0,0.0,100.0,5.0,100.0,0.0,87.0,488253511.0,65,30944,100.0,0.0,100,5,100.0,0.0,100.0,0.0,100.0,0.0,100.0,0.0,100.0,0.0,79.0,21.0,100.0,0.0,100.0,0.0,85.0,30136.0,21,21,100.0,0.0,100.0,0.0,200.0,0.0,100.0,30808.0,100.0,56204806504.0,100.0,117800373296.0
2018-11-03,S301185Z,ST4000DM000,4000787030016,0,119,212124680,95.0,0.0,100.0,5.0,100.0,0.0,87.0,489054034.0,65,30969,100.0,0.0,100,5,100.0,0.0,100.0,0.0,100.0,0.0,100.0,0.0,100.0,0.0,80.0,20.0,100.0,0.0,100.0,0.0,85.0,30136.0,20,20,100.0,0.0,100.0,0.0,200.0,0.0,100.0,30833.0,100.0,56221404976.0,100.0,117908094165.0
2018-11-04,S301185Z,ST4000DM000,4000787030016,0,117,143515360,95.0,0.0,100.0,5.0,100.0,0.0,87.0,489649468.0,65,30992,100.0,0.0,100,5,100.0,0.0,100.0,0.0,100.0,0.0,100.0,0.0,100.0,0.0,80.0,20.0,100.0,0.0,100.0,0.0,85.0,30136.0,20,20,100.0,0.0,100.0,0.0,200.0,0.0,100.0,30856.0,100.0,56240648896.0,100.0,117980881847.0
2018-11-05,S301185Z,ST4000DM000,4000787030016,0,113,51415568,95.0,0.0,100.0,5.0,100.0,0.0,87.0,492621432.0,65,31016,100.0,0.0,100,5,100.0,0.0,100.0,0.0,100.0,0.0,100.0,0.0,100.0,0.0,80.0,20.0,100.0,0.0,100.0,0.0,85.0,30136.0,20,20,100.0,0.0,100.0,0.0,200.0,0.0,100.0,30880.0,100.0,56263311952.0,100.0,118095573856.0
2018-11-06,S301185Z,ST4000DM000,4000787030016,0,119.0,226255976.0,95.0,0.0,100.0,5.0,100.0,0.0,87.0,493232275.0,65.0,31040.0,100.0,0.0,100.0,5.0,100.0,0.0,100.0,0.0,100.0,0.0,100.0,0.0,100.0,0.0,80.0,20.0,100.0,0.0,100.0,0.0,85.0,30136.0,20.0,20.0,100.0,0.0,100.0,0.0,200.0,0.0,100.0,30904.0,100.0,56279681112.0,100.0,118233125796.0
2018-11-07,S301185Z,ST4000DM000,4000787030016,0,113.0,55740472.0,95.0,0.0,100.0,5.0,100.0,0.0,87.0,494655652.0,65.0,31064.0,100.0,0.0,100.0,5.0,100.0,0.0,100.0,0.0,100.0,0.0,100.0,0.0,100.0,0.0,80.0,20.0,100.0,0.0,100.0,0.0,85.0,30136.0,20.0,20.0,100.0,0.0,100.0,0.0,200.0,0.0,100.0,30928.0,100.0,56301002000.0,100.0,118350542926.0
2018-11-08,S301185Z,ST4000DM000,4000787030016,0,108.0,16752416.0,95.0,0.0,100.0,5.0,100.0,0.0,87.0,495698371.0,65.0,31091.0,100.0,0.0,100.0,5.0,100.0,0.0,100.0,0.0,100.0,0.0,100.0,0.0,100.0,0.0,81.0,19.0,100.0,0.0,100.0,0.0,85.0,30136.0,19.0,19.0,100.0,0.0,100.0,0.0,200.0,0.0,100.0,30955.0,100.0,56320698320.0,100.0,118517092994.0
2018-11-09,S301185Z,ST4000DM000,4000787030016,0,114,81984416,95.0,0.0,100.0,5.0,100.0,0.0,87.0,496674560.0,65,31115,100.0,0.0,100,5,100.0,0.0,100.0,0.0,100.0,0.0,100.0,0.0,100.0,0.0,81.0,19.0,100.0,0.0,100.0,0.0,85.0,30139.0,19,19,100.0,0.0,100.0,0.0,200.0,0.0,100.0,30979.0,100.0,56334639744.0,100.0,118654100531.0
2018-11-10,S301185Z,ST4000DM000,4000787030016,0,114,63087536,95.0,0.0,100.0,5.0,100.0,0.0,87.0,497524126.0,65,31139,100.0,0.0,100,5,100.0,0.0,100.0,0.0,100.0,0.0,100.0,0.0,100.0,0.0,81.0,19.0,100.0,0.0,100.0,0.0,85.0,30139.0,19,19,100.0,0.0,100.0,0.0,200.0,0.0,100.0,31003.0,100.0,56364121584.0,100.0,118812995292.0
2018-11-11,S301185Z,ST4000DM000,4000787030016,0,116,104443080,95.0,0.0,100.0,5.0,100.0,0.0,87.0,498180605.0,65,31164,100.0,0.0,100,5,100.0,0.0,100.0,0.0,100.0,0.0,100.0,0.0,100.0,0.0,81.0,19.0,100.0,0.0,100.0,0.0,85.0,30139.0,19,19,100.0,0.0,100.0,0.0,200.0,0.0,100.0,31028.0,100.0,56379249480.0,100.0,118977762325.0
2018-11-12,S301185Z,ST4000DM000,4000787030016,0,114,79137080,95.0,0.0,100.0,5.0,100.0,0.0,87.0,500303224.0,65,31187,100.0,0.0,100,5,100.0,0.0,100.0,0.0,100.0,0.0,100.0,0.0,100.0,0.0,81.0,19.0,100.0,0.0,100.0,0.0,85.0,30139.0,19,19,100.0,0.0,100.0,0.0,200.0,0.0,100.0,31051.0,100.0,56399380112.0,100.0,119166394028.0
2018-11-13,S301185Z,ST4000DM000,4000787030016,0,117,166528296,95.0,0.0,100.0,5.0,100.0,0.0,87.0,501334654.0,65,31211,100.0,0.0,100,5,100.0,0.0,100.0,0.0,100.0,0.0,100.0,0.0,100.0,0.0,81.0,19.0,100.0,0.0,100.0,0.0,85.0,30139.0,19,19,100.0,0.0,100.0,0.0,200.0,0.0,100.0,31075.0,100.0,56419452336.0,100.0,119316728068.0
2018-11-14,S301185Z,ST4000DM000,4000787030016,0,109,21300936,95.0,0.0,100.0,5.0,100.0,0.0,87.0,503430174.0,65,31235,100.0,0.0,100,5,100.0,0.0,100.0,0.0,100.0,0.0,100.0,0.0,100.0,0.0,80.0,20.0,100.0,0.0,100.0,0.0,85.0,30139.0,20,20,100.0,0.0,100.0,0.0,200.0,0.0,100.0,31099.0,100.0,56446917360.0,100.0,119447850299.0
2018-11-15,S301185Z,ST4000DM000,4000787030016,0,117,128713688,95.0,0.0,100.0,5.0,100.0,0.0,87.0,504371299.0,65,31259,100.0,0.0,100,5,100.0,0.0,100.0,0.0,100.0,0.0,100.0,0.0,100.0,0.0,80.0,20.0,100.0,0.0,100.0,0.0,85.0,30139.0,20,20,100.0,0.0,100.0,0.0,200.0,0.0,100.0,31123.0,100.0,56461280568.0,100.0,119582328505.0
2018-11-16,S301185Z,ST4000DM000,4000787030016,0,117,165163184,95.0,0.0,100.0,5.0,100.0,0.0,87.0,505791229.0,65,31284,100.0,0.0,100,5,100.0,0.0,100.0,0.0,100.0,0.0,100.0,0.0,100.0,0.0,80.0,20.0,100.0,0.0,100.0,0.0,85.0,30139.0,20,20,100.0,0.0,100.0,0.0,200.0,0.0,100.0,31148.0,100.0,56482445920.0,100.0,119761389889.0
2018-11-17,S301185Z,ST4000DM000,4000787030016,0,118.0,199135864.0,95.0,0.0,100.0,5.0,100.0,0.0,87.0,507152604.0,65.0,31308.0,100.0,0.0,100.0,5.0,100.0,0.0,100.0,0.0,100.0,0.0,100.0,0.0,100.0,0.0,80.0,20.0,100.0,0.0,100.0,0.0,85.0,30139.0,20.0,20.0,100.0,0.0,100.0,0.0,200.0,0.0,100.0,31172.0,100.0,56500721000.0,100.0,119921337354.0
2018-11-18,S301185Z,ST4000DM000,4000787030016,0,119,205958376,95.0,0.0,100.0,5.0,100.0,0.0,87.0,508575904.0,65,31331,100.0,0.0,100,5,100.0,0.0,100.0,0.0,100.0,0.0,100.0,0.0,100.0,0.0,80.0,20.0,100.0,0.0,100.0,0.0,85.0,30139.0,20,20,100.0,0.0,100.0,0.0,200.0,0.0,100.0,31195.0,100.0,56521143304.0,100.0,120054802571.0
2018-11-19,S301185Z,ST4000DM000,4000787030016,0,117,146389920,95.0,0.0,100.0,5.0,100.0,0.0,87.0,510841225.0,65,31355,100.0,0.0,100,5,100.0,0.0,100.0,0.0,100.0,0.0,100.0,0.0,100.0,0.0,80.0,20.0,100.0,0.0,100.0,0.0,85.0,30139.0,20,20,100.0,0.0,100.0,0.0,200.0,0.0,100.0,31219.0,100.0,56538531192.0,100.0,120224918461.0
2018-11-20,S301185Z,ST4000DM000,4000787030016,0,119,222971712,95.0,0.0,100.0,5.0,100.0,0.0,87.0,511640950.0,65,31379,100.0,0.0,100,5,100.0,0.0,100.0,0.0,100.0,0.0,100.0,0.0,100.0,0.0,80.0,20.0,100.0,0.0,100.0,0.0,85.0,30139.0,20,20,100.0,0.0,100.0,0.0,200.0,0.0,100.0,31243.0,100.0,56557820744.0,100.0,120324215567.0
2018-11-21,S301185Z,ST4000DM000,4000787030016,0,116,108946640,95.0,0.0,100.0,5.0,100.0,0.0,87.0,514433995.0,65,31403,100.0,0.0,100,5,100.0,0.0,100.0,0.0,100.0,0.0,100.0,0.0,100.0,0.0,80.0,20.0,100.0,0.0,100.0,0.0,85.0,30139.0,20,20,100.0,0.0,100.0,0.0,200.0,0.0,100.0,31267.0,100.0,56585506000.0,100.0,120426929076.0
2018-11-22,S301185Z,ST4000DM000,4000787030016,0,119,228094408,95.0,0.0,100.0,5.0,100.0,0.0,87.0,515599927.0,65,31427,100.0,0.0,100,5,100.0,0.0,100.0,0.0,100.0,0.0,100.0,0.0,100.0,0.0,79.0,21.0,100.0,0.0,100.0,0.0,85.0,30139.0,21,21,100.0,0.0,100.0,0.0,200.0,0.0,100.0,31291.0,100.0,56603965128.0,100.0,120529214080.0
2018-11-23,S301185Z,ST4000DM000,4000787030016,0,118,169491872,95.0,0.0,100.0,5.0,100.0,0.0,87.0,516869931.0,65,31452,100.0,0.0,100,5,100.0,0.0,100.0,0.0,100.0,0.0,100.0,0.0,100.0,0.0,80.0,20.0,100.0,0.0,100.0,0.0,85.0,30139.0,20,20,100.0,0.0,100.0,0.0,200.0,0.0,100.0,31316.0,100.0,56619614776.0,100.0,120693730612.0
2018-11-24,S301185Z,ST4000DM000,4000787030016,0,118,185758560,95.0,0.0,100.0,5.0,100.0,0.0,87.0,517456046.0,65,31476,100.0,0.0,100,5,100.0,0.0,100.0,0.0,100.0,0.0,100.0,0.0,100.0,0.0,80.0,20.0,100.0,0.0,100.0,0.0,85.0,30139.0,20,20,100.0,0.0,100.0,0.0,200.0,0.0,100.0,31340.0,100.0,56630827976.0,100.0,120754929447.0
2018-11-25,S301185Z,ST4000DM000,4000787030016,0,111,35979128,95.0,0.0,100.0,5.0,100.0,0.0,87.0,518635102.0,65,31500,100.0,0.0,100,5,100.0,0.0,100.0,0.0,100.0,0.0,100.0,0.0,100.0,0.0,80.0,20.0,100.0,0.0,100.0,0.0,85.0,30139.0,20,20,100.0,0.0,100.0,0.0,200.0,0.0,100.0,31364.0,100.0,56651332312.0,100.0,120895939540.0
2018-11-26,S301185Z,ST4000DM000,4000787030016,0,114,62468616,95.0,0.0,100.0,5.0,100.0,0.0,87.0,521072882.0,65,31523,100.0,0.0,100,5,100.0,0.0,100.0,0.0,100.0,0.0,100.0,0.0,100.0,0.0,80.0,20.0,100.0,0.0,100.0,0.0,85.0,30139.0,20,20,100.0,0.0,100.0,0.0,200.0,0.0,100.0,31387.0,100.0,56675964096.0,100.0,121059587440.0
2018-11-27,S301185Z,ST4000DM000,4000787030016,0,113,58460696,95.0,0.0,100.0,5.0,100.0,0.0,87.0,522292062.0,64,31548,100.0,0.0,100,5,100.0,0.0,100.0,0.0,100.0,0.0,100.0,0.0,100.0,0.0,80.0,20.0,100.0,0.0,100.0,0.0,85.0,30139.0,20,20,100.0,0.0,100.0,0.0,200.0,0.0,100.0,31412.0,100.0,56692798712.0,100.0,121207577696.0
2018-11-28,S301185Z,ST4000DM000,4000787030016,0,118,174515024,95.0,0.0,100.0,5.0,100.0,0.0,87.0,524626961.0,64,31571,100.0,0.0,100,5,100.0,0.0,100.0,0.0,100.0,0.0,100.0,0.0,100.0,0.0,79.0,21.0,100.0,0.0,100.0,0.0,85.0,30139.0,21,21,100.0,0.0,100.0,0.0,200.0,0.0,100.0,31435.0,100.0,56709592008.0,100.0,121390061154.0
2018-11-29,S301185Z,ST4000DM000,4000787030016,0,119,229390120,95.0,0.0,100.0,5.0,100.0,0.0,87.0,525656080.0,64,31596,100.0,0.0,100,5,100.0,0.0,100.0,0.0,100.0,0.0,100.0,0.0,100.0,0.0,82.0,18.0,100.0,0.0,100.0,0.0,85.0,30139.0,18,18,100.0,0.0,100.0,0.0,200.0,0.0,100.0,31460.0,100.0,56721673936.0,100.0,121533350459.0
2018-11-30,S301185Z,ST4000DM000,4000787030016,0,120,236548664,95.0,0.0,100.0,5.0,100.0,0.0,87.0,527754608.0,64,31620,100.0,0.0,100,5,100.0,0.0,100.0,0.0,100.0,0.0,100.0,0.0,100.0,0.0,82.0,18.0,100.0,0.0,100.0,0.0,85.0,30139.0,18,18,100.0,0.0,100.0,0.0,200.0,0.0,100.0,31484.0,100.0,56741904000.0,100.0,121658871581.0
2018-12-01,S301185Z,ST4000DM000,4000787030016,0,119,207190336,95.0,0.0,100.0,5.0,100.0,0.0,87.0,528314198.0,64,31637,100.0,0.0,100,5,100.0,0.0,100.0,0.0,100.0,0.0,100.0,0.0,100.0,0.0,82.0,18.0,100.0,0.0,100.0,0.0,85.0,30140.0,18,18,100.0,0.0,100.0,0.0,200.0,0.0,100.0,31501.0,100.0,56750168160.0,100.0,121724353327.0
2018-12-02,S301185Z,ST4000DM000,4000787030016,0,117,126923472,95.0,0.0,100.0,5.0,100.0,0.0,87.0,529380434.0,64,31660,100.0,0.0,100,5,100.0,0.0,100.0,0.0,100.0,0.0,100.0,0.0,100.0,0.0,82.0,18.0,100.0,0.0,100.0,0.0,85.0,30140.0,18,18,100.0,0.0,100.0,0.0,200.0,0.0,100.0,31524.0,100.0,56782897280.0,100.0,121836296318.0
2018-12-03,S301185Z,ST4000DM000,4000787030016,0,115,88484336,95.0,0.0,100.0,5.0,100.0,0.0,87.0,531753448.0,64,31684,100.0,0.0,100,5,100.0,0.0,100.0,0.0,100.0,0.0,100.0,0.0,100.0,0.0,82.0,18.0,100.0,0.0,100.0,0.0,85.0,30140.0,18,18,100.0,0.0,100.0,0.0,200.0,0.0,100.0,31548.0,100.0,56810659384.0,100.0,122012832311.0
2018-12-04,S301185Z,ST4000DM000,4000787030016,0,118,178937480,95.0,0.0,100.0,5.0,100.0,0.0,87.0,532666694.0,64,31709,100.0,0.0,100,5,100.0,0.0,100.0,0.0,100.0,0.0,100.0,0.0,100.0,0.0,82.0,18.0,100.0,0.0,100.0,0.0,85.0,30140.0,18,18,100.0,0.0,100.0,0.0,200.0,0.0,100.0,31572.0,100.0,56827528408.0,100.0,122120891461.0
2018-12-05,S301185Z,ST4000DM000,4000787030016,0,109.0,23001344.0,95.0,0.0,100.0,5.0,100.0,0.0,87.0,533952944.0,64.0,31732.0,100.0,0.0,100.0,5.0,100.0,0.0,100.0,0.0,100.0,0.0,100.0,0.0,100.0,0.0,82.0,18.0,100.0,0.0,100.0,0.0,85.0,30140.0,18.0,18.0,100.0,0.0,100.0,0.0,200.0,0.0,100.0,31596.0,100.0,56850488576.0,100.0,122223055515.0
2018-12-06,S301185Z,ST4000DM000,4000787030016,0,120,1884544,95.0,0.0,100.0,5.0,100.0,0.0,87.0,535689827.0,64,31761,100.0,0.0,100,5,100.0,0.0,100.0,0.0,100.0,0.0,100.0,0.0,100.0,0.0,82.0,18.0,100.0,0.0,100.0,0.0,85.0,30140.0,18,18,100.0,0.0,100.0,0.0,200.0,0.0,100.0,31625.0,100.0,56887315656.0,100.0,122332505171.0
2018-12-07,S301185Z,ST4000DM000,4000787030016,0,111,40393896,95.0,0.0,100.0,5.0,100.0,0.0,87.0,536694152.0,64,31785,100.0,0.0,100,5,100.0,0.0,100.0,0.0,100.0,0.0,100.0,0.0,100.0,0.0,82.0,18.0,100.0,0.0,100.0,0.0,85.0,30140.0,18,18,100.0,0.0,100.0,0.0,200.0,0.0,100.0,31649.0,100.0,56915023552.0,100.0,122434717301.0
2018-12-08,S301185Z,ST4000DM000,4000787030016,0,118,177012472,95.0,0.0,100.0,5.0,100.0,0.0,87.0,537910043.0,64,31810,100.0,0.0,100,5,100.0,0.0,100.0,0.0,100.0,0.0,100.0,0.0,100.0,0.0,82.0,18.0,100.0,0.0,100.0,0.0,85.0,30140.0,18,18,100.0,0.0,100.0,0.0,200.0,0.0,100.0,31674.0,100.0,56929491424.0,100.0,122572323074.0
2018-12-09,S301185Z,ST4000DM000,4000787030016,0,118,168049520,95.0,0.0,100.0,5.0,100.0,0.0,87.0,538791823.0,64,31833,100.0,0.0,100,5,100.0,0.0,100.0,0.0,100.0,0.0,100.0,0.0,100.0,0.0,82.0,18.0,100.0,0.0,100.0,0.0,85.0,30140.0,18,18,100.0,0.0,100.0,0.0,200.0,0.0,100.0,31697.0,100.0,56941562752.0,100.0,122674457013.0
2018-12-10,S301185Z,ST4000DM000,4000787030016,0,117,142979880,95.0,0.0,100.0,5.0,100.0,0.0,87.0,541657073.0,64,31857,100.0,0.0,100,5,100.0,0.0,100.0,0.0,100.0,0.0,100.0,0.0,100.0,0.0,82.0,18.0,100.0,0.0,100.0,0.0,85.0,30140.0,18,18,100.0,0.0,100.0,0.0,200.0,0.0,100.0,31721.0,100.0,56961725008.0,100.0,122810499442.0
2018-12-11,S301185Z,ST4000DM000,4000787030016,0,117,126490296,95.0,0.0,100.0,5.0,100.0,0.0,87.0,542760415.0,64,31882,100.0,0.0,100,5,100.0,0.0,100.0,0.0,100.0,0.0,100.0,0.0,100.0,0.0,82.0,18.0,100.0,0.0,100.0,0.0,85.0,30140.0,18,18,100.0,0.0,100.0,0.0,200.0,0.0,100.0,31746.0,100.0,56976735912.0,100.0,122932328844.0
2018-12-12,S301185Z,ST4000DM000,4000787030016,0,111,30711448,95.0,0.0,100.0,5.0,100.0,0.0,87.0,544748597.0,64,31906,100.0,0.0,100,5,100.0,0.0,100.0,0.0,100.0,0.0,100.0,0.0,100.0,0.0,82.0,18.0,100.0,0.0,100.0,0.0,85.0,30140.0,18,18,100.0,0.0,100.0,0.0,200.0,0.0,100.0,31769.0,100.0,57004412488.0,100.0,123038411159.0
2018-12-13,S301185Z,ST4000DM000,4000787030016,0,111,35848416,95.0,0.0,100.0,5.0,100.0,0.0,87.0,545840419.0,64,31930,100.0,0.0,100,5,100.0,0.0,100.0,0.0,100.0,0.0,100.0,0.0,100.0,0.0,81.0,19.0,100.0,0.0,100.0,0.0,85.0,30140.0,19,19,100.0,0.0,100.0,0.0,200.0,0.0,100.0,31794.0,100.0,57026156248.0,100.0,123152573340.0
2018-12-14,S301185Z,ST4000DM000,4000787030016,0,102,4572384,95.0,0.0,100.0,5.0,100.0,0.0,87.0,546815709.0,64,31954,100.0,0.0,100,5,100.0,0.0,100.0,0.0,100.0,0.0,100.0,0.0,100.0,0.0,81.0,19.0,100.0,0.0,100.0,0.0,85.0,30140.0,19,19,100.0,0.0,100.0,0.0,200.0,0.0,100.0,31818.0,100.0,57044013632.0,100.0,123264258592.0
2018-12-15,S301185Z,ST4000DM000,4000787030016,0,115,92919376,95.0,0.0,100.0,5.0,100.0,0.0,87.0,548019972.0,64,31977,100.0,0.0,100,5,100.0,0.0,100.0,0.0,100.0,0.0,100.0,0.0,100.0,0.0,81.0,19.0,100.0,0.0,100.0,0.0,85.0,30140.0,19,19,100.0,0.0,100.0,0.0,200.0,0.0,100.0,31841.0,100.0,57056993664.0,100.0,123403111948.0
2018-12-16,S301185Z,ST4000DM000,4000787030016,0,117,166918464,95.0,0.0,100.0,5.0,100.0,0.0,87.0,549307495.0,64,32001,100.0,0.0,100,5,100.0,0.0,100.0,0.0,100.0,0.0,100.0,0.0,100.0,0.0,81.0,19.0,100.0,0.0,100.0,0.0,85.0,30140.0,19,19,100.0,0.0,100.0,0.0,200.0,0.0,100.0,31865.0,100.0,57072355872.0,100.0,123529837286.0
2018-12-17,S301185Z,ST4000DM000,4000787030016,0,103,5965624,95.0,0.0,100.0,5.0,100.0,0.0,87.0,551690399.0,64,32026,100.0,0.0,100,5,100.0,0.0,100.0,0.0,100.0,0.0,100.0,0.0,100.0,0.0,81.0,19.0,100.0,0.0,100.0,0.0,85.0,30140.0,19,19,100.0,0.0,100.0,0.0,200.0,0.0,100.0,31890.0,100.0,57095591664.0,100.0,123654420100.0
2018-12-18,S301185Z,ST4000DM000,4000787030016,0,116,105018064,95.0,0.0,100.0,5.0,100.0,0.0,87.0,552653949.0,64,32050,100.0,0.0,100,5,100.0,0.0,100.0,0.0,100.0,0.0,100.0,0.0,100.0,0.0,81.0,19.0,100.0,0.0,100.0,0.0,85.0,30140.0,19,19,100.0,0.0,100.0,0.0,200.0,0.0,100.0,31914.0,100.0,57111012592.0,100.0,123756232690.0
2018-12-19,S301185Z,ST4000DM000,4000787030016,0,106,11069712,95.0,0.0,100.0,5.0,100.0,0.0,87.0,554406480.0,64,32073,100.0,0.0,100,5,100.0,0.0,100.0,0.0,100.0,0.0,100.0,0.0,100.0,0.0,81.0,19.0,100.0,0.0,100.0,0.0,85.0,30140.0,19,19,100.0,0.0,100.0,0.0,200.0,0.0,100.0,31937.0,100.0,57132579944.0,100.0,123818837213.0
2018-12-20,S301185Z,ST4000DM000,4000787030016,0,115,89414784,95.0,0.0,100.0,5.0,100.0,0.0,87.0,555247471.0,64,32097,100.0,0.0,100,5,100.0,0.0,100.0,0.0,100.0,0.0,100.0,0.0,100.0,0.0,81.0,19.0,100.0,0.0,100.0,0.0,85.0,30140.0,19,19,100.0,0.0,100.0,0.0,200.0,0.0,100.0,31961.0,100.0,57151555600.0,100.0,123881634996.0
2018-12-21,S301185Z,ST4000DM000,4000787030016,0,109,25115928,95.0,0.0,100.0,5.0,100.0,0.0,87.0,556342282.0,64,32121,100.0,0.0,100,5,100.0,0.0,100.0,0.0,100.0,0.0,100.0,0.0,100.0,0.0,81.0,19.0,100.0,0.0,100.0,0.0,85.0,30140.0,19,19,100.0,0.0,100.0,0.0,200.0,0.0,100.0,31985.0,100.0,57168980312.0,100.0,123988639952.0
2018-12-22,S301185Z,ST4000DM000,4000787030016,0,118,175383856,95.0,0.0,100.0,5.0,100.0,0.0,87.0,557886576.0,64,32146,100.0,0.0,100,5,100.0,0.0,100.0,0.0,100.0,0.0,100.0,0.0,100.0,0.0,81.0,19.0,100.0,0.0,100.0,0.0,85.0,30140.0,19,19,100.0,0.0,100.0,0.0,200.0,0.0,100.0,32010.0,100.0,57200024184.0,100.0,124139349277.0
2018-12-23,S301185Z,ST4000DM000,4000787030016,0,117,162151472,95.0,0.0,100.0,5.0,100.0,0.0,87.0,558841598.0,64,32169,100.0,0.0,100,5,100.0,0.0,100.0,0.0,100.0,0.0,100.0,0.0,100.0,0.0,81.0,19.0,100.0,0.0,100.0,0.0,85.0,30140.0,19,19,100.0,0.0,100.0,0.0,200.0,0.0,100.0,32033.0,100.0,57213315000.0,100.0,124223005174.0
2018-12-24,S301185Z,ST4000DM000,4000787030016,0,120,238532968,95.0,0.0,100.0,5.0,100.0,0.0,87.0,561431172.0,64,32194,100.0,0.0,100,5,100.0,0.0,100.0,0.0,100.0,0.0,100.0,0.0,100.0,0.0,81.0,19.0,100.0,0.0,100.0,0.0,85.0,30140.0,19,19,100.0,0.0,100.0,0.0,200.0,0.0,100.0,32058.0,100.0,57233517176.0,100.0,124364419346.0
2018-12-25,S301185Z,ST4000DM000,4000787030016,0,117,149147200,95.0,0.0,100.0,5.0,100.0,0.0,87.0,562803748.0,64,32217,100.0,0.0,100,5,100.0,0.0,100.0,0.0,100.0,0.0,100.0,0.0,100.0,0.0,81.0,19.0,100.0,0.0,100.0,0.0,85.0,30140.0,19,19,100.0,0.0,100.0,0.0,200.0,0.0,100.0,32081.0,100.0,57242446136.0,100.0,124453369974.0
2018-12-26,S301185Z,ST4000DM000,4000787030016,0,111,36336400,95.0,0.0,100.0,5.0,100.0,0.0,87.0,564557496.0,64,32242,100.0,0.0,100,5,100.0,0.0,100.0,0.0,100.0,0.0,100.0,0.0,100.0,0.0,81.0,19.0,100.0,0.0,100.0,0.0,85.0,30140.0,19,19,100.0,0.0,100.0,0.0,200.0,0.0,100.0,32106.0,100.0,57258996536.0,100.0,124551152954.0
2018-12-27,S301185Z,ST4000DM000,4000787030016,0,111,40935072,95.0,0.0,100.0,5.0,100.0,0.0,87.0,565104676.0,64,32265,100.0,0.0,100,5,100.0,0.0,100.0,0.0,100.0,0.0,100.0,0.0,100.0,0.0,81.0,19.0,100.0,0.0,100.0,0.0,85.0,30140.0,19,19,100.0,0.0,100.0,0.0,200.0,0.0,100.0,32129.0,100.0,57273807960.0,100.0,124613407582.0
2018-12-28,S301185Z,ST4000DM000,4000787030016,0,117,143882928,95.0,0.0,100.0,5.0,100.0,0.0,87.0,565939136.0,64,32289,100.0,0.0,100,5,100.0,0.0,100.0,0.0,100.0,0.0,100.0,0.0,100.0,0.0,81.0,19.0,100.0,0.0,100.0,0.0,85.0,30140.0,19,19,100.0,0.0,100.0,0.0,200.0,0.0,100.0,32153.0,100.0,57288735024.0,100.0,124731303196.0
2018-12-29,S301185Z,ST4000DM000,4000787030016,0,117,121153368,95.0,0.0,100.0,5.0,100.0,0.0,87.0,566568332.0,64,32313,100.0,0.0,100,5,100.0,0.0,100.0,0.0,100.0,0.0,100.0,0.0,100.0,0.0,81.0,19.0,100.0,0.0,100.0,0.0,85.0,30140.0,19,19,100.0,0.0,100.0,0.0,200.0,0.0,100.0,32177.0,100.0,57303565448.0,100.0,124814229633.0
2018-12-30,S301185Z,ST4000DM000,4000787030016,0,114,66940184,95.0,0.0,100.0,5.0,100.0,0.0,87.0,567157020.0,64,32338,100.0,0.0,100,5,100.0,0.0,100.0,0.0,100.0,0.0,100.0,0.0,100.0,0.0,82.0,18.0,100.0,0.0,100.0,0.0,85.0,30140.0,18,18,100.0,0.0,100.0,0.0,200.0,0.0,100.0,32202.0,100.0,57320905576.0,100.0,124897239342.0
2018-12-31,S301185Z,ST4000DM000,4000787030016,0,115,86954288,95.0,0.0,100.0,5.0,100.0,0.0,87.0,570842666.0,64,32361,100.0,0.0,100,5,100.0,0.0,100.0,0.0,100.0,0.0,100.0,0.0,100.0,0.0,81.0,19.0,100.0,0.0,100.0,0.0,85.0,30140.0,19,19,100.0,0.0,100.0,0.0,200.0,0.0,100.0,32225.0,100.0,57340458664.0,100.0,125037278734.0
