2018-01-01,S301PRC9,ST4000DM000,4000787030016,0,118,185872080,97,0,100,3,100,0,89,860846047,79,19083,100,0,100,3,100.0,0.0,100.0,0.0,100.0,0.0,100.0,0.0,100.0,0.0,78.0,22.0,100.0,0.0,100.0,0.0,96.0,9091.0,22,22,100,0,100,0,200,0,100.0,19013.0,100.0,41672669112.0,100.0,78206985515.0
2018-01-02,S301PRC9,ST4000DM000,4000787030016,0,111,34185232,97,0,100,3,100,0,89,862572152,79,19108,100,0,100,3,100.0,0.0,100.0,0.0,100.0,0.0,100.0,0.0,100.0,0.0,78.0,22.0,100.0,0.0,100.0,0.0,96.0,9091.0,22,22,100,0,100,0,200,0,100.0,19037.0,100.0,41701146936.0,100.0,78367158753.0
2018-01-03,S301PRC9,ST4000DM000,4000787030016,0,117,159787480,97,0,100,3,100,0,89,863784980,79,19132,100,0,100,3,100.0,0.0,100.0,0.0,100.0,0.0,100.0,0.0,100.0,0.0,79.0,21.0,100.0,0.0,100.0,0.0,96.0,9091.0,21,21,100,0,100,0,200,0,100.0,19061.0,100.0,41726278496.0,100.0,78483158445.0
2018-01-04,S301PRC9,ST4000DM000,4000787030016,0,112,48544064,97,0,100,3,100,0,89,865920977,79,19160,100,0,100,3,100.0,0.0,100.0,0.0,100.0,0.0,100.0,0.0,100.0,0.0,78.0,22.0,100.0,0.0,100.0,0.0,96.0,9094.0,22,22,100,0,100,0,200,0,100.0,19089.0,100.0,41756678504.0,100.0,78653896168.0
2018-01-05,S301PRC9,ST4000DM000,4000787030016,0,117.0,120906528.0,97.0,0.0,100.0,3.0,100.0,0.0,89.0,868208481.0,79.0,19184.0,100.0,0.0,100.0,3.0,100.0,0.0,100.0,0.0,100.0,0.0,100.0,0.0,100.0,0.0,78.0,22.0,100.0,0.0,100.0,0.0,96.0,9094.0,22.0,22.0,100.0,0.0,100.0,0.0,200.0,0.0,100.0,19113.0,100.0,41795835848.0,100.0,78798011897.0
2018-01-06,S301PRC9,ST4000DM000,4000787030016,0,117,125729288,97,0,100,3,100,0,89,870418845,79,19208,100,0,100,3,100.0,0.0,100.0,0.0,100.0,0.0,100.0,0.0,100.0,0.0,79.0,21.0,100.0,0.0,100.0,0.0,96.0,9094.0,21,21,100,0,100,0,200,0,100.0,19137.0,100.0,41826556776.0,100.0,78926624848.0
2018-01-07,S301PRC9,ST4000DM000,4000787030016,0,117,162657344,97,0,100,3,100,0,89,872404453,79,19232,100,0,100,3,100.0,0.0,100.0,0.0,100.0,0.0,100.0,0.0,100.0,0.0,78.0,22.0,100.0,0.0,100.0,0.0,96.0,9094.0,22,22,100,0,100,0,200,0,100.0,19161.0,100.0,41861479376.0,100.0,78989109025.0
2018-01-08,S301PRC9,ST4000DM000,4000787030016,0,120,2265376,97,0,100,3,100,0,89,873802141,79,19256,100,0,100,3,100.0,0.0,100.0,0.0,100.0,0.0,100.0,0.0,100.0,0.0,78.0,22.0,100.0,0.0,100.0,0.0,96.0,9094.0,22,22,100,0,100,0,200,0,100.0,19185.0,100.0,41878218968.0,100.0,79124164598.0
2018-01-09,S301PRC9,ST4000DM000,4000787030016,0,114,72979112,97,0,100,3,100,0,89,874624106,79,19268,100,0,100,3,100.0,0.0,100.0,0.0,100.0,0.0,100.0,0.0,100.0,0.0,79.0,21.0,100.0,0.0,100.0,0.0,96.0,9094.0,21,21,100,0,100,0,200,0,100.0,19197.0,100.0,41893320240.0,100.0,79178953271.0
2018-01-10,S301PRC9,ST4000DM000,4000787030016,0,114,68730128,97,0,100,3,100,0,89,876287562,78,19296,100,0,100,3,100.0,0.0,100.0,0.0,100.0,0.0,100.0,0.0,100.0,0.0,78.0,22.0,100.0,0.0,100.0,0.0,96.0,9094.0,22,22,100,0,100,0,200,0,100.0,19225.0,100.0,41907783000.0,100.0,79327011793.0
2018-01-11,S301PRC9,ST4000DM000,4000787030016,0,115,92460968,97,0,100,3,100,0,89,878954498,78,19325,100,0,100,3,100.0,0.0,100.0,0.0,100.0,0.0,100.0,0.0,100.0,0.0,78.0,22.0,100.0,0.0,100.0,0.0,96.0,9099.0,22,22,100,0,100,0,200,0,100.0,19255.0,100.0,41914126136.0,100.0,79490708927.0
2018-01-12,S301PRC9,ST4000DM000,4000787030016,0,112,46956048,97,0,100,3,100,0,89,880329976,78,19349,100,0,100,3,100.0,0.0,100.0,0.0,100.0,0.0,100.0,0.0,100.0,0.0,77.0,23.0,100.0,0.0,100.0,0.0,96.0,9099.0,23,23,100,0,100,0,200,0,100.0,19278.0,100.0,41922797712.0,100.0,79607389102.0
2018-01-13,S301PRC9,ST4000DM000,4000787030016,0,116.0,115384304.0,97.0,0.0,100.0,3.0,100,0,89.0,881197263.0,78,19374,100.0,0.0,100,3,100.0,0.0,100.0,0.0,100.0,0.0,100.0,0.0,100.0,0.0,78.0,22.0,100.0,0.0,100.0,0.0,96.0,9099.0,22.0,22.0,100.0,0.0,100.0,0.0,200,0,100.0,19303.0,100.0,41929613160.0,100.0,79703683096.0
2018-01-14,S301PRC9,ST4000DM000,4000787030016,0,107.0,13904336.0,97.0,0.0,100.0,3.0,100,0,89.0,882801897.0,78,19398,100.0,0.0,100,3,100.0,0.0,100.0,0.0,100.0,0.0,100.0,0.0,100.0,0.0,78.0,22.0,100.0,0.0,100.0,0.0,96.0,9099.0,22.0,22.0,100.0,0.0,100.0,0.0,200,0,100.0,19327.0,100.0,41938372360.0,100.0,79803113429.0
2018-01-15,S301PRC9,ST4000DM000,4000787030016,0,120.0,75848.0,97.0,0.0,100.0,3.0,100,0,89.0,883796643.0,78,19422,100.0,0.0,100,3,100.0,0.0,100.0,0.0,100.0,0.0,100.0,0.0,100.0,0.0,77.0,23.0,100.0,0.0,100.0,0.0,96.0,9099.0,23.0,23.0,100.0,0.0,100.0,0.0,200,0,100.0,19351.0,100.0,41942843992.0,100.0,79927134671.0
2018-01-16,S301PRC9,ST4000DM000,4000787030016,0,114.0,81780360.0,97.0,0.0,100.0,3.0,100,0,89.0,884421967.0,78,19446,100.0,0.0,100,3,100.0,0.0,100.0,0.0,100.0,0.0,100.0,0.0,100.0,0.0,77.0,23.0,100.0,0.0,100.0,0.0,96.0,9099.0,23.0,23.0,100.0,0.0,100.0,0.0,200,0,100.0,19375.0,100.0,41946691584.0,100.0,80000033802.0
2018-01-17,S301PRC9,ST4000DM000,4000787030016,0,119.0,230914008.0,97.0,0.0,100.0,3.0,100,0,89.0,886646767.0,78,19470,100.0,0.0,100,3,100.0,0.0,100.0,0.0,100.0,0.0,100.0,0.0,100.0,0.0,78.0,22.0,100.0,0.0,100.0,0.0,96.0,9099.0,22.0,22.0,100.0,0.0,100.0,0.0,200,0,100.0,19399.0,100.0,41955942896.0,100.0,80110922363.0
2018-01-18,S301PRC9,ST4000DM000,4000787030016,0,117.0,143903992.0,97.0,0.0,100.0,3.0,100.0,0.0,89.0,887471902.0,78.0,19485.0,100.0,0.0,100.0,3.0,100.0,0.0,100.0,0.0,100.0,0.0,100.0,0.0,100.0,0.0,78.0,22.0,100.0,0.0,100.0,0.0,96.0,9099.0,22.0,22.0,100.0,0.0,100.0,0.0,200.0,0.0,100.0,19414.0,100.0,41959584480.0,100.0,80183596822.0
2018-01-19,S301PRC9,ST4000DM000,4000787030016,0,116.0,102025536.0,97.0,0.0,100.0,3.0,100.0,0.0,89.0,889170862.0,78.0,19508.0,100.0,0.0,100.0,3.0,100.0,0.0,100.0,0.0,100.0,0.0,100.0,0.0,100.0,0.0,78.0,22.0,100.0,0.0,100.0,0.0,96.0,9102.0,22.0,22.0,100.0,0.0,100.0,0.0,200.0,0.0,100.0,19437.0,100.0,41967353728.0,100.0,80311248885.0
2018-01-20,S301PRC9,ST4000DM000,4000787030016,0,115.0,93690608.0,97.0,0.0,100.0,3.0,100,0,89.0,890601786.0,78,19532,100.0,0.0,100,3,100.0,0.0,100.0,0.0,100.0,0.0,100.0,0.0,100.0,0.0,78.0,22.0,100.0,0.0,100.0,0.0,96.0,9102.0,22.0,22.0,100.0,0.0,100.0,0.0,200,0,100.0,19462.0,100.0,41998361280.0,100.0,80448116707.0
2018-01-21,S301PRC9,ST4000DM000,4000787030016,0,118.0,179769968.0,97.0,0.0,100.0,3.0,100,0,89.0,892503341.0,78,19557,100.0,0.0,100,3,100.0,0.0,100.0,0.0,100.0,0.0,100.0,0.0,100.0,0.0,78.0,22.0,100.0,0.0,100.0,0.0,96.0,9102.0,22.0,22.0,100.0,0.0,100.0,0.0,200,0,100.0,19486.0,100.0,42018128880.0,100.0,80565389055.0
2018-01-22,S301PRC9,ST4000DM000,4000787030016,0,116.0,112593744.0,97.0,0.0,100.0,3.0,100,0,89.0,893536568.0,78,19581,100.0,0.0,100,3,100.0,0.0,100.0,0.0,100.0,0.0,100.0,0.0,100.0,0.0,79.0,21.0,100.0,0.0,100.0,0.0,96.0,9102.0,21.0,21.0,100.0,0.0,100.0,0.0,200,0,100.0,19510.0,100.0,42027947600.0,100.0,80673334314.0
2018-01-23,S301PRC9,ST4000DM000,4000787030016,0,119.0,223832952.0,97.0,0.0,100.0,3.0,100,0,89.0,894812346.0,78,19604,100.0,0.0,100,3,100.0,0.0,100.0,0.0,100.0,0.0,100.0,0.0,100.0,0.0,78.0,22.0,100.0,0.0,100.0,0.0,96.0,9102.0,22.0,22.0,100.0,0.0,100.0,0.0,200,0,100.0,19533.0,100.0,42039030264.0,100.0,80800955068.0
2018-01-24,S301PRC9,ST4000DM000,4000787030016,0,117.0,133661800.0,97.0,0.0,100.0,3.0,100,0,89.0,896919785.0,78,19625,100.0,0.0,100,3,100.0,0.0,100.0,0.0,100.0,0.0,100.0,0.0,100.0,0.0,78.0,22.0,100.0,0.0,100.0,0.0,96.0,9102.0,22.0,22.0,100.0,0.0,100.0,0.0,200,0,100.0,19554.0,100.0,42048555648.0,100.0,80924144544.0
2018-01-25,S301PRC9,ST4000DM000,4000787030016,0,118.0,168162504.0,97.0,0.0,100.0,3.0,100,0,89.0,898038892.0,78,19653,100.0,0.0,100,3,100.0,0.0,100.0,0.0,100.0,0.0,100.0,0.0,100.0,0.0,79.0,21.0,100.0,0.0,100.0,0.0,96.0,9102.0,21.0,21.0,100.0,0.0,100.0,0.0,200,0,100.0,19582.0,100.0,42056774464.0,100.0,81008732320.0
2018-01-26,S301PRC9,ST4000DM000,4000787030016,0,118.0,186997256.0,97.0,0.0,100.0,3.0,100,0,89.0,901937515.0,78,19677,100.0,0.0,100,3,100.0,0.0,100.0,0.0,100.0,0.0,100.0,0.0,100.0,0.0,79.0,21.0,100.0,0.0,100.0,0.0,96.0,9106.0,21.0,21.0,100.0,0.0,100.0,0.0,200,0,100.0,19606.0,100.0,42066586072.0,100.0,82004189896.0
2018-01-27,S301PRC9,ST4000DM000,4000787030016,0,111.0,33907520.0,97.0,0.0,100.0,3.0,100,0,89.0,905937994.0,78,19701,100.0,0.0,100,3,100.0,0.0,100.0,0.0,100.0,0.0,100.0,0.0,100.0,0.0,79.0,21.0,100.0,0.0,100.0,0.0,96.0,9106.0,21.0,21.0,100.0,0.0,100.0,0.0,200,0,100.0,19630.0,100.0,42076264696.0,100.0,82804175162.0
2018-01-28,S301PRC9,ST4000DM000,4000787030016,0,116.0,106158712.0,97.0,0.0,100.0,3.0,100,0,89.0,910102346.0,78,19725,100.0,0.0,100,3,100.0,0.0,100.0,0.0,100.0,0.0,100.0,0.0,100.0,0.0,79.0,21.0,100.0,0.0,100.0,0.0,96.0,9106.0,21.0,21.0,100.0,0.0,100.0,0.0,200,0,100.0,19654.0,100.0,42080815176.0,100.0,83319398797.0
2018-01-29,S301PRC9,ST4000DM000,4000787030016,0,115.0,98298040.0,97.0,0.0,100.0,3.0,100,0,89.0,914396204.0,78,19749,100.0,0.0,100,3,100.0,0.0,100.0,0.0,100.0,0.0,100.0,0.0,100.0,0.0,79.0,21.0,100.0,0.0,100.0,0.0,96.0,9106.0,21.0,21.0,100.0,0.0,100.0,0.0,200,0,100.0,19678.0,100.0,42085493704.0,100.0,83807358141.0
2018-01-30,S301PRC9,ST4000DM000,4000787030016,0,114.0,74612512.0,97.0,0.0,100.0,3.0,100,0,89.0,919594607.0,78,19782,100.0,0.0,100,3,100.0,0.0,100.0,0.0,100.0,0.0,100.0,0.0,100.0,0.0,79.0,21.0,100.0,0.0,100.0,0.0,96.0,9109.0,21.0,21.0,100.0,0.0,100.0,0.0,200,0,100.0,19711.0,100.0,42093668120.0,100.0,84494084465.0
2018-01-31,S301PRC9,ST4000DM000,4000787030016,0,117.0,119764328.0,97.0,0.0,100.0,3.0,100.0,0.0,89.0,923958326.0,78.0,19806.0,100.0,0.0,100.0,3.0,100.0,0.0,100.0,0.0,100.0,0.0,100.0,0.0,100.0,0.0,79.0,21.0,100.0,0.0,100.0,0.0,96.0,9109.0,21.0,21.0,100.0,0.0,100.0,0.0,200.0,0.0,100.0,19735.0,100.0,42099039696.0,100.0,85100123850.0
2018-02-01,S301PRC9,ST4000DM000,4000787030016,0,114.0,76680696.0,97.0,0.0,100.0,3.0,100,0,89.0,928300438.0,78,19830,100.0,0.0,100,3,100.0,0.0,100.0,0.0,100.0,0.0,100.0,0.0,100.0,0.0,78.0,22.0,100.0,0.0,100.0,0.0,96.0,9109.0,22.0,22.0,100.0,0.0,100.0,0.0,200,0,100.0,19759.0,100.0,42104683496.0,100.0,85700999334.0
2018-02-02,S301PRC9,ST4000DM000,4000787030016,0,117.0,146831968.0,97.0,0.0,100.0,3.0,100,0,89.0,932789835.0,78,19854,100.0,0.0,100,3,100.0,0.0,100.0,0.0,100.0,0.0,100.0,0.0,100.0,0.0,79.0,21.0,100.0,0.0,100.0,0.0,96.0,9109.0,21.0,21.0,100.0,0.0,100.0,0.0,200,0,100.0,19783.0,100.0,42110469520.0,100.0,86204804679.0
2018-02-03,S301PRC9,ST4000DM000,4000787030016,0,114.0,70358528.0,97.0,0.0,100.0,3.0,100,0,89.0,936788564.0,78,19878,100.0,0.0,100,3,100.0,0.0,100.0,0.0,100.0,0.0,100.0,0.0,100.0,0.0,78.0,22.0,100.0,0.0,100.0,0.0,96.0,9109.0,22.0,22.0,100.0,0.0,100.0,0.0,200,0,100.0,19806.0,100.0,42116429088.0,100.0,86598612601.0
2018-02-04,S301PRC9,ST4000DM000,4000787030016,0,117.0,156529128.0,97.0,0.0,100.0,3.0,100,0,90.0,940003350.0,78,19898,100.0,0.0,100,3,100.0,0.0,100.0,0.0,100.0,0.0,100.0,0.0,100.0,0.0,78.0,22.0,100.0,0.0,100.0,0.0,96.0,9109.0,22.0,22.0,100.0,0.0,100.0,0.0,200,0,100.0,19827.0,100.0,42122622320.0,100.0,86901268608.0
2018-02-05,S301PRC9,ST4000DM000,4000787030016,0,116.0,110507784.0,97.0,0.0,100.0,3.0,100,0,90.0,944001653.0,78,19922,100.0,0.0,100,3,100.0,0.0,100.0,0.0,100.0,0.0,100.0,0.0,100.0,0.0,79.0,21.0,100.0,0.0,100.0,0.0,96.0,9109.0,21.0,21.0,100.0,0.0,100.0,0.0,200,0,100.0,19851.0,100.0,42127306328.0,100.0,87330218645.0
2018-02-06,S301PRC9,ST4000DM000,4000787030016,0,119.0,217982760.0,97.0,0.0,100.0,3.0,100,0,90.0,947559606.0,78,19945,100.0,0.0,100,3,100.0,0.0,100.0,0.0,100.0,0.0,100.0,0.0,100.0,0.0,79.0,21.0,100.0,0.0,100.0,0.0,96.0,9109.0,21.0,21.0,100.0,0.0,100.0,0.0,200,0,100.0,19874.0,100.0,42133329192.0,100.0,87659311346.0
2018-02-07,S301PRC9,ST4000DM000,4000787030016,0,107.0,12950056.0,97.0,0.0,100.0,3.0,100,0,90.0,951241050.0,78,19969,100.0,0.0,100,3,100.0,0.0,100.0,0.0,100.0,0.0,100.0,0.0,100.0,0.0,79.0,21.0,100.0,0.0,100.0,0.0,96.0,9109.0,21.0,21.0,100.0,0.0,100.0,0.0,200,0,100.0,19898.0,100.0,42139577408.0,100.0,88080205610.0
2018-02-08,S301PRC9,ST4000DM000,4000787030016,0,105.0,7623016.0,97.0,0.0,100.0,3.0,100,0,90.0,955357381.0,78,19995,100.0,0.0,100,3,100.0,0.0,100.0,0.0,100.0,0.0,100.0,0.0,100.0,0.0,79.0,21.0,100.0,0.0,100.0,0.0,96.0,9111.0,21.0,21.0,100.0,0.0,100.0,0.0,200,0,100.0,19924.0,100.0,42146637176.0,100.0,88608461312.0
2018-02-09,S301PRC9,ST4000DM000,4000787030016,0,116,109709824,97,0,100,3,100,0,90,959890699,78,20019,100,0,100,3,100.0,0.0,100.0,0.0,100.0,0.0,100.0,0.0,100.0,0.0,79.0,21.0,100.0,0.0,100.0,0.0,96.0,9111.0,21,21,100,0,100,0,200,0,100.0,19948.0,100.0,42150483128.0,100.0,88936096605.0
2018-02-10,S301PRC9,ST4000DM000,4000787030016,0,117.0,159012960.0,97.0,0.0,100.0,3.0,100.0,0.0,90.0,960340726.0,78.0,20043.0,100.0,0.0,100.0,3.0,100.0,0.0,100.0,0.0,100.0,0.0,100.0,0.0,100.0,0.0,78.0,22.0,100.0,0.0,100.0,0.0,96.0,9111.0,22.0,22.0,100.0,0.0,100.0,0.0,200.0,0.0,100.0,19972.0,100.0,42152783848.0,100.0,89098446833.0
2018-02-11,S301PRC9,ST4000DM000,4000787030016,0,120,243786152,97,0,100,3,100,0,90,961517352,78,20067,100,0,100,3,100.0,0.0,100.0,0.0,100.0,0.0,100.0,0.0,100.0,0.0,79.0,21.0,100.0,0.0,100.0,0.0,96.0,9112.0,21,21,100,0,100,0,200,0,100.0,19996.0,100.0,42158734448.0,100.0,89249956668.0
2018-02-12,S301PRC9,ST4000DM000,4000787030016,0,113,57586112,97,0,100,3,100,0,90,961980032,78,20091,100,0,100,3,100.0,0.0,100.0,0.0,100.0,0.0,100.0,0.0,100.0,0.0,78.0,22.0,100.0,0.0,100.0,0.0,96.0,9112.0,22,22,100,0,100,0,200,0,100.0,20020.0,100.0,42162249576.0,100.0,89424780106.0
2018-02-13,S301PRC9,ST4000DM000,4000787030016,0,111,39215440,97,0,100,3,100,0,90,962886884,78,20115,100,0,100,3,100.0,0.0,100.0,0.0,100.0,0.0,100.0,0.0,100.0,0.0,78.0,22.0,100.0,0.0,100.0,0.0,96.0,9112.0,22,22,100,0,100,0,200,0,100.0,20044.0,100.0,42166640512.0,100.0,89590086585.0
2018-02-14,S301PRC9,ST4000DM000,4000787030016,0,117,146036168,97,0,100,3,100,0,90,963768820,78,20139,100,0,100,3,100.0,0.0,100.0,0.0,100.0,0.0,100.0,0.0,100.0,0.0,78.0,22.0,100.0,0.0,100.0,0.0,96.0,9112.0,22,22,100,0,100,0,200,0,100.0,20068.0,100.0,42171444472.0,100.0,89750823698.0
2018-02-15,S301PRC9,ST4000DM000,4000787030016,0,119,215819608,97,0,100,3,100,0,90,964746787,77,20163,100,0,100,3,100.0,0.0,100.0,0.0,100.0,0.0,100.0,0.0,100.0,0.0,78.0,22.0,100.0,0.0,100.0,0.0,96.0,9112.0,22,22,100,0,100,0,200,0,100.0,20092.0,100.0,42176262688.0,100.0,89881036653.0
2018-02-16,S301PRC9,ST4000DM000,4000787030016,0,118,171197552,97,0,100,3,100,0,90,966260641,77,20187,100,0,100,3,100.0,0.0,100.0,0.0,100.0,0.0,100.0,0.0,100.0,0.0,78.0,22.0,100.0,0.0,100.0,0.0,96.0,9112.0,22,22,100,0,100,0,200,0,100.0,20116.0,100.0,42182677288.0,100.0,90045043798.0
2018-02-17,S301PRC9,ST4000DM000,4000787030016,0,120,235295640,97,0,100,3,100,0,90,967553272,77,20211,100,0,100,3,100.0,0.0,100.0,0.0,100.0,0.0,100.0,0.0,100.0,0.0,78.0,22.0,100.0,0.0,100.0,0.0,96.0,9112.0,22,22,100,0,100,0,200,0,100.0,20140.0,100.0,42185504408.0,100.0,90221199757.0
2018-02-18,S301PRC9,ST4000DM000,4000787030016,0,108,16181896,97,0,100,3,100,0,90,969517263,77,20235,100,0,100,3,100.0,0.0,100.0,0.0,100.0,0.0,100.0,0.0,100.0,0.0,79.0,21.0,100.0,0.0,100.0,0.0,96.0,9115.0,21,21,100,0,100,0,200,0,100.0,20164.0,100.0,42193000944.0,100.0,90375277868.0
2018-02-19,S301PRC9,ST4000DM000,4000787030016,0,108,18676560,97,0,100,3,100,0,90,971289088,77,20259,100,0,100,3,100.0,0.0,100.0,0.0,100.0,0.0,100.0,0.0,100.0,0.0,78.0,22.0,100.0,0.0,100.0,0.0,96.0,9115.0,22,22,100,0,100,0,200,0,100.0,20188.0,100.0,42197231200.0,100.0,90566714928.0
2018-02-20,S301PRC9,ST4000DM000,4000787030016,0,117,126004816,97,0,100,3,100,0,90,972522825,77,20283,100,0,100,3,100.0,0.0,100.0,0.0,100.0,0.0,100.0,0.0,100.0,0.0,78.0,22.0,100.0,0.0,100.0,0.0,96.0,9115.0,22,22,100,0,100,0,200,0,100.0,20212.0,100.0,42200896752.0,100.0,90732524448.0
2018-02-21,S301PRC9,ST4000DM000,4000787030016,0,111,34823240,97,0,100,3,100,0,90,974144496,77,20307,100,0,100,3,100.0,0.0,100.0,0.0,100.0,0.0,100.0,0.0,100.0,0.0,78.0,22.0,100.0,0.0,100.0,0.0,96.0,9115.0,22,22,100,0,100,0,200,0,100.0,20236.0,100.0,42203493128.0,100.0,90903529036.0
2018-02-22,S301PRC9,ST4000DM000,4000787030016,0,117,143937192,97,0,100,3,100,0,90,976367718,77,20331,100,0,100,3,100.0,0.0,100.0,0.0,100.0,0.0,100.0,0.0,100.0,0.0,78.0,22.0,100.0,0.0,100.0,0.0,96.0,9117.0,22,22,100,0,100,0,200,0,100.0,20259.0,100.0,42210862280.0,100.0,91079480677.0
2018-02-23,S301PRC9,ST4000DM000,4000787030016,0,118,197865360,97,0,100,3,100,0,90,977660334,77,20355,100,0,100,3,100.0,0.0,100.0,0.0,100.0,0.0,100.0,0.0,100.0,0.0,78.0,22.0,100.0,0.0,100.0,0.0,96.0,9117.0,22,22,100,0,100,0,200,0,100.0,20284.0,100.0,42212951664.0,100.0,91203942258.0
2018-02-24,S301PRC9,ST4000DM000,4000787030016,0,118,197000312,97,0,100,3,100,0,90,978480681,77,20379,100,0,100,3,100.0,0.0,100.0,0.0,100.0,0.0,100.0,0.0,100.0,0.0,78.0,22.0,100.0,0.0,100.0,0.0,96.0,9117.0,22,22,100,0,100,0,200,0,100.0,20307.0,100.0,42216044160.0,100.0,91351326004.0
2018-02-25,S301PRC9,ST4000DM000,4000787030016,0,116,102228920,97,0,100,3,100,0,90,979429025,77,20402,100,0,100,3,100.0,0.0,100.0,0.0,100.0,0.0,100.0,0.0,100.0,0.0,78.0,22.0,100.0,0.0,100.0,0.0,96.0,9136.0,22,22,100,0,100,0,200,0,100.0,20331.0,100.0,42219205168.0,100.0,91431782627.0
2018-02-26,S301PRC9,ST4000DM000,4000787030016,0,114,66843312,97,0,100,3,100,0,90,980698686,77,20427,100,0,100,3,100.0,0.0,100.0,0.0,100.0,0.0,100.0,0.0,100.0,0.0,79.0,21.0,100.0,0.0,100.0,0.0,96.0,9137.0,21,21,100,0,100,0,200,0,100.0,20356.0,100.0,42224098832.0,100.0,91573051345.0
2018-02-27,S301PRC9,ST4000DM000,4000787030016,0,112,48589624,97,0,100,3,100,0,90,981531279,77,20451,100,0,100,3,100.0,0.0,100.0,0.0,100.0,0.0,100.0,0.0,100.0,0.0,77.0,23.0,100.0,0.0,100.0,0.0,96.0,9137.0,23,23,100,0,100,0,200,0,100.0,20380.0,100.0,42226976064.0,100.0,91685583325.0
2018-02-28,S301PRC9,ST4000DM000,4000787030016,0,119,216557872,97,0,100,3,100,0,90,982739400,77,20474,100,0,100,3,100.0,0.0,100.0,0.0,100.0,0.0,100.0,0.0,100.0,0.0,78.0,22.0,100.0,0.0,100.0,0.0,96.0,9137.0,22,22,100,0,100,0,200,0,100.0,20403.0,100.0,42230412504.0,100.0,91857005635.0
2018-03-01,S301PRC9,ST4000DM000,4000787030016,0,114,76122264,97,0,100,3,100,0,90,984386944,77,20501,100,0,100,3,100.0,0.0,100.0,0.0,100.0,0.0,100.0,0.0,100.0,0.0,78.0,22.0,100.0,0.0,100.0,0.0,96.0,9141.0,22,22,100,0,100,0,200,0,100.0,20430.0,100.0,42235063792.0,100.0,96337714004.0
2018-03-02,S301PRC9,ST4000DM000,4000787030016,0,114,62242576,97,0,100,3,100,0,90,985867564,77,20525,100,0,100,3,100.0,0.0,100.0,0.0,100.0,0.0,100.0,0.0,100.0,0.0,78.0,22.0,100.0,0.0,100.0,0.0,96.0,9141.0,22,22,100,0,100,0,200,0,100.0,20454.0,100.0,42239603536.0,100.0,96477516195.0
2018-03-03,S301PRC9,ST4000DM000,4000787030016,0,118,176008864,97,0,100,3,100,0,90,986653580,77,20548,100,0,100,3,100.0,0.0,100.0,0.0,100.0,0.0,100.0,0.0,100.0,0.0,78.0,22.0,100.0,0.0,100.0,0.0,96.0,9141.0,22,22,100,0,100,0,200,0,100.0,20477.0,100.0,42244818632.0,100.0,96597143235.0
2018-03-04,S301PRC9,ST4000DM000,4000787030016,0,117,132634264,97,0,100,3,100,0,90,987753416,77,20573,100,0,100,3,100.0,0.0,100.0,0.0,100.0,0.0,100.0,0.0,100.0,0.0,78.0,22.0,100.0,0.0,100.0,0.0,96.0,9141.0,22,22,100,0,100,0,200,0,100.0,20501.0,100.0,42255266080.0,100.0,96664623459.0
2018-03-05,S301PRC9,ST4000DM000,4000787030016,0,117,146991688,97,0,100,3,100,0,90,989042470,77,20596,100,0,100,3,100.0,0.0,100.0,0.0,100.0,0.0,100.0,0.0,100.0,0.0,78.0,22.0,100.0,0.0,100.0,0.0,96.0,9141.0,22,22,100,0,100,0,200,0,100.0,20525.0,100.0,42266404088.0,100.0,96800060706.0
2018-03-06,S301PRC9,ST4000DM000,4000787030016,0,120,240299896,97,0,100,3,100,0,90,990144086,77,20622,100,0,100,3,100.0,0.0,100.0,0.0,100.0,0.0,100.0,0.0,100.0,0.0,79.0,21.0,100.0,0.0,100.0,0.0,96.0,9143.0,21,21,100,0,100,0,200,0,100.0,20551.0,100.0,42278326968.0,100.0,96941310512.0
2018-03-07,S301PRC9,ST4000DM000,4000787030016,0,118.0,178807736.0,97.0,0.0,100.0,3.0,100.0,0.0,90.0,991181056.0,77.0,20646.0,100.0,0.0,100.0,3.0,100.0,0.0,100.0,0.0,100.0,0.0,100.0,0.0,100.0,0.0,79.0,21.0,100.0,0.0,100.0,0.0,96.0,9143.0,21.0,21.0,100.0,0.0,100.0,0.0,200.0,0.0,100.0,20575.0,100.0,42289409000.0,100.0,97106275388.0
2018-03-08,S301PRC9,ST4000DM000,4000787030016,0,119,204776320,97,0,100,3,100,0,90,991810448,77,20667,100,0,100,3,100.0,0.0,100.0,0.0,100.0,0.0,100.0,0.0,100.0,0.0,78.0,22.0,100.0,0.0,100.0,0.0,96.0,9146.0,22,22,100,0,100,0,200,0,100.0,20596.0,100.0,42297960168.0,100.0,97163047558.0
2018-03-09,S301PRC9,ST4000DM000,4000787030016,0,112,47860216,97,0,100,3,100,0,90,993526346,77,20692,100,0,100,3,100.0,0.0,100.0,0.0,100.0,0.0,100.0,0.0,100.0,0.0,78.0,22.0,100.0,0.0,100.0,0.0,96.0,9146.0,22,22,100,0,100,0,200,0,100.0,20621.0,100.0,42312321104.0,100.0,97306223485.0
2018-03-10,S301PRC9,ST4000DM000,4000787030016,0,118,197693568,97,0,100,3,100,0,90,994375779,77,20716,100,0,100,3,100.0,0.0,100.0,0.0,100.0,0.0,100.0,0.0,100.0,0.0,78.0,22.0,100.0,0.0,100.0,0.0,96.0,9146.0,22,22,100,0,100,0,200,0,100.0,20645.0,100.0,42327739704.0,100.0,97393378332.0
2018-03-11,S301PRC9,ST4000DM000,4000787030016,0,116,110485152,97,0,100,3,100,0,90,996052896,77,20740,100,0,100,3,100.0,0.0,100.0,0.0,100.0,0.0,100.0,0.0,100.0,0.0,78.0,22.0,100.0,0.0,100.0,0.0,96.0,9146.0,22,22,100,0,100,0,200,0,100.0,20669.0,100.0,42342092312.0,100.0,97493037535.0
2018-03-12,S301PRC9,ST4000DM000,4000787030016,0,112,45773104,97,0,100,3,100,0,90,998459942,77,20764,100,0,100,3,100.0,0.0,100.0,0.0,100.0,0.0,100.0,0.0,100.0,0.0,79.0,21.0,100.0,0.0,100.0,0.0,96.0,9146.0,21,21,100,0,100,0,200,0,100.0,20692.0,100.0,42354488560.0,100.0,97647515337.0
2018-03-13,S301PRC9,ST4000DM000,4000787030016,0,116,112342504,97,0,100,3,100,0,90,999639978,77,20788,100,0,100,3,100.0,0.0,100.0,0.0,100.0,0.0,100.0,0.0,100.0,0.0,79.0,21.0,100.0,0.0,100.0,0.0,96.0,9146.0,21,21,100,0,100,0,200,0,100.0,20717.0,100.0,42373622304.0,100.0,97792670350.0
2018-03-14,S301PRC9,ST4000DM000,4000787030016,0,114,67301552,97,0,100,3,100,0,60,1013421,77,20812,100,0,100,3,100.0,0.0,100.0,0.0,100.0,0.0,100.0,0.0,100.0,0.0,78.0,22.0,100.0,0.0,100.0,0.0,96.0,9146.0,22,22,100,0,100,0,200,0,100.0,20741.0,100.0,42390370888.0,100.0,102262686199.0
2018-03-15,S301PRC9,ST4000DM000,4000787030016,0,112,43645560,97,0,100,3,100,0,63,1900592,77,20837,100,0,100,3,100.0,0.0,100.0,0.0,100.0,0.0,100.0,0.0,100.0,0.0,78.0,22.0,100.0,0.0,100.0,0.0,96.0,9147.0,22,22,100,0,100,0,200,0,100.0,20765.0,100.0,42401179216.0,100.0,102317273741.0
2018-03-16,S301PRC9,ST4000DM000,4000787030016,0,114.0,75053560.0,97.0,0.0,100.0,3.0,100.0,0.0,64.0,2929794.0,77.0,20861.0,100.0,0.0,100.0,3.0,100.0,0.0,100.0,0.0,100.0,0.0,100.0,0.0,100.0,0.0,78.0,22.0,100.0,0.0,100.0,0.0,96.0,9147.0,22.0,22.0,100.0,0.0,100.0,0.0,200.0,0.0,100.0,20789.0,100.0,42412760912.0,100.0,102418900131.0
2018-03-17,S301PRC9,ST4000DM000,4000787030016,0,114,77662264,97,0,100,3,100,0,66,3813751,77,20884,100,0,100,3,100.0,0.0,100.0,0.0,100.0,0.0,100.0,0.0,100.0,0.0,78.0,22.0,100.0,0.0,100.0,0.0,96.0,9147.0,22,22,100,0,100,0,200,0,100.0,20812.0,100.0,42420220536.0,100.0,102522870836.0
2018-03-18,S301PRC9,ST4000DM000,4000787030016,0,117,154901288,97,0,100,3,100,0,67,5320272,77,20908,100,0,100,3,100.0,0.0,100.0,0.0,100.0,0.0,100.0,0.0,100.0,0.0,78.0,22.0,100.0,0.0,100.0,0.0,96.0,9147.0,22,22,100,0,100,0,200,0,100.0,20837.0,100.0,42431167440.0,100.0,102613331464.0
2018-03-19,S301PRC9,ST4000DM000,4000787030016,0,114,60764088,97,0,100,3,100,0,68,6687046,77,20932,100,0,100,3,100.0,0.0,100.0,0.0,100.0,0.0,100.0,0.0,100.0,0.0,79.0,21.0,100.0,0.0,100.0,0.0,96.0,9147.0,21,21,100,0,100,0,200,0,100.0,20861.0,100.0,42441410144.0,100.0,102766254694.0
2018-03-20,S301PRC9,ST4000DM000,4000787030016,0,118,194822784,97,0,100,3,100,0,69,7687545,77,20956,100,0,100,3,100.0,0.0,100.0,0.0,100.0,0.0,100.0,0.0,100.0,0.0,79.0,21.0,100.0,0.0,100.0,0.0,96.0,9147.0,21,21,100,0,100,0,200,0,100.0,20885.0,100.0,42454164880.0,100.0,102884984963.0
2018-03-21,S301PRC9,ST4000DM000,4000787030016,0,114,60279912,97,0,100,3,100,0,69,8691260,77,20980,100,0,100,3,100.0,0.0,100.0,0.0,100.0,0.0,100.0,0.0,100.0,0.0,79.0,21.0,100.0,0.0,100.0,0.0,96.0,9147.0,21,21,100,0,100,0,200,0,100.0,20909.0,100.0,42465516056.0,100.0,103006588516.0
2018-03-22,S301PRC9,ST4000DM000,4000787030016,0,117,162464304,97,0,100,3,100,0,69,10172306,77,21004,100,0,100,3,100.0,0.0,100.0,0.0,100.0,0.0,100.0,0.0,100.0,0.0,78.0,22.0,100.0,0.0,100.0,0.0,96.0,9147.0,22,22,100,0,100,0,200,0,100.0,20933.0,100.0,42477021272.0,100.0,103159536479.0
2018-03-23,S301PRC9,ST4000DM000,4000787030016,0,119,231736528,97,0,100,3,100,0,70,11991593,76,21028,100,0,100,3,100.0,0.0,100.0,0.0,100.0,0.0,100.0,0.0,100.0,0.0,78.0,22.0,100.0,0.0,100.0,0.0,96.0,9147.0,22,22,100,0,100,0,200,0,100.0,20957.0,100.0,42495435920.0,100.0,103289585171.0
2018-03-24,S301PRC9,ST4000DM000,4000787030016,0,115,97602424,97,0,100,3,100,0,71,13165937,76,21052,100,0,100,3,100.0,0.0,100.0,0.0,100.0,0.0,100.0,0.0,100.0,0.0,78.0,22.0,100.0,0.0,100.0,0.0,96.0,9147.0,22,22,100,0,100,0,200,0,100.0,20981.0,100.0,42512646792.0,100.0,103406787518.0
2018-03-25,S301PRC9,ST4000DM000,4000787030016,0,114,82762088,97,0,100,3,100,0,72,14705527,76,21076,100,0,100,3,100.0,0.0,100.0,0.0,100.0,0.0,100.0,0.0,100.0,0.0,79.0,21.0,100.0,0.0,100.0,0.0,96.0,9147.0,21,21,100,0,100,0,200,0,100.0,21004.0,100.0,42532022456.0,100.0,103488647953.0
2018-03-26,S301PRC9,ST4000DM000,4000787030016,0,117,139454784,97,0,100,3,100,0,72,15782904,76,21100,100,0,100,3,100.0,0.0,100.0,0.0,100.0,0.0,100.0,0.0,100.0,0.0,78.0,22.0,100.0,0.0,100.0,0.0,96.0,9147.0,22,22,100,0,100,0,200,0,100.0,21029.0,100.0,42556617792.0,100.0,103589081508.0
2018-03-27,S301PRC9,ST4000DM000,4000787030016,0,119,210731424,97,0,100,3,100,0,72,16948233,76,21124,100,0,100,3,100.0,0.0,100.0,0.0,100.0,0.0,100.0,0.0,100.0,0.0,79.0,21.0,100.0,0.0,100.0,0.0,96.0,9147.0,21,21,100,0,100,0,200,0,100.0,21053.0,100.0,42573588720.0,100.0,103711006148.0
2018-03-28,S301PRC9,ST4000DM000,4000787030016,0,118,188033288,97,0,100,3,100,0,72,19035284,76,21148,100,0,100,3,100.0,0.0,100.0,0.0,100.0,0.0,100.0,0.0,100.0,0.0,79.0,21.0,100.0,0.0,100.0,0.0,96.0,9147.0,21,21,100,0,100,0,200,0,100.0,21077.0,100.0,42596734776.0,100.0,103801482236.0
2018-03-29,S301PRC9,ST4000DM000,4000787030016,0,119,221680792,97,0,100,3,100,0,72,19945178,76,21172,100,0,100,3,100.0,0.0,100.0,0.0,100.0,0.0,100.0,0.0,100.0,0.0,79.0,21.0,100.0,0.0,100.0,0.0,96.0,9151.0,21,21,100,0,100,0,200,0,100.0,21100.0,100.0,42605529808.0,100.0,103895830716.0
2018-03-30,S301PRC9,ST4000DM000,4000787030016,0,116,104907728,97,0,100,3,100,0,73,21565990,76,21196,100,0,100,3,100.0,0.0,100.0,0.0,100.0,0.0,100.0,0.0,100.0,0.0,79.0,21.0,100.0,0.0,100.0,0.0,96.0,9151.0,21,21,100,0,100,0,200,0,100.0,21125.0,100.0,42622941104.0,100.0,104021554922.0
2018-03-31,S301PRC9,ST4000DM000,4000787030016,0,112,44050040,97,0,100,3,100,0,73,22573553,76,21219,100,0,100,3,100.0,0.0,100.0,0.0,100.0,0.0,100.0,0.0,100.0,0.0,79.0,21.0,100.0,0.0,100.0,0.0,96.0,9151.0,21,21,100,0,100,0,200,0,100.0,21147.0,100.0,42631221112.0,100.0,104132134754.0
2018-04-01,S301PRC9,ST4000DM000,4000787030016,0,119,217151216,97,0,100,3,100,0,73,24296177,76,21243,100,0,100,3,100.0,0.0,100.0,0.0,100.0,0.0,100.0,0.0,100.0,0.0,79.0,21.0,100.0,0.0,100.0,0.0,96.0,9151.0,21,21,100,0,100,0,200,0,100.0,21172.0,100.0,42646834544.0,100.0,104240079059.0
2018-04-02,S301PRC9,ST4000DM000,4000787030016,0,119,228888336,97,0,100,3,100,0,74,25400534,76,21267,100,0,100,3,100.0,0.0,100.0,0.0,100.0,0.0,100.0,0.0,100.0,0.0,79.0,21.0,100.0,0.0,100.0,0.0,96.0,9151.0,21,21,100,0,100,0,200,0,100.0,21196.0,100.0,42658273456.0,100.0,104358787155.0
2018-04-03,S301PRC9,ST4000DM000,4000787030016,0,118,169985528,97,0,100,3,100,0,74,26701736,76,21292,100,0,100,3,100.0,0.0,100.0,0.0,100.0,0.0,100.0,0.0,100.0,0.0,78.0,22.0,100.0,0.0,100.0,0.0,96.0,9151.0,22,22,100,0,100,0,200,0,100.0,21221.0,100.0,42676923624.0,100.0,104495284501.0
2018-04-04,S301PRC9,ST4000DM000,4000787030016,0,114,77630520,97,0,100,3,100,0,74,28619135,76,21315,100,0,100,3,100.0,0.0,100.0,0.0,100.0,0.0,100.0,0.0,100.0,0.0,78.0,22.0,100.0,0.0,100.0,0.0,96.0,9151.0,22,22,100,0,100,0,200,0,100.0,21244.0,100.0,42692555728.0,100.0,104624929085.0
2018-04-05,S301PRC9,ST4000DM000,4000787030016,0,119,220062376,97,0,100,3,100,0,75,30234427,76,21340,100,0,100,3,100.0,0.0,100.0,0.0,100.0,0.0,100.0,0.0,100.0,0.0,80.0,20.0,100.0,0.0,100.0,0.0,96.0,9151.0,20,20,100,0,100,0,200,0,100.0,21269.0,100.0,42706300024.0,100.0,104713403817.0
2018-04-06,S301PRC9,ST4000DM000,4000787030016,0,118,200222944,97,0,100,3,100,0,75,31275316,76,21363,100,0,100,3,100.0,0.0,100.0,0.0,100.0,0.0,100.0,0.0,100.0,0.0,80.0,20.0,100.0,0.0,100.0,0.0,96.0,9151.0,20,20,100,0,100,0,200,0,100.0,21292.0,100.0,42729145680.0,100.0,104781688665.0
2018-04-07,S301PRC9,ST4000DM000,4000787030016,0,119.0,210383224.0,97.0,0.0,100.0,3.0,100.0,0.0,75.0,31987446.0,76.0,21388.0,100.0,0.0,100.0,3.0,100.0,0.0,100.0,0.0,100.0,0.0,100.0,0.0,100.0,0.0,80.0,20.0,100.0,0.0,100.0,0.0,96.0,9151.0,20.0,20.0,100.0,0.0,100.0,0.0,200.0,0.0,100.0,21317.0,100.0,42758503064.0,100.0,104869310089.0
2018-04-08,S301PRC9,ST4000DM000,4000787030016,0,111,39017120,97,0,100,3,100,0,75,33597993,76,21411,100,0,100,3,100.0,0.0,100.0,0.0,100.0,0.0,100.0,0.0,100.0,0.0,80.0,20.0,100.0,0.0,100.0,0.0,96.0,9151.0,20,20,100,0,100,0,200,0,100.0,21340.0,100.0,42782927576.0,100.0,104976350204.0
2018-04-09,S301PRC9,ST4000DM000,4000787030016,0,101,3586032,97,0,100,3,100,0,75,34522866,76,21435,100,0,100,3,100.0,0.0,100.0,0.0,100.0,0.0,100.0,0.0,100.0,0.0,80.0,20.0,100.0,0.0,100.0,0.0,96.0,9151.0,20,20,100,0,100,0,200,0,100.0,21364.0,100.0,42801148008.0,100.0,105124705597.0
2018-04-10,S301PRC9,ST4000DM000,4000787030016,0,114,70803048,97,0,100,3,100,0,75,35278192,76,21460,100,0,100,3,100.0,0.0,100.0,0.0,100.0,0.0,100.0,0.0,100.0,0.0,80.0,20.0,100.0,0.0,100.0,0.0,96.0,9151.0,20,20,100,0,100,0,200,0,100.0,21389.0,100.0,42825216976.0,100.0,105295309902.0
2018-04-11,S301PRC9,ST4000DM000,4000787030016,0,110,25176616,97,0,100,3,100,0,75,35759156,76,21484,100,0,100,3,100.0,0.0,100.0,0.0,100.0,0.0,100.0,0.0,100.0,0.0,80.0,20.0,100.0,0.0,100.0,0.0,96.0,9151.0,20,20,100,0,100,0,200,0,100.0,21412.0,100.0,42838399288.0,100.0,105448544019.0
2018-04-12,S301PRC9,ST4000DM000,4000787030016,0,118,173459888,97,0,100,3,100,0,75,36755273,76,21508,100,0,100,3,100.0,0.0,100.0,0.0,100.0,0.0,100.0,0.0,100.0,0.0,80.0,20.0,100.0,0.0,100.0,0.0,96.0,9155.0,20,20,100,0,100,0,200,0,100.0,21436.0,100.0,42853451680.0,100.0,105625598929.0
2018-04-13,S301PRC9,ST4000DM000,4000787030016,0,114,73318352,97,0,100,3,100,0,75,37872502,76,21532,100,0,100,3,100.0,0.0,100.0,0.0,100.0,0.0,100.0,0.0,100.0,0.0,80.0,20.0,100.0,0.0,100.0,0.0,96.0,9155.0,20,20,100,0,100,0,200,0,100.0,21460.0,100.0,42866623096.0,100.0,105795334214.0
2018-04-14,S301PRC9,ST4000DM000,4000787030016,0,119,220936640,97,0,100,3,100,0,75,38526729,76,21556,100,0,100,3,100.0,0.0,100.0,0.0,100.0,0.0,100.0,0.0,100.0,0.0,80.0,20.0,100.0,0.0,100.0,0.0,96.0,9155.0,20,20,100,0,100,0,200,0,100.0,21484.0,100.0,42880427040.0,100.0,105948452446.0
2018-04-15,S301PRC9,ST4000DM000,4000787030016,0,117,124115288,97,0,100,3,100,0,75,39940360,76,21580,100,0,100,3,100.0,0.0,100.0,0.0,100.0,0.0,100.0,0.0,100.0,0.0,80.0,20.0,100.0,0.0,100.0,0.0,96.0,9155.0,20,20,100,0,100,0,200,0,100.0,21508.0,100.0,42901188120.0,100.0,106068029314.0
2018-04-16,S301PRC9,ST4000DM000,4000787030016,0,118,180844304,97,0,100,3,100,0,75,40505834,76,21604,100,0,100,3,100.0,0.0,100.0,0.0,100.0,0.0,100.0,0.0,100.0,0.0,80.0,20.0,100.0,0.0,100.0,0.0,96.0,9155.0,20,20,100,0,100,0,200,0,100.0,21532.0,100.0,42915075080.0,100.0,106248793635.0
2018-04-17,S301PRC9,ST4000DM000,4000787030016,0,119,233371904,97,0,100,3,100,0,75,41068191,76,21628,100,0,100,3,100.0,0.0,100.0,0.0,100.0,0.0,100.0,0.0,100.0,0.0,80.0,20.0,100.0,0.0,100.0,0.0,96.0,9155.0,20,20,100,0,100,0,200,0,100.0,21556.0,100.0,42931786552.0,100.0,106419295936.0
2018-04-18,S301PRC9,ST4000DM000,4000787030016,0,119,213260880,97,0,100,3,100,0,76,42046174,76,21652,100,0,100,3,100.0,0.0,100.0,0.0,100.0,0.0,100.0,0.0,100.0,0.0,80.0,20.0,100.0,0.0,100.0,0.0,96.0,9155.0,20,20,100,0,100,0,200,0,100.0,21580.0,100.0,42952542904.0,100.0,106577197943.0
2018-04-19,S301PRC9,ST4000DM000,4000787030016,0,119,222985808,97,0,100,3,100,0,76,44722868,76,21676,100,0,100,3,100.0,0.0,100.0,0.0,100.0,0.0,100.0,0.0,100.0,0.0,80.0,20.0,100.0,0.0,100.0,0.0,96.0,9155.0,20,20,100,0,100,0,200,0,100.0,21604.0,100.0,42975358416.0,100.0,106760447641.0
2018-04-20,S301PRC9,ST4000DM000,4000787030016,0,115,88720520,97,0,100,3,100,0,76,46108635,76,21699,100,0,100,3,100.0,0.0,100.0,0.0,100.0,0.0,100.0,0.0,100.0,0.0,80.0,20.0,100.0,0.0,100.0,0.0,96.0,9155.0,20,20,100,0,100,0,200,0,100.0,21628.0,100.0,43002343008.0,100.0,106896025809.0
2018-04-21,S301PRC9,ST4000DM000,4000787030016,0,120,236699168,97,0,100,3,100,0,76,47211963,76,21724,100,0,100,3,100.0,0.0,100.0,0.0,100.0,0.0,100.0,0.0,100.0,0.0,80.0,20.0,100.0,0.0,100.0,0.0,96.0,9155.0,20,20,100,0,100,0,200,0,100.0,21652.0,100.0,43021330224.0,100.0,107048754035.0
2018-04-22,S301PRC9,ST4000DM000,4000787030016,0,117,124279704,97,0,100,3,100,0,76,49119665,76,21747,100,0,100,3,100.0,0.0,100.0,0.0,100.0,0.0,100.0,0.0,100.0,0.0,80.0,20.0,100.0,0.0,100.0,0.0,96.0,9155.0,20,20,100,0,100,0,200,0,100.0,21676.0,100.0,43051310016.0,100.0,107166236950.0
2018-04-23,S301PRC9,ST4000DM000,4000787030016,0,114,81763472,97,0,100,3,100,0,77,51241966,76,21772,100,0,100,3,100.0,0.0,100.0,0.0,100.0,0.0,100.0,0.0,100.0,0.0,81.0,19.0,100.0,0.0,100.0,0.0,96.0,9155.0,19,19,100,0,100,0,200,0,100.0,21700.0,100.0,43069412952.0,100.0,107369550393.0
2018-04-24,S301PRC9,ST4000DM000,4000787030016,0,117,137984784,97,0,100,3,100,0,77,52935267,76,21796,100,0,100,3,100.0,0.0,100.0,0.0,100.0,0.0,100.0,0.0,100.0,0.0,81.0,19.0,100.0,0.0,100.0,0.0,96.0,9155.0,19,19,100,0,100,0,200,0,100.0,21724.0,100.0,43097402800.0,100.0,107554783529.0
2018-04-25,S301PRC9,ST4000DM000,4000787030016,0,105,10422880,97,0,100,3,100,0,77,54852434,76,21820,100,0,100,3,100.0,0.0,100.0,0.0,100.0,0.0,100.0,0.0,100.0,0.0,80.0,20.0,100.0,0.0,100.0,0.0,96.0,9155.0,20,20,100,0,100,0,200,0,100.0,21748.0,100.0,43110264448.0,100.0,107711795340.0
2018-04-26,S301PRC9,ST4000DM000,4000787030016,0,119,234509296,97,0,100,3,100,0,77,56275957,76,21846,100,0,100,3,100.0,0.0,100.0,0.0,100.0,0.0,100.0,0.0,100.0,0.0,80.0,20.0,100.0,0.0,100.0,0.0,96.0,9156.0,20,20,100,0,100,0,200,0,100.0,21774.0,100.0,43129433648.0,100.0,107875895430.0
2018-04-27,S301PRC9,ST4000DM000,4000787030016,0,111,33624328,97,0,100,3,100,0,77,57250243,76,21870,100,0,100,3,100.0,0.0,100.0,0.0,100.0,0.0,100.0,0.0,100.0,0.0,80.0,20.0,100.0,0.0,100.0,0.0,96.0,9156.0,20,20,100,0,100,0,200,0,100.0,21798.0,100.0,43143030848.0,100.0,107972196999.0
2018-04-28,S301PRC9,ST4000DM000,4000787030016,0,111,29667968,97,0,100,3,100,0,77,57743834,76,21893,100,0,100,3,100.0,0.0,100.0,0.0,100.0,0.0,100.0,0.0,100.0,0.0,82.0,18.0,100.0,0.0,100.0,0.0,96.0,9156.0,18,18,100,0,100,0,200,0,100.0,21822.0,100.0,43153676288.0,100.0,108035971662.0
2018-04-29,S301PRC9,ST4000DM000,4000787030016,0,114,70898296,97,0,100,3,100,0,78,59266908,75,21917,100,0,100,3,100.0,0.0,100.0,0.0,100.0,0.0,100.0,0.0,100.0,0.0,80.0,20.0,100.0,0.0,100.0,0.0,96.0,9156.0,20,20,100,0,100,0,200,0,100.0,21846.0,100.0,43171474928.0,100.0,108153325062.0
2018-04-30,S301PRC9,ST4000DM000,4000787030016,0,118,184005728,97,0,100,3,100,0,78,60149924,75,21941,100,0,100,3,100.0,0.0,100.0,0.0,100.0,0.0,100.0,0.0,100.0,0.0,80.0,20.0,100.0,0.0,100.0,0.0,96.0,9156.0,20,20,100,0,100,0,200,0,100.0,21870.0,100.0,43182609624.0,100.0,108284263512.0
2018-05-01,S301PRC9,ST4000DM000,4000787030016,0,107,14015680,97,0,100,3,100,0,78,61157495,75,21965,100,0,100,3,100.0,0.0,100.0,0.0,100.0,0.0,100.0,0.0,100.0,0.0,80.0,20.0,100.0,0.0,100.0,0.0,96.0,9156.0,20,20,100,0,100,0,200,0,100.0,21894.0,100.0,43193655272.0,100.0,108436785564.0
2018-05-02,S301PRC9,ST4000DM000,4000787030016,0,116.0,104317560.0,97.0,0.0,100.0,3.0,100.0,0.0,78.0,62194512.0,75.0,21989.0,100.0,0.0,100.0,3.0,100.0,0.0,100.0,0.0,100.0,0.0,100.0,0.0,100.0,0.0,81.0,19.0,100.0,0.0,100.0,0.0,96.0,9156.0,19.0,19.0,100.0,0.0,100.0,0.0,200.0,0.0,100.0,21918.0,100.0,43211223248.0,100.0,108554445424.0
2018-05-03,S301PRC9,ST4000DM000,4000787030016,0,119,216097944,97,0,100,3,100,0,78,63568645,75,22012,100,0,100,3,100.0,0.0,100.0,0.0,100.0,0.0,100.0,0.0,100.0,0.0,80.0,20.0,100.0,0.0,100.0,0.0,96.0,9160.0,20,20,100,0,100,0,200,0,100.0,21940.0,100.0,43223737152.0,100.0,108705574522.0
2018-05-04,S301PRC9,ST4000DM000,4000787030016,0,117,164548192,97,0,100,3,100,0,78,65319073,75,22036,100,0,100,3,100.0,0.0,100.0,0.0,100.0,0.0,100.0,0.0,100.0,0.0,80.0,20.0,100.0,0.0,100.0,0.0,96.0,9160.0,20,20,100,0,100,0,200,0,100.0,21964.0,100.0,43239681616.0,100.0,108881191605.0
2018-05-05,S301PRC9,ST4000DM000,4000787030016,0,114,70318120,97,0,100,3,100,0,78,66598562,75,22060,100,0,100,3,100.0,0.0,100.0,0.0,100.0,0.0,100.0,0.0,100.0,0.0,80.0,20.0,100.0,0.0,100.0,0.0,96.0,9160.0,20,20,100,0,100,0,200,0,100.0,21988.0,100.0,43254110936.0,100.0,109038254995.0
2018-05-06,S301PRC9,ST4000DM000,4000787030016,0,118,180837448,97,0,100,3,100,0,78,69315681,75,22083,100,0,100,3,100.0,0.0,100.0,0.0,100.0,0.0,100.0,0.0,100.0,0.0,80.0,20.0,100.0,0.0,100.0,0.0,96.0,9160.0,20,20,100,0,100,0,200,0,100.0,22012.0,100.0,43279893984.0,100.0,109127432525.0
2018-05-07,S301PRC9,ST4000DM000,4000787030016,0,114,78352408,97,0,100,3,100,0,78,70228751,75,22107,100,0,100,3,100.0,0.0,100.0,0.0,100.0,0.0,100.0,0.0,100.0,0.0,80.0,20.0,100.0,0.0,100.0,0.0,96.0,9160.0,20,20,100,0,100,0,200,0,100.0,22036.0,100.0,43295789488.0,100.0,109252246712.0
2018-05-08,S301PRC9,ST4000DM000,4000787030016,0,117,134919728,97,0,100,3,100,0,78,71321916,75,22131,100,0,100,3,100.0,0.0,100.0,0.0,100.0,0.0,100.0,0.0,100.0,0.0,80.0,20.0,100.0,0.0,100.0,0.0,96.0,9160.0,20,20,100,0,100,0,200,0,100.0,22060.0,100.0,43309240360.0,100.0,109398293010.0
2018-05-09,S301PRC9,ST4000DM000,4000787030016,0,114,70294656,97,0,100,3,100,0,78,72461071,75,22156,100,0,100,3,100.0,0.0,100.0,0.0,100.0,0.0,100.0,0.0,100.0,0.0,80.0,20.0,100.0,0.0,100.0,0.0,96.0,9160.0,20,20,100,0,100,0,200,0,100.0,22084.0,100.0,43322630496.0,100.0,109539849073.0
2018-05-10,S301PRC9,ST4000DM000,4000787030016,0,120,241679352,97,0,100,3,100,0,78,73948649,75,22181,100,0,100,3,100.0,0.0,100.0,0.0,100.0,0.0,100.0,0.0,100.0,0.0,80.0,20.0,100.0,0.0,100.0,0.0,96.0,9163.0,20,20,100,0,100,0,200,0,100.0,22109.0,100.0,43341376168.0,100.0,109717741528.0
2018-05-11,S301PRC9,ST4000DM000,4000787030016,0,118,176778920,97,0,100,3,100,0,78,75205620,75,22205,100,0,100,3,100.0,0.0,100.0,0.0,100.0,0.0,100.0,0.0,100.0,0.0,80.0,20.0,100.0,0.0,100.0,0.0,96.0,9163.0,20,20,100,0,100,0,200,0,100.0,22133.0,100.0,43360723160.0,100.0,109813608593.0
2018-05-12,S301PRC9,ST4000DM000,4000787030016,0,119,219056152,97,0,100,3,100,0,78,76242512,75,22228,100,0,100,3,100.0,0.0,100.0,0.0,100.0,0.0,100.0,0.0,100.0,0.0,80.0,20.0,100.0,0.0,100.0,0.0,96.0,9163.0,20,20,100,0,100,0,200,0,100.0,22156.0,100.0,43381067408.0,100.0,109937912178.0
2018-05-13,S301PRC9,ST4000DM000,4000787030016,0,120,241126744,97,0,100,3,100,0,78,77557506,75,22252,100,0,100,3,100.0,0.0,100.0,0.0,100.0,0.0,100.0,0.0,100.0,0.0,80.0,20.0,100.0,0.0,100.0,0.0,96.0,9163.0,20,20,100,0,100,0,200,0,100.0,22180.0,100.0,43397029968.0,100.0,109996344861.0
2018-05-14,S301PRC9,ST4000DM000,4000787030016,0,119,232065968,97,0,100,3,100,0,78,78989048,75,22276,100,0,100,3,100.0,0.0,100.0,0.0,100.0,0.0,100.0,0.0,100.0,0.0,80.0,20.0,100.0,0.0,100.0,0.0,96.0,9163.0,20,20,100,0,100,0,200,0,100.0,22204.0,100.0,43430158512.0,100.0,110143107325.0
2018-05-15,S301PRC9,ST4000DM000,4000787030016,0,114.0,78137552.0,97.0,0.0,100.0,3.0,100.0,0.0,78.0,80272167.0,75.0,22300.0,100.0,0.0,100.0,3.0,100.0,0.0,100.0,0.0,100.0,0.0,100.0,0.0,100.0,0.0,80.0,20.0,100.0,0.0,100.0,0.0,96.0,9163.0,20.0,20.0,100.0,0.0,100.0,0.0,200.0,0.0,100.0,22228.0,100.0,43445141384.0,100.0,110296674424.0
2018-05-16,S301PRC9,ST4000DM000,4000787030016,0,111,31164536,97,0,100,3,100,0,78,81475914,75,22324,100,0,100,3,100.0,0.0,100.0,0.0,100.0,0.0,100.0,0.0,100.0,0.0,80.0,20.0,100.0,0.0,100.0,0.0,96.0,9163.0,20,20,100,0,100,0,200,0,100.0,22252.0,100.0,43459753256.0,100.0,110450477549.0
2018-05-17,S301PRC9,ST4000DM000,4000787030016,0,117,144269928,97,0,100,3,100,0,78,82152759,75,22346,100,0,100,3,100.0,0.0,100.0,0.0,100.0,0.0,100.0,0.0,100.0,0.0,79.0,21.0,100.0,0.0,100.0,0.0,96.0,9163.0,21,21,100,0,100,0,200,0,100.0,22274.0,100.0,43473521592.0,100.0,110511947010.0
2018-05-18,S301PRC9,ST4000DM000,4000787030016,0,114,64292408,97,0,100,3,100,0,78,83313152,75,22370,100,0,100,3,100.0,0.0,100.0,0.0,100.0,0.0,100.0,0.0,100.0,0.0,79.0,21.0,100.0,0.0,100.0,0.0,96.0,9166.0,21,21,100,0,100,0,200,0,100.0,22299.0,100.0,43489976368.0,100.0,110651764711.0
2018-05-19,S301PRC9,ST4000DM000,4000787030016,0,102,4370984,97,0,100,3,100,0,79,84214439,75,22394,100,0,100,3,100.0,0.0,100.0,0.0,100.0,0.0,100.0,0.0,100.0,0.0,80.0,20.0,100.0,0.0,100.0,0.0,96.0,9166.0,20,20,100,0,100,0,200,0,100.0,22322.0,100.0,43501994112.0,100.0,110751046438.0
2018-05-20,S301PRC9,ST4000DM000,4000787030016,0,117,166010608,97,0,100,3,100,0,79,85834259,75,22418,100,0,100,3,100.0,0.0,100.0,0.0,100.0,0.0,100.0,0.0,100.0,0.0,80.0,20.0,100.0,0.0,100.0,0.0,96.0,9166.0,20,20,100,0,100,0,200,0,100.0,22347.0,100.0,43514544440.0,100.0,110853016430.0
2018-05-21,S301PRC9,ST4000DM000,4000787030016,0,116,114556496,97,0,100,3,100,0,79,87254376,75,22443,100,0,100,3,100.0,0.0,100.0,0.0,100.0,0.0,100.0,0.0,100.0,0.0,80.0,20.0,100.0,0.0,100.0,0.0,96.0,9166.0,20,20,100,0,100,0,200,0,100.0,22371.0,100.0,43527454920.0,100.0,111013318618.0
2018-05-22,S301PRC9,ST4000DM000,4000787030016,0,118,188611376,97,0,100,3,100,0,79,88155311,75,22466,100,0,100,3,100.0,0.0,100.0,0.0,100.0,0.0,100.0,0.0,100.0,0.0,80.0,20.0,100.0,0.0,100.0,0.0,96.0,9166.0,20,20,100,0,100,0,200,0,100.0,22395.0,100.0,43542351928.0,100.0,111115541737.0
2018-05-23,S301PRC9,ST4000DM000,4000787030016,0,118,190922760,97,0,100,3,100,0,79,89138355,75,22490,100,0,100,3,100.0,0.0,100.0,0.0,100.0,0.0,100.0,0.0,100.0,0.0,80.0,20.0,100.0,0.0,100.0,0.0,96.0,9166.0,20,20,100,0,100,0,200,0,100.0,22418.0,100.0,43556310376.0,100.0,111236259449.0
2018-05-24,S301PRC9,ST4000DM000,4000787030016,0,117,124926528,97,0,100,3,100,0,79,90345061,75,22514,100,0,100,3,100.0,0.0,100.0,0.0,100.0,0.0,100.0,0.0,100.0,0.0,80.0,20.0,100.0,0.0,100.0,0.0,96.0,9166.0,20,20,100,0,100,0,200,0,100.0,22443.0,100.0,43568404216.0,100.0,111360639158.0
2018-05-25,S301PRC9,ST4000DM000,4000787030016,0,108,19546312,97,0,100,3,100,0,79,91942805,75,22537,100,0,100,3,100.0,0.0,100.0,0.0,100.0,0.0,100.0,0.0,100.0,0.0,80.0,20.0,100.0,0.0,100.0,0.0,96.0,9168.0,20,20,100,0,100,0,200,0,100.0,22465.0,100.0,43580060248.0,100.0,111473974745.0
2018-05-26,S301PRC9,ST4000DM000,4000787030016,0,115,94917808,97,0,100,3,100,0,79,93093541,75,22560,100,0,100,3,100.0,0.0,100.0,0.0,100.0,0.0,100.0,0.0,100.0,0.0,79.0,21.0,100.0,0.0,100.0,0.0,96.0,9168.0,21,21,100,0,100,0,200,0,100.0,22489.0,100.0,43592946504.0,100.0,111574853072.0
2018-05-27,S301PRC9,ST4000DM000,4000787030016,0,119,220485280,97,0,100,3,100,0,79,95691553,75,22585,100,0,100,3,100.0,0.0,100.0,0.0,100.0,0.0,100.0,0.0,100.0,0.0,80.0,20.0,100.0,0.0,100.0,0.0,96.0,9168.0,20,20,100,0,100,0,200,0,100.0,22513.0,100.0,43628112288.0,100.0,111658950071.0
2018-05-28,S301PRC9,ST4000DM000,4000787030016,0,106,11997160,97,0,100,3,100,0,79,96556175,75,22609,100,0,100,3,100.0,0.0,100.0,0.0,100.0,0.0,100.0,0.0,100.0,0.0,80.0,20.0,100.0,0.0,100.0,0.0,96.0,9168.0,20,20,100,0,100,0,200,0,100.0,22537.0,100.0,43641529352.0,100.0,111746362178.0
2018-05-29,S301PRC9,ST4000DM000,4000787030016,0,114,81158008,97,0,100,3,100,0,79,97383842,75,22633,100,0,100,3,100.0,0.0,100.0,0.0,100.0,0.0,100.0,0.0,100.0,0.0,80.0,20.0,100.0,0.0,100.0,0.0,96.0,9168.0,20,20,100,0,100,0,200,0,100.0,22561.0,100.0,43651477184.0,100.0,111841653899.0
2018-05-30,S301PRC9,ST4000DM000,4000787030016,0,115,88799256,97,0,100,3,100,0,79,98252421,75,22657,100,0,100,3,100.0,0.0,100.0,0.0,100.0,0.0,100.0,0.0,100.0,0.0,80.0,20.0,100.0,0.0,100.0,0.0,96.0,9168.0,20,20,100,0,100,0,200,0,100.0,22585.0,100.0,43665501488.0,100.0,111922623583.0
2018-05-31,S301PRC9,ST4000DM000,4000787030016,0,119,234446848,97,0,100,3,100,0,79,99756454,75,22685,100,0,100,3,100.0,0.0,100.0,0.0,100.0,0.0,100.0,0.0,100.0,0.0,80.0,20.0,100.0,0.0,100.0,0.0,96.0,9169.0,20,20,100,0,100,0,200,0,100.0,22613.0,100.0,43684629976.0,100.0,112057517547.0
2018-06-01,S301PRC9,ST4000DM000,4000787030016,0,118,175587584,97,0,100,3,100,0,80,101244052,75,22708,100,0,100,3,100.0,0.0,100.0,0.0,100.0,0.0,100.0,0.0,100.0,0.0,80.0,20.0,100.0,0.0,100.0,0.0,96.0,9169.0,20,20,100,0,100,0,200,0,100.0,22636.0,100.0,43696915744.0,100.0,112162324807.0
2018-06-02,S301PRC9,ST4000DM000,4000787030016,0,111,31532008,97,0,100,3,100,0,80,102506755,75,22733,100,0,100,3,100.0,0.0,100.0,0.0,100.0,0.0,100.0,0.0,100.0,0.0,80.0,20.0,100.0,0.0,100.0,0.0,96.0,9169.0,20,20,100,0,100,0,200,0,100.0,22661.0,100.0,43708539856.0,100.0,112301271673.0
2018-06-03,S301PRC9,ST4000DM000,4000787030016,0,116,116186272,97,0,100,3,100,0,80,104174598,75,22757,100,0,100,3,100.0,0.0,100.0,0.0,100.0,0.0,100.0,0.0,100.0,0.0,80.0,20.0,100.0,0.0,100.0,0.0,96.0,9169.0,20,20,100,0,100,0,200,0,100.0,22685.0,100.0,43729787456.0,100.0,112382896237.0
2018-06-04,S301PRC9,ST4000DM000,4000787030016,0,117,138803024,97,0,100,3,100,0,80,105296326,74,22780,100,0,100,3,100.0,0.0,100.0,0.0,100.0,0.0,100.0,0.0,100.0,0.0,80.0,20.0,100.0,0.0,100.0,0.0,96.0,9169.0,20,20,100,0,100,0,200,0,100.0,22708.0,100.0,43742348616.0,100.0,112499675177.0
2018-06-05,S301PRC9,ST4000DM000,4000787030016,0,118,193105200,97,0,100,3,100,0,80,107481424,74,22804,100,0,100,3,100.0,0.0,100.0,0.0,100.0,0.0,100.0,0.0,100.0,0.0,80.0,20.0,100.0,0.0,100.0,0.0,96.0,9169.0,20,20,100,0,100,0,200,0,100.0,22732.0,100.0,43779438320.0,100.0,112607190522.0
2018-06-06,S301PRC9,ST4000DM000,4000787030016,0,112,47442032,97,0,100,3,100,0,80,107961512,74,22829,100,0,100,3,100.0,0.0,100.0,0.0,100.0,0.0,100.0,0.0,100.0,0.0,80.0,20.0,100.0,0.0,100.0,0.0,96.0,9169.0,20,20,100,0,100,0,200,0,100.0,22757.0,100.0,43793390480.0,100.0,112664744239.0
2018-06-07,S301PRC9,ST4000DM000,4000787030016,0,114,63400496,97,0,100,3,100,0,80,108834584,74,22853,100,0,100,3,100.0,0.0,100.0,0.0,100.0,0.0,100.0,0.0,100.0,0.0,80.0,20.0,100.0,0.0,100.0,0.0,96.0,9169.0,20,20,100,0,100,0,200,0,100.0,22781.0,100.0,43805519288.0,100.0,112758102740.0
2018-06-08,S301PRC9,ST4000DM000,4000787030016,0,116,103009264,97,0,100,3,100,0,80,110287607,74,22876,100,0,100,3,100.0,0.0,100.0,0.0,100.0,0.0,100.0,0.0,100.0,0.0,80.0,20.0,100.0,0.0,100.0,0.0,96.0,9172.0,20,20,100,0,100,0,200,0,100.0,22804.0,100.0,43822992688.0,100.0,112921298584.0
2018-06-09,S301PRC9,ST4000DM000,4000787030016,0,118,190884632,97,0,100,3,100,0,80,111147970,74,22900,100,0,100,3,100.0,0.0,100.0,0.0,100.0,0.0,100.0,0.0,100.0,0.0,80.0,20.0,100.0,0.0,100.0,0.0,96.0,9172.0,20,20,100,0,100,0,200,0,100.0,22828.0,100.0,43837212232.0,100.0,113052513873.0
2018-06-10,S301PRC9,ST4000DM000,4000787030016,0,104,7204704,97,0,100,3,100,0,80,113697165,74,22925,100,0,100,3,100.0,0.0,100.0,0.0,100.0,0.0,100.0,0.0,100.0,0.0,81.0,19.0,100.0,0.0,100.0,0.0,96.0,9172.0,19,19,100,0,100,0,200,0,100.0,22853.0,100.0,43861141296.0,100.0,113160336460.0
2018-06-11,S301PRC9,ST4000DM000,4000787030016,0,115,86463280,97,0,100,3,100,0,80,114107063,74,22949,100,0,100,3,100.0,0.0,100.0,0.0,100.0,0.0,100.0,0.0,100.0,0.0,80.0,20.0,100.0,0.0,100.0,0.0,96.0,9172.0,20,20,100,0,100,0,200,0,100.0,22877.0,100.0,43879618824.0,100.0,113188307039.0
2018-06-12,S301PRC9,ST4000DM000,4000787030016,0,113,56584744,97,0,100,3,100,0,80,114805444,74,22972,100,0,100,3,100.0,0.0,100.0,0.0,100.0,0.0,100.0,0.0,100.0,0.0,80.0,20.0,100.0,0.0,100.0,0.0,96.0,9172.0,20,20,100,0,100,0,200,0,100.0,22900.0,100.0,43890289096.0,100.0,113323829284.0
2018-06-13,S301PRC9,ST4000DM000,4000787030016,0,114,65207648,97,0,100,3,100,0,80,115422512,74,22997,100,0,100,3,100.0,0.0,100.0,0.0,100.0,0.0,100.0,0.0,100.0,0.0,80.0,20.0,100.0,0.0,100.0,0.0,96.0,9172.0,20,20,100,0,100,0,200,0,100.0,22925.0,100.0,43904741336.0,100.0,113491233238.0
2018-06-14,S301PRC9,ST4000DM000,4000787030016,0,113,50769080,97,0,100,3,100,0,80,116151324,74,23019,100,0,100,3,100.0,0.0,100.0,0.0,100.0,0.0,100.0,0.0,100.0,0.0,79.0,21.0,100.0,0.0,100.0,0.0,96.0,9175.0,21,21,100,0,100,0,200,0,100.0,22947.0,100.0,43921466616.0,100.0,113636366154.0
2018-06-15,S301PRC9,ST4000DM000,4000787030016,0,117.0,129825576.0,97.0,0.0,100.0,3.0,100.0,0.0,80.0,117398972.0,74.0,23043.0,100.0,0.0,100.0,3.0,100.0,0.0,100.0,0.0,100.0,0.0,100.0,0.0,100.0,0.0,79.0,21.0,100.0,0.0,100.0,0.0,96.0,9175.0,21.0,21.0,100.0,0.0,100.0,0.0,200.0,0.0,100.0,22971.0,100.0,43935553752.0,100.0,113809204134.0
2018-06-16,S301PRC9,ST4000DM000,4000787030016,0,119.0,204251136.0,97.0,0.0,100.0,3.0,100.0,0.0,81.0,117947992.0,74.0,23067.0,100.0,0.0,100.0,3.0,100.0,0.0,100.0,0.0,100.0,0.0,100.0,0.0,100.0,0.0,79.0,21.0,100.0,0.0,100.0,0.0,96.0,9175.0,21.0,21.0,100.0,0.0,100.0,0.0,200.0,0.0,100.0,22995.0,100.0,43950165616.0,100.0,113966383510.0
2018-06-17,S301PRC9,ST4000DM000,4000787030016,0,119.0,227910336.0,97.0,0.0,100.0,3.0,100.0,0.0,81.0,119214672.0,74.0,23091.0,100.0,0.0,100.0,3.0,100.0,0.0,100.0,0.0,100.0,0.0,100.0,0.0,100.0,0.0,80.0,20.0,100.0,0.0,100.0,0.0,96.0,9175.0,20.0,20.0,100.0,0.0,100.0,0.0,200.0,0.0,100.0,23019.0,100.0,43964229248.0,100.0,114100982446.0
2018-06-18,S301PRC9,ST4000DM000,4000787030016,0,117.0,138318072.0,97.0,0.0,100.0,3.0,100.0,0.0,81.0,119834528.0,74.0,23115.0,100.0,0.0,100.0,3.0,100.0,0.0,100.0,0.0,100.0,0.0,100.0,0.0,100.0,0.0,80.0,20.0,100.0,0.0,100.0,0.0,96.0,9175.0,20.0,20.0,100.0,0.0,100.0,0.0,200.0,0.0,100.0,23043.0,100.0,43978731072.0,100.0,114266214781.0
2018-06-19,S301PRC9,ST4000DM000,4000787030016,0,108,16228952,97,0,100,3,100,0,81,120481639,74,23139,100,0,100,3,100.0,0.0,100.0,0.0,100.0,0.0,100.0,0.0,100.0,0.0,80.0,20.0,100.0,0.0,100.0,0.0,96.0,9175.0,20,20,100,0,100,0,200,0,100.0,23067.0,100.0,43995753616.0,100.0,114419662763.0
2018-06-20,S301PRC9,ST4000DM000,4000787030016,0,119,220505928,97,0,100,3,100,0,81,121044644,74,23163,100,0,100,3,100.0,0.0,100.0,0.0,100.0,0.0,100.0,0.0,100.0,0.0,81.0,19.0,100.0,0.0,100.0,0.0,96.0,9175.0,19,19,100,0,100,0,200,0,100.0,23091.0,100.0,44009191848.0,100.0,114585783094.0
2018-06-21,S301PRC9,ST4000DM000,4000787030016,0,119,230113680,97,0,100,3,100,0,81,121821324,74,23187,100,0,100,3,100.0,0.0,100.0,0.0,100.0,0.0,100.0,0.0,100.0,0.0,80.0,20.0,100.0,0.0,100.0,0.0,96.0,9175.0,20,20,100,0,100,0,200,0,100.0,23115.0,100.0,44029121192.0,100.0,114775542198.0
2018-06-22,S301PRC9,ST4000DM000,4000787030016,0,118,174855584,97,0,100,3,100,0,81,124479233,74,23211,100,0,100,3,100.0,0.0,100.0,0.0,100.0,0.0,100.0,0.0,100.0,0.0,80.0,20.0,100.0,0.0,100.0,0.0,96.0,9175.0,20,20,100,0,100,0,200,0,100.0,23139.0,100.0,44046739112.0,100.0,114965792303.0
2018-06-23,S301PRC9,ST4000DM000,4000787030016,0,114,64968512,97,0,100,3,100,0,81,125413546,74,23235,100,0,100,3,100.0,0.0,100.0,0.0,100.0,0.0,100.0,0.0,100.0,0.0,80.0,20.0,100.0,0.0,100.0,0.0,96.0,9175.0,20,20,100,0,100,0,200,0,100.0,23163.0,100.0,44060108520.0,100.0,115125407147.0
2018-06-24,S301PRC9,ST4000DM000,4000787030016,0,114,79324120,97,0,100,3,100,0,81,126725437,74,23259,100,0,100,3,100.0,0.0,100.0,0.0,100.0,0.0,100.0,0.0,100.0,0.0,80.0,20.0,100.0,0.0,100.0,0.0,96.0,9176.0,20,20,100,0,100,0,200,0,100.0,23187.0,100.0,44073116744.0,100.0,115198244344.0
2018-06-25,S301PRC9,ST4000DM000,4000787030016,0,119,203555176,97,0,100,3,100,0,81,127594906,74,23283,100,0,100,3,100.0,0.0,100.0,0.0,100.0,0.0,100.0,0.0,100.0,0.0,79.0,21.0,100.0,0.0,100.0,0.0,96.0,9176.0,21,21,100,0,100,0,200,0,100.0,23210.0,100.0,44086362064.0,100.0,115335825804.0
2018-06-26,S301PRC9,ST4000DM000,4000787030016,0,117,137129152,97,0,100,3,100,0,81,128792553,74,23307,100,0,100,3,100.0,0.0,100.0,0.0,100.0,0.0,100.0,0.0,100.0,0.0,79.0,21.0,100.0,0.0,100.0,0.0,96.0,9176.0,21,21,100,0,100,0,200,0,100.0,23235.0,100.0,44108800688.0,100.0,115490420975.0
2018-06-27,S301PRC9,ST4000DM000,4000787030016,0,119,221970696,97,0,100,3,100,0,81,130738566,74,23331,100,0,100,3,100.0,0.0,100.0,0.0,100.0,0.0,100.0,0.0,100.0,0.0,80.0,20.0,100.0,0.0,100.0,0.0,96.0,9176.0,20,20,100,0,100,0,200,0,100.0,23259.0,100.0,44128412848.0,100.0,115683447896.0
2018-06-28,S301PRC9,ST4000DM000,4000787030016,0,111,33506360,97,0,100,3,100,0,81,132313909,74,23355,100,0,100,3,100.0,0.0,100.0,0.0,100.0,0.0,100.0,0.0,100.0,0.0,79.0,21.0,100.0,0.0,100.0,0.0,96.0,9176.0,21,21,100,0,100,0,200,0,100.0,23282.0,100.0,44166132168.0,100.0,115861924474.0
2018-06-29,S301PRC9,ST4000DM000,4000787030016,0,105,7523136,97,0,100,3,100,0,81,135182449,74,23384,100,0,100,3,100.0,0.0,100.0,0.0,100.0,0.0,100.0,0.0,100.0,0.0,80.0,20.0,100.0,0.0,100.0,0.0,96.0,9179.0,20,20,100,0,100,0,200,0,100.0,23312.0,100.0,44188869344.0,100.0,116066214741.0
2018-06-30,S301PRC9,ST4000DM000,4000787030016,0,120,243681960,97,0,100,3,100,0,81,136188302,74,23408,100,0,100,3,100.0,0.0,100.0,0.0,100.0,0.0,100.0,0.0,100.0,0.0,80.0,20.0,100.0,0.0,100.0,0.0,96.0,9179.0,20,20,100,0,100,0,200,0,100.0,23336.0,100.0,44211703712.0,100.0,116224684265.0
2018-07-01,S301PRC9,ST4000DM000,4000787030016,0,116,105877032,97,0,100,3,100,0,81,137678631,74,23432,100,0,100,3,100.0,0.0,100.0,0.0,100.0,0.0,100.0,0.0,100.0,0.0,80.0,20.0,100.0,0.0,100.0,0.0,96.0,9179.0,20,20,100,0,100,0,200,0,100.0,23359.0,100.0,44234112896.0,100.0,116315040241.0
2018-07-02,S301PRC9,ST4000DM000,4000787030016,0,119,213883968,97,0,100,3,100,0,81,138622980,74,23456,100,0,100,3,100.0,0.0,100.0,0.0,100.0,0.0,100.0,0.0,100.0,0.0,79.0,21.0,100.0,0.0,100.0,0.0,96.0,9179.0,21,21,100,0,100,0,200,0,100.0,23384.0,100.0,44254194312.0,100.0,116449220807.0
2018-07-03,S301PRC9,ST4000DM000,4000787030016,0,118,168107904,97,0,100,3,100,0,81,139846717,74,23480,100,0,100,3,100.0,0.0,100.0,0.0,100.0,0.0,100.0,0.0,100.0,0.0,80.0,20.0,100.0,0.0,100.0,0.0,96.0,9179.0,20,20,100,0,100,0,200,0,100.0,23408.0,100.0,44276055248.0,100.0,116609352574.0
2018-07-04,S301PRC9,ST4000DM000,4000787030016,0,117,130387232,97,0,100,3,100,0,81,140875963,74,23504,100,0,100,3,100.0,0.0,100.0,0.0,100.0,0.0,100.0,0.0,100.0,0.0,80.0,20.0,100.0,0.0,100.0,0.0,96.0,9179.0,20,20,100,0,100,0,200,0,100.0,23432.0,100.0,44292954144.0,100.0,116727108605.0
2018-07-05,S301PRC9,ST4000DM000,4000787030016,0,112,49820880,97,0,100,3,100,0,81,142685689,74,23528,100,0,100,3,100.0,0.0,100.0,0.0,100.0,0.0,100.0,0.0,100.0,0.0,80.0,20.0,100.0,0.0,100.0,0.0,96.0,9179.0,20,20,100,0,100,0,200,0,100.0,23456.0,100.0,44309056840.0,100.0,116912100471.0
2018-07-06,S301PRC9,ST4000DM000,4000787030016,0,120,240988936,97,0,100,3,100,0,81,144167355,74,23552,100,0,100,3,100.0,0.0,100.0,0.0,100.0,0.0,100.0,0.0,100.0,0.0,80.0,20.0,100.0,0.0,100.0,0.0,96.0,9179.0,20,20,100,0,100,0,200,0,100.0,23480.0,100.0,44324534056.0,100.0,117051429323.0
2018-07-07,S301PRC9,ST4000DM000,4000787030016,0,114,71379072,97,0,100,3,100,0,81,145179866,74,23576,100,0,100,3,100.0,0.0,100.0,0.0,100.0,0.0,100.0,0.0,100.0,0.0,79.0,21.0,100.0,0.0,100.0,0.0,96.0,9179.0,21,21,100,0,100,0,200,0,100.0,23504.0,100.0,44339132952.0,100.0,117178478965.0
2018-07-08,S301PRC9,ST4000DM000,4000787030016,0,119,219246744,97,0,100,3,100,0,81,146915642,74,23600,100,0,100,3,100.0,0.0,100.0,0.0,100.0,0.0,100.0,0.0,100.0,0.0,79.0,21.0,100.0,0.0,100.0,0.0,96.0,9179.0,21,21,100,0,100,0,200,0,100.0,23528.0,100.0,44371288712.0,100.0,117276013016.0
2018-07-09,S301PRC9,ST4000DM000,4000787030016,0,118,174661640,97,0,100,3,100,0,81,148196830,74,23624,100,0,100,3,100.0,0.0,100.0,0.0,100.0,0.0,100.0,0.0,100.0,0.0,79.0,21.0,100.0,0.0,100.0,0.0,96.0,9179.0,21,21,100,0,100,0,200,0,100.0,23551.0,100.0,44388969568.0,100.0,117418687208.0
2018-07-10,S301PRC9,ST4000DM000,4000787030016,0,118.0,174734072.0,97.0,0.0,100.0,3.0,100.0,0.0,81.0,150657100.0,74.0,23648.0,100.0,0.0,100.0,3.0,100.0,0.0,100.0,0.0,100.0,0.0,100.0,0.0,100.0,0.0,80.0,20.0,100.0,0.0,100.0,0.0,96.0,9179.0,20.0,20.0,100.0,0.0,100.0,0.0,200.0,0.0,100.0,23575.0,100.0,44406930648.0,100.0,117584316459.0
2018-07-11,S301PRC9,ST4000DM000,4000787030016,0,106,10512880,97,0,100,3,100,0,81,151458991,73,23672,100,0,100,3,100.0,0.0,100.0,0.0,100.0,0.0,100.0,0.0,100.0,0.0,79.0,21.0,100.0,0.0,100.0,0.0,96.0,9179.0,21,21,100,0,100,0,200,0,100.0,23599.0,100.0,44424449792.0,100.0,117683944923.0
2018-07-12,S301PRC9,ST4000DM000,4000787030016,0,111,37100320,97,0,100,3,100,0,81,152856869,73,23695,100,0,100,3,100.0,0.0,100.0,0.0,100.0,0.0,100.0,0.0,100.0,0.0,80.0,20.0,100.0,0.0,100.0,0.0,96.0,9183.0,20,20,100,0,100,0,200,0,100.0,23623.0,100.0,44437988408.0,100.0,117815613536.0
2018-07-13,S301PRC9,ST4000DM000,4000787030016,0,111,33719256,97,0,100,3,100,0,81,154070445,73,23719,100,0,100,3,100.0,0.0,100.0,0.0,100.0,0.0,100.0,0.0,100.0,0.0,80.0,20.0,100.0,0.0,100.0,0.0,96.0,9183.0,20,20,100,0,100,0,200,0,100.0,23646.0,100.0,44453600320.0,100.0,117904874826.0
2018-07-14,S301PRC9,ST4000DM000,4000787030016,0,117,161636336,97,0,100,3,100,0,81,155304709,73,23743,100,0,100,3,100.0,0.0,100.0,0.0,100.0,0.0,100.0,0.0,100.0,0.0,80.0,20.0,100.0,0.0,100.0,0.0,96.0,9183.0,20,20,100,0,100,0,200,0,100.0,23671.0,100.0,44460884240.0,100.0,118058372209.0
2018-07-15,S301PRC9,ST4000DM000,4000787030016,0,117,141098112,97,0,100,3,100,0,81,156862239,73,23767,100,0,100,3,100.0,0.0,100.0,0.0,100.0,0.0,100.0,0.0,100.0,0.0,80.0,20.0,100.0,0.0,100.0,0.0,96.0,9188.0,20,20,100,0,100,0,200,0,100.0,23694.0,100.0,44472078560.0,100.0,118159774364.0
2018-07-16,S301PRC9,ST4000DM000,4000787030016,0,117,145463808,97,0,100,3,100,0,81,158098168,73,23791,100,0,100,3,100.0,0.0,100.0,0.0,100.0,0.0,100.0,0.0,100.0,0.0,79.0,21.0,100.0,0.0,100.0,0.0,96.0,9188.0,21,21,100,0,100,0,200,0,100.0,23719.0,100.0,44487941160.0,100.0,118317148259.0
2018-07-17,S301PRC9,ST4000DM000,4000787030016,0,115,91930480,97,0,100,3,100,0,81,158691223,73,23815,100,0,100,3,100.0,0.0,100.0,0.0,100.0,0.0,100.0,0.0,100.0,0.0,79.0,21.0,100.0,0.0,100.0,0.0,96.0,9188.0,21,21,100,0,100,0,200,0,100.0,23742.0,100.0,44501813936.0,100.0,118374299700.0
2018-07-18,S301PRC9,ST4000DM000,4000787030016,0,116,101997384,97,0,100,3,100,0,81,159648470,73,23839,100,0,100,3,100.0,0.0,100.0,0.0,100.0,0.0,100.0,0.0,100.0,0.0,79.0,21.0,100.0,0.0,100.0,0.0,96.0,9188.0,21,21,100,0,100,0,200,0,100.0,23767.0,100.0,44523224936.0,100.0,118476979624.0
2018-07-19,S301PRC9,ST4000DM000,4000787030016,0,117,118746272,97,0,100,3,100,0,81,161368866,73,23864,100,0,100,3,100.0,0.0,100.0,0.0,100.0,0.0,100.0,0.0,100.0,0.0,80.0,20.0,100.0,0.0,100.0,0.0,96.0,9188.0,20,20,100,0,100,0,200,0,100.0,23791.0,100.0,44553505904.0,100.0,118612405374.0
2018-07-20,S301PRC9,ST4000DM000,4000787030016,0,112,47911368,97,0,100,3,100,0,81,163069831,73,23888,100,0,100,3,100.0,0.0,100.0,0.0,100.0,0.0,100.0,0.0,100.0,0.0,80.0,20.0,100.0,0.0,100.0,0.0,96.0,9188.0,20,20,100,0,100,0,200,0,100.0,23815.0,100.0,44581073472.0,100.0,118736389426.0
2018-07-21,S301PRC9,ST4000DM000,4000787030016,0,120,240200992,97,0,100,3,100,0,81,164057538,73,23911,100,0,100,3,100.0,0.0,100.0,0.0,100.0,0.0,100.0,0.0,100.0,0.0,80.0,20.0,100.0,0.0,100.0,0.0,96.0,9188.0,20,20,100,0,100,0,200,0,100.0,23838.0,100.0,44599109664.0,100.0,118851325201.0
2018-07-22,S301PRC9,ST4000DM000,4000787030016,0,119,203340200,97,0,100,3,100,0,81,165663444,73,23935,100,0,100,3,100.0,0.0,100.0,0.0,100.0,0.0,100.0,0.0,100.0,0.0,80.0,20.0,100.0,0.0,100.0,0.0,96.0,9188.0,20,20,100,0,100,0,200,0,100.0,23863.0,100.0,44613882736.0,100.0,118958988615.0
2018-07-23,S301PRC9,ST4000DM000,4000787030016,0,113,56219440,97,0,100,3,100,0,81,166788850,73,23960,100,0,100,3,100.0,0.0,100.0,0.0,100.0,0.0,100.0,0.0,100.0,0.0,80.0,20.0,100.0,0.0,100.0,0.0,96.0,9188.0,20,20,100,0,100,0,200,0,100.0,23887.0,100.0,44622939192.0,100.0,119088909593.0
2018-07-24,S301PRC9,ST4000DM000,4000787030016,0,119,226521712,97,0,100,3,100,0,81,167770307,73,23983,100,0,100,3,100.0,0.0,100.0,0.0,100.0,0.0,100.0,0.0,100.0,0.0,79.0,21.0,100.0,0.0,100.0,0.0,96.0,9188.0,21,21,100,0,100,0,200,0,100.0,23911.0,100.0,44634051112.0,100.0,119196603046.0
2018-07-25,S301PRC9,ST4000DM000,4000787030016,0,115.0,95286544.0,97.0,0.0,100.0,3.0,100.0,0.0,82.0,168596496.0,73.0,24008.0,100.0,0.0,100.0,3.0,100.0,0.0,100.0,0.0,100.0,0.0,100.0,0.0,100.0,0.0,80.0,20.0,100.0,0.0,100.0,0.0,96.0,9188.0,20.0,20.0,100.0,0.0,100.0,0.0,200.0,0.0,100.0,23935.0,100.0,44644786448.0,100.0,119284066893.0
2018-07-26,S301PRC9,ST4000DM000,4000787030016,0,103,5378672,97,0,100,3,100,0,82,170205896,73,24031,100,0,100,3,100.0,0.0,100.0,0.0,100.0,0.0,100.0,0.0,100.0,0.0,80.0,20.0,100.0,0.0,100.0,0.0,96.0,9191.0,20,20,100,0,100,0,200,0,100.0,23958.0,100.0,44666323672.0,100.0,119401470397.0
2018-07-27,S301PRC9,ST4000DM000,4000787030016,0,109,22732176,97,0,100,3,100,0,82,171074251,73,24055,100,0,100,3,100.0,0.0,100.0,0.0,100.0,0.0,100.0,0.0,100.0,0.0,80.0,20.0,100.0,0.0,100.0,0.0,96.0,9191.0,20,20,100,0,100,0,200,0,100.0,23982.0,100.0,44678925440.0,100.0,119461301834.0
2018-07-28,S301PRC9,ST4000DM000,4000787030016,0,114,62758584,97,0,100,3,100,0,82,172331944,73,24080,100,0,100,3,100.0,0.0,100.0,0.0,100.0,0.0,100.0,0.0,100.0,0.0,80.0,20.0,100.0,0.0,100.0,0.0,96.0,9191.0,20,20,100,0,100,0,200,0,100.0,24006.0,100.0,44695730776.0,100.0,119556756456.0
2018-07-29,S301PRC9,ST4000DM000,4000787030016,0,112,45083448,97,0,100,3,100,0,82,174626910,73,24103,100,0,100,3,100.0,0.0,100.0,0.0,100.0,0.0,100.0,0.0,100.0,0.0,80.0,20.0,100.0,0.0,100.0,0.0,96.0,9191.0,20,20,100,0,100,0,200,0,100.0,24030.0,100.0,44709891192.0,100.0,119634396541.0
2018-07-30,S301PRC9,ST4000DM000,4000787030016,0,120,237030808,97,0,100,3,100,0,82,175811109,73,24128,100,0,100,3,100.0,0.0,100.0,0.0,100.0,0.0,100.0,0.0,100.0,0.0,80.0,20.0,100.0,0.0,100.0,0.0,96.0,9191.0,20,20,100,0,100,0,200,0,100.0,24055.0,100.0,44721803944.0,100.0,119769716245.0
2018-07-31,S301PRC9,ST4000DM000,4000787030016,0,112,50235864,97,0,100,3,100,0,82,177016611,73,24151,100,0,100,3,100.0,0.0,100.0,0.0,100.0,0.0,100.0,0.0,100.0,0.0,80.0,20.0,100.0,0.0,100.0,0.0,96.0,9191.0,20,20,100,0,100,0,200,0,100.0,24078.0,100.0,44740548912.0,100.0,119885341953.0
2018-08-01,S301PRC9,ST4000DM000,4000787030016,0,120,104424,97,0,100,3,100,0,82,178553374,73,24175,100,0,100,3,100.0,0.0,100.0,0.0,100.0,0.0,100.0,0.0,100.0,0.0,79.0,21.0,100.0,0.0,100.0,0.0,96.0,9191.0,21,21,100,0,100,0,200,0,100.0,24102.0,100.0,44759577312.0,100.0,119999031585.0
2018-08-02,S301PRC9,ST4000DM000,4000787030016,0,111,30062080,97,0,100,3,100,0,82,180251575,73,24199,100,0,100,3,100.0,0.0,100.0,0.0,100.0,0.0,100.0,0.0,100.0,0.0,80.0,20.0,100.0,0.0,100.0,0.0,96.0,9191.0,20,20,100,0,100,0,200,0,100.0,24126.0,100.0,44776403384.0,100.0,120082682689.0
2018-08-03,S301PRC9,ST4000DM000,4000787030016,0,117,124304272,97,0,100,3,100,0,82,181011146,73,24222,100,0,100,3,100.0,0.0,100.0,0.0,100.0,0.0,100.0,0.0,100.0,0.0,80.0,20.0,100.0,0.0,100.0,0.0,96.0,9191.0,20,20,100,0,100,0,200,0,100.0,24149.0,100.0,44794467168.0,100.0,120146191948.0
2018-08-04,S301PRC9,ST4000DM000,4000787030016,0,118,175412768,97,0,100,3,100,0,82,181743452,73,24248,100,0,100,3,100.0,0.0,100.0,0.0,100.0,0.0,100.0,0.0,100.0,0.0,80.0,20.0,100.0,0.0,100.0,0.0,96.0,9191.0,20,20,100,0,100,0,200,0,100.0,24175.0,100.0,44809143232.0,100.0,120272645003.0
2018-08-05,S301PRC9,ST4000DM000,4000787030016,0,117,128384960,97,0,100,3,100,0,82,183209872,73,24272,100,0,100,3,100.0,0.0,100.0,0.0,100.0,0.0,100.0,0.0,100.0,0.0,80.0,20.0,100.0,0.0,100.0,0.0,96.0,9191.0,20,20,100,0,100,0,200,0,100.0,24199.0,100.0,44825511496.0,100.0,120374842538.0
2018-08-06,S301PRC9,ST4000DM000,4000787030016,0,118,170188400,97,0,100,3,100,0,82,184038078,73,24296,100,0,100,3,100.0,0.0,100.0,0.0,100.0,0.0,100.0,0.0,100.0,0.0,80.0,20.0,100.0,0.0,100.0,0.0,96.0,9191.0,20,20,100,0,100,0,200,0,100.0,24223.0,100.0,44836030016.0,100.0,120513182486.0
2018-08-07,S301PRC9,ST4000DM000,4000787030016,0,116,102534560,97,0,100,3,100,0,82,184857360,73,24320,100,0,100,3,100.0,0.0,100.0,0.0,100.0,0.0,100.0,0.0,100.0,0.0,81.0,19.0,100.0,0.0,100.0,0.0,96.0,9191.0,19,19,100,0,100,0,200,0,100.0,24247.0,100.0,44851372968.0,100.0,120637224199.0
2018-08-08,S301PRC9,ST4000DM000,4000787030016,0,119,226212600,97,0,100,3,100,0,82,185667340,73,24343,100,0,100,3,100.0,0.0,100.0,0.0,100.0,0.0,100.0,0.0,100.0,0.0,80.0,20.0,100.0,0.0,100.0,0.0,96.0,9191.0,20,20,100,0,100,0,200,0,100.0,24270.0,100.0,44865909896.0,100.0,120756088699.0
2018-08-09,S301PRC9,ST4000DM000,4000787030016,0,114,80132136,97,0,100,3,100,0,82,186749034,73,24365,100,0,100,3,100.0,0.0,100.0,0.0,100.0,0.0,100.0,0.0,100.0,0.0,80.0,20.0,100.0,0.0,100.0,0.0,96.0,9193.0,20,20,100,0,100,0,200,0,100.0,24291.0,100.0,44879085016.0,100.0,120874031163.0
2018-08-10,S301PRC9,ST4000DM000,4000787030016,0,112,43448416,97,0,100,3,100,0,82,188338332,73,24389,100,0,100,3,100.0,0.0,100.0,0.0,100.0,0.0,100.0,0.0,100.0,0.0,79.0,21.0,100.0,0.0,100.0,0.0,96.0,9193.0,21,21,100,0,100,0,200,0,100.0,24316.0,100.0,44898464440.0,100.0,121031999117.0
2018-08-11,S301PRC9,ST4000DM000,4000787030016,0,117,128618872,97,0,100,3,100,0,82,188963060,73,24413,100,0,100,3,100.0,0.0,100.0,0.0,100.0,0.0,100.0,0.0,100.0,0.0,80.0,20.0,100.0,0.0,100.0,0.0,96.0,9193.0,20,20,100,0,100,0,200,0,100.0,24339.0,100.0,44913090240.0,100.0,121090437041.0
2018-08-12,S301PRC9,ST4000DM000,4000787030016,0,108,20105928,97,0,100,3,100,0,82,190278412,73,24437,100,0,100,3,100.0,0.0,100.0,0.0,100.0,0.0,100.0,0.0,100.0,0.0,80.0,20.0,100.0,0.0,100.0,0.0,96.0,9193.0,20,20,100,0,100,0,200,0,100.0,24364.0,100.0,44928445944.0,100.0,121155251165.0
2018-08-13,S301PRC9,ST4000DM000,4000787030016,0,117,139958520,97,0,100,3,100,0,82,191098209,73,24460,100,0,100,3,100.0,0.0,100.0,0.0,100.0,0.0,100.0,0.0,100.0,0.0,80.0,20.0,100.0,0.0,100.0,0.0,96.0,9193.0,20,20,100,0,100,0,200,0,100.0,24387.0,100.0,44936327480.0,100.0,121271129208.0
2018-08-14,S301PRC9,ST4000DM000,4000787030016,0,117.0,123153904.0,97.0,0.0,100.0,3.0,100.0,0.0,82.0,192076760.0,73.0,24485.0,100.0,0.0,100.0,3.0,100.0,0.0,100.0,0.0,100.0,0.0,100.0,0.0,100.0,0.0,80.0,20.0,100.0,0.0,100.0,0.0,96.0,9193.0,20.0,20.0,100.0,0.0,100.0,0.0,200.0,0.0,100.0,24411.0,100.0,44948460552.0,100.0,121420580719.0
2018-08-15,S301PRC9,ST4000DM000,4000787030016,0,120.0,239046368.0,97.0,0.0,100.0,3.0,100.0,0.0,82.0,192779330.0,73.0,24509.0,100.0,0.0,100.0,3.0,100.0,0.0,100.0,0.0,100.0,0.0,100.0,0.0,100.0,0.0,80.0,20.0,100.0,0.0,100.0,0.0,96.0,9195.0,20.0,20.0,100.0,0.0,100.0,0.0,200.0,0.0,100.0,24436.0,100.0,44964598424.0,100.0,121577826346.0
2018-08-16,S301PRC9,ST4000DM000,4000787030016,0,117,129656024,97,0,100,3,100,0,82,193785687,72,24533,100,0,100,3,100.0,0.0,100.0,0.0,100.0,0.0,100.0,0.0,100.0,0.0,80.0,20.0,100.0,0.0,100.0,0.0,96.0,9195.0,20,20,100,0,100,0,200,0,100.0,24460.0,100.0,44983236856.0,100.0,121756793221.0
2018-08-17,S301PRC9,ST4000DM000,4000787030016,0,114,74534448,97,0,100,3,100,0,82,195429527,72,24557,100,0,100,3,100.0,0.0,100.0,0.0,100.0,0.0,100.0,0.0,100.0,0.0,80.0,20.0,100.0,0.0,100.0,0.0,96.0,9195.0,20,20,100,0,100,0,200,0,100.0,24483.0,100.0,44997286368.0,100.0,121938180932.0
2018-08-18,S301PRC9,ST4000DM000,4000787030016,0,118,180642984,97,0,100,3,100,0,82,196855375,72,24581,100,0,100,3,100.0,0.0,100.0,0.0,100.0,0.0,100.0,0.0,100.0,0.0,81.0,19.0,100.0,0.0,100.0,0.0,96.0,9195.0,19,19,100,0,100,0,200,0,100.0,24508.0,100.0,45007378960.0,100.0,122122692387.0
2018-08-19,S301PRC9,ST4000DM000,4000787030016,0,106,12354320,97,0,100,3,100,0,82,198110304,72,24605,100,0,100,3,100.0,0.0,100.0,0.0,100.0,0.0,100.0,0.0,100.0,0.0,80.0,20.0,100.0,0.0,100.0,0.0,96.0,9196.0,20,20,100,0,100,0,200,0,100.0,24532.0,100.0,45016963632.0,100.0,122241738211.0
2018-08-20,S301PRC9,ST4000DM000,4000787030016,0,116,103884088,97,0,100,3,100,0,82,198706530,72,24629,100,0,100,3,100.0,0.0,100.0,0.0,100.0,0.0,100.0,0.0,100.0,0.0,80.0,20.0,100.0,0.0,100.0,0.0,96.0,9196.0,20,20,100,0,100,0,200,0,100.0,24556.0,100.0,45029429208.0,100.0,122401317465.0
2018-08-21,S301PRC9,ST4000DM000,4000787030016,0,114,70323296,97,0,100,3,100,0,82,199173376,72,24653,100,0,100,3,100.0,0.0,100.0,0.0,100.0,0.0,100.0,0.0,100.0,0.0,80.0,20.0,100.0,0.0,100.0,0.0,96.0,9196.0,20,20,100,0,100,0,200,0,100.0,24579.0,100.0,45038894776.0,100.0,122586625490.0
2018-08-22,S301PRC9,ST4000DM000,4000787030016,0,119,203393288,97,0,100,3,100,0,82,199945873,72,24678,100,0,100,3,100.0,0.0,100.0,0.0,100.0,0.0,100.0,0.0,100.0,0.0,80.0,20.0,100.0,0.0,100.0,0.0,96.0,9196.0,20,20,100,0,100,0,200,0,100.0,24604.0,100.0,45050368888.0,100.0,122758007833.0
2018-08-23,S301PRC9,ST4000DM000,4000787030016,0,113,50363360,97,0,100,3,100,0,82,201217929,72,24701,100,0,100,3,100.0,0.0,100.0,0.0,100.0,0.0,100.0,0.0,100.0,0.0,80.0,20.0,100.0,0.0,100.0,0.0,96.0,9196.0,20,20,100,0,100,0,200,0,100.0,24628.0,100.0,45063697576.0,100.0,122929261835.0
2018-08-24,S301PRC9,ST4000DM000,4000787030016,0,115,85938496,97,0,100,3,100,0,83,202781050,72,24725,100,0,100,3,100.0,0.0,100.0,0.0,100.0,0.0,100.0,0.0,100.0,0.0,80.0,20.0,100.0,0.0,100.0,0.0,96.0,9196.0,20,20,100,0,100,0,200,0,100.0,24652.0,100.0,45083471728.0,100.0,123068267275.0
2018-08-25,S301PRC9,ST4000DM000,4000787030016,0,118,180459448,97,0,100,3,100,0,83,203850899,72,24750,100,0,100,3,100.0,0.0,100.0,0.0,100.0,0.0,100.0,0.0,100.0,0.0,80.0,20.0,100.0,0.0,100.0,0.0,96.0,9196.0,20,20,100,0,100,0,200,0,100.0,24676.0,100.0,45100343872.0,100.0,123221848153.0
2018-08-26,S301PRC9,ST4000DM000,4000787030016,0,118,185695232,97,0,100,3,100,0,83,205634764,72,24773,100,0,100,3,100.0,0.0,100.0,0.0,100.0,0.0,100.0,0.0,100.0,0.0,80.0,20.0,100.0,0.0,100.0,0.0,96.0,9196.0,20,20,100,0,100,0,200,0,100.0,24700.0,100.0,45119345568.0,100.0,123340703764.0
2018-08-27,S301PRC9,ST4000DM000,4000787030016,0,120,236765136,97,0,100,3,100,0,83,207572325,72,24797,100,0,100,3,100.0,0.0,100.0,0.0,100.0,0.0,100.0,0.0,100.0,0.0,80.0,20.0,100.0,0.0,100.0,0.0,96.0,9196.0,20,20,100,0,100,0,200,0,100.0,24724.0,100.0,45135565776.0,100.0,123536386830.0
2018-08-28,S301PRC9,ST4000DM000,4000787030016,0,110,25234120,97,0,100,3,100,0,83,209044933,72,24821,100,0,100,3,100.0,0.0,100.0,0.0,100.0,0.0,100.0,0.0,100.0,0.0,80.0,20.0,100.0,0.0,100.0,0.0,96.0,9196.0,20,20,100,0,100,0,200,0,100.0,24748.0,100.0,45151325144.0,100.0,123721702719.0
2018-08-29,S301PRC9,ST4000DM000,4000787030016,0,117,136867200,97,0,100,3,100,0,83,210781168,72,24845,100,0,100,3,100.0,0.0,100.0,0.0,100.0,0.0,100.0,0.0,100.0,0.0,80.0,20.0,100.0,0.0,100.0,0.0,96.0,9199.0,20,20,100,0,100,0,200,0,100.0,24772.0,100.0,45167212984.0,100.0,123874003264.0
2018-08-30,S301PRC9,ST4000DM000,4000787030016,0,117,132355856,97,0,100,3,100,0,83,212079887,72,24869,100,0,100,3,100.0,0.0,100.0,0.0,100.0,0.0,100.0,0.0,100.0,0.0,80.0,20.0,100.0,0.0,100.0,0.0,96.0,9199.0,20,20,100,0,100,0,200,0,100.0,24796.0,100.0,45187438920.0,100.0,124016211485.0
2018-08-31,S301PRC9,ST4000DM000,4000787030016,0,118,184396808,97,0,100,3,100,0,83,213809145,72,24894,100,0,100,3,100.0,0.0,100.0,0.0,100.0,0.0,100.0,0.0,100.0,0.0,80.0,20.0,100.0,0.0,100.0,0.0,96.0,9199.0,20,20,100,0,100,0,200,0,100.0,24820.0,100.0,45218658864.0,100.0,124198754907.0
2018-09-01,S301PRC9,ST4000DM000,4000787030016,0,113,55006632,97,0,100,3,100,0,83,215349798,72,24916,100,0,100,3,100.0,0.0,100.0,0.0,100.0,0.0,100.0,0.0,100.0,0.0,80.0,20.0,100.0,0.0,100.0,0.0,96.0,9199.0,20,20,100,0,100,0,200,0,100.0,24843.0,100.0,45244107360.0,100.0,124313317360.0
2018-09-02,S301PRC9,ST4000DM000,4000787030016,0,120,243874608,97,0,100,3,100,0,83,217278983,72,24941,100,0,100,3,100.0,0.0,100.0,0.0,100.0,0.0,100.0,0.0,100.0,0.0,80.0,20.0,100.0,0.0,100.0,0.0,96.0,9199.0,20,20,100,0,100,0,200,0,100.0,24868.0,100.0,45269465896.0,100.0,124389110780.0
2018-09-03,S301PRC9,ST4000DM000,4000787030016,0,118,189075016,97,0,100,3,100,0,83,218464264,72,24965,100,0,100,3,100.0,0.0,100.0,0.0,100.0,0.0,100.0,0.0,100.0,0.0,80.0,20.0,100.0,0.0,100.0,0.0,96.0,9199.0,20,20,100,0,100,0,200,0,100.0,24892.0,100.0,45292207680.0,100.0,124557509947.0
2018-09-04,S301PRC9,ST4000DM000,4000787030016,0,117,156012920,97,0,100,3,100,0,83,219354263,72,24989,100,0,100,3,100.0,0.0,100.0,0.0,100.0,0.0,100.0,0.0,100.0,0.0,80.0,20.0,100.0,0.0,100.0,0.0,96.0,9199.0,20,20,100,0,100,0,200,0,100.0,24916.0,100.0,45304279392.0,100.0,124661526198.0
2018-09-05,S301PRC9,ST4000DM000,4000787030016,0,119,207977024,97,0,100,3,100,0,83,220570139,72,25014,100,0,100,3,100.0,0.0,100.0,0.0,100.0,0.0,100.0,0.0,100.0,0.0,80.0,20.0,100.0,0.0,100.0,0.0,96.0,9199.0,20,20,100,0,100,0,200,0,100.0,24940.0,100.0,45319701680.0,100.0,124830448008.0
2018-09-06,S301PRC9,ST4000DM000,4000787030016,0,115,87282128,97,0,100,3,100,0,83,222471285,72,25039,100,0,100,3,100.0,0.0,100.0,0.0,100.0,0.0,100.0,0.0,100.0,0.0,79.0,21.0,100.0,0.0,100.0,0.0,96.0,9199.0,21,21,100,0,100,0,200,0,100.0,24965.0,100.0,45331788768.0,100.0,125026314762.0
2018-09-07,S301PRC9,ST4000DM000,4000787030016,0,107,13379520,97,0,100,3,100,0,83,223922903,72,25063,100,0,100,3,100.0,0.0,100.0,0.0,100.0,0.0,100.0,0.0,100.0,0.0,79.0,21.0,100.0,0.0,100.0,0.0,96.0,9199.0,21,21,100,0,100,0,200,0,100.0,24989.0,100.0,45353077112.0,100.0,125155794178.0
2018-09-08,S301PRC9,ST4000DM000,4000787030016,0,116,111411024,97,0,100,3,100,0,83,224902625,72,25086,100,0,100,3,100.0,0.0,100.0,0.0,100.0,0.0,100.0,0.0,100.0,0.0,80.0,20.0,100.0,0.0,100.0,0.0,96.0,9199.0,20,20,100,0,100,0,200,0,100.0,25013.0,100.0,45370944576.0,100.0,125280262663.0
2018-09-09,S301PRC9,ST4000DM000,4000787030016,0,108,15168720,97,0,100,3,100,0,83,226663246,72,25110,100,0,100,3,100.0,0.0,100.0,0.0,100.0,0.0,100.0,0.0,100.0,0.0,80.0,20.0,100.0,0.0,100.0,0.0,96.0,9199.0,20,20,100,0,100,0,200,0,100.0,25037.0,100.0,45407886328.0,100.0,125370526624.0
2018-09-10,S301PRC9,ST4000DM000,4000787030016,0,119,225345232,97,0,100,3,100,0,83,228092967,72,25135,100,0,100,3,100.0,0.0,100.0,0.0,100.0,0.0,100.0,0.0,100.0,0.0,80.0,20.0,100.0,0.0,100.0,0.0,96.0,9199.0,20,20,100,0,100,0,200,0,100.0,25061.0,100.0,45444016672.0,100.0,125519715701.0
2018-09-11,S301PRC9,ST4000DM000,4000787030016,0,112,48829656,97,0,100,3,100,0,83,229373686,72,25158,100,0,100,3,100.0,0.0,100.0,0.0,100.0,0.0,100.0,0.0,100.0,0.0,80.0,20.0,100.0,0.0,100.0,0.0,96.0,9199.0,20,20,100,0,100,0,200,0,100.0,25085.0,100.0,45475867448.0,100.0,125679903655.0
2018-09-12,S301PRC9,ST4000DM000,4000787030016,0,109,21549664,97,0,100,3,100,0,83,230248014,72,25183,100,0,100,3,100.0,0.0,100.0,0.0,100.0,0.0,100.0,0.0,100.0,0.0,80.0,20.0,100.0,0.0,100.0,0.0,96.0,9199.0,20,20,100,0,100,0,200,0,100.0,25110.0,100.0,45493900840.0,100.0,125777403691.0
2018-09-13,S301PRC9,ST4000DM000,4000787030016,0,116,113706424,97,0,100,3,100,0,83,231172203,72,25203,100,0,100,3,100.0,0.0,100.0,0.0,100.0,0.0,100.0,0.0,100.0,0.0,79.0,21.0,100.0,0.0,100.0,0.0,96.0,9203.0,21,21,100,0,100,0,200,0,100.0,25130.0,100.0,45506600336.0,100.0,125880564743.0
2018-09-14,S301PRC9,ST4000DM000,4000787030016,0,117,137477152,97,0,100,3,100,0,83,232762774,72,25227,100,0,100,3,100.0,0.0,100.0,0.0,100.0,0.0,100.0,0.0,100.0,0.0,77.0,23.0,100.0,0.0,100.0,0.0,96.0,9203.0,23,23,100,0,100,0,200,0,100.0,25153.0,100.0,45526693200.0,100.0,125989522611.0
2018-09-15,S301PRC9,ST4000DM000,4000787030016,0,119,208145736,97,0,100,3,100,0,83,233925707,72,25251,100,0,100,3,100.0,0.0,100.0,0.0,100.0,0.0,100.0,0.0,100.0,0.0,77.0,23.0,100.0,0.0,100.0,0.0,96.0,9203.0,23,23,100,0,100,0,200,0,100.0,25178.0,100.0,45544283712.0,100.0,126120734667.0
2018-09-16,S301PRC9,ST4000DM000,4000787030016,0,110,25705576,97,0,100,3,100,0,84,235877895,72,25275,100,0,100,3,100.0,0.0,100.0,0.0,100.0,0.0,100.0,0.0,100.0,0.0,77.0,23.0,100.0,0.0,100.0,0.0,96.0,9203.0,23,23,100,0,100,0,200,0,100.0,25202.0,100.0,45566526216.0,100.0,126238851893.0
2018-09-17,S301PRC9,ST4000DM000,4000787030016,0,119,205901264,97,0,100,3,100,0,84,237098271,72,25299,100,0,100,3,100.0,0.0,100.0,0.0,100.0,0.0,100.0,0.0,100.0,0.0,77.0,23.0,100.0,0.0,100.0,0.0,96.0,9203.0,23,23,100,0,100,0,200,0,100.0,25226.0,100.0,45589954288.0,100.0,126382027720.0
2018-09-18,S301PRC9,ST4000DM000,4000787030016,0,116,116774744,97,0,100,3,100,0,84,237684883,72,25323,100,0,100,3,100.0,0.0,100.0,0.0,100.0,0.0,100.0,0.0,100.0,0.0,79.0,21.0,100.0,0.0,100.0,0.0,96.0,9203.0,21,21,100,0,100,0,200,0,100.0,25249.0,100.0,45605568816.0,100.0,126443396292.0
2018-09-19,S301PRC9,ST4000DM000,4000787030016,0,119,215721296,97,0,100,3,100,0,84,240134717,72,25347,100,0,100,3,100.0,0.0,100.0,0.0,100.0,0.0,100.0,0.0,100.0,0.0,79.0,21.0,100.0,0.0,100.0,0.0,96.0,9203.0,21,21,100,0,100,0,200,0,100.0,25274.0,100.0,45631562104.0,100.0,126564043781.0
2018-09-20,S301PRC9,ST4000DM000,4000787030016,0,102,5003376,97,0,100,3,100,0,84,241018784,72,25371,100,0,100,3,100.0,0.0,100.0,0.0,100.0,0.0,100.0,0.0,100.0,0.0,79.0,21.0,100.0,0.0,100.0,0.0,96.0,9203.0,21,21,100,0,100,0,200,0,100.0,25297.0,100.0,45645653168.0,100.0,126657937653.0
2018-09-21,S301PRC9,ST4000DM000,4000787030016,0,114,75057368,97,0,100,3,100,0,84,243808239,72,25395,100,0,100,3,100.0,0.0,100.0,0.0,100.0,0.0,100.0,0.0,100.0,0.0,79.0,21.0,100.0,0.0,100.0,0.0,96.0,9203.0,21,21,100,0,100,0,200,0,100.0,25322.0,100.0,45715583000.0,100.0,126812587316.0
2018-09-22,S301PRC9,ST4000DM000,4000787030016,0,113,53968512,97,0,100,3,100,0,84,244598777,71,25418,100,0,100,3,100.0,0.0,100.0,0.0,100.0,0.0,100.0,0.0,100.0,0.0,79.0,21.0,100.0,0.0,100.0,0.0,96.0,9203.0,21,21,100,0,100,0,200,0,100.0,25345.0,100.0,45731726960.0,100.0,126907138848.0
2018-09-23,S301PRC9,ST4000DM000,4000787030016,0,114,60158920,97,0,100,3,100,0,84,246270011,71,25443,100,0,100,3,100.0,0.0,100.0,0.0,100.0,0.0,100.0,0.0,100.0,0.0,79.0,21.0,100.0,0.0,100.0,0.0,96.0,9203.0,21,21,100,0,100,0,200,0,100.0,25370.0,100.0,45758370432.0,100.0,126991228047.0
2018-09-24,S301PRC9,ST4000DM000,4000787030016,0,118,186497240,97,0,100,3,100,0,84,247258340,71,25466,100,0,100,3,100.0,0.0,100.0,0.0,100.0,0.0,100.0,0.0,100.0,0.0,79.0,21.0,100.0,0.0,100.0,0.0,96.0,9203.0,21,21,100,0,100,0,200,0,100.0,25393.0,100.0,45767186096.0,100.0,127117237396.0
2018-09-25,S301PRC9,ST4000DM000,4000787030016,0,115,84994480,97,0,100,3,100,0,84,248537377,71,25491,100,0,100,3,100.0,0.0,100.0,0.0,100.0,0.0,100.0,0.0,100.0,0.0,79.0,21.0,100.0,0.0,100.0,0.0,96.0,9203.0,21,21,100,0,100,0,200,0,100.0,25418.0,100.0,45786442760.0,100.0,127240378553.0
2018-09-26,S301PRC9,ST4000DM000,4000787030016,0,117,150449016,97,0,100,3,100,0,84,249586642,71,25515,100,0,100,3,100.0,0.0,100.0,0.0,100.0,0.0,100.0,0.0,100.0,0.0,79.0,21.0,100.0,0.0,100.0,0.0,96.0,9203.0,21,21,100,0,100,0,200,0,100.0,25442.0,100.0,45802003432.0,100.0,127333717572.0
2018-09-27,S301PRC9,ST4000DM000,4000787030016,0,117,161004136,97,0,100,3,100,0,84,250504236,71,25538,100,0,100,3,100.0,0.0,100.0,0.0,100.0,0.0,100.0,0.0,100.0,0.0,79.0,21.0,100.0,0.0,100.0,0.0,96.0,9203.0,21,21,100,0,100,0,200,0,100.0,25465.0,100.0,45820372008.0,100.0,127423226797.0
2018-09-28,S301PRC9,ST4000DM000,4000787030016,0,116,112835608,97,0,100,3,100,0,84,252230163,71,25566,100,0,100,3,100.0,0.0,100.0,0.0,100.0,0.0,100.0,0.0,100.0,0.0,79.0,21.0,100.0,0.0,100.0,0.0,96.0,9207.0,21,21,100,0,100,0,200,0,100.0,25493.0,100.0,45839334688.0,100.0,127528868580.0
2018-09-29,S301PRC9,ST4000DM000,4000787030016,0,118,194229600,97,0,100,3,100,0,84,253219916,71,25590,100,0,100,3,100.0,0.0,100.0,0.0,100.0,0.0,100.0,0.0,100.0,0.0,79.0,21.0,100.0,0.0,100.0,0.0,96.0,9207.0,21,21,100,0,100,0,200,0,100.0,25517.0,100.0,45858951600.0,100.0,127677350882.0
2018-09-30,S301PRC9,ST4000DM000,4000787030016,0,117,165726272,97,0,100,3,100,0,84,255040143,71,25614,100,0,100,3,100.0,0.0,100.0,0.0,100.0,0.0,100.0,0.0,100.0,0.0,79.0,21.0,100.0,0.0,100.0,0.0,96.0,9207.0,21,21,100,0,100,0,200,0,100.0,25541.0,100.0,45883714632.0,100.0,127791736640.0
2018-10-01,S301PRC9,ST4000DM000,4000787030016,0,115,84348008,97,0,100,3,100,0,84,255896800,71,25638,100,0,100,3,100.0,0.0,100.0,0.0,100.0,0.0,100.0,0.0,100.0,0.0,79.0,21.0,100.0,0.0,100.0,0.0,96.0,9207.0,21,21,100,0,100,0,200,0,100.0,25564.0,100.0,45905280264.0,100.0,127851175685.0
2018-10-02,S301PRC9,ST4000DM000,4000787030016,0,119,221257552,97,0,100,3,100,0,84,257153412,71,25662,100,0,100,3,100.0,0.0,100.0,0.0,100.0,0.0,100.0,0.0,100.0,0.0,79.0,21.0,100.0,0.0,100.0,0.0,96.0,9207.0,21,21,100,0,100,0,200,0,100.0,25589.0,100.0,45924732832.0,100.0,127972252584.0
2018-10-03,S301PRC9,ST4000DM000,4000787030016,0,117,124534192,97,0,100,3,100,0,84,258333721,71,25687,100,0,100,3,100.0,0.0,100.0,0.0,100.0,0.0,100.0,0.0,100.0,0.0,78.0,22.0,100.0,0.0,100.0,0.0,96.0,9207.0,22,22,100,0,100,0,200,0,100.0,25613.0,100.0,45938537272.0,100.0,128096474588.0
2018-10-04,S301PRC9,ST4000DM000,4000787030016,0,113.0,55239992.0,97.0,0.0,100.0,3.0,100.0,0.0,84.0,259991786.0,71.0,25710.0,100.0,0.0,100.0,3.0,100.0,0.0,100.0,0.0,100.0,0.0,100.0,0.0,100.0,0.0,78.0,22.0,100.0,0.0,100.0,0.0,96.0,9207.0,22.0,22.0,100.0,0.0,100.0,0.0,200.0,0.0,100.0,25636.0,100.0,45956514656.0,100.0,128220843848.0
2018-10-05,S301PRC9,ST4000DM000,4000787030016,0,116,102852472,97,0,100,3,100,0,84,262253705,71,25734,100,0,100,3,100.0,0.0,100.0,0.0,100.0,0.0,100.0,0.0,100.0,0.0,78.0,22.0,100.0,0.0,100.0,0.0,96.0,9207.0,22,22,100,0,100,0,200,0,100.0,25660.0,100.0,45971888128.0,100.0,128331404246.0
2018-10-06,S301PRC9,ST4000DM000,4000787030016,0,114,78317160,97,0,100,3,100,0,84,262795352,71,25758,100,0,100,3,100.0,0.0,100.0,0.0,100.0,0.0,100.0,0.0,100.0,0.0,78.0,22.0,100.0,0.0,100.0,0.0,96.0,9207.0,22,22,100,0,100,0,200,0,100.0,25684.0,100.0,45987995624.0,100.0,128385376850.0
2018-10-07,S301PRC9,ST4000DM000,4000787030016,0,118,200576152,97,0,100,3,100,0,84,264144111,71,25782,100,0,100,3,100.0,0.0,100.0,0.0,100.0,0.0,100.0,0.0,100.0,0.0,78.0,22.0,100.0,0.0,100.0,0.0,96.0,9207.0,22,22,100,0,100,0,200,0,100.0,25708.0,100.0,46012862256.0,100.0,128438355990.0
2018-10-08,S301PRC9,ST4000DM000,4000787030016,0,116,114144104,97,0,100,3,100,0,84,265057491,71,25807,100,0,100,3,100.0,0.0,100.0,0.0,100.0,0.0,100.0,0.0,100.0,0.0,79.0,21.0,100.0,0.0,100.0,0.0,96.0,9207.0,21,21,100,0,100,0,200,0,100.0,25733.0,100.0,46039772952.0,100.0,128571959275.0
2018-10-09,S301PRC9,ST4000DM000,4000787030016,0,117.0,157616560.0,97.0,0.0,100.0,3.0,100.0,0.0,84.0,265576815.0,71.0,25823.0,100.0,0.0,100.0,3.0,100.0,0.0,100.0,0.0,100.0,0.0,100.0,0.0,100.0,0.0,78.0,22.0,100.0,0.0,100.0,0.0,96.0,9207.0,22.0,22.0,100.0,0.0,100.0,0.0,200.0,0.0,100.0,25749.0,100.0,46046735184.0,100.0,128657389945.0
2018-10-10,S301PRC9,ST4000DM000,4000787030016,0,111,39394216,97,0,100,3,100,0,84,267091140,71,25855,100,0,100,3,100.0,0.0,100.0,0.0,100.0,0.0,100.0,0.0,100.0,0.0,78.0,22.0,100.0,0.0,100.0,0.0,96.0,9207.0,22,22,100,0,100,0,200,0,100.0,25781.0,100.0,46072821520.0,100.0,128849389251.0
2018-10-11,S301PRC9,ST4000DM000,4000787030016,0,114,83842976,97,0,100,3,100,0,84,268160170,71,25878,100,0,100,3,100.0,0.0,100.0,0.0,100.0,0.0,100.0,0.0,100.0,0.0,78.0,22.0,100.0,0.0,100.0,0.0,96.0,9207.0,22,22,100,0,100,0,200,0,100.0,25805.0,100.0,46086710184.0,100.0,128956405774.0
2018-10-12,S301PRC9,ST4000DM000,4000787030016,0,118,187779408,97,0,100,3,100,0,84,269843057,71,25902,100,0,100,3,100.0,0.0,100.0,0.0,100.0,0.0,100.0,0.0,100.0,0.0,78.0,22.0,100.0,0.0,100.0,0.0,96.0,9207.0,22,22,100,0,100,0,200,0,100.0,25829.0,100.0,46113995040.0,100.0,129111421342.0
2018-10-13,S301PRC9,ST4000DM000,4000787030016,0,114,59443000,97,0,100,3,100,0,84,270575284,71,25926,100,0,100,3,100.0,0.0,100.0,0.0,100.0,0.0,100.0,0.0,100.0,0.0,78.0,22.0,100.0,0.0,100.0,0.0,96.0,9207.0,22,22,100,0,100,0,200,0,100.0,25853.0,100.0,46128748152.0,100.0,129197869829.0
2018-10-14,S301PRC9,ST4000DM000,4000787030016,0,109,21233776,97,0,100,3,100,0,84,272005831,71,25951,100,0,100,3,100.0,0.0,100.0,0.0,100.0,0.0,100.0,0.0,100.0,0.0,79.0,21.0,100.0,0.0,100.0,0.0,96.0,9207.0,21,21,100,0,100,0,200,0,100.0,25877.0,100.0,46154035720.0,100.0,129241922043.0
2018-10-15,S301PRC9,ST4000DM000,4000787030016,0,116,106968136,97,0,100,3,100,0,84,272826901,71,25974,100,0,100,3,100.0,0.0,100.0,0.0,100.0,0.0,100.0,0.0,100.0,0.0,78.0,22.0,100.0,0.0,100.0,0.0,96.0,9207.0,22,22,100,0,100,0,200,0,100.0,25901.0,100.0,46162674272.0,100.0,129350327657.0
2018-10-16,S301PRC9,ST4000DM000,4000787030016,0,104,7229336,97,0,100,3,100,0,84,274720721,71,25998,100,0,100,3,100.0,0.0,100.0,0.0,100.0,0.0,100.0,0.0,100.0,0.0,78.0,22.0,100.0,0.0,100.0,0.0,96.0,9207.0,22,22,100,0,100,0,200,0,100.0,25925.0,100.0,46183984400.0,100.0,129498215877.0
2018-10-17,S301PRC9,ST4000DM000,4000787030016,0,116,109076224,97,0,100,3,100,0,84,275611149,71,26022,100,0,100,3,100.0,0.0,100.0,0.0,100.0,0.0,100.0,0.0,100.0,0.0,78.0,22.0,100.0,0.0,100.0,0.0,96.0,9207.0,22,22,100,0,100,0,200,0,100.0,25949.0,100.0,46207232600.0,100.0,129643853115.0
2018-10-18,S301PRC9,ST4000DM000,4000787030016,0,116,116292968,97,0,100,3,100,0,84,278170680,71,26045,100,0,100,3,100.0,0.0,100.0,0.0,100.0,0.0,100.0,0.0,100.0,0.0,78.0,22.0,100.0,0.0,100.0,0.0,96.0,9207.0,22,22,100,0,100,0,200,0,100.0,25971.0,100.0,46232562080.0,100.0,129798124523.0
2018-10-19,S301PRC9,ST4000DM000,4000787030016,0,117,133422024,97,0,100,3,100,0,84,279824670,71,26069,100,0,100,3,100.0,0.0,100.0,0.0,100.0,0.0,100.0,0.0,100.0,0.0,78.0,22.0,100.0,0.0,100.0,0.0,96.0,9207.0,22,22,100,0,100,0,200,0,100.0,25995.0,100.0,46252836912.0,100.0,129932409176.0
2018-10-20,S301PRC9,ST4000DM000,4000787030016,0,117,122210736,97,0,100,3,100,0,84,280966054,71,26093,100,0,100,3,100.0,0.0,100.0,0.0,100.0,0.0,100.0,0.0,100.0,0.0,78.0,22.0,100.0,0.0,100.0,0.0,96.0,9207.0,22,22,100,0,100,0,200,0,100.0,26019.0,100.0,46274948424.0,100.0,130053830550.0
2018-10-21,S301PRC9,ST4000DM000,4000787030016,0,100,2835880,97,0,100,3,100,0,84,282410868,71,26117,100,0,100,3,100.0,0.0,100.0,0.0,100.0,0.0,100.0,0.0,100.0,0.0,78.0,22.0,100.0,0.0,100.0,0.0,96.0,9207.0,22,22,100,0,100,0,200,0,100.0,26044.0,100.0,46303264720.0,100.0,130140049796.0
2018-10-22,S301PRC9,ST4000DM000,4000787030016,0,108,16164240,97,0,100,3,100,0,84,283141664,71,26141,100,0,100,3,100.0,0.0,100.0,0.0,100.0,0.0,100.0,0.0,100.0,0.0,78.0,22.0,100.0,0.0,100.0,0.0,96.0,9207.0,22,22,100,0,100,0,200,0,100.0,26068.0,100.0,46329415400.0,100.0,130310765594.0
2018-10-23,S301PRC9,ST4000DM000,4000787030016,0,117,127251048,97,0,100,3,100,0,84,283900934,71,26164,100,0,100,3,100.0,0.0,100.0,0.0,100.0,0.0,100.0,0.0,100.0,0.0,78.0,22.0,100.0,0.0,100.0,0.0,96.0,9207.0,22,22,100,0,100,0,200,0,100.0,26091.0,100.0,46361316584.0,100.0,130468609055.0
2018-10-25,S301PRC9,ST4000DM000,4000787030016,0,117,120422720,97,0,100,3,100,0,84,285817796,71,26214,100,0,100,3,100.0,0.0,100.0,0.0,100.0,0.0,100.0,0.0,100.0,0.0,78.0,22.0,100.0,0.0,100.0,0.0,96.0,9211.0,22,22,100,0,100,0,200,0,100.0,26140.0,100.0,46401539264.0,100.0,130804758817.0
2018-10-26,S301PRC9,ST4000DM000,4000787030016,0,119,215397128,97,0,100,3,100,0,84,287166475,71,26235,100,0,100,3,100.0,0.0,100.0,0.0,100.0,0.0,100.0,0.0,100.0,0.0,78.0,22.0,100.0,0.0,100.0,0.0,96.0,9212.0,22,22,100,0,100,0,200,0,100.0,26162.0,100.0,46417878128.0,100.0,130946677148.0
2018-10-27,S301PRC9,ST4000DM000,4000787030016,0,114,62285592,97,0,100,3,100,0,84,287897786,71,26259,100,0,100,3,100.0,0.0,100.0,0.0,100.0,0.0,100.0,0.0,100.0,0.0,78.0,22.0,100.0,0.0,100.0,0.0,96.0,9212.0,22,22,100,0,100,0,200,0,100.0,26185.0,100.0,46426467808.0,100.0,131137802685.0
2018-10-28,S301PRC9,ST4000DM000,4000787030016,0,118,169471376,97,0,100,3,100,0,84,289592471,70,26282,100,0,100,3,100.0,0.0,100.0,0.0,100.0,0.0,100.0,0.0,100.0,0.0,78.0,22.0,100.0,0.0,100.0,0.0,96.0,9212.0,22,22,100,0,100,0,200,0,100.0,26209.0,100.0,46447302024.0,100.0,131257651196.0
2018-10-29,S301PRC9,ST4000DM000,4000787030016,0,108,16632240,97,0,100,3,100,0,84,290596651,70,26308,100,0,100,3,100.0,0.0,100.0,0.0,100.0,0.0,100.0,0.0,100.0,0.0,78.0,22.0,100.0,0.0,100.0,0.0,96.0,9212.0,22,22,100,0,100,0,200,0,100.0,26234.0,100.0,46468803792.0,100.0,131416962706.0
2018-10-30,S301PRC9,ST4000DM000,4000787030016,0,115,86635432,97,0,100,3,100,0,84,291422220,70,26331,100,0,100,3,100.0,0.0,100.0,0.0,100.0,0.0,100.0,0.0,100.0,0.0,78.0,22.0,100.0,0.0,100.0,0.0,96.0,9212.0,22,22,100,0,100,0,200,0,100.0,26258.0,100.0,46483309816.0,100.0,131545097104.0
2018-10-31,S301PRC9,ST4000DM000,4000787030016,0,119,206148056,97.0,0.0,100.0,3.0,100.0,0.0,84.0,292479328.0,70,26355,100.0,0.0,100,3,100.0,0.0,100.0,0.0,100.0,0.0,100.0,0.0,100.0,0.0,78.0,22.0,100.0,0.0,100.0,0.0,96.0,9212.0,22,22,100.0,0.0,100.0,0.0,200.0,0.0,100.0,26282.0,100.0,46498785776.0,100.0,131692052281.0
2018-11-01,S301PRC9,ST4000DM000,4000787030016,0,112,45356744,97.0,0.0,100.0,3.0,100.0,0.0,84.0,294210570.0,70,26380,100.0,0.0,100,3,100.0,0.0,100.0,0.0,100.0,0.0,100.0,0.0,100.0,0.0,77.0,23.0,100.0,0.0,100.0,0.0,96.0,9212.0,23,23,100.0,0.0,100.0,0.0,200.0,0.0,100.0,26306.0,100.0,46516166328.0,100.0,131886394245.0
2018-11-02,S301PRC9,ST4000DM000,4000787030016,0,117,118239080,97.0,0.0,100.0,3.0,100.0,0.0,84.0,296660458.0,70,26403,100.0,0.0,100,3,100.0,0.0,100.0,0.0,100.0,0.0,100.0,0.0,100.0,0.0,78.0,22.0,100.0,0.0,100.0,0.0,96.0,9212.0,22,22,100.0,0.0,100.0,0.0,200.0,0.0,100.0,26330.0,100.0,46539486416.0,100.0,132055901200.0
2018-11-03,S301PRC9,ST4000DM000,4000787030016,0,114,78267976,97.0,0.0,100.0,3.0,100.0,0.0,84.0,298097889.0,70,26427,100.0,0.0,100,3,100.0,0.0,100.0,0.0,100.0,0.0,100.0,0.0,100.0,0.0,78.0,22.0,100.0,0.0,100.0,0.0,96.0,9212.0,22,22,100.0,0.0,100.0,0.0,200.0,0.0,100.0,26353.0,100.0,46564927600.0,100.0,132228591329.0
2018-11-04,S301PRC9,ST4000DM000,4000787030016,0,120,2074112,97.0,0.0,100.0,3.0,100.0,0.0,84.0,300422023.0,70,26451,100.0,0.0,100,3,100.0,0.0,100.0,0.0,100.0,0.0,100.0,0.0,100.0,0.0,78.0,22.0,100.0,0.0,100.0,0.0,96.0,9212.0,22,22,100.0,0.0,100.0,0.0,200.0,0.0,100.0,26377.0,100.0,46587435488.0,100.0,132341679043.0
2018-11-05,S301PRC9,ST4000DM000,4000787030016,0,117,156929216,97.0,0.0,100.0,3.0,100.0,0.0,84.0,301569659.0,70,26476,100.0,0.0,100,3,100.0,0.0,100.0,0.0,100.0,0.0,100.0,0.0,100.0,0.0,78.0,22.0,100.0,0.0,100.0,0.0,96.0,9212.0,22,22,100.0,0.0,100.0,0.0,200.0,0.0,100.0,26403.0,100.0,46611421904.0,100.0,132510745693.0
2018-11-06,S301PRC9,ST4000DM000,4000787030016,0,117.0,136843696.0,97.0,0.0,100.0,3.0,100.0,0.0,84.0,302618033.0,70.0,26500.0,100.0,0.0,100.0,3.0,100.0,0.0,100.0,0.0,100.0,0.0,100.0,0.0,100.0,0.0,78.0,22.0,100.0,0.0,100.0,0.0,96.0,9212.0,22.0,22.0,100.0,0.0,100.0,0.0,200.0,0.0,100.0,26426.0,100.0,46638879648.0,100.0,132643609191.0
2018-11-07,S301PRC9,ST4000DM000,4000787030016,0,114.0,70084120.0,97.0,0.0,100.0,3.0,100.0,0.0,84.0,303908521.0,70.0,26523.0,100.0,0.0,100.0,3.0,100.0,0.0,100.0,0.0,100.0,0.0,100.0,0.0,100.0,0.0,78.0,22.0,100.0,0.0,100.0,0.0,96.0,9212.0,22.0,22.0,100.0,0.0,100.0,0.0,200.0,0.0,100.0,26450.0,100.0,46660194856.0,100.0,132821593895.0
2018-11-08,S301PRC9,ST4000DM000,4000787030016,0,117.0,161126032.0,97.0,0.0,100.0,3.0,100.0,0.0,84.0,305306163.0,70.0,26550.0,100.0,0.0,100.0,3.0,100.0,0.0,100.0,0.0,100.0,0.0,100.0,0.0,100.0,0.0,79.0,21.0,100.0,0.0,100.0,0.0,96.0,9212.0,21.0,21.0,100.0,0.0,100.0,0.0,200.0,0.0,100.0,26477.0,100.0,46684648960.0,100.0,132955205314.0
2018-11-09,S301PRC9,ST4000DM000,4000787030016,0,120,236322904,97.0,0.0,100.0,3.0,100.0,0.0,84.0,306366291.0,70,26574,100.0,0.0,100,3,100.0,0.0,100.0,0.0,100.0,0.0,100.0,0.0,100.0,0.0,79.0,21.0,100.0,0.0,100.0,0.0,96.0,9212.0,21,21,100.0,0.0,100.0,0.0,200.0,0.0,100.0,26500.0,100.0,46700705368.0,100.0,133099299548.0
2018-11-10,S301PRC9,ST4000DM000,4000787030016,0,116,108135416,97.0,0.0,100.0,3.0,100.0,0.0,84.0,308287768.0,70,26598,100.0,0.0,100,3,100.0,0.0,100.0,0.0,100.0,0.0,100.0,0.0,100.0,0.0,79.0,21.0,100.0,0.0,100.0,0.0,96.0,9212.0,21,21,100.0,0.0,100.0,0.0,200.0,0.0,100.0,26525.0,100.0,46728550632.0,100.0,133271838397.0
2018-11-11,S301PRC9,ST4000DM000,4000787030016,0,117,153332120,97.0,0.0,100.0,3.0,100.0,0.0,84.0,310729732.0,70,26621,100.0,0.0,100,3,100.0,0.0,100.0,0.0,100.0,0.0,100.0,0.0,100.0,0.0,79.0,21.0,100.0,0.0,100.0,0.0,96.0,9212.0,21,21,100.0,0.0,100.0,0.0,200.0,0.0,100.0,26547.0,100.0,46751570848.0,100.0,133349260739.0
2018-11-12,S301PRC9,ST4000DM000,4000787030016,0,118,191394896,97.0,0.0,100.0,3.0,100.0,0.0,84.0,311993853.0,70,26645,100.0,0.0,100,3,100.0,0.0,100.0,0.0,100.0,0.0,100.0,0.0,100.0,0.0,79.0,21.0,100.0,0.0,100.0,0.0,96.0,9212.0,21,21,100.0,0.0,100.0,0.0,200.0,0.0,100.0,26572.0,100.0,46775430824.0,100.0,133493141244.0
2018-11-13,S301PRC9,ST4000DM000,4000787030016,0,118,184447440,97.0,0.0,100.0,3.0,100.0,0.0,84.0,313048533.0,70,26670,100.0,0.0,100,3,100.0,0.0,100.0,0.0,100.0,0.0,100.0,0.0,100.0,0.0,79.0,21.0,100.0,0.0,100.0,0.0,96.0,9212.0,21,21,100.0,0.0,100.0,0.0,200.0,0.0,100.0,26596.0,100.0,46795661416.0,100.0,133620071885.0
2018-11-14,S301PRC9,ST4000DM000,4000787030016,0,114,82603952,97.0,0.0,100.0,3.0,100.0,0.0,84.0,314422519.0,70,26694,100.0,0.0,100,3,100.0,0.0,100.0,0.0,100.0,0.0,100.0,0.0,100.0,0.0,78.0,22.0,100.0,0.0,100.0,0.0,96.0,9212.0,22,22,100.0,0.0,100.0,0.0,200.0,0.0,100.0,26621.0,100.0,46820416544.0,100.0,133772849982.0
2018-11-15,S301PRC9,ST4000DM000,4000787030016,0,117,166456984,97.0,0.0,100.0,3.0,100.0,0.0,84.0,315611532.0,70,26717,100.0,0.0,100,3,100.0,0.0,100.0,0.0,100.0,0.0,100.0,0.0,100.0,0.0,78.0,22.0,100.0,0.0,100.0,0.0,96.0,9212.0,22,22,100.0,0.0,100.0,0.0,200.0,0.0,100.0,26643.0,100.0,46831427840.0,100.0,133932154751.0
2018-11-16,S301PRC9,ST4000DM000,4000787030016,0,120,282288,97.0,0.0,100.0,3.0,100.0,0.0,84.0,317394493.0,70,26742,100.0,0.0,100,3,100.0,0.0,100.0,0.0,100.0,0.0,100.0,0.0,100.0,0.0,78.0,22.0,100.0,0.0,100.0,0.0,96.0,9212.0,22,22,100.0,0.0,100.0,0.0,200.0,0.0,100.0,26669.0,100.0,46854962536.0,100.0,134049558910.0
2018-11-17,S301PRC9,ST4000DM000,4000787030016,0,115.0,84741144.0,97.0,0.0,100.0,3.0,100.0,0.0,84.0,318131201.0,70.0,26766.0,100.0,0.0,100.0,3.0,100.0,0.0,100.0,0.0,100.0,0.0,100.0,0.0,100.0,0.0,78.0,22.0,100.0,0.0,100.0,0.0,96.0,9212.0,22.0,22.0,100.0,0.0,100.0,0.0,200.0,0.0,100.0,26693.0,100.0,46876546520.0,100.0,134122906164.0
2018-11-18,S301PRC9,ST4000DM000,4000787030016,0,105,9470672,97.0,0.0,100.0,3.0,100.0,0.0,84.0,320035164.0,70,26790,100.0,0.0,100,3,100.0,0.0,100.0,0.0,100.0,0.0,100.0,0.0,100.0,0.0,78.0,22.0,100.0,0.0,100.0,0.0,96.0,9212.0,22,22,100.0,0.0,100.0,0.0,200.0,0.0,100.0,26717.0,100.0,46902075112.0,100.0,134234423538.0
2018-11-19,S301PRC9,ST4000DM000,4000787030016,0,110,25976200,97.0,0.0,100.0,3.0,100.0,0.0,84.0,321481458.0,70,26813,100.0,0.0,100,3,100.0,0.0,100.0,0.0,100.0,0.0,100.0,0.0,100.0,0.0,78.0,22.0,100.0,0.0,100.0,0.0,96.0,9212.0,22,22,100.0,0.0,100.0,0.0,200.0,0.0,100.0,26740.0,100.0,46921958864.0,100.0,134387999552.0
2018-11-20,S301PRC9,ST4000DM000,4000787030016,0,118,180534040,97.0,0.0,100.0,3.0,100.0,0.0,84.0,322544568.0,70,26837,100.0,0.0,100,3,100.0,0.0,100.0,0.0,100.0,0.0,100.0,0.0,100.0,0.0,78.0,22.0,100.0,0.0,100.0,0.0,96.0,9212.0,22,22,100.0,0.0,100.0,0.0,200.0,0.0,100.0,26764.0,100.0,46935293568.0,100.0,134524226093.0
2018-11-21,S301PRC9,ST4000DM000,4000787030016,0,115,94215120,97.0,0.0,100.0,3.0,100.0,0.0,84.0,323241660.0,70,26861,100.0,0.0,100,3,100.0,0.0,100.0,0.0,100.0,0.0,100.0,0.0,100.0,0.0,78.0,22.0,100.0,0.0,100.0,0.0,96.0,9212.0,22,22,100.0,0.0,100.0,0.0,200.0,0.0,100.0,26788.0,100.0,46950973728.0,100.0,134596132993.0
2018-11-22,S301PRC9,ST4000DM000,4000787030016,0,117,165116328,97.0,0.0,100.0,3.0,100.0,0.0,84.0,324593208.0,70,26886,100.0,0.0,100,3,100.0,0.0,100.0,0.0,100.0,0.0,100.0,0.0,100.0,0.0,76.0,24.0,100.0,0.0,100.0,0.0,96.0,9212.0,24,24,100.0,0.0,100.0,0.0,200.0,0.0,100.0,26812.0,100.0,46971847224.0,100.0,134709825556.0
2018-11-23,S301PRC9,ST4000DM000,4000787030016,0,115,93200200,97.0,0.0,100.0,3.0,100.0,0.0,84.0,326503988.0,70,26910,100.0,0.0,100,3,100.0,0.0,100.0,0.0,100.0,0.0,100.0,0.0,100.0,0.0,78.0,22.0,100.0,0.0,100.0,0.0,96.0,9212.0,22,22,100.0,0.0,100.0,0.0,200.0,0.0,100.0,26836.0,100.0,46992054944.0,100.0,134853178156.0
2018-11-24,S301PRC9,ST4000DM000,4000787030016,0,118,181627824,97.0,0.0,100.0,3.0,100.0,0.0,84.0,327613114.0,70,26934,100.0,0.0,100,3,100.0,0.0,100.0,0.0,100.0,0.0,100.0,0.0,100.0,0.0,78.0,22.0,100.0,0.0,100.0,0.0,96.0,9212.0,22,22,100.0,0.0,100.0,0.0,200.0,0.0,100.0,26860.0,100.0,47015160592.0,100.0,134972409834.0
2018-11-25,S301PRC9,ST4000DM000,4000787030016,0,117,118259480,97.0,0.0,100.0,3.0,100.0,0.0,84.0,329223027.0,70,26958,100.0,0.0,100,3,100.0,0.0,100.0,0.0,100.0,0.0,100.0,0.0,100.0,0.0,78.0,22.0,100.0,0.0,100.0,0.0,96.0,9212.0,22,22,100.0,0.0,100.0,0.0,200.0,0.0,100.0,26884.0,100.0,47033294896.0,100.0,135058884625.0
2018-11-26,S301PRC9,ST4000DM000,4000787030016,0,115,85467632,97.0,0.0,100.0,3.0,100.0,0.0,84.0,330248014.0,70,26981,100.0,0.0,100,3,100.0,0.0,100.0,0.0,100.0,0.0,100.0,0.0,100.0,0.0,78.0,22.0,100.0,0.0,100.0,0.0,96.0,9212.0,22,22,100.0,0.0,100.0,0.0,200.0,0.0,100.0,26908.0,100.0,47048210240.0,100.0,135184687726.0
2018-11-27,S301PRC9,ST4000DM000,4000787030016,0,114,58799864,97.0,0.0,100.0,3.0,100.0,0.0,84.0,331508651.0,70,27006,100.0,0.0,100,3,100.0,0.0,100.0,0.0,100.0,0.0,100.0,0.0,100.0,0.0,78.0,22.0,100.0,0.0,100.0,0.0,96.0,9212.0,22,22,100.0,0.0,100.0,0.0,200.0,0.0,100.0,26933.0,100.0,47070996352.0,100.0,135313765025.0
2018-11-28,S301PRC9,ST4000DM000,4000787030016,0,118,175539136,97.0,0.0,100.0,3.0,100.0,0.0,84.0,332380054.0,70,27030,100.0,0.0,100,3,100.0,0.0,100.0,0.0,100.0,0.0,100.0,0.0,100.0,0.0,78.0,22.0,100.0,0.0,100.0,0.0,96.0,9212.0,22,22,100.0,0.0,100.0,0.0,200.0,0.0,100.0,26957.0,100.0,47085035200.0,100.0,135400251623.0
2018-11-29,S301PRC9,ST4000DM000,4000787030016,0,117,145655992,97.0,0.0,100.0,3.0,100.0,0.0,84.0,333573925.0,70,27054,100.0,0.0,100,3,100.0,0.0,100.0,0.0,100.0,0.0,100.0,0.0,100.0,0.0,80.0,20.0,100.0,0.0,100.0,0.0,96.0,9212.0,20,20,100.0,0.0,100.0,0.0,200.0,0.0,100.0,26981.0,100.0,47105682768.0,100.0,135496143934.0
2018-11-30,S301PRC9,ST4000DM000,4000787030016,0,115,96433272,97.0,0.0,100.0,3.0,100.0,0.0,84.0,335148930.0,70,27078,100.0,0.0,100,3,100.0,0.0,100.0,0.0,100.0,0.0,100.0,0.0,100.0,0.0,79.0,21.0,100.0,0.0,100.0,0.0,96.0,9212.0,21,21,100.0,0.0,100.0,0.0,200.0,0.0,100.0,27005.0,100.0,47126743512.0,100.0,135585096133.0
2018-12-01,S301PRC9,ST4000DM000,4000787030016,0,110,26875328,97.0,0.0,100.0,3.0,100.0,0.0,85.0,336198000.0,70,27101,100.0,0.0,100,3,100.0,0.0,100.0,0.0,100.0,0.0,100.0,0.0,100.0,0.0,79.0,21.0,100.0,0.0,100.0,0.0,96.0,9212.0,21,21,100.0,0.0,100.0,0.0,200.0,0.0,100.0,27028.0,100.0,47142970360.0,100.0,135670276117.0
2018-12-02,S301PRC9,ST4000DM000,4000787030016,0,107,13941432,97.0,0.0,100.0,3.0,100.0,0.0,85.0,339236596.0,70,27126,100.0,0.0,100,3,100.0,0.0,100.0,0.0,100.0,0.0,100.0,0.0,100.0,0.0,78.0,22.0,100.0,0.0,100.0,0.0,96.0,9212.0,22,22,100.0,0.0,100.0,0.0,200.0,0.0,100.0,27053.0,100.0,47165951672.0,100.0,135772937272.0
2018-12-03,S301PRC9,ST4000DM000,4000787030016,0,119,211724184,97.0,0.0,100.0,3.0,100.0,0.0,85.0,340628412.0,70,27150,100.0,0.0,100,3,100.0,0.0,100.0,0.0,100.0,0.0,100.0,0.0,100.0,0.0,78.0,22.0,100.0,0.0,100.0,0.0,96.0,9212.0,22,22,100.0,0.0,100.0,0.0,200.0,0.0,100.0,27077.0,100.0,47188074128.0,100.0,135894635033.0
2018-12-04,S301PRC9,ST4000DM000,4000787030016,0,117,123116344,97.0,0.0,100.0,3.0,100.0,0.0,85.0,341608330.0,69,27174,100.0,0.0,100,3,100.0,0.0,100.0,0.0,100.0,0.0,100.0,0.0,100.0,0.0,79.0,21.0,100.0,0.0,100.0,0.0,96.0,9212.0,21,21,100.0,0.0,100.0,0.0,200.0,0.0,100.0,27101.0,100.0,47203060720.0,100.0,135985409136.0
2018-12-05,S301PRC9,ST4000DM000,4000787030016,0,113.0,56806728.0,97.0,0.0,100.0,3.0,100.0,0.0,85.0,342901832.0,69.0,27198.0,100.0,0.0,100.0,3.0,100.0,0.0,100.0,0.0,100.0,0.0,100.0,0.0,100.0,0.0,79.0,21.0,100.0,0.0,100.0,0.0,96.0,9212.0,21.0,21.0,100.0,0.0,100.0,0.0,200.0,0.0,100.0,27125.0,100.0,47223525232.0,100.0,136085017583.0
2018-12-06,S301PRC9,ST4000DM000,4000787030016,0,119,220736800,97.0,0.0,100.0,3.0,100.0,0.0,85.0,344522206.0,69,27222,100.0,0.0,100,3,100.0,0.0,100.0,0.0,100.0,0.0,100.0,0.0,100.0,0.0,79.0,21.0,100.0,0.0,100.0,0.0,96.0,9212.0,21,21,100.0,0.0,100.0,0.0,200.0,0.0,100.0,27149.0,100.0,47244347312.0,100.0,136182897971.0
2018-12-07,S301PRC9,ST4000DM000,4000787030016,0,106,11216288,97.0,0.0,100.0,3.0,100.0,0.0,85.0,345930032.0,69,27246,100.0,0.0,100,3,100.0,0.0,100.0,0.0,100.0,0.0,100.0,0.0,100.0,0.0,79.0,21.0,100.0,0.0,100.0,0.0,96.0,9212.0,21,21,100.0,0.0,100.0,0.0,200.0,0.0,100.0,27172.0,100.0,47261909744.0,100.0,136284698987.0
2018-12-08,S301PRC9,ST4000DM000,4000787030016,0,106,11628464,97.0,0.0,100.0,3.0,100.0,0.0,85.0,346826307.0,69,27270,100.0,0.0,100,3,100.0,0.0,100.0,0.0,100.0,0.0,100.0,0.0,100.0,0.0,79.0,21.0,100.0,0.0,100.0,0.0,96.0,9212.0,21,21,100.0,0.0,100.0,0.0,200.0,0.0,100.0,27196.0,100.0,47279654200.0,100.0,136395626079.0
2018-12-09,S301PRC9,ST4000DM000,4000787030016,0,114,80116640,97.0,0.0,100.0,3.0,100.0,0.0,85.0,348522493.0,69,27294,100.0,0.0,100,3,100.0,0.0,100.0,0.0,100.0,0.0,100.0,0.0,100.0,0.0,79.0,21.0,100.0,0.0,100.0,0.0,96.0,9212.0,21,21,100.0,0.0,100.0,0.0,200.0,0.0,100.0,27220.0,100.0,47303904624.0,100.0,136484391941.0
2018-12-10,S301PRC9,ST4000DM000,4000787030016,0,117,124481528,97.0,0.0,100.0,3.0,100.0,0.0,85.0,349303299.0,69,27318,100.0,0.0,100,3,100.0,0.0,100.0,0.0,100.0,0.0,100.0,0.0,100.0,0.0,79.0,21.0,100.0,0.0,100.0,0.0,96.0,9212.0,21,21,100.0,0.0,100.0,0.0,200.0,0.0,100.0,27244.0,100.0,47319967792.0,100.0,136583061347.0
2018-12-11,S301PRC9,ST4000DM000,4000787030016,0,118,188815296,97.0,0.0,100.0,3.0,100.0,0.0,85.0,349778295.0,69,27342,100.0,0.0,100,3,100.0,0.0,100.0,0.0,100.0,0.0,100.0,0.0,100.0,0.0,79.0,21.0,100.0,0.0,100.0,0.0,96.0,9212.0,21,21,100.0,0.0,100.0,0.0,200.0,0.0,100.0,27269.0,100.0,47334802848.0,100.0,136628526256.0
2018-12-12,S301PRC9,ST4000DM000,4000787030016,0,119,217925408,97.0,0.0,100.0,3.0,100.0,0.0,85.0,350517186.0,69,27366,100.0,0.0,100,3,100.0,0.0,100.0,0.0,100.0,0.0,100.0,0.0,100.0,0.0,80.0,20.0,100.0,0.0,100.0,0.0,96.0,9212.0,20,20,100.0,0.0,100.0,0.0,200.0,0.0,100.0,27293.0,100.0,47351999152.0,100.0,136742002946.0
2018-12-13,S301PRC9,ST4000DM000,4000787030016,0,117,132172008,97.0,0.0,100.0,3.0,100.0,0.0,85.0,351911175.0,69,27390,100.0,0.0,100,3,100.0,0.0,100.0,0.0,100.0,0.0,100.0,0.0,100.0,0.0,79.0,21.0,100.0,0.0,100.0,0.0,96.0,9212.0,21,21,100.0,0.0,100.0,0.0,200.0,0.0,100.0,27317.0,100.0,47384847560.0,100.0,136868181881.0
2018-12-14,S301PRC9,ST4000DM000,4000787030016,0,118,194271144,97.0,0.0,100.0,3.0,100.0,0.0,85.0,353269428.0,69,27414,100.0,0.0,100,3,100.0,0.0,100.0,0.0,100.0,0.0,100.0,0.0,100.0,0.0,80.0,20.0,100.0,0.0,100.0,0.0,96.0,9212.0,20,20,100.0,0.0,100.0,0.0,200.0,0.0,100.0,27340.0,100.0,47408755760.0,100.0,136983134689.0
2018-12-15,S301PRC9,ST4000DM000,4000787030016,0,116,104064824,97.0,0.0,100.0,3.0,100.0,0.0,85.0,354090150.0,69,27438,100.0,0.0,100,3,100.0,0.0,100.0,0.0,100.0,0.0,100.0,0.0,100.0,0.0,80.0,20.0,100.0,0.0,100.0,0.0,96.0,9212.0,20,20,100.0,0.0,100.0,0.0,200.0,0.0,100.0,27365.0,100.0,47433213440.0,100.0,137079747727.0
2018-12-16,S301PRC9,ST4000DM000,4000787030016,0,114,64860736,97.0,0.0,100.0,3.0,100.0,0.0,85.0,355797684.0,69,27462,100.0,0.0,100,3,100.0,0.0,100.0,0.0,100.0,0.0,100.0,0.0,100.0,0.0,79.0,21.0,100.0,0.0,100.0,0.0,96.0,9212.0,21,21,100.0,0.0,100.0,0.0,200.0,0.0,100.0,27389.0,100.0,47458428552.0,100.0,137183511191.0
2018-12-17,S301PRC9,ST4000DM000,4000787030016,0,120,242021872,97.0,0.0,100.0,3.0,100.0,0.0,85.0,356590971.0,69,27486,100.0,0.0,100,3,100.0,0.0,100.0,0.0,100.0,0.0,100.0,0.0,100.0,0.0,80.0,20.0,100.0,0.0,100.0,0.0,96.0,9212.0,20,20,100.0,0.0,100.0,0.0,200.0,0.0,100.0,27412.0,100.0,47480426328.0,100.0,137272936567.0
2018-12-18,S301PRC9,ST4000DM000,4000787030016,0,116,114406392,97.0,0.0,100.0,3.0,100.0,0.0,85.0,357121599.0,69,27510,100.0,0.0,100,3,100.0,0.0,100.0,0.0,100.0,0.0,100.0,0.0,100.0,0.0,79.0,21.0,100.0,0.0,100.0,0.0,96.0,9212.0,21,21,100.0,0.0,100.0,0.0,200.0,0.0,100.0,27436.0,100.0,47502287560.0,100.0,137313304864.0
2018-12-19,S301PRC9,ST4000DM000,4000787030016,0,117,151961856,97.0,0.0,100.0,3.0,100.0,0.0,85.0,357933236.0,69,27534,100.0,0.0,100,3,100.0,0.0,100.0,0.0,100.0,0.0,100.0,0.0,100.0,0.0,79.0,21.0,100.0,0.0,100.0,0.0,96.0,9212.0,21,21,100.0,0.0,100.0,0.0,200.0,0.0,100.0,27461.0,100.0,47519438664.0,100.0,137414677236.0
2018-12-20,S301PRC9,ST4000DM000,4000787030016,0,113,54128088,97.0,0.0,100.0,3.0,100.0,0.0,85.0,360829168.0,69,27558,100.0,0.0,100,3,100.0,0.0,100.0,0.0,100.0,0.0,100.0,0.0,100.0,0.0,79.0,21.0,100.0,0.0,100.0,0.0,96.0,9212.0,21,21,100.0,0.0,100.0,0.0,200.0,0.0,100.0,27485.0,100.0,47543481960.0,100.0,137584978172.0
2018-12-21,S301PRC9,ST4000DM000,4000787030016,0,111,39872824,97.0,0.0,100.0,3.0,100.0,0.0,85.0,361805833.0,69,27581,100.0,0.0,100,3,100.0,0.0,100.0,0.0,100.0,0.0,100.0,0.0,100.0,0.0,79.0,21.0,100.0,0.0,100.0,0.0,96.0,9212.0,21,21,100.0,0.0,100.0,0.0,200.0,0.0,100.0,27508.0,100.0,47557460512.0,100.0,137739984996.0
2018-12-22,S301PRC9,ST4000DM000,4000787030016,0,117,134773544,97.0,0.0,100.0,3.0,100.0,0.0,85.0,362450969.0,69,27605,100.0,0.0,100,3,100.0,0.0,100.0,0.0,100.0,0.0,100.0,0.0,100.0,0.0,79.0,21.0,100.0,0.0,100.0,0.0,96.0,9212.0,21,21,100.0,0.0,100.0,0.0,200.0,0.0,100.0,27532.0,100.0,47574231464.0,100.0,137907552214.0
2018-12-23,S301PRC9,ST4000DM000,4000787030016,0,117,149002864,97.0,0.0,100.0,3.0,100.0,0.0,85.0,363942331.0,69,27630,100.0,0.0,100,3,100.0,0.0,100.0,0.0,100.0,0.0,100.0,0.0,100.0,0.0,79.0,21.0,100.0,0.0,100.0,0.0,96.0,9212.0,21,21,100.0,0.0,100.0,0.0,200.0,0.0,100.0,27556.0,100.0,47593436792.0,100.0,138013026302.0
2018-12-24,S301PRC9,ST4000DM000,4000787030016,0,109,22785928,97.0,0.0,100.0,3.0,100.0,0.0,85.0,364702492.0,69,27654,100.0,0.0,100,3,100.0,0.0,100.0,0.0,100.0,0.0,100.0,0.0,100.0,0.0,79.0,21.0,100.0,0.0,100.0,0.0,96.0,9212.0,21,21,100.0,0.0,100.0,0.0,200.0,0.0,100.0,27581.0,100.0,47616578792.0,100.0,138166304719.0
2018-12-25,S301PRC9,ST4000DM000,4000787030016,0,117,125054744,97.0,0.0,100.0,3.0,100.0,0.0,85.0,365374560.0,69,27678,100.0,0.0,100,3,100.0,0.0,100.0,0.0,100.0,0.0,100.0,0.0,100.0,0.0,79.0,21.0,100.0,0.0,100.0,0.0,96.0,9212.0,21,21,100.0,0.0,100.0,0.0,200.0,0.0,100.0,27605.0,100.0,47629470080.0,100.0,138309775575.0
2018-12-26,S301PRC9,ST4000DM000,4000787030016,0,115,92282200,97.0,0.0,100.0,3.0,100.0,0.0,85.0,366009498.0,69,27702,100.0,0.0,100,3,100.0,0.0,100.0,0.0,100.0,0.0,100.0,0.0,100.0,0.0,79.0,21.0,100.0,0.0,100.0,0.0,96.0,9212.0,21,21,100.0,0.0,100.0,0.0,200.0,0.0,100.0,27629.0,100.0,47654687952.0,100.0,138464518827.0
2018-12-27,S301PRC9,ST4000DM000,4000787030016,0,114,61266920,97.0,0.0,100.0,3.0,100.0,0.0,85.0,367031198.0,69,27725,100.0,0.0,100,3,100.0,0.0,100.0,0.0,100.0,0.0,100.0,0.0,100.0,0.0,79.0,21.0,100.0,0.0,100.0,0.0,96.0,9212.0,21,21,100.0,0.0,100.0,0.0,200.0,0.0,100.0,27652.0,100.0,47682440760.0,100.0,138622802770.0
2018-12-28,S301PRC9,ST4000DM000,4000787030016,0,119,217321584,97.0,0.0,100.0,3.0,100.0,0.0,85.0,368764645.0,69,27750,100.0,0.0,100,3,100.0,0.0,100.0,0.0,100.0,0.0,100.0,0.0,100.0,0.0,80.0,20.0,100.0,0.0,100.0,0.0,96.0,9212.0,20,20,100.0,0.0,100.0,0.0,200.0,0.0,100.0,27676.0,100.0,47716089704.0,100.0,138785239376.0
2018-12-29,S301PRC9,ST4000DM000,4000787030016,0,111,41757424,97.0,0.0,100.0,3.0,100.0,0.0,85.0,369688573.0,69,27773,100.0,0.0,100,3,100.0,0.0,100.0,0.0,100.0,0.0,100.0,0.0,100.0,0.0,79.0,21.0,100.0,0.0,100.0,0.0,96.0,9212.0,21,21,100.0,0.0,100.0,0.0,200.0,0.0,100.0,27700.0,100.0,47742428568.0,100.0,138906004608.0
2018-12-30,S301PRC9,ST4000DM000,4000787030016,0,118,191007464,97.0,0.0,100.0,3.0,100.0,0.0,85.0,371301571.0,69,27798,100.0,0.0,100,3,100.0,0.0,100.0,0.0,100.0,0.0,100.0,0.0,100.0,0.0,80.0,20.0,100.0,0.0,100.0,0.0,96.0,9212.0,20,20,100.0,0.0,100.0,0.0,200.0,0.0,100.0,27724.0,100.0,47760784312.0,100.0,139002533427.0
2018-12-31,S301PRC9,ST4000DM000,4000787030016,0,118,193047312,97.0,0.0,100.0,3.0,100.0,0.0,85.0,372446816.0,69,27822,100.0,0.0,100,3,100.0,0.0,100.0,0.0,100.0,0.0,100.0,0.0,100.0,0.0,80.0,20.0,100.0,0.0,100.0,0.0,96.0,9212.0,20,20,100.0,0.0,100.0,0.0,200.0,0.0,100.0,27749.0,100.0,47789132656.0,100.0,139143587940.0
