2018-01-01,Z300WE85,ST4000DM000,4000787030016,0,118,180985640,91,0,100,16,100,0,82,178678956,60,35455,100,0,100,16,100.0,0.0,100.0,0.0,100.0,0.0,100.0,1.0,73.0,27.0,76.0,24.0,100.0,0.0,100.0,9.0,91.0,18007.0,24,24,100,0,100,0,200,0,100.0,35380.0,100.0,29775685292.0,100.0,260570225267.0
2018-01-02,Z300WE85,ST4000DM000,4000787030016,0,107,12884792,91,0,100,16,100,0,82,179462295,60,35479,100,0,100,16,100.0,0.0,100.0,0.0,100.0,0.0,100.0,1.0,73.0,27.0,74.0,26.0,100.0,0.0,100.0,9.0,91.0,18007.0,26,26,100,0,100,0,200,0,100.0,35404.0,100.0,29781772926.0,100.0,260596470408.0
2018-01-03,Z300WE85,ST4000DM000,4000787030016,0,117,164971592,91,0,100,16,100,0,82,180319429,60,35503,100,0,100,16,100.0,0.0,100.0,0.0,100.0,0.0,100.0,1.0,73.0,27.0,75.0,25.0,100.0,0.0,100.0,9.0,91.0,18007.0,25,25,100,0,100,0,200,0,100.0,35428.0,100.0,29789341528.0,100.0,260628078412.0
2018-01-04,Z300WE85,ST4000DM000,4000787030016,0,111,31170664,91,0,100,16,100,0,82,181167446,60,35527,100,0,100,16,100.0,0.0,100.0,0.0,100.0,0.0,100.0,1.0,73.0,27.0,76.0,24.0,100.0,0.0,100.0,9.0,91.0,18007.0,24,24,100,0,100,0,200,0,100.0,35452.0,100.0,29797115862.0,100.0,260657877307.0
2018-01-05,Z300WE85,ST4000DM000,4000787030016,0,111.0,39328448.0,91.0,0.0,100.0,16.0,100.0,0.0,82.0,181904940.0,60.0,35551.0,100.0,0.0,100.0,16.0,100.0,0.0,100.0,0.0,100.0,0.0,100.0,1.0,73.0,27.0,76.0,24.0,100.0,0.0,100.0,9.0,91.0,18007.0,24.0,24.0,100.0,0.0,100.0,0.0,200.0,0.0,100.0,35476.0,100.0,29803028860.0,100.0,260682552088.0
2018-01-06,Z300WE85,ST4000DM000,4000787030016,0,119,212655320,91,0,100,16,100,0,82,182803684,60,35575,100,0,100,16,100.0,0.0,100.0,0.0,100.0,0.0,100.0,1.0,73.0,27.0,77.0,23.0,100.0,0.0,100.0,9.0,91.0,18007.0,23,23,100,0,100,0,200,0,100.0,35500.0,100.0,29811886310.0,100.0,260714169758.0
2018-01-07,Z300WE85,ST4000DM000,4000787030016,0,118,200795632,91,0,100,16,100,0,82,183748212,60,35599,100,0,100,16,100.0,0.0,100.0,0.0,100.0,0.0,100.0,1.0,73.0,27.0,76.0,24.0,100.0,0.0,100.0,9.0,91.0,18007.0,24,24,100,0,100,0,200,0,100.0,35524.0,100.0,29822587450.0,100.0,260747663322.0
2018-01-08,Z300WE85,ST4000DM000,4000787030016,0,119,218849208,91,0,100,16,100,0,82,184489820,60,35623,100,0,100,16,100.0,0.0,100.0,0.0,100.0,0.0,100.0,1.0,73.0,27.0,76.0,24.0,100.0,0.0,100.0,9.0,91.0,18007.0,24,24,100,0,100,0,200,0,100.0,35548.0,100.0,29827496022.0,100.0,260773640516.0
2018-01-09,Z300WE85,ST4000DM000,4000787030016,0,117,131356400,91,0,100,16,100,0,82,184892086,60,35635,100,0,100,16,100.0,0.0,100.0,0.0,100.0,0.0,100.0,1.0,73.0,27.0,77.0,23.0,100.0,0.0,100.0,9.0,91.0,18007.0,23,23,100,0,100,0,200,0,100.0,35560.0,100.0,29830642422.0,100.0,260787169969.0
2018-01-10,Z300WE85,ST4000DM000,4000787030016,0,115,90230776,91,0,100,16,100,0,82,185989527,60,35671,100,0,100,16,100.0,0.0,100.0,0.0,100.0,0.0,100.0,1.0,73.0,27.0,76.0,24.0,100.0,0.0,100.0,9.0,91.0,18007.0,24,24,100,0,100,0,200,0,100.0,35596.0,100.0,29837361618.0,100.0,260830746639.0
2018-01-11,Z300WE85,ST4000DM000,4000787030016,0,117,131016456,91,0,100,16,100,0,82,186414245,60,35685,100,0,100,16,100.0,0.0,100.0,0.0,100.0,0.0,100.0,1.0,73.0,27.0,76.0,24.0,100.0,0.0,100.0,9.0,91.0,18007.0,24,24,100,0,100,0,200,0,100.0,35610.0,100.0,29838753322.0,100.0,260849855548.0
2018-01-12,Z300WE85,ST4000DM000,4000787030016,0,113,51294304,91,0,100,16,100,0,82,187300819,60,35709,100,0,100,16,100.0,0.0,100.0,0.0,100.0,0.0,100.0,1.0,73.0,27.0,76.0,24.0,100.0,0.0,100.0,9.0,91.0,18007.0,24,24,100,0,100,0,200,0,100.0,35634.0,100.0,29842937838.0,100.0,260884138884.0
2018-01-13,Z300WE85,ST4000DM000,4000787030016,0,114.0,76069376.0,91.0,0.0,100.0,16.0,100,0,82.0,188136421.0,60,35736,100.0,0.0,100,16,100.0,0.0,100.0,0.0,100.0,0.0,100.0,1.0,73.0,27.0,76.0,24.0,100.0,0.0,100.0,9.0,91.0,18007.0,24.0,24.0,100.0,0.0,100.0,0.0,200,0,100.0,35661.0,100.0,29846031250.0,100.0,260909495728.0
2018-01-14,Z300WE85,ST4000DM000,4000787030016,0,111.0,39500960.0,91.0,0.0,100.0,16.0,100,0,82.0,189300104.0,60,35760,100.0,0.0,100,16,100.0,0.0,100.0,0.0,100.0,0.0,100.0,1.0,73.0,27.0,77.0,23.0,100.0,0.0,100.0,9.0,91.0,18007.0,23.0,23.0,100.0,0.0,100.0,0.0,200,0,100.0,35685.0,100.0,29849274860.0,100.0,260946086743.0
2018-01-15,Z300WE85,ST4000DM000,4000787030016,0,119.0,205332440.0,91.0,0.0,100.0,16.0,100,0,82.0,190155053.0,60,35784,100.0,0.0,100,16,100.0,0.0,100.0,0.0,100.0,0.0,100.0,1.0,73.0,27.0,76.0,24.0,100.0,0.0,100.0,9.0,91.0,18007.0,24.0,24.0,100.0,0.0,100.0,0.0,200,0,100.0,35709.0,100.0,29851721388.0,100.0,260974754912.0
2018-01-16,Z300WE85,ST4000DM000,4000787030016,0,117.0,145820992.0,91.0,0.0,100.0,16.0,100,0,82.0,190865273.0,60,35808,100.0,0.0,100,16,100.0,0.0,100.0,0.0,100.0,0.0,100.0,1.0,73.0,27.0,79.0,21.0,100.0,0.0,100.0,9.0,91.0,18007.0,21.0,21.0,100.0,0.0,100.0,0.0,200,0,100.0,35733.0,100.0,29853699476.0,100.0,261009364088.0
2018-01-17,Z300WE85,ST4000DM000,4000787030016,0,117.0,159222000.0,91.0,0.0,100.0,16.0,100,0,82.0,191238691.0,60,35820,100.0,0.0,100,16,100.0,0.0,100.0,0.0,100.0,0.0,100.0,1.0,73.0,27.0,77.0,23.0,100.0,0.0,100.0,9.0,91.0,18007.0,23.0,23.0,100.0,0.0,100.0,0.0,200,0,100.0,35745.0,100.0,29854720536.0,100.0,261026469803.0
2018-01-19,Z300WE85,ST4000DM000,4000787030016,0,118.0,185818568.0,91.0,0.0,100.0,16.0,100.0,0.0,82.0,193399673.0,60.0,35878.0,100.0,0.0,100.0,16.0,100.0,0.0,100.0,0.0,100.0,0.0,100.0,1.0,73.0,27.0,77.0,23.0,100.0,0.0,100.0,9.0,91.0,18015.0,23.0,23.0,100.0,0.0,100.0,0.0,200.0,0.0,100.0,35803.0,100.0,29860784988.0,100.0,261099359550.0
2018-01-20,Z300WE85,ST4000DM000,4000787030016,0,109.0,23972008.0,91.0,0.0,100.0,18.0,100,0,82.0,193509217.0,60,35902,100.0,0.0,100,18,100.0,0.0,100.0,0.0,100.0,0.0,100.0,1.0,73.0,27.0,79.0,21.0,100.0,0.0,100.0,10.0,91.0,19052.0,21.0,21.0,100.0,0.0,100.0,0.0,200,0,100.0,35822.0,100.0,29860932944.0,100.0,261122229218.0
2018-01-21,Z300WE85,ST4000DM000,4000787030016,0,114.0,59803968.0,91.0,0.0,100.0,18.0,100,0,82.0,193605401.0,59,35926,100.0,0.0,100,18,100.0,0.0,100.0,0.0,100.0,0.0,100.0,1.0,73.0,27.0,79.0,21.0,100.0,0.0,100.0,10.0,90.0,20386.0,21.0,21.0,100.0,0.0,100.0,0.0,200,0,100.0,35841.0,100.0,29861053044.0,100.0,261151750523.0
2018-01-22,Z300WE85,ST4000DM000,4000787030016,0,115.0,95678640.0,91.0,0.0,100.0,18.0,100,0,82.0,193698948.0,59,35950,100.0,0.0,100,18,100.0,0.0,100.0,0.0,100.0,0.0,100.0,1.0,73.0,27.0,79.0,21.0,100.0,0.0,100.0,10.0,90.0,21659.0,21.0,21.0,100.0,0.0,100.0,0.0,200,0,100.0,35860.0,100.0,29861169464.0,100.0,261180400619.0
2018-01-23,Z300WE85,ST4000DM000,4000787030016,0,117.0,135381328.0,91.0,0.0,100.0,18.0,100,0,82.0,193793230.0,59,35974,100.0,0.0,100,18,100.0,0.0,100.0,0.0,100.0,0.0,100.0,1.0,73.0,27.0,79.0,21.0,100.0,0.0,100.0,10.0,89.0,22898.0,21.0,21.0,100.0,0.0,100.0,0.0,200,0,100.0,35878.0,100.0,29861285804.0,100.0,261210354766.0
2018-01-24,Z300WE85,ST4000DM000,4000787030016,0,118.0,189458312.0,91.0,0.0,100.0,18.0,100,0,82.0,193921922.0,59,36006,100.0,0.0,100,18,100.0,0.0,100.0,0.0,100.0,0.0,100.0,1.0,73.0,27.0,79.0,21.0,100.0,0.0,100.0,10.0,88.0,24578.0,21.0,21.0,100.0,0.0,100.0,0.0,200,0,100.0,35903.0,100.0,29861443274.0,100.0,261248726904.0
2018-01-25,Z300WE85,ST4000DM000,4000787030016,0,119.0,229722464.0,91.0,0.0,100.0,18.0,100,0,82.0,194017119.0,59,36030,100.0,0.0,100,18,100.0,0.0,100.0,0.0,100.0,0.0,100.0,1.0,73.0,27.0,80.0,20.0,100.0,0.0,100.0,10.0,88.0,25795.0,20.0,20.0,100.0,0.0,100.0,0.0,200,0,100.0,35922.0,100.0,29861559534.0,100.0,261278098178.0
2018-01-26,Z300WE85,ST4000DM000,4000787030016,0,111.0,31059712.0,91.0,0.0,100.0,18.0,100,0,82.0,194116367.0,59,36054,100.0,0.0,100,18,100.0,0.0,100.0,0.0,100.0,0.0,100.0,1.0,73.0,27.0,79.0,21.0,100.0,0.0,100.0,10.0,87.0,27025.0,21.0,21.0,100.0,0.0,100.0,0.0,200,0,100.0,35941.0,100.0,29861679554.0,100.0,261307582456.0
2018-01-27,Z300WE85,ST4000DM000,4000787030016,0,115.0,88394048.0,91.0,0.0,100.0,18.0,100,0,82.0,194216128.0,59,36078,100.0,0.0,100,18,100.0,0.0,100.0,0.0,100.0,0.0,100.0,1.0,73.0,27.0,79.0,21.0,100.0,0.0,100.0,10.0,86.0,28133.0,21.0,21.0,100.0,0.0,100.0,0.0,200,0,100.0,35961.0,100.0,29861795934.0,100.0,261338329574.0
2018-01-28,Z300WE85,ST4000DM000,4000787030016,0,117.0,121967856.0,91.0,0.0,100.0,18.0,100,0,82.0,194309649.0,59,36102,100.0,0.0,100,18,100.0,0.0,100.0,0.0,100.0,0.0,100.0,1.0,73.0,27.0,79.0,21.0,100.0,0.0,100.0,10.0,86.0,29408.0,21.0,21.0,100.0,0.0,100.0,0.0,200,0,100.0,35979.0,100.0,29861912154.0,100.0,261365830054.0
2018-01-29,Z300WE85,ST4000DM000,4000787030016,0,117.0,161570352.0,91.0,0.0,100.0,18.0,100,0,82.0,194407477.0,59,36126,100.0,0.0,100,18,100.0,0.0,100.0,0.0,100.0,0.0,100.0,1.0,73.0,27.0,79.0,21.0,100.0,0.0,100.0,10.0,85.0,30713.0,21.0,21.0,100.0,0.0,100.0,0.0,200,0,100.0,35998.0,100.0,29862032254.0,100.0,261395236435.0
2018-01-30,Z300WE85,ST4000DM000,4000787030016,0,118.0,184589912.0,91.0,0.0,100.0,18.0,100,0,82.0,194468328.0,59,36142,100.0,0.0,100,18,100.0,0.0,100.0,0.0,100.0,0.0,100.0,1.0,73.0,27.0,79.0,21.0,100.0,0.0,100.0,10.0,85.0,31541.0,21.0,21.0,100.0,0.0,100.0,0.0,200,0,100.0,36009.0,100.0,29862107264.0,100.0,261412934588.0
2018-01-31,Z300WE85,ST4000DM000,4000787030016,0,120.0,2384992.0,91.0,0.0,100.0,18.0,100.0,0.0,82.0,194567895.0,59.0,36165.0,100.0,0.0,100.0,18.0,100.0,0.0,100.0,0.0,100.0,0.0,100.0,1.0,73.0,27.0,79.0,21.0,100.0,0.0,100.0,10.0,84.0,32677.0,21.0,21.0,100.0,0.0,100.0,0.0,200.0,0.0,100.0,36029.0,100.0,29862223774.0,100.0,261451295577.0
2018-02-01,Z300WE85,ST4000DM000,4000787030016,0,114.0,71428416.0,91.0,0.0,100.0,18.0,100,0,82.0,194673500.0,59,36190,100.0,0.0,100,18,100.0,0.0,100.0,0.0,100.0,0.0,100.0,1.0,73.0,27.0,78.0,22.0,100.0,0.0,100.0,10.0,84.0,33730.0,22.0,22.0,100.0,0.0,100.0,0.0,200,0,100.0,36049.0,100.0,29862343744.0,100.0,261486411013.0
2018-02-02,Z300WE85,ST4000DM000,4000787030016,0,117.0,146803400.0,91.0,0.0,100.0,18.0,100,0,82.0,194776415.0,59,36214,100.0,0.0,100,18,100.0,0.0,100.0,0.0,100.0,0.0,100.0,1.0,73.0,27.0,80.0,20.0,100.0,0.0,100.0,10.0,83.0,34687.0,20.0,20.0,100.0,0.0,100.0,0.0,200,0,100.0,36069.0,100.0,29862460214.0,100.0,261524465574.0
2018-02-03,Z300WE85,ST4000DM000,4000787030016,0,119.0,216393984.0,91.0,0.0,100.0,18.0,100,0,82.0,194877595.0,59,36238,100.0,0.0,100,18,100.0,0.0,100.0,0.0,100.0,0.0,100.0,1.0,73.0,27.0,79.0,21.0,100.0,0.0,100.0,10.0,83.0,35706.0,21.0,21.0,100.0,0.0,100.0,0.0,200,0,100.0,36088.0,100.0,29862576474.0,100.0,261561176130.0
2018-02-04,Z300WE85,ST4000DM000,4000787030016,0,110.0,28436584.0,91.0,0.0,100.0,18.0,100,0,82.0,195004425.0,59,36270,100.0,0.0,100,18,100.0,0.0,100.0,0.0,100.0,0.0,100.0,1.0,73.0,27.0,79.0,21.0,100.0,0.0,100.0,10.0,82.0,37458.0,21.0,21.0,100.0,0.0,100.0,0.0,200,0,100.0,36113.0,100.0,29862734094.0,100.0,261608590051.0
2018-02-05,Z300WE85,ST4000DM000,4000787030016,0,114.0,68004728.0,91.0,0.0,100.0,18.0,100,0,82.0,195098055.0,59,36294,100.0,0.0,100,18,100.0,0.0,100.0,0.0,100.0,0.0,100.0,1.0,73.0,27.0,79.0,21.0,100.0,0.0,100.0,10.0,81.0,38734.0,21.0,21.0,100.0,0.0,100.0,0.0,200,0,100.0,36131.0,100.0,29862850384.0,100.0,261642006995.0
2018-02-06,Z300WE85,ST4000DM000,4000787030016,0,116.0,112367616.0,91.0,0.0,100.0,18.0,100,0,82.0,195195779.0,59,36318,100.0,0.0,100,18,100.0,0.0,100.0,0.0,100.0,0.0,100.0,1.0,73.0,27.0,78.0,22.0,100.0,0.0,100.0,10.0,80.0,40046.0,22.0,22.0,100.0,0.0,100.0,0.0,200,0,100.0,36150.0,100.0,29862970464.0,100.0,261677278069.0
2018-02-07,Z300WE85,ST4000DM000,4000787030016,0,117.0,154189560.0,91.0,0.0,100.0,18.0,100,0,82.0,195289778.0,59,36342,100.0,0.0,100,18,100.0,0.0,100.0,0.0,100.0,0.0,100.0,1.0,73.0,27.0,79.0,21.0,100.0,0.0,100.0,10.0,80.0,41285.0,21.0,21.0,100.0,0.0,100.0,0.0,200,0,100.0,36168.0,100.0,29863086844.0,100.0,261712368229.0
2018-02-08,Z300WE85,ST4000DM000,4000787030016,0,118.0,196543224.0,91.0,0.0,100.0,18.0,100,0,82.0,195383819.0,59,36366,100.0,0.0,100,18,100.0,0.0,100.0,0.0,100.0,0.0,100.0,1.0,73.0,27.0,77.0,23.0,100.0,0.0,100.0,10.0,79.0,42571.0,23.0,23.0,100.0,0.0,100.0,0.0,200,0,100.0,36186.0,100.0,29863203194.0,100.0,261747816365.0
2018-02-09,Z300WE85,ST4000DM000,4000787030016,0,120,240134944,91,0,100,18,100,0,82,195480570,59,36390,100,0,100,18,100.0,0.0,82.0,18.0,100.0,0.0,100.0,1.0,73.0,27.0,79.0,21.0,100.0,0.0,100.0,10.0,79.0,43898.0,21,21,100,0,100,0,200,0,100.0,36205.0,100.0,29863323314.0,100.0,261784901333.0
2018-02-10,Z300WE85,ST4000DM000,4000787030016,0,111.0,38099776.0,91.0,0.0,100.0,18.0,100.0,0.0,82.0,195574440.0,59.0,36414.0,100.0,0.0,100.0,18.0,100.0,0.0,82.0,18.0,100.0,0.0,100.0,1.0,73.0,27.0,79.0,21.0,100.0,0.0,100.0,10.0,78.0,45160.0,21.0,21.0,100.0,0.0,100.0,0.0,200.0,0.0,100.0,36223.0,100.0,29863439674.0,100.0,261820496135.0
2018-02-11,Z300WE85,ST4000DM000,4000787030016,0,114,77888168,91,0,100,18,100,0,82,195667816,59,36438,100,0,100,18,100.0,0.0,82.0,18.0,100.0,0.0,100.0,1.0,73.0,27.0,79.0,21.0,100.0,0.0,100.0,10.0,77.0,46462.0,21,21,100,0,100,0,200,0,100.0,36241.0,100.0,29863555904.0,100.0,261854702695.0
2018-02-12,Z300WE85,ST4000DM000,4000787030016,0,117,121278584,91,0,100,18,100,0,82,195764357,59,36462,100,0,100,18,100.0,0.0,82.0,18.0,100.0,0.0,100.0,1.0,73.0,27.0,79.0,21.0,100.0,0.0,100.0,10.0,77.0,47787.0,21,21,100,0,100,0,200,0,100.0,36260.0,100.0,29863676004.0,100.0,261891723911.0
2018-02-13,Z300WE85,ST4000DM000,4000787030016,0,118,172465288,91,0,100,18,100,0,82,195856481,59,36486,100,0,100,18,100.0,0.0,82.0,18.0,100.0,0.0,100.0,1.0,73.0,27.0,79.0,21.0,100.0,0.0,100.0,10.0,76.0,49016.0,21,21,100,0,100,0,200,0,100.0,36278.0,100.0,29863786544.0,100.0,261927826575.0
2018-02-14,Z300WE85,ST4000DM000,4000787030016,0,119,214388664,91,0,100,18,100,0,82,195926893,59,36510,100,0,100,18,100.0,0.0,82.0,18.0,100.0,0.0,100.0,1.0,73.0,27.0,79.0,21.0,100.0,0.0,100.0,10.0,75.0,50408.0,21,21,100,0,100,0,200,0,100.0,36292.0,100.0,29863874174.0,100.0,261962159527.0
2018-02-15,Z300WE85,ST4000DM000,4000787030016,0,106,11183816,91,0,100,18,100,0,82,195996424,59,36534,100,0,100,18,100.0,0.0,82.0,18.0,100.0,0.0,100.0,1.0,73.0,27.0,79.0,21.0,100.0,0.0,100.0,10.0,75.0,51804.0,21,21,100,0,100,0,200,0,100.0,36306.0,100.0,29863961894.0,100.0,261998303119.0
2018-02-16,Z300WE85,ST4000DM000,4000787030016,0,113,53926416,91,0,100,18,100,0,82,196075107,59,36558,100,0,100,18,100.0,0.0,82.0,18.0,100.0,0.0,100.0,1.0,73.0,27.0,77.0,23.0,100.0,0.0,100.0,10.0,74.0,53214.0,23,23,100,0,100,0,200,0,100.0,36322.0,100.0,29864060904.0,100.0,262035654711.0
2018-02-17,Z300WE85,ST4000DM000,4000787030016,0,115,93543200,91,0,100,18,100,0,82,196168163,59,36582,100,0,100,18,100.0,0.0,82.0,18.0,100.0,0.0,100.0,1.0,73.0,27.0,78.0,22.0,100.0,0.0,100.0,10.0,73.0,54499.0,22,22,100,0,100,0,200,0,100.0,36340.0,100.0,29864176794.0,100.0,262069669618.0
2018-02-18,Z300WE85,ST4000DM000,4000787030016,0,117,134919152,91,0,100,18,100,0,82,196261995,59,36606,100,0,100,18,100.0,0.0,82.0,18.0,100.0,0.0,100.0,1.0,73.0,27.0,78.0,22.0,100.0,0.0,100.0,10.0,73.0,55803.0,22,22,100,0,100,0,200,0,100.0,36358.0,100.0,29864293214.0,100.0,262104630180.0
2018-02-19,Z300WE85,ST4000DM000,4000787030016,0,117,157364544,91,0,100,18,100,0,82,196313104,59,36619,100,0,100,18,100.0,0.0,82.0,18.0,100.0,0.0,100.0,1.0,73.0,27.0,80.0,20.0,100.0,0.0,100.0,10.0,72.0,56502.0,20,20,100,0,100,0,200,0,100.0,36368.0,100.0,29864356984.0,100.0,262124247076.0
2018-02-20,Z300WE85,ST4000DM000,4000787030016,0,119,206342088,91,0,100,19,100,0,82,196433882,59,36649,100,0,100,19,100.0,0.0,82.0,18.0,100.0,0.0,100.0,1.0,73.0,27.0,77.0,23.0,100.0,0.0,100.0,10.0,71.0,58155.0,23,23,100,0,100,0,200,0,100.0,36392.0,100.0,29864506686.0,100.0,262163768126.0
2018-02-21,Z300WE85,ST4000DM000,4000787030016,0,120,238658040,91,0,100,19,100,0,82,196527491,59,36673,100,0,100,19,100.0,0.0,82.0,18.0,100.0,0.0,100.0,1.0,73.0,27.0,79.0,21.0,100.0,0.0,100.0,10.0,71.0,59411.0,21,21,100,0,100,0,200,0,100.0,36410.0,100.0,29864622806.0,100.0,262189367342.0
2018-02-22,Z300WE85,ST4000DM000,4000787030016,0,111,35364680,91,0,100,19,100,0,82,196623832,59,36698,100,0,100,19,100.0,0.0,82.0,18.0,100.0,0.0,100.0,1.0,73.0,27.0,79.0,21.0,100.0,0.0,100.0,10.0,70.0,60742.0,21,21,100,0,100,0,200,0,100.0,36429.0,100.0,29864742936.0,100.0,262225067279.0
2018-02-23,Z300WE85,ST4000DM000,4000787030016,0,115,95425216,91,0,100,19,100,0,82,196724299,59,36721,100,0,100,19,100.0,0.0,82.0,18.0,100.0,0.0,100.0,1.0,73.0,27.0,79.0,21.0,100.0,0.0,100.0,10.0,70.0,61993.0,21,21,100,0,100,0,200,0,100.0,36447.0,100.0,29864859286.0,100.0,262262762727.0
2018-02-24,Z300WE85,ST4000DM000,4000787030016,0,117,137250776,91,0,100,19,100,0,82,196817804,59,36745,100,0,100,19,100.0,0.0,82.0,18.0,100.0,0.0,100.0,1.0,73.0,27.0,78.0,22.0,100.0,0.0,100.0,10.0,69.0,63269.0,22,22,100,0,100,0,200,0,100.0,36466.0,100.0,29864975546.0,100.0,262298113655.0
2018-02-25,Z300WE85,ST4000DM000,4000787030016,0,118,184814960,91,0,100,19,100,0,82,196913084,59,36769,100,0,100,19,100.0,0.0,82.0,18.0,100.0,0.0,100.0,1.0,73.0,27.0,78.0,22.0,100.0,0.0,100.0,10.0,68.0,64534.0,22,22,100,0,100,0,200,0,100.0,36484.0,100.0,29865091966.0,100.0,262334330223.0
2018-02-26,Z300WE85,ST4000DM000,4000787030016,0,119,230228472,91,0,100,19,100,0,82,197011035,58,36793,100,0,100,19,100.0,0.0,82.0,18.0,100.0,0.0,100.0,1.0,73.0,27.0,78.0,22.0,100.0,0.0,100.0,10.0,68.0,65817.0,22,22,100,0,100,0,200,0,100.0,36503.0,100.0,29865212066.0,100.0,262369551464.0
2018-02-27,Z300WE85,ST4000DM000,4000787030016,0,111,32877880,91,0,100,19,100,0,82,197106737,58,36817,100,0,100,19,100.0,0.0,82.0,18.0,100.0,0.0,100.0,1.0,73.0,27.0,78.0,22.0,100.0,0.0,100.0,10.0,67.0,67030.0,22,22,100,0,100,0,200,0,100.0,36522.0,100.0,29865328406.0,100.0,262404594520.0
2018-02-28,Z300WE85,ST4000DM000,4000787030016,0,115,87508744,91,0,100,19,100,0,82,197205222,58,36841,100,0,100,19,100.0,0.0,82.0,18.0,100.0,0.0,100.0,1.0,73.0,27.0,77.0,23.0,100.0,0.0,100.0,10.0,66.0,68149.0,23,23,100,0,100,0,200,0,100.0,36541.0,100.0,29865444736.0,100.0,262440306699.0
2018-03-01,Z300WE85,ST4000DM000,4000787030016,0,117,140721776,91,0,100,19,100,0,82,197297367,58,36863,100,0,100,19,100.0,0.0,82.0,18.0,100.0,0.0,100.0,1.0,73.0,27.0,77.0,23.0,100.0,0.0,100.0,10.0,66.0,69171.0,23,23,100,0,100,0,200,0,100.0,36559.0,100.0,29865553706.0,100.0,262475738690.0
2018-03-02,Z300WE85,ST4000DM000,4000787030016,0,118,179773344,91,0,100,19,100,0,82,197394341,58,36887,100,0,100,19,100.0,0.0,82.0,18.0,100.0,0.0,100.0,1.0,73.0,27.0,77.0,23.0,100.0,0.0,100.0,10.0,65.0,70391.0,23,23,100,0,100,0,200,0,100.0,36578.0,100.0,29865670356.0,100.0,262499080718.0
2018-03-03,Z300WE85,ST4000DM000,4000787030016,0,119,210816992,91,0,100,19,100,0,82,197492594,58,36912,100,0,100,19,100.0,0.0,82.0,18.0,100.0,0.0,100.0,1.0,73.0,27.0,76.0,24.0,100.0,0.0,100.0,10.0,65.0,71654.0,24,24,100,0,100,0,200,0,100.0,36598.0,100.0,29865790656.0,100.0,262520828399.0
2018-03-04,Z300WE85,ST4000DM000,4000787030016,0,120,239781232,91,0,100,19,100,0,82,197587251,58,36935,100,0,100,19,100.0,0.0,82.0,18.0,100.0,0.0,100.0,1.0,73.0,27.0,77.0,23.0,100.0,0.0,100.0,10.0,64.0,72920.0,23,23,100,0,100,0,200,0,100.0,36617.0,100.0,29865906996.0,100.0,262541651456.0
2018-03-05,Z300WE85,ST4000DM000,4000787030016,0,109,24595872,91,0,100,19,100,0,82,197681851,58,36959,100,0,100,19,100.0,0.0,82.0,18.0,100.0,0.0,100.0,1.0,73.0,27.0,76.0,24.0,100.0,0.0,100.0,10.0,63.0,74200.0,24,24,100,0,100,0,200,0,100.0,36636.0,100.0,29866023506.0,100.0,262562915120.0
2018-03-06,Z300WE85,ST4000DM000,4000787030016,0,114,80344648,91,0,100,19,100,0,82,197800231,58,36987,100,0,100,19,100.0,0.0,82.0,18.0,100.0,0.0,100.0,1.0,73.0,27.0,77.0,23.0,100.0,0.0,100.0,10.0,63.0,75665.0,23,23,100,0,100,0,200,0,100.0,36658.0,100.0,29866162446.0,100.0,262591675758.0
2018-03-07,Z300WE85,ST4000DM000,4000787030016,0,117.0,123565584.0,91.0,0.0,100.0,19.0,100.0,0.0,82.0,197894334.0,58.0,37011.0,100.0,0.0,100.0,19.0,100.0,0.0,82.0,18.0,100.0,0.0,100.0,1.0,73.0,27.0,78.0,22.0,100.0,0.0,100.0,10.0,62.0,76942.0,22.0,22.0,100.0,0.0,100.0,0.0,200.0,0.0,100.0,36676.0,100.0,29866278966.0,100.0,262627024136.0
2018-03-08,Z300WE85,ST4000DM000,4000787030016,0,117,164029080,91,0,100,19,100,0,82,197987790,58,37035,100,0,100,19,100.0,0.0,82.0,18.0,100.0,0.0,100.0,1.0,73.0,27.0,78.0,22.0,100.0,0.0,100.0,10.0,61.0,78202.0,22,22,100,0,100,0,200,0,100.0,36695.0,100.0,29866395486.0,100.0,262662422624.0
2018-03-09,Z300WE85,ST4000DM000,4000787030016,0,119,214257008,91,0,100,19,100,0,82,198094974,58,37062,100,0,100,19,100.0,0.0,82.0,18.0,100.0,0.0,100.0,1.0,73.0,27.0,77.0,23.0,100.0,0.0,100.0,10.0,61.0,79606.0,23,23,100,0,100,0,200,0,100.0,36716.0,100.0,29866527296.0,100.0,262701985424.0
2018-03-10,Z300WE85,ST4000DM000,4000787030016,0,108,15696032,91,0,100,19,100,0,82,198190348,58,37086,100,0,100,19,100.0,0.0,82.0,18.0,100.0,0.0,100.0,1.0,73.0,27.0,78.0,22.0,100.0,0.0,100.0,10.0,60.0,80812.0,22,22,100,0,100,0,200,0,100.0,36736.0,100.0,29866643466.0,100.0,262735707531.0
2018-03-11,Z300WE85,ST4000DM000,4000787030016,0,114,69113200,91,0,100,19,100,0,82,198290288,58,37110,100,0,100,19,100.0,0.0,82.0,18.0,100.0,0.0,100.0,1.0,73.0,27.0,77.0,23.0,100.0,0.0,100.0,10.0,59.0,82039.0,23,23,100,0,100,0,200,0,100.0,36755.0,100.0,29866763596.0,100.0,262773480477.0
2018-03-12,Z300WE85,ST4000DM000,4000787030016,0,117,127235776,91,0,100,19,100,0,82,198389168,58,37134,100,0,100,19,100.0,0.0,82.0,18.0,100.0,0.0,100.0,1.0,73.0,27.0,77.0,23.0,100.0,0.0,100.0,10.0,59.0,83137.0,23,23,100,0,100,0,200,0,100.0,36775.0,100.0,29866880036.0,100.0,262809845898.0
2018-03-13,Z300WE85,ST4000DM000,4000787030016,0,118,176831264,91,0,100,19,100,0,82,198485268,58,37158,100,0,100,19,100.0,0.0,82.0,18.0,100.0,0.0,100.0,1.0,73.0,27.0,77.0,23.0,100.0,0.0,100.0,10.0,58.0,84304.0,23,23,100,0,100,0,200,0,100.0,36794.0,100.0,29866996276.0,100.0,262845155121.0
2018-03-14,Z300WE85,ST4000DM000,4000787030016,0,120,235829368,91,0,100,19,100,0,82,198584611,58,37182,100,0,100,19,100.0,0.0,82.0,18.0,100.0,0.0,100.0,1.0,73.0,27.0,78.0,22.0,100.0,0.0,100.0,10.0,58.0,85375.0,22,22,100,0,100,0,200,0,100.0,36813.0,100.0,29867112606.0,100.0,262880112206.0
2018-03-15,Z300WE85,ST4000DM000,4000787030016,0,112,45035096,91,0,100,19,100,0,82,198686288,58,37206,100,0,100,19,100.0,0.0,82.0,18.0,100.0,0.0,100.0,1.0,73.0,27.0,76.0,24.0,100.0,0.0,100.0,10.0,57.0,86524.0,24,24,100,0,100,0,200,0,100.0,36833.0,100.0,29867233036.0,100.0,262912717311.0
2018-03-16,Z300WE85,ST4000DM000,4000787030016,0,115.0,87119704.0,91.0,0.0,100.0,19.0,100.0,0.0,82.0,198785949.0,58.0,37230.0,100.0,0.0,100.0,19.0,100.0,0.0,82.0,18.0,100.0,0.0,100.0,1.0,73.0,27.0,77.0,23.0,100.0,0.0,100.0,10.0,57.0,87559.0,23.0,23.0,100.0,0.0,100.0,0.0,200.0,0.0,100.0,36853.0,100.0,29867349476.0,100.0,262931575460.0
2018-03-17,Z300WE85,ST4000DM000,4000787030016,0,117,126088304,91,0,100,19,100,0,82,198886794,58,37255,100,0,100,19,100.0,0.0,82.0,18.0,100.0,0.0,100.0,1.0,73.0,27.0,76.0,24.0,100.0,0.0,100.0,10.0,56.0,88747.0,24,24,100,0,100,0,200,0,100.0,36873.0,100.0,29867469736.0,100.0,262952431669.0
2018-03-18,Z300WE85,ST4000DM000,4000787030016,0,118,171668888,91,0,100,19,100,0,82,198987138,58,37278,100,0,100,19,100.0,0.0,82.0,18.0,100.0,0.0,100.0,1.0,73.0,27.0,76.0,24.0,100.0,0.0,100.0,10.0,56.0,89903.0,24,24,100,0,100,0,200,0,100.0,36893.0,100.0,29867586156.0,100.0,262972406753.0
2018-03-19,Z300WE85,ST4000DM000,4000787030016,0,119,202759368,91,0,100,19,100,0,82,199083033,58,37302,100,0,100,19,100.0,0.0,82.0,18.0,100.0,0.0,100.0,1.0,73.0,27.0,75.0,25.0,100.0,0.0,100.0,10.0,55.0,91081.0,25,25,100,0,100,0,200,0,100.0,36912.0,100.0,29867702656.0,100.0,262991617533.0
2018-03-20,Z300WE85,ST4000DM000,4000787030016,0,120,1723784,91,0,100,19,100,0,82,199185411,58,37327,100,0,100,19,100.0,0.0,82.0,18.0,100.0,0.0,100.0,1.0,73.0,27.0,77.0,23.0,100.0,0.0,100.0,10.0,54.0,92229.0,23,23,100,0,100,0,200,0,100.0,36932.0,100.0,29867822806.0,100.0,263011497968.0
2018-03-21,Z300WE85,ST4000DM000,4000787030016,0,119,232280104,91,0,100,19,100,0,82,199328554,58,37350,100,0,100,19,100.0,0.0,82.0,18.0,100.0,0.0,100.0,1.0,73.0,27.0,77.0,23.0,100.0,0.0,100.0,10.0,54.0,93191.0,23,23,100,0,100,0,200,0,100.0,36952.0,100.0,29867939356.0,100.0,263034914446.0
2018-03-22,Z300WE85,ST4000DM000,4000787030016,0,110,25310944,91,0,100,19,100,0,82,199426637,58,37374,100,0,100,19,100.0,0.0,82.0,18.0,100.0,0.0,100.0,1.0,73.0,27.0,77.0,23.0,100.0,0.0,100.0,10.0,53.0,94297.0,23,23,100,0,100,0,200,0,100.0,36971.0,100.0,29868055766.0,100.0,263053737832.0
2018-03-23,Z300WE85,ST4000DM000,4000787030016,0,114,69684152,91,0,100,19,100,0,82,199530195,58,37399,100,0,100,19,100.0,0.0,82.0,18.0,100.0,0.0,100.0,1.0,73.0,27.0,78.0,22.0,100.0,0.0,100.0,10.0,53.0,95507.0,22,22,100,0,100,0,200,0,100.0,36991.0,100.0,29868176006.0,100.0,263074074684.0
2018-03-24,Z300WE85,ST4000DM000,4000787030016,0,118,186927536,91,0,100,19,100,0,82,199849668,58,37423,100,0,100,19,100.0,0.0,82.0,18.0,100.0,0.0,100.0,1.0,73.0,27.0,77.0,23.0,100.0,0.0,100.0,10.0,52.0,96233.0,23,23,100,0,100,0,200,0,100.0,37012.0,100.0,29868949816.0,100.0,263096837597.0
2018-03-25,Z300WE85,ST4000DM000,4000787030016,0,116,113645088,91,0,100,19,100,0,82,200532538,58,37446,100,0,100,19,100.0,0.0,82.0,18.0,100.0,0.0,100.0,1.0,73.0,27.0,77.0,23.0,100.0,0.0,100.0,10.0,52.0,96233.0,23,23,100,0,100,0,200,0,100.0,37036.0,100.0,29870825412.0,100.0,263117399785.0
2018-03-26,Z300WE85,ST4000DM000,4000787030016,0,104,6652544,91,0,100,19,100,0,82,201201448,58,37471,100,0,100,19,100.0,0.0,82.0,18.0,100.0,0.0,100.0,1.0,73.0,27.0,77.0,23.0,100.0,0.0,100.0,10.0,52.0,96233.0,23,23,100,0,100,0,200,0,100.0,37060.0,100.0,29872669900.0,100.0,263140569611.0
2018-03-27,Z300WE85,ST4000DM000,4000787030016,0,117,129841952,91,0,100,19,100,0,83,201860325,58,37495,100,0,100,19,100.0,0.0,82.0,18.0,100.0,0.0,100.0,1.0,73.0,27.0,77.0,23.0,100.0,0.0,100.0,10.0,52.0,96233.0,23,23,100,0,100,0,200,0,100.0,37084.0,100.0,29874481462.0,100.0,263162804970.0
2018-03-28,Z300WE85,ST4000DM000,4000787030016,0,107,14536280,91,0,100,19,100,0,83,202522630,58,37518,100,0,100,19,100.0,0.0,82.0,18.0,100.0,0.0,100.0,1.0,73.0,27.0,76.0,24.0,100.0,0.0,100.0,10.0,52.0,96233.0,24,24,100,0,100,0,200,0,100.0,37108.0,100.0,29876307162.0,100.0,263185175865.0
2018-03-29,Z300WE85,ST4000DM000,4000787030016,0,116,108305984,91,0,100,19,100,0,83,203280665,58,37542,100,0,100,19,100.0,0.0,82.0,18.0,100.0,0.0,100.0,1.0,73.0,27.0,77.0,23.0,100.0,0.0,100.0,10.0,52.0,96233.0,23,23,100,0,100,0,200,0,100.0,37132.0,100.0,29878621594.0,100.0,263220161423.0
2018-03-30,Z300WE85,ST4000DM000,4000787030016,0,117,138267112,91,0,100,19,100,0,83,204316496,58,37566,100,0,100,19,100.0,0.0,82.0,18.0,100.0,0.0,100.0,1.0,73.0,27.0,76.0,24.0,100.0,0.0,100.0,10.0,52.0,96233.0,24,24,100,0,100,0,200,0,100.0,37156.0,100.0,29881242852.0,100.0,263250397338.0
2018-03-31,Z300WE85,ST4000DM000,4000787030016,0,114,82505464,91,0,100,19,100,0,83,205059005,58,37591,100,0,100,19,100.0,0.0,82.0,18.0,100.0,0.0,100.0,1.0,73.0,27.0,77.0,23.0,100.0,0.0,100.0,10.0,52.0,96233.0,23,23,100,0,100,0,200,0,100.0,37180.0,100.0,29883331810.0,100.0,263277401448.0
2018-04-01,Z300WE85,ST4000DM000,4000787030016,0,119,227585088,91,0,100,19,100,0,83,205752787,58,37614,100,0,100,19,100.0,0.0,82.0,18.0,100.0,0.0,100.0,1.0,73.0,27.0,77.0,23.0,100.0,0.0,100.0,10.0,52.0,96233.0,23,23,100,0,100,0,200,0,100.0,37204.0,100.0,29885319828.0,100.0,263304562277.0
2018-04-02,Z300WE85,ST4000DM000,4000787030016,0,117,123073624,91,0,100,19,100,0,83,206441906,58,37638,100,0,100,19,100.0,0.0,82.0,18.0,100.0,0.0,100.0,1.0,73.0,27.0,76.0,24.0,100.0,0.0,100.0,10.0,52.0,96233.0,24,24,100,0,100,0,200,0,100.0,37228.0,100.0,29887298168.0,100.0,263332920869.0
2018-04-03,Z300WE85,ST4000DM000,4000787030016,0,119,216070488,91,0,100,19,100,0,83,207094144,58,37662,100,0,100,19,100.0,0.0,82.0,18.0,100.0,0.0,100.0,1.0,73.0,27.0,77.0,23.0,100.0,0.0,100.0,10.0,52.0,96233.0,23,23,100,0,100,0,200,0,100.0,37251.0,100.0,29889206396.0,100.0,263369200753.0
2018-04-04,Z300WE85,ST4000DM000,4000787030016,0,114,68069728,91,0,100,19,100,0,83,207764807,57,37686,100,0,100,19,100.0,0.0,82.0,18.0,100.0,0.0,100.0,1.0,73.0,27.0,77.0,23.0,100.0,0.0,100.0,10.0,52.0,96233.0,23,23,100,0,100,0,200,0,100.0,37276.0,100.0,29891146934.0,100.0,263399373103.0
2018-04-05,Z300WE85,ST4000DM000,4000787030016,0,119,212288624,91,0,100,19,100,0,83,208453164,57,37710,100,0,100,19,100.0,0.0,82.0,18.0,100.0,0.0,100.0,1.0,73.0,27.0,77.0,23.0,100.0,0.0,100.0,10.0,52.0,96233.0,23,23,100,0,100,0,200,0,100.0,37300.0,100.0,29893772180.0,100.0,263430089019.0
2018-04-06,Z300WE85,ST4000DM000,4000787030016,0,105,8106496,91,0,100,19,100,0,83,209088419,57,37734,100,0,100,19,100.0,0.0,82.0,18.0,100.0,0.0,100.0,1.0,73.0,27.0,77.0,23.0,100.0,0.0,100.0,10.0,52.0,96233.0,23,23,100,0,100,0,200,0,100.0,37323.0,100.0,29895791142.0,100.0,263457469097.0
2018-04-07,Z300WE85,ST4000DM000,4000787030016,0,112.0,43043456.0,91.0,0.0,100.0,19.0,100.0,0.0,83.0,209727151.0,57.0,37758.0,100.0,0.0,100.0,19.0,100.0,0.0,82.0,18.0,100.0,0.0,100.0,1.0,73.0,27.0,77.0,23.0,100.0,0.0,100.0,10.0,52.0,96233.0,23.0,23.0,100.0,0.0,100.0,0.0,200.0,0.0,100.0,37348.0,100.0,29897659114.0,100.0,263485096145.0
2018-04-08,Z300WE85,ST4000DM000,4000787030016,0,120,243614560,91,0,100,19,100,0,83,210320005,57,37782,100,0,100,19,100.0,0.0,82.0,18.0,100.0,0.0,100.0,1.0,73.0,27.0,77.0,23.0,100.0,0.0,100.0,10.0,52.0,96233.0,23,23,100,0,100,0,200,0,100.0,37372.0,100.0,29899375562.0,100.0,263509339476.0
2018-04-09,Z300WE85,ST4000DM000,4000787030016,0,118,174645392,91,0,100,19,100,0,83,210898251,57,37806,100,0,100,19,100.0,0.0,82.0,18.0,100.0,0.0,100.0,1.0,73.0,27.0,77.0,23.0,100.0,0.0,100.0,10.0,52.0,96233.0,23,23,100,0,100,0,200,0,100.0,37396.0,100.0,29901066446.0,100.0,263534696946.0
2018-04-10,Z300WE85,ST4000DM000,4000787030016,0,119,225272608,91,0,100,19,100,0,83,211525275,57,37831,100,0,100,19,100.0,0.0,82.0,18.0,100.0,0.0,100.0,1.0,73.0,27.0,77.0,23.0,100.0,0.0,100.0,10.0,52.0,96233.0,23,23,100,0,100,0,200,0,100.0,37420.0,100.0,29902830890.0,100.0,263561362376.0
2018-04-11,Z300WE85,ST4000DM000,4000787030016,0,118,176182808,91,0,100,19,100,0,83,212082082,57,37854,100,0,100,19,100.0,0.0,82.0,18.0,100.0,0.0,100.0,1.0,73.0,27.0,77.0,23.0,100.0,0.0,100.0,10.0,52.0,96233.0,23,23,100,0,100,0,200,0,100.0,37444.0,100.0,29904405908.0,100.0,263585657848.0
2018-04-12,Z300WE85,ST4000DM000,4000787030016,0,102,4317048,91,0,100,19,100,0,83,212485632,57,37870,100,0,100,19,100.0,0.0,82.0,18.0,100.0,0.0,100.0,1.0,73.0,27.0,77.0,23.0,100.0,0.0,100.0,10.0,52.0,96234.0,23,23,100,0,100,0,200,0,100.0,37460.0,100.0,29905804248.0,100.0,263632667885.0
2018-04-13,Z300WE85,ST4000DM000,4000787030016,0,114,72628408,91,0,100,19,100,0,83,213117981,57,37895,100,0,100,19,100.0,0.0,82.0,18.0,100.0,0.0,100.0,1.0,73.0,27.0,76.0,24.0,100.0,0.0,100.0,10.0,52.0,96266.0,24,24,100,0,100,0,200,0,100.0,37485.0,100.0,29907584216.0,100.0,263674905679.0
2018-04-14,Z300WE85,ST4000DM000,4000787030016,0,115,93929496,91,0,100,19,100,0,83,213738960,57,37919,100,0,100,19,100.0,0.0,82.0,18.0,100.0,0.0,100.0,1.0,73.0,27.0,75.0,25.0,100.0,0.0,100.0,10.0,52.0,96266.0,25,25,100,0,100,0,200,0,100.0,37508.0,100.0,29909379114.0,100.0,263702409007.0
2018-04-15,Z300WE85,ST4000DM000,4000787030016,0,117,145300448,91,0,100,19,100,0,83,214380755,57,37943,100,0,100,19,100.0,0.0,82.0,18.0,100.0,0.0,100.0,1.0,73.0,27.0,75.0,25.0,100.0,0.0,100.0,10.0,52.0,96266.0,25,25,100,0,100,0,200,0,100.0,37532.0,100.0,29911230734.0,100.0,263729606434.0
2018-04-16,Z300WE85,ST4000DM000,4000787030016,0,113,53830120,91,0,100,19,100,0,83,215066168,57,37966,100,0,100,19,100.0,0.0,82.0,18.0,100.0,0.0,100.0,1.0,73.0,27.0,76.0,24.0,100.0,0.0,100.0,10.0,52.0,96266.0,24,24,100,0,100,0,200,0,100.0,37556.0,100.0,29913176108.0,100.0,263759228958.0
2018-04-17,Z300WE85,ST4000DM000,4000787030016,0,118,199764016,91,0,100,19,100,0,83,215763707,57,37991,100,0,100,19,100.0,0.0,82.0,18.0,100.0,0.0,100.0,1.0,73.0,27.0,76.0,24.0,100.0,0.0,100.0,10.0,52.0,96266.0,24,24,100,0,100,0,200,0,100.0,37580.0,100.0,29915166266.0,100.0,263786582525.0
2018-04-18,Z300WE85,ST4000DM000,4000787030016,0,114,65414320,91,0,100,19,100,0,83,216429352,57,38015,100,0,100,19,100.0,0.0,82.0,18.0,100.0,0.0,100.0,1.0,73.0,27.0,77.0,23.0,100.0,0.0,100.0,10.0,52.0,96266.0,23,23,100,0,100,0,200,0,100.0,37604.0,100.0,29917324532.0,100.0,263816038768.0
2018-04-19,Z300WE85,ST4000DM000,4000787030016,0,116,104351360,91,0,100,19,100,0,83,217065452,57,38038,100,0,100,19,100.0,0.0,82.0,18.0,100.0,0.0,100.0,1.0,73.0,27.0,77.0,23.0,100.0,0.0,100.0,10.0,52.0,96266.0,23,23,100,0,100,0,200,0,100.0,37628.0,100.0,29919170922.0,100.0,263843906074.0
2018-04-20,Z300WE85,ST4000DM000,4000787030016,0,110,25289112,91,0,100,19,100,0,83,217776396,57,38063,100,0,100,19,100.0,0.0,82.0,18.0,100.0,0.0,100.0,1.0,73.0,27.0,77.0,23.0,100.0,0.0,100.0,10.0,52.0,96266.0,23,23,100,0,100,0,200,0,100.0,37652.0,100.0,29921221740.0,100.0,263869657479.0
2018-04-21,Z300WE85,ST4000DM000,4000787030016,0,107,13727656,91,0,100,19,100,0,83,218498993,57,38087,100,0,100,19,100.0,0.0,82.0,18.0,100.0,0.0,100.0,1.0,73.0,27.0,76.0,24.0,100.0,0.0,100.0,10.0,52.0,96266.0,24,24,100,0,100,0,200,0,100.0,37676.0,100.0,29923263184.0,100.0,263896236413.0
2018-04-22,Z300WE85,ST4000DM000,4000787030016,0,116,113960392,91,0,100,19,100,0,83,219166831,57,38111,100,0,100,19,100.0,0.0,82.0,18.0,100.0,0.0,100.0,1.0,73.0,27.0,77.0,23.0,100.0,0.0,100.0,10.0,52.0,96266.0,23,23,100,0,100,0,200,0,100.0,37700.0,100.0,29925181304.0,100.0,263921552559.0
2018-04-23,Z300WE85,ST4000DM000,4000787030016,0,114,81518712,91,0,100,19,100,0,83,219893607,57,38135,100,0,100,19,100.0,0.0,82.0,18.0,100.0,0.0,100.0,1.0,73.0,27.0,77.0,23.0,100.0,0.0,100.0,10.0,52.0,96266.0,23,23,100,0,100,0,200,0,100.0,37724.0,100.0,29927293676.0,100.0,263946406334.0
2018-04-24,Z300WE85,ST4000DM000,4000787030016,0,118,191262984,91,0,100,19,100,0,83,220561219,57,38159,100,0,100,19,100.0,0.0,82.0,18.0,100.0,0.0,100.0,1.0,73.0,27.0,76.0,24.0,100.0,0.0,100.0,10.0,52.0,96266.0,24,24,100,0,100,0,200,0,100.0,37748.0,100.0,29929194142.0,100.0,263974633255.0
2018-04-25,Z300WE85,ST4000DM000,4000787030016,0,116,101708912,91,0,100,19,100,0,83,221255307,57,38183,100,0,100,19,100.0,0.0,82.0,18.0,100.0,0.0,100.0,1.0,73.0,27.0,77.0,23.0,100.0,0.0,100.0,10.0,52.0,96266.0,23,23,100,0,100,0,200,0,100.0,37772.0,100.0,29931315072.0,100.0,264000676170.0
2018-04-26,Z300WE85,ST4000DM000,4000787030016,0,119,206571248,91,0,100,19,100,0,83,221932888,57,38207,100,0,100,19,100.0,0.0,82.0,18.0,100.0,0.0,100.0,1.0,73.0,27.0,78.0,22.0,100.0,0.0,100.0,10.0,52.0,96266.0,22,22,100,0,100,0,200,0,100.0,37797.0,100.0,29933255314.0,100.0,264027238554.0
2018-04-27,Z300WE85,ST4000DM000,4000787030016,0,119,230514760,91,0,100,19,100,0,83,223182209,57,38237,100,0,100,19,100.0,0.0,82.0,18.0,100.0,0.0,100.0,1.0,73.0,27.0,76.0,24.0,100.0,0.0,100.0,10.0,52.0,96266.0,24,24,100,0,100,0,200,0,100.0,37827.0,100.0,29936730136.0,100.0,264065753594.0
2018-04-28,Z300WE85,ST4000DM000,4000787030016,0,117,138816272,91,0,100,19,100,0,83,224184556,57,38261,100,0,100,19,100.0,0.0,82.0,18.0,100.0,0.0,100.0,1.0,73.0,27.0,76.0,24.0,100.0,0.0,100.0,10.0,52.0,96266.0,24,24,100,0,100,0,200,0,100.0,37850.0,100.0,29939597784.0,100.0,264093539462.0
2018-04-29,Z300WE85,ST4000DM000,4000787030016,0,115,92819816,91,0,100,19,100,0,83,225066997,57,38286,100,0,100,19,100.0,0.0,82.0,18.0,100.0,0.0,100.0,1.0,73.0,27.0,76.0,24.0,100.0,0.0,100.0,10.0,52.0,96266.0,24,24,100,0,100,0,200,0,100.0,37875.0,100.0,29941954556.0,100.0,264120862619.0
2018-04-30,Z300WE85,ST4000DM000,4000787030016,0,110,26454728,91,0,100,19,100,0,83,225775092,57,38309,100,0,100,19,100.0,0.0,82.0,18.0,100.0,0.0,100.0,1.0,73.0,27.0,76.0,24.0,100.0,0.0,100.0,10.0,52.0,96266.0,24,24,100,0,100,0,200,0,100.0,37899.0,100.0,29943955470.0,100.0,264150122100.0
2018-05-01,Z300WE85,ST4000DM000,4000787030016,0,117,163574984,91,0,100,19,100,0,83,226461728,57,38333,100,0,100,19,100.0,0.0,82.0,18.0,100.0,0.0,100.0,1.0,73.0,27.0,76.0,24.0,100.0,0.0,100.0,10.0,52.0,96266.0,24,24,100,0,100,0,200,0,100.0,37922.0,100.0,29945958528.0,100.0,264177725815.0
2018-05-02,Z300WE85,ST4000DM000,4000787030016,0,112.0,42175312.0,91.0,0.0,100.0,19.0,100.0,0.0,83.0,227149007.0,57.0,38358.0,100.0,0.0,100.0,19.0,100.0,0.0,82.0,18.0,100.0,0.0,100.0,1.0,73.0,27.0,76.0,24.0,100.0,0.0,100.0,10.0,52.0,96266.0,24.0,24.0,100.0,0.0,100.0,0.0,200.0,0.0,100.0,37947.0,100.0,29947930950.0,100.0,264204349922.0
2018-05-03,Z300WE85,ST4000DM000,4000787030016,0,117,166877696,91,0,100,19,100,0,83,227634902,57,38374,100,0,100,19,100.0,0.0,82.0,18.0,100.0,0.0,100.0,1.0,73.0,27.0,77.0,23.0,100.0,0.0,100.0,10.0,52.0,96266.0,23,23,100,0,100,0,200,0,100.0,37964.0,100.0,29949313542.0,100.0,264221709022.0
2018-05-04,Z300WE85,ST4000DM000,4000787030016,0,113,54490728,91,0,100,19,100,0,83,228897399,57,38399,100,0,100,19,100.0,0.0,82.0,18.0,100.0,0.0,100.0,1.0,73.0,27.0,77.0,23.0,100.0,0.0,100.0,10.0,52.0,96266.0,23,23,100,0,100,0,200,0,100.0,37989.0,100.0,29954001518.0,100.0,264255121468.0
2018-05-05,Z300WE85,ST4000DM000,4000787030016,0,117,122664432,91,0,100,19,100,0,83,229954292,57,38423,100,0,100,19,100.0,0.0,82.0,18.0,100.0,0.0,100.0,1.0,73.0,27.0,76.0,24.0,100.0,0.0,100.0,10.0,52.0,96266.0,24,24,100,0,100,0,200,0,100.0,38012.0,100.0,29956903306.0,100.0,264288546120.0
2018-05-06,Z300WE85,ST4000DM000,4000787030016,0,113,51602464,91,0,100,19,100,0,83,230691876,57,38447,100,0,100,19,100.0,0.0,82.0,18.0,100.0,0.0,100.0,1.0,73.0,27.0,77.0,23.0,100.0,0.0,100.0,10.0,52.0,96266.0,23,23,100,0,100,0,200,0,100.0,38036.0,100.0,29958974124.0,100.0,264311448836.0
2018-05-07,Z300WE85,ST4000DM000,4000787030016,0,108,15589168,91,0,100,19,100,0,83,231442089,57,38471,100,0,100,19,100.0,0.0,82.0,18.0,100.0,0.0,100.0,1.0,73.0,27.0,77.0,23.0,100.0,0.0,100.0,10.0,52.0,96266.0,23,23,100,0,100,0,200,0,100.0,38061.0,100.0,29961124336.0,100.0,264337848262.0
2018-05-08,Z300WE85,ST4000DM000,4000787030016,0,118,175474336,91,0,100,19,100,0,83,232141014,57,38495,100,0,100,19,100.0,0.0,82.0,18.0,100.0,0.0,100.0,1.0,73.0,27.0,77.0,23.0,100.0,0.0,100.0,10.0,52.0,96266.0,23,23,100,0,100,0,200,0,100.0,38084.0,100.0,29963121396.0,100.0,264363973928.0
2018-05-09,Z300WE85,ST4000DM000,4000787030016,0,112,43496632,91,0,100,19,100,0,83,232817765,57,38519,100,0,100,19,100.0,0.0,82.0,18.0,100.0,0.0,100.0,1.0,73.0,27.0,77.0,23.0,100.0,0.0,100.0,10.0,52.0,96266.0,23,23,100,0,100,0,200,0,100.0,38108.0,100.0,29965078928.0,100.0,264388729844.0
2018-05-10,Z300WE85,ST4000DM000,4000787030016,0,110,27259688,91,0,100,19,100,0,83,233551638,57,38543,100,0,100,19,100.0,0.0,82.0,18.0,100.0,0.0,100.0,1.0,73.0,27.0,76.0,24.0,100.0,0.0,100.0,10.0,52.0,96266.0,24,24,100,0,100,0,200,0,100.0,38133.0,100.0,29967273024.0,100.0,264415710669.0
2018-05-11,Z300WE85,ST4000DM000,4000787030016,0,114,77694808,91,0,100,19,100,0,83,234764469,56,38567,100,0,100,19,100.0,0.0,82.0,18.0,100.0,0.0,100.0,1.0,73.0,27.0,77.0,23.0,100.0,0.0,100.0,10.0,52.0,96266.0,23,23,100,0,100,0,200,0,100.0,38157.0,100.0,29971523824.0,100.0,264448754570.0
2018-05-12,Z300WE85,ST4000DM000,4000787030016,0,114,66652744,91,0,100,19,100,0,84,235653784,56,38592,100,0,100,19,100.0,0.0,82.0,18.0,100.0,0.0,100.0,1.0,73.0,27.0,77.0,23.0,100.0,0.0,100.0,10.0,52.0,96266.0,23,23,100,0,100,0,200,0,100.0,38181.0,100.0,29973909900.0,100.0,264475680857.0
2018-05-13,Z300WE85,ST4000DM000,4000787030016,0,120,238460184,91,0,100,19,100,0,84,236376610,56,38615,100,0,100,19,100.0,0.0,82.0,18.0,100.0,0.0,100.0,1.0,73.0,27.0,77.0,23.0,100.0,0.0,100.0,10.0,52.0,96266.0,23,23,100,0,100,0,200,0,100.0,38205.0,100.0,29975966342.0,100.0,264500738356.0
2018-05-14,Z300WE85,ST4000DM000,4000787030016,0,117,143881304,91,0,100,19,100,0,84,237085198,56,38639,100,0,100,19,100.0,0.0,82.0,18.0,100.0,0.0,100.0,1.0,73.0,27.0,76.0,24.0,100.0,0.0,100.0,10.0,52.0,96266.0,24,24,100,0,100,0,200,0,100.0,38229.0,100.0,29977987826.0,100.0,264525862947.0
2018-05-15,Z300WE85,ST4000DM000,4000787030016,0,106.0,10741752.0,91.0,0.0,100.0,19.0,100.0,0.0,84.0,237765622.0,56.0,38664.0,100.0,0.0,100.0,19.0,100.0,0.0,82.0,18.0,100.0,0.0,100.0,1.0,73.0,27.0,76.0,24.0,100.0,0.0,100.0,10.0,52.0,96266.0,24.0,24.0,100.0,0.0,100.0,0.0,200.0,0.0,100.0,38253.0,100.0,29979932906.0,100.0,264553655765.0
2018-05-16,Z300WE85,ST4000DM000,4000787030016,0,117,123126472,91,0,100,19,100,0,84,238443130,56,38688,100,0,100,19,100.0,0.0,82.0,18.0,100.0,0.0,100.0,1.0,73.0,27.0,76.0,24.0,100.0,0.0,100.0,10.0,52.0,96266.0,24,24,100,0,100,0,200,0,100.0,38277.0,100.0,29981868380.0,100.0,264580381742.0
2018-05-17,Z300WE85,ST4000DM000,4000787030016,0,118,200017536,91,0,100,19,100,0,84,239090915,56,38711,100,0,100,19,100.0,0.0,82.0,18.0,100.0,0.0,100.0,1.0,73.0,27.0,76.0,24.0,100.0,0.0,100.0,10.0,52.0,96266.0,24,24,100,0,100,0,200,0,100.0,38300.0,100.0,29983721228.0,100.0,264607045225.0
2018-05-18,Z300WE85,ST4000DM000,4000787030016,0,119,213498736,91,0,100,19,100,0,84,240279964,56,38735,100,0,100,19,100.0,0.0,82.0,18.0,100.0,0.0,100.0,1.0,73.0,27.0,77.0,23.0,100.0,0.0,100.0,10.0,52.0,96266.0,23,23,100,0,100,0,200,0,100.0,38324.0,100.0,29987118530.0,100.0,264638947374.0
2018-05-19,Z300WE85,ST4000DM000,4000787030016,0,115,98002000,91,0,100,19,100,0,84,241259918,56,38759,100,0,100,19,100.0,0.0,82.0,18.0,100.0,0.0,100.0,1.0,73.0,27.0,76.0,24.0,100.0,0.0,100.0,10.0,52.0,96266.0,24,24,100,0,100,0,200,0,100.0,38348.0,100.0,29989758356.0,100.0,264666648984.0
2018-05-20,Z300WE85,ST4000DM000,4000787030016,0,120,238759048,91,0,100,19,100,0,84,242088123,56,38783,100,0,100,19,100.0,0.0,82.0,18.0,100.0,0.0,100.0,1.0,73.0,27.0,75.0,25.0,100.0,0.0,100.0,10.0,52.0,96266.0,25,25,100,0,100,0,200,0,100.0,38372.0,100.0,29992035054.0,100.0,264693377340.0
2018-05-21,Z300WE85,ST4000DM000,4000787030016,0,115,94290040,91,0,100,19,100,0,84,242772073,56,38807,100,0,100,19,100.0,0.0,82.0,18.0,100.0,0.0,100.0,1.0,73.0,27.0,76.0,24.0,100.0,0.0,100.0,10.0,52.0,96266.0,24,24,100,0,100,0,200,0,100.0,38396.0,100.0,29994160218.0,100.0,264718687120.0
2018-05-22,Z300WE85,ST4000DM000,4000787030016,0,118,194375624,91,0,100,19,100,0,84,243440392,56,38830,100,0,100,19,100.0,0.0,82.0,18.0,100.0,0.0,100.0,1.0,73.0,27.0,76.0,24.0,100.0,0.0,100.0,10.0,52.0,96266.0,24,24,100,0,100,0,200,0,100.0,38420.0,100.0,29996071018.0,100.0,264746629459.0
2018-05-23,Z300WE85,ST4000DM000,4000787030016,0,109,25107304,91,0,100,19,100,0,84,244108055,56,38855,100,0,100,19,100.0,0.0,82.0,18.0,100.0,0.0,100.0,1.0,73.0,27.0,75.0,25.0,100.0,0.0,100.0,10.0,52.0,96266.0,25,25,100,0,100,0,200,0,100.0,38444.0,100.0,29998019328.0,100.0,264775488656.0
2018-05-24,Z300WE85,ST4000DM000,4000787030016,0,115,90503696,91,0,100,19,100,0,84,244752523,56,38879,100,0,100,19,100.0,0.0,82.0,18.0,100.0,0.0,100.0,1.0,73.0,27.0,76.0,24.0,100.0,0.0,100.0,10.0,52.0,96266.0,24,24,100,0,100,0,200,0,100.0,38468.0,100.0,29999846388.0,100.0,264804509312.0
2018-05-25,Z300WE85,ST4000DM000,4000787030016,0,119,209292080,91,0,100,19,100,0,84,245423568,56,38902,100,0,100,19,100.0,0.0,82.0,18.0,100.0,0.0,100.0,1.0,73.0,27.0,75.0,25.0,100.0,0.0,100.0,10.0,52.0,96266.0,25,25,100,0,100,0,200,0,100.0,38492.0,100.0,30001761584.0,100.0,264835231882.0
2018-05-26,Z300WE85,ST4000DM000,4000787030016,0,117,132048816,91,0,100,19,100,0,84,246129314,56,38928,100,0,100,19,100.0,0.0,82.0,18.0,100.0,0.0,100.0,1.0,73.0,27.0,76.0,24.0,100.0,0.0,100.0,10.0,52.0,96266.0,24,24,100,0,100,0,200,0,100.0,38517.0,100.0,30003809956.0,100.0,264873597000.0
2018-05-27,Z300WE85,ST4000DM000,4000787030016,0,117,124585352,91,0,100,19,100,0,84,247186669,56,38954,100,0,100,19,100.0,0.0,82.0,18.0,100.0,0.0,100.0,1.0,73.0,27.0,75.0,25.0,100.0,0.0,100.0,10.0,52.0,96266.0,25,25,100,0,100,0,200,0,100.0,38544.0,100.0,30006835464.0,100.0,264906654494.0
2018-05-28,Z300WE85,ST4000DM000,4000787030016,0,117,162283208,91,0,100,19,100,0,84,248271438,56,38979,100,0,100,19,100.0,0.0,82.0,18.0,100.0,0.0,100.0,1.0,73.0,27.0,77.0,23.0,100.0,0.0,100.0,10.0,52.0,96266.0,23,23,100,0,100,0,200,0,100.0,38568.0,100.0,30009735480.0,100.0,264936250958.0
2018-05-29,Z300WE85,ST4000DM000,4000787030016,0,119,204912080,91,0,100,19,100,0,84,249192900,56,39003,100,0,100,19,100.0,0.0,82.0,18.0,100.0,0.0,100.0,1.0,73.0,27.0,76.0,24.0,100.0,0.0,100.0,10.0,52.0,96266.0,24,24,100,0,100,0,200,0,100.0,38592.0,100.0,30012353364.0,100.0,264963565486.0
2018-05-30,Z300WE85,ST4000DM000,4000787030016,0,117,140051144,91,0,100,19,100,0,84,249928900,56,39026,100,0,100,19,100.0,0.0,82.0,18.0,100.0,0.0,100.0,1.0,73.0,27.0,76.0,24.0,100.0,0.0,100.0,10.0,52.0,96266.0,24,24,100,0,100,0,200,0,100.0,38616.0,100.0,30014466518.0,100.0,264985650818.0
2018-05-31,Z300WE85,ST4000DM000,4000787030016,0,118,196015416,91,0,100,19,100,0,84,250573421,56,39049,100,0,100,19,100.0,0.0,82.0,18.0,100.0,0.0,100.0,1.0,73.0,27.0,76.0,24.0,100.0,0.0,100.0,10.0,52.0,96266.0,24,24,100,0,100,0,200,0,100.0,38639.0,100.0,30016368540.0,100.0,265007607169.0
2018-06-01,Z300WE85,ST4000DM000,4000787030016,0,110,28906424,91,0,100,19,100,0,84,251784984,56,39074,100,0,100,19,100.0,0.0,82.0,18.0,100.0,0.0,100.0,1.0,73.0,27.0,76.0,24.0,100.0,0.0,100.0,10.0,52.0,96272.0,24,24,100,0,100,0,200,0,100.0,38663.0,100.0,30020178106.0,100.0,265041242385.0
2018-06-02,Z300WE85,ST4000DM000,4000787030016,0,116,109339600,91,0,100,19,100,0,84,252834689,56,39098,100,0,100,19,100.0,0.0,82.0,18.0,100.0,0.0,100.0,1.0,73.0,27.0,76.0,24.0,100.0,0.0,100.0,10.0,52.0,96272.0,24,24,100,0,100,0,200,0,100.0,38687.0,100.0,30022903106.0,100.0,265082636991.0
2018-06-03,Z300WE85,ST4000DM000,4000787030016,0,118,188605824,91,0,100,19,100,0,84,253506536,56,39122,100,0,100,19,100.0,0.0,82.0,18.0,100.0,0.0,100.0,1.0,73.0,27.0,76.0,24.0,100.0,0.0,100.0,10.0,52.0,96272.0,24,24,100,0,100,0,200,0,100.0,38711.0,100.0,30024761020.0,100.0,265110566835.0
2018-06-04,Z300WE85,ST4000DM000,4000787030016,0,117,143437360,91,0,100,19,100,0,84,254233882,56,39146,100,0,100,19,100.0,0.0,82.0,18.0,100.0,0.0,100.0,1.0,73.0,27.0,76.0,24.0,100.0,0.0,100.0,10.0,52.0,96272.0,24,24,100,0,100,0,200,0,100.0,38736.0,100.0,30026781002.0,100.0,265138239207.0
2018-06-05,Z300WE85,ST4000DM000,4000787030016,0,118,172711784,91,0,100,19,100,0,84,254980080,56,39170,100,0,100,19,100.0,0.0,82.0,18.0,100.0,0.0,100.0,1.0,73.0,27.0,76.0,24.0,100.0,0.0,100.0,10.0,52.0,96272.0,24,24,100,0,100,0,200,0,100.0,38759.0,100.0,30028846960.0,100.0,265164879022.0
2018-06-06,Z300WE85,ST4000DM000,4000787030016,0,112,48073104,91,0,100,19,100,0,84,255678801,56,39194,100,0,100,19,100.0,0.0,82.0,18.0,100.0,0.0,100.0,1.0,73.0,27.0,77.0,23.0,100.0,0.0,100.0,10.0,52.0,96289.0,23,23,100,0,100,0,200,0,100.0,38783.0,100.0,30030330808.0,100.0,265262255721.0
2018-06-07,Z300WE85,ST4000DM000,4000787030016,0,108,15210616,91,0,100,19,100,0,84,256436219,56,39218,100,0,100,19,100.0,0.0,82.0,18.0,100.0,0.0,100.0,1.0,73.0,27.0,76.0,24.0,100.0,0.0,100.0,10.0,52.0,96290.0,24,24,100,0,100,0,200,0,100.0,38808.0,100.0,30030450548.0,100.0,265596234474.0
2018-06-08,Z300WE85,ST4000DM000,4000787030016,0,117,121283032,91,0,100,19,100,0,84,257253158,56,39244,100,0,100,19,100.0,0.0,82.0,18.0,100.0,0.0,100.0,1.0,73.0,27.0,76.0,24.0,100.0,0.0,100.0,10.0,52.0,96328.0,24,24,100,0,100,0,200,0,100.0,38834.0,100.0,30030577708.0,100.0,265942128648.0
2018-06-09,Z300WE85,ST4000DM000,4000787030016,0,111,35781736,91,0,100,19,100,0,84,258233405,56,39268,100,0,100,19,100.0,0.0,82.0,18.0,100.0,0.0,100.0,1.0,73.0,27.0,76.0,24.0,100.0,0.0,100.0,10.0,52.0,96329.0,24,24,100,0,100,0,200,0,100.0,38857.0,100.0,30030693698.0,100.0,266359539383.0
2018-06-10,Z300WE85,ST4000DM000,4000787030016,0,114,66131504,91,0,100,19,100,0,84,259301199,56,39293,100,0,100,19,100.0,0.0,82.0,18.0,100.0,0.0,100.0,1.0,73.0,27.0,75.0,25.0,100.0,0.0,100.0,10.0,52.0,96329.0,25,25,100,0,100,0,200,0,100.0,38882.0,100.0,30030813328.0,100.0,266831672336.0
2018-06-11,Z300WE85,ST4000DM000,4000787030016,0,114,80772344,91,0,100,19,100,0,84,260389833,56,39316,100,0,100,19,100.0,0.0,82.0,18.0,100.0,0.0,100.0,1.0,73.0,27.0,75.0,25.0,100.0,0.0,100.0,10.0,52.0,96331.0,25,25,100,0,100,0,200,0,100.0,38906.0,100.0,30030929328.0,100.0,267278681929.0
2018-06-12,Z300WE85,ST4000DM000,4000787030016,0,117,119755064,91,0,100,19,100,0,84,260976203,56,39340,100,0,100,19,100.0,0.0,82.0,18.0,100.0,0.0,100.0,1.0,73.0,27.0,76.0,24.0,100.0,0.0,100.0,10.0,52.0,96331.0,24,24,100,0,100,0,200,0,100.0,38929.0,100.0,30031045568.0,100.0,267538542172.0
2018-06-13,Z300WE85,ST4000DM000,4000787030016,0,114,73677064,91,0,100,19,100,0,84,261359202,56,39365,100,0,100,19,100.0,0.0,82.0,18.0,100.0,0.0,100.0,1.0,73.0,27.0,75.0,25.0,100.0,0.0,100.0,10.0,52.0,96357.0,25,25,100,0,100,0,200,0,100.0,38954.0,100.0,30031165398.0,100.0,267690472661.0
2018-06-14,Z300WE85,ST4000DM000,4000787030016,0,117,146648112,91,0,100,19,100,0,84,262110072,56,39388,100,0,100,19,100.0,0.0,82.0,18.0,100.0,0.0,100.0,1.0,73.0,27.0,75.0,25.0,100.0,0.0,100.0,10.0,52.0,96357.0,25,25,100,0,100,0,200,0,100.0,38978.0,100.0,30031281438.0,100.0,268007595270.0
2018-06-15,Z300WE85,ST4000DM000,4000787030016,0,119.0,208842336.0,91.0,0.0,100.0,19.0,100.0,0.0,84.0,262814877.0,56.0,39409.0,100.0,0.0,100.0,19.0,100.0,0.0,82.0,18.0,100.0,0.0,100.0,1.0,73.0,27.0,75.0,25.0,100.0,0.0,100.0,10.0,52.0,96375.0,25.0,25.0,100.0,0.0,100.0,0.0,200.0,0.0,100.0,38998.0,100.0,30031379088.0,100.0,268283579813.0
2018-06-16,Z300WE85,ST4000DM000,4000787030016,0,116.0,108724656.0,91.0,0.0,100.0,19.0,100.0,0.0,84.0,263595939.0,55.0,39432.0,100.0,0.0,100.0,19.0,100.0,0.0,82.0,18.0,100.0,0.0,100.0,1.0,73.0,27.0,75.0,25.0,100.0,0.0,100.0,10.0,52.0,96375.0,25.0,25.0,100.0,0.0,100.0,0.0,200.0,0.0,100.0,39021.0,100.0,30031495378.0,100.0,268606520899.0
2018-06-17,Z300WE85,ST4000DM000,4000787030016,0,114.0,82405408.0,91.0,0.0,100.0,19.0,100.0,0.0,84.0,264396808.0,55.0,39457.0,100.0,0.0,100.0,19.0,100.0,0.0,82.0,18.0,100.0,0.0,100.0,1.0,73.0,27.0,76.0,24.0,100.0,0.0,100.0,10.0,52.0,96375.0,24.0,24.0,100.0,0.0,100.0,0.0,200.0,0.0,100.0,39046.0,100.0,30031615288.0,100.0,268959266446.0
2018-06-18,Z300WE85,ST4000DM000,4000787030016,0,117.0,165626128.0,91.0,0.0,100.0,19.0,100.0,0.0,84.0,265299668.0,55.0,39481.0,100.0,0.0,100.0,19.0,100.0,0.0,82.0,18.0,100.0,0.0,100.0,1.0,73.0,27.0,76.0,24.0,100.0,0.0,100.0,10.0,52.0,96375.0,24.0,24.0,100.0,0.0,100.0,0.0,200.0,0.0,100.0,39070.0,100.0,30031731688.0,100.0,269373303827.0
2018-06-19,Z300WE85,ST4000DM000,4000787030016,0,117,129660584,91,0,100,19,100,0,84,266234411,55,39505,100,0,100,19,100.0,0.0,82.0,18.0,100.0,0.0,100.0,1.0,73.0,27.0,75.0,25.0,100.0,0.0,100.0,10.0,52.0,96375.0,25,25,100,0,100,0,200,0,100.0,39094.0,100.0,30031847778.0,100.0,269777790590.0
2018-06-20,Z300WE85,ST4000DM000,4000787030016,0,115,93294128,91,0,100,19,100,0,84,266547647,55,39529,100,0,100,19,100.0,0.0,82.0,18.0,100.0,0.0,100.0,1.0,73.0,27.0,76.0,24.0,100.0,0.0,100.0,10.0,52.0,96375.0,24,24,100,0,100,0,200,0,100.0,39118.0,100.0,30031967958.0,100.0,269904843159.0
2018-06-21,Z300WE85,ST4000DM000,4000787030016,0,116,109440584,91,0,100,19,100,0,84,266917410,55,39553,100,0,100,19,100.0,0.0,82.0,18.0,100.0,0.0,100.0,1.0,73.0,27.0,76.0,24.0,100.0,0.0,100.0,10.0,52.0,96883.0,24,24,100,0,100,0,200,0,100.0,39140.0,100.0,30032084358.0,100.0,270049292902.0
2018-06-22,Z300WE85,ST4000DM000,4000787030016,0,119,219591928,91,0,100,19,100,0,84,267694476,55,39577,100,0,100,19,100.0,0.0,82.0,18.0,100.0,0.0,100.0,1.0,73.0,27.0,76.0,24.0,100.0,0.0,100.0,10.0,52.0,96885.0,24,24,100,0,100,0,200,0,100.0,39163.0,100.0,30032200638.0,100.0,270381386074.0
2018-06-23,Z300WE85,ST4000DM000,4000787030016,0,117,142381504,91,0,100,19,100,0,84,268511091,55,39601,100,0,100,19,100.0,0.0,82.0,18.0,100.0,0.0,100.0,1.0,73.0,27.0,76.0,24.0,100.0,0.0,100.0,10.0,52.0,96885.0,24,24,100,0,100,0,200,0,100.0,39188.0,100.0,30032320688.0,100.0,270716391072.0
2018-06-24,Z300WE85,ST4000DM000,4000787030016,0,111,40812768,91,0,100,19,100,0,84,269304853,55,39625,100,0,100,19,100.0,0.0,82.0,18.0,100.0,0.0,100.0,1.0,73.0,27.0,75.0,25.0,100.0,0.0,100.0,10.0,52.0,96885.0,25,25,100,0,100,0,200,0,100.0,39212.0,100.0,30032436738.0,100.0,271059387283.0
2018-06-25,Z300WE85,ST4000DM000,4000787030016,0,119,209437392,91,0,100,19,100,0,84,270101491,55,39649,100,0,100,19,100.0,0.0,82.0,18.0,100.0,0.0,100.0,1.0,73.0,27.0,75.0,25.0,100.0,0.0,100.0,10.0,52.0,96885.0,25,25,100,0,100,0,200,0,100.0,39236.0,100.0,30032553008.0,100.0,271401718210.0
2018-06-26,Z300WE85,ST4000DM000,4000787030016,0,108,19828984,91,0,100,19,100,0,84,270968527,55,39672,100,0,100,19,100.0,0.0,82.0,18.0,100.0,0.0,100.0,1.0,73.0,27.0,76.0,24.0,100.0,0.0,100.0,10.0,52.0,96885.0,24,24,100,0,100,0,200,0,100.0,39259.0,100.0,30032669348.0,100.0,271748874298.0
2018-06-27,Z300WE85,ST4000DM000,4000787030016,0,114,63963104,91,0,100,19,100,0,84,272003990,55,39697,100,0,100,19,100.0,0.0,82.0,18.0,100.0,0.0,100.0,1.0,73.0,27.0,75.0,25.0,100.0,0.0,100.0,10.0,52.0,96885.0,25,25,100,0,100,0,200,0,100.0,39284.0,100.0,30032789468.0,100.0,272158223240.0
2018-06-28,Z300WE85,ST4000DM000,4000787030016,0,118,191302656,91,0,100,19,100,0,84,272330518,55,39721,100,0,100,19,100.0,0.0,82.0,18.0,100.0,0.0,100.0,1.0,73.0,27.0,76.0,24.0,100.0,0.0,100.0,10.0,52.0,97032.0,24,24,100,0,100,0,200,0,100.0,39307.0,100.0,30032905668.0,100.0,272294071008.0
2018-06-29,Z300WE85,ST4000DM000,4000787030016,0,119,225988832,91,0,100,19,100,0,84,272422667,55,39744,100,0,100,19,100.0,0.0,82.0,18.0,100.0,0.0,100.0,1.0,73.0,27.0,76.0,24.0,100.0,0.0,100.0,10.0,51.0,98320.0,24,24,100,0,100,0,200,0,100.0,39325.0,100.0,30033021948.0,100.0,272323591664.0
2018-06-30,Z300WE85,ST4000DM000,4000787030016,0,105,10473952,91,0,100,19,100,0,84,272530651,55,39772,100,0,100,19,100.0,0.0,82.0,18.0,100.0,0.0,100.0,1.0,73.0,27.0,76.0,24.0,100.0,0.0,100.0,10.0,51.0,99838.0,24,24,100,0,100,0,200,0,100.0,39347.0,100.0,30033156868.0,100.0,272346602520.0
2018-07-01,Z300WE85,ST4000DM000,4000787030016,0,111,34217272,91,0,100,19,100,0,84,272623462,55,39796,100,0,100,19,100.0,0.0,82.0,18.0,100.0,0.0,100.0,1.0,73.0,27.0,76.0,24.0,100.0,0.0,100.0,10.0,50.0,101145.0,24,24,100,0,100,0,200,0,100.0,39365.0,100.0,30033272938.0,100.0,272365300704.0
2018-07-02,Z300WE85,ST4000DM000,4000787030016,0,114,71757656,91,0,100,19,100,0,84,272719781,55,39821,100,0,100,19,100.0,0.0,82.0,18.0,100.0,0.0,100.0,1.0,73.0,27.0,76.0,24.0,100.0,0.0,100.0,10.0,49.0,102475.0,24,24,100,0,100,0,200,0,100.0,39384.0,100.0,30033392948.0,100.0,272397703936.0
2018-07-03,Z300WE85,ST4000DM000,4000787030016,0,115,85032144,91,0,100,19,100,0,84,272749955,55,39828,100,0,100,19,100.0,0.0,82.0,18.0,100.0,0.0,100.0,1.0,73.0,27.0,76.0,24.0,100.0,0.0,100.0,10.0,49.0,102878.0,24,24,100,0,100,0,200,0,100.0,39390.0,100.0,30033430528.0,100.0,272409358352.0
