2018-01-01,Z303ZR9R,ST4000DM000,4000787030016,0,114,63936056,92,0,100,18,100,0,89,894952785,77,20261,100,0,100,18,100.0,0.0,100.0,0.0,100.0,0.0,100.0,0.0,100.0,0.0,76.0,24.0,100.0,0.0,100.0,0.0,61.0,78532.0,24,24,100,0,100,0,200,0,100.0,19977.0,100.0,22151482796.0,100.0,162961736333.0
2018-01-02,Z303ZR9R,ST4000DM000,4000787030016,0,116,114534464,92,0,100,18,100,0,89,895604132,77,20285,100,0,100,18,100.0,0.0,100.0,0.0,100.0,0.0,100.0,0.0,100.0,0.0,76.0,24.0,100.0,0.0,100.0,0.0,61.0,78532.0,24,24,100,0,100,0,200,0,100.0,20000.0,100.0,22159718377.0,100.0,162991431160.0
2018-01-03,Z303ZR9R,ST4000DM000,4000787030016,0,111,38528936,92,0,100,18,100,0,89,896335342,77,20310,100,0,100,18,100.0,0.0,100.0,0.0,100.0,0.0,100.0,0.0,100.0,0.0,77.0,23.0,100.0,0.0,100.0,0.0,61.0,78532.0,23,23,100,0,100,0,200,0,100.0,20025.0,100.0,22169474188.0,100.0,163026356159.0
2018-01-04,Z303ZR9R,ST4000DM000,4000787030016,0,107,13205648,92,0,100,18,100,0,89,897132739,77,20333,100,0,100,18,100.0,0.0,100.0,0.0,100.0,0.0,100.0,0.0,100.0,0.0,76.0,24.0,100.0,0.0,100.0,0.0,61.0,78532.0,24,24,100,0,100,0,200,0,100.0,20049.0,100.0,22182055014.0,100.0,163063901194.0
2018-01-05,Z303ZR9R,ST4000DM000,4000787030016,0,117.0,161995192.0,92.0,0.0,100.0,18.0,100.0,0.0,89.0,897875140.0,77.0,20357.0,100.0,0.0,100.0,18.0,100.0,0.0,100.0,0.0,100.0,0.0,100.0,0.0,100.0,0.0,76.0,24.0,100.0,0.0,100.0,0.0,61.0,78532.0,24.0,24.0,100.0,0.0,100.0,0.0,200.0,0.0,100.0,20072.0,100.0,22193105697.0,100.0,163097914195.0
2018-01-06,Z303ZR9R,ST4000DM000,4000787030016,0,117,125859856,92,0,100,18,100,0,89,898685849,77,20382,100,0,100,18,100.0,0.0,100.0,0.0,100.0,0.0,100.0,0.0,100.0,0.0,77.0,23.0,100.0,0.0,100.0,0.0,61.0,78532.0,23,23,100,0,100,0,200,0,100.0,20097.0,100.0,22206284761.0,100.0,163133173929.0
2018-01-07,Z303ZR9R,ST4000DM000,4000787030016,0,119,213134280,92,0,100,18,100,0,89,899351597,77,20405,100,0,100,18,100.0,0.0,100.0,0.0,100.0,0.0,100.0,0.0,100.0,0.0,78.0,22.0,100.0,0.0,100.0,0.0,61.0,78532.0,22,22,100,0,100,0,200,0,100.0,20121.0,100.0,22214508901.0,100.0,163164519797.0
2018-01-08,Z303ZR9R,ST4000DM000,4000787030016,0,117,166160920,92,0,100,18,100,0,89,900101924,77,20429,100,0,100,18,100.0,0.0,100.0,0.0,100.0,0.0,100.0,0.0,100.0,0.0,77.0,23.0,100.0,0.0,100.0,0.0,61.0,78532.0,23,23,100,0,100,0,200,0,100.0,20144.0,100.0,22226230055.0,100.0,163202615055.0
2018-01-09,Z303ZR9R,ST4000DM000,4000787030016,0,115,95246440,92,0,100,18,100,0,89,900894044,77,20454,100,0,100,18,100.0,0.0,100.0,0.0,100.0,0.0,100.0,0.0,100.0,0.0,77.0,23.0,100.0,0.0,100.0,0.0,61.0,78532.0,23,23,100,0,100,0,200,0,100.0,20169.0,100.0,22239514321.0,100.0,163240220551.0
2018-01-10,Z303ZR9R,ST4000DM000,4000787030016,0,117,140347080,92,0,100,18,100,0,89,901505561,77,20474,100,0,100,18,100.0,0.0,100.0,0.0,100.0,0.0,100.0,0.0,100.0,0.0,78.0,22.0,100.0,0.0,100.0,0.0,61.0,78532.0,22,22,100,0,100,0,200,0,100.0,20190.0,100.0,22245002658.0,100.0,163272282059.0
2018-01-11,Z303ZR9R,ST4000DM000,4000787030016,0,117,130421280,92,0,100,18,100,0,89,902470034,77,20495,100,0,100,18,100.0,0.0,100.0,0.0,100.0,0.0,100.0,0.0,100.0,0.0,78.0,22.0,100.0,0.0,100.0,0.0,61.0,78532.0,22,22,100,0,100,0,200,0,100.0,20211.0,100.0,22255605511.0,100.0,163321054733.0
2018-01-12,Z303ZR9R,ST4000DM000,4000787030016,0,115,89095248,92,0,100,18,100,0,89,903211960,77,20519,100,0,100,18,100.0,0.0,100.0,0.0,100.0,0.0,100.0,0.0,100.0,0.0,78.0,22.0,100.0,0.0,100.0,0.0,61.0,78532.0,22,22,100,0,100,0,200,0,100.0,20234.0,100.0,22258563562.0,100.0,163375130652.0
2018-01-13,Z303ZR9R,ST4000DM000,4000787030016,0,117.0,165333376.0,92.0,0.0,100.0,18.0,100,0,89.0,904181880.0,77,20544,100.0,0.0,100,18,100.0,0.0,100.0,0.0,100.0,0.0,100.0,0.0,100.0,0.0,77.0,23.0,100.0,0.0,100.0,0.0,61.0,78542.0,23.0,23.0,100.0,0.0,100.0,0.0,200,0,100.0,20260.0,100.0,22262122367.0,100.0,163428160596.0
2018-01-14,Z303ZR9R,ST4000DM000,4000787030016,0,111.0,32858856.0,92.0,0.0,100.0,18.0,100,0,89.0,905233928.0,77,20568,100.0,0.0,100,18,100.0,0.0,100.0,0.0,100.0,0.0,100.0,0.0,100.0,0.0,78.0,22.0,100.0,0.0,100.0,0.0,61.0,78544.0,22.0,22.0,100.0,0.0,100.0,0.0,200,0,100.0,20283.0,100.0,22265178325.0,100.0,163485025263.0
2018-01-15,Z303ZR9R,ST4000DM000,4000787030016,0,110.0,26739368.0,92.0,0.0,100.0,18.0,100,0,89.0,906227113.0,77,20593,100.0,0.0,100,18,100.0,0.0,100.0,0.0,100.0,0.0,100.0,0.0,100.0,0.0,76.0,24.0,100.0,0.0,100.0,0.0,61.0,78544.0,24.0,24.0,100.0,0.0,100.0,0.0,200,0,100.0,20308.0,100.0,22268489551.0,100.0,163540547984.0
2018-01-16,Z303ZR9R,ST4000DM000,4000787030016,0,116.0,106688296.0,92.0,0.0,100.0,18.0,100,0,89.0,907158628.0,77,20617,100.0,0.0,100,18,100.0,0.0,100.0,0.0,100.0,0.0,100.0,0.0,100.0,0.0,77.0,23.0,100.0,0.0,100.0,0.0,61.0,78550.0,23.0,23.0,100.0,0.0,100.0,0.0,200,0,100.0,20332.0,100.0,22272377822.0,100.0,163595789551.0
2018-01-17,Z303ZR9R,ST4000DM000,4000787030016,0,114.0,61473200.0,92.0,0.0,100.0,18.0,100,0,89.0,908057028.0,77,20640,100.0,0.0,100,18,100.0,0.0,100.0,0.0,100.0,0.0,100.0,0.0,100.0,0.0,77.0,23.0,100.0,0.0,100.0,0.0,61.0,78564.0,23.0,23.0,100.0,0.0,100.0,0.0,200,0,100.0,20355.0,100.0,22277345757.0,100.0,163639860254.0
2018-01-18,Z303ZR9R,ST4000DM000,4000787030016,0,117.0,120311952.0,92.0,0.0,100.0,18.0,100.0,0.0,89.0,908889492.0,77.0,20663.0,100.0,0.0,100.0,18.0,100.0,0.0,100.0,0.0,100.0,0.0,100.0,0.0,100.0,0.0,77.0,23.0,100.0,0.0,100.0,0.0,61.0,78569.0,23.0,23.0,100.0,0.0,100.0,0.0,200.0,0.0,100.0,20378.0,100.0,22281938333.0,100.0,163675946702.0
2018-01-19,Z303ZR9R,ST4000DM000,4000787030016,0,117.0,141426976.0,92.0,0.0,100.0,18.0,100.0,0.0,89.0,909980659.0,77.0,20687.0,100.0,0.0,100.0,18.0,100.0,0.0,100.0,0.0,100.0,0.0,100.0,0.0,100.0,0.0,76.0,24.0,100.0,0.0,100.0,0.0,61.0,78569.0,24.0,24.0,100.0,0.0,100.0,0.0,200.0,0.0,100.0,20402.0,100.0,22285138747.0,100.0,163744574490.0
2018-01-20,Z303ZR9R,ST4000DM000,4000787030016,0,111.0,39825184.0,92.0,0.0,100.0,18.0,100,0,89.0,910844782.0,77,20710,100.0,0.0,100,18,100.0,0.0,100.0,0.0,100.0,0.0,100.0,0.0,100.0,0.0,73.0,27.0,100.0,0.0,100.0,0.0,61.0,78569.0,27.0,27.0,100.0,0.0,100.0,0.0,200,0,100.0,20425.0,100.0,22289082068.0,100.0,163781590872.0
2018-01-21,Z303ZR9R,ST4000DM000,4000787030016,0,111.0,30241536.0,92.0,0.0,100.0,18.0,100,0,89.0,911750441.0,77,20734,100.0,0.0,100,18,100.0,0.0,100.0,0.0,100.0,0.0,100.0,0.0,100.0,0.0,76.0,24.0,100.0,0.0,100.0,0.0,61.0,78569.0,24.0,24.0,100.0,0.0,100.0,0.0,200,0,100.0,20449.0,100.0,22294590078.0,100.0,163825648562.0
2018-01-22,Z303ZR9R,ST4000DM000,4000787030016,0,106.0,11414760.0,92.0,0.0,100.0,18.0,100,0,89.0,912645365.0,77,20759,100.0,0.0,100,18,100.0,0.0,100.0,0.0,100.0,0.0,100.0,0.0,100.0,0.0,77.0,23.0,100.0,0.0,100.0,0.0,61.0,78569.0,23.0,23.0,100.0,0.0,100.0,0.0,200,0,100.0,20474.0,100.0,22299248710.0,100.0,163866094273.0
2018-01-24,Z303ZR9R,ST4000DM000,4000787030016,0,117.0,139473120.0,92.0,0.0,100.0,18.0,100,0,89.0,914793201.0,77,20815,100.0,0.0,100,18,100.0,0.0,100.0,0.0,100.0,0.0,100.0,0.0,100.0,0.0,77.0,23.0,100.0,0.0,100.0,0.0,61.0,78673.0,23.0,23.0,100.0,0.0,100.0,0.0,200,0,100.0,20529.0,100.0,22314373226.0,100.0,163977418524.0
2018-01-25,Z303ZR9R,ST4000DM000,4000787030016,0,108.0,15799680.0,92.0,0.0,100.0,18.0,100,0,89.0,915387120.0,77,20832,100.0,0.0,100,18,100.0,0.0,100.0,0.0,100.0,0.0,100.0,0.0,100.0,0.0,78.0,22.0,100.0,0.0,100.0,0.0,61.0,78731.0,22.0,22.0,100.0,0.0,100.0,0.0,200,0,100.0,20547.0,100.0,22318186371.0,100.0,164008656296.0
2018-01-26,Z303ZR9R,ST4000DM000,4000787030016,0,120.0,238680896.0,92.0,0.0,100.0,19.0,100,0,89.0,915821855.0,77,20856,100.0,0.0,100,19,100.0,0.0,100.0,0.0,100.0,0.0,100.0,0.0,100.0,0.0,77.0,23.0,100.0,0.0,100.0,0.0,61.0,79579.0,23.0,23.0,100.0,0.0,100.0,0.0,200,0,100.0,20567.0,100.0,22321056089.0,100.0,164041516214.0
2018-01-27,Z303ZR9R,ST4000DM000,4000787030016,0,101.0,3633688.0,92.0,0.0,100.0,19.0,100,0,89.0,916714808.0,77,20880,100.0,0.0,100,19,100.0,0.0,100.0,0.0,100.0,0.0,100.0,0.0,100.0,0.0,78.0,22.0,100.0,0.0,100.0,0.0,61.0,79579.0,22.0,22.0,100.0,0.0,100.0,0.0,200,0,100.0,20591.0,100.0,22327727120.0,100.0,164093010730.0
2018-01-28,Z303ZR9R,ST4000DM000,4000787030016,0,114.0,66728368.0,92.0,0.0,100.0,19.0,100,0,89.0,917771032.0,77,20904,100.0,0.0,100,19,100.0,0.0,100.0,0.0,100.0,0.0,100.0,0.0,100.0,0.0,77.0,23.0,100.0,0.0,100.0,0.0,61.0,79579.0,23.0,23.0,100.0,0.0,100.0,0.0,200,0,100.0,20616.0,100.0,22334395112.0,100.0,164139903268.0
2018-01-29,Z303ZR9R,ST4000DM000,4000787030016,0,120.0,67408.0,92.0,0.0,100.0,19.0,100,0,89.0,918741218.0,77,20928,100.0,0.0,100,19,100.0,0.0,100.0,0.0,100.0,0.0,100.0,0.0,100.0,0.0,78.0,22.0,100.0,0.0,100.0,0.0,61.0,79579.0,22.0,22.0,100.0,0.0,100.0,0.0,200,0,100.0,20640.0,100.0,22340075506.0,100.0,164202077762.0
2018-01-30,Z303ZR9R,ST4000DM000,4000787030016,0,113.0,56178368.0,92.0,0.0,100.0,19.0,100,0,89.0,919686550.0,77,20951,100.0,0.0,100,19,100.0,0.0,100.0,0.0,100.0,0.0,100.0,0.0,100.0,0.0,78.0,22.0,100.0,0.0,100.0,0.0,61.0,79579.0,22.0,22.0,100.0,0.0,100.0,0.0,200,0,100.0,20663.0,100.0,22346203876.0,100.0,164246187648.0
2018-01-31,Z303ZR9R,ST4000DM000,4000787030016,0,115.0,89696056.0,92.0,0.0,100.0,19.0,100.0,0.0,89.0,920858094.0,77.0,20976.0,100.0,0.0,100.0,19.0,100.0,0.0,100.0,0.0,100.0,0.0,100.0,0.0,100.0,0.0,78.0,22.0,100.0,0.0,100.0,0.0,61.0,79579.0,22.0,22.0,100.0,0.0,100.0,0.0,200.0,0.0,100.0,20687.0,100.0,22353707869.0,100.0,164293829376.0
2018-02-01,Z303ZR9R,ST4000DM000,4000787030016,0,118.0,183304496.0,92.0,0.0,100.0,19.0,100,0,89.0,921831463.0,77,20999,100.0,0.0,100,19,100.0,0.0,100.0,0.0,100.0,0.0,100.0,0.0,100.0,0.0,78.0,22.0,100.0,0.0,100.0,0.0,61.0,79579.0,22.0,22.0,100.0,0.0,100.0,0.0,200,0,100.0,20711.0,100.0,22361074046.0,100.0,164334884275.0
2018-02-02,Z303ZR9R,ST4000DM000,4000787030016,0,117.0,159793400.0,92.0,0.0,100.0,19.0,100,0,89.0,922755935.0,77,21023,100.0,0.0,100,19,100.0,0.0,100.0,0.0,100.0,0.0,100.0,0.0,100.0,0.0,78.0,22.0,100.0,0.0,100.0,0.0,61.0,79579.0,22.0,22.0,100.0,0.0,100.0,0.0,200,0,100.0,20735.0,100.0,22367695554.0,100.0,164376261172.0
2018-02-03,Z303ZR9R,ST4000DM000,4000787030016,0,114.0,82258784.0,92.0,0.0,100.0,19.0,100,0,89.0,923730074.0,76,21048,100.0,0.0,100,19,100.0,0.0,100.0,0.0,100.0,0.0,100.0,0.0,100.0,0.0,78.0,22.0,100.0,0.0,100.0,0.0,61.0,79579.0,22.0,22.0,100.0,0.0,100.0,0.0,200,0,100.0,20759.0,100.0,22370357302.0,100.0,164422763364.0
2018-02-04,Z303ZR9R,ST4000DM000,4000787030016,0,118.0,188708752.0,92.0,0.0,100.0,19.0,100,0,89.0,924798925.0,76,21075,100.0,0.0,100,19,100.0,0.0,100.0,0.0,100.0,0.0,100.0,0.0,100.0,0.0,78.0,22.0,100.0,0.0,100.0,0.0,61.0,79579.0,22.0,22.0,100.0,0.0,100.0,0.0,200,0,100.0,20787.0,100.0,22373265250.0,100.0,164474804730.0
2018-02-05,Z303ZR9R,ST4000DM000,4000787030016,0,119.0,210298904.0,92.0,0.0,100.0,19.0,100,0,89.0,925815208.0,76,21099,100.0,0.0,100,19,100.0,0.0,100.0,0.0,100.0,0.0,100.0,0.0,100.0,0.0,78.0,22.0,100.0,0.0,100.0,0.0,61.0,79579.0,22.0,22.0,100.0,0.0,100.0,0.0,200,0,100.0,20811.0,100.0,22376034881.0,100.0,164525902131.0
2018-02-06,Z303ZR9R,ST4000DM000,4000787030016,0,118.0,183394840.0,92.0,0.0,100.0,19.0,100,0,89.0,926810234.0,76,21124,100.0,0.0,100,19,100.0,0.0,100.0,0.0,100.0,0.0,100.0,0.0,100.0,0.0,78.0,22.0,100.0,0.0,100.0,0.0,61.0,79579.0,22.0,22.0,100.0,0.0,100.0,0.0,200,0,100.0,20835.0,100.0,22378557305.0,100.0,164570235270.0
2018-02-07,Z303ZR9R,ST4000DM000,4000787030016,0,116.0,105224888.0,92.0,0.0,100.0,19.0,100,0,89.0,927784395.0,76,21147,100.0,0.0,100,19,100.0,0.0,100.0,0.0,100.0,0.0,100.0,0.0,100.0,0.0,77.0,23.0,100.0,0.0,100.0,0.0,61.0,79579.0,23.0,23.0,100.0,0.0,100.0,0.0,200,0,100.0,20859.0,100.0,22381178721.0,100.0,164611559502.0
2018-02-08,Z303ZR9R,ST4000DM000,4000787030016,0,111.0,39003440.0,92.0,0.0,100.0,19.0,100,0,89.0,928775405.0,76,21171,100.0,0.0,100,19,100.0,0.0,100.0,0.0,100.0,0.0,100.0,0.0,100.0,0.0,78.0,22.0,100.0,0.0,100.0,0.0,61.0,79579.0,22.0,22.0,100.0,0.0,100.0,0.0,200,0,100.0,20883.0,100.0,22383796148.0,100.0,164648802343.0
2018-02-09,Z303ZR9R,ST4000DM000,4000787030016,0,117,143494192,92,0,100,19,100,0,89,929729983,76,21196,100,0,100,19,100.0,0.0,100.0,0.0,100.0,0.0,100.0,0.0,100.0,0.0,78.0,22.0,100.0,0.0,100.0,0.0,61.0,79579.0,22,22,100,0,100,0,200,0,100.0,20907.0,100.0,22388082771.0,100.0,164693996475.0
2018-02-10,Z303ZR9R,ST4000DM000,4000787030016,0,115.0,99419592.0,92.0,0.0,100.0,19.0,100.0,0.0,89.0,930672089.0,76.0,21219.0,100.0,0.0,100.0,19.0,100.0,0.0,100.0,0.0,100.0,0.0,100.0,0.0,100.0,0.0,77.0,23.0,100.0,0.0,100.0,0.0,61.0,79579.0,23.0,23.0,100.0,0.0,100.0,0.0,200.0,0.0,100.0,20931.0,100.0,22390406204.0,100.0,164758743739.0
2018-02-11,Z303ZR9R,ST4000DM000,4000787030016,0,114,58858232,92,0,100,19,100,0,89,931661967,76,21243,100,0,100,19,100.0,0.0,100.0,0.0,100.0,0.0,100.0,0.0,100.0,0.0,78.0,22.0,100.0,0.0,100.0,0.0,61.0,79579.0,22,22,100,0,100,0,200,0,100.0,20955.0,100.0,22392888625.0,100.0,164807894047.0
2018-02-12,Z303ZR9R,ST4000DM000,4000787030016,0,110,27144720,92,0,100,19,100,0,89,932637998,76,21267,100,0,100,19,100.0,0.0,100.0,0.0,100.0,0.0,100.0,0.0,100.0,0.0,78.0,22.0,100.0,0.0,100.0,0.0,61.0,79579.0,22,22,100,0,100,0,200,0,100.0,20978.0,100.0,22395612996.0,100.0,164857733766.0
2018-02-13,Z303ZR9R,ST4000DM000,4000787030016,0,118,192782752,92,0,100,19,100,0,89,933618503,76,21292,100,0,100,19,100.0,0.0,100.0,0.0,100.0,0.0,100.0,0.0,100.0,0.0,78.0,22.0,100.0,0.0,100.0,0.0,61.0,79579.0,22,22,100,0,100,0,200,0,100.0,21003.0,100.0,22398084637.0,100.0,164902199896.0
2018-02-14,Z303ZR9R,ST4000DM000,4000787030016,0,118,173042464,92,0,100,19,100,0,89,934614424,76,21315,100,0,100,19,100.0,0.0,100.0,0.0,100.0,0.0,100.0,0.0,100.0,0.0,78.0,22.0,100.0,0.0,100.0,0.0,61.0,79579.0,22,22,100,0,100,0,200,0,100.0,21027.0,100.0,22401353699.0,100.0,164946056838.0
2018-02-15,Z303ZR9R,ST4000DM000,4000787030016,0,114,65765584,92,0,100,19,100,0,89,935453373,76,21339,100,0,100,19,100.0,0.0,100.0,0.0,100.0,0.0,100.0,0.0,100.0,0.0,79.0,21.0,100.0,0.0,100.0,0.0,61.0,79579.0,21,21,100,0,100,0,200,0,100.0,21051.0,100.0,22403542489.0,100.0,164984489578.0
2018-02-16,Z303ZR9R,ST4000DM000,4000787030016,0,115,91083568,92,0,100,19,100,0,89,936469184,76,21364,100,0,100,19,100.0,0.0,100.0,0.0,100.0,0.0,100.0,0.0,100.0,0.0,78.0,22.0,100.0,0.0,100.0,0.0,61.0,79579.0,22,22,100,0,100,0,200,0,100.0,21075.0,100.0,22406188153.0,100.0,165032579584.0
2018-02-17,Z303ZR9R,ST4000DM000,4000787030016,0,117,128595024,92,0,100,19,100,0,89,937474214,76,21387,100,0,100,19,100.0,0.0,100.0,0.0,100.0,0.0,100.0,0.0,100.0,0.0,79.0,21.0,100.0,0.0,100.0,0.0,61.0,79579.0,21,21,100,0,100,0,200,0,100.0,21099.0,100.0,22409886781.0,100.0,165095037918.0
2018-02-18,Z303ZR9R,ST4000DM000,4000787030016,0,115,89584248,92,0,100,19,100,0,89,938467456,76,21411,100,0,100,19,100.0,0.0,100.0,0.0,100.0,0.0,100.0,0.0,100.0,0.0,78.0,22.0,100.0,0.0,100.0,0.0,61.0,79579.0,22,22,100,0,100,0,200,0,100.0,21123.0,100.0,22412821562.0,100.0,165138762082.0
2018-02-19,Z303ZR9R,ST4000DM000,4000787030016,0,114,80929656,92,0,100,19,100,0,89,939475567,76,21436,100,0,100,19,100.0,0.0,100.0,0.0,100.0,0.0,100.0,0.0,100.0,0.0,78.0,22.0,100.0,0.0,100.0,0.0,61.0,79579.0,22,22,100,0,100,0,200,0,100.0,21147.0,100.0,22415326297.0,100.0,165188045319.0
2018-02-20,Z303ZR9R,ST4000DM000,4000787030016,0,114,75278336,92,0,100,19,100,0,90,940473877,76,21459,100,0,100,19,100.0,0.0,100.0,0.0,100.0,0.0,100.0,0.0,100.0,0.0,78.0,22.0,100.0,0.0,100.0,0.0,61.0,79579.0,22,22,100,0,100,0,200,0,100.0,21171.0,100.0,22417990285.0,100.0,165236198841.0
2018-02-21,Z303ZR9R,ST4000DM000,4000787030016,0,108,14690872,92,0,100,19,100,0,90,941434565,76,21483,100,0,100,19,100.0,0.0,100.0,0.0,100.0,0.0,100.0,0.0,100.0,0.0,78.0,22.0,100.0,0.0,100.0,0.0,61.0,79579.0,22,22,100,0,100,0,200,0,100.0,21195.0,100.0,22420432266.0,100.0,165283697350.0
2018-02-22,Z303ZR9R,ST4000DM000,4000787030016,0,112,45312528,92,0,100,19,100,0,90,942342392,76,21508,100,0,100,19,100.0,0.0,100.0,0.0,100.0,0.0,100.0,0.0,100.0,0.0,78.0,22.0,100.0,0.0,100.0,0.0,61.0,79579.0,22,22,100,0,100,0,200,0,100.0,21219.0,100.0,22422852495.0,100.0,165324020758.0
2018-02-23,Z303ZR9R,ST4000DM000,4000787030016,0,112,48859144,92,0,100,19,100,0,90,943224017,76,21532,100,0,100,19,100.0,0.0,100.0,0.0,100.0,0.0,100.0,0.0,100.0,0.0,78.0,22.0,100.0,0.0,100.0,0.0,61.0,79579.0,22,22,100,0,100,0,200,0,100.0,21243.0,100.0,22425097830.0,100.0,165363592940.0
2018-02-24,Z303ZR9R,ST4000DM000,4000787030016,0,118,195751584,92,0,100,19,100,0,90,944184802,76,21555,100,0,100,19,100.0,0.0,100.0,0.0,100.0,0.0,100.0,0.0,100.0,0.0,78.0,22.0,100.0,0.0,100.0,0.0,61.0,79579.0,22,22,100,0,100,0,200,0,100.0,21267.0,100.0,22427568917.0,100.0,165407108296.0
2018-02-25,Z303ZR9R,ST4000DM000,4000787030016,0,111,38624432,92,0,100,19,100,0,90,945129853,76,21579,100,0,100,19,100.0,0.0,100.0,0.0,100.0,0.0,100.0,0.0,100.0,0.0,73.0,27.0,100.0,0.0,100.0,0.0,61.0,79579.0,27,27,100,0,100,0,200,0,100.0,21291.0,100.0,22429937478.0,100.0,165445847664.0
2018-02-26,Z303ZR9R,ST4000DM000,4000787030016,0,115,91712672,92,0,100,19,100,0,90,946054915,76,21604,100,0,100,19,100.0,0.0,100.0,0.0,100.0,0.0,100.0,0.0,100.0,0.0,73.0,27.0,100.0,0.0,100.0,0.0,61.0,79579.0,27,27,100,0,100,0,200,0,100.0,21315.0,100.0,22432380785.0,100.0,165483901204.0
2018-02-27,Z303ZR9R,ST4000DM000,4000787030016,0,117,137136896,92,0,100,19,100,0,90,946979245,76,21627,100,0,100,19,100.0,0.0,100.0,0.0,100.0,0.0,100.0,0.0,100.0,0.0,72.0,28.0,100.0,0.0,100.0,0.0,61.0,79579.0,28,28,100,0,100,0,200,0,100.0,21339.0,100.0,22434788021.0,100.0,165524462877.0
2018-02-28,Z303ZR9R,ST4000DM000,4000787030016,0,119,233539328,92,0,100,19,100,0,90,947808452,76,21651,100,0,100,19,100.0,0.0,100.0,0.0,100.0,0.0,100.0,0.0,100.0,0.0,73.0,27.0,100.0,0.0,100.0,0.0,61.0,79579.0,27,27,100,0,100,0,200,0,100.0,21363.0,100.0,22437460346.0,100.0,165560941377.0
2018-03-01,Z303ZR9R,ST4000DM000,4000787030016,0,110,25697432,92,0,100,19,100,0,90,948864784,76,21679,100,0,100,19,100.0,0.0,100.0,0.0,100.0,0.0,100.0,0.0,100.0,0.0,78.0,22.0,100.0,0.0,100.0,0.0,61.0,79579.0,22,22,100,0,100,0,200,0,100.0,21390.0,100.0,22440247005.0,100.0,165605734299.0
2018-03-02,Z303ZR9R,ST4000DM000,4000787030016,0,119,203873016,92,0,100,19,100,0,90,949849715,76,21703,100,0,100,19,100.0,0.0,100.0,0.0,100.0,0.0,100.0,0.0,100.0,0.0,78.0,22.0,100.0,0.0,100.0,0.0,61.0,79579.0,22,22,100,0,100,0,200,0,100.0,21414.0,100.0,22442936441.0,100.0,169948092559.0
2018-03-03,Z303ZR9R,ST4000DM000,4000787030016,0,120,242174552,92,0,100,19,100,0,90,950873124,76,21726,100,0,100,19,100.0,0.0,100.0,0.0,100.0,0.0,100.0,0.0,100.0,0.0,78.0,22.0,100.0,0.0,100.0,0.0,61.0,79579.0,22,22,100,0,100,0,200,0,100.0,21438.0,100.0,22448942501.0,100.0,170007338892.0
2018-03-04,Z303ZR9R,ST4000DM000,4000787030016,0,119,223263824,92,0,100,19,100,0,90,951867080,76,21751,100,0,100,19,100.0,0.0,100.0,0.0,100.0,0.0,100.0,0.0,100.0,0.0,78.0,22.0,100.0,0.0,100.0,0.0,61.0,79579.0,22,22,100,0,100,0,200,0,100.0,21462.0,100.0,22451519654.0,100.0,170067567986.0
2018-03-05,Z303ZR9R,ST4000DM000,4000787030016,0,117,138977624,92,0,100,19,100,0,90,952834799,76,21775,100,0,100,19,100.0,0.0,100.0,0.0,100.0,0.0,100.0,0.0,100.0,0.0,78.0,22.0,100.0,0.0,100.0,0.0,61.0,79579.0,22,22,100,0,100,0,200,0,100.0,21486.0,100.0,22454382337.0,100.0,170115228470.0
2018-03-06,Z303ZR9R,ST4000DM000,4000787030016,0,117,126301120,92,0,100,19,100,0,90,953583906,76,21793,100,0,100,19,100.0,0.0,100.0,0.0,100.0,0.0,100.0,0.0,100.0,0.0,78.0,22.0,100.0,0.0,100.0,0.0,61.0,79579.0,22,22,100,0,100,0,200,0,100.0,21505.0,100.0,22456268497.0,100.0,170153569057.0
2018-03-07,Z303ZR9R,ST4000DM000,4000787030016,0,119.0,218229304.0,92.0,0.0,100.0,19.0,100.0,0.0,90.0,954611673.0,76.0,21817.0,100.0,0.0,100.0,19.0,100.0,0.0,100.0,0.0,100.0,0.0,100.0,0.0,100.0,0.0,77.0,23.0,100.0,0.0,100.0,0.0,61.0,79579.0,23.0,23.0,100.0,0.0,100.0,0.0,200.0,0.0,100.0,21528.0,100.0,22458847692.0,100.0,170206204162.0
2018-03-08,Z303ZR9R,ST4000DM000,4000787030016,0,114,67660584,92,0,100,19,100,0,90,955894372,76,21846,100,0,100,19,100.0,0.0,100.0,0.0,100.0,0.0,100.0,0.0,100.0,0.0,77.0,23.0,100.0,0.0,100.0,0.0,61.0,79579.0,23,23,100,0,100,0,200,0,100.0,21558.0,100.0,22465317717.0,100.0,170283670258.0
2018-03-09,Z303ZR9R,ST4000DM000,4000787030016,0,119,229117864,92,0,100,19,100,0,90,956945598,76,21870,100,0,100,19,100.0,0.0,100.0,0.0,100.0,0.0,100.0,0.0,100.0,0.0,77.0,23.0,100.0,0.0,100.0,0.0,61.0,79579.0,23,23,100,0,100,0,200,0,100.0,21581.0,100.0,22467836569.0,100.0,170347166774.0
2018-03-10,Z303ZR9R,ST4000DM000,4000787030016,0,109,21199928,92,0,100,19,100,0,90,957860098,76,21894,100,0,100,19,100.0,0.0,100.0,0.0,100.0,0.0,100.0,0.0,100.0,0.0,77.0,23.0,100.0,0.0,100.0,0.0,61.0,79579.0,23,23,100,0,100,0,200,0,100.0,21605.0,100.0,22470337925.0,100.0,170390143957.0
2018-03-11,Z303ZR9R,ST4000DM000,4000787030016,0,113,57314160,92,0,100,19,100,0,90,958546883,75,21918,100,0,100,19,100.0,0.0,100.0,0.0,100.0,0.0,100.0,0.0,100.0,0.0,77.0,23.0,100.0,0.0,100.0,0.0,61.0,79579.0,23,23,100,0,100,0,200,0,100.0,21630.0,100.0,22472386450.0,100.0,170422999918.0
2018-03-12,Z303ZR9R,ST4000DM000,4000787030016,0,119,208355176,92,0,100,19,100,0,90,959153919,75,21942,100,0,100,19,100.0,0.0,100.0,0.0,100.0,0.0,100.0,0.0,100.0,0.0,77.0,23.0,100.0,0.0,100.0,0.0,61.0,79579.0,23,23,100,0,100,0,200,0,100.0,21654.0,100.0,22474166854.0,100.0,170468099250.0
2018-03-13,Z303ZR9R,ST4000DM000,4000787030016,0,116,109430736,92,0,100,19,100,0,90,959766396,75,21966,100,0,100,19,100.0,0.0,100.0,0.0,100.0,0.0,100.0,0.0,100.0,0.0,77.0,23.0,100.0,0.0,100.0,0.0,61.0,79579.0,23,23,100,0,100,0,200,0,100.0,21677.0,100.0,22476069866.0,100.0,170500738067.0
2018-03-14,Z303ZR9R,ST4000DM000,4000787030016,0,118,185826312,92,0,100,19,100,0,90,960431843,75,21990,100,0,100,19,100.0,0.0,100.0,0.0,100.0,0.0,100.0,0.0,100.0,0.0,78.0,22.0,100.0,0.0,100.0,0.0,61.0,79579.0,22,22,100,0,100,0,200,0,100.0,21702.0,100.0,22478214383.0,100.0,170554575195.0
2018-03-15,Z303ZR9R,ST4000DM000,4000787030016,0,117,119029664,92,0,100,19,100,0,90,961319436,75,22014,100,0,100,19,100.0,0.0,100.0,0.0,100.0,0.0,100.0,0.0,100.0,0.0,78.0,22.0,100.0,0.0,100.0,0.0,61.0,79579.0,22,22,100,0,100,0,200,0,100.0,21726.0,100.0,22480705100.0,100.0,170586431353.0
2018-03-16,Z303ZR9R,ST4000DM000,4000787030016,0,119.0,207528376.0,92.0,0.0,100.0,19.0,100.0,0.0,90.0,962335501.0,75.0,22038.0,100.0,0.0,100.0,19.0,100.0,0.0,100.0,0.0,100.0,0.0,100.0,0.0,100.0,0.0,78.0,22.0,100.0,0.0,100.0,0.0,61.0,79579.0,22.0,22.0,100.0,0.0,100.0,0.0,200.0,0.0,100.0,21749.0,100.0,22483259542.0,100.0,170644931235.0
2018-03-17,Z303ZR9R,ST4000DM000,4000787030016,0,114,77425384,92,0,100,19,100,0,90,963283132,75,22062,100,0,100,19,100.0,0.0,100.0,0.0,100.0,0.0,100.0,0.0,100.0,0.0,78.0,22.0,100.0,0.0,100.0,0.0,61.0,79579.0,22,22,100,0,100,0,200,0,100.0,21773.0,100.0,22485678456.0,100.0,170682379941.0
2018-03-18,Z303ZR9R,ST4000DM000,4000787030016,0,118,183816976,92,0,100,19,100,0,90,964102720,75,22086,100,0,100,19,100.0,0.0,100.0,0.0,100.0,0.0,100.0,0.0,100.0,0.0,78.0,22.0,100.0,0.0,100.0,0.0,61.0,79579.0,22,22,100,0,100,0,200,0,100.0,21798.0,100.0,22488275390.0,100.0,170725684435.0
2018-03-19,Z303ZR9R,ST4000DM000,4000787030016,0,115,91092712,92,0,100,19,100,0,90,964827485,75,22110,100,0,100,19,100.0,0.0,100.0,0.0,100.0,0.0,100.0,0.0,100.0,0.0,79.0,21.0,100.0,0.0,100.0,0.0,61.0,79579.0,21,21,100,0,100,0,200,0,100.0,21822.0,100.0,22490363258.0,100.0,170759428689.0
2018-03-20,Z303ZR9R,ST4000DM000,4000787030016,0,120,235867856,92,0,100,19,100,0,90,965440853,75,22134,100,0,100,19,100.0,0.0,100.0,0.0,100.0,0.0,100.0,0.0,100.0,0.0,78.0,22.0,100.0,0.0,100.0,0.0,61.0,79579.0,22,22,100,0,100,0,200,0,100.0,21845.0,100.0,22492255995.0,100.0,170786306556.0
2018-03-21,Z303ZR9R,ST4000DM000,4000787030016,0,111,35440376,92,0,100,19,100,0,90,966105143,75,22158,100,0,100,19,100.0,0.0,100.0,0.0,100.0,0.0,100.0,0.0,100.0,0.0,77.0,23.0,100.0,0.0,100.0,0.0,61.0,79579.0,23,23,100,0,100,0,200,0,100.0,21869.0,100.0,22494756482.0,100.0,170815354477.0
2018-03-22,Z303ZR9R,ST4000DM000,4000787030016,0,118,195204856,92,0,100,19,100,0,90,966697266,75,22182,100,0,100,19,100.0,0.0,100.0,0.0,100.0,0.0,100.0,0.0,100.0,0.0,77.0,23.0,100.0,0.0,100.0,0.0,61.0,79579.0,23,23,100,0,100,0,200,0,100.0,21894.0,100.0,22497437311.0,100.0,170845598272.0
2018-03-23,Z303ZR9R,ST4000DM000,4000787030016,0,115,96099200,92,0,100,19,100,0,90,967283174,75,22206,100,0,100,19,100.0,0.0,100.0,0.0,100.0,0.0,100.0,0.0,100.0,0.0,77.0,23.0,100.0,0.0,100.0,0.0,61.0,79579.0,23,23,100,0,100,0,200,0,100.0,21917.0,100.0,22499110700.0,100.0,170891725952.0
2018-03-24,Z303ZR9R,ST4000DM000,4000787030016,0,117,159449432,92,0,100,19,100,0,90,967841808,75,22230,100,0,100,19,100.0,0.0,100.0,0.0,100.0,0.0,100.0,0.0,100.0,0.0,78.0,22.0,100.0,0.0,100.0,0.0,61.0,79579.0,22,22,100,0,100,0,200,0,100.0,21941.0,100.0,22500848009.0,100.0,170920717267.0
2018-03-25,Z303ZR9R,ST4000DM000,4000787030016,0,115,91555728,92,0,100,19,100,0,90,968463876,75,22254,100,0,100,19,100.0,0.0,100.0,0.0,100.0,0.0,100.0,0.0,100.0,0.0,77.0,23.0,100.0,0.0,100.0,0.0,61.0,79579.0,23,23,100,0,100,0,200,0,100.0,21966.0,100.0,22502789236.0,100.0,170952935489.0
2018-03-26,Z303ZR9R,ST4000DM000,4000787030016,0,119,206098384,92,0,100,19,100,0,90,969049114,75,22278,100,0,100,19,100.0,0.0,100.0,0.0,100.0,0.0,100.0,0.0,100.0,0.0,77.0,23.0,100.0,0.0,100.0,0.0,61.0,79579.0,23,23,100,0,100,0,200,0,100.0,21989.0,100.0,22504575708.0,100.0,170982588232.0
2018-03-27,Z303ZR9R,ST4000DM000,4000787030016,0,117,125349008,92,0,100,19,100,0,90,969650972,75,22302,100,0,100,19,100.0,0.0,100.0,0.0,100.0,0.0,100.0,0.0,100.0,0.0,77.0,23.0,100.0,0.0,100.0,0.0,61.0,79579.0,23,23,100,0,100,0,200,0,100.0,22013.0,100.0,22506391104.0,100.0,171017942020.0
2018-03-28,Z303ZR9R,ST4000DM000,4000787030016,0,120,1650664,92,0,100,19,100,0,90,970235578,75,22326,100,0,100,19,100.0,0.0,100.0,0.0,100.0,0.0,100.0,0.0,100.0,0.0,78.0,22.0,100.0,0.0,100.0,0.0,61.0,79579.0,22,22,100,0,100,0,200,0,100.0,22038.0,100.0,22508185042.0,100.0,171050145247.0
2018-03-29,Z303ZR9R,ST4000DM000,4000787030016,0,120,242436744,92,0,100,19,100,0,90,971017769,75,22349,100,0,100,19,100.0,0.0,100.0,0.0,100.0,0.0,100.0,0.0,100.0,0.0,78.0,22.0,100.0,0.0,100.0,0.0,61.0,79579.0,22,22,100,0,100,0,200,0,100.0,22061.0,100.0,22510430424.0,100.0,171082748107.0
2018-03-30,Z303ZR9R,ST4000DM000,4000787030016,0,111,30651904,92,0,100,19,100,0,90,971668310,75,22374,100,0,100,19,100.0,0.0,100.0,0.0,100.0,0.0,100.0,0.0,100.0,0.0,78.0,22.0,100.0,0.0,100.0,0.0,61.0,79579.0,22,22,100,0,100,0,200,0,100.0,22085.0,100.0,22512203722.0,100.0,171137405341.0
2018-03-31,Z303ZR9R,ST4000DM000,4000787030016,0,117,130503016,92,0,100,19,100,0,90,972256256,75,22398,100,0,100,19,100.0,0.0,100.0,0.0,100.0,0.0,100.0,0.0,100.0,0.0,77.0,23.0,100.0,0.0,100.0,0.0,61.0,79579.0,23,23,100,0,100,0,200,0,100.0,22109.0,100.0,22514065662.0,100.0,171169982738.0
2018-04-01,Z303ZR9R,ST4000DM000,4000787030016,0,119,217898104,92,0,100,19,100,0,90,972844456,75,22421,100,0,100,19,100.0,0.0,100.0,0.0,100.0,0.0,100.0,0.0,100.0,0.0,77.0,23.0,100.0,0.0,100.0,0.0,61.0,79579.0,23,23,100,0,100,0,200,0,100.0,22133.0,100.0,22515972031.0,100.0,171200867435.0
2018-04-02,Z303ZR9R,ST4000DM000,4000787030016,0,117,162412528,92,0,100,19,100,0,90,973491640,75,22446,100,0,100,19,100.0,0.0,100.0,0.0,100.0,0.0,100.0,0.0,100.0,0.0,78.0,22.0,100.0,0.0,100.0,0.0,61.0,79579.0,22,22,100,0,100,0,200,0,100.0,22158.0,100.0,22517997719.0,100.0,171231566476.0
2018-04-03,Z303ZR9R,ST4000DM000,4000787030016,0,110,27149768,92,0,100,19,100,0,90,974087707,75,22470,100,0,100,19,100.0,0.0,100.0,0.0,100.0,0.0,100.0,0.0,100.0,0.0,78.0,22.0,100.0,0.0,100.0,0.0,61.0,79579.0,22,22,100,0,100,0,200,0,100.0,22181.0,100.0,22519860794.0,100.0,171263051244.0
2018-04-04,Z303ZR9R,ST4000DM000,4000787030016,0,118,195939160,92,0,100,19,100,0,90,974717076,75,22494,100,0,100,19,100.0,0.0,100.0,0.0,100.0,0.0,100.0,0.0,100.0,0.0,77.0,23.0,100.0,0.0,100.0,0.0,61.0,79579.0,23,23,100,0,100,0,200,0,100.0,22205.0,100.0,22521836301.0,100.0,171295331981.0
2018-04-05,Z303ZR9R,ST4000DM000,4000787030016,0,113,55585304,92,0,100,19,100,0,90,975310641,75,22517,100,0,100,19,100.0,0.0,100.0,0.0,100.0,0.0,100.0,0.0,100.0,0.0,78.0,22.0,100.0,0.0,100.0,0.0,61.0,79579.0,22,22,100,0,100,0,200,0,100.0,22229.0,100.0,22523699913.0,100.0,171325358021.0
2018-04-06,Z303ZR9R,ST4000DM000,4000787030016,0,117,144792872,92,0,100,19,100,0,90,975897092,75,22542,100,0,100,19,100.0,0.0,100.0,0.0,100.0,0.0,100.0,0.0,100.0,0.0,77.0,23.0,100.0,0.0,100.0,0.0,61.0,79579.0,23,23,100,0,100,0,200,0,100.0,22253.0,100.0,22525752758.0,100.0,171356147753.0
2018-04-07,Z303ZR9R,ST4000DM000,4000787030016,0,114.0,72998936.0,92.0,0.0,100.0,19.0,100.0,0.0,90.0,976532033.0,75.0,22566.0,100.0,0.0,100.0,19.0,100.0,0.0,100.0,0.0,100.0,0.0,100.0,0.0,100.0,0.0,77.0,23.0,100.0,0.0,100.0,0.0,61.0,79579.0,23.0,23.0,100.0,0.0,100.0,0.0,200.0,0.0,100.0,22277.0,100.0,22527784183.0,100.0,171388923317.0
2018-04-08,Z303ZR9R,ST4000DM000,4000787030016,0,117,142034360,92,0,100,19,100,0,90,977112536,75,22589,100,0,100,19,100.0,0.0,100.0,0.0,100.0,0.0,100.0,0.0,100.0,0.0,78.0,22.0,100.0,0.0,100.0,0.0,61.0,79579.0,22,22,100,0,100,0,200,0,100.0,22301.0,100.0,22529783192.0,100.0,171416904569.0
2018-04-09,Z303ZR9R,ST4000DM000,4000787030016,0,110,29164520,92,0,100,19,100,0,90,977716476,75,22614,100,0,100,19,100.0,0.0,100.0,0.0,100.0,0.0,100.0,0.0,100.0,0.0,77.0,23.0,100.0,0.0,100.0,0.0,61.0,79579.0,23,23,100,0,100,0,200,0,100.0,22325.0,100.0,22531714595.0,100.0,171449099359.0
2018-04-10,Z303ZR9R,ST4000DM000,4000787030016,0,117,129724968,92,0,100,19,100,0,90,978307660,75,22638,100,0,100,19,100.0,0.0,100.0,0.0,100.0,0.0,100.0,0.0,100.0,0.0,77.0,23.0,100.0,0.0,100.0,0.0,61.0,79579.0,23,23,100,0,100,0,200,0,100.0,22349.0,100.0,22533579559.0,100.0,171478456805.0
2018-04-11,Z303ZR9R,ST4000DM000,4000787030016,0,112,49056400,92,0,100,19,100,0,90,978928932,75,22661,100,0,100,19,100.0,0.0,100.0,0.0,100.0,0.0,100.0,0.0,100.0,0.0,77.0,23.0,100.0,0.0,100.0,0.0,61.0,79579.0,23,23,100,0,100,0,200,0,100.0,22373.0,100.0,22535520109.0,100.0,171514301592.0
2018-04-12,Z303ZR9R,ST4000DM000,4000787030016,0,117,153982352,92,0,100,19,100,0,90,979783843,75,22685,100,0,100,19,100.0,0.0,100.0,0.0,100.0,0.0,100.0,0.0,100.0,0.0,78.0,22.0,100.0,0.0,100.0,0.0,61.0,79579.0,22,22,100,0,100,0,200,0,100.0,22397.0,100.0,22538047751.0,100.0,171547781992.0
2018-04-13,Z303ZR9R,ST4000DM000,4000787030016,0,118,190512224,92,0,100,19,100,0,90,980888231,75,22709,100,0,100,19,100.0,0.0,100.0,0.0,100.0,0.0,100.0,0.0,100.0,0.0,78.0,22.0,100.0,0.0,100.0,0.0,61.0,79579.0,22,22,100,0,100,0,200,0,100.0,22421.0,100.0,22541079263.0,100.0,171608308506.0
2018-04-14,Z303ZR9R,ST4000DM000,4000787030016,0,114,63775336,92,0,100,19,100,0,90,981936812,75,22734,100,0,100,19,100.0,0.0,100.0,0.0,100.0,0.0,100.0,0.0,100.0,0.0,78.0,22.0,100.0,0.0,100.0,0.0,61.0,79579.0,22,22,100,0,100,0,200,0,100.0,22445.0,100.0,22544010157.0,100.0,171660956917.0
2018-04-15,Z303ZR9R,ST4000DM000,4000787030016,0,118,197428536,92,0,100,19,100,0,90,982903178,75,22757,100,0,100,19,100.0,0.0,100.0,0.0,100.0,0.0,100.0,0.0,100.0,0.0,78.0,22.0,100.0,0.0,100.0,0.0,61.0,79579.0,22,22,100,0,100,0,200,0,100.0,22469.0,100.0,22546657341.0,100.0,171702376337.0
2018-04-16,Z303ZR9R,ST4000DM000,4000787030016,0,105,8565832,92,0,100,19,100,0,90,983840378,74,22781,100,0,100,19,100.0,0.0,100.0,0.0,100.0,0.0,100.0,0.0,100.0,0.0,78.0,22.0,100.0,0.0,100.0,0.0,61.0,79579.0,22,22,100,0,100,0,200,0,100.0,22493.0,100.0,22549113875.0,100.0,171738977956.0
2018-04-17,Z303ZR9R,ST4000DM000,4000787030016,0,118,190115168,92,0,100,19,100,0,90,984603778,74,22806,100,0,100,19,100.0,0.0,100.0,0.0,100.0,0.0,100.0,0.0,100.0,0.0,79.0,21.0,100.0,0.0,100.0,0.0,61.0,79579.0,21,21,100,0,100,0,200,0,100.0,22517.0,100.0,22551322321.0,100.0,171771115416.0
2018-04-18,Z303ZR9R,ST4000DM000,4000787030016,0,117,155661232,92,0,100,19,100,0,90,985255156,74,22830,100,0,100,19,100.0,0.0,100.0,0.0,100.0,0.0,100.0,0.0,100.0,0.0,77.0,23.0,100.0,0.0,100.0,0.0,61.0,79579.0,23,23,100,0,100,0,200,0,100.0,22541.0,100.0,22553392495.0,100.0,171798918275.0
2018-04-19,Z303ZR9R,ST4000DM000,4000787030016,0,110,27229008,92,0,100,19,100,0,90,985856423,74,22853,100,0,100,19,100.0,0.0,100.0,0.0,100.0,0.0,100.0,0.0,100.0,0.0,77.0,23.0,100.0,0.0,100.0,0.0,61.0,79579.0,23,23,100,0,100,0,200,0,100.0,22565.0,100.0,22555293214.0,100.0,171829785808.0
2018-04-20,Z303ZR9R,ST4000DM000,4000787030016,0,114,79790592,92,0,100,19,100,0,90,986557825,74,22878,100,0,100,19,100.0,0.0,100.0,0.0,100.0,0.0,100.0,0.0,100.0,0.0,77.0,23.0,100.0,0.0,100.0,0.0,61.0,79581.0,23,23,100,0,100,0,200,0,100.0,22589.0,100.0,22557440095.0,100.0,171860514876.0
2018-04-21,Z303ZR9R,ST4000DM000,4000787030016,0,118,198910120,92,0,100,19,100,0,90,987162544,74,22902,100,0,100,19,100.0,0.0,100.0,0.0,100.0,0.0,100.0,0.0,100.0,0.0,78.0,22.0,100.0,0.0,100.0,0.0,61.0,79581.0,22,22,100,0,100,0,200,0,100.0,22613.0,100.0,22559317804.0,100.0,171889901563.0
2018-04-22,Z303ZR9R,ST4000DM000,4000787030016,0,114,73410184,92,0,100,19,100,0,90,987773346,74,22925,100,0,100,19,100.0,0.0,100.0,0.0,100.0,0.0,100.0,0.0,100.0,0.0,78.0,22.0,100.0,0.0,100.0,0.0,61.0,79581.0,22,22,100,0,100,0,200,0,100.0,22637.0,100.0,22561249228.0,100.0,171921187292.0
2018-04-23,Z303ZR9R,ST4000DM000,4000787030016,0,120,242436480,92,0,100,19,100,0,90,988410936,74,22949,100,0,100,19,100.0,0.0,100.0,0.0,100.0,0.0,100.0,0.0,100.0,0.0,78.0,22.0,100.0,0.0,100.0,0.0,61.0,79581.0,22,22,100,0,100,0,200,0,100.0,22661.0,100.0,22563407081.0,100.0,171949599548.0
2018-04-24,Z303ZR9R,ST4000DM000,4000787030016,0,119,215584376,92,0,100,19,100,0,90,989068494,74,22974,100,0,100,19,100.0,0.0,100.0,0.0,100.0,0.0,100.0,0.0,100.0,0.0,78.0,22.0,100.0,0.0,100.0,0.0,61.0,79581.0,22,22,100,0,100,0,200,0,100.0,22685.0,100.0,22565493940.0,100.0,171980089771.0
2018-04-25,Z303ZR9R,ST4000DM000,4000787030016,0,119,207705608,92,0,100,19,100,0,90,989740152,74,22997,100,0,100,19,100.0,0.0,100.0,0.0,100.0,0.0,100.0,0.0,100.0,0.0,78.0,22.0,100.0,0.0,100.0,0.0,61.0,79581.0,22,22,100,0,100,0,200,0,100.0,22709.0,100.0,22567560889.0,100.0,172008672991.0
2018-04-26,Z303ZR9R,ST4000DM000,4000787030016,0,118,195228592,92,0,100,19,100,0,90,990667128,74,23024,100,0,100,19,100.0,0.0,100.0,0.0,100.0,0.0,100.0,0.0,100.0,0.0,78.0,22.0,100.0,0.0,100.0,0.0,61.0,79581.0,22,22,100,0,100,0,200,0,100.0,22736.0,100.0,22572470263.0,100.0,172052140881.0
2018-04-27,Z303ZR9R,ST4000DM000,4000787030016,0,111,34528512,92,0,100,19,100,0,90,991705985,74,23048,100,0,100,19,100.0,0.0,100.0,0.0,100.0,0.0,100.0,0.0,100.0,0.0,78.0,22.0,100.0,0.0,100.0,0.0,61.0,79586.0,22,22,100,0,100,0,200,0,100.0,22760.0,100.0,22575104021.0,100.0,172109355903.0
2018-04-28,Z303ZR9R,ST4000DM000,4000787030016,0,113,57938208,92,0,100,19,100,0,90,992493631,74,23072,100,0,100,19,100.0,0.0,100.0,0.0,100.0,0.0,100.0,0.0,100.0,0.0,78.0,22.0,100.0,0.0,100.0,0.0,61.0,79586.0,22,22,100,0,100,0,200,0,100.0,22783.0,100.0,22577179719.0,100.0,172144577765.0
2018-04-29,Z303ZR9R,ST4000DM000,4000787030016,0,112,45363424,92,0,100,19,100,0,90,993148428,74,23096,100,0,100,19,100.0,0.0,100.0,0.0,100.0,0.0,100.0,0.0,100.0,0.0,78.0,22.0,100.0,0.0,100.0,0.0,61.0,79586.0,22,22,100,0,100,0,200,0,100.0,22808.0,100.0,22579274867.0,100.0,172181998859.0
2018-04-30,Z303ZR9R,ST4000DM000,4000787030016,0,119,216423528,92,0,100,19,100,0,90,993775650,74,23120,100,0,100,19,100.0,0.0,100.0,0.0,100.0,0.0,100.0,0.0,100.0,0.0,78.0,22.0,100.0,0.0,100.0,0.0,61.0,79586.0,22,22,100,0,100,0,200,0,100.0,22832.0,100.0,22581323048.0,100.0,172213136368.0
2018-05-01,Z303ZR9R,ST4000DM000,4000787030016,0,103,5691600,92,0,100,19,100,0,90,994329432,74,23144,100,0,100,19,100.0,0.0,100.0,0.0,100.0,0.0,100.0,0.0,100.0,0.0,78.0,22.0,100.0,0.0,100.0,0.0,61.0,79586.0,22,22,100,0,100,0,200,0,100.0,22855.0,100.0,22583105934.0,100.0,172243310791.0
2018-05-02,Z303ZR9R,ST4000DM000,4000787030016,0,116.0,108124120.0,92.0,0.0,100.0,19.0,100.0,0.0,90.0,994920115.0,74.0,23169.0,100.0,0.0,100.0,19.0,100.0,0.0,100.0,0.0,100.0,0.0,100.0,0.0,100.0,0.0,78.0,22.0,100.0,0.0,100.0,0.0,61.0,79586.0,22.0,22.0,100.0,0.0,100.0,0.0,200.0,0.0,100.0,22880.0,100.0,22584978840.0,100.0,172274601535.0
2018-05-03,Z303ZR9R,ST4000DM000,4000787030016,0,111,39752040,92,0,100,19,100,0,90,995674145,74,23189,100,0,100,19,100.0,0.0,100.0,0.0,100.0,0.0,100.0,0.0,100.0,0.0,78.0,22.0,100.0,0.0,100.0,0.0,61.0,79586.0,22,22,100,0,100,0,200,0,100.0,22901.0,100.0,22587128561.0,100.0,172302879994.0
2018-05-04,Z303ZR9R,ST4000DM000,4000787030016,0,120,242408248,92,0,100,19,100,0,90,996642117,74,23214,100,0,100,19,100.0,0.0,100.0,0.0,100.0,0.0,100.0,0.0,100.0,0.0,77.0,23.0,100.0,0.0,100.0,0.0,61.0,79586.0,23,23,100,0,100,0,200,0,100.0,22925.0,100.0,22589622663.0,100.0,172347107618.0
2018-05-05,Z303ZR9R,ST4000DM000,4000787030016,0,111,40924512,92,0,100,19,100,0,90,997454213,74,23238,100,0,100,19,100.0,0.0,100.0,0.0,100.0,0.0,100.0,0.0,100.0,0.0,77.0,23.0,100.0,0.0,100.0,0.0,61.0,79586.0,23,23,100,0,100,0,200,0,100.0,22949.0,100.0,22592060327.0,100.0,172381294498.0
2018-05-06,Z303ZR9R,ST4000DM000,4000787030016,0,116,108881984,92,0,100,19,100,0,90,998033840,74,23261,100,0,100,19,100.0,0.0,100.0,0.0,100.0,0.0,100.0,0.0,100.0,0.0,77.0,23.0,100.0,0.0,100.0,0.0,61.0,79586.0,23,23,100,0,100,0,200,0,100.0,22973.0,100.0,22593858289.0,100.0,172409239437.0
2018-05-07,Z303ZR9R,ST4000DM000,4000787030016,0,112,48937352,92,0,100,19,100,0,90,998681047,74,23286,100,0,100,19,100.0,0.0,100.0,0.0,100.0,0.0,100.0,0.0,100.0,0.0,77.0,23.0,100.0,0.0,100.0,0.0,61.0,79586.0,23,23,100,0,100,0,200,0,100.0,22997.0,100.0,22595905705.0,100.0,172438227781.0
2018-05-08,Z303ZR9R,ST4000DM000,4000787030016,0,117,122345984,92,0,100,19,100,0,90,999262093,74,23310,100,0,100,19,100.0,0.0,100.0,0.0,100.0,0.0,100.0,0.0,100.0,0.0,77.0,23.0,100.0,0.0,100.0,0.0,61.0,79586.0,23,23,100,0,100,0,200,0,100.0,23021.0,100.0,22597752816.0,100.0,172465886073.0
2018-05-09,Z303ZR9R,ST4000DM000,4000787030016,0,118,182034792,92,0,100,19,100,0,90,999828943,74,23334,100,0,100,19,100.0,0.0,100.0,0.0,100.0,0.0,100.0,0.0,100.0,0.0,78.0,22.0,100.0,0.0,100.0,0.0,61.0,79586.0,22,22,100,0,100,0,200,0,100.0,23045.0,100.0,22599537638.0,100.0,172492267319.0
2018-05-10,Z303ZR9R,ST4000DM000,4000787030016,0,111,31543512,92,0,100,19,100,0,90,663097,74,23358,100,0,100,19,100.0,0.0,100.0,0.0,100.0,0.0,100.0,0.0,100.0,0.0,78.0,22.0,100.0,0.0,100.0,0.0,61.0,79586.0,22,22,100,0,100,0,200,0,100.0,23070.0,100.0,22601962194.0,100.0,172533342263.0
2018-05-11,Z303ZR9R,ST4000DM000,4000787030016,0,111,33933152,92,0,100,19,100,0,62,1618719,74,23382,100,0,100,19,100.0,0.0,100.0,0.0,100.0,0.0,100.0,0.0,100.0,0.0,77.0,23.0,100.0,0.0,100.0,0.0,61.0,79586.0,23,23,100,0,100,0,200,0,100.0,23093.0,100.0,22604453241.0,100.0,172603534879.0
2018-05-12,Z303ZR9R,ST4000DM000,4000787030016,0,116,107727720,92,0,100,19,100,0,63,2534522,74,23406,100,0,100,19,100.0,0.0,100.0,0.0,100.0,0.0,100.0,0.0,100.0,0.0,78.0,22.0,100.0,0.0,100.0,0.0,61.0,79586.0,22,22,100,0,100,0,200,0,100.0,23117.0,100.0,22606744900.0,100.0,172653737966.0
2018-05-13,Z303ZR9R,ST4000DM000,4000787030016,0,117,121811400,92,0,100,19,100,0,65,3529250,74,23430,100,0,100,19,100.0,0.0,100.0,0.0,100.0,0.0,100.0,0.0,100.0,0.0,78.0,22.0,100.0,0.0,100.0,0.0,61.0,79586.0,22,22,100,0,100,0,200,0,100.0,23142.0,100.0,22612168906.0,100.0,172726606059.0
2018-05-14,Z303ZR9R,ST4000DM000,4000787030016,0,111,40358432,92,0,100,19,100,0,66,4285625,74,23454,100,0,100,19,100.0,0.0,100.0,0.0,100.0,0.0,100.0,0.0,100.0,0.0,78.0,22.0,100.0,0.0,100.0,0.0,61.0,79586.0,22,22,100,0,100,0,200,0,100.0,23166.0,100.0,22614313087.0,100.0,172759346305.0
2018-05-15,Z303ZR9R,ST4000DM000,4000787030016,0,110.0,27427496.0,92.0,0.0,100.0,19.0,100.0,0.0,66.0,4950338.0,74.0,23478.0,100.0,0.0,100.0,19.0,100.0,0.0,100.0,0.0,100.0,0.0,100.0,0.0,100.0,0.0,77.0,23.0,100.0,0.0,100.0,0.0,61.0,79586.0,23.0,23.0,100.0,0.0,100.0,0.0,200.0,0.0,100.0,23189.0,100.0,22616301679.0,100.0,172789808255.0
2018-05-16,Z303ZR9R,ST4000DM000,4000787030016,0,118,192461928,92,0,100,19,100,0,67,5577656,74,23502,100,0,100,19,100.0,0.0,100.0,0.0,100.0,0.0,100.0,0.0,100.0,0.0,77.0,23.0,100.0,0.0,100.0,0.0,61.0,79586.0,23,23,100,0,100,0,200,0,100.0,23214.0,100.0,22618242849.0,100.0,172820871128.0
2018-05-17,Z303ZR9R,ST4000DM000,4000787030016,0,114,67090528,92,0,100,19,100,0,68,6436901,74,23526,100,0,100,19,100.0,0.0,100.0,0.0,100.0,0.0,100.0,0.0,100.0,0.0,77.0,23.0,100.0,0.0,100.0,0.0,61.0,79586.0,23,23,100,0,100,0,200,0,100.0,23237.0,100.0,22620625428.0,100.0,172852451841.0
2018-05-18,Z303ZR9R,ST4000DM000,4000787030016,0,112,45128520,92,0,100,19,100,0,69,7518459,74,23549,100,0,100,19,100.0,0.0,100.0,0.0,100.0,0.0,100.0,0.0,100.0,0.0,76.0,24.0,100.0,0.0,100.0,0.0,61.0,79586.0,24,24,100,0,100,0,200,0,100.0,23261.0,100.0,22623281602.0,100.0,172914442429.0
2018-05-19,Z303ZR9R,ST4000DM000,4000787030016,0,117,125794072,92,0,100,19,100,0,69,8447838,74,23574,100,0,100,19,100.0,0.0,100.0,0.0,100.0,0.0,100.0,0.0,100.0,0.0,77.0,23.0,100.0,0.0,100.0,0.0,61.0,79586.0,23,23,100,0,100,0,200,0,100.0,23285.0,100.0,22625915909.0,100.0,172960683132.0
2018-05-20,Z303ZR9R,ST4000DM000,4000787030016,0,117,126899936,92,0,100,19,100,0,69,9235174,74,23598,100,0,100,19,100.0,0.0,100.0,0.0,100.0,0.0,100.0,0.0,100.0,0.0,77.0,23.0,100.0,0.0,100.0,0.0,61.0,79586.0,23,23,100,0,100,0,200,0,100.0,23309.0,100.0,22628371064.0,100.0,172997701147.0
2018-05-21,Z303ZR9R,ST4000DM000,4000787030016,0,119,201524312,92,0,100,19,100,0,69,9940161,74,23621,100,0,100,19,100.0,0.0,100.0,0.0,100.0,0.0,100.0,0.0,100.0,0.0,77.0,23.0,100.0,0.0,100.0,0.0,61.0,79586.0,23,23,100,0,100,0,200,0,100.0,23333.0,100.0,22630469700.0,100.0,173029084519.0
2018-05-22,Z303ZR9R,ST4000DM000,4000787030016,0,117,129647296,92,0,100,19,100,0,70,10568211,74,23646,100,0,100,19,100.0,0.0,100.0,0.0,100.0,0.0,100.0,0.0,100.0,0.0,77.0,23.0,100.0,0.0,100.0,0.0,61.0,79586.0,23,23,100,0,100,0,200,0,100.0,23357.0,100.0,22632425642.0,100.0,173063619092.0
2018-05-23,Z303ZR9R,ST4000DM000,4000787030016,0,114,59319696,92,0,100,19,100,0,70,11173825,73,23670,100,0,100,19,100.0,0.0,100.0,0.0,100.0,0.0,100.0,0.0,100.0,0.0,77.0,23.0,100.0,0.0,100.0,0.0,61.0,79586.0,23,23,100,0,100,0,200,0,100.0,23381.0,100.0,22634298099.0,100.0,173107597292.0
2018-05-24,Z303ZR9R,ST4000DM000,4000787030016,0,120,241004504,92,0,100,19,100,0,70,11808651,73,23694,100,0,100,19,100.0,0.0,100.0,0.0,100.0,0.0,100.0,0.0,100.0,0.0,78.0,22.0,100.0,0.0,100.0,0.0,61.0,79586.0,22,22,100,0,100,0,200,0,100.0,23405.0,100.0,22636311967.0,100.0,173141045073.0
2018-05-25,Z303ZR9R,ST4000DM000,4000787030016,0,118,192267136,92,0,100,19,100,0,71,12680918,73,23719,100,0,100,19,100.0,0.0,100.0,0.0,100.0,0.0,100.0,0.0,100.0,0.0,77.0,23.0,100.0,0.0,100.0,0.0,61.0,79586.0,23,23,100,0,100,0,200,0,100.0,23431.0,100.0,22639697911.0,100.0,173189383283.0
2018-05-26,Z303ZR9R,ST4000DM000,4000787030016,0,116,105285968,92,0,100,19,100,0,71,13632151,73,23744,100,0,100,19,100.0,0.0,100.0,0.0,100.0,0.0,100.0,0.0,100.0,0.0,77.0,23.0,100.0,0.0,100.0,0.0,61.0,79586.0,23,23,100,0,100,0,200,0,100.0,23455.0,100.0,22642132561.0,100.0,173238908690.0
2018-05-27,Z303ZR9R,ST4000DM000,4000787030016,0,108,19770320,92,0,100,19,100,0,71,14495756,73,23767,100,0,100,19,100.0,0.0,100.0,0.0,100.0,0.0,100.0,0.0,100.0,0.0,77.0,23.0,100.0,0.0,100.0,0.0,61.0,79586.0,23,23,100,0,100,0,200,0,100.0,23479.0,100.0,22644371925.0,100.0,173277900040.0
2018-05-28,Z303ZR9R,ST4000DM000,4000787030016,0,119,227779632,92,0,100,19,100,0,72,15261753,73,23791,100,0,100,19,100.0,0.0,100.0,0.0,100.0,0.0,100.0,0.0,100.0,0.0,77.0,23.0,100.0,0.0,100.0,0.0,61.0,79586.0,23,23,100,0,100,0,200,0,100.0,23503.0,100.0,22646479599.0,100.0,173310390956.0
2018-05-29,Z303ZR9R,ST4000DM000,4000787030016,0,117,128726576,92,0,100,19,100,0,72,15876906,73,23815,100,0,100,19,100.0,0.0,100.0,0.0,100.0,0.0,100.0,0.0,100.0,0.0,77.0,23.0,100.0,0.0,100.0,0.0,61.0,79586.0,23,23,100,0,100,0,200,0,100.0,23526.0,100.0,22648529634.0,100.0,173343102957.0
2018-05-30,Z303ZR9R,ST4000DM000,4000787030016,0,116,105672312,92,0,100,19,100,0,72,16545130,73,23840,100,0,100,19,100.0,0.0,100.0,0.0,100.0,0.0,100.0,0.0,100.0,0.0,77.0,23.0,100.0,0.0,100.0,0.0,61.0,79586.0,23,23,100,0,100,0,200,0,100.0,23551.0,100.0,22650650185.0,100.0,173373331184.0
2018-05-31,Z303ZR9R,ST4000DM000,4000787030016,0,117,166412016,92,0,100,19,100,0,72,17361257,73,23863,100,0,100,19,100.0,0.0,100.0,0.0,100.0,0.0,100.0,0.0,100.0,0.0,77.0,23.0,100.0,0.0,100.0,0.0,61.0,79586.0,23,23,100,0,100,0,200,0,100.0,23575.0,100.0,22652966881.0,100.0,173410391097.0
2018-06-01,Z303ZR9R,ST4000DM000,4000787030016,0,120,241463288,92,0,100,19,100,0,72,18488713,73,23888,100,0,100,19,100.0,0.0,100.0,0.0,100.0,0.0,100.0,0.0,100.0,0.0,77.0,23.0,100.0,0.0,100.0,0.0,61.0,79586.0,23,23,100,0,100,0,200,0,100.0,23599.0,100.0,22655646806.0,100.0,173467402072.0
2018-06-02,Z303ZR9R,ST4000DM000,4000787030016,0,119,223096960,92,0,100,19,100,0,72,19661535,73,23912,100,0,100,19,100.0,0.0,100.0,0.0,100.0,0.0,100.0,0.0,100.0,0.0,77.0,23.0,100.0,0.0,100.0,0.0,61.0,79586.0,23,23,100,0,100,0,200,0,100.0,23623.0,100.0,22658918241.0,100.0,173526520353.0
2018-06-03,Z303ZR9R,ST4000DM000,4000787030016,0,115,96995024,92,0,100,19,100,0,72,20680913,73,23936,100,0,100,19,100.0,0.0,100.0,0.0,100.0,0.0,100.0,0.0,100.0,0.0,77.0,23.0,100.0,0.0,100.0,0.0,61.0,79586.0,23,23,100,0,100,0,200,0,100.0,23647.0,100.0,22661255152.0,100.0,173566941638.0
2018-06-04,Z303ZR9R,ST4000DM000,4000787030016,0,109,25159072,92,0,100,19,100,0,73,21508317,73,23960,100,0,100,19,100.0,0.0,100.0,0.0,100.0,0.0,100.0,0.0,100.0,0.0,77.0,23.0,100.0,0.0,100.0,0.0,61.0,79586.0,23,23,100,0,100,0,200,0,100.0,23672.0,100.0,22663398478.0,100.0,173616961433.0
2018-06-05,Z303ZR9R,ST4000DM000,4000787030016,0,115,98996640,92,0,100,19,100,0,73,22513986,73,23984,100,0,100,19,100.0,0.0,100.0,0.0,100.0,0.0,100.0,0.0,100.0,0.0,77.0,23.0,100.0,0.0,100.0,0.0,61.0,79586.0,23,23,100,0,100,0,200,0,100.0,23695.0,100.0,22665489204.0,100.0,173751605086.0
2018-06-06,Z303ZR9R,ST4000DM000,4000787030016,0,115,87167560,92,0,100,19,100,0,73,23344577,73,24008,100,0,100,19,100.0,0.0,100.0,0.0,100.0,0.0,100.0,0.0,100.0,0.0,77.0,23.0,100.0,0.0,100.0,0.0,61.0,79586.0,23,23,100,0,100,0,200,0,100.0,23719.0,100.0,22667479309.0,100.0,173782039830.0
2018-06-07,Z303ZR9R,ST4000DM000,4000787030016,0,111,39430496,92,0,100,19,100,0,73,24181428,73,24032,100,0,100,19,100.0,0.0,100.0,0.0,100.0,0.0,100.0,0.0,100.0,0.0,78.0,22.0,100.0,0.0,100.0,0.0,61.0,79586.0,22,22,100,0,100,0,200,0,100.0,23744.0,100.0,22669620639.0,100.0,173820896923.0
2018-06-08,Z303ZR9R,ST4000DM000,4000787030016,0,117,137985664,92,0,100,19,100,0,73,25164591,73,24054,100,0,100,19,100.0,0.0,100.0,0.0,100.0,0.0,100.0,0.0,100.0,0.0,77.0,23.0,100.0,0.0,100.0,0.0,61.0,79586.0,23,23,100,0,100,0,200,0,100.0,23766.0,100.0,22671953008.0,100.0,173902708310.0
2018-06-09,Z303ZR9R,ST4000DM000,4000787030016,0,116,102037640,92,0,100,19,100,0,74,26203973,73,24079,100,0,100,19,100.0,0.0,100.0,0.0,100.0,0.0,100.0,0.0,100.0,0.0,78.0,22.0,100.0,0.0,100.0,0.0,61.0,79589.0,22,22,100,0,100,0,200,0,100.0,23790.0,100.0,22674806319.0,100.0,173958402522.0
2018-06-10,Z303ZR9R,ST4000DM000,4000787030016,0,116,106327016,92,0,100,19,100,0,74,26845326,73,24103,100,0,100,19,100.0,0.0,100.0,0.0,100.0,0.0,100.0,0.0,100.0,0.0,78.0,22.0,100.0,0.0,100.0,0.0,61.0,79589.0,22,22,100,0,100,0,200,0,100.0,23814.0,100.0,22676621542.0,100.0,173991820094.0
2018-06-11,Z303ZR9R,ST4000DM000,4000787030016,0,111,34435720,92,0,100,19,100,0,74,27594816,73,24126,100,0,100,19,100.0,0.0,100.0,0.0,100.0,0.0,100.0,0.0,100.0,0.0,77.0,23.0,100.0,0.0,100.0,0.0,61.0,79589.0,23,23,100,0,100,0,200,0,100.0,23838.0,100.0,22678426407.0,100.0,174093610369.0
2018-06-12,Z303ZR9R,ST4000DM000,4000787030016,0,114,76078144,92,0,100,19,100,0,74,28272325,73,24151,100,0,100,19,100.0,0.0,100.0,0.0,100.0,0.0,100.0,0.0,100.0,0.0,77.0,23.0,100.0,0.0,100.0,0.0,61.0,79589.0,23,23,100,0,100,0,200,0,100.0,23862.0,100.0,22680542620.0,100.0,174124665359.0
2018-06-13,Z303ZR9R,ST4000DM000,4000787030016,0,112,43394584,92,0,100,19,100,0,74,28918323,73,24175,100,0,100,19,100.0,0.0,100.0,0.0,100.0,0.0,100.0,0.0,100.0,0.0,77.0,23.0,100.0,0.0,100.0,0.0,61.0,79589.0,23,23,100,0,100,0,200,0,100.0,23886.0,100.0,22682470803.0,100.0,174156156476.0
2018-06-14,Z303ZR9R,ST4000DM000,4000787030016,0,119,215816024,92,0,100,19,100,0,75,29811435,73,24199,100,0,100,19,100.0,0.0,100.0,0.0,100.0,0.0,100.0,0.0,100.0,0.0,78.0,22.0,100.0,0.0,100.0,0.0,61.0,79589.0,22,22,100,0,100,0,200,0,100.0,23911.0,100.0,22684916674.0,100.0,174192213579.0
2018-06-15,Z303ZR9R,ST4000DM000,4000787030016,0,118.0,198556720.0,92.0,0.0,100.0,19.0,100.0,0.0,75.0,30925827.0,73.0,24223.0,100.0,0.0,100.0,19.0,100.0,0.0,100.0,0.0,100.0,0.0,100.0,0.0,100.0,0.0,77.0,23.0,100.0,0.0,100.0,0.0,61.0,79592.0,23.0,23.0,100.0,0.0,100.0,0.0,200.0,0.0,100.0,23935.0,100.0,22687631823.0,100.0,174244300983.0
2018-06-16,Z303ZR9R,ST4000DM000,4000787030016,0,113.0,57977144.0,92.0,0.0,100.0,19.0,100.0,0.0,75.0,31973626.0,73.0,24247.0,100.0,0.0,100.0,19.0,100.0,0.0,100.0,0.0,100.0,0.0,100.0,0.0,100.0,0.0,77.0,23.0,100.0,0.0,100.0,0.0,61.0,79592.0,23.0,23.0,100.0,0.0,100.0,0.0,200.0,0.0,100.0,23958.0,100.0,22690227229.0,100.0,174293583665.0
2018-06-17,Z303ZR9R,ST4000DM000,4000787030016,0,119.0,211138712.0,92.0,0.0,100.0,19.0,100.0,0.0,75.0,32954841.0,73.0,24271.0,100.0,0.0,100.0,19.0,100.0,0.0,100.0,0.0,100.0,0.0,100.0,0.0,100.0,0.0,77.0,23.0,100.0,0.0,100.0,0.0,61.0,79592.0,23.0,23.0,100.0,0.0,100.0,0.0,200.0,0.0,100.0,23983.0,100.0,22692553473.0,100.0,174335446712.0
2018-06-18,Z303ZR9R,ST4000DM000,4000787030016,0,108.0,15978472.0,92.0,0.0,100.0,19.0,100.0,0.0,75.0,33750609.0,73.0,24295.0,100.0,0.0,100.0,19.0,100.0,0.0,100.0,0.0,100.0,0.0,100.0,0.0,100.0,0.0,77.0,23.0,100.0,0.0,100.0,0.0,61.0,79592.0,23.0,23.0,100.0,0.0,100.0,0.0,200.0,0.0,100.0,24007.0,100.0,22695195671.0,100.0,174375288764.0
2018-06-19,Z303ZR9R,ST4000DM000,4000787030016,0,116,111460088,92,0,100,19,100,0,75,34445510,73,24319,100,0,100,19,100.0,0.0,100.0,0.0,100.0,0.0,100.0,0.0,100.0,0.0,77.0,23.0,100.0,0.0,100.0,0.0,61.0,79592.0,23,23,100,0,100,0,200,0,100.0,24030.0,100.0,22697248297.0,100.0,174409905092.0
2018-06-20,Z303ZR9R,ST4000DM000,4000787030016,0,115,86985680,92,0,100,19,100,0,75,35083887,73,24343,100,0,100,19,100.0,0.0,100.0,0.0,100.0,0.0,100.0,0.0,100.0,0.0,78.0,22.0,100.0,0.0,100.0,0.0,61.0,79592.0,22,22,100,0,100,0,200,0,100.0,24054.0,100.0,22699246926.0,100.0,174441495419.0
2018-06-21,Z303ZR9R,ST4000DM000,4000787030016,0,118,184700832,92,0,100,19,100,0,75,35795747,73,24367,100,0,100,19,100.0,0.0,100.0,0.0,100.0,0.0,100.0,0.0,100.0,0.0,78.0,22.0,100.0,0.0,100.0,0.0,61.0,79592.0,22,22,100,0,100,0,200,0,100.0,24079.0,100.0,22702092851.0,100.0,174476918398.0
2018-06-22,Z303ZR9R,ST4000DM000,4000787030016,0,115,97303424,92,0,100,19,100,0,75,36416625,73,24391,100,0,100,19,100.0,0.0,100.0,0.0,100.0,0.0,100.0,0.0,100.0,0.0,78.0,22.0,100.0,0.0,100.0,0.0,61.0,79596.0,22,22,100,0,100,0,200,0,100.0,24102.0,100.0,22703932878.0,100.0,174513764874.0
2018-06-23,Z303ZR9R,ST4000DM000,4000787030016,0,118,200719616,92,0,100,19,100,0,75,37128969,73,24415,100,0,100,19,100.0,0.0,100.0,0.0,100.0,0.0,100.0,0.0,100.0,0.0,78.0,22.0,100.0,0.0,100.0,0.0,61.0,79596.0,22,22,100,0,100,0,200,0,100.0,24126.0,100.0,22705989100.0,100.0,174544002542.0
2018-06-24,Z303ZR9R,ST4000DM000,4000787030016,0,111,32339104,92,0,100,19,100,0,75,37827841,73,24439,100,0,100,19,100.0,0.0,100.0,0.0,100.0,0.0,100.0,0.0,100.0,0.0,78.0,22.0,100.0,0.0,100.0,0.0,61.0,79596.0,22,22,100,0,100,0,200,0,100.0,24151.0,100.0,22708052128.0,100.0,174577644999.0
2018-06-25,Z303ZR9R,ST4000DM000,4000787030016,0,115,98060616,92,0,100,19,100,0,75,38523398,73,24463,100,0,100,19,100.0,0.0,100.0,0.0,100.0,0.0,100.0,0.0,100.0,0.0,78.0,22.0,100.0,0.0,100.0,0.0,61.0,79596.0,22,22,100,0,100,0,200,0,100.0,24175.0,100.0,22710073742.0,100.0,174610193944.0
2018-06-26,Z303ZR9R,ST4000DM000,4000787030016,0,117,122974128,92,0,100,19,100,0,75,39187251,73,24487,100,0,100,19,100.0,0.0,100.0,0.0,100.0,0.0,100.0,0.0,100.0,0.0,78.0,22.0,100.0,0.0,100.0,0.0,61.0,79596.0,22,22,100,0,100,0,200,0,100.0,24198.0,100.0,22712025159.0,100.0,174645620871.0
2018-06-27,Z303ZR9R,ST4000DM000,4000787030016,0,117,139811832,92,0,100,19,100,0,75,39866579,73,24511,100,0,100,19,100.0,0.0,100.0,0.0,100.0,0.0,100.0,0.0,100.0,0.0,78.0,22.0,100.0,0.0,100.0,0.0,61.0,79596.0,22,22,100,0,100,0,200,0,100.0,24223.0,100.0,22714067852.0,100.0,174677388077.0
2018-06-28,Z303ZR9R,ST4000DM000,4000787030016,0,118,200581560,92,0,100,19,100,0,75,40552154,72,24535,100,0,100,19,100.0,0.0,100.0,0.0,100.0,0.0,100.0,0.0,100.0,0.0,78.0,22.0,100.0,0.0,100.0,0.0,61.0,79596.0,22,22,100,0,100,0,200,0,100.0,24247.0,100.0,22716054626.0,100.0,174708043730.0
2018-06-29,Z303ZR9R,ST4000DM000,4000787030016,0,107,14146472,92,0,100,19,100,0,75,41240812,72,24559,100,0,100,19,100.0,0.0,100.0,0.0,100.0,0.0,100.0,0.0,100.0,0.0,78.0,22.0,100.0,0.0,100.0,0.0,61.0,79596.0,22,22,100,0,100,0,200,0,100.0,24270.0,100.0,22718068106.0,100.0,174740892373.0
2018-06-30,Z303ZR9R,ST4000DM000,4000787030016,0,114,63777072,92,0,100,19,100,0,76,42305597,72,24584,100,0,100,19,100.0,0.0,100.0,0.0,100.0,0.0,100.0,0.0,100.0,0.0,78.0,22.0,100.0,0.0,100.0,0.0,61.0,79596.0,22,22,100,0,100,0,200,0,100.0,24296.0,100.0,22720893806.0,100.0,174784123916.0
2018-07-01,Z303ZR9R,ST4000DM000,4000787030016,0,119,234525352,92,0,100,19,100,0,76,43402587,72,24608,100,0,100,19,100.0,0.0,100.0,0.0,100.0,0.0,100.0,0.0,100.0,0.0,78.0,22.0,100.0,0.0,100.0,0.0,61.0,79596.0,22,22,100,0,100,0,200,0,100.0,24320.0,100.0,22723589312.0,100.0,174827078721.0
2018-07-02,Z303ZR9R,ST4000DM000,4000787030016,0,117,148487848,92,0,100,19,100,0,76,44260783,72,24632,100,0,100,19,100.0,0.0,100.0,0.0,100.0,0.0,100.0,0.0,100.0,0.0,78.0,22.0,100.0,0.0,100.0,0.0,61.0,79596.0,22,22,100,0,100,0,200,0,100.0,24343.0,100.0,22725809372.0,100.0,174863492042.0
2018-07-03,Z303ZR9R,ST4000DM000,4000787030016,0,114,63539144,92,0,100,19,100,0,76,44984220,72,24656,100,0,100,19,100.0,0.0,100.0,0.0,100.0,0.0,100.0,0.0,100.0,0.0,78.0,22.0,100.0,0.0,100.0,0.0,61.0,79596.0,22,22,100,0,100,0,200,0,100.0,24368.0,100.0,22727803901.0,100.0,174896728981.0
2018-07-04,Z303ZR9R,ST4000DM000,4000787030016,0,118,176122520,92,0,100,19,100,0,76,45689961,72,24680,100,0,100,19,100.0,0.0,100.0,0.0,100.0,0.0,100.0,0.0,100.0,0.0,77.0,23.0,100.0,0.0,100.0,0.0,61.0,79596.0,23,23,100,0,100,0,200,0,100.0,24392.0,100.0,22729833862.0,100.0,174934866250.0
2018-07-05,Z303ZR9R,ST4000DM000,4000787030016,0,108,20194296,92,0,100,19,100,0,76,46388461,72,24704,100,0,100,19,100.0,0.0,100.0,0.0,100.0,0.0,100.0,0.0,100.0,0.0,78.0,22.0,100.0,0.0,100.0,0.0,61.0,79596.0,22,22,100,0,100,0,200,0,100.0,24415.0,100.0,22732515615.0,100.0,174964779283.0
2018-07-06,Z303ZR9R,ST4000DM000,4000787030016,0,119,215144648,92,0,100,19,100,0,76,47143942,72,24728,100,0,100,19,100.0,0.0,100.0,0.0,100.0,0.0,100.0,0.0,100.0,0.0,78.0,22.0,100.0,0.0,100.0,0.0,61.0,79598.0,22,22,100,0,100,0,200,0,100.0,24439.0,100.0,22734727889.0,100.0,174997052141.0
2018-07-07,Z303ZR9R,ST4000DM000,4000787030016,0,115,87516792,92,0,100,19,100,0,76,47863632,72,24752,100,0,100,19,100.0,0.0,100.0,0.0,100.0,0.0,100.0,0.0,100.0,0.0,78.0,22.0,100.0,0.0,100.0,0.0,61.0,79598.0,22,22,100,0,100,0,200,0,100.0,24464.0,100.0,22736911429.0,100.0,175028460614.0
2018-07-08,Z303ZR9R,ST4000DM000,4000787030016,0,114,69760488,92,0,100,19,100,0,76,48632017,72,24776,100,0,100,19,100.0,0.0,100.0,0.0,100.0,0.0,100.0,0.0,100.0,0.0,78.0,22.0,100.0,0.0,100.0,0.0,61.0,79598.0,22,22,100,0,100,0,200,0,100.0,24488.0,100.0,22739052775.0,100.0,175058774977.0
2018-07-09,Z303ZR9R,ST4000DM000,4000787030016,0,118,188674264,92,0,100,19,100,0,76,49323070,72,24800,100,0,100,19,100.0,0.0,100.0,0.0,100.0,0.0,100.0,0.0,100.0,0.0,78.0,22.0,100.0,0.0,100.0,0.0,61.0,79598.0,22,22,100,0,100,0,200,0,100.0,24511.0,100.0,22741001492.0,100.0,175100263835.0
2018-07-10,Z303ZR9R,ST4000DM000,4000787030016,0,114.0,73860512.0,92.0,0.0,100.0,19.0,100.0,0.0,76.0,50055935.0,72.0,24824.0,100.0,0.0,100.0,19.0,100.0,0.0,100.0,0.0,100.0,0.0,100.0,0.0,100.0,0.0,78.0,22.0,100.0,0.0,100.0,0.0,61.0,79598.0,22.0,22.0,100.0,0.0,100.0,0.0,200.0,0.0,100.0,24536.0,100.0,22743141901.0,100.0,175131043910.0
2018-07-11,Z303ZR9R,ST4000DM000,4000787030016,0,118,177606272,92,0,100,19,100,0,77,50756909,72,24848,100,0,100,19,100.0,0.0,100.0,0.0,100.0,0.0,100.0,0.0,100.0,0.0,79.0,21.0,100.0,0.0,100.0,0.0,61.0,79598.0,21,21,100,0,100,0,200,0,100.0,24560.0,100.0,22745176446.0,100.0,175160021652.0
2018-07-12,Z303ZR9R,ST4000DM000,4000787030016,0,119,233461608,92,0,100,19,100,0,77,51450600,72,24869,100,0,100,19,100.0,0.0,100.0,0.0,100.0,0.0,100.0,0.0,100.0,0.0,77.0,23.0,100.0,0.0,100.0,0.0,61.0,79598.0,23,23,100,0,100,0,200,0,100.0,24581.0,100.0,22747151704.0,100.0,175187652484.0
2018-07-13,Z303ZR9R,ST4000DM000,4000787030016,0,114,67905776,92,0,100,19,100,0,77,52595819,72,24894,100,0,100,19,100.0,0.0,100.0,0.0,100.0,0.0,100.0,0.0,100.0,0.0,78.0,22.0,100.0,0.0,100.0,0.0,61.0,79598.0,22,22,100,0,100,0,200,0,100.0,24605.0,100.0,22749843419.0,100.0,175237332107.0
2018-07-14,Z303ZR9R,ST4000DM000,4000787030016,0,119,207476672,92,0,100,19,100,0,77,53554284,72,24918,100,0,100,19,100.0,0.0,100.0,0.0,100.0,0.0,100.0,0.0,100.0,0.0,77.0,23.0,100.0,0.0,100.0,0.0,61.0,79598.0,23,23,100,0,100,0,200,0,100.0,24630.0,100.0,22752192999.0,100.0,175279535077.0
2018-07-15,Z303ZR9R,ST4000DM000,4000787030016,0,120,236224584,92,0,100,19,100,0,77,54328052,72,24942,100,0,100,19,100.0,0.0,100.0,0.0,100.0,0.0,100.0,0.0,100.0,0.0,78.0,22.0,100.0,0.0,100.0,0.0,61.0,79598.0,22,22,100,0,100,0,200,0,100.0,24653.0,100.0,22754396228.0,100.0,175330096574.0
2018-07-16,Z303ZR9R,ST4000DM000,4000787030016,0,119,215311064,92,0,100,19,100,0,77,54980058,72,24966,100,0,100,19,100.0,0.0,100.0,0.0,100.0,0.0,100.0,0.0,100.0,0.0,77.0,23.0,100.0,0.0,100.0,0.0,61.0,79598.0,23,23,100,0,100,0,200,0,100.0,24677.0,100.0,22756348703.0,100.0,175360841165.0
2018-07-17,Z303ZR9R,ST4000DM000,4000787030016,0,114,67260024,92,0,100,19,100,0,77,55675485,72,24990,100,0,100,19,100.0,0.0,100.0,0.0,100.0,0.0,100.0,0.0,100.0,0.0,78.0,22.0,100.0,0.0,100.0,0.0,61.0,79598.0,22,22,100,0,100,0,200,0,100.0,24702.0,100.0,22758450858.0,100.0,175399281118.0
2018-07-18,Z303ZR9R,ST4000DM000,4000787030016,0,118,184025936,92,0,100,19,100,0,77,56383962,72,25014,100,0,100,19,100.0,0.0,100.0,0.0,100.0,0.0,100.0,0.0,100.0,0.0,77.0,23.0,100.0,0.0,100.0,0.0,61.0,79598.0,23,23,100,0,100,0,200,0,100.0,24726.0,100.0,22760471644.0,100.0,175433653707.0
2018-07-19,Z303ZR9R,ST4000DM000,4000787030016,0,119,205834096,92,0,100,19,100,0,77,57139632,72,25038,100,0,100,19,100.0,0.0,100.0,0.0,100.0,0.0,100.0,0.0,100.0,0.0,77.0,23.0,100.0,0.0,100.0,0.0,61.0,79598.0,23,23,100,0,100,0,200,0,100.0,24749.0,100.0,22762619288.0,100.0,175476714142.0
2018-07-20,Z303ZR9R,ST4000DM000,4000787030016,0,118,191060200,92,0,100,19,100,0,77,57792731,72,25062,100,0,100,19,100.0,0.0,100.0,0.0,100.0,0.0,100.0,0.0,100.0,0.0,78.0,22.0,100.0,0.0,100.0,0.0,61.0,79598.0,22,22,100,0,100,0,200,0,100.0,24774.0,100.0,22764544775.0,100.0,175508933455.0
2018-07-21,Z303ZR9R,ST4000DM000,4000787030016,0,114,60212840,92,0,100,19,100,0,77,58403490,72,25086,100,0,100,19,100.0,0.0,100.0,0.0,100.0,0.0,100.0,0.0,100.0,0.0,78.0,22.0,100.0,0.0,100.0,0.0,61.0,79598.0,22,22,100,0,100,0,200,0,100.0,24798.0,100.0,22766441362.0,100.0,175539489069.0
2018-07-22,Z303ZR9R,ST4000DM000,4000787030016,0,116,116563640,92,0,100,19,100,0,78,59101237,72,25110,100,0,100,19,100.0,0.0,100.0,0.0,100.0,0.0,100.0,0.0,100.0,0.0,78.0,22.0,100.0,0.0,100.0,0.0,61.0,79598.0,22,22,100,0,100,0,200,0,100.0,24821.0,100.0,22768743284.0,100.0,175570855627.0
2018-07-23,Z303ZR9R,ST4000DM000,4000787030016,0,119,220267576,92,0,100,19,100,0,78,59814754,72,25134,100,0,100,19,100.0,0.0,100.0,0.0,100.0,0.0,100.0,0.0,100.0,0.0,78.0,22.0,100.0,0.0,100.0,0.0,61.0,79598.0,22,22,100,0,100,0,200,0,100.0,24846.0,100.0,22770835840.0,100.0,175604275323.0
2018-07-24,Z303ZR9R,ST4000DM000,4000787030016,0,105,9207544,92,0,100,19,100,0,78,60487627,72,25158,100,0,100,19,100.0,0.0,100.0,0.0,100.0,0.0,100.0,0.0,100.0,0.0,77.0,23.0,100.0,0.0,100.0,0.0,61.0,79598.0,23,23,100,0,100,0,200,0,100.0,24870.0,100.0,22772812841.0,100.0,175637229454.0
2018-07-25,Z303ZR9R,ST4000DM000,4000787030016,0,120.0,242423520.0,92.0,0.0,100.0,19.0,100.0,0.0,78.0,61145454.0,72.0,25182.0,100.0,0.0,100.0,19.0,100.0,0.0,100.0,0.0,100.0,0.0,100.0,0.0,100.0,0.0,78.0,22.0,100.0,0.0,100.0,0.0,61.0,79598.0,22.0,22.0,100.0,0.0,100.0,0.0,200.0,0.0,100.0,24893.0,100.0,22774776192.0,100.0,175667057646.0
2018-07-26,Z303ZR9R,ST4000DM000,4000787030016,0,115,89846104,92,0,100,19,100,0,78,61863203,72,25206,100,0,100,19,100.0,0.0,100.0,0.0,100.0,0.0,100.0,0.0,100.0,0.0,78.0,22.0,100.0,0.0,100.0,0.0,61.0,79598.0,22,22,100,0,100,0,200,0,100.0,24917.0,100.0,22777196543.0,100.0,175766872724.0
2018-07-27,Z303ZR9R,ST4000DM000,4000787030016,0,113,51502104,92,0,100,19,100,0,78,62763449,72,25231,100,0,100,19,100.0,0.0,100.0,0.0,100.0,0.0,100.0,0.0,100.0,0.0,78.0,22.0,100.0,0.0,100.0,0.0,61.0,79598.0,22,22,100,0,100,0,200,0,100.0,24942.0,100.0,22779646584.0,100.0,175803821190.0
2018-07-28,Z303ZR9R,ST4000DM000,4000787030016,0,112,49134016,92,0,100,19,100,0,78,63895101,72,25255,100,0,100,19,100.0,0.0,100.0,0.0,100.0,0.0,100.0,0.0,100.0,0.0,77.0,23.0,100.0,0.0,100.0,0.0,61.0,79598.0,23,23,100,0,100,0,200,0,100.0,24967.0,100.0,22782217302.0,100.0,175847140460.0
2018-07-29,Z303ZR9R,ST4000DM000,4000787030016,0,111,35864600,92,0,100,19,100,0,78,64874674,72,25279,100,0,100,19,100.0,0.0,100.0,0.0,100.0,0.0,100.0,0.0,100.0,0.0,78.0,22.0,100.0,0.0,100.0,0.0,61.0,79598.0,22,22,100,0,100,0,200,0,100.0,24990.0,100.0,22786316037.0,100.0,175902968563.0
2018-07-30,Z303ZR9R,ST4000DM000,4000787030016,0,117,134462416,92,0,100,19,100,0,78,65819476,72,25303,100,0,100,19,100.0,0.0,100.0,0.0,100.0,0.0,100.0,0.0,100.0,0.0,78.0,22.0,100.0,0.0,100.0,0.0,61.0,79598.0,22,22,100,0,100,0,200,0,100.0,25014.0,100.0,22788681012.0,100.0,175943788373.0
2018-07-31,Z303ZR9R,ST4000DM000,4000787030016,0,116,115305960,92,0,100,19,100,0,78,66578756,72,25327,100,0,100,19,100.0,0.0,100.0,0.0,100.0,0.0,100.0,0.0,100.0,0.0,77.0,23.0,100.0,0.0,100.0,0.0,61.0,79598.0,23,23,100,0,100,0,200,0,100.0,25039.0,100.0,22791608395.0,100.0,175988404223.0
2018-08-01,Z303ZR9R,ST4000DM000,4000787030016,0,120,242179800,92,0,100,19,100,0,78,67288364,72,25351,100,0,100,19,100.0,0.0,100.0,0.0,100.0,0.0,100.0,0.0,100.0,0.0,77.0,23.0,100.0,0.0,100.0,0.0,61.0,79598.0,23,23,100,0,100,0,200,0,100.0,25062.0,100.0,22793653094.0,100.0,176032384609.0
2018-08-02,Z303ZR9R,ST4000DM000,4000787030016,0,105,8856984,92,0,100,19,100,0,78,67957369,72,25375,100,0,100,19,100.0,0.0,100.0,0.0,100.0,0.0,100.0,0.0,100.0,0.0,77.0,23.0,100.0,0.0,100.0,0.0,61.0,79598.0,23,23,100,0,100,0,200,0,100.0,25086.0,100.0,22795689010.0,100.0,176068580711.0
2018-08-03,Z303ZR9R,ST4000DM000,4000787030016,0,111,40204480,92,0,100,19,100,0,78,68637174,72,25399,100,0,100,19,100.0,0.0,100.0,0.0,100.0,0.0,100.0,0.0,100.0,0.0,78.0,22.0,100.0,0.0,100.0,0.0,61.0,79598.0,22,22,100,0,100,0,200,0,100.0,25111.0,100.0,22797740616.0,100.0,176103003652.0
2018-08-04,Z303ZR9R,ST4000DM000,4000787030016,0,120,1796200,92,0,100,19,100,0,78,69277576,71,25423,100,0,100,19,100.0,0.0,100.0,0.0,100.0,0.0,100.0,0.0,100.0,0.0,77.0,23.0,100.0,0.0,100.0,0.0,61.0,79598.0,23,23,100,0,100,0,200,0,100.0,25135.0,100.0,22799657160.0,100.0,176133308521.0
2018-08-05,Z303ZR9R,ST4000DM000,4000787030016,0,119,205515552,92,0,100,19,100,0,78,69923555,71,25447,100,0,100,19,100.0,0.0,100.0,0.0,100.0,0.0,100.0,0.0,100.0,0.0,77.0,23.0,100.0,0.0,100.0,0.0,61.0,79598.0,23,23,100,0,100,0,200,0,100.0,25158.0,100.0,22801597594.0,100.0,176164845504.0
2018-08-06,Z303ZR9R,ST4000DM000,4000787030016,0,119,214430712,92,0,100,19,100,0,78,70588354,71,25471,100,0,100,19,100.0,0.0,100.0,0.0,100.0,0.0,100.0,0.0,100.0,0.0,78.0,22.0,100.0,0.0,100.0,0.0,61.0,79598.0,22,22,100,0,100,0,200,0,100.0,25183.0,100.0,22803548534.0,100.0,176198740186.0
2018-08-07,Z303ZR9R,ST4000DM000,4000787030016,0,117,147538016,92,0,100,19,100,0,78,71215145,71,25495,100,0,100,19,100.0,0.0,100.0,0.0,100.0,0.0,100.0,0.0,100.0,0.0,78.0,22.0,100.0,0.0,100.0,0.0,61.0,79598.0,22,22,100,0,100,0,200,0,100.0,25207.0,100.0,22805526531.0,100.0,176230117647.0
2018-08-08,Z303ZR9R,ST4000DM000,4000787030016,0,116,112544104,92,0,100,19,100,0,78,71867328,71,25519,100,0,100,19,100.0,0.0,100.0,0.0,100.0,0.0,100.0,0.0,100.0,0.0,79.0,21.0,100.0,0.0,100.0,0.0,61.0,79598.0,21,21,100,0,100,0,200,0,100.0,25230.0,100.0,22807530614.0,100.0,176260902357.0
2018-08-09,Z303ZR9R,ST4000DM000,4000787030016,0,118,195728184,92,0,100,19,100,0,78,72828270,71,25545,100,0,100,19,100.0,0.0,100.0,0.0,100.0,0.0,100.0,0.0,100.0,0.0,78.0,22.0,100.0,0.0,100.0,0.0,61.0,79598.0,22,22,100,0,100,0,200,0,100.0,25256.0,100.0,22811479599.0,100.0,176302893200.0
2018-08-10,Z303ZR9R,ST4000DM000,4000787030016,0,117,151326664,92,0,100,19,100,0,78,73913489,71,25568,100,0,100,19,100.0,0.0,100.0,0.0,100.0,0.0,100.0,0.0,100.0,0.0,77.0,23.0,100.0,0.0,100.0,0.0,61.0,79598.0,23,23,100,0,100,0,200,0,100.0,25280.0,100.0,22814371214.0,100.0,176374518437.0
2018-08-11,Z303ZR9R,ST4000DM000,4000787030016,0,114,60303248,92,0,100,19,100,0,78,74978970,71,25592,100,0,100,19,100.0,0.0,100.0,0.0,100.0,0.0,100.0,0.0,100.0,0.0,78.0,22.0,100.0,0.0,100.0,0.0,61.0,79598.0,22,22,100,0,100,0,200,0,100.0,25304.0,100.0,22816812602.0,100.0,176421418234.0
2018-08-12,Z303ZR9R,ST4000DM000,4000787030016,0,119,204428208,92,0,100,19,100,0,78,76079426,71,25617,100,0,100,19,100.0,0.0,100.0,0.0,100.0,0.0,100.0,0.0,100.0,0.0,78.0,22.0,100.0,0.0,100.0,0.0,61.0,79598.0,22,22,100,0,100,0,200,0,100.0,25328.0,100.0,22819423750.0,100.0,176462179263.0
2018-08-13,Z303ZR9R,ST4000DM000,4000787030016,0,117,157233432,92,0,100,19,100,0,78,77065476,71,25640,100,0,100,19,100.0,0.0,100.0,0.0,100.0,0.0,100.0,0.0,100.0,0.0,78.0,22.0,100.0,0.0,100.0,0.0,61.0,79598.0,22,22,100,0,100,0,200,0,100.0,25352.0,100.0,22822061100.0,100.0,176502195743.0
2018-08-14,Z303ZR9R,ST4000DM000,4000787030016,0,113.0,57123296.0,92.0,0.0,100.0,19.0,100.0,0.0,78.0,78008741.0,71.0,25664.0,100.0,0.0,100.0,19.0,100.0,0.0,100.0,0.0,100.0,0.0,100.0,0.0,100.0,0.0,78.0,22.0,100.0,0.0,100.0,0.0,61.0,79598.0,22.0,22.0,100.0,0.0,100.0,0.0,200.0,0.0,100.0,25376.0,100.0,22824887084.0,100.0,176553804623.0
2018-08-15,Z303ZR9R,ST4000DM000,4000787030016,0,119.0,224745720.0,92.0,0.0,100.0,19.0,100.0,0.0,78.0,78897061.0,71.0,25686.0,100.0,0.0,100.0,19.0,100.0,0.0,100.0,0.0,100.0,0.0,100.0,0.0,100.0,0.0,78.0,22.0,100.0,0.0,100.0,0.0,61.0,79600.0,22.0,22.0,100.0,0.0,100.0,0.0,200.0,0.0,100.0,25398.0,100.0,22827317597.0,100.0,176588183598.0
2018-08-16,Z303ZR9R,ST4000DM000,4000787030016,0,119,219118936,92,0,100,19,100,0,78,79973084,71,25710,100,0,100,19,100.0,0.0,100.0,0.0,100.0,0.0,100.0,0.0,100.0,0.0,78.0,22.0,100.0,0.0,100.0,0.0,61.0,79600.0,22,22,100,0,100,0,200,0,100.0,25422.0,100.0,22830050035.0,100.0,176654728517.0
2018-08-17,Z303ZR9R,ST4000DM000,4000787030016,0,117,141061624,92,0,100,19,100,0,78,81077484,71,25735,100,0,100,19,100.0,0.0,100.0,0.0,100.0,0.0,100.0,0.0,100.0,0.0,77.0,23.0,100.0,0.0,100.0,0.0,61.0,79604.0,23,23,100,0,100,0,200,0,100.0,25446.0,100.0,22832900864.0,100.0,176700612942.0
2018-08-18,Z303ZR9R,ST4000DM000,4000787030016,0,117,127207032,92,0,100,19,100,0,78,82095788,71,25759,100,0,100,19,100.0,0.0,100.0,0.0,100.0,0.0,100.0,0.0,100.0,0.0,78.0,22.0,100.0,0.0,100.0,0.0,61.0,79604.0,22,22,100,0,100,0,200,0,100.0,25470.0,100.0,22835476539.0,100.0,176740331059.0
2018-08-19,Z303ZR9R,ST4000DM000,4000787030016,0,112,45415776,92,0,100,19,100,0,78,83071744,71,25782,100,0,100,19,100.0,0.0,100.0,0.0,100.0,0.0,100.0,0.0,100.0,0.0,78.0,22.0,100.0,0.0,100.0,0.0,61.0,79604.0,22,22,100,0,100,0,200,0,100.0,25494.0,100.0,22837800583.0,100.0,176784256484.0
2018-08-20,Z303ZR9R,ST4000DM000,4000787030016,0,119,212126216,92,0,100,19,100,0,79,83940057,71,25807,100,0,100,19,100.0,0.0,100.0,0.0,100.0,0.0,100.0,0.0,100.0,0.0,78.0,22.0,100.0,0.0,100.0,0.0,61.0,79604.0,22,22,100,0,100,0,200,0,100.0,25518.0,100.0,22840391267.0,100.0,176822061908.0
2018-08-21,Z303ZR9R,ST4000DM000,4000787030016,0,118,173757576,92,0,100,19,100,0,79,84579912,71,25831,100,0,100,19,100.0,0.0,100.0,0.0,100.0,0.0,100.0,0.0,100.0,0.0,78.0,22.0,100.0,0.0,100.0,0.0,61.0,79604.0,22,22,100,0,100,0,200,0,100.0,25542.0,100.0,22842321735.0,100.0,176856628316.0
2018-08-22,Z303ZR9R,ST4000DM000,4000787030016,0,119,216747688,92,0,100,19,100,0,79,85264623,71,25854,100,0,100,19,100.0,0.0,100.0,0.0,100.0,0.0,100.0,0.0,100.0,0.0,78.0,22.0,100.0,0.0,100.0,0.0,61.0,79604.0,22,22,100,0,100,0,200,0,100.0,25566.0,100.0,22844511127.0,100.0,176886586013.0
2018-08-23,Z303ZR9R,ST4000DM000,4000787030016,0,119,202077256,92,0,100,19,100,0,79,85908849,71,25878,100,0,100,19,100.0,0.0,100.0,0.0,100.0,0.0,100.0,0.0,100.0,0.0,78.0,22.0,100.0,0.0,100.0,0.0,61.0,79604.0,22,22,100,0,100,0,200,0,100.0,25590.0,100.0,22846414853.0,100.0,176918820447.0
2018-08-24,Z303ZR9R,ST4000DM000,4000787030016,0,114,72691360,92,0,100,19,100,0,79,86616263,71,25903,100,0,100,19,100.0,0.0,100.0,0.0,100.0,0.0,100.0,0.0,100.0,0.0,78.0,22.0,100.0,0.0,100.0,0.0,61.0,79604.0,22,22,100,0,100,0,200,0,100.0,25614.0,100.0,22848471831.0,100.0,176951794204.0
2018-08-25,Z303ZR9R,ST4000DM000,4000787030016,0,115,93679144,92,0,100,19,100,0,79,87277698,71,25926,100,0,100,19,100.0,0.0,100.0,0.0,100.0,0.0,100.0,0.0,100.0,0.0,78.0,22.0,100.0,0.0,100.0,0.0,61.0,79604.0,22,22,100,0,100,0,200,0,100.0,25638.0,100.0,22850437471.0,100.0,176985373888.0
2018-08-26,Z303ZR9R,ST4000DM000,4000787030016,0,113,56646352,92,0,100,19,100,0,79,87917911,71,25950,100,0,100,19,100.0,0.0,100.0,0.0,100.0,0.0,100.0,0.0,100.0,0.0,78.0,22.0,100.0,0.0,100.0,0.0,61.0,79604.0,22,22,100,0,100,0,200,0,100.0,25662.0,100.0,22852400278.0,100.0,177016153394.0
2018-08-27,Z303ZR9R,ST4000DM000,4000787030016,0,116,105881184,92,0,100,19,100,0,79,88609433,71,25975,100,0,100,19,100.0,0.0,100.0,0.0,100.0,0.0,100.0,0.0,100.0,0.0,78.0,22.0,100.0,0.0,100.0,0.0,61.0,79604.0,22,22,100,0,100,0,200,0,100.0,25686.0,100.0,22854472898.0,100.0,177046298680.0
2018-08-28,Z303ZR9R,ST4000DM000,4000787030016,0,115,88446040,92,0,100,19,100,0,79,89260893,71,25999,100,0,100,19,100.0,0.0,100.0,0.0,100.0,0.0,100.0,0.0,100.0,0.0,78.0,22.0,100.0,0.0,100.0,0.0,61.0,79604.0,22,22,100,0,100,0,200,0,100.0,25710.0,100.0,22856466637.0,100.0,177080499363.0
2018-08-29,Z303ZR9R,ST4000DM000,4000787030016,0,115,85150800,92,0,100,19,100,0,79,89922104,71,26022,100,0,100,19,100.0,0.0,100.0,0.0,100.0,0.0,100.0,0.0,100.0,0.0,78.0,22.0,100.0,0.0,100.0,0.0,61.0,79604.0,22,22,100,0,100,0,200,0,100.0,25734.0,100.0,22858512237.0,100.0,177111082475.0
2018-08-30,Z303ZR9R,ST4000DM000,4000787030016,0,117,149731384,92,0,100,19,100,0,79,90870118,71,26047,100,0,100,19,100.0,0.0,100.0,0.0,100.0,0.0,100.0,0.0,100.0,0.0,77.0,23.0,100.0,0.0,100.0,0.0,61.0,79604.0,23,23,100,0,100,0,200,0,100.0,25758.0,100.0,22861307873.0,100.0,177149762499.0
2018-08-31,Z303ZR9R,ST4000DM000,4000787030016,0,113,51008200,92,0,100,19,100,0,79,91949682,71,26071,100,0,100,19,100.0,0.0,100.0,0.0,100.0,0.0,100.0,0.0,100.0,0.0,77.0,23.0,100.0,0.0,100.0,0.0,61.0,79604.0,23,23,100,0,100,0,200,0,100.0,25782.0,100.0,22864117147.0,100.0,177192899566.0
2018-09-01,Z303ZR9R,ST4000DM000,4000787030016,0,113,55302288,92,0,100,19,100,0,79,92840295,71,26095,100,0,100,19,100.0,0.0,100.0,0.0,100.0,0.0,100.0,0.0,100.0,0.0,78.0,22.0,100.0,0.0,100.0,0.0,61.0,79604.0,22,22,100,0,100,0,200,0,100.0,25807.0,100.0,22866367905.0,100.0,177232696671.0
2018-09-02,Z303ZR9R,ST4000DM000,4000787030016,0,116,102016376,92,0,100,19,100,0,79,93523950,71,26119,100,0,100,19,100.0,0.0,100.0,0.0,100.0,0.0,100.0,0.0,100.0,0.0,78.0,22.0,100.0,0.0,100.0,0.0,61.0,79604.0,22,22,100,0,100,0,200,0,100.0,25830.0,100.0,22868419208.0,100.0,177266804071.0
2018-09-03,Z303ZR9R,ST4000DM000,4000787030016,0,118,183233832,92,0,100,19,100,0,79,94112017,71,26143,100,0,100,19,100.0,0.0,100.0,0.0,100.0,0.0,100.0,0.0,100.0,0.0,78.0,22.0,100.0,0.0,100.0,0.0,61.0,79604.0,22,22,100,0,100,0,200,0,100.0,25854.0,100.0,22870220284.0,100.0,177296454582.0
2018-09-04,Z303ZR9R,ST4000DM000,4000787030016,0,117,166886744,92,0,100,19,100,0,79,94765856,71,26167,100,0,100,19,100.0,0.0,100.0,0.0,100.0,0.0,100.0,0.0,100.0,0.0,77.0,23.0,100.0,0.0,100.0,0.0,61.0,79604.0,23,23,100,0,100,0,200,0,100.0,25879.0,100.0,22872168822.0,100.0,177330169616.0
2018-09-05,Z303ZR9R,ST4000DM000,4000787030016,0,115,93336216,92,0,100,19,100,0,79,95393907,71,26191,100,0,100,19,100.0,0.0,100.0,0.0,100.0,0.0,100.0,0.0,100.0,0.0,78.0,22.0,100.0,0.0,100.0,0.0,61.0,79604.0,22,22,100,0,100,0,200,0,100.0,25903.0,100.0,22874073211.0,100.0,177360143968.0
2018-09-06,Z303ZR9R,ST4000DM000,4000787030016,0,105,9924832,92,0,100,19,100,0,79,96281959,71,26216,100,0,100,19,100.0,0.0,100.0,0.0,100.0,0.0,100.0,0.0,100.0,0.0,77.0,23.0,100.0,0.0,100.0,0.0,61.0,79604.0,23,23,100,0,100,0,200,0,100.0,25927.0,100.0,22876625133.0,100.0,177394598263.0
2018-09-07,Z303ZR9R,ST4000DM000,4000787030016,0,120,236638592,92,0,100,19,100,0,79,97169719,71,26238,100,0,100,19,100.0,0.0,100.0,0.0,100.0,0.0,100.0,0.0,100.0,0.0,77.0,23.0,100.0,0.0,100.0,0.0,61.0,79604.0,23,23,100,0,100,0,200,0,100.0,25949.0,100.0,22879000715.0,100.0,177432513507.0
2018-09-08,Z303ZR9R,ST4000DM000,4000787030016,0,115,97744640,92,0,100,19,100,0,79,98214891,71,26262,100,0,100,19,100.0,0.0,100.0,0.0,100.0,0.0,100.0,0.0,100.0,0.0,77.0,23.0,100.0,0.0,100.0,0.0,61.0,79604.0,23,23,100,0,100,0,200,0,100.0,25973.0,100.0,22881597273.0,100.0,177484529280.0
2018-09-09,Z303ZR9R,ST4000DM000,4000787030016,0,115,98263272,92,0,100,19,100,0,79,99081531,70,26285,100,0,100,19,100.0,0.0,100.0,0.0,100.0,0.0,100.0,0.0,100.0,0.0,78.0,22.0,100.0,0.0,100.0,0.0,61.0,79604.0,22,22,100,0,100,0,200,0,100.0,25997.0,100.0,22883749988.0,100.0,177533995659.0
2018-09-10,Z303ZR9R,ST4000DM000,4000787030016,0,118,178501312,92,0,100,19,100,0,79,99774216,70,26309,100,0,100,19,100.0,0.0,100.0,0.0,100.0,0.0,100.0,0.0,100.0,0.0,78.0,22.0,100.0,0.0,100.0,0.0,61.0,79604.0,22,22,100,0,100,0,200,0,100.0,26021.0,100.0,22885802203.0,100.0,177570280151.0
2018-09-11,Z303ZR9R,ST4000DM000,4000787030016,0,112,45725344,92,0,100,19,100,0,79,100479590,70,26334,100,0,100,19,100.0,0.0,100.0,0.0,100.0,0.0,100.0,0.0,100.0,0.0,78.0,22.0,100.0,0.0,100.0,0.0,61.0,79604.0,22,22,100,0,100,0,200,0,100.0,26045.0,100.0,22887860134.0,100.0,177600733620.0
2018-09-12,Z303ZR9R,ST4000DM000,4000787030016,0,112,44847248,92,0,100,19,100,0,80,101142458,70,26358,100,0,100,19,100.0,0.0,100.0,0.0,100.0,0.0,100.0,0.0,100.0,0.0,78.0,22.0,100.0,0.0,100.0,0.0,61.0,79604.0,22,22,100,0,100,0,200,0,100.0,26069.0,100.0,22889851240.0,100.0,177629848391.0
2018-09-13,Z303ZR9R,ST4000DM000,4000787030016,0,118,185452960,92,0,100,19,100,0,80,102002469,70,26381,100,0,100,19,100.0,0.0,100.0,0.0,100.0,0.0,100.0,0.0,100.0,0.0,78.0,22.0,100.0,0.0,100.0,0.0,61.0,79604.0,22,22,100,0,100,0,200,0,100.0,26092.0,100.0,22892095847.0,100.0,177662632306.0
2018-09-14,Z303ZR9R,ST4000DM000,4000787030016,0,117,118486360,92,0,100,19,100,0,80,102969579,70,26404,100,0,100,19,100.0,0.0,100.0,0.0,100.0,0.0,100.0,0.0,100.0,0.0,78.0,22.0,100.0,0.0,100.0,0.0,61.0,79609.0,22,22,100,0,100,0,200,0,100.0,26116.0,100.0,22894648116.0,100.0,177708365206.0
2018-09-15,Z303ZR9R,ST4000DM000,4000787030016,0,106,12525896,92,0,100,19,100,0,80,103807870,70,26428,100,0,100,19,100.0,0.0,100.0,0.0,100.0,0.0,100.0,0.0,100.0,0.0,77.0,23.0,100.0,0.0,100.0,0.0,61.0,79609.0,23,23,100,0,100,0,200,0,100.0,26140.0,100.0,22897079752.0,100.0,177749220545.0
2018-09-16,Z303ZR9R,ST4000DM000,4000787030016,0,119,230688248,92,0,100,19,100,0,80,104664820,70,26453,100,0,100,19,100.0,0.0,100.0,0.0,100.0,0.0,100.0,0.0,100.0,0.0,77.0,23.0,100.0,0.0,100.0,0.0,61.0,79609.0,23,23,100,0,100,0,200,0,100.0,26164.0,100.0,22899311626.0,100.0,177797088757.0
2018-09-17,Z303ZR9R,ST4000DM000,4000787030016,0,109,22611488,92,0,100,19,100,0,80,105339575,70,26476,100,0,100,19,100.0,0.0,100.0,0.0,100.0,0.0,100.0,0.0,100.0,0.0,77.0,23.0,100.0,0.0,100.0,0.0,61.0,79609.0,23,23,100,0,100,0,200,0,100.0,26188.0,100.0,22901346991.0,100.0,177826731246.0
2018-09-18,Z303ZR9R,ST4000DM000,4000787030016,0,113,56723720,92,0,100,19,100,0,80,106018447,70,26500,100,0,100,19,100.0,0.0,100.0,0.0,100.0,0.0,100.0,0.0,100.0,0.0,77.0,23.0,100.0,0.0,100.0,0.0,61.0,79609.0,23,23,100,0,100,0,200,0,100.0,26212.0,100.0,22903326680.0,100.0,177855406257.0
2018-09-19,Z303ZR9R,ST4000DM000,4000787030016,0,113,54368368,92,0,100,19,100,0,80,106674858,70,26525,100,0,100,19,100.0,0.0,100.0,0.0,100.0,0.0,100.0,0.0,100.0,0.0,77.0,23.0,100.0,0.0,100.0,0.0,61.0,79609.0,23,23,100,0,100,0,200,0,100.0,26236.0,100.0,22905254359.0,100.0,177887928653.0
2018-09-20,Z303ZR9R,ST4000DM000,4000787030016,0,109,23920664,92,0,100,19,100,0,80,107321726,70,26548,100,0,100,19,100.0,0.0,100.0,0.0,100.0,0.0,100.0,0.0,100.0,0.0,77.0,23.0,100.0,0.0,100.0,0.0,61.0,79609.0,23,23,100,0,100,0,200,0,100.0,26260.0,100.0,22907184047.0,100.0,177918404881.0
2018-09-21,Z303ZR9R,ST4000DM000,4000787030016,0,110,26795848,92,0,100,19,100,0,80,107983269,70,26572,100,0,100,19,100.0,0.0,100.0,0.0,100.0,0.0,100.0,0.0,100.0,0.0,76.0,24.0,100.0,0.0,100.0,0.0,61.0,79609.0,24,24,100,0,100,0,200,0,100.0,26284.0,100.0,22909225278.0,100.0,177950189878.0
2018-09-22,Z303ZR9R,ST4000DM000,4000787030016,0,119,224140736,92,0,100,19,100,0,80,108622250,70,26596,100,0,100,19,100.0,0.0,100.0,0.0,100.0,0.0,100.0,0.0,100.0,0.0,77.0,23.0,100.0,0.0,100.0,0.0,61.0,79609.0,23,23,100,0,100,0,200,0,100.0,26307.0,100.0,22911111522.0,100.0,177979717523.0
2018-09-23,Z303ZR9R,ST4000DM000,4000787030016,0,119,202696480,92,0,100,19,100,0,80,109276672,70,26621,100,0,100,19,100.0,0.0,100.0,0.0,100.0,0.0,100.0,0.0,100.0,0.0,77.0,23.0,100.0,0.0,100.0,0.0,61.0,79609.0,23,23,100,0,100,0,200,0,100.0,26332.0,100.0,22913100869.0,100.0,178011696756.0
2018-09-24,Z303ZR9R,ST4000DM000,4000787030016,0,117,154181296,92,0,100,19,100,0,80,109916407,70,26644,100,0,100,19,100.0,0.0,100.0,0.0,100.0,0.0,100.0,0.0,100.0,0.0,77.0,23.0,100.0,0.0,100.0,0.0,61.0,79609.0,23,23,100,0,100,0,200,0,100.0,26356.0,100.0,22915103539.0,100.0,178047102363.0
2018-09-25,Z303ZR9R,ST4000DM000,4000787030016,0,115,94947856,92,0,100,19,100,0,80,110553164,70,26668,100,0,100,19,100.0,0.0,100.0,0.0,100.0,0.0,100.0,0.0,100.0,0.0,76.0,24.0,100.0,0.0,100.0,0.0,61.0,79609.0,24,24,100,0,100,0,200,0,100.0,26380.0,100.0,22917040603.0,100.0,178077908453.0
2018-09-26,Z303ZR9R,ST4000DM000,4000787030016,0,115,91810968,92,0,100,19,100,0,80,111212816,70,26693,100,0,100,19,100.0,0.0,100.0,0.0,100.0,0.0,100.0,0.0,100.0,0.0,77.0,23.0,100.0,0.0,100.0,0.0,61.0,79609.0,23,23,100,0,100,0,200,0,100.0,26404.0,100.0,22919017498.0,100.0,178107962953.0
2018-09-27,Z303ZR9R,ST4000DM000,4000787030016,0,111,41694136,92,0,100,19,100,0,80,111851362,70,26716,100,0,100,19,100.0,0.0,100.0,0.0,100.0,0.0,100.0,0.0,100.0,0.0,76.0,24.0,100.0,0.0,100.0,0.0,61.0,79609.0,24,24,100,0,100,0,200,0,100.0,26428.0,100.0,22920940706.0,100.0,178135809211.0
2018-09-28,Z303ZR9R,ST4000DM000,4000787030016,0,117,159664448,92,0,100,19,100,0,80,112845442,70,26743,100,0,100,19,100.0,0.0,100.0,0.0,100.0,0.0,100.0,0.0,100.0,0.0,77.0,23.0,100.0,0.0,100.0,0.0,61.0,79615.0,23,23,100,0,100,0,200,0,100.0,26455.0,100.0,22923610380.0,100.0,178174760720.0
2018-09-29,Z303ZR9R,ST4000DM000,4000787030016,0,112,49686648,92,0,100,19,100,0,80,113928533,70,26768,100,0,100,19,100.0,0.0,100.0,0.0,100.0,0.0,100.0,0.0,100.0,0.0,77.0,23.0,100.0,0.0,100.0,0.0,61.0,79615.0,23,23,100,0,100,0,200,0,100.0,26479.0,100.0,22928555880.0,100.0,178223318071.0
2018-09-30,Z303ZR9R,ST4000DM000,4000787030016,0,117,122640144,92,0,100,19,100,0,80,114956441,70,26792,100,0,100,19,100.0,0.0,100.0,0.0,100.0,0.0,100.0,0.0,100.0,0.0,77.0,23.0,100.0,0.0,100.0,0.0,61.0,79615.0,23,23,100,0,100,0,200,0,100.0,26503.0,100.0,22931140747.0,100.0,178271400311.0
2018-10-01,Z303ZR9R,ST4000DM000,4000787030016,0,115,91633752,92,0,100,19,100,0,80,115956402,70,26815,100,0,100,19,100.0,0.0,100.0,0.0,100.0,0.0,100.0,0.0,100.0,0.0,77.0,23.0,100.0,0.0,100.0,0.0,61.0,79615.0,23,23,100,0,100,0,200,0,100.0,26527.0,100.0,22933636613.0,100.0,178311970185.0
2018-10-02,Z303ZR9R,ST4000DM000,4000787030016,0,118,194516448,92,0,100,19,100,0,80,116789291,70,26840,100,0,100,19,100.0,0.0,100.0,0.0,100.0,0.0,100.0,0.0,100.0,0.0,77.0,23.0,100.0,0.0,100.0,0.0,61.0,79615.0,23,23,100,0,100,0,200,0,100.0,26551.0,100.0,22935971725.0,100.0,178349271603.0
2018-10-03,Z303ZR9R,ST4000DM000,4000787030016,0,113,55990976,92,0,100,19,100,0,81,117501338,70,26864,100,0,100,19,100.0,0.0,100.0,0.0,100.0,0.0,100.0,0.0,100.0,0.0,77.0,23.0,100.0,0.0,100.0,0.0,61.0,79615.0,23,23,100,0,100,0,200,0,100.0,26575.0,100.0,22938140604.0,100.0,178380172398.0
2018-10-04,Z303ZR9R,ST4000DM000,4000787030016,0,119.0,216600824.0,92.0,0.0,100.0,19.0,100.0,0.0,81.0,118220472.0,70.0,26887.0,100.0,0.0,100.0,19.0,100.0,0.0,100.0,0.0,100.0,0.0,100.0,0.0,100.0,0.0,77.0,23.0,100.0,0.0,100.0,0.0,61.0,79615.0,23.0,23.0,100.0,0.0,100.0,0.0,200.0,0.0,100.0,26599.0,100.0,22940323955.0,100.0,178426354470.0
2018-10-05,Z303ZR9R,ST4000DM000,4000787030016,0,119,208398352,92,0,100,19,100,0,81,118871336,70,26911,100,0,100,19,100.0,0.0,100.0,0.0,100.0,0.0,100.0,0.0,100.0,0.0,77.0,23.0,100.0,0.0,100.0,0.0,61.0,79615.0,23,23,100,0,100,0,200,0,100.0,26623.0,100.0,22942235576.0,100.0,178458136480.0
2018-10-06,Z303ZR9R,ST4000DM000,4000787030016,0,114,83377240,92,0,100,19,100,0,81,119582654,70,26936,100,0,100,19,100.0,0.0,100.0,0.0,100.0,0.0,100.0,0.0,100.0,0.0,77.0,23.0,100.0,0.0,100.0,0.0,61.0,79615.0,23,23,100,0,100,0,200,0,100.0,26647.0,100.0,22944274109.0,100.0,178492916320.0
2018-10-07,Z303ZR9R,ST4000DM000,4000787030016,0,117,144159208,92,0,100,19,100,0,81,120264026,70,26960,100,0,100,19,100.0,0.0,100.0,0.0,100.0,0.0,100.0,0.0,100.0,0.0,76.0,24.0,100.0,0.0,100.0,0.0,61.0,79615.0,24,24,100,0,100,0,200,0,100.0,26671.0,100.0,22946247988.0,100.0,178529572111.0
2018-10-08,Z303ZR9R,ST4000DM000,4000787030016,0,114,76583304,92,0,100,19,100,0,81,120891951,70,26983,100,0,100,19,100.0,0.0,100.0,0.0,100.0,0.0,100.0,0.0,100.0,0.0,76.0,24.0,100.0,0.0,100.0,0.0,61.0,79615.0,24,24,100,0,100,0,200,0,100.0,26695.0,100.0,22948118455.0,100.0,178560670388.0
2018-10-09,Z303ZR9R,ST4000DM000,4000787030016,0,118.0,180460552.0,92.0,0.0,100.0,19.0,100.0,0.0,81.0,121345880.0,70.0,26999.0,100.0,0.0,100.0,19.0,100.0,0.0,100.0,0.0,100.0,0.0,100.0,0.0,100.0,0.0,77.0,23.0,100.0,0.0,100.0,0.0,61.0,79615.0,23.0,23.0,100.0,0.0,100.0,0.0,200.0,0.0,100.0,26711.0,100.0,22949460864.0,100.0,178582356153.0
2018-10-10,Z303ZR9R,ST4000DM000,4000787030016,0,114,64616496,92,0,100,19,100,0,81,122234470,70,27032,100,0,100,19,100.0,0.0,100.0,0.0,100.0,0.0,100.0,0.0,100.0,0.0,74.0,26.0,100.0,0.0,100.0,0.0,61.0,79616.0,26,26,100,0,100,0,200,0,100.0,26743.0,100.0,22952109536.0,100.0,178623996766.0
2018-10-11,Z303ZR9R,ST4000DM000,4000787030016,0,116,112725864,92,0,100,19,100,0,81,122916877,70,27055,100,0,100,19,100.0,0.0,100.0,0.0,100.0,0.0,100.0,0.0,100.0,0.0,78.0,22.0,100.0,0.0,100.0,0.0,61.0,79616.0,22,22,100,0,100,0,200,0,100.0,26767.0,100.0,22954140680.0,100.0,178654697117.0
2018-10-12,Z303ZR9R,ST4000DM000,4000787030016,0,115,95039432,92,0,100,19,100,0,81,123566530,70,27080,100,0,100,19,100.0,0.0,100.0,0.0,100.0,0.0,100.0,0.0,100.0,0.0,77.0,23.0,100.0,0.0,100.0,0.0,61.0,79616.0,23,23,100,0,100,0,200,0,100.0,26791.0,100.0,22956069467.0,100.0,178687859675.0
2018-10-13,Z303ZR9R,ST4000DM000,4000787030016,0,118,188998384,92,0,100,19,100,0,81,124238038,70,27104,100,0,100,19,100.0,0.0,100.0,0.0,100.0,0.0,100.0,0.0,100.0,0.0,76.0,24.0,100.0,0.0,100.0,0.0,61.0,79616.0,24,24,100,0,100,0,200,0,100.0,26815.0,100.0,22958509904.0,100.0,178733366526.0
2018-10-14,Z303ZR9R,ST4000DM000,4000787030016,0,119,233621272,92,0,100,19,100,0,81,124916763,70,27127,100,0,100,19,100.0,0.0,100.0,0.0,100.0,0.0,100.0,0.0,100.0,0.0,76.0,24.0,100.0,0.0,100.0,0.0,61.0,79616.0,24,24,100,0,100,0,200,0,100.0,26839.0,100.0,22960529372.0,100.0,178763983100.0
2018-10-15,Z303ZR9R,ST4000DM000,4000787030016,0,113,52749520,92,0,100,19,100,0,81,125597718,70,27151,100,0,100,19,100.0,0.0,100.0,0.0,100.0,0.0,100.0,0.0,100.0,0.0,76.0,24.0,100.0,0.0,100.0,0.0,61.0,79616.0,24,24,100,0,100,0,200,0,100.0,26863.0,100.0,22962502897.0,100.0,178793811351.0
2018-10-16,Z303ZR9R,ST4000DM000,4000787030016,0,115,96818120,92,0,100,19,100,0,81,126280611,69,27176,100,0,100,19,100.0,0.0,100.0,0.0,100.0,0.0,100.0,0.0,100.0,0.0,76.0,24.0,100.0,0.0,100.0,0.0,61.0,79616.0,24,24,100,0,100,0,200,0,100.0,26887.0,100.0,22964526672.0,100.0,178824926363.0
2018-10-17,Z303ZR9R,ST4000DM000,4000787030016,0,119,224255104,92,0,100,19,100,0,81,126991415,69,27200,100,0,100,19,100.0,0.0,100.0,0.0,100.0,0.0,100.0,0.0,100.0,0.0,76.0,24.0,100.0,0.0,100.0,0.0,61.0,79616.0,24,24,100,0,100,0,200,0,100.0,26911.0,100.0,22966577926.0,100.0,178856881086.0
2018-10-18,Z303ZR9R,ST4000DM000,4000787030016,0,112,48215592,92,0,100,19,100,0,81,127679746,69,27223,100,0,100,19,100.0,0.0,100.0,0.0,100.0,0.0,100.0,0.0,100.0,0.0,76.0,24.0,100.0,0.0,100.0,0.0,61.0,79616.0,24,24,100,0,100,0,200,0,100.0,26935.0,100.0,22968616734.0,100.0,178889003615.0
2018-10-19,Z303ZR9R,ST4000DM000,4000787030016,0,115,92224848,92,0,100,19,100,0,81,128569263,69,27242,100,0,100,19,100.0,0.0,100.0,0.0,100.0,0.0,100.0,0.0,100.0,0.0,76.0,24.0,100.0,0.0,100.0,0.0,61.0,79621.0,24,24,100,0,100,0,200,0,100.0,26954.0,100.0,22970680806.0,100.0,178929352838.0
2018-10-20,Z303ZR9R,ST4000DM000,4000787030016,0,110,28766808,92,0,100,19,100,0,81,129647651,69,27266,100,0,100,19,100.0,0.0,100.0,0.0,100.0,0.0,100.0,0.0,100.0,0.0,76.0,24.0,100.0,0.0,100.0,0.0,61.0,79621.0,24,24,100,0,100,0,200,0,100.0,26978.0,100.0,22973234300.0,100.0,178977343317.0
2018-10-21,Z303ZR9R,ST4000DM000,4000787030016,0,119,201516832,92,0,100,19,100,0,81,130614868,69,27290,100,0,100,19,100.0,0.0,100.0,0.0,100.0,0.0,100.0,0.0,100.0,0.0,76.0,24.0,100.0,0.0,100.0,0.0,61.0,79621.0,24,24,100,0,100,0,200,0,100.0,27001.0,100.0,22975510341.0,100.0,179013045076.0
2018-10-22,Z303ZR9R,ST4000DM000,4000787030016,0,118,192946784,92,0,100,19,100,0,81,131499754,69,27315,100,0,100,19,100.0,0.0,100.0,0.0,100.0,0.0,100.0,0.0,100.0,0.0,76.0,24.0,100.0,0.0,100.0,0.0,61.0,79621.0,24,24,100,0,100,0,200,0,100.0,27026.0,100.0,22977752658.0,100.0,179056403239.0
2018-10-23,Z303ZR9R,ST4000DM000,4000787030016,0,116,117001232,92,0,100,19,100,0,81,132347093,69,27338,100,0,100,19,100.0,0.0,100.0,0.0,100.0,0.0,100.0,0.0,100.0,0.0,76.0,24.0,100.0,0.0,100.0,0.0,61.0,79621.0,24,24,100,0,100,0,200,0,100.0,27050.0,100.0,22979960434.0,100.0,179096248939.0
2018-10-25,Z303ZR9R,ST4000DM000,4000787030016,0,108,15755696,92,0,100,19,100,0,81,134224938,69,27390,100,0,100,19,100.0,0.0,100.0,0.0,100.0,0.0,100.0,0.0,100.0,0.0,76.0,24.0,100.0,0.0,100.0,0.0,61.0,79621.0,24,24,100,0,100,0,200,0,100.0,27101.0,100.0,22985132308.0,100.0,179173117402.0
2018-10-26,Z303ZR9R,ST4000DM000,4000787030016,0,116,110818584,92,0,100,19,100,0,81,135244138,69,27413,100,0,100,19,100.0,0.0,100.0,0.0,100.0,0.0,100.0,0.0,100.0,0.0,76.0,24.0,100.0,0.0,100.0,0.0,61.0,79621.0,24,24,100,0,100,0,200,0,100.0,27125.0,100.0,22987778195.0,100.0,179223828223.0
2018-10-27,Z303ZR9R,ST4000DM000,4000787030016,0,119,233343456,92,0,100,19,100,0,81,136281662,69,27437,100,0,100,19,100.0,0.0,100.0,0.0,100.0,0.0,100.0,0.0,100.0,0.0,77.0,23.0,100.0,0.0,100.0,0.0,61.0,79621.0,23,23,100,0,100,0,200,0,100.0,27149.0,100.0,22990366878.0,100.0,179274320956.0
2018-10-28,Z303ZR9R,ST4000DM000,4000787030016,0,115,89184592,92,0,100,19,100,0,81,137326717,69,27461,100,0,100,19,100.0,0.0,100.0,0.0,100.0,0.0,100.0,0.0,100.0,0.0,77.0,23.0,100.0,0.0,100.0,0.0,61.0,79621.0,23,23,100,0,100,0,200,0,100.0,27172.0,100.0,22993056547.0,100.0,179322599488.0
2018-10-29,Z303ZR9R,ST4000DM000,4000787030016,0,117,148339016,92,0,100,19,100,0,81,138234956,69,27486,100,0,100,19,100.0,0.0,100.0,0.0,100.0,0.0,100.0,0.0,100.0,0.0,77.0,23.0,100.0,0.0,100.0,0.0,61.0,79621.0,23,23,100,0,100,0,200,0,100.0,27197.0,100.0,22995512386.0,100.0,179362971125.0
2018-10-30,Z303ZR9R,ST4000DM000,4000787030016,0,116,103266688,92,0,100,19,100,0,81,139098114,69,27509,100,0,100,19,100.0,0.0,100.0,0.0,100.0,0.0,100.0,0.0,100.0,0.0,77.0,23.0,100.0,0.0,100.0,0.0,61.0,79621.0,23,23,100,0,100,0,200,0,100.0,27221.0,100.0,22997733234.0,100.0,179395268122.0
2018-10-31,Z303ZR9R,ST4000DM000,4000787030016,0,120,238135208,92.0,0.0,100.0,19.0,100.0,0.0,81.0,139812582.0,69,27533,100.0,0.0,100,19,100.0,0.0,100.0,0.0,100.0,0.0,100.0,0.0,100.0,0.0,77.0,23.0,100.0,0.0,100.0,0.0,61.0,79621.0,23,23,100.0,0.0,100.0,0.0,200.0,0.0,100.0,27244.0,100.0,22999675000.0,100.0,179426478441.0
2018-11-01,Z303ZR9R,ST4000DM000,4000787030016,0,118,180504136,92.0,0.0,100.0,19.0,100.0,0.0,81.0,140697311.0,69,27558,100.0,0.0,100,19,100.0,0.0,100.0,0.0,100.0,0.0,100.0,0.0,100.0,0.0,77.0,23.0,100.0,0.0,100.0,0.0,61.0,79621.0,23,23,100.0,0.0,100.0,0.0,200.0,0.0,100.0,27269.0,100.0,23002154106.0,100.0,179460064237.0
2018-11-02,Z303ZR9R,ST4000DM000,4000787030016,0,102,4828048,92.0,0.0,100.0,19.0,100.0,0.0,81.0,141701869.0,69,27581,100.0,0.0,100,19,100.0,0.0,100.0,0.0,100.0,0.0,100.0,0.0,100.0,0.0,77.0,23.0,100.0,0.0,100.0,0.0,61.0,79621.0,23,23,100.0,0.0,100.0,0.0,200.0,0.0,100.0,27293.0,100.0,23004706590.0,100.0,179505401739.0
2018-11-03,Z303ZR9R,ST4000DM000,4000787030016,0,115,97058184,92.0,0.0,100.0,19.0,100.0,0.0,81.0,142628983.0,69,27606,100.0,0.0,100,19,100.0,0.0,100.0,0.0,100.0,0.0,100.0,0.0,100.0,0.0,77.0,23.0,100.0,0.0,100.0,0.0,61.0,79621.0,23,23,100.0,0.0,100.0,0.0,200.0,0.0,100.0,27317.0,100.0,23007162587.0,100.0,179541981395.0
2018-11-04,Z303ZR9R,ST4000DM000,4000787030016,0,117,154279856,92.0,0.0,100.0,19.0,100.0,0.0,81.0,143324026.0,69,27630,100.0,0.0,100,19,100.0,0.0,100.0,0.0,100.0,0.0,100.0,0.0,100.0,0.0,77.0,23.0,100.0,0.0,100.0,0.0,61.0,79621.0,23,23,100.0,0.0,100.0,0.0,200.0,0.0,100.0,27341.0,100.0,23009177925.0,100.0,179573641504.0
2018-11-05,Z303ZR9R,ST4000DM000,4000787030016,0,118,178565336,92.0,0.0,100.0,19.0,100.0,0.0,81.0,144002823.0,69,27653,100.0,0.0,100,19,100.0,0.0,100.0,0.0,100.0,0.0,100.0,0.0,100.0,0.0,76.0,24.0,100.0,0.0,100.0,0.0,61.0,79621.0,24,24,100.0,0.0,100.0,0.0,200.0,0.0,100.0,27365.0,100.0,23011211383.0,100.0,179602235029.0
2018-11-06,Z303ZR9R,ST4000DM000,4000787030016,0,117.0,133437632.0,92.0,0.0,100.0,19.0,100.0,0.0,81.0,144649389.0,69.0,27677.0,100.0,0.0,100.0,19.0,100.0,0.0,100.0,0.0,100.0,0.0,100.0,0.0,100.0,0.0,77.0,23.0,100.0,0.0,100.0,0.0,61.0,79621.0,23.0,23.0,100.0,0.0,100.0,0.0,200.0,0.0,100.0,27389.0,100.0,23013227725.0,100.0,179633055516.0
2018-11-07,Z303ZR9R,ST4000DM000,4000787030016,0,119.0,229066888.0,92.0,0.0,100.0,19.0,100.0,0.0,81.0,145335755.0,69.0,27702.0,100.0,0.0,100.0,19.0,100.0,0.0,100.0,0.0,100.0,0.0,100.0,0.0,100.0,0.0,77.0,23.0,100.0,0.0,100.0,0.0,61.0,79621.0,23.0,23.0,100.0,0.0,100.0,0.0,200.0,0.0,100.0,27413.0,100.0,23015218516.0,100.0,179669608395.0
2018-11-08,Z303ZR9R,ST4000DM000,4000787030016,0,115.0,96813072.0,92.0,0.0,100.0,19.0,100.0,0.0,81.0,146048889.0,69.0,27726.0,100.0,0.0,100.0,19.0,100.0,0.0,100.0,0.0,100.0,0.0,100.0,0.0,100.0,0.0,78.0,22.0,100.0,0.0,100.0,0.0,61.0,79621.0,22.0,22.0,100.0,0.0,100.0,0.0,200.0,0.0,100.0,27438.0,100.0,23017526631.0,100.0,179705237740.0
2018-11-09,Z303ZR9R,ST4000DM000,4000787030016,0,116,111331008,92.0,0.0,100.0,19.0,100.0,0.0,81.0,147164616.0,69,27750,100.0,0.0,100,19,100.0,0.0,100.0,0.0,100.0,0.0,100.0,0.0,100.0,0.0,77.0,23.0,100.0,0.0,100.0,0.0,61.0,79621.0,23,23,100.0,0.0,100.0,0.0,200.0,0.0,100.0,27462.0,100.0,23020364081.0,100.0,179750823944.0
2018-11-10,Z303ZR9R,ST4000DM000,4000787030016,0,118,171426464,92.0,0.0,100.0,19.0,100.0,0.0,81.0,148314616.0,69,27775,100.0,0.0,100,19,100.0,0.0,100.0,0.0,100.0,0.0,100.0,0.0,100.0,0.0,77.0,23.0,100.0,0.0,100.0,0.0,61.0,79621.0,23,23,100.0,0.0,100.0,0.0,200.0,0.0,100.0,27486.0,100.0,23023337629.0,100.0,179793398647.0
2018-11-11,Z303ZR9R,ST4000DM000,4000787030016,0,119,203885992,92.0,0.0,100.0,19.0,100.0,0.0,81.0,149222631.0,69,27798,100.0,0.0,100,19,100.0,0.0,100.0,0.0,100.0,0.0,100.0,0.0,100.0,0.0,77.0,23.0,100.0,0.0,100.0,0.0,61.0,79621.0,23,23,100.0,0.0,100.0,0.0,200.0,0.0,100.0,27510.0,100.0,23025835419.0,100.0,179831423026.0
2018-11-12,Z303ZR9R,ST4000DM000,4000787030016,0,114,70747656,92.0,0.0,100.0,19.0,100.0,0.0,81.0,150048866.0,69,27822,100.0,0.0,100,19,100.0,0.0,100.0,0.0,100.0,0.0,100.0,0.0,100.0,0.0,77.0,23.0,100.0,0.0,100.0,0.0,61.0,79621.0,23,23,100.0,0.0,100.0,0.0,200.0,0.0,100.0,27534.0,100.0,23028120531.0,100.0,179870279208.0
2018-11-13,Z303ZR9R,ST4000DM000,4000787030016,0,114,74573424,92.0,0.0,100.0,19.0,100.0,0.0,81.0,150706698.0,69,27847,100.0,0.0,100,19,100.0,0.0,100.0,0.0,100.0,0.0,100.0,0.0,100.0,0.0,77.0,23.0,100.0,0.0,100.0,0.0,61.0,79621.0,23,23,100.0,0.0,100.0,0.0,200.0,0.0,100.0,27558.0,100.0,23030235273.0,100.0,179901878114.0
2018-11-14,Z303ZR9R,ST4000DM000,4000787030016,0,114,59791792,92.0,0.0,100.0,19.0,100.0,0.0,81.0,151359797.0,69,27871,100.0,0.0,100,19,100.0,0.0,100.0,0.0,100.0,0.0,100.0,0.0,100.0,0.0,77.0,23.0,100.0,0.0,100.0,0.0,61.0,79621.0,23,23,100.0,0.0,100.0,0.0,200.0,0.0,100.0,27582.0,100.0,23032190444.0,100.0,179929611341.0
2018-11-15,Z303ZR9R,ST4000DM000,4000787030016,0,114,74667920,92.0,0.0,100.0,19.0,100.0,0.0,81.0,152016865.0,69,27894,100.0,0.0,100,19,100.0,0.0,100.0,0.0,100.0,0.0,100.0,0.0,100.0,0.0,77.0,23.0,100.0,0.0,100.0,0.0,61.0,79621.0,23,23,100.0,0.0,100.0,0.0,200.0,0.0,100.0,27606.0,100.0,23034131050.0,100.0,179958967308.0
2018-11-16,Z303ZR9R,ST4000DM000,4000787030016,0,108,16330960,92.0,0.0,100.0,19.0,100.0,0.0,81.0,152647073.0,69,27919,100.0,0.0,100,19,100.0,0.0,100.0,0.0,100.0,0.0,100.0,0.0,100.0,0.0,77.0,23.0,100.0,0.0,100.0,0.0,61.0,79621.0,23,23,100.0,0.0,100.0,0.0,200.0,0.0,100.0,27630.0,100.0,23036121745.0,100.0,179990294648.0
2018-11-17,Z303ZR9R,ST4000DM000,4000787030016,0,115.0,95083336.0,92.0,0.0,100.0,19.0,100.0,0.0,81.0,153345729.0,69.0,27943.0,100.0,0.0,100.0,19.0,100.0,0.0,100.0,0.0,100.0,0.0,100.0,0.0,100.0,0.0,77.0,23.0,100.0,0.0,100.0,0.0,61.0,79621.0,23.0,23.0,100.0,0.0,100.0,0.0,200.0,0.0,100.0,27654.0,100.0,23038178346.0,100.0,180017078272.0
2018-11-18,Z303ZR9R,ST4000DM000,4000787030016,0,117,133123080,92.0,0.0,100.0,19.0,100.0,0.0,81.0,154016713.0,69,27966,100.0,0.0,100,19,100.0,0.0,100.0,0.0,100.0,0.0,100.0,0.0,100.0,0.0,77.0,23.0,100.0,0.0,100.0,0.0,61.0,79621.0,23,23,100.0,0.0,100.0,0.0,200.0,0.0,100.0,27678.0,100.0,23040135587.0,100.0,180050695039.0
2018-11-19,Z303ZR9R,ST4000DM000,4000787030016,0,119,220280168,92.0,0.0,100.0,19.0,100.0,0.0,81.0,154726456.0,69,27990,100.0,0.0,100,19,100.0,0.0,100.0,0.0,100.0,0.0,100.0,0.0,100.0,0.0,76.0,24.0,100.0,0.0,100.0,0.0,61.0,79621.0,24,24,100.0,0.0,100.0,0.0,200.0,0.0,100.0,27702.0,100.0,23042219430.0,100.0,180078937498.0
2018-11-20,Z303ZR9R,ST4000DM000,4000787030016,0,117,140208816,92.0,0.0,100.0,19.0,100.0,0.0,81.0,155459965.0,69,28015,100.0,0.0,100,19,100.0,0.0,100.0,0.0,100.0,0.0,100.0,0.0,100.0,0.0,76.0,24.0,100.0,0.0,100.0,0.0,61.0,79621.0,24,24,100.0,0.0,100.0,0.0,200.0,0.0,100.0,27726.0,100.0,23044306666.0,100.0,180108970176.0
2018-11-21,Z303ZR9R,ST4000DM000,4000787030016,0,116,102177496,92.0,0.0,100.0,19.0,100.0,0.0,81.0,156095578.0,68,28038,100.0,0.0,100,19,100.0,0.0,100.0,0.0,100.0,0.0,100.0,0.0,100.0,0.0,75.0,25.0,100.0,0.0,100.0,0.0,61.0,79621.0,25,25,100.0,0.0,100.0,0.0,200.0,0.0,100.0,27750.0,100.0,23046221687.0,100.0,180138592692.0
2018-11-22,Z303ZR9R,ST4000DM000,4000787030016,0,116,111030472,92.0,0.0,100.0,19.0,100.0,0.0,81.0,156751971.0,68,28062,100.0,0.0,100,19,100.0,0.0,100.0,0.0,100.0,0.0,100.0,0.0,100.0,0.0,75.0,25.0,100.0,0.0,100.0,0.0,61.0,79621.0,25,25,100.0,0.0,100.0,0.0,200.0,0.0,100.0,27774.0,100.0,23048157940.0,100.0,180166829791.0
2018-11-23,Z303ZR9R,ST4000DM000,4000787030016,0,114,83846936,92.0,0.0,100.0,19.0,100.0,0.0,81.0,157395836.0,68,28087,100.0,0.0,100,19,100.0,0.0,100.0,0.0,100.0,0.0,100.0,0.0,100.0,0.0,77.0,23.0,100.0,0.0,100.0,0.0,61.0,79621.0,23,23,100.0,0.0,100.0,0.0,200.0,0.0,100.0,27798.0,100.0,23050083811.0,100.0,180197208147.0
2018-11-24,Z303ZR9R,ST4000DM000,4000787030016,0,110,26938152,92.0,0.0,100.0,19.0,100.0,0.0,81.0,158024944.0,68,28111,100.0,0.0,100,19,100.0,0.0,100.0,0.0,100.0,0.0,100.0,0.0,100.0,0.0,77.0,23.0,100.0,0.0,100.0,0.0,61.0,79621.0,23,23,100.0,0.0,100.0,0.0,200.0,0.0,100.0,27822.0,100.0,23051988379.0,100.0,180225623643.0
2018-11-25,Z303ZR9R,ST4000DM000,4000787030016,0,108,19556840,92.0,0.0,100.0,19.0,100.0,0.0,81.0,158682541.0,68,28134,100.0,0.0,100,19,100.0,0.0,100.0,0.0,100.0,0.0,100.0,0.0,100.0,0.0,76.0,24.0,100.0,0.0,100.0,0.0,61.0,79621.0,24,24,100.0,0.0,100.0,0.0,200.0,0.0,100.0,27846.0,100.0,23054072916.0,100.0,180254607888.0
2018-11-26,Z303ZR9R,ST4000DM000,4000787030016,0,114,78342592,92.0,0.0,100.0,19.0,100.0,0.0,81.0,159367912.0,68,28159,100.0,0.0,100,19,100.0,0.0,100.0,0.0,100.0,0.0,100.0,0.0,100.0,0.0,77.0,23.0,100.0,0.0,100.0,0.0,61.0,79621.0,23,23,100.0,0.0,100.0,0.0,200.0,0.0,100.0,27870.0,100.0,23056117539.0,100.0,180288494096.0
2018-11-27,Z303ZR9R,ST4000DM000,4000787030016,0,114,75567248,92.0,0.0,100.0,19.0,100.0,0.0,81.0,160026978.0,68,28183,100.0,0.0,100,19,100.0,0.0,100.0,0.0,100.0,0.0,100.0,0.0,100.0,0.0,77.0,23.0,100.0,0.0,100.0,0.0,61.0,79621.0,23,23,100.0,0.0,100.0,0.0,200.0,0.0,100.0,27894.0,100.0,23058085310.0,100.0,180316105811.0
2018-11-28,Z303ZR9R,ST4000DM000,4000787030016,0,120,1129608,92.0,0.0,100.0,19.0,100.0,0.0,81.0,160653157.0,68,28206,100.0,0.0,100,19,100.0,0.0,100.0,0.0,100.0,0.0,100.0,0.0,100.0,0.0,77.0,23.0,100.0,0.0,100.0,0.0,61.0,79621.0,23,23,100.0,0.0,100.0,0.0,200.0,0.0,100.0,27918.0,100.0,23060008223.0,100.0,180345988385.0
2018-11-29,Z303ZR9R,ST4000DM000,4000787030016,0,108,14984856,92.0,0.0,100.0,19.0,100.0,0.0,81.0,161316164.0,68,28230,100.0,0.0,100,19,100.0,0.0,100.0,0.0,100.0,0.0,100.0,0.0,100.0,0.0,77.0,23.0,100.0,0.0,100.0,0.0,61.0,79621.0,23,23,100.0,0.0,100.0,0.0,200.0,0.0,100.0,27941.0,100.0,23061957033.0,100.0,180374094119.0
2018-11-30,Z303ZR9R,ST4000DM000,4000787030016,0,113,54260096,92.0,0.0,100.0,19.0,100.0,0.0,81.0,162002519.0,68,28255,100.0,0.0,100,19,100.0,0.0,100.0,0.0,100.0,0.0,100.0,0.0,100.0,0.0,77.0,23.0,100.0,0.0,100.0,0.0,61.0,79621.0,23,23,100.0,0.0,100.0,0.0,200.0,0.0,100.0,27966.0,100.0,23064049217.0,100.0,180402297421.0
2018-12-01,Z303ZR9R,ST4000DM000,4000787030016,0,117,134104240,92.0,0.0,100.0,19.0,100.0,0.0,81.0,162587249.0,68,28278,100.0,0.0,100,19,100.0,0.0,100.0,0.0,100.0,0.0,100.0,0.0,100.0,0.0,77.0,23.0,100.0,0.0,100.0,0.0,61.0,79621.0,23,23,100.0,0.0,100.0,0.0,200.0,0.0,100.0,27990.0,100.0,23065879200.0,100.0,180429535833.0
2018-12-02,Z303ZR9R,ST4000DM000,4000787030016,0,115,90985440,92.0,0.0,100.0,19.0,100.0,0.0,81.0,163214852.0,68,28302,100.0,0.0,100,19,100.0,0.0,100.0,0.0,100.0,0.0,100.0,0.0,100.0,0.0,78.0,22.0,100.0,0.0,100.0,0.0,61.0,79621.0,22,22,100.0,0.0,100.0,0.0,200.0,0.0,100.0,28014.0,100.0,23067761692.0,100.0,180457819525.0
2018-12-03,Z303ZR9R,ST4000DM000,4000787030016,0,113,55726760,92.0,0.0,100.0,19.0,100.0,0.0,81.0,163844644.0,68,28327,100.0,0.0,100,19,100.0,0.0,100.0,0.0,100.0,0.0,100.0,0.0,100.0,0.0,77.0,23.0,100.0,0.0,100.0,0.0,61.0,79621.0,23,23,100.0,0.0,100.0,0.0,200.0,0.0,100.0,28038.0,100.0,23069641389.0,100.0,180492128887.0
2018-12-04,Z303ZR9R,ST4000DM000,4000787030016,0,119,225023768,92.0,0.0,100.0,19.0,100.0,0.0,81.0,164466189.0,68,28350,100.0,0.0,100,19,100.0,0.0,100.0,0.0,100.0,0.0,100.0,0.0,100.0,0.0,77.0,23.0,100.0,0.0,100.0,0.0,61.0,79621.0,23,23,100.0,0.0,100.0,0.0,200.0,0.0,100.0,28062.0,100.0,23071552740.0,100.0,180519772747.0
2018-12-05,Z303ZR9R,ST4000DM000,4000787030016,0,118.0,197317560.0,92.0,0.0,100.0,19.0,100.0,0.0,81.0,165104158.0,68.0,28374.0,100.0,0.0,100.0,19.0,100.0,0.0,100.0,0.0,100.0,0.0,100.0,0.0,100.0,0.0,78.0,22.0,100.0,0.0,100.0,0.0,61.0,79621.0,22.0,22.0,100.0,0.0,100.0,0.0,200.0,0.0,100.0,28086.0,100.0,23073860781.0,100.0,180554001239.0
2018-12-06,Z303ZR9R,ST4000DM000,4000787030016,0,118,172620624,92.0,0.0,100.0,19.0,100.0,0.0,81.0,166008266.0,68,28400,100.0,0.0,100,19,100.0,0.0,100.0,0.0,100.0,0.0,100.0,0.0,100.0,0.0,77.0,23.0,100.0,0.0,100.0,0.0,61.0,79621.0,23,23,100.0,0.0,100.0,0.0,200.0,0.0,100.0,28111.0,100.0,23076422979.0,100.0,180592445956.0
2018-12-07,Z303ZR9R,ST4000DM000,4000787030016,0,116,100845928,92.0,0.0,100.0,19.0,100.0,0.0,81.0,166959542.0,68,28423,100.0,0.0,100,19,100.0,0.0,100.0,0.0,100.0,0.0,100.0,0.0,100.0,0.0,75.0,25.0,100.0,0.0,100.0,0.0,61.0,79623.0,25,25,100.0,0.0,100.0,0.0,200.0,0.0,100.0,28135.0,100.0,23078671373.0,100.0,180633515267.0
2018-12-08,Z303ZR9R,ST4000DM000,4000787030016,0,118,200723720,92.0,0.0,100.0,19.0,100.0,0.0,81.0,167560054.0,68,28447,100.0,0.0,100,19,100.0,0.0,100.0,0.0,100.0,0.0,100.0,0.0,100.0,0.0,76.0,24.0,100.0,0.0,100.0,0.0,61.0,79623.0,24,24,100.0,0.0,100.0,0.0,200.0,0.0,100.0,28159.0,100.0,23080912046.0,100.0,180667984975.0
2018-12-09,Z303ZR9R,ST4000DM000,4000787030016,0,120,238667216,92.0,0.0,100.0,19.0,100.0,0.0,82.0,168236901.0,68,28471,100.0,0.0,100,19,100.0,0.0,100.0,0.0,100.0,0.0,100.0,0.0,100.0,0.0,76.0,24.0,100.0,0.0,100.0,0.0,61.0,79623.0,24,24,100.0,0.0,100.0,0.0,200.0,0.0,100.0,28182.0,100.0,23082905578.0,100.0,180696455122.0
2018-12-10,Z303ZR9R,ST4000DM000,4000787030016,0,117,130514552,92.0,0.0,100.0,19.0,100.0,0.0,82.0,168950906.0,68,28495,100.0,0.0,100,19,100.0,0.0,100.0,0.0,100.0,0.0,100.0,0.0,100.0,0.0,75.0,25.0,100.0,0.0,100.0,0.0,61.0,79623.0,25,25,100.0,0.0,100.0,0.0,200.0,0.0,100.0,28207.0,100.0,23085022502.0,100.0,180730478507.0
2018-12-11,Z303ZR9R,ST4000DM000,4000787030016,0,114,79462256,92.0,0.0,100.0,19.0,100.0,0.0,82.0,169587601.0,68,28519,100.0,0.0,100,19,100.0,0.0,100.0,0.0,100.0,0.0,100.0,0.0,100.0,0.0,75.0,25.0,100.0,0.0,100.0,0.0,61.0,79623.0,25,25,100.0,0.0,100.0,0.0,200.0,0.0,100.0,28231.0,100.0,23086987412.0,100.0,180760083994.0
2018-12-12,Z303ZR9R,ST4000DM000,4000787030016,0,108,20343760,92.0,0.0,100.0,19.0,100.0,0.0,82.0,170212152.0,68,28543,100.0,0.0,100,19,100.0,0.0,100.0,0.0,100.0,0.0,100.0,0.0,100.0,0.0,74.0,26.0,100.0,0.0,100.0,0.0,61.0,79623.0,26,26,100.0,0.0,100.0,0.0,200.0,0.0,100.0,28254.0,100.0,23088901885.0,100.0,180791413478.0
2018-12-13,Z303ZR9R,ST4000DM000,4000787030016,0,111,37737280,92.0,0.0,100.0,19.0,100.0,0.0,82.0,170885280.0,68,28568,100.0,0.0,100,19,100.0,0.0,100.0,0.0,100.0,0.0,100.0,0.0,100.0,0.0,75.0,25.0,100.0,0.0,100.0,0.0,61.0,79623.0,25,25,100.0,0.0,100.0,0.0,200.0,0.0,100.0,28279.0,100.0,23091109683.0,100.0,180820188783.0
2018-12-14,Z303ZR9R,ST4000DM000,4000787030016,0,104,6756408,92.0,0.0,100.0,19.0,100.0,0.0,82.0,171519056.0,68,28591,100.0,0.0,100,19,100.0,0.0,100.0,0.0,100.0,0.0,100.0,0.0,100.0,0.0,76.0,24.0,100.0,0.0,100.0,0.0,61.0,79623.0,24,24,100.0,0.0,100.0,0.0,200.0,0.0,100.0,28303.0,100.0,23093032543.0,100.0,180851465008.0
2018-12-15,Z303ZR9R,ST4000DM000,4000787030016,0,118,185262112,92.0,0.0,100.0,19.0,100.0,0.0,82.0,172137503.0,68,28615,100.0,0.0,100,19,100.0,0.0,100.0,0.0,100.0,0.0,100.0,0.0,100.0,0.0,75.0,25.0,100.0,0.0,100.0,0.0,61.0,79623.0,25,25,100.0,0.0,100.0,0.0,200.0,0.0,100.0,28326.0,100.0,23094877293.0,100.0,180882447099.0
2018-12-16,Z303ZR9R,ST4000DM000,4000787030016,0,118,198525904,92.0,0.0,100.0,19.0,100.0,0.0,82.0,172801819.0,68,28640,100.0,0.0,100,19,100.0,0.0,100.0,0.0,100.0,0.0,100.0,0.0,100.0,0.0,75.0,25.0,100.0,0.0,100.0,0.0,61.0,79623.0,25,25,100.0,0.0,100.0,0.0,200.0,0.0,100.0,28351.0,100.0,23096970161.0,100.0,180913330994.0
2018-12-17,Z303ZR9R,ST4000DM000,4000787030016,0,118,186340544,92.0,0.0,100.0,19.0,100.0,0.0,82.0,173457399.0,68,28663,100.0,0.0,100,19,100.0,0.0,100.0,0.0,100.0,0.0,100.0,0.0,100.0,0.0,75.0,25.0,100.0,0.0,100.0,0.0,61.0,79623.0,25,25,100.0,0.0,100.0,0.0,200.0,0.0,100.0,28375.0,100.0,23099047945.0,100.0,180942577962.0
2018-12-18,Z303ZR9R,ST4000DM000,4000787030016,0,115,98301456,92.0,0.0,100.0,19.0,100.0,0.0,82.0,174073682.0,68,28687,100.0,0.0,100,19,100.0,0.0,100.0,0.0,100.0,0.0,100.0,0.0,100.0,0.0,75.0,25.0,100.0,0.0,100.0,0.0,61.0,79623.0,25,25,100.0,0.0,100.0,0.0,200.0,0.0,100.0,28399.0,100.0,23100945080.0,100.0,180971812784.0
2018-12-19,Z303ZR9R,ST4000DM000,4000787030016,0,111,33417744,92.0,0.0,100.0,19.0,100.0,0.0,82.0,174702554.0,68,28712,100.0,0.0,100,19,100.0,0.0,100.0,0.0,100.0,0.0,100.0,0.0,100.0,0.0,75.0,25.0,100.0,0.0,100.0,0.0,61.0,79623.0,25,25,100.0,0.0,100.0,0.0,200.0,0.0,100.0,28423.0,100.0,23102883858.0,100.0,181000351371.0
2018-12-20,Z303ZR9R,ST4000DM000,4000787030016,0,119,219524384,92.0,0.0,100.0,19.0,100.0,0.0,82.0,175330427.0,68,28735,100.0,0.0,100,19,100.0,0.0,100.0,0.0,100.0,0.0,100.0,0.0,100.0,0.0,74.0,26.0,100.0,0.0,100.0,0.0,61.0,79623.0,26,26,100.0,0.0,100.0,0.0,200.0,0.0,100.0,28447.0,100.0,23104804517.0,100.0,181030893859.0
2018-12-21,Z303ZR9R,ST4000DM000,4000787030016,0,114,76720168,92.0,0.0,100.0,19.0,100.0,0.0,82.0,175926583.0,68,28759,100.0,0.0,100,19,100.0,0.0,100.0,0.0,100.0,0.0,100.0,0.0,100.0,0.0,75.0,25.0,100.0,0.0,100.0,0.0,61.0,79623.0,25,25,100.0,0.0,100.0,0.0,200.0,0.0,100.0,28471.0,100.0,23106630519.0,100.0,181062895992.0
2018-12-22,Z303ZR9R,ST4000DM000,4000787030016,0,118,183446368,92.0,0.0,100.0,19.0,100.0,0.0,82.0,176523626.0,68,28783,100.0,0.0,100,19,100.0,0.0,100.0,0.0,100.0,0.0,100.0,0.0,100.0,0.0,75.0,25.0,100.0,0.0,100.0,0.0,61.0,79623.0,25,25,100.0,0.0,100.0,0.0,200.0,0.0,100.0,28494.0,100.0,23108504321.0,100.0,181091290950.0
2018-12-23,Z303ZR9R,ST4000DM000,4000787030016,0,116,106260096,92.0,0.0,100.0,19.0,100.0,0.0,82.0,177142590.0,68,28807,100.0,0.0,100,19,100.0,0.0,100.0,0.0,100.0,0.0,100.0,0.0,100.0,0.0,75.0,25.0,100.0,0.0,100.0,0.0,61.0,79623.0,25,25,100.0,0.0,100.0,0.0,200.0,0.0,100.0,28519.0,100.0,23110463424.0,100.0,181121811350.0
2018-12-24,Z303ZR9R,ST4000DM000,4000787030016,0,108,19521928,92.0,0.0,100.0,19.0,100.0,0.0,82.0,177755514.0,68,28831,100.0,0.0,100,19,100.0,0.0,100.0,0.0,100.0,0.0,100.0,0.0,100.0,0.0,75.0,25.0,100.0,0.0,100.0,0.0,61.0,79623.0,25,25,100.0,0.0,100.0,0.0,200.0,0.0,100.0,28543.0,100.0,23112332323.0,100.0,181152004352.0
2018-12-25,Z303ZR9R,ST4000DM000,4000787030016,0,115,98466256,92.0,0.0,100.0,19.0,100.0,0.0,82.0,178336602.0,68,28855,100.0,0.0,100,19,100.0,0.0,100.0,0.0,100.0,0.0,100.0,0.0,100.0,0.0,75.0,25.0,100.0,0.0,100.0,0.0,61.0,79623.0,25,25,100.0,0.0,100.0,0.0,200.0,0.0,100.0,28566.0,100.0,23114149428.0,100.0,181180628892.0
2018-12-26,Z303ZR9R,ST4000DM000,4000787030016,0,114,65957072,92.0,0.0,100.0,19.0,100.0,0.0,82.0,178981632.0,68,28880,100.0,0.0,100,19,100.0,0.0,100.0,0.0,100.0,0.0,100.0,0.0,100.0,0.0,75.0,25.0,100.0,0.0,100.0,0.0,61.0,79623.0,25,25,100.0,0.0,100.0,0.0,200.0,0.0,100.0,28591.0,100.0,23116155240.0,100.0,181210794235.0
2018-12-27,Z303ZR9R,ST4000DM000,4000787030016,0,102,4831248,92.0,0.0,100.0,19.0,100.0,0.0,82.0,179605493.0,68,28903,100.0,0.0,100,19,100.0,0.0,100.0,0.0,100.0,0.0,100.0,0.0,100.0,0.0,75.0,25.0,100.0,0.0,100.0,0.0,61.0,79623.0,25,25,100.0,0.0,100.0,0.0,200.0,0.0,100.0,28615.0,100.0,23118042901.0,100.0,181243374672.0
2018-12-28,Z303ZR9R,ST4000DM000,4000787030016,0,117,150288816,92.0,0.0,100.0,19.0,100.0,0.0,82.0,180215198.0,67,28927,100.0,0.0,100,19,100.0,0.0,100.0,0.0,100.0,0.0,100.0,0.0,100.0,0.0,75.0,25.0,100.0,0.0,100.0,0.0,61.0,79623.0,25,25,100.0,0.0,100.0,0.0,200.0,0.0,100.0,28638.0,100.0,23119933207.0,100.0,181273169809.0
2018-12-29,Z303ZR9R,ST4000DM000,4000787030016,0,112,44522512,92.0,0.0,100.0,19.0,100.0,0.0,82.0,180822859.0,67,28952,100.0,0.0,100,19,100.0,0.0,100.0,0.0,100.0,0.0,100.0,0.0,100.0,0.0,75.0,25.0,100.0,0.0,100.0,0.0,61.0,79623.0,25,25,100.0,0.0,100.0,0.0,200.0,0.0,100.0,28663.0,100.0,23121835701.0,100.0,181303432271.0
2018-12-30,Z303ZR9R,ST4000DM000,4000787030016,0,118,185826064,92.0,0.0,100.0,19.0,100.0,0.0,82.0,181434424.0,67,28975,100.0,0.0,100,19,100.0,0.0,100.0,0.0,100.0,0.0,100.0,0.0,100.0,0.0,75.0,25.0,100.0,0.0,100.0,0.0,61.0,79623.0,25,25,100.0,0.0,100.0,0.0,200.0,0.0,100.0,28687.0,100.0,23123712789.0,100.0,181332552017.0
2018-12-31,Z303ZR9R,ST4000DM000,4000787030016,0,113,57240120,92.0,0.0,100.0,19.0,100.0,0.0,82.0,182030797.0,67,28999,100.0,0.0,100,19,100.0,0.0,100.0,0.0,100.0,0.0,100.0,0.0,100.0,0.0,75.0,25.0,100.0,0.0,100.0,0.0,61.0,79623.0,25,25,100.0,0.0,100.0,0.0,200.0,0.0,100.0,28711.0,100.0,23125570400.0,100.0,181361426497.0
