2018-01-01,Z304K6EG,ST4000DM000,4000787030016,0,120,235314024,95,0,100,5,100,0,89,924641772,78,19637,100,0,100,5,100.0,0.0,100.0,0.0,100.0,0.0,100.0,0.0,100.0,0.0,72.0,28.0,100.0,0.0,100.0,0.0,98.0,5194.0,28,28,100,0,100,0,200,0,100.0,19555.0,100.0,46008619968.0,100.0,73608250116.0
2018-01-02,Z304K6EG,ST4000DM000,4000787030016,0,117,163787400,95,0,100,5,100,0,89,925932464,78,19661,100,0,100,5,100.0,0.0,100.0,0.0,100.0,0.0,100.0,0.0,100.0,0.0,72.0,28.0,100.0,0.0,100.0,0.0,98.0,5194.0,28,28,100,0,100,0,200,0,100.0,19578.0,100.0,46024311792.0,100.0,73790877903.0
2018-01-03,Z304K6EG,ST4000DM000,4000787030016,0,117,158116760,95,0,100,5,100,0,89,927095651,78,19685,100,0,100,5,100.0,0.0,100.0,0.0,100.0,0.0,100.0,0.0,100.0,0.0,70.0,30.0,100.0,0.0,100.0,0.0,98.0,5194.0,30,30,100,0,100,0,200,0,100.0,19602.0,100.0,46032760912.0,100.0,73942373885.0
2018-01-04,Z304K6EG,ST4000DM000,4000787030016,0,116,103862464,95,0,100,5,100,0,89,928671021,78,19697,100,0,100,5,100.0,0.0,100.0,0.0,100.0,0.0,100.0,0.0,100.0,0.0,71.0,29.0,100.0,0.0,100.0,0.0,98.0,5194.0,29,29,100,0,100,0,200,0,100.0,19615.0,100.0,46042998336.0,100.0,74028044989.0
2018-01-05,Z304K6EG,ST4000DM000,4000787030016,0,115.0,93036496.0,95.0,0.0,100.0,5.0,100.0,0.0,89.0,929799622.0,78.0,19725.0,100.0,0.0,100.0,5.0,100.0,0.0,100.0,0.0,100.0,0.0,100.0,0.0,100.0,0.0,69.0,31.0,100.0,0.0,100.0,0.0,98.0,5195.0,31.0,31.0,100.0,0.0,100.0,0.0,200.0,0.0,100.0,19642.0,100.0,46058452544.0,100.0,74196208644.0
2018-01-06,Z304K6EG,ST4000DM000,4000787030016,0,111,37633808,95,0,100,5,100,0,89,932018480,78,19750,100,0,100,5,100.0,0.0,100.0,0.0,100.0,0.0,100.0,0.0,100.0,0.0,76.0,24.0,100.0,0.0,100.0,0.0,98.0,5195.0,24,24,100,0,100,0,200,0,100.0,19667.0,100.0,46076647616.0,100.0,74391516621.0
2018-01-07,Z304K6EG,ST4000DM000,4000787030016,0,117,145023544,95,0,100,5,100,0,89,933308279,78,19774,100,0,100,5,100.0,0.0,100.0,0.0,100.0,0.0,100.0,0.0,100.0,0.0,76.0,24.0,100.0,0.0,100.0,0.0,98.0,5195.0,24,24,100,0,100,0,200,0,100.0,19691.0,100.0,46083466280.0,100.0,74542984622.0
2018-01-08,Z304K6EG,ST4000DM000,4000787030016,0,117,127269448,95,0,100,5,100,0,89,935128971,78,19798,100,0,100,5,100.0,0.0,100.0,0.0,100.0,0.0,100.0,0.0,100.0,0.0,75.0,25.0,100.0,0.0,100.0,0.0,98.0,5195.0,25,25,100,0,100,0,200,0,100.0,19715.0,100.0,46097784312.0,100.0,74665614765.0
2018-01-09,Z304K6EG,ST4000DM000,4000787030016,0,119,218876008,95,0,100,5,100,0,89,936240739,78,19821,100,0,100,5,100.0,0.0,100.0,0.0,100.0,0.0,100.0,0.0,100.0,0.0,75.0,25.0,100.0,0.0,100.0,0.0,98.0,5195.0,25,25,100,0,100,0,200,0,100.0,19738.0,100.0,46111449504.0,100.0,74784372519.0
2018-01-10,Z304K6EG,ST4000DM000,4000787030016,0,111,35852176,95,0,100,5,100,0,89,937618237,78,19845,100,0,100,5,100.0,0.0,100.0,0.0,100.0,0.0,100.0,0.0,100.0,0.0,76.0,24.0,100.0,0.0,100.0,0.0,98.0,5195.0,24,24,100,0,100,0,200,0,100.0,19763.0,100.0,46128407568.0,100.0,74948645301.0
2018-01-11,Z304K6EG,ST4000DM000,4000787030016,0,114,73865760,95,0,100,5,100,0,89,939491762,78,19879,100,0,100,5,100.0,0.0,100.0,0.0,100.0,0.0,100.0,0.0,100.0,0.0,75.0,25.0,100.0,0.0,100.0,0.0,98.0,5199.0,25,25,100,0,100,0,200,0,100.0,19796.0,100.0,46151838176.0,100.0,75180163457.0
2018-01-12,Z304K6EG,ST4000DM000,4000787030016,0,117,147801760,95,0,100,5,100,0,90,941164297,78,19903,100,0,100,5,100.0,0.0,100.0,0.0,100.0,0.0,100.0,0.0,100.0,0.0,74.0,26.0,100.0,0.0,100.0,0.0,98.0,5199.0,26,26,100,0,100,0,200,0,100.0,19820.0,100.0,46173251040.0,100.0,75348392097.0
2018-01-13,Z304K6EG,ST4000DM000,4000787030016,0,114.0,73116936.0,95.0,0.0,100.0,5.0,100,0,90.0,942412429.0,78,19927,100.0,0.0,100,5,100.0,0.0,100.0,0.0,100.0,0.0,100.0,0.0,100.0,0.0,75.0,25.0,100.0,0.0,100.0,0.0,98.0,5199.0,25.0,25.0,100.0,0.0,100.0,0.0,200,0,100.0,19845.0,100.0,46193732968.0,100.0,75509622172.0
2018-01-14,Z304K6EG,ST4000DM000,4000787030016,0,117.0,148573592.0,95.0,0.0,100.0,5.0,100,0,90.0,943538528.0,78,19951,100.0,0.0,100,5,100.0,0.0,100.0,0.0,100.0,0.0,100.0,0.0,100.0,0.0,75.0,25.0,100.0,0.0,100.0,0.0,98.0,5199.0,25.0,25.0,100.0,0.0,100.0,0.0,200,0,100.0,19869.0,100.0,46218546472.0,100.0,75663959893.0
2018-01-15,Z304K6EG,ST4000DM000,4000787030016,0,118.0,172017584.0,95.0,0.0,100.0,5.0,100,0,90.0,945070630.0,78,19975,100.0,0.0,100,5,100.0,0.0,100.0,0.0,100.0,0.0,100.0,0.0,100.0,0.0,71.0,29.0,100.0,0.0,100.0,0.0,98.0,5199.0,29.0,29.0,100.0,0.0,100.0,0.0,200,0,100.0,19892.0,100.0,46243105024.0,100.0,75780980748.0
2018-01-16,Z304K6EG,ST4000DM000,4000787030016,0,115.0,92639936.0,95.0,0.0,100.0,5.0,100,0,90.0,945955074.0,78,19999,100.0,0.0,100,5,100.0,0.0,100.0,0.0,100.0,0.0,100.0,0.0,100.0,0.0,76.0,24.0,100.0,0.0,100.0,0.0,98.0,5199.0,24.0,24.0,100.0,0.0,100.0,0.0,200,0,100.0,19916.0,100.0,46262898528.0,100.0,75918098558.0
2018-01-17,Z304K6EG,ST4000DM000,4000787030016,0,118.0,195149992.0,95.0,0.0,100.0,5.0,100,0,90.0,947842985.0,78,20023,100.0,0.0,100,5,100.0,0.0,100.0,0.0,100.0,0.0,100.0,0.0,100.0,0.0,75.0,25.0,100.0,0.0,100.0,0.0,98.0,5199.0,25.0,25.0,100.0,0.0,100.0,0.0,200,0,100.0,19940.0,100.0,46286082928.0,100.0,76080742706.0
2018-01-18,Z304K6EG,ST4000DM000,4000787030016,0,116.0,114224536.0,95.0,0.0,100.0,5.0,100.0,0.0,90.0,948345852.0,78.0,20038.0,100.0,0.0,100.0,5.0,100.0,0.0,100.0,0.0,100.0,0.0,100.0,0.0,100.0,0.0,76.0,24.0,100.0,0.0,100.0,0.0,98.0,5199.0,24.0,24.0,100.0,0.0,100.0,0.0,200.0,0.0,100.0,19955.0,100.0,46293805176.0,100.0,76179811165.0
2018-01-19,Z304K6EG,ST4000DM000,4000787030016,0,114.0,73428376.0,95.0,0.0,100.0,5.0,100.0,0.0,90.0,948698448.0,78.0,20050.0,100.0,0.0,100.0,5.0,100.0,0.0,100.0,0.0,100.0,0.0,100.0,0.0,100.0,0.0,77.0,23.0,100.0,0.0,100.0,0.0,98.0,5201.0,23.0,23.0,100.0,0.0,100.0,0.0,200.0,0.0,100.0,19968.0,100.0,46300976688.0,100.0,76270290861.0
2018-01-20,Z304K6EG,ST4000DM000,4000787030016,0,114.0,59331848.0,95.0,0.0,100.0,5.0,100,0,90.0,950768112.0,78,20086,100.0,0.0,100,5,100.0,0.0,100.0,0.0,100.0,0.0,100.0,0.0,100.0,0.0,76.0,24.0,100.0,0.0,100.0,0.0,98.0,5201.0,24.0,24.0,100.0,0.0,100.0,0.0,200,0,100.0,20003.0,100.0,46353947768.0,100.0,76565812330.0
2018-01-21,Z304K6EG,ST4000DM000,4000787030016,0,117.0,137247040.0,95.0,0.0,100.0,5.0,100,0,90.0,951501900.0,78,20110,100.0,0.0,100,5,100.0,0.0,100.0,0.0,100.0,0.0,100.0,0.0,100.0,0.0,76.0,24.0,100.0,0.0,100.0,0.0,98.0,5201.0,24.0,24.0,100.0,0.0,100.0,0.0,200,0,100.0,20027.0,100.0,46374178560.0,100.0,76737952170.0
2018-01-22,Z304K6EG,ST4000DM000,4000787030016,0,118.0,181314440.0,95.0,0.0,100.0,5.0,100,0,90.0,952826027.0,78,20134,100.0,0.0,100,5,100.0,0.0,100.0,0.0,100.0,0.0,100.0,0.0,100.0,0.0,76.0,24.0,100.0,0.0,100.0,0.0,98.0,5201.0,24.0,24.0,100.0,0.0,100.0,0.0,200,0,100.0,20051.0,100.0,46400214816.0,100.0,76875060609.0
2018-01-23,Z304K6EG,ST4000DM000,4000787030016,0,108.0,17651840.0,95.0,0.0,100.0,5.0,100,0,90.0,953543254.0,77,20158,100.0,0.0,100,5,100.0,0.0,100.0,0.0,100.0,0.0,100.0,0.0,100.0,0.0,76.0,24.0,100.0,0.0,100.0,0.0,98.0,5201.0,24.0,24.0,100.0,0.0,100.0,0.0,200,0,100.0,20075.0,100.0,46417959688.0,100.0,77042952110.0
2018-01-24,Z304K6EG,ST4000DM000,4000787030016,0,120.0,239414080.0,95.0,0.0,100.0,5.0,100,0,90.0,954472120.0,77,20190,100.0,0.0,100,5,100.0,0.0,100.0,0.0,100.0,0.0,100.0,0.0,100.0,0.0,76.0,24.0,100.0,0.0,100.0,0.0,98.0,5201.0,24.0,24.0,100.0,0.0,100.0,0.0,200,0,100.0,20107.0,100.0,46444651592.0,100.0,77279078879.0
2018-01-25,Z304K6EG,ST4000DM000,4000787030016,0,118.0,196778960.0,95.0,0.0,100.0,5.0,100,0,90.0,955217733.0,77,20207,100.0,0.0,100,5,100.0,0.0,100.0,0.0,100.0,0.0,100.0,0.0,100.0,0.0,76.0,24.0,100.0,0.0,100.0,0.0,98.0,5201.0,24.0,24.0,100.0,0.0,100.0,0.0,200,0,100.0,20124.0,100.0,46458920664.0,100.0,77399113287.0
2018-01-26,Z304K6EG,ST4000DM000,4000787030016,0,117.0,123955440.0,95.0,0.0,100.0,5.0,100,0,90.0,956205363.0,77,20231,100.0,0.0,100,5,100.0,0.0,100.0,0.0,100.0,0.0,100.0,0.0,100.0,0.0,76.0,24.0,100.0,0.0,100.0,0.0,98.0,5203.0,24.0,24.0,100.0,0.0,100.0,0.0,200,0,100.0,20148.0,100.0,46473735640.0,100.0,77562986309.0
2018-01-27,Z304K6EG,ST4000DM000,4000787030016,0,118.0,194761520.0,95.0,0.0,100.0,5.0,100,0,90.0,958055245.0,77,20255,100.0,0.0,100,5,100.0,0.0,100.0,0.0,100.0,0.0,100.0,0.0,100.0,0.0,76.0,24.0,100.0,0.0,100.0,0.0,98.0,5203.0,24.0,24.0,100.0,0.0,100.0,0.0,200,0,100.0,20172.0,100.0,46495705312.0,100.0,77749903450.0
2018-01-28,Z304K6EG,ST4000DM000,4000787030016,0,119.0,217969080.0,95.0,0.0,100.0,5.0,100,0,90.0,959164643.0,77,20279,100.0,0.0,100,5,100.0,0.0,100.0,0.0,100.0,0.0,100.0,0.0,100.0,0.0,76.0,24.0,100.0,0.0,100.0,0.0,98.0,5203.0,24.0,24.0,100.0,0.0,100.0,0.0,200,0,100.0,20196.0,100.0,46510449312.0,100.0,77945132874.0
2018-01-29,Z304K6EG,ST4000DM000,4000787030016,0,118.0,179648016.0,95.0,0.0,100.0,5.0,100,0,90.0,962008003.0,77,20302,100.0,0.0,100,5,100.0,0.0,100.0,0.0,100.0,0.0,100.0,0.0,100.0,0.0,76.0,24.0,100.0,0.0,100.0,0.0,98.0,5203.0,24.0,24.0,100.0,0.0,100.0,0.0,200,0,100.0,20219.0,100.0,46532566184.0,100.0,78106570725.0
2018-01-30,Z304K6EG,ST4000DM000,4000787030016,0,115.0,87910416.0,95.0,0.0,100.0,5.0,100,0,90.0,963848464.0,77,20335,100.0,0.0,100,5,100.0,0.0,100.0,0.0,100.0,0.0,100.0,0.0,100.0,0.0,74.0,26.0,100.0,0.0,100.0,0.0,98.0,5208.0,26.0,26.0,100.0,0.0,100.0,0.0,200,0,100.0,20252.0,100.0,46556763416.0,100.0,78340381696.0
2018-01-31,Z304K6EG,ST4000DM000,4000787030016,0,114.0,59713976.0,95.0,0.0,100.0,5.0,100.0,0.0,90.0,965458634.0,77.0,20359.0,100.0,0.0,100.0,5.0,100.0,0.0,100.0,0.0,100.0,0.0,100.0,0.0,100.0,0.0,75.0,25.0,100.0,0.0,100.0,0.0,98.0,5208.0,25.0,25.0,100.0,0.0,100.0,0.0,200.0,0.0,100.0,20276.0,100.0,46576262304.0,100.0,78527928214.0
2018-02-01,Z304K6EG,ST4000DM000,4000787030016,0,109.0,24378392.0,95.0,0.0,100.0,5.0,100,0,90.0,967559406.0,77,20383,100.0,0.0,100,5,100.0,0.0,100.0,0.0,100.0,0.0,100.0,0.0,100.0,0.0,76.0,24.0,100.0,0.0,100.0,0.0,98.0,5208.0,24.0,24.0,100.0,0.0,100.0,0.0,200,0,100.0,20301.0,100.0,46603492520.0,100.0,78713126610.0
2018-02-02,Z304K6EG,ST4000DM000,4000787030016,0,116.0,101033672.0,95.0,0.0,100.0,5.0,100,0,90.0,969560343.0,77,20407,100.0,0.0,100,5,100.0,0.0,100.0,0.0,100.0,0.0,100.0,0.0,100.0,0.0,75.0,25.0,100.0,0.0,100.0,0.0,98.0,5208.0,25.0,25.0,100.0,0.0,100.0,0.0,200,0,100.0,20324.0,100.0,46629970192.0,100.0,78909737369.0
2018-02-03,Z304K6EG,ST4000DM000,4000787030016,0,117.0,130597992.0,95.0,0.0,100.0,5.0,100,0,90.0,970752391.0,77,20431,100.0,0.0,100,5,100.0,0.0,100.0,0.0,100.0,0.0,100.0,0.0,100.0,0.0,75.0,25.0,100.0,0.0,100.0,0.0,98.0,5208.0,25.0,25.0,100.0,0.0,100.0,0.0,200,0,100.0,20348.0,100.0,46650357248.0,100.0,79069582134.0
2018-02-04,Z304K6EG,ST4000DM000,4000787030016,0,116.0,116392832.0,95.0,0.0,100.0,5.0,100,0,90.0,971671087.0,77,20451,100.0,0.0,100,5,100.0,0.0,100.0,0.0,100.0,0.0,100.0,0.0,100.0,0.0,75.0,25.0,100.0,0.0,100.0,0.0,98.0,5208.0,25.0,25.0,100.0,0.0,100.0,0.0,200,0,100.0,20369.0,100.0,46660626368.0,100.0,79229708590.0
2018-02-05,Z304K6EG,ST4000DM000,4000787030016,0,118.0,200468288.0,95.0,0.0,100.0,5.0,100,0,90.0,973214221.0,77,20475,100.0,0.0,100,5,100.0,0.0,100.0,0.0,100.0,0.0,100.0,0.0,100.0,0.0,75.0,25.0,100.0,0.0,100.0,0.0,98.0,5210.0,25.0,25.0,100.0,0.0,100.0,0.0,200,0,100.0,20393.0,100.0,46673530576.0,100.0,79358215871.0
2018-02-06,Z304K6EG,ST4000DM000,4000787030016,0,117.0,140771496.0,95.0,0.0,100.0,5.0,100,0,90.0,974176804.0,77,20499,100.0,0.0,100,5,100.0,0.0,100.0,0.0,100.0,0.0,100.0,0.0,100.0,0.0,76.0,24.0,100.0,0.0,100.0,0.0,98.0,5210.0,24.0,24.0,100.0,0.0,100.0,0.0,200,0,100.0,20416.0,100.0,46688985064.0,100.0,79496264944.0
2018-02-07,Z304K6EG,ST4000DM000,4000787030016,0,117.0,122627448.0,95.0,0.0,100.0,5.0,100,0,90.0,975357376.0,77,20523,100.0,0.0,100,5,100.0,0.0,100.0,0.0,100.0,0.0,100.0,0.0,100.0,0.0,76.0,24.0,100.0,0.0,100.0,0.0,98.0,5210.0,24.0,24.0,100.0,0.0,100.0,0.0,200,0,100.0,20440.0,100.0,46703794256.0,100.0,79665187276.0
2018-02-08,Z304K6EG,ST4000DM000,4000787030016,0,117.0,158461624.0,95.0,0.0,100.0,5.0,100,0,90.0,976674004.0,77,20549,100.0,0.0,100,5,100.0,0.0,100.0,0.0,100.0,0.0,100.0,0.0,100.0,0.0,76.0,24.0,100.0,0.0,100.0,0.0,98.0,5214.0,24.0,24.0,100.0,0.0,100.0,0.0,200,0,100.0,20466.0,100.0,46734505376.0,100.0,79831508968.0
2018-02-09,Z304K6EG,ST4000DM000,4000787030016,0,115,100079016,95,0,100,5,100,0,90,978262195,77,20572,100,0,100,5,100.0,0.0,100.0,0.0,100.0,0.0,100.0,0.0,100.0,0.0,75.0,25.0,100.0,0.0,100.0,0.0,98.0,5214.0,25,25,100,0,100,0,200,0,100.0,20489.0,100.0,46746020736.0,100.0,80003934416.0
2018-02-10,Z304K6EG,ST4000DM000,4000787030016,0,108.0,16938608.0,95.0,0.0,100.0,5.0,100.0,0.0,90.0,980976953.0,77.0,20596.0,100.0,0.0,100.0,5.0,100.0,0.0,100.0,0.0,100.0,0.0,100.0,0.0,100.0,0.0,76.0,24.0,100.0,0.0,100.0,0.0,98.0,5214.0,24.0,24.0,100.0,0.0,100.0,0.0,200.0,0.0,100.0,20513.0,100.0,46761219728.0,100.0,80176414141.0
2018-02-11,Z304K6EG,ST4000DM000,4000787030016,0,111,30937016,95,0,100,5,100,0,90,982043745,77,20620,100,0,100,5,100.0,0.0,100.0,0.0,100.0,0.0,100.0,0.0,100.0,0.0,76.0,24.0,100.0,0.0,100.0,0.0,98.0,5214.0,24,24,100,0,100,0,200,0,100.0,20537.0,100.0,46781652456.0,100.0,80320942445.0
2018-02-12,Z304K6EG,ST4000DM000,4000787030016,0,118,180855920,95,0,100,5,100,0,90,983812135,77,20644,100,0,100,5,100.0,0.0,100.0,0.0,100.0,0.0,100.0,0.0,100.0,0.0,75.0,25.0,100.0,0.0,100.0,0.0,98.0,5214.0,25,25,100,0,100,0,200,0,100.0,20561.0,100.0,46809986504.0,100.0,80459312683.0
2018-02-13,Z304K6EG,ST4000DM000,4000787030016,0,119,206753464,95,0,100,5,100,0,90,985110074,77,20668,100,0,100,5,100.0,0.0,100.0,0.0,100.0,0.0,100.0,0.0,100.0,0.0,75.0,25.0,100.0,0.0,100.0,0.0,98.0,5214.0,25,25,100,0,100,0,200,0,100.0,20585.0,100.0,46825562960.0,100.0,80661703158.0
2018-02-14,Z304K6EG,ST4000DM000,4000787030016,0,102,3997192,95,0,100,5,100,0,90,986388098,77,20692,100,0,100,5,100.0,0.0,100.0,0.0,100.0,0.0,100.0,0.0,100.0,0.0,75.0,25.0,100.0,0.0,100.0,0.0,98.0,5214.0,25,25,100,0,100,0,200,0,100.0,20609.0,100.0,46836427592.0,100.0,80864027516.0
2018-02-15,Z304K6EG,ST4000DM000,4000787030016,0,114,83793232,95,0,100,5,100,0,90,987657380,77,20716,100,0,100,5,100.0,0.0,100.0,0.0,100.0,0.0,100.0,0.0,100.0,0.0,75.0,25.0,100.0,0.0,100.0,0.0,98.0,5214.0,25,25,100,0,100,0,200,0,100.0,20633.0,100.0,46855431288.0,100.0,81039075791.0
2018-02-16,Z304K6EG,ST4000DM000,4000787030016,0,117,145821352,95,0,100,5,100,0,90,989108065,77,20741,100,0,100,5,100.0,0.0,100.0,0.0,100.0,0.0,100.0,0.0,100.0,0.0,75.0,25.0,100.0,0.0,100.0,0.0,98.0,5214.0,25,25,100,0,100,0,200,0,100.0,20658.0,100.0,46871746736.0,100.0,81200374452.0
2018-02-17,Z304K6EG,ST4000DM000,4000787030016,0,116,111048944,95,0,100,5,100,0,90,990543492,77,20765,100,0,100,5,100.0,0.0,100.0,0.0,100.0,0.0,100.0,0.0,100.0,0.0,75.0,25.0,100.0,0.0,100.0,0.0,98.0,5214.0,25,25,100,0,100,0,200,0,100.0,20682.0,100.0,46889398824.0,100.0,81372073458.0
2018-02-18,Z304K6EG,ST4000DM000,4000787030016,0,118,192731408,95,0,100,5,100,0,90,991590587,77,20788,100,0,100,5,100.0,0.0,100.0,0.0,100.0,0.0,100.0,0.0,100.0,0.0,76.0,24.0,100.0,0.0,100.0,0.0,98.0,5214.0,24,24,100,0,100,0,200,0,100.0,20705.0,100.0,46906806360.0,100.0,81532587922.0
2018-02-19,Z304K6EG,ST4000DM000,4000787030016,0,119,213054920,95,0,100,5,100,0,90,992870545,77,20812,100,0,100,5,100.0,0.0,100.0,0.0,100.0,0.0,100.0,0.0,100.0,0.0,75.0,25.0,100.0,0.0,100.0,0.0,98.0,5214.0,25,25,100,0,100,0,200,0,100.0,20730.0,100.0,46920147920.0,100.0,81616166481.0
2018-02-20,Z304K6EG,ST4000DM000,4000787030016,0,111,34200864,95,0,100,5,100,0,90,994080985,77,20836,100,0,100,5,100.0,0.0,100.0,0.0,100.0,0.0,100.0,0.0,100.0,0.0,75.0,25.0,100.0,0.0,100.0,0.0,98.0,5214.0,25,25,100,0,100,0,200,0,100.0,20753.0,100.0,46943124256.0,100.0,81783685955.0
2018-02-21,Z304K6EG,ST4000DM000,4000787030016,0,119,218850648,95,0,100,5,100,0,90,995049912,77,20861,100,0,100,5,100.0,0.0,100.0,0.0,100.0,0.0,100.0,0.0,100.0,0.0,76.0,24.0,100.0,0.0,100.0,0.0,98.0,5214.0,24,24,100,0,100,0,200,0,100.0,20778.0,100.0,46956464808.0,100.0,81925435605.0
2018-02-22,Z304K6EG,ST4000DM000,4000787030016,0,117,122195136,95,0,100,5,100,0,90,996044535,77,20884,100,0,100,5,100.0,0.0,100.0,0.0,100.0,0.0,100.0,0.0,100.0,0.0,76.0,24.0,100.0,0.0,100.0,0.0,98.0,5217.0,24,24,100,0,100,0,200,0,100.0,20801.0,100.0,46975934992.0,100.0,82043816112.0
2018-02-23,Z304K6EG,ST4000DM000,4000787030016,0,116,103030144,95,0,100,5,100,0,90,996935163,77,20908,100,0,100,5,100.0,0.0,100.0,0.0,100.0,0.0,100.0,0.0,100.0,0.0,74.0,26.0,100.0,0.0,100.0,0.0,98.0,5217.0,26,26,100,0,100,0,200,0,100.0,20825.0,100.0,46994971304.0,100.0,82106345479.0
2018-02-24,Z304K6EG,ST4000DM000,4000787030016,0,111,39629640,95,0,100,5,100,0,90,998366239,77,20932,100,0,100,5,100.0,0.0,100.0,0.0,100.0,0.0,100.0,0.0,100.0,0.0,75.0,25.0,100.0,0.0,100.0,0.0,98.0,5217.0,25,25,100,0,100,0,200,0,100.0,20849.0,100.0,47010239448.0,100.0,82253988939.0
2018-02-25,Z304K6EG,ST4000DM000,4000787030016,0,118,182296800,95,0,100,5,100,0,90,999499912,77,20956,100,0,100,5,100.0,0.0,100.0,0.0,100.0,0.0,100.0,0.0,100.0,0.0,76.0,24.0,100.0,0.0,100.0,0.0,98.0,5217.0,24,24,100,0,100,0,200,0,100.0,20873.0,100.0,47018146880.0,100.0,82391421083.0
2018-02-26,Z304K6EG,ST4000DM000,4000787030016,0,117,121825008,95,0,100,5,100,0,63,2538843,77,20980,100,0,100,5,100.0,0.0,100.0,0.0,100.0,0.0,100.0,0.0,100.0,0.0,75.0,25.0,100.0,0.0,100.0,0.0,98.0,5217.0,25,25,100,0,100,0,200,0,100.0,20897.0,100.0,47030385840.0,100.0,82533231239.0
2018-02-27,Z304K6EG,ST4000DM000,4000787030016,0,114,80862816,95,0,100,5,100,0,65,3603849,77,21003,100,0,100,5,100.0,0.0,100.0,0.0,100.0,0.0,100.0,0.0,100.0,0.0,75.0,25.0,100.0,0.0,100.0,0.0,98.0,5217.0,25,25,100,0,100,0,200,0,100.0,20920.0,100.0,47040191904.0,100.0,82640856092.0
2018-02-28,Z304K6EG,ST4000DM000,4000787030016,0,120,241040,95,0,100,5,100,0,66,4639239,76,21028,100,0,100,5,100.0,0.0,100.0,0.0,100.0,0.0,100.0,0.0,100.0,0.0,75.0,25.0,100.0,0.0,100.0,0.0,98.0,5217.0,25,25,100,0,100,0,200,0,100.0,20945.0,100.0,47049526192.0,100.0,82789035405.0
2018-03-01,Z304K6EG,ST4000DM000,4000787030016,0,115,93018200,95,0,100,5,100,0,67,6240933,76,21054,100,0,100,5,100.0,0.0,100.0,0.0,100.0,0.0,100.0,0.0,100.0,0.0,75.0,25.0,100.0,0.0,100.0,0.0,98.0,5221.0,25,25,100,0,100,0,200,0,100.0,20971.0,100.0,47062717752.0,100.0,82985469207.0
2018-03-02,Z304K6EG,ST4000DM000,4000787030016,0,112,42118360,95,0,100,5,100,0,69,7911676,76,21078,100,0,100,5,100.0,0.0,100.0,0.0,100.0,0.0,100.0,0.0,100.0,0.0,75.0,25.0,100.0,0.0,100.0,0.0,98.0,5221.0,25,25,100,0,100,0,200,0,100.0,20995.0,100.0,47076309344.0,100.0,83169335406.0
2018-03-03,Z304K6EG,ST4000DM000,4000787030016,0,106,12278576,95,0,100,5,100,0,69,9144085,76,21102,100,0,100,5,100.0,0.0,100.0,0.0,100.0,0.0,100.0,0.0,100.0,0.0,76.0,24.0,100.0,0.0,100.0,0.0,98.0,5221.0,24,24,100,0,100,0,200,0,100.0,21019.0,100.0,47082547584.0,100.0,83337595144.0
2018-03-04,Z304K6EG,ST4000DM000,4000787030016,0,119,223498616,95,0,100,5,100,0,69,10081280,76,21126,100,0,100,5,100.0,0.0,100.0,0.0,100.0,0.0,100.0,0.0,100.0,0.0,75.0,25.0,100.0,0.0,100.0,0.0,98.0,5221.0,25,25,100,0,100,0,200,0,100.0,21043.0,100.0,47088702648.0,100.0,83488285357.0
2018-03-05,Z304K6EG,ST4000DM000,4000787030016,0,112,43217160,95,0,100,5,100,0,70,11471627,76,21150,100,0,100,5,100.0,0.0,100.0,0.0,100.0,0.0,100.0,0.0,100.0,0.0,75.0,25.0,100.0,0.0,100.0,0.0,98.0,5228.0,25,25,100,0,100,0,200,0,100.0,21067.0,100.0,47096316560.0,100.0,83604526035.0
2018-03-06,Z304K6EG,ST4000DM000,4000787030016,0,119,224633040,95,0,100,5,100,0,70,12431632,76,21177,100,0,100,5,100.0,0.0,100.0,0.0,100.0,0.0,100.0,0.0,100.0,0.0,75.0,25.0,100.0,0.0,100.0,0.0,98.0,5232.0,25,25,100,0,100,0,200,0,100.0,21094.0,100.0,47100354360.0,100.0,83780529780.0
2018-03-07,Z304K6EG,ST4000DM000,4000787030016,0,114.0,63653544.0,95.0,0.0,100.0,5.0,100.0,0.0,71.0,13053120.0,76.0,21201.0,100.0,0.0,100.0,5.0,100.0,0.0,100.0,0.0,100.0,0.0,100.0,0.0,100.0,0.0,76.0,24.0,100.0,0.0,100.0,0.0,98.0,5232.0,24.0,24.0,100.0,0.0,100.0,0.0,200.0,0.0,100.0,21118.0,100.0,47105155104.0,100.0,83884974030.0
2018-03-08,Z304K6EG,ST4000DM000,4000787030016,0,114,78191032,95,0,100,5,100,0,71,13386702,76,21222,100,0,100,5,100.0,0.0,100.0,0.0,100.0,0.0,100.0,0.0,100.0,0.0,76.0,24.0,100.0,0.0,100.0,0.0,98.0,5237.0,24,24,100,0,100,0,200,0,100.0,21139.0,100.0,47108268680.0,100.0,83936274783.0
2018-03-09,Z304K6EG,ST4000DM000,4000787030016,0,119,207780512,95,0,100,5,100,0,72,14758633,76,21246,100,0,100,5,100.0,0.0,100.0,0.0,100.0,0.0,100.0,0.0,100.0,0.0,75.0,25.0,100.0,0.0,100.0,0.0,98.0,5237.0,25,25,100,0,100,0,200,0,100.0,21163.0,100.0,47120546568.0,100.0,84078536760.0
2018-03-10,Z304K6EG,ST4000DM000,4000787030016,0,113,51538976,95,0,100,5,100,0,72,16720718,76,21269,100,0,100,5,100.0,0.0,100.0,0.0,100.0,0.0,100.0,0.0,100.0,0.0,76.0,24.0,100.0,0.0,100.0,0.0,98.0,5237.0,24,24,100,0,100,0,200,0,100.0,21186.0,100.0,47137197352.0,100.0,84234077152.0
2018-03-11,Z304K6EG,ST4000DM000,4000787030016,0,114,72106744,95,0,100,5,100,0,72,17142291,76,21293,100,0,100,5,100.0,0.0,100.0,0.0,100.0,0.0,100.0,0.0,100.0,0.0,76.0,24.0,100.0,0.0,100.0,0.0,98.0,5237.0,24,24,100,0,100,0,200,0,100.0,21210.0,100.0,47139667080.0,100.0,84405744109.0
2018-03-12,Z304K6EG,ST4000DM000,4000787030016,0,118,184574744,95,0,100,5,100,0,72,18292308,76,21318,100,0,100,5,100.0,0.0,100.0,0.0,100.0,0.0,100.0,0.0,100.0,0.0,76.0,24.0,100.0,0.0,100.0,0.0,98.0,5240.0,24,24,100,0,100,0,200,0,100.0,21235.0,100.0,47146565736.0,100.0,84550279781.0
2018-03-13,Z304K6EG,ST4000DM000,4000787030016,0,119,223267504,95,0,100,5,100,0,72,18720218,76,21342,100,0,100,5,100.0,0.0,100.0,0.0,100.0,0.0,100.0,0.0,100.0,0.0,76.0,24.0,100.0,0.0,100.0,0.0,98.0,5240.0,24,24,100,0,100,0,200,0,100.0,21259.0,100.0,47150330712.0,100.0,84717908820.0
2018-03-14,Z304K6EG,ST4000DM000,4000787030016,0,113,51111112,95,0,100,5,100,0,72,19170513,76,21366,100,0,100,5,100.0,0.0,100.0,0.0,100.0,0.0,100.0,0.0,100.0,0.0,75.0,25.0,100.0,0.0,100.0,0.0,98.0,5240.0,25,25,100,0,100,0,200,0,100.0,21282.0,100.0,47154642928.0,100.0,84885598028.0
2018-03-15,Z304K6EG,ST4000DM000,4000787030016,0,114,70475728,95,0,100,5,100,0,72,19659456,76,21389,100,0,100,5,100.0,0.0,100.0,0.0,100.0,0.0,100.0,0.0,100.0,0.0,75.0,25.0,100.0,0.0,100.0,0.0,98.0,5244.0,25,25,100,0,100,0,200,0,100.0,21306.0,100.0,47159600944.0,100.0,85021342710.0
2018-03-16,Z304K6EG,ST4000DM000,4000787030016,0,117.0,140442984.0,95.0,0.0,100.0,5.0,100.0,0.0,72.0,20782272.0,76.0,21413.0,100.0,0.0,100.0,5.0,100.0,0.0,100.0,0.0,100.0,0.0,100.0,0.0,100.0,0.0,75.0,25.0,100.0,0.0,100.0,0.0,98.0,5244.0,25.0,25.0,100.0,0.0,100.0,0.0,200.0,0.0,100.0,21330.0,100.0,47167289824.0,100.0,85214304513.0
2018-03-17,Z304K6EG,ST4000DM000,4000787030016,0,118,198379040,95,0,100,5,100,0,73,21648944,76,21438,100,0,100,5,100.0,0.0,100.0,0.0,100.0,0.0,100.0,0.0,100.0,0.0,75.0,25.0,100.0,0.0,100.0,0.0,98.0,5244.0,25,25,100,0,100,0,200,0,100.0,21354.0,100.0,47173720528.0,100.0,85393220193.0
2018-03-18,Z304K6EG,ST4000DM000,4000787030016,0,111,37566032,95,0,100,5,100,0,73,22534314,76,21462,100,0,100,5,100.0,0.0,100.0,0.0,100.0,0.0,100.0,0.0,100.0,0.0,75.0,25.0,100.0,0.0,100.0,0.0,98.0,5244.0,25,25,100,0,100,0,200,0,100.0,21378.0,100.0,47177224800.0,100.0,85561827126.0
2018-03-19,Z304K6EG,ST4000DM000,4000787030016,0,116,106838760,95,0,100,5,100,0,73,24285836,76,21485,100,0,100,5,100.0,0.0,100.0,0.0,100.0,0.0,100.0,0.0,100.0,0.0,75.0,25.0,100.0,0.0,100.0,0.0,98.0,5247.0,25,25,100,0,100,0,200,0,100.0,21402.0,100.0,47191023424.0,100.0,85720938864.0
2018-03-20,Z304K6EG,ST4000DM000,4000787030016,0,117,136230848,95,0,100,5,100,0,74,26527757,76,21510,100,0,100,5,100.0,0.0,100.0,0.0,100.0,0.0,100.0,0.0,100.0,0.0,75.0,25.0,100.0,0.0,100.0,0.0,98.0,5247.0,25,25,100,0,100,0,200,0,100.0,21426.0,100.0,47203001144.0,100.0,85925702455.0
2018-03-21,Z304K6EG,ST4000DM000,4000787030016,0,116,105123592,95,0,100,5,100,0,74,27753360,76,21534,100,0,100,5,100.0,0.0,100.0,0.0,100.0,0.0,100.0,0.0,100.0,0.0,75.0,25.0,100.0,0.0,100.0,0.0,98.0,5247.0,25,25,100,0,100,0,200,0,100.0,21451.0,100.0,47215142024.0,100.0,86102238222.0
2018-03-22,Z304K6EG,ST4000DM000,4000787030016,0,116,112289320,95,0,100,5,100,0,74,29357704,76,21557,100,0,100,5,100.0,0.0,100.0,0.0,100.0,0.0,100.0,0.0,100.0,0.0,75.0,25.0,100.0,0.0,100.0,0.0,98.0,5247.0,25,25,100,0,100,0,200,0,100.0,21474.0,100.0,47239175672.0,100.0,86283748352.0
2018-03-23,Z304K6EG,ST4000DM000,4000787030016,0,116,113562992,95,0,100,5,100,0,75,31210887,76,21581,100,0,100,5,100.0,0.0,100.0,0.0,100.0,0.0,100.0,0.0,100.0,0.0,75.0,25.0,100.0,0.0,100.0,0.0,98.0,5247.0,25,25,100,0,100,0,200,0,100.0,21498.0,100.0,47262084384.0,100.0,86467266648.0
2018-03-24,Z304K6EG,ST4000DM000,4000787030016,0,115,87208320,95,0,100,5,100,0,75,32852624,76,21606,100,0,100,5,100.0,0.0,100.0,0.0,100.0,0.0,100.0,0.0,100.0,0.0,75.0,25.0,100.0,0.0,100.0,0.0,98.0,5247.0,25,25,100,0,100,0,200,0,100.0,21522.0,100.0,47279958728.0,100.0,86659266047.0
2018-03-25,Z304K6EG,ST4000DM000,4000787030016,0,118,172077968,95,0,100,5,100,0,75,33691019,76,21630,100,0,100,5,100.0,0.0,100.0,0.0,100.0,0.0,100.0,0.0,100.0,0.0,75.0,25.0,100.0,0.0,100.0,0.0,98.0,5247.0,25,25,100,0,100,0,200,0,100.0,21546.0,100.0,47302468472.0,100.0,86805658556.0
2018-03-26,Z304K6EG,ST4000DM000,4000787030016,0,109,23686784,95,0,100,5,100,0,75,35090585,76,21653,100,0,100,5,100.0,0.0,100.0,0.0,100.0,0.0,100.0,0.0,100.0,0.0,75.0,25.0,100.0,0.0,100.0,0.0,98.0,5247.0,25,25,100,0,100,0,200,0,100.0,21570.0,100.0,47312399040.0,100.0,86932693316.0
2018-03-27,Z304K6EG,ST4000DM000,4000787030016,0,117,160666168,95,0,100,5,100,0,75,36032482,76,21678,100,0,100,5,100.0,0.0,100.0,0.0,100.0,0.0,100.0,0.0,100.0,0.0,75.0,25.0,100.0,0.0,100.0,0.0,98.0,5247.0,25,25,100,0,100,0,200,0,100.0,21595.0,100.0,47324791280.0,100.0,87082958734.0
2018-03-28,Z304K6EG,ST4000DM000,4000787030016,0,120,243203840,95,0,100,5,100,0,75,36989141,76,21702,100,0,100,5,100.0,0.0,100.0,0.0,100.0,0.0,100.0,0.0,100.0,0.0,75.0,25.0,100.0,0.0,100.0,0.0,98.0,5247.0,25,25,100,0,100,0,200,0,100.0,21618.0,100.0,47337244160.0,100.0,87231896812.0
2018-03-29,Z304K6EG,ST4000DM000,4000787030016,0,112,50116472,95,0,100,5,100,0,75,38053981,76,21725,100,0,100,5,100.0,0.0,100.0,0.0,100.0,0.0,100.0,0.0,100.0,0.0,75.0,25.0,100.0,0.0,100.0,0.0,98.0,5250.0,25,25,100,0,100,0,200,0,100.0,21642.0,100.0,47350453288.0,100.0,87390259034.0
2018-03-30,Z304K6EG,ST4000DM000,4000787030016,0,119,213283128,95,0,100,5,100,0,75,40587742,76,21749,100,0,100,5,100.0,0.0,100.0,0.0,100.0,0.0,100.0,0.0,100.0,0.0,75.0,25.0,100.0,0.0,100.0,0.0,98.0,5250.0,25,25,100,0,100,0,200,0,100.0,21666.0,100.0,47372489488.0,100.0,87579720167.0
2018-03-31,Z304K6EG,ST4000DM000,4000787030016,0,117,128084776,95,0,100,5,100,0,76,42387735,76,21773,100,0,100,5,100.0,0.0,100.0,0.0,100.0,0.0,100.0,0.0,100.0,0.0,75.0,25.0,100.0,0.0,100.0,0.0,98.0,5250.0,25,25,100,0,100,0,200,0,100.0,21690.0,100.0,47399379720.0,100.0,87750051418.0
2018-04-01,Z304K6EG,ST4000DM000,4000787030016,0,119,232983504,95,0,100,5,100,0,76,43323669,76,21797,100,0,100,5,100.0,0.0,100.0,0.0,100.0,0.0,100.0,0.0,100.0,0.0,76.0,24.0,100.0,0.0,100.0,0.0,98.0,5250.0,24,24,100,0,100,0,200,0,100.0,21714.0,100.0,47422384640.0,100.0,87892919743.0
2018-04-02,Z304K6EG,ST4000DM000,4000787030016,0,117,142460232,95,0,100,5,100,0,76,44910774,76,21821,100,0,100,5,100.0,0.0,100.0,0.0,100.0,0.0,100.0,0.0,100.0,0.0,75.0,25.0,100.0,0.0,100.0,0.0,98.0,5250.0,25,25,100,0,100,0,200,0,100.0,21738.0,100.0,47445900416.0,100.0,88028363949.0
2018-04-03,Z304K6EG,ST4000DM000,4000787030016,0,116,108991656,95,0,100,5,100,0,76,46147509,76,21845,100,0,100,5,100.0,0.0,100.0,0.0,100.0,0.0,100.0,0.0,100.0,0.0,75.0,25.0,100.0,0.0,100.0,0.0,98.0,5250.0,25,25,100,0,100,0,200,0,100.0,21762.0,100.0,47461942032.0,100.0,88231549603.0
2018-04-04,Z304K6EG,ST4000DM000,4000787030016,0,119,216014608,95,0,100,5,100,0,76,47550728,76,21869,100,0,100,5,100.0,0.0,100.0,0.0,100.0,0.0,100.0,0.0,100.0,0.0,75.0,25.0,100.0,0.0,100.0,0.0,98.0,5250.0,25,25,100,0,100,0,200,0,100.0,21786.0,100.0,47485002928.0,100.0,88437281812.0
2018-04-05,Z304K6EG,ST4000DM000,4000787030016,0,112,50316296,95,0,100,5,100,0,76,48593829,76,21893,100,0,100,5,100.0,0.0,100.0,0.0,100.0,0.0,100.0,0.0,100.0,0.0,76.0,24.0,100.0,0.0,100.0,0.0,98.0,5250.0,24,24,100,0,100,0,200,0,100.0,21810.0,100.0,47495558128.0,100.0,88597346605.0
2018-04-06,Z304K6EG,ST4000DM000,4000787030016,0,115,86375776,95,0,100,5,100,0,76,50051721,75,21917,100,0,100,5,100.0,0.0,100.0,0.0,100.0,0.0,100.0,0.0,100.0,0.0,76.0,24.0,100.0,0.0,100.0,0.0,98.0,5250.0,24,24,100,0,100,0,200,0,100.0,21834.0,100.0,47508845968.0,100.0,88762566825.0
2018-04-07,Z304K6EG,ST4000DM000,4000787030016,0,113.0,54593776.0,95.0,0.0,100.0,5.0,100.0,0.0,77.0,51361819.0,75.0,21941.0,100.0,0.0,100.0,5.0,100.0,0.0,100.0,0.0,100.0,0.0,100.0,0.0,100.0,0.0,76.0,24.0,100.0,0.0,100.0,0.0,98.0,5250.0,24.0,24.0,100.0,0.0,100.0,0.0,200.0,0.0,100.0,21858.0,100.0,47524554416.0,100.0,88931749488.0
2018-04-08,Z304K6EG,ST4000DM000,4000787030016,0,119,230967704,95,0,100,5,100,0,77,52133673,75,21965,100,0,100,5,100.0,0.0,100.0,0.0,100.0,0.0,100.0,0.0,100.0,0.0,76.0,24.0,100.0,0.0,100.0,0.0,98.0,5250.0,24,24,100,0,100,0,200,0,100.0,21882.0,100.0,47528195192.0,100.0,89067105664.0
2018-04-09,Z304K6EG,ST4000DM000,4000787030016,0,118,179257208,95,0,100,5,100,0,77,53719302,75,21989,100,0,100,5,100.0,0.0,100.0,0.0,100.0,0.0,100.0,0.0,100.0,0.0,76.0,24.0,100.0,0.0,100.0,0.0,98.0,5253.0,24,24,100,0,100,0,200,0,100.0,21906.0,100.0,47535521736.0,100.0,89202442108.0
2018-04-10,Z304K6EG,ST4000DM000,4000787030016,0,116,115220880,95,0,100,5,100,0,77,56000031,75,22013,100,0,100,5,100.0,0.0,100.0,0.0,100.0,0.0,100.0,0.0,100.0,0.0,76.0,24.0,100.0,0.0,100.0,0.0,98.0,5253.0,24,24,100,0,100,0,200,0,100.0,21930.0,100.0,47542535624.0,100.0,89378131170.0
2018-04-11,Z304K6EG,ST4000DM000,4000787030016,0,119,234809920,95,0,100,5,100,0,77,56905751,75,22037,100,0,100,5,100.0,0.0,100.0,0.0,100.0,0.0,100.0,0.0,100.0,0.0,76.0,24.0,100.0,0.0,100.0,0.0,98.0,5253.0,24,24,100,0,100,0,200,0,100.0,21954.0,100.0,47546278192.0,100.0,89515914168.0
2018-04-12,Z304K6EG,ST4000DM000,4000787030016,0,118,183174352,95,0,100,5,100,0,77,57873198,75,22061,100,0,100,5,100.0,0.0,100.0,0.0,100.0,0.0,100.0,0.0,100.0,0.0,76.0,24.0,100.0,0.0,100.0,0.0,98.0,5257.0,24,24,100,0,100,0,200,0,100.0,21978.0,100.0,47549074048.0,100.0,89664747837.0
2018-04-13,Z304K6EG,ST4000DM000,4000787030016,0,117,120649240,95,0,100,5,100,0,78,59526080,75,22085,100,0,100,5,100.0,0.0,100.0,0.0,100.0,0.0,100.0,0.0,100.0,0.0,75.0,25.0,100.0,0.0,100.0,0.0,98.0,5257.0,25,25,100,0,100,0,200,0,100.0,22002.0,100.0,47552315008.0,100.0,89837899033.0
2018-04-14,Z304K6EG,ST4000DM000,4000787030016,0,116,109272816,95,0,100,5,100,0,78,60879152,75,22109,100,0,100,5,100.0,0.0,100.0,0.0,100.0,0.0,100.0,0.0,100.0,0.0,76.0,24.0,100.0,0.0,100.0,0.0,98.0,5257.0,24,24,100,0,100,0,200,0,100.0,22026.0,100.0,47555902440.0,100.0,89970957412.0
2018-04-15,Z304K6EG,ST4000DM000,4000787030016,0,114,77084768,95,0,100,5,100,0,78,61832682,75,22133,100,0,100,5,100.0,0.0,100.0,0.0,100.0,0.0,100.0,0.0,100.0,0.0,76.0,24.0,100.0,0.0,100.0,0.0,98.0,5257.0,24,24,100,0,100,0,200,0,100.0,22050.0,100.0,47558502536.0,100.0,90104636999.0
2018-04-16,Z304K6EG,ST4000DM000,4000787030016,0,114,61343760,95,0,100,5,100,0,78,63723740,75,22157,100,0,100,5,100.0,0.0,100.0,0.0,100.0,0.0,100.0,0.0,100.0,0.0,76.0,24.0,100.0,0.0,100.0,0.0,98.0,5262.0,24,24,100,0,100,0,200,0,100.0,22073.0,100.0,47563338552.0,100.0,90250491813.0
2018-04-17,Z304K6EG,ST4000DM000,4000787030016,0,119,218628152,95,0,100,5,100,0,78,64665820,75,22181,100,0,100,5,100.0,0.0,100.0,0.0,100.0,0.0,100.0,0.0,100.0,0.0,75.0,25.0,100.0,0.0,100.0,0.0,98.0,5262.0,25,25,100,0,100,0,200,0,100.0,22098.0,100.0,47565226768.0,100.0,90419650746.0
2018-04-18,Z304K6EG,ST4000DM000,4000787030016,0,114,83865616,95,0,100,5,100,0,78,65665284,75,22205,100,0,100,5,100.0,0.0,100.0,0.0,100.0,0.0,100.0,0.0,100.0,0.0,76.0,24.0,100.0,0.0,100.0,0.0,98.0,5262.0,24,24,100,0,100,0,200,0,100.0,22122.0,100.0,47569011312.0,100.0,90584633897.0
2018-04-19,Z304K6EG,ST4000DM000,4000787030016,0,114,82544808,95,0,100,5,100,0,78,66441904,75,22229,100,0,100,5,100.0,0.0,100.0,0.0,100.0,0.0,100.0,0.0,100.0,0.0,76.0,24.0,100.0,0.0,100.0,0.0,98.0,5262.0,24,24,100,0,100,0,200,0,100.0,22145.0,100.0,47571963024.0,100.0,90728678620.0
2018-04-20,Z304K6EG,ST4000DM000,4000787030016,0,117,147768360,95,0,100,5,100,0,78,67864852,75,22253,100,0,100,5,100.0,0.0,100.0,0.0,100.0,0.0,100.0,0.0,100.0,0.0,76.0,24.0,100.0,0.0,100.0,0.0,98.0,5262.0,24,24,100,0,100,0,200,0,100.0,22169.0,100.0,47578332712.0,100.0,90901118091.0
2018-04-21,Z304K6EG,ST4000DM000,4000787030016,0,114,77459976,95,0,100,5,100,0,78,70018608,75,22277,100,0,100,5,100.0,0.0,100.0,0.0,100.0,0.0,100.0,0.0,100.0,0.0,77.0,23.0,100.0,0.0,100.0,0.0,98.0,5262.0,23,23,100,0,100,0,200,0,100.0,22194.0,100.0,47582362064.0,100.0,91020107034.0
2018-04-22,Z304K6EG,ST4000DM000,4000787030016,0,119,223551384,95,0,100,5,100,0,78,70507639,75,22301,100,0,100,5,100.0,0.0,100.0,0.0,100.0,0.0,100.0,0.0,100.0,0.0,77.0,23.0,100.0,0.0,100.0,0.0,98.0,5262.0,23,23,100,0,100,0,200,0,100.0,22218.0,100.0,47584907168.0,100.0,91109377813.0
2018-04-23,Z304K6EG,ST4000DM000,4000787030016,0,117,163019880,95,0,100,5,100,0,78,71678076,75,22325,100,0,100,5,100.0,0.0,100.0,0.0,100.0,0.0,100.0,0.0,100.0,0.0,77.0,23.0,100.0,0.0,100.0,0.0,98.0,5269.0,23,23,100,0,100,0,200,0,100.0,22242.0,100.0,47589461632.0,100.0,91199329127.0
2018-04-24,Z304K6EG,ST4000DM000,4000787030016,0,119,201658336,95,0,100,5,100,0,78,72338073,75,22349,100,0,100,5,100.0,0.0,100.0,0.0,100.0,0.0,100.0,0.0,100.0,0.0,77.0,23.0,100.0,0.0,100.0,0.0,98.0,5269.0,23,23,100,0,100,0,200,0,100.0,22266.0,100.0,47590626608.0,100.0,91350744516.0
2018-04-25,Z304K6EG,ST4000DM000,4000787030016,0,118,199565288,95,0,100,5,100,0,78,72896959,75,22373,100,0,100,5,100.0,0.0,100.0,0.0,100.0,0.0,100.0,0.0,100.0,0.0,78.0,22.0,100.0,0.0,100.0,0.0,98.0,5301.0,22,22,100,0,100,0,200,0,100.0,22289.0,100.0,47592794424.0,100.0,91496647891.0
2018-04-26,Z304K6EG,ST4000DM000,4000787030016,0,119,219534000,95,0,100,5,100,0,78,73415837,75,22399,100,0,100,5,100.0,0.0,100.0,0.0,100.0,0.0,100.0,0.0,100.0,0.0,76.0,24.0,100.0,0.0,100.0,0.0,98.0,5305.0,24,24,100,0,100,0,200,0,100.0,22315.0,100.0,47597152088.0,100.0,91668389572.0
2018-04-27,Z304K6EG,ST4000DM000,4000787030016,0,118,185488800,95,0,100,5,100,0,78,74583407,75,22423,100,0,100,5,100.0,0.0,100.0,0.0,100.0,0.0,100.0,0.0,100.0,0.0,76.0,24.0,100.0,0.0,100.0,0.0,98.0,5305.0,24,24,100,0,100,0,200,0,100.0,22339.0,100.0,47602029808.0,100.0,91863758694.0
2018-04-28,Z304K6EG,ST4000DM000,4000787030016,0,115,93721840,95,0,100,5,100,0,78,75129228,75,22447,100,0,100,5,100.0,0.0,100.0,0.0,100.0,0.0,100.0,0.0,100.0,0.0,76.0,24.0,100.0,0.0,100.0,0.0,98.0,5305.0,24,24,100,0,100,0,200,0,100.0,22363.0,100.0,47605372808.0,100.0,92041057058.0
2018-04-29,Z304K6EG,ST4000DM000,4000787030016,0,118,171215256,95,0,100,5,100,0,78,75601955,75,22471,100,0,100,5,100.0,0.0,100.0,0.0,100.0,0.0,100.0,0.0,100.0,0.0,76.0,24.0,100.0,0.0,100.0,0.0,98.0,5305.0,24,24,100,0,100,0,200,0,100.0,22387.0,100.0,47609562072.0,100.0,92204386313.0
2018-04-30,Z304K6EG,ST4000DM000,4000787030016,0,114,76199136,95,0,100,5,100,0,78,76765742,75,22495,100,0,100,5,100.0,0.0,100.0,0.0,100.0,0.0,100.0,0.0,100.0,0.0,76.0,24.0,100.0,0.0,100.0,0.0,98.0,5312.0,24,24,100,0,100,0,200,0,100.0,22411.0,100.0,47615203328.0,100.0,92332488711.0
2018-05-01,Z304K6EG,ST4000DM000,4000787030016,0,120,236894456,95,0,100,5,100,0,78,78470688,75,22519,100,0,100,5,100.0,0.0,100.0,0.0,100.0,0.0,100.0,0.0,100.0,0.0,76.0,24.0,100.0,0.0,100.0,0.0,98.0,5312.0,24,24,100,0,100,0,200,0,100.0,22435.0,100.0,47624639336.0,100.0,92530009527.0
2018-05-02,Z304K6EG,ST4000DM000,4000787030016,0,114.0,83412728.0,95.0,0.0,100.0,5.0,100.0,0.0,78.0,79258577.0,75.0,22543.0,100.0,0.0,100.0,5.0,100.0,0.0,100.0,0.0,100.0,0.0,100.0,0.0,100.0,0.0,77.0,23.0,100.0,0.0,100.0,0.0,98.0,5312.0,23.0,23.0,100.0,0.0,100.0,0.0,200.0,0.0,100.0,22460.0,100.0,47627444560.0,100.0,92708658933.0
2018-05-03,Z304K6EG,ST4000DM000,4000787030016,0,111,31579920,95,0,100,5,100,0,78,80044149,75,22565,100,0,100,5,100.0,0.0,100.0,0.0,100.0,0.0,100.0,0.0,100.0,0.0,77.0,23.0,100.0,0.0,100.0,0.0,98.0,5316.0,23,23,100,0,100,0,200,0,100.0,22481.0,100.0,47629682512.0,100.0,92859201920.0
2018-05-04,Z304K6EG,ST4000DM000,4000787030016,0,116,115092944,95,0,100,5,100,0,78,81492315,75,22589,100,0,100,5,100.0,0.0,100.0,0.0,100.0,0.0,100.0,0.0,100.0,0.0,77.0,23.0,100.0,0.0,100.0,0.0,98.0,5316.0,23,23,100,0,100,0,200,0,100.0,22505.0,100.0,47633374280.0,100.0,93056027935.0
2018-05-05,Z304K6EG,ST4000DM000,4000787030016,0,118,178340520,95,0,100,5,100,0,78,82731507,75,22613,100,0,100,5,100.0,0.0,100.0,0.0,100.0,0.0,100.0,0.0,100.0,0.0,76.0,24.0,100.0,0.0,100.0,0.0,98.0,5316.0,24,24,100,0,100,0,200,0,100.0,22529.0,100.0,47636525816.0,100.0,93240272401.0
2018-05-06,Z304K6EG,ST4000DM000,4000787030016,0,116,109375056,95,0,100,5,100,0,79,84348749,75,22637,100,0,100,5,100.0,0.0,100.0,0.0,100.0,0.0,100.0,0.0,100.0,0.0,76.0,24.0,100.0,0.0,100.0,0.0,98.0,5316.0,24,24,100,0,100,0,200,0,100.0,22553.0,100.0,47638943232.0,100.0,93443168052.0
2018-05-07,Z304K6EG,ST4000DM000,4000787030016,0,119,209853592,95,0,100,5,100,0,79,85943437,75,22661,100,0,100,5,100.0,0.0,100.0,0.0,100.0,0.0,100.0,0.0,100.0,0.0,76.0,24.0,100.0,0.0,100.0,0.0,98.0,5333.0,24,24,100,0,100,0,200,0,100.0,22577.0,100.0,47643243640.0,100.0,93576027279.0
2018-05-08,Z304K6EG,ST4000DM000,4000787030016,0,110,26541168,95,0,100,5,100,0,79,87055196,75,22685,100,0,100,5,100.0,0.0,100.0,0.0,100.0,0.0,100.0,0.0,100.0,0.0,76.0,24.0,100.0,0.0,100.0,0.0,98.0,5333.0,24,24,100,0,100,0,200,0,100.0,22601.0,100.0,47645736288.0,100.0,93756961237.0
2018-05-09,Z304K6EG,ST4000DM000,4000787030016,0,115,85168240,95,0,100,5,100,0,79,88334426,75,22709,100,0,100,5,100.0,0.0,100.0,0.0,100.0,0.0,100.0,0.0,100.0,0.0,76.0,24.0,100.0,0.0,100.0,0.0,98.0,5333.0,24,24,100,0,100,0,200,0,100.0,22625.0,100.0,47649968464.0,100.0,93921651561.0
2018-05-10,Z304K6EG,ST4000DM000,4000787030016,0,111,36490120,95,0,100,5,100,0,79,89134766,75,22734,100,0,100,5,100.0,0.0,100.0,0.0,100.0,0.0,100.0,0.0,100.0,0.0,76.0,24.0,100.0,0.0,100.0,0.0,98.0,5337.0,24,24,100,0,100,0,200,0,100.0,22650.0,100.0,47652486352.0,100.0,94093018949.0
2018-05-11,Z304K6EG,ST4000DM000,4000787030016,0,116,106782552,95,0,100,5,100,0,79,90452322,75,22758,100,0,100,5,100.0,0.0,100.0,0.0,100.0,0.0,100.0,0.0,100.0,0.0,76.0,24.0,100.0,0.0,100.0,0.0,98.0,5337.0,24,24,100,0,100,0,200,0,100.0,22674.0,100.0,47657759152.0,100.0,94246631194.0
2018-05-12,Z304K6EG,ST4000DM000,4000787030016,0,119,226918960,95,0,100,5,100,0,79,91604091,74,22781,100,0,100,5,100.0,0.0,100.0,0.0,100.0,0.0,100.0,0.0,100.0,0.0,76.0,24.0,100.0,0.0,100.0,0.0,98.0,5337.0,24,24,100,0,100,0,200,0,100.0,22697.0,100.0,47662893560.0,100.0,94398759859.0
2018-05-13,Z304K6EG,ST4000DM000,4000787030016,0,117,142495296,95,0,100,5,100,0,79,92758799,74,22805,100,0,100,5,100.0,0.0,100.0,0.0,100.0,0.0,100.0,0.0,100.0,0.0,76.0,24.0,100.0,0.0,100.0,0.0,98.0,5337.0,24,24,100,0,100,0,200,0,100.0,22721.0,100.0,47666144976.0,100.0,94559986946.0
2018-05-14,Z304K6EG,ST4000DM000,4000787030016,0,117,133282768,95,0,100,5,100,0,79,94520279,74,22830,100,0,100,5,100.0,0.0,100.0,0.0,100.0,0.0,100.0,0.0,100.0,0.0,76.0,24.0,100.0,0.0,100.0,0.0,98.0,5348.0,24,24,100,0,100,0,200,0,100.0,22746.0,100.0,47671742624.0,100.0,94697268391.0
2018-05-15,Z304K6EG,ST4000DM000,4000787030016,0,117.0,159359104.0,95.0,0.0,100.0,5.0,100.0,0.0,79.0,95262657.0,74.0,22854.0,100.0,0.0,100.0,5.0,100.0,0.0,100.0,0.0,100.0,0.0,100.0,0.0,100.0,0.0,76.0,24.0,100.0,0.0,100.0,0.0,98.0,5348.0,24.0,24.0,100.0,0.0,100.0,0.0,200.0,0.0,100.0,22770.0,100.0,47673131256.0,100.0,94847875851.0
2018-05-16,Z304K6EG,ST4000DM000,4000787030016,0,117,162646848,95,0,100,5,100,0,79,95970079,74,22878,100,0,100,5,100.0,0.0,100.0,0.0,100.0,0.0,100.0,0.0,100.0,0.0,76.0,24.0,100.0,0.0,100.0,0.0,98.0,5348.0,24,24,100,0,100,0,200,0,100.0,22794.0,100.0,47675470568.0,100.0,94989293109.0
2018-05-17,Z304K6EG,ST4000DM000,4000787030016,0,105,8877264,95,0,100,5,100,0,79,98307819,74,22901,100,0,100,5,100.0,0.0,100.0,0.0,100.0,0.0,100.0,0.0,100.0,0.0,75.0,25.0,100.0,0.0,100.0,0.0,98.0,5352.0,25,25,100,0,100,0,200,0,100.0,22817.0,100.0,47682457208.0,100.0,95201317775.0
2018-05-18,Z304K6EG,ST4000DM000,4000787030016,0,119,214770488,95,0,100,5,100,0,79,99702687,74,22925,100,0,100,5,100.0,0.0,100.0,0.0,100.0,0.0,100.0,0.0,100.0,0.0,75.0,25.0,100.0,0.0,100.0,0.0,98.0,5352.0,25,25,100,0,100,0,200,0,100.0,22840.0,100.0,47686602136.0,100.0,95386170636.0
2018-05-19,Z304K6EG,ST4000DM000,4000787030016,0,117,136573664,95,0,100,5,100,0,80,101283123,74,22949,100,0,100,5,100.0,0.0,100.0,0.0,100.0,0.0,100.0,0.0,100.0,0.0,75.0,25.0,100.0,0.0,100.0,0.0,98.0,5352.0,25,25,100,0,100,0,200,0,100.0,22865.0,100.0,47692799408.0,100.0,95568906069.0
2018-05-20,Z304K6EG,ST4000DM000,4000787030016,0,118,186158952,95,0,100,5,100,0,80,102084792,74,22973,100,0,100,5,100.0,0.0,100.0,0.0,100.0,0.0,100.0,0.0,100.0,0.0,76.0,24.0,100.0,0.0,100.0,0.0,98.0,5352.0,24,24,100,0,100,0,200,0,100.0,22889.0,100.0,47694967688.0,100.0,95715934017.0
2018-05-21,Z304K6EG,ST4000DM000,4000787030016,0,116,111483536,95,0,100,5,100,0,80,103555272,74,22997,100,0,100,5,100.0,0.0,100.0,0.0,100.0,0.0,100.0,0.0,100.0,0.0,75.0,25.0,100.0,0.0,100.0,0.0,98.0,5358.0,25,25,100,0,100,0,200,0,100.0,22913.0,100.0,47700097224.0,100.0,95862016034.0
2018-05-22,Z304K6EG,ST4000DM000,4000787030016,0,117,160698168,95,0,100,5,100,0,80,104169046,74,23013,100,0,100,5,100.0,0.0,100.0,0.0,100.0,0.0,100.0,0.0,100.0,0.0,76.0,24.0,100.0,0.0,100.0,0.0,98.0,5358.0,24,24,100,0,100,0,200,0,100.0,22929.0,100.0,47702905600.0,100.0,95972312674.0
2018-05-23,Z304K6EG,ST4000DM000,4000787030016,0,114,60081032,95,0,100,5,100,0,80,105291293,74,23045,100,0,100,5,100.0,0.0,100.0,0.0,100.0,0.0,100.0,0.0,100.0,0.0,74.0,26.0,100.0,0.0,100.0,0.0,98.0,5358.0,26,26,100,0,100,0,200,0,100.0,22961.0,100.0,47706206320.0,100.0,96159109869.0
2018-05-24,Z304K6EG,ST4000DM000,4000787030016,0,117,147753896,95,0,100,5,100,0,80,106113662,74,23069,100,0,100,5,100.0,0.0,100.0,0.0,100.0,0.0,100.0,0.0,100.0,0.0,75.0,25.0,100.0,0.0,100.0,0.0,98.0,5358.0,25,25,100,0,100,0,200,0,100.0,22984.0,100.0,47709153352.0,100.0,96292179854.0
2018-05-25,Z304K6EG,ST4000DM000,4000787030016,0,117,137053520,95,0,100,5,100,0,80,107841525,74,23094,100,0,100,5,100.0,0.0,100.0,0.0,100.0,0.0,100.0,0.0,100.0,0.0,77.0,23.0,100.0,0.0,100.0,0.0,98.0,5361.0,23,23,100,0,100,0,200,0,100.0,23009.0,100.0,47713731488.0,100.0,96468745790.0
2018-05-26,Z304K6EG,ST4000DM000,4000787030016,0,117,120880864,95,0,100,5,100,0,80,109330452,74,23118,100,0,100,5,100.0,0.0,100.0,0.0,100.0,0.0,100.0,0.0,100.0,0.0,75.0,25.0,100.0,0.0,100.0,0.0,98.0,5361.0,25,25,100,0,100,0,200,0,100.0,23033.0,100.0,47716866256.0,100.0,96636429104.0
2018-05-27,Z304K6EG,ST4000DM000,4000787030016,0,117,119794600,95,0,100,5,100,0,80,111454431,74,23142,100,0,100,5,100.0,0.0,100.0,0.0,100.0,0.0,100.0,0.0,100.0,0.0,76.0,24.0,100.0,0.0,100.0,0.0,98.0,5361.0,24,24,100,0,100,0,200,0,100.0,23057.0,100.0,47722694000.0,100.0,96759017223.0
2018-05-28,Z304K6EG,ST4000DM000,4000787030016,0,118,175501160,95,0,100,5,100,0,80,112917455,74,23166,100,0,100,5,100.0,0.0,100.0,0.0,100.0,0.0,100.0,0.0,100.0,0.0,75.0,25.0,100.0,0.0,100.0,0.0,98.0,5373.0,25,25,100,0,100,0,200,0,100.0,23081.0,100.0,47724375000.0,100.0,96892174649.0
2018-05-29,Z304K6EG,ST4000DM000,4000787030016,0,117,156529640,95,0,100,5,100,0,80,114172827,74,23190,100,0,100,5,100.0,0.0,100.0,0.0,100.0,0.0,100.0,0.0,100.0,0.0,76.0,24.0,100.0,0.0,100.0,0.0,98.0,5373.0,24,24,100,0,100,0,200,0,100.0,23105.0,100.0,47726604624.0,100.0,97071719189.0
2018-05-30,Z304K6EG,ST4000DM000,4000787030016,0,110,28156600,95,0,100,5,100,0,80,115144666,74,23214,100,0,100,5,100.0,0.0,100.0,0.0,100.0,0.0,100.0,0.0,100.0,0.0,75.0,25.0,100.0,0.0,100.0,0.0,98.0,5373.0,25,25,100,0,100,0,200,0,100.0,23129.0,100.0,47729329712.0,100.0,97240808132.0
2018-05-31,Z304K6EG,ST4000DM000,4000787030016,0,118,194391968,95,0,100,5,100,0,80,115973855,74,23239,100,0,100,5,100.0,0.0,100.0,0.0,100.0,0.0,100.0,0.0,100.0,0.0,75.0,25.0,100.0,0.0,100.0,0.0,98.0,5377.0,25,25,100,0,100,0,200,0,100.0,23155.0,100.0,47731637896.0,100.0,97391878164.0
2018-06-01,Z304K6EG,ST4000DM000,4000787030016,0,114,64827696,95,0,100,5,100,0,81,117575248,74,23263,100,0,100,5,100.0,0.0,100.0,0.0,100.0,0.0,100.0,0.0,100.0,0.0,75.0,25.0,100.0,0.0,100.0,0.0,98.0,5377.0,25,25,100,0,100,0,200,0,100.0,23179.0,100.0,47737917384.0,100.0,97560421561.0
2018-06-02,Z304K6EG,ST4000DM000,4000787030016,0,109,23058072,95,0,100,5,100,0,81,118106142,74,23287,100,0,100,5,100.0,0.0,100.0,0.0,100.0,0.0,100.0,0.0,100.0,0.0,76.0,24.0,100.0,0.0,100.0,0.0,98.0,5378.0,24,24,100,0,100,0,200,0,100.0,23203.0,100.0,47739510400.0,100.0,97655940417.0
2018-06-03,Z304K6EG,ST4000DM000,4000787030016,0,118,190032200,95,0,100,5,100,0,81,118582060,74,23311,100,0,100,5,100.0,0.0,100.0,0.0,100.0,0.0,100.0,0.0,100.0,0.0,75.0,25.0,100.0,0.0,100.0,0.0,98.0,5378.0,25,25,100,0,100,0,200,0,100.0,23227.0,100.0,47742126400.0,100.0,97739985787.0
2018-06-04,Z304K6EG,ST4000DM000,4000787030016,0,111,32490872,95,0,100,5,100,0,81,119838725,74,23335,100,0,100,5,100.0,0.0,100.0,0.0,100.0,0.0,100.0,0.0,100.0,0.0,76.0,24.0,100.0,0.0,100.0,0.0,98.0,5394.0,24,24,100,0,100,0,200,0,100.0,23250.0,100.0,47746863864.0,100.0,97851039361.0
2018-06-05,Z304K6EG,ST4000DM000,4000787030016,0,112,48313040,95,0,100,5,100,0,81,120557333,74,23359,100,0,100,5,100.0,0.0,100.0,0.0,100.0,0.0,100.0,0.0,100.0,0.0,75.0,25.0,100.0,0.0,100.0,0.0,98.0,5433.0,25,25,100,0,100,0,200,0,100.0,23274.0,100.0,47748647776.0,100.0,98005799784.0
2018-06-06,Z304K6EG,ST4000DM000,4000787030016,0,117,132525816,95,0,100,5,100,0,81,121260088,74,23383,100,0,100,5,100.0,0.0,100.0,0.0,100.0,0.0,100.0,0.0,100.0,0.0,75.0,25.0,100.0,0.0,100.0,0.0,98.0,5433.0,25,25,100,0,100,0,200,0,100.0,23298.0,100.0,47752451504.0,100.0,98157823363.0
2018-06-07,Z304K6EG,ST4000DM000,4000787030016,0,116,104419936,95,0,100,5,100,0,81,122597989,74,23407,100,0,100,5,100.0,0.0,100.0,0.0,100.0,0.0,100.0,0.0,100.0,0.0,76.0,24.0,100.0,0.0,100.0,0.0,98.0,5433.0,24,24,100,0,100,0,200,0,100.0,23322.0,100.0,47758260088.0,100.0,98344340813.0
2018-06-08,Z304K6EG,ST4000DM000,4000787030016,0,117,150956384,95,0,100,5,100,0,81,123803779,74,23430,100,0,100,5,100.0,0.0,100.0,0.0,100.0,0.0,100.0,0.0,100.0,0.0,76.0,24.0,100.0,0.0,100.0,0.0,98.0,5438.0,24,24,100,0,100,0,200,0,100.0,23346.0,100.0,47763750200.0,100.0,98531363032.0
2018-06-09,Z304K6EG,ST4000DM000,4000787030016,0,102,4471832,95,0,100,5,100,0,81,124251470,74,23454,100,0,100,5,100.0,0.0,100.0,0.0,100.0,0.0,100.0,0.0,100.0,0.0,76.0,24.0,100.0,0.0,100.0,0.0,98.0,5438.0,24,24,100,0,100,0,200,0,100.0,23370.0,100.0,47766701544.0,100.0,98700284811.0
2018-06-10,Z304K6EG,ST4000DM000,4000787030016,0,118,186303352,95,0,100,5,100,0,81,124662643,74,23478,100,0,100,5,100.0,0.0,100.0,0.0,100.0,0.0,100.0,0.0,100.0,0.0,76.0,24.0,100.0,0.0,100.0,0.0,98.0,5438.0,24,24,100,0,100,0,200,0,100.0,23393.0,100.0,47769550336.0,100.0,98839515415.0
2018-06-11,Z304K6EG,ST4000DM000,4000787030016,0,116,111561848,95,0,100,5,100,0,81,125785458,74,23502,100,0,100,5,100.0,0.0,100.0,0.0,100.0,0.0,100.0,0.0,100.0,0.0,76.0,24.0,100.0,0.0,100.0,0.0,98.0,5452.0,24,24,100,0,100,0,200,0,100.0,23417.0,100.0,47774872672.0,100.0,98996577391.0
2018-06-12,Z304K6EG,ST4000DM000,4000787030016,0,114,78397896,95,0,100,5,100,0,81,126336957,74,23526,100,0,100,5,100.0,0.0,100.0,0.0,100.0,0.0,100.0,0.0,100.0,0.0,76.0,24.0,100.0,0.0,100.0,0.0,98.0,5452.0,24,24,100,0,100,0,200,0,100.0,23441.0,100.0,47777193936.0,100.0,99163007037.0
2018-06-13,Z304K6EG,ST4000DM000,4000787030016,0,118,198965016,95,0,100,5,100,0,81,127198331,74,23550,100,0,100,5,100.0,0.0,100.0,0.0,100.0,0.0,100.0,0.0,100.0,0.0,76.0,24.0,100.0,0.0,100.0,0.0,98.0,5453.0,24,24,100,0,100,0,200,0,100.0,23465.0,100.0,47779530904.0,100.0,99329308509.0
2018-06-14,Z304K6EG,ST4000DM000,4000787030016,0,102,4416528,95,0,100,5,100,0,81,128097129,74,23574,100,0,100,5,100.0,0.0,100.0,0.0,100.0,0.0,100.0,0.0,100.0,0.0,75.0,25.0,100.0,0.0,100.0,0.0,98.0,5453.0,25,25,100,0,100,0,200,0,100.0,23489.0,100.0,47782413504.0,100.0,99507335002.0
2018-06-15,Z304K6EG,ST4000DM000,4000787030016,0,120.0,236123872.0,95.0,0.0,100.0,5.0,100.0,0.0,81.0,129824500.0,74.0,23598.0,100.0,0.0,100.0,5.0,100.0,0.0,100.0,0.0,100.0,0.0,100.0,0.0,100.0,0.0,75.0,25.0,100.0,0.0,100.0,0.0,98.0,5453.0,25.0,25.0,100.0,0.0,100.0,0.0,200.0,0.0,100.0,23513.0,100.0,47787643832.0,100.0,99714013088.0
2018-06-16,Z304K6EG,ST4000DM000,4000787030016,0,119.0,207625200.0,95.0,0.0,100.0,5.0,100.0,0.0,81.0,131840382.0,74.0,23622.0,100.0,0.0,100.0,5.0,100.0,0.0,100.0,0.0,100.0,0.0,100.0,0.0,100.0,0.0,75.0,25.0,100.0,0.0,100.0,0.0,98.0,5453.0,25.0,25.0,100.0,0.0,100.0,0.0,200.0,0.0,100.0,23537.0,100.0,47791276176.0,100.0,99905916972.0
2018-06-17,Z304K6EG,ST4000DM000,4000787030016,0,117.0,131035416.0,95.0,0.0,100.0,5.0,100.0,0.0,81.0,133733539.0,74.0,23646.0,100.0,0.0,100.0,5.0,100.0,0.0,100.0,0.0,100.0,0.0,100.0,0.0,100.0,0.0,77.0,23.0,100.0,0.0,100.0,0.0,98.0,5453.0,23.0,23.0,100.0,0.0,100.0,0.0,200.0,0.0,100.0,23561.0,100.0,47796135232.0,100.0,100080605809.0
2018-06-18,Z304K6EG,ST4000DM000,4000787030016,0,120.0,243904552.0,95.0,0.0,100.0,5.0,100.0,0.0,81.0,135370730.0,73.0,23670.0,100.0,0.0,100.0,5.0,100.0,0.0,100.0,0.0,100.0,0.0,100.0,0.0,100.0,0.0,77.0,23.0,100.0,0.0,100.0,0.0,98.0,5475.0,23.0,23.0,100.0,0.0,100.0,0.0,200.0,0.0,100.0,23585.0,100.0,47801536952.0,100.0,100230571222.0
2018-06-19,Z304K6EG,ST4000DM000,4000787030016,0,116,107723928,95,0,100,5,100,0,81,136187335,73,23694,100,0,100,5,100.0,0.0,100.0,0.0,100.0,0.0,100.0,0.0,100.0,0.0,77.0,23.0,100.0,0.0,100.0,0.0,98.0,5476.0,23,23,100,0,100,0,200,0,100.0,23609.0,100.0,47803411024.0,100.0,100387500422.0
2018-06-20,Z304K6EG,ST4000DM000,4000787030016,0,106,11831120,95,0,100,5,100,0,81,136926292,73,23718,100,0,100,5,100.0,0.0,100.0,0.0,100.0,0.0,100.0,0.0,100.0,0.0,77.0,23.0,100.0,0.0,100.0,0.0,98.0,5476.0,23,23,100,0,100,0,200,0,100.0,23633.0,100.0,47805333656.0,100.0,100548901582.0
2018-06-21,Z304K6EG,ST4000DM000,4000787030016,0,117,153545392,95,0,100,5,100,0,81,137758778,73,23742,100,0,100,5,100.0,0.0,100.0,0.0,100.0,0.0,100.0,0.0,100.0,0.0,77.0,23.0,100.0,0.0,100.0,0.0,98.0,5476.0,23,23,100,0,100,0,200,0,100.0,23657.0,100.0,47807678144.0,100.0,100703960376.0
2018-06-22,Z304K6EG,ST4000DM000,4000787030016,0,114,77640256,95,0,100,5,100,0,81,139137341,73,23766,100,0,100,5,100.0,0.0,100.0,0.0,100.0,0.0,100.0,0.0,100.0,0.0,76.0,24.0,100.0,0.0,100.0,0.0,98.0,5476.0,24,24,100,0,100,0,200,0,100.0,23681.0,100.0,47811533464.0,100.0,100856718340.0
2018-06-23,Z304K6EG,ST4000DM000,4000787030016,0,114,79489504,95,0,100,5,100,0,81,140449979,73,23790,100,0,100,5,100.0,0.0,100.0,0.0,100.0,0.0,100.0,0.0,100.0,0.0,76.0,24.0,100.0,0.0,100.0,0.0,98.0,5476.0,24,24,100,0,100,0,200,0,100.0,23705.0,100.0,47815182904.0,100.0,101020022703.0
2018-06-24,Z304K6EG,ST4000DM000,4000787030016,0,119,221643880,95,0,100,5,100,0,81,141613934,73,23814,100,0,100,5,100.0,0.0,100.0,0.0,100.0,0.0,100.0,0.0,100.0,0.0,76.0,24.0,100.0,0.0,100.0,0.0,98.0,5476.0,24,24,100,0,100,0,200,0,100.0,23729.0,100.0,47818079080.0,100.0,101187690083.0
2018-06-25,Z304K6EG,ST4000DM000,4000787030016,0,117,144231480,95,0,100,5,100,0,81,142963112,73,23838,100,0,100,5,100.0,0.0,100.0,0.0,100.0,0.0,100.0,0.0,100.0,0.0,76.0,24.0,100.0,0.0,100.0,0.0,98.0,5487.0,24,24,100,0,100,0,200,0,100.0,23753.0,100.0,47822282640.0,100.0,101315248905.0
2018-06-26,Z304K6EG,ST4000DM000,4000787030016,0,111,33398152,95,0,100,5,100,0,81,143780879,73,23862,100,0,100,5,100.0,0.0,100.0,0.0,100.0,0.0,100.0,0.0,100.0,0.0,76.0,24.0,100.0,0.0,100.0,0.0,98.0,5488.0,24,24,100,0,100,0,200,0,100.0,23777.0,100.0,47824367024.0,100.0,101478328308.0
2018-06-27,Z304K6EG,ST4000DM000,4000787030016,0,114,74757640,95,0,100,5,100,0,81,146098587,73,23886,100,0,100,5,100.0,0.0,100.0,0.0,100.0,0.0,100.0,0.0,100.0,0.0,76.0,24.0,100.0,0.0,100.0,0.0,98.0,5489.0,24,24,100,0,100,0,200,0,100.0,23802.0,100.0,47830238272.0,100.0,101696384307.0
2018-06-28,Z304K6EG,ST4000DM000,4000787030016,0,118,177402568,95,0,100,5,100,0,81,147093112,73,23910,100,0,100,5,100.0,0.0,100.0,0.0,100.0,0.0,100.0,0.0,100.0,0.0,76.0,24.0,100.0,0.0,100.0,0.0,98.0,5489.0,24,24,100,0,100,0,200,0,100.0,23825.0,100.0,47831922720.0,100.0,101868794131.0
2018-06-29,Z304K6EG,ST4000DM000,4000787030016,0,112,46913664,95,0,100,5,100,0,81,148672162,73,23934,100,0,100,5,100.0,0.0,100.0,0.0,100.0,0.0,100.0,0.0,100.0,0.0,76.0,24.0,100.0,0.0,100.0,0.0,98.0,5489.0,24,24,100,0,100,0,200,0,100.0,23849.0,100.0,47836165360.0,100.0,102042866931.0
2018-06-30,Z304K6EG,ST4000DM000,4000787030016,0,119,230399232,95,0,100,5,100,0,81,149660375,73,23960,100,0,100,5,100.0,0.0,100.0,0.0,100.0,0.0,100.0,0.0,100.0,0.0,76.0,24.0,100.0,0.0,100.0,0.0,98.0,5492.0,24,24,100,0,100,0,200,0,100.0,23875.0,100.0,47838760376.0,100.0,102209113512.0
2018-07-01,Z304K6EG,ST4000DM000,4000787030016,0,120,1358896,95,0,100,5,100,0,81,150550146,73,23984,100,0,100,5,100.0,0.0,100.0,0.0,100.0,0.0,100.0,0.0,100.0,0.0,76.0,24.0,100.0,0.0,100.0,0.0,98.0,5492.0,24,24,100,0,100,0,200,0,100.0,23899.0,100.0,47841437944.0,100.0,102373021388.0
2018-07-02,Z304K6EG,ST4000DM000,4000787030016,0,109,23403272,95,0,100,5,100,0,81,151988389,73,24008,100,0,100,5,100.0,0.0,100.0,0.0,100.0,0.0,100.0,0.0,100.0,0.0,77.0,23.0,100.0,0.0,100.0,0.0,98.0,5506.0,23,23,100,0,100,0,200,0,100.0,23923.0,100.0,47847409944.0,100.0,102489033247.0
2018-07-03,Z304K6EG,ST4000DM000,4000787030016,0,115,86271928,95,0,100,5,100,0,81,152899944,73,24032,100,0,100,5,100.0,0.0,100.0,0.0,100.0,0.0,100.0,0.0,100.0,0.0,76.0,24.0,100.0,0.0,100.0,0.0,98.0,5506.0,24,24,100,0,100,0,200,0,100.0,23947.0,100.0,47850154104.0,100.0,102639387893.0
2018-07-04,Z304K6EG,ST4000DM000,4000787030016,0,117,132984520,95,0,100,5,100,0,81,153754150,73,24056,100,0,100,5,100.0,0.0,100.0,0.0,100.0,0.0,100.0,0.0,100.0,0.0,77.0,23.0,100.0,0.0,100.0,0.0,98.0,5506.0,23,23,100,0,100,0,200,0,100.0,23971.0,100.0,47852405872.0,100.0,102776594358.0
2018-07-05,Z304K6EG,ST4000DM000,4000787030016,0,117,124298176,95,0,100,5,100,0,81,155006141,73,24080,100,0,100,5,100.0,0.0,100.0,0.0,100.0,0.0,100.0,0.0,100.0,0.0,77.0,23.0,100.0,0.0,100.0,0.0,98.0,5506.0,23,23,100,0,100,0,200,0,100.0,23995.0,100.0,47855181040.0,100.0,102943444575.0
2018-07-06,Z304K6EG,ST4000DM000,4000787030016,0,111,36371904,95,0,100,5,100,0,81,156891043,73,24104,100,0,100,5,100.0,0.0,100.0,0.0,100.0,0.0,100.0,0.0,100.0,0.0,77.0,23.0,100.0,0.0,100.0,0.0,98.0,5506.0,23,23,100,0,100,0,200,0,100.0,24019.0,100.0,47860283872.0,100.0,103084713550.0
2018-07-07,Z304K6EG,ST4000DM000,4000787030016,0,113,55722144,95,0,100,5,100,0,81,157801628,73,24128,100,0,100,5,100.0,0.0,100.0,0.0,100.0,0.0,100.0,0.0,100.0,0.0,77.0,23.0,100.0,0.0,100.0,0.0,98.0,5506.0,23,23,100,0,100,0,200,0,100.0,24043.0,100.0,47862145288.0,100.0,103216801341.0
2018-07-08,Z304K6EG,ST4000DM000,4000787030016,0,114,79910904,95,0,100,5,100,0,81,160223073,73,24152,100,0,100,5,100.0,0.0,100.0,0.0,100.0,0.0,100.0,0.0,100.0,0.0,77.0,23.0,100.0,0.0,100.0,0.0,98.0,5506.0,23,23,100,0,100,0,200,0,100.0,24067.0,100.0,47868273920.0,100.0,103399584399.0
2018-07-09,Z304K6EG,ST4000DM000,4000787030016,0,115,87737888,95,0,100,5,100,0,81,161601938,73,24176,100,0,100,5,100.0,0.0,100.0,0.0,100.0,0.0,100.0,0.0,100.0,0.0,77.0,23.0,100.0,0.0,100.0,0.0,98.0,5516.0,23,23,100,0,100,0,200,0,100.0,24091.0,100.0,47870360632.0,100.0,103536653239.0
2018-07-10,Z304K6EG,ST4000DM000,4000787030016,0,117.0,118927024.0,95.0,0.0,100.0,5.0,100.0,0.0,81.0,162452742.0,73.0,24200.0,100.0,0.0,100.0,5.0,100.0,0.0,100.0,0.0,100.0,0.0,100.0,0.0,100.0,0.0,77.0,23.0,100.0,0.0,100.0,0.0,98.0,5516.0,23.0,23.0,100.0,0.0,100.0,0.0,200.0,0.0,100.0,24115.0,100.0,47871904640.0,100.0,103687878640.0
2018-07-11,Z304K6EG,ST4000DM000,4000787030016,0,113,57452616,95,0,100,5,100,0,81,163133462,73,24224,100,0,100,5,100.0,0.0,100.0,0.0,100.0,0.0,100.0,0.0,100.0,0.0,77.0,23.0,100.0,0.0,100.0,0.0,98.0,5516.0,23,23,100,0,100,0,200,0,100.0,24139.0,100.0,47873286168.0,100.0,103827888923.0
2018-07-12,Z304K6EG,ST4000DM000,4000787030016,0,118,185453440,95,0,100,5,100,0,81,163736224,73,24242,100,0,100,5,100.0,0.0,100.0,0.0,100.0,0.0,100.0,0.0,100.0,0.0,77.0,23.0,100.0,0.0,100.0,0.0,98.0,5516.0,23,23,100,0,100,0,200,0,100.0,24157.0,100.0,47874840400.0,100.0,103945074302.0
2018-07-13,Z304K6EG,ST4000DM000,4000787030016,0,118,194645848,95,0,100,5,100,0,81,164181066,73,24266,100,0,100,5,100.0,0.0,100.0,0.0,100.0,0.0,100.0,0.0,100.0,0.0,77.0,23.0,100.0,0.0,100.0,0.0,98.0,5522.0,23,23,100,0,100,0,200,0,100.0,24181.0,100.0,47877993792.0,100.0,103982059105.0
2018-07-14,Z304K6EG,ST4000DM000,4000787030016,0,117,159232160,95,0,100,5,100,0,81,165355003,73,24290,100,0,100,5,100.0,0.0,100.0,0.0,100.0,0.0,100.0,0.0,100.0,0.0,77.0,23.0,100.0,0.0,100.0,0.0,98.0,5522.0,23,23,100,0,100,0,200,0,100.0,24205.0,100.0,47882326000.0,100.0,104116046543.0
2018-07-15,Z304K6EG,ST4000DM000,4000787030016,0,119,204648384,95,0,100,5,100,0,81,166294375,73,24314,100,0,100,5,100.0,0.0,100.0,0.0,100.0,0.0,100.0,0.0,100.0,0.0,77.0,23.0,100.0,0.0,100.0,0.0,98.0,5528.0,23,23,100,0,100,0,200,0,100.0,24229.0,100.0,47885343608.0,100.0,104292725029.0
2018-07-16,Z304K6EG,ST4000DM000,4000787030016,0,119,223298656,95,0,100,5,100,0,81,167393453,73,24338,100,0,100,5,100.0,0.0,100.0,0.0,100.0,0.0,100.0,0.0,100.0,0.0,77.0,23.0,100.0,0.0,100.0,0.0,98.0,5575.0,23,23,100,0,100,0,200,0,100.0,24253.0,100.0,47890269424.0,100.0,104416753507.0
2018-07-17,Z304K6EG,ST4000DM000,4000787030016,0,118,187540936,95,0,100,5,100,0,82,168740493,73,24362,100,0,100,5,100.0,0.0,100.0,0.0,100.0,0.0,100.0,0.0,100.0,0.0,77.0,23.0,100.0,0.0,100.0,0.0,98.0,5575.0,23,23,100,0,100,0,200,0,100.0,24277.0,100.0,47895684880.0,100.0,104599232091.0
2018-07-18,Z304K6EG,ST4000DM000,4000787030016,0,118,175679264,95,0,100,5,100,0,82,169179557,73,24386,100,0,100,5,100.0,0.0,100.0,0.0,100.0,0.0,100.0,0.0,100.0,0.0,77.0,23.0,100.0,0.0,100.0,0.0,98.0,5575.0,23,23,100,0,100,0,200,0,100.0,24301.0,100.0,47898497656.0,100.0,104777026246.0
2018-07-19,Z304K6EG,ST4000DM000,4000787030016,0,113,53136736,95,0,100,5,100,0,82,169636261,73,24410,100,0,100,5,100.0,0.0,100.0,0.0,100.0,0.0,100.0,0.0,100.0,0.0,77.0,23.0,100.0,0.0,100.0,0.0,98.0,5575.0,23,23,100,0,100,0,200,0,100.0,24325.0,100.0,47902678632.0,100.0,104941418176.0
2018-07-20,Z304K6EG,ST4000DM000,4000787030016,0,117,149002008,95,0,100,5,100,0,82,170320968,73,24435,100,0,100,5,100.0,0.0,100.0,0.0,100.0,0.0,100.0,0.0,100.0,0.0,77.0,23.0,100.0,0.0,100.0,0.0,98.0,5575.0,23,23,100,0,100,0,200,0,100.0,24349.0,100.0,47905835168.0,100.0,105100239900.0
2018-07-21,Z304K6EG,ST4000DM000,4000787030016,0,114,64846320,95,0,100,5,100,0,82,171233355,73,24458,100,0,100,5,100.0,0.0,100.0,0.0,100.0,0.0,100.0,0.0,100.0,0.0,77.0,23.0,100.0,0.0,100.0,0.0,98.0,5575.0,23,23,100,0,100,0,200,0,100.0,24373.0,100.0,47910855816.0,100.0,105271430605.0
2018-07-22,Z304K6EG,ST4000DM000,4000787030016,0,109,23172640,95,0,100,5,100,0,82,171929438,73,24482,100,0,100,5,100.0,0.0,100.0,0.0,100.0,0.0,100.0,0.0,100.0,0.0,77.0,23.0,100.0,0.0,100.0,0.0,98.0,5575.0,23,23,100,0,100,0,200,0,100.0,24397.0,100.0,47913322784.0,100.0,105447229334.0
2018-07-23,Z304K6EG,ST4000DM000,4000787030016,0,118,183610576,95,0,100,5,100,0,82,173294904,73,24506,100,0,100,5,100.0,0.0,100.0,0.0,100.0,0.0,100.0,0.0,100.0,0.0,77.0,23.0,100.0,0.0,100.0,0.0,98.0,5642.0,23,23,100,0,100,0,200,0,100.0,24421.0,100.0,47917919560.0,100.0,105571335722.0
2018-07-24,Z304K6EG,ST4000DM000,4000787030016,0,118,168933200,95,0,100,5,100,0,82,174151261,72,24530,100,0,100,5,100.0,0.0,100.0,0.0,100.0,0.0,100.0,0.0,100.0,0.0,77.0,23.0,100.0,0.0,100.0,0.0,98.0,5642.0,23,23,100,0,100,0,200,0,100.0,24445.0,100.0,47919851272.0,100.0,105746809576.0
2018-07-25,Z304K6EG,ST4000DM000,4000787030016,0,118.0,193807488.0,95.0,0.0,100.0,5.0,100.0,0.0,82.0,176216238.0,72.0,24554.0,100.0,0.0,100.0,5.0,100.0,0.0,100.0,0.0,100.0,0.0,100.0,0.0,100.0,0.0,77.0,23.0,100.0,0.0,100.0,0.0,98.0,5642.0,23.0,23.0,100.0,0.0,100.0,0.0,200.0,0.0,100.0,24469.0,100.0,47925383744.0,100.0,105958053415.0
2018-07-26,Z304K6EG,ST4000DM000,4000787030016,0,119,222443896,95,0,100,5,100,0,82,177624908,72,24578,100,0,100,5,100.0,0.0,100.0,0.0,100.0,0.0,100.0,0.0,100.0,0.0,77.0,23.0,100.0,0.0,100.0,0.0,98.0,5642.0,23,23,100,0,100,0,200,0,100.0,24493.0,100.0,47926894072.0,100.0,106134341394.0
2018-07-27,Z304K6EG,ST4000DM000,4000787030016,0,120,243817400,95,0,100,5,100,0,82,179563042,72,24606,100,0,100,5,100.0,0.0,100.0,0.0,100.0,0.0,100.0,0.0,100.0,0.0,77.0,23.0,100.0,0.0,100.0,0.0,98.0,5650.0,23,23,100,0,100,0,200,0,100.0,24520.0,100.0,47931234160.0,100.0,106331741088.0
2018-07-28,Z304K6EG,ST4000DM000,4000787030016,0,102,3946592,95,0,100,5,100,0,82,180732792,72,24630,100,0,100,5,100.0,0.0,100.0,0.0,100.0,0.0,100.0,0.0,100.0,0.0,77.0,23.0,100.0,0.0,100.0,0.0,98.0,5650.0,23,23,100,0,100,0,200,0,100.0,24544.0,100.0,47932944864.0,100.0,106510840917.0
2018-07-29,Z304K6EG,ST4000DM000,4000787030016,0,111,39590152,95,0,100,5,100,0,82,181357384,72,24654,100,0,100,5,100.0,0.0,100.0,0.0,100.0,0.0,100.0,0.0,100.0,0.0,77.0,23.0,100.0,0.0,100.0,0.0,98.0,5650.0,23,23,100,0,100,0,200,0,100.0,24568.0,100.0,47934535512.0,100.0,106653435851.0
2018-07-30,Z304K6EG,ST4000DM000,4000787030016,0,119,223060024,95,0,100,5,100,0,82,182740197,72,24677,100,0,100,5,100.0,0.0,100.0,0.0,100.0,0.0,100.0,0.0,100.0,0.0,77.0,23.0,100.0,0.0,100.0,0.0,98.0,5651.0,23,23,100,0,100,0,200,0,100.0,24592.0,100.0,47938766696.0,100.0,106803807059.0
2018-07-31,Z304K6EG,ST4000DM000,4000787030016,0,115,100125288,95,0,100,5,100,0,82,183459886,72,24702,100,0,100,5,100.0,0.0,100.0,0.0,100.0,0.0,100.0,0.0,100.0,0.0,77.0,23.0,100.0,0.0,100.0,0.0,98.0,5651.0,23,23,100,0,100,0,200,0,100.0,24616.0,100.0,47940348040.0,100.0,106941119384.0
2018-08-01,Z304K6EG,ST4000DM000,4000787030016,0,118,168807752,95,0,100,5,100,0,82,184249375,72,24726,100,0,100,5,100.0,0.0,100.0,0.0,100.0,0.0,100.0,0.0,100.0,0.0,77.0,23.0,100.0,0.0,100.0,0.0,98.0,5651.0,23,23,100,0,100,0,200,0,100.0,24640.0,100.0,47941960832.0,100.0,107077512779.0
2018-08-02,Z304K6EG,ST4000DM000,4000787030016,0,119,223271264,95,0,100,5,100,0,82,185376689,72,24750,100,0,100,5,100.0,0.0,100.0,0.0,100.0,0.0,100.0,0.0,100.0,0.0,77.0,23.0,100.0,0.0,100.0,0.0,98.0,5651.0,23,23,100,0,100,0,200,0,100.0,24664.0,100.0,47943722184.0,100.0,107239624316.0
2018-08-03,Z304K6EG,ST4000DM000,4000787030016,0,118,184975992,95,0,100,5,100,0,82,187083024,72,24774,100,0,100,5,100.0,0.0,100.0,0.0,100.0,0.0,100.0,0.0,100.0,0.0,77.0,23.0,100.0,0.0,100.0,0.0,98.0,5651.0,23,23,100,0,100,0,200,0,100.0,24688.0,100.0,47948144504.0,100.0,107407505321.0
2018-08-04,Z304K6EG,ST4000DM000,4000787030016,0,115,91754368,95,0,100,5,100,0,82,188835796,72,24798,100,0,100,5,100.0,0.0,100.0,0.0,100.0,0.0,100.0,0.0,100.0,0.0,77.0,23.0,100.0,0.0,100.0,0.0,98.0,5651.0,23,23,100,0,100,0,200,0,100.0,24712.0,100.0,47949612216.0,100.0,107558928857.0
2018-08-05,Z304K6EG,ST4000DM000,4000787030016,0,118,185636048,95,0,100,5,100,0,82,189784438,72,24821,100,0,100,5,100.0,0.0,100.0,0.0,100.0,0.0,100.0,0.0,100.0,0.0,77.0,23.0,100.0,0.0,100.0,0.0,98.0,5651.0,23,23,100,0,100,0,200,0,100.0,24736.0,100.0,47951056072.0,100.0,107750850323.0
2018-08-06,Z304K6EG,ST4000DM000,4000787030016,0,108,19449632,95,0,100,5,100,0,82,191308833,72,24845,100,0,100,5,100.0,0.0,100.0,0.0,100.0,0.0,100.0,0.0,100.0,0.0,77.0,23.0,100.0,0.0,100.0,0.0,98.0,5663.0,23,23,100,0,100,0,200,0,100.0,24760.0,100.0,47955101160.0,100.0,107898271704.0
2018-08-07,Z304K6EG,ST4000DM000,4000787030016,0,118,176570440,95,0,100,5,100,0,82,192271288,72,24869,100,0,100,5,100.0,0.0,100.0,0.0,100.0,0.0,100.0,0.0,100.0,0.0,77.0,23.0,100.0,0.0,100.0,0.0,98.0,5663.0,23,23,100,0,100,0,200,0,100.0,24784.0,100.0,47956626832.0,100.0,108062305054.0
2018-08-08,Z304K6EG,ST4000DM000,4000787030016,0,114,65571216,95,0,100,5,100,0,82,193052844,72,24893,100,0,100,5,100.0,0.0,100.0,0.0,100.0,0.0,100.0,0.0,100.0,0.0,77.0,23.0,100.0,0.0,100.0,0.0,98.0,5663.0,23,23,100,0,100,0,200,0,100.0,24808.0,100.0,47958029640.0,100.0,108211219412.0
2018-08-09,Z304K6EG,ST4000DM000,4000787030016,0,115,91479552,95,0,100,5,100,0,82,193934418,72,24920,100,0,100,5,100.0,0.0,100.0,0.0,100.0,0.0,100.0,0.0,100.0,0.0,77.0,23.0,100.0,0.0,100.0,0.0,98.0,5668.0,23,23,100,0,100,0,200,0,100.0,24834.0,100.0,47959807424.0,100.0,108382567307.0
2018-08-10,Z304K6EG,ST4000DM000,4000787030016,0,115,93627528,95,0,100,5,100,0,82,195383160,72,24943,100,0,100,5,100.0,0.0,100.0,0.0,100.0,0.0,100.0,0.0,100.0,0.0,77.0,23.0,100.0,0.0,100.0,0.0,98.0,5668.0,23,23,100,0,100,0,200,0,100.0,24857.0,100.0,47964324488.0,100.0,108523271454.0
2018-08-11,Z304K6EG,ST4000DM000,4000787030016,0,101,3527352,95,0,100,5,100,0,82,196276434,72,24967,100,0,100,5,100.0,0.0,100.0,0.0,100.0,0.0,100.0,0.0,100.0,0.0,77.0,23.0,100.0,0.0,100.0,0.0,98.0,5668.0,23,23,100,0,100,0,200,0,100.0,24881.0,100.0,47965841056.0,100.0,108677850634.0
2018-08-12,Z304K6EG,ST4000DM000,4000787030016,0,119,203046720,95,0,100,5,100,0,82,197114205,72,24992,100,0,100,5,100.0,0.0,100.0,0.0,100.0,0.0,100.0,0.0,100.0,0.0,77.0,23.0,100.0,0.0,100.0,0.0,98.0,5669.0,23,23,100,0,100,0,200,0,100.0,24906.0,100.0,47967633480.0,100.0,108818675119.0
2018-08-13,Z304K6EG,ST4000DM000,4000787030016,0,115,87107720,95,0,100,5,100,0,82,198620098,72,25016,100,0,100,5,100.0,0.0,100.0,0.0,100.0,0.0,100.0,0.0,100.0,0.0,77.0,23.0,100.0,0.0,100.0,0.0,98.0,5687.0,23,23,100,0,100,0,200,0,100.0,24930.0,100.0,47971719008.0,100.0,108946104497.0
2018-08-14,Z304K6EG,ST4000DM000,4000787030016,0,117.0,138025528.0,95.0,0.0,100.0,5.0,100.0,0.0,82.0,201079629.0,72.0,25040.0,100.0,0.0,100.0,5.0,100.0,0.0,100.0,0.0,100.0,0.0,100.0,0.0,100.0,0.0,77.0,23.0,100.0,0.0,100.0,0.0,98.0,5687.0,23.0,23.0,100.0,0.0,100.0,0.0,200.0,0.0,100.0,24954.0,100.0,47977552528.0,100.0,109111744446.0
2018-08-15,Z304K6EG,ST4000DM000,4000787030016,0,119.0,234684512.0,95.0,0.0,100.0,5.0,100.0,0.0,83.0,201872520.0,72.0,25063.0,100.0,0.0,100.0,5.0,100.0,0.0,100.0,0.0,100.0,0.0,100.0,0.0,100.0,0.0,77.0,23.0,100.0,0.0,100.0,0.0,98.0,5691.0,23.0,23.0,100.0,0.0,100.0,0.0,200.0,0.0,100.0,24977.0,100.0,47978798120.0,100.0,109204888382.0
2018-08-16,Z304K6EG,ST4000DM000,4000787030016,0,119,229518136,95,0,100,5,100,0,83,203040172,72,25087,100,0,100,5,100.0,0.0,100.0,0.0,100.0,0.0,100.0,0.0,100.0,0.0,77.0,23.0,100.0,0.0,100.0,0.0,98.0,5691.0,23,23,100,0,100,0,200,0,100.0,25001.0,100.0,47980483464.0,100.0,109359297539.0
2018-08-17,Z304K6EG,ST4000DM000,4000787030016,0,117,118645080,95,0,100,5,100,0,83,204790174,72,25111,100,0,100,5,100.0,0.0,100.0,0.0,100.0,0.0,100.0,0.0,100.0,0.0,77.0,23.0,100.0,0.0,100.0,0.0,98.0,5691.0,23,23,100,0,100,0,200,0,100.0,25025.0,100.0,47984845560.0,100.0,109541972404.0
2018-08-18,Z304K6EG,ST4000DM000,4000787030016,0,119,222077744,95,0,100,5,100,0,83,205689654,72,25135,100,0,100,5,100.0,0.0,100.0,0.0,100.0,0.0,100.0,0.0,100.0,0.0,77.0,23.0,100.0,0.0,100.0,0.0,98.0,5693.0,23,23,100,0,100,0,200,0,100.0,25048.0,100.0,47986331728.0,100.0,109697327322.0
2018-08-19,Z304K6EG,ST4000DM000,4000787030016,0,111,37244424,95,0,100,5,100,0,83,206340412,72,25159,100,0,100,5,100.0,0.0,100.0,0.0,100.0,0.0,100.0,0.0,100.0,0.0,77.0,23.0,100.0,0.0,100.0,0.0,98.0,5694.0,23,23,100,0,100,0,200,0,100.0,25073.0,100.0,47987749536.0,100.0,109831956635.0
2018-08-20,Z304K6EG,ST4000DM000,4000787030016,0,114,69970256,95,0,100,5,100,0,83,207739853,72,25183,100,0,100,5,100.0,0.0,100.0,0.0,100.0,0.0,100.0,0.0,100.0,0.0,77.0,23.0,100.0,0.0,100.0,0.0,98.0,5706.0,23,23,100,0,100,0,200,0,100.0,25097.0,100.0,47991717032.0,100.0,109969145255.0
2018-08-21,Z304K6EG,ST4000DM000,4000787030016,0,115,99145936,95,0,100,5,100,0,83,208031278,72,25207,100,0,100,5,100.0,0.0,100.0,0.0,100.0,0.0,100.0,0.0,100.0,0.0,77.0,23.0,100.0,0.0,100.0,0.0,98.0,5706.0,23,23,100,0,100,0,200,0,100.0,25121.0,100.0,47992865296.0,100.0,110025796790.0
2018-08-22,Z304K6EG,ST4000DM000,4000787030016,0,117,142955472,95,0,100,5,100,0,83,208495676,72,25231,100,0,100,5,100.0,0.0,100.0,0.0,100.0,0.0,100.0,0.0,100.0,0.0,76.0,24.0,100.0,0.0,100.0,0.0,98.0,5706.0,24,24,100,0,100,0,200,0,100.0,25145.0,100.0,47994325944.0,100.0,110116134652.0
2018-08-23,Z304K6EG,ST4000DM000,4000787030016,0,108,16149664,95,0,100,5,100,0,83,209105501,72,25254,100,0,100,5,100.0,0.0,100.0,0.0,100.0,0.0,100.0,0.0,100.0,0.0,76.0,24.0,100.0,0.0,100.0,0.0,98.0,5707.0,24,24,100,0,100,0,200,0,100.0,25168.0,100.0,47995683408.0,100.0,110249383908.0
2018-08-24,Z304K6EG,ST4000DM000,4000787030016,0,116,112500592,95,0,100,5,100,0,83,210314989,72,25279,100,0,100,5,100.0,0.0,100.0,0.0,100.0,0.0,100.0,0.0,100.0,0.0,76.0,24.0,100.0,0.0,100.0,0.0,98.0,5754.0,24,24,100,0,100,0,200,0,100.0,25193.0,100.0,47999836992.0,100.0,110399491326.0
2018-08-25,Z304K6EG,ST4000DM000,4000787030016,0,117,149895256,95,0,100,5,100,0,83,212061131,72,25303,100,0,100,5,100.0,0.0,100.0,0.0,100.0,0.0,100.0,0.0,100.0,0.0,76.0,24.0,100.0,0.0,100.0,0.0,98.0,5754.0,24,24,100,0,100,0,200,0,100.0,25217.0,100.0,48002504368.0,100.0,110573931547.0
2018-08-26,Z304K6EG,ST4000DM000,4000787030016,0,115,92901744,95,0,100,5,100,0,83,212466285,72,25327,100,0,100,5,100.0,0.0,100.0,0.0,100.0,0.0,100.0,0.0,100.0,0.0,76.0,24.0,100.0,0.0,100.0,0.0,98.0,5756.0,24,24,100,0,100,0,200,0,100.0,25241.0,100.0,48004448096.0,100.0,110744164814.0
2018-08-27,Z304K6EG,ST4000DM000,4000787030016,0,116,116213152,95,0,100,5,100,0,83,213526075,72,25351,100,0,100,5,100.0,0.0,100.0,0.0,100.0,0.0,100.0,0.0,100.0,0.0,76.0,24.0,100.0,0.0,100.0,0.0,98.0,5768.0,24,24,100,0,100,0,200,0,100.0,25265.0,100.0,48008876008.0,100.0,110881520566.0
2018-08-28,Z304K6EG,ST4000DM000,4000787030016,0,117,142192080,95,0,100,5,100,0,83,213930400,72,25375,100,0,100,5,100.0,0.0,100.0,0.0,100.0,0.0,100.0,0.0,100.0,0.0,77.0,23.0,100.0,0.0,100.0,0.0,98.0,5768.0,23,23,100,0,100,0,200,0,100.0,25288.0,100.0,48010951896.0,100.0,111043129932.0
2018-08-29,Z304K6EG,ST4000DM000,4000787030016,0,118,199540192,95,0,100,5,100,0,83,214260835,72,25398,100,0,100,5,100.0,0.0,100.0,0.0,100.0,0.0,100.0,0.0,100.0,0.0,76.0,24.0,100.0,0.0,100.0,0.0,98.0,5770.0,24,24,100,0,100,0,200,0,100.0,25311.0,100.0,48012689424.0,100.0,111170308408.0
2018-08-30,Z304K6EG,ST4000DM000,4000787030016,0,114,69057280,95,0,100,5,100,0,83,214589098,71,25421,100,0,100,5,100.0,0.0,100.0,0.0,100.0,0.0,100.0,0.0,100.0,0.0,77.0,23.0,100.0,0.0,100.0,0.0,98.0,5772.0,23,23,100,0,100,0,200,0,100.0,25335.0,100.0,48014438896.0,100.0,111321748698.0
2018-08-31,Z304K6EG,ST4000DM000,4000787030016,0,116,111760248,95,0,100,5,100,0,83,215910644,71,25445,100,0,100,5,100.0,0.0,100.0,0.0,100.0,0.0,100.0,0.0,100.0,0.0,76.0,24.0,100.0,0.0,100.0,0.0,98.0,5772.0,24,24,100,0,100,0,200,0,100.0,25359.0,100.0,48018194040.0,100.0,111500803494.0
2018-09-01,Z304K6EG,ST4000DM000,4000787030016,0,119,208587888,95,0,100,5,100,0,83,216916458,71,25470,100,0,100,5,100.0,0.0,100.0,0.0,100.0,0.0,100.0,0.0,100.0,0.0,76.0,24.0,100.0,0.0,100.0,0.0,98.0,5773.0,24,24,100,0,100,0,200,0,100.0,25383.0,100.0,48021225632.0,100.0,111662088939.0
2018-09-02,Z304K6EG,ST4000DM000,4000787030016,0,106,11192464,95,0,100,5,100,0,83,217708922,71,25493,100,0,100,5,100.0,0.0,100.0,0.0,100.0,0.0,100.0,0.0,100.0,0.0,76.0,24.0,100.0,0.0,100.0,0.0,98.0,5775.0,24,24,100,0,100,0,200,0,100.0,25407.0,100.0,48022957296.0,100.0,111826576322.0
2018-09-03,Z304K6EG,ST4000DM000,4000787030016,0,120,238959168,95,0,100,5,100,0,83,219205087,71,25517,100,0,100,5,100.0,0.0,100.0,0.0,100.0,0.0,100.0,0.0,100.0,0.0,76.0,24.0,100.0,0.0,100.0,0.0,98.0,5783.0,24,24,100,0,100,0,200,0,100.0,25431.0,100.0,48027123240.0,100.0,111981665003.0
2018-09-04,Z304K6EG,ST4000DM000,4000787030016,0,111,32656400,95,0,100,5,100,0,83,220454823,71,25541,100,0,100,5,100.0,0.0,100.0,0.0,100.0,0.0,100.0,0.0,100.0,0.0,77.0,23.0,100.0,0.0,100.0,0.0,98.0,5785.0,23,23,100,0,100,0,200,0,100.0,25455.0,100.0,48028642232.0,100.0,112141073661.0
2018-09-05,Z304K6EG,ST4000DM000,4000787030016,0,116,117349352,95,0,100,5,100,0,83,221757491,71,25565,100,0,100,5,100.0,0.0,100.0,0.0,100.0,0.0,100.0,0.0,100.0,0.0,76.0,24.0,100.0,0.0,100.0,0.0,98.0,5785.0,24,24,100,0,100,0,200,0,100.0,25479.0,100.0,48030281808.0,100.0,112317017007.0
2018-09-06,Z304K6EG,ST4000DM000,4000787030016,0,113,51845536,95,0,100,5,100,0,83,222841191,71,25590,100,0,100,5,100.0,0.0,100.0,0.0,100.0,0.0,100.0,0.0,100.0,0.0,76.0,24.0,100.0,0.0,100.0,0.0,98.0,5788.0,24,24,100,0,100,0,200,0,100.0,25504.0,100.0,48031930832.0,100.0,112494181663.0
2018-09-07,Z304K6EG,ST4000DM000,4000787030016,0,108,19096392,95,0,100,5,100,0,83,224268849,71,25614,100,0,100,5,100.0,0.0,100.0,0.0,100.0,0.0,100.0,0.0,100.0,0.0,76.0,24.0,100.0,0.0,100.0,0.0,98.0,5789.0,24,24,100,0,100,0,200,0,100.0,25528.0,100.0,48036132944.0,100.0,112647579221.0
2018-09-08,Z304K6EG,ST4000DM000,4000787030016,0,112,45720384,95,0,100,5,100,0,83,226317988,71,25639,100,0,100,5,100.0,0.0,100.0,0.0,100.0,0.0,100.0,0.0,100.0,0.0,76.0,24.0,100.0,0.0,100.0,0.0,98.0,5795.0,24,24,100,0,100,0,200,0,100.0,25552.0,100.0,48038040568.0,100.0,112827850018.0
2018-09-09,Z304K6EG,ST4000DM000,4000787030016,0,103,5888992,95,0,100,5,100,0,83,227005475,71,25663,100,0,100,5,100.0,0.0,100.0,0.0,100.0,0.0,100.0,0.0,100.0,0.0,77.0,23.0,100.0,0.0,100.0,0.0,98.0,5799.0,23,23,100,0,100,0,200,0,100.0,25576.0,100.0,48039742856.0,100.0,112957989159.0
2018-09-10,Z304K6EG,ST4000DM000,4000787030016,0,111,36077792,95,0,100,5,100,0,83,228244136,71,25686,100,0,100,5,100.0,0.0,100.0,0.0,100.0,0.0,100.0,0.0,100.0,0.0,77.0,23.0,100.0,0.0,100.0,0.0,98.0,5830.0,23,23,100,0,100,0,200,0,100.0,25600.0,100.0,48043851424.0,100.0,113056364272.0
2018-09-11,Z304K6EG,ST4000DM000,4000787030016,0,119,223654528,95,0,100,5,100,0,83,229173847,71,25711,100,0,100,5,100.0,0.0,100.0,0.0,100.0,0.0,100.0,0.0,100.0,0.0,77.0,23.0,100.0,0.0,100.0,0.0,98.0,5830.0,23,23,100,0,100,0,200,0,100.0,25624.0,100.0,48045451504.0,100.0,113202598071.0
2018-09-12,Z304K6EG,ST4000DM000,4000787030016,0,117,151232344,95,0,100,5,100,0,83,230330440,71,25734,100,0,100,5,100.0,0.0,100.0,0.0,100.0,0.0,100.0,0.0,100.0,0.0,77.0,23.0,100.0,0.0,100.0,0.0,98.0,5836.0,23,23,100,0,100,0,200,0,100.0,25648.0,100.0,48047290616.0,100.0,113352674157.0
2018-09-13,Z304K6EG,ST4000DM000,4000787030016,0,114,67499096,95,0,100,5,100,0,83,231006637,71,25755,100,0,100,5,100.0,0.0,100.0,0.0,100.0,0.0,100.0,0.0,100.0,0.0,77.0,23.0,100.0,0.0,100.0,0.0,98.0,5839.0,23,23,100,0,100,0,200,0,100.0,25669.0,100.0,48048578344.0,100.0,113486956839.0
2018-09-14,Z304K6EG,ST4000DM000,4000787030016,0,114,83182240,95,0,100,5,100,0,83,231769499,71,25779,100,0,100,5,100.0,0.0,100.0,0.0,100.0,0.0,100.0,0.0,100.0,0.0,73.0,27.0,100.0,0.0,100.0,0.0,98.0,5839.0,27,27,100,0,100,0,200,0,100.0,25693.0,100.0,48050592264.0,100.0,113617811365.0
2018-09-15,Z304K6EG,ST4000DM000,4000787030016,0,114,66112120,95,0,100,5,100,0,83,233444739,71,25803,100,0,100,5,100.0,0.0,100.0,0.0,100.0,0.0,100.0,0.0,100.0,0.0,73.0,27.0,100.0,0.0,100.0,0.0,98.0,5839.0,27,27,100,0,100,0,200,0,100.0,25717.0,100.0,48055078720.0,100.0,113824706208.0
2018-09-16,Z304K6EG,ST4000DM000,4000787030016,0,114,73684056,95,0,100,5,100,0,83,234684871,71,25827,100,0,100,5,100.0,0.0,100.0,0.0,100.0,0.0,100.0,0.0,100.0,0.0,73.0,27.0,100.0,0.0,100.0,0.0,98.0,5842.0,27,27,100,0,100,0,200,0,100.0,25741.0,100.0,48062477320.0,100.0,114001398548.0
2018-09-17,Z304K6EG,ST4000DM000,4000787030016,0,108,20095992,95,0,100,5,100,0,84,236176085,71,25851,100,0,100,5,100.0,0.0,100.0,0.0,100.0,0.0,100.0,0.0,100.0,0.0,73.0,27.0,100.0,0.0,100.0,0.0,98.0,5873.0,27,27,100,0,100,0,200,0,100.0,25765.0,100.0,48068482048.0,100.0,114126223568.0
2018-09-18,Z304K6EG,ST4000DM000,4000787030016,0,120,236829048,95,0,100,5,100,0,84,237043617,71,25875,100,0,100,5,100.0,0.0,100.0,0.0,100.0,0.0,100.0,0.0,100.0,0.0,75.0,25.0,100.0,0.0,100.0,0.0,98.0,5874.0,25,25,100,0,100,0,200,0,100.0,25788.0,100.0,48071950936.0,100.0,114273712762.0
2018-09-19,Z304K6EG,ST4000DM000,4000787030016,0,117,149922296,95,0,100,5,100,0,84,237970849,71,25899,100,0,100,5,100.0,0.0,100.0,0.0,100.0,0.0,100.0,0.0,100.0,0.0,75.0,25.0,100.0,0.0,100.0,0.0,98.0,5874.0,25,25,100,0,100,0,200,0,100.0,25812.0,100.0,48076514176.0,100.0,114437924404.0
2018-09-20,Z304K6EG,ST4000DM000,4000787030016,0,115,90642584,95,0,100,5,100,0,84,239986984,71,25923,100,0,100,5,100.0,0.0,100.0,0.0,100.0,0.0,100.0,0.0,100.0,0.0,75.0,25.0,100.0,0.0,100.0,0.0,98.0,5874.0,25,25,100,0,100,0,200,0,100.0,25836.0,100.0,48084975232.0,100.0,114584646626.0
2018-09-21,Z304K6EG,ST4000DM000,4000787030016,0,109,24139920,95,0,100,5,100,0,84,241329171,71,25947,100,0,100,5,100.0,0.0,100.0,0.0,100.0,0.0,100.0,0.0,100.0,0.0,75.0,25.0,100.0,0.0,100.0,0.0,98.0,5874.0,25,25,100,0,100,0,200,0,100.0,25860.0,100.0,48091565344.0,100.0,114754911670.0
2018-09-22,Z304K6EG,ST4000DM000,4000787030016,0,117,134514144,95,0,100,5,100,0,84,242739669,71,25971,100,0,100,5,100.0,0.0,100.0,0.0,100.0,0.0,100.0,0.0,100.0,0.0,75.0,25.0,100.0,0.0,100.0,0.0,98.0,5874.0,25,25,100,0,100,0,200,0,100.0,25884.0,100.0,48098671712.0,100.0,114896883979.0
2018-09-23,Z304K6EG,ST4000DM000,4000787030016,0,115,93714808,95,0,100,5,100,0,84,244035104,71,25995,100,0,100,5,100.0,0.0,100.0,0.0,100.0,0.0,100.0,0.0,100.0,0.0,75.0,25.0,100.0,0.0,100.0,0.0,98.0,5875.0,25,25,100,0,100,0,200,0,100.0,25908.0,100.0,48105488784.0,100.0,115063686595.0
2018-09-24,Z304K6EG,ST4000DM000,4000787030016,0,109,25153624,95,0,100,5,100,0,84,245672059,71,26019,100,0,100,5,100.0,0.0,100.0,0.0,100.0,0.0,100.0,0.0,100.0,0.0,75.0,25.0,100.0,0.0,100.0,0.0,98.0,5919.0,25,25,100,0,100,0,200,0,100.0,25932.0,100.0,48111316208.0,100.0,115182578497.0
2018-09-25,Z304K6EG,ST4000DM000,4000787030016,0,119,234836968,95,0,100,5,100,0,84,246655954,71,26043,100,0,100,5,100.0,0.0,100.0,0.0,100.0,0.0,100.0,0.0,100.0,0.0,75.0,25.0,100.0,0.0,100.0,0.0,98.0,5919.0,25,25,100,0,100,0,200,0,100.0,25956.0,100.0,48116731744.0,100.0,115282541715.0
2018-09-26,Z304K6EG,ST4000DM000,4000787030016,0,117,117688384,95,0,100,5,100,0,84,247844374,71,26067,100,0,100,5,100.0,0.0,100.0,0.0,100.0,0.0,100.0,0.0,100.0,0.0,75.0,25.0,100.0,0.0,100.0,0.0,98.0,5919.0,25,25,100,0,100,0,200,0,100.0,25981.0,100.0,48119731992.0,100.0,115435907008.0
2018-09-27,Z304K6EG,ST4000DM000,4000787030016,0,117,163331232,95,0,100,5,100,0,84,248785986,71,26091,100,0,100,5,100.0,0.0,100.0,0.0,100.0,0.0,100.0,0.0,100.0,0.0,75.0,25.0,100.0,0.0,100.0,0.0,98.0,5919.0,25,25,100,0,100,0,200,0,100.0,26004.0,100.0,48121507984.0,100.0,115599471852.0
2018-09-28,Z304K6EG,ST4000DM000,4000787030016,0,117,127867400,95,0,100,5,100,0,84,250494043,71,26118,100,0,100,5,100.0,0.0,100.0,0.0,100.0,0.0,100.0,0.0,100.0,0.0,75.0,25.0,100.0,0.0,100.0,0.0,98.0,5920.0,25,25,100,0,100,0,200,0,100.0,26031.0,100.0,48126152808.0,100.0,115783414965.0
2018-09-29,Z304K6EG,ST4000DM000,4000787030016,0,115,84332496,95,0,100,5,100,0,84,251361555,71,26142,100,0,100,5,100.0,0.0,100.0,0.0,100.0,0.0,100.0,0.0,100.0,0.0,75.0,25.0,100.0,0.0,100.0,0.0,98.0,5920.0,25,25,100,0,100,0,200,0,100.0,26056.0,100.0,48130496648.0,100.0,115934123369.0
2018-09-30,Z304K6EG,ST4000DM000,4000787030016,0,112,43053736,95,0,100,5,100,0,84,251941716,71,26166,100,0,100,5,100.0,0.0,100.0,0.0,100.0,0.0,100.0,0.0,100.0,0.0,75.0,25.0,100.0,0.0,100.0,0.0,98.0,5920.0,25,25,100,0,100,0,200,0,100.0,26080.0,100.0,48133039368.0,100.0,116037284945.0
2018-10-01,Z304K6EG,ST4000DM000,4000787030016,0,118,175476336,95,0,100,5,100,0,84,254087401,71,26190,100,0,100,5,100.0,0.0,100.0,0.0,100.0,0.0,100.0,0.0,100.0,0.0,75.0,25.0,100.0,0.0,100.0,0.0,98.0,5941.0,25,25,100,0,100,0,200,0,100.0,26104.0,100.0,48138759920.0,100.0,116082254087.0
2018-10-02,Z304K6EG,ST4000DM000,4000787030016,0,118,189533488,95,0,100,5,100,0,84,254699183,71,26214,100,0,100,5,100.0,0.0,100.0,0.0,100.0,0.0,100.0,0.0,100.0,0.0,75.0,25.0,100.0,0.0,100.0,0.0,98.0,5941.0,25,25,100,0,100,0,200,0,100.0,26127.0,100.0,48141307008.0,100.0,116208429218.0
2018-10-03,Z304K6EG,ST4000DM000,4000787030016,0,108,18238008,95,0,100,5,100,0,84,255400040,71,26238,100,0,100,5,100.0,0.0,100.0,0.0,100.0,0.0,100.0,0.0,100.0,0.0,75.0,25.0,100.0,0.0,100.0,0.0,98.0,5971.0,25,25,100,0,100,0,200,0,100.0,26151.0,100.0,48143410104.0,100.0,116367379373.0
2018-10-04,Z304K6EG,ST4000DM000,4000787030016,0,120.0,239932056.0,95.0,0.0,100.0,5.0,100.0,0.0,84.0,255808184.0,71.0,26262.0,100.0,0.0,100.0,5.0,100.0,0.0,100.0,0.0,100.0,0.0,100.0,0.0,100.0,0.0,75.0,25.0,100.0,0.0,100.0,0.0,98.0,5971.0,25.0,25.0,100.0,0.0,100.0,0.0,200.0,0.0,100.0,26175.0,100.0,48146139824.0,100.0,116503807825.0
2018-10-05,Z304K6EG,ST4000DM000,4000787030016,0,113,53559160,95,0,100,5,100,0,84,256800749,70,26287,100,0,100,5,100.0,0.0,100.0,0.0,100.0,0.0,100.0,0.0,100.0,0.0,75.0,25.0,100.0,0.0,100.0,0.0,98.0,5971.0,25,25,100,0,100,0,200,0,100.0,26200.0,100.0,48150395888.0,100.0,116696171830.0
2018-10-06,Z304K6EG,ST4000DM000,4000787030016,0,114,62796680,95,0,100,5,100,0,84,257428045,70,26310,100,0,100,5,100.0,0.0,100.0,0.0,100.0,0.0,100.0,0.0,100.0,0.0,75.0,25.0,100.0,0.0,100.0,0.0,98.0,5971.0,25,25,100,0,100,0,200,0,100.0,26224.0,100.0,48154002432.0,100.0,116866596140.0
2018-10-07,Z304K6EG,ST4000DM000,4000787030016,0,120,241600192,95,0,100,5,100,0,84,257800750,70,26334,100,0,100,5,100.0,0.0,100.0,0.0,100.0,0.0,100.0,0.0,100.0,0.0,75.0,25.0,100.0,0.0,100.0,0.0,98.0,5971.0,25,25,100,0,100,0,200,0,100.0,26247.0,100.0,48156029832.0,100.0,117019714052.0
2018-10-08,Z304K6EG,ST4000DM000,4000787030016,0,117,148994472,95,0,100,5,100,0,84,258918611,70,26359,100,0,100,5,100.0,0.0,100.0,0.0,100.0,0.0,100.0,0.0,100.0,0.0,75.0,25.0,100.0,0.0,100.0,0.0,98.0,5984.0,25,25,100,0,100,0,200,0,100.0,26272.0,100.0,48160886384.0,100.0,117166329895.0
2018-10-09,Z304K6EG,ST4000DM000,4000787030016,0,116.0,109589296.0,95.0,0.0,100.0,5.0,100.0,0.0,84.0,259311180.0,70.0,26382.0,100.0,0.0,100.0,5.0,100.0,0.0,100.0,0.0,100.0,0.0,100.0,0.0,100.0,0.0,75.0,25.0,100.0,0.0,100.0,0.0,98.0,5984.0,25.0,25.0,100.0,0.0,100.0,0.0,200.0,0.0,100.0,26295.0,100.0,48162931376.0,100.0,117328079087.0
2018-10-10,Z304K6EG,ST4000DM000,4000787030016,0,116,115127560,95,0,100,5,100,0,84,260119801,70,26406,100,0,100,5,100.0,0.0,100.0,0.0,100.0,0.0,100.0,0.0,100.0,0.0,75.0,25.0,100.0,0.0,100.0,0.0,98.0,5984.0,25,25,100,0,100,0,200,0,100.0,26319.0,100.0,48165214912.0,100.0,117488033858.0
2018-10-11,Z304K6EG,ST4000DM000,4000787030016,0,118,174579536,95,0,100,5,100,0,84,261016551,70,26430,100,0,100,5,100.0,0.0,100.0,0.0,100.0,0.0,100.0,0.0,100.0,0.0,75.0,25.0,100.0,0.0,100.0,0.0,98.0,5984.0,25,25,100,0,100,0,200,0,100.0,26343.0,100.0,48167493056.0,100.0,117668991703.0
2018-10-12,Z304K6EG,ST4000DM000,4000787030016,0,117,121268088,95,0,100,5,100,0,84,263720955,70,26454,100,0,100,5,100.0,0.0,100.0,0.0,100.0,0.0,100.0,0.0,100.0,0.0,75.0,25.0,100.0,0.0,100.0,0.0,98.0,5985.0,25,25,100,0,100,0,200,0,100.0,26368.0,100.0,48173298864.0,100.0,117892782887.0
2018-10-13,Z304K6EG,ST4000DM000,4000787030016,0,116,107960952,95,0,100,5,100,0,84,265295264,70,26478,100,0,100,5,100.0,0.0,100.0,0.0,100.0,0.0,100.0,0.0,100.0,0.0,75.0,25.0,100.0,0.0,100.0,0.0,98.0,5985.0,25,25,100,0,100,0,200,0,100.0,26391.0,100.0,48175196288.0,100.0,118071737504.0
2018-10-14,Z304K6EG,ST4000DM000,4000787030016,0,120,236187416,95,0,100,5,100,0,84,266444508,70,26502,100,0,100,5,100.0,0.0,100.0,0.0,100.0,0.0,100.0,0.0,100.0,0.0,75.0,25.0,100.0,0.0,100.0,0.0,98.0,5985.0,25,25,100,0,100,0,200,0,100.0,26415.0,100.0,48178151192.0,100.0,118238548124.0
2018-10-15,Z304K6EG,ST4000DM000,4000787030016,0,120,241829768,95,0,100,5,100,0,84,268061958,70,26526,100,0,100,5,100.0,0.0,100.0,0.0,100.0,0.0,100.0,0.0,100.0,0.0,75.0,25.0,100.0,0.0,100.0,0.0,97.0,6008.0,25,25,100,0,100,0,200,0,100.0,26440.0,100.0,48183250408.0,100.0,118387999066.0
2018-10-16,Z304K6EG,ST4000DM000,4000787030016,0,117,130378504,95,0,100,5,100,0,84,268695273,70,26550,100,0,100,5,100.0,0.0,100.0,0.0,100.0,0.0,100.0,0.0,100.0,0.0,75.0,25.0,100.0,0.0,100.0,0.0,97.0,6008.0,25,25,100,0,100,0,200,0,100.0,26463.0,100.0,48185046896.0,100.0,118524950498.0
2018-10-17,Z304K6EG,ST4000DM000,4000787030016,0,106,11191176,95,0,100,5,100,0,84,269423823,70,26574,100,0,100,5,100.0,0.0,100.0,0.0,100.0,0.0,100.0,0.0,100.0,0.0,75.0,25.0,100.0,0.0,100.0,0.0,97.0,6008.0,25,25,100,0,100,0,200,0,100.0,26487.0,100.0,48187682800.0,100.0,118676163818.0
2018-10-18,Z304K6EG,ST4000DM000,4000787030016,0,118,176568296,95,0,100,5,100,0,84,270094168,70,26596,100,0,100,5,100.0,0.0,100.0,0.0,100.0,0.0,100.0,0.0,100.0,0.0,75.0,25.0,100.0,0.0,100.0,0.0,97.0,6012.0,25,25,100,0,100,0,200,0,100.0,26509.0,100.0,48190447824.0,100.0,118799098770.0
2018-10-19,Z304K6EG,ST4000DM000,4000787030016,0,109,24915096,95,0,100,5,100,0,84,271378591,70,26621,100,0,100,5,100.0,0.0,100.0,0.0,100.0,0.0,100.0,0.0,100.0,0.0,75.0,25.0,100.0,0.0,100.0,0.0,97.0,6012.0,25,25,100,0,100,0,200,0,100.0,26534.0,100.0,48193566024.0,100.0,118945484422.0
2018-10-20,Z304K6EG,ST4000DM000,4000787030016,0,119,208699728,95,0,100,5,100,0,84,272776808,70,26645,100,0,100,5,100.0,0.0,100.0,0.0,100.0,0.0,100.0,0.0,100.0,0.0,75.0,25.0,100.0,0.0,100.0,0.0,97.0,6012.0,25,25,100,0,100,0,200,0,100.0,26558.0,100.0,48197275392.0,100.0,119100439149.0
2018-10-21,Z304K6EG,ST4000DM000,4000787030016,0,114,69721680,95,0,100,5,100,0,84,273607831,70,26669,100,0,100,5,100.0,0.0,100.0,0.0,100.0,0.0,100.0,0.0,100.0,0.0,75.0,25.0,100.0,0.0,100.0,0.0,97.0,6012.0,25,25,100,0,100,0,200,0,100.0,26582.0,100.0,48198910960.0,100.0,119251535171.0
2018-10-22,Z304K6EG,ST4000DM000,4000787030016,0,112,45307656,95,0,100,5,100,0,84,274735880,70,26693,100,0,100,5,100.0,0.0,100.0,0.0,100.0,0.0,100.0,0.0,100.0,0.0,75.0,25.0,100.0,0.0,100.0,0.0,97.0,6104.0,25,25,100,0,100,0,200,0,100.0,26606.0,100.0,48203089016.0,100.0,119334657244.0
2018-10-23,Z304K6EG,ST4000DM000,4000787030016,0,115,85423416,95,0,100,5,100,0,84,276590151,70,26716,100,0,100,5,100.0,0.0,100.0,0.0,100.0,0.0,100.0,0.0,100.0,0.0,75.0,25.0,100.0,0.0,100.0,0.0,97.0,6104.0,25,25,100,0,100,0,200,0,100.0,26629.0,100.0,48205220160.0,100.0,119505969684.0
2018-10-24,Z304K6EG,ST4000DM000,4000787030016,0,120,872096,95,0,100,5,100,0,84,277569986,70,26741,100,0,100,5,100.0,0.0,100.0,0.0,100.0,0.0,100.0,0.0,100.0,0.0,75.0,25.0,100.0,0.0,100,0,97.0,6104.0,25,25,100,0,100,0,200,0,100.0,26654.0,100.0,48207363528.0,100.0,119675560703.0
2018-10-25,Z304K6EG,ST4000DM000,4000787030016,0,117,129450544,95,0,100,5,100,0,84,278549415,70,26766,100,0,100,5,100.0,0.0,100.0,0.0,100.0,0.0,100.0,0.0,100.0,0.0,75.0,25.0,100.0,0.0,100.0,0.0,97.0,6108.0,25,25,100,0,100,0,200,0,100.0,26679.0,100.0,48210391760.0,100.0,119838076501.0
2018-10-26,Z304K6EG,ST4000DM000,4000787030016,0,120,236656504,95,0,100,5,100,0,84,280036572,70,26790,100,0,100,5,100.0,0.0,100.0,0.0,100.0,0.0,100.0,0.0,100.0,0.0,75.0,25.0,100.0,0.0,100.0,0.0,97.0,6108.0,25,25,100,0,100,0,200,0,100.0,26703.0,100.0,48214694440.0,100.0,119994542503.0
2018-10-27,Z304K6EG,ST4000DM000,4000787030016,0,119,225065448,95,0,100,5,100,0,84,280784973,70,26814,100,0,100,5,100.0,0.0,100.0,0.0,100.0,0.0,100.0,0.0,100.0,0.0,75.0,25.0,100.0,0.0,100.0,0.0,97.0,6109.0,25,25,100,0,100,0,200,0,100.0,26727.0,100.0,48216552904.0,100.0,120134635632.0
2018-10-28,Z304K6EG,ST4000DM000,4000787030016,0,114,65455648,95,0,100,5,100,0,84,281530632,70,26838,100,0,100,5,100.0,0.0,100.0,0.0,100.0,0.0,100.0,0.0,100.0,0.0,75.0,25.0,100.0,0.0,100.0,0.0,97.0,6109.0,25,25,100,0,100,0,200,0,100.0,26751.0,100.0,48218765584.0,100.0,120262723707.0
2018-10-29,Z304K6EG,ST4000DM000,4000787030016,0,113,58108448,95,0,100,5,100,0,84,282905018,70,26862,100,0,100,5,100.0,0.0,100.0,0.0,100.0,0.0,100.0,0.0,100.0,0.0,75.0,25.0,100.0,0.0,100.0,0.0,97.0,6148.0,25,25,100,0,100,0,200,0,100.0,26775.0,100.0,48222995832.0,100.0,120376804053.0
2018-10-30,Z304K6EG,ST4000DM000,4000787030016,0,117,159611192,95,0,100,5,100,0,84,283703648,70,26886,100,0,100,5,100.0,0.0,100.0,0.0,100.0,0.0,100.0,0.0,100.0,0.0,75.0,25.0,100.0,0.0,100.0,0.0,97.0,6148.0,25,25,100,0,100,0,200,0,100.0,26799.0,100.0,48224840768.0,100.0,120509714785.0
2018-10-31,Z304K6EG,ST4000DM000,4000787030016,0,119,430192,95.0,0.0,100.0,5.0,100.0,0.0,84.0,284820069.0,70,26910,100.0,0.0,100,5,100.0,0.0,100.0,0.0,100.0,0.0,100.0,0.0,100.0,0.0,74.0,26.0,100.0,0.0,100.0,0.0,97.0,6148.0,26,26,100.0,0.0,100.0,0.0,200.0,0.0,100.0,26823.0,100.0,48227559776.0,100.0,120659582500.0
2018-11-01,Z304K6EG,ST4000DM000,4000787030016,0,112,44392120,95.0,0.0,100.0,5.0,100.0,0.0,84.0,285576442.0,70,26931,100.0,0.0,100,5,100.0,0.0,100.0,0.0,100.0,0.0,100.0,0.0,100.0,0.0,73.0,27.0,100.0,0.0,100.0,0.0,97.0,6149.0,27,27,100.0,0.0,100.0,0.0,200.0,0.0,100.0,26843.0,100.0,48229056640.0,100.0,120747224823.0
2018-11-02,Z304K6EG,ST4000DM000,4000787030016,0,120,241505456,95.0,0.0,100.0,5.0,100.0,0.0,84.0,286657348.0,70,26955,100.0,0.0,100,5,100.0,0.0,100.0,0.0,100.0,0.0,100.0,0.0,100.0,0.0,74.0,26.0,100.0,0.0,100.0,0.0,97.0,6149.0,26,26,100.0,0.0,100.0,0.0,200.0,0.0,100.0,26867.0,100.0,48231713472.0,100.0,120864830603.0
2018-11-03,Z304K6EG,ST4000DM000,4000787030016,0,118,187628328,95.0,0.0,100.0,5.0,100.0,0.0,84.0,288271767.0,70,26978,100.0,0.0,100,5,100.0,0.0,100.0,0.0,100.0,0.0,100.0,0.0,100.0,0.0,74.0,26.0,100.0,0.0,100.0,0.0,97.0,6149.0,26,26,100.0,0.0,100.0,0.0,200.0,0.0,100.0,26890.0,100.0,48236143872.0,100.0,121018704178.0
2018-11-04,Z304K6EG,ST4000DM000,4000787030016,0,118,177964280,95.0,0.0,100.0,5.0,100.0,0.0,84.0,290282235.0,70,27002,100.0,0.0,100,5,100.0,0.0,100.0,0.0,100.0,0.0,100.0,0.0,100.0,0.0,74.0,26.0,100.0,0.0,100.0,0.0,97.0,6149.0,26,26,100.0,0.0,100.0,0.0,200.0,0.0,100.0,26915.0,100.0,48241697152.0,100.0,121188083540.0
2018-11-05,Z304K6EG,ST4000DM000,4000787030016,0,117,165923648,95.0,0.0,100.0,5.0,100.0,0.0,84.0,291587558.0,70,27026,100.0,0.0,100,5,100.0,0.0,100.0,0.0,100.0,0.0,100.0,0.0,100.0,0.0,74.0,26.0,100.0,0.0,100.0,0.0,97.0,6149.0,26,26,100.0,0.0,100.0,0.0,200.0,0.0,100.0,26939.0,100.0,48245883544.0,100.0,121304576298.0
2018-11-06,Z304K6EG,ST4000DM000,4000787030016,0,118.0,195736904.0,95.0,0.0,100.0,5.0,100.0,0.0,84.0,292272768.0,70.0,27050.0,100.0,0.0,100.0,5.0,100.0,0.0,100.0,0.0,100.0,0.0,100.0,0.0,100.0,0.0,75.0,25.0,100.0,0.0,100.0,0.0,97.0,6149.0,25.0,25.0,100.0,0.0,100.0,0.0,200.0,0.0,100.0,26963.0,100.0,48247161408.0,100.0,121442006142.0
2018-11-07,Z304K6EG,ST4000DM000,4000787030016,0,120.0,241616040.0,95.0,0.0,100.0,5.0,100.0,0.0,84.0,292770259.0,70.0,27074.0,100.0,0.0,100.0,5.0,100.0,0.0,100.0,0.0,100.0,0.0,100.0,0.0,100.0,0.0,75.0,25.0,100.0,0.0,100.0,0.0,97.0,6149.0,25.0,25.0,100.0,0.0,100.0,0.0,200.0,0.0,100.0,26986.0,100.0,48248696056.0,100.0,121534283351.0
2018-11-08,Z304K6EG,ST4000DM000,4000787030016,0,108.0,17850368.0,95.0,0.0,100.0,5.0,100.0,0.0,84.0,293306243.0,70.0,27102.0,100.0,0.0,100.0,5.0,100.0,0.0,100.0,0.0,100.0,0.0,100.0,0.0,100.0,0.0,75.0,25.0,100.0,0.0,100.0,0.0,97.0,6149.0,25.0,25.0,100.0,0.0,100.0,0.0,200.0,0.0,100.0,27015.0,100.0,48251505048.0,100.0,121621620096.0
2018-11-09,Z304K6EG,ST4000DM000,4000787030016,0,114,60080088,95.0,0.0,100.0,5.0,100.0,0.0,84.0,294717476.0,70,27127,100.0,0.0,100,5,100.0,0.0,100.0,0.0,100.0,0.0,100.0,0.0,100.0,0.0,75.0,25.0,100.0,0.0,100.0,0.0,97.0,6149.0,25,25,100.0,0.0,100.0,0.0,200.0,0.0,100.0,27039.0,100.0,48256220544.0,100.0,121772784196.0
2018-11-10,Z304K6EG,ST4000DM000,4000787030016,0,114,77178496,95.0,0.0,100.0,5.0,100.0,0.0,84.0,295159788.0,70,27150,100.0,0.0,100,5,100.0,0.0,100.0,0.0,100.0,0.0,100.0,0.0,100.0,0.0,75.0,25.0,100.0,0.0,100.0,0.0,97.0,6149.0,25,25,100.0,0.0,100.0,0.0,200.0,0.0,100.0,27063.0,100.0,48258228824.0,100.0,121896452274.0
2018-11-11,Z304K6EG,ST4000DM000,4000787030016,0,114,70398248,95.0,0.0,100.0,5.0,100.0,0.0,84.0,295643239.0,69,27174,100.0,0.0,100,5,100.0,0.0,100.0,0.0,100.0,0.0,100.0,0.0,100.0,0.0,75.0,25.0,100.0,0.0,100.0,0.0,97.0,6149.0,25,25,100.0,0.0,100.0,0.0,200.0,0.0,100.0,27087.0,100.0,48262310456.0,100.0,122063913884.0
2018-11-12,Z304K6EG,ST4000DM000,4000787030016,0,117,158445704,95.0,0.0,100.0,5.0,100.0,0.0,84.0,296769261.0,69,27199,100.0,0.0,100,5,100.0,0.0,100.0,0.0,100.0,0.0,100.0,0.0,100.0,0.0,75.0,25.0,100.0,0.0,100.0,0.0,97.0,6149.0,25,25,100.0,0.0,100.0,0.0,200.0,0.0,100.0,27111.0,100.0,48268049176.0,100.0,122211914837.0
2018-11-13,Z304K6EG,ST4000DM000,4000787030016,0,117,150003264,95.0,0.0,100.0,5.0,100.0,0.0,84.0,297186246.0,69,27222,100.0,0.0,100,5,100.0,0.0,100.0,0.0,100.0,0.0,100.0,0.0,100.0,0.0,75.0,25.0,100.0,0.0,100.0,0.0,97.0,6149.0,25,25,100.0,0.0,100.0,0.0,200.0,0.0,100.0,27135.0,100.0,48270961912.0,100.0,122365527177.0
2018-11-14,Z304K6EG,ST4000DM000,4000787030016,0,116,103846376,95.0,0.0,100.0,5.0,100.0,0.0,84.0,298779047.0,69,27247,100.0,0.0,100,5,100.0,0.0,100.0,0.0,100.0,0.0,100.0,0.0,100.0,0.0,75.0,25.0,100.0,0.0,100.0,0.0,97.0,6149.0,25,25,100.0,0.0,100.0,0.0,200.0,0.0,100.0,27159.0,100.0,48277200280.0,100.0,122540206781.0
2018-11-15,Z304K6EG,ST4000DM000,4000787030016,0,117,140152216,95.0,0.0,100.0,5.0,100.0,0.0,84.0,299157630.0,69,27271,100.0,0.0,100,5,100.0,0.0,100.0,0.0,100.0,0.0,100.0,0.0,100.0,0.0,74.0,26.0,100.0,0.0,100.0,0.0,97.0,6149.0,26,26,100.0,0.0,100.0,0.0,200.0,0.0,100.0,27183.0,100.0,48280730632.0,100.0,122693055928.0
2018-11-16,Z304K6EG,ST4000DM000,4000787030016,0,119,206022544,95.0,0.0,100.0,5.0,100.0,0.0,84.0,300588035.0,69,27294,100.0,0.0,100,5,100.0,0.0,100.0,0.0,100.0,0.0,100.0,0.0,100.0,0.0,74.0,26.0,100.0,0.0,100.0,0.0,97.0,6149.0,26,26,100.0,0.0,100.0,0.0,200.0,0.0,100.0,27207.0,100.0,48286514328.0,100.0,122881433832.0
2018-11-17,Z304K6EG,ST4000DM000,4000787030016,0,117.0,163850608.0,95.0,0.0,100.0,5.0,100.0,0.0,84.0,301556713.0,69.0,27318.0,100.0,0.0,100.0,5.0,100.0,0.0,100.0,0.0,100.0,0.0,100.0,0.0,100.0,0.0,74.0,26.0,100.0,0.0,100.0,0.0,97.0,6149.0,26.0,26.0,100.0,0.0,100.0,0.0,200.0,0.0,100.0,27231.0,100.0,48289480488.0,100.0,123054684951.0
2018-11-18,Z304K6EG,ST4000DM000,4000787030016,0,118,189856984,95.0,0.0,100.0,5.0,100.0,0.0,84.0,302477005.0,69,27342,100.0,0.0,100,5,100.0,0.0,100.0,0.0,100.0,0.0,100.0,0.0,100.0,0.0,74.0,26.0,100.0,0.0,100.0,0.0,97.0,6149.0,26,26,100.0,0.0,100.0,0.0,200.0,0.0,100.0,27255.0,100.0,48291616104.0,100.0,123242498411.0
2018-11-19,Z304K6EG,ST4000DM000,4000787030016,0,120,235290648,95.0,0.0,100.0,5.0,100.0,0.0,84.0,304078090.0,69,27366,100.0,0.0,100,5,100.0,0.0,100.0,0.0,100.0,0.0,100.0,0.0,100.0,0.0,75.0,25.0,100.0,0.0,100.0,0.0,97.0,6149.0,25,25,100.0,0.0,100.0,0.0,200.0,0.0,100.0,27279.0,100.0,48296231608.0,100.0,123387241217.0
2018-11-20,Z304K6EG,ST4000DM000,4000787030016,0,118,193817552,95.0,0.0,100.0,5.0,100.0,0.0,84.0,305597795.0,69,27391,100.0,0.0,100,5,100.0,0.0,100.0,0.0,100.0,0.0,100.0,0.0,100.0,0.0,74.0,26.0,100.0,0.0,100.0,0.0,97.0,6149.0,26,26,100.0,0.0,100.0,0.0,200.0,0.0,100.0,27304.0,100.0,48298807224.0,100.0,123574720617.0
2018-11-21,Z304K6EG,ST4000DM000,4000787030016,0,112,44483360,95.0,0.0,100.0,5.0,100.0,0.0,84.0,306772771.0,69,27414,100.0,0.0,100,5,100.0,0.0,100.0,0.0,100.0,0.0,100.0,0.0,100.0,0.0,74.0,26.0,100.0,0.0,100.0,0.0,97.0,6149.0,26,26,100.0,0.0,100.0,0.0,200.0,0.0,100.0,27327.0,100.0,48301168704.0,100.0,123750594404.0
2018-11-22,Z304K6EG,ST4000DM000,4000787030016,0,117,155893080,95.0,0.0,100.0,5.0,100.0,0.0,84.0,307524184.0,69,27438,100.0,0.0,100,5,100.0,0.0,100.0,0.0,100.0,0.0,100.0,0.0,100.0,0.0,71.0,29.0,100.0,0.0,100.0,0.0,97.0,6149.0,29,29,100.0,0.0,100.0,0.0,200.0,0.0,100.0,27351.0,100.0,48302947888.0,100.0,123898934802.0
2018-11-23,Z304K6EG,ST4000DM000,4000787030016,0,111,32037024,95.0,0.0,100.0,5.0,100.0,0.0,84.0,309057048.0,69,27463,100.0,0.0,100,5,100.0,0.0,100.0,0.0,100.0,0.0,100.0,0.0,100.0,0.0,75.0,25.0,100.0,0.0,100.0,0.0,97.0,6149.0,25,25,100.0,0.0,100.0,0.0,200.0,0.0,100.0,27375.0,100.0,48307994696.0,100.0,124075869156.0
2018-11-24,Z304K6EG,ST4000DM000,4000787030016,0,111,31289776,95.0,0.0,100.0,5.0,100.0,0.0,84.0,310878821.0,69,27487,100.0,0.0,100,5,100.0,0.0,100.0,0.0,100.0,0.0,100.0,0.0,100.0,0.0,75.0,25.0,100.0,0.0,100.0,0.0,97.0,6149.0,25,25,100.0,0.0,100.0,0.0,200.0,0.0,100.0,27399.0,100.0,48311366176.0,100.0,124230489905.0
2018-11-25,Z304K6EG,ST4000DM000,4000787030016,0,120,239868024,95.0,0.0,100.0,5.0,100.0,0.0,84.0,311690588.0,69,27510,100.0,0.0,100,5,100.0,0.0,100.0,0.0,100.0,0.0,100.0,0.0,100.0,0.0,74.0,26.0,100.0,0.0,100.0,0.0,97.0,6149.0,26,26,100.0,0.0,100.0,0.0,200.0,0.0,100.0,27423.0,100.0,48313241768.0,100.0,124359655220.0
2018-11-26,Z304K6EG,ST4000DM000,4000787030016,0,119,230147696,95.0,0.0,100.0,5.0,100.0,0.0,84.0,313221535.0,69,27534,100.0,0.0,100,5,100.0,0.0,100.0,0.0,100.0,0.0,100.0,0.0,100.0,0.0,74.0,26.0,100.0,0.0,100.0,0.0,97.0,6149.0,26,26,100.0,0.0,100.0,0.0,200.0,0.0,100.0,27447.0,100.0,48318435584.0,100.0,124481745880.0
2018-11-27,Z304K6EG,ST4000DM000,4000787030016,0,119,227647432,95.0,0.0,100.0,5.0,100.0,0.0,84.0,314138827.0,69,27558,100.0,0.0,100,5,100.0,0.0,100.0,0.0,100.0,0.0,100.0,0.0,100.0,0.0,74.0,26.0,100.0,0.0,100.0,0.0,97.0,6149.0,26,26,100.0,0.0,100.0,0.0,200.0,0.0,100.0,27471.0,100.0,48320052344.0,100.0,124636428549.0
2018-11-28,Z304K6EG,ST4000DM000,4000787030016,0,117,117527192,95.0,0.0,100.0,5.0,100.0,0.0,84.0,314795508.0,69,27583,100.0,0.0,100,5,100.0,0.0,100.0,0.0,100.0,0.0,100.0,0.0,100.0,0.0,74.0,26.0,100.0,0.0,100.0,0.0,97.0,6149.0,26,26,100.0,0.0,100.0,0.0,200.0,0.0,100.0,27495.0,100.0,48322440872.0,100.0,124767429139.0
2018-11-29,Z304K6EG,ST4000DM000,4000787030016,0,118,170308336,95.0,0.0,100.0,5.0,100.0,0.0,84.0,315836296.0,69,27607,100.0,0.0,100,5,100.0,0.0,100.0,0.0,100.0,0.0,100.0,0.0,100.0,0.0,77.0,23.0,100.0,0.0,100.0,0.0,97.0,6149.0,23,23,100.0,0.0,100.0,0.0,200.0,0.0,100.0,27519.0,100.0,48325083904.0,100.0,124945967178.0
2018-11-30,Z304K6EG,ST4000DM000,4000787030016,0,113,54822000,95.0,0.0,100.0,5.0,100.0,0.0,84.0,317519000.0,69,27631,100.0,0.0,100,5,100.0,0.0,100.0,0.0,100.0,0.0,100.0,0.0,100.0,0.0,77.0,23.0,100.0,0.0,100.0,0.0,97.0,6149.0,23,23,100.0,0.0,100.0,0.0,200.0,0.0,100.0,27543.0,100.0,48329652880.0,100.0,125120015525.0
2018-12-01,Z304K6EG,ST4000DM000,4000787030016,0,117,120756832,95.0,0.0,100.0,5.0,100.0,0.0,84.0,318378214.0,69,27655,100.0,0.0,100,5,100.0,0.0,100.0,0.0,100.0,0.0,100.0,0.0,100.0,0.0,77.0,23.0,100.0,0.0,100.0,0.0,97.0,6149.0,23,23,100.0,0.0,100.0,0.0,200.0,0.0,100.0,27567.0,100.0,48331743280.0,100.0,125269191743.0
2018-12-02,Z304K6EG,ST4000DM000,4000787030016,0,119,218390496,95.0,0.0,100.0,5.0,100.0,0.0,84.0,319194463.0,69,27679,100.0,0.0,100,5,100.0,0.0,100.0,0.0,100.0,0.0,100.0,0.0,100.0,0.0,77.0,23.0,100.0,0.0,100.0,0.0,97.0,6149.0,23,23,100.0,0.0,100.0,0.0,200.0,0.0,100.0,27591.0,100.0,48333917320.0,100.0,125423292696.0
2018-12-03,Z304K6EG,ST4000DM000,4000787030016,0,116,111198040,95.0,0.0,100.0,5.0,100.0,0.0,84.0,320518325.0,69,27703,100.0,0.0,100,5,100.0,0.0,100.0,0.0,100.0,0.0,100.0,0.0,100.0,0.0,77.0,23.0,100.0,0.0,100.0,0.0,97.0,6149.0,23,23,100.0,0.0,100.0,0.0,200.0,0.0,100.0,27616.0,100.0,48338472008.0,100.0,125526576766.0
2018-12-04,Z304K6EG,ST4000DM000,4000787030016,0,117,142422560,95.0,0.0,100.0,5.0,100.0,0.0,84.0,322351020.0,69,27726,100.0,0.0,100,5,100.0,0.0,100.0,0.0,100.0,0.0,100.0,0.0,100.0,0.0,77.0,23.0,100.0,0.0,100.0,0.0,97.0,6149.0,23,23,100.0,0.0,100.0,0.0,200.0,0.0,100.0,27639.0,100.0,48340730944.0,100.0,125683627782.0
2018-12-05,Z304K6EG,ST4000DM000,4000787030016,0,117.0,155936752.0,95.0,0.0,100.0,5.0,100.0,0.0,84.0,323196381.0,69.0,27751.0,100.0,0.0,100.0,5.0,100.0,0.0,100.0,0.0,100.0,0.0,100.0,0.0,100.0,0.0,77.0,23.0,100.0,0.0,100.0,0.0,97.0,6149.0,23.0,23.0,100.0,0.0,100.0,0.0,200.0,0.0,100.0,27663.0,100.0,48342920992.0,100.0,125822835849.0
2018-12-06,Z304K6EG,ST4000DM000,4000787030016,0,112,49598064,95.0,0.0,100.0,5.0,100.0,0.0,84.0,324127412.0,69,27769,100.0,0.0,100,5,100.0,0.0,100.0,0.0,100.0,0.0,100.0,0.0,100.0,0.0,77.0,23.0,100.0,0.0,100.0,0.0,97.0,6149.0,23,23,100.0,0.0,100.0,0.0,200.0,0.0,100.0,27682.0,100.0,48344623792.0,100.0,125946571726.0
2018-12-07,Z304K6EG,ST4000DM000,4000787030016,0,117,164493264,95.0,0.0,100.0,5.0,100.0,0.0,84.0,325143164.0,69,27793,100.0,0.0,100,5,100.0,0.0,100.0,0.0,100.0,0.0,100.0,0.0,100.0,0.0,77.0,23.0,100.0,0.0,100.0,0.0,97.0,6149.0,23,23,100.0,0.0,100.0,0.0,200.0,0.0,100.0,27705.0,100.0,48346534664.0,100.0,126061069793.0
2018-12-08,Z304K6EG,ST4000DM000,4000787030016,0,117,167696240,95.0,0.0,100.0,5.0,100.0,0.0,84.0,326762750.0,69,27817,100.0,0.0,100,5,100.0,0.0,100.0,0.0,100.0,0.0,100.0,0.0,100.0,0.0,77.0,23.0,100.0,0.0,100.0,0.0,97.0,6149.0,23,23,100.0,0.0,100.0,0.0,200.0,0.0,100.0,27730.0,100.0,48351366152.0,100.0,126200872235.0
2018-12-09,Z304K6EG,ST4000DM000,4000787030016,0,108,18645480,95.0,0.0,100.0,5.0,100.0,0.0,84.0,327897511.0,69,27841,100.0,0.0,100,5,100.0,0.0,100.0,0.0,100.0,0.0,100.0,0.0,100.0,0.0,77.0,23.0,100.0,0.0,100.0,0.0,97.0,6149.0,23,23,100.0,0.0,100.0,0.0,200.0,0.0,100.0,27754.0,100.0,48353534312.0,100.0,126364664787.0
2018-12-10,Z304K6EG,ST4000DM000,4000787030016,0,117,127001920,95.0,0.0,100.0,5.0,100.0,0.0,84.0,329309506.0,69,27865,100.0,0.0,100,5,100.0,0.0,100.0,0.0,100.0,0.0,100.0,0.0,100.0,0.0,77.0,23.0,100.0,0.0,100.0,0.0,97.0,6149.0,23,23,100.0,0.0,100.0,0.0,200.0,0.0,100.0,27778.0,100.0,48357698056.0,100.0,126498170742.0
2018-12-11,Z304K6EG,ST4000DM000,4000787030016,0,118,175345168,95.0,0.0,100.0,5.0,100.0,0.0,84.0,329994459.0,69,27889,100.0,0.0,100,5,100.0,0.0,100.0,0.0,100.0,0.0,100.0,0.0,100.0,0.0,77.0,23.0,100.0,0.0,100.0,0.0,97.0,6149.0,23,23,100.0,0.0,100.0,0.0,200.0,0.0,100.0,27802.0,100.0,48359114424.0,100.0,126632160522.0
2018-12-12,Z304K6EG,ST4000DM000,4000787030016,0,117,131404784,95.0,0.0,100.0,5.0,100.0,0.0,84.0,330737127.0,69,27913,100.0,0.0,100,5,100.0,0.0,100.0,0.0,100.0,0.0,100.0,0.0,100.0,0.0,77.0,23.0,100.0,0.0,100.0,0.0,97.0,6149.0,23,23,100.0,0.0,100.0,0.0,200.0,0.0,100.0,27825.0,100.0,48360839744.0,100.0,126776373747.0
2018-12-13,Z304K6EG,ST4000DM000,4000787030016,0,118,170532104,95.0,0.0,100.0,5.0,100.0,0.0,84.0,331964953.0,69,27937,100.0,0.0,100,5,100.0,0.0,100.0,0.0,100.0,0.0,100.0,0.0,100.0,0.0,76.0,24.0,100.0,0.0,100.0,0.0,97.0,6149.0,24,24,100.0,0.0,100.0,0.0,200.0,0.0,100.0,27849.0,100.0,48365952776.0,100.0,126811138209.0
2018-12-14,Z304K6EG,ST4000DM000,4000787030016,0,118,182858008,95.0,0.0,100.0,5.0,100.0,0.0,84.0,332633121.0,69,27961,100.0,0.0,100,5,100.0,0.0,100.0,0.0,100.0,0.0,100.0,0.0,100.0,0.0,76.0,24.0,100.0,0.0,100.0,0.0,97.0,6149.0,24,24,100.0,0.0,100.0,0.0,200.0,0.0,100.0,27873.0,100.0,48368275664.0,100.0,126947384272.0
2018-12-15,Z304K6EG,ST4000DM000,4000787030016,0,112,43381272,95.0,0.0,100.0,5.0,100.0,0.0,84.0,334018471.0,69,27985,100.0,0.0,100,5,100.0,0.0,100.0,0.0,100.0,0.0,100.0,0.0,100.0,0.0,76.0,24.0,100.0,0.0,100.0,0.0,97.0,6149.0,24,24,100.0,0.0,100.0,0.0,200.0,0.0,100.0,27897.0,100.0,48372972504.0,100.0,127115835543.0
2018-12-16,Z304K6EG,ST4000DM000,4000787030016,0,115,85758312,95.0,0.0,100.0,5.0,100.0,0.0,84.0,334408235.0,69,28009,100.0,0.0,100,5,100.0,0.0,100.0,0.0,100.0,0.0,100.0,0.0,100.0,0.0,76.0,24.0,100.0,0.0,100.0,0.0,97.0,6149.0,24,24,100.0,0.0,100.0,0.0,200.0,0.0,100.0,27922.0,100.0,48375361664.0,100.0,127262264743.0
2018-12-17,Z304K6EG,ST4000DM000,4000787030016,0,114,60594112,95.0,0.0,100.0,5.0,100.0,0.0,84.0,335501792.0,68,28033,100.0,0.0,100,5,100.0,0.0,100.0,0.0,100.0,0.0,100.0,0.0,100.0,0.0,76.0,24.0,100.0,0.0,100.0,0.0,97.0,6149.0,24,24,100.0,0.0,100.0,0.0,200.0,0.0,100.0,27946.0,100.0,48380194352.0,100.0,127416243312.0
2018-12-18,Z304K6EG,ST4000DM000,4000787030016,0,117,119062608,95.0,0.0,100.0,5.0,100.0,0.0,85.0,335924075.0,68,28057,100.0,0.0,100,5,100.0,0.0,100.0,0.0,100.0,0.0,100.0,0.0,100.0,0.0,76.0,24.0,100.0,0.0,100.0,0.0,97.0,6149.0,24,24,100.0,0.0,100.0,0.0,200.0,0.0,100.0,27970.0,100.0,48382830688.0,100.0,127576507153.0
2018-12-19,Z304K6EG,ST4000DM000,4000787030016,0,115,88462176,95.0,0.0,100.0,5.0,100.0,0.0,85.0,336314574.0,68,28081,100.0,0.0,100,5,100.0,0.0,100.0,0.0,100.0,0.0,100.0,0.0,100.0,0.0,76.0,24.0,100.0,0.0,100.0,0.0,97.0,6149.0,24,24,100.0,0.0,100.0,0.0,200.0,0.0,100.0,27993.0,100.0,48385145584.0,100.0,127733737330.0
2018-12-20,Z304K6EG,ST4000DM000,4000787030016,0,111,30521096,95.0,0.0,100.0,5.0,100.0,0.0,85.0,336668976.0,68,28105,100.0,0.0,100,5,100.0,0.0,100.0,0.0,100.0,0.0,100.0,0.0,100.0,0.0,76.0,24.0,100.0,0.0,100.0,0.0,97.0,6149.0,24,24,100.0,0.0,100.0,0.0,200.0,0.0,100.0,28017.0,100.0,48387412752.0,100.0,127884548445.0
2018-12-21,Z304K6EG,ST4000DM000,4000787030016,0,118,199028192,95.0,0.0,100.0,5.0,100.0,0.0,85.0,338313179.0,68,28129,100.0,0.0,100,5,100.0,0.0,100.0,0.0,100.0,0.0,100.0,0.0,100.0,0.0,76.0,24.0,100.0,0.0,100.0,0.0,97.0,6149.0,24,24,100.0,0.0,100.0,0.0,200.0,0.0,100.0,28041.0,100.0,48392988544.0,100.0,128067370459.0
2018-12-22,Z304K6EG,ST4000DM000,4000787030016,0,120,237458016,95.0,0.0,100.0,5.0,100.0,0.0,85.0,339972852.0,68,28152,100.0,0.0,100,5,100.0,0.0,100.0,0.0,100.0,0.0,100.0,0.0,100.0,0.0,76.0,24.0,100.0,0.0,100.0,0.0,97.0,6149.0,24,24,100.0,0.0,100.0,0.0,200.0,0.0,100.0,28065.0,100.0,48397664776.0,100.0,128261638902.0
2018-12-23,Z304K6EG,ST4000DM000,4000787030016,0,115,86975728,95.0,0.0,100.0,5.0,100.0,0.0,85.0,340908803.0,68,28177,100.0,0.0,100,5,100.0,0.0,100.0,0.0,100.0,0.0,100.0,0.0,100.0,0.0,76.0,24.0,100.0,0.0,100.0,0.0,97.0,6149.0,24,24,100.0,0.0,100.0,0.0,200.0,0.0,100.0,28089.0,100.0,48400181288.0,100.0,128451729434.0
2018-12-24,Z304K6EG,ST4000DM000,4000787030016,0,114,80597888,95.0,0.0,100.0,5.0,100.0,0.0,85.0,342463411.0,68,28201,100.0,0.0,100,5,100.0,0.0,100.0,0.0,100.0,0.0,100.0,0.0,100.0,0.0,76.0,24.0,100.0,0.0,100.0,0.0,97.0,6149.0,24,24,100.0,0.0,100.0,0.0,200.0,0.0,100.0,28113.0,100.0,48404362424.0,100.0,128591223803.0
2018-12-25,Z304K6EG,ST4000DM000,4000787030016,0,119,203410880,95.0,0.0,100.0,5.0,100.0,0.0,85.0,343909495.0,68,28225,100.0,0.0,100,5,100.0,0.0,100.0,0.0,100.0,0.0,100.0,0.0,100.0,0.0,76.0,24.0,100.0,0.0,100.0,0.0,97.0,6149.0,24,24,100.0,0.0,100.0,0.0,200.0,0.0,100.0,28137.0,100.0,48406203792.0,100.0,128773310115.0
2018-12-26,Z304K6EG,ST4000DM000,4000787030016,0,112,45830192,95.0,0.0,100.0,5.0,100.0,0.0,85.0,345142692.0,68,28249,100.0,0.0,100,5,100.0,0.0,100.0,0.0,100.0,0.0,100.0,0.0,100.0,0.0,76.0,24.0,100.0,0.0,100.0,0.0,97.0,6149.0,24,24,100.0,0.0,100.0,0.0,200.0,0.0,100.0,28162.0,100.0,48408570896.0,100.0,128958028695.0
2018-12-27,Z304K6EG,ST4000DM000,4000787030016,0,118,185783936,95.0,0.0,100.0,5.0,100.0,0.0,85.0,345854044.0,68,28273,100.0,0.0,100,5,100.0,0.0,100.0,0.0,100.0,0.0,100.0,0.0,100.0,0.0,76.0,24.0,100.0,0.0,100.0,0.0,97.0,6149.0,24,24,100.0,0.0,100.0,0.0,200.0,0.0,100.0,28185.0,100.0,48410422072.0,100.0,129102583604.0
2018-12-28,Z304K6EG,ST4000DM000,4000787030016,0,117,119751976,95.0,0.0,100.0,5.0,100.0,0.0,85.0,346597787.0,68,28297,100.0,0.0,100,5,100.0,0.0,100.0,0.0,100.0,0.0,100.0,0.0,100.0,0.0,76.0,24.0,100.0,0.0,100.0,0.0,97.0,6149.0,24,24,100.0,0.0,100.0,0.0,200.0,0.0,100.0,28209.0,100.0,48412292512.0,100.0,129257934341.0
2018-12-29,Z304K6EG,ST4000DM000,4000787030016,0,118,198101240,95.0,0.0,100.0,5.0,100.0,0.0,85.0,348023145.0,68,28321,100.0,0.0,100,5,100.0,0.0,100.0,0.0,100.0,0.0,100.0,0.0,100.0,0.0,76.0,24.0,100.0,0.0,100.0,0.0,97.0,6149.0,24,24,100.0,0.0,100.0,0.0,200.0,0.0,100.0,28233.0,100.0,48417288424.0,100.0,129394326632.0
2018-12-30,Z304K6EG,ST4000DM000,4000787030016,0,117,166794592,95.0,0.0,100.0,5.0,100.0,0.0,85.0,349951259.0,68,28345,100.0,0.0,100,5,100.0,0.0,100.0,0.0,100.0,0.0,100.0,0.0,100.0,0.0,77.0,23.0,100.0,0.0,100.0,0.0,97.0,6149.0,23,23,100.0,0.0,100.0,0.0,200.0,0.0,100.0,28258.0,100.0,48422618944.0,100.0,129558730331.0
2018-12-31,Z304K6EG,ST4000DM000,4000787030016,0,117,159012640,95.0,0.0,100.0,5.0,100.0,0.0,85.0,351393455.0,68,28369,100.0,0.0,100,5,100.0,0.0,100.0,0.0,100.0,0.0,100.0,0.0,100.0,0.0,76.0,24.0,100.0,0.0,100.0,0.0,97.0,6149.0,24,24,100.0,0.0,100.0,0.0,200.0,0.0,100.0,28282.0,100.0,48427010592.0,100.0,129668455276.0
