2018-01-01,Z305DBSG,ST4000DM000,4000787030016,0,114,82329688,95,0,100,5,100,0,89,809652072,82,16422,100,0,100,5,100.0,0.0,100.0,0.0,100.0,0.0,100.0,0.0,100.0,0.0,75.0,25.0,100.0,0.0,100.0,0.0,99.0,3322.0,25,25,100,0,100,0,200,0,100.0,16401.0,100.0,40489635448.0,100.0,63938432540.0
2018-01-02,Z305DBSG,ST4000DM000,4000787030016,0,119,231092512,95,0,100,5,100,0,89,811624455,82,16446,100,0,100,5,100.0,0.0,100.0,0.0,100.0,0.0,100.0,0.0,100.0,0.0,75.0,25.0,100.0,0.0,100.0,0.0,99.0,3322.0,25,25,100,0,100,0,200,0,100.0,16425.0,100.0,40502277272.0,100.0,64102825159.0
2018-01-03,Z305DBSG,ST4000DM000,4000787030016,0,117,154794344,95,0,100,5,100,0,89,813181365,82,16471,100,0,100,5,100.0,0.0,100.0,0.0,100.0,0.0,100.0,0.0,100.0,0.0,74.0,26.0,100.0,0.0,100.0,0.0,99.0,3322.0,26,26,100,0,100,0,200,0,100.0,16450.0,100.0,40513026448.0,100.0,64272347784.0
2018-01-04,Z305DBSG,ST4000DM000,4000787030016,0,118,185842504,95,0,100,5,100,0,89,814247215,82,16498,100,0,100,5,100.0,0.0,100.0,0.0,100.0,0.0,100.0,0.0,100.0,0.0,74.0,26.0,100.0,0.0,100.0,0.0,99.0,3325.0,26,26,100,0,100,0,200,0,100.0,16477.0,100.0,40524607000.0,100.0,64441087584.0
2018-01-05,Z305DBSG,ST4000DM000,4000787030016,0,110.0,25782264.0,95.0,0.0,100.0,5.0,100.0,0.0,89.0,815307531.0,82.0,16523.0,100.0,0.0,100.0,5.0,100.0,0.0,100.0,0.0,100.0,0.0,100.0,0.0,100.0,0.0,75.0,25.0,100.0,0.0,100.0,0.0,99.0,3325.0,25.0,25.0,100.0,0.0,100.0,0.0,200.0,0.0,100.0,16502.0,100.0,40539137184.0,100.0,64559316033.0
2018-01-06,Z305DBSG,ST4000DM000,4000787030016,0,114,69403272,95,0,100,5,100,0,89,816929237,82,16547,100,0,100,5,100.0,0.0,100.0,0.0,100.0,0.0,100.0,0.0,100.0,0.0,75.0,25.0,100.0,0.0,100.0,0.0,99.0,3325.0,25,25,100,0,100,0,200,0,100.0,16526.0,100.0,40557288824.0,100.0,64721357072.0
2018-01-07,Z305DBSG,ST4000DM000,4000787030016,0,117,148005960,95,0,100,5,100,0,89,818054333,82,16571,100,0,100,5,100.0,0.0,100.0,0.0,100.0,0.0,100.0,0.0,100.0,0.0,74.0,26.0,100.0,0.0,100.0,0.0,99.0,3325.0,26,26,100,0,100,0,200,0,100.0,16550.0,100.0,40561899032.0,100.0,64866615903.0
2018-01-08,Z305DBSG,ST4000DM000,4000787030016,0,118,175242096,95,0,100,5,100,0,89,818954197,82,16595,100,0,100,5,100.0,0.0,100.0,0.0,100.0,0.0,100.0,0.0,100.0,0.0,74.0,26.0,100.0,0.0,100.0,0.0,99.0,3325.0,26,26,100,0,100,0,200,0,100.0,16574.0,100.0,40566362848.0,100.0,64972964066.0
2018-01-09,Z305DBSG,ST4000DM000,4000787030016,0,112,44075264,95,0,100,5,100,0,89,820421246,82,16619,100,0,100,5,100.0,0.0,100.0,0.0,100.0,0.0,100.0,0.0,100.0,0.0,74.0,26.0,100.0,0.0,100.0,0.0,99.0,3325.0,26,26,100,0,100,0,200,0,100.0,16598.0,100.0,40570462296.0,100.0,65148719676.0
2018-01-10,Z305DBSG,ST4000DM000,4000787030016,0,120,244063944,95,0,100,5,100,0,89,822105861,82,16643,100,0,100,5,100.0,0.0,100.0,0.0,100.0,0.0,100.0,0.0,100.0,0.0,75.0,25.0,100.0,0.0,100.0,0.0,99.0,3325.0,25,25,100,0,100,0,200,0,100.0,16622.0,100.0,40576112808.0,100.0,65286951342.0
2018-01-11,Z305DBSG,ST4000DM000,4000787030016,0,115,97266584,95,0,100,5,100,0,89,822899583,81,16664,100,0,100,5,100.0,0.0,100.0,0.0,100.0,0.0,100.0,0.0,100.0,0.0,73.0,27.0,100.0,0.0,100.0,0.0,99.0,3329.0,27,27,100,0,100,0,200,0,100.0,16643.0,100.0,40577647896.0,100.0,65416454894.0
2018-01-12,Z305DBSG,ST4000DM000,4000787030016,0,113,56706848,95,0,100,5,100,0,89,824470496,81,16688,100,0,100,5,100.0,0.0,100.0,0.0,100.0,0.0,100.0,0.0,100.0,0.0,73.0,27.0,100.0,0.0,100.0,0.0,99.0,3329.0,27,27,100,0,100,0,200,0,100.0,16667.0,100.0,40582949472.0,100.0,65576221110.0
2018-01-13,Z305DBSG,ST4000DM000,4000787030016,0,118.0,201089320.0,95.0,0.0,100.0,5.0,100,0,89.0,826333126.0,81,16712,100.0,0.0,100,5,100.0,0.0,100.0,0.0,100.0,0.0,100.0,0.0,100.0,0.0,74.0,26.0,100.0,0.0,100.0,0.0,99.0,3329.0,26.0,26.0,100.0,0.0,100.0,0.0,200,0,100.0,16691.0,100.0,40587094456.0,100.0,65710416482.0
2018-01-14,Z305DBSG,ST4000DM000,4000787030016,0,117.0,128759792.0,95.0,0.0,100.0,5.0,100,0,89.0,827087518.0,81,16736,100.0,0.0,100,5,100.0,0.0,100.0,0.0,100.0,0.0,100.0,0.0,100.0,0.0,74.0,26.0,100.0,0.0,100.0,0.0,99.0,3329.0,26.0,26.0,100.0,0.0,100.0,0.0,200,0,100.0,16715.0,100.0,40589639240.0,100.0,65851167556.0
2018-01-15,Z305DBSG,ST4000DM000,4000787030016,0,120.0,243957408.0,95.0,0.0,100.0,5.0,100,0,89.0,827968535.0,81,16760,100.0,0.0,100,5,100.0,0.0,100.0,0.0,100.0,0.0,100.0,0.0,100.0,0.0,74.0,26.0,100.0,0.0,100.0,0.0,99.0,3329.0,26.0,26.0,100.0,0.0,100.0,0.0,200,0,100.0,16739.0,100.0,40593436616.0,100.0,66001207271.0
2018-01-16,Z305DBSG,ST4000DM000,4000787030016,0,115.0,88513584.0,95.0,0.0,100.0,5.0,100,0,89.0,828911989.0,81,16784,100.0,0.0,100,5,100.0,0.0,100.0,0.0,100.0,0.0,100.0,0.0,100.0,0.0,74.0,26.0,100.0,0.0,100.0,0.0,99.0,3329.0,26.0,26.0,100.0,0.0,100.0,0.0,200,0,100.0,16763.0,100.0,40597234200.0,100.0,66159670580.0
2018-01-17,Z305DBSG,ST4000DM000,4000787030016,0,118.0,182473424.0,95.0,0.0,100.0,5.0,100,0,89.0,830110649.0,81,16808,100.0,0.0,100,5,100.0,0.0,100.0,0.0,100.0,0.0,100.0,0.0,100.0,0.0,75.0,25.0,100.0,0.0,100.0,0.0,99.0,3337.0,25.0,25.0,100.0,0.0,100.0,0.0,200,0,100.0,16787.0,100.0,40604642792.0,100.0,66312906235.0
2018-01-18,Z305DBSG,ST4000DM000,4000787030016,0,116.0,101798688.0,95.0,0.0,100.0,5.0,100.0,0.0,89.0,830846117.0,81.0,16835.0,100.0,0.0,100.0,5.0,100.0,0.0,100.0,0.0,100.0,0.0,100.0,0.0,100.0,0.0,75.0,25.0,100.0,0.0,100.0,0.0,99.0,3339.0,25.0,25.0,100.0,0.0,100.0,0.0,200.0,0.0,100.0,16814.0,100.0,40627500816.0,100.0,66497404680.0
2018-01-19,Z305DBSG,ST4000DM000,4000787030016,0,114.0,74224304.0,95.0,0.0,100.0,5.0,100.0,0.0,89.0,831779615.0,81.0,16859.0,100.0,0.0,100.0,5.0,100.0,0.0,100.0,0.0,100.0,0.0,100.0,0.0,100.0,0.0,75.0,25.0,100.0,0.0,100.0,0.0,99.0,3339.0,25.0,25.0,100.0,0.0,100.0,0.0,200.0,0.0,100.0,16838.0,100.0,40652633800.0,100.0,66661399387.0
2018-01-20,Z305DBSG,ST4000DM000,4000787030016,0,118.0,179157456.0,95.0,0.0,100.0,5.0,100,0,89.0,832708347.0,81,16883,100.0,0.0,100,5,100.0,0.0,100.0,0.0,100.0,0.0,100.0,0.0,100.0,0.0,75.0,25.0,100.0,0.0,100.0,0.0,99.0,3339.0,25.0,25.0,100.0,0.0,100.0,0.0,200,0,100.0,16862.0,100.0,40667781288.0,100.0,66796668589.0
2018-01-21,Z305DBSG,ST4000DM000,4000787030016,0,117.0,131194440.0,95.0,0.0,100.0,5.0,100,0,89.0,834373122.0,81,16907,100.0,0.0,100,5,100.0,0.0,100.0,0.0,100.0,0.0,100.0,0.0,100.0,0.0,74.0,26.0,100.0,0.0,100.0,0.0,99.0,3339.0,26.0,26.0,100.0,0.0,100.0,0.0,200,0,100.0,16886.0,100.0,40679789280.0,100.0,66992538028.0
2018-01-22,Z305DBSG,ST4000DM000,4000787030016,0,110.0,25197272.0,95.0,0.0,100.0,5.0,100,0,89.0,834988159.0,81,16931,100.0,0.0,100,5,100.0,0.0,100.0,0.0,100.0,0.0,100.0,0.0,100.0,0.0,75.0,25.0,100.0,0.0,100.0,0.0,99.0,3339.0,25.0,25.0,100.0,0.0,100.0,0.0,200,0,100.0,16910.0,100.0,40703399344.0,100.0,67150847654.0
2018-01-23,Z305DBSG,ST4000DM000,4000787030016,0,119.0,207345232.0,95.0,0.0,100.0,5.0,100,0,89.0,835733309.0,81,16955,100.0,0.0,100,5,100.0,0.0,100.0,0.0,100.0,0.0,100.0,0.0,100.0,0.0,75.0,25.0,100.0,0.0,100.0,0.0,99.0,3339.0,25.0,25.0,100.0,0.0,100.0,0.0,200,0,100.0,16934.0,100.0,40728323248.0,100.0,67326801471.0
2018-01-24,Z305DBSG,ST4000DM000,4000787030016,0,118.0,168863272.0,95.0,0.0,100.0,5.0,100,0,89.0,836867739.0,81,16975,100.0,0.0,100,5,100.0,0.0,100.0,0.0,100.0,0.0,100.0,0.0,100.0,0.0,75.0,25.0,100.0,0.0,100.0,0.0,99.0,3339.0,25.0,25.0,100.0,0.0,100.0,0.0,200,0,100.0,16954.0,100.0,40744045600.0,100.0,67500764713.0
2018-01-25,Z305DBSG,ST4000DM000,4000787030016,0,117.0,117818184.0,95.0,0.0,100.0,5.0,100,0,89.0,837345217.0,81,16991,100.0,0.0,100,5,100.0,0.0,100.0,0.0,100.0,0.0,100.0,0.0,100.0,0.0,75.0,25.0,100.0,0.0,100.0,0.0,99.0,3339.0,25.0,25.0,100.0,0.0,100.0,0.0,200,0,100.0,16970.0,100.0,40760440192.0,100.0,67612253111.0
2018-01-26,Z305DBSG,ST4000DM000,4000787030016,0,111.0,39705384.0,95.0,0.0,100.0,5.0,100,0,89.0,838133901.0,81,17016,100.0,0.0,100,5,100.0,0.0,100.0,0.0,100.0,0.0,100.0,0.0,100.0,0.0,76.0,24.0,100.0,0.0,100.0,0.0,99.0,3342.0,24.0,24.0,100.0,0.0,100.0,0.0,200,0,100.0,16994.0,100.0,40778834544.0,100.0,67740881042.0
2018-01-27,Z305DBSG,ST4000DM000,4000787030016,0,120.0,238476408.0,95.0,0.0,100.0,5.0,100,0,89.0,839503516.0,81,17040,100.0,0.0,100,5,100.0,0.0,100.0,0.0,100.0,0.0,100.0,0.0,100.0,0.0,76.0,24.0,100.0,0.0,100.0,0.0,99.0,3342.0,24.0,24.0,100.0,0.0,100.0,0.0,200,0,100.0,17018.0,100.0,40791738280.0,100.0,67905763488.0
2018-01-28,Z305DBSG,ST4000DM000,4000787030016,0,116.0,110871000.0,95.0,0.0,100.0,5.0,100,0,89.0,840372757.0,81,17064,100.0,0.0,100,5,100.0,0.0,100.0,0.0,100.0,0.0,100.0,0.0,100.0,0.0,76.0,24.0,100.0,0.0,100.0,0.0,99.0,3342.0,24.0,24.0,100.0,0.0,100.0,0.0,200,0,100.0,17043.0,100.0,40805742360.0,100.0,68087214439.0
2018-01-29,Z305DBSG,ST4000DM000,4000787030016,0,116.0,108798216.0,95.0,0.0,100.0,5.0,100,0,89.0,841218352.0,81,17088,100.0,0.0,100,5,100.0,0.0,100.0,0.0,100.0,0.0,100.0,0.0,100.0,0.0,76.0,24.0,100.0,0.0,100.0,0.0,99.0,3342.0,24.0,24.0,100.0,0.0,100.0,0.0,200,0,100.0,17067.0,100.0,40833536128.0,100.0,68220747380.0
2018-01-30,Z305DBSG,ST4000DM000,4000787030016,0,119.0,213625376.0,95.0,0.0,100.0,5.0,100,0,89.0,842730636.0,81,17120,100.0,0.0,100,5,100.0,0.0,100.0,0.0,100.0,0.0,100.0,0.0,100.0,0.0,76.0,24.0,100.0,0.0,100.0,0.0,99.0,3344.0,24.0,24.0,100.0,0.0,100.0,0.0,200,0,100.0,17099.0,100.0,40868761048.0,100.0,68436485236.0
2018-01-31,Z305DBSG,ST4000DM000,4000787030016,0,120.0,1216824.0,95.0,0.0,100.0,5.0,100.0,0.0,89.0,845178841.0,81.0,17144.0,100.0,0.0,100.0,5.0,100.0,0.0,100.0,0.0,100.0,0.0,100.0,0.0,100.0,0.0,75.0,25.0,100.0,0.0,100.0,0.0,99.0,3344.0,25.0,25.0,100.0,0.0,100.0,0.0,200.0,0.0,100.0,17123.0,100.0,40886290328.0,100.0,68646426613.0
2018-02-01,Z305DBSG,ST4000DM000,4000787030016,0,115.0,92669744.0,95.0,0.0,100.0,5.0,100,0,89.0,846994326.0,81,17168,100.0,0.0,100,5,100.0,0.0,100.0,0.0,100.0,0.0,100.0,0.0,100.0,0.0,75.0,25.0,100.0,0.0,100.0,0.0,99.0,3344.0,25.0,25.0,100.0,0.0,100.0,0.0,200,0,100.0,17147.0,100.0,40904249104.0,100.0,68775896096.0
2018-02-02,Z305DBSG,ST4000DM000,4000787030016,0,111.0,30329488.0,95.0,0.0,100.0,5.0,100,0,89.0,848418721.0,81,17192,100.0,0.0,100,5,100.0,0.0,100.0,0.0,100.0,0.0,100.0,0.0,100.0,0.0,75.0,25.0,100.0,0.0,100.0,0.0,99.0,3344.0,25.0,25.0,100.0,0.0,100.0,0.0,200,0,100.0,17171.0,100.0,40928814624.0,100.0,68962562428.0
2018-02-03,Z305DBSG,ST4000DM000,4000787030016,0,120.0,243383848.0,95.0,0.0,100.0,5.0,100,0,89.0,850095997.0,81,17216,100.0,0.0,100,5,100.0,0.0,100.0,0.0,100.0,0.0,100.0,0.0,100.0,0.0,76.0,24.0,100.0,0.0,100.0,0.0,99.0,3344.0,24.0,24.0,100.0,0.0,100.0,0.0,200,0,100.0,17195.0,100.0,40953793192.0,100.0,69122991924.0
2018-02-04,Z305DBSG,ST4000DM000,4000787030016,0,111.0,39519568.0,95.0,0.0,100.0,5.0,100,0,89.0,851026161.0,81,17240,100.0,0.0,100,5,100.0,0.0,100.0,0.0,100.0,0.0,100.0,0.0,100.0,0.0,76.0,24.0,100.0,0.0,100.0,0.0,99.0,3344.0,24.0,24.0,100.0,0.0,100.0,0.0,200,0,100.0,17219.0,100.0,40969522072.0,100.0,69283049776.0
2018-02-05,Z305DBSG,ST4000DM000,4000787030016,0,114.0,74681680.0,95.0,0.0,100.0,5.0,100,0,89.0,851896709.0,81,17264,100.0,0.0,100,5,100.0,0.0,100.0,0.0,100.0,0.0,100.0,0.0,100.0,0.0,76.0,24.0,100.0,0.0,100.0,0.0,99.0,3344.0,24.0,24.0,100.0,0.0,100.0,0.0,200,0,100.0,17243.0,100.0,40978540616.0,100.0,69439811327.0
2018-02-06,Z305DBSG,ST4000DM000,4000787030016,0,116.0,104914640.0,95.0,0.0,100.0,5.0,100,0,89.0,852874104.0,81,17289,100.0,0.0,100,5,100.0,0.0,100.0,0.0,100.0,0.0,100.0,0.0,100.0,0.0,75.0,25.0,100.0,0.0,100.0,0.0,99.0,3344.0,25.0,25.0,100.0,0.0,100.0,0.0,200,0,100.0,17268.0,100.0,40996446784.0,100.0,69609203356.0
2018-02-07,Z305DBSG,ST4000DM000,4000787030016,0,119.0,234004952.0,95.0,0.0,100.0,5.0,100,0,89.0,854523644.0,81,17313,100.0,0.0,100,5,100.0,0.0,100.0,0.0,100.0,0.0,100.0,0.0,100.0,0.0,75.0,25.0,100.0,0.0,100.0,0.0,99.0,3344.0,25.0,25.0,100.0,0.0,100.0,0.0,200,0,100.0,17292.0,100.0,41012174176.0,100.0,69791135717.0
2018-02-08,Z305DBSG,ST4000DM000,4000787030016,0,114.0,71360296.0,95.0,0.0,100.0,5.0,100,0,89.0,855286037.0,81,17334,100.0,0.0,100,5,100.0,0.0,100.0,0.0,100.0,0.0,100.0,0.0,100.0,0.0,76.0,24.0,100.0,0.0,100.0,0.0,99.0,3347.0,24.0,24.0,100.0,0.0,100.0,0.0,200,0,100.0,17312.0,100.0,41023671888.0,100.0,69918671580.0
2018-02-09,Z305DBSG,ST4000DM000,4000787030016,0,117,147764864,95,0,100,5,100,0,89,856821537,81,17357,100,0,100,5,100.0,0.0,100.0,0.0,100.0,0.0,100.0,0.0,100.0,0.0,76.0,24.0,100.0,0.0,100.0,0.0,99.0,3347.0,24,24,100,0,100,0,200,0,100.0,17336.0,100.0,41035317472.0,100.0,70089716268.0
2018-02-10,Z305DBSG,ST4000DM000,4000787030016,0,118.0,187894712.0,95.0,0.0,100.0,5.0,100.0,0.0,89.0,858301149.0,81.0,17381.0,100.0,0.0,100.0,5.0,100.0,0.0,100.0,0.0,100.0,0.0,100.0,0.0,100.0,0.0,74.0,26.0,100.0,0.0,100.0,0.0,99.0,3347.0,26.0,26.0,100.0,0.0,100.0,0.0,200.0,0.0,100.0,17360.0,100.0,41049003864.0,100.0,70212514672.0
2018-02-11,Z305DBSG,ST4000DM000,4000787030016,0,115,96304728,95,0,100,5,100,0,89,859797896,81,17405,100,0,100,5,100.0,0.0,100.0,0.0,100.0,0.0,100.0,0.0,100.0,0.0,75.0,25.0,100.0,0.0,100.0,0.0,99.0,3347.0,25,25,100,0,100,0,200,0,100.0,17384.0,100.0,41085000504.0,100.0,70390734858.0
2018-02-12,Z305DBSG,ST4000DM000,4000787030016,0,117,120833616,95,0,100,5,100,0,89,860612570,81,17430,100,0,100,5,100.0,0.0,100.0,0.0,100.0,0.0,100.0,0.0,100.0,0.0,75.0,25.0,100.0,0.0,100.0,0.0,99.0,3347.0,25,25,100,0,100,0,200,0,100.0,17409.0,100.0,41092565448.0,100.0,70553097111.0
2018-02-13,Z305DBSG,ST4000DM000,4000787030016,0,117,140041192,95,0,100,5,100,0,89,862180287,81,17454,100,0,100,5,100.0,0.0,100.0,0.0,100.0,0.0,100.0,0.0,100.0,0.0,74.0,26.0,100.0,0.0,100.0,0.0,99.0,3347.0,26,26,100,0,100,0,200,0,100.0,17432.0,100.0,41129081088.0,100.0,70734684128.0
2018-02-14,Z305DBSG,ST4000DM000,4000787030016,0,117,123190200,95,0,100,5,100,0,89,864114971,81,17477,100,0,100,5,100.0,0.0,100.0,0.0,100.0,0.0,100.0,0.0,100.0,0.0,75.0,25.0,100.0,0.0,100.0,0.0,99.0,3347.0,25,25,100,0,100,0,200,0,100.0,17456.0,100.0,41153696560.0,100.0,70923823110.0
2018-02-15,Z305DBSG,ST4000DM000,4000787030016,0,117,151474448,95,0,100,5,100,0,89,865366220,81,17502,100,0,100,5,100.0,0.0,100.0,0.0,100.0,0.0,100.0,0.0,100.0,0.0,75.0,25.0,100.0,0.0,100.0,0.0,99.0,3347.0,25,25,100,0,100,0,200,0,100.0,17481.0,100.0,41175331544.0,100.0,71104287180.0
2018-02-16,Z305DBSG,ST4000DM000,4000787030016,0,117,126416944,95,0,100,5,100,0,89,866489662,80,17525,100,0,100,5,100.0,0.0,100.0,0.0,100.0,0.0,100.0,0.0,100.0,0.0,75.0,25.0,100.0,0.0,100.0,0.0,99.0,3347.0,25,25,100,0,100,0,200,0,100.0,17504.0,100.0,41186178448.0,100.0,71292749680.0
2018-02-17,Z305DBSG,ST4000DM000,4000787030016,0,117,140555264,95,0,100,5,100,0,89,868073197,80,17549,100,0,100,5,100.0,0.0,100.0,0.0,100.0,0.0,100.0,0.0,100.0,0.0,76.0,24.0,100.0,0.0,100.0,0.0,99.0,3347.0,24,24,100,0,100,0,200,0,100.0,17528.0,100.0,41212009664.0,100.0,71458174765.0
2018-02-18,Z305DBSG,ST4000DM000,4000787030016,0,118,197539560,95,0,100,5,100,0,89,869730056,80,17574,100,0,100,5,100.0,0.0,100.0,0.0,100.0,0.0,100.0,0.0,100.0,0.0,76.0,24.0,100.0,0.0,100.0,0.0,99.0,3347.0,24,24,100,0,100,0,200,0,100.0,17552.0,100.0,41235076688.0,100.0,71634450986.0
2018-02-19,Z305DBSG,ST4000DM000,4000787030016,0,114,76024792,95,0,100,5,100,0,89,871246558,80,17598,100,0,100,5,100.0,0.0,100.0,0.0,100.0,0.0,100.0,0.0,100.0,0.0,75.0,25.0,100.0,0.0,100.0,0.0,99.0,3347.0,25,25,100,0,100,0,200,0,100.0,17576.0,100.0,41247096016.0,100.0,71820022698.0
2018-02-20,Z305DBSG,ST4000DM000,4000787030016,0,118,181011280,95,0,100,5,100,0,89,871845089,80,17614,100,0,100,5,100.0,0.0,100.0,0.0,100.0,0.0,100.0,0.0,100.0,0.0,75.0,25.0,100.0,0.0,100.0,0.0,99.0,3347.0,25,25,100,0,100,0,200,0,100.0,17593.0,100.0,41257356320.0,100.0,71923980850.0
2018-02-21,Z305DBSG,ST4000DM000,4000787030016,0,114,71309520,95,0,100,5,100,0,89,873732183,80,17645,100,0,100,5,100.0,0.0,100.0,0.0,100.0,0.0,100.0,0.0,100.0,0.0,75.0,25.0,100.0,0.0,100.0,0.0,99.0,3347.0,25,25,100,0,100,0,200,0,100.0,17624.0,100.0,41274297760.0,100.0,72138442242.0
2018-02-22,Z305DBSG,ST4000DM000,4000787030016,0,115,92195064,95,0,100,5,100,0,89,874620614,80,17669,100,0,100,5,100.0,0.0,100.0,0.0,100.0,0.0,100.0,0.0,100.0,0.0,76.0,24.0,100.0,0.0,100.0,0.0,99.0,3351.0,24,24,100,0,100,0,200,0,100.0,17648.0,100.0,41286114680.0,100.0,72279969682.0
2018-02-23,Z305DBSG,ST4000DM000,4000787030016,0,117,121794304,95,0,100,5,100,0,89,874838769,80,17693,100,0,100,5,100.0,0.0,100.0,0.0,100.0,0.0,100.0,0.0,100.0,0.0,75.0,25.0,100.0,0.0,100.0,0.0,99.0,3351.0,25,25,100,0,100,0,200,0,100.0,17672.0,100.0,41293250792.0,100.0,72295651888.0
2018-02-24,Z305DBSG,ST4000DM000,4000787030016,0,118,180542984,95,0,100,5,100,0,89,875810537,80,17717,100,0,100,5,100.0,0.0,100.0,0.0,100.0,0.0,100.0,0.0,100.0,0.0,76.0,24.0,100.0,0.0,100.0,0.0,99.0,3351.0,24,24,100,0,100,0,200,0,100.0,17696.0,100.0,41306440464.0,100.0,72347193387.0
2018-02-25,Z305DBSG,ST4000DM000,4000787030016,0,117,119879984,95,0,100,5,100,0,89,876697945,80,17741,100,0,100,5,100.0,0.0,100.0,0.0,100.0,0.0,100.0,0.0,100.0,0.0,75.0,25.0,100.0,0.0,100.0,0.0,99.0,3351.0,25,25,100,0,100,0,200,0,100.0,17720.0,100.0,41322237040.0,100.0,72481836465.0
2018-02-26,Z305DBSG,ST4000DM000,4000787030016,0,117,126689784,95,0,100,5,100,0,89,877879881,80,17765,100,0,100,5,100.0,0.0,100.0,0.0,100.0,0.0,100.0,0.0,100.0,0.0,76.0,24.0,100.0,0.0,100.0,0.0,99.0,3351.0,24,24,100,0,100,0,200,0,100.0,17744.0,100.0,41334345208.0,100.0,72645671790.0
2018-02-27,Z305DBSG,ST4000DM000,4000787030016,0,117,163466456,95,0,100,5,100,0,89,878951310,80,17789,100,0,100,5,100.0,0.0,100.0,0.0,100.0,0.0,100.0,0.0,100.0,0.0,75.0,25.0,100.0,0.0,100.0,0.0,99.0,3351.0,25,25,100,0,100,0,200,0,100.0,17768.0,100.0,41347355648.0,100.0,72775402942.0
2018-02-28,Z305DBSG,ST4000DM000,4000787030016,0,106,12148600,95,0,100,5,100,0,89,880671984,80,17813,100,0,100,5,100.0,0.0,100.0,0.0,100.0,0.0,100.0,0.0,100.0,0.0,76.0,24.0,100.0,0.0,100.0,0.0,99.0,3351.0,24,24,100,0,100,0,200,0,100.0,17792.0,100.0,41358088576.0,100.0,72914980103.0
2018-03-01,Z305DBSG,ST4000DM000,4000787030016,0,118,197590320,95,0,100,5,100,0,89,882907214,80,17839,100,0,100,5,100.0,0.0,100.0,0.0,100.0,0.0,100.0,0.0,100.0,0.0,76.0,24.0,100.0,0.0,100.0,0.0,99.0,3354.0,24,24,100,0,100,0,200,0,100.0,17818.0,100.0,41372360056.0,100.0,73093390933.0
2018-03-02,Z305DBSG,ST4000DM000,4000787030016,0,113,50791864,95,0,100,5,100,0,89,884252709,80,17863,100,0,100,5,100.0,0.0,100.0,0.0,100.0,0.0,100.0,0.0,100.0,0.0,75.0,25.0,100.0,0.0,100.0,0.0,99.0,3354.0,25,25,100,0,100,0,200,0,100.0,17842.0,100.0,41387079872.0,100.0,73234337621.0
2018-03-03,Z305DBSG,ST4000DM000,4000787030016,0,113,55331696,95,0,100,5,100,0,89,885892827,80,17888,100,0,100,5,100.0,0.0,100.0,0.0,100.0,0.0,100.0,0.0,100.0,0.0,76.0,24.0,100.0,0.0,100.0,0.0,99.0,3354.0,24,24,100,0,100,0,200,0,100.0,17866.0,100.0,41394303176.0,100.0,73367601295.0
2018-03-04,Z305DBSG,ST4000DM000,4000787030016,0,119,221196216,95,0,100,5,100,0,89,886685823,80,17911,100,0,100,5,100.0,0.0,100.0,0.0,100.0,0.0,100.0,0.0,100.0,0.0,76.0,24.0,100.0,0.0,100.0,0.0,99.0,3354.0,24,24,100,0,100,0,200,0,100.0,17890.0,100.0,41396347584.0,100.0,73518884252.0
2018-03-05,Z305DBSG,ST4000DM000,4000787030016,0,115,90224992,95,0,100,5,100,0,89,887474345,80,17932,100,0,100,5,100.0,0.0,100.0,0.0,100.0,0.0,100.0,0.0,100.0,0.0,76.0,24.0,100.0,0.0,100.0,0.0,99.0,3354.0,24,24,100,0,100,0,200,0,100.0,17911.0,100.0,41399257096.0,100.0,73654754522.0
2018-03-06,Z305DBSG,ST4000DM000,4000787030016,0,116,108351200,95,0,100,5,100,0,89,888257143,80,17957,100,0,100,5,100.0,0.0,100.0,0.0,100.0,0.0,100.0,0.0,100.0,0.0,76.0,24.0,100.0,0.0,100.0,0.0,99.0,3354.0,24,24,100,0,100,0,200,0,100.0,17935.0,100.0,41401540224.0,100.0,73789426720.0
2018-03-07,Z305DBSG,ST4000DM000,4000787030016,0,119.0,209277416.0,95.0,0.0,100.0,5.0,100.0,0.0,89.0,889881403.0,80.0,17981.0,100.0,0.0,100.0,5.0,100.0,0.0,100.0,0.0,100.0,0.0,100.0,0.0,100.0,0.0,76.0,24.0,100.0,0.0,100.0,0.0,99.0,3354.0,24.0,24.0,100.0,0.0,100.0,0.0,200.0,0.0,100.0,17959.0,100.0,41419808696.0,100.0,73945085232.0
2018-03-08,Z305DBSG,ST4000DM000,4000787030016,0,120,237246048,95,0,100,5,100,0,89,890615840,80,18005,100,0,100,5,100.0,0.0,100.0,0.0,100.0,0.0,100.0,0.0,100.0,0.0,76.0,24.0,100.0,0.0,100.0,0.0,99.0,3356.0,24,24,100,0,100,0,200,0,100.0,17983.0,100.0,41424226536.0,100.0,74084810371.0
2018-03-09,Z305DBSG,ST4000DM000,4000787030016,0,107,13637040,95,0,100,5,100,0,89,891343378,80,18029,100,0,100,5,100.0,0.0,100.0,0.0,100.0,0.0,100.0,0.0,100.0,0.0,76.0,24.0,100.0,0.0,100.0,0.0,99.0,3356.0,24,24,100,0,100,0,200,0,100.0,18008.0,100.0,41427015744.0,100.0,74236790009.0
2018-03-10,Z305DBSG,ST4000DM000,4000787030016,0,110,26433168,95,0,100,5,100,0,89,893513136,80,18053,100,0,100,5,100.0,0.0,100.0,0.0,100.0,0.0,100.0,0.0,100.0,0.0,76.0,24.0,100.0,0.0,100.0,0.0,99.0,3411.0,24,24,100,0,100,0,200,0,100.0,18031.0,100.0,41432331544.0,100.0,74374902239.0
2018-03-11,Z305DBSG,ST4000DM000,4000787030016,0,117,139818632,95,0,100,5,100,0,89,893906662,80,18077,100,0,100,5,100.0,0.0,100.0,0.0,100.0,0.0,100.0,0.0,100.0,0.0,76.0,24.0,100.0,0.0,100.0,0.0,99.0,3411.0,24,24,100,0,100,0,200,0,100.0,18055.0,100.0,41434961512.0,100.0,74525767425.0
2018-03-12,Z305DBSG,ST4000DM000,4000787030016,0,117,120592192,95,0,100,5,100,0,89,894406366,80,18101,100,0,100,5,100.0,0.0,100.0,0.0,100.0,0.0,100.0,0.0,100.0,0.0,76.0,24.0,100.0,0.0,100.0,0.0,99.0,3411.0,24,24,100,0,100,0,200,0,100.0,18079.0,100.0,41438805272.0,100.0,74690203340.0
2018-03-13,Z305DBSG,ST4000DM000,4000787030016,0,118,195679408,95,0,100,5,100,0,89,894917764,80,18125,100,0,100,5,100.0,0.0,100.0,0.0,100.0,0.0,100.0,0.0,100.0,0.0,77.0,23.0,100.0,0.0,100.0,0.0,99.0,3411.0,23,23,100,0,100,0,200,0,100.0,18104.0,100.0,41443557688.0,100.0,74835369078.0
2018-03-14,Z305DBSG,ST4000DM000,4000787030016,0,108,20212088,95,0,100,5,100,0,89,896154868,80,18149,100,0,100,5,100.0,0.0,100.0,0.0,100.0,0.0,100.0,0.0,100.0,0.0,76.0,24.0,100.0,0.0,100.0,0.0,99.0,3411.0,24,24,100,0,100,0,200,0,100.0,18127.0,100.0,41454105144.0,100.0,75021694157.0
2018-03-15,Z305DBSG,ST4000DM000,4000787030016,0,112,43595312,95,0,100,5,100,0,89,896685213,80,18175,100,0,100,5,100.0,0.0,100.0,0.0,100.0,0.0,100.0,0.0,100.0,0.0,76.0,24.0,100.0,0.0,100.0,0.0,99.0,3415.0,24,24,100,0,100,0,200,0,100.0,18153.0,100.0,41458243480.0,100.0,75201384509.0
2018-03-16,Z305DBSG,ST4000DM000,4000787030016,0,117.0,134153472.0,95.0,0.0,100.0,5.0,100.0,0.0,89.0,897144510.0,80.0,18198.0,100.0,0.0,100.0,5.0,100.0,0.0,100.0,0.0,100.0,0.0,100.0,0.0,100.0,0.0,76.0,24.0,100.0,0.0,100.0,0.0,99.0,3415.0,24.0,24.0,100.0,0.0,100.0,0.0,200.0,0.0,100.0,18177.0,100.0,41461769536.0,100.0,75371468880.0
2018-03-17,Z305DBSG,ST4000DM000,4000787030016,0,113,51902744,95,0,100,5,100,0,89,898176851,80,18222,100,0,100,5,100.0,0.0,100.0,0.0,100.0,0.0,100.0,0.0,100.0,0.0,76.0,24.0,100.0,0.0,100.0,0.0,99.0,3415.0,24,24,100,0,100,0,200,0,100.0,18201.0,100.0,41470205872.0,100.0,75538005894.0
2018-03-18,Z305DBSG,ST4000DM000,4000787030016,0,116,109951728,95,0,100,5,100,0,89,899776593,80,18247,100,0,100,5,100.0,0.0,100.0,0.0,100.0,0.0,100.0,0.0,100.0,0.0,76.0,24.0,100.0,0.0,100.0,0.0,99.0,3415.0,24,24,100,0,100,0,200,0,100.0,18225.0,100.0,41478335536.0,100.0,75724522432.0
2018-03-19,Z305DBSG,ST4000DM000,4000787030016,0,120,2115992,95,0,100,5,100,0,89,900486077,80,18270,100,0,100,5,100.0,0.0,100.0,0.0,100.0,0.0,100.0,0.0,100.0,0.0,75.0,25.0,100.0,0.0,100.0,0.0,99.0,3415.0,25,25,100,0,100,0,200,0,100.0,18249.0,100.0,41481366472.0,100.0,75900449818.0
2018-03-20,Z305DBSG,ST4000DM000,4000787030016,0,112,43684232,95,0,100,5,100,0,89,901219795,80,18294,100,0,100,5,100.0,0.0,100.0,0.0,100.0,0.0,100.0,0.0,100.0,0.0,76.0,24.0,100.0,0.0,100.0,0.0,99.0,3415.0,24,24,100,0,100,0,200,0,100.0,18273.0,100.0,41486109720.0,100.0,76059427465.0
2018-03-21,Z305DBSG,ST4000DM000,4000787030016,0,115,100298376,95,0,100,5,100,0,89,902869022,80,18318,100,0,100,5,100.0,0.0,100.0,0.0,100.0,0.0,100.0,0.0,100.0,0.0,76.0,24.0,100.0,0.0,100.0,0.0,99.0,3415.0,24,24,100,0,100,0,200,0,100.0,18297.0,100.0,41505033008.0,100.0,76228027374.0
2018-03-22,Z305DBSG,ST4000DM000,4000787030016,0,111,32411656,95,0,100,5,100,0,89,904762942,80,18342,100,0,100,5,100.0,0.0,100.0,0.0,100.0,0.0,100.0,0.0,100.0,0.0,76.0,24.0,100.0,0.0,100.0,0.0,99.0,3415.0,24,24,100,0,100,0,200,0,100.0,18321.0,100.0,41529038488.0,100.0,76419076297.0
2018-03-23,Z305DBSG,ST4000DM000,4000787030016,0,114,80238880,95,0,100,5,100,0,89,905860798,80,18367,100,0,100,5,100.0,0.0,100.0,0.0,100.0,0.0,100.0,0.0,100.0,0.0,76.0,24.0,100.0,0.0,100.0,0.0,99.0,3415.0,24,24,100,0,100,0,200,0,100.0,18345.0,100.0,41542397440.0,100.0,76604490530.0
2018-03-24,Z305DBSG,ST4000DM000,4000787030016,0,114,75015000,95,0,100,5,100,0,89,907343672,80,18391,100,0,100,5,100.0,0.0,100.0,0.0,100.0,0.0,100.0,0.0,100.0,0.0,76.0,24.0,100.0,0.0,100.0,0.0,99.0,3416.0,24,24,100,0,100,0,200,0,100.0,18369.0,100.0,41551682272.0,100.0,76754205278.0
2018-03-25,Z305DBSG,ST4000DM000,4000787030016,0,119,214001800,95,0,100,5,100,0,89,908180358,79,18415,100,0,100,5,100.0,0.0,100.0,0.0,100.0,0.0,100.0,0.0,100.0,0.0,76.0,24.0,100.0,0.0,100.0,0.0,99.0,3416.0,24,24,100,0,100,0,200,0,100.0,18393.0,100.0,41558496248.0,100.0,76897742275.0
2018-03-26,Z305DBSG,ST4000DM000,4000787030016,0,106,10531064,95,0,100,5,100,0,89,908900863,79,18439,100,0,100,5,100.0,0.0,100.0,0.0,100.0,0.0,100.0,0.0,100.0,0.0,76.0,24.0,100.0,0.0,100.0,0.0,99.0,3416.0,24,24,100,0,100,0,200,0,100.0,18417.0,100.0,41565391864.0,100.0,77052050555.0
2018-03-27,Z305DBSG,ST4000DM000,4000787030016,0,117,143048472,95,0,100,5,100,0,89,910847175,79,18463,100,0,100,5,100.0,0.0,100.0,0.0,100.0,0.0,100.0,0.0,100.0,0.0,76.0,24.0,100.0,0.0,100.0,0.0,99.0,3416.0,24,24,100,0,100,0,200,0,100.0,18441.0,100.0,41579193728.0,100.0,77236852614.0
2018-03-28,Z305DBSG,ST4000DM000,4000787030016,0,117,128351856,95,0,100,5,100,0,89,912536132,79,18486,100,0,100,5,100.0,0.0,100.0,0.0,100.0,0.0,100.0,0.0,100.0,0.0,77.0,23.0,100.0,0.0,100.0,0.0,99.0,3416.0,23,23,100,0,100,0,200,0,100.0,18465.0,100.0,41602587880.0,100.0,77408556808.0
2018-03-29,Z305DBSG,ST4000DM000,4000787030016,0,114,78392352,95,0,100,5,100,0,89,913376464,79,18510,100,0,100,5,100.0,0.0,100.0,0.0,100.0,0.0,100.0,0.0,100.0,0.0,77.0,23.0,100.0,0.0,100.0,0.0,99.0,3417.0,23,23,100,0,100,0,200,0,100.0,18488.0,100.0,41615127296.0,100.0,77555420529.0
2018-03-30,Z305DBSG,ST4000DM000,4000787030016,0,115,96121344,95,0,100,5,100,0,89,914280240,79,18534,100,0,100,5,100.0,0.0,100.0,0.0,100.0,0.0,100.0,0.0,100.0,0.0,77.0,23.0,100.0,0.0,100.0,0.0,99.0,3417.0,23,23,100,0,100,0,200,0,100.0,18512.0,100.0,41630559024.0,100.0,77687679713.0
2018-03-31,Z305DBSG,ST4000DM000,4000787030016,0,118,185606904,95,0,100,5,100,0,89,915990092,79,18559,100,0,100,5,100.0,0.0,100.0,0.0,100.0,0.0,100.0,0.0,100.0,0.0,77.0,23.0,100.0,0.0,100.0,0.0,99.0,3417.0,23,23,100,0,100,0,200,0,100.0,18537.0,100.0,41646483768.0,100.0,77827511522.0
2018-04-01,Z305DBSG,ST4000DM000,4000787030016,0,118,192916440,95,0,100,5,100,0,89,917234200,79,18582,100,0,100,5,100.0,0.0,100.0,0.0,100.0,0.0,100.0,0.0,100.0,0.0,77.0,23.0,100.0,0.0,100.0,0.0,99.0,3417.0,23,23,100,0,100,0,200,0,100.0,18560.0,100.0,41663310584.0,100.0,78005619080.0
2018-04-02,Z305DBSG,ST4000DM000,4000787030016,0,120,237394536,95,0,100,5,100,0,89,918121579,79,18607,100,0,100,5,100.0,0.0,100.0,0.0,100.0,0.0,100.0,0.0,100.0,0.0,77.0,23.0,100.0,0.0,100.0,0.0,99.0,3417.0,23,23,100,0,100,0,200,0,100.0,18585.0,100.0,41678282984.0,100.0,78169571159.0
2018-04-03,Z305DBSG,ST4000DM000,4000787030016,0,118,187176792,95,0,100,5,100,0,89,919055732,79,18631,100,0,100,5,100.0,0.0,100.0,0.0,100.0,0.0,100.0,0.0,100.0,0.0,77.0,23.0,100.0,0.0,100.0,0.0,99.0,3417.0,23,23,100,0,100,0,200,0,100.0,18609.0,100.0,41686814336.0,100.0,78348805003.0
2018-04-04,Z305DBSG,ST4000DM000,4000787030016,0,119,222623120,95,0,100,5,100,0,89,920729778,79,18654,100,0,100,5,100.0,0.0,100.0,0.0,100.0,0.0,100.0,0.0,100.0,0.0,77.0,23.0,100.0,0.0,100.0,0.0,99.0,3417.0,23,23,100,0,100,0,200,0,100.0,18632.0,100.0,41702566928.0,100.0,78530330528.0
2018-04-05,Z305DBSG,ST4000DM000,4000787030016,0,116,108343400,95,0,100,5,100,0,89,921872443,79,18678,100,0,100,5,100.0,0.0,100.0,0.0,100.0,0.0,100.0,0.0,100.0,0.0,78.0,22.0,100.0,0.0,100.0,0.0,99.0,3417.0,22,22,100,0,100,0,200,0,100.0,18656.0,100.0,41716621264.0,100.0,78703782508.0
2018-04-06,Z305DBSG,ST4000DM000,4000787030016,0,114,73236712,95,0,100,5,100,0,89,924076827,79,18702,100,0,100,5,100.0,0.0,100.0,0.0,100.0,0.0,100.0,0.0,100.0,0.0,78.0,22.0,100.0,0.0,100.0,0.0,99.0,3417.0,22,22,100,0,100,0,200,0,100.0,18680.0,100.0,41730926792.0,100.0,78920257124.0
2018-04-07,Z305DBSG,ST4000DM000,4000787030016,0,114.0,69441624.0,95.0,0.0,100.0,5.0,100.0,0.0,89.0,925410518.0,79.0,18726.0,100.0,0.0,100.0,5.0,100.0,0.0,100.0,0.0,100.0,0.0,100.0,0.0,100.0,0.0,78.0,22.0,100.0,0.0,100.0,0.0,99.0,3417.0,22.0,22.0,100.0,0.0,100.0,0.0,200.0,0.0,100.0,18704.0,100.0,41745783056.0,100.0,79056285770.0
2018-04-08,Z305DBSG,ST4000DM000,4000787030016,0,118,195000752,95,0,100,5,100,0,89,926309545,79,18750,100,0,100,5,100.0,0.0,100.0,0.0,100.0,0.0,100.0,0.0,100.0,0.0,78.0,22.0,100.0,0.0,100.0,0.0,99.0,3417.0,22,22,100,0,100,0,200,0,100.0,18729.0,100.0,41753748528.0,100.0,79227238442.0
2018-04-09,Z305DBSG,ST4000DM000,4000787030016,0,119,230287616,95,0,100,5,100,0,89,927209456,79,18774,100,0,100,5,100.0,0.0,100.0,0.0,100.0,0.0,100.0,0.0,100.0,0.0,78.0,22.0,100.0,0.0,100.0,0.0,99.0,3417.0,22,22,100,0,100,0,200,0,100.0,18752.0,100.0,41756804280.0,100.0,79401135964.0
2018-04-10,Z305DBSG,ST4000DM000,4000787030016,0,118,172367256,95,0,100,5,100,0,89,928001131,79,18798,100,0,100,5,100.0,0.0,100.0,0.0,100.0,0.0,100.0,0.0,100.0,0.0,79.0,21.0,100.0,0.0,100.0,0.0,99.0,3417.0,21,21,100,0,100,0,200,0,100.0,18777.0,100.0,41760260920.0,100.0,79537802841.0
2018-04-11,Z305DBSG,ST4000DM000,4000787030016,0,117,156799824,95,0,100,5,100,0,89,929546255,79,18822,100,0,100,5,100.0,0.0,100.0,0.0,100.0,0.0,100.0,0.0,100.0,0.0,78.0,22.0,100.0,0.0,100.0,0.0,99.0,3417.0,22,22,100,0,100,0,200,0,100.0,18800.0,100.0,41766024152.0,100.0,79701990487.0
2018-04-12,Z305DBSG,ST4000DM000,4000787030016,0,119,234235736,95,0,100,5,100,0,89,930181345,79,18846,100,0,100,5,100.0,0.0,100.0,0.0,100.0,0.0,100.0,0.0,100.0,0.0,78.0,22.0,100.0,0.0,100.0,0.0,99.0,3420.0,22,22,100,0,100,0,200,0,100.0,18824.0,100.0,41768441648.0,100.0,79813859027.0
2018-04-13,Z305DBSG,ST4000DM000,4000787030016,0,117,157193992,95,0,100,5,100,0,89,931203326,79,18870,100,0,100,5,100.0,0.0,100.0,0.0,100.0,0.0,100.0,0.0,100.0,0.0,77.0,23.0,100.0,0.0,100.0,0.0,99.0,3420.0,23,23,100,0,100,0,200,0,100.0,18848.0,100.0,41770066600.0,100.0,79980288427.0
2018-04-14,Z305DBSG,ST4000DM000,4000787030016,0,111,35850880,95,0,100,5,100,0,89,932622145,79,18894,100,0,100,5,100.0,0.0,100.0,0.0,100.0,0.0,100.0,0.0,100.0,0.0,78.0,22.0,100.0,0.0,100.0,0.0,99.0,3421.0,22,22,100,0,100,0,200,0,100.0,18872.0,100.0,41773582272.0,100.0,80103439296.0
2018-04-15,Z305DBSG,ST4000DM000,4000787030016,0,116,106953744,95,0,100,5,100,0,89,933773521,79,18918,100,0,100,5,100.0,0.0,100.0,0.0,100.0,0.0,100.0,0.0,100.0,0.0,77.0,23.0,100.0,0.0,100.0,0.0,99.0,3421.0,23,23,100,0,100,0,200,0,100.0,18896.0,100.0,41776583448.0,100.0,80246937685.0
2018-04-16,Z305DBSG,ST4000DM000,4000787030016,0,117,153649432,95,0,100,5,100,0,89,936002473,79,18942,100,0,100,5,100.0,0.0,100.0,0.0,100.0,0.0,100.0,0.0,100.0,0.0,77.0,23.0,100.0,0.0,100.0,0.0,99.0,3421.0,23,23,100,0,100,0,200,0,100.0,18920.0,100.0,41784139208.0,100.0,80374392776.0
2018-04-17,Z305DBSG,ST4000DM000,4000787030016,0,118,189985648,95,0,100,5,100,0,89,937058572,79,18966,100,0,100,5,100.0,0.0,100.0,0.0,100.0,0.0,100.0,0.0,100.0,0.0,76.0,24.0,100.0,0.0,100.0,0.0,99.0,3421.0,24,24,100,0,100,0,200,0,100.0,18944.0,100.0,41789195344.0,100.0,80534380079.0
2018-04-18,Z305DBSG,ST4000DM000,4000787030016,0,118,184244752,95,0,100,5,100,0,89,938832440,79,18990,100,0,100,5,100.0,0.0,100.0,0.0,100.0,0.0,100.0,0.0,100.0,0.0,76.0,24.0,100.0,0.0,100.0,0.0,99.0,3421.0,24,24,100,0,100,0,200,0,100.0,18968.0,100.0,41795057584.0,100.0,80720523328.0
2018-04-19,Z305DBSG,ST4000DM000,4000787030016,0,115,96267080,95,0,100,5,100,0,90,939623333,79,19014,100,0,100,5,100.0,0.0,100.0,0.0,100.0,0.0,100.0,0.0,100.0,0.0,77.0,23.0,100.0,0.0,100.0,0.0,99.0,3421.0,23,23,100,0,100,0,200,0,100.0,18992.0,100.0,41796917576.0,100.0,80868011674.0
2018-04-20,Z305DBSG,ST4000DM000,4000787030016,0,113,54627032,95,0,100,5,100,0,90,940480509,79,19038,100,0,100,5,100.0,0.0,100.0,0.0,100.0,0.0,100.0,0.0,100.0,0.0,77.0,23.0,100.0,0.0,100.0,0.0,99.0,3421.0,23,23,100,0,100,0,200,0,100.0,19016.0,100.0,41800172976.0,100.0,81019681014.0
2018-04-21,Z305DBSG,ST4000DM000,4000787030016,0,114,64906944,95,0,100,5,100,0,90,941605685,79,19062,100,0,100,5,100.0,0.0,100.0,0.0,100.0,0.0,100.0,0.0,100.0,0.0,77.0,23.0,100.0,0.0,100.0,0.0,99.0,3422.0,23,23,100,0,100,0,200,0,100.0,19040.0,100.0,41805354920.0,100.0,81132711978.0
2018-04-22,Z305DBSG,ST4000DM000,4000787030016,0,112,48406304,95,0,100,5,100,0,90,942288800,79,19086,100,0,100,5,100.0,0.0,100.0,0.0,100.0,0.0,100.0,0.0,100.0,0.0,77.0,23.0,100.0,0.0,100.0,0.0,99.0,3422.0,23,23,100,0,100,0,200,0,100.0,19064.0,100.0,41806828608.0,100.0,81281060093.0
2018-04-23,Z305DBSG,ST4000DM000,4000787030016,0,114,79176032,95,0,100,5,100,0,90,942949028,79,19110,100,0,100,5,100.0,0.0,100.0,0.0,100.0,0.0,100.0,0.0,100.0,0.0,78.0,22.0,100.0,0.0,100.0,0.0,99.0,3422.0,22,22,100,0,100,0,200,0,100.0,19088.0,100.0,41808466144.0,100.0,81432772772.0
2018-04-24,Z305DBSG,ST4000DM000,4000787030016,0,119,228208536,95,0,100,5,100,0,90,944483614,79,19134,100,0,100,5,100.0,0.0,100.0,0.0,100.0,0.0,100.0,0.0,100.0,0.0,78.0,22.0,100.0,0.0,100.0,0.0,99.0,3447.0,22,22,100,0,100,0,200,0,100.0,19112.0,100.0,41813358640.0,100.0,81551586004.0
2018-04-25,Z305DBSG,ST4000DM000,4000787030016,0,108,20215840,95,0,100,5,100,0,90,945521136,79,19158,100,0,100,5,100.0,0.0,100.0,0.0,100.0,0.0,100.0,0.0,100.0,0.0,77.0,23.0,100.0,0.0,100.0,0.0,99.0,3447.0,23,23,100,0,100,0,200,0,100.0,19136.0,100.0,41816184544.0,100.0,81720976853.0
2018-04-26,Z305DBSG,ST4000DM000,4000787030016,0,108,18149784,95,0,100,5,100,0,90,946038019,79,19183,100,0,100,5,100.0,0.0,100.0,0.0,100.0,0.0,100.0,0.0,100.0,0.0,77.0,23.0,100.0,0.0,100.0,0.0,99.0,3451.0,23,23,100,0,100,0,200,0,100.0,19161.0,100.0,41819823064.0,100.0,81886229519.0
2018-04-27,Z305DBSG,ST4000DM000,4000787030016,0,114,80810008,95,0,100,5,100,0,90,946511839,79,19208,100,0,100,5,100.0,0.0,100.0,0.0,100.0,0.0,100.0,0.0,100.0,0.0,77.0,23.0,100.0,0.0,100.0,0.0,99.0,3451.0,23,23,100,0,100,0,200,0,100.0,19186.0,100.0,41822810336.0,100.0,82030414953.0
2018-04-28,Z305DBSG,ST4000DM000,4000787030016,0,117,122647912,95,0,100,5,100,0,90,947549140,79,19232,100,0,100,5,100.0,0.0,100.0,0.0,100.0,0.0,100.0,0.0,100.0,0.0,77.0,23.0,100.0,0.0,100.0,0.0,99.0,3452.0,23,23,100,0,100,0,200,0,100.0,19209.0,100.0,41828022904.0,100.0,82180713510.0
2018-04-29,Z305DBSG,ST4000DM000,4000787030016,0,117,145025832,95,0,100,5,100,0,90,947977613,79,19256,100,0,100,5,100.0,0.0,100.0,0.0,100.0,0.0,100.0,0.0,100.0,0.0,77.0,23.0,100.0,0.0,100.0,0.0,99.0,3452.0,23,23,100,0,100,0,200,0,100.0,19233.0,100.0,41831199408.0,100.0,82341210221.0
2018-04-30,Z305DBSG,ST4000DM000,4000787030016,0,112,44227744,95,0,100,5,100,0,90,948435765,78,19280,100,0,100,5,100.0,0.0,100.0,0.0,100.0,0.0,100.0,0.0,100.0,0.0,77.0,23.0,100.0,0.0,100.0,0.0,99.0,3452.0,23,23,100,0,100,0,200,0,100.0,19258.0,100.0,41833788176.0,100.0,82519427817.0
2018-05-01,Z305DBSG,ST4000DM000,4000787030016,0,119,231460112,95,0,100,5,100,0,90,948781939,78,19304,100,0,100,5,100.0,0.0,100.0,0.0,100.0,0.0,100.0,0.0,100.0,0.0,77.0,23.0,100.0,0.0,100.0,0.0,99.0,3452.0,23,23,100,0,100,0,200,0,100.0,19282.0,100.0,41835956120.0,100.0,82702823787.0
2018-05-02,Z305DBSG,ST4000DM000,4000787030016,0,119.0,226366904.0,95.0,0.0,100.0,5.0,100.0,0.0,90.0,950007817.0,78.0,19328.0,100.0,0.0,100.0,5.0,100.0,0.0,100.0,0.0,100.0,0.0,100.0,0.0,100.0,0.0,78.0,22.0,100.0,0.0,100.0,0.0,99.0,3452.0,22.0,22.0,100.0,0.0,100.0,0.0,200.0,0.0,100.0,19306.0,100.0,41840067072.0,100.0,82881988669.0
2018-05-03,Z305DBSG,ST4000DM000,4000787030016,0,118,197399064,95,0,100,5,100,0,90,951776137,78,19350,100,0,100,5,100.0,0.0,100.0,0.0,100.0,0.0,100.0,0.0,100.0,0.0,77.0,23.0,100.0,0.0,100.0,0.0,99.0,3455.0,23,23,100,0,100,0,200,0,100.0,19327.0,100.0,41846278592.0,100.0,83065477023.0
2018-05-04,Z305DBSG,ST4000DM000,4000787030016,0,113,57451384,95,0,100,5,100,0,90,952402781,78,19374,100,0,100,5,100.0,0.0,100.0,0.0,100.0,0.0,100.0,0.0,100.0,0.0,78.0,22.0,100.0,0.0,100.0,0.0,99.0,3455.0,22,22,100,0,100,0,200,0,100.0,19352.0,100.0,41848790840.0,100.0,83199654731.0
2018-05-05,Z305DBSG,ST4000DM000,4000787030016,0,105,9995144,95,0,100,5,100,0,90,953869373,78,19398,100,0,100,5,100.0,0.0,100.0,0.0,100.0,0.0,100.0,0.0,100.0,0.0,77.0,23.0,100.0,0.0,100.0,0.0,99.0,3457.0,23,23,100,0,100,0,200,0,100.0,19376.0,100.0,41854738568.0,100.0,83348710760.0
2018-05-06,Z305DBSG,ST4000DM000,4000787030016,0,116,112697184,95,0,100,5,100,0,90,955412465,78,19422,100,0,100,5,100.0,0.0,100.0,0.0,100.0,0.0,100.0,0.0,100.0,0.0,77.0,23.0,100.0,0.0,100.0,0.0,99.0,3457.0,23,23,100,0,100,0,200,0,100.0,19399.0,100.0,41856661488.0,100.0,83538731674.0
2018-05-07,Z305DBSG,ST4000DM000,4000787030016,0,116,101002856,95,0,100,5,100,0,90,956509056,78,19446,100,0,100,5,100.0,0.0,100.0,0.0,100.0,0.0,100.0,0.0,100.0,0.0,77.0,23.0,100.0,0.0,100.0,0.0,99.0,3457.0,23,23,100,0,100,0,200,0,100.0,19423.0,100.0,41860533112.0,100.0,83717143150.0
2018-05-08,Z305DBSG,ST4000DM000,4000787030016,0,117,163349264,95,0,100,5,100,0,90,957418810,78,19470,100,0,100,5,100.0,0.0,100.0,0.0,100.0,0.0,100.0,0.0,100.0,0.0,77.0,23.0,100.0,0.0,100.0,0.0,99.0,3457.0,23,23,100,0,100,0,200,0,100.0,19448.0,100.0,41863448472.0,100.0,83877935910.0
2018-05-09,Z305DBSG,ST4000DM000,4000787030016,0,113,53122600,95,0,100,5,100,0,90,958723690,78,19494,100,0,100,5,100.0,0.0,100.0,0.0,100.0,0.0,100.0,0.0,100.0,0.0,77.0,23.0,100.0,0.0,100.0,0.0,99.0,3457.0,23,23,100,0,100,0,200,0,100.0,19472.0,100.0,41868799456.0,100.0,84044598931.0
2018-05-10,Z305DBSG,ST4000DM000,4000787030016,0,115,98625392,95,0,100,5,100,0,90,959422740,78,19519,100,0,100,5,100.0,0.0,100.0,0.0,100.0,0.0,100.0,0.0,100.0,0.0,77.0,23.0,100.0,0.0,100.0,0.0,99.0,3460.0,23,23,100,0,100,0,200,0,100.0,19496.0,100.0,41871121288.0,100.0,84204331379.0
2018-05-11,Z305DBSG,ST4000DM000,4000787030016,0,109,24483880,95,0,100,5,100,0,90,960241338,78,19543,100,0,100,5,100.0,0.0,100.0,0.0,100.0,0.0,100.0,0.0,100.0,0.0,77.0,23.0,100.0,0.0,100.0,0.0,99.0,3460.0,23,23,100,0,100,0,200,0,100.0,19520.0,100.0,41874677184.0,100.0,84361177986.0
2018-05-12,Z305DBSG,ST4000DM000,4000787030016,0,119,223876680,95,0,100,5,100,0,90,962530762,78,19566,100,0,100,5,100.0,0.0,100.0,0.0,100.0,0.0,100.0,0.0,100.0,0.0,77.0,23.0,100.0,0.0,100.0,0.0,99.0,3463.0,23,23,100,0,100,0,200,0,100.0,19544.0,100.0,41879542208.0,100.0,84515047995.0
2018-05-13,Z305DBSG,ST4000DM000,4000787030016,0,118,197952672,95,0,100,5,100,0,90,963598855,78,19590,100,0,100,5,100.0,0.0,100.0,0.0,100.0,0.0,100.0,0.0,100.0,0.0,77.0,23.0,100.0,0.0,100.0,0.0,99.0,3463.0,23,23,100,0,100,0,200,0,100.0,19568.0,100.0,41882978232.0,100.0,84682309107.0
2018-05-14,Z305DBSG,ST4000DM000,4000787030016,0,114,66146032,95,0,100,5,100,0,90,964760425,78,19614,100,0,100,5,100.0,0.0,100.0,0.0,100.0,0.0,100.0,0.0,100.0,0.0,77.0,23.0,100.0,0.0,100.0,0.0,99.0,3463.0,23,23,100,0,100,0,200,0,100.0,19592.0,100.0,41885495176.0,100.0,84851979834.0
2018-05-15,Z305DBSG,ST4000DM000,4000787030016,0,118.0,197847880.0,95.0,0.0,100.0,5.0,100.0,0.0,90.0,965527686.0,78.0,19638.0,100.0,0.0,100.0,5.0,100.0,0.0,100.0,0.0,100.0,0.0,100.0,0.0,100.0,0.0,77.0,23.0,100.0,0.0,100.0,0.0,99.0,3463.0,23.0,23.0,100.0,0.0,100.0,0.0,200.0,0.0,100.0,19616.0,100.0,41888866312.0,100.0,85011129352.0
2018-05-16,Z305DBSG,ST4000DM000,4000787030016,0,117,164441696,95,0,100,5,100,0,90,967103866,78,19663,100,0,100,5,100.0,0.0,100.0,0.0,100.0,0.0,100.0,0.0,100.0,0.0,77.0,23.0,100.0,0.0,100.0,0.0,99.0,3463.0,23,23,100,0,100,0,200,0,100.0,19640.0,100.0,41894660840.0,100.0,85209164449.0
2018-05-17,Z305DBSG,ST4000DM000,4000787030016,0,119,221115888,95,0,100,5,100,0,90,967932756,78,19686,100,0,100,5,100.0,0.0,100.0,0.0,100.0,0.0,100.0,0.0,100.0,0.0,76.0,24.0,100.0,0.0,100.0,0.0,99.0,3467.0,24,24,100,0,100,0,200,0,100.0,19663.0,100.0,41896249712.0,100.0,85369494712.0
2018-05-18,Z305DBSG,ST4000DM000,4000787030016,0,119,230419872,95,0,100,5,100,0,90,968943632,78,19710,100,0,100,5,100.0,0.0,100.0,0.0,100.0,0.0,100.0,0.0,100.0,0.0,76.0,24.0,100.0,0.0,100.0,0.0,99.0,3467.0,24,24,100,0,100,0,200,0,100.0,19688.0,100.0,41898374504.0,100.0,85539113286.0
2018-05-19,Z305DBSG,ST4000DM000,4000787030016,0,117,164933408,95,0,100,5,100,0,90,970403897,78,19734,100,0,100,5,100.0,0.0,100.0,0.0,100.0,0.0,100.0,0.0,100.0,0.0,77.0,23.0,100.0,0.0,100.0,0.0,99.0,3468.0,23,23,100,0,100,0,200,0,100.0,19711.0,100.0,41902249224.0,100.0,85718016136.0
2018-05-20,Z305DBSG,ST4000DM000,4000787030016,0,105,8069528,95,0,100,5,100,0,90,971223884,78,19758,100,0,100,5,100.0,0.0,100.0,0.0,100.0,0.0,100.0,0.0,100.0,0.0,77.0,23.0,100.0,0.0,100.0,0.0,99.0,3468.0,23,23,100,0,100,0,200,0,100.0,19735.0,100.0,41904364392.0,100.0,85881034920.0
2018-05-21,Z305DBSG,ST4000DM000,4000787030016,0,114,59402944,95,0,100,5,100,0,90,973071009,78,19781,100,0,100,5,100.0,0.0,100.0,0.0,100.0,0.0,100.0,0.0,100.0,0.0,77.0,23.0,100.0,0.0,100.0,0.0,99.0,3468.0,23,23,100,0,100,0,200,0,100.0,19759.0,100.0,41909619936.0,100.0,86065969888.0
2018-05-22,Z305DBSG,ST4000DM000,4000787030016,0,106,12229416,95,0,100,5,100,0,90,973918345,78,19805,100,0,100,5,100.0,0.0,100.0,0.0,100.0,0.0,100.0,0.0,100.0,0.0,77.0,23.0,100.0,0.0,100.0,0.0,99.0,3468.0,23,23,100,0,100,0,200,0,100.0,19783.0,100.0,41911701640.0,100.0,86236302376.0
2018-05-23,Z305DBSG,ST4000DM000,4000787030016,0,118,181664336,95,0,100,5,100,0,90,975341080,78,19829,100,0,100,5,100.0,0.0,100.0,0.0,100.0,0.0,100.0,0.0,100.0,0.0,77.0,23.0,100.0,0.0,100.0,0.0,99.0,3468.0,23,23,100,0,100,0,200,0,100.0,19807.0,100.0,41916394640.0,100.0,86393055072.0
2018-05-24,Z305DBSG,ST4000DM000,4000787030016,0,102,4636912,95,0,100,5,100,0,90,976096129,78,19853,100,0,100,5,100.0,0.0,100.0,0.0,100.0,0.0,100.0,0.0,100.0,0.0,77.0,23.0,100.0,0.0,100.0,0.0,99.0,3469.0,23,23,100,0,100,0,200,0,100.0,19831.0,100.0,41918821760.0,100.0,86519002146.0
2018-05-25,Z305DBSG,ST4000DM000,4000787030016,0,117,138471416,95,0,100,5,100,0,90,977105176,78,19878,100,0,100,5,100.0,0.0,100.0,0.0,100.0,0.0,100.0,0.0,100.0,0.0,77.0,23.0,100.0,0.0,100.0,0.0,99.0,3474.0,23,23,100,0,100,0,200,0,100.0,19856.0,100.0,41921443152.0,100.0,86670717669.0
2018-05-26,Z305DBSG,ST4000DM000,4000787030016,0,117,143054128,95,0,100,5,100,0,90,978541363,78,19902,100,0,100,5,100.0,0.0,100.0,0.0,100.0,0.0,100.0,0.0,100.0,0.0,77.0,23.0,100.0,0.0,100.0,0.0,99.0,3474.0,23,23,100,0,100,0,200,0,100.0,19879.0,100.0,41924921152.0,100.0,86794225682.0
2018-05-27,Z305DBSG,ST4000DM000,4000787030016,0,120,242578512,95,0,100,5,100,0,90,979567108,78,19926,100,0,100,5,100.0,0.0,100.0,0.0,100.0,0.0,100.0,0.0,100.0,0.0,77.0,23.0,100.0,0.0,100.0,0.0,99.0,3474.0,23,23,100,0,100,0,200,0,100.0,19903.0,100.0,41926653360.0,100.0,86924315040.0
2018-05-28,Z305DBSG,ST4000DM000,4000787030016,0,117,141176104,95,0,100,5,100,0,90,981562786,78,19950,100,0,100,5,100.0,0.0,100.0,0.0,100.0,0.0,100.0,0.0,100.0,0.0,77.0,23.0,100.0,0.0,100.0,0.0,99.0,3474.0,23,23,100,0,100,0,200,0,100.0,19927.0,100.0,41931912088.0,100.0,87051995858.0
2018-05-29,Z305DBSG,ST4000DM000,4000787030016,0,112,49792920,95,0,100,5,100,0,90,982576755,78,19974,100,0,100,5,100.0,0.0,100.0,0.0,100.0,0.0,100.0,0.0,100.0,0.0,77.0,23.0,100.0,0.0,100.0,0.0,99.0,3475.0,23,23,100,0,100,0,200,0,100.0,19951.0,100.0,41934120336.0,100.0,87208012016.0
2018-05-30,Z305DBSG,ST4000DM000,4000787030016,0,118,192449472,95,0,100,5,100,0,90,984164004,78,19998,100,0,100,5,100.0,0.0,100.0,0.0,100.0,0.0,100.0,0.0,100.0,0.0,77.0,23.0,100.0,0.0,100.0,0.0,99.0,3475.0,23,23,100,0,100,0,200,0,100.0,19975.0,100.0,41938932544.0,100.0,87377331902.0
2018-05-31,Z305DBSG,ST4000DM000,4000787030016,0,119,211435184,95,0,100,5,100,0,90,985010275,78,20023,100,0,100,5,100.0,0.0,100.0,0.0,100.0,0.0,100.0,0.0,100.0,0.0,77.0,23.0,100.0,0.0,100.0,0.0,99.0,3478.0,23,23,100,0,100,0,200,0,100.0,20000.0,100.0,41941528104.0,100.0,87528276189.0
2018-06-01,Z305DBSG,ST4000DM000,4000787030016,0,119,212132088,95,0,100,5,100,0,90,985733611,78,20046,100,0,100,5,100.0,0.0,100.0,0.0,100.0,0.0,100.0,0.0,100.0,0.0,77.0,23.0,100.0,0.0,100.0,0.0,99.0,3478.0,23,23,100,0,100,0,200,0,100.0,20024.0,100.0,41943435304.0,100.0,87671427540.0
2018-06-02,Z305DBSG,ST4000DM000,4000787030016,0,120,244079904,95,0,100,5,100,0,90,986876328,78,20070,100,0,100,5,100.0,0.0,100.0,0.0,100.0,0.0,100.0,0.0,100.0,0.0,77.0,23.0,100.0,0.0,100.0,0.0,99.0,3481.0,23,23,100,0,100,0,200,0,100.0,20047.0,100.0,41948099448.0,100.0,87789285701.0
2018-06-03,Z305DBSG,ST4000DM000,4000787030016,0,116,102928448,95,0,100,5,100,0,90,987627975,78,20095,100,0,100,5,100.0,0.0,100.0,0.0,100.0,0.0,100.0,0.0,100.0,0.0,77.0,23.0,100.0,0.0,100.0,0.0,99.0,3481.0,23,23,100,0,100,0,200,0,100.0,20072.0,100.0,41949868624.0,100.0,87949306646.0
2018-06-04,Z305DBSG,ST4000DM000,4000787030016,0,120,243205656,95,0,100,5,100,0,90,989154068,78,20118,100,0,100,5,100.0,0.0,100.0,0.0,100.0,0.0,100.0,0.0,100.0,0.0,77.0,23.0,100.0,0.0,100.0,0.0,99.0,3481.0,23,23,100,0,100,0,200,0,100.0,20096.0,100.0,41955037848.0,100.0,88067536507.0
2018-06-05,Z305DBSG,ST4000DM000,4000787030016,0,100,2916216,95,0,100,5,100,0,90,989609991,78,20142,100,0,100,5,100.0,0.0,100.0,0.0,100.0,0.0,100.0,0.0,100.0,0.0,77.0,23.0,100.0,0.0,100.0,0.0,99.0,3521.0,23,23,100,0,100,0,200,0,100.0,20119.0,100.0,41957323640.0,100.0,88214192695.0
2018-06-06,Z305DBSG,ST4000DM000,4000787030016,0,114,64100624,95,0,100,5,100,0,90,990707883,77,20167,100,0,100,5,100.0,0.0,100.0,0.0,100.0,0.0,100.0,0.0,100.0,0.0,77.0,23.0,100.0,0.0,100.0,0.0,99.0,3522.0,23,23,100,0,100,0,200,0,100.0,20144.0,100.0,41962518720.0,100.0,88388865635.0
2018-06-07,Z305DBSG,ST4000DM000,4000787030016,0,115,90380120,95,0,100,5,100,0,90,991164822,77,20191,100,0,100,5,100.0,0.0,100.0,0.0,100.0,0.0,100.0,0.0,100.0,0.0,77.0,23.0,100.0,0.0,100.0,0.0,99.0,3522.0,23,23,100,0,100,0,200,0,100.0,20168.0,100.0,41965847616.0,100.0,88532782543.0
2018-06-08,Z305DBSG,ST4000DM000,4000787030016,0,115,95858712,95,0,100,5,100,0,90,991647339,77,20215,100,0,100,5,100.0,0.0,100.0,0.0,100.0,0.0,100.0,0.0,100.0,0.0,77.0,23.0,100.0,0.0,100.0,0.0,99.0,3527.0,23,23,100,0,100,0,200,0,100.0,20192.0,100.0,41969040888.0,100.0,88691563302.0
2018-06-09,Z305DBSG,ST4000DM000,4000787030016,0,115,88400376,95,0,100,5,100,0,90,992607882,77,20238,100,0,100,5,100.0,0.0,100.0,0.0,100.0,0.0,100.0,0.0,100.0,0.0,77.0,23.0,100.0,0.0,100.0,0.0,99.0,3534.0,23,23,100,0,100,0,200,0,100.0,20215.0,100.0,41973422832.0,100.0,88839451532.0
2018-06-10,Z305DBSG,ST4000DM000,4000787030016,0,117,162549808,95,0,100,5,100,0,90,993063927,77,20262,100,0,100,5,100.0,0.0,100.0,0.0,100.0,0.0,100.0,0.0,100.0,0.0,77.0,23.0,100.0,0.0,100.0,0.0,99.0,3534.0,23,23,100,0,100,0,200,0,100.0,20239.0,100.0,41975962896.0,100.0,89010760390.0
2018-06-11,Z305DBSG,ST4000DM000,4000787030016,0,117,123797032,95,0,100,5,100,0,90,993423191,77,20287,100,0,100,5,100.0,0.0,100.0,0.0,100.0,0.0,100.0,0.0,100.0,0.0,77.0,23.0,100.0,0.0,100.0,0.0,99.0,3534.0,23,23,100,0,100,0,200,0,100.0,20264.0,100.0,41978182080.0,100.0,89202062338.0
2018-06-12,Z305DBSG,ST4000DM000,4000787030016,0,117,160165640,95,0,100,5,100,0,90,995082301,77,20311,100,0,100,5,100.0,0.0,100.0,0.0,100.0,0.0,100.0,0.0,100.0,0.0,77.0,23.0,100.0,0.0,100.0,0.0,99.0,3534.0,23,23,100,0,100,0,200,0,100.0,20288.0,100.0,41984032632.0,100.0,89377784409.0
2018-06-13,Z305DBSG,ST4000DM000,4000787030016,0,116,112213808,95,0,100,5,100,0,90,996886928,77,20338,100,0,100,5,100.0,0.0,100.0,0.0,100.0,0.0,100.0,0.0,100.0,0.0,77.0,23.0,100.0,0.0,100.0,0.0,99.0,3535.0,23,23,100,0,100,0,200,0,100.0,20315.0,100.0,41988984280.0,100.0,89604858727.0
2018-06-14,Z305DBSG,ST4000DM000,4000787030016,0,109,24020560,95,0,100,5,100,0,90,997529348,77,20362,100,0,100,5,100.0,0.0,100.0,0.0,100.0,0.0,100.0,0.0,100.0,0.0,75.0,25.0,100.0,0.0,100.0,0.0,99.0,3535.0,25,25,100,0,100,0,200,0,100.0,20339.0,100.0,41992808496.0,100.0,89731393195.0
2018-06-15,Z305DBSG,ST4000DM000,4000787030016,0,114.0,61148480.0,95.0,0.0,100.0,5.0,100.0,0.0,90.0,999009544.0,77.0,20386.0,100.0,0.0,100.0,5.0,100.0,0.0,100.0,0.0,100.0,0.0,100.0,0.0,100.0,0.0,75.0,25.0,100.0,0.0,100.0,0.0,99.0,3536.0,25.0,25.0,100.0,0.0,100.0,0.0,200.0,0.0,100.0,20362.0,100.0,41994995072.0,100.0,89905929241.0
2018-06-16,Z305DBSG,ST4000DM000,4000787030016,0,111.0,30256336.0,95.0,0.0,100.0,5.0,100.0,0.0,90.0,474254.0,77.0,20410.0,100.0,0.0,100.0,5.0,100.0,0.0,100.0,0.0,100.0,0.0,100.0,0.0,100.0,0.0,75.0,25.0,100.0,0.0,100.0,0.0,99.0,3542.0,25.0,25.0,100.0,0.0,100.0,0.0,200.0,0.0,100.0,20386.0,100.0,41999104472.0,100.0,90062335291.0
2018-06-17,Z305DBSG,ST4000DM000,4000787030016,0,119.0,225434304.0,95.0,0.0,100.0,5.0,100.0,0.0,61.0,1463079.0,77.0,20433.0,100.0,0.0,100.0,5.0,100.0,0.0,100.0,0.0,100.0,0.0,100.0,0.0,100.0,0.0,77.0,23.0,100.0,0.0,100.0,0.0,99.0,3542.0,23.0,23.0,100.0,0.0,100.0,0.0,200.0,0.0,100.0,20410.0,100.0,42001009560.0,100.0,90230927556.0
2018-06-18,Z305DBSG,ST4000DM000,4000787030016,0,114.0,62680304.0,95.0,0.0,100.0,5.0,100.0,0.0,63.0,2363673.0,77.0,20458.0,100.0,0.0,100.0,5.0,100.0,0.0,100.0,0.0,100.0,0.0,100.0,0.0,100.0,0.0,77.0,23.0,100.0,0.0,100.0,0.0,99.0,3542.0,23.0,23.0,100.0,0.0,100.0,0.0,200.0,0.0,100.0,20435.0,100.0,42004527912.0,100.0,90392243104.0
2018-06-19,Z305DBSG,ST4000DM000,4000787030016,0,116,107313896,95,0,100,5,100,0,64,2946320,77,20481,100,0,100,5,100.0,0.0,100.0,0.0,100.0,0.0,100.0,0.0,100.0,0.0,77.0,23.0,100.0,0.0,100.0,0.0,99.0,3542.0,23,23,100,0,100,0,200,0,100.0,20458.0,100.0,42006555432.0,100.0,90532338876.0
2018-06-20,Z305DBSG,ST4000DM000,4000787030016,0,117,150893200,95,0,100,5,100,0,66,4421996,77,20506,100,0,100,5,100.0,0.0,100.0,0.0,100.0,0.0,100.0,0.0,100.0,0.0,77.0,23.0,100.0,0.0,100.0,0.0,99.0,3542.0,23,23,100,0,100,0,200,0,100.0,20483.0,100.0,42012438544.0,100.0,90720056292.0
2018-06-21,Z305DBSG,ST4000DM000,4000787030016,0,108,16458552,95,0,100,5,100,0,67,6242404,77,20530,100,0,100,5,100.0,0.0,100.0,0.0,100.0,0.0,100.0,0.0,100.0,0.0,77.0,23.0,100.0,0.0,100.0,0.0,99.0,3542.0,23,23,100,0,100,0,200,0,100.0,20507.0,100.0,42018204080.0,100.0,90890335340.0
2018-06-22,Z305DBSG,ST4000DM000,4000787030016,0,116,109194568,95,0,100,5,100,0,68,7310829,77,20554,100,0,100,5,100.0,0.0,100.0,0.0,100.0,0.0,100.0,0.0,100.0,0.0,77.0,23.0,100.0,0.0,100.0,0.0,99.0,3544.0,23,23,100,0,100,0,200,0,100.0,20531.0,100.0,42022106872.0,100.0,91045611383.0
2018-06-23,Z305DBSG,ST4000DM000,4000787030016,0,115,97136432,95,0,100,5,100,0,69,8640721,77,20578,100,0,100,5,100.0,0.0,100.0,0.0,100.0,0.0,100.0,0.0,100.0,0.0,77.0,23.0,100.0,0.0,100.0,0.0,99.0,3546.0,23,23,100,0,100,0,200,0,100.0,20555.0,100.0,42025869520.0,100.0,91176293880.0
2018-06-24,Z305DBSG,ST4000DM000,4000787030016,0,113,51900384,95,0,100,5,100,0,69,9590677,77,20602,100,0,100,5,100.0,0.0,100.0,0.0,100.0,0.0,100.0,0.0,100.0,0.0,77.0,23.0,100.0,0.0,100.0,0.0,99.0,3547.0,23,23,100,0,100,0,200,0,100.0,20578.0,100.0,42027510656.0,100.0,91339689543.0
2018-06-25,Z305DBSG,ST4000DM000,4000787030016,0,116,105747336,95,0,100,5,100,0,69,10395473,77,20625,100,0,100,5,100.0,0.0,100.0,0.0,100.0,0.0,100.0,0.0,100.0,0.0,77.0,23.0,100.0,0.0,100.0,0.0,99.0,3547.0,23,23,100,0,100,0,200,0,100.0,20602.0,100.0,42029772688.0,100.0,91512798951.0
2018-06-26,Z305DBSG,ST4000DM000,4000787030016,0,104,6773512,95,0,100,5,100,0,70,11285435,77,20650,100,0,100,5,100.0,0.0,100.0,0.0,100.0,0.0,100.0,0.0,100.0,0.0,77.0,23.0,100.0,0.0,100.0,0.0,99.0,3547.0,23,23,100,0,100,0,200,0,100.0,20626.0,100.0,42032498808.0,100.0,91685809409.0
2018-06-27,Z305DBSG,ST4000DM000,4000787030016,0,119,213396488,95,0,100,5,100,0,71,13009487,77,20674,100,0,100,5,100.0,0.0,100.0,0.0,100.0,0.0,100.0,0.0,100.0,0.0,77.0,23.0,100.0,0.0,100.0,0.0,99.0,3547.0,23,23,100,0,100,0,200,0,100.0,20650.0,100.0,42038288960.0,100.0,91881582501.0
2018-06-28,Z305DBSG,ST4000DM000,4000787030016,0,119,210398488,95,0,100,5,100,0,71,13910992,77,20695,100,0,100,5,100.0,0.0,100.0,0.0,100.0,0.0,100.0,0.0,100.0,0.0,77.0,23.0,100.0,0.0,100.0,0.0,99.0,3551.0,23,23,100,0,100,0,200,0,100.0,20672.0,100.0,42040990056.0,100.0,92038170067.0
2018-06-29,Z305DBSG,ST4000DM000,4000787030016,0,119,219676232,95,0,100,5,100,0,72,14826401,77,20719,100,0,100,5,100.0,0.0,100.0,0.0,100.0,0.0,100.0,0.0,100.0,0.0,77.0,23.0,100.0,0.0,100.0,0.0,99.0,3551.0,23,23,100,0,100,0,200,0,100.0,20696.0,100.0,42043528912.0,100.0,92225728249.0
2018-06-30,Z305DBSG,ST4000DM000,4000787030016,0,119,228092264,95,0,100,5,100,0,72,16071001,77,20743,100,0,100,5,100.0,0.0,100.0,0.0,100.0,0.0,100.0,0.0,100.0,0.0,77.0,23.0,100.0,0.0,100.0,0.0,99.0,3554.0,23,23,100,0,100,0,200,0,100.0,20720.0,100.0,42047757464.0,100.0,92365673736.0
2018-07-01,Z305DBSG,ST4000DM000,4000787030016,0,119,211069848,95,0,100,5,100,0,72,17990411,77,20767,100,0,100,5,100.0,0.0,100.0,0.0,100.0,0.0,100.0,0.0,100.0,0.0,77.0,23.0,100.0,0.0,100.0,0.0,99.0,3554.0,23,23,100,0,100,0,200,0,100.0,20744.0,100.0,42052683504.0,100.0,92558622927.0
2018-07-02,Z305DBSG,ST4000DM000,4000787030016,0,116,111348256,95,0,100,5,100,0,72,18618616,77,20791,100,0,100,5,100.0,0.0,100.0,0.0,100.0,0.0,100.0,0.0,100.0,0.0,77.0,23.0,100.0,0.0,100.0,0.0,99.0,3554.0,23,23,100,0,100,0,200,0,100.0,20767.0,100.0,42053959624.0,100.0,92685875490.0
2018-07-03,Z305DBSG,ST4000DM000,4000787030016,0,114,69941392,95,0,100,5,100,0,72,19414881,77,20815,100,0,100,5,100.0,0.0,100.0,0.0,100.0,0.0,100.0,0.0,100.0,0.0,77.0,23.0,100.0,0.0,100.0,0.0,99.0,3554.0,23,23,100,0,100,0,200,0,100.0,20792.0,100.0,42055496104.0,100.0,92834423441.0
2018-07-04,Z305DBSG,ST4000DM000,4000787030016,0,118,186852680,95,0,100,5,100,0,72,20821209,77,20839,100,0,100,5,100.0,0.0,100.0,0.0,100.0,0.0,100.0,0.0,100.0,0.0,77.0,23.0,100.0,0.0,100.0,0.0,99.0,3554.0,23,23,100,0,100,0,200,0,100.0,20816.0,100.0,42059578440.0,100.0,92969457430.0
2018-07-05,Z305DBSG,ST4000DM000,4000787030016,0,114,67457656,95,0,100,5,100,0,73,21882351,77,20863,100,0,100,5,100.0,0.0,100.0,0.0,100.0,0.0,100.0,0.0,100.0,0.0,77.0,23.0,100.0,0.0,100.0,0.0,99.0,3554.0,23,23,100,0,100,0,200,0,100.0,20839.0,100.0,42062429368.0,100.0,93113112113.0
2018-07-06,Z305DBSG,ST4000DM000,4000787030016,0,117,148644944,95,0,100,5,100,0,73,22939045,77,20887,100,0,100,5,100.0,0.0,100.0,0.0,100.0,0.0,100.0,0.0,100.0,0.0,77.0,23.0,100.0,0.0,100.0,0.0,99.0,3554.0,23,23,100,0,100,0,200,0,100.0,20863.0,100.0,42065463488.0,100.0,93245375167.0
2018-07-07,Z305DBSG,ST4000DM000,4000787030016,0,114,69883992,95,0,100,5,100,0,73,24408328,77,20911,100,0,100,5,100.0,0.0,100.0,0.0,100.0,0.0,100.0,0.0,100.0,0.0,77.0,23.0,100.0,0.0,100.0,0.0,99.0,3556.0,23,23,100,0,100,0,200,0,100.0,20888.0,100.0,42069544064.0,100.0,93358538069.0
2018-07-08,Z305DBSG,ST4000DM000,4000787030016,0,117,124581584,95,0,100,5,100,0,74,25394487,77,20935,100,0,100,5,100.0,0.0,100.0,0.0,100.0,0.0,100.0,0.0,100.0,0.0,77.0,23.0,100.0,0.0,100.0,0.0,99.0,3557.0,23,23,100,0,100,0,200,0,100.0,20912.0,100.0,42071566480.0,100.0,93497150493.0
2018-07-09,Z305DBSG,ST4000DM000,4000787030016,0,117,118373576,95,0,100,5,100,0,74,26366029,77,20959,100,0,100,5,100.0,0.0,100.0,0.0,100.0,0.0,100.0,0.0,100.0,0.0,77.0,23.0,100.0,0.0,100.0,0.0,99.0,3557.0,23,23,100,0,100,0,200,0,100.0,20935.0,100.0,42073196120.0,100.0,93645994978.0
2018-07-10,Z305DBSG,ST4000DM000,4000787030016,0,116.0,104436192.0,95.0,0.0,100.0,5.0,100.0,0.0,74.0,28090889.0,77.0,20983.0,100.0,0.0,100.0,5.0,100.0,0.0,100.0,0.0,100.0,0.0,100.0,0.0,100.0,0.0,77.0,23.0,100.0,0.0,100.0,0.0,99.0,3557.0,23.0,23.0,100.0,0.0,100.0,0.0,200.0,0.0,100.0,20960.0,100.0,42077672040.0,100.0,93802997970.0
2018-07-11,Z305DBSG,ST4000DM000,4000787030016,0,112,43821088,95,0,100,5,100,0,75,29476089,77,21007,100,0,100,5,100.0,0.0,100.0,0.0,100.0,0.0,100.0,0.0,100.0,0.0,77.0,23.0,100.0,0.0,100.0,0.0,99.0,3558.0,23,23,100,0,100,0,200,0,100.0,20984.0,100.0,42081956872.0,100.0,93963934018.0
2018-07-12,Z305DBSG,ST4000DM000,4000787030016,0,117,126238368,95,0,100,5,100,0,75,30092583,76,21032,100,0,100,5,100.0,0.0,100.0,0.0,100.0,0.0,100.0,0.0,100.0,0.0,77.0,23.0,100.0,0.0,100.0,0.0,99.0,3563.0,23,23,100,0,100,0,200,0,100.0,21009.0,100.0,42083468768.0,100.0,94095933931.0
2018-07-13,Z305DBSG,ST4000DM000,4000787030016,0,111,36131848,95,0,100,5,100,0,75,30857401,76,21056,100,0,100,5,100.0,0.0,100.0,0.0,100.0,0.0,100.0,0.0,100.0,0.0,78.0,22.0,100.0,0.0,100.0,0.0,99.0,3565.0,22,22,100,0,100,0,200,0,100.0,21032.0,100.0,42086312816.0,100.0,94251287860.0
2018-07-14,Z305DBSG,ST4000DM000,4000787030016,0,117,160900192,95,0,100,5,100,0,75,32008152,76,21080,100,0,100,5,100.0,0.0,100.0,0.0,100.0,0.0,100.0,0.0,100.0,0.0,77.0,23.0,100.0,0.0,100.0,0.0,99.0,3565.0,23,23,100,0,100,0,200,0,100.0,21057.0,100.0,42091645384.0,100.0,94355932179.0
2018-07-15,Z305DBSG,ST4000DM000,4000787030016,0,118,189228384,95,0,100,5,100,0,75,32437038,76,21104,100,0,100,5,100.0,0.0,100.0,0.0,100.0,0.0,100.0,0.0,100.0,0.0,77.0,23.0,100.0,0.0,100.0,0.0,99.0,3597.0,23,23,100,0,100,0,200,0,100.0,21080.0,100.0,42094789184.0,100.0,94497271017.0
2018-07-16,Z305DBSG,ST4000DM000,4000787030016,0,114,78466320,95,0,100,5,100,0,75,32882380,76,21128,100,0,100,5,100.0,0.0,100.0,0.0,100.0,0.0,100.0,0.0,100.0,0.0,77.0,23.0,100.0,0.0,100.0,0.0,99.0,3597.0,23,23,100,0,100,0,200,0,100.0,21105.0,100.0,42097663552.0,100.0,94648296111.0
2018-07-17,Z305DBSG,ST4000DM000,4000787030016,0,105,8092096,95,0,100,5,100,0,75,33296410,76,21152,100,0,100,5,100.0,0.0,100.0,0.0,100.0,0.0,100.0,0.0,100.0,0.0,77.0,23.0,100.0,0.0,100.0,0.0,99.0,3597.0,23,23,100,0,100,0,200,0,100.0,21129.0,100.0,42099934488.0,100.0,94783941685.0
2018-07-18,Z305DBSG,ST4000DM000,4000787030016,0,119,231441376,95,0,100,5,100,0,75,34382587,76,21176,100,0,100,5,100.0,0.0,100.0,0.0,100.0,0.0,100.0,0.0,100.0,0.0,77.0,23.0,100.0,0.0,100.0,0.0,99.0,3597.0,23,23,100,0,100,0,200,0,100.0,21153.0,100.0,42104788144.0,100.0,94970716873.0
2018-07-19,Z305DBSG,ST4000DM000,4000787030016,0,119,217035048,95,0,100,5,100,0,75,35764963,76,21201,100,0,100,5,100.0,0.0,100.0,0.0,100.0,0.0,100.0,0.0,100.0,0.0,77.0,23.0,100.0,0.0,100.0,0.0,99.0,3597.0,23,23,100,0,100,0,200,0,100.0,21177.0,100.0,42107321112.0,100.0,95147451654.0
2018-07-20,Z305DBSG,ST4000DM000,4000787030016,0,109,22831808,95,0,100,5,100,0,75,36136215,76,21224,100,0,100,5,100.0,0.0,100.0,0.0,100.0,0.0,100.0,0.0,100.0,0.0,77.0,23.0,100.0,0.0,100.0,0.0,99.0,3597.0,23,23,100,0,100,0,200,0,100.0,21201.0,100.0,42109327960.0,100.0,95323940497.0
2018-07-21,Z305DBSG,ST4000DM000,4000787030016,0,114,76172368,95,0,100,5,100,0,75,37073034,76,21248,100,0,100,5,100.0,0.0,100.0,0.0,100.0,0.0,100.0,0.0,100.0,0.0,77.0,23.0,100.0,0.0,100.0,0.0,99.0,3603.0,23,23,100,0,100,0,200,0,100.0,21225.0,100.0,42113280728.0,100.0,95474469158.0
2018-07-22,Z305DBSG,ST4000DM000,4000787030016,0,118,174313376,95,0,100,5,100,0,75,37739330,76,21272,100,0,100,5,100.0,0.0,100.0,0.0,100.0,0.0,100.0,0.0,100.0,0.0,77.0,23.0,100.0,0.0,100.0,0.0,99.0,3604.0,23,23,100,0,100,0,200,0,100.0,21248.0,100.0,42115256856.0,100.0,95651626450.0
2018-07-23,Z305DBSG,ST4000DM000,4000787030016,0,119,203057944,95,0,100,5,100,0,75,38457885,76,21296,100,0,100,5,100.0,0.0,100.0,0.0,100.0,0.0,100.0,0.0,100.0,0.0,77.0,23.0,100.0,0.0,100.0,0.0,99.0,3604.0,23,23,100,0,100,0,200,0,100.0,21273.0,100.0,42117856664.0,100.0,95811409369.0
2018-07-24,Z305DBSG,ST4000DM000,4000787030016,0,119,226298096,95,0,100,5,100,0,75,39233478,76,21320,100,0,100,5,100.0,0.0,100.0,0.0,100.0,0.0,100.0,0.0,100.0,0.0,77.0,23.0,100.0,0.0,100.0,0.0,99.0,3605.0,23,23,100,0,100,0,200,0,100.0,21297.0,100.0,42120001432.0,100.0,95953224269.0
2018-07-25,Z305DBSG,ST4000DM000,4000787030016,0,117.0,124261904.0,95.0,0.0,100.0,5.0,100.0,0.0,75.0,41414250.0,76.0,21344.0,100.0,0.0,100.0,5.0,100.0,0.0,100.0,0.0,100.0,0.0,100.0,0.0,100.0,0.0,77.0,23.0,100.0,0.0,100.0,0.0,99.0,3605.0,23.0,23.0,100.0,0.0,100.0,0.0,200.0,0.0,100.0,21321.0,100.0,42123985232.0,100.0,96152930573.0
2018-07-26,Z305DBSG,ST4000DM000,4000787030016,0,119,214921680,95,0,100,5,100,0,76,42339842,76,21366,100,0,100,5,100.0,0.0,100.0,0.0,100.0,0.0,100.0,0.0,100.0,0.0,77.0,23.0,100.0,0.0,100.0,0.0,99.0,3605.0,23,23,100,0,100,0,200,0,100.0,21342.0,100.0,42125366392.0,100.0,96314821372.0
2018-07-27,Z305DBSG,ST4000DM000,4000787030016,0,118,189279656,95,0,100,5,100,0,76,43176144,76,21390,100,0,100,5,100.0,0.0,100.0,0.0,100.0,0.0,100.0,0.0,100.0,0.0,77.0,23.0,100.0,0.0,100.0,0.0,99.0,3607.0,23,23,100,0,100,0,200,0,100.0,21366.0,100.0,42126994232.0,100.0,96467514855.0
2018-07-28,Z305DBSG,ST4000DM000,4000787030016,0,117,136381128,95,0,100,5,100,0,76,45200119,76,21413,100,0,100,5,100.0,0.0,100.0,0.0,100.0,0.0,100.0,0.0,100.0,0.0,77.0,23.0,100.0,0.0,100.0,0.0,99.0,3616.0,23,23,100,0,100,0,200,0,100.0,21390.0,100.0,42130980688.0,100.0,96609948498.0
2018-07-29,Z305DBSG,ST4000DM000,4000787030016,0,119,216533352,95,0,100,5,100,0,76,45813719,76,21437,100,0,100,5,100.0,0.0,100.0,0.0,100.0,0.0,100.0,0.0,100.0,0.0,77.0,23.0,100.0,0.0,100.0,0.0,99.0,3616.0,23,23,100,0,100,0,200,0,100.0,21414.0,100.0,42132750136.0,100.0,96755286147.0
2018-07-30,Z305DBSG,ST4000DM000,4000787030016,0,114,80641760,95,0,100,5,100,0,76,46560849,76,21462,100,0,100,5,100.0,0.0,100.0,0.0,100.0,0.0,100.0,0.0,100.0,0.0,77.0,23.0,100.0,0.0,100.0,0.0,99.0,3616.0,23,23,100,0,100,0,200,0,100.0,21438.0,100.0,42134656528.0,100.0,96911342445.0
2018-07-31,Z305DBSG,ST4000DM000,4000787030016,0,117,135687272,95,0,100,5,100,0,76,47341000,76,21486,100,0,100,5,100.0,0.0,100.0,0.0,100.0,0.0,100.0,0.0,100.0,0.0,77.0,23.0,100.0,0.0,100.0,0.0,99.0,3616.0,23,23,100,0,100,0,200,0,100.0,21462.0,100.0,42136392704.0,100.0,97061136244.0
2018-08-01,Z305DBSG,ST4000DM000,4000787030016,0,111,40714080,95,0,100,5,100,0,76,49006920,76,21510,100,0,100,5,100.0,0.0,100.0,0.0,100.0,0.0,100.0,0.0,100.0,0.0,77.0,23.0,100.0,0.0,100.0,0.0,99.0,3616.0,23,23,100,0,100,0,200,0,100.0,21486.0,100.0,42140579488.0,100.0,97238561973.0
2018-08-02,Z305DBSG,ST4000DM000,4000787030016,0,119,212596616,95,0,100,5,100,0,76,50055043,76,21533,100,0,100,5,100.0,0.0,100.0,0.0,100.0,0.0,100.0,0.0,100.0,0.0,77.0,23.0,100.0,0.0,100.0,0.0,99.0,3617.0,23,23,100,0,100,0,200,0,100.0,21510.0,100.0,42142173808.0,100.0,97408543265.0
2018-08-03,Z305DBSG,ST4000DM000,4000787030016,0,115,93529000,95,0,100,5,100,0,77,50793556,76,21557,100,0,100,5,100.0,0.0,100.0,0.0,100.0,0.0,100.0,0.0,100.0,0.0,77.0,23.0,100.0,0.0,100.0,0.0,99.0,3617.0,23,23,100,0,100,0,200,0,100.0,21534.0,100.0,42143687216.0,100.0,97573610264.0
2018-08-04,Z305DBSG,ST4000DM000,4000787030016,0,115,93079216,95,0,100,5,100,0,77,52068712,76,21581,100,0,100,5,100.0,0.0,100.0,0.0,100.0,0.0,100.0,0.0,100.0,0.0,77.0,23.0,100.0,0.0,100.0,0.0,99.0,3639.0,23,23,100,0,100,0,200,0,100.0,21558.0,100.0,42147307248.0,100.0,97720768297.0
2018-08-05,Z305DBSG,ST4000DM000,4000787030016,0,117,135728520,95,0,100,5,100,0,77,52999125,76,21606,100,0,100,5,100.0,0.0,100.0,0.0,100.0,0.0,100.0,0.0,100.0,0.0,77.0,23.0,100.0,0.0,100.0,0.0,99.0,3639.0,23,23,100,0,100,0,200,0,100.0,21582.0,100.0,42148698016.0,100.0,97898024390.0
2018-08-06,Z305DBSG,ST4000DM000,4000787030016,0,118,179727984,95,0,100,5,100,0,77,54997626,76,21630,100,0,100,5,100.0,0.0,100.0,0.0,100.0,0.0,100.0,0.0,100.0,0.0,77.0,23.0,100.0,0.0,100.0,0.0,99.0,3639.0,23,23,100,0,100,0,200,0,100.0,21606.0,100.0,42153426736.0,100.0,98079427555.0
2018-08-07,Z305DBSG,ST4000DM000,4000787030016,0,115,92348600,95,0,100,5,100,0,77,55856827,76,21654,100,0,100,5,100.0,0.0,100.0,0.0,100.0,0.0,100.0,0.0,100.0,0.0,77.0,23.0,100.0,0.0,100.0,0.0,99.0,3640.0,23,23,100,0,100,0,200,0,100.0,21630.0,100.0,42154714632.0,100.0,98266217228.0
2018-08-08,Z305DBSG,ST4000DM000,4000787030016,0,111,39273968,95,0,100,5,100,0,77,57260437,76,21677,100,0,100,5,100.0,0.0,100.0,0.0,100.0,0.0,100.0,0.0,100.0,0.0,77.0,23.0,100.0,0.0,100.0,0.0,99.0,3642.0,23,23,100,0,100,0,200,0,100.0,21654.0,100.0,42158445656.0,100.0,98436314102.0
2018-08-09,Z305DBSG,ST4000DM000,4000787030016,0,117,160519824,95,0,100,5,100,0,77,58078705,76,21702,100,0,100,5,100.0,0.0,100.0,0.0,100.0,0.0,100.0,0.0,100.0,0.0,77.0,23.0,100.0,0.0,100.0,0.0,99.0,3647.0,23,23,100,0,100,0,200,0,100.0,21678.0,100.0,42159675960.0,100.0,98607780941.0
2018-08-10,Z305DBSG,ST4000DM000,4000787030016,0,114,83187056,95,0,100,5,100,0,78,58751242,76,21726,100,0,100,5,100.0,0.0,100.0,0.0,100.0,0.0,100.0,0.0,100.0,0.0,77.0,23.0,100.0,0.0,100.0,0.0,99.0,3647.0,23,23,100,0,100,0,200,0,100.0,21702.0,100.0,42161067416.0,100.0,98736693302.0
2018-08-11,Z305DBSG,ST4000DM000,4000787030016,0,109,23779944,95,0,100,5,100,0,78,60021667,76,21750,100,0,100,5,100.0,0.0,100.0,0.0,100.0,0.0,100.0,0.0,100.0,0.0,77.0,23.0,100.0,0.0,100.0,0.0,99.0,3651.0,23,23,100,0,100,0,200,0,100.0,21726.0,100.0,42164562768.0,100.0,98874232130.0
2018-08-12,Z305DBSG,ST4000DM000,4000787030016,0,112,47986744,95,0,100,5,100,0,78,60742293,76,21774,100,0,100,5,100.0,0.0,100.0,0.0,100.0,0.0,100.0,0.0,100.0,0.0,77.0,23.0,100.0,0.0,100.0,0.0,99.0,3651.0,23,23,100,0,100,0,200,0,100.0,21750.0,100.0,42166053688.0,100.0,98990029317.0
2018-08-13,Z305DBSG,ST4000DM000,4000787030016,0,118,178172112,95,0,100,5,100,0,78,61764586,76,21797,100,0,100,5,100.0,0.0,100.0,0.0,100.0,0.0,100.0,0.0,100.0,0.0,77.0,23.0,100.0,0.0,100.0,0.0,99.0,3651.0,23,23,100,0,100,0,200,0,100.0,21774.0,100.0,42167502880.0,100.0,99133826155.0
2018-08-14,Z305DBSG,ST4000DM000,4000787030016,0,117.0,131552832.0,95.0,0.0,100.0,5.0,100.0,0.0,78.0,62737748.0,76.0,21821.0,100.0,0.0,100.0,5.0,100.0,0.0,100.0,0.0,100.0,0.0,100.0,0.0,100.0,0.0,77.0,23.0,100.0,0.0,100.0,0.0,99.0,3652.0,23.0,23.0,100.0,0.0,100.0,0.0,200.0,0.0,100.0,21797.0,100.0,42169051152.0,100.0,99258389222.0
2018-08-15,Z305DBSG,ST4000DM000,4000787030016,0,118.0,195996152.0,95.0,0.0,100.0,5.0,100.0,0.0,78.0,65483453.0,76.0,21847.0,100.0,0.0,100.0,5.0,100.0,0.0,100.0,0.0,100.0,0.0,100.0,0.0,100.0,0.0,77.0,23.0,100.0,0.0,100.0,0.0,99.0,3655.0,23.0,23.0,100.0,0.0,100.0,0.0,200.0,0.0,100.0,21824.0,100.0,42172935536.0,100.0,99397886211.0
2018-08-16,Z305DBSG,ST4000DM000,4000787030016,0,119,223911544,95,0,100,5,100,0,78,66617709,76,21871,100,0,100,5,100.0,0.0,100.0,0.0,100.0,0.0,100.0,0.0,100.0,0.0,77.0,23.0,100.0,0.0,100.0,0.0,99.0,3655.0,23,23,100,0,100,0,200,0,100.0,21847.0,100.0,42174299952.0,100.0,99546940146.0
2018-08-17,Z305DBSG,ST4000DM000,4000787030016,0,117,135905048,95,0,100,5,100,0,78,67401840,76,21896,100,0,100,5,100.0,0.0,100.0,0.0,100.0,0.0,100.0,0.0,100.0,0.0,77.0,23.0,100.0,0.0,100.0,0.0,99.0,3655.0,23,23,100,0,100,0,200,0,100.0,21872.0,100.0,42175690448.0,100.0,99686767760.0
2018-08-18,Z305DBSG,ST4000DM000,4000787030016,0,119,205331840,95,0,100,5,100,0,78,68687537,75,21920,100,0,100,5,100.0,0.0,100.0,0.0,100.0,0.0,100.0,0.0,100.0,0.0,77.0,23.0,100.0,0.0,100.0,0.0,99.0,3659.0,23,23,100,0,100,0,200,0,100.0,21896.0,100.0,42179173728.0,100.0,99821644104.0
2018-08-19,Z305DBSG,ST4000DM000,4000787030016,0,117,117877584,95,0,100,5,100,0,78,69348031,75,21943,100,0,100,5,100.0,0.0,100.0,0.0,100.0,0.0,100.0,0.0,100.0,0.0,77.0,23.0,100.0,0.0,100.0,0.0,99.0,3659.0,23,23,100,0,100,0,200,0,100.0,21919.0,100.0,42180460464.0,100.0,99957927695.0
2018-08-20,Z305DBSG,ST4000DM000,4000787030016,0,109,25088392,95,0,100,5,100,0,78,69955635,75,21967,100,0,100,5,100.0,0.0,100.0,0.0,100.0,0.0,100.0,0.0,100.0,0.0,77.0,23.0,100.0,0.0,100.0,0.0,99.0,3659.0,23,23,100,0,100,0,200,0,100.0,21943.0,100.0,42181839424.0,100.0,100087961241.0
2018-08-21,Z305DBSG,ST4000DM000,4000787030016,0,119,205616944,95,0,100,5,100,0,78,70615606,75,21992,100,0,100,5,100.0,0.0,100.0,0.0,100.0,0.0,100.0,0.0,100.0,0.0,77.0,23.0,100.0,0.0,100.0,0.0,99.0,3659.0,23,23,100,0,100,0,200,0,100.0,21968.0,100.0,42183299792.0,100.0,100238273352.0
2018-08-22,Z305DBSG,ST4000DM000,4000787030016,0,109,24539040,95,0,100,5,100,0,78,71674854,75,22015,100,0,100,5,100.0,0.0,100.0,0.0,100.0,0.0,100.0,0.0,100.0,0.0,77.0,23.0,100.0,0.0,100.0,0.0,99.0,3710.0,23,23,100,0,100,0,200,0,100.0,21991.0,100.0,42187054864.0,100.0,100348702235.0
2018-08-23,Z305DBSG,ST4000DM000,4000787030016,0,114,60197080,95,0,100,5,100,0,78,72059567,75,22040,100,0,100,5,100.0,0.0,100.0,0.0,100.0,0.0,100.0,0.0,100.0,0.0,77.0,23.0,100.0,0.0,100.0,0.0,99.0,3711.0,23,23,100,0,100,0,200,0,100.0,22015.0,100.0,42189185160.0,100.0,100492134260.0
2018-08-24,Z305DBSG,ST4000DM000,4000787030016,0,116,110764416,95,0,100,5,100,0,78,72476064,75,22063,100,0,100,5,100.0,0.0,100.0,0.0,100.0,0.0,100.0,0.0,100.0,0.0,77.0,23.0,100.0,0.0,100.0,0.0,99.0,3711.0,23,23,100,0,100,0,200,0,100.0,22039.0,100.0,42191307416.0,100.0,100635778369.0
2018-08-25,Z305DBSG,ST4000DM000,4000787030016,0,115,94604128,95,0,100,5,100,0,78,74472808,75,22087,100,0,100,5,100.0,0.0,100.0,0.0,100.0,0.0,100.0,0.0,100.0,0.0,77.0,23.0,100.0,0.0,100.0,0.0,99.0,3714.0,23,23,100,0,100,0,200,0,100.0,22063.0,100.0,42195456312.0,100.0,100777200744.0
2018-08-26,Z305DBSG,ST4000DM000,4000787030016,0,117,160133296,95,0,100,5,100,0,78,74902335,75,22112,100,0,100,5,100.0,0.0,100.0,0.0,100.0,0.0,100.0,0.0,100.0,0.0,77.0,23.0,100.0,0.0,100.0,0.0,99.0,3714.0,23,23,100,0,100,0,200,0,100.0,22088.0,100.0,42197545824.0,100.0,100948357461.0
2018-08-27,Z305DBSG,ST4000DM000,4000787030016,0,99,2488520,95,0,100,5,100,0,78,75330301,75,22136,100,0,100,5,100.0,0.0,100.0,0.0,100.0,0.0,100.0,0.0,100.0,0.0,77.0,23.0,100.0,0.0,100.0,0.0,99.0,3714.0,23,23,100,0,100,0,200,0,100.0,22111.0,100.0,42199556672.0,100.0,101104808580.0
2018-08-28,Z305DBSG,ST4000DM000,4000787030016,0,116,101373312,95,0,100,5,100,0,78,75714176,75,22159,100,0,100,5,100.0,0.0,100.0,0.0,100.0,0.0,100.0,0.0,100.0,0.0,77.0,23.0,100.0,0.0,100.0,0.0,99.0,3714.0,23,23,100,0,100,0,200,0,100.0,22135.0,100.0,42201447072.0,100.0,101279357293.0
2018-08-29,Z305DBSG,ST4000DM000,4000787030016,0,102,4927472,95,0,100,5,100,0,78,76299630,75,22184,100,0,100,5,100.0,0.0,100.0,0.0,100.0,0.0,100.0,0.0,100.0,0.0,77.0,23.0,100.0,0.0,100.0,0.0,99.0,3719.0,23,23,100,0,100,0,200,0,100.0,22160.0,100.0,42203580776.0,100.0,101447666182.0
2018-08-30,Z305DBSG,ST4000DM000,4000787030016,0,112,45126016,95,0,100,5,100,0,78,76897761,75,22209,100,0,100,5,100.0,0.0,100.0,0.0,100.0,0.0,100.0,0.0,100.0,0.0,77.0,23.0,100.0,0.0,100.0,0.0,99.0,3721.0,23,23,100,0,100,0,200,0,100.0,22184.0,100.0,42205047584.0,100.0,101609426157.0
2018-08-31,Z305DBSG,ST4000DM000,4000787030016,0,117,125824072,95,0,100,5,100,0,78,77547085,75,22233,100,0,100,5,100.0,0.0,100.0,0.0,100.0,0.0,100.0,0.0,100.0,0.0,77.0,23.0,100.0,0.0,100.0,0.0,99.0,3723.0,23,23,100,0,100,0,200,0,100.0,22208.0,100.0,42206780496.0,100.0,101757632888.0
2018-09-01,Z305DBSG,ST4000DM000,4000787030016,0,117,118852464,95,0,100,5,100,0,78,78494196,75,22257,100,0,100,5,100.0,0.0,100.0,0.0,100.0,0.0,100.0,0.0,100.0,0.0,77.0,23.0,100.0,0.0,100.0,0.0,99.0,3869.0,23,23,100,0,100,0,200,0,100.0,22232.0,100.0,42210245400.0,100.0,101829680036.0
2018-09-02,Z305DBSG,ST4000DM000,4000787030016,0,105,9275960,95,0,100,5,100,0,78,79370824,75,22280,100,0,100,5,100.0,0.0,100.0,0.0,100.0,0.0,100.0,0.0,100.0,0.0,77.0,23.0,100.0,0.0,100.0,0.0,99.0,3870.0,23,23,100,0,100,0,200,0,100.0,22256.0,100.0,42211769632.0,100.0,101966128376.0
2018-09-03,Z305DBSG,ST4000DM000,4000787030016,0,114,59537552,95,0,100,5,100,0,78,80705780,75,22305,100,0,100,5,100.0,0.0,100.0,0.0,100.0,0.0,100.0,0.0,100.0,0.0,77.0,23.0,100.0,0.0,100.0,0.0,99.0,3871.0,23,23,100,0,100,0,200,0,100.0,22280.0,100.0,42213365392.0,100.0,102142543821.0
2018-09-04,Z305DBSG,ST4000DM000,4000787030016,0,111,31390984,95,0,100,5,100,0,78,82834778,75,22329,100,0,100,5,100.0,0.0,100.0,0.0,100.0,0.0,100.0,0.0,100.0,0.0,77.0,23.0,100.0,0.0,100.0,0.0,99.0,3872.0,23,23,100,0,100,0,200,0,100.0,22304.0,100.0,42218664880.0,100.0,102325966180.0
2018-09-05,Z305DBSG,ST4000DM000,4000787030016,0,116,114718696,95,0,100,5,100,0,79,84271130,75,22353,100,0,100,5,100.0,0.0,100.0,0.0,100.0,0.0,100.0,0.0,100.0,0.0,77.0,23.0,100.0,0.0,100.0,0.0,99.0,3873.0,23,23,100,0,100,0,200,0,100.0,22328.0,100.0,42222665904.0,100.0,102484511887.0
2018-09-06,Z305DBSG,ST4000DM000,4000787030016,0,112,47364176,95,0,100,5,100,0,79,84797937,75,22377,100,0,100,5,100.0,0.0,100.0,0.0,100.0,0.0,100.0,0.0,100.0,0.0,77.0,23.0,100.0,0.0,100.0,0.0,99.0,3877.0,23,23,100,0,100,0,200,0,100.0,22353.0,100.0,42224297440.0,100.0,102613049621.0
2018-09-07,Z305DBSG,ST4000DM000,4000787030016,0,108,16241240,95,0,100,5,100,0,79,85471717,75,22402,100,0,100,5,100.0,0.0,100.0,0.0,100.0,0.0,100.0,0.0,100.0,0.0,77.0,23.0,100.0,0.0,100.0,0.0,99.0,3878.0,23,23,100,0,100,0,200,0,100.0,22377.0,100.0,42226159840.0,100.0,102753710830.0
2018-09-08,Z305DBSG,ST4000DM000,4000787030016,0,119,216973088,95,0,100,5,100,0,79,86575075,75,22425,100,0,100,5,100.0,0.0,100.0,0.0,100.0,0.0,100.0,0.0,100.0,0.0,77.0,23.0,100.0,0.0,100.0,0.0,99.0,3881.0,23,23,100,0,100,0,200,0,100.0,22401.0,100.0,42229739696.0,100.0,102873475801.0
2018-09-09,Z305DBSG,ST4000DM000,4000787030016,0,111,36339328,95,0,100,5,100,0,79,87345830,75,22450,100,0,100,5,100.0,0.0,100.0,0.0,100.0,0.0,100.0,0.0,100.0,0.0,77.0,23.0,100.0,0.0,100.0,0.0,99.0,3881.0,23,23,100,0,100,0,200,0,100.0,22425.0,100.0,42231608456.0,100.0,103020337315.0
2018-09-10,Z305DBSG,ST4000DM000,4000787030016,0,118,172104160,95,0,100,5,100,0,79,88248956,75,22473,100,0,100,5,100.0,0.0,100.0,0.0,100.0,0.0,100.0,0.0,100.0,0.0,77.0,23.0,100.0,0.0,100.0,0.0,99.0,3881.0,23,23,100,0,100,0,200,0,100.0,22449.0,100.0,42233397608.0,100.0,103170662461.0
2018-09-11,Z305DBSG,ST4000DM000,4000787030016,0,116,109333752,95,0,100,5,100,0,79,89285128,75,22497,100,0,100,5,100.0,0.0,100.0,0.0,100.0,0.0,100.0,0.0,100.0,0.0,77.0,23.0,100.0,0.0,100.0,0.0,99.0,3881.0,23,23,100,0,100,0,200,0,100.0,22473.0,100.0,42234999776.0,100.0,103311892774.0
2018-09-12,Z305DBSG,ST4000DM000,4000787030016,0,117,119772624,95,0,100,5,100,0,79,91088534,75,22522,100,0,100,5,100.0,0.0,100.0,0.0,100.0,0.0,100.0,0.0,100.0,0.0,77.0,23.0,100.0,0.0,100.0,0.0,99.0,3881.0,23,23,100,0,100,0,200,0,100.0,22497.0,100.0,42239040696.0,100.0,103488812924.0
2018-09-13,Z305DBSG,ST4000DM000,4000787030016,0,116,116023896,95,0,100,5,100,0,79,92205943,75,22542,100,0,100,5,100.0,0.0,100.0,0.0,100.0,0.0,100.0,0.0,100.0,0.0,78.0,22.0,100.0,0.0,100.0,0.0,99.0,3886.0,22,22,100,0,100,0,200,0,100.0,22517.0,100.0,42240252920.0,100.0,103628653882.0
2018-09-14,Z305DBSG,ST4000DM000,4000787030016,0,114,81123672,95,0,100,5,100,0,79,93031753,75,22566,100,0,100,5,100.0,0.0,100.0,0.0,100.0,0.0,100.0,0.0,100.0,0.0,73.0,27.0,100.0,0.0,100.0,0.0,99.0,3886.0,27,27,100,0,100,0,200,0,100.0,22541.0,100.0,42241819192.0,100.0,103792661455.0
2018-09-15,Z305DBSG,ST4000DM000,4000787030016,0,117,145865320,95,0,100,5,100,0,79,94428684,75,22590,100,0,100,5,100.0,0.0,100.0,0.0,100.0,0.0,100.0,0.0,100.0,0.0,73.0,27.0,100.0,0.0,100.0,0.0,99.0,3890.0,27,27,100,0,100,0,200,0,100.0,22565.0,100.0,42246718240.0,100.0,103934943097.0
2018-09-16,Z305DBSG,ST4000DM000,4000787030016,0,118,176335112,95,0,100,5,100,0,79,95592527,75,22614,100,0,100,5,100.0,0.0,100.0,0.0,100.0,0.0,100.0,0.0,100.0,0.0,73.0,27.0,100.0,0.0,100.0,0.0,99.0,3890.0,27,27,100,0,100,0,200,0,100.0,22589.0,100.0,42255710128.0,100.0,104099364067.0
2018-09-17,Z305DBSG,ST4000DM000,4000787030016,0,115,88478896,95,0,100,5,100,0,79,96742710,75,22638,100,0,100,5,100.0,0.0,100.0,0.0,100.0,0.0,100.0,0.0,100.0,0.0,73.0,27.0,100.0,0.0,100.0,0.0,99.0,3890.0,27,27,100,0,100,0,200,0,100.0,22613.0,100.0,42265119672.0,100.0,104282577229.0
2018-09-18,Z305DBSG,ST4000DM000,4000787030016,0,107,14490800,95,0,100,5,100,0,79,97721487,75,22662,100,0,100,5,100.0,0.0,100.0,0.0,100.0,0.0,100.0,0.0,100.0,0.0,75.0,25.0,100.0,0.0,100.0,0.0,99.0,3890.0,25,25,100,0,100,0,200,0,100.0,22638.0,100.0,42272363096.0,100.0,104446226612.0
2018-09-19,Z305DBSG,ST4000DM000,4000787030016,0,105,10322712,95,0,100,5,100,0,79,99171323,75,22686,100,0,100,5,100.0,0.0,100.0,0.0,100.0,0.0,100.0,0.0,100.0,0.0,75.0,25.0,100.0,0.0,100.0,0.0,99.0,3890.0,25,25,100,0,100,0,200,0,100.0,22661.0,100.0,42276680992.0,100.0,104617579526.0
2018-09-20,Z305DBSG,ST4000DM000,4000787030016,0,118,169454928,95,0,100,5,100,0,79,99854149,75,22710,100,0,100,5,100.0,0.0,100.0,0.0,100.0,0.0,100.0,0.0,100.0,0.0,75.0,25.0,100.0,0.0,100.0,0.0,99.0,3892.0,25,25,100,0,100,0,200,0,100.0,22685.0,100.0,42280751664.0,100.0,104732326838.0
2018-09-21,Z305DBSG,ST4000DM000,4000787030016,0,119,226078248,95,0,100,5,100,0,79,100625265,75,22734,100,0,100,5,100.0,0.0,100.0,0.0,100.0,0.0,100.0,0.0,100.0,0.0,74.0,26.0,100.0,0.0,100.0,0.0,99.0,3893.0,26,26,100,0,100,0,200,0,100.0,22709.0,100.0,42283781808.0,100.0,104865328858.0
2018-09-22,Z305DBSG,ST4000DM000,4000787030016,0,119,232393224,95,0,100,5,100,0,80,101784170,75,22758,100,0,100,5,100.0,0.0,100.0,0.0,100.0,0.0,100.0,0.0,100.0,0.0,75.0,25.0,100.0,0.0,100.0,0.0,99.0,3896.0,25,25,100,0,100,0,200,0,100.0,22733.0,100.0,42289220216.0,100.0,104965284514.0
2018-09-23,Z305DBSG,ST4000DM000,4000787030016,0,119,201833672,95,0,100,5,100,0,80,103867152,74,22782,100,0,100,5,100.0,0.0,100.0,0.0,100.0,0.0,100.0,0.0,100.0,0.0,75.0,25.0,100.0,0.0,100.0,0.0,99.0,3896.0,25,25,100,0,100,0,200,0,100.0,22758.0,100.0,42291297552.0,100.0,105120108250.0
2018-09-24,Z305DBSG,ST4000DM000,4000787030016,0,118,188003624,95,0,100,5,100,0,80,104770533,74,22806,100,0,100,5,100.0,0.0,100.0,0.0,100.0,0.0,100.0,0.0,100.0,0.0,75.0,25.0,100.0,0.0,100.0,0.0,99.0,3896.0,25,25,100,0,100,0,200,0,100.0,22781.0,100.0,42295185984.0,100.0,105228305346.0
2018-09-25,Z305DBSG,ST4000DM000,4000787030016,0,118,185031544,95,0,100,5,100,0,80,105754319,74,22830,100,0,100,5,100.0,0.0,100.0,0.0,100.0,0.0,100.0,0.0,100.0,0.0,75.0,25.0,100.0,0.0,100.0,0.0,99.0,3897.0,25,25,100,0,100,0,200,0,100.0,22805.0,100.0,42297400368.0,100.0,105345619126.0
2018-09-26,Z305DBSG,ST4000DM000,4000787030016,0,118,171197168,95,0,100,5,100,0,80,107286793,74,22854,100,0,100,5,100.0,0.0,100.0,0.0,100.0,0.0,100.0,0.0,100.0,0.0,75.0,25.0,100.0,0.0,100.0,0.0,99.0,3900.0,25,25,100,0,100,0,200,0,100.0,22829.0,100.0,42301694312.0,100.0,105478135535.0
2018-09-27,Z305DBSG,ST4000DM000,4000787030016,0,111,38675616,95,0,100,5,100,0,80,108216806,74,22878,100,0,100,5,100.0,0.0,100.0,0.0,100.0,0.0,100.0,0.0,100.0,0.0,75.0,25.0,100.0,0.0,100.0,0.0,99.0,3901.0,25,25,100,0,100,0,200,0,100.0,22854.0,100.0,42303534056.0,100.0,105616243145.0
2018-09-28,Z305DBSG,ST4000DM000,4000787030016,0,110,25708160,95,0,100,5,100,0,80,108831221,74,22902,100,0,100,5,100.0,0.0,100.0,0.0,100.0,0.0,100.0,0.0,100.0,0.0,75.0,25.0,100.0,0.0,100.0,0.0,99.0,3902.0,25,25,100,0,100,0,200,0,100.0,22877.0,100.0,42304901216.0,100.0,105731932980.0
2018-09-29,Z305DBSG,ST4000DM000,4000787030016,0,102,5194792,95,0,100,5,100,0,80,110107823,74,22926,100,0,100,5,100.0,0.0,100.0,0.0,100.0,0.0,100.0,0.0,100.0,0.0,75.0,25.0,100.0,0.0,100.0,0.0,99.0,3931.0,25,25,100,0,100,0,200,0,100.0,22901.0,100.0,42308922776.0,100.0,105860529242.0
2018-09-30,Z305DBSG,ST4000DM000,4000787030016,0,114,63772072,95,0,100,5,100,0,80,110602505,74,22950,100,0,100,5,100.0,0.0,100.0,0.0,100.0,0.0,100.0,0.0,100.0,0.0,75.0,25.0,100.0,0.0,100.0,0.0,99.0,3933.0,25,25,100,0,100,0,200,0,100.0,22925.0,100.0,42310846976.0,100.0,105967224616.0
2018-10-01,Z305DBSG,ST4000DM000,4000787030016,0,115,90859888,95,0,100,5,100,0,80,111298538,74,22974,100,0,100,5,100.0,0.0,100.0,0.0,100.0,0.0,100.0,0.0,100.0,0.0,75.0,25.0,100.0,0.0,100.0,0.0,99.0,3934.0,25,25,100,0,100,0,200,0,100.0,22949.0,100.0,42312830584.0,100.0,106114042681.0
2018-10-02,Z305DBSG,ST4000DM000,4000787030016,0,118,181105872,95,0,100,5,100,0,80,111738794,74,22998,100,0,100,5,100.0,0.0,100.0,0.0,100.0,0.0,100.0,0.0,100.0,0.0,75.0,25.0,100.0,0.0,100.0,0.0,99.0,3934.0,25,25,100,0,100,0,200,0,100.0,22973.0,100.0,42315058544.0,100.0,106208787408.0
2018-10-03,Z305DBSG,ST4000DM000,4000787030016,0,118,195917952,95,0,100,5,100,0,80,113669423,74,23022,100,0,100,5,100.0,0.0,100.0,0.0,100.0,0.0,100.0,0.0,100.0,0.0,74.0,26.0,100.0,0.0,100.0,0.0,99.0,3972.0,26,26,100,0,100,0,200,0,100.0,22996.0,100.0,42319761864.0,100.0,106378816324.0
2018-10-04,Z305DBSG,ST4000DM000,4000787030016,0,111.0,41843896.0,95.0,0.0,100.0,5.0,100.0,0.0,80.0,114162086.0,74.0,23046.0,100.0,0.0,100.0,5.0,100.0,0.0,100.0,0.0,100.0,0.0,100.0,0.0,100.0,0.0,75.0,25.0,100.0,0.0,100.0,0.0,99.0,3972.0,25.0,25.0,100.0,0.0,100.0,0.0,200.0,0.0,100.0,23021.0,100.0,42322559528.0,100.0,106531556880.0
2018-10-05,Z305DBSG,ST4000DM000,4000787030016,0,119,229195720,95,0,100,5,100,0,80,114578965,74,23070,100,0,100,5,100.0,0.0,100.0,0.0,100.0,0.0,100.0,0.0,100.0,0.0,75.0,25.0,100.0,0.0,100.0,0.0,99.0,3972.0,25,25,100,0,100,0,200,0,100.0,23045.0,100.0,42324875504.0,100.0,106665914760.0
2018-10-06,Z305DBSG,ST4000DM000,4000787030016,0,120,241596776,95,0,100,5,100,0,80,115549232,74,23094,100,0,100,5,100.0,0.0,100.0,0.0,100.0,0.0,100.0,0.0,100.0,0.0,75.0,25.0,100.0,0.0,100.0,0.0,99.0,3976.0,25,25,100,0,100,0,200,0,100.0,23069.0,100.0,42329210992.0,100.0,106821402144.0
2018-10-07,Z305DBSG,ST4000DM000,4000787030016,0,114,76171712,95,0,100,5,100,0,80,115983333,74,23118,100,0,100,5,100.0,0.0,100.0,0.0,100.0,0.0,100.0,0.0,100.0,0.0,75.0,25.0,100.0,0.0,100.0,0.0,99.0,3976.0,25,25,100,0,100,0,200,0,100.0,23093.0,100.0,42331972376.0,100.0,106979410720.0
2018-10-08,Z305DBSG,ST4000DM000,4000787030016,0,114,73780632,95,0,100,5,100,0,80,116377600,74,23142,100,0,100,5,100.0,0.0,100.0,0.0,100.0,0.0,100.0,0.0,100.0,0.0,75.0,25.0,100.0,0.0,100.0,0.0,99.0,3977.0,25,25,100,0,100,0,200,0,100.0,23116.0,100.0,42334390848.0,100.0,107154652293.0
2018-10-09,Z305DBSG,ST4000DM000,4000787030016,0,111.0,36506552.0,95.0,0.0,100.0,5.0,100.0,0.0,80.0,116763713.0,74.0,23166.0,100.0,0.0,100.0,5.0,100.0,0.0,100.0,0.0,100.0,0.0,100.0,0.0,100.0,0.0,75.0,25.0,100.0,0.0,100.0,0.0,99.0,3978.0,25.0,25.0,100.0,0.0,100.0,0.0,200.0,0.0,100.0,23141.0,100.0,42336278768.0,100.0,107315046417.0
2018-10-10,Z305DBSG,ST4000DM000,4000787030016,0,118,176811600,95,0,100,5,100,0,81,118082427,74,23190,100,0,100,5,100.0,0.0,100.0,0.0,100.0,0.0,100.0,0.0,100.0,0.0,74.0,26.0,100.0,0.0,100.0,0.0,99.0,3978.0,26,26,100,0,100,0,200,0,100.0,23164.0,100.0,42340738872.0,100.0,107505216924.0
2018-10-11,Z305DBSG,ST4000DM000,4000787030016,0,119,214266000,95,0,100,5,100,0,81,118729287,74,23214,100,0,100,5,100.0,0.0,100.0,0.0,100.0,0.0,100.0,0.0,100.0,0.0,75.0,25.0,100.0,0.0,100.0,0.0,99.0,3978.0,25,25,100,0,100,0,200,0,100.0,23189.0,100.0,42343266712.0,100.0,107645732280.0
2018-10-12,Z305DBSG,ST4000DM000,4000787030016,0,117,121318192,95,0,100,5,100,0,81,119696613,74,23238,100,0,100,5,100.0,0.0,100.0,0.0,100.0,0.0,100.0,0.0,100.0,0.0,74.0,26.0,100.0,0.0,100.0,0.0,99.0,3978.0,26,26,100,0,100,0,200,0,100.0,23213.0,100.0,42345768376.0,100.0,107799939977.0
2018-10-13,Z305DBSG,ST4000DM000,4000787030016,0,118,175040216,95,0,100,5,100,0,81,122331872,74,23262,100,0,100,5,100.0,0.0,100.0,0.0,100.0,0.0,100.0,0.0,100.0,0.0,74.0,26.0,100.0,0.0,100.0,0.0,98.0,4034.0,26,26,100,0,100,0,200,0,100.0,23236.0,100.0,42350458224.0,100.0,107950641172.0
2018-10-14,Z305DBSG,ST4000DM000,4000787030016,0,117,162339376,95,0,100,5,100,0,81,123315255,74,23285,100,0,100,5,100.0,0.0,100.0,0.0,100.0,0.0,100.0,0.0,100.0,0.0,75.0,25.0,100.0,0.0,100.0,0.0,98.0,4034.0,25,25,100,0,100,0,200,0,100.0,23260.0,100.0,42352565288.0,100.0,108122043693.0
2018-10-15,Z305DBSG,ST4000DM000,4000787030016,0,111,41310056,95,0,100,5,100,0,81,124111649,74,23310,100,0,100,5,100.0,0.0,100.0,0.0,100.0,0.0,100.0,0.0,100.0,0.0,75.0,25.0,100.0,0.0,100.0,0.0,98.0,4034.0,25,25,100,0,100,0,200,0,100.0,23285.0,100.0,42354260144.0,100.0,108267260734.0
2018-10-16,Z305DBSG,ST4000DM000,4000787030016,0,120,239603704,95,0,100,5,100,0,81,124677373,74,23334,100,0,100,5,100.0,0.0,100.0,0.0,100.0,0.0,100.0,0.0,100.0,0.0,75.0,25.0,100.0,0.0,100.0,0.0,98.0,4034.0,25,25,100,0,100,0,200,0,100.0,23309.0,100.0,42356738048.0,100.0,108402206357.0
2018-10-17,Z305DBSG,ST4000DM000,4000787030016,0,117,127196240,95,0,100,5,100,0,81,125908133,74,23358,100,0,100,5,100.0,0.0,100.0,0.0,100.0,0.0,100.0,0.0,100.0,0.0,75.0,25.0,100.0,0.0,100.0,0.0,98.0,4034.0,25,25,100,0,100,0,200,0,100.0,23333.0,100.0,42360882768.0,100.0,108562674721.0
2018-10-18,Z305DBSG,ST4000DM000,4000787030016,0,119,229130832,95,0,100,5,100,0,81,126775994,74,23383,100,0,100,5,100.0,0.0,100.0,0.0,100.0,0.0,100.0,0.0,100.0,0.0,74.0,26.0,100.0,0.0,100.0,0.0,98.0,4035.0,26,26,100,0,100,0,200,0,100.0,23358.0,100.0,42363387480.0,100.0,108719944858.0
2018-10-19,Z305DBSG,ST4000DM000,4000787030016,0,109,22127408,95,0,100,5,100,0,81,127679336,74,23407,100,0,100,5,100.0,0.0,100.0,0.0,100.0,0.0,100.0,0.0,100.0,0.0,75.0,25.0,100.0,0.0,100.0,0.0,98.0,4035.0,25,25,100,0,100,0,200,0,100.0,23382.0,100.0,42365617784.0,100.0,108875389230.0
2018-10-20,Z305DBSG,ST4000DM000,4000787030016,0,117,166515176,95,0,100,5,100,0,81,129231790,74,23432,100,0,100,5,100.0,0.0,100.0,0.0,100.0,0.0,100.0,0.0,100.0,0.0,74.0,26.0,100.0,0.0,100.0,0.0,98.0,4041.0,26,26,100,0,100,0,200,0,100.0,23407.0,100.0,42369702520.0,100.0,109021375753.0
2018-10-21,Z305DBSG,ST4000DM000,4000787030016,0,118,177006128,95,0,100,5,100,0,81,130089121,74,23456,100,0,100,5,100.0,0.0,100.0,0.0,100.0,0.0,100.0,0.0,100.0,0.0,75.0,25.0,100.0,0.0,100.0,0.0,98.0,4041.0,25,25,100,0,100,0,200,0,100.0,23431.0,100.0,42372032992.0,100.0,109181959092.0
2018-10-22,Z305DBSG,ST4000DM000,4000787030016,0,117,143084408,95,0,100,5,100,0,81,131851975,74,23480,100,0,100,5,100.0,0.0,100.0,0.0,100.0,0.0,100.0,0.0,100.0,0.0,74.0,26.0,100.0,0.0,100.0,0.0,98.0,4043.0,26,26,100,0,100,0,200,0,100.0,23455.0,100.0,42377048360.0,100.0,109361565306.0
2018-10-23,Z305DBSG,ST4000DM000,4000787030016,0,117,137310072,95,0,100,5,100,0,81,132659023,74,23503,100,0,100,5,100.0,0.0,100.0,0.0,100.0,0.0,100.0,0.0,100.0,0.0,75.0,25.0,100.0,0.0,100.0,0.0,98.0,4043.0,25,25,100,0,100,0,200,0,100.0,23478.0,100.0,42378903448.0,100.0,109519651834.0
2018-10-24,Z305DBSG,ST4000DM000,4000787030016,0,117,128848376,95,0,100,5,100,0,81,134314455,74,23527,100,0,100,5,100.0,0.0,100.0,0.0,100.0,0.0,100.0,0.0,100.0,0.0,74.0,26.0,100.0,0.0,100,0,98.0,4043.0,26,26,100,0,100,0,200,0,100.0,23502.0,100.0,42383675304.0,100.0,109705734603.0
2018-10-25,Z305DBSG,ST4000DM000,4000787030016,0,116,101271768,95,0,100,5,100,0,81,135349709,74,23555,100,0,100,5,100.0,0.0,100.0,0.0,100.0,0.0,100.0,0.0,100.0,0.0,75.0,25.0,100.0,0.0,100.0,0.0,98.0,4046.0,25,25,100,0,100,0,200,0,100.0,23530.0,100.0,42385328056.0,100.0,109906755887.0
2018-10-26,Z305DBSG,ST4000DM000,4000787030016,0,118,196233176,95,0,100,5,100,0,81,136285693,74,23579,100,0,100,5,100.0,0.0,100.0,0.0,100.0,0.0,100.0,0.0,100.0,0.0,75.0,25.0,100.0,0.0,100.0,0.0,98.0,4047.0,25,25,100,0,100,0,200,0,100.0,23554.0,100.0,42387745304.0,100.0,110049118043.0
2018-10-27,Z305DBSG,ST4000DM000,4000787030016,0,111,34135560,95,0,100,5,100,0,81,137422380,74,23603,100,0,100,5,100.0,0.0,100.0,0.0,100.0,0.0,100.0,0.0,100.0,0.0,74.0,26.0,100.0,0.0,100.0,0.0,98.0,4048.0,26,26,100,0,100,0,200,0,100.0,23578.0,100.0,42391483824.0,100.0,110208956702.0
2018-10-28,Z305DBSG,ST4000DM000,4000787030016,0,117,129426728,95,0,100,5,100,0,81,138488400,74,23628,100,0,100,5,100.0,0.0,100.0,0.0,100.0,0.0,100.0,0.0,100.0,0.0,75.0,25.0,100.0,0.0,100.0,0.0,98.0,4049.0,25,25,100,0,100,0,200,0,100.0,23602.0,100.0,42394099912.0,100.0,110348395175.0
2018-10-29,Z305DBSG,ST4000DM000,4000787030016,0,114,80831136,95,0,100,5,100,0,81,139277100,73,23652,100,0,100,5,100.0,0.0,100.0,0.0,100.0,0.0,100.0,0.0,100.0,0.0,74.0,26.0,100.0,0.0,100.0,0.0,98.0,4050.0,26,26,100,0,100,0,200,0,100.0,23626.0,100.0,42396567392.0,100.0,110488381700.0
2018-10-30,Z305DBSG,ST4000DM000,4000787030016,0,117,147241560,95,0,100,5,100,0,81,140064576,73,23675,100,0,100,5,100.0,0.0,100.0,0.0,100.0,0.0,100.0,0.0,100.0,0.0,75.0,25.0,100.0,0.0,100.0,0.0,98.0,4051.0,25,25,100,0,100,0,200,0,100.0,23650.0,100.0,42398872832.0,100.0,110609238941.0
2018-10-31,Z305DBSG,ST4000DM000,4000787030016,0,117,153501904,95.0,0.0,100.0,5.0,100.0,0.0,81.0,141609874.0,73,23700,100.0,0.0,100,5,100.0,0.0,100.0,0.0,100.0,0.0,100.0,0.0,100.0,0.0,74.0,26.0,100.0,0.0,100.0,0.0,98.0,4052.0,26,26,100.0,0.0,100.0,0.0,200.0,0.0,100.0,23674.0,100.0,42402769256.0,100.0,110747318873.0
2018-11-01,Z305DBSG,ST4000DM000,4000787030016,0,114,71808176,95.0,0.0,100.0,5.0,100.0,0.0,81.0,142603349.0,73,23722,100.0,0.0,100,5,100.0,0.0,100.0,0.0,100.0,0.0,100.0,0.0,100.0,0.0,73.0,27.0,100.0,0.0,100.0,0.0,98.0,4052.0,27,27,100.0,0.0,100.0,0.0,200.0,0.0,100.0,23697.0,100.0,42404223352.0,100.0,110870322439.0
2018-11-02,Z305DBSG,ST4000DM000,4000787030016,0,117,148060728,95.0,0.0,100.0,5.0,100.0,0.0,81.0,143759859.0,73,23746,100.0,0.0,100,5,100.0,0.0,100.0,0.0,100.0,0.0,100.0,0.0,100.0,0.0,73.0,27.0,100.0,0.0,100.0,0.0,98.0,4052.0,27,27,100.0,0.0,100.0,0.0,200.0,0.0,100.0,23721.0,100.0,42406415568.0,100.0,110981884413.0
2018-11-03,Z305DBSG,ST4000DM000,4000787030016,0,118,201076632,95.0,0.0,100.0,5.0,100.0,0.0,81.0,145078688.0,73,23770,100.0,0.0,100,5,100.0,0.0,100.0,0.0,100.0,0.0,100.0,0.0,100.0,0.0,74.0,26.0,100.0,0.0,100.0,0.0,98.0,4052.0,26,26,100.0,0.0,100.0,0.0,200.0,0.0,100.0,23744.0,100.0,42409427800.0,100.0,111124273847.0
2018-11-04,Z305DBSG,ST4000DM000,4000787030016,0,102,4000680,95.0,0.0,100.0,5.0,100.0,0.0,81.0,146686488.0,73,23793,100.0,0.0,100,5,100.0,0.0,100.0,0.0,100.0,0.0,100.0,0.0,100.0,0.0,74.0,26.0,100.0,0.0,100.0,0.0,98.0,4052.0,26,26,100.0,0.0,100.0,0.0,200.0,0.0,100.0,23768.0,100.0,42415694872.0,100.0,111262554753.0
2018-11-05,Z305DBSG,ST4000DM000,4000787030016,0,108,16229960,95.0,0.0,100.0,5.0,100.0,0.0,81.0,147531968.0,73,23818,100.0,0.0,100,5,100.0,0.0,100.0,0.0,100.0,0.0,100.0,0.0,100.0,0.0,74.0,26.0,100.0,0.0,100.0,0.0,98.0,4052.0,26,26,100.0,0.0,100.0,0.0,200.0,0.0,100.0,23793.0,100.0,42417572944.0,100.0,111418074673.0
2018-11-06,Z305DBSG,ST4000DM000,4000787030016,0,114.0,79822928.0,95.0,0.0,100.0,5.0,100.0,0.0,81.0,148109601.0,73.0,23842.0,100.0,0.0,100.0,5.0,100.0,0.0,100.0,0.0,100.0,0.0,100.0,0.0,100.0,0.0,74.0,26.0,100.0,0.0,100.0,0.0,98.0,4052.0,26.0,26.0,100.0,0.0,100.0,0.0,200.0,0.0,100.0,23817.0,100.0,42419887048.0,100.0,111536695826.0
2018-11-07,Z305DBSG,ST4000DM000,4000787030016,0,114.0,59406936.0,95.0,0.0,100.0,5.0,100.0,0.0,81.0,149487319.0,73.0,23865.0,100.0,0.0,100.0,5.0,100.0,0.0,100.0,0.0,100.0,0.0,100.0,0.0,100.0,0.0,74.0,26.0,100.0,0.0,100.0,0.0,98.0,4052.0,26.0,26.0,100.0,0.0,100.0,0.0,200.0,0.0,100.0,23840.0,100.0,42425556464.0,100.0,111694209768.0
2018-11-08,Z305DBSG,ST4000DM000,4000787030016,0,118.0,169145648.0,95.0,0.0,100.0,5.0,100.0,0.0,81.0,149957267.0,73.0,23889.0,100.0,0.0,100.0,5.0,100.0,0.0,100.0,0.0,100.0,0.0,100.0,0.0,100.0,0.0,75.0,25.0,100.0,0.0,100.0,0.0,98.0,4052.0,25.0,25.0,100.0,0.0,100.0,0.0,200.0,0.0,100.0,23863.0,100.0,42428967584.0,100.0,111784721422.0
2018-11-09,Z305DBSG,ST4000DM000,4000787030016,0,117,145786440,95.0,0.0,100.0,5.0,100.0,0.0,81.0,150335742.0,73,23913,100.0,0.0,100,5,100.0,0.0,100.0,0.0,100.0,0.0,100.0,0.0,100.0,0.0,75.0,25.0,100.0,0.0,100.0,0.0,98.0,4052.0,25,25,100.0,0.0,100.0,0.0,200.0,0.0,100.0,23887.0,100.0,42431101104.0,100.0,111922761493.0
2018-11-10,Z305DBSG,ST4000DM000,4000787030016,0,111,34204448,95.0,0.0,100.0,5.0,100.0,0.0,81.0,151318145.0,73,23937,100.0,0.0,100,5,100.0,0.0,100.0,0.0,100.0,0.0,100.0,0.0,100.0,0.0,75.0,25.0,100.0,0.0,100.0,0.0,98.0,4052.0,25,25,100.0,0.0,100.0,0.0,200.0,0.0,100.0,23911.0,100.0,42435402288.0,100.0,112060022707.0
2018-11-11,Z305DBSG,ST4000DM000,4000787030016,0,118,195994736,95.0,0.0,100.0,5.0,100.0,0.0,81.0,151724772.0,73,23960,100.0,0.0,100,5,100.0,0.0,100.0,0.0,100.0,0.0,100.0,0.0,100.0,0.0,75.0,25.0,100.0,0.0,100.0,0.0,98.0,4052.0,25,25,100.0,0.0,100.0,0.0,200.0,0.0,100.0,23935.0,100.0,42437597952.0,100.0,112194084097.0
2018-11-12,Z305DBSG,ST4000DM000,4000787030016,0,119,219417152,95.0,0.0,100.0,5.0,100.0,0.0,81.0,152167647.0,73,23984,100.0,0.0,100,5,100.0,0.0,100.0,0.0,100.0,0.0,100.0,0.0,100.0,0.0,75.0,25.0,100.0,0.0,100.0,0.0,98.0,4052.0,25,25,100.0,0.0,100.0,0.0,200.0,0.0,100.0,23959.0,100.0,42440235264.0,100.0,112364261800.0
2018-11-13,Z305DBSG,ST4000DM000,4000787030016,0,118,168745984,95.0,0.0,100.0,5.0,100.0,0.0,81.0,153573612.0,73,24008,100.0,0.0,100,5,100.0,0.0,100.0,0.0,100.0,0.0,100.0,0.0,100.0,0.0,75.0,25.0,100.0,0.0,100.0,0.0,98.0,4052.0,25,25,100.0,0.0,100.0,0.0,200.0,0.0,100.0,23983.0,100.0,42446537456.0,100.0,112541573200.0
2018-11-14,Z305DBSG,ST4000DM000,4000787030016,0,120,236970808,95.0,0.0,100.0,5.0,100.0,0.0,81.0,154594024.0,73,24032,100.0,0.0,100,5,100.0,0.0,100.0,0.0,100.0,0.0,100.0,0.0,100.0,0.0,74.0,26.0,100.0,0.0,100.0,0.0,98.0,4052.0,26,26,100.0,0.0,100.0,0.0,200.0,0.0,100.0,24007.0,100.0,42451712936.0,100.0,112742840310.0
2018-11-15,Z305DBSG,ST4000DM000,4000787030016,0,119,223287104,95.0,0.0,100.0,5.0,100.0,0.0,81.0,155229883.0,73,24057,100.0,0.0,100,5,100.0,0.0,100.0,0.0,100.0,0.0,100.0,0.0,100.0,0.0,74.0,26.0,100.0,0.0,100.0,0.0,98.0,4052.0,26,26,100.0,0.0,100.0,0.0,200.0,0.0,100.0,24031.0,100.0,42454558416.0,100.0,112913394456.0
2018-11-16,Z305DBSG,ST4000DM000,4000787030016,0,119,220798344,95.0,0.0,100.0,5.0,100.0,0.0,81.0,156004948.0,73,24080,100.0,0.0,100,5,100.0,0.0,100.0,0.0,100.0,0.0,100.0,0.0,100.0,0.0,74.0,26.0,100.0,0.0,100.0,0.0,98.0,4052.0,26,26,100.0,0.0,100.0,0.0,200.0,0.0,100.0,24055.0,100.0,42457385776.0,100.0,113088701644.0
2018-11-17,Z305DBSG,ST4000DM000,4000787030016,0,116.0,102732048.0,95.0,0.0,100.0,5.0,100.0,0.0,81.0,157113421.0,73.0,24104.0,100.0,0.0,100.0,5.0,100.0,0.0,100.0,0.0,100.0,0.0,100.0,0.0,100.0,0.0,74.0,26.0,100.0,0.0,100.0,0.0,98.0,4052.0,26.0,26.0,100.0,0.0,100.0,0.0,200.0,0.0,100.0,24079.0,100.0,42461503424.0,100.0,113204283241.0
2018-11-18,Z305DBSG,ST4000DM000,4000787030016,0,106,10855672,95.0,0.0,100.0,5.0,100.0,0.0,81.0,158687568.0,73,24128,100.0,0.0,100,5,100.0,0.0,100.0,0.0,100.0,0.0,100.0,0.0,100.0,0.0,74.0,26.0,100.0,0.0,100.0,0.0,98.0,4052.0,26,26,100.0,0.0,100.0,0.0,200.0,0.0,100.0,24103.0,100.0,42463335072.0,100.0,113380295287.0
2018-11-19,Z305DBSG,ST4000DM000,4000787030016,0,119,217083216,95.0,0.0,100.0,5.0,100.0,0.0,81.0,159636339.0,73,24152,100.0,0.0,100,5,100.0,0.0,100.0,0.0,100.0,0.0,100.0,0.0,100.0,0.0,74.0,26.0,100.0,0.0,100.0,0.0,98.0,4052.0,26,26,100.0,0.0,100.0,0.0,200.0,0.0,100.0,24127.0,100.0,42465401272.0,100.0,113564838615.0
2018-11-20,Z305DBSG,ST4000DM000,4000787030016,0,105,9590272,95.0,0.0,100.0,5.0,100.0,0.0,81.0,160540502.0,73,24176,100.0,0.0,100,5,100.0,0.0,100.0,0.0,100.0,0.0,100.0,0.0,100.0,0.0,74.0,26.0,100.0,0.0,100.0,0.0,98.0,4052.0,26,26,100.0,0.0,100.0,0.0,200.0,0.0,100.0,24151.0,100.0,42467237352.0,100.0,113718266503.0
2018-11-21,Z305DBSG,ST4000DM000,4000787030016,0,117,126102072,95.0,0.0,100.0,5.0,100.0,0.0,81.0,162587769.0,73,24200,100.0,0.0,100,5,100.0,0.0,100.0,0.0,100.0,0.0,100.0,0.0,100.0,0.0,74.0,26.0,100.0,0.0,100.0,0.0,98.0,4052.0,26,26,100.0,0.0,100.0,0.0,200.0,0.0,100.0,24175.0,100.0,42472925424.0,100.0,113884287966.0
2018-11-22,Z305DBSG,ST4000DM000,4000787030016,0,116,107960456,95.0,0.0,100.0,5.0,100.0,0.0,81.0,163299791.0,73,24225,100.0,0.0,100,5,100.0,0.0,100.0,0.0,100.0,0.0,100.0,0.0,100.0,0.0,71.0,29.0,100.0,0.0,100.0,0.0,98.0,4052.0,29,29,100.0,0.0,100.0,0.0,200.0,0.0,100.0,24199.0,100.0,42475452352.0,100.0,114036656511.0
2018-11-23,Z305DBSG,ST4000DM000,4000787030016,0,117,165989960,95.0,0.0,100.0,5.0,100.0,0.0,81.0,164074674.0,73,24248,100.0,0.0,100,5,100.0,0.0,100.0,0.0,100.0,0.0,100.0,0.0,100.0,0.0,72.0,28.0,100.0,0.0,100.0,0.0,98.0,4052.0,28,28,100.0,0.0,100.0,0.0,200.0,0.0,100.0,24223.0,100.0,42477775680.0,100.0,114185000643.0
2018-11-24,Z305DBSG,ST4000DM000,4000787030016,0,116,114269176,95.0,0.0,100.0,5.0,100.0,0.0,81.0,165458611.0,73,24273,100.0,0.0,100,5,100.0,0.0,100.0,0.0,100.0,0.0,100.0,0.0,100.0,0.0,72.0,28.0,100.0,0.0,100.0,0.0,98.0,4052.0,28,28,100.0,0.0,100.0,0.0,200.0,0.0,100.0,24247.0,100.0,42482373552.0,100.0,114330078087.0
2018-11-25,Z305DBSG,ST4000DM000,4000787030016,0,108,20409168,95.0,0.0,100.0,5.0,100.0,0.0,81.0,166643148.0,73,24297,100.0,0.0,100,5,100.0,0.0,100.0,0.0,100.0,0.0,100.0,0.0,100.0,0.0,72.0,28.0,100.0,0.0,100.0,0.0,98.0,4052.0,28,28,100.0,0.0,100.0,0.0,200.0,0.0,100.0,24271.0,100.0,42484584576.0,100.0,114487286026.0
2018-11-26,Z305DBSG,ST4000DM000,4000787030016,0,114,72890584,95.0,0.0,100.0,5.0,100.0,0.0,81.0,167350935.0,73,24321,100.0,0.0,100,5,100.0,0.0,100.0,0.0,100.0,0.0,100.0,0.0,100.0,0.0,72.0,28.0,100.0,0.0,100.0,0.0,98.0,4052.0,28,28,100.0,0.0,100.0,0.0,200.0,0.0,100.0,24295.0,100.0,42486626408.0,100.0,114645197160.0
2018-11-27,Z305DBSG,ST4000DM000,4000787030016,0,114,58770968,95.0,0.0,100.0,5.0,100.0,0.0,82.0,168204058.0,73,24344,100.0,0.0,100,5,100.0,0.0,100.0,0.0,100.0,0.0,100.0,0.0,100.0,0.0,72.0,28.0,100.0,0.0,100.0,0.0,98.0,4052.0,28,28,100.0,0.0,100.0,0.0,200.0,0.0,100.0,24319.0,100.0,42489091368.0,100.0,114816223913.0
2018-11-28,Z305DBSG,ST4000DM000,4000787030016,0,118,178625312,95.0,0.0,100.0,5.0,100.0,0.0,82.0,169754253.0,73,24369,100.0,0.0,100,5,100.0,0.0,100.0,0.0,100.0,0.0,100.0,0.0,100.0,0.0,72.0,28.0,100.0,0.0,100.0,0.0,98.0,4052.0,28,28,100.0,0.0,100.0,0.0,200.0,0.0,100.0,24343.0,100.0,42493131200.0,100.0,115003753437.0
2018-11-29,Z305DBSG,ST4000DM000,4000787030016,0,115,90232432,95.0,0.0,100.0,5.0,100.0,0.0,82.0,171720082.0,73,24393,100.0,0.0,100,5,100.0,0.0,100.0,0.0,100.0,0.0,100.0,0.0,100.0,0.0,75.0,25.0,100.0,0.0,100.0,0.0,98.0,4052.0,25,25,100.0,0.0,100.0,0.0,200.0,0.0,100.0,24367.0,100.0,42494891520.0,100.0,115193343109.0
2018-11-30,Z305DBSG,ST4000DM000,4000787030016,0,117,130291536,95.0,0.0,100.0,5.0,100.0,0.0,82.0,172568751.0,73,24417,100.0,0.0,100,5,100.0,0.0,100.0,0.0,100.0,0.0,100.0,0.0,100.0,0.0,76.0,24.0,100.0,0.0,100.0,0.0,98.0,4052.0,24,24,100.0,0.0,100.0,0.0,200.0,0.0,100.0,24391.0,100.0,42497019992.0,100.0,115365183951.0
2018-12-01,Z305DBSG,ST4000DM000,4000787030016,0,120,239003208,95.0,0.0,100.0,5.0,100.0,0.0,82.0,173782524.0,73,24440,100.0,0.0,100,5,100.0,0.0,100.0,0.0,100.0,0.0,100.0,0.0,100.0,0.0,76.0,24.0,100.0,0.0,100.0,0.0,98.0,4052.0,24,24,100.0,0.0,100.0,0.0,200.0,0.0,100.0,24415.0,100.0,42500806408.0,100.0,115506040402.0
2018-12-02,Z305DBSG,ST4000DM000,4000787030016,0,117,162565392,95.0,0.0,100.0,5.0,100.0,0.0,82.0,174548361.0,73,24465,100.0,0.0,100,5,100.0,0.0,100.0,0.0,100.0,0.0,100.0,0.0,100.0,0.0,76.0,24.0,100.0,0.0,100.0,0.0,98.0,4052.0,24,24,100.0,0.0,100.0,0.0,200.0,0.0,100.0,24439.0,100.0,42502586296.0,100.0,115660929307.0
2018-12-03,Z305DBSG,ST4000DM000,4000787030016,0,118,174900032,95.0,0.0,100.0,5.0,100.0,0.0,82.0,175348975.0,73,24489,100.0,0.0,100,5,100.0,0.0,100.0,0.0,100.0,0.0,100.0,0.0,100.0,0.0,76.0,24.0,100.0,0.0,100.0,0.0,98.0,4052.0,24,24,100.0,0.0,100.0,0.0,200.0,0.0,100.0,24463.0,100.0,42504488888.0,100.0,115811770910.0
2018-12-04,Z305DBSG,ST4000DM000,4000787030016,0,114,80449536,95.0,0.0,100.0,5.0,100.0,0.0,82.0,176056105.0,73,24512,100.0,0.0,100,5,100.0,0.0,100.0,0.0,100.0,0.0,100.0,0.0,100.0,0.0,76.0,24.0,100.0,0.0,100.0,0.0,98.0,4052.0,24,24,100.0,0.0,100.0,0.0,200.0,0.0,100.0,24487.0,100.0,42506710424.0,100.0,115928156581.0
2018-12-05,Z305DBSG,ST4000DM000,4000787030016,0,117.0,128233144.0,95.0,0.0,100.0,5.0,100.0,0.0,82.0,177736768.0,72.0,24537.0,100.0,0.0,100.0,5.0,100.0,0.0,100.0,0.0,100.0,0.0,100.0,0.0,100.0,0.0,76.0,24.0,100.0,0.0,100.0,0.0,98.0,4052.0,24.0,24.0,100.0,0.0,100.0,0.0,200.0,0.0,100.0,24511.0,100.0,42510817512.0,100.0,116088357111.0
2018-12-06,Z305DBSG,ST4000DM000,4000787030016,0,116,108900536,95.0,0.0,100.0,5.0,100.0,0.0,82.0,178919805.0,72,24561,100.0,0.0,100,5,100.0,0.0,100.0,0.0,100.0,0.0,100.0,0.0,100.0,0.0,76.0,24.0,100.0,0.0,100.0,0.0,98.0,4052.0,24,24,100.0,0.0,100.0,0.0,200.0,0.0,100.0,24536.0,100.0,42512659920.0,100.0,116235929154.0
2018-12-07,Z305DBSG,ST4000DM000,4000787030016,0,120,243754944,95.0,0.0,100.0,5.0,100.0,0.0,82.0,179826328.0,72,24585,100.0,0.0,100,5,100.0,0.0,100.0,0.0,100.0,0.0,100.0,0.0,100.0,0.0,76.0,24.0,100.0,0.0,100.0,0.0,98.0,4052.0,24,24,100.0,0.0,100.0,0.0,200.0,0.0,100.0,24560.0,100.0,42514473392.0,100.0,116349392172.0
2018-12-08,Z305DBSG,ST4000DM000,4000787030016,0,109,21399680,95.0,0.0,100.0,5.0,100.0,0.0,82.0,182026352.0,72,24609,100.0,0.0,100,5,100.0,0.0,100.0,0.0,100.0,0.0,100.0,0.0,100.0,0.0,76.0,24.0,100.0,0.0,100.0,0.0,98.0,4052.0,24,24,100.0,0.0,100.0,0.0,200.0,0.0,100.0,24584.0,100.0,42518872920.0,100.0,116499155498.0
2018-12-09,Z305DBSG,ST4000DM000,4000787030016,0,112,47242032,95.0,0.0,100.0,5.0,100.0,0.0,82.0,182749445.0,72,24634,100.0,0.0,100,5,100.0,0.0,100.0,0.0,100.0,0.0,100.0,0.0,100.0,0.0,76.0,24.0,100.0,0.0,100.0,0.0,98.0,4052.0,24,24,100.0,0.0,100.0,0.0,200.0,0.0,100.0,24608.0,100.0,42520740864.0,100.0,116636358529.0
2018-12-10,Z305DBSG,ST4000DM000,4000787030016,0,120,138312,95.0,0.0,100.0,5.0,100.0,0.0,82.0,183443117.0,72,24657,100.0,0.0,100,5,100.0,0.0,100.0,0.0,100.0,0.0,100.0,0.0,100.0,0.0,76.0,24.0,100.0,0.0,100.0,0.0,98.0,4052.0,24,24,100.0,0.0,100.0,0.0,200.0,0.0,100.0,24632.0,100.0,42522543472.0,100.0,116770752732.0
2018-12-11,Z305DBSG,ST4000DM000,4000787030016,0,115,94971208,95.0,0.0,100.0,5.0,100.0,0.0,82.0,184065769.0,72,24681,100.0,0.0,100,5,100.0,0.0,100.0,0.0,100.0,0.0,100.0,0.0,100.0,0.0,76.0,24.0,100.0,0.0,100.0,0.0,98.0,4052.0,24,24,100.0,0.0,100.0,0.0,200.0,0.0,100.0,24656.0,100.0,42524264000.0,100.0,116901419500.0
2018-12-12,Z305DBSG,ST4000DM000,4000787030016,0,119,203291296,95.0,0.0,100.0,5.0,100.0,0.0,82.0,185263080.0,72,24705,100.0,0.0,100,5,100.0,0.0,100.0,0.0,100.0,0.0,100.0,0.0,100.0,0.0,76.0,24.0,100.0,0.0,100.0,0.0,98.0,4052.0,24,24,100.0,0.0,100.0,0.0,200.0,0.0,100.0,24680.0,100.0,42528282504.0,100.0,117038381411.0
2018-12-13,Z305DBSG,ST4000DM000,4000787030016,0,115,86180888,95.0,0.0,100.0,5.0,100.0,0.0,82.0,185649275.0,72,24729,100.0,0.0,100,5,100.0,0.0,100.0,0.0,100.0,0.0,100.0,0.0,100.0,0.0,75.0,25.0,100.0,0.0,100.0,0.0,98.0,4052.0,25,25,100.0,0.0,100.0,0.0,200.0,0.0,100.0,24704.0,100.0,42529868848.0,100.0,117150705582.0
2018-12-14,Z305DBSG,ST4000DM000,4000787030016,0,114,64033016,95.0,0.0,100.0,5.0,100.0,0.0,82.0,186139559.0,72,24754,100.0,0.0,100,5,100.0,0.0,100.0,0.0,100.0,0.0,100.0,0.0,100.0,0.0,75.0,25.0,100.0,0.0,100.0,0.0,98.0,4052.0,25,25,100.0,0.0,100.0,0.0,200.0,0.0,100.0,24728.0,100.0,42532393320.0,100.0,117302820251.0
2018-12-15,Z305DBSG,ST4000DM000,4000787030016,0,118,170684752,95.0,0.0,100.0,5.0,100.0,0.0,82.0,187921061.0,72,24777,100.0,0.0,100,5,100.0,0.0,100.0,0.0,100.0,0.0,100.0,0.0,100.0,0.0,75.0,25.0,100.0,0.0,100.0,0.0,98.0,4052.0,25,25,100.0,0.0,100.0,0.0,200.0,0.0,100.0,24752.0,100.0,42537232896.0,100.0,117438599468.0
2018-12-16,Z305DBSG,ST4000DM000,4000787030016,0,105,10281200,95.0,0.0,100.0,5.0,100.0,0.0,82.0,188378052.0,72,24802,100.0,0.0,100,5,100.0,0.0,100.0,0.0,100.0,0.0,100.0,0.0,100.0,0.0,75.0,25.0,100.0,0.0,100.0,0.0,98.0,4052.0,25,25,100.0,0.0,100.0,0.0,200.0,0.0,100.0,24776.0,100.0,42539890552.0,100.0,117600427107.0
2018-12-17,Z305DBSG,ST4000DM000,4000787030016,0,108,17197560,95.0,0.0,100.0,5.0,100.0,0.0,82.0,188758783.0,72,24825,100.0,0.0,100,5,100.0,0.0,100.0,0.0,100.0,0.0,100.0,0.0,100.0,0.0,75.0,25.0,100.0,0.0,100.0,0.0,98.0,4052.0,25,25,100.0,0.0,100.0,0.0,200.0,0.0,100.0,24799.0,100.0,42542182160.0,100.0,117752541993.0
2018-12-18,Z305DBSG,ST4000DM000,4000787030016,0,115,85458528,95.0,0.0,100.0,5.0,100.0,0.0,82.0,189172654.0,72,24850,100.0,0.0,100,5,100.0,0.0,100.0,0.0,100.0,0.0,100.0,0.0,100.0,0.0,75.0,25.0,100.0,0.0,100.0,0.0,98.0,4052.0,25,25,100.0,0.0,100.0,0.0,200.0,0.0,100.0,24824.0,100.0,42544454680.0,100.0,117931620369.0
2018-12-19,Z305DBSG,ST4000DM000,4000787030016,0,112,48969360,95.0,0.0,100.0,5.0,100.0,0.0,82.0,190205675.0,72,24874,100.0,0.0,100,5,100.0,0.0,100.0,0.0,100.0,0.0,100.0,0.0,100.0,0.0,75.0,25.0,100.0,0.0,100.0,0.0,98.0,4052.0,25,25,100.0,0.0,100.0,0.0,200.0,0.0,100.0,24848.0,100.0,42548779344.0,100.0,118112535450.0
2018-12-20,Z305DBSG,ST4000DM000,4000787030016,0,117,147767512,95.0,0.0,100.0,5.0,100.0,0.0,82.0,190917604.0,72,24897,100.0,0.0,100,5,100.0,0.0,100.0,0.0,100.0,0.0,100.0,0.0,100.0,0.0,75.0,25.0,100.0,0.0,100.0,0.0,98.0,4052.0,25,25,100.0,0.0,100.0,0.0,200.0,0.0,100.0,24872.0,100.0,42550575384.0,100.0,118293433230.0
2018-12-21,Z305DBSG,ST4000DM000,4000787030016,0,117,157363560,95.0,0.0,100.0,5.0,100.0,0.0,82.0,191569706.0,72,24921,100.0,0.0,100,5,100.0,0.0,100.0,0.0,100.0,0.0,100.0,0.0,100.0,0.0,75.0,25.0,100.0,0.0,100.0,0.0,98.0,4052.0,25,25,100.0,0.0,100.0,0.0,200.0,0.0,100.0,24896.0,100.0,42552548960.0,100.0,118432130323.0
2018-12-22,Z305DBSG,ST4000DM000,4000787030016,0,120,242116320,95.0,0.0,100.0,5.0,100.0,0.0,82.0,192988754.0,72,24945,100.0,0.0,100,5,100.0,0.0,100.0,0.0,100.0,0.0,100.0,0.0,100.0,0.0,74.0,26.0,100.0,0.0,100.0,0.0,98.0,4052.0,26,26,100.0,0.0,100.0,0.0,200.0,0.0,100.0,24920.0,100.0,42557132464.0,100.0,118570553166.0
2018-12-23,Z305DBSG,ST4000DM000,4000787030016,0,117,150652736,95.0,0.0,100.0,5.0,100.0,0.0,82.0,194418570.0,72,24969,100.0,0.0,100,5,100.0,0.0,100.0,0.0,100.0,0.0,100.0,0.0,100.0,0.0,75.0,25.0,100.0,0.0,100.0,0.0,98.0,4052.0,25,25,100.0,0.0,100.0,0.0,200.0,0.0,100.0,24944.0,100.0,42559386328.0,100.0,118756572813.0
2018-12-24,Z305DBSG,ST4000DM000,4000787030016,0,118,171622672,95.0,0.0,100.0,5.0,100.0,0.0,82.0,196305217.0,72,24993,100.0,0.0,100,5,100.0,0.0,100.0,0.0,100.0,0.0,100.0,0.0,100.0,0.0,75.0,25.0,100.0,0.0,100.0,0.0,98.0,4052.0,25,25,100.0,0.0,100.0,0.0,200.0,0.0,100.0,24968.0,100.0,42564661272.0,100.0,118934492480.0
2018-12-25,Z305DBSG,ST4000DM000,4000787030016,0,110,27524480,95.0,0.0,100.0,5.0,100.0,0.0,82.0,196988953.0,72,25016,100.0,0.0,100,5,100.0,0.0,100.0,0.0,100.0,0.0,100.0,0.0,100.0,0.0,75.0,25.0,100.0,0.0,100.0,0.0,98.0,4052.0,25,25,100.0,0.0,100.0,0.0,200.0,0.0,100.0,24991.0,100.0,42566563032.0,100.0,119067368914.0
2018-12-26,Z305DBSG,ST4000DM000,4000787030016,0,116,114535056,95.0,0.0,100.0,5.0,100.0,0.0,82.0,198262046.0,72,25041,100.0,0.0,100,5,100.0,0.0,100.0,0.0,100.0,0.0,100.0,0.0,100.0,0.0,75.0,25.0,100.0,0.0,100.0,0.0,98.0,4052.0,25,25,100.0,0.0,100.0,0.0,200.0,0.0,100.0,25015.0,100.0,42570929968.0,100.0,119230527987.0
2018-12-27,Z305DBSG,ST4000DM000,4000787030016,0,119,207809792,95.0,0.0,100.0,5.0,100.0,0.0,82.0,199038508.0,72,25065,100.0,0.0,100,5,100.0,0.0,100.0,0.0,100.0,0.0,100.0,0.0,100.0,0.0,75.0,25.0,100.0,0.0,100.0,0.0,98.0,4052.0,25,25,100.0,0.0,100.0,0.0,200.0,0.0,100.0,25040.0,100.0,42573125808.0,100.0,119385053987.0
2018-12-28,Z305DBSG,ST4000DM000,4000787030016,0,106,10795192,95.0,0.0,100.0,5.0,100.0,0.0,82.0,199874836.0,72,25088,100.0,0.0,100,5,100.0,0.0,100.0,0.0,100.0,0.0,100.0,0.0,100.0,0.0,75.0,25.0,100.0,0.0,100.0,0.0,98.0,4052.0,25,25,100.0,0.0,100.0,0.0,200.0,0.0,100.0,25063.0,100.0,42576471752.0,100.0,119528091221.0
2018-12-29,Z305DBSG,ST4000DM000,4000787030016,0,117,159819672,95.0,0.0,100.0,5.0,100.0,0.0,83.0,201329819.0,72,25113,100.0,0.0,100,5,100.0,0.0,100.0,0.0,100.0,0.0,100.0,0.0,100.0,0.0,75.0,25.0,100.0,0.0,100.0,0.0,98.0,4052.0,25,25,100.0,0.0,100.0,0.0,200.0,0.0,100.0,25088.0,100.0,42580586696.0,100.0,119667682999.0
2018-12-30,Z305DBSG,ST4000DM000,4000787030016,0,118,196539208,95.0,0.0,100.0,5.0,100.0,0.0,83.0,202261103.0,72,25137,100.0,0.0,100,5,100.0,0.0,100.0,0.0,100.0,0.0,100.0,0.0,100.0,0.0,75.0,25.0,100.0,0.0,100.0,0.0,98.0,4052.0,25,25,100.0,0.0,100.0,0.0,200.0,0.0,100.0,25111.0,100.0,42582527768.0,100.0,119822464662.0
2018-12-31,Z305DBSG,ST4000DM000,4000787030016,0,108,19607704,95.0,0.0,100.0,5.0,100.0,0.0,83.0,203085197.0,72,25162,100.0,0.0,100,5,100.0,0.0,100.0,0.0,100.0,0.0,100.0,0.0,100.0,0.0,75.0,25.0,100.0,0.0,100.0,0.0,98.0,4052.0,25,25,100.0,0.0,100.0,0.0,200.0,0.0,100.0,25136.0,100.0,42585275184.0,100.0,119993401962.0
