2018-01-01,Z305D5PZ,ST4000DM000,4000787030016,0,120,236192496,91,0,100,12,100,0,89,809616501,81,16862,100,0,100,12,100.0,0.0,100.0,0.0,100.0,0.0,100.0,0.0,100.0,0.0,74.0,26.0,100.0,0.0,100.0,0.0,98.0,4247.0,26,26,100,0,100,0,200,0,100.0,16811.0,100.0,37405081568.0,100.0,62029432069.0
2018-01-02,Z305D5PZ,ST4000DM000,4000787030016,0,119,225758824,91,0,100,12,100,0,89,811516387,81,16886,100,0,100,12,100.0,0.0,100.0,0.0,100.0,0.0,100.0,0.0,100.0,0.0,74.0,26.0,100.0,0.0,100.0,0.0,98.0,4247.0,26,26,100,0,100,0,200,0,100.0,16835.0,100.0,37437237568.0,100.0,62168654362.0
2018-01-03,Z305D5PZ,ST4000DM000,4000787030016,0,115,85852824,91,0,100,12,100,0,89,812526030,81,16910,100,0,100,12,100.0,0.0,100.0,0.0,100.0,0.0,100.0,0.0,100.0,0.0,74.0,26.0,100.0,0.0,100.0,0.0,98.0,4247.0,26,26,100,0,100,0,200,0,100.0,16859.0,100.0,37468877304.0,100.0,62245551353.0
2018-01-04,Z305D5PZ,ST4000DM000,4000787030016,0,117,160776432,91,0,100,12,100,0,89,813454692,81,16925,100,0,100,12,100.0,0.0,100.0,0.0,100.0,0.0,100.0,0.0,100.0,0.0,75.0,25.0,100.0,0.0,100.0,0.0,98.0,4247.0,25,25,100,0,100,0,200,0,100.0,16875.0,100.0,37493067960.0,100.0,62323615854.0
2018-01-05,Z305D5PZ,ST4000DM000,4000787030016,0,118.0,183493984.0,91.0,0.0,100.0,12.0,100.0,0.0,89.0,815755361.0,81.0,16950.0,100.0,0.0,100.0,12.0,100.0,0.0,100.0,0.0,100.0,0.0,100.0,0.0,100.0,0.0,74.0,26.0,100.0,0.0,100.0,0.0,98.0,4249.0,26.0,26.0,100.0,0.0,100.0,0.0,200.0,0.0,100.0,16899.0,100.0,37547503136.0,100.0,62436979530.0
2018-01-06,Z305D5PZ,ST4000DM000,4000787030016,0,113,50650928,91,0,100,12,100,0,89,817049433,81,16973,100,0,100,12,100.0,0.0,100.0,0.0,100.0,0.0,100.0,0.0,100.0,0.0,77.0,23.0,100.0,0.0,100.0,0.0,98.0,4249.0,23,23,100,0,100,0,200,0,100.0,16923.0,100.0,37568802656.0,100.0,62560886224.0
2018-01-07,Z305D5PZ,ST4000DM000,4000787030016,0,117,122485280,91,0,100,12,100,0,89,819068610,81,16997,100,0,100,12,100.0,0.0,100.0,0.0,100.0,0.0,100.0,0.0,100.0,0.0,77.0,23.0,100.0,0.0,100.0,0.0,98.0,4249.0,23,23,100,0,100,0,200,0,100.0,16947.0,100.0,37602205488.0,100.0,62679894528.0
2018-01-08,Z305D5PZ,ST4000DM000,4000787030016,0,117,149691880,91,0,100,12,100,0,89,820979679,81,17022,100,0,100,12,100.0,0.0,100.0,0.0,100.0,0.0,100.0,0.0,100.0,0.0,77.0,23.0,100.0,0.0,100.0,0.0,98.0,4249.0,23,23,100,0,100,0,200,0,100.0,16971.0,100.0,37648120480.0,100.0,62774667394.0
2018-01-09,Z305D5PZ,ST4000DM000,4000787030016,0,115,89891936,91,0,100,12,100,0,89,823086077,81,17045,100,0,100,12,100.0,0.0,100.0,0.0,100.0,0.0,100.0,0.0,100.0,0.0,77.0,23.0,100.0,0.0,100.0,0.0,98.0,4249.0,23,23,100,0,100,0,200,0,100.0,16995.0,100.0,37692838456.0,100.0,62912297429.0
2018-01-10,Z305D5PZ,ST4000DM000,4000787030016,0,114,80952088,91,0,100,12,100,0,89,825002093,81,17072,100,0,100,12,100.0,0.0,100.0,0.0,100.0,0.0,100.0,0.0,100.0,0.0,77.0,23.0,100.0,0.0,100.0,0.0,98.0,4249.0,23,23,100,0,100,0,200,0,100.0,17021.0,100.0,37727269432.0,100.0,62997504889.0
2018-01-11,Z305D5PZ,ST4000DM000,4000787030016,0,109,21014712,91,0,100,12,100,0,89,825956545,81,17083,100,0,100,12,100.0,0.0,100.0,0.0,100.0,0.0,100.0,0.0,100.0,0.0,76.0,24.0,100.0,0.0,100.0,0.0,98.0,4252.0,24,24,100,0,100,0,200,0,100.0,17033.0,100.0,37733208800.0,100.0,63049760520.0
2018-01-12,Z305D5PZ,ST4000DM000,4000787030016,0,109,23155304,91,0,100,12,100,0,89,827960351,81,17116,100,0,100,12,100.0,0.0,100.0,0.0,100.0,0.0,100.0,0.0,100.0,0.0,77.0,23.0,100.0,0.0,100.0,0.0,98.0,4255.0,23,23,100,0,100,0,200,0,100.0,17065.0,100.0,37747066312.0,100.0,63151916375.0
2018-01-13,Z305D5PZ,ST4000DM000,4000787030016,0,116.0,114440040.0,91.0,0.0,100.0,12.0,100,0,89.0,828761648.0,81,17140,100.0,0.0,100,12,100.0,0.0,100.0,0.0,100.0,0.0,100.0,0.0,100.0,0.0,77.0,23.0,100.0,0.0,100.0,0.0,98.0,4255.0,23.0,23.0,100.0,0.0,100.0,0.0,200,0,100.0,17089.0,100.0,37754809056.0,100.0,63248340805.0
2018-01-14,Z305D5PZ,ST4000DM000,4000787030016,0,118.0,169629752.0,91.0,0.0,100.0,12.0,100,0,89.0,829668888.0,81,17164,100.0,0.0,100,12,100.0,0.0,100.0,0.0,100.0,0.0,100.0,0.0,100.0,0.0,77.0,23.0,100.0,0.0,100.0,0.0,98.0,4255.0,23.0,23.0,100.0,0.0,100.0,0.0,200,0,100.0,17113.0,100.0,37757242496.0,100.0,63365636811.0
2018-01-15,Z305D5PZ,ST4000DM000,4000787030016,0,119.0,210077224.0,91.0,0.0,100.0,12.0,100,0,89.0,830132580.0,81,17176,100.0,0.0,100,12,100.0,0.0,100.0,0.0,100.0,0.0,100.0,0.0,100.0,0.0,76.0,24.0,100.0,0.0,100.0,0.0,98.0,4255.0,24.0,24.0,100.0,0.0,100.0,0.0,200,0,100.0,17125.0,100.0,37759345208.0,100.0,63433074804.0
2018-01-16,Z305D5PZ,ST4000DM000,4000787030016,0,117.0,119888128.0,91.0,0.0,100.0,12.0,100,0,89.0,833235887.0,81,17211,100.0,0.0,100,12,100.0,0.0,100.0,0.0,100.0,0.0,100.0,0.0,100.0,0.0,77.0,23.0,100.0,0.0,100.0,0.0,98.0,4255.0,23.0,23.0,100.0,0.0,100.0,0.0,200,0,100.0,17161.0,100.0,37767767424.0,100.0,63664665360.0
2018-01-17,Z305D5PZ,ST4000DM000,4000787030016,0,115.0,96658608.0,91.0,0.0,100.0,12.0,100,0,89.0,834295742.0,81,17224,100.0,0.0,100,12,100.0,0.0,100.0,0.0,100.0,0.0,100.0,0.0,100.0,0.0,75.0,25.0,100.0,0.0,100.0,0.0,98.0,4255.0,25.0,25.0,100.0,0.0,100.0,0.0,200,0,100.0,17173.0,100.0,37770665032.0,100.0,63725673002.0
2018-01-18,Z305D5PZ,ST4000DM000,4000787030016,0,112.0,45893472.0,91.0,0.0,100.0,12.0,100.0,0.0,89.0,836135757.0,81.0,17262.0,100.0,0.0,100.0,12.0,100.0,0.0,100.0,0.0,100.0,0.0,100.0,0.0,100.0,0.0,77.0,23.0,100.0,0.0,100.0,0.0,98.0,4255.0,23.0,23.0,100.0,0.0,100.0,0.0,200.0,0.0,100.0,17212.0,100.0,37777652440.0,100.0,63951404433.0
2018-01-19,Z305D5PZ,ST4000DM000,4000787030016,0,116.0,114163080.0,91.0,0.0,100.0,12.0,100.0,0.0,89.0,838286459.0,81.0,17287.0,100.0,0.0,100.0,12.0,100.0,0.0,100.0,0.0,100.0,0.0,100.0,0.0,100.0,0.0,77.0,23.0,100.0,0.0,100.0,0.0,98.0,4260.0,23.0,23.0,100.0,0.0,100.0,0.0,200.0,0.0,100.0,17236.0,100.0,37784423608.0,100.0,64060657339.0
2018-01-20,Z305D5PZ,ST4000DM000,4000787030016,0,109.0,21053072.0,91.0,0.0,100.0,12.0,100,0,89.0,839487177.0,81,17311,100.0,0.0,100,12,100.0,0.0,100.0,0.0,100.0,0.0,100.0,0.0,100.0,0.0,77.0,23.0,100.0,0.0,100.0,0.0,98.0,4260.0,23.0,23.0,100.0,0.0,100.0,0.0,200,0,100.0,17260.0,100.0,37789406544.0,100.0,64129657703.0
2018-01-21,Z305D5PZ,ST4000DM000,4000787030016,0,114.0,59055456.0,91.0,0.0,100.0,12.0,100,0,89.0,840238668.0,81,17335,100.0,0.0,100,12,100.0,0.0,100.0,0.0,100.0,0.0,100.0,0.0,100.0,0.0,77.0,23.0,100.0,0.0,100.0,0.0,98.0,4262.0,23.0,23.0,100.0,0.0,100.0,0.0,200,0,100.0,17285.0,100.0,37795283136.0,100.0,64269759098.0
2018-01-22,Z305D5PZ,ST4000DM000,4000787030016,0,119.0,208700888.0,91.0,0.0,100.0,12.0,100,0,89.0,840757931.0,81,17359,100.0,0.0,100,12,100.0,0.0,100.0,0.0,100.0,0.0,100.0,0.0,100.0,0.0,78.0,22.0,100.0,0.0,100.0,0.0,98.0,4262.0,22.0,22.0,100.0,0.0,100.0,0.0,200,0,100.0,17309.0,100.0,37801342632.0,100.0,64440744913.0
2018-01-23,Z305D5PZ,ST4000DM000,4000787030016,0,119.0,214373464.0,91.0,0.0,100.0,12.0,100,0,89.0,842027890.0,81,17383,100.0,0.0,100,12,100.0,0.0,100.0,0.0,100.0,0.0,100.0,0.0,100.0,0.0,78.0,22.0,100.0,0.0,100.0,0.0,98.0,4262.0,22.0,22.0,100.0,0.0,100.0,0.0,200,0,100.0,17332.0,100.0,37810370904.0,100.0,64643859973.0
2018-01-24,Z305D5PZ,ST4000DM000,4000787030016,0,116.0,111806632.0,91.0,0.0,100.0,12.0,100,0,89.0,843582871.0,81,17415,100.0,0.0,100,12,100.0,0.0,100.0,0.0,100.0,0.0,100.0,0.0,100.0,0.0,77.0,23.0,100.0,0.0,100.0,0.0,98.0,4262.0,23.0,23.0,100.0,0.0,100.0,0.0,200,0,100.0,17364.0,100.0,37821712184.0,100.0,64891759668.0
2018-01-25,Z305D5PZ,ST4000DM000,4000787030016,0,119.0,227518504.0,91.0,0.0,100.0,12.0,100,0,89.0,843918213.0,81,17431,100.0,0.0,100,12,100.0,0.0,100.0,0.0,100.0,0.0,100.0,0.0,100.0,0.0,78.0,22.0,100.0,0.0,100.0,0.0,98.0,4262.0,22.0,22.0,100.0,0.0,100.0,0.0,200,0,100.0,17380.0,100.0,37826757848.0,100.0,65002411602.0
2018-01-26,Z305D5PZ,ST4000DM000,4000787030016,0,117.0,155307760.0,91.0,0.0,100.0,12.0,100,0,89.0,845050584.0,81,17455,100.0,0.0,100,12,100.0,0.0,100.0,0.0,100.0,0.0,100.0,0.0,100.0,0.0,78.0,22.0,100.0,0.0,100.0,0.0,98.0,4265.0,22.0,22.0,100.0,0.0,100.0,0.0,200,0,100.0,17404.0,100.0,37833554632.0,100.0,65173929414.0
2018-01-27,Z305D5PZ,ST4000DM000,4000787030016,0,113.0,58538536.0,91.0,0.0,100.0,12.0,100,0,89.0,845583897.0,81,17479,100.0,0.0,100,12,100.0,0.0,100.0,0.0,100.0,0.0,100.0,0.0,100.0,0.0,78.0,22.0,100.0,0.0,100.0,0.0,98.0,4265.0,22.0,22.0,100.0,0.0,100.0,0.0,200,0,100.0,17428.0,100.0,37837906664.0,100.0,65355031488.0
2018-01-28,Z305D5PZ,ST4000DM000,4000787030016,0,119.0,229855728.0,91.0,0.0,100.0,12.0,100,0,89.0,846054415.0,81,17503,100.0,0.0,100,12,100.0,0.0,100.0,0.0,100.0,0.0,100.0,0.0,100.0,0.0,78.0,22.0,100.0,0.0,100.0,0.0,98.0,4265.0,22.0,22.0,100.0,0.0,100.0,0.0,200,0,100.0,17452.0,100.0,37845033840.0,100.0,65502897541.0
2018-01-29,Z305D5PZ,ST4000DM000,4000787030016,0,118.0,198864008.0,91.0,0.0,100.0,12.0,100,0,89.0,846544666.0,80,17527,100.0,0.0,100,12,100.0,0.0,100.0,0.0,100.0,0.0,100.0,0.0,100.0,0.0,78.0,22.0,100.0,0.0,100.0,0.0,98.0,4265.0,22.0,22.0,100.0,0.0,100.0,0.0,200,0,100.0,17476.0,100.0,37850661160.0,100.0,65695926837.0
2018-01-30,Z305D5PZ,ST4000DM000,4000787030016,0,118.0,169733768.0,91.0,0.0,100.0,12.0,100,0,89.0,847249985.0,80,17548,100.0,0.0,100,12,100.0,0.0,100.0,0.0,100.0,0.0,100.0,0.0,100.0,0.0,78.0,22.0,100.0,0.0,100.0,0.0,98.0,4265.0,22.0,22.0,100.0,0.0,100.0,0.0,200,0,100.0,17497.0,100.0,37857434328.0,100.0,65873503731.0
2018-01-31,Z305D5PZ,ST4000DM000,4000787030016,0,116.0,101264392.0,91.0,0.0,100.0,12.0,100.0,0.0,89.0,848131108.0,80.0,17572.0,100.0,0.0,100.0,12.0,100.0,0.0,100.0,0.0,100.0,0.0,100.0,0.0,100.0,0.0,77.0,23.0,100.0,0.0,100.0,0.0,98.0,4268.0,23.0,23.0,100.0,0.0,100.0,0.0,200.0,0.0,100.0,17521.0,100.0,37861961464.0,100.0,66048652694.0
2018-02-01,Z305D5PZ,ST4000DM000,4000787030016,0,115.0,92413472.0,91.0,0.0,100.0,12.0,100,0,89.0,848991654.0,80,17596,100.0,0.0,100,12,100.0,0.0,100.0,0.0,100.0,0.0,100.0,0.0,100.0,0.0,77.0,23.0,100.0,0.0,100.0,0.0,98.0,4268.0,23.0,23.0,100.0,0.0,100.0,0.0,200,0,100.0,17545.0,100.0,37869631512.0,100.0,66214633600.0
2018-02-02,Z305D5PZ,ST4000DM000,4000787030016,0,113.0,57485456.0,91.0,0.0,100.0,12.0,100,0,89.0,850422609.0,80,17619,100.0,0.0,100,12,100.0,0.0,100.0,0.0,100.0,0.0,100.0,0.0,100.0,0.0,77.0,23.0,100.0,0.0,100.0,0.0,98.0,4268.0,23.0,23.0,100.0,0.0,100.0,0.0,200,0,100.0,17569.0,100.0,37877472392.0,100.0,66365362747.0
2018-02-03,Z305D5PZ,ST4000DM000,4000787030016,0,108.0,16459176.0,91.0,0.0,100.0,12.0,100,0,89.0,851623381.0,80,17643,100.0,0.0,100,12,100.0,0.0,100.0,0.0,100.0,0.0,100.0,0.0,100.0,0.0,77.0,23.0,100.0,0.0,100.0,0.0,98.0,4268.0,23.0,23.0,100.0,0.0,100.0,0.0,200,0,100.0,17592.0,100.0,37881006224.0,100.0,66544609740.0
2018-02-04,Z305D5PZ,ST4000DM000,4000787030016,0,120.0,242445848.0,91.0,0.0,100.0,12.0,100,0,89.0,853528409.0,80,17675,100.0,0.0,100,12,100.0,0.0,100.0,0.0,100.0,0.0,100.0,0.0,100.0,0.0,77.0,23.0,100.0,0.0,100.0,0.0,98.0,4268.0,23.0,23.0,100.0,0.0,100.0,0.0,200,0,100.0,17624.0,100.0,37885179040.0,100.0,66814803025.0
2018-02-05,Z305D5PZ,ST4000DM000,4000787030016,0,119.0,216184216.0,91.0,0.0,100.0,12.0,100,0,89.0,854613399.0,80,17700,100.0,0.0,100,12,100.0,0.0,100.0,0.0,100.0,0.0,100.0,0.0,100.0,0.0,77.0,23.0,100.0,0.0,100.0,0.0,98.0,4268.0,23.0,23.0,100.0,0.0,100.0,0.0,200,0,100.0,17649.0,100.0,37889020744.0,100.0,66988972081.0
2018-02-06,Z305D5PZ,ST4000DM000,4000787030016,0,117.0,159991920.0,91.0,0.0,100.0,12.0,100,0,89.0,856603849.0,80,17724,100.0,0.0,100,12,100.0,0.0,100.0,0.0,100.0,0.0,100.0,0.0,100.0,0.0,77.0,23.0,100.0,0.0,100.0,0.0,98.0,4268.0,23.0,23.0,100.0,0.0,100.0,0.0,200,0,100.0,17673.0,100.0,37894330016.0,100.0,67166364026.0
2018-02-07,Z305D5PZ,ST4000DM000,4000787030016,0,117.0,167578712.0,91.0,0.0,100.0,12.0,100,0,89.0,858394114.0,80,17747,100.0,0.0,100,12,100.0,0.0,100.0,0.0,100.0,0.0,100.0,0.0,100.0,0.0,78.0,22.0,100.0,0.0,100.0,0.0,98.0,4268.0,22.0,22.0,100.0,0.0,100.0,0.0,200,0,100.0,17697.0,100.0,37897751008.0,100.0,67306826892.0
2018-02-08,Z305D5PZ,ST4000DM000,4000787030016,0,111.0,36704728.0,91.0,0.0,100.0,12.0,100,0,89.0,859320159.0,80,17774,100.0,0.0,100,12,100.0,0.0,100.0,0.0,100.0,0.0,100.0,0.0,100.0,0.0,77.0,23.0,100.0,0.0,100.0,0.0,98.0,4272.0,23.0,23.0,100.0,0.0,100.0,0.0,200,0,100.0,17723.0,100.0,37901856376.0,100.0,67454893256.0
2018-02-09,Z305D5PZ,ST4000DM000,4000787030016,0,111,38662360,91,0,100,12,100,0,89,860585317,80,17798,100,0,100,12,100.0,0.0,100.0,0.0,100.0,0.0,100.0,0.0,100.0,0.0,77.0,23.0,100.0,0.0,100.0,0.0,98.0,4272.0,23,23,100,0,100,0,200,0,100.0,17747.0,100.0,37906266216.0,100.0,67584664106.0
2018-02-10,Z305D5PZ,ST4000DM000,4000787030016,0,117.0,138618640.0,91.0,0.0,100.0,12.0,100.0,0.0,89.0,861527468.0,80.0,17821.0,100.0,0.0,100.0,12.0,100.0,0.0,100.0,0.0,100.0,0.0,100.0,0.0,100.0,0.0,77.0,23.0,100.0,0.0,100.0,0.0,98.0,4272.0,23.0,23.0,100.0,0.0,100.0,0.0,200.0,0.0,100.0,17770.0,100.0,37909049808.0,100.0,67748470114.0
2018-02-11,Z305D5PZ,ST4000DM000,4000787030016,0,110,26562376,91,0,100,12,100,0,89,862634142,80,17846,100,0,100,12,100.0,0.0,100.0,0.0,100.0,0.0,100.0,0.0,100.0,0.0,74.0,26.0,100.0,0.0,100.0,0.0,98.0,4272.0,26,26,100,0,100,0,200,0,100.0,17795.0,100.0,37912178752.0,100.0,67910805176.0
2018-02-12,Z305D5PZ,ST4000DM000,4000787030016,0,114,81500632,91,0,100,12,100,0,89,863273654,80,17870,100,0,100,12,100.0,0.0,100.0,0.0,100.0,0.0,100.0,0.0,100.0,0.0,77.0,23.0,100.0,0.0,100.0,0.0,98.0,4272.0,23,23,100,0,100,0,200,0,100.0,17819.0,100.0,37915991168.0,100.0,68002378808.0
2018-02-13,Z305D5PZ,ST4000DM000,4000787030016,0,119,208771096,91,0,100,12,100,0,89,864442006,80,17894,100,0,100,12,100.0,0.0,100.0,0.0,100.0,0.0,100.0,0.0,100.0,0.0,77.0,23.0,100.0,0.0,100.0,0.0,98.0,4272.0,23,23,100,0,100,0,200,0,100.0,17843.0,100.0,37921734128.0,100.0,68066713696.0
2018-02-14,Z305D5PZ,ST4000DM000,4000787030016,0,105,7641880,91,0,100,12,100,0,89,865588107,80,17917,100,0,100,12,100.0,0.0,100.0,0.0,100.0,0.0,100.0,0.0,100.0,0.0,77.0,23.0,100.0,0.0,100.0,0.0,98.0,4272.0,23,23,100,0,100,0,200,0,100.0,17866.0,100.0,37925538160.0,100.0,68224957398.0
2018-02-15,Z305D5PZ,ST4000DM000,4000787030016,0,100,3086240,91,0,100,12,100,0,89,866569129,80,17942,100,0,100,12,100.0,0.0,100.0,0.0,100.0,0.0,100.0,0.0,100.0,0.0,77.0,23.0,100.0,0.0,100.0,0.0,98.0,4272.0,23,23,100,0,100,0,200,0,100.0,17891.0,100.0,37930818104.0,100.0,68340121397.0
2018-02-16,Z305D5PZ,ST4000DM000,4000787030016,0,117,143913536,91,0,100,12,100,0,89,868859121,80,17966,100,0,100,12,100.0,0.0,100.0,0.0,100.0,0.0,100.0,0.0,100.0,0.0,77.0,23.0,100.0,0.0,100.0,0.0,98.0,4272.0,23,23,100,0,100,0,200,0,100.0,17915.0,100.0,37937419864.0,100.0,68467085469.0
2018-02-17,Z305D5PZ,ST4000DM000,4000787030016,0,112,48436688,91,0,100,12,100,0,89,869410162,80,17990,100,0,100,12,100.0,0.0,100.0,0.0,100.0,0.0,100.0,0.0,100.0,0.0,77.0,23.0,100.0,0.0,100.0,0.0,98.0,4272.0,23,23,100,0,100,0,200,0,100.0,17939.0,100.0,37941709544.0,100.0,68550406584.0
2018-02-18,Z305D5PZ,ST4000DM000,4000787030016,0,116,111351992,91,0,100,12,100,0,89,870333396,80,18014,100,0,100,12,100.0,0.0,100.0,0.0,100.0,0.0,100.0,0.0,100.0,0.0,77.0,23.0,100.0,0.0,100.0,0.0,98.0,4272.0,23,23,100,0,100,0,200,0,100.0,17963.0,100.0,37945048984.0,100.0,68679862572.0
2018-02-19,Z305D5PZ,ST4000DM000,4000787030016,0,117,140394256,91,0,100,12,100,0,89,871118969,80,18038,100,0,100,12,100.0,0.0,100.0,0.0,100.0,0.0,100.0,0.0,100.0,0.0,77.0,23.0,100.0,0.0,100.0,0.0,98.0,4272.0,23,23,100,0,100,0,200,0,100.0,17987.0,100.0,37947115416.0,100.0,68791583235.0
2018-02-20,Z305D5PZ,ST4000DM000,4000787030016,0,117,152252936,91,0,100,12,100,0,89,872264296,80,18062,100,0,100,12,100.0,0.0,100.0,0.0,100.0,0.0,100.0,0.0,100.0,0.0,77.0,23.0,100.0,0.0,100.0,0.0,98.0,4272.0,23,23,100,0,100,0,200,0,100.0,18011.0,100.0,37951310232.0,100.0,68875891877.0
2018-02-21,Z305D5PZ,ST4000DM000,4000787030016,0,114,67295928,91,0,100,12,100,0,89,872968216,80,18086,100,0,100,12,100.0,0.0,100.0,0.0,100.0,0.0,100.0,0.0,100.0,0.0,77.0,23.0,100.0,0.0,100.0,0.0,98.0,4272.0,23,23,100,0,100,0,200,0,100.0,18035.0,100.0,37952873824.0,100.0,68994156984.0
2018-02-22,Z305D5PZ,ST4000DM000,4000787030016,0,119,219991640,91,0,100,12,100,0,89,873840497,80,18108,100,0,100,12,100.0,0.0,100.0,0.0,100.0,0.0,100.0,0.0,100.0,0.0,77.0,23.0,100.0,0.0,100.0,0.0,98.0,4275.0,23,23,100,0,100,0,200,0,100.0,18057.0,100.0,37954927968.0,100.0,69138621783.0
2018-02-23,Z305D5PZ,ST4000DM000,4000787030016,0,120,236951480,91,0,100,12,100,0,89,874945374,80,18132,100,0,100,12,100.0,0.0,100.0,0.0,100.0,0.0,100.0,0.0,100.0,0.0,77.0,23.0,100.0,0.0,100.0,0.0,98.0,4290.0,23,23,100,0,100,0,200,0,100.0,18081.0,100.0,37958640616.0,100.0,69207703117.0
2018-02-24,Z305D5PZ,ST4000DM000,4000787030016,0,117,122695304,91,0,100,12,100,0,89,876136118,80,18157,100,0,100,12,100.0,0.0,100.0,0.0,100.0,0.0,100.0,0.0,100.0,0.0,75.0,25.0,100.0,0.0,100.0,0.0,98.0,4290.0,25,25,100,0,100,0,200,0,100.0,18105.0,100.0,37961656344.0,100.0,69357300540.0
2018-02-25,Z305D5PZ,ST4000DM000,4000787030016,0,117,140461112,91,0,100,12,100,0,89,877231015,80,18180,100,0,100,12,100.0,0.0,100.0,0.0,100.0,0.0,100.0,0.0,100.0,0.0,76.0,24.0,100.0,0.0,100.0,0.0,98.0,4290.0,24,24,100,0,100,0,200,0,100.0,18129.0,100.0,37965510576.0,100.0,69503180072.0
2018-02-26,Z305D5PZ,ST4000DM000,4000787030016,0,116,105514744,91,0,100,12,100,0,89,878322846,80,18204,100,0,100,12,100.0,0.0,100.0,0.0,100.0,0.0,100.0,0.0,100.0,0.0,76.0,24.0,100.0,0.0,100.0,0.0,98.0,4290.0,24,24,100,0,100,0,200,0,100.0,18153.0,100.0,37971545344.0,100.0,69654739073.0
2018-02-27,Z305D5PZ,ST4000DM000,4000787030016,0,102,4067128,91,0,100,12,100,0,89,879539551,80,18228,100,0,100,12,100.0,0.0,100.0,0.0,100.0,0.0,100.0,0.0,100.0,0.0,77.0,23.0,100.0,0.0,100.0,0.0,98.0,4290.0,23,23,100,0,100,0,200,0,100.0,18177.0,100.0,37978479608.0,100.0,69718514336.0
2018-02-28,Z305D5PZ,ST4000DM000,4000787030016,0,120,241235072,91,0,100,12,100,0,89,881500212,80,18252,100,0,100,12,100.0,0.0,100.0,0.0,100.0,0.0,100.0,0.0,100.0,0.0,77.0,23.0,100.0,0.0,100.0,0.0,98.0,4290.0,23,23,100,0,100,0,200,0,100.0,18201.0,100.0,37985459312.0,100.0,69822301596.0
2018-03-01,Z305D5PZ,ST4000DM000,4000787030016,0,118,189635920,91,0,100,12,100,0,89,882182153,80,18279,100,0,100,12,100.0,0.0,100.0,0.0,100.0,0.0,100.0,0.0,100.0,0.0,77.0,23.0,100.0,0.0,100.0,0.0,98.0,4292.0,23,23,100,0,100,0,200,0,100.0,18228.0,100.0,37988946008.0,100.0,69868557148.0
2018-03-02,Z305D5PZ,ST4000DM000,4000787030016,0,117,124152744,91,0,100,12,100,0,89,883132648,80,18303,100,0,100,12,100.0,0.0,100.0,0.0,100.0,0.0,100.0,0.0,100.0,0.0,76.0,24.0,100.0,0.0,100.0,0.0,98.0,4292.0,24,24,100,0,100,0,200,0,100.0,18252.0,100.0,37991706184.0,100.0,69953805245.0
2018-03-03,Z305D5PZ,ST4000DM000,4000787030016,0,117,151438224,91,0,100,12,100,0,89,884492844,80,18328,100,0,100,12,100.0,0.0,100.0,0.0,100.0,0.0,100.0,0.0,100.0,0.0,77.0,23.0,100.0,0.0,100.0,0.0,98.0,4292.0,23,23,100,0,100,0,200,0,100.0,18276.0,100.0,38002565392.0,100.0,70119473103.0
2018-03-04,Z305D5PZ,ST4000DM000,4000787030016,0,112,47799696,91,0,100,12,100,0,89,885612907,80,18351,100,0,100,12,100.0,0.0,100.0,0.0,100.0,0.0,100.0,0.0,100.0,0.0,77.0,23.0,100.0,0.0,100.0,0.0,98.0,4292.0,23,23,100,0,100,0,200,0,100.0,18300.0,100.0,38011265008.0,100.0,70261690063.0
2018-03-05,Z305D5PZ,ST4000DM000,4000787030016,0,114,61518136,91,0,100,12,100,0,89,886488372,80,18375,100,0,100,12,100.0,0.0,100.0,0.0,100.0,0.0,100.0,0.0,100.0,0.0,77.0,23.0,100.0,0.0,100.0,0.0,98.0,4292.0,23,23,100,0,100,0,200,0,100.0,18324.0,100.0,38020475800.0,100.0,70384011517.0
2018-03-06,Z305D5PZ,ST4000DM000,4000787030016,0,115,91611600,91,0,100,12,100,0,89,887784457,80,18395,100,0,100,12,100.0,0.0,100.0,0.0,100.0,0.0,100.0,0.0,100.0,0.0,76.0,24.0,100.0,0.0,100.0,0.0,98.0,4292.0,24,24,100,0,100,0,200,0,100.0,18344.0,100.0,38037337520.0,100.0,70465057836.0
2018-03-07,Z305D5PZ,ST4000DM000,4000787030016,0,120.0,234911136.0,91.0,0.0,100.0,12.0,100.0,0.0,89.0,888347677.0,79.0,18419.0,100.0,0.0,100.0,12.0,100.0,0.0,100.0,0.0,100.0,0.0,100.0,0.0,100.0,0.0,77.0,23.0,100.0,0.0,100.0,0.0,98.0,4293.0,23.0,23.0,100.0,0.0,100.0,0.0,200.0,0.0,100.0,18368.0,100.0,38047056144.0,100.0,70546389674.0
2018-03-08,Z305D5PZ,ST4000DM000,4000787030016,0,117,127468032,91,0,100,12,100,0,89,889373383,79,18447,100,0,100,12,100.0,0.0,100.0,0.0,100.0,0.0,100.0,0.0,100.0,0.0,77.0,23.0,100.0,0.0,100.0,0.0,98.0,4296.0,23,23,100,0,100,0,200,0,100.0,18396.0,100.0,38064883464.0,100.0,70640427777.0
2018-03-09,Z305D5PZ,ST4000DM000,4000787030016,0,117,132420528,91,0,100,12,100,0,89,890737484,79,18471,100,0,100,12,100.0,0.0,100.0,0.0,100.0,0.0,100.0,0.0,100.0,0.0,77.0,23.0,100.0,0.0,100.0,0.0,98.0,4296.0,23,23,100,0,100,0,200,0,100.0,18420.0,100.0,38082901640.0,100.0,70738669134.0
2018-03-10,Z305D5PZ,ST4000DM000,4000787030016,0,117,139709896,91,0,100,12,100,0,89,891802330,79,18495,100,0,100,12,100.0,0.0,100.0,0.0,100.0,0.0,100.0,0.0,100.0,0.0,77.0,23.0,100.0,0.0,100.0,0.0,98.0,4296.0,23,23,100,0,100,0,200,0,100.0,18444.0,100.0,38101683896.0,100.0,70858271327.0
2018-03-11,Z305D5PZ,ST4000DM000,4000787030016,0,113,56055520,91,0,100,12,100,0,89,893762909,79,18519,100,0,100,12,100.0,0.0,100.0,0.0,100.0,0.0,100.0,0.0,100.0,0.0,77.0,23.0,100.0,0.0,100.0,0.0,98.0,4296.0,23,23,100,0,100,0,200,0,100.0,18468.0,100.0,38118191088.0,100.0,70954425799.0
2018-03-12,Z305D5PZ,ST4000DM000,4000787030016,0,118,172938080,91,0,100,12,100,0,89,894846192,79,18544,100,0,100,12,100.0,0.0,100.0,0.0,100.0,0.0,100.0,0.0,100.0,0.0,77.0,23.0,100.0,0.0,100.0,0.0,98.0,4296.0,23,23,100,0,100,0,200,0,100.0,18492.0,100.0,38128835992.0,100.0,71064808606.0
2018-03-13,Z305D5PZ,ST4000DM000,4000787030016,0,119,205437000,91,0,100,12,100,0,89,896534333,79,18567,100,0,100,12,100.0,0.0,100.0,0.0,100.0,0.0,100.0,0.0,100.0,0.0,77.0,23.0,100.0,0.0,100.0,0.0,98.0,4296.0,23,23,100,0,100,0,200,0,100.0,18516.0,100.0,38141039624.0,100.0,71189963299.0
2018-03-14,Z305D5PZ,ST4000DM000,4000787030016,0,115,100072720,91,0,100,12,100,0,89,897138133,79,18591,100,0,100,12,100.0,0.0,100.0,0.0,100.0,0.0,100.0,0.0,100.0,0.0,77.0,23.0,100.0,0.0,100.0,0.0,98.0,4296.0,23,23,100,0,100,0,200,0,100.0,18540.0,100.0,38148365776.0,100.0,71260623136.0
2018-03-15,Z305D5PZ,ST4000DM000,4000787030016,0,117,164649232,91,0,100,12,100,0,89,898104299,79,18614,100,0,100,12,100.0,0.0,100.0,0.0,100.0,0.0,100.0,0.0,100.0,0.0,76.0,24.0,100.0,0.0,100.0,0.0,98.0,4299.0,24,24,100,0,100,0,200,0,100.0,18563.0,100.0,38161425088.0,100.0,71359571540.0
2018-03-16,Z305D5PZ,ST4000DM000,4000787030016,0,118.0,177378720.0,91.0,0.0,100.0,12.0,100.0,0.0,89.0,899226262.0,79.0,18638.0,100.0,0.0,100.0,12.0,100.0,0.0,100.0,0.0,100.0,0.0,100.0,0.0,100.0,0.0,76.0,24.0,100.0,0.0,100.0,0.0,98.0,4299.0,24.0,24.0,100.0,0.0,100.0,0.0,200.0,0.0,100.0,18587.0,100.0,38174135152.0,100.0,71435645298.0
2018-03-17,Z305D5PZ,ST4000DM000,4000787030016,0,108,19455200,91,0,100,12,100,0,89,900129724,79,18663,100,0,100,12,100.0,0.0,100.0,0.0,100.0,0.0,100.0,0.0,100.0,0.0,76.0,24.0,100.0,0.0,100.0,0.0,98.0,4299.0,24,24,100,0,100,0,200,0,100.0,18611.0,100.0,38184039016.0,100.0,71546345591.0
2018-03-18,Z305D5PZ,ST4000DM000,4000787030016,0,114,65029456,91,0,100,12,100,0,89,901162518,79,18687,100,0,100,12,100.0,0.0,100.0,0.0,100.0,0.0,100.0,0.0,100.0,0.0,76.0,24.0,100.0,0.0,100.0,0.0,98.0,4299.0,24,24,100,0,100,0,200,0,100.0,18635.0,100.0,38192636720.0,100.0,71687199676.0
2018-03-19,Z305D5PZ,ST4000DM000,4000787030016,0,108,19420808,91,0,100,12,100,0,89,902355131,79,18710,100,0,100,12,100.0,0.0,100.0,0.0,100.0,0.0,100.0,0.0,100.0,0.0,77.0,23.0,100.0,0.0,100.0,0.0,98.0,4299.0,23,23,100,0,100,0,200,0,100.0,18659.0,100.0,38202469528.0,100.0,71812820496.0
2018-03-20,Z305D5PZ,ST4000DM000,4000787030016,0,117,136839264,91,0,100,12,100,0,89,904337705,79,18734,100,0,100,12,100.0,0.0,100.0,0.0,100.0,0.0,100.0,0.0,100.0,0.0,76.0,24.0,100.0,0.0,100.0,0.0,98.0,4299.0,24,24,100,0,100,0,200,0,100.0,18683.0,100.0,38213595208.0,100.0,71964079714.0
2018-03-21,Z305D5PZ,ST4000DM000,4000787030016,0,114,77998664,91,0,100,12,100,0,89,905415740,79,18759,100,0,100,12,100.0,0.0,100.0,0.0,100.0,0.0,100.0,0.0,100.0,0.0,76.0,24.0,100.0,0.0,100.0,0.0,98.0,4299.0,24,24,100,0,100,0,200,0,100.0,18707.0,100.0,38225724600.0,100.0,72088278707.0
2018-03-22,Z305D5PZ,ST4000DM000,4000787030016,0,102,5227560,91,0,100,12,100,0,89,907969036,79,18783,100,0,100,12,100.0,0.0,100.0,0.0,100.0,0.0,100.0,0.0,100.0,0.0,76.0,24.0,100.0,0.0,100.0,0.0,98.0,4299.0,24,24,100,0,100,0,200,0,100.0,18731.0,100.0,38246755608.0,100.0,72190715377.0
2018-03-23,Z305D5PZ,ST4000DM000,4000787030016,0,118,200489336,91,0,100,12,100,0,89,909907062,79,18807,100,0,100,12,100.0,0.0,100.0,0.0,100.0,0.0,100.0,0.0,100.0,0.0,76.0,24.0,100.0,0.0,100.0,0.0,98.0,4299.0,24,24,100,0,100,0,200,0,100.0,18755.0,100.0,38270508296.0,100.0,72284035099.0
2018-03-24,Z305D5PZ,ST4000DM000,4000787030016,0,117,167306632,91,0,100,12,100,0,89,910664707,79,18830,100,0,100,12,100.0,0.0,100.0,0.0,100.0,0.0,100.0,0.0,100.0,0.0,76.0,24.0,100.0,0.0,100.0,0.0,98.0,4299.0,24,24,100,0,100,0,200,0,100.0,18779.0,100.0,38291225776.0,100.0,72404636202.0
2018-03-25,Z305D5PZ,ST4000DM000,4000787030016,0,119,233181520,91,0,100,12,100,0,89,911348810,79,18855,100,0,100,12,100.0,0.0,100.0,0.0,100.0,0.0,100.0,0.0,100.0,0.0,76.0,24.0,100.0,0.0,100.0,0.0,98.0,4299.0,24,24,100,0,100,0,200,0,100.0,18803.0,100.0,38307362384.0,100.0,72544941640.0
2018-03-26,Z305D5PZ,ST4000DM000,4000787030016,0,117,127212200,91,0,100,12,100,0,89,911928815,79,18878,100,0,100,12,100.0,0.0,100.0,0.0,100.0,0.0,100.0,0.0,100.0,0.0,76.0,24.0,100.0,0.0,100.0,0.0,98.0,4299.0,24,24,100,0,100,0,200,0,100.0,18827.0,100.0,38321912304.0,100.0,72711263432.0
2018-03-27,Z305D5PZ,ST4000DM000,4000787030016,0,119,218484096,91,0,100,12,100,0,89,913347759,79,18902,100,0,100,12,100.0,0.0,100.0,0.0,100.0,0.0,100.0,0.0,100.0,0.0,77.0,23.0,100.0,0.0,100.0,0.0,98.0,4299.0,23,23,100,0,100,0,200,0,100.0,18851.0,100.0,38337179880.0,100.0,72918588251.0
2018-03-28,Z305D5PZ,ST4000DM000,4000787030016,0,118,178188328,91,0,100,12,100,0,89,913972979,79,18926,100,0,100,12,100.0,0.0,100.0,0.0,100.0,0.0,100.0,0.0,100.0,0.0,76.0,24.0,100.0,0.0,100.0,0.0,98.0,4299.0,24,24,100,0,100,0,200,0,100.0,18875.0,100.0,38350665576.0,100.0,73107722061.0
2018-03-29,Z305D5PZ,ST4000DM000,4000787030016,0,115,99767040,91,0,100,12,100,0,89,914820645,79,18950,100,0,100,12,100.0,0.0,100.0,0.0,100.0,0.0,100.0,0.0,100.0,0.0,75.0,25.0,100.0,0.0,100.0,0.0,98.0,4303.0,25,25,100,0,100,0,200,0,100.0,18899.0,100.0,38366096048.0,100.0,73255308151.0
2018-03-30,Z305D5PZ,ST4000DM000,4000787030016,0,119,219752288,91,0,100,12,100,0,89,915871663,79,18974,100,0,100,12,100.0,0.0,100.0,0.0,100.0,0.0,100.0,0.0,100.0,0.0,77.0,23.0,100.0,0.0,100.0,0.0,98.0,4303.0,23,23,100,0,100,0,200,0,100.0,18923.0,100.0,38385293928.0,100.0,73433316731.0
2018-03-31,Z305D5PZ,ST4000DM000,4000787030016,0,117,161151400,91,0,100,12,100,0,89,916358416,79,18998,100,0,100,12,100.0,0.0,100.0,0.0,100.0,0.0,100.0,0.0,100.0,0.0,76.0,24.0,100.0,0.0,100.0,0.0,98.0,4303.0,24,24,100,0,100,0,200,0,100.0,18947.0,100.0,38395685784.0,100.0,73605241870.0
2018-04-01,Z305D5PZ,ST4000DM000,4000787030016,0,117,165865936,91,0,100,12,100,0,89,916798715,79,19022,100,0,100,12,100.0,0.0,100.0,0.0,100.0,0.0,100.0,0.0,100.0,0.0,77.0,23.0,100.0,0.0,100.0,0.0,98.0,4303.0,23,23,100,0,100,0,200,0,100.0,18971.0,100.0,38410181128.0,100.0,73743188550.0
2018-04-02,Z305D5PZ,ST4000DM000,4000787030016,0,116,109037480,91,0,100,12,100,0,89,918570183,79,19046,100,0,100,12,100.0,0.0,100.0,0.0,100.0,0.0,100.0,0.0,100.0,0.0,76.0,24.0,100.0,0.0,100.0,0.0,98.0,4303.0,24,24,100,0,100,0,200,0,100.0,18995.0,100.0,38436040072.0,100.0,73952767364.0
2018-04-03,Z305D5PZ,ST4000DM000,4000787030016,0,119,225888536,91,0,100,12,100,0,89,920184746,79,19070,100,0,100,12,100.0,0.0,100.0,0.0,100.0,0.0,100.0,0.0,100.0,0.0,76.0,24.0,100.0,0.0,100.0,0.0,98.0,4303.0,24,24,100,0,100,0,200,0,100.0,19018.0,100.0,38451630984.0,100.0,74171861363.0
2018-04-04,Z305D5PZ,ST4000DM000,4000787030016,0,117,151093888,91,0,100,12,100,0,89,921135423,79,19095,100,0,100,12,100.0,0.0,100.0,0.0,100.0,0.0,100.0,0.0,100.0,0.0,76.0,24.0,100.0,0.0,100.0,0.0,98.0,4303.0,24,24,100,0,100,0,200,0,100.0,19043.0,100.0,38465511512.0,100.0,74332750014.0
2018-04-05,Z305D5PZ,ST4000DM000,4000787030016,0,111,40039576,91,0,100,12,100,0,89,922291722,79,19118,100,0,100,12,100.0,0.0,100.0,0.0,100.0,0.0,100.0,0.0,100.0,0.0,77.0,23.0,100.0,0.0,100.0,0.0,98.0,4303.0,23,23,100,0,100,0,200,0,100.0,19067.0,100.0,38489978288.0,100.0,74504261621.0
2018-04-06,Z305D5PZ,ST4000DM000,4000787030016,0,118,182591712,91,0,100,12,100,0,89,923904051,79,19142,100,0,100,12,100.0,0.0,100.0,0.0,100.0,0.0,100.0,0.0,100.0,0.0,78.0,22.0,100.0,0.0,100.0,0.0,98.0,4303.0,22,22,100,0,100,0,200,0,100.0,19091.0,100.0,38513130672.0,100.0,74646414967.0
2018-04-07,Z305D5PZ,ST4000DM000,4000787030016,0,119.0,227210000.0,91.0,0.0,100.0,12.0,100.0,0.0,89.0,925536060.0,79.0,19166.0,100.0,0.0,100.0,12.0,100.0,0.0,100.0,0.0,100.0,0.0,100.0,0.0,100.0,0.0,77.0,23.0,100.0,0.0,100.0,0.0,98.0,4303.0,23.0,23.0,100.0,0.0,100.0,0.0,200.0,0.0,100.0,19115.0,100.0,38528389400.0,100.0,74811180303.0
2018-04-08,Z305D5PZ,ST4000DM000,4000787030016,0,117,164165672,91,0,100,12,100,0,89,926693669,79,19190,100,0,100,12,100.0,0.0,100.0,0.0,100.0,0.0,100.0,0.0,100.0,0.0,77.0,23.0,100.0,0.0,100.0,0.0,98.0,4303.0,23,23,100,0,100,0,200,0,100.0,19139.0,100.0,38549023160.0,100.0,74996273792.0
2018-04-09,Z305D5PZ,ST4000DM000,4000787030016,0,114,81856112,91,0,100,12,100,0,89,928289726,79,19214,100,0,100,12,100.0,0.0,100.0,0.0,100.0,0.0,100.0,0.0,100.0,0.0,77.0,23.0,100.0,0.0,100.0,0.0,98.0,4303.0,23,23,100,0,100,0,200,0,100.0,19163.0,100.0,38569411360.0,100.0,75171547632.0
2018-04-10,Z305D5PZ,ST4000DM000,4000787030016,0,116,116047664,91,0,100,12,100,0,89,929967093,79,19238,100,0,100,12,100.0,0.0,100.0,0.0,100.0,0.0,100.0,0.0,100.0,0.0,77.0,23.0,100.0,0.0,100.0,0.0,98.0,4303.0,23,23,100,0,100,0,200,0,100.0,19187.0,100.0,38601708184.0,100.0,75310333211.0
2018-04-11,Z305D5PZ,ST4000DM000,4000787030016,0,112,49857288,91,0,100,12,100,0,89,930825727,79,19262,100,0,100,12,100.0,0.0,100.0,0.0,100.0,0.0,100.0,0.0,100.0,0.0,75.0,25.0,100.0,0.0,100.0,0.0,98.0,4303.0,25,25,100,0,100,0,200,0,100.0,19211.0,100.0,38621731456.0,100.0,75445599295.0
2018-04-12,Z305D5PZ,ST4000DM000,4000787030016,0,118,179242112,91,0,100,12,100,0,89,931815185,78,19286,100,0,100,12,100.0,0.0,100.0,0.0,100.0,0.0,100.0,0.0,100.0,0.0,75.0,25.0,100.0,0.0,100.0,0.0,98.0,4305.0,25,25,100,0,100,0,200,0,100.0,19235.0,100.0,38641199096.0,100.0,75572530463.0
2018-04-13,Z305D5PZ,ST4000DM000,4000787030016,0,116,105338680,91,0,100,12,100,0,89,932909898,78,19311,100,0,100,12,100.0,0.0,100.0,0.0,100.0,0.0,100.0,0.0,100.0,0.0,75.0,25.0,100.0,0.0,100.0,0.0,98.0,4305.0,25,25,100,0,100,0,200,0,100.0,19259.0,100.0,38652549160.0,100.0,75686453495.0
2018-04-14,Z305D5PZ,ST4000DM000,4000787030016,0,117,133136144,91,0,100,12,100,0,89,934022420,78,19335,100,0,100,12,100.0,0.0,100.0,0.0,100.0,0.0,100.0,0.0,100.0,0.0,75.0,25.0,100.0,0.0,100.0,0.0,98.0,4305.0,25,25,100,0,100,0,200,0,100.0,19283.0,100.0,38664372968.0,100.0,75867591270.0
2018-04-15,Z305D5PZ,ST4000DM000,4000787030016,0,117,155790912,91,0,100,12,100,0,89,935760995,78,19359,100,0,100,12,100.0,0.0,100.0,0.0,100.0,0.0,100.0,0.0,100.0,0.0,75.0,25.0,100.0,0.0,100.0,0.0,98.0,4305.0,25,25,100,0,100,0,200,0,100.0,19307.0,100.0,38678904376.0,100.0,76027777866.0
2018-04-16,Z305D5PZ,ST4000DM000,4000787030016,0,115,90657792,91,0,100,12,100,0,89,937333182,78,19382,100,0,100,12,100.0,0.0,100.0,0.0,100.0,0.0,100.0,0.0,100.0,0.0,74.0,26.0,100.0,0.0,100.0,0.0,98.0,4305.0,26,26,100,0,100,0,200,0,100.0,19331.0,100.0,38699195912.0,100.0,76154284139.0
2018-04-17,Z305D5PZ,ST4000DM000,4000787030016,0,115,91613064,91,0,100,12,100,0,89,938538279,78,19406,100,0,100,12,100.0,0.0,100.0,0.0,100.0,0.0,100.0,0.0,100.0,0.0,75.0,25.0,100.0,0.0,100.0,0.0,98.0,4305.0,25,25,100,0,100,0,200,0,100.0,19355.0,100.0,38717328192.0,100.0,76204717633.0
2018-04-18,Z305D5PZ,ST4000DM000,4000787030016,0,116,101793160,91,0,100,12,100,0,90,939754226,78,19431,100,0,100,12,100.0,0.0,100.0,0.0,100.0,0.0,100.0,0.0,100.0,0.0,75.0,25.0,100.0,0.0,100.0,0.0,98.0,4305.0,25,25,100,0,100,0,200,0,100.0,19379.0,100.0,38734672472.0,100.0,76345091360.0
2018-04-19,Z305D5PZ,ST4000DM000,4000787030016,0,108,14899032,91,0,100,12,100,0,90,940955674,78,19455,100,0,100,12,100.0,0.0,100.0,0.0,100.0,0.0,100.0,0.0,100.0,0.0,75.0,25.0,100.0,0.0,100.0,0.0,98.0,4305.0,25,25,100,0,100,0,200,0,100.0,19403.0,100.0,38751753936.0,100.0,76478781926.0
2018-04-20,Z305D5PZ,ST4000DM000,4000787030016,0,119,205606376,91,0,100,12,100,0,90,942270630,78,19479,100,0,100,12,100.0,0.0,100.0,0.0,100.0,0.0,100.0,0.0,100.0,0.0,77.0,23.0,100.0,0.0,100.0,0.0,98.0,4305.0,23,23,100,0,100,0,200,0,100.0,19427.0,100.0,38769144392.0,100.0,76581135614.0
2018-04-21,Z305D5PZ,ST4000DM000,4000787030016,0,117,141848904,91,0,100,12,100,0,90,942934743,78,19502,100,0,100,12,100.0,0.0,100.0,0.0,100.0,0.0,100.0,0.0,100.0,0.0,78.0,22.0,100.0,0.0,100.0,0.0,98.0,4305.0,22,22,100,0,100,0,200,0,100.0,19451.0,100.0,38786945256.0,100.0,76667429200.0
2018-04-22,Z305D5PZ,ST4000DM000,4000787030016,0,118,189015288,91,0,100,12,100,0,90,943928874,78,19527,100,0,100,12,100.0,0.0,100.0,0.0,100.0,0.0,100.0,0.0,100.0,0.0,78.0,22.0,100.0,0.0,100.0,0.0,98.0,4305.0,22,22,100,0,100,0,200,0,100.0,19475.0,100.0,38802695880.0,100.0,76791313487.0
2018-04-23,Z305D5PZ,ST4000DM000,4000787030016,0,109,22770360,91,0,100,12,100,0,90,944814864,78,19551,100,0,100,12,100.0,0.0,100.0,0.0,100.0,0.0,100.0,0.0,100.0,0.0,78.0,22.0,100.0,0.0,100.0,0.0,98.0,4305.0,22,22,100,0,100,0,200,0,100.0,19499.0,100.0,38813612480.0,100.0,76902335270.0
2018-04-24,Z305D5PZ,ST4000DM000,4000787030016,0,118,181034912,91,0,100,12,100,0,90,946147216,78,19575,100,0,100,12,100.0,0.0,100.0,0.0,100.0,0.0,100.0,0.0,100.0,0.0,76.0,24.0,100.0,0.0,100.0,0.0,98.0,4305.0,24,24,100,0,100,0,200,0,100.0,19523.0,100.0,38836664536.0,100.0,76979979469.0
2018-04-25,Z305D5PZ,ST4000DM000,4000787030016,0,119,209295536,91,0,100,12,100,0,90,947148485,78,19598,100,0,100,12,100.0,0.0,100.0,0.0,100.0,0.0,100.0,0.0,100.0,0.0,77.0,23.0,100.0,0.0,100.0,0.0,98.0,4305.0,23,23,100,0,100,0,200,0,100.0,19547.0,100.0,38858818432.0,100.0,77102929853.0
2018-04-26,Z305D5PZ,ST4000DM000,4000787030016,0,114,60929480,91,0,100,12,100,0,90,948316172,78,19623,100,0,100,12,100.0,0.0,100.0,0.0,100.0,0.0,100.0,0.0,100.0,0.0,77.0,23.0,100.0,0.0,100.0,0.0,98.0,4305.0,23,23,100,0,100,0,200,0,100.0,19571.0,100.0,38888850984.0,100.0,77232081885.0
2018-04-27,Z305D5PZ,ST4000DM000,4000787030016,0,114,60747152,91,0,100,12,100,0,90,949472728,78,19640,100,0,100,12,100.0,0.0,100.0,0.0,100.0,0.0,100.0,0.0,100.0,0.0,78.0,22.0,100.0,0.0,100.0,0.0,98.0,4308.0,22,22,100,0,100,0,200,0,100.0,19588.0,100.0,38904941200.0,100.0,77296284791.0
2018-04-28,Z305D5PZ,ST4000DM000,4000787030016,0,117,130410888,91,0,100,12,100,0,90,951376378,78,19664,100,0,100,12,100.0,0.0,100.0,0.0,100.0,0.0,100.0,0.0,100.0,0.0,78.0,22.0,100.0,0.0,100.0,0.0,98.0,4308.0,22,22,100,0,100,0,200,0,100.0,19612.0,100.0,38934252040.0,100.0,77416527401.0
2018-04-29,Z305D5PZ,ST4000DM000,4000787030016,0,119,202396024,91,0,100,12,100,0,90,952285271,78,19687,100,0,100,12,100.0,0.0,100.0,0.0,100.0,0.0,100.0,0.0,100.0,0.0,78.0,22.0,100.0,0.0,100.0,0.0,98.0,4308.0,22,22,100,0,100,0,200,0,100.0,19636.0,100.0,38948032776.0,100.0,77538586361.0
2018-04-30,Z305D5PZ,ST4000DM000,4000787030016,0,116,103900568,91,0,100,12,100,0,90,953840573,78,19712,100,0,100,12,100.0,0.0,100.0,0.0,100.0,0.0,100.0,0.0,100.0,0.0,78.0,22.0,100.0,0.0,100.0,0.0,98.0,4308.0,22,22,100,0,100,0,200,0,100.0,19660.0,100.0,38959078720.0,100.0,77717038848.0
2018-05-01,Z305D5PZ,ST4000DM000,4000787030016,0,117,154361464,91,0,100,12,100,0,90,955434513,78,19736,100,0,100,12,100.0,0.0,100.0,0.0,100.0,0.0,100.0,0.0,100.0,0.0,78.0,22.0,100.0,0.0,100.0,0.0,98.0,4308.0,22,22,100,0,100,0,200,0,100.0,19684.0,100.0,38976112440.0,100.0,77858562330.0
2018-05-02,Z305D5PZ,ST4000DM000,4000787030016,0,117.0,126204168.0,91.0,0.0,100.0,12.0,100.0,0.0,90.0,956500407.0,78.0,19760.0,100.0,0.0,100.0,12.0,100.0,0.0,100.0,0.0,100.0,0.0,100.0,0.0,100.0,0.0,79.0,21.0,100.0,0.0,100.0,0.0,98.0,4308.0,21.0,21.0,100.0,0.0,100.0,0.0,200.0,0.0,100.0,19708.0,100.0,38997724232.0,100.0,77954743495.0
2018-05-03,Z305D5PZ,ST4000DM000,4000787030016,0,114,78585408,91,0,100,12,100,0,90,957198541,78,19790,100,0,100,12,100.0,0.0,100.0,0.0,100.0,0.0,100.0,0.0,100.0,0.0,77.0,23.0,100.0,0.0,100.0,0.0,98.0,4311.0,23,23,100,0,100,0,200,0,100.0,19739.0,100.0,39015598184.0,100.0,78017807157.0
2018-05-04,Z305D5PZ,ST4000DM000,4000787030016,0,114,63880928,91,0,100,12,100,0,90,958708264,78,19815,100,0,100,12,100.0,0.0,100.0,0.0,100.0,0.0,100.0,0.0,100.0,0.0,78.0,22.0,100.0,0.0,100.0,0.0,98.0,4311.0,22,22,100,0,100,0,200,0,100.0,19763.0,100.0,39044648752.0,100.0,78124261246.0
2018-05-05,Z305D5PZ,ST4000DM000,4000787030016,0,118,191399960,91,0,100,12,100,0,90,959176769,78,19839,100,0,100,12,100.0,0.0,100.0,0.0,100.0,0.0,100.0,0.0,100.0,0.0,77.0,23.0,100.0,0.0,100.0,0.0,98.0,4311.0,23,23,100,0,100,0,200,0,100.0,19787.0,100.0,39065051456.0,100.0,78156871181.0
2018-05-06,Z305D5PZ,ST4000DM000,4000787030016,0,107,14297048,91,0,100,12,100,0,90,960232896,78,19863,100,0,100,12,100.0,0.0,100.0,0.0,100.0,0.0,100.0,0.0,100.0,0.0,77.0,23.0,100.0,0.0,100.0,0.0,98.0,4311.0,23,23,100,0,100,0,200,0,100.0,19811.0,100.0,39077495624.0,100.0,78296483876.0
2018-05-07,Z305D5PZ,ST4000DM000,4000787030016,0,100,2921696,91,0,100,12,100,0,90,961615023,78,19886,100,0,100,12,100.0,0.0,100.0,0.0,100.0,0.0,100.0,0.0,100.0,0.0,77.0,23.0,100.0,0.0,100.0,0.0,98.0,4311.0,23,23,100,0,100,0,200,0,100.0,19835.0,100.0,39097710968.0,100.0,78446904890.0
2018-05-08,Z305D5PZ,ST4000DM000,4000787030016,0,118,168446128,91,0,100,12,100,0,90,963390955,78,19911,100,0,100,12,100.0,0.0,100.0,0.0,100.0,0.0,100.0,0.0,100.0,0.0,77.0,23.0,100.0,0.0,100.0,0.0,98.0,4311.0,23,23,100,0,100,0,200,0,100.0,19859.0,100.0,39112868920.0,100.0,78596031717.0
2018-05-09,Z305D5PZ,ST4000DM000,4000787030016,0,114,59938520,91,0,100,12,100,0,90,965196643,78,19935,100,0,100,12,100.0,0.0,100.0,0.0,100.0,0.0,100.0,0.0,100.0,0.0,78.0,22.0,100.0,0.0,100.0,0.0,98.0,4311.0,22,22,100,0,100,0,200,0,100.0,19883.0,100.0,39131062816.0,100.0,78688858376.0
2018-05-10,Z305D5PZ,ST4000DM000,4000787030016,0,118,172605112,91,0,100,12,100,0,90,966383052,78,19959,100,0,100,12,100.0,0.0,100.0,0.0,100.0,0.0,100.0,0.0,100.0,0.0,78.0,22.0,100.0,0.0,100.0,0.0,98.0,4314.0,22,22,100,0,100,0,200,0,100.0,19908.0,100.0,39152199936.0,100.0,78807023343.0
2018-05-11,Z305D5PZ,ST4000DM000,4000787030016,0,118,176580904,91,0,100,12,100,0,90,967231069,78,19976,100,0,100,12,100.0,0.0,100.0,0.0,100.0,0.0,100.0,0.0,100.0,0.0,78.0,22.0,100.0,0.0,100.0,0.0,98.0,4314.0,22,22,100,0,100,0,200,0,100.0,19924.0,100.0,39162747160.0,100.0,78874367814.0
2018-05-12,Z305D5PZ,ST4000DM000,4000787030016,0,115,89523704,91,0,100,12,100,0,90,968011501,78,20000,100,0,100,12,100.0,0.0,100.0,0.0,100.0,0.0,100.0,0.0,100.0,0.0,78.0,22.0,100.0,0.0,100.0,0.0,98.0,4314.0,22,22,100,0,100,0,200,0,100.0,19948.0,100.0,39177851664.0,100.0,78946316597.0
2018-05-13,Z305D5PZ,ST4000DM000,4000787030016,0,120,243021880,91,0,100,12,100,0,90,969130868,78,20024,100,0,100,12,100.0,0.0,100.0,0.0,100.0,0.0,100.0,0.0,100.0,0.0,79.0,21.0,100.0,0.0,100.0,0.0,98.0,4314.0,21,21,100,0,100,0,200,0,100.0,19972.0,100.0,39199017624.0,100.0,79068006254.0
2018-05-14,Z305D5PZ,ST4000DM000,4000787030016,0,119,234574096,91,0,100,12,100,0,90,969965052,78,20048,100,0,100,12,100.0,0.0,100.0,0.0,100.0,0.0,100.0,0.0,100.0,0.0,78.0,22.0,100.0,0.0,100.0,0.0,98.0,4314.0,22,22,100,0,100,0,200,0,100.0,19996.0,100.0,39217060648.0,100.0,79153936842.0
2018-05-15,Z305D5PZ,ST4000DM000,4000787030016,0,116.0,113580360.0,91.0,0.0,100.0,12.0,100.0,0.0,90.0,971708113.0,78.0,20072.0,100.0,0.0,100.0,12.0,100.0,0.0,100.0,0.0,100.0,0.0,100.0,0.0,100.0,0.0,78.0,22.0,100.0,0.0,100.0,0.0,98.0,4314.0,22.0,22.0,100.0,0.0,100.0,0.0,200.0,0.0,100.0,20020.0,100.0,39236490840.0,100.0,79272712884.0
2018-05-16,Z305D5PZ,ST4000DM000,4000787030016,0,120,1314352,91,0,100,12,100,0,90,972690580,78,20096,100,0,100,12,100.0,0.0,100.0,0.0,100.0,0.0,100.0,0.0,100.0,0.0,78.0,22.0,100.0,0.0,100.0,0.0,98.0,4314.0,22,22,100,0,100,0,200,0,100.0,20044.0,100.0,39250416040.0,100.0,79365157263.0
2018-05-17,Z305D5PZ,ST4000DM000,4000787030016,0,117,138410400,91,0,100,12,100,0,90,973787816,78,20127,100,0,100,12,100.0,0.0,100.0,0.0,100.0,0.0,100.0,0.0,100.0,0.0,77.0,23.0,100.0,0.0,100.0,0.0,98.0,4316.0,23,23,100,0,100,0,200,0,100.0,20075.0,100.0,39275608648.0,100.0,79466942845.0
2018-05-18,Z305D5PZ,ST4000DM000,4000787030016,0,102,3804712,91,0,100,12,100,0,90,975121273,77,20151,100,0,100,12,100.0,0.0,100.0,0.0,100.0,0.0,100.0,0.0,100.0,0.0,78.0,22.0,100.0,0.0,100.0,0.0,98.0,4316.0,22,22,100,0,100,0,200,0,100.0,20099.0,100.0,39290852072.0,100.0,79568542482.0
2018-05-19,Z305D5PZ,ST4000DM000,4000787030016,0,118,200250816,91,0,100,12,100,0,90,975675151,77,20175,100,0,100,12,100.0,0.0,100.0,0.0,100.0,0.0,100.0,0.0,100.0,0.0,78.0,22.0,100.0,0.0,100.0,0.0,98.0,4316.0,22,22,100,0,100,0,200,0,100.0,20123.0,100.0,39303075824.0,100.0,79624836352.0
2018-05-20,Z305D5PZ,ST4000DM000,4000787030016,0,117,127655544,91,0,100,12,100,0,90,976694154,77,20199,100,0,100,12,100.0,0.0,100.0,0.0,100.0,0.0,100.0,0.0,100.0,0.0,78.0,22.0,100.0,0.0,100.0,0.0,98.0,4316.0,22,22,100,0,100,0,200,0,100.0,20147.0,100.0,39316240848.0,100.0,79744481424.0
2018-05-21,Z305D5PZ,ST4000DM000,4000787030016,0,105,8651744,91,0,100,12,100,0,90,977812211,77,20223,100,0,100,12,100.0,0.0,100.0,0.0,100.0,0.0,100.0,0.0,100.0,0.0,78.0,22.0,100.0,0.0,100.0,0.0,98.0,4316.0,22,22,100,0,100,0,200,0,100.0,20171.0,100.0,39329053392.0,100.0,79878139363.0
2018-05-22,Z305D5PZ,ST4000DM000,4000787030016,0,117,153136368,91,0,100,12,100,0,90,979742214,77,20247,100,0,100,12,100.0,0.0,100.0,0.0,100.0,0.0,100.0,0.0,100.0,0.0,78.0,22.0,100.0,0.0,100.0,0.0,98.0,4316.0,22,22,100,0,100,0,200,0,100.0,20195.0,100.0,39342978136.0,100.0,80007546464.0
2018-05-23,Z305D5PZ,ST4000DM000,4000787030016,0,118,191012368,91,0,100,12,100,0,90,981871802,77,20270,100,0,100,12,100.0,0.0,100.0,0.0,100.0,0.0,100.0,0.0,100.0,0.0,78.0,22.0,100.0,0.0,100.0,0.0,98.0,4316.0,22,22,100,0,100,0,200,0,100.0,20218.0,100.0,39353781464.0,100.0,80140945733.0
2018-05-24,Z305D5PZ,ST4000DM000,4000787030016,0,118,200434320,91,0,100,12,100,0,90,983239273,77,20295,100,0,100,12,100.0,0.0,100.0,0.0,100.0,0.0,100.0,0.0,100.0,0.0,78.0,22.0,100.0,0.0,100.0,0.0,98.0,4316.0,22,22,100,0,100,0,200,0,100.0,20243.0,100.0,39368641472.0,100.0,80225995742.0
2018-05-25,Z305D5PZ,ST4000DM000,4000787030016,0,113,54011904,91,0,100,12,100,0,90,984918314,77,20319,100,0,100,12,100.0,0.0,100.0,0.0,100.0,0.0,100.0,0.0,100.0,0.0,78.0,22.0,100.0,0.0,100.0,0.0,98.0,4316.0,22,22,100,0,100,0,200,0,100.0,20267.0,100.0,39383787464.0,100.0,80307019538.0
2018-05-26,Z305D5PZ,ST4000DM000,4000787030016,0,117,123355448,91,0,100,12,100,0,90,985595453,77,20343,100,0,100,12,100.0,0.0,100.0,0.0,100.0,0.0,100.0,0.0,100.0,0.0,78.0,22.0,100.0,0.0,100.0,0.0,98.0,4317.0,22,22,100,0,100,0,200,0,100.0,20291.0,100.0,39397813432.0,100.0,80415655655.0
2018-05-27,Z305D5PZ,ST4000DM000,4000787030016,0,117,159402344,91,0,100,12,100,0,90,986153987,77,20362,100,0,100,12,100.0,0.0,100.0,0.0,100.0,0.0,100.0,0.0,100.0,0.0,78.0,22.0,100.0,0.0,100.0,0.0,98.0,4320.0,22,22,100,0,100,0,200,0,100.0,20310.0,100.0,39408293608.0,100.0,80518099885.0
2018-05-28,Z305D5PZ,ST4000DM000,4000787030016,0,117,156542664,91,0,100,12,100,0,90,986908237,77,20386,100,0,100,12,100.0,0.0,100.0,0.0,100.0,0.0,100.0,0.0,100.0,0.0,79.0,21.0,100.0,0.0,100.0,0.0,98.0,4320.0,21,21,100,0,100,0,200,0,100.0,20334.0,100.0,39422259976.0,100.0,80650917633.0
2018-05-29,Z305D5PZ,ST4000DM000,4000787030016,0,119,206152488,91,0,100,12,100,0,90,988524435,77,20410,100,0,100,12,100.0,0.0,100.0,0.0,100.0,0.0,100.0,0.0,100.0,0.0,78.0,22.0,100.0,0.0,100.0,0.0,98.0,4320.0,22,22,100,0,100,0,200,0,100.0,20357.0,100.0,39441913544.0,100.0,80806706370.0
2018-05-30,Z305D5PZ,ST4000DM000,4000787030016,0,111,31201840,91,0,100,12,100,0,90,989195008,77,20434,100,0,100,12,100.0,0.0,100.0,0.0,100.0,0.0,100.0,0.0,100.0,0.0,78.0,22.0,100.0,0.0,100.0,0.0,98.0,4320.0,22,22,100,0,100,0,200,0,100.0,20381.0,100.0,39456885104.0,100.0,80908586892.0
2018-05-31,Z305D5PZ,ST4000DM000,4000787030016,0,117,167273376,91,0,100,12,100,0,90,989866431,77,20457,100,0,100,12,100.0,0.0,100.0,0.0,100.0,0.0,100.0,0.0,100.0,0.0,78.0,22.0,100.0,0.0,100.0,0.0,98.0,4320.0,22,22,100,0,100,0,200,0,100.0,20405.0,100.0,39473261944.0,100.0,81060488485.0
2018-06-01,Z305D5PZ,ST4000DM000,4000787030016,0,119,202291232,91,0,100,12,100,0,90,992105256,77,20481,100,0,100,12,100.0,0.0,100.0,0.0,100.0,0.0,100.0,0.0,100.0,0.0,78.0,22.0,100.0,0.0,100.0,0.0,98.0,4322.0,22,22,100,0,100,0,200,0,100.0,20429.0,100.0,39498833496.0,100.0,81199886145.0
2018-06-02,Z305D5PZ,ST4000DM000,4000787030016,0,120,236003688,91,0,100,12,100,0,90,992925275,77,20506,100,0,100,12,100.0,0.0,100.0,0.0,100.0,0.0,100.0,0.0,100.0,0.0,78.0,22.0,100.0,0.0,100.0,0.0,98.0,4322.0,22,22,100,0,100,0,200,0,100.0,20453.0,100.0,39530902080.0,100.0,81380839741.0
2018-06-03,Z305D5PZ,ST4000DM000,4000787030016,0,114,68518160,91,0,100,12,100,0,90,993784365,77,20530,100,0,100,12,100.0,0.0,100.0,0.0,100.0,0.0,100.0,0.0,100.0,0.0,78.0,22.0,100.0,0.0,100.0,0.0,98.0,4322.0,22,22,100,0,100,0,200,0,100.0,20477.0,100.0,39559999608.0,100.0,81575411198.0
2018-06-04,Z305D5PZ,ST4000DM000,4000787030016,0,116,117331168,91,0,100,12,100,0,90,994484906,77,20553,100,0,100,12,100.0,0.0,100.0,0.0,100.0,0.0,100.0,0.0,100.0,0.0,78.0,22.0,100.0,0.0,100.0,0.0,98.0,4322.0,22,22,100,0,100,0,200,0,100.0,20501.0,100.0,39586667800.0,100.0,81737371881.0
2018-06-05,Z305D5PZ,ST4000DM000,4000787030016,0,111,35706504,91,0,100,12,100,0,90,996151303,77,20577,100,0,100,12,100.0,0.0,100.0,0.0,100.0,0.0,100.0,0.0,100.0,0.0,78.0,22.0,100.0,0.0,100.0,0.0,98.0,4322.0,22,22,100,0,100,0,200,0,100.0,20525.0,100.0,39627753984.0,100.0,81949210523.0
2018-06-06,Z305D5PZ,ST4000DM000,4000787030016,0,117,139895136,91,0,100,12,100,0,90,996738428,77,20601,100,0,100,12,100.0,0.0,100.0,0.0,100.0,0.0,100.0,0.0,100.0,0.0,78.0,22.0,100.0,0.0,100.0,0.0,98.0,4322.0,22,22,100,0,100,0,200,0,100.0,20549.0,100.0,39651250256.0,100.0,82100521079.0
2018-06-07,Z305D5PZ,ST4000DM000,4000787030016,0,115,88710632,91,0,100,12,100,0,90,997278779,77,20626,100,0,100,12,100.0,0.0,100.0,0.0,100.0,0.0,100.0,0.0,100.0,0.0,78.0,22.0,100.0,0.0,100.0,0.0,98.0,4322.0,22,22,100,0,100,0,200,0,100.0,20573.0,100.0,39663328664.0,100.0,82288411385.0
2018-06-08,Z305D5PZ,ST4000DM000,4000787030016,0,116,108338384,91,0,100,12,100,0,90,998594571,77,20650,100,0,100,12,100.0,0.0,100.0,0.0,100.0,0.0,100.0,0.0,100.0,0.0,78.0,22.0,100.0,0.0,100.0,0.0,98.0,4322.0,22,22,100,0,100,0,200,0,100.0,20597.0,100.0,39679257304.0,100.0,82448558605.0
2018-06-09,Z305D5PZ,ST4000DM000,4000787030016,0,114,70415584,91,0,100,12,100,0,90,999598056,77,20674,100,0,100,12,100.0,0.0,100.0,0.0,100.0,0.0,100.0,0.0,100.0,0.0,78.0,22.0,100.0,0.0,100.0,0.0,98.0,4322.0,22,22,100,0,100,0,200,0,100.0,20621.0,100.0,39694888488.0,100.0,82619792888.0
2018-06-10,Z305D5PZ,ST4000DM000,4000787030016,0,119,227963840,91,0,100,12,100,0,90,623440,77,20698,100,0,100,12,100.0,0.0,100.0,0.0,100.0,0.0,100.0,0.0,100.0,0.0,78.0,22.0,100.0,0.0,100.0,0.0,98.0,4322.0,22,22,100,0,100,0,200,0,100.0,20645.0,100.0,39712848000.0,100.0,82787259163.0
2018-06-11,Z305D5PZ,ST4000DM000,4000787030016,0,118,186691520,91,0,100,12,100,0,63,1859808,77,20721,100,0,100,12,100.0,0.0,100.0,0.0,100.0,0.0,100.0,0.0,100.0,0.0,79.0,21.0,100.0,0.0,100.0,0.0,98.0,4322.0,21,21,100,0,100,0,200,0,100.0,20669.0,100.0,39736651568.0,100.0,82949242087.0
2018-06-12,Z305D5PZ,ST4000DM000,4000787030016,0,116,102461720,91,0,100,12,100,0,66,4208415,77,20745,100,0,100,12,100.0,0.0,100.0,0.0,100.0,0.0,100.0,0.0,100.0,0.0,78.0,22.0,100.0,0.0,100.0,0.0,98.0,4322.0,22,22,100,0,100,0,200,0,100.0,20693.0,100.0,39761763456.0,100.0,83152343173.0
2018-06-13,Z305D5PZ,ST4000DM000,4000787030016,0,111,38182040,91,0,100,12,100,0,68,6446527,77,20769,100,0,100,12,100.0,0.0,100.0,0.0,100.0,0.0,100.0,0.0,100.0,0.0,79.0,21.0,100.0,0.0,100.0,0.0,98.0,4322.0,21,21,100,0,100,0,200,0,100.0,20717.0,100.0,39773137728.0,100.0,83334308161.0
2018-06-14,Z305D5PZ,ST4000DM000,4000787030016,0,119,220468040,91,0,100,12,100,0,69,7540633,77,20794,100,0,100,12,100.0,0.0,100.0,0.0,100.0,0.0,100.0,0.0,100.0,0.0,78.0,22.0,100.0,0.0,100.0,0.0,98.0,4322.0,22,22,100,0,100,0,200,0,100.0,20741.0,100.0,39791194776.0,100.0,83475563225.0
2018-06-15,Z305D5PZ,ST4000DM000,4000787030016,0,119.0,233810144.0,91.0,0.0,100.0,12.0,100.0,0.0,69.0,9016046.0,77.0,20816.0,100.0,0.0,100.0,12.0,100.0,0.0,100.0,0.0,100.0,0.0,100.0,0.0,100.0,0.0,78.0,22.0,100.0,0.0,100.0,0.0,98.0,4325.0,22.0,22.0,100.0,0.0,100.0,0.0,200.0,0.0,100.0,20764.0,100.0,39805759216.0,100.0,83604771056.0
2018-06-16,Z305D5PZ,ST4000DM000,4000787030016,0,119.0,213339360.0,91.0,0.0,100.0,12.0,100.0,0.0,69.0,9879207.0,77.0,20841.0,100.0,0.0,100.0,12.0,100.0,0.0,100.0,0.0,100.0,0.0,100.0,0.0,100.0,0.0,77.0,23.0,100.0,0.0,100.0,0.0,98.0,4325.0,23.0,23.0,100.0,0.0,100.0,0.0,200.0,0.0,100.0,20788.0,100.0,39821564776.0,100.0,83738426587.0
2018-06-17,Z305D5PZ,ST4000DM000,4000787030016,0,116.0,109955488.0,91.0,0.0,100.0,12.0,100.0,0.0,70.0,10646929.0,77.0,20864.0,100.0,0.0,100.0,12.0,100.0,0.0,100.0,0.0,100.0,0.0,100.0,0.0,100.0,0.0,78.0,22.0,100.0,0.0,100.0,0.0,98.0,4325.0,22.0,22.0,100.0,0.0,100.0,0.0,200.0,0.0,100.0,20812.0,100.0,39833010240.0,100.0,83868010031.0
2018-06-18,Z305D5PZ,ST4000DM000,4000787030016,0,116.0,103337824.0,91.0,0.0,100.0,12.0,100.0,0.0,70.0,11617051.0,77.0,20888.0,100.0,0.0,100.0,12.0,100.0,0.0,100.0,0.0,100.0,0.0,100.0,0.0,100.0,0.0,79.0,21.0,100.0,0.0,100.0,0.0,98.0,4325.0,21.0,21.0,100.0,0.0,100.0,0.0,200.0,0.0,100.0,20836.0,100.0,39845066280.0,100.0,84016957366.0
2018-06-19,Z305D5PZ,ST4000DM000,4000787030016,0,118,194860752,91,0,100,12,100,0,71,13470349,77,20912,100,0,100,12,100.0,0.0,100.0,0.0,100.0,0.0,100.0,0.0,100.0,0.0,79.0,21.0,100.0,0.0,100.0,0.0,98.0,4325.0,21,21,100,0,100,0,200,0,100.0,20860.0,100.0,39863987200.0,100.0,84190565353.0
2018-06-20,Z305D5PZ,ST4000DM000,4000787030016,0,114,78312120,91,0,100,12,100,0,71,14557559,77,20936,100,0,100,12,100.0,0.0,100.0,0.0,100.0,0.0,100.0,0.0,100.0,0.0,79.0,21.0,100.0,0.0,100.0,0.0,98.0,4325.0,21,21,100,0,100,0,200,0,100.0,20884.0,100.0,39878514952.0,100.0,84322017561.0
2018-06-21,Z305D5PZ,ST4000DM000,4000787030016,0,119,218983072,91,0,100,12,100,0,72,15071316,77,20961,100,0,100,12,100.0,0.0,100.0,0.0,100.0,0.0,100.0,0.0,100.0,0.0,79.0,21.0,100.0,0.0,100.0,0.0,98.0,4325.0,21,21,100,0,100,0,200,0,100.0,20908.0,100.0,39889489120.0,100.0,84378043785.0
2018-06-22,Z305D5PZ,ST4000DM000,4000787030016,0,117,117806480,91,0,100,12,100,0,72,16604625,77,20984,100,0,100,12,100.0,0.0,100.0,0.0,100.0,0.0,100.0,0.0,100.0,0.0,79.0,21.0,100.0,0.0,100.0,0.0,98.0,4325.0,21,21,100,0,100,0,200,0,100.0,20932.0,100.0,39916997488.0,100.0,84468564198.0
2018-06-23,Z305D5PZ,ST4000DM000,4000787030016,0,118,173807128,91,0,100,12,100,0,72,17870483,77,21008,100,0,100,12,100.0,0.0,100.0,0.0,100.0,0.0,100.0,0.0,100.0,0.0,79.0,21.0,100.0,0.0,100.0,0.0,98.0,4325.0,21,21,100,0,100,0,200,0,100.0,20956.0,100.0,39944963176.0,100.0,84623502991.0
2018-06-24,Z305D5PZ,ST4000DM000,4000787030016,0,118,198131232,91,0,100,12,100,0,72,18691668,76,21032,100,0,100,12,100.0,0.0,100.0,0.0,100.0,0.0,100.0,0.0,100.0,0.0,79.0,21.0,100.0,0.0,100.0,0.0,98.0,4325.0,21,21,100,0,100,0,200,0,100.0,20979.0,100.0,39960040056.0,100.0,84732159061.0
2018-06-25,Z305D5PZ,ST4000DM000,4000787030016,0,120,237438104,91,0,100,12,100,0,72,19304623,76,21057,100,0,100,12,100.0,0.0,100.0,0.0,100.0,0.0,100.0,0.0,100.0,0.0,79.0,21.0,100.0,0.0,100.0,0.0,98.0,4325.0,21,21,100,0,100,0,200,0,100.0,21004.0,100.0,39972935440.0,100.0,84819729267.0
2018-06-26,Z305D5PZ,ST4000DM000,4000787030016,0,118,184709648,91,0,100,12,100,0,73,21036720,76,21081,100,0,100,12,100.0,0.0,100.0,0.0,100.0,0.0,100.0,0.0,100.0,0.0,78.0,22.0,100.0,0.0,100.0,0.0,98.0,4325.0,22,22,100,0,100,0,200,0,100.0,21028.0,100.0,39994748464.0,100.0,84955077752.0
2018-06-27,Z305D5PZ,ST4000DM000,4000787030016,0,116,103931504,91,0,100,12,100,0,73,23280186,76,21104,100,0,100,12,100.0,0.0,100.0,0.0,100.0,0.0,100.0,0.0,100.0,0.0,78.0,22.0,100.0,0.0,100.0,0.0,98.0,4325.0,22,22,100,0,100,0,200,0,100.0,21052.0,100.0,40016452536.0,100.0,85081921620.0
2018-06-28,Z305D5PZ,ST4000DM000,4000787030016,0,112,44956440,91,0,100,12,100,0,73,23862322,76,21129,100,0,100,12,100.0,0.0,100.0,0.0,100.0,0.0,100.0,0.0,100.0,0.0,78.0,22.0,100.0,0.0,100.0,0.0,98.0,4325.0,22,22,100,0,100,0,200,0,100.0,21076.0,100.0,40032765416.0,100.0,85152222715.0
2018-06-29,Z305D5PZ,ST4000DM000,4000787030016,0,118,179198192,91,0,100,12,100,0,74,25424660,76,21153,100,0,100,12,100.0,0.0,100.0,0.0,100.0,0.0,100.0,0.0,100.0,0.0,79.0,21.0,100.0,0.0,100.0,0.0,98.0,4325.0,21,21,100,0,100,0,200,0,100.0,21100.0,100.0,40054093504.0,100.0,85268010471.0
2018-06-30,Z305D5PZ,ST4000DM000,4000787030016,0,115,88265816,91,0,100,12,100,0,74,26535155,76,21180,100,0,100,12,100.0,0.0,100.0,0.0,100.0,0.0,100.0,0.0,100.0,0.0,79.0,21.0,100.0,0.0,100.0,0.0,98.0,4329.0,21,21,100,0,100,0,200,0,100.0,21127.0,100.0,40076793448.0,100.0,85423403654.0
2018-07-01,Z305D5PZ,ST4000DM000,4000787030016,0,110,27960784,91,0,100,12,100,0,74,27529959,76,21204,100,0,100,12,100.0,0.0,100.0,0.0,100.0,0.0,100.0,0.0,100.0,0.0,78.0,22.0,100.0,0.0,100.0,0.0,98.0,4329.0,22,22,100,0,100,0,200,0,100.0,21152.0,100.0,40106742008.0,100.0,85567522899.0
2018-07-02,Z305D5PZ,ST4000DM000,4000787030016,0,115,85476464,91,0,100,12,100,0,74,28591269,76,21228,100,0,100,12,100.0,0.0,100.0,0.0,100.0,0.0,100.0,0.0,100.0,0.0,78.0,22.0,100.0,0.0,100.0,0.0,98.0,4329.0,22,22,100,0,100,0,200,0,100.0,21176.0,100.0,40138689088.0,100.0,85678746327.0
2018-07-03,Z305D5PZ,ST4000DM000,4000787030016,0,118,170985856,91,0,100,12,100,0,75,30849632,76,21252,100,0,100,12,100.0,0.0,100.0,0.0,100.0,0.0,100.0,0.0,100.0,0.0,78.0,22.0,100.0,0.0,100.0,0.0,98.0,4329.0,22,22,100,0,100,0,200,0,100.0,21200.0,100.0,40159384296.0,100.0,85861986839.0
2018-07-04,Z305D5PZ,ST4000DM000,4000787030016,0,117,126724584,91,0,100,12,100,0,75,31672691,76,21276,100,0,100,12,100.0,0.0,100.0,0.0,100.0,0.0,100.0,0.0,100.0,0.0,78.0,22.0,100.0,0.0,100.0,0.0,98.0,4329.0,22,22,100,0,100,0,200,0,100.0,21223.0,100.0,40167621264.0,100.0,85977742282.0
2018-07-05,Z305D5PZ,ST4000DM000,4000787030016,0,111,37103192,91,0,100,12,100,0,75,32317875,76,21300,100,0,100,12,100.0,0.0,100.0,0.0,100.0,0.0,100.0,0.0,100.0,0.0,79.0,21.0,100.0,0.0,100.0,0.0,98.0,4329.0,21,21,100,0,100,0,200,0,100.0,21247.0,100.0,40181119808.0,100.0,86047659116.0
2018-07-06,Z305D5PZ,ST4000DM000,4000787030016,0,115,97717536,91,0,100,12,100,0,75,33361276,76,21324,100,0,100,12,100.0,0.0,100.0,0.0,100.0,0.0,100.0,0.0,100.0,0.0,79.0,21.0,100.0,0.0,100.0,0.0,98.0,4329.0,21,21,100,0,100,0,200,0,100.0,21272.0,100.0,40194259080.0,100.0,86081632884.0
2018-07-07,Z305D5PZ,ST4000DM000,4000787030016,0,120,241048944,91,0,100,12,100,0,75,34053479,76,21348,100,0,100,12,100.0,0.0,100.0,0.0,100.0,0.0,100.0,0.0,100.0,0.0,79.0,21.0,100.0,0.0,100.0,0.0,98.0,4329.0,21,21,100,0,100,0,200,0,100.0,21295.0,100.0,40205860224.0,100.0,86163860372.0
2018-07-08,Z305D5PZ,ST4000DM000,4000787030016,0,120,241016784,91,0,100,12,100,0,75,35598768,76,21372,100,0,100,12,100.0,0.0,100.0,0.0,100.0,0.0,100.0,0.0,100.0,0.0,78.0,22.0,100.0,0.0,100.0,0.0,98.0,4329.0,22,22,100,0,100,0,200,0,100.0,21320.0,100.0,40224061176.0,100.0,86241331209.0
2018-07-09,Z305D5PZ,ST4000DM000,4000787030016,0,119,233846464,91,0,100,12,100,0,75,36815111,76,21396,100,0,100,12,100.0,0.0,100.0,0.0,100.0,0.0,100.0,0.0,100.0,0.0,78.0,22.0,100.0,0.0,100.0,0.0,98.0,4329.0,22,22,100,0,100,0,200,0,100.0,21344.0,100.0,40243101240.0,100.0,86386701604.0
2018-07-10,Z305D5PZ,ST4000DM000,4000787030016,0,119.0,229611960.0,91.0,0.0,100.0,12.0,100.0,0.0,75.0,38674241.0,76.0,21420.0,100.0,0.0,100.0,12.0,100.0,0.0,100.0,0.0,100.0,0.0,100.0,0.0,100.0,0.0,79.0,21.0,100.0,0.0,100.0,0.0,98.0,4329.0,21.0,21.0,100.0,0.0,100.0,0.0,200.0,0.0,100.0,21368.0,100.0,40258635920.0,100.0,86526991939.0
2018-07-11,Z305D5PZ,ST4000DM000,4000787030016,0,113,51732496,91,0,100,12,100,0,75,39473803,76,21444,100,0,100,12,100.0,0.0,100.0,0.0,100.0,0.0,100.0,0.0,100.0,0.0,79.0,21.0,100.0,0.0,100.0,0.0,98.0,4329.0,21,21,100,0,100,0,200,0,100.0,21391.0,100.0,40275218128.0,100.0,86624590150.0
2018-07-12,Z305D5PZ,ST4000DM000,4000787030016,0,119,214646840,91,0,100,12,100,0,75,40161549,76,21468,100,0,100,12,100.0,0.0,100.0,0.0,100.0,0.0,100.0,0.0,100.0,0.0,79.0,21.0,100.0,0.0,100.0,0.0,98.0,4329.0,21,21,100,0,100,0,200,0,100.0,21416.0,100.0,40289158352.0,100.0,86712646789.0
2018-07-13,Z305D5PZ,ST4000DM000,4000787030016,0,117,121824984,91,0,100,12,100,0,75,41475127,76,21490,100,0,100,12,100.0,0.0,100.0,0.0,100.0,0.0,100.0,0.0,100.0,0.0,79.0,21.0,100.0,0.0,100.0,0.0,98.0,4333.0,21,21,100,0,100,0,200,0,100.0,21437.0,100.0,40303128840.0,100.0,86848239135.0
2018-07-14,Z305D5PZ,ST4000DM000,4000787030016,0,113,57461720,91,0,100,12,100,0,76,42205435,76,21514,100,0,100,12,100.0,0.0,100.0,0.0,100.0,0.0,100.0,0.0,100.0,0.0,79.0,21.0,100.0,0.0,100.0,0.0,98.0,4333.0,21,21,100,0,100,0,200,0,100.0,21461.0,100.0,40311667576.0,100.0,86926091019.0
2018-07-15,Z305D5PZ,ST4000DM000,4000787030016,0,114,70991168,91,0,100,12,100,0,76,43278242,76,21538,100,0,100,12,100.0,0.0,100.0,0.0,100.0,0.0,100.0,0.0,100.0,0.0,79.0,21.0,100.0,0.0,100.0,0.0,98.0,4333.0,21,21,100,0,100,0,200,0,100.0,21485.0,100.0,40325958464.0,100.0,87052885992.0
2018-07-16,Z305D5PZ,ST4000DM000,4000787030016,0,117,144898592,91,0,100,12,100,0,76,44001037,76,21562,100,0,100,12,100.0,0.0,100.0,0.0,100.0,0.0,100.0,0.0,100.0,0.0,78.0,22.0,100.0,0.0,100.0,0.0,98.0,4333.0,22,22,100,0,100,0,200,0,100.0,21509.0,100.0,40336882488.0,100.0,87137643392.0
2018-07-17,Z305D5PZ,ST4000DM000,4000787030016,0,119,206131912,91,0,100,12,100,0,76,45926324,76,21586,100,0,100,12,100.0,0.0,100.0,0.0,100.0,0.0,100.0,0.0,100.0,0.0,78.0,22.0,100.0,0.0,100.0,0.0,98.0,4333.0,22,22,100,0,100,0,200,0,100.0,21533.0,100.0,40357941096.0,100.0,87263909519.0
2018-07-18,Z305D5PZ,ST4000DM000,4000787030016,0,117,140711192,91,0,100,12,100,0,76,46776565,76,21610,100,0,100,12,100.0,0.0,100.0,0.0,100.0,0.0,100.0,0.0,100.0,0.0,78.0,22.0,100.0,0.0,100.0,0.0,98.0,4333.0,22,22,100,0,100,0,200,0,100.0,21557.0,100.0,40367982352.0,100.0,87359401394.0
2018-07-19,Z305D5PZ,ST4000DM000,4000787030016,0,119,217015920,91,0,100,12,100,0,76,48517282,76,21634,100,0,100,12,100.0,0.0,100.0,0.0,100.0,0.0,100.0,0.0,100.0,0.0,79.0,21.0,100.0,0.0,100.0,0.0,98.0,4333.0,21,21,100,0,100,0,200,0,100.0,21581.0,100.0,40385875128.0,100.0,87425481736.0
2018-07-20,Z305D5PZ,ST4000DM000,4000787030016,0,115,89410112,91,0,100,12,100,0,76,49944473,76,21658,100,0,100,12,100.0,0.0,100.0,0.0,100.0,0.0,100.0,0.0,100.0,0.0,79.0,21.0,100.0,0.0,100.0,0.0,98.0,4333.0,21,21,100,0,100,0,200,0,100.0,21605.0,100.0,40402285496.0,100.0,87492139399.0
2018-07-21,Z305D5PZ,ST4000DM000,4000787030016,0,118,172402544,91,0,100,12,100,0,77,50660586,76,21682,100,0,100,12,100.0,0.0,100.0,0.0,100.0,0.0,100.0,0.0,100.0,0.0,79.0,21.0,100.0,0.0,100.0,0.0,98.0,4333.0,21,21,100,0,100,0,200,0,100.0,21629.0,100.0,40416246280.0,100.0,87576600368.0
2018-07-22,Z305D5PZ,ST4000DM000,4000787030016,0,114,71599376,91,0,100,12,100,0,77,51606303,76,21706,100,0,100,12,100.0,0.0,100.0,0.0,100.0,0.0,100.0,0.0,100.0,0.0,79.0,21.0,100.0,0.0,100.0,0.0,98.0,4333.0,21,21,100,0,100,0,200,0,100.0,21653.0,100.0,40432100096.0,100.0,87686632123.0
2018-07-23,Z305D5PZ,ST4000DM000,4000787030016,0,105,10265960,91,0,100,12,100,0,77,52662528,76,21730,100,0,100,12,100.0,0.0,100.0,0.0,100.0,0.0,100.0,0.0,100.0,0.0,79.0,21.0,100.0,0.0,100.0,0.0,98.0,4333.0,21,21,100,0,100,0,200,0,100.0,21677.0,100.0,40439034968.0,100.0,87802218745.0
2018-07-24,Z305D5PZ,ST4000DM000,4000787030016,0,119,229165632,91,0,100,12,100,0,77,54643836,76,21754,100,0,100,12,100.0,0.0,100.0,0.0,100.0,0.0,100.0,0.0,100.0,0.0,79.0,21.0,100.0,0.0,100.0,0.0,98.0,4333.0,21,21,100,0,100,0,200,0,100.0,21701.0,100.0,40452827904.0,100.0,87959335684.0
2018-07-25,Z305D5PZ,ST4000DM000,4000787030016,0,117.0,134680232.0,91.0,0.0,100.0,12.0,100.0,0.0,77.0,55761257.0,76.0,21777.0,100.0,0.0,100.0,12.0,100.0,0.0,100.0,0.0,100.0,0.0,100.0,0.0,100.0,0.0,79.0,21.0,100.0,0.0,100.0,0.0,98.0,4333.0,21.0,21.0,100.0,0.0,100.0,0.0,200.0,0.0,100.0,21725.0,100.0,40464454944.0,100.0,88044523937.0
2018-07-26,Z305D5PZ,ST4000DM000,4000787030016,0,113,58459088,91,0,100,12,100,0,77,56807027,76,21802,100,0,100,12,100.0,0.0,100.0,0.0,100.0,0.0,100.0,0.0,100.0,0.0,79.0,21.0,100.0,0.0,100.0,0.0,98.0,4333.0,21,21,100,0,100,0,200,0,100.0,21749.0,100.0,40474221616.0,100.0,88114940008.0
2018-07-27,Z305D5PZ,ST4000DM000,4000787030016,0,117,125296232,91,0,100,12,100,0,77,58061759,76,21826,100,0,100,12,100.0,0.0,100.0,0.0,100.0,0.0,100.0,0.0,100.0,0.0,79.0,21.0,100.0,0.0,100.0,0.0,98.0,4333.0,21,21,100,0,100,0,200,0,100.0,21773.0,100.0,40489478952.0,100.0,88205732347.0
2018-07-28,Z305D5PZ,ST4000DM000,4000787030016,0,117,166869776,91,0,100,12,100,0,78,58933691,76,21855,100,0,100,12,100.0,0.0,100.0,0.0,100.0,0.0,100.0,0.0,100.0,0.0,79.0,21.0,100.0,0.0,100.0,0.0,98.0,4335.0,21,21,100,0,100,0,200,0,100.0,21803.0,100.0,40503154288.0,100.0,88366372498.0
2018-07-29,Z305D5PZ,ST4000DM000,4000787030016,0,119,205770024,91,0,100,12,100,0,78,59756858,76,21880,100,0,100,12,100.0,0.0,100.0,0.0,100.0,0.0,100.0,0.0,100.0,0.0,78.0,22.0,100.0,0.0,100.0,0.0,98.0,4335.0,22,22,100,0,100,0,200,0,100.0,21827.0,100.0,40515090304.0,100.0,88506537240.0
2018-07-30,Z305D5PZ,ST4000DM000,4000787030016,0,119,210738216,91,0,100,12,100,0,78,61389410,75,21904,100,0,100,12,100.0,0.0,100.0,0.0,100.0,0.0,100.0,0.0,100.0,0.0,78.0,22.0,100.0,0.0,100.0,0.0,98.0,4335.0,22,22,100,0,100,0,200,0,100.0,21851.0,100.0,40527894352.0,100.0,88616956467.0
2018-07-31,Z305D5PZ,ST4000DM000,4000787030016,0,119,223295768,91,0,100,12,100,0,78,62939174,75,21928,100,0,100,12,100.0,0.0,100.0,0.0,100.0,0.0,100.0,0.0,100.0,0.0,78.0,22.0,100.0,0.0,100.0,0.0,98.0,4335.0,22,22,100,0,100,0,200,0,100.0,21875.0,100.0,40546938352.0,100.0,88769726661.0
2018-08-01,Z305D5PZ,ST4000DM000,4000787030016,0,117,152469816,91,0,100,12,100,0,78,63615400,75,21952,100,0,100,12,100.0,0.0,100.0,0.0,100.0,0.0,100.0,0.0,100.0,0.0,78.0,22.0,100.0,0.0,100.0,0.0,98.0,4335.0,22,22,100,0,100,0,200,0,100.0,21899.0,100.0,40564352128.0,100.0,88940108124.0
2018-08-02,Z305D5PZ,ST4000DM000,4000787030016,0,118,172938976,91,0,100,12,100,0,78,64416444,75,21975,100,0,100,12,100.0,0.0,100.0,0.0,100.0,0.0,100.0,0.0,100.0,0.0,78.0,22.0,100.0,0.0,100.0,0.0,98.0,4335.0,22,22,100,0,100,0,200,0,100.0,21923.0,100.0,40576860096.0,100.0,89115211141.0
2018-08-03,Z305D5PZ,ST4000DM000,4000787030016,0,119,215510832,91,0,100,12,100,0,78,65489529,75,22000,100,0,100,12,100.0,0.0,100.0,0.0,100.0,0.0,100.0,0.0,100.0,0.0,78.0,22.0,100.0,0.0,100.0,0.0,98.0,4335.0,22,22,100,0,100,0,200,0,100.0,21947.0,100.0,40593665232.0,100.0,89267660553.0
2018-08-04,Z305D5PZ,ST4000DM000,4000787030016,0,113,51961984,91,0,100,12,100,0,78,66078145,75,22024,100,0,100,12,100.0,0.0,100.0,0.0,100.0,0.0,100.0,0.0,100.0,0.0,79.0,21.0,100.0,0.0,100.0,0.0,98.0,4335.0,21,21,100,0,100,0,200,0,100.0,21971.0,100.0,40607642408.0,100.0,89445780473.0
2018-08-05,Z305D5PZ,ST4000DM000,4000787030016,0,117,148493408,91,0,100,12,100,0,78,66688543,75,22048,100,0,100,12,100.0,0.0,100.0,0.0,100.0,0.0,100.0,0.0,100.0,0.0,79.0,21.0,100.0,0.0,100.0,0.0,98.0,4335.0,21,21,100,0,100,0,200,0,100.0,21995.0,100.0,40625714184.0,100.0,89623691818.0
2018-08-06,Z305D5PZ,ST4000DM000,4000787030016,0,118,170504040,91,0,100,12,100,0,78,67168402,75,22071,100,0,100,12,100.0,0.0,100.0,0.0,100.0,0.0,100.0,0.0,100.0,0.0,79.0,21.0,100.0,0.0,100.0,0.0,98.0,4335.0,21,21,100,0,100,0,200,0,100.0,22019.0,100.0,40642204104.0,100.0,89757489780.0
2018-08-07,Z305D5PZ,ST4000DM000,4000787030016,0,110,27276232,91,0,100,12,100,0,78,68577758,75,22096,100,0,100,12,100.0,0.0,100.0,0.0,100.0,0.0,100.0,0.0,100.0,0.0,79.0,21.0,100.0,0.0,100.0,0.0,98.0,4335.0,21,21,100,0,100,0,200,0,100.0,22043.0,100.0,40663982160.0,100.0,89976406335.0
2018-08-08,Z305D5PZ,ST4000DM000,4000787030016,0,116,108614352,91,0,100,12,100,0,78,69508532,75,22120,100,0,100,12,100.0,0.0,100.0,0.0,100.0,0.0,100.0,0.0,100.0,0.0,79.0,21.0,100.0,0.0,100.0,0.0,98.0,4335.0,21,21,100,0,100,0,200,0,100.0,22067.0,100.0,40681018024.0,100.0,90158501404.0
2018-08-09,Z305D5PZ,ST4000DM000,4000787030016,0,117,155679704,91,0,100,12,100,0,78,70745061,75,22144,100,0,100,12,100.0,0.0,100.0,0.0,100.0,0.0,100.0,0.0,100.0,0.0,79.0,21.0,100.0,0.0,100.0,0.0,98.0,4335.0,21,21,100,0,100,0,200,0,100.0,22091.0,100.0,40707457296.0,100.0,90316469598.0
2018-08-10,Z305D5PZ,ST4000DM000,4000787030016,0,114,69556120,91,0,100,12,100,0,78,72840946,75,22162,100,0,100,12,100.0,0.0,100.0,0.0,100.0,0.0,100.0,0.0,100.0,0.0,78.0,22.0,100.0,0.0,100.0,0.0,98.0,4338.0,22,22,100,0,100,0,200,0,100.0,22109.0,100.0,40727185144.0,100.0,90417983566.0
2018-08-11,Z305D5PZ,ST4000DM000,4000787030016,0,106,10935112,91,0,100,12,100,0,78,73670070,75,22186,100,0,100,12,100.0,0.0,100.0,0.0,100.0,0.0,100.0,0.0,100.0,0.0,79.0,21.0,100.0,0.0,100.0,0.0,98.0,4338.0,21,21,100,0,100,0,200,0,100.0,22133.0,100.0,40737107856.0,100.0,90555634965.0
2018-08-12,Z305D5PZ,ST4000DM000,4000787030016,0,118,171315608,91,0,100,12,100,0,78,74831645,75,22210,100,0,100,12,100.0,0.0,100.0,0.0,100.0,0.0,100.0,0.0,100.0,0.0,78.0,22.0,100.0,0.0,100.0,0.0,98.0,4338.0,22,22,100,0,100,0,200,0,100.0,22157.0,100.0,40752775008.0,100.0,90717553745.0
2018-08-13,Z305D5PZ,ST4000DM000,4000787030016,0,113,53014136,91,0,100,12,100,0,78,76503042,75,22234,100,0,100,12,100.0,0.0,100.0,0.0,100.0,0.0,100.0,0.0,100.0,0.0,79.0,21.0,100.0,0.0,100.0,0.0,98.0,4338.0,21,21,100,0,100,0,200,0,100.0,22181.0,100.0,40780251648.0,100.0,90906322189.0
2018-08-14,Z305D5PZ,ST4000DM000,4000787030016,0,117.0,146512752.0,91.0,0.0,100.0,12.0,100.0,0.0,78.0,78486956.0,75.0,22258.0,100.0,0.0,100.0,12.0,100.0,0.0,100.0,0.0,100.0,0.0,100.0,0.0,100.0,0.0,79.0,21.0,100.0,0.0,100.0,0.0,98.0,4338.0,21.0,21.0,100.0,0.0,100.0,0.0,200.0,0.0,100.0,22205.0,100.0,40795690472.0,100.0,91087817271.0
2018-08-15,Z305D5PZ,ST4000DM000,4000787030016,0,115.0,95475488.0,91.0,0.0,100.0,12.0,100.0,0.0,78.0,79481282.0,75.0,22282.0,100.0,0.0,100.0,12.0,100.0,0.0,100.0,0.0,100.0,0.0,100.0,0.0,100.0,0.0,78.0,22.0,100.0,0.0,100.0,0.0,98.0,4338.0,22.0,22.0,100.0,0.0,100.0,0.0,200.0,0.0,100.0,22229.0,100.0,40814155480.0,100.0,91222698182.0
2018-08-16,Z305D5PZ,ST4000DM000,4000787030016,0,112,48489960,91,0,100,12,100,0,78,80747822,75,22312,100,0,100,12,100.0,0.0,100.0,0.0,100.0,0.0,100.0,0.0,100.0,0.0,78.0,22.0,100.0,0.0,100.0,0.0,98.0,4341.0,22,22,100,0,100,0,200,0,100.0,22259.0,100.0,40840663240.0,100.0,91381942944.0
2018-08-17,Z305D5PZ,ST4000DM000,4000787030016,0,117,150086728,91,0,100,12,100,0,78,82019074,75,22336,100,0,100,12,100.0,0.0,100.0,0.0,100.0,0.0,100.0,0.0,100.0,0.0,78.0,22.0,100.0,0.0,100.0,0.0,98.0,4341.0,22,22,100,0,100,0,200,0,100.0,22283.0,100.0,40853956736.0,100.0,91499168882.0
2018-08-18,Z305D5PZ,ST4000DM000,4000787030016,0,117,152485360,91,0,100,12,100,0,78,83111672,75,22360,100,0,100,12,100.0,0.0,100.0,0.0,100.0,0.0,100.0,0.0,100.0,0.0,78.0,22.0,100.0,0.0,100.0,0.0,98.0,4341.0,22,22,100,0,100,0,200,0,100.0,22307.0,100.0,40865373696.0,100.0,91670023897.0
2018-08-19,Z305D5PZ,ST4000DM000,4000787030016,0,114,62185656,91,0,100,12,100,0,79,84253473,75,22384,100,0,100,12,100.0,0.0,100.0,0.0,100.0,0.0,100.0,0.0,100.0,0.0,78.0,22.0,100.0,0.0,100.0,0.0,98.0,4341.0,22,22,100,0,100,0,200,0,100.0,22331.0,100.0,40881697968.0,100.0,91819606755.0
2018-08-20,Z305D5PZ,ST4000DM000,4000787030016,0,105,9105344,91,0,100,12,100,0,79,84970450,75,22408,100,0,100,12,100.0,0.0,100.0,0.0,100.0,0.0,100.0,0.0,100.0,0.0,78.0,22.0,100.0,0.0,100.0,0.0,98.0,4341.0,22,22,100,0,100,0,200,0,100.0,22355.0,100.0,40902361328.0,100.0,91897275804.0
2018-08-21,Z305D5PZ,ST4000DM000,4000787030016,0,120,240582840,91,0,100,12,100,0,79,86573722,75,22432,100,0,100,12,100.0,0.0,100.0,0.0,100.0,0.0,100.0,0.0,100.0,0.0,78.0,22.0,100.0,0.0,100.0,0.0,98.0,4341.0,22,22,100,0,100,0,200,0,100.0,22379.0,100.0,40930768096.0,100.0,91983779037.0
2018-08-22,Z305D5PZ,ST4000DM000,4000787030016,0,119,184120,91,0,100,12,100,0,79,87748241,75,22456,100,0,100,12,100.0,0.0,100.0,0.0,100.0,0.0,100.0,0.0,100.0,0.0,78.0,22.0,100.0,0.0,100.0,0.0,98.0,4341.0,22,22,100,0,100,0,200,0,100.0,22403.0,100.0,40943393464.0,100.0,92141556921.0
2018-08-23,Z305D5PZ,ST4000DM000,4000787030016,0,112,42024720,91,0,100,12,100,0,79,90060853,75,22480,100,0,100,12,100.0,0.0,100.0,0.0,100.0,0.0,100.0,0.0,100.0,0.0,78.0,22.0,100.0,0.0,100.0,0.0,98.0,4341.0,22,22,100,0,100,0,200,0,100.0,22427.0,100.0,40963289216.0,100.0,92273615364.0
2018-08-24,Z305D5PZ,ST4000DM000,4000787030016,0,118,201063608,91,0,100,12,100,0,79,91105082,75,22504,100,0,100,12,100.0,0.0,100.0,0.0,100.0,0.0,100.0,0.0,100.0,0.0,78.0,22.0,100.0,0.0,100.0,0.0,98.0,4341.0,22,22,100,0,100,0,200,0,100.0,22451.0,100.0,40976179280.0,100.0,92340530380.0
2018-08-25,Z305D5PZ,ST4000DM000,4000787030016,0,114,74285960,91,0,100,12,100,0,79,92026045,75,22528,100,0,100,12,100.0,0.0,100.0,0.0,100.0,0.0,100.0,0.0,100.0,0.0,78.0,22.0,100.0,0.0,100.0,0.0,98.0,4341.0,22,22,100,0,100,0,200,0,100.0,22475.0,100.0,40988278256.0,100.0,92465124120.0
2018-08-26,Z305D5PZ,ST4000DM000,4000787030016,0,111,29644888,91,0,100,12,100,0,79,93154587,75,22552,100,0,100,12,100.0,0.0,100.0,0.0,100.0,0.0,100.0,0.0,100.0,0.0,78.0,22.0,100.0,0.0,100.0,0.0,98.0,4341.0,22,22,100,0,100,0,200,0,100.0,22498.0,100.0,41003606464.0,100.0,92600901679.0
2018-08-27,Z305D5PZ,ST4000DM000,4000787030016,0,115,85146456,91,0,100,12,100,0,79,93712785,75,22576,100,0,100,12,100.0,0.0,100.0,0.0,100.0,0.0,100.0,0.0,100.0,0.0,78.0,22.0,100.0,0.0,100.0,0.0,98.0,4341.0,22,22,100,0,100,0,200,0,100.0,22522.0,100.0,41015862824.0,100.0,92667399855.0
2018-08-28,Z305D5PZ,ST4000DM000,4000787030016,0,117,153037920,91,0,100,12,100,0,79,95580645,75,22600,100,0,100,12,100.0,0.0,100.0,0.0,100.0,0.0,100.0,0.0,100.0,0.0,78.0,22.0,100.0,0.0,100.0,0.0,98.0,4341.0,22,22,100,0,100,0,200,0,100.0,22547.0,100.0,41039104488.0,100.0,92818403477.0
2018-08-29,Z305D5PZ,ST4000DM000,4000787030016,0,111,33724256,91,0,100,12,100,0,79,96528718,75,22621,100,0,100,12,100.0,0.0,100.0,0.0,100.0,0.0,100.0,0.0,100.0,0.0,77.0,23.0,100.0,0.0,100.0,0.0,98.0,4342.0,23,23,100,0,100,0,200,0,100.0,22568.0,100.0,41054014848.0,100.0,92956575095.0
2018-08-30,Z305D5PZ,ST4000DM000,4000787030016,0,117,132739728,91,0,100,12,100,0,79,97353434,75,22646,100,0,100,12,100.0,0.0,100.0,0.0,100.0,0.0,100.0,0.0,100.0,0.0,78.0,22.0,100.0,0.0,100.0,0.0,98.0,4342.0,22,22,100,0,100,0,200,0,100.0,22592.0,100.0,41070526536.0,100.0,93067339769.0
2018-08-31,Z305D5PZ,ST4000DM000,4000787030016,0,114,68809648,91,0,100,12,100,0,79,99080256,75,22669,100,0,100,12,100.0,0.0,100.0,0.0,100.0,0.0,100.0,0.0,100.0,0.0,78.0,22.0,100.0,0.0,100.0,0.0,98.0,4342.0,22,22,100,0,100,0,200,0,100.0,22616.0,100.0,41088779496.0,100.0,93200909922.0
2018-09-01,Z305D5PZ,ST4000DM000,4000787030016,0,120,1410576,91,0,100,12,100,0,79,100478986,75,22693,100,0,100,12,100.0,0.0,100.0,0.0,100.0,0.0,100.0,0.0,100.0,0.0,78.0,22.0,100.0,0.0,100.0,0.0,98.0,4342.0,22,22,100,0,100,0,200,0,100.0,22640.0,100.0,41107401632.0,100.0,93358147215.0
2018-09-02,Z305D5PZ,ST4000DM000,4000787030016,0,117,144244472,91,0,100,12,100,0,80,101608850,75,22718,100,0,100,12,100.0,0.0,100.0,0.0,100.0,0.0,100.0,0.0,100.0,0.0,78.0,22.0,100.0,0.0,100.0,0.0,98.0,4342.0,22,22,100,0,100,0,200,0,100.0,22664.0,100.0,41132604416.0,100.0,93488160834.0
2018-09-03,Z305D5PZ,ST4000DM000,4000787030016,0,114,71204576,91,0,100,12,100,0,80,102127531,75,22742,100,0,100,12,100.0,0.0,100.0,0.0,100.0,0.0,100.0,0.0,100.0,0.0,78.0,22.0,100.0,0.0,100.0,0.0,98.0,4342.0,22,22,100,0,100,0,200,0,100.0,22688.0,100.0,41144478824.0,100.0,93538936047.0
2018-09-04,Z305D5PZ,ST4000DM000,4000787030016,0,118,189414824,91,0,100,12,100,0,80,103671906,75,22766,100,0,100,12,100.0,0.0,100.0,0.0,100.0,0.0,100.0,0.0,100.0,0.0,78.0,22.0,100.0,0.0,100.0,0.0,98.0,4342.0,22,22,100,0,100,0,200,0,100.0,22712.0,100.0,41161221096.0,100.0,93635015797.0
2018-09-05,Z305D5PZ,ST4000DM000,4000787030016,0,117,150619472,91,0,100,12,100,0,80,103997375,74,22790,100,0,100,12,100.0,0.0,100.0,0.0,100.0,0.0,100.0,0.0,100.0,0.0,78.0,22.0,100.0,0.0,100.0,0.0,98.0,4342.0,22,22,100,0,100,0,200,0,100.0,22736.0,100.0,41174783448.0,100.0,93653109259.0
2018-09-06,Z305D5PZ,ST4000DM000,4000787030016,0,117,139303472,91,0,100,12,100,0,80,105319424,74,22816,100,0,100,12,100.0,0.0,100.0,0.0,100.0,0.0,100.0,0.0,100.0,0.0,77.0,23.0,100.0,0.0,100.0,0.0,98.0,4343.0,23,23,100,0,100,0,200,0,100.0,22763.0,100.0,41193764064.0,100.0,93785496338.0
2018-09-07,Z305D5PZ,ST4000DM000,4000787030016,0,114,76875904,91,0,100,12,100,0,80,106721541,74,22840,100,0,100,12,100.0,0.0,100.0,0.0,100.0,0.0,100.0,0.0,100.0,0.0,78.0,22.0,100.0,0.0,100.0,0.0,98.0,4343.0,22,22,100,0,100,0,200,0,100.0,22787.0,100.0,41216929840.0,100.0,93915122720.0
2018-09-08,Z305D5PZ,ST4000DM000,4000787030016,0,118,190439816,91,0,100,12,100,0,80,109428318,74,22864,100,0,100,12,100.0,0.0,100.0,0.0,100.0,0.0,100.0,0.0,100.0,0.0,78.0,22.0,100.0,0.0,100.0,0.0,98.0,4343.0,22,22,100,0,100,0,200,0,100.0,22811.0,100.0,41243805216.0,100.0,94075251202.0
2018-09-09,Z305D5PZ,ST4000DM000,4000787030016,0,118,195927064,91,0,100,12,100,0,80,110505937,74,22888,100,0,100,12,100.0,0.0,100.0,0.0,100.0,0.0,100.0,0.0,100.0,0.0,78.0,22.0,100.0,0.0,100.0,0.0,98.0,4343.0,22,22,100,0,100,0,200,0,100.0,22835.0,100.0,41270553008.0,100.0,94186913256.0
2018-09-10,Z305D5PZ,ST4000DM000,4000787030016,0,119,204863808,91,0,100,12,100,0,80,111265882,74,22912,100,0,100,12,100.0,0.0,100.0,0.0,100.0,0.0,100.0,0.0,100.0,0.0,78.0,22.0,100.0,0.0,100.0,0.0,98.0,4343.0,22,22,100,0,100,0,200,0,100.0,22859.0,100.0,41294210224.0,100.0,94268704394.0
2018-09-11,Z305D5PZ,ST4000DM000,4000787030016,0,120,1341744,91,0,100,12,100,0,80,112768165,74,22936,100,0,100,12,100.0,0.0,100.0,0.0,100.0,0.0,100.0,0.0,100.0,0.0,78.0,22.0,100.0,0.0,100.0,0.0,98.0,4343.0,22,22,100,0,100,0,200,0,100.0,22883.0,100.0,41313347352.0,100.0,94348857819.0
2018-09-12,Z305D5PZ,ST4000DM000,4000787030016,0,117,145682592,91,0,100,12,100,0,80,113797455,74,22960,100,0,100,12,100.0,0.0,100.0,0.0,100.0,0.0,100.0,0.0,100.0,0.0,78.0,22.0,100.0,0.0,100.0,0.0,98.0,4343.0,22,22,100,0,100,0,200,0,100.0,22906.0,100.0,41328849872.0,100.0,94466781471.0
2018-09-13,Z305D5PZ,ST4000DM000,4000787030016,0,112,48695704,91,0,100,12,100,0,80,114362469,74,22979,100,0,100,12,100.0,0.0,100.0,0.0,100.0,0.0,100.0,0.0,100.0,0.0,78.0,22.0,100.0,0.0,100.0,0.0,98.0,4346.0,22,22,100,0,100,0,200,0,100.0,22926.0,100.0,41338769080.0,100.0,94541155488.0
2018-09-14,Z305D5PZ,ST4000DM000,4000787030016,0,115,99196792,91,0,100,12,100,0,80,115771181,74,23003,100,0,100,12,100.0,0.0,100.0,0.0,100.0,0.0,100.0,0.0,100.0,0.0,75.0,25.0,100.0,0.0,100.0,0.0,98.0,4346.0,25,25,100,0,100,0,200,0,100.0,22950.0,100.0,41353625960.0,100.0,94642893097.0
2018-09-15,Z305D5PZ,ST4000DM000,4000787030016,0,118,199492368,91,0,100,12,100,0,80,116682707,74,23026,100,0,100,12,100.0,0.0,100.0,0.0,100.0,0.0,100.0,0.0,100.0,0.0,75.0,25.0,100.0,0.0,100.0,0.0,98.0,4346.0,25,25,100,0,100,0,200,0,100.0,22973.0,100.0,41376051376.0,100.0,94716794302.0
2018-09-16,Z305D5PZ,ST4000DM000,4000787030016,0,119,209484720,91,0,100,12,100,0,81,117652741,74,23051,100,0,100,12,100.0,0.0,100.0,0.0,100.0,0.0,100.0,0.0,100.0,0.0,76.0,24.0,100.0,0.0,100.0,0.0,98.0,4346.0,24,24,100,0,100,0,200,0,100.0,22997.0,100.0,41397637512.0,100.0,94791446978.0
2018-09-17,Z305D5PZ,ST4000DM000,4000787030016,0,108,17647840,91,0,100,12,100,0,81,118527080,74,23075,100,0,100,12,100.0,0.0,100.0,0.0,100.0,0.0,100.0,0.0,100.0,0.0,75.0,25.0,100.0,0.0,100.0,0.0,98.0,4346.0,25,25,100,0,100,0,200,0,100.0,23022.0,100.0,41417616208.0,100.0,94883992487.0
2018-09-18,Z305D5PZ,ST4000DM000,4000787030016,0,114,74634584,91,0,100,12,100,0,81,120027418,74,23099,100,0,100,12,100.0,0.0,100.0,0.0,100.0,0.0,100.0,0.0,100.0,0.0,77.0,23.0,100.0,0.0,100.0,0.0,98.0,4346.0,23,23,100,0,100,0,200,0,100.0,23046.0,100.0,41435029976.0,100.0,94950071766.0
2018-09-19,Z305D5PZ,ST4000DM000,4000787030016,0,114,64319680,91,0,100,12,100,0,81,120709936,74,23123,100,0,100,12,100.0,0.0,100.0,0.0,100.0,0.0,100.0,0.0,100.0,0.0,77.0,23.0,100.0,0.0,100.0,0.0,98.0,4346.0,23,23,100,0,100,0,200,0,100.0,23070.0,100.0,41450572464.0,100.0,95029908650.0
2018-09-20,Z305D5PZ,ST4000DM000,4000787030016,0,120,237410632,91,0,100,12,100,0,81,121687406,74,23147,100,0,100,12,100.0,0.0,100.0,0.0,100.0,0.0,100.0,0.0,100.0,0.0,77.0,23.0,100.0,0.0,100.0,0.0,98.0,4346.0,23,23,100,0,100,0,200,0,100.0,23094.0,100.0,41471139400.0,100.0,95143748225.0
2018-09-21,Z305D5PZ,ST4000DM000,4000787030016,0,108,16638576,91,0,100,12,100,0,81,123480779,74,23171,100,0,100,12,100.0,0.0,100.0,0.0,100.0,0.0,100.0,0.0,100.0,0.0,77.0,23.0,100.0,0.0,100.0,0.0,98.0,4346.0,23,23,100,0,100,0,200,0,100.0,23118.0,100.0,41494529856.0,100.0,95246055863.0
2018-09-22,Z305D5PZ,ST4000DM000,4000787030016,0,111,36026472,91,0,100,12,100,0,81,125824769,74,23195,100,0,100,12,100.0,0.0,100.0,0.0,100.0,0.0,100.0,0.0,100.0,0.0,77.0,23.0,100.0,0.0,100.0,0.0,98.0,4346.0,23,23,100,0,100,0,200,0,100.0,23142.0,100.0,41512166464.0,100.0,95387903501.0
2018-09-23,Z305D5PZ,ST4000DM000,4000787030016,0,119,226748696,91,0,100,12,100,0,81,126914580,74,23218,100,0,100,12,100.0,0.0,100.0,0.0,100.0,0.0,100.0,0.0,100.0,0.0,77.0,23.0,100.0,0.0,100.0,0.0,98.0,4346.0,23,23,100,0,100,0,200,0,100.0,23165.0,100.0,41522344752.0,100.0,95484556129.0
2018-09-24,Z305D5PZ,ST4000DM000,4000787030016,0,117,134649112,91,0,100,12,100,0,81,127895747,74,23243,100,0,100,12,100.0,0.0,100.0,0.0,100.0,0.0,100.0,0.0,100.0,0.0,77.0,23.0,100.0,0.0,100.0,0.0,98.0,4346.0,23,23,100,0,100,0,200,0,100.0,23189.0,100.0,41533488512.0,100.0,95540031939.0
2018-09-25,Z305D5PZ,ST4000DM000,4000787030016,0,117,118274000,91,0,100,12,100,0,81,129459482,74,23267,100,0,100,12,100.0,0.0,100.0,0.0,100.0,0.0,100.0,0.0,100.0,0.0,77.0,23.0,100.0,0.0,100.0,0.0,98.0,4346.0,23,23,100,0,100,0,200,0,100.0,23213.0,100.0,41557083568.0,100.0,95666064176.0
2018-09-26,Z305D5PZ,ST4000DM000,4000787030016,0,116,114672936,91,0,100,12,100,0,81,130339201,74,23291,100,0,100,12,100.0,0.0,100.0,0.0,100.0,0.0,100.0,0.0,100.0,0.0,77.0,23.0,100.0,0.0,100.0,0.0,98.0,4346.0,23,23,100,0,100,0,200,0,100.0,23238.0,100.0,41582495576.0,100.0,95798139261.0
2018-09-27,Z305D5PZ,ST4000DM000,4000787030016,0,114,72941656,91,0,100,12,100,0,81,131107090,74,23315,100,0,100,12,100.0,0.0,100.0,0.0,100.0,0.0,100.0,0.0,100.0,0.0,77.0,23.0,100.0,0.0,100.0,0.0,98.0,4346.0,23,23,100,0,100,0,200,0,100.0,23261.0,100.0,41608719472.0,100.0,95883858956.0
2018-09-28,Z305D5PZ,ST4000DM000,4000787030016,0,114,64637496,91,0,100,12,100,0,81,132634185,74,23343,100,0,100,12,100.0,0.0,100.0,0.0,100.0,0.0,100.0,0.0,100.0,0.0,77.0,23.0,100.0,0.0,100.0,0.0,98.0,4349.0,23,23,100,0,100,0,200,0,100.0,23290.0,100.0,41632232416.0,100.0,95998767133.0
2018-09-29,Z305D5PZ,ST4000DM000,4000787030016,0,117,157852792,91,0,100,12,100,0,81,133379462,74,23367,100,0,100,12,100.0,0.0,100.0,0.0,100.0,0.0,100.0,0.0,100.0,0.0,77.0,23.0,100.0,0.0,100.0,0.0,98.0,4349.0,23,23,100,0,100,0,200,0,100.0,23314.0,100.0,41651486200.0,100.0,96096706087.0
2018-09-30,Z305D5PZ,ST4000DM000,4000787030016,0,117,135594264,91,0,100,12,100,0,81,134220911,74,23391,100,0,100,12,100.0,0.0,100.0,0.0,100.0,0.0,100.0,0.0,100.0,0.0,77.0,23.0,100.0,0.0,100.0,0.0,98.0,4349.0,23,23,100,0,100,0,200,0,100.0,23338.0,100.0,41670627024.0,100.0,96221530813.0
2018-10-01,Z305D5PZ,ST4000DM000,4000787030016,0,116,116096424,91,0,100,12,100,0,81,134951442,74,23415,100,0,100,12,100.0,0.0,100.0,0.0,100.0,0.0,100.0,0.0,100.0,0.0,77.0,23.0,100.0,0.0,100.0,0.0,98.0,4349.0,23,23,100,0,100,0,200,0,100.0,23362.0,100.0,41691715744.0,100.0,96393721113.0
2018-10-02,Z305D5PZ,ST4000DM000,4000787030016,0,117,158026648,91,0,100,12,100,0,81,136528960,74,23439,100,0,100,12,100.0,0.0,100.0,0.0,100.0,0.0,100.0,0.0,100.0,0.0,77.0,23.0,100.0,0.0,100.0,0.0,98.0,4349.0,23,23,100,0,100,0,200,0,100.0,23386.0,100.0,41717975536.0,100.0,96589887252.0
2018-10-03,Z305D5PZ,ST4000DM000,4000787030016,0,108,20921440,91,0,100,12,100,0,81,137146170,74,23463,100,0,100,12,100.0,0.0,100.0,0.0,100.0,0.0,100.0,0.0,100.0,0.0,77.0,23.0,100.0,0.0,100.0,0.0,98.0,4349.0,23,23,100,0,100,0,200,0,100.0,23410.0,100.0,41736448256.0,100.0,96747397070.0
2018-10-04,Z305D5PZ,ST4000DM000,4000787030016,0,115.0,88945296.0,91.0,0.0,100.0,12.0,100.0,0.0,81.0,138073830.0,74.0,23488.0,100.0,0.0,100.0,12.0,100.0,0.0,100.0,0.0,100.0,0.0,100.0,0.0,100.0,0.0,77.0,23.0,100.0,0.0,100.0,0.0,98.0,4349.0,23.0,23.0,100.0,0.0,100.0,0.0,200.0,0.0,100.0,23434.0,100.0,41759128176.0,100.0,96940657012.0
2018-10-05,Z305D5PZ,ST4000DM000,4000787030016,0,118,188489928,91,0,100,12,100,0,81,140304877,74,23511,100,0,100,12,100.0,0.0,100.0,0.0,100.0,0.0,100.0,0.0,100.0,0.0,77.0,23.0,100.0,0.0,100.0,0.0,98.0,4349.0,23,23,100,0,100,0,200,0,100.0,23458.0,100.0,41777428248.0,100.0,97106049331.0
2018-10-06,Z305D5PZ,ST4000DM000,4000787030016,0,117,127866376,91,0,100,12,100,0,81,140835691,74,23535,100,0,100,12,100.0,0.0,100.0,0.0,100.0,0.0,100.0,0.0,100.0,0.0,77.0,23.0,100.0,0.0,100.0,0.0,98.0,4349.0,23,23,100,0,100,0,200,0,100.0,23482.0,100.0,41788839208.0,100.0,97259005813.0
2018-10-07,Z305D5PZ,ST4000DM000,4000787030016,0,111,36661176,91,0,100,12,100,0,81,141526272,74,23560,100,0,100,12,100.0,0.0,100.0,0.0,100.0,0.0,100.0,0.0,100.0,0.0,77.0,23.0,100.0,0.0,100.0,0.0,98.0,4349.0,23,23,100,0,100,0,200,0,100.0,23506.0,100.0,41806388232.0,100.0,97451108163.0
2018-10-08,Z305D5PZ,ST4000DM000,4000787030016,0,117,119100992,91,0,100,12,100,0,81,142580389,74,23583,100,0,100,12,100.0,0.0,100.0,0.0,100.0,0.0,100.0,0.0,100.0,0.0,77.0,23.0,100.0,0.0,100.0,0.0,98.0,4349.0,23,23,100,0,100,0,200,0,100.0,23530.0,100.0,41827265264.0,100.0,97623957796.0
2018-10-09,Z305D5PZ,ST4000DM000,4000787030016,0,120.0,239302688.0,91.0,0.0,100.0,12.0,100.0,0.0,81.0,143735217.0,74.0,23599.0,100.0,0.0,100.0,12.0,100.0,0.0,100.0,0.0,100.0,0.0,100.0,0.0,100.0,0.0,77.0,23.0,100.0,0.0,100.0,0.0,98.0,4349.0,23.0,23.0,100.0,0.0,100.0,0.0,200.0,0.0,100.0,23546.0,100.0,41843070192.0,100.0,97743558385.0
2018-10-10,Z305D5PZ,ST4000DM000,4000787030016,0,114,81877392,91,0,100,12,100,0,81,145891078,74,23631,100,0,100,12,100.0,0.0,100.0,0.0,100.0,0.0,100.0,0.0,100.0,0.0,77.0,23.0,100.0,0.0,100.0,0.0,98.0,4349.0,23,23,100,0,100,0,200,0,100.0,23578.0,100.0,41870544776.0,100.0,97977282779.0
2018-10-11,Z305D5PZ,ST4000DM000,4000787030016,0,119,233878368,91,0,100,12,100,0,81,147337837,73,23655,100,0,100,12,100.0,0.0,100.0,0.0,100.0,0.0,100.0,0.0,100.0,0.0,77.0,23.0,100.0,0.0,100.0,0.0,98.0,4349.0,23,23,100,0,100,0,200,0,100.0,23602.0,100.0,41890864416.0,100.0,98152104591.0
2018-10-12,Z305D5PZ,ST4000DM000,4000787030016,0,113,55330168,91,0,100,12,100,0,81,148997129,73,23679,100,0,100,12,100.0,0.0,100.0,0.0,100.0,0.0,100.0,0.0,100.0,0.0,77.0,23.0,100.0,0.0,100.0,0.0,98.0,4349.0,23,23,100,0,100,0,200,0,100.0,23626.0,100.0,41910950768.0,100.0,98288892773.0
2018-10-13,Z305D5PZ,ST4000DM000,4000787030016,0,117,163080520,91,0,100,12,100,0,81,150008365,73,23704,100,0,100,12,100.0,0.0,100.0,0.0,100.0,0.0,100.0,0.0,100.0,0.0,77.0,23.0,100.0,0.0,100.0,0.0,98.0,4349.0,23,23,100,0,100,0,200,0,100.0,23650.0,100.0,41927118880.0,100.0,98426671269.0
2018-10-14,Z305D5PZ,ST4000DM000,4000787030016,0,117,148516256,91,0,100,12,100,0,81,150743727,73,23727,100,0,100,12,100.0,0.0,100.0,0.0,100.0,0.0,100.0,0.0,100.0,0.0,77.0,23.0,100.0,0.0,100.0,0.0,98.0,4349.0,23,23,100,0,100,0,200,0,100.0,23674.0,100.0,41941624104.0,100.0,98547172347.0
2018-10-15,Z305D5PZ,ST4000DM000,4000787030016,0,113,53503136,91,0,100,12,100,0,81,151680247,73,23751,100,0,100,12,100.0,0.0,100.0,0.0,100.0,0.0,100.0,0.0,100.0,0.0,77.0,23.0,100.0,0.0,100.0,0.0,98.0,4349.0,23,23,100,0,100,0,200,0,100.0,23698.0,100.0,41960283432.0,100.0,98683461374.0
2018-10-16,Z305D5PZ,ST4000DM000,4000787030016,0,120,236535824,91,0,100,12,100,0,81,153754756,73,23775,100,0,100,12,100.0,0.0,100.0,0.0,100.0,0.0,100.0,0.0,100.0,0.0,77.0,23.0,100.0,0.0,100.0,0.0,98.0,4349.0,23,23,100,0,100,0,200,0,100.0,23722.0,100.0,41987071192.0,100.0,98857523386.0
2018-10-17,Z305D5PZ,ST4000DM000,4000787030016,0,117,124734184,91,0,100,12,100,0,81,154818740,73,23799,100,0,100,12,100.0,0.0,100.0,0.0,100.0,0.0,100.0,0.0,100.0,0.0,77.0,23.0,100.0,0.0,100.0,0.0,98.0,4349.0,23,23,100,0,100,0,200,0,100.0,23746.0,100.0,42018836608.0,100.0,98975070004.0
2018-10-18,Z305D5PZ,ST4000DM000,4000787030016,0,117,165507168,91,0,100,12,100,0,81,155379415,73,23821,100,0,100,12,100.0,0.0,100.0,0.0,100.0,0.0,100.0,0.0,100.0,0.0,77.0,23.0,100.0,0.0,100.0,0.0,98.0,4352.0,23,23,100,0,100,0,200,0,100.0,23768.0,100.0,42034356408.0,100.0,99030278336.0
2018-10-19,Z305D5PZ,ST4000DM000,4000787030016,0,115,85612272,91,0,100,12,100,0,81,157009506,73,23845,100,0,100,12,100.0,0.0,100.0,0.0,100.0,0.0,100.0,0.0,100.0,0.0,77.0,23.0,100.0,0.0,100.0,0.0,98.0,4352.0,23,23,100,0,100,0,200,0,100.0,23791.0,100.0,42058971552.0,100.0,99127752124.0
2018-10-20,Z305D5PZ,ST4000DM000,4000787030016,0,119,218988632,91,0,100,12,100,0,81,159539148,73,23869,100,0,100,12,100.0,0.0,100.0,0.0,100.0,0.0,100.0,0.0,100.0,0.0,77.0,23.0,100.0,0.0,100.0,0.0,98.0,4352.0,23,23,100,0,100,0,200,0,100.0,23816.0,100.0,42084549000.0,100.0,99295140445.0
2018-10-21,Z305D5PZ,ST4000DM000,4000787030016,0,113,55805280,91,0,100,12,100,0,81,160385670,73,23893,100,0,100,12,100.0,0.0,100.0,0.0,100.0,0.0,100.0,0.0,100.0,0.0,77.0,23.0,100.0,0.0,100.0,0.0,98.0,4352.0,23,23,100,0,100,0,200,0,100.0,23839.0,100.0,42102974728.0,100.0,99382640611.0
2018-10-22,Z305D5PZ,ST4000DM000,4000787030016,0,117,142759752,91,0,100,12,100,0,81,161527526,73,23916,100,0,100,12,100.0,0.0,100.0,0.0,100.0,0.0,100.0,0.0,100.0,0.0,77.0,23.0,100.0,0.0,100.0,0.0,98.0,4352.0,23,23,100,0,100,0,200,0,100.0,23863.0,100.0,42115713536.0,100.0,99536755208.0
2018-10-23,Z305D5PZ,ST4000DM000,4000787030016,0,114,76621648,91,0,100,12,100,0,81,163230945,73,23940,100,0,100,12,100.0,0.0,100.0,0.0,100.0,0.0,100.0,0.0,100.0,0.0,77.0,23.0,100.0,0.0,100.0,0.0,98.0,4352.0,23,23,100,0,100,0,200,0,100.0,23887.0,100.0,42139226656.0,100.0,99652324183.0
2018-10-25,Z305D5PZ,ST4000DM000,4000787030016,0,114,74564584,91,0,100,12,100,0,81,165035631,73,23984,100,0,100,12,100.0,0.0,100.0,0.0,100.0,0.0,100.0,0.0,100.0,0.0,77.0,23.0,100.0,0.0,100.0,0.0,98.0,4352.0,23,23,100,0,100,0,200,0,100.0,23931.0,100.0,42170302768.0,100.0,99870668948.0
2018-10-26,Z305D5PZ,ST4000DM000,4000787030016,0,118,191931816,91,0,100,12,100,0,81,166573491,73,24009,100,0,100,12,100.0,0.0,100.0,0.0,100.0,0.0,100.0,0.0,100.0,0.0,77.0,23.0,100.0,0.0,100.0,0.0,98.0,4355.0,23,23,100,0,100,0,200,0,100.0,23955.0,100.0,42188564776.0,100.0,99969199095.0
2018-10-27,Z305D5PZ,ST4000DM000,4000787030016,0,114,70739288,91,0,100,12,100,0,81,167193138,73,24033,100,0,100,12,100.0,0.0,100.0,0.0,100.0,0.0,100.0,0.0,100.0,0.0,77.0,23.0,100.0,0.0,100.0,0.0,98.0,4355.0,23,23,100,0,100,0,200,0,100.0,23980.0,100.0,42202844336.0,100.0,100043507867.0
2018-10-28,Z305D5PZ,ST4000DM000,4000787030016,0,116,115664048,91,0,100,12,100,0,82,168112431,73,24057,100,0,100,12,100.0,0.0,100.0,0.0,100.0,0.0,100.0,0.0,100.0,0.0,77.0,23.0,100.0,0.0,100.0,0.0,98.0,4355.0,23,23,100,0,100,0,200,0,100.0,24004.0,100.0,42219283832.0,100.0,100162217834.0
2018-10-29,Z305D5PZ,ST4000DM000,4000787030016,0,117,131912136,91,0,100,12,100,0,82,168946841,73,24080,100,0,100,12,100.0,0.0,100.0,0.0,100.0,0.0,100.0,0.0,100.0,0.0,77.0,23.0,100.0,0.0,100.0,0.0,98.0,4355.0,23,23,100,0,100,0,200,0,100.0,24027.0,100.0,42237878392.0,100.0,100263832585.0
2018-10-30,Z305D5PZ,ST4000DM000,4000787030016,0,117,141374648,91,0,100,12,100,0,82,170881239,73,24105,100,0,100,12,100.0,0.0,100.0,0.0,100.0,0.0,100.0,0.0,100.0,0.0,77.0,23.0,100.0,0.0,100.0,0.0,98.0,4355.0,23,23,100,0,100,0,200,0,100.0,24052.0,100.0,42257949312.0,100.0,100414858764.0
2018-10-31,Z305D5PZ,ST4000DM000,4000787030016,0,117,128052464,91.0,0.0,100.0,12.0,100.0,0.0,82.0,172201733.0,73,24128,100.0,0.0,100,12,100.0,0.0,100.0,0.0,100.0,0.0,100.0,0.0,100.0,0.0,77.0,23.0,100.0,0.0,100.0,0.0,98.0,4355.0,23,23,100.0,0.0,100.0,0.0,200.0,0.0,100.0,24075.0,100.0,42280873968.0,100.0,100553531375.0
2018-11-01,Z305D5PZ,ST4000DM000,4000787030016,0,116,111836904,91.0,0.0,100.0,12.0,100.0,0.0,82.0,173274866.0,73,24152,100.0,0.0,100,12,100.0,0.0,100.0,0.0,100.0,0.0,100.0,0.0,100.0,0.0,76.0,24.0,100.0,0.0,100.0,0.0,98.0,4355.0,24,24,100.0,0.0,100.0,0.0,200.0,0.0,100.0,24099.0,100.0,42299085800.0,100.0,100682905784.0
2018-11-02,Z305D5PZ,ST4000DM000,4000787030016,0,111,33590864,91.0,0.0,100.0,12.0,100.0,0.0,82.0,175671295.0,73,24177,100.0,0.0,100,12,100.0,0.0,100.0,0.0,100.0,0.0,100.0,0.0,100.0,0.0,76.0,24.0,100.0,0.0,100.0,0.0,98.0,4359.0,24,24,100.0,0.0,100.0,0.0,200.0,0.0,100.0,24123.0,100.0,42322992960.0,100.0,100795517583.0
2018-11-03,Z305D5PZ,ST4000DM000,4000787030016,0,114,58829184,91.0,0.0,100.0,12.0,100.0,0.0,82.0,176594810.0,73,24200,100.0,0.0,100,12,100.0,0.0,100.0,0.0,100.0,0.0,100.0,0.0,100.0,0.0,77.0,23.0,100.0,0.0,100.0,0.0,98.0,4359.0,23,23,100.0,0.0,100.0,0.0,200.0,0.0,100.0,24147.0,100.0,42335070248.0,100.0,100842996455.0
2018-11-04,Z305D5PZ,ST4000DM000,4000787030016,0,117,164351816,91.0,0.0,100.0,12.0,100.0,0.0,82.0,177268783.0,73,24224,100.0,0.0,100,12,100.0,0.0,100.0,0.0,100.0,0.0,100.0,0.0,100.0,0.0,77.0,23.0,100.0,0.0,100.0,0.0,98.0,4359.0,23,23,100.0,0.0,100.0,0.0,200.0,0.0,100.0,24171.0,100.0,42349870008.0,100.0,100913439045.0
2018-11-05,Z305D5PZ,ST4000DM000,4000787030016,0,117,153004584,91.0,0.0,100.0,12.0,100.0,0.0,82.0,177645953.0,73,24248,100.0,0.0,100,12,100.0,0.0,100.0,0.0,100.0,0.0,100.0,0.0,100.0,0.0,77.0,23.0,100.0,0.0,100.0,0.0,98.0,4359.0,23,23,100.0,0.0,100.0,0.0,200.0,0.0,100.0,24195.0,100.0,42365536344.0,100.0,100934905620.0
2018-11-06,Z305D5PZ,ST4000DM000,4000787030016,0,115.0,86515592.0,91.0,0.0,100.0,12.0,100.0,0.0,82.0,179306767.0,73.0,24272.0,100.0,0.0,100.0,12.0,100.0,0.0,100.0,0.0,100.0,0.0,100.0,0.0,100.0,0.0,77.0,23.0,100.0,0.0,100.0,0.0,98.0,4359.0,23.0,23.0,100.0,0.0,100.0,0.0,200.0,0.0,100.0,24219.0,100.0,42382404192.0,100.0,101078231924.0
2018-11-07,Z305D5PZ,ST4000DM000,4000787030016,0,120.0,243015936.0,91.0,0.0,100.0,12.0,100.0,0.0,82.0,181142032.0,73.0,24296.0,100.0,0.0,100.0,12.0,100.0,0.0,100.0,0.0,100.0,0.0,100.0,0.0,100.0,0.0,77.0,23.0,100.0,0.0,100.0,0.0,98.0,4359.0,23.0,23.0,100.0,0.0,100.0,0.0,200.0,0.0,100.0,24243.0,100.0,42414774488.0,100.0,101243068381.0
2018-11-08,Z305D5PZ,ST4000DM000,4000787030016,0,116.0,116285784.0,91.0,0.0,100.0,12.0,100.0,0.0,82.0,182277489.0,73.0,24327.0,100.0,0.0,100.0,12.0,100.0,0.0,100.0,0.0,100.0,0.0,100.0,0.0,100.0,0.0,78.0,22.0,100.0,0.0,100.0,0.0,98.0,4359.0,22.0,22.0,100.0,0.0,100.0,0.0,200.0,0.0,100.0,24274.0,100.0,42444512168.0,100.0,101354689793.0
2018-11-09,Z305D5PZ,ST4000DM000,4000787030016,0,110,26179584,91.0,0.0,100.0,12.0,100.0,0.0,82.0,183302641.0,73,24351,100.0,0.0,100,12,100.0,0.0,100.0,0.0,100.0,0.0,100.0,0.0,100.0,0.0,77.0,23.0,100.0,0.0,100.0,0.0,98.0,4362.0,23,23,100.0,0.0,100.0,0.0,200.0,0.0,100.0,24298.0,100.0,42465313536.0,100.0,101484421942.0
2018-11-10,Z305D5PZ,ST4000DM000,4000787030016,0,115,84265696,91.0,0.0,100.0,12.0,100.0,0.0,82.0,183986052.0,73,24375,100.0,0.0,100,12,100.0,0.0,100.0,0.0,100.0,0.0,100.0,0.0,100.0,0.0,77.0,23.0,100.0,0.0,100.0,0.0,98.0,4362.0,23,23,100.0,0.0,100.0,0.0,200.0,0.0,100.0,24322.0,100.0,42476720056.0,100.0,101562541085.0
2018-11-11,Z305D5PZ,ST4000DM000,4000787030016,0,115,91498560,91.0,0.0,100.0,12.0,100.0,0.0,82.0,184882897.0,73,24399,100.0,0.0,100,12,100.0,0.0,100.0,0.0,100.0,0.0,100.0,0.0,100.0,0.0,78.0,22.0,100.0,0.0,100.0,0.0,98.0,4362.0,22,22,100.0,0.0,100.0,0.0,200.0,0.0,100.0,24346.0,100.0,42489590440.0,100.0,101659037659.0
2018-11-12,Z305D5PZ,ST4000DM000,4000787030016,0,117,138293048,91.0,0.0,100.0,12.0,100.0,0.0,82.0,185750711.0,73,24423,100.0,0.0,100,12,100.0,0.0,100.0,0.0,100.0,0.0,100.0,0.0,100.0,0.0,77.0,23.0,100.0,0.0,100.0,0.0,98.0,4362.0,23,23,100.0,0.0,100.0,0.0,200.0,0.0,100.0,24370.0,100.0,42502907296.0,100.0,101762824488.0
2018-11-13,Z305D5PZ,ST4000DM000,4000787030016,0,116,106784080,91.0,0.0,100.0,12.0,100.0,0.0,82.0,187679858.0,73,24447,100.0,0.0,100,12,100.0,0.0,100.0,0.0,100.0,0.0,100.0,0.0,100.0,0.0,78.0,22.0,100.0,0.0,100.0,0.0,98.0,4362.0,22,22,100.0,0.0,100.0,0.0,200.0,0.0,100.0,24394.0,100.0,42535457480.0,100.0,101867442025.0
2018-11-14,Z305D5PZ,ST4000DM000,4000787030016,0,119,223379952,91.0,0.0,100.0,12.0,100.0,0.0,82.0,188602046.0,73,24471,100.0,0.0,100,12,100.0,0.0,100.0,0.0,100.0,0.0,100.0,0.0,100.0,0.0,77.0,23.0,100.0,0.0,100.0,0.0,98.0,4362.0,23,23,100.0,0.0,100.0,0.0,200.0,0.0,100.0,24418.0,100.0,42558417728.0,100.0,101944103727.0
2018-11-15,Z305D5PZ,ST4000DM000,4000787030016,0,117,165006400,91.0,0.0,100.0,12.0,100.0,0.0,82.0,189561711.0,73,24495,100.0,0.0,100,12,100.0,0.0,100.0,0.0,100.0,0.0,100.0,0.0,100.0,0.0,77.0,23.0,100.0,0.0,100.0,0.0,98.0,4362.0,23,23,100.0,0.0,100.0,0.0,200.0,0.0,100.0,24442.0,100.0,42581475040.0,100.0,102029125917.0
2018-11-16,Z305D5PZ,ST4000DM000,4000787030016,0,117,121208456,91.0,0.0,100.0,12.0,100.0,0.0,82.0,191315245.0,73,24519,100.0,0.0,100,12,100.0,0.0,100.0,0.0,100.0,0.0,100.0,0.0,100.0,0.0,77.0,23.0,100.0,0.0,100.0,0.0,98.0,4362.0,23,23,100.0,0.0,100.0,0.0,200.0,0.0,100.0,24466.0,100.0,42612286304.0,100.0,102090151644.0
2018-11-17,Z305D5PZ,ST4000DM000,4000787030016,0,117.0,127218704.0,91.0,0.0,100.0,12.0,100.0,0.0,82.0,192921934.0,72.0,24543.0,100.0,0.0,100.0,12.0,100.0,0.0,100.0,0.0,100.0,0.0,100.0,0.0,100.0,0.0,77.0,23.0,100.0,0.0,100.0,0.0,98.0,4362.0,23.0,23.0,100.0,0.0,100.0,0.0,200.0,0.0,100.0,24490.0,100.0,42623975144.0,100.0,106474410226.0
2018-11-18,Z305D5PZ,ST4000DM000,4000787030016,0,119,215146720,91.0,0.0,100.0,12.0,100.0,0.0,82.0,193879357.0,72,24567,100.0,0.0,100,12,100.0,0.0,100.0,0.0,100.0,0.0,100.0,0.0,100.0,0.0,77.0,23.0,100.0,0.0,100.0,0.0,98.0,4362.0,23,23,100.0,0.0,100.0,0.0,200.0,0.0,100.0,24514.0,100.0,42638894520.0,100.0,106580409590.0
2018-11-19,Z305D5PZ,ST4000DM000,4000787030016,0,111,33130472,91.0,0.0,100.0,12.0,100.0,0.0,82.0,195091723.0,72,24592,100.0,0.0,100,12,100.0,0.0,100.0,0.0,100.0,0.0,100.0,0.0,100.0,0.0,77.0,23.0,100.0,0.0,100.0,0.0,98.0,4362.0,23,23,100.0,0.0,100.0,0.0,200.0,0.0,100.0,24538.0,100.0,42659649064.0,100.0,106690018304.0
2018-11-20,Z305D5PZ,ST4000DM000,4000787030016,0,118,180072640,91.0,0.0,100.0,12.0,100.0,0.0,82.0,197184868.0,72,24615,100.0,0.0,100,12,100.0,0.0,100.0,0.0,100.0,0.0,100.0,0.0,100.0,0.0,77.0,23.0,100.0,0.0,100.0,0.0,98.0,4362.0,23,23,100.0,0.0,100.0,0.0,200.0,0.0,100.0,24562.0,100.0,42680875504.0,100.0,106834420001.0
2018-11-21,Z305D5PZ,ST4000DM000,4000787030016,0,114,60287744,91.0,0.0,100.0,12.0,100.0,0.0,82.0,198315059.0,72,24640,100.0,0.0,100,12,100.0,0.0,100.0,0.0,100.0,0.0,100.0,0.0,100.0,0.0,77.0,23.0,100.0,0.0,100.0,0.0,98.0,4362.0,23,23,100.0,0.0,100.0,0.0,200.0,0.0,100.0,24586.0,100.0,42703346920.0,100.0,106900000837.0
2018-11-22,Z305D5PZ,ST4000DM000,4000787030016,0,116,111706808,91.0,0.0,100.0,12.0,100.0,0.0,82.0,199473154.0,72,24663,100.0,0.0,100,12,100.0,0.0,100.0,0.0,100.0,0.0,100.0,0.0,100.0,0.0,76.0,24.0,100.0,0.0,100.0,0.0,98.0,4362.0,24,24,100.0,0.0,100.0,0.0,200.0,0.0,100.0,24610.0,100.0,42718283984.0,100.0,106976674033.0
2018-11-23,Z305D5PZ,ST4000DM000,4000787030016,0,118,175342088,91.0,0.0,100.0,12.0,100.0,0.0,82.0,200837512.0,72,24687,100.0,0.0,100,12,100.0,0.0,100.0,0.0,100.0,0.0,100.0,0.0,100.0,0.0,77.0,23.0,100.0,0.0,100.0,0.0,98.0,4362.0,23,23,100.0,0.0,100.0,0.0,200.0,0.0,100.0,24634.0,100.0,42742052552.0,100.0,107095897871.0
2018-11-24,Z305D5PZ,ST4000DM000,4000787030016,0,120,239943864,91.0,0.0,100.0,12.0,100.0,0.0,83.0,201625104.0,72,24712,100.0,0.0,100,12,100.0,0.0,100.0,0.0,100.0,0.0,100.0,0.0,100.0,0.0,77.0,23.0,100.0,0.0,100.0,0.0,98.0,4362.0,23,23,100.0,0.0,100.0,0.0,200.0,0.0,100.0,24658.0,100.0,42754951088.0,100.0,107230173802.0
2018-11-25,Z305D5PZ,ST4000DM000,4000787030016,0,119,209183280,91.0,0.0,100.0,12.0,100.0,0.0,83.0,202187923.0,72,24735,100.0,0.0,100,12,100.0,0.0,100.0,0.0,100.0,0.0,100.0,0.0,100.0,0.0,77.0,23.0,100.0,0.0,100.0,0.0,98.0,4362.0,23,23,100.0,0.0,100.0,0.0,200.0,0.0,100.0,24682.0,100.0,42768855504.0,100.0,107318917720.0
2018-11-26,Z305D5PZ,ST4000DM000,4000787030016,0,118,172945104,91.0,0.0,100.0,12.0,100.0,0.0,83.0,202771998.0,72,24760,100.0,0.0,100,12,100.0,0.0,100.0,0.0,100.0,0.0,100.0,0.0,100.0,0.0,77.0,23.0,100.0,0.0,100.0,0.0,98.0,4362.0,23,23,100.0,0.0,100.0,0.0,200.0,0.0,100.0,24706.0,100.0,42780684080.0,100.0,107476227551.0
2018-11-27,Z305D5PZ,ST4000DM000,4000787030016,0,114,69230608,91.0,0.0,100.0,12.0,100.0,0.0,83.0,204377729.0,72,24784,100.0,0.0,100,12,100.0,0.0,100.0,0.0,100.0,0.0,100.0,0.0,100.0,0.0,77.0,23.0,100.0,0.0,100.0,0.0,98.0,4362.0,23,23,100.0,0.0,100.0,0.0,200.0,0.0,100.0,24730.0,100.0,42798134760.0,100.0,107678062037.0
2018-11-28,Z305D5PZ,ST4000DM000,4000787030016,0,109,21861512,91.0,0.0,100.0,12.0,100.0,0.0,83.0,205046913.0,72,24807,100.0,0.0,100,12,100.0,0.0,100.0,0.0,100.0,0.0,100.0,0.0,100.0,0.0,77.0,23.0,100.0,0.0,100.0,0.0,98.0,4362.0,23,23,100.0,0.0,100.0,0.0,200.0,0.0,100.0,24754.0,100.0,42815782192.0,100.0,107837528307.0
2018-11-29,Z305D5PZ,ST4000DM000,4000787030016,0,119,229384152,91.0,0.0,100.0,12.0,100.0,0.0,83.0,205953845.0,72,24831,100.0,0.0,100,12,100.0,0.0,100.0,0.0,100.0,0.0,100.0,0.0,100.0,0.0,78.0,22.0,100.0,0.0,100.0,0.0,98.0,4362.0,22,22,100.0,0.0,100.0,0.0,200.0,0.0,100.0,24778.0,100.0,42835540568.0,100.0,108037328654.0
2018-11-30,Z305D5PZ,ST4000DM000,4000787030016,0,117,133054408,91.0,0.0,100.0,12.0,100.0,0.0,83.0,207198370.0,72,24855,100.0,0.0,100,12,100.0,0.0,100.0,0.0,100.0,0.0,100.0,0.0,100.0,0.0,77.0,23.0,100.0,0.0,100.0,0.0,98.0,4362.0,23,23,100.0,0.0,100.0,0.0,200.0,0.0,100.0,24802.0,100.0,42857745472.0,100.0,108180529133.0
2018-12-01,Z305D5PZ,ST4000DM000,4000787030016,0,117,147501520,91.0,0.0,100.0,12.0,100.0,0.0,83.0,209123727.0,72,24879,100.0,0.0,100,12,100.0,0.0,100.0,0.0,100.0,0.0,100.0,0.0,100.0,0.0,77.0,23.0,100.0,0.0,100.0,0.0,98.0,4362.0,23,23,100.0,0.0,100.0,0.0,200.0,0.0,100.0,24826.0,100.0,42880413320.0,100.0,108335195578.0
2018-12-02,Z305D5PZ,ST4000DM000,4000787030016,0,114,77765096,91.0,0.0,100.0,12.0,100.0,0.0,83.0,209791102.0,72,24904,100.0,0.0,100,12,100.0,0.0,100.0,0.0,100.0,0.0,100.0,0.0,100.0,0.0,78.0,22.0,100.0,0.0,100.0,0.0,98.0,4362.0,22,22,100.0,0.0,100.0,0.0,200.0,0.0,100.0,24850.0,100.0,42903184392.0,100.0,108538954828.0
2018-12-03,Z305D5PZ,ST4000DM000,4000787030016,0,116,106428616,91.0,0.0,100.0,12.0,100.0,0.0,83.0,210834681.0,72,24927,100.0,0.0,100,12,100.0,0.0,100.0,0.0,100.0,0.0,100.0,0.0,100.0,0.0,77.0,23.0,100.0,0.0,100.0,0.0,98.0,4362.0,23,23,100.0,0.0,100.0,0.0,200.0,0.0,100.0,24874.0,100.0,42924122008.0,100.0,108708722973.0
2018-12-04,Z305D5PZ,ST4000DM000,4000787030016,0,114,66738648,91.0,0.0,100.0,12.0,100.0,0.0,83.0,212805907.0,72,24951,100.0,0.0,100,12,100.0,0.0,100.0,0.0,100.0,0.0,100.0,0.0,100.0,0.0,77.0,23.0,100.0,0.0,100.0,0.0,98.0,4362.0,23,23,100.0,0.0,100.0,0.0,200.0,0.0,100.0,24898.0,100.0,42945157528.0,100.0,108896036090.0
2018-12-05,Z305D5PZ,ST4000DM000,4000787030016,0,116.0,112408520.0,91.0,0.0,100.0,12.0,100.0,0.0,83.0,214212872.0,72.0,24975.0,100.0,0.0,100.0,12.0,100.0,0.0,100.0,0.0,100.0,0.0,100.0,0.0,100.0,0.0,77.0,23.0,100.0,0.0,100.0,0.0,98.0,4362.0,23.0,23.0,100.0,0.0,100.0,0.0,200.0,0.0,100.0,24922.0,100.0,42967157608.0,100.0,109052151439.0
2018-12-06,Z305D5PZ,ST4000DM000,4000787030016,0,115,91062368,91.0,0.0,100.0,12.0,100.0,0.0,83.0,215473414.0,72,24998,100.0,0.0,100,12,100.0,0.0,100.0,0.0,100.0,0.0,100.0,0.0,100.0,0.0,78.0,22.0,100.0,0.0,100.0,0.0,98.0,4365.0,22,22,100.0,0.0,100.0,0.0,200.0,0.0,100.0,24944.0,100.0,42984591400.0,100.0,109203900677.0
2018-12-07,Z305D5PZ,ST4000DM000,4000787030016,0,115,90424392,91.0,0.0,100.0,12.0,100.0,0.0,83.0,217138953.0,72,25022,100.0,0.0,100,12,100.0,0.0,100.0,0.0,100.0,0.0,100.0,0.0,100.0,0.0,78.0,22.0,100.0,0.0,100.0,0.0,98.0,4365.0,22,22,100.0,0.0,100.0,0.0,200.0,0.0,100.0,24968.0,100.0,43012609696.0,100.0,109313036440.0
2018-12-08,Z305D5PZ,ST4000DM000,4000787030016,0,117,153846776,91.0,0.0,100.0,12.0,100.0,0.0,83.0,218080892.0,72,25046,100.0,0.0,100,12,100.0,0.0,100.0,0.0,100.0,0.0,100.0,0.0,100.0,0.0,77.0,23.0,100.0,0.0,100.0,0.0,98.0,4365.0,23,23,100.0,0.0,100.0,0.0,200.0,0.0,100.0,24993.0,100.0,43028663472.0,100.0,109432170931.0
2018-12-09,Z305D5PZ,ST4000DM000,4000787030016,0,115,86689424,91.0,0.0,100.0,12.0,100.0,0.0,83.0,219061218.0,72,25070,100.0,0.0,100,12,100.0,0.0,100.0,0.0,100.0,0.0,100.0,0.0,100.0,0.0,77.0,23.0,100.0,0.0,100.0,0.0,98.0,4365.0,23,23,100.0,0.0,100.0,0.0,200.0,0.0,100.0,25017.0,100.0,43046161264.0,100.0,109568101137.0
2018-12-10,Z305D5PZ,ST4000DM000,4000787030016,0,117,154422984,91.0,0.0,100.0,12.0,100.0,0.0,83.0,220359216.0,72,25094,100.0,0.0,100,12,100.0,0.0,100.0,0.0,100.0,0.0,100.0,0.0,100.0,0.0,78.0,22.0,100.0,0.0,100.0,0.0,98.0,4365.0,22,22,100.0,0.0,100.0,0.0,200.0,0.0,100.0,25041.0,100.0,43060686464.0,100.0,109732785251.0
2018-12-11,Z305D5PZ,ST4000DM000,4000787030016,0,120,237717448,91.0,0.0,100.0,12.0,100.0,0.0,83.0,222110931.0,72,25118,100.0,0.0,100,12,100.0,0.0,100.0,0.0,100.0,0.0,100.0,0.0,100.0,0.0,78.0,22.0,100.0,0.0,100.0,0.0,98.0,4365.0,22,22,100.0,0.0,100.0,0.0,200.0,0.0,100.0,25065.0,100.0,43084187416.0,100.0,109876119397.0
2018-12-12,Z305D5PZ,ST4000DM000,4000787030016,0,114,72156312,91.0,0.0,100.0,12.0,100.0,0.0,83.0,222959514.0,72,25142,100.0,0.0,100,12,100.0,0.0,100.0,0.0,100.0,0.0,100.0,0.0,100.0,0.0,77.0,23.0,100.0,0.0,100.0,0.0,98.0,4365.0,23,23,100.0,0.0,100.0,0.0,200.0,0.0,100.0,25089.0,100.0,43101182160.0,100.0,109996295320.0
2018-12-13,Z305D5PZ,ST4000DM000,4000787030016,0,120,2057736,91.0,0.0,100.0,12.0,100.0,0.0,83.0,224103829.0,72,25166,100.0,0.0,100,12,100.0,0.0,100.0,0.0,100.0,0.0,100.0,0.0,100.0,0.0,77.0,23.0,100.0,0.0,100.0,0.0,98.0,4365.0,23,23,100.0,0.0,100.0,0.0,200.0,0.0,100.0,25113.0,100.0,43123999912.0,100.0,110150253172.0
2018-12-14,Z305D5PZ,ST4000DM000,4000787030016,0,118,173764072,91.0,0.0,100.0,12.0,100.0,0.0,83.0,226088423.0,72,25190,100.0,0.0,100,12,100.0,0.0,100.0,0.0,100.0,0.0,100.0,0.0,100.0,0.0,78.0,22.0,100.0,0.0,100.0,0.0,98.0,4365.0,22,22,100.0,0.0,100.0,0.0,200.0,0.0,100.0,25137.0,100.0,43142292704.0,100.0,110282919399.0
2018-12-15,Z305D5PZ,ST4000DM000,4000787030016,0,120,243484736,91.0,0.0,100.0,12.0,100.0,0.0,83.0,227919464.0,72,25214,100.0,0.0,100,12,100.0,0.0,100.0,0.0,100.0,0.0,100.0,0.0,100.0,0.0,78.0,22.0,100.0,0.0,100.0,0.0,98.0,4365.0,22,22,100.0,0.0,100.0,0.0,200.0,0.0,100.0,25160.0,100.0,43155452648.0,100.0,110384136678.0
2018-12-16,Z305D5PZ,ST4000DM000,4000787030016,0,108,20346560,91.0,0.0,100.0,12.0,100.0,0.0,83.0,228400246.0,72,25238,100.0,0.0,100,12,100.0,0.0,100.0,0.0,100.0,0.0,100.0,0.0,100.0,0.0,78.0,22.0,100.0,0.0,100.0,0.0,98.0,4365.0,22,22,100.0,0.0,100.0,0.0,200.0,0.0,100.0,25184.0,100.0,43170549664.0,100.0,110421532860.0
2018-12-17,Z305D5PZ,ST4000DM000,4000787030016,0,119,219367240,91.0,0.0,100.0,12.0,100.0,0.0,83.0,229842449.0,72,25262,100.0,0.0,100,12,100.0,0.0,100.0,0.0,100.0,0.0,100.0,0.0,100.0,0.0,78.0,22.0,100.0,0.0,100.0,0.0,98.0,4365.0,22,22,100.0,0.0,100.0,0.0,200.0,0.0,100.0,25209.0,100.0,43186697928.0,100.0,110602287954.0
2018-12-18,Z305D5PZ,ST4000DM000,4000787030016,0,119,223591000,91.0,0.0,100.0,12.0,100.0,0.0,83.0,231591233.0,72,25286,100.0,0.0,100,12,100.0,0.0,100.0,0.0,100.0,0.0,100.0,0.0,100.0,0.0,78.0,22.0,100.0,0.0,100.0,0.0,98.0,4365.0,22,22,100.0,0.0,100.0,0.0,200.0,0.0,100.0,25233.0,100.0,43210684488.0,100.0,110715551436.0
2018-12-19,Z305D5PZ,ST4000DM000,4000787030016,0,103,5803664,91.0,0.0,100.0,12.0,100.0,0.0,83.0,232391834.0,72,25310,100.0,0.0,100,12,100.0,0.0,100.0,0.0,100.0,0.0,100.0,0.0,100.0,0.0,78.0,22.0,100.0,0.0,100.0,0.0,98.0,4365.0,22,22,100.0,0.0,100.0,0.0,200.0,0.0,100.0,25256.0,100.0,43225939968.0,100.0,110820922185.0
2018-12-20,Z305D5PZ,ST4000DM000,4000787030016,0,118,171973344,91.0,0.0,100.0,12.0,100.0,0.0,83.0,233475674.0,72,25334,100.0,0.0,100,12,100.0,0.0,100.0,0.0,100.0,0.0,100.0,0.0,100.0,0.0,78.0,22.0,100.0,0.0,100.0,0.0,98.0,4365.0,22,22,100.0,0.0,100.0,0.0,200.0,0.0,100.0,25280.0,100.0,43242467400.0,100.0,110948275683.0
2018-12-21,Z305D5PZ,ST4000DM000,4000787030016,0,118,174763800,91.0,0.0,100.0,12.0,100.0,0.0,83.0,234818033.0,72,25358,100.0,0.0,100,12,100.0,0.0,100.0,0.0,100.0,0.0,100.0,0.0,100.0,0.0,78.0,22.0,100.0,0.0,100.0,0.0,98.0,4365.0,22,22,100.0,0.0,100.0,0.0,200.0,0.0,100.0,25305.0,100.0,43260841624.0,100.0,111008129111.0
2018-12-22,Z305D5PZ,ST4000DM000,4000787030016,0,117,140429200,91.0,0.0,100.0,12.0,100.0,0.0,84.0,235626241.0,72,25382,100.0,0.0,100,12,100.0,0.0,100.0,0.0,100.0,0.0,100.0,0.0,100.0,0.0,78.0,22.0,100.0,0.0,100.0,0.0,98.0,4365.0,22,22,100.0,0.0,100.0,0.0,200.0,0.0,100.0,25329.0,100.0,43274567144.0,100.0,111115886340.0
2018-12-23,Z305D5PZ,ST4000DM000,4000787030016,0,119,232191640,91.0,0.0,100.0,12.0,100.0,0.0,84.0,236565020.0,71,25406,100.0,0.0,100,12,100.0,0.0,100.0,0.0,100.0,0.0,100.0,0.0,100.0,0.0,78.0,22.0,100.0,0.0,100.0,0.0,98.0,4365.0,22,22,100.0,0.0,100.0,0.0,200.0,0.0,100.0,25353.0,100.0,43292879256.0,100.0,111239463728.0
2018-12-24,Z305D5PZ,ST4000DM000,4000787030016,0,116,111198800,91.0,0.0,100.0,12.0,100.0,0.0,84.0,237654765.0,71,25430,100.0,0.0,100,12,100.0,0.0,100.0,0.0,100.0,0.0,100.0,0.0,100.0,0.0,78.0,22.0,100.0,0.0,100.0,0.0,98.0,4365.0,22,22,100.0,0.0,100.0,0.0,200.0,0.0,100.0,25377.0,100.0,43308501632.0,100.0,111362766021.0
2018-12-25,Z305D5PZ,ST4000DM000,4000787030016,0,100,2905920,91.0,0.0,100.0,12.0,100.0,0.0,84.0,239758956.0,71,25454,100.0,0.0,100,12,100.0,0.0,100.0,0.0,100.0,0.0,100.0,0.0,100.0,0.0,78.0,22.0,100.0,0.0,100.0,0.0,98.0,4365.0,22,22,100.0,0.0,100.0,0.0,200.0,0.0,100.0,25400.0,100.0,43329643312.0,100.0,111514467653.0
2018-12-26,Z305D5PZ,ST4000DM000,4000787030016,0,101,3528112,91.0,0.0,100.0,12.0,100.0,0.0,84.0,240681388.0,71,25478,100.0,0.0,100,12,100.0,0.0,100.0,0.0,100.0,0.0,100.0,0.0,100.0,0.0,78.0,22.0,100.0,0.0,100.0,0.0,98.0,4365.0,22,22,100.0,0.0,100.0,0.0,200.0,0.0,100.0,25424.0,100.0,43342550216.0,100.0,111635353143.0
2018-12-27,Z305D5PZ,ST4000DM000,4000787030016,0,120,236424976,91.0,0.0,100.0,12.0,100.0,0.0,84.0,241105507.0,71,25502,100.0,0.0,100,12,100.0,0.0,100.0,0.0,100.0,0.0,100.0,0.0,100.0,0.0,78.0,22.0,100.0,0.0,100.0,0.0,98.0,4365.0,22,22,100.0,0.0,100.0,0.0,200.0,0.0,100.0,25448.0,100.0,43360999664.0,100.0,111652979792.0
2018-12-28,Z305D5PZ,ST4000DM000,4000787030016,0,116,116615112,91.0,0.0,100.0,12.0,100.0,0.0,84.0,243984122.0,71,25526,100.0,0.0,100,12,100.0,0.0,100.0,0.0,100.0,0.0,100.0,0.0,100.0,0.0,78.0,22.0,100.0,0.0,100.0,0.0,98.0,4365.0,22,22,100.0,0.0,100.0,0.0,200.0,0.0,100.0,25473.0,100.0,43385654936.0,100.0,111756451563.0
2018-12-29,Z305D5PZ,ST4000DM000,4000787030016,0,115,90409128,91.0,0.0,100.0,12.0,100.0,0.0,84.0,244365569.0,71,25550,100.0,0.0,100,12,100.0,0.0,100.0,0.0,100.0,0.0,100.0,0.0,100.0,0.0,78.0,22.0,100.0,0.0,100.0,0.0,98.0,4365.0,22,22,100.0,0.0,100.0,0.0,200.0,0.0,100.0,25496.0,100.0,43402251344.0,100.0,111775727385.0
2018-12-30,Z305D5PZ,ST4000DM000,4000787030016,0,114,69203456,91.0,0.0,100.0,12.0,100.0,0.0,84.0,245303579.0,71,25574,100.0,0.0,100,12,100.0,0.0,100.0,0.0,100.0,0.0,100.0,0.0,100.0,0.0,78.0,22.0,100.0,0.0,100.0,0.0,98.0,4365.0,22,22,100.0,0.0,100.0,0.0,200.0,0.0,100.0,25521.0,100.0,43411977912.0,100.0,111899718042.0
2018-12-31,Z305D5PZ,ST4000DM000,4000787030016,0,104,6337200,91.0,0.0,100.0,12.0,100.0,0.0,84.0,246574575.0,71,25598,100.0,0.0,100,12,100.0,0.0,100.0,0.0,100.0,0.0,100.0,0.0,100.0,0.0,79.0,21.0,100.0,0.0,100.0,0.0,98.0,4365.0,21,21,100.0,0.0,100.0,0.0,200.0,0.0,100.0,25545.0,100.0,43429566120.0,100.0,112044192031.0
