2019-01-01,Z302AKBG,ST4000DM000,4000787030016,0,117,163934768,92.0,0.0,100.0,10.0,100.0,0.0,85.0,370357330.0,66,30317,100.0,0.0,100,10,100.0,0.0,100.0,0.0,100.0,0.0,100.0,0.0,100.0,0.0,78.0,22.0,100.0,0.0,100.0,0.0,76.0,48989.0,22,22,100.0,0.0,100.0,0.0,200.0,0.0,100.0,29972.0,100.0,48510191528.0,100.0,115190186680.0
2019-01-02,Z302AKBG,ST4000DM000,4000787030016,0,117,136306704,92.0,0.0,100.0,10.0,100.0,0.0,85.0,371253383.0,66,30340,100.0,0.0,100,10,100.0,0.0,100.0,0.0,100.0,0.0,100.0,0.0,100.0,0.0,78.0,22.0,100.0,0.0,100.0,0.0,76.0,48989.0,22,22,100.0,0.0,100.0,0.0,200.0,0.0,100.0,29995.0,100.0,48512838032.0,100.0,115351237093.0
2019-01-03,Z302AKBG,ST4000DM000,4000787030016,0,118.0,185238376.0,92.0,0.0,100.0,10.0,100.0,0.0,85.0,372829847.0,66.0,30364.0,100.0,0.0,100.0,10.0,100.0,0.0,100.0,0.0,100.0,0.0,100.0,0.0,100.0,0.0,78.0,22.0,100.0,0.0,100.0,0.0,76.0,48989.0,22.0,22.0,100.0,0.0,100.0,0.0,200.0,0.0,100.0,30019.0,100.0,48514504536.0,100.0,115520082165.0
2019-01-04,Z302AKBG,ST4000DM000,4000787030016,0,118,172113904,92.0,0.0,100.0,10.0,100.0,0.0,85.0,374913922.0,66,30388,100.0,0.0,100,10,100.0,0.0,100.0,0.0,100.0,0.0,100.0,0.0,100.0,0.0,76.0,24.0,100.0,0.0,100.0,0.0,76.0,48989.0,24,24,100.0,0.0,100.0,0.0,200.0,0.0,100.0,30044.0,100.0,48518954344.0,100.0,115708679877.0
2019-01-05,Z302AKBG,ST4000DM000,4000787030016,0,119,228345856,92.0,0.0,100.0,10.0,100.0,0.0,85.0,375533132.0,66,30412,100.0,0.0,100,10,100.0,0.0,100.0,0.0,100.0,0.0,100.0,0.0,100.0,0.0,76.0,24.0,100.0,0.0,100.0,0.0,76.0,48989.0,24,24,100.0,0.0,100.0,0.0,200.0,0.0,100.0,30067.0,100.0,48521696312.0,100.0,115833074798.0
2019-01-06,Z302AKBG,ST4000DM000,4000787030016,0,118,192434032,92.0,0.0,100.0,10.0,100.0,0.0,85.0,376892655.0,66,30437,100.0,0.0,100,10,100.0,0.0,100.0,0.0,100.0,0.0,100.0,0.0,100.0,0.0,75.0,25.0,100.0,0.0,100.0,0.0,76.0,48989.0,25,25,100.0,0.0,100.0,0.0,200.0,0.0,100.0,30092.0,100.0,48526556936.0,100.0,115963489110.0
2019-01-07,Z302AKBG,ST4000DM000,4000787030016,0,118,199034680,92.0,0.0,100.0,10.0,100.0,0.0,85.0,378934165.0,66,30460,100.0,0.0,100,10,100.0,0.0,100.0,0.0,100.0,0.0,100.0,0.0,100.0,0.0,74.0,26.0,100.0,0.0,100.0,0.0,76.0,48989.0,26,26,100.0,0.0,100.0,0.0,200.0,0.0,100.0,30115.0,100.0,48532964296.0,100.0,116131238933.0
2019-01-08,Z302AKBG,ST4000DM000,4000787030016,0,116,116137216,92.0,0.0,100.0,10.0,100.0,0.0,85.0,379912163.0,66,30484,100.0,0.0,100,10,100.0,0.0,100.0,0.0,100.0,0.0,100.0,0.0,100.0,0.0,77.0,23.0,100.0,0.0,100.0,0.0,76.0,48989.0,23,23,100.0,0.0,100.0,0.0,200.0,0.0,100.0,30139.0,100.0,48535963952.0,100.0,116279283133.0
2019-01-09,Z302AKBG,ST4000DM000,4000787030016,0,115,91002744,92.0,0.0,100.0,10.0,100.0,0.0,85.0,381090024.0,66,30508,100.0,0.0,100,10,100.0,0.0,100.0,0.0,100.0,0.0,100.0,0.0,100.0,0.0,77.0,23.0,100.0,0.0,100.0,0.0,76.0,48989.0,23,23,100.0,0.0,100.0,0.0,200.0,0.0,100.0,30163.0,100.0,48537737688.0,100.0,116435401708.0
2019-01-10,Z302AKBG,ST4000DM000,4000787030016,0,118,184136472,92.0,0.0,100.0,10.0,100.0,0.0,85.0,381880325.0,66,30528,100.0,0.0,100,10,100.0,0.0,100.0,0.0,100.0,0.0,100.0,0.0,100.0,0.0,77.0,23.0,100.0,0.0,100.0,0.0,76.0,48989.0,23,23,100.0,0.0,100.0,0.0,200.0,0.0,100.0,30184.0,100.0,48539158264.0,100.0,116591487605.0
2019-01-11,Z302AKBG,ST4000DM000,4000787030016,0,116.0,115551688.0,92.0,0.0,100.0,10.0,100.0,0.0,85.0,383510070.0,66.0,30552.0,100.0,0.0,100.0,10.0,100.0,0.0,100.0,0.0,100.0,0.0,100.0,0.0,100.0,0.0,76.0,24.0,100.0,0.0,100.0,0.0,76.0,48989.0,24.0,24.0,100.0,0.0,100.0,0.0,200.0,0.0,100.0,30207.0,100.0,48543689248.0,100.0,116759948639.0
2019-01-12,Z302AKBG,ST4000DM000,4000787030016,0,114,70485432,92.0,0.0,100.0,10.0,100.0,0.0,85.0,384502645.0,66,30576,100.0,0.0,100,10,100.0,0.0,100.0,0.0,100.0,0.0,100.0,0.0,100.0,0.0,77.0,23.0,100.0,0.0,100.0,0.0,76.0,48989.0,23,23,100.0,0.0,100.0,0.0,200.0,0.0,100.0,30231.0,100.0,48545490448.0,100.0,116940982734.0
2019-01-13,Z302AKBG,ST4000DM000,4000787030016,0,117,117442792,92.0,0.0,100.0,10.0,100.0,0.0,85.0,386018724.0,66,30600,100.0,0.0,100,10,100.0,0.0,100.0,0.0,100.0,0.0,100.0,0.0,100.0,0.0,77.0,23.0,100.0,0.0,100.0,0.0,76.0,48989.0,23,23,100.0,0.0,100.0,0.0,200.0,0.0,100.0,30255.0,100.0,48549860288.0,100.0,117076431024.0
2019-01-14,Z302AKBG,ST4000DM000,4000787030016,0,112,42269440,92.0,0.0,100.0,10.0,100.0,0.0,85.0,386759987.0,66,30624,100.0,0.0,100,10,100.0,0.0,100.0,0.0,100.0,0.0,100.0,0.0,100.0,0.0,77.0,23.0,100.0,0.0,100.0,0.0,76.0,48989.0,23,23,100.0,0.0,100.0,0.0,200.0,0.0,100.0,30279.0,100.0,48553780160.0,100.0,117207773468.0
2019-01-15,Z302AKBG,ST4000DM000,4000787030016,0,114.0,75880832.0,92.0,0.0,100.0,10.0,100.0,0.0,85.0,387639048.0,66.0,30647.0,100.0,0.0,100.0,10.0,100.0,0.0,100.0,0.0,100.0,0.0,100.0,0.0,100.0,0.0,77.0,23.0,100.0,0.0,100.0,0.0,76.0,48989.0,23.0,23.0,100.0,0.0,100.0,0.0,200.0,0.0,100.0,30302.0,100.0,48555997600.0,100.0,117370173111.0
2019-01-16,Z302AKBG,ST4000DM000,4000787030016,0,119,204247672,92.0,0.0,100.0,10.0,100.0,0.0,85.0,389153859.0,65,30671,100.0,0.0,100,10,100.0,0.0,100.0,0.0,100.0,0.0,100.0,0.0,100.0,0.0,76.0,24.0,100.0,0.0,100,0,76.0,48989.0,24,24,100.0,0.0,100.0,0.0,200.0,0.0,100.0,30326.0,100.0,48560093480.0,100.0,117530907942.0
2019-01-17,Z302AKBG,ST4000DM000,4000787030016,0,119,214525856,92.0,0.0,100.0,10.0,100.0,0.0,85.0,390596376.0,65,30695,100.0,0.0,100,10,100.0,0.0,100.0,0.0,100.0,0.0,100.0,0.0,100.0,0.0,77.0,23.0,100.0,0.0,100,0,76.0,48989.0,23,23,100.0,0.0,100.0,0.0,200.0,0.0,100.0,30350.0,100.0,48563529944.0,100.0,117731734190.0
2019-01-18,Z302AKBG,ST4000DM000,4000787030016,0,112,49814424,92.0,0.0,100.0,10.0,100.0,0.0,85.0,392301302.0,65,30719,100.0,0.0,100,10,100.0,0.0,100.0,0.0,100.0,0.0,100.0,0.0,100.0,0.0,77.0,23.0,100.0,0.0,100,0,76.0,48989.0,23,23,100.0,0.0,100.0,0.0,200.0,0.0,100.0,30374.0,100.0,48568049472.0,100.0,117900593179.0
2019-01-19,Z302AKBG,ST4000DM000,4000787030016,0,112,44105656,92.0,0.0,100.0,10.0,100.0,0.0,85.0,393402312.0,65,30742,100.0,0.0,100,10,100.0,0.0,100.0,0.0,100.0,0.0,100.0,0.0,100.0,0.0,77.0,23.0,100.0,0.0,100,0,76.0,48989.0,23,23,100.0,0.0,100.0,0.0,200.0,0.0,100.0,30398.0,100.0,48569801128.0,100.0,118059132952.0
2019-01-20,Z302AKBG,ST4000DM000,4000787030016,0,116,107876632,92.0,0.0,100.0,10.0,100.0,0.0,85.0,394963424.0,65,30766,100.0,0.0,100,10,100.0,0.0,100.0,0.0,100.0,0.0,100.0,0.0,100.0,0.0,77.0,23.0,100.0,0.0,100,0,76.0,48989.0,23,23,100.0,0.0,100.0,0.0,200.0,0.0,100.0,30421.0,100.0,48572716880.0,100.0,118195440666.0
2019-01-21,Z302AKBG,ST4000DM000,4000787030016,0,117,153189064,92.0,0.0,100.0,10.0,100.0,0.0,85.0,396168958.0,65,30790,100.0,0.0,100,10,100.0,0.0,100.0,0.0,100.0,0.0,100.0,0.0,100.0,0.0,77.0,23.0,100.0,0.0,100,0,76.0,48989.0,23,23,100.0,0.0,100.0,0.0,200.0,0.0,100.0,30445.0,100.0,48575368600.0,100.0,118323602490.0
2019-01-22,Z302AKBG,ST4000DM000,4000787030016,0,117.0,128493808.0,92.0,0.0,100.0,10.0,100.0,0.0,85.0,397072778.0,65.0,30813.0,100.0,0.0,100.0,10.0,100.0,0.0,100.0,0.0,100.0,0.0,100.0,0.0,100.0,0.0,76.0,24.0,100.0,0.0,100.0,0.0,76.0,48989.0,24.0,24.0,100.0,0.0,100.0,0.0,200.0,0.0,100.0,30468.0,100.0,48577548664.0,100.0,118452483247.0
2019-01-23,Z302AKBG,ST4000DM000,4000787030016,0,102.0,5075808.0,92.0,0.0,100.0,10.0,100.0,0.0,85.0,397998654.0,65.0,30837.0,100.0,0.0,100.0,10.0,100.0,0.0,100.0,0.0,100.0,0.0,100.0,0.0,100.0,0.0,76.0,24.0,100.0,0.0,100.0,0.0,76.0,48989.0,24.0,24.0,100.0,0.0,100.0,0.0,200.0,0.0,100.0,30492.0,100.0,48579821344.0,100.0,118607637891.0
2019-01-24,Z302AKBG,ST4000DM000,4000787030016,0,114.0,72742064.0,92.0,0.0,100.0,10.0,100.0,0.0,85.0,399166761.0,65.0,30860.0,100.0,0.0,100.0,10.0,100.0,0.0,100.0,0.0,100.0,0.0,100.0,0.0,100.0,0.0,75.0,25.0,100.0,0.0,100.0,0.0,76.0,48989.0,25.0,25.0,100.0,0.0,100.0,0.0,200.0,0.0,100.0,30515.0,100.0,48582681008.0,100.0,118741581462.0
2019-01-25,Z302AKBG,ST4000DM000,4000787030016,0,117,136421768,92.0,0.0,100.0,10.0,100.0,0.0,85.0,400981653.0,65,30884,100.0,0.0,100,10,100.0,0.0,100.0,0.0,100.0,0.0,100.0,0.0,100.0,0.0,76.0,24.0,100.0,0.0,100,0,76.0,48989.0,24,24,100.0,0.0,100.0,0.0,200.0,0.0,100.0,30539.0,100.0,48587275656.0,100.0,118863041574.0
2019-01-26,Z302AKBG,ST4000DM000,4000787030016,0,118,199197432,92.0,0.0,100.0,10.0,100.0,0.0,85.0,401425718.0,65,30907,100.0,0.0,100,10,100.0,0.0,100.0,0.0,100.0,0.0,100.0,0.0,100.0,0.0,76.0,24.0,100.0,0.0,100,0,76.0,48989.0,24,24,100.0,0.0,100.0,0.0,200.0,0.0,100.0,30562.0,100.0,48590993920.0,100.0,118951671244.0
2019-01-27,Z302AKBG,ST4000DM000,4000787030016,0,118,173204992,92.0,0.0,100.0,10.0,100.0,0.0,85.0,401944213.0,65,30931,100.0,0.0,100,10,100.0,0.0,100.0,0.0,100.0,0.0,100.0,0.0,100.0,0.0,77.0,23.0,100.0,0.0,100,0,76.0,48989.0,23,23,100.0,0.0,100.0,0.0,200.0,0.0,100.0,30586.0,100.0,48593568344.0,100.0,119105483575.0
2019-01-28,Z302AKBG,ST4000DM000,4000787030016,0,105,10434840,92.0,0.0,100.0,10.0,100.0,0.0,86.0,402889633.0,65,30954,100.0,0.0,100,10,100.0,0.0,100.0,0.0,100.0,0.0,100.0,0.0,100.0,0.0,76.0,24.0,100.0,0.0,100,0,76.0,48989.0,24,24,100.0,0.0,100.0,0.0,200.0,0.0,100.0,30610.0,100.0,48597907600.0,100.0,119217023053.0
2019-01-29,Z302AKBG,ST4000DM000,4000787030016,0,118,200858328,92.0,0.0,100.0,10.0,100.0,0.0,86.0,403481052.0,65,30990,100.0,0.0,100,10,100.0,0.0,100.0,0.0,100.0,0.0,100.0,0.0,100.0,0.0,77.0,23.0,100.0,0.0,100,0,76.0,48989.0,23,23,100.0,0.0,100.0,0.0,200.0,0.0,100.0,30645.0,100.0,48601361320.0,100.0,119430050646.0
2019-01-30,Z302AKBG,ST4000DM000,4000787030016,0,111,37551128,92.0,0.0,100.0,10.0,100.0,0.0,86.0,403924355.0,65,31013,100.0,0.0,100,10,100.0,0.0,100.0,0.0,100.0,0.0,100.0,0.0,100.0,0.0,77.0,23.0,100.0,0.0,100,0,76.0,48989.0,23,23,100.0,0.0,100.0,0.0,200.0,0.0,100.0,30668.0,100.0,48605111488.0,100.0,119609837928.0
2019-01-31,Z302AKBG,ST4000DM000,4000787030016,0,114,83540928,92.0,0.0,100.0,10.0,100.0,0.0,86.0,404087874.0,65,31025,100.0,0.0,100,10,100.0,0.0,100.0,0.0,100.0,0.0,100.0,0.0,100.0,0.0,76.0,24.0,100.0,0.0,100,0,76.0,48989.0,24,24,100.0,0.0,100.0,0.0,200.0,0.0,100.0,30680.0,100.0,48606323984.0,100.0,119692722750.0
2019-02-01,Z302AKBG,ST4000DM000,4000787030016,0,115,95865368,92.0,0.0,100.0,10.0,100.0,0.0,86.0,405327619.0,65,31049,100.0,0.0,100,10,100.0,0.0,100.0,0.0,100.0,0.0,100.0,0.0,100.0,0.0,76.0,24.0,100.0,0.0,100,0,76.0,48989.0,24,24,100.0,0.0,100.0,0.0,200.0,0.0,100.0,30704.0,100.0,48610955488.0,100.0,119843057713.0
2019-02-02,Z302AKBG,ST4000DM000,4000787030016,0,117.0,123207048.0,92.0,0.0,100.0,10.0,100.0,0.0,86.0,407121433.0,65.0,31072.0,100.0,0.0,100.0,10.0,100.0,0.0,100.0,0.0,100.0,0.0,100.0,0.0,100.0,0.0,76.0,24.0,100.0,0.0,100.0,0.0,76.0,48989.0,24.0,24.0,100.0,0.0,100.0,0.0,200.0,0.0,100.0,30727.0,100.0,48613981024.0,100.0,120016508913.0
2019-02-03,Z302AKBG,ST4000DM000,4000787030016,0,116,104334496,92.0,0.0,100.0,10.0,100.0,0.0,86.0,408026188.0,65,31096,100.0,0.0,100,10,100.0,0.0,100.0,0.0,100.0,0.0,100.0,0.0,100.0,0.0,76.0,24.0,100.0,0.0,100,0,76.0,48989.0,24,24,100.0,0.0,100.0,0.0,200.0,0.0,100.0,30751.0,100.0,48616687976.0,100.0,120205178504.0
2019-02-04,Z302AKBG,ST4000DM000,4000787030016,0,118,185396568,92.0,0.0,100.0,10.0,100.0,0.0,86.0,409542230.0,65,31120,100.0,0.0,100,10,100.0,0.0,100.0,0.0,100.0,0.0,100.0,0.0,100.0,0.0,76.0,24.0,100.0,0.0,100,0,76.0,48989.0,24,24,100.0,0.0,100.0,0.0,200.0,0.0,100.0,30775.0,100.0,48620850560.0,100.0,120357235454.0
2019-02-05,Z302AKBG,ST4000DM000,4000787030016,0,117.0,165055944.0,92.0,0.0,100.0,10.0,100.0,0.0,86.0,410457286.0,65.0,31144.0,100.0,0.0,100.0,10.0,100.0,0.0,100.0,0.0,100.0,0.0,100.0,0.0,100.0,0.0,76.0,24.0,100.0,0.0,100.0,0.0,76.0,48989.0,24.0,24.0,100.0,0.0,100.0,0.0,200.0,0.0,100.0,30799.0,100.0,48622891808.0,100.0,120505882626.0
2019-02-06,Z302AKBG,ST4000DM000,4000787030016,0,118,188864408,92.0,0.0,100.0,10.0,100.0,0.0,86.0,412101594.0,65,31167,100.0,0.0,100,10,100.0,0.0,100.0,0.0,100.0,0.0,100.0,0.0,100.0,0.0,76.0,24.0,100.0,0.0,100,0,76.0,48989.0,24,24,100.0,0.0,100.0,0.0,200.0,0.0,100.0,30822.0,100.0,48624656296.0,100.0,120684671373.0
2019-02-07,Z302AKBG,ST4000DM000,4000787030016,0,118.0,190840760.0,92.0,0.0,100.0,10.0,100.0,0.0,86.0,413359609.0,65.0,31203.0,100.0,0.0,100.0,10.0,100.0,0.0,100.0,0.0,100.0,0.0,100.0,0.0,100.0,0.0,75.0,25.0,100.0,0.0,100.0,0.0,76.0,48989.0,25.0,25.0,100.0,0.0,100.0,0.0,200.0,0.0,100.0,30858.0,100.0,48628558816.0,100.0,120895443104.0
2019-02-08,Z302AKBG,ST4000DM000,4000787030016,0,108,15456184,92.0,0.0,100.0,10.0,100.0,0.0,86.0,414894372.0,65,31226,100.0,0.0,100,10,100.0,0.0,100.0,0.0,100.0,0.0,100.0,0.0,100.0,0.0,75.0,25.0,100.0,0.0,100,0,76.0,48989.0,25,25,100.0,0.0,100.0,0.0,200.0,0.0,100.0,30882.0,100.0,48633162936.0,100.0,121062150273.0
2019-02-09,Z302AKBG,ST4000DM000,4000787030016,0,119.0,217216040.0,92.0,0.0,100.0,10.0,100.0,0.0,86.0,416618106.0,65.0,31250.0,100.0,0.0,100.0,10.0,100.0,0.0,100.0,0.0,100.0,0.0,100.0,0.0,100.0,0.0,76.0,24.0,100.0,0.0,100.0,0.0,76.0,48989.0,24.0,24.0,100.0,0.0,100.0,0.0,200.0,0.0,100.0,30905.0,100.0,48635875896.0,100.0,121231959257.0
2019-02-10,Z302AKBG,ST4000DM000,4000787030016,0,115,91935160,92.0,0.0,100.0,10.0,100.0,0.0,86.0,418092516.0,65,31274,100.0,0.0,100,10,100.0,0.0,100.0,0.0,100.0,0.0,100.0,0.0,100.0,0.0,75.0,25.0,100.0,0.0,100,0,76.0,48989.0,25,25,100.0,0.0,100.0,0.0,200.0,0.0,100.0,30929.0,100.0,48640618200.0,100.0,121355201288.0
2019-02-11,Z302AKBG,ST4000DM000,4000787030016,0,116,111261016,92.0,0.0,100.0,11.0,100.0,0.0,86.0,419156910.0,65,31298,100.0,0.0,100,11,100.0,0.0,100.0,0.0,100.0,0.0,100.0,0.0,100.0,0.0,75.0,25.0,100.0,0.0,100,0,76.0,48995.0,25,25,100.0,0.0,100.0,0.0,200.0,0.0,100.0,30953.0,100.0,48642372080.0,100.0,121510390098.0
2019-02-12,Z302AKBG,ST4000DM000,4000787030016,0,117.0,151109240.0,92.0,0.0,100.0,11.0,100.0,0.0,86.0,419574882.0,65.0,31322.0,100.0,0.0,100.0,11.0,100.0,0.0,100.0,0.0,100.0,0.0,100.0,0.0,100.0,0.0,76.0,24.0,100.0,0.0,100.0,0.0,76.0,48998.0,24.0,24.0,100.0,0.0,100.0,0.0,200.0,0.0,100.0,30977.0,100.0,48644753816.0,100.0,121660705569.0
2019-02-13,Z302AKBG,ST4000DM000,4000787030016,0,118,168574080,92.0,0.0,100.0,11.0,100.0,0.0,86.0,419927362.0,65,31345,100.0,0.0,100,11,100.0,0.0,100.0,0.0,100.0,0.0,100.0,0.0,100.0,0.0,76.0,24.0,100.0,0.0,100,0,76.0,49004.0,24,24,100.0,0.0,100.0,0.0,200.0,0.0,100.0,31000.0,100.0,48646725912.0,100.0,121773682709.0
2019-02-14,Z302AKBG,ST4000DM000,4000787030016,0,120,240959440,92.0,0.0,100.0,11.0,100.0,0.0,86.0,420312322.0,65,31368,100.0,0.0,100,11,100.0,0.0,100.0,0.0,100.0,0.0,100.0,0.0,100.0,0.0,77.0,23.0,100.0,0.0,100,0,76.0,49005.0,23,23,100.0,0.0,100.0,0.0,200.0,0.0,100.0,31024.0,100.0,48648668328.0,100.0,121924645373.0
2019-02-15,Z302AKBG,ST4000DM000,4000787030016,0,119.0,204808768.0,92.0,0.0,100.0,11.0,100.0,0.0,86.0,421543215.0,65.0,31392.0,100.0,0.0,100.0,11.0,100.0,0.0,100.0,0.0,100.0,0.0,100.0,0.0,100.0,0.0,76.0,24.0,100.0,0.0,100.0,0.0,76.0,49008.0,24.0,24.0,100.0,0.0,100.0,0.0,200.0,0.0,100.0,31047.0,100.0,48654035680.0,100.0,122121208900.0
2019-02-16,Z302AKBG,ST4000DM000,4000787030016,0,111.0,36278808.0,92.0,0.0,100.0,11.0,100.0,0.0,86.0,421925565.0,65.0,31415.0,100.0,0.0,100.0,11.0,100.0,0.0,100.0,0.0,100.0,0.0,100.0,0.0,100.0,0.0,76.0,24.0,100.0,0.0,100.0,0.0,76.0,49011.0,24.0,24.0,100.0,0.0,100.0,0.0,200.0,0.0,100.0,31070.0,100.0,48656312064.0,100.0,122277093449.0
2019-02-17,Z302AKBG,ST4000DM000,4000787030016,0,117,142685872,92.0,0.0,100.0,11.0,100.0,0.0,86.0,423277063.0,65,31439,100.0,0.0,100,11,100.0,0.0,100.0,0.0,100.0,0.0,100.0,0.0,100.0,0.0,76.0,24.0,100.0,0.0,100,0,76.0,49095.0,24,24,100.0,0.0,100.0,0.0,200.0,0.0,100.0,31093.0,100.0,48660266136.0,100.0,122396450896.0
2019-02-18,Z302AKBG,ST4000DM000,4000787030016,0,115,93074584,92.0,0.0,100.0,11.0,100.0,0.0,86.0,424827345.0,65,31462,100.0,0.0,100,11,100.0,0.0,100.0,0.0,100.0,0.0,100.0,0.0,100.0,0.0,74.0,26.0,100.0,0.0,100,0,76.0,49098.0,26,26,100.0,0.0,100.0,0.0,200.0,0.0,100.0,31117.0,100.0,48663092728.0,100.0,122560128303.0
2019-02-19,Z302AKBG,ST4000DM000,4000787030016,0,118,183425344,92.0,0.0,100.0,11.0,100.0,0.0,86.0,425780813.0,65,31485,100.0,0.0,100,11,100.0,0.0,100.0,0.0,100.0,0.0,100.0,0.0,100.0,0.0,75.0,25.0,100.0,0.0,100,0,76.0,49101.0,25,25,100.0,0.0,100.0,0.0,200.0,0.0,100.0,31140.0,100.0,48665078736.0,100.0,122757514572.0
2019-02-20,Z302AKBG,ST4000DM000,4000787030016,0,119.0,208380200.0,92.0,0.0,100.0,11.0,100.0,0.0,86.0,426674363.0,65.0,31509.0,100.0,0.0,100.0,11.0,100.0,0.0,100.0,0.0,100.0,0.0,100.0,0.0,100.0,0.0,74.0,26.0,100.0,0.0,100.0,0.0,76.0,49102.0,26.0,26.0,100.0,0.0,100.0,0.0,200.0,0.0,100.0,31163.0,100.0,48667540184.0,100.0,122923738953.0
2019-02-21,Z302AKBG,ST4000DM000,4000787030016,0,117,159011080,92.0,0.0,100.0,11.0,100.0,0.0,86.0,428181778.0,65,31532,100.0,0.0,100,11,100.0,0.0,100.0,0.0,100.0,0.0,100.0,0.0,100.0,0.0,75.0,25.0,100.0,0.0,100,0,76.0,49105.0,25,25,100.0,0.0,100.0,0.0,200.0,0.0,100.0,31187.0,100.0,48669586312.0,100.0,123089968765.0
2019-02-22,Z302AKBG,ST4000DM000,4000787030016,0,117,152827856,92.0,0.0,100.0,11.0,100.0,0.0,86.0,430234716.0,64,31556,100.0,0.0,100,11,100.0,0.0,100.0,0.0,100.0,0.0,100.0,0.0,100.0,0.0,75.0,25.0,100.0,0.0,100,0,76.0,49109.0,25,25,100.0,0.0,100.0,0.0,200.0,0.0,100.0,31210.0,100.0,48673912768.0,100.0,123273297869.0
2019-02-23,Z302AKBG,ST4000DM000,4000787030016,0,114.0,77232880.0,92.0,0.0,100.0,11.0,100.0,0.0,86.0,430820870.0,64.0,31579.0,100.0,0.0,100.0,11.0,100.0,0.0,100.0,0.0,100.0,0.0,100.0,0.0,100.0,0.0,76.0,24.0,100.0,0.0,100.0,0.0,76.0,49115.0,24.0,24.0,100.0,0.0,100.0,0.0,200.0,0.0,100.0,31234.0,100.0,48675408608.0,100.0,123393406983.0
2019-02-24,Z302AKBG,ST4000DM000,4000787030016,0,116,104044176,92.0,0.0,100.0,11.0,100.0,0.0,86.0,432605895.0,64,31615,100.0,0.0,100,11,100.0,0.0,100.0,0.0,100.0,0.0,100.0,0.0,100.0,0.0,76.0,24.0,100.0,0.0,100,0,76.0,49176.0,24,24,100.0,0.0,100.0,0.0,200.0,0.0,100.0,31269.0,100.0,48680781296.0,100.0,123601432506.0
2019-02-25,Z302AKBG,ST4000DM000,4000787030016,0,117,157947704,92.0,0.0,100.0,11.0,100.0,0.0,86.0,434290727.0,64,31638,100.0,0.0,100,11,100.0,0.0,100.0,0.0,100.0,0.0,100.0,0.0,100.0,0.0,76.0,24.0,100.0,0.0,100,0,76.0,49180.0,24,24,100.0,0.0,100.0,0.0,200.0,0.0,100.0,31292.0,100.0,48685725120.0,100.0,123758245463.0
2019-02-26,Z302AKBG,ST4000DM000,4000787030016,0,110,27525896,92.0,0.0,100.0,11.0,100.0,0.0,86.0,435346182.0,64,31662,100.0,0.0,100,11,100.0,0.0,100.0,0.0,100.0,0.0,100.0,0.0,100.0,0.0,74.0,26.0,100.0,0.0,100,0,76.0,49181.0,26,26,100.0,0.0,100.0,0.0,200.0,0.0,100.0,31316.0,100.0,48688349640.0,100.0,123904956433.0
2019-02-27,Z302AKBG,ST4000DM000,4000787030016,0,114.0,61010824.0,92.0,0.0,100.0,11.0,100.0,0.0,86.0,436444464.0,64.0,31685.0,100.0,0.0,100.0,11.0,100.0,0.0,100.0,0.0,100.0,0.0,100.0,0.0,100.0,0.0,76.0,24.0,100.0,0.0,100.0,0.0,76.0,49182.0,24.0,24.0,100.0,0.0,100.0,0.0,200.0,0.0,100.0,31339.0,100.0,48690969272.0,100.0,124081558319.0
2019-02-28,Z302AKBG,ST4000DM000,4000787030016,0,116,105426096,92.0,0.0,100.0,11.0,100.0,0.0,86.0,437333301.0,64,31709,100.0,0.0,100,11,100.0,0.0,100.0,0.0,100.0,0.0,100.0,0.0,100.0,0.0,76.0,24.0,100.0,0.0,100,0,76.0,49186.0,24,24,100.0,0.0,100.0,0.0,200.0,0.0,100.0,31363.0,100.0,48692836512.0,100.0,124242625495.0
2019-03-01,Z302AKBG,ST4000DM000,4000787030016,0,117.0,149577320.0,92.0,0.0,100.0,11.0,100.0,0.0,86.0,439108739.0,64.0,31733.0,100.0,0.0,100.0,11.0,100.0,0.0,100.0,0.0,100.0,0.0,100.0,0.0,100.0,0.0,76.0,24.0,100.0,0.0,100.0,0.0,76.0,49188.0,24.0,24.0,100.0,0.0,100.0,0.0,200.0,0.0,100.0,31387.0,100.0,48697288040.0,100.0,124439319392.0
2019-03-02,Z302AKBG,ST4000DM000,4000787030016,0,117.0,137034200.0,92.0,0.0,100.0,11.0,100.0,0.0,86.0,440077700.0,64.0,31757.0,100.0,0.0,100.0,11.0,100.0,0.0,100.0,0.0,100.0,0.0,100.0,0.0,100.0,0.0,76.0,24.0,100.0,0.0,100.0,0.0,76.0,49191.0,24.0,24.0,100.0,0.0,100.0,0.0,200.0,0.0,100.0,31411.0,100.0,48699279408.0,100.0,124595959704.0
2019-03-03,Z302AKBG,ST4000DM000,4000787030016,0,115.0,97456080.0,92.0,0.0,100.0,11.0,100.0,0.0,86.0,441382389.0,64.0,31781.0,100.0,0.0,100.0,11.0,100.0,0.0,100.0,0.0,100.0,0.0,100.0,0.0,100.0,0.0,76.0,24.0,100.0,0.0,100.0,0.0,76.0,49227.0,24.0,24.0,100.0,0.0,100.0,0.0,200.0,0.0,100.0,31435.0,100.0,48703749584.0,100.0,124707218356.0
2019-03-04,Z302AKBG,ST4000DM000,4000787030016,0,112,47718752,92.0,0.0,100.0,11.0,100.0,0.0,86.0,442217897.0,64,31804,100.0,0.0,100,11,100.0,0.0,100.0,0.0,100.0,0.0,100.0,0.0,100.0,0.0,76.0,24.0,100.0,0.0,100,0,76.0,49230.0,24,24,100.0,0.0,100.0,0.0,200.0,0.0,100.0,31458.0,100.0,48705610912.0,100.0,124858791051.0
2019-03-05,Z302AKBG,ST4000DM000,4000787030016,0,111.0,32800648.0,92.0,0.0,100.0,11.0,100.0,0.0,86.0,443033211.0,64.0,31828.0,100.0,0.0,100.0,11.0,100.0,0.0,100.0,0.0,100.0,0.0,100.0,0.0,100.0,0.0,76.0,24.0,100.0,0.0,100.0,0.0,76.0,49234.0,24.0,24.0,100.0,0.0,100.0,0.0,200.0,0.0,100.0,31482.0,100.0,48707729568.0,100.0,125006130352.0
2019-03-06,Z302AKBG,ST4000DM000,4000787030016,0,119.0,210385544.0,92.0,0.0,100.0,11.0,100.0,0.0,86.0,445260459.0,64.0,31852.0,100.0,0.0,100.0,11.0,100.0,0.0,100.0,0.0,100.0,0.0,100.0,0.0,100.0,0.0,76.0,24.0,100.0,0.0,100.0,0.0,76.0,49238.0,24.0,24.0,100.0,0.0,100.0,0.0,200.0,0.0,100.0,31506.0,100.0,48714430280.0,100.0,125217094579.0
2019-03-07,Z302AKBG,ST4000DM000,4000787030016,0,118.0,170191192.0,92.0,0.0,100.0,11.0,100.0,0.0,86.0,446274206.0,64.0,31875.0,100.0,0.0,100.0,11.0,100.0,0.0,100.0,0.0,100.0,0.0,100.0,0.0,100.0,0.0,76.0,24.0,100.0,0.0,100.0,0.0,76.0,49242.0,24.0,24.0,100.0,0.0,100.0,0.0,200.0,0.0,100.0,31529.0,100.0,48716949696.0,100.0,125383469919.0
2019-03-08,Z302AKBG,ST4000DM000,4000787030016,0,119.0,213734864.0,92.0,0.0,100.0,11.0,100.0,0.0,86.0,448166080.0,64.0,31899.0,100.0,0.0,100.0,11.0,100.0,0.0,100.0,0.0,100.0,0.0,100.0,0.0,100.0,0.0,77.0,23.0,100.0,0.0,100.0,0.0,76.0,49244.0,23.0,23.0,100.0,0.0,100.0,0.0,200.0,0.0,100.0,31553.0,100.0,48721678496.0,100.0,125547803021.0
2019-03-09,Z302AKBG,ST4000DM000,4000787030016,0,108.0,18345960.0,92.0,0.0,100.0,11.0,100.0,0.0,86.0,449503106.0,64.0,31923.0,100.0,0.0,100.0,11.0,100.0,0.0,100.0,0.0,100.0,0.0,100.0,0.0,100.0,0.0,76.0,24.0,100.0,0.0,100.0,0.0,76.0,49248.0,24.0,24.0,100.0,0.0,100.0,0.0,200.0,0.0,100.0,31576.0,100.0,48723320584.0,100.0,125710956610.0
2019-03-10,Z302AKBG,ST4000DM000,4000787030016,0,118.0,191112352.0,92.0,0.0,100.0,11.0,100.0,0.0,86.0,450933687.0,64.0,31946.0,100.0,0.0,100.0,11.0,100.0,0.0,100.0,0.0,100.0,0.0,100.0,0.0,100.0,0.0,76.0,24.0,100.0,0.0,100.0,0.0,76.0,49296.0,24.0,24.0,100.0,0.0,100.0,0.0,200.0,0.0,100.0,31600.0,100.0,48727383912.0,100.0,125803591166.0
2019-03-11,Z302AKBG,ST4000DM000,4000787030016,0,112.0,47685440.0,92.0,0.0,100.0,11.0,100.0,0.0,86.0,451860378.0,64.0,31970.0,100.0,0.0,100.0,11.0,100.0,0.0,100.0,0.0,100.0,0.0,100.0,0.0,100.0,0.0,76.0,24.0,100.0,0.0,100.0,0.0,76.0,49301.0,24.0,24.0,100.0,0.0,100.0,0.0,200.0,0.0,100.0,31623.0,100.0,48729093536.0,100.0,125955399019.0
2019-03-12,Z302AKBG,ST4000DM000,4000787030016,0,114.0,72646952.0,92.0,0.0,100.0,11.0,100.0,0.0,86.0,452609904.0,64.0,31993.0,100.0,0.0,100.0,11.0,100.0,0.0,100.0,0.0,100.0,0.0,100.0,0.0,100.0,0.0,76.0,24.0,100.0,0.0,100.0,0.0,76.0,49304.0,24.0,24.0,100.0,0.0,100.0,0.0,200.0,0.0,100.0,31647.0,100.0,48730703216.0,100.0,126093458109.0
2019-03-13,Z302AKBG,ST4000DM000,4000787030016,0,111.0,39548432.0,92.0,0.0,100.0,11.0,100.0,0.0,86.0,453194123.0,64.0,32016.0,100.0,0.0,100.0,11.0,100.0,0.0,100.0,0.0,100.0,0.0,100.0,0.0,100.0,0.0,77.0,23.0,100.0,0.0,100.0,0.0,76.0,49307.0,23.0,23.0,100.0,0.0,100.0,0.0,200.0,0.0,100.0,31670.0,100.0,48732200768.0,100.0,126198833696.0
2019-03-14,Z302AKBG,ST4000DM000,4000787030016,0,118.0,176975096.0,92.0,0.0,100.0,11.0,100.0,0.0,86.0,453683681.0,64.0,32040.0,100.0,0.0,100.0,11.0,100.0,0.0,100.0,0.0,100.0,0.0,100.0,0.0,100.0,0.0,77.0,23.0,100.0,0.0,100.0,0.0,76.0,49311.0,23.0,23.0,100.0,0.0,100.0,0.0,200.0,0.0,100.0,31694.0,100.0,48733936960.0,100.0,126291424952.0
2019-03-15,Z302AKBG,ST4000DM000,4000787030016,0,119.0,218584936.0,92.0,0.0,100.0,11.0,100.0,0.0,86.0,455826803.0,64.0,32063.0,100.0,0.0,100.0,11.0,100.0,0.0,100.0,0.0,100.0,0.0,100.0,0.0,100.0,0.0,77.0,23.0,100.0,0.0,100.0,0.0,76.0,49314.0,23.0,23.0,100.0,0.0,100.0,0.0,200.0,0.0,100.0,31717.0,100.0,48739915552.0,100.0,126456392113.0
2019-03-16,Z302AKBG,ST4000DM000,4000787030016,0,114.0,62513600.0,92.0,0.0,100.0,11.0,100.0,0.0,86.0,456177924.0,64.0,32087.0,100.0,0.0,100.0,11.0,100.0,0.0,100.0,0.0,100.0,0.0,100.0,0.0,100.0,0.0,78.0,22.0,100.0,0.0,100.0,0.0,76.0,49316.0,22.0,22.0,100.0,0.0,100.0,0.0,200.0,0.0,100.0,31740.0,100.0,48741861280.0,100.0,126585208145.0
2019-03-17,Z302AKBG,ST4000DM000,4000787030016,0,108.0,14933256.0,92.0,0.0,100.0,11.0,100.0,0.0,86.0,456818835.0,64.0,32110.0,100.0,0.0,100.0,11.0,100.0,0.0,100.0,0.0,100.0,0.0,100.0,0.0,100.0,0.0,78.0,22.0,100.0,0.0,100.0,0.0,76.0,49466.0,22.0,22.0,100.0,0.0,100.0,0.0,200.0,0.0,100.0,31763.0,100.0,48744242672.0,100.0,126698667319.0
2019-03-18,Z302AKBG,ST4000DM000,4000787030016,0,119.0,211344560.0,92.0,0.0,100.0,11.0,100.0,0.0,86.0,457653116.0,64.0,32133.0,100.0,0.0,100.0,11.0,100.0,0.0,100.0,0.0,100.0,0.0,100.0,0.0,100.0,0.0,78.0,22.0,100.0,0.0,100.0,0.0,76.0,49517.0,22.0,22.0,100.0,0.0,100.0,0.0,200.0,0.0,100.0,31786.0,100.0,48748184384.0,100.0,126826252450.0
2019-03-19,Z302AKBG,ST4000DM000,4000787030016,0,103.0,5661288.0,92.0,0.0,100.0,11.0,100.0,0.0,86.0,458097350.0,64.0,32157.0,100.0,0.0,100.0,11.0,100.0,0.0,100.0,0.0,100.0,0.0,100.0,0.0,100.0,0.0,77.0,23.0,100.0,0.0,100.0,0.0,76.0,49522.0,23.0,23.0,100.0,0.0,100.0,0.0,200.0,0.0,100.0,31809.0,100.0,48751183456.0,100.0,127005408613.0
2019-03-20,Z302AKBG,ST4000DM000,4000787030016,0,118.0,179820440.0,92.0,0.0,100.0,11.0,100.0,0.0,86.0,458537215.0,64.0,32180.0,100.0,0.0,100.0,11.0,100.0,0.0,100.0,0.0,100.0,0.0,100.0,0.0,100.0,0.0,76.0,24.0,100.0,0.0,100.0,0.0,76.0,49526.0,24.0,24.0,100.0,0.0,100.0,0.0,200.0,0.0,100.0,31833.0,100.0,48753693576.0,100.0,127159646087.0
2019-03-21,Z302AKBG,ST4000DM000,4000787030016,0,114.0,73630840.0,92.0,0.0,100.0,11.0,100.0,0.0,86.0,459232973.0,64.0,32204.0,100.0,0.0,100.0,11.0,100.0,0.0,100.0,0.0,100.0,0.0,100.0,0.0,100.0,0.0,77.0,23.0,100.0,0.0,100.0,0.0,76.0,49529.0,23.0,23.0,100.0,0.0,100.0,0.0,200.0,0.0,100.0,31856.0,100.0,48755747904.0,100.0,127292430079.0
2019-03-22,Z302AKBG,ST4000DM000,4000787030016,0,118.0,201040368.0,92.0,0.0,100.0,11.0,100.0,0.0,86.0,461868304.0,64.0,32227.0,100.0,0.0,100.0,11.0,100.0,0.0,100.0,0.0,100.0,0.0,100.0,0.0,100.0,0.0,76.0,24.0,100.0,0.0,100.0,0.0,76.0,49530.0,24.0,24.0,100.0,0.0,100.0,0.0,200.0,0.0,100.0,31880.0,100.0,48761664576.0,100.0,127507864472.0
2019-03-23,Z302AKBG,ST4000DM000,4000787030016,0,117.0,141424280.0,92.0,0.0,100.0,11.0,100.0,0.0,86.0,462894429.0,64.0,32251.0,100.0,0.0,100.0,11.0,100.0,0.0,100.0,0.0,100.0,0.0,100.0,0.0,100.0,0.0,77.0,23.0,100.0,0.0,100.0,0.0,76.0,49532.0,23.0,23.0,100.0,0.0,100.0,0.0,200.0,0.0,100.0,31903.0,100.0,48763861384.0,100.0,127700275896.0
2019-03-24,Z302AKBG,ST4000DM000,4000787030016,0,118.0,182783304.0,92.0,0.0,100.0,11.0,100.0,0.0,86.0,463995829.0,64.0,32275.0,100.0,0.0,100.0,11.0,100.0,0.0,100.0,0.0,100.0,0.0,100.0,0.0,100.0,0.0,78.0,22.0,100.0,0.0,100.0,0.0,76.0,49552.0,22.0,22.0,100.0,0.0,100.0,0.0,200.0,0.0,100.0,31927.0,100.0,48766762840.0,100.0,127847550055.0
2019-03-25,Z302AKBG,ST4000DM000,4000787030016,0,110.0,27286144.0,92.0,0.0,100.0,11.0,100.0,0.0,86.0,466024689.0,64.0,32298.0,100.0,0.0,100.0,11.0,100.0,0.0,100.0,0.0,100.0,0.0,100.0,0.0,100.0,0.0,77.0,23.0,100.0,0.0,100.0,0.0,76.0,49606.0,23.0,23.0,100.0,0.0,100.0,0.0,200.0,0.0,100.0,31950.0,100.0,48770437504.0,100.0,127991077218.0
2019-03-26,Z302AKBG,ST4000DM000,4000787030016,0,112.0,48952552.0,92.0,0.0,100.0,11.0,100.0,0.0,86.0,467249157.0,64.0,32333.0,100.0,0.0,100.0,11.0,100.0,0.0,100.0,0.0,100.0,0.0,100.0,0.0,100.0,0.0,78.0,22.0,100.0,0.0,100.0,0.0,76.0,49614.0,22.0,22.0,100.0,0.0,100.0,0.0,200.0,0.0,100.0,31985.0,100.0,48773265504.0,100.0,128202921773.0
2019-03-27,Z302AKBG,ST4000DM000,4000787030016,0,113.0,51434280.0,92.0,0.0,100.0,11.0,100.0,0.0,86.0,467989019.0,64.0,32357.0,100.0,0.0,100.0,11.0,100.0,0.0,100.0,0.0,100.0,0.0,100.0,0.0,100.0,0.0,77.0,23.0,100.0,0.0,100.0,0.0,76.0,49619.0,23.0,23.0,100.0,0.0,100.0,0.0,200.0,0.0,100.0,32009.0,100.0,48775115616.0,100.0,128351855175.0
2019-03-28,Z302AKBG,ST4000DM000,4000787030016,0,119.0,224594328.0,92.0,0.0,100.0,11.0,100.0,0.0,86.0,468383886.0,64.0,32369.0,100.0,0.0,100.0,11.0,100.0,0.0,100.0,0.0,100.0,0.0,100.0,0.0,100.0,0.0,77.0,23.0,100.0,0.0,100.0,0.0,76.0,49621.0,23.0,23.0,100.0,0.0,100.0,0.0,200.0,0.0,100.0,32021.0,100.0,48776082120.0,100.0,128425356592.0
2019-03-29,Z302AKBG,ST4000DM000,4000787030016,0,117.0,124191192.0,92.0,0.0,100.0,11.0,100.0,0.0,87.0,470714348.0,64.0,32392.0,100.0,0.0,100.0,11.0,100.0,0.0,100.0,0.0,100.0,0.0,100.0,0.0,100.0,0.0,77.0,23.0,100.0,0.0,100.0,0.0,76.0,49625.0,23.0,23.0,100.0,0.0,100.0,0.0,200.0,0.0,100.0,32044.0,100.0,48781391832.0,100.0,128600997007.0
2019-03-30,Z302AKBG,ST4000DM000,4000787030016,0,118.0,183641568.0,92.0,0.0,100.0,11.0,100.0,0.0,87.0,471867240.0,63.0,32416.0,100.0,0.0,100.0,11.0,100.0,0.0,100.0,0.0,100.0,0.0,100.0,0.0,100.0,0.0,77.0,23.0,100.0,0.0,100.0,0.0,76.0,49629.0,23.0,23.0,100.0,0.0,100.0,0.0,200.0,0.0,100.0,32068.0,100.0,48783584368.0,100.0,128747530687.0
2019-03-31,Z302AKBG,ST4000DM000,4000787030016,0,120.0,243923552.0,92.0,0.0,100.0,11.0,100.0,0.0,87.0,472844261.0,63.0,32440.0,100.0,0.0,100.0,11.0,100.0,0.0,100.0,0.0,100.0,0.0,100.0,0.0,100.0,0.0,77.0,23.0,100.0,0.0,100.0,0.0,76.0,49634.0,23.0,23.0,100.0,0.0,100.0,0.0,200.0,0.0,100.0,32092.0,100.0,48785066560.0,100.0,128932844658.0
2019-04-01,Z302AKBG,ST4000DM000,4000787030016,0,115.0,94990720.0,92.0,0.0,100.0,11.0,100.0,0.0,87.0,474295459.0,63.0,32464.0,100.0,0.0,100.0,11.0,100.0,0.0,100.0,0.0,100.0,0.0,100.0,0.0,100.0,0.0,77.0,23.0,100.0,0.0,100.0,0.0,76.0,49684.0,23.0,23.0,100.0,0.0,100.0,0.0,200.0,0.0,100.0,32116.0,100.0,48789454472.0,100.0,129067706776.0
2019-04-02,Z302AKBG,ST4000DM000,4000787030016,0,115.0,85774112.0,92.0,0.0,100.0,11.0,100.0,0.0,87.0,475266462.0,63.0,32488.0,100.0,0.0,100.0,11.0,100.0,0.0,100.0,0.0,100.0,0.0,100.0,0.0,100.0,0.0,77.0,23.0,100.0,0.0,100.0,0.0,76.0,49687.0,23.0,23.0,100.0,0.0,100.0,0.0,200.0,0.0,100.0,32139.0,100.0,48791275848.0,100.0,129242463206.0
2019-04-03,Z302AKBG,ST4000DM000,4000787030016,0,118.0,182054576.0,92.0,0.0,100.0,11.0,100.0,0.0,87.0,476225782.0,63.0,32511.0,100.0,0.0,100.0,11.0,100.0,0.0,100.0,0.0,100.0,0.0,100.0,0.0,100.0,0.0,77.0,23.0,100.0,0.0,100.0,0.0,76.0,49688.0,23.0,23.0,100.0,0.0,100.0,0.0,200.0,0.0,100.0,32163.0,100.0,48793506608.0,100.0,129402252514.0
2019-04-04,Z302AKBG,ST4000DM000,4000787030016,0,118.0,175209768.0,92.0,0.0,100.0,11.0,100.0,0.0,87.0,477276055.0,63.0,32546.0,100.0,0.0,100.0,11.0,100.0,0.0,100.0,0.0,100.0,0.0,100.0,0.0,100.0,0.0,77.0,23.0,100.0,0.0,100.0,0.0,76.0,49696.0,23.0,23.0,100.0,0.0,100.0,0.0,200.0,0.0,100.0,32198.0,100.0,48796187224.0,100.0,129592506925.0
2019-04-05,Z302AKBG,ST4000DM000,4000787030016,0,119.0,216353160.0,92.0,0.0,100.0,11.0,100.0,0.0,87.0,479358414.0,63.0,32570.0,100.0,0.0,100.0,11.0,100.0,0.0,100.0,0.0,100.0,0.0,100.0,0.0,100.0,0.0,77.0,23.0,100.0,0.0,100.0,0.0,76.0,49697.0,23.0,23.0,100.0,0.0,100.0,0.0,200.0,0.0,100.0,32222.0,100.0,48801341848.0,100.0,129765280287.0
2019-04-06,Z302AKBG,ST4000DM000,4000787030016,0,119.0,230385144.0,92.0,0.0,100.0,11.0,100.0,0.0,87.0,480477426.0,63.0,32593.0,100.0,0.0,100.0,11.0,100.0,0.0,100.0,0.0,100.0,0.0,100.0,0.0,100.0,0.0,77.0,23.0,100.0,0.0,100.0,0.0,76.0,49702.0,23.0,23.0,100.0,0.0,100.0,0.0,200.0,0.0,100.0,32245.0,100.0,48803350472.0,100.0,129962563543.0
2019-04-07,Z302AKBG,ST4000DM000,4000787030016,0,111.0,33746080.0,92.0,0.0,100.0,11.0,100.0,0.0,87.0,481907594.0,63.0,32617.0,100.0,0.0,100.0,11.0,100.0,0.0,100.0,0.0,100.0,0.0,100.0,0.0,100.0,0.0,77.0,23.0,100.0,0.0,100.0,0.0,76.0,49744.0,23.0,23.0,100.0,0.0,100.0,0.0,200.0,0.0,100.0,32268.0,100.0,48807537112.0,100.0,130090873640.0
2019-04-08,Z302AKBG,ST4000DM000,4000787030016,0,117.0,152705432.0,92.0,0.0,100.0,11.0,100.0,0.0,87.0,483011253.0,63.0,32640.0,100.0,0.0,100.0,11.0,100.0,0.0,100.0,0.0,100.0,0.0,100.0,0.0,100.0,0.0,77.0,23.0,100.0,0.0,100.0,0.0,76.0,49746.0,23.0,23.0,100.0,0.0,100.0,0.0,200.0,0.0,100.0,32292.0,100.0,48809124160.0,100.0,130254506861.0
2019-04-09,Z302AKBG,ST4000DM000,4000787030016,0,116.0,114336664.0,92.0,0.0,100.0,11.0,100.0,0.0,87.0,484380847.0,63.0,32664.0,100.0,0.0,100.0,11.0,100.0,0.0,100.0,0.0,100.0,0.0,100.0,0.0,100.0,0.0,78.0,22.0,100.0,0.0,100.0,0.0,76.0,49752.0,22.0,22.0,100.0,0.0,100.0,0.0,200.0,0.0,100.0,32315.0,100.0,48810909536.0,100.0,130409093547.0
2019-04-10,Z302AKBG,ST4000DM000,4000787030016,0,118.0,174315856.0,92.0,0.0,100.0,11.0,100.0,0.0,87.0,485299167.0,63.0,32687.0,100.0,0.0,100.0,11.0,100.0,0.0,100.0,0.0,100.0,0.0,100.0,0.0,100.0,0.0,78.0,22.0,100.0,0.0,100.0,0.0,76.0,49755.0,22.0,22.0,100.0,0.0,100.0,0.0,200.0,0.0,100.0,32339.0,100.0,48812787744.0,100.0,130528339449.0
2019-04-11,Z302AKBG,ST4000DM000,4000787030016,0,112.0,45639920.0,92.0,0.0,100.0,11.0,100.0,0.0,87.0,486259337.0,63.0,32711.0,100.0,0.0,100.0,11.0,100.0,0.0,100.0,0.0,100.0,0.0,100.0,0.0,100.0,0.0,78.0,22.0,100.0,0.0,100.0,0.0,76.0,49759.0,22.0,22.0,100.0,0.0,100.0,0.0,200.0,0.0,100.0,32362.0,100.0,48814965424.0,100.0,130679766366.0
2019-04-12,Z302AKBG,ST4000DM000,4000787030016,0,113.0,58430384.0,92.0,0.0,100.0,11.0,100.0,0.0,87.0,487841990.0,63.0,32734.0,100.0,0.0,100.0,11.0,100.0,0.0,100.0,0.0,100.0,0.0,100.0,0.0,100.0,0.0,77.0,23.0,100.0,0.0,100.0,0.0,76.0,49766.0,23.0,23.0,100.0,0.0,100.0,0.0,200.0,0.0,100.0,32385.0,100.0,48819788400.0,100.0,130836473529.0
2019-04-13,Z302AKBG,ST4000DM000,4000787030016,0,114.0,60580424.0,92.0,0.0,100.0,11.0,100.0,0.0,87.0,489236643.0,63.0,32758.0,100.0,0.0,100.0,11.0,100.0,0.0,100.0,0.0,100.0,0.0,100.0,0.0,100.0,0.0,78.0,22.0,100.0,0.0,100.0,0.0,76.0,49769.0,22.0,22.0,100.0,0.0,100.0,0.0,200.0,0.0,100.0,32409.0,100.0,48821194112.0,100.0,130956251030.0
2019-04-14,Z302AKBG,ST4000DM000,4000787030016,0,110.0,27453600.0,92.0,0.0,100.0,11.0,100.0,0.0,87.0,490077941.0,63.0,32781.0,100.0,0.0,100.0,11.0,100.0,0.0,100.0,0.0,100.0,0.0,100.0,0.0,100.0,0.0,79.0,21.0,100.0,0.0,100.0,0.0,76.0,49820.0,21.0,21.0,100.0,0.0,100.0,0.0,200.0,0.0,100.0,32432.0,100.0,48823949312.0,100.0,131041180681.0
2019-04-15,Z302AKBG,ST4000DM000,4000787030016,0,118.0,197104544.0,92.0,0.0,100.0,11.0,100.0,0.0,87.0,490855415.0,63.0,32805.0,100.0,0.0,100.0,11.0,100.0,0.0,100.0,0.0,100.0,0.0,100.0,0.0,100.0,0.0,78.0,22.0,100.0,0.0,100.0,0.0,76.0,49863.0,22.0,22.0,100.0,0.0,100.0,0.0,200.0,0.0,100.0,32455.0,100.0,48827059392.0,100.0,131154089612.0
2019-04-16,Z302AKBG,ST4000DM000,4000787030016,0,118.0,179663080.0,92.0,0.0,100.0,11.0,100.0,0.0,87.0,491251303.0,63.0,32828.0,100.0,0.0,100.0,11.0,100.0,0.0,100.0,0.0,100.0,0.0,100.0,0.0,100.0,0.0,77.0,23.0,100.0,0.0,100.0,0.0,76.0,49868.0,23.0,23.0,100.0,0.0,100.0,0.0,200.0,0.0,100.0,32479.0,100.0,48829181160.0,100.0,131295541802.0
2019-04-17,Z302AKBG,ST4000DM000,4000787030016,0,111.0,32782800.0,92.0,0.0,100.0,11.0,100.0,0.0,87.0,491632303.0,63.0,32852.0,100.0,0.0,100.0,11.0,100.0,0.0,100.0,0.0,100.0,0.0,100.0,0.0,100.0,0.0,78.0,22.0,100.0,0.0,100.0,0.0,76.0,49870.0,22.0,22.0,100.0,0.0,100.0,0.0,200.0,0.0,100.0,32502.0,100.0,48831539952.0,100.0,131415244667.0
2019-04-18,Z302AKBG,ST4000DM000,4000787030016,0,117.0,134493488.0,92.0,0.0,100.0,11.0,100.0,0.0,87.0,492039306.0,63.0,32875.0,100.0,0.0,100.0,11.0,100.0,0.0,100.0,0.0,100.0,0.0,100.0,0.0,100.0,0.0,78.0,22.0,100.0,0.0,100.0,0.0,76.0,49876.0,22.0,22.0,100.0,0.0,100.0,0.0,200.0,0.0,100.0,32525.0,100.0,48833534016.0,100.0,131570048057.0
2019-04-19,Z302AKBG,ST4000DM000,4000787030016,0,117.0,156869504.0,92.0,0.0,100.0,11.0,100.0,0.0,87.0,493953089.0,63.0,32899.0,100.0,0.0,100.0,11.0,100.0,0.0,100.0,0.0,100.0,0.0,100.0,0.0,100.0,0.0,78.0,22.0,100.0,0.0,100.0,0.0,76.0,49878.0,22.0,22.0,100.0,0.0,100.0,0.0,200.0,0.0,100.0,32549.0,100.0,48839619104.0,100.0,131781008210.0
2019-04-20,Z302AKBG,ST4000DM000,4000787030016,0,116.0,107194280.0,92.0,0.0,100.0,11.0,100.0,0.0,87.0,494430046.0,63.0,32922.0,100.0,0.0,100.0,11.0,100.0,0.0,100.0,0.0,100.0,0.0,100.0,0.0,100.0,0.0,77.0,23.0,100.0,0.0,100.0,0.0,76.0,49880.0,23.0,23.0,100.0,0.0,100.0,0.0,200.0,0.0,100.0,32573.0,100.0,48842106136.0,100.0,131917599913.0
2019-04-21,Z302AKBG,ST4000DM000,4000787030016,0,112.0,50053360.0,92.0,0.0,100.0,11.0,100.0,0.0,87.0,495159700.0,63.0,32946.0,100.0,0.0,100.0,11.0,100.0,0.0,100.0,0.0,100.0,0.0,100.0,0.0,100.0,0.0,77.0,23.0,100.0,0.0,100.0,0.0,76.0,49886.0,23.0,23.0,100.0,0.0,100.0,0.0,200.0,0.0,100.0,32596.0,100.0,48844141584.0,100.0,132055641805.0
2019-04-22,Z302AKBG,ST4000DM000,4000787030016,0,112.0,43285304.0,92.0,0.0,100.0,11.0,100.0,0.0,87.0,496626094.0,63.0,32969.0,100.0,0.0,100.0,11.0,100.0,0.0,100.0,0.0,100.0,0.0,100.0,0.0,100.0,0.0,77.0,23.0,100.0,0.0,100.0,0.0,76.0,49933.0,23.0,23.0,100.0,0.0,100.0,0.0,200.0,0.0,100.0,32619.0,100.0,48848244960.0,100.0,132214955087.0
2019-04-23,Z302AKBG,ST4000DM000,4000787030016,0,118.0,184074232.0,92.0,0.0,100.0,11.0,100.0,0.0,87.0,497635276.0,63.0,32992.0,100.0,0.0,100.0,11.0,100.0,0.0,100.0,0.0,100.0,0.0,100.0,0.0,100.0,0.0,77.0,23.0,100.0,0.0,100.0,0.0,76.0,49937.0,23.0,23.0,100.0,0.0,100.0,0.0,200.0,0.0,100.0,32643.0,100.0,48850299872.0,100.0,132403846206.0
2019-04-24,Z302AKBG,ST4000DM000,4000787030016,0,114.0,83164792.0,92.0,0.0,100.0,11.0,100.0,0.0,87.0,499578960.0,63.0,33028.0,100.0,0.0,100.0,11.0,100.0,0.0,100.0,0.0,100.0,0.0,100.0,0.0,100.0,0.0,78.0,22.0,100.0,0.0,100.0,0.0,76.0,49944.0,22.0,22.0,100.0,0.0,100.0,0.0,200.0,0.0,100.0,32678.0,100.0,48853030864.0,100.0,132644896388.0
2019-04-25,Z302AKBG,ST4000DM000,4000787030016,0,119.0,228892856.0,92.0,0.0,100.0,11.0,100.0,0.0,87.0,501315742.0,63.0,33051.0,100.0,0.0,100.0,11.0,100.0,0.0,100.0,0.0,100.0,0.0,100.0,0.0,100.0,0.0,78.0,22.0,100.0,0.0,100.0,0.0,76.0,49947.0,22.0,22.0,100.0,0.0,100.0,0.0,200.0,0.0,100.0,32701.0,100.0,48856589848.0,100.0,132817522403.0
2019-04-26,Z302AKBG,ST4000DM000,4000787030016,0,111.0,35184296.0,92.0,0.0,100.0,11.0,100.0,0.0,87.0,502654306.0,63.0,33075.0,100.0,0.0,100.0,11.0,100.0,0.0,100.0,0.0,100.0,0.0,100.0,0.0,100.0,0.0,78.0,22.0,100.0,0.0,100.0,0.0,76.0,49949.0,22.0,22.0,100.0,0.0,100.0,0.0,200.0,0.0,100.0,32725.0,100.0,48860661880.0,100.0,132958963873.0
2019-04-27,Z302AKBG,ST4000DM000,4000787030016,0,111.0,41892024.0,92.0,0.0,100.0,11.0,100.0,0.0,87.0,503414953.0,63.0,33098.0,100.0,0.0,100.0,11.0,100.0,0.0,100.0,0.0,100.0,0.0,100.0,0.0,100.0,0.0,78.0,22.0,100.0,0.0,100.0,0.0,76.0,49954.0,22.0,22.0,100.0,0.0,100.0,0.0,200.0,0.0,100.0,32748.0,100.0,48862793336.0,100.0,133103937995.0
2019-04-28,Z302AKBG,ST4000DM000,4000787030016,0,114.0,80628624.0,92.0,0.0,100.0,11.0,100.0,0.0,87.0,504632120.0,63.0,33121.0,100.0,0.0,100.0,11.0,100.0,0.0,100.0,0.0,100.0,0.0,100.0,0.0,100.0,0.0,78.0,22.0,100.0,0.0,100.0,0.0,75.0,50124.0,22.0,22.0,100.0,0.0,100.0,0.0,200.0,0.0,100.0,32771.0,100.0,48865916488.0,100.0,133219410874.0
2019-04-29,Z302AKBG,ST4000DM000,4000787030016,0,118.0,200807040.0,92.0,0.0,100.0,11.0,100.0,0.0,87.0,505673322.0,63.0,33145.0,100.0,0.0,100.0,11.0,100.0,0.0,100.0,0.0,100.0,0.0,100.0,0.0,100.0,0.0,78.0,22.0,100.0,0.0,100.0,0.0,75.0,50163.0,22.0,22.0,100.0,0.0,100.0,0.0,200.0,0.0,100.0,32794.0,100.0,48868822856.0,100.0,133343399158.0
2019-04-30,Z302AKBG,ST4000DM000,4000787030016,0,119.0,203078680.0,92.0,0.0,100.0,11.0,100.0,0.0,87.0,506787591.0,63.0,33168.0,100.0,0.0,100.0,11.0,100.0,0.0,100.0,0.0,100.0,0.0,100.0,0.0,100.0,0.0,78.0,22.0,100.0,0.0,100.0,0.0,75.0,50166.0,22.0,22.0,100.0,0.0,100.0,0.0,200.0,0.0,100.0,32818.0,100.0,48870864440.0,100.0,133504348605.0
2019-05-01,Z302AKBG,ST4000DM000,4000787030016,0,117.0,139497120.0,92.0,0.0,100.0,11.0,100.0,0.0,87.0,508461614.0,63.0,33192.0,100.0,0.0,100.0,11.0,100.0,0.0,100.0,0.0,100.0,0.0,100.0,0.0,100.0,0.0,77.0,23.0,100.0,0.0,100.0,0.0,75.0,50170.0,23.0,23.0,100.0,0.0,100.0,0.0,200.0,0.0,100.0,32841.0,100.0,48874842152.0,100.0,133688454607.0
2019-05-02,Z302AKBG,ST4000DM000,4000787030016,0,112.0,48478232.0,92.0,0.0,100.0,11.0,100.0,0.0,87.0,509381145.0,63.0,33215.0,100.0,0.0,100.0,11.0,100.0,0.0,100.0,0.0,100.0,0.0,100.0,0.0,100.0,0.0,77.0,23.0,100.0,0.0,100.0,0.0,75.0,50175.0,23.0,23.0,100.0,0.0,100.0,0.0,200.0,0.0,100.0,32865.0,100.0,48876455008.0,100.0,133854814979.0
2019-05-03,Z302AKBG,ST4000DM000,4000787030016,0,116.0,112842432.0,92.0,0.0,100.0,11.0,100.0,0.0,87.0,511165214.0,63.0,33239.0,100.0,0.0,100.0,11.0,100.0,0.0,100.0,0.0,100.0,0.0,100.0,0.0,100.0,0.0,78.0,22.0,100.0,0.0,100.0,0.0,75.0,50179.0,22.0,22.0,100.0,0.0,100.0,0.0,200.0,0.0,100.0,32889.0,100.0,48880903000.0,100.0,134041149994.0
2019-05-04,Z302AKBG,ST4000DM000,4000787030016,0,118.0,198835504.0,92.0,0.0,100.0,11.0,100.0,0.0,87.0,511845590.0,63.0,33263.0,100.0,0.0,100.0,11.0,100.0,0.0,100.0,0.0,100.0,0.0,100.0,0.0,100.0,0.0,78.0,22.0,100.0,0.0,100.0,0.0,75.0,50182.0,22.0,22.0,100.0,0.0,100.0,0.0,200.0,0.0,100.0,32912.0,100.0,48882723616.0,100.0,134162640098.0
2019-05-05,Z302AKBG,ST4000DM000,4000787030016,0,118.0,178532160.0,92.0,0.0,100.0,11.0,100.0,0.0,87.0,513064506.0,63.0,33286.0,100.0,0.0,100.0,11.0,100.0,0.0,100.0,0.0,100.0,0.0,100.0,0.0,100.0,0.0,78.0,22.0,100.0,0.0,100.0,0.0,75.0,50213.0,22.0,22.0,100.0,0.0,100.0,0.0,200.0,0.0,100.0,32935.0,100.0,48886101216.0,100.0,134290816545.0
2019-05-06,Z302AKBG,ST4000DM000,4000787030016,0,118.0,192102120.0,92.0,0.0,100.0,11.0,100.0,0.0,87.0,514026258.0,62.0,33310.0,100.0,0.0,100.0,11.0,100.0,0.0,100.0,0.0,100.0,0.0,100.0,0.0,100.0,0.0,77.0,23.0,100.0,0.0,100.0,0.0,75.0,50219.0,23.0,23.0,100.0,0.0,100.0,0.0,200.0,0.0,100.0,32959.0,100.0,48888646096.0,100.0,134438708006.0
2019-05-07,Z302AKBG,ST4000DM000,4000787030016,0,117.0,134100744.0,92.0,0.0,100.0,11.0,100.0,0.0,87.0,515909613.0,62.0,33333.0,100.0,0.0,100.0,11.0,100.0,0.0,100.0,0.0,100.0,0.0,100.0,0.0,100.0,0.0,77.0,23.0,100.0,0.0,100.0,0.0,75.0,50222.0,23.0,23.0,100.0,0.0,100.0,0.0,200.0,0.0,100.0,32982.0,100.0,48892963992.0,100.0,134645116752.0
2019-05-08,Z302AKBG,ST4000DM000,4000787030016,0,119.0,231160552.0,92.0,0.0,100.0,11.0,100.0,0.0,87.0,516896011.0,62.0,33357.0,100.0,0.0,100.0,11.0,100.0,0.0,100.0,0.0,100.0,0.0,100.0,0.0,100.0,0.0,78.0,22.0,100.0,0.0,100.0,0.0,75.0,50225.0,22.0,22.0,100.0,0.0,100.0,0.0,200.0,0.0,100.0,33006.0,100.0,48894743584.0,100.0,134810569324.0
2019-05-09,Z302AKBG,ST4000DM000,4000787030016,0,114.0,82876680.0,92.0,0.0,100.0,11.0,100.0,0.0,87.0,517968241.0,62.0,33380.0,100.0,0.0,100.0,11.0,100.0,0.0,100.0,0.0,100.0,0.0,100.0,0.0,100.0,0.0,78.0,22.0,100.0,0.0,100.0,0.0,75.0,50229.0,22.0,22.0,100.0,0.0,100.0,0.0,200.0,0.0,100.0,33029.0,100.0,48896529688.0,100.0,134953464807.0
2019-05-10,Z302AKBG,ST4000DM000,4000787030016,0,119.0,210530080.0,92.0,0.0,100.0,11.0,100.0,0.0,87.0,520389392.0,62.0,33415.0,100.0,0.0,100.0,11.0,100.0,0.0,100.0,0.0,100.0,0.0,100.0,0.0,100.0,0.0,77.0,23.0,100.0,0.0,100.0,0.0,75.0,50234.0,23.0,23.0,100.0,0.0,100.0,0.0,200.0,0.0,100.0,33065.0,100.0,48901682976.0,100.0,135169149716.0
2019-05-11,Z302AKBG,ST4000DM000,4000787030016,0,120.0,559912.0,92.0,0.0,100.0,11.0,100.0,0.0,87.0,521408652.0,62.0,33439.0,100.0,0.0,100.0,11.0,100.0,0.0,100.0,0.0,100.0,0.0,100.0,0.0,100.0,0.0,77.0,23.0,100.0,0.0,100.0,0.0,75.0,50238.0,23.0,23.0,100.0,0.0,100.0,0.0,200.0,0.0,100.0,33088.0,100.0,48903256328.0,100.0,135321206163.0
2019-05-12,Z302AKBG,ST4000DM000,4000787030016,0,118.0,176121520.0,92.0,0.0,100.0,11.0,100.0,0.0,87.0,523405905.0,62.0,33463.0,100.0,0.0,100.0,11.0,100.0,0.0,100.0,0.0,100.0,0.0,100.0,0.0,100.0,0.0,77.0,23.0,100.0,0.0,100.0,0.0,75.0,50324.0,23.0,23.0,100.0,0.0,100.0,0.0,200.0,0.0,100.0,33111.0,100.0,48907801536.0,100.0,135456822850.0
2019-05-13,Z302AKBG,ST4000DM000,4000787030016,0,119.0,221281192.0,92.0,0.0,100.0,11.0,100.0,0.0,87.0,524084239.0,62.0,33486.0,100.0,0.0,100.0,11.0,100.0,0.0,100.0,0.0,100.0,0.0,100.0,0.0,100.0,0.0,77.0,23.0,100.0,0.0,100.0,0.0,75.0,50329.0,23.0,23.0,100.0,0.0,100.0,0.0,200.0,0.0,100.0,33135.0,100.0,48909327072.0,100.0,135581127292.0
2019-05-14,Z302AKBG,ST4000DM000,4000787030016,0,119.0,205213896.0,92.0,0.0,100.0,11.0,100.0,0.0,87.0,524584651.0,62.0,33510.0,100.0,0.0,100.0,11.0,100.0,0.0,100.0,0.0,100.0,0.0,100.0,0.0,100.0,0.0,77.0,23.0,100.0,0.0,100.0,0.0,75.0,50334.0,23.0,23.0,100.0,0.0,100.0,0.0,200.0,0.0,100.0,33158.0,100.0,48910993416.0,100.0,135673787254.0
2019-05-15,Z302AKBG,ST4000DM000,4000787030016,0,116.0,113521384.0,92.0,0.0,100.0,11.0,100.0,0.0,87.0,525655958.0,62.0,33533.0,100.0,0.0,100.0,11.0,100.0,0.0,100.0,0.0,100.0,0.0,100.0,0.0,100.0,0.0,77.0,23.0,100.0,0.0,100.0,0.0,75.0,50376.0,23.0,23.0,100.0,0.0,100.0,0.0,200.0,0.0,100.0,33182.0,100.0,48914368968.0,100.0,135781489993.0
2019-05-16,Z302AKBG,ST4000DM000,4000787030016,0,119.0,218628584.0,92.0,0.0,100.0,11.0,100.0,0.0,87.0,526103984.0,62.0,33557.0,100.0,0.0,100.0,11.0,100.0,0.0,100.0,0.0,100.0,0.0,100.0,0.0,100.0,0.0,77.0,23.0,100.0,0.0,100.0,0.0,75.0,50379.0,23.0,23.0,100.0,0.0,100.0,0.0,200.0,0.0,100.0,33205.0,100.0,48916697576.0,100.0,135926570835.0
2019-05-17,Z302AKBG,ST4000DM000,4000787030016,0,115.0,97944664.0,92.0,0.0,100.0,11.0,100.0,0.0,87.0,527259047.0,62.0,33581.0,100.0,0.0,100.0,11.0,100.0,0.0,100.0,0.0,100.0,0.0,100.0,0.0,100.0,0.0,77.0,23.0,100.0,0.0,100.0,0.0,75.0,50380.0,23.0,23.0,100.0,0.0,100.0,0.0,200.0,0.0,100.0,33229.0,100.0,48921697432.0,100.0,136064767653.0
2019-05-18,Z302AKBG,ST4000DM000,4000787030016,0,100.0,3125352.0,92.0,0.0,100.0,11.0,100.0,0.0,87.0,527700154.0,62.0,33604.0,100.0,0.0,100.0,11.0,100.0,0.0,100.0,0.0,100.0,0.0,100.0,0.0,100.0,0.0,77.0,23.0,100.0,0.0,100.0,0.0,75.0,50385.0,23.0,23.0,100.0,0.0,100.0,0.0,200.0,0.0,100.0,33252.0,100.0,48924300672.0,100.0,136222641312.0
2019-05-19,Z302AKBG,ST4000DM000,4000787030016,0,117.0,162881288.0,92.0,0.0,100.0,11.0,100.0,0.0,87.0,528800145.0,62.0,33628.0,100.0,0.0,100.0,11.0,100.0,0.0,100.0,0.0,100.0,0.0,100.0,0.0,100.0,0.0,77.0,23.0,100.0,0.0,100.0,0.0,75.0,50446.0,23.0,23.0,100.0,0.0,100.0,0.0,200.0,0.0,100.0,33276.0,100.0,48928913152.0,100.0,136375145395.0
2019-05-20,Z302AKBG,ST4000DM000,4000787030016,0,114.0,60250768.0,92.0,0.0,100.0,11.0,100.0,0.0,87.0,529220495.0,62.0,33651.0,100.0,0.0,100.0,11.0,100.0,0.0,100.0,0.0,100.0,0.0,100.0,0.0,100.0,0.0,77.0,23.0,100.0,0.0,100.0,0.0,75.0,50451.0,23.0,23.0,100.0,0.0,100.0,0.0,200.0,0.0,100.0,33299.0,100.0,48931098752.0,100.0,136528367580.0
2019-05-21,Z302AKBG,ST4000DM000,4000787030016,0,119.0,221677952.0,92.0,0.0,100.0,11.0,100.0,0.0,87.0,529921502.0,62.0,33675.0,100.0,0.0,100.0,11.0,100.0,0.0,100.0,0.0,100.0,0.0,100.0,0.0,100.0,0.0,77.0,23.0,100.0,0.0,100.0,0.0,75.0,50457.0,23.0,23.0,100.0,0.0,100.0,0.0,200.0,0.0,100.0,33323.0,100.0,48933101752.0,100.0,136661052013.0
2019-05-22,Z302AKBG,ST4000DM000,4000787030016,0,118.0,188106120.0,92.0,0.0,100.0,11.0,100.0,0.0,87.0,530814755.0,62.0,33686.0,100.0,0.0,100.0,11.0,100.0,0.0,100.0,0.0,100.0,0.0,100.0,0.0,100.0,0.0,77.0,23.0,100.0,0.0,100.0,0.0,75.0,50459.0,23.0,23.0,100.0,0.0,100.0,0.0,200.0,0.0,100.0,33334.0,100.0,48934929856.0,100.0,136756919324.0
2019-05-23,Z302AKBG,ST4000DM000,4000787030016,0,115.0,93207992.0,92.0,0.0,100.0,11.0,100.0,0.0,87.0,532116851.0,62.0,33710.0,100.0,0.0,100.0,11.0,100.0,0.0,100.0,0.0,100.0,0.0,100.0,0.0,100.0,0.0,77.0,23.0,100.0,0.0,100.0,0.0,75.0,50465.0,23.0,23.0,100.0,0.0,100.0,0.0,200.0,0.0,100.0,33358.0,100.0,48938027200.0,100.0,136961529270.0
2019-05-24,Z302AKBG,ST4000DM000,4000787030016,0,117.0,156627504.0,92.0,0.0,100.0,11.0,100.0,0.0,87.0,533741494.0,62.0,33734.0,100.0,0.0,100.0,11.0,100.0,0.0,100.0,0.0,100.0,0.0,100.0,0.0,100.0,0.0,77.0,23.0,100.0,0.0,100.0,0.0,75.0,50466.0,23.0,23.0,100.0,0.0,100.0,0.0,200.0,0.0,100.0,33382.0,100.0,48943031544.0,100.0,137133199503.0
2019-05-25,Z302AKBG,ST4000DM000,4000787030016,0,118.0,191962304.0,92.0,0.0,100.0,11.0,100.0,0.0,87.0,535420112.0,62.0,33758.0,100.0,0.0,100.0,11.0,100.0,0.0,100.0,0.0,100.0,0.0,100.0,0.0,100.0,0.0,77.0,23.0,100.0,0.0,100.0,0.0,75.0,50468.0,23.0,23.0,100.0,0.0,100.0,0.0,200.0,0.0,100.0,33405.0,100.0,48944581672.0,100.0,137301467605.0
2019-05-26,Z302AKBG,ST4000DM000,4000787030016,0,120.0,1480384.0,92.0,0.0,100.0,11.0,100.0,0.0,87.0,536372183.0,62.0,33781.0,100.0,0.0,100.0,11.0,100.0,0.0,100.0,0.0,100.0,0.0,100.0,0.0,100.0,0.0,77.0,23.0,100.0,0.0,100.0,0.0,75.0,50471.0,23.0,23.0,100.0,0.0,100.0,0.0,200.0,0.0,100.0,33429.0,100.0,48946564784.0,100.0,137452590699.0
2019-05-27,Z302AKBG,ST4000DM000,4000787030016,0,119.0,221424192.0,92.0,0.0,100.0,11.0,100.0,0.0,87.0,537638282.0,62.0,33805.0,100.0,0.0,100.0,11.0,100.0,0.0,100.0,0.0,100.0,0.0,100.0,0.0,100.0,0.0,77.0,23.0,100.0,0.0,100.0,0.0,75.0,50524.0,23.0,23.0,100.0,0.0,100.0,0.0,200.0,0.0,100.0,33453.0,100.0,48950936920.0,100.0,137574425601.0
2019-05-28,Z302AKBG,ST4000DM000,4000787030016,0,119.0,227114504.0,92.0,0.0,100.0,11.0,100.0,0.0,87.0,539422954.0,62.0,33840.0,100.0,0.0,100.0,11.0,100.0,0.0,100.0,0.0,100.0,0.0,100.0,0.0,100.0,0.0,78.0,22.0,100.0,0.0,100.0,0.0,75.0,50530.0,22.0,22.0,100.0,0.0,100.0,0.0,200.0,0.0,100.0,33488.0,100.0,48955681144.0,100.0,137803827000.0
2019-05-29,Z302AKBG,ST4000DM000,4000787030016,0,114.0,77031592.0,92.0,0.0,100.0,11.0,100.0,0.0,87.0,540324573.0,62.0,33864.0,100.0,0.0,100.0,11.0,100.0,0.0,100.0,0.0,100.0,0.0,100.0,0.0,100.0,0.0,78.0,22.0,100.0,0.0,100.0,0.0,75.0,50533.0,22.0,22.0,100.0,0.0,100.0,0.0,200.0,0.0,100.0,33512.0,100.0,48957550152.0,100.0,137944320042.0
2019-05-30,Z302AKBG,ST4000DM000,4000787030016,0,113.0,54473680.0,92.0,0.0,100.0,11.0,100.0,0.0,87.0,541439202.0,62.0,33888.0,100.0,0.0,100.0,11.0,100.0,0.0,100.0,0.0,100.0,0.0,100.0,0.0,100.0,0.0,78.0,22.0,100.0,0.0,100.0,0.0,75.0,50540.0,22.0,22.0,100.0,0.0,100.0,0.0,200.0,0.0,100.0,33535.0,100.0,48959380680.0,100.0,138102188040.0
2019-05-31,Z302AKBG,ST4000DM000,4000787030016,0,108.0,20308760.0,92.0,0.0,100.0,11.0,100.0,0.0,87.0,543130243.0,62.0,33911.0,100.0,0.0,100.0,11.0,100.0,0.0,100.0,0.0,100.0,0.0,100.0,0.0,100.0,0.0,78.0,22.0,100.0,0.0,100.0,0.0,75.0,50546.0,22.0,22.0,100.0,0.0,100.0,0.0,200.0,0.0,100.0,33559.0,100.0,48963729584.0,100.0,138290992231.0
2019-06-01,Z302AKBG,ST4000DM000,4000787030016,0,118.0,177774336.0,92.0,0.0,100.0,11.0,100.0,0.0,87.0,544024629.0,62.0,33935.0,100.0,0.0,100.0,11.0,100.0,0.0,100.0,0.0,100.0,0.0,100.0,0.0,100.0,0.0,78.0,22.0,100.0,0.0,100.0,0.0,75.0,50549.0,22.0,22.0,100.0,0.0,100.0,0.0,200.0,0.0,100.0,33583.0,100.0,48965476560.0,100.0,138453871750.0
2019-06-02,Z302AKBG,ST4000DM000,4000787030016,0,117.0,166546904.0,92.0,0.0,100.0,11.0,100.0,0.0,87.0,545520894.0,62.0,33958.0,100.0,0.0,100.0,11.0,100.0,0.0,100.0,0.0,100.0,0.0,100.0,0.0,100.0,0.0,78.0,22.0,100.0,0.0,100.0,0.0,75.0,50594.0,22.0,22.0,100.0,0.0,100.0,0.0,200.0,0.0,100.0,33606.0,100.0,48969949688.0,100.0,138614614401.0
2019-06-03,Z302AKBG,ST4000DM000,4000787030016,0,119.0,212137160.0,92.0,0.0,100.0,11.0,100.0,0.0,87.0,546317379.0,62.0,33982.0,100.0,0.0,100.0,11.0,100.0,0.0,100.0,0.0,100.0,0.0,100.0,0.0,100.0,0.0,78.0,22.0,100.0,0.0,100.0,0.0,75.0,50598.0,22.0,22.0,100.0,0.0,100.0,0.0,200.0,0.0,100.0,33629.0,100.0,48972624200.0,100.0,138724576740.0
2019-06-04,Z302AKBG,ST4000DM000,4000787030016,0,115.0,97645264.0,92.0,0.0,100.0,11.0,100.0,0.0,87.0,547915311.0,62.0,34006.0,100.0,0.0,100.0,11.0,100.0,0.0,100.0,0.0,100.0,0.0,100.0,0.0,100.0,0.0,78.0,22.0,100.0,0.0,100.0,0.0,75.0,50603.0,22.0,22.0,100.0,0.0,100.0,0.0,200.0,0.0,100.0,33653.0,100.0,48976850912.0,100.0,138880292032.0
2019-06-05,Z302AKBG,ST4000DM000,4000787030016,0,118.0,178170760.0,92.0,0.0,100.0,11.0,100.0,0.0,87.0,548747285.0,62.0,34030.0,100.0,0.0,100.0,11.0,100.0,0.0,100.0,0.0,100.0,0.0,100.0,0.0,100.0,0.0,78.0,22.0,100.0,0.0,100.0,0.0,75.0,50605.0,22.0,22.0,100.0,0.0,100.0,0.0,200.0,0.0,100.0,33677.0,100.0,48978937528.0,100.0,139033527563.0
2019-06-06,Z302AKBG,ST4000DM000,4000787030016,0,120.0,241609352.0,92.0,0.0,100.0,11.0,100.0,0.0,87.0,549867088.0,62.0,34053.0,100.0,0.0,100.0,11.0,100.0,0.0,100.0,0.0,100.0,0.0,100.0,0.0,100.0,0.0,78.0,22.0,100.0,0.0,100.0,0.0,75.0,50610.0,22.0,22.0,100.0,0.0,100.0,0.0,200.0,0.0,100.0,33700.0,100.0,48980700256.0,100.0,139228943784.0
2019-06-07,Z302AKBG,ST4000DM000,4000787030016,0,114.0,61355224.0,92.0,0.0,100.0,11.0,100.0,0.0,87.0,551639358.0,62.0,34076.0,100.0,0.0,100.0,11.0,100.0,0.0,100.0,0.0,100.0,0.0,100.0,0.0,100.0,0.0,78.0,22.0,100.0,0.0,100.0,0.0,75.0,50613.0,22.0,22.0,100.0,0.0,100.0,0.0,200.0,0.0,100.0,33724.0,100.0,48985020392.0,100.0,139409708535.0
2019-06-08,Z302AKBG,ST4000DM000,4000787030016,0,118.0,197529800.0,92.0,0.0,100.0,11.0,100.0,0.0,87.0,552739983.0,62.0,34100.0,100.0,0.0,100.0,11.0,100.0,0.0,100.0,0.0,100.0,0.0,100.0,0.0,100.0,0.0,78.0,22.0,100.0,0.0,100.0,0.0,75.0,50615.0,22.0,22.0,100.0,0.0,100.0,0.0,200.0,0.0,100.0,33747.0,100.0,48986694304.0,100.0,139555386446.0
2019-06-09,Z302AKBG,ST4000DM000,4000787030016,0,118.0,201174384.0,92.0,0.0,100.0,11.0,100.0,0.0,87.0,554441668.0,62.0,34123.0,100.0,0.0,100.0,11.0,100.0,0.0,100.0,0.0,100.0,0.0,100.0,0.0,100.0,0.0,78.0,22.0,100.0,0.0,100.0,0.0,75.0,50622.0,22.0,22.0,100.0,0.0,100.0,0.0,200.0,0.0,100.0,33770.0,100.0,48990146288.0,100.0,139715360316.0
2019-06-10,Z302AKBG,ST4000DM000,4000787030016,0,116.0,108076128.0,92.0,0.0,100.0,11.0,100.0,0.0,87.0,555834631.0,62.0,34147.0,100.0,0.0,100.0,11.0,100.0,0.0,100.0,0.0,100.0,0.0,100.0,0.0,100.0,0.0,78.0,22.0,100.0,0.0,100.0,0.0,75.0,50641.0,22.0,22.0,100.0,0.0,100.0,0.0,200.0,0.0,100.0,33794.0,100.0,48993674808.0,100.0,139807565535.0
2019-06-11,Z302AKBG,ST4000DM000,4000787030016,0,112.0,50188744.0,92.0,0.0,100.0,11.0,100.0,0.0,87.0,556692213.0,61.0,34170.0,100.0,0.0,100.0,11.0,100.0,0.0,100.0,0.0,100.0,0.0,100.0,0.0,100.0,0.0,78.0,22.0,100.0,0.0,100.0,0.0,75.0,50645.0,22.0,22.0,100.0,0.0,100.0,0.0,200.0,0.0,100.0,33817.0,100.0,48995316288.0,100.0,139953566504.0
2019-06-12,Z302AKBG,ST4000DM000,4000787030016,0,120.0,240025496.0,92.0,0.0,100.0,11.0,100.0,0.0,87.0,557378887.0,61.0,34193.0,100.0,0.0,100.0,11.0,100.0,0.0,100.0,0.0,100.0,0.0,100.0,0.0,100.0,0.0,78.0,22.0,100.0,0.0,100.0,0.0,75.0,50649.0,22.0,22.0,100.0,0.0,100.0,0.0,200.0,0.0,100.0,33841.0,100.0,48996770688.0,100.0,140085442784.0
2019-06-13,Z302AKBG,ST4000DM000,4000787030016,0,114.0,67472896.0,92.0,0.0,100.0,11.0,100.0,0.0,87.0,557934249.0,61.0,34217.0,100.0,0.0,100.0,11.0,100.0,0.0,100.0,0.0,100.0,0.0,100.0,0.0,100.0,0.0,78.0,22.0,100.0,0.0,100.0,0.0,75.0,50651.0,22.0,22.0,100.0,0.0,100.0,0.0,200.0,0.0,100.0,33864.0,100.0,48997996544.0,100.0,140186902068.0
2019-06-14,Z302AKBG,ST4000DM000,4000787030016,0,108.0,19289360.0,92.0,0.0,100.0,11.0,100.0,0.0,87.0,559172301.0,61.0,34240.0,100.0,0.0,100.0,11.0,100.0,0.0,100.0,0.0,100.0,0.0,100.0,0.0,100.0,0.0,78.0,22.0,100.0,0.0,100.0,0.0,75.0,50651.0,22.0,22.0,100.0,0.0,100.0,0.0,200.0,0.0,100.0,33887.0,100.0,49002324112.0,100.0,140294321994.0
2019-06-15,Z302AKBG,ST4000DM000,4000787030016,0,117.0,147240464.0,92.0,0.0,100.0,11.0,100.0,0.0,87.0,560234078.0,61.0,34264.0,100.0,0.0,100.0,11.0,100.0,0.0,100.0,0.0,100.0,0.0,100.0,0.0,100.0,0.0,78.0,22.0,100.0,0.0,100.0,0.0,75.0,50694.0,22.0,22.0,100.0,0.0,100.0,0.0,200.0,0.0,100.0,33911.0,100.0,49004581752.0,100.0,140447926081.0
2019-06-16,Z302AKBG,ST4000DM000,4000787030016,0,118.0,187858112.0,92.0,0.0,100.0,11.0,100.0,0.0,87.0,560584690.0,61.0,34287.0,100.0,0.0,100.0,11.0,100.0,0.0,100.0,0.0,100.0,0.0,100.0,0.0,100.0,0.0,78.0,22.0,100.0,0.0,100.0,0.0,75.0,50697.0,22.0,22.0,100.0,0.0,100.0,0.0,200.0,0.0,100.0,33934.0,100.0,49006586928.0,100.0,140562428849.0
2019-06-17,Z302AKBG,ST4000DM000,4000787030016,0,119.0,202691560.0,92.0,0.0,100.0,11.0,100.0,0.0,87.0,561680821.0,61.0,34311.0,100.0,0.0,100.0,11.0,100.0,0.0,100.0,0.0,100.0,0.0,100.0,0.0,100.0,0.0,78.0,22.0,100.0,0.0,100.0,0.0,75.0,50770.0,22.0,22.0,100.0,0.0,100.0,0.0,200.0,0.0,100.0,33957.0,100.0,49011313640.0,100.0,140687777072.0
2019-06-18,Z302AKBG,ST4000DM000,4000787030016,0,119.0,225158728.0,92.0,0.0,100.0,11.0,100.0,0.0,87.0,562101052.0,61.0,34334.0,100.0,0.0,100.0,11.0,100.0,0.0,100.0,0.0,100.0,0.0,100.0,0.0,100.0,0.0,78.0,22.0,100.0,0.0,100.0,0.0,75.0,50775.0,22.0,22.0,100.0,0.0,100.0,0.0,200.0,0.0,100.0,33981.0,100.0,49013479976.0,100.0,140861659255.0
2019-06-19,Z302AKBG,ST4000DM000,4000787030016,0,109.0,24318544.0,92.0,0.0,100.0,11.0,100.0,0.0,87.0,562753288.0,61.0,34369.0,100.0,0.0,100.0,11.0,100.0,0.0,100.0,0.0,100.0,0.0,100.0,0.0,100.0,0.0,78.0,22.0,100.0,0.0,100.0,0.0,75.0,50781.0,22.0,22.0,100.0,0.0,100.0,0.0,200.0,0.0,100.0,34016.0,100.0,49016761936.0,100.0,141083934477.0
2019-06-20,Z302AKBG,ST4000DM000,4000787030016,0,118.0,171996336.0,92.0,0.0,100.0,11.0,100.0,0.0,87.0,563473106.0,61.0,34393.0,100.0,0.0,100.0,11.0,100.0,0.0,100.0,0.0,100.0,0.0,100.0,0.0,100.0,0.0,78.0,22.0,100.0,0.0,100.0,0.0,75.0,50784.0,22.0,22.0,100.0,0.0,100.0,0.0,200.0,0.0,100.0,34039.0,100.0,49018703432.0,100.0,141224252129.0
2019-06-21,Z302AKBG,ST4000DM000,4000787030016,0,120.0,2373760.0,92.0,0.0,100.0,11.0,100.0,0.0,87.0,565510644.0,61.0,34416.0,100.0,0.0,100.0,11.0,100.0,0.0,100.0,0.0,100.0,0.0,100.0,0.0,100.0,0.0,78.0,22.0,100.0,0.0,100.0,0.0,75.0,50788.0,22.0,22.0,100.0,0.0,100.0,0.0,200.0,0.0,100.0,34063.0,100.0,49024248560.0,100.0,141437599460.0
2019-06-22,Z302AKBG,ST4000DM000,4000787030016,0,119.0,227524752.0,92.0,0.0,100.0,11.0,100.0,0.0,87.0,566445622.0,61.0,34440.0,100.0,0.0,100.0,11.0,100.0,0.0,100.0,0.0,100.0,0.0,100.0,0.0,100.0,0.0,78.0,22.0,100.0,0.0,100.0,0.0,75.0,50791.0,22.0,22.0,100.0,0.0,100.0,0.0,200.0,0.0,100.0,34086.0,100.0,49026755280.0,100.0,141612409654.0
2019-06-23,Z302AKBG,ST4000DM000,4000787030016,0,116.0,111058592.0,92.0,0.0,100.0,11.0,100.0,0.0,87.0,567973731.0,61.0,34463.0,100.0,0.0,100.0,11.0,100.0,0.0,100.0,0.0,100.0,0.0,100.0,0.0,100.0,0.0,78.0,22.0,100.0,0.0,100.0,0.0,75.0,50964.0,22.0,22.0,100.0,0.0,100.0,0.0,200.0,0.0,100.0,34108.0,100.0,49029127072.0,100.0,141745801221.0
2019-06-24,Z302AKBG,ST4000DM000,4000787030016,0,117.0,157375488.0,92.0,0.0,100.0,11.0,100.0,0.0,87.0,569408059.0,61.0,34486.0,100.0,0.0,100.0,11.0,100.0,0.0,100.0,0.0,100.0,0.0,100.0,0.0,100.0,0.0,78.0,22.0,100.0,0.0,100.0,0.0,75.0,51129.0,22.0,22.0,100.0,0.0,100.0,0.0,200.0,0.0,100.0,34131.0,100.0,49032291280.0,100.0,141870810078.0
2019-06-25,Z302AKBG,ST4000DM000,4000787030016,0,117.0,128336800.0,92.0,0.0,100.0,11.0,100.0,0.0,87.0,570209580.0,61.0,34510.0,100.0,0.0,100.0,11.0,100.0,0.0,100.0,0.0,100.0,0.0,100.0,0.0,100.0,0.0,78.0,22.0,100.0,0.0,100.0,0.0,75.0,51133.0,22.0,22.0,100.0,0.0,100.0,0.0,200.0,0.0,100.0,34154.0,100.0,49034069120.0,100.0,142002637245.0
2019-06-26,Z302AKBG,ST4000DM000,4000787030016,0,111.0,37418640.0,92.0,0.0,100.0,11.0,100.0,0.0,87.0,570940221.0,61.0,34534.0,100.0,0.0,100.0,11.0,100.0,0.0,100.0,0.0,100.0,0.0,100.0,0.0,100.0,0.0,78.0,22.0,100.0,0.0,100.0,0.0,75.0,51134.0,22.0,22.0,100.0,0.0,100.0,0.0,200.0,0.0,100.0,34178.0,100.0,49036068912.0,100.0,142157395719.0
2019-06-27,Z302AKBG,ST4000DM000,4000787030016,0,118.0,194498648.0,92.0,0.0,100.0,11.0,100.0,0.0,87.0,572410052.0,61.0,34557.0,100.0,0.0,100.0,11.0,100.0,0.0,100.0,0.0,100.0,0.0,100.0,0.0,100.0,0.0,78.0,22.0,100.0,0.0,100.0,0.0,75.0,51141.0,22.0,22.0,100.0,0.0,100.0,0.0,200.0,0.0,100.0,34202.0,100.0,49038824120.0,100.0,142415811413.0
2019-06-28,Z302AKBG,ST4000DM000,4000787030016,0,109.0,24118344.0,92.0,0.0,100.0,11.0,100.0,0.0,87.0,575455557.0,61.0,34581.0,100.0,0.0,100.0,11.0,100.0,0.0,100.0,0.0,100.0,0.0,100.0,0.0,100.0,0.0,78.0,22.0,100.0,0.0,100.0,0.0,75.0,51143.0,22.0,22.0,100.0,0.0,100.0,0.0,200.0,0.0,100.0,34226.0,100.0,49045072136.0,100.0,142741529826.0
2019-06-29,Z302AKBG,ST4000DM000,4000787030016,0,118.0,199792400.0,92.0,0.0,100.0,11.0,100.0,0.0,87.0,577273689.0,61.0,34605.0,100.0,0.0,100.0,11.0,100.0,0.0,100.0,0.0,100.0,0.0,100.0,0.0,100.0,0.0,78.0,22.0,100.0,0.0,100.0,0.0,75.0,51149.0,22.0,22.0,100.0,0.0,100.0,0.0,200.0,0.0,100.0,34249.0,100.0,49047654560.0,100.0,143079561154.0
2019-06-30,Z302AKBG,ST4000DM000,4000787030016,0,118.0,182308536.0,92.0,0.0,100.0,11.0,100.0,0.0,87.0,578766296.0,61.0,34629.0,100.0,0.0,100.0,11.0,100.0,0.0,100.0,0.0,100.0,0.0,100.0,0.0,100.0,0.0,78.0,22.0,100.0,0.0,100.0,0.0,75.0,51201.0,22.0,22.0,100.0,0.0,100.0,0.0,200.0,0.0,100.0,34273.0,100.0,49050662568.0,100.0,143306457302.0
2019-07-01,Z302AKBG,ST4000DM000,4000787030016,0,108.0,17520176.0,92.0,0.0,100.0,11.0,100.0,0.0,87.0,580790265.0,61.0,34653.0,100.0,0.0,100.0,11.0,100.0,0.0,100.0,0.0,100.0,0.0,100.0,0.0,100.0,0.0,78.0,22.0,100.0,0.0,100.0,0.0,75.0,51233.0,22.0,22.0,100.0,0.0,100.0,0.0,200.0,0.0,100.0,34296.0,100.0,49055085376.0,100.0,143605525805.0
2019-07-02,Z302AKBG,ST4000DM000,4000787030016,0,111.0,31066384.0,92.0,0.0,100.0,11.0,100.0,0.0,87.0,582745494.0,61.0,34676.0,100.0,0.0,100.0,11.0,100.0,0.0,100.0,0.0,100.0,0.0,100.0,0.0,100.0,0.0,78.0,22.0,100.0,0.0,100.0,0.0,75.0,51238.0,22.0,22.0,100.0,0.0,100.0,0.0,200.0,0.0,100.0,34320.0,100.0,49057728728.0,100.0,143924443503.0
2019-07-03,Z302AKBG,ST4000DM000,4000787030016,0,119.0,218713024.0,92.0,0.0,100.0,11.0,100.0,0.0,87.0,584935635.0,61.0,34700.0,100.0,0.0,100.0,11.0,100.0,0.0,100.0,0.0,100.0,0.0,100.0,0.0,100.0,0.0,78.0,22.0,100.0,0.0,100.0,0.0,75.0,51242.0,22.0,22.0,100.0,0.0,100.0,0.0,200.0,0.0,100.0,34344.0,100.0,49060955856.0,100.0,144194949715.0
2019-07-04,Z302AKBG,ST4000DM000,4000787030016,0,117.0,132397904.0,92.0,0.0,100.0,11.0,100.0,0.0,87.0,586471061.0,61.0,34724.0,100.0,0.0,100.0,11.0,100.0,0.0,100.0,0.0,100.0,0.0,100.0,0.0,100.0,0.0,78.0,22.0,100.0,0.0,100.0,0.0,75.0,51247.0,22.0,22.0,100.0,0.0,100.0,0.0,200.0,0.0,100.0,34368.0,100.0,49063817008.0,100.0,144477694261.0
2019-07-05,Z302AKBG,ST4000DM000,4000787030016,0,120.0,240279080.0,92.0,0.0,100.0,11.0,100.0,0.0,87.0,588213690.0,61.0,34748.0,100.0,0.0,100.0,11.0,100.0,0.0,100.0,0.0,100.0,0.0,100.0,0.0,100.0,0.0,78.0,22.0,100.0,0.0,100.0,0.0,75.0,51261.0,22.0,22.0,100.0,0.0,100.0,0.0,200.0,0.0,100.0,34392.0,100.0,49068514672.0,100.0,144682695312.0
2019-07-06,Z302AKBG,ST4000DM000,4000787030016,0,110.0,25356016.0,92.0,0.0,100.0,11.0,100.0,0.0,87.0,588931918.0,61.0,34772.0,100.0,0.0,100.0,11.0,100.0,0.0,100.0,0.0,100.0,0.0,100.0,0.0,100.0,0.0,78.0,22.0,100.0,0.0,100.0,0.0,75.0,51288.0,22.0,22.0,100.0,0.0,100.0,0.0,200.0,0.0,100.0,34416.0,100.0,49072106712.0,100.0,144942460001.0
2019-07-07,Z302AKBG,ST4000DM000,4000787030016,0,119.0,203668568.0,92.0,0.0,100.0,11.0,100.0,0.0,87.0,590626194.0,61.0,34796.0,100.0,0.0,100.0,11.0,100.0,0.0,100.0,0.0,100.0,0.0,100.0,0.0,100.0,0.0,78.0,22.0,100.0,0.0,100.0,0.0,75.0,51354.0,22.0,22.0,100.0,0.0,100.0,0.0,200.0,0.0,100.0,34439.0,100.0,49077950552.0,100.0,145262640565.0
2019-07-08,Z302AKBG,ST4000DM000,4000787030016,0,118.0,191977528.0,92.0,0.0,100.0,11.0,100.0,0.0,87.0,591901156.0,61.0,34820.0,100.0,0.0,100.0,11.0,100.0,0.0,100.0,0.0,100.0,0.0,100.0,0.0,100.0,0.0,78.0,22.0,100.0,0.0,100.0,0.0,75.0,51477.0,22.0,22.0,100.0,0.0,100.0,0.0,200.0,0.0,100.0,34463.0,100.0,49081910072.0,100.0,145481965852.0
2019-07-09,Z302AKBG,ST4000DM000,4000787030016,0,115.0,95430392.0,92.0,0.0,100.0,11.0,100.0,0.0,87.0,593668263.0,61.0,34844.0,100.0,0.0,100.0,11.0,100.0,0.0,100.0,0.0,100.0,0.0,100.0,0.0,100.0,0.0,77.0,23.0,100.0,0.0,100.0,0.0,75.0,51482.0,23.0,23.0,100.0,0.0,100.0,0.0,200.0,0.0,100.0,34486.0,100.0,49084793688.0,100.0,145848971530.0
2019-07-10,Z302AKBG,ST4000DM000,4000787030016,0,118.0,177323568.0,92.0,0.0,100.0,11.0,100.0,0.0,87.0,596050612.0,61.0,34868.0,100.0,0.0,100.0,11.0,100.0,0.0,100.0,0.0,100.0,0.0,100.0,0.0,100.0,0.0,78.0,22.0,100.0,0.0,100.0,0.0,75.0,51486.0,22.0,22.0,100.0,0.0,100.0,0.0,200.0,0.0,100.0,34510.0,100.0,49087723264.0,100.0,146180034699.0
2019-07-11,Z302AKBG,ST4000DM000,4000787030016,0,112.0,48990632.0,92.0,0.0,100.0,11.0,100.0,0.0,87.0,597658527.0,61.0,34892.0,100.0,0.0,100.0,11.0,100.0,0.0,100.0,0.0,100.0,0.0,100.0,0.0,100.0,0.0,78.0,22.0,100.0,0.0,100.0,0.0,75.0,51492.0,22.0,22.0,100.0,0.0,100.0,0.0,200.0,0.0,100.0,34534.0,100.0,49090535912.0,100.0,146470882872.0
2019-07-12,Z302AKBG,ST4000DM000,4000787030016,0,116.0,107648592.0,92.0,0.0,100.0,11.0,100.0,0.0,87.0,600043302.0,61.0,34916.0,100.0,0.0,100.0,11.0,100.0,0.0,100.0,0.0,100.0,0.0,100.0,0.0,100.0,0.0,78.0,22.0,100.0,0.0,100.0,0.0,75.0,51495.0,22.0,22.0,100.0,0.0,100.0,0.0,200.0,0.0,100.0,34558.0,100.0,49095996704.0,100.0,146774468810.0
2019-07-13,Z302AKBG,ST4000DM000,4000787030016,0,119.0,222298744.0,92.0,0.0,100.0,11.0,100.0,0.0,87.0,602032416.0,61.0,34940.0,100.0,0.0,100.0,11.0,100.0,0.0,100.0,0.0,100.0,0.0,100.0,0.0,100.0,0.0,78.0,22.0,100.0,0.0,100.0,0.0,75.0,51500.0,22.0,22.0,100.0,0.0,100.0,0.0,200.0,0.0,100.0,34582.0,100.0,49098379048.0,100.0,147107364561.0
2019-07-14,Z302AKBG,ST4000DM000,4000787030016,0,117.0,155686208.0,92.0,0.0,100.0,11.0,100.0,0.0,87.0,604000887.0,61.0,34964.0,100.0,0.0,100.0,11.0,100.0,0.0,100.0,0.0,100.0,0.0,100.0,0.0,100.0,0.0,78.0,22.0,100.0,0.0,100.0,0.0,75.0,51536.0,22.0,22.0,100.0,0.0,100.0,0.0,200.0,0.0,100.0,34606.0,100.0,49101755816.0,100.0,147429880905.0
2019-07-15,Z302AKBG,ST4000DM000,4000787030016,0,116.0,110677832.0,92.0,0.0,100.0,11.0,100.0,0.0,87.0,605644384.0,61.0,34988.0,100.0,0.0,100.0,11.0,100.0,0.0,100.0,0.0,100.0,0.0,100.0,0.0,100.0,0.0,78.0,22.0,100.0,0.0,100.0,0.0,75.0,51564.0,22.0,22.0,100.0,0.0,100.0,0.0,200.0,0.0,100.0,34630.0,100.0,49105887152.0,100.0,147648079898.0
2019-07-16,Z302AKBG,ST4000DM000,4000787030016,0,110.0,27702848.0,92.0,0.0,100.0,11.0,100.0,0.0,87.0,607489029.0,61.0,35012.0,100.0,0.0,100.0,11.0,100.0,0.0,100.0,0.0,100.0,0.0,100.0,0.0,100.0,0.0,78.0,22.0,100.0,0.0,100.0,0.0,75.0,51568.0,22.0,22.0,100.0,0.0,100.0,0.0,200.0,0.0,100.0,34654.0,100.0,49108565144.0,100.0,147997148804.0
2019-07-17,Z302AKBG,ST4000DM000,4000787030016,0,119.0,234740328.0,92.0,0.0,100.0,11.0,100.0,0.0,87.0,609538507.0,61.0,35036.0,100.0,0.0,100.0,11.0,100.0,0.0,100.0,0.0,100.0,0.0,100.0,0.0,100.0,0.0,77.0,23.0,100.0,0.0,100.0,0.0,75.0,51571.0,23.0,23.0,100.0,0.0,100.0,0.0,200.0,0.0,100.0,34679.0,100.0,49111711816.0,100.0,148308195947.0
2019-07-18,Z302AKBG,ST4000DM000,4000787030016,0,119.0,232991536.0,92.0,0.0,100.0,11.0,100.0,0.0,87.0,612216098.0,60.0,35060.0,100.0,0.0,100.0,11.0,100.0,0.0,100.0,0.0,100.0,0.0,100.0,0.0,100.0,0.0,78.0,22.0,100.0,0.0,100.0,0.0,75.0,51577.0,22.0,22.0,100.0,0.0,100.0,0.0,200.0,0.0,100.0,34703.0,100.0,49116432416.0,100.0,148568993683.0
2019-07-19,Z302AKBG,ST4000DM000,4000787030016,0,119.0,207612576.0,92.0,0.0,100.0,11.0,100.0,0.0,87.0,614545989.0,60.0,35084.0,100.0,0.0,100.0,11.0,100.0,0.0,100.0,0.0,100.0,0.0,100.0,0.0,100.0,0.0,78.0,22.0,100.0,0.0,100.0,0.0,75.0,51579.0,22.0,22.0,100.0,0.0,100.0,0.0,200.0,0.0,100.0,34726.0,100.0,49121667616.0,100.0,148866145536.0
2019-07-20,Z302AKBG,ST4000DM000,4000787030016,0,120.0,2158784.0,92.0,0.0,100.0,11.0,100.0,0.0,87.0,615401860.0,60.0,35108.0,100.0,0.0,100.0,11.0,100.0,0.0,100.0,0.0,100.0,0.0,100.0,0.0,100.0,0.0,78.0,22.0,100.0,0.0,100.0,0.0,75.0,51621.0,22.0,22.0,100.0,0.0,100.0,0.0,200.0,0.0,100.0,34750.0,100.0,49123635696.0,100.0,149051591179.0
2019-07-21,Z302AKBG,ST4000DM000,4000787030016,0,116.0,101170720.0,92.0,0.0,100.0,11.0,100.0,0.0,87.0,616197471.0,60.0,35132.0,100.0,0.0,100.0,11.0,100.0,0.0,100.0,0.0,100.0,0.0,100.0,0.0,100.0,0.0,78.0,22.0,100.0,0.0,100.0,0.0,75.0,51676.0,22.0,22.0,100.0,0.0,100.0,0.0,200.0,0.0,100.0,34773.0,100.0,49127236592.0,100.0,149294941377.0
2019-07-22,Z302AKBG,ST4000DM000,4000787030016,0,120.0,241569064.0,92.0,0.0,100.0,11.0,100.0,0.0,87.0,617435572.0,60.0,35156.0,100.0,0.0,100.0,11.0,100.0,0.0,100.0,0.0,100.0,0.0,100.0,0.0,100.0,0.0,78.0,22.0,100.0,0.0,100.0,0.0,75.0,51765.0,22.0,22.0,100.0,0.0,100.0,0.0,200.0,0.0,100.0,34797.0,100.0,49131925568.0,100.0,149538841189.0
2019-07-23,Z302AKBG,ST4000DM000,4000787030016,0,118.0,180725712.0,92.0,0.0,100.0,11.0,100.0,0.0,87.0,618324067.0,60.0,35180.0,100.0,0.0,100.0,11.0,100.0,0.0,100.0,0.0,100.0,0.0,100.0,0.0,100.0,0.0,77.0,23.0,100.0,0.0,100.0,0.0,75.0,51770.0,23.0,23.0,100.0,0.0,100.0,0.0,200.0,0.0,100.0,34821.0,100.0,49135341776.0,100.0,149842135558.0
2019-07-24,Z302AKBG,ST4000DM000,4000787030016,0,111.0,36099528.0,92.0,0.0,100.0,11.0,100.0,0.0,87.0,620114989.0,60.0,35204.0,100.0,0.0,100.0,11.0,100.0,0.0,100.0,0.0,100.0,0.0,100.0,0.0,100.0,0.0,78.0,22.0,100.0,0.0,100.0,0.0,75.0,51773.0,22.0,22.0,100.0,0.0,100.0,0.0,200.0,0.0,100.0,34845.0,100.0,49138306808.0,100.0,150206528470.0
2019-07-25,Z302AKBG,ST4000DM000,4000787030016,0,102.0,4340592.0,92.0,0.0,100.0,11.0,100.0,0.0,87.0,622575793.0,60.0,35228.0,100.0,0.0,100.0,11.0,100.0,0.0,100.0,0.0,100.0,0.0,100.0,0.0,100.0,0.0,78.0,22.0,100.0,0.0,100.0,0.0,75.0,51781.0,22.0,22.0,100.0,0.0,100.0,0.0,200.0,0.0,100.0,34869.0,100.0,49141359776.0,100.0,150534402641.0
2019-07-26,Z302AKBG,ST4000DM000,4000787030016,0,119.0,228590480.0,92.0,0.0,100.0,11.0,100.0,0.0,87.0,624828232.0,60.0,35252.0,100.0,0.0,100.0,11.0,100.0,0.0,100.0,0.0,100.0,0.0,100.0,0.0,100.0,0.0,78.0,22.0,100.0,0.0,100.0,0.0,75.0,51787.0,22.0,22.0,100.0,0.0,100.0,0.0,200.0,0.0,100.0,34893.0,100.0,49146754936.0,100.0,150834247909.0
2019-07-27,Z302AKBG,ST4000DM000,4000787030016,0,119.0,209999968.0,92.0,0.0,100.0,11.0,100.0,0.0,87.0,628279946.0,60.0,35288.0,100.0,0.0,100.0,11.0,100.0,0.0,100.0,0.0,100.0,0.0,100.0,0.0,100.0,0.0,78.0,22.0,100.0,0.0,100.0,0.0,75.0,51793.0,22.0,22.0,100.0,0.0,100.0,0.0,200.0,0.0,100.0,34929.0,100.0,49153371288.0,100.0,151278588926.0
2019-07-28,Z302AKBG,ST4000DM000,4000787030016,0,117.0,152381112.0,92.0,0.0,100.0,11.0,100.0,0.0,87.0,629963132.0,60.0,35312.0,100.0,0.0,100.0,11.0,100.0,0.0,100.0,0.0,100.0,0.0,100.0,0.0,100.0,0.0,78.0,22.0,100.0,0.0,100.0,0.0,74.0,52027.0,22.0,22.0,100.0,0.0,100.0,0.0,200.0,0.0,100.0,34952.0,100.0,49156945144.0,100.0,151467752160.0
2019-07-29,Z302AKBG,ST4000DM000,4000787030016,0,113.0,55183312.0,92.0,0.0,100.0,11.0,100.0,0.0,87.0,631813656.0,60.0,35336.0,100.0,0.0,100.0,11.0,100.0,0.0,100.0,0.0,100.0,0.0,100.0,0.0,100.0,0.0,78.0,22.0,100.0,0.0,100.0,0.0,74.0,52028.0,22.0,22.0,100.0,0.0,100.0,0.0,200.0,0.0,100.0,34975.0,100.0,49160150272.0,100.0,151799123702.0
2019-07-30,Z302AKBG,ST4000DM000,4000787030016,0,108.0,16936240.0,92.0,0.0,100.0,11.0,100.0,0.0,87.0,633313517.0,60.0,35360.0,100.0,0.0,100.0,11.0,100.0,0.0,100.0,0.0,100.0,0.0,100.0,0.0,100.0,0.0,78.0,22.0,100.0,0.0,100.0,0.0,74.0,52030.0,22.0,22.0,100.0,0.0,100.0,0.0,200.0,0.0,100.0,34999.0,100.0,49178498600.0,100.0,152076150192.0
2019-07-31,Z302AKBG,ST4000DM000,4000787030016,0,119.0,226358768.0,92.0,0.0,100.0,11.0,100.0,0.0,87.0,634409759.0,60.0,35372.0,100.0,0.0,100.0,11.0,100.0,0.0,100.0,0.0,100.0,0.0,100.0,0.0,100.0,0.0,78.0,22.0,100.0,0.0,100.0,0.0,74.0,52030.0,22.0,22.0,100.0,0.0,100.0,0.0,200.0,0.0,100.0,35011.0,100.0,49197869336.0,100.0,152264078182.0
2019-08-01,Z302AKBG,ST4000DM000,4000787030016,0,114.0,64983696.0,92.0,0.0,100.0,11.0,100.0,0.0,87.0,636462110.0,60.0,35396.0,100.0,0.0,100.0,11.0,100.0,0.0,100.0,0.0,100.0,0.0,100.0,0.0,100.0,0.0,77.0,23.0,100.0,0.0,100.0,0.0,74.0,52030.0,23.0,23.0,100.0,0.0,100.0,0.0,200.0,0.0,100.0,35035.0,100.0,49244522568.0,100.0,152592544899.0
2019-08-02,Z302AKBG,ST4000DM000,4000787030016,0,112.0,49809608.0,92.0,0.0,100.0,11.0,100.0,0.0,87.0,639556850.0,60.0,35420.0,100.0,0.0,100.0,11.0,100.0,0.0,100.0,0.0,100.0,0.0,100.0,0.0,100.0,0.0,77.0,23.0,100.0,0.0,100.0,0.0,74.0,52030.0,23.0,23.0,100.0,0.0,100.0,0.0,200.0,0.0,100.0,35059.0,100.0,49286158888.0,100.0,152876342886.0
2019-08-03,Z302AKBG,ST4000DM000,4000787030016,0,118.0,176804528.0,92.0,0.0,100.0,11.0,100.0,0.0,87.0,641454670.0,60.0,35444.0,100.0,0.0,100.0,11.0,100.0,0.0,100.0,0.0,100.0,0.0,100.0,0.0,100.0,0.0,77.0,23.0,100.0,0.0,100.0,0.0,74.0,52030.0,23.0,23.0,100.0,0.0,100.0,0.0,200.0,0.0,100.0,35083.0,100.0,49331473872.0,100.0,153166938989.0
2019-08-04,Z302AKBG,ST4000DM000,4000787030016,0,119.0,226494352.0,92.0,0.0,100.0,11.0,100.0,0.0,87.0,642585529.0,60.0,35467.0,100.0,0.0,100.0,11.0,100.0,0.0,100.0,0.0,100.0,0.0,100.0,0.0,100.0,0.0,78.0,22.0,100.0,0.0,100.0,0.0,74.0,52030.0,22.0,22.0,100.0,0.0,100.0,0.0,200.0,0.0,100.0,35107.0,100.0,49373326008.0,100.0,153352792021.0
2019-08-05,Z302AKBG,ST4000DM000,4000787030016,0,119.0,206017488.0,92.0,0.0,100.0,11.0,100.0,0.0,87.0,643989841.0,60.0,35491.0,100.0,0.0,100.0,11.0,100.0,0.0,100.0,0.0,100.0,0.0,100.0,0.0,100.0,0.0,77.0,23.0,100.0,0.0,100.0,0.0,74.0,52030.0,23.0,23.0,100.0,0.0,100.0,0.0,200.0,0.0,100.0,35131.0,100.0,49425589720.0,100.0,153523015165.0
2019-08-06,Z302AKBG,ST4000DM000,4000787030016,0,118.0,183776840.0,92.0,0.0,100.0,11.0,100.0,0.0,87.0,644964219.0,60.0,35515.0,100.0,0.0,100.0,11.0,100.0,0.0,100.0,0.0,100.0,0.0,100.0,0.0,100.0,0.0,77.0,23.0,100.0,0.0,100.0,0.0,74.0,52030.0,23.0,23.0,100.0,0.0,100.0,0.0,200.0,0.0,100.0,35155.0,100.0,49477342960.0,100.0,153806097071.0
2019-08-07,Z302AKBG,ST4000DM000,4000787030016,0,119.0,207101488.0,92.0,0.0,100.0,11.0,100.0,0.0,87.0,647433358.0,60.0,35551.0,100.0,0.0,100.0,11.0,100.0,0.0,100.0,0.0,100.0,0.0,100.0,0.0,100.0,0.0,77.0,23.0,100.0,0.0,100.0,0.0,74.0,52031.0,23.0,23.0,100.0,0.0,100.0,0.0,200.0,0.0,100.0,35191.0,100.0,49538796024.0,100.0,154314521787.0
2019-08-08,Z302AKBG,ST4000DM000,4000787030016,0,114.0,65099232.0,92.0,0.0,100.0,11.0,100.0,0.0,87.0,648918747.0,60.0,35575.0,100.0,0.0,100.0,11.0,100.0,0.0,100.0,0.0,100.0,0.0,100.0,0.0,100.0,0.0,77.0,23.0,100.0,0.0,100.0,0.0,74.0,52031.0,23.0,23.0,100.0,0.0,100.0,0.0,200.0,0.0,100.0,35215.0,100.0,49568289448.0,100.0,154653410579.0
2019-08-09,Z302AKBG,ST4000DM000,4000787030016,0,113.0,53774072.0,92.0,0.0,100.0,11.0,100.0,0.0,87.0,651705063.0,60.0,35599.0,100.0,0.0,100.0,11.0,100.0,0.0,100.0,0.0,100.0,0.0,100.0,0.0,100.0,0.0,77.0,23.0,100.0,0.0,100.0,0.0,74.0,52031.0,23.0,23.0,100.0,0.0,100.0,0.0,200.0,0.0,100.0,35238.0,100.0,49592520560.0,100.0,155040945265.0
2019-08-10,Z302AKBG,ST4000DM000,4000787030016,0,108.0,15508352.0,92.0,0.0,100.0,11.0,100.0,0.0,87.0,654334922.0,60.0,35623.0,100.0,0.0,100.0,11.0,100.0,0.0,100.0,0.0,100.0,0.0,100.0,0.0,100.0,0.0,78.0,22.0,100.0,0.0,100.0,0.0,74.0,52031.0,22.0,22.0,100.0,0.0,100.0,0.0,200.0,0.0,100.0,35262.0,100.0,49610578376.0,100.0,155359514904.0
2019-08-11,Z302AKBG,ST4000DM000,4000787030016,0,117.0,159417088.0,92.0,0.0,100.0,11.0,100.0,0.0,87.0,655925019.0,60.0,35647.0,100.0,0.0,100.0,11.0,100.0,0.0,100.0,0.0,100.0,0.0,100.0,0.0,100.0,0.0,78.0,22.0,100.0,0.0,100.0,0.0,74.0,52031.0,22.0,22.0,100.0,0.0,100.0,0.0,200.0,0.0,100.0,35286.0,100.0,49630699280.0,100.0,155542066661.0
2019-08-12,Z302AKBG,ST4000DM000,4000787030016,0,116.0,108228920.0,92.0,0.0,100.0,11.0,100.0,0.0,87.0,657678274.0,60.0,35670.0,100.0,0.0,100.0,11.0,100.0,0.0,100.0,0.0,100.0,0.0,100.0,0.0,100.0,0.0,78.0,22.0,100.0,0.0,100.0,0.0,74.0,52031.0,22.0,22.0,100.0,0.0,100.0,0.0,200.0,0.0,100.0,35310.0,100.0,49652199040.0,100.0,155829629390.0
2019-08-13,Z302AKBG,ST4000DM000,4000787030016,0,112.0,48643432.0,92.0,0.0,100.0,11.0,100.0,0.0,87.0,659816223.0,60.0,35694.0,100.0,0.0,100.0,11.0,100.0,0.0,100.0,0.0,100.0,0.0,100.0,0.0,100.0,0.0,78.0,22.0,100.0,0.0,100.0,0.0,74.0,52031.0,22.0,22.0,100.0,0.0,100.0,0.0,200.0,0.0,100.0,35334.0,100.0,49685470128.0,100.0,156165796866.0
2019-08-14,Z302AKBG,ST4000DM000,4000787030016,0,117.0,164577088.0,92.0,0.0,100.0,11.0,100.0,0.0,87.0,660762022.0,60.0,35706.0,100.0,0.0,100.0,11.0,100.0,0.0,100.0,0.0,100.0,0.0,100.0,0.0,100.0,0.0,78.0,22.0,100.0,0.0,100.0,0.0,74.0,52031.0,22.0,22.0,100.0,0.0,100.0,0.0,200.0,0.0,100.0,35346.0,100.0,49697990336.0,100.0,156336242898.0
2019-08-15,Z302AKBG,ST4000DM000,4000787030016,0,116.0,115880768.0,92.0,0.0,100.0,11.0,100.0,0.0,87.0,662288512.0,60.0,35730.0,100.0,0.0,100.0,11.0,100.0,0.0,100.0,0.0,100.0,0.0,100.0,0.0,100.0,0.0,77.0,23.0,100.0,0.0,100.0,0.0,74.0,52034.0,23.0,23.0,100.0,0.0,100.0,0.0,200.0,0.0,100.0,35369.0,100.0,49722106432.0,100.0,156632831891.0
2019-08-16,Z302AKBG,ST4000DM000,4000787030016,0,114.0,76045264.0,92.0,0.0,100.0,11.0,100.0,0.0,87.0,665659824.0,60.0,35766.0,100.0,0.0,100.0,11.0,100.0,0.0,100.0,0.0,100.0,0.0,100.0,0.0,100.0,0.0,77.0,23.0,100.0,0.0,100.0,0.0,74.0,52034.0,23.0,23.0,100.0,0.0,100.0,0.0,200.0,0.0,100.0,35405.0,100.0,49756030480.0,100.0,157111451045.0
2019-08-17,Z302AKBG,ST4000DM000,4000787030016,0,120.0,242895096.0,92.0,0.0,100.0,11.0,100.0,0.0,87.0,667887832.0,60.0,35790.0,100.0,0.0,100.0,11.0,100.0,0.0,100.0,0.0,100.0,0.0,100.0,0.0,100.0,0.0,77.0,23.0,100.0,0.0,100.0,0.0,74.0,52034.0,23.0,23.0,100.0,0.0,100.0,0.0,200.0,0.0,100.0,35429.0,100.0,49779766472.0,100.0,157429359926.0
2019-08-18,Z302AKBG,ST4000DM000,4000787030016,0,115.0,96245088.0,92.0,0.0,100.0,11.0,100.0,0.0,87.0,670818822.0,60.0,35813.0,100.0,0.0,100.0,11.0,100.0,0.0,100.0,0.0,100.0,0.0,100.0,0.0,100.0,0.0,78.0,22.0,100.0,0.0,100.0,0.0,74.0,52034.0,22.0,22.0,100.0,0.0,100.0,0.0,200.0,0.0,100.0,35453.0,100.0,49806491424.0,100.0,157607451340.0
2019-08-19,Z302AKBG,ST4000DM000,4000787030016,0,119.0,201945800.0,92.0,0.0,100.0,11.0,100.0,0.0,88.0,672744046.0,60.0,35837.0,100.0,0.0,100.0,11.0,100.0,0.0,100.0,0.0,100.0,0.0,100.0,0.0,100.0,0.0,78.0,22.0,100.0,0.0,100.0,0.0,74.0,52034.0,22.0,22.0,100.0,0.0,100.0,0.0,200.0,0.0,100.0,35477.0,100.0,49843849008.0,100.0,157881431713.0
2019-08-20,Z302AKBG,ST4000DM000,4000787030016,0,119.0,219775728.0,92.0,0.0,100.0,11.0,100.0,0.0,88.0,674019411.0,60.0,35861.0,100.0,0.0,100.0,11.0,100.0,0.0,100.0,0.0,100.0,0.0,100.0,0.0,100.0,0.0,78.0,22.0,100.0,0.0,100.0,0.0,74.0,52034.0,22.0,22.0,100.0,0.0,100.0,0.0,200.0,0.0,100.0,35501.0,100.0,49865116928.0,100.0,158114283687.0
2019-08-21,Z302AKBG,ST4000DM000,4000787030016,0,117.0,150925040.0,92.0,0.0,100.0,11.0,100.0,0.0,88.0,674429110.0,60.0,35873.0,100.0,0.0,100.0,11.0,100.0,0.0,100.0,0.0,100.0,0.0,100.0,0.0,100.0,0.0,77.0,23.0,100.0,0.0,100.0,0.0,74.0,52034.0,23.0,23.0,100.0,0.0,100.0,0.0,200.0,0.0,100.0,35513.0,100.0,49877822448.0,100.0,158201335749.0
2019-08-22,Z302AKBG,ST4000DM000,4000787030016,0,114.0,73896240.0,92.0,0.0,100.0,11.0,100.0,0.0,88.0,675387765.0,60.0,35897.0,100.0,0.0,100.0,11.0,100.0,0.0,100.0,0.0,100.0,0.0,100.0,0.0,100.0,0.0,78.0,22.0,100.0,0.0,100.0,0.0,74.0,52036.0,22.0,22.0,100.0,0.0,100.0,0.0,200.0,0.0,100.0,35536.0,100.0,49904890696.0,100.0,158500337880.0
2019-08-23,Z302AKBG,ST4000DM000,4000787030016,0,115.0,97516224.0,92.0,0.0,100.0,11.0,100.0,0.0,88.0,677153606.0,59.0,35921.0,100.0,0.0,100.0,11.0,100.0,0.0,100.0,0.0,100.0,0.0,100.0,0.0,100.0,0.0,78.0,22.0,100.0,0.0,100.0,0.0,74.0,52036.0,22.0,22.0,100.0,0.0,100.0,0.0,200.0,0.0,100.0,35560.0,100.0,49940970088.0,100.0,158820497939.0
2019-08-24,Z302AKBG,ST4000DM000,4000787030016,0,109.0,24370672.0,92.0,0.0,100.0,11.0,100.0,0.0,88.0,678242677.0,59.0,35945.0,100.0,0.0,100.0,11.0,100.0,0.0,100.0,0.0,100.0,0.0,100.0,0.0,100.0,0.0,78.0,22.0,100.0,0.0,100.0,0.0,74.0,52036.0,22.0,22.0,100.0,0.0,100.0,0.0,200.0,0.0,100.0,35584.0,100.0,49971862288.0,100.0,159131937280.0
2019-08-25,Z302AKBG,ST4000DM000,4000787030016,0,118.0,196764200.0,92.0,0.0,100.0,11.0,100.0,0.0,88.0,680223631.0,59.0,35968.0,100.0,0.0,100.0,11.0,100.0,0.0,100.0,0.0,100.0,0.0,100.0,0.0,100.0,0.0,78.0,22.0,100.0,0.0,100.0,0.0,74.0,52036.0,22.0,22.0,100.0,0.0,100.0,0.0,200.0,0.0,100.0,35608.0,100.0,50004906680.0,100.0,159501565434.0
2019-08-26,Z302AKBG,ST4000DM000,4000787030016,0,117.0,167753144.0,92.0,0.0,100.0,11.0,100.0,0.0,88.0,684588267.0,59.0,36016.0,100.0,0.0,100.0,11.0,100.0,0.0,100.0,0.0,100.0,0.0,100.0,0.0,100.0,0.0,78.0,22.0,100.0,0.0,100.0,0.0,74.0,52037.0,22.0,22.0,100.0,0.0,100.0,0.0,200.0,0.0,100.0,35655.0,100.0,50066230552.0,100.0,160002096765.0
2019-08-27,Z302AKBG,ST4000DM000,4000787030016,0,117.0,167753144.0,92.0,0.0,100.0,11.0,100.0,0.0,88.0,684588267.0,59.0,36016.0,100.0,0.0,100.0,11.0,100.0,0.0,100.0,0.0,100.0,0.0,100.0,0.0,100.0,0.0,78.0,22.0,100.0,0.0,100.0,0.0,74.0,52037.0,22.0,22.0,100.0,0.0,100.0,0.0,200.0,0.0,100.0,35655.0,100.0,50066230552.0,100.0,160002096765.0
2019-08-28,Z302AKBG,ST4000DM000,4000787030016,0,101.0,3484768.0,92.0,0.0,100.0,11.0,100.0,0.0,88.0,686983932.0,59.0,36040.0,100.0,0.0,100.0,11.0,100.0,0.0,100.0,0.0,100.0,0.0,100.0,0.0,100.0,0.0,77.0,23.0,100.0,0.0,100.0,0.0,74.0,52037.0,23.0,23.0,100.0,0.0,100.0,0.0,200.0,0.0,100.0,35679.0,100.0,50093952064.0,100.0,160314183651.0
2019-08-29,Z302AKBG,ST4000DM000,4000787030016,0,115.0,98804848.0,92.0,0.0,100.0,11.0,100.0,0.0,88.0,689071929.0,59.0,36064.0,100.0,0.0,100.0,11.0,100.0,0.0,100.0,0.0,100.0,0.0,100.0,0.0,100.0,0.0,78.0,22.0,100.0,0.0,100.0,0.0,74.0,52037.0,22.0,22.0,100.0,0.0,100.0,0.0,200.0,0.0,100.0,35703.0,100.0,50130484288.0,100.0,160614155869.0
2019-08-30,Z302AKBG,ST4000DM000,4000787030016,0,114.0,76366056.0,92.0,0.0,100.0,11.0,100.0,0.0,88.0,691649594.0,59.0,36087.0,100.0,0.0,100.0,11.0,100.0,0.0,100.0,0.0,100.0,0.0,100.0,0.0,100.0,0.0,77.0,23.0,100.0,0.0,100.0,0.0,74.0,52037.0,23.0,23.0,100.0,0.0,100.0,0.0,200.0,0.0,100.0,35727.0,100.0,50162458672.0,100.0,160973384506.0
2019-08-31,Z302AKBG,ST4000DM000,4000787030016,0,115.0,88068952.0,92.0,0.0,100.0,11.0,100.0,0.0,88.0,693517329.0,59.0,36111.0,100.0,0.0,100.0,11.0,100.0,0.0,100.0,0.0,100.0,0.0,100.0,0.0,100.0,0.0,78.0,22.0,100.0,0.0,100.0,0.0,74.0,52037.0,22.0,22.0,100.0,0.0,100.0,0.0,200.0,0.0,100.0,35751.0,100.0,50196073312.0,100.0,161247845383.0
2019-09-01,Z302AKBG,ST4000DM000,4000787030016,0,118.0,172015792.0,92.0,0.0,100.0,11.0,100.0,0.0,88.0,695687537.0,59.0,36135.0,100.0,0.0,100.0,11.0,100.0,0.0,100.0,0.0,100.0,0.0,100.0,0.0,100.0,0.0,78.0,22.0,100.0,0.0,100.0,0.0,74.0,52037.0,22.0,22.0,100.0,0.0,100.0,0.0,200.0,0.0,100.0,35775.0,100.0,50226603488.0,100.0,161608822535.0
2019-09-02,Z302AKBG,ST4000DM000,4000787030016,0,115.0,91310744.0,92.0,0.0,100.0,11.0,100.0,0.0,88.0,697926412.0,59.0,36159.0,100.0,0.0,100.0,11.0,100.0,0.0,100.0,0.0,100.0,0.0,100.0,0.0,100.0,0.0,78.0,22.0,100.0,0.0,100.0,0.0,74.0,52037.0,22.0,22.0,100.0,0.0,100.0,0.0,200.0,0.0,100.0,35799.0,100.0,50255949912.0,100.0,161857365477.0
2019-09-03,Z302AKBG,ST4000DM000,4000787030016,0,118.0,172662584.0,92.0,0.0,100.0,11.0,100.0,0.0,88.0,700351597.0,59.0,36183.0,100.0,0.0,100.0,11.0,100.0,0.0,100.0,0.0,100.0,0.0,100.0,0.0,100.0,0.0,78.0,22.0,100.0,0.0,100.0,0.0,74.0,52037.0,22.0,22.0,100.0,0.0,100.0,0.0,200.0,0.0,100.0,35823.0,100.0,50295449592.0,100.0,162140074107.0
2019-09-04,Z302AKBG,ST4000DM000,4000787030016,0,102.0,5145808.0,92.0,0.0,100.0,11.0,100.0,0.0,88.0,702304323.0,59.0,36207.0,100.0,0.0,100.0,11.0,100.0,0.0,100.0,0.0,100.0,0.0,100.0,0.0,100.0,0.0,78.0,22.0,100.0,0.0,100.0,0.0,74.0,52037.0,22.0,22.0,100.0,0.0,100.0,0.0,200.0,0.0,100.0,35846.0,100.0,50330064032.0,100.0,162443991586.0
2019-09-05,Z302AKBG,ST4000DM000,4000787030016,0,117.0,132502152.0,92.0,0.0,100.0,11.0,100.0,0.0,88.0,703559928.0,59.0,36231.0,100.0,0.0,100.0,11.0,100.0,0.0,100.0,0.0,100.0,0.0,100.0,0.0,100.0,0.0,78.0,22.0,100.0,0.0,100.0,0.0,74.0,52037.0,22.0,22.0,100.0,0.0,100.0,0.0,200.0,0.0,100.0,35870.0,100.0,50369180368.0,100.0,162652115100.0
2019-09-06,Z302AKBG,ST4000DM000,4000787030016,0,115.0,90221088.0,92.0,0.0,100.0,11.0,100.0,0.0,88.0,705311480.0,59.0,36255.0,100.0,0.0,100.0,11.0,100.0,0.0,100.0,0.0,100.0,0.0,100.0,0.0,100.0,0.0,78.0,22.0,100.0,0.0,100.0,0.0,74.0,52038.0,22.0,22.0,100.0,0.0,100.0,0.0,200.0,0.0,100.0,35894.0,100.0,50403777592.0,100.0,162964966455.0
2019-09-07,Z302AKBG,ST4000DM000,4000787030016,0,118.0,172530984.0,92.0,0.0,100.0,11.0,100.0,0.0,88.0,706548176.0,59.0,36279.0,100.0,0.0,100.0,11.0,100.0,0.0,100.0,0.0,100.0,0.0,100.0,0.0,100.0,0.0,77.0,23.0,100.0,0.0,100.0,0.0,74.0,52038.0,23.0,23.0,100.0,0.0,100.0,0.0,200.0,0.0,100.0,35918.0,100.0,50441049568.0,100.0,163283685558.0
2019-09-08,Z302AKBG,ST4000DM000,4000787030016,0,118.0,168427808.0,92.0,0.0,100.0,11.0,100.0,0.0,88.0,707506861.0,59.0,36303.0,100.0,0.0,100.0,11.0,100.0,0.0,100.0,0.0,100.0,0.0,100.0,0.0,100.0,0.0,77.0,23.0,100.0,0.0,100.0,0.0,74.0,52038.0,23.0,23.0,100.0,0.0,100.0,0.0,200.0,0.0,100.0,35942.0,100.0,50471446416.0,100.0,163572482418.0
2019-09-09,Z302AKBG,ST4000DM000,4000787030016,0,119.0,216551344.0,92.0,0.0,100.0,11.0,100.0,0.0,88.0,709483246.0,59.0,36327.0,100.0,0.0,100.0,11.0,100.0,0.0,100.0,0.0,100.0,0.0,100.0,0.0,100.0,0.0,77.0,23.0,100.0,0.0,100.0,0.0,74.0,52038.0,23.0,23.0,100.0,0.0,100.0,0.0,200.0,0.0,100.0,35966.0,100.0,50511180328.0,100.0,163758212667.0
2019-09-10,Z302AKBG,ST4000DM000,4000787030016,0,106.0,12216520.0,92.0,0.0,100.0,11.0,100.0,0.0,88.0,710917437.0,59.0,36351.0,100.0,0.0,100.0,11.0,100.0,0.0,100.0,0.0,100.0,0.0,100.0,0.0,100.0,0.0,77.0,23.0,100.0,0.0,100.0,0.0,74.0,52038.0,23.0,23.0,100.0,0.0,100.0,0.0,200.0,0.0,100.0,35990.0,100.0,50555471496.0,100.0,164051306361.0
2019-09-11,Z302AKBG,ST4000DM000,4000787030016,0,116.0,101042872.0,92.0,0.0,100.0,11.0,100.0,0.0,88.0,714619491.0,59.0,36387.0,100.0,0.0,100.0,11.0,100.0,0.0,100.0,0.0,100.0,0.0,100.0,0.0,100.0,0.0,78.0,22.0,100.0,0.0,100.0,0.0,74.0,52038.0,22.0,22.0,100.0,0.0,100.0,0.0,200.0,0.0,100.0,36026.0,100.0,50614205920.0,100.0,164563155472.0
2019-09-12,Z302AKBG,ST4000DM000,4000787030016,0,116.0,105758480.0,92.0,0.0,100.0,11.0,100.0,0.0,88.0,716028377.0,59.0,36410.0,100.0,0.0,100.0,11.0,100.0,0.0,100.0,0.0,100.0,0.0,100.0,0.0,100.0,0.0,78.0,22.0,100.0,0.0,100.0,0.0,74.0,52040.0,22.0,22.0,100.0,0.0,100.0,0.0,200.0,0.0,100.0,36050.0,100.0,50642636072.0,100.0,164842925123.0
2019-09-13,Z302AKBG,ST4000DM000,4000787030016,0,116.0,102771304.0,92.0,0.0,100.0,11.0,100.0,0.0,88.0,718436428.0,59.0,36434.0,100.0,0.0,100.0,11.0,100.0,0.0,100.0,0.0,100.0,0.0,100.0,0.0,100.0,0.0,77.0,23.0,100.0,0.0,100.0,0.0,74.0,52040.0,23.0,23.0,100.0,0.0,100.0,0.0,200.0,0.0,100.0,36074.0,100.0,50675756816.0,100.0,165150513088.0
2019-09-14,Z302AKBG,ST4000DM000,4000787030016,0,120.0,238178376.0,92.0,0.0,100.0,11.0,100.0,0.0,88.0,720616580.0,59.0,36458.0,100.0,0.0,100.0,11.0,100.0,0.0,100.0,0.0,100.0,0.0,100.0,0.0,100.0,0.0,77.0,23.0,100.0,0.0,100.0,0.0,74.0,52040.0,23.0,23.0,100.0,0.0,100.0,0.0,200.0,0.0,100.0,36098.0,100.0,50706231568.0,100.0,165458913214.0
2019-09-15,Z302AKBG,ST4000DM000,4000787030016,0,118.0,191887856.0,92.0,0.0,100.0,11.0,100.0,0.0,88.0,722498638.0,59.0,36482.0,100.0,0.0,100.0,11.0,100.0,0.0,100.0,0.0,100.0,0.0,100.0,0.0,100.0,0.0,78.0,22.0,100.0,0.0,100.0,0.0,74.0,52040.0,22.0,22.0,100.0,0.0,100.0,0.0,200.0,0.0,100.0,36122.0,100.0,50742868768.0,100.0,165706407098.0
2019-09-16,Z302AKBG,ST4000DM000,4000787030016,0,109.0,22880872.0,92.0,0.0,100.0,11.0,100.0,0.0,88.0,724515776.0,59.0,36506.0,100.0,0.0,100.0,11.0,100.0,0.0,100.0,0.0,100.0,0.0,100.0,0.0,100.0,0.0,78.0,22.0,100.0,0.0,100.0,0.0,74.0,52040.0,22.0,22.0,100.0,0.0,100.0,0.0,200.0,0.0,100.0,36146.0,100.0,50787381128.0,100.0,165991642432.0
2019-09-17,Z302AKBG,ST4000DM000,4000787030016,0,116.0,117260728.0,92.0,0.0,100.0,11.0,100.0,0.0,88.0,726098780.0,59.0,36530.0,100.0,0.0,100.0,11.0,100.0,0.0,100.0,0.0,100.0,0.0,100.0,0.0,100.0,0.0,78.0,22.0,100.0,0.0,100.0,0.0,74.0,52040.0,22.0,22.0,100.0,0.0,100.0,0.0,200.0,0.0,100.0,36169.0,100.0,50821497472.0,100.0,166264528242.0
2019-09-18,Z302AKBG,ST4000DM000,4000787030016,0,119.0,220806888.0,92.0,0.0,100.0,11.0,100.0,0.0,88.0,728263497.0,59.0,36554.0,100.0,0.0,100.0,11.0,100.0,0.0,100.0,0.0,100.0,0.0,100.0,0.0,100.0,0.0,78.0,22.0,100.0,0.0,100.0,0.0,74.0,52040.0,22.0,22.0,100.0,0.0,100.0,0.0,200.0,0.0,100.0,36193.0,100.0,50856079936.0,100.0,166495546630.0
2019-09-19,Z302AKBG,ST4000DM000,4000787030016,0,116.0,114823928.0,92.0,0.0,100.0,11.0,100.0,0.0,88.0,729994353.0,59.0,36578.0,100.0,0.0,100.0,11.0,100.0,0.0,100.0,0.0,100.0,0.0,100.0,0.0,100.0,0.0,78.0,22.0,100.0,0.0,100.0,0.0,74.0,52041.0,22.0,22.0,100.0,0.0,100.0,0.0,200.0,0.0,100.0,36217.0,100.0,50905069216.0,100.0,166770005024.0
2019-09-20,Z302AKBG,ST4000DM000,4000787030016,0,115.0,99652056.0,92.0,0.0,100.0,11.0,100.0,0.0,88.0,733204980.0,59.0,36602.0,100.0,0.0,100.0,11.0,100.0,0.0,100.0,0.0,100.0,0.0,100.0,0.0,100.0,0.0,77.0,23.0,100.0,0.0,100.0,0.0,74.0,52041.0,23.0,23.0,100.0,0.0,100.0,0.0,200.0,0.0,100.0,36241.0,100.0,50942077088.0,100.0,167100654874.0
2019-09-21,Z302AKBG,ST4000DM000,4000787030016,0,111.0,38742272.0,92.0,0.0,100.0,11.0,100.0,0.0,88.0,735973498.0,59.0,36626.0,100.0,0.0,100.0,11.0,100.0,0.0,100.0,0.0,100.0,0.0,100.0,0.0,100.0,0.0,78.0,22.0,100.0,0.0,100.0,0.0,74.0,52041.0,22.0,22.0,100.0,0.0,100.0,0.0,200.0,0.0,100.0,36265.0,100.0,50969150040.0,100.0,167368817259.0
2019-09-22,Z302AKBG,ST4000DM000,4000787030016,0,117.0,161305728.0,92.0,0.0,100.0,11.0,100.0,0.0,88.0,737890802.0,59.0,36650.0,100.0,0.0,100.0,11.0,100.0,0.0,100.0,0.0,100.0,0.0,100.0,0.0,100.0,0.0,77.0,23.0,100.0,0.0,100.0,0.0,74.0,52041.0,23.0,23.0,100.0,0.0,100.0,0.0,200.0,0.0,100.0,36289.0,100.0,51001842136.0,100.0,167595932616.0
2019-09-23,Z302AKBG,ST4000DM000,4000787030016,0,112.0,48340424.0,92.0,0.0,100.0,11.0,100.0,0.0,88.0,739189817.0,59.0,36674.0,100.0,0.0,100.0,11.0,100.0,0.0,100.0,0.0,100.0,0.0,100.0,0.0,100.0,0.0,77.0,23.0,100.0,0.0,100.0,0.0,74.0,52041.0,23.0,23.0,100.0,0.0,100.0,0.0,200.0,0.0,100.0,36313.0,100.0,51035355792.0,100.0,167777654379.0
2019-09-24,Z302AKBG,ST4000DM000,4000787030016,0,118.0,188360968.0,92.0,0.0,100.0,11.0,100.0,0.0,88.0,740160018.0,59.0,36698.0,100.0,0.0,100.0,11.0,100.0,0.0,100.0,0.0,100.0,0.0,100.0,0.0,100.0,0.0,77.0,23.0,100.0,0.0,100.0,0.0,74.0,52041.0,23.0,23.0,100.0,0.0,100.0,0.0,200.0,0.0,100.0,36337.0,100.0,51067133008.0,100.0,168022940158.0
2019-09-25,Z302AKBG,ST4000DM000,4000787030016,0,117.0,166119488.0,92.0,0.0,100.0,11.0,100.0,0.0,88.0,741233455.0,59.0,36722.0,100.0,0.0,100.0,11.0,100.0,0.0,100.0,0.0,100.0,0.0,100.0,0.0,100.0,0.0,78.0,22.0,100.0,0.0,100.0,0.0,74.0,52041.0,22.0,22.0,100.0,0.0,100.0,0.0,200.0,0.0,100.0,36361.0,100.0,51104863864.0,100.0,168324982016.0
2019-09-26,Z302AKBG,ST4000DM000,4000787030016,0,116.0,108300368.0,92.0,0.0,100.0,11.0,100.0,0.0,88.0,742215020.0,59.0,36746.0,100.0,0.0,100.0,11.0,100.0,0.0,100.0,0.0,100.0,0.0,100.0,0.0,100.0,0.0,78.0,22.0,100.0,0.0,100.0,0.0,74.0,52041.0,22.0,22.0,100.0,0.0,100.0,0.0,200.0,0.0,100.0,36385.0,100.0,51134521544.0,100.0,168650999416.0
2019-09-27,Z302AKBG,ST4000DM000,4000787030016,0,113.0,50877728.0,92.0,0.0,100.0,11.0,100.0,0.0,88.0,744757519.0,59.0,36770.0,100.0,0.0,100.0,11.0,100.0,0.0,100.0,0.0,100.0,0.0,100.0,0.0,100.0,0.0,78.0,22.0,100.0,0.0,100.0,0.0,74.0,52041.0,22.0,22.0,100.0,0.0,100.0,0.0,200.0,0.0,100.0,36409.0,100.0,51181435096.0,100.0,168985135586.0
2019-09-28,Z302AKBG,ST4000DM000,4000787030016,0,120.0,239864504.0,92.0,0.0,100.0,11.0,100.0,0.0,88.0,746942715.0,58.0,36794.0,100.0,0.0,100.0,11.0,100.0,0.0,100.0,0.0,100.0,0.0,100.0,0.0,100.0,0.0,77.0,23.0,100.0,0.0,100.0,0.0,74.0,52041.0,23.0,23.0,100.0,0.0,100.0,0.0,200.0,0.0,100.0,36433.0,100.0,51214283352.0,100.0,169323868258.0
2019-09-29,Z302AKBG,ST4000DM000,4000787030016,0,117.0,156896984.0,92.0,0.0,100.0,11.0,100.0,0.0,88.0,748420600.0,58.0,36806.0,100.0,0.0,100.0,11.0,100.0,0.0,100.0,0.0,100.0,0.0,100.0,0.0,100.0,0.0,78.0,22.0,100.0,0.0,100.0,0.0,74.0,52041.0,22.0,22.0,100.0,0.0,100.0,0.0,200.0,0.0,100.0,36445.0,100.0,51232601432.0,100.0,169499796904.0
2019-09-30,Z302AKBG,ST4000DM000,4000787030016,0,119.0,221515560.0,92.0,0.0,100.0,11.0,100.0,0.0,88.0,750849028.0,58.0,36841.0,100.0,0.0,100.0,11.0,100.0,0.0,100.0,0.0,100.0,0.0,100.0,0.0,100.0,0.0,78.0,22.0,100.0,0.0,100.0,0.0,74.0,52041.0,22.0,22.0,100.0,0.0,100.0,0.0,200.0,0.0,100.0,36481.0,100.0,51303610120.0,100.0,169786728476.0
2019-10-01,Z302AKBG,ST4000DM000,4000787030016,0,117.0,165147720.0,92.0,0.0,100.0,11.0,100.0,0.0,88.0,752896524.0,58.0,36865.0,100.0,0.0,100.0,11.0,100.0,0.0,100.0,0.0,100.0,0.0,100.0,0.0,100.0,0.0,78.0,22.0,100.0,0.0,100.0,0.0,74.0,52041.0,22.0,22.0,100.0,0.0,100.0,0.0,200.0,0.0,100.0,36505.0,100.0,51347745328.0,100.0,170089665673.0
2019-10-02,Z302AKBG,ST4000DM000,4000787030016,0,117.0,147251488.0,92.0,0.0,100.0,11.0,100.0,0.0,88.0,755719792.0,58.0,36890.0,100.0,0.0,100.0,11.0,100.0,0.0,100.0,0.0,100.0,0.0,100.0,0.0,100.0,0.0,78.0,22.0,100.0,0.0,100.0,0.0,74.0,52041.0,22.0,22.0,100.0,0.0,100.0,0.0,200.0,0.0,100.0,36529.0,100.0,51395077768.0,100.0,170434357102.0
2019-10-03,Z302AKBG,ST4000DM000,4000787030016,0,115.0,94435176.0,92.0,0.0,100.0,11.0,100.0,0.0,88.0,757462835.0,58.0,36913.0,100.0,0.0,100.0,11.0,100.0,0.0,100.0,0.0,100.0,0.0,100.0,0.0,100.0,0.0,78.0,22.0,100.0,0.0,100.0,0.0,74.0,52041.0,22.0,22.0,100.0,0.0,100.0,0.0,200.0,0.0,100.0,36553.0,100.0,51431714104.0,100.0,170788017161.0
2019-10-04,Z302AKBG,ST4000DM000,4000787030016,0,118.0,172375352.0,92.0,0.0,100.0,11.0,100.0,0.0,88.0,760088009.0,58.0,36937.0,100.0,0.0,100.0,11.0,100.0,0.0,100.0,0.0,100.0,0.0,100.0,0.0,100.0,0.0,78.0,22.0,100.0,0.0,100.0,0.0,74.0,52041.0,22.0,22.0,100.0,0.0,100.0,0.0,200.0,0.0,100.0,36577.0,100.0,51473133224.0,100.0,171084688108.0
2019-10-05,Z302AKBG,ST4000DM000,4000787030016,0,119.0,228391184.0,92.0,0.0,100.0,11.0,100.0,0.0,88.0,761960523.0,58.0,36961.0,100.0,0.0,100.0,11.0,100.0,0.0,100.0,0.0,100.0,0.0,100.0,0.0,100.0,0.0,78.0,22.0,100.0,0.0,100.0,0.0,74.0,52042.0,22.0,22.0,100.0,0.0,100.0,0.0,200.0,0.0,100.0,36601.0,100.0,51501053464.0,100.0,171427503281.0
2019-10-06,Z302AKBG,ST4000DM000,4000787030016,0,120.0,236404376.0,92.0,0.0,100.0,11.0,100.0,0.0,88.0,764019928.0,58.0,36985.0,100.0,0.0,100.0,11.0,100.0,0.0,100.0,0.0,100.0,0.0,100.0,0.0,100.0,0.0,78.0,22.0,100.0,0.0,100.0,0.0,74.0,52042.0,22.0,22.0,100.0,0.0,100.0,0.0,200.0,0.0,100.0,36624.0,100.0,51538194128.0,100.0,171683305898.0
2019-10-07,Z302AKBG,ST4000DM000,4000787030016,0,115.0,84445656.0,92.0,0.0,100.0,11.0,100.0,0.0,88.0,766610550.0,58.0,37009.0,100.0,0.0,100.0,11.0,100.0,0.0,100.0,0.0,100.0,0.0,100.0,0.0,100.0,0.0,78.0,22.0,100.0,0.0,100.0,0.0,74.0,52042.0,22.0,22.0,100.0,0.0,100.0,0.0,200.0,0.0,100.0,36648.0,100.0,51590113384.0,100.0,171953685948.0
2019-10-08,Z302AKBG,ST4000DM000,4000787030016,0,117.0,154613880.0,92.0,0.0,100.0,11.0,100.0,0.0,88.0,768632638.0,58.0,37033.0,100.0,0.0,100.0,11.0,100.0,0.0,100.0,0.0,100.0,0.0,100.0,0.0,100.0,0.0,78.0,22.0,100.0,0.0,100.0,0.0,74.0,52042.0,22.0,22.0,100.0,0.0,100.0,0.0,200.0,0.0,100.0,36672.0,100.0,51625565496.0,100.0,172239311355.0
2019-10-09,Z302AKBG,ST4000DM000,4000787030016,0,116.0,112735528.0,92.0,0.0,100.0,11.0,100.0,0.0,88.0,769995939.0,58.0,37057.0,100.0,0.0,100.0,11.0,100.0,0.0,100.0,0.0,100.0,0.0,100.0,0.0,100.0,0.0,78.0,22.0,100.0,0.0,100.0,0.0,74.0,52042.0,22.0,22.0,100.0,0.0,100.0,0.0,200.0,0.0,100.0,36696.0,100.0,51648224056.0,100.0,172474308917.0
2019-10-10,Z302AKBG,ST4000DM000,4000787030016,0,115.0,94038400.0,92.0,0.0,100.0,11.0,100.0,0.0,88.0,771078946.0,58.0,37081.0,100.0,0.0,100.0,11.0,100.0,0.0,100.0,0.0,100.0,0.0,100.0,0.0,100.0,0.0,78.0,22.0,100.0,0.0,100.0,0.0,74.0,52042.0,22.0,22.0,100.0,0.0,100.0,0.0,200.0,0.0,100.0,36720.0,100.0,51689292584.0,100.0,172712099604.0
2019-10-11,Z302AKBG,ST4000DM000,4000787030016,0,111.0,37732392.0,92.0,0.0,100.0,11.0,100.0,0.0,88.0,773312120.0,58.0,37105.0,100.0,0.0,100.0,11.0,100.0,0.0,100.0,0.0,100.0,0.0,100.0,0.0,100.0,0.0,78.0,22.0,100.0,0.0,100.0,0.0,74.0,52042.0,22.0,22.0,100.0,0.0,100.0,0.0,200.0,0.0,100.0,36744.0,100.0,51747470352.0,100.0,173016173867.0
2019-10-12,Z302AKBG,ST4000DM000,4000787030016,0,107.0,12910552.0,92.0,0.0,100.0,11.0,100.0,0.0,88.0,774427876.0,58.0,37129.0,100.0,0.0,100.0,11.0,100.0,0.0,100.0,0.0,100.0,0.0,100.0,0.0,100.0,0.0,78.0,22.0,100.0,0.0,100.0,0.0,74.0,52042.0,22.0,22.0,100.0,0.0,100.0,0.0,200.0,0.0,100.0,36768.0,100.0,51799240840.0,100.0,173350703508.0
2019-10-13,Z302AKBG,ST4000DM000,4000787030016,0,108.0,17251440.0,92.0,0.0,100.0,11.0,100.0,0.0,88.0,775815232.0,58.0,37153.0,100.0,0.0,100.0,11.0,100.0,0.0,100.0,0.0,100.0,0.0,100.0,0.0,100.0,0.0,78.0,22.0,100.0,0.0,100.0,0.0,74.0,52042.0,22.0,22.0,100.0,0.0,100.0,0.0,200.0,0.0,100.0,36792.0,100.0,51850604336.0,100.0,173575187069.0
2019-10-14,Z302AKBG,ST4000DM000,4000787030016,0,115.0,96839672.0,92.0,0.0,100.0,11.0,100.0,0.0,88.0,777810107.0,58.0,37177.0,100.0,0.0,100.0,11.0,100.0,0.0,100.0,0.0,100.0,0.0,100.0,0.0,100.0,0.0,78.0,22.0,100.0,0.0,100.0,0.0,74.0,52042.0,22.0,22.0,100.0,0.0,100.0,0.0,200.0,0.0,100.0,36816.0,100.0,51912038688.0,100.0,173823121306.0
2019-10-15,Z302AKBG,ST4000DM000,4000787030016,0,117.0,131268360.0,92.0,0.0,100.0,11.0,100.0,0.0,88.0,783122854.0,58.0,37224.0,100.0,0.0,100.0,11.0,100.0,0.0,100.0,0.0,100.0,0.0,100.0,0.0,100.0,0.0,78.0,22.0,100.0,0.0,100.0,0.0,74.0,52043.0,22.0,22.0,100.0,0.0,100.0,0.0,200.0,0.0,100.0,36864.0,100.0,51979546016.0,100.0,174439627416.0
2019-10-16,Z302AKBG,ST4000DM000,4000787030016,0,117.0,131268360.0,92.0,0.0,100.0,11.0,100.0,0.0,88.0,783122854.0,58.0,37224.0,100.0,0.0,100.0,11.0,100.0,0.0,100.0,0.0,100.0,0.0,100.0,0.0,100.0,0.0,78.0,22.0,100.0,0.0,100.0,0.0,74.0,52043.0,22.0,22.0,100.0,0.0,100.0,0.0,200.0,0.0,100.0,36864.0,100.0,51979546016.0,100.0,174439627416.0
2019-10-17,Z302AKBG,ST4000DM000,4000787030016,0,115.0,88128152.0,92.0,0.0,100.0,11.0,100.0,0.0,88.0,784264698.0,58.0,37248.0,100.0,0.0,100.0,11.0,100.0,0.0,100.0,0.0,100.0,0.0,100.0,0.0,100.0,0.0,78.0,22.0,100.0,0.0,100.0,0.0,74.0,52043.0,22.0,22.0,100.0,0.0,100.0,0.0,200.0,0.0,100.0,36888.0,100.0,52012720096.0,100.0,174672867118.0
2019-10-18,Z302AKBG,ST4000DM000,4000787030016,0,116.0,106254600.0,92.0,0.0,100.0,11.0,100.0,0.0,88.0,786842657.0,58.0,37272.0,100.0,0.0,100.0,11.0,100.0,0.0,100.0,0.0,100.0,0.0,100.0,0.0,100.0,0.0,78.0,22.0,100.0,0.0,100.0,0.0,74.0,52043.0,22.0,22.0,100.0,0.0,100.0,0.0,200.0,0.0,100.0,36912.0,100.0,52044071080.0,100.0,174981070638.0
2019-10-19,Z302AKBG,ST4000DM000,4000787030016,0,119.0,214083008.0,92.0,0.0,100.0,11.0,100.0,0.0,88.0,789618623.0,58.0,37296.0,100.0,0.0,100.0,11.0,100.0,0.0,100.0,0.0,100.0,0.0,100.0,0.0,100.0,0.0,78.0,22.0,100.0,0.0,100.0,0.0,74.0,52044.0,22.0,22.0,100.0,0.0,100.0,0.0,200.0,0.0,100.0,36935.0,100.0,52069933200.0,100.0,175353845725.0
2019-10-20,Z302AKBG,ST4000DM000,4000787030016,0,114.0,76120384.0,92.0,0.0,100.0,11.0,100.0,0.0,88.0,794233093.0,58.0,37320.0,100.0,0.0,100.0,11.0,100.0,0.0,100.0,0.0,100.0,0.0,100.0,0.0,100.0,0.0,78.0,22.0,100.0,0.0,100.0,0.0,74.0,52044.0,22.0,22.0,100.0,0.0,100.0,0.0,200.0,0.0,100.0,36960.0,100.0,52081772600.0,100.0,175902379323.0
2019-10-21,Z302AKBG,ST4000DM000,4000787030016,0,113.0,57110608.0,92.0,0.0,100.0,11.0,100.0,0.0,88.0,798412528.0,58.0,37344.0,100.0,0.0,100.0,11.0,100.0,0.0,100.0,0.0,100.0,0.0,100.0,0.0,100.0,0.0,78.0,22.0,100.0,0.0,100.0,0.0,74.0,52044.0,22.0,22.0,100.0,0.0,100.0,0.0,200.0,0.0,100.0,36983.0,100.0,52093542200.0,100.0,176525388084.0
2019-10-22,Z302AKBG,ST4000DM000,4000787030016,0,118.0,187602808.0,92.0,0.0,100.0,11.0,100.0,0.0,88.0,803218883.0,58.0,37368.0,100.0,0.0,100.0,11.0,100.0,0.0,100.0,0.0,100.0,0.0,100.0,0.0,100.0,0.0,78.0,22.0,100.0,0.0,100.0,0.0,74.0,52048.0,22.0,22.0,100.0,0.0,100.0,0.0,200.0,0.0,100.0,37007.0,100.0,52103258080.0,100.0,177447327356.0
2019-10-23,Z302AKBG,ST4000DM000,4000787030016,0,114.0,75019344.0,92.0,0.0,100.0,11.0,100.0,0.0,89.0,808336415.0,58.0,37392.0,100.0,0.0,100.0,11.0,100.0,0.0,100.0,0.0,100.0,0.0,100.0,0.0,100.0,0.0,78.0,22.0,100.0,0.0,100.0,0.0,74.0,52048.0,22.0,22.0,100.0,0.0,100.0,0.0,200.0,0.0,100.0,37031.0,100.0,52107405000.0,100.0,178061825526.0
2019-10-24,Z302AKBG,ST4000DM000,4000787030016,0,117.0,127538568.0,92.0,0.0,100.0,11.0,100.0,0.0,89.0,812969371.0,58.0,37416.0,100.0,0.0,100.0,11.0,100.0,0.0,100.0,0.0,100.0,0.0,100.0,0.0,100.0,0.0,78.0,22.0,100.0,0.0,100.0,0.0,74.0,52048.0,22.0,22.0,100.0,0.0,100.0,0.0,200.0,0.0,100.0,37055.0,100.0,52108621176.0,100.0,178691708719.0
2019-10-25,Z302AKBG,ST4000DM000,4000787030016,0,118.0,173174576.0,92.0,0.0,100.0,11.0,100.0,0.0,89.0,817630174.0,58.0,37440.0,100.0,0.0,100.0,11.0,100.0,0.0,100.0,0.0,100.0,0.0,100.0,0.0,100.0,0.0,78.0,22.0,100.0,0.0,100.0,0.0,74.0,52048.0,22.0,22.0,100.0,0.0,100.0,0.0,200.0,0.0,100.0,37079.0,100.0,52109721936.0,100.0,179320816144.0
2019-10-26,Z302AKBG,ST4000DM000,4000787030016,0,119.0,211683736.0,92.0,0.0,100.0,11.0,100.0,0.0,89.0,822593492.0,58.0,37464.0,100.0,0.0,100.0,11.0,100.0,0.0,100.0,0.0,100.0,0.0,100.0,0.0,100.0,0.0,78.0,22.0,100.0,0.0,100.0,0.0,74.0,52048.0,22.0,22.0,100.0,0.0,100.0,0.0,200.0,0.0,100.0,37103.0,100.0,52110941784.0,100.0,179919787112.0
2019-10-27,Z302AKBG,ST4000DM000,4000787030016,0,116.0,115973568.0,92.0,0.0,100.0,11.0,100.0,0.0,89.0,827721972.0,58.0,37488.0,100.0,0.0,100.0,11.0,100.0,0.0,100.0,0.0,100.0,0.0,100.0,0.0,100.0,0.0,78.0,22.0,100.0,0.0,100.0,0.0,74.0,52048.0,22.0,22.0,100.0,0.0,100.0,0.0,200.0,0.0,100.0,37127.0,100.0,52112178728.0,100.0,180458468116.0
2019-10-28,Z302AKBG,ST4000DM000,4000787030016,0,119.0,226880096.0,92.0,0.0,100.0,11.0,100.0,0.0,89.0,832334211.0,58.0,37512.0,100.0,0.0,100.0,11.0,100.0,0.0,100.0,0.0,100.0,0.0,100.0,0.0,100.0,0.0,78.0,22.0,100.0,0.0,100.0,0.0,74.0,52048.0,22.0,22.0,100.0,0.0,100.0,0.0,200.0,0.0,100.0,37151.0,100.0,52113205240.0,100.0,181189523830.0
2019-10-29,Z302AKBG,ST4000DM000,4000787030016,0,118.0,182446552.0,92.0,0.0,100.0,11.0,100.0,0.0,89.0,837722686.0,58.0,37536.0,100.0,0.0,100.0,11.0,100.0,0.0,100.0,0.0,100.0,0.0,100.0,0.0,100.0,0.0,78.0,22.0,100.0,0.0,100.0,0.0,74.0,52048.0,22.0,22.0,100.0,0.0,100.0,0.0,200.0,0.0,100.0,37175.0,100.0,52114191376.0,100.0,181887491131.0
2019-10-30,Z302AKBG,ST4000DM000,4000787030016,0,113.0,58134168.0,92.0,0.0,100.0,11.0,100.0,0.0,89.0,839959337.0,58.0,37560.0,100.0,0.0,100.0,11.0,100.0,0.0,100.0,0.0,100.0,0.0,100.0,0.0,100.0,0.0,77.0,23.0,100.0,0.0,100.0,0.0,74.0,52048.0,23.0,23.0,100.0,0.0,100.0,0.0,200.0,0.0,100.0,37200.0,100.0,52141601872.0,100.0,182237619235.0
2019-10-31,Z302AKBG,ST4000DM000,4000787030016,0,115.0,89579272.0,92.0,0.0,100.0,11.0,100.0,0.0,89.0,841911439.0,58.0,37584.0,100.0,0.0,100.0,11.0,100.0,0.0,100.0,0.0,100.0,0.0,100.0,0.0,100.0,0.0,77.0,23.0,100.0,0.0,100.0,0.0,74.0,52049.0,23.0,23.0,100.0,0.0,100.0,0.0,200.0,0.0,100.0,37223.0,100.0,52179541768.0,100.0,182577321313.0
2019-11-01,Z302AKBG,ST4000DM000,4000787030016,0,111.0,41234824.0,92.0,0.0,100.0,11.0,100.0,0.0,89.0,845101892.0,58.0,37608.0,100.0,0.0,100.0,11.0,100.0,0.0,100.0,0.0,100.0,0.0,100.0,0.0,100.0,0.0,77.0,23.0,100.0,0.0,100.0,0.0,74.0,52049.0,23.0,23.0,100.0,0.0,100.0,0.0,200.0,0.0,100.0,37247.0,100.0,52219864592.0,100.0,182916395421.0
2019-11-02,Z302AKBG,ST4000DM000,4000787030016,0,116.0,116935152.0,92.0,0.0,100.0,11.0,100.0,0.0,89.0,847166917.0,58.0,37632.0,100.0,0.0,100.0,11.0,100.0,0.0,100.0,0.0,100.0,0.0,100.0,0.0,100.0,0.0,77.0,23.0,100.0,0.0,100.0,0.0,74.0,52049.0,23.0,23.0,100.0,0.0,100.0,0.0,200.0,0.0,100.0,37271.0,100.0,52259604648.0,100.0,183191628356.0
2019-11-03,Z302AKBG,ST4000DM000,4000787030016,0,119.0,203174368.0,92.0,0.0,100.0,11.0,100.0,0.0,89.0,848841626.0,58.0,37656.0,100.0,0.0,100.0,11.0,100.0,0.0,100.0,0.0,100.0,0.0,100.0,0.0,100.0,0.0,77.0,23.0,100.0,0.0,100.0,0.0,74.0,52049.0,23.0,23.0,100.0,0.0,100.0,0.0,200.0,0.0,100.0,37295.0,100.0,52285001536.0,100.0,183410204443.0
2019-11-04,Z302AKBG,ST4000DM000,4000787030016,0,118.0,174938400.0,92.0,0.0,100.0,11.0,100.0,0.0,89.0,850025897.0,57.0,37680.0,100.0,0.0,100.0,11.0,100.0,0.0,100.0,0.0,100.0,0.0,100.0,0.0,100.0,0.0,77.0,23.0,100.0,0.0,100.0,0.0,74.0,52049.0,23.0,23.0,100.0,0.0,100.0,0.0,200.0,0.0,100.0,37319.0,100.0,52340467664.0,100.0,183564511736.0
2019-11-05,Z302AKBG,ST4000DM000,4000787030016,0,116.0,111865600.0,92.0,0.0,100.0,11.0,100.0,0.0,89.0,851064062.0,57.0,37704.0,100.0,0.0,100.0,11.0,100.0,0.0,100.0,0.0,100.0,0.0,100.0,0.0,100.0,0.0,77.0,23.0,100.0,0.0,100.0,0.0,74.0,52049.0,23.0,23.0,100.0,0.0,100.0,0.0,200.0,0.0,100.0,37343.0,100.0,52387511168.0,100.0,183855228305.0
2019-11-06,Z302AKBG,ST4000DM000,4000787030016,0,119.0,218150488.0,92.0,0.0,100.0,11.0,100.0,0.0,89.0,852096856.0,57.0,37728.0,100.0,0.0,100.0,11.0,100.0,0.0,100.0,0.0,100.0,0.0,100.0,0.0,100.0,0.0,78.0,22.0,100.0,0.0,100.0,0.0,74.0,52049.0,22.0,22.0,100.0,0.0,100.0,0.0,200.0,0.0,100.0,37367.0,100.0,52422794488.0,100.0,184199107426.0
2019-11-07,Z302AKBG,ST4000DM000,4000787030016,0,118.0,177451280.0,92.0,0.0,100.0,11.0,100.0,0.0,89.0,852972129.0,57.0,37752.0,100.0,0.0,100.0,11.0,100.0,0.0,100.0,0.0,100.0,0.0,100.0,0.0,100.0,0.0,78.0,22.0,100.0,0.0,100.0,0.0,74.0,52049.0,22.0,22.0,100.0,0.0,100.0,0.0,200.0,0.0,100.0,37391.0,100.0,52463998872.0,100.0,184488208020.0
2019-11-08,Z302AKBG,ST4000DM000,4000787030016,0,117.0,162377912.0,92.0,0.0,100.0,11.0,100.0,0.0,89.0,855483917.0,57.0,37776.0,100.0,0.0,100.0,11.0,100.0,0.0,100.0,0.0,100.0,0.0,100.0,0.0,100.0,0.0,78.0,22.0,100.0,0.0,100.0,0.0,74.0,52049.0,22.0,22.0,100.0,0.0,100.0,0.0,200.0,0.0,100.0,37415.0,100.0,52514817696.0,100.0,184825306727.0
2019-11-09,Z302AKBG,ST4000DM000,4000787030016,0,111.0,37260752.0,92.0,0.0,100.0,11.0,100.0,0.0,89.0,858514450.0,57.0,37800.0,100.0,0.0,100.0,11.0,100.0,0.0,100.0,0.0,100.0,0.0,100.0,0.0,100.0,0.0,78.0,22.0,100.0,0.0,100.0,0.0,74.0,52049.0,22.0,22.0,100.0,0.0,100.0,0.0,200.0,0.0,100.0,37439.0,100.0,52550908120.0,100.0,185162598674.0
2019-11-10,Z302AKBG,ST4000DM000,4000787030016,0,117.0,131581360.0,92.0,0.0,100.0,11.0,100.0,0.0,89.0,860509118.0,57.0,37824.0,100.0,0.0,100.0,11.0,100.0,0.0,100.0,0.0,100.0,0.0,100.0,0.0,100.0,0.0,78.0,22.0,100.0,0.0,100.0,0.0,74.0,52049.0,22.0,22.0,100.0,0.0,100.0,0.0,200.0,0.0,100.0,37463.0,100.0,52592976312.0,100.0,185400472912.0
2019-11-11,Z302AKBG,ST4000DM000,4000787030016,0,118.0,197740064.0,92.0,0.0,100.0,11.0,100.0,0.0,89.0,862166980.0,57.0,37848.0,100.0,0.0,100.0,11.0,100.0,0.0,100.0,0.0,100.0,0.0,100.0,0.0,100.0,0.0,78.0,22.0,100.0,0.0,100.0,0.0,74.0,52049.0,22.0,22.0,100.0,0.0,100.0,0.0,200.0,0.0,100.0,37487.0,100.0,52634002432.0,100.0,185589288833.0
2019-11-12,Z302AKBG,ST4000DM000,4000787030016,0,108.0,15125888.0,92.0,0.0,100.0,11.0,100.0,0.0,89.0,864173528.0,57.0,37872.0,100.0,0.0,100.0,11.0,100.0,0.0,100.0,0.0,100.0,0.0,100.0,0.0,100.0,0.0,78.0,22.0,100.0,0.0,100.0,0.0,74.0,52049.0,22.0,22.0,100.0,0.0,100.0,0.0,200.0,0.0,100.0,37511.0,100.0,52688471456.0,100.0,185882035349.0
2019-11-13,Z302AKBG,ST4000DM000,4000787030016,0,108.0,16183400.0,92.0,0.0,100.0,11.0,100.0,0.0,89.0,866430628.0,57.0,37896.0,100.0,0.0,100.0,11.0,100.0,0.0,100.0,0.0,100.0,0.0,100.0,0.0,100.0,0.0,77.0,23.0,100.0,0.0,100.0,0.0,74.0,52049.0,23.0,23.0,100.0,0.0,100.0,0.0,200.0,0.0,100.0,37535.0,100.0,52734439808.0,100.0,186220032395.0
2019-11-14,Z302AKBG,ST4000DM000,4000787030016,0,119.0,226147616.0,92.0,0.0,100.0,11.0,100.0,0.0,89.0,867508892.0,57.0,37919.0,100.0,0.0,100.0,11.0,100.0,0.0,100.0,0.0,100.0,0.0,100.0,0.0,100.0,0.0,78.0,22.0,100.0,0.0,100.0,0.0,74.0,52049.0,22.0,22.0,100.0,0.0,100.0,0.0,200.0,0.0,100.0,37559.0,100.0,52769269264.0,100.0,186467977560.0
2019-11-15,Z302AKBG,ST4000DM000,4000787030016,0,117.0,158570584.0,92.0,0.0,100.0,11.0,100.0,0.0,89.0,870316539.0,57.0,37943.0,100.0,0.0,100.0,11.0,100.0,0.0,100.0,0.0,100.0,0.0,100.0,0.0,100.0,0.0,78.0,22.0,100.0,0.0,100.0,0.0,74.0,52050.0,22.0,22.0,100.0,0.0,100.0,0.0,200.0,0.0,100.0,37582.0,100.0,52826939624.0,100.0,186828223323.0
2019-11-16,Z302AKBG,ST4000DM000,4000787030016,0,119.0,686688.0,92.0,0.0,100.0,11.0,100.0,0.0,89.0,872033681.0,57.0,37967.0,100.0,0.0,100.0,11.0,100.0,0.0,100.0,0.0,100.0,0.0,100.0,0.0,100.0,0.0,78.0,22.0,100.0,0.0,100.0,0.0,74.0,52050.0,22.0,22.0,100.0,0.0,100.0,0.0,200.0,0.0,100.0,37606.0,100.0,52878552200.0,100.0,187102624160.0
2019-11-17,Z302AKBG,ST4000DM000,4000787030016,0,117.0,163048328.0,92.0,0.0,100.0,11.0,100.0,0.0,89.0,874285598.0,57.0,37991.0,100.0,0.0,100.0,11.0,100.0,0.0,100.0,0.0,100.0,0.0,100.0,0.0,100.0,0.0,76.0,24.0,100.0,0.0,100.0,0.0,74.0,52050.0,24.0,24.0,100.0,0.0,100.0,0.0,200.0,0.0,100.0,37630.0,100.0,52918465784.0,100.0,187412190714.0
2019-11-18,Z302AKBG,ST4000DM000,4000787030016,0,119.0,221602944.0,92.0,0.0,100.0,11.0,100.0,0.0,89.0,876640827.0,57.0,38015.0,100.0,0.0,100.0,11.0,100.0,0.0,100.0,0.0,100.0,0.0,100.0,0.0,100.0,0.0,78.0,22.0,100.0,0.0,100.0,0.0,74.0,52050.0,22.0,22.0,100.0,0.0,100.0,0.0,200.0,0.0,100.0,37655.0,100.0,52951430368.0,100.0,187674617904.0
2019-11-19,Z302AKBG,ST4000DM000,4000787030016,0,108.0,18271104.0,92.0,0.0,100.0,11.0,100.0,0.0,89.0,878810153.0,57.0,38039.0,100.0,0.0,100.0,11.0,100.0,0.0,100.0,0.0,100.0,0.0,100.0,0.0,100.0,0.0,78.0,22.0,100.0,0.0,100.0,0.0,74.0,52050.0,22.0,22.0,100.0,0.0,100.0,0.0,200.0,0.0,100.0,37678.0,100.0,52990187120.0,100.0,187948995589.0
2019-11-20,Z302AKBG,ST4000DM000,4000787030016,0,117.0,135719608.0,92.0,0.0,100.0,11.0,100.0,0.0,89.0,880364733.0,57.0,38063.0,100.0,0.0,100.0,11.0,100.0,0.0,100.0,0.0,100.0,0.0,100.0,0.0,100.0,0.0,78.0,22.0,100.0,0.0,100.0,0.0,74.0,52050.0,22.0,22.0,100.0,0.0,100.0,0.0,200.0,0.0,100.0,37702.0,100.0,53019755704.0,100.0,188198772070.0
2019-11-21,Z302AKBG,ST4000DM000,4000787030016,0,117.0,148947984.0,92.0,0.0,100.0,11.0,100.0,0.0,89.0,881379899.0,57.0,38087.0,100.0,0.0,100.0,11.0,100.0,0.0,100.0,0.0,100.0,0.0,100.0,0.0,100.0,0.0,78.0,22.0,100.0,0.0,100.0,0.0,74.0,52051.0,22.0,22.0,100.0,0.0,100.0,0.0,200.0,0.0,100.0,37726.0,100.0,53051466120.0,100.0,188459598234.0
2019-11-22,Z302AKBG,ST4000DM000,4000787030016,0,110.0,28386600.0,92.0,0.0,100.0,11.0,100.0,0.0,89.0,883206245.0,57.0,38111.0,100.0,0.0,100.0,11.0,100.0,0.0,100.0,0.0,100.0,0.0,100.0,0.0,100.0,0.0,78.0,22.0,100.0,0.0,100.0,0.0,74.0,52051.0,22.0,22.0,100.0,0.0,100.0,0.0,200.0,0.0,100.0,37750.0,100.0,53090404376.0,100.0,188718620788.0
2019-11-23,Z302AKBG,ST4000DM000,4000787030016,0,115.0,89317288.0,92.0,0.0,100.0,11.0,100.0,0.0,89.0,885109024.0,57.0,38135.0,100.0,0.0,100.0,11.0,100.0,0.0,100.0,0.0,100.0,0.0,100.0,0.0,100.0,0.0,78.0,22.0,100.0,0.0,100.0,0.0,74.0,52051.0,22.0,22.0,100.0,0.0,100.0,0.0,200.0,0.0,100.0,37774.0,100.0,53128337144.0,100.0,189026631776.0
2019-11-24,Z302AKBG,ST4000DM000,4000787030016,0,120.0,240121760.0,92.0,0.0,100.0,11.0,100.0,0.0,89.0,886422220.0,57.0,38159.0,100.0,0.0,100.0,11.0,100.0,0.0,100.0,0.0,100.0,0.0,100.0,0.0,100.0,0.0,78.0,22.0,100.0,0.0,100.0,0.0,74.0,52051.0,22.0,22.0,100.0,0.0,100.0,0.0,200.0,0.0,100.0,37798.0,100.0,53174201432.0,100.0,189321378453.0
2019-11-25,Z302AKBG,ST4000DM000,4000787030016,0,108.0,20763744.0,92.0,0.0,100.0,11.0,100.0,0.0,89.0,888156014.0,57.0,38183.0,100.0,0.0,100.0,11.0,100.0,0.0,100.0,0.0,100.0,0.0,100.0,0.0,100.0,0.0,78.0,22.0,100.0,0.0,100.0,0.0,74.0,52051.0,22.0,22.0,100.0,0.0,100.0,0.0,200.0,0.0,100.0,37822.0,100.0,53218573952.0,100.0,189525907713.0
2019-11-26,Z302AKBG,ST4000DM000,4000787030016,0,118.0,181528352.0,92.0,0.0,100.0,11.0,100.0,0.0,89.0,890274455.0,57.0,38207.0,100.0,0.0,100.0,11.0,100.0,0.0,100.0,0.0,100.0,0.0,100.0,0.0,100.0,0.0,78.0,22.0,100.0,0.0,100.0,0.0,74.0,52051.0,22.0,22.0,100.0,0.0,100.0,0.0,200.0,0.0,100.0,37846.0,100.0,53270278696.0,100.0,189864763510.0
2019-11-27,Z302AKBG,ST4000DM000,4000787030016,0,111.0,38006120.0,92.0,0.0,100.0,11.0,100.0,0.0,89.0,892736586.0,57.0,38231.0,100.0,0.0,100.0,11.0,100.0,0.0,100.0,0.0,100.0,0.0,100.0,0.0,100.0,0.0,78.0,22.0,100.0,0.0,100.0,0.0,74.0,52051.0,22.0,22.0,100.0,0.0,100.0,0.0,200.0,0.0,100.0,37870.0,100.0,53317263168.0,100.0,190169879414.0
2019-11-28,Z302AKBG,ST4000DM000,4000787030016,0,115.0,94771104.0,92.0,0.0,100.0,11.0,100.0,0.0,89.0,893904629.0,57.0,38255.0,100.0,0.0,100.0,11.0,100.0,0.0,100.0,0.0,100.0,0.0,100.0,0.0,100.0,0.0,78.0,22.0,100.0,0.0,100.0,0.0,74.0,52051.0,22.0,22.0,100.0,0.0,100.0,0.0,200.0,0.0,100.0,37894.0,100.0,53361956288.0,100.0,190470722362.0
2019-11-29,Z302AKBG,ST4000DM000,4000787030016,0,119.0,220832968.0,92.0,0.0,100.0,11.0,100.0,0.0,89.0,896347469.0,57.0,38279.0,100.0,0.0,100.0,11.0,100.0,0.0,100.0,0.0,100.0,0.0,100.0,0.0,100.0,0.0,78.0,22.0,100.0,0.0,100.0,0.0,74.0,52051.0,22.0,22.0,100.0,0.0,100.0,0.0,200.0,0.0,100.0,37918.0,100.0,53377957320.0,100.0,190771188567.0
2019-11-30,Z302AKBG,ST4000DM000,4000787030016,0,117.0,120535928.0,92.0,0.0,100.0,11.0,100.0,0.0,89.0,898492415.0,57.0,38303.0,100.0,0.0,100.0,11.0,100.0,0.0,100.0,0.0,100.0,0.0,100.0,0.0,100.0,0.0,78.0,22.0,100.0,0.0,100.0,0.0,74.0,52051.0,22.0,22.0,100.0,0.0,100.0,0.0,200.0,0.0,100.0,37942.0,100.0,53393312456.0,100.0,191100298353.0
2019-12-01,Z302AKBG,ST4000DM000,4000787030016,0,112.0,47549920.0,92.0,0.0,100.0,11.0,100.0,0.0,89.0,900417787.0,57.0,38327.0,100.0,0.0,100.0,11.0,100.0,0.0,100.0,0.0,100.0,0.0,100.0,0.0,100.0,0.0,78.0,22.0,100.0,0.0,100.0,0.0,74.0,52051.0,22.0,22.0,100.0,0.0,100.0,0.0,200.0,0.0,100.0,37966.0,100.0,53409425384.0,100.0,191380714704.0
2019-12-02,Z302AKBG,ST4000DM000,4000787030016,0,118.0,195954432.0,92.0,0.0,100.0,11.0,100.0,0.0,89.0,902053854.0,57.0,38351.0,100.0,0.0,100.0,11.0,100.0,0.0,100.0,0.0,100.0,0.0,100.0,0.0,100.0,0.0,78.0,22.0,100.0,0.0,100.0,0.0,74.0,52051.0,22.0,22.0,100.0,0.0,100.0,0.0,200.0,0.0,100.0,37990.0,100.0,53424762696.0,100.0,191591546737.0
2019-12-03,Z302AKBG,ST4000DM000,4000787030016,0,115.0,91137224.0,92.0,0.0,100.0,11.0,100.0,0.0,89.0,904078458.0,57.0,38375.0,100.0,0.0,100.0,11.0,100.0,0.0,100.0,0.0,100.0,0.0,100.0,0.0,100.0,0.0,78.0,22.0,100.0,0.0,100.0,0.0,74.0,52051.0,22.0,22.0,100.0,0.0,100.0,0.0,200.0,0.0,100.0,38014.0,100.0,53448161800.0,100.0,191948961983.0
2019-12-04,Z302AKBG,ST4000DM000,4000787030016,0,113.0,57553936.0,92.0,0.0,100.0,11.0,100.0,0.0,89.0,906346967.0,57.0,38399.0,100.0,0.0,100.0,11.0,100.0,0.0,100.0,0.0,100.0,0.0,100.0,0.0,100.0,0.0,78.0,22.0,100.0,0.0,100.0,0.0,74.0,52051.0,22.0,22.0,100.0,0.0,100.0,0.0,200.0,0.0,100.0,38038.0,100.0,53465307096.0,100.0,192277978624.0
2019-12-05,Z302AKBG,ST4000DM000,4000787030016,0,115.0,96476456.0,92.0,0.0,100.0,11.0,100.0,0.0,89.0,908106632.0,57.0,38423.0,100.0,0.0,100.0,11.0,100.0,0.0,100.0,0.0,100.0,0.0,100.0,0.0,100.0,0.0,78.0,22.0,100.0,0.0,100.0,0.0,74.0,52052.0,22.0,22.0,100.0,0.0,100.0,0.0,200.0,0.0,100.0,38062.0,100.0,53489032560.0,100.0,192537654839.0
2019-12-06,Z302AKBG,ST4000DM000,4000787030016,0,118.0,191294992.0,92.0,0.0,100.0,11.0,100.0,0.0,89.0,911409716.0,57.0,38447.0,100.0,0.0,100.0,11.0,100.0,0.0,100.0,0.0,100.0,0.0,100.0,0.0,100.0,0.0,78.0,22.0,100.0,0.0,100.0,0.0,74.0,52052.0,22.0,22.0,100.0,0.0,100.0,0.0,200.0,0.0,100.0,38086.0,100.0,53513476720.0,100.0,192822153366.0
2019-12-07,Z302AKBG,ST4000DM000,4000787030016,0,117.0,130692144.0,92.0,0.0,100.0,11.0,100.0,0.0,89.0,912584906.0,57.0,38471.0,100.0,0.0,100.0,11.0,100.0,0.0,100.0,0.0,100.0,0.0,100.0,0.0,100.0,0.0,78.0,22.0,100.0,0.0,100.0,0.0,74.0,52052.0,22.0,22.0,100.0,0.0,100.0,0.0,200.0,0.0,100.0,38111.0,100.0,53543326880.0,100.0,193017618261.0
2019-12-08,Z302AKBG,ST4000DM000,4000787030016,0,114.0,63831784.0,92.0,0.0,100.0,11.0,100.0,0.0,89.0,913665404.0,57.0,38495.0,100.0,0.0,100.0,11.0,100.0,0.0,100.0,0.0,100.0,0.0,100.0,0.0,100.0,0.0,78.0,22.0,100.0,0.0,100.0,0.0,74.0,52052.0,22.0,22.0,100.0,0.0,100.0,0.0,200.0,0.0,100.0,38134.0,100.0,53570880688.0,100.0,193243210648.0
2019-12-09,Z302AKBG,ST4000DM000,4000787030016,0,118.0,184003720.0,92.0,0.0,100.0,11.0,100.0,0.0,89.0,914832372.0,57.0,38519.0,100.0,0.0,100.0,11.0,100.0,0.0,100.0,0.0,100.0,0.0,100.0,0.0,100.0,0.0,78.0,22.0,100.0,0.0,100.0,0.0,74.0,52052.0,22.0,22.0,100.0,0.0,100.0,0.0,200.0,0.0,100.0,38158.0,100.0,53592516096.0,100.0,193383706941.0
2019-12-10,Z302AKBG,ST4000DM000,4000787030016,0,119.0,211888496.0,92.0,0.0,100.0,11.0,100.0,0.0,89.0,915908896.0,57.0,38543.0,100.0,0.0,100.0,11.0,100.0,0.0,100.0,0.0,100.0,0.0,100.0,0.0,100.0,0.0,78.0,22.0,100.0,0.0,100.0,0.0,74.0,52052.0,22.0,22.0,100.0,0.0,100.0,0.0,200.0,0.0,100.0,38182.0,100.0,53618701056.0,100.0,193738715159.0
2019-12-11,Z302AKBG,ST4000DM000,4000787030016,0,117.0,137410416.0,92.0,0.0,100.0,11.0,100.0,0.0,89.0,917605048.0,56.0,38567.0,100.0,0.0,100.0,11.0,100.0,0.0,100.0,0.0,100.0,0.0,100.0,0.0,100.0,0.0,78.0,22.0,100.0,0.0,100.0,0.0,74.0,52052.0,22.0,22.0,100.0,0.0,100.0,0.0,200.0,0.0,100.0,38206.0,100.0,53649163128.0,100.0,194060060645.0
2019-12-12,Z302AKBG,ST4000DM000,4000787030016,0,117.0,121507696.0,92.0,0.0,100.0,11.0,100.0,0.0,89.0,918995200.0,56.0,38591.0,100.0,0.0,100.0,11.0,100.0,0.0,100.0,0.0,100.0,0.0,100.0,0.0,100.0,0.0,78.0,22.0,100.0,0.0,100.0,0.0,74.0,52054.0,22.0,22.0,100.0,0.0,100.0,0.0,200.0,0.0,100.0,38230.0,100.0,53682632264.0,100.0,194352668697.0
2019-12-13,Z302AKBG,ST4000DM000,4000787030016,0,117.0,133693104.0,92.0,0.0,100.0,11.0,100.0,0.0,89.0,922393171.0,56.0,38615.0,100.0,0.0,100.0,11.0,100.0,0.0,100.0,0.0,100.0,0.0,100.0,0.0,100.0,0.0,78.0,22.0,100.0,0.0,100.0,0.0,74.0,52054.0,22.0,22.0,100.0,0.0,100.0,0.0,200.0,0.0,100.0,38254.0,100.0,53709648856.0,100.0,194688300203.0
2019-12-14,Z302AKBG,ST4000DM000,4000787030016,0,119.0,210186672.0,92.0,0.0,100.0,11.0,100.0,0.0,89.0,923990300.0,56.0,38639.0,100.0,0.0,100.0,11.0,100.0,0.0,100.0,0.0,100.0,0.0,100.0,0.0,100.0,0.0,78.0,22.0,100.0,0.0,100.0,0.0,74.0,52054.0,22.0,22.0,100.0,0.0,100.0,0.0,200.0,0.0,100.0,38278.0,100.0,53738451264.0,100.0,194978787728.0
2019-12-15,Z302AKBG,ST4000DM000,4000787030016,0,117.0,126433424.0,92.0,0.0,100.0,11.0,100.0,0.0,89.0,925888050.0,56.0,38663.0,100.0,0.0,100.0,11.0,100.0,0.0,100.0,0.0,100.0,0.0,100.0,0.0,100.0,0.0,78.0,22.0,100.0,0.0,100.0,0.0,74.0,52054.0,22.0,22.0,100.0,0.0,100.0,0.0,200.0,0.0,100.0,38302.0,100.0,53762911376.0,100.0,195222617185.0
2019-12-16,Z302AKBG,ST4000DM000,4000787030016,0,119.0,233847376.0,92.0,0.0,100.0,11.0,100.0,0.0,89.0,927935916.0,56.0,38687.0,100.0,0.0,100.0,11.0,100.0,0.0,100.0,0.0,100.0,0.0,100.0,0.0,100.0,0.0,78.0,22.0,100.0,0.0,100.0,0.0,74.0,52054.0,22.0,22.0,100.0,0.0,100.0,0.0,200.0,0.0,100.0,38326.0,100.0,53785940320.0,100.0,195469052589.0
2019-12-17,Z302AKBG,ST4000DM000,4000787030016,0,119.0,211841896.0,92.0,0.0,100.0,11.0,100.0,0.0,89.0,930009342.0,56.0,38711.0,100.0,0.0,100.0,11.0,100.0,0.0,100.0,0.0,100.0,0.0,100.0,0.0,100.0,0.0,78.0,22.0,100.0,0.0,100.0,0.0,74.0,52054.0,22.0,22.0,100.0,0.0,100.0,0.0,200.0,0.0,100.0,38350.0,100.0,53814834240.0,100.0,195806286027.0
2019-12-18,Z302AKBG,ST4000DM000,4000787030016,0,114.0,64059272.0,92.0,0.0,100.0,11.0,100.0,0.0,89.0,931601031.0,56.0,38735.0,100.0,0.0,100.0,11.0,100.0,0.0,100.0,0.0,100.0,0.0,100.0,0.0,100.0,0.0,78.0,22.0,100.0,0.0,100.0,0.0,74.0,52054.0,22.0,22.0,100.0,0.0,100.0,0.0,200.0,0.0,100.0,38374.0,100.0,53856620408.0,100.0,196075243925.0
2019-12-19,Z302AKBG,ST4000DM000,4000787030016,0,117.0,131741968.0,92.0,0.0,100.0,11.0,100.0,0.0,89.0,933231942.0,56.0,38759.0,100.0,0.0,100.0,11.0,100.0,0.0,100.0,0.0,100.0,0.0,100.0,0.0,100.0,0.0,78.0,22.0,100.0,0.0,100.0,0.0,74.0,52055.0,22.0,22.0,100.0,0.0,100.0,0.0,200.0,0.0,100.0,38398.0,100.0,53886900624.0,100.0,196402439632.0
2019-12-20,Z302AKBG,ST4000DM000,4000787030016,0,115.0,96540104.0,92.0,0.0,100.0,11.0,100.0,0.0,89.0,936695633.0,56.0,38783.0,100.0,0.0,100.0,11.0,100.0,0.0,100.0,0.0,100.0,0.0,100.0,0.0,100.0,0.0,78.0,22.0,100.0,0.0,100.0,0.0,74.0,52058.0,22.0,22.0,100.0,0.0,100.0,0.0,200.0,0.0,100.0,38422.0,100.0,53917998824.0,100.0,196720950351.0
2019-12-21,Z302AKBG,ST4000DM000,4000787030016,0,114.0,80799704.0,92.0,0.0,100.0,11.0,100.0,0.0,89.0,939071559.0,56.0,38807.0,100.0,0.0,100.0,11.0,100.0,0.0,100.0,0.0,100.0,0.0,100.0,0.0,100.0,0.0,78.0,22.0,100.0,0.0,100.0,0.0,74.0,52058.0,22.0,22.0,100.0,0.0,100.0,0.0,200.0,0.0,100.0,38446.0,100.0,53944919168.0,100.0,196985028282.0
2019-12-22,Z302AKBG,ST4000DM000,4000787030016,0,119.0,202303160.0,92.0,0.0,100.0,11.0,100.0,0.0,90.0,940893095.0,56.0,38831.0,100.0,0.0,100.0,11.0,100.0,0.0,100.0,0.0,100.0,0.0,100.0,0.0,100.0,0.0,78.0,22.0,100.0,0.0,100.0,0.0,74.0,52058.0,22.0,22.0,100.0,0.0,100.0,0.0,200.0,0.0,100.0,38470.0,100.0,53972649440.0,100.0,197235671483.0
2019-12-23,Z302AKBG,ST4000DM000,4000787030016,0,114.0,63861984.0,92.0,0.0,100.0,11.0,100.0,0.0,90.0,942368064.0,56.0,38855.0,100.0,0.0,100.0,11.0,100.0,0.0,100.0,0.0,100.0,0.0,100.0,0.0,100.0,0.0,78.0,22.0,100.0,0.0,100.0,0.0,74.0,52058.0,22.0,22.0,100.0,0.0,100.0,0.0,200.0,0.0,100.0,38494.0,100.0,53999687224.0,100.0,197396299062.0
2019-12-24,Z302AKBG,ST4000DM000,4000787030016,0,105.0,7357144.0,92.0,0.0,100.0,11.0,100.0,0.0,90.0,943328549.0,56.0,38879.0,100.0,0.0,100.0,11.0,100.0,0.0,100.0,0.0,100.0,0.0,100.0,0.0,100.0,0.0,78.0,22.0,100.0,0.0,100.0,0.0,74.0,52058.0,22.0,22.0,100.0,0.0,100.0,0.0,200.0,0.0,100.0,38518.0,100.0,54029209656.0,100.0,197631644491.0
2019-12-25,Z302AKBG,ST4000DM000,4000787030016,0,117.0,132759096.0,92.0,0.0,100.0,11.0,100.0,0.0,90.0,944310139.0,56.0,38903.0,100.0,0.0,100.0,11.0,100.0,0.0,100.0,0.0,100.0,0.0,100.0,0.0,100.0,0.0,78.0,22.0,100.0,0.0,100.0,0.0,74.0,52058.0,22.0,22.0,100.0,0.0,100.0,0.0,200.0,0.0,100.0,38542.0,100.0,54047570056.0,100.0,197929523433.0
2019-12-26,Z302AKBG,ST4000DM000,4000787030016,0,120.0,237043008.0,92.0,0.0,100.0,11.0,100.0,0.0,90.0,945395193.0,56.0,38927.0,100.0,0.0,100.0,11.0,100.0,0.0,100.0,0.0,100.0,0.0,100.0,0.0,100.0,0.0,78.0,22.0,100.0,0.0,100.0,0.0,74.0,52058.0,22.0,22.0,100.0,0.0,100.0,0.0,200.0,0.0,100.0,38566.0,100.0,54057819656.0,100.0,198237819867.0
2019-12-27,Z302AKBG,ST4000DM000,4000787030016,0,110.0,28632216.0,92.0,0.0,100.0,11.0,100.0,0.0,90.0,948136665.0,56.0,38951.0,100.0,0.0,100.0,11.0,100.0,0.0,100.0,0.0,100.0,0.0,100.0,0.0,100.0,0.0,78.0,22.0,100.0,0.0,100.0,0.0,74.0,52058.0,22.0,22.0,100.0,0.0,100.0,0.0,200.0,0.0,100.0,38590.0,100.0,54074887680.0,100.0,198611985996.0
2019-12-28,Z302AKBG,ST4000DM000,4000787030016,0,117.0,117944280.0,92.0,0.0,100.0,11.0,100.0,0.0,90.0,950673654.0,56.0,38975.0,100.0,0.0,100.0,11.0,100.0,0.0,100.0,0.0,100.0,0.0,100.0,0.0,100.0,0.0,78.0,22.0,100.0,0.0,100.0,0.0,74.0,52058.0,22.0,22.0,100.0,0.0,100.0,0.0,200.0,0.0,100.0,38614.0,100.0,54094742264.0,100.0,198927660748.0
2019-12-29,Z302AKBG,ST4000DM000,4000787030016,0,120.0,237199168.0,92.0,0.0,100.0,11.0,100.0,0.0,90.0,951968703.0,56.0,38999.0,100.0,0.0,100.0,11.0,100.0,0.0,100.0,0.0,100.0,0.0,100.0,0.0,100.0,0.0,78.0,22.0,100.0,0.0,100.0,0.0,74.0,52059.0,22.0,22.0,100.0,0.0,100.0,0.0,200.0,0.0,100.0,38638.0,100.0,54112582288.0,100.0,199167598844.0
2019-12-30,Z302AKBG,ST4000DM000,4000787030016,0,119.0,212653824.0,92.0,0.0,100.0,11.0,100.0,0.0,90.0,953650475.0,56.0,39023.0,100.0,0.0,100.0,11.0,100.0,0.0,100.0,0.0,100.0,0.0,100.0,0.0,100.0,0.0,78.0,22.0,100.0,0.0,100.0,0.0,74.0,52059.0,22.0,22.0,100.0,0.0,100.0,0.0,200.0,0.0,100.0,38662.0,100.0,54128785640.0,100.0,199324805785.0
2019-12-31,Z302AKBG,ST4000DM000,4000787030016,0,119.0,229437040.0,92.0,0.0,100.0,11.0,100.0,0.0,90.0,955788468.0,56.0,39047.0,100.0,0.0,100.0,11.0,100.0,0.0,100.0,0.0,100.0,0.0,100.0,0.0,100.0,0.0,78.0,22.0,100.0,0.0,100.0,0.0,74.0,52059.0,22.0,22.0,100.0,0.0,100.0,0.0,200.0,0.0,100.0,38686.0,100.0,54145098344.0,100.0,199653507271.0
