2019-01-01,Z304HES6,ST4000DM000,4000787030016,0,115,93706096,92.0,0.0,100.0,11.0,100.0,0.0,84.0,292912567.0,69,27630,100.0,0.0,100,11,100.0,0.0,100.0,0.0,100.0,0.0,100.0,0.0,100.0,0.0,79.0,21.0,100.0,0.0,100.0,1.0,93.0,14473.0,21,21,100.0,0.0,100.0,0.0,200.0,0.0,100.0,27496.0,100.0,46536697592.0,100.0,130110073064.0
2019-01-02,Z304HES6,ST4000DM000,4000787030016,0,117,166487232,92.0,0.0,100.0,11.0,100.0,0.0,84.0,293922461.0,69,27655,100.0,0.0,100,11,100.0,0.0,100.0,0.0,100.0,0.0,100.0,0.0,100.0,0.0,79.0,21.0,100.0,0.0,100.0,1.0,93.0,14473.0,21,21,100.0,0.0,100.0,0.0,200.0,0.0,100.0,27520.0,100.0,46545342144.0,100.0,130265974249.0
2019-01-03,Z304HES6,ST4000DM000,4000787030016,0,115.0,87103392.0,92.0,0.0,100.0,11.0,100.0,0.0,84.0,295860969.0,69.0,27678.0,100.0,0.0,100.0,11.0,100.0,0.0,100.0,0.0,100.0,0.0,100.0,0.0,100.0,0.0,73.0,27.0,100.0,0.0,100.0,1.0,93.0,14473.0,27.0,27.0,100.0,0.0,100.0,0.0,200.0,0.0,100.0,27544.0,100.0,46560964496.0,100.0,130388125191.0
2019-01-04,Z304HES6,ST4000DM000,4000787030016,0,117,134024592,92.0,0.0,100.0,11.0,100.0,0.0,84.0,296707398.0,69,27703,100.0,0.0,100,11,100.0,0.0,100.0,0.0,100.0,0.0,100.0,0.0,100.0,0.0,76.0,24.0,100.0,0.0,100.0,1.0,93.0,14473.0,24,24,100.0,0.0,100.0,0.0,200.0,0.0,100.0,27568.0,100.0,46578492656.0,100.0,130530960486.0
2019-01-05,Z304HES6,ST4000DM000,4000787030016,0,110,29102168,92.0,0.0,100.0,11.0,100.0,0.0,84.0,297685331.0,69,27726,100.0,0.0,100,11,100.0,0.0,100.0,0.0,100.0,0.0,100.0,0.0,100.0,0.0,78.0,22.0,100.0,0.0,100.0,1.0,93.0,14473.0,22,22,100.0,0.0,100.0,0.0,200.0,0.0,100.0,27592.0,100.0,46600535912.0,100.0,130664993610.0
2019-01-06,Z304HES6,ST4000DM000,4000787030016,0,120,235875088,92.0,0.0,100.0,11.0,100.0,0.0,84.0,298587026.0,69,27751,100.0,0.0,100,11,100.0,0.0,100.0,0.0,100.0,0.0,100.0,0.0,100.0,0.0,78.0,22.0,100.0,0.0,100.0,1.0,93.0,14473.0,22,22,100.0,0.0,100.0,0.0,200.0,0.0,100.0,27616.0,100.0,46623700952.0,100.0,130760963305.0
2019-01-07,Z304HES6,ST4000DM000,4000787030016,0,109,21532928,92.0,0.0,100.0,11.0,100.0,0.0,84.0,299571194.0,69,27774,100.0,0.0,100,11,100.0,0.0,100.0,0.0,100.0,0.0,100.0,0.0,100.0,0.0,77.0,23.0,100.0,0.0,100.0,1.0,93.0,14473.0,23,23,100.0,0.0,100.0,0.0,200.0,0.0,100.0,27640.0,100.0,46645805832.0,100.0,130869195030.0
2019-01-08,Z304HES6,ST4000DM000,4000787030016,0,114,64513528,92.0,0.0,100.0,11.0,100.0,0.0,84.0,301806885.0,69,27799,100.0,0.0,100,11,100.0,0.0,100.0,0.0,100.0,0.0,100.0,0.0,100.0,0.0,79.0,21.0,100.0,0.0,100.0,1.0,93.0,14473.0,21,21,100.0,0.0,100.0,0.0,200.0,0.0,100.0,27665.0,100.0,46677334120.0,100.0,131024977580.0
2019-01-09,Z304HES6,ST4000DM000,4000787030016,0,111,36311928,92.0,0.0,100.0,11.0,100.0,0.0,84.0,303131216.0,69,27823,100.0,0.0,100,11,100.0,0.0,100.0,0.0,100.0,0.0,100.0,0.0,100.0,0.0,78.0,22.0,100.0,0.0,100.0,1.0,93.0,14473.0,22,22,100.0,0.0,100.0,0.0,200.0,0.0,100.0,27688.0,100.0,46696342112.0,100.0,131178888849.0
2019-01-10,Z304HES6,ST4000DM000,4000787030016,0,119,228574752,92.0,0.0,100.0,11.0,100.0,0.0,84.0,304437500.0,69,27842,100.0,0.0,100,11,100.0,0.0,100.0,0.0,100.0,0.0,100.0,0.0,100.0,0.0,79.0,21.0,100.0,0.0,100.0,1.0,93.0,14473.0,21,21,100.0,0.0,100.0,0.0,200.0,0.0,100.0,27707.0,100.0,46713499064.0,100.0,131272473443.0
2019-01-11,Z304HES6,ST4000DM000,4000787030016,0,120.0,242948584.0,92.0,0.0,100.0,11.0,100.0,0.0,84.0,306118906.0,69.0,27865.0,100.0,0.0,100.0,11.0,100.0,0.0,100.0,0.0,100.0,0.0,100.0,0.0,100.0,0.0,78.0,22.0,100.0,0.0,100.0,1.0,93.0,14473.0,22.0,22.0,100.0,0.0,100.0,0.0,200.0,0.0,100.0,27730.0,100.0,46732951688.0,100.0,131414388323.0
2019-01-12,Z304HES6,ST4000DM000,4000787030016,0,120,238854712,92.0,0.0,100.0,11.0,100.0,0.0,84.0,306979694.0,69,27889,100.0,0.0,100,11,100.0,0.0,100.0,0.0,100.0,0.0,100.0,0.0,100.0,0.0,78.0,22.0,100.0,0.0,100.0,1.0,93.0,14473.0,22,22,100.0,0.0,100.0,0.0,200.0,0.0,100.0,27754.0,100.0,46748316992.0,100.0,131556151121.0
2019-01-13,Z304HES6,ST4000DM000,4000787030016,0,116,102666904,92.0,0.0,100.0,11.0,100.0,0.0,84.0,308116514.0,69,27913,100.0,0.0,100,11,100.0,0.0,100.0,0.0,100.0,0.0,100.0,0.0,100.0,0.0,78.0,22.0,100.0,0.0,100.0,1.0,93.0,14473.0,22,22,100.0,0.0,100.0,0.0,200.0,0.0,100.0,27778.0,100.0,46775584128.0,100.0,131694056996.0
2019-01-14,Z304HES6,ST4000DM000,4000787030016,0,111,32170120,92.0,0.0,100.0,11.0,100.0,0.0,84.0,309161462.0,69,27937,100.0,0.0,100,11,100.0,0.0,100.0,0.0,100.0,0.0,100.0,0.0,100.0,0.0,79.0,21.0,100.0,0.0,100.0,1.0,93.0,14473.0,21,21,100.0,0.0,100.0,0.0,200.0,0.0,100.0,27802.0,100.0,46793538904.0,100.0,131822128979.0
2019-01-15,Z304HES6,ST4000DM000,4000787030016,0,108.0,20866936.0,92.0,0.0,100.0,11.0,100.0,0.0,84.0,311102929.0,69.0,27961.0,100.0,0.0,100.0,11.0,100.0,0.0,100.0,0.0,100.0,0.0,100.0,0.0,100.0,0.0,78.0,22.0,100.0,0.0,100.0,1.0,93.0,14473.0,22.0,22.0,100.0,0.0,100.0,0.0,200.0,0.0,100.0,27826.0,100.0,46813652624.0,100.0,131968726924.0
2019-01-16,Z304HES6,ST4000DM000,4000787030016,0,117,162621832,92.0,0.0,100.0,11.0,100.0,0.0,84.0,312116872.0,69,27985,100.0,0.0,100,11,100.0,0.0,100.0,0.0,100.0,0.0,100.0,0.0,100.0,0.0,77.0,23.0,100.0,0.0,100,1,93.0,14473.0,23,23,100.0,0.0,100.0,0.0,200.0,0.0,100.0,27850.0,100.0,46830394064.0,100.0,132103795666.0
2019-01-17,Z304HES6,ST4000DM000,4000787030016,0,114,77461848,92.0,0.0,100.0,11.0,100.0,0.0,84.0,313528970.0,69,28008,100.0,0.0,100,11,100.0,0.0,100.0,0.0,100.0,0.0,100.0,0.0,100.0,0.0,78.0,22.0,100.0,0.0,100,1,93.0,14473.0,22,22,100.0,0.0,100.0,0.0,200.0,0.0,100.0,27874.0,100.0,46850821816.0,100.0,132217764496.0
2019-01-18,Z304HES6,ST4000DM000,4000787030016,0,108,15226848,92.0,0.0,100.0,11.0,100.0,0.0,84.0,314871869.0,68,28032,100.0,0.0,100,11,100.0,0.0,100.0,0.0,100.0,0.0,100.0,0.0,100.0,0.0,78.0,22.0,100.0,0.0,100,1,93.0,14473.0,22,22,100.0,0.0,100.0,0.0,200.0,0.0,100.0,27898.0,100.0,46872373320.0,100.0,132295011510.0
2019-01-19,Z304HES6,ST4000DM000,4000787030016,0,119,223069584,92.0,0.0,100.0,11.0,100.0,0.0,84.0,315803864.0,68,28056,100.0,0.0,100,11,100.0,0.0,100.0,0.0,100.0,0.0,100.0,0.0,100.0,0.0,78.0,22.0,100.0,0.0,100,1,93.0,14473.0,22,22,100.0,0.0,100.0,0.0,200.0,0.0,100.0,27922.0,100.0,46890878600.0,100.0,132398235358.0
2019-01-20,Z304HES6,ST4000DM000,4000787030016,0,119,217723840,92.0,0.0,100.0,11.0,100.0,0.0,84.0,318367688.0,68,28080,100.0,0.0,100,11,100.0,0.0,100.0,0.0,100.0,0.0,100.0,0.0,100.0,0.0,78.0,22.0,100.0,0.0,100,1,93.0,14473.0,22,22,100.0,0.0,100.0,0.0,200.0,0.0,100.0,27946.0,100.0,46914113096.0,100.0,132544193991.0
2019-01-21,Z304HES6,ST4000DM000,4000787030016,0,112,48098968,92.0,0.0,100.0,11.0,100.0,0.0,84.0,319096654.0,68,28104,100.0,0.0,100,11,100.0,0.0,100.0,0.0,100.0,0.0,100.0,0.0,100.0,0.0,78.0,22.0,100.0,0.0,100,1,93.0,14473.0,22,22,100.0,0.0,100.0,0.0,200.0,0.0,100.0,27969.0,100.0,46930221368.0,100.0,132613874497.0
2019-01-22,Z304HES6,ST4000DM000,4000787030016,0,118.0,198895536.0,92.0,0.0,100.0,11.0,100.0,0.0,84.0,321152247.0,68.0,28128.0,100.0,0.0,100.0,11.0,100.0,0.0,100.0,0.0,100.0,0.0,100.0,0.0,100.0,0.0,76.0,24.0,100.0,0.0,100.0,1.0,93.0,14473.0,24.0,24.0,100.0,0.0,100.0,0.0,200.0,0.0,100.0,27993.0,100.0,46950808312.0,100.0,132738868764.0
2019-01-23,Z304HES6,ST4000DM000,4000787030016,0,120.0,682184.0,92.0,0.0,100.0,11.0,100.0,0.0,84.0,321951354.0,68.0,28152.0,100.0,0.0,100.0,11.0,100.0,0.0,100.0,0.0,100.0,0.0,100.0,0.0,100.0,0.0,78.0,22.0,100.0,0.0,100.0,1.0,93.0,14473.0,22.0,22.0,100.0,0.0,100.0,0.0,200.0,0.0,100.0,28017.0,100.0,46968306840.0,100.0,132819382603.0
2019-01-24,Z304HES6,ST4000DM000,4000787030016,0,108.0,15083400.0,92.0,0.0,100.0,11.0,100.0,0.0,84.0,323147866.0,68.0,28176.0,100.0,0.0,100.0,11.0,100.0,0.0,100.0,0.0,100.0,0.0,100.0,0.0,100.0,0.0,78.0,22.0,100.0,0.0,100.0,1.0,93.0,14473.0,22.0,22.0,100.0,0.0,100.0,0.0,200.0,0.0,100.0,28041.0,100.0,46982381840.0,100.0,132953331878.0
2019-01-25,Z304HES6,ST4000DM000,4000787030016,0,111,33503856,92.0,0.0,100.0,11.0,100.0,0.0,84.0,324767544.0,68,28200,100.0,0.0,100,11,100.0,0.0,100.0,0.0,100.0,0.0,100.0,0.0,100.0,0.0,77.0,23.0,100.0,0.0,100,1,93.0,14473.0,23,23,100.0,0.0,100.0,0.0,200.0,0.0,100.0,28065.0,100.0,47004472056.0,100.0,133059895044.0
2019-01-26,Z304HES6,ST4000DM000,4000787030016,0,118,199492888,92.0,0.0,100.0,11.0,100.0,0.0,84.0,325930284.0,68,28223,100.0,0.0,100,11,100.0,0.0,100.0,0.0,100.0,0.0,100.0,0.0,100.0,0.0,78.0,22.0,100.0,0.0,100,1,93.0,14473.0,22,22,100.0,0.0,100.0,0.0,200.0,0.0,100.0,28089.0,100.0,47026256408.0,100.0,133186812426.0
2019-01-27,Z304HES6,ST4000DM000,4000787030016,0,106,11766192,92.0,0.0,100.0,11.0,100.0,0.0,84.0,326630453.0,68,28247,100.0,0.0,100,11,100.0,0.0,100.0,0.0,100.0,0.0,100.0,0.0,100.0,0.0,78.0,22.0,100.0,0.0,100,1,93.0,14473.0,22,22,100.0,0.0,100.0,0.0,200.0,0.0,100.0,28113.0,100.0,47042323224.0,100.0,133258887803.0
2019-01-28,Z304HES6,ST4000DM000,4000787030016,0,116,101358224,92.0,0.0,100.0,11.0,100.0,0.0,84.0,327814281.0,68,28271,100.0,0.0,100,11,100.0,0.0,100.0,0.0,100.0,0.0,100.0,0.0,100.0,0.0,78.0,22.0,100.0,0.0,100,1,93.0,14473.0,22,22,100.0,0.0,100.0,0.0,200.0,0.0,100.0,28136.0,100.0,47056181352.0,100.0,133399865602.0
2019-01-29,Z304HES6,ST4000DM000,4000787030016,0,118,190264528,92.0,0.0,100.0,11.0,100.0,0.0,84.0,329785122.0,68,28295,100.0,0.0,100,11,100.0,0.0,100.0,0.0,100.0,0.0,100.0,0.0,100.0,0.0,79.0,21.0,100.0,0.0,100,1,93.0,14473.0,21,21,100.0,0.0,100.0,0.0,200.0,0.0,100.0,28160.0,100.0,47072962080.0,100.0,133506037183.0
2019-01-30,Z304HES6,ST4000DM000,4000787030016,0,116,102706768,92.0,0.0,100.0,11.0,100.0,0.0,84.0,330704597.0,68,28319,100.0,0.0,100,11,100.0,0.0,100.0,0.0,100.0,0.0,100.0,0.0,100.0,0.0,78.0,22.0,100.0,0.0,100,1,93.0,14473.0,22,22,100.0,0.0,100.0,0.0,200.0,0.0,100.0,28184.0,100.0,47089344088.0,100.0,133590595671.0
2019-01-31,Z304HES6,ST4000DM000,4000787030016,0,117,122879096,92.0,0.0,100.0,11.0,100.0,0.0,84.0,331645727.0,68,28343,100.0,0.0,100,11,100.0,0.0,100.0,0.0,100.0,0.0,100.0,0.0,100.0,0.0,78.0,22.0,100.0,0.0,100,1,93.0,14473.0,22,22,100.0,0.0,100.0,0.0,200.0,0.0,100.0,28208.0,100.0,47112798880.0,100.0,133659141746.0
2019-02-01,Z304HES6,ST4000DM000,4000787030016,0,111,37658624,92.0,0.0,100.0,11.0,100.0,0.0,84.0,333442936.0,68,28366,100.0,0.0,100,11,100.0,0.0,100.0,0.0,100.0,0.0,100.0,0.0,100.0,0.0,78.0,22.0,100.0,0.0,100,1,93.0,14473.0,22,22,100.0,0.0,100.0,0.0,200.0,0.0,100.0,28232.0,100.0,47129524816.0,100.0,133777343132.0
2019-02-02,Z304HES6,ST4000DM000,4000787030016,0,116.0,105887232.0,92.0,0.0,100.0,11.0,100.0,0.0,84.0,334339263.0,68.0,28390.0,100.0,0.0,100.0,11.0,100.0,0.0,100.0,0.0,100.0,0.0,100.0,0.0,100.0,0.0,78.0,22.0,100.0,0.0,100.0,1.0,93.0,14473.0,22.0,22.0,100.0,0.0,100.0,0.0,200.0,0.0,100.0,28256.0,100.0,47143824776.0,100.0,133845186793.0
2019-02-03,Z304HES6,ST4000DM000,4000787030016,0,112,45666824,92.0,0.0,100.0,11.0,100.0,0.0,84.0,335088500.0,68,28414,100.0,0.0,100,11,100.0,0.0,100.0,0.0,100.0,0.0,100.0,0.0,100.0,0.0,77.0,23.0,100.0,0.0,100,1,93.0,14473.0,23,23,100.0,0.0,100.0,0.0,200.0,0.0,100.0,28280.0,100.0,47161653584.0,100.0,133923827907.0
2019-02-04,Z304HES6,ST4000DM000,4000787030016,0,111,36055512,92.0,0.0,100.0,11.0,100.0,0.0,85.0,335900388.0,68,28438,100.0,0.0,100,11,100.0,0.0,100.0,0.0,100.0,0.0,100.0,0.0,100.0,0.0,78.0,22.0,100.0,0.0,100,1,93.0,14473.0,22,22,100.0,0.0,100.0,0.0,200.0,0.0,100.0,28303.0,100.0,47177273360.0,100.0,134024748245.0
2019-02-05,Z304HES6,ST4000DM000,4000787030016,0,118.0,187007400.0,92.0,0.0,100.0,11.0,100.0,0.0,85.0,337943747.0,68.0,28462.0,100.0,0.0,100.0,11.0,100.0,0.0,100.0,0.0,100.0,0.0,100.0,0.0,100.0,0.0,78.0,22.0,100.0,0.0,100.0,1.0,93.0,14473.0,22.0,22.0,100.0,0.0,100.0,0.0,200.0,0.0,100.0,28327.0,100.0,47192376336.0,100.0,134167261920.0
2019-02-06,Z304HES6,ST4000DM000,4000787030016,0,115,96409656,92.0,0.0,100.0,11.0,100.0,0.0,85.0,339365763.0,68,28486,100.0,0.0,100,11,100.0,0.0,100.0,0.0,100.0,0.0,100.0,0.0,100.0,0.0,76.0,24.0,100.0,0.0,100,1,93.0,14473.0,24,24,100.0,0.0,100.0,0.0,200.0,0.0,100.0,28351.0,100.0,47214763192.0,100.0,134273926994.0
2019-02-07,Z304HES6,ST4000DM000,4000787030016,0,109.0,23516488.0,92.0,0.0,100.0,11.0,100.0,0.0,85.0,340822900.0,68.0,28510.0,100.0,0.0,100.0,11.0,100.0,0.0,100.0,0.0,100.0,0.0,100.0,0.0,100.0,0.0,77.0,23.0,100.0,0.0,100.0,1.0,93.0,14473.0,23.0,23.0,100.0,0.0,100.0,0.0,200.0,0.0,100.0,28375.0,100.0,47235447512.0,100.0,134389022437.0
2019-02-08,Z304HES6,ST4000DM000,4000787030016,0,119,221944464,92.0,0.0,100.0,11.0,100.0,0.0,85.0,342025908.0,68,28533,100.0,0.0,100,11,100.0,0.0,100.0,0.0,100.0,0.0,100.0,0.0,100.0,0.0,76.0,24.0,100.0,0.0,100,1,93.0,14473.0,24,24,100.0,0.0,100.0,0.0,200.0,0.0,100.0,28399.0,100.0,47248630592.0,100.0,134485024539.0
2019-02-09,Z304HES6,ST4000DM000,4000787030016,0,117.0,156679840.0,92.0,0.0,100.0,11.0,100.0,0.0,85.0,343036838.0,68.0,28557.0,100.0,0.0,100.0,11.0,100.0,0.0,100.0,0.0,100.0,0.0,100.0,0.0,100.0,0.0,77.0,23.0,100.0,0.0,100.0,1.0,93.0,14473.0,23.0,23.0,100.0,0.0,100.0,0.0,200.0,0.0,100.0,28423.0,100.0,47272683272.0,100.0,134585578943.0
2019-02-10,Z304HES6,ST4000DM000,4000787030016,0,119,215870472,92.0,0.0,100.0,11.0,100.0,0.0,85.0,343851058.0,68,28581,100.0,0.0,100,11,100.0,0.0,100.0,0.0,100.0,0.0,100.0,0.0,100.0,0.0,77.0,23.0,100.0,0.0,100,1,93.0,14473.0,23,23,100.0,0.0,100.0,0.0,200.0,0.0,100.0,28447.0,100.0,47298523696.0,100.0,134682936727.0
2019-02-11,Z304HES6,ST4000DM000,4000787030016,0,118,173861016,92.0,0.0,100.0,11.0,100.0,0.0,85.0,344893142.0,68,28605,100.0,0.0,100,11,100.0,0.0,100.0,0.0,100.0,0.0,100.0,0.0,100.0,0.0,77.0,23.0,100.0,0.0,100,1,93.0,14473.0,23,23,100.0,0.0,100.0,0.0,200.0,0.0,100.0,28471.0,100.0,47319208976.0,100.0,134839216450.0
2019-02-12,Z304HES6,ST4000DM000,4000787030016,0,110.0,28374040.0,92.0,0.0,100.0,11.0,100.0,0.0,85.0,347058343.0,68.0,28629.0,100.0,0.0,100.0,11.0,100.0,0.0,100.0,0.0,100.0,0.0,100.0,0.0,100.0,0.0,76.0,24.0,100.0,0.0,100.0,1.0,93.0,14473.0,24.0,24.0,100.0,0.0,100.0,0.0,200.0,0.0,100.0,28495.0,100.0,47353814584.0,100.0,135005972536.0
2019-02-13,Z304HES6,ST4000DM000,4000787030016,0,111,35149312,92.0,0.0,100.0,11.0,100.0,0.0,85.0,349434172.0,68,28653,100.0,0.0,100,11,100.0,0.0,100.0,0.0,100.0,0.0,100.0,0.0,100.0,0.0,78.0,22.0,100.0,0.0,100,1,93.0,14473.0,22,22,100.0,0.0,100.0,0.0,200.0,0.0,100.0,28518.0,100.0,47375923384.0,100.0,135133700511.0
2019-02-14,Z304HES6,ST4000DM000,4000787030016,0,113,53712272,92.0,0.0,100.0,11.0,100.0,0.0,85.0,350250311.0,68,28677,100.0,0.0,100,11,100.0,0.0,100.0,0.0,100.0,0.0,100.0,0.0,100.0,0.0,77.0,23.0,100.0,0.0,100,1,93.0,14473.0,23,23,100.0,0.0,100.0,0.0,200.0,0.0,100.0,28542.0,100.0,47397012600.0,100.0,135233011424.0
2019-02-15,Z304HES6,ST4000DM000,4000787030016,0,119.0,216249232.0,92.0,0.0,100.0,11.0,100.0,0.0,85.0,352104930.0,68.0,28701.0,100.0,0.0,100.0,11.0,100.0,0.0,100.0,0.0,100.0,0.0,100.0,0.0,100.0,0.0,78.0,22.0,100.0,0.0,100.0,1.0,93.0,14473.0,22.0,22.0,100.0,0.0,100.0,0.0,200.0,0.0,100.0,28566.0,100.0,47425077120.0,100.0,135349282618.0
2019-02-16,Z304HES6,ST4000DM000,4000787030016,0,112.0,47831568.0,92.0,0.0,100.0,11.0,100.0,0.0,85.0,353009266.0,68.0,28725.0,100.0,0.0,100.0,11.0,100.0,0.0,100.0,0.0,100.0,0.0,100.0,0.0,100.0,0.0,77.0,23.0,100.0,0.0,100.0,1.0,93.0,14473.0,23.0,23.0,100.0,0.0,100.0,0.0,200.0,0.0,100.0,28590.0,100.0,47451727176.0,100.0,135453991101.0
2019-02-17,Z304HES6,ST4000DM000,4000787030016,0,119,232550872,92.0,0.0,100.0,11.0,100.0,0.0,85.0,353917534.0,68,28749,100.0,0.0,100,11,100.0,0.0,100.0,0.0,100.0,0.0,100.0,0.0,100.0,0.0,77.0,23.0,100.0,0.0,100,1,93.0,14473.0,23,23,100.0,0.0,100.0,0.0,200.0,0.0,100.0,28614.0,100.0,47471304832.0,100.0,135580999601.0
2019-02-18,Z304HES6,ST4000DM000,4000787030016,0,114,73677984,92.0,0.0,100.0,11.0,100.0,0.0,85.0,354885167.0,68,28773,100.0,0.0,100,11,100.0,0.0,100.0,0.0,100.0,0.0,100.0,0.0,100.0,0.0,77.0,23.0,100.0,0.0,100,1,93.0,14473.0,23,23,100.0,0.0,100.0,0.0,200.0,0.0,100.0,28638.0,100.0,47492400992.0,100.0,135712479051.0
2019-02-19,Z304HES6,ST4000DM000,4000787030016,0,114,83870664,92.0,0.0,100.0,11.0,100.0,0.0,85.0,356945642.0,68,28797,100.0,0.0,100,11,100.0,0.0,100.0,0.0,100.0,0.0,100.0,0.0,100.0,0.0,76.0,24.0,100.0,0.0,100,1,93.0,14473.0,24,24,100.0,0.0,100.0,0.0,200.0,0.0,100.0,28662.0,100.0,47514024160.0,100.0,135839154804.0
2019-02-20,Z304HES6,ST4000DM000,4000787030016,0,115.0,92926448.0,92.0,0.0,100.0,11.0,100.0,0.0,85.0,357876964.0,68.0,28821.0,100.0,0.0,100.0,11.0,100.0,0.0,100.0,0.0,100.0,0.0,100.0,0.0,100.0,0.0,77.0,23.0,100.0,0.0,100.0,1.0,93.0,14473.0,23.0,23.0,100.0,0.0,100.0,0.0,200.0,0.0,100.0,28686.0,100.0,47527572216.0,100.0,135943772823.0
2019-02-21,Z304HES6,ST4000DM000,4000787030016,0,119,215571072,92.0,0.0,100.0,11.0,100.0,0.0,85.0,359936213.0,68,28857,100.0,0.0,100,11,100.0,0.0,100.0,0.0,100.0,0.0,100.0,0.0,100.0,0.0,76.0,24.0,100.0,0.0,100,1,93.0,14473.0,24,24,100.0,0.0,100.0,0.0,200.0,0.0,100.0,28722.0,100.0,47549346032.0,100.0,136118779793.0
2019-02-22,Z304HES6,ST4000DM000,4000787030016,0,116,116103016,92.0,0.0,100.0,11.0,100.0,0.0,85.0,360953099.0,68,28881,100.0,0.0,100,11,100.0,0.0,100.0,0.0,100.0,0.0,100.0,0.0,100.0,0.0,75.0,25.0,100.0,0.0,100,1,93.0,14473.0,25,25,100.0,0.0,100.0,0.0,200.0,0.0,100.0,28746.0,100.0,47561367320.0,100.0,136257375505.0
2019-02-23,Z304HES6,ST4000DM000,4000787030016,0,118.0,179222064.0,92.0,0.0,100.0,11.0,100.0,0.0,85.0,361938348.0,68.0,28905.0,100.0,0.0,100.0,11.0,100.0,0.0,100.0,0.0,100.0,0.0,100.0,0.0,100.0,0.0,76.0,24.0,100.0,0.0,100.0,1.0,93.0,14473.0,24.0,24.0,100.0,0.0,100.0,0.0,200.0,0.0,100.0,28770.0,100.0,47572701080.0,100.0,136400912383.0
2019-02-24,Z304HES6,ST4000DM000,4000787030016,0,118,199124544,92.0,0.0,100.0,11.0,100.0,0.0,85.0,362871885.0,67,28929,100.0,0.0,100,11,100.0,0.0,100.0,0.0,100.0,0.0,100.0,0.0,100.0,0.0,77.0,23.0,100.0,0.0,100,1,93.0,14473.0,23,23,100.0,0.0,100.0,0.0,200.0,0.0,100.0,28794.0,100.0,47585385016.0,100.0,136521849336.0
2019-02-25,Z304HES6,ST4000DM000,4000787030016,0,117,163451040,92.0,0.0,100.0,11.0,100.0,0.0,85.0,363748917.0,67,28952,100.0,0.0,100,11,100.0,0.0,100.0,0.0,100.0,0.0,100.0,0.0,100.0,0.0,76.0,24.0,100.0,0.0,100,1,93.0,14473.0,24,24,100.0,0.0,100.0,0.0,200.0,0.0,100.0,28818.0,100.0,47596952728.0,100.0,136622987311.0
2019-02-26,Z304HES6,ST4000DM000,4000787030016,0,115,87567744,92.0,0.0,100.0,11.0,100.0,0.0,85.0,365955035.0,67,28976,100.0,0.0,100,11,100.0,0.0,100.0,0.0,100.0,0.0,100.0,0.0,100.0,0.0,77.0,23.0,100.0,0.0,100,1,93.0,14473.0,23,23,100.0,0.0,100.0,0.0,200.0,0.0,100.0,28842.0,100.0,47614311152.0,100.0,136774324102.0
2019-02-27,Z304HES6,ST4000DM000,4000787030016,0,111.0,38202192.0,92.0,0.0,100.0,11.0,100.0,0.0,85.0,368025579.0,67.0,29000.0,100.0,0.0,100.0,11.0,100.0,0.0,100.0,0.0,100.0,0.0,100.0,0.0,100.0,0.0,77.0,23.0,100.0,0.0,100.0,1.0,93.0,14473.0,23.0,23.0,100.0,0.0,100.0,0.0,200.0,0.0,100.0,28865.0,100.0,47633919792.0,100.0,136921949509.0
2019-02-28,Z304HES6,ST4000DM000,4000787030016,0,118,172397312,92.0,0.0,100.0,11.0,100.0,0.0,85.0,368408236.0,67,29012,100.0,0.0,100,11,100.0,0.0,100.0,0.0,100.0,0.0,100.0,0.0,100.0,0.0,77.0,23.0,100.0,0.0,100,1,93.0,14473.0,23,23,100.0,0.0,100.0,0.0,200.0,0.0,100.0,28877.0,100.0,47642707208.0,100.0,136999345392.0
2019-03-01,Z304HES6,ST4000DM000,4000787030016,0,114.0,73301784.0,92.0,0.0,100.0,11.0,100.0,0.0,85.0,369588908.0,67.0,29036.0,100.0,0.0,100.0,11.0,100.0,0.0,100.0,0.0,100.0,0.0,100.0,0.0,100.0,0.0,77.0,23.0,100.0,0.0,100.0,1.0,93.0,14473.0,23.0,23.0,100.0,0.0,100.0,0.0,200.0,0.0,100.0,28901.0,100.0,47653544488.0,100.0,137122676192.0
2019-03-02,Z304HES6,ST4000DM000,4000787030016,0,120.0,242191928.0,92.0,0.0,100.0,11.0,100.0,0.0,85.0,370132137.0,67.0,29060.0,100.0,0.0,100.0,11.0,100.0,0.0,100.0,0.0,100.0,0.0,100.0,0.0,100.0,0.0,78.0,22.0,100.0,0.0,100.0,1.0,93.0,14473.0,22.0,22.0,100.0,0.0,100.0,0.0,200.0,0.0,100.0,28925.0,100.0,47661874376.0,100.0,137295300189.0
2019-03-03,Z304HES6,ST4000DM000,4000787030016,0,110.0,29330792.0,92.0,0.0,100.0,11.0,100.0,0.0,85.0,370762801.0,67.0,29084.0,100.0,0.0,100.0,11.0,100.0,0.0,100.0,0.0,100.0,0.0,100.0,0.0,100.0,0.0,77.0,23.0,100.0,0.0,100.0,1.0,93.0,14473.0,23.0,23.0,100.0,0.0,100.0,0.0,200.0,0.0,100.0,28949.0,100.0,47673541832.0,100.0,137455402862.0
2019-03-04,Z304HES6,ST4000DM000,4000787030016,0,117,135716984,92.0,0.0,100.0,11.0,100.0,0.0,85.0,371336886.0,67,29108,100.0,0.0,100,11,100.0,0.0,100.0,0.0,100.0,0.0,100.0,0.0,100.0,0.0,77.0,23.0,100.0,0.0,100,1,93.0,14473.0,23,23,100.0,0.0,100.0,0.0,200.0,0.0,100.0,28973.0,100.0,47684132832.0,100.0,137634408438.0
2019-03-05,Z304HES6,ST4000DM000,4000787030016,0,108.0,18615232.0,92.0,0.0,100.0,11.0,100.0,0.0,85.0,373084945.0,67.0,29131.0,100.0,0.0,100.0,11.0,100.0,0.0,100.0,0.0,100.0,0.0,100.0,0.0,100.0,0.0,78.0,22.0,100.0,0.0,100.0,1.0,93.0,14473.0,22.0,22.0,100.0,0.0,100.0,0.0,200.0,0.0,100.0,28997.0,100.0,47701758328.0,100.0,137815990170.0
2019-03-06,Z304HES6,ST4000DM000,4000787030016,0,117.0,130086520.0,92.0,0.0,100.0,11.0,100.0,0.0,85.0,374329881.0,67.0,29155.0,100.0,0.0,100.0,11.0,100.0,0.0,100.0,0.0,100.0,0.0,100.0,0.0,100.0,0.0,78.0,22.0,100.0,0.0,100.0,1.0,93.0,14473.0,22.0,22.0,100.0,0.0,100.0,0.0,200.0,0.0,100.0,29021.0,100.0,47717777096.0,100.0,138045919706.0
2019-03-07,Z304HES6,ST4000DM000,4000787030016,0,111.0,41149728.0,92.0,0.0,100.0,11.0,100.0,0.0,85.0,375399299.0,67.0,29179.0,100.0,0.0,100.0,11.0,100.0,0.0,100.0,0.0,100.0,0.0,100.0,0.0,100.0,0.0,77.0,23.0,100.0,0.0,100.0,1.0,93.0,14473.0,23.0,23.0,100.0,0.0,100.0,0.0,200.0,0.0,100.0,29045.0,100.0,47730465464.0,100.0,138229858268.0
2019-03-08,Z304HES6,ST4000DM000,4000787030016,0,116.0,108671560.0,92.0,0.0,100.0,11.0,100.0,0.0,85.0,377626519.0,67.0,29203.0,100.0,0.0,100.0,11.0,100.0,0.0,100.0,0.0,100.0,0.0,100.0,0.0,100.0,0.0,77.0,23.0,100.0,0.0,100.0,1.0,93.0,14473.0,23.0,23.0,100.0,0.0,100.0,0.0,200.0,0.0,100.0,29069.0,100.0,47753734456.0,100.0,138390071195.0
2019-03-09,Z304HES6,ST4000DM000,4000787030016,0,113.0,57653184.0,92.0,0.0,100.0,11.0,100.0,0.0,85.0,379435516.0,67.0,29227.0,100.0,0.0,100.0,11.0,100.0,0.0,100.0,0.0,100.0,0.0,100.0,0.0,100.0,0.0,76.0,24.0,100.0,0.0,100.0,1.0,93.0,14473.0,24.0,24.0,100.0,0.0,100.0,0.0,200.0,0.0,100.0,29093.0,100.0,47766985456.0,100.0,138585875053.0
2019-03-10,Z304HES6,ST4000DM000,4000787030016,0,117.0,119837024.0,92.0,0.0,100.0,11.0,100.0,0.0,85.0,380505170.0,67.0,29251.0,100.0,0.0,100.0,11.0,100.0,0.0,100.0,0.0,100.0,0.0,100.0,0.0,100.0,0.0,76.0,24.0,100.0,0.0,100.0,1.0,93.0,14473.0,24.0,24.0,100.0,0.0,100.0,0.0,200.0,0.0,100.0,29117.0,100.0,47782793384.0,100.0,138735706730.0
2019-03-11,Z304HES6,ST4000DM000,4000787030016,0,115.0,89249944.0,92.0,0.0,100.0,11.0,100.0,0.0,85.0,381716761.0,67.0,29275.0,100.0,0.0,100.0,11.0,100.0,0.0,100.0,0.0,100.0,0.0,100.0,0.0,100.0,0.0,77.0,23.0,100.0,0.0,100.0,1.0,93.0,14473.0,23.0,23.0,100.0,0.0,100.0,0.0,200.0,0.0,100.0,29141.0,100.0,47799973568.0,100.0,138895835561.0
2019-03-12,Z304HES6,ST4000DM000,4000787030016,0,119.0,219555840.0,92.0,0.0,100.0,11.0,100.0,0.0,85.0,383243858.0,67.0,29299.0,100.0,0.0,100.0,11.0,100.0,0.0,100.0,0.0,100.0,0.0,100.0,0.0,100.0,0.0,76.0,24.0,100.0,0.0,100.0,1.0,93.0,14473.0,24.0,24.0,100.0,0.0,100.0,0.0,200.0,0.0,100.0,29165.0,100.0,47816803096.0,100.0,139043596590.0
2019-03-13,Z304HES6,ST4000DM000,4000787030016,0,117.0,146574752.0,92.0,0.0,100.0,11.0,100.0,0.0,85.0,386490401.0,67.0,29335.0,100.0,0.0,100.0,11.0,100.0,0.0,100.0,0.0,100.0,0.0,100.0,0.0,100.0,0.0,77.0,23.0,100.0,0.0,100.0,1.0,93.0,14473.0,23.0,23.0,100.0,0.0,100.0,0.0,200.0,0.0,100.0,29200.0,100.0,47858992688.0,100.0,139228304891.0
2019-03-14,Z304HES6,ST4000DM000,4000787030016,0,110.0,27756328.0,92.0,0.0,100.0,11.0,100.0,0.0,85.0,388604216.0,67.0,29359.0,100.0,0.0,100.0,11.0,100.0,0.0,100.0,0.0,100.0,0.0,100.0,0.0,100.0,0.0,78.0,22.0,100.0,0.0,100.0,1.0,93.0,14473.0,22.0,22.0,100.0,0.0,100.0,0.0,200.0,0.0,100.0,29224.0,100.0,47897188312.0,100.0,139355474234.0
2019-03-15,Z304HES6,ST4000DM000,4000787030016,0,104.0,6577216.0,92.0,0.0,100.0,11.0,100.0,0.0,85.0,389328411.0,67.0,29383.0,100.0,0.0,100.0,11.0,100.0,0.0,100.0,0.0,100.0,0.0,100.0,0.0,100.0,0.0,79.0,21.0,100.0,0.0,100.0,1.0,93.0,14473.0,21.0,21.0,100.0,0.0,100.0,0.0,200.0,0.0,100.0,29248.0,100.0,47912793712.0,100.0,139428338043.0
2019-03-16,Z304HES6,ST4000DM000,4000787030016,0,108.0,17689720.0,92.0,0.0,100.0,11.0,100.0,0.0,85.0,390247868.0,67.0,29406.0,100.0,0.0,100.0,11.0,100.0,0.0,100.0,0.0,100.0,0.0,100.0,0.0,100.0,0.0,79.0,21.0,100.0,0.0,100.0,1.0,93.0,14473.0,21.0,21.0,100.0,0.0,100.0,0.0,200.0,0.0,100.0,29272.0,100.0,47927787304.0,100.0,139549284023.0
2019-03-17,Z304HES6,ST4000DM000,4000787030016,0,109.0,23989600.0,92.0,0.0,100.0,11.0,100.0,0.0,85.0,391548252.0,67.0,29430.0,100.0,0.0,100.0,11.0,100.0,0.0,100.0,0.0,100.0,0.0,100.0,0.0,100.0,0.0,78.0,22.0,100.0,0.0,100.0,1.0,93.0,14473.0,22.0,22.0,100.0,0.0,100.0,0.0,200.0,0.0,100.0,29296.0,100.0,47944795096.0,100.0,139702732125.0
2019-03-18,Z304HES6,ST4000DM000,4000787030016,0,120.0,235583704.0,92.0,0.0,100.0,11.0,100.0,0.0,85.0,392616300.0,67.0,29454.0,100.0,0.0,100.0,11.0,100.0,0.0,100.0,0.0,100.0,0.0,100.0,0.0,100.0,0.0,79.0,21.0,100.0,0.0,100.0,1.0,93.0,14473.0,21.0,21.0,100.0,0.0,100.0,0.0,200.0,0.0,100.0,29320.0,100.0,47961370488.0,100.0,139841258767.0
2019-03-19,Z304HES6,ST4000DM000,4000787030016,0,119.0,214583544.0,92.0,0.0,100.0,11.0,100.0,0.0,85.0,394641179.0,67.0,29478.0,100.0,0.0,100.0,11.0,100.0,0.0,100.0,0.0,100.0,0.0,100.0,0.0,100.0,0.0,79.0,21.0,100.0,0.0,100.0,1.0,93.0,14473.0,21.0,21.0,100.0,0.0,100.0,0.0,200.0,0.0,100.0,29344.0,100.0,47980482088.0,100.0,139966849515.0
2019-03-20,Z304HES6,ST4000DM000,4000787030016,0,120.0,240012448.0,92.0,0.0,100.0,11.0,100.0,0.0,85.0,395765148.0,67.0,29502.0,100.0,0.0,100.0,11.0,100.0,0.0,100.0,0.0,100.0,0.0,100.0,0.0,100.0,0.0,78.0,22.0,100.0,0.0,100.0,1.0,93.0,14473.0,22.0,22.0,100.0,0.0,100.0,0.0,200.0,0.0,100.0,29367.0,100.0,47994810264.0,100.0,140102725598.0
2019-03-21,Z304HES6,ST4000DM000,4000787030016,0,104.0,6918448.0,92.0,0.0,100.0,11.0,100.0,0.0,85.0,397043598.0,67.0,29526.0,100.0,0.0,100.0,11.0,100.0,0.0,100.0,0.0,100.0,0.0,100.0,0.0,100.0,0.0,78.0,22.0,100.0,0.0,100.0,1.0,93.0,14473.0,22.0,22.0,100.0,0.0,100.0,0.0,200.0,0.0,100.0,29391.0,100.0,48014998472.0,100.0,140227828056.0
2019-03-22,Z304HES6,ST4000DM000,4000787030016,0,119.0,221878928.0,92.0,0.0,100.0,11.0,100.0,0.0,85.0,397850906.0,67.0,29550.0,100.0,0.0,100.0,11.0,100.0,0.0,100.0,0.0,100.0,0.0,100.0,0.0,100.0,0.0,78.0,22.0,100.0,0.0,100.0,1.0,93.0,14473.0,22.0,22.0,100.0,0.0,100.0,0.0,200.0,0.0,100.0,29415.0,100.0,48030796096.0,100.0,140324437019.0
2019-03-23,Z304HES6,ST4000DM000,4000787030016,0,117.0,144908920.0,92.0,0.0,100.0,11.0,100.0,0.0,85.0,398905424.0,67.0,29573.0,100.0,0.0,100.0,11.0,100.0,0.0,100.0,0.0,100.0,0.0,100.0,0.0,100.0,0.0,78.0,22.0,100.0,0.0,100.0,1.0,93.0,14473.0,22.0,22.0,100.0,0.0,100.0,0.0,200.0,0.0,100.0,29439.0,100.0,48044363024.0,100.0,140460171221.0
2019-03-24,Z304HES6,ST4000DM000,4000787030016,0,117.0,130732848.0,92.0,0.0,100.0,11.0,100.0,0.0,85.0,399896569.0,67.0,29597.0,100.0,0.0,100.0,11.0,100.0,0.0,100.0,0.0,100.0,0.0,100.0,0.0,100.0,0.0,77.0,23.0,100.0,0.0,100.0,1.0,93.0,14473.0,23.0,23.0,100.0,0.0,100.0,0.0,200.0,0.0,100.0,29463.0,100.0,48055982200.0,100.0,140570155358.0
2019-03-25,Z304HES6,ST4000DM000,4000787030016,0,117.0,127582176.0,92.0,0.0,100.0,11.0,100.0,0.0,85.0,400671958.0,67.0,29621.0,100.0,0.0,100.0,11.0,100.0,0.0,100.0,0.0,100.0,0.0,100.0,0.0,100.0,0.0,78.0,22.0,100.0,0.0,100.0,1.0,93.0,14473.0,22.0,22.0,100.0,0.0,100.0,0.0,200.0,0.0,100.0,29487.0,100.0,48074914392.0,100.0,140646042233.0
2019-03-26,Z304HES6,ST4000DM000,4000787030016,0,119.0,222697992.0,92.0,0.0,100.0,11.0,100.0,0.0,86.0,402975195.0,67.0,29645.0,100.0,0.0,100.0,11.0,100.0,0.0,100.0,0.0,100.0,0.0,100.0,0.0,100.0,0.0,78.0,22.0,100.0,0.0,100.0,1.0,93.0,14473.0,22.0,22.0,100.0,0.0,100.0,0.0,200.0,0.0,100.0,29511.0,100.0,48095438168.0,100.0,140808473530.0
2019-03-27,Z304HES6,ST4000DM000,4000787030016,0,108.0,16077712.0,92.0,0.0,100.0,11.0,100.0,0.0,86.0,404033666.0,67.0,29669.0,100.0,0.0,100.0,11.0,100.0,0.0,100.0,0.0,100.0,0.0,100.0,0.0,100.0,0.0,78.0,22.0,100.0,0.0,100.0,1.0,93.0,14473.0,22.0,22.0,100.0,0.0,100.0,0.0,200.0,0.0,100.0,29535.0,100.0,48115328696.0,100.0,140866340897.0
2019-03-28,Z304HES6,ST4000DM000,4000787030016,0,119.0,226992792.0,92.0,0.0,100.0,11.0,100.0,0.0,86.0,406193736.0,67.0,29693.0,100.0,0.0,100.0,11.0,100.0,0.0,100.0,0.0,100.0,0.0,100.0,0.0,100.0,0.0,78.0,22.0,100.0,0.0,100.0,1.0,93.0,14473.0,22.0,22.0,100.0,0.0,100.0,0.0,200.0,0.0,100.0,29559.0,100.0,48144468440.0,100.0,140977548713.0
2019-03-29,Z304HES6,ST4000DM000,4000787030016,0,117.0,151289448.0,92.0,0.0,100.0,11.0,100.0,0.0,86.0,408115115.0,67.0,29717.0,100.0,0.0,100.0,11.0,100.0,0.0,100.0,0.0,100.0,0.0,100.0,0.0,100.0,0.0,78.0,22.0,100.0,0.0,100.0,1.0,93.0,14473.0,22.0,22.0,100.0,0.0,100.0,0.0,200.0,0.0,100.0,29583.0,100.0,48162824568.0,100.0,141212159853.0
2019-03-30,Z304HES6,ST4000DM000,4000787030016,0,105.0,8294560.0,92.0,0.0,100.0,11.0,100.0,0.0,86.0,410055910.0,67.0,29729.0,100.0,0.0,100.0,11.0,100.0,0.0,100.0,0.0,100.0,0.0,100.0,0.0,100.0,0.0,77.0,23.0,100.0,0.0,100.0,1.0,93.0,14473.0,23.0,23.0,100.0,0.0,100.0,0.0,200.0,0.0,100.0,29595.0,100.0,48167570728.0,100.0,141421132211.0
2019-03-31,Z304HES6,ST4000DM000,4000787030016,0,118.0,191248960.0,92.0,0.0,100.0,11.0,100.0,0.0,86.0,413746178.0,67.0,29753.0,100.0,0.0,100.0,11.0,100.0,0.0,100.0,0.0,100.0,0.0,100.0,0.0,100.0,0.0,77.0,23.0,100.0,0.0,100.0,1.0,93.0,14473.0,23.0,23.0,100.0,0.0,100.0,0.0,200.0,0.0,100.0,29618.0,100.0,48177079992.0,100.0,141830041409.0
2019-04-01,Z304HES6,ST4000DM000,4000787030016,0,117.0,134521472.0,92.0,0.0,100.0,11.0,100.0,0.0,86.0,418767470.0,67.0,29777.0,100.0,0.0,100.0,11.0,100.0,0.0,100.0,0.0,100.0,0.0,100.0,0.0,100.0,0.0,77.0,23.0,100.0,0.0,100.0,1.0,93.0,14473.0,23.0,23.0,100.0,0.0,100.0,0.0,200.0,0.0,100.0,29642.0,100.0,48183761624.0,100.0,142403272621.0
2019-04-02,Z304HES6,ST4000DM000,4000787030016,0,118.0,188486296.0,92.0,0.0,100.0,11.0,100.0,0.0,86.0,423320954.0,66.0,29801.0,100.0,0.0,100.0,11.0,100.0,0.0,100.0,0.0,100.0,0.0,100.0,0.0,100.0,0.0,77.0,23.0,100.0,0.0,100.0,1.0,93.0,14473.0,23.0,23.0,100.0,0.0,100.0,0.0,200.0,0.0,100.0,29666.0,100.0,48191913688.0,100.0,143009140828.0
2019-04-03,Z304HES6,ST4000DM000,4000787030016,0,119.0,225419840.0,92.0,0.0,100.0,11.0,100.0,0.0,86.0,427859025.0,66.0,29825.0,100.0,0.0,100.0,11.0,100.0,0.0,100.0,0.0,100.0,0.0,100.0,0.0,100.0,0.0,78.0,22.0,100.0,0.0,100.0,1.0,93.0,14473.0,22.0,22.0,100.0,0.0,100.0,0.0,200.0,0.0,100.0,29690.0,100.0,48208450192.0,100.0,143540801616.0
2019-04-04,Z304HES6,ST4000DM000,4000787030016,0,114.0,60871608.0,92.0,0.0,100.0,11.0,100.0,0.0,86.0,435514973.0,66.0,29860.0,100.0,0.0,100.0,11.0,100.0,0.0,100.0,0.0,100.0,0.0,100.0,0.0,100.0,0.0,78.0,22.0,100.0,0.0,100.0,1.0,93.0,14473.0,22.0,22.0,100.0,0.0,100.0,0.0,200.0,0.0,100.0,29726.0,100.0,48222392144.0,100.0,144992358899.0
2019-04-05,Z304HES6,ST4000DM000,4000787030016,0,115.0,100109168.0,92.0,0.0,100.0,11.0,100.0,0.0,86.0,440632209.0,66.0,29885.0,100.0,0.0,100.0,11.0,100.0,0.0,100.0,0.0,100.0,0.0,100.0,0.0,100.0,0.0,78.0,22.0,100.0,0.0,100.0,1.0,93.0,14473.0,22.0,22.0,100.0,0.0,100.0,0.0,200.0,0.0,100.0,29750.0,100.0,48228645728.0,100.0,145652770731.0
2019-04-06,Z304HES6,ST4000DM000,4000787030016,0,120.0,235968520.0,92.0,0.0,100.0,11.0,100.0,0.0,86.0,445497506.0,66.0,29909.0,100.0,0.0,100.0,11.0,100.0,0.0,100.0,0.0,100.0,0.0,100.0,0.0,100.0,0.0,78.0,22.0,100.0,0.0,100.0,1.0,93.0,14473.0,22.0,22.0,100.0,0.0,100.0,0.0,200.0,0.0,100.0,29774.0,100.0,48234465104.0,100.0,146256543005.0
2019-04-07,Z304HES6,ST4000DM000,4000787030016,0,118.0,194834208.0,92.0,0.0,100.0,11.0,100.0,0.0,86.0,450431035.0,66.0,29932.0,100.0,0.0,100.0,11.0,100.0,0.0,100.0,0.0,100.0,0.0,100.0,0.0,100.0,0.0,78.0,22.0,100.0,0.0,100.0,1.0,93.0,14473.0,22.0,22.0,100.0,0.0,100.0,0.0,200.0,0.0,100.0,29798.0,100.0,48240772504.0,100.0,146809368537.0
2019-04-08,Z304HES6,ST4000DM000,4000787030016,0,119.0,222074560.0,92.0,0.0,100.0,11.0,100.0,0.0,86.0,455326137.0,66.0,29956.0,100.0,0.0,100.0,11.0,100.0,0.0,100.0,0.0,100.0,0.0,100.0,0.0,100.0,0.0,78.0,22.0,100.0,0.0,100.0,1.0,93.0,14473.0,22.0,22.0,100.0,0.0,100.0,0.0,200.0,0.0,100.0,29822.0,100.0,48246970760.0,100.0,147358634781.0
2019-04-09,Z304HES6,ST4000DM000,4000787030016,0,112.0,48017576.0,92.0,0.0,100.0,11.0,100.0,0.0,86.0,460660126.0,66.0,29980.0,100.0,0.0,100.0,11.0,100.0,0.0,100.0,0.0,100.0,0.0,100.0,0.0,100.0,0.0,78.0,22.0,100.0,0.0,100.0,1.0,93.0,14473.0,22.0,22.0,100.0,0.0,100.0,0.0,200.0,0.0,100.0,29846.0,100.0,48254230192.0,100.0,147932672523.0
2019-04-10,Z304HES6,ST4000DM000,4000787030016,0,107.0,12673480.0,92.0,0.0,100.0,11.0,100.0,0.0,86.0,465878705.0,66.0,30004.0,100.0,0.0,100.0,11.0,100.0,0.0,100.0,0.0,100.0,0.0,100.0,0.0,100.0,0.0,78.0,22.0,100.0,0.0,100.0,1.0,93.0,14473.0,22.0,22.0,100.0,0.0,100.0,0.0,200.0,0.0,100.0,29870.0,100.0,48264063104.0,100.0,148502156961.0
2019-04-11,Z304HES6,ST4000DM000,4000787030016,0,118.0,187903408.0,92.0,0.0,100.0,11.0,100.0,0.0,86.0,468829993.0,66.0,30016.0,100.0,0.0,100.0,11.0,100.0,0.0,100.0,0.0,100.0,0.0,100.0,0.0,100.0,0.0,77.0,23.0,100.0,0.0,100.0,1.0,93.0,14473.0,23.0,23.0,100.0,0.0,100.0,0.0,200.0,0.0,100.0,29882.0,100.0,48267708232.0,100.0,148835835880.0
2019-04-12,Z304HES6,ST4000DM000,4000787030016,0,118.0,194280296.0,92.0,0.0,100.0,11.0,100.0,0.0,87.0,473442753.0,66.0,30040.0,100.0,0.0,100.0,11.0,100.0,0.0,100.0,0.0,100.0,0.0,100.0,0.0,100.0,0.0,76.0,24.0,100.0,0.0,100.0,1.0,93.0,14473.0,24.0,24.0,100.0,0.0,100.0,0.0,200.0,0.0,100.0,29906.0,100.0,48284731344.0,100.0,149202391667.0
2019-04-13,Z304HES6,ST4000DM000,4000787030016,0,119.0,215248520.0,92.0,0.0,100.0,11.0,100.0,0.0,87.0,477512035.0,66.0,30064.0,100.0,0.0,100.0,11.0,100.0,0.0,100.0,0.0,100.0,0.0,100.0,0.0,100.0,0.0,78.0,22.0,100.0,0.0,100.0,1.0,93.0,14473.0,22.0,22.0,100.0,0.0,100.0,0.0,200.0,0.0,100.0,29930.0,100.0,48292253016.0,100.0,149668656127.0
2019-04-14,Z304HES6,ST4000DM000,4000787030016,0,114.0,62040192.0,92.0,0.0,100.0,11.0,100.0,0.0,87.0,479036893.0,66.0,30088.0,100.0,0.0,100.0,11.0,100.0,0.0,100.0,0.0,100.0,0.0,100.0,0.0,100.0,0.0,77.0,23.0,100.0,0.0,100.0,1.0,93.0,14473.0,23.0,23.0,100.0,0.0,100.0,0.0,200.0,0.0,100.0,29953.0,100.0,48309364856.0,100.0,149771362922.0
2019-04-15,Z304HES6,ST4000DM000,4000787030016,0,118.0,178897032.0,92.0,0.0,100.0,11.0,100.0,0.0,87.0,479768819.0,66.0,30112.0,100.0,0.0,100.0,11.0,100.0,0.0,100.0,0.0,100.0,0.0,100.0,0.0,100.0,0.0,77.0,23.0,100.0,0.0,100.0,1.0,93.0,14473.0,23.0,23.0,100.0,0.0,100.0,0.0,200.0,0.0,100.0,29977.0,100.0,48327848248.0,100.0,149860931023.0
2019-04-16,Z304HES6,ST4000DM000,4000787030016,0,115.0,92581656.0,92.0,0.0,100.0,11.0,100.0,0.0,87.0,481264250.0,66.0,30136.0,100.0,0.0,100.0,11.0,100.0,0.0,100.0,0.0,100.0,0.0,100.0,0.0,100.0,0.0,77.0,23.0,100.0,0.0,100.0,1.0,93.0,14473.0,23.0,23.0,100.0,0.0,100.0,0.0,200.0,0.0,100.0,30001.0,100.0,48349228944.0,100.0,149972326036.0
2019-04-17,Z304HES6,ST4000DM000,4000787030016,0,117.0,129719696.0,92.0,0.0,100.0,11.0,100.0,0.0,87.0,483200232.0,66.0,30171.0,100.0,0.0,100.0,11.0,100.0,0.0,100.0,0.0,100.0,0.0,100.0,0.0,100.0,0.0,78.0,22.0,100.0,0.0,100.0,1.0,93.0,14473.0,22.0,22.0,100.0,0.0,100.0,0.0,200.0,0.0,100.0,30037.0,100.0,48383346096.0,100.0,150202472579.0
2019-04-18,Z304HES6,ST4000DM000,4000787030016,0,117.0,123155064.0,92.0,0.0,100.0,11.0,100.0,0.0,87.0,484825606.0,66.0,30195.0,100.0,0.0,100.0,11.0,100.0,0.0,100.0,0.0,100.0,0.0,100.0,0.0,100.0,0.0,77.0,23.0,100.0,0.0,100.0,1.0,93.0,14473.0,23.0,23.0,100.0,0.0,100.0,0.0,200.0,0.0,100.0,30061.0,100.0,48403463336.0,100.0,150309589730.0
2019-04-19,Z304HES6,ST4000DM000,4000787030016,0,117.0,163178600.0,92.0,0.0,100.0,11.0,100.0,0.0,87.0,485786324.0,66.0,30219.0,100.0,0.0,100.0,11.0,100.0,0.0,100.0,0.0,100.0,0.0,100.0,0.0,100.0,0.0,77.0,23.0,100.0,0.0,100.0,1.0,93.0,14473.0,23.0,23.0,100.0,0.0,100.0,0.0,200.0,0.0,100.0,30085.0,100.0,48419186296.0,100.0,150405419895.0
2019-04-20,Z304HES6,ST4000DM000,4000787030016,0,115.0,97788072.0,92.0,0.0,100.0,11.0,100.0,0.0,87.0,486601512.0,66.0,30243.0,100.0,0.0,100.0,11.0,100.0,0.0,100.0,0.0,100.0,0.0,100.0,0.0,100.0,0.0,77.0,23.0,100.0,0.0,100.0,1.0,93.0,14473.0,23.0,23.0,100.0,0.0,100.0,0.0,200.0,0.0,100.0,30108.0,100.0,48441272784.0,100.0,150501514219.0
2019-04-21,Z304HES6,ST4000DM000,4000787030016,0,114.0,69919688.0,92.0,0.0,100.0,11.0,100.0,0.0,87.0,487531381.0,66.0,30267.0,100.0,0.0,100.0,11.0,100.0,0.0,100.0,0.0,100.0,0.0,100.0,0.0,100.0,0.0,77.0,23.0,100.0,0.0,100.0,1.0,93.0,14473.0,23.0,23.0,100.0,0.0,100.0,0.0,200.0,0.0,100.0,30132.0,100.0,48459324768.0,100.0,150632623193.0
2019-04-22,Z304HES6,ST4000DM000,4000787030016,0,119.0,230894048.0,92.0,0.0,100.0,11.0,100.0,0.0,87.0,488216785.0,66.0,30291.0,100.0,0.0,100.0,11.0,100.0,0.0,100.0,0.0,100.0,0.0,100.0,0.0,100.0,0.0,77.0,23.0,100.0,0.0,100.0,1.0,93.0,14473.0,23.0,23.0,100.0,0.0,100.0,0.0,200.0,0.0,100.0,30156.0,100.0,48479086120.0,100.0,150710780216.0
2019-04-23,Z304HES6,ST4000DM000,4000787030016,0,117.0,138968168.0,92.0,0.0,100.0,11.0,100.0,0.0,87.0,490395529.0,66.0,30315.0,100.0,0.0,100.0,11.0,100.0,0.0,100.0,0.0,100.0,0.0,100.0,0.0,100.0,0.0,77.0,23.0,100.0,0.0,100.0,1.0,93.0,14473.0,23.0,23.0,100.0,0.0,100.0,0.0,200.0,0.0,100.0,30181.0,100.0,48503988944.0,100.0,150878503767.0
2019-04-24,Z304HES6,ST4000DM000,4000787030016,0,114.0,80365968.0,92.0,0.0,100.0,11.0,100.0,0.0,87.0,491434377.0,66.0,30339.0,100.0,0.0,100.0,11.0,100.0,0.0,100.0,0.0,100.0,0.0,100.0,0.0,100.0,0.0,76.0,24.0,100.0,0.0,100.0,1.0,93.0,14473.0,24.0,24.0,100.0,0.0,100.0,0.0,200.0,0.0,100.0,30204.0,100.0,48532958280.0,100.0,150992183597.0
2019-04-25,Z304HES6,ST4000DM000,4000787030016,0,119.0,211955520.0,92.0,0.0,100.0,11.0,100.0,0.0,87.0,492973243.0,66.0,30363.0,100.0,0.0,100.0,11.0,100.0,0.0,100.0,0.0,100.0,0.0,100.0,0.0,100.0,0.0,77.0,23.0,100.0,0.0,100.0,1.0,93.0,14473.0,23.0,23.0,100.0,0.0,100.0,0.0,200.0,0.0,100.0,30228.0,100.0,48549298016.0,100.0,151098556634.0
2019-04-26,Z304HES6,ST4000DM000,4000787030016,0,117.0,124060736.0,92.0,0.0,100.0,11.0,100.0,0.0,87.0,494234562.0,66.0,30387.0,100.0,0.0,100.0,11.0,100.0,0.0,100.0,0.0,100.0,0.0,100.0,0.0,100.0,0.0,77.0,23.0,100.0,0.0,100.0,1.0,93.0,14473.0,23.0,23.0,100.0,0.0,100.0,0.0,200.0,0.0,100.0,30252.0,100.0,48567332272.0,100.0,151202985792.0
2019-04-27,Z304HES6,ST4000DM000,4000787030016,0,116.0,115897336.0,92.0,0.0,100.0,11.0,100.0,0.0,87.0,495241117.0,66.0,30411.0,100.0,0.0,100.0,11.0,100.0,0.0,100.0,0.0,100.0,0.0,100.0,0.0,100.0,0.0,77.0,23.0,100.0,0.0,100.0,1.0,93.0,14473.0,23.0,23.0,100.0,0.0,100.0,0.0,200.0,0.0,100.0,30276.0,100.0,48583445880.0,100.0,151300707988.0
2019-04-28,Z304HES6,ST4000DM000,4000787030016,0,118.0,187687704.0,92.0,0.0,100.0,11.0,100.0,0.0,87.0,496335898.0,66.0,30435.0,100.0,0.0,100.0,11.0,100.0,0.0,100.0,0.0,100.0,0.0,100.0,0.0,100.0,0.0,77.0,23.0,100.0,0.0,100.0,1.0,93.0,14473.0,23.0,23.0,100.0,0.0,100.0,0.0,200.0,0.0,100.0,30300.0,100.0,48610555200.0,100.0,151446315636.0
2019-04-29,Z304HES6,ST4000DM000,4000787030016,0,119.0,214401360.0,92.0,0.0,100.0,11.0,100.0,0.0,87.0,497195056.0,66.0,30458.0,100.0,0.0,100.0,11.0,100.0,0.0,100.0,0.0,100.0,0.0,100.0,0.0,100.0,0.0,77.0,23.0,100.0,0.0,100.0,1.0,93.0,14473.0,23.0,23.0,100.0,0.0,100.0,0.0,200.0,0.0,100.0,30324.0,100.0,48629182720.0,100.0,151551042363.0
2019-04-30,Z304HES6,ST4000DM000,4000787030016,0,111.0,33194728.0,92.0,0.0,100.0,11.0,100.0,0.0,87.0,500158857.0,66.0,30482.0,100.0,0.0,100.0,11.0,100.0,0.0,100.0,0.0,100.0,0.0,100.0,0.0,100.0,0.0,77.0,23.0,100.0,0.0,100.0,1.0,93.0,14473.0,23.0,23.0,100.0,0.0,100.0,0.0,200.0,0.0,100.0,30348.0,100.0,48651200272.0,100.0,151681769028.0
2019-05-01,Z304HES6,ST4000DM000,4000787030016,0,118.0,192205104.0,92.0,0.0,100.0,11.0,100.0,0.0,87.0,500915787.0,66.0,30506.0,100.0,0.0,100.0,11.0,100.0,0.0,100.0,0.0,100.0,0.0,100.0,0.0,100.0,0.0,76.0,24.0,100.0,0.0,100.0,1.0,93.0,14473.0,24.0,24.0,100.0,0.0,100.0,0.0,200.0,0.0,100.0,30372.0,100.0,48668619336.0,100.0,151797362488.0
2019-05-02,Z304HES6,ST4000DM000,4000787030016,0,114.0,79378328.0,92.0,0.0,100.0,11.0,100.0,0.0,87.0,502339655.0,66.0,30530.0,100.0,0.0,100.0,11.0,100.0,0.0,100.0,0.0,100.0,0.0,100.0,0.0,100.0,0.0,77.0,23.0,100.0,0.0,100.0,1.0,93.0,14473.0,23.0,23.0,100.0,0.0,100.0,0.0,200.0,0.0,100.0,30395.0,100.0,48692575568.0,100.0,151919889007.0
2019-05-03,Z304HES6,ST4000DM000,4000787030016,0,114.0,81674368.0,92.0,0.0,100.0,11.0,100.0,0.0,87.0,503362637.0,66.0,30554.0,100.0,0.0,100.0,11.0,100.0,0.0,100.0,0.0,100.0,0.0,100.0,0.0,100.0,0.0,77.0,23.0,100.0,0.0,100.0,1.0,93.0,14473.0,23.0,23.0,100.0,0.0,100.0,0.0,200.0,0.0,100.0,30419.0,100.0,48709408576.0,100.0,152057532961.0
2019-05-04,Z304HES6,ST4000DM000,4000787030016,0,114.0,62673296.0,92.0,0.0,100.0,11.0,100.0,0.0,87.0,503991186.0,66.0,30577.0,100.0,0.0,100.0,11.0,100.0,0.0,100.0,0.0,100.0,0.0,100.0,0.0,100.0,0.0,77.0,23.0,100.0,0.0,100.0,1.0,93.0,14473.0,23.0,23.0,100.0,0.0,100.0,0.0,200.0,0.0,100.0,30443.0,100.0,48727889824.0,100.0,152231252665.0
2019-05-05,Z304HES6,ST4000DM000,4000787030016,0,101.0,3315528.0,92.0,0.0,100.0,11.0,100.0,0.0,87.0,504705391.0,66.0,30601.0,100.0,0.0,100.0,11.0,100.0,0.0,100.0,0.0,100.0,0.0,100.0,0.0,100.0,0.0,77.0,23.0,100.0,0.0,100.0,1.0,93.0,14473.0,23.0,23.0,100.0,0.0,100.0,0.0,200.0,0.0,100.0,30467.0,100.0,48746573360.0,100.0,152397650461.0
2019-05-06,Z304HES6,ST4000DM000,4000787030016,0,118.0,181463272.0,92.0,0.0,100.0,11.0,100.0,0.0,87.0,505356736.0,66.0,30625.0,100.0,0.0,100.0,11.0,100.0,0.0,100.0,0.0,100.0,0.0,100.0,0.0,100.0,0.0,77.0,23.0,100.0,0.0,100.0,1.0,93.0,14473.0,23.0,23.0,100.0,0.0,100.0,0.0,200.0,0.0,100.0,30491.0,100.0,48760257256.0,100.0,152574539231.0
2019-05-07,Z304HES6,ST4000DM000,4000787030016,0,110.0,25449280.0,92.0,0.0,100.0,11.0,100.0,0.0,87.0,507133817.0,66.0,30649.0,100.0,0.0,100.0,11.0,100.0,0.0,100.0,0.0,100.0,0.0,100.0,0.0,100.0,0.0,77.0,23.0,100.0,0.0,100.0,1.0,93.0,14473.0,23.0,23.0,100.0,0.0,100.0,0.0,200.0,0.0,100.0,30515.0,100.0,48776616104.0,100.0,152755522140.0
2019-05-08,Z304HES6,ST4000DM000,4000787030016,0,119.0,219092264.0,92.0,0.0,100.0,11.0,100.0,0.0,87.0,508378888.0,65.0,30673.0,100.0,0.0,100.0,11.0,100.0,0.0,100.0,0.0,100.0,0.0,100.0,0.0,100.0,0.0,76.0,24.0,100.0,0.0,100.0,1.0,93.0,14473.0,24.0,24.0,100.0,0.0,100.0,0.0,200.0,0.0,100.0,30539.0,100.0,48791431312.0,100.0,152990625703.0
2019-05-09,Z304HES6,ST4000DM000,4000787030016,0,118.0,195141976.0,92.0,0.0,100.0,11.0,100.0,0.0,87.0,509959406.0,65.0,30697.0,100.0,0.0,100.0,11.0,100.0,0.0,100.0,0.0,100.0,0.0,100.0,0.0,100.0,0.0,77.0,23.0,100.0,0.0,100.0,1.0,93.0,14473.0,23.0,23.0,100.0,0.0,100.0,0.0,200.0,0.0,100.0,30562.0,100.0,48807499896.0,100.0,153141382616.0
2019-05-10,Z304HES6,ST4000DM000,4000787030016,0,119.0,214370432.0,92.0,0.0,100.0,11.0,100.0,0.0,87.0,511454338.0,65.0,30721.0,100.0,0.0,100.0,11.0,100.0,0.0,100.0,0.0,100.0,0.0,100.0,0.0,100.0,0.0,76.0,24.0,100.0,0.0,100.0,1.0,93.0,14473.0,24.0,24.0,100.0,0.0,100.0,0.0,200.0,0.0,100.0,30586.0,100.0,48830301040.0,100.0,153298785557.0
2019-05-11,Z304HES6,ST4000DM000,4000787030016,0,110.0,25614496.0,92.0,0.0,100.0,11.0,100.0,0.0,87.0,513275824.0,65.0,30745.0,100.0,0.0,100.0,11.0,100.0,0.0,100.0,0.0,100.0,0.0,100.0,0.0,100.0,0.0,76.0,24.0,100.0,0.0,100.0,1.0,93.0,14473.0,24.0,24.0,100.0,0.0,100.0,0.0,200.0,0.0,100.0,30610.0,100.0,48857724760.0,100.0,153488023579.0
2019-05-12,Z304HES6,ST4000DM000,4000787030016,0,117.0,129459448.0,92.0,0.0,100.0,11.0,100.0,0.0,87.0,514748670.0,65.0,30769.0,100.0,0.0,100.0,11.0,100.0,0.0,100.0,0.0,100.0,0.0,100.0,0.0,100.0,0.0,77.0,23.0,100.0,0.0,100.0,1.0,93.0,14473.0,23.0,23.0,100.0,0.0,100.0,0.0,200.0,0.0,100.0,30634.0,100.0,48872164848.0,100.0,153668758737.0
2019-05-13,Z304HES6,ST4000DM000,4000787030016,0,115.0,93761848.0,92.0,0.0,100.0,11.0,100.0,0.0,87.0,515853695.0,65.0,30793.0,100.0,0.0,100.0,11.0,100.0,0.0,100.0,0.0,100.0,0.0,100.0,0.0,100.0,0.0,77.0,23.0,100.0,0.0,100.0,1.0,93.0,14473.0,23.0,23.0,100.0,0.0,100.0,0.0,200.0,0.0,100.0,30658.0,100.0,48892891952.0,100.0,153809459663.0
2019-05-14,Z304HES6,ST4000DM000,4000787030016,0,118.0,188403248.0,92.0,0.0,100.0,11.0,100.0,0.0,87.0,518019841.0,65.0,30817.0,100.0,0.0,100.0,11.0,100.0,0.0,100.0,0.0,100.0,0.0,100.0,0.0,100.0,0.0,77.0,23.0,100.0,0.0,100.0,1.0,93.0,14473.0,23.0,23.0,100.0,0.0,100.0,0.0,200.0,0.0,100.0,30682.0,100.0,48916519744.0,100.0,153970406587.0
2019-05-15,Z304HES6,ST4000DM000,4000787030016,0,119.0,1983928.0,92.0,0.0,100.0,11.0,100.0,0.0,87.0,518931296.0,65.0,30841.0,100.0,0.0,100.0,11.0,100.0,0.0,100.0,0.0,100.0,0.0,100.0,0.0,100.0,0.0,76.0,24.0,100.0,0.0,100.0,1.0,93.0,14473.0,24.0,24.0,100.0,0.0,100.0,0.0,200.0,0.0,100.0,30706.0,100.0,48932824560.0,100.0,154090036767.0
2019-05-16,Z304HES6,ST4000DM000,4000787030016,0,120.0,241425776.0,92.0,0.0,100.0,11.0,100.0,0.0,87.0,521179556.0,65.0,30865.0,100.0,0.0,100.0,11.0,100.0,0.0,100.0,0.0,100.0,0.0,100.0,0.0,100.0,0.0,76.0,24.0,100.0,0.0,100.0,1.0,93.0,14473.0,24.0,24.0,100.0,0.0,100.0,0.0,200.0,0.0,100.0,30730.0,100.0,48949101384.0,100.0,154191628674.0
2019-05-17,Z304HES6,ST4000DM000,4000787030016,0,118.0,187813928.0,92.0,0.0,100.0,11.0,100.0,0.0,87.0,522629906.0,65.0,30889.0,100.0,0.0,100.0,11.0,100.0,0.0,100.0,0.0,100.0,0.0,100.0,0.0,100.0,0.0,77.0,23.0,100.0,0.0,100.0,1.0,93.0,14473.0,23.0,23.0,100.0,0.0,100.0,0.0,200.0,0.0,100.0,30754.0,100.0,48964469416.0,100.0,154263405205.0
2019-05-18,Z304HES6,ST4000DM000,4000787030016,0,114.0,67020480.0,92.0,0.0,100.0,11.0,100.0,0.0,87.0,523384425.0,65.0,30913.0,100.0,0.0,100.0,11.0,100.0,0.0,100.0,0.0,100.0,0.0,100.0,0.0,100.0,0.0,77.0,23.0,100.0,0.0,100.0,1.0,93.0,14473.0,23.0,23.0,100.0,0.0,100.0,0.0,200.0,0.0,100.0,30778.0,100.0,48976308088.0,100.0,154350395044.0
2019-05-19,Z304HES6,ST4000DM000,4000787030016,0,114.0,80493360.0,92.0,0.0,100.0,11.0,100.0,0.0,87.0,524478950.0,65.0,30937.0,100.0,0.0,100.0,11.0,100.0,0.0,100.0,0.0,100.0,0.0,100.0,0.0,100.0,0.0,76.0,24.0,100.0,0.0,100.0,1.0,93.0,14473.0,24.0,24.0,100.0,0.0,100.0,0.0,200.0,0.0,100.0,30802.0,100.0,48990614240.0,100.0,154491552343.0
2019-05-20,Z304HES6,ST4000DM000,4000787030016,0,118.0,181366136.0,92.0,0.0,100.0,11.0,100.0,0.0,87.0,525929706.0,65.0,30961.0,100.0,0.0,100.0,11.0,100.0,0.0,100.0,0.0,100.0,0.0,100.0,0.0,100.0,0.0,78.0,22.0,100.0,0.0,100.0,1.0,93.0,14473.0,22.0,22.0,100.0,0.0,100.0,0.0,200.0,0.0,100.0,30826.0,100.0,49009743088.0,100.0,154644643290.0
2019-05-21,Z304HES6,ST4000DM000,4000787030016,0,111.0,35593472.0,92.0,0.0,100.0,11.0,100.0,0.0,87.0,528187962.0,65.0,30985.0,100.0,0.0,100.0,11.0,100.0,0.0,100.0,0.0,100.0,0.0,100.0,0.0,100.0,0.0,77.0,23.0,100.0,0.0,100.0,1.0,93.0,14473.0,23.0,23.0,100.0,0.0,100.0,0.0,200.0,0.0,100.0,30850.0,100.0,49024928536.0,100.0,154794967902.0
2019-05-22,Z304HES6,ST4000DM000,4000787030016,0,118.0,168405032.0,92.0,0.0,100.0,11.0,100.0,0.0,87.0,529227618.0,65.0,31008.0,100.0,0.0,100.0,11.0,100.0,0.0,100.0,0.0,100.0,0.0,100.0,0.0,100.0,0.0,77.0,23.0,100.0,0.0,100.0,1.0,93.0,14473.0,23.0,23.0,100.0,0.0,100.0,0.0,200.0,0.0,100.0,30874.0,100.0,49043099888.0,100.0,154913684741.0
2019-05-23,Z304HES6,ST4000DM000,4000787030016,0,115.0,87377936.0,92.0,0.0,100.0,11.0,100.0,0.0,87.0,530583281.0,65.0,31032.0,100.0,0.0,100.0,11.0,100.0,0.0,100.0,0.0,100.0,0.0,100.0,0.0,100.0,0.0,77.0,23.0,100.0,0.0,100.0,1.0,93.0,14473.0,23.0,23.0,100.0,0.0,100.0,0.0,200.0,0.0,100.0,30898.0,100.0,49059208520.0,100.0,155033964961.0
2019-05-24,Z304HES6,ST4000DM000,4000787030016,0,117.0,135354968.0,92.0,0.0,100.0,11.0,100.0,0.0,87.0,532096021.0,65.0,31056.0,100.0,0.0,100.0,11.0,100.0,0.0,100.0,0.0,100.0,0.0,100.0,0.0,100.0,0.0,77.0,23.0,100.0,0.0,100.0,1.0,93.0,14473.0,23.0,23.0,100.0,0.0,100.0,0.0,200.0,0.0,100.0,30922.0,100.0,49082972576.0,100.0,155150813015.0
2019-05-25,Z304HES6,ST4000DM000,4000787030016,0,118.0,193342000.0,92.0,0.0,100.0,11.0,100.0,0.0,87.0,533284778.0,65.0,31080.0,100.0,0.0,100.0,11.0,100.0,0.0,100.0,0.0,100.0,0.0,100.0,0.0,100.0,0.0,77.0,23.0,100.0,0.0,100.0,1.0,93.0,14473.0,23.0,23.0,100.0,0.0,100.0,0.0,200.0,0.0,100.0,30946.0,100.0,49101909632.0,100.0,155290293045.0
2019-05-26,Z304HES6,ST4000DM000,4000787030016,0,118.0,195518912.0,92.0,0.0,100.0,11.0,100.0,0.0,87.0,534396470.0,65.0,31104.0,100.0,0.0,100.0,11.0,100.0,0.0,100.0,0.0,100.0,0.0,100.0,0.0,100.0,0.0,77.0,23.0,100.0,0.0,100.0,1.0,93.0,14473.0,23.0,23.0,100.0,0.0,100.0,0.0,200.0,0.0,100.0,30970.0,100.0,49116945888.0,100.0,155415035175.0
2019-05-27,Z304HES6,ST4000DM000,4000787030016,0,117.0,143826200.0,92.0,0.0,100.0,11.0,100.0,0.0,87.0,534991150.0,65.0,31128.0,100.0,0.0,100.0,11.0,100.0,0.0,100.0,0.0,100.0,0.0,100.0,0.0,100.0,0.0,77.0,23.0,100.0,0.0,100.0,1.0,93.0,14473.0,23.0,23.0,100.0,0.0,100.0,0.0,200.0,0.0,100.0,30994.0,100.0,49126320384.0,100.0,155476785921.0
2019-05-28,Z304HES6,ST4000DM000,4000787030016,0,119.0,228998768.0,92.0,0.0,100.0,11.0,100.0,0.0,87.0,537220815.0,65.0,31152.0,100.0,0.0,100.0,11.0,100.0,0.0,100.0,0.0,100.0,0.0,100.0,0.0,100.0,0.0,77.0,23.0,100.0,0.0,100.0,1.0,93.0,14473.0,23.0,23.0,100.0,0.0,100.0,0.0,200.0,0.0,100.0,31018.0,100.0,49144229440.0,100.0,155630953853.0
2019-05-29,Z304HES6,ST4000DM000,4000787030016,0,116.0,114331048.0,92.0,0.0,100.0,11.0,100.0,0.0,87.0,537744154.0,65.0,31176.0,100.0,0.0,100.0,11.0,100.0,0.0,100.0,0.0,100.0,0.0,100.0,0.0,100.0,0.0,77.0,23.0,100.0,0.0,100.0,1.0,93.0,14473.0,23.0,23.0,100.0,0.0,100.0,0.0,200.0,0.0,100.0,31042.0,100.0,49159625280.0,100.0,155671556152.0
2019-05-30,Z304HES6,ST4000DM000,4000787030016,0,119.0,206098656.0,92.0,0.0,100.0,11.0,100.0,0.0,87.0,539066377.0,65.0,31200.0,100.0,0.0,100.0,11.0,100.0,0.0,100.0,0.0,100.0,0.0,100.0,0.0,100.0,0.0,76.0,24.0,100.0,0.0,100.0,1.0,93.0,14473.0,24.0,24.0,100.0,0.0,100.0,0.0,200.0,0.0,100.0,31066.0,100.0,49175364400.0,100.0,155781185044.0
2019-05-31,Z304HES6,ST4000DM000,4000787030016,0,116.0,110082400.0,92.0,0.0,100.0,11.0,100.0,0.0,87.0,540379725.0,65.0,31224.0,100.0,0.0,100.0,11.0,100.0,0.0,100.0,0.0,100.0,0.0,100.0,0.0,100.0,0.0,77.0,23.0,100.0,0.0,100.0,1.0,93.0,14473.0,23.0,23.0,100.0,0.0,100.0,0.0,200.0,0.0,100.0,31090.0,100.0,49189543936.0,100.0,155881396122.0
2019-06-01,Z304HES6,ST4000DM000,4000787030016,0,114.0,63246744.0,92.0,0.0,100.0,11.0,100.0,0.0,87.0,542594146.0,65.0,31248.0,100.0,0.0,100.0,11.0,100.0,0.0,100.0,0.0,100.0,0.0,100.0,0.0,100.0,0.0,76.0,24.0,100.0,0.0,100.0,1.0,93.0,14473.0,24.0,24.0,100.0,0.0,100.0,0.0,200.0,0.0,100.0,31114.0,100.0,49209850752.0,100.0,155967820510.0
2019-06-02,Z304HES6,ST4000DM000,4000787030016,0,120.0,236185264.0,92.0,0.0,100.0,11.0,100.0,0.0,87.0,543763051.0,65.0,31272.0,100.0,0.0,100.0,11.0,100.0,0.0,100.0,0.0,100.0,0.0,100.0,0.0,100.0,0.0,76.0,24.0,100.0,0.0,100.0,1.0,93.0,14473.0,24.0,24.0,100.0,0.0,100.0,0.0,200.0,0.0,100.0,31138.0,100.0,49228029960.0,100.0,156094621942.0
2019-06-03,Z304HES6,ST4000DM000,4000787030016,0,112.0,43038920.0,92.0,0.0,100.0,11.0,100.0,0.0,87.0,544725236.0,65.0,31296.0,100.0,0.0,100.0,11.0,100.0,0.0,100.0,0.0,100.0,0.0,100.0,0.0,100.0,0.0,77.0,23.0,100.0,0.0,100.0,1.0,93.0,14473.0,23.0,23.0,100.0,0.0,100.0,0.0,200.0,0.0,100.0,31162.0,100.0,49244061456.0,100.0,156204900817.0
2019-06-04,Z304HES6,ST4000DM000,4000787030016,0,114.0,68064560.0,92.0,0.0,100.0,11.0,100.0,0.0,87.0,546830754.0,65.0,31321.0,100.0,0.0,100.0,11.0,100.0,0.0,100.0,0.0,100.0,0.0,100.0,0.0,100.0,0.0,77.0,23.0,100.0,0.0,100.0,1.0,93.0,14473.0,23.0,23.0,100.0,0.0,100.0,0.0,200.0,0.0,100.0,31186.0,100.0,49273683784.0,100.0,156317221384.0
2019-06-05,Z304HES6,ST4000DM000,4000787030016,0,120.0,243129208.0,92.0,0.0,100.0,11.0,100.0,0.0,87.0,548051688.0,65.0,31344.0,100.0,0.0,100.0,11.0,100.0,0.0,100.0,0.0,100.0,0.0,100.0,0.0,100.0,0.0,77.0,23.0,100.0,0.0,100.0,1.0,93.0,14473.0,23.0,23.0,100.0,0.0,100.0,0.0,200.0,0.0,100.0,31210.0,100.0,49294620616.0,100.0,156439909150.0
2019-06-06,Z304HES6,ST4000DM000,4000787030016,0,113.0,54747568.0,92.0,0.0,100.0,11.0,100.0,0.0,87.0,549226786.0,65.0,31369.0,100.0,0.0,100.0,11.0,100.0,0.0,100.0,0.0,100.0,0.0,100.0,0.0,100.0,0.0,77.0,23.0,100.0,0.0,100.0,1.0,93.0,14473.0,23.0,23.0,100.0,0.0,100.0,0.0,200.0,0.0,100.0,31234.0,100.0,49309785392.0,100.0,156546829810.0
2019-06-07,Z304HES6,ST4000DM000,4000787030016,0,117.0,121710136.0,92.0,0.0,100.0,11.0,100.0,0.0,87.0,550800220.0,65.0,31393.0,100.0,0.0,100.0,11.0,100.0,0.0,100.0,0.0,100.0,0.0,100.0,0.0,100.0,0.0,77.0,23.0,100.0,0.0,100.0,1.0,93.0,14473.0,23.0,23.0,100.0,0.0,100.0,0.0,200.0,0.0,100.0,31258.0,100.0,49326912480.0,100.0,156623175284.0
2019-06-08,Z304HES6,ST4000DM000,4000787030016,0,117.0,136575816.0,92.0,0.0,100.0,11.0,100.0,0.0,87.0,551543394.0,65.0,31417.0,100.0,0.0,100.0,11.0,100.0,0.0,100.0,0.0,100.0,0.0,100.0,0.0,100.0,0.0,77.0,23.0,100.0,0.0,100.0,1.0,93.0,14473.0,23.0,23.0,100.0,0.0,100.0,0.0,200.0,0.0,100.0,31282.0,100.0,49343899648.0,100.0,156689871928.0
2019-06-09,Z304HES6,ST4000DM000,4000787030016,0,114.0,70164696.0,92.0,0.0,100.0,11.0,100.0,0.0,87.0,552369576.0,65.0,31441.0,100.0,0.0,100.0,11.0,100.0,0.0,100.0,0.0,100.0,0.0,100.0,0.0,100.0,0.0,77.0,23.0,100.0,0.0,100.0,1.0,93.0,14473.0,23.0,23.0,100.0,0.0,100.0,0.0,200.0,0.0,100.0,31306.0,100.0,49359890272.0,100.0,156765646338.0
2019-06-10,Z304HES6,ST4000DM000,4000787030016,0,120.0,240754520.0,92.0,0.0,100.0,11.0,100.0,0.0,87.0,552995051.0,65.0,31465.0,100.0,0.0,100.0,11.0,100.0,0.0,100.0,0.0,100.0,0.0,100.0,0.0,100.0,0.0,77.0,23.0,100.0,0.0,100.0,1.0,93.0,14473.0,23.0,23.0,100.0,0.0,100.0,0.0,200.0,0.0,100.0,31330.0,100.0,49373175456.0,100.0,156833128249.0
2019-06-11,Z304HES6,ST4000DM000,4000787030016,0,112.0,43873816.0,92.0,0.0,100.0,11.0,100.0,0.0,87.0,554952087.0,65.0,31489.0,100.0,0.0,100.0,11.0,100.0,0.0,100.0,0.0,100.0,0.0,100.0,0.0,100.0,0.0,77.0,23.0,100.0,0.0,100.0,1.0,93.0,14473.0,23.0,23.0,100.0,0.0,100.0,0.0,200.0,0.0,100.0,31354.0,100.0,49393872144.0,100.0,156953347333.0
2019-06-12,Z304HES6,ST4000DM000,4000787030016,0,117.0,129170544.0,92.0,0.0,100.0,11.0,100.0,0.0,87.0,555974701.0,65.0,31513.0,100.0,0.0,100.0,11.0,100.0,0.0,100.0,0.0,100.0,0.0,100.0,0.0,100.0,0.0,76.0,24.0,100.0,0.0,100.0,1.0,93.0,14473.0,24.0,24.0,100.0,0.0,100.0,0.0,200.0,0.0,100.0,31378.0,100.0,49407547576.0,100.0,157068373870.0
2019-06-13,Z304HES6,ST4000DM000,4000787030016,0,119.0,209853368.0,92.0,0.0,100.0,11.0,100.0,0.0,87.0,557672483.0,64.0,31537.0,100.0,0.0,100.0,11.0,100.0,0.0,100.0,0.0,100.0,0.0,100.0,0.0,100.0,0.0,77.0,23.0,100.0,0.0,100.0,1.0,93.0,14473.0,23.0,23.0,100.0,0.0,100.0,0.0,200.0,0.0,100.0,31402.0,100.0,49428060904.0,100.0,157185038598.0
2019-06-14,Z304HES6,ST4000DM000,4000787030016,0,116.0,104079376.0,92.0,0.0,100.0,11.0,100.0,0.0,87.0,559415981.0,64.0,31561.0,100.0,0.0,100.0,11.0,100.0,0.0,100.0,0.0,100.0,0.0,100.0,0.0,100.0,0.0,77.0,23.0,100.0,0.0,100.0,1.0,93.0,14473.0,23.0,23.0,100.0,0.0,100.0,0.0,200.0,0.0,100.0,31426.0,100.0,49445339072.0,100.0,157272486618.0
2019-06-15,Z304HES6,ST4000DM000,4000787030016,0,115.0,84612520.0,92.0,0.0,100.0,11.0,100.0,0.0,87.0,560530593.0,64.0,31585.0,100.0,0.0,100.0,11.0,100.0,0.0,100.0,0.0,100.0,0.0,100.0,0.0,100.0,0.0,77.0,23.0,100.0,0.0,100.0,1.0,93.0,14473.0,23.0,23.0,100.0,0.0,100.0,0.0,200.0,0.0,100.0,31450.0,100.0,49460724352.0,100.0,157375950747.0
2019-06-16,Z304HES6,ST4000DM000,4000787030016,0,115.0,100620448.0,92.0,0.0,100.0,11.0,100.0,0.0,87.0,562843700.0,64.0,31609.0,100.0,0.0,100.0,11.0,100.0,0.0,100.0,0.0,100.0,0.0,100.0,0.0,100.0,0.0,77.0,23.0,100.0,0.0,100.0,1.0,93.0,14473.0,23.0,23.0,100.0,0.0,100.0,0.0,200.0,0.0,100.0,31474.0,100.0,49484879912.0,100.0,157493515128.0
2019-06-17,Z304HES6,ST4000DM000,4000787030016,0,118.0,200467432.0,92.0,0.0,100.0,11.0,100.0,0.0,87.0,563986183.0,64.0,31633.0,100.0,0.0,100.0,11.0,100.0,0.0,100.0,0.0,100.0,0.0,100.0,0.0,100.0,0.0,77.0,23.0,100.0,0.0,100.0,1.0,93.0,14473.0,23.0,23.0,100.0,0.0,100.0,0.0,200.0,0.0,100.0,31498.0,100.0,49500909064.0,100.0,157655443372.0
2019-06-18,Z304HES6,ST4000DM000,4000787030016,0,116.0,109315752.0,92.0,0.0,100.0,11.0,100.0,0.0,87.0,566186424.0,64.0,31657.0,100.0,0.0,100.0,11.0,100.0,0.0,100.0,0.0,100.0,0.0,100.0,0.0,100.0,0.0,77.0,23.0,100.0,0.0,100.0,1.0,93.0,14473.0,23.0,23.0,100.0,0.0,100.0,0.0,200.0,0.0,100.0,31522.0,100.0,49528699968.0,100.0,157806648858.0
2019-06-19,Z304HES6,ST4000DM000,4000787030016,0,115.0,88516376.0,92.0,0.0,100.0,11.0,100.0,0.0,87.0,566874473.0,64.0,31681.0,100.0,0.0,100.0,11.0,100.0,0.0,100.0,0.0,100.0,0.0,100.0,0.0,100.0,0.0,78.0,22.0,100.0,0.0,100.0,1.0,93.0,14473.0,22.0,22.0,100.0,0.0,100.0,0.0,200.0,0.0,100.0,31546.0,100.0,49549866656.0,100.0,157890025375.0
2019-06-20,Z304HES6,ST4000DM000,4000787030016,0,115.0,93119040.0,92.0,0.0,100.0,11.0,100.0,0.0,87.0,568256843.0,64.0,31705.0,100.0,0.0,100.0,11.0,100.0,0.0,100.0,0.0,100.0,0.0,100.0,0.0,100.0,0.0,77.0,23.0,100.0,0.0,100.0,1.0,93.0,14473.0,23.0,23.0,100.0,0.0,100.0,0.0,200.0,0.0,100.0,31570.0,100.0,49565989888.0,100.0,158022957279.0
2019-06-21,Z304HES6,ST4000DM000,4000787030016,0,117.0,153397352.0,92.0,0.0,100.0,11.0,100.0,0.0,87.0,569516642.0,64.0,31729.0,100.0,0.0,100.0,11.0,100.0,0.0,100.0,0.0,100.0,0.0,100.0,0.0,100.0,0.0,77.0,23.0,100.0,0.0,100.0,1.0,93.0,14473.0,23.0,23.0,100.0,0.0,100.0,0.0,200.0,0.0,100.0,31594.0,100.0,49583405176.0,100.0,158085825036.0
2019-06-22,Z304HES6,ST4000DM000,4000787030016,0,106.0,11643696.0,92.0,0.0,100.0,11.0,100.0,0.0,87.0,570347520.0,64.0,31753.0,100.0,0.0,100.0,11.0,100.0,0.0,100.0,0.0,100.0,0.0,100.0,0.0,100.0,0.0,77.0,23.0,100.0,0.0,100.0,1.0,93.0,14473.0,23.0,23.0,100.0,0.0,100.0,0.0,200.0,0.0,100.0,31618.0,100.0,49603746872.0,100.0,158199474380.0
2019-06-23,Z304HES6,ST4000DM000,4000787030016,0,119.0,217690008.0,92.0,0.0,100.0,11.0,100.0,0.0,87.0,571107221.0,64.0,31777.0,100.0,0.0,100.0,11.0,100.0,0.0,100.0,0.0,100.0,0.0,100.0,0.0,100.0,0.0,78.0,22.0,100.0,0.0,100.0,1.0,93.0,14473.0,22.0,22.0,100.0,0.0,100.0,0.0,200.0,0.0,100.0,31642.0,100.0,49619228600.0,100.0,158289320046.0
2019-06-24,Z304HES6,ST4000DM000,4000787030016,0,117.0,146319288.0,92.0,0.0,100.0,11.0,100.0,0.0,87.0,572033642.0,64.0,31801.0,100.0,0.0,100.0,11.0,100.0,0.0,100.0,0.0,100.0,0.0,100.0,0.0,100.0,0.0,77.0,23.0,100.0,0.0,100.0,1.0,93.0,14473.0,23.0,23.0,100.0,0.0,100.0,0.0,200.0,0.0,100.0,31666.0,100.0,49629060488.0,100.0,158431351232.0
2019-06-25,Z304HES6,ST4000DM000,4000787030016,0,119.0,213389664.0,92.0,0.0,100.0,11.0,100.0,0.0,87.0,574303018.0,64.0,31825.0,100.0,0.0,100.0,11.0,100.0,0.0,100.0,0.0,100.0,0.0,100.0,0.0,100.0,0.0,77.0,23.0,100.0,0.0,100.0,1.0,93.0,14473.0,23.0,23.0,100.0,0.0,100.0,0.0,200.0,0.0,100.0,31690.0,100.0,49652609832.0,100.0,158578977329.0
2019-06-26,Z304HES6,ST4000DM000,4000787030016,0,119.0,207417096.0,92.0,0.0,100.0,11.0,100.0,0.0,87.0,575280726.0,64.0,31849.0,100.0,0.0,100.0,11.0,100.0,0.0,100.0,0.0,100.0,0.0,100.0,0.0,100.0,0.0,78.0,22.0,100.0,0.0,100.0,1.0,93.0,14473.0,22.0,22.0,100.0,0.0,100.0,0.0,200.0,0.0,100.0,31714.0,100.0,49664999112.0,100.0,158687205242.0
2019-06-27,Z304HES6,ST4000DM000,4000787030016,0,118.0,187240304.0,92.0,0.0,100.0,11.0,100.0,0.0,87.0,576898847.0,64.0,31872.0,100.0,0.0,100.0,11.0,100.0,0.0,100.0,0.0,100.0,0.0,100.0,0.0,100.0,0.0,78.0,22.0,100.0,0.0,100.0,1.0,93.0,14473.0,22.0,22.0,100.0,0.0,100.0,0.0,200.0,0.0,100.0,31738.0,100.0,49682439296.0,100.0,158862812713.0
2019-06-28,Z304HES6,ST4000DM000,4000787030016,0,114.0,69980472.0,92.0,0.0,100.0,11.0,100.0,0.0,87.0,579280841.0,64.0,31896.0,100.0,0.0,100.0,11.0,100.0,0.0,100.0,0.0,100.0,0.0,100.0,0.0,100.0,0.0,78.0,22.0,100.0,0.0,100.0,1.0,93.0,14473.0,22.0,22.0,100.0,0.0,100.0,0.0,200.0,0.0,100.0,31762.0,100.0,49704649040.0,100.0,158984512353.0
2019-06-29,Z304HES6,ST4000DM000,4000787030016,0,117.0,158354976.0,92.0,0.0,100.0,11.0,100.0,0.0,87.0,580390659.0,64.0,31920.0,100.0,0.0,100.0,11.0,100.0,0.0,100.0,0.0,100.0,0.0,100.0,0.0,100.0,0.0,78.0,22.0,100.0,0.0,100.0,1.0,93.0,14473.0,22.0,22.0,100.0,0.0,100.0,0.0,200.0,0.0,100.0,31786.0,100.0,49723838360.0,100.0,159124178316.0
2019-06-30,Z304HES6,ST4000DM000,4000787030016,0,116.0,110362424.0,92.0,0.0,100.0,11.0,100.0,0.0,87.0,581239344.0,64.0,31944.0,100.0,0.0,100.0,11.0,100.0,0.0,100.0,0.0,100.0,0.0,100.0,0.0,100.0,0.0,78.0,22.0,100.0,0.0,100.0,1.0,93.0,14473.0,22.0,22.0,100.0,0.0,100.0,0.0,200.0,0.0,100.0,31810.0,100.0,49737221704.0,100.0,159301392000.0
2019-07-01,Z304HES6,ST4000DM000,4000787030016,0,112.0,46832488.0,92.0,0.0,100.0,11.0,100.0,0.0,87.0,582034548.0,64.0,31968.0,100.0,0.0,100.0,11.0,100.0,0.0,100.0,0.0,100.0,0.0,100.0,0.0,100.0,0.0,78.0,22.0,100.0,0.0,100.0,1.0,93.0,14473.0,22.0,22.0,100.0,0.0,100.0,0.0,200.0,0.0,100.0,31834.0,100.0,49754074200.0,100.0,159548178954.0
2019-07-02,Z304HES6,ST4000DM000,4000787030016,0,117.0,123884328.0,92.0,0.0,100.0,11.0,100.0,0.0,87.0,584104345.0,64.0,31992.0,100.0,0.0,100.0,11.0,100.0,0.0,100.0,0.0,100.0,0.0,100.0,0.0,100.0,0.0,78.0,22.0,100.0,0.0,100.0,1.0,93.0,14473.0,22.0,22.0,100.0,0.0,100.0,0.0,200.0,0.0,100.0,31857.0,100.0,49774722640.0,100.0,159803373113.0
2019-07-03,Z304HES6,ST4000DM000,4000787030016,0,112.0,46817264.0,92.0,0.0,100.0,11.0,100.0,0.0,87.0,585068064.0,64.0,32016.0,100.0,0.0,100.0,11.0,100.0,0.0,100.0,0.0,100.0,0.0,100.0,0.0,100.0,0.0,78.0,22.0,100.0,0.0,100.0,1.0,93.0,14473.0,22.0,22.0,100.0,0.0,100.0,0.0,200.0,0.0,100.0,31881.0,100.0,49797579848.0,100.0,160061237450.0
2019-07-04,Z304HES6,ST4000DM000,4000787030016,0,106.0,11352888.0,92.0,0.0,100.0,11.0,100.0,0.0,87.0,586995880.0,64.0,32040.0,100.0,0.0,100.0,11.0,100.0,0.0,100.0,0.0,100.0,0.0,100.0,0.0,100.0,0.0,78.0,22.0,100.0,0.0,100.0,1.0,93.0,14473.0,22.0,22.0,100.0,0.0,100.0,0.0,200.0,0.0,100.0,31905.0,100.0,49819593320.0,100.0,160359152300.0
2019-07-05,Z304HES6,ST4000DM000,4000787030016,0,119.0,1837928.0,92.0,0.0,100.0,11.0,100.0,0.0,87.0,589180271.0,64.0,32064.0,100.0,0.0,100.0,11.0,100.0,0.0,100.0,0.0,100.0,0.0,100.0,0.0,100.0,0.0,77.0,23.0,100.0,0.0,100.0,1.0,93.0,14473.0,23.0,23.0,100.0,0.0,100.0,0.0,200.0,0.0,100.0,31929.0,100.0,49840293840.0,100.0,160569992785.0
2019-07-06,Z304HES6,ST4000DM000,4000787030016,0,116.0,115057912.0,92.0,0.0,100.0,11.0,100.0,0.0,87.0,591417375.0,64.0,32088.0,100.0,0.0,100.0,11.0,100.0,0.0,100.0,0.0,100.0,0.0,100.0,0.0,100.0,0.0,77.0,23.0,100.0,0.0,100.0,1.0,93.0,14473.0,23.0,23.0,100.0,0.0,100.0,0.0,200.0,0.0,100.0,31953.0,100.0,49858438704.0,100.0,160835887861.0
2019-07-07,Z304HES6,ST4000DM000,4000787030016,0,119.0,203620296.0,92.0,0.0,100.0,11.0,100.0,0.0,87.0,592997012.0,64.0,32111.0,100.0,0.0,100.0,11.0,100.0,0.0,100.0,0.0,100.0,0.0,100.0,0.0,100.0,0.0,77.0,23.0,100.0,0.0,100.0,1.0,93.0,14473.0,23.0,23.0,100.0,0.0,100.0,0.0,200.0,0.0,100.0,31977.0,100.0,49883781640.0,100.0,161058194716.0
2019-07-08,Z304HES6,ST4000DM000,4000787030016,0,117.0,166113392.0,92.0,0.0,100.0,11.0,100.0,0.0,87.0,594381862.0,64.0,32135.0,100.0,0.0,100.0,11.0,100.0,0.0,100.0,0.0,100.0,0.0,100.0,0.0,100.0,0.0,78.0,22.0,100.0,0.0,100.0,1.0,93.0,14473.0,22.0,22.0,100.0,0.0,100.0,0.0,200.0,0.0,100.0,32001.0,100.0,49905535200.0,100.0,161247474217.0
2019-07-09,Z304HES6,ST4000DM000,4000787030016,0,114.0,59716536.0,92.0,0.0,100.0,11.0,100.0,0.0,87.0,597440504.0,64.0,32159.0,100.0,0.0,100.0,11.0,100.0,0.0,100.0,0.0,100.0,0.0,100.0,0.0,100.0,0.0,77.0,23.0,100.0,0.0,100.0,1.0,93.0,14473.0,23.0,23.0,100.0,0.0,100.0,0.0,200.0,0.0,100.0,32025.0,100.0,49944539952.0,100.0,161372095499.0
2019-07-10,Z304HES6,ST4000DM000,4000787030016,0,115.0,90836008.0,92.0,0.0,100.0,11.0,100.0,0.0,87.0,599578825.0,64.0,32183.0,100.0,0.0,100.0,11.0,100.0,0.0,100.0,0.0,100.0,0.0,100.0,0.0,100.0,0.0,78.0,22.0,100.0,0.0,100.0,1.0,93.0,14473.0,22.0,22.0,100.0,0.0,100.0,0.0,200.0,0.0,100.0,32049.0,100.0,49968614928.0,100.0,161571975887.0
2019-07-11,Z304HES6,ST4000DM000,4000787030016,0,114.0,81441656.0,92.0,0.0,100.0,11.0,100.0,0.0,87.0,601136217.0,64.0,32207.0,100.0,0.0,100.0,11.0,100.0,0.0,100.0,0.0,100.0,0.0,100.0,0.0,100.0,0.0,77.0,23.0,100.0,0.0,100.0,1.0,93.0,14473.0,23.0,23.0,100.0,0.0,100.0,0.0,200.0,0.0,100.0,32073.0,100.0,49983871760.0,100.0,161763362055.0
2019-07-12,Z304HES6,ST4000DM000,4000787030016,0,119.0,232666216.0,92.0,0.0,100.0,11.0,100.0,0.0,87.0,603188866.0,64.0,32231.0,100.0,0.0,100.0,11.0,100.0,0.0,100.0,0.0,100.0,0.0,100.0,0.0,100.0,0.0,77.0,23.0,100.0,0.0,100.0,1.0,93.0,14473.0,23.0,23.0,100.0,0.0,100.0,0.0,200.0,0.0,100.0,32097.0,100.0,50005941288.0,100.0,161925203831.0
2019-07-13,Z304HES6,ST4000DM000,4000787030016,0,117.0,123603904.0,92.0,0.0,100.0,11.0,100.0,0.0,87.0,604898958.0,64.0,32255.0,100.0,0.0,100.0,11.0,100.0,0.0,100.0,0.0,100.0,0.0,100.0,0.0,100.0,0.0,77.0,23.0,100.0,0.0,100.0,1.0,93.0,14473.0,23.0,23.0,100.0,0.0,100.0,0.0,200.0,0.0,100.0,32121.0,100.0,50025394472.0,100.0,162159726538.0
2019-07-14,Z304HES6,ST4000DM000,4000787030016,0,111.0,35534472.0,92.0,0.0,100.0,11.0,100.0,0.0,87.0,606581083.0,64.0,32279.0,100.0,0.0,100.0,11.0,100.0,0.0,100.0,0.0,100.0,0.0,100.0,0.0,100.0,0.0,77.0,23.0,100.0,0.0,100.0,1.0,93.0,14473.0,23.0,23.0,100.0,0.0,100.0,0.0,200.0,0.0,100.0,32145.0,100.0,50043546904.0,100.0,162405921136.0
2019-07-15,Z304HES6,ST4000DM000,4000787030016,0,111.0,39417872.0,92.0,0.0,100.0,11.0,100.0,0.0,87.0,608103031.0,64.0,32303.0,100.0,0.0,100.0,11.0,100.0,0.0,100.0,0.0,100.0,0.0,100.0,0.0,100.0,0.0,76.0,24.0,100.0,0.0,100.0,1.0,93.0,14473.0,24.0,24.0,100.0,0.0,100.0,0.0,200.0,0.0,100.0,32169.0,100.0,50065714200.0,100.0,162574643347.0
2019-07-16,Z304HES6,ST4000DM000,4000787030016,0,116.0,115225760.0,92.0,0.0,100.0,11.0,100.0,0.0,87.0,610875204.0,64.0,32327.0,100.0,0.0,100.0,11.0,100.0,0.0,100.0,0.0,100.0,0.0,100.0,0.0,100.0,0.0,78.0,22.0,100.0,0.0,100.0,1.0,93.0,14473.0,22.0,22.0,100.0,0.0,100.0,0.0,200.0,0.0,100.0,32193.0,100.0,50097301256.0,100.0,162765299965.0
2019-07-17,Z304HES6,ST4000DM000,4000787030016,0,119.0,234371128.0,92.0,0.0,100.0,11.0,100.0,0.0,87.0,612343554.0,64.0,32351.0,100.0,0.0,100.0,11.0,100.0,0.0,100.0,0.0,100.0,0.0,100.0,0.0,100.0,0.0,77.0,23.0,100.0,0.0,100.0,1.0,93.0,14473.0,23.0,23.0,100.0,0.0,100.0,0.0,200.0,0.0,100.0,32217.0,100.0,50115635104.0,100.0,162935220624.0
2019-07-18,Z304HES6,ST4000DM000,4000787030016,0,111.0,32493408.0,92.0,0.0,100.0,11.0,100.0,0.0,87.0,614178147.0,64.0,32375.0,100.0,0.0,100.0,11.0,100.0,0.0,100.0,0.0,100.0,0.0,100.0,0.0,100.0,0.0,77.0,23.0,100.0,0.0,100.0,1.0,93.0,14473.0,23.0,23.0,100.0,0.0,100.0,0.0,200.0,0.0,100.0,32241.0,100.0,50133875896.0,100.0,163150772620.0
2019-07-19,Z304HES6,ST4000DM000,4000787030016,0,117.0,147341920.0,92.0,0.0,100.0,11.0,100.0,0.0,87.0,615892275.0,64.0,32399.0,100.0,0.0,100.0,11.0,100.0,0.0,100.0,0.0,100.0,0.0,100.0,0.0,100.0,0.0,78.0,22.0,100.0,0.0,100.0,1.0,93.0,14473.0,22.0,22.0,100.0,0.0,100.0,0.0,200.0,0.0,100.0,32264.0,100.0,50159969488.0,100.0,163247289460.0
2019-07-20,Z304HES6,ST4000DM000,4000787030016,0,119.0,231215664.0,92.0,0.0,100.0,11.0,100.0,0.0,87.0,617525349.0,63.0,32423.0,100.0,0.0,100.0,11.0,100.0,0.0,100.0,0.0,100.0,0.0,100.0,0.0,100.0,0.0,78.0,22.0,100.0,0.0,100.0,1.0,93.0,14473.0,22.0,22.0,100.0,0.0,100.0,0.0,200.0,0.0,100.0,32288.0,100.0,50179987144.0,100.0,163442181541.0
2019-07-21,Z304HES6,ST4000DM000,4000787030016,0,119.0,202311528.0,92.0,0.0,100.0,11.0,100.0,0.0,87.0,618805726.0,63.0,32447.0,100.0,0.0,100.0,11.0,100.0,0.0,100.0,0.0,100.0,0.0,100.0,0.0,100.0,0.0,78.0,22.0,100.0,0.0,100.0,1.0,93.0,14473.0,22.0,22.0,100.0,0.0,100.0,0.0,200.0,0.0,100.0,32312.0,100.0,50201553624.0,100.0,163573768847.0
2019-07-22,Z304HES6,ST4000DM000,4000787030016,0,117.0,123203960.0,92.0,0.0,100.0,11.0,100.0,0.0,87.0,619734511.0,63.0,32471.0,100.0,0.0,100.0,11.0,100.0,0.0,100.0,0.0,100.0,0.0,100.0,0.0,100.0,0.0,78.0,22.0,100.0,0.0,100.0,1.0,93.0,14473.0,22.0,22.0,100.0,0.0,100.0,0.0,200.0,0.0,100.0,32336.0,100.0,50214638272.0,100.0,163691360691.0
2019-07-23,Z304HES6,ST4000DM000,4000787030016,0,117.0,163894032.0,92.0,0.0,100.0,11.0,100.0,0.0,87.0,622632200.0,63.0,32495.0,100.0,0.0,100.0,11.0,100.0,0.0,100.0,0.0,100.0,0.0,100.0,0.0,100.0,0.0,77.0,23.0,100.0,0.0,100.0,1.0,93.0,14473.0,23.0,23.0,100.0,0.0,100.0,0.0,200.0,0.0,100.0,32360.0,100.0,50241281256.0,100.0,163916861727.0
2019-07-24,Z304HES6,ST4000DM000,4000787030016,0,115.0,87172024.0,92.0,0.0,100.0,11.0,100.0,0.0,87.0,624990802.0,63.0,32518.0,100.0,0.0,100.0,11.0,100.0,0.0,100.0,0.0,100.0,0.0,100.0,0.0,100.0,0.0,77.0,23.0,100.0,0.0,100.0,1.0,93.0,14473.0,23.0,23.0,100.0,0.0,100.0,0.0,200.0,0.0,100.0,32384.0,100.0,50265351432.0,100.0,164109062959.0
2019-07-25,Z304HES6,ST4000DM000,4000787030016,0,113.0,52188760.0,92.0,0.0,100.0,11.0,100.0,0.0,87.0,626230797.0,63.0,32542.0,100.0,0.0,100.0,11.0,100.0,0.0,100.0,0.0,100.0,0.0,100.0,0.0,100.0,0.0,77.0,23.0,100.0,0.0,100.0,1.0,93.0,14473.0,23.0,23.0,100.0,0.0,100.0,0.0,200.0,0.0,100.0,32408.0,100.0,50285115664.0,100.0,164312929155.0
2019-07-26,Z304HES6,ST4000DM000,4000787030016,0,119.0,226702784.0,92.0,0.0,100.0,11.0,100.0,0.0,87.0,628878035.0,63.0,32566.0,100.0,0.0,100.0,11.0,100.0,0.0,100.0,0.0,100.0,0.0,100.0,0.0,100.0,0.0,77.0,23.0,100.0,0.0,100.0,1.0,93.0,14473.0,23.0,23.0,100.0,0.0,100.0,0.0,200.0,0.0,100.0,32432.0,100.0,50305445608.0,100.0,164467488162.0
2019-07-27,Z304HES6,ST4000DM000,4000787030016,0,114.0,69465088.0,92.0,0.0,100.0,11.0,100.0,0.0,87.0,630298728.0,63.0,32590.0,100.0,0.0,100.0,11.0,100.0,0.0,100.0,0.0,100.0,0.0,100.0,0.0,100.0,0.0,77.0,23.0,100.0,0.0,100.0,1.0,93.0,14473.0,23.0,23.0,100.0,0.0,100.0,0.0,200.0,0.0,100.0,32456.0,100.0,50326942864.0,100.0,164700474621.0
2019-07-28,Z304HES6,ST4000DM000,4000787030016,0,117.0,121195584.0,92.0,0.0,100.0,11.0,100.0,0.0,87.0,631494405.0,63.0,32614.0,100.0,0.0,100.0,11.0,100.0,0.0,100.0,0.0,100.0,0.0,100.0,0.0,100.0,0.0,78.0,22.0,100.0,0.0,100.0,1.0,93.0,14473.0,22.0,22.0,100.0,0.0,100.0,0.0,200.0,0.0,100.0,32480.0,100.0,50338315880.0,100.0,164897852729.0
2019-07-29,Z304HES6,ST4000DM000,4000787030016,0,118.0,182472448.0,92.0,0.0,100.0,11.0,100.0,0.0,87.0,632833450.0,63.0,32638.0,100.0,0.0,100.0,11.0,100.0,0.0,100.0,0.0,100.0,0.0,100.0,0.0,100.0,0.0,77.0,23.0,100.0,0.0,100.0,1.0,93.0,14473.0,23.0,23.0,100.0,0.0,100.0,0.0,200.0,0.0,100.0,32504.0,100.0,50360034736.0,100.0,165122002415.0
2019-07-30,Z304HES6,ST4000DM000,4000787030016,0,117.0,122152760.0,92.0,0.0,100.0,11.0,100.0,0.0,87.0,635564688.0,63.0,32662.0,100.0,0.0,100.0,11.0,100.0,0.0,100.0,0.0,100.0,0.0,100.0,0.0,100.0,0.0,77.0,23.0,100.0,0.0,100.0,1.0,93.0,14473.0,23.0,23.0,100.0,0.0,100.0,0.0,200.0,0.0,100.0,32527.0,100.0,50380374808.0,100.0,165324252130.0
2019-07-31,Z304HES6,ST4000DM000,4000787030016,0,117.0,165536768.0,92.0,0.0,100.0,11.0,100.0,0.0,87.0,636970546.0,63.0,32686.0,100.0,0.0,100.0,11.0,100.0,0.0,100.0,0.0,100.0,0.0,100.0,0.0,100.0,0.0,78.0,22.0,100.0,0.0,100.0,1.0,93.0,14473.0,22.0,22.0,100.0,0.0,100.0,0.0,200.0,0.0,100.0,32551.0,100.0,50396704280.0,100.0,165520502884.0
2019-08-01,Z304HES6,ST4000DM000,4000787030016,0,118.0,194474720.0,92.0,0.0,100.0,11.0,100.0,0.0,87.0,638587024.0,63.0,32710.0,100.0,0.0,100.0,11.0,100.0,0.0,100.0,0.0,100.0,0.0,100.0,0.0,100.0,0.0,78.0,22.0,100.0,0.0,100.0,1.0,93.0,14473.0,22.0,22.0,100.0,0.0,100.0,0.0,200.0,0.0,100.0,32575.0,100.0,50421194040.0,100.0,165730148454.0
2019-08-02,Z304HES6,ST4000DM000,4000787030016,0,116.0,114202200.0,92.0,0.0,100.0,11.0,100.0,0.0,87.0,640376045.0,63.0,32734.0,100.0,0.0,100.0,11.0,100.0,0.0,100.0,0.0,100.0,0.0,100.0,0.0,100.0,0.0,78.0,22.0,100.0,0.0,100.0,1.0,93.0,14473.0,22.0,22.0,100.0,0.0,100.0,0.0,200.0,0.0,100.0,32599.0,100.0,50439846984.0,100.0,165889130730.0
2019-08-03,Z304HES6,ST4000DM000,4000787030016,0,108.0,20836792.0,92.0,0.0,100.0,11.0,100.0,0.0,87.0,641440434.0,63.0,32758.0,100.0,0.0,100.0,11.0,100.0,0.0,100.0,0.0,100.0,0.0,100.0,0.0,100.0,0.0,78.0,22.0,100.0,0.0,100.0,1.0,93.0,14473.0,22.0,22.0,100.0,0.0,100.0,0.0,200.0,0.0,100.0,32623.0,100.0,50454383352.0,100.0,166233127448.0
2019-08-04,Z304HES6,ST4000DM000,4000787030016,0,117.0,128011824.0,92.0,0.0,100.0,11.0,100.0,0.0,87.0,642492531.0,63.0,32781.0,100.0,0.0,100.0,11.0,100.0,0.0,100.0,0.0,100.0,0.0,100.0,0.0,100.0,0.0,78.0,22.0,100.0,0.0,100.0,1.0,93.0,14473.0,22.0,22.0,100.0,0.0,100.0,0.0,200.0,0.0,100.0,32647.0,100.0,50487386448.0,100.0,166543639312.0
2019-08-05,Z304HES6,ST4000DM000,4000787030016,0,117.0,157786104.0,92.0,0.0,100.0,11.0,100.0,0.0,87.0,644523854.0,63.0,32805.0,100.0,0.0,100.0,11.0,100.0,0.0,100.0,0.0,100.0,0.0,100.0,0.0,100.0,0.0,78.0,22.0,100.0,0.0,100.0,1.0,93.0,14473.0,22.0,22.0,100.0,0.0,100.0,0.0,200.0,0.0,100.0,32671.0,100.0,50503951776.0,100.0,166955477645.0
2019-08-06,Z304HES6,ST4000DM000,4000787030016,0,117.0,135799056.0,92.0,0.0,100.0,11.0,100.0,0.0,87.0,648136331.0,63.0,32829.0,100.0,0.0,100.0,11.0,100.0,0.0,100.0,0.0,100.0,0.0,100.0,0.0,100.0,0.0,78.0,22.0,100.0,0.0,100.0,1.0,93.0,14473.0,22.0,22.0,100.0,0.0,100.0,0.0,200.0,0.0,100.0,32694.0,100.0,50527933088.0,100.0,167303450569.0
2019-08-07,Z304HES6,ST4000DM000,4000787030016,0,117.0,124297232.0,92.0,0.0,100.0,11.0,100.0,0.0,87.0,650408334.0,63.0,32853.0,100.0,0.0,100.0,11.0,100.0,0.0,100.0,0.0,100.0,0.0,100.0,0.0,100.0,0.0,78.0,22.0,100.0,0.0,100.0,1.0,93.0,14473.0,22.0,22.0,100.0,0.0,100.0,0.0,200.0,0.0,100.0,32718.0,100.0,50554797624.0,100.0,167587490300.0
2019-08-08,Z304HES6,ST4000DM000,4000787030016,0,118.0,177854536.0,92.0,0.0,100.0,11.0,100.0,0.0,87.0,651974521.0,63.0,32877.0,100.0,0.0,100.0,11.0,100.0,0.0,100.0,0.0,100.0,0.0,100.0,0.0,100.0,0.0,78.0,22.0,100.0,0.0,100.0,1.0,93.0,14473.0,22.0,22.0,100.0,0.0,100.0,0.0,200.0,0.0,100.0,32742.0,100.0,50571777528.0,100.0,167819704771.0
2019-08-09,Z304HES6,ST4000DM000,4000787030016,0,118.0,174196512.0,92.0,0.0,100.0,11.0,100.0,0.0,87.0,653855135.0,63.0,32900.0,100.0,0.0,100.0,11.0,100.0,0.0,100.0,0.0,100.0,0.0,100.0,0.0,100.0,0.0,78.0,22.0,100.0,0.0,100.0,1.0,93.0,14473.0,22.0,22.0,100.0,0.0,100.0,0.0,200.0,0.0,100.0,32766.0,100.0,50600592872.0,100.0,167900798915.0
2019-08-10,Z304HES6,ST4000DM000,4000787030016,0,119.0,209922488.0,92.0,0.0,100.0,11.0,100.0,0.0,87.0,656676360.0,63.0,32924.0,100.0,0.0,100.0,11.0,100.0,0.0,100.0,0.0,100.0,0.0,100.0,0.0,100.0,0.0,78.0,22.0,100.0,0.0,100.0,1.0,93.0,14473.0,22.0,22.0,100.0,0.0,100.0,0.0,200.0,0.0,100.0,32790.0,100.0,50627017544.0,100.0,168084807720.0
2019-08-11,Z304HES6,ST4000DM000,4000787030016,0,119.0,233581192.0,92.0,0.0,100.0,11.0,100.0,0.0,87.0,658669575.0,63.0,32948.0,100.0,0.0,100.0,11.0,100.0,0.0,100.0,0.0,100.0,0.0,100.0,0.0,100.0,0.0,78.0,22.0,100.0,0.0,100.0,1.0,93.0,14473.0,22.0,22.0,100.0,0.0,100.0,0.0,200.0,0.0,100.0,32813.0,100.0,50650379152.0,100.0,168358385353.0
2019-08-12,Z304HES6,ST4000DM000,4000787030016,0,120.0,237760568.0,92.0,0.0,100.0,11.0,100.0,0.0,87.0,660299466.0,63.0,32972.0,100.0,0.0,100.0,11.0,100.0,0.0,100.0,0.0,100.0,0.0,100.0,0.0,100.0,0.0,78.0,22.0,100.0,0.0,100.0,1.0,93.0,14473.0,22.0,22.0,100.0,0.0,100.0,0.0,200.0,0.0,100.0,32837.0,100.0,50687354368.0,100.0,168579187751.0
2019-08-13,Z304HES6,ST4000DM000,4000787030016,0,115.0,98022536.0,92.0,0.0,100.0,11.0,100.0,0.0,87.0,662902794.0,63.0,32995.0,100.0,0.0,100.0,11.0,100.0,0.0,100.0,0.0,100.0,0.0,100.0,0.0,100.0,0.0,77.0,23.0,100.0,0.0,100.0,1.0,93.0,14473.0,23.0,23.0,100.0,0.0,100.0,0.0,200.0,0.0,100.0,32861.0,100.0,50708947744.0,100.0,168836445134.0
2019-08-14,Z304HES6,ST4000DM000,4000787030016,0,118.0,170170544.0,92.0,0.0,100.0,11.0,100.0,0.0,87.0,665293801.0,63.0,33031.0,100.0,0.0,100.0,11.0,100.0,0.0,100.0,0.0,100.0,0.0,100.0,0.0,100.0,0.0,79.0,21.0,100.0,0.0,100.0,1.0,93.0,14473.0,21.0,21.0,100.0,0.0,100.0,0.0,200.0,0.0,100.0,32896.0,100.0,50737194224.0,100.0,169070250256.0
2019-08-15,Z304HES6,ST4000DM000,4000787030016,0,119.0,221175984.0,92.0,0.0,100.0,11.0,100.0,0.0,87.0,667146138.0,63.0,33055.0,100.0,0.0,100.0,11.0,100.0,0.0,100.0,0.0,100.0,0.0,100.0,0.0,100.0,0.0,78.0,22.0,100.0,0.0,100.0,1.0,93.0,14473.0,22.0,22.0,100.0,0.0,100.0,0.0,200.0,0.0,100.0,32920.0,100.0,50764998192.0,100.0,169225084290.0
2019-08-16,Z304HES6,ST4000DM000,4000787030016,0,117.0,140381424.0,92.0,0.0,100.0,11.0,100.0,0.0,87.0,668943774.0,63.0,33079.0,100.0,0.0,100.0,11.0,100.0,0.0,100.0,0.0,100.0,0.0,100.0,0.0,100.0,0.0,78.0,22.0,100.0,0.0,100.0,1.0,93.0,14473.0,22.0,22.0,100.0,0.0,100.0,0.0,200.0,0.0,100.0,32944.0,100.0,50784475784.0,100.0,169387340750.0
2019-08-17,Z304HES6,ST4000DM000,4000787030016,0,114.0,59465440.0,92.0,0.0,100.0,11.0,100.0,0.0,87.0,670504739.0,63.0,33102.0,100.0,0.0,100.0,11.0,100.0,0.0,100.0,0.0,100.0,0.0,100.0,0.0,100.0,0.0,78.0,22.0,100.0,0.0,100.0,1.0,93.0,14473.0,22.0,22.0,100.0,0.0,100.0,0.0,200.0,0.0,100.0,32968.0,100.0,50807319736.0,100.0,169583666772.0
2019-08-18,Z304HES6,ST4000DM000,4000787030016,0,118.0,196960856.0,92.0,0.0,100.0,11.0,100.0,0.0,88.0,672023840.0,63.0,33126.0,100.0,0.0,100.0,11.0,100.0,0.0,100.0,0.0,100.0,0.0,100.0,0.0,100.0,0.0,78.0,22.0,100.0,0.0,100.0,1.0,93.0,14473.0,22.0,22.0,100.0,0.0,100.0,0.0,200.0,0.0,100.0,32992.0,100.0,50826480304.0,100.0,169763536605.0
2019-08-19,Z304HES6,ST4000DM000,4000787030016,0,117.0,132604096.0,92.0,0.0,100.0,11.0,100.0,0.0,88.0,673303134.0,63.0,33150.0,100.0,0.0,100.0,11.0,100.0,0.0,100.0,0.0,100.0,0.0,100.0,0.0,100.0,0.0,78.0,22.0,100.0,0.0,100.0,1.0,93.0,14473.0,22.0,22.0,100.0,0.0,100.0,0.0,200.0,0.0,100.0,33016.0,100.0,50841331056.0,100.0,169897307510.0
2019-08-20,Z304HES6,ST4000DM000,4000787030016,0,117.0,139505584.0,92.0,0.0,100.0,11.0,100.0,0.0,88.0,675734592.0,63.0,33174.0,100.0,0.0,100.0,11.0,100.0,0.0,100.0,0.0,100.0,0.0,100.0,0.0,100.0,0.0,78.0,22.0,100.0,0.0,100.0,1.0,93.0,14473.0,22.0,22.0,100.0,0.0,100.0,0.0,200.0,0.0,100.0,33040.0,100.0,50869567232.0,100.0,170019297863.0
2019-08-21,Z304HES6,ST4000DM000,4000787030016,0,109.0,23286296.0,92.0,0.0,100.0,11.0,100.0,0.0,88.0,676203912.0,63.0,33186.0,100.0,0.0,100.0,11.0,100.0,0.0,100.0,0.0,100.0,0.0,100.0,0.0,100.0,0.0,78.0,22.0,100.0,0.0,100.0,1.0,93.0,14473.0,22.0,22.0,100.0,0.0,100.0,0.0,200.0,0.0,100.0,33052.0,100.0,50877335672.0,100.0,170101525493.0
2019-08-22,Z304HES6,ST4000DM000,4000787030016,0,118.0,180815216.0,92.0,0.0,100.0,11.0,100.0,0.0,88.0,678083006.0,63.0,33210.0,100.0,0.0,100.0,11.0,100.0,0.0,100.0,0.0,100.0,0.0,100.0,0.0,100.0,0.0,78.0,22.0,100.0,0.0,100.0,1.0,93.0,14473.0,22.0,22.0,100.0,0.0,100.0,0.0,200.0,0.0,100.0,33076.0,100.0,50891869512.0,100.0,170339465438.0
2019-08-23,Z304HES6,ST4000DM000,4000787030016,0,115.0,99893296.0,92.0,0.0,100.0,11.0,100.0,0.0,88.0,680390308.0,63.0,33234.0,100.0,0.0,100.0,11.0,100.0,0.0,100.0,0.0,100.0,0.0,100.0,0.0,100.0,0.0,78.0,22.0,100.0,0.0,100.0,1.0,93.0,14473.0,22.0,22.0,100.0,0.0,100.0,0.0,200.0,0.0,100.0,33100.0,100.0,50912912384.0,100.0,170463323271.0
2019-08-24,Z304HES6,ST4000DM000,4000787030016,0,118.0,198651744.0,92.0,0.0,100.0,11.0,100.0,0.0,88.0,682256107.0,63.0,33258.0,100.0,0.0,100.0,11.0,100.0,0.0,100.0,0.0,100.0,0.0,100.0,0.0,100.0,0.0,78.0,22.0,100.0,0.0,100.0,1.0,93.0,14473.0,22.0,22.0,100.0,0.0,100.0,0.0,200.0,0.0,100.0,33124.0,100.0,50926417336.0,100.0,170645429255.0
2019-08-25,Z304HES6,ST4000DM000,4000787030016,0,116.0,111818616.0,92.0,0.0,100.0,11.0,100.0,0.0,88.0,683818781.0,63.0,33282.0,100.0,0.0,100.0,11.0,100.0,0.0,100.0,0.0,100.0,0.0,100.0,0.0,100.0,0.0,78.0,22.0,100.0,0.0,100.0,1.0,93.0,14473.0,22.0,22.0,100.0,0.0,100.0,0.0,200.0,0.0,100.0,33148.0,100.0,50948179928.0,100.0,170890778365.0
2019-08-26,Z304HES6,ST4000DM000,4000787030016,0,117.0,154542456.0,92.0,0.0,100.0,11.0,100.0,0.0,88.0,688139556.0,62.0,33330.0,100.0,0.0,100.0,11.0,100.0,0.0,100.0,0.0,100.0,0.0,100.0,0.0,100.0,0.0,78.0,22.0,100.0,0.0,100.0,1.0,93.0,14473.0,22.0,22.0,100.0,0.0,100.0,0.0,200.0,0.0,100.0,33196.0,100.0,50993695240.0,100.0,171285769646.0
2019-08-27,Z304HES6,ST4000DM000,4000787030016,0,117.0,154542456.0,92.0,0.0,100.0,11.0,100.0,0.0,88.0,688139556.0,62.0,33330.0,100.0,0.0,100.0,11.0,100.0,0.0,100.0,0.0,100.0,0.0,100.0,0.0,100.0,0.0,78.0,22.0,100.0,0.0,100.0,1.0,93.0,14473.0,22.0,22.0,100.0,0.0,100.0,0.0,200.0,0.0,100.0,33196.0,100.0,50993695240.0,100.0,171285769646.0
2019-08-28,Z304HES6,ST4000DM000,4000787030016,0,117.0,154426032.0,92.0,0.0,100.0,11.0,100.0,0.0,88.0,690210052.0,62.0,33354.0,100.0,0.0,100.0,11.0,100.0,0.0,100.0,0.0,100.0,0.0,100.0,0.0,100.0,0.0,77.0,23.0,100.0,0.0,100.0,1.0,93.0,14473.0,23.0,23.0,100.0,0.0,100.0,0.0,200.0,0.0,100.0,33220.0,100.0,51014344416.0,100.0,171520582501.0
2019-08-29,Z304HES6,ST4000DM000,4000787030016,0,113.0,52689616.0,92.0,0.0,100.0,11.0,100.0,0.0,88.0,691768796.0,62.0,33378.0,100.0,0.0,100.0,11.0,100.0,0.0,100.0,0.0,100.0,0.0,100.0,0.0,100.0,0.0,77.0,23.0,100.0,0.0,100.0,1.0,93.0,14473.0,23.0,23.0,100.0,0.0,100.0,0.0,200.0,0.0,100.0,33244.0,100.0,51033003160.0,100.0,171711210268.0
2019-08-30,Z304HES6,ST4000DM000,4000787030016,0,112.0,46037608.0,92.0,0.0,100.0,11.0,100.0,0.0,88.0,693929754.0,62.0,33402.0,100.0,0.0,100.0,11.0,100.0,0.0,100.0,0.0,100.0,0.0,100.0,0.0,100.0,0.0,77.0,23.0,100.0,0.0,100.0,1.0,93.0,14473.0,23.0,23.0,100.0,0.0,100.0,0.0,200.0,0.0,100.0,33268.0,100.0,51058937256.0,100.0,171836064018.0
2019-08-31,Z304HES6,ST4000DM000,4000787030016,0,114.0,79438608.0,92.0,0.0,100.0,11.0,100.0,0.0,88.0,695280069.0,62.0,33426.0,100.0,0.0,100.0,11.0,100.0,0.0,100.0,0.0,100.0,0.0,100.0,0.0,100.0,0.0,78.0,22.0,100.0,0.0,100.0,1.0,93.0,14473.0,22.0,22.0,100.0,0.0,100.0,0.0,200.0,0.0,100.0,33291.0,100.0,51085297704.0,100.0,172040183887.0
2019-09-01,Z304HES6,ST4000DM000,4000787030016,0,114.0,69422144.0,92.0,0.0,100.0,11.0,100.0,0.0,88.0,696254207.0,62.0,33450.0,100.0,0.0,100.0,11.0,100.0,0.0,100.0,0.0,100.0,0.0,100.0,0.0,100.0,0.0,77.0,23.0,100.0,0.0,100.0,1.0,93.0,14473.0,23.0,23.0,100.0,0.0,100.0,0.0,200.0,0.0,100.0,33315.0,100.0,51104612568.0,100.0,172363566885.0
2019-09-02,Z304HES6,ST4000DM000,4000787030016,0,106.0,12378896.0,92.0,0.0,100.0,11.0,100.0,0.0,88.0,697240441.0,62.0,33474.0,100.0,0.0,100.0,11.0,100.0,0.0,100.0,0.0,100.0,0.0,100.0,0.0,100.0,0.0,77.0,23.0,100.0,0.0,100.0,1.0,93.0,14473.0,23.0,23.0,100.0,0.0,100.0,0.0,200.0,0.0,100.0,33339.0,100.0,51125011632.0,100.0,172672766066.0
2019-09-03,Z304HES6,ST4000DM000,4000787030016,0,117.0,160598216.0,92.0,0.0,100.0,11.0,100.0,0.0,88.0,699788236.0,62.0,33498.0,100.0,0.0,100.0,11.0,100.0,0.0,100.0,0.0,100.0,0.0,100.0,0.0,100.0,0.0,77.0,23.0,100.0,0.0,100.0,1.0,93.0,14473.0,23.0,23.0,100.0,0.0,100.0,0.0,200.0,0.0,100.0,33363.0,100.0,51150892904.0,100.0,173094835837.0
2019-09-04,Z304HES6,ST4000DM000,4000787030016,0,119.0,206149904.0,92.0,0.0,100.0,11.0,100.0,0.0,88.0,703166281.0,62.0,33522.0,100.0,0.0,100.0,11.0,100.0,0.0,100.0,0.0,100.0,0.0,100.0,0.0,100.0,0.0,78.0,22.0,100.0,0.0,100.0,1.0,93.0,14473.0,22.0,22.0,100.0,0.0,100.0,0.0,200.0,0.0,100.0,33387.0,100.0,51171741488.0,100.0,173452545762.0
2019-09-05,Z304HES6,ST4000DM000,4000787030016,0,117.0,143903752.0,92.0,0.0,100.0,11.0,100.0,0.0,88.0,705139510.0,62.0,33546.0,100.0,0.0,100.0,11.0,100.0,0.0,100.0,0.0,100.0,0.0,100.0,0.0,100.0,0.0,78.0,22.0,100.0,0.0,100.0,1.0,93.0,14473.0,22.0,22.0,100.0,0.0,100.0,0.0,200.0,0.0,100.0,33411.0,100.0,51194711584.0,100.0,173749274077.0
2019-09-06,Z304HES6,ST4000DM000,4000787030016,0,118.0,174083208.0,92.0,0.0,100.0,11.0,100.0,0.0,88.0,706961112.0,62.0,33570.0,100.0,0.0,100.0,11.0,100.0,0.0,100.0,0.0,100.0,0.0,100.0,0.0,100.0,0.0,78.0,22.0,100.0,0.0,100.0,1.0,93.0,14473.0,22.0,22.0,100.0,0.0,100.0,0.0,200.0,0.0,100.0,33435.0,100.0,51220745224.0,100.0,173951421730.0
2019-09-07,Z304HES6,ST4000DM000,4000787030016,0,111.0,31313896.0,92.0,0.0,100.0,11.0,100.0,0.0,88.0,708563486.0,62.0,33594.0,100.0,0.0,100.0,11.0,100.0,0.0,100.0,0.0,100.0,0.0,100.0,0.0,100.0,0.0,77.0,23.0,100.0,0.0,100.0,1.0,93.0,14473.0,23.0,23.0,100.0,0.0,100.0,0.0,200.0,0.0,100.0,33459.0,100.0,51247962136.0,100.0,174175337097.0
2019-09-08,Z304HES6,ST4000DM000,4000787030016,0,117.0,156686664.0,92.0,0.0,100.0,11.0,100.0,0.0,88.0,710180365.0,62.0,33618.0,100.0,0.0,100.0,11.0,100.0,0.0,100.0,0.0,100.0,0.0,100.0,0.0,100.0,0.0,77.0,23.0,100.0,0.0,100.0,1.0,93.0,14473.0,23.0,23.0,100.0,0.0,100.0,0.0,200.0,0.0,100.0,33483.0,100.0,51276497824.0,100.0,174378520974.0
2019-09-09,Z304HES6,ST4000DM000,4000787030016,0,115.0,93831320.0,92.0,0.0,100.0,11.0,100.0,0.0,88.0,712013760.0,62.0,33642.0,100.0,0.0,100.0,11.0,100.0,0.0,100.0,0.0,100.0,0.0,100.0,0.0,100.0,0.0,77.0,23.0,100.0,0.0,100.0,1.0,93.0,14473.0,23.0,23.0,100.0,0.0,100.0,0.0,200.0,0.0,100.0,33507.0,100.0,51295796264.0,100.0,174623002798.0
2019-09-10,Z304HES6,ST4000DM000,4000787030016,0,117.0,130356776.0,92.0,0.0,100.0,11.0,100.0,0.0,88.0,714271711.0,62.0,33666.0,100.0,0.0,100.0,11.0,100.0,0.0,100.0,0.0,100.0,0.0,100.0,0.0,100.0,0.0,77.0,23.0,100.0,0.0,100.0,1.0,93.0,14473.0,23.0,23.0,100.0,0.0,100.0,0.0,200.0,0.0,100.0,33531.0,100.0,51316216048.0,100.0,174863993065.0
2019-09-11,Z304HES6,ST4000DM000,4000787030016,0,119.0,204773168.0,92.0,0.0,100.0,11.0,100.0,0.0,88.0,716763113.0,62.0,33690.0,100.0,0.0,100.0,11.0,100.0,0.0,100.0,0.0,100.0,0.0,100.0,0.0,100.0,0.0,78.0,22.0,100.0,0.0,100.0,1.0,93.0,14473.0,22.0,22.0,100.0,0.0,100.0,0.0,200.0,0.0,100.0,33555.0,100.0,51345265808.0,100.0,175088001037.0
2019-09-12,Z304HES6,ST4000DM000,4000787030016,0,117.0,127078768.0,92.0,0.0,100.0,11.0,100.0,0.0,88.0,718418580.0,62.0,33714.0,100.0,0.0,100.0,11.0,100.0,0.0,100.0,0.0,100.0,0.0,100.0,0.0,100.0,0.0,77.0,23.0,100.0,0.0,100.0,1.0,93.0,14473.0,23.0,23.0,100.0,0.0,100.0,0.0,200.0,0.0,100.0,33579.0,100.0,51366014976.0,100.0,175305089322.0
2019-09-13,Z304HES6,ST4000DM000,4000787030016,0,119.0,221293160.0,92.0,0.0,100.0,11.0,100.0,0.0,88.0,721851787.0,62.0,33738.0,100.0,0.0,100.0,11.0,100.0,0.0,100.0,0.0,100.0,0.0,100.0,0.0,100.0,0.0,77.0,23.0,100.0,0.0,100.0,1.0,93.0,14473.0,23.0,23.0,100.0,0.0,100.0,0.0,200.0,0.0,100.0,33603.0,100.0,51396021352.0,100.0,175416742329.0
2019-09-14,Z304HES6,ST4000DM000,4000787030016,0,112.0,44905344.0,92.0,0.0,100.0,11.0,100.0,0.0,88.0,723922143.0,62.0,33762.0,100.0,0.0,100.0,11.0,100.0,0.0,100.0,0.0,100.0,0.0,100.0,0.0,100.0,0.0,77.0,23.0,100.0,0.0,100.0,1.0,93.0,14473.0,23.0,23.0,100.0,0.0,100.0,0.0,200.0,0.0,100.0,33627.0,100.0,51427924440.0,100.0,175583244225.0
2019-09-15,Z304HES6,ST4000DM000,4000787030016,0,117.0,166221512.0,92.0,0.0,100.0,11.0,100.0,0.0,88.0,725496996.0,62.0,33785.0,100.0,0.0,100.0,11.0,100.0,0.0,100.0,0.0,100.0,0.0,100.0,0.0,100.0,0.0,77.0,23.0,100.0,0.0,100.0,1.0,93.0,14473.0,23.0,23.0,100.0,0.0,100.0,0.0,200.0,0.0,100.0,33651.0,100.0,51452229360.0,100.0,175783497929.0
2019-09-16,Z304HES6,ST4000DM000,4000787030016,0,119.0,213749216.0,92.0,0.0,100.0,11.0,100.0,0.0,88.0,727299101.0,62.0,33809.0,100.0,0.0,100.0,11.0,100.0,0.0,100.0,0.0,100.0,0.0,100.0,0.0,100.0,0.0,77.0,23.0,100.0,0.0,100.0,1.0,93.0,14473.0,23.0,23.0,100.0,0.0,100.0,0.0,200.0,0.0,100.0,33675.0,100.0,51469940992.0,100.0,175990760805.0
2019-09-17,Z304HES6,ST4000DM000,4000787030016,0,117.0,125637160.0,92.0,0.0,100.0,11.0,100.0,0.0,88.0,729405247.0,62.0,33833.0,100.0,0.0,100.0,11.0,100.0,0.0,100.0,0.0,100.0,0.0,100.0,0.0,100.0,0.0,77.0,23.0,100.0,0.0,100.0,1.0,93.0,14473.0,23.0,23.0,100.0,0.0,100.0,0.0,200.0,0.0,100.0,33699.0,100.0,51487672328.0,100.0,176144210745.0
2019-09-18,Z304HES6,ST4000DM000,4000787030016,0,119.0,219510368.0,92.0,0.0,100.0,11.0,100.0,0.0,88.0,731709131.0,62.0,33869.0,100.0,0.0,100.0,11.0,100.0,0.0,100.0,0.0,100.0,0.0,100.0,0.0,100.0,0.0,78.0,22.0,100.0,0.0,100.0,1.0,93.0,14473.0,22.0,22.0,100.0,0.0,100.0,0.0,200.0,0.0,100.0,33734.0,100.0,51528089960.0,100.0,176335377510.0
2019-09-19,Z304HES6,ST4000DM000,4000787030016,0,102.0,4463432.0,92.0,0.0,100.0,11.0,100.0,0.0,88.0,734057333.0,62.0,33893.0,100.0,0.0,100.0,11.0,100.0,0.0,100.0,0.0,100.0,0.0,100.0,0.0,100.0,0.0,78.0,22.0,100.0,0.0,100.0,1.0,93.0,14473.0,22.0,22.0,100.0,0.0,100.0,0.0,200.0,0.0,100.0,33758.0,100.0,51559654272.0,100.0,176513387293.0
2019-09-20,Z304HES6,ST4000DM000,4000787030016,0,119.0,212660376.0,92.0,0.0,100.0,11.0,100.0,0.0,88.0,736430724.0,62.0,33916.0,100.0,0.0,100.0,11.0,100.0,0.0,100.0,0.0,100.0,0.0,100.0,0.0,100.0,0.0,78.0,22.0,100.0,0.0,100.0,1.0,93.0,14473.0,22.0,22.0,100.0,0.0,100.0,0.0,200.0,0.0,100.0,33782.0,100.0,51594783976.0,100.0,176714018937.0
2019-09-21,Z304HES6,ST4000DM000,4000787030016,0,118.0,183222032.0,92.0,0.0,100.0,11.0,100.0,0.0,88.0,738444750.0,62.0,33940.0,100.0,0.0,100.0,11.0,100.0,0.0,100.0,0.0,100.0,0.0,100.0,0.0,100.0,0.0,78.0,22.0,100.0,0.0,100.0,1.0,93.0,14473.0,22.0,22.0,100.0,0.0,100.0,0.0,200.0,0.0,100.0,33806.0,100.0,51614331208.0,100.0,176896185111.0
2019-09-22,Z304HES6,ST4000DM000,4000787030016,0,120.0,237574264.0,92.0,0.0,100.0,11.0,100.0,0.0,88.0,739974335.0,62.0,33964.0,100.0,0.0,100.0,11.0,100.0,0.0,100.0,0.0,100.0,0.0,100.0,0.0,100.0,0.0,78.0,22.0,100.0,0.0,100.0,1.0,93.0,14473.0,22.0,22.0,100.0,0.0,100.0,0.0,200.0,0.0,100.0,33829.0,100.0,51648700408.0,100.0,177139078435.0
2019-09-23,Z304HES6,ST4000DM000,4000787030016,0,114.0,61657824.0,92.0,0.0,100.0,11.0,100.0,0.0,88.0,741415695.0,62.0,33988.0,100.0,0.0,100.0,11.0,100.0,0.0,100.0,0.0,100.0,0.0,100.0,0.0,100.0,0.0,78.0,22.0,100.0,0.0,100.0,1.0,93.0,14473.0,22.0,22.0,100.0,0.0,100.0,0.0,200.0,0.0,100.0,33853.0,100.0,51682027944.0,100.0,177343690499.0
2019-09-24,Z304HES6,ST4000DM000,4000787030016,0,118.0,180570664.0,92.0,0.0,100.0,11.0,100.0,0.0,88.0,744137927.0,62.0,34012.0,100.0,0.0,100.0,11.0,100.0,0.0,100.0,0.0,100.0,0.0,100.0,0.0,100.0,0.0,78.0,22.0,100.0,0.0,100.0,1.0,93.0,14473.0,22.0,22.0,100.0,0.0,100.0,0.0,200.0,0.0,100.0,33877.0,100.0,51712252576.0,100.0,177555001835.0
2019-09-25,Z304HES6,ST4000DM000,4000787030016,0,120.0,237471496.0,92.0,0.0,100.0,11.0,100.0,0.0,88.0,744935906.0,62.0,34023.0,100.0,0.0,100.0,11.0,100.0,0.0,100.0,0.0,100.0,0.0,100.0,0.0,100.0,0.0,78.0,22.0,100.0,0.0,100.0,1.0,93.0,14473.0,22.0,22.0,100.0,0.0,100.0,0.0,200.0,0.0,100.0,33889.0,100.0,51724754792.0,100.0,177688323403.0
2019-09-26,Z304HES6,ST4000DM000,4000787030016,0,117.0,165432288.0,92.0,0.0,100.0,11.0,100.0,0.0,88.0,746607523.0,62.0,34047.0,100.0,0.0,100.0,11.0,100.0,0.0,100.0,0.0,100.0,0.0,100.0,0.0,100.0,0.0,77.0,23.0,100.0,0.0,100.0,1.0,93.0,14473.0,23.0,23.0,100.0,0.0,100.0,0.0,200.0,0.0,100.0,33913.0,100.0,51738157784.0,100.0,177922315401.0
2019-09-27,Z304HES6,ST4000DM000,4000787030016,0,118.0,200233336.0,92.0,0.0,100.0,11.0,100.0,0.0,88.0,748676275.0,62.0,34071.0,100.0,0.0,100.0,11.0,100.0,0.0,100.0,0.0,100.0,0.0,100.0,0.0,100.0,0.0,78.0,22.0,100.0,0.0,100.0,1.0,93.0,14473.0,22.0,22.0,100.0,0.0,100.0,0.0,200.0,0.0,100.0,33937.0,100.0,51765316000.0,100.0,178011808576.0
2019-09-28,Z304HES6,ST4000DM000,4000787030016,0,117.0,156601984.0,92.0,0.0,100.0,11.0,100.0,0.0,88.0,750176542.0,62.0,34095.0,100.0,0.0,100.0,11.0,100.0,0.0,100.0,0.0,100.0,0.0,100.0,0.0,100.0,0.0,78.0,22.0,100.0,0.0,100.0,1.0,93.0,14473.0,22.0,22.0,100.0,0.0,100.0,0.0,200.0,0.0,100.0,33961.0,100.0,51787913152.0,100.0,178207167286.0
2019-09-29,Z304HES6,ST4000DM000,4000787030016,0,115.0,85682016.0,92.0,0.0,100.0,11.0,100.0,0.0,88.0,751447983.0,62.0,34119.0,100.0,0.0,100.0,11.0,100.0,0.0,100.0,0.0,100.0,0.0,100.0,0.0,100.0,0.0,77.0,23.0,100.0,0.0,100.0,1.0,93.0,14473.0,23.0,23.0,100.0,0.0,100.0,0.0,200.0,0.0,100.0,33985.0,100.0,51807477448.0,100.0,178412677649.0
2019-09-30,Z304HES6,ST4000DM000,4000787030016,0,110.0,25186248.0,92.0,0.0,100.0,11.0,100.0,0.0,88.0,752433117.0,62.0,34143.0,100.0,0.0,100.0,11.0,100.0,0.0,100.0,0.0,100.0,0.0,100.0,0.0,100.0,0.0,78.0,22.0,100.0,0.0,100.0,1.0,93.0,14473.0,22.0,22.0,100.0,0.0,100.0,0.0,200.0,0.0,100.0,34009.0,100.0,51823920168.0,100.0,178746531642.0
2019-10-01,Z304HES6,ST4000DM000,4000787030016,0,117.0,149320888.0,92.0,0.0,100.0,11.0,100.0,0.0,88.0,753988087.0,61.0,34167.0,100.0,0.0,100.0,11.0,100.0,0.0,100.0,0.0,100.0,0.0,100.0,0.0,100.0,0.0,78.0,22.0,100.0,0.0,100.0,1.0,93.0,14473.0,22.0,22.0,100.0,0.0,100.0,0.0,200.0,0.0,100.0,34033.0,100.0,51847619088.0,100.0,179063751829.0
2019-10-02,Z304HES6,ST4000DM000,4000787030016,0,117.0,126450664.0,92.0,0.0,100.0,11.0,100.0,0.0,88.0,756834104.0,61.0,34191.0,100.0,0.0,100.0,11.0,100.0,0.0,100.0,0.0,100.0,0.0,100.0,0.0,100.0,0.0,78.0,22.0,100.0,0.0,100.0,1.0,93.0,14473.0,22.0,22.0,100.0,0.0,100.0,0.0,200.0,0.0,100.0,34057.0,100.0,51873161728.0,100.0,179481923625.0
2019-10-03,Z304HES6,ST4000DM000,4000787030016,0,114.0,66400832.0,92.0,0.0,100.0,11.0,100.0,0.0,88.0,759303755.0,61.0,34215.0,100.0,0.0,100.0,11.0,100.0,0.0,100.0,0.0,100.0,0.0,100.0,0.0,100.0,0.0,78.0,22.0,100.0,0.0,100.0,1.0,93.0,14473.0,22.0,22.0,100.0,0.0,100.0,0.0,200.0,0.0,100.0,34081.0,100.0,51896598368.0,100.0,179835272632.0
2019-10-04,Z304HES6,ST4000DM000,4000787030016,0,114.0,64246080.0,92.0,0.0,100.0,11.0,100.0,0.0,88.0,763063666.0,61.0,34251.0,100.0,0.0,100.0,11.0,100.0,0.0,100.0,0.0,100.0,0.0,100.0,0.0,100.0,0.0,78.0,22.0,100.0,0.0,100.0,1.0,93.0,14473.0,22.0,22.0,100.0,0.0,100.0,0.0,200.0,0.0,100.0,34116.0,100.0,51934788040.0,100.0,180162477071.0
2019-10-05,Z304HES6,ST4000DM000,4000787030016,0,120.0,242120704.0,92.0,0.0,100.0,11.0,100.0,0.0,88.0,764602936.0,61.0,34275.0,100.0,0.0,100.0,11.0,100.0,0.0,100.0,0.0,100.0,0.0,100.0,0.0,100.0,0.0,78.0,22.0,100.0,0.0,100.0,1.0,93.0,14473.0,22.0,22.0,100.0,0.0,100.0,0.0,200.0,0.0,100.0,34140.0,100.0,51950079112.0,100.0,180417655376.0
2019-10-06,Z304HES6,ST4000DM000,4000787030016,0,117.0,144444608.0,92.0,0.0,100.0,11.0,100.0,0.0,88.0,766019628.0,61.0,34299.0,100.0,0.0,100.0,11.0,100.0,0.0,100.0,0.0,100.0,0.0,100.0,0.0,100.0,0.0,78.0,22.0,100.0,0.0,100.0,1.0,93.0,14473.0,22.0,22.0,100.0,0.0,100.0,0.0,200.0,0.0,100.0,34164.0,100.0,51985243400.0,100.0,180582983946.0
2019-10-07,Z304HES6,ST4000DM000,4000787030016,0,118.0,200926688.0,92.0,0.0,100.0,11.0,100.0,0.0,88.0,768050101.0,61.0,34322.0,100.0,0.0,100.0,11.0,100.0,0.0,100.0,0.0,100.0,0.0,100.0,0.0,100.0,0.0,77.0,23.0,100.0,0.0,100.0,1.0,93.0,14473.0,23.0,23.0,100.0,0.0,100.0,0.0,200.0,0.0,100.0,34188.0,100.0,52021713320.0,100.0,180840679373.0
2019-10-08,Z304HES6,ST4000DM000,4000787030016,0,117.0,129710504.0,92.0,0.0,100.0,11.0,100.0,0.0,88.0,770980150.0,61.0,34346.0,100.0,0.0,100.0,11.0,100.0,0.0,100.0,0.0,100.0,0.0,100.0,0.0,100.0,0.0,77.0,23.0,100.0,0.0,100.0,1.0,93.0,14473.0,23.0,23.0,100.0,0.0,100.0,0.0,200.0,0.0,100.0,34212.0,100.0,52055451312.0,100.0,181071988921.0
2019-10-09,Z304HES6,ST4000DM000,4000787030016,0,119.0,202228432.0,92.0,0.0,100.0,11.0,100.0,0.0,88.0,773277769.0,61.0,34370.0,100.0,0.0,100.0,11.0,100.0,0.0,100.0,0.0,100.0,0.0,100.0,0.0,100.0,0.0,77.0,23.0,100.0,0.0,100.0,1.0,93.0,14473.0,23.0,23.0,100.0,0.0,100.0,0.0,200.0,0.0,100.0,34235.0,100.0,52087420632.0,100.0,181324011465.0
2019-10-10,Z304HES6,ST4000DM000,4000787030016,0,119.0,220520688.0,92.0,0.0,100.0,11.0,100.0,0.0,88.0,775245298.0,61.0,34394.0,100.0,0.0,100.0,11.0,100.0,0.0,100.0,0.0,100.0,0.0,100.0,0.0,100.0,0.0,78.0,22.0,100.0,0.0,100.0,1.0,93.0,14473.0,22.0,22.0,100.0,0.0,100.0,0.0,200.0,0.0,100.0,34259.0,100.0,52133606528.0,100.0,181482794171.0
2019-10-11,Z304HES6,ST4000DM000,4000787030016,0,117.0,123679888.0,92.0,0.0,100.0,11.0,100.0,0.0,88.0,778548536.0,61.0,34418.0,100.0,0.0,100.0,11.0,100.0,0.0,100.0,0.0,100.0,0.0,100.0,0.0,100.0,0.0,77.0,23.0,100.0,0.0,100.0,1.0,93.0,14473.0,23.0,23.0,100.0,0.0,100.0,0.0,200.0,0.0,100.0,34283.0,100.0,52182361008.0,100.0,181720432660.0
2019-10-12,Z304HES6,ST4000DM000,4000787030016,0,118.0,187805032.0,92.0,0.0,100.0,11.0,100.0,0.0,88.0,780007379.0,61.0,34441.0,100.0,0.0,100.0,11.0,100.0,0.0,100.0,0.0,100.0,0.0,100.0,0.0,100.0,0.0,78.0,22.0,100.0,0.0,100.0,1.0,93.0,14473.0,22.0,22.0,100.0,0.0,100.0,0.0,200.0,0.0,100.0,34307.0,100.0,52219947600.0,100.0,181869079542.0
2019-10-13,Z304HES6,ST4000DM000,4000787030016,0,100.0,2623800.0,92.0,0.0,100.0,11.0,100.0,0.0,88.0,781505222.0,61.0,34465.0,100.0,0.0,100.0,11.0,100.0,0.0,100.0,0.0,100.0,0.0,100.0,0.0,100.0,0.0,77.0,23.0,100.0,0.0,100.0,1.0,93.0,14473.0,23.0,23.0,100.0,0.0,100.0,0.0,200.0,0.0,100.0,34331.0,100.0,52241278016.0,100.0,182037648911.0
2019-10-14,Z304HES6,ST4000DM000,4000787030016,0,117.0,152975400.0,92.0,0.0,100.0,11.0,100.0,0.0,88.0,782961097.0,61.0,34489.0,100.0,0.0,100.0,11.0,100.0,0.0,100.0,0.0,100.0,0.0,100.0,0.0,100.0,0.0,77.0,23.0,100.0,0.0,100.0,1.0,93.0,14473.0,23.0,23.0,100.0,0.0,100.0,0.0,200.0,0.0,100.0,34354.0,100.0,52270269688.0,100.0,182208769192.0
2019-10-15,Z304HES6,ST4000DM000,4000787030016,0,119.0,210477192.0,92.0,0.0,100.0,11.0,100.0,0.0,88.0,786583652.0,61.0,34536.0,100.0,0.0,100.0,11.0,100.0,0.0,100.0,0.0,100.0,0.0,100.0,0.0,100.0,0.0,77.0,23.0,100.0,0.0,100.0,1.0,93.0,14473.0,23.0,23.0,100.0,0.0,100.0,0.0,200.0,0.0,100.0,34402.0,100.0,52329986280.0,100.0,182511575622.0
2019-10-16,Z304HES6,ST4000DM000,4000787030016,0,119.0,210477192.0,92.0,0.0,100.0,11.0,100.0,0.0,88.0,786583652.0,61.0,34536.0,100.0,0.0,100.0,11.0,100.0,0.0,100.0,0.0,100.0,0.0,100.0,0.0,100.0,0.0,77.0,23.0,100.0,0.0,100.0,1.0,93.0,14473.0,23.0,23.0,100.0,0.0,100.0,0.0,200.0,0.0,100.0,34402.0,100.0,52329986280.0,100.0,182511575622.0
2019-10-17,Z304HES6,ST4000DM000,4000787030016,0,116.0,105026392.0,92.0,0.0,100.0,11.0,100.0,0.0,88.0,788282402.0,61.0,34560.0,100.0,0.0,100.0,11.0,100.0,0.0,100.0,0.0,100.0,0.0,100.0,0.0,100.0,0.0,78.0,22.0,100.0,0.0,100.0,1.0,93.0,14473.0,22.0,22.0,100.0,0.0,100.0,0.0,200.0,0.0,100.0,34426.0,100.0,52348876288.0,100.0,182694486102.0
2019-10-18,Z304HES6,ST4000DM000,4000787030016,0,117.0,119055720.0,92.0,0.0,100.0,11.0,100.0,0.0,88.0,789898920.0,61.0,34584.0,100.0,0.0,100.0,11.0,100.0,0.0,100.0,0.0,100.0,0.0,100.0,0.0,100.0,0.0,78.0,22.0,100.0,0.0,100.0,1.0,93.0,14473.0,22.0,22.0,100.0,0.0,100.0,0.0,200.0,0.0,100.0,34450.0,100.0,52377982264.0,100.0,182736471022.0
2019-10-19,Z304HES6,ST4000DM000,4000787030016,0,118.0,190171792.0,92.0,0.0,100.0,11.0,100.0,0.0,88.0,790360007.0,61.0,34608.0,100.0,0.0,100.0,11.0,100.0,0.0,100.0,0.0,100.0,0.0,100.0,0.0,100.0,0.0,78.0,22.0,100.0,0.0,100.0,1.0,93.0,14473.0,22.0,22.0,100.0,0.0,100.0,0.0,200.0,0.0,100.0,34474.0,100.0,52396239952.0,100.0,182775197431.0
2019-10-20,Z304HES6,ST4000DM000,4000787030016,0,117.0,133543792.0,92.0,0.0,100.0,11.0,100.0,0.0,88.0,791377150.0,61.0,34632.0,100.0,0.0,100.0,11.0,100.0,0.0,100.0,0.0,100.0,0.0,100.0,0.0,100.0,0.0,78.0,22.0,100.0,0.0,100.0,1.0,93.0,14473.0,22.0,22.0,100.0,0.0,100.0,0.0,200.0,0.0,100.0,34497.0,100.0,52417221048.0,100.0,182872333885.0
2019-10-21,Z304HES6,ST4000DM000,4000787030016,0,113.0,54086936.0,92.0,0.0,100.0,11.0,100.0,0.0,88.0,792121971.0,61.0,34656.0,100.0,0.0,100.0,11.0,100.0,0.0,100.0,0.0,100.0,0.0,100.0,0.0,100.0,0.0,78.0,22.0,100.0,0.0,100.0,1.0,93.0,14473.0,22.0,22.0,100.0,0.0,100.0,0.0,200.0,0.0,100.0,34521.0,100.0,52435843968.0,100.0,182952253395.0
2019-10-22,Z304HES6,ST4000DM000,4000787030016,0,117.0,145984600.0,92.0,0.0,100.0,11.0,100.0,0.0,88.0,794587435.0,61.0,34680.0,100.0,0.0,100.0,11.0,100.0,0.0,100.0,0.0,100.0,0.0,100.0,0.0,100.0,0.0,77.0,23.0,100.0,0.0,100.0,1.0,93.0,14473.0,23.0,23.0,100.0,0.0,100.0,0.0,200.0,0.0,100.0,34545.0,100.0,52461281064.0,100.0,183095491978.0
2019-10-23,Z304HES6,ST4000DM000,4000787030016,0,117.0,134702576.0,92.0,0.0,100.0,11.0,100.0,0.0,88.0,795585045.0,61.0,34703.0,100.0,0.0,100.0,11.0,100.0,0.0,100.0,0.0,100.0,0.0,100.0,0.0,100.0,0.0,77.0,23.0,100.0,0.0,100.0,1.0,93.0,14473.0,23.0,23.0,100.0,0.0,100.0,0.0,200.0,0.0,100.0,34569.0,100.0,52480082304.0,100.0,183177461279.0
2019-10-24,Z304HES6,ST4000DM000,4000787030016,0,118.0,187577144.0,92.0,0.0,100.0,11.0,100.0,0.0,88.0,796704846.0,61.0,34727.0,100.0,0.0,100.0,11.0,100.0,0.0,100.0,0.0,100.0,0.0,100.0,0.0,100.0,0.0,79.0,21.0,100.0,0.0,100.0,1.0,93.0,14473.0,21.0,21.0,100.0,0.0,100.0,0.0,200.0,0.0,100.0,34593.0,100.0,52495868648.0,100.0,183257116370.0
2019-10-25,Z304HES6,ST4000DM000,4000787030016,0,116.0,115340144.0,92.0,0.0,100.0,11.0,100.0,0.0,88.0,798539396.0,61.0,34751.0,100.0,0.0,100.0,11.0,100.0,0.0,100.0,0.0,100.0,0.0,100.0,0.0,100.0,0.0,78.0,22.0,100.0,0.0,100.0,1.0,93.0,14473.0,22.0,22.0,100.0,0.0,100.0,0.0,200.0,0.0,100.0,34616.0,100.0,52509194624.0,100.0,183322323476.0
2019-10-26,Z304HES6,ST4000DM000,4000787030016,0,118.0,186188376.0,92.0,0.0,100.0,11.0,100.0,0.0,88.0,799231050.0,61.0,34775.0,100.0,0.0,100.0,11.0,100.0,0.0,100.0,0.0,100.0,0.0,100.0,0.0,100.0,0.0,77.0,23.0,100.0,0.0,100.0,1.0,93.0,14473.0,23.0,23.0,100.0,0.0,100.0,0.0,200.0,0.0,100.0,34640.0,100.0,52527644608.0,100.0,183394945832.0
2019-10-27,Z304HES6,ST4000DM000,4000787030016,0,118.0,173563080.0,92.0,0.0,100.0,11.0,100.0,0.0,88.0,799760291.0,61.0,34799.0,100.0,0.0,100.0,11.0,100.0,0.0,100.0,0.0,100.0,0.0,100.0,0.0,100.0,0.0,77.0,23.0,100.0,0.0,100.0,1.0,93.0,14473.0,23.0,23.0,100.0,0.0,100.0,0.0,200.0,0.0,100.0,34664.0,100.0,52545424016.0,100.0,183453536120.0
2019-10-28,Z304HES6,ST4000DM000,4000787030016,0,117.0,149938384.0,92.0,0.0,100.0,11.0,100.0,0.0,88.0,800483751.0,61.0,34823.0,100.0,0.0,100.0,11.0,100.0,0.0,100.0,0.0,100.0,0.0,100.0,0.0,100.0,0.0,79.0,21.0,100.0,0.0,100.0,1.0,93.0,14473.0,21.0,21.0,100.0,0.0,100.0,0.0,200.0,0.0,100.0,34688.0,100.0,52562129416.0,100.0,183550925061.0
2019-10-29,Z304HES6,ST4000DM000,4000787030016,0,119.0,225823008.0,92.0,0.0,100.0,11.0,100.0,0.0,88.0,801009663.0,61.0,34835.0,100.0,0.0,100.0,11.0,100.0,0.0,100.0,0.0,100.0,0.0,100.0,0.0,100.0,0.0,79.0,21.0,100.0,0.0,100.0,1.0,93.0,14473.0,21.0,21.0,100.0,0.0,100.0,0.0,200.0,0.0,100.0,34700.0,100.0,52571065184.0,100.0,183612031636.0
2019-10-30,Z304HES6,ST4000DM000,4000787030016,0,117.0,165580544.0,92.0,0.0,100.0,11.0,100.0,0.0,88.0,802802592.0,61.0,34859.0,100.0,0.0,100.0,11.0,100.0,0.0,100.0,0.0,100.0,0.0,100.0,0.0,100.0,0.0,78.0,22.0,100.0,0.0,100.0,1.0,93.0,14473.0,22.0,22.0,100.0,0.0,100.0,0.0,200.0,0.0,100.0,34724.0,100.0,52590866840.0,100.0,183719051607.0
2019-10-31,Z304HES6,ST4000DM000,4000787030016,0,117.0,145808296.0,92.0,0.0,100.0,11.0,100.0,0.0,88.0,805270199.0,61.0,34894.0,100.0,0.0,100.0,11.0,100.0,0.0,100.0,0.0,100.0,0.0,100.0,0.0,100.0,0.0,78.0,22.0,100.0,0.0,100.0,1.0,93.0,14473.0,22.0,22.0,100.0,0.0,100.0,0.0,200.0,0.0,100.0,34760.0,100.0,52606724328.0,100.0,183853649814.0
2019-11-01,Z304HES6,ST4000DM000,4000787030016,0,117.0,145258120.0,92.0,0.0,100.0,11.0,100.0,0.0,89.0,806644357.0,61.0,34918.0,100.0,0.0,100.0,11.0,100.0,0.0,100.0,0.0,100.0,0.0,100.0,0.0,100.0,0.0,78.0,22.0,100.0,0.0,100.0,1.0,93.0,14473.0,22.0,22.0,100.0,0.0,100.0,0.0,200.0,0.0,100.0,34783.0,100.0,52610843224.0,100.0,184086312631.0
2019-11-02,Z304HES6,ST4000DM000,4000787030016,0,109.0,23045776.0,92.0,0.0,100.0,11.0,100.0,0.0,89.0,807845727.0,61.0,34942.0,100.0,0.0,100.0,11.0,100.0,0.0,100.0,0.0,100.0,0.0,100.0,0.0,100.0,0.0,78.0,22.0,100.0,0.0,100.0,1.0,93.0,14473.0,22.0,22.0,100.0,0.0,100.0,0.0,200.0,0.0,100.0,34807.0,100.0,52615627760.0,100.0,184304278989.0
2019-11-03,Z304HES6,ST4000DM000,4000787030016,0,116.0,115797048.0,92.0,0.0,100.0,11.0,100.0,0.0,89.0,809390485.0,61.0,34966.0,100.0,0.0,100.0,11.0,100.0,0.0,100.0,0.0,100.0,0.0,100.0,0.0,100.0,0.0,78.0,22.0,100.0,0.0,100.0,1.0,93.0,14473.0,22.0,22.0,100.0,0.0,100.0,0.0,200.0,0.0,100.0,34831.0,100.0,52621655104.0,100.0,184517786391.0
2019-11-04,Z304HES6,ST4000DM000,4000787030016,0,115.0,97559328.0,92.0,0.0,100.0,11.0,100.0,0.0,89.0,810759038.0,61.0,34990.0,100.0,0.0,100.0,11.0,100.0,0.0,100.0,0.0,100.0,0.0,100.0,0.0,100.0,0.0,78.0,22.0,100.0,0.0,100.0,1.0,93.0,14473.0,22.0,22.0,100.0,0.0,100.0,0.0,200.0,0.0,100.0,34855.0,100.0,52631797272.0,100.0,184706153375.0
2019-11-06,Z304HES6,ST4000DM000,4000787030016,0,112.0,46278040.0,92.0,0.0,100.0,11.0,100.0,0.0,89.0,813725620.0,61.0,35037.0,100.0,0.0,100.0,11.0,100.0,0.0,100.0,0.0,100.0,0.0,100.0,0.0,100.0,0.0,79.0,21.0,100.0,0.0,100.0,1.0,93.0,14473.0,21.0,21.0,100.0,0.0,100.0,0.0,200.0,0.0,100.0,34903.0,100.0,52644019440.0,100.0,185305517431.0
2019-11-07,Z304HES6,ST4000DM000,4000787030016,0,112.0,43584008.0,92.0,0.0,100.0,11.0,100.0,0.0,89.0,814497645.0,60.0,35061.0,100.0,0.0,100.0,11.0,100.0,0.0,100.0,0.0,100.0,0.0,100.0,0.0,100.0,0.0,77.0,23.0,100.0,0.0,100.0,1.0,93.0,14473.0,23.0,23.0,100.0,0.0,100.0,0.0,200.0,0.0,100.0,34927.0,100.0,52649960752.0,100.0,185559661725.0
2019-11-08,Z304HES6,ST4000DM000,4000787030016,0,115.0,85471976.0,92.0,0.0,100.0,11.0,100.0,0.0,89.0,816829784.0,60.0,35085.0,100.0,0.0,100.0,11.0,100.0,0.0,100.0,0.0,100.0,0.0,100.0,0.0,100.0,0.0,79.0,21.0,100.0,0.0,100.0,1.0,93.0,14473.0,21.0,21.0,100.0,0.0,100.0,0.0,200.0,0.0,100.0,34950.0,100.0,52652904416.0,100.0,185845507783.0
2019-11-09,Z304HES6,ST4000DM000,4000787030016,0,115.0,95683368.0,92.0,0.0,100.0,11.0,100.0,0.0,89.0,819215466.0,60.0,35109.0,100.0,0.0,100.0,11.0,100.0,0.0,100.0,0.0,100.0,0.0,100.0,0.0,100.0,0.0,78.0,22.0,100.0,0.0,100.0,1.0,93.0,14473.0,22.0,22.0,100.0,0.0,100.0,0.0,200.0,0.0,100.0,34974.0,100.0,52657115856.0,100.0,186199379452.0
2019-11-10,Z304HES6,ST4000DM000,4000787030016,0,119.0,215906296.0,92.0,0.0,100.0,11.0,100.0,0.0,89.0,820897679.0,60.0,35133.0,100.0,0.0,100.0,11.0,100.0,0.0,100.0,0.0,100.0,0.0,100.0,0.0,100.0,0.0,78.0,22.0,100.0,0.0,100.0,1.0,93.0,14473.0,22.0,22.0,100.0,0.0,100.0,0.0,200.0,0.0,100.0,34998.0,100.0,52662594288.0,100.0,186483492073.0
2019-11-11,Z304HES6,ST4000DM000,4000787030016,0,118.0,171229392.0,92.0,0.0,100.0,11.0,100.0,0.0,89.0,822125080.0,60.0,35157.0,100.0,0.0,100.0,11.0,100.0,0.0,100.0,0.0,100.0,0.0,100.0,0.0,100.0,0.0,78.0,22.0,100.0,0.0,100.0,1.0,93.0,14473.0,22.0,22.0,100.0,0.0,100.0,0.0,200.0,0.0,100.0,35022.0,100.0,52670094664.0,100.0,186684394231.0
2019-11-12,Z304HES6,ST4000DM000,4000787030016,0,117.0,146477544.0,92.0,0.0,100.0,11.0,100.0,0.0,89.0,824636263.0,60.0,35181.0,100.0,0.0,100.0,11.0,100.0,0.0,100.0,0.0,100.0,0.0,100.0,0.0,100.0,0.0,78.0,22.0,100.0,0.0,100.0,1.0,93.0,14473.0,22.0,22.0,100.0,0.0,100.0,0.0,200.0,0.0,100.0,35046.0,100.0,52677417632.0,100.0,186905605634.0
2019-11-13,Z304HES6,ST4000DM000,4000787030016,0,115.0,89808952.0,92.0,0.0,100.0,11.0,100.0,0.0,89.0,826280512.0,60.0,35205.0,100.0,0.0,100.0,11.0,100.0,0.0,100.0,0.0,100.0,0.0,100.0,0.0,100.0,0.0,78.0,22.0,100.0,0.0,100.0,1.0,93.0,14473.0,22.0,22.0,100.0,0.0,100.0,0.0,200.0,0.0,100.0,35070.0,100.0,52685146312.0,100.0,187126952979.0
2019-11-14,Z304HES6,ST4000DM000,4000787030016,0,117.0,156890456.0,92.0,0.0,100.0,11.0,100.0,0.0,89.0,827659926.0,60.0,35229.0,100.0,0.0,100.0,11.0,100.0,0.0,100.0,0.0,100.0,0.0,100.0,0.0,100.0,0.0,78.0,22.0,100.0,0.0,100.0,1.0,93.0,14473.0,22.0,22.0,100.0,0.0,100.0,0.0,200.0,0.0,100.0,35094.0,100.0,52694509600.0,100.0,187353522563.0
2019-11-15,Z304HES6,ST4000DM000,4000787030016,0,112.0,43277664.0,92.0,0.0,100.0,11.0,100.0,0.0,89.0,830511939.0,60.0,35252.0,100.0,0.0,100.0,11.0,100.0,0.0,100.0,0.0,100.0,0.0,100.0,0.0,100.0,0.0,78.0,22.0,100.0,0.0,100.0,1.0,93.0,14473.0,22.0,22.0,100.0,0.0,100.0,0.0,200.0,0.0,100.0,35118.0,100.0,52699602568.0,100.0,187488979164.0
2019-11-16,Z304HES6,ST4000DM000,4000787030016,0,110.0,26024528.0,92.0,0.0,100.0,11.0,100.0,0.0,89.0,831730013.0,60.0,35276.0,100.0,0.0,100.0,11.0,100.0,0.0,100.0,0.0,100.0,0.0,100.0,0.0,100.0,0.0,78.0,22.0,100.0,0.0,100.0,1.0,93.0,14473.0,22.0,22.0,100.0,0.0,100.0,0.0,200.0,0.0,100.0,35142.0,100.0,52703932520.0,100.0,187647753011.0
2019-11-17,Z304HES6,ST4000DM000,4000787030016,0,108.0,20177328.0,92.0,0.0,100.0,11.0,100.0,0.0,89.0,832952218.0,60.0,35300.0,100.0,0.0,100.0,11.0,100.0,0.0,100.0,0.0,100.0,0.0,100.0,0.0,100.0,0.0,73.0,27.0,100.0,0.0,100.0,1.0,93.0,14473.0,27.0,27.0,100.0,0.0,100.0,0.0,200.0,0.0,100.0,35166.0,100.0,52713862376.0,100.0,187810237536.0
2019-11-18,Z304HES6,ST4000DM000,4000787030016,0,117.0,136690528.0,92.0,0.0,100.0,11.0,100.0,0.0,89.0,834147035.0,60.0,35325.0,100.0,0.0,100.0,11.0,100.0,0.0,100.0,0.0,100.0,0.0,100.0,0.0,100.0,0.0,78.0,22.0,100.0,0.0,100.0,1.0,93.0,14473.0,22.0,22.0,100.0,0.0,100.0,0.0,200.0,0.0,100.0,35190.0,100.0,52721088128.0,100.0,187966922794.0
2019-11-19,Z304HES6,ST4000DM000,4000787030016,0,115.0,96737936.0,92.0,0.0,100.0,11.0,100.0,0.0,89.0,836502081.0,60.0,35349.0,100.0,0.0,100.0,11.0,100.0,0.0,100.0,0.0,100.0,0.0,100.0,0.0,100.0,0.0,78.0,22.0,100.0,0.0,100.0,1.0,93.0,14473.0,22.0,22.0,100.0,0.0,100.0,0.0,200.0,0.0,100.0,35214.0,100.0,52733374528.0,100.0,188161195295.0
2019-11-20,Z304HES6,ST4000DM000,4000787030016,0,108.0,17205024.0,92.0,0.0,100.0,11.0,100.0,0.0,89.0,838045747.0,60.0,35373.0,100.0,0.0,100.0,11.0,100.0,0.0,100.0,0.0,100.0,0.0,100.0,0.0,100.0,0.0,78.0,22.0,100.0,0.0,100.0,1.0,93.0,14473.0,22.0,22.0,100.0,0.0,100.0,0.0,200.0,0.0,100.0,35238.0,100.0,52742924160.0,100.0,188342064977.0
2019-11-21,Z304HES6,ST4000DM000,4000787030016,0,120.0,237437928.0,92.0,0.0,100.0,11.0,100.0,0.0,89.0,839088688.0,60.0,35396.0,100.0,0.0,100.0,11.0,100.0,0.0,100.0,0.0,100.0,0.0,100.0,0.0,100.0,0.0,78.0,22.0,100.0,0.0,100.0,1.0,93.0,14473.0,22.0,22.0,100.0,0.0,100.0,0.0,200.0,0.0,100.0,35262.0,100.0,52753303176.0,100.0,188482655898.0
2019-11-22,Z304HES6,ST4000DM000,4000787030016,0,115.0,98326008.0,92.0,0.0,100.0,11.0,100.0,0.0,89.0,840888542.0,60.0,35420.0,100.0,0.0,100.0,11.0,100.0,0.0,100.0,0.0,100.0,0.0,100.0,0.0,100.0,0.0,76.0,24.0,100.0,0.0,100.0,1.0,93.0,14473.0,24.0,24.0,100.0,0.0,100.0,0.0,200.0,0.0,100.0,35286.0,100.0,52763729288.0,100.0,188576617826.0
2019-11-23,Z304HES6,ST4000DM000,4000787030016,0,118.0,178098656.0,92.0,0.0,100.0,11.0,100.0,0.0,89.0,842162730.0,60.0,35444.0,100.0,0.0,100.0,11.0,100.0,0.0,100.0,0.0,100.0,0.0,100.0,0.0,100.0,0.0,78.0,22.0,100.0,0.0,100.0,1.0,93.0,14473.0,22.0,22.0,100.0,0.0,100.0,0.0,200.0,0.0,100.0,35310.0,100.0,52778396720.0,100.0,188758400857.0
2019-11-24,Z304HES6,ST4000DM000,4000787030016,0,114.0,75077224.0,92.0,0.0,100.0,11.0,100.0,0.0,89.0,844315797.0,60.0,35468.0,100.0,0.0,100.0,11.0,100.0,0.0,100.0,0.0,100.0,0.0,100.0,0.0,100.0,0.0,78.0,22.0,100.0,0.0,100.0,1.0,93.0,14473.0,22.0,22.0,100.0,0.0,100.0,0.0,200.0,0.0,100.0,35334.0,100.0,52789353352.0,100.0,188941706085.0
2019-11-25,Z304HES6,ST4000DM000,4000787030016,0,109.0,21544712.0,92.0,0.0,100.0,11.0,100.0,0.0,89.0,845294870.0,60.0,35492.0,100.0,0.0,100.0,11.0,100.0,0.0,100.0,0.0,100.0,0.0,100.0,0.0,100.0,0.0,77.0,23.0,100.0,0.0,100.0,1.0,93.0,14473.0,23.0,23.0,100.0,0.0,100.0,0.0,200.0,0.0,100.0,35357.0,100.0,52798103440.0,100.0,189131562571.0
2019-11-26,Z304HES6,ST4000DM000,4000787030016,0,118.0,199237976.0,92.0,0.0,100.0,11.0,100.0,0.0,89.0,847199158.0,60.0,35516.0,100.0,0.0,100.0,11.0,100.0,0.0,100.0,0.0,100.0,0.0,100.0,0.0,100.0,0.0,78.0,22.0,100.0,0.0,100.0,1.0,93.0,14473.0,22.0,22.0,100.0,0.0,100.0,0.0,200.0,0.0,100.0,35381.0,100.0,52806349032.0,100.0,189358134635.0
2019-11-27,Z304HES6,ST4000DM000,4000787030016,0,114.0,72737608.0,92.0,0.0,100.0,11.0,100.0,0.0,89.0,850059153.0,60.0,35540.0,100.0,0.0,100.0,11.0,100.0,0.0,100.0,0.0,100.0,0.0,100.0,0.0,100.0,0.0,78.0,22.0,100.0,0.0,100.0,1.0,93.0,14473.0,22.0,22.0,100.0,0.0,100.0,0.0,200.0,0.0,100.0,35405.0,100.0,52817003184.0,100.0,189545543690.0
2019-11-28,Z304HES6,ST4000DM000,4000787030016,0,111.0,34869520.0,92.0,0.0,100.0,11.0,100.0,0.0,89.0,851412984.0,60.0,35563.0,100.0,0.0,100.0,11.0,100.0,0.0,100.0,0.0,100.0,0.0,100.0,0.0,100.0,0.0,77.0,23.0,100.0,0.0,100.0,1.0,93.0,14473.0,23.0,23.0,100.0,0.0,100.0,0.0,200.0,0.0,100.0,35429.0,100.0,52826625480.0,100.0,189804150254.0
2019-11-29,Z304HES6,ST4000DM000,4000787030016,0,107.0,13892304.0,92.0,0.0,100.0,11.0,100.0,0.0,89.0,853543546.0,60.0,35587.0,100.0,0.0,100.0,11.0,100.0,0.0,100.0,0.0,100.0,0.0,100.0,0.0,100.0,0.0,77.0,23.0,100.0,0.0,100.0,1.0,93.0,14473.0,23.0,23.0,100.0,0.0,100.0,0.0,200.0,0.0,100.0,35453.0,100.0,52837226000.0,100.0,189952480953.0
2019-11-30,Z304HES6,ST4000DM000,4000787030016,0,117.0,144592400.0,92.0,0.0,100.0,11.0,100.0,0.0,89.0,854878580.0,60.0,35611.0,100.0,0.0,100.0,11.0,100.0,0.0,100.0,0.0,100.0,0.0,100.0,0.0,100.0,0.0,77.0,23.0,100.0,0.0,100.0,1.0,93.0,14473.0,23.0,23.0,100.0,0.0,100.0,0.0,200.0,0.0,100.0,35477.0,100.0,52848391152.0,100.0,190152943957.0
2019-12-01,Z304HES6,ST4000DM000,4000787030016,0,111.0,37640728.0,92.0,0.0,100.0,11.0,100.0,0.0,89.0,855920637.0,60.0,35635.0,100.0,0.0,100.0,11.0,100.0,0.0,100.0,0.0,100.0,0.0,100.0,0.0,100.0,0.0,78.0,22.0,100.0,0.0,100.0,1.0,93.0,14473.0,22.0,22.0,100.0,0.0,100.0,0.0,200.0,0.0,100.0,35501.0,100.0,52858416576.0,100.0,190370059876.0
2019-12-02,Z304HES6,ST4000DM000,4000787030016,0,114.0,81569400.0,92.0,0.0,100.0,11.0,100.0,0.0,89.0,856788552.0,60.0,35659.0,100.0,0.0,100.0,11.0,100.0,0.0,100.0,0.0,100.0,0.0,100.0,0.0,100.0,0.0,77.0,23.0,100.0,0.0,100.0,1.0,93.0,14473.0,23.0,23.0,100.0,0.0,100.0,0.0,200.0,0.0,100.0,35525.0,100.0,52870545152.0,100.0,190688666546.0
2019-12-03,Z304HES6,ST4000DM000,4000787030016,0,107.0,13416736.0,92.0,0.0,100.0,11.0,100.0,0.0,89.0,858564547.0,60.0,35683.0,100.0,0.0,100.0,11.0,100.0,0.0,100.0,0.0,100.0,0.0,100.0,0.0,100.0,0.0,77.0,23.0,100.0,0.0,100.0,1.0,93.0,14473.0,23.0,23.0,100.0,0.0,100.0,0.0,200.0,0.0,100.0,35548.0,100.0,52880966712.0,100.0,191022697727.0
2019-12-04,Z304HES6,ST4000DM000,4000787030016,0,114.0,76337208.0,92.0,0.0,100.0,11.0,100.0,0.0,89.0,860920100.0,60.0,35707.0,100.0,0.0,100.0,11.0,100.0,0.0,100.0,0.0,100.0,0.0,100.0,0.0,100.0,0.0,78.0,22.0,100.0,0.0,100.0,1.0,93.0,14473.0,22.0,22.0,100.0,0.0,100.0,0.0,200.0,0.0,100.0,35572.0,100.0,52892049432.0,100.0,191428882885.0
2019-12-05,Z304HES6,ST4000DM000,4000787030016,0,113.0,52720480.0,92.0,0.0,100.0,11.0,100.0,0.0,89.0,863209758.0,60.0,35730.0,100.0,0.0,100.0,11.0,100.0,0.0,100.0,0.0,100.0,0.0,100.0,0.0,100.0,0.0,78.0,22.0,100.0,0.0,100.0,1.0,93.0,14473.0,22.0,22.0,100.0,0.0,100.0,0.0,200.0,0.0,100.0,35596.0,100.0,52900232808.0,100.0,191761923916.0
2019-12-06,Z304HES6,ST4000DM000,4000787030016,0,108.0,15019600.0,92.0,0.0,100.0,11.0,100.0,0.0,89.0,865348400.0,60.0,35754.0,100.0,0.0,100.0,11.0,100.0,0.0,100.0,0.0,100.0,0.0,100.0,0.0,100.0,0.0,78.0,22.0,100.0,0.0,100.0,1.0,93.0,14473.0,22.0,22.0,100.0,0.0,100.0,0.0,200.0,0.0,100.0,35620.0,100.0,52913038160.0,100.0,191921328485.0
2019-12-07,Z304HES6,ST4000DM000,4000787030016,0,116.0,103494352.0,92.0,0.0,100.0,11.0,100.0,0.0,89.0,866734037.0,60.0,35778.0,100.0,0.0,100.0,11.0,100.0,0.0,100.0,0.0,100.0,0.0,100.0,0.0,100.0,0.0,77.0,23.0,100.0,0.0,100.0,1.0,93.0,14473.0,23.0,23.0,100.0,0.0,100.0,0.0,200.0,0.0,100.0,35643.0,100.0,52925763800.0,100.0,192158254720.0
2019-12-08,Z304HES6,ST4000DM000,4000787030016,0,106.0,11242040.0,92.0,0.0,100.0,11.0,100.0,0.0,89.0,867944368.0,60.0,35802.0,100.0,0.0,100.0,11.0,100.0,0.0,100.0,0.0,100.0,0.0,100.0,0.0,100.0,0.0,78.0,22.0,100.0,0.0,100.0,1.0,93.0,14473.0,22.0,22.0,100.0,0.0,100.0,0.0,200.0,0.0,100.0,35667.0,100.0,52938206216.0,100.0,192324753108.0
2019-12-09,Z304HES6,ST4000DM000,4000787030016,0,109.0,24137040.0,92.0,0.0,100.0,11.0,100.0,0.0,89.0,869581852.0,60.0,35826.0,100.0,0.0,100.0,11.0,100.0,0.0,100.0,0.0,100.0,0.0,100.0,0.0,100.0,0.0,78.0,22.0,100.0,0.0,100.0,1.0,93.0,14473.0,22.0,22.0,100.0,0.0,100.0,0.0,200.0,0.0,100.0,35691.0,100.0,52951761768.0,100.0,192557172322.0
2019-12-10,Z304HES6,ST4000DM000,4000787030016,0,112.0,42628832.0,92.0,0.0,100.0,11.0,100.0,0.0,89.0,871759863.0,60.0,35849.0,100.0,0.0,100.0,11.0,100.0,0.0,100.0,0.0,100.0,0.0,100.0,0.0,100.0,0.0,78.0,22.0,100.0,0.0,100.0,1.0,93.0,14473.0,22.0,22.0,100.0,0.0,100.0,0.0,200.0,0.0,100.0,35715.0,100.0,52960955208.0,100.0,192795318510.0
2019-12-11,Z304HES6,ST4000DM000,4000787030016,0,112.0,46997960.0,92.0,0.0,100.0,11.0,100.0,0.0,89.0,873846062.0,60.0,35873.0,100.0,0.0,100.0,11.0,100.0,0.0,100.0,0.0,100.0,0.0,100.0,0.0,100.0,0.0,78.0,22.0,100.0,0.0,100.0,1.0,93.0,14473.0,22.0,22.0,100.0,0.0,100.0,0.0,200.0,0.0,100.0,35739.0,100.0,52975343360.0,100.0,193003043577.0
2019-12-12,Z304HES6,ST4000DM000,4000787030016,0,119.0,207714072.0,92.0,0.0,100.0,11.0,100.0,0.0,89.0,875233472.0,60.0,35897.0,100.0,0.0,100.0,11.0,100.0,0.0,100.0,0.0,100.0,0.0,100.0,0.0,100.0,0.0,78.0,22.0,100.0,0.0,100.0,1.0,93.0,14473.0,22.0,22.0,100.0,0.0,100.0,0.0,200.0,0.0,100.0,35762.0,100.0,52990611024.0,100.0,193221948276.0
2019-12-13,Z304HES6,ST4000DM000,4000787030016,0,118.0,174864376.0,92.0,0.0,100.0,11.0,100.0,0.0,89.0,876806497.0,59.0,35921.0,100.0,0.0,100.0,11.0,100.0,0.0,100.0,0.0,100.0,0.0,100.0,0.0,100.0,0.0,77.0,23.0,100.0,0.0,100.0,1.0,93.0,14473.0,23.0,23.0,100.0,0.0,100.0,0.0,200.0,0.0,100.0,35786.0,100.0,53004627432.0,100.0,193281311575.0
2019-12-14,Z304HES6,ST4000DM000,4000787030016,0,115.0,86844856.0,92.0,0.0,100.0,11.0,100.0,0.0,89.0,878136141.0,59.0,35944.0,100.0,0.0,100.0,11.0,100.0,0.0,100.0,0.0,100.0,0.0,100.0,0.0,100.0,0.0,78.0,22.0,100.0,0.0,100.0,1.0,93.0,14473.0,22.0,22.0,100.0,0.0,100.0,0.0,200.0,0.0,100.0,35810.0,100.0,53023947608.0,100.0,193439201391.0
2019-12-15,Z304HES6,ST4000DM000,4000787030016,0,118.0,179703032.0,92.0,0.0,100.0,11.0,100.0,0.0,89.0,879264723.0,59.0,35968.0,100.0,0.0,100.0,11.0,100.0,0.0,100.0,0.0,100.0,0.0,100.0,0.0,100.0,0.0,77.0,23.0,100.0,0.0,100.0,1.0,93.0,14473.0,23.0,23.0,100.0,0.0,100.0,0.0,200.0,0.0,100.0,35834.0,100.0,53035014776.0,100.0,193594880212.0
2019-12-16,Z304HES6,ST4000DM000,4000787030016,0,118.0,172728768.0,92.0,0.0,100.0,11.0,100.0,0.0,89.0,880759455.0,59.0,35992.0,100.0,0.0,100.0,11.0,100.0,0.0,100.0,0.0,100.0,0.0,100.0,0.0,100.0,0.0,77.0,23.0,100.0,0.0,100.0,1.0,93.0,14473.0,23.0,23.0,100.0,0.0,100.0,0.0,200.0,0.0,100.0,35858.0,100.0,53049866368.0,100.0,193779043753.0
2019-12-17,Z304HES6,ST4000DM000,4000787030016,0,118.0,189503576.0,92.0,0.0,100.0,11.0,100.0,0.0,89.0,882431997.0,59.0,36016.0,100.0,0.0,100.0,11.0,100.0,0.0,100.0,0.0,100.0,0.0,100.0,0.0,100.0,0.0,77.0,23.0,100.0,0.0,100.0,1.0,93.0,14473.0,23.0,23.0,100.0,0.0,100.0,0.0,200.0,0.0,100.0,35882.0,100.0,53060123712.0,100.0,193912225826.0
2019-12-18,Z304HES6,ST4000DM000,4000787030016,0,114.0,58862040.0,92.0,0.0,100.0,11.0,100.0,0.0,89.0,884630914.0,59.0,36052.0,100.0,0.0,100.0,11.0,100.0,0.0,100.0,0.0,100.0,0.0,100.0,0.0,100.0,0.0,78.0,22.0,100.0,0.0,100.0,1.0,93.0,14473.0,22.0,22.0,100.0,0.0,100.0,0.0,200.0,0.0,100.0,35918.0,100.0,53075662240.0,100.0,194135381853.0
2019-12-19,Z304HES6,ST4000DM000,4000787030016,0,118.0,190125160.0,92.0,0.0,100.0,11.0,100.0,0.0,89.0,887851057.0,59.0,36076.0,100.0,0.0,100.0,11.0,100.0,0.0,100.0,0.0,100.0,0.0,100.0,0.0,100.0,0.0,78.0,22.0,100.0,0.0,100.0,1.0,93.0,14473.0,22.0,22.0,100.0,0.0,100.0,0.0,200.0,0.0,100.0,35942.0,100.0,53089121568.0,100.0,194327801735.0
2019-12-20,Z304HES6,ST4000DM000,4000787030016,0,118.0,190971168.0,92.0,0.0,100.0,11.0,100.0,0.0,89.0,888813682.0,59.0,36088.0,100.0,0.0,100.0,11.0,100.0,0.0,100.0,0.0,100.0,0.0,100.0,0.0,100.0,0.0,78.0,22.0,100.0,0.0,100.0,1.0,93.0,14473.0,22.0,22.0,100.0,0.0,100.0,0.0,200.0,0.0,100.0,35953.0,100.0,53095518336.0,100.0,194366463762.0
2019-12-21,Z304HES6,ST4000DM000,4000787030016,0,113.0,56603976.0,92.0,0.0,100.0,11.0,100.0,0.0,89.0,890582527.0,59.0,36112.0,100.0,0.0,100.0,11.0,100.0,0.0,100.0,0.0,100.0,0.0,100.0,0.0,100.0,0.0,77.0,23.0,100.0,0.0,100.0,1.0,93.0,14473.0,23.0,23.0,100.0,0.0,100.0,0.0,200.0,0.0,100.0,35977.0,100.0,53108095792.0,100.0,194547616162.0
2019-12-22,Z304HES6,ST4000DM000,4000787030016,0,115.0,100040016.0,92.0,0.0,100.0,11.0,100.0,0.0,89.0,891798830.0,59.0,36136.0,100.0,0.0,100.0,11.0,100.0,0.0,100.0,0.0,100.0,0.0,100.0,0.0,100.0,0.0,78.0,22.0,100.0,0.0,100.0,1.0,93.0,14473.0,22.0,22.0,100.0,0.0,100.0,0.0,200.0,0.0,100.0,36001.0,100.0,53123599408.0,100.0,194766000136.0
2019-12-23,Z304HES6,ST4000DM000,4000787030016,0,116.0,115797648.0,92.0,0.0,100.0,11.0,100.0,0.0,89.0,893012251.0,59.0,36160.0,100.0,0.0,100.0,11.0,100.0,0.0,100.0,0.0,100.0,0.0,100.0,0.0,100.0,0.0,77.0,23.0,100.0,0.0,100.0,1.0,93.0,14473.0,23.0,23.0,100.0,0.0,100.0,0.0,200.0,0.0,100.0,36025.0,100.0,53135339328.0,100.0,194968014084.0
2019-12-24,Z304HES6,ST4000DM000,4000787030016,0,116.0,108081344.0,92.0,0.0,100.0,11.0,100.0,0.0,89.0,894800983.0,59.0,36184.0,100.0,0.0,100.0,11.0,100.0,0.0,100.0,0.0,100.0,0.0,100.0,0.0,100.0,0.0,78.0,22.0,100.0,0.0,100.0,1.0,93.0,14473.0,22.0,22.0,100.0,0.0,100.0,0.0,200.0,0.0,100.0,36049.0,100.0,53149757384.0,100.0,195197358414.0
2019-12-25,Z304HES6,ST4000DM000,4000787030016,0,117.0,127973480.0,92.0,0.0,100.0,11.0,100.0,0.0,89.0,897781225.0,59.0,36220.0,100.0,0.0,100.0,11.0,100.0,0.0,100.0,0.0,100.0,0.0,100.0,0.0,100.0,0.0,78.0,22.0,100.0,0.0,100.0,1.0,93.0,14473.0,22.0,22.0,100.0,0.0,100.0,0.0,200.0,0.0,100.0,36085.0,100.0,53174880696.0,100.0,195526296529.0
2019-12-26,Z304HES6,ST4000DM000,4000787030016,0,118.0,170361512.0,92.0,0.0,100.0,11.0,100.0,0.0,89.0,899350324.0,59.0,36243.0,100.0,0.0,100.0,11.0,100.0,0.0,100.0,0.0,100.0,0.0,100.0,0.0,100.0,0.0,78.0,22.0,100.0,0.0,100.0,1.0,93.0,14473.0,22.0,22.0,100.0,0.0,100.0,0.0,200.0,0.0,100.0,36109.0,100.0,53186018912.0,100.0,195672055886.0
2019-12-27,Z304HES6,ST4000DM000,4000787030016,0,107.0,12731584.0,92.0,0.0,100.0,11.0,100.0,0.0,89.0,900739321.0,59.0,36267.0,100.0,0.0,100.0,11.0,100.0,0.0,100.0,0.0,100.0,0.0,100.0,0.0,100.0,0.0,78.0,22.0,100.0,0.0,100.0,1.0,93.0,14473.0,22.0,22.0,100.0,0.0,100.0,0.0,200.0,0.0,100.0,36133.0,100.0,53197825792.0,100.0,195877178483.0
2019-12-28,Z304HES6,ST4000DM000,4000787030016,0,119.0,218455784.0,92.0,0.0,100.0,11.0,100.0,0.0,89.0,901708476.0,59.0,36291.0,100.0,0.0,100.0,11.0,100.0,0.0,100.0,0.0,100.0,0.0,100.0,0.0,100.0,0.0,77.0,23.0,100.0,0.0,100.0,1.0,93.0,14473.0,23.0,23.0,100.0,0.0,100.0,0.0,200.0,0.0,100.0,36157.0,100.0,53209499488.0,100.0,196199731562.0
2019-12-29,Z304HES6,ST4000DM000,4000787030016,0,114.0,68938864.0,92.0,0.0,100.0,11.0,100.0,0.0,89.0,902865597.0,59.0,36315.0,100.0,0.0,100.0,11.0,100.0,0.0,100.0,0.0,100.0,0.0,100.0,0.0,100.0,0.0,77.0,23.0,100.0,0.0,100.0,1.0,93.0,14473.0,23.0,23.0,100.0,0.0,100.0,0.0,200.0,0.0,100.0,36180.0,100.0,53227127720.0,100.0,196560770576.0
2019-12-30,Z304HES6,ST4000DM000,4000787030016,0,120.0,238897968.0,92.0,0.0,100.0,11.0,100.0,0.0,89.0,904916702.0,59.0,36339.0,100.0,0.0,100.0,11.0,100.0,0.0,100.0,0.0,100.0,0.0,100.0,0.0,100.0,0.0,78.0,22.0,100.0,0.0,100.0,1.0,93.0,14473.0,22.0,22.0,100.0,0.0,100.0,0.0,200.0,0.0,100.0,36204.0,100.0,53239419096.0,100.0,196934970619.0
2019-12-31,Z304HES6,ST4000DM000,4000787030016,0,120.0,235922664.0,92.0,0.0,100.0,11.0,100.0,0.0,89.0,908228240.0,59.0,36363.0,100.0,0.0,100.0,11.0,100.0,0.0,100.0,0.0,100.0,0.0,100.0,0.0,100.0,0.0,78.0,22.0,100.0,0.0,100.0,1.0,93.0,14473.0,22.0,22.0,100.0,0.0,100.0,0.0,200.0,0.0,100.0,36228.0,100.0,53259171608.0,100.0,197254666055.0
