2019-01-01,ZCH07Z3S,ST12000NM0007,12000138625024,0,78,65052344,98.0,0.0,100.0,2.0,100.0,0.0,90.0,908967497.0,92,7830,100.0,0.0,100,1,,,,,100.0,0.0,100.0,0.0,,,76.0,24.0,,,100.0,130.0,100.0,501.0,24,24,100.0,0.0,100.0,0.0,200.0,0.0,100.0,7721.0,100.0,45000603208.0,100.0,33921970531.0
2019-01-02,ZCH07Z3S,ST12000NM0007,12000138625024,0,81,112632992,98.0,0.0,100.0,2.0,100.0,0.0,90.0,914274151.0,92,7855,100.0,0.0,100,1,,,,,100.0,0.0,100.0,0.0,,,77.0,23.0,,,100.0,131.0,100.0,502.0,23,23,100.0,0.0,100.0,0.0,200.0,0.0,100.0,7746.0,100.0,45120437520.0,100.0,34093857531.0
2019-01-03,ZCH07Z3S,ST12000NM0007,12000138625024,0,79.0,74347352.0,98.0,0.0,100.0,2.0,100.0,0.0,90.0,916771020.0,92.0,7878.0,100.0,0.0,100.0,1.0,,,,,100.0,0.0,100.0,0.0,,,77.0,23.0,,,100.0,131.0,100.0,503.0,23.0,23.0,100.0,0.0,100.0,0.0,200.0,0.0,100.0,7769.0,100.0,45186649776.0,100.0,34233500387.0
2019-01-04,ZCH07Z3S,ST12000NM0007,12000138625024,0,79,73246704,98.0,0.0,100.0,2.0,100.0,0.0,90.0,919660889.0,91,7903,100.0,0.0,100,1,,,,,100.0,0.0,100.0,0.0,,,75.0,25.0,,,100.0,131.0,100.0,504.0,25,25,100.0,0.0,100.0,0.0,200.0,0.0,100.0,7794.0,100.0,45267402216.0,100.0,34395788307.0
2019-01-05,ZCH07Z3S,ST12000NM0007,12000138625024,0,84,235056200,98.0,0.0,100.0,2.0,100.0,0.0,90.0,922055104.0,91,7926,100.0,0.0,100,1,,,,,100.0,0.0,100.0,0.0,,,75.0,25.0,,,100.0,131.0,100.0,505.0,25,25,100.0,0.0,100.0,0.0,200.0,0.0,100.0,7817.0,100.0,45332052952.0,100.0,34492947067.0
2019-01-06,ZCH07Z3S,ST12000NM0007,12000138625024,0,81,117152952,98.0,0.0,100.0,2.0,100.0,0.0,90.0,926790339.0,91,7950,100.0,0.0,100,1,,,,,100.0,0.0,100.0,0.0,,,74.0,26.0,,,100.0,131.0,100.0,506.0,26,26,100.0,0.0,100.0,0.0,200.0,0.0,100.0,7841.0,100.0,45460552712.0,100.0,34734825563.0
2019-01-07,ZCH07Z3S,ST12000NM0007,12000138625024,0,83,202128448,98.0,0.0,100.0,2.0,100.0,0.0,90.0,931705477.0,91,7974,100.0,0.0,100,1,,,,,100.0,0.0,100.0,0.0,,,76.0,24.0,,,100.0,131.0,100.0,507.0,24,24,100.0,0.0,100.0,0.0,200.0,0.0,100.0,7865.0,100.0,45578440072.0,100.0,34946054443.0
2019-01-08,ZCH07Z3S,ST12000NM0007,12000138625024,0,73,21946704,98.0,0.0,100.0,2.0,100.0,0.0,90.0,935080028.0,91,7998,100.0,0.0,100,1,,,,,100.0,0.0,100.0,0.0,,,78.0,22.0,,,100.0,132.0,100.0,508.0,22,22,100.0,0.0,100.0,0.0,200.0,0.0,100.0,7889.0,100.0,45728849096.0,100.0,35103745099.0
2019-01-09,ZCH07Z3S,ST12000NM0007,12000138625024,0,78,62618160,98.0,0.0,100.0,2.0,100.0,0.0,90.0,940296895.0,91,8022,100.0,0.0,100,1,,,,,100.0,0.0,100.0,0.0,,,78.0,22.0,,,100.0,133.0,100.0,509.0,22,22,100.0,0.0,100.0,0.0,200.0,0.0,100.0,7912.0,100.0,45853920072.0,100.0,35263486211.0
2019-01-10,ZCH07Z3S,ST12000NM0007,12000138625024,0,77,45766192,98.0,0.0,100.0,2.0,100.0,0.0,90.0,943130063.0,91,8047,100.0,0.0,100,1,,,,,100.0,0.0,100.0,0.0,,,78.0,22.0,,,100.0,133.0,100.0,510.0,22,22,100.0,0.0,100.0,0.0,200.0,0.0,100.0,7937.0,100.0,45929068528.0,100.0,35415626419.0
2019-01-11,ZCH07Z3S,ST12000NM0007,12000138625024,0,70.0,9886344.0,98.0,0.0,100.0,2.0,100.0,0.0,90.0,945718692.0,91.0,8071.0,100.0,0.0,100.0,1.0,,,,,100.0,0.0,100.0,0.0,,,78.0,22.0,,,100.0,134.0,100.0,511.0,22.0,22.0,100.0,0.0,100.0,0.0,200.0,0.0,100.0,7961.0,100.0,46007730616.0,100.0,35545225235.0
2019-01-12,ZCH07Z3S,ST12000NM0007,12000138625024,0,83,192492128,98.0,0.0,100.0,2.0,100.0,0.0,90.0,947866010.0,91,8093,100.0,0.0,100,1,,,,,100.0,0.0,100.0,0.0,,,79.0,21.0,,,100.0,135.0,100.0,512.0,21,21,100.0,0.0,100.0,0.0,200.0,0.0,100.0,7983.0,100.0,46072461360.0,100.0,35663100275.0
2019-01-13,ZCH07Z3S,ST12000NM0007,12000138625024,0,84,235216816,98.0,0.0,100.0,2.0,100.0,0.0,90.0,952274317.0,91,8117,100.0,0.0,100,1,,,,,100.0,0.0,100.0,0.0,,,77.0,23.0,,,100.0,135.0,100.0,513.0,23,23,100.0,0.0,100.0,0.0,200.0,0.0,100.0,8007.0,100.0,46186812384.0,100.0,35835614595.0
2019-01-14,ZCH07Z3S,ST12000NM0007,12000138625024,0,83,202500432,98.0,0.0,100.0,2.0,100.0,0.0,90.0,955362695.0,91,8140,100.0,0.0,100,1,,,,,100.0,0.0,100.0,0.0,,,78.0,22.0,,,100.0,135.0,100.0,514.0,22,22,100.0,0.0,100.0,0.0,200.0,0.0,100.0,8030.0,100.0,46247750296.0,100.0,35986100931.0
2019-01-15,ZCH07Z3S,ST12000NM0007,12000138625024,0,83.0,183437064.0,98.0,0.0,100.0,2.0,100.0,0.0,90.0,958073747.0,91.0,8166.0,100.0,0.0,100.0,1.0,,,,,100.0,0.0,100.0,0.0,,,77.0,23.0,,,100.0,136.0,100.0,515.0,23.0,23.0,100.0,0.0,100.0,0.0,200.0,0.0,100.0,8056.0,100.0,46329363160.0,100.0,36129565339.0
2019-01-16,ZCH07Z3S,ST12000NM0007,12000138625024,0,84,232906368,98.0,0.0,100.0,2.0,100.0,0.0,90.0,962965158.0,91,8191,100.0,0.0,100,1,,,,,100.0,0.0,100.0,0.0,,,76.0,24.0,,,100,136,100.0,516.0,24,24,100.0,0.0,100.0,0.0,200.0,0.0,100.0,8080.0,100.0,46445839208.0,100.0,36306700315.0
2019-01-17,ZCH07Z3S,ST12000NM0007,12000138625024,0,81,120601584,98.0,0.0,100.0,2.0,100.0,0.0,90.0,964913318.0,91,8215,100.0,0.0,100,1,,,,,100.0,0.0,100.0,0.0,,,77.0,23.0,,,100,136,100.0,517.0,23,23,100.0,0.0,100.0,0.0,200.0,0.0,100.0,8104.0,100.0,46502419776.0,100.0,36381955835.0
2019-01-18,ZCH07Z3S,ST12000NM0007,12000138625024,0,79,76665656,98.0,0.0,100.0,2.0,100.0,0.0,90.0,967344094.0,91,8239,100.0,0.0,100,1,,,,,100.0,0.0,100.0,0.0,,,78.0,22.0,,,100,136,100.0,518.0,22,22,100.0,0.0,100.0,0.0,200.0,0.0,100.0,8128.0,100.0,46556239840.0,100.0,36528340531.0
2019-01-19,ZCH07Z3S,ST12000NM0007,12000138625024,0,68,5685376,98.0,0.0,100.0,2.0,100.0,0.0,90.0,969370320.0,91,8262,100.0,0.0,100,1,,,,,100.0,0.0,100.0,0.0,,,78.0,22.0,,,100,137,100.0,519.0,22,22,100.0,0.0,100.0,0.0,200.0,0.0,100.0,8152.0,100.0,46610155648.0,100.0,36647585187.0
2019-01-20,ZCH07Z3S,ST12000NM0007,12000138625024,0,79,88104344,98.0,0.0,100.0,2.0,100.0,0.0,90.0,974181780.0,91,8287,100.0,0.0,100,1,,,,,100.0,0.0,100.0,0.0,,,78.0,22.0,,,100,138,100.0,520.0,22,22,100.0,0.0,100.0,0.0,200.0,0.0,100.0,8177.0,100.0,46718511400.0,100.0,36865790139.0
2019-01-21,ZCH07Z3S,ST12000NM0007,12000138625024,0,75,28866704,98.0,0.0,100.0,2.0,100.0,0.0,90.0,976938517.0,91,8310,100.0,0.0,100,1,,,,,100.0,0.0,100.0,0.0,,,78.0,22.0,,,100,139,100.0,521.0,22,22,100.0,0.0,100.0,0.0,200.0,0.0,100.0,8199.0,100.0,46771804136.0,100.0,36997400531.0
2019-01-22,ZCH07Z3S,ST12000NM0007,12000138625024,0,84.0,227530944.0,98.0,0.0,100.0,2.0,100.0,0.0,90.0,979505716.0,91.0,8335.0,100.0,0.0,100.0,1.0,,,,,100.0,0.0,100.0,0.0,,,76.0,24.0,,,100.0,139.0,100.0,522.0,24.0,24.0,100.0,0.0,100.0,0.0,200.0,0.0,100.0,8223.0,100.0,46832649760.0,100.0,37135219147.0
2019-01-23,ZCH07Z3S,ST12000NM0007,12000138625024,0,83.0,204465608.0,98.0,0.0,100.0,2.0,100.0,0.0,90.0,984313443.0,91.0,8351.0,100.0,0.0,100.0,1.0,,,,,100.0,0.0,100.0,0.0,,,77.0,23.0,,,100.0,139.0,100.0,522.0,23.0,23.0,100.0,0.0,100.0,0.0,200.0,0.0,100.0,8240.0,100.0,46916758424.0,100.0,37272185899.0
2019-01-24,ZCH07Z3S,ST12000NM0007,12000138625024,0,83.0,202003224.0,98.0,0.0,100.0,2.0,100.0,0.0,90.0,987026542.0,91.0,8377.0,100.0,0.0,100.0,1.0,,,,,100.0,0.0,100.0,0.0,,,78.0,22.0,,,100.0,139.0,100.0,523.0,22.0,22.0,100.0,0.0,100.0,0.0,200.0,0.0,100.0,8266.0,100.0,46990883800.0,100.0,37439738787.0
2019-01-25,ZCH07Z3S,ST12000NM0007,12000138625024,0,81,113070800,98.0,0.0,100.0,2.0,100.0,0.0,90.0,988687169.0,91,8393,100.0,0.0,100,1,,,,,100.0,0.0,100.0,0.0,,,78.0,22.0,,,100,140,100.0,524.0,22,22,100.0,0.0,100.0,0.0,200.0,0.0,100.0,8282.0,100.0,47037075240.0,100.0,37548755555.0
2019-01-26,ZCH07Z3S,ST12000NM0007,12000138625024,0,82,153596800,98.0,0.0,100.0,2.0,100.0,0.0,90.0,992088006.0,91,8425,100.0,0.0,100,1,,,,,100.0,0.0,100.0,0.0,,,78.0,22.0,,,100,140,100.0,525.0,22,22,100.0,0.0,100.0,0.0,200.0,0.0,100.0,8313.0,100.0,47126594104.0,100.0,37743903363.0
2019-01-27,ZCH07Z3S,ST12000NM0007,12000138625024,0,77,45750128,98.0,0.0,100.0,2.0,100.0,0.0,90.0,993731965.0,91,8440,100.0,0.0,100,1,,,,,100.0,0.0,100.0,0.0,,,77.0,23.0,,,100,141,100.0,526.0,23,23,100.0,0.0,100.0,0.0,200.0,0.0,100.0,8329.0,100.0,47161691280.0,100.0,37845100243.0
2019-01-28,ZCH07Z3S,ST12000NM0007,12000138625024,0,75,34553368,98.0,0.0,100.0,2.0,100.0,0.0,90.0,482932.0,91,8472,100.0,0.0,100,1,,,,,100.0,0.0,100.0,0.0,,,78.0,22.0,,,100,143,100.0,528.0,22,22,100.0,0.0,100.0,0.0,200.0,0.0,100.0,8360.0,100.0,47287705352.0,100.0,38196170675.0
2019-01-29,ZCH07Z3S,ST12000NM0007,12000138625024,0,83,200695256,98.0,0.0,100.0,2.0,100.0,0.0,64.0,2441790.0,91,8488,100.0,0.0,100,1,,,,,100.0,0.0,100.0,0.0,,,77.0,23.0,,,100,143,100.0,528.0,23,23,100.0,0.0,100.0,0.0,200.0,0.0,100.0,8376.0,100.0,47327646032.0,100.0,38322371883.0
2019-01-30,ZCH07Z3S,ST12000NM0007,12000138625024,0,79,76440376,98.0,0.0,100.0,2.0,100.0,0.0,69.0,8595306.0,91,8520,100.0,0.0,100,1,,,,,100.0,0.0,100.0,0.0,,,78.0,22.0,,,100,144,100.0,530.0,22,22,100.0,0.0,100.0,0.0,200.0,0.0,100.0,8408.0,100.0,47459723432.0,100.0,38554321283.0
2019-01-31,ZCH07Z3S,ST12000NM0007,12000138625024,0,84,228950552,98.0,0.0,100.0,2.0,100.0,0.0,70.0,10486186.0,91,8536,100.0,0.0,100,1,,,,,100.0,0.0,100.0,0.0,,,77.0,23.0,,,100,144,100.0,530.0,23,23,100.0,0.0,100.0,0.0,200.0,0.0,100.0,8424.0,100.0,47503885272.0,100.0,38662669619.0
2019-02-01,ZCH07Z3S,ST12000NM0007,12000138625024,0,73,19160120,98.0,0.0,100.0,2.0,100.0,0.0,71.0,13781652.0,91,8567,100.0,0.0,100,1,,,,,100.0,0.0,100.0,0.0,,,78.0,22.0,,,100,145,100.0,531.0,22,22,100.0,0.0,100.0,0.0,200.0,0.0,100.0,8455.0,100.0,47592894528.0,100.0,38852151371.0
2019-02-02,ZCH07Z3S,ST12000NM0007,12000138625024,0,83.0,197521288.0,98.0,0.0,100.0,2.0,100.0,0.0,72.0,15782274.0,91.0,8583.0,100.0,0.0,100.0,1.0,,,,,100.0,0.0,100.0,0.0,,,78.0,22.0,,,100.0,146.0,100.0,532.0,22.0,22.0,100.0,0.0,100.0,0.0,200.0,0.0,100.0,8471.0,100.0,47632784120.0,100.0,38990622947.0
2019-02-03,ZCH07Z3S,ST12000NM0007,12000138625024,0,78,70756544,98.0,0.0,100.0,2.0,100.0,0.0,73.0,19991177.0,91,8615,100.0,0.0,100,1,,,,,100.0,0.0,100.0,0.0,,,78.0,22.0,,,100,146,100.0,533.0,22,22,100.0,0.0,100.0,0.0,200.0,0.0,100.0,8503.0,100.0,47746031672.0,100.0,39238892731.0
2019-02-04,ZCH07Z3S,ST12000NM0007,12000138625024,0,81,120014344,98.0,0.0,100.0,2.0,100.0,0.0,74.0,24389199.0,91,8631,100.0,0.0,100,1,,,,,100.0,0.0,100.0,0.0,,,77.0,23.0,,,100,146,100.0,534.0,23,23,100.0,0.0,100.0,0.0,200.0,0.0,100.0,8519.0,100.0,47828363744.0,100.0,39449959211.0
2019-02-05,ZCH07Z3S,ST12000NM0007,12000138625024,0,82.0,164451168.0,98.0,0.0,100.0,2.0,100.0,0.0,74.0,28013233.0,91.0,8663.0,100.0,0.0,100.0,1.0,,,,,100.0,0.0,100.0,0.0,,,77.0,23.0,,,100.0,146.0,100.0,535.0,23.0,23.0,100.0,0.0,100.0,0.0,200.0,0.0,100.0,8550.0,100.0,47917343536.0,100.0,39649556979.0
2019-02-06,ZCH07Z3S,ST12000NM0007,12000138625024,0,79,72029560,98.0,0.0,100.0,2.0,100.0,0.0,75.0,34761064.0,91,8694,100.0,0.0,100,1,,,,,100.0,0.0,100.0,0.0,,,76.0,24.0,,,100,147,100.0,537.0,24,24,100.0,0.0,100.0,0.0,200.0,0.0,100.0,8582.0,100.0,48061960464.0,100.0,39900799763.0
2019-02-07,ZCH07Z3S,ST12000NM0007,12000138625024,0,83.0,208105744.0,98.0,0.0,100.0,2.0,100.0,0.0,76.0,36411328.0,91.0,8710.0,100.0,0.0,100.0,1.0,,,,,100.0,0.0,100.0,0.0,,,77.0,23.0,,,100.0,147.0,100.0,537.0,23.0,23.0,100.0,0.0,100.0,0.0,200.0,0.0,100.0,8597.0,100.0,48101539008.0,100.0,39997297403.0
2019-02-08,ZCH07Z3S,ST12000NM0007,12000138625024,0,100,2319064,98.0,0.0,100.0,2.0,100.0,0.0,76.0,39759135.0,91,8742,100.0,0.0,100,1,,,,,100.0,0.0,100.0,0.0,,,75.0,25.0,,,100,147,100.0,539.0,25,25,100.0,0.0,100.0,0.0,200.0,0.0,100.0,8629.0,100.0,48191555448.0,100.0,40189775571.0
2019-02-09,ZCH07Z3S,ST12000NM0007,12000138625024,0,80.0,100851720.0,98.0,0.0,100.0,2.0,100.0,0.0,76.0,41156242.0,91.0,8758.0,100.0,0.0,100.0,1.0,,,,,100.0,0.0,100.0,0.0,,,78.0,22.0,,,100.0,147.0,100.0,539.0,22.0,22.0,100.0,0.0,100.0,0.0,200.0,0.0,100.0,8645.0,100.0,48236459184.0,100.0,40243404491.0
2019-02-10,ZCH07Z3S,ST12000NM0007,12000138625024,0,84,226516312,98.0,0.0,100.0,2.0,100.0,0.0,77.0,46027756.0,90,8789,100.0,0.0,100,1,,,,,100.0,0.0,100.0,0.0,,,76.0,24.0,,,100,147,100.0,541.0,24,24,100.0,0.0,100.0,0.0,200.0,0.0,100.0,8676.0,100.0,48347845288.0,100.0,40501823803.0
2019-02-11,ZCH07Z3S,ST12000NM0007,12000138625024,0,83,183640896,98.0,0.0,100.0,2.0,100.0,0.0,77.0,49721760.0,90,8805,100.0,0.0,100,1,,,,,100.0,0.0,100.0,0.0,,,76.0,24.0,,,100,147,100.0,541.0,24,24,100.0,0.0,100.0,0.0,200.0,0.0,100.0,8692.0,100.0,48412678624.0,100.0,40638255875.0
2019-02-12,ZCH07Z3S,ST12000NM0007,12000138625024,0,83.0,192346136.0,98.0,0.0,100.0,2.0,100.0,0.0,77.0,53198815.0,90.0,8837.0,100.0,0.0,100.0,1.0,,,,,100.0,0.0,100.0,0.0,,,76.0,24.0,,,100.0,148.0,100.0,543.0,24.0,24.0,100.0,0.0,100.0,0.0,200.0,0.0,100.0,8724.0,100.0,48504400224.0,100.0,40799380155.0
2019-02-13,ZCH07Z3S,ST12000NM0007,12000138625024,0,82,172840720,98.0,0.0,100.0,2.0,100.0,0.0,78.0,57138879.0,90,8853,100.0,0.0,100,1,,,,,100.0,0.0,100.0,0.0,,,77.0,23.0,,,100,148,100.0,543.0,23,23,100.0,0.0,100.0,0.0,200.0,0.0,100.0,8740.0,100.0,48594617952.0,100.0,40933798195.0
2019-02-14,ZCH07Z3S,ST12000NM0007,12000138625024,0,83,222638888,98.0,0.0,100.0,2.0,100.0,0.0,78.0,61670282.0,90,8885,100.0,0.0,100,1,,,,,100.0,0.0,100.0,0.0,,,77.0,23.0,,,100,149,100.0,545.0,23,23,100.0,0.0,100.0,0.0,200.0,0.0,100.0,8771.0,100.0,48708477680.0,100.0,41113877307.0
2019-02-15,ZCH07Z3S,ST12000NM0007,12000138625024,0,81.0,128457368.0,98.0,0.0,100.0,2.0,100.0,0.0,78.0,63505384.0,90.0,8901.0,100.0,0.0,100.0,1.0,,,,,100.0,0.0,100.0,0.0,,,78.0,22.0,,,100.0,149.0,100.0,545.0,22.0,22.0,100.0,0.0,100.0,0.0,200.0,0.0,100.0,8787.0,100.0,48767329984.0,100.0,41204984259.0
2019-02-16,ZCH07Z3S,ST12000NM0007,12000138625024,0,82.0,155867216.0,98.0,0.0,100.0,2.0,100.0,0.0,78.0,67312730.0,90.0,8932.0,100.0,0.0,100.0,1.0,,,,,100.0,0.0,100.0,0.0,,,77.0,23.0,,,100.0,151.0,100.0,547.0,23.0,23.0,100.0,0.0,100.0,0.0,200.0,0.0,100.0,8819.0,100.0,48884959912.0,100.0,41358904827.0
2019-02-17,ZCH07Z3S,ST12000NM0007,12000138625024,0,78,69015264,98.0,0.0,100.0,2.0,100.0,0.0,78.0,69473231.0,90,8948,100.0,0.0,100,1,,,,,100.0,0.0,100.0,0.0,,,77.0,23.0,,,100,151,100.0,547.0,23,23,100.0,0.0,100.0,0.0,200.0,0.0,100.0,8835.0,100.0,48951127944.0,100.0,41450025651.0
2019-02-18,ZCH07Z3S,ST12000NM0007,12000138625024,0,71,12346440,98.0,0.0,100.0,2.0,100.0,0.0,79.0,76591836.0,90,8980,100.0,0.0,100,1,,,,,100.0,0.0,100.0,0.0,,,75.0,25.0,,,100,152,100.0,549.0,25,25,100.0,0.0,100.0,0.0,200.0,0.0,100.0,8867.0,100.0,49079491728.0,100.0,41753274395.0
2019-02-19,ZCH07Z3S,ST12000NM0007,12000138625024,0,82,165091456,98.0,0.0,100.0,2.0,100.0,0.0,79.0,78438037.0,90,8996,100.0,0.0,100,1,,,,,100.0,0.0,100.0,0.0,,,76.0,24.0,,,100,152,100.0,549.0,24,24,100.0,0.0,100.0,0.0,200.0,0.0,100.0,8882.0,100.0,49123226360.0,100.0,41862284779.0
2019-02-20,ZCH07Z3S,ST12000NM0007,12000138625024,0,100.0,555984.0,98.0,0.0,100.0,2.0,100.0,0.0,79.0,84401655.0,90.0,9027.0,100.0,0.0,100.0,1.0,,,,,100.0,0.0,100.0,0.0,,,76.0,24.0,,,100.0,153.0,100.0,551.0,24.0,24.0,100.0,0.0,100.0,0.0,200.0,0.0,100.0,8914.0,100.0,49257180648.0,100.0,42052076715.0
2019-02-21,ZCH07Z3S,ST12000NM0007,12000138625024,0,79,83711784,98.0,0.0,100.0,2.0,100.0,0.0,79.0,85621535.0,90,9043,100.0,0.0,100,1,,,,,100.0,0.0,100.0,0.0,,,77.0,23.0,,,100,153,100.0,551.0,23,23,100.0,0.0,100.0,0.0,200.0,0.0,100.0,8930.0,100.0,49291559368.0,100.0,42100853795.0
2019-02-22,ZCH07Z3S,ST12000NM0007,12000138625024,0,80,110926888,98.0,0.0,100.0,2.0,100.0,0.0,79.0,88619943.0,90,9075,100.0,0.0,100,1,,,,,100.0,0.0,100.0,0.0,,,75.0,25.0,,,100,155,100.0,553.0,25,25,100.0,0.0,100.0,0.0,200.0,0.0,100.0,8961.0,100.0,49344283432.0,100.0,42319485515.0
2019-02-23,ZCH07Z3S,ST12000NM0007,12000138625024,0,84.0,239110184.0,98.0,0.0,100.0,2.0,100.0,0.0,80.0,90085415.0,90.0,9091.0,100.0,0.0,100.0,1.0,,,,,100.0,0.0,100.0,0.0,,,76.0,24.0,,,100.0,155.0,100.0,553.0,24.0,24.0,100.0,0.0,100.0,0.0,200.0,0.0,100.0,8977.0,100.0,49375775288.0,100.0,42416176955.0
2019-02-24,ZCH07Z3S,ST12000NM0007,12000138625024,0,81,131297432,98.0,0.0,100.0,2.0,100.0,0.0,80.0,94610641.0,90,9123,100.0,0.0,100,1,,,,,100.0,0.0,100.0,0.0,,,76.0,24.0,,,100,157,100.0,555.0,24,24,100.0,0.0,100.0,0.0,200.0,0.0,100.0,9009.0,100.0,49499667688.0,100.0,42672754235.0
2019-02-25,ZCH07Z3S,ST12000NM0007,12000138625024,0,79,72673672,98.0,0.0,100.0,2.0,100.0,0.0,80.0,98122717.0,90,9139,100.0,0.0,100,1,,,,,100.0,0.0,100.0,0.0,,,78.0,22.0,,,100,157,100.0,555.0,22,22,100.0,0.0,100.0,0.0,200.0,0.0,100.0,9024.0,100.0,49555257880.0,100.0,42802681147.0
2019-02-26,ZCH07Z3S,ST12000NM0007,12000138625024,0,78,68160320,98.0,0.0,100.0,2.0,100.0,0.0,80.0,100941435.0,90,9170,100.0,0.0,100,1,,,,,100.0,0.0,100.0,0.0,,,76.0,24.0,,,100,158,100.0,557.0,24,24,100.0,0.0,100.0,0.0,200.0,0.0,100.0,9056.0,100.0,49622492704.0,100.0,42975073675.0
2019-02-27,ZCH07Z3S,ST12000NM0007,12000138625024,0,78.0,64312928.0,98.0,0.0,100.0,2.0,100.0,0.0,80.0,104852761.0,90.0,9186.0,100.0,0.0,100.0,1.0,,,,,100.0,0.0,100.0,0.0,,,76.0,24.0,,,100.0,158.0,100.0,557.0,24.0,24.0,100.0,0.0,100.0,0.0,200.0,0.0,100.0,9072.0,100.0,49723107080.0,100.0,43114752603.0
2019-02-28,ZCH07Z3S,ST12000NM0007,12000138625024,0,79,74864824,98.0,0.0,100.0,2.0,100.0,0.0,80.0,108337136.0,90,9218,100.0,0.0,100,1,,,,,100.0,0.0,100.0,0.0,,,78.0,22.0,,,100,159,100.0,559.0,22,22,100.0,0.0,100.0,0.0,200.0,0.0,100.0,9103.0,100.0,49794639016.0,100.0,43297913227.0
2019-03-01,ZCH07Z3S,ST12000NM0007,12000138625024,0,82.0,165588176.0,98.0,0.0,100.0,2.0,100.0,0.0,80.0,109628901.0,90.0,9233.0,100.0,0.0,100.0,1.0,,,,,100.0,0.0,100.0,0.0,,,78.0,22.0,,,100.0,159.0,100.0,559.0,22.0,22.0,100.0,0.0,100.0,0.0,200.0,0.0,100.0,9119.0,100.0,49821778088.0,100.0,43361497507.0
2019-03-02,ZCH07Z3S,ST12000NM0007,12000138625024,0,82.0,172366976.0,98.0,0.0,100.0,2.0,100.0,0.0,81.0,112782318.0,90.0,9265.0,100.0,0.0,100.0,1.0,,,,,100.0,0.0,100.0,0.0,,,78.0,22.0,,,100.0,160.0,100.0,561.0,22.0,22.0,100.0,0.0,100.0,0.0,200.0,0.0,100.0,9150.0,100.0,49887425984.0,100.0,43546769083.0
2019-03-03,ZCH07Z3S,ST12000NM0007,12000138625024,0,77.0,44894272.0,98.0,0.0,100.0,2.0,100.0,0.0,81.0,114322981.0,90.0,9281.0,100.0,0.0,100.0,1.0,,,,,100.0,0.0,100.0,0.0,,,76.0,24.0,,,100.0,160.0,100.0,561.0,24.0,24.0,100.0,0.0,100.0,0.0,200.0,0.0,100.0,9166.0,100.0,49917553704.0,100.0,43633309507.0
2019-03-04,ZCH07Z3S,ST12000NM0007,12000138625024,0,83,216060016,98.0,0.0,100.0,2.0,100.0,0.0,81.0,120834085.0,90,9313,100.0,0.0,100,1,,,,,100.0,0.0,100.0,0.0,,,78.0,22.0,,,100,162,100.0,563.0,22,22,100.0,0.0,100.0,0.0,200.0,0.0,100.0,9198.0,100.0,50047280552.0,100.0,43918889075.0
2019-03-05,ZCH07Z3S,ST12000NM0007,12000138625024,0,79.0,74584936.0,98.0,0.0,100.0,2.0,100.0,0.0,81.0,122125274.0,90.0,9329.0,100.0,0.0,100.0,1.0,,,,,100.0,0.0,100.0,0.0,,,77.0,23.0,,,100.0,162.0,100.0,563.0,23.0,23.0,100.0,0.0,100.0,0.0,200.0,0.0,100.0,9214.0,100.0,50077809360.0,100.0,43991025931.0
2019-03-06,ZCH07Z3S,ST12000NM0007,12000138625024,0,83.0,179486576.0,98.0,0.0,100.0,2.0,100.0,0.0,81.0,128323129.0,90.0,9360.0,100.0,0.0,100.0,1.0,,,,,100.0,0.0,100.0,0.0,,,77.0,23.0,,,100.0,164.0,100.0,565.0,23.0,23.0,100.0,0.0,100.0,0.0,200.0,0.0,100.0,9245.0,100.0,50210058624.0,100.0,44207818939.0
2019-03-07,ZCH07Z3S,ST12000NM0007,12000138625024,0,76.0,41622752.0,98.0,0.0,100.0,2.0,100.0,0.0,81.0,129913638.0,90.0,9376.0,100.0,0.0,100.0,1.0,,,,,100.0,0.0,100.0,0.0,,,77.0,23.0,,,100.0,164.0,100.0,565.0,23.0,23.0,100.0,0.0,100.0,0.0,200.0,0.0,100.0,9261.0,100.0,50246009032.0,100.0,44278145347.0
2019-03-08,ZCH07Z3S,ST12000NM0007,12000138625024,0,78.0,66602792.0,98.0,0.0,100.0,2.0,100.0,0.0,81.0,133367962.0,90.0,9408.0,100.0,0.0,100.0,1.0,,,,,100.0,0.0,100.0,0.0,,,78.0,22.0,,,100.0,165.0,100.0,567.0,22.0,22.0,100.0,0.0,100.0,0.0,200.0,0.0,100.0,9292.0,100.0,50331900112.0,100.0,44461374939.0
2019-03-09,ZCH07Z3S,ST12000NM0007,12000138625024,0,83.0,210528408.0,98.0,0.0,100.0,2.0,100.0,0.0,81.0,135902208.0,90.0,9424.0,100.0,0.0,100.0,1.0,,,,,100.0,0.0,100.0,0.0,,,77.0,23.0,,,100.0,165.0,100.0,567.0,23.0,23.0,100.0,0.0,100.0,0.0,200.0,0.0,100.0,9308.0,100.0,50373844016.0,100.0,44563356651.0
2019-03-10,ZCH07Z3S,ST12000NM0007,12000138625024,0,72.0,15048760.0,98.0,0.0,100.0,2.0,100.0,0.0,81.0,139925409.0,90.0,9455.0,100.0,0.0,100.0,1.0,,,,,100.0,0.0,100.0,0.0,,,75.0,25.0,,,100.0,165.0,100.0,569.0,25.0,25.0,100.0,0.0,100.0,0.0,200.0,0.0,100.0,9340.0,100.0,50467726944.0,100.0,44762275667.0
2019-03-11,ZCH07Z3S,ST12000NM0007,12000138625024,0,81.0,117520568.0,98.0,0.0,100.0,2.0,100.0,0.0,82.0,145421107.0,90.0,9487.0,100.0,0.0,100.0,1.0,,,,,100.0,0.0,100.0,0.0,,,77.0,23.0,,,100.0,166.0,100.0,570.0,23.0,23.0,100.0,0.0,100.0,0.0,200.0,0.0,100.0,9371.0,100.0,50580169248.0,100.0,44996446011.0
2019-03-12,ZCH07Z3S,ST12000NM0007,12000138625024,0,84.0,239798464.0,98.0,0.0,100.0,2.0,100.0,0.0,82.0,147096320.0,90.0,9502.0,100.0,0.0,100.0,1.0,,,,,100.0,0.0,100.0,0.0,,,77.0,23.0,,,100.0,167.0,100.0,571.0,23.0,23.0,100.0,0.0,100.0,0.0,200.0,0.0,100.0,9387.0,100.0,50623295400.0,100.0,45075597755.0
2019-03-13,ZCH07Z3S,ST12000NM0007,12000138625024,0,81.0,140898720.0,98.0,0.0,100.0,2.0,100.0,0.0,82.0,153106910.0,90.0,9534.0,100.0,0.0,100.0,1.0,,,,,100.0,0.0,100.0,0.0,,,77.0,23.0,,,100.0,168.0,100.0,572.0,23.0,23.0,100.0,0.0,100.0,0.0,200.0,0.0,100.0,9418.0,100.0,50764594376.0,100.0,45323680435.0
2019-03-14,ZCH07Z3S,ST12000NM0007,12000138625024,0,78.0,62830488.0,98.0,0.0,100.0,2.0,100.0,0.0,82.0,155014169.0,90.0,9550.0,100.0,0.0,100.0,1.0,,,,,100.0,0.0,100.0,0.0,,,78.0,22.0,,,100.0,168.0,100.0,573.0,22.0,22.0,100.0,0.0,100.0,0.0,200.0,0.0,100.0,9434.0,100.0,50835160632.0,100.0,45419186723.0
2019-03-15,ZCH07Z3S,ST12000NM0007,12000138625024,0,80.0,93446528.0,98.0,0.0,100.0,2.0,100.0,0.0,82.0,158110873.0,90.0,9581.0,100.0,0.0,100.0,1.0,,,,,100.0,0.0,100.0,0.0,,,78.0,22.0,,,100.0,169.0,100.0,574.0,22.0,22.0,100.0,0.0,100.0,0.0,200.0,0.0,100.0,9465.0,100.0,50941216336.0,100.0,45587887739.0
2019-03-16,ZCH07Z3S,ST12000NM0007,12000138625024,0,84.0,242444136.0,98.0,0.0,100.0,2.0,100.0,0.0,82.0,159871121.0,90.0,9597.0,100.0,0.0,100.0,1.0,,,,,100.0,0.0,100.0,0.0,,,78.0,22.0,,,100.0,169.0,100.0,574.0,22.0,22.0,100.0,0.0,100.0,0.0,200.0,0.0,100.0,9481.0,100.0,50979076944.0,100.0,45699024739.0
2019-03-17,ZCH07Z3S,ST12000NM0007,12000138625024,0,82.0,149992744.0,98.0,0.0,100.0,2.0,100.0,0.0,82.0,165180164.0,90.0,9629.0,100.0,0.0,100.0,1.0,,,,,100.0,0.0,100.0,0.0,,,78.0,22.0,,,100.0,170.0,100.0,576.0,22.0,22.0,100.0,0.0,100.0,0.0,200.0,0.0,100.0,9513.0,100.0,51087939112.0,100.0,45985993003.0
2019-03-18,ZCH07Z3S,ST12000NM0007,12000138625024,0,79.0,86347216.0,98.0,0.0,100.0,2.0,100.0,0.0,82.0,168284075.0,89.0,9645.0,100.0,0.0,100.0,1.0,,,,,100.0,0.0,100.0,0.0,,,79.0,21.0,,,100.0,170.0,100.0,576.0,21.0,21.0,100.0,0.0,100.0,0.0,200.0,0.0,100.0,9529.0,100.0,51128603144.0,100.0,46125824083.0
2019-03-19,ZCH07Z3S,ST12000NM0007,12000138625024,0,80.0,102081152.0,98.0,0.0,100.0,2.0,100.0,0.0,82.0,171474380.0,89.0,9676.0,100.0,0.0,100.0,1.0,,,,,100.0,0.0,100.0,0.0,,,78.0,22.0,,,100.0,172.0,100.0,578.0,22.0,22.0,100.0,0.0,100.0,0.0,200.0,0.0,100.0,9560.0,100.0,51205347248.0,100.0,46308954667.0
2019-03-20,ZCH07Z3S,ST12000NM0007,12000138625024,0,79.0,80458128.0,98.0,0.0,100.0,2.0,100.0,0.0,82.0,175433422.0,89.0,9692.0,100.0,0.0,100.0,1.0,,,,,100.0,0.0,100.0,0.0,,,78.0,22.0,,,100.0,172.0,100.0,578.0,22.0,22.0,100.0,0.0,100.0,0.0,200.0,0.0,100.0,9576.0,100.0,51287967656.0,100.0,46448851971.0
2019-03-21,ZCH07Z3S,ST12000NM0007,12000138625024,0,83.0,178296832.0,98.0,0.0,100.0,2.0,100.0,0.0,82.0,177172771.0,89.0,9708.0,100.0,0.0,100.0,1.0,,,,,100.0,0.0,100.0,0.0,,,78.0,22.0,,,100.0,173.0,100.0,579.0,22.0,22.0,100.0,0.0,100.0,0.0,200.0,0.0,100.0,9592.0,100.0,51324682792.0,100.0,46509975539.0
2019-03-22,ZCH07Z3S,ST12000NM0007,12000138625024,0,81.0,138648984.0,98.0,0.0,100.0,2.0,100.0,0.0,83.0,179980813.0,89.0,9740.0,100.0,0.0,100.0,1.0,,,,,100.0,0.0,100.0,0.0,,,78.0,22.0,,,100.0,173.0,100.0,580.0,22.0,22.0,100.0,0.0,100.0,0.0,200.0,0.0,100.0,9623.0,100.0,51401325712.0,100.0,46637825403.0
2019-03-23,ZCH07Z3S,ST12000NM0007,12000138625024,0,73.0,21003424.0,98.0,0.0,100.0,2.0,100.0,0.0,83.0,181469289.0,89.0,9756.0,100.0,0.0,100.0,1.0,,,,,100.0,0.0,100.0,0.0,,,76.0,24.0,,,100.0,173.0,100.0,581.0,24.0,24.0,100.0,0.0,100.0,0.0,200.0,0.0,100.0,9639.0,100.0,51450603336.0,100.0,46715043027.0
2019-03-24,ZCH07Z3S,ST12000NM0007,12000138625024,0,80.0,93662352.0,98.0,0.0,100.0,2.0,100.0,0.0,83.0,185259550.0,89.0,9788.0,100.0,0.0,100.0,1.0,,,,,100.0,0.0,100.0,0.0,,,77.0,23.0,,,100.0,174.0,100.0,582.0,23.0,23.0,100.0,0.0,100.0,0.0,200.0,0.0,100.0,9670.0,100.0,51541497160.0,100.0,46940948835.0
2019-03-25,ZCH07Z3S,ST12000NM0007,12000138625024,0,81.0,112281096.0,98.0,0.0,100.0,2.0,100.0,0.0,83.0,189899134.0,89.0,9803.0,100.0,0.0,100.0,1.0,,,,,100.0,0.0,100.0,0.0,,,75.0,25.0,,,100.0,175.0,100.0,583.0,25.0,25.0,100.0,0.0,100.0,0.0,200.0,0.0,100.0,9686.0,100.0,51632285496.0,100.0,47112920011.0
2019-03-26,ZCH07Z3S,ST12000NM0007,12000138625024,0,80.0,90753496.0,98.0,0.0,100.0,2.0,100.0,0.0,83.0,193090697.0,89.0,9835.0,100.0,0.0,100.0,1.0,,,,,100.0,0.0,100.0,0.0,,,78.0,22.0,,,100.0,176.0,100.0,584.0,22.0,22.0,100.0,0.0,100.0,0.0,200.0,0.0,100.0,9718.0,100.0,51722799392.0,100.0,47245019451.0
2019-03-27,ZCH07Z3S,ST12000NM0007,12000138625024,0,75.0,28338040.0,98.0,0.0,100.0,2.0,100.0,0.0,83.0,195761173.0,89.0,9851.0,100.0,0.0,100.0,1.0,,,,,100.0,0.0,100.0,0.0,,,77.0,23.0,,,100.0,177.0,100.0,585.0,23.0,23.0,100.0,0.0,100.0,0.0,200.0,0.0,100.0,9734.0,100.0,51809820176.0,100.0,47339723843.0
2019-03-28,ZCH07Z3S,ST12000NM0007,12000138625024,0,81.0,122144584.0,98.0,0.0,100.0,2.0,100.0,0.0,83.0,201497187.0,89.0,9883.0,100.0,0.0,100.0,1.0,,,,,100.0,0.0,100.0,0.0,,,78.0,22.0,,,100.0,177.0,100.0,586.0,22.0,22.0,100.0,0.0,100.0,0.0,200.0,0.0,100.0,9765.0,100.0,51925725832.0,100.0,47561765387.0
2019-03-29,ZCH07Z3S,ST12000NM0007,12000138625024,0,82.0,163966440.0,98.0,0.0,100.0,2.0,100.0,0.0,83.0,205220485.0,89.0,9914.0,100.0,0.0,100.0,1.0,,,,,100.0,0.0,100.0,0.0,,,78.0,22.0,,,100.0,178.0,100.0,588.0,22.0,22.0,100.0,0.0,100.0,0.0,200.0,0.0,100.0,9796.0,100.0,52029279656.0,100.0,47744174283.0
2019-03-30,ZCH07Z3S,ST12000NM0007,12000138625024,0,77.0,45676128.0,98.0,0.0,100.0,2.0,100.0,0.0,83.0,206907139.0,89.0,9930.0,100.0,0.0,100.0,1.0,,,,,100.0,0.0,100.0,0.0,,,78.0,22.0,,,100.0,178.0,100.0,588.0,22.0,22.0,100.0,0.0,100.0,0.0,200.0,0.0,100.0,9812.0,100.0,52073951088.0,100.0,47825353211.0
2019-03-31,ZCH07Z3S,ST12000NM0007,12000138625024,0,82.0,176787584.0,98.0,0.0,100.0,2.0,100.0,0.0,83.0,212333498.0,89.0,9962.0,100.0,0.0,100.0,1.0,,,,,100.0,0.0,100.0,0.0,,,78.0,22.0,,,100.0,179.0,100.0,590.0,22.0,22.0,100.0,0.0,100.0,0.0,200.0,0.0,100.0,9844.0,100.0,52194114576.0,100.0,48080442123.0
2019-04-01,ZCH07Z3S,ST12000NM0007,12000138625024,0,82.0,146145856.0,98.0,0.0,100.0,2.0,100.0,0.0,83.0,216314813.0,89.0,9977.0,100.0,0.0,100.0,1.0,,,,,100.0,0.0,100.0,0.0,,,77.0,23.0,,,100.0,179.0,100.0,590.0,23.0,23.0,100.0,0.0,100.0,0.0,200.0,0.0,100.0,9859.0,100.0,52261146664.0,100.0,48226909003.0
2019-04-02,ZCH07Z3S,ST12000NM0007,12000138625024,0,82.0,173883552.0,98.0,0.0,100.0,2.0,100.0,0.0,83.0,219678719.0,89.0,10009.0,100.0,0.0,100.0,1.0,,,,,100.0,0.0,100.0,0.0,,,78.0,22.0,,,100.0,179.0,100.0,592.0,22.0,22.0,100.0,0.0,100.0,0.0,200.0,0.0,100.0,9891.0,100.0,52356422736.0,100.0,48403511555.0
2019-04-03,ZCH07Z3S,ST12000NM0007,12000138625024,0,82.0,143416344.0,98.0,0.0,100.0,2.0,100.0,0.0,83.0,223231876.0,89.0,10025.0,100.0,0.0,100.0,1.0,,,,,100.0,0.0,100.0,0.0,,,78.0,22.0,,,100.0,179.0,100.0,592.0,22.0,22.0,100.0,0.0,100.0,0.0,200.0,0.0,100.0,9907.0,100.0,52440387936.0,100.0,48533220475.0
2019-04-04,ZCH07Z3S,ST12000NM0007,12000138625024,0,82.0,158185192.0,98.0,0.0,100.0,2.0,100.0,0.0,84.0,227040197.0,89.0,10056.0,100.0,0.0,100.0,1.0,,,,,100.0,0.0,100.0,0.0,,,78.0,22.0,,,100.0,181.0,100.0,594.0,22.0,22.0,100.0,0.0,100.0,0.0,200.0,0.0,100.0,9938.0,100.0,52529726912.0,100.0,48702791067.0
2019-04-05,ZCH07Z3S,ST12000NM0007,12000138625024,0,74.0,25751944.0,98.0,0.0,100.0,2.0,100.0,0.0,84.0,228379967.0,89.0,10072.0,100.0,0.0,100.0,1.0,,,,,100.0,0.0,100.0,0.0,,,78.0,22.0,,,100.0,181.0,100.0,594.0,22.0,22.0,100.0,0.0,100.0,0.0,200.0,0.0,100.0,9954.0,100.0,52561438128.0,100.0,48782787403.0
2019-04-06,ZCH07Z3S,ST12000NM0007,12000138625024,0,83.0,216192056.0,98.0,0.0,100.0,2.0,100.0,0.0,84.0,231230069.0,89.0,10104.0,100.0,0.0,100.0,1.0,,,,,100.0,0.0,100.0,0.0,,,78.0,22.0,,,100.0,182.0,100.0,596.0,22.0,22.0,100.0,0.0,100.0,0.0,200.0,0.0,100.0,9985.0,100.0,52642370496.0,100.0,48892295147.0
2019-04-07,ZCH07Z3S,ST12000NM0007,12000138625024,0,80.0,110146408.0,98.0,0.0,100.0,2.0,100.0,0.0,84.0,232927267.0,89.0,10120.0,100.0,0.0,100.0,1.0,,,,,100.0,0.0,100.0,0.0,,,78.0,22.0,,,100.0,182.0,100.0,596.0,22.0,22.0,100.0,0.0,100.0,0.0,200.0,0.0,100.0,10001.0,100.0,52688988048.0,100.0,48983772787.0
2019-04-08,ZCH07Z3S,ST12000NM0007,12000138625024,0,65.0,3315456.0,98.0,0.0,100.0,2.0,100.0,0.0,84.0,239167973.0,89.0,10152.0,100.0,0.0,100.0,1.0,,,,,100.0,0.0,100.0,0.0,,,79.0,21.0,,,100.0,184.0,100.0,598.0,21.0,21.0,100.0,0.0,100.0,0.0,200.0,0.0,100.0,10032.0,100.0,52810312776.0,100.0,49243898563.0
2019-04-09,ZCH07Z3S,ST12000NM0007,12000138625024,0,83.0,200887376.0,98.0,0.0,100.0,2.0,100.0,0.0,84.0,242128927.0,89.0,10183.0,100.0,0.0,100.0,1.0,,,,,100.0,0.0,100.0,0.0,,,77.0,23.0,,,100.0,185.0,100.0,599.0,23.0,23.0,100.0,0.0,100.0,0.0,200.0,0.0,100.0,10064.0,100.0,52892550464.0,100.0,49359232795.0
2019-04-10,ZCH07Z3S,ST12000NM0007,12000138625024,0,82.0,157936600.0,98.0,0.0,100.0,2.0,100.0,0.0,84.0,246170669.0,89.0,10199.0,100.0,0.0,100.0,1.0,,,,,100.0,0.0,100.0,0.0,,,78.0,22.0,,,100.0,186.0,100.0,600.0,22.0,22.0,100.0,0.0,100.0,0.0,200.0,0.0,100.0,10080.0,100.0,52985777392.0,100.0,49467195891.0
2019-04-11,ZCH07Z3S,ST12000NM0007,12000138625024,0,80.0,110062072.0,98.0,0.0,100.0,2.0,100.0,0.0,84.0,248116386.0,89.0,10215.0,100.0,0.0,100.0,1.0,,,,,100.0,0.0,100.0,0.0,,,78.0,22.0,,,100.0,186.0,100.0,600.0,22.0,22.0,100.0,0.0,100.0,0.0,200.0,0.0,100.0,10096.0,100.0,53080843272.0,100.0,49568396195.0
2019-04-12,ZCH07Z3S,ST12000NM0007,12000138625024,0,79.0,78657560.0,98.0,0.0,100.0,2.0,100.0,0.0,84.0,250843072.0,89.0,10247.0,100.0,0.0,100.0,1.0,,,,,100.0,0.0,100.0,0.0,,,78.0,22.0,,,100.0,186.0,100.0,601.0,22.0,22.0,100.0,0.0,100.0,0.0,200.0,0.0,100.0,10127.0,100.0,53158784664.0,100.0,49703191123.0
2019-04-13,ZCH07Z3S,ST12000NM0007,12000138625024,0,83.0,217389816.0,98.0,0.0,100.0,2.0,100.0,0.0,84.0,252677698.0,89.0,10263.0,100.0,0.0,100.0,1.0,,,,,100.0,0.0,100.0,0.0,,,78.0,22.0,,,100.0,186.0,100.0,602.0,22.0,22.0,100.0,0.0,100.0,0.0,200.0,0.0,100.0,10143.0,100.0,53189776720.0,100.0,49810931323.0
2019-04-14,ZCH07Z3S,ST12000NM0007,12000138625024,0,80.0,108740184.0,98.0,0.0,100.0,2.0,100.0,0.0,84.0,256460534.0,89.0,10294.0,100.0,0.0,100.0,1.0,,,,,100.0,0.0,100.0,0.0,,,79.0,21.0,,,100.0,187.0,100.0,603.0,21.0,21.0,100.0,0.0,100.0,0.0,200.0,0.0,100.0,10175.0,100.0,53272836624.0,100.0,50107503739.0
2019-04-15,ZCH07Z3S,ST12000NM0007,12000138625024,0,79.0,86472024.0,98.0,0.0,100.0,2.0,100.0,0.0,84.0,260413136.0,89.0,10310.0,100.0,0.0,100.0,1.0,,,,,100.0,0.0,100.0,0.0,,,78.0,22.0,,,100.0,188.0,100.0,604.0,22.0,22.0,100.0,0.0,100.0,0.0,200.0,0.0,100.0,10191.0,100.0,53330274808.0,100.0,50271938859.0
2019-04-16,ZCH07Z3S,ST12000NM0007,12000138625024,0,77.0,52975088.0,98.0,0.0,100.0,2.0,100.0,0.0,84.0,263256199.0,89.0,10342.0,100.0,0.0,100.0,1.0,,,,,100.0,0.0,100.0,0.0,,,78.0,22.0,,,100.0,188.0,100.0,605.0,22.0,22.0,100.0,0.0,100.0,0.0,200.0,0.0,100.0,10222.0,100.0,53386531032.0,100.0,50426326371.0
2019-04-17,ZCH07Z3S,ST12000NM0007,12000138625024,0,81.0,137592184.0,98.0,0.0,100.0,2.0,100.0,0.0,84.0,269296259.0,89.0,10373.0,100.0,0.0,100.0,1.0,,,,,100.0,0.0,100.0,0.0,,,78.0,22.0,,,100.0,189.0,100.0,607.0,22.0,22.0,100.0,0.0,100.0,0.0,200.0,0.0,100.0,10254.0,100.0,53504111104.0,100.0,50637504027.0
2019-04-18,ZCH07Z3S,ST12000NM0007,12000138625024,0,84.0,234557344.0,98.0,0.0,100.0,2.0,100.0,0.0,84.0,270489909.0,89.0,10389.0,100.0,0.0,100.0,1.0,,,,,100.0,0.0,100.0,0.0,,,78.0,22.0,,,100.0,189.0,100.0,607.0,22.0,22.0,100.0,0.0,100.0,0.0,200.0,0.0,100.0,10270.0,100.0,53541294568.0,100.0,50697285723.0
2019-04-19,ZCH07Z3S,ST12000NM0007,12000138625024,0,84.0,226738176.0,98.0,0.0,100.0,2.0,100.0,0.0,84.0,273534659.0,89.0,10421.0,100.0,0.0,100.0,1.0,,,,,100.0,0.0,100.0,0.0,,,78.0,22.0,,,100.0,190.0,100.0,609.0,22.0,22.0,100.0,0.0,100.0,0.0,200.0,0.0,100.0,10301.0,100.0,53610966200.0,100.0,50863935827.0
2019-04-20,ZCH07Z3S,ST12000NM0007,12000138625024,0,81.0,123046408.0,98.0,0.0,100.0,2.0,100.0,0.0,84.0,275226257.0,89.0,10437.0,100.0,0.0,100.0,1.0,,,,,100.0,0.0,100.0,0.0,,,78.0,22.0,,,100.0,190.0,100.0,609.0,22.0,22.0,100.0,0.0,100.0,0.0,200.0,0.0,100.0,10317.0,100.0,53655654984.0,100.0,50959695931.0
2019-04-21,ZCH07Z3S,ST12000NM0007,12000138625024,0,83.0,205313480.0,98.0,0.0,100.0,2.0,100.0,0.0,84.0,280204881.0,89.0,10468.0,100.0,0.0,100.0,1.0,,,,,100.0,0.0,100.0,0.0,,,77.0,23.0,,,100.0,191.0,100.0,611.0,23.0,23.0,100.0,0.0,100.0,0.0,200.0,0.0,100.0,10348.0,100.0,53768442896.0,100.0,51173315899.0
2019-04-22,ZCH07Z3S,ST12000NM0007,12000138625024,0,82.0,152617120.0,98.0,0.0,100.0,2.0,100.0,0.0,85.0,284430558.0,89.0,10484.0,100.0,0.0,100.0,1.0,,,,,100.0,0.0,100.0,0.0,,,79.0,21.0,,,100.0,191.0,100.0,611.0,21.0,21.0,100.0,0.0,100.0,0.0,200.0,0.0,100.0,10364.0,100.0,53815030984.0,100.0,51318172083.0
2019-04-23,ZCH07Z3S,ST12000NM0007,12000138625024,0,81.0,140683464.0,98.0,0.0,100.0,2.0,100.0,0.0,85.0,287425072.0,88.0,10516.0,100.0,0.0,100.0,1.0,,,,,100.0,0.0,100.0,0.0,,,79.0,21.0,,,100.0,192.0,100.0,613.0,21.0,21.0,100.0,0.0,100.0,0.0,200.0,0.0,100.0,10396.0,100.0,53884108592.0,100.0,51481301467.0
2019-04-24,ZCH07Z3S,ST12000NM0007,12000138625024,0,82.0,144130680.0,98.0,0.0,100.0,2.0,100.0,0.0,85.0,291762323.0,88.0,10532.0,100.0,0.0,100.0,1.0,,,,,100.0,0.0,100.0,0.0,,,79.0,21.0,,,100.0,192.0,100.0,613.0,21.0,21.0,100.0,0.0,100.0,0.0,200.0,0.0,100.0,10412.0,100.0,53986762840.0,100.0,51626235187.0
2019-04-25,ZCH07Z3S,ST12000NM0007,12000138625024,0,83.0,184509920.0,98.0,0.0,100.0,2.0,100.0,0.0,85.0,295089285.0,88.0,10563.0,100.0,0.0,100.0,1.0,,,,,100.0,0.0,100.0,0.0,,,80.0,20.0,,,100.0,193.0,100.0,616.0,20.0,20.0,100.0,0.0,100.0,0.0,200.0,0.0,100.0,10443.0,100.0,54065847056.0,100.0,51831671027.0
2019-04-26,ZCH07Z3S,ST12000NM0007,12000138625024,0,81.0,126075048.0,98.0,0.0,100.0,2.0,100.0,0.0,85.0,296800618.0,88.0,10579.0,100.0,0.0,100.0,1.0,,,,,100.0,0.0,100.0,0.0,,,79.0,21.0,,,100.0,193.0,100.0,616.0,21.0,21.0,100.0,0.0,100.0,0.0,200.0,0.0,100.0,10459.0,100.0,54108106000.0,100.0,51975117939.0
2019-04-27,ZCH07Z3S,ST12000NM0007,12000138625024,0,81.0,121488312.0,98.0,0.0,100.0,2.0,100.0,0.0,85.0,299786451.0,88.0,10611.0,100.0,0.0,100.0,1.0,,,,,100.0,0.0,100.0,0.0,,,80.0,20.0,,,100.0,194.0,100.0,618.0,20.0,20.0,100.0,0.0,100.0,0.0,200.0,0.0,100.0,10490.0,100.0,54189743120.0,100.0,52133034787.0
2019-04-28,ZCH07Z3S,ST12000NM0007,12000138625024,0,70.0,9792984.0,98.0,0.0,100.0,2.0,100.0,0.0,85.0,301435835.0,88.0,10627.0,100.0,0.0,100.0,1.0,,,,,100.0,0.0,100.0,0.0,,,78.0,22.0,,,100.0,194.0,100.0,618.0,22.0,22.0,100.0,0.0,100.0,0.0,200.0,0.0,100.0,10506.0,100.0,54232570896.0,100.0,52222652443.0
2019-04-29,ZCH07Z3S,ST12000NM0007,12000138625024,0,82.0,158350784.0,98.0,0.0,100.0,2.0,100.0,0.0,85.0,307541910.0,88.0,10659.0,100.0,0.0,100.0,1.0,,,,,100.0,0.0,100.0,0.0,,,80.0,20.0,,,100.0,194.0,100.0,620.0,20.0,20.0,100.0,0.0,100.0,0.0,200.0,0.0,100.0,10537.0,100.0,54351018248.0,100.0,52496903659.0
2019-04-30,ZCH07Z3S,ST12000NM0007,12000138625024,0,73.0,18546656.0,98.0,0.0,100.0,2.0,100.0,0.0,85.0,308910161.0,88.0,10674.0,100.0,0.0,100.0,1.0,,,,,100.0,0.0,100.0,0.0,,,79.0,21.0,,,100.0,194.0,100.0,620.0,21.0,21.0,100.0,0.0,100.0,0.0,200.0,0.0,100.0,10553.0,100.0,54381284616.0,100.0,52570973907.0
2019-05-01,ZCH07Z3S,ST12000NM0007,12000138625024,0,80.0,99359328.0,98.0,0.0,100.0,2.0,100.0,0.0,85.0,314758472.0,88.0,10706.0,100.0,0.0,100.0,1.0,,,,,100.0,0.0,100.0,0.0,,,78.0,22.0,,,100.0,196.0,100.0,622.0,22.0,22.0,100.0,0.0,100.0,0.0,200.0,0.0,100.0,10585.0,100.0,54505751680.0,100.0,52771460147.0
2019-05-02,ZCH07Z3S,ST12000NM0007,12000138625024,0,84.0,227179456.0,98.0,0.0,100.0,2.0,100.0,0.0,85.0,316299064.0,88.0,10722.0,100.0,0.0,100.0,1.0,,,,,100.0,0.0,100.0,0.0,,,79.0,21.0,,,100.0,196.0,100.0,622.0,21.0,21.0,100.0,0.0,100.0,0.0,200.0,0.0,100.0,10600.0,100.0,54541061224.0,100.0,52863970731.0
2019-05-03,ZCH07Z3S,ST12000NM0007,12000138625024,0,83.0,221508552.0,98.0,0.0,100.0,2.0,100.0,0.0,85.0,320338251.0,88.0,10753.0,100.0,0.0,100.0,1.0,,,,,100.0,0.0,100.0,0.0,,,79.0,21.0,,,100.0,197.0,100.0,624.0,21.0,21.0,100.0,0.0,100.0,0.0,200.0,0.0,100.0,10632.0,100.0,54602973832.0,100.0,53040527915.0
2019-05-04,ZCH07Z3S,ST12000NM0007,12000138625024,0,80.0,102554080.0,98.0,0.0,100.0,2.0,100.0,0.0,85.0,321905382.0,88.0,10769.0,100.0,0.0,100.0,1.0,,,,,100.0,0.0,100.0,0.0,,,78.0,22.0,,,100.0,197.0,100.0,624.0,22.0,22.0,100.0,0.0,100.0,0.0,200.0,0.0,100.0,10648.0,100.0,54643511512.0,100.0,53125176411.0
2019-05-05,ZCH07Z3S,ST12000NM0007,12000138625024,0,83.0,208928272.0,98.0,0.0,100.0,2.0,100.0,0.0,85.0,326291179.0,88.0,10801.0,100.0,0.0,100.0,1.0,,,,,100.0,0.0,100.0,0.0,,,78.0,22.0,,,100.0,197.0,100.0,625.0,22.0,22.0,100.0,0.0,100.0,0.0,200.0,0.0,100.0,10679.0,100.0,54764752400.0,100.0,53354450707.0
2019-05-06,ZCH07Z3S,ST12000NM0007,12000138625024,0,82.0,146668184.0,98.0,0.0,100.0,2.0,100.0,0.0,85.0,329899474.0,88.0,10817.0,100.0,0.0,100.0,1.0,,,,,100.0,0.0,100.0,0.0,,,78.0,22.0,,,100.0,198.0,100.0,626.0,22.0,22.0,100.0,0.0,100.0,0.0,200.0,0.0,100.0,10695.0,100.0,54827684096.0,100.0,53473399571.0
2019-05-07,ZCH07Z3S,ST12000NM0007,12000138625024,0,82.0,156887464.0,98.0,0.0,100.0,2.0,100.0,0.0,85.0,333040310.0,88.0,10848.0,100.0,0.0,100.0,1.0,,,,,100.0,0.0,100.0,0.0,,,78.0,22.0,,,100.0,199.0,100.0,627.0,22.0,22.0,100.0,0.0,100.0,0.0,200.0,0.0,100.0,10727.0,100.0,54923573184.0,100.0,53631870667.0
2019-05-08,ZCH07Z3S,ST12000NM0007,12000138625024,0,82.0,166015864.0,98.0,0.0,100.0,2.0,100.0,0.0,85.0,336183351.0,88.0,10864.0,100.0,0.0,100.0,1.0,,,,,100.0,0.0,100.0,0.0,,,77.0,23.0,,,100.0,200.0,100.0,628.0,23.0,23.0,100.0,0.0,100.0,0.0,200.0,0.0,100.0,10743.0,100.0,54982668208.0,100.0,53826044931.0
2019-05-09,ZCH07Z3S,ST12000NM0007,12000138625024,0,78.0,57695592.0,98.0,0.0,100.0,2.0,100.0,0.0,85.0,340138982.0,88.0,10896.0,100.0,0.0,100.0,1.0,,,,,100.0,0.0,100.0,0.0,,,79.0,21.0,,,100.0,201.0,100.0,629.0,21.0,21.0,100.0,0.0,100.0,0.0,200.0,0.0,100.0,10774.0,100.0,55095997760.0,100.0,54092676419.0
2019-05-10,ZCH07Z3S,ST12000NM0007,12000138625024,0,83.0,214915976.0,98.0,0.0,100.0,2.0,100.0,0.0,85.0,341616510.0,88.0,10912.0,100.0,0.0,100.0,1.0,,,,,100.0,0.0,100.0,0.0,,,78.0,22.0,,,100.0,202.0,100.0,630.0,22.0,22.0,100.0,0.0,100.0,0.0,200.0,0.0,100.0,10789.0,100.0,55123503736.0,100.0,54222390827.0
2019-05-11,ZCH07Z3S,ST12000NM0007,12000138625024,0,83.0,201970576.0,98.0,0.0,100.0,2.0,100.0,0.0,85.0,344659815.0,88.0,10943.0,100.0,0.0,100.0,1.0,,,,,100.0,0.0,100.0,0.0,,,79.0,21.0,,,100.0,203.0,100.0,631.0,21.0,21.0,100.0,0.0,100.0,0.0,200.0,0.0,100.0,10821.0,100.0,55191431576.0,100.0,54385658371.0
2019-05-12,ZCH07Z3S,ST12000NM0007,12000138625024,0,77.0,53420072.0,98.0,0.0,100.0,2.0,100.0,0.0,85.0,346110172.0,88.0,10959.0,100.0,0.0,100.0,1.0,,,,,100.0,0.0,100.0,0.0,,,78.0,22.0,,,100.0,204.0,100.0,632.0,22.0,22.0,100.0,0.0,100.0,0.0,200.0,0.0,100.0,10836.0,100.0,55228177752.0,100.0,54444502483.0
2019-05-13,ZCH07Z3S,ST12000NM0007,12000138625024,0,83.0,183392088.0,98.0,0.0,100.0,2.0,100.0,0.0,85.0,352584124.0,88.0,10991.0,100.0,0.0,100.0,1.0,,,,,100.0,0.0,100.0,0.0,,,79.0,21.0,,,100.0,205.0,100.0,633.0,21.0,21.0,100.0,0.0,100.0,0.0,200.0,0.0,100.0,10868.0,100.0,55347092800.0,100.0,54699700123.0
2019-05-14,ZCH07Z3S,ST12000NM0007,12000138625024,0,77.0,54415376.0,98.0,0.0,100.0,2.0,100.0,0.0,85.0,354124200.0,88.0,11007.0,100.0,0.0,100.0,1.0,,,,,100.0,0.0,100.0,0.0,,,78.0,22.0,,,100.0,206.0,100.0,634.0,22.0,22.0,100.0,0.0,100.0,0.0,200.0,0.0,100.0,10884.0,100.0,55386592264.0,100.0,54775364579.0
2019-05-15,ZCH07Z3S,ST12000NM0007,12000138625024,0,82.0,163409984.0,98.0,0.0,100.0,2.0,100.0,0.0,86.0,360342606.0,88.0,11038.0,100.0,0.0,100.0,1.0,,,,,100.0,0.0,100.0,0.0,,,79.0,21.0,,,100.0,207.0,100.0,635.0,21.0,21.0,100.0,0.0,100.0,0.0,200.0,0.0,100.0,10915.0,100.0,55524625088.0,100.0,54990467179.0
2019-05-16,ZCH07Z3S,ST12000NM0007,12000138625024,0,78.0,58084144.0,98.0,0.0,100.0,2.0,100.0,0.0,86.0,361818324.0,88.0,11054.0,100.0,0.0,100.0,1.0,,,,,100.0,0.0,100.0,0.0,,,79.0,21.0,,,100.0,208.0,100.0,636.0,21.0,21.0,100.0,0.0,100.0,0.0,200.0,0.0,100.0,10931.0,100.0,55565278800.0,100.0,55088629243.0
2019-05-17,ZCH07Z3S,ST12000NM0007,12000138625024,0,78.0,59267456.0,98.0,0.0,100.0,2.0,100.0,0.0,86.0,364561695.0,88.0,11086.0,100.0,0.0,100.0,1.0,,,,,100.0,0.0,100.0,0.0,,,78.0,22.0,,,100.0,208.0,100.0,637.0,22.0,22.0,100.0,0.0,100.0,0.0,200.0,0.0,100.0,10962.0,100.0,55626344888.0,100.0,55272887131.0
2019-05-18,ZCH07Z3S,ST12000NM0007,12000138625024,0,82.0,152403192.0,98.0,0.0,100.0,2.0,100.0,0.0,86.0,365719837.0,88.0,11102.0,100.0,0.0,100.0,1.0,,,,,100.0,0.0,100.0,0.0,,,77.0,23.0,,,100.0,208.0,100.0,638.0,23.0,23.0,100.0,0.0,100.0,0.0,200.0,0.0,100.0,10978.0,100.0,55654345512.0,100.0,55338022243.0
2019-05-19,ZCH07Z3S,ST12000NM0007,12000138625024,0,82.0,171039064.0,98.0,0.0,100.0,2.0,100.0,0.0,86.0,369495489.0,88.0,11134.0,100.0,0.0,100.0,1.0,,,,,100.0,0.0,100.0,0.0,,,78.0,22.0,,,100.0,208.0,100.0,639.0,22.0,22.0,100.0,0.0,100.0,0.0,200.0,0.0,100.0,11010.0,100.0,55743084176.0,100.0,55512060099.0
2019-05-20,ZCH07Z3S,ST12000NM0007,12000138625024,0,82.0,165553192.0,98.0,0.0,100.0,2.0,100.0,0.0,86.0,374170076.0,88.0,11150.0,100.0,0.0,100.0,1.0,,,,,100.0,0.0,100.0,0.0,,,76.0,24.0,,,100.0,208.0,100.0,640.0,24.0,24.0,100.0,0.0,100.0,0.0,200.0,0.0,100.0,11025.0,100.0,55814615960.0,100.0,55679183075.0
2019-05-21,ZCH07Z3S,ST12000NM0007,12000138625024,0,82.0,155970280.0,98.0,0.0,100.0,2.0,100.0,0.0,86.0,377567659.0,88.0,11181.0,100.0,0.0,100.0,1.0,,,,,100.0,0.0,100.0,0.0,,,79.0,21.0,,,100.0,208.0,100.0,641.0,21.0,21.0,100.0,0.0,100.0,0.0,200.0,0.0,100.0,11057.0,100.0,55893485912.0,100.0,55834871019.0
2019-05-22,ZCH07Z3S,ST12000NM0007,12000138625024,0,83.0,216564616.0,98.0,0.0,100.0,2.0,100.0,0.0,86.0,383525344.0,88.0,11213.0,100.0,0.0,100.0,1.0,,,,,100.0,0.0,100.0,0.0,,,78.0,22.0,,,100.0,209.0,100.0,643.0,22.0,22.0,100.0,0.0,100.0,0.0,200.0,0.0,100.0,11088.0,100.0,56015928376.0,100.0,56017163699.0
2019-05-23,ZCH07Z3S,ST12000NM0007,12000138625024,0,81.0,121902008.0,98.0,0.0,100.0,2.0,100.0,0.0,86.0,385005976.0,88.0,11229.0,100.0,0.0,100.0,1.0,,,,,100.0,0.0,100.0,0.0,,,79.0,21.0,,,100.0,209.0,100.0,643.0,21.0,21.0,100.0,0.0,100.0,0.0,200.0,0.0,100.0,11104.0,100.0,56053049176.0,100.0,56129521003.0
2019-05-24,ZCH07Z3S,ST12000NM0007,12000138625024,0,82.0,150994624.0,98.0,0.0,100.0,2.0,100.0,0.0,86.0,388334504.0,88.0,11260.0,100.0,0.0,100.0,1.0,,,,,100.0,0.0,100.0,0.0,,,79.0,21.0,,,100.0,210.0,100.0,645.0,21.0,21.0,100.0,0.0,100.0,0.0,200.0,0.0,100.0,11135.0,100.0,56124935608.0,100.0,56330867883.0
2019-05-25,ZCH07Z3S,ST12000NM0007,12000138625024,0,78.0,56944552.0,98.0,0.0,100.0,2.0,100.0,0.0,86.0,390060396.0,88.0,11276.0,100.0,0.0,100.0,1.0,,,,,100.0,0.0,100.0,0.0,,,79.0,21.0,,,100.0,210.0,100.0,645.0,21.0,21.0,100.0,0.0,100.0,0.0,200.0,0.0,100.0,11151.0,100.0,56164129424.0,100.0,56441764691.0
2019-05-26,ZCH07Z3S,ST12000NM0007,12000138625024,0,83.0,183188656.0,98.0,0.0,100.0,2.0,100.0,0.0,86.0,394868148.0,88.0,11308.0,100.0,0.0,100.0,1.0,,,,,100.0,0.0,100.0,0.0,,,78.0,22.0,,,100.0,211.0,100.0,647.0,22.0,22.0,100.0,0.0,100.0,0.0,200.0,0.0,100.0,11183.0,100.0,56286060216.0,100.0,56690218747.0
2019-05-27,ZCH07Z3S,ST12000NM0007,12000138625024,0,81.0,132714544.0,98.0,0.0,100.0,2.0,100.0,0.0,86.0,398494842.0,88.0,11324.0,100.0,0.0,100.0,1.0,,,,,100.0,0.0,100.0,0.0,,,79.0,21.0,,,100.0,211.0,100.0,647.0,21.0,21.0,100.0,0.0,100.0,0.0,200.0,0.0,100.0,11199.0,100.0,56369357840.0,100.0,56800587987.0
2019-05-28,ZCH07Z3S,ST12000NM0007,12000138625024,0,82.0,172739048.0,98.0,0.0,100.0,2.0,100.0,0.0,86.0,403217078.0,88.0,11355.0,100.0,0.0,100.0,1.0,,,,,100.0,0.0,100.0,0.0,,,79.0,21.0,,,100.0,212.0,100.0,649.0,21.0,21.0,100.0,0.0,100.0,0.0,200.0,0.0,100.0,11230.0,100.0,56458373896.0,100.0,56995737107.0
2019-05-29,ZCH07Z3S,ST12000NM0007,12000138625024,0,82.0,151374984.0,98.0,0.0,100.0,2.0,100.0,0.0,86.0,407424932.0,88.0,11371.0,100.0,0.0,100.0,1.0,,,,,100.0,0.0,100.0,0.0,,,79.0,21.0,,,100.0,212.0,100.0,649.0,21.0,21.0,100.0,0.0,100.0,0.0,200.0,0.0,100.0,11246.0,100.0,56541239384.0,100.0,57135648187.0
2019-05-30,ZCH07Z3S,ST12000NM0007,12000138625024,0,82.0,149295176.0,98.0,0.0,100.0,2.0,100.0,0.0,86.0,411269474.0,87.0,11403.0,100.0,0.0,100.0,1.0,,,,,100.0,0.0,100.0,0.0,,,79.0,21.0,,,100.0,212.0,100.0,651.0,21.0,21.0,100.0,0.0,100.0,0.0,200.0,0.0,100.0,11277.0,100.0,56626345712.0,100.0,57292602771.0
2019-05-31,ZCH07Z3S,ST12000NM0007,12000138625024,0,80.0,93119352.0,98.0,0.0,100.0,2.0,100.0,0.0,86.0,413164724.0,87.0,11419.0,100.0,0.0,100.0,1.0,,,,,100.0,0.0,100.0,0.0,,,79.0,21.0,,,100.0,212.0,100.0,651.0,21.0,21.0,100.0,0.0,100.0,0.0,200.0,0.0,100.0,11293.0,100.0,56660637824.0,100.0,57446275475.0
2019-06-01,ZCH07Z3S,ST12000NM0007,12000138625024,0,80.0,94363592.0,98.0,0.0,100.0,2.0,100.0,0.0,86.0,416362742.0,87.0,11450.0,100.0,0.0,100.0,1.0,,,,,100.0,0.0,100.0,0.0,,,80.0,20.0,,,100.0,213.0,100.0,653.0,20.0,20.0,100.0,0.0,100.0,0.0,200.0,0.0,100.0,11324.0,100.0,56744603912.0,100.0,57607694435.0
2019-06-02,ZCH07Z3S,ST12000NM0007,12000138625024,0,71.0,14017584.0,98.0,0.0,100.0,2.0,100.0,0.0,86.0,418261632.0,87.0,11466.0,100.0,0.0,100.0,1.0,,,,,100.0,0.0,100.0,0.0,,,79.0,21.0,,,100.0,213.0,100.0,653.0,21.0,21.0,100.0,0.0,100.0,0.0,200.0,0.0,100.0,11340.0,100.0,56789356672.0,100.0,57726736435.0
2019-06-03,ZCH07Z3S,ST12000NM0007,12000138625024,0,83.0,188764488.0,98.0,0.0,100.0,2.0,100.0,0.0,86.0,425027038.0,87.0,11498.0,100.0,0.0,100.0,1.0,,,,,100.0,0.0,100.0,0.0,,,80.0,20.0,,,100.0,214.0,100.0,655.0,20.0,20.0,100.0,0.0,100.0,0.0,200.0,0.0,100.0,11371.0,100.0,56916320952.0,100.0,58018659771.0
2019-06-04,ZCH07Z3S,ST12000NM0007,12000138625024,0,79.0,81486072.0,98.0,0.0,100.0,2.0,100.0,0.0,86.0,426626167.0,87.0,11513.0,100.0,0.0,100.0,1.0,,,,,100.0,0.0,100.0,0.0,,,79.0,21.0,,,100.0,214.0,100.0,655.0,21.0,21.0,100.0,0.0,100.0,0.0,200.0,0.0,100.0,11387.0,100.0,56954480680.0,100.0,58117362315.0
2019-06-05,ZCH07Z3S,ST12000NM0007,12000138625024,0,82.0,177093232.0,98.0,0.0,100.0,2.0,100.0,0.0,86.0,432667339.0,87.0,11545.0,100.0,0.0,100.0,1.0,,,,,100.0,0.0,100.0,0.0,,,79.0,21.0,,,100.0,215.0,100.0,657.0,21.0,21.0,100.0,0.0,100.0,0.0,200.0,0.0,100.0,11418.0,100.0,57077083144.0,100.0,58334508907.0
2019-06-06,ZCH07Z3S,ST12000NM0007,12000138625024,0,79.0,84110640.0,98.0,0.0,100.0,2.0,100.0,0.0,86.0,434533303.0,87.0,11561.0,100.0,0.0,100.0,1.0,,,,,100.0,0.0,100.0,0.0,,,79.0,21.0,,,100.0,215.0,100.0,657.0,21.0,21.0,100.0,0.0,100.0,0.0,200.0,0.0,100.0,11434.0,100.0,57138350664.0,100.0,58424399523.0
2019-06-07,ZCH07Z3S,ST12000NM0007,12000138625024,0,80.0,110244128.0,98.0,0.0,100.0,2.0,100.0,0.0,86.0,438306084.0,87.0,11592.0,100.0,0.0,100.0,1.0,,,,,100.0,0.0,100.0,0.0,,,80.0,20.0,,,100.0,217.0,100.0,659.0,20.0,20.0,100.0,0.0,100.0,0.0,200.0,0.0,100.0,11466.0,100.0,57228272088.0,100.0,58604752299.0
2019-06-08,ZCH07Z3S,ST12000NM0007,12000138625024,0,71.0,11396056.0,98.0,0.0,100.0,2.0,100.0,0.0,86.0,440072878.0,87.0,11608.0,100.0,0.0,100.0,1.0,,,,,100.0,0.0,100.0,0.0,,,80.0,20.0,,,100.0,217.0,100.0,659.0,20.0,20.0,100.0,0.0,100.0,0.0,200.0,0.0,100.0,11481.0,100.0,57276081432.0,100.0,58702235587.0
2019-06-09,ZCH07Z3S,ST12000NM0007,12000138625024,0,82.0,148326952.0,98.0,0.0,100.0,2.0,100.0,0.0,86.0,444557652.0,87.0,11640.0,100.0,0.0,100.0,1.0,,,,,100.0,0.0,100.0,0.0,,,80.0,20.0,,,100.0,217.0,100.0,661.0,20.0,20.0,100.0,0.0,100.0,0.0,200.0,0.0,100.0,11513.0,100.0,57388282712.0,100.0,58971106059.0
2019-06-10,ZCH07Z3S,ST12000NM0007,12000138625024,0,80.0,106360928.0,98.0,0.0,100.0,2.0,100.0,0.0,87.0,448571618.0,87.0,11656.0,100.0,0.0,100.0,1.0,,,,,100.0,0.0,100.0,0.0,,,80.0,20.0,,,100.0,217.0,100.0,661.0,20.0,20.0,100.0,0.0,100.0,0.0,200.0,0.0,100.0,11529.0,100.0,57447243704.0,100.0,59114319779.0
2019-06-11,ZCH07Z3S,ST12000NM0007,12000138625024,0,82.0,170609360.0,98.0,0.0,100.0,2.0,100.0,0.0,87.0,452030876.0,87.0,11688.0,100.0,0.0,100.0,1.0,,,,,100.0,0.0,100.0,0.0,,,80.0,20.0,,,100.0,218.0,100.0,663.0,20.0,20.0,100.0,0.0,100.0,0.0,200.0,0.0,100.0,11560.0,100.0,57537445200.0,100.0,59332507355.0
2019-06-12,ZCH07Z3S,ST12000NM0007,12000138625024,0,82.0,141804480.0,98.0,0.0,100.0,2.0,100.0,0.0,87.0,455309644.0,87.0,11703.0,100.0,0.0,100.0,1.0,,,,,100.0,0.0,100.0,0.0,,,80.0,20.0,,,100.0,218.0,100.0,663.0,20.0,20.0,100.0,0.0,100.0,0.0,200.0,0.0,100.0,11576.0,100.0,57615655240.0,100.0,59469633747.0
2019-06-13,ZCH07Z3S,ST12000NM0007,12000138625024,0,82.0,159356536.0,98.0,0.0,100.0,2.0,100.0,0.0,87.0,460313255.0,87.0,11735.0,100.0,0.0,100.0,1.0,,,,,100.0,0.0,100.0,0.0,,,80.0,20.0,,,100.0,219.0,100.0,665.0,20.0,20.0,100.0,0.0,100.0,0.0,200.0,0.0,100.0,11608.0,100.0,57708564752.0,100.0,59638417083.0
2019-06-14,ZCH07Z3S,ST12000NM0007,12000138625024,0,76.0,36728536.0,98.0,0.0,100.0,2.0,100.0,0.0,87.0,461868748.0,87.0,11751.0,100.0,0.0,100.0,1.0,,,,,100.0,0.0,100.0,0.0,,,80.0,20.0,,,100.0,219.0,100.0,665.0,20.0,20.0,100.0,0.0,100.0,0.0,200.0,0.0,100.0,11624.0,100.0,57742669600.0,100.0,59725824931.0
2019-06-15,ZCH07Z3S,ST12000NM0007,12000138625024,0,77.0,52457280.0,98.0,0.0,100.0,2.0,100.0,0.0,87.0,464878927.0,87.0,11783.0,100.0,0.0,100.0,1.0,,,,,100.0,0.0,100.0,0.0,,,80.0,20.0,,,100.0,220.0,100.0,667.0,20.0,20.0,100.0,0.0,100.0,0.0,200.0,0.0,100.0,11655.0,100.0,57808064944.0,100.0,59920299083.0
2019-06-16,ZCH07Z3S,ST12000NM0007,12000138625024,0,83.0,191752496.0,98.0,0.0,100.0,2.0,100.0,0.0,87.0,466615868.0,87.0,11799.0,100.0,0.0,100.0,1.0,,,,,100.0,0.0,100.0,0.0,,,80.0,20.0,,,100.0,220.0,100.0,667.0,20.0,20.0,100.0,0.0,100.0,0.0,200.0,0.0,100.0,11671.0,100.0,57845907872.0,100.0,60021751371.0
2019-06-17,ZCH07Z3S,ST12000NM0007,12000138625024,0,82.0,167306464.0,98.0,0.0,100.0,2.0,100.0,0.0,87.0,473814718.0,87.0,11830.0,100.0,0.0,100.0,1.0,,,,,100.0,0.0,100.0,0.0,,,80.0,20.0,,,100.0,221.0,100.0,669.0,20.0,20.0,100.0,0.0,100.0,0.0,200.0,0.0,100.0,11703.0,100.0,57978834592.0,100.0,60352660483.0
2019-06-18,ZCH07Z3S,ST12000NM0007,12000138625024,0,84.0,232565816.0,98.0,0.0,100.0,2.0,100.0,0.0,87.0,478062134.0,87.0,11862.0,100.0,0.0,100.0,1.0,,,,,100.0,0.0,100.0,0.0,,,79.0,21.0,,,100.0,221.0,100.0,670.0,21.0,21.0,100.0,0.0,100.0,0.0,200.0,0.0,100.0,11734.0,100.0,58086478216.0,100.0,60554417107.0
2019-06-19,ZCH07Z3S,ST12000NM0007,12000138625024,0,83.0,188468680.0,98.0,0.0,100.0,2.0,100.0,0.0,87.0,482351887.0,87.0,11878.0,100.0,0.0,100.0,1.0,,,,,100.0,0.0,100.0,0.0,,,79.0,21.0,,,100.0,221.0,100.0,670.0,21.0,21.0,100.0,0.0,100.0,0.0,200.0,0.0,100.0,11750.0,100.0,58170778992.0,100.0,60670160579.0
2019-06-20,ZCH07Z3S,ST12000NM0007,12000138625024,0,76.0,43307536.0,98.0,0.0,100.0,2.0,100.0,0.0,87.0,485954594.0,87.0,11909.0,100.0,0.0,100.0,1.0,,,,,100.0,0.0,100.0,0.0,,,80.0,20.0,,,100.0,222.0,100.0,672.0,20.0,20.0,100.0,0.0,100.0,0.0,200.0,0.0,100.0,11781.0,100.0,58277940744.0,100.0,60906119235.0
2019-06-21,ZCH07Z3S,ST12000NM0007,12000138625024,0,83.0,207803848.0,98.0,0.0,100.0,2.0,100.0,0.0,87.0,487639344.0,87.0,11925.0,100.0,0.0,100.0,1.0,,,,,100.0,0.0,100.0,0.0,,,80.0,20.0,,,100.0,222.0,100.0,672.0,20.0,20.0,100.0,0.0,100.0,0.0,200.0,0.0,100.0,11797.0,100.0,58317661240.0,100.0,61030895051.0
2019-06-22,ZCH07Z3S,ST12000NM0007,12000138625024,0,76.0,38189560.0,98.0,0.0,100.0,2.0,100.0,0.0,87.0,492196965.0,87.0,11957.0,100.0,0.0,100.0,1.0,,,,,100.0,0.0,100.0,0.0,,,80.0,20.0,,,100.0,222.0,100.0,674.0,20.0,20.0,100.0,0.0,100.0,0.0,200.0,0.0,100.0,11828.0,100.0,58419618160.0,100.0,61247605211.0
2019-06-23,ZCH07Z3S,ST12000NM0007,12000138625024,0,84.0,229685216.0,98.0,0.0,100.0,2.0,100.0,0.0,87.0,494338104.0,87.0,11973.0,100.0,0.0,100.0,1.0,,,,,100.0,0.0,100.0,0.0,,,79.0,21.0,,,100.0,222.0,100.0,674.0,21.0,21.0,100.0,0.0,100.0,0.0,200.0,0.0,100.0,11844.0,100.0,58477880696.0,100.0,61380838331.0
2019-06-24,ZCH07Z3S,ST12000NM0007,12000138625024,0,83.0,210697072.0,98.0,0.0,100.0,2.0,100.0,0.0,87.0,501310579.0,87.0,12005.0,100.0,0.0,100.0,1.0,,,,,100.0,0.0,100.0,0.0,,,80.0,20.0,,,100.0,222.0,100.0,676.0,20.0,20.0,100.0,0.0,100.0,0.0,200.0,0.0,100.0,11876.0,100.0,58608363648.0,100.0,61719648835.0
2019-06-25,ZCH07Z3S,ST12000NM0007,12000138625024,0,81.0,128663832.0,98.0,0.0,100.0,2.0,100.0,0.0,87.0,503493235.0,87.0,12020.0,100.0,0.0,100.0,1.0,,,,,100.0,0.0,100.0,0.0,,,80.0,20.0,,,100.0,222.0,100.0,676.0,20.0,20.0,100.0,0.0,100.0,0.0,200.0,0.0,100.0,11892.0,100.0,58639468560.0,100.0,61850651323.0
2019-06-26,ZCH07Z3S,ST12000NM0007,12000138625024,0,73.0,21579072.0,98.0,0.0,100.0,2.0,100.0,0.0,87.0,510225410.0,87.0,12052.0,100.0,0.0,100.0,1.0,,,,,100.0,0.0,100.0,0.0,,,80.0,20.0,,,100.0,223.0,100.0,679.0,20.0,20.0,100.0,0.0,100.0,0.0,200.0,0.0,100.0,11923.0,100.0,58759671424.0,100.0,62111645979.0
2019-06-27,ZCH07Z3S,ST12000NM0007,12000138625024,0,83.0,223847304.0,98.0,0.0,100.0,2.0,100.0,0.0,87.0,512181203.0,87.0,12068.0,100.0,0.0,100.0,1.0,,,,,100.0,0.0,100.0,0.0,,,80.0,20.0,,,100.0,223.0,100.0,679.0,20.0,20.0,100.0,0.0,100.0,0.0,200.0,0.0,100.0,11939.0,100.0,58797112576.0,100.0,62276473059.0
2019-06-28,ZCH07Z3S,ST12000NM0007,12000138625024,0,82.0,144084216.0,98.0,0.0,100.0,2.0,100.0,0.0,87.0,516341396.0,87.0,12099.0,100.0,0.0,100.0,1.0,,,,,100.0,0.0,100.0,0.0,,,80.0,20.0,,,100.0,223.0,100.0,681.0,20.0,20.0,100.0,0.0,100.0,0.0,200.0,0.0,100.0,11970.0,100.0,58879143928.0,100.0,62602959915.0
2019-06-29,ZCH07Z3S,ST12000NM0007,12000138625024,0,82.0,141691416.0,98.0,0.0,100.0,2.0,100.0,0.0,87.0,518632173.0,87.0,12115.0,100.0,0.0,100.0,1.0,,,,,100.0,0.0,100.0,0.0,,,80.0,20.0,,,100.0,223.0,100.0,681.0,20.0,20.0,100.0,0.0,100.0,0.0,200.0,0.0,100.0,11986.0,100.0,58933027816.0,100.0,62790824139.0
2019-06-30,ZCH07Z3S,ST12000NM0007,12000138625024,0,82.0,148094656.0,98.0,0.0,100.0,2.0,100.0,0.0,87.0,523880218.0,87.0,12147.0,100.0,0.0,100.0,1.0,,,,,100.0,0.0,100.0,0.0,,,79.0,21.0,,,100.0,224.0,100.0,683.0,21.0,21.0,100.0,0.0,100.0,0.0,200.0,0.0,100.0,12017.0,100.0,59044959472.0,100.0,63173577147.0
2019-07-01,ZCH07Z3S,ST12000NM0007,12000138625024,0,82.0,152125928.0,98.0,0.0,100.0,2.0,100.0,0.0,87.0,527760976.0,87.0,12163.0,100.0,0.0,100.0,1.0,,,,,100.0,0.0,100.0,0.0,,,80.0,20.0,,,100.0,224.0,100.0,683.0,20.0,20.0,100.0,0.0,100.0,0.0,200.0,0.0,100.0,12033.0,100.0,59094108832.0,100.0,63372599691.0
2019-07-02,ZCH07Z3S,ST12000NM0007,12000138625024,0,79.0,82028912.0,98.0,0.0,100.0,2.0,100.0,0.0,87.0,531778979.0,87.0,12194.0,100.0,0.0,100.0,1.0,,,,,100.0,0.0,100.0,0.0,,,80.0,20.0,,,100.0,224.0,100.0,685.0,20.0,20.0,100.0,0.0,100.0,0.0,200.0,0.0,100.0,12064.0,100.0,59177631848.0,100.0,63707261211.0
2019-07-03,ZCH07Z3S,ST12000NM0007,12000138625024,0,76.0,43880280.0,98.0,0.0,100.0,2.0,100.0,0.0,87.0,534977659.0,87.0,12210.0,100.0,0.0,100.0,1.0,,,,,100.0,0.0,100.0,0.0,,,79.0,21.0,,,100.0,224.0,100.0,685.0,21.0,21.0,100.0,0.0,100.0,0.0,200.0,0.0,100.0,12080.0,100.0,59254446088.0,100.0,63836438971.0
2019-07-04,ZCH07Z3S,ST12000NM0007,12000138625024,0,81.0,121867040.0,98.0,0.0,100.0,2.0,100.0,0.0,87.0,539352698.0,87.0,12242.0,100.0,0.0,100.0,1.0,,,,,100.0,0.0,100.0,0.0,,,80.0,20.0,,,100.0,225.0,100.0,687.0,20.0,20.0,100.0,0.0,100.0,0.0,200.0,0.0,100.0,12111.0,100.0,59328567432.0,100.0,64084445243.0
2019-07-05,ZCH07Z3S,ST12000NM0007,12000138625024,0,80.0,106670528.0,98.0,0.0,100.0,2.0,100.0,0.0,87.0,541642768.0,87.0,12258.0,100.0,0.0,100.0,1.0,,,,,100.0,0.0,100.0,0.0,,,79.0,21.0,,,100.0,225.0,100.0,688.0,21.0,21.0,100.0,0.0,100.0,0.0,200.0,0.0,100.0,12127.0,100.0,59363895696.0,100.0,64278061147.0
2019-07-06,ZCH07Z3S,ST12000NM0007,12000138625024,0,73.0,20295392.0,98.0,0.0,100.0,2.0,100.0,0.0,87.0,545867045.0,86.0,12289.0,100.0,0.0,100.0,1.0,,,,,100.0,0.0,100.0,0.0,,,80.0,20.0,,,100.0,225.0,100.0,689.0,20.0,20.0,100.0,0.0,100.0,0.0,200.0,0.0,100.0,12159.0,100.0,59442750824.0,100.0,64601112187.0
2019-07-07,ZCH07Z3S,ST12000NM0007,12000138625024,0,83.0,214115784.0,98.0,0.0,100.0,2.0,100.0,0.0,87.0,548058474.0,86.0,12305.0,100.0,0.0,100.0,1.0,,,,,100.0,0.0,100.0,0.0,,,79.0,21.0,,,100.0,225.0,100.0,690.0,21.0,21.0,100.0,0.0,100.0,0.0,200.0,0.0,100.0,12174.0,100.0,59484055912.0,100.0,64753627491.0
2019-07-08,ZCH07Z3S,ST12000NM0007,12000138625024,0,79.0,79934896.0,98.0,0.0,100.0,2.0,100.0,0.0,87.0,556031686.0,86.0,12337.0,100.0,0.0,100.0,1.0,,,,,100.0,0.0,100.0,0.0,,,80.0,20.0,,,100.0,225.0,100.0,691.0,20.0,20.0,100.0,0.0,100.0,0.0,200.0,0.0,100.0,12206.0,100.0,59600086328.0,100.0,65235838171.0
2019-07-09,ZCH07Z3S,ST12000NM0007,12000138625024,0,75.0,29870136.0,98.0,0.0,100.0,2.0,100.0,0.0,87.0,558103629.0,86.0,12352.0,100.0,0.0,100.0,1.0,,,,,100.0,0.0,100.0,0.0,,,80.0,20.0,,,100.0,225.0,100.0,692.0,20.0,20.0,100.0,0.0,100.0,0.0,200.0,0.0,100.0,12221.0,100.0,59632353096.0,100.0,65397647355.0
2019-07-10,ZCH07Z3S,ST12000NM0007,12000138625024,0,83.0,204354872.0,98.0,0.0,100.0,2.0,100.0,0.0,88.0,564070276.0,86.0,12384.0,100.0,0.0,100.0,1.0,,,,,100.0,0.0,100.0,0.0,,,79.0,21.0,,,100.0,225.0,100.0,693.0,21.0,21.0,100.0,0.0,100.0,0.0,200.0,0.0,100.0,12253.0,100.0,59755233312.0,100.0,65693392731.0
2019-07-11,ZCH07Z3S,ST12000NM0007,12000138625024,0,84.0,227834664.0,98.0,0.0,100.0,2.0,100.0,0.0,88.0,566619551.0,86.0,12400.0,100.0,0.0,100.0,1.0,,,,,100.0,0.0,100.0,0.0,,,79.0,21.0,,,100.0,225.0,100.0,694.0,21.0,21.0,100.0,0.0,100.0,0.0,200.0,0.0,100.0,12269.0,100.0,59806986816.0,100.0,65909259739.0
2019-07-12,ZCH07Z3S,ST12000NM0007,12000138625024,0,82.0,167692944.0,98.0,0.0,100.0,2.0,100.0,0.0,88.0,570748687.0,86.0,12432.0,100.0,0.0,100.0,1.0,,,,,100.0,0.0,100.0,0.0,,,80.0,20.0,,,100.0,225.0,100.0,695.0,20.0,20.0,100.0,0.0,100.0,0.0,200.0,0.0,100.0,12300.0,100.0,59887537416.0,100.0,66256848723.0
2019-07-13,ZCH07Z3S,ST12000NM0007,12000138625024,0,80.0,109166072.0,98.0,0.0,100.0,2.0,100.0,0.0,88.0,574866739.0,86.0,12463.0,100.0,0.0,100.0,1.0,,,,,100.0,0.0,100.0,0.0,,,80.0,20.0,,,100.0,226.0,100.0,697.0,20.0,20.0,100.0,0.0,100.0,0.0,200.0,0.0,100.0,12332.0,100.0,59960620944.0,100.0,66613519867.0
2019-07-14,ZCH07Z3S,ST12000NM0007,12000138625024,0,80.0,102315032.0,98.0,0.0,100.0,2.0,100.0,0.0,88.0,577505069.0,86.0,12479.0,100.0,0.0,100.0,1.0,,,,,100.0,0.0,100.0,0.0,,,80.0,20.0,,,100.0,226.0,100.0,697.0,20.0,20.0,100.0,0.0,100.0,0.0,200.0,0.0,100.0,12347.0,100.0,60014735016.0,100.0,66796695395.0
2019-07-15,ZCH07Z3S,ST12000NM0007,12000138625024,0,81.0,137415504.0,98.0,0.0,100.0,2.0,100.0,0.0,88.0,584914997.0,86.0,12511.0,100.0,0.0,100.0,1.0,,,,,100.0,0.0,100.0,0.0,,,80.0,20.0,,,100.0,226.0,100.0,699.0,20.0,20.0,100.0,0.0,100.0,0.0,200.0,0.0,100.0,12379.0,100.0,60115345528.0,100.0,67219467115.0
2019-07-16,ZCH07Z3S,ST12000NM0007,12000138625024,0,81.0,112828464.0,98.0,0.0,100.0,2.0,100.0,0.0,88.0,587193943.0,86.0,12527.0,100.0,0.0,100.0,1.0,,,,,100.0,0.0,100.0,0.0,,,80.0,20.0,,,100.0,226.0,100.0,699.0,20.0,20.0,100.0,0.0,100.0,0.0,200.0,0.0,100.0,12395.0,100.0,60154070048.0,100.0,67400296275.0
2019-07-17,ZCH07Z3S,ST12000NM0007,12000138625024,0,80.0,97597864.0,98.0,0.0,100.0,2.0,100.0,0.0,88.0,591334305.0,86.0,12542.0,100.0,0.0,100.0,1.0,,,,,100.0,0.0,100.0,0.0,,,79.0,21.0,,,100.0,227.0,100.0,700.0,21.0,21.0,100.0,0.0,100.0,0.0,200.0,0.0,100.0,12411.0,100.0,60224707344.0,100.0,67558569011.0
2019-07-18,ZCH07Z3S,ST12000NM0007,12000138625024,0,81.0,118823448.0,98.0,0.0,100.0,2.0,100.0,0.0,88.0,597198594.0,86.0,12574.0,100.0,0.0,100.0,1.0,,,,,100.0,0.0,100.0,0.0,,,79.0,21.0,,,100.0,227.0,100.0,702.0,21.0,21.0,100.0,0.0,100.0,0.0,200.0,0.0,100.0,12442.0,100.0,60346043264.0,100.0,67946740339.0
2019-07-19,ZCH07Z3S,ST12000NM0007,12000138625024,0,80.0,95471216.0,98.0,0.0,100.0,2.0,100.0,0.0,88.0,599426433.0,86.0,12590.0,100.0,0.0,100.0,1.0,,,,,100.0,0.0,100.0,0.0,,,79.0,21.0,,,100.0,227.0,100.0,703.0,21.0,21.0,100.0,0.0,100.0,0.0,200.0,0.0,100.0,12458.0,100.0,60389277712.0,100.0,68124294395.0
2019-07-20,ZCH07Z3S,ST12000NM0007,12000138625024,0,73.0,21467248.0,98.0,0.0,100.0,2.0,100.0,0.0,88.0,603467733.0,86.0,12621.0,100.0,0.0,100.0,1.0,,,,,100.0,0.0,100.0,0.0,,,79.0,21.0,,,100.0,227.0,100.0,704.0,21.0,21.0,100.0,0.0,100.0,0.0,200.0,0.0,100.0,12489.0,100.0,60469003208.0,100.0,68458846795.0
2019-07-21,ZCH07Z3S,ST12000NM0007,12000138625024,0,83.0,195774624.0,98.0,0.0,100.0,2.0,100.0,0.0,88.0,605220567.0,86.0,12637.0,100.0,0.0,100.0,1.0,,,,,100.0,0.0,100.0,0.0,,,80.0,20.0,,,100.0,227.0,100.0,705.0,20.0,20.0,100.0,0.0,100.0,0.0,200.0,0.0,100.0,12505.0,100.0,60509045488.0,100.0,68593111891.0
2019-07-22,ZCH07Z3S,ST12000NM0007,12000138625024,0,75.0,32153216.0,98.0,0.0,100.0,2.0,100.0,0.0,88.0,612880119.0,86.0,12669.0,100.0,0.0,100.0,1.0,,,,,100.0,0.0,100.0,0.0,,,79.0,21.0,,,100.0,227.0,100.0,706.0,21.0,21.0,100.0,0.0,100.0,0.0,200.0,0.0,100.0,12537.0,100.0,60633411008.0,100.0,69037547019.0
2019-07-23,ZCH07Z3S,ST12000NM0007,12000138625024,0,71.0,13792320.0,98.0,0.0,100.0,2.0,100.0,0.0,88.0,615102072.0,86.0,12685.0,100.0,0.0,100.0,1.0,,,,,100.0,0.0,100.0,0.0,,,80.0,20.0,,,100.0,227.0,100.0,707.0,20.0,20.0,100.0,0.0,100.0,0.0,200.0,0.0,100.0,12552.0,100.0,60686899368.0,100.0,69209838667.0
2019-07-24,ZCH07Z3S,ST12000NM0007,12000138625024,0,83.0,190600440.0,98.0,0.0,100.0,2.0,100.0,0.0,88.0,620902449.0,86.0,12716.0,100.0,0.0,100.0,1.0,,,,,100.0,0.0,100.0,0.0,,,80.0,20.0,,,100.0,227.0,100.0,708.0,20.0,20.0,100.0,0.0,100.0,0.0,200.0,0.0,100.0,12584.0,100.0,60809618496.0,100.0,69508068331.0
2019-07-25,ZCH07Z3S,ST12000NM0007,12000138625024,0,82.0,166724536.0,98.0,0.0,100.0,2.0,100.0,0.0,88.0,626130817.0,86.0,12748.0,100.0,0.0,100.0,1.0,,,,,100.0,0.0,100.0,0.0,,,80.0,20.0,,,100.0,228.0,100.0,711.0,20.0,20.0,100.0,0.0,100.0,0.0,200.0,0.0,100.0,12615.0,100.0,60904373376.0,100.0,69877719347.0
2019-07-26,ZCH07Z3S,ST12000NM0007,12000138625024,0,80.0,104858704.0,98.0,0.0,100.0,2.0,100.0,0.0,88.0,627952973.0,86.0,12764.0,100.0,0.0,100.0,1.0,,,,,100.0,0.0,100.0,0.0,,,80.0,20.0,,,100.0,228.0,100.0,711.0,20.0,20.0,100.0,0.0,100.0,0.0,200.0,0.0,100.0,12631.0,100.0,60938518904.0,100.0,70025848731.0
2019-07-27,ZCH07Z3S,ST12000NM0007,12000138625024,0,71.0,13850808.0,98.0,0.0,100.0,2.0,100.0,0.0,88.0,631871610.0,86.0,12796.0,100.0,0.0,100.0,1.0,,,,,100.0,0.0,100.0,0.0,,,79.0,21.0,,,100.0,228.0,100.0,713.0,21.0,21.0,100.0,0.0,100.0,0.0,200.0,0.0,100.0,12662.0,100.0,61016369680.0,100.0,70345271411.0
2019-07-28,ZCH07Z3S,ST12000NM0007,12000138625024,0,74.0,24057776.0,98.0,0.0,100.0,2.0,100.0,0.0,88.0,634289991.0,86.0,12811.0,100.0,0.0,100.0,1.0,,,,,100.0,0.0,100.0,0.0,,,79.0,21.0,,,100.0,228.0,100.0,713.0,21.0,21.0,100.0,0.0,100.0,0.0,200.0,0.0,100.0,12678.0,100.0,61068712344.0,100.0,70547276347.0
2019-07-29,ZCH07Z3S,ST12000NM0007,12000138625024,0,80.0,106122320.0,98.0,0.0,100.0,2.0,100.0,0.0,88.0,641777217.0,86.0,12843.0,100.0,0.0,100.0,1.0,,,,,100.0,0.0,100.0,0.0,,,80.0,20.0,,,100.0,229.0,100.0,715.0,20.0,20.0,100.0,0.0,100.0,0.0,200.0,0.0,100.0,12709.0,100.0,61204028960.0,100.0,70982305635.0
2019-07-30,ZCH07Z3S,ST12000NM0007,12000138625024,0,80.0,95269728.0,98.0,0.0,100.0,2.0,100.0,0.0,88.0,644003034.0,86.0,12859.0,100.0,0.0,100.0,1.0,,,,,100.0,0.0,100.0,0.0,,,80.0,20.0,,,100.0,229.0,100.0,715.0,20.0,20.0,100.0,0.0,100.0,0.0,200.0,0.0,100.0,12725.0,100.0,61259213176.0,100.0,71160409587.0
2019-07-31,ZCH07Z3S,ST12000NM0007,12000138625024,0,76.0,41342288.0,98.0,0.0,100.0,2.0,100.0,0.0,88.0,650072926.0,86.0,12890.0,100.0,0.0,100.0,1.0,,,,,100.0,0.0,100.0,0.0,,,79.0,21.0,,,100.0,229.0,100.0,717.0,21.0,21.0,100.0,0.0,100.0,0.0,200.0,0.0,100.0,12756.0,100.0,61399193384.0,100.0,71454783635.0
2019-08-01,ZCH07Z3S,ST12000NM0007,12000138625024,0,80.0,92228760.0,98.0,0.0,100.0,2.0,100.0,0.0,88.0,652780086.0,86.0,12906.0,100.0,0.0,100.0,1.0,,,,,100.0,0.0,100.0,0.0,,,80.0,20.0,,,100.0,229.0,100.0,717.0,20.0,20.0,100.0,0.0,100.0,0.0,200.0,0.0,100.0,12772.0,100.0,61446021392.0,100.0,71702982811.0
2019-08-02,ZCH07Z3S,ST12000NM0007,12000138625024,0,78.0,56260960.0,98.0,0.0,100.0,2.0,100.0,0.0,88.0,657185431.0,86.0,12938.0,100.0,0.0,100.0,1.0,,,,,100.0,0.0,100.0,0.0,,,80.0,20.0,,,100.0,230.0,100.0,719.0,20.0,20.0,100.0,0.0,100.0,0.0,200.0,0.0,100.0,12803.0,100.0,61536745856.0,100.0,72064572147.0
2019-08-03,ZCH07Z3S,ST12000NM0007,12000138625024,0,74.0,25727944.0,98.0,0.0,100.0,2.0,100.0,0.0,88.0,659203956.0,86.0,12954.0,100.0,0.0,100.0,1.0,,,,,100.0,0.0,100.0,0.0,,,79.0,21.0,,,100.0,230.0,100.0,719.0,21.0,21.0,100.0,0.0,100.0,0.0,200.0,0.0,100.0,12819.0,100.0,61581836640.0,100.0,72233089163.0
2019-08-04,ZCH07Z3S,ST12000NM0007,12000138625024,0,77.0,44840080.0,98.0,0.0,100.0,2.0,100.0,0.0,88.0,664498265.0,86.0,12985.0,100.0,0.0,100.0,1.0,,,,,100.0,0.0,100.0,0.0,,,79.0,21.0,,,100.0,231.0,100.0,721.0,21.0,21.0,100.0,0.0,100.0,0.0,200.0,0.0,100.0,12850.0,100.0,61703311272.0,100.0,72619008083.0
2019-08-05,ZCH07Z3S,ST12000NM0007,12000138625024,0,80.0,94649856.0,98.0,0.0,100.0,2.0,100.0,0.0,88.0,669039314.0,86.0,13001.0,100.0,0.0,100.0,1.0,,,,,100.0,0.0,100.0,0.0,,,79.0,21.0,,,100.0,231.0,100.0,721.0,21.0,21.0,100.0,0.0,100.0,0.0,200.0,0.0,100.0,12866.0,100.0,61771535104.0,100.0,72844735251.0
2019-08-06,ZCH07Z3S,ST12000NM0007,12000138625024,0,76.0,44570496.0,98.0,0.0,100.0,2.0,100.0,0.0,88.0,673794278.0,86.0,13033.0,100.0,0.0,100.0,1.0,,,,,100.0,0.0,100.0,0.0,,,79.0,21.0,,,100.0,232.0,100.0,723.0,21.0,21.0,100.0,0.0,100.0,0.0,200.0,0.0,100.0,12897.0,100.0,61857673296.0,100.0,73196799299.0
2019-08-07,ZCH07Z3S,ST12000NM0007,12000138625024,0,76.0,42916064.0,98.0,0.0,100.0,2.0,100.0,0.0,88.0,677163572.0,86.0,13048.0,100.0,0.0,100.0,1.0,,,,,100.0,0.0,100.0,0.0,,,79.0,21.0,,,100.0,232.0,100.0,723.0,21.0,21.0,100.0,0.0,100.0,0.0,200.0,0.0,100.0,12913.0,100.0,61931086584.0,100.0,73365872283.0
2019-08-08,ZCH07Z3S,ST12000NM0007,12000138625024,0,75.0,35416152.0,98.0,0.0,100.0,2.0,100.0,0.0,88.0,682709706.0,86.0,13080.0,100.0,0.0,100.0,1.0,,,,,100.0,0.0,100.0,0.0,,,79.0,21.0,,,100.0,232.0,100.0,726.0,21.0,21.0,100.0,0.0,100.0,0.0,200.0,0.0,100.0,12944.0,100.0,62041982536.0,100.0,73735758075.0
2019-08-09,ZCH07Z3S,ST12000NM0007,12000138625024,0,64.0,2552032.0,98.0,0.0,100.0,2.0,100.0,0.0,88.0,684896024.0,86.0,13096.0,100.0,0.0,100.0,1.0,,,,,100.0,0.0,100.0,0.0,,,79.0,21.0,,,100.0,232.0,100.0,726.0,21.0,21.0,100.0,0.0,100.0,0.0,200.0,0.0,100.0,12960.0,100.0,62076783480.0,100.0,73912234355.0
2019-08-10,ZCH07Z3S,ST12000NM0007,12000138625024,0,79.0,71157224.0,98.0,0.0,100.0,2.0,100.0,0.0,88.0,688564702.0,86.0,13128.0,100.0,0.0,100.0,1.0,,,,,100.0,0.0,100.0,0.0,,,79.0,21.0,,,100.0,233.0,100.0,728.0,21.0,21.0,100.0,0.0,100.0,0.0,200.0,0.0,100.0,12991.0,100.0,62166654192.0,100.0,74135109931.0
2019-08-11,ZCH07Z3S,ST12000NM0007,12000138625024,0,83.0,205252712.0,98.0,0.0,100.0,2.0,100.0,0.0,88.0,690337957.0,85.0,13143.0,100.0,0.0,100.0,1.0,,,,,100.0,0.0,100.0,0.0,,,79.0,21.0,,,100.0,233.0,100.0,728.0,21.0,21.0,100.0,0.0,100.0,0.0,200.0,0.0,100.0,13007.0,100.0,62214903480.0,100.0,74220956131.0
2019-08-12,ZCH07Z3S,ST12000NM0007,12000138625024,0,82.0,155999144.0,98.0,0.0,100.0,2.0,100.0,0.0,88.0,697411887.0,85.0,13175.0,100.0,0.0,100.0,1.0,,,,,100.0,0.0,100.0,0.0,,,79.0,21.0,,,100.0,234.0,100.0,730.0,21.0,21.0,100.0,0.0,100.0,0.0,200.0,0.0,100.0,13038.0,100.0,62331147944.0,100.0,74543739499.0
2019-08-13,ZCH07Z3S,ST12000NM0007,12000138625024,0,76.0,36484024.0,98.0,0.0,100.0,2.0,100.0,0.0,88.0,699087517.0,85.0,13191.0,100.0,0.0,100.0,1.0,,,,,100.0,0.0,100.0,0.0,,,79.0,21.0,,,100.0,234.0,100.0,730.0,21.0,21.0,100.0,0.0,100.0,0.0,200.0,0.0,100.0,13054.0,100.0,62370894944.0,100.0,74628618259.0
2019-08-14,ZCH07Z3S,ST12000NM0007,12000138625024,0,82.0,173299920.0,98.0,0.0,100.0,2.0,100.0,0.0,88.0,705417896.0,85.0,13223.0,100.0,0.0,100.0,1.0,,,,,100.0,0.0,100.0,0.0,,,79.0,21.0,,,100.0,235.0,100.0,732.0,21.0,21.0,100.0,0.0,100.0,0.0,200.0,0.0,100.0,13085.0,100.0,62528261568.0,100.0,74852208171.0
2019-08-15,ZCH07Z3S,ST12000NM0007,12000138625024,0,79.0,86616712.0,98.0,0.0,100.0,2.0,100.0,0.0,89.0,708083400.0,85.0,13238.0,100.0,0.0,100.0,1.0,,,,,100.0,0.0,100.0,0.0,,,80.0,20.0,,,100.0,235.0,100.0,733.0,20.0,20.0,100.0,0.0,100.0,0.0,200.0,0.0,100.0,13101.0,100.0,62577354280.0,100.0,74960573091.0
2019-08-16,ZCH07Z3S,ST12000NM0007,12000138625024,0,81.0,140585152.0,98.0,0.0,100.0,2.0,100.0,0.0,89.0,711886455.0,85.0,13270.0,100.0,0.0,100.0,1.0,,,,,100.0,0.0,100.0,0.0,,,79.0,21.0,,,100.0,236.0,100.0,734.0,21.0,21.0,100.0,0.0,100.0,0.0,200.0,0.0,100.0,13133.0,100.0,62655998856.0,100.0,75180037587.0
2019-08-17,ZCH07Z3S,ST12000NM0007,12000138625024,0,78.0,59217728.0,98.0,0.0,100.0,2.0,100.0,0.0,89.0,713726659.0,85.0,13286.0,100.0,0.0,100.0,1.0,,,,,100.0,0.0,100.0,0.0,,,79.0,21.0,,,100.0,236.0,100.0,735.0,21.0,21.0,100.0,0.0,100.0,0.0,200.0,0.0,100.0,13148.0,100.0,62702691376.0,100.0,75296118379.0
2019-08-18,ZCH07Z3S,ST12000NM0007,12000138625024,0,83.0,187056232.0,98.0,0.0,100.0,2.0,100.0,0.0,89.0,717930976.0,85.0,13318.0,100.0,0.0,100.0,1.0,,,,,100.0,0.0,100.0,0.0,,,79.0,21.0,,,100.0,236.0,100.0,736.0,21.0,21.0,100.0,0.0,100.0,0.0,200.0,0.0,100.0,13180.0,100.0,62815521744.0,100.0,75555267299.0
2019-08-19,ZCH07Z3S,ST12000NM0007,12000138625024,0,83.0,217378536.0,98.0,0.0,100.0,2.0,100.0,0.0,89.0,722682168.0,85.0,13334.0,100.0,0.0,100.0,1.0,,,,,100.0,0.0,100.0,0.0,,,78.0,22.0,,,100.0,237.0,100.0,737.0,22.0,22.0,100.0,0.0,100.0,0.0,200.0,0.0,100.0,13196.0,100.0,62879952784.0,100.0,75765299195.0
2019-08-20,ZCH07Z3S,ST12000NM0007,12000138625024,0,84.0,231543456.0,98.0,0.0,100.0,2.0,100.0,0.0,89.0,725943080.0,85.0,13365.0,100.0,0.0,100.0,1.0,,,,,100.0,0.0,100.0,0.0,,,79.0,21.0,,,100.0,237.0,100.0,738.0,21.0,21.0,100.0,0.0,100.0,0.0,200.0,0.0,100.0,13227.0,100.0,62970229328.0,100.0,75933328379.0
2019-08-21,ZCH07Z3S,ST12000NM0007,12000138625024,0,80.0,107217864.0,98.0,0.0,100.0,2.0,100.0,0.0,89.0,732381494.0,85.0,13397.0,100.0,0.0,100.0,1.0,,,,,100.0,0.0,100.0,0.0,,,79.0,21.0,,,100.0,237.0,100.0,740.0,21.0,21.0,100.0,0.0,100.0,0.0,200.0,0.0,100.0,13259.0,100.0,63117291344.0,100.0,76150222123.0
2019-08-22,ZCH07Z3S,ST12000NM0007,12000138625024,0,71.0,12537616.0,98.0,0.0,100.0,2.0,100.0,0.0,89.0,734246780.0,85.0,13413.0,100.0,0.0,100.0,1.0,,,,,100.0,0.0,100.0,0.0,,,79.0,21.0,,,100.0,237.0,100.0,740.0,21.0,21.0,100.0,0.0,100.0,0.0,200.0,0.0,100.0,13275.0,100.0,63155999536.0,100.0,76260974363.0
2019-08-23,ZCH07Z3S,ST12000NM0007,12000138625024,0,75.0,32394712.0,98.0,0.0,100.0,2.0,100.0,0.0,89.0,737882699.0,85.0,13444.0,100.0,0.0,100.0,1.0,,,,,100.0,0.0,100.0,0.0,,,79.0,21.0,,,100.0,238.0,100.0,742.0,21.0,21.0,100.0,0.0,100.0,0.0,200.0,0.0,100.0,13306.0,100.0,63241389080.0,100.0,76439582555.0
2019-08-24,ZCH07Z3S,ST12000NM0007,12000138625024,0,82.0,154814488.0,98.0,0.0,100.0,2.0,100.0,0.0,89.0,740006053.0,85.0,13460.0,100.0,0.0,100.0,1.0,,,,,100.0,0.0,100.0,0.0,,,79.0,21.0,,,100.0,238.0,100.0,742.0,21.0,21.0,100.0,0.0,100.0,0.0,200.0,0.0,100.0,13322.0,100.0,63290912968.0,100.0,76512478443.0
2019-08-25,ZCH07Z3S,ST12000NM0007,12000138625024,0,78.0,66258384.0,98.0,0.0,100.0,2.0,100.0,0.0,89.0,745450399.0,85.0,13492.0,100.0,0.0,100.0,1.0,,,,,100.0,0.0,100.0,0.0,,,78.0,22.0,,,100.0,238.0,100.0,744.0,22.0,22.0,100.0,0.0,100.0,0.0,200.0,0.0,100.0,13353.0,100.0,63404071736.0,100.0,76799045083.0
2019-08-26,ZCH07Z3S,ST12000NM0007,12000138625024,0,78.0,67575104.0,98.0,0.0,100.0,2.0,100.0,0.0,89.0,753211184.0,85.0,13540.0,100.0,0.0,100.0,1.0,,,,,100.0,0.0,100.0,0.0,,,80.0,20.0,,,100.0,239.0,100.0,746.0,20.0,20.0,100.0,0.0,100.0,0.0,200.0,0.0,100.0,13400.0,100.0,63559561368.0,100.0,77133154459.0
2019-08-27,ZCH07Z3S,ST12000NM0007,12000138625024,0,78.0,67575104.0,98.0,0.0,100.0,2.0,100.0,0.0,89.0,753211184.0,85.0,13540.0,100.0,0.0,100.0,1.0,,,,,100.0,0.0,100.0,0.0,,,80.0,20.0,,,100.0,239.0,100.0,746.0,20.0,20.0,100.0,0.0,100.0,0.0,200.0,0.0,100.0,13400.0,100.0,63559561368.0,100.0,77133154459.0
2019-08-28,ZCH07Z3S,ST12000NM0007,12000138625024,0,77.0,49827648.0,98.0,0.0,100.0,2.0,100.0,0.0,89.0,757285933.0,85.0,13555.0,100.0,0.0,100.0,1.0,,,,,100.0,0.0,100.0,0.0,,,79.0,21.0,,,100.0,239.0,100.0,746.0,21.0,21.0,100.0,0.0,100.0,0.0,200.0,0.0,100.0,13416.0,100.0,63645027904.0,100.0,77274081155.0
2019-08-29,ZCH07Z3S,ST12000NM0007,12000138625024,0,79.0,77307160.0,98.0,0.0,100.0,2.0,100.0,0.0,89.0,763259472.0,85.0,13587.0,100.0,0.0,100.0,1.0,,,,,100.0,0.0,100.0,0.0,,,78.0,22.0,,,100.0,240.0,100.0,748.0,22.0,22.0,100.0,0.0,100.0,0.0,200.0,0.0,100.0,13448.0,100.0,63727525976.0,100.0,77463203419.0
2019-08-30,ZCH07Z3S,ST12000NM0007,12000138625024,0,69.0,7228392.0,98.0,0.0,100.0,2.0,100.0,0.0,89.0,765262640.0,85.0,13603.0,100.0,0.0,100.0,1.0,,,,,100.0,0.0,100.0,0.0,,,79.0,21.0,,,100.0,240.0,100.0,748.0,21.0,21.0,100.0,0.0,100.0,0.0,200.0,0.0,100.0,13463.0,100.0,63768485976.0,100.0,77596305363.0
2019-08-31,ZCH07Z3S,ST12000NM0007,12000138625024,0,79.0,78503272.0,98.0,0.0,100.0,2.0,100.0,0.0,89.0,769482833.0,85.0,13634.0,100.0,0.0,100.0,1.0,,,,,100.0,0.0,100.0,0.0,,,79.0,21.0,,,100.0,241.0,100.0,750.0,21.0,21.0,100.0,0.0,100.0,0.0,200.0,0.0,100.0,13495.0,100.0,63858131504.0,100.0,77822075379.0
2019-09-01,ZCH07Z3S,ST12000NM0007,12000138625024,0,72.0,14252024.0,98.0,0.0,100.0,2.0,100.0,0.0,89.0,771593892.0,85.0,13650.0,100.0,0.0,100.0,1.0,,,,,100.0,0.0,100.0,0.0,,,78.0,22.0,,,100.0,241.0,100.0,750.0,22.0,22.0,100.0,0.0,100.0,0.0,200.0,0.0,100.0,13511.0,100.0,63912182784.0,100.0,77947913579.0
2019-09-02,ZCH07Z3S,ST12000NM0007,12000138625024,0,83.0,218944560.0,98.0,0.0,100.0,2.0,100.0,0.0,89.0,779018413.0,85.0,13682.0,100.0,0.0,100.0,1.0,,,,,100.0,0.0,100.0,0.0,,,79.0,21.0,,,100.0,242.0,100.0,751.0,21.0,21.0,100.0,0.0,100.0,0.0,200.0,0.0,100.0,13542.0,100.0,64067584000.0,100.0,78241345539.0
2019-09-03,ZCH07Z3S,ST12000NM0007,12000138625024,0,83.0,179874072.0,98.0,0.0,100.0,2.0,100.0,0.0,89.0,781260444.0,85.0,13698.0,100.0,0.0,100.0,1.0,,,,,100.0,0.0,100.0,0.0,,,79.0,21.0,,,100.0,242.0,100.0,752.0,21.0,21.0,100.0,0.0,100.0,0.0,200.0,0.0,100.0,13558.0,100.0,64123172064.0,100.0,78390827667.0
2019-09-04,ZCH07Z3S,ST12000NM0007,12000138625024,0,78.0,62213936.0,98.0,0.0,100.0,2.0,100.0,0.0,89.0,787832308.0,85.0,13729.0,100.0,0.0,100.0,1.0,,,,,100.0,0.0,100.0,0.0,,,78.0,22.0,,,100.0,243.0,100.0,753.0,22.0,22.0,100.0,0.0,100.0,0.0,200.0,0.0,100.0,13589.0,100.0,64240133072.0,100.0,78644487883.0
2019-09-05,ZCH07Z3S,ST12000NM0007,12000138625024,0,83.0,197917744.0,98.0,0.0,100.0,2.0,100.0,0.0,89.0,789779559.0,85.0,13745.0,100.0,0.0,100.0,1.0,,,,,100.0,0.0,100.0,0.0,,,79.0,21.0,,,100.0,243.0,100.0,754.0,21.0,21.0,100.0,0.0,100.0,0.0,200.0,0.0,100.0,13605.0,100.0,64278255728.0,100.0,78742069035.0
2019-09-06,ZCH07Z3S,ST12000NM0007,12000138625024,0,84.0,242937136.0,98.0,0.0,100.0,2.0,100.0,0.0,89.0,796731324.0,85.0,13777.0,100.0,0.0,100.0,1.0,,,,,100.0,0.0,100.0,0.0,,,78.0,22.0,,,100.0,244.0,100.0,756.0,22.0,22.0,100.0,0.0,100.0,0.0,200.0,0.0,100.0,13636.0,100.0,64344409392.0,100.0,78965075507.0
2019-09-07,ZCH07Z3S,ST12000NM0007,12000138625024,0,80.0,106010520.0,98.0,0.0,100.0,2.0,100.0,0.0,89.0,800815727.0,85.0,13792.0,100.0,0.0,100.0,1.0,,,,,100.0,0.0,100.0,0.0,,,79.0,21.0,,,100.0,244.0,100.0,756.0,21.0,21.0,100.0,0.0,100.0,0.0,200.0,0.0,100.0,13652.0,100.0,64360024720.0,100.0,79056674195.0
2019-09-08,ZCH07Z3S,ST12000NM0007,12000138625024,0,82.0,175362464.0,98.0,0.0,100.0,2.0,100.0,0.0,89.0,804846105.0,85.0,13824.0,100.0,0.0,100.0,1.0,,,,,100.0,0.0,100.0,0.0,,,78.0,22.0,,,100.0,245.0,100.0,757.0,22.0,22.0,100.0,0.0,100.0,0.0,200.0,0.0,100.0,13683.0,100.0,64449078848.0,100.0,79281112731.0
2019-09-09,ZCH07Z3S,ST12000NM0007,12000138625024,0,81.0,125385928.0,98.0,0.0,100.0,2.0,100.0,0.0,89.0,811948364.0,85.0,13856.0,100.0,0.0,100.0,1.0,,,,,100.0,0.0,100.0,0.0,,,79.0,21.0,,,100.0,247.0,100.0,759.0,21.0,21.0,100.0,0.0,100.0,0.0,200.0,0.0,100.0,13715.0,100.0,64582185648.0,100.0,79586311011.0
2019-09-10,ZCH07Z3S,ST12000NM0007,12000138625024,0,71.0,11408848.0,98.0,0.0,100.0,2.0,100.0,0.0,89.0,813848524.0,85.0,13871.0,100.0,0.0,100.0,1.0,,,,,100.0,0.0,100.0,0.0,,,79.0,21.0,,,100.0,247.0,100.0,759.0,21.0,21.0,100.0,0.0,100.0,0.0,200.0,0.0,100.0,13731.0,100.0,64628013056.0,100.0,79670647323.0
2019-09-11,ZCH07Z3S,ST12000NM0007,12000138625024,0,84.0,224908872.0,98.0,0.0,100.0,2.0,100.0,0.0,89.0,817084452.0,85.0,13887.0,100.0,0.0,100.0,1.0,,,,,100.0,0.0,100.0,0.0,,,78.0,22.0,,,100.0,247.0,100.0,760.0,22.0,22.0,100.0,0.0,100.0,0.0,200.0,0.0,100.0,13746.0,100.0,64698485888.0,100.0,79813674515.0
2019-09-12,ZCH07Z3S,ST12000NM0007,12000138625024,0,79.0,82263776.0,98.0,0.0,100.0,2.0,100.0,0.0,89.0,827749052.0,85.0,13919.0,100.0,0.0,100.0,1.0,,,,,100.0,0.0,100.0,0.0,,,77.0,23.0,,,100.0,247.0,100.0,761.0,23.0,23.0,100.0,0.0,100.0,0.0,200.0,0.0,100.0,13778.0,100.0,64767938232.0,100.0,80578139771.0
2019-09-13,ZCH07Z3S,ST12000NM0007,12000138625024,0,83.0,185908656.0,98.0,0.0,100.0,2.0,100.0,0.0,89.0,833359933.0,85.0,13935.0,100.0,0.0,100.0,1.0,,,,,100.0,0.0,100.0,0.0,,,78.0,22.0,,,100.0,247.0,100.0,762.0,22.0,22.0,100.0,0.0,100.0,0.0,200.0,0.0,100.0,13794.0,100.0,64778333808.0,100.0,81159670595.0
2019-09-14,ZCH07Z3S,ST12000NM0007,12000138625024,0,79.0,78189488.0,98.0,0.0,100.0,2.0,100.0,0.0,89.0,844172436.0,85.0,13966.0,100.0,0.0,100.0,1.0,,,,,100.0,0.0,100.0,0.0,,,77.0,23.0,,,100.0,247.0,100.0,763.0,23.0,23.0,100.0,0.0,100.0,0.0,200.0,0.0,100.0,13825.0,100.0,64810515536.0,100.0,82240473595.0
2019-09-15,ZCH07Z3S,ST12000NM0007,12000138625024,0,82.0,149659752.0,98.0,0.0,100.0,2.0,100.0,0.0,89.0,849594593.0,85.0,13982.0,100.0,0.0,100.0,1.0,,,,,100.0,0.0,100.0,0.0,,,78.0,22.0,,,100.0,247.0,100.0,764.0,22.0,22.0,100.0,0.0,100.0,0.0,200.0,0.0,100.0,13841.0,100.0,64826132640.0,100.0,82784608179.0
2019-09-16,ZCH07Z3S,ST12000NM0007,12000138625024,0,82.0,145872832.0,98.0,0.0,100.0,2.0,100.0,0.0,89.0,860664656.0,85.0,14014.0,100.0,0.0,100.0,1.0,,,,,100.0,0.0,100.0,0.0,,,77.0,23.0,,,100.0,247.0,100.0,765.0,23.0,23.0,100.0,0.0,100.0,0.0,200.0,0.0,100.0,13872.0,100.0,64849513544.0,100.0,83978144227.0
2019-09-17,ZCH07Z3S,ST12000NM0007,12000138625024,0,84.0,230956904.0,98.0,0.0,100.0,2.0,100.0,0.0,89.0,866206125.0,84.0,14029.0,100.0,0.0,100.0,1.0,,,,,100.0,0.0,100.0,0.0,,,78.0,22.0,,,100.0,247.0,100.0,766.0,22.0,22.0,100.0,0.0,100.0,0.0,200.0,0.0,100.0,13888.0,100.0,64867709584.0,100.0,84533313611.0
2019-09-18,ZCH07Z3S,ST12000NM0007,12000138625024,0,81.0,121696008.0,98.0,0.0,100.0,2.0,100.0,0.0,89.0,876407054.0,84.0,14061.0,100.0,0.0,100.0,1.0,,,,,100.0,0.0,100.0,0.0,,,78.0,22.0,,,100.0,247.0,100.0,767.0,22.0,22.0,100.0,0.0,100.0,0.0,200.0,0.0,100.0,13919.0,100.0,64940667728.0,100.0,85327657523.0
2019-09-19,ZCH07Z3S,ST12000NM0007,12000138625024,0,77.0,55781024.0,98.0,0.0,100.0,2.0,100.0,0.0,89.0,886170102.0,84.0,14093.0,100.0,0.0,100.0,1.0,,,,,100.0,0.0,100.0,0.0,,,78.0,22.0,,,100.0,247.0,100.0,769.0,22.0,22.0,100.0,0.0,100.0,0.0,200.0,0.0,100.0,13950.0,100.0,64972287400.0,100.0,87183248579.0
2019-09-20,ZCH07Z3S,ST12000NM0007,12000138625024,0,81.0,125205712.0,98.0,0.0,100.0,2.0,100.0,0.0,90.0,891376610.0,84.0,14108.0,100.0,0.0,100.0,1.0,,,,,100.0,0.0,100.0,0.0,,,78.0,22.0,,,100.0,247.0,100.0,769.0,22.0,22.0,100.0,0.0,100.0,0.0,200.0,0.0,100.0,13966.0,100.0,64994138800.0,100.0,88207384715.0
2019-09-21,ZCH07Z3S,ST12000NM0007,12000138625024,0,67.0,5584736.0,98.0,0.0,100.0,2.0,100.0,0.0,90.0,900702856.0,84.0,14140.0,100.0,0.0,100.0,1.0,,,,,100.0,0.0,100.0,0.0,,,79.0,21.0,,,100.0,247.0,100.0,771.0,21.0,21.0,100.0,0.0,100.0,0.0,200.0,0.0,100.0,13998.0,100.0,65029925800.0,100.0,90005103243.0
2019-09-22,ZCH07Z3S,ST12000NM0007,12000138625024,0,82.0,156731720.0,98.0,0.0,100.0,2.0,100.0,0.0,90.0,904684387.0,84.0,14156.0,100.0,0.0,100.0,1.0,,,,,100.0,0.0,100.0,0.0,,,78.0,22.0,,,100.0,247.0,100.0,771.0,22.0,22.0,100.0,0.0,100.0,0.0,200.0,0.0,100.0,14014.0,100.0,65040888208.0,100.0,90877710083.0
2019-09-23,ZCH07Z3S,ST12000NM0007,12000138625024,0,82.0,160932784.0,98.0,0.0,100.0,2.0,100.0,0.0,90.0,912492270.0,84.0,14188.0,100.0,0.0,100.0,1.0,,,,,100.0,0.0,100.0,0.0,,,78.0,22.0,,,100.0,248.0,100.0,773.0,22.0,22.0,100.0,0.0,100.0,0.0,200.0,0.0,100.0,14045.0,100.0,65066682192.0,100.0,92320961491.0
2019-09-24,ZCH07Z3S,ST12000NM0007,12000138625024,0,76.0,41702768.0,98.0,0.0,100.0,2.0,100.0,0.0,90.0,916868788.0,84.0,14204.0,100.0,0.0,100.0,1.0,,,,,100.0,0.0,100.0,0.0,,,78.0,22.0,,,100.0,248.0,100.0,773.0,22.0,22.0,100.0,0.0,100.0,0.0,200.0,0.0,100.0,14061.0,100.0,65075704064.0,100.0,92925131619.0
2019-09-25,ZCH07Z3S,ST12000NM0007,12000138625024,0,66.0,3674584.0,98.0,0.0,100.0,2.0,100.0,0.0,90.0,926804151.0,84.0,14235.0,100.0,0.0,100.0,1.0,,,,,100.0,0.0,100.0,0.0,,,78.0,22.0,,,100.0,248.0,100.0,775.0,22.0,22.0,100.0,0.0,100.0,0.0,200.0,0.0,100.0,14093.0,100.0,65100177888.0,100.0,94083333155.0
2019-09-26,ZCH07Z3S,ST12000NM0007,12000138625024,0,82.0,144193792.0,98.0,0.0,100.0,2.0,100.0,0.0,90.0,932400950.0,84.0,14251.0,100.0,0.0,100.0,1.0,,,,,100.0,0.0,100.0,0.0,,,79.0,21.0,,,100.0,248.0,100.0,775.0,21.0,21.0,100.0,0.0,100.0,0.0,200.0,0.0,100.0,14108.0,100.0,65113816696.0,100.0,94698495147.0
2019-09-27,ZCH07Z3S,ST12000NM0007,12000138625024,0,80.0,97528504.0,98.0,0.0,100.0,2.0,100.0,0.0,90.0,941310628.0,84.0,14283.0,100.0,0.0,100.0,1.0,,,,,100.0,0.0,100.0,0.0,,,79.0,21.0,,,100.0,248.0,100.0,777.0,21.0,21.0,100.0,0.0,100.0,0.0,200.0,0.0,100.0,14140.0,100.0,65138292752.0,100.0,96336339075.0
2019-09-28,ZCH07Z3S,ST12000NM0007,12000138625024,0,73.0,18670152.0,98.0,0.0,100.0,2.0,100.0,0.0,90.0,946282212.0,84.0,14298.0,100.0,0.0,100.0,1.0,,,,,100.0,0.0,100.0,0.0,,,78.0,22.0,,,100.0,248.0,100.0,777.0,22.0,22.0,100.0,0.0,100.0,0.0,200.0,0.0,100.0,14155.0,100.0,65144253608.0,100.0,96983942027.0
2019-09-29,ZCH07Z3S,ST12000NM0007,12000138625024,0,80.0,111734800.0,98.0,0.0,100.0,2.0,100.0,0.0,90.0,957393990.0,84.0,14330.0,100.0,0.0,100.0,1.0,,,,,100.0,0.0,100.0,0.0,,,78.0,22.0,,,100.0,248.0,100.0,778.0,22.0,22.0,100.0,0.0,100.0,0.0,200.0,0.0,100.0,14187.0,100.0,65154650760.0,100.0,98287313475.0
2019-09-30,ZCH07Z3S,ST12000NM0007,12000138625024,0,83.0,199790680.0,98.0,0.0,100.0,2.0,100.0,0.0,90.0,962848400.0,84.0,14346.0,100.0,0.0,100.0,1.0,,,,,100.0,0.0,100.0,0.0,,,78.0,22.0,,,100.0,248.0,100.0,779.0,22.0,22.0,100.0,0.0,100.0,0.0,200.0,0.0,100.0,14203.0,100.0,65161626096.0,100.0,98856675651.0
2019-10-01,ZCH07Z3S,ST12000NM0007,12000138625024,0,83.0,212741744.0,98.0,0.0,100.0,2.0,100.0,0.0,90.0,973512123.0,84.0,14378.0,100.0,0.0,100.0,1.0,,,,,100.0,0.0,100.0,0.0,,,78.0,22.0,,,100.0,248.0,100.0,780.0,22.0,22.0,100.0,0.0,100.0,0.0,200.0,0.0,100.0,14234.0,100.0,65172169072.0,100.0,100079787059.0
2019-10-02,ZCH07Z3S,ST12000NM0007,12000138625024,0,75.0,32591816.0,98.0,0.0,100.0,2.0,100.0,0.0,90.0,978560369.0,84.0,14393.0,100.0,0.0,100.0,1.0,,,,,100.0,0.0,100.0,0.0,,,78.0,22.0,,,100.0,248.0,100.0,781.0,22.0,22.0,100.0,0.0,100.0,0.0,200.0,0.0,100.0,14250.0,100.0,65181029144.0,100.0,100623199659.0
2019-10-03,ZCH07Z3S,ST12000NM0007,12000138625024,0,81.0,136514488.0,98.0,0.0,100.0,2.0,100.0,0.0,90.0,989213418.0,84.0,14425.0,100.0,0.0,100.0,1.0,,,,,100.0,0.0,100.0,0.0,,,78.0,22.0,,,100.0,248.0,100.0,783.0,22.0,22.0,100.0,0.0,100.0,0.0,200.0,0.0,100.0,14281.0,100.0,65199312928.0,100.0,101685401659.0
2019-10-04,ZCH07Z3S,ST12000NM0007,12000138625024,0,72.0,15428896.0,98.0,0.0,100.0,2.0,100.0,0.0,90.0,994784752.0,84.0,14441.0,100.0,0.0,100.0,1.0,,,,,100.0,0.0,100.0,0.0,,,78.0,22.0,,,100.0,248.0,100.0,783.0,22.0,22.0,100.0,0.0,100.0,0.0,200.0,0.0,100.0,14297.0,100.0,65206081520.0,100.0,102289969491.0
2019-10-05,ZCH07Z3S,ST12000NM0007,12000138625024,0,82.0,164576608.0,98.0,0.0,100.0,2.0,100.0,0.0,68.0,5786398.0,84.0,14473.0,100.0,0.0,100.0,1.0,,,,,100.0,0.0,100.0,0.0,,,78.0,22.0,,,100.0,249.0,100.0,785.0,22.0,22.0,100.0,0.0,100.0,0.0,200.0,0.0,100.0,14328.0,100.0,65309961256.0,100.0,103311800291.0
2019-10-06,ZCH07Z3S,ST12000NM0007,12000138625024,0,77.0,52181376.0,98.0,0.0,100.0,2.0,100.0,0.0,71.0,11280065.0,84.0,14488.0,100.0,0.0,100.0,1.0,,,,,100.0,0.0,100.0,0.0,,,78.0,22.0,,,100.0,249.0,100.0,785.0,22.0,22.0,100.0,0.0,100.0,0.0,200.0,0.0,100.0,14344.0,100.0,65315315040.0,100.0,103926473555.0
2019-10-07,ZCH07Z3S,ST12000NM0007,12000138625024,0,74.0,23092120.0,98.0,0.0,100.0,2.0,100.0,0.0,74.0,22780964.0,84.0,14520.0,100.0,0.0,100.0,1.0,,,,,100.0,0.0,100.0,0.0,,,78.0,22.0,,,100.0,249.0,100.0,786.0,22.0,22.0,100.0,0.0,100.0,0.0,200.0,0.0,100.0,14376.0,100.0,65326655600.0,100.0,105106747531.0
2019-10-08,ZCH07Z3S,ST12000NM0007,12000138625024,0,79.0,87018744.0,98.0,0.0,100.0,2.0,100.0,0.0,75.0,28833113.0,84.0,14536.0,100.0,0.0,100.0,1.0,,,,,100.0,0.0,100.0,0.0,,,78.0,22.0,,,100.0,249.0,100.0,787.0,22.0,22.0,100.0,0.0,100.0,0.0,200.0,0.0,100.0,14391.0,100.0,65334541536.0,100.0,105651069627.0
2019-10-09,ZCH07Z3S,ST12000NM0007,12000138625024,0,100.0,1992464.0,98.0,0.0,100.0,2.0,100.0,0.0,76.0,38280870.0,84.0,14568.0,100.0,0.0,100.0,1.0,,,,,100.0,0.0,100.0,0.0,,,79.0,21.0,,,100.0,249.0,100.0,788.0,21.0,21.0,100.0,0.0,100.0,0.0,200.0,0.0,100.0,14423.0,100.0,65370440552.0,100.0,106506707635.0
2019-10-10,ZCH07Z3S,ST12000NM0007,12000138625024,0,81.0,128702568.0,98.0,0.0,100.0,2.0,100.0,0.0,76.0,41080726.0,84.0,14584.0,100.0,0.0,100.0,1.0,,,,,100.0,0.0,100.0,0.0,,,79.0,21.0,,,100.0,250.0,100.0,789.0,21.0,21.0,100.0,0.0,100.0,0.0,200.0,0.0,100.0,14439.0,100.0,65408447640.0,100.0,106595410651.0
2019-10-11,ZCH07Z3S,ST12000NM0007,12000138625024,0,81.0,125351248.0,98.0,0.0,100.0,2.0,100.0,0.0,77.0,45759570.0,84.0,14615.0,100.0,0.0,100.0,1.0,,,,,100.0,0.0,100.0,0.0,,,79.0,21.0,,,100.0,251.0,100.0,791.0,21.0,21.0,100.0,0.0,100.0,0.0,200.0,0.0,100.0,14470.0,100.0,65543528728.0,100.0,106701119059.0
2019-10-12,ZCH07Z3S,ST12000NM0007,12000138625024,0,71.0,13691096.0,98.0,0.0,100.0,2.0,100.0,0.0,77.0,48070720.0,84.0,14631.0,100.0,0.0,100.0,1.0,,,,,100.0,0.0,100.0,0.0,,,79.0,21.0,,,100.0,251.0,100.0,791.0,21.0,21.0,100.0,0.0,100.0,0.0,200.0,0.0,100.0,14486.0,100.0,65634309360.0,100.0,106742819059.0
2019-10-13,ZCH07Z3S,ST12000NM0007,12000138625024,0,76.0,37064256.0,98.0,0.0,100.0,2.0,100.0,0.0,77.0,52532771.0,84.0,14663.0,100.0,0.0,100.0,1.0,,,,,100.0,0.0,100.0,0.0,,,79.0,21.0,,,100.0,252.0,100.0,793.0,21.0,21.0,100.0,0.0,100.0,0.0,200.0,0.0,100.0,14517.0,100.0,65767900536.0,100.0,106876741819.0
2019-10-14,ZCH07Z3S,ST12000NM0007,12000138625024,0,81.0,123622816.0,98.0,0.0,100.0,2.0,100.0,0.0,78.0,60075185.0,84.0,14694.0,100.0,0.0,100.0,1.0,,,,,100.0,0.0,100.0,0.0,,,80.0,20.0,,,100.0,252.0,100.0,794.0,20.0,20.0,100.0,0.0,100.0,0.0,200.0,0.0,100.0,14549.0,100.0,65938340136.0,100.0,107037001467.0
2019-10-15,ZCH07Z3S,ST12000NM0007,12000138625024,0,77.0,50953760.0,98.0,0.0,100.0,2.0,100.0,0.0,78.0,67803910.0,84.0,14742.0,100.0,0.0,100.0,1.0,,,,,100.0,0.0,100.0,0.0,,,79.0,21.0,,,100.0,253.0,100.0,796.0,21.0,21.0,100.0,0.0,100.0,0.0,200.0,0.0,100.0,14596.0,100.0,66158098816.0,100.0,107232855123.0
2019-10-16,ZCH07Z3S,ST12000NM0007,12000138625024,0,77.0,50953760.0,98.0,0.0,100.0,2.0,100.0,0.0,78.0,67803910.0,84.0,14742.0,100.0,0.0,100.0,1.0,,,,,100.0,0.0,100.0,0.0,,,79.0,21.0,,,100.0,253.0,100.0,796.0,21.0,21.0,100.0,0.0,100.0,0.0,200.0,0.0,100.0,14596.0,100.0,66158098816.0,100.0,107232855123.0
2019-10-17,ZCH07Z3S,ST12000NM0007,12000138625024,0,82.0,152884144.0,98.0,0.0,100.0,2.0,100.0,0.0,78.0,69789286.0,84.0,14757.0,100.0,0.0,100.0,1.0,,,,,100.0,0.0,100.0,0.0,,,79.0,21.0,,,100.0,253.0,100.0,797.0,21.0,21.0,100.0,0.0,100.0,0.0,200.0,0.0,100.0,14612.0,100.0,66211440552.0,100.0,107281443771.0
2019-10-18,ZCH07Z3S,ST12000NM0007,12000138625024,0,82.0,174202200.0,98.0,0.0,100.0,2.0,100.0,0.0,79.0,74525247.0,84.0,14789.0,100.0,0.0,100.0,1.0,,,,,100.0,0.0,100.0,0.0,,,74.0,26.0,,,100.0,254.0,100.0,798.0,26.0,26.0,100.0,0.0,100.0,0.0,200.0,0.0,100.0,14643.0,100.0,66308111096.0,100.0,107450232131.0
2019-10-19,ZCH07Z3S,ST12000NM0007,12000138625024,0,79.0,75516480.0,98.0,0.0,100.0,2.0,100.0,0.0,79.0,77051254.0,84.0,14805.0,100.0,0.0,100.0,1.0,,,,,100.0,0.0,100.0,0.0,,,74.0,26.0,,,100.0,254.0,100.0,799.0,26.0,26.0,100.0,0.0,100.0,0.0,200.0,0.0,100.0,14659.0,100.0,66346994408.0,100.0,107556803771.0
2019-10-20,ZCH07Z3S,ST12000NM0007,12000138625024,0,83.0,214651224.0,98.0,0.0,100.0,2.0,100.0,0.0,79.0,79453936.0,84.0,14821.0,100.0,0.0,100.0,1.0,,,,,100.0,0.0,100.0,0.0,,,75.0,25.0,,,100.0,254.0,100.0,799.0,25.0,25.0,100.0,0.0,100.0,0.0,200.0,0.0,100.0,14675.0,100.0,66379840272.0,100.0,107663092651.0
2019-10-21,ZCH07Z3S,ST12000NM0007,12000138625024,0,82.0,146222352.0,98.0,0.0,100.0,2.0,100.0,0.0,79.0,87856871.0,84.0,14853.0,100.0,0.0,100.0,1.0,,,,,100.0,0.0,100.0,0.0,,,75.0,25.0,,,100.0,254.0,100.0,801.0,25.0,25.0,100.0,0.0,100.0,0.0,200.0,0.0,100.0,14706.0,100.0,66479258920.0,100.0,107983526467.0
2019-10-22,ZCH07Z3S,ST12000NM0007,12000138625024,0,67.0,5043512.0,98.0,0.0,100.0,2.0,100.0,0.0,80.0,89835516.0,84.0,14868.0,100.0,0.0,100.0,1.0,,,,,100.0,0.0,100.0,0.0,,,75.0,25.0,,,100.0,254.0,100.0,801.0,25.0,25.0,100.0,0.0,100.0,0.0,200.0,0.0,100.0,14722.0,100.0,66507892936.0,100.0,108057854283.0
2019-10-23,ZCH07Z3S,ST12000NM0007,12000138625024,0,76.0,43654696.0,98.0,0.0,100.0,2.0,100.0,0.0,80.0,95702480.0,83.0,14900.0,100.0,0.0,100.0,1.0,,,,,100.0,0.0,100.0,0.0,,,75.0,25.0,,,100.0,256.0,100.0,803.0,25.0,25.0,100.0,0.0,100.0,0.0,200.0,0.0,100.0,14753.0,100.0,66605615600.0,100.0,108242884539.0
2019-10-24,ZCH07Z3S,ST12000NM0007,12000138625024,0,77.0,49713048.0,98.0,0.0,100.0,2.0,100.0,0.0,80.0,98872578.0,83.0,14932.0,100.0,0.0,100.0,1.0,,,,,100.0,0.0,100.0,0.0,,,75.0,25.0,,,100.0,256.0,100.0,806.0,25.0,25.0,100.0,0.0,100.0,0.0,200.0,0.0,100.0,14785.0,100.0,66645545800.0,100.0,108453153403.0
2019-10-25,ZCH07Z3S,ST12000NM0007,12000138625024,0,83.0,196419606.0,98.0,0.0,100.0,2.0,100.0,0.0,80.0,100549220.0,83.0,14947.0,100.0,0.0,100.0,1.0,,,,,100.0,0.0,100.0,0.0,,,76.0,24.0,,,100.0,256.0,100.0,807.0,24.0,24.0,100.0,0.0,100.0,0.0,200.0,0.0,100.0,14800.0,100.0,66663196464.0,100.0,108582209297.0
2019-10-26,ZCH07Z3S,ST12000NM0007,12000138625024,0,80.0,98125624.0,98.0,0.0,100.0,2.0,100.0,0.0,80.0,102261237.0,83.0,14963.0,100.0,0.0,100.0,1.0,,,,,100.0,0.0,100.0,0.0,,,75.0,25.0,,,100.0,256.0,100.0,807.0,25.0,25.0,100.0,0.0,100.0,0.0,200.0,0.0,100.0,14816.0,100.0,66692190480.0,100.0,108699061953.0
2019-10-27,ZCH07Z3S,ST12000NM0007,12000138625024,0,75.0,29562408.0,98.0,0.0,100.0,2.0,100.0,0.0,80.0,104760975.0,83.0,14995.0,100.0,0.0,100.0,1.0,,,,,100.0,0.0,100.0,0.0,,,79.0,21.0,,,100.0,257.0,100.0,809.0,21.0,21.0,100.0,0.0,100.0,0.0,200.0,0.0,100.0,14847.0,100.0,66748326376.0,100.0,108818503529.0
2019-10-28,ZCH07Z3S,ST12000NM0007,12000138625024,0,82.0,156701712.0,98.0,0.0,100.0,2.0,100.0,0.0,80.0,108441930.0,83.0,15011.0,100.0,0.0,100.0,1.0,,,,,100.0,0.0,100.0,0.0,,,78.0,22.0,,,100.0,257.0,100.0,809.0,22.0,22.0,100.0,0.0,100.0,0.0,200.0,0.0,100.0,14863.0,100.0,66768504952.0,100.0,108925464257.0
2019-10-29,ZCH07Z3S,ST12000NM0007,12000138625024,0,69.0,7207832.0,98.0,0.0,100.0,2.0,100.0,0.0,80.0,109802131.0,83.0,15042.0,100.0,0.0,100.0,1.0,,,,,100.0,0.0,100.0,0.0,,,78.0,22.0,,,100.0,258.0,100.0,810.0,22.0,22.0,100.0,0.0,100.0,0.0,200.0,0.0,100.0,14895.0,100.0,66792219632.0,100.0,108996396673.0
2019-10-30,ZCH07Z3S,ST12000NM0007,12000138625024,0,80.0,112031288.0,98.0,0.0,100.0,2.0,100.0,0.0,80.0,111598012.0,83.0,15058.0,100.0,0.0,100.0,1.0,,,,,100.0,0.0,100.0,0.0,,,77.0,23.0,,,100.0,258.0,100.0,811.0,23.0,23.0,100.0,0.0,100.0,0.0,200.0,0.0,100.0,14910.0,100.0,66817062912.0,100.0,109076376849.0
2019-10-31,ZCH07Z3S,ST12000NM0007,12000138625024,0,73.0,20433384.0,98.0,0.0,100.0,2.0,100.0,0.0,81.0,115150580.0,83.0,15090.0,100.0,0.0,100.0,1.0,,,,,100.0,0.0,100.0,0.0,,,77.0,23.0,,,100.0,259.0,100.0,813.0,23.0,23.0,100.0,0.0,100.0,0.0,200.0,0.0,100.0,14942.0,100.0,66848602040.0,100.0,109197380681.0
2019-11-01,ZCH07Z3S,ST12000NM0007,12000138625024,0,84.0,226529752.0,98.0,0.0,100.0,2.0,100.0,0.0,81.0,117252924.0,83.0,15121.0,100.0,0.0,100.0,1.0,,,,,100.0,0.0,100.0,0.0,,,76.0,24.0,,,100.0,260.0,100.0,814.0,24.0,24.0,100.0,0.0,100.0,0.0,200.0,0.0,100.0,14974.0,100.0,66859822072.0,100.0,109392257017.0
2019-11-02,ZCH07Z3S,ST12000NM0007,12000138625024,0,78.0,67223400.0,98.0,0.0,100.0,2.0,100.0,0.0,81.0,118378375.0,83.0,15137.0,100.0,0.0,100.0,1.0,,,,,100.0,0.0,100.0,0.0,,,69.0,31.0,,,100.0,260.0,100.0,814.0,31.0,31.0,100.0,0.0,100.0,0.0,200.0,0.0,100.0,14989.0,100.0,66864980104.0,100.0,109471933273.0
2019-11-03,ZCH07Z3S,ST12000NM0007,12000138625024,0,81.0,124142744.0,98.0,0.0,100.0,2.0,100.0,0.0,81.0,122519618.0,83.0,15169.0,100.0,0.0,100.0,1.0,,,,,100.0,0.0,100.0,0.0,,,75.0,25.0,,,100.0,260.0,100.0,816.0,25.0,25.0,100.0,0.0,100.0,0.0,200.0,0.0,100.0,15021.0,100.0,66878766968.0,100.0,109759206417.0
2019-11-04,ZCH07Z3S,ST12000NM0007,12000138625024,0,84.0,228946648.0,98.0,0.0,100.0,2.0,100.0,0.0,81.0,125109259.0,83.0,15185.0,100.0,0.0,100.0,1.0,,,,,100.0,0.0,100.0,0.0,,,76.0,24.0,,,100.0,260.0,100.0,816.0,24.0,24.0,100.0,0.0,100.0,0.0,200.0,0.0,100.0,15037.0,100.0,66886372912.0,100.0,109856404377.0
2019-11-06,ZCH07Z3S,ST12000NM0007,12000138625024,0,79.0,73584920.0,98.0,0.0,100.0,2.0,100.0,0.0,81.0,131185195.0,83.0,15232.0,100.0,0.0,100.0,1.0,,,,,100.0,0.0,100.0,0.0,,,76.0,24.0,,,100.0,261.0,100.0,818.0,24.0,24.0,100.0,0.0,100.0,0.0,200.0,0.0,100.0,15084.0,100.0,66912157896.0,100.0,110163539145.0
2019-11-07,ZCH07Z3S,ST12000NM0007,12000138625024,0,71.0,14037376.0,98.0,0.0,100.0,2.0,100.0,0.0,81.0,134333306.0,83.0,15264.0,100.0,0.0,100.0,1.0,,,,,100.0,0.0,100.0,0.0,,,77.0,23.0,,,100.0,262.0,100.0,820.0,23.0,23.0,100.0,0.0,100.0,0.0,200.0,0.0,100.0,15116.0,100.0,66941458232.0,100.0,110318832161.0
2019-11-08,ZCH07Z3S,ST12000NM0007,12000138625024,0,80.0,103772752.0,98.0,0.0,100.0,2.0,100.0,0.0,81.0,135286558.0,83.0,15280.0,100.0,0.0,100.0,1.0,,,,,100.0,0.0,100.0,0.0,,,78.0,22.0,,,100.0,263.0,100.0,821.0,22.0,22.0,100.0,0.0,100.0,0.0,200.0,0.0,100.0,15131.0,100.0,66949718248.0,100.0,110400307521.0
2019-11-09,ZCH07Z3S,ST12000NM0007,12000138625024,0,81.0,134587936.0,98.0,0.0,100.0,2.0,100.0,0.0,81.0,137665569.0,83.0,15311.0,100.0,0.0,100.0,1.0,,,,,100.0,0.0,100.0,0.0,,,77.0,23.0,,,100.0,264.0,100.0,822.0,23.0,23.0,100.0,0.0,100.0,0.0,200.0,0.0,100.0,15163.0,100.0,66963328464.0,100.0,110661653153.0
2019-11-10,ZCH07Z3S,ST12000NM0007,12000138625024,0,77.0,53500792.0,98.0,0.0,100.0,2.0,100.0,0.0,81.0,139100353.0,83.0,15327.0,100.0,0.0,100.0,1.0,,,,,100.0,0.0,100.0,0.0,,,77.0,23.0,,,100.0,264.0,100.0,823.0,23.0,23.0,100.0,0.0,100.0,0.0,200.0,0.0,100.0,15179.0,100.0,66970624696.0,100.0,110817410441.0
2019-11-11,ZCH07Z3S,ST12000NM0007,12000138625024,0,83.0,192482848.0,98.0,0.0,100.0,2.0,100.0,0.0,82.0,144813687.0,83.0,15359.0,100.0,0.0,100.0,1.0,,,,,100.0,0.0,100.0,0.0,,,77.0,23.0,,,100.0,264.0,100.0,824.0,23.0,23.0,100.0,0.0,100.0,0.0,200.0,0.0,100.0,15210.0,100.0,66987689944.0,100.0,111183467929.0
2019-11-12,ZCH07Z3S,ST12000NM0007,12000138625024,0,81.0,121910192.0,98.0,0.0,100.0,2.0,100.0,0.0,82.0,146338151.0,83.0,15374.0,100.0,0.0,100.0,1.0,,,,,100.0,0.0,100.0,0.0,,,77.0,23.0,,,100.0,265.0,100.0,825.0,23.0,23.0,100.0,0.0,100.0,0.0,200.0,0.0,100.0,15225.0,100.0,66996487056.0,100.0,111348238825.0
2019-11-13,ZCH07Z3S,ST12000NM0007,12000138625024,0,82.0,168664176.0,98.0,0.0,100.0,2.0,100.0,0.0,82.0,150704494.0,83.0,15406.0,100.0,0.0,100.0,1.0,,,,,100.0,0.0,100.0,0.0,,,76.0,24.0,,,100.0,265.0,100.0,827.0,24.0,24.0,100.0,0.0,100.0,0.0,200.0,0.0,100.0,15257.0,100.0,67019036360.0,100.0,111616584185.0
2019-11-14,ZCH07Z3S,ST12000NM0007,12000138625024,0,79.0,84552360.0,98.0,0.0,100.0,2.0,100.0,0.0,82.0,151990000.0,83.0,15422.0,100.0,0.0,100.0,1.0,,,,,100.0,0.0,100.0,0.0,,,76.0,24.0,,,100.0,265.0,100.0,827.0,24.0,24.0,100.0,0.0,100.0,0.0,200.0,0.0,100.0,15272.0,100.0,67026296120.0,100.0,111769353297.0
2019-11-15,ZCH07Z3S,ST12000NM0007,12000138625024,0,81.0,133294704.0,98.0,0.0,100.0,2.0,100.0,0.0,82.0,154438852.0,83.0,15453.0,100.0,0.0,100.0,1.0,,,,,100.0,0.0,100.0,0.0,,,79.0,21.0,,,100.0,265.0,100.0,829.0,21.0,21.0,100.0,0.0,100.0,0.0,200.0,0.0,100.0,15303.0,100.0,67038996376.0,100.0,112049536025.0
2019-11-16,ZCH07Z3S,ST12000NM0007,12000138625024,0,78.0,65998928.0,98.0,0.0,100.0,2.0,100.0,0.0,82.0,155941982.0,83.0,15469.0,100.0,0.0,100.0,1.0,,,,,100.0,0.0,100.0,0.0,,,79.0,21.0,,,100.0,265.0,100.0,829.0,21.0,21.0,100.0,0.0,100.0,0.0,200.0,0.0,100.0,15319.0,100.0,67049505200.0,100.0,112215872145.0
2019-11-17,ZCH07Z3S,ST12000NM0007,12000138625024,0,82.0,157525720.0,98.0,0.0,100.0,2.0,100.0,0.0,82.0,159056785.0,83.0,15501.0,100.0,0.0,100.0,1.0,,,,,100.0,0.0,100.0,0.0,,,73.0,27.0,,,100.0,267.0,100.0,831.0,27.0,27.0,100.0,0.0,100.0,0.0,200.0,0.0,100.0,15350.0,100.0,67064240200.0,100.0,112536804601.0
2019-11-18,ZCH07Z3S,ST12000NM0007,12000138625024,0,82.0,147335840.0,98.0,0.0,100.0,2.0,100.0,0.0,82.0,163279628.0,83.0,15516.0,100.0,0.0,100.0,1.0,,,,,100.0,0.0,100.0,0.0,,,79.0,21.0,,,100.0,267.0,100.0,831.0,21.0,21.0,100.0,0.0,100.0,0.0,200.0,0.0,100.0,15366.0,100.0,67072558416.0,100.0,112762437289.0
2019-11-19,ZCH07Z3S,ST12000NM0007,12000138625024,0,83.0,200312720.0,98.0,0.0,100.0,2.0,100.0,0.0,82.0,165878759.0,83.0,15548.0,100.0,0.0,100.0,1.0,,,,,100.0,0.0,100.0,0.0,,,79.0,21.0,,,100.0,268.0,100.0,833.0,21.0,21.0,100.0,0.0,100.0,0.0,200.0,0.0,100.0,15398.0,100.0,67088699528.0,100.0,113043413785.0
2019-11-20,ZCH07Z3S,ST12000NM0007,12000138625024,0,81.0,114556944.0,98.0,0.0,100.0,2.0,100.0,0.0,82.0,168108897.0,83.0,15564.0,100.0,0.0,100.0,1.0,,,,,100.0,0.0,100.0,0.0,,,79.0,21.0,,,100.0,268.0,100.0,833.0,21.0,21.0,100.0,0.0,100.0,0.0,200.0,0.0,100.0,15413.0,100.0,67102155704.0,100.0,113188342473.0
2019-11-21,ZCH07Z3S,ST12000NM0007,12000138625024,0,81.0,117966200.0,98.0,0.0,100.0,2.0,100.0,0.0,82.0,172151083.0,83.0,15596.0,100.0,0.0,100.0,1.0,,,,,100.0,0.0,100.0,0.0,,,79.0,21.0,,,100.0,268.0,100.0,835.0,21.0,21.0,100.0,0.0,100.0,0.0,200.0,0.0,100.0,15445.0,100.0,67116590608.0,100.0,113421457457.0
2019-11-22,ZCH07Z3S,ST12000NM0007,12000138625024,0,84.0,240011232.0,98.0,0.0,100.0,2.0,100.0,0.0,82.0,173153196.0,83.0,15611.0,100.0,0.0,100.0,1.0,,,,,100.0,0.0,100.0,0.0,,,79.0,21.0,,,100.0,268.0,100.0,836.0,21.0,21.0,100.0,0.0,100.0,0.0,200.0,0.0,100.0,15461.0,100.0,67123902096.0,100.0,113536191001.0
2019-11-23,ZCH07Z3S,ST12000NM0007,12000138625024,0,71.0,13086968.0,98.0,0.0,100.0,2.0,100.0,0.0,82.0,175151273.0,83.0,15643.0,100.0,0.0,100.0,1.0,,,,,100.0,0.0,100.0,0.0,,,79.0,21.0,,,100.0,269.0,100.0,837.0,21.0,21.0,100.0,0.0,100.0,0.0,200.0,0.0,100.0,15492.0,100.0,67127039432.0,100.0,113794410761.0
2019-11-24,ZCH07Z3S,ST12000NM0007,12000138625024,0,81.0,117912232.0,98.0,0.0,100.0,2.0,100.0,0.0,82.0,175940300.0,83.0,15659.0,100.0,0.0,100.0,1.0,,,,,100.0,0.0,100.0,0.0,,,79.0,21.0,,,100.0,270.0,100.0,838.0,21.0,21.0,100.0,0.0,100.0,0.0,200.0,0.0,100.0,15507.0,100.0,67127274336.0,100.0,113899001121.0
2019-11-25,ZCH07Z3S,ST12000NM0007,12000138625024,0,83.0,197919848.0,98.0,0.0,100.0,2.0,100.0,0.0,83.0,180870885.0,83.0,15690.0,100.0,0.0,100.0,1.0,,,,,100.0,0.0,100.0,0.0,,,79.0,21.0,,,100.0,270.0,100.0,839.0,21.0,21.0,100.0,0.0,100.0,0.0,200.0,0.0,100.0,15538.0,100.0,67128001872.0,100.0,114222421881.0
2019-11-26,ZCH07Z3S,ST12000NM0007,12000138625024,0,80.0,109055056.0,98.0,0.0,100.0,2.0,100.0,0.0,83.0,181963404.0,83.0,15706.0,100.0,0.0,100.0,1.0,,,,,100.0,0.0,100.0,0.0,,,79.0,21.0,,,100.0,270.0,100.0,840.0,21.0,21.0,100.0,0.0,100.0,0.0,200.0,0.0,100.0,15554.0,100.0,67128231432.0,100.0,114377468305.0
2019-11-27,ZCH07Z3S,ST12000NM0007,12000138625024,0,77.0,48150824.0,98.0,0.0,100.0,2.0,100.0,0.0,83.0,185573598.0,83.0,15738.0,100.0,0.0,100.0,1.0,,,,,100.0,0.0,100.0,0.0,,,79.0,21.0,,,100.0,270.0,100.0,841.0,21.0,21.0,100.0,0.0,100.0,0.0,200.0,0.0,100.0,15585.0,100.0,67128608216.0,100.0,114560327929.0
2019-11-28,ZCH07Z3S,ST12000NM0007,12000138625024,0,77.0,45173720.0,98.0,0.0,100.0,2.0,100.0,0.0,83.0,187684971.0,82.0,15769.0,100.0,0.0,100.0,1.0,,,,,100.0,0.0,100.0,0.0,,,79.0,21.0,,,100.0,271.0,100.0,843.0,21.0,21.0,100.0,0.0,100.0,0.0,200.0,0.0,100.0,15616.0,100.0,67129072432.0,100.0,114801027305.0
2019-11-29,ZCH07Z3S,ST12000NM0007,12000138625024,0,82.0,172263248.0,98.0,0.0,100.0,2.0,100.0,0.0,83.0,188586635.0,82.0,15785.0,100.0,0.0,100.0,1.0,,,,,100.0,0.0,100.0,0.0,,,79.0,21.0,,,100.0,271.0,100.0,843.0,21.0,21.0,100.0,0.0,100.0,0.0,200.0,0.0,100.0,15632.0,100.0,67129301632.0,100.0,114927887633.0
2019-11-30,ZCH07Z3S,ST12000NM0007,12000138625024,0,83.0,179230512.0,98.0,0.0,100.0,2.0,100.0,0.0,83.0,190482867.0,82.0,15816.0,100.0,0.0,100.0,1.0,,,,,100.0,0.0,100.0,0.0,,,79.0,21.0,,,100.0,271.0,100.0,845.0,21.0,21.0,100.0,0.0,100.0,0.0,200.0,0.0,100.0,15663.0,100.0,67129762856.0,100.0,115178534337.0
2019-12-01,ZCH07Z3S,ST12000NM0007,12000138625024,0,76.0,40019896.0,98.0,0.0,100.0,2.0,100.0,0.0,83.0,191308161.0,82.0,15832.0,100.0,0.0,100.0,1.0,,,,,100.0,0.0,100.0,0.0,,,79.0,21.0,,,100.0,271.0,100.0,846.0,21.0,21.0,100.0,0.0,100.0,0.0,200.0,0.0,100.0,15679.0,100.0,67129988040.0,100.0,115283239209.0
2019-12-02,ZCH07Z3S,ST12000NM0007,12000138625024,0,80.0,100933112.0,98.0,0.0,100.0,2.0,100.0,0.0,83.0,196093028.0,82.0,15863.0,100.0,0.0,100.0,1.0,,,,,100.0,0.0,100.0,0.0,,,79.0,21.0,,,100.0,272.0,100.0,847.0,21.0,21.0,100.0,0.0,100.0,0.0,200.0,0.0,100.0,15710.0,100.0,67130447816.0,100.0,115587833281.0
2019-12-03,ZCH07Z3S,ST12000NM0007,12000138625024,0,80.0,105728680.0,98.0,0.0,100.0,2.0,100.0,0.0,83.0,198129102.0,82.0,15895.0,100.0,0.0,100.0,1.0,,,,,100.0,0.0,100.0,0.0,,,79.0,21.0,,,100.0,272.0,100.0,848.0,21.0,21.0,100.0,0.0,100.0,0.0,200.0,0.0,100.0,15741.0,100.0,67130886192.0,100.0,115836331585.0
2019-12-04,ZCH07Z3S,ST12000NM0007,12000138625024,0,83.0,220687568.0,98.0,0.0,100.0,2.0,100.0,0.0,83.0,201272585.0,82.0,15910.0,100.0,0.0,100.0,1.0,,,,,100.0,0.0,100.0,0.0,,,79.0,21.0,,,100.0,273.0,100.0,849.0,21.0,21.0,100.0,0.0,100.0,0.0,200.0,0.0,100.0,15757.0,100.0,67130952184.0,100.0,115951224481.0
2019-12-05,ZCH07Z3S,ST12000NM0007,12000138625024,0,84.0,238397976.0,98.0,0.0,100.0,2.0,100.0,0.0,83.0,203356519.0,82.0,15942.0,100.0,0.0,100.0,1.0,,,,,100.0,0.0,100.0,0.0,,,79.0,21.0,,,100.0,274.0,100.0,851.0,21.0,21.0,100.0,0.0,100.0,0.0,200.0,0.0,100.0,15788.0,100.0,67131409064.0,100.0,116212618697.0
2019-12-06,ZCH07Z3S,ST12000NM0007,12000138625024,0,80.0,94561328.0,98.0,0.0,100.0,2.0,100.0,0.0,83.0,204202667.0,82.0,15957.0,100.0,0.0,100.0,1.0,,,,,100.0,0.0,100.0,0.0,,,79.0,21.0,,,100.0,274.0,100.0,851.0,21.0,21.0,100.0,0.0,100.0,0.0,200.0,0.0,100.0,15803.0,100.0,67131641920.0,100.0,116312689881.0
2019-12-07,ZCH07Z3S,ST12000NM0007,12000138625024,0,81.0,119509496.0,98.0,0.0,100.0,2.0,100.0,0.0,83.0,206644909.0,82.0,15989.0,100.0,0.0,100.0,1.0,,,,,100.0,0.0,100.0,0.0,,,79.0,21.0,,,100.0,276.0,100.0,853.0,21.0,21.0,100.0,0.0,100.0,0.0,200.0,0.0,100.0,15835.0,100.0,67132107584.0,100.0,116581313193.0
2019-12-08,ZCH07Z3S,ST12000NM0007,12000138625024,0,79.0,84166152.0,98.0,0.0,100.0,2.0,100.0,0.0,83.0,208937030.0,82.0,16005.0,100.0,0.0,100.0,1.0,,,,,100.0,0.0,100.0,0.0,,,78.0,22.0,,,100.0,276.0,100.0,853.0,22.0,22.0,100.0,0.0,100.0,0.0,200.0,0.0,100.0,15851.0,100.0,67132341096.0,100.0,116789877025.0
2019-12-09,ZCH07Z3S,ST12000NM0007,12000138625024,0,81.0,124555176.0,98.0,0.0,100.0,2.0,100.0,0.0,83.0,213168421.0,82.0,16037.0,100.0,0.0,100.0,1.0,,,,,100.0,0.0,100.0,0.0,,,79.0,21.0,,,100.0,277.0,100.0,855.0,21.0,21.0,100.0,0.0,100.0,0.0,200.0,0.0,100.0,15882.0,100.0,67132821400.0,100.0,117073926393.0
2019-12-10,ZCH07Z3S,ST12000NM0007,12000138625024,0,83.0,217395272.0,98.0,0.0,100.0,2.0,100.0,0.0,83.0,213883106.0,82.0,16053.0,100.0,0.0,100.0,1.0,,,,,100.0,0.0,100.0,0.0,,,79.0,21.0,,,100.0,277.0,100.0,855.0,21.0,21.0,100.0,0.0,100.0,0.0,200.0,0.0,100.0,15898.0,100.0,67133044904.0,100.0,117166542985.0
2019-12-11,ZCH07Z3S,ST12000NM0007,12000138625024,0,83.0,189000488.0,98.0,0.0,100.0,2.0,100.0,0.0,83.0,217958132.0,82.0,16084.0,100.0,0.0,100.0,1.0,,,,,100.0,0.0,100.0,0.0,,,79.0,21.0,,,100.0,278.0,100.0,858.0,21.0,21.0,100.0,0.0,100.0,0.0,200.0,0.0,100.0,15929.0,100.0,67133333480.0,100.0,117382000265.0
2019-12-12,ZCH07Z3S,ST12000NM0007,12000138625024,0,79.0,80349744.0,98.0,0.0,100.0,2.0,100.0,0.0,83.0,218947938.0,82.0,16100.0,100.0,0.0,100.0,1.0,,,,,100.0,0.0,100.0,0.0,,,79.0,21.0,,,100.0,278.0,100.0,858.0,21.0,21.0,100.0,0.0,100.0,0.0,200.0,0.0,100.0,15945.0,100.0,67133562952.0,100.0,117517260937.0
2019-12-13,ZCH07Z3S,ST12000NM0007,12000138625024,0,80.0,92073320.0,98.0,0.0,100.0,2.0,100.0,0.0,83.0,220819663.0,82.0,16132.0,100.0,0.0,100.0,1.0,,,,,100.0,0.0,100.0,0.0,,,78.0,22.0,,,100.0,280.0,100.0,860.0,22.0,22.0,100.0,0.0,100.0,0.0,200.0,0.0,100.0,15976.0,100.0,67134030712.0,100.0,117772657385.0
2019-12-14,ZCH07Z3S,ST12000NM0007,12000138625024,0,83.0,211994656.0,98.0,0.0,100.0,2.0,100.0,0.0,83.0,221875262.0,82.0,16147.0,100.0,0.0,100.0,1.0,,,,,100.0,0.0,100.0,0.0,,,79.0,21.0,,,100.0,280.0,100.0,860.0,21.0,21.0,100.0,0.0,100.0,0.0,200.0,0.0,100.0,15991.0,100.0,67137101192.0,100.0,117889508241.0
2019-12-15,ZCH07Z3S,ST12000NM0007,12000138625024,0,83.0,196063080.0,98.0,0.0,100.0,2.0,100.0,0.0,84.0,226191781.0,82.0,16179.0,100.0,0.0,100.0,1.0,,,,,100.0,0.0,100.0,0.0,,,78.0,22.0,,,100.0,281.0,100.0,862.0,22.0,22.0,100.0,0.0,100.0,0.0,200.0,0.0,100.0,16022.0,100.0,67138621888.0,100.0,118116196705.0
2019-12-16,ZCH07Z3S,ST12000NM0007,12000138625024,0,75.0,31039376.0,98.0,0.0,100.0,2.0,100.0,0.0,84.0,226848139.0,82.0,16195.0,100.0,0.0,100.0,1.0,,,,,100.0,0.0,100.0,0.0,,,79.0,21.0,,,100.0,281.0,100.0,862.0,21.0,21.0,100.0,0.0,100.0,0.0,200.0,0.0,100.0,16038.0,100.0,67138854712.0,100.0,118195080897.0
2019-12-17,ZCH07Z3S,ST12000NM0007,12000138625024,0,75.0,29400744.0,98.0,0.0,100.0,2.0,100.0,0.0,84.0,228635053.0,82.0,16226.0,100.0,0.0,100.0,1.0,,,,,100.0,0.0,100.0,0.0,,,79.0,21.0,,,100.0,281.0,100.0,863.0,21.0,21.0,100.0,0.0,100.0,0.0,200.0,0.0,100.0,16070.0,100.0,67139334880.0,100.0,118437103169.0
2019-12-18,ZCH07Z3S,ST12000NM0007,12000138625024,0,81.0,116614952.0,98.0,0.0,100.0,2.0,100.0,0.0,84.0,231709016.0,82.0,16242.0,100.0,0.0,100.0,1.0,,,,,100.0,0.0,100.0,0.0,,,78.0,22.0,,,100.0,282.0,100.0,864.0,22.0,22.0,100.0,0.0,100.0,0.0,200.0,0.0,100.0,16086.0,100.0,67139377512.0,100.0,118524274745.0
2019-12-19,ZCH07Z3S,ST12000NM0007,12000138625024,0,83.0,213785224.0,98.0,0.0,100.0,2.0,100.0,0.0,84.0,232466711.0,82.0,16258.0,100.0,0.0,100.0,1.0,,,,,100.0,0.0,100.0,0.0,,,79.0,21.0,,,100.0,282.0,100.0,865.0,21.0,21.0,100.0,0.0,100.0,0.0,200.0,0.0,100.0,16102.0,100.0,67139613072.0,100.0,118621209457.0
2019-12-20,ZCH07Z3S,ST12000NM0007,12000138625024,0,80.0,101364840.0,98.0,0.0,100.0,2.0,100.0,0.0,84.0,233557639.0,82.0,16290.0,100.0,0.0,100.0,1.0,,,,,100.0,0.0,100.0,0.0,,,79.0,21.0,,,100.0,283.0,100.0,867.0,21.0,21.0,100.0,0.0,100.0,0.0,200.0,0.0,100.0,16133.0,100.0,67140277144.0,100.0,118752265799.0
2019-12-21,ZCH07Z3S,ST12000NM0007,12000138625024,0,71.0,11367936.0,98.0,0.0,100.0,2.0,100.0,0.0,84.0,234627477.0,82.0,16306.0,100.0,0.0,100.0,1.0,,,,,100.0,0.0,100.0,0.0,,,79.0,21.0,,,100.0,283.0,100.0,867.0,21.0,21.0,100.0,0.0,100.0,0.0,200.0,0.0,100.0,16149.0,100.0,67140527800.0,100.0,118906158879.0
2019-12-22,ZCH07Z3S,ST12000NM0007,12000138625024,0,83.0,198436104.0,98.0,0.0,100.0,2.0,100.0,0.0,84.0,236010244.0,82.0,16338.0,100.0,0.0,100.0,1.0,,,,,100.0,0.0,100.0,0.0,,,79.0,21.0,,,100.0,284.0,100.0,868.0,21.0,21.0,100.0,0.0,100.0,0.0,200.0,0.0,100.0,16181.0,100.0,67141250808.0,100.0,119092504039.0
2019-12-23,ZCH07Z3S,ST12000NM0007,12000138625024,0,80.0,101234264.0,98.0,0.0,100.0,2.0,100.0,0.0,84.0,237251699.0,82.0,16370.0,100.0,0.0,100.0,1.0,,,,,100.0,0.0,100.0,0.0,,,79.0,21.0,,,100.0,286.0,100.0,870.0,21.0,21.0,100.0,0.0,100.0,0.0,200.0,0.0,100.0,16213.0,100.0,67143402448.0,100.0,119237291231.0
2019-12-24,ZCH07Z3S,ST12000NM0007,12000138625024,0,84.0,231046984.0,98.0,0.0,100.0,2.0,100.0,0.0,84.0,238168104.0,82.0,16385.0,100.0,0.0,100.0,1.0,,,,,100.0,0.0,100.0,0.0,,,79.0,21.0,,,100.0,286.0,100.0,870.0,21.0,21.0,100.0,0.0,100.0,0.0,200.0,0.0,100.0,16228.0,100.0,67143635112.0,100.0,119366871287.0
2019-12-25,ZCH07Z3S,ST12000NM0007,12000138625024,0,83.0,180691376.0,98.0,0.0,100.0,2.0,100.0,0.0,84.0,239582174.0,82.0,16417.0,100.0,0.0,100.0,1.0,,,,,100.0,0.0,100.0,0.0,,,79.0,21.0,,,100.0,288.0,100.0,872.0,21.0,21.0,100.0,0.0,100.0,0.0,200.0,0.0,100.0,16260.0,100.0,67144094048.0,100.0,119560197567.0
2019-12-26,ZCH07Z3S,ST12000NM0007,12000138625024,0,70.0,9690168.0,98.0,0.0,100.0,2.0,100.0,0.0,84.0,240150304.0,82.0,16432.0,100.0,0.0,100.0,1.0,,,,,100.0,0.0,100.0,0.0,,,79.0,21.0,,,100.0,288.0,100.0,872.0,21.0,21.0,100.0,0.0,100.0,0.0,200.0,0.0,100.0,16275.0,100.0,67144329608.0,100.0,119633101439.0
2019-12-27,ZCH07Z3S,ST12000NM0007,12000138625024,0,83.0,221667000.0,98.0,0.0,100.0,2.0,100.0,0.0,84.0,241697395.0,82.0,16464.0,100.0,0.0,100.0,1.0,,,,,100.0,0.0,100.0,0.0,,,79.0,21.0,,,100.0,290.0,100.0,874.0,21.0,21.0,100.0,0.0,100.0,0.0,200.0,0.0,100.0,16306.0,100.0,67144809416.0,100.0,119844598463.0
2019-12-28,ZCH07Z3S,ST12000NM0007,12000138625024,0,80.0,105496024.0,98.0,0.0,100.0,2.0,100.0,0.0,84.0,242594692.0,82.0,16479.0,100.0,0.0,100.0,1.0,,,,,100.0,0.0,100.0,0.0,,,79.0,21.0,,,100.0,290.0,100.0,874.0,21.0,21.0,100.0,0.0,100.0,0.0,200.0,0.0,100.0,16322.0,100.0,67145044792.0,100.0,119972332775.0
2019-12-29,ZCH07Z3S,ST12000NM0007,12000138625024,0,100.0,895880.0,98.0,0.0,100.0,2.0,100.0,0.0,84.0,243813407.0,82.0,16511.0,100.0,0.0,100.0,1.0,,,,,100.0,0.0,100.0,0.0,,,79.0,21.0,,,100.0,291.0,100.0,876.0,21.0,21.0,100.0,0.0,100.0,0.0,200.0,0.0,100.0,16353.0,100.0,67145586840.0,100.0,120111331231.0
2019-12-30,ZCH07Z3S,ST12000NM0007,12000138625024,0,81.0,128347264.0,98.0,0.0,100.0,2.0,100.0,0.0,84.0,244766101.0,82.0,16526.0,100.0,0.0,100.0,1.0,,,,,100.0,0.0,100.0,0.0,,,79.0,21.0,,,100.0,291.0,100.0,876.0,21.0,21.0,100.0,0.0,100.0,0.0,200.0,0.0,100.0,16369.0,100.0,67145824368.0,100.0,120238545087.0
2019-12-31,ZCH07Z3S,ST12000NM0007,12000138625024,0,80.0,110491360.0,98.0,0.0,100.0,2.0,100.0,0.0,84.0,246405858.0,82.0,16558.0,100.0,0.0,100.0,1.0,,,,,100.0,0.0,100.0,0.0,,,79.0,21.0,,,100.0,292.0,100.0,878.0,21.0,21.0,100.0,0.0,100.0,0.0,200.0,0.0,100.0,16400.0,100.0,67146280072.0,100.0,120464374151.0
