2019-01-01,ZCH0C9L2,ST12000NM0007,12000138625024,0,80,92212680,97.0,0.0,100.0,2.0,100.0,0.0,89.0,773277153.0,94,5694,100.0,0.0,100,2,,,,,100.0,0.0,100.0,0.0,,,78.0,22.0,,,100.0,37.0,100.0,365.0,22,22,100.0,0.0,100.0,0.0,200.0,0.0,100.0,5624.0,100.0,41285255560.0,100.0,56219139380.0
2019-01-02,ZCH0C9L2,ST12000NM0007,12000138625024,0,76,37348656,97.0,0.0,100.0,2.0,100.0,0.0,89.0,775615462.0,94,5719,100.0,0.0,100,2,,,,,100.0,0.0,100.0,0.0,,,78.0,22.0,,,100.0,37.0,100.0,366.0,22,22,100.0,0.0,100.0,0.0,200.0,0.0,100.0,5649.0,100.0,41353771504.0,100.0,56339900244.0
2019-01-03,ZCH0C9L2,ST12000NM0007,12000138625024,0,73.0,21646352.0,97.0,0.0,100.0,2.0,100.0,0.0,89.0,778410221.0,94.0,5743.0,100.0,0.0,100.0,2.0,,,,,100.0,0.0,100.0,0.0,,,72.0,28.0,,,100.0,38.0,100.0,367.0,28.0,28.0,100.0,0.0,100.0,0.0,200.0,0.0,100.0,5673.0,100.0,41428767136.0,100.0,56493343084.0
2019-01-04,ZCH0C9L2,ST12000NM0007,12000138625024,0,70,9073824,97.0,0.0,100.0,2.0,100.0,0.0,89.0,781072273.0,94,5766,100.0,0.0,100,2,,,,,100.0,0.0,100.0,0.0,,,74.0,26.0,,,100.0,39.0,100.0,368.0,26,26,100.0,0.0,100.0,0.0,200.0,0.0,100.0,5696.0,100.0,41508332312.0,100.0,56645346060.0
2019-01-05,ZCH0C9L2,ST12000NM0007,12000138625024,0,74,23756784,97.0,0.0,100.0,2.0,100.0,0.0,89.0,784233074.0,94,5791,100.0,0.0,100,2,,,,,100.0,0.0,100.0,0.0,,,75.0,25.0,,,100.0,39.0,100.0,369.0,25,25,100.0,0.0,100.0,0.0,200.0,0.0,100.0,5721.0,100.0,41589342000.0,100.0,56823160428.0
2019-01-06,ZCH0C9L2,ST12000NM0007,12000138625024,0,77,45782960,97.0,0.0,100.0,2.0,100.0,0.0,89.0,787726976.0,94,5815,100.0,0.0,100,2,,,,,100.0,0.0,100.0,0.0,,,75.0,25.0,,,100.0,40.0,100.0,370.0,25,25,100.0,0.0,100.0,0.0,200.0,0.0,100.0,5745.0,100.0,41675193568.0,100.0,57003476388.0
2019-01-07,ZCH0C9L2,ST12000NM0007,12000138625024,0,79,78759632,97.0,0.0,100.0,2.0,100.0,0.0,89.0,791122711.0,94,5838,100.0,0.0,100,2,,,,,100.0,0.0,100.0,0.0,,,78.0,22.0,,,100.0,40.0,100.0,371.0,22,22,100.0,0.0,100.0,0.0,200.0,0.0,100.0,5767.0,100.0,41776396608.0,100.0,57179390820.0
2019-01-08,ZCH0C9L2,ST12000NM0007,12000138625024,0,79,76391048,97.0,0.0,100.0,2.0,100.0,0.0,89.0,793836329.0,94,5862,100.0,0.0,100,2,,,,,100.0,0.0,100.0,0.0,,,78.0,22.0,,,100.0,41.0,100.0,372.0,22,22,100.0,0.0,100.0,0.0,200.0,0.0,100.0,5792.0,100.0,41865994720.0,100.0,57331564876.0
2019-01-09,ZCH0C9L2,ST12000NM0007,12000138625024,0,79,77854464,97.0,0.0,100.0,2.0,100.0,0.0,89.0,796412942.0,94,5887,100.0,0.0,100,2,,,,,100.0,0.0,100.0,0.0,,,79.0,21.0,,,100.0,41.0,100.0,373.0,21,21,100.0,0.0,100.0,0.0,200.0,0.0,100.0,5816.0,100.0,41955293456.0,100.0,57487870204.0
2019-01-10,ZCH0C9L2,ST12000NM0007,12000138625024,0,80,107820200,97.0,0.0,100.0,2.0,100.0,0.0,89.0,799345245.0,94,5911,100.0,0.0,100,2,,,,,100.0,0.0,100.0,0.0,,,79.0,21.0,,,100.0,41.0,100.0,374.0,21,21,100.0,0.0,100.0,0.0,200.0,0.0,100.0,5840.0,100.0,42062183976.0,100.0,57655086140.0
2019-01-11,ZCH0C9L2,ST12000NM0007,12000138625024,0,76.0,35831224.0,97.0,0.0,100.0,2.0,100.0,0.0,89.0,801085939.0,94.0,5927.0,100.0,0.0,100.0,2.0,,,,,100.0,0.0,100.0,0.0,,,78.0,22.0,,,100.0,42.0,100.0,375.0,22.0,22.0,100.0,0.0,100.0,0.0,200.0,0.0,100.0,5856.0,100.0,42117151376.0,100.0,57772270404.0
2019-01-12,ZCH0C9L2,ST12000NM0007,12000138625024,0,73,22200792,97.0,0.0,100.0,2.0,100.0,0.0,89.0,803688548.0,94,5943,100.0,0.0,100,2,,,,,100.0,0.0,100.0,0.0,,,79.0,21.0,,,100.0,42.0,100.0,375.0,21,21,100.0,0.0,100.0,0.0,200.0,0.0,100.0,5872.0,100.0,42188271640.0,100.0,57931660644.0
2019-01-13,ZCH0C9L2,ST12000NM0007,12000138625024,0,81,134197712,97.0,0.0,100.0,2.0,100.0,0.0,89.0,807533785.0,94,5974,100.0,0.0,100,2,,,,,100.0,0.0,100.0,0.0,,,78.0,22.0,,,100.0,42.0,100.0,377.0,22,22,100.0,0.0,100.0,0.0,200.0,0.0,100.0,5903.0,100.0,42295738160.0,100.0,58180331812.0
2019-01-14,ZCH0C9L2,ST12000NM0007,12000138625024,0,77,52602968,97.0,0.0,100.0,2.0,100.0,0.0,89.0,809317798.0,94,5990,100.0,0.0,100,2,,,,,100.0,0.0,100.0,0.0,,,78.0,22.0,,,100.0,42.0,100.0,377.0,22,22,100.0,0.0,100.0,0.0,200.0,0.0,100.0,5919.0,100.0,42346548608.0,100.0,58292067292.0
2019-01-15,ZCH0C9L2,ST12000NM0007,12000138625024,0,82.0,149247672.0,97.0,0.0,100.0,2.0,100.0,0.0,89.0,813387735.0,94.0,6022.0,100.0,0.0,100.0,2.0,,,,,100.0,0.0,100.0,0.0,,,79.0,21.0,,,100.0,44.0,100.0,379.0,21.0,21.0,100.0,0.0,100.0,0.0,200.0,0.0,100.0,5950.0,100.0,42451692312.0,100.0,58527709140.0
2019-01-16,ZCH0C9L2,ST12000NM0007,12000138625024,0,78,68462456,97.0,0.0,100.0,2.0,100.0,0.0,89.0,815111715.0,94,6038,100.0,0.0,100,2,,,,,100.0,0.0,100.0,0.0,,,79.0,21.0,,,100,44,100.0,379.0,21,21,100.0,0.0,100.0,0.0,200.0,0.0,100.0,5966.0,100.0,42496749848.0,100.0,58646007364.0
2019-01-17,ZCH0C9L2,ST12000NM0007,12000138625024,0,79,87954376,97.0,0.0,100.0,2.0,100.0,0.0,89.0,818181520.0,94,6070,100.0,0.0,100,2,,,,,100.0,0.0,100.0,0.0,,,79.0,21.0,,,100,46,100.0,381.0,21,21,100.0,0.0,100.0,0.0,200.0,0.0,100.0,5998.0,100.0,42584523304.0,100.0,58821866540.0
2019-01-18,ZCH0C9L2,ST12000NM0007,12000138625024,0,84,228546336,97.0,0.0,100.0,2.0,100.0,0.0,89.0,819811557.0,94,6085,100.0,0.0,100,2,,,,,100.0,0.0,100.0,0.0,,,79.0,21.0,,,100,46,100.0,381.0,21,21,100.0,0.0,100.0,0.0,200.0,0.0,100.0,6014.0,100.0,42637462760.0,100.0,58909519044.0
2019-01-19,ZCH0C9L2,ST12000NM0007,12000138625024,0,80,106999456,97.0,0.0,100.0,2.0,100.0,0.0,89.0,825000323.0,94,6117,100.0,0.0,100,2,,,,,100.0,0.0,100.0,0.0,,,79.0,21.0,,,100,48,100.0,383.0,21,21,100.0,0.0,100.0,0.0,200.0,0.0,100.0,6045.0,100.0,42747071536.0,100.0,59166644668.0
2019-01-20,ZCH0C9L2,ST12000NM0007,12000138625024,0,71,12663056,97.0,0.0,100.0,2.0,100.0,0.0,89.0,826662540.0,93,6133,100.0,0.0,100,2,,,,,100.0,0.0,100.0,0.0,,,79.0,21.0,,,100,48,100.0,383.0,21,21,100.0,0.0,100.0,0.0,200.0,0.0,100.0,6061.0,100.0,42808434288.0,100.0,59255086532.0
2019-01-21,ZCH0C9L2,ST12000NM0007,12000138625024,0,78,63263848,97.0,0.0,100.0,2.0,100.0,0.0,89.0,830387468.0,93,6164,100.0,0.0,100,2,,,,,100.0,0.0,100.0,0.0,,,79.0,21.0,,,100,48,100.0,385.0,21,21,100.0,0.0,100.0,0.0,200.0,0.0,100.0,6092.0,100.0,42918126592.0,100.0,59440135852.0
2019-01-22,ZCH0C9L2,ST12000NM0007,12000138625024,0,83.0,185458496.0,97.0,0.0,100.0,2.0,100.0,0.0,89.0,831803640.0,93.0,6180.0,100.0,0.0,100.0,2.0,,,,,100.0,0.0,100.0,0.0,,,79.0,21.0,,,100.0,48.0,100.0,385.0,21.0,21.0,100.0,0.0,100.0,0.0,200.0,0.0,100.0,6108.0,100.0,42956288832.0,100.0,59524168260.0
2019-01-23,ZCH0C9L2,ST12000NM0007,12000138625024,0,83.0,207529104.0,97.0,0.0,100.0,2.0,100.0,0.0,89.0,834792163.0,93.0,6212.0,100.0,0.0,100.0,2.0,,,,,100.0,0.0,100.0,0.0,,,77.0,23.0,,,100.0,49.0,100.0,386.0,23.0,23.0,100.0,0.0,100.0,0.0,200.0,0.0,100.0,6139.0,100.0,43054015368.0,100.0,59692653196.0
2019-01-24,ZCH0C9L2,ST12000NM0007,12000138625024,0,77.0,45021720.0,97.0,0.0,100.0,2.0,100.0,0.0,89.0,838534655.0,93.0,6243.0,100.0,0.0,100.0,2.0,,,,,100.0,0.0,100.0,0.0,,,78.0,22.0,,,100.0,50.0,100.0,388.0,22.0,22.0,100.0,0.0,100.0,0.0,200.0,0.0,100.0,6170.0,100.0,43162114512.0,100.0,59910328348.0
2019-01-25,ZCH0C9L2,ST12000NM0007,12000138625024,0,100,537616,97.0,0.0,100.0,2.0,100.0,0.0,89.0,840485566.0,93,6259,100.0,0.0,100,2,,,,,100.0,0.0,100.0,0.0,,,79.0,21.0,,,100,50,100.0,388.0,21,21,100.0,0.0,100.0,0.0,200.0,0.0,100.0,6186.0,100.0,43228617816.0,100.0,60043481748.0
2019-01-26,ZCH0C9L2,ST12000NM0007,12000138625024,0,79,87927416,97.0,0.0,100.0,2.0,100.0,0.0,89.0,844858475.0,93,6291,100.0,0.0,100,2,,,,,100.0,0.0,100.0,0.0,,,78.0,22.0,,,100,51,100.0,390.0,22,22,100.0,0.0,100.0,0.0,200.0,0.0,100.0,6217.0,100.0,43329625632.0,100.0,60274004652.0
2019-01-27,ZCH0C9L2,ST12000NM0007,12000138625024,0,83,216090176,97.0,0.0,100.0,2.0,100.0,0.0,89.0,846445561.0,93,6307,100.0,0.0,100,2,,,,,100.0,0.0,100.0,0.0,,,78.0,22.0,,,100,51,100.0,390.0,22,22,100.0,0.0,100.0,0.0,200.0,0.0,100.0,6233.0,100.0,43366190168.0,100.0,60365602876.0
2019-01-28,ZCH0C9L2,ST12000NM0007,12000138625024,0,78,59022768,97.0,0.0,100.0,2.0,100.0,0.0,89.0,850533796.0,93,6338,100.0,0.0,100,2,,,,,100.0,0.0,100.0,0.0,,,79.0,21.0,,,100,52,100.0,392.0,21,21,100.0,0.0,100.0,0.0,200.0,0.0,100.0,6265.0,100.0,43473777392.0,100.0,60589229972.0
2019-01-29,ZCH0C9L2,ST12000NM0007,12000138625024,0,83,201039264,97.0,0.0,100.0,2.0,100.0,0.0,89.0,852124608.0,93,6354,100.0,0.0,100,2,,,,,100.0,0.0,100.0,0.0,,,79.0,21.0,,,100,52,100.0,392.0,21,21,100.0,0.0,100.0,0.0,200.0,0.0,100.0,6280.0,100.0,43517756240.0,100.0,60687267620.0
2019-01-30,ZCH0C9L2,ST12000NM0007,12000138625024,0,78,67146568,97.0,0.0,100.0,2.0,100.0,0.0,89.0,855913357.0,93,6386,100.0,0.0,100,2,,,,,100.0,0.0,100.0,0.0,,,78.0,22.0,,,100,52,100.0,394.0,22,22,100.0,0.0,100.0,0.0,200.0,0.0,100.0,6312.0,100.0,43629759288.0,100.0,60929653412.0
2019-01-31,ZCH0C9L2,ST12000NM0007,12000138625024,0,84,237509016,97.0,0.0,100.0,2.0,100.0,0.0,89.0,858816734.0,93,6402,100.0,0.0,100,2,,,,,100.0,0.0,100.0,0.0,,,78.0,22.0,,,100,52,100.0,394.0,22,22,100.0,0.0,100.0,0.0,200.0,0.0,100.0,6327.0,100.0,43682357808.0,100.0,61047417340.0
2019-02-01,ZCH0C9L2,ST12000NM0007,12000138625024,0,78,59422888,97.0,0.0,100.0,2.0,100.0,0.0,89.0,862835716.0,93,6433,100.0,0.0,100,2,,,,,100.0,0.0,100.0,0.0,,,78.0,22.0,,,100,53,100.0,396.0,22,22,100.0,0.0,100.0,0.0,200.0,0.0,100.0,6358.0,100.0,43796818208.0,100.0,61243152244.0
2019-02-02,ZCH0C9L2,ST12000NM0007,12000138625024,0,74.0,25974032.0,97.0,0.0,100.0,2.0,100.0,0.0,89.0,865605205.0,93.0,6449.0,100.0,0.0,100.0,2.0,,,,,100.0,0.0,100.0,0.0,,,78.0,22.0,,,100.0,53.0,100.0,396.0,22.0,22.0,100.0,0.0,100.0,0.0,200.0,0.0,100.0,6374.0,100.0,43833213136.0,100.0,61417449268.0
2019-02-03,ZCH0C9L2,ST12000NM0007,12000138625024,0,76,43378200,97.0,0.0,100.0,2.0,100.0,0.0,89.0,868559309.0,93,6481,100.0,0.0,100,2,,,,,100.0,0.0,100.0,0.0,,,79.0,21.0,,,100,54,100.0,398.0,21,21,100.0,0.0,100.0,0.0,200.0,0.0,100.0,6406.0,100.0,43923691160.0,100.0,61588516412.0
2019-02-04,ZCH0C9L2,ST12000NM0007,12000138625024,0,82,153242392,97.0,0.0,100.0,2.0,100.0,0.0,89.0,869762374.0,93,6496,100.0,0.0,100,2,,,,,100.0,0.0,100.0,0.0,,,79.0,21.0,,,100,54,100.0,398.0,21,21,100.0,0.0,100.0,0.0,200.0,0.0,100.0,6421.0,100.0,43951622024.0,100.0,61670449740.0
2019-02-05,ZCH0C9L2,ST12000NM0007,12000138625024,0,81.0,130681576.0,97.0,0.0,100.0,2.0,100.0,0.0,89.0,873028873.0,93.0,6528.0,100.0,0.0,100.0,2.0,,,,,100.0,0.0,100.0,0.0,,,79.0,21.0,,,100.0,56.0,100.0,400.0,21.0,21.0,100.0,0.0,100.0,0.0,200.0,0.0,100.0,6453.0,100.0,44016171512.0,100.0,61827480068.0
2019-02-06,ZCH0C9L2,ST12000NM0007,12000138625024,0,73,21684104,97.0,0.0,100.0,2.0,100.0,0.0,89.0,874561467.0,93,6544,100.0,0.0,100,2,,,,,100.0,0.0,100.0,0.0,,,78.0,22.0,,,100,56,100.0,400.0,22,22,100.0,0.0,100.0,0.0,200.0,0.0,100.0,6469.0,100.0,44064176976.0,100.0,61914617764.0
2019-02-07,ZCH0C9L2,ST12000NM0007,12000138625024,0,78.0,57101152.0,97.0,0.0,100.0,2.0,100.0,0.0,89.0,877740918.0,93.0,6575.0,100.0,0.0,100.0,2.0,,,,,100.0,0.0,100.0,0.0,,,76.0,24.0,,,100.0,57.0,100.0,402.0,24.0,24.0,100.0,0.0,100.0,0.0,200.0,0.0,100.0,6500.0,100.0,44165419000.0,100.0,62092933612.0
2019-02-08,ZCH0C9L2,ST12000NM0007,12000138625024,0,83,184534832,97.0,0.0,100.0,2.0,100.0,0.0,89.0,881907720.0,93,6607,100.0,0.0,100,2,,,,,100.0,0.0,100.0,0.0,,,77.0,23.0,,,100,57,100.0,403.0,23,23,100.0,0.0,100.0,0.0,200.0,0.0,100.0,6532.0,100.0,44281057120.0,100.0,62348869868.0
2019-02-09,ZCH0C9L2,ST12000NM0007,12000138625024,0,81.0,114690272.0,97.0,0.0,100.0,2.0,100.0,0.0,89.0,884198165.0,93.0,6623.0,100.0,0.0,100.0,2.0,,,,,100.0,0.0,100.0,0.0,,,77.0,23.0,,,100.0,57.0,100.0,404.0,23.0,23.0,100.0,0.0,100.0,0.0,200.0,0.0,100.0,6547.0,100.0,44341137504.0,100.0,62463085780.0
2019-02-10,ZCH0C9L2,ST12000NM0007,12000138625024,0,83,185307080,97.0,0.0,100.0,2.0,100.0,0.0,89.0,887809177.0,93,6654,100.0,0.0,100,2,,,,,100.0,0.0,100.0,0.0,,,77.0,23.0,,,100,57,100.0,405.0,23,23,100.0,0.0,100.0,0.0,200.0,0.0,100.0,6579.0,100.0,44435909600.0,100.0,62683071316.0
2019-02-11,ZCH0C9L2,ST12000NM0007,12000138625024,0,80,110091256,97.0,0.0,100.0,2.0,100.0,0.0,89.0,890143846.0,93,6670,100.0,0.0,100,2,,,,,100.0,0.0,100.0,0.0,,,77.0,23.0,,,100,58,100.0,406.0,23,23,100.0,0.0,100.0,0.0,200.0,0.0,100.0,6594.0,100.0,44483512456.0,100.0,62804393548.0
2019-02-12,ZCH0C9L2,ST12000NM0007,12000138625024,0,82.0,166161328.0,97.0,0.0,100.0,2.0,100.0,0.0,90.0,893484669.0,93.0,6702.0,100.0,0.0,100.0,2.0,,,,,100.0,0.0,100.0,0.0,,,77.0,23.0,,,100.0,58.0,100.0,407.0,23.0,23.0,100.0,0.0,100.0,0.0,200.0,0.0,100.0,6626.0,100.0,44587094592.0,100.0,63001022148.0
2019-02-13,ZCH0C9L2,ST12000NM0007,12000138625024,0,77,54415072,97.0,0.0,100.0,2.0,100.0,0.0,90.0,895109438.0,93,6717,100.0,0.0,100,2,,,,,100.0,0.0,100.0,0.0,,,78.0,22.0,,,100,58,100.0,407.0,22,22,100.0,0.0,100.0,0.0,200.0,0.0,100.0,6641.0,100.0,44649984464.0,100.0,63070526820.0
2019-02-14,ZCH0C9L2,ST12000NM0007,12000138625024,0,80,105385304,97.0,0.0,100.0,2.0,100.0,0.0,90.0,899291047.0,93,6749,100.0,0.0,100,2,,,,,100.0,0.0,100.0,0.0,,,79.0,21.0,,,100,59,100.0,409.0,21,21,100.0,0.0,100.0,0.0,200.0,0.0,100.0,6673.0,100.0,44744503976.0,100.0,63271118172.0
2019-02-15,ZCH0C9L2,ST12000NM0007,12000138625024,0,84.0,240819144.0,97.0,0.0,100.0,2.0,100.0,0.0,90.0,900939398.0,93.0,6765.0,100.0,0.0,100.0,2.0,,,,,100.0,0.0,100.0,0.0,,,79.0,21.0,,,100.0,59.0,100.0,409.0,21.0,21.0,100.0,0.0,100.0,0.0,200.0,0.0,100.0,6689.0,100.0,44789361200.0,100.0,63361694788.0
2019-02-16,ZCH0C9L2,ST12000NM0007,12000138625024,0,76.0,39685360.0,97.0,0.0,100.0,2.0,100.0,0.0,90.0,904614351.0,93.0,6797.0,100.0,0.0,100.0,2.0,,,,,100.0,0.0,100.0,0.0,,,78.0,22.0,,,100.0,60.0,100.0,411.0,22.0,22.0,100.0,0.0,100.0,0.0,200.0,0.0,100.0,6720.0,100.0,44886663216.0,100.0,63551540620.0
2019-02-17,ZCH0C9L2,ST12000NM0007,12000138625024,0,82,152126896,97.0,0.0,100.0,2.0,100.0,0.0,90.0,905909169.0,93,6812,100.0,0.0,100,2,,,,,100.0,0.0,100.0,0.0,,,78.0,22.0,,,100,60,100.0,411.0,22,22,100.0,0.0,100.0,0.0,200.0,0.0,100.0,6736.0,100.0,44926249392.0,100.0,63624395980.0
2019-02-18,ZCH0C9L2,ST12000NM0007,12000138625024,0,82,177413352,97.0,0.0,100.0,2.0,100.0,0.0,90.0,909714612.0,93,6844,100.0,0.0,100,2,,,,,100.0,0.0,100.0,0.0,,,78.0,22.0,,,100,61,100.0,413.0,22,22,100.0,0.0,100.0,0.0,200.0,0.0,100.0,6767.0,100.0,45022340784.0,100.0,63797731724.0
2019-02-19,ZCH0C9L2,ST12000NM0007,12000138625024,0,78,69664136,97.0,0.0,100.0,2.0,100.0,0.0,90.0,911324302.0,93,6860,100.0,0.0,100,2,,,,,100.0,0.0,100.0,0.0,,,78.0,22.0,,,100,61,100.0,413.0,22,22,100.0,0.0,100.0,0.0,200.0,0.0,100.0,6783.0,100.0,45062152720.0,100.0,63894311340.0
2019-02-20,ZCH0C9L2,ST12000NM0007,12000138625024,0,79.0,79069504.0,97.0,0.0,100.0,2.0,100.0,0.0,90.0,914390697.0,93.0,6892.0,100.0,0.0,100.0,2.0,,,,,100.0,0.0,100.0,0.0,,,76.0,24.0,,,100.0,62.0,100.0,415.0,24.0,24.0,100.0,0.0,100.0,0.0,200.0,0.0,100.0,6815.0,100.0,45161356464.0,100.0,64048654196.0
2019-02-21,ZCH0C9L2,ST12000NM0007,12000138625024,0,83,204836240,97.0,0.0,100.0,2.0,100.0,0.0,90.0,915809794.0,93,6907,100.0,0.0,100,2,,,,,100.0,0.0,100.0,0.0,,,78.0,22.0,,,100,62,100.0,415.0,22,22,100.0,0.0,100.0,0.0,200.0,0.0,100.0,6831.0,100.0,45203320680.0,100.0,64132456716.0
2019-02-22,ZCH0C9L2,ST12000NM0007,12000138625024,0,69,8820168,97.0,0.0,100.0,2.0,100.0,0.0,90.0,919155256.0,93,6939,100.0,0.0,100,2,,,,,100.0,0.0,100.0,0.0,,,78.0,22.0,,,100,63,100.0,417.0,22,22,100.0,0.0,100.0,0.0,200.0,0.0,100.0,6862.0,100.0,45286280144.0,100.0,64341762716.0
2019-02-23,ZCH0C9L2,ST12000NM0007,12000138625024,0,83.0,178450656.0,97.0,0.0,100.0,2.0,100.0,0.0,90.0,921658177.0,93.0,6955.0,100.0,0.0,100.0,2.0,,,,,100.0,0.0,100.0,0.0,,,76.0,24.0,,,100.0,63.0,100.0,417.0,24.0,24.0,100.0,0.0,100.0,0.0,200.0,0.0,100.0,6878.0,100.0,45327186984.0,100.0,64470486364.0
2019-02-24,ZCH0C9L2,ST12000NM0007,12000138625024,0,83,204124824,97.0,0.0,100.0,2.0,100.0,0.0,90.0,924930708.0,93,6987,100.0,0.0,100,2,,,,,100.0,0.0,100.0,0.0,,,78.0,22.0,,,100,64,100.0,419.0,22,22,100.0,0.0,100.0,0.0,200.0,0.0,100.0,6909.0,100.0,45398927216.0,100.0,64668560948.0
2019-02-25,ZCH0C9L2,ST12000NM0007,12000138625024,0,78,69340672,97.0,0.0,100.0,2.0,100.0,0.0,90.0,926949299.0,93,7003,100.0,0.0,100,2,,,,,100.0,0.0,100.0,0.0,,,77.0,23.0,,,100,64,100.0,419.0,23,23,100.0,0.0,100.0,0.0,200.0,0.0,100.0,6925.0,100.0,45439254872.0,100.0,64737590012.0
2019-02-26,ZCH0C9L2,ST12000NM0007,12000138625024,0,79,83136656,97.0,0.0,100.0,2.0,100.0,0.0,90.0,930387067.0,92,7034,100.0,0.0,100,2,,,,,100.0,0.0,100.0,0.0,,,77.0,23.0,,,100,64,100.0,421.0,23,23,100.0,0.0,100.0,0.0,200.0,0.0,100.0,6957.0,100.0,45513704304.0,100.0,64921077220.0
2019-02-27,ZCH0C9L2,ST12000NM0007,12000138625024,0,83.0,223056208.0,97.0,0.0,100.0,2.0,100.0,0.0,90.0,932141640.0,92.0,7050.0,100.0,0.0,100.0,2.0,,,,,100.0,0.0,100.0,0.0,,,78.0,22.0,,,100.0,64.0,100.0,421.0,22.0,22.0,100.0,0.0,100.0,0.0,200.0,0.0,100.0,6972.0,100.0,45555795096.0,100.0,65018905980.0
2019-02-28,ZCH0C9L2,ST12000NM0007,12000138625024,0,84,241630016,97.0,0.0,100.0,2.0,100.0,0.0,90.0,936404798.0,92,7082,100.0,0.0,100,2,,,,,100.0,0.0,100.0,0.0,,,78.0,22.0,,,100,65,100.0,423.0,22,22,100.0,0.0,100.0,0.0,200.0,0.0,100.0,7003.0,100.0,45626024240.0,100.0,65211391492.0
2019-03-01,ZCH0C9L2,ST12000NM0007,12000138625024,0,81.0,116608832.0,97.0,0.0,100.0,2.0,100.0,0.0,90.0,937941024.0,92.0,7097.0,100.0,0.0,100.0,2.0,,,,,100.0,0.0,100.0,0.0,,,78.0,22.0,,,100.0,65.0,100.0,423.0,22.0,22.0,100.0,0.0,100.0,0.0,200.0,0.0,100.0,7019.0,100.0,45665650760.0,100.0,65290884652.0
2019-03-02,ZCH0C9L2,ST12000NM0007,12000138625024,0,80.0,107170464.0,97.0,0.0,100.0,2.0,100.0,0.0,90.0,941597559.0,92.0,7129.0,100.0,0.0,100.0,2.0,,,,,100.0,0.0,100.0,0.0,,,78.0,22.0,,,100.0,66.0,100.0,425.0,22.0,22.0,100.0,0.0,100.0,0.0,200.0,0.0,100.0,7051.0,100.0,45745533320.0,100.0,65445704356.0
2019-03-03,ZCH0C9L2,ST12000NM0007,12000138625024,0,73.0,19907032.0,97.0,0.0,100.0,2.0,100.0,0.0,90.0,943248818.0,92.0,7145.0,100.0,0.0,100.0,2.0,,,,,100.0,0.0,100.0,0.0,,,78.0,22.0,,,100.0,66.0,100.0,425.0,22.0,22.0,100.0,0.0,100.0,0.0,200.0,0.0,100.0,7067.0,100.0,45790084008.0,100.0,65558030940.0
2019-03-04,ZCH0C9L2,ST12000NM0007,12000138625024,0,79,81833120,97.0,0.0,100.0,2.0,100.0,0.0,90.0,946997197.0,92,7177,100.0,0.0,100,2,,,,,100.0,0.0,100.0,0.0,,,79.0,21.0,,,100,67,100.0,427.0,21,21,100.0,0.0,100.0,0.0,200.0,0.0,100.0,7098.0,100.0,45892595968.0,100.0,65761585700.0
2019-03-05,ZCH0C9L2,ST12000NM0007,12000138625024,0,83.0,219004752.0,97.0,0.0,100.0,2.0,100.0,0.0,90.0,948388538.0,92.0,7192.0,100.0,0.0,100.0,2.0,,,,,100.0,0.0,100.0,0.0,,,78.0,22.0,,,100.0,67.0,100.0,427.0,22.0,22.0,100.0,0.0,100.0,0.0,200.0,0.0,100.0,7114.0,100.0,45954181864.0,100.0,65837171436.0
2019-03-06,ZCH0C9L2,ST12000NM0007,12000138625024,0,83.0,206921376.0,97.0,0.0,100.0,2.0,100.0,0.0,90.0,951282480.0,92.0,7224.0,100.0,0.0,100.0,2.0,,,,,100.0,0.0,100.0,0.0,,,79.0,21.0,,,100.0,69.0,100.0,429.0,21.0,21.0,100.0,0.0,100.0,0.0,200.0,0.0,100.0,7145.0,100.0,46034198368.0,100.0,65989212260.0
2019-03-07,ZCH0C9L2,ST12000NM0007,12000138625024,0,79.0,74671568.0,97.0,0.0,100.0,2.0,100.0,0.0,90.0,952644432.0,92.0,7240.0,100.0,0.0,100.0,2.0,,,,,100.0,0.0,100.0,0.0,,,76.0,24.0,,,100.0,69.0,100.0,429.0,24.0,24.0,100.0,0.0,100.0,0.0,200.0,0.0,100.0,7161.0,100.0,46072394896.0,100.0,66062906740.0
2019-03-08,ZCH0C9L2,ST12000NM0007,12000138625024,0,79.0,83679008.0,97.0,0.0,100.0,2.0,100.0,0.0,90.0,955645920.0,92.0,7272.0,100.0,0.0,100.0,2.0,,,,,100.0,0.0,100.0,0.0,,,78.0,22.0,,,100.0,70.0,100.0,431.0,22.0,22.0,100.0,0.0,100.0,0.0,200.0,0.0,100.0,7193.0,100.0,46164284784.0,100.0,66224165148.0
2019-03-09,ZCH0C9L2,ST12000NM0007,12000138625024,0,72.0,15520432.0,97.0,0.0,100.0,2.0,100.0,0.0,90.0,958139266.0,92.0,7288.0,100.0,0.0,100.0,2.0,,,,,100.0,0.0,100.0,0.0,,,76.0,24.0,,,100.0,70.0,100.0,431.0,24.0,24.0,100.0,0.0,100.0,0.0,200.0,0.0,100.0,7208.0,100.0,46213037856.0,100.0,66351394276.0
2019-03-10,ZCH0C9L2,ST12000NM0007,12000138625024,0,72.0,14198008.0,97.0,0.0,100.0,2.0,100.0,0.0,90.0,961099166.0,92.0,7319.0,100.0,0.0,100.0,2.0,,,,,100.0,0.0,100.0,0.0,,,78.0,22.0,,,100.0,71.0,100.0,433.0,22.0,22.0,100.0,0.0,100.0,0.0,200.0,0.0,100.0,7240.0,100.0,46300815224.0,100.0,66506435204.0
2019-03-11,ZCH0C9L2,ST12000NM0007,12000138625024,0,81.0,135162000.0,97.0,0.0,100.0,2.0,100.0,0.0,90.0,962533414.0,92.0,7335.0,100.0,0.0,100.0,2.0,,,,,100.0,0.0,100.0,0.0,,,77.0,23.0,,,100.0,71.0,100.0,433.0,23.0,23.0,100.0,0.0,100.0,0.0,200.0,0.0,100.0,7256.0,100.0,46348073744.0,100.0,66580140676.0
2019-03-12,ZCH0C9L2,ST12000NM0007,12000138625024,0,83.0,217669128.0,97.0,0.0,100.0,2.0,100.0,0.0,90.0,967837471.0,92.0,7367.0,100.0,0.0,100.0,2.0,,,,,100.0,0.0,100.0,0.0,,,78.0,22.0,,,100.0,73.0,100.0,435.0,22.0,22.0,100.0,0.0,100.0,0.0,200.0,0.0,100.0,7287.0,100.0,46472234472.0,100.0,66782627740.0
2019-03-13,ZCH0C9L2,ST12000NM0007,12000138625024,0,75.0,30193464.0,97.0,0.0,100.0,2.0,100.0,0.0,90.0,971298609.0,92.0,7398.0,100.0,0.0,100.0,2.0,,,,,100.0,0.0,100.0,0.0,,,78.0,22.0,,,100.0,74.0,100.0,436.0,22.0,22.0,100.0,0.0,100.0,0.0,200.0,0.0,100.0,7318.0,100.0,46561730720.0,100.0,66993937364.0
2019-03-14,ZCH0C9L2,ST12000NM0007,12000138625024,0,82.0,170882680.0,97.0,0.0,100.0,2.0,100.0,0.0,90.0,972970750.0,92.0,7414.0,100.0,0.0,100.0,2.0,,,,,100.0,0.0,100.0,0.0,,,79.0,21.0,,,100.0,75.0,100.0,437.0,21.0,21.0,100.0,0.0,100.0,0.0,200.0,0.0,100.0,7334.0,100.0,46600775584.0,100.0,67095581716.0
2019-03-15,ZCH0C9L2,ST12000NM0007,12000138625024,0,84.0,243409080.0,97.0,0.0,100.0,2.0,100.0,0.0,90.0,976560117.0,92.0,7446.0,100.0,0.0,100.0,2.0,,,,,100.0,0.0,100.0,0.0,,,79.0,21.0,,,100.0,76.0,100.0,438.0,21.0,21.0,100.0,0.0,100.0,0.0,200.0,0.0,100.0,7365.0,100.0,46690859392.0,100.0,67322165260.0
2019-03-16,ZCH0C9L2,ST12000NM0007,12000138625024,0,82.0,157863408.0,97.0,0.0,100.0,2.0,100.0,0.0,90.0,978891351.0,92.0,7462.0,100.0,0.0,100.0,2.0,,,,,100.0,0.0,100.0,0.0,,,79.0,21.0,,,100.0,77.0,100.0,439.0,21.0,21.0,100.0,0.0,100.0,0.0,200.0,0.0,100.0,7381.0,100.0,46721894160.0,100.0,67449725452.0
2019-03-17,ZCH0C9L2,ST12000NM0007,12000138625024,0,80.0,96264464.0,97.0,0.0,100.0,2.0,100.0,0.0,90.0,982859158.0,92.0,7493.0,100.0,0.0,100.0,2.0,,,,,100.0,0.0,100.0,0.0,,,79.0,21.0,,,100.0,77.0,100.0,440.0,21.0,21.0,100.0,0.0,100.0,0.0,200.0,0.0,100.0,7413.0,100.0,46801933680.0,100.0,67796368548.0
2019-03-18,ZCH0C9L2,ST12000NM0007,12000138625024,0,68.0,5712496.0,97.0,0.0,100.0,2.0,100.0,0.0,90.0,985003211.0,92.0,7509.0,100.0,0.0,100.0,2.0,,,,,100.0,0.0,100.0,0.0,,,80.0,20.0,,,100.0,78.0,100.0,441.0,20.0,20.0,100.0,0.0,100.0,0.0,200.0,0.0,100.0,7429.0,100.0,46816780624.0,100.0,67935110756.0
2019-03-19,ZCH0C9L2,ST12000NM0007,12000138625024,0,80.0,101988352.0,97.0,0.0,100.0,2.0,100.0,0.0,90.0,988455954.0,92.0,7541.0,100.0,0.0,100.0,2.0,,,,,100.0,0.0,100.0,0.0,,,79.0,21.0,,,100.0,79.0,100.0,442.0,21.0,21.0,100.0,0.0,100.0,0.0,200.0,0.0,100.0,7460.0,100.0,46887244960.0,100.0,68205062932.0
2019-03-20,ZCH0C9L2,ST12000NM0007,12000138625024,0,83.0,223135224.0,97.0,0.0,100.0,2.0,100.0,0.0,90.0,990011134.0,92.0,7557.0,100.0,0.0,100.0,2.0,,,,,100.0,0.0,100.0,0.0,,,79.0,21.0,,,100.0,79.0,100.0,443.0,21.0,21.0,100.0,0.0,100.0,0.0,200.0,0.0,100.0,7476.0,100.0,46921031480.0,100.0,68292423284.0
2019-03-21,ZCH0C9L2,ST12000NM0007,12000138625024,0,80.0,93491976.0,97.0,0.0,100.0,2.0,100.0,0.0,90.0,991524020.0,92.0,7572.0,100.0,0.0,100.0,2.0,,,,,100.0,0.0,100.0,0.0,,,76.0,24.0,,,100.0,79.0,100.0,443.0,24.0,24.0,100.0,0.0,100.0,0.0,200.0,0.0,100.0,7492.0,100.0,46958615272.0,100.0,68369337044.0
2019-03-22,ZCH0C9L2,ST12000NM0007,12000138625024,0,79.0,74843536.0,97.0,0.0,100.0,2.0,100.0,0.0,90.0,994594819.0,92.0,7604.0,100.0,0.0,100.0,2.0,,,,,100.0,0.0,100.0,0.0,,,77.0,23.0,,,100.0,81.0,100.0,445.0,23.0,23.0,100.0,0.0,100.0,0.0,200.0,0.0,100.0,7523.0,100.0,47038946872.0,100.0,68514497652.0
2019-03-23,ZCH0C9L2,ST12000NM0007,12000138625024,0,84.0,235049752.0,97.0,0.0,100.0,2.0,100.0,0.0,90.0,996884767.0,92.0,7620.0,100.0,0.0,100.0,2.0,,,,,100.0,0.0,100.0,0.0,,,76.0,24.0,,,100.0,81.0,100.0,445.0,24.0,24.0,100.0,0.0,100.0,0.0,200.0,0.0,100.0,7539.0,100.0,47078445760.0,100.0,68635204980.0
2019-03-24,ZCH0C9L2,ST12000NM0007,12000138625024,0,77.0,47208144.0,97.0,0.0,100.0,2.0,100.0,0.0,62.0,1558527.0,92.0,7652.0,100.0,0.0,100.0,2.0,,,,,100.0,0.0,100.0,0.0,,,78.0,22.0,,,100.0,82.0,100.0,447.0,22.0,22.0,100.0,0.0,100.0,0.0,200.0,0.0,100.0,7571.0,100.0,47167366896.0,100.0,68846724356.0
2019-03-25,ZCH0C9L2,ST12000NM0007,12000138625024,0,82.0,149017384.0,97.0,0.0,100.0,2.0,100.0,0.0,64.0,2754345.0,92.0,7667.0,100.0,0.0,100.0,2.0,,,,,100.0,0.0,100.0,0.0,,,78.0,22.0,,,100.0,82.0,100.0,447.0,22.0,22.0,100.0,0.0,100.0,0.0,200.0,0.0,100.0,7586.0,100.0,47197346128.0,100.0,68918554364.0
2019-03-26,ZCH0C9L2,ST12000NM0007,12000138625024,0,82.0,173307808.0,97.0,0.0,100.0,2.0,100.0,0.0,68.0,6601885.0,92.0,7699.0,100.0,0.0,100.0,2.0,,,,,100.0,0.0,100.0,0.0,,,79.0,21.0,,,100.0,83.0,100.0,449.0,21.0,21.0,100.0,0.0,100.0,0.0,200.0,0.0,100.0,7618.0,100.0,47289614392.0,100.0,69094717204.0
2019-03-27,ZCH0C9L2,ST12000NM0007,12000138625024,0,79.0,74409960.0,97.0,0.0,100.0,2.0,100.0,0.0,69.0,8209345.0,92.0,7715.0,100.0,0.0,100.0,2.0,,,,,100.0,0.0,100.0,0.0,,,79.0,21.0,,,100.0,83.0,100.0,449.0,21.0,21.0,100.0,0.0,100.0,0.0,200.0,0.0,100.0,7633.0,100.0,47344111376.0,100.0,69185463492.0
2019-03-28,ZCH0C9L2,ST12000NM0007,12000138625024,0,79.0,73758536.0,97.0,0.0,100.0,2.0,100.0,0.0,70.0,10975291.0,92.0,7746.0,100.0,0.0,100.0,2.0,,,,,100.0,0.0,100.0,0.0,,,78.0,22.0,,,100.0,84.0,100.0,450.0,22.0,22.0,100.0,0.0,100.0,0.0,200.0,0.0,100.0,7665.0,100.0,47432673864.0,100.0,69340390708.0
2019-03-29,ZCH0C9L2,ST12000NM0007,12000138625024,0,81.0,126377704.0,97.0,0.0,100.0,2.0,100.0,0.0,72.0,14542907.0,92.0,7778.0,100.0,0.0,100.0,2.0,,,,,100.0,0.0,100.0,0.0,,,79.0,21.0,,,100.0,85.0,100.0,452.0,21.0,21.0,100.0,0.0,100.0,0.0,200.0,0.0,100.0,7696.0,100.0,47544291528.0,100.0,69525532956.0
2019-03-30,ZCH0C9L2,ST12000NM0007,12000138625024,0,80.0,103397448.0,97.0,0.0,100.0,2.0,100.0,0.0,72.0,17430356.0,92.0,7794.0,100.0,0.0,100.0,2.0,,,,,100.0,0.0,100.0,0.0,,,78.0,22.0,,,100.0,85.0,100.0,452.0,22.0,22.0,100.0,0.0,100.0,0.0,200.0,0.0,100.0,7712.0,100.0,47608835384.0,100.0,69682149756.0
2019-03-31,ZCH0C9L2,ST12000NM0007,12000138625024,0,82.0,144454848.0,97.0,0.0,100.0,2.0,100.0,0.0,73.0,21111420.0,92.0,7826.0,100.0,0.0,100.0,2.0,,,,,100.0,0.0,100.0,0.0,,,79.0,21.0,,,100.0,86.0,100.0,455.0,21.0,21.0,100.0,0.0,100.0,0.0,200.0,0.0,100.0,7743.0,100.0,47695752768.0,100.0,69880430612.0
2019-04-01,ZCH0C9L2,ST12000NM0007,12000138625024,0,79.0,78119328.0,97.0,0.0,100.0,2.0,100.0,0.0,74.0,23126275.0,92.0,7842.0,100.0,0.0,100.0,2.0,,,,,100.0,0.0,100.0,0.0,,,79.0,21.0,,,100.0,86.0,100.0,455.0,21.0,21.0,100.0,0.0,100.0,0.0,200.0,0.0,100.0,7759.0,100.0,47742783136.0,100.0,70011205380.0
2019-04-02,ZCH0C9L2,ST12000NM0007,12000138625024,0,78.0,57064008.0,97.0,0.0,100.0,2.0,100.0,0.0,74.0,26785986.0,92.0,7873.0,100.0,0.0,100.0,2.0,,,,,100.0,0.0,100.0,0.0,,,79.0,21.0,,,100.0,88.0,100.0,457.0,21.0,21.0,100.0,0.0,100.0,0.0,200.0,0.0,100.0,7790.0,100.0,47827105856.0,100.0,70149967988.0
2019-04-03,ZCH0C9L2,ST12000NM0007,12000138625024,0,83.0,179168984.0,97.0,0.0,100.0,2.0,100.0,0.0,75.0,28282468.0,91.0,7889.0,100.0,0.0,100.0,2.0,,,,,100.0,0.0,100.0,0.0,,,79.0,21.0,,,100.0,88.0,100.0,457.0,21.0,21.0,100.0,0.0,100.0,0.0,200.0,0.0,100.0,7806.0,100.0,47863602128.0,100.0,70235576692.0
2019-04-04,ZCH0C9L2,ST12000NM0007,12000138625024,0,82.0,168675160.0,97.0,0.0,100.0,2.0,100.0,0.0,75.0,31211060.0,91.0,7921.0,100.0,0.0,100.0,2.0,,,,,100.0,0.0,100.0,0.0,,,79.0,21.0,,,100.0,88.0,100.0,459.0,21.0,21.0,100.0,0.0,100.0,0.0,200.0,0.0,100.0,7837.0,100.0,47946634384.0,100.0,70386192036.0
2019-04-05,ZCH0C9L2,ST12000NM0007,12000138625024,0,76.0,43544856.0,97.0,0.0,100.0,2.0,100.0,0.0,75.0,32616839.0,91.0,7937.0,100.0,0.0,100.0,2.0,,,,,100.0,0.0,100.0,0.0,,,79.0,21.0,,,100.0,88.0,100.0,459.0,21.0,21.0,100.0,0.0,100.0,0.0,200.0,0.0,100.0,7853.0,100.0,47980155128.0,100.0,70471681684.0
2019-04-06,ZCH0C9L2,ST12000NM0007,12000138625024,0,80.0,106529096.0,97.0,0.0,100.0,2.0,100.0,0.0,76.0,36897963.0,91.0,7968.0,100.0,0.0,100.0,2.0,,,,,100.0,0.0,100.0,0.0,,,78.0,22.0,,,100.0,90.0,100.0,461.0,22.0,22.0,100.0,0.0,100.0,0.0,200.0,0.0,100.0,7885.0,100.0,48073195768.0,100.0,70685766060.0
2019-04-07,ZCH0C9L2,ST12000NM0007,12000138625024,0,70.0,11075488.0,97.0,0.0,100.0,2.0,100.0,0.0,76.0,39550932.0,91.0,7984.0,100.0,0.0,100.0,2.0,,,,,100.0,0.0,100.0,0.0,,,79.0,21.0,,,100.0,90.0,100.0,461.0,21.0,21.0,100.0,0.0,100.0,0.0,200.0,0.0,100.0,7901.0,100.0,48113846272.0,100.0,70793802764.0
2019-04-08,ZCH0C9L2,ST12000NM0007,12000138625024,0,77.0,45925664.0,97.0,0.0,100.0,2.0,100.0,0.0,76.0,43284858.0,91.0,8016.0,100.0,0.0,100.0,2.0,,,,,100.0,0.0,100.0,0.0,,,79.0,21.0,,,100.0,91.0,100.0,463.0,21.0,21.0,100.0,0.0,100.0,0.0,200.0,0.0,100.0,7932.0,100.0,48209970640.0,100.0,70976669292.0
2019-04-09,ZCH0C9L2,ST12000NM0007,12000138625024,0,82.0,168924040.0,97.0,0.0,100.0,2.0,100.0,0.0,77.0,44685933.0,91.0,8032.0,100.0,0.0,100.0,2.0,,,,,100.0,0.0,100.0,0.0,,,79.0,21.0,,,100.0,91.0,100.0,463.0,21.0,21.0,100.0,0.0,100.0,0.0,200.0,0.0,100.0,7948.0,100.0,48251410184.0,100.0,71058228124.0
2019-04-10,ZCH0C9L2,ST12000NM0007,12000138625024,0,82.0,171132408.0,97.0,0.0,100.0,2.0,100.0,0.0,77.0,48258691.0,91.0,8063.0,100.0,0.0,100.0,2.0,,,,,100.0,0.0,100.0,0.0,,,79.0,21.0,,,100.0,92.0,100.0,465.0,21.0,21.0,100.0,0.0,100.0,0.0,200.0,0.0,100.0,7979.0,100.0,48340952896.0,100.0,71215034412.0
2019-04-11,ZCH0C9L2,ST12000NM0007,12000138625024,0,76.0,42813120.0,97.0,0.0,100.0,2.0,100.0,0.0,77.0,49717593.0,91.0,8079.0,100.0,0.0,100.0,2.0,,,,,100.0,0.0,100.0,0.0,,,79.0,21.0,,,100.0,92.0,100.0,465.0,21.0,21.0,100.0,0.0,100.0,0.0,200.0,0.0,100.0,7995.0,100.0,48377248096.0,100.0,71294560564.0
2019-04-12,ZCH0C9L2,ST12000NM0007,12000138625024,0,78.0,57886424.0,97.0,0.0,100.0,2.0,100.0,0.0,77.0,52662795.0,91.0,8111.0,100.0,0.0,100.0,2.0,,,,,100.0,0.0,100.0,0.0,,,80.0,20.0,,,100.0,93.0,100.0,467.0,20.0,20.0,100.0,0.0,100.0,0.0,200.0,0.0,100.0,8026.0,100.0,48458964480.0,100.0,71472058244.0
2019-04-13,ZCH0C9L2,ST12000NM0007,12000138625024,0,75.0,33639856.0,97.0,0.0,100.0,2.0,100.0,0.0,77.0,55456080.0,91.0,8127.0,100.0,0.0,100.0,2.0,,,,,100.0,0.0,100.0,0.0,,,79.0,21.0,,,100.0,93.0,100.0,467.0,21.0,21.0,100.0,0.0,100.0,0.0,200.0,0.0,100.0,8042.0,100.0,48502479592.0,100.0,71648437428.0
2019-04-14,ZCH0C9L2,ST12000NM0007,12000138625024,0,77.0,49047760.0,97.0,0.0,100.0,2.0,100.0,0.0,78.0,58461933.0,91.0,8158.0,100.0,0.0,100.0,2.0,,,,,100.0,0.0,100.0,0.0,,,80.0,20.0,,,100.0,93.0,100.0,469.0,20.0,20.0,100.0,0.0,100.0,0.0,200.0,0.0,100.0,8073.0,100.0,48580861160.0,100.0,71829604420.0
2019-04-15,ZCH0C9L2,ST12000NM0007,12000138625024,0,82.0,176143216.0,97.0,0.0,100.0,2.0,100.0,0.0,78.0,59903678.0,91.0,8174.0,100.0,0.0,100.0,2.0,,,,,100.0,0.0,100.0,0.0,,,79.0,21.0,,,100.0,93.0,100.0,469.0,21.0,21.0,100.0,0.0,100.0,0.0,200.0,0.0,100.0,8089.0,100.0,48608335984.0,100.0,71929225052.0
2019-04-16,ZCH0C9L2,ST12000NM0007,12000138625024,0,83.0,206235240.0,97.0,0.0,100.0,2.0,100.0,0.0,78.0,63804523.0,91.0,8206.0,100.0,0.0,100.0,2.0,,,,,100.0,0.0,100.0,0.0,,,78.0,22.0,,,100.0,94.0,100.0,471.0,22.0,22.0,100.0,0.0,100.0,0.0,200.0,0.0,100.0,8121.0,100.0,48690957936.0,100.0,72120836044.0
2019-04-17,ZCH0C9L2,ST12000NM0007,12000138625024,0,80.0,93395472.0,97.0,0.0,100.0,2.0,100.0,0.0,78.0,65353182.0,91.0,8222.0,100.0,0.0,100.0,2.0,,,,,100.0,0.0,100.0,0.0,,,79.0,21.0,,,100.0,94.0,100.0,471.0,21.0,21.0,100.0,0.0,100.0,0.0,200.0,0.0,100.0,8137.0,100.0,48732466864.0,100.0,72210628052.0
2019-04-18,ZCH0C9L2,ST12000NM0007,12000138625024,0,79.0,76254032.0,97.0,0.0,100.0,2.0,100.0,0.0,78.0,67866001.0,91.0,8254.0,100.0,0.0,100.0,2.0,,,,,100.0,0.0,100.0,0.0,,,79.0,21.0,,,100.0,95.0,100.0,473.0,21.0,21.0,100.0,0.0,100.0,0.0,200.0,0.0,100.0,8168.0,100.0,48802194016.0,100.0,72367900092.0
2019-04-19,ZCH0C9L2,ST12000NM0007,12000138625024,0,84.0,228987016.0,97.0,0.0,100.0,2.0,100.0,0.0,78.0,70537981.0,91.0,8270.0,100.0,0.0,100.0,2.0,,,,,100.0,0.0,100.0,0.0,,,80.0,20.0,,,100.0,95.0,100.0,473.0,20.0,20.0,100.0,0.0,100.0,0.0,200.0,0.0,100.0,8184.0,100.0,48841300432.0,100.0,72481526660.0
2019-04-20,ZCH0C9L2,ST12000NM0007,12000138625024,0,70.0,10739384.0,97.0,0.0,100.0,2.0,100.0,0.0,79.0,74813044.0,91.0,8301.0,100.0,0.0,100.0,2.0,,,,,100.0,0.0,100.0,0.0,,,79.0,21.0,,,100.0,96.0,100.0,475.0,21.0,21.0,100.0,0.0,100.0,0.0,200.0,0.0,100.0,8215.0,100.0,48919448320.0,100.0,72673412796.0
2019-04-21,ZCH0C9L2,ST12000NM0007,12000138625024,0,66.0,3631328.0,97.0,0.0,100.0,2.0,100.0,0.0,79.0,77883473.0,91.0,8333.0,100.0,0.0,100.0,2.0,,,,,100.0,0.0,100.0,0.0,,,79.0,21.0,,,100.0,96.0,100.0,476.0,21.0,21.0,100.0,0.0,100.0,0.0,200.0,0.0,100.0,8247.0,100.0,48997382976.0,100.0,72832510916.0
2019-04-22,ZCH0C9L2,ST12000NM0007,12000138625024,0,81.0,122592792.0,97.0,0.0,100.0,2.0,100.0,0.0,79.0,80073047.0,91.0,8349.0,100.0,0.0,100.0,2.0,,,,,100.0,0.0,100.0,0.0,,,80.0,20.0,,,100.0,97.0,100.0,477.0,20.0,20.0,100.0,0.0,100.0,0.0,200.0,0.0,100.0,8263.0,100.0,49031135424.0,100.0,72917719932.0
2019-04-23,ZCH0C9L2,ST12000NM0007,12000138625024,0,81.0,115553112.0,97.0,0.0,100.0,2.0,100.0,0.0,79.0,82776749.0,91.0,8381.0,100.0,0.0,100.0,2.0,,,,,100.0,0.0,100.0,0.0,,,79.0,21.0,,,100.0,98.0,100.0,478.0,21.0,21.0,100.0,0.0,100.0,0.0,200.0,0.0,100.0,8294.0,100.0,49115534184.0,100.0,73070422124.0
2019-04-24,ZCH0C9L2,ST12000NM0007,12000138625024,0,84.0,237201680.0,97.0,0.0,100.0,2.0,100.0,0.0,79.0,84153896.0,91.0,8396.0,100.0,0.0,100.0,2.0,,,,,100.0,0.0,100.0,0.0,,,80.0,20.0,,,100.0,99.0,100.0,479.0,20.0,20.0,100.0,0.0,100.0,0.0,200.0,0.0,100.0,8310.0,100.0,49156640488.0,100.0,73150964388.0
2019-04-25,ZCH0C9L2,ST12000NM0007,12000138625024,0,77.0,54115056.0,97.0,0.0,100.0,2.0,100.0,0.0,79.0,87285222.0,91.0,8428.0,100.0,0.0,100.0,2.0,,,,,100.0,0.0,100.0,0.0,,,80.0,20.0,,,100.0,100.0,100.0,480.0,20.0,20.0,100.0,0.0,100.0,0.0,200.0,0.0,100.0,8341.0,100.0,49271103424.0,100.0,73341696124.0
2019-04-26,ZCH0C9L2,ST12000NM0007,12000138625024,0,83.0,184274328.0,97.0,0.0,100.0,2.0,100.0,0.0,79.0,88859055.0,91.0,8444.0,100.0,0.0,100.0,2.0,,,,,100.0,0.0,100.0,0.0,,,80.0,20.0,,,100.0,101.0,100.0,481.0,20.0,20.0,100.0,0.0,100.0,0.0,200.0,0.0,100.0,8357.0,100.0,49304265240.0,100.0,73438693580.0
2019-04-27,ZCH0C9L2,ST12000NM0007,12000138625024,0,77.0,55520488.0,97.0,0.0,100.0,2.0,100.0,0.0,80.0,93250230.0,91.0,8476.0,100.0,0.0,100.0,2.0,,,,,100.0,0.0,100.0,0.0,,,80.0,20.0,,,100.0,101.0,100.0,482.0,20.0,20.0,100.0,0.0,100.0,0.0,200.0,0.0,100.0,8389.0,100.0,49382961880.0,100.0,73719524604.0
2019-04-28,ZCH0C9L2,ST12000NM0007,12000138625024,0,83.0,202920464.0,97.0,0.0,100.0,2.0,100.0,0.0,80.0,94803921.0,91.0,8492.0,100.0,0.0,100.0,2.0,,,,,100.0,0.0,100.0,0.0,,,80.0,20.0,,,100.0,101.0,100.0,483.0,20.0,20.0,100.0,0.0,100.0,0.0,200.0,0.0,100.0,8405.0,100.0,49420850184.0,100.0,73829036276.0
2019-04-29,ZCH0C9L2,ST12000NM0007,12000138625024,0,83.0,211855488.0,97.0,0.0,100.0,2.0,100.0,0.0,80.0,98450600.0,91.0,8524.0,100.0,0.0,100.0,2.0,,,,,100.0,0.0,100.0,0.0,,,80.0,20.0,,,100.0,102.0,100.0,484.0,20.0,20.0,100.0,0.0,100.0,0.0,200.0,0.0,100.0,8436.0,100.0,49502299496.0,100.0,74000662620.0
2019-04-30,ZCH0C9L2,ST12000NM0007,12000138625024,0,79.0,73849296.0,97.0,0.0,100.0,2.0,100.0,0.0,80.0,99724959.0,91.0,8539.0,100.0,0.0,100.0,2.0,,,,,100.0,0.0,100.0,0.0,,,80.0,20.0,,,100.0,103.0,100.0,485.0,20.0,20.0,100.0,0.0,100.0,0.0,200.0,0.0,100.0,8452.0,100.0,49537045440.0,100.0,74072051212.0
2019-05-01,ZCH0C9L2,ST12000NM0007,12000138625024,0,79.0,76540600.0,97.0,0.0,100.0,2.0,100.0,0.0,80.0,102521807.0,91.0,8571.0,100.0,0.0,100.0,2.0,,,,,100.0,0.0,100.0,0.0,,,79.0,21.0,,,100.0,104.0,100.0,486.0,21.0,21.0,100.0,0.0,100.0,0.0,200.0,0.0,100.0,8483.0,100.0,49613588504.0,100.0,74242340084.0
2019-05-02,ZCH0C9L2,ST12000NM0007,12000138625024,0,83.0,206053944.0,97.0,0.0,100.0,2.0,100.0,0.0,80.0,104137227.0,91.0,8587.0,100.0,0.0,100.0,2.0,,,,,100.0,0.0,100.0,0.0,,,80.0,20.0,,,100.0,105.0,100.0,487.0,20.0,20.0,100.0,0.0,100.0,0.0,200.0,0.0,100.0,8499.0,100.0,49643244736.0,100.0,74342197196.0
2019-05-03,ZCH0C9L2,ST12000NM0007,12000138625024,0,66.0,3800144.0,97.0,0.0,100.0,2.0,100.0,0.0,80.0,108597488.0,91.0,8619.0,100.0,0.0,100.0,2.0,,,,,100.0,0.0,100.0,0.0,,,79.0,21.0,,,100.0,106.0,100.0,488.0,21.0,21.0,100.0,0.0,100.0,0.0,200.0,0.0,100.0,8531.0,100.0,49725716272.0,100.0,74545753364.0
2019-05-04,ZCH0C9L2,ST12000NM0007,12000138625024,0,81.0,130213936.0,97.0,0.0,100.0,2.0,100.0,0.0,80.0,110845602.0,91.0,8634.0,100.0,0.0,100.0,2.0,,,,,100.0,0.0,100.0,0.0,,,79.0,21.0,,,100.0,107.0,100.0,489.0,21.0,21.0,100.0,0.0,100.0,0.0,200.0,0.0,100.0,8547.0,100.0,49757348416.0,100.0,74640535012.0
2019-05-05,ZCH0C9L2,ST12000NM0007,12000138625024,0,79.0,79724648.0,97.0,0.0,100.0,2.0,100.0,0.0,81.0,113308004.0,91.0,8666.0,100.0,0.0,100.0,2.0,,,,,100.0,0.0,100.0,0.0,,,79.0,21.0,,,100.0,108.0,100.0,490.0,21.0,21.0,100.0,0.0,100.0,0.0,200.0,0.0,100.0,8578.0,100.0,49812992064.0,100.0,74778542924.0
2019-05-06,ZCH0C9L2,ST12000NM0007,12000138625024,0,83.0,212113464.0,97.0,0.0,100.0,2.0,100.0,0.0,81.0,114996218.0,91.0,8682.0,100.0,0.0,100.0,2.0,,,,,100.0,0.0,100.0,0.0,,,79.0,21.0,,,100.0,109.0,100.0,491.0,21.0,21.0,100.0,0.0,100.0,0.0,200.0,0.0,100.0,8594.0,100.0,49851452832.0,100.0,74872470972.0
2019-05-07,ZCH0C9L2,ST12000NM0007,12000138625024,0,82.0,174405760.0,97.0,0.0,100.0,2.0,100.0,0.0,81.0,117979060.0,91.0,8714.0,100.0,0.0,100.0,2.0,,,,,100.0,0.0,100.0,0.0,,,79.0,21.0,,,100.0,110.0,100.0,492.0,21.0,21.0,100.0,0.0,100.0,0.0,200.0,0.0,100.0,8625.0,100.0,49925763328.0,100.0,75004593620.0
2019-05-08,ZCH0C9L2,ST12000NM0007,12000138625024,0,74.0,27328120.0,97.0,0.0,100.0,2.0,100.0,0.0,81.0,119219608.0,91.0,8730.0,100.0,0.0,100.0,2.0,,,,,100.0,0.0,100.0,0.0,,,79.0,21.0,,,100.0,110.0,100.0,492.0,21.0,21.0,100.0,0.0,100.0,0.0,200.0,0.0,100.0,8641.0,100.0,49965343304.0,100.0,75062076868.0
2019-05-09,ZCH0C9L2,ST12000NM0007,12000138625024,0,75.0,32589392.0,97.0,0.0,100.0,2.0,100.0,0.0,81.0,122197976.0,90.0,8761.0,100.0,0.0,100.0,2.0,,,,,100.0,0.0,100.0,0.0,,,80.0,20.0,,,100.0,111.0,100.0,494.0,20.0,20.0,100.0,0.0,100.0,0.0,200.0,0.0,100.0,8672.0,100.0,50039165832.0,100.0,75237656404.0
2019-05-10,ZCH0C9L2,ST12000NM0007,12000138625024,0,83.0,217574704.0,97.0,0.0,100.0,2.0,100.0,0.0,81.0,124135912.0,90.0,8777.0,100.0,0.0,100.0,2.0,,,,,100.0,0.0,100.0,0.0,,,79.0,21.0,,,100.0,111.0,100.0,494.0,21.0,21.0,100.0,0.0,100.0,0.0,200.0,0.0,100.0,8688.0,100.0,50114191528.0,100.0,75347616020.0
2019-05-11,ZCH0C9L2,ST12000NM0007,12000138625024,0,84.0,236444352.0,97.0,0.0,100.0,2.0,100.0,0.0,81.0,128217773.0,90.0,8809.0,100.0,0.0,100.0,2.0,,,,,100.0,0.0,100.0,0.0,,,80.0,20.0,,,100.0,112.0,100.0,496.0,20.0,20.0,100.0,0.0,100.0,0.0,200.0,0.0,100.0,8720.0,100.0,50195050432.0,100.0,75529767476.0
2019-05-12,ZCH0C9L2,ST12000NM0007,12000138625024,0,81.0,131551480.0,97.0,0.0,100.0,2.0,100.0,0.0,81.0,129766420.0,90.0,8825.0,100.0,0.0,100.0,2.0,,,,,100.0,0.0,100.0,0.0,,,79.0,21.0,,,100.0,112.0,100.0,496.0,21.0,21.0,100.0,0.0,100.0,0.0,200.0,0.0,100.0,8736.0,100.0,50246799168.0,100.0,75617266732.0
2019-05-13,ZCH0C9L2,ST12000NM0007,12000138625024,0,81.0,116230192.0,97.0,0.0,100.0,2.0,100.0,0.0,81.0,133193570.0,90.0,8856.0,100.0,0.0,100.0,2.0,,,,,100.0,0.0,100.0,0.0,,,80.0,20.0,,,100.0,114.0,100.0,498.0,20.0,20.0,100.0,0.0,100.0,0.0,200.0,0.0,100.0,8767.0,100.0,50309541472.0,100.0,75783344124.0
2019-05-14,ZCH0C9L2,ST12000NM0007,12000138625024,0,83.0,212500864.0,97.0,0.0,100.0,2.0,100.0,0.0,81.0,134354630.0,90.0,8872.0,100.0,0.0,100.0,2.0,,,,,100.0,0.0,100.0,0.0,,,79.0,21.0,,,100.0,114.0,100.0,498.0,21.0,21.0,100.0,0.0,100.0,0.0,200.0,0.0,100.0,8783.0,100.0,50339890952.0,100.0,75849265324.0
2019-05-15,ZCH0C9L2,ST12000NM0007,12000138625024,0,83.0,213681264.0,97.0,0.0,100.0,2.0,100.0,0.0,81.0,137345738.0,90.0,8904.0,100.0,0.0,100.0,2.0,,,,,100.0,0.0,100.0,0.0,,,79.0,21.0,,,100.0,115.0,100.0,500.0,21.0,21.0,100.0,0.0,100.0,0.0,200.0,0.0,100.0,8814.0,100.0,50440345744.0,100.0,75994131644.0
2019-05-16,ZCH0C9L2,ST12000NM0007,12000138625024,0,81.0,133559128.0,97.0,0.0,100.0,2.0,100.0,0.0,81.0,139073103.0,90.0,8919.0,100.0,0.0,100.0,2.0,,,,,100.0,0.0,100.0,0.0,,,79.0,21.0,,,100.0,115.0,100.0,500.0,21.0,21.0,100.0,0.0,100.0,0.0,200.0,0.0,100.0,8830.0,100.0,50510843816.0,100.0,76087652148.0
2019-05-17,ZCH0C9L2,ST12000NM0007,12000138625024,0,82.0,147710024.0,97.0,0.0,100.0,2.0,100.0,0.0,82.0,142328126.0,90.0,8951.0,100.0,0.0,100.0,2.0,,,,,100.0,0.0,100.0,0.0,,,79.0,21.0,,,100.0,116.0,100.0,502.0,21.0,21.0,100.0,0.0,100.0,0.0,200.0,0.0,100.0,8861.0,100.0,50594672968.0,100.0,76262115396.0
2019-05-18,ZCH0C9L2,ST12000NM0007,12000138625024,0,79.0,77005992.0,97.0,0.0,100.0,2.0,100.0,0.0,82.0,146273264.0,90.0,8967.0,100.0,0.0,100.0,2.0,,,,,100.0,0.0,100.0,0.0,,,77.0,23.0,,,100.0,116.0,100.0,502.0,23.0,23.0,100.0,0.0,100.0,0.0,200.0,0.0,100.0,8877.0,100.0,50633137048.0,100.0,76397088020.0
2019-05-19,ZCH0C9L2,ST12000NM0007,12000138625024,0,79.0,78322472.0,97.0,0.0,100.0,2.0,100.0,0.0,82.0,149159655.0,90.0,8999.0,100.0,0.0,100.0,2.0,,,,,100.0,0.0,100.0,0.0,,,79.0,21.0,,,100.0,117.0,100.0,504.0,21.0,21.0,100.0,0.0,100.0,0.0,200.0,0.0,100.0,8908.0,100.0,50711101104.0,100.0,76564581076.0
2019-05-20,ZCH0C9L2,ST12000NM0007,12000138625024,0,83.0,201394816.0,97.0,0.0,100.0,2.0,100.0,0.0,82.0,150620529.0,90.0,9015.0,100.0,0.0,100.0,2.0,,,,,100.0,0.0,100.0,0.0,,,79.0,21.0,,,100.0,117.0,100.0,504.0,21.0,21.0,100.0,0.0,100.0,0.0,200.0,0.0,100.0,8924.0,100.0,50756442640.0,100.0,76642311884.0
2019-05-21,ZCH0C9L2,ST12000NM0007,12000138625024,0,83.0,220741008.0,97.0,0.0,100.0,2.0,100.0,0.0,82.0,154503570.0,90.0,9046.0,100.0,0.0,100.0,2.0,,,,,100.0,0.0,100.0,0.0,,,79.0,21.0,,,100.0,117.0,100.0,506.0,21.0,21.0,100.0,0.0,100.0,0.0,200.0,0.0,100.0,8956.0,100.0,50858684496.0,100.0,76803556900.0
2019-05-22,ZCH0C9L2,ST12000NM0007,12000138625024,0,80.0,108774504.0,97.0,0.0,100.0,2.0,100.0,0.0,82.0,156018415.0,90.0,9062.0,100.0,0.0,100.0,2.0,,,,,100.0,0.0,100.0,0.0,,,78.0,22.0,,,100.0,117.0,100.0,506.0,22.0,22.0,100.0,0.0,100.0,0.0,200.0,0.0,100.0,8972.0,100.0,50914805136.0,100.0,76879610396.0
2019-05-23,ZCH0C9L2,ST12000NM0007,12000138625024,0,68.0,6417520.0,97.0,0.0,100.0,2.0,100.0,0.0,82.0,159730590.0,90.0,9094.0,100.0,0.0,100.0,2.0,,,,,100.0,0.0,100.0,0.0,,,79.0,21.0,,,100.0,118.0,100.0,508.0,21.0,21.0,100.0,0.0,100.0,0.0,200.0,0.0,100.0,9003.0,100.0,51008675432.0,100.0,77171664684.0
2019-05-24,ZCH0C9L2,ST12000NM0007,12000138625024,0,81.0,135404120.0,97.0,0.0,100.0,2.0,100.0,0.0,82.0,163069620.0,90.0,9126.0,100.0,0.0,100.0,2.0,,,,,100.0,0.0,100.0,0.0,,,78.0,22.0,,,100.0,119.0,100.0,509.0,22.0,22.0,100.0,0.0,100.0,0.0,200.0,0.0,100.0,9035.0,100.0,51085321976.0,100.0,77468145372.0
2019-05-25,ZCH0C9L2,ST12000NM0007,12000138625024,0,80.0,98828448.0,97.0,0.0,100.0,2.0,100.0,0.0,82.0,165958504.0,90.0,9141.0,100.0,0.0,100.0,2.0,,,,,100.0,0.0,100.0,0.0,,,80.0,20.0,,,100.0,119.0,100.0,510.0,20.0,20.0,100.0,0.0,100.0,0.0,200.0,0.0,100.0,9051.0,100.0,51128039856.0,100.0,77632992740.0
2019-05-26,ZCH0C9L2,ST12000NM0007,12000138625024,0,82.0,170827600.0,97.0,0.0,100.0,2.0,100.0,0.0,82.0,169453109.0,90.0,9173.0,100.0,0.0,100.0,2.0,,,,,100.0,0.0,100.0,0.0,,,79.0,21.0,,,100.0,120.0,100.0,511.0,21.0,21.0,100.0,0.0,100.0,0.0,200.0,0.0,100.0,9082.0,100.0,51223883016.0,100.0,77853289564.0
2019-05-27,ZCH0C9L2,ST12000NM0007,12000138625024,0,78.0,62765864.0,97.0,0.0,100.0,2.0,100.0,0.0,82.0,172120762.0,90.0,9189.0,100.0,0.0,100.0,2.0,,,,,100.0,0.0,100.0,0.0,,,78.0,22.0,,,100.0,120.0,100.0,512.0,22.0,22.0,100.0,0.0,100.0,0.0,200.0,0.0,100.0,9098.0,100.0,51285535048.0,100.0,77927716484.0
2019-05-28,ZCH0C9L2,ST12000NM0007,12000138625024,0,82.0,169177256.0,97.0,0.0,100.0,2.0,100.0,0.0,82.0,175561329.0,90.0,9221.0,100.0,0.0,100.0,2.0,,,,,100.0,0.0,100.0,0.0,,,79.0,21.0,,,100.0,121.0,100.0,513.0,21.0,21.0,100.0,0.0,100.0,0.0,200.0,0.0,100.0,9130.0,100.0,51429948368.0,100.0,78133855204.0
2019-05-29,ZCH0C9L2,ST12000NM0007,12000138625024,0,79.0,77555152.0,97.0,0.0,100.0,2.0,100.0,0.0,82.0,177095647.0,90.0,9237.0,100.0,0.0,100.0,2.0,,,,,100.0,0.0,100.0,0.0,,,79.0,21.0,,,100.0,122.0,100.0,514.0,21.0,21.0,100.0,0.0,100.0,0.0,200.0,0.0,100.0,9146.0,100.0,51470734312.0,100.0,78245587980.0
2019-05-30,ZCH0C9L2,ST12000NM0007,12000138625024,0,80.0,89163704.0,97.0,0.0,100.0,2.0,100.0,0.0,83.0,180189187.0,90.0,9268.0,100.0,0.0,100.0,2.0,,,,,100.0,0.0,100.0,0.0,,,79.0,21.0,,,100.0,123.0,100.0,516.0,21.0,21.0,100.0,0.0,100.0,0.0,200.0,0.0,100.0,9177.0,100.0,51574984728.0,100.0,78397086956.0
2019-05-31,ZCH0C9L2,ST12000NM0007,12000138625024,0,83.0,211064848.0,97.0,0.0,100.0,2.0,100.0,0.0,83.0,181718622.0,90.0,9284.0,100.0,0.0,100.0,2.0,,,,,100.0,0.0,100.0,0.0,,,79.0,21.0,,,100.0,123.0,100.0,516.0,21.0,21.0,100.0,0.0,100.0,0.0,200.0,0.0,100.0,9193.0,100.0,51617385504.0,100.0,78476587324.0
2019-06-01,ZCH0C9L2,ST12000NM0007,12000138625024,0,78.0,65510048.0,97.0,0.0,100.0,2.0,100.0,0.0,83.0,186669860.0,90.0,9316.0,100.0,0.0,100.0,2.0,,,,,100.0,0.0,100.0,0.0,,,79.0,21.0,,,100.0,124.0,100.0,518.0,21.0,21.0,100.0,0.0,100.0,0.0,200.0,0.0,100.0,9224.0,100.0,51719889520.0,100.0,78716810332.0
2019-06-02,ZCH0C9L2,ST12000NM0007,12000138625024,0,83.0,211551872.0,97.0,0.0,100.0,2.0,100.0,0.0,83.0,188246030.0,90.0,9332.0,100.0,0.0,100.0,2.0,,,,,100.0,0.0,100.0,0.0,,,79.0,21.0,,,100.0,124.0,100.0,518.0,21.0,21.0,100.0,0.0,100.0,0.0,200.0,0.0,100.0,9240.0,100.0,51760055608.0,100.0,78822686068.0
2019-06-03,ZCH0C9L2,ST12000NM0007,12000138625024,0,75.0,31260016.0,97.0,0.0,100.0,2.0,100.0,0.0,83.0,193978652.0,90.0,9364.0,100.0,0.0,100.0,2.0,,,,,100.0,0.0,100.0,0.0,,,78.0,22.0,,,100.0,124.0,100.0,520.0,22.0,22.0,100.0,0.0,100.0,0.0,200.0,0.0,100.0,9272.0,100.0,51846768344.0,100.0,79043962740.0
2019-06-04,ZCH0C9L2,ST12000NM0007,12000138625024,0,82.0,163089152.0,97.0,0.0,100.0,2.0,100.0,0.0,83.0,195523131.0,90.0,9379.0,100.0,0.0,100.0,2.0,,,,,100.0,0.0,100.0,0.0,,,79.0,21.0,,,100.0,124.0,100.0,520.0,21.0,21.0,100.0,0.0,100.0,0.0,200.0,0.0,100.0,9287.0,100.0,51893075968.0,100.0,79129484252.0
2019-06-05,ZCH0C9L2,ST12000NM0007,12000138625024,0,84.0,228075496.0,97.0,0.0,100.0,2.0,100.0,0.0,83.0,198955766.0,90.0,9411.0,100.0,0.0,100.0,2.0,,,,,100.0,0.0,100.0,0.0,,,79.0,21.0,,,100.0,124.0,100.0,522.0,21.0,21.0,100.0,0.0,100.0,0.0,200.0,0.0,100.0,9319.0,100.0,52001436656.0,100.0,79330250780.0
2019-06-06,ZCH0C9L2,ST12000NM0007,12000138625024,0,82.0,163341000.0,97.0,0.0,100.0,2.0,100.0,0.0,83.0,200591393.0,90.0,9427.0,100.0,0.0,100.0,2.0,,,,,100.0,0.0,100.0,0.0,,,79.0,21.0,,,100.0,124.0,100.0,522.0,21.0,21.0,100.0,0.0,100.0,0.0,200.0,0.0,100.0,9335.0,100.0,52042505208.0,100.0,79468588548.0
2019-06-07,ZCH0C9L2,ST12000NM0007,12000138625024,0,84.0,230745904.0,97.0,0.0,100.0,2.0,100.0,0.0,83.0,203776930.0,90.0,9459.0,100.0,0.0,100.0,2.0,,,,,100.0,0.0,100.0,0.0,,,79.0,21.0,,,100.0,125.0,100.0,524.0,21.0,21.0,100.0,0.0,100.0,0.0,200.0,0.0,100.0,9366.0,100.0,52129810304.0,100.0,79692829028.0
2019-06-08,ZCH0C9L2,ST12000NM0007,12000138625024,0,82.0,146187680.0,97.0,0.0,100.0,2.0,100.0,0.0,83.0,206481601.0,90.0,9475.0,100.0,0.0,100.0,2.0,,,,,100.0,0.0,100.0,0.0,,,80.0,20.0,,,100.0,125.0,100.0,524.0,20.0,20.0,100.0,0.0,100.0,0.0,200.0,0.0,100.0,9382.0,100.0,52177553072.0,100.0,79804668972.0
2019-06-09,ZCH0C9L2,ST12000NM0007,12000138625024,0,82.0,163167408.0,97.0,0.0,100.0,2.0,100.0,0.0,83.0,209473190.0,90.0,9506.0,100.0,0.0,100.0,2.0,,,,,100.0,0.0,100.0,0.0,,,80.0,20.0,,,100.0,126.0,100.0,526.0,20.0,20.0,100.0,0.0,100.0,0.0,200.0,0.0,100.0,9413.0,100.0,52279416192.0,100.0,79963926364.0
2019-06-10,ZCH0C9L2,ST12000NM0007,12000138625024,0,78.0,67351600.0,97.0,0.0,100.0,2.0,100.0,0.0,83.0,211307193.0,90.0,9522.0,100.0,0.0,100.0,2.0,,,,,100.0,0.0,100.0,0.0,,,79.0,21.0,,,100.0,126.0,100.0,526.0,21.0,21.0,100.0,0.0,100.0,0.0,200.0,0.0,100.0,9429.0,100.0,52327448880.0,100.0,80064218748.0
2019-06-11,ZCH0C9L2,ST12000NM0007,12000138625024,0,81.0,129930640.0,97.0,0.0,100.0,2.0,100.0,0.0,83.0,215156566.0,90.0,9554.0,100.0,0.0,100.0,2.0,,,,,100.0,0.0,100.0,0.0,,,79.0,21.0,,,100.0,127.0,100.0,528.0,21.0,21.0,100.0,0.0,100.0,0.0,200.0,0.0,100.0,9461.0,100.0,52412306528.0,100.0,80286080916.0
2019-06-12,ZCH0C9L2,ST12000NM0007,12000138625024,0,83.0,217792096.0,97.0,0.0,100.0,2.0,100.0,0.0,83.0,216191580.0,90.0,9570.0,100.0,0.0,100.0,2.0,,,,,100.0,0.0,100.0,0.0,,,80.0,20.0,,,100.0,127.0,100.0,528.0,20.0,20.0,100.0,0.0,100.0,0.0,200.0,0.0,100.0,9476.0,100.0,52425351616.0,100.0,80360897284.0
2019-06-13,ZCH0C9L2,ST12000NM0007,12000138625024,0,67.0,5515896.0,97.0,0.0,100.0,2.0,100.0,0.0,83.0,219159387.0,90.0,9601.0,100.0,0.0,100.0,2.0,,,,,100.0,0.0,100.0,0.0,,,80.0,20.0,,,100.0,127.0,100.0,530.0,20.0,20.0,100.0,0.0,100.0,0.0,200.0,0.0,100.0,9508.0,100.0,52534926368.0,100.0,80527327940.0
2019-06-14,ZCH0C9L2,ST12000NM0007,12000138625024,0,81.0,134675400.0,97.0,0.0,100.0,2.0,100.0,0.0,83.0,220603372.0,90.0,9617.0,100.0,0.0,100.0,2.0,,,,,100.0,0.0,100.0,0.0,,,80.0,20.0,,,100.0,127.0,100.0,530.0,20.0,20.0,100.0,0.0,100.0,0.0,200.0,0.0,100.0,9524.0,100.0,52585902448.0,100.0,80605511364.0
2019-06-15,ZCH0C9L2,ST12000NM0007,12000138625024,0,83.0,209986976.0,97.0,0.0,100.0,2.0,100.0,0.0,84.0,224895405.0,89.0,9648.0,100.0,0.0,100.0,2.0,,,,,100.0,0.0,100.0,0.0,,,80.0,20.0,,,100.0,128.0,100.0,532.0,20.0,20.0,100.0,0.0,100.0,0.0,200.0,0.0,100.0,9555.0,100.0,52700066688.0,100.0,80810799452.0
2019-06-16,ZCH0C9L2,ST12000NM0007,12000138625024,0,80.0,111977088.0,97.0,0.0,100.0,2.0,100.0,0.0,84.0,226415543.0,89.0,9664.0,100.0,0.0,100.0,2.0,,,,,100.0,0.0,100.0,0.0,,,80.0,20.0,,,100.0,128.0,100.0,532.0,20.0,20.0,100.0,0.0,100.0,0.0,200.0,0.0,100.0,9571.0,100.0,52755381016.0,100.0,80901615876.0
2019-06-17,ZCH0C9L2,ST12000NM0007,12000138625024,0,81.0,137930856.0,97.0,0.0,100.0,2.0,100.0,0.0,84.0,230398625.0,89.0,9696.0,100.0,0.0,100.0,2.0,,,,,100.0,0.0,100.0,0.0,,,80.0,20.0,,,100.0,129.0,100.0,533.0,20.0,20.0,100.0,0.0,100.0,0.0,200.0,0.0,100.0,9602.0,100.0,52834945576.0,100.0,81092145796.0
2019-06-18,ZCH0C9L2,ST12000NM0007,12000138625024,0,74.0,24090376.0,97.0,0.0,100.0,2.0,100.0,0.0,84.0,232136516.0,89.0,9712.0,100.0,0.0,100.0,2.0,,,,,100.0,0.0,100.0,0.0,,,79.0,21.0,,,100.0,130.0,100.0,534.0,21.0,21.0,100.0,0.0,100.0,0.0,200.0,0.0,100.0,9618.0,100.0,52874212280.0,100.0,81183179356.0
2019-06-19,ZCH0C9L2,ST12000NM0007,12000138625024,0,79.0,76112712.0,97.0,0.0,100.0,2.0,100.0,0.0,84.0,237044206.0,89.0,9743.0,100.0,0.0,100.0,2.0,,,,,100.0,0.0,100.0,0.0,,,79.0,21.0,,,100.0,130.0,100.0,535.0,21.0,21.0,100.0,0.0,100.0,0.0,200.0,0.0,100.0,9650.0,100.0,52969204976.0,100.0,81384349724.0
2019-06-20,ZCH0C9L2,ST12000NM0007,12000138625024,0,83.0,196587080.0,97.0,0.0,100.0,2.0,100.0,0.0,84.0,238707617.0,89.0,9759.0,100.0,0.0,100.0,2.0,,,,,100.0,0.0,100.0,0.0,,,80.0,20.0,,,100.0,130.0,100.0,536.0,20.0,20.0,100.0,0.0,100.0,0.0,200.0,0.0,100.0,9666.0,100.0,53026477744.0,100.0,81447551324.0
2019-06-21,ZCH0C9L2,ST12000NM0007,12000138625024,0,74.0,27519576.0,97.0,0.0,100.0,2.0,100.0,0.0,84.0,242226660.0,89.0,9791.0,100.0,0.0,100.0,2.0,,,,,100.0,0.0,100.0,0.0,,,80.0,20.0,,,100.0,131.0,100.0,537.0,20.0,20.0,100.0,0.0,100.0,0.0,200.0,0.0,100.0,9697.0,100.0,53116023088.0,100.0,81677219940.0
2019-06-22,ZCH0C9L2,ST12000NM0007,12000138625024,0,73.0,22283168.0,97.0,0.0,100.0,2.0,100.0,0.0,84.0,245382668.0,89.0,9806.0,100.0,0.0,100.0,2.0,,,,,100.0,0.0,100.0,0.0,,,80.0,20.0,,,100.0,132.0,100.0,538.0,20.0,20.0,100.0,0.0,100.0,0.0,200.0,0.0,100.0,9713.0,100.0,53178105600.0,100.0,81854041676.0
2019-06-23,ZCH0C9L2,ST12000NM0007,12000138625024,0,81.0,132195824.0,97.0,0.0,100.0,2.0,100.0,0.0,84.0,248927572.0,89.0,9838.0,100.0,0.0,100.0,2.0,,,,,100.0,0.0,100.0,0.0,,,80.0,20.0,,,100.0,133.0,100.0,539.0,20.0,20.0,100.0,0.0,100.0,0.0,200.0,0.0,100.0,9744.0,100.0,53280274832.0,100.0,82105925788.0
2019-06-24,ZCH0C9L2,ST12000NM0007,12000138625024,0,72.0,15889392.0,97.0,0.0,100.0,2.0,100.0,0.0,84.0,253750161.0,89.0,9870.0,100.0,0.0,100.0,2.0,,,,,100.0,0.0,100.0,0.0,,,79.0,21.0,,,100.0,133.0,100.0,541.0,21.0,21.0,100.0,0.0,100.0,0.0,200.0,0.0,100.0,9776.0,100.0,53389039720.0,100.0,82369136044.0
2019-06-25,ZCH0C9L2,ST12000NM0007,12000138625024,0,82.0,170661680.0,97.0,0.0,100.0,2.0,100.0,0.0,84.0,255471863.0,89.0,9886.0,100.0,0.0,100.0,2.0,,,,,100.0,0.0,100.0,0.0,,,80.0,20.0,,,100.0,133.0,100.0,541.0,20.0,20.0,100.0,0.0,100.0,0.0,200.0,0.0,100.0,9792.0,100.0,53431077600.0,100.0,82481870452.0
2019-06-26,ZCH0C9L2,ST12000NM0007,12000138625024,0,81.0,141071448.0,97.0,0.0,100.0,2.0,100.0,0.0,84.0,260067859.0,89.0,9917.0,100.0,0.0,100.0,2.0,,,,,100.0,0.0,100.0,0.0,,,79.0,21.0,,,100.0,134.0,100.0,543.0,21.0,21.0,100.0,0.0,100.0,0.0,200.0,0.0,100.0,9823.0,100.0,53591537104.0,100.0,82780102260.0
2019-06-27,ZCH0C9L2,ST12000NM0007,12000138625024,0,81.0,121909496.0,97.0,0.0,100.0,2.0,100.0,0.0,84.0,262421855.0,89.0,9933.0,100.0,0.0,100.0,2.0,,,,,100.0,0.0,100.0,0.0,,,80.0,20.0,,,100.0,134.0,100.0,543.0,20.0,20.0,100.0,0.0,100.0,0.0,200.0,0.0,100.0,9839.0,100.0,53639520784.0,100.0,82957097324.0
2019-06-28,ZCH0C9L2,ST12000NM0007,12000138625024,0,83.0,214299912.0,97.0,0.0,100.0,2.0,100.0,0.0,84.0,265837213.0,89.0,9965.0,100.0,0.0,100.0,2.0,,,,,100.0,0.0,100.0,0.0,,,79.0,21.0,,,100.0,135.0,100.0,545.0,21.0,21.0,100.0,0.0,100.0,0.0,200.0,0.0,100.0,9870.0,100.0,53737438888.0,100.0,83195710524.0
2019-06-29,ZCH0C9L2,ST12000NM0007,12000138625024,0,83.0,183305296.0,97.0,0.0,100.0,2.0,100.0,0.0,84.0,268750269.0,89.0,9981.0,100.0,0.0,100.0,2.0,,,,,100.0,0.0,100.0,0.0,,,80.0,20.0,,,100.0,135.0,100.0,545.0,20.0,20.0,100.0,0.0,100.0,0.0,200.0,0.0,100.0,9886.0,100.0,53799614872.0,100.0,83346680556.0
2019-06-30,ZCH0C9L2,ST12000NM0007,12000138625024,0,72.0,14573000.0,97.0,0.0,100.0,2.0,100.0,0.0,84.0,272030189.0,89.0,10012.0,100.0,0.0,100.0,2.0,,,,,100.0,0.0,100.0,0.0,,,79.0,21.0,,,100.0,135.0,100.0,547.0,21.0,21.0,100.0,0.0,100.0,0.0,200.0,0.0,100.0,9917.0,100.0,53884662448.0,100.0,83581182476.0
2019-07-01,ZCH0C9L2,ST12000NM0007,12000138625024,0,82.0,161796432.0,97.0,0.0,100.0,2.0,100.0,0.0,84.0,273927073.0,89.0,10028.0,100.0,0.0,100.0,2.0,,,,,100.0,0.0,100.0,0.0,,,80.0,20.0,,,100.0,135.0,100.0,547.0,20.0,20.0,100.0,0.0,100.0,0.0,200.0,0.0,100.0,9933.0,100.0,53920521280.0,100.0,83692547084.0
2019-07-02,ZCH0C9L2,ST12000NM0007,12000138625024,0,77.0,53108864.0,97.0,0.0,100.0,2.0,100.0,0.0,84.0,277906583.0,89.0,10060.0,100.0,0.0,100.0,2.0,,,,,100.0,0.0,100.0,0.0,,,79.0,21.0,,,100.0,137.0,100.0,549.0,21.0,21.0,100.0,0.0,100.0,0.0,200.0,0.0,100.0,9965.0,100.0,54049210048.0,100.0,83943452332.0
2019-07-03,ZCH0C9L2,ST12000NM0007,12000138625024,0,83.0,216391920.0,97.0,0.0,100.0,2.0,100.0,0.0,84.0,279411784.0,89.0,10076.0,100.0,0.0,100.0,2.0,,,,,100.0,0.0,100.0,0.0,,,79.0,21.0,,,100.0,137.0,100.0,549.0,21.0,21.0,100.0,0.0,100.0,0.0,200.0,0.0,100.0,9980.0,100.0,54095064528.0,100.0,84060880908.0
2019-07-04,ZCH0C9L2,ST12000NM0007,12000138625024,0,80.0,106255368.0,97.0,0.0,100.0,2.0,100.0,0.0,85.0,283187953.0,89.0,10107.0,100.0,0.0,100.0,2.0,,,,,100.0,0.0,100.0,0.0,,,79.0,21.0,,,100.0,137.0,100.0,550.0,21.0,21.0,100.0,0.0,100.0,0.0,200.0,0.0,100.0,10012.0,100.0,54187976440.0,100.0,84346113884.0
2019-07-05,ZCH0C9L2,ST12000NM0007,12000138625024,0,82.0,156453680.0,97.0,0.0,100.0,2.0,100.0,0.0,85.0,285973871.0,89.0,10123.0,100.0,0.0,100.0,2.0,,,,,100.0,0.0,100.0,0.0,,,79.0,21.0,,,100.0,138.0,100.0,551.0,21.0,21.0,100.0,0.0,100.0,0.0,200.0,0.0,100.0,10028.0,100.0,54257634384.0,100.0,84570794996.0
2019-07-06,ZCH0C9L2,ST12000NM0007,12000138625024,0,82.0,155594992.0,97.0,0.0,100.0,2.0,100.0,0.0,85.0,291400785.0,89.0,10154.0,100.0,0.0,100.0,2.0,,,,,100.0,0.0,100.0,0.0,,,79.0,21.0,,,100.0,139.0,100.0,552.0,21.0,21.0,100.0,0.0,100.0,0.0,200.0,0.0,100.0,10059.0,100.0,54365787224.0,100.0,84950065068.0
2019-07-07,ZCH0C9L2,ST12000NM0007,12000138625024,0,81.0,123402248.0,97.0,0.0,100.0,2.0,100.0,0.0,85.0,294283060.0,89.0,10170.0,100.0,0.0,100.0,2.0,,,,,100.0,0.0,100.0,0.0,,,78.0,22.0,,,100.0,139.0,100.0,553.0,22.0,22.0,100.0,0.0,100.0,0.0,200.0,0.0,100.0,10075.0,100.0,54417311792.0,100.0,85110488508.0
2019-07-08,ZCH0C9L2,ST12000NM0007,12000138625024,0,66.0,3956152.0,97.0,0.0,100.0,2.0,100.0,0.0,85.0,299015749.0,89.0,10202.0,100.0,0.0,100.0,2.0,,,,,100.0,0.0,100.0,0.0,,,80.0,20.0,,,100.0,140.0,100.0,554.0,20.0,20.0,100.0,0.0,100.0,0.0,200.0,0.0,100.0,10107.0,100.0,54525982720.0,100.0,85370653004.0
2019-07-09,ZCH0C9L2,ST12000NM0007,12000138625024,0,83.0,180782320.0,97.0,0.0,100.0,2.0,100.0,0.0,85.0,300621322.0,89.0,10218.0,100.0,0.0,100.0,2.0,,,,,100.0,0.0,100.0,0.0,,,79.0,21.0,,,100.0,140.0,100.0,555.0,21.0,21.0,100.0,0.0,100.0,0.0,200.0,0.0,100.0,10122.0,100.0,54564805272.0,100.0,85508656620.0
2019-07-10,ZCH0C9L2,ST12000NM0007,12000138625024,0,75.0,34819688.0,97.0,0.0,100.0,2.0,100.0,0.0,85.0,304200598.0,89.0,10249.0,100.0,0.0,100.0,2.0,,,,,100.0,0.0,100.0,0.0,,,79.0,21.0,,,100.0,140.0,100.0,556.0,21.0,21.0,100.0,0.0,100.0,0.0,200.0,0.0,100.0,10154.0,100.0,54655245808.0,100.0,85760534732.0
2019-07-11,ZCH0C9L2,ST12000NM0007,12000138625024,0,77.0,46114576.0,97.0,0.0,100.0,2.0,100.0,0.0,85.0,306559547.0,89.0,10265.0,100.0,0.0,100.0,2.0,,,,,100.0,0.0,100.0,0.0,,,79.0,21.0,,,100.0,140.0,100.0,557.0,21.0,21.0,100.0,0.0,100.0,0.0,200.0,0.0,100.0,10170.0,100.0,54708968912.0,100.0,85962247292.0
2019-07-12,ZCH0C9L2,ST12000NM0007,12000138625024,0,100.0,1079856.0,97.0,0.0,100.0,2.0,100.0,0.0,85.0,310254979.0,89.0,10297.0,100.0,0.0,100.0,2.0,,,,,100.0,0.0,100.0,0.0,,,80.0,20.0,,,100.0,141.0,100.0,558.0,20.0,20.0,100.0,0.0,100.0,0.0,200.0,0.0,100.0,10201.0,100.0,54817520792.0,100.0,86296943396.0
2019-07-13,ZCH0C9L2,ST12000NM0007,12000138625024,0,83.0,219371472.0,97.0,0.0,100.0,2.0,100.0,0.0,85.0,313273055.0,89.0,10313.0,100.0,0.0,100.0,2.0,,,,,100.0,0.0,100.0,0.0,,,80.0,20.0,,,100.0,141.0,100.0,559.0,20.0,20.0,100.0,0.0,100.0,0.0,200.0,0.0,100.0,10217.0,100.0,54883642248.0,100.0,86449113556.0
2019-07-14,ZCH0C9L2,ST12000NM0007,12000138625024,0,78.0,66034064.0,97.0,0.0,100.0,2.0,100.0,0.0,85.0,316320376.0,89.0,10344.0,100.0,0.0,100.0,2.0,,,,,100.0,0.0,100.0,0.0,,,80.0,20.0,,,100.0,142.0,100.0,560.0,20.0,20.0,100.0,0.0,100.0,0.0,200.0,0.0,100.0,10249.0,100.0,54972808376.0,100.0,86694891396.0
2019-07-15,ZCH0C9L2,ST12000NM0007,12000138625024,0,84.0,228514608.0,97.0,0.0,100.0,2.0,100.0,0.0,85.0,317772236.0,89.0,10360.0,100.0,0.0,100.0,2.0,,,,,100.0,0.0,100.0,0.0,,,80.0,20.0,,,100.0,142.0,100.0,561.0,20.0,20.0,100.0,0.0,100.0,0.0,200.0,0.0,100.0,10264.0,100.0,55012338048.0,100.0,86817842268.0
2019-07-16,ZCH0C9L2,ST12000NM0007,12000138625024,0,77.0,48522088.0,97.0,0.0,100.0,2.0,100.0,0.0,85.0,321674006.0,89.0,10392.0,100.0,0.0,100.0,2.0,,,,,100.0,0.0,100.0,0.0,,,79.0,21.0,,,100.0,142.0,100.0,562.0,21.0,21.0,100.0,0.0,100.0,0.0,200.0,0.0,100.0,10296.0,100.0,55095758904.0,100.0,87042710412.0
2019-07-17,ZCH0C9L2,ST12000NM0007,12000138625024,0,83.0,218522792.0,97.0,0.0,100.0,2.0,100.0,0.0,85.0,323191652.0,89.0,10408.0,100.0,0.0,100.0,2.0,,,,,100.0,0.0,100.0,0.0,,,79.0,21.0,,,100.0,142.0,100.0,563.0,21.0,21.0,100.0,0.0,100.0,0.0,200.0,0.0,100.0,10312.0,100.0,55141637552.0,100.0,87166832468.0
2019-07-18,ZCH0C9L2,ST12000NM0007,12000138625024,0,83.0,221031752.0,97.0,0.0,100.0,2.0,100.0,0.0,85.0,327440306.0,89.0,10439.0,100.0,0.0,100.0,2.0,,,,,100.0,0.0,100.0,0.0,,,79.0,21.0,,,100.0,142.0,100.0,564.0,21.0,21.0,100.0,0.0,100.0,0.0,200.0,0.0,100.0,10343.0,100.0,55242755424.0,100.0,87556505188.0
2019-07-19,ZCH0C9L2,ST12000NM0007,12000138625024,0,84.0,234917472.0,97.0,0.0,100.0,2.0,100.0,0.0,85.0,329484452.0,89.0,10455.0,100.0,0.0,100.0,2.0,,,,,100.0,0.0,100.0,0.0,,,79.0,21.0,,,100.0,142.0,100.0,565.0,21.0,21.0,100.0,0.0,100.0,0.0,200.0,0.0,100.0,10358.0,100.0,55284078992.0,100.0,87773208092.0
2019-07-20,ZCH0C9L2,ST12000NM0007,12000138625024,0,81.0,138622448.0,97.0,0.0,100.0,2.0,100.0,0.0,85.0,334142694.0,89.0,10486.0,100.0,0.0,100.0,2.0,,,,,100.0,0.0,100.0,0.0,,,79.0,21.0,,,100.0,142.0,100.0,566.0,21.0,21.0,100.0,0.0,100.0,0.0,200.0,0.0,100.0,10390.0,100.0,55401381920.0,100.0,88047891524.0
2019-07-21,ZCH0C9L2,ST12000NM0007,12000138625024,0,77.0,55015112.0,97.0,0.0,100.0,2.0,100.0,0.0,85.0,335615636.0,89.0,10502.0,100.0,0.0,100.0,2.0,,,,,100.0,0.0,100.0,0.0,,,79.0,21.0,,,100.0,143.0,100.0,567.0,21.0,21.0,100.0,0.0,100.0,0.0,200.0,0.0,100.0,10406.0,100.0,55442829488.0,100.0,88166977460.0
2019-07-22,ZCH0C9L2,ST12000NM0007,12000138625024,0,81.0,136458872.0,97.0,0.0,100.0,2.0,100.0,0.0,85.0,339556577.0,88.0,10534.0,100.0,0.0,100.0,2.0,,,,,100.0,0.0,100.0,0.0,,,79.0,21.0,,,100.0,144.0,100.0,568.0,21.0,21.0,100.0,0.0,100.0,0.0,200.0,0.0,100.0,10437.0,100.0,55534517136.0,100.0,88400874220.0
2019-07-23,ZCH0C9L2,ST12000NM0007,12000138625024,0,80.0,104666704.0,97.0,0.0,100.0,2.0,100.0,0.0,85.0,341464497.0,88.0,10550.0,100.0,0.0,100.0,2.0,,,,,100.0,0.0,100.0,0.0,,,80.0,20.0,,,100.0,144.0,100.0,569.0,20.0,20.0,100.0,0.0,100.0,0.0,200.0,0.0,100.0,10453.0,100.0,55571408696.0,100.0,88576331204.0
2019-07-24,ZCH0C9L2,ST12000NM0007,12000138625024,0,83.0,191227656.0,97.0,0.0,100.0,2.0,100.0,0.0,85.0,344242968.0,88.0,10581.0,100.0,0.0,100.0,2.0,,,,,100.0,0.0,100.0,0.0,,,80.0,20.0,,,100.0,145.0,100.0,570.0,20.0,20.0,100.0,0.0,100.0,0.0,200.0,0.0,100.0,10484.0,100.0,55644795856.0,100.0,88833645700.0
2019-07-25,ZCH0C9L2,ST12000NM0007,12000138625024,0,84.0,232294296.0,97.0,0.0,100.0,2.0,100.0,0.0,85.0,351235790.0,88.0,10613.0,100.0,0.0,100.0,2.0,,,,,100.0,0.0,100.0,0.0,,,79.0,21.0,,,100.0,145.0,100.0,572.0,21.0,21.0,100.0,0.0,100.0,0.0,200.0,0.0,100.0,10516.0,100.0,55739422296.0,100.0,89268367204.0
2019-07-26,ZCH0C9L2,ST12000NM0007,12000138625024,0,76.0,37456896.0,97.0,0.0,100.0,2.0,100.0,0.0,85.0,353676113.0,88.0,10628.0,100.0,0.0,100.0,2.0,,,,,100.0,0.0,100.0,0.0,,,79.0,21.0,,,100.0,145.0,100.0,573.0,21.0,21.0,100.0,0.0,100.0,0.0,200.0,0.0,100.0,10531.0,100.0,55792772168.0,100.0,89508461284.0
2019-07-27,ZCH0C9L2,ST12000NM0007,12000138625024,0,69.0,8433024.0,97.0,0.0,100.0,2.0,100.0,0.0,86.0,356193815.0,88.0,10644.0,100.0,0.0,100.0,2.0,,,,,100.0,0.0,100.0,0.0,,,79.0,21.0,,,100.0,145.0,100.0,573.0,21.0,21.0,100.0,0.0,100.0,0.0,200.0,0.0,100.0,10547.0,100.0,55842959552.0,100.0,89673390684.0
2019-07-28,ZCH0C9L2,ST12000NM0007,12000138625024,0,81.0,113882392.0,97.0,0.0,100.0,2.0,100.0,0.0,86.0,359866957.0,88.0,10676.0,100.0,0.0,100.0,2.0,,,,,100.0,0.0,100.0,0.0,,,80.0,20.0,,,100.0,147.0,100.0,575.0,20.0,20.0,100.0,0.0,100.0,0.0,200.0,0.0,100.0,10578.0,100.0,55945666816.0,100.0,89920273620.0
2019-07-29,ZCH0C9L2,ST12000NM0007,12000138625024,0,78.0,65749608.0,97.0,0.0,100.0,2.0,100.0,0.0,86.0,361698971.0,88.0,10692.0,100.0,0.0,100.0,2.0,,,,,100.0,0.0,100.0,0.0,,,79.0,21.0,,,100.0,147.0,100.0,575.0,21.0,21.0,100.0,0.0,100.0,0.0,200.0,0.0,100.0,10594.0,100.0,55985036688.0,100.0,90076911636.0
2019-07-30,ZCH0C9L2,ST12000NM0007,12000138625024,0,83.0,203412840.0,97.0,0.0,100.0,2.0,100.0,0.0,86.0,366499012.0,88.0,10724.0,100.0,0.0,100.0,2.0,,,,,100.0,0.0,100.0,0.0,,,80.0,20.0,,,100.0,147.0,100.0,577.0,20.0,20.0,100.0,0.0,100.0,0.0,200.0,0.0,100.0,10626.0,100.0,56107246464.0,100.0,90336505724.0
2019-07-31,ZCH0C9L2,ST12000NM0007,12000138625024,0,80.0,100097696.0,97.0,0.0,100.0,2.0,100.0,0.0,86.0,370099612.0,88.0,10755.0,100.0,0.0,100.0,2.0,,,,,100.0,0.0,100.0,0.0,,,79.0,21.0,,,100.0,147.0,100.0,578.0,21.0,21.0,100.0,0.0,100.0,0.0,200.0,0.0,100.0,10657.0,100.0,56215806240.0,100.0,90612912244.0
2019-08-01,ZCH0C9L2,ST12000NM0007,12000138625024,0,81.0,114312336.0,97.0,0.0,100.0,2.0,100.0,0.0,86.0,372510041.0,88.0,10771.0,100.0,0.0,100.0,2.0,,,,,100.0,0.0,100.0,0.0,,,79.0,21.0,,,100.0,147.0,100.0,578.0,21.0,21.0,100.0,0.0,100.0,0.0,200.0,0.0,100.0,10673.0,100.0,56260356528.0,100.0,90826717268.0
2019-08-02,ZCH0C9L2,ST12000NM0007,12000138625024,0,78.0,69863968.0,97.0,0.0,100.0,2.0,100.0,0.0,86.0,376448290.0,88.0,10803.0,100.0,0.0,100.0,2.0,,,,,100.0,0.0,100.0,0.0,,,79.0,21.0,,,100.0,147.0,100.0,580.0,21.0,21.0,100.0,0.0,100.0,0.0,200.0,0.0,100.0,10705.0,100.0,56355526624.0,100.0,91175380196.0
2019-08-03,ZCH0C9L2,ST12000NM0007,12000138625024,0,75.0,34346048.0,97.0,0.0,100.0,2.0,100.0,0.0,86.0,379580595.0,88.0,10819.0,100.0,0.0,100.0,2.0,,,,,100.0,0.0,100.0,0.0,,,79.0,21.0,,,100.0,147.0,100.0,580.0,21.0,21.0,100.0,0.0,100.0,0.0,200.0,0.0,100.0,10721.0,100.0,56413272448.0,100.0,91326257116.0
2019-08-04,ZCH0C9L2,ST12000NM0007,12000138625024,0,81.0,120359576.0,97.0,0.0,100.0,2.0,100.0,0.0,86.0,382857213.0,88.0,10850.0,100.0,0.0,100.0,2.0,,,,,100.0,0.0,100.0,0.0,,,79.0,21.0,,,100.0,148.0,100.0,582.0,21.0,21.0,100.0,0.0,100.0,0.0,200.0,0.0,100.0,10752.0,100.0,56499538440.0,100.0,91570145348.0
2019-08-05,ZCH0C9L2,ST12000NM0007,12000138625024,0,78.0,62194640.0,97.0,0.0,100.0,2.0,100.0,0.0,86.0,384735923.0,88.0,10866.0,100.0,0.0,100.0,2.0,,,,,100.0,0.0,100.0,0.0,,,79.0,21.0,,,100.0,148.0,100.0,582.0,21.0,21.0,100.0,0.0,100.0,0.0,200.0,0.0,100.0,10768.0,100.0,56553234088.0,100.0,91702425844.0
2019-08-06,ZCH0C9L2,ST12000NM0007,12000138625024,0,81.0,119607904.0,97.0,0.0,100.0,2.0,100.0,0.0,86.0,388645739.0,88.0,10898.0,100.0,0.0,100.0,2.0,,,,,100.0,0.0,100.0,0.0,,,79.0,21.0,,,100.0,150.0,100.0,584.0,21.0,21.0,100.0,0.0,100.0,0.0,200.0,0.0,100.0,10800.0,100.0,56646351080.0,100.0,91910862820.0
2019-08-07,ZCH0C9L2,ST12000NM0007,12000138625024,0,78.0,62730808.0,97.0,0.0,100.0,2.0,100.0,0.0,86.0,390276660.0,88.0,10914.0,100.0,0.0,100.0,2.0,,,,,100.0,0.0,100.0,0.0,,,79.0,21.0,,,100.0,150.0,100.0,584.0,21.0,21.0,100.0,0.0,100.0,0.0,200.0,0.0,100.0,10815.0,100.0,56697638632.0,100.0,92046838828.0
2019-08-08,ZCH0C9L2,ST12000NM0007,12000138625024,0,83.0,203956848.0,97.0,0.0,100.0,2.0,100.0,0.0,86.0,395682324.0,88.0,10945.0,100.0,0.0,100.0,2.0,,,,,100.0,0.0,100.0,0.0,,,78.0,22.0,,,100.0,150.0,100.0,586.0,22.0,22.0,100.0,0.0,100.0,0.0,200.0,0.0,100.0,10847.0,100.0,56843771880.0,100.0,92530213100.0
2019-08-09,ZCH0C9L2,ST12000NM0007,12000138625024,0,83.0,178736400.0,97.0,0.0,100.0,2.0,100.0,0.0,86.0,397729598.0,88.0,10961.0,100.0,0.0,100.0,2.0,,,,,100.0,0.0,100.0,0.0,,,79.0,21.0,,,100.0,150.0,100.0,586.0,21.0,21.0,100.0,0.0,100.0,0.0,200.0,0.0,100.0,10863.0,100.0,56890421864.0,100.0,92702483516.0
2019-08-10,ZCH0C9L2,ST12000NM0007,12000138625024,0,80.0,90968760.0,97.0,0.0,100.0,2.0,100.0,0.0,86.0,402586233.0,88.0,10993.0,100.0,0.0,100.0,2.0,,,,,100.0,0.0,100.0,0.0,,,79.0,21.0,,,100.0,150.0,100.0,588.0,21.0,21.0,100.0,0.0,100.0,0.0,200.0,0.0,100.0,10894.0,100.0,56991399392.0,100.0,93002020620.0
2019-08-11,ZCH0C9L2,ST12000NM0007,12000138625024,0,75.0,29536976.0,97.0,0.0,100.0,2.0,100.0,0.0,86.0,404367888.0,88.0,11009.0,100.0,0.0,100.0,2.0,,,,,100.0,0.0,100.0,0.0,,,79.0,21.0,,,100.0,150.0,100.0,588.0,21.0,21.0,100.0,0.0,100.0,0.0,200.0,0.0,100.0,10910.0,100.0,57048933480.0,100.0,93127213988.0
2019-08-12,ZCH0C9L2,ST12000NM0007,12000138625024,0,80.0,100845872.0,97.0,0.0,100.0,2.0,100.0,0.0,86.0,409017072.0,88.0,11040.0,100.0,0.0,100.0,2.0,,,,,100.0,0.0,100.0,0.0,,,79.0,21.0,,,100.0,150.0,100.0,590.0,21.0,21.0,100.0,0.0,100.0,0.0,200.0,0.0,100.0,10941.0,100.0,57144002776.0,100.0,93347594220.0
2019-08-13,ZCH0C9L2,ST12000NM0007,12000138625024,0,74.0,25904984.0,97.0,0.0,100.0,2.0,100.0,0.0,86.0,410662926.0,88.0,11056.0,100.0,0.0,100.0,2.0,,,,,100.0,0.0,100.0,0.0,,,79.0,21.0,,,100.0,150.0,100.0,590.0,21.0,21.0,100.0,0.0,100.0,0.0,200.0,0.0,100.0,10957.0,100.0,57188343688.0,100.0,93472453052.0
2019-08-14,ZCH0C9L2,ST12000NM0007,12000138625024,0,80.0,101386368.0,97.0,0.0,100.0,2.0,100.0,0.0,86.0,413737427.0,88.0,11088.0,100.0,0.0,100.0,2.0,,,,,100.0,0.0,100.0,0.0,,,79.0,21.0,,,100.0,151.0,100.0,592.0,21.0,21.0,100.0,0.0,100.0,0.0,200.0,0.0,100.0,10989.0,100.0,57268020704.0,100.0,93712398124.0
2019-08-15,ZCH0C9L2,ST12000NM0007,12000138625024,0,80.0,94670888.0,97.0,0.0,100.0,2.0,100.0,0.0,86.0,415993752.0,88.0,11104.0,100.0,0.0,100.0,2.0,,,,,100.0,0.0,100.0,0.0,,,79.0,21.0,,,100.0,151.0,100.0,592.0,21.0,21.0,100.0,0.0,100.0,0.0,200.0,0.0,100.0,11004.0,100.0,57313385944.0,100.0,93904458092.0
2019-08-16,ZCH0C9L2,ST12000NM0007,12000138625024,0,80.0,92075712.0,97.0,0.0,100.0,2.0,100.0,0.0,86.0,421042885.0,88.0,11135.0,100.0,0.0,100.0,2.0,,,,,100.0,0.0,100.0,0.0,,,78.0,22.0,,,100.0,152.0,100.0,594.0,22.0,22.0,100.0,0.0,100.0,0.0,200.0,0.0,100.0,11036.0,100.0,57430897008.0,100.0,94272633396.0
2019-08-17,ZCH0C9L2,ST12000NM0007,12000138625024,0,78.0,62483504.0,97.0,0.0,100.0,2.0,100.0,0.0,86.0,424324401.0,88.0,11151.0,100.0,0.0,100.0,2.0,,,,,100.0,0.0,100.0,0.0,,,79.0,21.0,,,100.0,152.0,100.0,594.0,21.0,21.0,100.0,0.0,100.0,0.0,200.0,0.0,100.0,11052.0,100.0,57472995560.0,100.0,94445083268.0
2019-08-18,ZCH0C9L2,ST12000NM0007,12000138625024,0,81.0,139272800.0,97.0,0.0,100.0,2.0,100.0,0.0,86.0,427384550.0,88.0,11183.0,100.0,0.0,100.0,2.0,,,,,100.0,0.0,100.0,0.0,,,78.0,22.0,,,100.0,154.0,100.0,596.0,22.0,22.0,100.0,0.0,100.0,0.0,200.0,0.0,100.0,11083.0,100.0,57544524112.0,100.0,94694484964.0
2019-08-19,ZCH0C9L2,ST12000NM0007,12000138625024,0,80.0,104236952.0,97.0,0.0,100.0,2.0,100.0,0.0,86.0,430690964.0,88.0,11199.0,100.0,0.0,100.0,2.0,,,,,100.0,0.0,100.0,0.0,,,77.0,23.0,,,100.0,154.0,100.0,596.0,23.0,23.0,100.0,0.0,100.0,0.0,200.0,0.0,100.0,11099.0,100.0,57599969968.0,100.0,94848144108.0
2019-08-20,ZCH0C9L2,ST12000NM0007,12000138625024,0,82.0,159253536.0,97.0,0.0,100.0,2.0,100.0,0.0,86.0,435033260.0,88.0,11230.0,100.0,0.0,100.0,2.0,,,,,100.0,0.0,100.0,0.0,,,79.0,21.0,,,100.0,155.0,100.0,598.0,21.0,21.0,100.0,0.0,100.0,0.0,200.0,0.0,100.0,11130.0,100.0,57682220864.0,100.0,95065050524.0
2019-08-21,ZCH0C9L2,ST12000NM0007,12000138625024,0,75.0,32119248.0,97.0,0.0,100.0,2.0,100.0,0.0,86.0,438510185.0,88.0,11262.0,100.0,0.0,100.0,2.0,,,,,100.0,0.0,100.0,0.0,,,77.0,23.0,,,100.0,155.0,100.0,599.0,23.0,23.0,100.0,0.0,100.0,0.0,200.0,0.0,100.0,11162.0,100.0,57757237896.0,100.0,95351180660.0
2019-08-22,ZCH0C9L2,ST12000NM0007,12000138625024,0,76.0,38478248.0,97.0,0.0,100.0,2.0,100.0,0.0,86.0,440861224.0,88.0,11278.0,100.0,0.0,100.0,2.0,,,,,100.0,0.0,100.0,0.0,,,78.0,22.0,,,100.0,155.0,100.0,600.0,22.0,22.0,100.0,0.0,100.0,0.0,200.0,0.0,100.0,11178.0,100.0,57800030744.0,100.0,95558887476.0
2019-08-23,ZCH0C9L2,ST12000NM0007,12000138625024,0,80.0,99681768.0,97.0,0.0,100.0,2.0,100.0,0.0,86.0,443705860.0,88.0,11309.0,100.0,0.0,100.0,2.0,,,,,100.0,0.0,100.0,0.0,,,78.0,22.0,,,100.0,156.0,100.0,601.0,22.0,22.0,100.0,0.0,100.0,0.0,200.0,0.0,100.0,11209.0,100.0,57881839440.0,100.0,95782423004.0
2019-08-24,ZCH0C9L2,ST12000NM0007,12000138625024,0,77.0,52508784.0,97.0,0.0,100.0,2.0,100.0,0.0,86.0,446575289.0,88.0,11325.0,100.0,0.0,100.0,2.0,,,,,100.0,0.0,100.0,0.0,,,79.0,21.0,,,100.0,157.0,100.0,602.0,21.0,21.0,100.0,0.0,100.0,0.0,200.0,0.0,100.0,11225.0,100.0,57925142032.0,100.0,95936088164.0
2019-08-25,ZCH0C9L2,ST12000NM0007,12000138625024,0,82.0,162354384.0,97.0,0.0,100.0,2.0,100.0,0.0,87.0,450064513.0,88.0,11357.0,100.0,0.0,100.0,2.0,,,,,100.0,0.0,100.0,0.0,,,78.0,22.0,,,100.0,158.0,100.0,603.0,22.0,22.0,100.0,0.0,100.0,0.0,200.0,0.0,100.0,11257.0,100.0,58019141360.0,100.0,96196075388.0
2019-08-26,ZCH0C9L2,ST12000NM0007,12000138625024,0,81.0,113550784.0,97.0,0.0,100.0,2.0,100.0,0.0,87.0,455398738.0,87.0,11404.0,100.0,0.0,100.0,2.0,,,,,100.0,0.0,100.0,0.0,,,79.0,21.0,,,100.0,159.0,100.0,605.0,21.0,21.0,100.0,0.0,100.0,0.0,200.0,0.0,100.0,11304.0,100.0,58126625552.0,100.0,96528069500.0
2019-08-27,ZCH0C9L2,ST12000NM0007,12000138625024,0,81.0,113550784.0,97.0,0.0,100.0,2.0,100.0,0.0,87.0,455398738.0,87.0,11404.0,100.0,0.0,100.0,2.0,,,,,100.0,0.0,100.0,0.0,,,79.0,21.0,,,100.0,159.0,100.0,605.0,21.0,21.0,100.0,0.0,100.0,0.0,200.0,0.0,100.0,11304.0,100.0,58126625552.0,100.0,96528069500.0
2019-08-28,ZCH0C9L2,ST12000NM0007,12000138625024,0,70.0,9775816.0,97.0,0.0,100.0,2.0,100.0,0.0,87.0,456728472.0,87.0,11420.0,100.0,0.0,100.0,2.0,,,,,100.0,0.0,100.0,0.0,,,79.0,21.0,,,100.0,160.0,100.0,606.0,21.0,21.0,100.0,0.0,100.0,0.0,200.0,0.0,100.0,11320.0,100.0,58157186392.0,100.0,96637874732.0
2019-08-29,ZCH0C9L2,ST12000NM0007,12000138625024,0,81.0,126588224.0,97.0,0.0,100.0,2.0,100.0,0.0,87.0,459988366.0,87.0,11452.0,100.0,0.0,100.0,2.0,,,,,100.0,0.0,100.0,0.0,,,79.0,21.0,,,100.0,160.0,100.0,607.0,21.0,21.0,100.0,0.0,100.0,0.0,200.0,0.0,100.0,11351.0,100.0,58271400208.0,100.0,96884614212.0
2019-08-30,ZCH0C9L2,ST12000NM0007,12000138625024,0,75.0,30704408.0,97.0,0.0,100.0,2.0,100.0,0.0,87.0,461309855.0,87.0,11468.0,100.0,0.0,100.0,2.0,,,,,100.0,0.0,100.0,0.0,,,78.0,22.0,,,100.0,161.0,100.0,608.0,22.0,22.0,100.0,0.0,100.0,0.0,200.0,0.0,100.0,11367.0,100.0,58309308016.0,100.0,96994963308.0
2019-08-31,ZCH0C9L2,ST12000NM0007,12000138625024,0,81.0,138950840.0,97.0,0.0,100.0,2.0,100.0,0.0,87.0,466021087.0,87.0,11499.0,100.0,0.0,100.0,2.0,,,,,100.0,0.0,100.0,0.0,,,79.0,21.0,,,100.0,161.0,100.0,609.0,21.0,21.0,100.0,0.0,100.0,0.0,200.0,0.0,100.0,11398.0,100.0,58391252504.0,100.0,97265406020.0
2019-09-01,ZCH0C9L2,ST12000NM0007,12000138625024,0,69.0,8672056.0,97.0,0.0,100.0,2.0,100.0,0.0,87.0,466975045.0,87.0,11515.0,100.0,0.0,100.0,2.0,,,,,100.0,0.0,100.0,0.0,,,79.0,21.0,,,100.0,162.0,100.0,610.0,21.0,21.0,100.0,0.0,100.0,0.0,200.0,0.0,100.0,11414.0,100.0,58407578272.0,100.0,97362942228.0
2019-09-02,ZCH0C9L2,ST12000NM0007,12000138625024,0,72.0,16411360.0,97.0,0.0,100.0,2.0,100.0,0.0,87.0,470839756.0,87.0,11547.0,100.0,0.0,100.0,2.0,,,,,100.0,0.0,100.0,0.0,,,78.0,22.0,,,100.0,163.0,100.0,611.0,22.0,22.0,100.0,0.0,100.0,0.0,200.0,0.0,100.0,11446.0,100.0,58477849176.0,100.0,97544551420.0
2019-09-03,ZCH0C9L2,ST12000NM0007,12000138625024,0,81.0,134876312.0,97.0,0.0,100.0,2.0,100.0,0.0,87.0,472516109.0,87.0,11563.0,100.0,0.0,100.0,2.0,,,,,100.0,0.0,100.0,0.0,,,78.0,22.0,,,100.0,164.0,100.0,612.0,22.0,22.0,100.0,0.0,100.0,0.0,200.0,0.0,100.0,11462.0,100.0,58502959696.0,100.0,97637905852.0
2019-09-04,ZCH0C9L2,ST12000NM0007,12000138625024,0,81.0,137203312.0,97.0,0.0,100.0,2.0,100.0,0.0,87.0,475065087.0,87.0,11594.0,100.0,0.0,100.0,2.0,,,,,100.0,0.0,100.0,0.0,,,78.0,22.0,,,100.0,164.0,100.0,613.0,22.0,22.0,100.0,0.0,100.0,0.0,200.0,0.0,100.0,11493.0,100.0,58561735184.0,100.0,97825598060.0
2019-09-05,ZCH0C9L2,ST12000NM0007,12000138625024,0,77.0,54675784.0,97.0,0.0,100.0,2.0,100.0,0.0,87.0,476608987.0,87.0,11610.0,100.0,0.0,100.0,2.0,,,,,100.0,0.0,100.0,0.0,,,78.0,22.0,,,100.0,164.0,100.0,614.0,22.0,22.0,100.0,0.0,100.0,0.0,200.0,0.0,100.0,11509.0,100.0,58595133288.0,100.0,97953813060.0
2019-09-06,ZCH0C9L2,ST12000NM0007,12000138625024,0,77.0,52455768.0,97.0,0.0,100.0,2.0,100.0,0.0,87.0,482979902.0,87.0,11642.0,100.0,0.0,100.0,2.0,,,,,100.0,0.0,100.0,0.0,,,77.0,23.0,,,100.0,164.0,100.0,615.0,23.0,23.0,100.0,0.0,100.0,0.0,200.0,0.0,100.0,11540.0,100.0,58679144688.0,100.0,98355863164.0
2019-09-07,ZCH0C9L2,ST12000NM0007,12000138625024,0,82.0,147452608.0,97.0,0.0,100.0,2.0,100.0,0.0,87.0,487024194.0,87.0,11657.0,100.0,0.0,100.0,2.0,,,,,100.0,0.0,100.0,0.0,,,78.0,22.0,,,100.0,164.0,100.0,616.0,22.0,22.0,100.0,0.0,100.0,0.0,200.0,0.0,100.0,11556.0,100.0,58745468376.0,100.0,98628677172.0
2019-09-08,ZCH0C9L2,ST12000NM0007,12000138625024,0,80.0,91565336.0,97.0,0.0,100.0,2.0,100.0,0.0,87.0,491336975.0,87.0,11689.0,100.0,0.0,100.0,2.0,,,,,100.0,0.0,100.0,0.0,,,78.0,22.0,,,100.0,165.0,100.0,617.0,22.0,22.0,100.0,0.0,100.0,0.0,200.0,0.0,100.0,11587.0,100.0,58825700272.0,100.0,98980839348.0
2019-09-09,ZCH0C9L2,ST12000NM0007,12000138625024,0,76.0,44419968.0,97.0,0.0,100.0,2.0,100.0,0.0,87.0,493249711.0,87.0,11705.0,100.0,0.0,100.0,2.0,,,,,100.0,0.0,100.0,0.0,,,78.0,22.0,,,100.0,165.0,100.0,618.0,22.0,22.0,100.0,0.0,100.0,0.0,200.0,0.0,100.0,11603.0,100.0,58897315664.0,100.0,99106219220.0
2019-09-10,ZCH0C9L2,ST12000NM0007,12000138625024,0,76.0,38881520.0,97.0,0.0,100.0,2.0,100.0,0.0,87.0,497339047.0,87.0,11736.0,100.0,0.0,100.0,2.0,,,,,100.0,0.0,100.0,0.0,,,78.0,22.0,,,100.0,166.0,100.0,619.0,22.0,22.0,100.0,0.0,100.0,0.0,200.0,0.0,100.0,11635.0,100.0,58959356808.0,100.0,99282780324.0
2019-09-11,ZCH0C9L2,ST12000NM0007,12000138625024,0,83.0,191774976.0,97.0,0.0,100.0,2.0,100.0,0.0,87.0,498976109.0,87.0,11752.0,100.0,0.0,100.0,2.0,,,,,100.0,0.0,100.0,0.0,,,78.0,22.0,,,100.0,167.0,100.0,620.0,22.0,22.0,100.0,0.0,100.0,0.0,200.0,0.0,100.0,11650.0,100.0,58999985104.0,100.0,99395045484.0
2019-09-12,ZCH0C9L2,ST12000NM0007,12000138625024,0,80.0,103888424.0,97.0,0.0,100.0,2.0,100.0,0.0,87.0,503581190.0,87.0,11784.0,100.0,0.0,100.0,2.0,,,,,100.0,0.0,100.0,0.0,,,78.0,22.0,,,100.0,167.0,100.0,621.0,22.0,22.0,100.0,0.0,100.0,0.0,200.0,0.0,100.0,11682.0,100.0,59085908512.0,100.0,99709516956.0
2019-09-13,ZCH0C9L2,ST12000NM0007,12000138625024,0,100.0,1910488.0,97.0,0.0,100.0,2.0,100.0,0.0,87.0,505191266.0,87.0,11799.0,100.0,0.0,100.0,2.0,,,,,100.0,0.0,100.0,0.0,,,78.0,22.0,,,100.0,168.0,100.0,622.0,22.0,22.0,100.0,0.0,100.0,0.0,200.0,0.0,100.0,11697.0,100.0,59120452184.0,100.0,99817136028.0
2019-09-14,ZCH0C9L2,ST12000NM0007,12000138625024,0,79.0,73917832.0,97.0,0.0,100.0,2.0,100.0,0.0,87.0,510400190.0,87.0,11831.0,100.0,0.0,100.0,2.0,,,,,100.0,0.0,100.0,0.0,,,79.0,21.0,,,100.0,168.0,100.0,623.0,21.0,21.0,100.0,0.0,100.0,0.0,200.0,0.0,100.0,11729.0,100.0,59202224664.0,100.0,100051511564.0
2019-09-15,ZCH0C9L2,ST12000NM0007,12000138625024,0,84.0,227330040.0,97.0,0.0,100.0,2.0,100.0,0.0,87.0,512016306.0,87.0,11847.0,100.0,0.0,100.0,2.0,,,,,100.0,0.0,100.0,0.0,,,79.0,21.0,,,100.0,168.0,100.0,624.0,21.0,21.0,100.0,0.0,100.0,0.0,200.0,0.0,100.0,11745.0,100.0,59252991000.0,100.0,100154157436.0
2019-09-16,ZCH0C9L2,ST12000NM0007,12000138625024,0,70.0,9533088.0,97.0,0.0,100.0,2.0,100.0,0.0,87.0,515312341.0,87.0,11879.0,100.0,0.0,100.0,2.0,,,,,100.0,0.0,100.0,0.0,,,79.0,21.0,,,100.0,169.0,100.0,625.0,21.0,21.0,100.0,0.0,100.0,0.0,200.0,0.0,100.0,11776.0,100.0,59312215560.0,100.0,100365417188.0
2019-09-17,ZCH0C9L2,ST12000NM0007,12000138625024,0,81.0,121327944.0,97.0,0.0,100.0,2.0,100.0,0.0,87.0,517489948.0,87.0,11894.0,100.0,0.0,100.0,2.0,,,,,100.0,0.0,100.0,0.0,,,79.0,21.0,,,100.0,169.0,100.0,626.0,21.0,21.0,100.0,0.0,100.0,0.0,200.0,0.0,100.0,11792.0,100.0,59342982888.0,100.0,100446444724.0
2019-09-18,ZCH0C9L2,ST12000NM0007,12000138625024,0,81.0,131331144.0,97.0,0.0,100.0,2.0,100.0,0.0,87.0,520165263.0,87.0,11926.0,100.0,0.0,100.0,2.0,,,,,100.0,0.0,100.0,0.0,,,79.0,21.0,,,100.0,169.0,100.0,627.0,21.0,21.0,100.0,0.0,100.0,0.0,200.0,0.0,100.0,11824.0,100.0,59402696304.0,100.0,100640875292.0
2019-09-19,ZCH0C9L2,ST12000NM0007,12000138625024,0,76.0,35859504.0,97.0,0.0,100.0,2.0,100.0,0.0,87.0,525315573.0,87.0,11958.0,100.0,0.0,100.0,2.0,,,,,100.0,0.0,100.0,0.0,,,78.0,22.0,,,100.0,169.0,100.0,629.0,22.0,22.0,100.0,0.0,100.0,0.0,200.0,0.0,100.0,11855.0,100.0,59478801160.0,100.0,100957580220.0
2019-09-20,ZCH0C9L2,ST12000NM0007,12000138625024,0,83.0,200893728.0,97.0,0.0,100.0,2.0,100.0,0.0,87.0,527491201.0,87.0,11973.0,100.0,0.0,100.0,2.0,,,,,100.0,0.0,100.0,0.0,,,79.0,21.0,,,100.0,169.0,100.0,629.0,21.0,21.0,100.0,0.0,100.0,0.0,200.0,0.0,100.0,11871.0,100.0,59522227624.0,100.0,101079187980.0
2019-09-21,ZCH0C9L2,ST12000NM0007,12000138625024,0,76.0,36487400.0,97.0,0.0,100.0,2.0,100.0,0.0,87.0,532084771.0,87.0,12005.0,100.0,0.0,100.0,2.0,,,,,100.0,0.0,100.0,0.0,,,78.0,22.0,,,100.0,169.0,100.0,630.0,22.0,22.0,100.0,0.0,100.0,0.0,200.0,0.0,100.0,11902.0,100.0,59579152960.0,100.0,101346137788.0
2019-09-22,ZCH0C9L2,ST12000NM0007,12000138625024,0,82.0,172718624.0,97.0,0.0,100.0,2.0,100.0,0.0,87.0,533771997.0,87.0,12021.0,100.0,0.0,100.0,2.0,,,,,100.0,0.0,100.0,0.0,,,79.0,21.0,,,100.0,169.0,100.0,631.0,21.0,21.0,100.0,0.0,100.0,0.0,200.0,0.0,100.0,11918.0,100.0,59632965024.0,100.0,101428556948.0
2019-09-23,ZCH0C9L2,ST12000NM0007,12000138625024,0,83.0,184257992.0,97.0,0.0,100.0,2.0,100.0,0.0,87.0,537832581.0,87.0,12052.0,100.0,0.0,100.0,2.0,,,,,100.0,0.0,100.0,0.0,,,79.0,21.0,,,100.0,169.0,100.0,632.0,21.0,21.0,100.0,0.0,100.0,0.0,200.0,0.0,100.0,11950.0,100.0,59691905080.0,100.0,101625297124.0
2019-09-24,ZCH0C9L2,ST12000NM0007,12000138625024,0,78.0,56795896.0,97.0,0.0,100.0,2.0,100.0,0.0,87.0,539053733.0,87.0,12068.0,100.0,0.0,100.0,2.0,,,,,100.0,0.0,100.0,0.0,,,79.0,21.0,,,100.0,170.0,100.0,633.0,21.0,21.0,100.0,0.0,100.0,0.0,200.0,0.0,100.0,11965.0,100.0,59716210680.0,100.0,101717670156.0
2019-09-25,ZCH0C9L2,ST12000NM0007,12000138625024,0,82.0,175631472.0,97.0,0.0,100.0,2.0,100.0,0.0,87.0,540337333.0,87.0,12084.0,100.0,0.0,100.0,2.0,,,,,100.0,0.0,100.0,0.0,,,79.0,21.0,,,100.0,170.0,100.0,634.0,21.0,21.0,100.0,0.0,100.0,0.0,200.0,0.0,100.0,11981.0,100.0,59734092072.0,100.0,101818624340.0
2019-09-26,ZCH0C9L2,ST12000NM0007,12000138625024,0,81.0,134419440.0,97.0,0.0,100.0,2.0,100.0,0.0,87.0,548552091.0,87.0,12115.0,100.0,0.0,100.0,2.0,,,,,100.0,0.0,100.0,0.0,,,77.0,23.0,,,100.0,170.0,100.0,635.0,23.0,23.0,100.0,0.0,100.0,0.0,200.0,0.0,100.0,12012.0,100.0,59758986504.0,100.0,103217362396.0
2019-09-27,ZCH0C9L2,ST12000NM0007,12000138625024,0,81.0,134470624.0,97.0,0.0,100.0,2.0,100.0,0.0,87.0,553003011.0,87.0,12131.0,100.0,0.0,100.0,2.0,,,,,100.0,0.0,100.0,0.0,,,77.0,23.0,,,100.0,170.0,100.0,636.0,23.0,23.0,100.0,0.0,100.0,0.0,200.0,0.0,100.0,12028.0,100.0,59772030128.0,100.0,104180933196.0
2019-09-28,ZCH0C9L2,ST12000NM0007,12000138625024,0,73.0,20610008.0,97.0,0.0,100.0,2.0,100.0,0.0,87.0,562069085.0,87.0,12163.0,100.0,0.0,100.0,2.0,,,,,100.0,0.0,100.0,0.0,,,77.0,23.0,,,100.0,170.0,100.0,637.0,23.0,23.0,100.0,0.0,100.0,0.0,200.0,0.0,100.0,12060.0,100.0,59795736400.0,100.0,105508210964.0
2019-09-29,ZCH0C9L2,ST12000NM0007,12000138625024,0,78.0,63519176.0,97.0,0.0,100.0,2.0,100.0,0.0,88.0,567256559.0,87.0,12179.0,100.0,0.0,100.0,2.0,,,,,100.0,0.0,100.0,0.0,,,78.0,22.0,,,100.0,170.0,100.0,638.0,22.0,22.0,100.0,0.0,100.0,0.0,200.0,0.0,100.0,12075.0,100.0,59804556400.0,100.0,106030581500.0
2019-09-30,ZCH0C9L2,ST12000NM0007,12000138625024,0,76.0,40923936.0,97.0,0.0,100.0,2.0,100.0,0.0,88.0,578507192.0,87.0,12210.0,100.0,0.0,100.0,2.0,,,,,100.0,0.0,100.0,0.0,,,78.0,22.0,,,100.0,170.0,100.0,639.0,22.0,22.0,100.0,0.0,100.0,0.0,200.0,0.0,100.0,12107.0,100.0,59831246448.0,100.0,107202000068.0
2019-10-01,ZCH0C9L2,ST12000NM0007,12000138625024,0,80.0,106770144.0,97.0,0.0,100.0,2.0,100.0,0.0,88.0,583409197.0,87.0,12226.0,100.0,0.0,100.0,2.0,,,,,100.0,0.0,100.0,0.0,,,78.0,22.0,,,100.0,170.0,100.0,640.0,22.0,22.0,100.0,0.0,100.0,0.0,200.0,0.0,100.0,12123.0,100.0,59840850944.0,100.0,107746523180.0
2019-10-02,ZCH0C9L2,ST12000NM0007,12000138625024,0,72.0,17624440.0,97.0,0.0,100.0,2.0,100.0,0.0,88.0,593848661.0,87.0,12258.0,100.0,0.0,100.0,2.0,,,,,100.0,0.0,100.0,0.0,,,77.0,23.0,,,100.0,170.0,100.0,641.0,23.0,23.0,100.0,0.0,100.0,0.0,200.0,0.0,100.0,12154.0,100.0,59857763496.0,100.0,108861168564.0
2019-10-03,ZCH0C9L2,ST12000NM0007,12000138625024,0,81.0,140076304.0,97.0,0.0,100.0,2.0,100.0,0.0,88.0,602473608.0,86.0,12290.0,100.0,0.0,100.0,2.0,,,,,100.0,0.0,100.0,0.0,,,78.0,22.0,,,100.0,170.0,100.0,642.0,22.0,22.0,100.0,0.0,100.0,0.0,200.0,0.0,100.0,12186.0,100.0,59899877352.0,100.0,110406351460.0
2019-10-04,ZCH0C9L2,ST12000NM0007,12000138625024,0,79.0,85202576.0,97.0,0.0,100.0,2.0,100.0,0.0,88.0,608252875.0,86.0,12305.0,100.0,0.0,100.0,2.0,,,,,100.0,0.0,100.0,0.0,,,78.0,22.0,,,100.0,170.0,100.0,643.0,22.0,22.0,100.0,0.0,100.0,0.0,200.0,0.0,100.0,12201.0,100.0,59909595304.0,100.0,111806605020.0
2019-10-05,ZCH0C9L2,ST12000NM0007,12000138625024,0,81.0,140662424.0,97.0,0.0,100.0,2.0,100.0,0.0,88.0,612948796.0,86.0,12321.0,100.0,0.0,100.0,2.0,,,,,100.0,0.0,100.0,0.0,,,77.0,23.0,,,100.0,170.0,100.0,644.0,23.0,23.0,100.0,0.0,100.0,0.0,200.0,0.0,100.0,12217.0,100.0,59927503848.0,100.0,113064860204.0
2019-10-06,ZCH0C9L2,ST12000NM0007,12000138625024,0,83.0,217233840.0,97.0,0.0,100.0,2.0,100.0,0.0,88.0,623941956.0,86.0,12353.0,100.0,0.0,100.0,2.0,,,,,100.0,0.0,100.0,0.0,,,77.0,23.0,,,100.0,170.0,100.0,645.0,23.0,23.0,100.0,0.0,100.0,0.0,200.0,0.0,100.0,12248.0,100.0,59946694352.0,100.0,115319508012.0
2019-10-07,ZCH0C9L2,ST12000NM0007,12000138625024,0,83.0,180902160.0,97.0,0.0,100.0,2.0,100.0,0.0,88.0,635071538.0,86.0,12384.0,100.0,0.0,100.0,2.0,,,,,100.0,0.0,100.0,0.0,,,77.0,23.0,,,100.0,170.0,100.0,646.0,23.0,23.0,100.0,0.0,100.0,0.0,200.0,0.0,100.0,12280.0,100.0,59962610720.0,100.0,116976244748.0
2019-10-08,ZCH0C9L2,ST12000NM0007,12000138625024,0,82.0,155555248.0,97.0,0.0,100.0,2.0,100.0,0.0,88.0,640495401.0,86.0,12400.0,100.0,0.0,100.0,2.0,,,,,100.0,0.0,100.0,0.0,,,77.0,23.0,,,100.0,170.0,100.0,647.0,23.0,23.0,100.0,0.0,100.0,0.0,200.0,0.0,100.0,12295.0,100.0,59968651544.0,100.0,117677279084.0
2019-10-09,ZCH0C9L2,ST12000NM0007,12000138625024,0,80.0,100340576.0,97.0,0.0,100.0,2.0,100.0,0.0,88.0,651556032.0,86.0,12432.0,100.0,0.0,100.0,2.0,,,,,100.0,0.0,100.0,0.0,,,77.0,23.0,,,100.0,170.0,100.0,648.0,23.0,23.0,100.0,0.0,100.0,0.0,200.0,0.0,100.0,12327.0,100.0,59980682312.0,100.0,119074878108.0
2019-10-10,ZCH0C9L2,ST12000NM0007,12000138625024,0,81.0,125680912.0,97.0,0.0,100.0,2.0,100.0,0.0,88.0,656453713.0,86.0,12448.0,100.0,0.0,100.0,2.0,,,,,100.0,0.0,100.0,0.0,,,77.0,23.0,,,100.0,170.0,100.0,649.0,23.0,23.0,100.0,0.0,100.0,0.0,200.0,0.0,100.0,12343.0,100.0,59986235952.0,100.0,119827087012.0
2019-10-11,ZCH0C9L2,ST12000NM0007,12000138625024,0,80.0,103001808.0,97.0,0.0,100.0,2.0,100.0,0.0,88.0,666266802.0,86.0,12479.0,100.0,0.0,100.0,2.0,,,,,100.0,0.0,100.0,0.0,,,77.0,23.0,,,100.0,170.0,100.0,651.0,23.0,23.0,100.0,0.0,100.0,0.0,200.0,0.0,100.0,12374.0,100.0,60012055528.0,100.0,121243433156.0
2019-10-12,ZCH0C9L2,ST12000NM0007,12000138625024,0,77.0,46495904.0,97.0,0.0,100.0,2.0,100.0,0.0,88.0,671983338.0,86.0,12495.0,100.0,0.0,100.0,2.0,,,,,100.0,0.0,100.0,0.0,,,77.0,23.0,,,100.0,170.0,100.0,651.0,23.0,23.0,100.0,0.0,100.0,0.0,200.0,0.0,100.0,12390.0,100.0,60019886408.0,100.0,122155659420.0
2019-10-13,ZCH0C9L2,ST12000NM0007,12000138625024,0,78.0,66630176.0,97.0,0.0,100.0,2.0,100.0,0.0,88.0,682545161.0,86.0,12527.0,100.0,0.0,100.0,2.0,,,,,100.0,0.0,100.0,0.0,,,79.0,21.0,,,100.0,172.0,100.0,653.0,21.0,21.0,100.0,0.0,100.0,0.0,200.0,0.0,100.0,12421.0,100.0,60040735600.0,100.0,123619789300.0
2019-10-14,ZCH0C9L2,ST12000NM0007,12000138625024,0,84.0,235615992.0,97.0,0.0,100.0,2.0,100.0,0.0,88.0,687042675.0,86.0,12542.0,100.0,0.0,100.0,2.0,,,,,100.0,0.0,100.0,0.0,,,78.0,22.0,,,100.0,172.0,100.0,653.0,22.0,22.0,100.0,0.0,100.0,0.0,200.0,0.0,100.0,12437.0,100.0,60054240192.0,100.0,124263552284.0
2019-10-15,ZCH0C9L2,ST12000NM0007,12000138625024,0,81.0,136055392.0,97.0,0.0,100.0,2.0,100.0,0.0,88.0,695922294.0,86.0,12606.0,100.0,0.0,100.0,2.0,,,,,100.0,0.0,100.0,0.0,,,79.0,21.0,,,100.0,174.0,100.0,656.0,21.0,21.0,100.0,0.0,100.0,0.0,200.0,0.0,100.0,12500.0,100.0,60212574720.0,100.0,124982220108.0
2019-10-16,ZCH0C9L2,ST12000NM0007,12000138625024,0,81.0,136055392.0,97.0,0.0,100.0,2.0,100.0,0.0,88.0,695922294.0,86.0,12606.0,100.0,0.0,100.0,2.0,,,,,100.0,0.0,100.0,0.0,,,79.0,21.0,,,100.0,174.0,100.0,656.0,21.0,21.0,100.0,0.0,100.0,0.0,200.0,0.0,100.0,12500.0,100.0,60212574720.0,100.0,124982220108.0
2019-10-17,ZCH0C9L2,ST12000NM0007,12000138625024,0,68.0,5707608.0,97.0,0.0,100.0,2.0,100.0,0.0,88.0,697453820.0,86.0,12621.0,100.0,0.0,100.0,2.0,,,,,100.0,0.0,100.0,0.0,,,79.0,21.0,,,100.0,175.0,100.0,657.0,21.0,21.0,100.0,0.0,100.0,0.0,200.0,0.0,100.0,12515.0,100.0,60245011784.0,100.0,125063576164.0
2019-10-18,ZCH0C9L2,ST12000NM0007,12000138625024,0,83.0,190241368.0,97.0,0.0,100.0,2.0,100.0,0.0,88.0,700611017.0,86.0,12653.0,100.0,0.0,100.0,2.0,,,,,100.0,0.0,100.0,0.0,,,79.0,21.0,,,100.0,176.0,100.0,658.0,21.0,21.0,100.0,0.0,100.0,0.0,200.0,0.0,100.0,12546.0,100.0,60306814624.0,100.0,125186307084.0
2019-10-19,ZCH0C9L2,ST12000NM0007,12000138625024,0,77.0,52567216.0,97.0,0.0,100.0,2.0,100.0,0.0,88.0,703326551.0,86.0,12668.0,100.0,0.0,100.0,2.0,,,,,100.0,0.0,100.0,0.0,,,80.0,20.0,,,100.0,177.0,100.0,659.0,20.0,20.0,100.0,0.0,100.0,0.0,200.0,0.0,100.0,12562.0,100.0,60331064944.0,100.0,125268523460.0
2019-10-20,ZCH0C9L2,ST12000NM0007,12000138625024,0,74.0,27976280.0,97.0,0.0,100.0,2.0,100.0,0.0,89.0,708183820.0,86.0,12700.0,100.0,0.0,100.0,2.0,,,,,100.0,0.0,100.0,0.0,,,79.0,21.0,,,100.0,178.0,100.0,660.0,21.0,21.0,100.0,0.0,100.0,0.0,200.0,0.0,100.0,12593.0,100.0,60377729152.0,100.0,125441408948.0
2019-10-21,ZCH0C9L2,ST12000NM0007,12000138625024,0,82.0,153891472.0,97.0,0.0,100.0,2.0,100.0,0.0,89.0,710293380.0,86.0,12716.0,100.0,0.0,100.0,2.0,,,,,100.0,0.0,100.0,0.0,,,79.0,21.0,,,100.0,178.0,100.0,660.0,21.0,21.0,100.0,0.0,100.0,0.0,200.0,0.0,100.0,12609.0,100.0,60406057088.0,100.0,125538996204.0
2019-10-22,ZCH0C9L2,ST12000NM0007,12000138625024,0,78.0,66831112.0,97.0,0.0,100.0,2.0,100.0,0.0,89.0,713587125.0,86.0,12747.0,100.0,0.0,100.0,2.0,,,,,100.0,0.0,100.0,0.0,,,79.0,21.0,,,100.0,179.0,100.0,662.0,21.0,21.0,100.0,0.0,100.0,0.0,200.0,0.0,100.0,12641.0,100.0,60461586424.0,100.0,125640547372.0
2019-10-23,ZCH0C9L2,ST12000NM0007,12000138625024,0,81.0,135954728.0,97.0,0.0,100.0,2.0,100.0,0.0,89.0,714550299.0,86.0,12763.0,100.0,0.0,100.0,2.0,,,,,100.0,0.0,100.0,0.0,,,79.0,21.0,,,100.0,179.0,100.0,662.0,21.0,21.0,100.0,0.0,100.0,0.0,200.0,0.0,100.0,12656.0,100.0,60480080360.0,100.0,125691177052.0
2019-10-24,ZCH0C9L2,ST12000NM0007,12000138625024,0,79.0,81976200.0,97.0,0.0,100.0,2.0,100.0,0.0,89.0,717309584.0,86.0,12795.0,100.0,0.0,100.0,2.0,,,,,100.0,0.0,100.0,0.0,,,80.0,20.0,,,100.0,179.0,100.0,665.0,20.0,20.0,100.0,0.0,100.0,0.0,200.0,0.0,100.0,12688.0,100.0,60530605176.0,100.0,125830814404.0
2019-10-25,ZCH0C9L2,ST12000NM0007,12000138625024,0,82.0,160655034.0,97.0,0.0,100.0,2.0,100.0,0.0,89.0,718480137.0,86.0,12811.0,100.0,0.0,100.0,2.0,,,,,100.0,0.0,100.0,0.0,,,80.0,20.0,,,100.0,179.0,100.0,667.0,20.0,20.0,100.0,0.0,100.0,0.0,200.0,0.0,100.0,12703.0,100.0,60548155400.0,100.0,125891943014.0
2019-10-26,ZCH0C9L2,ST12000NM0007,12000138625024,0,79.0,88790592.0,97.0,0.0,100.0,2.0,100.0,0.0,89.0,722007938.0,86.0,12842.0,100.0,0.0,100.0,2.0,,,,,100.0,0.0,100.0,0.0,,,80.0,20.0,,,100.0,180.0,100.0,668.0,20.0,20.0,100.0,0.0,100.0,0.0,200.0,0.0,100.0,12735.0,100.0,60587533288.0,100.0,126024841310.0
2019-10-27,ZCH0C9L2,ST12000NM0007,12000138625024,0,82.0,167564392.0,97.0,0.0,100.0,2.0,100.0,0.0,89.0,723020121.0,86.0,12858.0,100.0,0.0,100.0,2.0,,,,,100.0,0.0,100.0,0.0,,,79.0,21.0,,,100.0,180.0,100.0,668.0,21.0,21.0,100.0,0.0,100.0,0.0,200.0,0.0,100.0,12750.0,100.0,60613323784.0,100.0,126077824614.0
2019-10-28,ZCH0C9L2,ST12000NM0007,12000138625024,0,80.0,107990128.0,97.0,0.0,100.0,2.0,100.0,0.0,89.0,726572936.0,86.0,12890.0,100.0,0.0,100.0,2.0,,,,,100.0,0.0,100.0,0.0,,,79.0,21.0,,,100.0,182.0,100.0,670.0,21.0,21.0,100.0,0.0,100.0,0.0,200.0,0.0,100.0,12782.0,100.0,60652864704.0,100.0,126222850078.0
2019-10-29,ZCH0C9L2,ST12000NM0007,12000138625024,0,82.0,174335048.0,97.0,0.0,100.0,2.0,100.0,0.0,89.0,727535281.0,86.0,12905.0,100.0,0.0,100.0,2.0,,,,,100.0,0.0,100.0,0.0,,,80.0,20.0,,,100.0,182.0,100.0,670.0,20.0,20.0,100.0,0.0,100.0,0.0,200.0,0.0,100.0,12798.0,100.0,60671075128.0,100.0,126270984574.0
2019-10-30,ZCH0C9L2,ST12000NM0007,12000138625024,0,79.0,86732144.0,97.0,0.0,100.0,2.0,100.0,0.0,89.0,729645381.0,86.0,12937.0,100.0,0.0,100.0,2.0,,,,,100.0,0.0,100.0,0.0,,,78.0,22.0,,,100.0,183.0,100.0,672.0,22.0,22.0,100.0,0.0,100.0,0.0,200.0,0.0,100.0,12829.0,100.0,60720032376.0,100.0,126378565478.0
2019-10-31,ZCH0C9L2,ST12000NM0007,12000138625024,0,82.0,172303208.0,97.0,0.0,100.0,2.0,100.0,0.0,89.0,730737080.0,86.0,12953.0,100.0,0.0,100.0,2.0,,,,,100.0,0.0,100.0,0.0,,,78.0,22.0,,,100.0,183.0,100.0,672.0,22.0,22.0,100.0,0.0,100.0,0.0,200.0,0.0,100.0,12845.0,100.0,60741007864.0,100.0,126443161054.0
2019-11-01,ZCH0C9L2,ST12000NM0007,12000138625024,0,83.0,209780288.0,97.0,0.0,100.0,2.0,100.0,0.0,89.0,733310500.0,86.0,12984.0,100.0,0.0,100.0,2.0,,,,,100.0,0.0,100.0,0.0,,,78.0,22.0,,,100.0,184.0,100.0,674.0,22.0,22.0,100.0,0.0,100.0,0.0,200.0,0.0,100.0,12876.0,100.0,60763900536.0,100.0,126701886214.0
2019-11-02,ZCH0C9L2,ST12000NM0007,12000138625024,0,81.0,114913424.0,97.0,0.0,100.0,2.0,100.0,0.0,89.0,736131414.0,86.0,13000.0,100.0,0.0,100.0,2.0,,,,,100.0,0.0,100.0,0.0,,,78.0,22.0,,,100.0,184.0,100.0,674.0,22.0,22.0,100.0,0.0,100.0,0.0,200.0,0.0,100.0,12892.0,100.0,60774455648.0,100.0,126840605174.0
2019-11-03,ZCH0C9L2,ST12000NM0007,12000138625024,0,80.0,107806624.0,97.0,0.0,100.0,2.0,100.0,0.0,89.0,738347278.0,86.0,13031.0,100.0,0.0,100.0,2.0,,,,,100.0,0.0,100.0,0.0,,,78.0,22.0,,,100.0,185.0,100.0,676.0,22.0,22.0,100.0,0.0,100.0,0.0,200.0,0.0,100.0,12923.0,100.0,60799666640.0,100.0,127052428014.0
2019-11-04,ZCH0C9L2,ST12000NM0007,12000138625024,0,84.0,240889064.0,97.0,0.0,100.0,2.0,100.0,0.0,89.0,739496280.0,86.0,13047.0,100.0,0.0,100.0,2.0,,,,,100.0,0.0,100.0,0.0,,,78.0,22.0,,,100.0,185.0,100.0,676.0,22.0,22.0,100.0,0.0,100.0,0.0,200.0,0.0,100.0,12939.0,100.0,60813781472.0,100.0,127171395622.0
2019-11-06,ZCH0C9L2,ST12000NM0007,12000138625024,0,82.0,141455672.0,97.0,0.0,100.0,2.0,100.0,0.0,89.0,746143062.0,86.0,13095.0,100.0,0.0,100.0,2.0,,,,,100.0,0.0,100.0,0.0,,,78.0,22.0,,,100.0,187.0,100.0,678.0,22.0,22.0,100.0,0.0,100.0,0.0,200.0,0.0,100.0,12986.0,100.0,60863024160.0,100.0,127511000846.0
2019-11-07,ZCH0C9L2,ST12000NM0007,12000138625024,0,81.0,125208000.0,97.0,0.0,100.0,2.0,100.0,0.0,89.0,748334333.0,86.0,13126.0,100.0,0.0,100.0,2.0,,,,,100.0,0.0,100.0,0.0,,,79.0,21.0,,,100.0,188.0,100.0,680.0,21.0,21.0,100.0,0.0,100.0,0.0,200.0,0.0,100.0,13018.0,100.0,60888034024.0,100.0,127713884110.0
2019-11-08,ZCH0C9L2,ST12000NM0007,12000138625024,0,84.0,239969552.0,97.0,0.0,100.0,2.0,100.0,0.0,89.0,749388373.0,85.0,13142.0,100.0,0.0,100.0,2.0,,,,,100.0,0.0,100.0,0.0,,,79.0,21.0,,,100.0,188.0,100.0,680.0,21.0,21.0,100.0,0.0,100.0,0.0,200.0,0.0,100.0,13033.0,100.0,60900795032.0,100.0,127815884654.0
2019-11-09,ZCH0C9L2,ST12000NM0007,12000138625024,0,69.0,7181512.0,97.0,0.0,100.0,2.0,100.0,0.0,89.0,753123353.0,85.0,13173.0,100.0,0.0,100.0,2.0,,,,,100.0,0.0,100.0,0.0,,,79.0,21.0,,,100.0,189.0,100.0,682.0,21.0,21.0,100.0,0.0,100.0,0.0,200.0,0.0,100.0,13064.0,100.0,60932369928.0,100.0,128039803110.0
2019-11-10,ZCH0C9L2,ST12000NM0007,12000138625024,0,82.0,144565076.0,96.0,0.0,100.0,3.0,100.0,0.0,89.0,754270121.0,85.0,13189.0,100.0,0.0,100.0,3.0,,,,,100.0,0.0,100.0,0.0,,,76.0,24.0,,,100.0,189.0,100.0,685.0,24.0,24.0,100.0,0.0,100.0,0.0,200.0,0.0,100.0,13080.0,100.0,60945677600.0,100.0,128163879002.0
2019-11-11,ZCH0C9L2,ST12000NM0007,12000138625024,0,81.0,140829456.0,96.0,0.0,100.0,3.0,100.0,0.0,89.0,757333339.0,85.0,13221.0,100.0,0.0,100.0,3.0,,,,,100.0,0.0,100.0,0.0,,,75.0,25.0,,,100.0,189.0,100.0,686.0,25.0,25.0,100.0,0.0,100.0,0.0,200.0,0.0,100.0,13112.0,100.0,60981804416.0,100.0,128368157282.0
2019-11-12,ZCH0C9L2,ST12000NM0007,12000138625024,0,82.0,143661620.0,94.0,0.0,100.0,4.0,100.0,0.0,89.0,760164865.0,85.0,13252.0,100.0,0.0,100.0,4.0,,,,,100.0,0.0,100.0,0.0,,,78.0,22.0,,,100.0,191.0,100.0,690.0,22.0,22.0,100.0,0.0,100.0,0.0,200.0,0.0,100.0,13143.0,100.0,61019572392.0,100.0,128577362166.0
2019-11-13,ZCH0C9L2,ST12000NM0007,12000138625024,0,75.0,33457700.0,93.0,0.0,100.0,5.0,100.0,0.0,89.0,761398075.0,85.0,13268.0,100.0,0.0,100.0,5.0,,,,,100.0,0.0,100.0,0.0,,,71.0,29.0,,,100.0,191.0,100.0,693.0,29.0,29.0,100.0,0.0,100.0,0.0,200.0,0.0,100.0,13158.0,100.0,61042550632.0,100.0,128688320794.0
2019-11-14,ZCH0C9L2,ST12000NM0007,12000138625024,0,82.0,163993788.0,93.0,0.0,100.0,5.0,100.0,0.0,89.0,762593200.0,85.0,13284.0,100.0,0.0,100.0,5.0,,,,,100.0,0.0,100.0,0.0,,,72.0,28.0,,,100.0,191.0,100.0,693.0,28.0,28.0,100.0,0.0,100.0,0.0,200.0,0.0,100.0,13174.0,100.0,61069144120.0,100.0,128792263394.0
2019-11-15,ZCH0C9L2,ST12000NM0007,12000138625024,0,83.0,186843804.0,92.0,0.0,100.0,6.0,100.0,0.0,89.0,765379614.0,85.0,13316.0,100.0,0.0,100.0,6.0,,,,,100.0,0.0,100.0,0.0,,,74.0,26.0,,,100.0,191.0,100.0,697.0,26.0,26.0,100.0,0.0,100.0,0.0,200.0,0.0,100.0,13206.0,100.0,61118248272.0,100.0,129010150094.0
2019-11-16,ZCH0C9L2,ST12000NM0007,12000138625024,0,80.0,109317512.0,92.0,0.0,100.0,6.0,100.0,0.0,89.0,767969040.0,85.0,13331.0,100.0,0.0,100.0,6.0,,,,,100.0,0.0,100.0,0.0,,,76.0,24.0,,,100.0,191.0,100.0,698.0,24.0,24.0,100.0,0.0,100.0,0.0,200.0,0.0,100.0,13221.0,100.0,61138762208.0,100.0,129156250742.0
2019-11-17,ZCH0C9L2,ST12000NM0007,12000138625024,0,81.0,126788720.0,92.0,0.0,100.0,6.0,100.0,0.0,89.0,770474622.0,85.0,13363.0,100.0,0.0,100.0,6.0,,,,,100.0,0.0,100.0,0.0,,,74.0,26.0,,,100.0,191.0,100.0,699.0,26.0,26.0,100.0,0.0,100.0,0.0,200.0,0.0,100.0,13253.0,100.0,61183941160.0,100.0,129372683662.0
2019-11-18,ZCH0C9L2,ST12000NM0007,12000138625024,0,84.0,236065488.0,92.0,0.0,100.0,6.0,100.0,0.0,89.0,771429820.0,85.0,13379.0,100.0,0.0,100.0,6.0,,,,,100.0,0.0,100.0,0.0,,,76.0,24.0,,,100.0,191.0,100.0,700.0,24.0,24.0,100.0,0.0,100.0,0.0,200.0,0.0,100.0,13269.0,100.0,61193654000.0,100.0,129472247590.0
2019-11-19,ZCH0C9L2,ST12000NM0007,12000138625024,0,84.0,235087960.0,92.0,0.0,100.0,6.0,100.0,0.0,89.0,774780260.0,85.0,13410.0,100.0,0.0,100.0,6.0,,,,,100.0,0.0,100.0,0.0,,,75.0,25.0,,,100.0,192.0,100.0,701.0,25.0,25.0,100.0,0.0,100.0,0.0,200.0,0.0,100.0,13300.0,100.0,61228678152.0,100.0,129680386694.0
2019-11-20,ZCH0C9L2,ST12000NM0007,12000138625024,0,81.0,136793528.0,92.0,0.0,100.0,6.0,100.0,0.0,89.0,775899915.0,85.0,13426.0,100.0,0.0,100.0,6.0,,,,,100.0,0.0,100.0,0.0,,,77.0,23.0,,,100.0,192.0,100.0,702.0,23.0,23.0,100.0,0.0,100.0,0.0,200.0,0.0,100.0,13316.0,100.0,61260989552.0,100.0,129793921494.0
2019-11-21,ZCH0C9L2,ST12000NM0007,12000138625024,0,83.0,186454600.0,92.0,0.0,100.0,6.0,100.0,0.0,89.0,778136096.0,85.0,13458.0,100.0,0.0,100.0,6.0,,,,,100.0,0.0,100.0,0.0,,,75.0,25.0,,,100.0,193.0,100.0,704.0,25.0,25.0,100.0,0.0,100.0,0.0,200.0,0.0,100.0,13347.0,100.0,61314914848.0,100.0,130033797942.0
2019-11-22,ZCH0C9L2,ST12000NM0007,12000138625024,0,80.0,107404040.0,92.0,0.0,100.0,6.0,100.0,0.0,89.0,779041340.0,85.0,13474.0,100.0,0.0,100.0,6.0,,,,,100.0,0.0,100.0,0.0,,,77.0,23.0,,,100.0,194.0,100.0,705.0,23.0,23.0,100.0,0.0,100.0,0.0,200.0,0.0,100.0,13363.0,100.0,61343299144.0,100.0,130170504198.0
2019-11-23,ZCH0C9L2,ST12000NM0007,12000138625024,0,80.0,94150048.0,92.0,0.0,100.0,6.0,100.0,0.0,89.0,781728804.0,85.0,13505.0,100.0,0.0,100.0,6.0,,,,,100.0,0.0,100.0,0.0,,,77.0,23.0,,,100.0,195.0,100.0,706.0,23.0,23.0,100.0,0.0,100.0,0.0,200.0,0.0,100.0,13394.0,100.0,61355611848.0,100.0,130389078590.0
2019-11-24,ZCH0C9L2,ST12000NM0007,12000138625024,0,76.0,42492496.0,92.0,0.0,100.0,6.0,100.0,0.0,89.0,782722269.0,85.0,13536.0,100.0,0.0,100.0,6.0,,,,,100.0,0.0,100.0,0.0,,,76.0,24.0,,,100.0,196.0,100.0,707.0,24.0,24.0,100.0,0.0,100.0,0.0,200.0,0.0,100.0,13426.0,100.0,61355882240.0,100.0,130581291462.0
2019-11-25,ZCH0C9L2,ST12000NM0007,12000138625024,0,82.0,153090000.0,92.0,0.0,100.0,6.0,100.0,0.0,89.0,783330936.0,85.0,13552.0,100.0,0.0,100.0,6.0,,,,,100.0,0.0,100.0,0.0,,,76.0,24.0,,,100.0,197.0,100.0,708.0,24.0,24.0,100.0,0.0,100.0,0.0,200.0,0.0,100.0,13441.0,100.0,61356011656.0,100.0,130691759550.0
2019-11-26,ZCH0C9L2,ST12000NM0007,12000138625024,0,79.0,77390000.0,92.0,0.0,100.0,6.0,100.0,0.0,89.0,785544778.0,85.0,13584.0,100.0,0.0,100.0,6.0,,,,,100.0,0.0,100.0,0.0,,,77.0,23.0,,,100.0,198.0,100.0,709.0,23.0,23.0,100.0,0.0,100.0,0.0,200.0,0.0,100.0,13473.0,100.0,61356237904.0,100.0,130859974086.0
2019-11-27,ZCH0C9L2,ST12000NM0007,12000138625024,0,83.0,178285888.0,92.0,0.0,100.0,6.0,100.0,0.0,89.0,786063372.0,85.0,13600.0,100.0,0.0,100.0,6.0,,,,,100.0,0.0,100.0,0.0,,,77.0,23.0,,,100.0,199.0,100.0,710.0,23.0,23.0,100.0,0.0,100.0,0.0,200.0,0.0,100.0,13489.0,100.0,61356375776.0,100.0,130960732102.0
2019-11-28,ZCH0C9L2,ST12000NM0007,12000138625024,0,82.0,142241992.0,92.0,0.0,100.0,6.0,100.0,0.0,89.0,787101483.0,85.0,13631.0,100.0,0.0,100.0,6.0,,,,,100.0,0.0,100.0,0.0,,,75.0,25.0,,,100.0,200.0,100.0,711.0,25.0,25.0,100.0,0.0,100.0,0.0,200.0,0.0,100.0,13520.0,100.0,61356659600.0,100.0,131168545094.0
2019-11-29,ZCH0C9L2,ST12000NM0007,12000138625024,0,84.0,234318880.0,92.0,0.0,100.0,6.0,100.0,0.0,89.0,787568950.0,85.0,13647.0,100.0,0.0,100.0,6.0,,,,,100.0,0.0,100.0,0.0,,,77.0,23.0,,,100.0,201.0,100.0,712.0,23.0,23.0,100.0,0.0,100.0,0.0,200.0,0.0,100.0,13536.0,100.0,61356798392.0,100.0,131260483190.0
2019-11-30,ZCH0C9L2,ST12000NM0007,12000138625024,0,83.0,216440232.0,92.0,0.0,100.0,6.0,100.0,0.0,89.0,790093582.0,85.0,13678.0,100.0,0.0,100.0,6.0,,,,,100.0,0.0,100.0,0.0,,,77.0,23.0,,,100.0,201.0,100.0,713.0,23.0,23.0,100.0,0.0,100.0,0.0,200.0,0.0,100.0,13567.0,100.0,61357065112.0,100.0,131486478734.0
2019-12-01,ZCH0C9L2,ST12000NM0007,12000138625024,0,78.0,68780040.0,92.0,0.0,100.0,6.0,100.0,0.0,89.0,790604231.0,85.0,13694.0,100.0,0.0,100.0,6.0,,,,,100.0,0.0,100.0,0.0,,,77.0,23.0,,,100.0,201.0,100.0,714.0,23.0,23.0,100.0,0.0,100.0,0.0,200.0,0.0,100.0,13582.0,100.0,61357201648.0,100.0,131582822726.0
2019-12-02,ZCH0C9L2,ST12000NM0007,-1,0,,,,,,,,,,,,,,,,,,,,,,,,,,,,,,,,,,,,,,,,,,,,,,,,
2019-12-03,ZCH0C9L2,ST12000NM0007,12000138625024,0,82.0,147124634.0,89.0,0.0,100.0,8.0,100.0,0.0,89.0,792998480.0,85.0,13748.0,100.0,0.0,100.0,8.0,,,,,100.0,0.0,100.0,0.0,,,76.0,24.0,,,100.0,201.0,100.0,725.0,24.0,24.0,100.0,0.0,100.0,0.0,200.0,0.0,100.0,13636.0,100.0,61357632296.0,100.0,131904877298.0
2019-12-04,ZCH0C9L2,ST12000NM0007,12000138625024,0,80.0,93125768.0,89.0,0.0,100.0,8.0,100.0,0.0,89.0,794195362.0,85.0,13780.0,100.0,0.0,100.0,8.0,,,,,100.0,0.0,100.0,0.0,,,77.0,23.0,,,100.0,202.0,100.0,726.0,23.0,23.0,100.0,0.0,100.0,0.0,200.0,0.0,100.0,13667.0,100.0,61357898944.0,100.0,132094752722.0
2019-12-05,ZCH0C9L2,ST12000NM0007,12000138625024,0,83.0,184697584.0,89.0,0.0,100.0,8.0,100.0,0.0,89.0,794658501.0,85.0,13795.0,100.0,0.0,100.0,8.0,,,,,100.0,0.0,100.0,0.0,,,76.0,24.0,,,100.0,202.0,100.0,726.0,24.0,24.0,100.0,0.0,100.0,0.0,200.0,0.0,100.0,13683.0,100.0,61358039392.0,100.0,132186184090.0
2019-12-06,ZCH0C9L2,ST12000NM0007,12000138625024,0,81.0,131801776.0,89.0,0.0,100.0,8.0,100.0,0.0,89.0,795670157.0,85.0,13826.0,100.0,0.0,100.0,8.0,,,,,100.0,0.0,100.0,0.0,,,76.0,24.0,,,100.0,203.0,100.0,728.0,24.0,24.0,100.0,0.0,100.0,0.0,200.0,0.0,100.0,13713.0,100.0,61358299544.0,100.0,132377168834.0
2019-12-07,ZCH0C9L2,ST12000NM0007,12000138625024,0,75.0,31249792.0,89.0,0.0,100.0,8.0,100.0,0.0,89.0,797927199.0,85.0,13842.0,100.0,0.0,100.0,8.0,,,,,100.0,0.0,100.0,0.0,,,76.0,24.0,,,100.0,203.0,100.0,728.0,24.0,24.0,100.0,0.0,100.0,0.0,200.0,0.0,100.0,13729.0,100.0,61358434536.0,100.0,132520622490.0
2019-12-08,ZCH0C9L2,ST12000NM0007,12000138625024,0,84.0,227632808.0,89.0,0.0,100.0,8.0,100.0,0.0,89.0,799187421.0,85.0,13873.0,100.0,0.0,100.0,8.0,,,,,100.0,0.0,100.0,0.0,,,76.0,24.0,,,100.0,205.0,100.0,730.0,24.0,24.0,100.0,0.0,100.0,0.0,200.0,0.0,100.0,13760.0,100.0,61358778800.0,100.0,132716661242.0
2019-12-09,ZCH0C9L2,ST12000NM0007,12000138625024,0,80.0,91525352.0,89.0,0.0,100.0,8.0,100.0,0.0,89.0,799998422.0,85.0,13889.0,100.0,0.0,100.0,8.0,,,,,100.0,0.0,100.0,0.0,,,76.0,24.0,,,100.0,205.0,100.0,730.0,24.0,24.0,100.0,0.0,100.0,0.0,200.0,0.0,100.0,13776.0,100.0,61359579368.0,100.0,132823893850.0
2019-12-10,ZCH0C9L2,ST12000NM0007,12000138625024,0,71.0,12535912.0,89.0,0.0,100.0,8.0,100.0,0.0,89.0,802001098.0,85.0,13920.0,100.0,0.0,100.0,8.0,,,,,100.0,0.0,100.0,0.0,,,76.0,24.0,,,100.0,207.0,100.0,732.0,24.0,24.0,100.0,0.0,100.0,0.0,200.0,0.0,100.0,13807.0,100.0,61359947048.0,100.0,132988677450.0
2019-12-11,ZCH0C9L2,ST12000NM0007,12000138625024,0,80.0,103411872.0,89.0,0.0,100.0,8.0,100.0,0.0,89.0,802467085.0,85.0,13936.0,100.0,0.0,100.0,8.0,,,,,100.0,0.0,100.0,0.0,,,77.0,23.0,,,100.0,207.0,100.0,732.0,23.0,23.0,100.0,0.0,100.0,0.0,200.0,0.0,100.0,13823.0,100.0,61360084000.0,100.0,133079416458.0
2019-12-12,ZCH0C9L2,ST12000NM0007,12000138625024,0,76.0,37673920.0,89.0,0.0,100.0,8.0,100.0,0.0,89.0,803374231.0,85.0,13967.0,100.0,0.0,100.0,8.0,,,,,100.0,0.0,100.0,0.0,,,77.0,23.0,,,100.0,209.0,100.0,734.0,23.0,23.0,100.0,0.0,100.0,0.0,200.0,0.0,100.0,13854.0,100.0,61360356840.0,100.0,133257546418.0
2019-12-13,ZCH0C9L2,ST12000NM0007,12000138625024,0,81.0,129971968.0,89.0,0.0,100.0,8.0,100.0,0.0,89.0,803838379.0,85.0,13983.0,100.0,0.0,100.0,8.0,,,,,100.0,0.0,100.0,0.0,,,77.0,23.0,,,100.0,209.0,100.0,734.0,23.0,23.0,100.0,0.0,100.0,0.0,200.0,0.0,100.0,13869.0,100.0,61360493392.0,100.0,133349707914.0
2019-12-14,ZCH0C9L2,ST12000NM0007,12000138625024,0,80.0,105483688.0,89.0,0.0,100.0,8.0,100.0,0.0,89.0,806330815.0,85.0,14014.0,100.0,0.0,100.0,8.0,,,,,100.0,0.0,100.0,0.0,,,77.0,23.0,,,100.0,210.0,100.0,735.0,23.0,23.0,100.0,0.0,100.0,0.0,200.0,0.0,100.0,13901.0,100.0,61360766064.0,100.0,133569087618.0
2019-12-15,ZCH0C9L2,ST12000NM0007,12000138625024,0,76.0,41641912.0,89.0,0.0,100.0,8.0,100.0,0.0,89.0,807260256.0,84.0,14046.0,100.0,0.0,100.0,8.0,,,,,100.0,0.0,100.0,0.0,,,77.0,23.0,,,100.0,212.0,100.0,737.0,23.0,23.0,100.0,0.0,100.0,0.0,200.0,0.0,100.0,13932.0,100.0,61361406224.0,100.0,133748746482.0
2019-12-16,ZCH0C9L2,ST12000NM0007,12000138625024,0,82.0,145697840.0,89.0,0.0,100.0,8.0,100.0,0.0,89.0,809212765.0,84.0,14062.0,100.0,0.0,100.0,8.0,,,,,100.0,0.0,100.0,0.0,,,77.0,23.0,,,100.0,212.0,100.0,737.0,23.0,23.0,100.0,0.0,100.0,0.0,200.0,0.0,100.0,13948.0,100.0,61361642016.0,100.0,133852566618.0
2019-12-17,ZCH0C9L2,ST12000NM0007,12000138625024,0,79.0,83020720.0,89.0,0.0,100.0,8.0,100.0,0.0,89.0,810137013.0,84.0,14093.0,100.0,0.0,100.0,8.0,,,,,100.0,0.0,100.0,0.0,,,77.0,23.0,,,100.0,214.0,100.0,739.0,23.0,23.0,100.0,0.0,100.0,0.0,200.0,0.0,100.0,13979.0,100.0,61361945024.0,100.0,134033727298.0
2019-12-18,ZCH0C9L2,ST12000NM0007,12000138625024,0,83.0,179308696.0,89.0,0.0,100.0,8.0,100.0,0.0,89.0,810623823.0,84.0,14109.0,100.0,0.0,100.0,8.0,,,,,100.0,0.0,100.0,0.0,,,77.0,23.0,,,100.0,214.0,100.0,739.0,23.0,23.0,100.0,0.0,100.0,0.0,200.0,0.0,100.0,13995.0,100.0,61362100184.0,100.0,134129860114.0
2019-12-19,ZCH0C9L2,ST12000NM0007,12000138625024,0,74.0,26163856.0,89.0,0.0,100.0,8.0,100.0,0.0,89.0,811086388.0,84.0,14125.0,100.0,0.0,100.0,8.0,,,,,100.0,0.0,100.0,0.0,,,78.0,22.0,,,100.0,215.0,100.0,740.0,22.0,22.0,100.0,0.0,100.0,0.0,200.0,0.0,100.0,14010.0,100.0,61362255216.0,100.0,134220702306.0
2019-12-20,ZCH0C9L2,ST12000NM0007,12000138625024,0,83.0,211328498.0,89.0,0.0,100.0,8.0,100.0,0.0,89.0,812037538.0,84.0,14156.0,100.0,0.0,100.0,8.0,,,,,100.0,0.0,100.0,0.0,,,77.0,23.0,,,100.0,216.0,100.0,742.0,23.0,23.0,100.0,0.0,100.0,0.0,200.0,0.0,100.0,14041.0,100.0,61362533784.0,100.0,134405588380.0
2019-12-21,ZCH0C9L2,ST12000NM0007,12000138625024,0,78.0,60700880.0,89.0,0.0,100.0,8.0,100.0,0.0,89.0,812512916.0,84.0,14171.0,100.0,0.0,100.0,8.0,,,,,100.0,0.0,100.0,0.0,,,78.0,22.0,,,100.0,216.0,100.0,742.0,22.0,22.0,100.0,0.0,100.0,0.0,200.0,0.0,100.0,14057.0,100.0,61362681952.0,100.0,134498953220.0
2019-12-22,ZCH0C9L2,ST12000NM0007,12000138625024,0,84.0,239580704.0,89.0,0.0,100.0,8.0,100.0,0.0,89.0,813414767.0,84.0,14203.0,100.0,0.0,100.0,8.0,,,,,100.0,0.0,100.0,0.0,,,77.0,23.0,,,100.0,218.0,100.0,744.0,23.0,23.0,100.0,0.0,100.0,0.0,200.0,0.0,100.0,14088.0,100.0,61362960632.0,100.0,134677554364.0
2019-12-23,ZCH0C9L2,ST12000NM0007,12000138625024,0,80.0,90968712.0,89.0,0.0,100.0,8.0,100.0,0.0,89.0,813899922.0,84.0,14218.0,100.0,0.0,100.0,8.0,,,,,100.0,0.0,100.0,0.0,,,78.0,22.0,,,100.0,218.0,100.0,744.0,22.0,22.0,100.0,0.0,100.0,0.0,200.0,0.0,100.0,14104.0,100.0,61363102544.0,100.0,134772941124.0
2019-12-24,ZCH0C9L2,ST12000NM0007,12000138625024,0,74.0,26495832.0,89.0,0.0,100.0,8.0,100.0,0.0,89.0,814801666.0,84.0,14250.0,100.0,0.0,100.0,8.0,,,,,100.0,0.0,100.0,0.0,,,77.0,23.0,,,100.0,220.0,100.0,746.0,23.0,23.0,100.0,0.0,100.0,0.0,200.0,0.0,100.0,14135.0,100.0,61363382360.0,100.0,134952329060.0
2019-12-25,ZCH0C9L2,ST12000NM0007,12000138625024,0,81.0,121488288.0,89.0,0.0,100.0,8.0,100.0,0.0,89.0,815267637.0,84.0,14265.0,100.0,0.0,100.0,8.0,,,,,100.0,0.0,100.0,0.0,,,78.0,22.0,,,100.0,220.0,100.0,746.0,22.0,22.0,100.0,0.0,100.0,0.0,200.0,0.0,100.0,14151.0,100.0,61363529112.0,100.0,135047174764.0
2019-12-26,ZCH0C9L2,ST12000NM0007,12000138625024,0,78.0,59835936.0,89.0,0.0,100.0,8.0,100.0,0.0,89.0,816183494.0,84.0,14297.0,100.0,0.0,100.0,8.0,,,,,100.0,0.0,100.0,0.0,,,77.0,23.0,,,100.0,222.0,100.0,748.0,23.0,23.0,100.0,0.0,100.0,0.0,200.0,0.0,100.0,14182.0,100.0,61363808720.0,100.0,135229383636.0
2019-12-27,ZCH0C9L2,ST12000NM0007,12000138625024,0,82.0,155301488.0,89.0,0.0,100.0,8.0,100.0,0.0,89.0,816647145.0,84.0,14313.0,100.0,0.0,100.0,8.0,,,,,100.0,0.0,100.0,0.0,,,78.0,22.0,,,100.0,222.0,100.0,748.0,22.0,22.0,100.0,0.0,100.0,0.0,200.0,0.0,100.0,14198.0,100.0,61363954328.0,100.0,135324703580.0
2019-12-28,ZCH0C9L2,ST12000NM0007,12000138625024,0,80.0,92539336.0,89.0,0.0,100.0,8.0,100.0,0.0,89.0,817559844.0,84.0,14344.0,100.0,0.0,100.0,8.0,,,,,100.0,0.0,100.0,0.0,,,77.0,23.0,,,100.0,223.0,100.0,750.0,23.0,23.0,100.0,0.0,100.0,0.0,200.0,0.0,100.0,14229.0,100.0,61364229976.0,100.0,135505806652.0
2019-12-29,ZCH0C9L2,ST12000NM0007,12000138625024,0,76.0,42128280.0,89.0,0.0,100.0,8.0,100.0,0.0,89.0,818537022.0,84.0,14376.0,100.0,0.0,100.0,8.0,,,,,100.0,0.0,100.0,0.0,,,77.0,23.0,,,100.0,224.0,100.0,751.0,23.0,23.0,100.0,0.0,100.0,0.0,200.0,0.0,100.0,14260.0,100.0,61364519280.0,100.0,135699247124.0
2019-12-30,ZCH0C9L2,ST12000NM0007,12000138625024,0,81.0,131861144.0,89.0,0.0,100.0,8.0,100.0,0.0,89.0,818994844.0,84.0,14392.0,100.0,0.0,100.0,8.0,,,,,100.0,0.0,100.0,0.0,,,77.0,23.0,,,100.0,224.0,100.0,752.0,23.0,23.0,100.0,0.0,100.0,0.0,200.0,0.0,100.0,14276.0,100.0,61364653456.0,100.0,135788845812.0
2019-12-31,ZCH0C9L2,ST12000NM0007,12000138625024,0,79.0,84221336.0,89.0,0.0,100.0,8.0,100.0,0.0,89.0,819998521.0,84.0,14424.0,100.0,0.0,100.0,8.0,,,,,100.0,0.0,100.0,0.0,,,77.0,23.0,,,100.0,224.0,100.0,753.0,23.0,23.0,100.0,0.0,100.0,0.0,200.0,0.0,100.0,14308.0,100.0,61364943512.0,100.0,135985056948.0
