2019-01-01,ZCH0CJZA,ST12000NM0007,12000138625024,0,83,202983032,92.0,0.0,100.0,6.0,100.0,0.0,79.0,85750212.0,91,8525,100.0,0.0,100,5,,,,,100.0,0.0,100.0,0.0,,,77.0,23.0,,,100.0,100.0,100.0,421.0,23,23,100.0,0.0,100.0,0.0,200.0,0.0,100.0,8473.0,100.0,47858436232.0,100.0,80030238448.0
2019-01-02,ZCH0CJZA,ST12000NM0007,12000138625024,0,82,154107304,92.0,0.0,100.0,6.0,100.0,0.0,79.0,87983644.0,91,8549,100.0,0.0,100,5,,,,,100.0,0.0,100.0,0.0,,,78.0,22.0,,,100.0,100.0,100.0,422.0,22,22,100.0,0.0,100.0,0.0,200.0,0.0,100.0,8498.0,100.0,47903023768.0,100.0,80180915816.0
2019-01-03,ZCH0CJZA,ST12000NM0007,12000138625024,0,82.0,142386304.0,92.0,0.0,100.0,6.0,100.0,0.0,80.0,91202479.0,91.0,8573.0,100.0,0.0,100.0,5.0,,,,,100.0,0.0,100.0,0.0,,,77.0,23.0,,,100.0,101.0,100.0,423.0,23.0,23.0,100.0,0.0,100.0,0.0,200.0,0.0,100.0,8521.0,100.0,47956375232.0,100.0,80359984008.0
2019-01-04,ZCH0CJZA,ST12000NM0007,12000138625024,0,81,135041864,92.0,0.0,100.0,6.0,100.0,0.0,80.0,93612902.0,91,8598,100.0,0.0,100,5,,,,,100.0,0.0,100.0,0.0,,,75.0,25.0,,,100.0,101.0,100.0,424.0,25,25,100.0,0.0,100.0,0.0,200.0,0.0,100.0,8546.0,100.0,47994511096.0,100.0,80558644392.0
2019-01-05,ZCH0CJZA,ST12000NM0007,12000138625024,0,80,92996952,92.0,0.0,100.0,6.0,100.0,0.0,80.0,95799977.0,91,8621,100.0,0.0,100,5,,,,,100.0,0.0,100.0,0.0,,,76.0,24.0,,,100.0,102.0,100.0,425.0,24,24,100.0,0.0,100.0,0.0,200.0,0.0,100.0,8569.0,100.0,48050057304.0,100.0,80705194064.0
2019-01-06,ZCH0CJZA,ST12000NM0007,12000138625024,0,78,59139344,92.0,0.0,100.0,6.0,100.0,0.0,80.0,98118824.0,91,8645,100.0,0.0,100,5,,,,,100.0,0.0,100.0,0.0,,,74.0,26.0,,,100.0,102.0,100.0,426.0,26,26,100.0,0.0,100.0,0.0,200.0,0.0,100.0,8593.0,100.0,48102050296.0,100.0,80863484096.0
2019-01-07,ZCH0CJZA,ST12000NM0007,12000138625024,0,79,79864968,92.0,0.0,100.0,6.0,100.0,0.0,80.0,101677272.0,91,8669,100.0,0.0,100,5,,,,,100.0,0.0,100.0,0.0,,,77.0,23.0,,,100.0,103.0,100.0,427.0,23,23,100.0,0.0,100.0,0.0,200.0,0.0,100.0,8617.0,100.0,48157011048.0,100.0,81073389648.0
2019-01-08,ZCH0CJZA,ST12000NM0007,12000138625024,0,80,91115864,92.0,0.0,100.0,6.0,100.0,0.0,80.0,104454617.0,91,8692,100.0,0.0,100,5,,,,,100.0,0.0,100.0,0.0,,,76.0,24.0,,,100.0,103.0,100.0,428.0,24,24,100.0,0.0,100.0,0.0,200.0,0.0,100.0,8640.0,100.0,48205932072.0,100.0,81279860240.0
2019-01-09,ZCH0CJZA,ST12000NM0007,12000138625024,0,80,95148232,92.0,0.0,100.0,6.0,100.0,0.0,80.0,107148620.0,91,8717,100.0,0.0,100,5,,,,,100.0,0.0,100.0,0.0,,,77.0,23.0,,,100.0,103.0,100.0,429.0,23,23,100.0,0.0,100.0,0.0,200.0,0.0,100.0,8665.0,100.0,48265175272.0,100.0,81468790264.0
2019-01-10,ZCH0CJZA,ST12000NM0007,12000138625024,0,78,65523792,92.0,0.0,100.0,6.0,100.0,0.0,80.0,111086291.0,91,8740,100.0,0.0,100,5,,,,,100.0,0.0,100.0,0.0,,,77.0,23.0,,,100.0,104.0,100.0,430.0,23,23,100.0,0.0,100.0,0.0,200.0,0.0,100.0,8687.0,100.0,48329583416.0,100.0,81618898368.0
2019-01-11,ZCH0CJZA,ST12000NM0007,12000138625024,0,84.0,238923752.0,92.0,0.0,100.0,6.0,100.0,0.0,81.0,112881526.0,91.0,8756.0,100.0,0.0,100.0,5.0,,,,,100.0,0.0,100.0,0.0,,,77.0,23.0,,,100.0,104.0,100.0,431.0,23.0,23.0,100.0,0.0,100.0,0.0,200.0,0.0,100.0,8704.0,100.0,48391486152.0,100.0,81730395592.0
2019-01-12,ZCH0CJZA,ST12000NM0007,12000138625024,0,82,154727720,92.0,0.0,100.0,6.0,100.0,0.0,81.0,114568978.0,90,8772,100.0,0.0,100,5,,,,,100.0,0.0,100.0,0.0,,,77.0,23.0,,,100.0,105.0,100.0,432.0,23,23,100.0,0.0,100.0,0.0,200.0,0.0,100.0,8720.0,100.0,48446430880.0,100.0,81835395688.0
2019-01-13,ZCH0CJZA,ST12000NM0007,12000138625024,0,83,223312680,92.0,0.0,100.0,6.0,100.0,0.0,81.0,118113072.0,90,8804,100.0,0.0,100,5,,,,,100.0,0.0,100.0,0.0,,,77.0,23.0,,,100.0,105.0,100.0,433.0,23,23,100.0,0.0,100.0,0.0,200.0,0.0,100.0,8751.0,100.0,48517049608.0,100.0,82077502616.0
2019-01-14,ZCH0CJZA,ST12000NM0007,12000138625024,0,81,112916936,92.0,0.0,100.0,6.0,100.0,0.0,81.0,120074969.0,90,8820,100.0,0.0,100,5,,,,,100.0,0.0,100.0,0.0,,,75.0,25.0,,,100.0,106.0,100.0,434.0,25,25,100.0,0.0,100.0,0.0,200.0,0.0,100.0,8767.0,100.0,48547601072.0,100.0,82180696200.0
2019-01-15,ZCH0CJZA,ST12000NM0007,12000138625024,0,69.0,8666360.0,92.0,0.0,100.0,6.0,100.0,0.0,81.0,124801784.0,90.0,8852.0,100.0,0.0,100.0,5.0,,,,,100.0,0.0,100.0,0.0,,,77.0,23.0,,,100.0,106.0,100.0,435.0,23.0,23.0,100.0,0.0,100.0,0.0,200.0,0.0,100.0,8799.0,100.0,48654864176.0,100.0,82457463936.0
2019-01-16,ZCH0CJZA,ST12000NM0007,12000138625024,0,81,133682192,92.0,0.0,100.0,6.0,100.0,0.0,81.0,126223351.0,90,8868,100.0,0.0,100,5,,,,,100.0,0.0,100.0,0.0,,,77.0,23.0,,,100,107,100.0,436.0,23,23,100.0,0.0,100.0,0.0,200.0,0.0,100.0,8815.0,100.0,48686804232.0,100.0,82550539712.0
2019-01-17,ZCH0CJZA,ST12000NM0007,12000138625024,0,84,223960224,92.0,0.0,100.0,6.0,100.0,0.0,81.0,130571531.0,90,8899,100.0,0.0,100,5,,,,,100.0,0.0,100.0,0.0,,,77.0,23.0,,,100,107,100.0,437.0,23,23,100.0,0.0,100.0,0.0,200.0,0.0,100.0,8846.0,100.0,48755413928.0,100.0,82816348904.0
2019-01-18,ZCH0CJZA,ST12000NM0007,12000138625024,0,82,164054712,92.0,0.0,100.0,6.0,100.0,0.0,81.0,132397571.0,90,8915,100.0,0.0,100,5,,,,,100.0,0.0,100.0,0.0,,,77.0,23.0,,,100,107,100.0,438.0,23,23,100.0,0.0,100.0,0.0,200.0,0.0,100.0,8862.0,100.0,48798587760.0,100.0,82957410200.0
2019-01-19,ZCH0CJZA,ST12000NM0007,12000138625024,0,84,238572336,92.0,0.0,100.0,6.0,100.0,0.0,81.0,136038708.0,90,8947,100.0,0.0,100,5,,,,,100.0,0.0,100.0,0.0,,,77.0,23.0,,,100,108,100.0,439.0,23,23,100.0,0.0,100.0,0.0,200.0,0.0,100.0,8894.0,100.0,48875672808.0,100.0,83198983424.0
2019-01-20,ZCH0CJZA,ST12000NM0007,12000138625024,0,81,131584600,92.0,0.0,100.0,6.0,100.0,0.0,81.0,137567617.0,90,8963,100.0,0.0,100,5,,,,,100.0,0.0,100.0,0.0,,,77.0,23.0,,,100,108,100.0,440.0,23,23,100.0,0.0,100.0,0.0,200.0,0.0,100.0,8909.0,100.0,48899246880.0,100.0,83312562272.0
2019-01-21,ZCH0CJZA,ST12000NM0007,12000138625024,0,82,142552224,92.0,0.0,100.0,6.0,100.0,0.0,81.0,140357553.0,90,8994,100.0,0.0,100,5,,,,,100.0,0.0,100.0,0.0,,,77.0,23.0,,,100,109,100.0,441.0,23,23,100.0,0.0,100.0,0.0,200.0,0.0,100.0,8941.0,100.0,48943850000.0,100.0,83523067408.0
2019-01-22,ZCH0CJZA,ST12000NM0007,12000138625024,0,79.0,83687232.0,92.0,0.0,100.0,6.0,100.0,0.0,82.0,143050377.0,90.0,9010.0,100.0,0.0,100.0,5.0,,,,,100.0,0.0,100.0,0.0,,,76.0,24.0,,,100.0,110.0,100.0,442.0,24.0,24.0,100.0,0.0,100.0,0.0,200.0,0.0,100.0,8956.0,100.0,48984800280.0,100.0,83667392768.0
2019-01-23,ZCH0CJZA,ST12000NM0007,12000138625024,0,79.0,78928784.0,92.0,0.0,100.0,6.0,100.0,0.0,82.0,145915119.0,90.0,9042.0,100.0,0.0,100.0,5.0,,,,,100.0,0.0,100.0,0.0,,,77.0,23.0,,,100.0,111.0,100.0,443.0,23.0,23.0,100.0,0.0,100.0,0.0,200.0,0.0,100.0,8988.0,100.0,49042996376.0,100.0,83848578928.0
2019-01-24,ZCH0CJZA,ST12000NM0007,12000138625024,0,79.0,72531672.0,92.0,0.0,100.0,6.0,100.0,0.0,82.0,149781576.0,90.0,9074.0,100.0,0.0,100.0,5.0,,,,,100.0,0.0,100.0,0.0,,,78.0,22.0,,,100.0,111.0,100.0,444.0,22.0,22.0,100.0,0.0,100.0,0.0,200.0,0.0,100.0,9019.0,100.0,49111864120.0,100.0,84017454848.0
2019-01-25,ZCH0CJZA,ST12000NM0007,12000138625024,0,83,223251768,92.0,0.0,100.0,6.0,100.0,0.0,82.0,151579690.0,90,9089,100.0,0.0,100,5,,,,,100.0,0.0,100.0,0.0,,,78.0,22.0,,,100,111,100.0,445.0,22,22,100.0,0.0,100.0,0.0,200.0,0.0,100.0,9035.0,100.0,49146793080.0,100.0,84133245984.0
2019-01-26,ZCH0CJZA,ST12000NM0007,12000138625024,0,84,228155928,92.0,0.0,100.0,6.0,100.0,0.0,82.0,154591797.0,90,9121,100.0,0.0,100,5,,,,,100.0,0.0,100.0,0.0,,,78.0,22.0,,,100,112,100.0,446.0,22,22,100.0,0.0,100.0,0.0,200.0,0.0,100.0,9067.0,100.0,49209132752.0,100.0,84319951296.0
2019-01-27,ZCH0CJZA,ST12000NM0007,12000138625024,0,80,99220448,92.0,0.0,100.0,6.0,100.0,0.0,82.0,156018456.0,90,9137,100.0,0.0,100,5,,,,,100.0,0.0,100.0,0.0,,,78.0,22.0,,,100,113,100.0,447.0,22,22,100.0,0.0,100.0,0.0,200.0,0.0,100.0,9082.0,100.0,49233232616.0,100.0,84411056600.0
2019-01-28,ZCH0CJZA,ST12000NM0007,12000138625024,0,83,190619600,92.0,0.0,100.0,6.0,100.0,0.0,82.0,160148497.0,90,9169,100.0,0.0,100,5,,,,,100.0,0.0,100.0,0.0,,,77.0,23.0,,,100,113,100.0,448.0,23,23,100.0,0.0,100.0,0.0,200.0,0.0,100.0,9114.0,100.0,49305879152.0,100.0,84673949848.0
2019-01-29,ZCH0CJZA,ST12000NM0007,12000138625024,0,83,190526416,92.0,0.0,100.0,6.0,100.0,0.0,82.0,163348553.0,90,9185,100.0,0.0,100,5,,,,,100.0,0.0,100.0,0.0,,,77.0,23.0,,,100,113,100.0,449.0,23,23,100.0,0.0,100.0,0.0,200.0,0.0,100.0,9130.0,100.0,49335363760.0,100.0,84888512696.0
2019-01-30,ZCH0CJZA,ST12000NM0007,12000138625024,0,79,78016120,92.0,0.0,100.0,6.0,100.0,0.0,82.0,169022964.0,90,9216,100.0,0.0,100,5,,,,,100.0,0.0,100.0,0.0,,,79.0,21.0,,,100,114,100.0,450.0,21,21,100.0,0.0,100.0,0.0,200.0,0.0,100.0,9161.0,100.0,49406205464.0,100.0,85193442160.0
2019-01-31,ZCH0CJZA,ST12000NM0007,12000138625024,0,83,206641520,92.0,0.0,100.0,6.0,100.0,0.0,82.0,171319019.0,90,9232,100.0,0.0,100,5,,,,,100.0,0.0,100.0,0.0,,,78.0,22.0,,,100,114,100.0,451.0,22,22,100.0,0.0,100.0,0.0,200.0,0.0,100.0,9177.0,100.0,49447135768.0,100.0,85281137256.0
2019-02-01,ZCH0CJZA,ST12000NM0007,12000138625024,0,81,121359176,92.0,0.0,100.0,6.0,100.0,0.0,82.0,176570935.0,90,9264,100.0,0.0,100,5,,,,,100.0,0.0,100.0,0.0,,,78.0,22.0,,,100,114,100.0,452.0,22,22,100.0,0.0,100.0,0.0,200.0,0.0,100.0,9208.0,100.0,49502794744.0,100.0,85872617888.0
2019-02-02,ZCH0CJZA,ST12000NM0007,12000138625024,0,78.0,61062960.0,92.0,0.0,100.0,6.0,100.0,0.0,83.0,179731697.0,90.0,9279.0,100.0,0.0,100.0,5.0,,,,,100.0,0.0,100.0,0.0,,,78.0,22.0,,,100.0,114.0,100.0,453.0,22.0,22.0,100.0,0.0,100.0,0.0,200.0,0.0,100.0,9224.0,100.0,49544116336.0,100.0,86259281584.0
2019-02-03,ZCH0CJZA,ST12000NM0007,12000138625024,0,83,221398664,92.0,0.0,100.0,6.0,100.0,0.0,83.0,185236429.0,90,9311,100.0,0.0,100,5,,,,,100.0,0.0,100.0,0.0,,,78.0,22.0,,,100,114,100.0,454.0,22,22,100.0,0.0,100.0,0.0,200.0,0.0,100.0,9255.0,100.0,49637644128.0,100.0,86814371064.0
2019-02-04,ZCH0CJZA,ST12000NM0007,12000138625024,0,80,93387448,92.0,0.0,100.0,6.0,100.0,0.0,83.0,188070534.0,90,9327,100.0,0.0,100,5,,,,,100.0,0.0,100.0,0.0,,,78.0,22.0,,,100,114,100.0,455.0,22,22,100.0,0.0,100.0,0.0,200.0,0.0,100.0,9271.0,100.0,49679865512.0,100.0,87132419896.0
2019-02-05,ZCH0CJZA,ST12000NM0007,12000138625024,0,81.0,139625608.0,92.0,0.0,100.0,6.0,100.0,0.0,83.0,194853105.0,90.0,9359.0,100.0,0.0,100.0,5.0,,,,,100.0,0.0,100.0,0.0,,,77.0,23.0,,,100.0,114.0,100.0,456.0,23.0,23.0,100.0,0.0,100.0,0.0,200.0,0.0,100.0,9303.0,100.0,49751132592.0,100.0,87839813112.0
2019-02-06,ZCH0CJZA,ST12000NM0007,12000138625024,0,83,211097632,92.0,0.0,100.0,6.0,100.0,0.0,83.0,198060254.0,90,9374,100.0,0.0,100,5,,,,,100.0,0.0,100.0,0.0,,,78.0,22.0,,,100,114,100.0,457.0,22,22,100.0,0.0,100.0,0.0,200.0,0.0,100.0,9318.0,100.0,49806335384.0,100.0,88100223000.0
2019-02-07,ZCH0CJZA,ST12000NM0007,12000138625024,0,82.0,174652912.0,92.0,0.0,100.0,6.0,100.0,0.0,83.0,205586307.0,90.0,9406.0,100.0,0.0,100.0,5.0,,,,,100.0,0.0,100.0,0.0,,,75.0,25.0,,,100.0,114.0,100.0,458.0,25.0,25.0,100.0,0.0,100.0,0.0,200.0,0.0,100.0,9350.0,100.0,49899243136.0,100.0,88703292640.0
2019-02-08,ZCH0CJZA,ST12000NM0007,12000138625024,0,80,90093952,92.0,0.0,100.0,6.0,100.0,0.0,83.0,209157969.0,90,9422,100.0,0.0,100,5,,,,,100.0,0.0,100.0,0.0,,,74.0,26.0,,,100,114,100.0,459.0,26,26,100.0,0.0,100.0,0.0,200.0,0.0,100.0,9365.0,100.0,49937612568.0,100.0,89068645768.0
2019-02-09,ZCH0CJZA,ST12000NM0007,12000138625024,0,82.0,152996376.0,92.0,0.0,100.0,6.0,100.0,0.0,83.0,215171339.0,90.0,9453.0,100.0,0.0,100.0,5.0,,,,,100.0,0.0,100.0,0.0,,,77.0,23.0,,,100.0,114.0,100.0,460.0,23.0,23.0,100.0,0.0,100.0,0.0,200.0,0.0,100.0,9397.0,100.0,50019016992.0,100.0,89782565952.0
2019-02-10,ZCH0CJZA,ST12000NM0007,12000138625024,0,83,197424496,92.0,0.0,100.0,6.0,100.0,0.0,83.0,220878301.0,90,9485,100.0,0.0,100,5,,,,,100.0,0.0,100.0,0.0,,,75.0,25.0,,,100,115,100.0,462.0,25,25,100.0,0.0,100.0,0.0,200.0,0.0,100.0,9429.0,100.0,50073263848.0,100.0,90261028688.0
2019-02-11,ZCH0CJZA,ST12000NM0007,12000138625024,0,77,48553104,92.0,0.0,100.0,6.0,100.0,0.0,83.0,223409079.0,90,9501,100.0,0.0,100,5,,,,,100.0,0.0,100.0,0.0,,,74.0,26.0,,,100,115,100.0,462.0,26,26,100.0,0.0,100.0,0.0,200.0,0.0,100.0,9444.0,100.0,50098186240.0,100.0,90575516392.0
2019-02-12,ZCH0CJZA,ST12000NM0007,12000138625024,0,84.0,225949912.0,92.0,0.0,100.0,6.0,100.0,0.0,84.0,228851116.0,90.0,9533.0,100.0,0.0,100.0,5.0,,,,,100.0,0.0,100.0,0.0,,,74.0,26.0,,,100.0,115.0,100.0,464.0,26.0,26.0,100.0,0.0,100.0,0.0,200.0,0.0,100.0,9476.0,100.0,50174820728.0,100.0,91408701088.0
2019-02-13,ZCH0CJZA,ST12000NM0007,12000138625024,0,83,178962816,92.0,0.0,100.0,6.0,100.0,0.0,84.0,230864316.0,90,9549,100.0,0.0,100,5,,,,,100.0,0.0,100.0,0.0,,,77.0,23.0,,,100,115,100.0,464.0,23,23,100.0,0.0,100.0,0.0,200.0,0.0,100.0,9492.0,100.0,50214039592.0,100.0,91810776632.0
2019-02-14,ZCH0CJZA,ST12000NM0007,12000138625024,0,83,182439696,92.0,0.0,100.0,6.0,100.0,0.0,84.0,235792241.0,90,9580,100.0,0.0,100,5,,,,,100.0,0.0,100.0,0.0,,,77.0,23.0,,,100,116,100.0,466.0,23,23,100.0,0.0,100.0,0.0,200.0,0.0,100.0,9523.0,100.0,50289186864.0,100.0,92471531464.0
2019-02-15,ZCH0CJZA,ST12000NM0007,12000138625024,0,80.0,104217832.0,92.0,0.0,100.0,6.0,100.0,0.0,84.0,237784183.0,90.0,9596.0,100.0,0.0,100.0,5.0,,,,,100.0,0.0,100.0,0.0,,,77.0,23.0,,,100.0,116.0,100.0,466.0,23.0,23.0,100.0,0.0,100.0,0.0,200.0,0.0,100.0,9539.0,100.0,50318800656.0,100.0,92851977400.0
2019-02-16,ZCH0CJZA,ST12000NM0007,12000138625024,0,84.0,229989120.0,92.0,0.0,100.0,6.0,100.0,0.0,84.0,242109290.0,90.0,9628.0,100.0,0.0,100.0,5.0,,,,,100.0,0.0,100.0,0.0,,,77.0,23.0,,,100.0,116.0,100.0,468.0,23.0,23.0,100.0,0.0,100.0,0.0,200.0,0.0,100.0,9571.0,100.0,50398744256.0,100.0,93630229064.0
2019-02-17,ZCH0CJZA,ST12000NM0007,12000138625024,0,83,187732160,92.0,0.0,100.0,6.0,100.0,0.0,84.0,244328672.0,89,9644,100.0,0.0,100,5,,,,,100.0,0.0,100.0,0.0,,,76.0,24.0,,,100,116,100.0,468.0,24,24,100.0,0.0,100.0,0.0,200.0,0.0,100.0,9587.0,100.0,50433383032.0,100.0,94041614904.0
2019-02-18,ZCH0CJZA,ST12000NM0007,12000138625024,0,79,88180504,92.0,0.0,100.0,6.0,100.0,0.0,84.0,249725401.0,89,9675,100.0,0.0,100,5,,,,,100.0,0.0,100.0,0.0,,,74.0,26.0,,,100,116,100.0,469.0,26,26,100.0,0.0,100.0,0.0,200.0,0.0,100.0,9618.0,100.0,50512540512.0,100.0,94839468592.0
2019-02-19,ZCH0CJZA,ST12000NM0007,12000138625024,0,83,218543792,92.0,0.0,100.0,6.0,100.0,0.0,84.0,251847811.0,89,9691,100.0,0.0,100,5,,,,,100.0,0.0,100.0,0.0,,,77.0,23.0,,,100,116,100.0,470.0,23,23,100.0,0.0,100.0,0.0,200.0,0.0,100.0,9634.0,100.0,50548143976.0,100.0,95178369048.0
2019-02-20,ZCH0CJZA,ST12000NM0007,12000138625024,0,78.0,61908096.0,92.0,0.0,100.0,6.0,100.0,0.0,84.0,256191350.0,89.0,9723.0,100.0,0.0,100.0,5.0,,,,,100.0,0.0,100.0,0.0,,,76.0,24.0,,,100.0,116.0,100.0,471.0,24.0,24.0,100.0,0.0,100.0,0.0,200.0,0.0,100.0,9666.0,100.0,50620400408.0,100.0,95926040536.0
2019-02-21,ZCH0CJZA,ST12000NM0007,12000138625024,0,82,154823456,92.0,0.0,100.0,6.0,100.0,0.0,84.0,259080455.0,89,9739,100.0,0.0,100,5,,,,,100.0,0.0,100.0,0.0,,,75.0,25.0,,,100,116,100.0,472.0,25,25,100.0,0.0,100.0,0.0,200.0,0.0,100.0,9681.0,100.0,50654861928.0,100.0,96228635144.0
2019-02-22,ZCH0CJZA,ST12000NM0007,12000138625024,0,83,180984200,92.0,0.0,100.0,6.0,100.0,0.0,84.0,264784519.0,89,9770,100.0,0.0,100,5,,,,,100.0,0.0,100.0,0.0,,,75.0,25.0,,,100,116,100.0,473.0,25,25,100.0,0.0,100.0,0.0,200.0,0.0,100.0,9713.0,100.0,50699212224.0,100.0,96942867608.0
2019-02-23,ZCH0CJZA,ST12000NM0007,12000138625024,0,80.0,96105912.0,92.0,0.0,100.0,6.0,100.0,0.0,84.0,266937186.0,89.0,9786.0,100.0,0.0,100.0,5.0,,,,,100.0,0.0,100.0,0.0,,,75.0,25.0,,,100.0,117.0,100.0,474.0,25.0,25.0,100.0,0.0,100.0,0.0,200.0,0.0,100.0,9728.0,100.0,50732263304.0,100.0,97313219544.0
2019-02-24,ZCH0CJZA,ST12000NM0007,12000138625024,0,81,138801784,92.0,0.0,100.0,6.0,100.0,0.0,84.0,270910132.0,89,9818,100.0,0.0,100,5,,,,,100.0,0.0,100.0,0.0,,,77.0,23.0,,,100,117,100.0,475.0,23,23,100.0,0.0,100.0,0.0,200.0,0.0,100.0,9760.0,100.0,50786643968.0,100.0,98033956656.0
2019-02-25,ZCH0CJZA,ST12000NM0007,12000138625024,0,76,37806576,92.0,0.0,100.0,6.0,100.0,0.0,84.0,272749514.0,89,9833,100.0,0.0,100,5,,,,,100.0,0.0,100.0,0.0,,,77.0,23.0,,,100,117,100.0,476.0,23,23,100.0,0.0,100.0,0.0,200.0,0.0,100.0,9776.0,100.0,50814214688.0,100.0,98393672192.0
2019-02-26,ZCH0CJZA,ST12000NM0007,12000138625024,0,72,14939856,92.0,0.0,100.0,6.0,100.0,0.0,84.0,277334339.0,89,9865,100.0,0.0,100,5,,,,,100.0,0.0,100.0,0.0,,,75.0,25.0,,,100,117,100.0,477.0,25,25,100.0,0.0,100.0,0.0,200.0,0.0,100.0,9807.0,100.0,50880371728.0,100.0,99037071600.0
2019-02-27,ZCH0CJZA,ST12000NM0007,12000138625024,0,82.0,154861336.0,92.0,0.0,100.0,6.0,100.0,0.0,84.0,279046792.0,89.0,9881.0,100.0,0.0,100.0,5.0,,,,,100.0,0.0,100.0,0.0,,,77.0,23.0,,,100.0,117.0,100.0,478.0,23.0,23.0,100.0,0.0,100.0,0.0,200.0,0.0,100.0,9823.0,100.0,50907664640.0,100.0,99393840824.0
2019-02-28,ZCH0CJZA,ST12000NM0007,12000138625024,0,80,100786648,92.0,0.0,100.0,6.0,100.0,0.0,85.0,284047675.0,89,9912,100.0,0.0,100,5,,,,,100.0,0.0,100.0,0.0,,,78.0,22.0,,,100,117,100.0,479.0,22,22,100.0,0.0,100.0,0.0,200.0,0.0,100.0,9854.0,100.0,50993696616.0,100.0,99986156256.0
2019-03-01,ZCH0CJZA,ST12000NM0007,12000138625024,0,83.0,184299488.0,92.0,0.0,100.0,6.0,100.0,0.0,85.0,286181692.0,89.0,9928.0,100.0,0.0,100.0,5.0,,,,,100.0,0.0,100.0,0.0,,,77.0,23.0,,,100.0,117.0,100.0,480.0,23.0,23.0,100.0,0.0,100.0,0.0,200.0,0.0,100.0,9870.0,100.0,51017495184.0,100.0,100290011240.0
2019-03-02,ZCH0CJZA,ST12000NM0007,12000138625024,0,80.0,108747176.0,92.0,0.0,100.0,6.0,100.0,0.0,85.0,290053912.0,89.0,9960.0,100.0,0.0,100.0,5.0,,,,,100.0,0.0,100.0,0.0,,,78.0,22.0,,,100.0,117.0,100.0,481.0,22.0,22.0,100.0,0.0,100.0,0.0,200.0,0.0,100.0,9902.0,100.0,51071272568.0,100.0,100893103616.0
2019-03-03,ZCH0CJZA,ST12000NM0007,12000138625024,0,83.0,212245944.0,92.0,0.0,100.0,6.0,100.0,0.0,85.0,291997625.0,89.0,9976.0,100.0,0.0,100.0,5.0,,,,,100.0,0.0,100.0,0.0,,,78.0,22.0,,,100.0,117.0,100.0,482.0,22.0,22.0,100.0,0.0,100.0,0.0,200.0,0.0,100.0,9917.0,100.0,51103430520.0,100.0,101208585088.0
2019-03-04,ZCH0CJZA,ST12000NM0007,12000138625024,0,72,16822720,92.0,0.0,100.0,6.0,100.0,0.0,85.0,296595739.0,89,10007,100.0,0.0,100,5,,,,,100.0,0.0,100.0,0.0,,,78.0,22.0,,,100,117,100.0,483.0,22,22,100.0,0.0,100.0,0.0,200.0,0.0,100.0,9949.0,100.0,51173781744.0,100.0,101919373392.0
2019-03-05,ZCH0CJZA,ST12000NM0007,12000138625024,0,81.0,128589160.0,92.0,0.0,100.0,6.0,100.0,0.0,85.0,299597490.0,89.0,10023.0,100.0,0.0,100.0,5.0,,,,,100.0,0.0,100.0,0.0,,,78.0,22.0,,,100.0,118.0,100.0,484.0,22.0,22.0,100.0,0.0,100.0,0.0,200.0,0.0,100.0,9964.0,100.0,51212531568.0,100.0,102236530824.0
2019-03-06,ZCH0CJZA,ST12000NM0007,12000138625024,0,79.0,84213296.0,92.0,0.0,100.0,6.0,100.0,0.0,85.0,304420232.0,89.0,10055.0,100.0,0.0,100.0,5.0,,,,,100.0,0.0,100.0,0.0,,,78.0,22.0,,,100.0,118.0,100.0,485.0,22.0,22.0,100.0,0.0,100.0,0.0,200.0,0.0,100.0,9996.0,100.0,51271011768.0,100.0,102866096840.0
2019-03-07,ZCH0CJZA,ST12000NM0007,12000138625024,0,83.0,222184104.0,92.0,0.0,100.0,6.0,100.0,0.0,85.0,306817032.0,89.0,10071.0,100.0,0.0,100.0,5.0,,,,,100.0,0.0,100.0,0.0,,,77.0,23.0,,,100.0,118.0,100.0,486.0,23.0,23.0,100.0,0.0,100.0,0.0,200.0,0.0,100.0,10012.0,100.0,51297738032.0,100.0,102977341384.0
2019-03-08,ZCH0CJZA,ST12000NM0007,12000138625024,0,76.0,38282112.0,92.0,0.0,100.0,6.0,100.0,0.0,85.0,310332642.0,89.0,10102.0,100.0,0.0,100.0,5.0,,,,,100.0,0.0,100.0,0.0,,,79.0,21.0,,,100.0,118.0,100.0,487.0,21.0,21.0,100.0,0.0,100.0,0.0,200.0,0.0,100.0,10043.0,100.0,51333639848.0,100.0,103245819016.0
2019-03-09,ZCH0CJZA,ST12000NM0007,12000138625024,0,83.0,205267032.0,92.0,0.0,100.0,6.0,100.0,0.0,85.0,311871960.0,89.0,10118.0,100.0,0.0,100.0,5.0,,,,,100.0,0.0,100.0,0.0,,,78.0,22.0,,,100.0,119.0,100.0,488.0,22.0,22.0,100.0,0.0,100.0,0.0,200.0,0.0,100.0,10059.0,100.0,51352449200.0,100.0,103393994584.0
2019-03-10,ZCH0CJZA,ST12000NM0007,12000138625024,0,83.0,202782592.0,92.0,0.0,100.0,6.0,100.0,0.0,85.0,314806921.0,89.0,10150.0,100.0,0.0,100.0,5.0,,,,,100.0,0.0,100.0,0.0,,,77.0,23.0,,,100.0,120.0,100.0,489.0,23.0,23.0,100.0,0.0,100.0,0.0,200.0,0.0,100.0,10091.0,100.0,51417203664.0,100.0,103570896504.0
2019-03-11,ZCH0CJZA,ST12000NM0007,12000138625024,0,80.0,89267864.0,92.0,0.0,100.0,6.0,100.0,0.0,85.0,316455697.0,89.0,10165.0,100.0,0.0,100.0,5.0,,,,,100.0,0.0,100.0,0.0,,,79.0,21.0,,,100.0,120.0,100.0,490.0,21.0,21.0,100.0,0.0,100.0,0.0,200.0,0.0,100.0,10106.0,100.0,51445453040.0,100.0,103673273056.0
2019-03-12,ZCH0CJZA,ST12000NM0007,12000138625024,0,81.0,136547184.0,92.0,0.0,100.0,6.0,100.0,0.0,85.0,320526477.0,89.0,10197.0,100.0,0.0,100.0,5.0,,,,,100.0,0.0,100.0,0.0,,,80.0,20.0,,,100.0,120.0,100.0,491.0,20.0,20.0,100.0,0.0,100.0,0.0,200.0,0.0,100.0,10138.0,100.0,51519140952.0,100.0,103891005128.0
2019-03-13,ZCH0CJZA,ST12000NM0007,12000138625024,0,72.0,17739816.0,92.0,0.0,100.0,6.0,100.0,0.0,85.0,322083859.0,89.0,10213.0,100.0,0.0,100.0,5.0,,,,,100.0,0.0,100.0,0.0,,,76.0,24.0,,,100.0,121.0,100.0,492.0,24.0,24.0,100.0,0.0,100.0,0.0,200.0,0.0,100.0,10154.0,100.0,51556682576.0,100.0,103978796928.0
2019-03-14,ZCH0CJZA,ST12000NM0007,12000138625024,0,72.0,15739144.0,92.0,0.0,100.0,6.0,100.0,0.0,85.0,326121219.0,89.0,10244.0,100.0,0.0,100.0,5.0,,,,,100.0,0.0,100.0,0.0,,,80.0,20.0,,,100.0,122.0,100.0,493.0,20.0,20.0,100.0,0.0,100.0,0.0,200.0,0.0,100.0,10185.0,100.0,51626233200.0,100.0,104151386352.0
2019-03-15,ZCH0CJZA,ST12000NM0007,12000138625024,0,84.0,243624344.0,92.0,0.0,100.0,6.0,100.0,0.0,85.0,329014702.0,89.0,10276.0,100.0,0.0,100.0,5.0,,,,,100.0,0.0,100.0,0.0,,,80.0,20.0,,,100.0,123.0,100.0,495.0,20.0,20.0,100.0,0.0,100.0,0.0,200.0,0.0,100.0,10217.0,100.0,51693077112.0,100.0,104312427640.0
2019-03-16,ZCH0CJZA,ST12000NM0007,12000138625024,0,80.0,102807336.0,92.0,0.0,100.0,6.0,100.0,0.0,85.0,330250015.0,89.0,10292.0,100.0,0.0,100.0,5.0,,,,,100.0,0.0,100.0,0.0,,,80.0,20.0,,,100.0,123.0,100.0,495.0,20.0,20.0,100.0,0.0,100.0,0.0,200.0,0.0,100.0,10232.0,100.0,51711364856.0,100.0,104397463528.0
2019-03-17,ZCH0CJZA,ST12000NM0007,12000138625024,0,78.0,66266128.0,92.0,0.0,100.0,6.0,100.0,0.0,85.0,333024388.0,89.0,10324.0,100.0,0.0,100.0,5.0,,,,,100.0,0.0,100.0,0.0,,,80.0,20.0,,,100.0,123.0,100.0,497.0,20.0,20.0,100.0,0.0,100.0,0.0,200.0,0.0,100.0,10264.0,100.0,51786409440.0,100.0,104530018368.0
2019-03-18,ZCH0CJZA,ST12000NM0007,12000138625024,0,82.0,167660840.0,92.0,0.0,100.0,6.0,100.0,0.0,85.0,334380067.0,89.0,10339.0,100.0,0.0,100.0,5.0,,,,,100.0,0.0,100.0,0.0,,,80.0,20.0,,,100.0,123.0,100.0,497.0,20.0,20.0,100.0,0.0,100.0,0.0,200.0,0.0,100.0,10280.0,100.0,51821302416.0,100.0,104596520104.0
2019-03-19,ZCH0CJZA,ST12000NM0007,12000138625024,0,83.0,182434632.0,92.0,0.0,100.0,6.0,100.0,0.0,85.0,338438549.0,89.0,10371.0,100.0,0.0,100.0,5.0,,,,,100.0,0.0,100.0,0.0,,,80.0,20.0,,,100.0,124.0,100.0,498.0,20.0,20.0,100.0,0.0,100.0,0.0,200.0,0.0,100.0,10312.0,100.0,51909397888.0,100.0,104767339144.0
2019-03-20,ZCH0CJZA,ST12000NM0007,12000138625024,0,76.0,42803264.0,92.0,0.0,100.0,6.0,100.0,0.0,85.0,340229923.0,89.0,10387.0,100.0,0.0,100.0,5.0,,,,,100.0,0.0,100.0,0.0,,,79.0,21.0,,,100.0,124.0,100.0,499.0,21.0,21.0,100.0,0.0,100.0,0.0,200.0,0.0,100.0,10327.0,100.0,51943859248.0,100.0,104837387048.0
2019-03-21,ZCH0CJZA,ST12000NM0007,12000138625024,0,82.0,158295400.0,92.0,0.0,100.0,6.0,100.0,0.0,85.0,342214512.0,89.0,10403.0,100.0,0.0,100.0,5.0,,,,,100.0,0.0,100.0,0.0,,,77.0,23.0,,,100.0,125.0,100.0,500.0,23.0,23.0,100.0,0.0,100.0,0.0,200.0,0.0,100.0,10343.0,100.0,51980571216.0,100.0,104916167216.0
2019-03-22,ZCH0CJZA,ST12000NM0007,12000138625024,0,79.0,84815496.0,92.0,0.0,100.0,6.0,100.0,0.0,85.0,345128664.0,89.0,10434.0,100.0,0.0,100.0,5.0,,,,,100.0,0.0,100.0,0.0,,,79.0,21.0,,,100.0,125.0,100.0,501.0,21.0,21.0,100.0,0.0,100.0,0.0,200.0,0.0,100.0,10374.0,100.0,52040925488.0,100.0,105026473712.0
2019-03-23,ZCH0CJZA,ST12000NM0007,12000138625024,0,83.0,181033320.0,92.0,0.0,100.0,6.0,100.0,0.0,85.0,346410900.0,89.0,10450.0,100.0,0.0,100.0,5.0,,,,,100.0,0.0,100.0,0.0,,,77.0,23.0,,,100.0,126.0,100.0,502.0,23.0,23.0,100.0,0.0,100.0,0.0,200.0,0.0,100.0,10390.0,100.0,52062784744.0,100.0,105100832280.0
2019-03-24,ZCH0CJZA,ST12000NM0007,12000138625024,0,83.0,190508128.0,92.0,0.0,100.0,6.0,100.0,0.0,85.0,350488735.0,89.0,10482.0,100.0,0.0,100.0,5.0,,,,,100.0,0.0,100.0,0.0,,,79.0,21.0,,,100.0,126.0,100.0,503.0,21.0,21.0,100.0,0.0,100.0,0.0,200.0,0.0,100.0,10421.0,100.0,52140563512.0,100.0,105276668952.0
2019-03-25,ZCH0CJZA,ST12000NM0007,12000138625024,0,74.0,22543608.0,92.0,0.0,100.0,6.0,100.0,0.0,85.0,351523027.0,89.0,10498.0,100.0,0.0,100.0,5.0,,,,,100.0,0.0,100.0,0.0,,,77.0,23.0,,,100.0,127.0,100.0,504.0,23.0,23.0,100.0,0.0,100.0,0.0,200.0,0.0,100.0,10437.0,100.0,52160492792.0,100.0,105332915784.0
2019-03-26,ZCH0CJZA,ST12000NM0007,12000138625024,0,84.0,225264880.0,92.0,0.0,100.0,6.0,100.0,0.0,86.0,355211150.0,88.0,10529.0,100.0,0.0,100.0,5.0,,,,,100.0,0.0,100.0,0.0,,,80.0,20.0,,,100.0,128.0,100.0,505.0,20.0,20.0,100.0,0.0,100.0,0.0,200.0,0.0,100.0,10468.0,100.0,52227809376.0,100.0,105468320472.0
2019-03-27,ZCH0CJZA,ST12000NM0007,12000138625024,0,81.0,128057856.0,92.0,0.0,100.0,6.0,100.0,0.0,86.0,356875335.0,88.0,10545.0,100.0,0.0,100.0,5.0,,,,,100.0,0.0,100.0,0.0,,,79.0,21.0,,,100.0,128.0,100.0,506.0,21.0,21.0,100.0,0.0,100.0,0.0,200.0,0.0,100.0,10484.0,100.0,52273119664.0,100.0,105569944000.0
2019-03-28,ZCH0CJZA,ST12000NM0007,12000138625024,0,82.0,169666624.0,92.0,0.0,100.0,6.0,100.0,0.0,86.0,361498042.0,88.0,10577.0,100.0,0.0,100.0,5.0,,,,,100.0,0.0,100.0,0.0,,,79.0,21.0,,,100.0,129.0,100.0,507.0,21.0,21.0,100.0,0.0,100.0,0.0,200.0,0.0,100.0,10516.0,100.0,52358890800.0,100.0,105769922264.0
2019-03-29,ZCH0CJZA,ST12000NM0007,12000138625024,0,83.0,183542536.0,92.0,0.0,100.0,6.0,100.0,0.0,86.0,365870834.0,88.0,10608.0,100.0,0.0,100.0,5.0,,,,,100.0,0.0,100.0,0.0,,,78.0,22.0,,,100.0,129.0,100.0,508.0,22.0,22.0,100.0,0.0,100.0,0.0,200.0,0.0,100.0,10547.0,100.0,52424799464.0,100.0,105962030240.0
2019-03-30,ZCH0CJZA,ST12000NM0007,12000138625024,0,79.0,77672848.0,92.0,0.0,100.0,6.0,100.0,0.0,86.0,368019252.0,88.0,10624.0,100.0,0.0,100.0,5.0,,,,,100.0,0.0,100.0,0.0,,,78.0,22.0,,,100.0,130.0,100.0,509.0,22.0,22.0,100.0,0.0,100.0,0.0,200.0,0.0,100.0,10563.0,100.0,52462638168.0,100.0,106062462536.0
2019-03-31,ZCH0CJZA,ST12000NM0007,12000138625024,0,80.0,104497968.0,92.0,0.0,100.0,6.0,100.0,0.0,86.0,371116851.0,88.0,10656.0,100.0,0.0,100.0,5.0,,,,,100.0,0.0,100.0,0.0,,,80.0,20.0,,,100.0,130.0,100.0,510.0,20.0,20.0,100.0,0.0,100.0,0.0,200.0,0.0,100.0,10594.0,100.0,52538380296.0,100.0,106257686336.0
2019-04-01,ZCH0CJZA,ST12000NM0007,12000138625024,0,83.0,203258352.0,92.0,0.0,100.0,6.0,100.0,0.0,86.0,372410641.0,88.0,10672.0,100.0,0.0,100.0,5.0,,,,,100.0,0.0,100.0,0.0,,,79.0,21.0,,,100.0,131.0,100.0,511.0,21.0,21.0,100.0,0.0,100.0,0.0,200.0,0.0,100.0,10610.0,100.0,52564056512.0,100.0,106330770504.0
2019-04-02,ZCH0CJZA,ST12000NM0007,12000138625024,0,79.0,77654416.0,92.0,0.0,100.0,6.0,100.0,0.0,86.0,374797796.0,88.0,10688.0,100.0,0.0,100.0,5.0,,,,,100.0,0.0,100.0,0.0,,,80.0,20.0,,,100.0,132.0,100.0,512.0,20.0,20.0,100.0,0.0,100.0,0.0,200.0,0.0,100.0,10626.0,100.0,52599011344.0,100.0,106414352368.0
2019-04-03,ZCH0CJZA,ST12000NM0007,12000138625024,0,74.0,26796816.0,91.0,0.0,100.0,7.0,100.0,0.0,86.0,377257984.0,88.0,10719.0,100.0,0.0,100.0,6.0,,,,,100.0,0.0,100.0,0.0,,,79.0,21.0,,,100.0,133.0,100.0,516.0,21.0,21.0,100.0,0.0,100.0,0.0,200.0,0.0,100.0,10657.0,100.0,52664050016.0,100.0,106542596754.0
2019-04-04,ZCH0CJZA,ST12000NM0007,12000138625024,0,72.0,16632728.0,91.0,0.0,100.0,7.0,100.0,0.0,86.0,380917378.0,88.0,10751.0,100.0,0.0,100.0,6.0,,,,,100.0,0.0,100.0,0.0,,,80.0,20.0,,,100.0,134.0,100.0,517.0,20.0,20.0,100.0,0.0,100.0,0.0,200.0,0.0,100.0,10689.0,100.0,52733728304.0,100.0,106706895066.0
2019-04-05,ZCH0CJZA,ST12000NM0007,12000138625024,0,81.0,124783472.0,91.0,0.0,100.0,7.0,100.0,0.0,86.0,381971603.0,88.0,10767.0,100.0,0.0,100.0,6.0,,,,,100.0,0.0,100.0,0.0,,,79.0,21.0,,,100.0,134.0,100.0,517.0,21.0,21.0,100.0,0.0,100.0,0.0,200.0,0.0,100.0,10705.0,100.0,52756709984.0,100.0,106792064130.0
2019-04-06,ZCH0CJZA,ST12000NM0007,12000138625024,0,82.0,148705240.0,91.0,0.0,100.0,7.0,100.0,0.0,86.0,384882603.0,88.0,10799.0,100.0,0.0,100.0,6.0,,,,,100.0,0.0,100.0,0.0,,,79.0,21.0,,,100.0,136.0,100.0,519.0,21.0,21.0,100.0,0.0,100.0,0.0,200.0,0.0,100.0,10736.0,100.0,52809441864.0,100.0,107007394770.0
2019-04-07,ZCH0CJZA,ST12000NM0007,12000138625024,0,84.0,242508768.0,91.0,0.0,100.0,7.0,100.0,0.0,86.0,386142712.0,88.0,10814.0,100.0,0.0,100.0,6.0,,,,,100.0,0.0,100.0,0.0,,,78.0,22.0,,,100.0,136.0,100.0,519.0,22.0,22.0,100.0,0.0,100.0,0.0,200.0,0.0,100.0,10752.0,100.0,52836271888.0,100.0,107074368274.0
2019-04-08,ZCH0CJZA,ST12000NM0007,12000138625024,0,83.0,179670584.0,91.0,0.0,100.0,7.0,100.0,0.0,86.0,388601910.0,88.0,10846.0,100.0,0.0,100.0,6.0,,,,,100.0,0.0,100.0,0.0,,,79.0,21.0,,,100.0,138.0,100.0,521.0,21.0,21.0,100.0,0.0,100.0,0.0,200.0,0.0,100.0,10783.0,100.0,52885803872.0,100.0,107206138882.0
2019-04-09,ZCH0CJZA,ST12000NM0007,12000138625024,0,80.0,111000616.0,91.0,0.0,100.0,7.0,100.0,0.0,86.0,390983043.0,88.0,10862.0,100.0,0.0,100.0,6.0,,,,,100.0,0.0,100.0,0.0,,,78.0,22.0,,,100.0,138.0,100.0,521.0,22.0,22.0,100.0,0.0,100.0,0.0,200.0,0.0,100.0,10799.0,100.0,52914882952.0,100.0,107352530514.0
2019-04-10,ZCH0CJZA,ST12000NM0007,12000138625024,0,76.0,37673120.0,91.0,0.0,100.0,7.0,100.0,0.0,86.0,392875298.0,88.0,10894.0,100.0,0.0,100.0,6.0,,,,,100.0,0.0,100.0,0.0,,,80.0,20.0,,,100.0,138.0,100.0,523.0,20.0,20.0,100.0,0.0,100.0,0.0,200.0,0.0,100.0,10831.0,100.0,52954884144.0,100.0,107483342546.0
2019-04-11,ZCH0CJZA,ST12000NM0007,12000138625024,0,82.0,159337552.0,91.0,0.0,100.0,7.0,100.0,0.0,86.0,394773987.0,88.0,10910.0,100.0,0.0,100.0,6.0,,,,,100.0,0.0,100.0,0.0,,,78.0,22.0,,,100.0,138.0,100.0,523.0,22.0,22.0,100.0,0.0,100.0,0.0,200.0,0.0,100.0,10847.0,100.0,52994955928.0,100.0,107564935194.0
2019-04-12,ZCH0CJZA,ST12000NM0007,12000138625024,0,80.0,103263152.0,91.0,0.0,100.0,7.0,100.0,0.0,86.0,397689632.0,88.0,10941.0,100.0,0.0,100.0,6.0,,,,,100.0,0.0,100.0,0.0,,,79.0,21.0,,,100.0,140.0,100.0,525.0,21.0,21.0,100.0,0.0,100.0,0.0,200.0,0.0,100.0,10878.0,100.0,53034950952.0,100.0,107713006402.0
2019-04-13,ZCH0CJZA,ST12000NM0007,12000138625024,0,64.0,2535440.0,91.0,0.0,100.0,7.0,100.0,0.0,86.0,399017459.0,88.0,10957.0,100.0,0.0,100.0,6.0,,,,,100.0,0.0,100.0,0.0,,,79.0,21.0,,,100.0,140.0,100.0,525.0,21.0,21.0,100.0,0.0,100.0,0.0,200.0,0.0,100.0,10894.0,100.0,53062685672.0,100.0,107828684850.0
2019-04-14,ZCH0CJZA,ST12000NM0007,12000138625024,0,83.0,192987496.0,91.0,0.0,100.0,7.0,100.0,0.0,86.0,401211911.0,88.0,10989.0,100.0,0.0,100.0,6.0,,,,,100.0,0.0,100.0,0.0,,,80.0,20.0,,,100.0,141.0,100.0,527.0,20.0,20.0,100.0,0.0,100.0,0.0,200.0,0.0,100.0,10926.0,100.0,53112600712.0,100.0,107969221866.0
2019-04-15,ZCH0CJZA,ST12000NM0007,12000138625024,0,78.0,69167296.0,91.0,0.0,100.0,7.0,100.0,0.0,86.0,402630314.0,88.0,11005.0,100.0,0.0,100.0,6.0,,,,,100.0,0.0,100.0,0.0,,,79.0,21.0,,,100.0,141.0,100.0,527.0,21.0,21.0,100.0,0.0,100.0,0.0,200.0,0.0,100.0,10942.0,100.0,53150118328.0,100.0,108052024722.0
2019-04-16,ZCH0CJZA,ST12000NM0007,12000138625024,0,82.0,163831440.0,91.0,0.0,100.0,7.0,100.0,0.0,86.0,407909430.0,88.0,11037.0,100.0,0.0,100.0,6.0,,,,,100.0,0.0,100.0,0.0,,,79.0,21.0,,,100.0,143.0,100.0,529.0,21.0,21.0,100.0,0.0,100.0,0.0,200.0,0.0,100.0,10973.0,100.0,53207987248.0,100.0,108332960754.0
2019-04-17,ZCH0CJZA,ST12000NM0007,12000138625024,0,78.0,66859328.0,91.0,0.0,100.0,7.0,100.0,0.0,86.0,409219113.0,88.0,11052.0,100.0,0.0,100.0,6.0,,,,,100.0,0.0,100.0,0.0,,,78.0,22.0,,,100.0,143.0,100.0,529.0,22.0,22.0,100.0,0.0,100.0,0.0,200.0,0.0,100.0,10989.0,100.0,53234567272.0,100.0,108453549330.0
2019-04-18,ZCH0CJZA,ST12000NM0007,12000138625024,0,79.0,83484472.0,91.0,0.0,100.0,7.0,100.0,0.0,86.0,413140637.0,88.0,11084.0,100.0,0.0,100.0,6.0,,,,,100.0,0.0,100.0,0.0,,,79.0,21.0,,,100.0,145.0,100.0,531.0,21.0,21.0,100.0,0.0,100.0,0.0,200.0,0.0,100.0,11020.0,100.0,53303058832.0,100.0,108645823594.0
2019-04-19,ZCH0CJZA,ST12000NM0007,12000138625024,0,82.0,142661184.0,91.0,0.0,100.0,7.0,100.0,0.0,86.0,415848409.0,88.0,11116.0,100.0,0.0,100.0,6.0,,,,,100.0,0.0,100.0,0.0,,,80.0,20.0,,,100.0,146.0,100.0,532.0,20.0,20.0,100.0,0.0,100.0,0.0,200.0,0.0,100.0,11052.0,100.0,53367466704.0,100.0,108884733170.0
2019-04-20,ZCH0CJZA,ST12000NM0007,12000138625024,0,77.0,44888376.0,91.0,0.0,100.0,7.0,100.0,0.0,86.0,417257920.0,88.0,11132.0,100.0,0.0,100.0,6.0,,,,,100.0,0.0,100.0,0.0,,,79.0,21.0,,,100.0,146.0,100.0,533.0,21.0,21.0,100.0,0.0,100.0,0.0,200.0,0.0,100.0,11068.0,100.0,53393232872.0,100.0,109005334986.0
2019-04-21,ZCH0CJZA,ST12000NM0007,12000138625024,0,83.0,184482632.0,91.0,0.0,100.0,7.0,100.0,0.0,86.0,424224085.0,88.0,11163.0,100.0,0.0,100.0,6.0,,,,,100.0,0.0,100.0,0.0,,,78.0,22.0,,,100.0,146.0,100.0,534.0,22.0,22.0,100.0,0.0,100.0,0.0,200.0,0.0,100.0,11100.0,100.0,53561529048.0,100.0,109220773698.0
2019-04-22,ZCH0CJZA,ST12000NM0007,12000138625024,0,78.0,67662728.0,91.0,0.0,100.0,7.0,100.0,0.0,86.0,425532214.0,88.0,11179.0,100.0,0.0,100.0,6.0,,,,,100.0,0.0,100.0,0.0,,,79.0,21.0,,,100.0,146.0,100.0,534.0,21.0,21.0,100.0,0.0,100.0,0.0,200.0,0.0,100.0,11115.0,100.0,53583269976.0,100.0,109326353658.0
2019-04-23,ZCH0CJZA,ST12000NM0007,12000138625024,0,82.0,168032016.0,91.0,0.0,100.0,7.0,100.0,0.0,86.0,429700174.0,88.0,11211.0,100.0,0.0,100.0,6.0,,,,,100.0,0.0,100.0,0.0,,,79.0,21.0,,,100.0,147.0,100.0,536.0,21.0,21.0,100.0,0.0,100.0,0.0,200.0,0.0,100.0,11147.0,100.0,53656451344.0,100.0,109597682266.0
2019-04-24,ZCH0CJZA,ST12000NM0007,12000138625024,0,78.0,70206688.0,91.0,0.0,100.0,7.0,100.0,0.0,86.0,431080624.0,88.0,11227.0,100.0,0.0,100.0,6.0,,,,,100.0,0.0,100.0,0.0,,,80.0,20.0,,,100.0,147.0,100.0,536.0,20.0,20.0,100.0,0.0,100.0,0.0,200.0,0.0,100.0,11163.0,100.0,53689314416.0,100.0,109711134666.0
2019-04-25,ZCH0CJZA,ST12000NM0007,12000138625024,0,81.0,137325968.0,91.0,0.0,100.0,7.0,100.0,0.0,86.0,435073320.0,88.0,11259.0,100.0,0.0,100.0,6.0,,,,,100.0,0.0,100.0,0.0,,,80.0,20.0,,,100.0,147.0,100.0,539.0,20.0,20.0,100.0,0.0,100.0,0.0,200.0,0.0,100.0,11194.0,100.0,53772502088.0,100.0,109939206906.0
2019-04-26,ZCH0CJZA,ST12000NM0007,12000138625024,0,77.0,56218216.0,91.0,0.0,100.0,7.0,100.0,0.0,86.0,436451713.0,88.0,11274.0,100.0,0.0,100.0,6.0,,,,,100.0,0.0,100.0,0.0,,,80.0,20.0,,,100.0,147.0,100.0,539.0,20.0,20.0,100.0,0.0,100.0,0.0,200.0,0.0,100.0,11210.0,100.0,53808421912.0,100.0,110066320186.0
2019-04-27,ZCH0CJZA,ST12000NM0007,12000138625024,0,80.0,107981936.0,91.0,0.0,100.0,7.0,100.0,0.0,86.0,439816238.0,88.0,11306.0,100.0,0.0,100.0,6.0,,,,,100.0,0.0,100.0,0.0,,,80.0,20.0,,,100.0,148.0,100.0,541.0,20.0,20.0,100.0,0.0,100.0,0.0,200.0,0.0,100.0,11241.0,100.0,53874951456.0,100.0,110295695082.0
2019-04-28,ZCH0CJZA,ST12000NM0007,12000138625024,0,77.0,49954536.0,91.0,0.0,100.0,7.0,100.0,0.0,86.0,442821655.0,88.0,11322.0,100.0,0.0,100.0,6.0,,,,,100.0,0.0,100.0,0.0,,,80.0,20.0,,,100.0,148.0,100.0,541.0,20.0,20.0,100.0,0.0,100.0,0.0,200.0,0.0,100.0,11257.0,100.0,53905039344.0,100.0,110451720434.0
2019-04-29,ZCH0CJZA,ST12000NM0007,12000138625024,0,82.0,142719920.0,91.0,0.0,100.0,7.0,100.0,0.0,86.0,446664957.0,88.0,11354.0,100.0,0.0,100.0,6.0,,,,,100.0,0.0,100.0,0.0,,,80.0,20.0,,,100.0,148.0,100.0,543.0,20.0,20.0,100.0,0.0,100.0,0.0,200.0,0.0,100.0,11289.0,100.0,53970843456.0,100.0,110722822450.0
2019-04-30,ZCH0CJZA,ST12000NM0007,12000138625024,0,76.0,36407768.0,91.0,0.0,100.0,7.0,100.0,0.0,87.0,447829051.0,88.0,11370.0,100.0,0.0,100.0,6.0,,,,,100.0,0.0,100.0,0.0,,,79.0,21.0,,,100.0,148.0,100.0,543.0,21.0,21.0,100.0,0.0,100.0,0.0,200.0,0.0,100.0,11305.0,100.0,53994352136.0,100.0,110837142322.0
2019-05-01,ZCH0CJZA,ST12000NM0007,12000138625024,0,79.0,74062184.0,91.0,0.0,100.0,7.0,100.0,0.0,87.0,450352104.0,87.0,11401.0,100.0,0.0,100.0,6.0,,,,,100.0,0.0,100.0,0.0,,,79.0,21.0,,,100.0,148.0,100.0,545.0,21.0,21.0,100.0,0.0,100.0,0.0,200.0,0.0,100.0,11336.0,100.0,54053549024.0,100.0,111059740506.0
2019-05-02,ZCH0CJZA,ST12000NM0007,12000138625024,0,75.0,30257528.0,91.0,0.0,100.0,7.0,100.0,0.0,87.0,453625514.0,87.0,11417.0,100.0,0.0,100.0,6.0,,,,,100.0,0.0,100.0,0.0,,,79.0,21.0,,,100.0,148.0,100.0,545.0,21.0,21.0,100.0,0.0,100.0,0.0,200.0,0.0,100.0,11351.0,100.0,54092699760.0,100.0,111220925866.0
2019-05-03,ZCH0CJZA,ST12000NM0007,12000138625024,0,81.0,136243120.0,91.0,0.0,100.0,7.0,100.0,0.0,87.0,458327151.0,87.0,11449.0,100.0,0.0,100.0,6.0,,,,,100.0,0.0,100.0,0.0,,,80.0,20.0,,,100.0,149.0,100.0,547.0,20.0,20.0,100.0,0.0,100.0,0.0,200.0,0.0,100.0,11383.0,100.0,54161108952.0,100.0,111502643074.0
2019-05-04,ZCH0CJZA,ST12000NM0007,12000138625024,0,75.0,32727160.0,91.0,0.0,100.0,7.0,100.0,0.0,87.0,459645970.0,87.0,11465.0,100.0,0.0,100.0,6.0,,,,,100.0,0.0,100.0,0.0,,,79.0,21.0,,,100.0,149.0,100.0,547.0,21.0,21.0,100.0,0.0,100.0,0.0,200.0,0.0,100.0,11399.0,100.0,54192568536.0,100.0,111611808346.0
2019-05-05,ZCH0CJZA,ST12000NM0007,12000138625024,0,77.0,55526280.0,91.0,0.0,100.0,7.0,100.0,0.0,87.0,462346847.0,87.0,11496.0,100.0,0.0,100.0,6.0,,,,,100.0,0.0,100.0,0.0,,,79.0,21.0,,,100.0,151.0,100.0,549.0,21.0,21.0,100.0,0.0,100.0,0.0,200.0,0.0,100.0,11431.0,100.0,54263498288.0,100.0,111807818506.0
2019-05-06,ZCH0CJZA,ST12000NM0007,12000138625024,0,82.0,175627992.0,91.0,0.0,100.0,7.0,100.0,0.0,87.0,463465552.0,87.0,11512.0,100.0,0.0,100.0,6.0,,,,,100.0,0.0,100.0,0.0,,,79.0,21.0,,,100.0,151.0,100.0,549.0,21.0,21.0,100.0,0.0,100.0,0.0,200.0,0.0,100.0,11446.0,100.0,54299399416.0,100.0,111892019090.0
2019-05-07,ZCH0CJZA,ST12000NM0007,12000138625024,0,83.0,223856032.0,91.0,0.0,100.0,7.0,100.0,0.0,87.0,467226439.0,87.0,11544.0,100.0,0.0,100.0,6.0,,,,,100.0,0.0,100.0,0.0,,,79.0,21.0,,,100.0,151.0,100.0,551.0,21.0,21.0,100.0,0.0,100.0,0.0,200.0,0.0,100.0,11478.0,100.0,54380002304.0,100.0,112103785018.0
2019-05-08,ZCH0CJZA,ST12000NM0007,12000138625024,0,80.0,90223680.0,91.0,0.0,100.0,7.0,100.0,0.0,87.0,468322022.0,87.0,11560.0,100.0,0.0,100.0,6.0,,,,,100.0,0.0,100.0,0.0,,,79.0,21.0,,,100.0,151.0,100.0,551.0,21.0,21.0,100.0,0.0,100.0,0.0,200.0,0.0,100.0,11494.0,100.0,54409631088.0,100.0,112184664578.0
2019-05-09,ZCH0CJZA,ST12000NM0007,12000138625024,0,82.0,157986328.0,91.0,0.0,100.0,7.0,100.0,0.0,87.0,473245713.0,87.0,11591.0,100.0,0.0,100.0,6.0,,,,,100.0,0.0,100.0,0.0,,,80.0,20.0,,,100.0,152.0,100.0,553.0,20.0,20.0,100.0,0.0,100.0,0.0,200.0,0.0,100.0,11525.0,100.0,54482387840.0,100.0,112423811106.0
2019-05-10,ZCH0CJZA,ST12000NM0007,12000138625024,0,76.0,41968008.0,91.0,0.0,100.0,7.0,100.0,0.0,87.0,474459118.0,87.0,11607.0,100.0,0.0,100.0,6.0,,,,,100.0,0.0,100.0,0.0,,,80.0,20.0,,,100.0,152.0,100.0,553.0,20.0,20.0,100.0,0.0,100.0,0.0,200.0,0.0,100.0,11541.0,100.0,54507837352.0,100.0,112526484010.0
2019-05-11,ZCH0CJZA,ST12000NM0007,12000138625024,0,77.0,44830632.0,91.0,0.0,100.0,7.0,100.0,0.0,87.0,476858307.0,87.0,11639.0,100.0,0.0,100.0,6.0,,,,,100.0,0.0,100.0,0.0,,,80.0,20.0,,,100.0,152.0,100.0,555.0,20.0,20.0,100.0,0.0,100.0,0.0,200.0,0.0,100.0,11572.0,100.0,54555204648.0,100.0,112726120202.0
2019-05-12,ZCH0CJZA,ST12000NM0007,12000138625024,0,82.0,167017560.0,91.0,0.0,100.0,7.0,100.0,0.0,87.0,478150699.0,87.0,11655.0,100.0,0.0,100.0,6.0,,,,,100.0,0.0,100.0,0.0,,,80.0,20.0,,,100.0,152.0,100.0,555.0,20.0,20.0,100.0,0.0,100.0,0.0,200.0,0.0,100.0,11588.0,100.0,54587372672.0,100.0,112816139106.0
2019-05-13,ZCH0CJZA,ST12000NM0007,12000138625024,0,83.0,185768880.0,91.0,0.0,100.0,7.0,100.0,0.0,87.0,481104690.0,87.0,11687.0,100.0,0.0,100.0,6.0,,,,,100.0,0.0,100.0,0.0,,,80.0,20.0,,,100.0,153.0,100.0,557.0,20.0,20.0,100.0,0.0,100.0,0.0,200.0,0.0,100.0,11620.0,100.0,54656503032.0,100.0,113009900890.0
2019-05-14,ZCH0CJZA,ST12000NM0007,12000138625024,0,80.0,101688104.0,91.0,0.0,100.0,7.0,100.0,0.0,87.0,483160863.0,87.0,11702.0,100.0,0.0,100.0,6.0,,,,,100.0,0.0,100.0,0.0,,,79.0,21.0,,,100.0,153.0,100.0,557.0,21.0,21.0,100.0,0.0,100.0,0.0,200.0,0.0,100.0,11636.0,100.0,54693507984.0,100.0,113132955842.0
2019-05-15,ZCH0CJZA,ST12000NM0007,12000138625024,0,82.0,148026912.0,91.0,0.0,100.0,7.0,100.0,0.0,87.0,485816566.0,87.0,11734.0,100.0,0.0,100.0,6.0,,,,,100.0,0.0,100.0,0.0,,,79.0,21.0,,,100.0,153.0,100.0,559.0,21.0,21.0,100.0,0.0,100.0,0.0,200.0,0.0,100.0,11667.0,100.0,54762317528.0,100.0,113354625738.0
2019-05-16,ZCH0CJZA,ST12000NM0007,12000138625024,0,78.0,60495744.0,91.0,0.0,100.0,7.0,100.0,0.0,87.0,488409528.0,87.0,11750.0,100.0,0.0,100.0,6.0,,,,,100.0,0.0,100.0,0.0,,,79.0,21.0,,,100.0,153.0,100.0,559.0,21.0,21.0,100.0,0.0,100.0,0.0,200.0,0.0,100.0,11683.0,100.0,54803672688.0,100.0,113469880138.0
2019-05-17,ZCH0CJZA,ST12000NM0007,12000138625024,0,79.0,77967496.0,91.0,0.0,100.0,7.0,100.0,0.0,87.0,490943947.0,87.0,11781.0,100.0,0.0,100.0,6.0,,,,,100.0,0.0,100.0,0.0,,,79.0,21.0,,,100.0,154.0,100.0,561.0,21.0,21.0,100.0,0.0,100.0,0.0,200.0,0.0,100.0,11715.0,100.0,54867544016.0,100.0,113667621418.0
2019-05-18,ZCH0CJZA,ST12000NM0007,12000138625024,0,83.0,203900504.0,91.0,0.0,100.0,7.0,100.0,0.0,87.0,492247102.0,87.0,11797.0,100.0,0.0,100.0,6.0,,,,,100.0,0.0,100.0,0.0,,,77.0,23.0,,,100.0,154.0,100.0,561.0,23.0,23.0,100.0,0.0,100.0,0.0,200.0,0.0,100.0,11731.0,100.0,54900476680.0,100.0,113760621762.0
2019-05-19,ZCH0CJZA,ST12000NM0007,12000138625024,0,83.0,203210568.0,91.0,0.0,100.0,7.0,100.0,0.0,87.0,494694586.0,87.0,11829.0,100.0,0.0,100.0,6.0,,,,,100.0,0.0,100.0,0.0,,,79.0,21.0,,,100.0,154.0,100.0,562.0,21.0,21.0,100.0,0.0,100.0,0.0,200.0,0.0,100.0,11762.0,100.0,54952468584.0,100.0,113952080554.0
2019-05-20,ZCH0CJZA,ST12000NM0007,12000138625024,0,80.0,97626832.0,91.0,0.0,100.0,7.0,100.0,0.0,87.0,496350418.0,87.0,11845.0,100.0,0.0,100.0,6.0,,,,,100.0,0.0,100.0,0.0,,,77.0,23.0,,,100.0,154.0,100.0,563.0,23.0,23.0,100.0,0.0,100.0,0.0,200.0,0.0,100.0,11778.0,100.0,54992319232.0,100.0,114050787010.0
2019-05-21,ZCH0CJZA,ST12000NM0007,12000138625024,0,82.0,167471416.0,91.0,0.0,100.0,7.0,100.0,0.0,87.0,500392682.0,87.0,11877.0,100.0,0.0,100.0,6.0,,,,,100.0,0.0,100.0,0.0,,,79.0,21.0,,,100.0,154.0,100.0,564.0,21.0,21.0,100.0,0.0,100.0,0.0,200.0,0.0,100.0,11810.0,100.0,55068488872.0,100.0,114288602650.0
2019-05-22,ZCH0CJZA,ST12000NM0007,12000138625024,0,77.0,49630016.0,91.0,0.0,100.0,7.0,100.0,0.0,87.0,501709270.0,87.0,11892.0,100.0,0.0,100.0,6.0,,,,,100.0,0.0,100.0,0.0,,,79.0,21.0,,,100.0,155.0,100.0,565.0,21.0,21.0,100.0,0.0,100.0,0.0,200.0,0.0,100.0,11825.0,100.0,55101197720.0,100.0,114382193282.0
2019-05-23,ZCH0CJZA,ST12000NM0007,12000138625024,0,77.0,55925120.0,91.0,0.0,100.0,7.0,100.0,0.0,87.0,505331219.0,87.0,11924.0,100.0,0.0,100.0,6.0,,,,,100.0,0.0,100.0,0.0,,,79.0,21.0,,,100.0,156.0,100.0,566.0,21.0,21.0,100.0,0.0,100.0,0.0,200.0,0.0,100.0,11857.0,100.0,55167430296.0,100.0,114566396442.0
2019-05-24,ZCH0CJZA,ST12000NM0007,12000138625024,0,78.0,68103888.0,91.0,0.0,100.0,7.0,100.0,0.0,87.0,507975496.0,87.0,11956.0,100.0,0.0,100.0,6.0,,,,,100.0,0.0,100.0,0.0,,,79.0,21.0,,,100.0,156.0,100.0,568.0,21.0,21.0,100.0,0.0,100.0,0.0,200.0,0.0,100.0,11888.0,100.0,55235385544.0,100.0,114754760770.0
2019-05-25,ZCH0CJZA,ST12000NM0007,12000138625024,0,83.0,195899128.0,91.0,0.0,100.0,7.0,100.0,0.0,87.0,509365445.0,87.0,11972.0,100.0,0.0,100.0,6.0,,,,,100.0,0.0,100.0,0.0,,,80.0,20.0,,,100.0,156.0,100.0,568.0,20.0,20.0,100.0,0.0,100.0,0.0,200.0,0.0,100.0,11904.0,100.0,55265950840.0,100.0,114851990714.0
2019-05-26,ZCH0CJZA,ST12000NM0007,12000138625024,0,67.0,5375232.0,91.0,0.0,100.0,7.0,100.0,0.0,87.0,513050004.0,87.0,12003.0,100.0,0.0,100.0,6.0,,,,,100.0,0.0,100.0,0.0,,,79.0,21.0,,,100.0,157.0,100.0,570.0,21.0,21.0,100.0,0.0,100.0,0.0,200.0,0.0,100.0,11936.0,100.0,55327858952.0,100.0,115087839978.0
2019-05-27,ZCH0CJZA,ST12000NM0007,12000138625024,0,81.0,131186424.0,91.0,0.0,100.0,7.0,100.0,0.0,87.0,514204505.0,87.0,12019.0,100.0,0.0,100.0,6.0,,,,,100.0,0.0,100.0,0.0,,,79.0,21.0,,,100.0,157.0,100.0,570.0,21.0,21.0,100.0,0.0,100.0,0.0,200.0,0.0,100.0,11952.0,100.0,55359792000.0,100.0,115181718122.0
2019-05-28,ZCH0CJZA,ST12000NM0007,12000138625024,0,82.0,172671760.0,91.0,0.0,100.0,7.0,100.0,0.0,87.0,517977222.0,87.0,12051.0,100.0,0.0,100.0,6.0,,,,,100.0,0.0,100.0,0.0,,,80.0,20.0,,,100.0,158.0,100.0,572.0,20.0,20.0,100.0,0.0,100.0,0.0,200.0,0.0,100.0,11983.0,100.0,55440487616.0,100.0,115386648506.0
2019-05-29,ZCH0CJZA,ST12000NM0007,12000138625024,0,77.0,49349184.0,91.0,0.0,100.0,7.0,100.0,0.0,87.0,519137439.0,87.0,12067.0,100.0,0.0,100.0,6.0,,,,,100.0,0.0,100.0,0.0,,,79.0,21.0,,,100.0,158.0,100.0,572.0,21.0,21.0,100.0,0.0,100.0,0.0,200.0,0.0,100.0,11999.0,100.0,55469864056.0,100.0,115478090322.0
2019-05-30,ZCH0CJZA,ST12000NM0007,12000138625024,0,83.0,214250392.0,91.0,0.0,100.0,7.0,100.0,0.0,87.0,521068796.0,87.0,12082.0,100.0,0.0,100.0,6.0,,,,,100.0,0.0,100.0,0.0,,,77.0,23.0,,,100.0,158.0,100.0,573.0,23.0,23.0,100.0,0.0,100.0,0.0,200.0,0.0,100.0,12015.0,100.0,55513712040.0,100.0,115599143546.0
2019-05-31,ZCH0CJZA,ST12000NM0007,12000138625024,0,83.0,217630600.0,91.0,0.0,100.0,7.0,100.0,0.0,87.0,524250148.0,87.0,12114.0,100.0,0.0,100.0,6.0,,,,,100.0,0.0,100.0,0.0,,,80.0,20.0,,,100.0,158.0,100.0,575.0,20.0,20.0,100.0,0.0,100.0,0.0,200.0,0.0,100.0,12046.0,100.0,55586400656.0,100.0,115773975794.0
2019-06-01,ZCH0CJZA,ST12000NM0007,12000138625024,0,80.0,97917848.0,91.0,0.0,100.0,7.0,100.0,0.0,87.0,525472812.0,87.0,12130.0,100.0,0.0,100.0,6.0,,,,,100.0,0.0,100.0,0.0,,,79.0,21.0,,,100.0,159.0,100.0,576.0,21.0,21.0,100.0,0.0,100.0,0.0,200.0,0.0,100.0,12062.0,100.0,55621497088.0,100.0,115863307458.0
2019-06-02,ZCH0CJZA,ST12000NM0007,12000138625024,0,82.0,169659296.0,91.0,0.0,100.0,7.0,100.0,0.0,87.0,528183858.0,87.0,12162.0,100.0,0.0,100.0,6.0,,,,,100.0,0.0,100.0,0.0,,,79.0,21.0,,,100.0,159.0,100.0,577.0,21.0,21.0,100.0,0.0,100.0,0.0,200.0,0.0,100.0,12093.0,100.0,55696185752.0,100.0,116104500946.0
2019-06-03,ZCH0CJZA,ST12000NM0007,12000138625024,0,68.0,6489216.0,91.0,0.0,100.0,7.0,100.0,0.0,87.0,531880266.0,87.0,12193.0,100.0,0.0,100.0,6.0,,,,,100.0,0.0,100.0,0.0,,,79.0,21.0,,,100.0,159.0,100.0,579.0,21.0,21.0,100.0,0.0,100.0,0.0,200.0,0.0,100.0,12125.0,100.0,55771288632.0,100.0,116354509522.0
2019-06-04,ZCH0CJZA,ST12000NM0007,12000138625024,0,82.0,143689456.0,91.0,0.0,100.0,7.0,100.0,0.0,87.0,533768118.0,87.0,12209.0,100.0,0.0,100.0,6.0,,,,,100.0,0.0,100.0,0.0,,,80.0,20.0,,,100.0,159.0,100.0,579.0,20.0,20.0,100.0,0.0,100.0,0.0,200.0,0.0,100.0,12141.0,100.0,55808963432.0,100.0,116454034962.0
2019-06-05,ZCH0CJZA,ST12000NM0007,12000138625024,0,72.0,14777160.0,91.0,0.0,100.0,7.0,100.0,0.0,87.0,536750490.0,87.0,12241.0,100.0,0.0,100.0,6.0,,,,,100.0,0.0,100.0,0.0,,,80.0,20.0,,,100.0,160.0,100.0,581.0,20.0,20.0,100.0,0.0,100.0,0.0,200.0,0.0,100.0,12172.0,100.0,55928629632.0,100.0,116693737978.0
2019-06-06,ZCH0CJZA,ST12000NM0007,12000138625024,0,81.0,127920536.0,91.0,0.0,100.0,7.0,100.0,0.0,87.0,539122846.0,87.0,12257.0,100.0,0.0,100.0,6.0,,,,,100.0,0.0,100.0,0.0,,,80.0,20.0,,,100.0,160.0,100.0,581.0,20.0,20.0,100.0,0.0,100.0,0.0,200.0,0.0,100.0,12188.0,100.0,55967550096.0,100.0,116767960890.0
2019-06-07,ZCH0CJZA,ST12000NM0007,12000138625024,0,82.0,154942992.0,91.0,0.0,100.0,7.0,100.0,0.0,87.0,542122428.0,86.0,12288.0,100.0,0.0,100.0,6.0,,,,,100.0,0.0,100.0,0.0,,,80.0,20.0,,,100.0,160.0,100.0,583.0,20.0,20.0,100.0,0.0,100.0,0.0,200.0,0.0,100.0,12219.0,100.0,56040657328.0,100.0,116966016746.0
2019-06-08,ZCH0CJZA,ST12000NM0007,12000138625024,0,78.0,56305168.0,91.0,0.0,100.0,7.0,100.0,0.0,87.0,543498246.0,86.0,12304.0,100.0,0.0,100.0,6.0,,,,,100.0,0.0,100.0,0.0,,,80.0,20.0,,,100.0,160.0,100.0,583.0,20.0,20.0,100.0,0.0,100.0,0.0,200.0,0.0,100.0,12235.0,100.0,56080289992.0,100.0,117071887026.0
2019-06-09,ZCH0CJZA,ST12000NM0007,12000138625024,0,80.0,102126984.0,91.0,0.0,100.0,7.0,100.0,0.0,87.0,546386675.0,86.0,12336.0,100.0,0.0,100.0,6.0,,,,,100.0,0.0,100.0,0.0,,,80.0,20.0,,,100.0,161.0,100.0,585.0,20.0,20.0,100.0,0.0,100.0,0.0,200.0,0.0,100.0,12267.0,100.0,56154704224.0,100.0,117287435314.0
2019-06-10,ZCH0CJZA,ST12000NM0007,12000138625024,0,83.0,211267976.0,91.0,0.0,100.0,7.0,100.0,0.0,87.0,547634302.0,86.0,12351.0,100.0,0.0,100.0,6.0,,,,,100.0,0.0,100.0,0.0,,,80.0,20.0,,,100.0,161.0,100.0,585.0,20.0,20.0,100.0,0.0,100.0,0.0,200.0,0.0,100.0,12282.0,100.0,56187134800.0,100.0,117364145730.0
2019-06-11,ZCH0CJZA,ST12000NM0007,12000138625024,0,79.0,81200528.0,91.0,0.0,100.0,7.0,100.0,0.0,87.0,553214528.0,86.0,12383.0,100.0,0.0,100.0,6.0,,,,,100.0,0.0,100.0,0.0,,,80.0,20.0,,,100.0,161.0,100.0,587.0,20.0,20.0,100.0,0.0,100.0,0.0,200.0,0.0,100.0,12314.0,100.0,56277106008.0,100.0,117632388650.0
2019-06-12,ZCH0CJZA,ST12000NM0007,12000138625024,0,77.0,55733880.0,91.0,0.0,100.0,7.0,100.0,0.0,87.0,555028698.0,86.0,12399.0,100.0,0.0,100.0,6.0,,,,,100.0,0.0,100.0,0.0,,,80.0,20.0,,,100.0,161.0,100.0,587.0,20.0,20.0,100.0,0.0,100.0,0.0,200.0,0.0,100.0,12329.0,100.0,56304178864.0,100.0,117823990018.0
2019-06-13,ZCH0CJZA,ST12000NM0007,12000138625024,0,80.0,98055880.0,91.0,0.0,100.0,7.0,100.0,0.0,87.0,558927206.0,86.0,12430.0,100.0,0.0,100.0,6.0,,,,,100.0,0.0,100.0,0.0,,,81.0,19.0,,,100.0,163.0,100.0,589.0,19.0,19.0,100.0,0.0,100.0,0.0,200.0,0.0,100.0,12360.0,100.0,56373823744.0,100.0,118040807770.0
2019-06-14,ZCH0CJZA,ST12000NM0007,12000138625024,0,71.0,12106248.0,91.0,0.0,100.0,7.0,100.0,0.0,87.0,560436616.0,86.0,12446.0,100.0,0.0,100.0,6.0,,,,,100.0,0.0,100.0,0.0,,,80.0,20.0,,,100.0,163.0,100.0,589.0,20.0,20.0,100.0,0.0,100.0,0.0,200.0,0.0,100.0,12376.0,100.0,56413827624.0,100.0,118158995026.0
2019-06-15,ZCH0CJZA,ST12000NM0007,12000138625024,0,78.0,60339424.0,91.0,0.0,100.0,7.0,100.0,0.0,88.0,563660205.0,86.0,12477.0,100.0,0.0,100.0,6.0,,,,,100.0,0.0,100.0,0.0,,,80.0,20.0,,,100.0,163.0,100.0,590.0,20.0,20.0,100.0,0.0,100.0,0.0,200.0,0.0,100.0,12408.0,100.0,56504196648.0,100.0,118360999858.0
2019-06-16,ZCH0CJZA,ST12000NM0007,12000138625024,0,84.0,243300936.0,91.0,0.0,100.0,7.0,100.0,0.0,88.0,565466653.0,86.0,12493.0,100.0,0.0,100.0,6.0,,,,,100.0,0.0,100.0,0.0,,,80.0,20.0,,,100.0,164.0,100.0,591.0,20.0,20.0,100.0,0.0,100.0,0.0,200.0,0.0,100.0,12423.0,100.0,56563867464.0,100.0,118484290554.0
2019-06-17,ZCH0CJZA,ST12000NM0007,12000138625024,0,77.0,45538736.0,91.0,0.0,100.0,7.0,100.0,0.0,88.0,568417747.0,86.0,12525.0,100.0,0.0,100.0,6.0,,,,,100.0,0.0,100.0,0.0,,,80.0,20.0,,,100.0,165.0,100.0,592.0,20.0,20.0,100.0,0.0,100.0,0.0,200.0,0.0,100.0,12455.0,100.0,56640468168.0,100.0,118698209058.0
2019-06-18,ZCH0CJZA,ST12000NM0007,12000138625024,0,81.0,138375248.0,91.0,0.0,100.0,7.0,100.0,0.0,88.0,572716497.0,86.0,12556.0,100.0,0.0,100.0,6.0,,,,,100.0,0.0,100.0,0.0,,,80.0,20.0,,,100.0,166.0,100.0,594.0,20.0,20.0,100.0,0.0,100.0,0.0,200.0,0.0,100.0,12486.0,100.0,56726860288.0,100.0,118948794122.0
2019-06-19,ZCH0CJZA,ST12000NM0007,12000138625024,0,77.0,51413056.0,91.0,0.0,100.0,7.0,100.0,0.0,88.0,574348750.0,86.0,12572.0,100.0,0.0,100.0,6.0,,,,,100.0,0.0,100.0,0.0,,,80.0,20.0,,,100.0,166.0,100.0,594.0,20.0,20.0,100.0,0.0,100.0,0.0,200.0,0.0,100.0,12502.0,100.0,56772049392.0,100.0,119060783546.0
2019-06-20,ZCH0CJZA,ST12000NM0007,12000138625024,0,81.0,127726968.0,91.0,0.0,100.0,7.0,100.0,0.0,88.0,578541887.0,86.0,12604.0,100.0,0.0,100.0,6.0,,,,,100.0,0.0,100.0,0.0,,,80.0,20.0,,,100.0,166.0,100.0,596.0,20.0,20.0,100.0,0.0,100.0,0.0,200.0,0.0,100.0,12533.0,100.0,56855378272.0,100.0,119297909458.0
2019-06-21,ZCH0CJZA,ST12000NM0007,12000138625024,0,74.0,22643408.0,91.0,0.0,100.0,7.0,100.0,0.0,88.0,580218425.0,86.0,12620.0,100.0,0.0,100.0,6.0,,,,,100.0,0.0,100.0,0.0,,,80.0,20.0,,,100.0,166.0,100.0,596.0,20.0,20.0,100.0,0.0,100.0,0.0,200.0,0.0,100.0,12549.0,100.0,56894394400.0,100.0,119397950554.0
2019-06-22,ZCH0CJZA,ST12000NM0007,12000138625024,0,84.0,242932840.0,91.0,0.0,100.0,7.0,100.0,0.0,88.0,582988842.0,86.0,12651.0,100.0,0.0,100.0,6.0,,,,,100.0,0.0,100.0,0.0,,,80.0,20.0,,,100.0,166.0,100.0,598.0,20.0,20.0,100.0,0.0,100.0,0.0,200.0,0.0,100.0,12581.0,100.0,56961961128.0,100.0,119550673258.0
2019-06-23,ZCH0CJZA,ST12000NM0007,12000138625024,0,81.0,123053600.0,91.0,0.0,100.0,7.0,100.0,0.0,88.0,584602561.0,86.0,12667.0,100.0,0.0,100.0,6.0,,,,,100.0,0.0,100.0,0.0,,,80.0,20.0,,,100.0,166.0,100.0,598.0,20.0,20.0,100.0,0.0,100.0,0.0,200.0,0.0,100.0,12597.0,100.0,56986899440.0,100.0,119649996522.0
2019-06-24,ZCH0CJZA,ST12000NM0007,12000138625024,0,83.0,187151400.0,91.0,0.0,100.0,7.0,100.0,0.0,88.0,589316966.0,86.0,12699.0,100.0,0.0,100.0,6.0,,,,,100.0,0.0,100.0,0.0,,,80.0,20.0,,,100.0,166.0,100.0,600.0,20.0,20.0,100.0,0.0,100.0,0.0,200.0,0.0,100.0,12628.0,100.0,57066187280.0,100.0,119878947122.0
2019-06-25,ZCH0CJZA,ST12000NM0007,12000138625024,0,80.0,100599912.0,91.0,0.0,100.0,7.0,100.0,0.0,88.0,591064869.0,86.0,12715.0,100.0,0.0,100.0,6.0,,,,,100.0,0.0,100.0,0.0,,,80.0,20.0,,,100.0,166.0,100.0,600.0,20.0,20.0,100.0,0.0,100.0,0.0,200.0,0.0,100.0,12644.0,100.0,57106674576.0,100.0,119996049066.0
2019-06-26,ZCH0CJZA,ST12000NM0007,12000138625024,0,81.0,140549760.0,91.0,0.0,100.0,7.0,100.0,0.0,88.0,594444617.0,86.0,12747.0,100.0,0.0,100.0,6.0,,,,,100.0,0.0,100.0,0.0,,,80.0,20.0,,,100.0,167.0,100.0,602.0,20.0,20.0,100.0,0.0,100.0,0.0,200.0,0.0,100.0,12676.0,100.0,57175561272.0,100.0,120211252906.0
2019-06-27,ZCH0CJZA,ST12000NM0007,12000138625024,0,79.0,76547304.0,91.0,0.0,100.0,7.0,100.0,0.0,88.0,597434877.0,86.0,12762.0,100.0,0.0,100.0,6.0,,,,,100.0,0.0,100.0,0.0,,,80.0,20.0,,,100.0,167.0,100.0,602.0,20.0,20.0,100.0,0.0,100.0,0.0,200.0,0.0,100.0,12692.0,100.0,57229343256.0,100.0,120337609250.0
2019-06-28,ZCH0CJZA,ST12000NM0007,12000138625024,0,74.0,27249976.0,91.0,0.0,100.0,7.0,100.0,0.0,88.0,601391015.0,86.0,12794.0,100.0,0.0,100.0,6.0,,,,,100.0,0.0,100.0,0.0,,,80.0,20.0,,,100.0,168.0,100.0,604.0,20.0,20.0,100.0,0.0,100.0,0.0,200.0,0.0,100.0,12723.0,100.0,57304168880.0,100.0,120701767762.0
2019-06-29,ZCH0CJZA,ST12000NM0007,12000138625024,0,83.0,206057328.0,91.0,0.0,100.0,7.0,100.0,0.0,88.0,603384459.0,86.0,12810.0,100.0,0.0,100.0,6.0,,,,,100.0,0.0,100.0,0.0,,,80.0,20.0,,,100.0,168.0,100.0,604.0,20.0,20.0,100.0,0.0,100.0,0.0,200.0,0.0,100.0,12739.0,100.0,57337786664.0,100.0,120846957330.0
2019-06-30,ZCH0CJZA,ST12000NM0007,12000138625024,0,83.0,185948640.0,91.0,0.0,100.0,7.0,100.0,0.0,88.0,608807213.0,86.0,12842.0,100.0,0.0,100.0,6.0,,,,,100.0,0.0,100.0,0.0,,,80.0,20.0,,,100.0,169.0,100.0,606.0,20.0,20.0,100.0,0.0,100.0,0.0,200.0,0.0,100.0,12770.0,100.0,57425855928.0,100.0,121227060914.0
2019-07-01,ZCH0CJZA,ST12000NM0007,12000138625024,0,82.0,142559704.0,91.0,0.0,100.0,7.0,100.0,0.0,88.0,610748042.0,86.0,12857.0,100.0,0.0,100.0,6.0,,,,,100.0,0.0,100.0,0.0,,,80.0,20.0,,,100.0,169.0,100.0,606.0,20.0,20.0,100.0,0.0,100.0,0.0,200.0,0.0,100.0,12786.0,100.0,57461496072.0,100.0,121392172538.0
2019-07-02,ZCH0CJZA,ST12000NM0007,12000138625024,0,83.0,217408008.0,91.0,0.0,100.0,7.0,100.0,0.0,88.0,616805530.0,86.0,12889.0,100.0,0.0,100.0,6.0,,,,,100.0,0.0,100.0,0.0,,,80.0,20.0,,,100.0,170.0,100.0,608.0,20.0,20.0,100.0,0.0,100.0,0.0,200.0,0.0,100.0,12818.0,100.0,57572169096.0,100.0,121844629226.0
2019-07-03,ZCH0CJZA,ST12000NM0007,12000138625024,0,83.0,216077784.0,91.0,0.0,100.0,7.0,100.0,0.0,88.0,619046923.0,86.0,12905.0,100.0,0.0,100.0,6.0,,,,,100.0,0.0,100.0,0.0,,,80.0,20.0,,,100.0,170.0,100.0,608.0,20.0,20.0,100.0,0.0,100.0,0.0,200.0,0.0,100.0,12834.0,100.0,57622716696.0,100.0,122036892162.0
2019-07-04,ZCH0CJZA,ST12000NM0007,12000138625024,0,80.0,106238496.0,91.0,0.0,100.0,7.0,100.0,0.0,88.0,623975400.0,86.0,12937.0,100.0,0.0,100.0,6.0,,,,,100.0,0.0,100.0,0.0,,,80.0,20.0,,,100.0,170.0,100.0,610.0,20.0,20.0,100.0,0.0,100.0,0.0,200.0,0.0,100.0,12865.0,100.0,57700308432.0,100.0,122337742506.0
2019-07-05,ZCH0CJZA,ST12000NM0007,12000138625024,0,79.0,83073248.0,91.0,0.0,100.0,7.0,100.0,0.0,88.0,626004137.0,86.0,12953.0,100.0,0.0,100.0,6.0,,,,,100.0,0.0,100.0,0.0,,,80.0,20.0,,,100.0,171.0,100.0,611.0,20.0,20.0,100.0,0.0,100.0,0.0,200.0,0.0,100.0,12881.0,100.0,57748816112.0,100.0,122510210298.0
2019-07-06,ZCH0CJZA,ST12000NM0007,12000138625024,0,84.0,242543736.0,91.0,0.0,100.0,7.0,100.0,0.0,88.0,629813264.0,86.0,12984.0,100.0,0.0,100.0,6.0,,,,,100.0,0.0,100.0,0.0,,,80.0,20.0,,,100.0,171.0,100.0,612.0,20.0,20.0,100.0,0.0,100.0,0.0,200.0,0.0,100.0,12912.0,100.0,57840155000.0,100.0,122822482554.0
2019-07-07,ZCH0CJZA,ST12000NM0007,12000138625024,0,81.0,123692400.0,91.0,0.0,100.0,7.0,100.0,0.0,88.0,633165012.0,86.0,13000.0,100.0,0.0,100.0,6.0,,,,,100.0,0.0,100.0,0.0,,,79.0,21.0,,,100.0,172.0,100.0,613.0,21.0,21.0,100.0,0.0,100.0,0.0,200.0,0.0,100.0,12928.0,100.0,57876464704.0,100.0,122911462298.0
2019-07-08,ZCH0CJZA,ST12000NM0007,12000138625024,0,73.0,21374456.0,91.0,0.0,100.0,7.0,100.0,0.0,88.0,638691471.0,86.0,13031.0,100.0,0.0,100.0,6.0,,,,,100.0,0.0,100.0,0.0,,,79.0,21.0,,,100.0,172.0,100.0,614.0,21.0,21.0,100.0,0.0,100.0,0.0,200.0,0.0,100.0,12959.0,100.0,57972358592.0,100.0,123201531882.0
2019-07-09,ZCH0CJZA,ST12000NM0007,12000138625024,0,75.0,28472016.0,91.0,0.0,100.0,7.0,100.0,0.0,88.0,641556332.0,86.0,13047.0,100.0,0.0,100.0,6.0,,,,,100.0,0.0,100.0,0.0,,,80.0,20.0,,,100.0,172.0,100.0,615.0,20.0,20.0,100.0,0.0,100.0,0.0,200.0,0.0,100.0,12975.0,100.0,58018094416.0,100.0,123407034482.0
2019-07-10,ZCH0CJZA,ST12000NM0007,12000138625024,0,69.0,8779712.0,91.0,0.0,100.0,7.0,100.0,0.0,88.0,645726791.0,86.0,13079.0,100.0,0.0,100.0,6.0,,,,,100.0,0.0,100.0,0.0,,,80.0,20.0,,,100.0,172.0,100.0,616.0,20.0,20.0,100.0,0.0,100.0,0.0,200.0,0.0,100.0,13006.0,100.0,58090961512.0,100.0,123802756506.0
2019-07-11,ZCH0CJZA,ST12000NM0007,12000138625024,0,83.0,192598440.0,91.0,0.0,100.0,7.0,100.0,0.0,88.0,648439228.0,86.0,13095.0,100.0,0.0,100.0,6.0,,,,,100.0,0.0,100.0,0.0,,,80.0,20.0,,,100.0,173.0,100.0,617.0,20.0,20.0,100.0,0.0,100.0,0.0,200.0,0.0,100.0,13022.0,100.0,58143650632.0,100.0,123933886114.0
2019-07-12,ZCH0CJZA,ST12000NM0007,12000138625024,0,78.0,64721608.0,91.0,0.0,100.0,7.0,100.0,0.0,88.0,652448357.0,86.0,13126.0,100.0,0.0,100.0,6.0,,,,,100.0,0.0,100.0,0.0,,,80.0,20.0,,,100.0,173.0,100.0,618.0,20.0,20.0,100.0,0.0,100.0,0.0,200.0,0.0,100.0,13054.0,100.0,58224446224.0,100.0,124213495058.0
2019-07-13,ZCH0CJZA,ST12000NM0007,12000138625024,0,75.0,33858472.0,91.0,0.0,100.0,7.0,100.0,0.0,88.0,654652372.0,85.0,13142.0,100.0,0.0,100.0,6.0,,,,,100.0,0.0,100.0,0.0,,,80.0,20.0,,,100.0,173.0,100.0,619.0,20.0,20.0,100.0,0.0,100.0,0.0,200.0,0.0,100.0,13069.0,100.0,58253238888.0,100.0,124397979890.0
2019-07-14,ZCH0CJZA,ST12000NM0007,12000138625024,0,78.0,61265360.0,91.0,0.0,100.0,7.0,100.0,0.0,88.0,660028045.0,85.0,13174.0,100.0,0.0,100.0,6.0,,,,,100.0,0.0,100.0,0.0,,,80.0,20.0,,,100.0,173.0,100.0,620.0,20.0,20.0,100.0,0.0,100.0,0.0,200.0,0.0,100.0,13101.0,100.0,58341339048.0,100.0,124825568042.0
2019-07-15,ZCH0CJZA,ST12000NM0007,12000138625024,0,75.0,33632024.0,91.0,0.0,100.0,7.0,100.0,0.0,88.0,662055938.0,85.0,13190.0,100.0,0.0,100.0,6.0,,,,,100.0,0.0,100.0,0.0,,,80.0,20.0,,,100.0,173.0,100.0,621.0,20.0,20.0,100.0,0.0,100.0,0.0,200.0,0.0,100.0,13116.0,100.0,58380579152.0,100.0,125002835330.0
2019-07-16,ZCH0CJZA,ST12000NM0007,12000138625024,0,84.0,243924504.0,91.0,0.0,100.0,7.0,100.0,0.0,88.0,667487119.0,85.0,13221.0,100.0,0.0,100.0,6.0,,,,,100.0,0.0,100.0,0.0,,,80.0,20.0,,,100.0,173.0,100.0,622.0,20.0,20.0,100.0,0.0,100.0,0.0,200.0,0.0,100.0,13148.0,100.0,58471397384.0,100.0,125366450338.0
2019-07-17,ZCH0CJZA,ST12000NM0007,12000138625024,0,83.0,205303816.0,91.0,0.0,100.0,7.0,100.0,0.0,88.0,669418339.0,85.0,13237.0,100.0,0.0,100.0,6.0,,,,,100.0,0.0,100.0,0.0,,,80.0,20.0,,,100.0,174.0,100.0,623.0,20.0,20.0,100.0,0.0,100.0,0.0,200.0,0.0,100.0,13164.0,100.0,58511448288.0,100.0,125531919394.0
2019-07-18,ZCH0CJZA,ST12000NM0007,12000138625024,0,79.0,72335536.0,91.0,0.0,100.0,7.0,100.0,0.0,88.0,674047822.0,85.0,13269.0,100.0,0.0,100.0,6.0,,,,,100.0,0.0,100.0,0.0,,,80.0,20.0,,,100.0,174.0,100.0,624.0,20.0,20.0,100.0,0.0,100.0,0.0,200.0,0.0,100.0,13195.0,100.0,58575233320.0,100.0,125823447554.0
2019-07-19,ZCH0CJZA,ST12000NM0007,12000138625024,0,75.0,31097272.0,91.0,0.0,100.0,7.0,100.0,0.0,88.0,675944712.0,85.0,13285.0,100.0,0.0,100.0,6.0,,,,,100.0,0.0,100.0,0.0,,,80.0,20.0,,,100.0,174.0,100.0,625.0,20.0,20.0,100.0,0.0,100.0,0.0,200.0,0.0,100.0,13211.0,100.0,58598804976.0,100.0,126002778378.0
2019-07-20,ZCH0CJZA,ST12000NM0007,12000138625024,0,83.0,203832384.0,91.0,0.0,100.0,7.0,100.0,0.0,88.0,680125635.0,85.0,13316.0,100.0,0.0,100.0,6.0,,,,,100.0,0.0,100.0,0.0,,,80.0,20.0,,,100.0,174.0,100.0,626.0,20.0,20.0,100.0,0.0,100.0,0.0,200.0,0.0,100.0,13242.0,100.0,58645591640.0,100.0,126372867506.0
2019-07-21,ZCH0CJZA,ST12000NM0007,12000138625024,0,84.0,225570000.0,91.0,0.0,100.0,7.0,100.0,0.0,88.0,682865894.0,85.0,13332.0,100.0,0.0,100.0,6.0,,,,,100.0,0.0,100.0,0.0,,,80.0,20.0,,,100.0,174.0,100.0,627.0,20.0,20.0,100.0,0.0,100.0,0.0,200.0,0.0,100.0,13258.0,100.0,58708619072.0,100.0,126575718338.0
2019-07-22,ZCH0CJZA,ST12000NM0007,12000138625024,0,81.0,121789856.0,91.0,0.0,100.0,7.0,100.0,0.0,88.0,687165043.0,85.0,13364.0,100.0,0.0,100.0,6.0,,,,,100.0,0.0,100.0,0.0,,,80.0,20.0,,,100.0,174.0,100.0,628.0,20.0,20.0,100.0,0.0,100.0,0.0,200.0,0.0,100.0,13290.0,100.0,58794680472.0,100.0,126874158234.0
2019-07-23,ZCH0CJZA,ST12000NM0007,12000138625024,0,81.0,134133744.0,91.0,0.0,100.0,7.0,100.0,0.0,88.0,690839212.0,85.0,13380.0,100.0,0.0,100.0,6.0,,,,,100.0,0.0,100.0,0.0,,,80.0,20.0,,,100.0,174.0,100.0,629.0,20.0,20.0,100.0,0.0,100.0,0.0,200.0,0.0,100.0,13305.0,100.0,58846013272.0,100.0,127079309970.0
2019-07-24,ZCH0CJZA,ST12000NM0007,12000138625024,0,77.0,54605016.0,91.0,0.0,100.0,7.0,100.0,0.0,88.0,695204795.0,85.0,13411.0,100.0,0.0,100.0,6.0,,,,,100.0,0.0,100.0,0.0,,,79.0,21.0,,,100.0,175.0,100.0,630.0,21.0,21.0,100.0,0.0,100.0,0.0,200.0,0.0,100.0,13337.0,100.0,58915555920.0,100.0,127418520002.0
2019-07-25,ZCH0CJZA,ST12000NM0007,12000138625024,0,83.0,212458608.0,91.0,0.0,100.0,7.0,100.0,0.0,88.0,701101427.0,85.0,13443.0,100.0,0.0,100.0,6.0,,,,,100.0,0.0,100.0,0.0,,,80.0,20.0,,,100.0,175.0,100.0,632.0,20.0,20.0,100.0,0.0,100.0,0.0,200.0,0.0,100.0,13368.0,100.0,59009493472.0,100.0,127726576858.0
2019-07-26,ZCH0CJZA,ST12000NM0007,12000138625024,0,83.0,215353472.0,91.0,0.0,100.0,7.0,100.0,0.0,88.0,703430027.0,85.0,13459.0,100.0,0.0,100.0,6.0,,,,,100.0,0.0,100.0,0.0,,,80.0,20.0,,,100.0,175.0,100.0,632.0,20.0,20.0,100.0,0.0,100.0,0.0,200.0,0.0,100.0,13384.0,100.0,59057843656.0,100.0,127925262314.0
2019-07-27,ZCH0CJZA,ST12000NM0007,12000138625024,0,82.0,171783336.0,91.0,0.0,100.0,7.0,100.0,0.0,88.0,707907102.0,85.0,13491.0,100.0,0.0,100.0,6.0,,,,,100.0,0.0,100.0,0.0,,,80.0,20.0,,,100.0,175.0,100.0,634.0,20.0,20.0,100.0,0.0,100.0,0.0,200.0,0.0,100.0,13415.0,100.0,59127764904.0,100.0,128300052234.0
2019-07-28,ZCH0CJZA,ST12000NM0007,12000138625024,0,82.0,150235928.0,91.0,0.0,100.0,7.0,100.0,0.0,89.0,710167697.0,85.0,13506.0,100.0,0.0,100.0,6.0,,,,,100.0,0.0,100.0,0.0,,,80.0,20.0,,,100.0,175.0,100.0,634.0,20.0,20.0,100.0,0.0,100.0,0.0,200.0,0.0,100.0,13431.0,100.0,59176185048.0,100.0,128474225402.0
2019-07-29,ZCH0CJZA,ST12000NM0007,12000138625024,0,82.0,158376952.0,91.0,0.0,100.0,7.0,100.0,0.0,89.0,715567047.0,85.0,13538.0,100.0,0.0,100.0,6.0,,,,,100.0,0.0,100.0,0.0,,,79.0,21.0,,,100.0,176.0,100.0,636.0,21.0,21.0,100.0,0.0,100.0,0.0,200.0,0.0,100.0,13462.0,100.0,59274503776.0,100.0,128872329106.0
2019-07-30,ZCH0CJZA,ST12000NM0007,12000138625024,0,82.0,172438272.0,91.0,0.0,100.0,7.0,100.0,0.0,89.0,718724450.0,85.0,13554.0,100.0,0.0,100.0,6.0,,,,,100.0,0.0,100.0,0.0,,,80.0,20.0,,,100.0,176.0,100.0,636.0,20.0,20.0,100.0,0.0,100.0,0.0,200.0,0.0,100.0,13478.0,100.0,59322963272.0,100.0,129082071602.0
2019-07-31,ZCH0CJZA,ST12000NM0007,12000138625024,0,81.0,113483616.0,91.0,0.0,100.0,7.0,100.0,0.0,89.0,723140229.0,85.0,13586.0,100.0,0.0,100.0,6.0,,,,,100.0,0.0,100.0,0.0,,,80.0,20.0,,,100.0,176.0,100.0,638.0,20.0,20.0,100.0,0.0,100.0,0.0,200.0,0.0,100.0,13510.0,100.0,59386599208.0,100.0,129447762418.0
2019-08-01,ZCH0CJZA,ST12000NM0007,12000138625024,0,78.0,69072776.0,91.0,0.0,100.0,7.0,100.0,0.0,89.0,727401717.0,85.0,13602.0,100.0,0.0,100.0,6.0,,,,,100.0,0.0,100.0,0.0,,,80.0,20.0,,,100.0,176.0,100.0,638.0,20.0,20.0,100.0,0.0,100.0,0.0,200.0,0.0,100.0,13526.0,100.0,59442346056.0,100.0,129591745362.0
2019-08-02,ZCH0CJZA,ST12000NM0007,12000138625024,0,83.0,202450248.0,91.0,0.0,100.0,7.0,100.0,0.0,89.0,731880794.0,85.0,13633.0,100.0,0.0,100.0,6.0,,,,,100.0,0.0,100.0,0.0,,,80.0,20.0,,,100.0,178.0,100.0,640.0,20.0,20.0,100.0,0.0,100.0,0.0,200.0,0.0,100.0,13557.0,100.0,59523043472.0,100.0,129888566122.0
2019-08-03,ZCH0CJZA,ST12000NM0007,12000138625024,0,81.0,116426568.0,91.0,0.0,100.0,7.0,100.0,0.0,89.0,733598307.0,85.0,13649.0,100.0,0.0,100.0,6.0,,,,,100.0,0.0,100.0,0.0,,,80.0,20.0,,,100.0,178.0,100.0,640.0,20.0,20.0,100.0,0.0,100.0,0.0,200.0,0.0,100.0,13573.0,100.0,59547530960.0,100.0,130022195618.0
2019-08-04,ZCH0CJZA,ST12000NM0007,12000138625024,0,65.0,3473848.0,91.0,0.0,100.0,7.0,100.0,0.0,89.0,737456048.0,85.0,13681.0,100.0,0.0,100.0,6.0,,,,,100.0,0.0,100.0,0.0,,,80.0,20.0,,,100.0,178.0,100.0,642.0,20.0,20.0,100.0,0.0,100.0,0.0,200.0,0.0,100.0,13604.0,100.0,59618581640.0,100.0,130326473658.0
2019-08-05,ZCH0CJZA,ST12000NM0007,12000138625024,0,65.0,3524584.0,91.0,0.0,100.0,7.0,100.0,0.0,89.0,739727466.0,85.0,13696.0,100.0,0.0,100.0,6.0,,,,,100.0,0.0,100.0,0.0,,,79.0,21.0,,,100.0,178.0,100.0,642.0,21.0,21.0,100.0,0.0,100.0,0.0,200.0,0.0,100.0,13620.0,100.0,59662654088.0,100.0,130526592738.0
2019-08-06,ZCH0CJZA,ST12000NM0007,12000138625024,0,84.0,232790832.0,91.0,0.0,100.0,7.0,100.0,0.0,89.0,745270256.0,85.0,13728.0,100.0,0.0,100.0,6.0,,,,,100.0,0.0,100.0,0.0,,,80.0,20.0,,,100.0,178.0,100.0,644.0,20.0,20.0,100.0,0.0,100.0,0.0,200.0,0.0,100.0,13652.0,100.0,59748920008.0,100.0,130913733706.0
2019-08-07,ZCH0CJZA,ST12000NM0007,12000138625024,0,72.0,17377920.0,91.0,0.0,100.0,7.0,100.0,0.0,89.0,747352590.0,85.0,13744.0,100.0,0.0,100.0,6.0,,,,,100.0,0.0,100.0,0.0,,,80.0,20.0,,,100.0,178.0,100.0,644.0,20.0,20.0,100.0,0.0,100.0,0.0,200.0,0.0,100.0,13668.0,100.0,59786553272.0,100.0,131148968954.0
2019-08-08,ZCH0CJZA,ST12000NM0007,12000138625024,0,82.0,158170872.0,91.0,0.0,100.0,7.0,100.0,0.0,89.0,752899566.0,85.0,13776.0,100.0,0.0,100.0,6.0,,,,,100.0,0.0,100.0,0.0,,,80.0,20.0,,,100.0,180.0,100.0,647.0,20.0,20.0,100.0,0.0,100.0,0.0,200.0,0.0,100.0,13699.0,100.0,59866186864.0,100.0,131454269130.0
2019-08-09,ZCH0CJZA,ST12000NM0007,12000138625024,0,82.0,161100168.0,91.0,0.0,100.0,7.0,100.0,0.0,89.0,755253044.0,85.0,13791.0,100.0,0.0,100.0,6.0,,,,,100.0,0.0,100.0,0.0,,,80.0,20.0,,,100.0,180.0,100.0,647.0,20.0,20.0,100.0,0.0,100.0,0.0,200.0,0.0,100.0,13715.0,100.0,59894599192.0,100.0,131672926866.0
2019-08-10,ZCH0CJZA,ST12000NM0007,12000138625024,0,73.0,18688056.0,91.0,0.0,100.0,7.0,100.0,0.0,89.0,761403891.0,85.0,13823.0,100.0,0.0,100.0,6.0,,,,,100.0,0.0,100.0,0.0,,,79.0,21.0,,,100.0,180.0,100.0,649.0,21.0,21.0,100.0,0.0,100.0,0.0,200.0,0.0,100.0,13746.0,100.0,59956499816.0,100.0,132201036346.0
2019-08-11,ZCH0CJZA,ST12000NM0007,12000138625024,0,78.0,65230512.0,91.0,0.0,100.0,7.0,100.0,0.0,89.0,764055428.0,85.0,13839.0,100.0,0.0,100.0,6.0,,,,,100.0,0.0,100.0,0.0,,,80.0,20.0,,,100.0,180.0,100.0,649.0,20.0,20.0,100.0,0.0,100.0,0.0,200.0,0.0,100.0,13762.0,100.0,59985526936.0,100.0,132462692394.0
2019-08-12,ZCH0CJZA,ST12000NM0007,12000138625024,0,83.0,183126344.0,91.0,0.0,100.0,7.0,100.0,0.0,89.0,769384508.0,85.0,13871.0,100.0,0.0,100.0,6.0,,,,,100.0,0.0,100.0,0.0,,,80.0,20.0,,,100.0,180.0,100.0,651.0,20.0,20.0,100.0,0.0,100.0,0.0,200.0,0.0,100.0,13794.0,100.0,60051628032.0,100.0,133002768522.0
2019-08-13,ZCH0CJZA,ST12000NM0007,12000138625024,0,84.0,237861352.0,91.0,0.0,100.0,7.0,100.0,0.0,89.0,772869473.0,85.0,13886.0,100.0,0.0,100.0,6.0,,,,,100.0,0.0,100.0,0.0,,,80.0,20.0,,,100.0,180.0,100.0,651.0,20.0,20.0,100.0,0.0,100.0,0.0,200.0,0.0,100.0,13809.0,100.0,60094457184.0,100.0,133258815010.0
2019-08-14,ZCH0CJZA,ST12000NM0007,12000138625024,0,82.0,161844328.0,91.0,0.0,100.0,7.0,100.0,0.0,89.0,776940849.0,85.0,13918.0,100.0,0.0,100.0,6.0,,,,,100.0,0.0,100.0,0.0,,,79.0,21.0,,,100.0,180.0,100.0,653.0,21.0,21.0,100.0,0.0,100.0,0.0,200.0,0.0,100.0,13841.0,100.0,60176333304.0,100.0,133589203250.0
2019-08-15,ZCH0CJZA,ST12000NM0007,12000138625024,0,82.0,161127288.0,91.0,0.0,100.0,7.0,100.0,0.0,89.0,779726340.0,85.0,13934.0,100.0,0.0,100.0,6.0,,,,,100.0,0.0,100.0,0.0,,,80.0,20.0,,,100.0,180.0,100.0,653.0,20.0,20.0,100.0,0.0,100.0,0.0,200.0,0.0,100.0,13857.0,100.0,60220488896.0,100.0,133788471354.0
2019-08-16,ZCH0CJZA,ST12000NM0007,12000138625024,0,79.0,73532376.0,91.0,0.0,100.0,7.0,100.0,0.0,89.0,786714084.0,85.0,13966.0,100.0,0.0,100.0,6.0,,,,,100.0,0.0,100.0,0.0,,,79.0,21.0,,,100.0,181.0,100.0,655.0,21.0,21.0,100.0,0.0,100.0,0.0,200.0,0.0,100.0,13888.0,100.0,60286955544.0,100.0,134122691442.0
2019-08-17,ZCH0CJZA,ST12000NM0007,12000138625024,0,72.0,17348680.0,91.0,0.0,100.0,7.0,100.0,0.0,89.0,788803126.0,85.0,13981.0,100.0,0.0,100.0,6.0,,,,,100.0,0.0,100.0,0.0,,,80.0,20.0,,,100.0,181.0,100.0,655.0,20.0,20.0,100.0,0.0,100.0,0.0,200.0,0.0,100.0,13904.0,100.0,60327677608.0,100.0,134269926418.0
2019-08-18,ZCH0CJZA,ST12000NM0007,12000138625024,0,83.0,223270456.0,91.0,0.0,100.0,7.0,100.0,0.0,89.0,793316410.0,85.0,14013.0,100.0,0.0,100.0,6.0,,,,,100.0,0.0,100.0,0.0,,,80.0,20.0,,,100.0,181.0,100.0,657.0,20.0,20.0,100.0,0.0,100.0,0.0,200.0,0.0,100.0,13936.0,100.0,60403602152.0,100.0,134644064306.0
2019-08-19,ZCH0CJZA,ST12000NM0007,12000138625024,0,100.0,1347960.0,91.0,0.0,100.0,7.0,100.0,0.0,89.0,795560370.0,84.0,14029.0,100.0,0.0,100.0,6.0,,,,,100.0,0.0,100.0,0.0,,,80.0,20.0,,,100.0,181.0,100.0,657.0,20.0,20.0,100.0,0.0,100.0,0.0,200.0,0.0,100.0,13952.0,100.0,60430219312.0,100.0,134883806074.0
2019-08-20,ZCH0CJZA,ST12000NM0007,12000138625024,0,77.0,52721488.0,91.0,0.0,100.0,7.0,100.0,0.0,89.0,801995975.0,84.0,14061.0,100.0,0.0,100.0,6.0,,,,,100.0,0.0,100.0,0.0,,,80.0,20.0,,,100.0,182.0,100.0,659.0,20.0,20.0,100.0,0.0,100.0,0.0,200.0,0.0,100.0,13983.0,100.0,60528888848.0,100.0,135324791362.0
2019-08-21,ZCH0CJZA,ST12000NM0007,12000138625024,0,79.0,82490432.0,91.0,0.0,100.0,7.0,100.0,0.0,89.0,807070192.0,84.0,14092.0,100.0,0.0,100.0,6.0,,,,,100.0,0.0,100.0,0.0,,,80.0,20.0,,,100.0,182.0,100.0,660.0,20.0,20.0,100.0,0.0,100.0,0.0,200.0,0.0,100.0,14014.0,100.0,60621069392.0,100.0,135750661058.0
2019-08-22,ZCH0CJZA,ST12000NM0007,12000138625024,0,71.0,13645752.0,91.0,0.0,100.0,7.0,100.0,0.0,89.0,810328969.0,84.0,14108.0,100.0,0.0,100.0,6.0,,,,,100.0,0.0,100.0,0.0,,,80.0,20.0,,,100.0,182.0,100.0,660.0,20.0,20.0,100.0,0.0,100.0,0.0,200.0,0.0,100.0,14030.0,100.0,60667813616.0,100.0,135879212802.0
2019-08-23,ZCH0CJZA,ST12000NM0007,12000138625024,0,84.0,235898904.0,91.0,0.0,100.0,7.0,100.0,0.0,89.0,815004861.0,84.0,14140.0,100.0,0.0,100.0,6.0,,,,,100.0,0.0,100.0,0.0,,,80.0,20.0,,,100.0,182.0,100.0,662.0,20.0,20.0,100.0,0.0,100.0,0.0,200.0,0.0,100.0,14062.0,100.0,60748397944.0,100.0,136265022402.0
2019-08-24,ZCH0CJZA,ST12000NM0007,12000138625024,0,70.0,9136232.0,91.0,0.0,100.0,7.0,100.0,0.0,89.0,817668547.0,84.0,14156.0,100.0,0.0,100.0,6.0,,,,,100.0,0.0,100.0,0.0,,,79.0,21.0,,,100.0,182.0,100.0,662.0,21.0,21.0,100.0,0.0,100.0,0.0,200.0,0.0,100.0,14078.0,100.0,60781456592.0,100.0,136493482554.0
2019-08-25,ZCH0CJZA,ST12000NM0007,12000138625024,0,72.0,17719280.0,91.0,0.0,100.0,7.0,100.0,0.0,89.0,823543024.0,84.0,14188.0,100.0,0.0,100.0,6.0,,,,,100.0,0.0,100.0,0.0,,,80.0,20.0,,,100.0,182.0,100.0,664.0,20.0,20.0,100.0,0.0,100.0,0.0,200.0,0.0,100.0,14109.0,100.0,60843364352.0,100.0,136928439306.0
2019-08-26,ZCH0CJZA,ST12000NM0007,12000138625024,0,81.0,129794504.0,91.0,0.0,100.0,7.0,100.0,0.0,89.0,831198495.0,84.0,14235.0,100.0,0.0,100.0,6.0,,,,,100.0,0.0,100.0,0.0,,,80.0,20.0,,,100.0,182.0,100.0,666.0,20.0,20.0,100.0,0.0,100.0,0.0,200.0,0.0,100.0,14157.0,100.0,60982840680.0,100.0,137633460306.0
2019-08-27,ZCH0CJZA,ST12000NM0007,12000138625024,0,81.0,129794504.0,91.0,0.0,100.0,7.0,100.0,0.0,89.0,831198495.0,84.0,14235.0,100.0,0.0,100.0,6.0,,,,,100.0,0.0,100.0,0.0,,,80.0,20.0,,,100.0,182.0,100.0,666.0,20.0,20.0,100.0,0.0,100.0,0.0,200.0,0.0,100.0,14157.0,100.0,60982840680.0,100.0,137633460306.0
2019-08-28,ZCH0CJZA,ST12000NM0007,12000138625024,0,81.0,116138488.0,91.0,0.0,100.0,7.0,100.0,0.0,89.0,832799626.0,84.0,14251.0,100.0,0.0,100.0,6.0,,,,,100.0,0.0,100.0,0.0,,,79.0,21.0,,,100.0,182.0,100.0,666.0,21.0,21.0,100.0,0.0,100.0,0.0,200.0,0.0,100.0,14172.0,100.0,61018188208.0,100.0,137828597578.0
2019-08-29,ZCH0CJZA,ST12000NM0007,12000138625024,0,78.0,64784152.0,89.0,0.0,100.0,8.0,100.0,0.0,89.0,837231261.0,84.0,14283.0,100.0,0.0,100.0,7.0,,,,,100.0,0.0,100.0,0.0,,,80.0,20.0,,,100.0,182.0,100.0,669.0,20.0,20.0,100.0,0.0,100.0,0.0,200.0,0.0,100.0,14204.0,100.0,61086543784.0,100.0,138197168988.0
2019-08-30,ZCH0CJZA,ST12000NM0007,12000138625024,0,77.0,55819688.0,89.0,0.0,100.0,8.0,100.0,0.0,89.0,838735194.0,84.0,14299.0,100.0,0.0,100.0,7.0,,,,,100.0,0.0,100.0,0.0,,,80.0,20.0,,,100.0,183.0,100.0,670.0,20.0,20.0,100.0,0.0,100.0,0.0,200.0,0.0,100.0,14219.0,100.0,61113101136.0,100.0,138405787844.0
2019-08-31,ZCH0CJZA,ST12000NM0007,12000138625024,0,74.0,26214920.0,89.0,0.0,100.0,8.0,100.0,0.0,89.0,841796065.0,84.0,14330.0,100.0,0.0,100.0,7.0,,,,,100.0,0.0,100.0,0.0,,,80.0,20.0,,,100.0,183.0,100.0,671.0,20.0,20.0,100.0,0.0,100.0,0.0,200.0,0.0,100.0,14251.0,100.0,61159105848.0,100.0,138818460020.0
2019-09-01,ZCH0CJZA,ST12000NM0007,12000138625024,0,72.0,16862024.0,89.0,0.0,100.0,8.0,100.0,0.0,89.0,843360347.0,84.0,14346.0,100.0,0.0,100.0,7.0,,,,,100.0,0.0,100.0,0.0,,,80.0,20.0,,,100.0,183.0,100.0,672.0,20.0,20.0,100.0,0.0,100.0,0.0,200.0,0.0,100.0,14267.0,100.0,61185029344.0,100.0,139027324428.0
2019-09-02,ZCH0CJZA,ST12000NM0007,12000138625024,0,78.0,63683872.0,89.0,0.0,100.0,8.0,100.0,0.0,89.0,848743093.0,84.0,14378.0,100.0,0.0,100.0,7.0,,,,,100.0,0.0,100.0,0.0,,,80.0,20.0,,,100.0,183.0,100.0,673.0,20.0,20.0,100.0,0.0,100.0,0.0,200.0,0.0,100.0,14298.0,100.0,61259158664.0,100.0,139488298300.0
2019-09-03,ZCH0CJZA,ST12000NM0007,12000138625024,0,79.0,78815032.0,89.0,0.0,100.0,8.0,100.0,0.0,89.0,851482529.0,84.0,14394.0,100.0,0.0,100.0,7.0,,,,,100.0,0.0,100.0,0.0,,,80.0,20.0,,,100.0,183.0,100.0,674.0,20.0,20.0,100.0,0.0,100.0,0.0,200.0,0.0,100.0,14314.0,100.0,61294864296.0,100.0,139711864708.0
2019-09-04,ZCH0CJZA,ST12000NM0007,12000138625024,0,75.0,28373920.0,89.0,0.0,100.0,8.0,100.0,0.0,89.0,854477812.0,84.0,14426.0,100.0,0.0,100.0,7.0,,,,,100.0,0.0,100.0,0.0,,,79.0,21.0,,,100.0,184.0,100.0,675.0,21.0,21.0,100.0,0.0,100.0,0.0,200.0,0.0,100.0,14346.0,100.0,61347107536.0,100.0,140097461740.0
2019-09-05,ZCH0CJZA,ST12000NM0007,12000138625024,0,83.0,208110952.0,89.0,0.0,100.0,8.0,100.0,0.0,89.0,857095318.0,84.0,14441.0,100.0,0.0,100.0,7.0,,,,,100.0,0.0,100.0,0.0,,,80.0,20.0,,,100.0,185.0,100.0,676.0,20.0,20.0,100.0,0.0,100.0,0.0,200.0,0.0,100.0,14362.0,100.0,61397815632.0,100.0,140226490676.0
2019-09-06,ZCH0CJZA,ST12000NM0007,12000138625024,0,82.0,162687400.0,89.0,0.0,100.0,8.0,100.0,0.0,89.0,861553056.0,84.0,14473.0,100.0,0.0,100.0,7.0,,,,,100.0,0.0,100.0,0.0,,,80.0,20.0,,,100.0,185.0,100.0,678.0,20.0,20.0,100.0,0.0,100.0,0.0,200.0,0.0,100.0,14393.0,100.0,61453782864.0,100.0,140613381188.0
2019-09-07,ZCH0CJZA,ST12000NM0007,12000138625024,0,82.0,144107976.0,89.0,0.0,100.0,8.0,100.0,0.0,89.0,863494912.0,84.0,14489.0,100.0,0.0,100.0,7.0,,,,,100.0,0.0,100.0,0.0,,,79.0,21.0,,,100.0,185.0,100.0,678.0,21.0,21.0,100.0,0.0,100.0,0.0,200.0,0.0,100.0,14409.0,100.0,61483663992.0,100.0,140809061268.0
2019-09-08,ZCH0CJZA,ST12000NM0007,12000138625024,0,81.0,136141120.0,89.0,0.0,100.0,8.0,100.0,0.0,89.0,868794297.0,84.0,14521.0,100.0,0.0,100.0,7.0,,,,,100.0,0.0,100.0,0.0,,,80.0,20.0,,,100.0,185.0,100.0,680.0,20.0,20.0,100.0,0.0,100.0,0.0,200.0,0.0,100.0,14440.0,100.0,61547033512.0,100.0,141226006364.0
2019-09-09,ZCH0CJZA,ST12000NM0007,12000138625024,0,81.0,124273528.0,89.0,0.0,100.0,8.0,100.0,0.0,89.0,870582109.0,84.0,14536.0,100.0,0.0,100.0,7.0,,,,,100.0,0.0,100.0,0.0,,,80.0,20.0,,,100.0,185.0,100.0,680.0,20.0,20.0,100.0,0.0,100.0,0.0,200.0,0.0,100.0,14456.0,100.0,61592196024.0,100.0,141413117132.0
2019-09-10,ZCH0CJZA,ST12000NM0007,12000138625024,0,80.0,89965864.0,89.0,0.0,100.0,8.0,100.0,0.0,89.0,875439887.0,84.0,14568.0,100.0,0.0,100.0,7.0,,,,,100.0,0.0,100.0,0.0,,,80.0,20.0,,,100.0,186.0,100.0,682.0,20.0,20.0,100.0,0.0,100.0,0.0,200.0,0.0,100.0,14488.0,100.0,61670897992.0,100.0,141788389100.0
2019-09-11,ZCH0CJZA,ST12000NM0007,12000138625024,0,77.0,45311224.0,89.0,0.0,100.0,8.0,100.0,0.0,89.0,876877490.0,84.0,14584.0,100.0,0.0,100.0,7.0,,,,,100.0,0.0,100.0,0.0,,,80.0,20.0,,,100.0,186.0,100.0,682.0,20.0,20.0,100.0,0.0,100.0,0.0,200.0,0.0,100.0,14504.0,100.0,61692033056.0,100.0,141966740180.0
2019-09-12,ZCH0CJZA,ST12000NM0007,12000138625024,0,82.0,172811832.0,89.0,0.0,100.0,8.0,100.0,0.0,89.0,882186309.0,84.0,14615.0,100.0,0.0,100.0,7.0,,,,,100.0,0.0,100.0,0.0,,,80.0,20.0,,,100.0,186.0,100.0,684.0,20.0,20.0,100.0,0.0,100.0,0.0,200.0,0.0,100.0,14535.0,100.0,61775936832.0,100.0,142254477788.0
2019-09-13,ZCH0CJZA,ST12000NM0007,12000138625024,0,83.0,180961064.0,89.0,0.0,100.0,8.0,100.0,0.0,89.0,884550425.0,84.0,14631.0,100.0,0.0,100.0,7.0,,,,,100.0,0.0,100.0,0.0,,,80.0,20.0,,,100.0,186.0,100.0,685.0,20.0,20.0,100.0,0.0,100.0,0.0,200.0,0.0,100.0,14551.0,100.0,61817409840.0,100.0,142465294716.0
2019-09-14,ZCH0CJZA,ST12000NM0007,12000138625024,0,81.0,121737888.0,89.0,0.0,100.0,8.0,100.0,0.0,89.0,888004879.0,84.0,14663.0,100.0,0.0,100.0,7.0,,,,,100.0,0.0,100.0,0.0,,,80.0,20.0,,,100.0,187.0,100.0,686.0,20.0,20.0,100.0,0.0,100.0,0.0,200.0,0.0,100.0,14582.0,100.0,61877343600.0,100.0,142834419188.0
2019-09-15,ZCH0CJZA,ST12000NM0007,12000138625024,0,78.0,67830480.0,89.0,0.0,100.0,8.0,100.0,0.0,89.0,889578521.0,84.0,14679.0,100.0,0.0,100.0,7.0,,,,,100.0,0.0,100.0,0.0,,,80.0,20.0,,,100.0,187.0,100.0,687.0,20.0,20.0,100.0,0.0,100.0,0.0,200.0,0.0,100.0,14598.0,100.0,61907930512.0,100.0,142994065580.0
2019-09-16,ZCH0CJZA,ST12000NM0007,12000138625024,0,83.0,214744376.0,89.0,0.0,100.0,8.0,100.0,0.0,90.0,893018844.0,84.0,14711.0,100.0,0.0,100.0,7.0,,,,,100.0,0.0,100.0,0.0,,,79.0,21.0,,,100.0,187.0,100.0,688.0,21.0,21.0,100.0,0.0,100.0,0.0,200.0,0.0,100.0,14630.0,100.0,61962663960.0,100.0,143330386660.0
2019-09-17,ZCH0CJZA,ST12000NM0007,12000138625024,0,83.0,200402288.0,89.0,0.0,100.0,8.0,100.0,0.0,90.0,895990696.0,84.0,14726.0,100.0,0.0,100.0,7.0,,,,,100.0,0.0,100.0,0.0,,,79.0,21.0,,,100.0,187.0,100.0,689.0,21.0,21.0,100.0,0.0,100.0,0.0,200.0,0.0,100.0,14645.0,100.0,62000719872.0,100.0,143522129532.0
2019-09-18,ZCH0CJZA,ST12000NM0007,12000138625024,0,79.0,83193016.0,89.0,0.0,100.0,8.0,100.0,0.0,90.0,899194698.0,84.0,14758.0,100.0,0.0,100.0,7.0,,,,,100.0,0.0,100.0,0.0,,,79.0,21.0,,,100.0,188.0,100.0,691.0,21.0,21.0,100.0,0.0,100.0,0.0,200.0,0.0,100.0,14677.0,100.0,62062898016.0,100.0,143831023764.0
2019-09-19,ZCH0CJZA,ST12000NM0007,12000138625024,0,77.0,51273992.0,89.0,0.0,100.0,8.0,100.0,0.0,90.0,902217276.0,84.0,14774.0,100.0,0.0,100.0,7.0,,,,,100.0,0.0,100.0,0.0,,,80.0,20.0,,,100.0,188.0,100.0,691.0,20.0,20.0,100.0,0.0,100.0,0.0,200.0,0.0,100.0,14693.0,100.0,62110945872.0,100.0,143995197628.0
2019-09-20,ZCH0CJZA,ST12000NM0007,12000138625024,0,82.0,163715592.0,89.0,0.0,100.0,8.0,100.0,0.0,90.0,907354327.0,84.0,14805.0,100.0,0.0,100.0,7.0,,,,,100.0,0.0,100.0,0.0,,,80.0,20.0,,,100.0,189.0,100.0,692.0,20.0,20.0,100.0,0.0,100.0,0.0,200.0,0.0,100.0,14724.0,100.0,62184406552.0,100.0,144278319324.0
2019-09-21,ZCH0CJZA,ST12000NM0007,12000138625024,0,80.0,107948560.0,89.0,0.0,100.0,8.0,100.0,0.0,90.0,908826806.0,84.0,14821.0,100.0,0.0,100.0,7.0,,,,,100.0,0.0,100.0,0.0,,,79.0,21.0,,,100.0,190.0,100.0,693.0,21.0,21.0,100.0,0.0,100.0,0.0,200.0,0.0,100.0,14740.0,100.0,62209096160.0,100.0,144442003500.0
2019-09-22,ZCH0CJZA,ST12000NM0007,12000138625024,0,84.0,235124032.0,89.0,0.0,100.0,8.0,100.0,0.0,90.0,912017255.0,84.0,14853.0,100.0,0.0,100.0,7.0,,,,,100.0,0.0,100.0,0.0,,,79.0,21.0,,,100.0,190.0,100.0,694.0,21.0,21.0,100.0,0.0,100.0,0.0,200.0,0.0,100.0,14772.0,100.0,62268618304.0,100.0,144753797540.0
2019-09-23,ZCH0CJZA,ST12000NM0007,12000138625024,0,83.0,189757888.0,89.0,0.0,100.0,8.0,100.0,0.0,90.0,916558909.0,84.0,14885.0,100.0,0.0,100.0,7.0,,,,,100.0,0.0,100.0,0.0,,,79.0,21.0,,,100.0,192.0,100.0,696.0,21.0,21.0,100.0,0.0,100.0,0.0,200.0,0.0,100.0,14803.0,100.0,62351468608.0,100.0,145113862668.0
2019-09-24,ZCH0CJZA,ST12000NM0007,12000138625024,0,82.0,165973472.0,89.0,0.0,100.0,8.0,100.0,0.0,90.0,918717035.0,83.0,14900.0,100.0,0.0,100.0,7.0,,,,,100.0,0.0,100.0,0.0,,,79.0,21.0,,,100.0,192.0,100.0,697.0,21.0,21.0,100.0,0.0,100.0,0.0,200.0,0.0,100.0,14819.0,100.0,62393186424.0,100.0,145292501076.0
2019-09-25,ZCH0CJZA,ST12000NM0007,12000138625024,0,77.0,51850416.0,89.0,0.0,100.0,8.0,100.0,0.0,90.0,922140757.0,83.0,14932.0,100.0,0.0,100.0,7.0,,,,,100.0,0.0,100.0,0.0,,,79.0,21.0,,,100.0,192.0,100.0,699.0,21.0,21.0,100.0,0.0,100.0,0.0,200.0,0.0,100.0,14850.0,100.0,62434904744.0,100.0,145624946676.0
2019-09-26,ZCH0CJZA,ST12000NM0007,12000138625024,0,65.0,3090968.0,89.0,0.0,100.0,9.0,100.0,0.0,90.0,924691241.0,83.0,14948.0,100.0,0.0,100.0,8.0,,,,,100.0,0.0,100.0,0.0,,,79.0,21.0,,,100.0,192.0,100.0,703.0,21.0,21.0,100.0,0.0,100.0,0.0,200.0,0.0,100.0,14866.0,100.0,62460276432.0,100.0,145794956408.0
2019-09-27,ZCH0CJZA,ST12000NM0007,12000138625024,0,83.0,189209512.0,89.0,0.0,100.0,9.0,100.0,0.0,90.0,926175230.0,83.0,14964.0,100.0,0.0,100.0,8.0,,,,,100.0,0.0,100.0,0.0,,,80.0,20.0,,,100.0,192.0,100.0,703.0,20.0,20.0,100.0,0.0,100.0,0.0,200.0,0.0,100.0,14881.0,100.0,62492670056.0,100.0,145948681328.0
2019-09-28,ZCH0CJZA,ST12000NM0007,12000138625024,0,80.0,93582912.0,89.0,0.0,100.0,9.0,100.0,0.0,90.0,929197028.0,83.0,14996.0,100.0,0.0,100.0,8.0,,,,,100.0,0.0,100.0,0.0,,,79.0,21.0,,,100.0,192.0,100.0,705.0,21.0,21.0,100.0,0.0,100.0,0.0,200.0,0.0,100.0,14913.0,100.0,62550553064.0,100.0,146283453272.0
2019-09-29,ZCH0CJZA,ST12000NM0007,12000138625024,0,84.0,236624896.0,89.0,0.0,100.0,9.0,100.0,0.0,90.0,930225721.0,83.0,15011.0,100.0,0.0,100.0,8.0,,,,,100.0,0.0,100.0,0.0,,,79.0,21.0,,,100.0,192.0,100.0,705.0,21.0,21.0,100.0,0.0,100.0,0.0,200.0,0.0,100.0,14929.0,100.0,62565306616.0,100.0,146411741704.0
2019-09-30,ZCH0CJZA,ST12000NM0007,12000138625024,0,79.0,87023472.0,89.0,0.0,100.0,9.0,100.0,0.0,90.0,932899163.0,83.0,15043.0,100.0,0.0,100.0,8.0,,,,,100.0,0.0,100.0,0.0,,,79.0,21.0,,,100.0,192.0,100.0,707.0,21.0,21.0,100.0,0.0,100.0,0.0,200.0,0.0,100.0,14960.0,100.0,62606688304.0,100.0,146709039904.0
2019-10-01,ZCH0CJZA,ST12000NM0007,12000138625024,0,80.0,91730336.0,89.0,0.0,100.0,9.0,100.0,0.0,90.0,935961576.0,83.0,15059.0,100.0,0.0,100.0,8.0,,,,,100.0,0.0,100.0,0.0,,,79.0,21.0,,,100.0,192.0,100.0,707.0,21.0,21.0,100.0,0.0,100.0,0.0,200.0,0.0,100.0,14976.0,100.0,62634777328.0,100.0,146929798560.0
2019-10-02,ZCH0CJZA,ST12000NM0007,12000138625024,0,83.0,204497208.0,89.0,0.0,100.0,9.0,100.0,0.0,90.0,939094298.0,83.0,15091.0,100.0,0.0,100.0,8.0,,,,,100.0,0.0,100.0,0.0,,,78.0,22.0,,,100.0,192.0,100.0,709.0,22.0,22.0,100.0,0.0,100.0,0.0,200.0,0.0,100.0,15008.0,100.0,62698006928.0,100.0,147223476472.0
2019-10-03,ZCH0CJZA,ST12000NM0007,12000138625024,0,82.0,164801560.0,89.0,0.0,100.0,9.0,100.0,0.0,90.0,942509071.0,83.0,15122.0,100.0,0.0,100.0,8.0,,,,,100.0,0.0,100.0,0.0,,,78.0,22.0,,,100.0,193.0,100.0,710.0,22.0,22.0,100.0,0.0,100.0,0.0,200.0,0.0,100.0,15039.0,100.0,62723922672.0,100.0,147402005728.0
2019-10-04,ZCH0CJZA,ST12000NM0007,12000138625024,0,77.0,46804312.0,89.0,0.0,100.0,9.0,100.0,0.0,90.0,943797030.0,83.0,15138.0,100.0,0.0,100.0,8.0,,,,,100.0,0.0,100.0,0.0,,,78.0,22.0,,,100.0,193.0,100.0,711.0,22.0,22.0,100.0,0.0,100.0,0.0,200.0,0.0,100.0,15055.0,100.0,62746873000.0,100.0,147505198976.0
2019-10-05,ZCH0CJZA,ST12000NM0007,12000138625024,0,80.0,101839968.0,89.0,0.0,100.0,9.0,100.0,0.0,90.0,949030868.0,83.0,15170.0,100.0,0.0,100.0,8.0,,,,,100.0,0.0,100.0,0.0,,,78.0,22.0,,,100.0,193.0,100.0,713.0,22.0,22.0,100.0,0.0,100.0,0.0,200.0,0.0,100.0,15086.0,100.0,62840060072.0,100.0,147711188280.0
2019-10-06,ZCH0CJZA,ST12000NM0007,12000138625024,0,83.0,191931920.0,89.0,0.0,100.0,9.0,100.0,0.0,90.0,950254844.0,83.0,15185.0,100.0,0.0,100.0,8.0,,,,,100.0,0.0,100.0,0.0,,,78.0,22.0,,,100.0,193.0,100.0,713.0,22.0,22.0,100.0,0.0,100.0,0.0,200.0,0.0,100.0,15102.0,100.0,62863956720.0,100.0,147777383584.0
2019-10-07,ZCH0CJZA,ST12000NM0007,12000138625024,0,82.0,163454992.0,89.0,0.0,100.0,9.0,100.0,0.0,90.0,953259512.0,83.0,15217.0,100.0,0.0,100.0,8.0,,,,,100.0,0.0,100.0,0.0,,,78.0,22.0,,,100.0,195.0,100.0,715.0,22.0,22.0,100.0,0.0,100.0,0.0,200.0,0.0,100.0,15133.0,100.0,62912666120.0,100.0,147944338056.0
2019-10-08,ZCH0CJZA,ST12000NM0007,12000138625024,0,81.0,121810496.0,89.0,0.0,100.0,9.0,100.0,0.0,90.0,956896156.0,83.0,15233.0,100.0,0.0,100.0,8.0,,,,,100.0,0.0,100.0,0.0,,,78.0,22.0,,,100.0,195.0,100.0,715.0,22.0,22.0,100.0,0.0,100.0,0.0,200.0,0.0,100.0,15149.0,100.0,62976020648.0,100.0,148083479664.0
2019-10-09,ZCH0CJZA,ST12000NM0007,12000138625024,0,76.0,39031352.0,89.0,0.0,100.0,9.0,100.0,0.0,90.0,963489663.0,83.0,15265.0,100.0,0.0,100.0,8.0,,,,,100.0,0.0,100.0,0.0,,,78.0,22.0,,,100.0,196.0,100.0,717.0,22.0,22.0,100.0,0.0,100.0,0.0,200.0,0.0,100.0,15180.0,100.0,63083891872.0,100.0,148381110720.0
2019-10-10,ZCH0CJZA,ST12000NM0007,12000138625024,0,83.0,184302440.0,89.0,0.0,100.0,9.0,100.0,0.0,90.0,966680536.0,83.0,15280.0,100.0,0.0,100.0,8.0,,,,,100.0,0.0,100.0,0.0,,,78.0,22.0,,,100.0,196.0,100.0,717.0,22.0,22.0,100.0,0.0,100.0,0.0,200.0,0.0,100.0,15196.0,100.0,63134764240.0,100.0,148475509440.0
2019-10-11,ZCH0CJZA,ST12000NM0007,12000138625024,0,81.0,117424592.0,89.0,0.0,100.0,9.0,100.0,0.0,90.0,969087645.0,83.0,15312.0,100.0,0.0,100.0,8.0,,,,,100.0,0.0,100.0,0.0,,,79.0,21.0,,,100.0,197.0,100.0,719.0,21.0,21.0,100.0,0.0,100.0,0.0,200.0,0.0,100.0,15228.0,100.0,63183842720.0,100.0,148603693904.0
2019-10-12,ZCH0CJZA,ST12000NM0007,12000138625024,0,83.0,222506008.0,89.0,0.0,100.0,9.0,100.0,0.0,90.0,970222952.0,83.0,15328.0,100.0,0.0,100.0,8.0,,,,,100.0,0.0,100.0,0.0,,,79.0,21.0,,,100.0,197.0,100.0,719.0,21.0,21.0,100.0,0.0,100.0,0.0,200.0,0.0,100.0,15243.0,100.0,63199258000.0,100.0,148693360040.0
2019-10-13,ZCH0CJZA,ST12000NM0007,12000138625024,0,82.0,172841144.0,89.0,0.0,100.0,9.0,100.0,0.0,90.0,972302836.0,83.0,15360.0,100.0,0.0,100.0,8.0,,,,,100.0,0.0,100.0,0.0,,,78.0,22.0,,,100.0,197.0,100.0,721.0,22.0,22.0,100.0,0.0,100.0,0.0,200.0,0.0,100.0,15275.0,100.0,63214661752.0,100.0,148872432056.0
2019-10-14,ZCH0CJZA,ST12000NM0007,12000138625024,0,84.0,233106656.0,89.0,0.0,100.0,9.0,100.0,0.0,90.0,972963758.0,83.0,15376.0,100.0,0.0,100.0,8.0,,,,,100.0,0.0,100.0,0.0,,,79.0,21.0,,,100.0,197.0,100.0,721.0,21.0,21.0,100.0,0.0,100.0,0.0,200.0,0.0,100.0,15291.0,100.0,63222041336.0,100.0,148925317984.0
2019-10-15,ZCH0CJZA,ST12000NM0007,12000138625024,0,68.0,6615920.0,89.0,0.0,100.0,9.0,100.0,0.0,90.0,978609581.0,83.0,15423.0,100.0,0.0,100.0,8.0,,,,,100.0,0.0,100.0,0.0,,,77.0,23.0,,,100.0,199.0,100.0,723.0,23.0,23.0,100.0,0.0,100.0,0.0,200.0,0.0,100.0,15338.0,100.0,63260725128.0,100.0,149148424808.0
2019-10-16,ZCH0CJZA,ST12000NM0007,12000138625024,0,68.0,6615920.0,89.0,0.0,100.0,9.0,100.0,0.0,90.0,978609581.0,83.0,15423.0,100.0,0.0,100.0,8.0,,,,,100.0,0.0,100.0,0.0,,,77.0,23.0,,,100.0,199.0,100.0,723.0,23.0,23.0,100.0,0.0,100.0,0.0,200.0,0.0,100.0,15338.0,100.0,63260725128.0,100.0,149148424808.0
2019-10-17,ZCH0CJZA,ST12000NM0007,12000138625024,0,83.0,182282616.0,89.0,0.0,100.0,9.0,100.0,0.0,90.0,981734975.0,83.0,15455.0,100.0,0.0,100.0,8.0,,,,,100.0,0.0,100.0,0.0,,,78.0,22.0,,,100.0,201.0,100.0,726.0,22.0,22.0,100.0,0.0,100.0,0.0,200.0,0.0,100.0,15370.0,100.0,63277478328.0,100.0,149307338304.0
2019-10-18,ZCH0CJZA,ST12000NM0007,12000138625024,0,84.0,225496880.0,89.0,0.0,100.0,9.0,100.0,0.0,90.0,982157883.0,83.0,15471.0,100.0,0.0,100.0,8.0,,,,,100.0,0.0,100.0,0.0,,,79.0,21.0,,,100.0,201.0,100.0,726.0,21.0,21.0,100.0,0.0,100.0,0.0,200.0,0.0,100.0,15386.0,100.0,63279704448.0,100.0,149348326448.0
2019-10-19,ZCH0CJZA,ST12000NM0007,12000138625024,0,80.0,96269176.0,89.0,0.0,100.0,9.0,100.0,0.0,90.0,983210170.0,83.0,15503.0,100.0,0.0,100.0,8.0,,,,,100.0,0.0,100.0,0.0,,,76.0,24.0,,,100.0,202.0,100.0,728.0,24.0,24.0,100.0,0.0,100.0,0.0,200.0,0.0,100.0,15417.0,100.0,63283991912.0,100.0,149458951928.0
2019-10-20,ZCH0CJZA,ST12000NM0007,12000138625024,0,83.0,204334616.0,89.0,0.0,100.0,9.0,100.0,0.0,90.0,984583133.0,83.0,15518.0,100.0,0.0,100.0,8.0,,,,,100.0,0.0,100.0,0.0,,,77.0,23.0,,,100.0,202.0,100.0,728.0,23.0,23.0,100.0,0.0,100.0,0.0,200.0,0.0,100.0,15433.0,100.0,63296682344.0,100.0,149554326936.0
2019-10-21,ZCH0CJZA,ST12000NM0007,12000138625024,0,82.0,156013344.0,89.0,0.0,100.0,9.0,100.0,0.0,90.0,987731343.0,83.0,15550.0,100.0,0.0,100.0,8.0,,,,,100.0,0.0,100.0,0.0,,,77.0,23.0,,,100.0,204.0,100.0,730.0,23.0,23.0,100.0,0.0,100.0,0.0,200.0,0.0,100.0,15465.0,100.0,63323285968.0,100.0,149723542712.0
2019-10-22,ZCH0CJZA,ST12000NM0007,12000138625024,0,78.0,57798192.0,89.0,0.0,100.0,9.0,100.0,0.0,90.0,991201238.0,83.0,15566.0,100.0,0.0,100.0,8.0,,,,,100.0,0.0,100.0,0.0,,,77.0,23.0,,,100.0,204.0,100.0,730.0,23.0,23.0,100.0,0.0,100.0,0.0,200.0,0.0,100.0,15481.0,100.0,63341623944.0,100.0,149851130320.0
2019-10-23,ZCH0CJZA,ST12000NM0007,12000138625024,0,80.0,100199024.0,89.0,0.0,100.0,9.0,100.0,0.0,90.0,997811438.0,83.0,15598.0,100.0,0.0,100.0,8.0,,,,,100.0,0.0,100.0,0.0,,,77.0,23.0,,,100.0,205.0,100.0,733.0,23.0,23.0,100.0,0.0,100.0,0.0,200.0,0.0,100.0,15512.0,100.0,63384689840.0,100.0,150094605936.0
2019-10-24,ZCH0CJZA,ST12000NM0007,12000138625024,0,75.0,31489264.0,89.0,0.0,100.0,9.0,100.0,0.0,61.0,1301804.0,83.0,15614.0,100.0,0.0,100.0,8.0,,,,,100.0,0.0,100.0,0.0,,,77.0,23.0,,,100.0,205.0,100.0,733.0,23.0,23.0,100.0,0.0,100.0,0.0,200.0,0.0,100.0,15528.0,100.0,63402133584.0,100.0,150252593296.0
2019-10-25,ZCH0CJZA,ST12000NM0007,12000138625024,0,78.0,61715978.0,89.0,0.0,100.0,9.0,100.0,0.0,69.0,8096743.0,83.0,15645.0,100.0,0.0,100.0,8.0,,,,,100.0,0.0,100.0,0.0,,,78.0,22.0,,,100.0,205.0,100.0,735.0,22.0,22.0,100.0,0.0,100.0,0.0,200.0,0.0,100.0,15559.0,100.0,63437078608.0,100.0,150492015658.0
2019-10-26,ZCH0CJZA,ST12000NM0007,12000138625024,0,82.0,148611546.0,89.0,0.0,100.0,9.0,100.0,0.0,70.0,9182007.0,83.0,15661.0,100.0,0.0,100.0,8.0,,,,,100.0,0.0,100.0,0.0,,,78.0,22.0,,,100.0,205.0,100.0,735.0,22.0,22.0,100.0,0.0,100.0,0.0,200.0,0.0,100.0,15575.0,100.0,63460286440.0,100.0,150555703394.0
2019-10-27,ZCH0CJZA,ST12000NM0007,12000138625024,0,81.0,119363112.0,89.0,0.0,100.0,9.0,100.0,0.0,71.0,11737707.0,83.0,15693.0,100.0,0.0,100.0,8.0,,,,,100.0,0.0,100.0,0.0,,,78.0,22.0,,,100.0,207.0,100.0,737.0,22.0,22.0,100.0,0.0,100.0,0.0,200.0,0.0,100.0,15607.0,100.0,63500761672.0,100.0,150730120602.0
2019-10-28,ZCH0CJZA,ST12000NM0007,12000138625024,0,83.0,216483568.0,89.0,0.0,100.0,9.0,100.0,0.0,71.0,13025756.0,83.0,15709.0,100.0,0.0,100.0,8.0,,,,,100.0,0.0,100.0,0.0,,,78.0,22.0,,,100.0,207.0,100.0,737.0,22.0,22.0,100.0,0.0,100.0,0.0,200.0,0.0,100.0,15623.0,100.0,63520350456.0,100.0,150807652274.0
2019-10-29,ZCH0CJZA,ST12000NM0007,12000138625024,0,79.0,73539104.0,89.0,0.0,100.0,9.0,100.0,0.0,72.0,15429982.0,83.0,15724.0,100.0,0.0,100.0,8.0,,,,,100.0,0.0,100.0,0.0,,,77.0,23.0,,,100.0,207.0,100.0,738.0,23.0,23.0,100.0,0.0,100.0,0.0,200.0,0.0,100.0,15638.0,100.0,63544141840.0,100.0,150885057090.0
2019-10-30,ZCH0CJZA,ST12000NM0007,12000138625024,0,82.0,145111720.0,89.0,0.0,100.0,9.0,100.0,0.0,74.0,22454915.0,83.0,15756.0,100.0,0.0,100.0,8.0,,,,,100.0,0.0,100.0,0.0,,,78.0,22.0,,,100.0,208.0,100.0,739.0,22.0,22.0,100.0,0.0,100.0,0.0,200.0,0.0,100.0,15670.0,100.0,63599157816.0,100.0,151145754362.0
2019-10-31,ZCH0CJZA,ST12000NM0007,12000138625024,0,71.0,13676240.0,89.0,0.0,100.0,9.0,100.0,0.0,75.0,30400311.0,82.0,15788.0,100.0,0.0,100.0,8.0,,,,,100.0,0.0,100.0,0.0,,,77.0,23.0,,,100.0,208.0,100.0,742.0,23.0,23.0,100.0,0.0,100.0,0.0,200.0,0.0,100.0,15701.0,100.0,63634655024.0,100.0,151467103002.0
2019-11-01,ZCH0CJZA,ST12000NM0007,12000138625024,0,83.0,200483600.0,89.0,0.0,100.0,9.0,100.0,0.0,75.0,32048305.0,82.0,15804.0,100.0,0.0,100.0,8.0,,,,,100.0,0.0,100.0,0.0,,,76.0,24.0,,,100.0,208.0,100.0,742.0,24.0,24.0,100.0,0.0,100.0,0.0,200.0,0.0,100.0,15717.0,100.0,63645968248.0,100.0,151642597138.0
2019-11-02,ZCH0CJZA,ST12000NM0007,12000138625024,0,78.0,68468208.0,89.0,0.0,100.0,9.0,100.0,0.0,75.0,35383907.0,82.0,15835.0,100.0,0.0,100.0,8.0,,,,,100.0,0.0,100.0,0.0,,,76.0,24.0,,,100.0,208.0,100.0,744.0,24.0,24.0,100.0,0.0,100.0,0.0,200.0,0.0,100.0,15749.0,100.0,63672008936.0,100.0,151972822554.0
2019-11-03,ZCH0CJZA,ST12000NM0007,12000138625024,0,80.0,91820352.0,89.0,0.0,100.0,9.0,100.0,0.0,76.0,38839054.0,82.0,15851.0,100.0,0.0,100.0,8.0,,,,,100.0,0.0,100.0,0.0,,,76.0,24.0,,,100.0,208.0,100.0,744.0,24.0,24.0,100.0,0.0,100.0,0.0,200.0,0.0,100.0,15764.0,100.0,63682722328.0,100.0,152229601978.0
2019-11-04,ZCH0CJZA,ST12000NM0007,12000138625024,0,84.0,232963616.0,89.0,0.0,100.0,9.0,100.0,0.0,76.0,42118238.0,82.0,15883.0,100.0,0.0,100.0,8.0,,,,,100.0,0.0,100.0,0.0,,,76.0,24.0,,,100.0,209.0,100.0,746.0,24.0,24.0,100.0,0.0,100.0,0.0,200.0,0.0,100.0,15796.0,100.0,63700661272.0,100.0,152596947106.0
2019-11-06,ZCH0CJZA,ST12000NM0007,12000138625024,0,73.0,21344586.0,89.0,0.0,100.0,10.0,100.0,0.0,77.0,47976359.0,82.0,15930.0,100.0,0.0,100.0,9.0,,,,,100.0,0.0,100.0,0.0,,,77.0,23.0,,,100.0,209.0,100.0,753.0,23.0,23.0,100.0,0.0,100.0,0.0,200.0,0.0,100.0,15843.0,100.0,63731822832.0,100.0,153086588788.0
2019-11-07,ZCH0CJZA,ST12000NM0007,12000138625024,0,80.0,96238488.0,89.0,0.0,100.0,11.0,100.0,0.0,77.0,51438045.0,82.0,15962.0,100.0,0.0,100.0,10.0,,,,,100.0,0.0,100.0,0.0,,,78.0,22.0,,,100.0,210.0,100.0,759.0,22.0,22.0,100.0,0.0,100.0,0.0,200.0,0.0,100.0,15874.0,100.0,63762204032.0,100.0,153375242150.0
2019-11-08,ZCH0CJZA,ST12000NM0007,12000138625024,0,100.0,310128.0,89.0,0.0,100.0,11.0,100.0,0.0,77.0,52878615.0,82.0,15978.0,100.0,0.0,100.0,10.0,,,,,100.0,0.0,100.0,0.0,,,79.0,21.0,,,100.0,210.0,100.0,759.0,21.0,21.0,100.0,0.0,100.0,0.0,200.0,0.0,100.0,15890.0,100.0,63772721616.0,100.0,153512936838.0
2019-11-09,ZCH0CJZA,ST12000NM0007,12000138625024,0,80.0,107898656.0,89.0,0.0,100.0,11.0,100.0,0.0,77.0,56097904.0,82.0,16010.0,100.0,0.0,100.0,10.0,,,,,100.0,0.0,100.0,0.0,,,78.0,22.0,,,100.0,210.0,100.0,761.0,22.0,22.0,100.0,0.0,100.0,0.0,200.0,0.0,100.0,15922.0,100.0,63799003104.0,100.0,153838384566.0
2019-11-10,ZCH0CJZA,ST12000NM0007,12000138625024,0,78.0,57452120.0,89.0,0.0,100.0,11.0,100.0,0.0,78.0,57759367.0,82.0,16026.0,100.0,0.0,100.0,10.0,,,,,100.0,0.0,100.0,0.0,,,78.0,22.0,,,100.0,210.0,100.0,761.0,22.0,22.0,100.0,0.0,100.0,0.0,200.0,0.0,100.0,15937.0,100.0,63807765520.0,100.0,154023316486.0
2019-11-11,ZCH0CJZA,ST12000NM0007,12000138625024,0,82.0,154624784.0,89.0,0.0,100.0,11.0,100.0,0.0,78.0,61723385.0,82.0,16057.0,100.0,0.0,100.0,10.0,,,,,100.0,0.0,100.0,0.0,,,78.0,22.0,,,100.0,210.0,100.0,763.0,22.0,22.0,100.0,0.0,100.0,0.0,200.0,0.0,100.0,15969.0,100.0,63838139688.0,100.0,154334255654.0
2019-11-12,ZCH0CJZA,ST12000NM0007,12000138625024,0,80.0,111500936.0,89.0,0.0,100.0,11.0,100.0,0.0,78.0,63876378.0,82.0,16073.0,100.0,0.0,100.0,10.0,,,,,100.0,0.0,100.0,0.0,,,78.0,22.0,,,100.0,210.0,100.0,763.0,22.0,22.0,100.0,0.0,100.0,0.0,200.0,0.0,100.0,15985.0,100.0,63858539776.0,100.0,154514872406.0
2019-11-13,ZCH0CJZA,ST12000NM0007,12000138625024,0,70.0,9908728.0,89.0,0.0,100.0,11.0,100.0,0.0,78.0,67170067.0,82.0,16105.0,100.0,0.0,100.0,10.0,,,,,100.0,0.0,100.0,0.0,,,77.0,23.0,,,100.0,210.0,100.0,765.0,23.0,23.0,100.0,0.0,100.0,0.0,200.0,0.0,100.0,16016.0,100.0,63883759512.0,100.0,154876341998.0
2019-11-14,ZCH0CJZA,ST12000NM0007,12000138625024,0,82.0,176285680.0,89.0,0.0,100.0,11.0,100.0,0.0,78.0,70042804.0,82.0,16121.0,100.0,0.0,100.0,10.0,,,,,100.0,0.0,100.0,0.0,,,77.0,23.0,,,100.0,210.0,100.0,765.0,23.0,23.0,100.0,0.0,100.0,0.0,200.0,0.0,100.0,16032.0,100.0,63895870080.0,100.0,155030608382.0
2019-11-15,ZCH0CJZA,ST12000NM0007,12000138625024,0,81.0,118670240.0,89.0,0.0,100.0,11.0,100.0,0.0,79.0,71766915.0,82.0,16136.0,100.0,0.0,100.0,10.0,,,,,100.0,0.0,100.0,0.0,,,79.0,21.0,,,100.0,211.0,100.0,766.0,21.0,21.0,100.0,0.0,100.0,0.0,200.0,0.0,100.0,16047.0,100.0,63920310168.0,100.0,155192693494.0
2019-11-16,ZCH0CJZA,ST12000NM0007,12000138625024,0,84.0,226291696.0,89.0,0.0,100.0,11.0,100.0,0.0,79.0,75033766.0,82.0,16168.0,100.0,0.0,100.0,10.0,,,,,100.0,0.0,100.0,0.0,,,79.0,21.0,,,100.0,212.0,100.0,767.0,21.0,21.0,100.0,0.0,100.0,0.0,200.0,0.0,100.0,16079.0,100.0,63955334304.0,100.0,155509431630.0
2019-11-17,ZCH0CJZA,ST12000NM0007,12000138625024,0,80.0,95528904.0,89.0,0.0,100.0,11.0,100.0,0.0,79.0,78195990.0,82.0,16200.0,100.0,0.0,100.0,10.0,,,,,100.0,0.0,100.0,0.0,,,70.0,30.0,,,100.0,213.0,100.0,769.0,30.0,30.0,100.0,0.0,100.0,0.0,200.0,0.0,100.0,16110.0,100.0,63987812232.0,100.0,155834472318.0
2019-11-18,ZCH0CJZA,ST12000NM0007,12000138625024,0,79.0,79753632.0,89.0,0.0,100.0,11.0,100.0,0.0,79.0,80307440.0,82.0,16215.0,100.0,0.0,100.0,10.0,,,,,100.0,0.0,100.0,0.0,,,78.0,22.0,,,100.0,213.0,100.0,769.0,22.0,22.0,100.0,0.0,100.0,0.0,200.0,0.0,100.0,16126.0,100.0,64027552416.0,100.0,156023097494.0
2019-11-19,ZCH0CJZA,ST12000NM0007,12000138625024,0,78.0,60386160.0,89.0,0.0,100.0,11.0,100.0,0.0,79.0,86376344.0,82.0,16247.0,100.0,0.0,100.0,10.0,,,,,100.0,0.0,100.0,0.0,,,79.0,21.0,,,100.0,213.0,100.0,771.0,21.0,21.0,100.0,0.0,100.0,0.0,200.0,0.0,100.0,16158.0,100.0,64072767656.0,100.0,156446796102.0
2019-11-20,ZCH0CJZA,ST12000NM0007,12000138625024,0,73.0,21726768.0,89.0,0.0,100.0,11.0,100.0,0.0,79.0,88446242.0,82.0,16263.0,100.0,0.0,100.0,10.0,,,,,100.0,0.0,100.0,0.0,,,78.0,22.0,,,100.0,213.0,100.0,771.0,22.0,22.0,100.0,0.0,100.0,0.0,200.0,0.0,100.0,16174.0,100.0,64100661424.0,100.0,156624383686.0
2019-11-21,ZCH0CJZA,ST12000NM0007,12000138625024,0,81.0,116078160.0,89.0,0.0,100.0,11.0,100.0,0.0,80.0,92709242.0,82.0,16295.0,100.0,0.0,100.0,10.0,,,,,100.0,0.0,100.0,0.0,,,78.0,22.0,,,100.0,214.0,100.0,773.0,22.0,22.0,100.0,0.0,100.0,0.0,200.0,0.0,100.0,16205.0,100.0,64146957776.0,100.0,156916579358.0
2019-11-22,ZCH0CJZA,ST12000NM0007,12000138625024,0,76.0,36238928.0,89.0,0.0,100.0,11.0,100.0,0.0,80.0,94361837.0,82.0,16310.0,100.0,0.0,100.0,10.0,,,,,100.0,0.0,100.0,0.0,,,79.0,21.0,,,100.0,214.0,100.0,774.0,21.0,21.0,100.0,0.0,100.0,0.0,200.0,0.0,100.0,16221.0,100.0,64164058656.0,100.0,157063779910.0
2019-11-23,ZCH0CJZA,ST12000NM0007,12000138625024,0,80.0,100291864.0,89.0,0.0,100.0,11.0,100.0,0.0,80.0,96942105.0,82.0,16342.0,100.0,0.0,100.0,10.0,,,,,100.0,0.0,100.0,0.0,,,79.0,21.0,,,100.0,215.0,100.0,776.0,21.0,21.0,100.0,0.0,100.0,0.0,200.0,0.0,100.0,16252.0,100.0,64173657336.0,100.0,157362374942.0
2019-11-24,ZCH0CJZA,ST12000NM0007,12000138625024,0,76.0,37827152.0,89.0,0.0,100.0,11.0,100.0,0.0,80.0,98389818.0,82.0,16358.0,100.0,0.0,100.0,10.0,,,,,100.0,0.0,100.0,0.0,,,79.0,21.0,,,100.0,215.0,100.0,776.0,21.0,21.0,100.0,0.0,100.0,0.0,200.0,0.0,100.0,16268.0,100.0,64174954856.0,100.0,157542753358.0
2019-11-25,ZCH0CJZA,ST12000NM0007,12000138625024,0,82.0,149520304.0,89.0,0.0,100.0,11.0,100.0,0.0,80.0,101311172.0,82.0,16390.0,100.0,0.0,100.0,10.0,,,,,100.0,0.0,100.0,0.0,,,78.0,22.0,,,100.0,216.0,100.0,778.0,22.0,22.0,100.0,0.0,100.0,0.0,200.0,0.0,100.0,16299.0,100.0,64175676848.0,100.0,157897865166.0
2019-11-26,ZCH0CJZA,ST12000NM0007,12000138625024,0,79.0,83424600.0,89.0,0.0,100.0,11.0,100.0,0.0,80.0,103727638.0,82.0,16406.0,100.0,0.0,100.0,10.0,,,,,100.0,0.0,100.0,0.0,,,79.0,21.0,,,100.0,216.0,100.0,778.0,21.0,21.0,100.0,0.0,100.0,0.0,200.0,0.0,100.0,16315.0,100.0,64175867176.0,100.0,158075719950.0
2019-11-27,ZCH0CJZA,ST12000NM0007,12000138625024,0,81.0,135029680.0,89.0,0.0,100.0,11.0,100.0,0.0,80.0,106145197.0,82.0,16437.0,100.0,0.0,100.0,10.0,,,,,100.0,0.0,100.0,0.0,,,79.0,21.0,,,100.0,216.0,100.0,780.0,21.0,21.0,100.0,0.0,100.0,0.0,200.0,0.0,100.0,16346.0,100.0,64176211200.0,100.0,158371121782.0
2019-11-28,ZCH0CJZA,ST12000NM0007,12000138625024,0,78.0,61333488.0,89.0,0.0,100.0,11.0,100.0,0.0,80.0,110062475.0,82.0,16453.0,100.0,0.0,100.0,10.0,,,,,100.0,0.0,100.0,0.0,,,79.0,21.0,,,100.0,216.0,100.0,780.0,21.0,21.0,100.0,0.0,100.0,0.0,200.0,0.0,100.0,16362.0,100.0,64176378952.0,100.0,158541398510.0
2019-11-29,ZCH0CJZA,ST12000NM0007,12000138625024,0,82.0,161968296.0,88.0,0.0,100.0,12.0,100.0,0.0,81.0,112731529.0,82.0,16485.0,100.0,0.0,100.0,11.0,,,,,100.0,0.0,100.0,0.0,,,80.0,20.0,,,100.0,216.0,100.0,784.0,20.0,20.0,100.0,0.0,100.0,0.0,200.0,0.0,100.0,16393.0,100.0,64176717624.0,100.0,158885835312.0
2019-11-30,ZCH0CJZA,ST12000NM0007,12000138625024,0,80.0,96319184.0,88.0,0.0,100.0,12.0,100.0,0.0,81.0,114119562.0,82.0,16500.0,100.0,0.0,100.0,11.0,,,,,100.0,0.0,100.0,0.0,,,80.0,20.0,,,100.0,216.0,100.0,784.0,20.0,20.0,100.0,0.0,100.0,0.0,200.0,0.0,100.0,16409.0,100.0,64176889632.0,100.0,159064154944.0
2019-12-01,ZCH0CJZA,ST12000NM0007,12000138625024,0,80.0,102827744.0,88.0,0.0,100.0,12.0,100.0,0.0,81.0,116146403.0,82.0,16532.0,100.0,0.0,100.0,11.0,,,,,100.0,0.0,100.0,0.0,,,80.0,20.0,,,100.0,218.0,100.0,786.0,20.0,20.0,100.0,0.0,100.0,0.0,200.0,0.0,100.0,16440.0,100.0,64177231840.0,100.0,159314462064.0
2019-12-02,ZCH0CJZA,ST12000NM0007,12000138625024,0,84.0,241581696.0,88.0,0.0,100.0,12.0,100.0,0.0,81.0,117248748.0,82.0,16548.0,100.0,0.0,100.0,11.0,,,,,100.0,0.0,100.0,0.0,,,80.0,20.0,,,100.0,218.0,100.0,786.0,20.0,20.0,100.0,0.0,100.0,0.0,200.0,0.0,100.0,16456.0,100.0,64177403952.0,100.0,159453043904.0
2019-12-03,ZCH0CJZA,ST12000NM0007,12000138625024,0,76.0,40040904.0,88.0,0.0,100.0,12.0,100.0,0.0,81.0,120799786.0,82.0,16580.0,100.0,0.0,100.0,11.0,,,,,100.0,0.0,100.0,0.0,,,80.0,20.0,,,100.0,218.0,100.0,788.0,20.0,20.0,100.0,0.0,100.0,0.0,200.0,0.0,100.0,16488.0,100.0,64177746424.0,100.0,159739442064.0
2019-12-04,ZCH0CJZA,ST12000NM0007,12000138625024,0,81.0,117888592.0,88.0,0.0,100.0,12.0,100.0,0.0,81.0,123058883.0,82.0,16611.0,100.0,0.0,100.0,11.0,,,,,100.0,0.0,100.0,0.0,,,80.0,20.0,,,100.0,218.0,100.0,790.0,20.0,20.0,100.0,0.0,100.0,0.0,200.0,0.0,100.0,16519.0,100.0,64178095656.0,100.0,160061081184.0
2019-12-05,ZCH0CJZA,ST12000NM0007,12000138625024,0,100.0,2021608.0,88.0,0.0,100.0,12.0,100.0,0.0,81.0,125298174.0,82.0,16627.0,100.0,0.0,100.0,11.0,,,,,100.0,0.0,100.0,0.0,,,80.0,20.0,,,100.0,218.0,100.0,790.0,20.0,20.0,100.0,0.0,100.0,0.0,200.0,0.0,100.0,16535.0,100.0,64178206816.0,100.0,160189243824.0
2019-12-06,ZCH0CJZA,ST12000NM0007,12000138625024,0,81.0,135967432.0,88.0,0.0,100.0,12.0,100.0,0.0,81.0,127611073.0,81.0,16658.0,100.0,0.0,100.0,11.0,,,,,100.0,0.0,100.0,0.0,,,80.0,20.0,,,100.0,218.0,100.0,792.0,20.0,20.0,100.0,0.0,100.0,0.0,200.0,0.0,100.0,16566.0,100.0,64178548128.0,100.0,160566989048.0
2019-12-07,ZCH0CJZA,ST12000NM0007,12000138625024,0,78.0,65714448.0,88.0,0.0,100.0,12.0,100.0,0.0,81.0,129046265.0,81.0,16674.0,100.0,0.0,100.0,11.0,,,,,100.0,0.0,100.0,0.0,,,80.0,20.0,,,100.0,218.0,100.0,792.0,20.0,20.0,100.0,0.0,100.0,0.0,200.0,0.0,100.0,16582.0,100.0,64178726032.0,100.0,160740698816.0
2019-12-08,ZCH0CJZA,ST12000NM0007,12000138625024,0,83.0,179565776.0,88.0,0.0,100.0,12.0,100.0,0.0,81.0,131908835.0,81.0,16706.0,100.0,0.0,100.0,11.0,,,,,100.0,0.0,100.0,0.0,,,80.0,20.0,,,100.0,219.0,100.0,794.0,20.0,20.0,100.0,0.0,100.0,0.0,200.0,0.0,100.0,16613.0,100.0,64179083696.0,100.0,161098333208.0
2019-12-09,ZCH0CJZA,ST12000NM0007,12000138625024,0,79.0,81904448.0,88.0,0.0,100.0,12.0,100.0,0.0,81.0,132919522.0,81.0,16722.0,100.0,0.0,100.0,11.0,,,,,100.0,0.0,100.0,0.0,,,80.0,20.0,,,100.0,219.0,100.0,795.0,20.0,20.0,100.0,0.0,100.0,0.0,200.0,0.0,100.0,16629.0,100.0,64179261808.0,100.0,161244634472.0
2019-12-10,ZCH0CJZA,ST12000NM0007,12000138625024,0,70.0,11195832.0,88.0,0.0,100.0,12.0,100.0,0.0,81.0,136933073.0,81.0,16753.0,100.0,0.0,100.0,11.0,,,,,100.0,0.0,100.0,0.0,,,80.0,20.0,,,100.0,219.0,100.0,796.0,20.0,20.0,100.0,0.0,100.0,0.0,200.0,0.0,100.0,16660.0,100.0,64179753000.0,100.0,161661716056.0
2019-12-11,ZCH0CJZA,ST12000NM0007,12000138625024,0,82.0,148085328.0,88.0,0.0,100.0,12.0,100.0,0.0,81.0,137890695.0,81.0,16769.0,100.0,0.0,100.0,11.0,,,,,100.0,0.0,100.0,0.0,,,80.0,20.0,,,100.0,219.0,100.0,796.0,20.0,20.0,100.0,0.0,100.0,0.0,200.0,0.0,100.0,16676.0,100.0,64179931376.0,100.0,161798427176.0
2019-12-12,ZCH0CJZA,ST12000NM0007,12000138625024,0,83.0,206487576.0,88.0,0.0,100.0,12.0,100.0,0.0,82.0,141487304.0,81.0,16801.0,100.0,0.0,100.0,11.0,,,,,100.0,0.0,100.0,0.0,,,80.0,20.0,,,100.0,221.0,100.0,799.0,20.0,20.0,100.0,0.0,100.0,0.0,200.0,0.0,100.0,16707.0,100.0,64181441592.0,100.0,162099459880.0
2019-12-13,ZCH0CJZA,ST12000NM0007,12000138625024,0,78.0,69719896.0,88.0,0.0,100.0,12.0,100.0,0.0,82.0,142496985.0,81.0,16816.0,100.0,0.0,100.0,11.0,,,,,100.0,0.0,100.0,0.0,,,80.0,20.0,,,100.0,221.0,100.0,799.0,20.0,20.0,100.0,0.0,100.0,0.0,200.0,0.0,100.0,16723.0,100.0,64186155672.0,100.0,162202118984.0
2019-12-14,ZCH0CJZA,ST12000NM0007,12000138625024,0,84.0,228529472.0,88.0,0.0,100.0,12.0,100.0,0.0,82.0,143827398.0,81.0,16848.0,100.0,0.0,100.0,11.0,,,,,100.0,0.0,100.0,0.0,,,80.0,20.0,,,100.0,223.0,100.0,801.0,20.0,20.0,100.0,0.0,100.0,0.0,200.0,0.0,100.0,16754.0,100.0,64189027176.0,100.0,162358057056.0
2019-12-15,ZCH0CJZA,ST12000NM0007,12000138625024,0,78.0,68684520.0,88.0,0.0,100.0,12.0,100.0,0.0,82.0,144479156.0,81.0,16864.0,100.0,0.0,100.0,11.0,,,,,100.0,0.0,100.0,0.0,,,80.0,20.0,,,100.0,223.0,100.0,801.0,20.0,20.0,100.0,0.0,100.0,0.0,200.0,0.0,100.0,16770.0,100.0,64189261664.0,100.0,162442118328.0
2019-12-16,ZCH0CJZA,ST12000NM0007,12000138625024,0,78.0,67438000.0,88.0,0.0,100.0,12.0,100.0,0.0,82.0,146921098.0,81.0,16896.0,100.0,0.0,100.0,11.0,,,,,100.0,0.0,100.0,0.0,,,79.0,21.0,,,100.0,224.0,100.0,803.0,21.0,21.0,100.0,0.0,100.0,0.0,200.0,0.0,100.0,16801.0,100.0,64189641304.0,100.0,162684632872.0
2019-12-17,ZCH0CJZA,ST12000NM0007,12000138625024,0,75.0,32005888.0,88.0,0.0,100.0,12.0,100.0,0.0,82.0,149010129.0,81.0,16911.0,100.0,0.0,100.0,11.0,,,,,100.0,0.0,100.0,0.0,,,80.0,20.0,,,100.0,224.0,100.0,803.0,20.0,20.0,100.0,0.0,100.0,0.0,200.0,0.0,100.0,16817.0,100.0,64189819800.0,100.0,162893162960.0
2019-12-18,ZCH0CJZA,ST12000NM0007,12000138625024,0,83.0,198875544.0,88.0,0.0,100.0,12.0,100.0,0.0,82.0,150405771.0,81.0,16943.0,100.0,0.0,100.0,11.0,,,,,100.0,0.0,100.0,0.0,,,80.0,20.0,,,100.0,225.0,100.0,805.0,20.0,20.0,100.0,0.0,100.0,0.0,200.0,0.0,100.0,16848.0,100.0,64190298248.0,100.0,163059554168.0
2019-12-19,ZCH0CJZA,ST12000NM0007,12000138625024,0,78.0,57134064.0,88.0,0.0,100.0,12.0,100.0,0.0,82.0,151159249.0,81.0,16959.0,100.0,0.0,100.0,11.0,,,,,100.0,0.0,100.0,0.0,,,80.0,20.0,,,100.0,225.0,100.0,805.0,20.0,20.0,100.0,0.0,100.0,0.0,200.0,0.0,100.0,16864.0,100.0,64190514560.0,100.0,163161737008.0
2019-12-20,ZCH0CJZA,ST12000NM0007,12000138625024,0,84.0,243057378.0,88.0,0.0,100.0,12.0,100.0,0.0,82.0,152718528.0,81.0,16990.0,100.0,0.0,100.0,11.0,,,,,100.0,0.0,100.0,0.0,,,80.0,20.0,,,100.0,225.0,100.0,807.0,20.0,20.0,100.0,0.0,100.0,0.0,200.0,0.0,100.0,16896.0,100.0,64192270360.0,100.0,163345904522.0
2019-12-21,ZCH0CJZA,ST12000NM0007,12000138625024,0,82.0,168178816.0,88.0,0.0,100.0,12.0,100.0,0.0,82.0,153945420.0,81.0,17006.0,100.0,0.0,100.0,11.0,,,,,100.0,0.0,100.0,0.0,,,80.0,20.0,,,100.0,225.0,100.0,807.0,20.0,20.0,100.0,0.0,100.0,0.0,200.0,0.0,100.0,16911.0,100.0,64192530440.0,100.0,163514906746.0
2019-12-22,ZCH0CJZA,ST12000NM0007,12000138625024,0,80.0,111632288.0,88.0,0.0,100.0,13.0,100.0,0.0,82.0,155537578.0,81.0,17037.0,100.0,0.0,100.0,12.0,,,,,100.0,0.0,100.0,0.0,,,80.0,20.0,,,100.0,225.0,100.0,810.0,20.0,20.0,100.0,0.0,100.0,0.0,200.0,0.0,100.0,16942.0,100.0,64192952248.0,100.0,163702079092.0
2019-12-23,ZCH0CJZA,ST12000NM0007,12000138625024,0,75.0,34379288.0,88.0,0.0,100.0,13.0,100.0,0.0,82.0,156884309.0,81.0,17068.0,100.0,0.0,100.0,12.0,,,,,100.0,0.0,100.0,0.0,,,80.0,20.0,,,100.0,226.0,100.0,811.0,20.0,20.0,100.0,0.0,100.0,0.0,200.0,0.0,100.0,16973.0,100.0,64193453816.0,100.0,163868465300.0
2019-12-24,ZCH0CJZA,ST12000NM0007,12000138625024,0,82.0,145607032.0,88.0,0.0,100.0,13.0,100.0,0.0,82.0,157737543.0,81.0,17084.0,100.0,0.0,100.0,12.0,,,,,100.0,0.0,100.0,0.0,,,80.0,20.0,,,100.0,227.0,100.0,812.0,20.0,20.0,100.0,0.0,100.0,0.0,200.0,0.0,100.0,16989.0,100.0,64193663248.0,100.0,163979483612.0
2019-12-25,ZCH0CJZA,ST12000NM0007,12000138625024,0,83.0,220156056.0,88.0,0.0,100.0,13.0,100.0,0.0,82.0,160502918.0,81.0,17116.0,100.0,0.0,100.0,12.0,,,,,100.0,0.0,100.0,0.0,,,80.0,20.0,,,100.0,227.0,100.0,813.0,20.0,20.0,100.0,0.0,100.0,0.0,200.0,0.0,100.0,17021.0,100.0,64194094304.0,100.0,164297742244.0
2019-12-26,ZCH0CJZA,ST12000NM0007,12000138625024,0,80.0,97427480.0,88.0,0.0,100.0,13.0,100.0,0.0,82.0,161440549.0,81.0,17131.0,100.0,0.0,100.0,12.0,,,,,100.0,0.0,100.0,0.0,,,80.0,20.0,,,100.0,228.0,100.0,814.0,20.0,20.0,100.0,0.0,100.0,0.0,200.0,0.0,100.0,17036.0,100.0,64194305200.0,100.0,164418943412.0
2019-12-27,ZCH0CJZA,ST12000NM0007,12000138625024,0,83.0,196819888.0,88.0,0.0,100.0,13.0,100.0,0.0,82.0,161914958.0,81.0,17147.0,100.0,0.0,100.0,12.0,,,,,100.0,0.0,100.0,0.0,,,80.0,20.0,,,100.0,228.0,100.0,814.0,20.0,20.0,100.0,0.0,100.0,0.0,200.0,0.0,100.0,17052.0,100.0,64194515408.0,100.0,164518125612.0
2019-12-28,ZCH0CJZA,ST12000NM0007,12000138625024,0,81.0,133652336.0,88.0,0.0,100.0,13.0,100.0,0.0,82.0,162763803.0,81.0,17179.0,100.0,0.0,100.0,12.0,,,,,100.0,0.0,100.0,0.0,,,80.0,20.0,,,100.0,228.0,100.0,817.0,20.0,20.0,100.0,0.0,100.0,0.0,200.0,0.0,100.0,17083.0,100.0,64194957264.0,100.0,164698656836.0
2019-12-29,ZCH0CJZA,ST12000NM0007,12000138625024,0,84.0,238206992.0,88.0,0.0,100.0,13.0,100.0,0.0,82.0,163266735.0,81.0,17194.0,100.0,0.0,100.0,12.0,,,,,100.0,0.0,100.0,0.0,,,80.0,20.0,,,100.0,229.0,100.0,818.0,20.0,20.0,100.0,0.0,100.0,0.0,200.0,0.0,100.0,17098.0,100.0,64195176392.0,100.0,164802992364.0
2019-12-30,ZCH0CJZA,ST12000NM0007,12000138625024,0,77.0,52085448.0,88.0,0.0,100.0,14.0,100.0,0.0,82.0,164593203.0,81.0,17226.0,100.0,0.0,100.0,13.0,,,,,100.0,0.0,100.0,0.0,,,79.0,21.0,,,100.0,229.0,100.0,831.0,21.0,21.0,100.0,0.0,100.0,0.0,200.0,0.0,100.0,17128.0,100.0,64195567776.0,100.0,165104760958.0
2019-12-31,ZCH0CJZA,ST12000NM0007,12000138625024,0,82.0,150378424.0,88.0,0.0,100.0,14.0,100.0,0.0,82.0,165043472.0,81.0,17241.0,100.0,0.0,100.0,13.0,,,,,100.0,0.0,100.0,0.0,,,79.0,21.0,,,100.0,229.0,100.0,831.0,21.0,21.0,100.0,0.0,100.0,0.0,200.0,0.0,100.0,17144.0,100.0,64195765256.0,100.0,165202856454.0
