2019-01-01,ZCH0D01K,ST12000NM0007,12000138625024,0,80,97495992,96.0,0.0,100.0,4.0,100.0,0.0,78.0,64737677.0,91,8541,100.0,0.0,100,3,,,,,100.0,0.0,100.0,0.0,,,81.0,19.0,,,100.0,103.0,100.0,435.0,19,19,100.0,0.0,100.0,0.0,200.0,0.0,100.0,8483.0,100.0,47445065176.0,100.0,77652557980.0
2019-01-02,ZCH0D01K,ST12000NM0007,12000138625024,0,79,77439648,96.0,0.0,100.0,4.0,100.0,0.0,78.0,66878952.0,91,8567,100.0,0.0,100,3,,,,,100.0,0.0,100.0,0.0,,,82.0,18.0,,,100.0,104.0,100.0,436.0,18,18,100.0,0.0,100.0,0.0,200.0,0.0,100.0,8508.0,100.0,47496214272.0,100.0,77825493244.0
2019-01-03,ZCH0D01K,ST12000NM0007,12000138625024,0,75.0,32403008.0,96.0,0.0,100.0,4.0,100.0,0.0,78.0,69960607.0,91.0,8591.0,100.0,0.0,100.0,3.0,,,,,100.0,0.0,100.0,0.0,,,81.0,19.0,,,100.0,105.0,100.0,437.0,19.0,19.0,100.0,0.0,100.0,0.0,200.0,0.0,100.0,8532.0,100.0,47559452728.0,100.0,77961359028.0
2019-01-04,ZCH0D01K,ST12000NM0007,12000138625024,0,83,192621448,96.0,0.0,100.0,4.0,100.0,0.0,79.0,71764862.0,91,8615,100.0,0.0,100,3,,,,,100.0,0.0,100.0,0.0,,,79.0,21.0,,,100.0,105.0,100.0,438.0,21,21,100.0,0.0,100.0,0.0,200.0,0.0,100.0,8556.0,100.0,47610850008.0,100.0,78070180188.0
2019-01-05,ZCH0D01K,ST12000NM0007,12000138625024,0,82,159279072,96.0,0.0,100.0,4.0,100.0,0.0,79.0,73732305.0,91,8639,100.0,0.0,100,3,,,,,100.0,0.0,100.0,0.0,,,80.0,20.0,,,100.0,106.0,100.0,439.0,20,20,100.0,0.0,100.0,0.0,200.0,0.0,100.0,8580.0,100.0,47663322384.0,100.0,78228506372.0
2019-01-06,ZCH0D01K,ST12000NM0007,12000138625024,0,81,140215784,96.0,0.0,100.0,4.0,100.0,0.0,79.0,75796909.0,91,8662,100.0,0.0,100,3,,,,,100.0,0.0,100.0,0.0,,,80.0,20.0,,,100.0,107.0,100.0,440.0,20,20,100.0,0.0,100.0,0.0,200.0,0.0,100.0,8603.0,100.0,47725558976.0,100.0,78391347340.0
2019-01-07,ZCH0D01K,ST12000NM0007,12000138625024,0,83,189164416,96.0,0.0,100.0,4.0,100.0,0.0,79.0,79356358.0,91,8687,100.0,0.0,100,3,,,,,100.0,0.0,100.0,0.0,,,80.0,20.0,,,100.0,108.0,100.0,441.0,20,20,100.0,0.0,100.0,0.0,200.0,0.0,100.0,8628.0,100.0,47803234088.0,100.0,78606761556.0
2019-01-08,ZCH0D01K,ST12000NM0007,12000138625024,0,83,204281152,96.0,0.0,100.0,4.0,100.0,0.0,79.0,81824998.0,91,8709,100.0,0.0,100,3,,,,,100.0,0.0,100.0,0.0,,,81.0,19.0,,,100.0,109.0,100.0,442.0,19,19,100.0,0.0,100.0,0.0,200.0,0.0,100.0,8650.0,100.0,47882209512.0,100.0,78787043500.0
2019-01-09,ZCH0D01K,ST12000NM0007,12000138625024,0,83,218152552,96.0,0.0,100.0,4.0,100.0,0.0,79.0,85382768.0,91,8734,100.0,0.0,100,3,,,,,100.0,0.0,100.0,0.0,,,80.0,20.0,,,100.0,110.0,100.0,443.0,20,20,100.0,0.0,100.0,0.0,200.0,0.0,100.0,8675.0,100.0,47941314104.0,100.0,78985951044.0
2019-01-10,ZCH0D01K,ST12000NM0007,12000138625024,0,83,205180904,96.0,0.0,100.0,4.0,100.0,0.0,79.0,88687679.0,91,8758,100.0,0.0,100,3,,,,,100.0,0.0,100.0,0.0,,,80.0,20.0,,,100.0,110.0,100.0,444.0,20,20,100.0,0.0,100.0,0.0,200.0,0.0,100.0,8698.0,100.0,47994453360.0,100.0,79163980772.0
2019-01-11,ZCH0D01K,ST12000NM0007,12000138625024,0,81.0,132158240.0,96.0,0.0,100.0,4.0,100.0,0.0,80.0,90574124.0,90.0,8780.0,100.0,0.0,100.0,3.0,,,,,100.0,0.0,100.0,0.0,,,80.0,20.0,,,100.0,111.0,100.0,445.0,20.0,20.0,100.0,0.0,100.0,0.0,200.0,0.0,100.0,8721.0,100.0,48029747312.0,100.0,79299804828.0
2019-01-12,ZCH0D01K,ST12000NM0007,12000138625024,0,100,2400128,96.0,0.0,100.0,4.0,100.0,0.0,80.0,92175833.0,90,8796,100.0,0.0,100,3,,,,,100.0,0.0,100.0,0.0,,,81.0,19.0,,,100.0,111.0,100.0,445.0,19,19,100.0,0.0,100.0,0.0,200.0,0.0,100.0,8737.0,100.0,48075267136.0,100.0,79368667748.0
2019-01-13,ZCH0D01K,ST12000NM0007,12000138625024,0,79,73074032,96.0,0.0,100.0,4.0,100.0,0.0,80.0,95634109.0,90,8828,100.0,0.0,100,3,,,,,100.0,0.0,100.0,0.0,,,80.0,20.0,,,100.0,113.0,100.0,447.0,20,20,100.0,0.0,100.0,0.0,200.0,0.0,100.0,8768.0,100.0,48157923144.0,100.0,79600826524.0
2019-01-14,ZCH0D01K,ST12000NM0007,12000138625024,0,83,218215608,96.0,0.0,100.0,4.0,100.0,0.0,80.0,97050374.0,90,8844,100.0,0.0,100,3,,,,,100.0,0.0,100.0,0.0,,,79.0,21.0,,,100.0,113.0,100.0,447.0,21,21,100.0,0.0,100.0,0.0,200.0,0.0,100.0,8784.0,100.0,48191719488.0,100.0,79712171756.0
2019-01-15,ZCH0D01K,ST12000NM0007,12000138625024,0,73.0,19437472.0,96.0,0.0,100.0,4.0,100.0,0.0,80.0,100210834.0,90.0,8875.0,100.0,0.0,100.0,3.0,,,,,100.0,0.0,100.0,0.0,,,80.0,20.0,,,100.0,115.0,100.0,449.0,20.0,20.0,100.0,0.0,100.0,0.0,200.0,0.0,100.0,8815.0,100.0,48255628200.0,100.0,79937766476.0
2019-01-16,ZCH0D01K,ST12000NM0007,12000138625024,0,81,138839312,96.0,0.0,100.0,4.0,100.0,0.0,80.0,101646859.0,90,8891,100.0,0.0,100,3,,,,,100.0,0.0,100.0,0.0,,,81.0,19.0,,,100,115,100.0,449.0,19,19,100.0,0.0,100.0,0.0,200.0,0.0,100.0,8831.0,100.0,48290644328.0,100.0,80022152188.0
2019-01-17,ZCH0D01K,ST12000NM0007,12000138625024,0,82,165828624,96.0,0.0,100.0,4.0,100.0,0.0,80.0,105773726.0,90,8923,100.0,0.0,100,3,,,,,100.0,0.0,100.0,0.0,,,78.0,22.0,,,100,116,100.0,451.0,22,22,100.0,0.0,100.0,0.0,200.0,0.0,100.0,8863.0,100.0,48367090120.0,100.0,80216836468.0
2019-01-18,ZCH0D01K,ST12000NM0007,12000138625024,0,77,47696752,96.0,0.0,100.0,4.0,100.0,0.0,80.0,107264295.0,90,8939,100.0,0.0,100,3,,,,,100.0,0.0,100.0,0.0,,,80.0,20.0,,,100,116,100.0,451.0,20,20,100.0,0.0,100.0,0.0,200.0,0.0,100.0,8879.0,100.0,48400560848.0,100.0,80309374660.0
2019-01-19,ZCH0D01K,ST12000NM0007,12000138625024,0,80,102471896,96.0,0.0,100.0,4.0,100.0,0.0,80.0,110653672.0,90,8971,100.0,0.0,100,3,,,,,100.0,0.0,100.0,0.0,,,80.0,20.0,,,100,117,100.0,453.0,20,20,100.0,0.0,100.0,0.0,200.0,0.0,100.0,8910.0,100.0,48487686408.0,100.0,80521165044.0
2019-01-20,ZCH0D01K,ST12000NM0007,12000138625024,0,83,215582432,96.0,0.0,100.0,4.0,100.0,0.0,80.0,111990733.0,90,8987,100.0,0.0,100,3,,,,,100.0,0.0,100.0,0.0,,,81.0,19.0,,,100,117,100.0,453.0,19,19,100.0,0.0,100.0,0.0,200.0,0.0,100.0,8926.0,100.0,48527675488.0,100.0,80594286500.0
2019-01-21,ZCH0D01K,ST12000NM0007,12000138625024,0,75,31481600,96.0,0.0,100.0,4.0,100.0,0.0,81.0,116227969.0,90,9018,100.0,0.0,100,3,,,,,100.0,0.0,100.0,0.0,,,79.0,21.0,,,100,117,100.0,454.0,21,21,100.0,0.0,100.0,0.0,200.0,0.0,100.0,8957.0,100.0,48610345264.0,100.0,80815797332.0
2019-01-22,ZCH0D01K,ST12000NM0007,12000138625024,0,82.0,160714952.0,96.0,0.0,100.0,4.0,100.0,0.0,81.0,117898175.0,90.0,9034.0,100.0,0.0,100.0,3.0,,,,,100.0,0.0,100.0,0.0,,,79.0,21.0,,,100.0,118.0,100.0,455.0,21.0,21.0,100.0,0.0,100.0,0.0,200.0,0.0,100.0,8973.0,100.0,48648624048.0,100.0,80906751900.0
2019-01-23,ZCH0D01K,ST12000NM0007,12000138625024,0,83.0,199802952.0,96.0,0.0,100.0,4.0,100.0,0.0,81.0,121716628.0,90.0,9066.0,100.0,0.0,100.0,3.0,,,,,100.0,0.0,100.0,0.0,,,80.0,20.0,,,100.0,118.0,100.0,456.0,20.0,20.0,100.0,0.0,100.0,0.0,200.0,0.0,100.0,9005.0,100.0,48740948912.0,100.0,81097655740.0
2019-01-24,ZCH0D01K,ST12000NM0007,12000138625024,0,81.0,118402472.0,96.0,0.0,100.0,4.0,100.0,0.0,81.0,124600930.0,90.0,9081.0,100.0,0.0,100.0,3.0,,,,,100.0,0.0,100.0,0.0,,,79.0,21.0,,,100.0,118.0,100.0,457.0,21.0,21.0,100.0,0.0,100.0,0.0,200.0,0.0,100.0,9020.0,100.0,48781534912.0,100.0,81219809916.0
2019-01-25,ZCH0D01K,ST12000NM0007,12000138625024,0,82,151084576,96.0,0.0,100.0,4.0,100.0,0.0,81.0,127951788.0,90,9113,100.0,0.0,100,3,,,,,100.0,0.0,100.0,0.0,,,80.0,20.0,,,100,119,100.0,458.0,20,20,100.0,0.0,100.0,0.0,200.0,0.0,100.0,9052.0,100.0,48854835648.0,100.0,81423331996.0
2019-01-26,ZCH0D01K,ST12000NM0007,12000138625024,0,75,32056056,96.0,0.0,100.0,4.0,100.0,0.0,81.0,129499198.0,90,9129,100.0,0.0,100,3,,,,,100.0,0.0,100.0,0.0,,,78.0,22.0,,,100,119,100.0,459.0,22,22,100.0,0.0,100.0,0.0,200.0,0.0,100.0,9068.0,100.0,48880202880.0,100.0,81523076884.0
2019-01-27,ZCH0D01K,ST12000NM0007,12000138625024,0,79,72345456,96.0,0.0,100.0,4.0,100.0,0.0,81.0,132614137.0,90,9160,100.0,0.0,100,3,,,,,100.0,0.0,100.0,0.0,,,80.0,20.0,,,100,120,100.0,460.0,20,20,100.0,0.0,100.0,0.0,200.0,0.0,100.0,9099.0,100.0,48945224624.0,100.0,81742485332.0
2019-01-28,ZCH0D01K,ST12000NM0007,12000138625024,0,83,194597376,96.0,0.0,100.0,4.0,100.0,0.0,81.0,134103377.0,90,9176,100.0,0.0,100,3,,,,,100.0,0.0,100.0,0.0,,,79.0,21.0,,,100,121,100.0,461.0,21,21,100.0,0.0,100.0,0.0,200.0,0.0,100.0,9115.0,100.0,48973848520.0,100.0,81836113356.0
2019-01-29,ZCH0D01K,ST12000NM0007,12000138625024,0,70,10950424,96.0,0.0,100.0,4.0,100.0,0.0,81.0,138136939.0,90,9208,100.0,0.0,100,3,,,,,100.0,0.0,100.0,0.0,,,80.0,20.0,,,100,122,100.0,462.0,20,20,100.0,0.0,100.0,0.0,200.0,0.0,100.0,9146.0,100.0,49044460232.0,100.0,82070135956.0
2019-01-30,ZCH0D01K,ST12000NM0007,12000138625024,0,82,157002648,96.0,0.0,100.0,4.0,100.0,0.0,81.0,139704749.0,90,9224,100.0,0.0,100,3,,,,,100.0,0.0,100.0,0.0,,,80.0,20.0,,,100,122,100.0,463.0,20,20,100.0,0.0,100.0,0.0,200.0,0.0,100.0,9162.0,100.0,49073173360.0,100.0,82187475052.0
2019-01-31,ZCH0D01K,ST12000NM0007,12000138625024,0,69,7901736,96.0,0.0,100.0,4.0,100.0,0.0,82.0,144024904.0,90,9255,100.0,0.0,100,3,,,,,100.0,0.0,100.0,0.0,,,80.0,20.0,,,100,123,100.0,464.0,20,20,100.0,0.0,100.0,0.0,200.0,0.0,100.0,9194.0,100.0,49156581584.0,100.0,82443247340.0
2019-02-01,ZCH0D01K,ST12000NM0007,12000138625024,0,76,40388848,96.0,0.0,100.0,4.0,100.0,0.0,82.0,148364686.0,90,9287,100.0,0.0,100,3,,,,,100.0,0.0,100.0,0.0,,,80.0,20.0,,,100,124,100.0,466.0,20,20,100.0,0.0,100.0,0.0,200.0,0.0,100.0,9225.0,100.0,49223164280.0,100.0,82653292620.0
2019-02-02,ZCH0D01K,ST12000NM0007,12000138625024,0,84.0,229937560.0,96.0,0.0,100.0,4.0,100.0,0.0,82.0,150461137.0,90.0,9303.0,100.0,0.0,100.0,3.0,,,,,100.0,0.0,100.0,0.0,,,80.0,20.0,,,100.0,124.0,100.0,466.0,20.0,20.0,100.0,0.0,100.0,0.0,200.0,0.0,100.0,9241.0,100.0,49265381904.0,100.0,82800623708.0
2019-02-03,ZCH0D01K,ST12000NM0007,12000138625024,0,71,12547384,96.0,0.0,100.0,4.0,100.0,0.0,82.0,153708619.0,90,9335,100.0,0.0,100,3,,,,,100.0,0.0,100.0,0.0,,,80.0,20.0,,,100,125,100.0,468.0,20,20,100.0,0.0,100.0,0.0,200.0,0.0,100.0,9273.0,100.0,49332443760.0,100.0,83004453180.0
2019-02-04,ZCH0D01K,ST12000NM0007,12000138625024,0,82,164409976,96.0,0.0,100.0,4.0,100.0,0.0,82.0,155678787.0,90,9351,100.0,0.0,100,3,,,,,100.0,0.0,100.0,0.0,,,80.0,20.0,,,100,125,100.0,468.0,20,20,100.0,0.0,100.0,0.0,200.0,0.0,100.0,9289.0,100.0,49369195088.0,100.0,83119564444.0
2019-02-05,ZCH0D01K,ST12000NM0007,12000138625024,0,84.0,226285704.0,96.0,0.0,100.0,4.0,100.0,0.0,82.0,159328163.0,90.0,9382.0,100.0,0.0,100.0,3.0,,,,,100.0,0.0,100.0,0.0,,,79.0,21.0,,,100.0,127.0,100.0,470.0,21.0,21.0,100.0,0.0,100.0,0.0,200.0,0.0,100.0,9320.0,100.0,49440576464.0,100.0,83354199468.0
2019-02-06,ZCH0D01K,ST12000NM0007,12000138625024,0,82,149500376,96.0,0.0,100.0,4.0,100.0,0.0,82.0,161071175.0,90,9398,100.0,0.0,100,3,,,,,100.0,0.0,100.0,0.0,,,78.0,22.0,,,100,127,100.0,470.0,22,22,100.0,0.0,100.0,0.0,200.0,0.0,100.0,9336.0,100.0,49478629560.0,100.0,83483501772.0
2019-02-07,ZCH0D01K,ST12000NM0007,12000138625024,0,83.0,219044376.0,96.0,0.0,100.0,4.0,100.0,0.0,82.0,165405992.0,90.0,9430.0,100.0,0.0,100.0,3.0,,,,,100.0,0.0,100.0,0.0,,,78.0,22.0,,,100.0,129.0,100.0,472.0,22.0,22.0,100.0,0.0,100.0,0.0,200.0,0.0,100.0,9367.0,100.0,49547899664.0,100.0,83727916316.0
2019-02-08,ZCH0D01K,ST12000NM0007,12000138625024,0,80,111312128,96.0,0.0,100.0,4.0,100.0,0.0,82.0,166830373.0,90,9446,100.0,0.0,100,3,,,,,100.0,0.0,100.0,0.0,,,80.0,20.0,,,100,129,100.0,472.0,20,20,100.0,0.0,100.0,0.0,200.0,0.0,100.0,9383.0,100.0,49579274528.0,100.0,83832949948.0
2019-02-09,ZCH0D01K,ST12000NM0007,12000138625024,0,81.0,124874152.0,96.0,0.0,100.0,4.0,100.0,0.0,82.0,170181080.0,90.0,9477.0,100.0,0.0,100.0,3.0,,,,,100.0,0.0,100.0,0.0,,,79.0,21.0,,,100.0,129.0,100.0,473.0,21.0,21.0,100.0,0.0,100.0,0.0,200.0,0.0,100.0,9415.0,100.0,49644248616.0,100.0,84025678580.0
2019-02-10,ZCH0D01K,ST12000NM0007,12000138625024,0,77,49942424,96.0,0.0,100.0,4.0,100.0,0.0,82.0,171976535.0,90,9493,100.0,0.0,100,3,,,,,100.0,0.0,100.0,0.0,,,78.0,22.0,,,100,130,100.0,474.0,22,22,100.0,0.0,100.0,0.0,200.0,0.0,100.0,9430.0,100.0,49682073992.0,100.0,84157062292.0
2019-02-11,ZCH0D01K,ST12000NM0007,12000138625024,0,81,133125760,96.0,0.0,100.0,4.0,100.0,0.0,82.0,176340923.0,90,9525,100.0,0.0,100,3,,,,,100.0,0.0,100.0,0.0,,,79.0,21.0,,,100,130,100.0,475.0,21,21,100.0,0.0,100.0,0.0,200.0,0.0,100.0,9462.0,100.0,49785517184.0,100.0,84380943076.0
2019-02-12,ZCH0D01K,ST12000NM0007,12000138625024,0,84.0,232677512.0,96.0,0.0,100.0,4.0,100.0,0.0,82.0,177640732.0,90.0,9541.0,100.0,0.0,100.0,3.0,,,,,100.0,0.0,100.0,0.0,,,80.0,20.0,,,100.0,131.0,100.0,476.0,20.0,20.0,100.0,0.0,100.0,0.0,200.0,0.0,100.0,9478.0,100.0,49818450712.0,100.0,84447561300.0
2019-02-13,ZCH0D01K,ST12000NM0007,12000138625024,0,100,1245224,96.0,0.0,100.0,4.0,100.0,0.0,83.0,181037615.0,90,9572,100.0,0.0,100,3,,,,,100.0,0.0,100.0,0.0,,,80.0,20.0,,,100,131,100.0,477.0,20,20,100.0,0.0,100.0,0.0,200.0,0.0,100.0,9509.0,100.0,49896123584.0,100.0,84626737556.0
2019-02-14,ZCH0D01K,ST12000NM0007,12000138625024,0,81,113550016,96.0,0.0,100.0,4.0,100.0,0.0,83.0,183337200.0,90,9588,100.0,0.0,100,3,,,,,100.0,0.0,100.0,0.0,,,79.0,21.0,,,100,131,100.0,478.0,21,21,100.0,0.0,100.0,0.0,200.0,0.0,100.0,9525.0,100.0,49929728864.0,100.0,84705437068.0
2019-02-15,ZCH0D01K,ST12000NM0007,12000138625024,0,79.0,82165080.0,96.0,0.0,100.0,4.0,100.0,0.0,83.0,186196509.0,90.0,9620.0,100.0,0.0,100.0,3.0,,,,,100.0,0.0,100.0,0.0,,,80.0,20.0,,,100.0,131.0,100.0,479.0,20.0,20.0,100.0,0.0,100.0,0.0,200.0,0.0,100.0,9556.0,100.0,49995840496.0,100.0,84852081836.0
2019-02-16,ZCH0D01K,ST12000NM0007,12000138625024,0,82.0,173204072.0,96.0,0.0,100.0,4.0,100.0,0.0,83.0,187479310.0,90.0,9635.0,100.0,0.0,100.0,3.0,,,,,100.0,0.0,100.0,0.0,,,80.0,20.0,,,100.0,132.0,100.0,480.0,20.0,20.0,100.0,0.0,100.0,0.0,200.0,0.0,100.0,9572.0,100.0,50027177584.0,100.0,84911783740.0
2019-02-17,ZCH0D01K,ST12000NM0007,12000138625024,0,74,22902976,96.0,0.0,100.0,4.0,100.0,0.0,83.0,190967090.0,89,9667,100.0,0.0,100,3,,,,,100.0,0.0,100.0,0.0,,,79.0,21.0,,,100,133,100.0,481.0,21,21,100.0,0.0,100.0,0.0,200.0,0.0,100.0,9603.0,100.0,50105111680.0,100.0,85171829964.0
2019-02-18,ZCH0D01K,ST12000NM0007,12000138625024,0,81,136957480,96.0,0.0,100.0,4.0,100.0,0.0,83.0,192386918.0,89,9683,100.0,0.0,100,3,,,,,100.0,0.0,100.0,0.0,,,77.0,23.0,,,100,134,100.0,482.0,23,23,100.0,0.0,100.0,0.0,200.0,0.0,100.0,9619.0,100.0,50138771664.0,100.0,85252224484.0
2019-02-19,ZCH0D01K,ST12000NM0007,12000138625024,0,84,243390720,96.0,0.0,100.0,4.0,100.0,0.0,83.0,197136219.0,89,9715,100.0,0.0,100,3,,,,,100.0,0.0,100.0,0.0,,,79.0,21.0,,,100,134,100.0,483.0,21,21,100.0,0.0,100.0,0.0,200.0,0.0,100.0,9650.0,100.0,50219330608.0,100.0,85522239420.0
2019-02-20,ZCH0D01K,ST12000NM0007,12000138625024,0,73.0,21816448.0,96.0,0.0,100.0,4.0,100.0,0.0,83.0,200878015.0,89.0,9746.0,100.0,0.0,100.0,3.0,,,,,100.0,0.0,100.0,0.0,,,80.0,20.0,,,100.0,136.0,100.0,485.0,20.0,20.0,100.0,0.0,100.0,0.0,200.0,0.0,100.0,9682.0,100.0,50295389776.0,100.0,85712887348.0
2019-02-21,ZCH0D01K,ST12000NM0007,12000138625024,0,82,141539216,96.0,0.0,100.0,4.0,100.0,0.0,83.0,203015649.0,89,9762,100.0,0.0,100,3,,,,,100.0,0.0,100.0,0.0,,,77.0,23.0,,,100,136,100.0,485.0,23,23,100.0,0.0,100.0,0.0,200.0,0.0,100.0,9698.0,100.0,50314788296.0,100.0,85813211596.0
2019-02-22,ZCH0D01K,ST12000NM0007,12000138625024,0,74,26385432,96.0,0.0,100.0,4.0,100.0,0.0,83.0,205086066.0,89,9778,100.0,0.0,100,3,,,,,100.0,0.0,100.0,0.0,,,79.0,21.0,,,100,136,100.0,486.0,21,21,100.0,0.0,100.0,0.0,200.0,0.0,100.0,9714.0,100.0,50340557720.0,100.0,85916429140.0
2019-02-23,ZCH0D01K,ST12000NM0007,12000138625024,0,78.0,57257816.0,96.0,0.0,100.0,4.0,100.0,0.0,83.0,208160603.0,89.0,9809.0,100.0,0.0,100.0,3.0,,,,,100.0,0.0,100.0,0.0,,,80.0,20.0,,,100.0,136.0,100.0,487.0,20.0,20.0,100.0,0.0,100.0,0.0,200.0,0.0,100.0,9745.0,100.0,50407631360.0,100.0,86124368668.0
2019-02-24,ZCH0D01K,ST12000NM0007,12000138625024,0,83,186689424,96.0,0.0,100.0,4.0,100.0,0.0,83.0,209704124.0,89,9825,100.0,0.0,100,3,,,,,100.0,0.0,100.0,0.0,,,78.0,22.0,,,100,137,100.0,488.0,22,22,100.0,0.0,100.0,0.0,200.0,0.0,100.0,9761.0,100.0,50432211248.0,100.0,86229220388.0
2019-02-25,ZCH0D01K,ST12000NM0007,12000138625024,0,83,182862904,96.0,0.0,100.0,4.0,100.0,0.0,83.0,213377824.0,89,9857,100.0,0.0,100,3,,,,,100.0,0.0,100.0,0.0,,,79.0,21.0,,,100,138,100.0,489.0,21,21,100.0,0.0,100.0,0.0,200.0,0.0,100.0,9792.0,100.0,50494165496.0,100.0,86407580292.0
2019-02-26,ZCH0D01K,ST12000NM0007,12000138625024,0,79,77738704,96.0,0.0,100.0,4.0,100.0,0.0,83.0,215326917.0,89,9873,100.0,0.0,100,3,,,,,100.0,0.0,100.0,0.0,,,79.0,21.0,,,100,138,100.0,490.0,21,21,100.0,0.0,100.0,0.0,200.0,0.0,100.0,9808.0,100.0,50524283968.0,100.0,86516478388.0
2019-02-27,ZCH0D01K,ST12000NM0007,12000138625024,0,76.0,40267320.0,96.0,0.0,100.0,4.0,100.0,0.0,83.0,217863099.0,89.0,9904.0,100.0,0.0,100.0,3.0,,,,,100.0,0.0,100.0,0.0,,,80.0,20.0,,,100.0,139.0,100.0,491.0,20.0,20.0,100.0,0.0,100.0,0.0,200.0,0.0,100.0,9840.0,100.0,50574018912.0,100.0,86673412740.0
2019-02-28,ZCH0D01K,ST12000NM0007,12000138625024,0,70,10241368,96.0,0.0,100.0,4.0,100.0,0.0,83.0,221301771.0,89,9936,100.0,0.0,100,3,,,,,100.0,0.0,100.0,0.0,,,80.0,20.0,,,100,140,100.0,493.0,20,20,100.0,0.0,100.0,0.0,200.0,0.0,100.0,9871.0,100.0,50631698312.0,100.0,86829848196.0
2019-03-01,ZCH0D01K,ST12000NM0007,12000138625024,0,80.0,96033480.0,96.0,0.0,100.0,4.0,100.0,0.0,83.0,222428922.0,89.0,9952.0,100.0,0.0,100.0,3.0,,,,,100.0,0.0,100.0,0.0,,,80.0,20.0,,,100.0,140.0,100.0,493.0,20.0,20.0,100.0,0.0,100.0,0.0,200.0,0.0,100.0,9887.0,100.0,50658453208.0,100.0,86888885412.0
2019-03-02,ZCH0D01K,ST12000NM0007,12000138625024,0,78.0,65783536.0,96.0,0.0,100.0,4.0,100.0,0.0,84.0,225243847.0,89.0,9983.0,100.0,0.0,100.0,3.0,,,,,100.0,0.0,100.0,0.0,,,79.0,21.0,,,100.0,140.0,100.0,495.0,21.0,21.0,100.0,0.0,100.0,0.0,200.0,0.0,100.0,9918.0,100.0,50720008088.0,100.0,87041221508.0
2019-03-03,ZCH0D01K,ST12000NM0007,12000138625024,0,83.0,213664600.0,96.0,0.0,100.0,4.0,100.0,0.0,84.0,227002455.0,89.0,9999.0,100.0,0.0,100.0,3.0,,,,,100.0,0.0,100.0,0.0,,,80.0,20.0,,,100.0,140.0,100.0,495.0,20.0,20.0,100.0,0.0,100.0,0.0,200.0,0.0,100.0,9934.0,100.0,50759723464.0,100.0,87149387196.0
2019-03-04,ZCH0D01K,ST12000NM0007,12000138625024,0,84,237996488,96.0,0.0,100.0,4.0,100.0,0.0,84.0,231461079.0,89,10031,100.0,0.0,100,3,,,,,100.0,0.0,100.0,0.0,,,81.0,19.0,,,100,141,100.0,497.0,19,19,100.0,0.0,100.0,0.0,200.0,0.0,100.0,9966.0,100.0,50838762912.0,100.0,87338820340.0
2019-03-05,ZCH0D01K,ST12000NM0007,12000138625024,0,81.0,116376528.0,96.0,0.0,100.0,4.0,100.0,0.0,84.0,232811133.0,89.0,10047.0,100.0,0.0,100.0,3.0,,,,,100.0,0.0,100.0,0.0,,,81.0,19.0,,,100.0,141.0,100.0,497.0,19.0,19.0,100.0,0.0,100.0,0.0,200.0,0.0,100.0,9981.0,100.0,50863854392.0,100.0,87436249652.0
2019-03-06,ZCH0D01K,ST12000NM0007,12000138625024,0,78.0,65146240.0,96.0,0.0,100.0,4.0,100.0,0.0,84.0,235365561.0,89.0,10078.0,100.0,0.0,100.0,3.0,,,,,100.0,0.0,100.0,0.0,,,80.0,20.0,,,100.0,143.0,100.0,499.0,20.0,20.0,100.0,0.0,100.0,0.0,200.0,0.0,100.0,10012.0,100.0,50920433664.0,100.0,87572580860.0
2019-03-07,ZCH0D01K,ST12000NM0007,12000138625024,0,82.0,166618944.0,96.0,0.0,100.0,4.0,100.0,0.0,84.0,237612550.0,89.0,10094.0,100.0,0.0,100.0,3.0,,,,,100.0,0.0,100.0,0.0,,,80.0,20.0,,,100.0,143.0,100.0,499.0,20.0,20.0,100.0,0.0,100.0,0.0,200.0,0.0,100.0,10028.0,100.0,50951254312.0,100.0,87643232916.0
2019-03-08,ZCH0D01K,ST12000NM0007,12000138625024,0,83.0,187504800.0,96.0,0.0,100.0,4.0,100.0,0.0,84.0,240609546.0,89.0,10126.0,100.0,0.0,100.0,3.0,,,,,100.0,0.0,100.0,0.0,,,80.0,20.0,,,100.0,143.0,100.0,501.0,20.0,20.0,100.0,0.0,100.0,0.0,200.0,0.0,100.0,10060.0,100.0,51001925008.0,100.0,87857588908.0
2019-03-09,ZCH0D01K,ST12000NM0007,12000138625024,0,78.0,62117712.0,96.0,0.0,100.0,4.0,100.0,0.0,84.0,242092979.0,89.0,10142.0,100.0,0.0,100.0,3.0,,,,,100.0,0.0,100.0,0.0,,,79.0,21.0,,,100.0,143.0,100.0,501.0,21.0,21.0,100.0,0.0,100.0,0.0,200.0,0.0,100.0,10075.0,100.0,51039338072.0,100.0,87938929452.0
2019-03-10,ZCH0D01K,ST12000NM0007,12000138625024,0,75.0,34722648.0,96.0,0.0,100.0,4.0,100.0,0.0,84.0,245212950.0,89.0,10173.0,100.0,0.0,100.0,3.0,,,,,100.0,0.0,100.0,0.0,,,80.0,20.0,,,100.0,144.0,100.0,503.0,20.0,20.0,100.0,0.0,100.0,0.0,200.0,0.0,100.0,10107.0,100.0,51129488008.0,100.0,88065525188.0
2019-03-11,ZCH0D01K,ST12000NM0007,12000138625024,0,81.0,139167104.0,96.0,0.0,100.0,4.0,100.0,0.0,84.0,246920684.0,89.0,10189.0,100.0,0.0,100.0,3.0,,,,,100.0,0.0,100.0,0.0,,,80.0,20.0,,,100.0,144.0,100.0,503.0,20.0,20.0,100.0,0.0,100.0,0.0,200.0,0.0,100.0,10123.0,100.0,51168703328.0,100.0,88130754324.0
2019-03-12,ZCH0D01K,ST12000NM0007,12000138625024,0,82.0,156039640.0,96.0,0.0,100.0,4.0,100.0,0.0,84.0,251220697.0,89.0,10221.0,100.0,0.0,100.0,3.0,,,,,100.0,0.0,100.0,0.0,,,81.0,19.0,,,100.0,144.0,100.0,505.0,19.0,19.0,100.0,0.0,100.0,0.0,200.0,0.0,100.0,10155.0,100.0,51260196928.0,100.0,88300273980.0
2019-03-13,ZCH0D01K,ST12000NM0007,12000138625024,0,81.0,113531136.0,96.0,0.0,100.0,4.0,100.0,0.0,84.0,254555190.0,89.0,10237.0,100.0,0.0,100.0,3.0,,,,,100.0,0.0,100.0,0.0,,,81.0,19.0,,,100.0,144.0,100.0,505.0,19.0,19.0,100.0,0.0,100.0,0.0,200.0,0.0,100.0,10170.0,100.0,51312934208.0,100.0,88449169044.0
2019-03-14,ZCH0D01K,ST12000NM0007,12000138625024,0,82.0,148024632.0,96.0,0.0,100.0,4.0,100.0,0.0,84.0,258936744.0,89.0,10269.0,100.0,0.0,100.0,3.0,,,,,100.0,0.0,100.0,0.0,,,81.0,19.0,,,100.0,146.0,100.0,507.0,19.0,19.0,100.0,0.0,100.0,0.0,200.0,0.0,100.0,10202.0,100.0,51410037448.0,100.0,88630699932.0
2019-03-15,ZCH0D01K,ST12000NM0007,12000138625024,0,74.0,25598176.0,96.0,0.0,100.0,4.0,100.0,0.0,84.0,260491651.0,89.0,10284.0,100.0,0.0,100.0,3.0,,,,,100.0,0.0,100.0,0.0,,,81.0,19.0,,,100.0,146.0,100.0,507.0,19.0,19.0,100.0,0.0,100.0,0.0,200.0,0.0,100.0,10218.0,100.0,51452057128.0,100.0,88710394956.0
2019-03-16,ZCH0D01K,ST12000NM0007,12000138625024,0,77.0,55869520.0,96.0,0.0,100.0,4.0,100.0,0.0,84.0,263670432.0,89.0,10316.0,100.0,0.0,100.0,3.0,,,,,100.0,0.0,100.0,0.0,,,82.0,18.0,,,100.0,148.0,100.0,509.0,18.0,18.0,100.0,0.0,100.0,0.0,200.0,0.0,100.0,10249.0,100.0,51520475392.0,100.0,88916388724.0
2019-03-17,ZCH0D01K,ST12000NM0007,12000138625024,0,82.0,175148376.0,96.0,0.0,100.0,4.0,100.0,0.0,84.0,265100628.0,89.0,10332.0,100.0,0.0,100.0,3.0,,,,,100.0,0.0,100.0,0.0,,,81.0,19.0,,,100.0,148.0,100.0,509.0,19.0,19.0,100.0,0.0,100.0,0.0,200.0,0.0,100.0,10265.0,100.0,51559354600.0,100.0,88996788372.0
2019-03-18,ZCH0D01K,ST12000NM0007,12000138625024,0,82.0,166929792.0,96.0,0.0,100.0,4.0,100.0,0.0,84.0,268903182.0,89.0,10363.0,100.0,0.0,100.0,3.0,,,,,100.0,0.0,100.0,0.0,,,82.0,18.0,,,100.0,149.0,100.0,511.0,18.0,18.0,100.0,0.0,100.0,0.0,200.0,0.0,100.0,10296.0,100.0,51630911664.0,100.0,89161153356.0
2019-03-19,ZCH0D01K,ST12000NM0007,12000138625024,0,75.0,32820112.0,96.0,0.0,100.0,4.0,100.0,0.0,84.0,270287755.0,89.0,10379.0,100.0,0.0,100.0,3.0,,,,,100.0,0.0,100.0,0.0,,,81.0,19.0,,,100.0,149.0,100.0,511.0,19.0,19.0,100.0,0.0,100.0,0.0,200.0,0.0,100.0,10312.0,100.0,51663193920.0,100.0,89238902124.0
2019-03-20,ZCH0D01K,ST12000NM0007,12000138625024,0,77.0,53950880.0,96.0,0.0,100.0,4.0,100.0,0.0,84.0,273309558.0,89.0,10411.0,100.0,0.0,100.0,3.0,,,,,100.0,0.0,100.0,0.0,,,81.0,19.0,,,100.0,149.0,100.0,512.0,19.0,19.0,100.0,0.0,100.0,0.0,200.0,0.0,100.0,10344.0,100.0,51734991768.0,100.0,89432375740.0
2019-03-21,ZCH0D01K,ST12000NM0007,12000138625024,0,83.0,218091432.0,96.0,0.0,100.0,4.0,100.0,0.0,84.0,276213966.0,89.0,10427.0,100.0,0.0,100.0,3.0,,,,,100.0,0.0,100.0,0.0,,,80.0,20.0,,,100.0,149.0,100.0,513.0,20.0,20.0,100.0,0.0,100.0,0.0,200.0,0.0,100.0,10360.0,100.0,51781282856.0,100.0,89550225204.0
2019-03-22,ZCH0D01K,ST12000NM0007,12000138625024,0,83.0,221347264.0,96.0,0.0,100.0,4.0,100.0,0.0,84.0,279582177.0,89.0,10458.0,100.0,0.0,100.0,3.0,,,,,100.0,0.0,100.0,0.0,,,81.0,19.0,,,100.0,149.0,100.0,514.0,19.0,19.0,100.0,0.0,100.0,0.0,200.0,0.0,100.0,10391.0,100.0,51861289304.0,100.0,89717615220.0
2019-03-23,ZCH0D01K,ST12000NM0007,12000138625024,0,79.0,88411768.0,96.0,0.0,100.0,4.0,100.0,0.0,84.0,281212747.0,89.0,10474.0,100.0,0.0,100.0,3.0,,,,,100.0,0.0,100.0,0.0,,,79.0,21.0,,,100.0,149.0,100.0,515.0,21.0,21.0,100.0,0.0,100.0,0.0,200.0,0.0,100.0,10407.0,100.0,51890537808.0,100.0,89799571932.0
2019-03-24,ZCH0D01K,ST12000NM0007,12000138625024,0,80.0,90453384.0,96.0,0.0,100.0,4.0,100.0,0.0,85.0,284608671.0,89.0,10506.0,100.0,0.0,100.0,3.0,,,,,100.0,0.0,100.0,0.0,,,80.0,20.0,,,100.0,150.0,100.0,516.0,20.0,20.0,100.0,0.0,100.0,0.0,200.0,0.0,100.0,10438.0,100.0,51952598624.0,100.0,89983693532.0
2019-03-25,ZCH0D01K,ST12000NM0007,12000138625024,0,83.0,191134032.0,96.0,0.0,100.0,4.0,100.0,0.0,85.0,285840390.0,88.0,10522.0,100.0,0.0,100.0,3.0,,,,,100.0,0.0,100.0,0.0,,,79.0,21.0,,,100.0,151.0,100.0,517.0,21.0,21.0,100.0,0.0,100.0,0.0,200.0,0.0,100.0,10454.0,100.0,51973355968.0,100.0,90063616836.0
2019-03-26,ZCH0D01K,ST12000NM0007,12000138625024,0,76.0,41712240.0,96.0,0.0,100.0,4.0,100.0,0.0,85.0,290596202.0,88.0,10553.0,100.0,0.0,100.0,3.0,,,,,100.0,0.0,100.0,0.0,,,81.0,19.0,,,100.0,151.0,100.0,518.0,19.0,19.0,100.0,0.0,100.0,0.0,200.0,0.0,100.0,10486.0,100.0,52040903880.0,100.0,90334928508.0
2019-03-27,ZCH0D01K,ST12000NM0007,12000138625024,0,82.0,176238472.0,96.0,0.0,100.0,4.0,100.0,0.0,85.0,292299056.0,88.0,10569.0,100.0,0.0,100.0,3.0,,,,,100.0,0.0,100.0,0.0,,,79.0,21.0,,,100.0,152.0,100.0,519.0,21.0,21.0,100.0,0.0,100.0,0.0,200.0,0.0,100.0,10501.0,100.0,52073233192.0,100.0,90437125428.0
2019-03-28,ZCH0D01K,ST12000NM0007,12000138625024,0,84.0,233520032.0,96.0,0.0,100.0,4.0,100.0,0.0,85.0,296770829.0,88.0,10601.0,100.0,0.0,100.0,3.0,,,,,100.0,0.0,100.0,0.0,,,80.0,20.0,,,100.0,152.0,100.0,520.0,20.0,20.0,100.0,0.0,100.0,0.0,200.0,0.0,100.0,10533.0,100.0,52152147288.0,100.0,90659633548.0
2019-03-29,ZCH0D01K,ST12000NM0007,12000138625024,0,80.0,89147376.0,96.0,0.0,100.0,4.0,100.0,0.0,85.0,298257613.0,88.0,10617.0,100.0,0.0,100.0,3.0,,,,,100.0,0.0,100.0,0.0,,,81.0,19.0,,,100.0,152.0,100.0,521.0,19.0,19.0,100.0,0.0,100.0,0.0,200.0,0.0,100.0,10548.0,100.0,52174274416.0,100.0,90737274796.0
2019-03-30,ZCH0D01K,ST12000NM0007,12000138625024,0,74.0,23647280.0,96.0,0.0,100.0,4.0,100.0,0.0,85.0,300819196.0,88.0,10648.0,100.0,0.0,100.0,3.0,,,,,100.0,0.0,100.0,0.0,,,80.0,20.0,,,100.0,153.0,100.0,522.0,20.0,20.0,100.0,0.0,100.0,0.0,200.0,0.0,100.0,10579.0,100.0,52229534656.0,100.0,90860655196.0
2019-03-31,ZCH0D01K,ST12000NM0007,12000138625024,0,81.0,128057224.0,96.0,0.0,100.0,4.0,100.0,0.0,85.0,302342943.0,88.0,10664.0,100.0,0.0,100.0,3.0,,,,,100.0,0.0,100.0,0.0,,,80.0,20.0,,,100.0,153.0,100.0,523.0,20.0,20.0,100.0,0.0,100.0,0.0,200.0,0.0,100.0,10595.0,100.0,52262585552.0,100.0,90932014244.0
2019-04-01,ZCH0D01K,ST12000NM0007,12000138625024,0,82.0,144375032.0,96.0,0.0,100.0,4.0,100.0,0.0,85.0,306483234.0,88.0,10696.0,100.0,0.0,100.0,3.0,,,,,100.0,0.0,100.0,0.0,,,81.0,19.0,,,100.0,154.0,100.0,524.0,19.0,19.0,100.0,0.0,100.0,0.0,200.0,0.0,100.0,10626.0,100.0,52344966440.0,100.0,91110091836.0
2019-04-02,ZCH0D01K,ST12000NM0007,12000138625024,0,77.0,53427096.0,96.0,0.0,100.0,4.0,100.0,0.0,85.0,308750089.0,88.0,10711.0,100.0,0.0,100.0,3.0,,,,,100.0,0.0,100.0,0.0,,,80.0,20.0,,,100.0,155.0,100.0,525.0,20.0,20.0,100.0,0.0,100.0,0.0,200.0,0.0,100.0,10642.0,100.0,52382524232.0,100.0,91225726836.0
2019-04-03,ZCH0D01K,ST12000NM0007,12000138625024,0,80.0,95762952.0,96.0,0.0,100.0,4.0,100.0,0.0,85.0,311806469.0,88.0,10743.0,100.0,0.0,100.0,3.0,,,,,100.0,0.0,100.0,0.0,,,80.0,20.0,,,100.0,155.0,100.0,526.0,20.0,20.0,100.0,0.0,100.0,0.0,200.0,0.0,100.0,10674.0,100.0,52444564424.0,100.0,91450163236.0
2019-04-04,ZCH0D01K,ST12000NM0007,12000138625024,0,82.0,143754344.0,96.0,0.0,100.0,4.0,100.0,0.0,85.0,317213150.0,88.0,10775.0,100.0,0.0,100.0,3.0,,,,,100.0,0.0,100.0,0.0,,,82.0,18.0,,,100.0,155.0,100.0,528.0,18.0,18.0,100.0,0.0,100.0,0.0,200.0,0.0,100.0,10705.0,100.0,52504622672.0,100.0,91682237124.0
2019-04-05,ZCH0D01K,ST12000NM0007,12000138625024,0,75.0,34712192.0,96.0,0.0,100.0,4.0,100.0,0.0,85.0,318674471.0,88.0,10791.0,100.0,0.0,100.0,3.0,,,,,100.0,0.0,100.0,0.0,,,81.0,19.0,,,100.0,155.0,100.0,528.0,19.0,19.0,100.0,0.0,100.0,0.0,200.0,0.0,100.0,10721.0,100.0,52535382096.0,100.0,91786576180.0
2019-04-06,ZCH0D01K,ST12000NM0007,12000138625024,0,84.0,235667952.0,96.0,0.0,100.0,4.0,100.0,0.0,85.0,321706133.0,88.0,10822.0,100.0,0.0,100.0,3.0,,,,,100.0,0.0,100.0,0.0,,,80.0,20.0,,,100.0,156.0,100.0,530.0,20.0,20.0,100.0,0.0,100.0,0.0,200.0,0.0,100.0,10752.0,100.0,52585104408.0,100.0,91937809628.0
2019-04-07,ZCH0D01K,ST12000NM0007,12000138625024,0,81.0,123695768.0,96.0,0.0,100.0,4.0,100.0,0.0,85.0,323135799.0,88.0,10838.0,100.0,0.0,100.0,3.0,,,,,100.0,0.0,100.0,0.0,,,81.0,19.0,,,100.0,156.0,100.0,530.0,19.0,19.0,100.0,0.0,100.0,0.0,200.0,0.0,100.0,10768.0,100.0,52602262776.0,100.0,92052819764.0
2019-04-08,ZCH0D01K,ST12000NM0007,12000138625024,0,83.0,183773968.0,96.0,0.0,100.0,4.0,100.0,0.0,85.0,327400512.0,88.0,10870.0,100.0,0.0,100.0,3.0,,,,,100.0,0.0,100.0,0.0,,,82.0,18.0,,,100.0,157.0,100.0,532.0,18.0,18.0,100.0,0.0,100.0,0.0,200.0,0.0,100.0,10800.0,100.0,52673321264.0,100.0,92285980316.0
2019-04-09,ZCH0D01K,ST12000NM0007,12000138625024,0,78.0,61895984.0,96.0,0.0,100.0,4.0,100.0,0.0,85.0,328760590.0,88.0,10886.0,100.0,0.0,100.0,3.0,,,,,100.0,0.0,100.0,0.0,,,81.0,19.0,,,100.0,157.0,100.0,532.0,19.0,19.0,100.0,0.0,100.0,0.0,200.0,0.0,100.0,10816.0,100.0,52706405968.0,100.0,92375158284.0
2019-04-10,ZCH0D01K,ST12000NM0007,12000138625024,0,78.0,62505064.0,96.0,0.0,100.0,4.0,100.0,0.0,85.0,331240163.0,88.0,10918.0,100.0,0.0,100.0,3.0,,,,,100.0,0.0,100.0,0.0,,,82.0,18.0,,,100.0,157.0,100.0,534.0,18.0,18.0,100.0,0.0,100.0,0.0,200.0,0.0,100.0,10847.0,100.0,52742311904.0,100.0,92584002140.0
2019-04-11,ZCH0D01K,ST12000NM0007,12000138625024,0,83.0,208729520.0,96.0,0.0,100.0,4.0,100.0,0.0,85.0,333724303.0,88.0,10933.0,100.0,0.0,100.0,3.0,,,,,100.0,0.0,100.0,0.0,,,81.0,19.0,,,100.0,157.0,100.0,534.0,19.0,19.0,100.0,0.0,100.0,0.0,200.0,0.0,100.0,10863.0,100.0,52771984072.0,100.0,92700554428.0
2019-04-12,ZCH0D01K,ST12000NM0007,12000138625024,0,82.0,157456768.0,96.0,0.0,100.0,4.0,100.0,0.0,85.0,336516512.0,88.0,10965.0,100.0,0.0,100.0,3.0,,,,,100.0,0.0,100.0,0.0,,,82.0,18.0,,,100.0,158.0,100.0,536.0,18.0,18.0,100.0,0.0,100.0,0.0,200.0,0.0,100.0,10894.0,100.0,52830773888.0,100.0,92834632700.0
2019-04-13,ZCH0D01K,ST12000NM0007,12000138625024,0,79.0,74980520.0,96.0,0.0,100.0,4.0,100.0,0.0,85.0,338130358.0,88.0,10981.0,100.0,0.0,100.0,3.0,,,,,100.0,0.0,100.0,0.0,,,80.0,20.0,,,100.0,159.0,100.0,537.0,20.0,20.0,100.0,0.0,100.0,0.0,200.0,0.0,100.0,10910.0,100.0,52861468320.0,100.0,92965602692.0
2019-04-14,ZCH0D01K,ST12000NM0007,12000138625024,0,80.0,101012120.0,96.0,0.0,100.0,4.0,100.0,0.0,85.0,341406442.0,88.0,11012.0,100.0,0.0,100.0,3.0,,,,,100.0,0.0,100.0,0.0,,,83.0,17.0,,,100.0,159.0,100.0,538.0,17.0,17.0,100.0,0.0,100.0,0.0,200.0,0.0,100.0,10941.0,100.0,52962346632.0,100.0,93134896724.0
2019-04-15,ZCH0D01K,ST12000NM0007,12000138625024,0,84.0,230793736.0,96.0,0.0,100.0,4.0,100.0,0.0,85.0,342885954.0,88.0,11028.0,100.0,0.0,100.0,3.0,,,,,100.0,0.0,100.0,0.0,,,81.0,19.0,,,100.0,159.0,100.0,539.0,19.0,19.0,100.0,0.0,100.0,0.0,200.0,0.0,100.0,10957.0,100.0,52984302792.0,100.0,93242722180.0
2019-04-16,ZCH0D01K,ST12000NM0007,12000138625024,0,73.0,21472552.0,96.0,0.0,100.0,4.0,100.0,0.0,85.0,347336020.0,88.0,11060.0,100.0,0.0,100.0,3.0,,,,,100.0,0.0,100.0,0.0,,,81.0,19.0,,,100.0,159.0,100.0,540.0,19.0,19.0,100.0,0.0,100.0,0.0,200.0,0.0,100.0,10989.0,100.0,53041245736.0,100.0,93464739532.0
2019-04-17,ZCH0D01K,ST12000NM0007,12000138625024,0,81.0,135056248.0,96.0,0.0,100.0,4.0,100.0,0.0,85.0,348607914.0,88.0,11076.0,100.0,0.0,100.0,3.0,,,,,100.0,0.0,100.0,0.0,,,81.0,19.0,,,100.0,159.0,100.0,541.0,19.0,19.0,100.0,0.0,100.0,0.0,200.0,0.0,100.0,11004.0,100.0,53066141616.0,100.0,93553427348.0
2019-04-18,ZCH0D01K,ST12000NM0007,12000138625024,0,82.0,151790992.0,96.0,0.0,100.0,4.0,100.0,0.0,85.0,352339577.0,88.0,11107.0,100.0,0.0,100.0,3.0,,,,,100.0,0.0,100.0,0.0,,,81.0,19.0,,,100.0,159.0,100.0,543.0,19.0,19.0,100.0,0.0,100.0,0.0,200.0,0.0,100.0,11036.0,100.0,53121303448.0,100.0,93759140892.0
2019-04-19,ZCH0D01K,ST12000NM0007,12000138625024,0,75.0,31822648.0,96.0,0.0,100.0,4.0,100.0,0.0,85.0,353703871.0,88.0,11123.0,100.0,0.0,100.0,3.0,,,,,100.0,0.0,100.0,0.0,,,81.0,19.0,,,100.0,159.0,100.0,543.0,19.0,19.0,100.0,0.0,100.0,0.0,200.0,0.0,100.0,11052.0,100.0,53147777376.0,100.0,93856839388.0
2019-04-20,ZCH0D01K,ST12000NM0007,12000138625024,0,73.0,21729328.0,96.0,0.0,100.0,4.0,100.0,0.0,86.0,356579248.0,88.0,11155.0,100.0,0.0,100.0,3.0,,,,,100.0,0.0,100.0,0.0,,,83.0,17.0,,,100.0,161.0,100.0,545.0,17.0,17.0,100.0,0.0,100.0,0.0,200.0,0.0,100.0,11083.0,100.0,53199257296.0,100.0,94039406780.0
2019-04-21,ZCH0D01K,ST12000NM0007,12000138625024,0,81.0,119726136.0,96.0,0.0,100.0,4.0,100.0,0.0,86.0,358042547.0,88.0,11171.0,100.0,0.0,100.0,3.0,,,,,100.0,0.0,100.0,0.0,,,80.0,20.0,,,100.0,161.0,100.0,545.0,20.0,20.0,100.0,0.0,100.0,0.0,200.0,0.0,100.0,11099.0,100.0,53224485048.0,100.0,94112175836.0
2019-04-22,ZCH0D01K,ST12000NM0007,12000138625024,0,82.0,160546968.0,96.0,0.0,100.0,4.0,100.0,0.0,86.0,362240954.0,88.0,11203.0,100.0,0.0,100.0,3.0,,,,,100.0,0.0,100.0,0.0,,,82.0,18.0,,,100.0,161.0,100.0,547.0,18.0,18.0,100.0,0.0,100.0,0.0,200.0,0.0,100.0,11130.0,100.0,53284527456.0,100.0,94337094988.0
2019-04-23,ZCH0D01K,ST12000NM0007,12000138625024,0,79.0,72242312.0,96.0,0.0,100.0,4.0,100.0,0.0,86.0,363739807.0,88.0,11218.0,100.0,0.0,100.0,3.0,,,,,100.0,0.0,100.0,0.0,,,81.0,19.0,,,100.0,161.0,100.0,547.0,19.0,19.0,100.0,0.0,100.0,0.0,200.0,0.0,100.0,11146.0,100.0,53302397600.0,100.0,94475060828.0
2019-04-24,ZCH0D01K,ST12000NM0007,12000138625024,0,82.0,169156368.0,96.0,0.0,100.0,4.0,100.0,0.0,86.0,366933981.0,88.0,11250.0,100.0,0.0,100.0,3.0,,,,,100.0,0.0,100.0,0.0,,,80.0,20.0,,,100.0,163.0,100.0,549.0,20.0,20.0,100.0,0.0,100.0,0.0,200.0,0.0,100.0,11178.0,100.0,53341783648.0,100.0,94776729548.0
2019-04-25,ZCH0D01K,ST12000NM0007,12000138625024,0,82.0,147278168.0,96.0,0.0,100.0,4.0,100.0,0.0,86.0,371374528.0,88.0,11266.0,100.0,0.0,100.0,3.0,,,,,100.0,0.0,100.0,0.0,,,82.0,18.0,,,100.0,163.0,100.0,550.0,18.0,18.0,100.0,0.0,100.0,0.0,200.0,0.0,100.0,11193.0,100.0,53375952352.0,100.0,94964823308.0
2019-04-26,ZCH0D01K,ST12000NM0007,12000138625024,0,82.0,144592696.0,96.0,0.0,100.0,4.0,100.0,0.0,86.0,374244116.0,88.0,11298.0,100.0,0.0,100.0,3.0,,,,,100.0,0.0,100.0,0.0,,,81.0,19.0,,,100.0,164.0,100.0,551.0,19.0,19.0,100.0,0.0,100.0,0.0,200.0,0.0,100.0,11225.0,100.0,53447800592.0,100.0,95134430292.0
2019-04-27,ZCH0D01K,ST12000NM0007,12000138625024,0,74.0,27286048.0,96.0,0.0,100.0,4.0,100.0,0.0,86.0,375706258.0,88.0,11314.0,100.0,0.0,100.0,3.0,,,,,100.0,0.0,100.0,0.0,,,81.0,19.0,,,100.0,164.0,100.0,552.0,19.0,19.0,100.0,0.0,100.0,0.0,200.0,0.0,100.0,11241.0,100.0,53478905760.0,100.0,95230159292.0
2019-04-28,ZCH0D01K,ST12000NM0007,12000138625024,0,79.0,76749344.0,96.0,0.0,100.0,4.0,100.0,0.0,86.0,378493910.0,88.0,11346.0,100.0,0.0,100.0,3.0,,,,,100.0,0.0,100.0,0.0,,,82.0,18.0,,,100.0,165.0,100.0,553.0,18.0,18.0,100.0,0.0,100.0,0.0,200.0,0.0,100.0,11272.0,100.0,53540416264.0,100.0,95462252836.0
2019-04-29,ZCH0D01K,ST12000NM0007,12000138625024,0,83.0,220144472.0,96.0,0.0,100.0,4.0,100.0,0.0,86.0,379775158.0,88.0,11361.0,100.0,0.0,100.0,3.0,,,,,100.0,0.0,100.0,0.0,,,82.0,18.0,,,100.0,165.0,100.0,554.0,18.0,18.0,100.0,0.0,100.0,0.0,200.0,0.0,100.0,11288.0,100.0,53567410176.0,100.0,95578654052.0
2019-04-30,ZCH0D01K,ST12000NM0007,12000138625024,0,79.0,85434976.0,96.0,0.0,100.0,4.0,100.0,0.0,86.0,383525337.0,87.0,11393.0,100.0,0.0,100.0,3.0,,,,,100.0,0.0,100.0,0.0,,,83.0,17.0,,,100.0,166.0,100.0,555.0,17.0,17.0,100.0,0.0,100.0,0.0,200.0,0.0,100.0,11320.0,100.0,53636090480.0,100.0,95863545564.0
2019-05-01,ZCH0D01K,ST12000NM0007,12000138625024,0,80.0,109155792.0,96.0,0.0,100.0,4.0,100.0,0.0,86.0,386324164.0,87.0,11425.0,100.0,0.0,100.0,3.0,,,,,100.0,0.0,100.0,0.0,,,81.0,19.0,,,100.0,167.0,100.0,557.0,19.0,19.0,100.0,0.0,100.0,0.0,200.0,0.0,100.0,11351.0,100.0,53690573208.0,100.0,96076924444.0
2019-05-02,ZCH0D01K,ST12000NM0007,12000138625024,0,75.0,30881552.0,96.0,0.0,100.0,4.0,100.0,0.0,86.0,388903624.0,87.0,11441.0,100.0,0.0,100.0,3.0,,,,,100.0,0.0,100.0,0.0,,,81.0,19.0,,,100.0,168.0,100.0,558.0,19.0,19.0,100.0,0.0,100.0,0.0,200.0,0.0,100.0,11367.0,100.0,53728005928.0,100.0,96205358156.0
2019-05-03,ZCH0D01K,ST12000NM0007,12000138625024,0,74.0,22572264.0,96.0,0.0,100.0,4.0,100.0,0.0,86.0,391607464.0,87.0,11472.0,100.0,0.0,100.0,3.0,,,,,100.0,0.0,100.0,0.0,,,82.0,18.0,,,100.0,168.0,100.0,559.0,18.0,18.0,100.0,0.0,100.0,0.0,200.0,0.0,100.0,11398.0,100.0,53781515552.0,100.0,96387680052.0
2019-05-04,ZCH0D01K,ST12000NM0007,12000138625024,0,82.0,171008624.0,96.0,0.0,100.0,4.0,100.0,0.0,86.0,392926659.0,87.0,11488.0,100.0,0.0,100.0,3.0,,,,,100.0,0.0,100.0,0.0,,,81.0,19.0,,,100.0,168.0,100.0,559.0,19.0,19.0,100.0,0.0,100.0,0.0,200.0,0.0,100.0,11414.0,100.0,53808647160.0,100.0,96508984804.0
2019-05-05,ZCH0D01K,ST12000NM0007,12000138625024,0,83.0,219472296.0,96.0,0.0,100.0,4.0,100.0,0.0,86.0,395437001.0,87.0,11520.0,100.0,0.0,100.0,3.0,,,,,100.0,0.0,100.0,0.0,,,81.0,19.0,,,100.0,168.0,100.0,561.0,19.0,19.0,100.0,0.0,100.0,0.0,200.0,0.0,100.0,11446.0,100.0,53863674264.0,100.0,96746562012.0
2019-05-06,ZCH0D01K,ST12000NM0007,12000138625024,0,82.0,148590008.0,96.0,0.0,100.0,4.0,100.0,0.0,86.0,397387873.0,87.0,11536.0,100.0,0.0,100.0,3.0,,,,,100.0,0.0,100.0,0.0,,,80.0,20.0,,,100.0,168.0,100.0,561.0,20.0,20.0,100.0,0.0,100.0,0.0,200.0,0.0,100.0,11461.0,100.0,53898851344.0,100.0,96884643380.0
2019-05-07,ZCH0D01K,ST12000NM0007,12000138625024,0,83.0,185338312.0,96.0,0.0,100.0,4.0,100.0,0.0,86.0,400397090.0,87.0,11567.0,100.0,0.0,100.0,3.0,,,,,100.0,0.0,100.0,0.0,,,82.0,18.0,,,100.0,170.0,100.0,563.0,18.0,18.0,100.0,0.0,100.0,0.0,200.0,0.0,100.0,11493.0,100.0,53949443512.0,100.0,97114940212.0
2019-05-08,ZCH0D01K,ST12000NM0007,12000138625024,0,80.0,90382576.0,96.0,0.0,100.0,4.0,100.0,0.0,86.0,401789838.0,87.0,11583.0,100.0,0.0,100.0,3.0,,,,,100.0,0.0,100.0,0.0,,,82.0,18.0,,,100.0,170.0,100.0,563.0,18.0,18.0,100.0,0.0,100.0,0.0,200.0,0.0,100.0,11508.0,100.0,53977775192.0,100.0,97235793428.0
2019-05-09,ZCH0D01K,ST12000NM0007,12000138625024,0,80.0,107761256.0,96.0,0.0,100.0,4.0,100.0,0.0,86.0,405705825.0,87.0,11615.0,100.0,0.0,100.0,3.0,,,,,100.0,0.0,100.0,0.0,,,83.0,17.0,,,100.0,172.0,100.0,565.0,17.0,17.0,100.0,0.0,100.0,0.0,200.0,0.0,100.0,11540.0,100.0,54037170432.0,100.0,97437917524.0
2019-05-10,ZCH0D01K,ST12000NM0007,12000138625024,0,83.0,209163432.0,96.0,0.0,100.0,4.0,100.0,0.0,86.0,407019085.0,87.0,11630.0,100.0,0.0,100.0,3.0,,,,,100.0,0.0,100.0,0.0,,,82.0,18.0,,,100.0,172.0,100.0,565.0,18.0,18.0,100.0,0.0,100.0,0.0,200.0,0.0,100.0,11556.0,100.0,54059919208.0,100.0,97516570924.0
2019-05-11,ZCH0D01K,ST12000NM0007,12000138625024,0,74.0,27884976.0,96.0,0.0,100.0,4.0,100.0,0.0,86.0,409661640.0,87.0,11662.0,100.0,0.0,100.0,3.0,,,,,100.0,0.0,100.0,0.0,,,83.0,17.0,,,100.0,173.0,100.0,567.0,17.0,17.0,100.0,0.0,100.0,0.0,200.0,0.0,100.0,11587.0,100.0,54117893496.0,100.0,97765599788.0
2019-05-12,ZCH0D01K,ST12000NM0007,12000138625024,0,83.0,200392224.0,96.0,0.0,100.0,4.0,100.0,0.0,86.0,411246172.0,87.0,11678.0,100.0,0.0,100.0,3.0,,,,,100.0,0.0,100.0,0.0,,,82.0,18.0,,,100.0,173.0,100.0,567.0,18.0,18.0,100.0,0.0,100.0,0.0,200.0,0.0,100.0,11603.0,100.0,54139050056.0,100.0,97916950476.0
2019-05-13,ZCH0D01K,ST12000NM0007,12000138625024,0,76.0,41036536.0,96.0,0.0,100.0,4.0,100.0,0.0,86.0,415204512.0,87.0,11710.0,100.0,0.0,100.0,3.0,,,,,100.0,0.0,100.0,0.0,,,83.0,17.0,,,100.0,173.0,100.0,569.0,17.0,17.0,100.0,0.0,100.0,0.0,200.0,0.0,100.0,11634.0,100.0,54205508232.0,100.0,98179418308.0
2019-05-14,ZCH0D01K,ST12000NM0007,12000138625024,0,83.0,197677664.0,96.0,0.0,100.0,4.0,100.0,0.0,86.0,416952572.0,87.0,11726.0,100.0,0.0,100.0,3.0,,,,,100.0,0.0,100.0,0.0,,,82.0,18.0,,,100.0,173.0,100.0,569.0,18.0,18.0,100.0,0.0,100.0,0.0,200.0,0.0,100.0,11650.0,100.0,54240223648.0,100.0,98301344020.0
2019-05-15,ZCH0D01K,ST12000NM0007,12000138625024,0,75.0,31663056.0,96.0,0.0,100.0,4.0,100.0,0.0,86.0,421062290.0,87.0,11757.0,100.0,0.0,100.0,3.0,,,,,100.0,0.0,100.0,0.0,,,80.0,20.0,,,100.0,174.0,100.0,571.0,20.0,20.0,100.0,0.0,100.0,0.0,200.0,0.0,100.0,11681.0,100.0,54312219080.0,100.0,98551615652.0
2019-05-16,ZCH0D01K,ST12000NM0007,12000138625024,0,82.0,150398520.0,96.0,0.0,100.0,4.0,100.0,0.0,86.0,423654278.0,87.0,11773.0,100.0,0.0,100.0,3.0,,,,,100.0,0.0,100.0,0.0,,,81.0,19.0,,,100.0,174.0,100.0,571.0,19.0,19.0,100.0,0.0,100.0,0.0,200.0,0.0,100.0,11697.0,100.0,54353359624.0,100.0,98629210572.0
2019-05-17,ZCH0D01K,ST12000NM0007,12000138625024,0,79.0,83117832.0,96.0,0.0,100.0,4.0,100.0,0.0,86.0,426109414.0,87.0,11805.0,100.0,0.0,100.0,3.0,,,,,100.0,0.0,100.0,0.0,,,81.0,19.0,,,100.0,175.0,100.0,573.0,19.0,19.0,100.0,0.0,100.0,0.0,200.0,0.0,100.0,11728.0,100.0,54407720424.0,100.0,98751709716.0
2019-05-18,ZCH0D01K,ST12000NM0007,12000138625024,0,83.0,204902128.0,96.0,0.0,100.0,4.0,100.0,0.0,86.0,427694962.0,87.0,11821.0,100.0,0.0,100.0,3.0,,,,,100.0,0.0,100.0,0.0,,,81.0,19.0,,,100.0,175.0,100.0,573.0,19.0,19.0,100.0,0.0,100.0,0.0,200.0,0.0,100.0,11744.0,100.0,54438080464.0,100.0,98843133972.0
2019-05-19,ZCH0D01K,ST12000NM0007,12000138625024,0,84.0,244008488.0,96.0,0.0,100.0,4.0,100.0,0.0,86.0,430703576.0,87.0,11853.0,100.0,0.0,100.0,3.0,,,,,100.0,0.0,100.0,0.0,,,80.0,20.0,,,100.0,177.0,100.0,575.0,20.0,20.0,100.0,0.0,100.0,0.0,200.0,0.0,100.0,11776.0,100.0,54503302352.0,100.0,99061159124.0
2019-05-20,ZCH0D01K,ST12000NM0007,12000138625024,0,83.0,179636864.0,96.0,0.0,100.0,4.0,100.0,0.0,86.0,432177882.0,87.0,11868.0,100.0,0.0,100.0,3.0,,,,,100.0,0.0,100.0,0.0,,,79.0,21.0,,,100.0,177.0,100.0,575.0,21.0,21.0,100.0,0.0,100.0,0.0,200.0,0.0,100.0,11792.0,100.0,54545537608.0,100.0,99198692900.0
2019-05-21,ZCH0D01K,ST12000NM0007,12000138625024,0,72.0,14291744.0,96.0,0.0,100.0,4.0,100.0,0.0,86.0,436326255.0,87.0,11900.0,100.0,0.0,100.0,3.0,,,,,100.0,0.0,100.0,0.0,,,80.0,20.0,,,100.0,177.0,100.0,577.0,20.0,20.0,100.0,0.0,100.0,0.0,200.0,0.0,100.0,11823.0,100.0,54610917264.0,100.0,99456249812.0
2019-05-22,ZCH0D01K,ST12000NM0007,12000138625024,0,82.0,165179272.0,96.0,0.0,100.0,4.0,100.0,0.0,86.0,437958613.0,87.0,11916.0,100.0,0.0,100.0,3.0,,,,,100.0,0.0,100.0,0.0,,,81.0,19.0,,,100.0,177.0,100.0,577.0,19.0,19.0,100.0,0.0,100.0,0.0,200.0,0.0,100.0,11839.0,100.0,54644172568.0,100.0,99573882036.0
2019-05-23,ZCH0D01K,ST12000NM0007,12000138625024,0,72.0,14382680.0,96.0,0.0,100.0,4.0,100.0,0.0,86.0,442554530.0,87.0,11948.0,100.0,0.0,100.0,3.0,,,,,100.0,0.0,100.0,0.0,,,82.0,18.0,,,100.0,177.0,100.0,579.0,18.0,18.0,100.0,0.0,100.0,0.0,200.0,0.0,100.0,11870.0,100.0,54733602232.0,100.0,99821937228.0
2019-05-24,ZCH0D01K,ST12000NM0007,12000138625024,0,82.0,166229600.0,96.0,0.0,100.0,4.0,100.0,0.0,86.0,444240139.0,87.0,11964.0,100.0,0.0,100.0,3.0,,,,,100.0,0.0,100.0,0.0,,,80.0,20.0,,,100.0,177.0,100.0,579.0,20.0,20.0,100.0,0.0,100.0,0.0,200.0,0.0,100.0,11886.0,100.0,54777131384.0,100.0,99930254996.0
2019-05-25,ZCH0D01K,ST12000NM0007,12000138625024,0,81.0,139920072.0,96.0,0.0,100.0,4.0,100.0,0.0,87.0,448374691.0,87.0,11995.0,100.0,0.0,100.0,3.0,,,,,100.0,0.0,100.0,0.0,,,82.0,18.0,,,100.0,178.0,100.0,581.0,18.0,18.0,100.0,0.0,100.0,0.0,200.0,0.0,100.0,11917.0,100.0,54850522680.0,100.0,100562976412.0
2019-05-26,ZCH0D01K,ST12000NM0007,12000138625024,0,83.0,208311256.0,96.0,0.0,100.0,4.0,100.0,0.0,87.0,452248416.0,87.0,12011.0,100.0,0.0,100.0,3.0,,,,,100.0,0.0,100.0,0.0,,,80.0,20.0,,,100.0,178.0,100.0,581.0,20.0,20.0,100.0,0.0,100.0,0.0,200.0,0.0,100.0,11933.0,100.0,54864666624.0,100.0,101593786804.0
2019-05-27,ZCH0D01K,ST12000NM0007,12000138625024,0,83.0,217059568.0,96.0,0.0,100.0,4.0,100.0,0.0,87.0,461257540.0,87.0,12043.0,100.0,0.0,100.0,3.0,,,,,100.0,0.0,100.0,0.0,,,80.0,20.0,,,100.0,179.0,100.0,582.0,20.0,20.0,100.0,0.0,100.0,0.0,200.0,0.0,100.0,11965.0,100.0,54904591928.0,100.0,103271594892.0
2019-05-28,ZCH0D01K,ST12000NM0007,12000138625024,0,81.0,136353112.0,96.0,0.0,100.0,4.0,100.0,0.0,87.0,466319494.0,87.0,12058.0,100.0,0.0,100.0,3.0,,,,,100.0,0.0,100.0,0.0,,,79.0,21.0,,,100.0,179.0,100.0,583.0,21.0,21.0,100.0,0.0,100.0,0.0,200.0,0.0,100.0,11980.0,100.0,54920927120.0,100.0,103906976124.0
2019-05-29,ZCH0D01K,ST12000NM0007,12000138625024,0,80.0,104197416.0,96.0,0.0,100.0,4.0,100.0,0.0,87.0,475779327.0,87.0,12090.0,100.0,0.0,100.0,3.0,,,,,100.0,0.0,100.0,0.0,,,80.0,20.0,,,100.0,180.0,100.0,585.0,20.0,20.0,100.0,0.0,100.0,0.0,200.0,0.0,100.0,12012.0,100.0,54942832000.0,100.0,105073619644.0
2019-05-30,ZCH0D01K,ST12000NM0007,12000138625024,0,78.0,68372400.0,96.0,0.0,100.0,4.0,100.0,0.0,87.0,481544204.0,87.0,12106.0,100.0,0.0,100.0,3.0,,,,,100.0,0.0,100.0,0.0,,,80.0,20.0,,,100.0,180.0,100.0,585.0,20.0,20.0,100.0,0.0,100.0,0.0,200.0,0.0,100.0,12028.0,100.0,54955290776.0,100.0,105757757908.0
2019-05-31,ZCH0D01K,ST12000NM0007,12000138625024,0,80.0,110106528.0,96.0,0.0,100.0,4.0,100.0,0.0,87.0,492355440.0,87.0,12138.0,100.0,0.0,100.0,3.0,,,,,100.0,0.0,100.0,0.0,,,80.0,20.0,,,100.0,181.0,100.0,586.0,20.0,20.0,100.0,0.0,100.0,0.0,200.0,0.0,100.0,12059.0,100.0,54975516032.0,100.0,106755829644.0
2019-06-01,ZCH0D01K,ST12000NM0007,12000138625024,0,81.0,128424120.0,96.0,0.0,100.0,4.0,100.0,0.0,87.0,499034173.0,87.0,12154.0,100.0,0.0,100.0,3.0,,,,,100.0,0.0,100.0,0.0,,,79.0,21.0,,,100.0,182.0,100.0,588.0,21.0,21.0,100.0,0.0,100.0,0.0,200.0,0.0,100.0,12075.0,100.0,54982966952.0,100.0,107254978036.0
2019-06-02,ZCH0D01K,ST12000NM0007,12000138625024,0,84.0,225525896.0,96.0,0.0,100.0,4.0,100.0,0.0,87.0,509933388.0,87.0,12185.0,100.0,0.0,100.0,3.0,,,,,100.0,0.0,100.0,0.0,,,82.0,18.0,,,100.0,182.0,100.0,589.0,18.0,18.0,100.0,0.0,100.0,0.0,200.0,0.0,100.0,12106.0,100.0,55001814768.0,100.0,109774640292.0
2019-06-03,ZCH0D01K,ST12000NM0007,12000138625024,0,79.0,71964688.0,96.0,0.0,100.0,4.0,100.0,0.0,87.0,514835378.0,87.0,12201.0,100.0,0.0,100.0,3.0,,,,,100.0,0.0,100.0,0.0,,,80.0,20.0,,,100.0,182.0,100.0,590.0,20.0,20.0,100.0,0.0,100.0,0.0,200.0,0.0,100.0,12122.0,100.0,55010530832.0,100.0,111077207908.0
2019-06-04,ZCH0D01K,ST12000NM0007,12000138625024,0,81.0,121513744.0,95.0,0.0,100.0,5.0,100.0,0.0,87.0,523303903.0,87.0,12233.0,100.0,0.0,100.0,4.0,,,,,100.0,0.0,100.0,0.0,,,82.0,18.0,,,100.0,182.0,100.0,594.0,18.0,18.0,100.0,0.0,100.0,0.0,200.0,0.0,100.0,12154.0,100.0,55030044856.0,100.0,113548650638.0
2019-06-05,ZCH0D01K,ST12000NM0007,12000138625024,0,84.0,226572488.0,95.0,0.0,100.0,5.0,100.0,0.0,87.0,534215295.0,86.0,12265.0,100.0,0.0,100.0,4.0,,,,,100.0,0.0,100.0,0.0,,,80.0,20.0,,,100.0,182.0,100.0,595.0,20.0,20.0,100.0,0.0,100.0,0.0,200.0,0.0,100.0,12185.0,100.0,55058806480.0,100.0,115333932622.0
2019-06-06,ZCH0D01K,ST12000NM0007,12000138625024,0,81.0,127422984.0,95.0,0.0,100.0,5.0,100.0,0.0,87.0,539644698.0,86.0,12280.0,100.0,0.0,100.0,4.0,,,,,100.0,0.0,100.0,0.0,,,81.0,19.0,,,100.0,182.0,100.0,596.0,19.0,19.0,100.0,0.0,100.0,0.0,200.0,0.0,100.0,12201.0,100.0,55071884472.0,100.0,115954127406.0
2019-06-07,ZCH0D01K,ST12000NM0007,12000138625024,0,75.0,32517576.0,95.0,0.0,100.0,5.0,100.0,0.0,87.0,544862978.0,86.0,12296.0,100.0,0.0,100.0,4.0,,,,,100.0,0.0,100.0,0.0,,,81.0,19.0,,,100.0,182.0,100.0,596.0,19.0,19.0,100.0,0.0,100.0,0.0,200.0,0.0,100.0,12217.0,100.0,55077947432.0,100.0,116585581358.0
2019-06-08,ZCH0D01K,ST12000NM0007,12000138625024,0,83.0,213288120.0,93.0,0.0,100.0,6.0,100.0,0.0,87.0,555414357.0,86.0,12329.0,100.0,0.0,100.0,5.0,,,,,100.0,0.0,100.0,0.0,,,80.0,20.0,,,100.0,182.0,100.0,602.0,20.0,20.0,100.0,0.0,100.0,0.0,200.0,0.0,100.0,12249.0,100.0,55089824104.0,100.0,117975178612.0
2019-06-09,ZCH0D01K,ST12000NM0007,12000138625024,0,80.0,89759192.0,93.0,0.0,100.0,6.0,100.0,0.0,88.0,565571815.0,86.0,12360.0,100.0,0.0,100.0,5.0,,,,,100.0,0.0,100.0,0.0,,,80.0,20.0,,,100.0,182.0,100.0,603.0,20.0,20.0,100.0,0.0,100.0,0.0,200.0,0.0,100.0,12280.0,100.0,55100585304.0,100.0,119305733076.0
2019-06-10,ZCH0D01K,ST12000NM0007,12000138625024,0,81.0,138471792.0,93.0,0.0,100.0,6.0,100.0,0.0,88.0,570356222.0,86.0,12376.0,100.0,0.0,100.0,5.0,,,,,100.0,0.0,100.0,0.0,,,80.0,20.0,,,100.0,182.0,100.0,604.0,20.0,20.0,100.0,0.0,100.0,0.0,200.0,0.0,100.0,12296.0,100.0,55105775232.0,100.0,119837537052.0
2019-06-11,ZCH0D01K,ST12000NM0007,12000138625024,0,82.0,168292088.0,93.0,0.0,100.0,6.0,100.0,0.0,88.0,580633580.0,86.0,12408.0,100.0,0.0,100.0,5.0,,,,,100.0,0.0,100.0,0.0,,,80.0,20.0,,,100.0,182.0,100.0,605.0,20.0,20.0,100.0,0.0,100.0,0.0,200.0,0.0,100.0,12328.0,100.0,55123214408.0,100.0,121070621940.0
2019-06-12,ZCH0D01K,ST12000NM0007,12000138625024,0,100.0,1671280.0,93.0,0.0,100.0,6.0,100.0,0.0,88.0,585888435.0,86.0,12424.0,100.0,0.0,100.0,5.0,,,,,100.0,0.0,100.0,0.0,,,80.0,20.0,,,100.0,182.0,100.0,606.0,20.0,20.0,100.0,0.0,100.0,0.0,200.0,0.0,100.0,12343.0,100.0,55128698640.0,100.0,121630939180.0
2019-06-13,ZCH0D01K,ST12000NM0007,12000138625024,0,77.0,44808024.0,93.0,0.0,100.0,6.0,100.0,0.0,88.0,596048769.0,86.0,12455.0,100.0,0.0,100.0,5.0,,,,,100.0,0.0,100.0,0.0,,,80.0,20.0,,,100.0,182.0,100.0,607.0,20.0,20.0,100.0,0.0,100.0,0.0,200.0,0.0,100.0,12375.0,100.0,55142359816.0,100.0,122636977540.0
2019-06-14,ZCH0D01K,ST12000NM0007,12000138625024,0,83.0,182597856.0,93.0,0.0,100.0,6.0,100.0,0.0,88.0,599742258.0,86.0,12471.0,100.0,0.0,100.0,5.0,,,,,100.0,0.0,100.0,0.0,,,82.0,18.0,,,100.0,183.0,100.0,608.0,18.0,18.0,100.0,0.0,100.0,0.0,200.0,0.0,100.0,12391.0,100.0,55152309168.0,100.0,123008958828.0
2019-06-15,ZCH0D01K,ST12000NM0007,12000138625024,0,84.0,228729408.0,93.0,0.0,100.0,6.0,100.0,0.0,88.0,604496080.0,86.0,12487.0,100.0,0.0,100.0,5.0,,,,,100.0,0.0,100.0,0.0,,,80.0,20.0,,,100.0,183.0,100.0,608.0,20.0,20.0,100.0,0.0,100.0,0.0,200.0,0.0,100.0,12406.0,100.0,55157319432.0,100.0,123538361828.0
2019-06-16,ZCH0D01K,ST12000NM0007,12000138625024,0,78.0,66628800.0,93.0,0.0,100.0,6.0,100.0,0.0,88.0,610050706.0,86.0,12518.0,100.0,0.0,100.0,5.0,,,,,100.0,0.0,100.0,0.0,,,81.0,19.0,,,100.0,184.0,100.0,610.0,19.0,19.0,100.0,0.0,100.0,0.0,200.0,0.0,100.0,12438.0,100.0,55197482432.0,100.0,124068520268.0
2019-06-17,ZCH0D01K,ST12000NM0007,12000138625024,0,83.0,216436032.0,93.0,0.0,100.0,6.0,100.0,0.0,88.0,614046147.0,86.0,12550.0,100.0,0.0,100.0,5.0,,,,,100.0,0.0,100.0,0.0,,,80.0,20.0,,,100.0,184.0,100.0,611.0,20.0,20.0,100.0,0.0,100.0,0.0,200.0,0.0,100.0,12469.0,100.0,55269653192.0,100.0,124390297868.0
2019-06-18,ZCH0D01K,ST12000NM0007,12000138625024,0,83.0,218494800.0,93.0,0.0,100.0,6.0,100.0,0.0,88.0,616394467.0,86.0,12566.0,100.0,0.0,100.0,5.0,,,,,100.0,0.0,100.0,0.0,,,81.0,19.0,,,100.0,184.0,100.0,612.0,19.0,19.0,100.0,0.0,100.0,0.0,200.0,0.0,100.0,12485.0,100.0,55304264192.0,100.0,124601886372.0
2019-06-19,ZCH0D01K,ST12000NM0007,12000138625024,0,80.0,92396576.0,93.0,0.0,100.0,6.0,100.0,0.0,88.0,619494305.0,86.0,12597.0,100.0,0.0,100.0,5.0,,,,,100.0,0.0,100.0,0.0,,,81.0,19.0,,,100.0,184.0,100.0,614.0,19.0,19.0,100.0,0.0,100.0,0.0,200.0,0.0,100.0,12516.0,100.0,55384864424.0,100.0,124883469300.0
2019-06-20,ZCH0D01K,ST12000NM0007,12000138625024,0,74.0,22429120.0,93.0,0.0,100.0,6.0,100.0,0.0,88.0,622418083.0,86.0,12613.0,100.0,0.0,100.0,5.0,,,,,100.0,0.0,100.0,0.0,,,81.0,19.0,,,100.0,184.0,100.0,614.0,19.0,19.0,100.0,0.0,100.0,0.0,200.0,0.0,100.0,12532.0,100.0,55420981072.0,100.0,125021525828.0
2019-06-21,ZCH0D01K,ST12000NM0007,12000138625024,0,78.0,63288888.0,93.0,0.0,100.0,6.0,100.0,0.0,88.0,625175814.0,86.0,12645.0,100.0,0.0,100.0,5.0,,,,,100.0,0.0,100.0,0.0,,,81.0,19.0,,,100.0,185.0,100.0,616.0,19.0,19.0,100.0,0.0,100.0,0.0,200.0,0.0,100.0,12564.0,100.0,55478349240.0,100.0,125249158068.0
2019-06-22,ZCH0D01K,ST12000NM0007,12000138625024,0,84.0,231206040.0,93.0,0.0,100.0,6.0,100.0,0.0,88.0,626805608.0,86.0,12661.0,100.0,0.0,100.0,5.0,,,,,100.0,0.0,100.0,0.0,,,81.0,19.0,,,100.0,185.0,100.0,616.0,19.0,19.0,100.0,0.0,100.0,0.0,200.0,0.0,100.0,12580.0,100.0,55523724432.0,100.0,125371700028.0
2019-06-23,ZCH0D01K,ST12000NM0007,12000138625024,0,75.0,28882736.0,93.0,0.0,100.0,6.0,100.0,0.0,88.0,629548439.0,86.0,12692.0,100.0,0.0,100.0,5.0,,,,,100.0,0.0,100.0,0.0,,,80.0,20.0,,,100.0,187.0,100.0,618.0,20.0,20.0,100.0,0.0,100.0,0.0,200.0,0.0,100.0,12611.0,100.0,55589045904.0,100.0,125592337132.0
2019-06-24,ZCH0D01K,ST12000NM0007,12000138625024,0,83.0,189424856.0,93.0,0.0,100.0,6.0,100.0,0.0,88.0,631102861.0,86.0,12708.0,100.0,0.0,100.0,5.0,,,,,100.0,0.0,100.0,0.0,,,81.0,19.0,,,100.0,187.0,100.0,618.0,19.0,19.0,100.0,0.0,100.0,0.0,200.0,0.0,100.0,12627.0,100.0,55633790824.0,100.0,125708134332.0
2019-06-25,ZCH0D01K,ST12000NM0007,12000138625024,0,78.0,69057840.0,93.0,0.0,100.0,6.0,100.0,0.0,88.0,635870960.0,86.0,12740.0,100.0,0.0,100.0,5.0,,,,,100.0,0.0,100.0,0.0,,,81.0,19.0,,,100.0,187.0,100.0,620.0,19.0,19.0,100.0,0.0,100.0,0.0,200.0,0.0,100.0,12658.0,100.0,55704689408.0,100.0,126005150548.0
2019-06-26,ZCH0D01K,ST12000NM0007,12000138625024,0,74.0,27009752.0,93.0,0.0,100.0,6.0,100.0,0.0,88.0,638973597.0,86.0,12756.0,100.0,0.0,100.0,5.0,,,,,100.0,0.0,100.0,0.0,,,81.0,19.0,,,100.0,187.0,100.0,620.0,19.0,19.0,100.0,0.0,100.0,0.0,200.0,0.0,100.0,12674.0,100.0,55763784256.0,100.0,126148148396.0
2019-06-27,ZCH0D01K,ST12000NM0007,12000138625024,0,83.0,205997768.0,93.0,0.0,100.0,6.0,100.0,0.0,88.0,643607372.0,86.0,12787.0,100.0,0.0,100.0,5.0,,,,,100.0,0.0,100.0,0.0,,,81.0,19.0,,,100.0,187.0,100.0,622.0,19.0,19.0,100.0,0.0,100.0,0.0,200.0,0.0,100.0,12706.0,100.0,55866742944.0,100.0,126468318396.0
2019-06-28,ZCH0D01K,ST12000NM0007,12000138625024,0,84.0,235460008.0,93.0,0.0,100.0,6.0,100.0,0.0,88.0,645719934.0,86.0,12803.0,100.0,0.0,100.0,5.0,,,,,100.0,0.0,100.0,0.0,,,81.0,19.0,,,100.0,187.0,100.0,622.0,19.0,19.0,100.0,0.0,100.0,0.0,200.0,0.0,100.0,12722.0,100.0,55935535912.0,100.0,126673128500.0
2019-06-29,ZCH0D01K,ST12000NM0007,12000138625024,0,84.0,243730616.0,93.0,0.0,100.0,6.0,100.0,0.0,88.0,649021959.0,86.0,12835.0,100.0,0.0,100.0,5.0,,,,,100.0,0.0,100.0,0.0,,,81.0,19.0,,,100.0,188.0,100.0,624.0,19.0,19.0,100.0,0.0,100.0,0.0,200.0,0.0,100.0,12753.0,100.0,56009249568.0,100.0,127095967324.0
2019-06-30,ZCH0D01K,ST12000NM0007,12000138625024,0,71.0,13119840.0,93.0,0.0,100.0,6.0,100.0,0.0,88.0,652800075.0,86.0,12867.0,100.0,0.0,100.0,5.0,,,,,100.0,0.0,100.0,0.0,,,82.0,18.0,,,100.0,189.0,100.0,625.0,18.0,18.0,100.0,0.0,100.0,0.0,200.0,0.0,100.0,12785.0,100.0,56109930576.0,100.0,127497097708.0
2019-07-01,ZCH0D01K,ST12000NM0007,12000138625024,0,72.0,14518312.0,93.0,0.0,100.0,6.0,100.0,0.0,88.0,655529325.0,86.0,12882.0,100.0,0.0,100.0,5.0,,,,,100.0,0.0,100.0,0.0,,,81.0,19.0,,,100.0,189.0,100.0,626.0,19.0,19.0,100.0,0.0,100.0,0.0,200.0,0.0,100.0,12800.0,100.0,56145397152.0,100.0,127707170332.0
2019-07-02,ZCH0D01K,ST12000NM0007,12000138625024,0,74.0,25179856.0,93.0,0.0,100.0,6.0,100.0,0.0,88.0,659465209.0,86.0,12914.0,100.0,0.0,100.0,5.0,,,,,100.0,0.0,100.0,0.0,,,80.0,20.0,,,100.0,189.0,100.0,627.0,20.0,20.0,100.0,0.0,100.0,0.0,200.0,0.0,100.0,12832.0,100.0,56241436320.0,100.0,128110074460.0
2019-07-03,ZCH0D01K,ST12000NM0007,12000138625024,0,72.0,14158136.0,93.0,0.0,100.0,6.0,100.0,0.0,88.0,661110172.0,86.0,12930.0,100.0,0.0,100.0,5.0,,,,,100.0,0.0,100.0,0.0,,,81.0,19.0,,,100.0,190.0,100.0,628.0,19.0,19.0,100.0,0.0,100.0,0.0,200.0,0.0,100.0,12848.0,100.0,56276015632.0,100.0,128308614204.0
2019-07-04,ZCH0D01K,ST12000NM0007,12000138625024,0,83.0,214535312.0,93.0,0.0,100.0,6.0,100.0,0.0,88.0,665573142.0,86.0,12962.0,100.0,0.0,100.0,5.0,,,,,100.0,0.0,100.0,0.0,,,81.0,19.0,,,100.0,191.0,100.0,629.0,19.0,19.0,100.0,0.0,100.0,0.0,200.0,0.0,100.0,12880.0,100.0,56350796704.0,100.0,128678351436.0
2019-07-05,ZCH0D01K,ST12000NM0007,12000138625024,0,83.0,205541176.0,93.0,0.0,100.0,6.0,100.0,0.0,88.0,667310042.0,86.0,12978.0,100.0,0.0,100.0,5.0,,,,,100.0,0.0,100.0,0.0,,,81.0,19.0,,,100.0,191.0,100.0,629.0,19.0,19.0,100.0,0.0,100.0,0.0,200.0,0.0,100.0,12895.0,100.0,56397162120.0,100.0,128867132700.0
2019-07-06,ZCH0D01K,ST12000NM0007,12000138625024,0,83.0,221120832.0,93.0,0.0,100.0,6.0,100.0,0.0,88.0,670994006.0,86.0,13009.0,100.0,0.0,100.0,5.0,,,,,100.0,0.0,100.0,0.0,,,82.0,18.0,,,100.0,191.0,100.0,631.0,18.0,18.0,100.0,0.0,100.0,0.0,200.0,0.0,100.0,12927.0,100.0,56495044000.0,100.0,129273111980.0
2019-07-07,ZCH0D01K,ST12000NM0007,12000138625024,0,83.0,207482640.0,93.0,0.0,100.0,6.0,100.0,0.0,88.0,672732014.0,86.0,13025.0,100.0,0.0,100.0,5.0,,,,,100.0,0.0,100.0,0.0,,,82.0,18.0,,,100.0,191.0,100.0,631.0,18.0,18.0,100.0,0.0,100.0,0.0,200.0,0.0,100.0,12943.0,100.0,56534950152.0,100.0,129463708460.0
2019-07-08,ZCH0D01K,ST12000NM0007,12000138625024,0,76.0,41468920.0,93.0,0.0,100.0,6.0,100.0,0.0,88.0,677691339.0,86.0,13057.0,100.0,0.0,100.0,5.0,,,,,100.0,0.0,100.0,0.0,,,82.0,18.0,,,100.0,191.0,100.0,633.0,18.0,18.0,100.0,0.0,100.0,0.0,200.0,0.0,100.0,12974.0,100.0,56595212352.0,100.0,129969854732.0
2019-07-09,ZCH0D01K,ST12000NM0007,12000138625024,0,78.0,68990968.0,93.0,0.0,100.0,6.0,100.0,0.0,88.0,679737577.0,86.0,13073.0,100.0,0.0,100.0,5.0,,,,,100.0,0.0,100.0,0.0,,,81.0,19.0,,,100.0,191.0,100.0,633.0,19.0,19.0,100.0,0.0,100.0,0.0,200.0,0.0,100.0,12990.0,100.0,56618197976.0,100.0,130218532020.0
2019-07-10,ZCH0D01K,ST12000NM0007,12000138625024,0,76.0,40847576.0,93.0,0.0,100.0,6.0,100.0,0.0,88.0,681260809.0,86.0,13088.0,100.0,0.0,100.0,5.0,,,,,100.0,0.0,100.0,0.0,,,81.0,19.0,,,100.0,191.0,100.0,634.0,19.0,19.0,100.0,0.0,100.0,0.0,200.0,0.0,100.0,13006.0,100.0,56654241304.0,100.0,130398485932.0
2019-07-11,ZCH0D01K,ST12000NM0007,12000138625024,0,84.0,243757624.0,93.0,0.0,100.0,6.0,100.0,0.0,88.0,685692640.0,86.0,13120.0,100.0,0.0,100.0,5.0,,,,,100.0,0.0,100.0,0.0,,,81.0,19.0,,,100.0,191.0,100.0,635.0,19.0,19.0,100.0,0.0,100.0,0.0,200.0,0.0,100.0,13037.0,100.0,56757310288.0,100.0,130742469572.0
2019-07-12,ZCH0D01K,ST12000NM0007,12000138625024,0,83.0,223510920.0,93.0,0.0,100.0,6.0,100.0,0.0,88.0,687112754.0,86.0,13136.0,100.0,0.0,100.0,5.0,,,,,100.0,0.0,100.0,0.0,,,81.0,19.0,,,100.0,191.0,100.0,636.0,19.0,19.0,100.0,0.0,100.0,0.0,200.0,0.0,100.0,13053.0,100.0,56788424304.0,100.0,130935249676.0
2019-07-13,ZCH0D01K,ST12000NM0007,12000138625024,0,81.0,126807208.0,93.0,0.0,100.0,6.0,100.0,0.0,88.0,689967687.0,85.0,13168.0,100.0,0.0,100.0,5.0,,,,,100.0,0.0,100.0,0.0,,,82.0,18.0,,,100.0,191.0,100.0,637.0,18.0,18.0,100.0,0.0,100.0,0.0,200.0,0.0,100.0,13085.0,100.0,56859867208.0,100.0,131255384404.0
2019-07-14,ZCH0D01K,ST12000NM0007,12000138625024,0,80.0,106142440.0,93.0,0.0,100.0,6.0,100.0,0.0,88.0,691550609.0,85.0,13183.0,100.0,0.0,100.0,5.0,,,,,100.0,0.0,100.0,0.0,,,82.0,18.0,,,100.0,191.0,100.0,638.0,18.0,18.0,100.0,0.0,100.0,0.0,200.0,0.0,100.0,13100.0,100.0,56908971368.0,100.0,131429756348.0
2019-07-15,ZCH0D01K,ST12000NM0007,12000138625024,0,78.0,56286040.0,93.0,0.0,100.0,6.0,100.0,0.0,88.0,695020743.0,85.0,13215.0,100.0,0.0,100.0,5.0,,,,,100.0,0.0,100.0,0.0,,,82.0,18.0,,,100.0,191.0,100.0,639.0,18.0,18.0,100.0,0.0,100.0,0.0,200.0,0.0,100.0,13132.0,100.0,56981663496.0,100.0,131795489532.0
2019-07-16,ZCH0D01K,ST12000NM0007,12000138625024,0,73.0,20591040.0,93.0,0.0,100.0,6.0,100.0,0.0,88.0,697249832.0,85.0,13231.0,100.0,0.0,100.0,5.0,,,,,100.0,0.0,100.0,0.0,,,81.0,19.0,,,100.0,191.0,100.0,640.0,19.0,19.0,100.0,0.0,100.0,0.0,200.0,0.0,100.0,13148.0,100.0,57016908176.0,100.0,131968690572.0
2019-07-17,ZCH0D01K,ST12000NM0007,12000138625024,0,83.0,190850568.0,93.0,0.0,100.0,6.0,100.0,0.0,88.0,700320968.0,85.0,13263.0,100.0,0.0,100.0,5.0,,,,,100.0,0.0,100.0,0.0,,,82.0,18.0,,,100.0,192.0,100.0,641.0,18.0,18.0,100.0,0.0,100.0,0.0,200.0,0.0,100.0,13179.0,100.0,57100939280.0,100.0,132299059860.0
2019-07-18,ZCH0D01K,ST12000NM0007,12000138625024,0,82.0,169411928.0,93.0,0.0,100.0,6.0,100.0,0.0,88.0,702840873.0,85.0,13279.0,100.0,0.0,100.0,5.0,,,,,100.0,0.0,100.0,0.0,,,82.0,18.0,,,100.0,192.0,100.0,642.0,18.0,18.0,100.0,0.0,100.0,0.0,200.0,0.0,100.0,13195.0,100.0,57138403480.0,100.0,132484297884.0
2019-07-19,ZCH0D01K,ST12000NM0007,12000138625024,0,83.0,222580752.0,93.0,0.0,100.0,6.0,100.0,0.0,89.0,708045959.0,85.0,13310.0,100.0,0.0,100.0,5.0,,,,,100.0,0.0,100.0,0.0,,,82.0,18.0,,,100.0,192.0,100.0,643.0,18.0,18.0,100.0,0.0,100.0,0.0,200.0,0.0,100.0,13227.0,100.0,57215343104.0,100.0,132948808420.0
2019-07-20,ZCH0D01K,ST12000NM0007,12000138625024,0,81.0,136839320.0,93.0,0.0,100.0,6.0,100.0,0.0,89.0,709544125.0,85.0,13326.0,100.0,0.0,100.0,5.0,,,,,100.0,0.0,100.0,0.0,,,83.0,17.0,,,100.0,192.0,100.0,644.0,17.0,17.0,100.0,0.0,100.0,0.0,200.0,0.0,100.0,13242.0,100.0,57261348336.0,100.0,133061202636.0
2019-07-21,ZCH0D01K,ST12000NM0007,12000138625024,0,79.0,75274192.0,93.0,0.0,100.0,6.0,100.0,0.0,89.0,712921055.0,85.0,13358.0,100.0,0.0,100.0,5.0,,,,,100.0,0.0,100.0,0.0,,,77.0,23.0,,,100.0,193.0,100.0,645.0,23.0,23.0,100.0,0.0,100.0,0.0,200.0,0.0,100.0,13274.0,100.0,57368010480.0,100.0,133381256956.0
2019-07-22,ZCH0D01K,ST12000NM0007,12000138625024,0,78.0,64238984.0,93.0,0.0,100.0,6.0,100.0,0.0,89.0,714611639.0,85.0,13374.0,100.0,0.0,100.0,5.0,,,,,100.0,0.0,100.0,0.0,,,82.0,18.0,,,100.0,193.0,100.0,646.0,18.0,18.0,100.0,0.0,100.0,0.0,200.0,0.0,100.0,13290.0,100.0,57414582904.0,100.0,133567790148.0
2019-07-23,ZCH0D01K,ST12000NM0007,12000138625024,0,76.0,44596152.0,93.0,0.0,100.0,6.0,100.0,0.0,89.0,719183064.0,85.0,13405.0,100.0,0.0,100.0,5.0,,,,,100.0,0.0,100.0,0.0,,,82.0,18.0,,,100.0,193.0,100.0,647.0,18.0,18.0,100.0,0.0,100.0,0.0,200.0,0.0,100.0,13321.0,100.0,57497911736.0,100.0,133953100164.0
2019-07-24,ZCH0D01K,ST12000NM0007,12000138625024,0,83.0,197867776.0,93.0,0.0,100.0,6.0,100.0,0.0,89.0,722390597.0,85.0,13437.0,100.0,0.0,100.0,5.0,,,,,100.0,0.0,100.0,0.0,,,81.0,19.0,,,100.0,195.0,100.0,649.0,19.0,19.0,100.0,0.0,100.0,0.0,200.0,0.0,100.0,13353.0,100.0,57561617496.0,100.0,134286806748.0
2019-07-25,ZCH0D01K,ST12000NM0007,12000138625024,0,82.0,143956080.0,93.0,0.0,100.0,6.0,100.0,0.0,89.0,724282763.0,85.0,13452.0,100.0,0.0,100.0,5.0,,,,,100.0,0.0,100.0,0.0,,,81.0,19.0,,,100.0,195.0,100.0,649.0,19.0,19.0,100.0,0.0,100.0,0.0,200.0,0.0,100.0,13368.0,100.0,57607210816.0,100.0,134431442364.0
2019-07-26,ZCH0D01K,ST12000NM0007,12000138625024,0,75.0,30863808.0,93.0,0.0,100.0,6.0,100.0,0.0,89.0,727782128.0,85.0,13484.0,100.0,0.0,100.0,5.0,,,,,100.0,0.0,100.0,0.0,,,80.0,20.0,,,100.0,196.0,100.0,652.0,20.0,20.0,100.0,0.0,100.0,0.0,200.0,0.0,100.0,13400.0,100.0,57672494584.0,100.0,134741347796.0
2019-07-27,ZCH0D01K,ST12000NM0007,12000138625024,0,84.0,241627904.0,93.0,0.0,100.0,6.0,100.0,0.0,89.0,729656638.0,85.0,13500.0,100.0,0.0,100.0,5.0,,,,,100.0,0.0,100.0,0.0,,,82.0,18.0,,,100.0,196.0,100.0,652.0,18.0,18.0,100.0,0.0,100.0,0.0,200.0,0.0,100.0,13416.0,100.0,57712431224.0,100.0,134912175252.0
2019-07-28,ZCH0D01K,ST12000NM0007,12000138625024,0,100.0,1750328.0,93.0,0.0,100.0,6.0,100.0,0.0,89.0,733988044.0,85.0,13532.0,100.0,0.0,100.0,5.0,,,,,100.0,0.0,100.0,0.0,,,82.0,18.0,,,100.0,196.0,100.0,654.0,18.0,18.0,100.0,0.0,100.0,0.0,200.0,0.0,100.0,13447.0,100.0,57792386952.0,100.0,135324764236.0
2019-07-29,ZCH0D01K,ST12000NM0007,12000138625024,0,83.0,195956208.0,93.0,0.0,100.0,6.0,100.0,0.0,89.0,735783967.0,85.0,13548.0,100.0,0.0,100.0,5.0,,,,,100.0,0.0,100.0,0.0,,,81.0,19.0,,,100.0,196.0,100.0,654.0,19.0,19.0,100.0,0.0,100.0,0.0,200.0,0.0,100.0,13463.0,100.0,57826438080.0,100.0,135484918988.0
2019-07-30,ZCH0D01K,ST12000NM0007,12000138625024,0,84.0,233423736.0,93.0,0.0,100.0,6.0,100.0,0.0,89.0,741490134.0,85.0,13580.0,100.0,0.0,100.0,5.0,,,,,100.0,0.0,100.0,0.0,,,81.0,19.0,,,100.0,197.0,100.0,656.0,19.0,19.0,100.0,0.0,100.0,0.0,200.0,0.0,100.0,13495.0,100.0,57898881032.0,100.0,135938225036.0
2019-07-31,ZCH0D01K,ST12000NM0007,12000138625024,0,82.0,166308840.0,93.0,0.0,100.0,6.0,100.0,0.0,89.0,743322903.0,85.0,13595.0,100.0,0.0,100.0,5.0,,,,,100.0,0.0,100.0,0.0,,,80.0,20.0,,,100.0,197.0,100.0,656.0,20.0,20.0,100.0,0.0,100.0,0.0,200.0,0.0,100.0,13511.0,100.0,57931150888.0,100.0,136082981020.0
2019-08-01,ZCH0D01K,ST12000NM0007,12000138625024,0,74.0,27318592.0,93.0,0.0,100.0,6.0,100.0,0.0,89.0,748162593.0,85.0,13627.0,100.0,0.0,100.0,5.0,,,,,100.0,0.0,100.0,0.0,,,81.0,19.0,,,100.0,198.0,100.0,658.0,19.0,19.0,100.0,0.0,100.0,0.0,200.0,0.0,100.0,13542.0,100.0,57999544200.0,100.0,136363878892.0
2019-08-02,ZCH0D01K,ST12000NM0007,12000138625024,0,72.0,17360704.0,93.0,0.0,100.0,6.0,100.0,0.0,89.0,750240708.0,85.0,13643.0,100.0,0.0,100.0,5.0,,,,,100.0,0.0,100.0,0.0,,,81.0,19.0,,,100.0,198.0,100.0,658.0,19.0,19.0,100.0,0.0,100.0,0.0,200.0,0.0,100.0,13558.0,100.0,58034367104.0,100.0,136563238764.0
2019-08-03,ZCH0D01K,ST12000NM0007,12000138625024,0,83.0,192811968.0,93.0,0.0,100.0,6.0,100.0,0.0,89.0,754256725.0,85.0,13675.0,100.0,0.0,100.0,5.0,,,,,100.0,0.0,100.0,0.0,,,81.0,19.0,,,100.0,198.0,100.0,660.0,19.0,19.0,100.0,0.0,100.0,0.0,200.0,0.0,100.0,13589.0,100.0,58102241936.0,100.0,136914955892.0
2019-08-04,ZCH0D01K,ST12000NM0007,12000138625024,0,82.0,168550296.0,93.0,0.0,100.0,6.0,100.0,0.0,89.0,756298163.0,85.0,13690.0,100.0,0.0,100.0,5.0,,,,,100.0,0.0,100.0,0.0,,,82.0,18.0,,,100.0,198.0,100.0,660.0,18.0,18.0,100.0,0.0,100.0,0.0,200.0,0.0,100.0,13605.0,100.0,58131604056.0,100.0,137105472900.0
2019-08-05,ZCH0D01K,ST12000NM0007,12000138625024,0,80.0,97213080.0,93.0,0.0,100.0,6.0,100.0,0.0,89.0,761150240.0,85.0,13722.0,100.0,0.0,100.0,5.0,,,,,100.0,0.0,100.0,0.0,,,81.0,19.0,,,100.0,199.0,100.0,662.0,19.0,19.0,100.0,0.0,100.0,0.0,200.0,0.0,100.0,13636.0,100.0,58215494976.0,100.0,137438526404.0
2019-08-06,ZCH0D01K,ST12000NM0007,12000138625024,0,79.0,85230080.0,93.0,0.0,100.0,6.0,100.0,0.0,89.0,763867044.0,85.0,13738.0,100.0,0.0,100.0,5.0,,,,,100.0,0.0,100.0,0.0,,,82.0,18.0,,,100.0,199.0,100.0,662.0,18.0,18.0,100.0,0.0,100.0,0.0,200.0,0.0,100.0,13652.0,100.0,58252517672.0,100.0,137633661508.0
2019-08-07,ZCH0D01K,ST12000NM0007,12000138625024,0,83.0,186836040.0,93.0,0.0,100.0,6.0,100.0,0.0,89.0,767334763.0,85.0,13770.0,100.0,0.0,100.0,5.0,,,,,100.0,0.0,100.0,0.0,,,81.0,19.0,,,100.0,199.0,100.0,663.0,19.0,19.0,100.0,0.0,100.0,0.0,200.0,0.0,100.0,13684.0,100.0,58317625648.0,100.0,137914300252.0
2019-08-08,ZCH0D01K,ST12000NM0007,12000138625024,0,81.0,129450808.0,93.0,0.0,100.0,6.0,100.0,0.0,89.0,770447236.0,85.0,13786.0,100.0,0.0,100.0,5.0,,,,,100.0,0.0,100.0,0.0,,,82.0,18.0,,,100.0,200.0,100.0,665.0,18.0,18.0,100.0,0.0,100.0,0.0,200.0,0.0,100.0,13699.0,100.0,58367918080.0,100.0,138050763292.0
2019-08-09,ZCH0D01K,ST12000NM0007,12000138625024,0,81.0,125608072.0,93.0,0.0,100.0,6.0,100.0,0.0,89.0,774981921.0,85.0,13817.0,100.0,0.0,100.0,5.0,,,,,100.0,0.0,100.0,0.0,,,81.0,19.0,,,100.0,200.0,100.0,666.0,19.0,19.0,100.0,0.0,100.0,0.0,200.0,0.0,100.0,13731.0,100.0,58460926080.0,100.0,138442193876.0
2019-08-10,ZCH0D01K,ST12000NM0007,12000138625024,0,80.0,99648680.0,93.0,0.0,100.0,6.0,100.0,0.0,89.0,777202977.0,85.0,13833.0,100.0,0.0,100.0,5.0,,,,,100.0,0.0,100.0,0.0,,,81.0,19.0,,,100.0,201.0,100.0,667.0,19.0,19.0,100.0,0.0,100.0,0.0,200.0,0.0,100.0,13746.0,100.0,58500555408.0,100.0,138620745980.0
2019-08-11,ZCH0D01K,ST12000NM0007,12000138625024,0,84.0,231110992.0,93.0,0.0,100.0,6.0,100.0,0.0,89.0,780959538.0,85.0,13865.0,100.0,0.0,100.0,5.0,,,,,100.0,0.0,100.0,0.0,,,81.0,19.0,,,100.0,201.0,100.0,668.0,19.0,19.0,100.0,0.0,100.0,0.0,200.0,0.0,100.0,13778.0,100.0,58567623640.0,100.0,138929280780.0
2019-08-12,ZCH0D01K,ST12000NM0007,12000138625024,0,83.0,222011208.0,93.0,0.0,100.0,6.0,100.0,0.0,89.0,783149057.0,85.0,13881.0,100.0,0.0,100.0,5.0,,,,,100.0,0.0,100.0,0.0,,,82.0,18.0,,,100.0,202.0,100.0,669.0,18.0,18.0,100.0,0.0,100.0,0.0,200.0,0.0,100.0,13794.0,100.0,58602356176.0,100.0,139129589260.0
2019-08-13,ZCH0D01K,ST12000NM0007,12000138625024,0,76.0,39938640.0,93.0,0.0,100.0,6.0,100.0,0.0,89.0,790578604.0,85.0,13913.0,100.0,0.0,100.0,5.0,,,,,100.0,0.0,100.0,0.0,,,81.0,19.0,,,100.0,202.0,100.0,670.0,19.0,19.0,100.0,0.0,100.0,0.0,200.0,0.0,100.0,13826.0,100.0,58704487752.0,100.0,139577807436.0
2019-08-14,ZCH0D01K,ST12000NM0007,12000138625024,0,84.0,238625872.0,93.0,0.0,100.0,6.0,100.0,0.0,89.0,793086719.0,85.0,13928.0,100.0,0.0,100.0,5.0,,,,,100.0,0.0,100.0,0.0,,,82.0,18.0,,,100.0,202.0,100.0,671.0,18.0,18.0,100.0,0.0,100.0,0.0,200.0,0.0,100.0,13841.0,100.0,58736854696.0,100.0,139744127724.0
2019-08-15,ZCH0D01K,ST12000NM0007,12000138625024,0,82.0,143524424.0,93.0,0.0,100.0,6.0,100.0,0.0,89.0,798586715.0,85.0,13960.0,100.0,0.0,100.0,5.0,,,,,100.0,0.0,100.0,0.0,,,81.0,19.0,,,100.0,202.0,100.0,672.0,19.0,19.0,100.0,0.0,100.0,0.0,200.0,0.0,100.0,13873.0,100.0,58830671288.0,100.0,140043490980.0
2019-08-16,ZCH0D01K,ST12000NM0007,12000138625024,0,80.0,99308616.0,93.0,0.0,100.0,6.0,100.0,0.0,89.0,800771123.0,85.0,13976.0,100.0,0.0,100.0,5.0,,,,,100.0,0.0,100.0,0.0,,,81.0,19.0,,,100.0,202.0,100.0,673.0,19.0,19.0,100.0,0.0,100.0,0.0,200.0,0.0,100.0,13889.0,100.0,58871938040.0,100.0,140202149108.0
2019-08-17,ZCH0D01K,ST12000NM0007,12000138625024,0,74.0,24082144.0,93.0,0.0,100.0,6.0,100.0,0.0,89.0,804989349.0,85.0,14008.0,100.0,0.0,100.0,5.0,,,,,100.0,0.0,100.0,0.0,,,81.0,19.0,,,100.0,202.0,100.0,674.0,19.0,19.0,100.0,0.0,100.0,0.0,200.0,0.0,100.0,13920.0,100.0,58947557288.0,100.0,140539584796.0
2019-08-18,ZCH0D01K,ST12000NM0007,12000138625024,0,83.0,205270712.0,93.0,0.0,100.0,6.0,100.0,0.0,89.0,809194474.0,84.0,14040.0,100.0,0.0,100.0,5.0,,,,,100.0,0.0,100.0,0.0,,,82.0,18.0,,,100.0,203.0,100.0,676.0,18.0,18.0,100.0,0.0,100.0,0.0,200.0,0.0,100.0,13952.0,100.0,59033896752.0,100.0,140878574612.0
2019-08-19,ZCH0D01K,ST12000NM0007,12000138625024,0,82.0,143311240.0,93.0,0.0,100.0,6.0,100.0,0.0,89.0,811668873.0,84.0,14055.0,100.0,0.0,100.0,5.0,,,,,100.0,0.0,100.0,0.0,,,81.0,19.0,,,100.0,203.0,100.0,676.0,19.0,19.0,100.0,0.0,100.0,0.0,200.0,0.0,100.0,13968.0,100.0,59070945904.0,100.0,141023706660.0
2019-08-20,ZCH0D01K,ST12000NM0007,12000138625024,0,80.0,107136936.0,93.0,0.0,100.0,6.0,100.0,0.0,89.0,817379957.0,84.0,14087.0,100.0,0.0,100.0,5.0,,,,,100.0,0.0,100.0,0.0,,,82.0,18.0,,,100.0,203.0,100.0,678.0,18.0,18.0,100.0,0.0,100.0,0.0,200.0,0.0,100.0,13999.0,100.0,59155450896.0,100.0,141391308844.0
2019-08-21,ZCH0D01K,ST12000NM0007,12000138625024,0,75.0,30492176.0,93.0,0.0,100.0,6.0,100.0,0.0,89.0,819381845.0,84.0,14103.0,100.0,0.0,100.0,5.0,,,,,100.0,0.0,100.0,0.0,,,81.0,19.0,,,100.0,203.0,100.0,678.0,19.0,19.0,100.0,0.0,100.0,0.0,200.0,0.0,100.0,14015.0,100.0,59192404736.0,100.0,141521850876.0
2019-08-22,ZCH0D01K,ST12000NM0007,12000138625024,0,81.0,117842632.0,93.0,0.0,100.0,6.0,100.0,0.0,89.0,824741977.0,84.0,14135.0,100.0,0.0,100.0,5.0,,,,,100.0,0.0,100.0,0.0,,,82.0,18.0,,,100.0,203.0,100.0,680.0,18.0,18.0,100.0,0.0,100.0,0.0,200.0,0.0,100.0,14046.0,100.0,59278235920.0,100.0,141767510884.0
2019-08-23,ZCH0D01K,ST12000NM0007,12000138625024,0,81.0,132736752.0,93.0,0.0,100.0,6.0,100.0,0.0,89.0,827342193.0,84.0,14150.0,100.0,0.0,100.0,5.0,,,,,100.0,0.0,100.0,0.0,,,82.0,18.0,,,100.0,203.0,100.0,680.0,18.0,18.0,100.0,0.0,100.0,0.0,200.0,0.0,100.0,14062.0,100.0,59338192952.0,100.0,141966588620.0
2019-08-24,ZCH0D01K,ST12000NM0007,12000138625024,0,79.0,77323544.0,93.0,0.0,100.0,6.0,100.0,0.0,89.0,831795804.0,84.0,14182.0,100.0,0.0,100.0,5.0,,,,,100.0,0.0,100.0,0.0,,,81.0,19.0,,,100.0,203.0,100.0,682.0,19.0,19.0,100.0,0.0,100.0,0.0,200.0,0.0,100.0,14093.0,100.0,59424046872.0,100.0,142313602940.0
2019-08-25,ZCH0D01K,ST12000NM0007,12000138625024,0,79.0,88376224.0,93.0,0.0,100.0,6.0,100.0,0.0,89.0,834143148.0,84.0,14198.0,100.0,0.0,100.0,5.0,,,,,100.0,0.0,100.0,0.0,,,82.0,18.0,,,100.0,203.0,100.0,682.0,18.0,18.0,100.0,0.0,100.0,0.0,200.0,0.0,100.0,14109.0,100.0,59453054064.0,100.0,142539789284.0
2019-08-26,ZCH0D01K,ST12000NM0007,12000138625024,0,71.0,11259608.0,93.0,0.0,100.0,6.0,100.0,0.0,89.0,841779807.0,84.0,14245.0,100.0,0.0,100.0,5.0,,,,,100.0,0.0,100.0,0.0,,,81.0,19.0,,,100.0,203.0,100.0,684.0,19.0,19.0,100.0,0.0,100.0,0.0,200.0,0.0,100.0,14156.0,100.0,59558436144.0,100.0,143089712708.0
2019-08-27,ZCH0D01K,ST12000NM0007,12000138625024,0,71.0,11259608.0,93.0,0.0,100.0,6.0,100.0,0.0,89.0,841779807.0,84.0,14245.0,100.0,0.0,100.0,5.0,,,,,100.0,0.0,100.0,0.0,,,81.0,19.0,,,100.0,203.0,100.0,684.0,19.0,19.0,100.0,0.0,100.0,0.0,200.0,0.0,100.0,14156.0,100.0,59558436144.0,100.0,143089712708.0
2019-08-28,ZCH0D01K,ST12000NM0007,12000138625024,0,83.0,211194832.0,93.0,0.0,100.0,6.0,100.0,0.0,89.0,846176316.0,84.0,14277.0,100.0,0.0,100.0,5.0,,,,,100.0,0.0,100.0,0.0,,,82.0,18.0,,,100.0,205.0,100.0,686.0,18.0,18.0,100.0,0.0,100.0,0.0,200.0,0.0,100.0,14188.0,100.0,59632935184.0,100.0,143459289724.0
2019-08-29,ZCH0D01K,ST12000NM0007,12000138625024,0,83.0,190313528.0,93.0,0.0,100.0,6.0,100.0,0.0,89.0,849726932.0,84.0,14293.0,100.0,0.0,100.0,5.0,,,,,100.0,0.0,100.0,0.0,,,81.0,19.0,,,100.0,205.0,100.0,686.0,19.0,19.0,100.0,0.0,100.0,0.0,200.0,0.0,100.0,14204.0,100.0,59712159640.0,100.0,143603324756.0
2019-08-30,ZCH0D01K,ST12000NM0007,12000138625024,0,82.0,151262264.0,93.0,0.0,100.0,6.0,100.0,0.0,89.0,854059906.0,84.0,14325.0,100.0,0.0,100.0,5.0,,,,,100.0,0.0,100.0,0.0,,,81.0,19.0,,,100.0,206.0,100.0,688.0,19.0,19.0,100.0,0.0,100.0,0.0,200.0,0.0,100.0,14236.0,100.0,59771417256.0,100.0,143993297380.0
2019-08-31,ZCH0D01K,ST12000NM0007,12000138625024,0,80.0,92947312.0,93.0,0.0,100.0,6.0,100.0,0.0,89.0,856141332.0,84.0,14341.0,100.0,0.0,100.0,5.0,,,,,100.0,0.0,100.0,0.0,,,82.0,18.0,,,100.0,206.0,100.0,688.0,18.0,18.0,100.0,0.0,100.0,0.0,200.0,0.0,100.0,14251.0,100.0,59793908776.0,100.0,144156631556.0
2019-09-01,ZCH0D01K,ST12000NM0007,12000138625024,0,83.0,215978368.0,93.0,0.0,100.0,6.0,100.0,0.0,89.0,860310990.0,84.0,14372.0,100.0,0.0,100.0,5.0,,,,,100.0,0.0,100.0,0.0,,,82.0,18.0,,,100.0,207.0,100.0,690.0,18.0,18.0,100.0,0.0,100.0,0.0,200.0,0.0,100.0,14283.0,100.0,59855715800.0,100.0,144461996228.0
2019-09-02,ZCH0D01K,ST12000NM0007,12000138625024,0,82.0,159902768.0,93.0,0.0,100.0,6.0,100.0,0.0,89.0,862407712.0,84.0,14388.0,100.0,0.0,100.0,5.0,,,,,100.0,0.0,100.0,0.0,,,82.0,18.0,,,100.0,207.0,100.0,690.0,18.0,18.0,100.0,0.0,100.0,0.0,200.0,0.0,100.0,14299.0,100.0,59898023864.0,100.0,144607753204.0
2019-09-03,ZCH0D01K,ST12000NM0007,12000138625024,0,84.0,235737776.0,93.0,0.0,100.0,6.0,100.0,0.0,89.0,867615843.0,84.0,14420.0,100.0,0.0,100.0,5.0,,,,,100.0,0.0,100.0,0.0,,,82.0,18.0,,,100.0,208.0,100.0,692.0,18.0,18.0,100.0,0.0,100.0,0.0,200.0,0.0,100.0,14330.0,100.0,59979017592.0,100.0,144846735212.0
2019-09-04,ZCH0D01K,ST12000NM0007,12000138625024,0,83.0,188174560.0,93.0,0.0,100.0,6.0,100.0,0.0,89.0,869663695.0,84.0,14436.0,100.0,0.0,100.0,5.0,,,,,100.0,0.0,100.0,0.0,,,81.0,19.0,,,100.0,208.0,100.0,692.0,19.0,19.0,100.0,0.0,100.0,0.0,200.0,0.0,100.0,14346.0,100.0,60009418096.0,100.0,145012912404.0
2019-09-05,ZCH0D01K,ST12000NM0007,12000138625024,0,81.0,128286784.0,93.0,0.0,100.0,6.0,100.0,0.0,89.0,872151546.0,84.0,14452.0,100.0,0.0,100.0,5.0,,,,,100.0,0.0,100.0,0.0,,,82.0,18.0,,,100.0,209.0,100.0,693.0,18.0,18.0,100.0,0.0,100.0,0.0,200.0,0.0,100.0,14362.0,100.0,60063861072.0,100.0,145142722516.0
2019-09-06,ZCH0D01K,ST12000NM0007,12000138625024,0,83.0,181583144.0,93.0,0.0,100.0,6.0,100.0,0.0,89.0,876972276.0,84.0,14483.0,100.0,0.0,100.0,5.0,,,,,100.0,0.0,100.0,0.0,,,82.0,18.0,,,100.0,210.0,100.0,695.0,18.0,18.0,100.0,0.0,100.0,0.0,200.0,0.0,100.0,14393.0,100.0,60143004592.0,100.0,145361016308.0
2019-09-07,ZCH0D01K,ST12000NM0007,12000138625024,0,65.0,3328608.0,93.0,0.0,100.0,6.0,100.0,0.0,89.0,880696194.0,84.0,14515.0,100.0,0.0,100.0,5.0,,,,,100.0,0.0,100.0,0.0,,,81.0,19.0,,,100.0,210.0,100.0,696.0,19.0,19.0,100.0,0.0,100.0,0.0,200.0,0.0,100.0,14425.0,100.0,60193460976.0,100.0,145620586804.0
2019-09-08,ZCH0D01K,ST12000NM0007,12000138625024,0,82.0,158359312.0,93.0,0.0,100.0,6.0,100.0,0.0,89.0,882509496.0,84.0,14531.0,100.0,0.0,100.0,5.0,,,,,100.0,0.0,100.0,0.0,,,82.0,18.0,,,100.0,210.0,100.0,697.0,18.0,18.0,100.0,0.0,100.0,0.0,200.0,0.0,100.0,14441.0,100.0,60237908256.0,100.0,145731170228.0
2019-09-09,ZCH0D01K,ST12000NM0007,12000138625024,0,81.0,135964088.0,93.0,0.0,100.0,6.0,100.0,0.0,89.0,887792403.0,84.0,14562.0,100.0,0.0,100.0,5.0,,,,,100.0,0.0,100.0,0.0,,,82.0,18.0,,,100.0,210.0,100.0,698.0,18.0,18.0,100.0,0.0,100.0,0.0,200.0,0.0,100.0,14472.0,100.0,60322914040.0,100.0,146112050804.0
2019-09-10,ZCH0D01K,ST12000NM0007,12000138625024,0,79.0,73385128.0,93.0,0.0,100.0,6.0,100.0,0.0,90.0,893779204.0,84.0,14594.0,100.0,0.0,100.0,5.0,,,,,100.0,0.0,100.0,0.0,,,82.0,18.0,,,100.0,211.0,100.0,700.0,18.0,18.0,100.0,0.0,100.0,0.0,200.0,0.0,100.0,14504.0,100.0,60399829296.0,100.0,146460837972.0
2019-09-11,ZCH0D01K,ST12000NM0007,12000138625024,0,79.0,82026704.0,93.0,0.0,100.0,6.0,100.0,0.0,90.0,896232224.0,84.0,14610.0,100.0,0.0,100.0,5.0,,,,,100.0,0.0,100.0,0.0,,,82.0,18.0,,,100.0,211.0,100.0,700.0,18.0,18.0,100.0,0.0,100.0,0.0,200.0,0.0,100.0,14519.0,100.0,60466580888.0,100.0,146646868636.0
2019-09-12,ZCH0D01K,ST12000NM0007,12000138625024,0,83.0,219027600.0,93.0,0.0,100.0,6.0,100.0,0.0,90.0,898114124.0,84.0,14626.0,100.0,0.0,100.0,5.0,,,,,100.0,0.0,100.0,0.0,,,82.0,18.0,,,100.0,211.0,100.0,702.0,18.0,18.0,100.0,0.0,100.0,0.0,200.0,0.0,100.0,14535.0,100.0,60502303904.0,100.0,146748146516.0
2019-09-13,ZCH0D01K,ST12000NM0007,12000138625024,0,79.0,77815760.0,93.0,0.0,100.0,6.0,100.0,0.0,90.0,901867254.0,84.0,14657.0,100.0,0.0,100.0,5.0,,,,,100.0,0.0,100.0,0.0,,,81.0,19.0,,,100.0,212.0,100.0,703.0,19.0,19.0,100.0,0.0,100.0,0.0,200.0,0.0,100.0,14566.0,100.0,60562677552.0,100.0,147034842620.0
2019-09-14,ZCH0D01K,ST12000NM0007,12000138625024,0,74.0,27187136.0,93.0,0.0,100.0,6.0,100.0,0.0,90.0,906158194.0,84.0,14689.0,100.0,0.0,100.0,5.0,,,,,100.0,0.0,100.0,0.0,,,81.0,19.0,,,100.0,212.0,100.0,704.0,19.0,19.0,100.0,0.0,100.0,0.0,200.0,0.0,100.0,14598.0,100.0,60628837080.0,100.0,147406335796.0
2019-09-15,ZCH0D01K,ST12000NM0007,12000138625024,0,83.0,222429152.0,93.0,0.0,100.0,6.0,100.0,0.0,90.0,908148508.0,84.0,14705.0,100.0,0.0,100.0,5.0,,,,,100.0,0.0,100.0,0.0,,,81.0,19.0,,,100.0,212.0,100.0,705.0,19.0,19.0,100.0,0.0,100.0,0.0,200.0,0.0,100.0,14614.0,100.0,60653960760.0,100.0,147576454132.0
2019-09-16,ZCH0D01K,ST12000NM0007,12000138625024,0,73.0,21475104.0,93.0,0.0,100.0,6.0,100.0,0.0,90.0,914473020.0,84.0,14737.0,100.0,0.0,100.0,5.0,,,,,100.0,0.0,100.0,0.0,,,81.0,19.0,,,100.0,212.0,100.0,706.0,19.0,19.0,100.0,0.0,100.0,0.0,200.0,0.0,100.0,14645.0,100.0,60779805584.0,100.0,147982077484.0
2019-09-17,ZCH0D01K,ST12000NM0007,12000138625024,0,82.0,154026944.0,93.0,0.0,100.0,6.0,100.0,0.0,90.0,915948418.0,84.0,14752.0,100.0,0.0,100.0,5.0,,,,,100.0,0.0,100.0,0.0,,,81.0,19.0,,,100.0,212.0,100.0,707.0,19.0,19.0,100.0,0.0,100.0,0.0,200.0,0.0,100.0,14661.0,100.0,60796132912.0,100.0,148098301996.0
2019-09-18,ZCH0D01K,ST12000NM0007,12000138625024,0,78.0,56642600.0,93.0,0.0,100.0,6.0,100.0,0.0,90.0,920109914.0,84.0,14784.0,100.0,0.0,100.0,5.0,,,,,100.0,0.0,100.0,0.0,,,81.0,19.0,,,100.0,212.0,100.0,709.0,19.0,19.0,100.0,0.0,100.0,0.0,200.0,0.0,100.0,14692.0,100.0,60842805552.0,100.0,148442526580.0
2019-09-19,ZCH0D01K,ST12000NM0007,12000138625024,0,84.0,225404280.0,93.0,0.0,100.0,6.0,100.0,0.0,90.0,923232587.0,84.0,14800.0,100.0,0.0,100.0,5.0,,,,,100.0,0.0,100.0,0.0,,,82.0,18.0,,,100.0,212.0,100.0,709.0,18.0,18.0,100.0,0.0,100.0,0.0,200.0,0.0,100.0,14708.0,100.0,60873788824.0,100.0,148580304988.0
2019-09-20,ZCH0D01K,ST12000NM0007,12000138625024,0,83.0,188143432.0,93.0,0.0,100.0,6.0,100.0,0.0,90.0,925482370.0,84.0,14815.0,100.0,0.0,100.0,5.0,,,,,100.0,0.0,100.0,0.0,,,82.0,18.0,,,100.0,213.0,100.0,710.0,18.0,18.0,100.0,0.0,100.0,0.0,200.0,0.0,100.0,14724.0,100.0,60909279512.0,100.0,148751694172.0
2019-09-21,ZCH0D01K,ST12000NM0007,12000138625024,0,82.0,150841288.0,92.0,0.0,100.0,7.0,100.0,0.0,90.0,930063953.0,84.0,14848.0,100.0,0.0,100.0,6.0,,,,,100.0,0.0,100.0,0.0,,,82.0,18.0,,,100.0,214.0,100.0,715.0,18.0,18.0,100.0,0.0,100.0,0.0,200.0,0.0,100.0,14756.0,100.0,60961140288.0,100.0,149150812680.0
2019-09-22,ZCH0D01K,ST12000NM0007,12000138625024,0,80.0,111489016.0,92.0,0.0,100.0,7.0,100.0,0.0,90.0,932239730.0,84.0,14864.0,100.0,0.0,100.0,6.0,,,,,100.0,0.0,100.0,0.0,,,82.0,18.0,,,100.0,214.0,100.0,715.0,18.0,18.0,100.0,0.0,100.0,0.0,200.0,0.0,100.0,14772.0,100.0,60989555864.0,100.0,149327185664.0
2019-09-23,ZCH0D01K,ST12000NM0007,12000138625024,0,83.0,192645272.0,92.0,0.0,100.0,7.0,100.0,0.0,90.0,936514623.0,83.0,14896.0,100.0,0.0,100.0,6.0,,,,,100.0,0.0,100.0,0.0,,,81.0,19.0,,,100.0,215.0,100.0,717.0,19.0,19.0,100.0,0.0,100.0,0.0,200.0,0.0,100.0,14803.0,100.0,61039599528.0,100.0,149602438928.0
2019-09-24,ZCH0D01K,ST12000NM0007,12000138625024,0,82.0,169839872.0,92.0,0.0,100.0,7.0,100.0,0.0,90.0,940028326.0,83.0,14911.0,100.0,0.0,100.0,6.0,,,,,100.0,0.0,100.0,0.0,,,82.0,18.0,,,100.0,215.0,100.0,717.0,18.0,18.0,100.0,0.0,100.0,0.0,200.0,0.0,100.0,14819.0,100.0,61096695784.0,100.0,149766678048.0
2019-09-25,ZCH0D01K,ST12000NM0007,12000138625024,0,77.0,52229648.0,92.0,0.0,100.0,7.0,100.0,0.0,90.0,944784132.0,83.0,14943.0,100.0,0.0,100.0,6.0,,,,,100.0,0.0,100.0,0.0,,,81.0,19.0,,,100.0,215.0,100.0,719.0,19.0,19.0,100.0,0.0,100.0,0.0,200.0,0.0,100.0,14850.0,100.0,61146709648.0,100.0,150087335272.0
2019-09-26,ZCH0D01K,ST12000NM0007,12000138625024,0,82.0,164864176.0,92.0,0.0,100.0,7.0,100.0,0.0,90.0,950297677.0,83.0,14975.0,100.0,0.0,100.0,6.0,,,,,100.0,0.0,100.0,0.0,,,82.0,18.0,,,100.0,215.0,100.0,721.0,18.0,18.0,100.0,0.0,100.0,0.0,200.0,0.0,100.0,14882.0,100.0,61209476328.0,100.0,150381343808.0
2019-09-27,ZCH0D01K,ST12000NM0007,12000138625024,0,83.0,199228268.0,90.0,0.0,100.0,8.0,100.0,0.0,90.0,952759305.0,83.0,14991.0,100.0,0.0,100.0,7.0,,,,,100.0,0.0,100.0,0.0,,,82.0,18.0,,,100.0,215.0,100.0,730.0,18.0,18.0,100.0,0.0,100.0,0.0,200.0,0.0,100.0,14897.0,100.0,61226663032.0,100.0,150642661988.0
2019-09-28,ZCH0D01K,ST12000NM0007,12000138625024,0,80.0,97245048.0,90.0,0.0,100.0,8.0,100.0,0.0,90.0,957127194.0,83.0,15022.0,100.0,0.0,100.0,7.0,,,,,100.0,0.0,100.0,0.0,,,82.0,18.0,,,100.0,215.0,100.0,731.0,18.0,18.0,100.0,0.0,100.0,0.0,200.0,0.0,100.0,14929.0,100.0,61287844232.0,100.0,150967778996.0
2019-09-29,ZCH0D01K,ST12000NM0007,12000138625024,0,78.0,66030816.0,90.0,0.0,100.0,8.0,100.0,0.0,90.0,959487315.0,83.0,15038.0,100.0,0.0,100.0,7.0,,,,,100.0,0.0,100.0,0.0,,,82.0,18.0,,,100.0,215.0,100.0,732.0,18.0,18.0,100.0,0.0,100.0,0.0,200.0,0.0,100.0,14944.0,100.0,61319048800.0,100.0,151149501100.0
2019-09-30,ZCH0D01K,ST12000NM0007,12000138625024,0,75.0,34257896.0,90.0,0.0,100.0,8.0,100.0,0.0,90.0,966003108.0,83.0,15070.0,100.0,0.0,100.0,7.0,,,,,100.0,0.0,100.0,0.0,,,82.0,18.0,,,100.0,216.0,100.0,734.0,18.0,18.0,100.0,0.0,100.0,0.0,200.0,0.0,100.0,14976.0,100.0,61389160544.0,100.0,151535897884.0
2019-10-01,ZCH0D01K,ST12000NM0007,12000138625024,0,76.0,38415024.0,90.0,0.0,100.0,8.0,100.0,0.0,90.0,968996296.0,83.0,15086.0,100.0,0.0,100.0,7.0,,,,,100.0,0.0,100.0,0.0,,,82.0,18.0,,,100.0,216.0,100.0,734.0,18.0,18.0,100.0,0.0,100.0,0.0,200.0,0.0,100.0,14992.0,100.0,61422413800.0,100.0,151750942596.0
2019-10-02,ZCH0D01K,ST12000NM0007,12000138625024,0,84.0,227563464.0,90.0,0.0,100.0,8.0,100.0,0.0,90.0,971196549.0,83.0,15102.0,100.0,0.0,100.0,7.0,,,,,100.0,0.0,100.0,0.0,,,82.0,18.0,,,100.0,216.0,100.0,735.0,18.0,18.0,100.0,0.0,100.0,0.0,200.0,0.0,100.0,15008.0,100.0,61474117152.0,100.0,151888387684.0
2019-10-03,ZCH0D01K,ST12000NM0007,12000138625024,0,81.0,131771704.0,90.0,0.0,100.0,8.0,100.0,0.0,90.0,976432046.0,83.0,15133.0,100.0,0.0,100.0,7.0,,,,,100.0,0.0,100.0,0.0,,,82.0,18.0,,,100.0,217.0,100.0,737.0,18.0,18.0,100.0,0.0,100.0,0.0,200.0,0.0,100.0,15039.0,100.0,61589190160.0,100.0,152165804372.0
2019-10-04,ZCH0D01K,ST12000NM0007,12000138625024,0,80.0,100511832.0,90.0,0.0,100.0,8.0,100.0,0.0,90.0,979766129.0,83.0,15165.0,100.0,0.0,100.0,7.0,,,,,100.0,0.0,100.0,0.0,,,82.0,18.0,,,100.0,219.0,100.0,739.0,18.0,18.0,100.0,0.0,100.0,0.0,200.0,0.0,100.0,15070.0,100.0,61665446136.0,100.0,152302429204.0
2019-10-05,ZCH0D01K,ST12000NM0007,12000138625024,0,83.0,206674552.0,90.0,0.0,100.0,8.0,100.0,0.0,90.0,980993033.0,83.0,15181.0,100.0,0.0,100.0,7.0,,,,,100.0,0.0,100.0,0.0,,,82.0,18.0,,,100.0,219.0,100.0,740.0,18.0,18.0,100.0,0.0,100.0,0.0,200.0,0.0,100.0,15086.0,100.0,61681369744.0,100.0,152392668316.0
2019-10-06,ZCH0D01K,ST12000NM0007,12000138625024,0,83.0,187386208.0,90.0,0.0,100.0,8.0,100.0,0.0,90.0,983584987.0,83.0,15212.0,100.0,0.0,100.0,7.0,,,,,100.0,0.0,100.0,0.0,,,82.0,18.0,,,100.0,219.0,100.0,741.0,18.0,18.0,100.0,0.0,100.0,0.0,200.0,0.0,100.0,15118.0,100.0,61720577016.0,100.0,152578313372.0
2019-10-07,ZCH0D01K,ST12000NM0007,12000138625024,0,77.0,52765152.0,90.0,0.0,100.0,8.0,100.0,0.0,90.0,984597974.0,83.0,15228.0,100.0,0.0,100.0,7.0,,,,,100.0,0.0,100.0,0.0,,,82.0,18.0,,,100.0,219.0,100.0,742.0,18.0,18.0,100.0,0.0,100.0,0.0,200.0,0.0,100.0,15133.0,100.0,61745969240.0,100.0,152662440940.0
2019-10-08,ZCH0D01K,ST12000NM0007,12000138625024,0,79.0,72330608.0,90.0,0.0,100.0,8.0,100.0,0.0,90.0,988310613.0,83.0,15260.0,100.0,0.0,100.0,7.0,,,,,100.0,0.0,100.0,0.0,,,82.0,18.0,,,100.0,220.0,100.0,743.0,18.0,18.0,100.0,0.0,100.0,0.0,200.0,0.0,100.0,15165.0,100.0,61793295048.0,100.0,152878821476.0
2019-10-09,ZCH0D01K,ST12000NM0007,12000138625024,0,83.0,181347328.0,90.0,0.0,100.0,8.0,100.0,0.0,90.0,989387592.0,83.0,15276.0,100.0,0.0,100.0,7.0,,,,,100.0,0.0,100.0,0.0,,,81.0,19.0,,,100.0,221.0,100.0,744.0,19.0,19.0,100.0,0.0,100.0,0.0,200.0,0.0,100.0,15180.0,100.0,61816807080.0,100.0,152964326164.0
2019-10-10,ZCH0D01K,ST12000NM0007,12000138625024,0,81.0,139025200.0,90.0,0.0,100.0,8.0,100.0,0.0,90.0,992991292.0,83.0,15307.0,100.0,0.0,100.0,7.0,,,,,100.0,0.0,100.0,0.0,,,82.0,18.0,,,100.0,221.0,100.0,746.0,18.0,18.0,100.0,0.0,100.0,0.0,200.0,0.0,100.0,15212.0,100.0,61855603712.0,100.0,153127348060.0
2019-10-11,ZCH0D01K,ST12000NM0007,12000138625024,0,76.0,43124928.0,90.0,0.0,100.0,8.0,100.0,0.0,90.0,995921040.0,83.0,15323.0,100.0,0.0,100.0,7.0,,,,,100.0,0.0,100.0,0.0,,,83.0,17.0,,,100.0,221.0,100.0,746.0,17.0,17.0,100.0,0.0,100.0,0.0,200.0,0.0,100.0,15228.0,100.0,61882893408.0,100.0,153248298724.0
2019-10-12,ZCH0D01K,ST12000NM0007,12000138625024,0,84.0,244119152.0,90.0,0.0,100.0,8.0,100.0,0.0,90.0,997918728.0,83.0,15355.0,100.0,0.0,100.0,7.0,,,,,100.0,0.0,100.0,0.0,,,82.0,18.0,,,100.0,223.0,100.0,748.0,18.0,18.0,100.0,0.0,100.0,0.0,200.0,0.0,100.0,15259.0,100.0,61913492032.0,100.0,153418694324.0
2019-10-13,ZCH0D01K,ST12000NM0007,12000138625024,0,83.0,207465402.0,90.0,0.0,100.0,8.0,100.0,0.0,90.0,999289219.0,83.0,15370.0,100.0,0.0,100.0,7.0,,,,,100.0,0.0,100.0,0.0,,,82.0,18.0,,,100.0,223.0,100.0,749.0,18.0,18.0,100.0,0.0,100.0,0.0,200.0,0.0,100.0,15274.0,100.0,61920702008.0,100.0,153618971254.0
2019-10-14,ZCH0D01K,ST12000NM0007,12000138625024,0,83.0,192617384.0,90.0,0.0,100.0,10.0,100.0,0.0,64.0,2290256.0,83.0,15402.0,100.0,0.0,100.0,9.0,,,,,100.0,0.0,100.0,0.0,,,82.0,18.0,,,100.0,224.0,100.0,760.0,18.0,18.0,100.0,0.0,100.0,0.0,200.0,0.0,100.0,15306.0,100.0,61944307528.0,100.0,153824658460.0
2019-10-15,ZCH0D01K,ST12000NM0007,12000138625024,0,82.0,160721048.0,90.0,0.0,100.0,10.0,100.0,0.0,66.0,3834523.0,83.0,15449.0,100.0,0.0,100.0,9.0,,,,,100.0,0.0,100.0,0.0,,,82.0,18.0,,,100.0,226.0,100.0,762.0,18.0,18.0,100.0,0.0,100.0,0.0,200.0,0.0,100.0,15353.0,100.0,61957764352.0,100.0,154023445988.0
2019-10-16,ZCH0D01K,ST12000NM0007,12000138625024,0,82.0,160721048.0,90.0,0.0,100.0,10.0,100.0,0.0,66.0,3834523.0,83.0,15449.0,100.0,0.0,100.0,9.0,,,,,100.0,0.0,100.0,0.0,,,82.0,18.0,,,100.0,226.0,100.0,762.0,18.0,18.0,100.0,0.0,100.0,0.0,200.0,0.0,100.0,15353.0,100.0,61957764352.0,100.0,154023445988.0
2019-10-17,ZCH0D01K,ST12000NM0007,12000138625024,0,81.0,135213496.0,90.0,0.0,100.0,10.0,100.0,0.0,68.0,6802875.0,83.0,15481.0,100.0,0.0,100.0,9.0,,,,,100.0,0.0,100.0,0.0,,,83.0,17.0,,,100.0,227.0,100.0,763.0,17.0,17.0,100.0,0.0,100.0,0.0,200.0,0.0,100.0,15385.0,100.0,61972987624.0,100.0,154226855796.0
2019-10-18,ZCH0D01K,ST12000NM0007,12000138625024,0,84.0,242079520.0,90.0,0.0,100.0,10.0,100.0,0.0,69.0,7501193.0,83.0,15497.0,100.0,0.0,100.0,9.0,,,,,100.0,0.0,100.0,0.0,,,83.0,17.0,,,100.0,228.0,100.0,764.0,17.0,17.0,100.0,0.0,100.0,0.0,200.0,0.0,100.0,15400.0,100.0,61976440504.0,100.0,154330268940.0
2019-10-19,ZCH0D01K,ST12000NM0007,12000138625024,0,82.0,158114832.0,90.0,0.0,100.0,10.0,100.0,0.0,70.0,8950785.0,83.0,15528.0,100.0,0.0,100.0,9.0,,,,,100.0,0.0,100.0,0.0,,,82.0,18.0,,,100.0,229.0,100.0,766.0,18.0,18.0,100.0,0.0,100.0,0.0,200.0,0.0,100.0,15432.0,100.0,61990436088.0,100.0,154476449412.0
2019-10-20,ZCH0D01K,ST12000NM0007,12000138625024,0,74.0,25381568.0,90.0,0.0,100.0,10.0,100.0,0.0,70.0,10310251.0,83.0,15544.0,100.0,0.0,100.0,9.0,,,,,100.0,0.0,100.0,0.0,,,82.0,18.0,,,100.0,229.0,100.0,766.0,18.0,18.0,100.0,0.0,100.0,0.0,200.0,0.0,100.0,15448.0,100.0,62008722016.0,100.0,154569571276.0
2019-10-21,ZCH0D01K,ST12000NM0007,12000138625024,0,77.0,48971112.0,90.0,0.0,100.0,10.0,100.0,0.0,72.0,15044935.0,83.0,15576.0,100.0,0.0,100.0,9.0,,,,,100.0,0.0,100.0,0.0,,,82.0,18.0,,,100.0,230.0,100.0,768.0,18.0,18.0,100.0,0.0,100.0,0.0,200.0,0.0,100.0,15479.0,100.0,62059108984.0,100.0,154786914532.0
2019-10-22,ZCH0D01K,ST12000NM0007,12000138625024,0,82.0,154627328.0,90.0,0.0,100.0,10.0,100.0,0.0,72.0,16396997.0,83.0,15591.0,100.0,0.0,100.0,9.0,,,,,100.0,0.0,100.0,0.0,,,82.0,18.0,,,100.0,230.0,100.0,768.0,18.0,18.0,100.0,0.0,100.0,0.0,200.0,0.0,100.0,15494.0,100.0,62082107208.0,100.0,154869572524.0
2019-10-23,ZCH0D01K,ST12000NM0007,12000138625024,0,82.0,154385512.0,90.0,0.0,100.0,10.0,100.0,0.0,73.0,18971965.0,83.0,15623.0,100.0,0.0,100.0,9.0,,,,,100.0,0.0,100.0,0.0,,,82.0,18.0,,,100.0,231.0,100.0,770.0,18.0,18.0,100.0,0.0,100.0,0.0,200.0,0.0,100.0,15526.0,100.0,62144960760.0,100.0,155050617852.0
2019-10-24,ZCH0D01K,ST12000NM0007,12000138625024,0,74.0,22403768.0,90.0,0.0,100.0,10.0,100.0,0.0,73.0,21744754.0,83.0,15639.0,100.0,0.0,100.0,9.0,,,,,100.0,0.0,100.0,0.0,,,82.0,18.0,,,100.0,231.0,100.0,770.0,18.0,18.0,100.0,0.0,100.0,0.0,200.0,0.0,100.0,15542.0,100.0,62173907456.0,100.0,155133830108.0
2019-10-25,ZCH0D01K,ST12000NM0007,12000138625024,0,83.0,194258162.0,90.0,0.0,100.0,10.0,100.0,0.0,74.0,23799097.0,83.0,15670.0,100.0,0.0,100.0,9.0,,,,,100.0,0.0,100.0,0.0,,,82.0,18.0,,,100.0,232.0,100.0,772.0,18.0,18.0,100.0,0.0,100.0,0.0,200.0,0.0,100.0,15573.0,100.0,62213454752.0,100.0,155266137206.0
2019-10-26,ZCH0D01K,ST12000NM0007,12000138625024,0,79.0,77128368.0,90.0,0.0,100.0,10.0,100.0,0.0,74.0,26755208.0,83.0,15686.0,100.0,0.0,100.0,9.0,,,,,100.0,0.0,100.0,0.0,,,82.0,18.0,,,100.0,232.0,100.0,772.0,18.0,18.0,100.0,0.0,100.0,0.0,200.0,0.0,100.0,15589.0,100.0,62224660776.0,100.0,155381942046.0
2019-10-27,ZCH0D01K,ST12000NM0007,12000138625024,0,67.0,5332888.0,90.0,0.0,100.0,10.0,100.0,0.0,75.0,28982916.0,83.0,15718.0,100.0,0.0,100.0,9.0,,,,,100.0,0.0,100.0,0.0,,,82.0,18.0,,,100.0,234.0,100.0,774.0,18.0,18.0,100.0,0.0,100.0,0.0,200.0,0.0,100.0,15621.0,100.0,62253404832.0,100.0,155525543214.0
2019-10-28,ZCH0D01K,ST12000NM0007,12000138625024,0,80.0,111086856.0,90.0,0.0,100.0,10.0,100.0,0.0,75.0,30336651.0,83.0,15734.0,100.0,0.0,100.0,9.0,,,,,100.0,0.0,100.0,0.0,,,81.0,19.0,,,100.0,234.0,100.0,774.0,19.0,19.0,100.0,0.0,100.0,0.0,200.0,0.0,100.0,15636.0,100.0,62275300152.0,100.0,155609401862.0
2019-10-29,ZCH0D01K,ST12000NM0007,12000138625024,0,69.0,8606704.0,90.0,0.0,100.0,10.0,100.0,0.0,75.0,32805245.0,83.0,15750.0,100.0,0.0,100.0,9.0,,,,,100.0,0.0,100.0,0.0,,,82.0,18.0,,,100.0,235.0,100.0,775.0,18.0,18.0,100.0,0.0,100.0,0.0,200.0,0.0,100.0,15652.0,100.0,62292294544.0,100.0,155734067950.0
2019-10-30,ZCH0D01K,ST12000NM0007,12000138625024,0,83.0,196058368.0,90.0,0.0,100.0,10.0,100.0,0.0,75.0,34401988.0,82.0,15781.0,100.0,0.0,100.0,9.0,,,,,100.0,0.0,100.0,0.0,,,82.0,18.0,,,100.0,236.0,100.0,776.0,18.0,18.0,100.0,0.0,100.0,0.0,200.0,0.0,100.0,15684.0,100.0,62312888504.0,100.0,155900925654.0
2019-10-31,ZCH0D01K,ST12000NM0007,12000138625024,0,79.0,75347040.0,90.0,0.0,100.0,10.0,100.0,0.0,76.0,36343164.0,82.0,15797.0,100.0,0.0,100.0,9.0,,,,,100.0,0.0,100.0,0.0,,,81.0,19.0,,,100.0,237.0,100.0,777.0,19.0,19.0,100.0,0.0,100.0,0.0,200.0,0.0,100.0,15699.0,100.0,62335889376.0,100.0,156001354222.0
2019-11-01,ZCH0D01K,ST12000NM0007,12000138625024,0,82.0,151532456.0,90.0,0.0,100.0,10.0,100.0,0.0,76.0,39531043.0,82.0,15829.0,100.0,0.0,100.0,9.0,,,,,100.0,0.0,100.0,0.0,,,82.0,18.0,,,100.0,237.0,100.0,779.0,18.0,18.0,100.0,0.0,100.0,0.0,200.0,0.0,100.0,15731.0,100.0,62356308720.0,100.0,156301260990.0
2019-11-02,ZCH0D01K,ST12000NM0007,12000138625024,0,80.0,103716200.0,90.0,0.0,100.0,10.0,100.0,0.0,76.0,44110993.0,82.0,15860.0,100.0,0.0,100.0,9.0,,,,,100.0,0.0,100.0,0.0,,,81.0,19.0,,,100.0,238.0,100.0,780.0,19.0,19.0,100.0,0.0,100.0,0.0,200.0,0.0,100.0,15762.0,100.0,62371873872.0,100.0,156726160966.0
2019-11-03,ZCH0D01K,ST12000NM0007,12000138625024,0,80.0,95918320.0,90.0,0.0,100.0,10.0,100.0,0.0,77.0,45615151.0,82.0,15876.0,100.0,0.0,100.0,9.0,,,,,100.0,0.0,100.0,0.0,,,81.0,19.0,,,100.0,238.0,100.0,781.0,19.0,19.0,100.0,0.0,100.0,0.0,200.0,0.0,100.0,15778.0,100.0,62388252488.0,100.0,156946125102.0
2019-11-04,ZCH0D01K,ST12000NM0007,12000138625024,0,75.0,30727472.0,89.0,0.0,100.0,11.0,100.0,0.0,77.0,49143167.0,82.0,15908.0,100.0,0.0,100.0,10.0,,,,,100.0,0.0,100.0,0.0,,,80.0,20.0,,,100.0,238.0,100.0,786.0,20.0,20.0,100.0,0.0,100.0,0.0,200.0,0.0,100.0,15809.0,100.0,62411672736.0,100.0,157345795306.0
2019-11-06,ZCH0D01K,ST12000NM0007,12000138625024,0,81.0,125309584.0,89.0,0.0,100.0,11.0,100.0,0.0,77.0,53986774.0,82.0,15956.0,100.0,0.0,100.0,10.0,,,,,100.0,0.0,100.0,0.0,,,81.0,19.0,,,100.0,238.0,100.0,788.0,19.0,19.0,100.0,0.0,100.0,0.0,200.0,0.0,100.0,15856.0,100.0,62442659144.0,100.0,157897672354.0
2019-11-07,ZCH0D01K,ST12000NM0007,12000138625024,0,84.0,231977112.0,89.0,0.0,100.0,11.0,100.0,0.0,78.0,56527935.0,82.0,15972.0,100.0,0.0,100.0,10.0,,,,,100.0,0.0,100.0,0.0,,,79.0,21.0,,,100.0,238.0,100.0,789.0,21.0,21.0,100.0,0.0,100.0,0.0,200.0,0.0,100.0,15872.0,100.0,62455908280.0,100.0,157991090746.0
2019-11-08,ZCH0D01K,ST12000NM0007,12000138625024,0,80.0,110128254.0,88.0,0.0,100.0,12.0,100.0,0.0,78.0,59690563.0,82.0,16004.0,100.0,0.0,100.0,11.0,,,,,100.0,0.0,100.0,0.0,,,82.0,18.0,,,100.0,239.0,100.0,801.0,18.0,18.0,100.0,0.0,100.0,0.0,200.0,0.0,100.0,15903.0,100.0,62487417824.0,100.0,158326013736.0
2019-11-09,ZCH0D01K,ST12000NM0007,12000138625024,0,78.0,67257952.0,88.0,0.0,100.0,12.0,100.0,0.0,78.0,61114126.0,82.0,16020.0,100.0,0.0,100.0,11.0,,,,,100.0,0.0,100.0,0.0,,,82.0,18.0,,,100.0,239.0,100.0,801.0,18.0,18.0,100.0,0.0,100.0,0.0,200.0,0.0,100.0,15919.0,100.0,62503507832.0,100.0,158511194352.0
2019-11-10,ZCH0D01K,ST12000NM0007,12000138625024,0,84.0,228362670.0,88.0,0.0,100.0,13.0,100.0,0.0,78.0,63719624.0,82.0,16052.0,100.0,0.0,100.0,12.0,,,,,100.0,0.0,100.0,0.0,,,82.0,18.0,,,100.0,239.0,100.0,806.0,18.0,18.0,100.0,0.0,100.0,0.0,200.0,0.0,100.0,15951.0,100.0,62523727704.0,100.0,158896219918.0
2019-11-11,ZCH0D01K,ST12000NM0007,12000138625024,0,82.0,171011576.0,88.0,0.0,100.0,13.0,100.0,0.0,78.0,64851663.0,82.0,16068.0,100.0,0.0,100.0,12.0,,,,,100.0,0.0,100.0,0.0,,,82.0,18.0,,,100.0,239.0,100.0,806.0,18.0,18.0,100.0,0.0,100.0,0.0,200.0,0.0,100.0,15967.0,100.0,62534406136.0,100.0,159072331110.0
2019-11-12,ZCH0D01K,ST12000NM0007,12000138625024,0,79.0,78849480.0,88.0,0.0,100.0,13.0,100.0,0.0,78.0,69216395.0,82.0,16099.0,100.0,0.0,100.0,12.0,,,,,100.0,0.0,100.0,0.0,,,82.0,18.0,,,100.0,239.0,100.0,808.0,18.0,18.0,100.0,0.0,100.0,0.0,200.0,0.0,100.0,15998.0,100.0,62559621240.0,100.0,159443235926.0
2019-11-13,ZCH0D01K,ST12000NM0007,12000138625024,0,67.0,5607440.0,88.0,0.0,100.0,13.0,100.0,0.0,78.0,70239452.0,82.0,16115.0,100.0,0.0,100.0,12.0,,,,,100.0,0.0,100.0,0.0,,,82.0,18.0,,,100.0,239.0,100.0,808.0,18.0,18.0,100.0,0.0,100.0,0.0,200.0,0.0,100.0,16014.0,100.0,62571397200.0,100.0,159602359062.0
2019-11-14,ZCH0D01K,ST12000NM0007,12000138625024,0,76.0,40697792.0,88.0,0.0,100.0,13.0,100.0,0.0,79.0,74060242.0,82.0,16147.0,100.0,0.0,100.0,12.0,,,,,100.0,0.0,100.0,0.0,,,82.0,18.0,,,100.0,241.0,100.0,811.0,18.0,18.0,100.0,0.0,100.0,0.0,200.0,0.0,100.0,16045.0,100.0,62595978928.0,100.0,159857008662.0
2019-11-15,ZCH0D01K,ST12000NM0007,12000138625024,0,83.0,219995544.0,88.0,0.0,100.0,13.0,100.0,0.0,79.0,75355716.0,82.0,16163.0,100.0,0.0,100.0,12.0,,,,,100.0,0.0,100.0,0.0,,,81.0,19.0,,,100.0,241.0,100.0,811.0,19.0,19.0,100.0,0.0,100.0,0.0,200.0,0.0,100.0,16061.0,100.0,62607003008.0,100.0,160025282334.0
2019-11-16,ZCH0D01K,ST12000NM0007,12000138625024,0,80.0,93838360.0,88.0,0.0,100.0,14.0,100.0,0.0,79.0,77632906.0,82.0,16194.0,100.0,0.0,100.0,13.0,,,,,100.0,0.0,100.0,0.0,,,80.0,20.0,,,100.0,241.0,100.0,817.0,20.0,20.0,100.0,0.0,100.0,0.0,200.0,0.0,100.0,16092.0,100.0,62633056608.0,100.0,160361353170.0
2019-11-17,ZCH0D01K,ST12000NM0007,12000138625024,0,74.0,24357352.0,88.0,0.0,100.0,14.0,100.0,0.0,79.0,78727236.0,82.0,16210.0,100.0,0.0,100.0,13.0,,,,,100.0,0.0,100.0,0.0,,,81.0,19.0,,,100.0,241.0,100.0,817.0,19.0,19.0,100.0,0.0,100.0,0.0,200.0,0.0,100.0,16108.0,100.0,62647124096.0,100.0,160521945482.0
2019-11-18,ZCH0D01K,ST12000NM0007,12000138625024,0,81.0,125907784.0,88.0,0.0,100.0,14.0,100.0,0.0,79.0,81632831.0,82.0,16242.0,100.0,0.0,100.0,13.0,,,,,100.0,0.0,100.0,0.0,,,81.0,19.0,,,100.0,241.0,100.0,819.0,19.0,19.0,100.0,0.0,100.0,0.0,200.0,0.0,100.0,16139.0,100.0,62680412072.0,100.0,160834348858.0
2019-11-19,ZCH0D01K,ST12000NM0007,12000138625024,0,80.0,92276856.0,88.0,0.0,100.0,14.0,100.0,0.0,79.0,83903290.0,82.0,16258.0,100.0,0.0,100.0,13.0,,,,,100.0,0.0,100.0,0.0,,,81.0,19.0,,,100.0,241.0,100.0,819.0,19.0,19.0,100.0,0.0,100.0,0.0,200.0,0.0,100.0,16155.0,100.0,62694509328.0,100.0,161030761330.0
2019-11-20,ZCH0D01K,ST12000NM0007,12000138625024,0,82.0,147596816.0,88.0,0.0,100.0,14.0,100.0,0.0,79.0,85887986.0,82.0,16290.0,100.0,0.0,100.0,13.0,,,,,100.0,0.0,100.0,0.0,,,82.0,18.0,,,100.0,241.0,100.0,821.0,18.0,18.0,100.0,0.0,100.0,0.0,200.0,0.0,100.0,16186.0,100.0,62718456400.0,100.0,161306274906.0
2019-11-21,ZCH0D01K,ST12000NM0007,12000138625024,0,74.0,25048488.0,88.0,0.0,100.0,14.0,100.0,0.0,79.0,87604167.0,82.0,16305.0,100.0,0.0,100.0,13.0,,,,,100.0,0.0,100.0,0.0,,,81.0,19.0,,,100.0,241.0,100.0,822.0,19.0,19.0,100.0,0.0,100.0,0.0,200.0,0.0,100.0,16202.0,100.0,62731010368.0,100.0,161415313338.0
2019-11-22,ZCH0D01K,ST12000NM0007,12000138625024,0,79.0,85345624.0,88.0,0.0,100.0,14.0,100.0,0.0,80.0,90254122.0,82.0,16337.0,100.0,0.0,100.0,13.0,,,,,100.0,0.0,100.0,0.0,,,82.0,18.0,,,100.0,242.0,100.0,823.0,18.0,18.0,100.0,0.0,100.0,0.0,200.0,0.0,100.0,16233.0,100.0,62755499544.0,100.0,161695262130.0
2019-11-23,ZCH0D01K,ST12000NM0007,12000138625024,0,71.0,11821656.0,88.0,0.0,100.0,14.0,100.0,0.0,80.0,91007376.0,82.0,16353.0,100.0,0.0,100.0,13.0,,,,,100.0,0.0,100.0,0.0,,,80.0,20.0,,,100.0,242.0,100.0,824.0,20.0,20.0,100.0,0.0,100.0,0.0,200.0,0.0,100.0,16249.0,100.0,62756331592.0,100.0,161865046818.0
2019-11-24,ZCH0D01K,ST12000NM0007,12000138625024,0,79.0,73542552.0,88.0,0.0,100.0,14.0,100.0,0.0,80.0,92406086.0,82.0,16385.0,100.0,0.0,100.0,13.0,,,,,100.0,0.0,100.0,0.0,,,81.0,19.0,,,100.0,242.0,100.0,825.0,19.0,19.0,100.0,0.0,100.0,0.0,200.0,0.0,100.0,16281.0,100.0,62756725080.0,100.0,162170514858.0
2019-11-25,ZCH0D01K,ST12000NM0007,12000138625024,0,82.0,170572600.0,88.0,0.0,100.0,14.0,100.0,0.0,80.0,92934293.0,82.0,16401.0,100.0,0.0,100.0,13.0,,,,,100.0,0.0,100.0,0.0,,,81.0,19.0,,,100.0,243.0,100.0,826.0,19.0,19.0,100.0,0.0,100.0,0.0,200.0,0.0,100.0,16297.0,100.0,62756909952.0,100.0,162267360034.0
2019-11-26,ZCH0D01K,ST12000NM0007,12000138625024,0,78.0,57970416.0,88.0,0.0,100.0,14.0,100.0,0.0,80.0,96101965.0,82.0,16432.0,100.0,0.0,100.0,13.0,,,,,100.0,0.0,100.0,0.0,,,81.0,19.0,,,100.0,244.0,100.0,827.0,19.0,19.0,100.0,0.0,100.0,0.0,200.0,0.0,100.0,16328.0,100.0,62757298616.0,100.0,162642650858.0
2019-11-27,ZCH0D01K,ST12000NM0007,12000138625024,0,81.0,130649296.0,88.0,0.0,100.0,14.0,100.0,0.0,80.0,97729481.0,82.0,16464.0,100.0,0.0,100.0,13.0,,,,,100.0,0.0,100.0,0.0,,,81.0,19.0,,,100.0,245.0,100.0,829.0,19.0,19.0,100.0,0.0,100.0,0.0,200.0,0.0,100.0,16359.0,100.0,62757662992.0,100.0,162959106114.0
2019-11-28,ZCH0D01K,ST12000NM0007,12000138625024,0,84.0,244105024.0,88.0,0.0,100.0,14.0,100.0,0.0,80.0,99635554.0,82.0,16480.0,100.0,0.0,100.0,13.0,,,,,100.0,0.0,100.0,0.0,,,81.0,19.0,,,100.0,245.0,100.0,829.0,19.0,19.0,100.0,0.0,100.0,0.0,200.0,0.0,100.0,16375.0,100.0,62757739560.0,100.0,163072485274.0
2019-11-29,ZCH0D01K,ST12000NM0007,12000138625024,0,72.0,15793792.0,88.0,0.0,100.0,14.0,100.0,0.0,80.0,101326397.0,82.0,16511.0,100.0,0.0,100.0,13.0,,,,,100.0,0.0,100.0,0.0,,,81.0,19.0,,,100.0,247.0,100.0,831.0,19.0,19.0,100.0,0.0,100.0,0.0,200.0,0.0,100.0,16407.0,100.0,62758106440.0,100.0,163332089106.0
2019-11-30,ZCH0D01K,ST12000NM0007,12000138625024,0,82.0,151776680.0,88.0,0.0,100.0,14.0,100.0,0.0,80.0,102210547.0,82.0,16527.0,100.0,0.0,100.0,13.0,,,,,100.0,0.0,100.0,0.0,,,81.0,19.0,,,100.0,247.0,100.0,831.0,19.0,19.0,100.0,0.0,100.0,0.0,200.0,0.0,100.0,16422.0,100.0,62758290840.0,100.0,163467887594.0
2019-12-01,ZCH0D01K,ST12000NM0007,12000138625024,0,83.0,206352368.0,88.0,0.0,100.0,14.0,100.0,0.0,80.0,104158983.0,82.0,16559.0,100.0,0.0,100.0,13.0,,,,,100.0,0.0,100.0,0.0,,,81.0,19.0,,,100.0,249.0,100.0,833.0,19.0,19.0,100.0,0.0,100.0,0.0,200.0,0.0,100.0,16454.0,100.0,62758655200.0,100.0,163766239650.0
2019-12-02,ZCH0D01K,ST12000NM0007,12000138625024,0,81.0,138052616.0,88.0,0.0,100.0,14.0,100.0,0.0,80.0,105583934.0,82.0,16574.0,100.0,0.0,100.0,13.0,,,,,100.0,0.0,100.0,0.0,,,80.0,20.0,,,100.0,249.0,100.0,833.0,20.0,20.0,100.0,0.0,100.0,0.0,200.0,0.0,100.0,16469.0,100.0,62758834776.0,100.0,163941901122.0
2019-12-03,ZCH0D01K,ST12000NM0007,12000138625024,0,76.0,35558808.0,88.0,0.0,100.0,14.0,100.0,0.0,80.0,109336833.0,82.0,16606.0,100.0,0.0,100.0,13.0,,,,,100.0,0.0,100.0,0.0,,,81.0,19.0,,,100.0,251.0,100.0,835.0,19.0,19.0,100.0,0.0,100.0,0.0,200.0,0.0,100.0,16501.0,100.0,62759228208.0,100.0,164327295250.0
2019-12-04,ZCH0D01K,ST12000NM0007,12000138625024,0,83.0,222309592.0,88.0,0.0,100.0,14.0,100.0,0.0,80.0,110617042.0,82.0,16622.0,100.0,0.0,100.0,13.0,,,,,100.0,0.0,100.0,0.0,,,81.0,19.0,,,100.0,251.0,100.0,835.0,19.0,19.0,100.0,0.0,100.0,0.0,200.0,0.0,100.0,16517.0,100.0,62759409816.0,100.0,164513864426.0
2019-12-05,ZCH0D01K,ST12000NM0007,12000138625024,0,84.0,229025384.0,88.0,0.0,100.0,14.0,100.0,0.0,81.0,113960882.0,81.0,16654.0,100.0,0.0,100.0,13.0,,,,,100.0,0.0,100.0,0.0,,,81.0,19.0,,,100.0,251.0,100.0,837.0,19.0,19.0,100.0,0.0,100.0,0.0,200.0,0.0,100.0,16548.0,100.0,62759620128.0,100.0,164764510578.0
2019-12-06,ZCH0D01K,ST12000NM0007,12000138625024,0,81.0,133978656.0,88.0,0.0,100.0,14.0,100.0,0.0,81.0,115120510.0,81.0,16669.0,100.0,0.0,100.0,13.0,,,,,100.0,0.0,100.0,0.0,,,80.0,20.0,,,100.0,251.0,100.0,837.0,20.0,20.0,100.0,0.0,100.0,0.0,200.0,0.0,100.0,16564.0,100.0,62759804264.0,100.0,164913420562.0
2019-12-07,ZCH0D01K,ST12000NM0007,12000138625024,0,83.0,213761168.0,88.0,0.0,100.0,14.0,100.0,0.0,81.0,117608828.0,81.0,16701.0,100.0,0.0,100.0,13.0,,,,,100.0,0.0,100.0,0.0,,,81.0,19.0,,,100.0,252.0,100.0,839.0,19.0,19.0,100.0,0.0,100.0,0.0,200.0,0.0,100.0,16595.0,100.0,62760165080.0,100.0,165236983114.0
2019-12-08,ZCH0D01K,ST12000NM0007,12000138625024,0,82.0,166565920.0,88.0,0.0,100.0,14.0,100.0,0.0,81.0,119125401.0,81.0,16717.0,100.0,0.0,100.0,13.0,,,,,100.0,0.0,100.0,0.0,,,80.0,20.0,,,100.0,252.0,100.0,839.0,20.0,20.0,100.0,0.0,100.0,0.0,200.0,0.0,100.0,16611.0,100.0,62760345600.0,100.0,165433747986.0
2019-12-09,ZCH0D01K,ST12000NM0007,12000138625024,0,70.0,9516808.0,88.0,0.0,100.0,14.0,100.0,0.0,81.0,122197178.0,81.0,16749.0,100.0,0.0,100.0,13.0,,,,,100.0,0.0,100.0,0.0,,,80.0,20.0,,,100.0,252.0,100.0,841.0,20.0,20.0,100.0,0.0,100.0,0.0,200.0,0.0,100.0,16643.0,100.0,62760716792.0,100.0,165764609058.0
2019-12-10,ZCH0D01K,ST12000NM0007,12000138625024,0,81.0,134472472.0,88.0,0.0,100.0,14.0,100.0,0.0,81.0,124329106.0,81.0,16764.0,100.0,0.0,100.0,13.0,,,,,100.0,0.0,100.0,0.0,,,81.0,19.0,,,100.0,252.0,100.0,841.0,19.0,19.0,100.0,0.0,100.0,0.0,200.0,0.0,100.0,16658.0,100.0,62760897800.0,100.0,165889383714.0
2019-12-11,ZCH0D01K,ST12000NM0007,12000138625024,0,81.0,131945992.0,88.0,0.0,100.0,14.0,100.0,0.0,81.0,126230515.0,81.0,16796.0,100.0,0.0,100.0,13.0,,,,,100.0,0.0,100.0,0.0,,,81.0,19.0,,,100.0,253.0,100.0,843.0,19.0,19.0,100.0,0.0,100.0,0.0,200.0,0.0,100.0,16690.0,100.0,62761264720.0,100.0,166130630994.0
2019-12-12,ZCH0D01K,ST12000NM0007,12000138625024,0,84.0,225121440.0,88.0,0.0,100.0,14.0,100.0,0.0,81.0,128317535.0,81.0,16812.0,100.0,0.0,100.0,13.0,,,,,100.0,0.0,100.0,0.0,,,80.0,20.0,,,100.0,253.0,100.0,843.0,20.0,20.0,100.0,0.0,100.0,0.0,200.0,0.0,100.0,16705.0,100.0,62763739032.0,100.0,166221332130.0
2019-12-13,ZCH0D01K,ST12000NM0007,12000138625024,0,82.0,153159112.0,88.0,0.0,100.0,14.0,100.0,0.0,81.0,129903082.0,81.0,16843.0,100.0,0.0,100.0,13.0,,,,,100.0,0.0,100.0,0.0,,,81.0,19.0,,,100.0,255.0,100.0,845.0,19.0,19.0,100.0,0.0,100.0,0.0,200.0,0.0,100.0,16736.0,100.0,62764324984.0,100.0,166392924682.0
2019-12-14,ZCH0D01K,ST12000NM0007,12000138625024,0,83.0,199344352.0,88.0,0.0,100.0,14.0,100.0,0.0,81.0,131984995.0,81.0,16875.0,100.0,0.0,100.0,13.0,,,,,100.0,0.0,100.0,0.0,,,81.0,19.0,,,100.0,256.0,100.0,846.0,19.0,19.0,100.0,0.0,100.0,0.0,200.0,0.0,100.0,16768.0,100.0,62764707168.0,100.0,166682868426.0
2019-12-15,ZCH0D01K,ST12000NM0007,12000138625024,0,76.0,37641008.0,88.0,0.0,100.0,14.0,100.0,0.0,81.0,132630849.0,81.0,16890.0,100.0,0.0,100.0,13.0,,,,,100.0,0.0,100.0,0.0,,,82.0,18.0,,,100.0,257.0,100.0,847.0,18.0,18.0,100.0,0.0,100.0,0.0,200.0,0.0,100.0,16784.0,100.0,62765057584.0,100.0,166764955346.0
2019-12-16,ZCH0D01K,ST12000NM0007,12000138625024,0,80.0,99909272.0,88.0,0.0,100.0,14.0,100.0,0.0,81.0,135976716.0,81.0,16922.0,100.0,0.0,100.0,13.0,,,,,100.0,0.0,100.0,0.0,,,81.0,19.0,,,100.0,257.0,100.0,848.0,19.0,19.0,100.0,0.0,100.0,0.0,200.0,0.0,100.0,16815.0,100.0,62765442056.0,100.0,167070980018.0
2019-12-17,ZCH0D01K,ST12000NM0007,12000138625024,0,82.0,149300016.0,88.0,0.0,100.0,14.0,100.0,0.0,81.0,136916381.0,81.0,16938.0,100.0,0.0,100.0,13.0,,,,,100.0,0.0,100.0,0.0,,,81.0,19.0,,,100.0,257.0,100.0,848.0,19.0,19.0,100.0,0.0,100.0,0.0,200.0,0.0,100.0,16831.0,100.0,62765630656.0,100.0,167120182162.0
2019-12-18,ZCH0D01K,ST12000NM0007,12000138625024,0,77.0,46649256.0,88.0,0.0,100.0,14.0,100.0,0.0,81.0,137931147.0,81.0,16953.0,100.0,0.0,100.0,13.0,,,,,100.0,0.0,100.0,0.0,,,80.0,20.0,,,100.0,258.0,100.0,849.0,20.0,20.0,100.0,0.0,100.0,0.0,200.0,0.0,100.0,16847.0,100.0,62765814096.0,100.0,167261488690.0
2019-12-19,ZCH0D01K,ST12000NM0007,12000138625024,0,76.0,43860152.0,88.0,0.0,100.0,14.0,100.0,0.0,81.0,139674790.0,81.0,16985.0,100.0,0.0,100.0,13.0,,,,,100.0,0.0,100.0,0.0,,,81.0,19.0,,,100.0,258.0,100.0,850.0,19.0,19.0,100.0,0.0,100.0,0.0,200.0,0.0,100.0,16878.0,100.0,62766195728.0,100.0,167502458666.0
2019-12-20,ZCH0D01K,ST12000NM0007,12000138625024,0,82.0,172379608.0,88.0,0.0,100.0,14.0,100.0,0.0,81.0,140644587.0,81.0,17001.0,100.0,0.0,100.0,13.0,,,,,100.0,0.0,100.0,0.0,,,81.0,19.0,,,100.0,259.0,100.0,851.0,19.0,19.0,100.0,0.0,100.0,0.0,200.0,0.0,100.0,16894.0,100.0,62766377184.0,100.0,167630796666.0
2019-12-21,ZCH0D01K,ST12000NM0007,12000138625024,0,82.0,144694298.0,88.0,0.0,100.0,14.0,100.0,0.0,82.0,142367335.0,81.0,17033.0,100.0,0.0,100.0,13.0,,,,,100.0,0.0,100.0,0.0,,,81.0,19.0,,,100.0,259.0,100.0,853.0,19.0,19.0,100.0,0.0,100.0,0.0,200.0,0.0,100.0,16925.0,100.0,62766741400.0,100.0,167846887892.0
2019-12-22,ZCH0D01K,ST12000NM0007,12000138625024,0,81.0,118827464.0,88.0,0.0,100.0,14.0,100.0,0.0,82.0,144074055.0,81.0,17065.0,100.0,0.0,100.0,13.0,,,,,100.0,0.0,100.0,0.0,,,81.0,19.0,,,100.0,259.0,100.0,854.0,19.0,19.0,100.0,0.0,100.0,0.0,200.0,0.0,100.0,16957.0,100.0,62767121096.0,100.0,168064782076.0
2019-12-23,ZCH0D01K,ST12000NM0007,12000138625024,0,83.0,213765496.0,88.0,0.0,100.0,14.0,100.0,0.0,82.0,144816596.0,81.0,17080.0,100.0,0.0,100.0,13.0,,,,,100.0,0.0,100.0,0.0,,,81.0,19.0,,,100.0,260.0,100.0,855.0,19.0,19.0,100.0,0.0,100.0,0.0,200.0,0.0,100.0,16973.0,100.0,62767300584.0,100.0,168159540620.0
2019-12-24,ZCH0D01K,ST12000NM0007,12000138625024,0,84.0,237922384.0,88.0,0.0,100.0,14.0,100.0,0.0,82.0,146712801.0,81.0,17111.0,100.0,0.0,100.0,13.0,,,,,100.0,0.0,100.0,0.0,,,80.0,20.0,,,100.0,261.0,100.0,856.0,20.0,20.0,100.0,0.0,100.0,0.0,200.0,0.0,100.0,17004.0,100.0,62767671072.0,100.0,168427467876.0
2019-12-25,ZCH0D01K,ST12000NM0007,12000138625024,0,79.0,75488976.0,88.0,0.0,100.0,14.0,100.0,0.0,82.0,147404803.0,81.0,17127.0,100.0,0.0,100.0,13.0,,,,,100.0,0.0,100.0,0.0,,,80.0,20.0,,,100.0,261.0,100.0,857.0,20.0,20.0,100.0,0.0,100.0,0.0,200.0,0.0,100.0,17019.0,100.0,62767856632.0,100.0,168508989636.0
2019-12-26,ZCH0D01K,ST12000NM0007,12000138625024,0,73.0,21412112.0,88.0,0.0,100.0,14.0,100.0,0.0,82.0,149058109.0,81.0,17159.0,100.0,0.0,100.0,13.0,,,,,100.0,0.0,100.0,0.0,,,80.0,20.0,,,100.0,261.0,100.0,858.0,20.0,20.0,100.0,0.0,100.0,0.0,200.0,0.0,100.0,17051.0,100.0,62768229816.0,100.0,168698680236.0
2019-12-27,ZCH0D01K,ST12000NM0007,12000138625024,0,81.0,139038720.0,88.0,0.0,100.0,14.0,100.0,0.0,82.0,150057828.0,81.0,17174.0,100.0,0.0,100.0,13.0,,,,,100.0,0.0,100.0,0.0,,,80.0,20.0,,,100.0,262.0,100.0,859.0,20.0,20.0,100.0,0.0,100.0,0.0,200.0,0.0,100.0,17066.0,100.0,62768419952.0,100.0,168816116708.0
2019-12-28,ZCH0D01K,ST12000NM0007,12000138625024,0,80.0,92447248.0,88.0,0.0,100.0,14.0,100.0,0.0,82.0,151795586.0,81.0,17206.0,100.0,0.0,100.0,13.0,,,,,100.0,0.0,100.0,0.0,,,80.0,20.0,,,100.0,263.0,100.0,860.0,20.0,20.0,100.0,0.0,100.0,0.0,200.0,0.0,100.0,17097.0,100.0,62768790768.0,100.0,169013295180.0
2019-12-29,ZCH0D01K,ST12000NM0007,12000138625024,0,83.0,194713432.0,88.0,0.0,100.0,14.0,100.0,0.0,82.0,152765129.0,81.0,17222.0,100.0,0.0,100.0,13.0,,,,,100.0,0.0,100.0,0.0,,,80.0,20.0,,,100.0,264.0,100.0,861.0,20.0,20.0,100.0,0.0,100.0,0.0,200.0,0.0,100.0,17113.0,100.0,62768981800.0,100.0,169115370332.0
2019-12-30,ZCH0D01K,ST12000NM0007,12000138625024,0,80.0,108832496.0,88.0,0.0,100.0,14.0,100.0,0.0,82.0,154128313.0,81.0,17253.0,100.0,0.0,100.0,13.0,,,,,100.0,0.0,100.0,0.0,,,80.0,20.0,,,100.0,265.0,100.0,862.0,20.0,20.0,100.0,0.0,100.0,0.0,200.0,0.0,100.0,17144.0,100.0,62769348296.0,100.0,169273263772.0
2019-12-31,ZCH0D01K,ST12000NM0007,12000138625024,0,64.0,2773304.0,88.0,0.0,100.0,14.0,100.0,0.0,82.0,155229905.0,81.0,17269.0,100.0,0.0,100.0,13.0,,,,,100.0,0.0,100.0,0.0,,,80.0,20.0,,,100.0,266.0,100.0,863.0,20.0,20.0,100.0,0.0,100.0,0.0,200.0,0.0,100.0,17160.0,100.0,62769540008.0,100.0,169411153644.0
