2019-01-01,ZJV02JT6,ST12000NM0007,12000138625024,0,79,76281096,89.0,0.0,100.0,8.0,100.0,0.0,88.0,649051835.0,94,5690,100.0,0.0,100,8,,,,,100.0,0.0,100.0,0.0,,,66.0,34.0,,,100.0,66.0,100.0,698.0,34,34,100.0,0.0,100.0,0.0,200.0,0.0,100.0,5521.0,100.0,34912359816.0,100.0,50124958124.0
2019-01-02,ZJV02JT6,ST12000NM0007,12000138625024,0,83,201758968,89.0,0.0,100.0,8.0,100.0,0.0,88.0,650506803.0,94,5713,100.0,0.0,100,8,,,,,100.0,0.0,100.0,0.0,,,66.0,34.0,,,100.0,67.0,100.0,699.0,34,34,100.0,0.0,100.0,0.0,200.0,0.0,100.0,5544.0,100.0,34931346512.0,100.0,50231449300.0
2019-01-03,ZJV02JT6,ST12000NM0007,12000138625024,0,79.0,75397384.0,89.0,0.0,100.0,8.0,100.0,0.0,88.0,652479529.0,94.0,5732.0,100.0,0.0,100.0,8.0,,,,,100.0,0.0,100.0,0.0,,,66.0,34.0,,,100.0,67.0,100.0,700.0,34.0,34.0,100.0,0.0,100.0,0.0,200.0,0.0,100.0,5562.0,100.0,34958197184.0,100.0,50322377716.0
2019-01-04,ZJV02JT6,ST12000NM0007,12000138625024,0,83,189767936,89.0,0.0,100.0,8.0,100.0,0.0,88.0,653572925.0,94,5756,100.0,0.0,100,8,,,,,100.0,0.0,100.0,0.0,,,67.0,33.0,,,100.0,68.0,100.0,701.0,33,33,100.0,0.0,100.0,0.0,200.0,0.0,100.0,5585.0,100.0,34989722720.0,100.0,50405222732.0
2019-01-05,ZJV02JT6,ST12000NM0007,12000138625024,0,79,85882176,89.0,0.0,100.0,9.0,100.0,0.0,88.0,654684044.0,94,5771,100.0,0.0,100,9,,,,,100.0,0.0,100.0,0.0,,,66.0,34.0,,,100.0,69.0,100.0,703.0,34,34,100.0,0.0,100.0,0.0,200.0,0.0,100.0,5601.0,100.0,35006878408.0,100.0,50528322038.0
2019-01-06,ZJV02JT6,ST12000NM0007,12000138625024,0,81,119002016,89.0,0.0,100.0,9.0,100.0,0.0,88.0,657100089.0,94,5803,100.0,0.0,100,9,,,,,100.0,0.0,100.0,0.0,,,66.0,34.0,,,100.0,69.0,100.0,705.0,34,34,100.0,0.0,100.0,0.0,200.0,0.0,100.0,5633.0,100.0,35050044408.0,100.0,50762416694.0
2019-01-07,ZJV02JT6,ST12000NM0007,12000138625024,0,68,6962024,89.0,0.0,100.0,9.0,100.0,0.0,88.0,658726774.0,94,5819,100.0,0.0,100,9,,,,,100.0,0.0,100.0,0.0,,,65.0,35.0,,,100.0,69.0,100.0,705.0,35,35,100.0,0.0,100.0,0.0,200.0,0.0,100.0,5649.0,100.0,35076475408.0,100.0,50868087142.0
2019-01-08,ZJV02JT6,ST12000NM0007,12000138625024,0,84,235567832,89.0,0.0,100.0,9.0,100.0,0.0,88.0,660821192.0,94,5851,100.0,0.0,100,9,,,,,100.0,0.0,100.0,0.0,,,65.0,35.0,,,100.0,69.0,100.0,707.0,35,35,100.0,0.0,100.0,0.0,200.0,0.0,100.0,5680.0,100.0,35130031696.0,100.0,51043136662.0
2019-01-09,ZJV02JT6,ST12000NM0007,12000138625024,0,81,129154680,89.0,0.0,100.0,9.0,100.0,0.0,88.0,662074640.0,94,5867,100.0,0.0,100,9,,,,,100.0,0.0,100.0,0.0,,,65.0,35.0,,,100.0,69.0,100.0,707.0,35,35,100.0,0.0,100.0,0.0,200.0,0.0,100.0,5696.0,100.0,35161341672.0,100.0,51149554358.0
2019-01-10,ZJV02JT6,ST12000NM0007,12000138625024,0,83,208385712,89.0,0.0,100.0,9.0,100.0,0.0,88.0,665658251.0,94,5898,100.0,0.0,100,9,,,,,100.0,0.0,100.0,0.0,,,66.0,34.0,,,100.0,69.0,100.0,708.0,34,34,100.0,0.0,100.0,0.0,200.0,0.0,100.0,5728.0,100.0,35202870472.0,100.0,51431397222.0
2019-01-11,ZJV02JT6,ST12000NM0007,12000138625024,0,76.0,37366696.0,89.0,0.0,100.0,9.0,100.0,0.0,88.0,666309785.0,94.0,5914.0,100.0,0.0,100.0,9.0,,,,,100.0,0.0,100.0,0.0,,,66.0,34.0,,,100.0,70.0,100.0,709.0,34.0,34.0,100.0,0.0,100.0,0.0,200.0,0.0,100.0,5743.0,100.0,35210541632.0,100.0,51496847742.0
2019-01-12,ZJV02JT6,ST12000NM0007,12000138625024,0,83,219011528,89.0,0.0,100.0,9.0,100.0,0.0,88.0,667727775.0,94,5946,100.0,0.0,100,9,,,,,100.0,0.0,100.0,0.0,,,66.0,34.0,,,100.0,71.0,100.0,710.0,34,34,100.0,0.0,100.0,0.0,200.0,0.0,100.0,5775.0,100.0,35235360192.0,100.0,51653674014.0
2019-01-13,ZJV02JT6,ST12000NM0007,12000138625024,0,78,59158528,89.0,0.0,100.0,9.0,100.0,0.0,88.0,668334270.0,94,5962,100.0,0.0,100,9,,,,,100.0,0.0,100.0,0.0,,,66.0,34.0,,,100.0,72.0,100.0,711.0,34,34,100.0,0.0,100.0,0.0,200.0,0.0,100.0,5791.0,100.0,35245373144.0,100.0,51727948854.0
2019-01-14,ZJV02JT6,ST12000NM0007,12000138625024,0,78,62310968,89.0,0.0,100.0,9.0,100.0,0.0,88.0,670532778.0,94,5994,100.0,0.0,100,9,,,,,100.0,0.0,100.0,0.0,,,66.0,34.0,,,100.0,73.0,100.0,712.0,34,34,100.0,0.0,100.0,0.0,200.0,0.0,100.0,5823.0,100.0,35271101488.0,100.0,51949513766.0
2019-01-15,ZJV02JT6,ST12000NM0007,12000138625024,0,82.0,166630616.0,89.0,0.0,100.0,9.0,100.0,0.0,88.0,671182525.0,94.0,6010.0,100.0,0.0,100.0,9.0,,,,,100.0,0.0,100.0,0.0,,,66.0,34.0,,,100.0,74.0,100.0,713.0,34.0,34.0,100.0,0.0,100.0,0.0,200.0,0.0,100.0,5839.0,100.0,35280928904.0,100.0,52044005998.0
2019-01-16,ZJV02JT6,ST12000NM0007,12000138625024,0,82,157107288,89.0,0.0,100.0,9.0,100.0,0.0,88.0,672786314.0,94,6042,100.0,0.0,100,9,,,,,100.0,0.0,100.0,0.0,,,67.0,33.0,,,100,74,100.0,714.0,33,33,100.0,0.0,100.0,0.0,200.0,0.0,100.0,5871.0,100.0,35302078880.0,100.0,52257473430.0
2019-01-17,ZJV02JT6,ST12000NM0007,12000138625024,0,78,65525288,89.0,0.0,100.0,9.0,100.0,0.0,88.0,674346455.0,94,6058,100.0,0.0,100,9,,,,,100.0,0.0,100.0,0.0,,,68.0,32.0,,,100,74,100.0,715.0,32,32,100.0,0.0,100.0,0.0,200.0,0.0,100.0,5886.0,100.0,35323065784.0,100.0,52389045174.0
2019-01-18,ZJV02JT6,ST12000NM0007,12000138625024,0,78,67966056,89.0,0.0,100.0,9.0,100.0,0.0,88.0,676139106.0,94,6089,100.0,0.0,100,9,,,,,100.0,0.0,100.0,0.0,,,67.0,33.0,,,100,74,100.0,716.0,33,33,100.0,0.0,100.0,0.0,200.0,0.0,100.0,5918.0,100.0,35350360760.0,100.0,52608331606.0
2019-01-19,ZJV02JT6,ST12000NM0007,12000138625024,0,73,18919872,89.0,0.0,100.0,9.0,100.0,0.0,88.0,677597752.0,94,6121,100.0,0.0,100,9,,,,,100.0,0.0,100.0,0.0,,,68.0,32.0,,,100,75,100.0,718.0,32,32,100.0,0.0,100.0,0.0,200.0,0.0,100.0,5950.0,100.0,35379382040.0,100.0,52774404846.0
2019-01-20,ZJV02JT6,ST12000NM0007,12000138625024,0,81,117482624,89.0,0.0,100.0,9.0,100.0,0.0,88.0,678345878.0,93,6137,100.0,0.0,100,9,,,,,100.0,0.0,100.0,0.0,,,68.0,32.0,,,100,75,100.0,718.0,32,32,100.0,0.0,100.0,0.0,200.0,0.0,100.0,5966.0,100.0,35394479760.0,100.0,52857869878.0
2019-01-21,ZJV02JT6,ST12000NM0007,12000138625024,0,80,90440960,89.0,0.0,100.0,9.0,100.0,0.0,88.0,680513823.0,93,6169,100.0,0.0,100,9,,,,,100.0,0.0,100.0,0.0,,,67.0,33.0,,,100,76,100.0,720.0,33,33,100.0,0.0,100.0,0.0,200.0,0.0,100.0,5997.0,100.0,35426365992.0,100.0,53043082614.0
2019-01-22,ZJV02JT6,ST12000NM0007,12000138625024,0,82.0,172791760.0,89.0,0.0,100.0,9.0,100.0,0.0,88.0,681217939.0,93.0,6185.0,100.0,0.0,100.0,9.0,,,,,100.0,0.0,100.0,0.0,,,67.0,33.0,,,100.0,76.0,100.0,720.0,33.0,33.0,100.0,0.0,100.0,0.0,200.0,0.0,100.0,6013.0,100.0,35439280656.0,100.0,53112518750.0
2019-01-23,ZJV02JT6,ST12000NM0007,12000138625024,0,73.0,22245568.0,89.0,0.0,100.0,9.0,100.0,0.0,88.0,682240093.0,93.0,6201.0,100.0,0.0,100.0,9.0,,,,,100.0,0.0,100.0,0.0,,,67.0,33.0,,,100.0,77.0,100.0,721.0,33.0,33.0,100.0,0.0,100.0,0.0,200.0,0.0,100.0,6029.0,100.0,35459447616.0,100.0,53185946470.0
2019-01-24,ZJV02JT6,ST12000NM0007,12000138625024,0,81.0,117203328.0,89.0,0.0,100.0,9.0,100.0,0.0,88.0,685394442.0,93.0,6232.0,100.0,0.0,100.0,9.0,,,,,100.0,0.0,100.0,0.0,,,67.0,33.0,,,100.0,78.0,100.0,723.0,33.0,33.0,100.0,0.0,100.0,0.0,200.0,0.0,100.0,6060.0,100.0,35502835688.0,100.0,53481657182.0
2019-01-25,ZJV02JT6,ST12000NM0007,12000138625024,0,75,31541320,89.0,0.0,100.0,9.0,100.0,0.0,88.0,686820496.0,93,6248,100.0,0.0,100,9,,,,,100.0,0.0,100.0,0.0,,,66.0,34.0,,,100,78,100.0,723.0,34,34,100.0,0.0,100.0,0.0,200.0,0.0,100.0,6076.0,100.0,35526483408.0,100.0,53616488214.0
2019-01-26,ZJV02JT6,ST12000NM0007,12000138625024,0,82,141784808,89.0,0.0,100.0,9.0,100.0,0.0,88.0,690964688.0,93,6280,100.0,0.0,100,9,,,,,100.0,0.0,100.0,0.0,,,66.0,34.0,,,100,78,100.0,724.0,34,34,100.0,0.0,100.0,0.0,200.0,0.0,100.0,6108.0,100.0,35594328856.0,100.0,53903026942.0
2019-01-27,ZJV02JT6,ST12000NM0007,12000138625024,0,78,60854536,89.0,0.0,100.0,9.0,100.0,0.0,88.0,692418429.0,93,6296,100.0,0.0,100,9,,,,,100.0,0.0,100.0,0.0,,,66.0,34.0,,,100,78,100.0,725.0,34,34,100.0,0.0,100.0,0.0,200.0,0.0,100.0,6124.0,100.0,35615171792.0,100.0,54045394366.0
2019-01-28,ZJV02JT6,ST12000NM0007,12000138625024,0,83,195001896,89.0,0.0,100.0,9.0,100.0,0.0,88.0,695919150.0,93,6328,100.0,0.0,100,9,,,,,100.0,0.0,100.0,0.0,,,66.0,34.0,,,100,78,100.0,726.0,34,34,100.0,0.0,100.0,0.0,200.0,0.0,100.0,6155.0,100.0,35680165136.0,100.0,54358689262.0
2019-01-29,ZJV02JT6,ST12000NM0007,12000138625024,0,80,108806576,89.0,0.0,100.0,9.0,100.0,0.0,88.0,697129782.0,93,6344,100.0,0.0,100,9,,,,,100.0,0.0,100.0,0.0,,,66.0,34.0,,,100,79,100.0,727.0,34,34,100.0,0.0,100.0,0.0,200.0,0.0,100.0,6171.0,100.0,35703706648.0,100.0,54493093102.0
2019-01-30,ZJV02JT6,ST12000NM0007,12000138625024,0,82,145293144,89.0,0.0,100.0,9.0,100.0,0.0,88.0,699945031.0,93,6375,100.0,0.0,100,9,,,,,100.0,0.0,100.0,0.0,,,65.0,35.0,,,100,79,100.0,729.0,35,35,100.0,0.0,100.0,0.0,200.0,0.0,100.0,6202.0,100.0,35755032768.0,100.0,54722394430.0
2019-01-31,ZJV02JT6,ST12000NM0007,12000138625024,0,70,9504176,89.0,0.0,100.0,9.0,100.0,0.0,88.0,703288337.0,93,6407,100.0,0.0,100,9,,,,,100.0,0.0,100.0,0.0,,,66.0,34.0,,,100,80,100.0,730.0,34,34,100.0,0.0,100.0,0.0,200.0,0.0,100.0,6234.0,100.0,35812380696.0,100.0,55017539262.0
2019-02-01,ZJV02JT6,ST12000NM0007,12000138625024,0,82,166178248,89.0,0.0,100.0,9.0,100.0,0.0,88.0,704524712.0,93,6423,100.0,0.0,100,9,,,,,100.0,0.0,100.0,0.0,,,66.0,34.0,,,100,80,100.0,730.0,34,34,100.0,0.0,100.0,0.0,200.0,0.0,100.0,6250.0,100.0,35836593736.0,100.0,55150000294.0
2019-02-02,ZJV02JT6,ST12000NM0007,12000138625024,0,72.0,14925432.0,89.0,0.0,100.0,9.0,100.0,0.0,88.0,707476105.0,93.0,6454.0,100.0,0.0,100.0,9.0,,,,,100.0,0.0,100.0,0.0,,,66.0,34.0,,,100.0,81.0,100.0,732.0,34.0,34.0,100.0,0.0,100.0,0.0,200.0,0.0,100.0,6281.0,100.0,35890224888.0,100.0,55433397958.0
2019-02-03,ZJV02JT6,ST12000NM0007,12000138625024,0,83,181149176,89.0,0.0,100.0,9.0,100.0,0.0,89.0,709774649.0,93,6470,100.0,0.0,100,9,,,,,100.0,0.0,100.0,0.0,,,65.0,35.0,,,100,81,100.0,732.0,35,35,100.0,0.0,100.0,0.0,200.0,0.0,100.0,6297.0,100.0,35918303048.0,100.0,55571543542.0
2019-02-04,ZJV02JT6,ST12000NM0007,12000138625024,0,69,7654440,89.0,0.0,100.0,9.0,100.0,0.0,89.0,713155920.0,93,6502,100.0,0.0,100,9,,,,,100.0,0.0,100.0,0.0,,,65.0,35.0,,,100,83,100.0,734.0,35,35,100.0,0.0,100.0,0.0,200.0,0.0,100.0,6329.0,100.0,35984724872.0,100.0,55819908582.0
2019-02-05,ZJV02JT6,ST12000NM0007,12000138625024,0,82.0,166449520.0,89.0,0.0,100.0,9.0,100.0,0.0,89.0,714670641.0,93.0,6518.0,100.0,0.0,100.0,9.0,,,,,100.0,0.0,100.0,0.0,,,66.0,34.0,,,100.0,83.0,100.0,734.0,34.0,34.0,100.0,0.0,100.0,0.0,200.0,0.0,100.0,6344.0,100.0,36029768448.0,100.0,55933660086.0
2019-02-06,ZJV02JT6,ST12000NM0007,12000138625024,0,73,20432384,89.0,0.0,100.0,9.0,100.0,0.0,89.0,717977485.0,93,6550,100.0,0.0,100,9,,,,,100.0,0.0,100.0,0.0,,,67.0,33.0,,,100,84,100.0,736.0,33,33,100.0,0.0,100.0,0.0,200.0,0.0,100.0,6376.0,100.0,36102544512.0,100.0,56203148166.0
2019-02-07,ZJV02JT6,ST12000NM0007,12000138625024,0,82.0,173599072.0,89.0,0.0,100.0,9.0,100.0,0.0,89.0,719736464.0,93.0,6566.0,100.0,0.0,100.0,9.0,,,,,100.0,0.0,100.0,0.0,,,67.0,33.0,,,100.0,84.0,100.0,736.0,33.0,33.0,100.0,0.0,100.0,0.0,200.0,0.0,100.0,6392.0,100.0,36143247800.0,100.0,56315611566.0
2019-02-08,ZJV02JT6,ST12000NM0007,12000138625024,0,78,62394528,89.0,0.0,100.0,9.0,100.0,0.0,89.0,721006682.0,93,6581,100.0,0.0,100,9,,,,,100.0,0.0,100.0,0.0,,,68.0,32.0,,,100,84,100.0,737.0,32,32,100.0,0.0,100.0,0.0,200.0,0.0,100.0,6408.0,100.0,36165584232.0,100.0,56426211222.0
2019-02-09,ZJV02JT6,ST12000NM0007,12000138625024,0,79.0,71799968.0,89.0,0.0,100.0,9.0,100.0,0.0,89.0,723149132.0,93.0,6613.0,100.0,0.0,100.0,9.0,,,,,100.0,0.0,100.0,0.0,,,67.0,33.0,,,100.0,84.0,100.0,738.0,33.0,33.0,100.0,0.0,100.0,0.0,200.0,0.0,100.0,6440.0,100.0,36196497504.0,100.0,56648844198.0
2019-02-10,ZJV02JT6,ST12000NM0007,12000138625024,0,83,185007088,89.0,0.0,100.0,9.0,100.0,0.0,89.0,724197771.0,93,6629,100.0,0.0,100,9,,,,,100.0,0.0,100.0,0.0,,,67.0,33.0,,,100,84,100.0,739.0,33,33,100.0,0.0,100.0,0.0,200.0,0.0,100.0,6455.0,100.0,36210270392.0,100.0,56748278430.0
2019-02-11,ZJV02JT6,ST12000NM0007,12000138625024,0,84,241337928,89.0,0.0,100.0,9.0,100.0,0.0,89.0,727159867.0,93,6661,100.0,0.0,100,9,,,,,100.0,0.0,100.0,0.0,,,68.0,32.0,,,100,84,100.0,740.0,32,32,100.0,0.0,100.0,0.0,200.0,0.0,100.0,6487.0,100.0,36249615888.0,100.0,57009404422.0
2019-02-12,ZJV02JT6,ST12000NM0007,12000138625024,0,81.0,127576064.0,89.0,0.0,100.0,9.0,100.0,0.0,89.0,729111809.0,93.0,6677.0,100.0,0.0,100.0,9.0,,,,,100.0,0.0,100.0,0.0,,,68.0,32.0,,,100.0,85.0,100.0,741.0,32.0,32.0,100.0,0.0,100.0,0.0,200.0,0.0,100.0,6503.0,100.0,36269317544.0,100.0,57120081758.0
2019-02-13,ZJV02JT6,ST12000NM0007,12000138625024,0,82,153627312,89.0,0.0,100.0,9.0,100.0,0.0,89.0,731897100.0,93,6709,100.0,0.0,100,9,,,,,100.0,0.0,100.0,0.0,,,66.0,34.0,,,100,85,100.0,742.0,34,34,100.0,0.0,100.0,0.0,200.0,0.0,100.0,6534.0,100.0,36329280272.0,100.0,57330311054.0
2019-02-14,ZJV02JT6,ST12000NM0007,12000138625024,0,84,229053808,89.0,0.0,100.0,9.0,100.0,0.0,89.0,735854863.0,93,6740,100.0,0.0,100,9,,,,,100.0,0.0,100.0,0.0,,,66.0,34.0,,,100,85,100.0,744.0,34,34,100.0,0.0,100.0,0.0,200.0,0.0,100.0,6566.0,100.0,36402749288.0,100.0,57576409342.0
2019-02-15,ZJV02JT6,ST12000NM0007,12000138625024,0,81.0,126067184.0,89.0,0.0,100.0,9.0,100.0,0.0,89.0,737212317.0,93.0,6756.0,100.0,0.0,100.0,9.0,,,,,100.0,0.0,100.0,0.0,,,66.0,34.0,,,100.0,85.0,100.0,744.0,34.0,34.0,100.0,0.0,100.0,0.0,200.0,0.0,100.0,6582.0,100.0,36436545384.0,100.0,57683767302.0
2019-02-16,ZJV02JT6,ST12000NM0007,12000138625024,0,69.0,8596720.0,89.0,0.0,100.0,9.0,100.0,0.0,89.0,740486464.0,93.0,6788.0,100.0,0.0,100.0,9.0,,,,,100.0,0.0,100.0,0.0,,,65.0,35.0,,,100.0,86.0,100.0,746.0,35.0,35.0,100.0,0.0,100.0,0.0,200.0,0.0,100.0,6613.0,100.0,36518633744.0,100.0,57972490398.0
2019-02-17,ZJV02JT6,ST12000NM0007,12000138625024,0,83,185713128,89.0,0.0,100.0,9.0,100.0,0.0,89.0,742331935.0,93,6804,100.0,0.0,100,9,,,,,100.0,0.0,100.0,0.0,,,66.0,34.0,,,100,86,100.0,746.0,34,34,100.0,0.0,100.0,0.0,200.0,0.0,100.0,6629.0,100.0,36592747376.0,100.0,58075493174.0
2019-02-18,ZJV02JT6,ST12000NM0007,12000138625024,0,77,49887072,89.0,0.0,100.0,9.0,100.0,0.0,89.0,746530909.0,93,6835,100.0,0.0,100,9,,,,,100.0,0.0,100.0,0.0,,,66.0,34.0,,,100,87,100.0,748.0,34,34,100.0,0.0,100.0,0.0,200.0,0.0,100.0,6661.0,100.0,36720339176.0,100.0,58300357078.0
2019-02-19,ZJV02JT6,ST12000NM0007,12000138625024,0,84,231164912,89.0,0.0,100.0,9.0,100.0,0.0,89.0,748214735.0,93,6851,100.0,0.0,100,9,,,,,100.0,0.0,100.0,0.0,,,66.0,34.0,,,100,87,100.0,748.0,34,34,100.0,0.0,100.0,0.0,200.0,0.0,100.0,6676.0,100.0,36774755664.0,100.0,58427218430.0
2019-02-20,ZJV02JT6,ST12000NM0007,12000138625024,0,81.0,130110802.0,89.0,0.0,100.0,9.0,100.0,0.0,89.0,751651886.0,93.0,6885.0,100.0,0.0,100.0,9.0,,,,,100.0,0.0,100.0,0.0,,,65.0,35.0,,,100.0,88.0,100.0,761.0,35.0,35.0,100.0,0.0,100.0,0.0,200.0,0.0,100.0,6708.0,100.0,36886589008.0,100.0,58702612864.0
2019-02-21,ZJV02JT6,ST12000NM0007,12000138625024,0,78,60107840,89.0,0.0,100.0,9.0,100.0,0.0,89.0,753867520.0,93,6901,100.0,0.0,100,9,,,,,100.0,0.0,100.0,0.0,,,65.0,35.0,,,100,88,100.0,761.0,35,35,100.0,0.0,100.0,0.0,200.0,0.0,100.0,6724.0,100.0,36947461880.0,100.0,58815877736.0
2019-02-22,ZJV02JT6,ST12000NM0007,12000138625024,0,81,133249504,89.0,0.0,100.0,9.0,100.0,0.0,89.0,756815125.0,93,6932,100.0,0.0,100,9,,,,,100.0,0.0,100.0,0.0,,,65.0,35.0,,,100,89,100.0,763.0,35,35,100.0,0.0,100.0,0.0,200.0,0.0,100.0,6755.0,100.0,37032052040.0,100.0,59048570432.0
2019-02-23,ZJV02JT6,ST12000NM0007,12000138625024,0,77.0,48592736.0,89.0,0.0,100.0,9.0,100.0,0.0,89.0,758469816.0,93.0,6948.0,100.0,0.0,100.0,9.0,,,,,100.0,0.0,100.0,0.0,,,65.0,35.0,,,100.0,89.0,100.0,763.0,35.0,35.0,100.0,0.0,100.0,0.0,200.0,0.0,100.0,6771.0,100.0,37076526072.0,100.0,59163580496.0
2019-02-24,ZJV02JT6,ST12000NM0007,12000138625024,0,81,137123072,89.0,0.0,100.0,9.0,100.0,0.0,89.0,762278091.0,93,6980,100.0,0.0,100,9,,,,,100.0,0.0,100.0,0.0,,,65.0,35.0,,,100,91,100.0,765.0,35,35,100.0,0.0,100.0,0.0,200.0,0.0,100.0,6803.0,100.0,37143013992.0,100.0,59429763648.0
2019-02-25,ZJV02JT6,ST12000NM0007,12000138625024,0,79,76679728,89.0,0.0,100.0,9.0,100.0,0.0,89.0,764330824.0,93,6996,100.0,0.0,100,9,,,,,100.0,0.0,100.0,0.0,,,64.0,36.0,,,100,91,100.0,765.0,36,36,100.0,0.0,100.0,0.0,200.0,0.0,100.0,6819.0,100.0,37183419968.0,100.0,59573055144.0
2019-02-26,ZJV02JT6,ST12000NM0007,12000138625024,0,82,142211144,89.0,0.0,100.0,9.0,100.0,0.0,89.0,767215928.0,92,7028,100.0,0.0,100,9,,,,,100.0,0.0,100.0,0.0,,,66.0,34.0,,,100,93,100.0,767.0,34,34,100.0,0.0,100.0,0.0,200.0,0.0,100.0,6850.0,100.0,37260249488.0,100.0,59805897704.0
2019-02-27,ZJV02JT6,ST12000NM0007,12000138625024,0,78.0,65647384.0,89.0,0.0,100.0,9.0,100.0,0.0,89.0,768711401.0,92.0,7044.0,100.0,0.0,100.0,9.0,,,,,100.0,0.0,100.0,0.0,,,66.0,34.0,,,100.0,93.0,100.0,767.0,34.0,34.0,100.0,0.0,100.0,0.0,200.0,0.0,100.0,6866.0,100.0,37299993424.0,100.0,59933730760.0
2019-02-28,ZJV02JT6,ST12000NM0007,12000138625024,0,82,170664832,89.0,0.0,100.0,9.0,100.0,0.0,89.0,773512091.0,92,7075,100.0,0.0,100,9,,,,,100.0,0.0,100.0,0.0,,,67.0,33.0,,,100,95,100.0,769.0,33,33,100.0,0.0,100.0,0.0,200.0,0.0,100.0,6897.0,100.0,37397033320.0,100.0,60185849160.0
2019-03-01,ZJV02JT6,ST12000NM0007,12000138625024,0,68.0,6001400.0,89.0,0.0,100.0,9.0,100.0,0.0,89.0,776713285.0,92.0,7107.0,100.0,0.0,100.0,9.0,,,,,100.0,0.0,100.0,0.0,,,66.0,34.0,,,100.0,95.0,100.0,770.0,34.0,34.0,100.0,0.0,100.0,0.0,200.0,0.0,100.0,6929.0,100.0,37479183608.0,100.0,60427316960.0
2019-03-02,ZJV02JT6,ST12000NM0007,12000138625024,0,82.0,165310224.0,89.0,0.0,100.0,9.0,100.0,0.0,89.0,778250633.0,92.0,7123.0,100.0,0.0,100.0,9.0,,,,,100.0,0.0,100.0,0.0,,,67.0,33.0,,,100.0,96.0,100.0,771.0,33.0,33.0,100.0,0.0,100.0,0.0,200.0,0.0,100.0,6945.0,100.0,37519923880.0,100.0,60545885512.0
2019-03-03,ZJV02JT6,ST12000NM0007,12000138625024,0,72.0,15981592.0,89.0,0.0,100.0,9.0,100.0,0.0,89.0,781395805.0,92.0,7155.0,100.0,0.0,100.0,9.0,,,,,100.0,0.0,100.0,0.0,,,66.0,34.0,,,100.0,97.0,100.0,772.0,34.0,34.0,100.0,0.0,100.0,0.0,200.0,0.0,100.0,6976.0,100.0,37601713000.0,100.0,60803049152.0
2019-03-04,ZJV02JT6,ST12000NM0007,12000138625024,0,83,204401736,89.0,0.0,100.0,9.0,100.0,0.0,89.0,783832833.0,92,7170,100.0,0.0,100,9,,,,,100.0,0.0,100.0,0.0,,,66.0,34.0,,,100,97,100.0,773.0,34,34,100.0,0.0,100.0,0.0,200.0,0.0,100.0,6992.0,100.0,37654284688.0,100.0,60938897608.0
2019-03-05,ZJV02JT6,ST12000NM0007,12000138625024,0,80.0,105450304.0,89.0,0.0,100.0,9.0,100.0,0.0,89.0,788675706.0,92.0,7202.0,100.0,0.0,100.0,9.0,,,,,100.0,0.0,100.0,0.0,,,64.0,36.0,,,100.0,97.0,100.0,774.0,36.0,36.0,100.0,0.0,100.0,0.0,200.0,0.0,100.0,7024.0,100.0,37786648696.0,100.0,61195863936.0
2019-03-06,ZJV02JT6,ST12000NM0007,12000138625024,0,77.0,45402000.0,89.0,0.0,100.0,9.0,100.0,0.0,89.0,790453673.0,92.0,7218.0,100.0,0.0,100.0,9.0,,,,,100.0,0.0,100.0,0.0,,,66.0,34.0,,,100.0,97.0,100.0,775.0,34.0,34.0,100.0,0.0,100.0,0.0,200.0,0.0,100.0,7039.0,100.0,37856690848.0,100.0,61309914320.0
2019-03-07,ZJV02JT6,ST12000NM0007,12000138625024,0,83.0,194161688.0,89.0,0.0,100.0,9.0,100.0,0.0,89.0,794709482.0,92.0,7250.0,100.0,0.0,100.0,9.0,,,,,100.0,0.0,100.0,0.0,,,66.0,34.0,,,100.0,97.0,100.0,776.0,34.0,34.0,100.0,0.0,100.0,0.0,200.0,0.0,100.0,7071.0,100.0,37978641352.0,100.0,61580864136.0
2019-03-08,ZJV02JT6,ST12000NM0007,12000138625024,0,81.0,136202240.0,89.0,0.0,100.0,9.0,100.0,0.0,89.0,796292844.0,92.0,7266.0,100.0,0.0,100.0,9.0,,,,,100.0,0.0,100.0,0.0,,,66.0,34.0,,,100.0,97.0,100.0,777.0,34.0,34.0,100.0,0.0,100.0,0.0,200.0,0.0,100.0,7086.0,100.0,38033820488.0,100.0,61711866744.0
2019-03-09,ZJV02JT6,ST12000NM0007,12000138625024,0,74.0,26185760.0,89.0,0.0,100.0,9.0,100.0,0.0,89.0,800284351.0,92.0,7297.0,100.0,0.0,100.0,9.0,,,,,100.0,0.0,100.0,0.0,,,65.0,35.0,,,100.0,97.0,100.0,778.0,35.0,35.0,100.0,0.0,100.0,0.0,200.0,0.0,100.0,7118.0,100.0,38159499416.0,100.0,61964452928.0
2019-03-10,ZJV02JT6,ST12000NM0007,12000138625024,0,83.0,222941920.0,89.0,0.0,100.0,9.0,100.0,0.0,89.0,802096525.0,92.0,7313.0,100.0,0.0,100.0,9.0,,,,,100.0,0.0,100.0,0.0,,,66.0,34.0,,,100.0,97.0,100.0,779.0,34.0,34.0,100.0,0.0,100.0,0.0,200.0,0.0,100.0,7134.0,100.0,38217146784.0,100.0,62103561720.0
2019-03-11,ZJV02JT6,ST12000NM0007,12000138625024,0,83.0,218527776.0,89.0,0.0,100.0,9.0,100.0,0.0,89.0,807073347.0,92.0,7345.0,100.0,0.0,100.0,9.0,,,,,100.0,0.0,100.0,0.0,,,65.0,35.0,,,100.0,97.0,100.0,780.0,35.0,35.0,100.0,0.0,100.0,0.0,200.0,0.0,100.0,7165.0,100.0,38380563168.0,100.0,62424012888.0
2019-03-12,ZJV02JT6,ST12000NM0007,12000138625024,0,83.0,194974952.0,89.0,0.0,100.0,9.0,100.0,0.0,89.0,808960197.0,92.0,7361.0,100.0,0.0,100.0,9.0,,,,,100.0,0.0,100.0,0.0,,,65.0,35.0,,,100.0,98.0,100.0,781.0,35.0,35.0,100.0,0.0,100.0,0.0,200.0,0.0,100.0,7181.0,100.0,38445986296.0,100.0,62579177640.0
2019-03-13,ZJV02JT6,ST12000NM0007,12000138625024,0,83.0,210239320.0,89.0,0.0,100.0,9.0,100.0,0.0,89.0,813423806.0,92.0,7392.0,100.0,0.0,100.0,9.0,,,,,100.0,0.0,100.0,0.0,,,65.0,35.0,,,100.0,99.0,100.0,783.0,35.0,35.0,100.0,0.0,100.0,0.0,200.0,0.0,100.0,7212.0,100.0,38602243400.0,100.0,62926477368.0
2019-03-14,ZJV02JT6,ST12000NM0007,12000138625024,0,83.0,191754272.0,89.0,0.0,100.0,9.0,100.0,0.0,89.0,815435209.0,92.0,7408.0,100.0,0.0,100.0,9.0,,,,,100.0,0.0,100.0,0.0,,,65.0,35.0,,,100.0,99.0,100.0,783.0,35.0,35.0,100.0,0.0,100.0,0.0,200.0,0.0,100.0,7228.0,100.0,38663622328.0,100.0,63090754088.0
2019-03-15,ZJV02JT6,ST12000NM0007,12000138625024,0,81.0,135350000.0,89.0,0.0,100.0,9.0,100.0,0.0,89.0,819344974.0,92.0,7440.0,100.0,0.0,100.0,9.0,,,,,100.0,0.0,100.0,0.0,,,65.0,35.0,,,100.0,99.0,100.0,785.0,35.0,35.0,100.0,0.0,100.0,0.0,200.0,0.0,100.0,7259.0,100.0,38765999720.0,100.0,63420253936.0
2019-03-16,ZJV02JT6,ST12000NM0007,12000138625024,0,78.0,69718984.0,89.0,0.0,100.0,9.0,100.0,0.0,89.0,822357976.0,92.0,7456.0,100.0,0.0,100.0,9.0,,,,,100.0,0.0,100.0,0.0,,,65.0,35.0,,,100.0,99.0,100.0,785.0,35.0,35.0,100.0,0.0,100.0,0.0,200.0,0.0,100.0,7275.0,100.0,38808838168.0,100.0,63555925144.0
2019-03-17,ZJV02JT6,ST12000NM0007,12000138625024,0,78.0,58408944.0,89.0,0.0,100.0,9.0,100.0,0.0,89.0,827013639.0,92.0,7488.0,100.0,0.0,100.0,9.0,,,,,100.0,0.0,100.0,0.0,,,65.0,35.0,,,100.0,99.0,100.0,787.0,35.0,35.0,100.0,0.0,100.0,0.0,200.0,0.0,100.0,7307.0,100.0,38995546848.0,100.0,63846187848.0
2019-03-18,ZJV02JT6,ST12000NM0007,12000138625024,0,77.0,48535472.0,89.0,0.0,100.0,9.0,100.0,0.0,89.0,830101820.0,92.0,7504.0,100.0,0.0,100.0,9.0,,,,,100.0,0.0,100.0,0.0,,,65.0,35.0,,,100.0,99.0,100.0,787.0,35.0,35.0,100.0,0.0,100.0,0.0,200.0,0.0,100.0,7323.0,100.0,39073203280.0,100.0,64002798680.0
2019-03-19,ZJV02JT6,ST12000NM0007,12000138625024,0,83.0,179623808.0,89.0,0.0,100.0,9.0,100.0,0.0,89.0,833980733.0,92.0,7535.0,100.0,0.0,100.0,9.0,,,,,100.0,0.0,100.0,0.0,,,67.0,33.0,,,100.0,100.0,100.0,789.0,33.0,33.0,100.0,0.0,100.0,0.0,200.0,0.0,100.0,7355.0,100.0,39181399488.0,100.0,64269831904.0
2019-03-20,ZJV02JT6,ST12000NM0007,12000138625024,0,81.0,136725504.0,89.0,0.0,100.0,9.0,100.0,0.0,89.0,835771440.0,92.0,7551.0,100.0,0.0,100.0,9.0,,,,,100.0,0.0,100.0,0.0,,,67.0,33.0,,,100.0,100.0,100.0,789.0,33.0,33.0,100.0,0.0,100.0,0.0,200.0,0.0,100.0,7371.0,100.0,39240145048.0,100.0,64412329760.0
2019-03-21,ZJV02JT6,ST12000NM0007,12000138625024,0,78.0,65858376.0,89.0,0.0,100.0,9.0,100.0,0.0,89.0,838159692.0,92.0,7567.0,100.0,0.0,100.0,9.0,,,,,100.0,0.0,100.0,0.0,,,67.0,33.0,,,100.0,101.0,100.0,790.0,33.0,33.0,100.0,0.0,100.0,0.0,200.0,0.0,100.0,7387.0,100.0,39276079448.0,100.0,64549669040.0
2019-03-22,ZJV02JT6,ST12000NM0007,12000138625024,0,82.0,148853472.0,89.0,0.0,100.0,9.0,100.0,0.0,89.0,841143070.0,92.0,7599.0,100.0,0.0,100.0,9.0,,,,,100.0,0.0,100.0,0.0,,,67.0,33.0,,,100.0,101.0,100.0,791.0,33.0,33.0,100.0,0.0,100.0,0.0,200.0,0.0,100.0,7418.0,100.0,39333631784.0,100.0,64819252536.0
2019-03-23,ZJV02JT6,ST12000NM0007,12000138625024,0,84.0,227006264.0,89.0,0.0,100.0,9.0,100.0,0.0,89.0,844350719.0,92.0,7630.0,100.0,0.0,100.0,9.0,,,,,100.0,0.0,100.0,0.0,,,68.0,32.0,,,100.0,103.0,100.0,793.0,32.0,32.0,100.0,0.0,100.0,0.0,200.0,0.0,100.0,7450.0,100.0,39388497432.0,100.0,65086686376.0
2019-03-24,ZJV02JT6,ST12000NM0007,12000138625024,0,82.0,144760040.0,89.0,0.0,100.0,9.0,100.0,0.0,89.0,845976651.0,92.0,7646.0,100.0,0.0,100.0,9.0,,,,,100.0,0.0,100.0,0.0,,,68.0,32.0,,,100.0,103.0,100.0,793.0,32.0,32.0,100.0,0.0,100.0,0.0,200.0,0.0,100.0,7466.0,100.0,39413335136.0,100.0,65223743304.0
2019-03-25,ZJV02JT6,ST12000NM0007,12000138625024,0,84.0,233462288.0,89.0,0.0,100.0,9.0,100.0,0.0,89.0,849980601.0,92.0,7678.0,100.0,0.0,100.0,9.0,,,,,100.0,0.0,100.0,0.0,,,68.0,32.0,,,100.0,105.0,100.0,795.0,32.0,32.0,100.0,0.0,100.0,0.0,200.0,0.0,100.0,7497.0,100.0,39473969784.0,100.0,65495952024.0
2019-03-26,ZJV02JT6,ST12000NM0007,12000138625024,0,82.0,152905056.0,89.0,0.0,100.0,9.0,100.0,0.0,89.0,851563095.0,92.0,7694.0,100.0,0.0,100.0,9.0,,,,,100.0,0.0,100.0,0.0,,,67.0,33.0,,,100.0,105.0,100.0,795.0,33.0,33.0,100.0,0.0,100.0,0.0,200.0,0.0,100.0,7513.0,100.0,39495139768.0,100.0,65638365560.0
2019-03-27,ZJV02JT6,ST12000NM0007,12000138625024,0,83.0,220239688.0,89.0,0.0,100.0,9.0,100.0,0.0,89.0,856053552.0,92.0,7726.0,100.0,0.0,100.0,9.0,,,,,100.0,0.0,100.0,0.0,,,66.0,34.0,,,100.0,106.0,100.0,797.0,34.0,34.0,100.0,0.0,100.0,0.0,200.0,0.0,100.0,7545.0,100.0,39563773480.0,100.0,65881207424.0
2019-03-28,ZJV02JT6,ST12000NM0007,12000138625024,0,81.0,130518648.0,89.0,0.0,100.0,9.0,100.0,0.0,89.0,858223342.0,92.0,7742.0,100.0,0.0,100.0,9.0,,,,,100.0,0.0,100.0,0.0,,,65.0,35.0,,,100.0,106.0,100.0,797.0,35.0,35.0,100.0,0.0,100.0,0.0,200.0,0.0,100.0,7561.0,100.0,39597053680.0,100.0,66002347248.0
2019-03-29,ZJV02JT6,ST12000NM0007,12000138625024,0,78.0,66695808.0,89.0,0.0,100.0,9.0,100.0,0.0,89.0,860226951.0,92.0,7758.0,100.0,0.0,100.0,9.0,,,,,100.0,0.0,100.0,0.0,,,66.0,34.0,,,100.0,106.0,100.0,799.0,34.0,34.0,100.0,0.0,100.0,0.0,200.0,0.0,100.0,7576.0,100.0,39644673680.0,100.0,66135045264.0
2019-03-30,ZJV02JT6,ST12000NM0007,12000138625024,0,80.0,98890000.0,89.0,0.0,100.0,9.0,100.0,0.0,89.0,863021425.0,92.0,7790.0,100.0,0.0,100.0,9.0,,,,,100.0,0.0,100.0,0.0,,,66.0,34.0,,,100.0,106.0,100.0,800.0,34.0,34.0,100.0,0.0,100.0,0.0,200.0,0.0,100.0,7608.0,100.0,39699890800.0,100.0,66356163160.0
2019-03-31,ZJV02JT6,ST12000NM0007,12000138625024,0,82.0,151391712.0,89.0,0.0,100.0,9.0,100.0,0.0,89.0,865989033.0,92.0,7821.0,100.0,0.0,100.0,9.0,,,,,100.0,0.0,100.0,0.0,,,66.0,34.0,,,100.0,106.0,100.0,802.0,34.0,34.0,100.0,0.0,100.0,0.0,200.0,0.0,100.0,7639.0,100.0,39768800128.0,100.0,66583896256.0
2019-04-01,ZJV02JT6,ST12000NM0007,12000138625024,0,81.0,119016520.0,89.0,0.0,100.0,9.0,100.0,0.0,89.0,868477892.0,92.0,7837.0,100.0,0.0,100.0,9.0,,,,,100.0,0.0,100.0,0.0,,,66.0,34.0,,,100.0,106.0,100.0,802.0,34.0,34.0,100.0,0.0,100.0,0.0,200.0,0.0,100.0,7655.0,100.0,39819007896.0,100.0,66745454064.0
2019-04-02,ZJV02JT6,ST12000NM0007,12000138625024,0,84.0,235644464.0,89.0,0.0,100.0,9.0,100.0,0.0,89.0,872100614.0,92.0,7869.0,100.0,0.0,100.0,9.0,,,,,100.0,0.0,100.0,0.0,,,66.0,34.0,,,100.0,107.0,100.0,803.0,34.0,34.0,100.0,0.0,100.0,0.0,200.0,0.0,100.0,7687.0,100.0,39897836552.0,100.0,67027394016.0
2019-04-03,ZJV02JT6,ST12000NM0007,12000138625024,0,82.0,165630880.0,89.0,0.0,100.0,9.0,100.0,0.0,89.0,873730204.0,91.0,7884.0,100.0,0.0,100.0,9.0,,,,,100.0,0.0,100.0,0.0,,,65.0,35.0,,,100.0,107.0,100.0,804.0,35.0,35.0,100.0,0.0,100.0,0.0,200.0,0.0,100.0,7703.0,100.0,39934714016.0,100.0,67164643712.0
2019-04-04,ZJV02JT6,ST12000NM0007,12000138625024,0,78.0,60804520.0,89.0,0.0,100.0,9.0,100.0,0.0,89.0,878142291.0,91.0,7916.0,100.0,0.0,100.0,9.0,,,,,100.0,0.0,100.0,0.0,,,66.0,34.0,,,100.0,107.0,100.0,805.0,34.0,34.0,100.0,0.0,100.0,0.0,200.0,0.0,100.0,7734.0,100.0,40037428488.0,100.0,67445384400.0
2019-04-05,ZJV02JT6,ST12000NM0007,12000138625024,0,82.0,170371232.0,89.0,0.0,100.0,9.0,100.0,0.0,89.0,881574472.0,91.0,7948.0,100.0,0.0,100.0,9.0,,,,,100.0,0.0,100.0,0.0,,,65.0,35.0,,,100.0,108.0,100.0,807.0,35.0,35.0,100.0,0.0,100.0,0.0,200.0,0.0,100.0,7766.0,100.0,40118891736.0,100.0,67717628624.0
2019-04-06,ZJV02JT6,ST12000NM0007,12000138625024,0,79.0,87230208.0,89.0,0.0,100.0,9.0,100.0,0.0,89.0,883126392.0,91.0,7964.0,100.0,0.0,100.0,9.0,,,,,100.0,0.0,100.0,0.0,,,65.0,35.0,,,100.0,108.0,100.0,807.0,35.0,35.0,100.0,0.0,100.0,0.0,200.0,0.0,100.0,7781.0,100.0,40147944120.0,100.0,67849575888.0
2019-04-07,ZJV02JT6,ST12000NM0007,12000138625024,0,82.0,166308632.0,89.0,0.0,100.0,9.0,100.0,0.0,89.0,886536073.0,91.0,7996.0,100.0,0.0,100.0,9.0,,,,,100.0,0.0,100.0,0.0,,,65.0,35.0,,,100.0,109.0,100.0,809.0,35.0,35.0,100.0,0.0,100.0,0.0,200.0,0.0,100.0,7813.0,100.0,40230195944.0,100.0,68090543120.0
2019-04-08,ZJV02JT6,ST12000NM0007,12000138625024,0,81.0,132827632.0,89.0,0.0,100.0,9.0,100.0,0.0,89.0,889389733.0,91.0,8012.0,100.0,0.0,100.0,9.0,,,,,100.0,0.0,100.0,0.0,,,65.0,35.0,,,100.0,109.0,100.0,809.0,35.0,35.0,100.0,0.0,100.0,0.0,200.0,0.0,100.0,7829.0,100.0,40284829920.0,100.0,68246568776.0
2019-04-09,ZJV02JT6,ST12000NM0007,12000138625024,0,77.0,48876272.0,89.0,0.0,100.0,9.0,100.0,0.0,90.0,894673488.0,91.0,8043.0,100.0,0.0,100.0,9.0,,,,,100.0,0.0,100.0,0.0,,,67.0,33.0,,,100.0,109.0,100.0,811.0,33.0,33.0,100.0,0.0,100.0,0.0,200.0,0.0,100.0,7861.0,100.0,40407064360.0,100.0,68528664256.0
2019-04-10,ZJV02JT6,ST12000NM0007,12000138625024,0,83.0,185343160.0,89.0,0.0,100.0,9.0,100.0,0.0,90.0,896267609.0,91.0,8059.0,100.0,0.0,100.0,9.0,,,,,100.0,0.0,100.0,0.0,,,67.0,33.0,,,100.0,109.0,100.0,811.0,33.0,33.0,100.0,0.0,100.0,0.0,200.0,0.0,100.0,7876.0,100.0,40454908072.0,100.0,68617287432.0
2019-04-11,ZJV02JT6,ST12000NM0007,12000138625024,0,81.0,124887920.0,89.0,0.0,100.0,9.0,100.0,0.0,90.0,898882957.0,91.0,8075.0,100.0,0.0,100.0,9.0,,,,,100.0,0.0,100.0,0.0,,,67.0,33.0,,,100.0,109.0,100.0,812.0,33.0,33.0,100.0,0.0,100.0,0.0,200.0,0.0,100.0,7892.0,100.0,40511954072.0,100.0,68743927144.0
2019-04-12,ZJV02JT6,ST12000NM0007,12000138625024,0,69.0,8110688.0,89.0,0.0,100.0,9.0,100.0,0.0,90.0,902542552.0,91.0,8107.0,100.0,0.0,100.0,9.0,,,,,100.0,0.0,100.0,0.0,,,67.0,33.0,,,100.0,109.0,100.0,813.0,33.0,33.0,100.0,0.0,100.0,0.0,200.0,0.0,100.0,7924.0,100.0,40616513232.0,100.0,69010872392.0
2019-04-13,ZJV02JT6,ST12000NM0007,12000138625024,0,83.0,208306344.0,89.0,0.0,100.0,9.0,100.0,0.0,90.0,904527356.0,91.0,8123.0,100.0,0.0,100.0,9.0,,,,,100.0,0.0,100.0,0.0,,,67.0,33.0,,,100.0,109.0,100.0,814.0,33.0,33.0,100.0,0.0,100.0,0.0,200.0,0.0,100.0,7939.0,100.0,40661517616.0,100.0,69166063664.0
2019-04-14,ZJV02JT6,ST12000NM0007,12000138625024,0,78.0,60860360.0,89.0,0.0,100.0,9.0,100.0,0.0,90.0,908210919.0,91.0,8154.0,100.0,0.0,100.0,9.0,,,,,100.0,0.0,100.0,0.0,,,67.0,33.0,,,100.0,109.0,100.0,815.0,33.0,33.0,100.0,0.0,100.0,0.0,200.0,0.0,100.0,7971.0,100.0,40770588896.0,100.0,69397827984.0
2019-04-15,ZJV02JT6,ST12000NM0007,12000138625024,0,74.0,23003072.0,89.0,0.0,100.0,9.0,100.0,0.0,90.0,910238634.0,91.0,8170.0,100.0,0.0,100.0,9.0,,,,,100.0,0.0,100.0,0.0,,,67.0,33.0,,,100.0,110.0,100.0,816.0,33.0,33.0,100.0,0.0,100.0,0.0,200.0,0.0,100.0,7987.0,100.0,40834165200.0,100.0,69540535024.0
2019-04-16,ZJV02JT6,ST12000NM0007,12000138625024,0,82.0,151635160.0,89.0,0.0,100.0,9.0,100.0,0.0,90.0,914788815.0,91.0,8202.0,100.0,0.0,100.0,9.0,,,,,100.0,0.0,100.0,0.0,,,66.0,34.0,,,100.0,111.0,100.0,817.0,34.0,34.0,100.0,0.0,100.0,0.0,200.0,0.0,100.0,8018.0,100.0,40949928000.0,100.0,69797544960.0
2019-04-17,ZJV02JT6,ST12000NM0007,12000138625024,0,84.0,224513928.0,89.0,0.0,100.0,9.0,100.0,0.0,90.0,918824862.0,91.0,8233.0,100.0,0.0,100.0,9.0,,,,,100.0,0.0,100.0,0.0,,,65.0,35.0,,,100.0,111.0,100.0,819.0,35.0,35.0,100.0,0.0,100.0,0.0,200.0,0.0,100.0,8049.0,100.0,41060657240.0,100.0,70003835136.0
2019-04-18,ZJV02JT6,ST12000NM0007,12000138625024,0,82.0,157562272.0,89.0,0.0,100.0,9.0,100.0,0.0,90.0,921103212.0,91.0,8249.0,100.0,0.0,100.0,9.0,,,,,100.0,0.0,100.0,0.0,,,66.0,34.0,,,100.0,111.0,100.0,819.0,34.0,34.0,100.0,0.0,100.0,0.0,200.0,0.0,100.0,8065.0,100.0,41121144936.0,100.0,70120536416.0
2019-04-19,ZJV02JT6,ST12000NM0007,12000138625024,0,75.0,31717968.0,89.0,0.0,100.0,9.0,100.0,0.0,90.0,925271820.0,91.0,8281.0,100.0,0.0,100.0,9.0,,,,,100.0,0.0,100.0,0.0,,,66.0,34.0,,,100.0,111.0,100.0,821.0,34.0,34.0,100.0,0.0,100.0,0.0,200.0,0.0,100.0,8097.0,100.0,41241640056.0,100.0,70362478672.0
2019-04-20,ZJV02JT6,ST12000NM0007,12000138625024,0,83.0,203023208.0,89.0,0.0,100.0,9.0,100.0,0.0,90.0,927046706.0,91.0,8297.0,100.0,0.0,100.0,9.0,,,,,100.0,0.0,100.0,0.0,,,65.0,35.0,,,100.0,111.0,100.0,821.0,35.0,35.0,100.0,0.0,100.0,0.0,200.0,0.0,100.0,8113.0,100.0,41288956864.0,100.0,70486467104.0
2019-04-21,ZJV02JT6,ST12000NM0007,12000138625024,0,72.0,16975176.0,89.0,0.0,100.0,9.0,100.0,0.0,90.0,930085859.0,91.0,8329.0,100.0,0.0,100.0,9.0,,,,,100.0,0.0,100.0,0.0,,,66.0,34.0,,,100.0,112.0,100.0,823.0,34.0,34.0,100.0,0.0,100.0,0.0,200.0,0.0,100.0,8145.0,100.0,41366561440.0,100.0,70711095872.0
2019-04-22,ZJV02JT6,ST12000NM0007,12000138625024,0,84.0,226047520.0,89.0,0.0,100.0,9.0,100.0,0.0,90.0,933967218.0,91.0,8345.0,100.0,0.0,100.0,9.0,,,,,100.0,0.0,100.0,0.0,,,65.0,35.0,,,100.0,112.0,100.0,824.0,35.0,35.0,100.0,0.0,100.0,0.0,200.0,0.0,100.0,8160.0,100.0,41399226088.0,100.0,70887503568.0
2019-04-23,ZJV02JT6,ST12000NM0007,12000138625024,0,74.0,25623336.0,89.0,0.0,100.0,9.0,100.0,0.0,90.0,937193970.0,91.0,8377.0,100.0,0.0,100.0,9.0,,,,,100.0,0.0,100.0,0.0,,,65.0,35.0,,,100.0,113.0,100.0,825.0,35.0,35.0,100.0,0.0,100.0,0.0,200.0,0.0,100.0,8192.0,100.0,41483711192.0,100.0,71090875744.0
2019-04-24,ZJV02JT6,ST12000NM0007,12000138625024,0,82.0,155338544.0,89.0,0.0,100.0,9.0,100.0,0.0,90.0,938578059.0,91.0,8393.0,100.0,0.0,100.0,9.0,,,,,100.0,0.0,100.0,0.0,,,65.0,35.0,,,100.0,113.0,100.0,825.0,35.0,35.0,100.0,0.0,100.0,0.0,200.0,0.0,100.0,8208.0,100.0,41511959264.0,100.0,71192342880.0
2019-04-25,ZJV02JT6,ST12000NM0007,12000138625024,0,79.0,85958088.0,89.0,0.0,100.0,9.0,100.0,0.0,90.0,940410148.0,91.0,8409.0,100.0,0.0,100.0,9.0,,,,,100.0,0.0,100.0,0.0,,,65.0,35.0,,,100.0,113.0,100.0,827.0,35.0,35.0,100.0,0.0,100.0,0.0,200.0,0.0,100.0,8224.0,100.0,41549903808.0,100.0,71329158936.0
2019-04-26,ZJV02JT6,ST12000NM0007,12000138625024,0,81.0,138397072.0,89.0,0.0,100.0,9.0,100.0,0.0,90.0,943743084.0,91.0,8440.0,100.0,0.0,100.0,9.0,,,,,100.0,0.0,100.0,0.0,,,64.0,36.0,,,100.0,114.0,100.0,828.0,36.0,36.0,100.0,0.0,100.0,0.0,200.0,0.0,100.0,8256.0,100.0,41646688632.0,100.0,71528953768.0
2019-04-27,ZJV02JT6,ST12000NM0007,12000138625024,0,76.0,36594856.0,89.0,0.0,100.0,9.0,100.0,0.0,90.0,945441094.0,91.0,8456.0,100.0,0.0,100.0,9.0,,,,,100.0,0.0,100.0,0.0,,,65.0,35.0,,,100.0,114.0,100.0,829.0,35.0,35.0,100.0,0.0,100.0,0.0,200.0,0.0,100.0,8272.0,100.0,41689474680.0,100.0,71628506432.0
2019-04-28,ZJV02JT6,ST12000NM0007,12000138625024,0,79.0,81978456.0,89.0,0.0,100.0,9.0,100.0,0.0,90.0,948925441.0,91.0,8488.0,100.0,0.0,100.0,9.0,,,,,100.0,0.0,100.0,0.0,,,65.0,35.0,,,100.0,114.0,100.0,830.0,35.0,35.0,100.0,0.0,100.0,0.0,200.0,0.0,100.0,8303.0,100.0,41789198568.0,100.0,71818306784.0
2019-04-29,ZJV02JT6,ST12000NM0007,12000138625024,0,83.0,204197056.0,89.0,0.0,100.0,9.0,100.0,0.0,90.0,950520998.0,91.0,8504.0,100.0,0.0,100.0,9.0,,,,,100.0,0.0,100.0,0.0,,,64.0,36.0,,,100.0,115.0,100.0,831.0,36.0,36.0,100.0,0.0,100.0,0.0,200.0,0.0,100.0,8319.0,100.0,41838609104.0,100.0,71891114848.0
2019-04-30,ZJV02JT6,ST12000NM0007,12000138625024,0,82.0,155901400.0,89.0,0.0,100.0,9.0,100.0,0.0,90.0,955762792.0,91.0,8536.0,100.0,0.0,100.0,9.0,,,,,100.0,0.0,100.0,0.0,,,65.0,35.0,,,100.0,116.0,100.0,832.0,35.0,35.0,100.0,0.0,100.0,0.0,200.0,0.0,100.0,8351.0,100.0,41959662920.0,100.0,72210047080.0
2019-05-01,ZJV02JT6,ST12000NM0007,12000138625024,0,78.0,56621712.0,89.0,0.0,100.0,9.0,100.0,0.0,90.0,960018021.0,91.0,8567.0,100.0,0.0,100.0,9.0,,,,,100.0,0.0,100.0,0.0,,,65.0,35.0,,,100.0,116.0,100.0,834.0,35.0,35.0,100.0,0.0,100.0,0.0,200.0,0.0,100.0,8382.0,100.0,42067667832.0,100.0,72491043888.0
2019-05-02,ZJV02JT6,ST12000NM0007,12000138625024,0,68.0,6867688.0,89.0,0.0,100.0,9.0,100.0,0.0,90.0,962624599.0,91.0,8583.0,100.0,0.0,100.0,9.0,,,,,100.0,0.0,100.0,0.0,,,66.0,34.0,,,100.0,116.0,100.0,834.0,34.0,34.0,100.0,0.0,100.0,0.0,200.0,0.0,100.0,8398.0,100.0,42123251560.0,100.0,72629846848.0
2019-05-03,ZJV02JT6,ST12000NM0007,12000138625024,0,82.0,141968704.0,89.0,0.0,100.0,9.0,100.0,0.0,90.0,966669837.0,91.0,8615.0,100.0,0.0,100.0,9.0,,,,,100.0,0.0,100.0,0.0,,,65.0,35.0,,,100.0,116.0,100.0,836.0,35.0,35.0,100.0,0.0,100.0,0.0,200.0,0.0,100.0,8429.0,100.0,42246088840.0,100.0,72886251240.0
2019-05-04,ZJV02JT6,ST12000NM0007,12000138625024,0,77.0,46756064.0,89.0,0.0,100.0,9.0,100.0,0.0,90.0,968387663.0,91.0,8631.0,100.0,0.0,100.0,9.0,,,,,100.0,0.0,100.0,0.0,,,66.0,34.0,,,100.0,116.0,100.0,836.0,34.0,34.0,100.0,0.0,100.0,0.0,200.0,0.0,100.0,8445.0,100.0,42279188432.0,100.0,73002079808.0
2019-05-05,ZJV02JT6,ST12000NM0007,12000138625024,0,80.0,97521808.0,89.0,0.0,100.0,9.0,100.0,0.0,90.0,972161188.0,91.0,8662.0,100.0,0.0,100.0,9.0,,,,,100.0,0.0,100.0,0.0,,,66.0,34.0,,,100.0,118.0,100.0,838.0,34.0,34.0,100.0,0.0,100.0,0.0,200.0,0.0,100.0,8477.0,100.0,42376121096.0,100.0,73200053592.0
2019-05-06,ZJV02JT6,ST12000NM0007,12000138625024,0,81.0,116322560.0,89.0,0.0,100.0,9.0,100.0,0.0,90.0,976501763.0,91.0,8678.0,100.0,0.0,100.0,9.0,,,,,100.0,0.0,100.0,0.0,,,66.0,34.0,,,100.0,118.0,100.0,838.0,34.0,34.0,100.0,0.0,100.0,0.0,200.0,0.0,100.0,8493.0,100.0,42436913192.0,100.0,73402202880.0
2019-05-07,ZJV02JT6,ST12000NM0007,12000138625024,0,84.0,227863056.0,89.0,0.0,100.0,9.0,100.0,0.0,90.0,980497996.0,91.0,8710.0,100.0,0.0,100.0,9.0,,,,,100.0,0.0,100.0,0.0,,,65.0,35.0,,,100.0,119.0,100.0,840.0,35.0,35.0,100.0,0.0,100.0,0.0,200.0,0.0,100.0,8524.0,100.0,42540910952.0,100.0,73653886336.0
2019-05-08,ZJV02JT6,ST12000NM0007,12000138625024,0,82.0,174007512.0,89.0,0.0,100.0,9.0,100.0,0.0,90.0,982664970.0,91.0,8726.0,100.0,0.0,100.0,9.0,,,,,100.0,0.0,100.0,0.0,,,64.0,36.0,,,100.0,119.0,100.0,840.0,36.0,36.0,100.0,0.0,100.0,0.0,200.0,0.0,100.0,8540.0,100.0,42593346816.0,100.0,73791735592.0
2019-05-09,ZJV02JT6,ST12000NM0007,12000138625024,0,75.0,35058744.0,89.0,0.0,100.0,9.0,100.0,0.0,90.0,987414342.0,91.0,8758.0,100.0,0.0,100.0,9.0,,,,,100.0,0.0,100.0,0.0,,,64.0,36.0,,,100.0,121.0,100.0,842.0,36.0,36.0,100.0,0.0,100.0,0.0,200.0,0.0,100.0,8572.0,100.0,42674705960.0,100.0,74059709184.0
2019-05-10,ZJV02JT6,ST12000NM0007,12000138625024,0,82.0,170597024.0,89.0,0.0,100.0,9.0,100.0,0.0,90.0,988890457.0,90.0,8774.0,100.0,0.0,100.0,9.0,,,,,100.0,0.0,100.0,0.0,,,65.0,35.0,,,100.0,121.0,100.0,842.0,35.0,35.0,100.0,0.0,100.0,0.0,200.0,0.0,100.0,8588.0,100.0,42702817840.0,100.0,74167135584.0
2019-05-11,ZJV02JT6,ST12000NM0007,12000138625024,0,83.0,221223152.0,89.0,0.0,100.0,9.0,100.0,0.0,90.0,992101347.0,90.0,8805.0,100.0,0.0,100.0,9.0,,,,,100.0,0.0,100.0,0.0,,,64.0,36.0,,,100.0,122.0,100.0,844.0,36.0,36.0,100.0,0.0,100.0,0.0,200.0,0.0,100.0,8619.0,100.0,42758490304.0,100.0,74406229992.0
2019-05-12,ZJV02JT6,ST12000NM0007,12000138625024,0,82.0,154390136.0,89.0,0.0,100.0,9.0,100.0,0.0,90.0,993898518.0,90.0,8821.0,100.0,0.0,100.0,9.0,,,,,100.0,0.0,100.0,0.0,,,65.0,35.0,,,100.0,122.0,100.0,844.0,35.0,35.0,100.0,0.0,100.0,0.0,200.0,0.0,100.0,8635.0,100.0,42788530144.0,100.0,74553498240.0
2019-05-13,ZJV02JT6,ST12000NM0007,12000138625024,0,67.0,5103168.0,89.0,0.0,100.0,9.0,100.0,0.0,90.0,998624404.0,90.0,8853.0,100.0,0.0,100.0,9.0,,,,,100.0,0.0,100.0,0.0,,,64.0,36.0,,,100.0,122.0,100.0,846.0,36.0,36.0,100.0,0.0,100.0,0.0,200.0,0.0,100.0,8666.0,100.0,42864328272.0,100.0,74816695344.0
2019-05-14,ZJV02JT6,ST12000NM0007,12000138625024,0,83.0,193596872.0,89.0,0.0,100.0,9.0,100.0,0.0,90.0,357937.0,90.0,8869.0,100.0,0.0,100.0,9.0,,,,,100.0,0.0,100.0,0.0,,,65.0,35.0,,,100.0,122.0,100.0,846.0,35.0,35.0,100.0,0.0,100.0,0.0,200.0,0.0,100.0,8682.0,100.0,42901733416.0,100.0,74967783904.0
2019-05-15,ZJV02JT6,ST12000NM0007,12000138625024,0,77.0,46926528.0,89.0,0.0,100.0,9.0,100.0,0.0,66.0,3959629.0,90.0,8900.0,100.0,0.0,100.0,9.0,,,,,100.0,0.0,100.0,0.0,,,64.0,36.0,,,100.0,122.0,100.0,848.0,36.0,36.0,100.0,0.0,100.0,0.0,200.0,0.0,100.0,8713.0,100.0,42969576440.0,100.0,75241552056.0
2019-05-16,ZJV02JT6,ST12000NM0007,12000138625024,0,83.0,185413760.0,89.0,0.0,100.0,9.0,100.0,0.0,68.0,6474317.0,90.0,8916.0,100.0,0.0,100.0,9.0,,,,,100.0,0.0,100.0,0.0,,,65.0,35.0,,,100.0,122.0,100.0,848.0,35.0,35.0,100.0,0.0,100.0,0.0,200.0,0.0,100.0,8729.0,100.0,43006967312.0,100.0,75342648416.0
2019-05-17,ZJV02JT6,ST12000NM0007,12000138625024,0,84.0,243284696.0,89.0,0.0,100.0,9.0,100.0,0.0,70.0,9938367.0,90.0,8948.0,100.0,0.0,100.0,9.0,,,,,100.0,0.0,100.0,0.0,,,66.0,34.0,,,100.0,123.0,100.0,850.0,34.0,34.0,100.0,0.0,100.0,0.0,200.0,0.0,100.0,8760.0,100.0,43087980648.0,100.0,75563647064.0
2019-05-18,ZJV02JT6,ST12000NM0007,12000138625024,0,80.0,93742248.0,89.0,0.0,100.0,9.0,100.0,0.0,71.0,11308277.0,90.0,8964.0,100.0,0.0,100.0,9.0,,,,,100.0,0.0,100.0,0.0,,,66.0,34.0,,,100.0,123.0,100.0,850.0,34.0,34.0,100.0,0.0,100.0,0.0,200.0,0.0,100.0,8776.0,100.0,43125548192.0,100.0,75620677936.0
2019-05-19,ZJV02JT6,ST12000NM0007,12000138625024,0,71.0,11385256.0,89.0,0.0,100.0,9.0,100.0,0.0,71.0,13638763.0,90.0,8995.0,100.0,0.0,100.0,9.0,,,,,100.0,0.0,100.0,0.0,,,65.0,35.0,,,100.0,124.0,100.0,852.0,35.0,35.0,100.0,0.0,100.0,0.0,200.0,0.0,100.0,8807.0,100.0,43170122072.0,100.0,75737887936.0
2019-05-20,ZJV02JT6,ST12000NM0007,12000138625024,0,81.0,132631992.0,89.0,0.0,100.0,9.0,100.0,0.0,72.0,15372822.0,90.0,9011.0,100.0,0.0,100.0,9.0,,,,,100.0,0.0,100.0,0.0,,,65.0,35.0,,,100.0,124.0,100.0,852.0,35.0,35.0,100.0,0.0,100.0,0.0,200.0,0.0,100.0,8823.0,100.0,43196782056.0,100.0,75832474688.0
2019-05-21,ZJV02JT6,ST12000NM0007,12000138625024,0,84.0,239199432.0,89.0,0.0,100.0,9.0,100.0,0.0,73.0,20908321.0,90.0,9043.0,100.0,0.0,100.0,9.0,,,,,100.0,0.0,100.0,0.0,,,65.0,35.0,,,100.0,125.0,100.0,854.0,35.0,35.0,100.0,0.0,100.0,0.0,200.0,0.0,100.0,8854.0,100.0,43260473984.0,100.0,76119491064.0
2019-05-22,ZJV02JT6,ST12000NM0007,12000138625024,0,80.0,99795632.0,89.0,0.0,100.0,9.0,100.0,0.0,74.0,25584630.0,90.0,9074.0,100.0,0.0,100.0,9.0,,,,,100.0,0.0,100.0,0.0,,,65.0,35.0,,,100.0,125.0,100.0,855.0,35.0,35.0,100.0,0.0,100.0,0.0,200.0,0.0,100.0,8886.0,100.0,43356514560.0,100.0,76372328216.0
2019-05-23,ZJV02JT6,ST12000NM0007,12000138625024,0,76.0,37069024.0,89.0,0.0,100.0,9.0,100.0,0.0,74.0,27524118.0,90.0,9090.0,100.0,0.0,100.0,9.0,,,,,100.0,0.0,100.0,0.0,,,65.0,35.0,,,100.0,125.0,100.0,856.0,35.0,35.0,100.0,0.0,100.0,0.0,200.0,0.0,100.0,8901.0,100.0,43415874256.0,100.0,76494382600.0
2019-05-24,ZJV02JT6,ST12000NM0007,12000138625024,0,82.0,153440752.0,89.0,0.0,100.0,9.0,100.0,0.0,75.0,31269208.0,90.0,9122.0,100.0,0.0,100.0,9.0,,,,,100.0,0.0,100.0,0.0,,,65.0,35.0,,,100.0,126.0,100.0,857.0,35.0,35.0,100.0,0.0,100.0,0.0,200.0,0.0,100.0,8933.0,100.0,43522310040.0,100.0,76748459288.0
2019-05-25,ZJV02JT6,ST12000NM0007,12000138625024,0,78.0,62856400.0,89.0,0.0,100.0,9.0,100.0,0.0,75.0,33009905.0,90.0,9138.0,100.0,0.0,100.0,9.0,,,,,100.0,0.0,100.0,0.0,,,65.0,35.0,,,100.0,126.0,100.0,857.0,35.0,35.0,100.0,0.0,100.0,0.0,200.0,0.0,100.0,8949.0,100.0,43576864528.0,100.0,76847461256.0
2019-05-26,ZJV02JT6,ST12000NM0007,12000138625024,0,83.0,197481128.0,89.0,0.0,100.0,9.0,100.0,0.0,76.0,36638085.0,90.0,9170.0,100.0,0.0,100.0,9.0,,,,,100.0,0.0,100.0,0.0,,,65.0,35.0,,,100.0,127.0,100.0,859.0,35.0,35.0,100.0,0.0,100.0,0.0,200.0,0.0,100.0,8981.0,100.0,43714181344.0,100.0,77088909800.0
2019-05-27,ZJV02JT6,ST12000NM0007,12000138625024,0,82.0,154014352.0,89.0,0.0,100.0,9.0,100.0,0.0,76.0,39632064.0,90.0,9186.0,100.0,0.0,100.0,9.0,,,,,100.0,0.0,100.0,0.0,,,65.0,35.0,,,100.0,127.0,100.0,859.0,35.0,35.0,100.0,0.0,100.0,0.0,200.0,0.0,100.0,8997.0,100.0,43765649056.0,100.0,77238116096.0
2019-05-28,ZJV02JT6,ST12000NM0007,12000138625024,0,83.0,194295296.0,89.0,0.0,100.0,9.0,100.0,0.0,76.0,42966437.0,90.0,9218.0,100.0,0.0,100.0,9.0,,,,,100.0,0.0,100.0,0.0,,,66.0,34.0,,,100.0,127.0,100.0,861.0,34.0,34.0,100.0,0.0,100.0,0.0,200.0,0.0,100.0,9028.0,100.0,43852614360.0,100.0,77435572368.0
2019-05-29,ZJV02JT6,ST12000NM0007,12000138625024,0,80.0,104110328.0,89.0,0.0,100.0,9.0,100.0,0.0,77.0,44744006.0,90.0,9233.0,100.0,0.0,100.0,9.0,,,,,100.0,0.0,100.0,0.0,,,65.0,35.0,,,100.0,127.0,100.0,861.0,35.0,35.0,100.0,0.0,100.0,0.0,200.0,0.0,100.0,9044.0,100.0,43932310160.0,100.0,77509832288.0
2019-05-30,ZJV02JT6,ST12000NM0007,12000138625024,0,69.0,8814048.0,89.0,0.0,100.0,9.0,100.0,0.0,77.0,47568519.0,90.0,9249.0,100.0,0.0,100.0,9.0,,,,,100.0,0.0,100.0,0.0,,,66.0,34.0,,,100.0,127.0,100.0,862.0,34.0,34.0,100.0,0.0,100.0,0.0,200.0,0.0,100.0,9060.0,100.0,43983043184.0,100.0,77607943632.0
2019-05-31,ZJV02JT6,ST12000NM0007,12000138625024,0,84.0,235580568.0,89.0,0.0,100.0,9.0,100.0,0.0,77.0,50323361.0,90.0,9281.0,100.0,0.0,100.0,9.0,,,,,100.0,0.0,100.0,0.0,,,66.0,34.0,,,100.0,127.0,100.0,865.0,34.0,34.0,100.0,0.0,100.0,0.0,200.0,0.0,100.0,9091.0,100.0,44045657920.0,100.0,77772095416.0
2019-06-01,ZJV02JT6,ST12000NM0007,12000138625024,0,75.0,28540328.0,89.0,0.0,100.0,9.0,100.0,0.0,77.0,53584383.0,90.0,9312.0,100.0,0.0,100.0,9.0,,,,,100.0,0.0,100.0,0.0,,,65.0,35.0,,,100.0,127.0,100.0,866.0,35.0,35.0,100.0,0.0,100.0,0.0,200.0,0.0,100.0,9122.0,100.0,44117117920.0,100.0,77981876880.0
2019-06-02,ZJV02JT6,ST12000NM0007,12000138625024,0,84.0,228677128.0,89.0,0.0,100.0,9.0,100.0,0.0,77.0,55802848.0,90.0,9328.0,100.0,0.0,100.0,9.0,,,,,100.0,0.0,100.0,0.0,,,64.0,36.0,,,100.0,127.0,100.0,867.0,36.0,36.0,100.0,0.0,100.0,0.0,200.0,0.0,100.0,9138.0,100.0,44167283248.0,100.0,78131848416.0
2019-06-03,ZJV02JT6,ST12000NM0007,12000138625024,0,83.0,178148808.0,89.0,0.0,100.0,9.0,100.0,0.0,78.0,62487347.0,90.0,9360.0,100.0,0.0,100.0,9.0,,,,,100.0,0.0,100.0,0.0,,,66.0,34.0,,,100.0,128.0,100.0,868.0,34.0,34.0,100.0,0.0,100.0,0.0,200.0,0.0,100.0,9170.0,100.0,44327002536.0,100.0,78409882632.0
2019-06-04,ZJV02JT6,ST12000NM0007,12000138625024,0,81.0,125202632.0,89.0,0.0,100.0,9.0,100.0,0.0,78.0,64449913.0,90.0,9376.0,100.0,0.0,100.0,9.0,,,,,100.0,0.0,100.0,0.0,,,65.0,35.0,,,100.0,128.0,100.0,869.0,35.0,35.0,100.0,0.0,100.0,0.0,200.0,0.0,100.0,9185.0,100.0,44400019008.0,100.0,78528060688.0
2019-06-05,ZJV02JT6,ST12000NM0007,12000138625024,0,81.0,121963008.0,89.0,0.0,100.0,9.0,100.0,0.0,78.0,67011458.0,90.0,9392.0,100.0,0.0,100.0,9.0,,,,,100.0,0.0,100.0,0.0,,,65.0,35.0,,,100.0,128.0,100.0,870.0,35.0,35.0,100.0,0.0,100.0,0.0,200.0,0.0,100.0,9201.0,100.0,44514879888.0,100.0,78654100840.0
2019-06-06,ZJV02JT6,ST12000NM0007,12000138625024,0,84.0,240338864.0,89.0,0.0,100.0,9.0,100.0,0.0,79.0,71236536.0,90.0,9424.0,100.0,0.0,100.0,9.0,,,,,100.0,0.0,100.0,0.0,,,65.0,35.0,,,100.0,128.0,100.0,871.0,35.0,35.0,100.0,0.0,100.0,0.0,200.0,0.0,100.0,9233.0,100.0,44644454992.0,100.0,78887042448.0
2019-06-07,ZJV02JT6,ST12000NM0007,12000138625024,0,83.0,223806280.0,89.0,0.0,100.0,9.0,100.0,0.0,79.0,73885923.0,90.0,9439.0,100.0,0.0,100.0,9.0,,,,,100.0,0.0,100.0,0.0,,,65.0,35.0,,,100.0,129.0,100.0,872.0,35.0,35.0,100.0,0.0,100.0,0.0,200.0,0.0,100.0,9249.0,100.0,44749493680.0,100.0,79009612208.0
2019-06-08,ZJV02JT6,ST12000NM0007,12000138625024,0,76.0,39591096.0,89.0,0.0,100.0,9.0,100.0,0.0,79.0,77616077.0,90.0,9471.0,100.0,0.0,100.0,9.0,,,,,100.0,0.0,100.0,0.0,,,65.0,35.0,,,100.0,130.0,100.0,873.0,35.0,35.0,100.0,0.0,100.0,0.0,200.0,0.0,100.0,9280.0,100.0,44877253288.0,100.0,79185918888.0
2019-06-09,ZJV02JT6,ST12000NM0007,12000138625024,0,83.0,183034680.0,89.0,0.0,100.0,9.0,100.0,0.0,79.0,79409347.0,90.0,9487.0,100.0,0.0,100.0,9.0,,,,,100.0,0.0,100.0,0.0,,,66.0,34.0,,,100.0,131.0,100.0,874.0,34.0,34.0,100.0,0.0,100.0,0.0,200.0,0.0,100.0,9296.0,100.0,44924321456.0,100.0,79282294304.0
2019-06-10,ZJV02JT6,ST12000NM0007,12000138625024,0,83.0,200527864.0,89.0,0.0,100.0,9.0,100.0,0.0,79.0,83409067.0,90.0,9518.0,100.0,0.0,100.0,9.0,,,,,100.0,0.0,100.0,0.0,,,65.0,35.0,,,100.0,132.0,100.0,875.0,35.0,35.0,100.0,0.0,100.0,0.0,200.0,0.0,100.0,9328.0,100.0,44981114664.0,100.0,79487135104.0
2019-06-11,ZJV02JT6,ST12000NM0007,12000138625024,0,83.0,179782672.0,89.0,0.0,100.0,9.0,100.0,0.0,79.0,86433578.0,90.0,9550.0,100.0,0.0,100.0,9.0,,,,,100.0,0.0,100.0,0.0,,,65.0,35.0,,,100.0,133.0,100.0,877.0,35.0,35.0,100.0,0.0,100.0,0.0,200.0,0.0,100.0,9359.0,100.0,45025207520.0,100.0,79666437816.0
2019-06-12,ZJV02JT6,ST12000NM0007,12000138625024,0,80.0,109710904.0,89.0,0.0,100.0,9.0,100.0,0.0,79.0,88397603.0,90.0,9566.0,100.0,0.0,100.0,9.0,,,,,100.0,0.0,100.0,0.0,,,65.0,35.0,,,100.0,133.0,100.0,877.0,35.0,35.0,100.0,0.0,100.0,0.0,200.0,0.0,100.0,9375.0,100.0,45065062240.0,100.0,79800652208.0
2019-06-13,ZJV02JT6,ST12000NM0007,12000138625024,0,82.0,168511312.0,89.0,0.0,100.0,9.0,100.0,0.0,80.0,92633816.0,90.0,9598.0,100.0,0.0,100.0,9.0,,,,,100.0,0.0,100.0,0.0,,,64.0,36.0,,,100.0,134.0,100.0,879.0,36.0,36.0,100.0,0.0,100.0,0.0,200.0,0.0,100.0,9406.0,100.0,45106598784.0,100.0,80062056944.0
2019-06-14,ZJV02JT6,ST12000NM0007,12000138625024,0,79.0,75255576.0,89.0,0.0,100.0,9.0,100.0,0.0,80.0,94246350.0,90.0,9614.0,100.0,0.0,100.0,9.0,,,,,100.0,0.0,100.0,0.0,,,66.0,34.0,,,100.0,134.0,100.0,879.0,34.0,34.0,100.0,0.0,100.0,0.0,200.0,0.0,100.0,9422.0,100.0,45135805200.0,100.0,80183735464.0
2019-06-15,ZJV02JT6,ST12000NM0007,12000138625024,0,80.0,101164600.0,89.0,0.0,100.0,9.0,100.0,0.0,80.0,97222984.0,89.0,9645.0,100.0,0.0,100.0,9.0,,,,,100.0,0.0,100.0,0.0,,,64.0,36.0,,,100.0,135.0,100.0,881.0,36.0,36.0,100.0,0.0,100.0,0.0,200.0,0.0,100.0,9454.0,100.0,45191164568.0,100.0,80398425792.0
2019-06-16,ZJV02JT6,ST12000NM0007,12000138625024,0,83.0,223554976.0,89.0,0.0,100.0,9.0,100.0,0.0,80.0,98865871.0,89.0,9661.0,100.0,0.0,100.0,9.0,,,,,100.0,0.0,100.0,0.0,,,65.0,35.0,,,100.0,135.0,100.0,881.0,35.0,35.0,100.0,0.0,100.0,0.0,200.0,0.0,100.0,9470.0,100.0,45214959256.0,100.0,80497021480.0
2019-06-17,ZJV02JT6,ST12000NM0007,12000138625024,0,78.0,58683584.0,89.0,0.0,100.0,9.0,100.0,0.0,80.0,104903511.0,89.0,9693.0,100.0,0.0,100.0,9.0,,,,,100.0,0.0,100.0,0.0,,,64.0,36.0,,,100.0,137.0,100.0,883.0,36.0,36.0,100.0,0.0,100.0,0.0,200.0,0.0,100.0,9502.0,100.0,45265028072.0,100.0,80770362584.0
2019-06-18,ZJV02JT6,ST12000NM0007,12000138625024,0,83.0,195362216.0,89.0,0.0,100.0,9.0,100.0,0.0,80.0,106453138.0,89.0,9709.0,100.0,0.0,100.0,9.0,,,,,100.0,0.0,100.0,0.0,,,64.0,36.0,,,100.0,137.0,100.0,883.0,36.0,36.0,100.0,0.0,100.0,0.0,200.0,0.0,100.0,9518.0,100.0,45290415080.0,100.0,80881654208.0
2019-06-19,ZJV02JT6,ST12000NM0007,12000138625024,0,84.0,230124480.0,89.0,0.0,100.0,9.0,100.0,0.0,80.0,109579849.0,89.0,9741.0,100.0,0.0,100.0,9.0,,,,,100.0,0.0,100.0,0.0,,,63.0,37.0,,,100.0,137.0,100.0,885.0,37.0,37.0,100.0,0.0,100.0,0.0,200.0,0.0,100.0,9549.0,100.0,45357135200.0,100.0,81093837000.0
2019-06-20,ZJV02JT6,ST12000NM0007,12000138625024,0,81.0,140795096.0,89.0,0.0,100.0,9.0,100.0,0.0,80.0,111979496.0,89.0,9757.0,100.0,0.0,100.0,9.0,,,,,100.0,0.0,100.0,0.0,,,64.0,36.0,,,100.0,137.0,100.0,885.0,36.0,36.0,100.0,0.0,100.0,0.0,200.0,0.0,100.0,9565.0,100.0,45374011880.0,100.0,81231771656.0
2019-06-21,ZJV02JT6,ST12000NM0007,12000138625024,0,81.0,115738992.0,89.0,0.0,100.0,9.0,100.0,0.0,81.0,114770393.0,89.0,9788.0,100.0,0.0,100.0,9.0,,,,,100.0,0.0,100.0,0.0,,,63.0,37.0,,,100.0,138.0,100.0,886.0,37.0,37.0,100.0,0.0,100.0,0.0,200.0,0.0,100.0,9597.0,100.0,45428396016.0,100.0,81396472168.0
2019-06-22,ZJV02JT6,ST12000NM0007,12000138625024,0,76.0,42242032.0,89.0,0.0,100.0,9.0,100.0,0.0,81.0,116582915.0,89.0,9804.0,100.0,0.0,100.0,9.0,,,,,100.0,0.0,100.0,0.0,,,64.0,36.0,,,100.0,139.0,100.0,887.0,36.0,36.0,100.0,0.0,100.0,0.0,200.0,0.0,100.0,9612.0,100.0,45477852160.0,100.0,81517659752.0
2019-06-23,ZJV02JT6,ST12000NM0007,12000138625024,0,81.0,130786824.0,89.0,0.0,100.0,9.0,100.0,0.0,81.0,120127185.0,89.0,9836.0,100.0,0.0,100.0,9.0,,,,,100.0,0.0,100.0,0.0,,,63.0,37.0,,,100.0,139.0,100.0,888.0,37.0,37.0,100.0,0.0,100.0,0.0,200.0,0.0,100.0,9644.0,100.0,45570331904.0,100.0,81757865520.0
2019-06-24,ZJV02JT6,ST12000NM0007,12000138625024,0,77.0,55449056.0,89.0,0.0,100.0,9.0,100.0,0.0,81.0,122252168.0,89.0,9851.0,100.0,0.0,100.0,9.0,,,,,100.0,0.0,100.0,0.0,,,63.0,37.0,,,100.0,139.0,100.0,889.0,37.0,37.0,100.0,0.0,100.0,0.0,200.0,0.0,100.0,9659.0,100.0,45618929256.0,100.0,81878071736.0
2019-06-25,ZJV02JT6,ST12000NM0007,12000138625024,0,81.0,135446352.0,89.0,0.0,100.0,9.0,100.0,0.0,81.0,126607042.0,89.0,9883.0,100.0,0.0,100.0,9.0,,,,,100.0,0.0,100.0,0.0,,,62.0,38.0,,,100.0,139.0,100.0,890.0,38.0,38.0,100.0,0.0,100.0,0.0,200.0,0.0,100.0,9691.0,100.0,45721373760.0,100.0,82099765176.0
2019-06-26,ZJV02JT6,ST12000NM0007,12000138625024,0,79.0,84188624.0,89.0,0.0,100.0,9.0,100.0,0.0,81.0,128624106.0,89.0,9899.0,100.0,0.0,100.0,9.0,,,,,100.0,0.0,100.0,0.0,,,63.0,37.0,,,100.0,139.0,100.0,891.0,37.0,37.0,100.0,0.0,100.0,0.0,200.0,0.0,100.0,9706.0,100.0,45780754216.0,100.0,82233267792.0
2019-06-27,ZJV02JT6,ST12000NM0007,12000138625024,0,83.0,221142344.0,89.0,0.0,100.0,9.0,100.0,0.0,81.0,132306302.0,89.0,9931.0,100.0,0.0,100.0,9.0,,,,,100.0,0.0,100.0,0.0,,,62.0,38.0,,,100.0,139.0,100.0,892.0,38.0,38.0,100.0,0.0,100.0,0.0,200.0,0.0,100.0,9738.0,100.0,45864623768.0,100.0,82530492640.0
2019-06-28,ZJV02JT6,ST12000NM0007,12000138625024,0,82.0,162152400.0,89.0,0.0,100.0,9.0,100.0,0.0,81.0,134208495.0,89.0,9946.0,100.0,0.0,100.0,9.0,,,,,100.0,0.0,100.0,0.0,,,63.0,37.0,,,100.0,139.0,100.0,893.0,37.0,37.0,100.0,0.0,100.0,0.0,200.0,0.0,100.0,9754.0,100.0,45898515024.0,100.0,82681752080.0
2019-06-29,ZJV02JT6,ST12000NM0007,12000138625024,0,79.0,73674632.0,89.0,0.0,100.0,9.0,100.0,0.0,81.0,138055383.0,89.0,9978.0,100.0,0.0,100.0,9.0,,,,,100.0,0.0,100.0,0.0,,,63.0,37.0,,,100.0,140.0,100.0,894.0,37.0,37.0,100.0,0.0,100.0,0.0,200.0,0.0,100.0,9785.0,100.0,45973894480.0,100.0,83006176528.0
2019-06-30,ZJV02JT6,ST12000NM0007,12000138625024,0,78.0,62640424.0,89.0,0.0,100.0,9.0,100.0,0.0,81.0,139918502.0,89.0,9994.0,100.0,0.0,100.0,9.0,,,,,100.0,0.0,100.0,0.0,,,63.0,37.0,,,100.0,140.0,100.0,895.0,37.0,37.0,100.0,0.0,100.0,0.0,200.0,0.0,100.0,9801.0,100.0,46020287064.0,100.0,83192890472.0
2019-07-01,ZJV02JT6,ST12000NM0007,12000138625024,0,82.0,171756024.0,89.0,0.0,100.0,9.0,100.0,0.0,82.0,144190029.0,89.0,10025.0,100.0,0.0,100.0,9.0,,,,,100.0,0.0,100.0,0.0,,,63.0,37.0,,,100.0,140.0,100.0,896.0,37.0,37.0,100.0,0.0,100.0,0.0,200.0,0.0,100.0,9832.0,100.0,46066090784.0,100.0,83500343104.0
2019-07-02,ZJV02JT6,ST12000NM0007,12000138625024,0,80.0,97965680.0,89.0,0.0,100.0,9.0,100.0,0.0,82.0,145904792.0,89.0,10041.0,100.0,0.0,100.0,9.0,,,,,100.0,0.0,100.0,0.0,,,63.0,37.0,,,100.0,140.0,100.0,897.0,37.0,37.0,100.0,0.0,100.0,0.0,200.0,0.0,100.0,9848.0,100.0,46093452056.0,100.0,83643332304.0
2019-07-03,ZJV02JT6,ST12000NM0007,12000138625024,0,84.0,243090584.0,89.0,0.0,100.0,9.0,100.0,0.0,82.0,150919342.0,89.0,10073.0,100.0,0.0,100.0,9.0,,,,,100.0,0.0,100.0,0.0,,,62.0,38.0,,,100.0,140.0,100.0,898.0,38.0,38.0,100.0,0.0,100.0,0.0,200.0,0.0,100.0,9880.0,100.0,46155320632.0,100.0,83970729328.0
2019-07-04,ZJV02JT6,ST12000NM0007,12000138625024,0,82.0,163070560.0,89.0,0.0,100.0,9.0,100.0,0.0,82.0,156161515.0,89.0,10104.0,100.0,0.0,100.0,9.0,,,,,100.0,0.0,100.0,0.0,,,63.0,37.0,,,100.0,140.0,100.0,900.0,37.0,37.0,100.0,0.0,100.0,0.0,200.0,0.0,100.0,9911.0,100.0,46240133832.0,100.0,84294177544.0
2019-07-05,ZJV02JT6,ST12000NM0007,12000138625024,0,79.0,86253920.0,89.0,0.0,100.0,9.0,100.0,0.0,82.0,157869462.0,89.0,10120.0,100.0,0.0,100.0,9.0,,,,,100.0,0.0,100.0,0.0,,,63.0,37.0,,,100.0,140.0,100.0,900.0,37.0,37.0,100.0,0.0,100.0,0.0,200.0,0.0,100.0,9927.0,100.0,46265447168.0,100.0,84436188912.0
2019-07-06,ZJV02JT6,ST12000NM0007,12000138625024,0,83.0,220026968.0,89.0,0.0,100.0,9.0,100.0,0.0,82.0,161440062.0,89.0,10152.0,100.0,0.0,100.0,9.0,,,,,100.0,0.0,100.0,0.0,,,63.0,37.0,,,100.0,142.0,100.0,902.0,37.0,37.0,100.0,0.0,100.0,0.0,200.0,0.0,100.0,9958.0,100.0,46315970536.0,100.0,84763579640.0
2019-07-07,ZJV02JT6,ST12000NM0007,12000138625024,0,82.0,175616080.0,89.0,0.0,100.0,9.0,100.0,0.0,82.0,163223735.0,89.0,10168.0,100.0,0.0,100.0,9.0,,,,,100.0,0.0,100.0,0.0,,,63.0,37.0,,,100.0,142.0,100.0,902.0,37.0,37.0,100.0,0.0,100.0,0.0,200.0,0.0,100.0,9974.0,100.0,46347930696.0,100.0,84931349248.0
2019-07-08,ZJV02JT6,ST12000NM0007,12000138625024,0,81.0,131907216.0,89.0,0.0,100.0,9.0,100.0,0.0,82.0,168279666.0,89.0,10199.0,100.0,0.0,100.0,9.0,,,,,100.0,0.0,100.0,0.0,,,63.0,37.0,,,100.0,143.0,100.0,904.0,37.0,37.0,100.0,0.0,100.0,0.0,200.0,0.0,100.0,10006.0,100.0,46438552192.0,100.0,85285300752.0
2019-07-09,ZJV02JT6,ST12000NM0007,12000138625024,0,83.0,211321080.0,89.0,0.0,100.0,9.0,100.0,0.0,82.0,170425479.0,89.0,10215.0,100.0,0.0,100.0,9.0,,,,,100.0,0.0,100.0,0.0,,,63.0,37.0,,,100.0,143.0,100.0,904.0,37.0,37.0,100.0,0.0,100.0,0.0,200.0,0.0,100.0,10021.0,100.0,46469329080.0,100.0,85578078384.0
2019-07-10,ZJV02JT6,ST12000NM0007,12000138625024,0,83.0,189763768.0,89.0,0.0,100.0,9.0,100.0,0.0,82.0,174490456.0,89.0,10247.0,100.0,0.0,100.0,9.0,,,,,100.0,0.0,100.0,0.0,,,62.0,38.0,,,100.0,145.0,100.0,906.0,38.0,38.0,100.0,0.0,100.0,0.0,200.0,0.0,100.0,10053.0,100.0,46543850336.0,100.0,85970281504.0
2019-07-11,ZJV02JT6,ST12000NM0007,12000138625024,0,73.0,19506720.0,89.0,0.0,100.0,9.0,100.0,0.0,82.0,177277293.0,89.0,10262.0,100.0,0.0,100.0,9.0,,,,,100.0,0.0,100.0,0.0,,,62.0,38.0,,,100.0,145.0,100.0,906.0,38.0,38.0,100.0,0.0,100.0,0.0,200.0,0.0,100.0,10069.0,100.0,46611833024.0,100.0,86220323488.0
2019-07-12,ZJV02JT6,ST12000NM0007,12000138625024,0,82.0,166306616.0,89.0,0.0,100.0,9.0,100.0,0.0,83.0,182554441.0,89.0,10294.0,100.0,0.0,100.0,9.0,,,,,100.0,0.0,100.0,0.0,,,62.0,38.0,,,100.0,145.0,100.0,907.0,38.0,38.0,100.0,0.0,100.0,0.0,200.0,0.0,100.0,10100.0,100.0,46756843680.0,100.0,86710394576.0
2019-07-13,ZJV02JT6,ST12000NM0007,12000138625024,0,83.0,179303264.0,89.0,0.0,100.0,9.0,100.0,0.0,83.0,184754194.0,89.0,10310.0,100.0,0.0,100.0,9.0,,,,,100.0,0.0,100.0,0.0,,,61.0,39.0,,,100.0,145.0,100.0,908.0,39.0,39.0,100.0,0.0,100.0,0.0,200.0,0.0,100.0,10116.0,100.0,46800760896.0,100.0,86923614744.0
2019-07-14,ZJV02JT6,ST12000NM0007,12000138625024,0,79.0,74195728.0,89.0,0.0,100.0,9.0,100.0,0.0,83.0,189752521.0,89.0,10342.0,100.0,0.0,100.0,9.0,,,,,100.0,0.0,100.0,0.0,,,61.0,39.0,,,100.0,145.0,100.0,909.0,39.0,39.0,100.0,0.0,100.0,0.0,200.0,0.0,100.0,10148.0,100.0,47037393824.0,100.0,87314297944.0
2019-07-15,ZJV02JT6,ST12000NM0007,12000138625024,0,80.0,108369784.0,89.0,0.0,100.0,9.0,100.0,0.0,83.0,192420881.0,89.0,10358.0,100.0,0.0,100.0,9.0,,,,,100.0,0.0,100.0,0.0,,,62.0,38.0,,,100.0,145.0,100.0,910.0,38.0,38.0,100.0,0.0,100.0,0.0,200.0,0.0,100.0,10164.0,100.0,47080032824.0,100.0,87549973656.0
2019-07-16,ZJV02JT6,ST12000NM0007,12000138625024,0,64.0,2491024.0,89.0,0.0,100.0,9.0,100.0,0.0,83.0,197293692.0,89.0,10389.0,100.0,0.0,100.0,9.0,,,,,100.0,0.0,100.0,0.0,,,62.0,38.0,,,100.0,145.0,100.0,911.0,38.0,38.0,100.0,0.0,100.0,0.0,200.0,0.0,100.0,10195.0,100.0,47143081672.0,100.0,87869327336.0
2019-07-17,ZJV02JT6,ST12000NM0007,12000138625024,0,73.0,19187576.0,89.0,0.0,100.0,9.0,100.0,0.0,83.0,199596525.0,89.0,10405.0,100.0,0.0,100.0,9.0,,,,,100.0,0.0,100.0,0.0,,,62.0,38.0,,,100.0,145.0,100.0,912.0,38.0,38.0,100.0,0.0,100.0,0.0,200.0,0.0,100.0,10211.0,100.0,47186978632.0,100.0,88086267760.0
2019-07-18,ZJV02JT6,ST12000NM0007,12000138625024,0,79.0,83146672.0,89.0,0.0,100.0,9.0,100.0,0.0,83.0,204340400.0,89.0,10437.0,100.0,0.0,100.0,9.0,,,,,100.0,0.0,100.0,0.0,,,61.0,39.0,,,100.0,145.0,100.0,913.0,39.0,39.0,100.0,0.0,100.0,0.0,200.0,0.0,100.0,10242.0,100.0,47274019904.0,100.0,88551467136.0
2019-07-19,ZJV02JT6,ST12000NM0007,12000138625024,0,76.0,41370904.0,89.0,0.0,100.0,9.0,100.0,0.0,83.0,206625694.0,89.0,10452.0,100.0,0.0,100.0,9.0,,,,,100.0,0.0,100.0,0.0,,,62.0,38.0,,,100.0,145.0,100.0,914.0,38.0,38.0,100.0,0.0,100.0,0.0,200.0,0.0,100.0,10258.0,100.0,47333674104.0,100.0,88694177904.0
2019-07-20,ZJV02JT6,ST12000NM0007,12000138625024,0,80.0,102865080.0,89.0,0.0,100.0,9.0,100.0,0.0,83.0,210486639.0,89.0,10484.0,100.0,0.0,100.0,9.0,,,,,100.0,0.0,100.0,0.0,,,62.0,38.0,,,100.0,146.0,100.0,915.0,38.0,38.0,100.0,0.0,100.0,0.0,200.0,0.0,100.0,10290.0,100.0,47409491600.0,100.0,88923995216.0
2019-07-21,ZJV02JT6,ST12000NM0007,12000138625024,0,81.0,126835872.0,89.0,0.0,100.0,9.0,100.0,0.0,83.0,212455706.0,89.0,10500.0,100.0,0.0,100.0,9.0,,,,,100.0,0.0,100.0,0.0,,,62.0,38.0,,,100.0,146.0,100.0,916.0,38.0,38.0,100.0,0.0,100.0,0.0,200.0,0.0,100.0,10305.0,100.0,47451433184.0,100.0,89150165376.0
2019-07-22,ZJV02JT6,ST12000NM0007,12000138625024,0,74.0,24919432.0,89.0,0.0,100.0,9.0,100.0,0.0,83.0,218263299.0,88.0,10531.0,100.0,0.0,100.0,9.0,,,,,100.0,0.0,100.0,0.0,,,62.0,38.0,,,100.0,146.0,100.0,917.0,38.0,38.0,100.0,0.0,100.0,0.0,200.0,0.0,100.0,10337.0,100.0,47591983992.0,100.0,89640120448.0
2019-07-23,ZJV02JT6,ST12000NM0007,12000138625024,0,77.0,52738272.0,89.0,0.0,100.0,9.0,100.0,0.0,83.0,220230005.0,88.0,10547.0,100.0,0.0,100.0,9.0,,,,,100.0,0.0,100.0,0.0,,,62.0,38.0,,,100.0,146.0,100.0,918.0,38.0,38.0,100.0,0.0,100.0,0.0,200.0,0.0,100.0,10353.0,100.0,47633761912.0,100.0,89870302104.0
2019-07-24,ZJV02JT6,ST12000NM0007,12000138625024,0,81.0,115282976.0,89.0,0.0,100.0,9.0,100.0,0.0,84.0,225892492.0,88.0,10579.0,100.0,0.0,100.0,9.0,,,,,100.0,0.0,100.0,0.0,,,61.0,39.0,,,100.0,146.0,100.0,921.0,39.0,39.0,100.0,0.0,100.0,0.0,200.0,0.0,100.0,10384.0,100.0,47735104512.0,100.0,90319786224.0
2019-07-25,ZJV02JT6,ST12000NM0007,12000138625024,0,81.0,115921776.0,89.0,0.0,100.0,9.0,100.0,0.0,84.0,231088646.0,88.0,10610.0,100.0,0.0,100.0,9.0,,,,,100.0,0.0,100.0,0.0,,,63.0,37.0,,,100.0,146.0,100.0,923.0,37.0,37.0,100.0,0.0,100.0,0.0,200.0,0.0,100.0,10415.0,100.0,47855499096.0,100.0,90688311752.0
2019-07-26,ZJV02JT6,ST12000NM0007,12000138625024,0,79.0,71318480.0,89.0,0.0,100.0,9.0,100.0,0.0,84.0,233061638.0,88.0,10626.0,100.0,0.0,100.0,9.0,,,,,100.0,0.0,100.0,0.0,,,61.0,39.0,,,100.0,146.0,100.0,923.0,39.0,39.0,100.0,0.0,100.0,0.0,200.0,0.0,100.0,10431.0,100.0,47892636216.0,100.0,90850712296.0
2019-07-27,ZJV02JT6,ST12000NM0007,12000138625024,0,83.0,213386000.0,89.0,0.0,100.0,9.0,100.0,0.0,84.0,237843401.0,88.0,10658.0,100.0,0.0,100.0,9.0,,,,,100.0,0.0,100.0,0.0,,,62.0,38.0,,,100.0,148.0,100.0,925.0,38.0,38.0,100.0,0.0,100.0,0.0,200.0,0.0,100.0,10462.0,100.0,48052259680.0,100.0,91321438352.0
2019-07-28,ZJV02JT6,ST12000NM0007,12000138625024,0,74.0,25465896.0,89.0,0.0,100.0,9.0,100.0,0.0,84.0,239904991.0,88.0,10674.0,100.0,0.0,100.0,9.0,,,,,100.0,0.0,100.0,0.0,,,61.0,39.0,,,100.0,148.0,100.0,925.0,39.0,39.0,100.0,0.0,100.0,0.0,200.0,0.0,100.0,10478.0,100.0,48115950512.0,100.0,91558108896.0
2019-07-29,ZJV02JT6,ST12000NM0007,12000138625024,0,83.0,196641304.0,89.0,0.0,100.0,9.0,100.0,0.0,84.0,246133612.0,88.0,10705.0,100.0,0.0,100.0,9.0,,,,,100.0,0.0,100.0,0.0,,,62.0,38.0,,,100.0,149.0,100.0,926.0,38.0,38.0,100.0,0.0,100.0,0.0,200.0,0.0,100.0,10510.0,100.0,48267640152.0,100.0,92065876128.0
2019-07-30,ZJV02JT6,ST12000NM0007,12000138625024,0,78.0,64511784.0,89.0,0.0,100.0,9.0,100.0,0.0,84.0,248617710.0,88.0,10721.0,100.0,0.0,100.0,9.0,,,,,100.0,0.0,100.0,0.0,,,62.0,38.0,,,100.0,150.0,100.0,927.0,38.0,38.0,100.0,0.0,100.0,0.0,200.0,0.0,100.0,10526.0,100.0,48341829344.0,100.0,92347839384.0
2019-07-31,ZJV02JT6,ST12000NM0007,12000138625024,0,81.0,139901256.0,89.0,0.0,100.0,9.0,100.0,0.0,84.0,253381442.0,88.0,10753.0,100.0,0.0,100.0,9.0,,,,,100.0,0.0,100.0,0.0,,,62.0,38.0,,,100.0,151.0,100.0,928.0,38.0,38.0,100.0,0.0,100.0,0.0,200.0,0.0,100.0,10557.0,100.0,48431404304.0,100.0,92821935632.0
2019-08-01,ZJV02JT6,ST12000NM0007,12000138625024,0,80.0,96548688.0,89.0,0.0,100.0,9.0,100.0,0.0,84.0,256199846.0,88.0,10769.0,100.0,0.0,100.0,9.0,,,,,100.0,0.0,100.0,0.0,,,62.0,38.0,,,100.0,152.0,100.0,929.0,38.0,38.0,100.0,0.0,100.0,0.0,200.0,0.0,100.0,10573.0,100.0,48464276624.0,100.0,92989851448.0
2019-08-02,ZJV02JT6,ST12000NM0007,12000138625024,0,82.0,171327664.0,89.0,0.0,100.0,9.0,100.0,0.0,84.0,261375805.0,88.0,10800.0,100.0,0.0,100.0,9.0,,,,,100.0,0.0,100.0,0.0,,,62.0,38.0,,,100.0,152.0,100.0,930.0,38.0,38.0,100.0,0.0,100.0,0.0,200.0,0.0,100.0,10604.0,100.0,48605634760.0,100.0,93411553680.0
2019-08-03,ZJV02JT6,ST12000NM0007,12000138625024,0,83.0,202606216.0,89.0,0.0,100.0,9.0,100.0,0.0,84.0,263729719.0,88.0,10816.0,100.0,0.0,100.0,9.0,,,,,100.0,0.0,100.0,0.0,,,62.0,38.0,,,100.0,153.0,100.0,931.0,38.0,38.0,100.0,0.0,100.0,0.0,200.0,0.0,100.0,10620.0,100.0,48648723536.0,100.0,93643884184.0
2019-08-04,ZJV02JT6,ST12000NM0007,12000138625024,0,83.0,216108624.0,89.0,0.0,100.0,9.0,100.0,0.0,84.0,269347556.0,88.0,10848.0,100.0,0.0,100.0,9.0,,,,,100.0,0.0,100.0,0.0,,,62.0,38.0,,,100.0,153.0,100.0,932.0,38.0,38.0,100.0,0.0,100.0,0.0,200.0,0.0,100.0,10652.0,100.0,48853086376.0,100.0,94185445832.0
2019-08-05,ZJV02JT6,ST12000NM0007,12000138625024,0,81.0,122624296.0,89.0,0.0,100.0,9.0,100.0,0.0,84.0,272663911.0,88.0,10864.0,100.0,0.0,100.0,9.0,,,,,100.0,0.0,100.0,0.0,,,62.0,38.0,,,100.0,153.0,100.0,933.0,38.0,38.0,100.0,0.0,100.0,0.0,200.0,0.0,100.0,10668.0,100.0,48944795080.0,100.0,94488534512.0
2019-08-06,ZJV02JT6,ST12000NM0007,12000138625024,0,84.0,225076192.0,89.0,0.0,100.0,9.0,100.0,0.0,84.0,278134926.0,88.0,10895.0,100.0,0.0,100.0,9.0,,,,,100.0,0.0,100.0,0.0,,,62.0,38.0,,,100.0,153.0,100.0,934.0,38.0,38.0,100.0,0.0,100.0,0.0,200.0,0.0,100.0,10700.0,100.0,49072820104.0,100.0,94951243440.0
2019-08-07,ZJV02JT6,ST12000NM0007,12000138625024,0,79.0,75199024.0,89.0,0.0,100.0,9.0,100.0,0.0,84.0,280756697.0,88.0,10911.0,100.0,0.0,100.0,9.0,,,,,100.0,0.0,100.0,0.0,,,62.0,38.0,,,100.0,153.0,100.0,935.0,38.0,38.0,100.0,0.0,100.0,0.0,200.0,0.0,100.0,10715.0,100.0,49181645152.0,100.0,95180822648.0
2019-08-08,ZJV02JT6,ST12000NM0007,12000138625024,0,77.0,49102664.0,89.0,0.0,100.0,9.0,100.0,0.0,85.0,286792218.0,88.0,10943.0,100.0,0.0,100.0,9.0,,,,,100.0,0.0,100.0,0.0,,,62.0,38.0,,,100.0,153.0,100.0,937.0,38.0,38.0,100.0,0.0,100.0,0.0,200.0,0.0,100.0,10747.0,100.0,49308655352.0,100.0,95515997568.0
2019-08-09,ZJV02JT6,ST12000NM0007,12000138625024,0,74.0,27604272.0,89.0,0.0,100.0,9.0,100.0,0.0,85.0,289166094.0,88.0,10959.0,100.0,0.0,100.0,9.0,,,,,100.0,0.0,100.0,0.0,,,62.0,38.0,,,100.0,153.0,100.0,937.0,38.0,38.0,100.0,0.0,100.0,0.0,200.0,0.0,100.0,10763.0,100.0,49349797856.0,100.0,95697497304.0
2019-08-10,ZJV02JT6,ST12000NM0007,12000138625024,0,81.0,116465840.0,89.0,0.0,100.0,9.0,100.0,0.0,85.0,294852491.0,88.0,10991.0,100.0,0.0,100.0,9.0,,,,,100.0,0.0,100.0,0.0,,,61.0,39.0,,,100.0,153.0,100.0,939.0,39.0,39.0,100.0,0.0,100.0,0.0,200.0,0.0,100.0,10794.0,100.0,49457514128.0,100.0,96166924088.0
2019-08-11,ZJV02JT6,ST12000NM0007,12000138625024,0,82.0,149381864.0,89.0,0.0,100.0,9.0,100.0,0.0,85.0,297269088.0,88.0,11007.0,100.0,0.0,100.0,9.0,,,,,100.0,0.0,100.0,0.0,,,63.0,37.0,,,100.0,153.0,100.0,939.0,37.0,37.0,100.0,0.0,100.0,0.0,200.0,0.0,100.0,10810.0,100.0,49493071424.0,100.0,96408423456.0
2019-08-12,ZJV02JT6,ST12000NM0007,12000138625024,0,78.0,56526208.0,89.0,0.0,100.0,9.0,100.0,0.0,85.0,303687713.0,88.0,11038.0,100.0,0.0,100.0,9.0,,,,,100.0,0.0,100.0,0.0,,,62.0,38.0,,,100.0,153.0,100.0,941.0,38.0,38.0,100.0,0.0,100.0,0.0,200.0,0.0,100.0,10842.0,100.0,49622286088.0,100.0,96918775616.0
2019-08-13,ZJV02JT6,ST12000NM0007,12000138625024,0,83.0,183094992.0,89.0,0.0,100.0,9.0,100.0,0.0,85.0,306566811.0,88.0,11054.0,100.0,0.0,100.0,9.0,,,,,100.0,0.0,100.0,0.0,,,62.0,38.0,,,100.0,153.0,100.0,941.0,38.0,38.0,100.0,0.0,100.0,0.0,200.0,0.0,100.0,10858.0,100.0,49723693008.0,100.0,97188078256.0
2019-08-14,ZJV02JT6,ST12000NM0007,12000138625024,0,65.0,2862208.0,89.0,0.0,100.0,9.0,100.0,0.0,85.0,311416363.0,88.0,11086.0,100.0,0.0,100.0,9.0,,,,,100.0,0.0,100.0,0.0,,,62.0,38.0,,,100.0,154.0,100.0,943.0,38.0,38.0,100.0,0.0,100.0,0.0,200.0,0.0,100.0,10889.0,100.0,49868260480.0,100.0,97595700168.0
2019-08-15,ZJV02JT6,ST12000NM0007,12000138625024,0,100.0,961016.0,89.0,0.0,100.0,9.0,100.0,0.0,85.0,314321746.0,88.0,11102.0,100.0,0.0,100.0,9.0,,,,,100.0,0.0,100.0,0.0,,,62.0,38.0,,,100.0,154.0,100.0,944.0,38.0,38.0,100.0,0.0,100.0,0.0,200.0,0.0,100.0,10905.0,100.0,49894326848.0,100.0,97811873280.0
2019-08-16,ZJV02JT6,ST12000NM0007,12000138625024,0,76.0,43131200.0,89.0,0.0,100.0,9.0,100.0,0.0,85.0,319065833.0,88.0,11133.0,100.0,0.0,100.0,9.0,,,,,100.0,0.0,100.0,0.0,,,61.0,39.0,,,100.0,154.0,100.0,945.0,39.0,39.0,100.0,0.0,100.0,0.0,200.0,0.0,100.0,10936.0,100.0,49950398048.0,100.0,98286253776.0
2019-08-17,ZJV02JT6,ST12000NM0007,12000138625024,0,84.0,236981752.0,89.0,0.0,100.0,9.0,100.0,0.0,85.0,320623532.0,88.0,11149.0,100.0,0.0,100.0,9.0,,,,,100.0,0.0,100.0,0.0,,,63.0,37.0,,,100.0,154.0,100.0,946.0,37.0,37.0,100.0,0.0,100.0,0.0,200.0,0.0,100.0,10952.0,100.0,49972808048.0,100.0,98457694328.0
2019-08-18,ZJV02JT6,ST12000NM0007,12000138625024,0,80.0,98958800.0,89.0,0.0,100.0,9.0,100.0,0.0,85.0,325800724.0,88.0,11181.0,100.0,0.0,100.0,9.0,,,,,100.0,0.0,100.0,0.0,,,63.0,37.0,,,100.0,154.0,100.0,947.0,37.0,37.0,100.0,0.0,100.0,0.0,200.0,0.0,100.0,10983.0,100.0,50028656576.0,100.0,98752104232.0
2019-08-19,ZJV02JT6,ST12000NM0007,12000138625024,0,80.0,101708584.0,89.0,0.0,100.0,9.0,100.0,0.0,85.0,327953110.0,88.0,11197.0,100.0,0.0,100.0,9.0,,,,,100.0,0.0,100.0,0.0,,,62.0,38.0,,,100.0,154.0,100.0,948.0,38.0,38.0,100.0,0.0,100.0,0.0,200.0,0.0,100.0,10999.0,100.0,50049272392.0,100.0,98978378856.0
2019-08-20,ZJV02JT6,ST12000NM0007,12000138625024,0,81.0,130708152.0,89.0,0.0,100.0,9.0,100.0,0.0,85.0,333022208.0,88.0,11228.0,100.0,0.0,100.0,9.0,,,,,100.0,0.0,100.0,0.0,,,62.0,38.0,,,100.0,154.0,100.0,949.0,38.0,38.0,100.0,0.0,100.0,0.0,200.0,0.0,100.0,11031.0,100.0,50129325416.0,100.0,99415607224.0
2019-08-21,ZJV02JT6,ST12000NM0007,12000138625024,0,81.0,141233392.0,89.0,0.0,100.0,9.0,100.0,0.0,85.0,334764184.0,88.0,11244.0,100.0,0.0,100.0,9.0,,,,,100.0,0.0,100.0,0.0,,,63.0,37.0,,,100.0,154.0,100.0,950.0,37.0,37.0,100.0,0.0,100.0,0.0,200.0,0.0,100.0,11047.0,100.0,50157558280.0,100.0,99642040504.0
2019-08-22,ZJV02JT6,ST12000NM0007,12000138625024,0,76.0,39417744.0,89.0,0.0,100.0,9.0,100.0,0.0,85.0,339914049.0,88.0,11275.0,100.0,0.0,100.0,9.0,,,,,100.0,0.0,100.0,0.0,,,62.0,38.0,,,100.0,154.0,100.0,951.0,38.0,38.0,100.0,0.0,100.0,0.0,200.0,0.0,100.0,11078.0,100.0,50212951376.0,100.0,99973113416.0
2019-08-23,ZJV02JT6,ST12000NM0007,12000138625024,0,79.0,73931744.0,89.0,0.0,100.0,9.0,100.0,0.0,85.0,344075661.0,88.0,11307.0,100.0,0.0,100.0,9.0,,,,,100.0,0.0,100.0,0.0,,,62.0,38.0,,,100.0,155.0,100.0,953.0,38.0,38.0,100.0,0.0,100.0,0.0,200.0,0.0,100.0,11109.0,100.0,50292584856.0,100.0,100416275464.0
2019-08-24,ZJV02JT6,ST12000NM0007,12000138625024,0,80.0,95063704.0,89.0,0.0,100.0,9.0,100.0,0.0,85.0,346030563.0,88.0,11323.0,100.0,0.0,100.0,9.0,,,,,100.0,0.0,100.0,0.0,,,62.0,38.0,,,100.0,155.0,100.0,953.0,38.0,38.0,100.0,0.0,100.0,0.0,200.0,0.0,100.0,11125.0,100.0,50329008784.0,100.0,100645124280.0
2019-08-25,ZJV02JT6,ST12000NM0007,12000138625024,0,80.0,107443664.0,89.0,0.0,100.0,9.0,100.0,0.0,85.0,349593487.0,88.0,11354.0,100.0,0.0,100.0,9.0,,,,,100.0,0.0,100.0,0.0,,,62.0,38.0,,,100.0,155.0,100.0,955.0,38.0,38.0,100.0,0.0,100.0,0.0,200.0,0.0,100.0,11157.0,100.0,50382942600.0,100.0,101091852344.0
2019-08-26,ZJV02JT6,ST12000NM0007,12000138625024,0,82.0,155807888.0,89.0,0.0,100.0,9.0,100.0,0.0,86.0,357390624.0,87.0,11402.0,100.0,0.0,100.0,9.0,,,,,100.0,0.0,100.0,0.0,,,62.0,38.0,,,100.0,155.0,100.0,957.0,38.0,38.0,100.0,0.0,100.0,0.0,200.0,0.0,100.0,11204.0,100.0,50506546016.0,100.0,101749035144.0
2019-08-27,ZJV02JT6,ST12000NM0007,12000138625024,0,82.0,155807888.0,89.0,0.0,100.0,9.0,100.0,0.0,86.0,357390624.0,87.0,11402.0,100.0,0.0,100.0,9.0,,,,,100.0,0.0,100.0,0.0,,,62.0,38.0,,,100.0,155.0,100.0,957.0,38.0,38.0,100.0,0.0,100.0,0.0,200.0,0.0,100.0,11204.0,100.0,50506546016.0,100.0,101749035144.0
2019-08-28,ZJV02JT6,ST12000NM0007,12000138625024,0,83.0,186408944.0,89.0,0.0,100.0,9.0,100.0,0.0,86.0,359373384.0,87.0,11418.0,100.0,0.0,100.0,9.0,,,,,100.0,0.0,100.0,0.0,,,61.0,39.0,,,100.0,155.0,100.0,957.0,39.0,39.0,100.0,0.0,100.0,0.0,200.0,0.0,100.0,11219.0,100.0,50549958672.0,100.0,101980364312.0
2019-08-29,ZJV02JT6,ST12000NM0007,12000138625024,0,82.0,168051720.0,89.0,0.0,100.0,9.0,100.0,0.0,86.0,364903020.0,87.0,11449.0,100.0,0.0,100.0,9.0,,,,,100.0,0.0,100.0,0.0,,,62.0,38.0,,,100.0,155.0,100.0,959.0,38.0,38.0,100.0,0.0,100.0,0.0,200.0,0.0,100.0,11251.0,100.0,50638454048.0,100.0,102361793080.0
2019-08-30,ZJV02JT6,ST12000NM0007,12000138625024,0,81.0,120262816.0,89.0,0.0,100.0,9.0,100.0,0.0,86.0,366563356.0,87.0,11465.0,100.0,0.0,100.0,9.0,,,,,100.0,0.0,100.0,0.0,,,62.0,38.0,,,100.0,155.0,100.0,959.0,38.0,38.0,100.0,0.0,100.0,0.0,200.0,0.0,100.0,11267.0,100.0,50662425240.0,100.0,102534173616.0
2019-08-31,ZJV02JT6,ST12000NM0007,12000138625024,0,83.0,191370016.0,89.0,0.0,100.0,9.0,100.0,0.0,86.0,370522447.0,87.0,11497.0,100.0,0.0,100.0,9.0,,,,,100.0,0.0,100.0,0.0,,,62.0,38.0,,,100.0,155.0,100.0,961.0,38.0,38.0,100.0,0.0,100.0,0.0,200.0,0.0,100.0,11298.0,100.0,50737418704.0,100.0,103018568808.0
2019-09-01,ZJV02JT6,ST12000NM0007,12000138625024,0,84.0,233403408.0,89.0,0.0,100.0,9.0,100.0,0.0,86.0,372529460.0,87.0,11513.0,100.0,0.0,100.0,9.0,,,,,100.0,0.0,100.0,0.0,,,62.0,38.0,,,100.0,155.0,100.0,961.0,38.0,38.0,100.0,0.0,100.0,0.0,200.0,0.0,100.0,11314.0,100.0,50806580136.0,100.0,103235581688.0
2019-09-02,ZJV02JT6,ST12000NM0007,12000138625024,0,78.0,57706080.0,89.0,0.0,100.0,9.0,100.0,0.0,86.0,378119138.0,87.0,11544.0,100.0,0.0,100.0,9.0,,,,,100.0,0.0,100.0,0.0,,,62.0,38.0,,,100.0,155.0,100.0,963.0,38.0,38.0,100.0,0.0,100.0,0.0,200.0,0.0,100.0,11346.0,100.0,50873050328.0,100.0,103725836240.0
2019-09-03,ZJV02JT6,ST12000NM0007,12000138625024,0,79.0,72020296.0,89.0,0.0,100.0,9.0,100.0,0.0,86.0,380022225.0,87.0,11560.0,100.0,0.0,100.0,9.0,,,,,100.0,0.0,100.0,0.0,,,62.0,38.0,,,100.0,155.0,100.0,963.0,38.0,38.0,100.0,0.0,100.0,0.0,200.0,0.0,100.0,11361.0,100.0,50904740872.0,100.0,103952600712.0
2019-09-04,ZJV02JT6,ST12000NM0007,12000138625024,0,79.0,80049176.0,89.0,0.0,100.0,9.0,100.0,0.0,86.0,384360875.0,87.0,11592.0,100.0,0.0,100.0,9.0,,,,,100.0,0.0,100.0,0.0,,,62.0,38.0,,,100.0,156.0,100.0,965.0,38.0,38.0,100.0,0.0,100.0,0.0,200.0,0.0,100.0,11393.0,100.0,50991438520.0,100.0,104362213776.0
2019-09-05,ZJV02JT6,ST12000NM0007,12000138625024,0,75.0,35150328.0,89.0,0.0,100.0,9.0,100.0,0.0,86.0,387570738.0,87.0,11608.0,100.0,0.0,100.0,9.0,,,,,100.0,0.0,100.0,0.0,,,62.0,38.0,,,100.0,156.0,100.0,965.0,38.0,38.0,100.0,0.0,100.0,0.0,200.0,0.0,100.0,11409.0,100.0,51050988136.0,100.0,104501906112.0
2019-09-06,ZJV02JT6,ST12000NM0007,12000138625024,0,84.0,232606296.0,89.0,0.0,100.0,9.0,100.0,0.0,86.0,389526555.0,87.0,11623.0,100.0,0.0,100.0,9.0,,,,,100.0,0.0,100.0,0.0,,,62.0,38.0,,,100.0,156.0,100.0,966.0,38.0,38.0,100.0,0.0,100.0,0.0,200.0,0.0,100.0,11424.0,100.0,51085153560.0,100.0,104665196656.0
2019-09-07,ZJV02JT6,ST12000NM0007,12000138625024,0,81.0,131796584.0,89.0,0.0,100.0,9.0,100.0,0.0,86.0,395156586.0,87.0,11655.0,100.0,0.0,100.0,9.0,,,,,100.0,0.0,100.0,0.0,,,64.0,36.0,,,100.0,156.0,100.0,967.0,36.0,36.0,100.0,0.0,100.0,0.0,200.0,0.0,100.0,11456.0,100.0,51143564096.0,100.0,104994257840.0
2019-09-08,ZJV02JT6,ST12000NM0007,12000138625024,0,81.0,127751096.0,89.0,0.0,100.0,9.0,100.0,0.0,86.0,397652864.0,87.0,11671.0,100.0,0.0,100.0,9.0,,,,,100.0,0.0,100.0,0.0,,,65.0,35.0,,,100.0,157.0,100.0,968.0,35.0,35.0,100.0,0.0,100.0,0.0,200.0,0.0,100.0,11472.0,100.0,51179798720.0,100.0,105198118368.0
2019-09-09,ZJV02JT6,ST12000NM0007,12000138625024,0,80.0,93258392.0,89.0,0.0,100.0,9.0,100.0,0.0,86.0,403042302.0,87.0,11703.0,100.0,0.0,100.0,9.0,,,,,100.0,0.0,100.0,0.0,,,64.0,36.0,,,100.0,157.0,100.0,969.0,36.0,36.0,100.0,0.0,100.0,0.0,200.0,0.0,100.0,11503.0,100.0,51270095240.0,100.0,105561610632.0
2019-09-10,ZJV02JT6,ST12000NM0007,12000138625024,0,80.0,106713984.0,89.0,0.0,100.0,9.0,100.0,0.0,86.0,405845327.0,87.0,11718.0,100.0,0.0,100.0,9.0,,,,,100.0,0.0,100.0,0.0,,,64.0,36.0,,,100.0,158.0,100.0,970.0,36.0,36.0,100.0,0.0,100.0,0.0,200.0,0.0,100.0,11519.0,100.0,51303390800.0,100.0,105785911512.0
2019-09-11,ZJV02JT6,ST12000NM0007,12000138625024,0,81.0,129311048.0,89.0,0.0,100.0,9.0,100.0,0.0,86.0,409355281.0,87.0,11750.0,100.0,0.0,100.0,9.0,,,,,100.0,0.0,100.0,0.0,,,64.0,36.0,,,100.0,158.0,100.0,971.0,36.0,36.0,100.0,0.0,100.0,0.0,200.0,0.0,100.0,11550.0,100.0,51366857080.0,100.0,106233323768.0
2019-09-12,ZJV02JT6,ST12000NM0007,12000138625024,0,84.0,239640976.0,89.0,0.0,100.0,9.0,100.0,0.0,86.0,414045121.0,87.0,11781.0,100.0,0.0,100.0,9.0,,,,,100.0,0.0,100.0,0.0,,,63.0,37.0,,,100.0,158.0,100.0,973.0,37.0,37.0,100.0,0.0,100.0,0.0,200.0,0.0,100.0,11581.0,100.0,51464786400.0,100.0,106734005672.0
2019-09-13,ZJV02JT6,ST12000NM0007,12000138625024,0,78.0,60408296.0,89.0,0.0,100.0,9.0,100.0,0.0,86.0,416038773.0,87.0,11797.0,100.0,0.0,100.0,9.0,,,,,100.0,0.0,100.0,0.0,,,64.0,36.0,,,100.0,158.0,100.0,973.0,36.0,36.0,100.0,0.0,100.0,0.0,200.0,0.0,100.0,11597.0,100.0,51504199008.0,100.0,107003643568.0
2019-09-14,ZJV02JT6,ST12000NM0007,12000138625024,0,78.0,66860488.0,89.0,0.0,100.0,9.0,100.0,0.0,86.0,419668906.0,87.0,11829.0,100.0,0.0,100.0,9.0,,,,,100.0,0.0,100.0,0.0,,,63.0,37.0,,,100.0,159.0,100.0,975.0,37.0,37.0,100.0,0.0,100.0,0.0,200.0,0.0,100.0,11628.0,100.0,51579474320.0,100.0,107423101896.0
2019-09-15,ZJV02JT6,ST12000NM0007,12000138625024,0,77.0,52438768.0,89.0,0.0,100.0,9.0,100.0,0.0,86.0,421586517.0,87.0,11844.0,100.0,0.0,100.0,9.0,,,,,100.0,0.0,100.0,0.0,,,63.0,37.0,,,100.0,159.0,100.0,975.0,37.0,37.0,100.0,0.0,100.0,0.0,200.0,0.0,100.0,11644.0,100.0,51615408984.0,100.0,107616886192.0
2019-09-16,ZJV02JT6,ST12000NM0007,12000138625024,0,80.0,107745752.0,89.0,0.0,100.0,9.0,100.0,0.0,86.0,427826161.0,87.0,11876.0,100.0,0.0,100.0,9.0,,,,,100.0,0.0,100.0,0.0,,,63.0,37.0,,,100.0,159.0,100.0,977.0,37.0,37.0,100.0,0.0,100.0,0.0,200.0,0.0,100.0,11676.0,100.0,51726676680.0,100.0,108049207112.0
2019-09-17,ZJV02JT6,ST12000NM0007,12000138625024,0,79.0,78646200.0,89.0,0.0,100.0,9.0,100.0,0.0,86.0,430295212.0,87.0,11892.0,100.0,0.0,100.0,9.0,,,,,100.0,0.0,100.0,0.0,,,64.0,36.0,,,100.0,159.0,100.0,977.0,36.0,36.0,100.0,0.0,100.0,0.0,200.0,0.0,100.0,11692.0,100.0,51762655936.0,100.0,108228269440.0
2019-09-18,ZJV02JT6,ST12000NM0007,12000138625024,0,84.0,241113712.0,89.0,0.0,100.0,9.0,100.0,0.0,86.0,434565719.0,87.0,11923.0,100.0,0.0,100.0,9.0,,,,,100.0,0.0,100.0,0.0,,,64.0,36.0,,,100.0,159.0,100.0,979.0,36.0,36.0,100.0,0.0,100.0,0.0,200.0,0.0,100.0,11723.0,100.0,51848433304.0,100.0,108549100240.0
2019-09-19,ZJV02JT6,ST12000NM0007,12000138625024,0,83.0,179668984.0,89.0,0.0,100.0,9.0,100.0,0.0,86.0,438792382.0,87.0,11955.0,100.0,0.0,100.0,9.0,,,,,100.0,0.0,100.0,0.0,,,64.0,36.0,,,100.0,159.0,100.0,980.0,36.0,36.0,100.0,0.0,100.0,0.0,200.0,0.0,100.0,11755.0,100.0,51903350936.0,100.0,108921019320.0
2019-09-20,ZJV02JT6,ST12000NM0007,12000138625024,0,83.0,192428280.0,89.0,0.0,100.0,9.0,100.0,0.0,86.0,441404428.0,87.0,11971.0,100.0,0.0,100.0,9.0,,,,,100.0,0.0,100.0,0.0,,,63.0,37.0,,,100.0,159.0,100.0,981.0,37.0,37.0,100.0,0.0,100.0,0.0,200.0,0.0,100.0,11770.0,100.0,51972975056.0,100.0,109108295152.0
2019-09-21,ZJV02JT6,ST12000NM0007,12000138625024,0,82.0,176382224.0,89.0,0.0,100.0,9.0,100.0,0.0,86.0,446128827.0,87.0,12002.0,100.0,0.0,100.0,9.0,,,,,100.0,0.0,100.0,0.0,,,64.0,36.0,,,100.0,160.0,100.0,982.0,36.0,36.0,100.0,0.0,100.0,0.0,200.0,0.0,100.0,11802.0,100.0,52058466872.0,100.0,109495038776.0
2019-09-22,ZJV02JT6,ST12000NM0007,12000138625024,0,82.0,147541960.0,89.0,0.0,100.0,9.0,100.0,0.0,87.0,448264678.0,87.0,12018.0,100.0,0.0,100.0,9.0,,,,,100.0,0.0,100.0,0.0,,,63.0,37.0,,,100.0,160.0,100.0,983.0,37.0,37.0,100.0,0.0,100.0,0.0,200.0,0.0,100.0,11818.0,100.0,52087597344.0,100.0,109681209120.0
2019-09-23,ZJV02JT6,ST12000NM0007,12000138625024,0,83.0,185292704.0,89.0,0.0,100.0,9.0,100.0,0.0,87.0,454762070.0,87.0,12050.0,100.0,0.0,100.0,9.0,,,,,100.0,0.0,100.0,0.0,,,62.0,38.0,,,100.0,160.0,100.0,984.0,38.0,38.0,100.0,0.0,100.0,0.0,200.0,0.0,100.0,11849.0,100.0,52178912672.0,100.0,110115925976.0
2019-09-24,ZJV02JT6,ST12000NM0007,12000138625024,0,82.0,157897424.0,89.0,0.0,100.0,9.0,100.0,0.0,87.0,456950798.0,87.0,12066.0,100.0,0.0,100.0,9.0,,,,,100.0,0.0,100.0,0.0,,,63.0,37.0,,,100.0,160.0,100.0,985.0,37.0,37.0,100.0,0.0,100.0,0.0,200.0,0.0,100.0,11865.0,100.0,52215797880.0,100.0,110295786232.0
2019-09-25,ZJV02JT6,ST12000NM0007,12000138625024,0,79.0,84037056.0,89.0,0.0,100.0,9.0,100.0,0.0,87.0,461131939.0,87.0,12097.0,100.0,0.0,100.0,9.0,,,,,100.0,0.0,100.0,0.0,,,63.0,37.0,,,100.0,160.0,100.0,987.0,37.0,37.0,100.0,0.0,100.0,0.0,200.0,0.0,100.0,11896.0,100.0,52270894888.0,100.0,110655110352.0
2019-09-26,ZJV02JT6,ST12000NM0007,12000138625024,0,84.0,241628256.0,89.0,0.0,100.0,9.0,100.0,0.0,87.0,464592933.0,87.0,12113.0,100.0,0.0,100.0,9.0,,,,,100.0,0.0,100.0,0.0,,,61.0,39.0,,,100.0,160.0,100.0,987.0,39.0,39.0,100.0,0.0,100.0,0.0,200.0,0.0,100.0,11912.0,100.0,52297633624.0,100.0,110785962816.0
2019-09-27,ZJV02JT6,ST12000NM0007,12000138625024,0,83.0,185263304.0,89.0,0.0,100.0,9.0,100.0,0.0,87.0,469701480.0,87.0,12145.0,100.0,0.0,100.0,9.0,,,,,100.0,0.0,100.0,0.0,,,61.0,39.0,,,100.0,161.0,100.0,989.0,39.0,39.0,100.0,0.0,100.0,0.0,200.0,0.0,100.0,11943.0,100.0,52385899448.0,100.0,111129613464.0
2019-09-28,ZJV02JT6,ST12000NM0007,12000138625024,0,83.0,179096368.0,89.0,0.0,100.0,9.0,100.0,0.0,87.0,471948837.0,87.0,12161.0,100.0,0.0,100.0,9.0,,,,,100.0,0.0,100.0,0.0,,,62.0,38.0,,,100.0,161.0,100.0,989.0,38.0,38.0,100.0,0.0,100.0,0.0,200.0,0.0,100.0,11959.0,100.0,52429462464.0,100.0,111324024200.0
2019-09-29,ZJV02JT6,ST12000NM0007,12000138625024,0,82.0,166241000.0,89.0,0.0,100.0,9.0,100.0,0.0,87.0,477024415.0,87.0,12192.0,100.0,0.0,100.0,9.0,,,,,100.0,0.0,100.0,0.0,,,62.0,38.0,,,100.0,161.0,100.0,991.0,38.0,38.0,100.0,0.0,100.0,0.0,200.0,0.0,100.0,11991.0,100.0,52538199448.0,100.0,111690713136.0
2019-09-30,ZJV02JT6,ST12000NM0007,12000138625024,0,84.0,235579760.0,89.0,0.0,100.0,9.0,100.0,0.0,87.0,480791260.0,87.0,12208.0,100.0,0.0,100.0,9.0,,,,,100.0,0.0,100.0,0.0,,,61.0,39.0,,,100.0,161.0,100.0,991.0,39.0,39.0,100.0,0.0,100.0,0.0,200.0,0.0,100.0,12007.0,100.0,52628679040.0,100.0,111913713064.0
2019-10-01,ZJV02JT6,ST12000NM0007,12000138625024,0,78.0,59660776.0,89.0,0.0,100.0,9.0,100.0,0.0,87.0,487255599.0,87.0,12240.0,100.0,0.0,100.0,9.0,,,,,100.0,0.0,100.0,0.0,,,61.0,39.0,,,100.0,161.0,100.0,993.0,39.0,39.0,100.0,0.0,100.0,0.0,200.0,0.0,100.0,12038.0,100.0,52743848936.0,100.0,112355046320.0
2019-10-02,ZJV02JT6,ST12000NM0007,12000138625024,0,77.0,50296552.0,89.0,0.0,100.0,9.0,100.0,0.0,87.0,489495973.0,87.0,12256.0,100.0,0.0,100.0,9.0,,,,,100.0,0.0,100.0,0.0,,,63.0,37.0,,,100.0,161.0,100.0,993.0,37.0,37.0,100.0,0.0,100.0,0.0,200.0,0.0,100.0,12054.0,100.0,52779928344.0,100.0,112553743392.0
2019-10-03,ZJV02JT6,ST12000NM0007,12000138625024,0,75.0,29855736.0,89.0,0.0,100.0,9.0,100.0,0.0,87.0,493424852.0,86.0,12271.0,100.0,0.0,100.0,9.0,,,,,100.0,0.0,100.0,0.0,,,64.0,36.0,,,100.0,161.0,100.0,994.0,36.0,36.0,100.0,0.0,100.0,0.0,200.0,0.0,100.0,12069.0,100.0,52801144528.0,100.0,112756227048.0
2019-10-04,ZJV02JT6,ST12000NM0007,12000138625024,0,84.0,224654808.0,89.0,0.0,100.0,9.0,100.0,0.0,87.0,495443478.0,86.0,12303.0,100.0,0.0,100.0,9.0,,,,,100.0,0.0,100.0,0.0,,,64.0,36.0,,,100.0,162.0,100.0,995.0,36.0,36.0,100.0,0.0,100.0,0.0,200.0,0.0,100.0,12101.0,100.0,52816619776.0,100.0,112935550872.0
2019-10-05,ZJV02JT6,ST12000NM0007,12000138625024,0,72.0,15563736.0,89.0,0.0,100.0,9.0,100.0,0.0,87.0,498437750.0,86.0,12334.0,100.0,0.0,100.0,9.0,,,,,100.0,0.0,100.0,0.0,,,63.0,37.0,,,100.0,164.0,100.0,997.0,37.0,37.0,100.0,0.0,100.0,0.0,200.0,0.0,100.0,12132.0,100.0,52834231416.0,100.0,113197129752.0
2019-10-06,ZJV02JT6,ST12000NM0007,12000138625024,0,81.0,134677752.0,89.0,0.0,100.0,9.0,100.0,0.0,87.0,499898071.0,86.0,12350.0,100.0,0.0,100.0,9.0,,,,,100.0,0.0,100.0,0.0,,,63.0,37.0,,,100.0,164.0,100.0,997.0,37.0,37.0,100.0,0.0,100.0,0.0,200.0,0.0,100.0,12148.0,100.0,52846590624.0,100.0,113303884560.0
2019-10-07,ZJV02JT6,ST12000NM0007,12000138625024,0,83.0,197539496.0,89.0,0.0,100.0,9.0,100.0,0.0,87.0,504764997.0,86.0,12382.0,100.0,0.0,100.0,9.0,,,,,100.0,0.0,100.0,0.0,,,63.0,37.0,,,100.0,164.0,100.0,999.0,37.0,37.0,100.0,0.0,100.0,0.0,200.0,0.0,100.0,12179.0,100.0,52888001816.0,100.0,113569475848.0
2019-10-08,ZJV02JT6,ST12000NM0007,12000138625024,0,79.0,86204272.0,89.0,0.0,100.0,9.0,100.0,0.0,87.0,506491023.0,86.0,12398.0,100.0,0.0,100.0,9.0,,,,,100.0,0.0,100.0,0.0,,,63.0,37.0,,,100.0,164.0,100.0,999.0,37.0,37.0,100.0,0.0,100.0,0.0,200.0,0.0,100.0,12195.0,100.0,52917106816.0,100.0,113673176272.0
2019-10-09,ZJV02JT6,ST12000NM0007,12000138625024,0,80.0,104420904.0,89.0,0.0,100.0,9.0,100.0,0.0,87.0,509695230.0,86.0,12429.0,100.0,0.0,100.0,9.0,,,,,100.0,0.0,100.0,0.0,,,62.0,38.0,,,100.0,165.0,100.0,1001.0,38.0,38.0,100.0,0.0,100.0,0.0,200.0,0.0,100.0,12226.0,100.0,52986380288.0,100.0,113866260200.0
2019-10-10,ZJV02JT6,ST12000NM0007,12000138625024,0,84.0,236065728.0,89.0,0.0,100.0,9.0,100.0,0.0,87.0,512699911.0,86.0,12445.0,100.0,0.0,100.0,9.0,,,,,100.0,0.0,100.0,0.0,,,68.0,32.0,,,100.0,165.0,100.0,1001.0,32.0,32.0,100.0,0.0,100.0,0.0,200.0,0.0,100.0,12242.0,100.0,53013869584.0,100.0,113970415728.0
2019-10-11,ZJV02JT6,ST12000NM0007,12000138625024,0,83.0,217314984.0,89.0,0.0,100.0,9.0,100.0,0.0,87.0,514983532.0,86.0,12477.0,100.0,0.0,100.0,9.0,,,,,100.0,0.0,100.0,0.0,,,69.0,31.0,,,100.0,165.0,100.0,1003.0,31.0,31.0,100.0,0.0,100.0,0.0,200.0,0.0,100.0,12274.0,100.0,53047291632.0,100.0,114162383576.0
2019-10-12,ZJV02JT6,ST12000NM0007,12000138625024,0,80.0,89435144.0,89.0,0.0,100.0,9.0,100.0,0.0,87.0,516115205.0,86.0,12492.0,100.0,0.0,100.0,9.0,,,,,100.0,0.0,100.0,0.0,,,70.0,30.0,,,100.0,166.0,100.0,1004.0,30.0,30.0,100.0,0.0,100.0,0.0,200.0,0.0,100.0,12289.0,100.0,53066884240.0,100.0,114259051768.0
2019-10-13,ZJV02JT6,ST12000NM0007,12000138625024,0,100.0,1504952.0,89.0,0.0,100.0,9.0,100.0,0.0,87.0,517710569.0,86.0,12524.0,100.0,0.0,100.0,9.0,,,,,100.0,0.0,100.0,0.0,,,70.0,30.0,,,100.0,166.0,100.0,1005.0,30.0,30.0,100.0,0.0,100.0,0.0,200.0,0.0,100.0,12321.0,100.0,53091374000.0,100.0,114390772448.0
2019-10-14,ZJV02JT6,ST12000NM0007,12000138625024,0,81.0,115201792.0,89.0,0.0,100.0,9.0,100.0,0.0,87.0,518759062.0,86.0,12540.0,100.0,0.0,100.0,9.0,,,,,100.0,0.0,100.0,0.0,,,70.0,30.0,,,100.0,167.0,100.0,1006.0,30.0,30.0,100.0,0.0,100.0,0.0,200.0,0.0,100.0,12336.0,100.0,53103596072.0,100.0,114492247216.0
2019-10-15,ZJV02JT6,ST12000NM0007,12000138625024,0,83.0,207804440.0,89.0,0.0,100.0,9.0,100.0,0.0,87.0,522915056.0,86.0,12587.0,100.0,0.0,100.0,9.0,,,,,100.0,0.0,100.0,0.0,,,63.0,37.0,,,100.0,169.0,100.0,1008.0,37.0,37.0,100.0,0.0,100.0,0.0,200.0,0.0,100.0,12383.0,100.0,53139707488.0,100.0,114792879112.0
2019-10-16,ZJV02JT6,ST12000NM0007,12000138625024,0,83.0,207804440.0,89.0,0.0,100.0,9.0,100.0,0.0,87.0,522915056.0,86.0,12587.0,100.0,0.0,100.0,9.0,,,,,100.0,0.0,100.0,0.0,,,63.0,37.0,,,100.0,169.0,100.0,1008.0,37.0,37.0,100.0,0.0,100.0,0.0,200.0,0.0,100.0,12383.0,100.0,53139707488.0,100.0,114792879112.0
2019-10-17,ZJV02JT6,ST12000NM0007,12000138625024,0,82.0,166706832.0,89.0,0.0,100.0,9.0,100.0,0.0,87.0,526222493.0,86.0,12619.0,100.0,0.0,100.0,9.0,,,,,100.0,0.0,100.0,0.0,,,63.0,37.0,,,100.0,169.0,100.0,1010.0,37.0,37.0,100.0,0.0,100.0,0.0,200.0,0.0,100.0,12415.0,100.0,53166407264.0,100.0,114969222384.0
2019-10-18,ZJV02JT6,ST12000NM0007,12000138625024,0,76.0,43864936.0,89.0,0.0,100.0,9.0,100.0,0.0,87.0,527368427.0,86.0,12634.0,100.0,0.0,100.0,9.0,,,,,100.0,0.0,100.0,0.0,,,63.0,37.0,,,100.0,169.0,100.0,1010.0,37.0,37.0,100.0,0.0,100.0,0.0,200.0,0.0,100.0,12430.0,100.0,53184437080.0,100.0,115072491424.0
2019-10-19,ZJV02JT6,ST12000NM0007,12000138625024,0,83.0,179791968.0,89.0,0.0,100.0,9.0,100.0,0.0,87.0,529050257.0,86.0,12666.0,100.0,0.0,100.0,9.0,,,,,100.0,0.0,100.0,0.0,,,62.0,38.0,,,100.0,171.0,100.0,1012.0,38.0,38.0,100.0,0.0,100.0,0.0,200.0,0.0,100.0,12462.0,100.0,53209502184.0,100.0,115183353352.0
2019-10-20,ZJV02JT6,ST12000NM0007,12000138625024,0,76.0,39336808.0,89.0,0.0,100.0,9.0,100.0,0.0,87.0,530427317.0,86.0,12682.0,100.0,0.0,100.0,9.0,,,,,100.0,0.0,100.0,0.0,,,63.0,37.0,,,100.0,171.0,100.0,1013.0,37.0,37.0,100.0,0.0,100.0,0.0,200.0,0.0,100.0,12477.0,100.0,53231321952.0,100.0,115265219056.0
2019-10-21,ZJV02JT6,ST12000NM0007,12000138625024,0,84.0,234503440.0,89.0,0.0,100.0,9.0,100.0,0.0,87.0,534379590.0,86.0,12713.0,100.0,0.0,100.0,9.0,,,,,100.0,0.0,100.0,0.0,,,63.0,37.0,,,100.0,172.0,100.0,1014.0,37.0,37.0,100.0,0.0,100.0,0.0,200.0,0.0,100.0,12509.0,100.0,53265491840.0,100.0,115426215800.0
2019-10-22,ZJV02JT6,ST12000NM0007,12000138625024,0,79.0,72907536.0,89.0,0.0,100.0,9.0,100.0,0.0,87.0,535615742.0,86.0,12729.0,100.0,0.0,100.0,9.0,,,,,100.0,0.0,100.0,0.0,,,63.0,37.0,,,100.0,172.0,100.0,1015.0,37.0,37.0,100.0,0.0,100.0,0.0,200.0,0.0,100.0,12525.0,100.0,53287437552.0,100.0,115486814872.0
2019-10-23,ZJV02JT6,ST12000NM0007,12000138625024,0,79.0,85822416.0,89.0,0.0,100.0,9.0,100.0,0.0,87.0,540456359.0,86.0,12761.0,100.0,0.0,100.0,9.0,,,,,100.0,0.0,100.0,0.0,,,69.0,31.0,,,100.0,172.0,100.0,1016.0,31.0,31.0,100.0,0.0,100.0,0.0,200.0,0.0,100.0,12556.0,100.0,53333950416.0,100.0,115697357520.0
2019-10-24,ZJV02JT6,ST12000NM0007,12000138625024,0,83.0,213515248.0,89.0,0.0,100.0,9.0,100.0,0.0,87.0,543298866.0,86.0,12777.0,100.0,0.0,100.0,9.0,,,,,100.0,0.0,100.0,0.0,,,70.0,30.0,,,100.0,173.0,100.0,1017.0,30.0,30.0,100.0,0.0,100.0,0.0,200.0,0.0,100.0,12572.0,100.0,53350952776.0,100.0,115808047992.0
2019-10-25,ZJV02JT6,ST12000NM0007,12000138625024,0,82.0,176600752.0,89.0,0.0,100.0,9.0,100.0,0.0,87.0,545611338.0,86.0,12808.0,100.0,0.0,100.0,9.0,,,,,100.0,0.0,100.0,0.0,,,70.0,30.0,,,100.0,174.0,100.0,1018.0,30.0,30.0,100.0,0.0,100.0,0.0,200.0,0.0,100.0,12603.0,100.0,53377572824.0,100.0,115988654080.0
2019-10-26,ZJV02JT6,ST12000NM0007,12000138625024,0,70.0,9312640.0,89.0,0.0,100.0,9.0,100.0,0.0,87.0,548916339.0,86.0,12840.0,100.0,0.0,100.0,9.0,,,,,100.0,0.0,100.0,0.0,,,69.0,31.0,,,100.0,175.0,100.0,1021.0,31.0,31.0,100.0,0.0,100.0,0.0,200.0,0.0,100.0,12635.0,100.0,53427237008.0,100.0,116259983714.0
2019-10-27,ZJV02JT6,ST12000NM0007,12000138625024,0,81.0,132168752.0,89.0,0.0,100.0,9.0,100.0,0.0,87.0,550429860.0,86.0,12856.0,100.0,0.0,100.0,9.0,,,,,100.0,0.0,100.0,0.0,,,70.0,30.0,,,100.0,175.0,100.0,1021.0,30.0,30.0,100.0,0.0,100.0,0.0,200.0,0.0,100.0,12650.0,100.0,53452164944.0,100.0,116357911890.0
2019-10-28,ZJV02JT6,ST12000NM0007,12000138625024,0,82.0,160008920.0,89.0,0.0,100.0,9.0,100.0,0.0,87.0,554940647.0,86.0,12887.0,100.0,0.0,100.0,9.0,,,,,100.0,0.0,100.0,0.0,,,70.0,30.0,,,100.0,175.0,100.0,1023.0,30.0,30.0,100.0,0.0,100.0,0.0,200.0,0.0,100.0,12682.0,100.0,53498887760.0,100.0,116583170042.0
2019-10-29,ZJV02JT6,ST12000NM0007,12000138625024,0,73.0,21448480.0,89.0,0.0,100.0,9.0,100.0,0.0,87.0,556244055.0,86.0,12903.0,100.0,0.0,100.0,9.0,,,,,100.0,0.0,100.0,0.0,,,70.0,30.0,,,100.0,175.0,100.0,1023.0,30.0,30.0,100.0,0.0,100.0,0.0,200.0,0.0,100.0,12697.0,100.0,53521703104.0,100.0,116665935002.0
2019-10-30,ZJV02JT6,ST12000NM0007,12000138625024,0,80.0,91362280.0,89.0,0.0,100.0,9.0,100.0,0.0,87.0,560007370.0,86.0,12935.0,100.0,0.0,100.0,9.0,,,,,100.0,0.0,100.0,0.0,,,69.0,31.0,,,100.0,177.0,100.0,1025.0,31.0,31.0,100.0,0.0,100.0,0.0,200.0,0.0,100.0,12729.0,100.0,53595535552.0,100.0,116906157090.0
2019-10-31,ZJV02JT6,ST12000NM0007,12000138625024,0,83.0,219732280.0,89.0,0.0,100.0,9.0,100.0,0.0,88.0,562554245.0,86.0,12951.0,100.0,0.0,100.0,9.0,,,,,100.0,0.0,100.0,0.0,,,69.0,31.0,,,100.0,177.0,100.0,1026.0,31.0,31.0,100.0,0.0,100.0,0.0,200.0,0.0,100.0,12744.0,100.0,53620346544.0,100.0,117009716098.0
2019-11-01,ZJV02JT6,ST12000NM0007,12000138625024,0,74.0,25776384.0,89.0,0.0,100.0,9.0,100.0,0.0,88.0,566856748.0,86.0,12982.0,100.0,0.0,100.0,9.0,,,,,100.0,0.0,100.0,0.0,,,69.0,31.0,,,100.0,177.0,100.0,1027.0,31.0,31.0,100.0,0.0,100.0,0.0,200.0,0.0,100.0,12776.0,100.0,53677945328.0,100.0,117490583594.0
2019-11-02,ZJV02JT6,ST12000NM0007,12000138625024,0,73.0,19386864.0,89.0,0.0,100.0,9.0,100.0,0.0,88.0,568919546.0,86.0,12998.0,100.0,0.0,100.0,9.0,,,,,100.0,0.0,100.0,0.0,,,69.0,31.0,,,100.0,177.0,100.0,1028.0,31.0,31.0,100.0,0.0,100.0,0.0,200.0,0.0,100.0,12791.0,100.0,53702369776.0,100.0,117703910258.0
2019-11-03,ZJV02JT6,ST12000NM0007,12000138625024,0,74.0,27709120.0,89.0,0.0,100.0,9.0,100.0,0.0,88.0,571792765.0,86.0,13029.0,100.0,0.0,100.0,9.0,,,,,100.0,0.0,100.0,0.0,,,69.0,31.0,,,100.0,178.0,100.0,1029.0,31.0,31.0,100.0,0.0,100.0,0.0,200.0,0.0,100.0,12823.0,100.0,53730650928.0,100.0,117928092026.0
2019-11-04,ZJV02JT6,ST12000NM0007,12000138625024,0,84.0,238668136.0,89.0,0.0,100.0,9.0,100.0,0.0,88.0,574249811.0,86.0,13045.0,100.0,0.0,100.0,9.0,,,,,100.0,0.0,100.0,0.0,,,68.0,32.0,,,100.0,178.0,100.0,1029.0,32.0,32.0,100.0,0.0,100.0,0.0,200.0,0.0,100.0,12839.0,100.0,53749117000.0,100.0,118120584970.0
2019-11-05,ZJV02JT6,ST12000NM0007,12000138625024,0,81.0,125862288.0,89.0,0.0,100.0,9.0,100.0,0.0,88.0,578770049.0,86.0,13077.0,100.0,0.0,100.0,9.0,,,,,100.0,0.0,100.0,0.0,,,63.0,37.0,,,100.0,178.0,100.0,1031.0,37.0,37.0,100.0,0.0,100.0,0.0,200.0,0.0,100.0,12870.0,100.0,53803223464.0,100.0,118441954082.0
2019-11-06,ZJV02JT6,ST12000NM0007,12000138625024,0,80.0,101036216.0,89.0,0.0,100.0,9.0,100.0,0.0,88.0,580659281.0,86.0,13093.0,100.0,0.0,100.0,9.0,,,,,100.0,0.0,100.0,0.0,,,64.0,36.0,,,100.0,178.0,100.0,1031.0,36.0,36.0,100.0,0.0,100.0,0.0,200.0,0.0,100.0,12886.0,100.0,53829851872.0,100.0,118634640322.0
2019-11-07,ZJV02JT6,ST12000NM0007,12000138625024,0,84.0,230063848.0,89.0,0.0,100.0,9.0,100.0,0.0,88.0,584064645.0,86.0,13125.0,100.0,0.0,100.0,9.0,,,,,100.0,0.0,100.0,0.0,,,63.0,37.0,,,100.0,178.0,100.0,1033.0,37.0,37.0,100.0,0.0,100.0,0.0,200.0,0.0,100.0,12918.0,100.0,53880709880.0,100.0,118956950594.0
2019-11-08,ZJV02JT6,ST12000NM0007,12000138625024,0,80.0,98531344.0,89.0,0.0,100.0,9.0,100.0,0.0,88.0,585377535.0,85.0,13140.0,100.0,0.0,100.0,9.0,,,,,100.0,0.0,100.0,0.0,,,63.0,37.0,,,100.0,178.0,100.0,1034.0,37.0,37.0,100.0,0.0,100.0,0.0,200.0,0.0,100.0,12933.0,100.0,53899394776.0,100.0,119050873922.0
2019-11-09,ZJV02JT6,ST12000NM0007,12000138625024,0,83.0,203589040.0,89.0,0.0,100.0,9.0,100.0,0.0,88.0,588738223.0,85.0,13172.0,100.0,0.0,100.0,9.0,,,,,100.0,0.0,100.0,0.0,,,63.0,37.0,,,100.0,178.0,100.0,1035.0,37.0,37.0,100.0,0.0,100.0,0.0,200.0,0.0,100.0,12965.0,100.0,53942305416.0,100.0,119357161618.0
2019-11-10,ZJV02JT6,ST12000NM0007,12000138625024,0,81.0,115433456.0,89.0,0.0,100.0,9.0,100.0,0.0,88.0,590398736.0,85.0,13188.0,100.0,0.0,100.0,9.0,,,,,100.0,0.0,100.0,0.0,,,63.0,37.0,,,100.0,178.0,100.0,1036.0,37.0,37.0,100.0,0.0,100.0,0.0,200.0,0.0,100.0,12981.0,100.0,53972556744.0,100.0,119482895514.0
2019-11-11,ZJV02JT6,ST12000NM0007,12000138625024,0,82.0,148797960.0,89.0,0.0,100.0,9.0,100.0,0.0,88.0,594820290.0,85.0,13219.0,100.0,0.0,100.0,9.0,,,,,100.0,0.0,100.0,0.0,,,63.0,37.0,,,100.0,178.0,100.0,1037.0,37.0,37.0,100.0,0.0,100.0,0.0,200.0,0.0,100.0,13012.0,100.0,54013078744.0,100.0,119719878666.0
2019-11-12,ZJV02JT6,ST12000NM0007,12000138625024,0,75.0,29213488.0,89.0,0.0,100.0,9.0,100.0,0.0,88.0,596232289.0,85.0,13235.0,100.0,0.0,100.0,9.0,,,,,100.0,0.0,100.0,0.0,,,63.0,37.0,,,100.0,178.0,100.0,1038.0,37.0,37.0,100.0,0.0,100.0,0.0,200.0,0.0,100.0,13028.0,100.0,54036405952.0,100.0,119821107642.0
2019-11-13,ZJV02JT6,ST12000NM0007,12000138625024,0,82.0,162696848.0,89.0,0.0,100.0,9.0,100.0,0.0,88.0,599675990.0,85.0,13267.0,100.0,0.0,100.0,9.0,,,,,100.0,0.0,100.0,0.0,,,69.0,31.0,,,100.0,178.0,100.0,1039.0,31.0,31.0,100.0,0.0,100.0,0.0,200.0,0.0,100.0,13059.0,100.0,54070868136.0,100.0,120164269578.0
2019-11-14,ZJV02JT6,ST12000NM0007,12000138625024,0,79.0,75930120.0,89.0,0.0,100.0,9.0,100.0,0.0,88.0,602387624.0,85.0,13283.0,100.0,0.0,100.0,9.0,,,,,100.0,0.0,100.0,0.0,,,69.0,31.0,,,100.0,178.0,100.0,1040.0,31.0,31.0,100.0,0.0,100.0,0.0,200.0,0.0,100.0,13075.0,100.0,54077507112.0,100.0,120315004714.0
2019-11-15,ZJV02JT6,ST12000NM0007,12000138625024,0,83.0,199165528.0,89.0,0.0,100.0,9.0,100.0,0.0,88.0,607302298.0,85.0,13314.0,100.0,0.0,100.0,9.0,,,,,100.0,0.0,100.0,0.0,,,68.0,32.0,,,100.0,178.0,100.0,1041.0,32.0,32.0,100.0,0.0,100.0,0.0,200.0,0.0,100.0,13107.0,100.0,54092798240.0,100.0,120667089642.0
2019-11-16,ZJV02JT6,ST12000NM0007,12000138625024,0,78.0,59449352.0,89.0,0.0,100.0,9.0,100.0,0.0,88.0,608609060.0,85.0,13330.0,100.0,0.0,100.0,9.0,,,,,100.0,0.0,100.0,0.0,,,70.0,30.0,,,100.0,178.0,100.0,1042.0,30.0,30.0,100.0,0.0,100.0,0.0,200.0,0.0,100.0,13123.0,100.0,54106665960.0,100.0,120757646514.0
2019-11-17,ZJV02JT6,ST12000NM0007,12000138625024,0,82.0,151517856.0,89.0,0.0,100.0,9.0,100.0,0.0,88.0,611575638.0,85.0,13362.0,100.0,0.0,100.0,9.0,,,,,100.0,0.0,100.0,0.0,,,69.0,31.0,,,100.0,178.0,100.0,1043.0,31.0,31.0,100.0,0.0,100.0,0.0,200.0,0.0,100.0,13154.0,100.0,54126776224.0,100.0,121073745482.0
2019-11-18,ZJV02JT6,ST12000NM0007,12000138625024,0,80.0,107025816.0,89.0,0.0,100.0,9.0,100.0,0.0,88.0,613405955.0,85.0,13377.0,100.0,0.0,100.0,9.0,,,,,100.0,0.0,100.0,0.0,,,69.0,31.0,,,100.0,178.0,100.0,1044.0,31.0,31.0,100.0,0.0,100.0,0.0,200.0,0.0,100.0,13170.0,100.0,54141394904.0,100.0,121258775554.0
2019-11-19,ZJV02JT6,ST12000NM0007,12000138625024,0,82.0,153697520.0,89.0,0.0,100.0,9.0,100.0,0.0,88.0,618202871.0,85.0,13409.0,100.0,0.0,100.0,9.0,,,,,100.0,0.0,100.0,0.0,,,69.0,31.0,,,100.0,179.0,100.0,1045.0,31.0,31.0,100.0,0.0,100.0,0.0,200.0,0.0,100.0,13201.0,100.0,54163788880.0,100.0,121527194202.0
2019-11-20,ZJV02JT6,ST12000NM0007,12000138625024,0,79.0,85406744.0,89.0,0.0,100.0,9.0,100.0,0.0,88.0,620102833.0,85.0,13425.0,100.0,0.0,100.0,9.0,,,,,100.0,0.0,100.0,0.0,,,69.0,31.0,,,100.0,180.0,100.0,1046.0,31.0,31.0,100.0,0.0,100.0,0.0,200.0,0.0,100.0,13217.0,100.0,54183467224.0,100.0,121683365778.0
2019-11-21,ZJV02JT6,ST12000NM0007,12000138625024,0,83.0,198832336.0,89.0,0.0,100.0,9.0,100.0,0.0,88.0,623192046.0,85.0,13457.0,100.0,0.0,100.0,9.0,,,,,100.0,0.0,100.0,0.0,,,69.0,31.0,,,100.0,181.0,100.0,1048.0,31.0,31.0,100.0,0.0,100.0,0.0,200.0,0.0,100.0,13249.0,100.0,54222012256.0,100.0,122002386970.0
2019-11-22,ZJV02JT6,ST12000NM0007,12000138625024,0,80.0,106337224.0,89.0,0.0,100.0,9.0,100.0,0.0,88.0,624617708.0,85.0,13472.0,100.0,0.0,100.0,9.0,,,,,100.0,0.0,100.0,0.0,,,69.0,31.0,,,100.0,181.0,100.0,1049.0,31.0,31.0,100.0,0.0,100.0,0.0,200.0,0.0,100.0,13264.0,100.0,54244685856.0,100.0,122131359170.0
2019-11-23,ZJV02JT6,ST12000NM0007,12000138625024,0,80.0,97514016.0,89.0,0.0,100.0,9.0,100.0,0.0,88.0,626821341.0,85.0,13504.0,100.0,0.0,100.0,9.0,,,,,100.0,0.0,100.0,0.0,,,70.0,30.0,,,100.0,181.0,100.0,1050.0,30.0,30.0,100.0,0.0,100.0,0.0,200.0,0.0,100.0,13295.0,100.0,54273452288.0,100.0,122337910178.0
2019-11-24,ZJV02JT6,ST12000NM0007,12000138625024,0,84.0,226579960.0,89.0,0.0,100.0,9.0,100.0,0.0,88.0,627946830.0,85.0,13520.0,100.0,0.0,100.0,9.0,,,,,100.0,0.0,100.0,0.0,,,70.0,30.0,,,100.0,182.0,100.0,1051.0,30.0,30.0,100.0,0.0,100.0,0.0,200.0,0.0,100.0,13311.0,100.0,54292657696.0,100.0,122447770714.0
2019-11-25,ZJV02JT6,ST12000NM0007,12000138625024,0,76.0,41622896.0,89.0,0.0,100.0,9.0,100.0,0.0,88.0,630548314.0,85.0,13551.0,100.0,0.0,100.0,9.0,,,,,100.0,0.0,100.0,0.0,,,70.0,30.0,,,100.0,182.0,100.0,1052.0,30.0,30.0,100.0,0.0,100.0,0.0,200.0,0.0,100.0,13343.0,100.0,54320288344.0,100.0,122723464410.0
2019-11-26,ZJV02JT6,ST12000NM0007,12000138625024,0,83.0,208467480.0,89.0,0.0,100.0,9.0,100.0,0.0,88.0,633959383.0,85.0,13567.0,100.0,0.0,100.0,9.0,,,,,100.0,0.0,100.0,0.0,,,70.0,30.0,,,100.0,182.0,100.0,1053.0,30.0,30.0,100.0,0.0,100.0,0.0,200.0,0.0,100.0,13358.0,100.0,54333839872.0,100.0,122876757466.0
2019-11-27,ZJV02JT6,ST12000NM0007,12000138625024,0,72.0,16406912.0,89.0,0.0,100.0,9.0,100.0,0.0,88.0,636623439.0,85.0,13599.0,100.0,0.0,100.0,9.0,,,,,100.0,0.0,100.0,0.0,,,63.0,37.0,,,100.0,183.0,100.0,1054.0,37.0,37.0,100.0,0.0,100.0,0.0,200.0,0.0,100.0,13390.0,100.0,54363291280.0,100.0,123143527026.0
2019-11-28,ZJV02JT6,ST12000NM0007,12000138625024,0,81.0,117700208.0,89.0,0.0,100.0,9.0,100.0,0.0,88.0,637585173.0,85.0,13614.0,100.0,0.0,100.0,9.0,,,,,100.0,0.0,100.0,0.0,,,64.0,36.0,,,100.0,183.0,100.0,1055.0,36.0,36.0,100.0,0.0,100.0,0.0,200.0,0.0,100.0,13405.0,100.0,54379343496.0,100.0,123228768106.0
2019-11-29,ZJV02JT6,ST12000NM0007,12000138625024,0,82.0,158652704.0,89.0,0.0,100.0,9.0,100.0,0.0,88.0,639629712.0,85.0,13646.0,100.0,0.0,100.0,9.0,,,,,100.0,0.0,100.0,0.0,,,63.0,37.0,,,100.0,184.0,100.0,1056.0,37.0,37.0,100.0,0.0,100.0,0.0,200.0,0.0,100.0,13437.0,100.0,54410256912.0,100.0,123482947890.0
2019-11-30,ZJV02JT6,ST12000NM0007,12000138625024,0,80.0,104263448.0,89.0,0.0,100.0,9.0,100.0,0.0,88.0,640953390.0,85.0,13662.0,100.0,0.0,100.0,9.0,,,,,100.0,0.0,100.0,0.0,,,63.0,37.0,,,100.0,185.0,100.0,1057.0,37.0,37.0,100.0,0.0,100.0,0.0,200.0,0.0,100.0,13453.0,100.0,54427167784.0,100.0,123655788546.0
2019-12-01,ZJV02JT6,ST12000NM0007,12000138625024,0,76.0,38000826.0,89.0,0.0,100.0,10.0,100.0,0.0,88.0,643917502.0,85.0,13694.0,100.0,0.0,100.0,10.0,,,,,100.0,0.0,100.0,0.0,,,63.0,37.0,,,100.0,186.0,100.0,1061.0,37.0,37.0,100.0,0.0,100.0,0.0,200.0,0.0,100.0,13484.0,100.0,54448578112.0,100.0,124056397292.0
2019-12-02,ZJV02JT6,ST12000NM0007,12000138625024,0,76.0,38738232.0,89.0,0.0,100.0,10.0,100.0,0.0,88.0,648344510.0,85.0,13726.0,100.0,0.0,100.0,10.0,,,,,100.0,0.0,100.0,0.0,,,62.0,38.0,,,100.0,187.0,100.0,1062.0,38.0,38.0,100.0,0.0,100.0,0.0,200.0,0.0,100.0,13516.0,100.0,54469210056.0,100.0,124524784180.0
2019-12-03,ZJV02JT6,ST12000NM0007,12000138625024,0,83.0,217925744.0,89.0,0.0,100.0,10.0,100.0,0.0,88.0,650782443.0,85.0,13741.0,100.0,0.0,100.0,10.0,,,,,100.0,0.0,100.0,0.0,,,69.0,31.0,,,100.0,187.0,100.0,1063.0,31.0,31.0,100.0,0.0,100.0,0.0,200.0,0.0,100.0,13532.0,100.0,54476237384.0,100.0,124696944364.0
2019-12-04,ZJV02JT6,ST12000NM0007,12000138625024,0,81.0,114855992.0,89.0,0.0,100.0,10.0,100.0,0.0,88.0,653440061.0,85.0,13773.0,100.0,0.0,100.0,10.0,,,,,100.0,0.0,100.0,0.0,,,70.0,30.0,,,100.0,187.0,100.0,1065.0,30.0,30.0,100.0,0.0,100.0,0.0,200.0,0.0,100.0,13563.0,100.0,54498366480.0,100.0,125060026836.0
2019-12-05,ZJV02JT6,ST12000NM0007,12000138625024,0,84.0,226409280.0,89.0,0.0,100.0,10.0,100.0,0.0,88.0,656227031.0,85.0,13789.0,100.0,0.0,100.0,10.0,,,,,100.0,0.0,100.0,0.0,,,70.0,30.0,,,100.0,187.0,100.0,1065.0,30.0,30.0,100.0,0.0,100.0,0.0,200.0,0.0,100.0,13579.0,100.0,54506258240.0,100.0,125163688364.0
2019-12-06,ZJV02JT6,ST12000NM0007,12000138625024,0,77.0,54379048.0,89.0,0.0,100.0,10.0,100.0,0.0,88.0,658720666.0,85.0,13820.0,100.0,0.0,100.0,10.0,,,,,100.0,0.0,100.0,0.0,,,70.0,30.0,,,100.0,188.0,100.0,1067.0,30.0,30.0,100.0,0.0,100.0,0.0,200.0,0.0,100.0,13610.0,100.0,54526991064.0,100.0,125459206692.0
2019-12-07,ZJV02JT6,ST12000NM0007,12000138625024,0,74.0,25687832.0,89.0,0.0,100.0,10.0,100.0,0.0,88.0,660177435.0,85.0,13836.0,100.0,0.0,100.0,10.0,,,,,100.0,0.0,100.0,0.0,,,70.0,30.0,,,100.0,188.0,100.0,1067.0,30.0,30.0,100.0,0.0,100.0,0.0,200.0,0.0,100.0,13626.0,100.0,54537765432.0,100.0,125663881756.0
2019-12-08,ZJV02JT6,ST12000NM0007,12000138625024,0,81.0,136037888.0,89.0,0.0,100.0,10.0,100.0,0.0,88.0,662944019.0,85.0,13868.0,100.0,0.0,100.0,10.0,,,,,100.0,0.0,100.0,0.0,,,70.0,30.0,,,100.0,188.0,100.0,1069.0,30.0,30.0,100.0,0.0,100.0,0.0,200.0,0.0,100.0,13657.0,100.0,54567780576.0,100.0,125988357492.0
2019-12-09,ZJV02JT6,ST12000NM0007,12000138625024,0,78.0,56405280.0,89.0,0.0,100.0,10.0,100.0,0.0,88.0,664646490.0,85.0,13883.0,100.0,0.0,100.0,10.0,,,,,100.0,0.0,100.0,0.0,,,70.0,30.0,,,100.0,188.0,100.0,1069.0,30.0,30.0,100.0,0.0,100.0,0.0,200.0,0.0,100.0,13673.0,100.0,54584604440.0,100.0,126136041836.0
2019-12-10,ZJV02JT6,ST12000NM0007,12000138625024,0,69.0,8172640.0,89.0,0.0,100.0,10.0,100.0,0.0,88.0,668215387.0,85.0,13915.0,100.0,0.0,100.0,10.0,,,,,100.0,0.0,100.0,0.0,,,69.0,31.0,,,100.0,188.0,100.0,1071.0,31.0,31.0,100.0,0.0,100.0,0.0,200.0,0.0,100.0,13704.0,100.0,54599703688.0,100.0,126560991292.0
2019-12-11,ZJV02JT6,ST12000NM0007,12000138625024,0,66.0,3875104.0,89.0,0.0,100.0,10.0,100.0,0.0,88.0,669453185.0,85.0,13931.0,100.0,0.0,100.0,10.0,,,,,100.0,0.0,100.0,0.0,,,70.0,30.0,,,100.0,188.0,100.0,1071.0,30.0,30.0,100.0,0.0,100.0,0.0,200.0,0.0,100.0,13720.0,100.0,54620563240.0,100.0,126779974924.0
2019-12-12,ZJV02JT6,ST12000NM0007,12000138625024,0,83.0,192812048.0,89.0,0.0,100.0,10.0,100.0,0.0,88.0,671923686.0,85.0,13962.0,100.0,0.0,100.0,10.0,,,,,100.0,0.0,100.0,0.0,,,70.0,30.0,,,100.0,188.0,100.0,1073.0,30.0,30.0,100.0,0.0,100.0,0.0,200.0,0.0,100.0,13751.0,100.0,54643031240.0,100.0,127190584508.0
2019-12-13,ZJV02JT6,ST12000NM0007,12000138625024,0,82.0,161502080.0,89.0,0.0,100.0,10.0,100.0,0.0,88.0,673074767.0,85.0,13978.0,100.0,0.0,100.0,10.0,,,,,100.0,0.0,100.0,0.0,,,70.0,30.0,,,100.0,188.0,100.0,1074.0,30.0,30.0,100.0,0.0,100.0,0.0,200.0,0.0,100.0,13767.0,100.0,54650433816.0,100.0,127396012780.0
2019-12-14,ZJV02JT6,ST12000NM0007,12000138625024,0,78.0,67346960.0,89.0,0.0,100.0,10.0,100.0,0.0,88.0,675114464.0,85.0,14010.0,100.0,0.0,100.0,10.0,,,,,100.0,0.0,100.0,0.0,,,70.0,30.0,,,100.0,188.0,100.0,1075.0,30.0,30.0,100.0,0.0,100.0,0.0,200.0,0.0,100.0,13798.0,100.0,54667076600.0,100.0,127773496260.0
2019-12-15,ZJV02JT6,ST12000NM0007,12000138625024,0,77.0,54127064.0,89.0,0.0,100.0,10.0,100.0,0.0,88.0,676406970.0,84.0,14025.0,100.0,0.0,100.0,10.0,,,,,100.0,0.0,100.0,0.0,,,70.0,30.0,,,100.0,189.0,100.0,1076.0,30.0,30.0,100.0,0.0,100.0,0.0,200.0,0.0,100.0,13814.0,100.0,54681221520.0,100.0,127990272172.0
2019-12-16,ZJV02JT6,ST12000NM0007,12000138625024,0,81.0,123083160.0,89.0,0.0,100.0,10.0,100.0,0.0,88.0,681093074.0,84.0,14057.0,100.0,0.0,100.0,10.0,,,,,100.0,0.0,100.0,0.0,,,68.0,32.0,,,100.0,189.0,100.0,1077.0,32.0,32.0,100.0,0.0,100.0,0.0,200.0,0.0,100.0,13846.0,100.0,54703256080.0,100.0,128525475244.0
2019-12-17,ZJV02JT6,ST12000NM0007,12000138625024,0,80.0,107634408.0,89.0,0.0,100.0,10.0,100.0,0.0,88.0,682520649.0,84.0,14073.0,100.0,0.0,100.0,10.0,,,,,100.0,0.0,100.0,0.0,,,70.0,30.0,,,100.0,190.0,100.0,1078.0,30.0,30.0,100.0,0.0,100.0,0.0,200.0,0.0,100.0,13861.0,100.0,54713120848.0,100.0,128744302380.0
2019-12-18,ZJV02JT6,ST12000NM0007,12000138625024,0,80.0,103690120.0,89.0,0.0,100.0,10.0,100.0,0.0,88.0,684865758.0,84.0,14105.0,100.0,0.0,100.0,10.0,,,,,100.0,0.0,100.0,0.0,,,63.0,37.0,,,100.0,190.0,100.0,1079.0,37.0,37.0,100.0,0.0,100.0,0.0,200.0,0.0,100.0,13893.0,100.0,54740564472.0,100.0,129201196100.0
2019-12-19,ZJV02JT6,ST12000NM0007,12000138625024,0,79.0,79246168.0,89.0,0.0,100.0,10.0,100.0,0.0,88.0,686089091.0,84.0,14120.0,100.0,0.0,100.0,10.0,,,,,100.0,0.0,100.0,0.0,,,64.0,36.0,,,100.0,190.0,100.0,1080.0,36.0,36.0,100.0,0.0,100.0,0.0,200.0,0.0,100.0,13909.0,100.0,54749285640.0,100.0,129412171756.0
2019-12-20,ZJV02JT6,ST12000NM0007,12000138625024,0,76.0,38426888.0,89.0,0.0,100.0,10.0,100.0,0.0,88.0,688282703.0,84.0,14152.0,100.0,0.0,100.0,10.0,,,,,100.0,0.0,100.0,0.0,,,64.0,36.0,,,100.0,190.0,100.0,1081.0,36.0,36.0,100.0,0.0,100.0,0.0,200.0,0.0,100.0,13940.0,100.0,54770631192.0,100.0,129838288724.0
2019-12-21,ZJV02JT6,ST12000NM0007,12000138625024,0,72.0,16178880.0,89.0,0.0,100.0,10.0,100.0,0.0,88.0,689770564.0,84.0,14168.0,100.0,0.0,100.0,10.0,,,,,100.0,0.0,100.0,0.0,,,64.0,36.0,,,100.0,191.0,100.0,1082.0,36.0,36.0,100.0,0.0,100.0,0.0,200.0,0.0,100.0,13956.0,100.0,54774365592.0,100.0,130056447044.0
2019-12-22,ZJV02JT6,ST12000NM0007,12000138625024,0,71.0,12235784.0,89.0,0.0,100.0,10.0,100.0,0.0,88.0,693029995.0,84.0,14199.0,100.0,0.0,100.0,10.0,,,,,100.0,0.0,100.0,0.0,,,63.0,37.0,,,100.0,191.0,100.0,1085.0,37.0,37.0,100.0,0.0,100.0,0.0,200.0,0.0,100.0,13987.0,100.0,54785627328.0,100.0,130529523518.0
2019-12-23,ZJV02JT6,ST12000NM0007,12000138625024,0,83.0,201825200.0,89.0,0.0,100.0,10.0,100.0,0.0,88.0,694020032.0,84.0,14215.0,100.0,0.0,100.0,10.0,,,,,100.0,0.0,100.0,0.0,,,64.0,36.0,,,100.0,191.0,100.0,1085.0,36.0,36.0,100.0,0.0,100.0,0.0,200.0,0.0,100.0,14003.0,100.0,54790394384.0,100.0,130714345878.0
2019-12-24,ZJV02JT6,ST12000NM0007,12000138625024,0,81.0,116161504.0,89.0,0.0,100.0,10.0,100.0,0.0,88.0,697743517.0,84.0,14247.0,100.0,0.0,100.0,10.0,,,,,100.0,0.0,100.0,0.0,,,69.0,31.0,,,100.0,191.0,100.0,1087.0,31.0,31.0,100.0,0.0,100.0,0.0,200.0,0.0,100.0,14034.0,100.0,54801178256.0,100.0,131106180310.0
2019-12-25,ZJV02JT6,ST12000NM0007,12000138625024,0,73.0,21773312.0,89.0,0.0,100.0,10.0,100.0,0.0,88.0,698577033.0,84.0,14262.0,100.0,0.0,100.0,10.0,,,,,100.0,0.0,100.0,0.0,,,70.0,30.0,,,100.0,191.0,100.0,1087.0,30.0,30.0,100.0,0.0,100.0,0.0,200.0,0.0,100.0,14050.0,100.0,54808885024.0,100.0,131248226070.0
2019-12-26,ZJV02JT6,ST12000NM0007,12000138625024,0,79.0,83000104.0,89.0,0.0,100.0,10.0,100.0,0.0,88.0,701924576.0,84.0,14294.0,100.0,0.0,100.0,10.0,,,,,100.0,0.0,100.0,0.0,,,70.0,30.0,,,100.0,193.0,100.0,1089.0,30.0,30.0,100.0,0.0,100.0,0.0,200.0,0.0,100.0,14081.0,100.0,54815462912.0,100.0,131547015646.0
2019-12-27,ZJV02JT6,ST12000NM0007,12000138625024,0,83.0,211585728.0,89.0,0.0,100.0,10.0,100.0,0.0,88.0,702661676.0,84.0,14310.0,100.0,0.0,100.0,10.0,,,,,100.0,0.0,100.0,0.0,,,70.0,30.0,,,100.0,193.0,100.0,1089.0,30.0,30.0,100.0,0.0,100.0,0.0,200.0,0.0,100.0,14097.0,100.0,54818523456.0,100.0,131672540726.0
2019-12-28,ZJV02JT6,ST12000NM0007,12000138625024,0,84.0,227204696.0,89.0,0.0,100.0,10.0,100.0,0.0,88.0,704212671.0,84.0,14341.0,100.0,0.0,100.0,10.0,,,,,100.0,0.0,100.0,0.0,,,70.0,30.0,,,100.0,193.0,100.0,1090.0,30.0,30.0,100.0,0.0,100.0,0.0,200.0,0.0,100.0,14129.0,100.0,54826446984.0,100.0,131924376902.0
2019-12-29,ZJV02JT6,ST12000NM0007,12000138625024,0,81.0,139334456.0,89.0,0.0,100.0,10.0,100.0,0.0,88.0,706165839.0,84.0,14373.0,100.0,0.0,100.0,10.0,,,,,100.0,0.0,100.0,0.0,,,70.0,30.0,,,100.0,193.0,100.0,1092.0,30.0,30.0,100.0,0.0,100.0,0.0,200.0,0.0,100.0,14160.0,100.0,54836220920.0,100.0,132315014366.0
2019-12-30,ZJV02JT6,ST12000NM0007,12000138625024,0,81.0,124737648.0,89.0,0.0,100.0,10.0,100.0,0.0,89.0,707985888.0,84.0,14389.0,100.0,0.0,100.0,10.0,,,,,100.0,0.0,100.0,0.0,,,70.0,30.0,,,100.0,193.0,100.0,1093.0,30.0,30.0,100.0,0.0,100.0,0.0,200.0,0.0,100.0,14176.0,100.0,54841993248.0,100.0,132538786062.0
2019-12-31,ZJV02JT6,ST12000NM0007,12000138625024,0,79.0,82017320.0,89.0,0.0,100.0,10.0,100.0,0.0,89.0,711110387.0,84.0,14421.0,100.0,0.0,100.0,10.0,,,,,100.0,0.0,100.0,0.0,,,70.0,30.0,,,100.0,193.0,100.0,1094.0,30.0,30.0,100.0,0.0,100.0,0.0,200.0,0.0,100.0,14208.0,100.0,54859913504.0,100.0,132966426982.0
