2019-01-01,ZJV0225H,ST12000NM0007,12000138625024,0,84,226936184,95.0,0.0,100.0,4.0,100.0,0.0,89.0,818632816.0,93,6398,100.0,0.0,100,4,,,,,100.0,0.0,100.0,0.0,,,73.0,27.0,,,100.0,47.0,100.0,455.0,27,27,100.0,0.0,100.0,0.0,200.0,0.0,100.0,6312.0,100.0,40350149544.0,100.0,58021426170.0
2019-01-02,ZJV0225H,ST12000NM0007,12000138625024,0,84,226552760,95.0,0.0,100.0,4.0,100.0,0.0,89.0,821312617.0,93,6421,100.0,0.0,100,4,,,,,100.0,0.0,100.0,0.0,,,73.0,27.0,,,100.0,47.0,100.0,456.0,27,27,100.0,0.0,100.0,0.0,200.0,0.0,100.0,6335.0,100.0,40420107896.0,100.0,58195225370.0
2019-01-03,ZJV0225H,ST12000NM0007,12000138625024,0,83.0,196156072.0,95.0,0.0,100.0,4.0,100.0,0.0,89.0,823633068.0,93.0,6445.0,100.0,0.0,100.0,4.0,,,,,100.0,0.0,100.0,0.0,,,74.0,26.0,,,100.0,47.0,100.0,457.0,26.0,26.0,100.0,0.0,100.0,0.0,200.0,0.0,100.0,6359.0,100.0,40481455496.0,100.0,58347621762.0
2019-01-04,ZJV0225H,ST12000NM0007,12000138625024,0,83,193460072,95.0,0.0,100.0,4.0,100.0,0.0,89.0,825932703.0,93,6469,100.0,0.0,100,4,,,,,100.0,0.0,100.0,0.0,,,72.0,28.0,,,100.0,47.0,100.0,458.0,28,28,100.0,0.0,100.0,0.0,200.0,0.0,100.0,6382.0,100.0,40557579784.0,100.0,58512942426.0
2019-01-05,ZJV0225H,ST12000NM0007,12000138625024,0,84,236517352,95.0,0.0,100.0,4.0,100.0,0.0,89.0,828972475.0,93,6493,100.0,0.0,100,4,,,,,100.0,0.0,100.0,0.0,,,73.0,27.0,,,100.0,47.0,100.0,459.0,27,27,100.0,0.0,100.0,0.0,200.0,0.0,100.0,6406.0,100.0,40650517080.0,100.0,58707203266.0
2019-01-06,ZJV0225H,ST12000NM0007,12000138625024,0,78,59018056,95.0,0.0,100.0,4.0,100.0,0.0,89.0,832801084.0,93,6517,100.0,0.0,100,4,,,,,100.0,0.0,100.0,0.0,,,72.0,28.0,,,100.0,47.0,100.0,460.0,28,28,100.0,0.0,100.0,0.0,200.0,0.0,100.0,6431.0,100.0,40749673352.0,100.0,58918829130.0
2019-01-07,ZJV0225H,ST12000NM0007,12000138625024,0,82,141753728,95.0,0.0,100.0,4.0,100.0,0.0,89.0,836670328.0,93,6541,100.0,0.0,100,4,,,,,100.0,0.0,100.0,0.0,,,72.0,28.0,,,100.0,48.0,100.0,461.0,28,28,100.0,0.0,100.0,0.0,200.0,0.0,100.0,6454.0,100.0,40817759112.0,100.0,59177619786.0
2019-01-08,ZJV0225H,ST12000NM0007,12000138625024,0,83,210047568,95.0,0.0,100.0,4.0,100.0,0.0,89.0,839780802.0,93,6564,100.0,0.0,100,4,,,,,100.0,0.0,100.0,0.0,,,73.0,27.0,,,100.0,48.0,100.0,462.0,27,27,100.0,0.0,100.0,0.0,200.0,0.0,100.0,6478.0,100.0,40915075768.0,100.0,59392737706.0
2019-01-09,ZJV0225H,ST12000NM0007,12000138625024,0,80,95396800,95.0,0.0,100.0,4.0,100.0,0.0,89.0,843590734.0,93,6590,100.0,0.0,100,4,,,,,100.0,0.0,100.0,0.0,,,73.0,27.0,,,100.0,48.0,100.0,463.0,27,27,100.0,0.0,100.0,0.0,200.0,0.0,100.0,6503.0,100.0,41035486464.0,100.0,59645957722.0
2019-01-10,ZJV0225H,ST12000NM0007,12000138625024,0,83,223612816,95.0,0.0,100.0,4.0,100.0,0.0,89.0,845209393.0,93,6606,100.0,0.0,100,4,,,,,100.0,0.0,100.0,0.0,,,74.0,26.0,,,100.0,48.0,100.0,463.0,26,26,100.0,0.0,100.0,0.0,200.0,0.0,100.0,6519.0,100.0,41064342352.0,100.0,59745317850.0
2019-01-11,ZJV0225H,ST12000NM0007,12000138625024,0,80.0,96329576.0,95.0,0.0,100.0,4.0,100.0,0.0,89.0,846448007.0,93.0,6626.0,100.0,0.0,100.0,4.0,,,,,100.0,0.0,100.0,0.0,,,73.0,27.0,,,100.0,49.0,100.0,464.0,27.0,27.0,100.0,0.0,100.0,0.0,200.0,0.0,100.0,6539.0,100.0,41086283568.0,100.0,59840234338.0
2019-01-12,ZJV0225H,ST12000NM0007,12000138625024,0,68,6332280,95.0,0.0,100.0,4.0,100.0,0.0,89.0,847902624.0,93,6642,100.0,0.0,100,4,,,,,100.0,0.0,100.0,0.0,,,73.0,27.0,,,100.0,49.0,100.0,465.0,27,27,100.0,0.0,100.0,0.0,200.0,0.0,100.0,6555.0,100.0,41116259792.0,100.0,59964401498.0
2019-01-13,ZJV0225H,ST12000NM0007,12000138625024,0,78,61781888,95.0,0.0,100.0,4.0,100.0,0.0,89.0,850908923.0,93,6673,100.0,0.0,100,4,,,,,100.0,0.0,100.0,0.0,,,73.0,27.0,,,100.0,50.0,100.0,466.0,27,27,100.0,0.0,100.0,0.0,200.0,0.0,100.0,6586.0,100.0,41186574840.0,100.0,60193676706.0
2019-01-14,ZJV0225H,ST12000NM0007,12000138625024,0,83,219274208,95.0,0.0,100.0,4.0,100.0,0.0,89.0,852444684.0,93,6689,100.0,0.0,100,4,,,,,100.0,0.0,100.0,0.0,,,74.0,26.0,,,100.0,50.0,100.0,467.0,26,26,100.0,0.0,100.0,0.0,200.0,0.0,100.0,6602.0,100.0,41218336512.0,100.0,60319407354.0
2019-01-15,ZJV0225H,ST12000NM0007,12000138625024,0,75.0,32656240.0,95.0,0.0,100.0,4.0,100.0,0.0,89.0,855590672.0,93.0,6721.0,100.0,0.0,100.0,4.0,,,,,100.0,0.0,100.0,0.0,,,73.0,27.0,,,100.0,50.0,100.0,468.0,27.0,27.0,100.0,0.0,100.0,0.0,200.0,0.0,100.0,6634.0,100.0,41295721264.0,100.0,60543686018.0
2019-01-16,ZJV0225H,ST12000NM0007,12000138625024,0,83,218090240,95.0,0.0,100.0,4.0,100.0,0.0,89.0,857319351.0,93,6737,100.0,0.0,100,4,,,,,100.0,0.0,100.0,0.0,,,72.0,28.0,,,100,50,100.0,469.0,28,28,100.0,0.0,100.0,0.0,200.0,0.0,100.0,6650.0,100.0,41332226960.0,100.0,60692614322.0
2019-01-17,ZJV0225H,ST12000NM0007,12000138625024,0,79,78017648,95.0,0.0,100.0,4.0,100.0,0.0,89.0,861980212.0,93,6768,100.0,0.0,100,4,,,,,100.0,0.0,100.0,0.0,,,73.0,27.0,,,100,50,100.0,470.0,27,27,100.0,0.0,100.0,0.0,200.0,0.0,100.0,6681.0,100.0,41400120104.0,100.0,60972929946.0
2019-01-18,ZJV0225H,ST12000NM0007,12000138625024,0,100,2209632,95.0,0.0,100.0,4.0,100.0,0.0,89.0,863420359.0,93,6784,100.0,0.0,100,4,,,,,100.0,0.0,100.0,0.0,,,72.0,28.0,,,100,51,100.0,471.0,28,28,100.0,0.0,100.0,0.0,200.0,0.0,100.0,6697.0,100.0,41433180976.0,100.0,61108201786.0
2019-01-19,ZJV0225H,ST12000NM0007,12000138625024,0,79,88765896,95.0,0.0,100.0,4.0,100.0,0.0,89.0,866679005.0,93,6816,100.0,0.0,100,4,,,,,100.0,0.0,100.0,0.0,,,72.0,28.0,,,100,52,100.0,472.0,28,28,100.0,0.0,100.0,0.0,200.0,0.0,100.0,6728.0,100.0,41519383512.0,100.0,61352696170.0
2019-01-20,ZJV0225H,ST12000NM0007,12000138625024,0,75,31312200,95.0,0.0,100.0,4.0,100.0,0.0,89.0,868367503.0,93,6832,100.0,0.0,100,4,,,,,100.0,0.0,100.0,0.0,,,73.0,27.0,,,100,52,100.0,473.0,27,27,100.0,0.0,100.0,0.0,200.0,0.0,100.0,6744.0,100.0,41581556664.0,100.0,61477209954.0
2019-01-21,ZJV0225H,ST12000NM0007,12000138625024,0,83,180604888,95.0,0.0,100.0,4.0,100.0,0.0,89.0,872325482.0,93,6863,100.0,0.0,100,4,,,,,100.0,0.0,100.0,0.0,,,72.0,28.0,,,100,52,100.0,474.0,28,28,100.0,0.0,100.0,0.0,200.0,0.0,100.0,6776.0,100.0,41712281976.0,100.0,61739917986.0
2019-01-22,ZJV0225H,ST12000NM0007,12000138625024,0,82.0,151288536.0,95.0,0.0,100.0,4.0,100.0,0.0,89.0,874724473.0,93.0,6879.0,100.0,0.0,100.0,4.0,,,,,100.0,0.0,100.0,0.0,,,73.0,27.0,,,100.0,52.0,100.0,475.0,27.0,27.0,100.0,0.0,100.0,0.0,200.0,0.0,100.0,6791.0,100.0,41758688336.0,100.0,61908335906.0
2019-01-23,ZJV0225H,ST12000NM0007,12000138625024,0,84.0,233349064.0,95.0,0.0,100.0,4.0,100.0,0.0,89.0,877783925.0,93.0,6911.0,100.0,0.0,100.0,4.0,,,,,100.0,0.0,100.0,0.0,,,73.0,27.0,,,100.0,53.0,100.0,476.0,27.0,27.0,100.0,0.0,100.0,0.0,200.0,0.0,100.0,6823.0,100.0,41851063960.0,100.0,62142161586.0
2019-01-24,ZJV0225H,ST12000NM0007,12000138625024,0,80.0,100363496.0,95.0,0.0,100.0,4.0,100.0,0.0,89.0,882289968.0,93.0,6942.0,100.0,0.0,100.0,4.0,,,,,100.0,0.0,100.0,0.0,,,72.0,28.0,,,100.0,54.0,100.0,477.0,28.0,28.0,100.0,0.0,100.0,0.0,200.0,0.0,100.0,6854.0,100.0,41930439856.0,100.0,62418081562.0
2019-01-25,ZJV0225H,ST12000NM0007,12000138625024,0,82,156256432,95.0,0.0,100.0,4.0,100.0,0.0,89.0,885212436.0,93,6974,100.0,0.0,100,4,,,,,100.0,0.0,100.0,0.0,,,73.0,27.0,,,100,55,100.0,479.0,27,27,100.0,0.0,100.0,0.0,200.0,0.0,100.0,6886.0,100.0,41983863008.0,100.0,62664692114.0
2019-01-26,ZJV0225H,ST12000NM0007,12000138625024,0,75,30893208,95.0,0.0,100.0,4.0,100.0,0.0,89.0,886118690.0,93,6990,100.0,0.0,100,4,,,,,100.0,0.0,100.0,0.0,,,73.0,27.0,,,100,55,100.0,479.0,27,27,100.0,0.0,100.0,0.0,200.0,0.0,100.0,6902.0,100.0,41993971944.0,100.0,62773360658.0
2019-01-27,ZJV0225H,ST12000NM0007,12000138625024,0,81,140467464,95.0,0.0,100.0,4.0,100.0,0.0,89.0,889417128.0,92,7022,100.0,0.0,100,4,,,,,100.0,0.0,100.0,0.0,,,72.0,28.0,,,100,56,100.0,481.0,28,28,100.0,0.0,100.0,0.0,200.0,0.0,100.0,6933.0,100.0,42071189728.0,100.0,63049857818.0
2019-01-28,ZJV0225H,ST12000NM0007,12000138625024,0,80,106894768,95.0,0.0,100.0,4.0,100.0,0.0,90.0,891966052.0,92,7038,100.0,0.0,100,4,,,,,100.0,0.0,100.0,0.0,,,72.0,28.0,,,100,56,100.0,481.0,28,28,100.0,0.0,100.0,0.0,200.0,0.0,100.0,6949.0,100.0,42137681048.0,100.0,63193934506.0
2019-01-29,ZJV0225H,ST12000NM0007,12000138625024,0,81,139866952,95.0,0.0,100.0,4.0,100.0,0.0,90.0,895061341.0,92,7069,100.0,0.0,100,4,,,,,100.0,0.0,100.0,0.0,,,73.0,27.0,,,100,58,100.0,483.0,27,27,100.0,0.0,100.0,0.0,200.0,0.0,100.0,6981.0,100.0,42213977512.0,100.0,63394750930.0
2019-01-30,ZJV0225H,ST12000NM0007,12000138625024,0,71,14053176,95.0,0.0,100.0,4.0,100.0,0.0,90.0,896550239.0,92,7085,100.0,0.0,100,4,,,,,100.0,0.0,100.0,0.0,,,72.0,28.0,,,100,58,100.0,483.0,28,28,100.0,0.0,100.0,0.0,200.0,0.0,100.0,6996.0,100.0,42251805864.0,100.0,63475249602.0
2019-01-31,ZJV0225H,ST12000NM0007,12000138625024,0,81,124649832,95.0,0.0,100.0,4.0,100.0,0.0,90.0,900752355.0,92,7117,100.0,0.0,100,4,,,,,100.0,0.0,100.0,0.0,,,73.0,27.0,,,100,59,100.0,485.0,27,27,100.0,0.0,100.0,0.0,200.0,0.0,100.0,7028.0,100.0,42354400712.0,100.0,63727392114.0
2019-02-01,ZJV0225H,ST12000NM0007,12000138625024,0,77,47366944,95.0,0.0,100.0,4.0,100.0,0.0,90.0,902345442.0,92,7133,100.0,0.0,100,4,,,,,100.0,0.0,100.0,0.0,,,73.0,27.0,,,100,59,100.0,485.0,27,27,100.0,0.0,100.0,0.0,200.0,0.0,100.0,7044.0,100.0,42395642592.0,100.0,63853008002.0
2019-02-02,ZJV0225H,ST12000NM0007,12000138625024,0,82.0,147328984.0,95.0,0.0,100.0,4.0,100.0,0.0,90.0,906444922.0,92.0,7164.0,100.0,0.0,100.0,4.0,,,,,100.0,0.0,100.0,0.0,,,72.0,28.0,,,100.0,60.0,100.0,487.0,28.0,28.0,100.0,0.0,100.0,0.0,200.0,0.0,100.0,7075.0,100.0,42513502048.0,100.0,64079251338.0
2019-02-03,ZJV0225H,ST12000NM0007,12000138625024,0,81,140325160,95.0,0.0,100.0,4.0,100.0,0.0,90.0,909626779.0,92,7180,100.0,0.0,100,4,,,,,100.0,0.0,100.0,0.0,,,72.0,28.0,,,100,60,100.0,487.0,28,28,100.0,0.0,100.0,0.0,200.0,0.0,100.0,7091.0,100.0,42583889792.0,100.0,64246000426.0
2019-02-04,ZJV0225H,ST12000NM0007,12000138625024,0,81,119121024,95.0,0.0,100.0,4.0,100.0,0.0,90.0,914551570.0,92,7212,100.0,0.0,100,4,,,,,100.0,0.0,100.0,0.0,,,72.0,28.0,,,100,61,100.0,488.0,28,28,100.0,0.0,100.0,0.0,200.0,0.0,100.0,7122.0,100.0,42740282160.0,100.0,64556685322.0
2019-02-05,ZJV0225H,ST12000NM0007,12000138625024,0,80.0,97298432.0,95.0,0.0,100.0,4.0,100.0,0.0,90.0,916637534.0,92.0,7228.0,100.0,0.0,100.0,4.0,,,,,100.0,0.0,100.0,0.0,,,72.0,28.0,,,100.0,62.0,100.0,489.0,28.0,28.0,100.0,0.0,100.0,0.0,200.0,0.0,100.0,7138.0,100.0,42827473472.0,100.0,64691812082.0
2019-02-06,ZJV0225H,ST12000NM0007,12000138625024,0,71,13115544,95.0,0.0,100.0,4.0,100.0,0.0,90.0,920250248.0,92,7259,100.0,0.0,100,4,,,,,100.0,0.0,100.0,0.0,,,72.0,28.0,,,100,62,100.0,490.0,28,28,100.0,0.0,100.0,0.0,200.0,0.0,100.0,7170.0,100.0,42947222048.0,100.0,64976162090.0
2019-02-07,ZJV0225H,ST12000NM0007,12000138625024,0,83.0,211811456.0,95.0,0.0,100.0,4.0,100.0,0.0,90.0,922759698.0,92.0,7275.0,100.0,0.0,100.0,4.0,,,,,100.0,0.0,100.0,0.0,,,73.0,27.0,,,100.0,62.0,100.0,491.0,27.0,27.0,100.0,0.0,100.0,0.0,200.0,0.0,100.0,7185.0,100.0,43010069120.0,100.0,65112010930.0
2019-02-08,ZJV0225H,ST12000NM0007,12000138625024,0,81,113074424,95.0,0.0,100.0,4.0,100.0,0.0,90.0,924293154.0,92,7291,100.0,0.0,100,4,,,,,100.0,0.0,100.0,0.0,,,74.0,26.0,,,100,63,100.0,492.0,26,26,100.0,0.0,100.0,0.0,200.0,0.0,100.0,7201.0,100.0,43033405648.0,100.0,65234078074.0
2019-02-09,ZJV0225H,ST12000NM0007,12000138625024,0,82.0,167312928.0,95.0,0.0,100.0,4.0,100.0,0.0,90.0,927378591.0,92.0,7323.0,100.0,0.0,100.0,4.0,,,,,100.0,0.0,100.0,0.0,,,73.0,27.0,,,100.0,64.0,100.0,493.0,27.0,27.0,100.0,0.0,100.0,0.0,200.0,0.0,100.0,7233.0,100.0,43090653600.0,100.0,65475209322.0
2019-02-10,ZJV0225H,ST12000NM0007,12000138625024,0,79,80196904,95.0,0.0,100.0,4.0,100.0,0.0,90.0,928626260.0,92,7338,100.0,0.0,100,4,,,,,100.0,0.0,100.0,0.0,,,74.0,26.0,,,100,65,100.0,494.0,26,26,100.0,0.0,100.0,0.0,200.0,0.0,100.0,7248.0,100.0,43107577688.0,100.0,65615309850.0
2019-02-11,ZJV0225H,ST12000NM0007,12000138625024,0,82,170770544,95.0,0.0,100.0,4.0,100.0,0.0,90.0,931405789.0,92,7370,100.0,0.0,100,4,,,,,100.0,0.0,100.0,0.0,,,73.0,27.0,,,100,66,100.0,495.0,27,27,100.0,0.0,100.0,0.0,200.0,0.0,100.0,7280.0,100.0,43157362200.0,100.0,65900239626.0
2019-02-12,ZJV0225H,ST12000NM0007,12000138625024,0,78.0,56724104.0,95.0,0.0,100.0,4.0,100.0,0.0,90.0,932763734.0,92.0,7386.0,100.0,0.0,100.0,4.0,,,,,100.0,0.0,100.0,0.0,,,74.0,26.0,,,100.0,67.0,100.0,496.0,26.0,26.0,100.0,0.0,100.0,0.0,200.0,0.0,100.0,7296.0,100.0,43181553656.0,100.0,66006142410.0
2019-02-13,ZJV0225H,ST12000NM0007,12000138625024,0,80,92261912,95.0,0.0,100.0,4.0,100.0,0.0,90.0,934889521.0,92,7418,100.0,0.0,100,4,,,,,100.0,0.0,100.0,0.0,,,73.0,27.0,,,100,68,100.0,497.0,27,27,100.0,0.0,100.0,0.0,200.0,0.0,100.0,7327.0,100.0,43236577128.0,100.0,66230797402.0
2019-02-14,ZJV0225H,ST12000NM0007,12000138625024,0,76,44179528,95.0,0.0,100.0,4.0,100.0,0.0,90.0,937971996.0,92,7434,100.0,0.0,100,4,,,,,100.0,0.0,100.0,0.0,,,73.0,27.0,,,100,69,100.0,498.0,27,27,100.0,0.0,100.0,0.0,200.0,0.0,100.0,7343.0,100.0,43266560352.0,100.0,66396872426.0
2019-02-15,ZJV0225H,ST12000NM0007,12000138625024,0,80.0,98629456.0,95.0,0.0,100.0,4.0,100.0,0.0,90.0,940564516.0,92.0,7466.0,100.0,0.0,100.0,4.0,,,,,100.0,0.0,100.0,0.0,,,73.0,27.0,,,100.0,70.0,100.0,499.0,27.0,27.0,100.0,0.0,100.0,0.0,200.0,0.0,100.0,7375.0,100.0,43326316928.0,100.0,66635706458.0
2019-02-16,ZJV0225H,ST12000NM0007,12000138625024,0,72.0,17285936.0,95.0,0.0,100.0,4.0,100.0,0.0,90.0,941890461.0,92.0,7481.0,100.0,0.0,100.0,4.0,,,,,100.0,0.0,100.0,0.0,,,72.0,28.0,,,100.0,70.0,100.0,500.0,28.0,28.0,100.0,0.0,100.0,0.0,200.0,0.0,100.0,7391.0,100.0,43353234184.0,100.0,66771586466.0
2019-02-17,ZJV0225H,ST12000NM0007,12000138625024,0,81,124574672,95.0,0.0,100.0,4.0,100.0,0.0,90.0,945478673.0,92,7513,100.0,0.0,100,4,,,,,100.0,0.0,100.0,0.0,,,72.0,28.0,,,100,71,100.0,501.0,28,28,100.0,0.0,100.0,0.0,200.0,0.0,100.0,7422.0,100.0,43480600728.0,100.0,66995649786.0
2019-02-18,ZJV0225H,ST12000NM0007,12000138625024,0,72,15548552,95.0,0.0,100.0,4.0,100.0,0.0,90.0,946848056.0,92,7529,100.0,0.0,100,4,,,,,100.0,0.0,100.0,0.0,,,73.0,27.0,,,100,72,100.0,502.0,27,27,100.0,0.0,100.0,0.0,200.0,0.0,100.0,7438.0,100.0,43512654928.0,100.0,67098710098.0
2019-02-19,ZJV0225H,ST12000NM0007,12000138625024,0,81,131445248,95.0,0.0,100.0,4.0,100.0,0.0,90.0,950882358.0,92,7561,100.0,0.0,100,4,,,,,100.0,0.0,100.0,0.0,,,73.0,27.0,,,100,72,100.0,503.0,27,27,100.0,0.0,100.0,0.0,200.0,0.0,100.0,7470.0,100.0,43593188304.0,100.0,67378214210.0
2019-02-20,ZJV0225H,ST12000NM0007,12000138625024,0,78.0,56935808.0,95.0,0.0,100.0,4.0,100.0,0.0,90.0,952361466.0,92.0,7577.0,100.0,0.0,100.0,4.0,,,,,100.0,0.0,100.0,0.0,,,74.0,26.0,,,100.0,72.0,100.0,504.0,26.0,26.0,100.0,0.0,100.0,0.0,200.0,0.0,100.0,7486.0,100.0,43629308976.0,100.0,67511725210.0
2019-02-21,ZJV0225H,ST12000NM0007,12000138625024,0,83,181048864,95.0,0.0,100.0,4.0,100.0,0.0,90.0,956815955.0,92,7609,100.0,0.0,100,4,,,,,100.0,0.0,100.0,0.0,,,73.0,27.0,,,100,72,100.0,505.0,27,27,100.0,0.0,100.0,0.0,200.0,0.0,100.0,7517.0,100.0,43741367792.0,100.0,67767920466.0
2019-02-22,ZJV0225H,ST12000NM0007,12000138625024,0,72,16188752,95.0,0.0,100.0,4.0,100.0,0.0,90.0,960102663.0,92,7640,100.0,0.0,100,4,,,,,100.0,0.0,100.0,0.0,,,74.0,26.0,,,100,72,100.0,506.0,26,26,100.0,0.0,100.0,0.0,200.0,0.0,100.0,7549.0,100.0,43861543344.0,100.0,67971166962.0
2019-02-23,ZJV0225H,ST12000NM0007,12000138625024,0,84.0,226403224.0,95.0,0.0,100.0,4.0,100.0,0.0,90.0,962021203.0,92.0,7656.0,100.0,0.0,100.0,4.0,,,,,100.0,0.0,100.0,0.0,,,74.0,26.0,,,100.0,72.0,100.0,507.0,26.0,26.0,100.0,0.0,100.0,0.0,200.0,0.0,100.0,7565.0,100.0,43926442528.0,100.0,68116482250.0
2019-02-24,ZJV0225H,ST12000NM0007,12000138625024,0,82,141280120,95.0,0.0,100.0,4.0,100.0,0.0,90.0,966322396.0,92,7688,100.0,0.0,100,4,,,,,100.0,0.0,100.0,0.0,,,72.0,28.0,,,100,73,100.0,508.0,28,28,100.0,0.0,100.0,0.0,200.0,0.0,100.0,7597.0,100.0,44000117840.0,100.0,68445965434.0
2019-02-25,ZJV0225H,ST12000NM0007,12000138625024,0,78,59042992,95.0,0.0,100.0,4.0,100.0,0.0,90.0,967618375.0,92,7704,100.0,0.0,100,4,,,,,100.0,0.0,100.0,0.0,,,72.0,28.0,,,100,74,100.0,509.0,28,28,100.0,0.0,100.0,0.0,200.0,0.0,100.0,7613.0,100.0,44028687000.0,100.0,68579300002.0
2019-02-26,ZJV0225H,ST12000NM0007,12000138625024,0,82,168095768,95.0,0.0,100.0,4.0,100.0,0.0,90.0,971313705.0,92,7736,100.0,0.0,100,4,,,,,100.0,0.0,100.0,0.0,,,72.0,28.0,,,100,74,100.0,510.0,28,28,100.0,0.0,100.0,0.0,200.0,0.0,100.0,7645.0,100.0,44111551072.0,100.0,68849629354.0
2019-02-27,ZJV0225H,ST12000NM0007,12000138625024,0,79.0,79114848.0,95.0,0.0,100.0,4.0,100.0,0.0,90.0,972744652.0,92.0,7752.0,100.0,0.0,100.0,4.0,,,,,100.0,0.0,100.0,0.0,,,72.0,28.0,,,100.0,75.0,100.0,511.0,28.0,28.0,100.0,0.0,100.0,0.0,200.0,0.0,100.0,7660.0,100.0,44150683952.0,100.0,68965656266.0
2019-02-28,ZJV0225H,ST12000NM0007,12000138625024,0,82,147536864,95.0,0.0,100.0,4.0,100.0,0.0,90.0,976441412.0,92,7784,100.0,0.0,100,4,,,,,100.0,0.0,100.0,0.0,,,73.0,27.0,,,100,75,100.0,512.0,27,27,100.0,0.0,100.0,0.0,200.0,0.0,100.0,7692.0,100.0,44235413456.0,100.0,69193489490.0
2019-03-01,ZJV0225H,ST12000NM0007,12000138625024,0,78.0,61701048.0,95.0,0.0,100.0,4.0,100.0,0.0,90.0,977835865.0,92.0,7800.0,100.0,0.0,100.0,4.0,,,,,100.0,0.0,100.0,0.0,,,73.0,27.0,,,100.0,76.0,100.0,513.0,27.0,27.0,100.0,0.0,100.0,0.0,200.0,0.0,100.0,7708.0,100.0,44271247712.0,100.0,69315960138.0
2019-03-02,ZJV0225H,ST12000NM0007,12000138625024,0,80.0,92248776.0,95.0,0.0,100.0,4.0,100.0,0.0,90.0,980460516.0,92.0,7831.0,100.0,0.0,100.0,4.0,,,,,100.0,0.0,100.0,0.0,,,73.0,27.0,,,100.0,77.0,100.0,514.0,27.0,27.0,100.0,0.0,100.0,0.0,200.0,0.0,100.0,7739.0,100.0,44339982896.0,100.0,69521913314.0
2019-03-03,ZJV0225H,ST12000NM0007,12000138625024,0,69.0,8244624.0,95.0,0.0,100.0,4.0,100.0,0.0,90.0,982076391.0,92.0,7847.0,100.0,0.0,100.0,4.0,,,,,100.0,0.0,100.0,0.0,,,73.0,27.0,,,100.0,77.0,100.0,515.0,27.0,27.0,100.0,0.0,100.0,0.0,200.0,0.0,100.0,7755.0,100.0,44381190792.0,100.0,69640842082.0
2019-03-04,ZJV0225H,ST12000NM0007,12000138625024,0,81,131328712,95.0,0.0,100.0,4.0,100.0,0.0,90.0,986699769.0,92,7879,100.0,0.0,100,4,,,,,100.0,0.0,100.0,0.0,,,73.0,27.0,,,100,78,100.0,516.0,27,27,100.0,0.0,100.0,0.0,200.0,0.0,100.0,7787.0,100.0,44483383360.0,100.0,69905874530.0
2019-03-05,ZJV0225H,ST12000NM0007,12000138625024,0,77.0,55045600.0,95.0,0.0,100.0,4.0,100.0,0.0,90.0,988339126.0,91.0,7895.0,100.0,0.0,100.0,4.0,,,,,100.0,0.0,100.0,0.0,,,71.0,29.0,,,100.0,78.0,100.0,517.0,29.0,29.0,100.0,0.0,100.0,0.0,200.0,0.0,100.0,7803.0,100.0,44526295216.0,100.0,70030820210.0
2019-03-06,ZJV0225H,ST12000NM0007,12000138625024,0,82.0,146885496.0,95.0,0.0,100.0,4.0,100.0,0.0,90.0,991437334.0,91.0,7926.0,100.0,0.0,100.0,4.0,,,,,100.0,0.0,100.0,0.0,,,72.0,28.0,,,100.0,79.0,100.0,518.0,28.0,28.0,100.0,0.0,100.0,0.0,200.0,0.0,100.0,7834.0,100.0,44604828480.0,100.0,70288267490.0
2019-03-07,ZJV0225H,ST12000NM0007,12000138625024,0,80.0,108953472.0,95.0,0.0,100.0,4.0,100.0,0.0,90.0,994022568.0,91.0,7942.0,100.0,0.0,100.0,4.0,,,,,100.0,0.0,100.0,0.0,,,72.0,28.0,,,100.0,79.0,100.0,519.0,28.0,28.0,100.0,0.0,100.0,0.0,200.0,0.0,100.0,7850.0,100.0,44671350224.0,100.0,70427954482.0
2019-03-08,ZJV0225H,ST12000NM0007,12000138625024,0,81.0,135505272.0,95.0,0.0,100.0,4.0,100.0,0.0,90.0,998040248.0,91.0,7974.0,100.0,0.0,100.0,4.0,,,,,100.0,0.0,100.0,0.0,,,72.0,28.0,,,100.0,80.0,100.0,520.0,28.0,28.0,100.0,0.0,100.0,0.0,200.0,0.0,100.0,7882.0,100.0,44742570256.0,100.0,70627427146.0
2019-03-09,ZJV0225H,ST12000NM0007,12000138625024,0,78.0,65779384.0,95.0,0.0,100.0,4.0,100.0,0.0,90.0,999581170.0,91.0,7990.0,100.0,0.0,100.0,4.0,,,,,100.0,0.0,100.0,0.0,,,72.0,28.0,,,100.0,80.0,100.0,521.0,28.0,28.0,100.0,0.0,100.0,0.0,200.0,0.0,100.0,7897.0,100.0,44781660704.0,100.0,70762751442.0
2019-03-10,ZJV0225H,ST12000NM0007,12000138625024,0,74.0,22489320.0,95.0,0.0,100.0,4.0,100.0,0.0,63.0,2112104.0,91.0,8022.0,100.0,0.0,100.0,4.0,,,,,100.0,0.0,100.0,0.0,,,73.0,27.0,,,100.0,81.0,100.0,522.0,27.0,27.0,100.0,0.0,100.0,0.0,200.0,0.0,100.0,7929.0,100.0,44860806368.0,100.0,70884456578.0
2019-03-11,ZJV0225H,ST12000NM0007,12000138625024,0,83.0,208564536.0,95.0,0.0,100.0,4.0,100.0,0.0,68.0,6939351.0,91.0,8053.0,100.0,0.0,100.0,4.0,,,,,100.0,0.0,100.0,0.0,,,73.0,27.0,,,100.0,82.0,100.0,523.0,27.0,27.0,100.0,0.0,100.0,0.0,200.0,0.0,100.0,7961.0,100.0,45014951128.0,100.0,71160528202.0
2019-03-12,ZJV0225H,ST12000NM0007,12000138625024,0,81.0,123618264.0,95.0,0.0,100.0,4.0,100.0,0.0,69.0,8590708.0,91.0,8069.0,100.0,0.0,100.0,4.0,,,,,100.0,0.0,100.0,0.0,,,73.0,27.0,,,100.0,83.0,100.0,524.0,27.0,27.0,100.0,0.0,100.0,0.0,200.0,0.0,100.0,7976.0,100.0,45067968512.0,100.0,71266705474.0
2019-03-13,ZJV0225H,ST12000NM0007,12000138625024,0,83.0,182267880.0,95.0,0.0,100.0,4.0,100.0,0.0,71.0,12198258.0,91.0,8101.0,100.0,0.0,100.0,4.0,,,,,100.0,0.0,100.0,0.0,,,74.0,26.0,,,100.0,84.0,100.0,525.0,26.0,26.0,100.0,0.0,100.0,0.0,200.0,0.0,100.0,8008.0,100.0,45175323008.0,100.0,71462141242.0
2019-03-14,ZJV0225H,ST12000NM0007,12000138625024,0,80.0,92958736.0,95.0,0.0,100.0,4.0,100.0,0.0,72.0,14618909.0,91.0,8117.0,100.0,0.0,100.0,4.0,,,,,100.0,0.0,100.0,0.0,,,74.0,26.0,,,100.0,85.0,100.0,526.0,26.0,26.0,100.0,0.0,100.0,0.0,200.0,0.0,100.0,8024.0,100.0,45229765752.0,100.0,71562530378.0
2019-03-15,ZJV0225H,ST12000NM0007,12000138625024,0,80.0,94508112.0,95.0,0.0,100.0,4.0,100.0,0.0,72.0,17226176.0,91.0,8149.0,100.0,0.0,100.0,4.0,,,,,100.0,0.0,100.0,0.0,,,75.0,25.0,,,100.0,85.0,100.0,527.0,25.0,25.0,100.0,0.0,100.0,0.0,200.0,0.0,100.0,8055.0,100.0,45296520424.0,100.0,71741465874.0
2019-03-16,ZJV0225H,ST12000NM0007,12000138625024,0,84.0,228247928.0,95.0,0.0,100.0,4.0,100.0,0.0,73.0,18381302.0,91.0,8164.0,100.0,0.0,100.0,4.0,,,,,100.0,0.0,100.0,0.0,,,74.0,26.0,,,100.0,86.0,100.0,528.0,26.0,26.0,100.0,0.0,100.0,0.0,200.0,0.0,100.0,8071.0,100.0,45321917752.0,100.0,71849808362.0
2019-03-17,ZJV0225H,ST12000NM0007,12000138625024,0,74.0,22447192.0,95.0,0.0,100.0,4.0,100.0,0.0,73.0,21140717.0,91.0,8196.0,100.0,0.0,100.0,4.0,,,,,100.0,0.0,100.0,0.0,,,75.0,25.0,,,100.0,87.0,100.0,529.0,25.0,25.0,100.0,0.0,100.0,0.0,200.0,0.0,100.0,8103.0,100.0,45388512696.0,100.0,72065694018.0
2019-03-18,ZJV0225H,ST12000NM0007,12000138625024,0,84.0,226287856.0,95.0,0.0,100.0,4.0,100.0,0.0,74.0,23252708.0,91.0,8212.0,100.0,0.0,100.0,4.0,,,,,100.0,0.0,100.0,0.0,,,74.0,26.0,,,100.0,87.0,100.0,530.0,26.0,26.0,100.0,0.0,100.0,0.0,200.0,0.0,100.0,8118.0,100.0,45425167736.0,100.0,72232879642.0
2019-03-19,ZJV0225H,ST12000NM0007,12000138625024,0,79.0,75427872.0,95.0,0.0,100.0,4.0,100.0,0.0,74.0,26350944.0,91.0,8244.0,100.0,0.0,100.0,4.0,,,,,100.0,0.0,100.0,0.0,,,74.0,26.0,,,100.0,88.0,100.0,531.0,26.0,26.0,100.0,0.0,100.0,0.0,200.0,0.0,100.0,8150.0,100.0,45488990304.0,100.0,72506478482.0
2019-03-20,ZJV0225H,ST12000NM0007,12000138625024,0,72.0,16560272.0,95.0,0.0,100.0,4.0,100.0,0.0,75.0,29075009.0,91.0,8260.0,100.0,0.0,100.0,4.0,,,,,100.0,0.0,100.0,0.0,,,74.0,26.0,,,100.0,88.0,100.0,532.0,26.0,26.0,100.0,0.0,100.0,0.0,200.0,0.0,100.0,8166.0,100.0,45525115312.0,100.0,72655626738.0
2019-03-21,ZJV0225H,ST12000NM0007,12000138625024,0,77.0,45082504.0,95.0,0.0,100.0,4.0,100.0,0.0,75.0,32049944.0,91.0,8292.0,100.0,0.0,100.0,4.0,,,,,100.0,0.0,100.0,0.0,,,74.0,26.0,,,100.0,88.0,100.0,533.0,26.0,26.0,100.0,0.0,100.0,0.0,200.0,0.0,100.0,8197.0,100.0,45562608392.0,100.0,72890796618.0
2019-03-22,ZJV0225H,ST12000NM0007,12000138625024,0,81.0,119858424.0,95.0,0.0,100.0,4.0,100.0,0.0,75.0,32850287.0,91.0,8308.0,100.0,0.0,100.0,4.0,,,,,100.0,0.0,100.0,0.0,,,74.0,26.0,,,100.0,89.0,100.0,534.0,26.0,26.0,100.0,0.0,100.0,0.0,200.0,0.0,100.0,8213.0,100.0,45576814568.0,100.0,72951366362.0
2019-03-23,ZJV0225H,ST12000NM0007,12000138625024,0,81.0,135419056.0,95.0,0.0,100.0,4.0,100.0,0.0,75.0,35290849.0,91.0,8339.0,100.0,0.0,100.0,4.0,,,,,100.0,0.0,100.0,0.0,,,75.0,25.0,,,100.0,89.0,100.0,535.0,25.0,25.0,100.0,0.0,100.0,0.0,200.0,0.0,100.0,8245.0,100.0,45604078792.0,100.0,73183803602.0
2019-03-24,ZJV0225H,ST12000NM0007,12000138625024,0,74.0,23945560.0,95.0,0.0,100.0,4.0,100.0,0.0,76.0,36640789.0,91.0,8355.0,100.0,0.0,100.0,4.0,,,,,100.0,0.0,100.0,0.0,,,74.0,26.0,,,100.0,90.0,100.0,536.0,26.0,26.0,100.0,0.0,100.0,0.0,200.0,0.0,100.0,8261.0,100.0,45620466408.0,100.0,73300083178.0
2019-03-25,ZJV0225H,ST12000NM0007,12000138625024,0,80.0,95030640.0,95.0,0.0,100.0,4.0,100.0,0.0,76.0,40207106.0,91.0,8387.0,100.0,0.0,100.0,4.0,,,,,100.0,0.0,100.0,0.0,,,74.0,26.0,,,100.0,91.0,100.0,537.0,26.0,26.0,100.0,0.0,100.0,0.0,200.0,0.0,100.0,8292.0,100.0,45662493608.0,100.0,73573281802.0
2019-03-26,ZJV0225H,ST12000NM0007,12000138625024,0,100.0,847680.0,95.0,0.0,100.0,4.0,100.0,0.0,76.0,41609863.0,91.0,8403.0,100.0,0.0,100.0,4.0,,,,,100.0,0.0,100.0,0.0,,,74.0,26.0,,,100.0,92.0,100.0,538.0,26.0,26.0,100.0,0.0,100.0,0.0,200.0,0.0,100.0,8308.0,100.0,45688989848.0,100.0,73696743322.0
2019-03-27,ZJV0225H,ST12000NM0007,12000138625024,0,76.0,37938128.0,95.0,0.0,100.0,4.0,100.0,0.0,76.0,44244410.0,91.0,8435.0,100.0,0.0,100.0,4.0,,,,,100.0,0.0,100.0,0.0,,,73.0,27.0,,,100.0,93.0,100.0,539.0,27.0,27.0,100.0,0.0,100.0,0.0,200.0,0.0,100.0,8340.0,100.0,45741553896.0,100.0,73925410458.0
2019-03-28,ZJV0225H,ST12000NM0007,12000138625024,0,82.0,177728840.0,95.0,0.0,100.0,4.0,100.0,0.0,77.0,46319609.0,91.0,8451.0,100.0,0.0,100.0,4.0,,,,,100.0,0.0,100.0,0.0,,,73.0,27.0,,,100.0,93.0,100.0,540.0,27.0,27.0,100.0,0.0,100.0,0.0,200.0,0.0,100.0,8355.0,100.0,45768739928.0,100.0,74038015138.0
2019-03-29,ZJV0225H,ST12000NM0007,12000138625024,0,82.0,158534608.0,95.0,0.0,100.0,4.0,100.0,0.0,77.0,48238469.0,91.0,8482.0,100.0,0.0,100.0,4.0,,,,,100.0,0.0,100.0,0.0,,,72.0,28.0,,,100.0,93.0,100.0,541.0,28.0,28.0,100.0,0.0,100.0,0.0,200.0,0.0,100.0,8387.0,100.0,45804868992.0,100.0,74226832634.0
2019-03-30,ZJV0225H,ST12000NM0007,12000138625024,0,74.0,24781064.0,95.0,0.0,100.0,4.0,100.0,0.0,77.0,49313929.0,91.0,8498.0,100.0,0.0,100.0,4.0,,,,,100.0,0.0,100.0,0.0,,,73.0,27.0,,,100.0,94.0,100.0,542.0,27.0,27.0,100.0,0.0,100.0,0.0,200.0,0.0,100.0,8403.0,100.0,45823192296.0,100.0,74318896498.0
2019-03-31,ZJV0225H,ST12000NM0007,12000138625024,0,79.0,80168088.0,95.0,0.0,100.0,4.0,100.0,0.0,77.0,53452921.0,91.0,8530.0,100.0,0.0,100.0,4.0,,,,,100.0,0.0,100.0,0.0,,,72.0,28.0,,,100.0,94.0,100.0,543.0,28.0,28.0,100.0,0.0,100.0,0.0,200.0,0.0,100.0,8434.0,100.0,45884129696.0,100.0,74557487554.0
2019-04-01,ZJV0225H,ST12000NM0007,12000138625024,0,84.0,230486296.0,95.0,0.0,100.0,4.0,100.0,0.0,77.0,54952964.0,91.0,8546.0,100.0,0.0,100.0,4.0,,,,,100.0,0.0,100.0,0.0,,,72.0,28.0,,,100.0,94.0,100.0,544.0,28.0,28.0,100.0,0.0,100.0,0.0,200.0,0.0,100.0,8450.0,100.0,45915203504.0,100.0,74676731954.0
2019-04-02,ZJV0225H,ST12000NM0007,12000138625024,0,70.0,9620280.0,95.0,0.0,100.0,4.0,100.0,0.0,78.0,58036578.0,91.0,8577.0,100.0,0.0,100.0,4.0,,,,,100.0,0.0,100.0,0.0,,,72.0,28.0,,,100.0,95.0,100.0,545.0,28.0,28.0,100.0,0.0,100.0,0.0,200.0,0.0,100.0,8482.0,100.0,45969075544.0,100.0,74890275178.0
2019-04-03,ZJV0225H,ST12000NM0007,12000138625024,0,81.0,140991960.0,95.0,0.0,100.0,4.0,100.0,0.0,78.0,59414196.0,91.0,8593.0,100.0,0.0,100.0,4.0,,,,,100.0,0.0,100.0,0.0,,,73.0,27.0,,,100.0,96.0,100.0,546.0,27.0,27.0,100.0,0.0,100.0,0.0,200.0,0.0,100.0,8497.0,100.0,46007132136.0,100.0,74983590266.0
2019-04-04,ZJV0225H,ST12000NM0007,12000138625024,0,83.0,210406608.0,95.0,0.0,100.0,4.0,100.0,0.0,78.0,63356500.0,91.0,8625.0,100.0,0.0,100.0,4.0,,,,,100.0,0.0,100.0,0.0,,,72.0,28.0,,,100.0,96.0,100.0,547.0,28.0,28.0,100.0,0.0,100.0,0.0,200.0,0.0,100.0,8529.0,100.0,46077782592.0,100.0,75226495090.0
2019-04-05,ZJV0225H,ST12000NM0007,12000138625024,0,80.0,95738728.0,95.0,0.0,100.0,4.0,100.0,0.0,78.0,64646994.0,91.0,8641.0,100.0,0.0,100.0,4.0,,,,,100.0,0.0,100.0,0.0,,,72.0,28.0,,,100.0,97.0,100.0,548.0,28.0,28.0,100.0,0.0,100.0,0.0,200.0,0.0,100.0,8544.0,100.0,46107338544.0,100.0,75326412082.0
2019-04-06,ZJV0225H,ST12000NM0007,12000138625024,0,82.0,159596232.0,95.0,0.0,100.0,4.0,100.0,0.0,78.0,67570631.0,91.0,8672.0,100.0,0.0,100.0,4.0,,,,,100.0,0.0,100.0,0.0,,,73.0,27.0,,,100.0,97.0,100.0,549.0,27.0,27.0,100.0,0.0,100.0,0.0,200.0,0.0,100.0,8576.0,100.0,46174515360.0,100.0,75567233586.0
2019-04-07,ZJV0225H,ST12000NM0007,12000138625024,0,78.0,69062120.0,95.0,0.0,100.0,4.0,100.0,0.0,78.0,69017984.0,91.0,8688.0,100.0,0.0,100.0,4.0,,,,,100.0,0.0,100.0,0.0,,,73.0,27.0,,,100.0,97.0,100.0,550.0,27.0,27.0,100.0,0.0,100.0,0.0,200.0,0.0,100.0,8592.0,100.0,46200224432.0,100.0,75695131130.0
2019-04-08,ZJV0225H,ST12000NM0007,12000138625024,0,82.0,144036712.0,95.0,0.0,100.0,4.0,100.0,0.0,79.0,72848027.0,91.0,8720.0,100.0,0.0,100.0,4.0,,,,,100.0,0.0,100.0,0.0,,,73.0,27.0,,,100.0,98.0,100.0,551.0,27.0,27.0,100.0,0.0,100.0,0.0,200.0,0.0,100.0,8623.0,100.0,46277427216.0,100.0,75937045210.0
2019-04-09,ZJV0225H,ST12000NM0007,12000138625024,0,77.0,52229032.0,95.0,0.0,100.0,4.0,100.0,0.0,79.0,74432625.0,91.0,8736.0,100.0,0.0,100.0,4.0,,,,,100.0,0.0,100.0,0.0,,,73.0,27.0,,,100.0,98.0,100.0,552.0,27.0,27.0,100.0,0.0,100.0,0.0,200.0,0.0,100.0,8639.0,100.0,46313642432.0,100.0,76053162978.0
2019-04-10,ZJV0225H,ST12000NM0007,12000138625024,0,81.0,128542160.0,95.0,0.0,100.0,4.0,100.0,0.0,79.0,77609628.0,90.0,8768.0,100.0,0.0,100.0,4.0,,,,,100.0,0.0,100.0,0.0,,,73.0,27.0,,,100.0,99.0,100.0,553.0,27.0,27.0,100.0,0.0,100.0,0.0,200.0,0.0,100.0,8671.0,100.0,46409322400.0,100.0,76277937282.0
2019-04-11,ZJV0225H,ST12000NM0007,12000138625024,0,78.0,65268728.0,95.0,0.0,100.0,4.0,100.0,0.0,79.0,81395792.0,90.0,8784.0,100.0,0.0,100.0,4.0,,,,,100.0,0.0,100.0,0.0,,,74.0,26.0,,,100.0,100.0,100.0,554.0,26.0,26.0,100.0,0.0,100.0,0.0,200.0,0.0,100.0,8687.0,100.0,46448637648.0,100.0,76419489234.0
2019-04-12,ZJV0225H,ST12000NM0007,12000138625024,0,81.0,126067576.0,95.0,0.0,100.0,4.0,100.0,0.0,79.0,84397978.0,90.0,8815.0,100.0,0.0,100.0,4.0,,,,,100.0,0.0,100.0,0.0,,,74.0,26.0,,,100.0,100.0,100.0,555.0,26.0,26.0,100.0,0.0,100.0,0.0,200.0,0.0,100.0,8718.0,100.0,46540609016.0,100.0,76632457354.0
2019-04-13,ZJV0225H,ST12000NM0007,12000138625024,0,73.0,22348904.0,95.0,0.0,100.0,4.0,100.0,0.0,79.0,85821425.0,90.0,8831.0,100.0,0.0,100.0,4.0,,,,,100.0,0.0,100.0,0.0,,,74.0,26.0,,,100.0,101.0,100.0,556.0,26.0,26.0,100.0,0.0,100.0,0.0,200.0,0.0,100.0,8734.0,100.0,46572601368.0,100.0,76740887290.0
2019-04-14,ZJV0225H,ST12000NM0007,12000138625024,0,80.0,96465296.0,95.0,0.0,100.0,4.0,100.0,0.0,80.0,89326659.0,90.0,8863.0,100.0,0.0,100.0,4.0,,,,,100.0,0.0,100.0,0.0,,,73.0,27.0,,,100.0,101.0,100.0,557.0,27.0,27.0,100.0,0.0,100.0,0.0,200.0,0.0,100.0,8766.0,100.0,46646338496.0,100.0,76985407186.0
2019-04-15,ZJV0225H,ST12000NM0007,12000138625024,0,68.0,5991336.0,95.0,0.0,100.0,4.0,100.0,0.0,80.0,91004392.0,90.0,8879.0,100.0,0.0,100.0,4.0,,,,,100.0,0.0,100.0,0.0,,,74.0,26.0,,,100.0,102.0,100.0,558.0,26.0,26.0,100.0,0.0,100.0,0.0,200.0,0.0,100.0,8781.0,100.0,46685658656.0,100.0,77099753938.0
2019-04-16,ZJV0225H,ST12000NM0007,12000138625024,0,80.0,110526864.0,95.0,0.0,100.0,4.0,100.0,0.0,80.0,95457757.0,90.0,8911.0,100.0,0.0,100.0,4.0,,,,,100.0,0.0,100.0,0.0,,,74.0,26.0,,,100.0,103.0,100.0,559.0,26.0,26.0,100.0,0.0,100.0,0.0,200.0,0.0,100.0,8813.0,100.0,46773948672.0,100.0,77360140170.0
2019-04-17,ZJV0225H,ST12000NM0007,12000138625024,0,84.0,238550112.0,95.0,0.0,100.0,4.0,100.0,0.0,80.0,96884331.0,90.0,8926.0,100.0,0.0,100.0,4.0,,,,,100.0,0.0,100.0,0.0,,,74.0,26.0,,,100.0,104.0,100.0,560.0,26.0,26.0,100.0,0.0,100.0,0.0,200.0,0.0,100.0,8829.0,100.0,46812188640.0,100.0,77449923450.0
2019-04-18,ZJV0225H,ST12000NM0007,12000138625024,0,77.0,54561504.0,95.0,0.0,100.0,4.0,100.0,0.0,80.0,100878883.0,90.0,8958.0,100.0,0.0,100.0,4.0,,,,,100.0,0.0,100.0,0.0,,,75.0,25.0,,,100.0,105.0,100.0,561.0,25.0,25.0,100.0,0.0,100.0,0.0,200.0,0.0,100.0,8860.0,100.0,46906451824.0,100.0,77659952930.0
2019-04-19,ZJV0225H,ST12000NM0007,12000138625024,0,84.0,225258624.0,95.0,0.0,100.0,4.0,100.0,0.0,80.0,102544543.0,90.0,8974.0,100.0,0.0,100.0,4.0,,,,,100.0,0.0,100.0,0.0,,,75.0,25.0,,,100.0,105.0,100.0,561.0,25.0,25.0,100.0,0.0,100.0,0.0,200.0,0.0,100.0,8876.0,100.0,46940004072.0,100.0,77797097802.0
2019-04-20,ZJV0225H,ST12000NM0007,12000138625024,0,75.0,33029736.0,95.0,0.0,100.0,4.0,100.0,0.0,80.0,105723564.0,90.0,9006.0,100.0,0.0,100.0,4.0,,,,,100.0,0.0,100.0,0.0,,,74.0,26.0,,,100.0,105.0,100.0,563.0,26.0,26.0,100.0,0.0,100.0,0.0,200.0,0.0,100.0,8908.0,100.0,47024016104.0,100.0,78009138570.0
2019-04-21,ZJV0225H,ST12000NM0007,12000138625024,0,82.0,171681920.0,95.0,0.0,100.0,4.0,100.0,0.0,80.0,107148912.0,90.0,9021.0,100.0,0.0,100.0,4.0,,,,,100.0,0.0,100.0,0.0,,,74.0,26.0,,,100.0,105.0,100.0,563.0,26.0,26.0,100.0,0.0,100.0,0.0,200.0,0.0,100.0,8924.0,100.0,47041273696.0,100.0,78130533162.0
2019-04-22,ZJV0225H,ST12000NM0007,12000138625024,0,83.0,182144128.0,95.0,0.0,100.0,4.0,100.0,0.0,80.0,110633294.0,90.0,9053.0,100.0,0.0,100.0,4.0,,,,,100.0,0.0,100.0,0.0,,,74.0,26.0,,,100.0,106.0,100.0,565.0,26.0,26.0,100.0,0.0,100.0,0.0,200.0,0.0,100.0,8955.0,100.0,47085800768.0,100.0,78340608938.0
2019-04-23,ZJV0225H,ST12000NM0007,12000138625024,0,78.0,59965936.0,95.0,0.0,100.0,4.0,100.0,0.0,80.0,111868047.0,90.0,9069.0,100.0,0.0,100.0,4.0,,,,,100.0,0.0,100.0,0.0,,,75.0,25.0,,,100.0,106.0,100.0,565.0,25.0,25.0,100.0,0.0,100.0,0.0,200.0,0.0,100.0,8971.0,100.0,47109305072.0,100.0,78439067314.0
2019-04-24,ZJV0225H,ST12000NM0007,12000138625024,0,81.0,129474440.0,95.0,0.0,100.0,4.0,100.0,0.0,81.0,115851956.0,90.0,9101.0,100.0,0.0,100.0,4.0,,,,,100.0,0.0,100.0,0.0,,,73.0,27.0,,,100.0,108.0,100.0,567.0,27.0,27.0,100.0,0.0,100.0,0.0,200.0,0.0,100.0,9002.0,100.0,47168463096.0,100.0,78693558434.0
2019-04-25,ZJV0225H,ST12000NM0007,12000138625024,0,80.0,104887464.0,95.0,0.0,100.0,4.0,100.0,0.0,81.0,119218050.0,90.0,9132.0,100.0,0.0,100.0,4.0,,,,,100.0,0.0,100.0,0.0,,,72.0,28.0,,,100.0,109.0,100.0,568.0,28.0,28.0,100.0,0.0,100.0,0.0,200.0,0.0,100.0,9034.0,100.0,47213793728.0,100.0,78867781610.0
2019-04-26,ZJV0225H,ST12000NM0007,12000138625024,0,84.0,225032008.0,95.0,0.0,100.0,4.0,100.0,0.0,81.0,120519383.0,90.0,9148.0,100.0,0.0,100.0,4.0,,,,,100.0,0.0,100.0,0.0,,,72.0,28.0,,,100.0,109.0,100.0,569.0,28.0,28.0,100.0,0.0,100.0,0.0,200.0,0.0,100.0,9049.0,100.0,47239063632.0,100.0,78962656250.0
2019-04-27,ZJV0225H,ST12000NM0007,12000138625024,0,72.0,17107608.0,95.0,0.0,100.0,4.0,100.0,0.0,81.0,123700790.0,90.0,9180.0,100.0,0.0,100.0,4.0,,,,,100.0,0.0,100.0,0.0,,,73.0,27.0,,,100.0,109.0,100.0,570.0,27.0,27.0,100.0,0.0,100.0,0.0,200.0,0.0,100.0,9081.0,100.0,47310276184.0,100.0,79171800642.0
2019-04-28,ZJV0225H,ST12000NM0007,12000138625024,0,82.0,169725928.0,95.0,0.0,100.0,4.0,100.0,0.0,81.0,125534035.0,90.0,9195.0,100.0,0.0,100.0,4.0,,,,,100.0,0.0,100.0,0.0,,,73.0,27.0,,,100.0,109.0,100.0,571.0,27.0,27.0,100.0,0.0,100.0,0.0,200.0,0.0,100.0,9097.0,100.0,47346614656.0,100.0,79288080490.0
2019-04-29,ZJV0225H,ST12000NM0007,12000138625024,0,83.0,187007408.0,95.0,0.0,100.0,4.0,100.0,0.0,81.0,129321193.0,90.0,9227.0,100.0,0.0,100.0,4.0,,,,,100.0,0.0,100.0,0.0,,,73.0,27.0,,,100.0,110.0,100.0,572.0,27.0,27.0,100.0,0.0,100.0,0.0,200.0,0.0,100.0,9128.0,100.0,47402007256.0,100.0,79494110034.0
2019-04-30,ZJV0225H,ST12000NM0007,12000138625024,0,78.0,61826088.0,95.0,0.0,100.0,4.0,100.0,0.0,81.0,130736380.0,90.0,9243.0,100.0,0.0,100.0,4.0,,,,,100.0,0.0,100.0,0.0,,,73.0,27.0,,,100.0,110.0,100.0,573.0,27.0,27.0,100.0,0.0,100.0,0.0,200.0,0.0,100.0,9144.0,100.0,47432197488.0,100.0,79582879114.0
2019-05-01,ZJV0225H,ST12000NM0007,12000138625024,0,78.0,67410256.0,95.0,0.0,100.0,4.0,100.0,0.0,81.0,133611998.0,90.0,9274.0,100.0,0.0,100.0,4.0,,,,,100.0,0.0,100.0,0.0,,,73.0,27.0,,,100.0,111.0,100.0,574.0,27.0,27.0,100.0,0.0,100.0,0.0,200.0,0.0,100.0,9175.0,100.0,47498026832.0,100.0,79766774730.0
2019-05-02,ZJV0225H,ST12000NM0007,12000138625024,0,65.0,3313648.0,95.0,0.0,100.0,4.0,100.0,0.0,81.0,136370519.0,90.0,9290.0,100.0,0.0,100.0,4.0,,,,,100.0,0.0,100.0,0.0,,,73.0,27.0,,,100.0,112.0,100.0,575.0,27.0,27.0,100.0,0.0,100.0,0.0,200.0,0.0,100.0,9191.0,100.0,47539740184.0,100.0,79905105690.0
2019-05-03,ZJV0225H,ST12000NM0007,12000138625024,0,78.0,60558120.0,95.0,0.0,100.0,4.0,100.0,0.0,81.0,140023082.0,90.0,9322.0,100.0,0.0,100.0,4.0,,,,,100.0,0.0,100.0,0.0,,,73.0,27.0,,,100.0,112.0,100.0,576.0,27.0,27.0,100.0,0.0,100.0,0.0,200.0,0.0,100.0,9223.0,100.0,47622979392.0,100.0,80123251690.0
2019-05-04,ZJV0225H,ST12000NM0007,12000138625024,0,83.0,223111856.0,95.0,0.0,100.0,4.0,100.0,0.0,82.0,141939493.0,90.0,9337.0,100.0,0.0,100.0,4.0,,,,,100.0,0.0,100.0,0.0,,,73.0,27.0,,,100.0,112.0,100.0,577.0,27.0,27.0,100.0,0.0,100.0,0.0,200.0,0.0,100.0,9238.0,100.0,47673259288.0,100.0,80235525530.0
2019-05-05,ZJV0225H,ST12000NM0007,12000138625024,0,75.0,28702600.0,95.0,0.0,100.0,4.0,100.0,0.0,82.0,145549394.0,90.0,9369.0,100.0,0.0,100.0,4.0,,,,,100.0,0.0,100.0,0.0,,,73.0,27.0,,,100.0,112.0,100.0,578.0,27.0,27.0,100.0,0.0,100.0,0.0,200.0,0.0,100.0,9270.0,100.0,47767542760.0,100.0,80435114106.0
2019-05-06,ZJV0225H,ST12000NM0007,12000138625024,0,82.0,176334776.0,95.0,0.0,100.0,4.0,100.0,0.0,82.0,147260666.0,90.0,9385.0,100.0,0.0,100.0,4.0,,,,,100.0,0.0,100.0,0.0,,,73.0,27.0,,,100.0,113.0,100.0,579.0,27.0,27.0,100.0,0.0,100.0,0.0,200.0,0.0,100.0,9286.0,100.0,47822551232.0,100.0,80527737810.0
2019-05-07,ZJV0225H,ST12000NM0007,12000138625024,0,83.0,217436632.0,95.0,0.0,100.0,4.0,100.0,0.0,82.0,151838487.0,90.0,9417.0,100.0,0.0,100.0,4.0,,,,,100.0,0.0,100.0,0.0,,,73.0,27.0,,,100.0,114.0,100.0,580.0,27.0,27.0,100.0,0.0,100.0,0.0,200.0,0.0,100.0,9318.0,100.0,47924791176.0,100.0,80710740362.0
2019-05-08,ZJV0225H,ST12000NM0007,12000138625024,0,80.0,108118376.0,95.0,0.0,100.0,4.0,100.0,0.0,82.0,153573204.0,90.0,9433.0,100.0,0.0,100.0,4.0,,,,,100.0,0.0,100.0,0.0,,,72.0,28.0,,,100.0,114.0,100.0,581.0,28.0,28.0,100.0,0.0,100.0,0.0,200.0,0.0,100.0,9333.0,100.0,47972370168.0,100.0,80797983770.0
2019-05-09,ZJV0225H,ST12000NM0007,12000138625024,0,77.0,48093872.0,95.0,0.0,100.0,4.0,100.0,0.0,82.0,156663616.0,90.0,9448.0,100.0,0.0,100.0,4.0,,,,,100.0,0.0,100.0,0.0,,,72.0,28.0,,,100.0,114.0,100.0,581.0,28.0,28.0,100.0,0.0,100.0,0.0,200.0,0.0,100.0,9349.0,100.0,48013320720.0,100.0,80941149346.0
2019-05-10,ZJV0225H,ST12000NM0007,12000138625024,0,78.0,60387368.0,95.0,0.0,100.0,4.0,100.0,0.0,82.0,160428760.0,90.0,9480.0,100.0,0.0,100.0,4.0,,,,,100.0,0.0,100.0,0.0,,,73.0,27.0,,,100.0,114.0,100.0,583.0,27.0,27.0,100.0,0.0,100.0,0.0,200.0,0.0,100.0,9381.0,100.0,48059854688.0,100.0,81151049754.0
2019-05-11,ZJV0225H,ST12000NM0007,12000138625024,0,83.0,205196632.0,95.0,0.0,100.0,4.0,100.0,0.0,82.0,161963661.0,90.0,9496.0,100.0,0.0,100.0,4.0,,,,,100.0,0.0,100.0,0.0,,,73.0,27.0,,,100.0,114.0,100.0,583.0,27.0,27.0,100.0,0.0,100.0,0.0,200.0,0.0,100.0,9397.0,100.0,48087039376.0,100.0,81268674330.0
2019-05-12,ZJV0225H,ST12000NM0007,12000138625024,0,82.0,174288408.0,95.0,0.0,100.0,4.0,100.0,0.0,82.0,164691633.0,90.0,9528.0,100.0,0.0,100.0,4.0,,,,,100.0,0.0,100.0,0.0,,,73.0,27.0,,,100.0,115.0,100.0,585.0,27.0,27.0,100.0,0.0,100.0,0.0,200.0,0.0,100.0,9428.0,100.0,48142206160.0,100.0,81426740026.0
2019-05-13,ZJV0225H,ST12000NM0007,12000138625024,0,83.0,197976552.0,95.0,0.0,100.0,4.0,100.0,0.0,82.0,168241081.0,90.0,9559.0,100.0,0.0,100.0,4.0,,,,,100.0,0.0,100.0,0.0,,,72.0,28.0,,,100.0,115.0,100.0,586.0,28.0,28.0,100.0,0.0,100.0,0.0,200.0,0.0,100.0,9459.0,100.0,48196947400.0,100.0,81639827762.0
2019-05-14,ZJV0225H,ST12000NM0007,12000138625024,0,78.0,69784384.0,95.0,0.0,100.0,4.0,100.0,0.0,82.0,169497182.0,90.0,9575.0,100.0,0.0,100.0,4.0,,,,,100.0,0.0,100.0,0.0,,,73.0,27.0,,,100.0,116.0,100.0,587.0,27.0,27.0,100.0,0.0,100.0,0.0,200.0,0.0,100.0,9475.0,100.0,48222652168.0,100.0,81730071666.0
2019-05-15,ZJV0225H,ST12000NM0007,12000138625024,0,78.0,61090688.0,95.0,0.0,100.0,4.0,100.0,0.0,82.0,172426803.0,90.0,9607.0,100.0,0.0,100.0,4.0,,,,,100.0,0.0,100.0,0.0,,,73.0,27.0,,,100.0,116.0,100.0,588.0,27.0,27.0,100.0,0.0,100.0,0.0,200.0,0.0,100.0,9507.0,100.0,48280834592.0,100.0,81907336178.0
2019-05-16,ZJV0225H,ST12000NM0007,12000138625024,0,83.0,180426976.0,95.0,0.0,100.0,4.0,100.0,0.0,82.0,174839894.0,90.0,9623.0,100.0,0.0,100.0,4.0,,,,,100.0,0.0,100.0,0.0,,,72.0,28.0,,,100.0,116.0,100.0,588.0,28.0,28.0,100.0,0.0,100.0,0.0,200.0,0.0,100.0,9523.0,100.0,48309877176.0,100.0,81997629882.0
2019-05-17,ZJV0225H,ST12000NM0007,12000138625024,0,82.0,163004776.0,95.0,0.0,100.0,4.0,100.0,0.0,82.0,177495327.0,89.0,9655.0,100.0,0.0,100.0,4.0,,,,,100.0,0.0,100.0,0.0,,,72.0,28.0,,,100.0,117.0,100.0,590.0,28.0,28.0,100.0,0.0,100.0,0.0,200.0,0.0,100.0,9554.0,100.0,48370997376.0,100.0,82163228266.0
2019-05-18,ZJV0225H,ST12000NM0007,12000138625024,0,78.0,63866536.0,95.0,0.0,100.0,4.0,100.0,0.0,83.0,178977858.0,89.0,9671.0,100.0,0.0,100.0,4.0,,,,,100.0,0.0,100.0,0.0,,,73.0,27.0,,,100.0,117.0,100.0,590.0,27.0,27.0,100.0,0.0,100.0,0.0,200.0,0.0,100.0,9570.0,100.0,48411195112.0,100.0,82268033114.0
2019-05-19,ZJV0225H,ST12000NM0007,12000138625024,0,71.0,12903688.0,95.0,0.0,100.0,4.0,100.0,0.0,83.0,181604552.0,89.0,9702.0,100.0,0.0,100.0,4.0,,,,,100.0,0.0,100.0,0.0,,,73.0,27.0,,,100.0,118.0,100.0,592.0,27.0,27.0,100.0,0.0,100.0,0.0,200.0,0.0,100.0,9601.0,100.0,48451619416.0,100.0,82420786594.0
2019-05-20,ZJV0225H,ST12000NM0007,12000138625024,0,81.0,121432120.0,95.0,0.0,100.0,4.0,100.0,0.0,83.0,182897722.0,89.0,9718.0,100.0,0.0,100.0,4.0,,,,,100.0,0.0,100.0,0.0,,,73.0,27.0,,,100.0,118.0,100.0,592.0,27.0,27.0,100.0,0.0,100.0,0.0,200.0,0.0,100.0,9617.0,100.0,48474613904.0,100.0,82506320538.0
2019-05-21,ZJV0225H,ST12000NM0007,12000138625024,0,82.0,163995904.0,95.0,0.0,100.0,4.0,100.0,0.0,83.0,186645947.0,89.0,9750.0,100.0,0.0,100.0,4.0,,,,,100.0,0.0,100.0,0.0,,,72.0,28.0,,,100.0,119.0,100.0,594.0,28.0,28.0,100.0,0.0,100.0,0.0,200.0,0.0,100.0,9648.0,100.0,48520517696.0,100.0,82747121194.0
2019-05-22,ZJV0225H,ST12000NM0007,12000138625024,0,79.0,86017344.0,95.0,0.0,100.0,4.0,100.0,0.0,83.0,188224894.0,89.0,9766.0,100.0,0.0,100.0,4.0,,,,,100.0,0.0,100.0,0.0,,,73.0,27.0,,,100.0,119.0,100.0,594.0,27.0,27.0,100.0,0.0,100.0,0.0,200.0,0.0,100.0,9664.0,100.0,48553477408.0,100.0,82880323626.0
2019-05-23,ZJV0225H,ST12000NM0007,12000138625024,0,81.0,139032168.0,95.0,0.0,100.0,4.0,100.0,0.0,83.0,192446186.0,89.0,9797.0,100.0,0.0,100.0,4.0,,,,,100.0,0.0,100.0,0.0,,,72.0,28.0,,,100.0,120.0,100.0,596.0,28.0,28.0,100.0,0.0,100.0,0.0,200.0,0.0,100.0,9696.0,100.0,48616501272.0,100.0,83114455266.0
2019-05-24,ZJV0225H,ST12000NM0007,12000138625024,0,83.0,195351112.0,95.0,0.0,100.0,4.0,100.0,0.0,83.0,195454367.0,89.0,9829.0,100.0,0.0,100.0,4.0,,,,,100.0,0.0,100.0,0.0,,,72.0,28.0,,,100.0,121.0,100.0,597.0,28.0,28.0,100.0,0.0,100.0,0.0,200.0,0.0,100.0,9728.0,100.0,48674520608.0,100.0,83356895554.0
2019-05-25,ZJV0225H,ST12000NM0007,12000138625024,0,81.0,126276184.0,95.0,0.0,100.0,4.0,100.0,0.0,83.0,198518184.0,89.0,9845.0,100.0,0.0,100.0,4.0,,,,,100.0,0.0,100.0,0.0,,,73.0,27.0,,,100.0,121.0,100.0,598.0,27.0,27.0,100.0,0.0,100.0,0.0,200.0,0.0,100.0,9743.0,100.0,48708982736.0,100.0,83497499394.0
2019-05-26,ZJV0225H,ST12000NM0007,12000138625024,0,81.0,131608824.0,95.0,0.0,100.0,4.0,100.0,0.0,83.0,201548660.0,89.0,9877.0,100.0,0.0,100.0,4.0,,,,,100.0,0.0,100.0,0.0,,,72.0,28.0,,,100.0,121.0,100.0,599.0,28.0,28.0,100.0,0.0,100.0,0.0,200.0,0.0,100.0,9775.0,100.0,48775552672.0,100.0,83680402730.0
2019-05-27,ZJV0225H,ST12000NM0007,12000138625024,0,78.0,60037488.0,95.0,0.0,100.0,4.0,100.0,0.0,83.0,204041482.0,89.0,9893.0,100.0,0.0,100.0,4.0,,,,,100.0,0.0,100.0,0.0,,,72.0,28.0,,,100.0,122.0,100.0,600.0,28.0,28.0,100.0,0.0,100.0,0.0,200.0,0.0,100.0,9791.0,100.0,48820143504.0,100.0,83808381242.0
2019-05-28,ZJV0225H,ST12000NM0007,12000138625024,0,83.0,181415256.0,95.0,0.0,100.0,4.0,100.0,0.0,83.0,208241075.0,89.0,9924.0,100.0,0.0,100.0,4.0,,,,,100.0,0.0,100.0,0.0,,,73.0,27.0,,,100.0,122.0,100.0,601.0,27.0,27.0,100.0,0.0,100.0,0.0,200.0,0.0,100.0,9822.0,100.0,48930475480.0,100.0,84063567682.0
2019-05-29,ZJV0225H,ST12000NM0007,12000138625024,0,80.0,94059784.0,95.0,0.0,100.0,4.0,100.0,0.0,83.0,209897355.0,89.0,9940.0,100.0,0.0,100.0,4.0,,,,,100.0,0.0,100.0,0.0,,,72.0,28.0,,,100.0,123.0,100.0,602.0,28.0,28.0,100.0,0.0,100.0,0.0,200.0,0.0,100.0,9838.0,100.0,48971347200.0,100.0,84179481202.0
2019-05-30,ZJV0225H,ST12000NM0007,12000138625024,0,70.0,11202264.0,95.0,0.0,100.0,4.0,100.0,0.0,83.0,212695596.0,89.0,9956.0,100.0,0.0,100.0,4.0,,,,,100.0,0.0,100.0,0.0,,,72.0,28.0,,,100.0,123.0,100.0,602.0,28.0,28.0,100.0,0.0,100.0,0.0,200.0,0.0,100.0,9854.0,100.0,49014894416.0,100.0,84297217410.0
2019-05-31,ZJV0225H,ST12000NM0007,12000138625024,0,83.0,198087224.0,95.0,0.0,100.0,4.0,100.0,0.0,83.0,215051575.0,89.0,9988.0,100.0,0.0,100.0,4.0,,,,,100.0,0.0,100.0,0.0,,,73.0,27.0,,,100.0,123.0,100.0,604.0,27.0,27.0,100.0,0.0,100.0,0.0,200.0,0.0,100.0,9885.0,100.0,49068238664.0,100.0,84430758122.0
2019-06-01,ZJV0225H,ST12000NM0007,12000138625024,0,81.0,117844920.0,95.0,0.0,100.0,4.0,100.0,0.0,83.0,216563302.0,89.0,10004.0,100.0,0.0,100.0,4.0,,,,,100.0,0.0,100.0,0.0,,,73.0,27.0,,,100.0,124.0,100.0,605.0,27.0,27.0,100.0,0.0,100.0,0.0,200.0,0.0,100.0,9901.0,100.0,49093883672.0,100.0,84569011778.0
2019-06-02,ZJV0225H,ST12000NM0007,12000138625024,0,81.0,135238072.0,95.0,0.0,100.0,4.0,100.0,0.0,83.0,219591156.0,89.0,10035.0,100.0,0.0,100.0,4.0,,,,,100.0,0.0,100.0,0.0,,,73.0,27.0,,,100.0,124.0,100.0,606.0,27.0,27.0,100.0,0.0,100.0,0.0,200.0,0.0,100.0,9933.0,100.0,49144451032.0,100.0,84779978218.0
2019-06-03,ZJV0225H,ST12000NM0007,12000138625024,0,75.0,31155512.0,95.0,0.0,100.0,4.0,100.0,0.0,84.0,224261680.0,89.0,10067.0,100.0,0.0,100.0,4.0,,,,,100.0,0.0,100.0,0.0,,,72.0,28.0,,,100.0,125.0,100.0,608.0,28.0,28.0,100.0,0.0,100.0,0.0,200.0,0.0,100.0,9964.0,100.0,49235424312.0,100.0,85073203842.0
2019-06-04,ZJV0225H,ST12000NM0007,12000138625024,0,82.0,166761056.0,95.0,0.0,100.0,4.0,100.0,0.0,84.0,225666114.0,89.0,10083.0,100.0,0.0,100.0,4.0,,,,,100.0,0.0,100.0,0.0,,,72.0,28.0,,,100.0,125.0,100.0,608.0,28.0,28.0,100.0,0.0,100.0,0.0,200.0,0.0,100.0,9980.0,100.0,49261384688.0,100.0,85182849010.0
2019-06-05,ZJV0225H,ST12000NM0007,12000138625024,0,77.0,50451264.0,95.0,0.0,100.0,4.0,100.0,0.0,84.0,227073056.0,89.0,10099.0,100.0,0.0,100.0,4.0,,,,,100.0,0.0,100.0,0.0,,,72.0,28.0,,,100.0,125.0,100.0,609.0,28.0,28.0,100.0,0.0,100.0,0.0,200.0,0.0,100.0,9996.0,100.0,49298858440.0,100.0,85273206322.0
2019-06-06,ZJV0225H,ST12000NM0007,12000138625024,0,80.0,95343344.0,95.0,0.0,100.0,4.0,100.0,0.0,84.0,231191942.0,89.0,10131.0,100.0,0.0,100.0,4.0,,,,,100.0,0.0,100.0,0.0,,,72.0,28.0,,,100.0,125.0,100.0,610.0,28.0,28.0,100.0,0.0,100.0,0.0,200.0,0.0,100.0,10028.0,100.0,49389305784.0,100.0,85471791690.0
2019-06-07,ZJV0225H,ST12000NM0007,12000138625024,0,80.0,106495512.0,95.0,0.0,100.0,4.0,100.0,0.0,84.0,234335735.0,89.0,10147.0,100.0,0.0,100.0,4.0,,,,,100.0,0.0,100.0,0.0,,,71.0,29.0,,,100.0,125.0,100.0,611.0,29.0,29.0,100.0,0.0,100.0,0.0,200.0,0.0,100.0,10043.0,100.0,49477263400.0,100.0,85639127042.0
2019-06-08,ZJV0225H,ST12000NM0007,12000138625024,0,83.0,210787512.0,95.0,0.0,100.0,4.0,100.0,0.0,84.0,239563217.0,89.0,10178.0,100.0,0.0,100.0,4.0,,,,,100.0,0.0,100.0,0.0,,,72.0,28.0,,,100.0,126.0,100.0,612.0,28.0,28.0,100.0,0.0,100.0,0.0,200.0,0.0,100.0,10075.0,100.0,49594952832.0,100.0,85869870418.0
2019-06-09,ZJV0225H,ST12000NM0007,12000138625024,0,80.0,107987616.0,95.0,0.0,100.0,4.0,100.0,0.0,84.0,241305085.0,89.0,10194.0,100.0,0.0,100.0,4.0,,,,,100.0,0.0,100.0,0.0,,,73.0,27.0,,,100.0,127.0,100.0,613.0,27.0,27.0,100.0,0.0,100.0,0.0,200.0,0.0,100.0,10091.0,100.0,49622415328.0,100.0,85983748962.0
2019-06-10,ZJV0225H,ST12000NM0007,12000138625024,0,82.0,151235072.0,95.0,0.0,100.0,4.0,100.0,0.0,84.0,244613190.0,89.0,10226.0,100.0,0.0,100.0,4.0,,,,,100.0,0.0,100.0,0.0,,,72.0,28.0,,,100.0,128.0,100.0,614.0,28.0,28.0,100.0,0.0,100.0,0.0,200.0,0.0,100.0,10122.0,100.0,49664473408.0,100.0,86229078986.0
2019-06-11,ZJV0225H,ST12000NM0007,12000138625024,0,84.0,234525656.0,95.0,0.0,100.0,4.0,100.0,0.0,84.0,246535167.0,89.0,10242.0,100.0,0.0,100.0,4.0,,,,,100.0,0.0,100.0,0.0,,,72.0,28.0,,,100.0,129.0,100.0,615.0,28.0,28.0,100.0,0.0,100.0,0.0,200.0,0.0,100.0,10138.0,100.0,49677302216.0,100.0,86299540762.0
2019-06-12,ZJV0225H,ST12000NM0007,12000138625024,0,83.0,200614296.0,95.0,0.0,100.0,4.0,100.0,0.0,84.0,249087717.0,89.0,10274.0,100.0,0.0,100.0,4.0,,,,,100.0,0.0,100.0,0.0,,,72.0,28.0,,,100.0,129.0,100.0,616.0,28.0,28.0,100.0,0.0,100.0,0.0,200.0,0.0,100.0,10170.0,100.0,49732651248.0,100.0,86454421114.0
2019-06-13,ZJV0225H,ST12000NM0007,12000138625024,0,80.0,89600904.0,95.0,0.0,100.0,4.0,100.0,0.0,84.0,251477617.0,89.0,10289.0,100.0,0.0,100.0,4.0,,,,,100.0,0.0,100.0,0.0,,,72.0,28.0,,,100.0,129.0,100.0,617.0,28.0,28.0,100.0,0.0,100.0,0.0,200.0,0.0,100.0,10185.0,100.0,49752675728.0,100.0,86567524002.0
2019-06-14,ZJV0225H,ST12000NM0007,12000138625024,0,81.0,123940880.0,95.0,0.0,100.0,4.0,100.0,0.0,84.0,254374763.0,89.0,10321.0,100.0,0.0,100.0,4.0,,,,,100.0,0.0,100.0,0.0,,,72.0,28.0,,,100.0,130.0,100.0,618.0,28.0,28.0,100.0,0.0,100.0,0.0,200.0,0.0,100.0,10217.0,100.0,49796913304.0,100.0,86801767290.0
2019-06-15,ZJV0225H,ST12000NM0007,12000138625024,0,83.0,191631968.0,95.0,0.0,100.0,4.0,100.0,0.0,84.0,255223777.0,89.0,10337.0,100.0,0.0,100.0,4.0,,,,,100.0,0.0,100.0,0.0,,,73.0,27.0,,,100.0,131.0,100.0,619.0,27.0,27.0,100.0,0.0,100.0,0.0,200.0,0.0,100.0,10233.0,100.0,49805128192.0,100.0,86861243490.0
2019-06-16,ZJV0225H,ST12000NM0007,12000138625024,0,83.0,193075232.0,95.0,0.0,100.0,4.0,100.0,0.0,84.0,258047982.0,89.0,10368.0,100.0,0.0,100.0,4.0,,,,,100.0,0.0,100.0,0.0,,,73.0,27.0,,,100.0,131.0,100.0,620.0,27.0,27.0,100.0,0.0,100.0,0.0,200.0,0.0,100.0,10264.0,100.0,49842786864.0,100.0,87069169090.0
2019-06-17,ZJV0225H,ST12000NM0007,12000138625024,0,76.0,38003768.0,95.0,0.0,100.0,4.0,100.0,0.0,84.0,259137764.0,89.0,10384.0,100.0,0.0,100.0,4.0,,,,,100.0,0.0,100.0,0.0,,,73.0,27.0,,,100.0,132.0,100.0,621.0,27.0,27.0,100.0,0.0,100.0,0.0,200.0,0.0,100.0,10280.0,100.0,49857631016.0,100.0,87143394178.0
2019-06-18,ZJV0225H,ST12000NM0007,12000138625024,0,77.0,54379144.0,95.0,0.0,100.0,4.0,100.0,0.0,84.0,262764747.0,89.0,10416.0,100.0,0.0,100.0,4.0,,,,,100.0,0.0,100.0,0.0,,,73.0,27.0,,,100.0,133.0,100.0,622.0,27.0,27.0,100.0,0.0,100.0,0.0,200.0,0.0,100.0,10311.0,100.0,49888123656.0,100.0,87373417666.0
2019-06-19,ZJV0225H,ST12000NM0007,12000138625024,0,74.0,27474088.0,95.0,0.0,100.0,4.0,100.0,0.0,84.0,265116641.0,89.0,10448.0,100.0,0.0,100.0,4.0,,,,,100.0,0.0,100.0,0.0,,,72.0,28.0,,,100.0,133.0,100.0,624.0,28.0,28.0,100.0,0.0,100.0,0.0,200.0,0.0,100.0,10343.0,100.0,49937417832.0,100.0,87541359234.0
2019-06-20,ZJV0225H,ST12000NM0007,12000138625024,0,81.0,134809288.0,95.0,0.0,100.0,4.0,100.0,0.0,84.0,267238249.0,89.0,10464.0,100.0,0.0,100.0,4.0,,,,,100.0,0.0,100.0,0.0,,,73.0,27.0,,,100.0,133.0,100.0,624.0,27.0,27.0,100.0,0.0,100.0,0.0,200.0,0.0,100.0,10359.0,100.0,49959630272.0,100.0,87626481994.0
2019-06-21,ZJV0225H,ST12000NM0007,12000138625024,0,77.0,52325312.0,95.0,0.0,100.0,4.0,100.0,0.0,84.0,269258092.0,89.0,10495.0,100.0,0.0,100.0,4.0,,,,,100.0,0.0,100.0,0.0,,,71.0,29.0,,,100.0,133.0,100.0,626.0,29.0,29.0,100.0,0.0,100.0,0.0,200.0,0.0,100.0,10390.0,100.0,49994090544.0,100.0,87753678514.0
2019-06-22,ZJV0225H,ST12000NM0007,12000138625024,0,83.0,215243816.0,95.0,0.0,100.0,4.0,100.0,0.0,84.0,272393443.0,89.0,10511.0,100.0,0.0,100.0,4.0,,,,,100.0,0.0,100.0,0.0,,,74.0,26.0,,,100.0,133.0,100.0,626.0,26.0,26.0,100.0,0.0,100.0,0.0,200.0,0.0,100.0,10406.0,100.0,50023936144.0,100.0,87886751418.0
2019-06-23,ZJV0225H,ST12000NM0007,12000138625024,0,84.0,233709008.0,95.0,0.0,100.0,4.0,100.0,0.0,84.0,275045880.0,88.0,10543.0,100.0,0.0,100.0,4.0,,,,,100.0,0.0,100.0,0.0,,,72.0,28.0,,,100.0,135.0,100.0,628.0,28.0,28.0,100.0,0.0,100.0,0.0,200.0,0.0,100.0,10437.0,100.0,50054994544.0,100.0,88118299058.0
2019-06-24,ZJV0225H,ST12000NM0007,12000138625024,0,80.0,99250240.0,95.0,0.0,100.0,4.0,100.0,0.0,84.0,276249935.0,88.0,10559.0,100.0,0.0,100.0,4.0,,,,,100.0,0.0,100.0,0.0,,,72.0,28.0,,,100.0,135.0,100.0,628.0,28.0,28.0,100.0,0.0,100.0,0.0,200.0,0.0,100.0,10453.0,100.0,50073678648.0,100.0,88209296866.0
2019-06-25,ZJV0225H,ST12000NM0007,12000138625024,0,82.0,162819568.0,95.0,0.0,100.0,4.0,100.0,0.0,84.0,280459165.0,88.0,10591.0,100.0,0.0,100.0,4.0,,,,,100.0,0.0,100.0,0.0,,,72.0,28.0,,,100.0,137.0,100.0,630.0,28.0,28.0,100.0,0.0,100.0,0.0,200.0,0.0,100.0,10485.0,100.0,50148565872.0,100.0,88442119874.0
2019-06-26,ZJV0225H,ST12000NM0007,12000138625024,0,73.0,21351448.0,95.0,0.0,100.0,4.0,100.0,0.0,84.0,281807091.0,88.0,10607.0,100.0,0.0,100.0,4.0,,,,,100.0,0.0,100.0,0.0,,,72.0,28.0,,,100.0,137.0,100.0,630.0,28.0,28.0,100.0,0.0,100.0,0.0,200.0,0.0,100.0,10501.0,100.0,50175114888.0,100.0,88518244610.0
2019-06-27,ZJV0225H,ST12000NM0007,12000138625024,0,77.0,53320544.0,95.0,0.0,100.0,4.0,100.0,0.0,85.0,285717611.0,88.0,10638.0,100.0,0.0,100.0,4.0,,,,,100.0,0.0,100.0,0.0,,,72.0,28.0,,,100.0,138.0,100.0,632.0,28.0,28.0,100.0,0.0,100.0,0.0,200.0,0.0,100.0,10532.0,100.0,50238534672.0,100.0,88730934850.0
2019-06-28,ZJV0225H,ST12000NM0007,12000138625024,0,79.0,82383456.0,95.0,0.0,100.0,4.0,100.0,0.0,85.0,288482496.0,88.0,10670.0,100.0,0.0,100.0,4.0,,,,,100.0,0.0,100.0,0.0,,,72.0,28.0,,,100.0,139.0,100.0,633.0,28.0,28.0,100.0,0.0,100.0,0.0,200.0,0.0,100.0,10563.0,100.0,50273983544.0,100.0,88968689690.0
2019-06-29,ZJV0225H,ST12000NM0007,12000138625024,0,83.0,185848104.0,95.0,0.0,100.0,4.0,100.0,0.0,85.0,289555732.0,88.0,10686.0,100.0,0.0,100.0,4.0,,,,,100.0,0.0,100.0,0.0,,,72.0,28.0,,,100.0,140.0,100.0,634.0,28.0,28.0,100.0,0.0,100.0,0.0,200.0,0.0,100.0,10579.0,100.0,50284621296.0,100.0,89061516586.0
2019-06-30,ZJV0225H,ST12000NM0007,12000138625024,0,82.0,177250824.0,95.0,0.0,100.0,4.0,100.0,0.0,85.0,292277882.0,88.0,10717.0,100.0,0.0,100.0,4.0,,,,,100.0,0.0,100.0,0.0,,,72.0,28.0,,,100.0,141.0,100.0,635.0,28.0,28.0,100.0,0.0,100.0,0.0,200.0,0.0,100.0,10610.0,100.0,50317766520.0,100.0,89263914786.0
2019-07-01,ZJV0225H,ST12000NM0007,12000138625024,0,80.0,110251312.0,95.0,0.0,100.0,4.0,100.0,0.0,85.0,294744641.0,88.0,10733.0,100.0,0.0,100.0,4.0,,,,,100.0,0.0,100.0,0.0,,,71.0,29.0,,,100.0,141.0,100.0,636.0,29.0,29.0,100.0,0.0,100.0,0.0,200.0,0.0,100.0,10626.0,100.0,50333368352.0,100.0,89425454122.0
2019-07-02,ZJV0225H,ST12000NM0007,12000138625024,0,82.0,169691536.0,95.0,0.0,100.0,4.0,100.0,0.0,85.0,298207229.0,88.0,10765.0,100.0,0.0,100.0,4.0,,,,,100.0,0.0,100.0,0.0,,,72.0,28.0,,,100.0,141.0,100.0,637.0,28.0,28.0,100.0,0.0,100.0,0.0,200.0,0.0,100.0,10657.0,100.0,50382117480.0,100.0,89680286058.0
2019-07-03,ZJV0225H,ST12000NM0007,12000138625024,0,78.0,61901624.0,95.0,0.0,100.0,4.0,100.0,0.0,85.0,299739865.0,88.0,10780.0,100.0,0.0,100.0,4.0,,,,,100.0,0.0,100.0,0.0,,,72.0,28.0,,,100.0,141.0,100.0,637.0,28.0,28.0,100.0,0.0,100.0,0.0,200.0,0.0,100.0,10673.0,100.0,50400572528.0,100.0,89798181930.0
2019-07-04,ZJV0225H,ST12000NM0007,12000138625024,0,83.0,213282496.0,95.0,0.0,100.0,4.0,100.0,0.0,85.0,301096382.0,88.0,10796.0,100.0,0.0,100.0,4.0,,,,,100.0,0.0,100.0,0.0,,,72.0,28.0,,,100.0,142.0,100.0,638.0,28.0,28.0,100.0,0.0,100.0,0.0,200.0,0.0,100.0,10688.0,100.0,50413593328.0,100.0,89936542002.0
2019-07-05,ZJV0225H,ST12000NM0007,12000138625024,0,79.0,75485920.0,95.0,0.0,100.0,4.0,100.0,0.0,85.0,305103983.0,88.0,10827.0,100.0,0.0,100.0,4.0,,,,,100.0,0.0,100.0,0.0,,,72.0,28.0,,,100.0,143.0,100.0,639.0,28.0,28.0,100.0,0.0,100.0,0.0,200.0,0.0,100.0,10720.0,100.0,50464566736.0,100.0,90236053338.0
2019-07-06,ZJV0225H,ST12000NM0007,12000138625024,0,83.0,208624048.0,95.0,0.0,100.0,4.0,100.0,0.0,85.0,308781746.0,88.0,10859.0,100.0,0.0,100.0,4.0,,,,,100.0,0.0,100.0,0.0,,,72.0,28.0,,,100.0,143.0,100.0,641.0,28.0,28.0,100.0,0.0,100.0,0.0,200.0,0.0,100.0,10751.0,100.0,50516056992.0,100.0,90561841882.0
2019-07-07,ZJV0225H,ST12000NM0007,12000138625024,0,81.0,117181088.0,95.0,0.0,100.0,4.0,100.0,0.0,85.0,310196189.0,88.0,10874.0,100.0,0.0,100.0,4.0,,,,,100.0,0.0,100.0,0.0,,,72.0,28.0,,,100.0,143.0,100.0,641.0,28.0,28.0,100.0,0.0,100.0,0.0,200.0,0.0,100.0,10767.0,100.0,50552742232.0,100.0,90677854386.0
2019-07-08,ZJV0225H,ST12000NM0007,12000138625024,0,78.0,63133704.0,95.0,0.0,100.0,4.0,100.0,0.0,85.0,316283626.0,88.0,10906.0,100.0,0.0,100.0,4.0,,,,,100.0,0.0,100.0,0.0,,,73.0,27.0,,,100.0,143.0,100.0,643.0,27.0,27.0,100.0,0.0,100.0,0.0,200.0,0.0,100.0,10798.0,100.0,50621580888.0,100.0,91043249850.0
2019-07-09,ZJV0225H,ST12000NM0007,12000138625024,0,82.0,158869904.0,95.0,0.0,100.0,4.0,100.0,0.0,85.0,317394251.0,88.0,10922.0,100.0,0.0,100.0,4.0,,,,,100.0,0.0,100.0,0.0,,,72.0,28.0,,,100.0,143.0,100.0,643.0,28.0,28.0,100.0,0.0,100.0,0.0,200.0,0.0,100.0,10814.0,100.0,50635641520.0,100.0,91124925418.0
2019-07-10,ZJV0225H,ST12000NM0007,12000138625024,0,76.0,37611032.0,95.0,0.0,100.0,4.0,100.0,0.0,85.0,318808496.0,88.0,10937.0,100.0,0.0,100.0,4.0,,,,,100.0,0.0,100.0,0.0,,,72.0,28.0,,,100.0,143.0,100.0,644.0,28.0,28.0,100.0,0.0,100.0,0.0,200.0,0.0,100.0,10829.0,100.0,50651830112.0,100.0,91231618634.0
2019-07-11,ZJV0225H,ST12000NM0007,12000138625024,0,81.0,128966552.0,95.0,0.0,100.0,4.0,100.0,0.0,85.0,323482700.0,88.0,10969.0,100.0,0.0,100.0,4.0,,,,,100.0,0.0,100.0,0.0,,,72.0,28.0,,,100.0,143.0,100.0,646.0,28.0,28.0,100.0,0.0,100.0,0.0,200.0,0.0,100.0,10861.0,100.0,50746585976.0,100.0,91472358922.0
2019-07-12,ZJV0225H,ST12000NM0007,12000138625024,0,84.0,227494184.0,95.0,0.0,100.0,4.0,100.0,0.0,85.0,326905751.0,88.0,11000.0,100.0,0.0,100.0,4.0,,,,,100.0,0.0,100.0,0.0,,,71.0,29.0,,,100.0,143.0,100.0,648.0,29.0,29.0,100.0,0.0,100.0,0.0,200.0,0.0,100.0,10892.0,100.0,50807527832.0,100.0,91754085538.0
2019-07-13,ZJV0225H,ST12000NM0007,12000138625024,0,82.0,169975040.0,95.0,0.0,100.0,4.0,100.0,0.0,85.0,328691745.0,88.0,11016.0,100.0,0.0,100.0,4.0,,,,,100.0,0.0,100.0,0.0,,,72.0,28.0,,,100.0,143.0,100.0,648.0,28.0,28.0,100.0,0.0,100.0,0.0,200.0,0.0,100.0,10908.0,100.0,50848423960.0,100.0,91899810898.0
2019-07-14,ZJV0225H,ST12000NM0007,12000138625024,0,69.0,7109896.0,95.0,0.0,100.0,4.0,100.0,0.0,85.0,331930574.0,88.0,11048.0,100.0,0.0,100.0,4.0,,,,,100.0,0.0,100.0,0.0,,,71.0,29.0,,,100.0,143.0,100.0,649.0,29.0,29.0,100.0,0.0,100.0,0.0,200.0,0.0,100.0,10939.0,100.0,50910031816.0,100.0,92163619378.0
2019-07-15,ZJV0225H,ST12000NM0007,12000138625024,0,83.0,210451040.0,95.0,0.0,100.0,4.0,100.0,0.0,85.0,333553494.0,88.0,11064.0,100.0,0.0,100.0,4.0,,,,,100.0,0.0,100.0,0.0,,,72.0,28.0,,,100.0,143.0,100.0,650.0,28.0,28.0,100.0,0.0,100.0,0.0,200.0,0.0,100.0,10955.0,100.0,50926227520.0,100.0,92350764818.0
2019-07-16,ZJV0225H,ST12000NM0007,12000138625024,0,82.0,159281424.0,95.0,0.0,100.0,4.0,100.0,0.0,85.0,338312949.0,88.0,11095.0,100.0,0.0,100.0,4.0,,,,,100.0,0.0,100.0,0.0,,,71.0,29.0,,,100.0,143.0,100.0,651.0,29.0,29.0,100.0,0.0,100.0,0.0,200.0,0.0,100.0,10986.0,100.0,50963846704.0,100.0,92750257338.0
2019-07-17,ZJV0225H,ST12000NM0007,12000138625024,0,80.0,96472136.0,95.0,0.0,100.0,4.0,100.0,0.0,85.0,340054128.0,88.0,11111.0,100.0,0.0,100.0,4.0,,,,,100.0,0.0,100.0,0.0,,,72.0,28.0,,,100.0,144.0,100.0,652.0,28.0,28.0,100.0,0.0,100.0,0.0,200.0,0.0,100.0,11002.0,100.0,50982259656.0,100.0,92913175850.0
2019-07-18,ZJV0225H,ST12000NM0007,12000138625024,0,82.0,155613768.0,95.0,0.0,100.0,4.0,100.0,0.0,85.0,344228660.0,88.0,11143.0,100.0,0.0,100.0,4.0,,,,,100.0,0.0,100.0,0.0,,,71.0,29.0,,,100.0,144.0,100.0,653.0,29.0,29.0,100.0,0.0,100.0,0.0,200.0,0.0,100.0,11034.0,100.0,51040360808.0,100.0,93158357002.0
2019-07-19,ZJV0225H,ST12000NM0007,12000138625024,0,83.0,187399176.0,95.0,0.0,100.0,4.0,100.0,0.0,85.0,346279845.0,88.0,11159.0,100.0,0.0,100.0,4.0,,,,,100.0,0.0,100.0,0.0,,,72.0,28.0,,,100.0,145.0,100.0,654.0,28.0,28.0,100.0,0.0,100.0,0.0,200.0,0.0,100.0,11050.0,100.0,51086592864.0,100.0,93388051066.0
2019-07-20,ZJV0225H,ST12000NM0007,12000138625024,0,76.0,35927472.0,95.0,0.0,100.0,4.0,100.0,0.0,85.0,350235553.0,88.0,11190.0,100.0,0.0,100.0,4.0,,,,,100.0,0.0,100.0,0.0,,,72.0,28.0,,,100.0,145.0,100.0,655.0,28.0,28.0,100.0,0.0,100.0,0.0,200.0,0.0,100.0,11081.0,100.0,51135456376.0,100.0,93920138010.0
2019-07-21,ZJV0225H,ST12000NM0007,12000138625024,0,84.0,240337632.0,95.0,0.0,100.0,4.0,100.0,0.0,85.0,351866788.0,88.0,11206.0,100.0,0.0,100.0,4.0,,,,,100.0,0.0,100.0,0.0,,,72.0,28.0,,,100.0,145.0,100.0,656.0,28.0,28.0,100.0,0.0,100.0,0.0,200.0,0.0,100.0,11097.0,100.0,51162496648.0,100.0,94097507898.0
2019-07-22,ZJV0225H,ST12000NM0007,12000138625024,0,83.0,221500632.0,95.0,0.0,100.0,4.0,100.0,0.0,86.0,356215640.0,88.0,11238.0,100.0,0.0,100.0,4.0,,,,,100.0,0.0,100.0,0.0,,,71.0,29.0,,,100.0,146.0,100.0,657.0,29.0,29.0,100.0,0.0,100.0,0.0,200.0,0.0,100.0,11128.0,100.0,51240499616.0,100.0,94488949458.0
2019-07-23,ZJV0225H,ST12000NM0007,12000138625024,0,83.0,179340936.0,95.0,0.0,100.0,4.0,100.0,0.0,86.0,358090940.0,88.0,11253.0,100.0,0.0,100.0,4.0,,,,,100.0,0.0,100.0,0.0,,,72.0,28.0,,,100.0,146.0,100.0,658.0,28.0,28.0,100.0,0.0,100.0,0.0,200.0,0.0,100.0,11144.0,100.0,51265448016.0,100.0,94665982474.0
2019-07-24,ZJV0225H,ST12000NM0007,12000138625024,0,82.0,168709496.0,95.0,0.0,100.0,4.0,100.0,0.0,86.0,361399153.0,88.0,11285.0,100.0,0.0,100.0,4.0,,,,,100.0,0.0,100.0,0.0,,,71.0,29.0,,,100.0,147.0,100.0,659.0,29.0,29.0,100.0,0.0,100.0,0.0,200.0,0.0,100.0,11175.0,100.0,51324128008.0,100.0,95084952506.0
2019-07-25,ZJV0225H,ST12000NM0007,12000138625024,0,82.0,152434560.0,95.0,0.0,100.0,4.0,100.0,0.0,86.0,363329142.0,88.0,11301.0,100.0,0.0,100.0,4.0,,,,,100.0,0.0,100.0,0.0,,,73.0,27.0,,,100.0,147.0,100.0,661.0,27.0,27.0,100.0,0.0,100.0,0.0,200.0,0.0,100.0,11191.0,100.0,51365874192.0,100.0,95271072106.0
2019-07-26,ZJV0225H,ST12000NM0007,12000138625024,0,84.0,231681408.0,95.0,0.0,100.0,4.0,100.0,0.0,86.0,365885550.0,88.0,11332.0,100.0,0.0,100.0,4.0,,,,,100.0,0.0,100.0,0.0,,,72.0,28.0,,,100.0,147.0,100.0,663.0,28.0,28.0,100.0,0.0,100.0,0.0,200.0,0.0,100.0,11222.0,100.0,51401322952.0,100.0,95559010970.0
2019-07-27,ZJV0225H,ST12000NM0007,12000138625024,0,83.0,206551144.0,95.0,0.0,100.0,4.0,100.0,0.0,86.0,367412857.0,88.0,11348.0,100.0,0.0,100.0,4.0,,,,,100.0,0.0,100.0,0.0,,,72.0,28.0,,,100.0,147.0,100.0,663.0,28.0,28.0,100.0,0.0,100.0,0.0,200.0,0.0,100.0,11238.0,100.0,51426190512.0,100.0,95753153930.0
2019-07-28,ZJV0225H,ST12000NM0007,12000138625024,0,76.0,39719368.0,95.0,0.0,100.0,4.0,100.0,0.0,86.0,372083825.0,88.0,11380.0,100.0,0.0,100.0,4.0,,,,,100.0,0.0,100.0,0.0,,,71.0,29.0,,,100.0,147.0,100.0,665.0,29.0,29.0,100.0,0.0,100.0,0.0,200.0,0.0,100.0,11269.0,100.0,51540874344.0,100.0,96204060610.0
2019-07-29,ZJV0225H,ST12000NM0007,12000138625024,0,74.0,22407056.0,95.0,0.0,100.0,4.0,100.0,0.0,86.0,374951362.0,87.0,11395.0,100.0,0.0,100.0,4.0,,,,,100.0,0.0,100.0,0.0,,,72.0,28.0,,,100.0,147.0,100.0,665.0,28.0,28.0,100.0,0.0,100.0,0.0,200.0,0.0,100.0,11285.0,100.0,51581258112.0,100.0,96390505226.0
2019-07-30,ZJV0225H,ST12000NM0007,12000138625024,0,84.0,232747880.0,95.0,0.0,100.0,4.0,100.0,0.0,86.0,381502694.0,87.0,11427.0,100.0,0.0,100.0,4.0,,,,,100.0,0.0,100.0,0.0,,,72.0,28.0,,,100.0,147.0,100.0,667.0,28.0,28.0,100.0,0.0,100.0,0.0,200.0,0.0,100.0,11316.0,100.0,51668717096.0,100.0,96757527890.0
2019-07-31,ZJV0225H,ST12000NM0007,12000138625024,0,83.0,220951184.0,95.0,0.0,100.0,4.0,100.0,0.0,86.0,385637044.0,87.0,11458.0,100.0,0.0,100.0,4.0,,,,,100.0,0.0,100.0,0.0,,,72.0,28.0,,,100.0,148.0,100.0,669.0,28.0,28.0,100.0,0.0,100.0,0.0,200.0,0.0,100.0,11347.0,100.0,51770271648.0,100.0,97132458274.0
2019-08-01,ZJV0225H,ST12000NM0007,12000138625024,0,80.0,105562696.0,95.0,0.0,100.0,4.0,100.0,0.0,86.0,388435835.0,87.0,11474.0,100.0,0.0,100.0,4.0,,,,,100.0,0.0,100.0,0.0,,,73.0,27.0,,,100.0,148.0,100.0,669.0,27.0,27.0,100.0,0.0,100.0,0.0,200.0,0.0,100.0,11363.0,100.0,51802373312.0,100.0,97229108938.0
2019-08-02,ZJV0225H,ST12000NM0007,12000138625024,0,77.0,47994880.0,95.0,0.0,100.0,4.0,100.0,0.0,86.0,392305060.0,87.0,11506.0,100.0,0.0,100.0,4.0,,,,,100.0,0.0,100.0,0.0,,,73.0,27.0,,,100.0,148.0,100.0,671.0,27.0,27.0,100.0,0.0,100.0,0.0,200.0,0.0,100.0,11394.0,100.0,51901763384.0,100.0,97560432354.0
2019-08-03,ZJV0225H,ST12000NM0007,12000138625024,0,76.0,42817584.0,95.0,0.0,100.0,4.0,100.0,0.0,86.0,394060598.0,87.0,11522.0,100.0,0.0,100.0,4.0,,,,,100.0,0.0,100.0,0.0,,,73.0,27.0,,,100.0,148.0,100.0,671.0,27.0,27.0,100.0,0.0,100.0,0.0,200.0,0.0,100.0,11410.0,100.0,51947421752.0,100.0,97753737330.0
2019-08-04,ZJV0225H,ST12000NM0007,12000138625024,0,81.0,129385632.0,95.0,0.0,100.0,4.0,100.0,0.0,86.0,398676621.0,87.0,11553.0,100.0,0.0,100.0,4.0,,,,,100.0,0.0,100.0,0.0,,,72.0,28.0,,,100.0,149.0,100.0,673.0,28.0,28.0,100.0,0.0,100.0,0.0,200.0,0.0,100.0,11442.0,100.0,52090599288.0,100.0,98185409330.0
2019-08-05,ZJV0225H,ST12000NM0007,12000138625024,0,100.0,2110768.0,95.0,0.0,100.0,4.0,100.0,0.0,86.0,401061055.0,87.0,11569.0,100.0,0.0,100.0,4.0,,,,,100.0,0.0,100.0,0.0,,,72.0,28.0,,,100.0,149.0,100.0,673.0,28.0,28.0,100.0,0.0,100.0,0.0,200.0,0.0,100.0,11457.0,100.0,52172349288.0,100.0,98464665866.0
2019-08-06,ZJV0225H,ST12000NM0007,12000138625024,0,81.0,121816928.0,95.0,0.0,100.0,4.0,100.0,0.0,86.0,406956702.0,87.0,11601.0,100.0,0.0,100.0,4.0,,,,,100.0,0.0,100.0,0.0,,,72.0,28.0,,,100.0,149.0,100.0,675.0,28.0,28.0,100.0,0.0,100.0,0.0,200.0,0.0,100.0,11489.0,100.0,52298600064.0,100.0,98946402594.0
2019-08-07,ZJV0225H,ST12000NM0007,12000138625024,0,83.0,208573928.0,95.0,0.0,100.0,4.0,100.0,0.0,86.0,409430378.0,87.0,11617.0,100.0,0.0,100.0,4.0,,,,,100.0,0.0,100.0,0.0,,,73.0,27.0,,,100.0,149.0,100.0,675.0,27.0,27.0,100.0,0.0,100.0,0.0,200.0,0.0,100.0,11505.0,100.0,52371940832.0,100.0,99203959570.0
2019-08-08,ZJV0225H,ST12000NM0007,12000138625024,0,83.0,196899120.0,95.0,0.0,100.0,4.0,100.0,0.0,86.0,415350105.0,87.0,11649.0,100.0,0.0,100.0,4.0,,,,,100.0,0.0,100.0,0.0,,,72.0,28.0,,,100.0,149.0,100.0,678.0,28.0,28.0,100.0,0.0,100.0,0.0,200.0,0.0,100.0,11536.0,100.0,52505550696.0,100.0,99546956434.0
2019-08-09,ZJV0225H,ST12000NM0007,12000138625024,0,83.0,190040080.0,95.0,0.0,100.0,4.0,100.0,0.0,86.0,417701250.0,87.0,11664.0,100.0,0.0,100.0,4.0,,,,,100.0,0.0,100.0,0.0,,,73.0,27.0,,,100.0,149.0,100.0,678.0,27.0,27.0,100.0,0.0,100.0,0.0,200.0,0.0,100.0,11552.0,100.0,52551483904.0,100.0,99738304946.0
2019-08-10,ZJV0225H,ST12000NM0007,12000138625024,0,84.0,225522168.0,95.0,0.0,100.0,4.0,100.0,0.0,86.0,423256326.0,87.0,11696.0,100.0,0.0,100.0,4.0,,,,,100.0,0.0,100.0,0.0,,,74.0,26.0,,,100.0,150.0,100.0,680.0,26.0,26.0,100.0,0.0,100.0,0.0,200.0,0.0,100.0,11583.0,100.0,52667964392.0,100.0,100145588002.0
2019-08-11,ZJV0225H,ST12000NM0007,12000138625024,0,83.0,215168240.0,95.0,0.0,100.0,4.0,100.0,0.0,86.0,426114992.0,87.0,11712.0,100.0,0.0,100.0,4.0,,,,,100.0,0.0,100.0,0.0,,,73.0,27.0,,,100.0,150.0,100.0,680.0,27.0,27.0,100.0,0.0,100.0,0.0,200.0,0.0,100.0,11599.0,100.0,52736580144.0,100.0,100310759314.0
2019-08-12,ZJV0225H,ST12000NM0007,12000138625024,0,79.0,85951704.0,95.0,0.0,100.0,4.0,100.0,0.0,86.0,431688676.0,87.0,11744.0,100.0,0.0,100.0,4.0,,,,,100.0,0.0,100.0,0.0,,,72.0,28.0,,,100.0,152.0,100.0,682.0,28.0,28.0,100.0,0.0,100.0,0.0,200.0,0.0,100.0,11631.0,100.0,52872927768.0,100.0,100777619858.0
2019-08-13,ZJV0225H,ST12000NM0007,12000138625024,0,83.0,208311656.0,95.0,0.0,100.0,4.0,100.0,0.0,86.0,435233820.0,87.0,11760.0,100.0,0.0,100.0,4.0,,,,,100.0,0.0,100.0,0.0,,,73.0,27.0,,,100.0,152.0,100.0,682.0,27.0,27.0,100.0,0.0,100.0,0.0,200.0,0.0,100.0,11647.0,100.0,52984970256.0,100.0,101032078298.0
2019-08-14,ZJV0225H,ST12000NM0007,12000138625024,0,80.0,93146336.0,95.0,0.0,100.0,4.0,100.0,0.0,86.0,440713705.0,87.0,11791.0,100.0,0.0,100.0,4.0,,,,,100.0,0.0,100.0,0.0,,,72.0,28.0,,,100.0,153.0,100.0,684.0,28.0,28.0,100.0,0.0,100.0,0.0,200.0,0.0,100.0,11678.0,100.0,53182563568.0,100.0,101451743106.0
2019-08-15,ZJV0225H,ST12000NM0007,12000138625024,0,77.0,51292256.0,95.0,0.0,100.0,4.0,100.0,0.0,86.0,444066778.0,87.0,11807.0,100.0,0.0,100.0,4.0,,,,,100.0,0.0,100.0,0.0,,,73.0,27.0,,,100.0,153.0,100.0,685.0,27.0,27.0,100.0,0.0,100.0,0.0,200.0,0.0,100.0,11693.0,100.0,53220620208.0,100.0,101615973018.0
2019-08-16,ZJV0225H,ST12000NM0007,12000138625024,0,75.0,31808632.0,95.0,0.0,100.0,4.0,100.0,0.0,87.0,449263970.0,87.0,11839.0,100.0,0.0,100.0,4.0,,,,,100.0,0.0,100.0,0.0,,,72.0,28.0,,,100.0,153.0,100.0,686.0,28.0,28.0,100.0,0.0,100.0,0.0,200.0,0.0,100.0,11725.0,100.0,53297515216.0,100.0,102007875834.0
2019-08-17,ZJV0225H,ST12000NM0007,12000138625024,0,74.0,23712608.0,95.0,0.0,100.0,4.0,100.0,0.0,87.0,451596283.0,87.0,11854.0,100.0,0.0,100.0,4.0,,,,,100.0,0.0,100.0,0.0,,,74.0,26.0,,,100.0,153.0,100.0,687.0,26.0,26.0,100.0,0.0,100.0,0.0,200.0,0.0,100.0,11741.0,100.0,53340153560.0,100.0,102201282146.0
2019-08-18,ZJV0225H,ST12000NM0007,12000138625024,0,76.0,38366616.0,95.0,0.0,100.0,4.0,100.0,0.0,87.0,455643785.0,87.0,11886.0,100.0,0.0,100.0,4.0,,,,,100.0,0.0,100.0,0.0,,,72.0,28.0,,,100.0,153.0,100.0,688.0,28.0,28.0,100.0,0.0,100.0,0.0,200.0,0.0,100.0,11772.0,100.0,53411647040.0,100.0,102632723994.0
2019-08-19,ZJV0225H,ST12000NM0007,12000138625024,0,77.0,49988496.0,95.0,0.0,100.0,4.0,100.0,0.0,87.0,457516730.0,87.0,11902.0,100.0,0.0,100.0,4.0,,,,,100.0,0.0,100.0,0.0,,,73.0,27.0,,,100.0,154.0,100.0,689.0,27.0,27.0,100.0,0.0,100.0,0.0,200.0,0.0,100.0,11788.0,100.0,53443109408.0,100.0,102857024218.0
2019-08-20,ZJV0225H,ST12000NM0007,12000138625024,0,82.0,175799856.0,95.0,0.0,100.0,4.0,100.0,0.0,87.0,463612614.0,87.0,11934.0,100.0,0.0,100.0,4.0,,,,,100.0,0.0,100.0,0.0,,,73.0,27.0,,,100.0,154.0,100.0,690.0,27.0,27.0,100.0,0.0,100.0,0.0,200.0,0.0,100.0,11820.0,100.0,53549705816.0,100.0,103364520482.0
2019-08-21,ZJV0225H,ST12000NM0007,12000138625024,0,83.0,198209088.0,95.0,0.0,100.0,4.0,100.0,0.0,87.0,467583266.0,87.0,11965.0,100.0,0.0,100.0,4.0,,,,,100.0,0.0,100.0,0.0,,,73.0,27.0,,,100.0,155.0,100.0,692.0,27.0,27.0,100.0,0.0,100.0,0.0,200.0,0.0,100.0,11851.0,100.0,53613408880.0,100.0,103811508370.0
2019-08-22,ZJV0225H,ST12000NM0007,12000138625024,0,80.0,112087352.0,95.0,0.0,100.0,4.0,100.0,0.0,87.0,470916508.0,87.0,11981.0,100.0,0.0,100.0,4.0,,,,,100.0,0.0,100.0,0.0,,,72.0,28.0,,,100.0,155.0,100.0,692.0,28.0,28.0,100.0,0.0,100.0,0.0,200.0,0.0,100.0,11867.0,100.0,53637155544.0,100.0,103945780642.0
2019-08-23,ZJV0225H,ST12000NM0007,12000138625024,0,72.0,16471624.0,95.0,0.0,100.0,4.0,100.0,0.0,87.0,476029017.0,87.0,12013.0,100.0,0.0,100.0,4.0,,,,,100.0,0.0,100.0,0.0,,,73.0,27.0,,,100.0,156.0,100.0,693.0,27.0,27.0,100.0,0.0,100.0,0.0,200.0,0.0,100.0,11898.0,100.0,53719739904.0,100.0,104255862042.0
2019-08-24,ZJV0225H,ST12000NM0007,12000138625024,0,71.0,11970776.0,95.0,0.0,100.0,4.0,100.0,0.0,87.0,477759420.0,87.0,12029.0,100.0,0.0,100.0,4.0,,,,,100.0,0.0,100.0,0.0,,,72.0,28.0,,,100.0,157.0,100.0,694.0,28.0,28.0,100.0,0.0,100.0,0.0,200.0,0.0,100.0,11914.0,100.0,53760136080.0,100.0,104455105978.0
2019-08-25,ZJV0225H,ST12000NM0007,12000138625024,0,84.0,230264064.0,95.0,0.0,100.0,4.0,100.0,0.0,87.0,480982904.0,87.0,12060.0,100.0,0.0,100.0,4.0,,,,,100.0,0.0,100.0,0.0,,,73.0,27.0,,,100.0,158.0,100.0,695.0,27.0,27.0,100.0,0.0,100.0,0.0,200.0,0.0,100.0,11946.0,100.0,53808529888.0,100.0,104869146202.0
2019-08-26,ZJV0225H,ST12000NM0007,12000138625024,0,75.0,34807136.0,95.0,0.0,100.0,4.0,100.0,0.0,87.0,488005131.0,87.0,12108.0,100.0,0.0,100.0,4.0,,,,,100.0,0.0,100.0,0.0,,,72.0,28.0,,,100.0,158.0,100.0,697.0,28.0,28.0,100.0,0.0,100.0,0.0,200.0,0.0,100.0,11993.0,100.0,53930513040.0,100.0,105528269250.0
2019-08-27,ZJV0225H,ST12000NM0007,12000138625024,0,75.0,34807136.0,95.0,0.0,100.0,4.0,100.0,0.0,87.0,488005131.0,87.0,12108.0,100.0,0.0,100.0,4.0,,,,,100.0,0.0,100.0,0.0,,,72.0,28.0,,,100.0,158.0,100.0,697.0,28.0,28.0,100.0,0.0,100.0,0.0,200.0,0.0,100.0,11993.0,100.0,53930513040.0,100.0,105528269250.0
2019-08-28,ZJV0225H,ST12000NM0007,12000138625024,0,77.0,55363776.0,95.0,0.0,100.0,4.0,100.0,0.0,87.0,489973481.0,87.0,12124.0,100.0,0.0,100.0,4.0,,,,,100.0,0.0,100.0,0.0,,,72.0,28.0,,,100.0,159.0,100.0,698.0,28.0,28.0,100.0,0.0,100.0,0.0,200.0,0.0,100.0,12009.0,100.0,53960367088.0,100.0,105763112482.0
2019-08-29,ZJV0225H,ST12000NM0007,12000138625024,0,78.0,69319336.0,95.0,0.0,100.0,4.0,100.0,0.0,87.0,495483121.0,87.0,12156.0,100.0,0.0,100.0,4.0,,,,,100.0,0.0,100.0,0.0,,,73.0,27.0,,,100.0,159.0,100.0,699.0,27.0,27.0,100.0,0.0,100.0,0.0,200.0,0.0,100.0,12040.0,100.0,54055001048.0,100.0,106170715786.0
2019-08-30,ZJV0225H,ST12000NM0007,12000138625024,0,77.0,53523568.0,95.0,0.0,100.0,4.0,100.0,0.0,87.0,497200523.0,87.0,12171.0,100.0,0.0,100.0,4.0,,,,,100.0,0.0,100.0,0.0,,,73.0,27.0,,,100.0,160.0,100.0,700.0,27.0,27.0,100.0,0.0,100.0,0.0,200.0,0.0,100.0,12056.0,100.0,54084906432.0,100.0,106369155442.0
2019-08-31,ZJV0225H,ST12000NM0007,12000138625024,0,79.0,73099512.0,95.0,0.0,100.0,4.0,100.0,0.0,87.0,501154140.0,87.0,12203.0,100.0,0.0,100.0,4.0,,,,,100.0,0.0,100.0,0.0,,,73.0,27.0,,,100.0,161.0,100.0,701.0,27.0,27.0,100.0,0.0,100.0,0.0,200.0,0.0,100.0,12087.0,100.0,54173495856.0,100.0,106788424914.0
2019-09-01,ZJV0225H,ST12000NM0007,12000138625024,0,79.0,84820240.0,95.0,0.0,100.0,4.0,100.0,0.0,87.0,503297165.0,87.0,12219.0,100.0,0.0,100.0,4.0,,,,,100.0,0.0,100.0,0.0,,,73.0,27.0,,,100.0,161.0,100.0,702.0,27.0,27.0,100.0,0.0,100.0,0.0,200.0,0.0,100.0,12103.0,100.0,54212463824.0,100.0,107005318562.0
2019-09-02,ZJV0225H,ST12000NM0007,12000138625024,0,81.0,128569480.0,95.0,0.0,100.0,4.0,100.0,0.0,87.0,508873956.0,87.0,12250.0,100.0,0.0,100.0,4.0,,,,,100.0,0.0,100.0,0.0,,,72.0,28.0,,,100.0,161.0,100.0,703.0,28.0,28.0,100.0,0.0,100.0,0.0,200.0,0.0,100.0,12135.0,100.0,54303196520.0,100.0,107446616602.0
2019-09-03,ZJV0225H,ST12000NM0007,12000138625024,0,77.0,48423288.0,95.0,0.0,100.0,4.0,100.0,0.0,87.0,510451466.0,86.0,12266.0,100.0,0.0,100.0,4.0,,,,,100.0,0.0,100.0,0.0,,,73.0,27.0,,,100.0,161.0,100.0,704.0,27.0,27.0,100.0,0.0,100.0,0.0,200.0,0.0,100.0,12150.0,100.0,54322893016.0,100.0,107590914546.0
2019-09-04,ZJV0225H,ST12000NM0007,12000138625024,0,82.0,174343672.0,95.0,0.0,100.0,4.0,100.0,0.0,87.0,513543710.0,86.0,12298.0,100.0,0.0,100.0,4.0,,,,,100.0,0.0,100.0,0.0,,,73.0,27.0,,,100.0,161.0,100.0,705.0,27.0,27.0,100.0,0.0,100.0,0.0,200.0,0.0,100.0,12182.0,100.0,54382067800.0,100.0,107901801218.0
2019-09-05,ZJV0225H,ST12000NM0007,12000138625024,0,81.0,132648792.0,95.0,0.0,100.0,4.0,100.0,0.0,87.0,517010511.0,86.0,12314.0,100.0,0.0,100.0,4.0,,,,,100.0,0.0,100.0,0.0,,,73.0,27.0,,,100.0,161.0,100.0,706.0,27.0,27.0,100.0,0.0,100.0,0.0,200.0,0.0,100.0,12197.0,100.0,54443335672.0,100.0,108042979098.0
2019-09-06,ZJV0225H,ST12000NM0007,12000138625024,0,78.0,59016168.0,95.0,0.0,100.0,4.0,100.0,0.0,87.0,518699909.0,86.0,12330.0,100.0,0.0,100.0,4.0,,,,,100.0,0.0,100.0,0.0,,,73.0,27.0,,,100.0,161.0,100.0,707.0,27.0,27.0,100.0,0.0,100.0,0.0,200.0,0.0,100.0,12213.0,100.0,54469153248.0,100.0,108187669594.0
2019-09-07,ZJV0225H,ST12000NM0007,12000138625024,0,80.0,111084496.0,95.0,0.0,100.0,4.0,100.0,0.0,87.0,522136501.0,86.0,12361.0,100.0,0.0,100.0,4.0,,,,,100.0,0.0,100.0,0.0,,,74.0,26.0,,,100.0,161.0,100.0,708.0,26.0,26.0,100.0,0.0,100.0,0.0,200.0,0.0,100.0,12244.0,100.0,54515241576.0,100.0,108437790258.0
2019-09-08,ZJV0225H,ST12000NM0007,12000138625024,0,70.0,10795696.0,95.0,0.0,100.0,4.0,100.0,0.0,87.0,523662918.0,86.0,12377.0,100.0,0.0,100.0,4.0,,,,,100.0,0.0,100.0,0.0,,,74.0,26.0,,,100.0,161.0,100.0,709.0,26.0,26.0,100.0,0.0,100.0,0.0,200.0,0.0,100.0,12259.0,100.0,54520379368.0,100.0,108576504490.0
2019-09-09,ZJV0225H,ST12000NM0007,12000138625024,0,83.0,183106720.0,95.0,0.0,100.0,4.0,100.0,0.0,87.0,527741505.0,86.0,12408.0,100.0,0.0,100.0,4.0,,,,,100.0,0.0,100.0,0.0,,,74.0,26.0,,,100.0,161.0,100.0,710.0,26.0,26.0,100.0,0.0,100.0,0.0,200.0,0.0,100.0,12291.0,100.0,54594544584.0,100.0,108918791066.0
2019-09-10,ZJV0225H,ST12000NM0007,12000138625024,0,82.0,170798200.0,95.0,0.0,100.0,4.0,100.0,0.0,87.0,531006429.0,86.0,12424.0,100.0,0.0,100.0,4.0,,,,,100.0,0.0,100.0,0.0,,,74.0,26.0,,,100.0,161.0,100.0,711.0,26.0,26.0,100.0,0.0,100.0,0.0,200.0,0.0,100.0,12307.0,100.0,54629576624.0,100.0,109115597514.0
2019-09-11,ZJV0225H,ST12000NM0007,12000138625024,0,79.0,87664544.0,95.0,0.0,100.0,4.0,100.0,0.0,87.0,534538535.0,86.0,12456.0,100.0,0.0,100.0,4.0,,,,,100.0,0.0,100.0,0.0,,,74.0,26.0,,,100.0,161.0,100.0,712.0,26.0,26.0,100.0,0.0,100.0,0.0,200.0,0.0,100.0,12338.0,100.0,54702893528.0,100.0,109447428314.0
2019-09-12,ZJV0225H,ST12000NM0007,12000138625024,0,80.0,107664064.0,95.0,0.0,100.0,4.0,100.0,0.0,87.0,539086713.0,86.0,12487.0,100.0,0.0,100.0,4.0,,,,,100.0,0.0,100.0,0.0,,,74.0,26.0,,,100.0,161.0,100.0,714.0,26.0,26.0,100.0,0.0,100.0,0.0,200.0,0.0,100.0,12369.0,100.0,54815962480.0,100.0,109842640322.0
2019-09-13,ZJV0225H,ST12000NM0007,12000138625024,0,82.0,158972776.0,95.0,0.0,100.0,4.0,100.0,0.0,87.0,541435037.0,86.0,12503.0,100.0,0.0,100.0,4.0,,,,,100.0,0.0,100.0,0.0,,,73.0,27.0,,,100.0,161.0,100.0,715.0,27.0,27.0,100.0,0.0,100.0,0.0,200.0,0.0,100.0,12385.0,100.0,54853795864.0,100.0,110100256402.0
2019-09-14,ZJV0225H,ST12000NM0007,12000138625024,0,81.0,131500344.0,95.0,0.0,100.0,4.0,100.0,0.0,87.0,546941973.0,86.0,12535.0,100.0,0.0,100.0,4.0,,,,,100.0,0.0,100.0,0.0,,,74.0,26.0,,,100.0,162.0,100.0,716.0,26.0,26.0,100.0,0.0,100.0,0.0,200.0,0.0,100.0,12417.0,100.0,54941138648.0,100.0,110473722634.0
2019-09-15,ZJV0225H,ST12000NM0007,12000138625024,0,82.0,171053976.0,95.0,0.0,100.0,4.0,100.0,0.0,87.0,549284162.0,86.0,12551.0,100.0,0.0,100.0,4.0,,,,,100.0,0.0,100.0,0.0,,,74.0,26.0,,,100.0,162.0,100.0,717.0,26.0,26.0,100.0,0.0,100.0,0.0,200.0,0.0,100.0,12432.0,100.0,54988277616.0,100.0,110710277938.0
2019-09-16,ZJV0225H,ST12000NM0007,12000138625024,0,80.0,89752416.0,95.0,0.0,100.0,4.0,100.0,0.0,87.0,555526900.0,86.0,12582.0,100.0,0.0,100.0,4.0,,,,,100.0,0.0,100.0,0.0,,,74.0,26.0,,,100.0,162.0,100.0,718.0,26.0,26.0,100.0,0.0,100.0,0.0,200.0,0.0,100.0,12464.0,100.0,55181189040.0,100.0,111168487002.0
2019-09-17,ZJV0225H,ST12000NM0007,12000138625024,0,78.0,70482872.0,95.0,0.0,100.0,4.0,100.0,0.0,87.0,558268907.0,86.0,12598.0,100.0,0.0,100.0,4.0,,,,,100.0,0.0,100.0,0.0,,,74.0,26.0,,,100.0,162.0,100.0,719.0,26.0,26.0,100.0,0.0,100.0,0.0,200.0,0.0,100.0,12480.0,100.0,55222372712.0,100.0,111352174450.0
2019-09-18,ZJV0225H,ST12000NM0007,12000138625024,0,68.0,5889784.0,95.0,0.0,100.0,4.0,100.0,0.0,87.0,562334028.0,86.0,12630.0,100.0,0.0,100.0,4.0,,,,,100.0,0.0,100.0,0.0,,,74.0,26.0,,,100.0,162.0,100.0,721.0,26.0,26.0,100.0,0.0,100.0,0.0,200.0,0.0,100.0,12512.0,100.0,55321538152.0,100.0,111676697218.0
2019-09-19,ZJV0225H,ST12000NM0007,12000138625024,0,81.0,117293928.0,95.0,0.0,100.0,4.0,100.0,0.0,88.0,567491479.0,86.0,12662.0,100.0,0.0,100.0,4.0,,,,,100.0,0.0,100.0,0.0,,,74.0,26.0,,,100.0,163.0,100.0,722.0,26.0,26.0,100.0,0.0,100.0,0.0,200.0,0.0,100.0,12543.0,100.0,55372401896.0,100.0,111981378258.0
2019-09-20,ZJV0225H,ST12000NM0007,12000138625024,0,79.0,76132656.0,95.0,0.0,100.0,4.0,100.0,0.0,88.0,569261582.0,86.0,12678.0,100.0,0.0,100.0,4.0,,,,,100.0,0.0,100.0,0.0,,,74.0,26.0,,,100.0,163.0,100.0,722.0,26.0,26.0,100.0,0.0,100.0,0.0,200.0,0.0,100.0,12559.0,100.0,55376111656.0,100.0,112180648090.0
2019-09-21,ZJV0225H,ST12000NM0007,12000138625024,0,84.0,231112440.0,95.0,0.0,100.0,4.0,100.0,0.0,88.0,572511416.0,86.0,12709.0,100.0,0.0,100.0,4.0,,,,,100.0,0.0,100.0,0.0,,,73.0,27.0,,,100.0,163.0,100.0,724.0,27.0,27.0,100.0,0.0,100.0,0.0,200.0,0.0,100.0,12591.0,100.0,55417645680.0,100.0,112538234498.0
2019-09-22,ZJV0225H,ST12000NM0007,12000138625024,0,84.0,229398472.0,95.0,0.0,100.0,4.0,100.0,0.0,88.0,574677373.0,86.0,12725.0,100.0,0.0,100.0,4.0,,,,,100.0,0.0,100.0,0.0,,,74.0,26.0,,,100.0,163.0,100.0,725.0,26.0,26.0,100.0,0.0,100.0,0.0,200.0,0.0,100.0,12606.0,100.0,55449035168.0,100.0,112749271690.0
2019-09-23,ZJV0225H,ST12000NM0007,12000138625024,0,74.0,24899264.0,95.0,0.0,100.0,4.0,100.0,0.0,88.0,580101639.0,86.0,12757.0,100.0,0.0,100.0,4.0,,,,,100.0,0.0,100.0,0.0,,,73.0,27.0,,,100.0,163.0,100.0,726.0,27.0,27.0,100.0,0.0,100.0,0.0,200.0,0.0,100.0,12638.0,100.0,55534051320.0,100.0,113192178530.0
2019-09-24,ZJV0225H,ST12000NM0007,12000138625024,0,73.0,17923368.0,95.0,0.0,100.0,4.0,100.0,0.0,88.0,583216019.0,86.0,12773.0,100.0,0.0,100.0,4.0,,,,,100.0,0.0,100.0,0.0,,,74.0,26.0,,,100.0,163.0,100.0,726.0,26.0,26.0,100.0,0.0,100.0,0.0,200.0,0.0,100.0,12654.0,100.0,55578145616.0,100.0,113385249074.0
2019-09-25,ZJV0225H,ST12000NM0007,12000138625024,0,84.0,228681656.0,95.0,0.0,100.0,4.0,100.0,0.0,88.0,587475159.0,86.0,12804.0,100.0,0.0,100.0,4.0,,,,,100.0,0.0,100.0,0.0,,,74.0,26.0,,,100.0,165.0,100.0,728.0,26.0,26.0,100.0,0.0,100.0,0.0,200.0,0.0,100.0,12685.0,100.0,55641054744.0,100.0,113777238978.0
2019-09-26,ZJV0225H,ST12000NM0007,12000138625024,0,81.0,135317464.0,95.0,0.0,100.0,4.0,100.0,0.0,88.0,590791564.0,86.0,12820.0,100.0,0.0,100.0,4.0,,,,,100.0,0.0,100.0,0.0,,,74.0,26.0,,,100.0,165.0,100.0,728.0,26.0,26.0,100.0,0.0,100.0,0.0,200.0,0.0,100.0,12701.0,100.0,55666954608.0,100.0,113902116010.0
2019-09-27,ZJV0225H,ST12000NM0007,12000138625024,0,82.0,143406936.0,95.0,0.0,100.0,4.0,100.0,0.0,88.0,595556171.0,86.0,12852.0,100.0,0.0,100.0,4.0,,,,,100.0,0.0,100.0,0.0,,,74.0,26.0,,,100.0,166.0,100.0,730.0,26.0,26.0,100.0,0.0,100.0,0.0,200.0,0.0,100.0,12732.0,100.0,55760097912.0,100.0,114305343826.0
2019-09-28,ZJV0225H,ST12000NM0007,12000138625024,0,82.0,155713288.0,95.0,0.0,100.0,4.0,100.0,0.0,88.0,598688210.0,86.0,12867.0,100.0,0.0,100.0,4.0,,,,,100.0,0.0,100.0,0.0,,,74.0,26.0,,,100.0,166.0,100.0,730.0,26.0,26.0,100.0,0.0,100.0,0.0,200.0,0.0,100.0,12748.0,100.0,55821669192.0,100.0,114500219650.0
2019-09-29,ZJV0225H,ST12000NM0007,12000138625024,0,81.0,121530424.0,95.0,0.0,100.0,4.0,100.0,0.0,88.0,603530170.0,86.0,12899.0,100.0,0.0,100.0,4.0,,,,,100.0,0.0,100.0,0.0,,,74.0,26.0,,,100.0,167.0,100.0,732.0,26.0,26.0,100.0,0.0,100.0,0.0,200.0,0.0,100.0,12779.0,100.0,55885905296.0,100.0,114890082114.0
2019-09-30,ZJV0225H,ST12000NM0007,12000138625024,0,81.0,127637848.0,95.0,0.0,100.0,4.0,100.0,0.0,88.0,605849132.0,86.0,12915.0,100.0,0.0,100.0,4.0,,,,,100.0,0.0,100.0,0.0,,,73.0,27.0,,,100.0,167.0,100.0,732.0,27.0,27.0,100.0,0.0,100.0,0.0,200.0,0.0,100.0,12795.0,100.0,55923031848.0,100.0,115103203890.0
2019-10-01,ZJV0225H,ST12000NM0007,12000138625024,0,81.0,134873136.0,95.0,0.0,100.0,4.0,100.0,0.0,88.0,611867977.0,86.0,12946.0,100.0,0.0,100.0,4.0,,,,,100.0,0.0,100.0,0.0,,,71.0,29.0,,,100.0,168.0,100.0,734.0,29.0,29.0,100.0,0.0,100.0,0.0,200.0,0.0,100.0,12826.0,100.0,56006924288.0,100.0,115514828162.0
2019-10-02,ZJV0225H,ST12000NM0007,12000138625024,0,79.0,80013264.0,95.0,0.0,100.0,4.0,100.0,0.0,88.0,613706144.0,86.0,12962.0,100.0,0.0,100.0,4.0,,,,,100.0,0.0,100.0,0.0,,,74.0,26.0,,,100.0,168.0,100.0,734.0,26.0,26.0,100.0,0.0,100.0,0.0,200.0,0.0,100.0,12842.0,100.0,56037852224.0,100.0,115673181402.0
2019-10-03,ZJV0225H,ST12000NM0007,12000138625024,0,83.0,209559912.0,95.0,0.0,100.0,4.0,100.0,0.0,88.0,616307829.0,86.0,12978.0,100.0,0.0,100.0,4.0,,,,,100.0,0.0,100.0,0.0,,,76.0,24.0,,,100.0,169.0,100.0,735.0,24.0,24.0,100.0,0.0,100.0,0.0,200.0,0.0,100.0,12858.0,100.0,56045075792.0,100.0,115795504482.0
2019-10-04,ZJV0225H,ST12000NM0007,12000138625024,0,81.0,140289464.0,95.0,0.0,100.0,4.0,100.0,0.0,88.0,618474461.0,86.0,13010.0,100.0,0.0,100.0,4.0,,,,,100.0,0.0,100.0,0.0,,,74.0,26.0,,,100.0,170.0,100.0,736.0,26.0,26.0,100.0,0.0,100.0,0.0,200.0,0.0,100.0,12889.0,100.0,56066874856.0,100.0,115948575682.0
2019-10-05,ZJV0225H,ST12000NM0007,12000138625024,0,80.0,106095472.0,95.0,0.0,100.0,4.0,100.0,0.0,88.0,620896261.0,86.0,13041.0,100.0,0.0,100.0,4.0,,,,,100.0,0.0,100.0,0.0,,,74.0,26.0,,,100.0,171.0,100.0,738.0,26.0,26.0,100.0,0.0,100.0,0.0,200.0,0.0,100.0,12920.0,100.0,56092814976.0,100.0,116132582234.0
2019-10-06,ZJV0225H,ST12000NM0007,12000138625024,0,83.0,216939776.0,95.0,0.0,100.0,4.0,100.0,0.0,88.0,622420513.0,86.0,13057.0,100.0,0.0,100.0,4.0,,,,,100.0,0.0,100.0,0.0,,,74.0,26.0,,,100.0,172.0,100.0,739.0,26.0,26.0,100.0,0.0,100.0,0.0,200.0,0.0,100.0,12936.0,100.0,56104202224.0,100.0,116232039290.0
2019-10-07,ZJV0225H,ST12000NM0007,12000138625024,0,83.0,220331520.0,95.0,0.0,100.0,4.0,100.0,0.0,88.0,626916031.0,86.0,13089.0,100.0,0.0,100.0,4.0,,,,,100.0,0.0,100.0,0.0,,,74.0,26.0,,,100.0,173.0,100.0,740.0,26.0,26.0,100.0,0.0,100.0,0.0,200.0,0.0,100.0,12967.0,100.0,56145389408.0,100.0,116438384578.0
2019-10-08,ZJV0225H,ST12000NM0007,12000138625024,0,79.0,71553568.0,95.0,0.0,100.0,4.0,100.0,0.0,88.0,628339576.0,86.0,13105.0,100.0,0.0,100.0,4.0,,,,,100.0,0.0,100.0,0.0,,,74.0,26.0,,,100.0,173.0,100.0,741.0,26.0,26.0,100.0,0.0,100.0,0.0,200.0,0.0,100.0,12983.0,100.0,56168645344.0,100.0,116510491346.0
2019-10-09,ZJV0225H,ST12000NM0007,12000138625024,0,75.0,28367504.0,95.0,0.0,100.0,4.0,100.0,0.0,88.0,630898587.0,86.0,13136.0,100.0,0.0,100.0,4.0,,,,,100.0,0.0,100.0,0.0,,,74.0,26.0,,,100.0,174.0,100.0,742.0,26.0,26.0,100.0,0.0,100.0,0.0,200.0,0.0,100.0,13014.0,100.0,56216192848.0,100.0,116663898410.0
2019-10-10,ZJV0225H,ST12000NM0007,12000138625024,0,83.0,182834832.0,95.0,0.0,100.0,4.0,100.0,0.0,88.0,634009316.0,85.0,13152.0,100.0,0.0,100.0,4.0,,,,,100.0,0.0,100.0,0.0,,,72.0,28.0,,,100.0,174.0,100.0,743.0,28.0,28.0,100.0,0.0,100.0,0.0,200.0,0.0,100.0,13030.0,100.0,56256518760.0,100.0,116778039826.0
2019-10-11,ZJV0225H,ST12000NM0007,12000138625024,0,81.0,119510432.0,95.0,0.0,100.0,4.0,100.0,0.0,88.0,638015483.0,85.0,13184.0,100.0,0.0,100.0,4.0,,,,,100.0,0.0,100.0,0.0,,,73.0,27.0,,,100.0,175.0,100.0,745.0,27.0,27.0,100.0,0.0,100.0,0.0,200.0,0.0,100.0,13061.0,100.0,56289421720.0,100.0,116925953266.0
2019-10-12,ZJV0225H,ST12000NM0007,12000138625024,0,82.0,163570520.0,95.0,0.0,100.0,4.0,100.0,0.0,88.0,638636539.0,85.0,13199.0,100.0,0.0,100.0,4.0,,,,,100.0,0.0,100.0,0.0,,,73.0,27.0,,,100.0,175.0,100.0,745.0,27.0,27.0,100.0,0.0,100.0,0.0,200.0,0.0,100.0,13077.0,100.0,56306522808.0,100.0,116952912266.0
2019-10-13,ZJV0225H,ST12000NM0007,12000138625024,0,75.0,34187744.0,95.0,0.0,100.0,4.0,100.0,0.0,88.0,640032202.0,85.0,13231.0,100.0,0.0,100.0,4.0,,,,,100.0,0.0,100.0,0.0,,,73.0,27.0,,,100.0,177.0,100.0,747.0,27.0,27.0,100.0,0.0,100.0,0.0,200.0,0.0,100.0,13109.0,100.0,56343851232.0,100.0,117030341706.0
2019-10-14,ZJV0225H,ST12000NM0007,12000138625024,0,79.0,85668088.0,95.0,0.0,100.0,4.0,100.0,0.0,88.0,640586714.0,85.0,13247.0,100.0,0.0,100.0,4.0,,,,,100.0,0.0,100.0,0.0,,,73.0,27.0,,,100.0,177.0,100.0,747.0,27.0,27.0,100.0,0.0,100.0,0.0,200.0,0.0,100.0,13124.0,100.0,56365685904.0,100.0,117059987378.0
2019-10-15,ZJV0225H,ST12000NM0007,12000138625024,0,74.0,25445744.0,95.0,0.0,100.0,4.0,100.0,0.0,88.0,644315290.0,85.0,13295.0,100.0,0.0,100.0,4.0,,,,,100.0,0.0,100.0,0.0,,,75.0,25.0,,,100.0,178.0,100.0,749.0,25.0,25.0,100.0,0.0,100.0,0.0,200.0,0.0,100.0,13171.0,100.0,56409162864.0,100.0,117200428714.0
2019-10-16,ZJV0225H,ST12000NM0007,12000138625024,0,74.0,25445744.0,95.0,0.0,100.0,4.0,100.0,0.0,88.0,644315290.0,85.0,13295.0,100.0,0.0,100.0,4.0,,,,,100.0,0.0,100.0,0.0,,,75.0,25.0,,,100.0,178.0,100.0,749.0,25.0,25.0,100.0,0.0,100.0,0.0,200.0,0.0,100.0,13171.0,100.0,56409162864.0,100.0,117200428714.0
2019-10-17,ZJV0225H,ST12000NM0007,12000138625024,0,82.0,146918208.0,95.0,0.0,100.0,4.0,100.0,0.0,88.0,647098691.0,85.0,13326.0,100.0,0.0,100.0,4.0,,,,,100.0,0.0,100.0,0.0,,,75.0,25.0,,,100.0,179.0,100.0,751.0,25.0,25.0,100.0,0.0,100.0,0.0,200.0,0.0,100.0,13203.0,100.0,56438594744.0,100.0,117292469298.0
2019-10-18,ZJV0225H,ST12000NM0007,12000138625024,0,83.0,217694552.0,95.0,0.0,100.0,4.0,100.0,0.0,88.0,647856224.0,85.0,13342.0,100.0,0.0,100.0,4.0,,,,,100.0,0.0,100.0,0.0,,,75.0,25.0,,,100.0,179.0,100.0,751.0,25.0,25.0,100.0,0.0,100.0,0.0,200.0,0.0,100.0,13219.0,100.0,56451889840.0,100.0,117349950546.0
2019-10-19,ZJV0225H,ST12000NM0007,12000138625024,0,75.0,35278592.0,95.0,0.0,100.0,4.0,100.0,0.0,88.0,649125526.0,85.0,13374.0,100.0,0.0,100.0,4.0,,,,,100.0,0.0,100.0,0.0,,,74.0,26.0,,,100.0,181.0,100.0,753.0,26.0,26.0,100.0,0.0,100.0,0.0,200.0,0.0,100.0,13250.0,100.0,56471843136.0,100.0,117391722042.0
2019-10-20,ZJV0225H,ST12000NM0007,12000138625024,0,81.0,140073560.0,95.0,0.0,100.0,4.0,100.0,0.0,88.0,651194865.0,85.0,13405.0,100.0,0.0,100.0,4.0,,,,,100.0,0.0,100.0,0.0,,,75.0,25.0,,,100.0,182.0,100.0,755.0,25.0,25.0,100.0,0.0,100.0,0.0,200.0,0.0,100.0,13281.0,100.0,56510770288.0,100.0,117457589858.0
2019-10-21,ZJV0225H,ST12000NM0007,12000138625024,0,84.0,230552128.0,95.0,0.0,100.0,4.0,100.0,0.0,88.0,653401176.0,85.0,13421.0,100.0,0.0,100.0,4.0,,,,,100.0,0.0,100.0,0.0,,,74.0,26.0,,,100.0,182.0,100.0,755.0,26.0,26.0,100.0,0.0,100.0,0.0,200.0,0.0,100.0,13297.0,100.0,56528082640.0,100.0,117530756074.0
2019-10-22,ZJV0225H,ST12000NM0007,12000138625024,0,80.0,107483776.0,95.0,0.0,100.0,4.0,100.0,0.0,88.0,656250863.0,85.0,13452.0,100.0,0.0,100.0,4.0,,,,,100.0,0.0,100.0,0.0,,,73.0,27.0,,,100.0,183.0,100.0,757.0,27.0,27.0,100.0,0.0,100.0,0.0,200.0,0.0,100.0,13328.0,100.0,56577474296.0,100.0,117602436698.0
2019-10-23,ZJV0225H,ST12000NM0007,12000138625024,0,82.0,162298536.0,95.0,0.0,100.0,4.0,100.0,0.0,88.0,657304793.0,85.0,13468.0,100.0,0.0,100.0,4.0,,,,,100.0,0.0,100.0,0.0,,,73.0,27.0,,,100.0,183.0,100.0,757.0,27.0,27.0,100.0,0.0,100.0,0.0,200.0,0.0,100.0,13344.0,100.0,56599976136.0,100.0,117634749618.0
2019-10-24,ZJV0225H,ST12000NM0007,12000138625024,0,78.0,59652304.0,95.0,0.0,100.0,4.0,100.0,0.0,88.0,661157946.0,85.0,13500.0,100.0,0.0,100.0,4.0,,,,,100.0,0.0,100.0,0.0,,,74.0,26.0,,,100.0,185.0,100.0,759.0,26.0,26.0,100.0,0.0,100.0,0.0,200.0,0.0,100.0,13375.0,100.0,56641705456.0,100.0,117734514874.0
2019-10-25,ZJV0225H,ST12000NM0007,12000138625024,0,80.0,110607730.0,95.0,0.0,100.0,4.0,100.0,0.0,88.0,662097305.0,85.0,13516.0,100.0,0.0,100.0,4.0,,,,,100.0,0.0,100.0,0.0,,,73.0,27.0,,,100.0,185.0,100.0,761.0,27.0,27.0,100.0,0.0,100.0,0.0,200.0,0.0,100.0,13390.0,100.0,56657957872.0,100.0,117769217884.0
2019-10-26,ZJV0225H,ST12000NM0007,12000138625024,0,83.0,180323482.0,95.0,0.0,100.0,4.0,100.0,0.0,88.0,663237280.0,85.0,13531.0,100.0,0.0,100.0,4.0,,,,,100.0,0.0,100.0,0.0,,,73.0,27.0,,,100.0,185.0,100.0,761.0,27.0,27.0,100.0,0.0,100.0,0.0,200.0,0.0,100.0,13406.0,100.0,56671910256.0,100.0,117824981252.0
2019-10-27,ZJV0225H,ST12000NM0007,12000138625024,0,78.0,65300912.0,95.0,0.0,100.0,4.0,100.0,0.0,88.0,665578580.0,85.0,13563.0,100.0,0.0,100.0,4.0,,,,,100.0,0.0,100.0,0.0,,,73.0,27.0,,,100.0,186.0,100.0,763.0,27.0,27.0,100.0,0.0,100.0,0.0,200.0,0.0,100.0,13438.0,100.0,56717553424.0,100.0,117908456388.0
2019-10-28,ZJV0225H,ST12000NM0007,12000138625024,0,81.0,120906192.0,95.0,0.0,100.0,4.0,100.0,0.0,88.0,666555050.0,85.0,13579.0,100.0,0.0,100.0,4.0,,,,,100.0,0.0,100.0,0.0,,,73.0,27.0,,,100.0,186.0,100.0,763.0,27.0,27.0,100.0,0.0,100.0,0.0,200.0,0.0,100.0,13453.0,100.0,56737584384.0,100.0,117944030708.0
2019-10-29,ZJV0225H,ST12000NM0007,12000138625024,0,78.0,63563328.0,95.0,0.0,100.0,4.0,100.0,0.0,88.0,672296245.0,85.0,13610.0,100.0,0.0,100.0,4.0,,,,,100.0,0.0,100.0,0.0,,,73.0,27.0,,,100.0,188.0,100.0,765.0,27.0,27.0,100.0,0.0,100.0,0.0,200.0,0.0,100.0,13484.0,100.0,56774467520.0,100.0,118093945340.0
2019-10-30,ZJV0225H,ST12000NM0007,12000138625024,0,70.0,11083032.0,95.0,0.0,100.0,4.0,100.0,0.0,88.0,675060756.0,85.0,13642.0,100.0,0.0,100.0,4.0,,,,,100.0,0.0,100.0,0.0,,,73.0,27.0,,,100.0,189.0,100.0,766.0,27.0,27.0,100.0,0.0,100.0,0.0,200.0,0.0,100.0,13516.0,100.0,56853878024.0,100.0,118206195172.0
2019-10-31,ZJV0225H,ST12000NM0007,12000138625024,0,81.0,140330168.0,95.0,0.0,100.0,4.0,100.0,0.0,88.0,677900881.0,85.0,13658.0,100.0,0.0,100.0,4.0,,,,,100.0,0.0,100.0,0.0,,,72.0,28.0,,,100.0,189.0,100.0,766.0,28.0,28.0,100.0,0.0,100.0,0.0,200.0,0.0,100.0,13532.0,100.0,56898316800.0,100.0,118291003532.0
2019-11-01,ZJV0225H,ST12000NM0007,12000138625024,0,84.0,235298424.0,95.0,0.0,100.0,4.0,100.0,0.0,88.0,679154046.0,85.0,13673.0,100.0,0.0,100.0,4.0,,,,,100.0,0.0,100.0,0.0,,,73.0,27.0,,,100.0,189.0,100.0,767.0,27.0,27.0,100.0,0.0,100.0,0.0,200.0,0.0,100.0,13547.0,100.0,56931066168.0,100.0,118353222420.0
2019-11-02,ZJV0225H,ST12000NM0007,12000138625024,0,82.0,143653408.0,95.0,0.0,100.0,4.0,100.0,0.0,88.0,681447355.0,85.0,13705.0,100.0,0.0,100.0,4.0,,,,,100.0,0.0,100.0,0.0,,,73.0,27.0,,,100.0,191.0,100.0,769.0,27.0,27.0,100.0,0.0,100.0,0.0,200.0,0.0,100.0,13579.0,100.0,56993550216.0,100.0,118443234188.0
2019-11-03,ZJV0225H,ST12000NM0007,12000138625024,0,69.0,8152432.0,95.0,0.0,100.0,4.0,100.0,0.0,88.0,682603262.0,85.0,13721.0,100.0,0.0,100.0,4.0,,,,,100.0,0.0,100.0,0.0,,,72.0,28.0,,,100.0,191.0,100.0,769.0,28.0,28.0,100.0,0.0,100.0,0.0,200.0,0.0,100.0,13595.0,100.0,57011083304.0,100.0,118534340804.0
2019-11-04,ZJV0225H,ST12000NM0007,12000138625024,0,83.0,189111728.0,95.0,0.0,100.0,4.0,100.0,0.0,88.0,684396739.0,85.0,13753.0,100.0,0.0,100.0,4.0,,,,,100.0,0.0,100.0,0.0,,,71.0,29.0,,,100.0,191.0,100.0,770.0,29.0,29.0,100.0,0.0,100.0,0.0,200.0,0.0,100.0,13626.0,100.0,57056494584.0,100.0,118669888820.0
2019-11-05,ZJV0225H,ST12000NM0007,12000138625024,0,78.0,57492808.0,95.0,0.0,100.0,4.0,100.0,0.0,88.0,687002022.0,85.0,13769.0,100.0,0.0,100.0,4.0,,,,,100.0,0.0,100.0,0.0,,,72.0,28.0,,,100.0,192.0,100.0,771.0,28.0,28.0,100.0,0.0,100.0,0.0,200.0,0.0,100.0,13642.0,100.0,57077636688.0,100.0,118761268428.0
2019-11-06,ZJV0225H,ST12000NM0007,12000138625024,0,83.0,207257144.0,95.0,0.0,100.0,4.0,100.0,0.0,88.0,689009110.0,85.0,13800.0,100.0,0.0,100.0,4.0,,,,,100.0,0.0,100.0,0.0,,,74.0,26.0,,,100.0,193.0,100.0,772.0,26.0,26.0,100.0,0.0,100.0,0.0,200.0,0.0,100.0,13674.0,100.0,57135126288.0,100.0,118853543164.0
2019-11-07,ZJV0225H,ST12000NM0007,12000138625024,0,78.0,64843584.0,95.0,0.0,100.0,4.0,100.0,0.0,88.0,691287335.0,85.0,13816.0,100.0,0.0,100.0,4.0,,,,,100.0,0.0,100.0,0.0,,,73.0,27.0,,,100.0,193.0,100.0,773.0,27.0,27.0,100.0,0.0,100.0,0.0,200.0,0.0,100.0,13690.0,100.0,57160355288.0,100.0,118930041388.0
2019-11-08,ZJV0225H,ST12000NM0007,12000138625024,0,83.0,185152824.0,95.0,0.0,100.0,4.0,100.0,0.0,88.0,693998579.0,85.0,13848.0,100.0,0.0,100.0,4.0,,,,,100.0,0.0,100.0,0.0,,,74.0,26.0,,,100.0,194.0,100.0,774.0,26.0,26.0,100.0,0.0,100.0,0.0,200.0,0.0,100.0,13721.0,100.0,57220154240.0,100.0,118990551676.0
2019-11-09,ZJV0225H,ST12000NM0007,12000138625024,0,83.0,184443464.0,95.0,0.0,100.0,4.0,100.0,0.0,88.0,696673556.0,85.0,13879.0,100.0,0.0,100.0,4.0,,,,,100.0,0.0,100.0,0.0,,,75.0,25.0,,,100.0,195.0,100.0,776.0,25.0,25.0,100.0,0.0,100.0,0.0,200.0,0.0,100.0,13752.0,100.0,57264879696.0,100.0,119189257572.0
2019-11-10,ZJV0225H,ST12000NM0007,12000138625024,0,80.0,89160544.0,95.0,0.0,100.0,4.0,100.0,0.0,88.0,698134801.0,85.0,13895.0,100.0,0.0,100.0,4.0,,,,,100.0,0.0,100.0,0.0,,,75.0,25.0,,,100.0,195.0,100.0,776.0,25.0,25.0,100.0,0.0,100.0,0.0,200.0,0.0,100.0,13768.0,100.0,57281917664.0,100.0,119321077388.0
2019-11-11,ZJV0225H,ST12000NM0007,12000138625024,0,81.0,121552360.0,95.0,0.0,100.0,4.0,100.0,0.0,88.0,701937232.0,85.0,13926.0,100.0,0.0,100.0,4.0,,,,,100.0,0.0,100.0,0.0,,,74.0,26.0,,,100.0,196.0,100.0,778.0,26.0,26.0,100.0,0.0,100.0,0.0,200.0,0.0,100.0,13799.0,100.0,57327958824.0,100.0,119551568788.0
2019-11-12,ZJV0225H,ST12000NM0007,12000138625024,0,71.0,13056536.0,95.0,0.0,100.0,4.0,100.0,0.0,88.0,703696601.0,85.0,13942.0,100.0,0.0,100.0,4.0,,,,,100.0,0.0,100.0,0.0,,,74.0,26.0,,,100.0,196.0,100.0,778.0,26.0,26.0,100.0,0.0,100.0,0.0,200.0,0.0,100.0,13815.0,100.0,57349010208.0,100.0,119666162388.0
2019-11-13,ZJV0225H,ST12000NM0007,12000138625024,0,78.0,70140232.0,95.0,0.0,100.0,4.0,100.0,0.0,88.0,707421725.0,85.0,13974.0,100.0,0.0,100.0,4.0,,,,,100.0,0.0,100.0,0.0,,,74.0,26.0,,,100.0,197.0,100.0,781.0,26.0,26.0,100.0,0.0,100.0,0.0,200.0,0.0,100.0,13846.0,100.0,57410377136.0,100.0,119906019924.0
2019-11-14,ZJV0225H,ST12000NM0007,12000138625024,0,83.0,193439760.0,95.0,0.0,100.0,4.0,100.0,0.0,89.0,710636834.0,85.0,13990.0,100.0,0.0,100.0,4.0,,,,,100.0,0.0,100.0,0.0,,,74.0,26.0,,,100.0,197.0,100.0,781.0,26.0,26.0,100.0,0.0,100.0,0.0,200.0,0.0,100.0,13862.0,100.0,57434486696.0,100.0,120005209892.0
2019-11-15,ZJV0225H,ST12000NM0007,12000138625024,0,81.0,134526376.0,95.0,0.0,100.0,4.0,100.0,0.0,89.0,712222736.0,84.0,14021.0,100.0,0.0,100.0,4.0,,,,,100.0,0.0,100.0,0.0,,,74.0,26.0,,,100.0,198.0,100.0,783.0,26.0,26.0,100.0,0.0,100.0,0.0,200.0,0.0,100.0,13893.0,100.0,57461769896.0,100.0,120163154148.0
2019-11-16,ZJV0225H,ST12000NM0007,12000138625024,0,84.0,243689208.0,95.0,0.0,100.0,4.0,100.0,0.0,89.0,713398412.0,84.0,14037.0,100.0,0.0,100.0,4.0,,,,,100.0,0.0,100.0,0.0,,,73.0,27.0,,,100.0,198.0,100.0,783.0,27.0,27.0,100.0,0.0,100.0,0.0,200.0,0.0,100.0,13909.0,100.0,57479988144.0,100.0,120254098732.0
2019-11-17,ZJV0225H,ST12000NM0007,12000138625024,0,76.0,41807344.0,95.0,0.0,100.0,4.0,100.0,0.0,89.0,715813997.0,84.0,14069.0,100.0,0.0,100.0,4.0,,,,,100.0,0.0,100.0,0.0,,,74.0,26.0,,,100.0,198.0,100.0,784.0,26.0,26.0,100.0,0.0,100.0,0.0,200.0,0.0,100.0,13940.0,100.0,57508454992.0,100.0,120512031548.0
2019-11-18,ZJV0225H,ST12000NM0007,12000138625024,0,81.0,116638536.0,95.0,0.0,100.0,4.0,100.0,0.0,89.0,716638745.0,84.0,14084.0,100.0,0.0,100.0,4.0,,,,,100.0,0.0,100.0,0.0,,,74.0,26.0,,,100.0,199.0,100.0,785.0,26.0,26.0,100.0,0.0,100.0,0.0,200.0,0.0,100.0,13956.0,100.0,57523991744.0,100.0,120571325988.0
2019-11-19,ZJV0225H,ST12000NM0007,12000138625024,0,81.0,133572096.0,95.0,0.0,100.0,4.0,100.0,0.0,89.0,720597003.0,84.0,14116.0,100.0,0.0,100.0,4.0,,,,,100.0,0.0,100.0,0.0,,,72.0,28.0,,,100.0,199.0,100.0,786.0,28.0,28.0,100.0,0.0,100.0,0.0,200.0,0.0,100.0,13988.0,100.0,57546828960.0,100.0,120809562988.0
2019-11-20,ZJV0225H,ST12000NM0007,12000138625024,0,72.0,16676312.0,95.0,0.0,100.0,4.0,100.0,0.0,89.0,721876392.0,84.0,14132.0,100.0,0.0,100.0,4.0,,,,,100.0,0.0,100.0,0.0,,,72.0,28.0,,,100.0,199.0,100.0,787.0,28.0,28.0,100.0,0.0,100.0,0.0,200.0,0.0,100.0,14004.0,100.0,57559550136.0,100.0,120924086684.0
2019-11-21,ZJV0225H,ST12000NM0007,12000138625024,0,75.0,31376816.0,95.0,0.0,100.0,4.0,100.0,0.0,89.0,725751063.0,84.0,14163.0,100.0,0.0,100.0,4.0,,,,,100.0,0.0,100.0,0.0,,,72.0,28.0,,,100.0,199.0,100.0,788.0,28.0,28.0,100.0,0.0,100.0,0.0,200.0,0.0,100.0,14035.0,100.0,57589437584.0,100.0,121153040588.0
2019-11-22,ZJV0225H,ST12000NM0007,12000138625024,0,81.0,116158312.0,95.0,0.0,100.0,4.0,100.0,0.0,89.0,726480872.0,84.0,14179.0,100.0,0.0,100.0,4.0,,,,,100.0,0.0,100.0,0.0,,,73.0,27.0,,,100.0,200.0,100.0,789.0,27.0,27.0,100.0,0.0,100.0,0.0,200.0,0.0,100.0,14051.0,100.0,57603354984.0,100.0,121223904684.0
2019-11-23,ZJV0225H,ST12000NM0007,12000138625024,0,80.0,92261096.0,95.0,0.0,100.0,4.0,100.0,0.0,89.0,728413271.0,84.0,14211.0,100.0,0.0,100.0,4.0,,,,,100.0,0.0,100.0,0.0,,,73.0,27.0,,,100.0,200.0,100.0,790.0,27.0,27.0,100.0,0.0,100.0,0.0,200.0,0.0,100.0,14082.0,100.0,57615376128.0,100.0,121432127236.0
2019-11-24,ZJV0225H,ST12000NM0007,12000138625024,0,70.0,9175048.0,95.0,0.0,100.0,4.0,100.0,0.0,89.0,729558620.0,84.0,14226.0,100.0,0.0,100.0,4.0,,,,,100.0,0.0,100.0,0.0,,,73.0,27.0,,,100.0,201.0,100.0,791.0,27.0,27.0,100.0,0.0,100.0,0.0,200.0,0.0,100.0,14097.0,100.0,57616116792.0,100.0,121592441340.0
2019-11-25,ZJV0225H,ST12000NM0007,12000138625024,0,81.0,127178112.0,95.0,0.0,100.0,4.0,100.0,0.0,89.0,732025549.0,84.0,14258.0,100.0,0.0,100.0,4.0,,,,,100.0,0.0,100.0,0.0,,,73.0,27.0,,,100.0,202.0,100.0,792.0,27.0,27.0,100.0,0.0,100.0,0.0,200.0,0.0,100.0,14129.0,100.0,57616462472.0,100.0,121954239508.0
2019-11-26,ZJV0225H,ST12000NM0007,12000138625024,0,72.0,16992952.0,95.0,0.0,100.0,4.0,100.0,0.0,89.0,734967139.0,84.0,14274.0,100.0,0.0,100.0,4.0,,,,,100.0,0.0,100.0,0.0,,,73.0,27.0,,,100.0,203.0,100.0,793.0,27.0,27.0,100.0,0.0,100.0,0.0,200.0,0.0,100.0,14145.0,100.0,57616657448.0,100.0,122088000172.0
2019-11-27,ZJV0225H,ST12000NM0007,12000138625024,0,79.0,87331648.0,95.0,0.0,100.0,4.0,100.0,0.0,89.0,737243620.0,84.0,14306.0,100.0,0.0,100.0,4.0,,,,,100.0,0.0,100.0,0.0,,,75.0,25.0,,,100.0,203.0,100.0,794.0,25.0,25.0,100.0,0.0,100.0,0.0,200.0,0.0,100.0,14176.0,100.0,57617005728.0,100.0,122402131412.0
2019-11-28,ZJV0225H,ST12000NM0007,12000138625024,0,80.0,98353072.0,95.0,0.0,100.0,4.0,100.0,0.0,89.0,740708937.0,84.0,14337.0,100.0,0.0,100.0,4.0,,,,,100.0,0.0,100.0,0.0,,,75.0,25.0,,,100.0,204.0,100.0,797.0,25.0,25.0,100.0,0.0,100.0,0.0,200.0,0.0,100.0,14207.0,100.0,57617282760.0,100.0,122657016876.0
2019-11-29,ZJV0225H,ST12000NM0007,12000138625024,0,84.0,224888872.0,95.0,0.0,100.0,4.0,100.0,0.0,89.0,741756084.0,84.0,14353.0,100.0,0.0,100.0,4.0,,,,,100.0,0.0,100.0,0.0,,,75.0,25.0,,,100.0,204.0,100.0,797.0,25.0,25.0,100.0,0.0,100.0,0.0,200.0,0.0,100.0,14223.0,100.0,57617455184.0,100.0,122783380252.0
2019-11-30,ZJV0225H,ST12000NM0007,12000138625024,0,77.0,50266168.0,95.0,0.0,100.0,4.0,100.0,0.0,89.0,744124652.0,84.0,14384.0,100.0,0.0,100.0,4.0,,,,,100.0,0.0,100.0,0.0,,,76.0,24.0,,,100.0,204.0,100.0,799.0,24.0,24.0,100.0,0.0,100.0,0.0,200.0,0.0,100.0,14255.0,100.0,57617801120.0,100.0,123096692956.0
2019-12-01,ZJV0225H,ST12000NM0007,12000138625024,0,83.0,204335496.0,95.0,0.0,100.0,4.0,100.0,0.0,89.0,745259738.0,84.0,14400.0,100.0,0.0,100.0,4.0,,,,,100.0,0.0,100.0,0.0,,,75.0,25.0,,,100.0,204.0,100.0,799.0,25.0,25.0,100.0,0.0,100.0,0.0,200.0,0.0,100.0,14270.0,100.0,57617972848.0,100.0,123250590556.0
2019-12-02,ZJV0225H,ST12000NM0007,12000138625024,0,83.0,205067408.0,95.0,0.0,100.0,4.0,100.0,0.0,89.0,747748612.0,84.0,14432.0,100.0,0.0,100.0,4.0,,,,,100.0,0.0,100.0,0.0,,,74.0,26.0,,,100.0,204.0,100.0,801.0,26.0,26.0,100.0,0.0,100.0,0.0,200.0,0.0,100.0,14302.0,100.0,57618320560.0,100.0,123495115388.0
2019-12-03,ZJV0225H,ST12000NM0007,12000138625024,0,81.0,141112808.0,95.0,0.0,100.0,4.0,100.0,0.0,89.0,750361222.0,84.0,14448.0,100.0,0.0,100.0,4.0,,,,,100.0,0.0,100.0,0.0,,,74.0,26.0,,,100.0,204.0,100.0,801.0,26.0,26.0,100.0,0.0,100.0,0.0,200.0,0.0,100.0,14318.0,100.0,57618493496.0,100.0,123675128564.0
2019-12-04,ZJV0225H,ST12000NM0007,12000138625024,0,83.0,204696952.0,95.0,0.0,100.0,4.0,100.0,0.0,89.0,752575300.0,84.0,14479.0,100.0,0.0,100.0,4.0,,,,,100.0,0.0,100.0,0.0,,,74.0,26.0,,,100.0,206.0,100.0,804.0,26.0,26.0,100.0,0.0,100.0,0.0,200.0,0.0,100.0,14349.0,100.0,57618839832.0,100.0,123982507012.0
2019-12-05,ZJV0225H,ST12000NM0007,12000138625024,0,77.0,49055552.0,95.0,0.0,100.0,4.0,100.0,0.0,89.0,754677298.0,84.0,14495.0,100.0,0.0,100.0,4.0,,,,,100.0,0.0,100.0,0.0,,,73.0,27.0,,,100.0,206.0,100.0,804.0,27.0,27.0,100.0,0.0,100.0,0.0,200.0,0.0,100.0,14365.0,100.0,57618882440.0,100.0,124070963780.0
2019-12-06,ZJV0225H,ST12000NM0007,12000138625024,0,73.0,19324104.0,95.0,0.0,100.0,4.0,100.0,0.0,89.0,756976507.0,84.0,14527.0,100.0,0.0,100.0,4.0,,,,,100.0,0.0,100.0,0.0,,,73.0,27.0,,,100.0,207.0,100.0,806.0,27.0,27.0,100.0,0.0,100.0,0.0,200.0,0.0,100.0,14396.0,100.0,57619455472.0,100.0,124284800164.0
2019-12-07,ZJV0225H,ST12000NM0007,12000138625024,0,82.0,156471296.0,95.0,0.0,100.0,4.0,100.0,0.0,89.0,758150163.0,84.0,14543.0,100.0,0.0,100.0,4.0,,,,,100.0,0.0,100.0,0.0,,,73.0,27.0,,,100.0,207.0,100.0,806.0,27.0,27.0,100.0,0.0,100.0,0.0,200.0,0.0,100.0,14412.0,100.0,57620583920.0,100.0,124420819036.0
2019-12-08,ZJV0225H,ST12000NM0007,12000138625024,0,82.0,160337936.0,95.0,0.0,100.0,4.0,100.0,0.0,89.0,760116956.0,84.0,14574.0,100.0,0.0,100.0,4.0,,,,,100.0,0.0,100.0,0.0,,,74.0,26.0,,,100.0,209.0,100.0,808.0,26.0,26.0,100.0,0.0,100.0,0.0,200.0,0.0,100.0,14444.0,100.0,57620929400.0,100.0,124668480868.0
2019-12-09,ZJV0225H,ST12000NM0007,12000138625024,0,80.0,98867816.0,95.0,0.0,100.0,4.0,100.0,0.0,89.0,763150008.0,84.0,14606.0,100.0,0.0,100.0,4.0,,,,,100.0,0.0,100.0,0.0,,,74.0,26.0,,,100.0,209.0,100.0,809.0,26.0,26.0,100.0,0.0,100.0,0.0,200.0,0.0,100.0,14475.0,100.0,57621273696.0,100.0,124850807268.0
2019-12-10,ZJV0225H,ST12000NM0007,12000138625024,0,83.0,194227608.0,95.0,0.0,100.0,4.0,100.0,0.0,89.0,763979548.0,84.0,14622.0,100.0,0.0,100.0,4.0,,,,,100.0,0.0,100.0,0.0,,,73.0,27.0,,,100.0,210.0,100.0,810.0,27.0,27.0,100.0,0.0,100.0,0.0,200.0,0.0,100.0,14491.0,100.0,57621445400.0,100.0,124945995356.0
2019-12-11,ZJV0225H,ST12000NM0007,12000138625024,0,81.0,118958040.0,95.0,0.0,100.0,4.0,100.0,0.0,89.0,765770347.0,84.0,14653.0,100.0,0.0,100.0,4.0,,,,,100.0,0.0,100.0,0.0,,,73.0,27.0,,,100.0,211.0,100.0,812.0,27.0,27.0,100.0,0.0,100.0,0.0,200.0,0.0,100.0,14522.0,100.0,57621771568.0,100.0,125114540372.0
2019-12-12,ZJV0225H,ST12000NM0007,12000138625024,0,82.0,177167272.0,95.0,0.0,100.0,4.0,100.0,0.0,89.0,767480636.0,84.0,14669.0,100.0,0.0,100.0,4.0,,,,,100.0,0.0,100.0,0.0,,,73.0,27.0,,,100.0,211.0,100.0,812.0,27.0,27.0,100.0,0.0,100.0,0.0,200.0,0.0,100.0,14538.0,100.0,57621910480.0,100.0,125172610692.0
2019-12-13,ZJV0225H,ST12000NM0007,12000138625024,0,77.0,45334600.0,95.0,0.0,100.0,4.0,100.0,0.0,89.0,768681604.0,84.0,14701.0,100.0,0.0,100.0,4.0,,,,,100.0,0.0,100.0,0.0,,,73.0,27.0,,,100.0,213.0,100.0,814.0,27.0,27.0,100.0,0.0,100.0,0.0,200.0,0.0,100.0,14569.0,100.0,57622255776.0,100.0,125284573748.0
2019-12-14,ZJV0225H,ST12000NM0007,12000138625024,0,82.0,147302944.0,95.0,0.0,100.0,4.0,100.0,0.0,89.0,769574627.0,84.0,14716.0,100.0,0.0,100.0,4.0,,,,,100.0,0.0,100.0,0.0,,,73.0,27.0,,,100.0,213.0,100.0,814.0,27.0,27.0,100.0,0.0,100.0,0.0,200.0,0.0,100.0,14585.0,100.0,57622426176.0,100.0,125386371692.0
2019-12-15,ZJV0225H,ST12000NM0007,12000138625024,0,81.0,128331664.0,95.0,0.0,100.0,4.0,100.0,0.0,89.0,771858348.0,84.0,14748.0,100.0,0.0,100.0,4.0,,,,,100.0,0.0,100.0,0.0,,,73.0,27.0,,,100.0,213.0,100.0,816.0,27.0,27.0,100.0,0.0,100.0,0.0,200.0,0.0,100.0,14616.0,100.0,57622772584.0,100.0,125611194780.0
2019-12-16,ZJV0225H,ST12000NM0007,12000138625024,0,77.0,52297384.0,95.0,0.0,100.0,4.0,100.0,0.0,89.0,773779198.0,84.0,14764.0,100.0,0.0,100.0,4.0,,,,,100.0,0.0,100.0,0.0,,,73.0,27.0,,,100.0,213.0,100.0,816.0,27.0,27.0,100.0,0.0,100.0,0.0,200.0,0.0,100.0,14632.0,100.0,57622946384.0,100.0,125779127388.0
2019-12-17,ZJV0225H,ST12000NM0007,12000138625024,0,73.0,21174360.0,95.0,0.0,100.0,4.0,100.0,0.0,89.0,776393689.0,84.0,14795.0,100.0,0.0,100.0,4.0,,,,,100.0,0.0,100.0,0.0,,,75.0,25.0,,,100.0,214.0,100.0,818.0,25.0,25.0,100.0,0.0,100.0,0.0,200.0,0.0,100.0,14663.0,100.0,57623289424.0,100.0,125991801956.0
2019-12-18,ZJV0225H,ST12000NM0007,12000138625024,0,82.0,160265728.0,95.0,0.0,100.0,4.0,100.0,0.0,89.0,777337717.0,84.0,14811.0,100.0,0.0,100.0,4.0,,,,,100.0,0.0,100.0,0.0,,,75.0,25.0,,,100.0,214.0,100.0,818.0,25.0,25.0,100.0,0.0,100.0,0.0,200.0,0.0,100.0,14679.0,100.0,57623461848.0,100.0,126130720900.0
2019-12-19,ZJV0225H,ST12000NM0007,12000138625024,0,80.0,102693944.0,95.0,0.0,100.0,4.0,100.0,0.0,89.0,778927021.0,84.0,14843.0,100.0,0.0,100.0,4.0,,,,,100.0,0.0,100.0,0.0,,,75.0,25.0,,,100.0,214.0,100.0,820.0,25.0,25.0,100.0,0.0,100.0,0.0,200.0,0.0,100.0,14711.0,100.0,57623807048.0,100.0,126316944732.0
2019-12-20,ZJV0225H,ST12000NM0007,12000138625024,0,83.0,201978952.0,95.0,0.0,100.0,4.0,100.0,0.0,89.0,779694069.0,84.0,14858.0,100.0,0.0,100.0,4.0,,,,,100.0,0.0,100.0,0.0,,,75.0,25.0,,,100.0,214.0,100.0,820.0,25.0,25.0,100.0,0.0,100.0,0.0,200.0,0.0,100.0,14726.0,100.0,57623979224.0,100.0,126416057564.0
2019-12-21,ZJV0225H,ST12000NM0007,12000138625024,0,79.0,81949658.0,95.0,0.0,100.0,4.0,100.0,0.0,89.0,781023093.0,84.0,14890.0,100.0,0.0,100.0,4.0,,,,,100.0,0.0,100.0,0.0,,,76.0,24.0,,,100.0,215.0,100.0,823.0,24.0,24.0,100.0,0.0,100.0,0.0,200.0,0.0,100.0,14758.0,100.0,57629615616.0,100.0,126534532526.0
2019-12-22,ZJV0225H,ST12000NM0007,12000138625024,0,83.0,178089658.0,95.0,0.0,100.0,4.0,100.0,0.0,89.0,781901604.0,83.0,14906.0,100.0,0.0,100.0,4.0,,,,,100.0,0.0,100.0,0.0,,,75.0,25.0,,,100.0,216.0,100.0,824.0,25.0,25.0,100.0,0.0,100.0,0.0,200.0,0.0,100.0,14774.0,100.0,57629787520.0,100.0,126630500622.0
2019-12-23,ZJV0225H,ST12000NM0007,12000138625024,0,77.0,47652688.0,95.0,0.0,100.0,4.0,100.0,0.0,89.0,782939962.0,83.0,14938.0,100.0,0.0,100.0,4.0,,,,,100.0,0.0,100.0,0.0,,,75.0,25.0,,,100.0,217.0,100.0,825.0,25.0,25.0,100.0,0.0,100.0,0.0,200.0,0.0,100.0,14805.0,100.0,57630133848.0,100.0,126743857974.0
2019-12-24,ZJV0225H,ST12000NM0007,12000138625024,0,81.0,114598872.0,95.0,0.0,100.0,4.0,100.0,0.0,89.0,783537244.0,83.0,14954.0,100.0,0.0,100.0,4.0,,,,,100.0,0.0,100.0,0.0,,,74.0,26.0,,,100.0,217.0,100.0,826.0,26.0,26.0,100.0,0.0,100.0,0.0,200.0,0.0,100.0,14821.0,100.0,57630308472.0,100.0,126810629534.0
2019-12-25,ZJV0225H,ST12000NM0007,12000138625024,0,83.0,210794680.0,95.0,0.0,100.0,4.0,100.0,0.0,89.0,784418289.0,83.0,14985.0,100.0,0.0,100.0,4.0,,,,,100.0,0.0,100.0,0.0,,,74.0,26.0,,,100.0,218.0,100.0,827.0,26.0,26.0,100.0,0.0,100.0,0.0,200.0,0.0,100.0,14852.0,100.0,57630651120.0,100.0,126906482694.0
2019-12-26,ZJV0225H,ST12000NM0007,12000138625024,0,77.0,51076760.0,95.0,0.0,100.0,4.0,100.0,0.0,89.0,785046790.0,83.0,15001.0,100.0,0.0,100.0,4.0,,,,,100.0,0.0,100.0,0.0,,,74.0,26.0,,,100.0,218.0,100.0,828.0,26.0,26.0,100.0,0.0,100.0,0.0,200.0,0.0,100.0,14868.0,100.0,57630822560.0,100.0,126990734150.0
2019-12-27,ZJV0225H,ST12000NM0007,12000138625024,0,82.0,173732392.0,95.0,0.0,100.0,4.0,100.0,0.0,89.0,786179430.0,83.0,15033.0,100.0,0.0,100.0,4.0,,,,,100.0,0.0,100.0,0.0,,,74.0,26.0,,,100.0,219.0,100.0,829.0,26.0,26.0,100.0,0.0,100.0,0.0,200.0,0.0,100.0,14899.0,100.0,57631167008.0,100.0,127113045334.0
2019-12-28,ZJV0225H,ST12000NM0007,12000138625024,0,100.0,1755128.0,95.0,0.0,100.0,4.0,100.0,0.0,89.0,786719251.0,83.0,15048.0,100.0,0.0,100.0,4.0,,,,,100.0,0.0,100.0,0.0,,,74.0,26.0,,,100.0,220.0,100.0,830.0,26.0,26.0,100.0,0.0,100.0,0.0,200.0,0.0,100.0,14915.0,100.0,57631338432.0,100.0,127185037318.0
2019-12-29,ZJV0225H,ST12000NM0007,12000138625024,0,82.0,176621568.0,95.0,0.0,100.0,4.0,100.0,0.0,89.0,787983819.0,83.0,15080.0,100.0,0.0,100.0,4.0,,,,,100.0,0.0,100.0,0.0,,,74.0,26.0,,,100.0,220.0,100.0,831.0,26.0,26.0,100.0,0.0,100.0,0.0,200.0,0.0,100.0,14947.0,100.0,57631685216.0,100.0,127359556974.0
2019-12-30,ZJV0225H,ST12000NM0007,12000138625024,0,75.0,29411552.0,95.0,0.0,100.0,4.0,100.0,0.0,89.0,788612415.0,83.0,15096.0,100.0,0.0,100.0,4.0,,,,,100.0,0.0,100.0,0.0,,,74.0,26.0,,,100.0,221.0,100.0,832.0,26.0,26.0,100.0,0.0,100.0,0.0,200.0,0.0,100.0,14962.0,100.0,57631856536.0,100.0,127456316342.0
2019-12-31,ZJV0225H,ST12000NM0007,12000138625024,0,83.0,196821192.0,95.0,0.0,100.0,4.0,100.0,0.0,89.0,789834364.0,83.0,15127.0,100.0,0.0,100.0,4.0,,,,,100.0,0.0,100.0,0.0,,,73.0,27.0,,,100.0,221.0,100.0,833.0,27.0,27.0,100.0,0.0,100.0,0.0,200.0,0.0,100.0,14994.0,100.0,57632201752.0,100.0,127623380766.0
