2019-01-01,ZJV12205,ST12000NM0007,12000138625024,0,81,138503712,99.0,0.0,100.0,1.0,100.0,0.0,88.0,576261071.0,96,4354,100.0,0.0,100,1,,,,,100.0,0.0,100.0,0.0,,,75.0,25.0,,,100.0,39.0,100.0,673.0,25,25,100.0,0.0,100.0,0.0,200.0,0.0,100.0,4165.0,100.0,32924588256.0,100.0,41432755612.0
2019-01-02,ZJV12205,ST12000NM0007,12000138625024,0,80,93606048,99.0,0.0,100.0,1.0,100.0,0.0,88.0,579010355.0,96,4378,100.0,0.0,100,1,,,,,100.0,0.0,100.0,0.0,,,75.0,25.0,,,100.0,39.0,100.0,674.0,25,25,100.0,0.0,100.0,0.0,200.0,0.0,100.0,4190.0,100.0,32988212632.0,100.0,41568374204.0
2019-01-03,ZJV12205,ST12000NM0007,12000138625024,0,80.0,98533032.0,99.0,0.0,100.0,1.0,100.0,0.0,88.0,581791039.0,95.0,4401.0,100.0,0.0,100.0,1.0,,,,,100.0,0.0,100.0,0.0,,,74.0,26.0,,,100.0,40.0,100.0,675.0,26.0,26.0,100.0,0.0,100.0,0.0,200.0,0.0,100.0,4213.0,100.0,33082011328.0,100.0,41723643204.0
2019-01-04,ZJV12205,ST12000NM0007,12000138625024,0,81,127245504,99.0,0.0,100.0,1.0,100.0,0.0,88.0,584643402.0,95,4426,100.0,0.0,100,1,,,,,100.0,0.0,100.0,0.0,,,74.0,26.0,,,100.0,41.0,100.0,676.0,26,26,100.0,0.0,100.0,0.0,200.0,0.0,100.0,4237.0,100.0,33173359288.0,100.0,41905148356.0
2019-01-05,ZJV12205,ST12000NM0007,12000138625024,0,81,136916016,99.0,0.0,100.0,1.0,100.0,0.0,88.0,587459200.0,95,4448,100.0,0.0,100,1,,,,,100.0,0.0,100.0,0.0,,,74.0,26.0,,,100.0,41.0,100.0,677.0,26,26,100.0,0.0,100.0,0.0,200.0,0.0,100.0,4259.0,100.0,33249660328.0,100.0,42082658636.0
2019-01-06,ZJV12205,ST12000NM0007,12000138625024,0,84,237177264,99.0,0.0,100.0,1.0,100.0,0.0,88.0,590913332.0,95,4474,100.0,0.0,100,1,,,,,100.0,0.0,100.0,0.0,,,74.0,26.0,,,100.0,41.0,100.0,678.0,26,26,100.0,0.0,100.0,0.0,200.0,0.0,100.0,4285.0,100.0,33373448632.0,100.0,42303272804.0
2019-01-07,ZJV12205,ST12000NM0007,12000138625024,0,81,113382648,99.0,0.0,100.0,1.0,100.0,0.0,88.0,595264971.0,95,4498,100.0,0.0,100,1,,,,,100.0,0.0,100.0,0.0,,,74.0,26.0,,,100.0,41.0,100.0,679.0,26,26,100.0,0.0,100.0,0.0,200.0,0.0,100.0,4308.0,100.0,33482791456.0,100.0,42558417852.0
2019-01-08,ZJV12205,ST12000NM0007,12000138625024,0,81,121112400,99.0,0.0,100.0,1.0,100.0,0.0,88.0,597988099.0,95,4521,100.0,0.0,100,1,,,,,100.0,0.0,100.0,0.0,,,75.0,25.0,,,100.0,42.0,100.0,680.0,25,25,100.0,0.0,100.0,0.0,200.0,0.0,100.0,4332.0,100.0,33542862976.0,100.0,42750217156.0
2019-01-09,ZJV12205,ST12000NM0007,12000138625024,0,83,187924696,99.0,0.0,100.0,1.0,100.0,0.0,88.0,601824632.0,95,4546,100.0,0.0,100,1,,,,,100.0,0.0,100.0,0.0,,,75.0,25.0,,,100.0,42.0,100.0,681.0,25,25,100.0,0.0,100.0,0.0,200.0,0.0,100.0,4357.0,100.0,33658955640.0,100.0,42945077492.0
2019-01-10,ZJV12205,ST12000NM0007,12000138625024,0,82,150946960,99.0,0.0,100.0,1.0,100.0,0.0,88.0,604045854.0,95,4567,100.0,0.0,100,1,,,,,100.0,0.0,100.0,0.0,,,75.0,25.0,,,100.0,42.0,100.0,682.0,25,25,100.0,0.0,100.0,0.0,200.0,0.0,100.0,4378.0,100.0,33701258288.0,100.0,43109938308.0
2019-01-11,ZJV12205,ST12000NM0007,12000138625024,0,80.0,98601736.0,99.0,0.0,100.0,1.0,100.0,0.0,88.0,606108018.0,95.0,4585.0,100.0,0.0,100.0,1.0,,,,,100.0,0.0,100.0,0.0,,,75.0,25.0,,,100.0,42.0,100.0,683.0,25.0,25.0,100.0,0.0,100.0,0.0,200.0,0.0,100.0,4396.0,100.0,33780121288.0,100.0,43222870900.0
2019-01-12,ZJV12205,ST12000NM0007,12000138625024,0,73,19588952,99.0,0.0,100.0,1.0,100.0,0.0,88.0,607853273.0,95,4601,100.0,0.0,100,1,,,,,100.0,0.0,100.0,0.0,,,75.0,25.0,,,100.0,43.0,100.0,684.0,25,25,100.0,0.0,100.0,0.0,200.0,0.0,100.0,4412.0,100.0,33834054624.0,100.0,43334065596.0
2019-01-13,ZJV12205,ST12000NM0007,12000138625024,0,79,81100712,99.0,0.0,100.0,1.0,100.0,0.0,88.0,611026846.0,95,4633,100.0,0.0,100,1,,,,,100.0,0.0,100.0,0.0,,,75.0,25.0,,,100.0,43.0,100.0,685.0,25,25,100.0,0.0,100.0,0.0,200.0,0.0,100.0,4443.0,100.0,33902066552.0,100.0,43571706236.0
2019-01-14,ZJV12205,ST12000NM0007,12000138625024,0,74,24417360,99.0,0.0,100.0,1.0,100.0,0.0,88.0,613129093.0,95,4649,100.0,0.0,100,1,,,,,100.0,0.0,100.0,0.0,,,75.0,25.0,,,100.0,43.0,100.0,686.0,25,25,100.0,0.0,100.0,0.0,200.0,0.0,100.0,4459.0,100.0,33934336608.0,100.0,43726893532.0
2019-01-15,ZJV12205,ST12000NM0007,12000138625024,0,83.0,180673226.0,99.0,0.0,100.0,1.0,100.0,0.0,88.0,617097130.0,95.0,4691.0,100.0,0.0,100.0,1.0,,,,,100.0,0.0,100.0,0.0,,,76.0,24.0,,,100.0,44.0,100.0,696.0,24.0,24.0,100.0,0.0,100.0,0.0,200.0,0.0,100.0,4499.0,100.0,34035168976.0,100.0,44026457934.0
2019-01-16,ZJV12205,ST12000NM0007,12000138625024,0,83,193519608,99.0,0.0,100.0,1.0,100.0,0.0,88.0,620242512.0,95,4715,100.0,0.0,100,1,,,,,100.0,0.0,100.0,0.0,,,76.0,24.0,,,100,44,100.0,697.0,24,24,100.0,0.0,100.0,0.0,200.0,0.0,100.0,4523.0,100.0,34095986680.0,100.0,44222627358.0
2019-01-17,ZJV12205,ST12000NM0007,12000138625024,0,84,235112088,99.0,0.0,100.0,1.0,100.0,0.0,88.0,623787995.0,95,4740,100.0,0.0,100,1,,,,,100.0,0.0,100.0,0.0,,,75.0,25.0,,,100,44,100.0,698.0,25,25,100.0,0.0,100.0,0.0,200.0,0.0,100.0,4547.0,100.0,34180090896.0,100.0,44424256318.0
2019-01-18,ZJV12205,ST12000NM0007,12000138625024,0,83,202636104,99.0,0.0,100.0,1.0,100.0,0.0,88.0,626261780.0,95,4764,100.0,0.0,100,1,,,,,100.0,0.0,100.0,0.0,,,77.0,23.0,,,100,45,100.0,699.0,23,23,100.0,0.0,100.0,0.0,200.0,0.0,100.0,4571.0,100.0,34245204512.0,100.0,44570807598.0
2019-01-19,ZJV12205,ST12000NM0007,12000138625024,0,83,210785128,99.0,0.0,100.0,1.0,100.0,0.0,88.0,628840072.0,95,4787,100.0,0.0,100,1,,,,,100.0,0.0,100.0,0.0,,,76.0,24.0,,,100,45,100.0,700.0,24,24,100.0,0.0,100.0,0.0,200.0,0.0,100.0,4594.0,100.0,34331024000.0,100.0,44737277934.0
2019-01-20,ZJV12205,ST12000NM0007,12000138625024,0,75,31936224,99.0,0.0,100.0,1.0,100.0,0.0,88.0,631838691.0,95,4812,100.0,0.0,100,1,,,,,100.0,0.0,100.0,0.0,,,76.0,24.0,,,100,45,100.0,701.0,24,24,100.0,0.0,100.0,0.0,200.0,0.0,100.0,4619.0,100.0,34414353640.0,100.0,44963380742.0
2019-01-21,ZJV12205,ST12000NM0007,12000138625024,0,79,72981608,99.0,0.0,100.0,1.0,100.0,0.0,88.0,635244888.0,95,4836,100.0,0.0,100,1,,,,,100.0,0.0,100.0,0.0,,,76.0,24.0,,,100,45,100.0,702.0,24,24,100.0,0.0,100.0,0.0,200.0,0.0,100.0,4642.0,100.0,34488500512.0,100.0,45174419918.0
2019-01-22,ZJV12205,ST12000NM0007,12000138625024,0,80.0,106557248.0,99.0,0.0,100.0,1.0,100.0,0.0,88.0,637995758.0,95.0,4859.0,100.0,0.0,100.0,1.0,,,,,100.0,0.0,100.0,0.0,,,74.0,26.0,,,100.0,45.0,100.0,703.0,26.0,26.0,100.0,0.0,100.0,0.0,200.0,0.0,100.0,4666.0,100.0,34569740960.0,100.0,45370895742.0
2019-01-23,ZJV12205,ST12000NM0007,12000138625024,0,70.0,8996112.0,99.0,0.0,100.0,1.0,100.0,0.0,88.0,642002266.0,95.0,4887.0,100.0,0.0,100.0,1.0,,,,,100.0,0.0,100.0,0.0,,,75.0,25.0,,,100.0,46.0,100.0,704.0,25.0,25.0,100.0,0.0,100.0,0.0,200.0,0.0,100.0,4693.0,100.0,34691049520.0,100.0,45640308054.0
2019-01-24,ZJV12205,ST12000NM0007,12000138625024,0,76.0,38592808.0,99.0,0.0,100.0,1.0,100.0,0.0,88.0,644973692.0,95.0,4911.0,100.0,0.0,100.0,1.0,,,,,100.0,0.0,100.0,0.0,,,74.0,26.0,,,100.0,47.0,100.0,705.0,26.0,26.0,100.0,0.0,100.0,0.0,200.0,0.0,100.0,4717.0,100.0,34807586544.0,100.0,45797508494.0
2019-01-25,ZJV12205,ST12000NM0007,12000138625024,0,83,215409800,99.0,0.0,100.0,1.0,100.0,0.0,88.0,646968774.0,95,4927,100.0,0.0,100,1,,,,,100.0,0.0,100.0,0.0,,,75.0,25.0,,,100,47,100.0,706.0,25,25,100.0,0.0,100.0,0.0,200.0,0.0,100.0,4733.0,100.0,34873500152.0,100.0,45908411878.0
2019-01-26,ZJV12205,ST12000NM0007,12000138625024,0,78,69211736,99.0,0.0,100.0,1.0,100.0,0.0,88.0,651437326.0,95,4958,100.0,0.0,100,1,,,,,100.0,0.0,100.0,0.0,,,75.0,25.0,,,100,48,100.0,707.0,25,25,100.0,0.0,100.0,0.0,200.0,0.0,100.0,4764.0,100.0,34973791216.0,100.0,46150204262.0
2019-01-27,ZJV12205,ST12000NM0007,12000138625024,0,84,236246392,99.0,0.0,100.0,1.0,100.0,0.0,88.0,653141738.0,95,4974,100.0,0.0,100,1,,,,,100.0,0.0,100.0,0.0,,,75.0,25.0,,,100,48,100.0,708.0,25,25,100.0,0.0,100.0,0.0,200.0,0.0,100.0,4780.0,100.0,35022945400.0,100.0,46268084734.0
2019-01-28,ZJV12205,ST12000NM0007,12000138625024,0,80,103086976,99.0,0.0,100.0,1.0,100.0,0.0,88.0,657299315.0,95,5006,100.0,0.0,100,1,,,,,100.0,0.0,100.0,0.0,,,75.0,25.0,,,100,48,100.0,709.0,25,25,100.0,0.0,100.0,0.0,200.0,0.0,100.0,4812.0,100.0,35126586360.0,100.0,46519569414.0
2019-01-29,ZJV12205,ST12000NM0007,12000138625024,0,75,32480104,99.0,0.0,100.0,1.0,100.0,0.0,88.0,659025749.0,95,5022,100.0,0.0,100,1,,,,,100.0,0.0,100.0,0.0,,,75.0,25.0,,,100,49,100.0,710.0,25,25,100.0,0.0,100.0,0.0,200.0,0.0,100.0,4828.0,100.0,35174171328.0,100.0,46645518726.0
2019-01-30,ZJV12205,ST12000NM0007,12000138625024,0,82,150014200,99.0,0.0,100.0,1.0,100.0,0.0,88.0,663148993.0,95,5054,100.0,0.0,100,1,,,,,100.0,0.0,100.0,0.0,,,74.0,26.0,,,100,50,100.0,711.0,26,26,100.0,0.0,100.0,0.0,200.0,0.0,100.0,4859.0,100.0,35286451536.0,100.0,46894913262.0
2019-01-31,ZJV12205,ST12000NM0007,12000138625024,0,79,79689232,99.0,0.0,100.0,1.0,100.0,0.0,88.0,665158299.0,95,5070,100.0,0.0,100,1,,,,,100.0,0.0,100.0,0.0,,,75.0,25.0,,,100,51,100.0,712.0,25,25,100.0,0.0,100.0,0.0,200.0,0.0,100.0,4875.0,100.0,35351934024.0,100.0,47003246438.0
2019-02-01,ZJV12205,ST12000NM0007,12000138625024,0,80,99770704,99.0,0.0,100.0,1.0,100.0,0.0,88.0,668787593.0,95,5101,100.0,0.0,100,1,,,,,100.0,0.0,100.0,0.0,,,75.0,25.0,,,100,52,100.0,713.0,25,25,100.0,0.0,100.0,0.0,200.0,0.0,100.0,4907.0,100.0,35423131040.0,100.0,47196271654.0
2019-02-02,ZJV12205,ST12000NM0007,12000138625024,0,83.0,197802080.0,99.0,0.0,100.0,1.0,100.0,0.0,88.0,669928516.0,95.0,5117.0,100.0,0.0,100.0,1.0,,,,,100.0,0.0,100.0,0.0,,,76.0,24.0,,,100.0,53.0,100.0,714.0,24.0,24.0,100.0,0.0,100.0,0.0,200.0,0.0,100.0,4922.0,100.0,35429790992.0,100.0,47287643078.0
2019-02-03,ZJV12205,ST12000NM0007,12000138625024,0,83,207265760,99.0,0.0,100.0,1.0,100.0,0.0,88.0,672224873.0,95,5149,100.0,0.0,100,1,,,,,100.0,0.0,100.0,0.0,,,75.0,25.0,,,100,54,100.0,715.0,25,25,100.0,0.0,100.0,0.0,200.0,0.0,100.0,4954.0,100.0,35444669304.0,100.0,47526369374.0
2019-02-04,ZJV12205,ST12000NM0007,12000138625024,0,79,80564128,99.0,0.0,100.0,1.0,100.0,0.0,88.0,673999598.0,95,5165,100.0,0.0,100,1,,,,,100.0,0.0,100.0,0.0,,,76.0,24.0,,,100,54,100.0,716.0,24,24,100.0,0.0,100.0,0.0,200.0,0.0,100.0,4970.0,100.0,35454034664.0,100.0,47634443038.0
2019-02-05,ZJV12205,ST12000NM0007,12000138625024,0,82.0,143793352.0,99.0,0.0,100.0,1.0,100.0,0.0,88.0,678119204.0,95.0,5197.0,100.0,0.0,100.0,1.0,,,,,100.0,0.0,100.0,0.0,,,76.0,24.0,,,100.0,54.0,100.0,717.0,24.0,24.0,100.0,0.0,100.0,0.0,200.0,0.0,100.0,5002.0,100.0,35518000088.0,100.0,47877847694.0
2019-02-06,ZJV12205,ST12000NM0007,12000138625024,0,79,84045992,99.0,0.0,100.0,1.0,100.0,0.0,88.0,680639902.0,95,5213,100.0,0.0,100,1,,,,,100.0,0.0,100.0,0.0,,,76.0,24.0,,,100,54,100.0,718.0,24,24,100.0,0.0,100.0,0.0,200.0,0.0,100.0,5017.0,100.0,35587077888.0,100.0,47993163230.0
2019-02-07,ZJV12205,ST12000NM0007,12000138625024,0,76.0,38322880.0,99.0,0.0,100.0,1.0,100.0,0.0,88.0,682700144.0,95.0,5228.0,100.0,0.0,100.0,1.0,,,,,100.0,0.0,100.0,0.0,,,76.0,24.0,,,100.0,54.0,100.0,718.0,24.0,24.0,100.0,0.0,100.0,0.0,200.0,0.0,100.0,5033.0,100.0,35663393888.0,100.0,48115265054.0
2019-02-08,ZJV12205,ST12000NM0007,12000138625024,0,79,74576136,99.0,0.0,100.0,1.0,100.0,0.0,88.0,685884364.0,94,5260,100.0,0.0,100,1,,,,,100.0,0.0,100.0,0.0,,,76.0,24.0,,,100,54,100.0,720.0,24,24,100.0,0.0,100.0,0.0,200.0,0.0,100.0,5065.0,100.0,35748912472.0,100.0,48310140470.0
2019-02-09,ZJV12205,ST12000NM0007,12000138625024,0,84.0,227800632.0,99.0,0.0,100.0,1.0,100.0,0.0,88.0,687671379.0,94.0,5276.0,100.0,0.0,100.0,1.0,,,,,100.0,0.0,100.0,0.0,,,76.0,24.0,,,100.0,54.0,100.0,720.0,24.0,24.0,100.0,0.0,100.0,0.0,200.0,0.0,100.0,5081.0,100.0,35799642904.0,100.0,48412634534.0
2019-02-10,ZJV12205,ST12000NM0007,12000138625024,0,72,14394360,99.0,0.0,100.0,1.0,100.0,0.0,88.0,690942715.0,94,5308,100.0,0.0,100,1,,,,,100.0,0.0,100.0,0.0,,,76.0,24.0,,,100,55,100.0,721.0,24,24,100.0,0.0,100.0,0.0,200.0,0.0,100.0,5113.0,100.0,35873056792.0,100.0,48614095790.0
2019-02-11,ZJV12205,ST12000NM0007,12000138625024,0,83,192038664,99.0,0.0,100.0,1.0,100.0,0.0,88.0,693261948.0,94,5324,100.0,0.0,100,1,,,,,100.0,0.0,100.0,0.0,,,76.0,24.0,,,100,56,100.0,722.0,24,24,100.0,0.0,100.0,0.0,200.0,0.0,100.0,5128.0,100.0,35920914120.0,100.0,48743882766.0
2019-02-12,ZJV12205,ST12000NM0007,12000138625024,0,75.0,30380536.0,99.0,0.0,100.0,1.0,100.0,0.0,88.0,696420228.0,94.0,5355.0,100.0,0.0,100.0,1.0,,,,,100.0,0.0,100.0,0.0,,,75.0,25.0,,,100.0,57.0,100.0,723.0,25.0,25.0,100.0,0.0,100.0,0.0,200.0,0.0,100.0,5160.0,100.0,36020229016.0,100.0,48971191086.0
2019-02-13,ZJV12205,ST12000NM0007,12000138625024,0,83,214930088,99.0,0.0,100.0,1.0,100.0,0.0,88.0,698094149.0,94,5371,100.0,0.0,100,1,,,,,100.0,0.0,100.0,0.0,,,75.0,25.0,,,100,57,100.0,724.0,25,25,100.0,0.0,100.0,0.0,200.0,0.0,100.0,5176.0,100.0,36071897512.0,100.0,49104072142.0
2019-02-14,ZJV12205,ST12000NM0007,12000138625024,0,77,46583624,99.0,0.0,100.0,1.0,100.0,0.0,88.0,702153617.0,94,5403,100.0,0.0,100,1,,,,,100.0,0.0,100.0,0.0,,,74.0,26.0,,,100,57,100.0,725.0,26,26,100.0,0.0,100.0,0.0,200.0,0.0,100.0,5208.0,100.0,36184073968.0,100.0,49311830606.0
2019-02-15,ZJV12205,ST12000NM0007,12000138625024,0,68.0,5767920.0,99.0,0.0,100.0,1.0,100.0,0.0,88.0,705321917.0,94.0,5419.0,100.0,0.0,100.0,1.0,,,,,100.0,0.0,100.0,0.0,,,75.0,25.0,,,100.0,57.0,100.0,726.0,25.0,25.0,100.0,0.0,100.0,0.0,200.0,0.0,100.0,5223.0,100.0,36251543096.0,100.0,49447686830.0
2019-02-16,ZJV12205,ST12000NM0007,12000138625024,0,81.0,132715032.0,99.0,0.0,100.0,1.0,100.0,0.0,89.0,709569250.0,94.0,5451.0,100.0,0.0,100.0,1.0,,,,,100.0,0.0,100.0,0.0,,,74.0,26.0,,,100.0,58.0,100.0,727.0,26.0,26.0,100.0,0.0,100.0,0.0,200.0,0.0,100.0,5255.0,100.0,36384149232.0,100.0,49686168590.0
2019-02-17,ZJV12205,ST12000NM0007,12000138625024,0,76,37268008,99.0,0.0,100.0,1.0,100.0,0.0,89.0,711461036.0,94,5467,100.0,0.0,100,1,,,,,100.0,0.0,100.0,0.0,,,74.0,26.0,,,100,58,100.0,728.0,26,26,100.0,0.0,100.0,0.0,200.0,0.0,100.0,5271.0,100.0,36441441176.0,100.0,49777570502.0
2019-02-18,ZJV12205,ST12000NM0007,12000138625024,0,81,130676464,99.0,0.0,100.0,1.0,100.0,0.0,89.0,715771782.0,94,5498,100.0,0.0,100,1,,,,,100.0,0.0,100.0,0.0,,,74.0,26.0,,,100,59,100.0,729.0,26,26,100.0,0.0,100.0,0.0,200.0,0.0,100.0,5302.0,100.0,36547760920.0,100.0,50008799862.0
2019-02-19,ZJV12205,ST12000NM0007,12000138625024,0,72,14885808,99.0,0.0,100.0,1.0,100.0,0.0,89.0,717371400.0,94,5514,100.0,0.0,100,1,,,,,100.0,0.0,100.0,0.0,,,75.0,25.0,,,100,59,100.0,730.0,25,25,100.0,0.0,100.0,0.0,200.0,0.0,100.0,5318.0,100.0,36595714416.0,100.0,50089196542.0
2019-02-20,ZJV12205,ST12000NM0007,12000138625024,0,82.0,171564432.0,99.0,0.0,100.0,1.0,100.0,0.0,89.0,721498159.0,94.0,5546.0,100.0,0.0,100.0,1.0,,,,,100.0,0.0,100.0,0.0,,,74.0,26.0,,,100.0,59.0,100.0,731.0,26.0,26.0,100.0,0.0,100.0,0.0,200.0,0.0,100.0,5350.0,100.0,36772105928.0,100.0,50313624342.0
2019-02-21,ZJV12205,ST12000NM0007,12000138625024,0,79,77607768,99.0,0.0,100.0,1.0,100.0,0.0,89.0,726210749.0,94,5578,100.0,0.0,100,1,,,,,100.0,0.0,100.0,0.0,,,74.0,26.0,,,100,59,100.0,733.0,26,26,100.0,0.0,100.0,0.0,200.0,0.0,100.0,5381.0,100.0,36967964352.0,100.0,50512090606.0
2019-02-22,ZJV12205,ST12000NM0007,12000138625024,0,84,229394592,99.0,0.0,100.0,1.0,100.0,0.0,89.0,727994703.0,94,5593,100.0,0.0,100,1,,,,,100.0,0.0,100.0,0.0,,,74.0,26.0,,,100,59,100.0,733.0,26,26,100.0,0.0,100.0,0.0,200.0,0.0,100.0,5397.0,100.0,37033849480.0,100.0,50597992302.0
2019-02-23,ZJV12205,ST12000NM0007,12000138625024,0,74.0,24556136.0,99.0,0.0,100.0,1.0,100.0,0.0,89.0,731590060.0,94.0,5625.0,100.0,0.0,100.0,1.0,,,,,100.0,0.0,100.0,0.0,,,75.0,25.0,,,100.0,60.0,100.0,735.0,25.0,25.0,100.0,0.0,100.0,0.0,200.0,0.0,100.0,5429.0,100.0,37138369360.0,100.0,50776915358.0
2019-02-24,ZJV12205,ST12000NM0007,12000138625024,0,83,199043864,99.0,0.0,100.0,1.0,100.0,0.0,89.0,733478337.0,94,5641,100.0,0.0,100,1,,,,,100.0,0.0,100.0,0.0,,,75.0,25.0,,,100,60,100.0,735.0,25,25,100.0,0.0,100.0,0.0,200.0,0.0,100.0,5445.0,100.0,37188238528.0,100.0,50901533918.0
2019-02-25,ZJV12205,ST12000NM0007,12000138625024,0,72,17353600,99.0,0.0,100.0,1.0,100.0,0.0,89.0,737786599.0,94,5673,100.0,0.0,100,1,,,,,100.0,0.0,100.0,0.0,,,75.0,25.0,,,100,61,100.0,737.0,25,25,100.0,0.0,100.0,0.0,200.0,0.0,100.0,5476.0,100.0,37295640280.0,100.0,51100723486.0
2019-02-26,ZJV12205,ST12000NM0007,12000138625024,0,82,172830352,99.0,0.0,100.0,1.0,100.0,0.0,89.0,739927805.0,94,5689,100.0,0.0,100,1,,,,,100.0,0.0,100.0,0.0,,,74.0,26.0,,,100,61,100.0,737.0,26,26,100.0,0.0,100.0,0.0,200.0,0.0,100.0,5492.0,100.0,37351093352.0,100.0,51200747166.0
2019-02-27,ZJV12205,ST12000NM0007,12000138625024,0,83.0,220932280.0,99.0,0.0,100.0,1.0,100.0,0.0,89.0,744893691.0,94.0,5720.0,100.0,0.0,100.0,1.0,,,,,100.0,0.0,100.0,0.0,,,76.0,24.0,,,100.0,63.0,100.0,739.0,24.0,24.0,100.0,0.0,100.0,0.0,200.0,0.0,100.0,5524.0,100.0,37486009488.0,100.0,51358073606.0
2019-02-28,ZJV12205,ST12000NM0007,12000138625024,0,81,119099800,99.0,0.0,100.0,1.0,100.0,0.0,89.0,746740124.0,94,5736,100.0,0.0,100,1,,,,,100.0,0.0,100.0,0.0,,,76.0,24.0,,,100,63,100.0,739.0,24,24,100.0,0.0,100.0,0.0,200.0,0.0,100.0,5539.0,100.0,37551282920.0,100.0,51435108350.0
2019-03-01,ZJV12205,ST12000NM0007,12000138625024,0,83.0,217748080.0,99.0,0.0,100.0,1.0,100.0,0.0,89.0,750876571.0,94.0,5768.0,100.0,0.0,100.0,1.0,,,,,100.0,0.0,100.0,0.0,,,75.0,25.0,,,100.0,64.0,100.0,741.0,25.0,25.0,100.0,0.0,100.0,0.0,200.0,0.0,100.0,5571.0,100.0,37734233144.0,100.0,51594947286.0
2019-03-02,ZJV12205,ST12000NM0007,12000138625024,0,81.0,125955888.0,99.0,0.0,100.0,1.0,100.0,0.0,89.0,752687228.0,94.0,5784.0,100.0,0.0,100.0,1.0,,,,,100.0,0.0,100.0,0.0,,,76.0,24.0,,,100.0,64.0,100.0,741.0,24.0,24.0,100.0,0.0,100.0,0.0,200.0,0.0,100.0,5587.0,100.0,37793985392.0,100.0,51687543702.0
2019-03-03,ZJV12205,ST12000NM0007,12000138625024,0,83.0,185197776.0,99.0,0.0,100.0,1.0,100.0,0.0,89.0,756429631.0,94.0,5815.0,100.0,0.0,100.0,1.0,,,,,100.0,0.0,100.0,0.0,,,76.0,24.0,,,100.0,65.0,100.0,743.0,24.0,24.0,100.0,0.0,100.0,0.0,200.0,0.0,100.0,5618.0,100.0,37910771000.0,100.0,51874141038.0
2019-03-04,ZJV12205,ST12000NM0007,12000138625024,0,81,120642512,99.0,0.0,100.0,1.0,100.0,0.0,89.0,758860254.0,94,5831,100.0,0.0,100,1,,,,,100.0,0.0,100.0,0.0,,,76.0,24.0,,,100,65,100.0,743.0,24,24,100.0,0.0,100.0,0.0,200.0,0.0,100.0,5634.0,100.0,37961491016.0,100.0,52003006438.0
2019-03-05,ZJV12205,ST12000NM0007,12000138625024,0,83.0,193483064.0,99.0,0.0,100.0,1.0,100.0,0.0,89.0,762876814.0,94.0,5863.0,100.0,0.0,100.0,1.0,,,,,100.0,0.0,100.0,0.0,,,74.0,26.0,,,100.0,66.0,100.0,745.0,26.0,26.0,100.0,0.0,100.0,0.0,200.0,0.0,100.0,5665.0,100.0,38086965328.0,100.0,52194513350.0
2019-03-06,ZJV12205,ST12000NM0007,12000138625024,0,78.0,59857120.0,99.0,0.0,100.0,1.0,100.0,0.0,89.0,767779984.0,94.0,5895.0,100.0,0.0,100.0,1.0,,,,,100.0,0.0,100.0,0.0,,,74.0,26.0,,,100.0,67.0,100.0,746.0,26.0,26.0,100.0,0.0,100.0,0.0,200.0,0.0,100.0,5697.0,100.0,38225936832.0,100.0,52410197310.0
2019-03-07,ZJV12205,ST12000NM0007,12000138625024,0,67.0,5593320.0,99.0,0.0,100.0,1.0,100.0,0.0,89.0,770019887.0,94.0,5910.0,100.0,0.0,100.0,1.0,,,,,100.0,0.0,100.0,0.0,,,75.0,25.0,,,100.0,67.0,100.0,746.0,25.0,25.0,100.0,0.0,100.0,0.0,200.0,0.0,100.0,5713.0,100.0,38313066056.0,100.0,52512945182.0
2019-03-08,ZJV12205,ST12000NM0007,12000138625024,0,80.0,91790248.0,99.0,0.0,100.0,1.0,100.0,0.0,89.0,773956472.0,94.0,5942.0,100.0,0.0,100.0,1.0,,,,,100.0,0.0,100.0,0.0,,,75.0,25.0,,,100.0,68.0,100.0,748.0,25.0,25.0,100.0,0.0,100.0,0.0,200.0,0.0,100.0,5744.0,100.0,38449794592.0,100.0,52706554318.0
2019-03-09,ZJV12205,ST12000NM0007,12000138625024,0,72.0,14518032.0,99.0,0.0,100.0,1.0,100.0,0.0,89.0,775941537.0,94.0,5958.0,100.0,0.0,100.0,1.0,,,,,100.0,0.0,100.0,0.0,,,75.0,25.0,,,100.0,68.0,100.0,748.0,25.0,25.0,100.0,0.0,100.0,0.0,200.0,0.0,100.0,5760.0,100.0,38520370248.0,100.0,52802847206.0
2019-03-10,ZJV12205,ST12000NM0007,12000138625024,0,78.0,68779384.0,99.0,0.0,100.0,1.0,100.0,0.0,89.0,781441545.0,94.0,5989.0,100.0,0.0,100.0,1.0,,,,,100.0,0.0,100.0,0.0,,,75.0,25.0,,,100.0,69.0,100.0,750.0,25.0,25.0,100.0,0.0,100.0,0.0,200.0,0.0,100.0,5791.0,100.0,38624495512.0,100.0,52997123926.0
2019-03-11,ZJV12205,ST12000NM0007,12000138625024,0,76.0,40420536.0,99.0,0.0,100.0,1.0,100.0,0.0,89.0,784491719.0,94.0,6005.0,100.0,0.0,100.0,1.0,,,,,100.0,0.0,100.0,0.0,,,74.0,26.0,,,100.0,69.0,100.0,750.0,26.0,26.0,100.0,0.0,100.0,0.0,200.0,0.0,100.0,5807.0,100.0,38718703832.0,100.0,53118697510.0
2019-03-12,ZJV12205,ST12000NM0007,12000138625024,0,83.0,180062440.0,99.0,0.0,100.0,1.0,100.0,0.0,89.0,788935319.0,94.0,6037.0,100.0,0.0,100.0,1.0,,,,,100.0,0.0,100.0,0.0,,,75.0,25.0,,,100.0,70.0,100.0,752.0,25.0,25.0,100.0,0.0,100.0,0.0,200.0,0.0,100.0,5839.0,100.0,38893758184.0,100.0,53327425750.0
2019-03-13,ZJV12205,ST12000NM0007,12000138625024,0,80.0,109333680.0,99.0,0.0,100.0,1.0,100.0,0.0,89.0,791584984.0,94.0,6053.0,100.0,0.0,100.0,1.0,,,,,100.0,0.0,100.0,0.0,,,74.0,26.0,,,100.0,70.0,100.0,752.0,26.0,26.0,100.0,0.0,100.0,0.0,200.0,0.0,100.0,5854.0,100.0,38956724128.0,100.0,53437871774.0
2019-03-14,ZJV12205,ST12000NM0007,12000138625024,0,83.0,187751456.0,99.0,0.0,100.0,1.0,100.0,0.0,89.0,796056083.0,94.0,6084.0,100.0,0.0,100.0,1.0,,,,,100.0,0.0,100.0,0.0,,,75.0,25.0,,,100.0,70.0,100.0,754.0,25.0,25.0,100.0,0.0,100.0,0.0,200.0,0.0,100.0,5886.0,100.0,39100807872.0,100.0,53616346438.0
2019-03-15,ZJV12205,ST12000NM0007,12000138625024,0,79.0,87951864.0,99.0,0.0,100.0,1.0,100.0,0.0,89.0,797815512.0,94.0,6100.0,100.0,0.0,100.0,1.0,,,,,100.0,0.0,100.0,0.0,,,75.0,25.0,,,100.0,70.0,100.0,754.0,25.0,25.0,100.0,0.0,100.0,0.0,200.0,0.0,100.0,5901.0,100.0,39152850256.0,100.0,53708645150.0
2019-03-16,ZJV12205,ST12000NM0007,12000138625024,0,79.0,89001032.0,99.0,0.0,100.0,1.0,100.0,0.0,89.0,801160196.0,93.0,6132.0,100.0,0.0,100.0,1.0,,,,,100.0,0.0,100.0,0.0,,,75.0,25.0,,,100.0,71.0,100.0,756.0,25.0,25.0,100.0,0.0,100.0,0.0,200.0,0.0,100.0,5933.0,100.0,39255130712.0,100.0,53851554606.0
2019-03-17,ZJV12205,ST12000NM0007,12000138625024,0,100.0,981768.0,99.0,0.0,100.0,1.0,100.0,0.0,89.0,802959470.0,93.0,6148.0,100.0,0.0,100.0,1.0,,,,,100.0,0.0,100.0,0.0,,,75.0,25.0,,,100.0,71.0,100.0,756.0,25.0,25.0,100.0,0.0,100.0,0.0,200.0,0.0,100.0,5949.0,100.0,39318298672.0,100.0,53944508078.0
2019-03-18,ZJV12205,ST12000NM0007,12000138625024,0,80.0,99975488.0,99.0,0.0,100.0,1.0,100.0,0.0,89.0,807428999.0,93.0,6180.0,100.0,0.0,100.0,1.0,,,,,100.0,0.0,100.0,0.0,,,75.0,25.0,,,100.0,73.0,100.0,758.0,25.0,25.0,100.0,0.0,100.0,0.0,200.0,0.0,100.0,5980.0,100.0,39423742024.0,100.0,54182199566.0
2019-03-19,ZJV12205,ST12000NM0007,12000138625024,0,84.0,241647832.0,99.0,0.0,100.0,1.0,100.0,0.0,89.0,809162171.0,93.0,6195.0,100.0,0.0,100.0,1.0,,,,,100.0,0.0,100.0,0.0,,,75.0,25.0,,,100.0,73.0,100.0,758.0,25.0,25.0,100.0,0.0,100.0,0.0,200.0,0.0,100.0,5996.0,100.0,39472811112.0,100.0,54274802822.0
2019-03-20,ZJV12205,ST12000NM0007,12000138625024,0,80.0,99194552.0,99.0,0.0,100.0,1.0,100.0,0.0,89.0,814110782.0,93.0,6227.0,100.0,0.0,100.0,1.0,,,,,100.0,0.0,100.0,0.0,,,76.0,24.0,,,100.0,73.0,100.0,760.0,24.0,24.0,100.0,0.0,100.0,0.0,200.0,0.0,100.0,6028.0,100.0,39614879080.0,100.0,54478563254.0
2019-03-21,ZJV12205,ST12000NM0007,12000138625024,0,84.0,238725568.0,99.0,0.0,100.0,1.0,100.0,0.0,89.0,815522453.0,93.0,6243.0,100.0,0.0,100.0,1.0,,,,,100.0,0.0,100.0,0.0,,,76.0,24.0,,,100.0,73.0,100.0,760.0,24.0,24.0,100.0,0.0,100.0,0.0,200.0,0.0,100.0,6044.0,100.0,39644384440.0,100.0,54588588910.0
2019-03-22,ZJV12205,ST12000NM0007,12000138625024,0,82.0,159175784.0,99.0,0.0,100.0,1.0,100.0,0.0,89.0,817253670.0,93.0,6259.0,100.0,0.0,100.0,1.0,,,,,100.0,0.0,100.0,0.0,,,76.0,24.0,,,100.0,74.0,100.0,761.0,24.0,24.0,100.0,0.0,100.0,0.0,200.0,0.0,100.0,6059.0,100.0,39680855912.0,100.0,54716708766.0
2019-03-23,ZJV12205,ST12000NM0007,12000138625024,0,64.0,2620600.0,99.0,0.0,100.0,1.0,100.0,0.0,89.0,821896503.0,93.0,6290.0,100.0,0.0,100.0,1.0,,,,,100.0,0.0,100.0,0.0,,,75.0,25.0,,,100.0,75.0,100.0,762.0,25.0,25.0,100.0,0.0,100.0,0.0,200.0,0.0,100.0,6091.0,100.0,39748175896.0,100.0,54981114862.0
2019-03-24,ZJV12205,ST12000NM0007,12000138625024,0,75.0,29101488.0,99.0,0.0,100.0,1.0,100.0,0.0,89.0,825448845.0,93.0,6322.0,100.0,0.0,100.0,1.0,,,,,100.0,0.0,100.0,0.0,,,76.0,24.0,,,100.0,76.0,100.0,764.0,24.0,24.0,100.0,0.0,100.0,0.0,200.0,0.0,100.0,6122.0,100.0,39820076968.0,100.0,55179835486.0
2019-03-25,ZJV12205,ST12000NM0007,12000138625024,0,82.0,175049552.0,99.0,0.0,100.0,1.0,100.0,0.0,89.0,827806797.0,93.0,6338.0,100.0,0.0,100.0,1.0,,,,,100.0,0.0,100.0,0.0,,,77.0,23.0,,,100.0,76.0,100.0,764.0,23.0,23.0,100.0,0.0,100.0,0.0,200.0,0.0,100.0,6138.0,100.0,39859580648.0,100.0,55286279870.0
2019-03-26,ZJV12205,ST12000NM0007,12000138625024,0,66.0,4328768.0,99.0,0.0,100.0,1.0,100.0,0.0,89.0,831420797.0,93.0,6370.0,100.0,0.0,100.0,1.0,,,,,100.0,0.0,100.0,0.0,,,75.0,25.0,,,100.0,77.0,100.0,766.0,25.0,25.0,100.0,0.0,100.0,0.0,200.0,0.0,100.0,6170.0,100.0,39948793528.0,100.0,55514627710.0
2019-03-27,ZJV12205,ST12000NM0007,12000138625024,0,83.0,207521384.0,99.0,0.0,100.0,1.0,100.0,0.0,89.0,833499823.0,93.0,6385.0,100.0,0.0,100.0,1.0,,,,,100.0,0.0,100.0,0.0,,,75.0,25.0,,,100.0,77.0,100.0,766.0,25.0,25.0,100.0,0.0,100.0,0.0,200.0,0.0,100.0,6185.0,100.0,40008386912.0,100.0,55658226942.0
2019-03-28,ZJV12205,ST12000NM0007,12000138625024,0,81.0,134511928.0,99.0,0.0,100.0,1.0,100.0,0.0,89.0,836218905.0,93.0,6401.0,100.0,0.0,100.0,1.0,,,,,100.0,0.0,100.0,0.0,,,75.0,25.0,,,100.0,77.0,100.0,767.0,25.0,25.0,100.0,0.0,100.0,0.0,200.0,0.0,100.0,6201.0,100.0,40078922256.0,100.0,55758822854.0
2019-03-29,ZJV12205,ST12000NM0007,12000138625024,0,82.0,168868256.0,99.0,0.0,100.0,1.0,100.0,0.0,89.0,839544236.0,93.0,6433.0,100.0,0.0,100.0,1.0,,,,,100.0,0.0,100.0,0.0,,,75.0,25.0,,,100.0,78.0,100.0,768.0,25.0,25.0,100.0,0.0,100.0,0.0,200.0,0.0,100.0,6233.0,100.0,40174462064.0,100.0,55941780110.0
2019-03-30,ZJV12205,ST12000NM0007,12000138625024,0,82.0,166878256.0,99.0,0.0,100.0,1.0,100.0,0.0,89.0,842393078.0,93.0,6465.0,100.0,0.0,100.0,1.0,,,,,100.0,0.0,100.0,0.0,,,75.0,25.0,,,100.0,78.0,100.0,769.0,25.0,25.0,100.0,0.0,100.0,0.0,200.0,0.0,100.0,6265.0,100.0,40252742672.0,100.0,56105650270.0
2019-03-31,ZJV12205,ST12000NM0007,12000138625024,0,76.0,39927448.0,99.0,0.0,100.0,1.0,100.0,0.0,89.0,843785172.0,93.0,6481.0,100.0,0.0,100.0,1.0,,,,,100.0,0.0,100.0,0.0,,,75.0,25.0,,,100.0,79.0,100.0,770.0,25.0,25.0,100.0,0.0,100.0,0.0,200.0,0.0,100.0,6280.0,100.0,40291472936.0,100.0,56184109878.0
2019-04-01,ZJV12205,ST12000NM0007,12000138625024,0,81.0,124724352.0,99.0,0.0,100.0,1.0,100.0,0.0,89.0,848148160.0,93.0,6512.0,100.0,0.0,100.0,1.0,,,,,100.0,0.0,100.0,0.0,,,75.0,25.0,,,100.0,79.0,100.0,772.0,25.0,25.0,100.0,0.0,100.0,0.0,200.0,0.0,100.0,6312.0,100.0,40358706424.0,100.0,56445813942.0
2019-04-02,ZJV12205,ST12000NM0007,12000138625024,0,76.0,38227504.0,99.0,0.0,100.0,1.0,100.0,0.0,89.0,849663763.0,93.0,6528.0,100.0,0.0,100.0,1.0,,,,,100.0,0.0,100.0,0.0,,,75.0,25.0,,,100.0,79.0,100.0,772.0,25.0,25.0,100.0,0.0,100.0,0.0,200.0,0.0,100.0,6328.0,100.0,40391333552.0,100.0,56570831086.0
2019-04-03,ZJV12205,ST12000NM0007,12000138625024,0,79.0,79310760.0,99.0,0.0,100.0,1.0,100.0,0.0,89.0,853983017.0,93.0,6560.0,100.0,0.0,100.0,1.0,,,,,100.0,0.0,100.0,0.0,,,75.0,25.0,,,100.0,80.0,100.0,774.0,25.0,25.0,100.0,0.0,100.0,0.0,200.0,0.0,100.0,6359.0,100.0,40488002520.0,100.0,56759386102.0
2019-04-04,ZJV12205,ST12000NM0007,12000138625024,0,83.0,207879056.0,99.0,0.0,100.0,1.0,100.0,0.0,89.0,855696338.0,93.0,6576.0,100.0,0.0,100.0,1.0,,,,,100.0,0.0,100.0,0.0,,,75.0,25.0,,,100.0,80.0,100.0,774.0,25.0,25.0,100.0,0.0,100.0,0.0,200.0,0.0,100.0,6375.0,100.0,40533821520.0,100.0,56842135398.0
2019-04-05,ZJV12205,ST12000NM0007,12000138625024,0,83.0,223131832.0,99.0,0.0,100.0,1.0,100.0,0.0,89.0,860017892.0,93.0,6607.0,100.0,0.0,100.0,1.0,,,,,100.0,0.0,100.0,0.0,,,75.0,25.0,,,100.0,81.0,100.0,776.0,25.0,25.0,100.0,0.0,100.0,0.0,200.0,0.0,100.0,6407.0,100.0,40620908888.0,100.0,57014441446.0
2019-04-06,ZJV12205,ST12000NM0007,12000138625024,0,77.0,52591608.0,99.0,0.0,100.0,1.0,100.0,0.0,89.0,863608491.0,93.0,6639.0,100.0,0.0,100.0,1.0,,,,,100.0,0.0,100.0,0.0,,,74.0,26.0,,,100.0,81.0,100.0,777.0,26.0,26.0,100.0,0.0,100.0,0.0,200.0,0.0,100.0,6438.0,100.0,40743450104.0,100.0,57209641622.0
2019-04-07,ZJV12205,ST12000NM0007,12000138625024,0,83.0,190755040.0,99.0,0.0,100.0,1.0,100.0,0.0,89.0,865335848.0,93.0,6655.0,100.0,0.0,100.0,1.0,,,,,100.0,0.0,100.0,0.0,,,75.0,25.0,,,100.0,81.0,100.0,778.0,25.0,25.0,100.0,0.0,100.0,0.0,200.0,0.0,100.0,6454.0,100.0,40789996264.0,100.0,57301258894.0
2019-04-08,ZJV12205,ST12000NM0007,12000138625024,0,78.0,68814920.0,99.0,0.0,100.0,1.0,100.0,0.0,89.0,869563752.0,93.0,6687.0,100.0,0.0,100.0,1.0,,,,,100.0,0.0,100.0,0.0,,,75.0,25.0,,,100.0,81.0,100.0,779.0,25.0,25.0,100.0,0.0,100.0,0.0,200.0,0.0,100.0,6486.0,100.0,40877923888.0,100.0,57579672470.0
2019-04-09,ZJV12205,ST12000NM0007,12000138625024,0,72.0,14785472.0,99.0,0.0,100.0,1.0,100.0,0.0,89.0,871366668.0,93.0,6703.0,100.0,0.0,100.0,1.0,,,,,100.0,0.0,100.0,0.0,,,75.0,25.0,,,100.0,81.0,100.0,780.0,25.0,25.0,100.0,0.0,100.0,0.0,200.0,0.0,100.0,6502.0,100.0,40931085096.0,100.0,57716622750.0
2019-04-10,ZJV12205,ST12000NM0007,12000138625024,0,80.0,100166936.0,99.0,0.0,100.0,1.0,100.0,0.0,89.0,875608187.0,93.0,6734.0,100.0,0.0,100.0,1.0,,,,,100.0,0.0,100.0,0.0,,,76.0,24.0,,,100.0,81.0,100.0,781.0,24.0,24.0,100.0,0.0,100.0,0.0,200.0,0.0,100.0,6533.0,100.0,41040667488.0,100.0,57936562686.0
2019-04-11,ZJV12205,ST12000NM0007,12000138625024,0,72.0,17360632.0,99.0,0.0,100.0,1.0,100.0,0.0,89.0,877374857.0,93.0,6750.0,100.0,0.0,100.0,1.0,,,,,100.0,0.0,100.0,0.0,,,76.0,24.0,,,100.0,81.0,100.0,781.0,24.0,24.0,100.0,0.0,100.0,0.0,200.0,0.0,100.0,6549.0,100.0,41097290152.0,100.0,58041274510.0
2019-04-12,ZJV12205,ST12000NM0007,12000138625024,0,82.0,174181488.0,99.0,0.0,100.0,1.0,100.0,0.0,89.0,879207099.0,93.0,6766.0,100.0,0.0,100.0,1.0,,,,,100.0,0.0,100.0,0.0,,,76.0,24.0,,,100.0,82.0,100.0,782.0,24.0,24.0,100.0,0.0,100.0,0.0,200.0,0.0,100.0,6565.0,100.0,41159311120.0,100.0,58136074398.0
2019-04-13,ZJV12205,ST12000NM0007,12000138625024,0,84.0,240353016.0,99.0,0.0,100.0,1.0,100.0,0.0,89.0,882824655.0,93.0,6798.0,100.0,0.0,100.0,1.0,,,,,100.0,0.0,100.0,0.0,,,76.0,24.0,,,100.0,83.0,100.0,783.0,24.0,24.0,100.0,0.0,100.0,0.0,200.0,0.0,100.0,6597.0,100.0,41279485136.0,100.0,58326212630.0
2019-04-14,ZJV12205,ST12000NM0007,12000138625024,0,82.0,171411736.0,99.0,0.0,100.0,1.0,100.0,0.0,89.0,884568329.0,93.0,6814.0,100.0,0.0,100.0,1.0,,,,,100.0,0.0,100.0,0.0,,,76.0,24.0,,,100.0,83.0,100.0,784.0,24.0,24.0,100.0,0.0,100.0,0.0,200.0,0.0,100.0,6613.0,100.0,41333677448.0,100.0,58447220022.0
2019-04-15,ZJV12205,ST12000NM0007,12000138625024,0,71.0,13109856.0,99.0,0.0,100.0,1.0,100.0,0.0,89.0,889365340.0,93.0,6845.0,100.0,0.0,100.0,1.0,,,,,100.0,0.0,100.0,0.0,,,75.0,25.0,,,100.0,84.0,100.0,785.0,25.0,25.0,100.0,0.0,100.0,0.0,200.0,0.0,100.0,6644.0,100.0,41439915336.0,100.0,58670961646.0
2019-04-16,ZJV12205,ST12000NM0007,12000138625024,0,83.0,207010520.0,99.0,0.0,100.0,1.0,100.0,0.0,90.0,891372146.0,93.0,6861.0,100.0,0.0,100.0,1.0,,,,,100.0,0.0,100.0,0.0,,,75.0,25.0,,,100.0,84.0,100.0,786.0,25.0,25.0,100.0,0.0,100.0,0.0,200.0,0.0,100.0,6660.0,100.0,41498853848.0,100.0,58805923798.0
2019-04-17,ZJV12205,ST12000NM0007,12000138625024,0,75.0,33551544.0,99.0,0.0,100.0,1.0,100.0,0.0,90.0,895679191.0,93.0,6893.0,100.0,0.0,100.0,1.0,,,,,100.0,0.0,100.0,0.0,,,74.0,26.0,,,100.0,84.0,100.0,787.0,26.0,26.0,100.0,0.0,100.0,0.0,200.0,0.0,100.0,6692.0,100.0,41615857040.0,100.0,59003743134.0
2019-04-18,ZJV12205,ST12000NM0007,12000138625024,0,80.0,108225528.0,99.0,0.0,100.0,1.0,100.0,0.0,90.0,900249406.0,93.0,6925.0,100.0,0.0,100.0,1.0,,,,,100.0,0.0,100.0,0.0,,,74.0,26.0,,,100.0,85.0,100.0,789.0,26.0,26.0,100.0,0.0,100.0,0.0,200.0,0.0,100.0,6723.0,100.0,41704970384.0,100.0,59233444582.0
2019-04-19,ZJV12205,ST12000NM0007,12000138625024,0,78.0,60792616.0,99.0,0.0,100.0,1.0,100.0,0.0,90.0,902375311.0,93.0,6941.0,100.0,0.0,100.0,1.0,,,,,100.0,0.0,100.0,0.0,,,73.0,27.0,,,100.0,85.0,100.0,789.0,27.0,27.0,100.0,0.0,100.0,0.0,200.0,0.0,100.0,6739.0,100.0,41783875200.0,100.0,59351247518.0
2019-04-20,ZJV12205,ST12000NM0007,12000138625024,0,77.0,48165120.0,99.0,0.0,100.0,1.0,100.0,0.0,90.0,905664620.0,93.0,6972.0,100.0,0.0,100.0,1.0,,,,,100.0,0.0,100.0,0.0,,,74.0,26.0,,,100.0,87.0,100.0,791.0,26.0,26.0,100.0,0.0,100.0,0.0,200.0,0.0,100.0,6771.0,100.0,41873187216.0,100.0,59493448782.0
2019-04-21,ZJV12205,ST12000NM0007,12000138625024,0,83.0,180180168.0,99.0,0.0,100.0,1.0,100.0,0.0,90.0,907178556.0,93.0,6988.0,100.0,0.0,100.0,1.0,,,,,100.0,0.0,100.0,0.0,,,74.0,26.0,,,100.0,87.0,100.0,791.0,26.0,26.0,100.0,0.0,100.0,0.0,200.0,0.0,100.0,6787.0,100.0,41912786216.0,100.0,59585864830.0
2019-04-22,ZJV12205,ST12000NM0007,12000138625024,0,74.0,25800280.0,99.0,0.0,100.0,1.0,100.0,0.0,90.0,911296801.0,92.0,7020.0,100.0,0.0,100.0,1.0,,,,,100.0,0.0,100.0,0.0,,,74.0,26.0,,,100.0,89.0,100.0,793.0,26.0,26.0,100.0,0.0,100.0,0.0,200.0,0.0,100.0,6818.0,100.0,41994246280.0,100.0,59838306582.0
2019-04-23,ZJV12205,ST12000NM0007,12000138625024,0,82.0,175265680.0,99.0,0.0,100.0,1.0,100.0,0.0,90.0,912698157.0,92.0,7036.0,100.0,0.0,100.0,1.0,,,,,100.0,0.0,100.0,0.0,,,74.0,26.0,,,100.0,89.0,100.0,793.0,26.0,26.0,100.0,0.0,100.0,0.0,200.0,0.0,100.0,6834.0,100.0,42032731096.0,100.0,59949287166.0
2019-04-24,ZJV12205,ST12000NM0007,12000138625024,0,80.0,89747840.0,99.0,0.0,100.0,1.0,100.0,0.0,90.0,914452034.0,92.0,7052.0,100.0,0.0,100.0,1.0,,,,,100.0,0.0,100.0,0.0,,,75.0,25.0,,,100.0,90.0,100.0,794.0,25.0,25.0,100.0,0.0,100.0,0.0,200.0,0.0,100.0,6850.0,100.0,42080558352.0,100.0,60060083038.0
2019-04-25,ZJV12205,ST12000NM0007,12000138625024,0,82.0,173903480.0,99.0,0.0,100.0,1.0,100.0,0.0,90.0,919277428.0,92.0,7083.0,100.0,0.0,100.0,1.0,,,,,100.0,0.0,100.0,0.0,,,74.0,26.0,,,100.0,90.0,100.0,796.0,26.0,26.0,100.0,0.0,100.0,0.0,200.0,0.0,100.0,6881.0,100.0,42187963632.0,100.0,60280974062.0
2019-04-26,ZJV12205,ST12000NM0007,12000138625024,0,77.0,46740520.0,99.0,0.0,100.0,1.0,100.0,0.0,90.0,920886891.0,92.0,7099.0,100.0,0.0,100.0,1.0,,,,,100.0,0.0,100.0,0.0,,,74.0,26.0,,,100.0,90.0,100.0,797.0,26.0,26.0,100.0,0.0,100.0,0.0,200.0,0.0,100.0,6897.0,100.0,42241150800.0,100.0,60344764614.0
2019-04-27,ZJV12205,ST12000NM0007,12000138625024,0,76.0,38098360.0,99.0,0.0,100.0,1.0,100.0,0.0,90.0,924082057.0,92.0,7131.0,100.0,0.0,100.0,1.0,,,,,100.0,0.0,100.0,0.0,,,74.0,26.0,,,100.0,90.0,100.0,798.0,26.0,26.0,100.0,0.0,100.0,0.0,200.0,0.0,100.0,6929.0,100.0,42334952128.0,100.0,60486461758.0
2019-04-28,ZJV12205,ST12000NM0007,12000138625024,0,83.0,198354376.0,99.0,0.0,100.0,1.0,100.0,0.0,90.0,925968203.0,92.0,7147.0,100.0,0.0,100.0,1.0,,,,,100.0,0.0,100.0,0.0,,,74.0,26.0,,,100.0,90.0,100.0,799.0,26.0,26.0,100.0,0.0,100.0,0.0,200.0,0.0,100.0,6945.0,100.0,42395762464.0,100.0,60585907438.0
2019-04-29,ZJV12205,ST12000NM0007,12000138625024,0,79.0,86146360.0,99.0,0.0,100.0,1.0,100.0,0.0,90.0,930732486.0,92.0,7178.0,100.0,0.0,100.0,1.0,,,,,100.0,0.0,100.0,0.0,,,74.0,26.0,,,100.0,90.0,100.0,800.0,26.0,26.0,100.0,0.0,100.0,0.0,200.0,0.0,100.0,6976.0,100.0,42539934832.0,100.0,60817809286.0
2019-04-30,ZJV12205,ST12000NM0007,12000138625024,0,76.0,42285856.0,99.0,0.0,100.0,1.0,100.0,0.0,90.0,932553133.0,92.0,7194.0,100.0,0.0,100.0,1.0,,,,,100.0,0.0,100.0,0.0,,,74.0,26.0,,,100.0,90.0,100.0,801.0,26.0,26.0,100.0,0.0,100.0,0.0,200.0,0.0,100.0,6992.0,100.0,42598981528.0,100.0,60959042774.0
2019-05-01,ZJV12205,ST12000NM0007,12000138625024,0,81.0,124785552.0,99.0,0.0,100.0,1.0,100.0,0.0,90.0,936748695.0,92.0,7226.0,100.0,0.0,100.0,1.0,,,,,100.0,0.0,100.0,0.0,,,74.0,26.0,,,100.0,90.0,100.0,802.0,26.0,26.0,100.0,0.0,100.0,0.0,200.0,0.0,100.0,7023.0,100.0,42720665592.0,100.0,61163999230.0
2019-05-02,ZJV12205,ST12000NM0007,12000138625024,0,83.0,207838856.0,99.0,0.0,100.0,1.0,100.0,0.0,90.0,942797158.0,92.0,7258.0,100.0,0.0,100.0,1.0,,,,,100.0,0.0,100.0,0.0,,,74.0,26.0,,,100.0,91.0,100.0,804.0,26.0,26.0,100.0,0.0,100.0,0.0,200.0,0.0,100.0,7055.0,100.0,42820757000.0,100.0,61391101758.0
2019-05-03,ZJV12205,ST12000NM0007,12000138625024,0,80.0,111054664.0,99.0,0.0,100.0,1.0,100.0,0.0,90.0,944689516.0,92.0,7273.0,100.0,0.0,100.0,1.0,,,,,100.0,0.0,100.0,0.0,,,75.0,25.0,,,100.0,91.0,100.0,804.0,25.0,25.0,100.0,0.0,100.0,0.0,200.0,0.0,100.0,7071.0,100.0,42866041864.0,100.0,61493173558.0
2019-05-04,ZJV12205,ST12000NM0007,12000138625024,0,83.0,185873568.0,99.0,0.0,100.0,1.0,100.0,0.0,90.0,948080587.0,92.0,7305.0,100.0,0.0,100.0,1.0,,,,,100.0,0.0,100.0,0.0,,,74.0,26.0,,,100.0,93.0,100.0,806.0,26.0,26.0,100.0,0.0,100.0,0.0,200.0,0.0,100.0,7102.0,100.0,42939705880.0,100.0,61738469238.0
2019-05-05,ZJV12205,ST12000NM0007,12000138625024,0,79.0,79941056.0,99.0,0.0,100.0,1.0,100.0,0.0,90.0,949801401.0,92.0,7321.0,100.0,0.0,100.0,1.0,,,,,100.0,0.0,100.0,0.0,,,75.0,25.0,,,100.0,93.0,100.0,806.0,25.0,25.0,100.0,0.0,100.0,0.0,200.0,0.0,100.0,7118.0,100.0,42986577672.0,100.0,61829806070.0
2019-05-06,ZJV12205,ST12000NM0007,12000138625024,0,83.0,187055976.0,99.0,0.0,100.0,1.0,100.0,0.0,90.0,954322095.0,92.0,7353.0,100.0,0.0,100.0,1.0,,,,,100.0,0.0,100.0,0.0,,,74.0,26.0,,,100.0,93.0,100.0,807.0,26.0,26.0,100.0,0.0,100.0,0.0,200.0,0.0,100.0,7150.0,100.0,43083267352.0,100.0,62084372102.0
2019-05-07,ZJV12205,ST12000NM0007,12000138625024,0,81.0,128047832.0,99.0,0.0,100.0,1.0,100.0,0.0,90.0,956021201.0,92.0,7369.0,100.0,0.0,100.0,1.0,,,,,100.0,0.0,100.0,0.0,,,75.0,25.0,,,100.0,93.0,100.0,808.0,25.0,25.0,100.0,0.0,100.0,0.0,200.0,0.0,100.0,7166.0,100.0,43137825368.0,100.0,62214946790.0
2019-05-08,ZJV12205,ST12000NM0007,12000138625024,0,83.0,214650872.0,99.0,0.0,100.0,1.0,100.0,0.0,90.0,960365511.0,92.0,7400.0,100.0,0.0,100.0,1.0,,,,,100.0,0.0,100.0,0.0,,,74.0,26.0,,,100.0,93.0,100.0,809.0,26.0,26.0,100.0,0.0,100.0,0.0,200.0,0.0,100.0,7197.0,100.0,43247281480.0,100.0,62436234462.0
2019-05-09,ZJV12205,ST12000NM0007,12000138625024,0,81.0,137260064.0,99.0,0.0,100.0,1.0,100.0,0.0,90.0,962289246.0,92.0,7416.0,100.0,0.0,100.0,1.0,,,,,100.0,0.0,100.0,0.0,,,74.0,26.0,,,100.0,94.0,100.0,810.0,26.0,26.0,100.0,0.0,100.0,0.0,200.0,0.0,100.0,7213.0,100.0,43303779168.0,100.0,62546486702.0
2019-05-10,ZJV12205,ST12000NM0007,12000138625024,0,81.0,118191288.0,99.0,0.0,100.0,1.0,100.0,0.0,90.0,965188699.0,92.0,7448.0,100.0,0.0,100.0,1.0,,,,,100.0,0.0,100.0,0.0,,,74.0,26.0,,,100.0,95.0,100.0,811.0,26.0,26.0,100.0,0.0,100.0,0.0,200.0,0.0,100.0,7245.0,100.0,43379927432.0,100.0,62695410382.0
2019-05-11,ZJV12205,ST12000NM0007,12000138625024,0,75.0,30987904.0,99.0,0.0,100.0,1.0,100.0,0.0,90.0,966917417.0,92.0,7464.0,100.0,0.0,100.0,1.0,,,,,100.0,0.0,100.0,0.0,,,74.0,26.0,,,100.0,96.0,100.0,812.0,26.0,26.0,100.0,0.0,100.0,0.0,200.0,0.0,100.0,7260.0,100.0,43419226240.0,100.0,62813048862.0
2019-05-12,ZJV12205,ST12000NM0007,12000138625024,0,78.0,56836136.0,99.0,0.0,100.0,1.0,100.0,0.0,90.0,970075329.0,92.0,7495.0,100.0,0.0,100.0,1.0,,,,,100.0,0.0,100.0,0.0,,,74.0,26.0,,,100.0,96.0,100.0,813.0,26.0,26.0,100.0,0.0,100.0,0.0,200.0,0.0,100.0,7292.0,100.0,43490476128.0,100.0,63011787838.0
2019-05-13,ZJV12205,ST12000NM0007,12000138625024,0,83.0,203057216.0,99.0,0.0,100.0,1.0,100.0,0.0,90.0,972606697.0,92.0,7511.0,100.0,0.0,100.0,1.0,,,,,100.0,0.0,100.0,0.0,,,74.0,26.0,,,100.0,97.0,100.0,814.0,26.0,26.0,100.0,0.0,100.0,0.0,200.0,0.0,100.0,7308.0,100.0,43522010400.0,100.0,63126474646.0
2019-05-14,ZJV12205,ST12000NM0007,12000138625024,0,76.0,36861800.0,99.0,0.0,100.0,1.0,100.0,0.0,90.0,975657162.0,92.0,7543.0,100.0,0.0,100.0,1.0,,,,,100.0,0.0,100.0,0.0,,,74.0,26.0,,,100.0,98.0,100.0,815.0,26.0,26.0,100.0,0.0,100.0,0.0,200.0,0.0,100.0,7339.0,100.0,43594796744.0,100.0,63375774566.0
2019-05-15,ZJV12205,ST12000NM0007,12000138625024,0,82.0,169643024.0,99.0,0.0,100.0,1.0,100.0,0.0,90.0,977210641.0,92.0,7558.0,100.0,0.0,100.0,1.0,,,,,100.0,0.0,100.0,0.0,,,74.0,26.0,,,100.0,98.0,100.0,816.0,26.0,26.0,100.0,0.0,100.0,0.0,200.0,0.0,100.0,7355.0,100.0,43637650848.0,100.0,63465701686.0
2019-05-16,ZJV12205,ST12000NM0007,12000138625024,0,83.0,217821920.0,99.0,0.0,100.0,1.0,100.0,0.0,90.0,980496122.0,92.0,7590.0,100.0,0.0,100.0,1.0,,,,,100.0,0.0,100.0,0.0,,,74.0,26.0,,,100.0,99.0,100.0,818.0,26.0,26.0,100.0,0.0,100.0,0.0,200.0,0.0,100.0,7387.0,100.0,43721654312.0,100.0,63674017758.0
2019-05-17,ZJV12205,ST12000NM0007,12000138625024,0,81.0,128412888.0,99.0,0.0,100.0,1.0,100.0,0.0,90.0,983893389.0,92.0,7606.0,100.0,0.0,100.0,1.0,,,,,100.0,0.0,100.0,0.0,,,74.0,26.0,,,100.0,99.0,100.0,818.0,26.0,26.0,100.0,0.0,100.0,0.0,200.0,0.0,100.0,7402.0,100.0,43768198656.0,100.0,63782205238.0
2019-05-18,ZJV12205,ST12000NM0007,12000138625024,0,81.0,135086032.0,99.0,0.0,100.0,1.0,100.0,0.0,90.0,987127492.0,92.0,7638.0,100.0,0.0,100.0,1.0,,,,,100.0,0.0,100.0,0.0,,,74.0,26.0,,,100.0,100.0,100.0,819.0,26.0,26.0,100.0,0.0,100.0,0.0,200.0,0.0,100.0,7434.0,100.0,43844348888.0,100.0,63956868790.0
2019-05-19,ZJV12205,ST12000NM0007,12000138625024,0,71.0,11759480.0,99.0,0.0,100.0,1.0,100.0,0.0,90.0,988505893.0,92.0,7654.0,100.0,0.0,100.0,1.0,,,,,100.0,0.0,100.0,0.0,,,74.0,26.0,,,100.0,101.0,100.0,820.0,26.0,26.0,100.0,0.0,100.0,0.0,200.0,0.0,100.0,7450.0,100.0,43865698424.0,100.0,64056333406.0
2019-05-20,ZJV12205,ST12000NM0007,12000138625024,0,80.0,109818576.0,99.0,0.0,100.0,1.0,100.0,0.0,90.0,992782228.0,92.0,7685.0,100.0,0.0,100.0,1.0,,,,,100.0,0.0,100.0,0.0,,,74.0,26.0,,,100.0,102.0,100.0,821.0,26.0,26.0,100.0,0.0,100.0,0.0,200.0,0.0,100.0,7481.0,100.0,43936571872.0,100.0,64327659966.0
2019-05-21,ZJV12205,ST12000NM0007,12000138625024,0,77.0,49774000.0,99.0,0.0,100.0,1.0,100.0,0.0,90.0,994642730.0,92.0,7701.0,100.0,0.0,100.0,1.0,,,,,100.0,0.0,100.0,0.0,,,74.0,26.0,,,100.0,102.0,100.0,822.0,26.0,26.0,100.0,0.0,100.0,0.0,200.0,0.0,100.0,7497.0,100.0,44027536576.0,100.0,64420791854.0
2019-05-22,ZJV12205,ST12000NM0007,12000138625024,0,82.0,151433056.0,99.0,0.0,100.0,1.0,100.0,0.0,90.0,998841651.0,92.0,7733.0,100.0,0.0,100.0,1.0,,,,,100.0,0.0,100.0,0.0,,,74.0,26.0,,,100.0,102.0,100.0,823.0,26.0,26.0,100.0,0.0,100.0,0.0,200.0,0.0,100.0,7529.0,100.0,44134560720.0,100.0,64659567486.0
2019-05-23,ZJV12205,ST12000NM0007,12000138625024,0,84.0,229040776.0,99.0,0.0,100.0,1.0,100.0,0.0,64.0,2523687.0,92.0,7765.0,100.0,0.0,100.0,1.0,,,,,100.0,0.0,100.0,0.0,,,74.0,26.0,,,100.0,103.0,100.0,825.0,26.0,26.0,100.0,0.0,100.0,0.0,200.0,0.0,100.0,7560.0,100.0,44224876008.0,100.0,64891000646.0
2019-05-24,ZJV12205,ST12000NM0007,12000138625024,0,83.0,189247048.0,99.0,0.0,100.0,1.0,100.0,0.0,67.0,4511191.0,92.0,7781.0,100.0,0.0,100.0,1.0,,,,,100.0,0.0,100.0,0.0,,,73.0,27.0,,,100.0,103.0,100.0,825.0,27.0,27.0,100.0,0.0,100.0,0.0,200.0,0.0,100.0,7576.0,100.0,44281629304.0,100.0,65038594262.0
2019-05-25,ZJV12205,ST12000NM0007,12000138625024,0,65.0,3122696.0,99.0,0.0,100.0,1.0,100.0,0.0,69.0,7723204.0,92.0,7812.0,100.0,0.0,100.0,1.0,,,,,100.0,0.0,100.0,0.0,,,74.0,26.0,,,100.0,105.0,100.0,827.0,26.0,26.0,100.0,0.0,100.0,0.0,200.0,0.0,100.0,7608.0,100.0,44370605960.0,100.0,65251774790.0
2019-05-26,ZJV12205,ST12000NM0007,12000138625024,0,82.0,152235360.0,99.0,0.0,100.0,1.0,100.0,0.0,70.0,9181725.0,92.0,7828.0,100.0,0.0,100.0,1.0,,,,,100.0,0.0,100.0,0.0,,,74.0,26.0,,,100.0,105.0,100.0,827.0,26.0,26.0,100.0,0.0,100.0,0.0,200.0,0.0,100.0,7624.0,100.0,44410853456.0,100.0,65360639958.0
2019-05-27,ZJV12205,ST12000NM0007,12000138625024,0,76.0,41154208.0,99.0,0.0,100.0,1.0,100.0,0.0,71.0,13847948.0,92.0,7860.0,100.0,0.0,100.0,1.0,,,,,100.0,0.0,100.0,0.0,,,74.0,26.0,,,100.0,107.0,100.0,829.0,26.0,26.0,100.0,0.0,100.0,0.0,200.0,0.0,100.0,7655.0,100.0,44512560152.0,100.0,65636134030.0
2019-05-28,ZJV12205,ST12000NM0007,12000138625024,0,83.0,181644728.0,99.0,0.0,100.0,1.0,100.0,0.0,72.0,15248042.0,92.0,7876.0,100.0,0.0,100.0,1.0,,,,,100.0,0.0,100.0,0.0,,,74.0,26.0,,,100.0,107.0,100.0,829.0,26.0,26.0,100.0,0.0,100.0,0.0,200.0,0.0,100.0,7671.0,100.0,44555242080.0,100.0,65733942622.0
2019-05-29,ZJV12205,ST12000NM0007,12000138625024,0,79.0,72387472.0,99.0,0.0,100.0,1.0,100.0,0.0,73.0,19751858.0,91.0,7907.0,100.0,0.0,100.0,1.0,,,,,100.0,0.0,100.0,0.0,,,75.0,25.0,,,100.0,108.0,100.0,831.0,25.0,25.0,100.0,0.0,100.0,0.0,200.0,0.0,100.0,7702.0,100.0,44677323992.0,100.0,65990884982.0
2019-05-30,ZJV12205,ST12000NM0007,12000138625024,0,84.0,234008208.0,99.0,0.0,100.0,1.0,100.0,0.0,73.0,21052654.0,91.0,7923.0,100.0,0.0,100.0,1.0,,,,,100.0,0.0,100.0,0.0,,,74.0,26.0,,,100.0,108.0,100.0,831.0,26.0,26.0,100.0,0.0,100.0,0.0,200.0,0.0,100.0,7718.0,100.0,44705850496.0,100.0,66123979398.0
2019-05-31,ZJV12205,ST12000NM0007,12000138625024,0,81.0,123201480.0,99.0,0.0,100.0,1.0,100.0,0.0,74.0,22467415.0,91.0,7939.0,100.0,0.0,100.0,1.0,,,,,100.0,0.0,100.0,0.0,,,75.0,25.0,,,100.0,108.0,100.0,833.0,25.0,25.0,100.0,0.0,100.0,0.0,200.0,0.0,100.0,7734.0,100.0,44741238928.0,100.0,66221925118.0
2019-06-01,ZJV12205,ST12000NM0007,12000138625024,0,77.0,52445984.0,99.0,0.0,100.0,1.0,100.0,0.0,74.0,26516851.0,91.0,7971.0,100.0,0.0,100.0,1.0,,,,,100.0,0.0,100.0,0.0,,,73.0,27.0,,,100.0,108.0,100.0,834.0,27.0,27.0,100.0,0.0,100.0,0.0,200.0,0.0,100.0,7765.0,100.0,44879596888.0,100.0,66501093030.0
2019-06-02,ZJV12205,ST12000NM0007,12000138625024,0,78.0,64379792.0,99.0,0.0,100.0,1.0,100.0,0.0,75.0,29951972.0,91.0,7987.0,100.0,0.0,100.0,1.0,,,,,100.0,0.0,100.0,0.0,,,74.0,26.0,,,100.0,109.0,100.0,835.0,26.0,26.0,100.0,0.0,100.0,0.0,200.0,0.0,100.0,7781.0,100.0,44978542080.0,100.0,66658222318.0
2019-06-03,ZJV12205,ST12000NM0007,12000138625024,0,84.0,227627576.0,99.0,0.0,100.0,1.0,100.0,0.0,75.0,34976846.0,91.0,8018.0,100.0,0.0,100.0,1.0,,,,,100.0,0.0,100.0,0.0,,,74.0,26.0,,,100.0,109.0,100.0,836.0,26.0,26.0,100.0,0.0,100.0,0.0,200.0,0.0,100.0,7813.0,100.0,45076788040.0,100.0,66967364854.0
2019-06-04,ZJV12205,ST12000NM0007,12000138625024,0,83.0,179289640.0,99.0,0.0,100.0,1.0,100.0,0.0,76.0,36923015.0,91.0,8034.0,100.0,0.0,100.0,1.0,,,,,100.0,0.0,100.0,0.0,,,74.0,26.0,,,100.0,110.0,100.0,837.0,26.0,26.0,100.0,0.0,100.0,0.0,200.0,0.0,100.0,7828.0,100.0,45140699792.0,100.0,67099255838.0
2019-06-05,ZJV12205,ST12000NM0007,12000138625024,0,79.0,73832416.0,99.0,0.0,100.0,1.0,100.0,0.0,76.0,40574205.0,91.0,8066.0,100.0,0.0,100.0,1.0,,,,,100.0,0.0,100.0,0.0,,,73.0,27.0,,,100.0,111.0,100.0,838.0,27.0,27.0,100.0,0.0,100.0,0.0,200.0,0.0,100.0,7860.0,100.0,45244633504.0,100.0,67378146406.0
2019-06-06,ZJV12205,ST12000NM0007,12000138625024,0,83.0,180233944.0,99.0,0.0,100.0,1.0,100.0,0.0,77.0,45427741.0,91.0,8098.0,100.0,0.0,100.0,1.0,,,,,100.0,0.0,100.0,0.0,,,73.0,27.0,,,100.0,111.0,100.0,840.0,27.0,27.0,100.0,0.0,100.0,0.0,200.0,0.0,100.0,7891.0,100.0,45340595136.0,100.0,67632726934.0
2019-06-07,ZJV12205,ST12000NM0007,12000138625024,0,77.0,52797664.0,99.0,0.0,100.0,1.0,100.0,0.0,77.0,46820821.0,91.0,8113.0,100.0,0.0,100.0,1.0,,,,,100.0,0.0,100.0,0.0,,,74.0,26.0,,,100.0,111.0,100.0,840.0,26.0,26.0,100.0,0.0,100.0,0.0,200.0,0.0,100.0,7907.0,100.0,45366828328.0,100.0,67723198310.0
2019-06-08,ZJV12205,ST12000NM0007,12000138625024,0,80.0,98706216.0,99.0,0.0,100.0,1.0,100.0,0.0,77.0,49386897.0,91.0,8145.0,100.0,0.0,100.0,1.0,,,,,100.0,0.0,100.0,0.0,,,74.0,26.0,,,100.0,112.0,100.0,842.0,26.0,26.0,100.0,0.0,100.0,0.0,200.0,0.0,100.0,7939.0,100.0,45393525336.0,100.0,67986550526.0
2019-06-09,ZJV12205,ST12000NM0007,12000138625024,0,84.0,234390776.0,99.0,0.0,100.0,1.0,100.0,0.0,77.0,50593580.0,91.0,8161.0,100.0,0.0,100.0,1.0,,,,,100.0,0.0,100.0,0.0,,,75.0,25.0,,,100.0,112.0,100.0,842.0,25.0,25.0,100.0,0.0,100.0,0.0,200.0,0.0,100.0,7954.0,100.0,45412855672.0,100.0,68102904750.0
2019-06-10,ZJV12205,ST12000NM0007,12000138625024,0,78.0,62427456.0,99.0,0.0,100.0,1.0,100.0,0.0,77.0,54554583.0,91.0,8193.0,100.0,0.0,100.0,1.0,,,,,100.0,0.0,100.0,0.0,,,74.0,26.0,,,100.0,113.0,100.0,844.0,26.0,26.0,100.0,0.0,100.0,0.0,200.0,0.0,100.0,7986.0,100.0,45465439824.0,100.0,68366638790.0
2019-06-11,ZJV12205,ST12000NM0007,12000138625024,0,83.0,180513656.0,99.0,0.0,100.0,1.0,100.0,0.0,77.0,55717220.0,91.0,8208.0,100.0,0.0,100.0,1.0,,,,,100.0,0.0,100.0,0.0,,,74.0,26.0,,,100.0,113.0,100.0,844.0,26.0,26.0,100.0,0.0,100.0,0.0,200.0,0.0,100.0,8002.0,100.0,45486729400.0,100.0,68463435414.0
2019-06-12,ZJV12205,ST12000NM0007,12000138625024,0,83.0,188776104.0,99.0,0.0,100.0,1.0,100.0,0.0,78.0,59521893.0,91.0,8240.0,100.0,0.0,100.0,1.0,,,,,100.0,0.0,100.0,0.0,,,73.0,27.0,,,100.0,114.0,100.0,845.0,27.0,27.0,100.0,0.0,100.0,0.0,200.0,0.0,100.0,8033.0,100.0,45557277200.0,100.0,68645290902.0
2019-06-13,ZJV12205,ST12000NM0007,12000138625024,0,80.0,105937408.0,99.0,0.0,100.0,1.0,100.0,0.0,78.0,60837588.0,91.0,8256.0,100.0,0.0,100.0,1.0,,,,,100.0,0.0,100.0,0.0,,,74.0,26.0,,,100.0,115.0,100.0,846.0,26.0,26.0,100.0,0.0,100.0,0.0,200.0,0.0,100.0,8049.0,100.0,45592014856.0,100.0,68771855230.0
2019-06-14,ZJV12205,ST12000NM0007,12000138625024,0,84.0,242964032.0,99.0,0.0,100.0,1.0,100.0,0.0,78.0,63925240.0,91.0,8288.0,100.0,0.0,100.0,1.0,,,,,100.0,0.0,100.0,0.0,,,73.0,27.0,,,100.0,116.0,100.0,847.0,27.0,27.0,100.0,0.0,100.0,0.0,200.0,0.0,100.0,8081.0,100.0,45723540056.0,100.0,69021497342.0
2019-06-15,ZJV12205,ST12000NM0007,12000138625024,0,82.0,145932144.0,99.0,0.0,100.0,1.0,100.0,0.0,78.0,65247465.0,91.0,8303.0,100.0,0.0,100.0,1.0,,,,,100.0,0.0,100.0,0.0,,,74.0,26.0,,,100.0,117.0,100.0,848.0,26.0,26.0,100.0,0.0,100.0,0.0,200.0,0.0,100.0,8096.0,100.0,45743768352.0,100.0,69148377910.0
2019-06-16,ZJV12205,ST12000NM0007,12000138625024,0,83.0,182986336.0,99.0,0.0,100.0,1.0,100.0,0.0,78.0,67947663.0,91.0,8335.0,100.0,0.0,100.0,1.0,,,,,100.0,0.0,100.0,0.0,,,74.0,26.0,,,100.0,117.0,100.0,849.0,26.0,26.0,100.0,0.0,100.0,0.0,200.0,0.0,100.0,8128.0,100.0,45799362528.0,100.0,69373978950.0
2019-06-17,ZJV12205,ST12000NM0007,12000138625024,0,83.0,204729888.0,99.0,0.0,100.0,1.0,100.0,0.0,79.0,71826627.0,91.0,8367.0,100.0,0.0,100.0,1.0,,,,,100.0,0.0,100.0,0.0,,,74.0,26.0,,,100.0,119.0,100.0,851.0,26.0,26.0,100.0,0.0,100.0,0.0,200.0,0.0,100.0,8160.0,100.0,45846598840.0,100.0,69592626846.0
2019-06-18,ZJV12205,ST12000NM0007,12000138625024,0,80.0,111026944.0,99.0,0.0,100.0,1.0,100.0,0.0,79.0,73275347.0,91.0,8383.0,100.0,0.0,100.0,1.0,,,,,100.0,0.0,100.0,0.0,,,73.0,27.0,,,100.0,119.0,100.0,851.0,27.0,27.0,100.0,0.0,100.0,0.0,200.0,0.0,100.0,8175.0,100.0,45875095496.0,100.0,69714567894.0
2019-06-19,ZJV12205,ST12000NM0007,12000138625024,0,83.0,201897184.0,99.0,0.0,100.0,1.0,100.0,0.0,79.0,79085789.0,91.0,8414.0,100.0,0.0,100.0,1.0,,,,,100.0,0.0,100.0,0.0,,,74.0,26.0,,,100.0,120.0,100.0,853.0,26.0,26.0,100.0,0.0,100.0,0.0,200.0,0.0,100.0,8207.0,100.0,45930773712.0,100.0,69993900982.0
2019-06-20,ZJV12205,ST12000NM0007,12000138625024,0,80.0,98610856.0,99.0,0.0,100.0,1.0,100.0,0.0,79.0,80519625.0,91.0,8430.0,100.0,0.0,100.0,1.0,,,,,100.0,0.0,100.0,0.0,,,73.0,27.0,,,100.0,120.0,100.0,854.0,27.0,27.0,100.0,0.0,100.0,0.0,200.0,0.0,100.0,8223.0,100.0,45955680408.0,100.0,70109848838.0
2019-06-21,ZJV12205,ST12000NM0007,12000138625024,0,82.0,164009480.0,99.0,0.0,100.0,1.0,100.0,0.0,79.0,83556031.0,91.0,8462.0,100.0,0.0,100.0,1.0,,,,,100.0,0.0,100.0,0.0,,,74.0,26.0,,,100.0,121.0,100.0,855.0,26.0,26.0,100.0,0.0,100.0,0.0,200.0,0.0,100.0,8254.0,100.0,46019207352.0,100.0,70355861414.0
2019-06-22,ZJV12205,ST12000NM0007,12000138625024,0,79.0,76761928.0,99.0,0.0,100.0,1.0,100.0,0.0,79.0,85090226.0,91.0,8477.0,100.0,0.0,100.0,1.0,,,,,100.0,0.0,100.0,0.0,,,73.0,27.0,,,100.0,121.0,100.0,855.0,27.0,27.0,100.0,0.0,100.0,0.0,200.0,0.0,100.0,8270.0,100.0,46063758928.0,100.0,70468203014.0
2019-06-23,ZJV12205,ST12000NM0007,12000138625024,0,82.0,143978352.0,99.0,0.0,100.0,1.0,100.0,0.0,79.0,87935778.0,91.0,8509.0,100.0,0.0,100.0,1.0,,,,,100.0,0.0,100.0,0.0,,,73.0,27.0,,,100.0,123.0,100.0,857.0,27.0,27.0,100.0,0.0,100.0,0.0,200.0,0.0,100.0,8301.0,100.0,46131653040.0,100.0,70711666374.0
2019-06-24,ZJV12205,ST12000NM0007,12000138625024,0,78.0,62586224.0,99.0,0.0,100.0,1.0,100.0,0.0,80.0,90609087.0,91.0,8525.0,100.0,0.0,100.0,1.0,,,,,100.0,0.0,100.0,0.0,,,73.0,27.0,,,100.0,123.0,100.0,857.0,27.0,27.0,100.0,0.0,100.0,0.0,200.0,0.0,100.0,8317.0,100.0,46173126016.0,100.0,70832942022.0
2019-06-25,ZJV12205,ST12000NM0007,12000138625024,0,81.0,122105768.0,99.0,0.0,100.0,1.0,100.0,0.0,80.0,93612614.0,91.0,8557.0,100.0,0.0,100.0,1.0,,,,,100.0,0.0,100.0,0.0,,,73.0,27.0,,,100.0,125.0,100.0,859.0,27.0,27.0,100.0,0.0,100.0,0.0,200.0,0.0,100.0,8349.0,100.0,46264565768.0,100.0,71045162886.0
2019-06-26,ZJV12205,ST12000NM0007,12000138625024,0,77.0,55296160.0,99.0,0.0,100.0,1.0,100.0,0.0,80.0,95890141.0,91.0,8572.0,100.0,0.0,100.0,1.0,,,,,100.0,0.0,100.0,0.0,,,72.0,28.0,,,100.0,125.0,100.0,859.0,28.0,28.0,100.0,0.0,100.0,0.0,200.0,0.0,100.0,8365.0,100.0,46319292184.0,100.0,71167767574.0
2019-06-27,ZJV12205,ST12000NM0007,12000138625024,0,65.0,3510720.0,99.0,0.0,100.0,1.0,100.0,0.0,80.0,98158027.0,91.0,8588.0,100.0,0.0,100.0,1.0,,,,,100.0,0.0,100.0,0.0,,,73.0,27.0,,,100.0,126.0,100.0,860.0,27.0,27.0,100.0,0.0,100.0,0.0,200.0,0.0,100.0,8380.0,100.0,46350482544.0,100.0,71328932462.0
2019-06-28,ZJV12205,ST12000NM0007,12000138625024,0,84.0,227247064.0,99.0,0.0,100.0,1.0,100.0,0.0,80.0,101492012.0,91.0,8620.0,100.0,0.0,100.0,1.0,,,,,100.0,0.0,100.0,0.0,,,73.0,27.0,,,100.0,127.0,100.0,861.0,27.0,27.0,100.0,0.0,100.0,0.0,200.0,0.0,100.0,8412.0,100.0,46411656512.0,100.0,71735635470.0
2019-06-29,ZJV12205,ST12000NM0007,12000138625024,0,82.0,146305376.0,99.0,0.0,100.0,1.0,100.0,0.0,80.0,102744831.0,91.0,8636.0,100.0,0.0,100.0,1.0,,,,,100.0,0.0,100.0,0.0,,,73.0,27.0,,,100.0,127.0,100.0,862.0,27.0,27.0,100.0,0.0,100.0,0.0,200.0,0.0,100.0,8427.0,100.0,46435297808.0,100.0,71875193270.0
2019-06-30,ZJV12205,ST12000NM0007,12000138625024,0,81.0,120876432.0,99.0,0.0,100.0,1.0,100.0,0.0,80.0,105921660.0,91.0,8667.0,100.0,0.0,100.0,1.0,,,,,100.0,0.0,100.0,0.0,,,73.0,27.0,,,100.0,128.0,100.0,863.0,27.0,27.0,100.0,0.0,100.0,0.0,200.0,0.0,100.0,8459.0,100.0,46501976552.0,100.0,72271367022.0
2019-07-01,ZJV12205,ST12000NM0007,12000138625024,0,79.0,72910272.0,99.0,0.0,100.0,1.0,100.0,0.0,80.0,107671611.0,91.0,8683.0,100.0,0.0,100.0,1.0,,,,,100.0,0.0,100.0,0.0,,,73.0,27.0,,,100.0,129.0,100.0,864.0,27.0,27.0,100.0,0.0,100.0,0.0,200.0,0.0,100.0,8475.0,100.0,46528889672.0,100.0,72440628398.0
2019-07-02,ZJV12205,ST12000NM0007,12000138625024,0,77.0,49971168.0,99.0,0.0,100.0,1.0,100.0,0.0,80.0,111850435.0,91.0,8715.0,100.0,0.0,100.0,1.0,,,,,100.0,0.0,100.0,0.0,,,72.0,28.0,,,100.0,129.0,100.0,865.0,28.0,28.0,100.0,0.0,100.0,0.0,200.0,0.0,100.0,8506.0,100.0,46575494456.0,100.0,72859365990.0
2019-07-03,ZJV12205,ST12000NM0007,12000138625024,0,100.0,2357744.0,99.0,0.0,100.0,1.0,100.0,0.0,81.0,113416475.0,91.0,8730.0,100.0,0.0,100.0,1.0,,,,,100.0,0.0,100.0,0.0,,,73.0,27.0,,,100.0,129.0,100.0,866.0,27.0,27.0,100.0,0.0,100.0,0.0,200.0,0.0,100.0,8522.0,100.0,46619397736.0,100.0,73011990078.0
2019-07-04,ZJV12205,ST12000NM0007,12000138625024,0,82.0,169731736.0,99.0,0.0,100.0,1.0,100.0,0.0,81.0,117780407.0,90.0,8762.0,100.0,0.0,100.0,1.0,,,,,100.0,0.0,100.0,0.0,,,72.0,28.0,,,100.0,130.0,100.0,867.0,28.0,28.0,100.0,0.0,100.0,0.0,200.0,0.0,100.0,8553.0,100.0,46688902064.0,100.0,73354000438.0
2019-07-05,ZJV12205,ST12000NM0007,12000138625024,0,82.0,148241704.0,99.0,0.0,100.0,1.0,100.0,0.0,81.0,119451797.0,90.0,8778.0,100.0,0.0,100.0,1.0,,,,,100.0,0.0,100.0,0.0,,,73.0,27.0,,,100.0,131.0,100.0,868.0,27.0,27.0,100.0,0.0,100.0,0.0,200.0,0.0,100.0,8569.0,100.0,46731539360.0,100.0,73534013766.0
2019-07-06,ZJV12205,ST12000NM0007,12000138625024,0,77.0,47692112.0,99.0,0.0,100.0,1.0,100.0,0.0,81.0,122462745.0,90.0,8809.0,100.0,0.0,100.0,1.0,,,,,100.0,0.0,100.0,0.0,,,72.0,28.0,,,100.0,131.0,100.0,869.0,28.0,28.0,100.0,0.0,100.0,0.0,200.0,0.0,100.0,8600.0,100.0,46768891192.0,100.0,73884393878.0
2019-07-07,ZJV12205,ST12000NM0007,12000138625024,0,78.0,67116888.0,99.0,0.0,100.0,1.0,100.0,0.0,81.0,125628549.0,90.0,8825.0,100.0,0.0,100.0,1.0,,,,,100.0,0.0,100.0,0.0,,,73.0,27.0,,,100.0,131.0,100.0,870.0,27.0,27.0,100.0,0.0,100.0,0.0,200.0,0.0,100.0,8616.0,100.0,46799023136.0,100.0,74117827350.0
2019-07-08,ZJV12205,ST12000NM0007,12000138625024,0,73.0,18427752.0,99.0,0.0,100.0,1.0,100.0,0.0,81.0,129271672.0,90.0,8857.0,100.0,0.0,100.0,1.0,,,,,100.0,0.0,100.0,0.0,,,72.0,28.0,,,100.0,131.0,100.0,871.0,28.0,28.0,100.0,0.0,100.0,0.0,200.0,0.0,100.0,8647.0,100.0,46868592440.0,100.0,74487850566.0
2019-07-09,ZJV12205,ST12000NM0007,12000138625024,0,84.0,237596192.0,99.0,0.0,100.0,1.0,100.0,0.0,81.0,131685121.0,90.0,8872.0,100.0,0.0,100.0,1.0,,,,,100.0,0.0,100.0,0.0,,,73.0,27.0,,,100.0,131.0,100.0,872.0,27.0,27.0,100.0,0.0,100.0,0.0,200.0,0.0,100.0,8663.0,100.0,46893544584.0,100.0,74682066862.0
2019-07-10,ZJV12205,ST12000NM0007,12000138625024,0,82.0,164012480.0,99.0,0.0,100.0,1.0,100.0,0.0,81.0,134810840.0,90.0,8904.0,100.0,0.0,100.0,1.0,,,,,100.0,0.0,100.0,0.0,,,72.0,28.0,,,100.0,131.0,100.0,873.0,28.0,28.0,100.0,0.0,100.0,0.0,200.0,0.0,100.0,8695.0,100.0,46959877296.0,100.0,75030431958.0
2019-07-11,ZJV12205,ST12000NM0007,12000138625024,0,82.0,148391144.0,99.0,0.0,100.0,1.0,100.0,0.0,81.0,139542142.0,90.0,8936.0,100.0,0.0,100.0,1.0,,,,,100.0,0.0,100.0,0.0,,,72.0,28.0,,,100.0,131.0,100.0,875.0,28.0,28.0,100.0,0.0,100.0,0.0,200.0,0.0,100.0,8726.0,100.0,47057358952.0,100.0,75405610686.0
2019-07-12,ZJV12205,ST12000NM0007,12000138625024,0,82.0,142986560.0,99.0,0.0,100.0,1.0,100.0,0.0,82.0,141588520.0,90.0,8951.0,100.0,0.0,100.0,1.0,,,,,100.0,0.0,100.0,0.0,,,72.0,28.0,,,100.0,131.0,100.0,875.0,28.0,28.0,100.0,0.0,100.0,0.0,200.0,0.0,100.0,8742.0,100.0,47094716456.0,100.0,75606989422.0
2019-07-13,ZJV12205,ST12000NM0007,12000138625024,0,81.0,119662216.0,99.0,0.0,100.0,1.0,100.0,0.0,82.0,144840687.0,90.0,8983.0,100.0,0.0,100.0,1.0,,,,,100.0,0.0,100.0,0.0,,,72.0,28.0,,,100.0,131.0,100.0,877.0,28.0,28.0,100.0,0.0,100.0,0.0,200.0,0.0,100.0,8773.0,100.0,47154836752.0,100.0,76011826070.0
2019-07-14,ZJV12205,ST12000NM0007,12000138625024,0,79.0,80303224.0,99.0,0.0,100.0,1.0,100.0,0.0,82.0,146598517.0,90.0,8999.0,100.0,0.0,100.0,1.0,,,,,100.0,0.0,100.0,0.0,,,73.0,27.0,,,100.0,131.0,100.0,877.0,27.0,27.0,100.0,0.0,100.0,0.0,200.0,0.0,100.0,8789.0,100.0,47186968576.0,100.0,76184475982.0
2019-07-15,ZJV12205,ST12000NM0007,12000138625024,0,77.0,50499440.0,99.0,0.0,100.0,1.0,100.0,0.0,82.0,150155051.0,90.0,9031.0,100.0,0.0,100.0,1.0,,,,,100.0,0.0,100.0,0.0,,,72.0,28.0,,,100.0,131.0,100.0,878.0,28.0,28.0,100.0,0.0,100.0,0.0,200.0,0.0,100.0,8821.0,100.0,47253010440.0,100.0,76576911678.0
2019-07-16,ZJV12205,ST12000NM0007,12000138625024,0,71.0,13981400.0,99.0,0.0,100.0,1.0,100.0,0.0,82.0,152697736.0,90.0,9046.0,100.0,0.0,100.0,1.0,,,,,100.0,0.0,100.0,0.0,,,72.0,28.0,,,100.0,131.0,100.0,879.0,28.0,28.0,100.0,0.0,100.0,0.0,200.0,0.0,100.0,8836.0,100.0,47287767272.0,100.0,76749777438.0
2019-07-17,ZJV12205,ST12000NM0007,12000138625024,0,84.0,240469008.0,99.0,0.0,100.0,1.0,100.0,0.0,82.0,157116245.0,90.0,9078.0,100.0,0.0,100.0,1.0,,,,,100.0,0.0,100.0,0.0,,,72.0,28.0,,,100.0,131.0,100.0,880.0,28.0,28.0,100.0,0.0,100.0,0.0,200.0,0.0,100.0,8868.0,100.0,47380199800.0,100.0,77127973254.0
2019-07-18,ZJV12205,ST12000NM0007,12000138625024,0,83.0,189519264.0,99.0,0.0,100.0,1.0,100.0,0.0,82.0,159138740.0,90.0,9094.0,100.0,0.0,100.0,1.0,,,,,100.0,0.0,100.0,0.0,,,73.0,27.0,,,100.0,132.0,100.0,882.0,27.0,27.0,100.0,0.0,100.0,0.0,200.0,0.0,100.0,8883.0,100.0,47402235192.0,100.0,77299128750.0
2019-07-19,ZJV12205,ST12000NM0007,12000138625024,0,81.0,121293728.0,99.0,0.0,100.0,1.0,100.0,0.0,82.0,162598043.0,90.0,9125.0,100.0,0.0,100.0,1.0,,,,,100.0,0.0,100.0,0.0,,,72.0,28.0,,,100.0,132.0,100.0,883.0,28.0,28.0,100.0,0.0,100.0,0.0,200.0,0.0,100.0,8915.0,100.0,47478374152.0,100.0,77643045630.0
2019-07-20,ZJV12205,ST12000NM0007,12000138625024,0,80.0,104218328.0,99.0,0.0,100.0,1.0,100.0,0.0,82.0,164111499.0,90.0,9141.0,100.0,0.0,100.0,1.0,,,,,100.0,0.0,100.0,0.0,,,72.0,28.0,,,100.0,132.0,100.0,884.0,28.0,28.0,100.0,0.0,100.0,0.0,200.0,0.0,100.0,8930.0,100.0,47508474752.0,100.0,77840010654.0
2019-07-21,ZJV12205,ST12000NM0007,12000138625024,0,73.0,17855016.0,99.0,0.0,100.0,1.0,100.0,0.0,82.0,167144946.0,90.0,9173.0,100.0,0.0,100.0,1.0,,,,,100.0,0.0,100.0,0.0,,,72.0,28.0,,,100.0,132.0,100.0,885.0,28.0,28.0,100.0,0.0,100.0,0.0,200.0,0.0,100.0,8962.0,100.0,47580516064.0,100.0,78169887478.0
2019-07-22,ZJV12205,ST12000NM0007,12000138625024,0,78.0,57992408.0,99.0,0.0,100.0,1.0,100.0,0.0,82.0,169067855.0,90.0,9189.0,100.0,0.0,100.0,1.0,,,,,100.0,0.0,100.0,0.0,,,72.0,28.0,,,100.0,132.0,100.0,886.0,28.0,28.0,100.0,0.0,100.0,0.0,200.0,0.0,100.0,8978.0,100.0,47631724992.0,100.0,78402956638.0
2019-07-23,ZJV12205,ST12000NM0007,12000138625024,0,75.0,33808712.0,99.0,0.0,100.0,1.0,100.0,0.0,82.0,173700356.0,90.0,9220.0,100.0,0.0,100.0,1.0,,,,,100.0,0.0,100.0,0.0,,,71.0,29.0,,,100.0,132.0,100.0,887.0,29.0,29.0,100.0,0.0,100.0,0.0,200.0,0.0,100.0,9009.0,100.0,47708500808.0,100.0,78790278686.0
2019-07-24,ZJV12205,ST12000NM0007,12000138625024,0,76.0,42542376.0,99.0,0.0,100.0,1.0,100.0,0.0,83.0,178056892.0,90.0,9252.0,100.0,0.0,100.0,1.0,,,,,100.0,0.0,100.0,0.0,,,72.0,28.0,,,100.0,133.0,100.0,889.0,28.0,28.0,100.0,0.0,100.0,0.0,200.0,0.0,100.0,9041.0,100.0,47808661896.0,100.0,79187132734.0
2019-07-25,ZJV12205,ST12000NM0007,12000138625024,0,78.0,58974704.0,99.0,0.0,100.0,1.0,100.0,0.0,83.0,180081263.0,90.0,9268.0,100.0,0.0,100.0,1.0,,,,,100.0,0.0,100.0,0.0,,,72.0,28.0,,,100.0,133.0,100.0,890.0,28.0,28.0,100.0,0.0,100.0,0.0,200.0,0.0,100.0,9056.0,100.0,47847007032.0,100.0,79409360614.0
2019-07-26,ZJV12205,ST12000NM0007,12000138625024,0,75.0,32139072.0,99.0,0.0,100.0,1.0,100.0,0.0,83.0,185463670.0,90.0,9299.0,100.0,0.0,100.0,1.0,,,,,100.0,0.0,100.0,0.0,,,72.0,28.0,,,100.0,133.0,100.0,891.0,28.0,28.0,100.0,0.0,100.0,0.0,200.0,0.0,100.0,9088.0,100.0,47938508600.0,100.0,79779304806.0
2019-07-27,ZJV12205,ST12000NM0007,12000138625024,0,84.0,226104336.0,99.0,0.0,100.0,1.0,100.0,0.0,83.0,186865138.0,90.0,9315.0,100.0,0.0,100.0,1.0,,,,,100.0,0.0,100.0,0.0,,,71.0,29.0,,,100.0,134.0,100.0,892.0,29.0,29.0,100.0,0.0,100.0,0.0,200.0,0.0,100.0,9104.0,100.0,47965795072.0,100.0,79945983598.0
2019-07-28,ZJV12205,ST12000NM0007,12000138625024,0,83.0,215052856.0,99.0,0.0,100.0,1.0,100.0,0.0,83.0,190231025.0,90.0,9347.0,100.0,0.0,100.0,1.0,,,,,100.0,0.0,100.0,0.0,,,72.0,28.0,,,100.0,135.0,100.0,893.0,28.0,28.0,100.0,0.0,100.0,0.0,200.0,0.0,100.0,9135.0,100.0,48035494416.0,100.0,80353514142.0
2019-07-29,ZJV12205,ST12000NM0007,12000138625024,0,83.0,185336656.0,99.0,0.0,100.0,1.0,100.0,0.0,83.0,191771421.0,90.0,9363.0,100.0,0.0,100.0,1.0,,,,,100.0,0.0,100.0,0.0,,,71.0,29.0,,,100.0,135.0,100.0,894.0,29.0,29.0,100.0,0.0,100.0,0.0,200.0,0.0,100.0,9151.0,100.0,48083798232.0,100.0,80519634766.0
2019-07-30,ZJV12205,ST12000NM0007,12000138625024,0,83.0,180520192.0,99.0,0.0,100.0,1.0,100.0,0.0,83.0,196585770.0,90.0,9394.0,100.0,0.0,100.0,1.0,,,,,100.0,0.0,100.0,0.0,,,71.0,29.0,,,100.0,135.0,100.0,895.0,29.0,29.0,100.0,0.0,100.0,0.0,200.0,0.0,100.0,9182.0,100.0,48161376384.0,100.0,80925521566.0
2019-07-31,ZJV12205,ST12000NM0007,12000138625024,0,81.0,125290256.0,99.0,0.0,100.0,1.0,100.0,0.0,83.0,198409799.0,90.0,9410.0,100.0,0.0,100.0,1.0,,,,,100.0,0.0,100.0,0.0,,,71.0,29.0,,,100.0,136.0,100.0,896.0,29.0,29.0,100.0,0.0,100.0,0.0,200.0,0.0,100.0,9198.0,100.0,48206816768.0,100.0,81068993070.0
2019-08-01,ZJV12205,ST12000NM0007,12000138625024,0,80.0,100480168.0,99.0,0.0,100.0,1.0,100.0,0.0,83.0,203265960.0,90.0,9442.0,100.0,0.0,100.0,1.0,,,,,100.0,0.0,100.0,0.0,,,71.0,29.0,,,100.0,137.0,100.0,897.0,29.0,29.0,100.0,0.0,100.0,0.0,200.0,0.0,100.0,9229.0,100.0,48292321616.0,100.0,81446959646.0
2019-08-02,ZJV12205,ST12000NM0007,12000138625024,0,79.0,76014896.0,99.0,0.0,100.0,1.0,100.0,0.0,83.0,205212469.0,90.0,9458.0,100.0,0.0,100.0,1.0,,,,,100.0,0.0,100.0,0.0,,,72.0,28.0,,,100.0,137.0,100.0,898.0,28.0,28.0,100.0,0.0,100.0,0.0,200.0,0.0,100.0,9245.0,100.0,48338529264.0,100.0,81620427550.0
2019-08-03,ZJV12205,ST12000NM0007,12000138625024,0,73.0,21931304.0,99.0,0.0,100.0,1.0,100.0,0.0,83.0,208455635.0,90.0,9489.0,100.0,0.0,100.0,1.0,,,,,100.0,0.0,100.0,0.0,,,71.0,29.0,,,100.0,137.0,100.0,899.0,29.0,29.0,100.0,0.0,100.0,0.0,200.0,0.0,100.0,9276.0,100.0,48385445616.0,100.0,82007709150.0
2019-08-04,ZJV12205,ST12000NM0007,12000138625024,0,83.0,220029672.0,99.0,0.0,100.0,1.0,100.0,0.0,83.0,209955032.0,90.0,9505.0,100.0,0.0,100.0,1.0,,,,,100.0,0.0,100.0,0.0,,,72.0,28.0,,,100.0,137.0,100.0,900.0,28.0,28.0,100.0,0.0,100.0,0.0,200.0,0.0,100.0,9292.0,100.0,48421613096.0,100.0,82169640038.0
2019-08-05,ZJV12205,ST12000NM0007,12000138625024,0,83.0,206743688.0,99.0,0.0,100.0,1.0,100.0,0.0,83.0,213221174.0,90.0,9537.0,100.0,0.0,100.0,1.0,,,,,100.0,0.0,100.0,0.0,,,71.0,29.0,,,100.0,137.0,100.0,901.0,29.0,29.0,100.0,0.0,100.0,0.0,200.0,0.0,100.0,9324.0,100.0,48485699296.0,100.0,82580549622.0
2019-08-06,ZJV12205,ST12000NM0007,12000138625024,0,82.0,149194592.0,99.0,0.0,100.0,1.0,100.0,0.0,83.0,215524261.0,90.0,9553.0,100.0,0.0,100.0,1.0,,,,,100.0,0.0,100.0,0.0,,,72.0,28.0,,,100.0,137.0,100.0,902.0,28.0,28.0,100.0,0.0,100.0,0.0,200.0,0.0,100.0,9339.0,100.0,48541122936.0,100.0,82711717582.0
2019-08-07,ZJV12205,ST12000NM0007,12000138625024,0,81.0,129707936.0,99.0,0.0,100.0,1.0,100.0,0.0,83.0,220254945.0,90.0,9585.0,100.0,0.0,100.0,1.0,,,,,100.0,0.0,100.0,0.0,,,70.0,30.0,,,100.0,137.0,100.0,904.0,30.0,30.0,100.0,0.0,100.0,0.0,200.0,0.0,100.0,9371.0,100.0,48650214392.0,100.0,83071420958.0
2019-08-08,ZJV12205,ST12000NM0007,12000138625024,0,82.0,159316768.0,99.0,0.0,100.0,1.0,100.0,0.0,83.0,222555576.0,90.0,9600.0,100.0,0.0,100.0,1.0,,,,,100.0,0.0,100.0,0.0,,,72.0,28.0,,,100.0,137.0,100.0,904.0,28.0,28.0,100.0,0.0,100.0,0.0,200.0,0.0,100.0,9387.0,100.0,48690420232.0,100.0,83304964646.0
2019-08-09,ZJV12205,ST12000NM0007,12000138625024,0,83.0,215648616.0,99.0,0.0,100.0,1.0,100.0,0.0,84.0,224992832.0,90.0,9616.0,100.0,0.0,100.0,1.0,,,,,100.0,0.0,100.0,0.0,,,72.0,28.0,,,100.0,137.0,100.0,905.0,28.0,28.0,100.0,0.0,100.0,0.0,200.0,0.0,100.0,9402.0,100.0,48748866296.0,100.0,83546991238.0
2019-08-10,ZJV12205,ST12000NM0007,12000138625024,0,81.0,140302472.0,99.0,0.0,100.0,1.0,100.0,0.0,84.0,228126802.0,89.0,9648.0,100.0,0.0,100.0,1.0,,,,,100.0,0.0,100.0,0.0,,,71.0,29.0,,,100.0,137.0,100.0,906.0,29.0,29.0,100.0,0.0,100.0,0.0,200.0,0.0,100.0,9434.0,100.0,48819317840.0,100.0,83889474974.0
2019-08-11,ZJV12205,ST12000NM0007,12000138625024,0,80.0,92597168.0,99.0,0.0,100.0,1.0,100.0,0.0,84.0,231528744.0,89.0,9680.0,100.0,0.0,100.0,1.0,,,,,100.0,0.0,100.0,0.0,,,71.0,29.0,,,100.0,139.0,100.0,908.0,29.0,29.0,100.0,0.0,100.0,0.0,200.0,0.0,100.0,9465.0,100.0,48875686880.0,100.0,84273682318.0
2019-08-12,ZJV12205,ST12000NM0007,12000138625024,0,76.0,43429320.0,99.0,0.0,100.0,1.0,100.0,0.0,84.0,233198653.0,89.0,9696.0,100.0,0.0,100.0,1.0,,,,,100.0,0.0,100.0,0.0,,,72.0,28.0,,,100.0,139.0,100.0,908.0,28.0,28.0,100.0,0.0,100.0,0.0,200.0,0.0,100.0,9481.0,100.0,48925255704.0,100.0,84419086846.0
2019-08-13,ZJV12205,ST12000NM0007,12000138625024,0,77.0,49594000.0,99.0,0.0,100.0,1.0,100.0,0.0,84.0,237794400.0,89.0,9727.0,100.0,0.0,100.0,1.0,,,,,100.0,0.0,100.0,0.0,,,71.0,29.0,,,100.0,140.0,100.0,909.0,29.0,29.0,100.0,0.0,100.0,0.0,200.0,0.0,100.0,9513.0,100.0,49018552000.0,100.0,84820236750.0
2019-08-14,ZJV12205,ST12000NM0007,12000138625024,0,80.0,107577736.0,99.0,0.0,100.0,1.0,100.0,0.0,84.0,240203289.0,89.0,9743.0,100.0,0.0,100.0,1.0,,,,,100.0,0.0,100.0,0.0,,,72.0,28.0,,,100.0,140.0,100.0,910.0,28.0,28.0,100.0,0.0,100.0,0.0,200.0,0.0,100.0,9529.0,100.0,49075966320.0,100.0,85064947126.0
2019-08-15,ZJV12205,ST12000NM0007,12000138625024,0,78.0,56565536.0,99.0,0.0,100.0,1.0,100.0,0.0,84.0,245589441.0,89.0,9775.0,100.0,0.0,100.0,1.0,,,,,100.0,0.0,100.0,0.0,,,70.0,30.0,,,100.0,141.0,100.0,911.0,30.0,30.0,100.0,0.0,100.0,0.0,200.0,0.0,100.0,9560.0,100.0,49161025096.0,100.0,85417157510.0
2019-08-16,ZJV12205,ST12000NM0007,12000138625024,0,81.0,129478128.0,99.0,0.0,100.0,1.0,100.0,0.0,84.0,248073278.0,89.0,9791.0,100.0,0.0,100.0,1.0,,,,,100.0,0.0,100.0,0.0,,,72.0,28.0,,,100.0,141.0,100.0,912.0,28.0,28.0,100.0,0.0,100.0,0.0,200.0,0.0,100.0,9576.0,100.0,49199392048.0,100.0,85695843894.0
2019-08-17,ZJV12205,ST12000NM0007,12000138625024,0,76.0,43292232.0,99.0,0.0,100.0,1.0,100.0,0.0,84.0,251121106.0,89.0,9822.0,100.0,0.0,100.0,1.0,,,,,100.0,0.0,100.0,0.0,,,70.0,30.0,,,100.0,142.0,100.0,913.0,30.0,30.0,100.0,0.0,100.0,0.0,200.0,0.0,100.0,9608.0,100.0,49266992808.0,100.0,86030339006.0
2019-08-18,ZJV12205,ST12000NM0007,12000138625024,0,100.0,1366408.0,99.0,0.0,100.0,1.0,100.0,0.0,84.0,252718280.0,89.0,9838.0,100.0,0.0,100.0,1.0,,,,,100.0,0.0,100.0,0.0,,,72.0,28.0,,,100.0,143.0,100.0,914.0,28.0,28.0,100.0,0.0,100.0,0.0,200.0,0.0,100.0,9623.0,100.0,49299960488.0,100.0,86199586406.0
2019-08-19,ZJV12205,ST12000NM0007,12000138625024,0,83.0,206898416.0,99.0,0.0,100.0,1.0,100.0,0.0,84.0,256300268.0,89.0,9870.0,100.0,0.0,100.0,1.0,,,,,100.0,0.0,100.0,0.0,,,71.0,29.0,,,100.0,143.0,100.0,915.0,29.0,29.0,100.0,0.0,100.0,0.0,200.0,0.0,100.0,9655.0,100.0,49394119400.0,100.0,86555100134.0
2019-08-20,ZJV12205,ST12000NM0007,12000138625024,0,84.0,229399800.0,99.0,0.0,100.0,1.0,100.0,0.0,84.0,258875623.0,89.0,9886.0,100.0,0.0,100.0,1.0,,,,,100.0,0.0,100.0,0.0,,,71.0,29.0,,,100.0,143.0,100.0,916.0,29.0,29.0,100.0,0.0,100.0,0.0,200.0,0.0,100.0,9671.0,100.0,49439759736.0,100.0,86776101918.0
2019-08-21,ZJV12205,ST12000NM0007,12000138625024,0,82.0,176665744.0,99.0,0.0,100.0,1.0,100.0,0.0,84.0,263448534.0,89.0,9917.0,100.0,0.0,100.0,1.0,,,,,100.0,0.0,100.0,0.0,,,70.0,30.0,,,100.0,143.0,100.0,917.0,30.0,30.0,100.0,0.0,100.0,0.0,200.0,0.0,100.0,9702.0,100.0,49551578872.0,100.0,87099830038.0
2019-08-22,ZJV12205,ST12000NM0007,12000138625024,0,79.0,81812136.0,99.0,0.0,100.0,1.0,100.0,0.0,84.0,265740323.0,89.0,9933.0,100.0,0.0,100.0,1.0,,,,,100.0,0.0,100.0,0.0,,,71.0,29.0,,,100.0,143.0,100.0,919.0,29.0,29.0,100.0,0.0,100.0,0.0,200.0,0.0,100.0,9717.0,100.0,49584119584.0,100.0,87216576350.0
2019-08-23,ZJV12205,ST12000NM0007,12000138625024,0,84.0,236511776.0,99.0,0.0,100.0,1.0,100.0,0.0,84.0,269999596.0,89.0,9965.0,100.0,0.0,100.0,1.0,,,,,100.0,0.0,100.0,0.0,,,71.0,29.0,,,100.0,144.0,100.0,920.0,29.0,29.0,100.0,0.0,100.0,0.0,200.0,0.0,100.0,9749.0,100.0,49665321032.0,100.0,87534215686.0
2019-08-24,ZJV12205,ST12000NM0007,12000138625024,0,82.0,163892944.0,99.0,0.0,100.0,1.0,100.0,0.0,84.0,271481190.0,89.0,9981.0,100.0,0.0,100.0,1.0,,,,,100.0,0.0,100.0,0.0,,,72.0,28.0,,,100.0,144.0,100.0,921.0,28.0,28.0,100.0,0.0,100.0,0.0,200.0,0.0,100.0,9765.0,100.0,49679700112.0,100.0,87691358430.0
2019-08-25,ZJV12205,ST12000NM0007,12000138625024,0,80.0,108963896.0,99.0,0.0,100.0,1.0,100.0,0.0,84.0,276262686.0,89.0,10012.0,100.0,0.0,100.0,1.0,,,,,100.0,0.0,100.0,0.0,,,70.0,30.0,,,100.0,145.0,100.0,922.0,30.0,30.0,100.0,0.0,100.0,0.0,200.0,0.0,100.0,9796.0,100.0,49759014192.0,100.0,88045396750.0
2019-08-26,ZJV12205,ST12000NM0007,12000138625024,0,80.0,110318752.0,99.0,0.0,100.0,1.0,100.0,0.0,85.0,282935954.0,89.0,10060.0,100.0,0.0,100.0,1.0,,,,,100.0,0.0,100.0,0.0,,,70.0,30.0,,,100.0,146.0,100.0,924.0,30.0,30.0,100.0,0.0,100.0,0.0,200.0,0.0,100.0,9843.0,100.0,49874657888.0,100.0,88663530070.0
2019-08-27,ZJV12205,ST12000NM0007,12000138625024,0,80.0,110318752.0,99.0,0.0,100.0,1.0,100.0,0.0,85.0,282935954.0,89.0,10060.0,100.0,0.0,100.0,1.0,,,,,100.0,0.0,100.0,0.0,,,70.0,30.0,,,100.0,146.0,100.0,924.0,30.0,30.0,100.0,0.0,100.0,0.0,200.0,0.0,100.0,9843.0,100.0,49874657888.0,100.0,88663530070.0
2019-08-28,ZJV12205,ST12000NM0007,12000138625024,0,79.0,71254920.0,99.0,0.0,100.0,1.0,100.0,0.0,85.0,284670135.0,89.0,10076.0,100.0,0.0,100.0,1.0,,,,,100.0,0.0,100.0,0.0,,,70.0,30.0,,,100.0,146.0,100.0,925.0,30.0,30.0,100.0,0.0,100.0,0.0,200.0,0.0,100.0,9859.0,100.0,49921572976.0,100.0,88821692142.0
2019-08-29,ZJV12205,ST12000NM0007,12000138625024,0,68.0,5962384.0,99.0,0.0,100.0,1.0,100.0,0.0,85.0,289984027.0,89.0,10108.0,100.0,0.0,100.0,1.0,,,,,100.0,0.0,100.0,0.0,,,70.0,30.0,,,100.0,146.0,100.0,926.0,30.0,30.0,100.0,0.0,100.0,0.0,200.0,0.0,100.0,9891.0,100.0,50015414400.0,100.0,89150839622.0
2019-08-30,ZJV12205,ST12000NM0007,12000138625024,0,83.0,207352248.0,99.0,0.0,100.0,1.0,100.0,0.0,85.0,291751351.0,89.0,10123.0,100.0,0.0,100.0,1.0,,,,,100.0,0.0,100.0,0.0,,,71.0,29.0,,,100.0,147.0,100.0,927.0,29.0,29.0,100.0,0.0,100.0,0.0,200.0,0.0,100.0,9906.0,100.0,50046936960.0,100.0,89320706926.0
2019-08-31,ZJV12205,ST12000NM0007,12000138625024,0,82.0,152943536.0,99.0,0.0,100.0,1.0,100.0,0.0,85.0,295311780.0,89.0,10155.0,100.0,0.0,100.0,1.0,,,,,100.0,0.0,100.0,0.0,,,71.0,29.0,,,100.0,147.0,100.0,928.0,29.0,29.0,100.0,0.0,100.0,0.0,200.0,0.0,100.0,9938.0,100.0,50107694872.0,100.0,89693821790.0
2019-09-01,ZJV12205,ST12000NM0007,12000138625024,0,83.0,182068768.0,99.0,0.0,100.0,1.0,100.0,0.0,85.0,297176447.0,89.0,10171.0,100.0,0.0,100.0,1.0,,,,,100.0,0.0,100.0,0.0,,,71.0,29.0,,,100.0,147.0,100.0,929.0,29.0,29.0,100.0,0.0,100.0,0.0,200.0,0.0,100.0,9954.0,100.0,50136493032.0,100.0,89938289990.0
2019-09-02,ZJV12205,ST12000NM0007,12000138625024,0,82.0,168096904.0,99.0,0.0,100.0,1.0,100.0,0.0,85.0,300726825.0,89.0,10203.0,100.0,0.0,100.0,1.0,,,,,100.0,0.0,100.0,0.0,,,71.0,29.0,,,100.0,147.0,100.0,930.0,29.0,29.0,100.0,0.0,100.0,0.0,200.0,0.0,100.0,9985.0,100.0,50211206072.0,100.0,90337886750.0
2019-09-03,ZJV12205,ST12000NM0007,12000138625024,0,82.0,154235512.0,99.0,0.0,100.0,1.0,100.0,0.0,85.0,303051124.0,89.0,10219.0,100.0,0.0,100.0,1.0,,,,,100.0,0.0,100.0,0.0,,,70.0,30.0,,,100.0,148.0,100.0,931.0,30.0,30.0,100.0,0.0,100.0,0.0,200.0,0.0,100.0,10001.0,100.0,50247063496.0,100.0,90532308614.0
2019-09-04,ZJV12205,ST12000NM0007,12000138625024,0,80.0,101325664.0,99.0,0.0,100.0,1.0,100.0,0.0,85.0,307312045.0,89.0,10250.0,100.0,0.0,100.0,1.0,,,,,100.0,0.0,100.0,0.0,,,71.0,29.0,,,100.0,149.0,100.0,932.0,29.0,29.0,100.0,0.0,100.0,0.0,200.0,0.0,100.0,10032.0,100.0,50318706512.0,100.0,90896037406.0
2019-09-05,ZJV12205,ST12000NM0007,12000138625024,0,100.0,236824.0,99.0,0.0,100.0,1.0,100.0,0.0,85.0,312249442.0,89.0,10282.0,100.0,0.0,100.0,1.0,,,,,100.0,0.0,100.0,0.0,,,70.0,30.0,,,100.0,149.0,100.0,934.0,30.0,30.0,100.0,0.0,100.0,0.0,200.0,0.0,100.0,10064.0,100.0,50404708856.0,100.0,91197227758.0
2019-09-06,ZJV12205,ST12000NM0007,12000138625024,0,83.0,190437464.0,99.0,0.0,100.0,1.0,100.0,0.0,85.0,314259468.0,89.0,10298.0,100.0,0.0,100.0,1.0,,,,,100.0,0.0,100.0,0.0,,,70.0,30.0,,,100.0,149.0,100.0,935.0,30.0,30.0,100.0,0.0,100.0,0.0,200.0,0.0,100.0,10079.0,100.0,50455912240.0,100.0,91336225014.0
2019-09-07,ZJV12205,ST12000NM0007,12000138625024,0,81.0,124680960.0,99.0,0.0,100.0,1.0,100.0,0.0,85.0,318143103.0,89.0,10329.0,100.0,0.0,100.0,1.0,,,,,100.0,0.0,100.0,0.0,,,71.0,29.0,,,100.0,149.0,100.0,936.0,29.0,29.0,100.0,0.0,100.0,0.0,200.0,0.0,100.0,10111.0,100.0,50513193680.0,100.0,91701468542.0
2019-09-08,ZJV12205,ST12000NM0007,12000138625024,0,81.0,117420104.0,99.0,0.0,100.0,1.0,100.0,0.0,85.0,320066303.0,89.0,10345.0,100.0,0.0,100.0,1.0,,,,,100.0,0.0,100.0,0.0,,,71.0,29.0,,,100.0,149.0,100.0,937.0,29.0,29.0,100.0,0.0,100.0,0.0,200.0,0.0,100.0,10126.0,100.0,50536178480.0,100.0,91915363534.0
2019-09-09,ZJV12205,ST12000NM0007,12000138625024,0,78.0,66838312.0,99.0,0.0,100.0,1.0,100.0,0.0,85.0,323137079.0,89.0,10377.0,100.0,0.0,100.0,1.0,,,,,100.0,0.0,100.0,0.0,,,71.0,29.0,,,100.0,150.0,100.0,938.0,29.0,29.0,100.0,0.0,100.0,0.0,200.0,0.0,100.0,10158.0,100.0,50584620984.0,100.0,92304620790.0
2019-09-10,ZJV12205,ST12000NM0007,12000138625024,0,78.0,68562576.0,99.0,0.0,100.0,1.0,100.0,0.0,85.0,325491166.0,89.0,10392.0,100.0,0.0,100.0,1.0,,,,,100.0,0.0,100.0,0.0,,,71.0,29.0,,,100.0,150.0,100.0,939.0,29.0,29.0,100.0,0.0,100.0,0.0,200.0,0.0,100.0,10174.0,100.0,50617068472.0,100.0,92518038470.0
2019-09-11,ZJV12205,ST12000NM0007,12000138625024,0,100.0,1597560.0,99.0,0.0,100.0,1.0,100.0,0.0,85.0,330540810.0,89.0,10424.0,100.0,0.0,100.0,1.0,,,,,100.0,0.0,100.0,0.0,,,71.0,29.0,,,100.0,151.0,100.0,940.0,29.0,29.0,100.0,0.0,100.0,0.0,200.0,0.0,100.0,10205.0,100.0,50688197304.0,100.0,92868226070.0
2019-09-12,ZJV12205,ST12000NM0007,12000138625024,0,83.0,219819184.0,99.0,0.0,100.0,1.0,100.0,0.0,85.0,333013278.0,89.0,10440.0,100.0,0.0,100.0,1.0,,,,,100.0,0.0,100.0,0.0,,,72.0,28.0,,,100.0,152.0,100.0,941.0,28.0,28.0,100.0,0.0,100.0,0.0,200.0,0.0,100.0,10221.0,100.0,50720893808.0,100.0,93053751190.0
2019-09-13,ZJV12205,ST12000NM0007,12000138625024,0,84.0,238025360.0,99.0,0.0,100.0,1.0,100.0,0.0,85.0,336570672.0,89.0,10472.0,100.0,0.0,100.0,1.0,,,,,100.0,0.0,100.0,0.0,,,71.0,29.0,,,100.0,153.0,100.0,942.0,29.0,29.0,100.0,0.0,100.0,0.0,200.0,0.0,100.0,10252.0,100.0,50796340656.0,100.0,93484792182.0
2019-09-14,ZJV12205,ST12000NM0007,12000138625024,0,83.0,194334880.0,99.0,0.0,100.0,1.0,100.0,0.0,85.0,338188076.0,89.0,10487.0,100.0,0.0,100.0,1.0,,,,,100.0,0.0,100.0,0.0,,,71.0,29.0,,,100.0,153.0,100.0,943.0,29.0,29.0,100.0,0.0,100.0,0.0,200.0,0.0,100.0,10268.0,100.0,50827361096.0,100.0,93654222022.0
2019-09-15,ZJV12205,ST12000NM0007,12000138625024,0,82.0,169703648.0,99.0,0.0,100.0,1.0,100.0,0.0,85.0,341798526.0,88.0,10519.0,100.0,0.0,100.0,1.0,,,,,100.0,0.0,100.0,0.0,,,70.0,30.0,,,100.0,153.0,100.0,944.0,30.0,30.0,100.0,0.0,100.0,0.0,200.0,0.0,100.0,10300.0,100.0,50890620280.0,100.0,94054613126.0
2019-09-16,ZJV12205,ST12000NM0007,12000138625024,0,82.0,143310608.0,99.0,0.0,100.0,1.0,100.0,0.0,85.0,343620822.0,88.0,10535.0,100.0,0.0,100.0,1.0,,,,,100.0,0.0,100.0,0.0,,,71.0,29.0,,,100.0,153.0,100.0,945.0,29.0,29.0,100.0,0.0,100.0,0.0,200.0,0.0,100.0,10315.0,100.0,50920782176.0,100.0,94242198998.0
2019-09-17,ZJV12205,ST12000NM0007,12000138625024,0,82.0,153341448.0,99.0,0.0,100.0,1.0,100.0,0.0,85.0,348361475.0,88.0,10566.0,100.0,0.0,100.0,1.0,,,,,100.0,0.0,100.0,0.0,,,71.0,29.0,,,100.0,153.0,100.0,946.0,29.0,29.0,100.0,0.0,100.0,0.0,200.0,0.0,100.0,10347.0,100.0,50987316296.0,100.0,94673976998.0
2019-09-18,ZJV12205,ST12000NM0007,12000138625024,0,81.0,141061776.0,99.0,0.0,100.0,1.0,100.0,0.0,85.0,350605097.0,88.0,10582.0,100.0,0.0,100.0,1.0,,,,,100.0,0.0,100.0,0.0,,,71.0,29.0,,,100.0,154.0,100.0,947.0,29.0,29.0,100.0,0.0,100.0,0.0,200.0,0.0,100.0,10363.0,100.0,51032462248.0,100.0,94860692254.0
2019-09-19,ZJV12205,ST12000NM0007,12000138625024,0,81.0,116866152.0,99.0,0.0,100.0,1.0,100.0,0.0,86.0,355600635.0,88.0,10614.0,100.0,0.0,100.0,1.0,,,,,100.0,0.0,100.0,0.0,,,71.0,29.0,,,100.0,154.0,100.0,948.0,29.0,29.0,100.0,0.0,100.0,0.0,200.0,0.0,100.0,10394.0,100.0,51118948488.0,100.0,95238292158.0
2019-09-20,ZJV12205,ST12000NM0007,12000138625024,0,80.0,100151104.0,99.0,0.0,100.0,1.0,100.0,0.0,86.0,357797905.0,88.0,10630.0,100.0,0.0,100.0,1.0,,,,,100.0,0.0,100.0,0.0,,,71.0,29.0,,,100.0,155.0,100.0,949.0,29.0,29.0,100.0,0.0,100.0,0.0,200.0,0.0,100.0,10410.0,100.0,51157893512.0,100.0,95426775358.0
2019-09-21,ZJV12205,ST12000NM0007,12000138625024,0,77.0,54012736.0,99.0,0.0,100.0,1.0,100.0,0.0,86.0,363451352.0,88.0,10662.0,100.0,0.0,100.0,1.0,,,,,100.0,0.0,100.0,0.0,,,72.0,28.0,,,100.0,156.0,100.0,950.0,28.0,28.0,100.0,0.0,100.0,0.0,200.0,0.0,100.0,10441.0,100.0,51214008688.0,100.0,95812803270.0
2019-09-22,ZJV12205,ST12000NM0007,12000138625024,0,75.0,31887336.0,99.0,0.0,100.0,1.0,100.0,0.0,86.0,365033639.0,88.0,10677.0,100.0,0.0,100.0,1.0,,,,,100.0,0.0,100.0,0.0,,,72.0,28.0,,,100.0,156.0,100.0,951.0,28.0,28.0,100.0,0.0,100.0,0.0,200.0,0.0,100.0,10457.0,100.0,51238582856.0,100.0,96010244334.0
2019-09-23,ZJV12205,ST12000NM0007,12000138625024,0,69.0,7169224.0,99.0,0.0,100.0,1.0,100.0,0.0,86.0,368461011.0,88.0,10709.0,100.0,0.0,100.0,1.0,,,,,100.0,0.0,100.0,0.0,,,71.0,29.0,,,100.0,156.0,100.0,952.0,29.0,29.0,100.0,0.0,100.0,0.0,200.0,0.0,100.0,10489.0,100.0,51298075952.0,100.0,96414314918.0
2019-09-24,ZJV12205,ST12000NM0007,12000138625024,0,68.0,6557120.0,99.0,0.0,100.0,1.0,100.0,0.0,86.0,370964398.0,88.0,10725.0,100.0,0.0,100.0,1.0,,,,,100.0,0.0,100.0,0.0,,,70.0,30.0,,,100.0,156.0,100.0,953.0,30.0,30.0,100.0,0.0,100.0,0.0,200.0,0.0,100.0,10505.0,100.0,51337966472.0,100.0,96617953142.0
2019-09-25,ZJV12205,ST12000NM0007,12000138625024,0,83.0,207225776.0,99.0,0.0,100.0,1.0,100.0,0.0,86.0,375739825.0,88.0,10757.0,100.0,0.0,100.0,1.0,,,,,100.0,0.0,100.0,0.0,,,71.0,29.0,,,100.0,156.0,100.0,954.0,29.0,29.0,100.0,0.0,100.0,0.0,200.0,0.0,100.0,10536.0,100.0,51410539416.0,100.0,96990189742.0
2019-09-26,ZJV12205,ST12000NM0007,12000138625024,0,83.0,197388760.0,99.0,0.0,100.0,1.0,100.0,0.0,86.0,380654112.0,88.0,10788.0,100.0,0.0,100.0,1.0,,,,,100.0,0.0,100.0,0.0,,,70.0,30.0,,,100.0,156.0,100.0,956.0,30.0,30.0,100.0,0.0,100.0,0.0,200.0,0.0,100.0,10568.0,100.0,51487795080.0,100.0,97391378518.0
2019-09-27,ZJV12205,ST12000NM0007,12000138625024,0,83.0,183882864.0,99.0,0.0,100.0,1.0,100.0,0.0,86.0,382429408.0,88.0,10804.0,100.0,0.0,100.0,1.0,,,,,100.0,0.0,100.0,0.0,,,70.0,30.0,,,100.0,156.0,100.0,956.0,30.0,30.0,100.0,0.0,100.0,0.0,200.0,0.0,100.0,10584.0,100.0,51525361200.0,100.0,97584447182.0
2019-09-28,ZJV12205,ST12000NM0007,12000138625024,0,80.0,92023312.0,99.0,0.0,100.0,1.0,100.0,0.0,86.0,385390942.0,88.0,10836.0,100.0,0.0,100.0,1.0,,,,,100.0,0.0,100.0,0.0,,,70.0,30.0,,,100.0,157.0,100.0,958.0,30.0,30.0,100.0,0.0,100.0,0.0,200.0,0.0,100.0,10615.0,100.0,51557187152.0,100.0,97949043198.0
2019-09-29,ZJV12205,ST12000NM0007,12000138625024,0,79.0,76663024.0,99.0,0.0,100.0,1.0,100.0,0.0,86.0,387139833.0,88.0,10852.0,100.0,0.0,100.0,1.0,,,,,100.0,0.0,100.0,0.0,,,70.0,30.0,,,100.0,157.0,100.0,958.0,30.0,30.0,100.0,0.0,100.0,0.0,200.0,0.0,100.0,10631.0,100.0,51581232288.0,100.0,98153778478.0
2019-09-30,ZJV12205,ST12000NM0007,12000138625024,0,76.0,41741632.0,99.0,0.0,100.0,1.0,100.0,0.0,86.0,390782315.0,88.0,10883.0,100.0,0.0,100.0,1.0,,,,,100.0,0.0,100.0,0.0,,,69.0,31.0,,,100.0,158.0,100.0,960.0,31.0,31.0,100.0,0.0,100.0,0.0,200.0,0.0,100.0,10662.0,100.0,51659242912.0,100.0,98529127918.0
2019-10-01,ZJV12205,ST12000NM0007,12000138625024,0,78.0,62298176.0,99.0,0.0,100.0,1.0,100.0,0.0,86.0,393445335.0,88.0,10899.0,100.0,0.0,100.0,1.0,,,,,100.0,0.0,100.0,0.0,,,72.0,28.0,,,100.0,158.0,100.0,960.0,28.0,28.0,100.0,0.0,100.0,0.0,200.0,0.0,100.0,10678.0,100.0,51707546344.0,100.0,98745521670.0
2019-10-02,ZJV12205,ST12000NM0007,12000138625024,0,76.0,36429104.0,99.0,0.0,100.0,1.0,100.0,0.0,86.0,398585486.0,88.0,10931.0,100.0,0.0,100.0,1.0,,,,,100.0,0.0,100.0,0.0,,,69.0,31.0,,,100.0,158.0,100.0,962.0,31.0,31.0,100.0,0.0,100.0,0.0,200.0,0.0,100.0,10710.0,100.0,51790419920.0,100.0,99125060334.0
2019-10-03,ZJV12205,ST12000NM0007,12000138625024,0,83.0,196057480.0,99.0,0.0,100.0,1.0,100.0,0.0,86.0,400228440.0,88.0,10947.0,100.0,0.0,100.0,1.0,,,,,100.0,0.0,100.0,0.0,,,71.0,29.0,,,100.0,158.0,100.0,962.0,29.0,29.0,100.0,0.0,100.0,0.0,200.0,0.0,100.0,10725.0,100.0,51824606488.0,100.0,99250502142.0
2019-10-04,ZJV12205,ST12000NM0007,12000138625024,0,70.0,9754128.0,99.0,0.0,100.0,1.0,100.0,0.0,86.0,403556886.0,88.0,10978.0,100.0,0.0,100.0,1.0,,,,,100.0,0.0,100.0,0.0,,,70.0,30.0,,,100.0,158.0,100.0,964.0,30.0,30.0,100.0,0.0,100.0,0.0,200.0,0.0,100.0,10757.0,100.0,51898988776.0,100.0,99478098118.0
2019-10-05,ZJV12205,ST12000NM0007,12000138625024,0,82.0,146053864.0,99.0,0.0,100.0,1.0,100.0,0.0,86.0,404976216.0,88.0,10994.0,100.0,0.0,100.0,1.0,,,,,100.0,0.0,100.0,0.0,,,71.0,29.0,,,100.0,158.0,100.0,965.0,29.0,29.0,100.0,0.0,100.0,0.0,200.0,0.0,100.0,10772.0,100.0,51920902096.0,100.0,99592484534.0
2019-10-06,ZJV12205,ST12000NM0007,12000138625024,0,82.0,163950264.0,99.0,0.0,100.0,1.0,100.0,0.0,86.0,408146018.0,88.0,11026.0,100.0,0.0,100.0,1.0,,,,,100.0,0.0,100.0,0.0,,,71.0,29.0,,,100.0,158.0,100.0,966.0,29.0,29.0,100.0,0.0,100.0,0.0,200.0,0.0,100.0,10803.0,100.0,51991596464.0,100.0,99783827278.0
2019-10-07,ZJV12205,ST12000NM0007,12000138625024,0,78.0,61699984.0,99.0,0.0,100.0,1.0,100.0,0.0,86.0,409692007.0,88.0,11042.0,100.0,0.0,100.0,1.0,,,,,100.0,0.0,100.0,0.0,,,71.0,29.0,,,100.0,159.0,100.0,967.0,29.0,29.0,100.0,0.0,100.0,0.0,200.0,0.0,100.0,10819.0,100.0,52018735608.0,100.0,99898578718.0
2019-10-08,ZJV12205,ST12000NM0007,12000138625024,0,83.0,179604344.0,99.0,0.0,100.0,1.0,100.0,0.0,86.0,414717879.0,88.0,11073.0,100.0,0.0,100.0,1.0,,,,,100.0,0.0,100.0,0.0,,,72.0,28.0,,,100.0,160.0,100.0,968.0,28.0,28.0,100.0,0.0,100.0,0.0,200.0,0.0,100.0,10851.0,100.0,52089208904.0,100.0,100190150430.0
2019-10-09,ZJV12205,ST12000NM0007,12000138625024,0,79.0,76435584.0,99.0,0.0,100.0,1.0,100.0,0.0,86.0,416393768.0,88.0,11089.0,100.0,0.0,100.0,1.0,,,,,100.0,0.0,100.0,0.0,,,70.0,30.0,,,100.0,161.0,100.0,969.0,30.0,30.0,100.0,0.0,100.0,0.0,200.0,0.0,100.0,10866.0,100.0,52129401704.0,100.0,100290929606.0
2019-10-10,ZJV12205,ST12000NM0007,12000138625024,0,80.0,108947736.0,99.0,0.0,100.0,1.0,100.0,0.0,86.0,421237166.0,88.0,11120.0,100.0,0.0,100.0,1.0,,,,,100.0,0.0,100.0,0.0,,,78.0,22.0,,,100.0,162.0,100.0,970.0,22.0,22.0,100.0,0.0,100.0,0.0,200.0,0.0,100.0,10898.0,100.0,52212295440.0,100.0,100484688718.0
2019-10-11,ZJV12205,ST12000NM0007,12000138625024,0,84.0,236817800.0,99.0,0.0,100.0,1.0,100.0,0.0,86.0,422866116.0,88.0,11136.0,100.0,0.0,100.0,1.0,,,,,100.0,0.0,100.0,0.0,,,79.0,21.0,,,100.0,162.0,100.0,972.0,21.0,21.0,100.0,0.0,100.0,0.0,200.0,0.0,100.0,10913.0,100.0,52242656816.0,100.0,100582197406.0
2019-10-12,ZJV12205,ST12000NM0007,12000138625024,0,81.0,139359632.0,99.0,0.0,100.0,1.0,100.0,0.0,86.0,428267092.0,88.0,11168.0,100.0,0.0,100.0,1.0,,,,,100.0,0.0,100.0,0.0,,,78.0,22.0,,,100.0,162.0,100.0,973.0,22.0,22.0,100.0,0.0,100.0,0.0,200.0,0.0,100.0,10944.0,100.0,52319926208.0,100.0,100895751166.0
2019-10-13,ZJV12205,ST12000NM0007,12000138625024,0,72.0,14132280.0,99.0,0.0,100.0,1.0,100.0,0.0,86.0,429494615.0,88.0,11184.0,100.0,0.0,100.0,1.0,,,,,100.0,0.0,100.0,0.0,,,79.0,21.0,,,100.0,162.0,100.0,974.0,21.0,21.0,100.0,0.0,100.0,0.0,200.0,0.0,100.0,10960.0,100.0,52346376376.0,100.0,100988214646.0
2019-10-14,ZJV12205,ST12000NM0007,12000138625024,0,76.0,42794704.0,99.0,0.0,100.0,1.0,100.0,0.0,86.0,433193672.0,88.0,11215.0,100.0,0.0,100.0,1.0,,,,,100.0,0.0,100.0,0.0,,,78.0,22.0,,,100.0,162.0,100.0,975.0,22.0,22.0,100.0,0.0,100.0,0.0,200.0,0.0,100.0,10991.0,100.0,52394351544.0,100.0,101213042566.0
2019-10-15,ZJV12205,ST12000NM0007,12000138625024,0,83.0,181387480.0,99.0,0.0,100.0,1.0,100.0,0.0,86.0,438566204.0,88.0,11263.0,100.0,0.0,100.0,1.0,,,,,100.0,0.0,100.0,0.0,,,69.0,31.0,,,100.0,162.0,100.0,977.0,31.0,31.0,100.0,0.0,100.0,0.0,200.0,0.0,100.0,11038.0,100.0,52520592592.0,100.0,101713675750.0
2019-10-16,ZJV12205,ST12000NM0007,12000138625024,0,83.0,181387480.0,99.0,0.0,100.0,1.0,100.0,0.0,86.0,438566204.0,88.0,11263.0,100.0,0.0,100.0,1.0,,,,,100.0,0.0,100.0,0.0,,,69.0,31.0,,,100.0,162.0,100.0,977.0,31.0,31.0,100.0,0.0,100.0,0.0,200.0,0.0,100.0,11038.0,100.0,52520592592.0,100.0,101713675750.0
2019-10-17,ZJV12205,ST12000NM0007,12000138625024,0,82.0,153583992.0,99.0,0.0,100.0,1.0,100.0,0.0,86.0,442500623.0,88.0,11295.0,100.0,0.0,100.0,1.0,,,,,100.0,0.0,100.0,0.0,,,69.0,31.0,,,100.0,162.0,100.0,979.0,31.0,31.0,100.0,0.0,100.0,0.0,200.0,0.0,100.0,11070.0,100.0,52593902440.0,100.0,102100843870.0
2019-10-18,ZJV12205,ST12000NM0007,12000138625024,0,81.0,126365984.0,99.0,0.0,100.0,1.0,100.0,0.0,86.0,444333645.0,88.0,11310.0,100.0,0.0,100.0,1.0,,,,,100.0,0.0,100.0,0.0,,,70.0,30.0,,,100.0,162.0,100.0,979.0,30.0,30.0,100.0,0.0,100.0,0.0,200.0,0.0,100.0,11086.0,100.0,52633040568.0,100.0,102278628494.0
2019-10-19,ZJV12205,ST12000NM0007,12000138625024,0,76.0,40836112.0,99.0,0.0,100.0,1.0,100.0,0.0,86.0,445774684.0,88.0,11326.0,100.0,0.0,100.0,1.0,,,,,100.0,0.0,100.0,0.0,,,70.0,30.0,,,100.0,163.0,100.0,980.0,30.0,30.0,100.0,0.0,100.0,0.0,200.0,0.0,100.0,11101.0,100.0,52658042792.0,100.0,102412237318.0
2019-10-20,ZJV12205,ST12000NM0007,12000138625024,0,84.0,227617056.0,99.0,0.0,100.0,1.0,100.0,0.0,87.0,449730245.0,88.0,11358.0,100.0,0.0,100.0,1.0,,,,,100.0,0.0,100.0,0.0,,,69.0,31.0,,,100.0,164.0,100.0,981.0,31.0,31.0,100.0,0.0,100.0,0.0,200.0,0.0,100.0,11133.0,100.0,52740981072.0,100.0,102760220670.0
2019-10-21,ZJV12205,ST12000NM0007,12000138625024,0,83.0,220910896.0,99.0,0.0,100.0,1.0,100.0,0.0,87.0,451415317.0,88.0,11374.0,100.0,0.0,100.0,1.0,,,,,100.0,0.0,100.0,0.0,,,70.0,30.0,,,100.0,164.0,100.0,982.0,30.0,30.0,100.0,0.0,100.0,0.0,200.0,0.0,100.0,11149.0,100.0,52767749456.0,100.0,102970886982.0
2019-10-22,ZJV12205,ST12000NM0007,12000138625024,0,83.0,181540816.0,99.0,0.0,100.0,1.0,100.0,0.0,87.0,456696163.0,87.0,11405.0,100.0,0.0,100.0,1.0,,,,,100.0,0.0,100.0,0.0,,,78.0,22.0,,,100.0,165.0,100.0,983.0,22.0,22.0,100.0,0.0,100.0,0.0,200.0,0.0,100.0,11180.0,100.0,52852417792.0,100.0,103335130406.0
2019-10-23,ZJV12205,ST12000NM0007,12000138625024,0,82.0,156492792.0,99.0,0.0,100.0,1.0,100.0,0.0,87.0,458405933.0,87.0,11421.0,100.0,0.0,100.0,1.0,,,,,100.0,0.0,100.0,0.0,,,78.0,22.0,,,100.0,165.0,100.0,984.0,22.0,22.0,100.0,0.0,100.0,0.0,200.0,0.0,100.0,11196.0,100.0,52891009504.0,100.0,103515631382.0
2019-10-24,ZJV12205,ST12000NM0007,12000138625024,0,83.0,218305880.0,99.0,0.0,100.0,1.0,100.0,0.0,87.0,462388276.0,87.0,11453.0,100.0,0.0,100.0,1.0,,,,,100.0,0.0,100.0,0.0,,,78.0,22.0,,,100.0,166.0,100.0,985.0,22.0,22.0,100.0,0.0,100.0,0.0,200.0,0.0,100.0,11227.0,100.0,52928135800.0,100.0,103784458854.0
2019-10-25,ZJV12205,ST12000NM0007,12000138625024,0,82.0,164498504.0,99.0,0.0,100.0,1.0,100.0,0.0,87.0,463858630.0,87.0,11469.0,100.0,0.0,100.0,1.0,,,,,100.0,0.0,100.0,0.0,,,78.0,22.0,,,100.0,166.0,100.0,986.0,22.0,22.0,100.0,0.0,100.0,0.0,200.0,0.0,100.0,11243.0,100.0,52956612480.0,100.0,103946315462.0
2019-10-26,ZJV12205,ST12000NM0007,12000138625024,0,79.0,87538608.0,99.0,0.0,100.0,1.0,100.0,0.0,87.0,467591552.0,87.0,11500.0,100.0,0.0,100.0,1.0,,,,,100.0,0.0,100.0,0.0,,,78.0,22.0,,,100.0,166.0,100.0,989.0,22.0,22.0,100.0,0.0,100.0,0.0,200.0,0.0,100.0,11274.0,100.0,53015324192.0,100.0,104298925176.0
2019-10-27,ZJV12205,ST12000NM0007,12000138625024,0,82.0,167171712.0,99.0,0.0,100.0,1.0,100.0,0.0,87.0,471120639.0,87.0,11532.0,100.0,0.0,100.0,1.0,,,,,100.0,0.0,100.0,0.0,,,79.0,21.0,,,100.0,167.0,100.0,990.0,21.0,21.0,100.0,0.0,100.0,0.0,200.0,0.0,100.0,11306.0,100.0,53121615016.0,100.0,104516408232.0
2019-10-28,ZJV12205,ST12000NM0007,12000138625024,0,80.0,103497856.0,99.0,0.0,100.0,1.0,100.0,0.0,87.0,474435324.0,87.0,11548.0,100.0,0.0,100.0,1.0,,,,,100.0,0.0,100.0,0.0,,,79.0,21.0,,,100.0,167.0,100.0,990.0,21.0,21.0,100.0,0.0,100.0,0.0,200.0,0.0,100.0,11321.0,100.0,53185965656.0,100.0,104632524368.0
2019-10-29,ZJV12205,ST12000NM0007,12000138625024,0,81.0,115305448.0,99.0,0.0,100.0,1.0,100.0,0.0,87.0,477821846.0,87.0,11579.0,100.0,0.0,100.0,1.0,,,,,100.0,0.0,100.0,0.0,,,79.0,21.0,,,100.0,167.0,100.0,992.0,21.0,21.0,100.0,0.0,100.0,0.0,200.0,0.0,100.0,11353.0,100.0,53292075344.0,100.0,104782362952.0
2019-10-30,ZJV12205,ST12000NM0007,12000138625024,0,76.0,36760280.0,99.0,0.0,100.0,1.0,100.0,0.0,87.0,480102674.0,87.0,11595.0,100.0,0.0,100.0,1.0,,,,,100.0,0.0,100.0,0.0,,,78.0,22.0,,,100.0,167.0,100.0,992.0,22.0,22.0,100.0,0.0,100.0,0.0,200.0,0.0,100.0,11369.0,100.0,53344908784.0,100.0,104895124976.0
2019-10-31,ZJV12205,ST12000NM0007,12000138625024,0,82.0,169022520.0,99.0,0.0,100.0,1.0,100.0,0.0,87.0,482741271.0,87.0,11611.0,100.0,0.0,100.0,1.0,,,,,100.0,0.0,100.0,0.0,,,78.0,22.0,,,100.0,167.0,100.0,993.0,22.0,22.0,100.0,0.0,100.0,0.0,200.0,0.0,100.0,11384.0,100.0,53396283872.0,100.0,104976012128.0
2019-11-01,ZJV12205,ST12000NM0007,12000138625024,0,83.0,178295720.0,99.0,0.0,100.0,1.0,100.0,0.0,87.0,489252958.0,87.0,11642.0,100.0,0.0,100.0,1.0,,,,,100.0,0.0,100.0,0.0,,,78.0,22.0,,,100.0,168.0,100.0,994.0,22.0,22.0,100.0,0.0,100.0,0.0,200.0,0.0,100.0,11415.0,100.0,53462714896.0,100.0,105407135816.0
2019-11-02,ZJV12205,ST12000NM0007,12000138625024,0,81.0,129433064.0,99.0,0.0,100.0,1.0,100.0,0.0,87.0,492731738.0,87.0,11674.0,100.0,0.0,100.0,1.0,,,,,100.0,0.0,100.0,0.0,,,78.0,22.0,,,100.0,168.0,100.0,996.0,22.0,22.0,100.0,0.0,100.0,0.0,200.0,0.0,100.0,11447.0,100.0,53543375704.0,100.0,105765894096.0
2019-11-03,ZJV12205,ST12000NM0007,12000138625024,0,78.0,57592792.0,99.0,0.0,100.0,1.0,100.0,0.0,87.0,494024733.0,87.0,11690.0,100.0,0.0,100.0,1.0,,,,,100.0,0.0,100.0,0.0,,,78.0,22.0,,,100.0,168.0,100.0,996.0,22.0,22.0,100.0,0.0,100.0,0.0,200.0,0.0,100.0,11462.0,100.0,53561503944.0,100.0,105920066360.0
2019-11-04,ZJV12205,ST12000NM0007,12000138625024,0,77.0,45379264.0,99.0,0.0,100.0,1.0,100.0,0.0,87.0,498910916.0,87.0,11721.0,100.0,0.0,100.0,1.0,,,,,100.0,0.0,100.0,0.0,,,78.0,22.0,,,100.0,169.0,100.0,998.0,22.0,22.0,100.0,0.0,100.0,0.0,200.0,0.0,100.0,11494.0,100.0,53604852544.0,100.0,106352786304.0
2019-11-05,ZJV12205,ST12000NM0007,12000138625024,0,83.0,214827768.0,99.0,0.0,100.0,1.0,100.0,0.0,87.0,500259177.0,87.0,11737.0,100.0,0.0,100.0,1.0,,,,,100.0,0.0,100.0,0.0,,,72.0,28.0,,,100.0,169.0,100.0,998.0,28.0,28.0,100.0,0.0,100.0,0.0,200.0,0.0,100.0,11510.0,100.0,53632836040.0,100.0,106494251312.0
2019-11-06,ZJV12205,ST12000NM0007,12000138625024,0,82.0,148841224.0,99.0,0.0,100.0,1.0,100.0,0.0,87.0,504985914.0,87.0,11768.0,100.0,0.0,100.0,1.0,,,,,100.0,0.0,100.0,0.0,,,72.0,28.0,,,100.0,170.0,100.0,1000.0,28.0,28.0,100.0,0.0,100.0,0.0,200.0,0.0,100.0,11541.0,100.0,53695947448.0,100.0,106853434736.0
2019-11-07,ZJV12205,ST12000NM0007,12000138625024,0,81.0,135041808.0,99.0,0.0,100.0,1.0,100.0,0.0,87.0,507093289.0,87.0,11784.0,100.0,0.0,100.0,1.0,,,,,100.0,0.0,100.0,0.0,,,72.0,28.0,,,100.0,170.0,100.0,1000.0,28.0,28.0,100.0,0.0,100.0,0.0,200.0,0.0,100.0,11556.0,100.0,53728700896.0,100.0,107051024720.0
2019-11-08,ZJV12205,ST12000NM0007,12000138625024,0,74.0,25125984.0,99.0,0.0,100.0,1.0,100.0,0.0,87.0,510167423.0,87.0,11816.0,100.0,0.0,100.0,1.0,,,,,100.0,0.0,100.0,0.0,,,72.0,28.0,,,100.0,170.0,100.0,1002.0,28.0,28.0,100.0,0.0,100.0,0.0,200.0,0.0,100.0,11588.0,100.0,53768291248.0,100.0,107389799904.0
2019-11-09,ZJV12205,ST12000NM0007,12000138625024,0,83.0,223040584.0,99.0,0.0,100.0,1.0,100.0,0.0,87.0,511552280.0,87.0,11831.0,100.0,0.0,100.0,1.0,,,,,100.0,0.0,100.0,0.0,,,72.0,28.0,,,100.0,170.0,100.0,1002.0,28.0,28.0,100.0,0.0,100.0,0.0,200.0,0.0,100.0,11603.0,100.0,53784330392.0,100.0,107571675360.0
2019-11-10,ZJV12205,ST12000NM0007,12000138625024,0,81.0,137490448.0,99.0,0.0,100.0,1.0,100.0,0.0,87.0,514370055.0,87.0,11863.0,100.0,0.0,100.0,1.0,,,,,100.0,0.0,100.0,0.0,,,71.0,29.0,,,100.0,170.0,100.0,1004.0,29.0,29.0,100.0,0.0,100.0,0.0,200.0,0.0,100.0,11635.0,100.0,53824243968.0,100.0,107934493328.0
2019-11-11,ZJV12205,ST12000NM0007,12000138625024,0,82.0,159956208.0,99.0,0.0,100.0,1.0,100.0,0.0,87.0,517340774.0,87.0,11879.0,100.0,0.0,100.0,1.0,,,,,100.0,0.0,100.0,0.0,,,72.0,28.0,,,100.0,170.0,100.0,1004.0,28.0,28.0,100.0,0.0,100.0,0.0,200.0,0.0,100.0,11650.0,100.0,53851659120.0,100.0,108173684616.0
2019-11-12,ZJV12205,ST12000NM0007,12000138625024,0,78.0,58789480.0,99.0,0.0,100.0,1.0,100.0,0.0,87.0,520520171.0,87.0,11911.0,100.0,0.0,100.0,1.0,,,,,100.0,0.0,100.0,0.0,,,78.0,22.0,,,100.0,170.0,100.0,1006.0,22.0,22.0,100.0,0.0,100.0,0.0,200.0,0.0,100.0,11682.0,100.0,53900318032.0,100.0,108512140496.0
2019-11-13,ZJV12205,ST12000NM0007,12000138625024,0,84.0,237693896.0,99.0,0.0,100.0,1.0,100.0,0.0,87.0,525479987.0,87.0,11942.0,100.0,0.0,100.0,1.0,,,,,100.0,0.0,100.0,0.0,,,77.0,23.0,,,100.0,170.0,100.0,1008.0,23.0,23.0,100.0,0.0,100.0,0.0,200.0,0.0,100.0,11713.0,100.0,53947474304.0,100.0,108888029440.0
2019-11-14,ZJV12205,ST12000NM0007,12000138625024,0,83.0,214918768.0,99.0,0.0,100.0,1.0,100.0,0.0,87.0,527304748.0,87.0,11958.0,100.0,0.0,100.0,1.0,,,,,100.0,0.0,100.0,0.0,,,79.0,21.0,,,100.0,170.0,100.0,1008.0,21.0,21.0,100.0,0.0,100.0,0.0,200.0,0.0,100.0,11729.0,100.0,53969545864.0,100.0,109087323584.0
2019-11-15,ZJV12205,ST12000NM0007,12000138625024,0,83.0,184298288.0,99.0,0.0,100.0,1.0,100.0,0.0,87.0,528605635.0,87.0,11974.0,100.0,0.0,100.0,1.0,,,,,100.0,0.0,100.0,0.0,,,78.0,22.0,,,100.0,171.0,100.0,1009.0,22.0,22.0,100.0,0.0,100.0,0.0,200.0,0.0,100.0,11745.0,100.0,53983935576.0,100.0,109286454216.0
2019-11-16,ZJV12205,ST12000NM0007,12000138625024,0,81.0,138695024.0,99.0,0.0,100.0,1.0,100.0,0.0,87.0,532736774.0,87.0,12005.0,100.0,0.0,100.0,1.0,,,,,100.0,0.0,100.0,0.0,,,78.0,22.0,,,100.0,171.0,100.0,1010.0,22.0,22.0,100.0,0.0,100.0,0.0,200.0,0.0,100.0,11776.0,100.0,54042873672.0,100.0,109670194552.0
2019-11-17,ZJV12205,ST12000NM0007,12000138625024,0,82.0,144650304.0,99.0,0.0,100.0,1.0,100.0,0.0,87.0,534750257.0,87.0,12021.0,100.0,0.0,100.0,1.0,,,,,100.0,0.0,100.0,0.0,,,79.0,21.0,,,100.0,171.0,100.0,1011.0,21.0,21.0,100.0,0.0,100.0,0.0,200.0,0.0,100.0,11792.0,100.0,54070218752.0,100.0,109892945464.0
2019-11-18,ZJV12205,ST12000NM0007,12000138625024,0,79.0,85897640.0,99.0,0.0,100.0,1.0,100.0,0.0,87.0,538881519.0,87.0,12053.0,100.0,0.0,100.0,1.0,,,,,100.0,0.0,100.0,0.0,,,78.0,22.0,,,100.0,171.0,100.0,1012.0,22.0,22.0,100.0,0.0,100.0,0.0,200.0,0.0,100.0,11824.0,100.0,54115775000.0,100.0,110276918176.0
2019-11-19,ZJV12205,ST12000NM0007,12000138625024,0,79.0,71566392.0,99.0,0.0,100.0,1.0,100.0,0.0,87.0,540191595.0,87.0,12069.0,100.0,0.0,100.0,1.0,,,,,100.0,0.0,100.0,0.0,,,78.0,22.0,,,100.0,171.0,100.0,1013.0,22.0,22.0,100.0,0.0,100.0,0.0,200.0,0.0,100.0,11839.0,100.0,54143764912.0,100.0,110478737712.0
2019-11-20,ZJV12205,ST12000NM0007,12000138625024,0,83.0,196839432.0,99.0,0.0,100.0,1.0,100.0,0.0,87.0,543849638.0,87.0,12100.0,100.0,0.0,100.0,1.0,,,,,100.0,0.0,100.0,0.0,,,78.0,22.0,,,100.0,171.0,100.0,1014.0,22.0,22.0,100.0,0.0,100.0,0.0,200.0,0.0,100.0,11871.0,100.0,54187145792.0,100.0,110804770616.0
2019-11-21,ZJV12205,ST12000NM0007,12000138625024,0,82.0,162439208.0,99.0,0.0,100.0,1.0,100.0,0.0,87.0,545799917.0,87.0,12116.0,100.0,0.0,100.0,1.0,,,,,100.0,0.0,100.0,0.0,,,79.0,21.0,,,100.0,171.0,100.0,1016.0,21.0,21.0,100.0,0.0,100.0,0.0,200.0,0.0,100.0,11886.0,100.0,54197686272.0,100.0,111003970752.0
2019-11-22,ZJV12205,ST12000NM0007,12000138625024,0,79.0,82345496.0,99.0,0.0,100.0,1.0,100.0,0.0,87.0,547898800.0,87.0,12148.0,100.0,0.0,100.0,1.0,,,,,100.0,0.0,100.0,0.0,,,78.0,22.0,,,100.0,172.0,100.0,1017.0,22.0,22.0,100.0,0.0,100.0,0.0,200.0,0.0,100.0,11918.0,100.0,54232122968.0,100.0,111377721800.0
2019-11-23,ZJV12205,ST12000NM0007,12000138625024,0,84.0,226564952.0,99.0,0.0,100.0,1.0,100.0,0.0,87.0,548771188.0,87.0,12163.0,100.0,0.0,100.0,1.0,,,,,100.0,0.0,100.0,0.0,,,79.0,21.0,,,100.0,172.0,100.0,1018.0,21.0,21.0,100.0,0.0,100.0,0.0,200.0,0.0,100.0,11933.0,100.0,54235590824.0,100.0,111518473400.0
2019-11-24,ZJV12205,ST12000NM0007,12000138625024,0,80.0,90025576.0,99.0,0.0,100.0,1.0,100.0,0.0,87.0,550380753.0,87.0,12195.0,100.0,0.0,100.0,1.0,,,,,100.0,0.0,100.0,0.0,,,79.0,21.0,,,100.0,172.0,100.0,1019.0,21.0,21.0,100.0,0.0,100.0,0.0,200.0,0.0,100.0,11965.0,100.0,54239093368.0,100.0,111866713368.0
2019-11-25,ZJV12205,ST12000NM0007,12000138625024,0,83.0,185947944.0,99.0,0.0,100.0,1.0,100.0,0.0,87.0,553721594.0,87.0,12226.0,100.0,0.0,100.0,1.0,,,,,100.0,0.0,100.0,0.0,,,79.0,21.0,,,100.0,174.0,100.0,1021.0,21.0,21.0,100.0,0.0,100.0,0.0,200.0,0.0,100.0,11996.0,100.0,54239958288.0,100.0,112205911472.0
2019-11-26,ZJV12205,ST12000NM0007,12000138625024,0,81.0,136419248.0,99.0,0.0,100.0,1.0,100.0,0.0,87.0,554527242.0,87.0,12242.0,100.0,0.0,100.0,1.0,,,,,100.0,0.0,100.0,0.0,,,73.0,27.0,,,100.0,174.0,100.0,1021.0,27.0,27.0,100.0,0.0,100.0,0.0,200.0,0.0,100.0,12012.0,100.0,54240127840.0,100.0,112400354024.0
2019-11-27,ZJV12205,ST12000NM0007,12000138625024,0,73.0,20655800.0,99.0,0.0,100.0,1.0,100.0,0.0,87.0,555194786.0,87.0,12258.0,100.0,0.0,100.0,1.0,,,,,100.0,0.0,100.0,0.0,,,73.0,27.0,,,100.0,175.0,100.0,1022.0,27.0,27.0,100.0,0.0,100.0,0.0,200.0,0.0,100.0,12028.0,100.0,54240287448.0,100.0,112528571704.0
2019-11-28,ZJV12205,ST12000NM0007,12000138625024,0,81.0,116341072.0,99.0,0.0,100.0,1.0,100.0,0.0,87.0,558369011.0,86.0,12290.0,100.0,0.0,100.0,1.0,,,,,100.0,0.0,100.0,0.0,,,71.0,29.0,,,100.0,175.0,100.0,1024.0,29.0,29.0,100.0,0.0,100.0,0.0,200.0,0.0,100.0,12059.0,100.0,54240578392.0,100.0,112868106992.0
2019-11-29,ZJV12205,ST12000NM0007,12000138625024,0,84.0,234286192.0,99.0,0.0,100.0,1.0,100.0,0.0,87.0,558997074.0,86.0,12305.0,100.0,0.0,100.0,1.0,,,,,100.0,0.0,100.0,0.0,,,72.0,28.0,,,100.0,176.0,100.0,1025.0,28.0,28.0,100.0,0.0,100.0,0.0,200.0,0.0,100.0,12075.0,100.0,54240748416.0,100.0,112985882088.0
2019-11-30,ZJV12205,ST12000NM0007,12000138625024,0,81.0,129156344.0,99.0,0.0,100.0,1.0,100.0,0.0,87.0,560883779.0,86.0,12337.0,100.0,0.0,100.0,1.0,,,,,100.0,0.0,100.0,0.0,,,72.0,28.0,,,100.0,177.0,100.0,1026.0,28.0,28.0,100.0,0.0,100.0,0.0,200.0,0.0,100.0,12106.0,100.0,54241689120.0,100.0,113368092896.0
2019-12-01,ZJV12205,ST12000NM0007,12000138625024,0,76.0,38500272.0,99.0,0.0,100.0,1.0,100.0,0.0,87.0,561708152.0,86.0,12353.0,100.0,0.0,100.0,1.0,,,,,100.0,0.0,100.0,0.0,,,72.0,28.0,,,100.0,178.0,100.0,1027.0,28.0,28.0,100.0,0.0,100.0,0.0,200.0,0.0,100.0,12122.0,100.0,54241850800.0,100.0,113521415872.0
2019-12-02,ZJV12205,ST12000NM0007,12000138625024,0,83.0,185224560.0,99.0,0.0,100.0,1.0,100.0,0.0,88.0,565096734.0,86.0,12385.0,100.0,0.0,100.0,1.0,,,,,100.0,0.0,100.0,0.0,,,72.0,28.0,,,100.0,178.0,100.0,1028.0,28.0,28.0,100.0,0.0,100.0,0.0,200.0,0.0,100.0,12153.0,100.0,54242193504.0,100.0,113911938488.0
2019-12-03,ZJV12205,ST12000NM0007,12000138625024,0,79.0,76326672.0,99.0,0.0,100.0,1.0,100.0,0.0,88.0,565802087.0,86.0,12401.0,100.0,0.0,100.0,1.0,,,,,100.0,0.0,100.0,0.0,,,72.0,28.0,,,100.0,178.0,100.0,1029.0,28.0,28.0,100.0,0.0,100.0,0.0,200.0,0.0,100.0,12169.0,100.0,54242488352.0,100.0,114046886408.0
2019-12-04,ZJV12205,ST12000NM0007,12000138625024,0,78.0,70708536.0,99.0,0.0,100.0,1.0,100.0,0.0,88.0,569713883.0,86.0,12448.0,100.0,0.0,100.0,1.0,,,,,100.0,0.0,100.0,0.0,,,80.0,20.0,,,100.0,179.0,100.0,1032.0,20.0,20.0,100.0,0.0,100.0,0.0,200.0,0.0,100.0,12216.0,100.0,54243000496.0,100.0,114529037480.0
2019-12-05,ZJV12205,ST12000NM0007,12000138625024,0,70.0,9480112.0,99.0,0.0,100.0,1.0,100.0,0.0,88.0,570564467.0,86.0,12463.0,100.0,0.0,100.0,1.0,,,,,100.0,0.0,100.0,0.0,,,80.0,20.0,,,100.0,179.0,100.0,1032.0,20.0,20.0,100.0,0.0,100.0,0.0,200.0,0.0,100.0,12231.0,100.0,54243169248.0,100.0,114711780992.0
2019-12-06,ZJV12205,ST12000NM0007,12000138625024,0,78.0,62073904.0,99.0,0.0,100.0,1.0,100.0,0.0,88.0,571987844.0,86.0,12495.0,100.0,0.0,100.0,1.0,,,,,100.0,0.0,100.0,0.0,,,80.0,20.0,,,100.0,181.0,100.0,1034.0,20.0,20.0,100.0,0.0,100.0,0.0,200.0,0.0,100.0,12263.0,100.0,54243508512.0,100.0,115008176296.0
2019-12-07,ZJV12205,ST12000NM0007,12000138625024,0,84.0,230691128.0,99.0,0.0,100.0,1.0,100.0,0.0,88.0,572757665.0,86.0,12511.0,100.0,0.0,100.0,1.0,,,,,100.0,0.0,100.0,0.0,,,79.0,21.0,,,100.0,181.0,100.0,1034.0,21.0,21.0,100.0,0.0,100.0,0.0,200.0,0.0,100.0,12278.0,100.0,54243677376.0,100.0,115176624656.0
2019-12-08,ZJV12205,ST12000NM0007,12000138625024,0,80.0,91860512.0,99.0,0.0,100.0,1.0,100.0,0.0,88.0,574359412.0,86.0,12542.0,100.0,0.0,100.0,1.0,,,,,100.0,0.0,100.0,0.0,,,78.0,22.0,,,100.0,182.0,100.0,1036.0,22.0,22.0,100.0,0.0,100.0,0.0,200.0,0.0,100.0,12309.0,100.0,54244090624.0,100.0,115525662264.0
2019-12-09,ZJV12205,ST12000NM0007,12000138625024,0,78.0,56842952.0,99.0,0.0,100.0,1.0,100.0,0.0,88.0,576898566.0,86.0,12558.0,100.0,0.0,100.0,1.0,,,,,100.0,0.0,100.0,0.0,,,80.0,20.0,,,100.0,182.0,100.0,1036.0,20.0,20.0,100.0,0.0,100.0,0.0,200.0,0.0,100.0,12325.0,100.0,54244260544.0,100.0,115734615504.0
2019-12-10,ZJV12205,ST12000NM0007,12000138625024,0,80.0,109245176.0,99.0,0.0,100.0,1.0,100.0,0.0,88.0,578366696.0,86.0,12589.0,100.0,0.0,100.0,1.0,,,,,100.0,0.0,100.0,0.0,,,80.0,20.0,,,100.0,183.0,100.0,1038.0,20.0,20.0,100.0,0.0,100.0,0.0,200.0,0.0,100.0,12356.0,100.0,54244870856.0,100.0,116030548088.0
2019-12-11,ZJV12205,ST12000NM0007,12000138625024,0,73.0,20630600.0,99.0,0.0,100.0,1.0,100.0,0.0,88.0,580147787.0,86.0,12605.0,100.0,0.0,100.0,1.0,,,,,100.0,0.0,100.0,0.0,,,79.0,21.0,,,100.0,183.0,100.0,1038.0,21.0,21.0,100.0,0.0,100.0,0.0,200.0,0.0,100.0,12372.0,100.0,54245138320.0,100.0,116185806680.0
2019-12-12,ZJV12205,ST12000NM0007,12000138625024,0,79.0,83276288.0,99.0,0.0,100.0,1.0,100.0,0.0,88.0,582131766.0,86.0,12636.0,100.0,0.0,100.0,1.0,,,,,100.0,0.0,100.0,0.0,,,80.0,20.0,,,100.0,183.0,100.0,1040.0,20.0,20.0,100.0,0.0,100.0,0.0,200.0,0.0,100.0,12403.0,100.0,54245463360.0,100.0,116492268056.0
2019-12-13,ZJV12205,ST12000NM0007,12000138625024,0,73.0,20131880.0,99.0,0.0,100.0,1.0,100.0,0.0,88.0,582951674.0,86.0,12652.0,100.0,0.0,100.0,1.0,,,,,100.0,0.0,100.0,0.0,,,79.0,21.0,,,100.0,183.0,100.0,1040.0,21.0,21.0,100.0,0.0,100.0,0.0,200.0,0.0,100.0,12418.0,100.0,54245631864.0,100.0,116673096064.0
2019-12-14,ZJV12205,ST12000NM0007,12000138625024,0,80.0,91182392.0,99.0,0.0,100.0,1.0,100.0,0.0,88.0,584571179.0,86.0,12683.0,100.0,0.0,100.0,1.0,,,,,100.0,0.0,100.0,0.0,,,80.0,20.0,,,100.0,185.0,100.0,1042.0,20.0,20.0,100.0,0.0,100.0,0.0,200.0,0.0,100.0,12449.0,100.0,54248391880.0,100.0,116985527256.0
2019-12-15,ZJV12205,ST12000NM0007,12000138625024,0,68.0,6811384.0,99.0,0.0,100.0,1.0,100.0,0.0,88.0,585485392.0,86.0,12699.0,100.0,0.0,100.0,1.0,,,,,100.0,0.0,100.0,0.0,,,80.0,20.0,,,100.0,185.0,100.0,1042.0,20.0,20.0,100.0,0.0,100.0,0.0,200.0,0.0,100.0,12465.0,100.0,54248563456.0,100.0,117145125312.0
2019-12-16,ZJV12205,ST12000NM0007,12000138625024,0,81.0,114073872.0,99.0,0.0,100.0,1.0,100.0,0.0,88.0,589096031.0,86.0,12731.0,100.0,0.0,100.0,1.0,,,,,100.0,0.0,100.0,0.0,,,79.0,21.0,,,100.0,185.0,100.0,1044.0,21.0,21.0,100.0,0.0,100.0,0.0,200.0,0.0,100.0,12497.0,100.0,54248906096.0,100.0,117496185904.0
2019-12-17,ZJV12205,ST12000NM0007,12000138625024,0,83.0,195224632.0,99.0,0.0,100.0,1.0,100.0,0.0,88.0,589542056.0,86.0,12746.0,100.0,0.0,100.0,1.0,,,,,100.0,0.0,100.0,0.0,,,74.0,26.0,,,100.0,185.0,100.0,1044.0,26.0,26.0,100.0,0.0,100.0,0.0,200.0,0.0,100.0,12512.0,100.0,54249063224.0,100.0,117577179536.0
2019-12-18,ZJV12205,ST12000NM0007,12000138625024,0,79.0,76686824.0,99.0,0.0,100.0,1.0,100.0,0.0,88.0,590142893.0,86.0,12762.0,100.0,0.0,100.0,1.0,,,,,100.0,0.0,100.0,0.0,,,73.0,27.0,,,100.0,186.0,100.0,1045.0,27.0,27.0,100.0,0.0,100.0,0.0,200.0,0.0,100.0,12528.0,100.0,54249232984.0,100.0,117702612808.0
2019-12-19,ZJV12205,ST12000NM0007,12000138625024,0,79.0,83184192.0,99.0,0.0,100.0,1.0,100.0,0.0,88.0,592986131.0,86.0,12793.0,100.0,0.0,100.0,1.0,,,,,100.0,0.0,100.0,0.0,,,73.0,27.0,,,100.0,186.0,100.0,1046.0,27.0,27.0,100.0,0.0,100.0,0.0,200.0,0.0,100.0,12559.0,100.0,54249500728.0,100.0,117952983120.0
2019-12-20,ZJV12205,ST12000NM0007,12000138625024,0,79.0,82177632.0,99.0,0.0,100.0,1.0,100.0,0.0,88.0,594154418.0,86.0,12825.0,100.0,0.0,100.0,1.0,,,,,100.0,0.0,100.0,0.0,,,73.0,27.0,,,100.0,187.0,100.0,1048.0,27.0,27.0,100.0,0.0,100.0,0.0,200.0,0.0,100.0,12590.0,100.0,54249838056.0,100.0,118195780146.0
2019-12-21,ZJV12205,ST12000NM0007,12000138625024,0,83.0,183823824.0,99.0,0.0,100.0,1.0,100.0,0.0,88.0,594674631.0,86.0,12840.0,100.0,0.0,100.0,1.0,,,,,100.0,0.0,100.0,0.0,,,72.0,28.0,,,100.0,187.0,100.0,1048.0,28.0,28.0,100.0,0.0,100.0,0.0,200.0,0.0,100.0,12606.0,100.0,54250006344.0,100.0,118297258050.0
2019-12-22,ZJV12205,ST12000NM0007,12000138625024,0,83.0,202048912.0,99.0,0.0,100.0,1.0,100.0,0.0,88.0,595870082.0,86.0,12872.0,100.0,0.0,100.0,1.0,,,,,100.0,0.0,100.0,0.0,,,73.0,27.0,,,100.0,189.0,100.0,1050.0,27.0,27.0,100.0,0.0,100.0,0.0,200.0,0.0,100.0,12637.0,100.0,54250334552.0,100.0,118559296034.0
2019-12-23,ZJV12205,ST12000NM0007,12000138625024,0,79.0,85233720.0,99.0,0.0,100.0,1.0,100.0,0.0,88.0,596459887.0,86.0,12887.0,100.0,0.0,100.0,1.0,,,,,100.0,0.0,100.0,0.0,,,73.0,27.0,,,100.0,189.0,100.0,1050.0,27.0,27.0,100.0,0.0,100.0,0.0,200.0,0.0,100.0,12653.0,100.0,54250502352.0,100.0,118686453994.0
2019-12-24,ZJV12205,ST12000NM0007,12000138625024,0,80.0,97413960.0,99.0,0.0,100.0,1.0,100.0,0.0,88.0,597695771.0,86.0,12919.0,100.0,0.0,100.0,1.0,,,,,100.0,0.0,100.0,0.0,,,79.0,21.0,,,100.0,191.0,100.0,1052.0,21.0,21.0,100.0,0.0,100.0,0.0,200.0,0.0,100.0,12684.0,100.0,54250838544.0,100.0,118942438786.0
2019-12-25,ZJV12205,ST12000NM0007,12000138625024,0,83.0,188455968.0,99.0,0.0,100.0,1.0,100.0,0.0,88.0,598155781.0,86.0,12935.0,100.0,0.0,100.0,1.0,,,,,100.0,0.0,100.0,0.0,,,79.0,21.0,,,100.0,191.0,100.0,1052.0,21.0,21.0,100.0,0.0,100.0,0.0,200.0,0.0,100.0,12700.0,100.0,54251007304.0,100.0,119033312034.0
2019-12-26,ZJV12205,ST12000NM0007,12000138625024,0,84.0,242636824.0,99.0,0.0,100.0,1.0,100.0,0.0,88.0,599471653.0,86.0,12966.0,100.0,0.0,100.0,1.0,,,,,100.0,0.0,100.0,0.0,,,79.0,21.0,,,100.0,192.0,100.0,1054.0,21.0,21.0,100.0,0.0,100.0,0.0,200.0,0.0,100.0,12731.0,100.0,54251343936.0,100.0,119331296890.0
2019-12-27,ZJV12205,ST12000NM0007,12000138625024,0,80.0,109187224.0,99.0,0.0,100.0,1.0,100.0,0.0,88.0,599998851.0,86.0,12982.0,100.0,0.0,100.0,1.0,,,,,100.0,0.0,100.0,0.0,,,79.0,21.0,,,100.0,192.0,100.0,1054.0,21.0,21.0,100.0,0.0,100.0,0.0,200.0,0.0,100.0,12746.0,100.0,54251512864.0,100.0,119441819010.0
2019-12-28,ZJV12205,ST12000NM0007,12000138625024,0,82.0,153102640.0,99.0,0.0,100.0,1.0,100.0,0.0,88.0,601293886.0,86.0,13013.0,100.0,0.0,100.0,1.0,,,,,100.0,0.0,100.0,0.0,,,79.0,21.0,,,100.0,194.0,100.0,1056.0,21.0,21.0,100.0,0.0,100.0,0.0,200.0,0.0,100.0,12777.0,100.0,54251852704.0,100.0,119729535234.0
2019-12-29,ZJV12205,ST12000NM0007,12000138625024,0,84.0,242297352.0,99.0,0.0,100.0,1.0,100.0,0.0,88.0,601757597.0,86.0,13029.0,100.0,0.0,100.0,1.0,,,,,100.0,0.0,100.0,0.0,,,80.0,20.0,,,100.0,194.0,100.0,1056.0,20.0,20.0,100.0,0.0,100.0,0.0,200.0,0.0,100.0,12793.0,100.0,54252022240.0,100.0,119818560410.0
2019-12-30,ZJV12205,ST12000NM0007,12000138625024,0,71.0,14074656.0,99.0,0.0,100.0,1.0,100.0,0.0,88.0,602985067.0,86.0,13060.0,100.0,0.0,100.0,1.0,,,,,100.0,0.0,100.0,0.0,,,79.0,21.0,,,100.0,194.0,100.0,1058.0,21.0,21.0,100.0,0.0,100.0,0.0,200.0,0.0,100.0,12824.0,100.0,54252359376.0,100.0,120078282122.0
2019-12-31,ZJV12205,ST12000NM0007,12000138625024,0,79.0,89003680.0,99.0,0.0,100.0,1.0,100.0,0.0,88.0,603422732.0,86.0,13076.0,100.0,0.0,100.0,1.0,,,,,100.0,0.0,100.0,0.0,,,80.0,20.0,,,100.0,194.0,100.0,1058.0,20.0,20.0,100.0,0.0,100.0,0.0,200.0,0.0,100.0,12840.0,100.0,54252527664.0,100.0,120153042858.0
