2019-03-02,ZJV2E5KL,ST12000NM0007,12000138625024,0,81.0,138353152.0,99.0,0.0,100.0,1.0,100.0,0.0,62.0,1592050.0,100.0,80.0,100.0,0.0,100.0,1.0,,,,,100.0,0.0,100.0,0.0,,,72.0,28.0,,,100.0,0.0,100.0,142.0,28.0,28.0,100.0,0.0,100.0,0.0,200.0,0.0,100.0,29.0,100.0,605259704.0,100.0,265547058.0
2019-03-03,ZJV2E5KL,ST12000NM0007,12000138625024,0,84.0,234439344.0,99.0,0.0,100.0,1.0,100.0,0.0,63.0,1957536.0,100.0,104.0,100.0,0.0,100.0,1.0,,,,,100.0,0.0,100.0,0.0,,,73.0,27.0,,,100.0,0.0,100.0,143.0,27.0,27.0,100.0,0.0,100.0,0.0,200.0,0.0,100.0,53.0,100.0,701107120.0,100.0,265785834.0
2019-03-04,ZJV2E5KL,ST12000NM0007,12000138625024,0,84,234687936,99.0,0.0,100.0,1.0,100.0,0.0,63.0,1981581.0,100,128,100.0,0.0,100,1,,,,,100.0,0.0,100.0,0.0,,,73.0,27.0,,,100,1,100.0,144.0,27,27,100.0,0.0,100.0,0.0,200.0,0.0,100.0,77.0,100.0,701117032.0,100.0,266024514.0
2019-03-05,ZJV2E5KL,ST12000NM0007,12000138625024,0,84.0,234934904.0,99.0,0.0,100.0,1.0,100.0,0.0,63.0,2005174.0,100.0,152.0,100.0,0.0,100.0,1.0,,,,,100.0,0.0,100.0,0.0,,,75.0,25.0,,,100.0,2.0,100.0,145.0,25.0,25.0,100.0,0.0,100.0,0.0,200.0,0.0,100.0,100.0,100.0,701127816.0,100.0,266260698.0
2019-03-06,ZJV2E5KL,ST12000NM0007,12000138625024,0,84.0,235181280.0,99.0,0.0,100.0,1.0,100.0,0.0,63.0,2028960.0,100.0,176.0,100.0,0.0,100.0,1.0,,,,,100.0,0.0,100.0,0.0,,,76.0,24.0,,,100.0,3.0,100.0,146.0,24.0,24.0,100.0,0.0,100.0,0.0,200.0,0.0,100.0,124.0,100.0,701137872.0,100.0,266497018.0
2019-03-07,ZJV2E5KL,ST12000NM0007,12000138625024,0,84.0,235374128.0,99.0,0.0,100.0,1.0,100.0,0.0,63.0,2045493.0,100.0,196.0,100.0,0.0,100.0,1.0,,,,,100.0,0.0,100.0,0.0,,,77.0,23.0,,,100.0,3.0,100.0,186.0,23.0,23.0,100.0,0.0,100.0,0.0,200.0,0.0,100.0,139.0,100.0,701151640.0,100.0,266676098.0
2019-03-08,ZJV2E5KL,ST12000NM0007,12000138625024,0,84.0,235391440.0,99.0,0.0,100.0,1.0,100.0,0.0,63.0,2050249.0,100.0,211.0,100.0,0.0,100.0,1.0,,,,,100.0,0.0,100.0,0.0,,,76.0,24.0,,,100.0,3.0,100.0,282.0,24.0,24.0,100.0,0.0,100.0,0.0,200.0,0.0,100.0,139.0,100.0,701157728.0,100.0,266687322.0
2019-03-09,ZJV2E5KL,ST12000NM0007,12000138625024,0,84.0,235428912.0,99.0,0.0,100.0,1.0,100.0,0.0,63.0,2060063.0,100.0,243.0,100.0,0.0,100.0,1.0,,,,,100.0,0.0,100.0,0.0,,,77.0,23.0,,,100.0,3.0,100.0,470.0,23.0,23.0,100.0,0.0,100.0,0.0,200.0,0.0,100.0,140.0,100.0,701172144.0,100.0,266710378.0
2019-03-10,ZJV2E5KL,ST12000NM0007,12000138625024,0,84.0,235446320.0,99.0,0.0,100.0,1.0,100.0,0.0,63.0,2064866.0,100.0,258.0,100.0,0.0,100.0,1.0,,,,,100.0,0.0,100.0,0.0,,,76.0,24.0,,,100.0,3.0,100.0,569.0,24.0,24.0,100.0,0.0,100.0,0.0,200.0,0.0,100.0,140.0,100.0,701178328.0,100.0,266721602.0
2019-03-11,ZJV2E5KL,ST12000NM0007,12000138625024,0,84.0,235481336.0,99.0,0.0,100.0,1.0,100.0,0.0,63.0,2074475.0,100.0,290.0,100.0,0.0,100.0,1.0,,,,,100.0,0.0,100.0,0.0,,,78.0,22.0,,,100.0,3.0,100.0,767.0,22.0,22.0,100.0,0.0,100.0,0.0,200.0,0.0,100.0,140.0,100.0,701190896.0,100.0,266744050.0
2019-03-12,ZJV2E5KL,ST12000NM0007,12000138625024,0,84.0,235498752.0,99.0,0.0,100.0,1.0,100.0,0.0,63.0,2079455.0,100.0,305.0,100.0,0.0,100.0,1.0,,,,,100.0,0.0,100.0,0.0,,,77.0,23.0,,,100.0,3.0,100.0,866.0,23.0,23.0,100.0,0.0,100.0,0.0,200.0,0.0,100.0,141.0,100.0,701197088.0,100.0,266755274.0
2019-03-13,ZJV2E5KL,ST12000NM0007,12000138625024,0,84.0,235535864.0,99.0,0.0,100.0,1.0,100.0,0.0,63.0,2089173.0,100.0,336.0,100.0,0.0,100.0,1.0,,,,,100.0,0.0,100.0,0.0,,,75.0,25.0,,,100.0,3.0,100.0,1053.0,25.0,25.0,100.0,0.0,100.0,0.0,200.0,0.0,100.0,141.0,100.0,701210552.0,100.0,266778922.0
2019-03-14,ZJV2E5KL,ST12000NM0007,12000138625024,0,79.0,75338824.0,99.0,0.0,100.0,1.0,100.0,0.0,64.0,2692292.0,100.0,368.0,100.0,0.0,100.0,1.0,,,,,100.0,0.0,100.0,0.0,,,75.0,25.0,,,100.0,3.0,100.0,1210.0,25.0,25.0,100.0,0.0,100.0,0.0,200.0,0.0,100.0,147.0,100.0,770353296.0,100.0,281579978.0
2019-03-15,ZJV2E5KL,ST12000NM0007,12000138625024,0,81.0,134322793.0,99.0,0.0,100.0,1.0,100.0,0.0,66.0,4291370.0,100.0,384.0,100.0,0.0,100.0,1.0,,,,,100.0,0.0,100.0,0.0,,,72.0,28.0,,,100.0,3.0,100.0,1211.0,28.0,28.0,100.0,0.0,100.0,0.0,200.0,0.0,100.0,163.0,100.0,942814584.0,100.0,412243339.0
2019-03-16,ZJV2E5KL,ST12000NM0007,12000138625024,0,81.0,126477512.0,99.0,0.0,100.0,1.0,100.0,0.0,69.0,7086679.0,100.0,416.0,100.0,0.0,100.0,1.0,,,,,100.0,0.0,100.0,0.0,,,75.0,25.0,,,100.0,3.0,100.0,1214.0,25.0,25.0,100.0,0.0,100.0,0.0,200.0,0.0,100.0,194.0,100.0,1216328824.0,100.0,619166467.0
2019-03-17,ZJV2E5KL,ST12000NM0007,12000138625024,0,83.0,223725840.0,99.0,0.0,100.0,1.0,100.0,0.0,69.0,7534983.0,100.0,432.0,100.0,0.0,100.0,1.0,,,,,100.0,0.0,100.0,0.0,,,75.0,25.0,,,100.0,3.0,100.0,1214.0,25.0,25.0,100.0,0.0,100.0,0.0,200.0,0.0,100.0,210.0,100.0,1228309424.0,100.0,704434195.0
2019-03-18,ZJV2E5KL,ST12000NM0007,12000138625024,0,82.0,174495008.0,99.0,0.0,100.0,1.0,100.0,0.0,69.0,8470859.0,100.0,463.0,100.0,0.0,100.0,1.0,,,,,100.0,0.0,100.0,0.0,,,75.0,25.0,,,100.0,4.0,100.0,1216.0,25.0,25.0,100.0,0.0,100.0,0.0,200.0,0.0,100.0,242.0,100.0,1246752096.0,100.0,880908923.0
2019-03-19,ZJV2E5KL,ST12000NM0007,12000138625024,0,74.0,25659616.0,99.0,0.0,100.0,1.0,100.0,0.0,70.0,8917928.0,100.0,479.0,100.0,0.0,100.0,1.0,,,,,100.0,0.0,100.0,0.0,,,74.0,26.0,,,100.0,4.0,100.0,1216.0,26.0,26.0,100.0,0.0,100.0,0.0,200.0,0.0,100.0,258.0,100.0,1255190984.0,100.0,967775547.0
2019-03-20,ZJV2E5KL,ST12000NM0007,12000138625024,0,81.0,136419936.0,99.0,0.0,100.0,1.0,100.0,0.0,70.0,9366450.0,100.0,495.0,100.0,0.0,100.0,1.0,,,,,100.0,0.0,100.0,0.0,,,73.0,27.0,,,100.0,5.0,100.0,1217.0,27.0,27.0,100.0,0.0,100.0,0.0,200.0,0.0,100.0,273.0,100.0,1262510480.0,100.0,1071216371.0
2019-03-21,ZJV2E5KL,ST12000NM0007,12000138625024,0,81.0,136748741.0,99.0,0.0,100.0,1.0,100.0,0.0,71.0,12329392.0,100.0,531.0,100.0,0.0,100.0,1.0,,,,,100.0,0.0,100.0,0.0,,,72.0,28.0,,,100.0,5.0,100.0,1226.0,28.0,28.0,100.0,0.0,100.0,0.0,200.0,0.0,100.0,308.0,100.0,1534538008.0,100.0,1287798998.0
2019-03-22,ZJV2E5KL,ST12000NM0007,12000138625024,0,84.0,242575336.0,99.0,0.0,100.0,1.0,100.0,0.0,72.0,14405030.0,100.0,550.0,100.0,0.0,100.0,1.0,,,,,100.0,0.0,100.0,0.0,,,71.0,29.0,,,100.0,5.0,100.0,1226.0,29.0,29.0,100.0,0.0,100.0,0.0,200.0,0.0,100.0,327.0,100.0,1743387912.0,100.0,1428916350.0
2019-03-23,ZJV2E5KL,ST12000NM0007,12000138625024,0,82.0,174542416.0,99.0,0.0,100.0,1.0,100.0,0.0,72.0,16780746.0,100.0,573.0,100.0,0.0,100.0,1.0,,,,,100.0,0.0,100.0,0.0,,,74.0,26.0,,,100.0,6.0,100.0,1231.0,26.0,26.0,100.0,0.0,100.0,0.0,200.0,0.0,100.0,347.0,100.0,1982803632.0,100.0,1609750174.0
2019-03-24,ZJV2E5KL,ST12000NM0007,12000138625024,0,79.0,87703280.0,99.0,0.0,100.0,1.0,100.0,0.0,73.0,21556028.0,100.0,606.0,100.0,0.0,100.0,1.0,,,,,100.0,0.0,100.0,0.0,,,71.0,29.0,,,100.0,6.0,100.0,1237.0,29.0,29.0,100.0,0.0,100.0,0.0,200.0,0.0,100.0,378.0,100.0,2465908016.0,100.0,2016370146.0
2019-03-25,ZJV2E5KL,ST12000NM0007,12000138625024,0,80.0,107691432.0,99.0,0.0,100.0,1.0,100.0,0.0,74.0,24275230.0,100.0,621.0,100.0,0.0,100.0,1.0,,,,,100.0,0.0,100.0,0.0,,,72.0,28.0,,,100.0,6.0,100.0,1237.0,28.0,28.0,100.0,0.0,100.0,0.0,200.0,0.0,100.0,394.0,100.0,2763996264.0,100.0,2226552418.0
2019-03-26,ZJV2E5KL,ST12000NM0007,12000138625024,0,82.0,148720968.0,99.0,0.0,100.0,1.0,100.0,0.0,75.0,29556137.0,100.0,653.0,100.0,0.0,100.0,1.0,,,,,100.0,0.0,100.0,0.0,,,74.0,26.0,,,100.0,6.0,100.0,1239.0,26.0,26.0,100.0,0.0,100.0,0.0,200.0,0.0,100.0,425.0,100.0,3347010768.0,100.0,2661131234.0
2019-03-27,ZJV2E5KL,ST12000NM0007,12000138625024,0,81.0,139275526.0,96.0,0.0,100.0,3.0,100.0,0.0,75.0,32082516.0,100.0,669.0,100.0,0.0,100.0,3.0,,,,,100.0,0.0,100.0,0.0,,,75.0,25.0,,,100.0,6.0,100.0,1245.0,25.0,25.0,100.0,0.0,100.0,0.0,200.0,0.0,100.0,441.0,100.0,3584832792.0,100.0,2902145192.0
2019-03-28,ZJV2E5KL,ST12000NM0007,12000138625024,0,81.0,125730136.0,96.0,0.0,100.0,3.0,100.0,0.0,75.0,34690412.0,100.0,685.0,100.0,0.0,100.0,3.0,,,,,100.0,0.0,100.0,0.0,,,75.0,25.0,,,100.0,6.0,100.0,1245.0,25.0,25.0,100.0,0.0,100.0,0.0,200.0,0.0,100.0,457.0,100.0,3853492640.0,100.0,3108221432.0
2019-03-29,ZJV2E5KL,ST12000NM0007,12000138625024,0,80.0,92192432.0,96.0,0.0,100.0,3.0,100.0,0.0,76.0,39783197.0,100.0,717.0,100.0,0.0,100.0,3.0,,,,,100.0,0.0,100.0,0.0,,,75.0,25.0,,,100.0,6.0,100.0,1246.0,25.0,25.0,100.0,0.0,100.0,0.0,200.0,0.0,100.0,489.0,100.0,4388718104.0,100.0,3516023264.0
2019-03-30,ZJV2E5KL,ST12000NM0007,12000138625024,0,79.0,84071056.0,96.0,0.0,100.0,3.0,100.0,0.0,77.0,45037324.0,100.0,749.0,100.0,0.0,100.0,3.0,,,,,100.0,0.0,100.0,0.0,,,74.0,26.0,,,100.0,6.0,100.0,1249.0,26.0,26.0,100.0,0.0,100.0,0.0,200.0,0.0,100.0,520.0,100.0,4949237744.0,100.0,3923945488.0
2019-03-31,ZJV2E5KL,ST12000NM0007,12000138625024,0,80.0,98212976.0,96.0,0.0,100.0,3.0,100.0,0.0,77.0,47734472.0,100.0,764.0,100.0,0.0,100.0,3.0,,,,,100.0,0.0,100.0,0.0,,,74.0,26.0,,,100.0,6.0,100.0,1249.0,26.0,26.0,100.0,0.0,100.0,0.0,200.0,0.0,100.0,536.0,100.0,5230698408.0,100.0,4144908768.0
2019-04-01,ZJV2E5KL,ST12000NM0007,12000138625024,0,81.0,136296776.0,96.0,0.0,100.0,3.0,100.0,0.0,77.0,53202654.0,100.0,796.0,100.0,0.0,100.0,3.0,,,,,100.0,0.0,100.0,0.0,,,74.0,26.0,,,100.0,7.0,100.0,1251.0,26.0,26.0,100.0,0.0,100.0,0.0,200.0,0.0,100.0,567.0,100.0,5797716944.0,100.0,4592537144.0
2019-04-02,ZJV2E5KL,ST12000NM0007,12000138625024,0,82.0,147219616.0,96.0,0.0,100.0,3.0,100.0,0.0,77.0,55820156.0,100.0,812.0,100.0,0.0,100.0,3.0,,,,,100.0,0.0,100.0,0.0,,,75.0,25.0,,,100.0,7.0,100.0,1251.0,25.0,25.0,100.0,0.0,100.0,0.0,200.0,0.0,100.0,583.0,100.0,6078345032.0,100.0,4811113792.0
2019-04-03,ZJV2E5KL,ST12000NM0007,12000138625024,0,82.0,159830488.0,96.0,0.0,100.0,3.0,100.0,0.0,78.0,61117663.0,100.0,844.0,100.0,0.0,100.0,3.0,,,,,100.0,0.0,100.0,0.0,,,75.0,25.0,,,100.0,7.0,100.0,1252.0,25.0,25.0,100.0,0.0,100.0,0.0,200.0,0.0,100.0,615.0,100.0,6631893592.0,100.0,5246739392.0
2019-04-04,ZJV2E5KL,ST12000NM0007,12000138625024,0,82.0,177725320.0,96.0,0.0,100.0,3.0,100.0,0.0,78.0,63831290.0,100.0,860.0,100.0,0.0,100.0,3.0,,,,,100.0,0.0,100.0,0.0,,,75.0,25.0,,,100.0,7.0,100.0,1253.0,25.0,25.0,100.0,0.0,100.0,0.0,200.0,0.0,100.0,631.0,100.0,6917451416.0,100.0,5467358576.0
2019-04-05,ZJV2E5KL,ST12000NM0007,12000138625024,0,83.0,195138320.0,96.0,0.0,100.0,3.0,100.0,0.0,78.0,69265235.0,99.0,891.0,100.0,0.0,100.0,3.0,,,,,100.0,0.0,100.0,0.0,,,75.0,25.0,,,100.0,7.0,100.0,1254.0,25.0,25.0,100.0,0.0,100.0,0.0,200.0,0.0,100.0,662.0,100.0,7465085192.0,100.0,5913701720.0
2019-04-06,ZJV2E5KL,ST12000NM0007,12000138625024,0,84.0,238574272.0,96.0,0.0,100.0,3.0,100.0,0.0,79.0,72020627.0,99.0,907.0,100.0,0.0,100.0,3.0,,,,,100.0,0.0,100.0,0.0,,,75.0,25.0,,,100.0,7.0,100.0,1255.0,25.0,25.0,100.0,0.0,100.0,0.0,200.0,0.0,100.0,678.0,100.0,7766321984.0,100.0,6144183392.0
2019-04-07,ZJV2E5KL,ST12000NM0007,12000138625024,0,72.0,14307848.0,96.0,0.0,100.0,3.0,100.0,0.0,79.0,77413342.0,99.0,939.0,100.0,0.0,100.0,3.0,,,,,100.0,0.0,100.0,0.0,,,75.0,25.0,,,100.0,7.0,100.0,1256.0,25.0,25.0,100.0,0.0,100.0,0.0,200.0,0.0,100.0,710.0,100.0,8296774168.0,100.0,6610169496.0
2019-04-08,ZJV2E5KL,ST12000NM0007,12000138625024,0,75.0,32520576.0,96.0,0.0,100.0,3.0,100.0,0.0,79.0,80237149.0,99.0,955.0,100.0,0.0,100.0,3.0,,,,,100.0,0.0,100.0,0.0,,,74.0,26.0,,,100.0,8.0,100.0,1257.0,26.0,26.0,100.0,0.0,100.0,0.0,200.0,0.0,100.0,725.0,100.0,8566883976.0,100.0,6846554816.0
2019-04-09,ZJV2E5KL,ST12000NM0007,12000138625024,0,75.0,34638016.0,96.0,0.0,100.0,3.0,100.0,0.0,79.0,85790118.0,99.0,986.0,100.0,0.0,100.0,3.0,,,,,100.0,0.0,100.0,0.0,,,74.0,26.0,,,100.0,8.0,100.0,1259.0,26.0,26.0,100.0,0.0,100.0,0.0,200.0,0.0,100.0,757.0,100.0,9087287496.0,100.0,7304832560.0
2019-04-10,ZJV2E5KL,ST12000NM0007,12000138625024,0,78.0,67646376.0,96.0,0.0,100.0,3.0,100.0,0.0,79.0,88504007.0,99.0,1002.0,100.0,0.0,100.0,3.0,,,,,100.0,0.0,100.0,0.0,,,74.0,26.0,,,100.0,8.0,100.0,1259.0,26.0,26.0,100.0,0.0,100.0,0.0,200.0,0.0,100.0,773.0,100.0,9369253984.0,100.0,7544156576.0
2019-04-11,ZJV2E5KL,ST12000NM0007,12000138625024,0,76.0,40967840.0,96.0,0.0,100.0,3.0,100.0,0.0,80.0,93817549.0,99.0,1034.0,100.0,0.0,100.0,3.0,,,,,100.0,0.0,100.0,0.0,,,75.0,25.0,,,100.0,9.0,100.0,1261.0,25.0,25.0,100.0,0.0,100.0,0.0,200.0,0.0,100.0,804.0,100.0,9856291016.0,100.0,8007004256.0
2019-04-12,ZJV2E5KL,ST12000NM0007,12000138625024,0,69.0,7245568.0,96.0,0.0,100.0,3.0,100.0,0.0,80.0,96390606.0,99.0,1050.0,100.0,0.0,100.0,3.0,,,,,100.0,0.0,100.0,0.0,,,72.0,28.0,,,100.0,9.0,100.0,1261.0,28.0,28.0,100.0,0.0,100.0,0.0,200.0,0.0,100.0,820.0,100.0,10084863576.0,100.0,8232990752.0
2019-04-13,ZJV2E5KL,ST12000NM0007,12000138625024,0,82.0,170930464.0,96.0,0.0,100.0,3.0,100.0,0.0,80.0,101517334.0,99.0,1082.0,100.0,0.0,100.0,3.0,,,,,100.0,0.0,100.0,0.0,,,74.0,26.0,,,100.0,10.0,100.0,1263.0,26.0,26.0,100.0,0.0,100.0,0.0,200.0,0.0,100.0,852.0,100.0,10549626552.0,100.0,8664335136.0
2019-04-14,ZJV2E5KL,ST12000NM0007,12000138625024,0,82.0,164164432.0,96.0,0.0,100.0,3.0,100.0,0.0,80.0,104163040.0,99.0,1097.0,100.0,0.0,100.0,3.0,,,,,100.0,0.0,100.0,0.0,,,72.0,28.0,,,100.0,10.0,100.0,1263.0,28.0,28.0,100.0,0.0,100.0,0.0,200.0,0.0,100.0,868.0,100.0,10797453368.0,100.0,8898023896.0
2019-04-15,ZJV2E5KL,ST12000NM0007,12000138625024,0,82.0,142735744.0,96.0,0.0,100.0,3.0,100.0,0.0,80.0,109304869.0,99.0,1129.0,100.0,0.0,100.0,3.0,,,,,100.0,0.0,100.0,0.0,,,72.0,28.0,,,100.0,10.0,100.0,1265.0,28.0,28.0,100.0,0.0,100.0,0.0,200.0,0.0,100.0,899.0,100.0,11296348896.0,100.0,9354262848.0
2019-04-16,ZJV2E5KL,ST12000NM0007,12000138625024,0,82.0,167370064.0,96.0,0.0,100.0,3.0,100.0,0.0,80.0,112004877.0,99.0,1145.0,100.0,0.0,100.0,3.0,,,,,100.0,0.0,100.0,0.0,,,71.0,29.0,,,100.0,10.0,100.0,1265.0,29.0,29.0,100.0,0.0,100.0,0.0,200.0,0.0,100.0,915.0,100.0,11560901200.0,100.0,9602626248.0
2019-04-17,ZJV2E5KL,ST12000NM0007,12000138625024,0,81.0,130117256.0,96.0,0.0,100.0,3.0,100.0,0.0,81.0,117275377.0,99.0,1177.0,100.0,0.0,100.0,3.0,,,,,100.0,0.0,100.0,0.0,,,75.0,25.0,,,100.0,10.0,100.0,1267.0,25.0,25.0,100.0,0.0,100.0,0.0,200.0,0.0,100.0,947.0,100.0,12033219712.0,100.0,10069617816.0
2019-04-18,ZJV2E5KL,ST12000NM0007,12000138625024,0,78.0,69529360.0,96.0,0.0,100.0,3.0,100.0,0.0,81.0,119802497.0,99.0,1192.0,100.0,0.0,100.0,3.0,,,,,100.0,0.0,100.0,0.0,,,75.0,25.0,,,100.0,10.0,100.0,1267.0,25.0,25.0,100.0,0.0,100.0,0.0,200.0,0.0,100.0,962.0,100.0,12262483496.0,100.0,10268047712.0
2019-04-19,ZJV2E5KL,ST12000NM0007,12000138625024,0,83.0,222940584.0,96.0,0.0,100.0,3.0,100.0,0.0,81.0,124853511.0,99.0,1224.0,100.0,0.0,100.0,3.0,,,,,100.0,0.0,100.0,0.0,,,75.0,25.0,,,100.0,11.0,100.0,1270.0,25.0,25.0,100.0,0.0,100.0,0.0,200.0,0.0,100.0,994.0,100.0,12725042040.0,100.0,10691323424.0
2019-04-20,ZJV2E5KL,ST12000NM0007,12000138625024,0,83.0,211480304.0,96.0,0.0,100.0,3.0,100.0,0.0,81.0,127507214.0,99.0,1240.0,100.0,0.0,100.0,3.0,,,,,100.0,0.0,100.0,0.0,,,75.0,25.0,,,100.0,11.0,100.0,1270.0,25.0,25.0,100.0,0.0,100.0,0.0,200.0,0.0,100.0,1010.0,100.0,12975379528.0,100.0,10917807112.0
2019-04-21,ZJV2E5KL,ST12000NM0007,12000138625024,0,81.0,115402872.0,96.0,0.0,100.0,3.0,100.0,0.0,81.0,132462898.0,99.0,1272.0,100.0,0.0,100.0,3.0,,,,,100.0,0.0,100.0,0.0,,,75.0,25.0,,,100.0,11.0,100.0,1272.0,25.0,25.0,100.0,0.0,100.0,0.0,200.0,0.0,100.0,1041.0,100.0,13430503600.0,100.0,11343168520.0
2019-04-22,ZJV2E5KL,ST12000NM0007,12000138625024,0,80.0,98710616.0,96.0,0.0,100.0,3.0,100.0,0.0,81.0,135208399.0,99.0,1288.0,100.0,0.0,100.0,3.0,,,,,100.0,0.0,100.0,0.0,,,75.0,25.0,,,100.0,11.0,100.0,1272.0,25.0,25.0,100.0,0.0,100.0,0.0,200.0,0.0,100.0,1057.0,100.0,13672245896.0,100.0,11573015472.0
2019-04-23,ZJV2E5KL,ST12000NM0007,12000138625024,0,79.0,77897408.0,96.0,0.0,100.0,3.0,100.0,0.0,81.0,140332255.0,99.0,1320.0,100.0,0.0,100.0,3.0,,,,,100.0,0.0,100.0,0.0,,,76.0,24.0,,,100.0,12.0,100.0,1274.0,24.0,24.0,100.0,0.0,100.0,0.0,200.0,0.0,100.0,1088.0,100.0,14162522848.0,100.0,12038488328.0
2019-04-24,ZJV2E5KL,ST12000NM0007,12000138625024,0,74.0,24407888.0,96.0,0.0,100.0,3.0,100.0,0.0,82.0,145547524.0,99.0,1351.0,100.0,0.0,100.0,3.0,,,,,100.0,0.0,100.0,0.0,,,76.0,24.0,,,100.0,12.0,100.0,1276.0,24.0,24.0,100.0,0.0,100.0,0.0,200.0,0.0,100.0,1120.0,100.0,14637937488.0,100.0,12486147064.0
2019-04-25,ZJV2E5KL,ST12000NM0007,12000138625024,0,66.0,3994872.0,96.0,0.0,100.0,3.0,100.0,0.0,82.0,148169521.0,99.0,1367.0,100.0,0.0,100.0,3.0,,,,,100.0,0.0,100.0,0.0,,,76.0,24.0,,,100.0,12.0,100.0,1276.0,24.0,24.0,100.0,0.0,100.0,0.0,200.0,0.0,100.0,1136.0,100.0,14884392424.0,100.0,12707560560.0
2019-04-26,ZJV2E5KL,ST12000NM0007,12000138625024,0,80.0,100412288.0,96.0,0.0,100.0,3.0,100.0,0.0,82.0,153869692.0,99.0,1399.0,100.0,0.0,100.0,3.0,,,,,100.0,0.0,100.0,0.0,,,76.0,24.0,,,100.0,12.0,100.0,1278.0,24.0,24.0,100.0,0.0,100.0,0.0,200.0,0.0,100.0,1167.0,100.0,15403964872.0,100.0,13260968408.0
2019-04-27,ZJV2E5KL,ST12000NM0007,12000138625024,0,81.0,140256048.0,96.0,0.0,100.0,3.0,100.0,0.0,82.0,156560066.0,99.0,1415.0,100.0,0.0,100.0,3.0,,,,,100.0,0.0,100.0,0.0,,,77.0,23.0,,,100.0,12.0,100.0,1278.0,23.0,23.0,100.0,0.0,100.0,0.0,200.0,0.0,100.0,1183.0,100.0,15624642408.0,100.0,13568415896.0
2019-04-28,ZJV2E5KL,ST12000NM0007,12000138625024,0,83.0,216647760.0,96.0,0.0,100.0,3.0,100.0,0.0,82.0,161874104.0,99.0,1446.0,100.0,0.0,100.0,3.0,,,,,100.0,0.0,100.0,0.0,,,75.0,25.0,,,100.0,12.0,100.0,1280.0,25.0,25.0,100.0,0.0,100.0,0.0,200.0,0.0,100.0,1215.0,100.0,16072225416.0,100.0,14173788488.0
2019-04-29,ZJV2E5KL,ST12000NM0007,12000138625024,0,77.0,52045080.0,96.0,0.0,100.0,3.0,100.0,0.0,82.0,164763586.0,99.0,1462.0,100.0,0.0,100.0,3.0,,,,,100.0,0.0,100.0,0.0,,,76.0,24.0,,,100.0,12.0,100.0,1280.0,24.0,24.0,100.0,0.0,100.0,0.0,200.0,0.0,100.0,1231.0,100.0,16316360360.0,100.0,14497473464.0
2019-04-30,ZJV2E5KL,ST12000NM0007,12000138625024,0,82.0,165979992.0,96.0,0.0,100.0,3.0,100.0,0.0,82.0,170387347.0,99.0,1494.0,100.0,0.0,100.0,3.0,,,,,100.0,0.0,100.0,0.0,,,75.0,25.0,,,100.0,12.0,100.0,1282.0,25.0,25.0,100.0,0.0,100.0,0.0,200.0,0.0,100.0,1262.0,100.0,16826039920.0,100.0,15078292432.0
2019-05-01,ZJV2E5KL,ST12000NM0007,12000138625024,0,83.0,194074648.0,96.0,0.0,100.0,3.0,100.0,0.0,82.0,173197699.0,99.0,1510.0,100.0,0.0,100.0,3.0,,,,,100.0,0.0,100.0,0.0,,,74.0,26.0,,,100.0,12.0,100.0,1282.0,26.0,26.0,100.0,0.0,100.0,0.0,200.0,0.0,100.0,1278.0,100.0,17081124304.0,100.0,15339584624.0
2019-05-02,ZJV2E5KL,ST12000NM0007,12000138625024,0,83.0,184734440.0,96.0,0.0,100.0,3.0,100.0,0.0,83.0,178683472.0,99.0,1542.0,100.0,0.0,100.0,3.0,,,,,100.0,0.0,100.0,0.0,,,76.0,24.0,,,100.0,12.0,100.0,1284.0,24.0,24.0,100.0,0.0,100.0,0.0,200.0,0.0,100.0,1309.0,100.0,17589458000.0,100.0,15798474032.0
2019-05-03,ZJV2E5KL,ST12000NM0007,12000138625024,0,81.0,135545016.0,96.0,0.0,100.0,3.0,100.0,0.0,83.0,181252009.0,99.0,1557.0,100.0,0.0,100.0,3.0,,,,,100.0,0.0,100.0,0.0,,,75.0,25.0,,,100.0,12.0,100.0,1284.0,25.0,25.0,100.0,0.0,100.0,0.0,200.0,0.0,100.0,1325.0,100.0,17807614352.0,100.0,16019409856.0
2019-05-04,ZJV2E5KL,ST12000NM0007,12000138625024,0,80.0,94664976.0,96.0,0.0,100.0,3.0,100.0,0.0,83.0,186599270.0,99.0,1590.0,100.0,0.0,100.0,3.0,,,,,100.0,0.0,100.0,0.0,,,76.0,24.0,,,100.0,13.0,100.0,1286.0,24.0,24.0,100.0,0.0,100.0,0.0,200.0,0.0,100.0,1357.0,100.0,18299802392.0,100.0,16462905136.0
2019-05-05,ZJV2E5KL,ST12000NM0007,12000138625024,0,80.0,99866992.0,96.0,0.0,100.0,3.0,100.0,0.0,83.0,189430443.0,99.0,1605.0,100.0,0.0,100.0,3.0,,,,,100.0,0.0,100.0,0.0,,,75.0,25.0,,,100.0,13.0,100.0,1286.0,25.0,25.0,100.0,0.0,100.0,0.0,200.0,0.0,100.0,1373.0,100.0,18545268504.0,100.0,16710922488.0
2019-05-06,ZJV2E5KL,ST12000NM0007,12000138625024,0,80.0,105848232.0,96.0,0.0,100.0,3.0,100.0,0.0,83.0,195134648.0,99.0,1637.0,100.0,0.0,100.0,3.0,,,,,100.0,0.0,100.0,0.0,,,76.0,24.0,,,100.0,13.0,100.0,1288.0,24.0,24.0,100.0,0.0,100.0,0.0,200.0,0.0,100.0,1405.0,100.0,19044832272.0,100.0,17193903408.0
2019-05-07,ZJV2E5KL,ST12000NM0007,12000138625024,0,81.0,116160712.0,96.0,0.0,100.0,3.0,100.0,0.0,83.0,198178285.0,99.0,1653.0,100.0,0.0,100.0,3.0,,,,,100.0,0.0,100.0,0.0,,,75.0,25.0,,,100.0,13.0,100.0,1289.0,25.0,25.0,100.0,0.0,100.0,0.0,200.0,0.0,100.0,1420.0,100.0,19317567704.0,100.0,17419762232.0
2019-05-08,ZJV2E5KL,ST12000NM0007,12000138625024,0,82.0,157677440.0,96.0,0.0,100.0,3.0,100.0,0.0,83.0,201282519.0,99.0,1669.0,100.0,0.0,100.0,3.0,,,,,100.0,0.0,100.0,0.0,,,75.0,25.0,,,100.0,13.0,100.0,1289.0,25.0,25.0,100.0,0.0,100.0,0.0,200.0,0.0,100.0,1437.0,100.0,19587894080.0,100.0,17679234272.0
2019-05-09,ZJV2E5KL,ST12000NM0007,12000138625024,0,80.0,106338696.0,96.0,0.0,100.0,3.0,100.0,0.0,83.0,207115054.0,99.0,1701.0,100.0,0.0,100.0,3.0,,,,,100.0,0.0,100.0,0.0,,,76.0,24.0,,,100.0,13.0,100.0,1291.0,24.0,24.0,100.0,0.0,100.0,0.0,200.0,0.0,100.0,1468.0,100.0,20040456624.0,100.0,18151895704.0
2019-05-10,ZJV2E5KL,ST12000NM0007,12000138625024,0,77.0,54510784.0,96.0,0.0,100.0,3.0,100.0,0.0,83.0,209987435.0,99.0,1717.0,100.0,0.0,100.0,3.0,,,,,100.0,0.0,100.0,0.0,,,76.0,24.0,,,100.0,13.0,100.0,1292.0,24.0,24.0,100.0,0.0,100.0,0.0,200.0,0.0,100.0,1484.0,100.0,20274868384.0,100.0,18353937448.0
2019-05-11,ZJV2E5KL,ST12000NM0007,12000138625024,0,82.0,168848824.0,96.0,0.0,100.0,3.0,100.0,0.0,83.0,215679976.0,99.0,1749.0,100.0,0.0,100.0,3.0,,,,,100.0,0.0,100.0,0.0,,,77.0,23.0,,,100.0,13.0,100.0,1293.0,23.0,23.0,100.0,0.0,100.0,0.0,200.0,0.0,100.0,1516.0,100.0,20713506784.0,100.0,18762059720.0
2019-05-12,ZJV2E5KL,ST12000NM0007,12000138625024,0,82.0,150247768.0,96.0,0.0,100.0,3.0,100.0,0.0,83.0,218614823.0,98.0,1764.0,100.0,0.0,100.0,3.0,,,,,100.0,0.0,100.0,0.0,,,75.0,25.0,,,100.0,13.0,100.0,1294.0,25.0,25.0,100.0,0.0,100.0,0.0,200.0,0.0,100.0,1531.0,100.0,20942093960.0,100.0,19003154288.0
2019-05-13,ZJV2E5KL,ST12000NM0007,12000138625024,0,81.0,137769104.0,96.0,0.0,100.0,3.0,100.0,0.0,84.0,224479651.0,98.0,1796.0,100.0,0.0,100.0,3.0,,,,,100.0,0.0,100.0,0.0,,,76.0,24.0,,,100.0,13.0,100.0,1295.0,24.0,24.0,100.0,0.0,100.0,0.0,200.0,0.0,100.0,1563.0,100.0,21319747072.0,100.0,19589585200.0
2019-05-14,ZJV2E5KL,ST12000NM0007,12000138625024,0,81.0,115498488.0,96.0,0.0,100.0,3.0,100.0,0.0,84.0,227398839.0,98.0,1812.0,100.0,0.0,100.0,3.0,,,,,100.0,0.0,100.0,0.0,,,76.0,24.0,,,100.0,13.0,100.0,1296.0,24.0,24.0,100.0,0.0,100.0,0.0,200.0,0.0,100.0,1579.0,100.0,21544545040.0,100.0,19830798200.0
2019-05-15,ZJV2E5KL,ST12000NM0007,12000138625024,0,78.0,66117528.0,96.0,0.0,100.0,3.0,100.0,0.0,84.0,233332329.0,98.0,1844.0,100.0,0.0,100.0,3.0,,,,,100.0,0.0,100.0,0.0,,,76.0,24.0,,,100.0,13.0,100.0,1297.0,24.0,24.0,100.0,0.0,100.0,0.0,200.0,0.0,100.0,1610.0,100.0,22030047760.0,100.0,20272477752.0
2019-05-16,ZJV2E5KL,ST12000NM0007,12000138625024,0,69.0,7878368.0,96.0,0.0,100.0,3.0,100.0,0.0,84.0,236279303.0,98.0,1859.0,100.0,0.0,100.0,3.0,,,,,100.0,0.0,100.0,0.0,,,76.0,24.0,,,100.0,14.0,100.0,1298.0,24.0,24.0,100.0,0.0,100.0,0.0,200.0,0.0,100.0,1626.0,100.0,22263637872.0,100.0,20468930144.0
2019-05-17,ZJV2E5KL,ST12000NM0007,12000138625024,0,83.0,201529144.0,96.0,0.0,100.0,3.0,100.0,0.0,84.0,242522767.0,98.0,1891.0,100.0,0.0,100.0,3.0,,,,,100.0,0.0,100.0,0.0,,,75.0,25.0,,,100.0,14.0,100.0,1299.0,25.0,25.0,100.0,0.0,100.0,0.0,200.0,0.0,100.0,1658.0,100.0,22731937864.0,100.0,20926703424.0
2019-05-18,ZJV2E5KL,ST12000NM0007,12000138625024,0,84.0,237687184.0,96.0,0.0,100.0,3.0,100.0,0.0,84.0,248341262.0,98.0,1923.0,100.0,0.0,100.0,3.0,,,,,100.0,0.0,100.0,0.0,,,76.0,24.0,,,100.0,14.0,100.0,1301.0,24.0,24.0,100.0,0.0,100.0,0.0,200.0,0.0,100.0,1689.0,100.0,23104953480.0,100.0,21322268328.0
2019-05-19,ZJV2E5KL,ST12000NM0007,12000138625024,0,79.0,71972976.0,96.0,0.0,100.0,3.0,100.0,0.0,84.0,250949823.0,98.0,1939.0,100.0,0.0,100.0,3.0,,,,,100.0,0.0,100.0,0.0,,,76.0,24.0,,,100.0,14.0,100.0,1301.0,24.0,24.0,100.0,0.0,100.0,0.0,200.0,0.0,100.0,1705.0,100.0,23243785920.0,100.0,21506003856.0
2019-05-20,ZJV2E5KL,ST12000NM0007,12000138625024,0,80.0,89896912.0,96.0,0.0,100.0,3.0,100.0,0.0,84.0,256723618.0,98.0,1970.0,100.0,0.0,100.0,3.0,,,,,100.0,0.0,100.0,0.0,,,75.0,25.0,,,100.0,14.0,100.0,1303.0,25.0,25.0,100.0,0.0,100.0,0.0,200.0,0.0,100.0,1736.0,100.0,23601175472.0,100.0,21898960192.0
2019-05-21,ZJV2E5KL,ST12000NM0007,12000138625024,0,84.0,237598840.0,96.0,0.0,100.0,3.0,100.0,0.0,84.0,259631435.0,98.0,1986.0,100.0,0.0,100.0,3.0,,,,,100.0,0.0,100.0,0.0,,,75.0,25.0,,,100.0,14.0,100.0,1303.0,25.0,25.0,100.0,0.0,100.0,0.0,200.0,0.0,100.0,1752.0,100.0,23794992864.0,100.0,22096985544.0
2019-05-22,ZJV2E5KL,ST12000NM0007,12000138625024,0,81.0,121944280.0,96.0,0.0,100.0,3.0,100.0,0.0,84.0,265844665.0,98.0,2018.0,100.0,0.0,100.0,3.0,,,,,100.0,0.0,100.0,0.0,,,75.0,25.0,,,100.0,15.0,100.0,1305.0,25.0,25.0,100.0,0.0,100.0,0.0,200.0,0.0,100.0,1784.0,100.0,24218867456.0,100.0,22534019600.0
2019-05-23,ZJV2E5KL,ST12000NM0007,12000138625024,0,78.0,66114808.0,96.0,0.0,100.0,3.0,100.0,0.0,84.0,269060217.0,98.0,2034.0,100.0,0.0,100.0,3.0,,,,,100.0,0.0,100.0,0.0,,,75.0,25.0,,,100.0,15.0,100.0,1305.0,25.0,25.0,100.0,0.0,100.0,0.0,200.0,0.0,100.0,1800.0,100.0,24425952840.0,100.0,22759386408.0
2019-05-24,ZJV2E5KL,ST12000NM0007,12000138625024,0,80.0,106996216.0,96.0,0.0,100.0,3.0,100.0,0.0,84.0,275295736.0,98.0,2065.0,100.0,0.0,100.0,3.0,,,,,100.0,0.0,100.0,0.0,,,75.0,25.0,,,100.0,15.0,100.0,1306.0,25.0,25.0,100.0,0.0,100.0,0.0,200.0,0.0,100.0,1831.0,100.0,24762717472.0,100.0,23195925400.0
2019-05-25,ZJV2E5KL,ST12000NM0007,12000138625024,0,80.0,97931840.0,96.0,0.0,100.0,3.0,100.0,0.0,84.0,281812506.0,98.0,2097.0,100.0,0.0,100.0,3.0,,,,,100.0,0.0,100.0,0.0,,,75.0,25.0,,,100.0,15.0,100.0,1308.0,25.0,25.0,100.0,0.0,100.0,0.0,200.0,0.0,100.0,1862.0,100.0,25154375864.0,100.0,23527625152.0
2019-05-26,ZJV2E5KL,ST12000NM0007,12000138625024,0,83.0,196713752.0,96.0,0.0,100.0,3.0,100.0,0.0,85.0,284710035.0,98.0,2113.0,100.0,0.0,100.0,3.0,,,,,100.0,0.0,100.0,0.0,,,74.0,26.0,,,100.0,15.0,100.0,1308.0,26.0,26.0,100.0,0.0,100.0,0.0,200.0,0.0,100.0,1878.0,100.0,25321788872.0,100.0,23703134960.0
2019-05-27,ZJV2E5KL,ST12000NM0007,12000138625024,0,80.0,89517888.0,96.0,0.0,100.0,3.0,100.0,0.0,85.0,290308245.0,98.0,2144.0,100.0,0.0,100.0,3.0,,,,,100.0,0.0,100.0,0.0,,,75.0,25.0,,,100.0,15.0,100.0,1310.0,25.0,25.0,100.0,0.0,100.0,0.0,200.0,0.0,100.0,1910.0,100.0,25641447456.0,100.0,24008703560.0
2019-05-28,ZJV2E5KL,ST12000NM0007,12000138625024,0,81.0,129214400.0,96.0,0.0,100.0,3.0,100.0,0.0,85.0,293213139.0,98.0,2160.0,100.0,0.0,100.0,3.0,,,,,100.0,0.0,100.0,0.0,,,76.0,24.0,,,100.0,15.0,100.0,1310.0,24.0,24.0,100.0,0.0,100.0,0.0,200.0,0.0,100.0,1926.0,100.0,25774002656.0,100.0,24159985504.0
2019-05-29,ZJV2E5KL,ST12000NM0007,12000138625024,0,84.0,243249760.0,96.0,0.0,100.0,3.0,100.0,0.0,85.0,300173060.0,98.0,2192.0,100.0,0.0,100.0,3.0,,,,,100.0,0.0,100.0,0.0,,,76.0,24.0,,,100.0,15.0,100.0,1312.0,24.0,24.0,100.0,0.0,100.0,0.0,200.0,0.0,100.0,1957.0,100.0,26123839248.0,100.0,24656606232.0
2019-05-30,ZJV2E5KL,ST12000NM0007,12000138625024,0,74.0,24748256.0,96.0,0.0,100.0,3.0,100.0,0.0,85.0,302566996.0,98.0,2208.0,100.0,0.0,100.0,3.0,,,,,100.0,0.0,100.0,0.0,,,76.0,24.0,,,100.0,15.0,100.0,1312.0,24.0,24.0,100.0,0.0,100.0,0.0,200.0,0.0,100.0,1973.0,100.0,26240107072.0,100.0,24810119424.0
2019-05-31,ZJV2E5KL,ST12000NM0007,12000138625024,0,76.0,42551648.0,96.0,0.0,100.0,3.0,100.0,0.0,85.0,308549911.0,98.0,2240.0,100.0,0.0,100.0,3.0,,,,,100.0,0.0,100.0,0.0,,,76.0,24.0,,,100.0,15.0,100.0,1314.0,24.0,24.0,100.0,0.0,100.0,0.0,200.0,0.0,100.0,2005.0,100.0,26504623032.0,100.0,25051688624.0
2019-06-01,ZJV2E5KL,ST12000NM0007,12000138625024,0,76.0,37046992.0,96.0,0.0,100.0,3.0,100.0,0.0,85.0,311012287.0,98.0,2255.0,100.0,0.0,100.0,3.0,,,,,100.0,0.0,100.0,0.0,,,76.0,24.0,,,100.0,15.0,100.0,1314.0,24.0,24.0,100.0,0.0,100.0,0.0,200.0,0.0,100.0,2020.0,100.0,26625210264.0,100.0,25169737600.0
2019-06-02,ZJV2E5KL,ST12000NM0007,12000138625024,0,80.0,105943936.0,96.0,0.0,100.0,3.0,100.0,0.0,85.0,316663747.0,98.0,2287.0,100.0,0.0,100.0,3.0,,,,,100.0,0.0,100.0,0.0,,,76.0,24.0,,,100.0,15.0,100.0,1316.0,24.0,24.0,100.0,0.0,100.0,0.0,200.0,0.0,100.0,2052.0,100.0,26871168160.0,100.0,25480958296.0
2019-06-03,ZJV2E5KL,ST12000NM0007,12000138625024,0,82.0,174185216.0,96.0,0.0,100.0,3.0,100.0,0.0,85.0,319401442.0,98.0,2303.0,100.0,0.0,100.0,3.0,,,,,100.0,0.0,100.0,0.0,,,75.0,25.0,,,100.0,15.0,100.0,1317.0,25.0,25.0,100.0,0.0,100.0,0.0,200.0,0.0,100.0,2068.0,100.0,27026245648.0,100.0,25638262880.0
2019-06-04,ZJV2E5KL,ST12000NM0007,12000138625024,0,78.0,59478784.0,96.0,0.0,100.0,3.0,100.0,0.0,85.0,325271106.0,98.0,2335.0,100.0,0.0,100.0,3.0,,,,,100.0,0.0,100.0,0.0,,,76.0,24.0,,,100.0,15.0,100.0,1318.0,24.0,24.0,100.0,0.0,100.0,0.0,200.0,0.0,100.0,2099.0,100.0,27316770216.0,100.0,25965454232.0
2019-06-05,ZJV2E5KL,ST12000NM0007,12000138625024,0,80.0,106681184.0,96.0,0.0,100.0,3.0,100.0,0.0,85.0,328265270.0,98.0,2350.0,100.0,0.0,100.0,3.0,,,,,100.0,0.0,100.0,0.0,,,76.0,24.0,,,100.0,15.0,100.0,1319.0,24.0,24.0,100.0,0.0,100.0,0.0,200.0,0.0,100.0,2115.0,100.0,27478043568.0,100.0,26095524376.0
2019-06-06,ZJV2E5KL,ST12000NM0007,12000138625024,0,81.0,113003280.0,96.0,0.0,100.0,3.0,100.0,0.0,85.0,330861759.0,98.0,2366.0,100.0,0.0,100.0,3.0,,,,,100.0,0.0,100.0,0.0,,,76.0,24.0,,,100.0,15.0,100.0,1320.0,24.0,24.0,100.0,0.0,100.0,0.0,200.0,0.0,100.0,2130.0,100.0,27608606784.0,100.0,26215423976.0
2019-06-07,ZJV2E5KL,ST12000NM0007,12000138625024,0,81.0,130370504.0,96.0,0.0,100.0,3.0,100.0,0.0,85.0,336865983.0,98.0,2398.0,100.0,0.0,100.0,3.0,,,,,100.0,0.0,100.0,0.0,,,76.0,24.0,,,100.0,15.0,100.0,1321.0,24.0,24.0,100.0,0.0,100.0,0.0,200.0,0.0,100.0,2162.0,100.0,27987502136.0,100.0,26586318096.0
2019-06-08,ZJV2E5KL,ST12000NM0007,12000138625024,0,81.0,130710624.0,96.0,0.0,100.0,3.0,100.0,0.0,85.0,339383118.0,98.0,2414.0,100.0,0.0,100.0,3.0,,,,,100.0,0.0,100.0,0.0,,,76.0,24.0,,,100.0,15.0,100.0,1322.0,24.0,24.0,100.0,0.0,100.0,0.0,200.0,0.0,100.0,2178.0,100.0,28119107968.0,100.0,26699193168.0
2019-06-09,ZJV2E5KL,ST12000NM0007,12000138625024,0,79.0,75027944.0,96.0,0.0,100.0,3.0,100.0,0.0,85.0,343653915.0,98.0,2445.0,100.0,0.0,100.0,3.0,,,,,100.0,0.0,100.0,0.0,,,75.0,25.0,,,100.0,15.0,100.0,1323.0,25.0,25.0,100.0,0.0,100.0,0.0,200.0,0.0,100.0,2209.0,100.0,28282036824.0,100.0,26968863096.0
2019-06-10,ZJV2E5KL,ST12000NM0007,12000138625024,0,84.0,236175696.0,96.0,0.0,100.0,3.0,100.0,0.0,85.0,345634946.0,98.0,2461.0,100.0,0.0,100.0,3.0,,,,,100.0,0.0,100.0,0.0,,,76.0,24.0,,,100.0,15.0,100.0,1324.0,24.0,24.0,100.0,0.0,100.0,0.0,200.0,0.0,100.0,2225.0,100.0,28332324536.0,100.0,27079723136.0
2019-06-11,ZJV2E5KL,ST12000NM0007,12000138625024,0,78.0,69576624.0,96.0,0.0,100.0,3.0,100.0,0.0,85.0,349176065.0,98.0,2493.0,100.0,0.0,100.0,3.0,,,,,100.0,0.0,100.0,0.0,,,76.0,24.0,,,100.0,15.0,100.0,1325.0,24.0,24.0,100.0,0.0,100.0,0.0,200.0,0.0,100.0,2256.0,100.0,28444751248.0,100.0,27288980440.0
2019-06-12,ZJV2E5KL,ST12000NM0007,12000138625024,0,83.0,185121384.0,96.0,0.0,100.0,3.0,100.0,0.0,85.0,353627103.0,98.0,2525.0,100.0,0.0,100.0,3.0,,,,,100.0,0.0,100.0,0.0,,,77.0,23.0,,,100.0,15.0,100.0,1326.0,23.0,23.0,100.0,0.0,100.0,0.0,200.0,0.0,100.0,2288.0,100.0,28557577944.0,100.0,27535839224.0
2019-06-13,ZJV2E5KL,ST12000NM0007,12000138625024,0,80.0,107449240.0,96.0,0.0,100.0,3.0,100.0,0.0,86.0,355583007.0,98.0,2540.0,100.0,0.0,100.0,3.0,,,,,100.0,0.0,100.0,0.0,,,76.0,24.0,,,100.0,15.0,100.0,1327.0,24.0,24.0,100.0,0.0,100.0,0.0,200.0,0.0,100.0,2303.0,100.0,28606167088.0,100.0,27653718704.0
2019-06-14,ZJV2E5KL,ST12000NM0007,12000138625024,0,72.0,17370384.0,96.0,0.0,100.0,3.0,100.0,0.0,86.0,358930849.0,98.0,2572.0,100.0,0.0,100.0,3.0,,,,,100.0,0.0,100.0,0.0,,,77.0,23.0,,,100.0,15.0,100.0,1328.0,23.0,23.0,100.0,0.0,100.0,0.0,200.0,0.0,100.0,2335.0,100.0,28680187616.0,100.0,27977900760.0
2019-06-15,ZJV2E5KL,ST12000NM0007,12000138625024,0,82.0,175533784.0,96.0,0.0,100.0,3.0,100.0,0.0,86.0,360712433.0,98.0,2588.0,100.0,0.0,100.0,3.0,,,,,100.0,0.0,100.0,0.0,,,76.0,24.0,,,100.0,16.0,100.0,1329.0,24.0,24.0,100.0,0.0,100.0,0.0,200.0,0.0,100.0,2351.0,100.0,28723710720.0,100.0,28092541056.0
2019-06-16,ZJV2E5KL,ST12000NM0007,12000138625024,0,81.0,129886488.0,96.0,0.0,100.0,3.0,100.0,0.0,86.0,364916376.0,98.0,2620.0,100.0,0.0,100.0,3.0,,,,,100.0,0.0,100.0,0.0,,,77.0,23.0,,,100.0,16.0,100.0,1330.0,23.0,23.0,100.0,0.0,100.0,0.0,200.0,0.0,100.0,2382.0,100.0,28817859720.0,100.0,28441026128.0
2019-06-17,ZJV2E5KL,ST12000NM0007,12000138625024,0,77.0,50631152.0,96.0,0.0,100.0,3.0,100.0,0.0,86.0,366650768.0,97.0,2635.0,100.0,0.0,100.0,3.0,,,,,100.0,0.0,100.0,0.0,,,78.0,22.0,,,100.0,16.0,100.0,1331.0,22.0,22.0,100.0,0.0,100.0,0.0,200.0,0.0,100.0,2398.0,100.0,28878586344.0,100.0,28545184832.0
2019-06-18,ZJV2E5KL,ST12000NM0007,12000138625024,0,81.0,138367480.0,96.0,0.0,100.0,3.0,100.0,0.0,86.0,370004793.0,97.0,2667.0,100.0,0.0,100.0,3.0,,,,,100.0,0.0,100.0,0.0,,,76.0,24.0,,,100.0,17.0,100.0,1332.0,24.0,24.0,100.0,0.0,100.0,0.0,200.0,0.0,100.0,2430.0,100.0,28966905920.0,100.0,28788742216.0
2019-06-19,ZJV2E5KL,ST12000NM0007,12000138625024,0,77.0,44794640.0,96.0,0.0,100.0,3.0,100.0,0.0,86.0,372102542.0,97.0,2683.0,100.0,0.0,100.0,3.0,,,,,100.0,0.0,100.0,0.0,,,78.0,22.0,,,100.0,18.0,100.0,1333.0,22.0,22.0,100.0,0.0,100.0,0.0,200.0,0.0,100.0,2446.0,100.0,29023415320.0,100.0,28882800736.0
2019-06-20,ZJV2E5KL,ST12000NM0007,12000138625024,0,78.0,59667624.0,96.0,0.0,100.0,3.0,100.0,0.0,86.0,375286437.0,97.0,2715.0,100.0,0.0,100.0,3.0,,,,,100.0,0.0,100.0,0.0,,,78.0,22.0,,,100.0,18.0,100.0,1335.0,22.0,22.0,100.0,0.0,100.0,0.0,200.0,0.0,100.0,2477.0,100.0,29099132960.0,100.0,29066096712.0
2019-06-21,ZJV2E5KL,ST12000NM0007,12000138625024,0,83.0,179602744.0,96.0,0.0,100.0,3.0,100.0,0.0,86.0,376625000.0,97.0,2730.0,100.0,0.0,100.0,3.0,,,,,100.0,0.0,100.0,0.0,,,77.0,23.0,,,100.0,18.0,100.0,1335.0,23.0,23.0,100.0,0.0,100.0,0.0,200.0,0.0,100.0,2493.0,100.0,29135963808.0,100.0,29149200984.0
2019-06-22,ZJV2E5KL,ST12000NM0007,12000138625024,0,72.0,16116136.0,96.0,0.0,100.0,3.0,100.0,0.0,86.0,379727507.0,97.0,2762.0,100.0,0.0,100.0,3.0,,,,,100.0,0.0,100.0,0.0,,,76.0,24.0,,,100.0,18.0,100.0,1337.0,24.0,24.0,100.0,0.0,100.0,0.0,200.0,0.0,100.0,2524.0,100.0,29243748904.0,100.0,29366211000.0
2019-06-23,ZJV2E5KL,ST12000NM0007,12000138625024,0,82.0,157045808.0,96.0,0.0,100.0,3.0,100.0,0.0,86.0,381180060.0,97.0,2778.0,100.0,0.0,100.0,3.0,,,,,100.0,0.0,100.0,0.0,,,75.0,25.0,,,100.0,18.0,100.0,1337.0,25.0,25.0,100.0,0.0,100.0,0.0,200.0,0.0,100.0,2540.0,100.0,29291646080.0,100.0,29459243496.0
2019-06-24,ZJV2E5KL,ST12000NM0007,12000138625024,0,76.0,43072712.0,96.0,0.0,100.0,3.0,100.0,0.0,86.0,385350607.0,97.0,2810.0,100.0,0.0,100.0,3.0,,,,,100.0,0.0,100.0,0.0,,,75.0,25.0,,,100.0,18.0,100.0,1339.0,25.0,25.0,100.0,0.0,100.0,0.0,200.0,0.0,100.0,2572.0,100.0,29415077392.0,100.0,29710120440.0
2019-06-25,ZJV2E5KL,ST12000NM0007,12000138625024,0,100.0,1106792.0,96.0,0.0,100.0,3.0,100.0,0.0,86.0,387390241.0,97.0,2825.0,100.0,0.0,100.0,3.0,,,,,100.0,0.0,100.0,0.0,,,75.0,25.0,,,100.0,18.0,100.0,1339.0,25.0,25.0,100.0,0.0,100.0,0.0,200.0,0.0,100.0,2587.0,100.0,29486889464.0,100.0,29840483264.0
2019-06-26,ZJV2E5KL,ST12000NM0007,12000138625024,0,69.0,8066160.0,96.0,0.0,100.0,3.0,100.0,0.0,86.0,392165791.0,97.0,2857.0,100.0,0.0,100.0,3.0,,,,,100.0,0.0,100.0,0.0,,,74.0,26.0,,,100.0,18.0,100.0,1341.0,26.0,26.0,100.0,0.0,100.0,0.0,200.0,0.0,100.0,2619.0,100.0,29675829680.0,100.0,30146784024.0
2019-06-27,ZJV2E5KL,ST12000NM0007,12000138625024,0,81.0,118930232.0,96.0,0.0,100.0,3.0,100.0,0.0,86.0,394836907.0,97.0,2873.0,100.0,0.0,100.0,3.0,,,,,100.0,0.0,100.0,0.0,,,76.0,24.0,,,100.0,18.0,100.0,1341.0,24.0,24.0,100.0,0.0,100.0,0.0,200.0,0.0,100.0,2635.0,100.0,29732410552.0,100.0,30445208000.0
2019-06-28,ZJV2E5KL,ST12000NM0007,12000138625024,0,83.0,219639408.0,96.0,0.0,100.0,3.0,100.0,0.0,86.0,400223061.0,97.0,2905.0,100.0,0.0,100.0,3.0,,,,,100.0,0.0,100.0,0.0,,,75.0,25.0,,,100.0,18.0,100.0,1343.0,25.0,25.0,100.0,0.0,100.0,0.0,200.0,0.0,100.0,2666.0,100.0,29898539968.0,100.0,30868069328.0
2019-06-29,ZJV2E5KL,ST12000NM0007,12000138625024,0,82.0,154395576.0,96.0,0.0,100.0,3.0,100.0,0.0,86.0,401930421.0,97.0,2920.0,100.0,0.0,100.0,3.0,,,,,100.0,0.0,100.0,0.0,,,75.0,25.0,,,100.0,18.0,100.0,1343.0,25.0,25.0,100.0,0.0,100.0,0.0,200.0,0.0,100.0,2682.0,100.0,29947218336.0,100.0,30998287936.0
2019-06-30,ZJV2E5KL,ST12000NM0007,12000138625024,0,83.0,177971384.0,96.0,0.0,100.0,3.0,100.0,0.0,86.0,406526365.0,97.0,2952.0,100.0,0.0,100.0,3.0,,,,,100.0,0.0,100.0,0.0,,,75.0,25.0,,,100.0,19.0,100.0,1344.0,25.0,25.0,100.0,0.0,100.0,0.0,200.0,0.0,100.0,2714.0,100.0,30074215128.0,100.0,31383148240.0
2019-07-01,ZJV2E5KL,ST12000NM0007,12000138625024,0,83.0,212356992.0,96.0,0.0,100.0,3.0,100.0,0.0,86.0,408429373.0,97.0,2968.0,100.0,0.0,100.0,3.0,,,,,100.0,0.0,100.0,0.0,,,75.0,25.0,,,100.0,20.0,100.0,1345.0,25.0,25.0,100.0,0.0,100.0,0.0,200.0,0.0,100.0,2730.0,100.0,30124213536.0,100.0,31611676120.0
2019-07-02,ZJV2E5KL,ST12000NM0007,12000138625024,0,83.0,209951000.0,96.0,0.0,100.0,3.0,100.0,0.0,86.0,412393247.0,97.0,3000.0,100.0,0.0,100.0,3.0,,,,,100.0,0.0,100.0,0.0,,,75.0,25.0,,,100.0,20.0,100.0,1346.0,25.0,25.0,100.0,0.0,100.0,0.0,200.0,0.0,100.0,2761.0,100.0,30238677416.0,100.0,31983087568.0
2019-07-03,ZJV2E5KL,ST12000NM0007,12000138625024,0,82.0,155084264.0,96.0,0.0,100.0,3.0,100.0,0.0,86.0,414713790.0,97.0,3016.0,100.0,0.0,100.0,3.0,,,,,100.0,0.0,100.0,0.0,,,75.0,25.0,,,100.0,20.0,100.0,1347.0,25.0,25.0,100.0,0.0,100.0,0.0,200.0,0.0,100.0,2777.0,100.0,30292347328.0,100.0,32118691848.0
2019-07-04,ZJV2E5KL,ST12000NM0007,12000138625024,0,81.0,121025048.0,96.0,0.0,100.0,3.0,100.0,0.0,86.0,418545271.0,97.0,3047.0,100.0,0.0,100.0,3.0,,,,,100.0,0.0,100.0,0.0,,,75.0,25.0,,,100.0,20.0,100.0,1348.0,25.0,25.0,100.0,0.0,100.0,0.0,200.0,0.0,100.0,2809.0,100.0,30430106160.0,100.0,32435155960.0
2019-07-05,ZJV2E5KL,ST12000NM0007,12000138625024,0,80.0,108227360.0,96.0,0.0,100.0,3.0,100.0,0.0,86.0,420444567.0,97.0,3063.0,100.0,0.0,100.0,3.0,,,,,100.0,0.0,100.0,0.0,,,76.0,24.0,,,100.0,20.0,100.0,1349.0,24.0,24.0,100.0,0.0,100.0,0.0,200.0,0.0,100.0,2824.0,100.0,30518351216.0,100.0,32578253960.0
2019-07-06,ZJV2E5KL,ST12000NM0007,12000138625024,0,73.0,20901528.0,96.0,0.0,100.0,3.0,100.0,0.0,86.0,423364264.0,97.0,3095.0,100.0,0.0,100.0,3.0,,,,,100.0,0.0,100.0,0.0,,,76.0,24.0,,,100.0,20.0,100.0,1350.0,24.0,24.0,100.0,0.0,100.0,0.0,200.0,0.0,100.0,2856.0,100.0,30600796672.0,100.0,32896764272.0
2019-07-07,ZJV2E5KL,ST12000NM0007,12000138625024,0,84.0,239643864.0,96.0,0.0,100.0,3.0,100.0,0.0,86.0,424923624.0,97.0,3111.0,100.0,0.0,100.0,3.0,,,,,100.0,0.0,100.0,0.0,,,77.0,23.0,,,100.0,21.0,100.0,1351.0,23.0,23.0,100.0,0.0,100.0,0.0,200.0,0.0,100.0,2872.0,100.0,30652038760.0,100.0,33064264520.0
2019-07-08,ZJV2E5KL,ST12000NM0007,12000138625024,0,76.0,35645616.0,96.0,0.0,100.0,3.0,100.0,0.0,86.0,429130820.0,97.0,3143.0,100.0,0.0,100.0,3.0,,,,,100.0,0.0,100.0,0.0,,,78.0,22.0,,,100.0,22.0,100.0,1352.0,22.0,22.0,100.0,0.0,100.0,0.0,200.0,0.0,100.0,2904.0,100.0,30780423720.0,100.0,33464303688.0
2019-07-09,ZJV2E5KL,ST12000NM0007,12000138625024,0,77.0,46182240.0,96.0,0.0,100.0,3.0,100.0,0.0,86.0,431103731.0,97.0,3158.0,100.0,0.0,100.0,3.0,,,,,100.0,0.0,100.0,0.0,,,76.0,24.0,,,100.0,22.0,100.0,1353.0,24.0,24.0,100.0,0.0,100.0,0.0,200.0,0.0,100.0,2919.0,100.0,30838186304.0,100.0,33661218392.0
2019-07-10,ZJV2E5KL,ST12000NM0007,12000138625024,0,75.0,29089712.0,96.0,0.0,100.0,3.0,100.0,0.0,86.0,435326014.0,97.0,3190.0,100.0,0.0,100.0,3.0,,,,,100.0,0.0,100.0,0.0,,,77.0,23.0,,,100.0,22.0,100.0,1354.0,23.0,23.0,100.0,0.0,100.0,0.0,200.0,0.0,100.0,2951.0,100.0,30945541248.0,100.0,34025052400.0
2019-07-11,ZJV2E5KL,ST12000NM0007,12000138625024,0,79.0,75416040.0,96.0,0.0,100.0,3.0,100.0,0.0,86.0,437708776.0,97.0,3206.0,100.0,0.0,100.0,3.0,,,,,100.0,0.0,100.0,0.0,,,77.0,23.0,,,100.0,22.0,100.0,1356.0,23.0,23.0,100.0,0.0,100.0,0.0,200.0,0.0,100.0,2966.0,100.0,31032833056.0,100.0,34228227560.0
2019-07-12,ZJV2E5KL,ST12000NM0007,12000138625024,0,82.0,163348032.0,96.0,0.0,100.0,3.0,100.0,0.0,86.0,442351918.0,97.0,3238.0,100.0,0.0,100.0,3.0,,,,,100.0,0.0,100.0,0.0,,,77.0,23.0,,,100.0,23.0,100.0,1357.0,23.0,23.0,100.0,0.0,100.0,0.0,200.0,0.0,100.0,2998.0,100.0,31191725728.0,100.0,34645548336.0
2019-07-13,ZJV2E5KL,ST12000NM0007,12000138625024,0,83.0,205758032.0,96.0,0.0,100.0,3.0,100.0,0.0,87.0,447137785.0,97.0,3269.0,100.0,0.0,100.0,3.0,,,,,100.0,0.0,100.0,0.0,,,77.0,23.0,,,100.0,23.0,100.0,1358.0,23.0,23.0,100.0,0.0,100.0,0.0,200.0,0.0,100.0,3030.0,100.0,31344933128.0,100.0,35023032824.0
2019-07-14,ZJV2E5KL,ST12000NM0007,12000138625024,0,77.0,46746880.0,96.0,0.0,100.0,3.0,100.0,0.0,87.0,449631275.0,97.0,3285.0,100.0,0.0,100.0,3.0,,,,,100.0,0.0,100.0,0.0,,,75.0,25.0,,,100.0,23.0,100.0,1359.0,25.0,25.0,100.0,0.0,100.0,0.0,200.0,0.0,100.0,3045.0,100.0,31436130696.0,100.0,35261105472.0
2019-07-15,ZJV2E5KL,ST12000NM0007,12000138625024,0,84.0,228354016.0,96.0,0.0,100.0,3.0,100.0,0.0,87.0,454526536.0,97.0,3317.0,100.0,0.0,100.0,3.0,,,,,100.0,0.0,100.0,0.0,,,78.0,22.0,,,100.0,23.0,100.0,1360.0,22.0,22.0,100.0,0.0,100.0,0.0,200.0,0.0,100.0,3077.0,100.0,31519222448.0,100.0,35603762120.0
2019-07-16,ZJV2E5KL,ST12000NM0007,12000138625024,0,83.0,189022176.0,96.0,0.0,100.0,3.0,100.0,0.0,87.0,456344804.0,97.0,3333.0,100.0,0.0,100.0,3.0,,,,,100.0,0.0,100.0,0.0,,,78.0,22.0,,,100.0,23.0,100.0,1361.0,22.0,22.0,100.0,0.0,100.0,0.0,200.0,0.0,100.0,3093.0,100.0,31553419520.0,100.0,35774374088.0
2019-07-17,ZJV2E5KL,ST12000NM0007,12000138625024,0,82.0,151893816.0,96.0,0.0,100.0,3.0,100.0,0.0,87.0,460759119.0,97.0,3364.0,100.0,0.0,100.0,3.0,,,,,100.0,0.0,100.0,0.0,,,77.0,23.0,,,100.0,24.0,100.0,1362.0,23.0,23.0,100.0,0.0,100.0,0.0,200.0,0.0,100.0,3124.0,100.0,31649926648.0,100.0,36129041512.0
2019-07-18,ZJV2E5KL,ST12000NM0007,12000138625024,0,81.0,119334200.0,96.0,0.0,100.0,3.0,100.0,0.0,87.0,462531948.0,97.0,3380.0,100.0,0.0,100.0,3.0,,,,,100.0,0.0,100.0,0.0,,,77.0,23.0,,,100.0,24.0,100.0,1364.0,23.0,23.0,100.0,0.0,100.0,0.0,200.0,0.0,100.0,3140.0,100.0,31707696312.0,100.0,36282852864.0
2019-07-19,ZJV2E5KL,ST12000NM0007,12000138625024,0,82.0,171967096.0,96.0,0.0,100.0,3.0,100.0,0.0,87.0,466848417.0,97.0,3412.0,100.0,0.0,100.0,3.0,,,,,100.0,0.0,100.0,0.0,,,78.0,22.0,,,100.0,24.0,100.0,1365.0,22.0,22.0,100.0,0.0,100.0,0.0,200.0,0.0,100.0,3171.0,100.0,31847404040.0,100.0,36684059328.0
2019-07-20,ZJV2E5KL,ST12000NM0007,12000138625024,0,81.0,127752152.0,96.0,0.0,100.0,3.0,100.0,0.0,87.0,468476003.0,97.0,3427.0,100.0,0.0,100.0,3.0,,,,,100.0,0.0,100.0,0.0,,,77.0,23.0,,,100.0,24.0,100.0,1366.0,23.0,23.0,100.0,0.0,100.0,0.0,200.0,0.0,100.0,3187.0,100.0,31889660256.0,100.0,36841728824.0
2019-07-21,ZJV2E5KL,ST12000NM0007,12000138625024,0,66.0,3818584.0,96.0,0.0,100.0,3.0,100.0,0.0,87.0,472546055.0,97.0,3459.0,100.0,0.0,100.0,3.0,,,,,100.0,0.0,100.0,0.0,,,77.0,23.0,,,100.0,24.0,100.0,1367.0,23.0,23.0,100.0,0.0,100.0,0.0,200.0,0.0,100.0,3219.0,100.0,31975434544.0,100.0,37120302304.0
2019-07-22,ZJV2E5KL,ST12000NM0007,12000138625024,0,77.0,49910640.0,96.0,0.0,100.0,3.0,100.0,0.0,87.0,474874515.0,97.0,3475.0,100.0,0.0,100.0,3.0,,,,,100.0,0.0,100.0,0.0,,,75.0,25.0,,,100.0,25.0,100.0,1368.0,25.0,25.0,100.0,0.0,100.0,0.0,200.0,0.0,100.0,3235.0,100.0,32055154976.0,100.0,37330814560.0
2019-07-23,ZJV2E5KL,ST12000NM0007,12000138625024,0,84.0,238103968.0,96.0,0.0,100.0,3.0,100.0,0.0,87.0,478292677.0,96.0,3507.0,100.0,0.0,100.0,3.0,,,,,100.0,0.0,100.0,0.0,,,76.0,24.0,,,100.0,25.0,100.0,1369.0,24.0,24.0,100.0,0.0,100.0,0.0,200.0,0.0,100.0,3266.0,100.0,32147274840.0,100.0,37671028792.0
2019-07-24,ZJV2E5KL,ST12000NM0007,12000138625024,0,84.0,235786312.0,96.0,0.0,100.0,3.0,100.0,0.0,87.0,480850712.0,96.0,3523.0,100.0,0.0,100.0,3.0,,,,,100.0,0.0,100.0,0.0,,,78.0,22.0,,,100.0,25.0,100.0,1370.0,22.0,22.0,100.0,0.0,100.0,0.0,200.0,0.0,100.0,3282.0,100.0,32214303896.0,100.0,37845822872.0
2019-07-25,ZJV2E5KL,ST12000NM0007,12000138625024,0,76.0,42273696.0,96.0,0.0,100.0,3.0,100.0,0.0,87.0,484943041.0,96.0,3554.0,100.0,0.0,100.0,3.0,,,,,100.0,0.0,100.0,0.0,,,77.0,23.0,,,100.0,26.0,100.0,1373.0,23.0,23.0,100.0,0.0,100.0,0.0,200.0,0.0,100.0,3313.0,100.0,32340689392.0,100.0,38258346864.0
2019-07-26,ZJV2E5KL,ST12000NM0007,12000138625024,0,76.0,41715080.0,96.0,0.0,100.0,3.0,100.0,0.0,87.0,486821940.0,96.0,3570.0,100.0,0.0,100.0,3.0,,,,,100.0,0.0,100.0,0.0,,,78.0,22.0,,,100.0,26.0,100.0,1373.0,22.0,22.0,100.0,0.0,100.0,0.0,200.0,0.0,100.0,3328.0,100.0,32393765232.0,100.0,38448853040.0
2019-07-27,ZJV2E5KL,ST12000NM0007,12000138625024,0,80.0,94121768.0,96.0,0.0,100.0,3.0,100.0,0.0,87.0,490831616.0,96.0,3602.0,100.0,0.0,100.0,3.0,,,,,100.0,0.0,100.0,0.0,,,76.0,24.0,,,100.0,26.0,100.0,1375.0,24.0,24.0,100.0,0.0,100.0,0.0,200.0,0.0,100.0,3360.0,100.0,32540856368.0,100.0,38842450016.0
2019-07-28,ZJV2E5KL,ST12000NM0007,12000138625024,0,83.0,223393016.0,96.0,0.0,100.0,3.0,100.0,0.0,87.0,494335934.0,96.0,3617.0,100.0,0.0,100.0,3.0,,,,,100.0,0.0,100.0,0.0,,,75.0,25.0,,,100.0,26.0,100.0,1375.0,25.0,25.0,100.0,0.0,100.0,0.0,200.0,0.0,100.0,3376.0,100.0,32670310896.0,100.0,39086407488.0
2019-07-29,ZJV2E5KL,ST12000NM0007,12000138625024,0,100.0,2026496.0,96.0,0.0,100.0,3.0,100.0,0.0,87.0,499170269.0,96.0,3649.0,100.0,0.0,100.0,3.0,,,,,100.0,0.0,100.0,0.0,,,77.0,23.0,,,100.0,27.0,100.0,1377.0,23.0,23.0,100.0,0.0,100.0,0.0,200.0,0.0,100.0,3407.0,100.0,32802035752.0,100.0,39465738896.0
2019-07-30,ZJV2E5KL,ST12000NM0007,12000138625024,0,80.0,102359680.0,96.0,0.0,100.0,3.0,100.0,0.0,87.0,501787388.0,96.0,3665.0,100.0,0.0,100.0,3.0,,,,,100.0,0.0,100.0,0.0,,,75.0,25.0,,,100.0,27.0,100.0,1377.0,25.0,25.0,100.0,0.0,100.0,0.0,200.0,0.0,100.0,3423.0,100.0,32925119472.0,100.0,39687129040.0
2019-07-31,ZJV2E5KL,ST12000NM0007,12000138625024,0,77.0,55942880.0,96.0,0.0,100.0,3.0,100.0,0.0,87.0,506469333.0,96.0,3697.0,100.0,0.0,100.0,3.0,,,,,100.0,0.0,100.0,0.0,,,76.0,24.0,,,100.0,27.0,100.0,1380.0,24.0,24.0,100.0,0.0,100.0,0.0,200.0,0.0,100.0,3454.0,100.0,33058860376.0,100.0,39995252816.0
2019-08-01,ZJV2E5KL,ST12000NM0007,12000138625024,0,100.0,2300440.0,96.0,0.0,100.0,3.0,100.0,0.0,87.0,508321837.0,96.0,3712.0,100.0,0.0,100.0,3.0,,,,,100.0,0.0,100.0,0.0,,,76.0,24.0,,,100.0,27.0,100.0,1380.0,24.0,24.0,100.0,0.0,100.0,0.0,200.0,0.0,100.0,3470.0,100.0,33097427240.0,100.0,40147184144.0
2019-08-02,ZJV2E5KL,ST12000NM0007,12000138625024,0,84.0,233567360.0,96.0,0.0,100.0,3.0,100.0,0.0,87.0,513210016.0,96.0,3744.0,100.0,0.0,100.0,3.0,,,,,100.0,0.0,100.0,0.0,,,77.0,23.0,,,100.0,28.0,100.0,1382.0,23.0,23.0,100.0,0.0,100.0,0.0,200.0,0.0,100.0,3502.0,100.0,33242879824.0,100.0,40477139136.0
2019-08-03,ZJV2E5KL,ST12000NM0007,12000138625024,0,83.0,212159672.0,96.0,0.0,100.0,3.0,100.0,0.0,87.0,515154153.0,96.0,3760.0,100.0,0.0,100.0,3.0,,,,,100.0,0.0,100.0,0.0,,,76.0,24.0,,,100.0,28.0,100.0,1382.0,24.0,24.0,100.0,0.0,100.0,0.0,200.0,0.0,100.0,3517.0,100.0,33300331448.0,100.0,40642420632.0
2019-08-04,ZJV2E5KL,ST12000NM0007,12000138625024,0,83.0,192733680.0,96.0,0.0,100.0,3.0,100.0,0.0,87.0,520742983.0,96.0,3792.0,100.0,0.0,100.0,3.0,,,,,100.0,0.0,100.0,0.0,,,76.0,24.0,,,100.0,28.0,100.0,1384.0,24.0,24.0,100.0,0.0,100.0,0.0,200.0,0.0,100.0,3549.0,100.0,33542356600.0,100.0,41113391584.0
2019-08-05,ZJV2E5KL,ST12000NM0007,12000138625024,0,81.0,115307208.0,96.0,0.0,100.0,3.0,100.0,0.0,87.0,526339128.0,96.0,3824.0,100.0,0.0,100.0,3.0,,,,,100.0,0.0,100.0,0.0,,,76.0,24.0,,,100.0,28.0,100.0,1385.0,24.0,24.0,100.0,0.0,100.0,0.0,200.0,0.0,100.0,3581.0,100.0,33733694008.0,100.0,41577050088.0
2019-08-06,ZJV2E5KL,ST12000NM0007,12000138625024,0,81.0,120122000.0,96.0,0.0,100.0,3.0,100.0,0.0,87.0,528370016.0,96.0,3839.0,100.0,0.0,100.0,3.0,,,,,100.0,0.0,100.0,0.0,,,76.0,24.0,,,100.0,28.0,100.0,1386.0,24.0,24.0,100.0,0.0,100.0,0.0,200.0,0.0,100.0,3596.0,100.0,33793408760.0,100.0,41766291248.0
2019-08-07,ZJV2E5KL,ST12000NM0007,12000138625024,0,81.0,113228200.0,96.0,0.0,100.0,3.0,100.0,0.0,87.0,531011501.0,96.0,3855.0,100.0,0.0,100.0,3.0,,,,,100.0,0.0,100.0,0.0,,,75.0,25.0,,,100.0,28.0,100.0,1386.0,25.0,25.0,100.0,0.0,100.0,0.0,200.0,0.0,100.0,3612.0,100.0,33888370080.0,100.0,41908576800.0
2019-08-08,ZJV2E5KL,ST12000NM0007,12000138625024,0,81.0,136004192.0,96.0,0.0,100.0,3.0,100.0,0.0,87.0,537373086.0,96.0,3887.0,100.0,0.0,100.0,3.0,,,,,100.0,0.0,100.0,0.0,,,76.0,24.0,,,100.0,28.0,100.0,1388.0,24.0,24.0,100.0,0.0,100.0,0.0,200.0,0.0,100.0,3644.0,100.0,34099408760.0,100.0,42208595888.0
2019-08-09,ZJV2E5KL,ST12000NM0007,12000138625024,0,81.0,129620712.0,96.0,0.0,100.0,3.0,100.0,0.0,87.0,540199078.0,96.0,3903.0,100.0,0.0,100.0,3.0,,,,,100.0,0.0,100.0,0.0,,,75.0,25.0,,,100.0,28.0,100.0,1388.0,25.0,25.0,100.0,0.0,100.0,0.0,200.0,0.0,100.0,3659.0,100.0,34188407128.0,100.0,42357354704.0
2019-08-10,ZJV2E5KL,ST12000NM0007,12000138625024,0,83.0,216535928.0,96.0,0.0,100.0,3.0,100.0,0.0,87.0,545673024.0,96.0,3934.0,100.0,0.0,100.0,3.0,,,,,100.0,0.0,100.0,0.0,,,76.0,24.0,,,100.0,28.0,100.0,1390.0,24.0,24.0,100.0,0.0,100.0,0.0,200.0,0.0,100.0,3691.0,100.0,34372653992.0,100.0,42748304512.0
2019-08-11,ZJV2E5KL,ST12000NM0007,12000138625024,0,72.0,17379896.0,96.0,0.0,100.0,3.0,100.0,0.0,87.0,548460352.0,96.0,3951.0,100.0,0.0,100.0,3.0,,,,,100.0,0.0,100.0,0.0,,,76.0,24.0,,,100.0,28.0,100.0,1390.0,24.0,24.0,100.0,0.0,100.0,0.0,200.0,0.0,100.0,3707.0,100.0,34446414232.0,100.0,42963669944.0
2019-08-12,ZJV2E5KL,ST12000NM0007,12000138625024,0,81.0,117960168.0,96.0,0.0,100.0,3.0,100.0,0.0,87.0,554480909.0,96.0,3982.0,100.0,0.0,100.0,3.0,,,,,100.0,0.0,100.0,0.0,,,76.0,24.0,,,100.0,28.0,100.0,1392.0,24.0,24.0,100.0,0.0,100.0,0.0,200.0,0.0,100.0,3738.0,100.0,34593454512.0,100.0,43405491808.0
2019-08-13,ZJV2E5KL,ST12000NM0007,12000138625024,0,83.0,200948160.0,96.0,0.0,100.0,3.0,100.0,0.0,87.0,557739303.0,96.0,3998.0,100.0,0.0,100.0,3.0,,,,,100.0,0.0,100.0,0.0,,,75.0,25.0,,,100.0,28.0,100.0,1392.0,25.0,25.0,100.0,0.0,100.0,0.0,200.0,0.0,100.0,3754.0,100.0,34708321136.0,100.0,43617754128.0
2019-08-14,ZJV2E5KL,ST12000NM0007,12000138625024,0,70.0,9051456.0,96.0,0.0,100.0,3.0,100.0,0.0,88.0,564115883.0,96.0,4029.0,100.0,0.0,100.0,3.0,,,,,100.0,0.0,100.0,0.0,,,76.0,24.0,,,100.0,28.0,100.0,1394.0,24.0,24.0,100.0,0.0,100.0,0.0,200.0,0.0,100.0,3785.0,100.0,34920425072.0,100.0,43946175456.0
2019-08-15,ZJV2E5KL,ST12000NM0007,12000138625024,0,84.0,229733648.0,96.0,0.0,100.0,3.0,100.0,0.0,88.0,569764000.0,96.0,4061.0,100.0,0.0,100.0,3.0,,,,,100.0,0.0,100.0,0.0,,,77.0,23.0,,,100.0,28.0,100.0,1395.0,23.0,23.0,100.0,0.0,100.0,0.0,200.0,0.0,100.0,3817.0,100.0,35009089440.0,100.0,44322334048.0
2019-08-16,ZJV2E5KL,ST12000NM0007,12000138625024,0,83.0,183088104.0,96.0,0.0,100.0,3.0,100.0,0.0,88.0,571714555.0,96.0,4077.0,100.0,0.0,100.0,3.0,,,,,100.0,0.0,100.0,0.0,,,77.0,23.0,,,100.0,28.0,100.0,1396.0,23.0,23.0,100.0,0.0,100.0,0.0,200.0,0.0,100.0,3833.0,100.0,35046061136.0,100.0,44482857760.0
2019-08-17,ZJV2E5KL,ST12000NM0007,12000138625024,0,83.0,187473360.0,96.0,0.0,100.0,3.0,100.0,0.0,88.0,575871331.0,96.0,4109.0,100.0,0.0,100.0,3.0,,,,,100.0,0.0,100.0,0.0,,,77.0,23.0,,,100.0,28.0,100.0,1397.0,23.0,23.0,100.0,0.0,100.0,0.0,200.0,0.0,100.0,3864.0,100.0,35149070744.0,100.0,44872516488.0
2019-08-18,ZJV2E5KL,ST12000NM0007,12000138625024,0,83.0,221172040.0,96.0,0.0,100.0,3.0,100.0,0.0,88.0,577907775.0,96.0,4124.0,100.0,0.0,100.0,3.0,,,,,100.0,0.0,100.0,0.0,,,77.0,23.0,,,100.0,28.0,100.0,1397.0,23.0,23.0,100.0,0.0,100.0,0.0,200.0,0.0,100.0,3880.0,100.0,35190962576.0,100.0,45108465504.0
2019-08-19,ZJV2E5KL,ST12000NM0007,12000138625024,0,80.0,111626088.0,96.0,0.0,100.0,3.0,100.0,0.0,88.0,582584746.0,96.0,4156.0,100.0,0.0,100.0,3.0,,,,,100.0,0.0,100.0,0.0,,,76.0,24.0,,,100.0,28.0,100.0,1399.0,24.0,24.0,100.0,0.0,100.0,0.0,200.0,0.0,100.0,3911.0,100.0,35286140632.0,100.0,45392023032.0
2019-08-20,ZJV2E5KL,ST12000NM0007,12000138625024,0,79.0,82366536.0,96.0,0.0,100.0,3.0,100.0,0.0,88.0,584572044.0,96.0,4172.0,100.0,0.0,100.0,3.0,,,,,100.0,0.0,100.0,0.0,,,75.0,25.0,,,100.0,28.0,100.0,1399.0,25.0,25.0,100.0,0.0,100.0,0.0,200.0,0.0,100.0,3927.0,100.0,35343261224.0,100.0,45549783544.0
2019-08-21,ZJV2E5KL,ST12000NM0007,12000138625024,0,82.0,164263640.0,96.0,0.0,100.0,3.0,100.0,0.0,88.0,588894089.0,96.0,4204.0,100.0,0.0,100.0,3.0,,,,,100.0,0.0,100.0,0.0,,,76.0,24.0,,,100.0,30.0,100.0,1401.0,24.0,24.0,100.0,0.0,100.0,0.0,200.0,0.0,100.0,3959.0,100.0,35411830080.0,100.0,45807252608.0
2019-08-22,ZJV2E5KL,ST12000NM0007,12000138625024,0,81.0,121305864.0,96.0,0.0,100.0,3.0,100.0,0.0,88.0,590832842.0,96.0,4219.0,100.0,0.0,100.0,3.0,,,,,100.0,0.0,100.0,0.0,,,76.0,24.0,,,100.0,30.0,100.0,1402.0,24.0,24.0,100.0,0.0,100.0,0.0,200.0,0.0,100.0,3974.0,100.0,35438608032.0,100.0,45981657528.0
2019-08-23,ZJV2E5KL,ST12000NM0007,12000138625024,0,78.0,60429512.0,96.0,0.0,100.0,3.0,100.0,0.0,88.0,594721087.0,96.0,4251.0,100.0,0.0,100.0,3.0,,,,,100.0,0.0,100.0,0.0,,,76.0,24.0,,,100.0,30.0,100.0,1403.0,24.0,24.0,100.0,0.0,100.0,0.0,200.0,0.0,100.0,4006.0,100.0,35526367808.0,100.0,46321302872.0
2019-08-24,ZJV2E5KL,ST12000NM0007,12000138625024,0,78.0,56839976.0,96.0,0.0,100.0,3.0,100.0,0.0,88.0,597162731.0,96.0,4267.0,100.0,0.0,100.0,3.0,,,,,100.0,0.0,100.0,0.0,,,76.0,24.0,,,100.0,30.0,100.0,1404.0,24.0,24.0,100.0,0.0,100.0,0.0,200.0,0.0,100.0,4021.0,100.0,35596155824.0,100.0,46492066072.0
2019-08-25,ZJV2E5KL,ST12000NM0007,12000138625024,0,81.0,128267432.0,96.0,0.0,100.0,3.0,100.0,0.0,88.0,601736986.0,96.0,4299.0,100.0,0.0,100.0,3.0,,,,,100.0,0.0,100.0,0.0,,,76.0,24.0,,,100.0,30.0,100.0,1405.0,24.0,24.0,100.0,0.0,100.0,0.0,200.0,0.0,100.0,4053.0,100.0,35689613024.0,100.0,46714177000.0
2019-08-26,ZJV2E5KL,ST12000NM0007,12000138625024,0,80.0,109304048.0,96.0,0.0,100.0,3.0,100.0,0.0,88.0,607212397.0,96.0,4346.0,100.0,0.0,100.0,3.0,,,,,100.0,0.0,100.0,0.0,,,77.0,23.0,,,100.0,30.0,100.0,1407.0,23.0,23.0,100.0,0.0,100.0,0.0,200.0,0.0,100.0,4101.0,100.0,35809805504.0,100.0,47063302528.0
2019-08-27,ZJV2E5KL,ST12000NM0007,12000138625024,0,80.0,109304048.0,96.0,0.0,100.0,3.0,100.0,0.0,88.0,607212397.0,96.0,4346.0,100.0,0.0,100.0,3.0,,,,,100.0,0.0,100.0,0.0,,,77.0,23.0,,,100.0,30.0,100.0,1407.0,23.0,23.0,100.0,0.0,100.0,0.0,200.0,0.0,100.0,4101.0,100.0,35809805504.0,100.0,47063302528.0
2019-08-28,ZJV2E5KL,ST12000NM0007,12000138625024,0,77.0,50033456.0,96.0,0.0,100.0,3.0,100.0,0.0,88.0,610338738.0,96.0,4362.0,100.0,0.0,100.0,3.0,,,,,100.0,0.0,100.0,0.0,,,75.0,25.0,,,100.0,30.0,100.0,1408.0,25.0,25.0,100.0,0.0,100.0,0.0,200.0,0.0,100.0,4116.0,100.0,35860159216.0,100.0,47197819400.0
2019-08-29,ZJV2E5KL,ST12000NM0007,12000138625024,0,82.0,153378816.0,96.0,0.0,100.0,3.0,100.0,0.0,88.0,616020295.0,95.0,4394.0,100.0,0.0,100.0,3.0,,,,,100.0,0.0,100.0,0.0,,,77.0,23.0,,,100.0,30.0,100.0,1409.0,23.0,23.0,100.0,0.0,100.0,0.0,200.0,0.0,100.0,4148.0,100.0,35985537960.0,100.0,47664067728.0
2019-08-30,ZJV2E5KL,ST12000NM0007,12000138625024,0,81.0,117794608.0,96.0,0.0,100.0,3.0,100.0,0.0,88.0,618215822.0,95.0,4409.0,100.0,0.0,100.0,3.0,,,,,100.0,0.0,100.0,0.0,,,75.0,25.0,,,100.0,30.0,100.0,1410.0,25.0,25.0,100.0,0.0,100.0,0.0,200.0,0.0,100.0,4163.0,100.0,36038278928.0,100.0,47819883304.0
2019-08-31,ZJV2E5KL,ST12000NM0007,12000138625024,0,78.0,57760704.0,96.0,0.0,100.0,3.0,100.0,0.0,88.0,622752470.0,95.0,4441.0,100.0,0.0,100.0,3.0,,,,,100.0,0.0,100.0,0.0,,,77.0,23.0,,,100.0,31.0,100.0,1411.0,23.0,23.0,100.0,0.0,100.0,0.0,200.0,0.0,100.0,4195.0,100.0,36146743752.0,100.0,48139666272.0
2019-09-01,ZJV2E5KL,ST12000NM0007,12000138625024,0,83.0,204082888.0,96.0,0.0,100.0,3.0,100.0,0.0,88.0,624836675.0,95.0,4457.0,100.0,0.0,100.0,3.0,,,,,100.0,0.0,100.0,0.0,,,76.0,24.0,,,100.0,31.0,100.0,1412.0,24.0,24.0,100.0,0.0,100.0,0.0,200.0,0.0,100.0,4211.0,100.0,36189318768.0,100.0,48243413440.0
2019-09-02,ZJV2E5KL,ST12000NM0007,12000138625024,0,78.0,62651160.0,96.0,0.0,100.0,3.0,100.0,0.0,88.0,629681378.0,95.0,4489.0,100.0,0.0,100.0,3.0,,,,,100.0,0.0,100.0,0.0,,,76.0,24.0,,,100.0,31.0,100.0,1413.0,24.0,24.0,100.0,0.0,100.0,0.0,200.0,0.0,100.0,4243.0,100.0,36264676864.0,100.0,48514905368.0
2019-09-03,ZJV2E5KL,ST12000NM0007,12000138625024,0,71.0,11664424.0,96.0,0.0,100.0,3.0,100.0,0.0,88.0,631755368.0,95.0,4505.0,100.0,0.0,100.0,3.0,,,,,100.0,0.0,100.0,0.0,,,75.0,25.0,,,100.0,31.0,100.0,1414.0,25.0,25.0,100.0,0.0,100.0,0.0,200.0,0.0,100.0,4258.0,100.0,36309868216.0,100.0,48662867912.0
2019-09-04,ZJV2E5KL,ST12000NM0007,12000138625024,0,81.0,139017336.0,96.0,0.0,100.0,3.0,100.0,0.0,88.0,636426230.0,95.0,4536.0,100.0,0.0,100.0,3.0,,,,,100.0,0.0,100.0,0.0,,,77.0,23.0,,,100.0,31.0,100.0,1415.0,23.0,23.0,100.0,0.0,100.0,0.0,200.0,0.0,100.0,4290.0,100.0,36394931792.0,100.0,48949297888.0
2019-09-05,ZJV2E5KL,ST12000NM0007,12000138625024,0,83.0,187231304.0,96.0,0.0,100.0,3.0,100.0,0.0,88.0,639034156.0,95.0,4552.0,100.0,0.0,100.0,3.0,,,,,100.0,0.0,100.0,0.0,,,76.0,24.0,,,100.0,31.0,100.0,1416.0,24.0,24.0,100.0,0.0,100.0,0.0,200.0,0.0,100.0,4306.0,100.0,36461466992.0,100.0,49175117480.0
2019-09-06,ZJV2E5KL,ST12000NM0007,12000138625024,0,77.0,54630472.0,96.0,0.0,100.0,3.0,100.0,0.0,88.0,642934040.0,95.0,4584.0,100.0,0.0,100.0,3.0,,,,,100.0,0.0,100.0,0.0,,,77.0,23.0,,,100.0,31.0,100.0,1417.0,23.0,23.0,100.0,0.0,100.0,0.0,200.0,0.0,100.0,4337.0,100.0,36538293232.0,100.0,49453972496.0
2019-09-07,ZJV2E5KL,ST12000NM0007,12000138625024,0,70.0,9540800.0,96.0,0.0,100.0,3.0,100.0,0.0,88.0,644786129.0,95.0,4600.0,100.0,0.0,100.0,3.0,,,,,100.0,0.0,100.0,0.0,,,76.0,24.0,,,100.0,31.0,100.0,1418.0,24.0,24.0,100.0,0.0,100.0,0.0,200.0,0.0,100.0,4353.0,100.0,36582272472.0,100.0,49609044392.0
2019-09-08,ZJV2E5KL,ST12000NM0007,12000138625024,0,66.0,3982776.0,96.0,0.0,100.0,3.0,100.0,0.0,88.0,649580405.0,95.0,4631.0,100.0,0.0,100.0,3.0,,,,,100.0,0.0,100.0,0.0,,,74.0,26.0,,,100.0,31.0,100.0,1419.0,26.0,26.0,100.0,0.0,100.0,0.0,200.0,0.0,100.0,4384.0,100.0,36729624104.0,100.0,49944416136.0
2019-09-09,ZJV2E5KL,ST12000NM0007,12000138625024,0,78.0,65496232.0,96.0,0.0,100.0,3.0,100.0,0.0,88.0,653181469.0,95.0,4647.0,100.0,0.0,100.0,3.0,,,,,100.0,0.0,100.0,0.0,,,76.0,24.0,,,100.0,31.0,100.0,1420.0,24.0,24.0,100.0,0.0,100.0,0.0,200.0,0.0,100.0,4400.0,100.0,36801052344.0,100.0,50178642040.0
2019-09-10,ZJV2E5KL,ST12000NM0007,12000138625024,0,83.0,216480192.0,96.0,0.0,100.0,3.0,100.0,0.0,88.0,657385374.0,95.0,4679.0,100.0,0.0,100.0,3.0,,,,,100.0,0.0,100.0,0.0,,,75.0,25.0,,,100.0,31.0,100.0,1421.0,25.0,25.0,100.0,0.0,100.0,0.0,200.0,0.0,100.0,4431.0,100.0,36864333520.0,100.0,50510485808.0
2019-09-11,ZJV2E5KL,ST12000NM0007,12000138625024,0,82.0,145179480.0,96.0,0.0,100.0,3.0,100.0,0.0,88.0,660390217.0,95.0,4695.0,100.0,0.0,100.0,3.0,,,,,100.0,0.0,100.0,0.0,,,75.0,25.0,,,100.0,31.0,100.0,1423.0,25.0,25.0,100.0,0.0,100.0,0.0,200.0,0.0,100.0,4447.0,100.0,36931641064.0,100.0,50616018352.0
2019-09-12,ZJV2E5KL,ST12000NM0007,12000138625024,0,76.0,39071512.0,96.0,0.0,100.0,3.0,100.0,0.0,88.0,665202769.0,95.0,4726.0,100.0,0.0,100.0,3.0,,,,,100.0,0.0,100.0,0.0,,,76.0,24.0,,,100.0,32.0,100.0,1425.0,24.0,24.0,100.0,0.0,100.0,0.0,200.0,0.0,100.0,4478.0,100.0,37065064864.0,100.0,50864767928.0
2019-09-13,ZJV2E5KL,ST12000NM0007,12000138625024,0,83.0,199539296.0,96.0,0.0,100.0,3.0,100.0,0.0,88.0,668550160.0,95.0,4742.0,100.0,0.0,100.0,3.0,,,,,100.0,0.0,100.0,0.0,,,76.0,24.0,,,100.0,32.0,100.0,1426.0,24.0,24.0,100.0,0.0,100.0,0.0,200.0,0.0,100.0,4494.0,100.0,37106667352.0,100.0,50983633232.0
2019-09-14,ZJV2E5KL,ST12000NM0007,12000138625024,0,78.0,66438424.0,96.0,0.0,100.0,3.0,100.0,0.0,88.0,672850191.0,95.0,4774.0,100.0,0.0,100.0,3.0,,,,,100.0,0.0,100.0,0.0,,,75.0,25.0,,,100.0,32.0,100.0,1427.0,25.0,25.0,100.0,0.0,100.0,0.0,200.0,0.0,100.0,4525.0,100.0,37188675552.0,100.0,51256805656.0
2019-09-15,ZJV2E5KL,ST12000NM0007,12000138625024,0,79.0,74200456.0,96.0,0.0,100.0,3.0,100.0,0.0,88.0,675576271.0,95.0,4790.0,100.0,0.0,100.0,3.0,,,,,100.0,0.0,100.0,0.0,,,76.0,24.0,,,100.0,32.0,100.0,1428.0,24.0,24.0,100.0,0.0,100.0,0.0,200.0,0.0,100.0,4541.0,100.0,37261101808.0,100.0,51436282088.0
2019-09-16,ZJV2E5KL,ST12000NM0007,12000138625024,0,82.0,160263712.0,96.0,0.0,100.0,3.0,100.0,0.0,88.0,682181069.0,95.0,4821.0,100.0,0.0,100.0,3.0,,,,,100.0,0.0,100.0,0.0,,,76.0,24.0,,,100.0,32.0,100.0,1429.0,24.0,24.0,100.0,0.0,100.0,0.0,200.0,0.0,100.0,4573.0,100.0,37456795224.0,100.0,51814933608.0
2019-09-17,ZJV2E5KL,ST12000NM0007,12000138625024,0,82.0,167547864.0,96.0,0.0,100.0,3.0,100.0,0.0,88.0,684698724.0,95.0,4837.0,100.0,0.0,100.0,3.0,,,,,100.0,0.0,100.0,0.0,,,76.0,24.0,,,100.0,32.0,100.0,1429.0,24.0,24.0,100.0,0.0,100.0,0.0,200.0,0.0,100.0,4588.0,100.0,37554855008.0,100.0,51968298880.0
2019-09-18,ZJV2E5KL,ST12000NM0007,12000138625024,0,83.0,223552968.0,96.0,0.0,100.0,3.0,100.0,0.0,88.0,689725452.0,95.0,4869.0,100.0,0.0,100.0,3.0,,,,,100.0,0.0,100.0,0.0,,,76.0,24.0,,,100.0,33.0,100.0,1431.0,24.0,24.0,100.0,0.0,100.0,0.0,200.0,0.0,100.0,4620.0,100.0,37677442536.0,100.0,52145857088.0
2019-09-19,ZJV2E5KL,ST12000NM0007,12000138625024,0,83.0,215822896.0,96.0,0.0,100.0,3.0,100.0,0.0,88.0,692791741.0,95.0,4901.0,100.0,0.0,100.0,3.0,,,,,100.0,0.0,100.0,0.0,,,76.0,24.0,,,100.0,33.0,100.0,1432.0,24.0,24.0,100.0,0.0,100.0,0.0,200.0,0.0,100.0,4652.0,100.0,37726640656.0,100.0,52333069672.0
2019-09-20,ZJV2E5KL,ST12000NM0007,12000138625024,0,82.0,169429760.0,96.0,0.0,100.0,3.0,100.0,0.0,88.0,694931449.0,95.0,4916.0,100.0,0.0,100.0,3.0,,,,,100.0,0.0,100.0,0.0,,,75.0,25.0,,,100.0,33.0,100.0,1433.0,25.0,25.0,100.0,0.0,100.0,0.0,200.0,0.0,100.0,4667.0,100.0,37783718536.0,100.0,52473739544.0
2019-09-21,ZJV2E5KL,ST12000NM0007,12000138625024,0,82.0,170571488.0,96.0,0.0,100.0,3.0,100.0,0.0,88.0,697607246.0,95.0,4933.0,100.0,0.0,100.0,3.0,,,,,100.0,0.0,100.0,0.0,,,76.0,24.0,,,100.0,33.0,100.0,1434.0,24.0,24.0,100.0,0.0,100.0,0.0,200.0,0.0,100.0,4683.0,100.0,37859742840.0,100.0,52642997736.0
2019-09-22,ZJV2E5KL,ST12000NM0007,12000138625024,0,76.0,37433688.0,96.0,0.0,100.0,3.0,100.0,0.0,88.0,702017152.0,95.0,4964.0,100.0,0.0,100.0,3.0,,,,,100.0,0.0,100.0,0.0,,,75.0,25.0,,,100.0,33.0,100.0,1435.0,25.0,25.0,100.0,0.0,100.0,0.0,200.0,0.0,100.0,4715.0,100.0,37943265080.0,100.0,52914618968.0
2019-09-23,ZJV2E5KL,ST12000NM0007,12000138625024,0,84.0,229207008.0,96.0,0.0,100.0,3.0,100.0,0.0,88.0,705473770.0,95.0,4980.0,100.0,0.0,100.0,3.0,,,,,100.0,0.0,100.0,0.0,,,76.0,24.0,,,100.0,33.0,100.0,1436.0,24.0,24.0,100.0,0.0,100.0,0.0,200.0,0.0,100.0,4730.0,100.0,37986754752.0,100.0,53062902616.0
2019-09-24,ZJV2E5KL,ST12000NM0007,12000138625024,0,80.0,105242640.0,96.0,0.0,100.0,3.0,100.0,0.0,89.0,709563554.0,95.0,5012.0,100.0,0.0,100.0,3.0,,,,,100.0,0.0,100.0,0.0,,,76.0,24.0,,,100.0,34.0,100.0,1437.0,24.0,24.0,100.0,0.0,100.0,0.0,200.0,0.0,100.0,4762.0,100.0,38064381496.0,100.0,53349592976.0
2019-09-25,ZJV2E5KL,ST12000NM0007,12000138625024,0,84.0,242512864.0,96.0,0.0,100.0,3.0,100.0,0.0,89.0,714527961.0,95.0,5044.0,100.0,0.0,100.0,3.0,,,,,100.0,0.0,100.0,0.0,,,76.0,24.0,,,100.0,35.0,100.0,1439.0,24.0,24.0,100.0,0.0,100.0,0.0,200.0,0.0,100.0,4793.0,100.0,38130678032.0,100.0,53664707632.0
2019-09-26,ZJV2E5KL,ST12000NM0007,12000138625024,0,83.0,199499312.0,96.0,0.0,100.0,3.0,100.0,0.0,89.0,716722969.0,95.0,5060.0,100.0,0.0,100.0,3.0,,,,,100.0,0.0,100.0,0.0,,,76.0,24.0,,,100.0,35.0,100.0,1439.0,24.0,24.0,100.0,0.0,100.0,0.0,200.0,0.0,100.0,4809.0,100.0,38159598552.0,100.0,53836914376.0
2019-09-27,ZJV2E5KL,ST12000NM0007,12000138625024,0,79.0,82209824.0,96.0,0.0,100.0,3.0,100.0,0.0,89.0,720880241.0,95.0,5091.0,100.0,0.0,100.0,3.0,,,,,100.0,0.0,100.0,0.0,,,76.0,24.0,,,100.0,35.0,100.0,1441.0,24.0,24.0,100.0,0.0,100.0,0.0,200.0,0.0,100.0,4840.0,100.0,38223846784.0,100.0,54143658112.0
2019-09-28,ZJV2E5KL,ST12000NM0007,12000138625024,0,81.0,116315432.0,96.0,0.0,100.0,3.0,100.0,0.0,89.0,723640214.0,95.0,5107.0,100.0,0.0,100.0,3.0,,,,,100.0,0.0,100.0,0.0,,,76.0,24.0,,,100.0,35.0,100.0,1441.0,24.0,24.0,100.0,0.0,100.0,0.0,200.0,0.0,100.0,4856.0,100.0,38324744016.0,100.0,54321007456.0
2019-09-29,ZJV2E5KL,ST12000NM0007,12000138625024,0,74.0,26764928.0,96.0,0.0,100.0,3.0,100.0,0.0,89.0,728522214.0,95.0,5139.0,100.0,0.0,100.0,3.0,,,,,100.0,0.0,100.0,0.0,,,75.0,25.0,,,100.0,35.0,100.0,1443.0,25.0,25.0,100.0,0.0,100.0,0.0,200.0,0.0,100.0,4887.0,100.0,38385785032.0,100.0,54658697768.0
2019-09-30,ZJV2E5KL,ST12000NM0007,12000138625024,0,79.0,82602184.0,96.0,0.0,100.0,3.0,100.0,0.0,89.0,731907148.0,95.0,5155.0,100.0,0.0,100.0,3.0,,,,,100.0,0.0,100.0,0.0,,,75.0,25.0,,,100.0,35.0,100.0,1444.0,25.0,25.0,100.0,0.0,100.0,0.0,200.0,0.0,100.0,4903.0,100.0,38453609528.0,100.0,54890851320.0
2019-10-01,ZJV2E5KL,ST12000NM0007,12000138625024,0,84.0,235155272.0,96.0,0.0,100.0,3.0,100.0,0.0,89.0,736836786.0,95.0,5186.0,100.0,0.0,100.0,3.0,,,,,100.0,0.0,100.0,0.0,,,74.0,26.0,,,100.0,36.0,100.0,1445.0,26.0,26.0,100.0,0.0,100.0,0.0,200.0,0.0,100.0,4934.0,100.0,38632226808.0,100.0,55353068864.0
2019-10-02,ZJV2E5KL,ST12000NM0007,12000138625024,0,82.0,162823336.0,96.0,0.0,100.0,3.0,100.0,0.0,89.0,739861549.0,95.0,5202.0,100.0,0.0,100.0,3.0,,,,,100.0,0.0,100.0,0.0,,,76.0,24.0,,,100.0,36.0,100.0,1446.0,24.0,24.0,100.0,0.0,100.0,0.0,200.0,0.0,100.0,4950.0,100.0,38664646936.0,100.0,55492457448.0
2019-10-03,ZJV2E5KL,ST12000NM0007,12000138625024,0,82.0,173842592.0,96.0,0.0,100.0,3.0,100.0,0.0,89.0,742081960.0,95.0,5234.0,100.0,0.0,100.0,3.0,,,,,100.0,0.0,100.0,0.0,,,77.0,23.0,,,100.0,37.0,100.0,1447.0,23.0,23.0,100.0,0.0,100.0,0.0,200.0,0.0,100.0,4982.0,100.0,38722147608.0,100.0,55690116736.0
2019-10-04,ZJV2E5KL,ST12000NM0007,12000138625024,0,75.0,35378872.0,96.0,0.0,100.0,3.0,100.0,0.0,89.0,742996216.0,95.0,5250.0,100.0,0.0,100.0,3.0,,,,,100.0,0.0,100.0,0.0,,,76.0,24.0,,,100.0,38.0,100.0,1448.0,24.0,24.0,100.0,0.0,100.0,0.0,200.0,0.0,100.0,4998.0,100.0,38734108040.0,100.0,55783833216.0
2019-10-05,ZJV2E5KL,ST12000NM0007,12000138625024,0,71.0,12513832.0,96.0,0.0,100.0,3.0,100.0,0.0,89.0,745278468.0,94.0,5281.0,100.0,0.0,100.0,3.0,,,,,100.0,0.0,100.0,0.0,,,77.0,23.0,,,100.0,38.0,100.0,1449.0,23.0,23.0,100.0,0.0,100.0,0.0,200.0,0.0,100.0,5029.0,100.0,38755193976.0,100.0,55984022872.0
2019-10-06,ZJV2E5KL,ST12000NM0007,12000138625024,0,81.0,118002008.0,96.0,0.0,100.0,3.0,100.0,0.0,89.0,746318901.0,94.0,5297.0,100.0,0.0,100.0,3.0,,,,,100.0,0.0,100.0,0.0,,,77.0,23.0,,,100.0,38.0,100.0,1450.0,23.0,23.0,100.0,0.0,100.0,0.0,200.0,0.0,100.0,5045.0,100.0,38770247512.0,100.0,56074457512.0
2019-10-07,ZJV2E5KL,ST12000NM0007,12000138625024,0,82.0,145808512.0,96.0,0.0,100.0,3.0,100.0,0.0,89.0,750135450.0,94.0,5329.0,100.0,0.0,100.0,3.0,,,,,100.0,0.0,100.0,0.0,,,77.0,23.0,,,100.0,38.0,100.0,1451.0,23.0,23.0,100.0,0.0,100.0,0.0,200.0,0.0,100.0,5076.0,100.0,38821824776.0,100.0,56294827432.0
2019-10-08,ZJV2E5KL,ST12000NM0007,12000138625024,0,77.0,46648216.0,96.0,0.0,100.0,3.0,100.0,0.0,89.0,751786821.0,94.0,5345.0,100.0,0.0,100.0,3.0,,,,,100.0,0.0,100.0,0.0,,,75.0,25.0,,,100.0,38.0,100.0,1452.0,25.0,25.0,100.0,0.0,100.0,0.0,200.0,0.0,100.0,5092.0,100.0,38859842088.0,100.0,56401790456.0
2019-10-09,ZJV2E5KL,ST12000NM0007,12000138625024,0,79.0,80275208.0,96.0,0.0,100.0,3.0,100.0,0.0,89.0,756275549.0,94.0,5377.0,100.0,0.0,100.0,3.0,,,,,100.0,0.0,100.0,0.0,,,77.0,23.0,,,100.0,38.0,100.0,1453.0,23.0,23.0,100.0,0.0,100.0,0.0,200.0,0.0,100.0,5124.0,100.0,38946215736.0,100.0,56593185080.0
2019-10-10,ZJV2E5KL,ST12000NM0007,12000138625024,0,83.0,222162984.0,96.0,0.0,100.0,3.0,100.0,0.0,89.0,757891189.0,94.0,5392.0,100.0,0.0,100.0,3.0,,,,,100.0,0.0,100.0,0.0,,,76.0,24.0,,,100.0,39.0,100.0,1454.0,24.0,24.0,100.0,0.0,100.0,0.0,200.0,0.0,100.0,5139.0,100.0,38986824832.0,100.0,56694463760.0
2019-10-11,ZJV2E5KL,ST12000NM0007,12000138625024,0,83.0,182509864.0,96.0,0.0,100.0,3.0,100.0,0.0,89.0,760358116.0,94.0,5424.0,100.0,0.0,100.0,3.0,,,,,100.0,0.0,100.0,0.0,,,76.0,24.0,,,100.0,39.0,100.0,1455.0,24.0,24.0,100.0,0.0,100.0,0.0,200.0,0.0,100.0,5171.0,100.0,39054094832.0,100.0,56831681464.0
2019-10-12,ZJV2E5KL,ST12000NM0007,12000138625024,0,100.0,489496.0,96.0,0.0,100.0,3.0,100.0,0.0,89.0,761173352.0,94.0,5440.0,100.0,0.0,100.0,3.0,,,,,100.0,0.0,100.0,0.0,,,77.0,23.0,,,100.0,40.0,100.0,1456.0,23.0,23.0,100.0,0.0,100.0,0.0,200.0,0.0,100.0,5187.0,100.0,39080190496.0,100.0,56867706064.0
2019-10-13,ZJV2E5KL,ST12000NM0007,12000138625024,0,81.0,117100944.0,96.0,0.0,100.0,3.0,100.0,0.0,89.0,763542448.0,94.0,5471.0,100.0,0.0,100.0,3.0,,,,,100.0,0.0,100.0,0.0,,,74.0,26.0,,,100.0,41.0,100.0,1457.0,26.0,26.0,100.0,0.0,100.0,0.0,200.0,0.0,100.0,5218.0,100.0,39123502288.0,100.0,56941005720.0
2019-10-14,ZJV2E5KL,ST12000NM0007,12000138625024,0,83.0,195687632.0,96.0,0.0,100.0,3.0,100.0,0.0,89.0,764600873.0,94.0,5487.0,100.0,0.0,100.0,3.0,,,,,100.0,0.0,100.0,0.0,,,74.0,26.0,,,100.0,42.0,100.0,1458.0,26.0,26.0,100.0,0.0,100.0,0.0,200.0,0.0,100.0,5234.0,100.0,39145942568.0,100.0,56997152128.0
2019-10-15,ZJV2E5KL,ST12000NM0007,12000138625024,0,78.0,60149056.0,96.0,0.0,100.0,3.0,100.0,0.0,89.0,770813553.0,94.0,5535.0,100.0,0.0,100.0,3.0,,,,,100.0,0.0,100.0,0.0,,,75.0,25.0,,,100.0,44.0,100.0,1460.0,25.0,25.0,100.0,0.0,100.0,0.0,200.0,0.0,100.0,5281.0,100.0,39214497248.0,100.0,57281340200.0
2019-10-16,ZJV2E5KL,ST12000NM0007,12000138625024,0,78.0,60149056.0,96.0,0.0,100.0,3.0,100.0,0.0,89.0,770813553.0,94.0,5535.0,100.0,0.0,100.0,3.0,,,,,100.0,0.0,100.0,0.0,,,75.0,25.0,,,100.0,44.0,100.0,1460.0,25.0,25.0,100.0,0.0,100.0,0.0,200.0,0.0,100.0,5281.0,100.0,39214497248.0,100.0,57281340200.0
2019-10-17,ZJV2E5KL,ST12000NM0007,12000138625024,0,76.0,42726472.0,96.0,0.0,100.0,3.0,100.0,0.0,89.0,774398378.0,94.0,5566.0,100.0,0.0,100.0,3.0,,,,,100.0,0.0,100.0,0.0,,,76.0,24.0,,,100.0,44.0,100.0,1461.0,24.0,24.0,100.0,0.0,100.0,0.0,200.0,0.0,100.0,5313.0,100.0,39269438216.0,100.0,57697258232.0
2019-10-18,ZJV2E5KL,ST12000NM0007,12000138625024,0,76.0,43003992.0,96.0,0.0,100.0,3.0,100.0,0.0,89.0,776180786.0,94.0,5582.0,100.0,0.0,100.0,3.0,,,,,100.0,0.0,100.0,0.0,,,76.0,24.0,,,100.0,45.0,100.0,1462.0,24.0,24.0,100.0,0.0,100.0,0.0,200.0,0.0,100.0,5328.0,100.0,39300889608.0,100.0,57910224992.0
2019-10-19,ZJV2E5KL,ST12000NM0007,12000138625024,0,78.0,59586056.0,96.0,0.0,100.0,3.0,100.0,0.0,89.0,779656645.0,94.0,5614.0,100.0,0.0,100.0,3.0,,,,,100.0,0.0,100.0,0.0,,,76.0,24.0,,,100.0,45.0,100.0,1464.0,24.0,24.0,100.0,0.0,100.0,0.0,200.0,0.0,100.0,5360.0,100.0,39356603216.0,100.0,58359374840.0
2019-10-20,ZJV2E5KL,ST12000NM0007,12000138625024,0,74.0,28161968.0,96.0,0.0,100.0,3.0,100.0,0.0,89.0,781639700.0,94.0,5630.0,100.0,0.0,100.0,3.0,,,,,100.0,0.0,100.0,0.0,,,76.0,24.0,,,100.0,45.0,100.0,1464.0,24.0,24.0,100.0,0.0,100.0,0.0,200.0,0.0,100.0,5376.0,100.0,39396847472.0,100.0,58531847352.0
2019-10-21,ZJV2E5KL,ST12000NM0007,12000138625024,0,76.0,38136928.0,96.0,0.0,100.0,3.0,100.0,0.0,89.0,786089528.0,94.0,5661.0,100.0,0.0,100.0,3.0,,,,,100.0,0.0,100.0,0.0,,,76.0,24.0,,,100.0,46.0,100.0,1466.0,24.0,24.0,100.0,0.0,100.0,0.0,200.0,0.0,100.0,5407.0,100.0,39459468056.0,100.0,58967483168.0
2019-10-22,ZJV2E5KL,ST12000NM0007,12000138625024,0,75.0,31667728.0,96.0,0.0,100.0,3.0,100.0,0.0,89.0,787753963.0,94.0,5677.0,100.0,0.0,100.0,3.0,,,,,100.0,0.0,100.0,0.0,,,75.0,25.0,,,100.0,46.0,100.0,1466.0,25.0,25.0,100.0,0.0,100.0,0.0,200.0,0.0,100.0,5423.0,100.0,39492237408.0,100.0,59172385304.0
2019-10-23,ZJV2E5KL,ST12000NM0007,12000138625024,0,84.0,226339896.0,96.0,0.0,100.0,3.0,100.0,0.0,89.0,792730342.0,94.0,5709.0,100.0,0.0,100.0,3.0,,,,,100.0,0.0,100.0,0.0,,,75.0,25.0,,,100.0,46.0,100.0,1468.0,25.0,25.0,100.0,0.0,100.0,0.0,200.0,0.0,100.0,5454.0,100.0,39587698456.0,100.0,59515737128.0
2019-10-24,ZJV2E5KL,ST12000NM0007,12000138625024,0,83.0,185223688.0,96.0,0.0,100.0,3.0,100.0,0.0,89.0,796476109.0,94.0,5741.0,100.0,0.0,100.0,3.0,,,,,100.0,0.0,100.0,0.0,,,74.0,26.0,,,100.0,46.0,100.0,1469.0,26.0,26.0,100.0,0.0,100.0,0.0,200.0,0.0,100.0,5486.0,100.0,39696792016.0,100.0,59853809080.0
2019-10-25,ZJV2E5KL,ST12000NM0007,12000138625024,0,82.0,148565976.0,96.0,0.0,100.0,3.0,100.0,0.0,89.0,798091089.0,94.0,5756.0,100.0,0.0,100.0,3.0,,,,,100.0,0.0,100.0,0.0,,,75.0,25.0,,,100.0,46.0,100.0,1469.0,25.0,25.0,100.0,0.0,100.0,0.0,200.0,0.0,100.0,5501.0,100.0,39743168656.0,100.0,60014915448.0
2019-10-26,ZJV2E5KL,ST12000NM0007,12000138625024,0,82.0,170004560.0,96.0,0.0,100.0,3.0,100.0,0.0,89.0,802124441.0,94.0,5788.0,100.0,0.0,100.0,3.0,,,,,100.0,0.0,100.0,0.0,,,75.0,25.0,,,100.0,46.0,100.0,1471.0,25.0,25.0,100.0,0.0,100.0,0.0,200.0,0.0,100.0,5532.0,100.0,39840325168.0,100.0,60427479000.0
2019-10-27,ZJV2E5KL,ST12000NM0007,12000138625024,0,83.0,180652181.0,96.0,0.0,100.0,3.0,100.0,0.0,89.0,804147809.0,94.0,5804.0,100.0,0.0,100.0,3.0,,,,,100.0,0.0,100.0,0.0,,,76.0,24.0,,,100.0,46.0,100.0,1472.0,24.0,24.0,100.0,0.0,100.0,0.0,200.0,0.0,100.0,5548.0,100.0,39878088648.0,100.0,60644503853.0
2019-10-28,ZJV2E5KL,ST12000NM0007,12000138625024,0,82.0,176460056.0,96.0,0.0,100.0,3.0,100.0,0.0,89.0,807593228.0,94.0,5820.0,100.0,0.0,100.0,3.0,,,,,100.0,0.0,100.0,0.0,,,75.0,25.0,,,100.0,46.0,100.0,1472.0,25.0,25.0,100.0,0.0,100.0,0.0,200.0,0.0,100.0,5564.0,100.0,39923558824.0,100.0,60838982189.0
2019-10-29,ZJV2E5KL,ST12000NM0007,12000138625024,0,74.0,26061448.0,96.0,0.0,100.0,3.0,100.0,0.0,89.0,811442768.0,94.0,5851.0,100.0,0.0,100.0,3.0,,,,,100.0,0.0,100.0,0.0,,,76.0,24.0,,,100.0,47.0,100.0,1474.0,24.0,24.0,100.0,0.0,100.0,0.0,200.0,0.0,100.0,5596.0,100.0,39991955704.0,100.0,61108468189.0
2019-10-30,ZJV2E5KL,ST12000NM0007,12000138625024,0,80.0,100533320.0,96.0,0.0,100.0,3.0,100.0,0.0,89.0,817069826.0,94.0,5883.0,100.0,0.0,100.0,3.0,,,,,100.0,0.0,100.0,0.0,,,76.0,24.0,,,100.0,48.0,100.0,1475.0,24.0,24.0,100.0,0.0,100.0,0.0,200.0,0.0,100.0,5627.0,100.0,40074999784.0,100.0,61344036709.0
2019-10-31,ZJV2E5KL,ST12000NM0007,12000138625024,0,80.0,89704112.0,96.0,0.0,100.0,3.0,100.0,0.0,89.0,819095844.0,94.0,5899.0,100.0,0.0,100.0,3.0,,,,,100.0,0.0,100.0,0.0,,,76.0,24.0,,,100.0,48.0,100.0,1475.0,24.0,24.0,100.0,0.0,100.0,0.0,200.0,0.0,100.0,5643.0,100.0,40119772320.0,100.0,61532575765.0
2019-11-01,ZJV2E5KL,ST12000NM0007,12000138625024,0,80.0,105988504.0,96.0,0.0,100.0,3.0,100.0,0.0,89.0,822803112.0,94.0,5930.0,100.0,0.0,100.0,3.0,,,,,100.0,0.0,100.0,0.0,,,76.0,24.0,,,100.0,48.0,100.0,1477.0,24.0,24.0,100.0,0.0,100.0,0.0,200.0,0.0,100.0,5674.0,100.0,40203533664.0,100.0,61953380253.0
2019-11-02,ZJV2E5KL,ST12000NM0007,12000138625024,0,80.0,89836000.0,96.0,0.0,100.0,3.0,100.0,0.0,89.0,824559560.0,94.0,5946.0,100.0,0.0,100.0,3.0,,,,,100.0,0.0,100.0,0.0,,,77.0,23.0,,,100.0,48.0,100.0,1477.0,23.0,23.0,100.0,0.0,100.0,0.0,200.0,0.0,100.0,5690.0,100.0,40237242488.0,100.0,62147659901.0
2019-11-03,ZJV2E5KL,ST12000NM0007,12000138625024,0,79.0,77007480.0,96.0,0.0,100.0,3.0,100.0,0.0,89.0,828160311.0,94.0,5978.0,100.0,0.0,100.0,3.0,,,,,100.0,0.0,100.0,0.0,,,76.0,24.0,,,100.0,48.0,100.0,1479.0,24.0,24.0,100.0,0.0,100.0,0.0,200.0,0.0,100.0,5722.0,100.0,40279426448.0,100.0,62580928813.0
2019-11-04,ZJV2E5KL,ST12000NM0007,12000138625024,0,79.0,80935576.0,96.0,0.0,100.0,3.0,100.0,0.0,89.0,830618658.0,94.0,5994.0,100.0,0.0,100.0,3.0,,,,,100.0,0.0,100.0,0.0,,,78.0,22.0,,,100.0,48.0,100.0,1479.0,22.0,22.0,100.0,0.0,100.0,0.0,200.0,0.0,100.0,5738.0,100.0,40316519704.0,100.0,62791904501.0
2019-11-05,ZJV2E5KL,ST12000NM0007,12000138625024,0,78.0,65075048.0,96.0,0.0,100.0,3.0,100.0,0.0,89.0,833888212.0,94.0,6026.0,100.0,0.0,100.0,3.0,,,,,100.0,0.0,100.0,0.0,,,76.0,24.0,,,100.0,49.0,100.0,1481.0,24.0,24.0,100.0,0.0,100.0,0.0,200.0,0.0,100.0,5769.0,100.0,40382004704.0,100.0,63198840517.0
2019-11-06,ZJV2E5KL,ST12000NM0007,12000138625024,0,74.0,23459288.0,96.0,0.0,100.0,3.0,100.0,0.0,89.0,837451971.0,94.0,6041.0,100.0,0.0,100.0,3.0,,,,,100.0,0.0,100.0,0.0,,,75.0,25.0,,,100.0,49.0,100.0,1481.0,25.0,25.0,100.0,0.0,100.0,0.0,200.0,0.0,100.0,5785.0,100.0,40434508552.0,100.0,63348861541.0
2019-11-07,ZJV2E5KL,ST12000NM0007,12000138625024,0,81.0,133750344.0,96.0,0.0,100.0,3.0,100.0,0.0,89.0,843541896.0,94.0,6073.0,100.0,0.0,100.0,3.0,,,,,100.0,0.0,100.0,0.0,,,76.0,24.0,,,100.0,49.0,100.0,1483.0,24.0,24.0,100.0,0.0,100.0,0.0,200.0,0.0,100.0,5816.0,100.0,40566748344.0,100.0,63815194341.0
2019-11-08,ZJV2E5KL,ST12000NM0007,12000138625024,0,82.0,164730472.0,96.0,0.0,100.0,3.0,100.0,0.0,89.0,846242284.0,94.0,6089.0,100.0,0.0,100.0,3.0,,,,,100.0,0.0,100.0,0.0,,,76.0,24.0,,,100.0,49.0,100.0,1484.0,24.0,24.0,100.0,0.0,100.0,0.0,200.0,0.0,100.0,5832.0,100.0,40641947016.0,100.0,64015116725.0
2019-11-09,ZJV2E5KL,ST12000NM0007,12000138625024,0,72.0,17730768.0,96.0,0.0,100.0,3.0,100.0,0.0,89.0,851724428.0,94.0,6121.0,100.0,0.0,100.0,3.0,,,,,100.0,0.0,100.0,0.0,,,76.0,24.0,,,100.0,50.0,100.0,1485.0,24.0,24.0,100.0,0.0,100.0,0.0,200.0,0.0,100.0,5863.0,100.0,40771488256.0,100.0,64470998637.0
2019-11-10,ZJV2E5KL,ST12000NM0007,12000138625024,0,81.0,115149808.0,96.0,0.0,100.0,3.0,100.0,0.0,89.0,854536213.0,93.0,6136.0,100.0,0.0,100.0,3.0,,,,,100.0,0.0,100.0,0.0,,,76.0,24.0,,,100.0,50.0,100.0,1486.0,24.0,24.0,100.0,0.0,100.0,0.0,200.0,0.0,100.0,5879.0,100.0,40842035984.0,100.0,64742010581.0
2019-11-11,ZJV2E5KL,ST12000NM0007,12000138625024,0,79.0,75358392.0,96.0,0.0,100.0,3.0,100.0,0.0,89.0,861475882.0,93.0,6168.0,100.0,0.0,100.0,3.0,,,,,100.0,0.0,100.0,0.0,,,75.0,25.0,,,100.0,50.0,100.0,1487.0,25.0,25.0,100.0,0.0,100.0,0.0,200.0,0.0,100.0,5910.0,100.0,40999247584.0,100.0,65277429765.0
2019-11-12,ZJV2E5KL,ST12000NM0007,12000138625024,0,83.0,213472760.0,96.0,0.0,100.0,3.0,100.0,0.0,89.0,864457224.0,93.0,6184.0,100.0,0.0,100.0,3.0,,,,,100.0,0.0,100.0,0.0,,,75.0,25.0,,,100.0,50.0,100.0,1488.0,25.0,25.0,100.0,0.0,100.0,0.0,200.0,0.0,100.0,5926.0,100.0,41093178464.0,100.0,65565754421.0
2019-11-13,ZJV2E5KL,ST12000NM0007,12000138625024,0,82.0,142649088.0,96.0,0.0,100.0,3.0,100.0,0.0,89.0,871052020.0,93.0,6216.0,100.0,0.0,100.0,3.0,,,,,100.0,0.0,100.0,0.0,,,74.0,26.0,,,100.0,51.0,100.0,1489.0,26.0,26.0,100.0,0.0,100.0,0.0,200.0,0.0,100.0,5958.0,100.0,41261317976.0,100.0,66059213357.0
2019-11-14,ZJV2E5KL,ST12000NM0007,12000138625024,0,82.0,148351080.0,96.0,0.0,100.0,3.0,100.0,0.0,89.0,872624291.0,93.0,6231.0,100.0,0.0,100.0,3.0,,,,,100.0,0.0,100.0,0.0,,,76.0,24.0,,,100.0,51.0,100.0,1490.0,24.0,24.0,100.0,0.0,100.0,0.0,200.0,0.0,100.0,5973.0,100.0,41310463272.0,100.0,66259910853.0
2019-11-15,ZJV2E5KL,ST12000NM0007,12000138625024,0,81.0,122536040.0,96.0,0.0,100.0,3.0,100.0,0.0,89.0,875779465.0,93.0,6263.0,100.0,0.0,100.0,3.0,,,,,100.0,0.0,100.0,0.0,,,75.0,25.0,,,100.0,52.0,100.0,1491.0,25.0,25.0,100.0,0.0,100.0,0.0,200.0,0.0,100.0,6005.0,100.0,41409077496.0,100.0,66623763485.0
2019-11-16,ZJV2E5KL,ST12000NM0007,12000138625024,0,83.0,194160648.0,96.0,0.0,100.0,3.0,100.0,0.0,89.0,879588514.0,93.0,6279.0,100.0,0.0,100.0,3.0,,,,,100.0,0.0,100.0,0.0,,,76.0,24.0,,,100.0,52.0,100.0,1492.0,24.0,24.0,100.0,0.0,100.0,0.0,200.0,0.0,100.0,6021.0,100.0,41467937400.0,100.0,66880668893.0
2019-11-17,ZJV2E5KL,ST12000NM0007,12000138625024,0,83.0,184061848.0,96.0,0.0,100.0,3.0,100.0,0.0,89.0,883412470.0,93.0,6311.0,100.0,0.0,100.0,3.0,,,,,100.0,0.0,100.0,0.0,,,73.0,27.0,,,100.0,53.0,100.0,1493.0,27.0,27.0,100.0,0.0,100.0,0.0,200.0,0.0,100.0,6052.0,100.0,41560891816.0,100.0,67265897493.0
2019-11-18,ZJV2E5KL,ST12000NM0007,12000138625024,0,82.0,176306832.0,96.0,0.0,100.0,3.0,100.0,0.0,89.0,886102769.0,93.0,6327.0,100.0,0.0,100.0,3.0,,,,,100.0,0.0,100.0,0.0,,,76.0,24.0,,,100.0,53.0,100.0,1494.0,24.0,24.0,100.0,0.0,100.0,0.0,200.0,0.0,100.0,6068.0,100.0,41594720184.0,100.0,67468454925.0
2019-11-19,ZJV2E5KL,ST12000NM0007,12000138625024,0,80.0,96415384.0,96.0,0.0,100.0,3.0,100.0,0.0,89.0,889116057.0,93.0,6358.0,100.0,0.0,100.0,3.0,,,,,100.0,0.0,100.0,0.0,,,76.0,24.0,,,100.0,53.0,100.0,1495.0,24.0,24.0,100.0,0.0,100.0,0.0,200.0,0.0,100.0,6100.0,100.0,41677919096.0,100.0,67793646333.0
2019-11-20,ZJV2E5KL,ST12000NM0007,12000138625024,0,76.0,40532400.0,96.0,0.0,100.0,3.0,100.0,0.0,90.0,894104252.0,93.0,6390.0,100.0,0.0,100.0,3.0,,,,,100.0,0.0,100.0,0.0,,,75.0,25.0,,,100.0,53.0,100.0,1496.0,25.0,25.0,100.0,0.0,100.0,0.0,200.0,0.0,100.0,6131.0,100.0,41782719008.0,100.0,68121244805.0
2019-11-21,ZJV2E5KL,ST12000NM0007,12000138625024,0,71.0,11424488.0,96.0,0.0,100.0,3.0,100.0,0.0,90.0,895605842.0,93.0,6406.0,100.0,0.0,100.0,3.0,,,,,100.0,0.0,100.0,0.0,,,75.0,25.0,,,100.0,54.0,100.0,1498.0,25.0,25.0,100.0,0.0,100.0,0.0,200.0,0.0,100.0,6147.0,100.0,41827026424.0,100.0,68291970109.0
2019-11-22,ZJV2E5KL,ST12000NM0007,12000138625024,0,80.0,97326344.0,96.0,0.0,100.0,3.0,100.0,0.0,90.0,898131694.0,93.0,6438.0,100.0,0.0,100.0,3.0,,,,,100.0,0.0,100.0,0.0,,,75.0,25.0,,,100.0,54.0,100.0,1499.0,25.0,25.0,100.0,0.0,100.0,0.0,200.0,0.0,100.0,6178.0,100.0,41900014840.0,100.0,68549024237.0
2019-11-23,ZJV2E5KL,ST12000NM0007,12000138625024,0,75.0,31588224.0,96.0,0.0,100.0,3.0,100.0,0.0,90.0,899441714.0,93.0,6453.0,100.0,0.0,100.0,3.0,,,,,100.0,0.0,100.0,0.0,,,75.0,25.0,,,100.0,54.0,100.0,1500.0,25.0,25.0,100.0,0.0,100.0,0.0,200.0,0.0,100.0,6194.0,100.0,41932448464.0,100.0,68694994765.0
2019-11-24,ZJV2E5KL,ST12000NM0007,12000138625024,0,80.0,107049888.0,96.0,0.0,100.0,3.0,100.0,0.0,90.0,904033095.0,93.0,6485.0,100.0,0.0,100.0,3.0,,,,,100.0,0.0,100.0,0.0,,,74.0,26.0,,,100.0,54.0,100.0,1501.0,26.0,26.0,100.0,0.0,100.0,0.0,200.0,0.0,100.0,6225.0,100.0,42044158784.0,100.0,69147027525.0
2019-11-25,ZJV2E5KL,ST12000NM0007,12000138625024,0,77.0,55459000.0,96.0,0.0,100.0,3.0,100.0,0.0,90.0,905263851.0,93.0,6501.0,100.0,0.0,100.0,3.0,,,,,100.0,0.0,100.0,0.0,,,75.0,25.0,,,100.0,55.0,100.0,1502.0,25.0,25.0,100.0,0.0,100.0,0.0,200.0,0.0,100.0,6241.0,100.0,42079367568.0,100.0,69304368541.0
2019-11-26,ZJV2E5KL,ST12000NM0007,12000138625024,0,83.0,210979736.0,96.0,0.0,100.0,3.0,100.0,0.0,90.0,907982510.0,93.0,6533.0,100.0,0.0,100.0,3.0,,,,,100.0,0.0,100.0,0.0,,,75.0,25.0,,,100.0,55.0,100.0,1503.0,25.0,25.0,100.0,0.0,100.0,0.0,200.0,0.0,100.0,6272.0,100.0,42177096248.0,100.0,69606301365.0
2019-11-27,ZJV2E5KL,ST12000NM0007,12000138625024,0,82.0,153344032.0,96.0,0.0,100.0,3.0,100.0,0.0,90.0,910502510.0,93.0,6548.0,100.0,0.0,100.0,3.0,,,,,100.0,0.0,100.0,0.0,,,74.0,26.0,,,100.0,56.0,100.0,1504.0,26.0,26.0,100.0,0.0,100.0,0.0,200.0,0.0,100.0,6288.0,100.0,42214554336.0,100.0,69755348205.0
2019-11-28,ZJV2E5KL,ST12000NM0007,12000138625024,0,75.0,31169160.0,96.0,0.0,100.0,3.0,100.0,0.0,90.0,912917575.0,93.0,6580.0,100.0,0.0,100.0,3.0,,,,,100.0,0.0,100.0,0.0,,,75.0,25.0,,,100.0,57.0,100.0,1505.0,25.0,25.0,100.0,0.0,100.0,0.0,200.0,0.0,100.0,6319.0,100.0,42301656352.0,100.0,70034352637.0
2019-11-29,ZJV2E5KL,ST12000NM0007,12000138625024,0,82.0,176890912.0,96.0,0.0,100.0,3.0,100.0,0.0,90.0,913972698.0,93.0,6596.0,100.0,0.0,100.0,3.0,,,,,100.0,0.0,100.0,0.0,,,76.0,24.0,,,100.0,57.0,100.0,1506.0,24.0,24.0,100.0,0.0,100.0,0.0,200.0,0.0,100.0,6335.0,100.0,42333074856.0,100.0,70148655885.0
2019-11-30,ZJV2E5KL,ST12000NM0007,12000138625024,0,81.0,133187760.0,96.0,0.0,100.0,3.0,100.0,0.0,90.0,916691697.0,93.0,6628.0,100.0,0.0,100.0,3.0,,,,,100.0,0.0,100.0,0.0,,,76.0,24.0,,,100.0,58.0,100.0,1507.0,24.0,24.0,100.0,0.0,100.0,0.0,200.0,0.0,100.0,6367.0,100.0,42409968000.0,100.0,70516341013.0
2019-12-01,ZJV2E5KL,ST12000NM0007,12000138625024,0,81.0,119637504.0,96.0,0.0,100.0,3.0,100.0,0.0,90.0,918102119.0,93.0,6643.0,100.0,0.0,100.0,3.0,,,,,100.0,0.0,100.0,0.0,,,76.0,24.0,,,100.0,58.0,100.0,1508.0,24.0,24.0,100.0,0.0,100.0,0.0,200.0,0.0,100.0,6383.0,100.0,42442441360.0,100.0,70714458389.0
2019-12-02,ZJV2E5KL,ST12000NM0007,12000138625024,0,76.0,43519272.0,96.0,0.0,100.0,3.0,100.0,0.0,90.0,921834068.0,93.0,6675.0,100.0,0.0,100.0,3.0,,,,,100.0,0.0,100.0,0.0,,,76.0,24.0,,,100.0,59.0,100.0,1509.0,24.0,24.0,100.0,0.0,100.0,0.0,200.0,0.0,100.0,6414.0,100.0,42490174224.0,100.0,71078888677.0
2019-12-03,ZJV2E5KL,ST12000NM0007,12000138625024,0,70.0,10154000.0,96.0,0.0,100.0,3.0,100.0,0.0,90.0,922990214.0,93.0,6691.0,100.0,0.0,100.0,3.0,,,,,100.0,0.0,100.0,0.0,,,76.0,24.0,,,100.0,60.0,100.0,1510.0,24.0,24.0,100.0,0.0,100.0,0.0,200.0,0.0,100.0,6430.0,100.0,42524583432.0,100.0,71255255053.0
2019-12-04,ZJV2E5KL,ST12000NM0007,12000138625024,0,83.0,179078416.0,96.0,0.0,100.0,3.0,100.0,0.0,90.0,926528015.0,93.0,6722.0,100.0,0.0,100.0,3.0,,,,,100.0,0.0,100.0,0.0,,,75.0,25.0,,,100.0,61.0,100.0,1511.0,25.0,25.0,100.0,0.0,100.0,0.0,200.0,0.0,100.0,6461.0,100.0,42597237984.0,100.0,71595665549.0
2019-12-05,ZJV2E5KL,ST12000NM0007,12000138625024,0,83.0,189100872.0,96.0,0.0,100.0,3.0,100.0,0.0,90.0,927910511.0,93.0,6738.0,100.0,0.0,100.0,3.0,,,,,100.0,0.0,100.0,0.0,,,75.0,25.0,,,100.0,62.0,100.0,1512.0,25.0,25.0,100.0,0.0,100.0,0.0,200.0,0.0,100.0,6477.0,100.0,42638572832.0,100.0,71808493981.0
2019-12-06,ZJV2E5KL,ST12000NM0007,12000138625024,0,79.0,82355504.0,96.0,0.0,100.0,3.0,100.0,0.0,90.0,930227182.0,93.0,6770.0,100.0,0.0,100.0,3.0,,,,,100.0,0.0,100.0,0.0,,,76.0,24.0,,,100.0,63.0,100.0,1513.0,24.0,24.0,100.0,0.0,100.0,0.0,200.0,0.0,100.0,6508.0,100.0,42695258288.0,100.0,72133344901.0
2019-12-07,ZJV2E5KL,ST12000NM0007,12000138625024,0,74.0,24806312.0,96.0,0.0,100.0,3.0,100.0,0.0,90.0,931419453.0,93.0,6786.0,100.0,0.0,100.0,3.0,,,,,100.0,0.0,100.0,0.0,,,75.0,25.0,,,100.0,63.0,100.0,1514.0,25.0,25.0,100.0,0.0,100.0,0.0,200.0,0.0,100.0,6524.0,100.0,42728601320.0,100.0,72286593333.0
2019-12-08,ZJV2E5KL,ST12000NM0007,12000138625024,0,83.0,211374600.0,96.0,0.0,100.0,3.0,100.0,0.0,90.0,935148734.0,93.0,6817.0,100.0,0.0,100.0,3.0,,,,,100.0,0.0,100.0,0.0,,,75.0,25.0,,,100.0,64.0,100.0,1515.0,25.0,25.0,100.0,0.0,100.0,0.0,200.0,0.0,100.0,6556.0,100.0,42791089552.0,100.0,72654814021.0
2019-12-09,ZJV2E5KL,ST12000NM0007,12000138625024,0,82.0,167172040.0,96.0,0.0,100.0,3.0,100.0,0.0,90.0,936428740.0,93.0,6833.0,100.0,0.0,100.0,3.0,,,,,100.0,0.0,100.0,0.0,,,76.0,24.0,,,100.0,65.0,100.0,1516.0,24.0,24.0,100.0,0.0,100.0,0.0,200.0,0.0,100.0,6571.0,100.0,42820261464.0,100.0,72825580405.0
2019-12-10,ZJV2E5KL,ST12000NM0007,12000138625024,0,80.0,98134312.0,96.0,0.0,100.0,3.0,100.0,0.0,90.0,938786886.0,93.0,6865.0,100.0,0.0,100.0,3.0,,,,,100.0,0.0,100.0,0.0,,,76.0,24.0,,,100.0,66.0,100.0,1517.0,24.0,24.0,100.0,0.0,100.0,0.0,200.0,0.0,100.0,6603.0,100.0,42872470240.0,100.0,73192615221.0
2019-12-11,ZJV2E5KL,ST12000NM0007,12000138625024,0,75.0,34922112.0,96.0,0.0,100.0,3.0,100.0,0.0,90.0,941199895.0,93.0,6881.0,100.0,0.0,100.0,3.0,,,,,100.0,0.0,100.0,0.0,,,76.0,24.0,,,100.0,67.0,100.0,1518.0,24.0,24.0,100.0,0.0,100.0,0.0,200.0,0.0,100.0,6619.0,100.0,42913792008.0,100.0,73332221949.0
2019-12-12,ZJV2E5KL,ST12000NM0007,12000138625024,0,73.0,20764496.0,96.0,0.0,100.0,3.0,100.0,0.0,90.0,943659885.0,93.0,6912.0,100.0,0.0,100.0,3.0,,,,,100.0,0.0,100.0,0.0,,,75.0,25.0,,,100.0,68.0,100.0,1519.0,25.0,25.0,100.0,0.0,100.0,0.0,200.0,0.0,100.0,6650.0,100.0,42970175272.0,100.0,73749962501.0
2019-12-13,ZJV2E5KL,ST12000NM0007,12000138625024,0,84.0,234811576.0,96.0,0.0,100.0,3.0,100.0,0.0,90.0,944813284.0,93.0,6928.0,100.0,0.0,100.0,3.0,,,,,100.0,0.0,100.0,0.0,,,76.0,24.0,,,100.0,69.0,100.0,1520.0,24.0,24.0,100.0,0.0,100.0,0.0,200.0,0.0,100.0,6666.0,100.0,42996012656.0,100.0,73938172197.0
2019-12-14,ZJV2E5KL,ST12000NM0007,12000138625024,0,83.0,203046968.0,96.0,0.0,100.0,3.0,100.0,0.0,90.0,947355222.0,93.0,6960.0,100.0,0.0,100.0,3.0,,,,,100.0,0.0,100.0,0.0,,,76.0,24.0,,,100.0,70.0,100.0,1521.0,24.0,24.0,100.0,0.0,100.0,0.0,200.0,0.0,100.0,6698.0,100.0,43051367768.0,100.0,74339334013.0
2019-12-15,ZJV2E5KL,ST12000NM0007,12000138625024,0,83.0,215079528.0,96.0,0.0,100.0,3.0,100.0,0.0,90.0,948734582.0,93.0,6976.0,100.0,0.0,100.0,3.0,,,,,100.0,0.0,100.0,0.0,,,77.0,23.0,,,100.0,70.0,100.0,1522.0,23.0,23.0,100.0,0.0,100.0,0.0,200.0,0.0,100.0,6713.0,100.0,43091236560.0,100.0,74555638445.0
2019-12-16,ZJV2E5KL,ST12000NM0007,12000138625024,0,100.0,1981608.0,96.0,0.0,100.0,3.0,100.0,0.0,90.0,953423487.0,92.0,7008.0,100.0,0.0,100.0,3.0,,,,,100.0,0.0,100.0,0.0,,,76.0,24.0,,,100.0,70.0,100.0,1523.0,24.0,24.0,100.0,0.0,100.0,0.0,200.0,0.0,100.0,6745.0,100.0,43149072264.0,100.0,75017129061.0
2019-12-17,ZJV2E5KL,ST12000NM0007,12000138625024,0,84.0,242926456.0,96.0,0.0,100.0,3.0,100.0,0.0,90.0,954872996.0,92.0,7023.0,100.0,0.0,100.0,3.0,,,,,100.0,0.0,100.0,0.0,,,77.0,23.0,,,100.0,71.0,100.0,1524.0,23.0,23.0,100.0,0.0,100.0,0.0,200.0,0.0,100.0,6761.0,100.0,43181448000.0,100.0,75225698173.0
2019-12-18,ZJV2E5KL,ST12000NM0007,12000138625024,0,79.0,74958688.0,96.0,0.0,100.0,3.0,100.0,0.0,90.0,958289340.0,92.0,7055.0,100.0,0.0,100.0,3.0,,,,,100.0,0.0,100.0,0.0,,,78.0,22.0,,,100.0,71.0,100.0,1525.0,22.0,22.0,100.0,0.0,100.0,0.0,200.0,0.0,100.0,6793.0,100.0,43228391656.0,100.0,75499068717.0
2019-12-19,ZJV2E5KL,ST12000NM0007,12000138625024,0,76.0,42960016.0,96.0,0.0,100.0,3.0,100.0,0.0,90.0,959450566.0,92.0,7071.0,100.0,0.0,100.0,3.0,,,,,100.0,0.0,100.0,0.0,,,78.0,22.0,,,100.0,71.0,100.0,1526.0,22.0,22.0,100.0,0.0,100.0,0.0,200.0,0.0,100.0,6808.0,100.0,43252920736.0,100.0,75686681653.0
2019-12-20,ZJV2E5KL,ST12000NM0007,12000138625024,0,81.0,137407744.0,96.0,0.0,100.0,3.0,100.0,0.0,90.0,961436433.0,92.0,7103.0,100.0,0.0,100.0,3.0,,,,,100.0,0.0,100.0,0.0,,,78.0,22.0,,,100.0,72.0,100.0,1528.0,22.0,22.0,100.0,0.0,100.0,0.0,200.0,0.0,100.0,6840.0,100.0,43295541008.0,100.0,75982649802.0
2019-12-21,ZJV2E5KL,ST12000NM0007,12000138625024,0,72.0,16265640.0,96.0,0.0,100.0,3.0,100.0,0.0,90.0,962337923.0,92.0,7119.0,100.0,0.0,100.0,3.0,,,,,100.0,0.0,100.0,0.0,,,78.0,22.0,,,100.0,72.0,100.0,1528.0,22.0,22.0,100.0,0.0,100.0,0.0,200.0,0.0,100.0,6856.0,100.0,43313016304.0,100.0,76088173042.0
2019-12-22,ZJV2E5KL,ST12000NM0007,12000138625024,0,82.0,150468416.0,96.0,0.0,100.0,3.0,100.0,0.0,90.0,965125276.0,92.0,7150.0,100.0,0.0,100.0,3.0,,,,,100.0,0.0,100.0,0.0,,,77.0,23.0,,,100.0,72.0,100.0,1530.0,23.0,23.0,100.0,0.0,100.0,0.0,200.0,0.0,100.0,6887.0,100.0,43351145144.0,100.0,76428387786.0
2019-12-23,ZJV2E5KL,ST12000NM0007,12000138625024,0,81.0,139213928.0,96.0,0.0,100.0,3.0,100.0,0.0,90.0,967243946.0,92.0,7166.0,100.0,0.0,100.0,3.0,,,,,100.0,0.0,100.0,0.0,,,78.0,22.0,,,100.0,72.0,100.0,1530.0,22.0,22.0,100.0,0.0,100.0,0.0,200.0,0.0,100.0,6903.0,100.0,43377991656.0,100.0,76634427442.0
2019-12-24,ZJV2E5KL,ST12000NM0007,12000138625024,0,76.0,36292968.0,96.0,0.0,100.0,3.0,100.0,0.0,90.0,969666539.0,92.0,7198.0,100.0,0.0,100.0,3.0,,,,,100.0,0.0,100.0,0.0,,,76.0,24.0,,,100.0,73.0,100.0,1531.0,24.0,24.0,100.0,0.0,100.0,0.0,200.0,0.0,100.0,6934.0,100.0,43419167768.0,100.0,76978611674.0
2019-12-25,ZJV2E5KL,ST12000NM0007,12000138625024,0,82.0,177516584.0,96.0,0.0,100.0,3.0,100.0,0.0,90.0,972146578.0,92.0,7214.0,100.0,0.0,100.0,3.0,,,,,100.0,0.0,100.0,0.0,,,76.0,24.0,,,100.0,74.0,100.0,1532.0,24.0,24.0,100.0,0.0,100.0,0.0,200.0,0.0,100.0,6950.0,100.0,43440675952.0,100.0,77098327106.0
2019-12-26,ZJV2E5KL,ST12000NM0007,12000138625024,0,83.0,217710472.0,96.0,0.0,100.0,3.0,100.0,0.0,90.0,974467898.0,92.0,7245.0,100.0,0.0,100.0,3.0,,,,,100.0,0.0,100.0,0.0,,,76.0,24.0,,,100.0,74.0,100.0,1533.0,24.0,24.0,100.0,0.0,100.0,0.0,200.0,0.0,100.0,6982.0,100.0,43468772040.0,100.0,77354565930.0
2019-12-27,ZJV2E5KL,ST12000NM0007,12000138625024,0,80.0,106883128.0,96.0,0.0,100.0,3.0,100.0,0.0,90.0,975445514.0,92.0,7261.0,100.0,0.0,100.0,3.0,,,,,100.0,0.0,100.0,0.0,,,76.0,24.0,,,100.0,75.0,100.0,1534.0,24.0,24.0,100.0,0.0,100.0,0.0,200.0,0.0,100.0,6998.0,100.0,43499660944.0,100.0,77456990754.0
2019-12-28,ZJV2E5KL,ST12000NM0007,12000138625024,0,79.0,88290480.0,96.0,0.0,100.0,3.0,100.0,0.0,90.0,977058039.0,92.0,7293.0,100.0,0.0,100.0,3.0,,,,,100.0,0.0,100.0,0.0,,,77.0,23.0,,,100.0,75.0,100.0,1535.0,23.0,23.0,100.0,0.0,100.0,0.0,200.0,0.0,100.0,7029.0,100.0,43531407592.0,100.0,77650792266.0
2019-12-29,ZJV2E5KL,ST12000NM0007,12000138625024,0,83.0,203571568.0,96.0,0.0,100.0,3.0,100.0,0.0,90.0,977923180.0,92.0,7309.0,100.0,0.0,100.0,3.0,,,,,100.0,0.0,100.0,0.0,,,76.0,24.0,,,100.0,75.0,100.0,1536.0,24.0,24.0,100.0,0.0,100.0,0.0,200.0,0.0,100.0,7045.0,100.0,43553293952.0,100.0,77744186994.0
2019-12-30,ZJV2E5KL,ST12000NM0007,12000138625024,0,82.0,167784432.0,96.0,0.0,100.0,3.0,100.0,0.0,90.0,981196464.0,92.0,7340.0,100.0,0.0,100.0,3.0,,,,,100.0,0.0,100.0,0.0,,,76.0,24.0,,,100.0,75.0,100.0,1538.0,24.0,24.0,100.0,0.0,100.0,0.0,200.0,0.0,100.0,7076.0,100.0,43589274224.0,100.0,77916560370.0
2019-12-31,ZJV2E5KL,ST12000NM0007,12000138625024,0,75.0,31528208.0,96.0,0.0,100.0,3.0,100.0,0.0,90.0,982008004.0,92.0,7356.0,100.0,0.0,100.0,3.0,,,,,100.0,0.0,100.0,0.0,,,76.0,24.0,,,100.0,75.0,100.0,1538.0,24.0,24.0,100.0,0.0,100.0,0.0,200.0,0.0,100.0,7092.0,100.0,43602411016.0,100.0,78011308058.0
