2019-01-01,ZCH0CHJT,ST12000NM0007,12000138625024,0,81,121437280,96.0,0.0,100.0,4.0,100.0,0.0,81.0,127844159.0,90,8934,100.0,0.0,100,3,,,,,100.0,0.0,100.0,0.0,,,72.0,28.0,,,100.0,103.0,100.0,935.0,28,28,100.0,0.0,100.0,0.0,200.0,0.0,100.0,8628.0,100.0,50514604320.0,100.0,77780768700.0
2019-01-02,ZCH0CHJT,ST12000NM0007,12000138625024,0,77,45456912,96.0,0.0,100.0,4.0,100.0,0.0,81.0,130632626.0,90,8959,100.0,0.0,100,3,,,,,100.0,0.0,100.0,0.0,,,73.0,27.0,,,100.0,103.0,100.0,936.0,27,27,100.0,0.0,100.0,0.0,200.0,0.0,100.0,8653.0,100.0,50588327184.0,100.0,77875206212.0
2019-01-03,ZCH0CHJT,ST12000NM0007,12000138625024,0,84.0,235793096.0,96.0,0.0,100.0,4.0,100.0,0.0,81.0,133865355.0,90.0,8983.0,100.0,0.0,100.0,3.0,,,,,100.0,0.0,100.0,0.0,,,68.0,32.0,,,100.0,104.0,100.0,937.0,32.0,32.0,100.0,0.0,100.0,0.0,200.0,0.0,100.0,8677.0,100.0,50658650976.0,100.0,77995218604.0
2019-01-04,ZCH0CHJT,ST12000NM0007,12000138625024,0,83,186312840,96.0,0.0,100.0,4.0,100.0,0.0,81.0,136118285.0,90,9005,100.0,0.0,100,3,,,,,100.0,0.0,100.0,0.0,,,70.0,30.0,,,100.0,104.0,100.0,938.0,30,30,100.0,0.0,100.0,0.0,200.0,0.0,100.0,8700.0,100.0,50726547024.0,100.0,78121983100.0
2019-01-05,ZCH0CHJT,ST12000NM0007,12000138625024,0,82,153872704,96.0,0.0,100.0,4.0,100.0,0.0,81.0,139586213.0,90,9031,100.0,0.0,100,3,,,,,100.0,0.0,100.0,0.0,,,70.0,30.0,,,100.0,105.0,100.0,939.0,30,30,100.0,0.0,100.0,0.0,200.0,0.0,100.0,8725.0,100.0,50798631040.0,100.0,78261599580.0
2019-01-06,ZCH0CHJT,ST12000NM0007,12000138625024,0,82,141993480,96.0,0.0,100.0,4.0,100.0,0.0,82.0,142292430.0,90,9055,100.0,0.0,100,3,,,,,100.0,0.0,100.0,0.0,,,70.0,30.0,,,100.0,105.0,100.0,940.0,30,30,100.0,0.0,100.0,0.0,200.0,0.0,100.0,8749.0,100.0,50867594640.0,100.0,78424897436.0
2019-01-07,ZCH0CHJT,ST12000NM0007,12000138625024,0,82,157098616,96.0,0.0,100.0,4.0,100.0,0.0,82.0,145922916.0,90,9078,100.0,0.0,100,3,,,,,100.0,0.0,100.0,0.0,,,72.0,28.0,,,100.0,106.0,100.0,941.0,28,28,100.0,0.0,100.0,0.0,200.0,0.0,100.0,8772.0,100.0,50943294112.0,100.0,78608444148.0
2019-01-08,ZCH0CHJT,ST12000NM0007,12000138625024,0,81,133946720,96.0,0.0,100.0,4.0,100.0,0.0,82.0,148586283.0,90,9103,100.0,0.0,100,3,,,,,100.0,0.0,100.0,0.0,,,70.0,30.0,,,100.0,107.0,100.0,942.0,30,30,100.0,0.0,100.0,0.0,200.0,0.0,100.0,8797.0,100.0,51014579792.0,100.0,78758147516.0
2019-01-09,ZCH0CHJT,ST12000NM0007,12000138625024,0,79,85123904,96.0,0.0,100.0,4.0,100.0,0.0,82.0,150959892.0,90,9126,100.0,0.0,100,3,,,,,100.0,0.0,100.0,0.0,,,71.0,29.0,,,100.0,107.0,100.0,943.0,29,29,100.0,0.0,100.0,0.0,200.0,0.0,100.0,8820.0,100.0,51080313280.0,100.0,78887732236.0
2019-01-10,ZCH0CHJT,ST12000NM0007,12000138625024,0,80,90821616,96.0,0.0,100.0,4.0,100.0,0.0,82.0,154713260.0,90,9150,100.0,0.0,100,3,,,,,100.0,0.0,100.0,0.0,,,71.0,29.0,,,100.0,107.0,100.0,944.0,29,29,100.0,0.0,100.0,0.0,200.0,0.0,100.0,8843.0,100.0,51165772384.0,100.0,79052111628.0
2019-01-11,ZCH0CHJT,ST12000NM0007,12000138625024,0,83.0,207385232.0,96.0,0.0,100.0,4.0,100.0,0.0,82.0,156068592.0,90.0,9163.0,100.0,0.0,100.0,3.0,,,,,100.0,0.0,100.0,0.0,,,71.0,29.0,,,100.0,107.0,100.0,945.0,29.0,29.0,100.0,0.0,100.0,0.0,200.0,0.0,100.0,8856.0,100.0,51197238672.0,100.0,79137208956.0
2019-01-12,ZCH0CHJT,ST12000NM0007,12000138625024,0,80,100354448,96.0,0.0,100.0,4.0,100.0,0.0,82.0,157538399.0,90,9179,100.0,0.0,100,3,,,,,100.0,0.0,100.0,0.0,,,71.0,29.0,,,100.0,107.0,100.0,946.0,29,29,100.0,0.0,100.0,0.0,200.0,0.0,100.0,8872.0,100.0,51247002944.0,100.0,79224554924.0
2019-01-13,ZCH0CHJT,ST12000NM0007,12000138625024,0,82,164025544,96.0,0.0,100.0,4.0,100.0,0.0,82.0,160852202.0,90,9211,100.0,0.0,100,3,,,,,100.0,0.0,100.0,0.0,,,70.0,30.0,,,100.0,107.0,100.0,947.0,30,30,100.0,0.0,100.0,0.0,200.0,0.0,100.0,8904.0,100.0,51359583880.0,100.0,79419785916.0
2019-01-14,ZCH0CHJT,ST12000NM0007,12000138625024,0,78,66200976,96.0,0.0,100.0,4.0,100.0,0.0,82.0,162416556.0,90,9227,100.0,0.0,100,3,,,,,100.0,0.0,100.0,0.0,,,70.0,30.0,,,100.0,107.0,100.0,948.0,30,30,100.0,0.0,100.0,0.0,200.0,0.0,100.0,8920.0,100.0,51405613984.0,100.0,79520072060.0
2019-01-15,ZCH0CHJT,ST12000NM0007,12000138625024,0,81.0,130287088.0,96.0,0.0,100.0,4.0,100.0,0.0,82.0,166517916.0,90.0,9258.0,100.0,0.0,100.0,3.0,,,,,100.0,0.0,100.0,0.0,,,70.0,30.0,,,100.0,108.0,100.0,949.0,30.0,30.0,100.0,0.0,100.0,0.0,200.0,0.0,100.0,8951.0,100.0,51494961616.0,100.0,79738951172.0
2019-01-16,ZCH0CHJT,ST12000NM0007,12000138625024,0,83,180048232,96.0,0.0,100.0,4.0,100.0,0.0,82.0,169840451.0,90,9290,100.0,0.0,100,3,,,,,100.0,0.0,100.0,0.0,,,70.0,30.0,,,100,109,100.0,950.0,30,30,100.0,0.0,100.0,0.0,200.0,0.0,100.0,8983.0,100.0,51597642920.0,100.0,79930171740.0
2019-01-17,ZCH0CHJT,ST12000NM0007,12000138625024,0,80,109070136,96.0,0.0,100.0,4.0,100.0,0.0,82.0,172630323.0,90,9306,100.0,0.0,100,3,,,,,100.0,0.0,100.0,0.0,,,70.0,30.0,,,100,109,100.0,951.0,30,30,100.0,0.0,100.0,0.0,200.0,0.0,100.0,8998.0,100.0,51651863528.0,100.0,80049113692.0
2019-01-18,ZCH0CHJT,ST12000NM0007,12000138625024,0,81,137674184,96.0,0.0,100.0,4.0,100.0,0.0,82.0,175861696.0,90,9337,100.0,0.0,100,3,,,,,100.0,0.0,100.0,0.0,,,71.0,29.0,,,100,110,100.0,952.0,29,29,100.0,0.0,100.0,0.0,200.0,0.0,100.0,9030.0,100.0,51749584288.0,100.0,80224137612.0
2019-01-19,ZCH0CHJT,ST12000NM0007,12000138625024,0,78,68325472,96.0,0.0,100.0,4.0,100.0,0.0,82.0,177643233.0,90,9353,100.0,0.0,100,3,,,,,100.0,0.0,100.0,0.0,,,71.0,29.0,,,100,110,100.0,953.0,29,29,100.0,0.0,100.0,0.0,200.0,0.0,100.0,9046.0,100.0,51798203400.0,100.0,80350310452.0
2019-01-20,ZCH0CHJT,ST12000NM0007,12000138625024,0,82,146634384,96.0,0.0,100.0,4.0,100.0,0.0,83.0,181006474.0,90,9385,100.0,0.0,100,3,,,,,100.0,0.0,100.0,0.0,,,71.0,29.0,,,100,110,100.0,954.0,29,29,100.0,0.0,100.0,0.0,200.0,0.0,100.0,9078.0,100.0,51901675080.0,100.0,80569288332.0
2019-01-21,ZCH0CHJT,ST12000NM0007,12000138625024,0,78,61136240,96.0,0.0,100.0,4.0,100.0,0.0,83.0,182645185.0,90,9401,100.0,0.0,100,3,,,,,100.0,0.0,100.0,0.0,,,69.0,31.0,,,100,110,100.0,955.0,31,31,100.0,0.0,100.0,0.0,200.0,0.0,100.0,9093.0,100.0,51939266464.0,100.0,80690339660.0
2019-01-22,ZCH0CHJT,ST12000NM0007,12000138625024,0,84.0,223949952.0,96.0,0.0,100.0,4.0,100.0,0.0,83.0,188165370.0,90.0,9432.0,100.0,0.0,100.0,3.0,,,,,100.0,0.0,100.0,0.0,,,70.0,30.0,,,100.0,110.0,100.0,956.0,30.0,30.0,100.0,0.0,100.0,0.0,200.0,0.0,100.0,9125.0,100.0,52048989072.0,100.0,80987571556.0
2019-01-23,ZCH0CHJT,ST12000NM0007,12000138625024,0,82.0,145780224.0,96.0,0.0,100.0,4.0,100.0,0.0,83.0,189877349.0,90.0,9448.0,100.0,0.0,100.0,3.0,,,,,100.0,0.0,100.0,0.0,,,70.0,30.0,,,100.0,110.0,100.0,957.0,30.0,30.0,100.0,0.0,100.0,0.0,200.0,0.0,100.0,9141.0,100.0,52088245160.0,100.0,81114286540.0
2019-01-24,ZCH0CHJT,ST12000NM0007,12000138625024,0,71.0,11628776.0,96.0,0.0,100.0,4.0,100.0,0.0,83.0,195478485.0,90.0,9480.0,100.0,0.0,100.0,3.0,,,,,100.0,0.0,100.0,0.0,,,71.0,29.0,,,100.0,110.0,100.0,958.0,29.0,29.0,100.0,0.0,100.0,0.0,200.0,0.0,100.0,9172.0,100.0,52187925648.0,100.0,81368736172.0
2019-01-25,ZCH0CHJT,ST12000NM0007,12000138625024,0,81,122536424,96.0,0.0,100.0,4.0,100.0,0.0,83.0,199725436.0,90,9511,100.0,0.0,100,3,,,,,100.0,0.0,100.0,0.0,,,70.0,30.0,,,100,110,100.0,960.0,30,30,100.0,0.0,100.0,0.0,200.0,0.0,100.0,9203.0,100.0,52318791896.0,100.0,81592918660.0
2019-01-26,ZCH0CHJT,ST12000NM0007,12000138625024,0,83,216914328,96.0,0.0,100.0,4.0,100.0,0.0,83.0,201225919.0,90,9527,100.0,0.0,100,3,,,,,100.0,0.0,100.0,0.0,,,71.0,29.0,,,100,110,100.0,960.0,29,29,100.0,0.0,100.0,0.0,200.0,0.0,100.0,9219.0,100.0,52348697760.0,100.0,81657390700.0
2019-01-27,ZCH0CHJT,ST12000NM0007,12000138625024,0,84,234929456,96.0,0.0,100.0,4.0,100.0,0.0,83.0,205111889.0,90,9559,100.0,0.0,100,3,,,,,100.0,0.0,100.0,0.0,,,71.0,29.0,,,100,110,100.0,962.0,29,29,100.0,0.0,100.0,0.0,200.0,0.0,100.0,9251.0,100.0,52459201816.0,100.0,81809042924.0
2019-01-28,ZCH0CHJT,ST12000NM0007,12000138625024,0,82,154933184,96.0,0.0,100.0,4.0,100.0,0.0,83.0,207161460.0,90,9575,100.0,0.0,100,3,,,,,100.0,0.0,100.0,0.0,,,70.0,30.0,,,100,110,100.0,962.0,30,30,100.0,0.0,100.0,0.0,200.0,0.0,100.0,9266.0,100.0,52518956064.0,100.0,81913433236.0
2019-01-29,ZCH0CHJT,ST12000NM0007,12000138625024,0,77,47530952,96.0,0.0,100.0,4.0,100.0,0.0,83.0,211914058.0,90,9606,100.0,0.0,100,3,,,,,100.0,0.0,100.0,0.0,,,71.0,29.0,,,100,110,100.0,964.0,29,29,100.0,0.0,100.0,0.0,200.0,0.0,100.0,9298.0,100.0,52631782800.0,100.0,82181485732.0
2019-01-30,ZCH0CHJT,ST12000NM0007,12000138625024,0,83,203767072,96.0,0.0,100.0,4.0,100.0,0.0,83.0,213621223.0,90,9622,100.0,0.0,100,3,,,,,100.0,0.0,100.0,0.0,,,71.0,29.0,,,100,110,100.0,964.0,29,29,100.0,0.0,100.0,0.0,200.0,0.0,100.0,9314.0,100.0,52669675544.0,100.0,82299829108.0
2019-01-31,ZCH0CHJT,ST12000NM0007,12000138625024,0,79,71251112,96.0,0.0,100.0,4.0,100.0,0.0,83.0,218600607.0,89,9654,100.0,0.0,100,3,,,,,100.0,0.0,100.0,0.0,,,71.0,29.0,,,100,111,100.0,966.0,29,29,100.0,0.0,100.0,0.0,200.0,0.0,100.0,9345.0,100.0,52784179904.0,100.0,82541090068.0
2019-02-01,ZCH0CHJT,ST12000NM0007,12000138625024,0,84,243344288,96.0,0.0,100.0,4.0,100.0,0.0,83.0,220530450.0,89,9670,100.0,0.0,100,3,,,,,100.0,0.0,100.0,0.0,,,70.0,30.0,,,100,111,100.0,966.0,30,30,100.0,0.0,100.0,0.0,200.0,0.0,100.0,9361.0,100.0,52833766936.0,100.0,82663596212.0
2019-02-02,ZCH0CHJT,ST12000NM0007,12000138625024,0,82.0,166071880.0,96.0,0.0,100.0,4.0,100.0,0.0,84.0,225140415.0,89.0,9701.0,100.0,0.0,100.0,3.0,,,,,100.0,0.0,100.0,0.0,,,70.0,30.0,,,100.0,113.0,100.0,968.0,30.0,30.0,100.0,0.0,100.0,0.0,200.0,0.0,100.0,9393.0,100.0,52949369200.0,100.0,82959003092.0
2019-02-03,ZCH0CHJT,ST12000NM0007,12000138625024,0,79,75048856,96.0,0.0,100.0,4.0,100.0,0.0,84.0,226940773.0,89,9717,100.0,0.0,100,3,,,,,100.0,0.0,100.0,0.0,,,70.0,30.0,,,100,113,100.0,968.0,30,30,100.0,0.0,100.0,0.0,200.0,0.0,100.0,9408.0,100.0,52999831496.0,100.0,83061658460.0
2019-02-04,ZCH0CHJT,ST12000NM0007,12000138625024,0,84,227564304,96.0,0.0,100.0,4.0,100.0,0.0,84.0,228880784.0,89,9733,100.0,0.0,100,3,,,,,100.0,0.0,100.0,0.0,,,70.0,30.0,,,100,113,100.0,969.0,30,30,100.0,0.0,100.0,0.0,200.0,0.0,100.0,9424.0,100.0,53061628088.0,100.0,83152377316.0
2019-02-05,ZCH0CHJT,ST12000NM0007,12000138625024,0,76.0,39248536.0,94.0,0.0,100.0,5.0,100.0,0.0,84.0,233100069.0,89.0,9765.0,100.0,0.0,100.0,4.0,,,,,100.0,0.0,100.0,0.0,,,70.0,30.0,,,100.0,114.0,100.0,975.0,30.0,30.0,100.0,0.0,100.0,0.0,200.0,0.0,100.0,9456.0,100.0,53152724568.0,100.0,83361246670.0
2019-02-06,ZCH0CHJT,ST12000NM0007,12000138625024,0,83,209801656,94.0,0.0,100.0,5.0,100.0,0.0,84.0,234872156.0,89,9781,100.0,0.0,100,4,,,,,100.0,0.0,100.0,0.0,,,69.0,31.0,,,100,114,100.0,975.0,31,31,100.0,0.0,100.0,0.0,200.0,0.0,100.0,9472.0,100.0,53203218352.0,100.0,83481306006.0
2019-02-07,ZCH0CHJT,ST12000NM0007,12000138625024,0,69.0,7947248.0,94.0,0.0,100.0,5.0,100.0,0.0,84.0,238869591.0,89.0,9813.0,100.0,0.0,100.0,4.0,,,,,100.0,0.0,100.0,0.0,,,69.0,31.0,,,100.0,115.0,100.0,977.0,31.0,31.0,100.0,0.0,100.0,0.0,200.0,0.0,100.0,9503.0,100.0,53291257304.0,100.0,83679693998.0
2019-02-08,ZCH0CHJT,ST12000NM0007,12000138625024,0,77,55983864,94.0,0.0,100.0,5.0,100.0,0.0,84.0,241795521.0,89,9844,100.0,0.0,100,4,,,,,100.0,0.0,100.0,0.0,,,70.0,30.0,,,100,116,100.0,978.0,30,30,100.0,0.0,100.0,0.0,200.0,0.0,100.0,9535.0,100.0,53364444712.0,100.0,83898683902.0
2019-02-09,ZCH0CHJT,ST12000NM0007,12000138625024,0,83.0,221984184.0,94.0,0.0,100.0,5.0,100.0,0.0,84.0,243491454.0,89.0,9860.0,100.0,0.0,100.0,4.0,,,,,100.0,0.0,100.0,0.0,,,70.0,30.0,,,100.0,116.0,100.0,979.0,30.0,30.0,100.0,0.0,100.0,0.0,200.0,0.0,100.0,9550.0,100.0,53416815168.0,100.0,84012313766.0
2019-02-10,ZCH0CHJT,ST12000NM0007,12000138625024,0,80,90675976,94.0,0.0,100.0,5.0,100.0,0.0,84.0,247025912.0,89,9892,100.0,0.0,100,4,,,,,100.0,0.0,100.0,0.0,,,69.0,31.0,,,100,117,100.0,980.0,31,31,100.0,0.0,100.0,0.0,200.0,0.0,100.0,9582.0,100.0,53509474344.0,100.0,84276627694.0
2019-02-11,ZCH0CHJT,ST12000NM0007,12000138625024,0,73,20327776,94.0,0.0,100.0,5.0,100.0,0.0,84.0,248834987.0,89,9908,100.0,0.0,100,4,,,,,100.0,0.0,100.0,0.0,,,69.0,31.0,,,100,118,100.0,981.0,31,31,100.0,0.0,100.0,0.0,200.0,0.0,100.0,9598.0,100.0,53558022336.0,100.0,84401872334.0
2019-02-12,ZCH0CHJT,ST12000NM0007,12000138625024,0,82.0,149851088.0,94.0,0.0,100.0,5.0,100.0,0.0,84.0,253601481.0,89.0,9939.0,100.0,0.0,100.0,4.0,,,,,100.0,0.0,100.0,0.0,,,70.0,30.0,,,100.0,119.0,100.0,982.0,30.0,30.0,100.0,0.0,100.0,0.0,200.0,0.0,100.0,9629.0,100.0,53663035712.0,100.0,84670523182.0
2019-02-13,ZCH0CHJT,ST12000NM0007,12000138625024,0,75,32653968,94.0,0.0,100.0,5.0,100.0,0.0,84.0,255168409.0,89,9955,100.0,0.0,100,4,,,,,100.0,0.0,100.0,0.0,,,70.0,30.0,,,100,119,100.0,983.0,30,30,100.0,0.0,100.0,0.0,200.0,0.0,100.0,9645.0,100.0,53711313648.0,100.0,84749188878.0
2019-02-14,ZCH0CHJT,ST12000NM0007,12000138625024,0,82,148718432,94.0,0.0,100.0,5.0,100.0,0.0,84.0,260769092.0,89,9987,100.0,0.0,100,4,,,,,100.0,0.0,100.0,0.0,,,70.0,30.0,,,100,120,100.0,984.0,30,30,100.0,0.0,100.0,0.0,200.0,0.0,100.0,9677.0,100.0,53816087664.0,100.0,85004620318.0
2019-02-15,ZCH0CHJT,ST12000NM0007,12000138625024,0,75.0,34767816.0,94.0,0.0,100.0,5.0,100.0,0.0,84.0,262420696.0,89.0,10003.0,100.0,0.0,100.0,4.0,,,,,100.0,0.0,100.0,0.0,,,70.0,30.0,,,100.0,120.0,100.0,985.0,30.0,30.0,100.0,0.0,100.0,0.0,200.0,0.0,100.0,9692.0,100.0,53867226136.0,100.0,85083671910.0
2019-02-16,ZCH0CHJT,ST12000NM0007,12000138625024,0,80.0,102355760.0,94.0,0.0,100.0,5.0,100.0,0.0,84.0,265544897.0,89.0,10034.0,100.0,0.0,100.0,4.0,,,,,100.0,0.0,100.0,0.0,,,70.0,30.0,,,100.0,120.0,100.0,986.0,30.0,30.0,100.0,0.0,100.0,0.0,200.0,0.0,100.0,9724.0,100.0,53951804344.0,100.0,85310822558.0
2019-02-17,ZCH0CHJT,ST12000NM0007,12000138625024,0,84,232797712,94.0,0.0,100.0,5.0,100.0,0.0,84.0,267301260.0,89,10050,100.0,0.0,100,4,,,,,100.0,0.0,100.0,0.0,,,70.0,30.0,,,100,120,100.0,986.0,30,30,100.0,0.0,100.0,0.0,200.0,0.0,100.0,9740.0,100.0,54007276520.0,100.0,85385792334.0
2019-02-18,ZCH0CHJT,ST12000NM0007,12000138625024,0,79,80544952,94.0,0.0,100.0,5.0,100.0,0.0,84.0,271085288.0,89,10082,100.0,0.0,100,4,,,,,100.0,0.0,100.0,0.0,,,70.0,30.0,,,100,122,100.0,988.0,30,30,100.0,0.0,100.0,0.0,200.0,0.0,100.0,9771.0,100.0,54111996440.0,100.0,85617101494.0
2019-02-19,ZCH0CHJT,ST12000NM0007,12000138625024,0,84,244118144,94.0,0.0,100.0,5.0,100.0,0.0,84.0,273466783.0,89,10098,100.0,0.0,100,4,,,,,100.0,0.0,100.0,0.0,,,69.0,31.0,,,100,122,100.0,988.0,31,31,100.0,0.0,100.0,0.0,200.0,0.0,100.0,9787.0,100.0,54159724240.0,100.0,85732946886.0
2019-02-20,ZCH0CHJT,ST12000NM0007,12000138625024,0,78.0,64841016.0,94.0,0.0,100.0,5.0,100.0,0.0,84.0,276693616.0,89.0,10129.0,100.0,0.0,100.0,4.0,,,,,100.0,0.0,100.0,0.0,,,71.0,29.0,,,100.0,123.0,100.0,990.0,29.0,29.0,100.0,0.0,100.0,0.0,200.0,0.0,100.0,9818.0,100.0,54243643064.0,100.0,85958032526.0
2019-02-21,ZCH0CHJT,ST12000NM0007,12000138625024,0,83,191103056,94.0,0.0,100.0,5.0,100.0,0.0,84.0,279148398.0,89,10145,100.0,0.0,100,4,,,,,100.0,0.0,100.0,0.0,,,70.0,30.0,,,100,123,100.0,990.0,30,30,100.0,0.0,100.0,0.0,200.0,0.0,100.0,9834.0,100.0,54278242648.0,100.0,86049694982.0
2019-02-22,ZCH0CHJT,ST12000NM0007,12000138625024,0,84,235285872,94.0,0.0,100.0,5.0,100.0,0.0,85.0,282044306.0,89,10177,100.0,0.0,100,4,,,,,100.0,0.0,100.0,0.0,,,70.0,30.0,,,100,124,100.0,992.0,30,30,100.0,0.0,100.0,0.0,200.0,0.0,100.0,9866.0,100.0,54349364096.0,100.0,86266897030.0
2019-02-23,ZCH0CHJT,ST12000NM0007,12000138625024,0,80.0,110905656.0,94.0,0.0,100.0,5.0,100.0,0.0,85.0,283461948.0,89.0,10193.0,100.0,0.0,100.0,4.0,,,,,100.0,0.0,100.0,0.0,,,69.0,31.0,,,100.0,124.0,100.0,992.0,31.0,31.0,100.0,0.0,100.0,0.0,200.0,0.0,100.0,9882.0,100.0,54381556936.0,100.0,86354464918.0
2019-02-24,ZCH0CHJT,ST12000NM0007,12000138625024,0,81,133442656,94.0,0.0,100.0,5.0,100.0,0.0,85.0,286489454.0,89,10224,100.0,0.0,100,4,,,,,100.0,0.0,100.0,0.0,,,71.0,29.0,,,100,125,100.0,994.0,29,29,100.0,0.0,100.0,0.0,200.0,0.0,100.0,9913.0,100.0,54447832040.0,100.0,86554867590.0
2019-02-25,ZCH0CHJT,ST12000NM0007,12000138625024,0,84,241666152,94.0,0.0,100.0,5.0,100.0,0.0,85.0,287833353.0,89,10240,100.0,0.0,100,4,,,,,100.0,0.0,100.0,0.0,,,70.0,30.0,,,100,125,100.0,994.0,30,30,100.0,0.0,100.0,0.0,200.0,0.0,100.0,9929.0,100.0,54480701072.0,100.0,86630222054.0
2019-02-26,ZCH0CHJT,ST12000NM0007,12000138625024,0,80,93731936,94.0,0.0,100.0,5.0,100.0,0.0,85.0,293138032.0,89,10272,100.0,0.0,100,4,,,,,100.0,0.0,100.0,0.0,,,70.0,30.0,,,100,126,100.0,996.0,30,30,100.0,0.0,100.0,0.0,200.0,0.0,100.0,9960.0,100.0,54555546480.0,100.0,86895724182.0
2019-02-27,ZCH0CHJT,ST12000NM0007,12000138625024,0,83.0,191863832.0,94.0,0.0,100.0,5.0,100.0,0.0,85.0,294396227.0,89.0,10288.0,100.0,0.0,100.0,4.0,,,,,100.0,0.0,100.0,0.0,,,70.0,30.0,,,100.0,126.0,100.0,996.0,30.0,30.0,100.0,0.0,100.0,0.0,200.0,0.0,100.0,9976.0,100.0,54586173600.0,100.0,86963228958.0
2019-02-28,ZCH0CHJT,ST12000NM0007,12000138625024,0,84,240988712,94.0,0.0,100.0,5.0,100.0,0.0,85.0,298485617.0,89,10319,100.0,0.0,100,4,,,,,100.0,0.0,100.0,0.0,,,72.0,28.0,,,100,128,100.0,998.0,28,28,100.0,0.0,100.0,0.0,200.0,0.0,100.0,10007.0,100.0,54678526568.0,100.0,87164141518.0
2019-03-01,ZCH0CHJT,ST12000NM0007,12000138625024,0,80.0,105149040.0,94.0,0.0,100.0,5.0,100.0,0.0,85.0,299872695.0,89.0,10335.0,100.0,0.0,100.0,4.0,,,,,100.0,0.0,100.0,0.0,,,71.0,29.0,,,100.0,128.0,100.0,998.0,29.0,29.0,100.0,0.0,100.0,0.0,200.0,0.0,100.0,10023.0,100.0,54717700488.0,100.0,87233268670.0
2019-03-02,ZCH0CHJT,ST12000NM0007,12000138625024,0,81.0,118617808.0,94.0,0.0,100.0,5.0,100.0,0.0,85.0,302715026.0,89.0,10367.0,100.0,0.0,100.0,4.0,,,,,100.0,0.0,100.0,0.0,,,72.0,28.0,,,100.0,128.0,100.0,1000.0,28.0,28.0,100.0,0.0,100.0,0.0,200.0,0.0,100.0,10054.0,100.0,54784424528.0,100.0,87424154326.0
2019-03-03,ZCH0CHJT,ST12000NM0007,12000138625024,0,69.0,8245688.0,94.0,0.0,100.0,5.0,100.0,0.0,85.0,304267879.0,89.0,10382.0,100.0,0.0,100.0,4.0,,,,,100.0,0.0,100.0,0.0,,,71.0,29.0,,,100.0,128.0,100.0,1000.0,29.0,29.0,100.0,0.0,100.0,0.0,200.0,0.0,100.0,10070.0,100.0,54837963224.0,100.0,87504384174.0
2019-03-04,ZCH0CHJT,ST12000NM0007,12000138625024,0,77,55883960,94.0,0.0,100.0,5.0,100.0,0.0,85.0,307900151.0,89,10414,100.0,0.0,100,4,,,,,100.0,0.0,100.0,0.0,,,71.0,29.0,,,100,129,100.0,1002.0,29,29,100.0,0.0,100.0,0.0,200.0,0.0,100.0,10102.0,100.0,54924392536.0,100.0,87709733894.0
2019-03-05,ZCH0CHJT,ST12000NM0007,12000138625024,0,80.0,110303384.0,94.0,0.0,100.0,5.0,100.0,0.0,85.0,312119168.0,89.0,10446.0,100.0,0.0,100.0,4.0,,,,,100.0,0.0,100.0,0.0,,,71.0,29.0,,,100.0,130.0,100.0,1003.0,29.0,29.0,100.0,0.0,100.0,0.0,200.0,0.0,100.0,10133.0,100.0,55009834472.0,100.0,87922852054.0
2019-03-06,ZCH0CHJT,ST12000NM0007,12000138625024,0,100.0,2370744.0,94.0,0.0,100.0,5.0,100.0,0.0,85.0,313717227.0,89.0,10461.0,100.0,0.0,100.0,4.0,,,,,100.0,0.0,100.0,0.0,,,71.0,29.0,,,100.0,131.0,100.0,1004.0,29.0,29.0,100.0,0.0,100.0,0.0,200.0,0.0,100.0,10149.0,100.0,55057918240.0,100.0,88010976302.0
2019-03-07,ZCH0CHJT,ST12000NM0007,12000138625024,0,77.0,49347368.0,94.0,0.0,100.0,5.0,100.0,0.0,85.0,317879231.0,89.0,10493.0,100.0,0.0,100.0,4.0,,,,,100.0,0.0,100.0,0.0,,,71.0,29.0,,,100.0,132.0,100.0,1005.0,29.0,29.0,100.0,0.0,100.0,0.0,200.0,0.0,100.0,10180.0,100.0,55143881864.0,100.0,88216130094.0
2019-03-08,ZCH0CHJT,ST12000NM0007,12000138625024,0,83.0,203437816.0,94.0,0.0,100.0,5.0,100.0,0.0,85.0,319492359.0,89.0,10509.0,100.0,0.0,100.0,4.0,,,,,100.0,0.0,100.0,0.0,,,71.0,29.0,,,100.0,132.0,100.0,1006.0,29.0,29.0,100.0,0.0,100.0,0.0,200.0,0.0,100.0,10196.0,100.0,55181955248.0,100.0,88332147158.0
2019-03-09,ZCH0CHJT,ST12000NM0007,12000138625024,0,84.0,244094704.0,94.0,0.0,100.0,5.0,100.0,0.0,85.0,322960602.0,88.0,10541.0,100.0,0.0,100.0,4.0,,,,,100.0,0.0,100.0,0.0,,,70.0,30.0,,,100.0,132.0,100.0,1007.0,30.0,30.0,100.0,0.0,100.0,0.0,200.0,0.0,100.0,10228.0,100.0,55256694728.0,100.0,88542205894.0
2019-03-10,ZCH0CHJT,ST12000NM0007,12000138625024,0,81.0,129211320.0,94.0,0.0,100.0,5.0,100.0,0.0,85.0,324430059.0,88.0,10556.0,100.0,0.0,100.0,4.0,,,,,100.0,0.0,100.0,0.0,,,71.0,29.0,,,100.0,133.0,100.0,1008.0,29.0,29.0,100.0,0.0,100.0,0.0,200.0,0.0,100.0,10243.0,100.0,55295378480.0,100.0,88632779558.0
2019-03-11,ZCH0CHJT,ST12000NM0007,12000138625024,0,83.0,207785384.0,94.0,0.0,100.0,5.0,100.0,0.0,85.0,328784889.0,88.0,10588.0,100.0,0.0,100.0,4.0,,,,,100.0,0.0,100.0,0.0,,,72.0,28.0,,,100.0,134.0,100.0,1009.0,28.0,28.0,100.0,0.0,100.0,0.0,200.0,0.0,100.0,10275.0,100.0,55395680360.0,100.0,88855192406.0
2019-03-12,ZCH0CHJT,ST12000NM0007,12000138625024,0,80.0,97254512.0,94.0,0.0,100.0,5.0,100.0,0.0,85.0,330479999.0,88.0,10604.0,100.0,0.0,100.0,4.0,,,,,100.0,0.0,100.0,0.0,,,72.0,28.0,,,100.0,134.0,100.0,1010.0,28.0,28.0,100.0,0.0,100.0,0.0,200.0,0.0,100.0,10291.0,100.0,55446191016.0,100.0,88938291606.0
2019-03-13,ZCH0CHJT,ST12000NM0007,12000138625024,0,83.0,204403312.0,94.0,0.0,100.0,5.0,100.0,0.0,85.0,335403429.0,88.0,10636.0,100.0,0.0,100.0,4.0,,,,,100.0,0.0,100.0,0.0,,,72.0,28.0,,,100.0,134.0,100.0,1011.0,28.0,28.0,100.0,0.0,100.0,0.0,200.0,0.0,100.0,10322.0,100.0,55563700576.0,100.0,89172071790.0
2019-03-14,ZCH0CHJT,ST12000NM0007,12000138625024,0,81.0,127850920.0,94.0,0.0,100.0,5.0,100.0,0.0,85.0,338164655.0,88.0,10651.0,100.0,0.0,100.0,4.0,,,,,100.0,0.0,100.0,0.0,,,72.0,28.0,,,100.0,134.0,100.0,1012.0,28.0,28.0,100.0,0.0,100.0,0.0,200.0,0.0,100.0,10338.0,100.0,55621475024.0,100.0,89281885798.0
2019-03-15,ZCH0CHJT,ST12000NM0007,12000138625024,0,83.0,192590272.0,94.0,0.0,100.0,5.0,100.0,0.0,85.0,341640523.0,88.0,10683.0,100.0,0.0,100.0,4.0,,,,,100.0,0.0,100.0,0.0,,,73.0,27.0,,,100.0,134.0,100.0,1013.0,27.0,27.0,100.0,0.0,100.0,0.0,200.0,0.0,100.0,10370.0,100.0,55738861152.0,100.0,89473379726.0
2019-03-16,ZCH0CHJT,ST12000NM0007,12000138625024,0,81.0,134101632.0,94.0,0.0,100.0,5.0,100.0,0.0,85.0,343420793.0,88.0,10699.0,100.0,0.0,100.0,4.0,,,,,100.0,0.0,100.0,0.0,,,73.0,27.0,,,100.0,135.0,100.0,1014.0,27.0,27.0,100.0,0.0,100.0,0.0,200.0,0.0,100.0,10385.0,100.0,55806587888.0,100.0,89591305054.0
2019-03-17,ZCH0CHJT,ST12000NM0007,12000138625024,0,84.0,228397736.0,94.0,0.0,100.0,5.0,100.0,0.0,85.0,346844487.0,88.0,10731.0,100.0,0.0,100.0,4.0,,,,,100.0,0.0,100.0,0.0,,,73.0,27.0,,,100.0,136.0,100.0,1015.0,27.0,27.0,100.0,0.0,100.0,0.0,200.0,0.0,100.0,10417.0,100.0,55930987952.0,100.0,89805342206.0
2019-03-18,ZCH0CHJT,ST12000NM0007,12000138625024,0,82.0,147007416.0,94.0,0.0,100.0,5.0,100.0,0.0,85.0,348396022.0,88.0,10746.0,100.0,0.0,100.0,4.0,,,,,100.0,0.0,100.0,0.0,,,73.0,27.0,,,100.0,137.0,100.0,1016.0,27.0,27.0,100.0,0.0,100.0,0.0,200.0,0.0,100.0,10433.0,100.0,55976105856.0,100.0,89922975078.0
2019-03-19,ZCH0CHJT,ST12000NM0007,12000138625024,0,80.0,91046800.0,94.0,0.0,100.0,5.0,100.0,0.0,85.0,351204633.0,88.0,10762.0,100.0,0.0,100.0,4.0,,,,,100.0,0.0,100.0,0.0,,,73.0,27.0,,,100.0,137.0,100.0,1016.0,27.0,27.0,100.0,0.0,100.0,0.0,200.0,0.0,100.0,10449.0,100.0,56025670536.0,100.0,90061590582.0
2019-03-20,ZCH0CHJT,ST12000NM0007,12000138625024,0,82.0,160505600.0,93.0,0.0,100.0,6.0,100.0,0.0,85.0,354800300.0,88.0,10795.0,100.0,0.0,100.0,5.0,,,,,100.0,0.0,100.0,0.0,,,75.0,25.0,,,100.0,138.0,100.0,1019.0,25.0,25.0,100.0,0.0,100.0,0.0,200.0,0.0,100.0,10481.0,100.0,56131640192.0,100.0,90269220384.0
2019-03-21,ZCH0CHJT,ST12000NM0007,12000138625024,0,79.0,81743528.0,93.0,0.0,100.0,6.0,100.0,0.0,86.0,356950883.0,88.0,10810.0,100.0,0.0,100.0,5.0,,,,,100.0,0.0,100.0,0.0,,,74.0,26.0,,,100.0,138.0,100.0,1019.0,26.0,26.0,100.0,0.0,100.0,0.0,200.0,0.0,100.0,10496.0,100.0,56182182504.0,100.0,90384056704.0
2019-03-22,ZCH0CHJT,ST12000NM0007,12000138625024,0,81.0,118678820.0,91.0,0.0,100.0,7.0,100.0,0.0,86.0,360819132.0,88.0,10842.0,100.0,0.0,100.0,6.0,,,,,100.0,0.0,100.0,0.0,,,73.0,27.0,,,100.0,140.0,100.0,1023.0,27.0,27.0,100.0,0.0,100.0,0.0,200.0,0.0,100.0,10528.0,100.0,56272375824.0,100.0,90574939428.0
2019-03-23,ZCH0CHJT,ST12000NM0007,12000138625024,0,74.0,22510080.0,91.0,0.0,100.0,7.0,100.0,0.0,86.0,362342590.0,88.0,10858.0,100.0,0.0,100.0,6.0,,,,,100.0,0.0,100.0,0.0,,,72.0,28.0,,,100.0,140.0,100.0,1023.0,28.0,28.0,100.0,0.0,100.0,0.0,200.0,0.0,100.0,10544.0,100.0,56311393976.0,100.0,90683893412.0
2019-03-24,ZCH0CHJT,ST12000NM0007,12000138625024,0,80.0,92839040.0,91.0,0.0,100.0,7.0,100.0,0.0,86.0,365462631.0,88.0,10890.0,100.0,0.0,100.0,6.0,,,,,100.0,0.0,100.0,0.0,,,73.0,27.0,,,100.0,141.0,100.0,1025.0,27.0,27.0,100.0,0.0,100.0,0.0,200.0,0.0,100.0,10575.0,100.0,56396767160.0,100.0,90912990004.0
2019-03-25,ZCH0CHJT,ST12000NM0007,12000138625024,0,73.0,21228864.0,91.0,0.0,100.0,7.0,100.0,0.0,86.0,367203572.0,88.0,10906.0,100.0,0.0,100.0,6.0,,,,,100.0,0.0,100.0,0.0,,,72.0,28.0,,,100.0,141.0,100.0,1025.0,28.0,28.0,100.0,0.0,100.0,0.0,200.0,0.0,100.0,10591.0,100.0,56442545000.0,100.0,91039742652.0
2019-03-26,ZCH0CHJT,ST12000NM0007,12000138625024,0,82.0,173429888.0,91.0,0.0,100.0,7.0,100.0,0.0,86.0,372194912.0,88.0,10938.0,100.0,0.0,100.0,6.0,,,,,100.0,0.0,100.0,0.0,,,73.0,27.0,,,100.0,141.0,100.0,1027.0,27.0,27.0,100.0,0.0,100.0,0.0,200.0,0.0,100.0,10622.0,100.0,56540237072.0,100.0,91338392308.0
2019-03-27,ZCH0CHJT,ST12000NM0007,12000138625024,0,80.0,97396328.0,91.0,0.0,100.0,7.0,100.0,0.0,86.0,373897450.0,88.0,10953.0,100.0,0.0,100.0,6.0,,,,,100.0,0.0,100.0,0.0,,,73.0,27.0,,,100.0,141.0,100.0,1027.0,27.0,27.0,100.0,0.0,100.0,0.0,200.0,0.0,100.0,10638.0,100.0,56586993264.0,100.0,91459743236.0
2019-03-28,ZCH0CHJT,ST12000NM0007,12000138625024,0,83.0,214970456.0,91.0,0.0,100.0,7.0,100.0,0.0,86.0,378494747.0,88.0,10985.0,100.0,0.0,100.0,6.0,,,,,100.0,0.0,100.0,0.0,,,72.0,28.0,,,100.0,142.0,100.0,1028.0,28.0,28.0,100.0,0.0,100.0,0.0,200.0,0.0,100.0,10670.0,100.0,56723290472.0,100.0,91685160788.0
2019-03-29,ZCH0CHJT,ST12000NM0007,12000138625024,0,79.0,73614832.0,91.0,0.0,100.0,7.0,100.0,0.0,86.0,382962816.0,88.0,11017.0,100.0,0.0,100.0,6.0,,,,,100.0,0.0,100.0,0.0,,,73.0,27.0,,,100.0,143.0,100.0,1030.0,27.0,27.0,100.0,0.0,100.0,0.0,200.0,0.0,100.0,10701.0,100.0,56837844408.0,100.0,91917532948.0
2019-03-30,ZCH0CHJT,ST12000NM0007,12000138625024,0,84.0,242577800.0,91.0,0.0,100.0,7.0,100.0,0.0,86.0,384598992.0,88.0,11032.0,100.0,0.0,100.0,6.0,,,,,100.0,0.0,100.0,0.0,,,73.0,27.0,,,100.0,143.0,100.0,1030.0,27.0,27.0,100.0,0.0,100.0,0.0,200.0,0.0,100.0,10717.0,100.0,56881765936.0,100.0,92042574388.0
2019-03-31,ZCH0CHJT,ST12000NM0007,12000138625024,0,81.0,117542088.0,91.0,0.0,100.0,7.0,100.0,0.0,86.0,388227719.0,88.0,11064.0,100.0,0.0,100.0,6.0,,,,,100.0,0.0,100.0,0.0,,,73.0,27.0,,,100.0,144.0,100.0,1032.0,27.0,27.0,100.0,0.0,100.0,0.0,200.0,0.0,100.0,10748.0,100.0,57001265792.0,100.0,92286323068.0
2019-04-01,ZCH0CHJT,ST12000NM0007,12000138625024,0,80.0,94091368.0,91.0,0.0,100.0,7.0,100.0,0.0,86.0,391479744.0,88.0,11080.0,100.0,0.0,100.0,6.0,,,,,100.0,0.0,100.0,0.0,,,73.0,27.0,,,100.0,144.0,100.0,1032.0,27.0,27.0,100.0,0.0,100.0,0.0,200.0,0.0,100.0,10764.0,100.0,57059374784.0,100.0,92448904004.0
2019-04-02,ZCH0CHJT,ST12000NM0007,12000138625024,0,73.0,22196176.0,91.0,0.0,100.0,7.0,100.0,0.0,86.0,396373280.0,88.0,11111.0,100.0,0.0,100.0,6.0,,,,,100.0,0.0,100.0,0.0,,,74.0,26.0,,,100.0,146.0,100.0,1034.0,26.0,26.0,100.0,0.0,100.0,0.0,200.0,0.0,100.0,10796.0,100.0,57176302640.0,100.0,92748362636.0
2019-04-03,ZCH0CHJT,ST12000NM0007,12000138625024,0,83.0,196413296.0,91.0,0.0,100.0,7.0,100.0,0.0,86.0,398202313.0,88.0,11127.0,100.0,0.0,100.0,6.0,,,,,100.0,0.0,100.0,0.0,,,73.0,27.0,,,100.0,146.0,100.0,1034.0,27.0,27.0,100.0,0.0,100.0,0.0,200.0,0.0,100.0,10811.0,100.0,57229109632.0,100.0,92869772764.0
2019-04-04,ZCH0CHJT,ST12000NM0007,12000138625024,0,75.0,34419360.0,91.0,0.0,100.0,7.0,100.0,0.0,86.0,402530721.0,88.0,11159.0,100.0,0.0,100.0,6.0,,,,,100.0,0.0,100.0,0.0,,,74.0,26.0,,,100.0,146.0,100.0,1036.0,26.0,26.0,100.0,0.0,100.0,0.0,200.0,0.0,100.0,10843.0,100.0,57319636560.0,100.0,93105533300.0
2019-04-05,ZCH0CHJT,ST12000NM0007,12000138625024,0,80.0,96295664.0,91.0,0.0,100.0,7.0,100.0,0.0,86.0,405674135.0,88.0,11190.0,100.0,0.0,100.0,6.0,,,,,100.0,0.0,100.0,0.0,,,73.0,27.0,,,100.0,147.0,100.0,1037.0,27.0,27.0,100.0,0.0,100.0,0.0,200.0,0.0,100.0,10874.0,100.0,57407797768.0,100.0,93323389140.0
2019-04-06,ZCH0CHJT,ST12000NM0007,12000138625024,0,84.0,231883792.0,91.0,0.0,100.0,7.0,100.0,0.0,86.0,407022353.0,88.0,11206.0,100.0,0.0,100.0,6.0,,,,,100.0,0.0,100.0,0.0,,,73.0,27.0,,,100.0,147.0,100.0,1038.0,27.0,27.0,100.0,0.0,100.0,0.0,200.0,0.0,100.0,10890.0,100.0,57443780296.0,100.0,93422994740.0
2019-04-07,ZCH0CHJT,ST12000NM0007,12000138625024,0,72.0,16251272.0,91.0,0.0,100.0,7.0,100.0,0.0,86.0,409671542.0,88.0,11238.0,100.0,0.0,100.0,6.0,,,,,100.0,0.0,100.0,0.0,,,74.0,26.0,,,100.0,147.0,100.0,1039.0,26.0,26.0,100.0,0.0,100.0,0.0,200.0,0.0,100.0,10922.0,100.0,57503829560.0,100.0,93635594644.0
2019-04-08,ZCH0CHJT,ST12000NM0007,12000138625024,0,82.0,175712072.0,91.0,0.0,100.0,7.0,100.0,0.0,86.0,411118776.0,88.0,11254.0,100.0,0.0,100.0,6.0,,,,,100.0,0.0,100.0,0.0,,,73.0,27.0,,,100.0,148.0,100.0,1040.0,27.0,27.0,100.0,0.0,100.0,0.0,200.0,0.0,100.0,10937.0,100.0,57531765928.0,100.0,93767119076.0
2019-04-09,ZCH0CHJT,ST12000NM0007,12000138625024,0,77.0,50698880.0,91.0,0.0,100.0,7.0,100.0,0.0,86.0,415438374.0,88.0,11285.0,100.0,0.0,100.0,6.0,,,,,100.0,0.0,100.0,0.0,,,74.0,26.0,,,100.0,149.0,100.0,1041.0,26.0,26.0,100.0,0.0,100.0,0.0,200.0,0.0,100.0,10969.0,100.0,57614311984.0,100.0,94047841276.0
2019-04-10,ZCH0CHJT,ST12000NM0007,12000138625024,0,83.0,198160760.0,91.0,0.0,100.0,7.0,100.0,0.0,86.0,416775525.0,88.0,11301.0,100.0,0.0,100.0,6.0,,,,,100.0,0.0,100.0,0.0,,,74.0,26.0,,,100.0,149.0,100.0,1042.0,26.0,26.0,100.0,0.0,100.0,0.0,200.0,0.0,100.0,10985.0,100.0,57649583168.0,100.0,94160031972.0
2019-04-11,ZCH0CHJT,ST12000NM0007,12000138625024,0,80.0,110752288.0,91.0,0.0,100.0,7.0,100.0,0.0,86.0,419225470.0,88.0,11317.0,100.0,0.0,100.0,6.0,,,,,100.0,0.0,100.0,0.0,,,73.0,27.0,,,100.0,149.0,100.0,1042.0,27.0,27.0,100.0,0.0,100.0,0.0,200.0,0.0,100.0,11000.0,100.0,57697869048.0,100.0,94268478324.0
2019-04-12,ZCH0CHJT,ST12000NM0007,12000138625024,0,82.0,162159624.0,91.0,0.0,100.0,7.0,100.0,0.0,86.0,422579577.0,88.0,11349.0,100.0,0.0,100.0,6.0,,,,,100.0,0.0,100.0,0.0,,,73.0,27.0,,,100.0,149.0,100.0,1044.0,27.0,27.0,100.0,0.0,100.0,0.0,200.0,0.0,100.0,11032.0,100.0,57773742160.0,100.0,94488153356.0
2019-04-13,ZCH0CHJT,ST12000NM0007,12000138625024,0,78.0,70452144.0,91.0,0.0,100.0,7.0,100.0,0.0,86.0,423926072.0,88.0,11365.0,100.0,0.0,100.0,6.0,,,,,100.0,0.0,100.0,0.0,,,73.0,27.0,,,100.0,149.0,100.0,1044.0,27.0,27.0,100.0,0.0,100.0,0.0,200.0,0.0,100.0,11048.0,100.0,57800007912.0,100.0,94614320852.0
2019-04-14,ZCH0CHJT,ST12000NM0007,12000138625024,0,81.0,120566768.0,91.0,0.0,100.0,7.0,100.0,0.0,86.0,426691215.0,87.0,11397.0,100.0,0.0,100.0,6.0,,,,,100.0,0.0,100.0,0.0,,,75.0,25.0,,,100.0,150.0,100.0,1046.0,25.0,25.0,100.0,0.0,100.0,0.0,200.0,0.0,100.0,11079.0,100.0,57870837424.0,100.0,94837746708.0
2019-04-15,ZCH0CHJT,ST12000NM0007,12000138625024,0,75.0,28427608.0,91.0,0.0,100.0,7.0,100.0,0.0,86.0,428461811.0,87.0,11413.0,100.0,0.0,100.0,6.0,,,,,100.0,0.0,100.0,0.0,,,73.0,27.0,,,100.0,150.0,100.0,1046.0,27.0,27.0,100.0,0.0,100.0,0.0,200.0,0.0,100.0,11095.0,100.0,57914225576.0,100.0,94946360164.0
2019-04-16,ZCH0CHJT,ST12000NM0007,12000138625024,0,81.0,115402384.0,91.0,0.0,100.0,7.0,100.0,0.0,86.0,432748380.0,87.0,11444.0,100.0,0.0,100.0,6.0,,,,,100.0,0.0,100.0,0.0,,,73.0,27.0,,,100.0,152.0,100.0,1048.0,27.0,27.0,100.0,0.0,100.0,0.0,200.0,0.0,100.0,11127.0,100.0,58000394208.0,100.0,95191307012.0
2019-04-17,ZCH0CHJT,ST12000NM0007,12000138625024,0,84.0,236051216.0,91.0,0.0,100.0,7.0,100.0,0.0,86.0,437774717.0,87.0,11476.0,100.0,0.0,100.0,6.0,,,,,100.0,0.0,100.0,0.0,,,74.0,26.0,,,100.0,152.0,100.0,1049.0,26.0,26.0,100.0,0.0,100.0,0.0,200.0,0.0,100.0,11159.0,100.0,58101546056.0,100.0,95454944636.0
2019-04-18,ZCH0CHJT,ST12000NM0007,12000138625024,0,81.0,135124824.0,91.0,0.0,100.0,7.0,100.0,0.0,86.0,440481312.0,87.0,11492.0,100.0,0.0,100.0,6.0,,,,,100.0,0.0,100.0,0.0,,,73.0,27.0,,,100.0,152.0,100.0,1050.0,27.0,27.0,100.0,0.0,100.0,0.0,200.0,0.0,100.0,11174.0,100.0,58138214960.0,100.0,95561490380.0
2019-04-19,ZCH0CHJT,ST12000NM0007,12000138625024,0,82.0,169827968.0,91.0,0.0,100.0,7.0,100.0,0.0,86.0,443485202.0,87.0,11523.0,100.0,0.0,100.0,6.0,,,,,100.0,0.0,100.0,0.0,,,74.0,26.0,,,100.0,153.0,100.0,1051.0,26.0,26.0,100.0,0.0,100.0,0.0,200.0,0.0,100.0,11206.0,100.0,58221334096.0,100.0,95757215044.0
2019-04-20,ZCH0CHJT,ST12000NM0007,12000138625024,0,77.0,53719688.0,91.0,0.0,100.0,7.0,100.0,0.0,86.0,444837999.0,87.0,11539.0,100.0,0.0,100.0,6.0,,,,,100.0,0.0,100.0,0.0,,,74.0,26.0,,,100.0,154.0,100.0,1052.0,26.0,26.0,100.0,0.0,100.0,0.0,200.0,0.0,100.0,11222.0,100.0,58249092544.0,100.0,95857489140.0
2019-04-21,ZCH0CHJT,ST12000NM0007,12000138625024,0,80.0,102110152.0,91.0,0.0,100.0,7.0,100.0,0.0,87.0,447933727.0,87.0,11571.0,100.0,0.0,100.0,6.0,,,,,100.0,0.0,100.0,0.0,,,73.0,27.0,,,100.0,155.0,100.0,1053.0,27.0,27.0,100.0,0.0,100.0,0.0,200.0,0.0,100.0,11253.0,100.0,58314190880.0,100.0,96084921940.0
2019-04-22,ZCH0CHJT,ST12000NM0007,12000138625024,0,84.0,228942624.0,91.0,0.0,100.0,7.0,100.0,0.0,87.0,449313733.0,87.0,11587.0,100.0,0.0,100.0,6.0,,,,,100.0,0.0,100.0,0.0,,,74.0,26.0,,,100.0,156.0,100.0,1054.0,26.0,26.0,100.0,0.0,100.0,0.0,200.0,0.0,100.0,11269.0,100.0,58344866424.0,100.0,96181078868.0
2019-04-23,ZCH0CHJT,ST12000NM0007,12000138625024,0,78.0,58663992.0,91.0,0.0,100.0,7.0,100.0,0.0,87.0,453777683.0,87.0,11619.0,100.0,0.0,100.0,6.0,,,,,100.0,0.0,100.0,0.0,,,73.0,27.0,,,100.0,156.0,100.0,1055.0,27.0,27.0,100.0,0.0,100.0,0.0,200.0,0.0,100.0,11301.0,100.0,58421367280.0,100.0,96422580692.0
2019-04-24,ZCH0CHJT,ST12000NM0007,12000138625024,0,83.0,221078104.0,91.0,0.0,100.0,7.0,100.0,0.0,87.0,455507890.0,87.0,11635.0,100.0,0.0,100.0,6.0,,,,,100.0,0.0,100.0,0.0,,,75.0,25.0,,,100.0,156.0,100.0,1056.0,25.0,25.0,100.0,0.0,100.0,0.0,200.0,0.0,100.0,11316.0,100.0,58468126264.0,100.0,96538235820.0
2019-04-25,ZCH0CHJT,ST12000NM0007,12000138625024,0,73.0,18190912.0,91.0,0.0,100.0,7.0,100.0,0.0,87.0,459807268.0,87.0,11666.0,100.0,0.0,100.0,6.0,,,,,100.0,0.0,100.0,0.0,,,74.0,26.0,,,100.0,156.0,100.0,1058.0,26.0,26.0,100.0,0.0,100.0,0.0,200.0,0.0,100.0,11348.0,100.0,58552645352.0,100.0,96739111196.0
2019-04-26,ZCH0CHJT,ST12000NM0007,12000138625024,0,82.0,163629016.0,91.0,0.0,100.0,7.0,100.0,0.0,87.0,461341847.0,87.0,11682.0,100.0,0.0,100.0,6.0,,,,,100.0,0.0,100.0,0.0,,,74.0,26.0,,,100.0,156.0,100.0,1058.0,26.0,26.0,100.0,0.0,100.0,0.0,200.0,0.0,100.0,11364.0,100.0,58592878864.0,100.0,96844315788.0
2019-04-27,ZCH0CHJT,ST12000NM0007,12000138625024,0,83.0,186125616.0,91.0,0.0,100.0,7.0,100.0,0.0,87.0,464033185.0,87.0,11714.0,100.0,0.0,100.0,6.0,,,,,100.0,0.0,100.0,0.0,,,74.0,26.0,,,100.0,157.0,100.0,1060.0,26.0,26.0,100.0,0.0,100.0,0.0,200.0,0.0,100.0,11395.0,100.0,58651664168.0,100.0,97052167892.0
2019-04-28,ZCH0CHJT,ST12000NM0007,12000138625024,0,79.0,78713168.0,91.0,0.0,100.0,7.0,100.0,0.0,87.0,465494100.0,87.0,11729.0,100.0,0.0,100.0,6.0,,,,,100.0,0.0,100.0,0.0,,,74.0,26.0,,,100.0,157.0,100.0,1060.0,26.0,26.0,100.0,0.0,100.0,0.0,200.0,0.0,100.0,11411.0,100.0,58684785288.0,100.0,97155775228.0
2019-04-29,ZCH0CHJT,ST12000NM0007,12000138625024,0,81.0,137267248.0,91.0,0.0,100.0,7.0,100.0,0.0,87.0,469266537.0,87.0,11761.0,100.0,0.0,100.0,6.0,,,,,100.0,0.0,100.0,0.0,,,74.0,26.0,,,100.0,157.0,100.0,1061.0,26.0,26.0,100.0,0.0,100.0,0.0,200.0,0.0,100.0,11442.0,100.0,58767943576.0,100.0,97375311724.0
2019-04-30,ZCH0CHJT,ST12000NM0007,12000138625024,0,75.0,31952552.0,91.0,0.0,100.0,7.0,100.0,0.0,87.0,471118793.0,87.0,11777.0,100.0,0.0,100.0,6.0,,,,,100.0,0.0,100.0,0.0,,,73.0,27.0,,,100.0,157.0,100.0,1062.0,27.0,27.0,100.0,0.0,100.0,0.0,200.0,0.0,100.0,11458.0,100.0,58808367056.0,100.0,97473714260.0
2019-05-01,ZCH0CHJT,ST12000NM0007,12000138625024,0,78.0,67284000.0,91.0,0.0,100.0,7.0,100.0,0.0,87.0,473982917.0,87.0,11808.0,100.0,0.0,100.0,6.0,,,,,100.0,0.0,100.0,0.0,,,74.0,26.0,,,100.0,158.0,100.0,1063.0,26.0,26.0,100.0,0.0,100.0,0.0,200.0,0.0,100.0,11489.0,100.0,58900365088.0,100.0,97661188396.0
2019-05-02,ZCH0CHJT,ST12000NM0007,12000138625024,0,84.0,237052048.0,91.0,0.0,100.0,7.0,100.0,0.0,87.0,477376515.0,87.0,11824.0,100.0,0.0,100.0,6.0,,,,,100.0,0.0,100.0,0.0,,,72.0,28.0,,,100.0,158.0,100.0,1064.0,28.0,28.0,100.0,0.0,100.0,0.0,200.0,0.0,100.0,11505.0,100.0,58937949528.0,100.0,97793372004.0
2019-05-03,ZCH0CHJT,ST12000NM0007,12000138625024,0,71.0,13298008.0,91.0,0.0,100.0,7.0,100.0,0.0,87.0,480962363.0,87.0,11856.0,100.0,0.0,100.0,6.0,,,,,100.0,0.0,100.0,0.0,,,74.0,26.0,,,100.0,159.0,100.0,1065.0,26.0,26.0,100.0,0.0,100.0,0.0,200.0,0.0,100.0,11537.0,100.0,59003072536.0,100.0,97992776492.0
2019-05-04,ZCH0CHJT,ST12000NM0007,12000138625024,0,82.0,150142352.0,91.0,0.0,100.0,7.0,100.0,0.0,87.0,482433816.0,87.0,11872.0,100.0,0.0,100.0,6.0,,,,,100.0,0.0,100.0,0.0,,,74.0,26.0,,,100.0,159.0,100.0,1066.0,26.0,26.0,100.0,0.0,100.0,0.0,200.0,0.0,100.0,11552.0,100.0,59042921136.0,100.0,98089772236.0
2019-05-05,ZCH0CHJT,ST12000NM0007,12000138625024,0,82.0,164107832.0,91.0,0.0,100.0,7.0,100.0,0.0,87.0,485355663.0,87.0,11903.0,100.0,0.0,100.0,6.0,,,,,100.0,0.0,100.0,0.0,,,74.0,26.0,,,100.0,160.0,100.0,1067.0,26.0,26.0,100.0,0.0,100.0,0.0,200.0,0.0,100.0,11584.0,100.0,59108634680.0,100.0,98282164988.0
2019-05-06,ZCH0CHJT,ST12000NM0007,12000138625024,0,75.0,33490272.0,91.0,0.0,100.0,7.0,100.0,0.0,87.0,486660624.0,87.0,11919.0,100.0,0.0,100.0,6.0,,,,,100.0,0.0,100.0,0.0,,,73.0,27.0,,,100.0,161.0,100.0,1068.0,27.0,27.0,100.0,0.0,100.0,0.0,200.0,0.0,100.0,11600.0,100.0,59138422712.0,100.0,98365900036.0
2019-05-07,ZCH0CHJT,ST12000NM0007,12000138625024,0,79.0,75427752.0,91.0,0.0,100.0,7.0,100.0,0.0,87.0,490627736.0,87.0,11951.0,100.0,0.0,100.0,6.0,,,,,100.0,0.0,100.0,0.0,,,74.0,26.0,,,100.0,162.0,100.0,1069.0,26.0,26.0,100.0,0.0,100.0,0.0,200.0,0.0,100.0,11631.0,100.0,59219913800.0,100.0,98570487276.0
2019-05-08,ZCH0CHJT,ST12000NM0007,12000138625024,0,84.0,237987480.0,91.0,0.0,100.0,7.0,100.0,0.0,87.0,492177398.0,87.0,11967.0,100.0,0.0,100.0,6.0,,,,,100.0,0.0,100.0,0.0,,,73.0,27.0,,,100.0,163.0,100.0,1070.0,27.0,27.0,100.0,0.0,100.0,0.0,200.0,0.0,100.0,11647.0,100.0,59280575000.0,100.0,98672385804.0
2019-05-09,ZCH0CHJT,ST12000NM0007,12000138625024,0,72.0,15637536.0,91.0,0.0,100.0,7.0,100.0,0.0,87.0,496279183.0,87.0,11998.0,100.0,0.0,100.0,6.0,,,,,100.0,0.0,100.0,0.0,,,74.0,26.0,,,100.0,164.0,100.0,1071.0,26.0,26.0,100.0,0.0,100.0,0.0,200.0,0.0,100.0,11678.0,100.0,59366580448.0,100.0,98852311796.0
2019-05-10,ZCH0CHJT,ST12000NM0007,12000138625024,0,82.0,142706808.0,91.0,0.0,100.0,7.0,100.0,0.0,87.0,497688853.0,87.0,12014.0,100.0,0.0,100.0,6.0,,,,,100.0,0.0,100.0,0.0,,,73.0,27.0,,,100.0,164.0,100.0,1072.0,27.0,27.0,100.0,0.0,100.0,0.0,200.0,0.0,100.0,11694.0,100.0,59400034472.0,100.0,98945927044.0
2019-05-11,ZCH0CHJT,ST12000NM0007,12000138625024,0,80.0,104530272.0,91.0,0.0,100.0,7.0,100.0,0.0,87.0,499959483.0,87.0,12046.0,100.0,0.0,100.0,6.0,,,,,100.0,0.0,100.0,0.0,,,75.0,25.0,,,100.0,164.0,100.0,1073.0,25.0,25.0,100.0,0.0,100.0,0.0,200.0,0.0,100.0,11726.0,100.0,59445327608.0,100.0,99106598004.0
2019-05-12,ZCH0CHJT,ST12000NM0007,12000138625024,0,68.0,7073392.0,91.0,0.0,100.0,7.0,100.0,0.0,87.0,501394379.0,87.0,12062.0,100.0,0.0,100.0,6.0,,,,,100.0,0.0,100.0,0.0,,,73.0,27.0,,,100.0,165.0,100.0,1074.0,27.0,27.0,100.0,0.0,100.0,0.0,200.0,0.0,100.0,11742.0,100.0,59493618456.0,100.0,99204990996.0
2019-05-13,ZCH0CHJT,ST12000NM0007,12000138625024,0,71.0,13995056.0,91.0,0.0,100.0,7.0,100.0,0.0,87.0,503968431.0,87.0,12094.0,100.0,0.0,100.0,6.0,,,,,100.0,0.0,100.0,0.0,,,75.0,25.0,,,100.0,165.0,100.0,1075.0,25.0,25.0,100.0,0.0,100.0,0.0,200.0,0.0,100.0,11773.0,100.0,59573276304.0,100.0,99376395556.0
2019-05-14,ZCH0CHJT,ST12000NM0007,12000138625024,0,83.0,203306408.0,91.0,0.0,100.0,7.0,100.0,0.0,87.0,506773561.0,87.0,12109.0,100.0,0.0,100.0,6.0,,,,,100.0,0.0,100.0,0.0,,,73.0,27.0,,,100.0,165.0,100.0,1076.0,27.0,27.0,100.0,0.0,100.0,0.0,200.0,0.0,100.0,11789.0,100.0,59615558096.0,100.0,99523425116.0
2019-05-15,ZCH0CHJT,ST12000NM0007,12000138625024,0,83.0,219412400.0,91.0,0.0,100.0,7.0,100.0,0.0,87.0,509544347.0,87.0,12141.0,100.0,0.0,100.0,6.0,,,,,100.0,0.0,100.0,0.0,,,73.0,27.0,,,100.0,166.0,100.0,1077.0,27.0,27.0,100.0,0.0,100.0,0.0,200.0,0.0,100.0,11820.0,100.0,59684844064.0,100.0,99714385780.0
2019-05-16,ZCH0CHJT,ST12000NM0007,12000138625024,0,81.0,123238952.0,91.0,0.0,100.0,7.0,100.0,0.0,87.0,511861298.0,87.0,12157.0,100.0,0.0,100.0,6.0,,,,,100.0,0.0,100.0,0.0,,,73.0,27.0,,,100.0,167.0,100.0,1078.0,27.0,27.0,100.0,0.0,100.0,0.0,200.0,0.0,100.0,11836.0,100.0,59726559512.0,100.0,99820637716.0
2019-05-17,ZCH0CHJT,ST12000NM0007,12000138625024,0,81.0,137074456.0,91.0,0.0,100.0,7.0,100.0,0.0,87.0,515243788.0,87.0,12189.0,100.0,0.0,100.0,6.0,,,,,100.0,0.0,100.0,0.0,,,73.0,27.0,,,100.0,168.0,100.0,1079.0,27.0,27.0,100.0,0.0,100.0,0.0,200.0,0.0,100.0,11868.0,100.0,59797283872.0,100.0,100007889580.0
2019-05-18,ZCH0CHJT,ST12000NM0007,12000138625024,0,76.0,40409088.0,91.0,0.0,100.0,7.0,100.0,0.0,87.0,516685810.0,87.0,12204.0,100.0,0.0,100.0,6.0,,,,,100.0,0.0,100.0,0.0,,,72.0,28.0,,,100.0,169.0,100.0,1080.0,28.0,28.0,100.0,0.0,100.0,0.0,200.0,0.0,100.0,11883.0,100.0,59836508176.0,100.0,100116140724.0
2019-05-19,ZCH0CHJT,ST12000NM0007,12000138625024,0,78.0,61585184.0,91.0,0.0,100.0,7.0,100.0,0.0,87.0,519427990.0,87.0,12236.0,100.0,0.0,100.0,6.0,,,,,100.0,0.0,100.0,0.0,,,73.0,27.0,,,100.0,169.0,100.0,1081.0,27.0,27.0,100.0,0.0,100.0,0.0,200.0,0.0,100.0,11915.0,100.0,59914240904.0,100.0,100303724932.0
2019-05-20,ZCH0CHJT,ST12000NM0007,12000138625024,0,84.0,233714536.0,91.0,0.0,100.0,7.0,100.0,0.0,87.0,522125652.0,87.0,12252.0,100.0,0.0,100.0,6.0,,,,,100.0,0.0,100.0,0.0,,,72.0,28.0,,,100.0,169.0,100.0,1082.0,28.0,28.0,100.0,0.0,100.0,0.0,200.0,0.0,100.0,11931.0,100.0,59956459400.0,100.0,100433635788.0
2019-05-21,ZCH0CHJT,ST12000NM0007,12000138625024,0,75.0,31936128.0,91.0,0.0,100.0,7.0,100.0,0.0,87.0,526525495.0,86.0,12284.0,100.0,0.0,100.0,6.0,,,,,100.0,0.0,100.0,0.0,,,73.0,27.0,,,100.0,169.0,100.0,1083.0,27.0,27.0,100.0,0.0,100.0,0.0,200.0,0.0,100.0,11962.0,100.0,60034223736.0,100.0,100642374476.0
2019-05-22,ZCH0CHJT,ST12000NM0007,12000138625024,0,78.0,70372520.0,91.0,0.0,100.0,7.0,100.0,0.0,87.0,529697131.0,86.0,12315.0,100.0,0.0,100.0,6.0,,,,,100.0,0.0,100.0,0.0,,,73.0,27.0,,,100.0,170.0,100.0,1085.0,27.0,27.0,100.0,0.0,100.0,0.0,200.0,0.0,100.0,11994.0,100.0,60127335616.0,100.0,100831839772.0
2019-05-23,ZCH0CHJT,ST12000NM0007,12000138625024,0,84.0,226077448.0,91.0,0.0,100.0,7.0,100.0,0.0,87.0,532548672.0,86.0,12331.0,100.0,0.0,100.0,6.0,,,,,100.0,0.0,100.0,0.0,,,73.0,27.0,,,100.0,170.0,100.0,1085.0,27.0,27.0,100.0,0.0,100.0,0.0,200.0,0.0,100.0,12009.0,100.0,60174535000.0,100.0,100940345316.0
2019-05-24,ZCH0CHJT,ST12000NM0007,12000138625024,0,68.0,6641856.0,91.0,0.0,100.0,7.0,100.0,0.0,87.0,535234297.0,86.0,12363.0,100.0,0.0,100.0,6.0,,,,,100.0,0.0,100.0,0.0,,,74.0,26.0,,,100.0,171.0,100.0,1087.0,26.0,26.0,100.0,0.0,100.0,0.0,200.0,0.0,100.0,12041.0,100.0,60251449320.0,100.0,101132277108.0
2019-05-25,ZCH0CHJT,ST12000NM0007,12000138625024,0,82.0,146293024.0,91.0,0.0,100.0,7.0,100.0,0.0,87.0,536748904.0,86.0,12379.0,100.0,0.0,100.0,6.0,,,,,100.0,0.0,100.0,0.0,,,74.0,26.0,,,100.0,171.0,100.0,1087.0,26.0,26.0,100.0,0.0,100.0,0.0,200.0,0.0,100.0,12057.0,100.0,60294429696.0,100.0,101228947900.0
2019-05-26,ZCH0CHJT,ST12000NM0007,12000138625024,0,73.0,20591192.0,91.0,0.0,100.0,7.0,100.0,0.0,87.0,538086623.0,86.0,12394.0,100.0,0.0,100.0,6.0,,,,,100.0,0.0,100.0,0.0,,,73.0,27.0,,,100.0,171.0,100.0,1088.0,27.0,27.0,100.0,0.0,100.0,0.0,200.0,0.0,100.0,12073.0,100.0,60325281544.0,100.0,101316535196.0
2019-05-27,ZCH0CHJT,ST12000NM0007,12000138625024,0,72.0,15543632.0,90.0,0.0,100.0,8.0,100.0,0.0,87.0,540698649.0,86.0,12426.0,100.0,0.0,100.0,7.0,,,,,100.0,0.0,100.0,0.0,,,73.0,27.0,,,100.0,172.0,100.0,1093.0,27.0,27.0,100.0,0.0,100.0,0.0,200.0,0.0,100.0,12104.0,100.0,60393183664.0,100.0,101487726598.0
2019-05-28,ZCH0CHJT,ST12000NM0007,12000138625024,0,79.0,79037464.0,90.0,0.0,100.0,8.0,100.0,0.0,87.0,544833410.0,86.0,12458.0,100.0,0.0,100.0,7.0,,,,,100.0,0.0,100.0,0.0,,,74.0,26.0,,,100.0,172.0,100.0,1094.0,26.0,26.0,100.0,0.0,100.0,0.0,200.0,0.0,100.0,12136.0,100.0,60469947168.0,100.0,101718598622.0
2019-05-29,ZCH0CHJT,ST12000NM0007,12000138625024,0,83.0,222604040.0,90.0,0.0,100.0,8.0,100.0,0.0,87.0,546275653.0,86.0,12474.0,100.0,0.0,100.0,7.0,,,,,100.0,0.0,100.0,0.0,,,73.0,27.0,,,100.0,173.0,100.0,1095.0,27.0,27.0,100.0,0.0,100.0,0.0,200.0,0.0,100.0,12152.0,100.0,60514662600.0,100.0,101817449766.0
2019-05-30,ZCH0CHJT,ST12000NM0007,12000138625024,0,77.0,46458936.0,90.0,0.0,100.0,8.0,100.0,0.0,87.0,550609568.0,86.0,12506.0,100.0,0.0,100.0,7.0,,,,,100.0,0.0,100.0,0.0,,,73.0,27.0,,,100.0,174.0,100.0,1098.0,27.0,27.0,100.0,0.0,100.0,0.0,200.0,0.0,100.0,12183.0,100.0,60605571680.0,100.0,102038677246.0
2019-05-31,ZCH0CHJT,ST12000NM0007,12000138625024,0,66.0,4377888.0,90.0,0.0,100.0,8.0,100.0,0.0,87.0,552478998.0,86.0,12522.0,100.0,0.0,100.0,7.0,,,,,100.0,0.0,100.0,0.0,,,73.0,27.0,,,100.0,174.0,100.0,1098.0,27.0,27.0,100.0,0.0,100.0,0.0,200.0,0.0,100.0,12199.0,100.0,60662338696.0,100.0,102183969862.0
2019-06-01,ZCH0CHJT,ST12000NM0007,12000138625024,0,80.0,99361600.0,90.0,0.0,100.0,8.0,100.0,0.0,87.0,555577742.0,86.0,12553.0,100.0,0.0,100.0,7.0,,,,,100.0,0.0,100.0,0.0,,,75.0,25.0,,,100.0,175.0,100.0,1100.0,25.0,25.0,100.0,0.0,100.0,0.0,200.0,0.0,100.0,12231.0,100.0,60750295240.0,100.0,102435137718.0
2019-06-02,ZCH0CHJT,ST12000NM0007,12000138625024,0,73.0,17975240.0,90.0,0.0,100.0,8.0,100.0,0.0,87.0,557151284.0,86.0,12569.0,100.0,0.0,100.0,7.0,,,,,100.0,0.0,100.0,0.0,,,74.0,26.0,,,100.0,175.0,100.0,1100.0,26.0,26.0,100.0,0.0,100.0,0.0,200.0,0.0,100.0,12247.0,100.0,60794535384.0,100.0,102553651902.0
2019-06-03,ZCH0CHJT,ST12000NM0007,12000138625024,0,83.0,201818560.0,90.0,0.0,100.0,8.0,100.0,0.0,87.0,558830882.0,86.0,12585.0,100.0,0.0,100.0,7.0,,,,,100.0,0.0,100.0,0.0,,,73.0,27.0,,,100.0,176.0,100.0,1101.0,27.0,27.0,100.0,0.0,100.0,0.0,200.0,0.0,100.0,12262.0,100.0,60846085872.0,100.0,102685944734.0
2019-06-04,ZCH0CHJT,ST12000NM0007,12000138625024,0,80.0,98479200.0,90.0,0.0,100.0,8.0,100.0,0.0,88.0,563474379.0,86.0,12616.0,100.0,0.0,100.0,7.0,,,,,100.0,0.0,100.0,0.0,,,73.0,27.0,,,100.0,176.0,100.0,1102.0,27.0,27.0,100.0,0.0,100.0,0.0,200.0,0.0,100.0,12294.0,100.0,60951768256.0,100.0,102965204670.0
2019-06-05,ZCH0CHJT,ST12000NM0007,12000138625024,0,83.0,182352968.0,90.0,0.0,100.0,8.0,100.0,0.0,88.0,566485599.0,86.0,12648.0,100.0,0.0,100.0,7.0,,,,,100.0,0.0,100.0,0.0,,,74.0,26.0,,,100.0,177.0,100.0,1104.0,26.0,26.0,100.0,0.0,100.0,0.0,200.0,0.0,100.0,12325.0,100.0,61034244088.0,100.0,103210743366.0
2019-06-06,ZCH0CHJT,ST12000NM0007,12000138625024,0,81.0,112964768.0,90.0,0.0,100.0,8.0,100.0,0.0,88.0,569438184.0,86.0,12664.0,100.0,0.0,100.0,7.0,,,,,100.0,0.0,100.0,0.0,,,74.0,26.0,,,100.0,177.0,100.0,1104.0,26.0,26.0,100.0,0.0,100.0,0.0,200.0,0.0,100.0,12341.0,100.0,61085735816.0,100.0,103334004238.0
2019-06-07,ZCH0CHJT,ST12000NM0007,12000138625024,0,83.0,196217840.0,90.0,0.0,100.0,8.0,100.0,0.0,88.0,572581823.0,86.0,12695.0,100.0,0.0,100.0,7.0,,,,,100.0,0.0,100.0,0.0,,,74.0,26.0,,,100.0,179.0,100.0,1106.0,26.0,26.0,100.0,0.0,100.0,0.0,200.0,0.0,100.0,12372.0,100.0,61170991040.0,100.0,103576142942.0
2019-06-08,ZCH0CHJT,ST12000NM0007,12000138625024,0,81.0,126762888.0,90.0,0.0,100.0,8.0,100.0,0.0,88.0,574528562.0,86.0,12711.0,100.0,0.0,100.0,7.0,,,,,100.0,0.0,100.0,0.0,,,74.0,26.0,,,100.0,179.0,100.0,1106.0,26.0,26.0,100.0,0.0,100.0,0.0,200.0,0.0,100.0,12388.0,100.0,61220269840.0,100.0,103701549958.0
2019-06-09,ZCH0CHJT,ST12000NM0007,12000138625024,0,83.0,195846608.0,90.0,0.0,100.0,8.0,100.0,0.0,88.0,577524699.0,86.0,12743.0,100.0,0.0,100.0,7.0,,,,,100.0,0.0,100.0,0.0,,,74.0,26.0,,,100.0,179.0,100.0,1108.0,26.0,26.0,100.0,0.0,100.0,0.0,200.0,0.0,100.0,12419.0,100.0,61287397144.0,100.0,103947647030.0
2019-06-10,ZCH0CHJT,ST12000NM0007,12000138625024,0,79.0,87784360.0,90.0,0.0,100.0,8.0,100.0,0.0,88.0,578901027.0,86.0,12759.0,100.0,0.0,100.0,7.0,,,,,100.0,0.0,100.0,0.0,,,74.0,26.0,,,100.0,179.0,100.0,1108.0,26.0,26.0,100.0,0.0,100.0,0.0,200.0,0.0,100.0,12435.0,100.0,61318956928.0,100.0,104052165806.0
2019-06-11,ZCH0CHJT,ST12000NM0007,12000138625024,0,81.0,113899976.0,90.0,0.0,100.0,8.0,100.0,0.0,88.0,584559663.0,86.0,12790.0,100.0,0.0,100.0,7.0,,,,,100.0,0.0,100.0,0.0,,,73.0,27.0,,,100.0,179.0,100.0,1110.0,27.0,27.0,100.0,0.0,100.0,0.0,200.0,0.0,100.0,12467.0,100.0,61406861872.0,100.0,104478657934.0
2019-06-12,ZCH0CHJT,ST12000NM0007,12000138625024,0,81.0,115788352.0,90.0,0.0,100.0,8.0,100.0,0.0,88.0,588088906.0,86.0,12806.0,100.0,0.0,100.0,7.0,,,,,100.0,0.0,100.0,0.0,,,74.0,26.0,,,100.0,179.0,100.0,1110.0,26.0,26.0,100.0,0.0,100.0,0.0,200.0,0.0,100.0,12482.0,100.0,61447342496.0,100.0,104684206382.0
2019-06-13,ZCH0CHJT,ST12000NM0007,12000138625024,0,79.0,71765176.0,90.0,0.0,100.0,8.0,100.0,0.0,88.0,593447286.0,86.0,12838.0,100.0,0.0,100.0,7.0,,,,,100.0,0.0,100.0,0.0,,,73.0,27.0,,,100.0,179.0,100.0,1112.0,27.0,27.0,100.0,0.0,100.0,0.0,200.0,0.0,100.0,12514.0,100.0,61524749952.0,100.0,105051057230.0
2019-06-14,ZCH0CHJT,ST12000NM0007,12000138625024,0,83.0,218633968.0,90.0,0.0,100.0,8.0,100.0,0.0,88.0,594976300.0,86.0,12854.0,100.0,0.0,100.0,7.0,,,,,100.0,0.0,100.0,0.0,,,74.0,26.0,,,100.0,179.0,100.0,1112.0,26.0,26.0,100.0,0.0,100.0,0.0,200.0,0.0,100.0,12529.0,100.0,61561758408.0,100.0,105160917566.0
2019-06-15,ZCH0CHJT,ST12000NM0007,12000138625024,0,76.0,39024488.0,90.0,0.0,100.0,8.0,100.0,0.0,88.0,598016303.0,86.0,12885.0,100.0,0.0,100.0,7.0,,,,,100.0,0.0,100.0,0.0,,,74.0,26.0,,,100.0,180.0,100.0,1114.0,26.0,26.0,100.0,0.0,100.0,0.0,200.0,0.0,100.0,12561.0,100.0,61639291176.0,100.0,105392057198.0
2019-06-16,ZCH0CHJT,ST12000NM0007,12000138625024,0,81.0,125039408.0,90.0,0.0,100.0,8.0,100.0,0.0,88.0,601448048.0,86.0,12917.0,100.0,0.0,100.0,7.0,,,,,100.0,0.0,100.0,0.0,,,74.0,26.0,,,100.0,180.0,100.0,1115.0,26.0,26.0,100.0,0.0,100.0,0.0,200.0,0.0,100.0,12592.0,100.0,61756724288.0,100.0,105604779646.0
2019-06-17,ZCH0CHJT,ST12000NM0007,12000138625024,0,76.0,35675240.0,90.0,0.0,100.0,8.0,100.0,0.0,88.0,602851894.0,86.0,12933.0,100.0,0.0,100.0,7.0,,,,,100.0,0.0,100.0,0.0,,,74.0,26.0,,,100.0,181.0,100.0,1116.0,26.0,26.0,100.0,0.0,100.0,0.0,200.0,0.0,100.0,12608.0,100.0,61802429280.0,100.0,105713851158.0
2019-06-18,ZCH0CHJT,ST12000NM0007,12000138625024,0,82.0,158290640.0,90.0,0.0,100.0,8.0,100.0,0.0,88.0,607241031.0,86.0,12964.0,100.0,0.0,100.0,7.0,,,,,100.0,0.0,100.0,0.0,,,73.0,27.0,,,100.0,181.0,100.0,1117.0,27.0,27.0,100.0,0.0,100.0,0.0,200.0,0.0,100.0,12640.0,100.0,61896337056.0,100.0,105986699574.0
2019-06-19,ZCH0CHJT,ST12000NM0007,12000138625024,0,79.0,74250688.0,90.0,0.0,100.0,8.0,100.0,0.0,88.0,608812011.0,86.0,12980.0,100.0,0.0,100.0,7.0,,,,,100.0,0.0,100.0,0.0,,,73.0,27.0,,,100.0,181.0,100.0,1117.0,27.0,27.0,100.0,0.0,100.0,0.0,200.0,0.0,100.0,12655.0,100.0,61934592432.0,100.0,106108545046.0
2019-06-20,ZCH0CHJT,ST12000NM0007,12000138625024,0,80.0,103819304.0,90.0,0.0,100.0,8.0,100.0,0.0,88.0,612934991.0,86.0,13012.0,100.0,0.0,100.0,7.0,,,,,100.0,0.0,100.0,0.0,,,74.0,26.0,,,100.0,182.0,100.0,1119.0,26.0,26.0,100.0,0.0,100.0,0.0,200.0,0.0,100.0,12687.0,100.0,61996492144.0,100.0,106320354590.0
2019-06-21,ZCH0CHJT,ST12000NM0007,12000138625024,0,65.0,3358960.0,90.0,0.0,100.0,8.0,100.0,0.0,88.0,614400417.0,86.0,13027.0,100.0,0.0,100.0,7.0,,,,,100.0,0.0,100.0,0.0,,,74.0,26.0,,,100.0,182.0,100.0,1119.0,26.0,26.0,100.0,0.0,100.0,0.0,200.0,0.0,100.0,12703.0,100.0,62038381560.0,100.0,106422149270.0
2019-06-22,ZCH0CHJT,ST12000NM0007,12000138625024,0,77.0,50726216.0,90.0,0.0,100.0,8.0,100.0,0.0,88.0,617440121.0,86.0,13059.0,100.0,0.0,100.0,7.0,,,,,100.0,0.0,100.0,0.0,,,74.0,26.0,,,100.0,183.0,100.0,1121.0,26.0,26.0,100.0,0.0,100.0,0.0,200.0,0.0,100.0,12734.0,100.0,62126797848.0,100.0,106625240974.0
2019-06-23,ZCH0CHJT,ST12000NM0007,12000138625024,0,83.0,190093568.0,90.0,0.0,100.0,8.0,100.0,0.0,88.0,618869218.0,86.0,13075.0,100.0,0.0,100.0,7.0,,,,,100.0,0.0,100.0,0.0,,,74.0,26.0,,,100.0,183.0,100.0,1121.0,26.0,26.0,100.0,0.0,100.0,0.0,200.0,0.0,100.0,12750.0,100.0,62162841728.0,100.0,106728564446.0
2019-06-24,ZCH0CHJT,ST12000NM0007,12000138625024,0,76.0,35911208.0,90.0,0.0,100.0,8.0,100.0,0.0,88.0,622801247.0,86.0,13106.0,100.0,0.0,100.0,7.0,,,,,100.0,0.0,100.0,0.0,,,73.0,27.0,,,100.0,185.0,100.0,1123.0,27.0,27.0,100.0,0.0,100.0,0.0,200.0,0.0,100.0,12781.0,100.0,62251164896.0,100.0,106974340942.0
2019-06-25,ZCH0CHJT,ST12000NM0007,12000138625024,0,83.0,201726432.0,90.0,0.0,100.0,8.0,100.0,0.0,88.0,624949258.0,86.0,13122.0,100.0,0.0,100.0,7.0,,,,,100.0,0.0,100.0,0.0,,,74.0,26.0,,,100.0,185.0,100.0,1123.0,26.0,26.0,100.0,0.0,100.0,0.0,200.0,0.0,100.0,12797.0,100.0,62303549016.0,100.0,107087772046.0
2019-06-26,ZCH0CHJT,ST12000NM0007,12000138625024,0,76.0,38277272.0,90.0,0.0,100.0,8.0,100.0,0.0,88.0,628632590.0,85.0,13154.0,100.0,0.0,100.0,7.0,,,,,100.0,0.0,100.0,0.0,,,73.0,27.0,,,100.0,185.0,100.0,1125.0,27.0,27.0,100.0,0.0,100.0,0.0,200.0,0.0,100.0,12828.0,100.0,62403866096.0,100.0,107312287270.0
2019-06-27,ZCH0CHJT,ST12000NM0007,12000138625024,0,84.0,234420840.0,90.0,0.0,100.0,8.0,100.0,0.0,88.0,631752307.0,85.0,13170.0,100.0,0.0,100.0,7.0,,,,,100.0,0.0,100.0,0.0,,,73.0,27.0,,,100.0,185.0,100.0,1125.0,27.0,27.0,100.0,0.0,100.0,0.0,200.0,0.0,100.0,12844.0,100.0,62451807816.0,100.0,107460489118.0
2019-06-28,ZCH0CHJT,ST12000NM0007,12000138625024,0,83.0,189740136.0,90.0,0.0,100.0,8.0,100.0,0.0,88.0,635402127.0,85.0,13201.0,100.0,0.0,100.0,7.0,,,,,100.0,0.0,100.0,0.0,,,73.0,27.0,,,100.0,185.0,100.0,1127.0,27.0,27.0,100.0,0.0,100.0,0.0,200.0,0.0,100.0,12875.0,100.0,62550187200.0,100.0,107805710718.0
2019-06-29,ZCH0CHJT,ST12000NM0007,12000138625024,0,82.0,171456176.0,90.0,0.0,100.0,8.0,100.0,0.0,88.0,637189259.0,85.0,13217.0,100.0,0.0,100.0,7.0,,,,,100.0,0.0,100.0,0.0,,,73.0,27.0,,,100.0,185.0,100.0,1127.0,27.0,27.0,100.0,0.0,100.0,0.0,200.0,0.0,100.0,12891.0,100.0,62597900784.0,100.0,107983853918.0
2019-06-30,ZCH0CHJT,ST12000NM0007,12000138625024,0,81.0,127924168.0,90.0,0.0,100.0,8.0,100.0,0.0,88.0,642397976.0,85.0,13249.0,100.0,0.0,100.0,7.0,,,,,100.0,0.0,100.0,0.0,,,74.0,26.0,,,100.0,187.0,100.0,1129.0,26.0,26.0,100.0,0.0,100.0,0.0,200.0,0.0,100.0,12923.0,100.0,62688059808.0,100.0,108338444470.0
2019-07-01,ZCH0CHJT,ST12000NM0007,12000138625024,0,79.0,88291408.0,90.0,0.0,100.0,8.0,100.0,0.0,88.0,644079629.0,85.0,13265.0,100.0,0.0,100.0,7.0,,,,,100.0,0.0,100.0,0.0,,,74.0,26.0,,,100.0,187.0,100.0,1129.0,26.0,26.0,100.0,0.0,100.0,0.0,200.0,0.0,100.0,12938.0,100.0,62737952088.0,100.0,108493060134.0
2019-07-02,ZCH0CHJT,ST12000NM0007,12000138625024,0,82.0,153217816.0,90.0,0.0,100.0,8.0,100.0,0.0,88.0,649381227.0,85.0,13297.0,100.0,0.0,100.0,7.0,,,,,100.0,0.0,100.0,0.0,,,73.0,27.0,,,100.0,187.0,100.0,1131.0,27.0,27.0,100.0,0.0,100.0,0.0,200.0,0.0,100.0,12970.0,100.0,62899069928.0,100.0,108885150742.0
2019-07-03,ZCH0CHJT,ST12000NM0007,12000138625024,0,80.0,94732016.0,90.0,0.0,100.0,8.0,100.0,0.0,88.0,650761011.0,85.0,13312.0,100.0,0.0,100.0,7.0,,,,,100.0,0.0,100.0,0.0,,,73.0,27.0,,,100.0,187.0,100.0,1131.0,27.0,27.0,100.0,0.0,100.0,0.0,200.0,0.0,100.0,12986.0,100.0,62940649992.0,100.0,109029225846.0
2019-07-04,ZCH0CHJT,ST12000NM0007,12000138625024,0,83.0,209714616.0,90.0,0.0,100.0,8.0,100.0,0.0,88.0,655003605.0,85.0,13344.0,100.0,0.0,100.0,7.0,,,,,100.0,0.0,100.0,0.0,,,73.0,27.0,,,100.0,187.0,100.0,1134.0,27.0,27.0,100.0,0.0,100.0,0.0,200.0,0.0,100.0,13017.0,100.0,63029631768.0,100.0,109299367694.0
2019-07-05,ZCH0CHJT,ST12000NM0007,12000138625024,0,82.0,170942576.0,90.0,0.0,100.0,8.0,100.0,0.0,88.0,656760618.0,85.0,13360.0,100.0,0.0,100.0,7.0,,,,,100.0,0.0,100.0,0.0,,,73.0,27.0,,,100.0,187.0,100.0,1135.0,27.0,27.0,100.0,0.0,100.0,0.0,200.0,0.0,100.0,13033.0,100.0,63078208720.0,100.0,109456159534.0
2019-07-06,ZCH0CHJT,ST12000NM0007,12000138625024,0,79.0,70842008.0,90.0,0.0,100.0,8.0,100.0,0.0,88.0,659814537.0,85.0,13391.0,100.0,0.0,100.0,7.0,,,,,100.0,0.0,100.0,0.0,,,74.0,26.0,,,100.0,188.0,100.0,1136.0,26.0,26.0,100.0,0.0,100.0,0.0,200.0,0.0,100.0,13064.0,100.0,63160998984.0,100.0,109761550206.0
2019-07-07,ZCH0CHJT,ST12000NM0007,12000138625024,0,77.0,49171912.0,90.0,0.0,100.0,8.0,100.0,0.0,88.0,661341969.0,85.0,13407.0,100.0,0.0,100.0,7.0,,,,,100.0,0.0,100.0,0.0,,,74.0,26.0,,,100.0,188.0,100.0,1137.0,26.0,26.0,100.0,0.0,100.0,0.0,200.0,0.0,100.0,13080.0,100.0,63199028352.0,100.0,109945991430.0
2019-07-08,ZCH0CHJT,ST12000NM0007,12000138625024,0,83.0,192127888.0,90.0,0.0,100.0,8.0,100.0,0.0,88.0,664375362.0,85.0,13439.0,100.0,0.0,100.0,7.0,,,,,100.0,0.0,100.0,0.0,,,73.0,27.0,,,100.0,188.0,100.0,1138.0,27.0,27.0,100.0,0.0,100.0,0.0,200.0,0.0,100.0,13111.0,100.0,63262644296.0,100.0,110269472102.0
2019-07-09,ZCH0CHJT,ST12000NM0007,12000138625024,0,83.0,197711704.0,90.0,0.0,100.0,8.0,100.0,0.0,88.0,667235102.0,85.0,13455.0,100.0,0.0,100.0,7.0,,,,,100.0,0.0,100.0,0.0,,,73.0,27.0,,,100.0,188.0,100.0,1139.0,27.0,27.0,100.0,0.0,100.0,0.0,200.0,0.0,100.0,13127.0,100.0,63296607232.0,100.0,110485233854.0
2019-07-10,ZCH0CHJT,ST12000NM0007,12000138625024,0,78.0,70655800.0,90.0,0.0,100.0,8.0,100.0,0.0,88.0,670394368.0,85.0,13486.0,100.0,0.0,100.0,7.0,,,,,100.0,0.0,100.0,0.0,,,73.0,27.0,,,100.0,188.0,100.0,1140.0,27.0,27.0,100.0,0.0,100.0,0.0,200.0,0.0,100.0,13159.0,100.0,63365507200.0,100.0,110777559494.0
2019-07-11,ZCH0CHJT,ST12000NM0007,12000138625024,0,75.0,31309704.0,90.0,0.0,100.0,8.0,100.0,0.0,88.0,672527717.0,85.0,13502.0,100.0,0.0,100.0,7.0,,,,,100.0,0.0,100.0,0.0,,,73.0,27.0,,,100.0,189.0,100.0,1141.0,27.0,27.0,100.0,0.0,100.0,0.0,200.0,0.0,100.0,13174.0,100.0,63411458664.0,100.0,110936402566.0
2019-07-12,ZCH0CHJT,ST12000NM0007,12000138625024,0,82.0,146732264.0,90.0,0.0,100.0,8.0,100.0,0.0,88.0,676710654.0,85.0,13534.0,100.0,0.0,100.0,7.0,,,,,100.0,0.0,100.0,0.0,,,74.0,26.0,,,100.0,189.0,100.0,1142.0,26.0,26.0,100.0,0.0,100.0,0.0,200.0,0.0,100.0,13206.0,100.0,63483604688.0,100.0,111223819910.0
2019-07-13,ZCH0CHJT,ST12000NM0007,12000138625024,0,78.0,60162584.0,90.0,0.0,100.0,8.0,100.0,0.0,88.0,681524146.0,85.0,13565.0,100.0,0.0,100.0,7.0,,,,,100.0,0.0,100.0,0.0,,,74.0,26.0,,,100.0,190.0,100.0,1144.0,26.0,26.0,100.0,0.0,100.0,0.0,200.0,0.0,100.0,13237.0,100.0,63566546648.0,100.0,111542589910.0
2019-07-14,ZCH0CHJT,ST12000NM0007,12000138625024,0,77.0,50575584.0,90.0,0.0,100.0,8.0,100.0,0.0,88.0,683641051.0,85.0,13581.0,100.0,0.0,100.0,7.0,,,,,100.0,0.0,100.0,0.0,,,74.0,26.0,,,100.0,190.0,100.0,1144.0,26.0,26.0,100.0,0.0,100.0,0.0,200.0,0.0,100.0,13253.0,100.0,63612676968.0,100.0,111731013470.0
2019-07-15,ZCH0CHJT,ST12000NM0007,12000138625024,0,100.0,366952.0,90.0,0.0,100.0,8.0,100.0,0.0,88.0,688624926.0,85.0,13613.0,100.0,0.0,100.0,7.0,,,,,100.0,0.0,100.0,0.0,,,72.0,28.0,,,100.0,191.0,100.0,1146.0,28.0,28.0,100.0,0.0,100.0,0.0,200.0,0.0,100.0,13285.0,100.0,63694264656.0,100.0,112087498486.0
2019-07-16,ZCH0CHJT,ST12000NM0007,12000138625024,0,83.0,193095736.0,90.0,0.0,100.0,8.0,100.0,0.0,88.0,690576132.0,85.0,13629.0,100.0,0.0,100.0,7.0,,,,,100.0,0.0,100.0,0.0,,,74.0,26.0,,,100.0,191.0,100.0,1146.0,26.0,26.0,100.0,0.0,100.0,0.0,200.0,0.0,100.0,13301.0,100.0,63723567848.0,100.0,112250924078.0
2019-07-17,ZCH0CHJT,ST12000NM0007,12000138625024,0,82.0,169861216.0,90.0,0.0,100.0,8.0,100.0,0.0,88.0,692704957.0,85.0,13644.0,100.0,0.0,100.0,7.0,,,,,100.0,0.0,100.0,0.0,,,74.0,26.0,,,100.0,191.0,100.0,1147.0,26.0,26.0,100.0,0.0,100.0,0.0,200.0,0.0,100.0,13316.0,100.0,63767282976.0,100.0,112428115326.0
2019-07-18,ZCH0CHJT,ST12000NM0007,12000138625024,0,80.0,90634248.0,90.0,0.0,100.0,8.0,100.0,0.0,88.0,698356338.0,85.0,13676.0,100.0,0.0,100.0,7.0,,,,,100.0,0.0,100.0,0.0,,,75.0,25.0,,,100.0,191.0,100.0,1148.0,25.0,25.0,100.0,0.0,100.0,0.0,200.0,0.0,100.0,13348.0,100.0,63868733512.0,100.0,112735719246.0
2019-07-19,ZCH0CHJT,ST12000NM0007,12000138625024,0,77.0,47585600.0,90.0,0.0,100.0,8.0,100.0,0.0,88.0,700330742.0,85.0,13692.0,100.0,0.0,100.0,7.0,,,,,100.0,0.0,100.0,0.0,,,74.0,26.0,,,100.0,192.0,100.0,1149.0,26.0,26.0,100.0,0.0,100.0,0.0,200.0,0.0,100.0,13364.0,100.0,63920501344.0,100.0,112885043622.0
2019-07-20,ZCH0CHJT,ST12000NM0007,12000138625024,0,78.0,56964712.0,90.0,0.0,100.0,8.0,100.0,0.0,88.0,704495234.0,85.0,13724.0,100.0,0.0,100.0,7.0,,,,,100.0,0.0,100.0,0.0,,,74.0,26.0,,,100.0,192.0,100.0,1150.0,26.0,26.0,100.0,0.0,100.0,0.0,200.0,0.0,100.0,13395.0,100.0,63983639632.0,100.0,113319565974.0
2019-07-21,ZCH0CHJT,ST12000NM0007,12000138625024,0,79.0,88931408.0,90.0,0.0,100.0,8.0,100.0,0.0,88.0,706888069.0,85.0,13739.0,100.0,0.0,100.0,7.0,,,,,100.0,0.0,100.0,0.0,,,74.0,26.0,,,100.0,193.0,100.0,1151.0,26.0,26.0,100.0,0.0,100.0,0.0,200.0,0.0,100.0,13411.0,100.0,64025596312.0,100.0,113553716814.0
2019-07-22,ZCH0CHJT,ST12000NM0007,12000138625024,0,78.0,61734536.0,90.0,0.0,100.0,8.0,100.0,0.0,89.0,711000401.0,85.0,13771.0,100.0,0.0,100.0,7.0,,,,,100.0,0.0,100.0,0.0,,,74.0,26.0,,,100.0,193.0,100.0,1152.0,26.0,26.0,100.0,0.0,100.0,0.0,200.0,0.0,100.0,13443.0,100.0,64092845024.0,100.0,113947552758.0
2019-07-23,ZCH0CHJT,ST12000NM0007,12000138625024,0,76.0,40216192.0,90.0,0.0,100.0,8.0,100.0,0.0,89.0,714393756.0,85.0,13787.0,100.0,0.0,100.0,7.0,,,,,100.0,0.0,100.0,0.0,,,75.0,25.0,,,100.0,193.0,100.0,1153.0,25.0,25.0,100.0,0.0,100.0,0.0,200.0,0.0,100.0,13458.0,100.0,64138034328.0,100.0,114124985870.0
2019-07-24,ZCH0CHJT,ST12000NM0007,12000138625024,0,82.0,157060208.0,90.0,0.0,100.0,8.0,100.0,0.0,89.0,719677150.0,85.0,13819.0,100.0,0.0,100.0,7.0,,,,,100.0,0.0,100.0,0.0,,,74.0,26.0,,,100.0,193.0,100.0,1154.0,26.0,26.0,100.0,0.0,100.0,0.0,200.0,0.0,100.0,13490.0,100.0,64200320416.0,100.0,114423684470.0
2019-07-25,ZCH0CHJT,ST12000NM0007,12000138625024,0,83.0,193429720.0,90.0,0.0,100.0,8.0,100.0,0.0,89.0,724717149.0,85.0,13850.0,100.0,0.0,100.0,7.0,,,,,100.0,0.0,100.0,0.0,,,74.0,26.0,,,100.0,194.0,100.0,1156.0,26.0,26.0,100.0,0.0,100.0,0.0,200.0,0.0,100.0,13521.0,100.0,64270325840.0,100.0,114634189294.0
2019-07-26,ZCH0CHJT,ST12000NM0007,12000138625024,0,83.0,193429720.0,90.0,0.0,100.0,8.0,100.0,0.0,89.0,724717149.0,85.0,13850.0,100.0,0.0,100.0,7.0,,,,,100.0,0.0,100.0,0.0,,,74.0,26.0,,,100.0,194.0,100.0,1156.0,26.0,26.0,100.0,0.0,100.0,0.0,200.0,0.0,100.0,13521.0,100.0,64270325840.0,100.0,114634189294.0
2019-07-27,ZCH0CHJT,ST12000NM0007,12000138625024,0,80.0,107517592.0,90.0,0.0,100.0,8.0,100.0,0.0,89.0,728543594.0,85.0,13882.0,100.0,0.0,100.0,7.0,,,,,100.0,0.0,100.0,0.0,,,73.0,27.0,,,100.0,194.0,100.0,1157.0,27.0,27.0,100.0,0.0,100.0,0.0,200.0,0.0,100.0,13553.0,100.0,64346377848.0,100.0,114960506598.0
2019-07-28,ZCH0CHJT,ST12000NM0007,12000138625024,0,84.0,243559552.0,90.0,0.0,100.0,8.0,100.0,0.0,89.0,732375252.0,85.0,13914.0,100.0,0.0,100.0,7.0,,,,,100.0,0.0,100.0,0.0,,,74.0,26.0,,,100.0,195.0,100.0,1159.0,26.0,26.0,100.0,0.0,100.0,0.0,200.0,0.0,100.0,13584.0,100.0,64416670224.0,100.0,115270396814.0
2019-07-29,ZCH0CHJT,ST12000NM0007,12000138625024,0,81.0,139084824.0,90.0,0.0,100.0,8.0,100.0,0.0,89.0,733800403.0,85.0,13930.0,100.0,0.0,100.0,7.0,,,,,100.0,0.0,100.0,0.0,,,74.0,26.0,,,100.0,195.0,100.0,1159.0,26.0,26.0,100.0,0.0,100.0,0.0,200.0,0.0,100.0,13600.0,100.0,64436207848.0,100.0,115390525094.0
2019-07-30,ZCH0CHJT,ST12000NM0007,12000138625024,0,73.0,18647112.0,90.0,0.0,100.0,8.0,100.0,0.0,89.0,738286991.0,85.0,13961.0,100.0,0.0,100.0,7.0,,,,,100.0,0.0,100.0,0.0,,,75.0,25.0,,,100.0,195.0,100.0,1161.0,25.0,25.0,100.0,0.0,100.0,0.0,200.0,0.0,100.0,13632.0,100.0,64491016336.0,100.0,115703560302.0
2019-07-31,ZCH0CHJT,ST12000NM0007,12000138625024,0,100.0,1817096.0,90.0,0.0,100.0,8.0,100.0,0.0,89.0,740375770.0,85.0,13977.0,100.0,0.0,100.0,7.0,,,,,100.0,0.0,100.0,0.0,,,73.0,27.0,,,100.0,195.0,100.0,1161.0,27.0,27.0,100.0,0.0,100.0,0.0,200.0,0.0,100.0,13648.0,100.0,64528041928.0,100.0,115893845486.0
2019-08-01,ZCH0CHJT,ST12000NM0007,12000138625024,0,82.0,161120464.0,90.0,0.0,100.0,8.0,100.0,0.0,89.0,745877888.0,85.0,14009.0,100.0,0.0,100.0,7.0,,,,,100.0,0.0,100.0,0.0,,,73.0,27.0,,,100.0,196.0,100.0,1163.0,27.0,27.0,100.0,0.0,100.0,0.0,200.0,0.0,100.0,13679.0,100.0,64618982200.0,100.0,116206349518.0
2019-08-02,ZCH0CHJT,ST12000NM0007,12000138625024,0,82.0,149679024.0,90.0,0.0,100.0,8.0,100.0,0.0,89.0,749900886.0,84.0,14024.0,100.0,0.0,100.0,7.0,,,,,100.0,0.0,100.0,0.0,,,73.0,27.0,,,100.0,196.0,100.0,1163.0,27.0,27.0,100.0,0.0,100.0,0.0,200.0,0.0,100.0,13695.0,100.0,64665978824.0,100.0,116392052222.0
2019-08-03,ZCH0CHJT,ST12000NM0007,12000138625024,0,79.0,72183928.0,90.0,0.0,100.0,8.0,100.0,0.0,89.0,754089570.0,84.0,14056.0,100.0,0.0,100.0,7.0,,,,,100.0,0.0,100.0,0.0,,,74.0,26.0,,,100.0,196.0,100.0,1165.0,26.0,26.0,100.0,0.0,100.0,0.0,200.0,0.0,100.0,13726.0,100.0,64729427056.0,100.0,116739390358.0
2019-08-04,ZCH0CHJT,ST12000NM0007,12000138625024,0,76.0,38508992.0,90.0,0.0,100.0,8.0,100.0,0.0,89.0,758481256.0,84.0,14088.0,100.0,0.0,100.0,7.0,,,,,100.0,0.0,100.0,0.0,,,74.0,26.0,,,100.0,197.0,100.0,1166.0,26.0,26.0,100.0,0.0,100.0,0.0,200.0,0.0,100.0,13757.0,100.0,64807250768.0,100.0,117116173310.0
2019-08-05,ZCH0CHJT,ST12000NM0007,12000138625024,0,74.0,27499528.0,90.0,0.0,100.0,8.0,100.0,0.0,89.0,760572243.0,84.0,14103.0,100.0,0.0,100.0,7.0,,,,,100.0,0.0,100.0,0.0,,,74.0,26.0,,,100.0,197.0,100.0,1167.0,26.0,26.0,100.0,0.0,100.0,0.0,200.0,0.0,100.0,13773.0,100.0,64853888024.0,100.0,117302667310.0
2019-08-06,ZCH0CHJT,ST12000NM0007,12000138625024,0,83.0,215007680.0,90.0,0.0,100.0,8.0,100.0,0.0,89.0,766159465.0,84.0,14135.0,100.0,0.0,100.0,7.0,,,,,100.0,0.0,100.0,0.0,,,74.0,26.0,,,100.0,198.0,100.0,1168.0,26.0,26.0,100.0,0.0,100.0,0.0,200.0,0.0,100.0,13805.0,100.0,64937087056.0,100.0,117651117086.0
2019-08-07,ZCH0CHJT,ST12000NM0007,12000138625024,0,82.0,177364288.0,90.0,0.0,100.0,8.0,100.0,0.0,89.0,768213033.0,84.0,14151.0,100.0,0.0,100.0,7.0,,,,,100.0,0.0,100.0,0.0,,,74.0,26.0,,,100.0,198.0,100.0,1168.0,26.0,26.0,100.0,0.0,100.0,0.0,200.0,0.0,100.0,13821.0,100.0,64969512568.0,100.0,117825188814.0
2019-08-08,ZCH0CHJT,ST12000NM0007,12000138625024,0,78.0,66606256.0,90.0,0.0,100.0,8.0,100.0,0.0,89.0,773685252.0,84.0,14183.0,100.0,0.0,100.0,7.0,,,,,100.0,0.0,100.0,0.0,,,74.0,26.0,,,100.0,199.0,100.0,1171.0,26.0,26.0,100.0,0.0,100.0,0.0,200.0,0.0,100.0,13852.0,100.0,65053682264.0,100.0,118118542446.0
2019-08-09,ZCH0CHJT,ST12000NM0007,12000138625024,0,77.0,54844328.0,90.0,0.0,100.0,8.0,100.0,0.0,89.0,776013738.0,84.0,14198.0,100.0,0.0,100.0,7.0,,,,,100.0,0.0,100.0,0.0,,,74.0,26.0,,,100.0,199.0,100.0,1171.0,26.0,26.0,100.0,0.0,100.0,0.0,200.0,0.0,100.0,13868.0,100.0,65094679784.0,100.0,118309923662.0
2019-08-10,ZCH0CHJT,ST12000NM0007,12000138625024,0,84.0,243406944.0,90.0,0.0,100.0,8.0,100.0,0.0,89.0,780482684.0,84.0,14230.0,100.0,0.0,100.0,7.0,,,,,100.0,0.0,100.0,0.0,,,74.0,26.0,,,100.0,199.0,100.0,1173.0,26.0,26.0,100.0,0.0,100.0,0.0,200.0,0.0,100.0,13899.0,100.0,65161082360.0,100.0,118676224350.0
2019-08-11,ZCH0CHJT,ST12000NM0007,12000138625024,0,83.0,214014032.0,90.0,0.0,100.0,8.0,100.0,0.0,89.0,782788869.0,84.0,14246.0,100.0,0.0,100.0,7.0,,,,,100.0,0.0,100.0,0.0,,,74.0,26.0,,,100.0,199.0,100.0,1173.0,26.0,26.0,100.0,0.0,100.0,0.0,200.0,0.0,100.0,13915.0,100.0,65214215808.0,100.0,118837838790.0
2019-08-12,ZCH0CHJT,ST12000NM0007,12000138625024,0,82.0,172147208.0,90.0,0.0,100.0,8.0,100.0,0.0,89.0,787093612.0,84.0,14278.0,100.0,0.0,100.0,7.0,,,,,100.0,0.0,100.0,0.0,,,73.0,27.0,,,100.0,200.0,100.0,1175.0,27.0,27.0,100.0,0.0,100.0,0.0,200.0,0.0,100.0,13947.0,100.0,65292905336.0,100.0,119205564070.0
2019-08-13,ZCH0CHJT,ST12000NM0007,12000138625024,0,100.0,867152.0,90.0,0.0,100.0,8.0,100.0,0.0,89.0,791296953.0,84.0,14294.0,100.0,0.0,100.0,7.0,,,,,100.0,0.0,100.0,0.0,,,74.0,26.0,,,100.0,200.0,100.0,1175.0,26.0,26.0,100.0,0.0,100.0,0.0,200.0,0.0,100.0,13963.0,100.0,65354745144.0,100.0,119460725870.0
2019-08-14,ZCH0CHJT,ST12000NM0007,12000138625024,0,80.0,94360312.0,90.0,0.0,100.0,8.0,100.0,0.0,89.0,795327360.0,84.0,14325.0,100.0,0.0,100.0,7.0,,,,,100.0,0.0,100.0,0.0,,,74.0,26.0,,,100.0,200.0,100.0,1177.0,26.0,26.0,100.0,0.0,100.0,0.0,200.0,0.0,100.0,13994.0,100.0,65432567112.0,100.0,119720537718.0
2019-08-15,ZCH0CHJT,ST12000NM0007,12000138625024,0,68.0,6156352.0,90.0,0.0,100.0,8.0,100.0,0.0,89.0,797747066.0,84.0,14341.0,100.0,0.0,100.0,7.0,,,,,100.0,0.0,100.0,0.0,,,74.0,26.0,,,100.0,200.0,100.0,1178.0,26.0,26.0,100.0,0.0,100.0,0.0,200.0,0.0,100.0,14010.0,100.0,65473637816.0,100.0,119835403918.0
2019-08-16,ZCH0CHJT,ST12000NM0007,12000138625024,0,80.0,104718880.0,90.0,0.0,100.0,8.0,100.0,0.0,89.0,802826445.0,84.0,14373.0,100.0,0.0,100.0,7.0,,,,,100.0,0.0,100.0,0.0,,,74.0,26.0,,,100.0,200.0,100.0,1179.0,26.0,26.0,100.0,0.0,100.0,0.0,200.0,0.0,100.0,14041.0,100.0,65547158000.0,100.0,120104587142.0
2019-08-17,ZCH0CHJT,ST12000NM0007,12000138625024,0,76.0,43035264.0,90.0,0.0,100.0,8.0,100.0,0.0,89.0,804841072.0,84.0,14388.0,100.0,0.0,100.0,7.0,,,,,100.0,0.0,100.0,0.0,,,74.0,26.0,,,100.0,201.0,100.0,1180.0,26.0,26.0,100.0,0.0,100.0,0.0,200.0,0.0,100.0,14057.0,100.0,65576386936.0,100.0,120257815286.0
2019-08-18,ZCH0CHJT,ST12000NM0007,12000138625024,0,84.0,229199632.0,90.0,0.0,100.0,9.0,100.0,0.0,89.0,809373794.0,84.0,14420.0,100.0,0.0,100.0,8.0,,,,,100.0,0.0,100.0,0.0,,,74.0,26.0,,,100.0,201.0,100.0,1185.0,26.0,26.0,100.0,0.0,100.0,0.0,200.0,0.0,100.0,14088.0,100.0,65650120344.0,100.0,120614386954.0
2019-08-19,ZCH0CHJT,ST12000NM0007,12000138625024,0,83.0,200739776.0,90.0,0.0,100.0,9.0,100.0,0.0,89.0,811604281.0,84.0,14436.0,100.0,0.0,100.0,8.0,,,,,100.0,0.0,100.0,0.0,,,74.0,26.0,,,100.0,201.0,100.0,1185.0,26.0,26.0,100.0,0.0,100.0,0.0,200.0,0.0,100.0,14104.0,100.0,65676321112.0,100.0,120803866962.0
2019-08-20,ZCH0CHJT,ST12000NM0007,12000138625024,0,81.0,115923016.0,90.0,0.0,100.0,9.0,100.0,0.0,89.0,817348479.0,84.0,14468.0,100.0,0.0,100.0,8.0,,,,,100.0,0.0,100.0,0.0,,,74.0,26.0,,,100.0,201.0,100.0,1187.0,26.0,26.0,100.0,0.0,100.0,0.0,200.0,0.0,100.0,14136.0,100.0,65745933880.0,100.0,121137718898.0
2019-08-21,ZCH0CHJT,ST12000NM0007,12000138625024,0,77.0,52972584.0,90.0,0.0,100.0,10.0,100.0,0.0,89.0,821585112.0,84.0,14500.0,100.0,0.0,100.0,9.0,,,,,100.0,0.0,100.0,0.0,,,74.0,26.0,,,100.0,201.0,100.0,1190.0,26.0,26.0,100.0,0.0,100.0,0.0,200.0,0.0,100.0,14167.0,100.0,65825828400.0,100.0,121483155294.0
2019-08-22,ZCH0CHJT,ST12000NM0007,12000138625024,0,83.0,215755560.0,90.0,0.0,100.0,10.0,100.0,0.0,89.0,825044664.0,84.0,14516.0,100.0,0.0,100.0,9.0,,,,,100.0,0.0,100.0,0.0,,,74.0,26.0,,,100.0,201.0,100.0,1191.0,26.0,26.0,100.0,0.0,100.0,0.0,200.0,0.0,100.0,14183.0,100.0,65872376616.0,100.0,121599390054.0
2019-08-23,ZCH0CHJT,ST12000NM0007,12000138625024,0,81.0,126389320.0,90.0,0.0,100.0,10.0,100.0,0.0,89.0,832033679.0,84.0,14547.0,100.0,0.0,100.0,9.0,,,,,100.0,0.0,100.0,0.0,,,75.0,25.0,,,100.0,201.0,100.0,1192.0,25.0,25.0,100.0,0.0,100.0,0.0,200.0,0.0,100.0,14214.0,100.0,65957092384.0,100.0,121913589550.0
2019-08-24,ZCH0CHJT,ST12000NM0007,12000138625024,0,74.0,22619496.0,90.0,0.0,100.0,10.0,100.0,0.0,89.0,833818078.0,84.0,14563.0,100.0,0.0,100.0,9.0,,,,,100.0,0.0,100.0,0.0,,,74.0,26.0,,,100.0,201.0,100.0,1193.0,26.0,26.0,100.0,0.0,100.0,0.0,200.0,0.0,100.0,14230.0,100.0,65991032128.0,100.0,122020021078.0
2019-08-25,ZCH0CHJT,ST12000NM0007,12000138625024,0,68.0,6576672.0,90.0,0.0,100.0,10.0,100.0,0.0,89.0,838627263.0,84.0,14595.0,100.0,0.0,100.0,9.0,,,,,100.0,0.0,100.0,0.0,,,74.0,26.0,,,100.0,201.0,100.0,1194.0,26.0,26.0,100.0,0.0,100.0,0.0,200.0,0.0,100.0,14262.0,100.0,66055303832.0,100.0,122427987886.0
2019-08-26,ZCH0CHJT,ST12000NM0007,12000138625024,0,83.0,194483944.0,90.0,0.0,100.0,10.0,100.0,0.0,89.0,846815635.0,84.0,14642.0,100.0,0.0,100.0,9.0,,,,,100.0,0.0,100.0,0.0,,,74.0,26.0,,,100.0,201.0,100.0,1196.0,26.0,26.0,100.0,0.0,100.0,0.0,200.0,0.0,100.0,14309.0,100.0,66168781448.0,100.0,122990698974.0
2019-08-27,ZCH0CHJT,ST12000NM0007,12000138625024,0,83.0,194483944.0,90.0,0.0,100.0,10.0,100.0,0.0,89.0,846815635.0,84.0,14642.0,100.0,0.0,100.0,9.0,,,,,100.0,0.0,100.0,0.0,,,74.0,26.0,,,100.0,201.0,100.0,1196.0,26.0,26.0,100.0,0.0,100.0,0.0,200.0,0.0,100.0,14309.0,100.0,66168781448.0,100.0,122990698974.0
2019-08-28,ZCH0CHJT,ST12000NM0007,12000138625024,0,82.0,150144056.0,90.0,0.0,100.0,10.0,100.0,0.0,89.0,848979401.0,84.0,14658.0,100.0,0.0,100.0,9.0,,,,,100.0,0.0,100.0,0.0,,,74.0,26.0,,,100.0,201.0,100.0,1196.0,26.0,26.0,100.0,0.0,100.0,0.0,200.0,0.0,100.0,14325.0,100.0,66203725144.0,100.0,123155556118.0
2019-08-29,ZCH0CHJT,ST12000NM0007,12000138625024,0,72.0,16400696.0,90.0,0.0,100.0,10.0,100.0,0.0,89.0,854604436.0,84.0,14689.0,100.0,0.0,100.0,9.0,,,,,100.0,0.0,100.0,0.0,,,74.0,26.0,,,100.0,201.0,100.0,1198.0,26.0,26.0,100.0,0.0,100.0,0.0,200.0,0.0,100.0,14356.0,100.0,66298797760.0,100.0,123415021598.0
2019-08-30,ZCH0CHJT,ST12000NM0007,12000138625024,0,83.0,207889120.0,90.0,0.0,100.0,10.0,100.0,0.0,89.0,856633502.0,84.0,14705.0,100.0,0.0,100.0,9.0,,,,,100.0,0.0,100.0,0.0,,,74.0,26.0,,,100.0,201.0,100.0,1198.0,26.0,26.0,100.0,0.0,100.0,0.0,200.0,0.0,100.0,14372.0,100.0,66326780184.0,100.0,123578527598.0
2019-08-31,ZCH0CHJT,ST12000NM0007,12000138625024,0,82.0,161764816.0,90.0,0.0,100.0,10.0,100.0,0.0,89.0,860928478.0,84.0,14737.0,100.0,0.0,100.0,9.0,,,,,100.0,0.0,100.0,0.0,,,75.0,25.0,,,100.0,202.0,100.0,1200.0,25.0,25.0,100.0,0.0,100.0,0.0,200.0,0.0,100.0,14404.0,100.0,66397885704.0,100.0,123949579502.0
2019-09-01,ZCH0CHJT,ST12000NM0007,12000138625024,0,80.0,90194680.0,90.0,0.0,100.0,10.0,100.0,0.0,89.0,862878768.0,84.0,14753.0,100.0,0.0,100.0,9.0,,,,,100.0,0.0,100.0,0.0,,,74.0,26.0,,,100.0,202.0,100.0,1200.0,26.0,26.0,100.0,0.0,100.0,0.0,200.0,0.0,100.0,14419.0,100.0,66431502728.0,100.0,124088533222.0
2019-09-02,ZCH0CHJT,ST12000NM0007,12000138625024,0,81.0,119380592.0,90.0,0.0,100.0,10.0,100.0,0.0,89.0,867881996.0,84.0,14784.0,100.0,0.0,100.0,9.0,,,,,100.0,0.0,100.0,0.0,,,73.0,27.0,,,100.0,203.0,100.0,1202.0,27.0,27.0,100.0,0.0,100.0,0.0,200.0,0.0,100.0,14450.0,100.0,66519448832.0,100.0,124518054510.0
2019-09-03,ZCH0CHJT,ST12000NM0007,12000138625024,0,76.0,41939840.0,90.0,0.0,100.0,10.0,100.0,0.0,89.0,871026026.0,84.0,14800.0,100.0,0.0,100.0,9.0,,,,,100.0,0.0,100.0,0.0,,,74.0,26.0,,,100.0,203.0,100.0,1202.0,26.0,26.0,100.0,0.0,100.0,0.0,200.0,0.0,100.0,14466.0,100.0,66558510672.0,100.0,124645692574.0
2019-09-04,ZCH0CHJT,ST12000NM0007,12000138625024,0,82.0,165108352.0,90.0,0.0,100.0,10.0,100.0,0.0,89.0,875529333.0,84.0,14831.0,100.0,0.0,100.0,9.0,,,,,100.0,0.0,100.0,0.0,,,74.0,26.0,,,100.0,203.0,100.0,1204.0,26.0,26.0,100.0,0.0,100.0,0.0,200.0,0.0,100.0,14498.0,100.0,66640708752.0,100.0,124930803846.0
2019-09-05,ZCH0CHJT,ST12000NM0007,12000138625024,0,79.0,74971736.0,90.0,0.0,100.0,10.0,100.0,0.0,89.0,878626148.0,84.0,14847.0,100.0,0.0,100.0,9.0,,,,,100.0,0.0,100.0,0.0,,,74.0,26.0,,,100.0,203.0,100.0,1204.0,26.0,26.0,100.0,0.0,100.0,0.0,200.0,0.0,100.0,14513.0,100.0,66678919000.0,100.0,125046598742.0
2019-09-06,ZCH0CHJT,ST12000NM0007,12000138625024,0,83.0,185392496.0,90.0,0.0,100.0,10.0,100.0,0.0,89.0,883121872.0,84.0,14879.0,100.0,0.0,100.0,9.0,,,,,100.0,0.0,100.0,0.0,,,74.0,26.0,,,100.0,204.0,100.0,1206.0,26.0,26.0,100.0,0.0,100.0,0.0,200.0,0.0,100.0,14545.0,100.0,66760085584.0,100.0,125319993550.0
2019-09-07,ZCH0CHJT,ST12000NM0007,12000138625024,0,81.0,133370792.0,90.0,0.0,100.0,10.0,100.0,0.0,89.0,885251281.0,83.0,14895.0,100.0,0.0,100.0,9.0,,,,,100.0,0.0,100.0,0.0,,,74.0,26.0,,,100.0,204.0,100.0,1206.0,26.0,26.0,100.0,0.0,100.0,0.0,200.0,0.0,100.0,14561.0,100.0,66800505512.0,100.0,125471692790.0
2019-09-08,ZCH0CHJT,ST12000NM0007,12000138625024,0,75.0,34548784.0,90.0,0.0,100.0,10.0,100.0,0.0,89.0,889062745.0,83.0,14926.0,100.0,0.0,100.0,9.0,,,,,100.0,0.0,100.0,0.0,,,74.0,26.0,,,100.0,204.0,100.0,1208.0,26.0,26.0,100.0,0.0,100.0,0.0,200.0,0.0,100.0,14592.0,100.0,66885761200.0,100.0,125775896614.0
2019-09-09,ZCH0CHJT,ST12000NM0007,12000138625024,0,84.0,240138912.0,90.0,0.0,100.0,10.0,100.0,0.0,89.0,891228434.0,83.0,14942.0,100.0,0.0,100.0,9.0,,,,,100.0,0.0,100.0,0.0,,,74.0,26.0,,,100.0,204.0,100.0,1208.0,26.0,26.0,100.0,0.0,100.0,0.0,200.0,0.0,100.0,14608.0,100.0,66923959856.0,100.0,125943288086.0
2019-09-10,ZCH0CHJT,ST12000NM0007,12000138625024,0,79.0,79501776.0,90.0,0.0,100.0,10.0,100.0,0.0,90.0,896312290.0,83.0,14974.0,100.0,0.0,100.0,9.0,,,,,100.0,0.0,100.0,0.0,,,74.0,26.0,,,100.0,205.0,100.0,1210.0,26.0,26.0,100.0,0.0,100.0,0.0,200.0,0.0,100.0,14640.0,100.0,66990768520.0,100.0,126204123910.0
2019-09-11,ZCH0CHJT,ST12000NM0007,12000138625024,0,72.0,16527648.0,90.0,0.0,100.0,10.0,100.0,0.0,90.0,898318739.0,83.0,14990.0,100.0,0.0,100.0,9.0,,,,,100.0,0.0,100.0,0.0,,,75.0,25.0,,,100.0,205.0,100.0,1210.0,25.0,25.0,100.0,0.0,100.0,0.0,200.0,0.0,100.0,14655.0,100.0,67046578864.0,100.0,126329480374.0
2019-09-12,ZCH0CHJT,ST12000NM0007,12000138625024,0,74.0,24321976.0,90.0,0.0,100.0,10.0,100.0,0.0,90.0,902739696.0,83.0,15021.0,100.0,0.0,100.0,9.0,,,,,100.0,0.0,100.0,0.0,,,74.0,26.0,,,100.0,206.0,100.0,1212.0,26.0,26.0,100.0,0.0,100.0,0.0,200.0,0.0,100.0,14687.0,100.0,67098565408.0,100.0,126529428854.0
2019-09-13,ZCH0CHJT,ST12000NM0007,12000138625024,0,83.0,206817144.0,90.0,0.0,100.0,10.0,100.0,0.0,90.0,904721062.0,83.0,15037.0,100.0,0.0,100.0,9.0,,,,,100.0,0.0,100.0,0.0,,,74.0,26.0,,,100.0,206.0,100.0,1212.0,26.0,26.0,100.0,0.0,100.0,0.0,200.0,0.0,100.0,14703.0,100.0,67130443192.0,100.0,126680046238.0
2019-09-14,ZCH0CHJT,ST12000NM0007,12000138625024,0,75.0,34638800.0,90.0,0.0,100.0,10.0,100.0,0.0,90.0,908256826.0,83.0,15069.0,100.0,0.0,100.0,9.0,,,,,100.0,0.0,100.0,0.0,,,74.0,26.0,,,100.0,206.0,100.0,1214.0,26.0,26.0,100.0,0.0,100.0,0.0,200.0,0.0,100.0,14734.0,100.0,67182264544.0,100.0,126944327886.0
2019-09-15,ZCH0CHJT,ST12000NM0007,12000138625024,0,84.0,232663656.0,90.0,0.0,100.0,10.0,100.0,0.0,90.0,910211139.0,83.0,15085.0,100.0,0.0,100.0,9.0,,,,,100.0,0.0,100.0,0.0,,,73.0,27.0,,,100.0,206.0,100.0,1214.0,27.0,27.0,100.0,0.0,100.0,0.0,200.0,0.0,100.0,14750.0,100.0,67214391904.0,100.0,127110225382.0
2019-09-16,ZCH0CHJT,ST12000NM0007,12000138625024,0,68.0,6553776.0,90.0,0.0,100.0,10.0,100.0,0.0,90.0,913501780.0,83.0,15117.0,100.0,0.0,100.0,9.0,,,,,100.0,0.0,100.0,0.0,,,74.0,26.0,,,100.0,208.0,100.0,1216.0,26.0,26.0,100.0,0.0,100.0,0.0,200.0,0.0,100.0,14782.0,100.0,67263014624.0,100.0,127323774350.0
2019-09-17,ZCH0CHJT,ST12000NM0007,12000138625024,0,83.0,221016896.0,90.0,0.0,100.0,10.0,100.0,0.0,90.0,916933627.0,83.0,15132.0,100.0,0.0,100.0,9.0,,,,,100.0,0.0,100.0,0.0,,,73.0,27.0,,,100.0,208.0,100.0,1216.0,27.0,27.0,100.0,0.0,100.0,0.0,200.0,0.0,100.0,14798.0,100.0,67289663384.0,100.0,127511588710.0
2019-09-18,ZCH0CHJT,ST12000NM0007,12000138625024,0,77.0,53552920.0,90.0,0.0,100.0,10.0,100.0,0.0,90.0,920201407.0,83.0,15164.0,100.0,0.0,100.0,9.0,,,,,100.0,0.0,100.0,0.0,,,74.0,26.0,,,100.0,209.0,100.0,1218.0,26.0,26.0,100.0,0.0,100.0,0.0,200.0,0.0,100.0,14829.0,100.0,67333519024.0,100.0,127788550606.0
2019-09-19,ZCH0CHJT,ST12000NM0007,12000138625024,0,83.0,191767776.0,90.0,0.0,100.0,10.0,100.0,0.0,90.0,925545000.0,83.0,15196.0,100.0,0.0,100.0,9.0,,,,,100.0,0.0,100.0,0.0,,,74.0,26.0,,,100.0,210.0,100.0,1219.0,26.0,26.0,100.0,0.0,100.0,0.0,200.0,0.0,100.0,14860.0,100.0,67390127104.0,100.0,128114298014.0
2019-09-20,ZCH0CHJT,ST12000NM0007,12000138625024,0,80.0,99892264.0,90.0,0.0,100.0,10.0,100.0,0.0,90.0,927295444.0,83.0,15211.0,100.0,0.0,100.0,9.0,,,,,100.0,0.0,100.0,0.0,,,74.0,26.0,,,100.0,210.0,100.0,1220.0,26.0,26.0,100.0,0.0,100.0,0.0,200.0,0.0,100.0,14876.0,100.0,67414522136.0,100.0,128242168350.0
2019-09-21,ZCH0CHJT,ST12000NM0007,12000138625024,0,74.0,27854832.0,90.0,0.0,100.0,10.0,100.0,0.0,90.0,931498622.0,83.0,15243.0,100.0,0.0,100.0,9.0,,,,,100.0,0.0,100.0,0.0,,,73.0,27.0,,,100.0,210.0,100.0,1221.0,27.0,27.0,100.0,0.0,100.0,0.0,200.0,0.0,100.0,14908.0,100.0,67480259544.0,100.0,128592674902.0
2019-09-22,ZCH0CHJT,ST12000NM0007,12000138625024,0,84.0,239786448.0,90.0,0.0,100.0,10.0,100.0,0.0,90.0,933249772.0,83.0,15259.0,100.0,0.0,100.0,9.0,,,,,100.0,0.0,100.0,0.0,,,75.0,25.0,,,100.0,211.0,100.0,1222.0,25.0,25.0,100.0,0.0,100.0,0.0,200.0,0.0,100.0,14923.0,100.0,67503588776.0,100.0,128781277286.0
2019-09-23,ZCH0CHJT,ST12000NM0007,12000138625024,0,81.0,130182336.0,90.0,0.0,100.0,10.0,100.0,0.0,90.0,938920368.0,83.0,15291.0,100.0,0.0,100.0,9.0,,,,,100.0,0.0,100.0,0.0,,,73.0,27.0,,,100.0,211.0,100.0,1223.0,27.0,27.0,100.0,0.0,100.0,0.0,200.0,0.0,100.0,14955.0,100.0,67526738032.0,100.0,129136805198.0
2019-09-24,ZCH0CHJT,ST12000NM0007,12000138625024,0,76.0,43414344.0,90.0,0.0,100.0,10.0,100.0,0.0,90.0,941034821.0,83.0,15307.0,100.0,0.0,100.0,9.0,,,,,100.0,0.0,100.0,0.0,,,74.0,26.0,,,100.0,211.0,100.0,1224.0,26.0,26.0,100.0,0.0,100.0,0.0,200.0,0.0,100.0,14971.0,100.0,67530336208.0,100.0,129290579686.0
2019-09-25,ZCH0CHJT,ST12000NM0007,12000138625024,0,82.0,150486536.0,90.0,0.0,100.0,10.0,100.0,0.0,90.0,944276278.0,83.0,15338.0,100.0,0.0,100.0,9.0,,,,,100.0,0.0,100.0,0.0,,,73.0,27.0,,,100.0,211.0,100.0,1225.0,27.0,27.0,100.0,0.0,100.0,0.0,200.0,0.0,100.0,15002.0,100.0,67557800920.0,100.0,129614327934.0
2019-09-26,ZCH0CHJT,ST12000NM0007,12000138625024,0,79.0,76387432.0,90.0,0.0,100.0,10.0,100.0,0.0,90.0,947464030.0,83.0,15354.0,100.0,0.0,100.0,9.0,,,,,100.0,0.0,100.0,0.0,,,73.0,27.0,,,100.0,212.0,100.0,1226.0,27.0,27.0,100.0,0.0,100.0,0.0,200.0,0.0,100.0,15018.0,100.0,67577915032.0,100.0,129764255502.0
2019-09-27,ZCH0CHJT,ST12000NM0007,12000138625024,0,80.0,106155528.0,90.0,0.0,100.0,10.0,100.0,0.0,90.0,950235286.0,83.0,15386.0,100.0,0.0,100.0,9.0,,,,,100.0,0.0,100.0,0.0,,,73.0,27.0,,,100.0,212.0,100.0,1227.0,27.0,27.0,100.0,0.0,100.0,0.0,200.0,0.0,100.0,15049.0,100.0,67599360688.0,100.0,130016718694.0
2019-09-28,ZCH0CHJT,ST12000NM0007,12000138625024,0,77.0,55133144.0,90.0,0.0,100.0,10.0,100.0,0.0,90.0,952249078.0,83.0,15401.0,100.0,0.0,100.0,9.0,,,,,100.0,0.0,100.0,0.0,,,73.0,27.0,,,100.0,212.0,100.0,1228.0,27.0,27.0,100.0,0.0,100.0,0.0,200.0,0.0,100.0,15065.0,100.0,67616304920.0,100.0,130192892734.0
2019-09-29,ZCH0CHJT,ST12000NM0007,12000138625024,0,79.0,75079400.0,90.0,0.0,100.0,10.0,100.0,0.0,90.0,955359346.0,83.0,15433.0,100.0,0.0,100.0,9.0,,,,,100.0,0.0,100.0,0.0,,,73.0,27.0,,,100.0,212.0,100.0,1229.0,27.0,27.0,100.0,0.0,100.0,0.0,200.0,0.0,100.0,15097.0,100.0,67646836824.0,100.0,130426447854.0
2019-09-30,ZCH0CHJT,ST12000NM0007,12000138625024,0,74.0,25423032.0,90.0,0.0,100.0,10.0,100.0,0.0,90.0,957359248.0,83.0,15449.0,100.0,0.0,100.0,9.0,,,,,100.0,0.0,100.0,0.0,,,73.0,27.0,,,100.0,212.0,100.0,1230.0,27.0,27.0,100.0,0.0,100.0,0.0,200.0,0.0,100.0,15112.0,100.0,67662161192.0,100.0,130605607798.0
2019-10-01,ZCH0CHJT,ST12000NM0007,12000138625024,0,82.0,157977600.0,90.0,0.0,100.0,10.0,100.0,0.0,90.0,962747353.0,83.0,15480.0,100.0,0.0,100.0,9.0,,,,,100.0,0.0,100.0,0.0,,,74.0,26.0,,,100.0,212.0,100.0,1231.0,26.0,26.0,100.0,0.0,100.0,0.0,200.0,0.0,100.0,15144.0,100.0,67703362768.0,100.0,130941101574.0
2019-10-02,ZCH0CHJT,ST12000NM0007,12000138625024,0,79.0,76830880.0,90.0,0.0,100.0,10.0,100.0,0.0,90.0,964562413.0,83.0,15496.0,100.0,0.0,100.0,9.0,,,,,100.0,0.0,100.0,0.0,,,74.0,26.0,,,100.0,212.0,100.0,1231.0,26.0,26.0,100.0,0.0,100.0,0.0,200.0,0.0,100.0,15160.0,100.0,67718266280.0,100.0,131089191990.0
2019-10-03,ZCH0CHJT,ST12000NM0007,12000138625024,0,84.0,242645160.0,90.0,0.0,100.0,10.0,100.0,0.0,90.0,966402143.0,83.0,15512.0,100.0,0.0,100.0,9.0,,,,,100.0,0.0,100.0,0.0,,,74.0,26.0,,,100.0,213.0,100.0,1233.0,26.0,26.0,100.0,0.0,100.0,0.0,200.0,0.0,100.0,15175.0,100.0,67739524608.0,100.0,131233747942.0
2019-10-04,ZCH0CHJT,ST12000NM0007,12000138625024,0,84.0,232387016.0,90.0,0.0,100.0,10.0,100.0,0.0,90.0,971036357.0,83.0,15544.0,100.0,0.0,100.0,9.0,,,,,100.0,0.0,100.0,0.0,,,74.0,26.0,,,100.0,214.0,100.0,1234.0,26.0,26.0,100.0,0.0,100.0,0.0,200.0,0.0,100.0,15207.0,100.0,67824868040.0,100.0,131382287182.0
2019-10-05,ZCH0CHJT,ST12000NM0007,12000138625024,0,76.0,36230952.0,90.0,0.0,100.0,10.0,100.0,0.0,90.0,975335183.0,83.0,15575.0,100.0,0.0,100.0,9.0,,,,,100.0,0.0,100.0,0.0,,,73.0,27.0,,,100.0,215.0,100.0,1237.0,27.0,27.0,100.0,0.0,100.0,0.0,200.0,0.0,100.0,15238.0,100.0,67936623136.0,100.0,131562658014.0
2019-10-06,ZCH0CHJT,ST12000NM0007,12000138625024,0,82.0,145894776.0,90.0,0.0,100.0,10.0,100.0,0.0,90.0,976927074.0,83.0,15591.0,100.0,0.0,100.0,9.0,,,,,100.0,0.0,100.0,0.0,,,73.0,27.0,,,100.0,215.0,100.0,1237.0,27.0,27.0,100.0,0.0,100.0,0.0,200.0,0.0,100.0,15254.0,100.0,67966269864.0,100.0,131642675110.0
2019-10-07,ZCH0CHJT,ST12000NM0007,12000138625024,0,79.0,76685696.0,90.0,0.0,100.0,10.0,100.0,0.0,90.0,980371326.0,83.0,15623.0,100.0,0.0,100.0,9.0,,,,,100.0,0.0,100.0,0.0,,,73.0,27.0,,,100.0,217.0,100.0,1239.0,27.0,27.0,100.0,0.0,100.0,0.0,200.0,0.0,100.0,15286.0,100.0,68035087816.0,100.0,131748788710.0
2019-10-08,ZCH0CHJT,ST12000NM0007,12000138625024,0,83.0,215980168.0,90.0,0.0,100.0,10.0,100.0,0.0,90.0,983382122.0,83.0,15639.0,100.0,0.0,100.0,9.0,,,,,100.0,0.0,100.0,0.0,,,73.0,27.0,,,100.0,217.0,100.0,1239.0,27.0,27.0,100.0,0.0,100.0,0.0,200.0,0.0,100.0,15301.0,100.0,68076961264.0,100.0,131846209734.0
2019-10-09,ZCH0CHJT,ST12000NM0007,12000138625024,0,83.0,220319888.0,90.0,0.0,100.0,10.0,100.0,0.0,90.0,987065093.0,83.0,15670.0,100.0,0.0,100.0,9.0,,,,,100.0,0.0,100.0,0.0,,,74.0,26.0,,,100.0,218.0,100.0,1240.0,26.0,26.0,100.0,0.0,100.0,0.0,200.0,0.0,100.0,15333.0,100.0,68165405232.0,100.0,132006246142.0
2019-10-10,ZCH0CHJT,ST12000NM0007,12000138625024,0,82.0,146229128.0,90.0,0.0,100.0,10.0,100.0,0.0,90.0,990140665.0,83.0,15686.0,100.0,0.0,100.0,9.0,,,,,100.0,0.0,100.0,0.0,,,73.0,27.0,,,100.0,218.0,100.0,1241.0,27.0,27.0,100.0,0.0,100.0,0.0,200.0,0.0,100.0,15349.0,100.0,68234142592.0,100.0,132107558902.0
2019-10-11,ZCH0CHJT,ST12000NM0007,12000138625024,0,81.0,113578792.0,90.0,0.0,100.0,10.0,100.0,0.0,90.0,995412364.0,83.0,15718.0,100.0,0.0,100.0,9.0,,,,,100.0,0.0,100.0,0.0,,,74.0,26.0,,,100.0,218.0,100.0,1243.0,26.0,26.0,100.0,0.0,100.0,0.0,200.0,0.0,100.0,15380.0,100.0,68298385328.0,100.0,132498947334.0
2019-10-12,ZCH0CHJT,ST12000NM0007,12000138625024,0,80.0,92312472.0,90.0,0.0,100.0,10.0,100.0,0.0,90.0,998053747.0,83.0,15734.0,100.0,0.0,100.0,9.0,,,,,100.0,0.0,100.0,0.0,,,74.0,26.0,,,100.0,218.0,100.0,1243.0,26.0,26.0,100.0,0.0,100.0,0.0,200.0,0.0,100.0,15396.0,100.0,68326852592.0,100.0,132693354462.0
2019-10-13,ZCH0CHJT,ST12000NM0007,12000138625024,0,80.0,104634032.0,90.0,0.0,100.0,10.0,100.0,0.0,60.0,1066269.0,83.0,15765.0,100.0,0.0,100.0,9.0,,,,,100.0,0.0,100.0,0.0,,,74.0,26.0,,,100.0,219.0,100.0,1245.0,26.0,26.0,100.0,0.0,100.0,0.0,200.0,0.0,100.0,15427.0,100.0,68382742184.0,100.0,132893927102.0
2019-10-14,ZCH0CHJT,ST12000NM0007,12000138625024,0,81.0,120884600.0,90.0,0.0,100.0,10.0,100.0,0.0,67.0,5375124.0,82.0,15797.0,100.0,0.0,100.0,9.0,,,,,100.0,0.0,100.0,0.0,,,74.0,26.0,,,100.0,219.0,100.0,1246.0,26.0,26.0,100.0,0.0,100.0,0.0,200.0,0.0,100.0,15459.0,100.0,68417044720.0,100.0,133120015798.0
2019-10-15,ZCH0CHJT,ST12000NM0007,12000138625024,0,82.0,170051064.0,90.0,0.0,100.0,10.0,100.0,0.0,70.0,10065185.0,82.0,15844.0,100.0,0.0,100.0,9.0,,,,,100.0,0.0,100.0,0.0,,,74.0,26.0,,,100.0,221.0,100.0,1248.0,26.0,26.0,100.0,0.0,100.0,0.0,200.0,0.0,100.0,15506.0,100.0,68459243824.0,100.0,133371123918.0
2019-10-16,ZCH0CHJT,ST12000NM0007,12000138625024,0,82.0,170051064.0,90.0,0.0,100.0,10.0,100.0,0.0,70.0,10065185.0,82.0,15844.0,100.0,0.0,100.0,9.0,,,,,100.0,0.0,100.0,0.0,,,74.0,26.0,,,100.0,221.0,100.0,1248.0,26.0,26.0,100.0,0.0,100.0,0.0,200.0,0.0,100.0,15506.0,100.0,68459243824.0,100.0,133371123918.0
2019-10-17,ZCH0CHJT,ST12000NM0007,12000138625024,0,73.0,18144120.0,90.0,0.0,100.0,10.0,100.0,0.0,71.0,12571620.0,82.0,15860.0,100.0,0.0,100.0,9.0,,,,,100.0,0.0,100.0,0.0,,,74.0,26.0,,,100.0,221.0,100.0,1248.0,26.0,26.0,100.0,0.0,100.0,0.0,200.0,0.0,100.0,15522.0,100.0,68472348320.0,100.0,133450253358.0
2019-10-18,ZCH0CHJT,ST12000NM0007,12000138625024,0,82.0,165218456.0,90.0,0.0,100.0,10.0,100.0,0.0,72.0,15020269.0,82.0,15892.0,100.0,0.0,100.0,9.0,,,,,100.0,0.0,100.0,0.0,,,74.0,26.0,,,100.0,221.0,100.0,1250.0,26.0,26.0,100.0,0.0,100.0,0.0,200.0,0.0,100.0,15553.0,100.0,68488767136.0,100.0,133580908878.0
2019-10-19,ZCH0CHJT,ST12000NM0007,12000138625024,0,74.0,23499928.0,90.0,0.0,100.0,10.0,100.0,0.0,73.0,18232769.0,82.0,15907.0,100.0,0.0,100.0,9.0,,,,,100.0,0.0,100.0,0.0,,,75.0,25.0,,,100.0,221.0,100.0,1250.0,25.0,25.0,100.0,0.0,100.0,0.0,200.0,0.0,100.0,15569.0,100.0,68500891352.0,100.0,133671206870.0
2019-10-20,ZCH0CHJT,ST12000NM0007,12000138625024,0,82.0,161680904.0,90.0,0.0,100.0,10.0,100.0,0.0,73.0,20581140.0,82.0,15939.0,100.0,0.0,100.0,9.0,,,,,100.0,0.0,100.0,0.0,,,73.0,27.0,,,100.0,221.0,100.0,1253.0,27.0,27.0,100.0,0.0,100.0,0.0,200.0,0.0,100.0,15600.0,100.0,68534554896.0,100.0,133775724302.0
2019-10-21,ZCH0CHJT,ST12000NM0007,12000138625024,0,73.0,22207944.0,90.0,0.0,100.0,10.0,100.0,0.0,73.0,22118734.0,82.0,15955.0,100.0,0.0,100.0,9.0,,,,,100.0,0.0,100.0,0.0,,,74.0,26.0,,,100.0,221.0,100.0,1253.0,26.0,26.0,100.0,0.0,100.0,0.0,200.0,0.0,100.0,15616.0,100.0,68558690936.0,100.0,133856256094.0
2019-10-22,ZCH0CHJT,ST12000NM0007,12000138625024,0,78.0,60565568.0,90.0,0.0,100.0,10.0,100.0,0.0,74.0,27273634.0,82.0,15986.0,100.0,0.0,100.0,9.0,,,,,100.0,0.0,100.0,0.0,,,74.0,26.0,,,100.0,221.0,100.0,1255.0,26.0,26.0,100.0,0.0,100.0,0.0,200.0,0.0,100.0,15647.0,100.0,68603889272.0,100.0,134093556094.0
2019-10-23,ZCH0CHJT,ST12000NM0007,12000138625024,0,82.0,154663512.0,90.0,0.0,100.0,10.0,100.0,0.0,75.0,28720187.0,82.0,16002.0,100.0,0.0,100.0,9.0,,,,,100.0,0.0,100.0,0.0,,,74.0,26.0,,,100.0,221.0,100.0,1255.0,26.0,26.0,100.0,0.0,100.0,0.0,200.0,0.0,100.0,15663.0,100.0,68620066904.0,100.0,134171476406.0
2019-10-24,ZCH0CHJT,ST12000NM0007,12000138625024,0,81.0,120070632.0,90.0,0.0,100.0,10.0,100.0,0.0,75.0,33148951.0,82.0,16034.0,100.0,0.0,100.0,9.0,,,,,100.0,0.0,100.0,0.0,,,73.0,27.0,,,100.0,221.0,100.0,1257.0,27.0,27.0,100.0,0.0,100.0,0.0,200.0,0.0,100.0,15695.0,100.0,68648860872.0,100.0,134352230310.0
2019-10-25,ZCH0CHJT,ST12000NM0007,12000138625024,0,84.0,231336746.0,90.0,0.0,100.0,10.0,100.0,0.0,75.0,34577472.0,82.0,16050.0,100.0,0.0,100.0,9.0,,,,,100.0,0.0,100.0,0.0,,,74.0,26.0,,,100.0,221.0,100.0,1258.0,26.0,26.0,100.0,0.0,100.0,0.0,200.0,0.0,100.0,15710.0,100.0,68665276904.0,100.0,134447080392.0
2019-10-26,ZCH0CHJT,ST12000NM0007,12000138625024,0,79.0,76752832.0,90.0,0.0,100.0,10.0,100.0,0.0,76.0,35608896.0,82.0,16066.0,100.0,0.0,100.0,9.0,,,,,100.0,0.0,100.0,0.0,,,74.0,26.0,,,100.0,221.0,100.0,1258.0,26.0,26.0,100.0,0.0,100.0,0.0,200.0,0.0,100.0,15726.0,100.0,68678795008.0,100.0,134523119008.0
2019-10-27,ZCH0CHJT,ST12000NM0007,12000138625024,0,84.0,235575880.0,90.0,0.0,100.0,10.0,100.0,0.0,76.0,37635351.0,82.0,16097.0,100.0,0.0,100.0,9.0,,,,,100.0,0.0,100.0,0.0,,,74.0,26.0,,,100.0,221.0,100.0,1260.0,26.0,26.0,100.0,0.0,100.0,0.0,200.0,0.0,100.0,15757.0,100.0,68713056976.0,100.0,134647680088.0
2019-10-28,ZCH0CHJT,ST12000NM0007,12000138625024,0,80.0,90662640.0,90.0,0.0,100.0,10.0,100.0,0.0,76.0,38706966.0,82.0,16113.0,100.0,0.0,100.0,9.0,,,,,100.0,0.0,100.0,0.0,,,74.0,26.0,,,100.0,221.0,100.0,1260.0,26.0,26.0,100.0,0.0,100.0,0.0,200.0,0.0,100.0,15773.0,100.0,68731376488.0,100.0,134728588112.0
2019-10-29,ZCH0CHJT,ST12000NM0007,12000138625024,0,79.0,75182536.0,90.0,0.0,100.0,10.0,100.0,0.0,76.0,42892935.0,82.0,16144.0,100.0,0.0,100.0,9.0,,,,,100.0,0.0,100.0,0.0,,,75.0,25.0,,,100.0,223.0,100.0,1262.0,25.0,25.0,100.0,0.0,100.0,0.0,200.0,0.0,100.0,15804.0,100.0,68776495064.0,100.0,134912130064.0
2019-10-30,ZCH0CHJT,ST12000NM0007,12000138625024,0,77.0,47666616.0,90.0,0.0,100.0,10.0,100.0,0.0,77.0,45267566.0,82.0,16176.0,100.0,0.0,100.0,9.0,,,,,100.0,0.0,100.0,0.0,,,74.0,26.0,,,100.0,223.0,100.0,1263.0,26.0,26.0,100.0,0.0,100.0,0.0,200.0,0.0,100.0,15836.0,100.0,68835994808.0,100.0,135069255080.0
2019-10-31,ZCH0CHJT,ST12000NM0007,12000138625024,0,83.0,196630200.0,90.0,0.0,100.0,10.0,100.0,0.0,77.0,48165176.0,82.0,16192.0,100.0,0.0,100.0,9.0,,,,,100.0,0.0,100.0,0.0,,,74.0,26.0,,,100.0,224.0,100.0,1264.0,26.0,26.0,100.0,0.0,100.0,0.0,200.0,0.0,100.0,15851.0,100.0,68866949320.0,100.0,135187264152.0
2019-11-01,ZCH0CHJT,ST12000NM0007,12000138625024,0,82.0,143988360.0,90.0,0.0,100.0,10.0,100.0,0.0,77.0,51003138.0,82.0,16223.0,100.0,0.0,100.0,9.0,,,,,100.0,0.0,100.0,0.0,,,73.0,27.0,,,100.0,225.0,100.0,1265.0,27.0,27.0,100.0,0.0,100.0,0.0,200.0,0.0,100.0,15883.0,100.0,68884671304.0,100.0,135605182016.0
2019-11-02,ZCH0CHJT,ST12000NM0007,12000138625024,0,80.0,111718112.0,90.0,0.0,100.0,10.0,100.0,0.0,77.0,52442395.0,82.0,16239.0,100.0,0.0,100.0,9.0,,,,,100.0,0.0,100.0,0.0,,,73.0,27.0,,,100.0,225.0,100.0,1266.0,27.0,27.0,100.0,0.0,100.0,0.0,200.0,0.0,100.0,15898.0,100.0,68892217896.0,100.0,135809505912.0
2019-11-03,ZCH0CHJT,ST12000NM0007,12000138625024,0,78.0,60410520.0,90.0,0.0,100.0,10.0,100.0,0.0,77.0,55404147.0,82.0,16270.0,100.0,0.0,100.0,9.0,,,,,100.0,0.0,100.0,0.0,,,73.0,27.0,,,100.0,225.0,100.0,1267.0,27.0,27.0,100.0,0.0,100.0,0.0,200.0,0.0,100.0,15930.0,100.0,68931556968.0,100.0,136207140968.0
2019-11-04,ZCH0CHJT,ST12000NM0007,12000138625024,0,78.0,56541384.0,90.0,0.0,100.0,10.0,100.0,0.0,78.0,56926028.0,82.0,16286.0,100.0,0.0,100.0,9.0,,,,,100.0,0.0,100.0,0.0,,,73.0,27.0,,,100.0,225.0,100.0,1267.0,27.0,27.0,100.0,0.0,100.0,0.0,200.0,0.0,100.0,15945.0,100.0,68947612472.0,100.0,136431361240.0
2019-11-06,ZCH0CHJT,ST12000NM0007,12000138625024,0,83.0,217668592.0,90.0,0.0,100.0,10.0,100.0,0.0,78.0,62836605.0,82.0,16333.0,100.0,0.0,100.0,9.0,,,,,100.0,0.0,100.0,0.0,,,73.0,27.0,,,100.0,227.0,100.0,1269.0,27.0,27.0,100.0,0.0,100.0,0.0,200.0,0.0,100.0,15992.0,100.0,68981315040.0,100.0,137047067312.0
2019-11-07,ZCH0CHJT,ST12000NM0007,12000138625024,0,76.0,39666800.0,90.0,0.0,100.0,10.0,100.0,0.0,78.0,67028887.0,82.0,16365.0,100.0,0.0,100.0,9.0,,,,,100.0,0.0,100.0,0.0,,,74.0,26.0,,,100.0,229.0,100.0,1271.0,26.0,26.0,100.0,0.0,100.0,0.0,200.0,0.0,100.0,16024.0,100.0,69003218464.0,100.0,137335443720.0
2019-11-08,ZCH0CHJT,ST12000NM0007,12000138625024,0,84.0,241552528.0,90.0,0.0,100.0,10.0,100.0,0.0,78.0,68563644.0,82.0,16381.0,100.0,0.0,100.0,9.0,,,,,100.0,0.0,100.0,0.0,,,74.0,26.0,,,100.0,229.0,100.0,1271.0,26.0,26.0,100.0,0.0,100.0,0.0,200.0,0.0,100.0,16039.0,100.0,69017735336.0,100.0,137522812576.0
2019-11-09,ZCH0CHJT,ST12000NM0007,12000138625024,0,80.0,101869792.0,90.0,0.0,100.0,10.0,100.0,0.0,79.0,72490587.0,82.0,16412.0,100.0,0.0,100.0,9.0,,,,,100.0,0.0,100.0,0.0,,,75.0,25.0,,,100.0,229.0,100.0,1273.0,25.0,25.0,100.0,0.0,100.0,0.0,200.0,0.0,100.0,16071.0,100.0,69040777576.0,100.0,137848369376.0
2019-11-10,ZCH0CHJT,ST12000NM0007,12000138625024,0,78.0,65371864.0,90.0,0.0,100.0,10.0,100.0,0.0,79.0,73735828.0,82.0,16428.0,100.0,0.0,100.0,9.0,,,,,100.0,0.0,100.0,0.0,,,75.0,25.0,,,100.0,229.0,100.0,1273.0,25.0,25.0,100.0,0.0,100.0,0.0,200.0,0.0,100.0,16087.0,100.0,69050854112.0,100.0,138045935968.0
2019-11-11,ZCH0CHJT,ST12000NM0007,12000138625024,0,84.0,224423472.0,90.0,0.0,100.0,10.0,100.0,0.0,79.0,78205244.0,82.0,16460.0,100.0,0.0,100.0,9.0,,,,,100.0,0.0,100.0,0.0,,,75.0,25.0,,,100.0,229.0,100.0,1275.0,25.0,25.0,100.0,0.0,100.0,0.0,200.0,0.0,100.0,16118.0,100.0,69062738952.0,100.0,138437243416.0
2019-11-12,ZCH0CHJT,ST12000NM0007,12000138625024,0,83.0,204816480.0,90.0,0.0,100.0,10.0,100.0,0.0,79.0,81278759.0,82.0,16475.0,100.0,0.0,100.0,9.0,,,,,100.0,0.0,100.0,0.0,,,75.0,25.0,,,100.0,229.0,100.0,1275.0,25.0,25.0,100.0,0.0,100.0,0.0,200.0,0.0,100.0,16134.0,100.0,69072067536.0,100.0,138652448672.0
2019-11-13,ZCH0CHJT,ST12000NM0007,12000138625024,0,80.0,91492968.0,90.0,0.0,100.0,10.0,100.0,0.0,79.0,83806777.0,82.0,16507.0,100.0,0.0,100.0,9.0,,,,,100.0,0.0,100.0,0.0,,,74.0,26.0,,,100.0,229.0,100.0,1277.0,26.0,26.0,100.0,0.0,100.0,0.0,200.0,0.0,100.0,16165.0,100.0,69093899688.0,100.0,139005574408.0
2019-11-14,ZCH0CHJT,ST12000NM0007,12000138625024,0,72.0,15743216.0,90.0,0.0,100.0,10.0,100.0,0.0,79.0,85520535.0,82.0,16523.0,100.0,0.0,100.0,9.0,,,,,100.0,0.0,100.0,0.0,,,74.0,26.0,,,100.0,229.0,100.0,1278.0,26.0,26.0,100.0,0.0,100.0,0.0,200.0,0.0,100.0,16181.0,100.0,69109941976.0,100.0,139157923096.0
2019-11-15,ZCH0CHJT,ST12000NM0007,12000138625024,0,79.0,80379504.0,90.0,0.0,100.0,10.0,100.0,0.0,80.0,89626668.0,82.0,16554.0,100.0,0.0,100.0,9.0,,,,,100.0,0.0,100.0,0.0,,,74.0,26.0,,,100.0,229.0,100.0,1279.0,26.0,26.0,100.0,0.0,100.0,0.0,200.0,0.0,100.0,16212.0,100.0,69145845096.0,100.0,139430796960.0
2019-11-16,ZCH0CHJT,ST12000NM0007,12000138625024,0,74.0,22762624.0,90.0,0.0,100.0,10.0,100.0,0.0,80.0,91184174.0,82.0,16570.0,100.0,0.0,100.0,9.0,,,,,100.0,0.0,100.0,0.0,,,72.0,28.0,,,100.0,229.0,100.0,1280.0,28.0,28.0,100.0,0.0,100.0,0.0,200.0,0.0,100.0,16228.0,100.0,69164829144.0,100.0,139598336664.0
2019-11-17,ZCH0CHJT,ST12000NM0007,12000138625024,0,82.0,152092512.0,90.0,0.0,100.0,10.0,100.0,0.0,80.0,94071578.0,82.0,16602.0,100.0,0.0,100.0,9.0,,,,,100.0,0.0,100.0,0.0,,,69.0,31.0,,,100.0,229.0,100.0,1281.0,31.0,31.0,100.0,0.0,100.0,0.0,200.0,0.0,100.0,16259.0,100.0,69207560184.0,100.0,139929076256.0
2019-11-18,ZCH0CHJT,ST12000NM0007,12000138625024,0,79.0,78160496.0,90.0,0.0,100.0,10.0,100.0,0.0,80.0,95365391.0,82.0,16617.0,100.0,0.0,100.0,9.0,,,,,100.0,0.0,100.0,0.0,,,74.0,26.0,,,100.0,230.0,100.0,1282.0,26.0,26.0,100.0,0.0,100.0,0.0,200.0,0.0,100.0,16275.0,100.0,69239794624.0,100.0,140067050736.0
2019-11-19,ZCH0CHJT,ST12000NM0007,12000138625024,0,83.0,203974714.0,90.0,0.0,100.0,11.0,100.0,0.0,80.0,99300197.0,81.0,16649.0,100.0,0.0,100.0,9.0,,,,,100.0,0.0,100.0,0.0,,,73.0,27.0,,,100.0,231.0,100.0,1287.0,27.0,27.0,100.0,0.0,100.0,0.0,200.0,0.0,100.0,16306.0,100.0,69275078288.0,100.0,140401722082.0
2019-11-20,ZCH0CHJT,ST12000NM0007,12000138625024,0,83.0,211136024.0,90.0,0.0,100.0,11.0,100.0,0.0,80.0,100936882.0,81.0,16665.0,100.0,0.0,100.0,9.0,,,,,100.0,0.0,100.0,0.0,,,73.0,27.0,,,100.0,231.0,100.0,1287.0,27.0,27.0,100.0,0.0,100.0,0.0,200.0,0.0,100.0,16322.0,100.0,69288608552.0,100.0,140639493890.0
2019-11-21,ZCH0CHJT,ST12000NM0007,12000138625024,0,82.0,172020536.0,90.0,0.0,100.0,11.0,100.0,0.0,80.0,108304352.0,81.0,16696.0,100.0,0.0,100.0,9.0,,,,,100.0,0.0,100.0,0.0,,,72.0,28.0,,,100.0,231.0,100.0,1289.0,28.0,28.0,100.0,0.0,100.0,0.0,200.0,0.0,100.0,16353.0,100.0,69299617312.0,100.0,141810073338.0
2019-11-22,ZCH0CHJT,ST12000NM0007,12000138625024,0,78.0,70637424.0,90.0,0.0,100.0,11.0,100.0,0.0,81.0,112918147.0,81.0,16712.0,100.0,0.0,100.0,9.0,,,,,100.0,0.0,100.0,0.0,,,72.0,28.0,,,100.0,232.0,100.0,1290.0,28.0,28.0,100.0,0.0,100.0,0.0,200.0,0.0,100.0,16369.0,100.0,69299622040.0,100.0,142685248538.0
2019-11-23,ZCH0CHJT,ST12000NM0007,12000138625024,0,84.0,240717440.0,90.0,0.0,100.0,11.0,100.0,0.0,81.0,122440921.0,81.0,16744.0,100.0,0.0,100.0,9.0,,,,,100.0,0.0,100.0,0.0,,,71.0,29.0,,,100.0,232.0,100.0,1291.0,29.0,29.0,100.0,0.0,100.0,0.0,200.0,0.0,100.0,16400.0,100.0,69299659528.0,100.0,143831854122.0
2019-11-24,ZCH0CHJT,ST12000NM0007,12000138625024,0,82.0,158265288.0,90.0,0.0,100.0,11.0,100.0,0.0,81.0,131119896.0,81.0,16775.0,100.0,0.0,100.0,9.0,,,,,100.0,0.0,100.0,0.0,,,72.0,28.0,,,100.0,232.0,100.0,1292.0,28.0,28.0,100.0,0.0,100.0,0.0,200.0,0.0,100.0,16432.0,100.0,69299669216.0,100.0,144725955402.0
2019-11-25,ZCH0CHJT,ST12000NM0007,12000138625024,0,80.0,94069104.0,90.0,0.0,100.0,11.0,100.0,0.0,81.0,135310031.0,81.0,16791.0,100.0,0.0,100.0,9.0,,,,,100.0,0.0,100.0,0.0,,,72.0,28.0,,,100.0,233.0,100.0,1293.0,28.0,28.0,100.0,0.0,100.0,0.0,200.0,0.0,100.0,16448.0,100.0,69299681400.0,100.0,145150028778.0
2019-11-26,ZCH0CHJT,ST12000NM0007,12000138625024,0,84.0,239510024.0,90.0,0.0,100.0,11.0,100.0,0.0,82.0,144415141.0,81.0,16823.0,100.0,0.0,100.0,9.0,,,,,100.0,0.0,100.0,0.0,,,72.0,28.0,,,100.0,234.0,100.0,1294.0,28.0,28.0,100.0,0.0,100.0,0.0,200.0,0.0,100.0,16479.0,100.0,69299742464.0,100.0,146027830826.0
2019-11-27,ZCH0CHJT,ST12000NM0007,12000138625024,0,83.0,223160752.0,90.0,0.0,100.0,11.0,100.0,0.0,82.0,149089173.0,81.0,16839.0,100.0,0.0,100.0,9.0,,,,,100.0,0.0,100.0,0.0,,,72.0,28.0,,,100.0,234.0,100.0,1295.0,28.0,28.0,100.0,0.0,100.0,0.0,200.0,0.0,100.0,16495.0,100.0,69299750512.0,100.0,146499755074.0
2019-11-28,ZCH0CHJT,ST12000NM0007,12000138625024,0,80.0,93853752.0,90.0,0.0,100.0,11.0,100.0,0.0,82.0,159063296.0,81.0,16870.0,100.0,0.0,100.0,9.0,,,,,100.0,0.0,100.0,0.0,,,72.0,28.0,,,100.0,235.0,100.0,1297.0,28.0,28.0,100.0,0.0,100.0,0.0,200.0,0.0,100.0,16526.0,100.0,69299785952.0,100.0,147346975674.0
2019-11-29,ZCH0CHJT,ST12000NM0007,12000138625024,0,77.0,51897184.0,90.0,0.0,100.0,11.0,100.0,0.0,82.0,164598471.0,81.0,16886.0,100.0,0.0,100.0,9.0,,,,,100.0,0.0,100.0,0.0,,,71.0,29.0,,,100.0,235.0,100.0,1297.0,29.0,29.0,100.0,0.0,100.0,0.0,200.0,0.0,100.0,16542.0,100.0,69299799976.0,100.0,147793286642.0
2019-11-30,ZCH0CHJT,ST12000NM0007,12000138625024,0,83.0,193317160.0,90.0,0.0,100.0,11.0,100.0,0.0,82.0,174802823.0,81.0,16918.0,100.0,0.0,100.0,9.0,,,,,100.0,0.0,100.0,0.0,,,72.0,28.0,,,100.0,235.0,100.0,1299.0,28.0,28.0,100.0,0.0,100.0,0.0,200.0,0.0,100.0,16573.0,100.0,69299860256.0,100.0,149399490890.0
2019-12-01,ZCH0CHJT,ST12000NM0007,12000138625024,0,83.0,217331080.0,90.0,0.0,100.0,11.0,100.0,0.0,83.0,182586853.0,81.0,16949.0,100.0,0.0,100.0,9.0,,,,,100.0,0.0,100.0,0.0,,,72.0,28.0,,,100.0,235.0,100.0,1300.0,28.0,28.0,100.0,0.0,100.0,0.0,200.0,0.0,100.0,16605.0,100.0,69299937256.0,100.0,151132412786.0
2019-12-02,ZCH0CHJT,ST12000NM0007,12000138625024,0,80.0,89241880.0,90.0,0.0,100.0,11.0,100.0,0.0,83.0,186023085.0,81.0,16965.0,100.0,0.0,100.0,9.0,,,,,100.0,0.0,100.0,0.0,,,72.0,28.0,,,100.0,235.0,100.0,1301.0,28.0,28.0,100.0,0.0,100.0,0.0,200.0,0.0,100.0,16620.0,100.0,69299966160.0,100.0,151980857586.0
2019-12-03,ZCH0CHJT,ST12000NM0007,12000138625024,0,84.0,231115480.0,90.0,0.0,100.0,11.0,100.0,0.0,83.0,194863971.0,81.0,16997.0,100.0,0.0,100.0,9.0,,,,,100.0,0.0,100.0,0.0,,,71.0,29.0,,,100.0,236.0,100.0,1302.0,29.0,29.0,100.0,0.0,100.0,0.0,200.0,0.0,100.0,16652.0,100.0,69300006080.0,100.0,153343395026.0
2019-12-04,ZCH0CHJT,ST12000NM0007,12000138625024,0,80.0,94462424.0,90.0,0.0,100.0,11.0,100.0,0.0,83.0,199642262.0,81.0,17013.0,100.0,0.0,100.0,9.0,,,,,100.0,0.0,100.0,0.0,,,71.0,29.0,,,100.0,236.0,100.0,1303.0,29.0,29.0,100.0,0.0,100.0,0.0,200.0,0.0,100.0,16668.0,100.0,69300030696.0,100.0,153939139762.0
2019-12-05,ZCH0CHJT,ST12000NM0007,12000138625024,0,79.0,85386592.0,90.0,0.0,100.0,11.0,100.0,0.0,83.0,209486354.0,81.0,17044.0,100.0,0.0,100.0,9.0,,,,,100.0,0.0,100.0,0.0,,,72.0,28.0,,,100.0,236.0,100.0,1305.0,28.0,28.0,100.0,0.0,100.0,0.0,200.0,0.0,100.0,16699.0,100.0,69300091080.0,100.0,155150707450.0
2019-12-06,ZCH0CHJT,ST12000NM0007,12000138625024,0,80.0,101924040.0,90.0,0.0,100.0,11.0,100.0,0.0,83.0,215504122.0,81.0,17060.0,100.0,0.0,100.0,9.0,,,,,100.0,0.0,100.0,0.0,,,71.0,29.0,,,100.0,236.0,100.0,1305.0,29.0,29.0,100.0,0.0,100.0,0.0,200.0,0.0,100.0,16715.0,100.0,69300098336.0,100.0,155899659906.0
2019-12-07,ZCH0CHJT,ST12000NM0007,12000138625024,0,100.0,1949216.0,90.0,0.0,100.0,11.0,100.0,0.0,84.0,226749710.0,81.0,17092.0,100.0,0.0,100.0,9.0,,,,,100.0,0.0,100.0,0.0,,,72.0,28.0,,,100.0,238.0,100.0,1307.0,28.0,28.0,100.0,0.0,100.0,0.0,200.0,0.0,100.0,16746.0,100.0,69300186288.0,100.0,157264441506.0
2019-12-08,ZCH0CHJT,ST12000NM0007,12000138625024,0,82.0,172122744.0,90.0,0.0,100.0,11.0,100.0,0.0,84.0,231778132.0,81.0,17107.0,100.0,0.0,100.0,9.0,,,,,100.0,0.0,100.0,0.0,,,71.0,29.0,,,100.0,238.0,100.0,1307.0,29.0,29.0,100.0,0.0,100.0,0.0,200.0,0.0,100.0,16762.0,100.0,69300222056.0,100.0,157922860714.0
2019-12-09,ZCH0CHJT,ST12000NM0007,12000138625024,0,79.0,80348504.0,90.0,0.0,100.0,11.0,100.0,0.0,84.0,242200035.0,81.0,17139.0,100.0,0.0,100.0,9.0,,,,,100.0,0.0,100.0,0.0,,,71.0,29.0,,,100.0,239.0,100.0,1309.0,29.0,29.0,100.0,0.0,100.0,0.0,200.0,0.0,100.0,16794.0,100.0,69300248576.0,100.0,159295904106.0
2019-12-10,ZCH0CHJT,ST12000NM0007,12000138625024,0,80.0,96429120.0,90.0,0.0,100.0,11.0,100.0,0.0,84.0,248116936.0,81.0,17155.0,100.0,0.0,100.0,9.0,,,,,100.0,0.0,100.0,0.0,,,71.0,29.0,,,100.0,239.0,100.0,1309.0,29.0,29.0,100.0,0.0,100.0,0.0,200.0,0.0,100.0,16809.0,100.0,69300263824.0,100.0,160044391602.0
2019-12-11,ZCH0CHJT,ST12000NM0007,12000138625024,0,79.0,72742696.0,90.0,0.0,100.0,11.0,100.0,0.0,84.0,258821820.0,81.0,17186.0,100.0,0.0,100.0,9.0,,,,,100.0,0.0,100.0,0.0,,,72.0,28.0,,,100.0,239.0,100.0,1311.0,28.0,28.0,100.0,0.0,100.0,0.0,200.0,0.0,100.0,16841.0,100.0,69300337568.0,100.0,161485476026.0
2019-12-12,ZCH0CHJT,ST12000NM0007,12000138625024,0,82.0,168730448.0,90.0,0.0,100.0,11.0,100.0,0.0,84.0,264940768.0,81.0,17202.0,100.0,0.0,100.0,9.0,,,,,100.0,0.0,100.0,0.0,,,71.0,29.0,,,100.0,239.0,100.0,1311.0,29.0,29.0,100.0,0.0,100.0,0.0,200.0,0.0,100.0,16856.0,100.0,69300540904.0,100.0,162313682538.0
2019-12-13,ZCH0CHJT,ST12000NM0007,12000138625024,0,71.0,12361648.0,90.0,0.0,100.0,11.0,100.0,0.0,84.0,277578048.0,81.0,17234.0,100.0,0.0,100.0,9.0,,,,,100.0,0.0,100.0,0.0,,,72.0,28.0,,,100.0,239.0,100.0,1313.0,28.0,28.0,100.0,0.0,100.0,0.0,200.0,0.0,100.0,16887.0,100.0,69301453064.0,100.0,163621246090.0
2019-12-14,ZCH0CHJT,ST12000NM0007,12000138625024,0,79.0,79966976.0,90.0,0.0,100.0,11.0,100.0,0.0,85.0,283329567.0,81.0,17249.0,100.0,0.0,100.0,9.0,,,,,100.0,0.0,100.0,0.0,,,72.0,28.0,,,100.0,239.0,100.0,1313.0,28.0,28.0,100.0,0.0,100.0,0.0,200.0,0.0,100.0,16903.0,100.0,69301944432.0,100.0,164176641562.0
2019-12-15,ZCH0CHJT,ST12000NM0007,12000138625024,0,82.0,156708096.0,90.0,0.0,100.0,11.0,100.0,0.0,85.0,287036395.0,81.0,17281.0,100.0,0.0,100.0,9.0,,,,,100.0,0.0,100.0,0.0,,,74.0,26.0,,,100.0,239.0,100.0,1315.0,26.0,26.0,100.0,0.0,100.0,0.0,200.0,0.0,100.0,16935.0,100.0,69302314744.0,100.0,164741294002.0
2019-12-16,ZCH0CHJT,ST12000NM0007,12000138625024,0,76.0,44123064.0,90.0,0.0,100.0,11.0,100.0,0.0,85.0,287659184.0,81.0,17297.0,100.0,0.0,100.0,9.0,,,,,100.0,0.0,100.0,0.0,,,75.0,25.0,,,100.0,239.0,100.0,1315.0,25.0,25.0,100.0,0.0,100.0,0.0,200.0,0.0,100.0,16950.0,100.0,69302486240.0,100.0,164872679498.0
2019-12-17,ZCH0CHJT,ST12000NM0007,12000138625024,0,79.0,83734728.0,90.0,0.0,100.0,11.0,100.0,0.0,85.0,290949113.0,81.0,17328.0,100.0,0.0,100.0,9.0,,,,,100.0,0.0,100.0,0.0,,,74.0,26.0,,,100.0,239.0,100.0,1317.0,26.0,26.0,100.0,0.0,100.0,0.0,200.0,0.0,100.0,16982.0,100.0,69304228776.0,100.0,165154689346.0
2019-12-18,ZCH0CHJT,ST12000NM0007,12000138625024,0,83.0,214913944.0,90.0,0.0,100.0,11.0,100.0,0.0,85.0,291597731.0,81.0,17344.0,100.0,0.0,100.0,9.0,,,,,100.0,0.0,100.0,0.0,,,76.0,24.0,,,100.0,239.0,100.0,1317.0,24.0,24.0,100.0,0.0,100.0,0.0,200.0,0.0,100.0,16998.0,100.0,69304425344.0,100.0,165285671994.0
2019-12-19,ZCH0CHJT,ST12000NM0007,12000138625024,0,100.0,12080.0,90.0,0.0,100.0,11.0,100.0,0.0,85.0,292953465.0,81.0,17375.0,100.0,0.0,100.0,9.0,,,,,100.0,0.0,100.0,0.0,,,75.0,25.0,,,100.0,239.0,100.0,1319.0,25.0,25.0,100.0,0.0,100.0,0.0,200.0,0.0,100.0,17029.0,100.0,69304823928.0,100.0,165558653020.0
2019-12-20,ZCH0CHJT,ST12000NM0007,12000138625024,0,82.0,156251184.0,90.0,0.0,100.0,11.0,100.0,0.0,85.0,293757204.0,81.0,17391.0,100.0,0.0,100.0,9.0,,,,,100.0,0.0,100.0,0.0,,,74.0,26.0,,,100.0,239.0,100.0,1319.0,26.0,26.0,100.0,0.0,100.0,0.0,200.0,0.0,100.0,17045.0,100.0,69305026376.0,100.0,165714689676.0
2019-12-21,ZCH0CHJT,ST12000NM0007,12000138625024,0,83.0,183030818.0,90.0,0.0,100.0,11.0,100.0,0.0,85.0,295102733.0,81.0,17423.0,100.0,0.0,100.0,9.0,,,,,100.0,0.0,100.0,0.0,,,74.0,26.0,,,100.0,239.0,100.0,1322.0,26.0,26.0,100.0,0.0,100.0,0.0,200.0,0.0,100.0,17076.0,100.0,69305422232.0,100.0,165985214342.0
2019-12-22,ZCH0CHJT,ST12000NM0007,12000138625024,0,77.0,47201288.0,90.0,0.0,100.0,11.0,100.0,0.0,85.0,295700854.0,81.0,17439.0,100.0,0.0,100.0,9.0,,,,,100.0,0.0,100.0,0.0,,,74.0,26.0,,,100.0,239.0,100.0,1322.0,26.0,26.0,100.0,0.0,100.0,0.0,200.0,0.0,100.0,17092.0,100.0,69305632112.0,100.0,166093315670.0
2019-12-23,ZCH0CHJT,ST12000NM0007,12000138625024,0,78.0,57367488.0,90.0,0.0,100.0,11.0,100.0,0.0,85.0,297045382.0,81.0,17471.0,100.0,0.0,100.0,9.0,,,,,100.0,0.0,100.0,0.0,,,74.0,26.0,,,100.0,241.0,100.0,1324.0,26.0,26.0,100.0,0.0,100.0,0.0,200.0,0.0,100.0,17123.0,100.0,69306038800.0,100.0,166347215910.0
2019-12-24,ZCH0CHJT,ST12000NM0007,12000138625024,0,83.0,211946784.0,90.0,0.0,100.0,11.0,100.0,0.0,85.0,297811710.0,81.0,17486.0,100.0,0.0,100.0,9.0,,,,,100.0,0.0,100.0,0.0,,,73.0,27.0,,,100.0,241.0,100.0,1325.0,27.0,27.0,100.0,0.0,100.0,0.0,200.0,0.0,100.0,17139.0,100.0,69306241392.0,100.0,166501592614.0
2019-12-25,ZCH0CHJT,ST12000NM0007,12000138625024,0,82.0,173324312.0,90.0,0.0,100.0,11.0,100.0,0.0,85.0,299210753.0,81.0,17518.0,100.0,0.0,100.0,9.0,,,,,100.0,0.0,100.0,0.0,,,73.0,27.0,,,100.0,241.0,100.0,1326.0,27.0,27.0,100.0,0.0,100.0,0.0,200.0,0.0,100.0,17171.0,100.0,69306649320.0,100.0,166706702854.0
2019-12-26,ZCH0CHJT,ST12000NM0007,12000138625024,0,78.0,57855016.0,90.0,0.0,100.0,11.0,100.0,0.0,85.0,300121730.0,80.0,17534.0,100.0,0.0,100.0,9.0,,,,,100.0,0.0,100.0,0.0,,,73.0,27.0,,,100.0,241.0,100.0,1326.0,27.0,27.0,100.0,0.0,100.0,0.0,200.0,0.0,100.0,17187.0,100.0,69306853608.0,100.0,166835170054.0
2019-12-27,ZCH0CHJT,ST12000NM0007,12000138625024,0,76.0,38306936.0,90.0,0.0,100.0,11.0,100.0,0.0,85.0,301826716.0,80.0,17565.0,100.0,0.0,100.0,9.0,,,,,100.0,0.0,100.0,0.0,,,73.0,27.0,,,100.0,242.0,100.0,1328.0,27.0,27.0,100.0,0.0,100.0,0.0,200.0,0.0,100.0,17218.0,100.0,69307263008.0,100.0,167059353374.0
2019-12-28,ZCH0CHJT,ST12000NM0007,12000138625024,0,82.0,173682416.0,90.0,0.0,100.0,11.0,100.0,0.0,85.0,302811722.0,80.0,17581.0,100.0,0.0,100.0,9.0,,,,,100.0,0.0,100.0,0.0,,,73.0,27.0,,,100.0,242.0,100.0,1328.0,27.0,27.0,100.0,0.0,100.0,0.0,200.0,0.0,100.0,17234.0,100.0,69307466776.0,100.0,167194525086.0
2019-12-29,ZCH0CHJT,ST12000NM0007,12000138625024,0,83.0,217024800.0,90.0,0.0,100.0,11.0,100.0,0.0,85.0,304916903.0,80.0,17613.0,100.0,0.0,100.0,9.0,,,,,100.0,0.0,100.0,0.0,,,74.0,26.0,,,100.0,244.0,100.0,1330.0,26.0,26.0,100.0,0.0,100.0,0.0,200.0,0.0,100.0,17265.0,100.0,69307870816.0,100.0,167481604150.0
2019-12-30,ZCH0CHJT,ST12000NM0007,12000138625024,0,83.0,221554208.0,90.0,0.0,100.0,11.0,100.0,0.0,85.0,306832711.0,80.0,17644.0,100.0,0.0,100.0,9.0,,,,,100.0,0.0,100.0,0.0,,,74.0,26.0,,,100.0,245.0,100.0,1331.0,26.0,26.0,100.0,0.0,100.0,0.0,200.0,0.0,100.0,17296.0,100.0,69308275624.0,100.0,167729869390.0
2019-12-31,ZCH0CHJT,ST12000NM0007,12000138625024,0,81.0,115430752.0,90.0,0.0,100.0,11.0,100.0,0.0,85.0,307878160.0,80.0,17660.0,100.0,0.0,100.0,9.0,,,,,100.0,0.0,100.0,0.0,,,74.0,26.0,,,100.0,246.0,100.0,1332.0,26.0,26.0,100.0,0.0,100.0,0.0,200.0,0.0,100.0,17312.0,100.0,69308475696.0,100.0,167867686614.0
