2019-01-01,ZCH06NDJ,ST12000NM0007,12000138625024,0,81,125919416,96.0,0.0,100.0,4.0,100.0,0.0,87.0,506062933.0,88,10645,100.0,0.0,100,3,,,,,100.0,0.0,100.0,0.0,,,72.0,28.0,,,100.0,113.0,100.0,671.0,28,28,100.0,0.0,100.0,0.0,200.0,0.0,100.0,10491.0,100.0,55830795032.0,100.0,110799406747.0
2019-01-02,ZCH06NDJ,ST12000NM0007,12000138625024,0,71,13310864,96.0,0.0,100.0,4.0,100.0,0.0,87.0,515482445.0,88,10669,100.0,0.0,100,3,,,,,100.0,0.0,100.0,0.0,,,72.0,28.0,,,100.0,113.0,100.0,672.0,28,28,100.0,0.0,100.0,0.0,200.0,0.0,100.0,10515.0,100.0,55843020432.0,100.0,112139417251.0
2019-01-03,ZCH06NDJ,ST12000NM0007,12000138625024,0,72.0,17166904.0,96.0,0.0,100.0,4.0,100.0,0.0,87.0,525403018.0,88.0,10694.0,100.0,0.0,100.0,3.0,,,,,100.0,0.0,100.0,0.0,,,72.0,28.0,,,100.0,113.0,100.0,673.0,28.0,28.0,100.0,0.0,100.0,0.0,200.0,0.0,100.0,10539.0,100.0,55853821456.0,100.0,113353175723.0
2019-01-04,ZCH06NDJ,ST12000NM0007,12000138625024,0,81,128715432,96.0,0.0,100.0,4.0,100.0,0.0,87.0,532824841.0,88,10716,100.0,0.0,100,3,,,,,100.0,0.0,100.0,0.0,,,70.0,30.0,,,100.0,113.0,100.0,674.0,30,30,100.0,0.0,100.0,0.0,200.0,0.0,100.0,10562.0,100.0,55866731408.0,100.0,114184236635.0
2019-01-05,ZCH06NDJ,ST12000NM0007,12000138625024,0,82,164786672,96.0,0.0,100.0,4.0,100.0,0.0,87.0,541634902.0,88,10742,100.0,0.0,100,3,,,,,100.0,0.0,100.0,0.0,,,69.0,31.0,,,100.0,113.0,100.0,675.0,31,31,100.0,0.0,100.0,0.0,200.0,0.0,100.0,10587.0,100.0,55888430136.0,100.0,115175171827.0
2019-01-06,ZCH06NDJ,ST12000NM0007,12000138625024,0,80,103658160,96.0,0.0,100.0,4.0,100.0,0.0,87.0,547246339.0,88,10765,100.0,0.0,100,3,,,,,100.0,0.0,100.0,0.0,,,71.0,29.0,,,100.0,113.0,100.0,676.0,29,29,100.0,0.0,100.0,0.0,200.0,0.0,100.0,10611.0,100.0,55928433168.0,100.0,115806462523.0
2019-01-07,ZCH06NDJ,ST12000NM0007,12000138625024,0,79,88219704,96.0,0.0,100.0,4.0,100.0,0.0,87.0,550465478.0,88,10788,100.0,0.0,100,3,,,,,100.0,0.0,100.0,0.0,,,71.0,29.0,,,100.0,114.0,100.0,677.0,29,29,100.0,0.0,100.0,0.0,200.0,0.0,100.0,10634.0,100.0,56019761696.0,100.0,115943836331.0
2019-01-08,ZCH06NDJ,ST12000NM0007,12000138625024,0,79,85511096,96.0,0.0,100.0,4.0,100.0,0.0,87.0,553711306.0,88,10812,100.0,0.0,100,3,,,,,100.0,0.0,100.0,0.0,,,71.0,29.0,,,100.0,114.0,100.0,678.0,29,29,100.0,0.0,100.0,0.0,200.0,0.0,100.0,10658.0,100.0,56108385832.0,100.0,116096644267.0
2019-01-09,ZCH06NDJ,ST12000NM0007,12000138625024,0,78,60770552,96.0,0.0,100.0,4.0,100.0,0.0,87.0,557423825.0,88,10837,100.0,0.0,100,3,,,,,100.0,0.0,100.0,0.0,,,72.0,28.0,,,100.0,115.0,100.0,679.0,28,28,100.0,0.0,100.0,0.0,200.0,0.0,100.0,10682.0,100.0,56192509704.0,100.0,116231920835.0
2019-01-10,ZCH06NDJ,ST12000NM0007,12000138625024,0,83,221629576,96.0,0.0,100.0,4.0,100.0,0.0,87.0,559592480.0,88,10856,100.0,0.0,100,3,,,,,100.0,0.0,100.0,0.0,,,73.0,27.0,,,100.0,115.0,100.0,680.0,27,27,100.0,0.0,100.0,0.0,200.0,0.0,100.0,10701.0,100.0,56250723096.0,100.0,116334566467.0
2019-01-11,ZCH06NDJ,ST12000NM0007,12000138625024,0,79.0,79841168.0,96.0,0.0,100.0,4.0,100.0,0.0,87.0,561003693.0,88.0,10869.0,100.0,0.0,100.0,3.0,,,,,100.0,0.0,100.0,0.0,,,72.0,28.0,,,100.0,115.0,100.0,681.0,28.0,28.0,100.0,0.0,100.0,0.0,200.0,0.0,100.0,10713.0,100.0,56283785208.0,100.0,116403856611.0
2019-01-12,ZCH06NDJ,ST12000NM0007,12000138625024,0,81,118533520,96.0,0.0,100.0,4.0,100.0,0.0,88.0,567166988.0,88,10900,100.0,0.0,100,3,,,,,100.0,0.0,100.0,0.0,,,72.0,28.0,,,100.0,116.0,100.0,682.0,28,28,100.0,0.0,100.0,0.0,200.0,0.0,100.0,10745.0,100.0,56375039584.0,100.0,116595435299.0
2019-01-13,ZCH06NDJ,ST12000NM0007,12000138625024,0,76,41144368,96.0,0.0,100.0,4.0,100.0,0.0,88.0,569146783.0,88,10916,100.0,0.0,100,3,,,,,100.0,0.0,100.0,0.0,,,72.0,28.0,,,100.0,116.0,100.0,683.0,28,28,100.0,0.0,100.0,0.0,200.0,0.0,100.0,10761.0,100.0,56420473520.0,100.0,116716752907.0
2019-01-14,ZCH06NDJ,ST12000NM0007,12000138625024,0,80,89737488,96.0,0.0,100.0,4.0,100.0,0.0,88.0,572891762.0,88,10948,100.0,0.0,100,3,,,,,100.0,0.0,100.0,0.0,,,73.0,27.0,,,100.0,116.0,100.0,684.0,27,27,100.0,0.0,100.0,0.0,200.0,0.0,100.0,10792.0,100.0,56517754080.0,100.0,116912206099.0
2019-01-15,ZCH06NDJ,ST12000NM0007,12000138625024,0,73.0,20933896.0,96.0,0.0,100.0,4.0,100.0,0.0,88.0,575036049.0,88.0,10964.0,100.0,0.0,100.0,3.0,,,,,100.0,0.0,100.0,0.0,,,71.0,29.0,,,100.0,117.0,100.0,685.0,29.0,29.0,100.0,0.0,100.0,0.0,200.0,0.0,100.0,10808.0,100.0,56582149336.0,100.0,117023148091.0
2019-01-16,ZCH06NDJ,ST12000NM0007,12000138625024,0,81,114720664,96.0,0.0,100.0,4.0,100.0,0.0,88.0,579314827.0,88,10996,100.0,0.0,100,3,,,,,100.0,0.0,100.0,0.0,,,69.0,31.0,,,100,118,100.0,686.0,31,31,100.0,0.0,100.0,0.0,200.0,0.0,100.0,10840.0,100.0,56696914944.0,100.0,117246309883.0
2019-01-17,ZCH06NDJ,ST12000NM0007,12000138625024,0,77,54260912,96.0,0.0,100.0,4.0,100.0,0.0,88.0,582350478.0,88,11011,100.0,0.0,100,3,,,,,100.0,0.0,100.0,0.0,,,71.0,29.0,,,100,118,100.0,687.0,29,29,100.0,0.0,100.0,0.0,200.0,0.0,100.0,10856.0,100.0,56757986760.0,100.0,117368918987.0
2019-01-18,ZCH06NDJ,ST12000NM0007,12000138625024,0,79,79013976,96.0,0.0,100.0,4.0,100.0,0.0,88.0,585873327.0,88,11043,100.0,0.0,100,3,,,,,100.0,0.0,100.0,0.0,,,71.0,29.0,,,100,118,100.0,688.0,29,29,100.0,0.0,100.0,0.0,200.0,0.0,100.0,10887.0,100.0,56848840160.0,100.0,117546959323.0
2019-01-19,ZCH06NDJ,ST12000NM0007,12000138625024,0,84,224712504,96.0,0.0,100.0,4.0,100.0,0.0,88.0,588439987.0,88,11059,100.0,0.0,100,3,,,,,100.0,0.0,100.0,0.0,,,71.0,29.0,,,100,119,100.0,689.0,29,29,100.0,0.0,100.0,0.0,200.0,0.0,100.0,10903.0,100.0,56886020736.0,100.0,117655477275.0
2019-01-20,ZCH06NDJ,ST12000NM0007,12000138625024,0,84,231598560,96.0,0.0,100.0,4.0,100.0,0.0,88.0,591824123.0,88,11091,100.0,0.0,100,3,,,,,100.0,0.0,100.0,0.0,,,72.0,28.0,,,100,120,100.0,690.0,28,28,100.0,0.0,100.0,0.0,200.0,0.0,100.0,10935.0,100.0,56964145016.0,100.0,117828379683.0
2019-01-21,ZCH06NDJ,ST12000NM0007,12000138625024,0,79,77793464,96.0,0.0,100.0,4.0,100.0,0.0,88.0,593225385.0,88,11107,100.0,0.0,100,3,,,,,100.0,0.0,100.0,0.0,,,71.0,29.0,,,100,121,100.0,691.0,29,29,100.0,0.0,100.0,0.0,200.0,0.0,100.0,10950.0,100.0,57001276152.0,100.0,117881584171.0
2019-01-22,ZCH06NDJ,ST12000NM0007,12000138625024,0,78.0,67364336.0,94.0,0.0,100.0,5.0,100.0,0.0,88.0,596433858.0,88.0,11143.0,100.0,0.0,100.0,4.0,,,,,100.0,0.0,100.0,0.0,,,69.0,31.0,,,100.0,121.0,100.0,707.0,31.0,31.0,100.0,0.0,100.0,0.0,200.0,0.0,100.0,10982.0,100.0,57088362056.0,100.0,118028209771.0
2019-01-23,ZCH06NDJ,ST12000NM0007,12000138625024,0,83.0,184138912.0,94.0,0.0,100.0,5.0,100.0,0.0,88.0,598135966.0,88.0,11159.0,100.0,0.0,100.0,4.0,,,,,100.0,0.0,100.0,0.0,,,70.0,30.0,,,100.0,121.0,100.0,707.0,30.0,30.0,100.0,0.0,100.0,0.0,200.0,0.0,100.0,10998.0,100.0,57126184832.0,100.0,118107161571.0
2019-01-24,ZCH06NDJ,ST12000NM0007,12000138625024,0,75.0,32745944.0,94.0,0.0,100.0,5.0,100.0,0.0,88.0,604322766.0,88.0,11190.0,100.0,0.0,100.0,4.0,,,,,100.0,0.0,100.0,0.0,,,70.0,30.0,,,100.0,122.0,100.0,709.0,30.0,30.0,100.0,0.0,100.0,0.0,200.0,0.0,100.0,11029.0,100.0,57217575120.0,100.0,118352660003.0
2019-01-25,ZCH06NDJ,ST12000NM0007,12000138625024,0,83,196031496,94.0,0.0,100.0,5.0,100.0,0.0,88.0,606152575.0,88,11206,100.0,0.0,100,4,,,,,100.0,0.0,100.0,0.0,,,71.0,29.0,,,100,122,100.0,709.0,29,29,100.0,0.0,100.0,0.0,200.0,0.0,100.0,11045.0,100.0,57278786920.0,100.0,118454733755.0
2019-01-26,ZCH06NDJ,ST12000NM0007,12000138625024,0,84,225687040,94.0,0.0,100.0,5.0,100.0,0.0,88.0,610469097.0,88,11238,100.0,0.0,100,4,,,,,100.0,0.0,100.0,0.0,,,72.0,28.0,,,100,123,100.0,711.0,28,28,100.0,0.0,100.0,0.0,200.0,0.0,100.0,11076.0,100.0,57357080744.0,100.0,118650236323.0
2019-01-27,ZCH06NDJ,ST12000NM0007,12000138625024,0,79,81603504,94.0,0.0,100.0,5.0,100.0,0.0,88.0,611837104.0,88,11253,100.0,0.0,100,4,,,,,100.0,0.0,100.0,0.0,,,71.0,29.0,,,100,123,100.0,711.0,29,29,100.0,0.0,100.0,0.0,200.0,0.0,100.0,11092.0,100.0,57393504680.0,100.0,118713869563.0
2019-01-28,ZCH06NDJ,ST12000NM0007,12000138625024,0,77,49561008,94.0,0.0,100.0,5.0,100.0,0.0,88.0,614726949.0,88,11285,100.0,0.0,100,4,,,,,100.0,0.0,100.0,0.0,,,72.0,28.0,,,100,123,100.0,713.0,28,28,100.0,0.0,100.0,0.0,200.0,0.0,100.0,11123.0,100.0,57465721448.0,100.0,118853751075.0
2019-01-29,ZCH06NDJ,ST12000NM0007,12000138625024,0,82,172027248,94.0,0.0,100.0,5.0,100.0,0.0,88.0,616415782.0,88,11301,100.0,0.0,100,4,,,,,100.0,0.0,100.0,0.0,,,71.0,29.0,,,100,123,100.0,713.0,29,29,100.0,0.0,100.0,0.0,200.0,0.0,100.0,11139.0,100.0,57502476680.0,100.0,118939462083.0
2019-01-30,ZCH06NDJ,ST12000NM0007,12000138625024,0,83,185386896,94.0,0.0,100.0,5.0,100.0,0.0,88.0,620476471.0,88,11333,100.0,0.0,100,4,,,,,100.0,0.0,100.0,0.0,,,72.0,28.0,,,100,125,100.0,715.0,28,28,100.0,0.0,100.0,0.0,200.0,0.0,100.0,11171.0,100.0,57575126136.0,100.0,119124313075.0
2019-01-31,ZCH06NDJ,ST12000NM0007,12000138625024,0,83,223080656,94.0,0.0,100.0,5.0,100.0,0.0,88.0,624020255.0,88,11364,100.0,0.0,100,4,,,,,100.0,0.0,100.0,0.0,,,71.0,29.0,,,100,125,100.0,716.0,29,29,100.0,0.0,100.0,0.0,200.0,0.0,100.0,11202.0,100.0,57667514848.0,100.0,119313758963.0
2019-02-01,ZCH06NDJ,ST12000NM0007,12000138625024,0,80,109190304,94.0,0.0,100.0,5.0,100.0,0.0,88.0,625966372.0,88,11380,100.0,0.0,100,4,,,,,100.0,0.0,100.0,0.0,,,71.0,29.0,,,100,125,100.0,716.0,29,29,100.0,0.0,100.0,0.0,200.0,0.0,100.0,11218.0,100.0,57706999488.0,100.0,119404524611.0
2019-02-02,ZCH06NDJ,ST12000NM0007,12000138625024,0,83.0,179539792.0,94.0,0.0,100.0,5.0,100.0,0.0,88.0,631222270.0,87.0,11412.0,100.0,0.0,100.0,4.0,,,,,100.0,0.0,100.0,0.0,,,71.0,29.0,,,100.0,125.0,100.0,718.0,29.0,29.0,100.0,0.0,100.0,0.0,200.0,0.0,100.0,11249.0,100.0,57785082136.0,100.0,119640932219.0
2019-02-03,ZCH06NDJ,ST12000NM0007,12000138625024,0,80,110844456,94.0,0.0,100.0,5.0,100.0,0.0,88.0,633396800.0,87,11428,100.0,0.0,100,4,,,,,100.0,0.0,100.0,0.0,,,71.0,29.0,,,100,125,100.0,718.0,29,29,100.0,0.0,100.0,0.0,200.0,0.0,100.0,11265.0,100.0,57831256600.0,100.0,119770203219.0
2019-02-04,ZCH06NDJ,ST12000NM0007,12000138625024,0,80,101781048,94.0,0.0,100.0,5.0,100.0,0.0,88.0,637004457.0,87,11460,100.0,0.0,100,4,,,,,100.0,0.0,100.0,0.0,,,71.0,29.0,,,100,127,100.0,720.0,29,29,100.0,0.0,100.0,0.0,200.0,0.0,100.0,11297.0,100.0,57901610448.0,100.0,119934926635.0
2019-02-05,ZCH06NDJ,ST12000NM0007,12000138625024,0,83.0,222376616.0,94.0,0.0,100.0,5.0,100.0,0.0,88.0,638706592.0,87.0,11476.0,100.0,0.0,100.0,4.0,,,,,100.0,0.0,100.0,0.0,,,71.0,29.0,,,100.0,127.0,100.0,720.0,29.0,29.0,100.0,0.0,100.0,0.0,200.0,0.0,100.0,11313.0,100.0,57934207368.0,100.0,120022925283.0
2019-02-06,ZCH06NDJ,ST12000NM0007,12000138625024,0,70,10060064,94.0,0.0,100.0,5.0,100.0,0.0,88.0,642885702.0,87,11508,100.0,0.0,100,4,,,,,100.0,0.0,100.0,0.0,,,71.0,29.0,,,100,129,100.0,722.0,29,29,100.0,0.0,100.0,0.0,200.0,0.0,100.0,11345.0,100.0,58001667864.0,100.0,120231429739.0
2019-02-07,ZCH06NDJ,ST12000NM0007,12000138625024,0,82.0,153441560.0,94.0,0.0,100.0,5.0,100.0,0.0,88.0,644552870.0,87.0,11523.0,100.0,0.0,100.0,4.0,,,,,100.0,0.0,100.0,0.0,,,69.0,31.0,,,100.0,129.0,100.0,722.0,31.0,31.0,100.0,0.0,100.0,0.0,200.0,0.0,100.0,11360.0,100.0,58047442088.0,100.0,120329037011.0
2019-02-08,ZCH06NDJ,ST12000NM0007,12000138625024,0,77,54410464,94.0,0.0,100.0,5.0,100.0,0.0,88.0,646351583.0,87,11539,100.0,0.0,100,4,,,,,100.0,0.0,100.0,0.0,,,69.0,31.0,,,100,129,100.0,723.0,31,31,100.0,0.0,100.0,0.0,200.0,0.0,100.0,11376.0,100.0,58092763192.0,100.0,120428825443.0
2019-02-09,ZCH06NDJ,ST12000NM0007,12000138625024,0,82.0,165554728.0,94.0,0.0,100.0,5.0,100.0,0.0,88.0,652604132.0,87.0,11571.0,100.0,0.0,100.0,4.0,,,,,100.0,0.0,100.0,0.0,,,71.0,29.0,,,100.0,129.0,100.0,724.0,29.0,29.0,100.0,0.0,100.0,0.0,200.0,0.0,100.0,11408.0,100.0,58186235328.0,100.0,120690638747.0
2019-02-10,ZCH06NDJ,ST12000NM0007,12000138625024,0,78,69275288,94.0,0.0,100.0,5.0,100.0,0.0,88.0,654394030.0,87,11587,100.0,0.0,100,4,,,,,100.0,0.0,100.0,0.0,,,71.0,29.0,,,100,129,100.0,725.0,29,29,100.0,0.0,100.0,0.0,200.0,0.0,100.0,11423.0,100.0,58234943888.0,100.0,120789791555.0
2019-02-11,ZCH06NDJ,ST12000NM0007,12000138625024,0,81,113728360,94.0,0.0,100.0,5.0,100.0,0.0,88.0,657788587.0,87,11618,100.0,0.0,100,4,,,,,100.0,0.0,100.0,0.0,,,71.0,29.0,,,100,129,100.0,726.0,29,29,100.0,0.0,100.0,0.0,200.0,0.0,100.0,11455.0,100.0,58318654944.0,100.0,120994674307.0
2019-02-12,ZCH06NDJ,ST12000NM0007,12000138625024,0,74.0,23386496.0,94.0,0.0,100.0,5.0,100.0,0.0,88.0,659461842.0,87.0,11634.0,100.0,0.0,100.0,4.0,,,,,100.0,0.0,100.0,0.0,,,69.0,31.0,,,100.0,130.0,100.0,727.0,31.0,31.0,100.0,0.0,100.0,0.0,200.0,0.0,100.0,11470.0,100.0,58350075776.0,100.0,121117052355.0
2019-02-13,ZCH06NDJ,ST12000NM0007,12000138625024,0,81,118541384,94.0,0.0,100.0,5.0,100.0,0.0,88.0,663126742.0,87,11666,100.0,0.0,100,4,,,,,100.0,0.0,100.0,0.0,,,70.0,30.0,,,100,130,100.0,728.0,30,30,100.0,0.0,100.0,0.0,200.0,0.0,100.0,11502.0,100.0,58413133704.0,100.0,121393290115.0
2019-02-14,ZCH06NDJ,ST12000NM0007,12000138625024,0,74,22517592,94.0,0.0,100.0,5.0,100.0,0.0,88.0,665163013.0,87,11682,100.0,0.0,100,4,,,,,100.0,0.0,100.0,0.0,,,71.0,29.0,,,100,130,100.0,729.0,29,29,100.0,0.0,100.0,0.0,200.0,0.0,100.0,11518.0,100.0,58453811264.0,100.0,121500729403.0
2019-02-15,ZCH06NDJ,ST12000NM0007,12000138625024,0,79.0,72854856.0,94.0,0.0,100.0,5.0,100.0,0.0,88.0,668366148.0,87.0,11713.0,100.0,0.0,100.0,4.0,,,,,100.0,0.0,100.0,0.0,,,71.0,29.0,,,100.0,130.0,100.0,730.0,29.0,29.0,100.0,0.0,100.0,0.0,200.0,0.0,100.0,11549.0,100.0,58524227752.0,100.0,121724790915.0
2019-02-16,ZCH06NDJ,ST12000NM0007,12000138625024,0,83.0,213247480.0,94.0,0.0,100.0,5.0,100.0,0.0,88.0,670792251.0,87.0,11729.0,100.0,0.0,100.0,4.0,,,,,100.0,0.0,100.0,0.0,,,71.0,29.0,,,100.0,130.0,100.0,731.0,29.0,29.0,100.0,0.0,100.0,0.0,200.0,0.0,100.0,11565.0,100.0,58556001288.0,100.0,121833410003.0
2019-02-17,ZCH06NDJ,ST12000NM0007,12000138625024,0,71,12459968,94.0,0.0,100.0,5.0,100.0,0.0,88.0,673835812.0,87,11761,100.0,0.0,100,4,,,,,100.0,0.0,100.0,0.0,,,71.0,29.0,,,100,131,100.0,732.0,29,29,100.0,0.0,100.0,0.0,200.0,0.0,100.0,11596.0,100.0,58631802664.0,100.0,122045102419.0
2019-02-18,ZCH06NDJ,ST12000NM0007,12000138625024,0,82,155061296,94.0,0.0,100.0,5.0,100.0,0.0,88.0,675531979.0,87,11777,100.0,0.0,100,4,,,,,100.0,0.0,100.0,0.0,,,71.0,29.0,,,100,131,100.0,733.0,29,29,100.0,0.0,100.0,0.0,200.0,0.0,100.0,11612.0,100.0,58679422544.0,100.0,122140083867.0
2019-02-19,ZCH06NDJ,ST12000NM0007,12000138625024,0,84,242034240,94.0,0.0,100.0,5.0,100.0,0.0,88.0,679187644.0,87,11808,100.0,0.0,100,4,,,,,100.0,0.0,100.0,0.0,,,68.0,32.0,,,100,132,100.0,734.0,32,32,100.0,0.0,100.0,0.0,200.0,0.0,100.0,11643.0,100.0,58772219792.0,100.0,122378400395.0
2019-02-20,ZCH06NDJ,ST12000NM0007,12000138625024,0,82.0,160087912.0,94.0,0.0,100.0,5.0,100.0,0.0,88.0,680913854.0,87.0,11824.0,100.0,0.0,100.0,4.0,,,,,100.0,0.0,100.0,0.0,,,70.0,30.0,,,100.0,133.0,100.0,735.0,30.0,30.0,100.0,0.0,100.0,0.0,200.0,0.0,100.0,11659.0,100.0,58829326568.0,100.0,122483488051.0
2019-02-21,ZCH06NDJ,ST12000NM0007,12000138625024,0,84,235131256,94.0,0.0,100.0,5.0,100.0,0.0,88.0,684951019.0,87,11856,100.0,0.0,100,4,,,,,100.0,0.0,100.0,0.0,,,70.0,30.0,,,100,133,100.0,736.0,30,30,100.0,0.0,100.0,0.0,200.0,0.0,100.0,11691.0,100.0,58892208912.0,100.0,122739789779.0
2019-02-22,ZCH06NDJ,ST12000NM0007,12000138625024,0,73,18843904,94.0,0.0,100.0,5.0,100.0,0.0,88.0,688164224.0,87,11888,100.0,0.0,100,4,,,,,100.0,0.0,100.0,0.0,,,71.0,29.0,,,100,133,100.0,738.0,29,29,100.0,0.0,100.0,0.0,200.0,0.0,100.0,11722.0,100.0,58954502048.0,100.0,122949490875.0
2019-02-23,ZCH06NDJ,ST12000NM0007,12000138625024,0,83.0,221563504.0,94.0,0.0,100.0,5.0,100.0,0.0,88.0,692935621.0,87.0,11903.0,100.0,0.0,100.0,4.0,,,,,100.0,0.0,100.0,0.0,,,69.0,31.0,,,100.0,133.0,100.0,738.0,31.0,31.0,100.0,0.0,100.0,0.0,200.0,0.0,100.0,11738.0,100.0,58987889840.0,100.0,123118822683.0
2019-02-24,ZCH06NDJ,ST12000NM0007,12000138625024,0,77,48367680,94.0,0.0,100.0,5.0,100.0,0.0,88.0,697063327.0,87,11935,100.0,0.0,100,4,,,,,100.0,0.0,100.0,0.0,,,70.0,30.0,,,100,133,100.0,740.0,30,30,100.0,0.0,100.0,0.0,200.0,0.0,100.0,11769.0,100.0,59050142488.0,100.0,123371655611.0
2019-02-25,ZCH06NDJ,ST12000NM0007,12000138625024,0,83,184130304,94.0,0.0,100.0,5.0,100.0,0.0,88.0,699053032.0,87,11951,100.0,0.0,100,4,,,,,100.0,0.0,100.0,0.0,,,71.0,29.0,,,100,133,100.0,740.0,29,29,100.0,0.0,100.0,0.0,200.0,0.0,100.0,11785.0,100.0,59085198440.0,100.0,123472362283.0
2019-02-26,ZCH06NDJ,ST12000NM0007,12000138625024,0,84,231428784,94.0,0.0,100.0,5.0,100.0,0.0,88.0,702600403.0,87,11983,100.0,0.0,100,4,,,,,100.0,0.0,100.0,0.0,,,70.0,30.0,,,100,135,100.0,742.0,30,30,100.0,0.0,100.0,0.0,200.0,0.0,100.0,11816.0,100.0,59142883128.0,100.0,123706116811.0
2019-02-27,ZCH06NDJ,ST12000NM0007,12000138625024,0,81.0,140226216.0,94.0,0.0,100.0,5.0,100.0,0.0,88.0,704496526.0,87.0,11998.0,100.0,0.0,100.0,4.0,,,,,100.0,0.0,100.0,0.0,,,69.0,31.0,,,100.0,135.0,100.0,742.0,31.0,31.0,100.0,0.0,100.0,0.0,200.0,0.0,100.0,11832.0,100.0,59176460736.0,100.0,123825477299.0
2019-02-28,ZCH06NDJ,ST12000NM0007,12000138625024,0,83,220793152,94.0,0.0,100.0,5.0,100.0,0.0,89.0,709670909.0,87,12030,100.0,0.0,100,4,,,,,100.0,0.0,100.0,0.0,,,72.0,28.0,,,100,137,100.0,744.0,28,28,100.0,0.0,100.0,0.0,200.0,0.0,100.0,11863.0,100.0,59239532528.0,100.0,124087113539.0
2019-03-01,ZCH06NDJ,ST12000NM0007,12000138625024,0,84.0,241366408.0,94.0,0.0,100.0,5.0,100.0,0.0,89.0,713560760.0,87.0,12062.0,100.0,0.0,100.0,4.0,,,,,100.0,0.0,100.0,0.0,,,71.0,29.0,,,100.0,138.0,100.0,745.0,29.0,29.0,100.0,0.0,100.0,0.0,200.0,0.0,100.0,11895.0,100.0,59306060080.0,100.0,124285299979.0
2019-03-02,ZCH06NDJ,ST12000NM0007,12000138625024,0,80.0,100171368.0,94.0,0.0,100.0,5.0,100.0,0.0,89.0,715257127.0,87.0,12077.0,100.0,0.0,100.0,4.0,,,,,100.0,0.0,100.0,0.0,,,72.0,28.0,,,100.0,138.0,100.0,746.0,28.0,28.0,100.0,0.0,100.0,0.0,200.0,0.0,100.0,11911.0,100.0,59339548648.0,100.0,124354757003.0
2019-03-03,ZCH06NDJ,ST12000NM0007,12000138625024,0,77.0,54791704.0,94.0,0.0,100.0,5.0,100.0,0.0,89.0,717819869.0,87.0,12109.0,100.0,0.0,100.0,4.0,,,,,100.0,0.0,100.0,0.0,,,71.0,29.0,,,100.0,138.0,100.0,747.0,29.0,29.0,100.0,0.0,100.0,0.0,200.0,0.0,100.0,11942.0,100.0,59399524240.0,100.0,124493542603.0
2019-03-04,ZCH06NDJ,ST12000NM0007,12000138625024,0,82,150671184,94.0,0.0,100.0,5.0,100.0,0.0,89.0,718989469.0,87,12125,100.0,0.0,100,4,,,,,100.0,0.0,100.0,0.0,,,73.0,27.0,,,100,138,100.0,747.0,27,27,100.0,0.0,100.0,0.0,200.0,0.0,100.0,11958.0,100.0,59428921448.0,100.0,124560024875.0
2019-03-05,ZCH06NDJ,ST12000NM0007,12000138625024,0,66.0,4449064.0,94.0,0.0,100.0,5.0,100.0,0.0,89.0,720271924.0,87.0,12141.0,100.0,0.0,100.0,4.0,,,,,100.0,0.0,100.0,0.0,,,71.0,29.0,,,100.0,138.0,100.0,748.0,29.0,29.0,100.0,0.0,100.0,0.0,200.0,0.0,100.0,11974.0,100.0,59453667888.0,100.0,124633197019.0
2019-03-06,ZCH06NDJ,ST12000NM0007,12000138625024,0,77.0,56027328.0,93.0,0.0,100.0,6.0,100.0,0.0,89.0,724480229.0,87.0,12172.0,100.0,0.0,100.0,5.0,,,,,100.0,0.0,100.0,0.0,,,70.0,30.0,,,100.0,139.0,100.0,751.0,30.0,30.0,100.0,0.0,100.0,0.0,200.0,0.0,100.0,12005.0,100.0,59524245944.0,100.0,124858338029.0
2019-03-07,ZCH06NDJ,ST12000NM0007,12000138625024,0,82.0,155837984.0,93.0,0.0,100.0,6.0,100.0,0.0,89.0,725842623.0,87.0,12188.0,100.0,0.0,100.0,5.0,,,,,100.0,0.0,100.0,0.0,,,72.0,28.0,,,100.0,139.0,100.0,751.0,28.0,28.0,100.0,0.0,100.0,0.0,200.0,0.0,100.0,12021.0,100.0,59553069376.0,100.0,124929325253.0
2019-03-08,ZCH06NDJ,ST12000NM0007,12000138625024,0,82.0,170355056.0,93.0,0.0,100.0,6.0,100.0,0.0,89.0,728869388.0,87.0,12220.0,100.0,0.0,100.0,5.0,,,,,100.0,0.0,100.0,0.0,,,71.0,29.0,,,100.0,141.0,100.0,753.0,29.0,29.0,100.0,0.0,100.0,0.0,200.0,0.0,100.0,12052.0,100.0,59614275288.0,100.0,125126777213.0
2019-03-09,ZCH06NDJ,ST12000NM0007,12000138625024,0,83.0,198540176.0,92.0,0.0,100.0,7.0,100.0,0.0,89.0,733089860.0,87.0,12252.0,100.0,0.0,100.0,6.0,,,,,100.0,0.0,100.0,0.0,,,70.0,30.0,,,100.0,142.0,100.0,755.0,30.0,30.0,100.0,0.0,100.0,0.0,200.0,0.0,100.0,12084.0,100.0,59677824664.0,100.0,125335553801.0
2019-03-10,ZCH06NDJ,ST12000NM0007,12000138625024,0,80.0,99046848.0,92.0,0.0,100.0,7.0,100.0,0.0,89.0,734677832.0,86.0,12267.0,100.0,0.0,100.0,6.0,,,,,100.0,0.0,100.0,0.0,,,70.0,30.0,,,100.0,142.0,100.0,755.0,30.0,30.0,100.0,0.0,100.0,0.0,200.0,0.0,100.0,12100.0,100.0,59713351200.0,100.0,125444674809.0
2019-03-11,ZCH06NDJ,ST12000NM0007,12000138625024,0,82.0,164876192.0,92.0,0.0,100.0,7.0,100.0,0.0,89.0,738058409.0,86.0,12299.0,100.0,0.0,100.0,6.0,,,,,100.0,0.0,100.0,0.0,,,70.0,30.0,,,100.0,144.0,100.0,757.0,30.0,30.0,100.0,0.0,100.0,0.0,200.0,0.0,100.0,12131.0,100.0,59809042544.0,100.0,125658953529.0
2019-03-12,ZCH06NDJ,ST12000NM0007,12000138625024,0,80.0,93502040.0,92.0,0.0,100.0,7.0,100.0,0.0,89.0,739747537.0,86.0,12315.0,100.0,0.0,100.0,6.0,,,,,100.0,0.0,100.0,0.0,,,72.0,28.0,,,100.0,145.0,100.0,758.0,28.0,28.0,100.0,0.0,100.0,0.0,200.0,0.0,100.0,12147.0,100.0,59844611408.0,100.0,125796151201.0
2019-03-13,ZCH06NDJ,ST12000NM0007,12000138625024,0,83.0,194785192.0,92.0,0.0,100.0,7.0,100.0,0.0,89.0,744309910.0,86.0,12347.0,100.0,0.0,100.0,6.0,,,,,100.0,0.0,100.0,0.0,,,71.0,29.0,,,100.0,146.0,100.0,760.0,29.0,29.0,100.0,0.0,100.0,0.0,200.0,0.0,100.0,12179.0,100.0,59929134584.0,100.0,126057051985.0
2019-03-14,ZCH06NDJ,ST12000NM0007,12000138625024,0,80.0,94497800.0,92.0,0.0,100.0,7.0,100.0,0.0,89.0,745852771.0,86.0,12363.0,100.0,0.0,100.0,6.0,,,,,100.0,0.0,100.0,0.0,,,71.0,29.0,,,100.0,146.0,100.0,760.0,29.0,29.0,100.0,0.0,100.0,0.0,200.0,0.0,100.0,12195.0,100.0,59966465848.0,100.0,126163574201.0
2019-03-15,ZCH06NDJ,ST12000NM0007,12000138625024,0,82.0,176011544.0,92.0,0.0,100.0,7.0,100.0,0.0,89.0,750940131.0,86.0,12394.0,100.0,0.0,100.0,6.0,,,,,100.0,0.0,100.0,0.0,,,72.0,28.0,,,100.0,146.0,100.0,762.0,28.0,28.0,100.0,0.0,100.0,0.0,200.0,0.0,100.0,12226.0,100.0,60036846792.0,100.0,126418848489.0
2019-03-16,ZCH06NDJ,ST12000NM0007,12000138625024,0,79.0,78374720.0,92.0,0.0,100.0,7.0,100.0,0.0,89.0,753627909.0,86.0,12410.0,100.0,0.0,100.0,6.0,,,,,100.0,0.0,100.0,0.0,,,73.0,27.0,,,100.0,146.0,100.0,762.0,27.0,27.0,100.0,0.0,100.0,0.0,200.0,0.0,100.0,12242.0,100.0,60074323560.0,100.0,126527875529.0
2019-03-17,ZCH06NDJ,ST12000NM0007,12000138625024,0,80.0,91253568.0,92.0,0.0,100.0,7.0,100.0,0.0,89.0,756612266.0,86.0,12442.0,100.0,0.0,100.0,6.0,,,,,100.0,0.0,100.0,0.0,,,72.0,28.0,,,100.0,146.0,100.0,764.0,28.0,28.0,100.0,0.0,100.0,0.0,200.0,0.0,100.0,12274.0,100.0,60140958904.0,100.0,126718259849.0
2019-03-18,ZCH06NDJ,ST12000NM0007,12000138625024,0,84.0,238018368.0,92.0,0.0,100.0,7.0,100.0,0.0,89.0,758181700.0,86.0,12457.0,100.0,0.0,100.0,6.0,,,,,100.0,0.0,100.0,0.0,,,72.0,28.0,,,100.0,146.0,100.0,764.0,28.0,28.0,100.0,0.0,100.0,0.0,200.0,0.0,100.0,12289.0,100.0,60178119712.0,100.0,126827863841.0
2019-03-19,ZCH06NDJ,ST12000NM0007,12000138625024,0,77.0,46659888.0,92.0,0.0,100.0,7.0,100.0,0.0,89.0,761288575.0,86.0,12489.0,100.0,0.0,100.0,6.0,,,,,100.0,0.0,100.0,0.0,,,72.0,28.0,,,100.0,148.0,100.0,766.0,28.0,28.0,100.0,0.0,100.0,0.0,200.0,0.0,100.0,12321.0,100.0,60251586520.0,100.0,127051320193.0
2019-03-20,ZCH06NDJ,ST12000NM0007,12000138625024,0,100.0,1276048.0,92.0,0.0,100.0,7.0,100.0,0.0,89.0,763304734.0,86.0,12505.0,100.0,0.0,100.0,6.0,,,,,100.0,0.0,100.0,0.0,,,71.0,29.0,,,100.0,148.0,100.0,766.0,29.0,29.0,100.0,0.0,100.0,0.0,200.0,0.0,100.0,12337.0,100.0,60299866736.0,100.0,127201796993.0
2019-03-21,ZCH06NDJ,ST12000NM0007,12000138625024,0,79.0,85826728.0,92.0,0.0,100.0,7.0,100.0,0.0,89.0,767569352.0,86.0,12536.0,100.0,0.0,100.0,6.0,,,,,100.0,0.0,100.0,0.0,,,71.0,29.0,,,100.0,148.0,100.0,767.0,29.0,29.0,100.0,0.0,100.0,0.0,200.0,0.0,100.0,12368.0,100.0,60386906576.0,100.0,127443448513.0
2019-03-22,ZCH06NDJ,ST12000NM0007,12000138625024,0,83.0,213630200.0,92.0,0.0,100.0,7.0,100.0,0.0,89.0,769090059.0,86.0,12552.0,100.0,0.0,100.0,6.0,,,,,100.0,0.0,100.0,0.0,,,72.0,28.0,,,100.0,149.0,100.0,768.0,28.0,28.0,100.0,0.0,100.0,0.0,200.0,0.0,100.0,12384.0,100.0,60422021520.0,100.0,127536137041.0
2019-03-23,ZCH06NDJ,ST12000NM0007,12000138625024,0,71.0,12931800.0,92.0,0.0,100.0,7.0,100.0,0.0,89.0,773628962.0,86.0,12584.0,100.0,0.0,100.0,6.0,,,,,100.0,0.0,100.0,0.0,,,72.0,28.0,,,100.0,149.0,100.0,769.0,28.0,28.0,100.0,0.0,100.0,0.0,200.0,0.0,100.0,12415.0,100.0,60536726920.0,100.0,127709014545.0
2019-03-24,ZCH06NDJ,ST12000NM0007,12000138625024,0,81.0,119851016.0,92.0,0.0,100.0,7.0,100.0,0.0,89.0,775065636.0,86.0,12600.0,100.0,0.0,100.0,6.0,,,,,100.0,0.0,100.0,0.0,,,72.0,28.0,,,100.0,150.0,100.0,770.0,28.0,28.0,100.0,0.0,100.0,0.0,200.0,0.0,100.0,12431.0,100.0,60575240320.0,100.0,127777420361.0
2019-03-25,ZCH06NDJ,ST12000NM0007,12000138625024,0,80.0,93737992.0,92.0,0.0,100.0,7.0,100.0,0.0,89.0,777991810.0,86.0,12631.0,100.0,0.0,100.0,6.0,,,,,100.0,0.0,100.0,0.0,,,72.0,28.0,,,100.0,150.0,100.0,771.0,28.0,28.0,100.0,0.0,100.0,0.0,200.0,0.0,100.0,12463.0,100.0,60642608928.0,100.0,127928079465.0
2019-03-26,ZCH06NDJ,ST12000NM0007,12000138625024,0,84.0,231208440.0,92.0,0.0,100.0,7.0,100.0,0.0,89.0,779674675.0,86.0,12647.0,100.0,0.0,100.0,6.0,,,,,100.0,0.0,100.0,0.0,,,70.0,30.0,,,100.0,150.0,100.0,772.0,30.0,30.0,100.0,0.0,100.0,0.0,200.0,0.0,100.0,12478.0,100.0,60681317712.0,100.0,128026841129.0
2019-03-27,ZCH06NDJ,ST12000NM0007,12000138625024,0,74.0,22737528.0,92.0,0.0,100.0,7.0,100.0,0.0,89.0,784236541.0,86.0,12679.0,100.0,0.0,100.0,6.0,,,,,100.0,0.0,100.0,0.0,,,72.0,28.0,,,100.0,151.0,100.0,773.0,28.0,28.0,100.0,0.0,100.0,0.0,200.0,0.0,100.0,12510.0,100.0,60784947880.0,100.0,128203021393.0
2019-03-28,ZCH06NDJ,ST12000NM0007,12000138625024,0,81.0,126486760.0,92.0,0.0,100.0,7.0,100.0,0.0,89.0,785676621.0,86.0,12695.0,100.0,0.0,100.0,6.0,,,,,100.0,0.0,100.0,0.0,,,72.0,28.0,,,100.0,152.0,100.0,774.0,28.0,28.0,100.0,0.0,100.0,0.0,200.0,0.0,100.0,12526.0,100.0,60817319984.0,100.0,128274398521.0
2019-03-29,ZCH06NDJ,ST12000NM0007,12000138625024,0,81.0,134743056.0,92.0,0.0,100.0,7.0,100.0,0.0,89.0,790582880.0,86.0,12726.0,100.0,0.0,100.0,6.0,,,,,100.0,0.0,100.0,0.0,,,71.0,29.0,,,100.0,152.0,100.0,775.0,29.0,29.0,100.0,0.0,100.0,0.0,200.0,0.0,100.0,12557.0,100.0,60896719912.0,100.0,128447395761.0
2019-03-30,ZCH06NDJ,ST12000NM0007,12000138625024,0,76.0,35758832.0,92.0,0.0,100.0,7.0,100.0,0.0,89.0,793518890.0,86.0,12742.0,100.0,0.0,100.0,6.0,,,,,100.0,0.0,100.0,0.0,,,72.0,28.0,,,100.0,152.0,100.0,776.0,28.0,28.0,100.0,0.0,100.0,0.0,200.0,0.0,100.0,12573.0,100.0,60948610240.0,100.0,128540661905.0
2019-03-31,ZCH06NDJ,ST12000NM0007,12000138625024,0,79.0,77423624.0,92.0,0.0,100.0,7.0,100.0,0.0,89.0,797139353.0,86.0,12774.0,100.0,0.0,100.0,6.0,,,,,100.0,0.0,100.0,0.0,,,72.0,28.0,,,100.0,153.0,100.0,777.0,28.0,28.0,100.0,0.0,100.0,0.0,200.0,0.0,100.0,12604.0,100.0,61058754144.0,100.0,128716323425.0
2019-04-01,ZCH06NDJ,ST12000NM0007,12000138625024,0,83.0,186719912.0,92.0,0.0,100.0,7.0,100.0,0.0,89.0,798643239.0,86.0,12790.0,100.0,0.0,100.0,6.0,,,,,100.0,0.0,100.0,0.0,,,72.0,28.0,,,100.0,154.0,100.0,778.0,28.0,28.0,100.0,0.0,100.0,0.0,200.0,0.0,100.0,12620.0,100.0,61099507488.0,100.0,128784866369.0
2019-04-02,ZCH06NDJ,ST12000NM0007,12000138625024,0,83.0,220058616.0,92.0,0.0,100.0,7.0,100.0,0.0,89.0,801792460.0,86.0,12822.0,100.0,0.0,100.0,6.0,,,,,100.0,0.0,100.0,0.0,,,73.0,27.0,,,100.0,155.0,100.0,779.0,27.0,27.0,100.0,0.0,100.0,0.0,200.0,0.0,100.0,12652.0,100.0,61172575088.0,100.0,128989278105.0
2019-04-03,ZCH06NDJ,ST12000NM0007,12000138625024,0,81.0,118622088.0,92.0,0.0,100.0,7.0,100.0,0.0,89.0,803523016.0,86.0,12837.0,100.0,0.0,100.0,6.0,,,,,100.0,0.0,100.0,0.0,,,72.0,28.0,,,100.0,155.0,100.0,780.0,28.0,28.0,100.0,0.0,100.0,0.0,200.0,0.0,100.0,12668.0,100.0,61222687600.0,100.0,129081869849.0
2019-04-04,ZCH06NDJ,ST12000NM0007,12000138625024,0,82.0,161539136.0,92.0,0.0,100.0,7.0,100.0,0.0,89.0,807809578.0,86.0,12869.0,100.0,0.0,100.0,6.0,,,,,100.0,0.0,100.0,0.0,,,72.0,28.0,,,100.0,156.0,100.0,781.0,28.0,28.0,100.0,0.0,100.0,0.0,200.0,0.0,100.0,12699.0,100.0,61296942880.0,100.0,129294672585.0
2019-04-05,ZCH06NDJ,ST12000NM0007,12000138625024,0,76.0,39070416.0,92.0,0.0,100.0,7.0,100.0,0.0,89.0,809182591.0,86.0,12885.0,100.0,0.0,100.0,6.0,,,,,100.0,0.0,100.0,0.0,,,73.0,27.0,,,100.0,157.0,100.0,782.0,27.0,27.0,100.0,0.0,100.0,0.0,200.0,0.0,100.0,12715.0,100.0,61325797352.0,100.0,129387490137.0
2019-04-06,ZCH06NDJ,ST12000NM0007,12000138625024,0,79.0,73487816.0,92.0,0.0,100.0,7.0,100.0,0.0,89.0,813413066.0,86.0,12917.0,100.0,0.0,100.0,6.0,,,,,100.0,0.0,100.0,0.0,,,72.0,28.0,,,100.0,158.0,100.0,783.0,28.0,28.0,100.0,0.0,100.0,0.0,200.0,0.0,100.0,12747.0,100.0,61406007808.0,100.0,129585837737.0
2019-04-07,ZCH06NDJ,ST12000NM0007,12000138625024,0,83.0,209723112.0,92.0,0.0,100.0,7.0,100.0,0.0,89.0,815188158.0,86.0,12933.0,100.0,0.0,100.0,6.0,,,,,100.0,0.0,100.0,0.0,,,71.0,29.0,,,100.0,159.0,100.0,784.0,29.0,29.0,100.0,0.0,100.0,0.0,200.0,0.0,100.0,12763.0,100.0,61442326128.0,100.0,129685754713.0
2019-04-08,ZCH06NDJ,ST12000NM0007,12000138625024,0,84.0,236133104.0,92.0,0.0,100.0,7.0,100.0,0.0,89.0,818142199.0,86.0,12965.0,100.0,0.0,100.0,6.0,,,,,100.0,0.0,100.0,0.0,,,73.0,27.0,,,100.0,160.0,100.0,785.0,27.0,27.0,100.0,0.0,100.0,0.0,200.0,0.0,100.0,12794.0,100.0,61517624320.0,100.0,129881007193.0
2019-04-09,ZCH06NDJ,ST12000NM0007,12000138625024,0,82.0,169035672.0,92.0,0.0,100.0,7.0,100.0,0.0,89.0,819951640.0,86.0,12981.0,100.0,0.0,100.0,6.0,,,,,100.0,0.0,100.0,0.0,,,72.0,28.0,,,100.0,161.0,100.0,786.0,28.0,28.0,100.0,0.0,100.0,0.0,200.0,0.0,100.0,12810.0,100.0,61567225968.0,100.0,130008448873.0
2019-04-10,ZCH06NDJ,ST12000NM0007,12000138625024,0,83.0,220108472.0,92.0,0.0,100.0,7.0,100.0,0.0,89.0,823886763.0,86.0,13012.0,100.0,0.0,100.0,6.0,,,,,100.0,0.0,100.0,0.0,,,72.0,28.0,,,100.0,161.0,100.0,787.0,28.0,28.0,100.0,0.0,100.0,0.0,200.0,0.0,100.0,12842.0,100.0,61645242928.0,100.0,130225645345.0
2019-04-11,ZCH06NDJ,ST12000NM0007,12000138625024,0,80.0,107235712.0,92.0,0.0,100.0,7.0,100.0,0.0,89.0,825263942.0,86.0,13028.0,100.0,0.0,100.0,6.0,,,,,100.0,0.0,100.0,0.0,,,73.0,27.0,,,100.0,162.0,100.0,788.0,27.0,27.0,100.0,0.0,100.0,0.0,200.0,0.0,100.0,12858.0,100.0,61664385696.0,100.0,130337770521.0
2019-04-12,ZCH06NDJ,ST12000NM0007,12000138625024,0,81.0,113592336.0,92.0,0.0,100.0,7.0,100.0,0.0,89.0,828039035.0,86.0,13060.0,100.0,0.0,100.0,6.0,,,,,100.0,0.0,100.0,0.0,,,72.0,28.0,,,100.0,163.0,100.0,789.0,28.0,28.0,100.0,0.0,100.0,0.0,200.0,0.0,100.0,12890.0,100.0,61721999776.0,100.0,130530653841.0
2019-04-13,ZCH06NDJ,ST12000NM0007,12000138625024,0,69.0,8007816.0,92.0,0.0,100.0,7.0,100.0,0.0,89.0,830685330.0,86.0,13076.0,100.0,0.0,100.0,6.0,,,,,100.0,0.0,100.0,0.0,,,72.0,28.0,,,100.0,164.0,100.0,790.0,28.0,28.0,100.0,0.0,100.0,0.0,200.0,0.0,100.0,12906.0,100.0,61756406160.0,100.0,130634803609.0
2019-04-14,ZCH06NDJ,ST12000NM0007,12000138625024,0,100.0,1348392.0,92.0,0.0,100.0,7.0,100.0,0.0,89.0,833240494.0,86.0,13108.0,100.0,0.0,100.0,6.0,,,,,100.0,0.0,100.0,0.0,,,74.0,26.0,,,100.0,164.0,100.0,791.0,26.0,26.0,100.0,0.0,100.0,0.0,200.0,0.0,100.0,12937.0,100.0,61808674648.0,100.0,130820016521.0
2019-04-15,ZCH06NDJ,ST12000NM0007,12000138625024,0,81.0,122572960.0,92.0,0.0,100.0,7.0,100.0,0.0,89.0,834565475.0,86.0,13123.0,100.0,0.0,100.0,6.0,,,,,100.0,0.0,100.0,0.0,,,72.0,28.0,,,100.0,165.0,100.0,792.0,28.0,28.0,100.0,0.0,100.0,0.0,200.0,0.0,100.0,12953.0,100.0,61837529048.0,100.0,130912386689.0
2019-04-16,ZCH06NDJ,ST12000NM0007,12000138625024,0,81.0,139786720.0,92.0,0.0,100.0,7.0,100.0,0.0,89.0,837385046.0,85.0,13155.0,100.0,0.0,100.0,6.0,,,,,100.0,0.0,100.0,0.0,,,72.0,28.0,,,100.0,166.0,100.0,793.0,28.0,28.0,100.0,0.0,100.0,0.0,200.0,0.0,100.0,12984.0,100.0,61896775728.0,100.0,131114494497.0
2019-04-17,ZCH06NDJ,ST12000NM0007,12000138625024,0,83.0,222218672.0,92.0,0.0,100.0,7.0,100.0,0.0,89.0,841523340.0,85.0,13187.0,100.0,0.0,100.0,6.0,,,,,100.0,0.0,100.0,0.0,,,72.0,28.0,,,100.0,167.0,100.0,795.0,28.0,28.0,100.0,0.0,100.0,0.0,200.0,0.0,100.0,13016.0,100.0,61961903960.0,100.0,131375939033.0
2019-04-18,ZCH06NDJ,ST12000NM0007,12000138625024,0,82.0,148851616.0,92.0,0.0,100.0,7.0,100.0,0.0,89.0,845073224.0,85.0,13203.0,100.0,0.0,100.0,6.0,,,,,100.0,0.0,100.0,0.0,,,72.0,28.0,,,100.0,167.0,100.0,795.0,28.0,28.0,100.0,0.0,100.0,0.0,200.0,0.0,100.0,13032.0,100.0,61996399392.0,100.0,131512217353.0
2019-04-19,ZCH06NDJ,ST12000NM0007,12000138625024,0,84.0,231764448.0,92.0,0.0,100.0,7.0,100.0,0.0,89.0,848454391.0,85.0,13235.0,100.0,0.0,100.0,6.0,,,,,100.0,0.0,100.0,0.0,,,72.0,28.0,,,100.0,167.0,100.0,797.0,28.0,28.0,100.0,0.0,100.0,0.0,200.0,0.0,100.0,13063.0,100.0,62080696432.0,100.0,131754974201.0
2019-04-20,ZCH06NDJ,ST12000NM0007,12000138625024,0,81.0,127104976.0,92.0,0.0,100.0,7.0,100.0,0.0,89.0,851158461.0,85.0,13250.0,100.0,0.0,100.0,6.0,,,,,100.0,0.0,100.0,0.0,,,72.0,28.0,,,100.0,167.0,100.0,797.0,28.0,28.0,100.0,0.0,100.0,0.0,200.0,0.0,100.0,13079.0,100.0,62113347032.0,100.0,131861804849.0
2019-04-21,ZCH06NDJ,ST12000NM0007,12000138625024,0,81.0,137972656.0,92.0,0.0,100.0,7.0,100.0,0.0,89.0,853547461.0,85.0,13282.0,100.0,0.0,100.0,6.0,,,,,100.0,0.0,100.0,0.0,,,72.0,28.0,,,100.0,168.0,100.0,799.0,28.0,28.0,100.0,0.0,100.0,0.0,200.0,0.0,100.0,13111.0,100.0,62134889936.0,100.0,132095270377.0
2019-04-22,ZCH06NDJ,ST12000NM0007,12000138625024,0,74.0,25593632.0,92.0,0.0,100.0,7.0,100.0,0.0,89.0,854889633.0,85.0,13298.0,100.0,0.0,100.0,6.0,,,,,100.0,0.0,100.0,0.0,,,72.0,28.0,,,100.0,168.0,100.0,799.0,28.0,28.0,100.0,0.0,100.0,0.0,200.0,0.0,100.0,13127.0,100.0,62166592536.0,100.0,132195329385.0
2019-04-23,ZCH06NDJ,ST12000NM0007,12000138625024,0,80.0,97708560.0,92.0,0.0,100.0,7.0,100.0,0.0,89.0,857979678.0,85.0,13330.0,100.0,0.0,100.0,6.0,,,,,100.0,0.0,100.0,0.0,,,72.0,28.0,,,100.0,169.0,100.0,801.0,28.0,28.0,100.0,0.0,100.0,0.0,200.0,0.0,100.0,13159.0,100.0,62243986584.0,100.0,132434191041.0
2019-04-24,ZCH06NDJ,ST12000NM0007,12000138625024,0,75.0,29791992.0,92.0,0.0,100.0,7.0,100.0,0.0,89.0,860041452.0,85.0,13346.0,100.0,0.0,100.0,6.0,,,,,100.0,0.0,100.0,0.0,,,73.0,27.0,,,100.0,169.0,100.0,801.0,27.0,27.0,100.0,0.0,100.0,0.0,200.0,0.0,100.0,13175.0,100.0,62282079672.0,100.0,132572322017.0
2019-04-25,ZCH06NDJ,ST12000NM0007,12000138625024,0,82.0,175587008.0,92.0,0.0,100.0,7.0,100.0,0.0,89.0,862217619.0,85.0,13361.0,100.0,0.0,100.0,6.0,,,,,100.0,0.0,100.0,0.0,,,72.0,28.0,,,100.0,169.0,100.0,803.0,28.0,28.0,100.0,0.0,100.0,0.0,200.0,0.0,100.0,13190.0,100.0,62311311760.0,100.0,132688884945.0
2019-04-26,ZCH06NDJ,ST12000NM0007,12000138625024,0,84.0,226299888.0,92.0,0.0,100.0,7.0,100.0,0.0,89.0,865039106.0,85.0,13393.0,100.0,0.0,100.0,6.0,,,,,100.0,0.0,100.0,0.0,,,74.0,26.0,,,100.0,170.0,100.0,804.0,26.0,26.0,100.0,0.0,100.0,0.0,200.0,0.0,100.0,13222.0,100.0,62381402104.0,100.0,132913649417.0
2019-04-27,ZCH06NDJ,ST12000NM0007,12000138625024,0,81.0,122625376.0,92.0,0.0,100.0,7.0,100.0,0.0,89.0,867719005.0,85.0,13409.0,100.0,0.0,100.0,6.0,,,,,100.0,0.0,100.0,0.0,,,72.0,28.0,,,100.0,170.0,100.0,805.0,28.0,28.0,100.0,0.0,100.0,0.0,200.0,0.0,100.0,13237.0,100.0,62417345592.0,100.0,133018172049.0
2019-04-28,ZCH06NDJ,ST12000NM0007,12000138625024,0,83.0,192554136.0,92.0,0.0,100.0,7.0,100.0,0.0,89.0,871099748.0,85.0,13441.0,100.0,0.0,100.0,6.0,,,,,100.0,0.0,100.0,0.0,,,72.0,28.0,,,100.0,170.0,100.0,806.0,28.0,28.0,100.0,0.0,100.0,0.0,200.0,0.0,100.0,13269.0,100.0,62480331592.0,100.0,133269255465.0
2019-04-29,ZCH06NDJ,ST12000NM0007,12000138625024,0,80.0,109036056.0,92.0,0.0,100.0,7.0,100.0,0.0,89.0,872803007.0,85.0,13456.0,100.0,0.0,100.0,6.0,,,,,100.0,0.0,100.0,0.0,,,72.0,28.0,,,100.0,170.0,100.0,807.0,28.0,28.0,100.0,0.0,100.0,0.0,200.0,0.0,100.0,13284.0,100.0,62514247128.0,100.0,133395962489.0
2019-04-30,ZCH06NDJ,ST12000NM0007,12000138625024,0,83.0,180045536.0,92.0,0.0,100.0,7.0,100.0,0.0,89.0,875984553.0,85.0,13488.0,100.0,0.0,100.0,6.0,,,,,100.0,0.0,100.0,0.0,,,72.0,28.0,,,100.0,171.0,100.0,808.0,28.0,28.0,100.0,0.0,100.0,0.0,200.0,0.0,100.0,13316.0,100.0,62605529064.0,100.0,133619830769.0
2019-05-01,ZCH06NDJ,ST12000NM0007,12000138625024,0,70.0,10723352.0,92.0,0.0,100.0,7.0,100.0,0.0,89.0,880042259.0,85.0,13520.0,100.0,0.0,100.0,6.0,,,,,100.0,0.0,100.0,0.0,,,72.0,28.0,,,100.0,171.0,100.0,809.0,28.0,28.0,100.0,0.0,100.0,0.0,200.0,0.0,100.0,13348.0,100.0,62669729184.0,100.0,133874589849.0
2019-05-02,ZCH06NDJ,ST12000NM0007,12000138625024,0,81.0,134886768.0,92.0,0.0,100.0,7.0,100.0,0.0,89.0,881256868.0,85.0,13536.0,100.0,0.0,100.0,6.0,,,,,100.0,0.0,100.0,0.0,,,73.0,27.0,,,100.0,172.0,100.0,810.0,27.0,27.0,100.0,0.0,100.0,0.0,200.0,0.0,100.0,13364.0,100.0,62698975344.0,100.0,133969507105.0
2019-05-03,ZCH06NDJ,ST12000NM0007,12000138625024,0,82.0,173488400.0,92.0,0.0,100.0,7.0,100.0,0.0,89.0,883947399.0,85.0,13568.0,100.0,0.0,100.0,6.0,,,,,100.0,0.0,100.0,0.0,,,73.0,27.0,,,100.0,172.0,100.0,811.0,27.0,27.0,100.0,0.0,100.0,0.0,200.0,0.0,100.0,13395.0,100.0,62768516904.0,100.0,134182708145.0
2019-05-04,ZCH06NDJ,ST12000NM0007,12000138625024,0,78.0,60303424.0,92.0,0.0,100.0,7.0,100.0,0.0,89.0,886463461.0,85.0,13584.0,100.0,0.0,100.0,6.0,,,,,100.0,0.0,100.0,0.0,,,73.0,27.0,,,100.0,172.0,100.0,812.0,27.0,27.0,100.0,0.0,100.0,0.0,200.0,0.0,100.0,13411.0,100.0,62801038192.0,100.0,134281142705.0
2019-05-05,ZCH06NDJ,ST12000NM0007,12000138625024,0,82.0,159259360.0,92.0,0.0,100.0,7.0,100.0,0.0,89.0,889497610.0,85.0,13615.0,100.0,0.0,100.0,6.0,,,,,100.0,0.0,100.0,0.0,,,73.0,27.0,,,100.0,173.0,100.0,813.0,27.0,27.0,100.0,0.0,100.0,0.0,200.0,0.0,100.0,13443.0,100.0,62893187816.0,100.0,134532089737.0
2019-05-06,ZCH06NDJ,ST12000NM0007,12000138625024,0,78.0,64142960.0,92.0,0.0,100.0,7.0,100.0,0.0,89.0,890954265.0,85.0,13631.0,100.0,0.0,100.0,6.0,,,,,100.0,0.0,100.0,0.0,,,72.0,28.0,,,100.0,173.0,100.0,814.0,28.0,28.0,100.0,0.0,100.0,0.0,200.0,0.0,100.0,13459.0,100.0,62929874656.0,100.0,134644427233.0
2019-05-07,ZCH06NDJ,ST12000NM0007,12000138625024,0,82.0,142582888.0,92.0,0.0,100.0,7.0,100.0,0.0,90.0,893949397.0,85.0,13663.0,100.0,0.0,100.0,6.0,,,,,100.0,0.0,100.0,0.0,,,72.0,28.0,,,100.0,173.0,100.0,815.0,28.0,28.0,100.0,0.0,100.0,0.0,200.0,0.0,100.0,13490.0,100.0,63007467864.0,100.0,134889414665.0
2019-05-08,ZCH06NDJ,ST12000NM0007,12000138625024,0,77.0,51925576.0,92.0,0.0,100.0,7.0,100.0,0.0,90.0,895403161.0,85.0,13679.0,100.0,0.0,100.0,6.0,,,,,100.0,0.0,100.0,0.0,,,72.0,28.0,,,100.0,174.0,100.0,816.0,28.0,28.0,100.0,0.0,100.0,0.0,200.0,0.0,100.0,13506.0,100.0,63047406912.0,100.0,135002959169.0
2019-05-09,ZCH06NDJ,ST12000NM0007,12000138625024,0,82.0,159144592.0,92.0,0.0,100.0,7.0,100.0,0.0,90.0,899669459.0,85.0,13711.0,100.0,0.0,100.0,6.0,,,,,100.0,0.0,100.0,0.0,,,73.0,27.0,,,100.0,174.0,100.0,817.0,27.0,27.0,100.0,0.0,100.0,0.0,200.0,0.0,100.0,13538.0,100.0,63131424480.0,100.0,135270301473.0
2019-05-10,ZCH06NDJ,ST12000NM0007,12000138625024,0,79.0,81058688.0,92.0,0.0,100.0,7.0,100.0,0.0,90.0,903004990.0,85.0,13726.0,100.0,0.0,100.0,6.0,,,,,100.0,0.0,100.0,0.0,,,71.0,29.0,,,100.0,175.0,100.0,818.0,29.0,29.0,100.0,0.0,100.0,0.0,200.0,0.0,100.0,13554.0,100.0,63170855712.0,100.0,135396925081.0
2019-05-11,ZCH06NDJ,ST12000NM0007,12000138625024,0,81.0,125570400.0,92.0,0.0,100.0,7.0,100.0,0.0,90.0,907793280.0,85.0,13758.0,100.0,0.0,100.0,6.0,,,,,100.0,0.0,100.0,0.0,,,73.0,27.0,,,100.0,175.0,100.0,819.0,27.0,27.0,100.0,0.0,100.0,0.0,200.0,0.0,100.0,13585.0,100.0,63251427928.0,100.0,135605005209.0
2019-05-12,ZCH06NDJ,ST12000NM0007,12000138625024,0,75.0,31840472.0,92.0,0.0,100.0,7.0,100.0,0.0,90.0,909525741.0,85.0,13774.0,100.0,0.0,100.0,6.0,,,,,100.0,0.0,100.0,0.0,,,73.0,27.0,,,100.0,175.0,100.0,820.0,27.0,27.0,100.0,0.0,100.0,0.0,200.0,0.0,100.0,13601.0,100.0,63299394424.0,100.0,135707449617.0
2019-05-13,ZCH06NDJ,ST12000NM0007,12000138625024,0,80.0,101103152.0,92.0,0.0,100.0,7.0,100.0,0.0,90.0,913078525.0,85.0,13806.0,100.0,0.0,100.0,6.0,,,,,100.0,0.0,100.0,0.0,,,73.0,27.0,,,100.0,176.0,100.0,821.0,27.0,27.0,100.0,0.0,100.0,0.0,200.0,0.0,100.0,13633.0,100.0,63389011120.0,100.0,135931236433.0
2019-05-14,ZCH06NDJ,ST12000NM0007,12000138625024,0,74.0,24269352.0,92.0,0.0,100.0,7.0,100.0,0.0,90.0,914882874.0,85.0,13822.0,100.0,0.0,100.0,6.0,,,,,100.0,0.0,100.0,0.0,,,72.0,28.0,,,100.0,176.0,100.0,822.0,28.0,28.0,100.0,0.0,100.0,0.0,200.0,0.0,100.0,13648.0,100.0,63427539808.0,100.0,136060014657.0
2019-05-15,ZCH06NDJ,ST12000NM0007,12000138625024,0,81.0,113715848.0,92.0,0.0,100.0,7.0,100.0,0.0,90.0,919213893.0,85.0,13854.0,100.0,0.0,100.0,6.0,,,,,100.0,0.0,100.0,0.0,,,72.0,28.0,,,100.0,177.0,100.0,823.0,28.0,28.0,100.0,0.0,100.0,0.0,200.0,0.0,100.0,13680.0,100.0,63510123720.0,100.0,136311018065.0
2019-05-16,ZCH06NDJ,ST12000NM0007,12000138625024,0,74.0,23317528.0,92.0,0.0,100.0,7.0,100.0,0.0,90.0,921030447.0,85.0,13870.0,100.0,0.0,100.0,6.0,,,,,100.0,0.0,100.0,0.0,,,72.0,28.0,,,100.0,178.0,100.0,824.0,28.0,28.0,100.0,0.0,100.0,0.0,200.0,0.0,100.0,13696.0,100.0,63548651648.0,100.0,136426232689.0
2019-05-17,ZCH06NDJ,ST12000NM0007,12000138625024,0,79.0,76710832.0,92.0,0.0,100.0,7.0,100.0,0.0,90.0,924422491.0,85.0,13901.0,100.0,0.0,100.0,6.0,,,,,100.0,0.0,100.0,0.0,,,72.0,28.0,,,100.0,178.0,100.0,825.0,28.0,28.0,100.0,0.0,100.0,0.0,200.0,0.0,100.0,13728.0,100.0,63621067136.0,100.0,136651351201.0
2019-05-18,ZCH06NDJ,ST12000NM0007,12000138625024,0,84.0,240667688.0,92.0,0.0,100.0,7.0,100.0,0.0,90.0,927391396.0,85.0,13917.0,100.0,0.0,100.0,6.0,,,,,100.0,0.0,100.0,0.0,,,71.0,29.0,,,100.0,179.0,100.0,826.0,29.0,29.0,100.0,0.0,100.0,0.0,200.0,0.0,100.0,13743.0,100.0,63668253624.0,100.0,136768121569.0
2019-05-19,ZCH06NDJ,ST12000NM0007,12000138625024,0,76.0,44451440.0,92.0,0.0,100.0,7.0,100.0,0.0,90.0,930935425.0,85.0,13949.0,100.0,0.0,100.0,6.0,,,,,100.0,0.0,100.0,0.0,,,72.0,28.0,,,100.0,179.0,100.0,827.0,28.0,28.0,100.0,0.0,100.0,0.0,200.0,0.0,100.0,13775.0,100.0,63747349760.0,100.0,136981090649.0
2019-05-20,ZCH06NDJ,ST12000NM0007,12000138625024,0,83.0,213579496.0,92.0,0.0,100.0,7.0,100.0,0.0,90.0,932720037.0,85.0,13965.0,100.0,0.0,100.0,6.0,,,,,100.0,0.0,100.0,0.0,,,72.0,28.0,,,100.0,179.0,100.0,828.0,28.0,28.0,100.0,0.0,100.0,0.0,200.0,0.0,100.0,13791.0,100.0,63798594984.0,100.0,137098973481.0
2019-05-21,ZCH06NDJ,ST12000NM0007,12000138625024,0,77.0,54630688.0,92.0,0.0,100.0,7.0,100.0,0.0,90.0,936646362.0,85.0,13997.0,100.0,0.0,100.0,6.0,,,,,100.0,0.0,100.0,0.0,,,72.0,28.0,,,100.0,179.0,100.0,829.0,28.0,28.0,100.0,0.0,100.0,0.0,200.0,0.0,100.0,13823.0,100.0,63872621728.0,100.0,137354279361.0
2019-05-22,ZCH06NDJ,ST12000NM0007,12000138625024,0,82.0,159215080.0,92.0,0.0,100.0,7.0,100.0,0.0,90.0,941701446.0,84.0,14029.0,100.0,0.0,100.0,6.0,,,,,100.0,0.0,100.0,0.0,,,71.0,29.0,,,100.0,179.0,100.0,831.0,29.0,29.0,100.0,0.0,100.0,0.0,200.0,0.0,100.0,13854.0,100.0,63951416552.0,100.0,137624209601.0
2019-05-23,ZCH06NDJ,ST12000NM0007,12000138625024,0,76.0,39819992.0,92.0,0.0,100.0,7.0,100.0,0.0,90.0,943307519.0,84.0,14045.0,100.0,0.0,100.0,6.0,,,,,100.0,0.0,100.0,0.0,,,72.0,28.0,,,100.0,179.0,100.0,831.0,28.0,28.0,100.0,0.0,100.0,0.0,200.0,0.0,100.0,13870.0,100.0,63983254888.0,100.0,137717116865.0
2019-05-24,ZCH06NDJ,ST12000NM0007,12000138625024,0,79.0,72175688.0,92.0,0.0,100.0,7.0,100.0,0.0,90.0,946752532.0,84.0,14076.0,100.0,0.0,100.0,6.0,,,,,100.0,0.0,100.0,0.0,,,72.0,28.0,,,100.0,180.0,100.0,833.0,28.0,28.0,100.0,0.0,100.0,0.0,200.0,0.0,100.0,13902.0,100.0,64056372080.0,100.0,137920496073.0
2019-05-25,ZCH06NDJ,ST12000NM0007,12000138625024,0,83.0,201326864.0,92.0,0.0,100.0,7.0,100.0,0.0,90.0,949611878.0,84.0,14092.0,100.0,0.0,100.0,6.0,,,,,100.0,0.0,100.0,0.0,,,73.0,27.0,,,100.0,180.0,100.0,833.0,27.0,27.0,100.0,0.0,100.0,0.0,200.0,0.0,100.0,13918.0,100.0,64098174624.0,100.0,138007844705.0
2019-05-26,ZCH06NDJ,ST12000NM0007,12000138625024,0,83.0,200603112.0,92.0,0.0,100.0,7.0,100.0,0.0,90.0,952899217.0,84.0,14124.0,100.0,0.0,100.0,6.0,,,,,100.0,0.0,100.0,0.0,,,72.0,28.0,,,100.0,181.0,100.0,835.0,28.0,28.0,100.0,0.0,100.0,0.0,200.0,0.0,100.0,13949.0,100.0,64177762496.0,100.0,138171673857.0
2019-05-27,ZCH06NDJ,ST12000NM0007,12000138625024,0,79.0,86689544.0,92.0,0.0,100.0,7.0,100.0,0.0,90.0,954479815.0,84.0,14140.0,100.0,0.0,100.0,6.0,,,,,100.0,0.0,100.0,0.0,,,72.0,28.0,,,100.0,181.0,100.0,835.0,28.0,28.0,100.0,0.0,100.0,0.0,200.0,0.0,100.0,13965.0,100.0,64214152944.0,100.0,138265510617.0
2019-05-28,ZCH06NDJ,ST12000NM0007,12000138625024,0,68.0,6132256.0,92.0,0.0,100.0,7.0,100.0,0.0,90.0,956981950.0,84.0,14172.0,100.0,0.0,100.0,6.0,,,,,100.0,0.0,100.0,0.0,,,73.0,27.0,,,100.0,183.0,100.0,837.0,27.0,27.0,100.0,0.0,100.0,0.0,200.0,0.0,100.0,13997.0,100.0,64272884096.0,100.0,138370362809.0
2019-05-29,ZCH06NDJ,ST12000NM0007,12000138625024,0,82.0,147618520.0,92.0,0.0,100.0,7.0,100.0,0.0,90.0,959446289.0,84.0,14188.0,100.0,0.0,100.0,6.0,,,,,100.0,0.0,100.0,0.0,,,73.0,27.0,,,100.0,183.0,100.0,837.0,27.0,27.0,100.0,0.0,100.0,0.0,200.0,0.0,100.0,14013.0,100.0,64308234600.0,100.0,138476498569.0
2019-05-30,ZCH06NDJ,ST12000NM0007,12000138625024,0,76.0,41139352.0,92.0,0.0,100.0,7.0,100.0,0.0,90.0,961340325.0,84.0,14204.0,100.0,0.0,100.0,6.0,,,,,100.0,0.0,100.0,0.0,,,73.0,27.0,,,100.0,184.0,100.0,838.0,27.0,27.0,100.0,0.0,100.0,0.0,200.0,0.0,100.0,14029.0,100.0,64347264192.0,100.0,138575130569.0
2019-05-31,ZCH06NDJ,ST12000NM0007,12000138625024,0,78.0,64070656.0,92.0,0.0,100.0,7.0,100.0,0.0,90.0,964691356.0,84.0,14236.0,100.0,0.0,100.0,6.0,,,,,100.0,0.0,100.0,0.0,,,74.0,26.0,,,100.0,185.0,100.0,839.0,26.0,26.0,100.0,0.0,100.0,0.0,200.0,0.0,100.0,14060.0,100.0,64439644392.0,100.0,138749822465.0
2019-06-01,ZCH06NDJ,ST12000NM0007,12000138625024,0,83.0,219719184.0,92.0,0.0,100.0,7.0,100.0,0.0,90.0,969304896.0,84.0,14251.0,100.0,0.0,100.0,6.0,,,,,100.0,0.0,100.0,0.0,,,73.0,27.0,,,100.0,185.0,100.0,840.0,27.0,27.0,100.0,0.0,100.0,0.0,200.0,0.0,100.0,14076.0,100.0,64484651584.0,100.0,138860463801.0
2019-06-02,ZCH06NDJ,ST12000NM0007,12000138625024,0,83.0,179036264.0,92.0,0.0,100.0,7.0,100.0,0.0,90.0,973006632.0,84.0,14283.0,100.0,0.0,100.0,6.0,,,,,100.0,0.0,100.0,0.0,,,74.0,26.0,,,100.0,185.0,100.0,841.0,26.0,26.0,100.0,0.0,100.0,0.0,200.0,0.0,100.0,14108.0,100.0,64556924696.0,100.0,138991648409.0
2019-06-03,ZCH06NDJ,ST12000NM0007,12000138625024,0,80.0,100137160.0,92.0,0.0,100.0,7.0,100.0,0.0,90.0,975235407.0,84.0,14299.0,100.0,0.0,100.0,6.0,,,,,100.0,0.0,100.0,0.0,,,73.0,27.0,,,100.0,185.0,100.0,842.0,27.0,27.0,100.0,0.0,100.0,0.0,200.0,0.0,100.0,14123.0,100.0,64651590320.0,100.0,139062224417.0
2019-06-04,ZCH06NDJ,ST12000NM0007,12000138625024,0,81.0,125814384.0,92.0,0.0,100.0,7.0,100.0,0.0,90.0,979392092.0,84.0,14331.0,100.0,0.0,100.0,6.0,,,,,100.0,0.0,100.0,0.0,,,74.0,26.0,,,100.0,185.0,100.0,843.0,26.0,26.0,100.0,0.0,100.0,0.0,200.0,0.0,100.0,14155.0,100.0,64768361888.0,100.0,139215270801.0
2019-06-05,ZCH06NDJ,ST12000NM0007,12000138625024,0,70.0,9511624.0,92.0,0.0,100.0,7.0,100.0,0.0,90.0,981286761.0,84.0,14347.0,100.0,0.0,100.0,6.0,,,,,100.0,0.0,100.0,0.0,,,73.0,27.0,,,100.0,185.0,100.0,844.0,27.0,27.0,100.0,0.0,100.0,0.0,200.0,0.0,100.0,14171.0,100.0,64829861424.0,100.0,139281609137.0
2019-06-06,ZCH06NDJ,ST12000NM0007,12000138625024,0,79.0,81418168.0,92.0,0.0,100.0,7.0,100.0,0.0,90.0,986190150.0,84.0,14378.0,100.0,0.0,100.0,6.0,,,,,100.0,0.0,100.0,0.0,,,74.0,26.0,,,100.0,185.0,100.0,845.0,26.0,26.0,100.0,0.0,100.0,0.0,200.0,0.0,100.0,14203.0,100.0,64919877720.0,100.0,139507640185.0
2019-06-07,ZCH06NDJ,ST12000NM0007,12000138625024,0,82.0,166763736.0,92.0,0.0,100.0,7.0,100.0,0.0,90.0,987588867.0,84.0,14394.0,100.0,0.0,100.0,6.0,,,,,100.0,0.0,100.0,0.0,,,74.0,26.0,,,100.0,186.0,100.0,846.0,26.0,26.0,100.0,0.0,100.0,0.0,200.0,0.0,100.0,14219.0,100.0,64958837776.0,100.0,139554025697.0
2019-06-08,ZCH06NDJ,ST12000NM0007,12000138625024,0,83.0,181406008.0,92.0,0.0,100.0,7.0,100.0,0.0,90.0,992215433.0,84.0,14426.0,100.0,0.0,100.0,6.0,,,,,100.0,0.0,100.0,0.0,,,74.0,26.0,,,100.0,186.0,100.0,847.0,26.0,26.0,100.0,0.0,100.0,0.0,200.0,0.0,100.0,14250.0,100.0,65037940520.0,100.0,139733706025.0
2019-06-09,ZCH06NDJ,ST12000NM0007,12000138625024,0,79.0,72270560.0,92.0,0.0,100.0,7.0,100.0,0.0,90.0,994013605.0,84.0,14442.0,100.0,0.0,100.0,6.0,,,,,100.0,0.0,100.0,0.0,,,74.0,26.0,,,100.0,186.0,100.0,848.0,26.0,26.0,100.0,0.0,100.0,0.0,200.0,0.0,100.0,14266.0,100.0,65080350512.0,100.0,139826301233.0
2019-06-10,ZCH06NDJ,ST12000NM0007,12000138625024,0,80.0,101328296.0,92.0,0.0,100.0,7.0,100.0,0.0,90.0,997440495.0,84.0,14474.0,100.0,0.0,100.0,6.0,,,,,100.0,0.0,100.0,0.0,,,74.0,26.0,,,100.0,187.0,100.0,849.0,26.0,26.0,100.0,0.0,100.0,0.0,200.0,0.0,100.0,14297.0,100.0,65157013528.0,100.0,140022836697.0
2019-06-11,ZCH06NDJ,ST12000NM0007,12000138625024,0,100.0,2096808.0,92.0,0.0,100.0,7.0,100.0,0.0,90.0,999201444.0,84.0,14490.0,100.0,0.0,100.0,6.0,,,,,100.0,0.0,100.0,0.0,,,74.0,26.0,,,100.0,187.0,100.0,850.0,26.0,26.0,100.0,0.0,100.0,0.0,200.0,0.0,100.0,14313.0,100.0,65197864776.0,100.0,140126894665.0
2019-06-12,ZCH06NDJ,ST12000NM0007,12000138625024,0,78.0,70528280.0,92.0,0.0,100.0,7.0,100.0,0.0,66.0,3553032.0,84.0,14522.0,100.0,0.0,100.0,6.0,,,,,100.0,0.0,100.0,0.0,,,74.0,26.0,,,100.0,187.0,100.0,851.0,26.0,26.0,100.0,0.0,100.0,0.0,200.0,0.0,100.0,14345.0,100.0,65297693552.0,100.0,140339637993.0
2019-06-13,ZCH06NDJ,ST12000NM0007,12000138625024,0,84.0,226584648.0,92.0,0.0,100.0,7.0,100.0,0.0,68.0,6317778.0,84.0,14538.0,100.0,0.0,100.0,6.0,,,,,100.0,0.0,100.0,0.0,,,74.0,26.0,,,100.0,187.0,100.0,852.0,26.0,26.0,100.0,0.0,100.0,0.0,200.0,0.0,100.0,14361.0,100.0,65335066568.0,100.0,140458321345.0
2019-06-14,ZCH06NDJ,ST12000NM0007,12000138625024,0,73.0,20937168.0,92.0,0.0,100.0,7.0,100.0,0.0,70.0,9995825.0,84.0,14569.0,100.0,0.0,100.0,6.0,,,,,100.0,0.0,100.0,0.0,,,75.0,25.0,,,100.0,187.0,100.0,853.0,25.0,25.0,100.0,0.0,100.0,0.0,200.0,0.0,100.0,14392.0,100.0,65422904888.0,100.0,140653116993.0
2019-06-15,ZCH06NDJ,ST12000NM0007,12000138625024,0,82.0,146862384.0,92.0,0.0,100.0,7.0,100.0,0.0,71.0,12910325.0,84.0,14585.0,100.0,0.0,100.0,6.0,,,,,100.0,0.0,100.0,0.0,,,74.0,26.0,,,100.0,187.0,100.0,854.0,26.0,26.0,100.0,0.0,100.0,0.0,200.0,0.0,100.0,14408.0,100.0,65466124160.0,100.0,140735822937.0
2019-06-16,ZCH06NDJ,ST12000NM0007,12000138625024,0,82.0,176952896.0,92.0,0.0,100.0,7.0,100.0,0.0,72.0,16724956.0,84.0,14617.0,100.0,0.0,100.0,6.0,,,,,100.0,0.0,100.0,0.0,,,74.0,26.0,,,100.0,188.0,100.0,855.0,26.0,26.0,100.0,0.0,100.0,0.0,200.0,0.0,100.0,14440.0,100.0,65542767960.0,100.0,140933410377.0
2019-06-17,ZCH06NDJ,ST12000NM0007,12000138625024,0,79.0,76053208.0,92.0,0.0,100.0,7.0,100.0,0.0,73.0,18545288.0,84.0,14632.0,100.0,0.0,100.0,6.0,,,,,100.0,0.0,100.0,0.0,,,74.0,26.0,,,100.0,189.0,100.0,856.0,26.0,26.0,100.0,0.0,100.0,0.0,200.0,0.0,100.0,14456.0,100.0,65583507144.0,100.0,141035912321.0
2019-06-18,ZCH06NDJ,ST12000NM0007,12000138625024,0,83.0,205174200.0,92.0,0.0,100.0,7.0,100.0,0.0,74.0,23050799.0,84.0,14664.0,100.0,0.0,100.0,6.0,,,,,100.0,0.0,100.0,0.0,,,74.0,26.0,,,100.0,189.0,100.0,857.0,26.0,26.0,100.0,0.0,100.0,0.0,200.0,0.0,100.0,14487.0,100.0,65661027208.0,100.0,141331653905.0
2019-06-19,ZCH06NDJ,ST12000NM0007,12000138625024,0,75.0,31353848.0,92.0,0.0,100.0,7.0,100.0,0.0,74.0,28075167.0,84.0,14696.0,100.0,0.0,100.0,6.0,,,,,100.0,0.0,100.0,0.0,,,74.0,26.0,,,100.0,189.0,100.0,859.0,26.0,26.0,100.0,0.0,100.0,0.0,200.0,0.0,100.0,14519.0,100.0,65743393864.0,100.0,141563748377.0
2019-06-20,ZCH06NDJ,ST12000NM0007,12000138625024,0,83.0,188227832.0,92.0,0.0,100.0,7.0,100.0,0.0,75.0,29945128.0,84.0,14712.0,100.0,0.0,100.0,6.0,,,,,100.0,0.0,100.0,0.0,,,74.0,26.0,,,100.0,189.0,100.0,859.0,26.0,26.0,100.0,0.0,100.0,0.0,200.0,0.0,100.0,14534.0,100.0,65777815368.0,100.0,141686200857.0
2019-06-21,ZCH06NDJ,ST12000NM0007,12000138625024,0,77.0,55422240.0,92.0,0.0,100.0,7.0,100.0,0.0,76.0,35893882.0,84.0,14743.0,100.0,0.0,100.0,6.0,,,,,100.0,0.0,100.0,0.0,,,74.0,26.0,,,100.0,190.0,100.0,860.0,26.0,26.0,100.0,0.0,100.0,0.0,200.0,0.0,100.0,14566.0,100.0,65868835344.0,100.0,141950656929.0
2019-06-22,ZCH06NDJ,ST12000NM0007,12000138625024,0,83.0,190698760.0,92.0,0.0,100.0,7.0,100.0,0.0,76.0,38853938.0,84.0,14759.0,100.0,0.0,100.0,6.0,,,,,100.0,0.0,100.0,0.0,,,75.0,25.0,,,100.0,191.0,100.0,861.0,25.0,25.0,100.0,0.0,100.0,0.0,200.0,0.0,100.0,14582.0,100.0,65913151400.0,100.0,142041617393.0
2019-06-23,ZCH06NDJ,ST12000NM0007,12000138625024,0,100.0,394160.0,92.0,0.0,100.0,7.0,100.0,0.0,76.0,43514925.0,84.0,14791.0,100.0,0.0,100.0,6.0,,,,,100.0,0.0,100.0,0.0,,,74.0,26.0,,,100.0,192.0,100.0,862.0,26.0,26.0,100.0,0.0,100.0,0.0,200.0,0.0,100.0,14614.0,100.0,66005505864.0,100.0,142247239833.0
2019-06-24,ZCH06NDJ,ST12000NM0007,12000138625024,0,81.0,137395720.0,92.0,0.0,100.0,7.0,100.0,0.0,77.0,46385931.0,84.0,14807.0,100.0,0.0,100.0,6.0,,,,,100.0,0.0,100.0,0.0,,,74.0,26.0,,,100.0,192.0,100.0,863.0,26.0,26.0,100.0,0.0,100.0,0.0,200.0,0.0,100.0,14629.0,100.0,66035259656.0,100.0,142354487601.0
2019-06-25,ZCH06NDJ,ST12000NM0007,12000138625024,0,83.0,217783576.0,92.0,0.0,100.0,7.0,100.0,0.0,77.0,51135375.0,84.0,14839.0,100.0,0.0,100.0,6.0,,,,,100.0,0.0,100.0,0.0,,,74.0,26.0,,,100.0,192.0,100.0,864.0,26.0,26.0,100.0,0.0,100.0,0.0,200.0,0.0,100.0,14661.0,100.0,66127891240.0,100.0,142586384577.0
2019-06-26,ZCH06NDJ,ST12000NM0007,12000138625024,0,78.0,69836296.0,92.0,0.0,100.0,7.0,100.0,0.0,77.0,52631946.0,84.0,14855.0,100.0,0.0,100.0,6.0,,,,,100.0,0.0,100.0,0.0,,,74.0,26.0,,,100.0,193.0,100.0,865.0,26.0,26.0,100.0,0.0,100.0,0.0,200.0,0.0,100.0,14677.0,100.0,66160099296.0,100.0,142650369873.0
2019-06-27,ZCH06NDJ,ST12000NM0007,12000138625024,0,76.0,42374992.0,92.0,0.0,100.0,7.0,100.0,0.0,77.0,55984200.0,84.0,14871.0,100.0,0.0,100.0,6.0,,,,,100.0,0.0,100.0,0.0,,,73.0,27.0,,,100.0,193.0,100.0,866.0,27.0,27.0,100.0,0.0,100.0,0.0,200.0,0.0,100.0,14693.0,100.0,66201159568.0,100.0,142825988993.0
2019-06-28,ZCH06NDJ,ST12000NM0007,12000138625024,0,83.0,191305520.0,92.0,0.0,100.0,7.0,100.0,0.0,78.0,59918778.0,83.0,14902.0,100.0,0.0,100.0,6.0,,,,,100.0,0.0,100.0,0.0,,,74.0,26.0,,,100.0,194.0,100.0,867.0,26.0,26.0,100.0,0.0,100.0,0.0,200.0,0.0,100.0,14724.0,100.0,66292003512.0,100.0,143128216297.0
2019-06-29,ZCH06NDJ,ST12000NM0007,12000138625024,0,78.0,65536968.0,92.0,0.0,100.0,7.0,100.0,0.0,78.0,65173627.0,83.0,14934.0,100.0,0.0,100.0,6.0,,,,,100.0,0.0,100.0,0.0,,,74.0,26.0,,,100.0,194.0,100.0,868.0,26.0,26.0,100.0,0.0,100.0,0.0,200.0,0.0,100.0,14756.0,100.0,66376169200.0,100.0,143406563617.0
2019-06-30,ZCH06NDJ,ST12000NM0007,12000138625024,0,76.0,36419464.0,92.0,0.0,100.0,7.0,100.0,0.0,78.0,67415672.0,83.0,14950.0,100.0,0.0,100.0,6.0,,,,,100.0,0.0,100.0,0.0,,,74.0,26.0,,,100.0,195.0,100.0,869.0,26.0,26.0,100.0,0.0,100.0,0.0,200.0,0.0,100.0,14771.0,100.0,66417461896.0,100.0,143580294097.0
2019-07-01,ZCH06NDJ,ST12000NM0007,12000138625024,0,82.0,174507536.0,92.0,0.0,100.0,7.0,100.0,0.0,79.0,71610536.0,83.0,14981.0,100.0,0.0,100.0,6.0,,,,,100.0,0.0,100.0,0.0,,,74.0,26.0,,,100.0,195.0,100.0,870.0,26.0,26.0,100.0,0.0,100.0,0.0,200.0,0.0,100.0,14803.0,100.0,66510489664.0,100.0,143869495041.0
2019-07-02,ZCH06NDJ,ST12000NM0007,12000138625024,0,82.0,153796952.0,92.0,0.0,100.0,7.0,100.0,0.0,79.0,73945742.0,83.0,14997.0,100.0,0.0,100.0,6.0,,,,,100.0,0.0,100.0,0.0,,,74.0,26.0,,,100.0,195.0,100.0,871.0,26.0,26.0,100.0,0.0,100.0,0.0,200.0,0.0,100.0,14819.0,100.0,66567889240.0,100.0,144035525537.0
2019-07-03,ZCH06NDJ,ST12000NM0007,12000138625024,0,79.0,88564864.0,92.0,0.0,100.0,7.0,100.0,0.0,79.0,78792342.0,83.0,15029.0,100.0,0.0,100.0,6.0,,,,,100.0,0.0,100.0,0.0,,,73.0,27.0,,,100.0,195.0,100.0,872.0,27.0,27.0,100.0,0.0,100.0,0.0,200.0,0.0,100.0,14850.0,100.0,66659119792.0,100.0,144367344329.0
2019-07-04,ZCH06NDJ,ST12000NM0007,12000138625024,0,76.0,38002784.0,92.0,0.0,100.0,7.0,100.0,0.0,79.0,82013252.0,83.0,15045.0,100.0,0.0,100.0,6.0,,,,,100.0,0.0,100.0,0.0,,,74.0,26.0,,,100.0,196.0,100.0,873.0,26.0,26.0,100.0,0.0,100.0,0.0,200.0,0.0,100.0,14866.0,100.0,66693117920.0,100.0,144526924929.0
2019-07-05,ZCH06NDJ,ST12000NM0007,12000138625024,0,82.0,166062224.0,92.0,0.0,100.0,7.0,100.0,0.0,79.0,85951878.0,83.0,15076.0,100.0,0.0,100.0,6.0,,,,,100.0,0.0,100.0,0.0,,,74.0,26.0,,,100.0,196.0,100.0,874.0,26.0,26.0,100.0,0.0,100.0,0.0,200.0,0.0,100.0,14897.0,100.0,66772308680.0,100.0,144819934441.0
2019-07-06,ZCH06NDJ,ST12000NM0007,12000138625024,0,78.0,57030592.0,92.0,0.0,100.0,7.0,100.0,0.0,80.0,89139627.0,83.0,15092.0,100.0,0.0,100.0,6.0,,,,,100.0,0.0,100.0,0.0,,,74.0,26.0,,,100.0,196.0,100.0,875.0,26.0,26.0,100.0,0.0,100.0,0.0,200.0,0.0,100.0,14913.0,100.0,66819491960.0,100.0,144907860369.0
2019-07-07,ZCH06NDJ,ST12000NM0007,12000138625024,0,81.0,121394392.0,92.0,0.0,100.0,7.0,100.0,0.0,80.0,92746081.0,83.0,15123.0,100.0,0.0,100.0,6.0,,,,,100.0,0.0,100.0,0.0,,,73.0,27.0,,,100.0,196.0,100.0,876.0,27.0,27.0,100.0,0.0,100.0,0.0,200.0,0.0,100.0,14944.0,100.0,66887687104.0,100.0,145148169713.0
2019-07-08,ZCH06NDJ,ST12000NM0007,12000138625024,0,78.0,68736072.0,92.0,0.0,100.0,7.0,100.0,0.0,80.0,94829237.0,83.0,15139.0,100.0,0.0,100.0,6.0,,,,,100.0,0.0,100.0,0.0,,,74.0,26.0,,,100.0,196.0,100.0,877.0,26.0,26.0,100.0,0.0,100.0,0.0,200.0,0.0,100.0,14960.0,100.0,66946420744.0,100.0,145280918593.0
2019-07-09,ZCH06NDJ,ST12000NM0007,12000138625024,0,82.0,171294696.0,92.0,0.0,100.0,7.0,100.0,0.0,80.0,98904495.0,83.0,15171.0,100.0,0.0,100.0,6.0,,,,,100.0,0.0,100.0,0.0,,,73.0,27.0,,,100.0,197.0,100.0,878.0,27.0,27.0,100.0,0.0,100.0,0.0,200.0,0.0,100.0,14991.0,100.0,67029327848.0,100.0,145544710865.0
2019-07-10,ZCH06NDJ,ST12000NM0007,12000138625024,0,81.0,138354568.0,92.0,0.0,100.0,7.0,100.0,0.0,80.0,101145726.0,83.0,15187.0,100.0,0.0,100.0,6.0,,,,,100.0,0.0,100.0,0.0,,,74.0,26.0,,,100.0,197.0,100.0,879.0,26.0,26.0,100.0,0.0,100.0,0.0,200.0,0.0,100.0,15007.0,100.0,67062847200.0,100.0,145722392089.0
2019-07-11,ZCH06NDJ,ST12000NM0007,12000138625024,0,79.0,71634368.0,92.0,0.0,100.0,7.0,100.0,0.0,80.0,106716222.0,83.0,15218.0,100.0,0.0,100.0,6.0,,,,,100.0,0.0,100.0,0.0,,,74.0,26.0,,,100.0,197.0,100.0,880.0,26.0,26.0,100.0,0.0,100.0,0.0,200.0,0.0,100.0,15038.0,100.0,67149571496.0,100.0,146057229889.0
2019-07-12,ZCH06NDJ,ST12000NM0007,12000138625024,0,71.0,12697664.0,92.0,0.0,100.0,7.0,100.0,0.0,80.0,108870392.0,83.0,15234.0,100.0,0.0,100.0,6.0,,,,,100.0,0.0,100.0,0.0,,,74.0,26.0,,,100.0,197.0,100.0,881.0,26.0,26.0,100.0,0.0,100.0,0.0,200.0,0.0,100.0,15054.0,100.0,67190432072.0,100.0,146201573489.0
2019-07-13,ZCH06NDJ,ST12000NM0007,12000138625024,0,81.0,112290112.0,92.0,0.0,100.0,7.0,100.0,0.0,81.0,114398001.0,83.0,15266.0,100.0,0.0,100.0,6.0,,,,,100.0,0.0,100.0,0.0,,,74.0,26.0,,,100.0,197.0,100.0,882.0,26.0,26.0,100.0,0.0,100.0,0.0,200.0,0.0,100.0,15086.0,100.0,67262149408.0,100.0,146473589241.0
2019-07-14,ZCH06NDJ,ST12000NM0007,12000138625024,0,79.0,71486288.0,92.0,0.0,100.0,7.0,100.0,0.0,81.0,116808912.0,83.0,15282.0,100.0,0.0,100.0,6.0,,,,,100.0,0.0,100.0,0.0,,,73.0,27.0,,,100.0,197.0,100.0,883.0,27.0,27.0,100.0,0.0,100.0,0.0,200.0,0.0,100.0,15102.0,100.0,67314180640.0,100.0,146624894905.0
2019-07-15,ZCH06NDJ,ST12000NM0007,12000138625024,0,77.0,49085320.0,92.0,0.0,100.0,7.0,100.0,0.0,81.0,124122663.0,83.0,15313.0,100.0,0.0,100.0,6.0,,,,,100.0,0.0,100.0,0.0,,,73.0,27.0,,,100.0,197.0,100.0,884.0,27.0,27.0,100.0,0.0,100.0,0.0,200.0,0.0,100.0,15133.0,100.0,67402121936.0,100.0,147002834009.0
2019-07-16,ZCH06NDJ,ST12000NM0007,12000138625024,0,73.0,20370840.0,92.0,0.0,100.0,7.0,100.0,0.0,81.0,126571735.0,83.0,15329.0,100.0,0.0,100.0,6.0,,,,,100.0,0.0,100.0,0.0,,,73.0,27.0,,,100.0,198.0,100.0,885.0,27.0,27.0,100.0,0.0,100.0,0.0,200.0,0.0,100.0,15149.0,100.0,67441464176.0,100.0,147178917961.0
2019-07-17,ZCH06NDJ,ST12000NM0007,12000138625024,0,83.0,181662760.0,92.0,0.0,100.0,7.0,100.0,0.0,81.0,131139503.0,83.0,15361.0,100.0,0.0,100.0,6.0,,,,,100.0,0.0,100.0,0.0,,,73.0,27.0,,,100.0,198.0,100.0,886.0,27.0,27.0,100.0,0.0,100.0,0.0,200.0,0.0,100.0,15180.0,100.0,67521734688.0,100.0,147504080105.0
2019-07-18,ZCH06NDJ,ST12000NM0007,12000138625024,0,79.0,85137416.0,92.0,0.0,100.0,7.0,100.0,0.0,81.0,136697910.0,83.0,15392.0,100.0,0.0,100.0,6.0,,,,,100.0,0.0,100.0,0.0,,,74.0,26.0,,,100.0,198.0,100.0,888.0,26.0,26.0,100.0,0.0,100.0,0.0,200.0,0.0,100.0,15212.0,100.0,67601987704.0,100.0,147815583201.0
2019-07-19,ZCH06NDJ,ST12000NM0007,12000138625024,0,84.0,234106072.0,92.0,0.0,100.0,7.0,100.0,0.0,81.0,138668201.0,83.0,15408.0,100.0,0.0,100.0,6.0,,,,,100.0,0.0,100.0,0.0,,,74.0,26.0,,,100.0,198.0,100.0,888.0,26.0,26.0,100.0,0.0,100.0,0.0,200.0,0.0,100.0,15228.0,100.0,67652063672.0,100.0,147914475889.0
2019-07-20,ZCH06NDJ,ST12000NM0007,12000138625024,0,75.0,29974744.0,92.0,0.0,100.0,7.0,100.0,0.0,82.0,143794590.0,83.0,15440.0,100.0,0.0,100.0,6.0,,,,,100.0,0.0,100.0,0.0,,,73.0,27.0,,,100.0,198.0,100.0,890.0,27.0,27.0,100.0,0.0,100.0,0.0,200.0,0.0,100.0,15259.0,100.0,67729843312.0,100.0,148120846233.0
2019-07-21,ZCH06NDJ,ST12000NM0007,12000138625024,0,84.0,228346608.0,92.0,0.0,100.0,7.0,100.0,0.0,82.0,145965805.0,83.0,15455.0,100.0,0.0,100.0,6.0,,,,,100.0,0.0,100.0,0.0,,,67.0,33.0,,,100.0,198.0,100.0,890.0,33.0,33.0,100.0,0.0,100.0,0.0,200.0,0.0,100.0,15275.0,100.0,67763241512.0,100.0,148285819897.0
2019-07-22,ZCH06NDJ,ST12000NM0007,12000138625024,0,72.0,15417832.0,92.0,0.0,100.0,7.0,100.0,0.0,82.0,152551565.0,83.0,15487.0,100.0,0.0,100.0,6.0,,,,,100.0,0.0,100.0,0.0,,,72.0,28.0,,,100.0,199.0,100.0,892.0,28.0,28.0,100.0,0.0,100.0,0.0,200.0,0.0,100.0,15306.0,100.0,67835112024.0,100.0,148733442817.0
2019-07-23,ZCH06NDJ,ST12000NM0007,12000138625024,0,70.0,11119416.0,92.0,0.0,100.0,7.0,100.0,0.0,82.0,154913117.0,83.0,15503.0,100.0,0.0,100.0,6.0,,,,,100.0,0.0,100.0,0.0,,,74.0,26.0,,,100.0,199.0,100.0,892.0,26.0,26.0,100.0,0.0,100.0,0.0,200.0,0.0,100.0,15322.0,100.0,67874423440.0,100.0,148933973905.0
2019-07-24,ZCH06NDJ,ST12000NM0007,12000138625024,0,81.0,128251680.0,92.0,0.0,100.0,7.0,100.0,0.0,82.0,159079619.0,83.0,15534.0,100.0,0.0,100.0,6.0,,,,,100.0,0.0,100.0,0.0,,,74.0,26.0,,,100.0,199.0,100.0,894.0,26.0,26.0,100.0,0.0,100.0,0.0,200.0,0.0,100.0,15353.0,100.0,67938771440.0,100.0,149230898801.0
2019-07-25,ZCH06NDJ,ST12000NM0007,12000138625024,0,81.0,133463336.0,92.0,0.0,100.0,7.0,100.0,0.0,82.0,161808572.0,83.0,15550.0,100.0,0.0,100.0,6.0,,,,,100.0,0.0,100.0,0.0,,,73.0,27.0,,,100.0,199.0,100.0,894.0,27.0,27.0,100.0,0.0,100.0,0.0,200.0,0.0,100.0,15369.0,100.0,67985358856.0,100.0,149433663681.0
2019-07-26,ZCH06NDJ,ST12000NM0007,12000138625024,0,68.0,6233136.0,92.0,0.0,100.0,7.0,100.0,0.0,82.0,166205842.0,83.0,15582.0,100.0,0.0,100.0,6.0,,,,,100.0,0.0,100.0,0.0,,,74.0,26.0,,,100.0,200.0,100.0,896.0,26.0,26.0,100.0,0.0,100.0,0.0,200.0,0.0,100.0,15400.0,100.0,68056569232.0,100.0,149723504489.0
2019-07-27,ZCH06NDJ,ST12000NM0007,12000138625024,0,82.0,158672848.0,92.0,0.0,100.0,7.0,100.0,0.0,82.0,169633800.0,83.0,15597.0,100.0,0.0,100.0,6.0,,,,,100.0,0.0,100.0,0.0,,,73.0,27.0,,,100.0,200.0,100.0,896.0,27.0,27.0,100.0,0.0,100.0,0.0,200.0,0.0,100.0,15415.0,100.0,68096079904.0,100.0,149836433529.0
2019-07-28,ZCH06NDJ,ST12000NM0007,12000138625024,0,76.0,44656656.0,92.0,0.0,100.0,7.0,100.0,0.0,82.0,174150076.0,83.0,15629.0,100.0,0.0,100.0,6.0,,,,,100.0,0.0,100.0,0.0,,,74.0,26.0,,,100.0,201.0,100.0,898.0,26.0,26.0,100.0,0.0,100.0,0.0,200.0,0.0,100.0,15447.0,100.0,68164492904.0,100.0,150142285809.0
2019-07-29,ZCH06NDJ,ST12000NM0007,12000138625024,0,76.0,37513432.0,92.0,0.0,100.0,7.0,100.0,0.0,82.0,176796985.0,83.0,15645.0,100.0,0.0,100.0,6.0,,,,,100.0,0.0,100.0,0.0,,,74.0,26.0,,,100.0,201.0,100.0,898.0,26.0,26.0,100.0,0.0,100.0,0.0,200.0,0.0,100.0,15463.0,100.0,68213512392.0,100.0,150330263777.0
2019-07-30,ZCH06NDJ,ST12000NM0007,12000138625024,0,82.0,156597456.0,92.0,0.0,100.0,7.0,100.0,0.0,83.0,181056330.0,83.0,15677.0,100.0,0.0,100.0,6.0,,,,,100.0,0.0,100.0,0.0,,,74.0,26.0,,,100.0,202.0,100.0,900.0,26.0,26.0,100.0,0.0,100.0,0.0,200.0,0.0,100.0,15494.0,100.0,68283679056.0,100.0,150623321769.0
2019-07-31,ZCH06NDJ,ST12000NM0007,12000138625024,0,81.0,132476176.0,92.0,0.0,100.0,7.0,100.0,0.0,83.0,183345702.0,83.0,15693.0,100.0,0.0,100.0,6.0,,,,,100.0,0.0,100.0,0.0,,,74.0,26.0,,,100.0,202.0,100.0,900.0,26.0,26.0,100.0,0.0,100.0,0.0,200.0,0.0,100.0,15510.0,100.0,68329774632.0,100.0,150797245657.0
2019-08-01,ZCH06NDJ,ST12000NM0007,12000138625024,0,79.0,78200392.0,92.0,0.0,100.0,7.0,100.0,0.0,83.0,188176719.0,83.0,15724.0,100.0,0.0,100.0,6.0,,,,,100.0,0.0,100.0,0.0,,,74.0,26.0,,,100.0,202.0,100.0,902.0,26.0,26.0,100.0,0.0,100.0,0.0,200.0,0.0,100.0,15541.0,100.0,68406957976.0,100.0,151154067873.0
2019-08-02,ZCH06NDJ,ST12000NM0007,12000138625024,0,76.0,37661016.0,92.0,0.0,100.0,7.0,100.0,0.0,83.0,190393005.0,83.0,15740.0,100.0,0.0,100.0,6.0,,,,,100.0,0.0,100.0,0.0,,,73.0,27.0,,,100.0,202.0,100.0,902.0,27.0,27.0,100.0,0.0,100.0,0.0,200.0,0.0,100.0,15557.0,100.0,68447679096.0,100.0,151316948137.0
2019-08-03,ZCH06NDJ,ST12000NM0007,12000138625024,0,80.0,111982864.0,92.0,0.0,100.0,7.0,100.0,0.0,83.0,195766113.0,82.0,15772.0,100.0,0.0,100.0,6.0,,,,,100.0,0.0,100.0,0.0,,,74.0,26.0,,,100.0,202.0,100.0,903.0,26.0,26.0,100.0,0.0,100.0,0.0,200.0,0.0,100.0,15589.0,100.0,68527333520.0,100.0,151555756481.0
2019-08-04,ZCH06NDJ,ST12000NM0007,12000138625024,0,77.0,56113424.0,92.0,0.0,100.0,7.0,100.0,0.0,83.0,198108214.0,82.0,15788.0,100.0,0.0,100.0,6.0,,,,,100.0,0.0,100.0,0.0,,,73.0,27.0,,,100.0,203.0,100.0,904.0,27.0,27.0,100.0,0.0,100.0,0.0,200.0,0.0,100.0,15604.0,100.0,68581925112.0,100.0,151689436305.0
2019-08-05,ZCH06NDJ,ST12000NM0007,12000138625024,0,83.0,210540384.0,92.0,0.0,100.0,7.0,100.0,0.0,83.0,202489252.0,82.0,15820.0,100.0,0.0,100.0,6.0,,,,,100.0,0.0,100.0,0.0,,,73.0,27.0,,,100.0,203.0,100.0,905.0,27.0,27.0,100.0,0.0,100.0,0.0,200.0,0.0,100.0,15636.0,100.0,68668651664.0,100.0,152001277433.0
2019-08-06,ZCH06NDJ,ST12000NM0007,12000138625024,0,81.0,129532408.0,92.0,0.0,100.0,7.0,100.0,0.0,83.0,204521642.0,82.0,15836.0,100.0,0.0,100.0,6.0,,,,,100.0,0.0,100.0,0.0,,,74.0,26.0,,,100.0,204.0,100.0,906.0,26.0,26.0,100.0,0.0,100.0,0.0,200.0,0.0,100.0,15652.0,100.0,68704989184.0,100.0,152128072633.0
2019-08-07,ZCH06NDJ,ST12000NM0007,12000138625024,0,80.0,91916144.0,92.0,0.0,100.0,7.0,100.0,0.0,83.0,209297611.0,82.0,15867.0,100.0,0.0,100.0,6.0,,,,,100.0,0.0,100.0,0.0,,,73.0,27.0,,,100.0,204.0,100.0,907.0,27.0,27.0,100.0,0.0,100.0,0.0,200.0,0.0,100.0,15684.0,100.0,68804954096.0,100.0,152478773057.0
2019-08-08,ZCH06NDJ,ST12000NM0007,12000138625024,0,77.0,54679520.0,92.0,0.0,100.0,7.0,100.0,0.0,83.0,214409598.0,82.0,15899.0,100.0,0.0,100.0,6.0,,,,,100.0,0.0,100.0,0.0,,,74.0,26.0,,,100.0,204.0,100.0,909.0,26.0,26.0,100.0,0.0,100.0,0.0,200.0,0.0,100.0,15715.0,100.0,68913332776.0,100.0,152821439145.0
2019-08-09,ZCH06NDJ,ST12000NM0007,12000138625024,0,77.0,47629208.0,92.0,0.0,100.0,7.0,100.0,0.0,83.0,216866757.0,82.0,15915.0,100.0,0.0,100.0,6.0,,,,,100.0,0.0,100.0,0.0,,,74.0,26.0,,,100.0,204.0,100.0,909.0,26.0,26.0,100.0,0.0,100.0,0.0,200.0,0.0,100.0,15731.0,100.0,68964385360.0,100.0,153007477169.0
2019-08-10,ZCH06NDJ,ST12000NM0007,12000138625024,0,84.0,240557504.0,92.0,0.0,100.0,7.0,100.0,0.0,83.0,223325684.0,82.0,15947.0,100.0,0.0,100.0,6.0,,,,,100.0,0.0,100.0,0.0,,,73.0,27.0,,,100.0,204.0,100.0,911.0,27.0,27.0,100.0,0.0,100.0,0.0,200.0,0.0,100.0,15763.0,100.0,69094215328.0,100.0,153314716129.0
2019-08-11,ZCH06NDJ,ST12000NM0007,12000138625024,0,73.0,19396088.0,92.0,0.0,100.0,7.0,100.0,0.0,84.0,225842763.0,82.0,15963.0,100.0,0.0,100.0,6.0,,,,,100.0,0.0,100.0,0.0,,,74.0,26.0,,,100.0,204.0,100.0,911.0,26.0,26.0,100.0,0.0,100.0,0.0,200.0,0.0,100.0,15779.0,100.0,69167065360.0,100.0,153508986041.0
2019-08-12,ZCH06NDJ,ST12000NM0007,12000138625024,0,82.0,158821304.0,92.0,0.0,100.0,7.0,100.0,0.0,84.0,230099430.0,82.0,15994.0,100.0,0.0,100.0,6.0,,,,,100.0,0.0,100.0,0.0,,,74.0,26.0,,,100.0,205.0,100.0,913.0,26.0,26.0,100.0,0.0,100.0,0.0,200.0,0.0,100.0,15810.0,100.0,69230760992.0,100.0,153828856265.0
2019-08-13,ZCH06NDJ,ST12000NM0007,12000138625024,0,81.0,139351016.0,92.0,0.0,100.0,7.0,100.0,0.0,84.0,232733717.0,82.0,16010.0,100.0,0.0,100.0,6.0,,,,,100.0,0.0,100.0,0.0,,,73.0,27.0,,,100.0,205.0,100.0,913.0,27.0,27.0,100.0,0.0,100.0,0.0,200.0,0.0,100.0,15826.0,100.0,69269651168.0,100.0,154014636561.0
2019-08-14,ZCH06NDJ,ST12000NM0007,12000138625024,0,80.0,90775208.0,92.0,0.0,100.0,7.0,100.0,0.0,84.0,237778409.0,82.0,16042.0,100.0,0.0,100.0,6.0,,,,,100.0,0.0,100.0,0.0,,,73.0,27.0,,,100.0,205.0,100.0,915.0,27.0,27.0,100.0,0.0,100.0,0.0,200.0,0.0,100.0,15858.0,100.0,69335518232.0,100.0,154388475217.0
2019-08-15,ZCH06NDJ,ST12000NM0007,12000138625024,0,79.0,80974304.0,92.0,0.0,100.0,7.0,100.0,0.0,84.0,240647898.0,82.0,16058.0,100.0,0.0,100.0,6.0,,,,,100.0,0.0,100.0,0.0,,,73.0,27.0,,,100.0,205.0,100.0,915.0,27.0,27.0,100.0,0.0,100.0,0.0,200.0,0.0,100.0,15874.0,100.0,69375732376.0,100.0,154582601169.0
2019-08-16,ZCH06NDJ,ST12000NM0007,12000138625024,0,82.0,143439688.0,92.0,0.0,100.0,7.0,100.0,0.0,84.0,248310082.0,82.0,16089.0,100.0,0.0,100.0,6.0,,,,,100.0,0.0,100.0,0.0,,,73.0,27.0,,,100.0,205.0,100.0,917.0,27.0,27.0,100.0,0.0,100.0,0.0,200.0,0.0,100.0,15905.0,100.0,69455140600.0,100.0,155053939593.0
2019-08-17,ZCH06NDJ,ST12000NM0007,12000138625024,0,71.0,12006536.0,92.0,0.0,100.0,7.0,100.0,0.0,84.0,251551619.0,82.0,16105.0,100.0,0.0,100.0,6.0,,,,,100.0,0.0,100.0,0.0,,,73.0,27.0,,,100.0,205.0,100.0,917.0,27.0,27.0,100.0,0.0,100.0,0.0,200.0,0.0,100.0,15921.0,100.0,69485612840.0,100.0,155136174913.0
2019-08-18,ZCH06NDJ,ST12000NM0007,12000138625024,0,83.0,178941504.0,92.0,0.0,100.0,7.0,100.0,0.0,84.0,256325514.0,82.0,16137.0,100.0,0.0,100.0,6.0,,,,,100.0,0.0,100.0,0.0,,,73.0,27.0,,,100.0,205.0,100.0,919.0,27.0,27.0,100.0,0.0,100.0,0.0,200.0,0.0,100.0,15952.0,100.0,69556882680.0,100.0,155475980809.0
2019-08-19,ZCH06NDJ,ST12000NM0007,12000138625024,0,81.0,114999312.0,92.0,0.0,100.0,7.0,100.0,0.0,84.0,258204356.0,82.0,16153.0,100.0,0.0,100.0,6.0,,,,,100.0,0.0,100.0,0.0,,,73.0,27.0,,,100.0,205.0,100.0,919.0,27.0,27.0,100.0,0.0,100.0,0.0,200.0,0.0,100.0,15968.0,100.0,69581066832.0,100.0,155631995105.0
2019-08-20,ZCH06NDJ,ST12000NM0007,12000138625024,0,77.0,49101056.0,92.0,0.0,100.0,7.0,100.0,0.0,84.0,262537132.0,82.0,16184.0,100.0,0.0,100.0,6.0,,,,,100.0,0.0,100.0,0.0,,,73.0,27.0,,,100.0,205.0,100.0,921.0,27.0,27.0,100.0,0.0,100.0,0.0,200.0,0.0,100.0,16000.0,100.0,69631677880.0,100.0,156003767193.0
2019-08-21,ZCH06NDJ,ST12000NM0007,12000138625024,0,78.0,56536432.0,92.0,0.0,100.0,7.0,100.0,0.0,84.0,265066321.0,82.0,16200.0,100.0,0.0,100.0,6.0,,,,,100.0,0.0,100.0,0.0,,,73.0,27.0,,,100.0,205.0,100.0,921.0,27.0,27.0,100.0,0.0,100.0,0.0,200.0,0.0,100.0,16015.0,100.0,69668578656.0,100.0,156218442665.0
2019-08-22,ZCH06NDJ,ST12000NM0007,12000138625024,0,79.0,72058536.0,92.0,0.0,100.0,7.0,100.0,0.0,84.0,270858031.0,82.0,16232.0,100.0,0.0,100.0,6.0,,,,,100.0,0.0,100.0,0.0,,,73.0,27.0,,,100.0,205.0,100.0,923.0,27.0,27.0,100.0,0.0,100.0,0.0,200.0,0.0,100.0,16047.0,100.0,69735003568.0,100.0,156655821361.0
2019-08-23,ZCH06NDJ,ST12000NM0007,12000138625024,0,79.0,71580016.0,92.0,0.0,100.0,7.0,100.0,0.0,84.0,273288775.0,82.0,16248.0,100.0,0.0,100.0,6.0,,,,,100.0,0.0,100.0,0.0,,,73.0,27.0,,,100.0,205.0,100.0,923.0,27.0,27.0,100.0,0.0,100.0,0.0,200.0,0.0,100.0,16063.0,100.0,69756802792.0,100.0,156877684457.0
2019-08-24,ZCH06NDJ,ST12000NM0007,12000138625024,0,83.0,211021776.0,92.0,0.0,100.0,7.0,100.0,0.0,84.0,279013252.0,82.0,16280.0,100.0,0.0,100.0,6.0,,,,,100.0,0.0,100.0,0.0,,,73.0,27.0,,,100.0,205.0,100.0,925.0,27.0,27.0,100.0,0.0,100.0,0.0,200.0,0.0,100.0,16094.0,100.0,69807287016.0,100.0,157210782623.0
2019-08-25,ZCH06NDJ,ST12000NM0007,12000138625024,0,75.0,32049686.0,92.0,0.0,100.0,7.0,100.0,0.0,85.0,281918180.0,82.0,16296.0,100.0,0.0,100.0,6.0,,,,,100.0,0.0,100.0,0.0,,,73.0,27.0,,,100.0,205.0,100.0,927.0,27.0,27.0,100.0,0.0,100.0,0.0,200.0,0.0,100.0,16110.0,100.0,69841238944.0,100.0,157486139957.0
2019-08-26,ZCH06NDJ,ST12000NM0007,12000138625024,0,84.0,243247544.0,90.0,0.0,100.0,8.0,100.0,0.0,85.0,288623475.0,82.0,16343.0,100.0,0.0,100.0,7.0,,,,,100.0,0.0,100.0,0.0,,,73.0,27.0,,,100.0,205.0,100.0,931.0,27.0,27.0,100.0,0.0,100.0,0.0,200.0,0.0,100.0,16157.0,100.0,69900559496.0,100.0,158126298735.0
2019-08-27,ZCH06NDJ,ST12000NM0007,12000138625024,0,84.0,243247544.0,90.0,0.0,100.0,8.0,100.0,0.0,85.0,288623475.0,82.0,16343.0,100.0,0.0,100.0,7.0,,,,,100.0,0.0,100.0,0.0,,,73.0,27.0,,,100.0,205.0,100.0,931.0,27.0,27.0,100.0,0.0,100.0,0.0,200.0,0.0,100.0,16157.0,100.0,69900559496.0,100.0,158126298735.0
2019-08-28,ZCH06NDJ,ST12000NM0007,12000138625024,0,82.0,160487728.0,90.0,0.0,100.0,8.0,100.0,0.0,85.0,292193444.0,82.0,16375.0,100.0,0.0,100.0,7.0,,,,,100.0,0.0,100.0,0.0,,,72.0,28.0,,,100.0,205.0,100.0,933.0,28.0,28.0,100.0,0.0,100.0,0.0,200.0,0.0,100.0,16189.0,100.0,69958551448.0,100.0,158473828567.0
2019-08-29,ZCH06NDJ,ST12000NM0007,12000138625024,0,82.0,153692868.0,90.0,0.0,100.0,9.0,100.0,0.0,85.0,295350477.0,82.0,16391.0,100.0,0.0,100.0,8.0,,,,,100.0,0.0,100.0,0.0,,,72.0,28.0,,,100.0,205.0,100.0,935.0,28.0,28.0,100.0,0.0,100.0,0.0,200.0,0.0,100.0,16205.0,100.0,69988785968.0,100.0,158680939867.0
2019-08-30,ZCH06NDJ,ST12000NM0007,12000138625024,0,81.0,129758776.0,90.0,0.0,100.0,9.0,100.0,0.0,85.0,297389349.0,82.0,16408.0,100.0,0.0,100.0,8.0,,,,,100.0,0.0,100.0,0.0,,,73.0,27.0,,,100.0,205.0,100.0,935.0,27.0,27.0,100.0,0.0,100.0,0.0,200.0,0.0,100.0,16221.0,100.0,70013603520.0,100.0,158876328995.0
2019-08-31,ZCH06NDJ,ST12000NM0007,12000138625024,0,73.0,17963384.0,90.0,0.0,100.0,9.0,100.0,0.0,85.0,302091829.0,82.0,16439.0,100.0,0.0,100.0,8.0,,,,,100.0,0.0,100.0,0.0,,,73.0,27.0,,,100.0,206.0,100.0,937.0,27.0,27.0,100.0,0.0,100.0,0.0,200.0,0.0,100.0,16253.0,100.0,70063728336.0,100.0,159202690075.0
2019-09-01,ZCH06NDJ,ST12000NM0007,12000138625024,0,84.0,237566656.0,90.0,0.0,100.0,9.0,100.0,0.0,85.0,303833418.0,82.0,16455.0,100.0,0.0,100.0,8.0,,,,,100.0,0.0,100.0,0.0,,,72.0,28.0,,,100.0,206.0,100.0,937.0,28.0,28.0,100.0,0.0,100.0,0.0,200.0,0.0,100.0,16269.0,100.0,70094297192.0,100.0,159391724491.0
2019-09-02,ZCH06NDJ,ST12000NM0007,12000138625024,0,83.0,180571632.0,90.0,0.0,100.0,9.0,100.0,0.0,85.0,307187488.0,82.0,16488.0,100.0,0.0,100.0,8.0,,,,,100.0,0.0,100.0,0.0,,,73.0,27.0,,,100.0,207.0,100.0,939.0,27.0,27.0,100.0,0.0,100.0,0.0,200.0,0.0,100.0,16301.0,100.0,70165538304.0,100.0,159751769643.0
2019-09-03,ZCH06NDJ,ST12000NM0007,12000138625024,0,82.0,169368472.0,90.0,0.0,100.0,9.0,100.0,0.0,85.0,308769430.0,82.0,16503.0,100.0,0.0,100.0,8.0,,,,,100.0,0.0,100.0,0.0,,,72.0,28.0,,,100.0,207.0,100.0,939.0,28.0,28.0,100.0,0.0,100.0,0.0,200.0,0.0,100.0,16316.0,100.0,70186328800.0,100.0,159963916627.0
2019-09-04,ZCH06NDJ,ST12000NM0007,12000138625024,0,74.0,27008552.0,90.0,0.0,100.0,9.0,100.0,0.0,85.0,311773629.0,82.0,16535.0,100.0,0.0,100.0,8.0,,,,,100.0,0.0,100.0,0.0,,,73.0,27.0,,,100.0,207.0,100.0,941.0,27.0,27.0,100.0,0.0,100.0,0.0,200.0,0.0,100.0,16348.0,100.0,70240785912.0,100.0,160255381083.0
2019-09-05,ZCH06NDJ,ST12000NM0007,12000138625024,0,81.0,112967320.0,90.0,0.0,100.0,9.0,100.0,0.0,85.0,316786166.0,82.0,16567.0,100.0,0.0,100.0,8.0,,,,,100.0,0.0,100.0,0.0,,,72.0,28.0,,,100.0,208.0,100.0,942.0,28.0,28.0,100.0,0.0,100.0,0.0,200.0,0.0,100.0,16380.0,100.0,70304321632.0,100.0,160521944787.0
2019-09-06,ZCH06NDJ,ST12000NM0007,12000138625024,0,81.0,118669888.0,90.0,0.0,100.0,9.0,100.0,0.0,85.0,319725818.0,82.0,16583.0,100.0,0.0,100.0,8.0,,,,,100.0,0.0,100.0,0.0,,,72.0,28.0,,,100.0,208.0,100.0,943.0,28.0,28.0,100.0,0.0,100.0,0.0,200.0,0.0,100.0,16396.0,100.0,70332466240.0,100.0,160743643411.0
2019-09-07,ZCH06NDJ,ST12000NM0007,12000138625024,0,81.0,125191184.0,90.0,0.0,100.0,9.0,100.0,0.0,85.0,324490528.0,82.0,16615.0,100.0,0.0,100.0,8.0,,,,,100.0,0.0,100.0,0.0,,,72.0,28.0,,,100.0,208.0,100.0,944.0,28.0,28.0,100.0,0.0,100.0,0.0,200.0,0.0,100.0,16427.0,100.0,70400170264.0,100.0,160926601419.0
2019-09-08,ZCH06NDJ,ST12000NM0007,12000138625024,0,100.0,2434080.0,90.0,0.0,100.0,9.0,100.0,0.0,85.0,325922229.0,82.0,16631.0,100.0,0.0,100.0,8.0,,,,,100.0,0.0,100.0,0.0,,,73.0,27.0,,,100.0,209.0,100.0,945.0,27.0,27.0,100.0,0.0,100.0,0.0,200.0,0.0,100.0,16443.0,100.0,70425715936.0,100.0,161022439299.0
2019-09-09,ZCH06NDJ,ST12000NM0007,12000138625024,0,80.0,102381272.0,90.0,0.0,100.0,9.0,100.0,0.0,85.0,329291912.0,81.0,16663.0,100.0,0.0,100.0,8.0,,,,,100.0,0.0,100.0,0.0,,,72.0,28.0,,,100.0,209.0,100.0,946.0,28.0,28.0,100.0,0.0,100.0,0.0,200.0,0.0,100.0,16475.0,100.0,70496115448.0,100.0,161296127611.0
2019-09-10,ZCH06NDJ,ST12000NM0007,12000138625024,0,76.0,44278200.0,90.0,0.0,100.0,9.0,100.0,0.0,85.0,331022572.0,81.0,16679.0,100.0,0.0,100.0,8.0,,,,,100.0,0.0,100.0,0.0,,,72.0,28.0,,,100.0,209.0,100.0,947.0,28.0,28.0,100.0,0.0,100.0,0.0,200.0,0.0,100.0,16491.0,100.0,70523310600.0,100.0,161454970027.0
2019-09-11,ZCH06NDJ,ST12000NM0007,12000138625024,0,83.0,194183288.0,90.0,0.0,100.0,9.0,100.0,0.0,85.0,334957323.0,81.0,16710.0,100.0,0.0,100.0,8.0,,,,,100.0,0.0,100.0,0.0,,,72.0,28.0,,,100.0,210.0,100.0,948.0,28.0,28.0,100.0,0.0,100.0,0.0,200.0,0.0,100.0,16522.0,100.0,70581219968.0,100.0,161791106491.0
2019-09-12,ZCH06NDJ,ST12000NM0007,12000138625024,0,82.0,141989176.0,90.0,0.0,100.0,9.0,100.0,0.0,85.0,337556526.0,81.0,16726.0,100.0,0.0,100.0,8.0,,,,,100.0,0.0,100.0,0.0,,,73.0,27.0,,,100.0,210.0,100.0,949.0,27.0,27.0,100.0,0.0,100.0,0.0,200.0,0.0,100.0,16538.0,100.0,70608015568.0,100.0,161956257603.0
2019-09-13,ZCH06NDJ,ST12000NM0007,12000138625024,0,78.0,67006360.0,90.0,0.0,100.0,9.0,100.0,0.0,85.0,341973417.0,81.0,16758.0,100.0,0.0,100.0,8.0,,,,,100.0,0.0,100.0,0.0,,,72.0,28.0,,,100.0,210.0,100.0,950.0,28.0,28.0,100.0,0.0,100.0,0.0,200.0,0.0,100.0,16569.0,100.0,70658645800.0,100.0,162318926267.0
2019-09-14,ZCH06NDJ,ST12000NM0007,12000138625024,0,83.0,220108992.0,90.0,0.0,100.0,9.0,100.0,0.0,85.0,345152017.0,81.0,16774.0,100.0,0.0,100.0,8.0,,,,,100.0,0.0,100.0,0.0,,,73.0,27.0,,,100.0,210.0,100.0,951.0,27.0,27.0,100.0,0.0,100.0,0.0,200.0,0.0,100.0,16585.0,100.0,70687631336.0,100.0,162443043363.0
2019-09-15,ZCH06NDJ,ST12000NM0007,12000138625024,0,80.0,110609264.0,90.0,0.0,100.0,9.0,100.0,0.0,85.0,348518263.0,81.0,16805.0,100.0,0.0,100.0,8.0,,,,,100.0,0.0,100.0,0.0,,,73.0,27.0,,,100.0,210.0,100.0,952.0,27.0,27.0,100.0,0.0,100.0,0.0,200.0,0.0,100.0,16617.0,100.0,70753099112.0,100.0,162756357331.0
2019-09-16,ZCH06NDJ,ST12000NM0007,12000138625024,0,79.0,73871072.0,90.0,0.0,100.0,9.0,100.0,0.0,85.0,350452737.0,81.0,16821.0,100.0,0.0,100.0,8.0,,,,,100.0,0.0,100.0,0.0,,,73.0,27.0,,,100.0,211.0,100.0,953.0,27.0,27.0,100.0,0.0,100.0,0.0,200.0,0.0,100.0,16632.0,100.0,70796739328.0,100.0,162920119611.0
2019-09-17,ZCH06NDJ,ST12000NM0007,12000138625024,0,83.0,221461744.0,90.0,0.0,100.0,9.0,100.0,0.0,85.0,353989117.0,81.0,16853.0,100.0,0.0,100.0,8.0,,,,,100.0,0.0,100.0,0.0,,,73.0,27.0,,,100.0,212.0,100.0,954.0,27.0,27.0,100.0,0.0,100.0,0.0,200.0,0.0,100.0,16664.0,100.0,70864704616.0,100.0,163243885723.0
2019-09-18,ZCH06NDJ,ST12000NM0007,12000138625024,0,83.0,199441312.0,90.0,0.0,100.0,9.0,100.0,0.0,86.0,355742434.0,81.0,16869.0,100.0,0.0,100.0,8.0,,,,,100.0,0.0,100.0,0.0,,,73.0,27.0,,,100.0,213.0,100.0,955.0,27.0,27.0,100.0,0.0,100.0,0.0,200.0,0.0,100.0,16680.0,100.0,70892379832.0,100.0,163438330779.0
2019-09-19,ZCH06NDJ,ST12000NM0007,12000138625024,0,82.0,161981424.0,90.0,0.0,100.0,9.0,100.0,0.0,86.0,361452069.0,81.0,16900.0,100.0,0.0,100.0,8.0,,,,,100.0,0.0,100.0,0.0,,,72.0,28.0,,,100.0,213.0,100.0,956.0,28.0,28.0,100.0,0.0,100.0,0.0,200.0,0.0,100.0,16711.0,100.0,70943363352.0,100.0,163838168763.0
2019-09-20,ZCH06NDJ,ST12000NM0007,12000138625024,0,83.0,180317406.0,90.0,0.0,100.0,9.0,100.0,0.0,86.0,365968839.0,81.0,16920.0,100.0,0.0,100.0,8.0,,,,,100.0,0.0,100.0,0.0,,,73.0,27.0,,,100.0,213.0,100.0,958.0,27.0,27.0,100.0,0.0,100.0,0.0,200.0,0.0,100.0,16727.0,100.0,70975691008.0,100.0,164068317721.0
2019-09-21,ZCH06NDJ,ST12000NM0007,12000138625024,0,78.0,67020440.0,90.0,0.0,100.0,9.0,100.0,0.0,86.0,370724992.0,81.0,16951.0,100.0,0.0,100.0,8.0,,,,,100.0,0.0,100.0,0.0,,,72.0,28.0,,,100.0,214.0,100.0,959.0,28.0,28.0,100.0,0.0,100.0,0.0,200.0,0.0,100.0,16759.0,100.0,71044737104.0,100.0,164374256137.0
2019-09-22,ZCH06NDJ,ST12000NM0007,12000138625024,0,77.0,50199488.0,90.0,0.0,100.0,9.0,100.0,0.0,86.0,372339518.0,81.0,16967.0,100.0,0.0,100.0,8.0,,,,,100.0,0.0,100.0,0.0,,,73.0,27.0,,,100.0,214.0,100.0,960.0,27.0,27.0,100.0,0.0,100.0,0.0,200.0,0.0,100.0,16775.0,100.0,71072896296.0,100.0,164573416665.0
2019-09-23,ZCH06NDJ,ST12000NM0007,12000138625024,0,84.0,225627016.0,90.0,0.0,100.0,9.0,100.0,0.0,86.0,375303368.0,81.0,16999.0,100.0,0.0,100.0,8.0,,,,,100.0,0.0,100.0,0.0,,,73.0,27.0,,,100.0,214.0,100.0,961.0,27.0,27.0,100.0,0.0,100.0,0.0,200.0,0.0,100.0,16806.0,100.0,71120226768.0,100.0,164945654585.0
2019-09-24,ZCH06NDJ,ST12000NM0007,12000138625024,0,83.0,194145808.0,90.0,0.0,100.0,9.0,100.0,0.0,86.0,376977799.0,81.0,17015.0,100.0,0.0,100.0,8.0,,,,,100.0,0.0,100.0,0.0,,,73.0,27.0,,,100.0,214.0,100.0,962.0,27.0,27.0,100.0,0.0,100.0,0.0,200.0,0.0,100.0,16822.0,100.0,71148739512.0,100.0,165129801409.0
2019-09-25,ZCH06NDJ,ST12000NM0007,12000138625024,0,81.0,139606024.0,90.0,0.0,100.0,9.0,100.0,0.0,86.0,380454819.0,81.0,17047.0,100.0,0.0,100.0,8.0,,,,,100.0,0.0,100.0,0.0,,,72.0,28.0,,,100.0,214.0,100.0,963.0,28.0,28.0,100.0,0.0,100.0,0.0,200.0,0.0,100.0,16854.0,100.0,71187132488.0,100.0,165525150337.0
2019-09-26,ZCH06NDJ,ST12000NM0007,12000138625024,0,81.0,130179304.0,90.0,0.0,100.0,9.0,100.0,0.0,86.0,382955415.0,81.0,17063.0,100.0,0.0,100.0,8.0,,,,,100.0,0.0,100.0,0.0,,,73.0,27.0,,,100.0,214.0,100.0,964.0,27.0,27.0,100.0,0.0,100.0,0.0,200.0,0.0,100.0,16869.0,100.0,71201593696.0,100.0,165745403129.0
2019-09-27,ZCH06NDJ,ST12000NM0007,12000138625024,0,79.0,79368200.0,90.0,0.0,100.0,9.0,100.0,0.0,86.0,385896796.0,81.0,17094.0,100.0,0.0,100.0,8.0,,,,,100.0,0.0,100.0,0.0,,,73.0,27.0,,,100.0,214.0,100.0,965.0,27.0,27.0,100.0,0.0,100.0,0.0,200.0,0.0,100.0,16901.0,100.0,71243539600.0,100.0,166140927617.0
2019-09-28,ZCH06NDJ,ST12000NM0007,12000138625024,0,84.0,241160608.0,90.0,0.0,100.0,9.0,100.0,0.0,86.0,389079965.0,81.0,17110.0,100.0,0.0,100.0,8.0,,,,,100.0,0.0,100.0,0.0,,,73.0,27.0,,,100.0,214.0,100.0,966.0,27.0,27.0,100.0,0.0,100.0,0.0,200.0,0.0,100.0,16917.0,100.0,71286892048.0,100.0,166259367577.0
2019-09-29,ZCH06NDJ,ST12000NM0007,12000138625024,0,83.0,191370184.0,90.0,0.0,100.0,9.0,100.0,0.0,86.0,391752025.0,81.0,17142.0,100.0,0.0,100.0,8.0,,,,,100.0,0.0,100.0,0.0,,,73.0,27.0,,,100.0,214.0,100.0,967.0,27.0,27.0,100.0,0.0,100.0,0.0,200.0,0.0,100.0,16948.0,100.0,71311258456.0,100.0,166673492377.0
2019-09-30,ZCH06NDJ,ST12000NM0007,12000138625024,0,79.0,80768608.0,90.0,0.0,100.0,9.0,100.0,0.0,86.0,394431680.0,81.0,17174.0,100.0,0.0,100.0,8.0,,,,,100.0,0.0,100.0,0.0,,,73.0,27.0,,,100.0,215.0,100.0,968.0,27.0,27.0,100.0,0.0,100.0,0.0,200.0,0.0,100.0,16980.0,100.0,71328779016.0,100.0,167033651753.0
2019-10-01,ZCH06NDJ,ST12000NM0007,12000138625024,0,78.0,56350176.0,90.0,0.0,100.0,9.0,100.0,0.0,86.0,396235392.0,81.0,17190.0,100.0,0.0,100.0,8.0,,,,,100.0,0.0,100.0,0.0,,,73.0,27.0,,,100.0,215.0,100.0,969.0,27.0,27.0,100.0,0.0,100.0,0.0,200.0,0.0,100.0,16996.0,100.0,71337327744.0,100.0,167244825281.0
2019-10-02,ZCH06NDJ,ST12000NM0007,12000138625024,0,73.0,17813192.0,90.0,0.0,100.0,9.0,100.0,0.0,86.0,397931251.0,81.0,17206.0,100.0,0.0,100.0,8.0,,,,,100.0,0.0,100.0,0.0,,,73.0,27.0,,,100.0,215.0,100.0,970.0,27.0,27.0,100.0,0.0,100.0,0.0,200.0,0.0,100.0,17012.0,100.0,71351818488.0,100.0,167435938193.0
2019-10-03,ZCH06NDJ,ST12000NM0007,12000138625024,0,80.0,90220792.0,90.0,0.0,100.0,9.0,100.0,0.0,86.0,400952883.0,81.0,17237.0,100.0,0.0,100.0,8.0,,,,,100.0,0.0,100.0,0.0,,,73.0,27.0,,,100.0,215.0,100.0,971.0,27.0,27.0,100.0,0.0,100.0,0.0,200.0,0.0,100.0,17043.0,100.0,71370397040.0,100.0,167733907873.0
2019-10-04,ZCH06NDJ,ST12000NM0007,12000138625024,0,82.0,172736336.0,90.0,0.0,100.0,9.0,100.0,0.0,86.0,401692512.0,81.0,17253.0,100.0,0.0,100.0,8.0,,,,,100.0,0.0,100.0,0.0,,,74.0,26.0,,,100.0,216.0,100.0,972.0,26.0,26.0,100.0,0.0,100.0,0.0,200.0,0.0,100.0,17059.0,100.0,71374222736.0,100.0,167812597721.0
2019-10-05,ZCH06NDJ,ST12000NM0007,12000138625024,0,82.0,151455936.0,90.0,0.0,100.0,9.0,100.0,0.0,86.0,404279360.0,81.0,17285.0,100.0,0.0,100.0,8.0,,,,,100.0,0.0,100.0,0.0,,,73.0,27.0,,,100.0,217.0,100.0,973.0,27.0,27.0,100.0,0.0,100.0,0.0,200.0,0.0,100.0,17091.0,100.0,71399554728.0,100.0,168010125977.0
2019-10-06,ZCH06NDJ,ST12000NM0007,12000138625024,0,76.0,40262680.0,90.0,0.0,100.0,9.0,100.0,0.0,86.0,406045004.0,81.0,17300.0,100.0,0.0,100.0,8.0,,,,,100.0,0.0,100.0,0.0,,,73.0,27.0,,,100.0,217.0,100.0,974.0,27.0,27.0,100.0,0.0,100.0,0.0,200.0,0.0,100.0,17106.0,100.0,71425301208.0,100.0,168117327065.0
2019-10-07,ZCH06NDJ,ST12000NM0007,12000138625024,0,73.0,21391880.0,90.0,0.0,100.0,9.0,100.0,0.0,86.0,409247760.0,81.0,17332.0,100.0,0.0,100.0,8.0,,,,,100.0,0.0,100.0,0.0,,,73.0,27.0,,,100.0,217.0,100.0,975.0,27.0,27.0,100.0,0.0,100.0,0.0,200.0,0.0,100.0,17138.0,100.0,71481068608.0,100.0,168286829497.0
2019-10-08,ZCH06NDJ,ST12000NM0007,12000138625024,0,82.0,155151264.0,90.0,0.0,100.0,9.0,100.0,0.0,86.0,410844406.0,81.0,17348.0,100.0,0.0,100.0,8.0,,,,,100.0,0.0,100.0,0.0,,,73.0,27.0,,,100.0,218.0,100.0,976.0,27.0,27.0,100.0,0.0,100.0,0.0,200.0,0.0,100.0,17154.0,100.0,71505551256.0,100.0,168396106233.0
2019-10-09,ZCH06NDJ,ST12000NM0007,12000138625024,0,83.0,181218440.0,90.0,0.0,100.0,9.0,100.0,0.0,86.0,414821854.0,81.0,17380.0,100.0,0.0,100.0,8.0,,,,,100.0,0.0,100.0,0.0,,,72.0,28.0,,,100.0,218.0,100.0,977.0,28.0,28.0,100.0,0.0,100.0,0.0,200.0,0.0,100.0,17186.0,100.0,71560091056.0,100.0,168611774281.0
2019-10-10,ZCH06NDJ,ST12000NM0007,12000138625024,0,77.0,52510432.0,90.0,0.0,100.0,9.0,100.0,0.0,86.0,416923627.0,81.0,17396.0,100.0,0.0,100.0,8.0,,,,,100.0,0.0,100.0,0.0,,,73.0,27.0,,,100.0,218.0,100.0,978.0,27.0,27.0,100.0,0.0,100.0,0.0,200.0,0.0,100.0,17202.0,100.0,71583021472.0,100.0,168704276713.0
2019-10-11,ZCH06NDJ,ST12000NM0007,12000138625024,0,73.0,19615760.0,90.0,0.0,100.0,9.0,100.0,0.0,86.0,419760726.0,81.0,17428.0,100.0,0.0,100.0,8.0,,,,,100.0,0.0,100.0,0.0,,,73.0,27.0,,,100.0,218.0,100.0,979.0,27.0,27.0,100.0,0.0,100.0,0.0,200.0,0.0,100.0,17233.0,100.0,71623503328.0,100.0,168875041001.0
2019-10-12,ZCH06NDJ,ST12000NM0007,12000138625024,0,81.0,134589440.0,90.0,0.0,100.0,9.0,100.0,0.0,86.0,422713573.0,81.0,17444.0,100.0,0.0,100.0,8.0,,,,,100.0,0.0,100.0,0.0,,,72.0,28.0,,,100.0,219.0,100.0,980.0,28.0,28.0,100.0,0.0,100.0,0.0,200.0,0.0,100.0,17249.0,100.0,71650610408.0,100.0,168962907601.0
2019-10-13,ZCH06NDJ,ST12000NM0007,12000138625024,0,79.0,77089760.0,90.0,0.0,100.0,9.0,100.0,0.0,86.0,425007257.0,81.0,17476.0,100.0,0.0,100.0,8.0,,,,,100.0,0.0,100.0,0.0,,,74.0,26.0,,,100.0,219.0,100.0,981.0,26.0,26.0,100.0,0.0,100.0,0.0,200.0,0.0,100.0,17281.0,100.0,71673535192.0,100.0,169126623785.0
2019-10-14,ZCH06NDJ,ST12000NM0007,12000138625024,0,82.0,164042648.0,90.0,0.0,100.0,9.0,100.0,0.0,86.0,425825868.0,81.0,17491.0,100.0,0.0,100.0,8.0,,,,,100.0,0.0,100.0,0.0,,,74.0,26.0,,,100.0,220.0,100.0,982.0,26.0,26.0,100.0,0.0,100.0,0.0,200.0,0.0,100.0,17296.0,100.0,71678931208.0,100.0,169208180657.0
2019-10-15,ZCH06NDJ,ST12000NM0007,12000138625024,0,82.0,152923480.0,90.0,0.0,100.0,9.0,100.0,0.0,86.0,427961713.0,80.0,17539.0,100.0,0.0,100.0,8.0,,,,,100.0,0.0,100.0,0.0,,,74.0,26.0,,,100.0,221.0,100.0,984.0,26.0,26.0,100.0,0.0,100.0,0.0,200.0,0.0,100.0,17344.0,100.0,71689669736.0,100.0,169430463593.0
2019-10-16,ZCH06NDJ,ST12000NM0007,12000138625024,0,82.0,152923480.0,90.0,0.0,100.0,9.0,100.0,0.0,86.0,427961713.0,80.0,17539.0,100.0,0.0,100.0,8.0,,,,,100.0,0.0,100.0,0.0,,,74.0,26.0,,,100.0,221.0,100.0,984.0,26.0,26.0,100.0,0.0,100.0,0.0,200.0,0.0,100.0,17344.0,100.0,71689669736.0,100.0,169430463593.0
2019-10-17,ZCH06NDJ,ST12000NM0007,12000138625024,0,79.0,75104872.0,90.0,0.0,100.0,9.0,100.0,0.0,86.0,430967149.0,80.0,17571.0,100.0,0.0,100.0,8.0,,,,,100.0,0.0,100.0,0.0,,,74.0,26.0,,,100.0,221.0,100.0,985.0,26.0,26.0,100.0,0.0,100.0,0.0,200.0,0.0,100.0,17375.0,100.0,71698304784.0,100.0,169588150657.0
2019-10-18,ZCH06NDJ,ST12000NM0007,12000138625024,0,83.0,195272224.0,90.0,0.0,100.0,9.0,100.0,0.0,86.0,432274631.0,80.0,17602.0,100.0,0.0,100.0,8.0,,,,,100.0,0.0,100.0,0.0,,,74.0,26.0,,,100.0,221.0,100.0,986.0,26.0,26.0,100.0,0.0,100.0,0.0,200.0,0.0,100.0,17407.0,100.0,71700959824.0,100.0,169705662969.0
2019-10-19,ZCH06NDJ,ST12000NM0007,12000138625024,0,73.0,22378616.0,90.0,0.0,100.0,9.0,100.0,0.0,86.0,434469242.0,80.0,17619.0,100.0,0.0,100.0,8.0,,,,,100.0,0.0,100.0,0.0,,,74.0,26.0,,,100.0,221.0,100.0,987.0,26.0,26.0,100.0,0.0,100.0,0.0,200.0,0.0,100.0,17424.0,100.0,71708500392.0,100.0,169769369425.0
2019-10-20,ZCH06NDJ,ST12000NM0007,12000138625024,0,83.0,222863160.0,90.0,0.0,100.0,9.0,100.0,0.0,86.0,437456552.0,80.0,17651.0,100.0,0.0,100.0,8.0,,,,,100.0,0.0,100.0,0.0,,,72.0,28.0,,,100.0,221.0,100.0,988.0,28.0,28.0,100.0,0.0,100.0,0.0,200.0,0.0,100.0,17455.0,100.0,71735279960.0,100.0,169943074401.0
2019-10-21,ZCH06NDJ,ST12000NM0007,12000138625024,0,80.0,105633080.0,90.0,0.0,100.0,9.0,100.0,0.0,86.0,441247481.0,80.0,17666.0,100.0,0.0,100.0,8.0,,,,,100.0,0.0,100.0,0.0,,,73.0,27.0,,,100.0,221.0,100.0,989.0,27.0,27.0,100.0,0.0,100.0,0.0,200.0,0.0,100.0,17471.0,100.0,71755373440.0,100.0,170049891561.0
2019-10-22,ZCH06NDJ,ST12000NM0007,12000138625024,0,70.0,9600304.0,90.0,0.0,100.0,9.0,100.0,0.0,86.0,443932618.0,80.0,17698.0,100.0,0.0,100.0,8.0,,,,,100.0,0.0,100.0,0.0,,,73.0,27.0,,,100.0,221.0,100.0,990.0,27.0,27.0,100.0,0.0,100.0,0.0,200.0,0.0,100.0,17502.0,100.0,71778200112.0,100.0,170175172833.0
2019-10-23,ZCH06NDJ,ST12000NM0007,12000138625024,0,79.0,85602560.0,90.0,0.0,100.0,9.0,100.0,0.0,86.0,445528545.0,80.0,17714.0,100.0,0.0,100.0,8.0,,,,,100.0,0.0,100.0,0.0,,,73.0,27.0,,,100.0,222.0,100.0,991.0,27.0,27.0,100.0,0.0,100.0,0.0,200.0,0.0,100.0,17519.0,100.0,71788918112.0,100.0,170240457089.0
2019-10-24,ZCH06NDJ,ST12000NM0007,12000138625024,0,74.0,24447096.0,90.0,0.0,100.0,9.0,100.0,0.0,87.0,449696501.0,80.0,17746.0,100.0,0.0,100.0,8.0,,,,,100.0,0.0,100.0,0.0,,,73.0,27.0,,,100.0,222.0,100.0,992.0,27.0,27.0,100.0,0.0,100.0,0.0,200.0,0.0,100.0,17550.0,100.0,71822662304.0,100.0,170389698153.0
2019-10-25,ZCH06NDJ,ST12000NM0007,12000138625024,0,81.0,114816256.0,90.0,0.0,100.0,9.0,100.0,0.0,87.0,450832133.0,80.0,17762.0,100.0,0.0,100.0,8.0,,,,,100.0,0.0,100.0,0.0,,,74.0,26.0,,,100.0,222.0,100.0,993.0,26.0,26.0,100.0,0.0,100.0,0.0,200.0,0.0,100.0,17566.0,100.0,71834717760.0,100.0,170468011857.0
2019-10-26,ZCH06NDJ,ST12000NM0007,12000138625024,0,77.0,53048256.0,90.0,0.0,100.0,9.0,100.0,0.0,87.0,454741869.0,80.0,17793.0,100.0,0.0,100.0,8.0,,,,,100.0,0.0,100.0,0.0,,,74.0,26.0,,,100.0,222.0,100.0,995.0,26.0,26.0,100.0,0.0,100.0,0.0,200.0,0.0,100.0,17597.0,100.0,71863111320.0,100.0,170621990977.0
2019-10-27,ZCH06NDJ,ST12000NM0007,12000138625024,0,81.0,117989766.0,90.0,0.0,100.0,9.0,100.0,0.0,87.0,455790535.0,80.0,17809.0,100.0,0.0,100.0,8.0,,,,,100.0,0.0,100.0,0.0,,,74.0,26.0,,,100.0,222.0,100.0,995.0,26.0,26.0,100.0,0.0,100.0,0.0,200.0,0.0,100.0,17613.0,100.0,71873566288.0,100.0,170676477519.0
2019-10-28,ZCH06NDJ,ST12000NM0007,12000138625024,0,73.0,21741168.0,90.0,0.0,100.0,9.0,100.0,0.0,87.0,458172856.0,80.0,17841.0,100.0,0.0,100.0,8.0,,,,,100.0,0.0,100.0,0.0,,,73.0,27.0,,,100.0,223.0,100.0,996.0,27.0,27.0,100.0,0.0,100.0,0.0,200.0,0.0,100.0,17645.0,100.0,71898980848.0,100.0,170798955039.0
2019-10-29,ZCH06NDJ,ST12000NM0007,12000138625024,0,81.0,124524560.0,90.0,0.0,100.0,9.0,100.0,0.0,87.0,459504405.0,80.0,17857.0,100.0,0.0,100.0,8.0,,,,,100.0,0.0,100.0,0.0,,,73.0,27.0,,,100.0,223.0,100.0,997.0,27.0,27.0,100.0,0.0,100.0,0.0,200.0,0.0,100.0,17660.0,100.0,71916150608.0,100.0,170884568671.0
2019-10-30,ZCH06NDJ,ST12000NM0007,12000138625024,0,76.0,37110072.0,90.0,0.0,100.0,9.0,100.0,0.0,87.0,463034869.0,80.0,17889.0,100.0,0.0,100.0,8.0,,,,,100.0,0.0,100.0,0.0,,,71.0,29.0,,,100.0,224.0,100.0,998.0,29.0,29.0,100.0,0.0,100.0,0.0,200.0,0.0,100.0,17692.0,100.0,71969464632.0,100.0,170987980791.0
2019-10-31,ZCH06NDJ,ST12000NM0007,12000138625024,0,81.0,139390312.0,90.0,0.0,100.0,9.0,100.0,0.0,87.0,465295991.0,80.0,17904.0,100.0,0.0,100.0,8.0,,,,,100.0,0.0,100.0,0.0,,,72.0,28.0,,,100.0,224.0,100.0,999.0,28.0,28.0,100.0,0.0,100.0,0.0,200.0,0.0,100.0,17707.0,100.0,71987449080.0,100.0,171072276583.0
2019-11-01,ZCH06NDJ,ST12000NM0007,12000138625024,0,82.0,146275000.0,90.0,0.0,100.0,9.0,100.0,0.0,87.0,468369038.0,80.0,17936.0,100.0,0.0,100.0,8.0,,,,,100.0,0.0,100.0,0.0,,,72.0,28.0,,,100.0,224.0,100.0,1000.0,28.0,28.0,100.0,0.0,100.0,0.0,200.0,0.0,100.0,17739.0,100.0,72015069760.0,100.0,171295681239.0
2019-11-02,ZCH06NDJ,ST12000NM0007,12000138625024,0,84.0,239089856.0,90.0,0.0,100.0,9.0,100.0,0.0,87.0,469991845.0,80.0,17952.0,100.0,0.0,100.0,8.0,,,,,100.0,0.0,100.0,0.0,,,72.0,28.0,,,100.0,225.0,100.0,1001.0,28.0,28.0,100.0,0.0,100.0,0.0,200.0,0.0,100.0,17754.0,100.0,72026923768.0,100.0,171376642087.0
2019-11-03,ZCH06NDJ,ST12000NM0007,12000138625024,0,76.0,35870808.0,90.0,0.0,100.0,9.0,100.0,0.0,87.0,474366440.0,80.0,17983.0,100.0,0.0,100.0,8.0,,,,,100.0,0.0,100.0,0.0,,,72.0,28.0,,,100.0,226.0,100.0,1002.0,28.0,28.0,100.0,0.0,100.0,0.0,200.0,0.0,100.0,17786.0,100.0,72039943096.0,100.0,171648685087.0
2019-11-04,ZCH06NDJ,ST12000NM0007,12000138625024,0,83.0,181461752.0,90.0,0.0,100.0,9.0,100.0,0.0,87.0,475847549.0,80.0,17999.0,100.0,0.0,100.0,8.0,,,,,100.0,0.0,100.0,0.0,,,70.0,30.0,,,100.0,226.0,100.0,1003.0,30.0,30.0,100.0,0.0,100.0,0.0,200.0,0.0,100.0,17802.0,100.0,72046847176.0,100.0,171787371951.0
2019-11-06,ZCH06NDJ,ST12000NM0007,12000138625024,0,81.0,140597160.0,90.0,0.0,100.0,9.0,100.0,0.0,87.0,480063832.0,80.0,18046.0,100.0,0.0,100.0,8.0,,,,,100.0,0.0,100.0,0.0,,,72.0,28.0,,,100.0,228.0,100.0,1005.0,28.0,28.0,100.0,0.0,100.0,0.0,200.0,0.0,100.0,17849.0,100.0,72068858016.0,100.0,172212777855.0
2019-11-07,ZCH06NDJ,ST12000NM0007,12000138625024,0,72.0,15381008.0,90.0,0.0,100.0,9.0,100.0,0.0,87.0,483692285.0,80.0,18078.0,100.0,0.0,100.0,8.0,,,,,100.0,0.0,100.0,0.0,,,73.0,27.0,,,100.0,229.0,100.0,1007.0,27.0,27.0,100.0,0.0,100.0,0.0,200.0,0.0,100.0,17880.0,100.0,72092101152.0,100.0,172552599831.0
2019-11-08,ZCH06NDJ,ST12000NM0007,12000138625024,0,82.0,166047960.0,90.0,0.0,100.0,9.0,100.0,0.0,87.0,485090432.0,80.0,18094.0,100.0,0.0,100.0,8.0,,,,,100.0,0.0,100.0,0.0,,,73.0,27.0,,,100.0,229.0,100.0,1008.0,27.0,27.0,100.0,0.0,100.0,0.0,200.0,0.0,100.0,17896.0,100.0,72096908104.0,100.0,172698459831.0
2019-11-09,ZCH06NDJ,ST12000NM0007,12000138625024,0,82.0,145283536.0,90.0,0.0,100.0,9.0,100.0,0.0,87.0,489128848.0,80.0,18125.0,100.0,0.0,100.0,8.0,,,,,100.0,0.0,100.0,0.0,,,73.0,27.0,,,100.0,230.0,100.0,1009.0,27.0,27.0,100.0,0.0,100.0,0.0,200.0,0.0,100.0,17927.0,100.0,72116351936.0,100.0,172902392263.0
2019-11-10,ZCH06NDJ,ST12000NM0007,12000138625024,0,77.0,55776120.0,90.0,0.0,100.0,9.0,100.0,0.0,87.0,490644258.0,80.0,18141.0,100.0,0.0,100.0,8.0,,,,,100.0,0.0,100.0,0.0,,,73.0,27.0,,,100.0,231.0,100.0,1010.0,27.0,27.0,100.0,0.0,100.0,0.0,200.0,0.0,100.0,17943.0,100.0,72127992984.0,100.0,173045384471.0
2019-11-11,ZCH06NDJ,ST12000NM0007,12000138625024,0,82.0,175320264.0,90.0,0.0,100.0,9.0,100.0,0.0,87.0,493823410.0,80.0,18173.0,100.0,0.0,100.0,8.0,,,,,100.0,0.0,100.0,0.0,,,73.0,27.0,,,100.0,231.0,100.0,1011.0,27.0,27.0,100.0,0.0,100.0,0.0,200.0,0.0,100.0,17974.0,100.0,72144423368.0,100.0,173392638927.0
2019-11-12,ZCH06NDJ,ST12000NM0007,12000138625024,0,80.0,101401808.0,90.0,0.0,100.0,9.0,100.0,0.0,87.0,495354962.0,80.0,18188.0,100.0,0.0,100.0,8.0,,,,,100.0,0.0,100.0,0.0,,,73.0,27.0,,,100.0,232.0,100.0,1012.0,27.0,27.0,100.0,0.0,100.0,0.0,200.0,0.0,100.0,17990.0,100.0,72151317304.0,100.0,173555967223.0
2019-11-13,ZCH06NDJ,ST12000NM0007,12000138625024,0,83.0,203659800.0,90.0,0.0,100.0,9.0,100.0,0.0,87.0,498369058.0,80.0,18220.0,100.0,0.0,100.0,8.0,,,,,100.0,0.0,100.0,0.0,,,72.0,28.0,,,100.0,233.0,100.0,1013.0,28.0,28.0,100.0,0.0,100.0,0.0,200.0,0.0,100.0,18021.0,100.0,72171454224.0,100.0,173882229159.0
2019-11-14,ZCH06NDJ,ST12000NM0007,12000138625024,0,83.0,183217776.0,90.0,0.0,100.0,9.0,100.0,0.0,87.0,501553126.0,80.0,18236.0,100.0,0.0,100.0,8.0,,,,,100.0,0.0,100.0,0.0,,,71.0,29.0,,,100.0,233.0,100.0,1014.0,29.0,29.0,100.0,0.0,100.0,0.0,200.0,0.0,100.0,18037.0,100.0,72176550152.0,100.0,174100831911.0
2019-11-15,ZCH06NDJ,ST12000NM0007,12000138625024,0,73.0,17989976.0,90.0,0.0,100.0,9.0,100.0,0.0,87.0,507193555.0,80.0,18267.0,100.0,0.0,100.0,8.0,,,,,100.0,0.0,100.0,0.0,,,73.0,27.0,,,100.0,233.0,100.0,1015.0,27.0,27.0,100.0,0.0,100.0,0.0,200.0,0.0,100.0,18068.0,100.0,72192589752.0,100.0,174407845863.0
2019-11-16,ZCH06NDJ,ST12000NM0007,12000138625024,0,82.0,149575464.0,90.0,0.0,100.0,9.0,100.0,0.0,87.0,509074097.0,80.0,18283.0,100.0,0.0,100.0,8.0,,,,,100.0,0.0,100.0,0.0,,,73.0,27.0,,,100.0,233.0,100.0,1016.0,27.0,27.0,100.0,0.0,100.0,0.0,200.0,0.0,100.0,18084.0,100.0,72201671768.0,100.0,174530349335.0
2019-11-17,ZCH06NDJ,ST12000NM0007,12000138625024,0,82.0,173501080.0,90.0,0.0,100.0,9.0,100.0,0.0,87.0,512735149.0,80.0,18315.0,100.0,0.0,100.0,8.0,,,,,100.0,0.0,100.0,0.0,,,68.0,32.0,,,100.0,233.0,100.0,1017.0,32.0,32.0,100.0,0.0,100.0,0.0,200.0,0.0,100.0,18115.0,100.0,72214425576.0,100.0,174785661887.0
2019-11-18,ZCH06NDJ,ST12000NM0007,12000138625024,0,79.0,73098904.0,90.0,0.0,100.0,9.0,100.0,0.0,87.0,514096062.0,80.0,18331.0,100.0,0.0,100.0,8.0,,,,,100.0,0.0,100.0,0.0,,,73.0,27.0,,,100.0,233.0,100.0,1018.0,27.0,27.0,100.0,0.0,100.0,0.0,200.0,0.0,100.0,18131.0,100.0,72220862760.0,100.0,174922963327.0
2019-11-19,ZCH06NDJ,ST12000NM0007,12000138625024,0,82.0,145359160.0,90.0,0.0,100.0,9.0,100.0,0.0,87.0,516862936.0,80.0,18362.0,100.0,0.0,100.0,8.0,,,,,100.0,0.0,100.0,0.0,,,73.0,27.0,,,100.0,233.0,100.0,1019.0,27.0,27.0,100.0,0.0,100.0,0.0,200.0,0.0,100.0,18163.0,100.0,72245069240.0,100.0,175215157767.0
2019-11-20,ZCH06NDJ,ST12000NM0007,12000138625024,0,78.0,69409744.0,90.0,0.0,100.0,9.0,100.0,0.0,87.0,518307076.0,80.0,18378.0,100.0,0.0,100.0,8.0,,,,,100.0,0.0,100.0,0.0,,,73.0,27.0,,,100.0,233.0,100.0,1020.0,27.0,27.0,100.0,0.0,100.0,0.0,200.0,0.0,100.0,18178.0,100.0,72252628864.0,100.0,175375789639.0
2019-11-21,ZCH06NDJ,ST12000NM0007,12000138625024,0,83.0,194257608.0,90.0,0.0,100.0,9.0,100.0,0.0,87.0,522087352.0,79.0,18410.0,100.0,0.0,100.0,8.0,,,,,100.0,0.0,100.0,0.0,,,73.0,27.0,,,100.0,233.0,100.0,1021.0,27.0,27.0,100.0,0.0,100.0,0.0,200.0,0.0,100.0,18210.0,100.0,72272586496.0,100.0,175724820727.0
2019-11-22,ZCH06NDJ,ST12000NM0007,12000138625024,0,84.0,240384312.0,90.0,0.0,100.0,9.0,100.0,0.0,87.0,524546703.0,79.0,18441.0,100.0,0.0,100.0,8.0,,,,,100.0,0.0,100.0,0.0,,,72.0,28.0,,,100.0,234.0,100.0,1022.0,28.0,28.0,100.0,0.0,100.0,0.0,200.0,0.0,100.0,18241.0,100.0,72281832888.0,100.0,176005841855.0
2019-11-23,ZCH06NDJ,ST12000NM0007,12000138625024,0,77.0,54405136.0,90.0,0.0,100.0,9.0,100.0,0.0,87.0,526694060.0,79.0,18457.0,100.0,0.0,100.0,8.0,,,,,100.0,0.0,100.0,0.0,,,74.0,26.0,,,100.0,235.0,100.0,1023.0,26.0,26.0,100.0,0.0,100.0,0.0,200.0,0.0,100.0,18256.0,100.0,72281846904.0,100.0,176063989343.0
2019-11-24,ZCH06NDJ,ST12000NM0007,12000138625024,0,76.0,43453208.0,90.0,0.0,100.0,9.0,100.0,0.0,87.0,528908466.0,79.0,18488.0,100.0,0.0,100.0,8.0,,,,,100.0,0.0,100.0,0.0,,,74.0,26.0,,,100.0,235.0,100.0,1024.0,26.0,26.0,100.0,0.0,100.0,0.0,200.0,0.0,100.0,18288.0,100.0,72282260712.0,100.0,176296764303.0
2019-11-25,ZCH06NDJ,ST12000NM0007,12000138625024,0,82.0,156701624.0,90.0,0.0,100.0,9.0,100.0,0.0,87.0,529838676.0,79.0,18504.0,100.0,0.0,100.0,8.0,,,,,100.0,0.0,100.0,0.0,,,74.0,26.0,,,100.0,236.0,100.0,1025.0,26.0,26.0,100.0,0.0,100.0,0.0,200.0,0.0,100.0,18303.0,100.0,72282452192.0,100.0,176409821239.0
2019-11-26,ZCH06NDJ,ST12000NM0007,12000138625024,0,75.0,30827848.0,90.0,0.0,100.0,9.0,100.0,0.0,87.0,532517568.0,79.0,18535.0,100.0,0.0,100.0,8.0,,,,,100.0,0.0,100.0,0.0,,,74.0,26.0,,,100.0,236.0,100.0,1026.0,26.0,26.0,100.0,0.0,100.0,0.0,200.0,0.0,100.0,18335.0,100.0,72282832544.0,100.0,176771848679.0
2019-11-27,ZCH06NDJ,ST12000NM0007,12000138625024,0,82.0,147742248.0,90.0,0.0,100.0,9.0,100.0,0.0,87.0,533556620.0,79.0,18551.0,100.0,0.0,100.0,8.0,,,,,100.0,0.0,100.0,0.0,,,73.0,27.0,,,100.0,236.0,100.0,1027.0,27.0,27.0,100.0,0.0,100.0,0.0,200.0,0.0,100.0,18350.0,100.0,72283020408.0,100.0,176888575215.0
2019-11-28,ZCH06NDJ,ST12000NM0007,12000138625024,0,74.0,25189168.0,90.0,0.0,100.0,9.0,100.0,0.0,87.0,537851736.0,79.0,18583.0,100.0,0.0,100.0,8.0,,,,,100.0,0.0,100.0,0.0,,,73.0,27.0,,,100.0,237.0,100.0,1028.0,27.0,27.0,100.0,0.0,100.0,0.0,200.0,0.0,100.0,18382.0,100.0,72283418696.0,100.0,177253905135.0
2019-11-29,ZCH06NDJ,ST12000NM0007,12000138625024,0,83.0,184239808.0,90.0,0.0,100.0,9.0,100.0,0.0,87.0,539135496.0,79.0,18599.0,100.0,0.0,100.0,8.0,,,,,100.0,0.0,100.0,0.0,,,74.0,26.0,,,100.0,237.0,100.0,1029.0,26.0,26.0,100.0,0.0,100.0,0.0,200.0,0.0,100.0,18397.0,100.0,72283605232.0,100.0,177412769239.0
2019-11-30,ZCH06NDJ,ST12000NM0007,12000138625024,0,84.0,232939184.0,90.0,0.0,100.0,9.0,100.0,0.0,87.0,543168554.0,79.0,18630.0,100.0,0.0,100.0,8.0,,,,,100.0,0.0,100.0,0.0,,,74.0,26.0,,,100.0,237.0,100.0,1030.0,26.0,26.0,100.0,0.0,100.0,0.0,200.0,0.0,100.0,18429.0,100.0,72283911560.0,100.0,177705303159.0
2019-12-01,ZCH06NDJ,ST12000NM0007,12000138625024,0,75.0,28351816.0,90.0,0.0,100.0,9.0,100.0,0.0,87.0,545595980.0,79.0,18662.0,100.0,0.0,100.0,8.0,,,,,100.0,0.0,100.0,0.0,,,73.0,27.0,,,100.0,238.0,100.0,1032.0,27.0,27.0,100.0,0.0,100.0,0.0,200.0,0.0,100.0,18460.0,100.0,72284289344.0,100.0,177988619847.0
2019-12-02,ZCH06NDJ,ST12000NM0007,12000138625024,0,83.0,188231288.0,90.0,0.0,100.0,9.0,100.0,0.0,87.0,546932921.0,79.0,18677.0,100.0,0.0,100.0,8.0,,,,,100.0,0.0,100.0,0.0,,,74.0,26.0,,,100.0,238.0,100.0,1032.0,26.0,26.0,100.0,0.0,100.0,0.0,200.0,0.0,100.0,18476.0,100.0,72284476216.0,100.0,178148312447.0
2019-12-03,ZCH06NDJ,ST12000NM0007,12000138625024,0,83.0,220338560.0,90.0,0.0,100.0,9.0,100.0,0.0,87.0,549288237.0,79.0,18709.0,100.0,0.0,100.0,8.0,,,,,100.0,0.0,100.0,0.0,,,74.0,26.0,,,100.0,239.0,100.0,1034.0,26.0,26.0,100.0,0.0,100.0,0.0,200.0,0.0,100.0,18507.0,100.0,72284860696.0,100.0,178424175895.0
2019-12-04,ZCH06NDJ,ST12000NM0007,12000138625024,0,80.0,89132632.0,90.0,0.0,100.0,9.0,100.0,0.0,87.0,551576831.0,79.0,18725.0,100.0,0.0,100.0,8.0,,,,,100.0,0.0,100.0,0.0,,,73.0,27.0,,,100.0,239.0,100.0,1034.0,27.0,27.0,100.0,0.0,100.0,0.0,200.0,0.0,100.0,18523.0,100.0,72285053288.0,100.0,178536918127.0
2019-12-05,ZCH06NDJ,ST12000NM0007,12000138625024,0,81.0,113564832.0,90.0,0.0,100.0,9.0,100.0,0.0,87.0,554162124.0,79.0,18756.0,100.0,0.0,100.0,8.0,,,,,100.0,0.0,100.0,0.0,,,74.0,26.0,,,100.0,239.0,100.0,1036.0,26.0,26.0,100.0,0.0,100.0,0.0,200.0,0.0,100.0,18554.0,100.0,72286176080.0,100.0,178804368327.0
2019-12-06,ZCH06NDJ,ST12000NM0007,12000138625024,0,73.0,21903760.0,90.0,0.0,100.0,9.0,100.0,0.0,87.0,555473013.0,79.0,18772.0,100.0,0.0,100.0,8.0,,,,,100.0,0.0,100.0,0.0,,,74.0,26.0,,,100.0,239.0,100.0,1036.0,26.0,26.0,100.0,0.0,100.0,0.0,200.0,0.0,100.0,18570.0,100.0,72288675288.0,100.0,178954348759.0
2019-12-07,ZCH06NDJ,ST12000NM0007,12000138625024,0,79.0,86518720.0,90.0,0.0,100.0,9.0,100.0,0.0,87.0,559721252.0,79.0,18804.0,100.0,0.0,100.0,8.0,,,,,100.0,0.0,100.0,0.0,,,73.0,27.0,,,100.0,239.0,100.0,1038.0,27.0,27.0,100.0,0.0,100.0,0.0,200.0,0.0,100.0,18602.0,100.0,72289022336.0,100.0,179262757351.0
2019-12-08,ZCH06NDJ,ST12000NM0007,12000138625024,0,74.0,24288224.0,90.0,0.0,100.0,9.0,100.0,0.0,87.0,561349228.0,79.0,18820.0,100.0,0.0,100.0,8.0,,,,,100.0,0.0,100.0,0.0,,,73.0,27.0,,,100.0,239.0,100.0,1038.0,27.0,27.0,100.0,0.0,100.0,0.0,200.0,0.0,100.0,18618.0,100.0,72289216152.0,100.0,179444473671.0
2019-12-09,ZCH06NDJ,ST12000NM0007,12000138625024,0,81.0,137367544.0,90.0,0.0,100.0,9.0,100.0,0.0,88.0,564444817.0,79.0,18851.0,100.0,0.0,100.0,8.0,,,,,100.0,0.0,100.0,0.0,,,74.0,26.0,,,100.0,240.0,100.0,1040.0,26.0,26.0,100.0,0.0,100.0,0.0,200.0,0.0,100.0,18649.0,100.0,72289594016.0,100.0,179801315799.0
2019-12-10,ZCH06NDJ,ST12000NM0007,12000138625024,0,79.0,74051072.0,90.0,0.0,100.0,9.0,100.0,0.0,88.0,565984395.0,79.0,18867.0,100.0,0.0,100.0,8.0,,,,,100.0,0.0,100.0,0.0,,,73.0,27.0,,,100.0,240.0,100.0,1040.0,27.0,27.0,100.0,0.0,100.0,0.0,200.0,0.0,100.0,18665.0,100.0,72289786128.0,100.0,179981947919.0
2019-12-11,ZCH06NDJ,ST12000NM0007,12000138625024,0,83.0,220116160.0,90.0,0.0,100.0,9.0,100.0,0.0,88.0,567319538.0,79.0,18883.0,100.0,0.0,100.0,8.0,,,,,100.0,0.0,100.0,0.0,,,74.0,26.0,,,100.0,240.0,100.0,1041.0,26.0,26.0,100.0,0.0,100.0,0.0,200.0,0.0,100.0,18681.0,100.0,72289974040.0,100.0,180127825095.0
2019-12-12,ZCH06NDJ,ST12000NM0007,12000138625024,0,76.0,37176592.0,90.0,0.0,100.0,9.0,100.0,0.0,88.0,571369211.0,79.0,18915.0,100.0,0.0,100.0,8.0,,,,,100.0,0.0,100.0,0.0,,,73.0,27.0,,,100.0,240.0,100.0,1042.0,27.0,27.0,100.0,0.0,100.0,0.0,200.0,0.0,100.0,18712.0,100.0,72290359112.0,100.0,180432781975.0
2019-12-13,ZCH06NDJ,ST12000NM0007,12000138625024,0,83.0,186190440.0,90.0,0.0,100.0,9.0,100.0,0.0,88.0,572632530.0,79.0,18930.0,100.0,0.0,100.0,8.0,,,,,100.0,0.0,100.0,0.0,,,73.0,27.0,,,100.0,240.0,100.0,1043.0,27.0,27.0,100.0,0.0,100.0,0.0,200.0,0.0,100.0,18728.0,100.0,72290541872.0,100.0,180581613063.0
2019-12-14,ZCH06NDJ,ST12000NM0007,12000138625024,0,83.0,210695168.0,90.0,0.0,100.0,9.0,100.0,0.0,88.0,576300888.0,79.0,18962.0,100.0,0.0,100.0,8.0,,,,,100.0,0.0,100.0,0.0,,,73.0,27.0,,,100.0,240.0,100.0,1044.0,27.0,27.0,100.0,0.0,100.0,0.0,200.0,0.0,100.0,18759.0,100.0,72290832648.0,100.0,180849967719.0
2019-12-15,ZCH06NDJ,ST12000NM0007,12000138625024,0,81.0,124746984.0,90.0,0.0,100.0,9.0,100.0,0.0,88.0,577538589.0,79.0,18978.0,100.0,0.0,100.0,8.0,,,,,100.0,0.0,100.0,0.0,,,73.0,27.0,,,100.0,241.0,100.0,1045.0,27.0,27.0,100.0,0.0,100.0,0.0,200.0,0.0,100.0,18775.0,100.0,72291027144.0,100.0,181007965847.0
2019-12-16,ZCH06NDJ,ST12000NM0007,12000138625024,0,83.0,199692080.0,90.0,0.0,100.0,9.0,100.0,0.0,88.0,580082375.0,79.0,19009.0,100.0,0.0,100.0,8.0,,,,,100.0,0.0,100.0,0.0,,,74.0,26.0,,,100.0,241.0,100.0,1046.0,26.0,26.0,100.0,0.0,100.0,0.0,200.0,0.0,100.0,18806.0,100.0,72291458440.0,100.0,181326620343.0
2019-12-17,ZCH06NDJ,ST12000NM0007,12000138625024,0,78.0,60042400.0,90.0,0.0,100.0,9.0,100.0,0.0,88.0,581106374.0,79.0,19025.0,100.0,0.0,100.0,8.0,,,,,100.0,0.0,100.0,0.0,,,73.0,27.0,,,100.0,242.0,100.0,1047.0,27.0,27.0,100.0,0.0,100.0,0.0,200.0,0.0,100.0,18821.0,100.0,72291647552.0,100.0,181430922183.0
2019-12-18,ZCH06NDJ,ST12000NM0007,12000138625024,0,81.0,119922568.0,90.0,0.0,100.0,9.0,100.0,0.0,88.0,583739197.0,79.0,19057.0,100.0,0.0,100.0,8.0,,,,,100.0,0.0,100.0,0.0,,,73.0,27.0,,,100.0,242.0,100.0,1048.0,27.0,27.0,100.0,0.0,100.0,0.0,200.0,0.0,100.0,18853.0,100.0,72292041488.0,100.0,181734549119.0
2019-12-19,ZCH06NDJ,ST12000NM0007,12000138625024,0,82.0,175000988.0,90.0,0.0,100.0,9.0,100.0,0.0,88.0,587391145.0,79.0,19089.0,100.0,0.0,100.0,8.0,,,,,100.0,0.0,100.0,0.0,,,73.0,27.0,,,100.0,242.0,100.0,1052.0,27.0,27.0,100.0,0.0,100.0,0.0,200.0,0.0,100.0,18884.0,100.0,72292421992.0,100.0,182033387667.0
2019-12-20,ZCH06NDJ,ST12000NM0007,12000138625024,0,79.0,84319870.0,90.0,0.0,100.0,9.0,100.0,0.0,88.0,588597647.0,79.0,19104.0,100.0,0.0,100.0,8.0,,,,,100.0,0.0,100.0,0.0,,,74.0,26.0,,,100.0,242.0,100.0,1053.0,26.0,26.0,100.0,0.0,100.0,0.0,200.0,0.0,100.0,18900.0,100.0,72292615528.0,100.0,182186653849.0
2019-12-21,ZCH06NDJ,ST12000NM0007,12000138625024,0,74.0,22428664.0,90.0,0.0,100.0,9.0,100.0,0.0,88.0,589846217.0,79.0,19120.0,100.0,0.0,100.0,8.0,,,,,100.0,0.0,100.0,0.0,,,74.0,26.0,,,100.0,242.0,100.0,1054.0,26.0,26.0,100.0,0.0,100.0,0.0,200.0,0.0,100.0,18915.0,100.0,72292815848.0,100.0,182368702951.0
2019-12-22,ZCH06NDJ,ST12000NM0007,12000138625024,0,79.0,85709960.0,90.0,0.0,100.0,10.0,100.0,0.0,88.0,592107798.0,79.0,19152.0,100.0,0.0,100.0,9.0,,,,,100.0,0.0,100.0,0.0,,,74.0,26.0,,,100.0,243.0,100.0,1059.0,26.0,26.0,100.0,0.0,100.0,0.0,200.0,0.0,100.0,18947.0,100.0,72293205680.0,100.0,182675735057.0
2019-12-23,ZCH06NDJ,ST12000NM0007,12000138625024,0,66.0,3561488.0,90.0,0.0,100.0,10.0,100.0,0.0,88.0,593237026.0,79.0,19168.0,100.0,0.0,100.0,9.0,,,,,100.0,0.0,100.0,0.0,,,73.0,27.0,,,100.0,243.0,100.0,1059.0,27.0,27.0,100.0,0.0,100.0,0.0,200.0,0.0,100.0,18963.0,100.0,72293405368.0,100.0,182837527537.0
2019-12-24,ZCH06NDJ,ST12000NM0007,12000138625024,0,76.0,35895408.0,90.0,0.0,100.0,10.0,100.0,0.0,88.0,595402170.0,79.0,19199.0,100.0,0.0,100.0,9.0,,,,,100.0,0.0,100.0,0.0,,,74.0,26.0,,,100.0,243.0,100.0,1061.0,26.0,26.0,100.0,0.0,100.0,0.0,200.0,0.0,100.0,18994.0,100.0,72293793160.0,100.0,183113614409.0
2019-12-25,ZCH06NDJ,ST12000NM0007,12000138625024,0,81.0,126367928.0,90.0,0.0,100.0,10.0,100.0,0.0,88.0,596357540.0,79.0,19215.0,100.0,0.0,100.0,9.0,,,,,100.0,0.0,100.0,0.0,,,73.0,27.0,,,100.0,243.0,100.0,1061.0,27.0,27.0,100.0,0.0,100.0,0.0,200.0,0.0,100.0,19010.0,100.0,72293993072.0,100.0,183203887017.0
2019-12-26,ZCH06NDJ,ST12000NM0007,12000138625024,0,83.0,200793824.0,90.0,0.0,100.0,10.0,100.0,0.0,88.0,598798023.0,79.0,19247.0,100.0,0.0,100.0,9.0,,,,,100.0,0.0,100.0,0.0,,,74.0,26.0,,,100.0,243.0,100.0,1063.0,26.0,26.0,100.0,0.0,100.0,0.0,200.0,0.0,100.0,19041.0,100.0,72294381232.0,100.0,183522065393.0
2019-12-27,ZCH06NDJ,ST12000NM0007,12000138625024,0,76.0,41131632.0,90.0,0.0,100.0,10.0,100.0,0.0,88.0,601128356.0,78.0,19278.0,100.0,0.0,100.0,9.0,,,,,100.0,0.0,100.0,0.0,,,74.0,26.0,,,100.0,243.0,100.0,1064.0,26.0,26.0,100.0,0.0,100.0,0.0,200.0,0.0,100.0,19073.0,100.0,72294774304.0,100.0,183850291489.0
2019-12-28,ZCH06NDJ,ST12000NM0007,12000138625024,0,100.0,539840.0,90.0,0.0,100.0,10.0,100.0,0.0,88.0,602619621.0,78.0,19294.0,100.0,0.0,100.0,9.0,,,,,100.0,0.0,100.0,0.0,,,74.0,26.0,,,100.0,243.0,100.0,1065.0,26.0,26.0,100.0,0.0,100.0,0.0,200.0,0.0,100.0,19089.0,100.0,72294970424.0,100.0,184053644353.0
2019-12-29,ZCH06NDJ,ST12000NM0007,12000138625024,0,79.0,82645416.0,90.0,0.0,100.0,10.0,100.0,0.0,88.0,605259224.0,78.0,19325.0,100.0,0.0,100.0,9.0,,,,,100.0,0.0,100.0,0.0,,,74.0,26.0,,,100.0,243.0,100.0,1066.0,26.0,26.0,100.0,0.0,100.0,0.0,200.0,0.0,100.0,19120.0,100.0,72295357872.0,100.0,184379503177.0
2019-12-30,ZCH06NDJ,ST12000NM0007,12000138625024,0,83.0,214487336.0,90.0,0.0,100.0,10.0,100.0,0.0,88.0,606292702.0,78.0,19341.0,100.0,0.0,100.0,9.0,,,,,100.0,0.0,100.0,0.0,,,74.0,26.0,,,100.0,243.0,100.0,1066.0,26.0,26.0,100.0,0.0,100.0,0.0,200.0,0.0,100.0,19136.0,100.0,72295551008.0,100.0,184511151961.0
2019-12-31,ZCH06NDJ,ST12000NM0007,12000138625024,0,79.0,71953072.0,90.0,0.0,100.0,10.0,100.0,0.0,88.0,608960367.0,78.0,19373.0,100.0,0.0,100.0,9.0,,,,,100.0,0.0,100.0,0.0,,,73.0,27.0,,,100.0,243.0,100.0,1068.0,27.0,27.0,100.0,0.0,100.0,0.0,200.0,0.0,100.0,19167.0,100.0,72295947544.0,100.0,184856502473.0
