2019-01-01,ZCH0BP6F,ST12000NM0007,12000138625024,0,80,102193800,97.0,0.0,100.0,3.0,100.0,0.0,89.0,804548572.0,91,8534,100.0,0.0,100,2,,,,,100.0,0.0,100.0,0.0,,,63.0,37.0,,,100.0,145.0,100.0,484.0,37,37,100.0,0.0,100.0,0.0,200.0,0.0,100.0,8439.0,100.0,39590652384.0,100.0,66224549568.0
2019-01-02,ZCH0BP6F,ST12000NM0007,12000138625024,0,82,166347200,97.0,0.0,100.0,3.0,100.0,0.0,89.0,807119738.0,91,8557,100.0,0.0,100,2,,,,,100.0,0.0,100.0,0.0,,,63.0,37.0,,,100.0,146.0,100.0,485.0,37,37,100.0,0.0,100.0,0.0,200.0,0.0,100.0,8463.0,100.0,39671925520.0,100.0,66451570472.0
2019-01-03,ZCH0BP6F,ST12000NM0007,12000138625024,0,84.0,238625592.0,97.0,0.0,100.0,3.0,100.0,0.0,89.0,809609809.0,91.0,8581.0,100.0,0.0,100.0,2.0,,,,,100.0,0.0,100.0,0.0,,,64.0,36.0,,,100.0,146.0,100.0,486.0,36.0,36.0,100.0,0.0,100.0,0.0,200.0,0.0,100.0,8487.0,100.0,39773260128.0,100.0,66666655064.0
2019-01-04,ZCH0BP6F,ST12000NM0007,12000138625024,0,79,82128616,97.0,0.0,100.0,3.0,100.0,0.0,89.0,812241546.0,91,8606,100.0,0.0,100,2,,,,,100.0,0.0,100.0,0.0,,,63.0,37.0,,,100.0,146.0,100.0,487.0,37,37,100.0,0.0,100.0,0.0,200.0,0.0,100.0,8511.0,100.0,39860920352.0,100.0,66910779464.0
2019-01-05,ZCH0BP6F,ST12000NM0007,12000138625024,0,82,152316168,97.0,0.0,100.0,3.0,100.0,0.0,89.0,814783807.0,91,8629,100.0,0.0,100,2,,,,,100.0,0.0,100.0,0.0,,,62.0,38.0,,,100.0,147.0,100.0,488.0,38,38,100.0,0.0,100.0,0.0,200.0,0.0,100.0,8535.0,100.0,39941248552.0,100.0,67144779544.0
2019-01-06,ZCH0BP6F,ST12000NM0007,12000138625024,0,83,212968424,97.0,0.0,100.0,3.0,100.0,0.0,89.0,817670718.0,91,8653,100.0,0.0,100,2,,,,,100.0,0.0,100.0,0.0,,,63.0,37.0,,,100.0,147.0,100.0,489.0,37,37,100.0,0.0,100.0,0.0,200.0,0.0,100.0,8558.0,100.0,40031192904.0,100.0,67359628112.0
2019-01-07,ZCH0BP6F,ST12000NM0007,12000138625024,0,74,27410888,97.0,0.0,100.0,3.0,100.0,0.0,89.0,820050612.0,91,8677,100.0,0.0,100,2,,,,,100.0,0.0,100.0,0.0,,,63.0,37.0,,,100.0,148.0,100.0,490.0,37,37,100.0,0.0,100.0,0.0,200.0,0.0,100.0,8582.0,100.0,40114261176.0,100.0,67579283904.0
2019-01-08,ZCH0BP6F,ST12000NM0007,12000138625024,0,81,120502832,97.0,0.0,100.0,3.0,100.0,0.0,89.0,822740674.0,91,8701,100.0,0.0,100,2,,,,,100.0,0.0,100.0,0.0,,,63.0,37.0,,,100.0,148.0,100.0,491.0,37,37,100.0,0.0,100.0,0.0,200.0,0.0,100.0,8606.0,100.0,40215606944.0,100.0,67815170720.0
2019-01-09,ZCH0BP6F,ST12000NM0007,12000138625024,0,84,234002640,97.0,0.0,100.0,3.0,100.0,0.0,89.0,825765181.0,91,8726,100.0,0.0,100,2,,,,,100.0,0.0,100.0,0.0,,,63.0,37.0,,,100.0,148.0,100.0,492.0,37,37,100.0,0.0,100.0,0.0,200.0,0.0,100.0,8631.0,100.0,40326059128.0,100.0,68062359192.0
2019-01-10,ZCH0BP6F,ST12000NM0007,12000138625024,0,82,158754056,97.0,0.0,100.0,3.0,100.0,0.0,89.0,827316807.0,91,8743,100.0,0.0,100,2,,,,,100.0,0.0,100.0,0.0,,,64.0,36.0,,,100.0,149.0,100.0,493.0,36,36,100.0,0.0,100.0,0.0,200.0,0.0,100.0,8648.0,100.0,40376313632.0,100.0,68180996768.0
2019-01-11,ZCH0BP6F,ST12000NM0007,12000138625024,0,81.0,125194776.0,97.0,0.0,100.0,3.0,100.0,0.0,89.0,828929119.0,90.0,8760.0,100.0,0.0,100.0,2.0,,,,,100.0,0.0,100.0,0.0,,,64.0,36.0,,,100.0,149.0,100.0,493.0,36.0,36.0,100.0,0.0,100.0,0.0,200.0,0.0,100.0,8665.0,100.0,40436921336.0,100.0,68330970456.0
2019-01-12,ZCH0BP6F,ST12000NM0007,12000138625024,0,84,225885512,97.0,0.0,100.0,3.0,100.0,0.0,89.0,832103583.0,90,8792,100.0,0.0,100,2,,,,,100.0,0.0,100.0,0.0,,,65.0,35.0,,,100.0,150.0,100.0,495.0,35,35,100.0,0.0,100.0,0.0,200.0,0.0,100.0,8697.0,100.0,40533394064.0,100.0,68579329200.0
2019-01-13,ZCH0BP6F,ST12000NM0007,12000138625024,0,82,158680944,97.0,0.0,100.0,3.0,100.0,0.0,89.0,833476556.0,90,8808,100.0,0.0,100,2,,,,,100.0,0.0,100.0,0.0,,,64.0,36.0,,,100.0,150.0,100.0,495.0,36,36,100.0,0.0,100.0,0.0,200.0,0.0,100.0,8713.0,100.0,40586581776.0,100.0,68703077968.0
2019-01-14,ZCH0BP6F,ST12000NM0007,12000138625024,0,79,81282904,97.0,0.0,100.0,3.0,100.0,0.0,89.0,837457858.0,90,8839,100.0,0.0,100,2,,,,,100.0,0.0,100.0,0.0,,,64.0,36.0,,,100.0,150.0,100.0,497.0,36,36,100.0,0.0,100.0,0.0,200.0,0.0,100.0,8744.0,100.0,40693973640.0,100.0,69006569696.0
2019-01-15,ZCH0BP6F,ST12000NM0007,12000138625024,0,100.0,1098976.0,97.0,0.0,100.0,3.0,100.0,0.0,89.0,838823610.0,90.0,8855.0,100.0,0.0,100.0,2.0,,,,,100.0,0.0,100.0,0.0,,,64.0,36.0,,,100.0,150.0,100.0,497.0,36.0,36.0,100.0,0.0,100.0,0.0,200.0,0.0,100.0,8760.0,100.0,40741921664.0,100.0,69122578416.0
2019-01-16,ZCH0BP6F,ST12000NM0007,12000138625024,0,81,131419432,97.0,0.0,100.0,3.0,100.0,0.0,89.0,842085108.0,90,8887,100.0,0.0,100,2,,,,,100.0,0.0,100.0,0.0,,,64.0,36.0,,,100,151,100.0,499.0,36,36,100.0,0.0,100.0,0.0,200.0,0.0,100.0,8792.0,100.0,40838400624.0,100.0,69400560632.0
2019-01-17,ZCH0BP6F,ST12000NM0007,12000138625024,0,78,70379952,97.0,0.0,100.0,3.0,100.0,0.0,89.0,843832589.0,90,8903,100.0,0.0,100,2,,,,,100.0,0.0,100.0,0.0,,,64.0,36.0,,,100,151,100.0,499.0,36,36,100.0,0.0,100.0,0.0,200.0,0.0,100.0,8808.0,100.0,40896987736.0,100.0,69525074768.0
2019-01-18,ZCH0BP6F,ST12000NM0007,12000138625024,0,83,201098680,97.0,0.0,100.0,3.0,100.0,0.0,89.0,847635933.0,90,8935,100.0,0.0,100,2,,,,,100.0,0.0,100.0,0.0,,,65.0,35.0,,,100,151,100.0,501.0,35,35,100.0,0.0,100.0,0.0,200.0,0.0,100.0,8839.0,100.0,40992643912.0,100.0,69804277960.0
2019-01-19,ZCH0BP6F,ST12000NM0007,12000138625024,0,82,143583760,97.0,0.0,100.0,3.0,100.0,0.0,89.0,849206578.0,90,8950,100.0,0.0,100,2,,,,,100.0,0.0,100.0,0.0,,,64.0,36.0,,,100,151,100.0,501.0,36,36,100.0,0.0,100.0,0.0,200.0,0.0,100.0,8855.0,100.0,41050657584.0,100.0,69932890080.0
2019-01-20,ZCH0BP6F,ST12000NM0007,12000138625024,0,77,50384216,97.0,0.0,100.0,3.0,100.0,0.0,89.0,852520629.0,90,8982,100.0,0.0,100,2,,,,,100.0,0.0,100.0,0.0,,,64.0,36.0,,,100,152,100.0,503.0,36,36,100.0,0.0,100.0,0.0,200.0,0.0,100.0,8887.0,100.0,41183030128.0,100.0,70195599928.0
2019-01-21,ZCH0BP6F,ST12000NM0007,12000138625024,0,84,242624728,97.0,0.0,100.0,3.0,100.0,0.0,89.0,854275798.0,90,8998,100.0,0.0,100,2,,,,,100.0,0.0,100.0,0.0,,,64.0,36.0,,,100,152,100.0,503.0,36,36,100.0,0.0,100.0,0.0,200.0,0.0,100.0,8902.0,100.0,41247998640.0,100.0,70322871928.0
2019-01-22,ZCH0BP6F,ST12000NM0007,12000138625024,0,80.0,95319632.0,97.0,0.0,100.0,3.0,100.0,0.0,89.0,857304891.0,90.0,9030.0,100.0,0.0,100.0,2.0,,,,,100.0,0.0,100.0,0.0,,,64.0,36.0,,,100.0,152.0,100.0,505.0,36.0,36.0,100.0,0.0,100.0,0.0,200.0,0.0,100.0,8934.0,100.0,41355629376.0,100.0,70556217672.0
2019-01-23,ZCH0BP6F,ST12000NM0007,12000138625024,0,75.0,33478056.0,97.0,0.0,100.0,3.0,100.0,0.0,89.0,861417074.0,90.0,9061.0,100.0,0.0,100.0,2.0,,,,,100.0,0.0,100.0,0.0,,,64.0,36.0,,,100.0,152.0,100.0,506.0,36.0,36.0,100.0,0.0,100.0,0.0,200.0,0.0,100.0,8965.0,100.0,41477038424.0,100.0,70861248344.0
2019-01-24,ZCH0BP6F,ST12000NM0007,12000138625024,0,82.0,162459280.0,97.0,0.0,100.0,3.0,100.0,0.0,89.0,862679909.0,90.0,9077.0,100.0,0.0,100.0,2.0,,,,,100.0,0.0,100.0,0.0,,,64.0,36.0,,,100.0,153.0,100.0,507.0,36.0,36.0,100.0,0.0,100.0,0.0,200.0,0.0,100.0,8981.0,100.0,41531042248.0,100.0,70936225744.0
2019-01-25,ZCH0BP6F,ST12000NM0007,12000138625024,0,70,9009360,97.0,0.0,100.0,3.0,100.0,0.0,89.0,865992950.0,90,9109,100.0,0.0,100,2,,,,,100.0,0.0,100.0,0.0,,,64.0,36.0,,,100,154,100.0,508.0,36,36,100.0,0.0,100.0,0.0,200.0,0.0,100.0,9012.0,100.0,41642048352.0,100.0,71160051040.0
2019-01-26,ZCH0BP6F,ST12000NM0007,12000138625024,0,81,129608840,97.0,0.0,100.0,3.0,100.0,0.0,89.0,867320627.0,90,9125,100.0,0.0,100,2,,,,,100.0,0.0,100.0,0.0,,,63.0,37.0,,,100,155,100.0,509.0,37,37,100.0,0.0,100.0,0.0,200.0,0.0,100.0,9028.0,100.0,41681853296.0,100.0,71240845576.0
2019-01-27,ZCH0BP6F,ST12000NM0007,12000138625024,0,84,234017376,97.0,0.0,100.0,3.0,100.0,0.0,89.0,870569170.0,90,9156,100.0,0.0,100,2,,,,,100.0,0.0,100.0,0.0,,,64.0,36.0,,,100,155,100.0,510.0,36,36,100.0,0.0,100.0,0.0,200.0,0.0,100.0,9060.0,100.0,41783051032.0,100.0,71488197008.0
2019-01-28,ZCH0BP6F,ST12000NM0007,12000138625024,0,83,178821032,97.0,0.0,100.0,3.0,100.0,0.0,89.0,872264613.0,90,9172,100.0,0.0,100,2,,,,,100.0,0.0,100.0,0.0,,,63.0,37.0,,,100,155,100.0,511.0,37,37,100.0,0.0,100.0,0.0,200.0,0.0,100.0,9076.0,100.0,41834397664.0,100.0,71625794688.0
2019-01-29,ZCH0BP6F,ST12000NM0007,12000138625024,0,77,45004784,97.0,0.0,100.0,3.0,100.0,0.0,89.0,875438289.0,90,9204,100.0,0.0,100,2,,,,,100.0,0.0,100.0,0.0,,,64.0,36.0,,,100,156,100.0,512.0,36,36,100.0,0.0,100.0,0.0,200.0,0.0,100.0,9107.0,100.0,41954690808.0,100.0,71859966736.0
2019-01-30,ZCH0BP6F,ST12000NM0007,12000138625024,0,74,27732800,97.0,0.0,100.0,3.0,100.0,0.0,89.0,877369875.0,90,9220,100.0,0.0,100,2,,,,,100.0,0.0,100.0,0.0,,,63.0,37.0,,,100,156,100.0,513.0,37,37,100.0,0.0,100.0,0.0,200.0,0.0,100.0,9123.0,100.0,42028764248.0,100.0,72012762200.0
2019-01-31,ZCH0BP6F,ST12000NM0007,12000138625024,0,83,186976648,97.0,0.0,100.0,3.0,100.0,0.0,89.0,881528758.0,90,9251,100.0,0.0,100,2,,,,,100.0,0.0,100.0,0.0,,,63.0,37.0,,,100,157,100.0,514.0,37,37,100.0,0.0,100.0,0.0,200.0,0.0,100.0,9155.0,100.0,42160072736.0,100.0,72284838328.0
2019-02-01,ZCH0BP6F,ST12000NM0007,12000138625024,0,82,147056008,97.0,0.0,100.0,3.0,100.0,0.0,89.0,883444985.0,90,9267,100.0,0.0,100,2,,,,,100.0,0.0,100.0,0.0,,,64.0,36.0,,,100,157,100.0,515.0,36,36,100.0,0.0,100.0,0.0,200.0,0.0,100.0,9170.0,100.0,42208891232.0,100.0,72440239960.0
2019-02-02,ZCH0BP6F,ST12000NM0007,12000138625024,0,83.0,208791120.0,97.0,0.0,100.0,3.0,100.0,0.0,89.0,886770272.0,90.0,9299.0,100.0,0.0,100.0,2.0,,,,,100.0,0.0,100.0,0.0,,,64.0,36.0,,,100.0,157.0,100.0,516.0,36.0,36.0,100.0,0.0,100.0,0.0,200.0,0.0,100.0,9202.0,100.0,42317844272.0,100.0,72637162760.0
2019-02-03,ZCH0BP6F,ST12000NM0007,12000138625024,0,81,113249680,97.0,0.0,100.0,3.0,100.0,0.0,89.0,888324938.0,90,9315,100.0,0.0,100,2,,,,,100.0,0.0,100.0,0.0,,,63.0,37.0,,,100,158,100.0,517.0,37,37,100.0,0.0,100.0,0.0,200.0,0.0,100.0,9218.0,100.0,42362250320.0,100.0,72741356304.0
2019-02-04,ZCH0BP6F,ST12000NM0007,12000138625024,0,83,206870016,97.0,0.0,100.0,3.0,100.0,0.0,90.0,891321238.0,90,9347,100.0,0.0,100,2,,,,,100.0,0.0,100.0,0.0,,,65.0,35.0,,,100,159,100.0,518.0,35,35,100.0,0.0,100.0,0.0,200.0,0.0,100.0,9249.0,100.0,42456960824.0,100.0,72984407568.0
2019-02-05,ZCH0BP6F,ST12000NM0007,12000138625024,0,80.0,106174056.0,97.0,0.0,100.0,3.0,100.0,0.0,90.0,892734031.0,90.0,9362.0,100.0,0.0,100.0,2.0,,,,,100.0,0.0,100.0,0.0,,,65.0,35.0,,,100.0,159.0,100.0,519.0,35.0,35.0,100.0,0.0,100.0,0.0,200.0,0.0,100.0,9265.0,100.0,42493847736.0,100.0,73090965448.0
2019-02-06,ZCH0BP6F,ST12000NM0007,12000138625024,0,84,242952536,97.0,0.0,100.0,3.0,100.0,0.0,90.0,896106740.0,90,9394,100.0,0.0,100,2,,,,,100.0,0.0,100.0,0.0,,,64.0,36.0,,,100,159,100.0,520.0,36,36,100.0,0.0,100.0,0.0,200.0,0.0,100.0,9297.0,100.0,42599408000.0,100.0,73366324416.0
2019-02-07,ZCH0BP6F,ST12000NM0007,12000138625024,0,81.0,137676712.0,97.0,0.0,100.0,3.0,100.0,0.0,90.0,897506824.0,90.0,9410.0,100.0,0.0,100.0,2.0,,,,,100.0,0.0,100.0,0.0,,,64.0,36.0,,,100.0,160.0,100.0,521.0,36.0,36.0,100.0,0.0,100.0,0.0,200.0,0.0,100.0,9313.0,100.0,42652901336.0,100.0,73451696088.0
2019-02-08,ZCH0BP6F,ST12000NM0007,12000138625024,0,69,8399040,97.0,0.0,100.0,3.0,100.0,0.0,90.0,901376668.0,90,9442,100.0,0.0,100,2,,,,,100.0,0.0,100.0,0.0,,,64.0,36.0,,,100,161,100.0,522.0,36,36,100.0,0.0,100.0,0.0,200.0,0.0,100.0,9344.0,100.0,42742835624.0,100.0,73720765632.0
2019-02-09,ZCH0BP6F,ST12000NM0007,12000138625024,0,83.0,189825424.0,97.0,0.0,100.0,3.0,100.0,0.0,90.0,903023715.0,90.0,9457.0,100.0,0.0,100.0,2.0,,,,,100.0,0.0,100.0,0.0,,,64.0,36.0,,,100.0,161.0,100.0,523.0,36.0,36.0,100.0,0.0,100.0,0.0,200.0,0.0,100.0,9360.0,100.0,42794865832.0,100.0,73850161808.0
2019-02-10,ZCH0BP6F,ST12000NM0007,12000138625024,0,72,15080896,97.0,0.0,100.0,3.0,100.0,0.0,90.0,905820879.0,90,9489,100.0,0.0,100,2,,,,,100.0,0.0,100.0,0.0,,,64.0,36.0,,,100,162,100.0,524.0,36,36,100.0,0.0,100.0,0.0,200.0,0.0,100.0,9391.0,100.0,42888244616.0,100.0,74070320064.0
2019-02-11,ZCH0BP6F,ST12000NM0007,12000138625024,0,82,170075368,97.0,0.0,100.0,3.0,100.0,0.0,90.0,907026001.0,90,9505,100.0,0.0,100,2,,,,,100.0,0.0,100.0,0.0,,,64.0,36.0,,,100,162,100.0,524.0,36,36,100.0,0.0,100.0,0.0,200.0,0.0,100.0,9407.0,100.0,42927570680.0,100.0,74185988472.0
2019-02-12,ZCH0BP6F,ST12000NM0007,12000138625024,0,77.0,46079344.0,97.0,0.0,100.0,3.0,100.0,0.0,90.0,910046537.0,90.0,9537.0,100.0,0.0,100.0,2.0,,,,,100.0,0.0,100.0,0.0,,,64.0,36.0,,,100.0,162.0,100.0,526.0,36.0,36.0,100.0,0.0,100.0,0.0,200.0,0.0,100.0,9438.0,100.0,43030419520.0,100.0,74447425144.0
2019-02-13,ZCH0BP6F,ST12000NM0007,12000138625024,0,77,44715184,97.0,0.0,100.0,3.0,100.0,0.0,90.0,912056291.0,90,9552,100.0,0.0,100,2,,,,,100.0,0.0,100.0,0.0,,,64.0,36.0,,,100,162,100.0,526.0,36,36,100.0,0.0,100.0,0.0,200.0,0.0,100.0,9454.0,100.0,43094821328.0,100.0,74625799984.0
2019-02-14,ZCH0BP6F,ST12000NM0007,12000138625024,0,83,219996736,97.0,0.0,100.0,3.0,100.0,0.0,90.0,915412703.0,90,9584,100.0,0.0,100,2,,,,,100.0,0.0,100.0,0.0,,,63.0,37.0,,,100,164,100.0,528.0,37,37,100.0,0.0,100.0,0.0,200.0,0.0,100.0,9486.0,100.0,43224093976.0,100.0,74915949600.0
2019-02-15,ZCH0BP6F,ST12000NM0007,12000138625024,0,81.0,141045664.0,97.0,0.0,100.0,3.0,100.0,0.0,90.0,916730523.0,90.0,9600.0,100.0,0.0,100.0,2.0,,,,,100.0,0.0,100.0,0.0,,,63.0,37.0,,,100.0,164.0,100.0,528.0,37.0,37.0,100.0,0.0,100.0,0.0,200.0,0.0,100.0,9502.0,100.0,43260926416.0,100.0,75044306928.0
2019-02-16,ZCH0BP6F,ST12000NM0007,12000138625024,0,70.0,9582656.0,97.0,0.0,100.0,3.0,100.0,0.0,90.0,920417533.0,90.0,9632.0,100.0,0.0,100.0,2.0,,,,,100.0,0.0,100.0,0.0,,,63.0,37.0,,,100.0,166.0,100.0,530.0,37.0,37.0,100.0,0.0,100.0,0.0,200.0,0.0,100.0,9533.0,100.0,43385365432.0,100.0,75276686400.0
2019-02-17,ZCH0BP6F,ST12000NM0007,12000138625024,0,70,9198552,97.0,0.0,100.0,3.0,100.0,0.0,90.0,923023515.0,89,9648,100.0,0.0,100,2,,,,,100.0,0.0,100.0,0.0,,,63.0,37.0,,,100,166,100.0,530.0,37,37,100.0,0.0,100.0,0.0,200.0,0.0,100.0,9549.0,100.0,43473824440.0,100.0,75431983920.0
2019-02-18,ZCH0BP6F,ST12000NM0007,12000138625024,0,80,107701520,97.0,0.0,100.0,3.0,100.0,0.0,90.0,925955896.0,89,9679,100.0,0.0,100,2,,,,,100.0,0.0,100.0,0.0,,,63.0,37.0,,,100,168,100.0,532.0,37,37,100.0,0.0,100.0,0.0,200.0,0.0,100.0,9580.0,100.0,43601404792.0,100.0,75647047184.0
2019-02-19,ZCH0BP6F,ST12000NM0007,12000138625024,0,75,30823392,97.0,0.0,100.0,3.0,100.0,0.0,90.0,927311592.0,89,9695,100.0,0.0,100,2,,,,,100.0,0.0,100.0,0.0,,,63.0,37.0,,,100,168,100.0,532.0,37,37,100.0,0.0,100.0,0.0,200.0,0.0,100.0,9596.0,100.0,43652262512.0,100.0,75763452208.0
2019-02-20,ZCH0BP6F,ST12000NM0007,12000138625024,0,82.0,171911808.0,97.0,0.0,100.0,3.0,100.0,0.0,90.0,930725810.0,89.0,9727.0,100.0,0.0,100.0,2.0,,,,,100.0,0.0,100.0,0.0,,,63.0,37.0,,,100.0,169.0,100.0,534.0,37.0,37.0,100.0,0.0,100.0,0.0,200.0,0.0,100.0,9627.0,100.0,43760352192.0,100.0,76040591632.0
2019-02-21,ZCH0BP6F,ST12000NM0007,12000138625024,0,82,163698752,97.0,0.0,100.0,3.0,100.0,0.0,90.0,932792949.0,89,9742,100.0,0.0,100,2,,,,,100.0,0.0,100.0,0.0,,,63.0,37.0,,,100,169,100.0,534.0,37,37,100.0,0.0,100.0,0.0,200.0,0.0,100.0,9643.0,100.0,43829291240.0,100.0,76207580312.0
2019-02-22,ZCH0BP6F,ST12000NM0007,12000138625024,0,73,20261832,97.0,0.0,100.0,3.0,100.0,0.0,90.0,936437253.0,89,9774,100.0,0.0,100,2,,,,,100.0,0.0,100.0,0.0,,,63.0,37.0,,,100,170,100.0,536.0,37,37,100.0,0.0,100.0,0.0,200.0,0.0,100.0,9674.0,100.0,43939868632.0,100.0,76441847768.0
2019-02-23,ZCH0BP6F,ST12000NM0007,12000138625024,0,83.0,179573288.0,97.0,0.0,100.0,3.0,100.0,0.0,90.0,937872731.0,89.0,9790.0,100.0,0.0,100.0,2.0,,,,,100.0,0.0,100.0,0.0,,,63.0,37.0,,,100.0,170.0,100.0,536.0,37.0,37.0,100.0,0.0,100.0,0.0,200.0,0.0,100.0,9690.0,100.0,43999019984.0,100.0,76542007872.0
2019-02-24,ZCH0BP6F,ST12000NM0007,12000138625024,0,83,178154408,97.0,0.0,100.0,3.0,100.0,0.0,90.0,941968568.0,89,9822,100.0,0.0,100,2,,,,,100.0,0.0,100.0,0.0,,,63.0,37.0,,,100,171,100.0,538.0,37,37,100.0,0.0,100.0,0.0,200.0,0.0,100.0,9722.0,100.0,44180357760.0,100.0,76847532864.0
2019-02-25,ZCH0BP6F,ST12000NM0007,12000138625024,0,80,107368600,97.0,0.0,100.0,3.0,100.0,0.0,90.0,943664616.0,89,9838,100.0,0.0,100,2,,,,,100.0,0.0,100.0,0.0,,,63.0,37.0,,,100,171,100.0,538.0,37,37,100.0,0.0,100.0,0.0,200.0,0.0,100.0,9738.0,100.0,44241025264.0,100.0,76960220288.0
2019-02-26,ZCH0BP6F,ST12000NM0007,12000138625024,0,70,10066048,97.0,0.0,100.0,3.0,100.0,0.0,90.0,947527959.0,89,9869,100.0,0.0,100,2,,,,,100.0,0.0,100.0,0.0,,,62.0,38.0,,,100,172,100.0,540.0,38,38,100.0,0.0,100.0,0.0,200.0,0.0,100.0,9769.0,100.0,44368028856.0,100.0,77224195456.0
2019-02-27,ZCH0BP6F,ST12000NM0007,12000138625024,0,80.0,101058328.0,97.0,0.0,100.0,3.0,100.0,0.0,90.0,950688932.0,89.0,9885.0,100.0,0.0,100.0,2.0,,,,,100.0,0.0,100.0,0.0,,,63.0,37.0,,,100.0,172.0,100.0,540.0,37.0,37.0,100.0,0.0,100.0,0.0,200.0,0.0,100.0,9785.0,100.0,44446524576.0,100.0,77480832728.0
2019-02-28,ZCH0BP6F,ST12000NM0007,12000138625024,0,83,183521440,97.0,0.0,100.0,3.0,100.0,0.0,90.0,953821561.0,89,9917,100.0,0.0,100,2,,,,,100.0,0.0,100.0,0.0,,,63.0,37.0,,,100,172,100.0,541.0,37,37,100.0,0.0,100.0,0.0,200.0,0.0,100.0,9817.0,100.0,44550525648.0,100.0,77703435608.0
2019-03-01,ZCH0BP6F,ST12000NM0007,12000138625024,0,81.0,115458504.0,97.0,0.0,100.0,3.0,100.0,0.0,90.0,955332105.0,89.0,9933.0,100.0,0.0,100.0,2.0,,,,,100.0,0.0,100.0,0.0,,,63.0,37.0,,,100.0,173.0,100.0,543.0,37.0,37.0,100.0,0.0,100.0,0.0,200.0,0.0,100.0,9832.0,100.0,44598052808.0,100.0,77831986152.0
2019-03-02,ZCH0BP6F,ST12000NM0007,12000138625024,0,75.0,34582808.0,97.0,0.0,100.0,3.0,100.0,0.0,90.0,959260473.0,89.0,9965.0,100.0,0.0,100.0,2.0,,,,,100.0,0.0,100.0,0.0,,,63.0,37.0,,,100.0,173.0,100.0,544.0,37.0,37.0,100.0,0.0,100.0,0.0,200.0,0.0,100.0,9864.0,100.0,44700475072.0,100.0,78136969704.0
2019-03-03,ZCH0BP6F,ST12000NM0007,12000138625024,0,83.0,190772632.0,97.0,0.0,100.0,3.0,100.0,0.0,90.0,960811314.0,89.0,9980.0,100.0,0.0,100.0,2.0,,,,,100.0,0.0,100.0,0.0,,,63.0,37.0,,,100.0,173.0,100.0,545.0,37.0,37.0,100.0,0.0,100.0,0.0,200.0,0.0,100.0,9880.0,100.0,44771036472.0,100.0,78222598128.0
2019-03-04,ZCH0BP6F,ST12000NM0007,12000138625024,0,78,70566088,97.0,0.0,100.0,3.0,100.0,0.0,90.0,963923700.0,89,10012,100.0,0.0,100,2,,,,,100.0,0.0,100.0,0.0,,,63.0,37.0,,,100,173,100.0,546.0,37,37,100.0,0.0,100.0,0.0,200.0,0.0,100.0,9911.0,100.0,44903034640.0,100.0,78458674928.0
2019-03-05,ZCH0BP6F,ST12000NM0007,12000138625024,0,70.0,10847528.0,97.0,0.0,100.0,3.0,100.0,0.0,90.0,965576890.0,89.0,10028.0,100.0,0.0,100.0,2.0,,,,,100.0,0.0,100.0,0.0,,,63.0,37.0,,,100.0,174.0,100.0,547.0,37.0,37.0,100.0,0.0,100.0,0.0,200.0,0.0,100.0,9927.0,100.0,44963181184.0,100.0,78582950768.0
2019-03-06,ZCH0BP6F,ST12000NM0007,12000138625024,0,83.0,181881816.0,97.0,0.0,100.0,3.0,100.0,0.0,90.0,969413093.0,89.0,10060.0,100.0,0.0,100.0,2.0,,,,,100.0,0.0,100.0,0.0,,,63.0,37.0,,,100.0,175.0,100.0,548.0,37.0,37.0,100.0,0.0,100.0,0.0,200.0,0.0,100.0,9958.0,100.0,45087789000.0,100.0,78873518016.0
2019-03-07,ZCH0BP6F,ST12000NM0007,12000138625024,0,78.0,70224080.0,97.0,0.0,100.0,3.0,100.0,0.0,90.0,970887403.0,89.0,10075.0,100.0,0.0,100.0,2.0,,,,,100.0,0.0,100.0,0.0,,,63.0,37.0,,,100.0,176.0,100.0,549.0,37.0,37.0,100.0,0.0,100.0,0.0,200.0,0.0,100.0,9974.0,100.0,45137091032.0,100.0,78956698984.0
2019-03-08,ZCH0BP6F,ST12000NM0007,12000138625024,0,84.0,237160576.0,97.0,0.0,100.0,3.0,100.0,0.0,90.0,975445485.0,89.0,10107.0,100.0,0.0,100.0,2.0,,,,,100.0,0.0,100.0,0.0,,,63.0,37.0,,,100.0,177.0,100.0,550.0,37.0,37.0,100.0,0.0,100.0,0.0,200.0,0.0,100.0,10006.0,100.0,45265009376.0,100.0,79239857880.0
2019-03-09,ZCH0BP6F,ST12000NM0007,12000138625024,0,81.0,133075192.0,97.0,0.0,100.0,3.0,100.0,0.0,90.0,976830310.0,89.0,10123.0,100.0,0.0,100.0,2.0,,,,,100.0,0.0,100.0,0.0,,,63.0,37.0,,,100.0,177.0,100.0,551.0,37.0,37.0,100.0,0.0,100.0,0.0,200.0,0.0,100.0,10021.0,100.0,45309177920.0,100.0,79335744840.0
2019-03-10,ZCH0BP6F,ST12000NM0007,12000138625024,0,73.0,20320656.0,97.0,0.0,100.0,3.0,100.0,0.0,90.0,980141473.0,89.0,10155.0,100.0,0.0,100.0,2.0,,,,,100.0,0.0,100.0,0.0,,,62.0,38.0,,,100.0,177.0,100.0,552.0,38.0,38.0,100.0,0.0,100.0,0.0,200.0,0.0,100.0,10053.0,100.0,45422663112.0,100.0,79597786496.0
2019-03-11,ZCH0BP6F,ST12000NM0007,12000138625024,0,83.0,193682064.0,97.0,0.0,100.0,3.0,100.0,0.0,90.0,981688484.0,89.0,10170.0,100.0,0.0,100.0,2.0,,,,,100.0,0.0,100.0,0.0,,,63.0,37.0,,,100.0,178.0,100.0,553.0,37.0,37.0,100.0,0.0,100.0,0.0,200.0,0.0,100.0,10069.0,100.0,45481670752.0,100.0,79712140264.0
2019-03-12,ZCH0BP6F,ST12000NM0007,12000138625024,0,80.0,108589912.0,97.0,0.0,100.0,3.0,100.0,0.0,90.0,984960960.0,89.0,10202.0,100.0,0.0,100.0,2.0,,,,,100.0,0.0,100.0,0.0,,,63.0,37.0,,,100.0,178.0,100.0,554.0,37.0,37.0,100.0,0.0,100.0,0.0,200.0,0.0,100.0,10100.0,100.0,45620309704.0,100.0,79976690856.0
2019-03-13,ZCH0BP6F,ST12000NM0007,12000138625024,0,74.0,25235504.0,97.0,0.0,100.0,3.0,100.0,0.0,90.0,988827552.0,89.0,10234.0,100.0,0.0,100.0,2.0,,,,,100.0,0.0,100.0,0.0,,,64.0,36.0,,,100.0,179.0,100.0,556.0,36.0,36.0,100.0,0.0,100.0,0.0,200.0,0.0,100.0,10131.0,100.0,45724867560.0,100.0,80277060432.0
2019-03-14,ZCH0BP6F,ST12000NM0007,12000138625024,0,83.0,220567752.0,97.0,0.0,100.0,3.0,100.0,0.0,90.0,990565537.0,89.0,10249.0,100.0,0.0,100.0,2.0,,,,,100.0,0.0,100.0,0.0,,,64.0,36.0,,,100.0,179.0,100.0,556.0,36.0,36.0,100.0,0.0,100.0,0.0,200.0,0.0,100.0,10147.0,100.0,45784596448.0,100.0,80412663792.0
2019-03-15,ZCH0BP6F,ST12000NM0007,12000138625024,0,80.0,108431960.0,97.0,0.0,100.0,3.0,100.0,0.0,90.0,994476143.0,89.0,10281.0,100.0,0.0,100.0,2.0,,,,,100.0,0.0,100.0,0.0,,,64.0,36.0,,,100.0,180.0,100.0,557.0,36.0,36.0,100.0,0.0,100.0,0.0,200.0,0.0,100.0,10179.0,100.0,45918512160.0,100.0,80654893616.0
2019-03-16,ZCH0BP6F,ST12000NM0007,12000138625024,0,78.0,57527944.0,97.0,0.0,100.0,3.0,100.0,0.0,90.0,996352983.0,89.0,10297.0,100.0,0.0,100.0,2.0,,,,,100.0,0.0,100.0,0.0,,,64.0,36.0,,,100.0,181.0,100.0,558.0,36.0,36.0,100.0,0.0,100.0,0.0,200.0,0.0,100.0,10195.0,100.0,45988833752.0,100.0,80777809096.0
2019-03-17,ZCH0BP6F,ST12000NM0007,12000138625024,0,76.0,38384416.0,97.0,0.0,100.0,3.0,100.0,0.0,90.0,720356.0,89.0,10329.0,100.0,0.0,100.0,2.0,,,,,100.0,0.0,100.0,0.0,,,68.0,32.0,,,100.0,182.0,100.0,559.0,32.0,32.0,100.0,0.0,100.0,0.0,200.0,0.0,100.0,10226.0,100.0,46149535048.0,100.0,81086245640.0
2019-03-18,ZCH0BP6F,ST12000NM0007,12000138625024,0,77.0,48085712.0,97.0,0.0,100.0,3.0,100.0,0.0,64.0,2775722.0,89.0,10345.0,100.0,0.0,100.0,2.0,,,,,100.0,0.0,100.0,0.0,,,64.0,36.0,,,100.0,182.0,100.0,560.0,36.0,36.0,100.0,0.0,100.0,0.0,200.0,0.0,100.0,10242.0,100.0,46242692408.0,100.0,81246930248.0
2019-03-19,ZCH0BP6F,ST12000NM0007,12000138625024,0,83.0,179071688.0,97.0,0.0,100.0,3.0,100.0,0.0,69.0,7146432.0,89.0,10376.0,100.0,0.0,100.0,2.0,,,,,100.0,0.0,100.0,0.0,,,68.0,32.0,,,100.0,184.0,100.0,562.0,32.0,32.0,100.0,0.0,100.0,0.0,200.0,0.0,100.0,10274.0,100.0,46355228408.0,100.0,81509521032.0
2019-03-20,ZCH0BP6F,ST12000NM0007,12000138625024,0,80.0,100481664.0,97.0,0.0,100.0,3.0,100.0,0.0,70.0,8972023.0,89.0,10392.0,100.0,0.0,100.0,2.0,,,,,100.0,0.0,100.0,0.0,,,65.0,35.0,,,100.0,184.0,100.0,562.0,35.0,35.0,100.0,0.0,100.0,0.0,200.0,0.0,100.0,10289.0,100.0,46390413800.0,100.0,81639886344.0
2019-03-21,ZCH0BP6F,ST12000NM0007,12000138625024,0,75.0,28669024.0,97.0,0.0,100.0,3.0,100.0,0.0,70.0,10427548.0,89.0,10408.0,100.0,0.0,100.0,2.0,,,,,100.0,0.0,100.0,0.0,,,69.0,31.0,,,100.0,185.0,100.0,563.0,31.0,31.0,100.0,0.0,100.0,0.0,200.0,0.0,100.0,10305.0,100.0,46425680776.0,100.0,81776947592.0
2019-03-22,ZCH0BP6F,ST12000NM0007,12000138625024,0,79.0,79538944.0,97.0,0.0,100.0,3.0,100.0,0.0,71.0,13282057.0,89.0,10440.0,100.0,0.0,100.0,2.0,,,,,100.0,0.0,100.0,0.0,,,65.0,35.0,,,100.0,185.0,100.0,564.0,35.0,35.0,100.0,0.0,100.0,0.0,200.0,0.0,100.0,10337.0,100.0,46510023512.0,100.0,81987615584.0
2019-03-23,ZCH0BP6F,ST12000NM0007,12000138625024,0,83.0,181935776.0,97.0,0.0,100.0,3.0,100.0,0.0,72.0,17057828.0,89.0,10471.0,100.0,0.0,100.0,2.0,,,,,100.0,0.0,100.0,0.0,,,65.0,35.0,,,100.0,186.0,100.0,565.0,35.0,35.0,100.0,0.0,100.0,0.0,200.0,0.0,100.0,10368.0,100.0,46604868512.0,100.0,82239308048.0
2019-03-24,ZCH0BP6F,ST12000NM0007,12000138625024,0,80.0,99984472.0,97.0,0.0,100.0,3.0,100.0,0.0,73.0,18681023.0,89.0,10487.0,100.0,0.0,100.0,2.0,,,,,100.0,0.0,100.0,0.0,,,64.0,36.0,,,100.0,186.0,100.0,566.0,36.0,36.0,100.0,0.0,100.0,0.0,200.0,0.0,100.0,10384.0,100.0,46650027256.0,100.0,82356338632.0
2019-03-25,ZCH0BP6F,ST12000NM0007,12000138625024,0,83.0,212482688.0,97.0,0.0,100.0,3.0,100.0,0.0,73.0,21772019.0,88.0,10519.0,100.0,0.0,100.0,2.0,,,,,100.0,0.0,100.0,0.0,,,66.0,34.0,,,100.0,187.0,100.0,567.0,34.0,34.0,100.0,0.0,100.0,0.0,200.0,0.0,100.0,10416.0,100.0,46778927376.0,100.0,82584077440.0
2019-03-26,ZCH0BP6F,ST12000NM0007,12000138625024,0,82.0,160467632.0,97.0,0.0,100.0,3.0,100.0,0.0,74.0,23347945.0,88.0,10535.0,100.0,0.0,100.0,2.0,,,,,100.0,0.0,100.0,0.0,,,64.0,36.0,,,100.0,187.0,100.0,568.0,36.0,36.0,100.0,0.0,100.0,0.0,200.0,0.0,100.0,10431.0,100.0,46840522984.0,100.0,82714607608.0
2019-03-27,ZCH0BP6F,ST12000NM0007,12000138625024,0,75.0,28858816.0,97.0,0.0,100.0,3.0,100.0,0.0,74.0,26731451.0,88.0,10566.0,100.0,0.0,100.0,2.0,,,,,100.0,0.0,100.0,0.0,,,66.0,34.0,,,100.0,187.0,100.0,569.0,34.0,34.0,100.0,0.0,100.0,0.0,200.0,0.0,100.0,10463.0,100.0,46951679152.0,100.0,82960123952.0
2019-03-28,ZCH0BP6F,ST12000NM0007,12000138625024,0,84.0,224333152.0,97.0,0.0,100.0,3.0,100.0,0.0,75.0,28362656.0,88.0,10582.0,100.0,0.0,100.0,2.0,,,,,100.0,0.0,100.0,0.0,,,64.0,36.0,,,100.0,187.0,100.0,570.0,36.0,36.0,100.0,0.0,100.0,0.0,200.0,0.0,100.0,10479.0,100.0,47013802928.0,100.0,83093474512.0
2019-03-29,ZCH0BP6F,ST12000NM0007,12000138625024,0,81.0,139605640.0,97.0,0.0,100.0,3.0,100.0,0.0,75.0,32365000.0,88.0,10614.0,100.0,0.0,100.0,2.0,,,,,100.0,0.0,100.0,0.0,,,68.0,32.0,,,100.0,188.0,100.0,571.0,32.0,32.0,100.0,0.0,100.0,0.0,200.0,0.0,100.0,10510.0,100.0,47139453520.0,100.0,83371377960.0
2019-03-30,ZCH0BP6F,ST12000NM0007,12000138625024,0,81.0,137377616.0,97.0,0.0,100.0,3.0,100.0,0.0,75.0,35264486.0,88.0,10630.0,100.0,0.0,100.0,2.0,,,,,100.0,0.0,100.0,0.0,,,63.0,37.0,,,100.0,188.0,100.0,572.0,37.0,37.0,100.0,0.0,100.0,0.0,200.0,0.0,100.0,10526.0,100.0,47195444208.0,100.0,83557299880.0
2019-03-31,ZCH0BP6F,ST12000NM0007,12000138625024,0,76.0,35610776.0,97.0,0.0,100.0,3.0,100.0,0.0,76.0,39668855.0,88.0,10662.0,100.0,0.0,100.0,2.0,,,,,100.0,0.0,100.0,0.0,,,65.0,35.0,,,100.0,189.0,100.0,573.0,35.0,35.0,100.0,0.0,100.0,0.0,200.0,0.0,100.0,10558.0,100.0,47323898584.0,100.0,83815360264.0
2019-04-01,ZCH0BP6F,ST12000NM0007,12000138625024,0,84.0,235986952.0,97.0,0.0,100.0,3.0,100.0,0.0,76.0,41576925.0,88.0,10677.0,100.0,0.0,100.0,2.0,,,,,100.0,0.0,100.0,0.0,,,64.0,36.0,,,100.0,190.0,100.0,574.0,36.0,36.0,100.0,0.0,100.0,0.0,200.0,0.0,100.0,10573.0,100.0,47402620104.0,100.0,83937014920.0
2019-04-02,ZCH0BP6F,ST12000NM0007,12000138625024,0,82.0,151039000.0,97.0,0.0,100.0,3.0,100.0,0.0,77.0,45289663.0,88.0,10709.0,100.0,0.0,100.0,2.0,,,,,100.0,0.0,100.0,0.0,,,66.0,34.0,,,100.0,191.0,100.0,575.0,34.0,34.0,100.0,0.0,100.0,0.0,200.0,0.0,100.0,10605.0,100.0,47535850736.0,100.0,84207118296.0
2019-04-03,ZCH0BP6F,ST12000NM0007,12000138625024,0,82.0,154442472.0,97.0,0.0,100.0,3.0,100.0,0.0,77.0,47678500.0,88.0,10725.0,100.0,0.0,100.0,2.0,,,,,100.0,0.0,100.0,0.0,,,64.0,36.0,,,100.0,191.0,100.0,576.0,36.0,36.0,100.0,0.0,100.0,0.0,200.0,0.0,100.0,10621.0,100.0,47606296624.0,100.0,84384216664.0
2019-04-04,ZCH0BP6F,ST12000NM0007,12000138625024,0,75.0,33776728.0,97.0,0.0,100.0,3.0,100.0,0.0,77.0,51166800.0,88.0,10757.0,100.0,0.0,100.0,2.0,,,,,100.0,0.0,100.0,0.0,,,66.0,34.0,,,100.0,191.0,100.0,577.0,34.0,34.0,100.0,0.0,100.0,0.0,200.0,0.0,100.0,10652.0,100.0,47727433680.0,100.0,84630695432.0
2019-04-05,ZCH0BP6F,ST12000NM0007,12000138625024,0,83.0,198208072.0,97.0,0.0,100.0,3.0,100.0,0.0,77.0,55537346.0,88.0,10788.0,100.0,0.0,100.0,2.0,,,,,100.0,0.0,100.0,0.0,,,65.0,35.0,,,100.0,191.0,100.0,579.0,35.0,35.0,100.0,0.0,100.0,0.0,200.0,0.0,100.0,10684.0,100.0,47872187360.0,100.0,84894513792.0
2019-04-06,ZCH0BP6F,ST12000NM0007,12000138625024,0,82.0,175520672.0,97.0,0.0,100.0,3.0,100.0,0.0,78.0,57965079.0,88.0,10804.0,100.0,0.0,100.0,2.0,,,,,100.0,0.0,100.0,0.0,,,66.0,34.0,,,100.0,191.0,100.0,580.0,34.0,34.0,100.0,0.0,100.0,0.0,200.0,0.0,100.0,10699.0,100.0,47934201320.0,100.0,85053953280.0
2019-04-07,ZCH0BP6F,ST12000NM0007,12000138625024,0,73.0,21761976.0,97.0,0.0,100.0,3.0,100.0,0.0,78.0,61235160.0,88.0,10836.0,100.0,0.0,100.0,2.0,,,,,100.0,0.0,100.0,0.0,,,64.0,36.0,,,100.0,191.0,100.0,581.0,36.0,36.0,100.0,0.0,100.0,0.0,200.0,0.0,100.0,10731.0,100.0,48040833680.0,100.0,85281843968.0
2019-04-08,ZCH0BP6F,ST12000NM0007,12000138625024,0,83.0,194028416.0,97.0,0.0,100.0,3.0,100.0,0.0,78.0,62741360.0,88.0,10852.0,100.0,0.0,100.0,2.0,,,,,100.0,0.0,100.0,0.0,,,66.0,34.0,,,100.0,191.0,100.0,581.0,34.0,34.0,100.0,0.0,100.0,0.0,200.0,0.0,100.0,10747.0,100.0,48091656296.0,100.0,85403287792.0
2019-04-09,ZCH0BP6F,ST12000NM0007,12000138625024,0,78.0,67915576.0,97.0,0.0,100.0,3.0,100.0,0.0,78.0,65898802.0,88.0,10883.0,100.0,0.0,100.0,2.0,,,,,100.0,0.0,100.0,0.0,,,65.0,35.0,,,100.0,191.0,100.0,583.0,35.0,35.0,100.0,0.0,100.0,0.0,200.0,0.0,100.0,10778.0,100.0,48207335016.0,100.0,85649777680.0
2019-04-10,ZCH0BP6F,ST12000NM0007,12000138625024,0,78.0,62032456.0,97.0,0.0,100.0,3.0,100.0,0.0,78.0,68418348.0,88.0,10899.0,100.0,0.0,100.0,2.0,,,,,100.0,0.0,100.0,0.0,,,65.0,35.0,,,100.0,191.0,100.0,583.0,35.0,35.0,100.0,0.0,100.0,0.0,200.0,0.0,100.0,10794.0,100.0,48284034208.0,100.0,85811336208.0
2019-04-11,ZCH0BP6F,ST12000NM0007,12000138625024,0,70.0,10559552.0,97.0,0.0,100.0,3.0,100.0,0.0,78.0,70207725.0,88.0,10915.0,100.0,0.0,100.0,2.0,,,,,100.0,0.0,100.0,0.0,,,65.0,35.0,,,100.0,191.0,100.0,584.0,35.0,35.0,100.0,0.0,100.0,0.0,200.0,0.0,100.0,10810.0,100.0,48356721840.0,100.0,85931316384.0
2019-04-12,ZCH0BP6F,ST12000NM0007,12000138625024,0,83.0,188519168.0,97.0,0.0,100.0,3.0,100.0,0.0,79.0,75060042.0,88.0,10947.0,100.0,0.0,100.0,2.0,,,,,100.0,0.0,100.0,0.0,,,67.0,33.0,,,100.0,192.0,100.0,585.0,33.0,33.0,100.0,0.0,100.0,0.0,200.0,0.0,100.0,10841.0,100.0,48473185064.0,100.0,86236953464.0
2019-04-13,ZCH0BP6F,ST12000NM0007,12000138625024,0,80.0,100651408.0,97.0,0.0,100.0,3.0,100.0,0.0,79.0,77218486.0,88.0,10963.0,100.0,0.0,100.0,2.0,,,,,100.0,0.0,100.0,0.0,,,69.0,31.0,,,100.0,192.0,100.0,586.0,31.0,31.0,100.0,0.0,100.0,0.0,200.0,0.0,100.0,10857.0,100.0,48525080560.0,100.0,86341330848.0
2019-04-14,ZCH0BP6F,ST12000NM0007,12000138625024,0,66.0,3982000.0,97.0,0.0,100.0,3.0,100.0,0.0,79.0,81575227.0,88.0,10994.0,100.0,0.0,100.0,2.0,,,,,100.0,0.0,100.0,0.0,,,65.0,35.0,,,100.0,193.0,100.0,587.0,35.0,35.0,100.0,0.0,100.0,0.0,200.0,0.0,100.0,10889.0,100.0,48632484000.0,100.0,86625539328.0
2019-04-15,ZCH0BP6F,ST12000NM0007,12000138625024,0,82.0,163217392.0,97.0,0.0,100.0,3.0,100.0,0.0,79.0,83385786.0,88.0,11010.0,100.0,0.0,100.0,2.0,,,,,100.0,0.0,100.0,0.0,,,70.0,30.0,,,100.0,193.0,100.0,588.0,30.0,30.0,100.0,0.0,100.0,0.0,200.0,0.0,100.0,10904.0,100.0,48698996984.0,100.0,86718261736.0
2019-04-16,ZCH0BP6F,ST12000NM0007,12000138625024,0,84.0,231529112.0,97.0,0.0,100.0,3.0,100.0,0.0,79.0,87019126.0,88.0,11042.0,100.0,0.0,100.0,2.0,,,,,100.0,0.0,100.0,0.0,,,68.0,32.0,,,100.0,193.0,100.0,589.0,32.0,32.0,100.0,0.0,100.0,0.0,200.0,0.0,100.0,10936.0,100.0,48821911008.0,100.0,86907800280.0
2019-04-17,ZCH0BP6F,ST12000NM0007,12000138625024,0,80.0,99978536.0,97.0,0.0,100.0,3.0,100.0,0.0,80.0,91498913.0,88.0,11073.0,100.0,0.0,100.0,2.0,,,,,100.0,0.0,100.0,0.0,,,69.0,31.0,,,100.0,193.0,100.0,591.0,31.0,31.0,100.0,0.0,100.0,0.0,200.0,0.0,100.0,10967.0,100.0,48931902848.0,100.0,87154539320.0
2019-04-18,ZCH0BP6F,ST12000NM0007,12000138625024,0,74.0,26185016.0,97.0,0.0,100.0,3.0,100.0,0.0,80.0,93180188.0,88.0,11089.0,100.0,0.0,100.0,2.0,,,,,100.0,0.0,100.0,0.0,,,69.0,31.0,,,100.0,193.0,100.0,591.0,31.0,31.0,100.0,0.0,100.0,0.0,200.0,0.0,100.0,10983.0,100.0,48987304584.0,100.0,87269484888.0
2019-04-19,ZCH0BP6F,ST12000NM0007,12000138625024,0,79.0,80314272.0,97.0,0.0,100.0,3.0,100.0,0.0,80.0,96206484.0,88.0,11121.0,100.0,0.0,100.0,2.0,,,,,100.0,0.0,100.0,0.0,,,67.0,33.0,,,100.0,194.0,100.0,593.0,33.0,33.0,100.0,0.0,100.0,0.0,200.0,0.0,100.0,11015.0,100.0,49067822792.0,100.0,87487236688.0
2019-04-20,ZCH0BP6F,ST12000NM0007,12000138625024,0,83.0,209012040.0,97.0,0.0,100.0,3.0,100.0,0.0,80.0,97896694.0,88.0,11137.0,100.0,0.0,100.0,2.0,,,,,100.0,0.0,100.0,0.0,,,68.0,32.0,,,100.0,194.0,100.0,593.0,32.0,32.0,100.0,0.0,100.0,0.0,200.0,0.0,100.0,11031.0,100.0,49109590104.0,100.0,87574167144.0
2019-04-21,ZCH0BP6F,ST12000NM0007,12000138625024,0,80.0,92551856.0,97.0,0.0,100.0,3.0,100.0,0.0,80.0,101789000.0,88.0,11169.0,100.0,0.0,100.0,2.0,,,,,100.0,0.0,100.0,0.0,,,67.0,33.0,,,100.0,196.0,100.0,595.0,33.0,33.0,100.0,0.0,100.0,0.0,200.0,0.0,100.0,11062.0,100.0,49228853536.0,100.0,87826725136.0
2019-04-22,ZCH0BP6F,ST12000NM0007,12000138625024,0,73.0,21730416.0,97.0,0.0,100.0,3.0,100.0,0.0,80.0,103350252.0,88.0,11185.0,100.0,0.0,100.0,2.0,,,,,100.0,0.0,100.0,0.0,,,65.0,35.0,,,100.0,196.0,100.0,595.0,35.0,35.0,100.0,0.0,100.0,0.0,200.0,0.0,100.0,11078.0,100.0,49283128448.0,100.0,87945769536.0
2019-04-23,ZCH0BP6F,ST12000NM0007,12000138625024,0,81.0,118834720.0,97.0,0.0,100.0,3.0,100.0,0.0,80.0,106804950.0,88.0,11216.0,100.0,0.0,100.0,2.0,,,,,100.0,0.0,100.0,0.0,,,67.0,33.0,,,100.0,197.0,100.0,597.0,33.0,33.0,100.0,0.0,100.0,0.0,200.0,0.0,100.0,11110.0,100.0,49404457760.0,100.0,88165685176.0
2019-04-24,ZCH0BP6F,ST12000NM0007,12000138625024,0,80.0,101195680.0,97.0,0.0,100.0,3.0,100.0,0.0,80.0,109268084.0,88.0,11232.0,100.0,0.0,100.0,2.0,,,,,100.0,0.0,100.0,0.0,,,68.0,32.0,,,100.0,197.0,100.0,597.0,32.0,32.0,100.0,0.0,100.0,0.0,200.0,0.0,100.0,11125.0,100.0,49472900888.0,100.0,88323743864.0
2019-04-25,ZCH0BP6F,ST12000NM0007,12000138625024,0,83.0,217297320.0,97.0,0.0,100.0,3.0,100.0,0.0,81.0,113123035.0,88.0,11264.0,100.0,0.0,100.0,2.0,,,,,100.0,0.0,100.0,0.0,,,66.0,34.0,,,100.0,197.0,100.0,600.0,34.0,34.0,100.0,0.0,100.0,0.0,200.0,0.0,100.0,11157.0,100.0,49597606688.0,100.0,88559280432.0
2019-04-26,ZCH0BP6F,ST12000NM0007,12000138625024,0,83.0,212131920.0,97.0,0.0,100.0,3.0,100.0,0.0,81.0,116075352.0,88.0,11280.0,100.0,0.0,100.0,2.0,,,,,100.0,0.0,100.0,0.0,,,68.0,32.0,,,100.0,197.0,100.0,600.0,32.0,32.0,100.0,0.0,100.0,0.0,200.0,0.0,100.0,11173.0,100.0,49665211992.0,100.0,88730650608.0
2019-04-27,ZCH0BP6F,ST12000NM0007,12000138625024,0,78.0,68359344.0,97.0,0.0,100.0,3.0,100.0,0.0,81.0,119950651.0,88.0,11312.0,100.0,0.0,100.0,2.0,,,,,100.0,0.0,100.0,0.0,,,66.0,34.0,,,100.0,198.0,100.0,601.0,34.0,34.0,100.0,0.0,100.0,0.0,200.0,0.0,100.0,11205.0,100.0,49783769976.0,100.0,88956601400.0
2019-04-28,ZCH0BP6F,ST12000NM0007,12000138625024,0,78.0,61715224.0,97.0,0.0,100.0,3.0,100.0,0.0,81.0,122379832.0,88.0,11327.0,100.0,0.0,100.0,2.0,,,,,100.0,0.0,100.0,0.0,,,68.0,32.0,,,100.0,199.0,100.0,602.0,32.0,32.0,100.0,0.0,100.0,0.0,200.0,0.0,100.0,11221.0,100.0,49852676608.0,100.0,89125192032.0
2019-04-29,ZCH0BP6F,ST12000NM0007,12000138625024,0,82.0,166389048.0,97.0,0.0,100.0,3.0,100.0,0.0,81.0,126083852.0,88.0,11359.0,100.0,0.0,100.0,2.0,,,,,100.0,0.0,100.0,0.0,,,66.0,34.0,,,100.0,199.0,100.0,603.0,34.0,34.0,100.0,0.0,100.0,0.0,200.0,0.0,100.0,11252.0,100.0,49979803520.0,100.0,89346879600.0
2019-04-30,ZCH0BP6F,ST12000NM0007,12000138625024,0,80.0,96989728.0,97.0,0.0,100.0,3.0,100.0,0.0,81.0,127801401.0,88.0,11375.0,100.0,0.0,100.0,2.0,,,,,100.0,0.0,100.0,0.0,,,68.0,32.0,,,100.0,199.0,100.0,604.0,32.0,32.0,100.0,0.0,100.0,0.0,200.0,0.0,100.0,11268.0,100.0,50040707800.0,100.0,89460716704.0
2019-05-01,ZCH0BP6F,ST12000NM0007,12000138625024,0,84.0,235698856.0,97.0,0.0,100.0,3.0,100.0,0.0,81.0,131967251.0,87.0,11407.0,100.0,0.0,100.0,2.0,,,,,100.0,0.0,100.0,0.0,,,68.0,32.0,,,100.0,200.0,100.0,606.0,32.0,32.0,100.0,0.0,100.0,0.0,200.0,0.0,100.0,11299.0,100.0,50172734864.0,100.0,89711539408.0
2019-05-02,ZCH0BP6F,ST12000NM0007,12000138625024,0,83.0,187676480.0,97.0,0.0,100.0,3.0,100.0,0.0,81.0,133905177.0,87.0,11423.0,100.0,0.0,100.0,2.0,,,,,100.0,0.0,100.0,0.0,,,69.0,31.0,,,100.0,200.0,100.0,606.0,31.0,31.0,100.0,0.0,100.0,0.0,200.0,0.0,100.0,11315.0,100.0,50248218128.0,100.0,89832174440.0
2019-05-03,ZCH0BP6F,ST12000NM0007,12000138625024,0,75.0,29831432.0,97.0,0.0,100.0,3.0,100.0,0.0,81.0,138129760.0,87.0,11454.0,100.0,0.0,100.0,2.0,,,,,100.0,0.0,100.0,0.0,,,68.0,32.0,,,100.0,202.0,100.0,608.0,32.0,32.0,100.0,0.0,100.0,0.0,200.0,0.0,100.0,11346.0,100.0,50333796824.0,100.0,90077032272.0
2019-05-04,ZCH0BP6F,ST12000NM0007,12000138625024,0,83.0,188152712.0,97.0,0.0,100.0,3.0,100.0,0.0,81.0,139521361.0,87.0,11470.0,100.0,0.0,100.0,2.0,,,,,100.0,0.0,100.0,0.0,,,69.0,31.0,,,100.0,202.0,100.0,608.0,31.0,31.0,100.0,0.0,100.0,0.0,200.0,0.0,100.0,11362.0,100.0,50381485096.0,100.0,90187665280.0
2019-05-05,ZCH0BP6F,ST12000NM0007,12000138625024,0,68.0,6666280.0,97.0,0.0,100.0,3.0,100.0,0.0,82.0,142114879.0,87.0,11502.0,100.0,0.0,100.0,2.0,,,,,100.0,0.0,100.0,0.0,,,67.0,33.0,,,100.0,204.0,100.0,610.0,33.0,33.0,100.0,0.0,100.0,0.0,200.0,0.0,100.0,11394.0,100.0,50471556648.0,100.0,90404389024.0
2019-05-06,ZCH0BP6F,ST12000NM0007,12000138625024,0,80.0,89194800.0,97.0,0.0,100.0,3.0,100.0,0.0,82.0,144712340.0,87.0,11534.0,100.0,0.0,100.0,2.0,,,,,100.0,0.0,100.0,0.0,,,68.0,32.0,,,100.0,205.0,100.0,611.0,32.0,32.0,100.0,0.0,100.0,0.0,200.0,0.0,100.0,11425.0,100.0,50557451864.0,100.0,90645163144.0
2019-05-07,ZCH0BP6F,ST12000NM0007,12000138625024,0,71.0,12889448.0,97.0,0.0,100.0,3.0,100.0,0.0,82.0,146100076.0,87.0,11549.0,100.0,0.0,100.0,2.0,,,,,100.0,0.0,100.0,0.0,,,68.0,32.0,,,100.0,205.0,100.0,611.0,32.0,32.0,100.0,0.0,100.0,0.0,200.0,0.0,100.0,11441.0,100.0,50598494800.0,100.0,90771955608.0
2019-05-08,ZCH0BP6F,ST12000NM0007,12000138625024,0,80.0,95497736.0,97.0,0.0,100.0,3.0,100.0,0.0,82.0,149673428.0,87.0,11581.0,100.0,0.0,100.0,2.0,,,,,100.0,0.0,100.0,0.0,,,69.0,31.0,,,100.0,206.0,100.0,613.0,31.0,31.0,100.0,0.0,100.0,0.0,200.0,0.0,100.0,11472.0,100.0,50681344144.0,100.0,91015855336.0
2019-05-09,ZCH0BP6F,ST12000NM0007,12000138625024,0,79.0,87689776.0,97.0,0.0,100.0,3.0,100.0,0.0,82.0,152714209.0,87.0,11597.0,100.0,0.0,100.0,2.0,,,,,100.0,0.0,100.0,0.0,,,68.0,32.0,,,100.0,206.0,100.0,613.0,32.0,32.0,100.0,0.0,100.0,0.0,200.0,0.0,100.0,11488.0,100.0,50737553800.0,100.0,91195978400.0
2019-05-10,ZCH0BP6F,ST12000NM0007,12000138625024,0,83.0,216458824.0,97.0,0.0,100.0,3.0,100.0,0.0,82.0,157104619.0,87.0,11628.0,100.0,0.0,100.0,2.0,,,,,100.0,0.0,100.0,0.0,,,68.0,32.0,,,100.0,207.0,100.0,615.0,32.0,32.0,100.0,0.0,100.0,0.0,200.0,0.0,100.0,11520.0,100.0,50858287352.0,100.0,91448154776.0
2019-05-11,ZCH0BP6F,ST12000NM0007,12000138625024,0,81.0,130245848.0,97.0,0.0,100.0,3.0,100.0,0.0,82.0,158730002.0,87.0,11644.0,100.0,0.0,100.0,2.0,,,,,100.0,0.0,100.0,0.0,,,68.0,32.0,,,100.0,207.0,100.0,615.0,32.0,32.0,100.0,0.0,100.0,0.0,200.0,0.0,100.0,11535.0,100.0,50900840776.0,100.0,91563529872.0
2019-05-12,ZCH0BP6F,ST12000NM0007,12000138625024,0,79.0,77508232.0,97.0,0.0,100.0,3.0,100.0,0.0,82.0,160406318.0,87.0,11660.0,100.0,0.0,100.0,2.0,,,,,100.0,0.0,100.0,0.0,,,69.0,31.0,,,100.0,207.0,100.0,616.0,31.0,31.0,100.0,0.0,100.0,0.0,200.0,0.0,100.0,11551.0,100.0,50938175040.0,100.0,91717598984.0
2019-05-13,ZCH0BP6F,ST12000NM0007,12000138625024,0,81.0,122504904.0,97.0,0.0,100.0,3.0,100.0,0.0,82.0,163323256.0,87.0,11692.0,100.0,0.0,100.0,2.0,,,,,100.0,0.0,100.0,0.0,,,68.0,32.0,,,100.0,207.0,100.0,617.0,32.0,32.0,100.0,0.0,100.0,0.0,200.0,0.0,100.0,11583.0,100.0,51015610632.0,100.0,91929300840.0
2019-05-14,ZCH0BP6F,ST12000NM0007,12000138625024,0,78.0,70447024.0,97.0,0.0,100.0,3.0,100.0,0.0,82.0,165081385.0,87.0,11708.0,100.0,0.0,100.0,2.0,,,,,100.0,0.0,100.0,0.0,,,69.0,31.0,,,100.0,207.0,100.0,618.0,31.0,31.0,100.0,0.0,100.0,0.0,200.0,0.0,100.0,11599.0,100.0,51076992744.0,100.0,92060002224.0
2019-05-15,ZCH0BP6F,ST12000NM0007,12000138625024,0,83.0,207285688.0,97.0,0.0,100.0,3.0,100.0,0.0,82.0,168932566.0,87.0,11739.0,100.0,0.0,100.0,2.0,,,,,100.0,0.0,100.0,0.0,,,67.0,33.0,,,100.0,208.0,100.0,620.0,33.0,33.0,100.0,0.0,100.0,0.0,200.0,0.0,100.0,11630.0,100.0,51180183912.0,100.0,92337790832.0
2019-05-16,ZCH0BP6F,ST12000NM0007,12000138625024,0,78.0,67282456.0,97.0,0.0,100.0,3.0,100.0,0.0,82.0,172398247.0,87.0,11771.0,100.0,0.0,100.0,2.0,,,,,100.0,0.0,100.0,0.0,,,67.0,33.0,,,100.0,208.0,100.0,621.0,33.0,33.0,100.0,0.0,100.0,0.0,200.0,0.0,100.0,11662.0,100.0,51261300704.0,100.0,92604952280.0
2019-05-17,ZCH0BP6F,ST12000NM0007,12000138625024,0,67.0,5546656.0,97.0,0.0,100.0,3.0,100.0,0.0,82.0,174498091.0,87.0,11787.0,100.0,0.0,100.0,2.0,,,,,100.0,0.0,100.0,0.0,,,65.0,35.0,,,100.0,208.0,100.0,621.0,35.0,35.0,100.0,0.0,100.0,0.0,200.0,0.0,100.0,11677.0,100.0,51309470864.0,100.0,92739186952.0
2019-05-18,ZCH0BP6F,ST12000NM0007,12000138625024,0,79.0,89011736.0,97.0,0.0,100.0,3.0,100.0,0.0,83.0,177830588.0,87.0,11818.0,100.0,0.0,100.0,2.0,,,,,100.0,0.0,100.0,0.0,,,68.0,32.0,,,100.0,210.0,100.0,623.0,32.0,32.0,100.0,0.0,100.0,0.0,200.0,0.0,100.0,11709.0,100.0,51404148736.0,100.0,92972114912.0
2019-05-19,ZCH0BP6F,ST12000NM0007,12000138625024,0,74.0,25813712.0,97.0,0.0,100.0,3.0,100.0,0.0,83.0,179467314.0,87.0,11834.0,100.0,0.0,100.0,2.0,,,,,100.0,0.0,100.0,0.0,,,68.0,32.0,,,100.0,210.0,100.0,623.0,32.0,32.0,100.0,0.0,100.0,0.0,200.0,0.0,100.0,11724.0,100.0,51452908608.0,100.0,93104297760.0
2019-05-20,ZCH0BP6F,ST12000NM0007,12000138625024,0,76.0,38273496.0,97.0,0.0,100.0,3.0,100.0,0.0,83.0,182216878.0,87.0,11866.0,100.0,0.0,100.0,2.0,,,,,100.0,0.0,100.0,0.0,,,68.0,32.0,,,100.0,212.0,100.0,625.0,32.0,32.0,100.0,0.0,100.0,0.0,200.0,0.0,100.0,11756.0,100.0,51529184376.0,100.0,93284622624.0
2019-05-21,ZCH0BP6F,ST12000NM0007,12000138625024,0,83.0,221056104.0,97.0,0.0,100.0,3.0,100.0,0.0,83.0,183780911.0,87.0,11882.0,100.0,0.0,100.0,2.0,,,,,100.0,0.0,100.0,0.0,,,68.0,32.0,,,100.0,212.0,100.0,625.0,32.0,32.0,100.0,0.0,100.0,0.0,200.0,0.0,100.0,11772.0,100.0,51578568024.0,100.0,93418021584.0
2019-05-22,ZCH0BP6F,ST12000NM0007,12000138625024,0,79.0,87600792.0,97.0,0.0,100.0,3.0,100.0,0.0,83.0,187533523.0,87.0,11913.0,100.0,0.0,100.0,2.0,,,,,100.0,0.0,100.0,0.0,,,68.0,32.0,,,100.0,212.0,100.0,627.0,32.0,32.0,100.0,0.0,100.0,0.0,200.0,0.0,100.0,11803.0,100.0,51657616192.0,100.0,93693799496.0
2019-05-23,ZCH0BP6F,ST12000NM0007,12000138625024,0,79.0,71444232.0,97.0,0.0,100.0,3.0,100.0,0.0,83.0,190622527.0,87.0,11929.0,100.0,0.0,100.0,2.0,,,,,100.0,0.0,100.0,0.0,,,69.0,31.0,,,100.0,212.0,100.0,627.0,31.0,31.0,100.0,0.0,100.0,0.0,200.0,0.0,100.0,11819.0,100.0,51700281240.0,100.0,93879118648.0
2019-05-24,ZCH0BP6F,ST12000NM0007,12000138625024,0,83.0,222981568.0,97.0,0.0,100.0,3.0,100.0,0.0,83.0,192138624.0,87.0,11945.0,100.0,0.0,100.0,2.0,,,,,100.0,0.0,100.0,0.0,,,69.0,31.0,,,100.0,212.0,100.0,628.0,31.0,31.0,100.0,0.0,100.0,0.0,200.0,0.0,100.0,11834.0,100.0,51738528152.0,100.0,93992409072.0
2019-05-25,ZCH0BP6F,ST12000NM0007,12000138625024,0,79.0,86394848.0,97.0,0.0,100.0,3.0,100.0,0.0,83.0,195988812.0,87.0,11976.0,100.0,0.0,100.0,2.0,,,,,100.0,0.0,100.0,0.0,,,68.0,32.0,,,100.0,213.0,100.0,629.0,32.0,32.0,100.0,0.0,100.0,0.0,200.0,0.0,100.0,11866.0,100.0,51821110272.0,100.0,94261521744.0
2019-05-26,ZCH0BP6F,ST12000NM0007,12000138625024,0,67.0,4542184.0,97.0,0.0,100.0,3.0,100.0,0.0,83.0,198250244.0,87.0,11992.0,100.0,0.0,100.0,2.0,,,,,100.0,0.0,100.0,0.0,,,68.0,32.0,,,100.0,213.0,100.0,630.0,32.0,32.0,100.0,0.0,100.0,0.0,200.0,0.0,100.0,11882.0,100.0,51873634264.0,100.0,94371285744.0
2019-05-27,ZCH0BP6F,ST12000NM0007,12000138625024,0,79.0,85218880.0,97.0,0.0,100.0,3.0,100.0,0.0,83.0,201375392.0,87.0,12024.0,100.0,0.0,100.0,2.0,,,,,100.0,0.0,100.0,0.0,,,68.0,32.0,,,100.0,213.0,100.0,631.0,32.0,32.0,100.0,0.0,100.0,0.0,200.0,0.0,100.0,11913.0,100.0,51973719920.0,100.0,94596017424.0
2019-05-28,ZCH0BP6F,ST12000NM0007,12000138625024,0,83.0,190163136.0,97.0,0.0,100.0,3.0,100.0,0.0,83.0,204764242.0,87.0,12056.0,100.0,0.0,100.0,2.0,,,,,100.0,0.0,100.0,0.0,,,68.0,32.0,,,100.0,213.0,100.0,633.0,32.0,32.0,100.0,0.0,100.0,0.0,200.0,0.0,100.0,11944.0,100.0,52080862264.0,100.0,94837960136.0
2019-05-29,ZCH0BP6F,ST12000NM0007,12000138625024,0,82.0,163502640.0,97.0,0.0,100.0,3.0,100.0,0.0,83.0,207291440.0,87.0,12072.0,100.0,0.0,100.0,2.0,,,,,100.0,0.0,100.0,0.0,,,68.0,32.0,,,100.0,213.0,100.0,633.0,32.0,32.0,100.0,0.0,100.0,0.0,200.0,0.0,100.0,11960.0,100.0,52130291176.0,100.0,95006011712.0
2019-05-30,ZCH0BP6F,ST12000NM0007,12000138625024,0,83.0,218884168.0,97.0,0.0,100.0,3.0,100.0,0.0,83.0,210149010.0,87.0,12103.0,100.0,0.0,100.0,2.0,,,,,100.0,0.0,100.0,0.0,,,67.0,33.0,,,100.0,213.0,100.0,636.0,33.0,33.0,100.0,0.0,100.0,0.0,200.0,0.0,100.0,11992.0,100.0,52204728344.0,100.0,95231096904.0
2019-05-31,ZCH0BP6F,ST12000NM0007,12000138625024,0,79.0,79675992.0,97.0,0.0,100.0,3.0,100.0,0.0,83.0,214118402.0,87.0,12135.0,100.0,0.0,100.0,2.0,,,,,100.0,0.0,100.0,0.0,,,67.0,33.0,,,100.0,213.0,100.0,637.0,33.0,33.0,100.0,0.0,100.0,0.0,200.0,0.0,100.0,12023.0,100.0,52319511288.0,100.0,95465387168.0
2019-06-01,ZCH0BP6F,ST12000NM0007,12000138625024,0,84.0,240163656.0,97.0,0.0,100.0,3.0,100.0,0.0,83.0,215713839.0,87.0,12151.0,100.0,0.0,100.0,2.0,,,,,100.0,0.0,100.0,0.0,,,66.0,34.0,,,100.0,214.0,100.0,638.0,34.0,34.0,100.0,0.0,100.0,0.0,200.0,0.0,100.0,12039.0,100.0,52357255304.0,100.0,95588130816.0
2019-06-02,ZCH0BP6F,ST12000NM0007,12000138625024,0,81.0,124648600.0,97.0,0.0,100.0,3.0,100.0,0.0,83.0,219505905.0,87.0,12183.0,100.0,0.0,100.0,2.0,,,,,100.0,0.0,100.0,0.0,,,67.0,33.0,,,100.0,214.0,100.0,639.0,33.0,33.0,100.0,0.0,100.0,0.0,200.0,0.0,100.0,12070.0,100.0,52453327632.0,100.0,95864825208.0
2019-06-03,ZCH0BP6F,ST12000NM0007,12000138625024,0,79.0,79541056.0,97.0,0.0,100.0,3.0,100.0,0.0,83.0,221355877.0,87.0,12199.0,100.0,0.0,100.0,2.0,,,,,100.0,0.0,100.0,0.0,,,66.0,34.0,,,100.0,214.0,100.0,640.0,34.0,34.0,100.0,0.0,100.0,0.0,200.0,0.0,100.0,12086.0,100.0,52509439560.0,100.0,96007746440.0
2019-06-04,ZCH0BP6F,ST12000NM0007,12000138625024,0,76.0,44201720.0,97.0,0.0,100.0,3.0,100.0,0.0,84.0,225416193.0,87.0,12230.0,100.0,0.0,100.0,2.0,,,,,100.0,0.0,100.0,0.0,,,66.0,34.0,,,100.0,215.0,100.0,641.0,34.0,34.0,100.0,0.0,100.0,0.0,200.0,0.0,100.0,12118.0,100.0,52639879376.0,100.0,96330248896.0
2019-06-05,ZCH0BP6F,ST12000NM0007,12000138625024,0,74.0,27331992.0,97.0,0.0,100.0,3.0,100.0,0.0,84.0,229160619.0,87.0,12246.0,100.0,0.0,100.0,2.0,,,,,100.0,0.0,100.0,0.0,,,66.0,34.0,,,100.0,216.0,100.0,643.0,34.0,34.0,100.0,0.0,100.0,0.0,200.0,0.0,100.0,12134.0,100.0,52685964440.0,100.0,96511434832.0
2019-06-06,ZCH0BP6F,ST12000NM0007,12000138625024,0,84.0,237709192.0,97.0,0.0,100.0,3.0,100.0,0.0,84.0,231033469.0,87.0,12262.0,100.0,0.0,100.0,2.0,,,,,100.0,0.0,100.0,0.0,,,67.0,33.0,,,100.0,216.0,100.0,643.0,33.0,33.0,100.0,0.0,100.0,0.0,200.0,0.0,100.0,12149.0,100.0,52745299544.0,100.0,96662476928.0
2019-06-07,ZCH0BP6F,ST12000NM0007,12000138625024,0,79.0,83381880.0,97.0,0.0,100.0,3.0,100.0,0.0,84.0,234681124.0,86.0,12293.0,100.0,0.0,100.0,2.0,,,,,100.0,0.0,100.0,0.0,,,66.0,34.0,,,100.0,217.0,100.0,645.0,34.0,34.0,100.0,0.0,100.0,0.0,200.0,0.0,100.0,12180.0,100.0,52846678272.0,100.0,96895052344.0
2019-06-08,ZCH0BP6F,ST12000NM0007,12000138625024,0,82.0,169879816.0,97.0,0.0,100.0,3.0,100.0,0.0,84.0,237625522.0,86.0,12325.0,100.0,0.0,100.0,2.0,,,,,100.0,0.0,100.0,0.0,,,66.0,34.0,,,100.0,217.0,100.0,646.0,34.0,34.0,100.0,0.0,100.0,0.0,200.0,0.0,100.0,12212.0,100.0,52933993096.0,100.0,97138376112.0
2019-06-09,ZCH0BP6F,ST12000NM0007,12000138625024,0,80.0,100212232.0,97.0,0.0,100.0,3.0,100.0,0.0,84.0,239258146.0,86.0,12341.0,100.0,0.0,100.0,2.0,,,,,100.0,0.0,100.0,0.0,,,66.0,34.0,,,100.0,218.0,100.0,647.0,34.0,34.0,100.0,0.0,100.0,0.0,200.0,0.0,100.0,12228.0,100.0,52982054216.0,100.0,97264788200.0
2019-06-10,ZCH0BP6F,ST12000NM0007,12000138625024,0,83.0,219789736.0,97.0,0.0,100.0,3.0,100.0,0.0,84.0,242635456.0,86.0,12373.0,100.0,0.0,100.0,2.0,,,,,100.0,0.0,100.0,0.0,,,66.0,34.0,,,100.0,219.0,100.0,648.0,34.0,34.0,100.0,0.0,100.0,0.0,200.0,0.0,100.0,12259.0,100.0,53092944368.0,100.0,97517616448.0
2019-06-11,ZCH0BP6F,ST12000NM0007,12000138625024,0,82.0,153853200.0,97.0,0.0,100.0,3.0,100.0,0.0,84.0,244342738.0,86.0,12389.0,100.0,0.0,100.0,2.0,,,,,100.0,0.0,100.0,0.0,,,65.0,35.0,,,100.0,219.0,100.0,648.0,35.0,35.0,100.0,0.0,100.0,0.0,200.0,0.0,100.0,12275.0,100.0,53141295848.0,100.0,97647469136.0
2019-06-12,ZCH0BP6F,ST12000NM0007,12000138625024,0,79.0,82703480.0,97.0,0.0,100.0,3.0,100.0,0.0,84.0,248582985.0,86.0,12420.0,100.0,0.0,100.0,2.0,,,,,100.0,0.0,100.0,0.0,,,66.0,34.0,,,100.0,219.0,100.0,650.0,34.0,34.0,100.0,0.0,100.0,0.0,200.0,0.0,100.0,12307.0,100.0,53245744240.0,100.0,97960152448.0
2019-06-13,ZCH0BP6F,ST12000NM0007,12000138625024,0,68.0,6683752.0,97.0,0.0,100.0,3.0,100.0,0.0,84.0,250134282.0,86.0,12436.0,100.0,0.0,100.0,2.0,,,,,100.0,0.0,100.0,0.0,,,65.0,35.0,,,100.0,219.0,100.0,650.0,35.0,35.0,100.0,0.0,100.0,0.0,200.0,0.0,100.0,12323.0,100.0,53292168176.0,100.0,98081849784.0
2019-06-14,ZCH0BP6F,ST12000NM0007,12000138625024,0,82.0,152181504.0,97.0,0.0,100.0,3.0,100.0,0.0,84.0,254552318.0,86.0,12468.0,100.0,0.0,100.0,2.0,,,,,100.0,0.0,100.0,0.0,,,66.0,34.0,,,100.0,219.0,100.0,652.0,34.0,34.0,100.0,0.0,100.0,0.0,200.0,0.0,100.0,12354.0,100.0,53413749944.0,100.0,98349906400.0
2019-06-15,ZCH0BP6F,ST12000NM0007,12000138625024,0,78.0,66227048.0,97.0,0.0,100.0,3.0,100.0,0.0,84.0,256190682.0,86.0,12484.0,100.0,0.0,100.0,2.0,,,,,100.0,0.0,100.0,0.0,,,65.0,35.0,,,100.0,219.0,100.0,652.0,35.0,35.0,100.0,0.0,100.0,0.0,200.0,0.0,100.0,12370.0,100.0,53469026912.0,100.0,98452815672.0
2019-06-16,ZCH0BP6F,ST12000NM0007,12000138625024,0,82.0,165721936.0,97.0,0.0,100.0,3.0,100.0,0.0,84.0,259514989.0,86.0,12515.0,100.0,0.0,100.0,2.0,,,,,100.0,0.0,100.0,0.0,,,65.0,35.0,,,100.0,220.0,100.0,654.0,35.0,35.0,100.0,0.0,100.0,0.0,200.0,0.0,100.0,12402.0,100.0,53568334512.0,100.0,98697143800.0
2019-06-17,ZCH0BP6F,ST12000NM0007,12000138625024,0,80.0,93675216.0,97.0,0.0,100.0,3.0,100.0,0.0,84.0,261163530.0,86.0,12531.0,100.0,0.0,100.0,2.0,,,,,100.0,0.0,100.0,0.0,,,65.0,35.0,,,100.0,220.0,100.0,654.0,35.0,35.0,100.0,0.0,100.0,0.0,200.0,0.0,100.0,12417.0,100.0,53626678416.0,100.0,98810894008.0
2019-06-18,ZCH0BP6F,ST12000NM0007,12000138625024,0,70.0,10643048.0,97.0,0.0,100.0,3.0,100.0,0.0,84.0,265972062.0,86.0,12563.0,100.0,0.0,100.0,2.0,,,,,100.0,0.0,100.0,0.0,,,66.0,34.0,,,100.0,222.0,100.0,656.0,34.0,34.0,100.0,0.0,100.0,0.0,200.0,0.0,100.0,12449.0,100.0,53729863144.0,100.0,99112958728.0
2019-06-19,ZCH0BP6F,ST12000NM0007,12000138625024,0,83.0,217521704.0,97.0,0.0,100.0,3.0,100.0,0.0,84.0,268295389.0,86.0,12579.0,100.0,0.0,100.0,2.0,,,,,100.0,0.0,100.0,0.0,,,66.0,34.0,,,100.0,222.0,100.0,656.0,34.0,34.0,100.0,0.0,100.0,0.0,200.0,0.0,100.0,12465.0,100.0,53784990296.0,100.0,99264710232.0
2019-06-20,ZCH0BP6F,ST12000NM0007,12000138625024,0,81.0,121577776.0,96.0,0.0,100.0,4.0,100.0,0.0,84.0,271645165.0,86.0,12610.0,100.0,0.0,100.0,3.0,,,,,100.0,0.0,100.0,0.0,,,66.0,34.0,,,100.0,222.0,100.0,658.0,34.0,34.0,100.0,0.0,100.0,0.0,200.0,0.0,100.0,12496.0,100.0,53910330880.0,100.0,99531707410.0
2019-06-21,ZCH0BP6F,ST12000NM0007,12000138625024,0,77.0,50879872.0,96.0,0.0,100.0,4.0,100.0,0.0,84.0,273582231.0,86.0,12626.0,100.0,0.0,100.0,3.0,,,,,100.0,0.0,100.0,0.0,,,66.0,34.0,,,100.0,222.0,100.0,658.0,34.0,34.0,100.0,0.0,100.0,0.0,200.0,0.0,100.0,12512.0,100.0,53951055760.0,100.0,99664425258.0
2019-06-22,ZCH0BP6F,ST12000NM0007,12000138625024,0,78.0,64594802.0,94.0,0.0,100.0,5.0,100.0,0.0,84.0,276850419.0,86.0,12658.0,100.0,0.0,100.0,4.0,,,,,100.0,0.0,100.0,0.0,,,66.0,34.0,,,100.0,222.0,100.0,665.0,34.0,34.0,100.0,0.0,100.0,0.0,200.0,0.0,100.0,12543.0,100.0,54033212120.0,100.0,99840124462.0
2019-06-23,ZCH0BP6F,ST12000NM0007,12000138625024,0,83.0,192458706.0,94.0,0.0,100.0,5.0,100.0,0.0,84.0,278474141.0,86.0,12674.0,100.0,0.0,100.0,4.0,,,,,100.0,0.0,100.0,0.0,,,66.0,34.0,,,100.0,222.0,100.0,665.0,34.0,34.0,100.0,0.0,100.0,0.0,200.0,0.0,100.0,12559.0,100.0,54079381872.0,100.0,99921818614.0
2019-06-24,ZCH0BP6F,ST12000NM0007,12000138625024,0,69.0,8616632.0,94.0,0.0,100.0,5.0,100.0,0.0,84.0,281738387.0,86.0,12706.0,100.0,0.0,100.0,4.0,,,,,100.0,0.0,100.0,0.0,,,66.0,34.0,,,100.0,223.0,100.0,667.0,34.0,34.0,100.0,0.0,100.0,0.0,200.0,0.0,100.0,12590.0,100.0,54160952536.0,100.0,100144687430.0
2019-06-25,ZCH0BP6F,ST12000NM0007,12000138625024,0,84.0,233223660.0,93.0,0.0,100.0,6.0,100.0,0.0,85.0,283723974.0,86.0,12722.0,100.0,0.0,100.0,5.0,,,,,100.0,0.0,100.0,0.0,,,66.0,34.0,,,100.0,223.0,100.0,668.0,34.0,34.0,100.0,0.0,100.0,0.0,200.0,0.0,100.0,12607.0,100.0,54203149992.0,100.0,100327097002.0
2019-06-26,ZCH0BP6F,ST12000NM0007,12000138625024,0,83.0,213949520.0,93.0,0.0,100.0,6.0,100.0,0.0,85.0,286485106.0,86.0,12738.0,100.0,0.0,100.0,5.0,,,,,100.0,0.0,100.0,0.0,,,67.0,33.0,,,100.0,223.0,100.0,668.0,33.0,33.0,100.0,0.0,100.0,0.0,200.0,0.0,100.0,12622.0,100.0,54256703968.0,100.0,100498409594.0
2019-06-27,ZCH0BP6F,ST12000NM0007,12000138625024,0,83.0,183569520.0,93.0,0.0,100.0,6.0,100.0,0.0,85.0,290684428.0,86.0,12770.0,100.0,0.0,100.0,5.0,,,,,100.0,0.0,100.0,0.0,,,65.0,35.0,,,100.0,223.0,100.0,670.0,35.0,35.0,100.0,0.0,100.0,0.0,200.0,0.0,100.0,12654.0,100.0,54369407864.0,100.0,100843607002.0
2019-06-28,ZCH0BP6F,ST12000NM0007,12000138625024,0,83.0,185073680.0,93.0,0.0,100.0,6.0,100.0,0.0,85.0,292607498.0,86.0,12785.0,100.0,0.0,100.0,5.0,,,,,100.0,0.0,100.0,0.0,,,67.0,33.0,,,100.0,223.0,100.0,671.0,33.0,33.0,100.0,0.0,100.0,0.0,200.0,0.0,100.0,12670.0,100.0,54432616240.0,100.0,101026043474.0
2019-06-29,ZCH0BP6F,ST12000NM0007,12000138625024,0,83.0,207245360.0,93.0,0.0,100.0,6.0,100.0,0.0,85.0,297169325.0,86.0,12817.0,100.0,0.0,100.0,5.0,,,,,100.0,0.0,100.0,0.0,,,65.0,35.0,,,100.0,223.0,100.0,672.0,35.0,35.0,100.0,0.0,100.0,0.0,200.0,0.0,100.0,12701.0,100.0,54554716280.0,100.0,101414396626.0
2019-06-30,ZCH0BP6F,ST12000NM0007,12000138625024,0,100.0,376528.0,93.0,0.0,100.0,6.0,100.0,0.0,85.0,299087425.0,86.0,12833.0,100.0,0.0,100.0,5.0,,,,,100.0,0.0,100.0,0.0,,,66.0,34.0,,,100.0,224.0,100.0,673.0,34.0,34.0,100.0,0.0,100.0,0.0,200.0,0.0,100.0,12717.0,100.0,54610150032.0,100.0,101640375410.0
2019-07-01,ZCH0BP6F,ST12000NM0007,12000138625024,0,84.0,233193016.0,93.0,0.0,100.0,6.0,100.0,0.0,85.0,302676043.0,86.0,12865.0,100.0,0.0,100.0,5.0,,,,,100.0,0.0,100.0,0.0,,,65.0,35.0,,,100.0,225.0,100.0,674.0,35.0,35.0,100.0,0.0,100.0,0.0,200.0,0.0,100.0,12749.0,100.0,54703275488.0,100.0,102024207178.0
2019-07-02,ZCH0BP6F,ST12000NM0007,12000138625024,0,77.0,53153912.0,93.0,0.0,100.0,6.0,100.0,0.0,85.0,307162271.0,86.0,12897.0,100.0,0.0,100.0,5.0,,,,,100.0,0.0,100.0,0.0,,,63.0,37.0,,,100.0,225.0,100.0,677.0,37.0,37.0,100.0,0.0,100.0,0.0,200.0,0.0,100.0,12780.0,100.0,54810765024.0,100.0,102469100660.0
2019-07-03,ZCH0BP6F,ST12000NM0007,12000138625024,0,80.0,98766536.0,93.0,0.0,100.0,6.0,100.0,0.0,85.0,309981756.0,86.0,12913.0,100.0,0.0,100.0,5.0,,,,,100.0,0.0,100.0,0.0,,,65.0,35.0,,,100.0,225.0,100.0,677.0,35.0,35.0,100.0,0.0,100.0,0.0,200.0,0.0,100.0,12796.0,100.0,54864008968.0,100.0,102705610012.0
2019-07-04,ZCH0BP6F,ST12000NM0007,12000138625024,0,80.0,99454808.0,93.0,0.0,100.0,6.0,100.0,0.0,85.0,314969771.0,86.0,12944.0,100.0,0.0,100.0,5.0,,,,,100.0,0.0,100.0,0.0,,,64.0,36.0,,,100.0,225.0,100.0,679.0,36.0,36.0,100.0,0.0,100.0,0.0,200.0,0.0,100.0,12827.0,100.0,54952030072.0,100.0,103106559004.0
2019-07-05,ZCH0BP6F,ST12000NM0007,12000138625024,0,81.0,122377792.0,93.0,0.0,100.0,6.0,100.0,0.0,85.0,316807951.0,86.0,12960.0,100.0,0.0,100.0,5.0,,,,,100.0,0.0,100.0,0.0,,,65.0,35.0,,,100.0,225.0,100.0,679.0,35.0,35.0,100.0,0.0,100.0,0.0,200.0,0.0,100.0,12843.0,100.0,55003004656.0,100.0,103322648116.0
2019-07-06,ZCH0BP6F,ST12000NM0007,12000138625024,0,78.0,56237616.0,93.0,0.0,100.0,6.0,100.0,0.0,85.0,321137324.0,86.0,12992.0,100.0,0.0,100.0,5.0,,,,,100.0,0.0,100.0,0.0,,,64.0,36.0,,,100.0,226.0,100.0,681.0,36.0,36.0,100.0,0.0,100.0,0.0,200.0,0.0,100.0,12875.0,100.0,55116182456.0,100.0,103631611588.0
2019-07-07,ZCH0BP6F,ST12000NM0007,12000138625024,0,78.0,67090384.0,93.0,0.0,100.0,6.0,100.0,0.0,85.0,322932673.0,86.0,13008.0,100.0,0.0,100.0,5.0,,,,,100.0,0.0,100.0,0.0,,,65.0,35.0,,,100.0,226.0,100.0,681.0,35.0,35.0,100.0,0.0,100.0,0.0,200.0,0.0,100.0,12891.0,100.0,55165285536.0,100.0,103837501908.0
2019-07-08,ZCH0BP6F,ST12000NM0007,12000138625024,0,77.0,46716944.0,93.0,0.0,100.0,6.0,100.0,0.0,85.0,327271616.0,86.0,13040.0,100.0,0.0,100.0,5.0,,,,,100.0,0.0,100.0,0.0,,,63.0,37.0,,,100.0,226.0,100.0,683.0,37.0,37.0,100.0,0.0,100.0,0.0,200.0,0.0,100.0,12922.0,100.0,55260771488.0,100.0,104209923836.0
2019-07-09,ZCH0BP6F,ST12000NM0007,12000138625024,0,80.0,89431952.0,93.0,0.0,100.0,6.0,100.0,0.0,85.0,329734278.0,86.0,13055.0,100.0,0.0,100.0,5.0,,,,,100.0,0.0,100.0,0.0,,,65.0,35.0,,,100.0,226.0,100.0,683.0,35.0,35.0,100.0,0.0,100.0,0.0,200.0,0.0,100.0,12938.0,100.0,55310241056.0,100.0,104447310100.0
2019-07-10,ZCH0BP6F,ST12000NM0007,12000138625024,0,83.0,223248456.0,93.0,0.0,100.0,6.0,100.0,0.0,85.0,334938200.0,86.0,13087.0,100.0,0.0,100.0,5.0,,,,,100.0,0.0,100.0,0.0,,,64.0,36.0,,,100.0,226.0,100.0,685.0,36.0,36.0,100.0,0.0,100.0,0.0,200.0,0.0,100.0,12969.0,100.0,55458824552.0,100.0,104920824596.0
2019-07-11,ZCH0BP6F,ST12000NM0007,12000138625024,0,84.0,237774568.0,93.0,0.0,100.0,6.0,100.0,0.0,85.0,337997999.0,86.0,13103.0,100.0,0.0,100.0,5.0,,,,,100.0,0.0,100.0,0.0,,,64.0,36.0,,,100.0,226.0,100.0,685.0,36.0,36.0,100.0,0.0,100.0,0.0,200.0,0.0,100.0,12985.0,100.0,55510618984.0,100.0,105127697036.0
2019-07-12,ZCH0BP6F,ST12000NM0007,12000138625024,0,83.0,219674824.0,93.0,0.0,100.0,6.0,100.0,0.0,85.0,344495956.0,86.0,13134.0,100.0,0.0,100.0,5.0,,,,,100.0,0.0,100.0,0.0,,,63.0,37.0,,,100.0,226.0,100.0,686.0,37.0,37.0,100.0,0.0,100.0,0.0,200.0,0.0,100.0,13017.0,100.0,55591985728.0,100.0,105516511844.0
2019-07-13,ZCH0BP6F,ST12000NM0007,12000138625024,0,71.0,11392728.0,93.0,0.0,100.0,6.0,100.0,0.0,85.0,346791691.0,85.0,13150.0,100.0,0.0,100.0,5.0,,,,,100.0,0.0,100.0,0.0,,,64.0,36.0,,,100.0,226.0,100.0,687.0,36.0,36.0,100.0,0.0,100.0,0.0,200.0,0.0,100.0,13033.0,100.0,55651067128.0,100.0,105737430092.0
2019-07-14,ZCH0BP6F,ST12000NM0007,12000138625024,0,81.0,129742576.0,93.0,0.0,100.0,6.0,100.0,0.0,85.0,351954594.0,85.0,13182.0,100.0,0.0,100.0,5.0,,,,,100.0,0.0,100.0,0.0,,,62.0,38.0,,,100.0,227.0,100.0,689.0,38.0,38.0,100.0,0.0,100.0,0.0,200.0,0.0,100.0,13064.0,100.0,55776356752.0,100.0,106218771892.0
2019-07-15,ZCH0BP6F,ST12000NM0007,12000138625024,0,82.0,151468008.0,93.0,0.0,100.0,6.0,100.0,0.0,85.0,353881953.0,85.0,13198.0,100.0,0.0,100.0,5.0,,,,,100.0,0.0,100.0,0.0,,,65.0,35.0,,,100.0,227.0,100.0,689.0,35.0,35.0,100.0,0.0,100.0,0.0,200.0,0.0,100.0,13080.0,100.0,55829416088.0,100.0,106431578732.0
2019-07-16,ZCH0BP6F,ST12000NM0007,12000138625024,0,83.0,216846640.0,93.0,0.0,100.0,6.0,100.0,0.0,86.0,357993972.0,85.0,13230.0,100.0,0.0,100.0,5.0,,,,,100.0,0.0,100.0,0.0,,,64.0,36.0,,,100.0,227.0,100.0,690.0,36.0,36.0,100.0,0.0,100.0,0.0,200.0,0.0,100.0,13112.0,100.0,55947273968.0,100.0,106867381332.0
2019-07-17,ZCH0BP6F,ST12000NM0007,12000138625024,0,77.0,44860128.0,93.0,0.0,100.0,6.0,100.0,0.0,86.0,360897442.0,85.0,13246.0,100.0,0.0,100.0,5.0,,,,,100.0,0.0,100.0,0.0,,,65.0,35.0,,,100.0,227.0,100.0,691.0,35.0,35.0,100.0,0.0,100.0,0.0,200.0,0.0,100.0,13128.0,100.0,56009532624.0,100.0,107121417700.0
2019-07-18,ZCH0BP6F,ST12000NM0007,12000138625024,0,80.0,92481900.0,90.0,0.0,100.0,8.0,100.0,0.0,86.0,365482013.0,85.0,13278.0,100.0,0.0,100.0,7.0,,,,,100.0,0.0,100.0,0.0,,,63.0,37.0,,,100.0,227.0,100.0,697.0,37.0,37.0,100.0,0.0,100.0,0.0,200.0,0.0,100.0,13160.0,100.0,56122896664.0,100.0,107543956964.0
2019-07-19,ZCH0BP6F,ST12000NM0007,12000138625024,0,79.0,77419272.0,90.0,0.0,100.0,8.0,100.0,0.0,86.0,367651927.0,85.0,13294.0,100.0,0.0,100.0,7.0,,,,,100.0,0.0,100.0,0.0,,,65.0,35.0,,,100.0,227.0,100.0,697.0,35.0,35.0,100.0,0.0,100.0,0.0,200.0,0.0,100.0,13176.0,100.0,56174873384.0,100.0,107721058484.0
2019-07-20,ZCH0BP6F,ST12000NM0007,12000138625024,0,80.0,106123344.0,90.0,0.0,100.0,8.0,100.0,0.0,86.0,373758896.0,85.0,13326.0,100.0,0.0,100.0,7.0,,,,,100.0,0.0,100.0,0.0,,,63.0,37.0,,,100.0,227.0,100.0,699.0,37.0,37.0,100.0,0.0,100.0,0.0,200.0,0.0,100.0,13208.0,100.0,56272138832.0,100.0,108140778684.0
2019-07-21,ZCH0BP6F,ST12000NM0007,12000138625024,0,81.0,114027824.0,90.0,0.0,100.0,8.0,100.0,0.0,86.0,375698045.0,85.0,13342.0,100.0,0.0,100.0,7.0,,,,,100.0,0.0,100.0,0.0,,,65.0,35.0,,,100.0,227.0,100.0,699.0,35.0,35.0,100.0,0.0,100.0,0.0,200.0,0.0,100.0,13224.0,100.0,56324006904.0,100.0,108340955772.0
2019-07-22,ZCH0BP6F,ST12000NM0007,12000138625024,0,80.0,92646576.0,90.0,0.0,100.0,8.0,100.0,0.0,86.0,379292590.0,85.0,13374.0,100.0,0.0,100.0,7.0,,,,,100.0,0.0,100.0,0.0,,,63.0,37.0,,,100.0,227.0,100.0,701.0,37.0,37.0,100.0,0.0,100.0,0.0,200.0,0.0,100.0,13255.0,100.0,56418238152.0,100.0,108713624724.0
2019-07-23,ZCH0BP6F,ST12000NM0007,12000138625024,0,81.0,140746240.0,90.0,0.0,100.0,8.0,100.0,0.0,86.0,381239577.0,85.0,13390.0,100.0,0.0,100.0,7.0,,,,,100.0,0.0,100.0,0.0,,,65.0,35.0,,,100.0,227.0,100.0,701.0,35.0,35.0,100.0,0.0,100.0,0.0,200.0,0.0,100.0,13271.0,100.0,56479202888.0,100.0,108944900924.0
2019-07-24,ZCH0BP6F,ST12000NM0007,12000138625024,0,77.0,46585792.0,90.0,0.0,100.0,8.0,100.0,0.0,86.0,387532723.0,85.0,13422.0,100.0,0.0,100.0,7.0,,,,,100.0,0.0,100.0,0.0,,,63.0,37.0,,,100.0,227.0,100.0,703.0,37.0,37.0,100.0,0.0,100.0,0.0,200.0,0.0,100.0,13303.0,100.0,56606201768.0,100.0,109456163652.0
2019-07-25,ZCH0BP6F,ST12000NM0007,12000138625024,0,78.0,61932528.0,90.0,0.0,100.0,8.0,100.0,0.0,86.0,389553847.0,85.0,13437.0,100.0,0.0,100.0,7.0,,,,,100.0,0.0,100.0,0.0,,,65.0,35.0,,,100.0,227.0,100.0,704.0,35.0,35.0,100.0,0.0,100.0,0.0,200.0,0.0,100.0,13318.0,100.0,56677187936.0,100.0,109644664964.0
2019-07-26,ZCH0BP6F,ST12000NM0007,12000138625024,0,77.0,48766848.0,90.0,0.0,100.0,8.0,100.0,0.0,86.0,394299019.0,85.0,13469.0,100.0,0.0,100.0,7.0,,,,,100.0,0.0,100.0,0.0,,,63.0,37.0,,,100.0,227.0,100.0,705.0,37.0,37.0,100.0,0.0,100.0,0.0,200.0,0.0,100.0,13350.0,100.0,56791899552.0,100.0,110005068972.0
2019-07-27,ZCH0BP6F,ST12000NM0007,12000138625024,0,79.0,73111904.0,90.0,0.0,100.0,8.0,100.0,0.0,86.0,396325001.0,85.0,13485.0,100.0,0.0,100.0,7.0,,,,,100.0,0.0,100.0,0.0,,,65.0,35.0,,,100.0,227.0,100.0,706.0,35.0,35.0,100.0,0.0,100.0,0.0,200.0,0.0,100.0,13366.0,100.0,56854948368.0,100.0,110210505988.0
2019-07-28,ZCH0BP6F,ST12000NM0007,12000138625024,0,77.0,50979520.0,90.0,0.0,100.0,8.0,100.0,0.0,86.0,400114548.0,85.0,13517.0,100.0,0.0,100.0,7.0,,,,,100.0,0.0,100.0,0.0,,,62.0,38.0,,,100.0,228.0,100.0,707.0,38.0,38.0,100.0,0.0,100.0,0.0,200.0,0.0,100.0,13397.0,100.0,56972556520.0,100.0,110559047076.0
2019-07-29,ZCH0BP6F,ST12000NM0007,12000138625024,0,81.0,123765264.0,90.0,0.0,100.0,8.0,100.0,0.0,86.0,403265635.0,85.0,13533.0,100.0,0.0,100.0,7.0,,,,,100.0,0.0,100.0,0.0,,,64.0,36.0,,,100.0,228.0,100.0,708.0,36.0,36.0,100.0,0.0,100.0,0.0,200.0,0.0,100.0,13413.0,100.0,57037102384.0,100.0,110811427732.0
2019-07-30,ZCH0BP6F,ST12000NM0007,12000138625024,0,80.0,94189360.0,90.0,0.0,100.0,8.0,100.0,0.0,86.0,406978279.0,85.0,13564.0,100.0,0.0,100.0,7.0,,,,,100.0,0.0,100.0,0.0,,,63.0,37.0,,,100.0,228.0,100.0,709.0,37.0,37.0,100.0,0.0,100.0,0.0,200.0,0.0,100.0,13445.0,100.0,57150900200.0,100.0,111156335716.0
2019-07-31,ZCH0BP6F,ST12000NM0007,12000138625024,0,78.0,61204632.0,90.0,0.0,100.0,8.0,100.0,0.0,86.0,411183072.0,85.0,13596.0,100.0,0.0,100.0,7.0,,,,,100.0,0.0,100.0,0.0,,,66.0,34.0,,,100.0,229.0,100.0,711.0,34.0,34.0,100.0,0.0,100.0,0.0,200.0,0.0,100.0,13476.0,100.0,57200432592.0,100.0,111562100172.0
2019-08-01,ZCH0BP6F,ST12000NM0007,12000138625024,0,76.0,40093216.0,90.0,0.0,100.0,8.0,100.0,0.0,86.0,413098051.0,85.0,13612.0,100.0,0.0,100.0,7.0,,,,,100.0,0.0,100.0,0.0,,,65.0,35.0,,,100.0,229.0,100.0,711.0,35.0,35.0,100.0,0.0,100.0,0.0,200.0,0.0,100.0,13492.0,100.0,57232005712.0,100.0,111753556356.0
2019-08-02,ZCH0BP6F,ST12000NM0007,12000138625024,0,83.0,200207448.0,90.0,0.0,100.0,8.0,100.0,0.0,86.0,417314300.0,85.0,13644.0,100.0,0.0,100.0,7.0,,,,,100.0,0.0,100.0,0.0,,,64.0,36.0,,,100.0,229.0,100.0,713.0,36.0,36.0,100.0,0.0,100.0,0.0,200.0,0.0,100.0,13524.0,100.0,57276417792.0,100.0,112113399316.0
2019-08-03,ZCH0BP6F,ST12000NM0007,12000138625024,0,83.0,182611928.0,90.0,0.0,100.0,8.0,100.0,0.0,86.0,418813752.0,85.0,13659.0,100.0,0.0,100.0,7.0,,,,,100.0,0.0,100.0,0.0,,,63.0,37.0,,,100.0,229.0,100.0,713.0,37.0,37.0,100.0,0.0,100.0,0.0,200.0,0.0,100.0,13540.0,100.0,57298941272.0,100.0,112317421036.0
2019-08-04,ZCH0BP6F,ST12000NM0007,12000138625024,0,81.0,117699000.0,90.0,0.0,100.0,8.0,100.0,0.0,86.0,421608697.0,85.0,13691.0,100.0,0.0,100.0,7.0,,,,,100.0,0.0,100.0,0.0,,,64.0,36.0,,,100.0,230.0,100.0,715.0,36.0,36.0,100.0,0.0,100.0,0.0,200.0,0.0,100.0,13571.0,100.0,57335146072.0,100.0,112704584852.0
2019-08-05,ZCH0BP6F,ST12000NM0007,12000138625024,0,82.0,151419584.0,90.0,0.0,100.0,8.0,100.0,0.0,86.0,424091112.0,85.0,13707.0,100.0,0.0,100.0,7.0,,,,,100.0,0.0,100.0,0.0,,,63.0,37.0,,,100.0,230.0,100.0,715.0,37.0,37.0,100.0,0.0,100.0,0.0,200.0,0.0,100.0,13587.0,100.0,57363807136.0,100.0,112953785060.0
2019-08-06,ZCH0BP6F,ST12000NM0007,12000138625024,0,80.0,101750448.0,90.0,0.0,100.0,8.0,100.0,0.0,86.0,426939680.0,85.0,13739.0,100.0,0.0,100.0,7.0,,,,,100.0,0.0,100.0,0.0,,,64.0,36.0,,,100.0,231.0,100.0,717.0,36.0,36.0,100.0,0.0,100.0,0.0,200.0,0.0,100.0,13619.0,100.0,57402888792.0,100.0,113353316028.0
2019-08-07,ZCH0BP6F,ST12000NM0007,12000138625024,0,81.0,129191160.0,90.0,0.0,100.0,8.0,100.0,0.0,86.0,429329876.0,85.0,13755.0,100.0,0.0,100.0,7.0,,,,,100.0,0.0,100.0,0.0,,,66.0,34.0,,,100.0,231.0,100.0,717.0,34.0,34.0,100.0,0.0,100.0,0.0,200.0,0.0,100.0,13635.0,100.0,57423230016.0,100.0,113604556388.0
2019-08-08,ZCH0BP6F,ST12000NM0007,12000138625024,0,80.0,90024008.0,90.0,0.0,100.0,8.0,100.0,0.0,86.0,432527776.0,85.0,13786.0,100.0,0.0,100.0,7.0,,,,,100.0,0.0,100.0,0.0,,,65.0,35.0,,,100.0,231.0,100.0,719.0,35.0,35.0,100.0,0.0,100.0,0.0,200.0,0.0,100.0,13666.0,100.0,57473020880.0,100.0,114003879812.0
2019-08-09,ZCH0BP6F,ST12000NM0007,12000138625024,0,79.0,81256592.0,90.0,0.0,100.0,8.0,100.0,0.0,86.0,434539959.0,85.0,13802.0,100.0,0.0,100.0,7.0,,,,,100.0,0.0,100.0,0.0,,,64.0,36.0,,,100.0,231.0,100.0,719.0,36.0,36.0,100.0,0.0,100.0,0.0,200.0,0.0,100.0,13682.0,100.0,57497003848.0,100.0,114215270540.0
2019-08-10,ZCH0BP6F,ST12000NM0007,12000138625024,0,68.0,5801720.0,90.0,0.0,100.0,8.0,100.0,0.0,86.0,438716690.0,85.0,13834.0,100.0,0.0,100.0,7.0,,,,,100.0,0.0,100.0,0.0,,,65.0,35.0,,,100.0,231.0,100.0,720.0,35.0,35.0,100.0,0.0,100.0,0.0,200.0,0.0,100.0,13714.0,100.0,57536006432.0,100.0,114589094796.0
2019-08-11,ZCH0BP6F,ST12000NM0007,12000138625024,0,83.0,204254360.0,90.0,0.0,100.0,8.0,100.0,0.0,86.0,440002218.0,85.0,13850.0,100.0,0.0,100.0,7.0,,,,,100.0,0.0,100.0,0.0,,,66.0,34.0,,,100.0,232.0,100.0,721.0,34.0,34.0,100.0,0.0,100.0,0.0,200.0,0.0,100.0,13729.0,100.0,57550507288.0,100.0,114773046580.0
2019-08-12,ZCH0BP6F,ST12000NM0007,12000138625024,0,83.0,195360432.0,90.0,0.0,100.0,8.0,100.0,0.0,86.0,444600473.0,85.0,13882.0,100.0,0.0,100.0,7.0,,,,,100.0,0.0,100.0,0.0,,,65.0,35.0,,,100.0,233.0,100.0,722.0,35.0,35.0,100.0,0.0,100.0,0.0,200.0,0.0,100.0,13761.0,100.0,57593247872.0,100.0,115209693588.0
2019-08-13,ZCH0BP6F,ST12000NM0007,12000138625024,0,83.0,194973352.0,90.0,0.0,100.0,8.0,100.0,0.0,86.0,446046481.0,85.0,13897.0,100.0,0.0,100.0,7.0,,,,,100.0,0.0,100.0,0.0,,,65.0,35.0,,,100.0,234.0,100.0,723.0,35.0,35.0,100.0,0.0,100.0,0.0,200.0,0.0,100.0,13777.0,100.0,57608484992.0,100.0,115438210100.0
2019-08-14,ZCH0BP6F,ST12000NM0007,12000138625024,0,80.0,98388384.0,90.0,0.0,100.0,8.0,100.0,0.0,87.0,449386214.0,85.0,13929.0,100.0,0.0,100.0,7.0,,,,,100.0,0.0,100.0,0.0,,,66.0,34.0,,,100.0,234.0,100.0,724.0,34.0,34.0,100.0,0.0,100.0,0.0,200.0,0.0,100.0,13808.0,100.0,57641081168.0,100.0,115797310356.0
2019-08-15,ZCH0BP6F,ST12000NM0007,12000138625024,0,76.0,44018976.0,90.0,0.0,100.0,8.0,100.0,0.0,87.0,450738632.0,85.0,13945.0,100.0,0.0,100.0,7.0,,,,,100.0,0.0,100.0,0.0,,,65.0,35.0,,,100.0,235.0,100.0,725.0,35.0,35.0,100.0,0.0,100.0,0.0,200.0,0.0,100.0,13824.0,100.0,57655991656.0,100.0,115972171108.0
2019-08-16,ZCH0BP6F,ST12000NM0007,12000138625024,0,73.0,19040472.0,90.0,0.0,100.0,8.0,100.0,0.0,87.0,455196708.0,85.0,13977.0,100.0,0.0,100.0,7.0,,,,,100.0,0.0,100.0,0.0,,,66.0,34.0,,,100.0,236.0,100.0,727.0,34.0,34.0,100.0,0.0,100.0,0.0,200.0,0.0,100.0,13856.0,100.0,57697800040.0,100.0,116393665780.0
2019-08-17,ZCH0BP6F,ST12000NM0007,12000138625024,0,82.0,162591984.0,90.0,0.0,100.0,8.0,100.0,0.0,87.0,456214118.0,85.0,13993.0,100.0,0.0,100.0,7.0,,,,,100.0,0.0,100.0,0.0,,,64.0,36.0,,,100.0,236.0,100.0,727.0,36.0,36.0,100.0,0.0,100.0,0.0,200.0,0.0,100.0,13872.0,100.0,57712968280.0,100.0,116522049052.0
2019-08-18,ZCH0BP6F,ST12000NM0007,12000138625024,0,77.0,55588520.0,90.0,0.0,100.0,8.0,100.0,0.0,87.0,458646626.0,84.0,14025.0,100.0,0.0,100.0,7.0,,,,,100.0,0.0,100.0,0.0,,,61.0,39.0,,,100.0,237.0,100.0,728.0,39.0,39.0,100.0,0.0,100.0,0.0,200.0,0.0,100.0,13903.0,100.0,57743536096.0,100.0,116872760148.0
2019-08-19,ZCH0BP6F,ST12000NM0007,12000138625024,0,84.0,230535224.0,90.0,0.0,100.0,8.0,100.0,0.0,87.0,459804065.0,84.0,14040.0,100.0,0.0,100.0,7.0,,,,,100.0,0.0,100.0,0.0,,,62.0,38.0,,,100.0,237.0,100.0,729.0,38.0,38.0,100.0,0.0,100.0,0.0,200.0,0.0,100.0,13919.0,100.0,57757355016.0,100.0,117033887932.0
2019-08-20,ZCH0BP6F,ST12000NM0007,12000138625024,0,81.0,126611416.0,90.0,0.0,100.0,8.0,100.0,0.0,87.0,462374818.0,84.0,14072.0,100.0,0.0,100.0,7.0,,,,,100.0,0.0,100.0,0.0,,,60.0,40.0,,,100.0,237.0,100.0,730.0,40.0,40.0,100.0,0.0,100.0,0.0,200.0,0.0,100.0,13951.0,100.0,57789772344.0,100.0,117385828340.0
2019-08-21,ZCH0BP6F,ST12000NM0007,12000138625024,0,81.0,135098680.0,90.0,0.0,100.0,8.0,100.0,0.0,87.0,464829101.0,84.0,14088.0,100.0,0.0,100.0,7.0,,,,,100.0,0.0,100.0,0.0,,,61.0,39.0,,,100.0,237.0,100.0,731.0,39.0,39.0,100.0,0.0,100.0,0.0,200.0,0.0,100.0,13967.0,100.0,57809300144.0,100.0,117618928516.0
2019-08-22,ZCH0BP6F,ST12000NM0007,12000138625024,0,79.0,79756552.0,90.0,0.0,100.0,8.0,100.0,0.0,87.0,467677524.0,84.0,14120.0,100.0,0.0,100.0,7.0,,,,,100.0,0.0,100.0,0.0,,,60.0,40.0,,,100.0,238.0,100.0,732.0,40.0,40.0,100.0,0.0,100.0,0.0,200.0,0.0,100.0,13998.0,100.0,57843516600.0,100.0,118017651468.0
2019-08-23,ZCH0BP6F,ST12000NM0007,12000138625024,0,78.0,66687944.0,90.0,0.0,100.0,8.0,100.0,0.0,87.0,469121863.0,84.0,14136.0,100.0,0.0,100.0,7.0,,,,,100.0,0.0,100.0,0.0,,,61.0,39.0,,,100.0,239.0,100.0,733.0,39.0,39.0,100.0,0.0,100.0,0.0,200.0,0.0,100.0,14014.0,100.0,57861874400.0,100.0,118230365692.0
2019-08-24,ZCH0BP6F,ST12000NM0007,12000138625024,0,83.0,219790240.0,90.0,0.0,100.0,8.0,100.0,0.0,87.0,473593811.0,84.0,14168.0,100.0,0.0,100.0,7.0,,,,,100.0,0.0,100.0,0.0,,,60.0,40.0,,,100.0,239.0,100.0,734.0,40.0,40.0,100.0,0.0,100.0,0.0,200.0,0.0,100.0,14046.0,100.0,57898728120.0,100.0,118590755180.0
2019-08-25,ZCH0BP6F,ST12000NM0007,12000138625024,0,83.0,200241152.0,90.0,0.0,100.0,8.0,100.0,0.0,87.0,475045672.0,84.0,14183.0,100.0,0.0,100.0,7.0,,,,,100.0,0.0,100.0,0.0,,,62.0,38.0,,,100.0,240.0,100.0,735.0,38.0,38.0,100.0,0.0,100.0,0.0,200.0,0.0,100.0,14062.0,100.0,57917139096.0,100.0,118796935892.0
2019-08-26,ZCH0BP6F,ST12000NM0007,12000138625024,0,82.0,147186800.0,90.0,0.0,100.0,8.0,100.0,0.0,87.0,479415803.0,84.0,14231.0,100.0,0.0,100.0,7.0,,,,,100.0,0.0,100.0,0.0,,,60.0,40.0,,,100.0,241.0,100.0,737.0,40.0,40.0,100.0,0.0,100.0,0.0,200.0,0.0,100.0,14109.0,100.0,57980992592.0,100.0,119412450268.0
2019-08-27,ZCH0BP6F,ST12000NM0007,12000138625024,0,82.0,147186800.0,90.0,0.0,100.0,8.0,100.0,0.0,87.0,479415803.0,84.0,14231.0,100.0,0.0,100.0,7.0,,,,,100.0,0.0,100.0,0.0,,,60.0,40.0,,,100.0,241.0,100.0,737.0,40.0,40.0,100.0,0.0,100.0,0.0,200.0,0.0,100.0,14109.0,100.0,57980992592.0,100.0,119412450268.0
2019-08-28,ZCH0BP6F,ST12000NM0007,12000138625024,0,82.0,173945008.0,90.0,0.0,100.0,8.0,100.0,0.0,87.0,485303384.0,84.0,14263.0,100.0,0.0,100.0,7.0,,,,,100.0,0.0,100.0,0.0,,,58.0,42.0,,,100.0,241.0,100.0,738.0,42.0,42.0,100.0,0.0,100.0,0.0,200.0,0.0,100.0,14141.0,100.0,58040948328.0,100.0,119867534124.0
2019-08-29,ZCH0BP6F,ST12000NM0007,12000138625024,0,82.0,146456880.0,90.0,0.0,100.0,8.0,100.0,0.0,87.0,486859873.0,84.0,14279.0,100.0,0.0,100.0,7.0,,,,,100.0,0.0,100.0,0.0,,,61.0,39.0,,,100.0,241.0,100.0,739.0,39.0,39.0,100.0,0.0,100.0,0.0,200.0,0.0,100.0,14157.0,100.0,58073395768.0,100.0,120051739284.0
2019-08-30,ZCH0BP6F,ST12000NM0007,12000138625024,0,81.0,133949876.0,90.0,0.0,100.0,8.0,100.0,0.0,87.0,488562711.0,84.0,14296.0,100.0,0.0,100.0,7.0,,,,,100.0,0.0,100.0,0.0,,,62.0,38.0,,,100.0,241.0,100.0,747.0,38.0,38.0,100.0,0.0,100.0,0.0,200.0,0.0,100.0,14172.0,100.0,58108204712.0,100.0,120248564032.0
2019-08-31,ZCH0BP6F,ST12000NM0007,12000138625024,0,79.0,80448928.0,90.0,0.0,100.0,9.0,100.0,0.0,87.0,491623116.0,84.0,14328.0,100.0,0.0,100.0,8.0,,,,,100.0,0.0,100.0,0.0,,,61.0,39.0,,,100.0,241.0,100.0,749.0,39.0,39.0,100.0,0.0,100.0,0.0,200.0,0.0,100.0,14204.0,100.0,58155512832.0,100.0,120636036546.0
2019-09-01,ZCH0BP6F,ST12000NM0007,12000138625024,0,79.0,78303168.0,90.0,0.0,100.0,9.0,100.0,0.0,87.0,495351870.0,84.0,14360.0,100.0,0.0,100.0,8.0,,,,,100.0,0.0,100.0,0.0,,,60.0,40.0,,,100.0,241.0,100.0,751.0,40.0,40.0,100.0,0.0,100.0,0.0,200.0,0.0,100.0,14236.0,100.0,58198868568.0,100.0,121078816546.0
2019-09-02,ZCH0BP6F,ST12000NM0007,12000138625024,0,75.0,34607664.0,90.0,0.0,100.0,9.0,100.0,0.0,87.0,496776860.0,84.0,14376.0,100.0,0.0,100.0,8.0,,,,,100.0,0.0,100.0,0.0,,,61.0,39.0,,,100.0,242.0,100.0,752.0,39.0,39.0,100.0,0.0,100.0,0.0,200.0,0.0,100.0,14251.0,100.0,58222119632.0,100.0,121256010714.0
2019-09-03,ZCH0BP6F,ST12000NM0007,12000138625024,0,84.0,230950648.0,90.0,0.0,100.0,9.0,100.0,0.0,87.0,499967037.0,84.0,14408.0,100.0,0.0,100.0,8.0,,,,,100.0,0.0,100.0,0.0,,,60.0,40.0,,,100.0,243.0,100.0,753.0,40.0,40.0,100.0,0.0,100.0,0.0,200.0,0.0,100.0,14283.0,100.0,58278929976.0,100.0,121639684122.0
2019-09-04,ZCH0BP6F,ST12000NM0007,12000138625024,0,84.0,227206824.0,90.0,0.0,100.0,9.0,100.0,0.0,87.0,502543908.0,84.0,14424.0,100.0,0.0,100.0,8.0,,,,,100.0,0.0,100.0,0.0,,,61.0,39.0,,,100.0,243.0,100.0,753.0,39.0,39.0,100.0,0.0,100.0,0.0,200.0,0.0,100.0,14299.0,100.0,58319105528.0,100.0,121839905586.0
2019-09-05,ZCH0BP6F,ST12000NM0007,12000138625024,0,82.0,154377928.0,90.0,0.0,100.0,9.0,100.0,0.0,87.0,505361790.0,84.0,14455.0,100.0,0.0,100.0,8.0,,,,,100.0,0.0,100.0,0.0,,,59.0,41.0,,,100.0,244.0,100.0,755.0,41.0,41.0,100.0,0.0,100.0,0.0,200.0,0.0,100.0,14331.0,100.0,58376553520.0,100.0,122197910146.0
2019-09-06,ZCH0BP6F,ST12000NM0007,12000138625024,0,82.0,147227280.0,90.0,0.0,100.0,9.0,100.0,0.0,87.0,507280078.0,84.0,14471.0,100.0,0.0,100.0,8.0,,,,,100.0,0.0,100.0,0.0,,,61.0,39.0,,,100.0,244.0,100.0,755.0,39.0,39.0,100.0,0.0,100.0,0.0,200.0,0.0,100.0,14347.0,100.0,58404546784.0,100.0,122406906874.0
2019-09-07,ZCH0BP6F,ST12000NM0007,12000138625024,0,76.0,42453816.0,90.0,0.0,100.0,9.0,100.0,0.0,87.0,510994596.0,84.0,14503.0,100.0,0.0,100.0,8.0,,,,,100.0,0.0,100.0,0.0,,,60.0,40.0,,,100.0,245.0,100.0,757.0,40.0,40.0,100.0,0.0,100.0,0.0,200.0,0.0,100.0,14378.0,100.0,58463460304.0,100.0,122731501458.0
2019-09-08,ZCH0BP6F,ST12000NM0007,12000138625024,0,74.0,25908504.0,90.0,0.0,100.0,9.0,100.0,0.0,87.0,512633143.0,84.0,14519.0,100.0,0.0,100.0,8.0,,,,,100.0,0.0,100.0,0.0,,,61.0,39.0,,,100.0,245.0,100.0,757.0,39.0,39.0,100.0,0.0,100.0,0.0,200.0,0.0,100.0,14394.0,100.0,58502049920.0,100.0,122920507306.0
2019-09-09,ZCH0BP6F,ST12000NM0007,12000138625024,0,67.0,4539024.0,90.0,0.0,100.0,9.0,100.0,0.0,87.0,515861832.0,84.0,14551.0,100.0,0.0,100.0,8.0,,,,,100.0,0.0,100.0,0.0,,,60.0,40.0,,,100.0,245.0,100.0,759.0,40.0,40.0,100.0,0.0,100.0,0.0,200.0,0.0,100.0,14426.0,100.0,58565825040.0,100.0,123323644258.0
2019-09-10,ZCH0BP6F,ST12000NM0007,12000138625024,0,72.0,17324568.0,90.0,0.0,100.0,9.0,100.0,0.0,87.0,517707393.0,84.0,14567.0,100.0,0.0,100.0,8.0,,,,,100.0,0.0,100.0,0.0,,,61.0,39.0,,,100.0,245.0,100.0,759.0,39.0,39.0,100.0,0.0,100.0,0.0,200.0,0.0,100.0,14442.0,100.0,58607900736.0,100.0,123538494762.0
2019-09-11,ZCH0BP6F,ST12000NM0007,12000138625024,0,78.0,59774992.0,90.0,0.0,100.0,9.0,100.0,0.0,87.0,522095183.0,84.0,14599.0,100.0,0.0,100.0,8.0,,,,,100.0,0.0,100.0,0.0,,,60.0,40.0,,,100.0,245.0,100.0,761.0,40.0,40.0,100.0,0.0,100.0,0.0,200.0,0.0,100.0,14473.0,100.0,58677445632.0,100.0,123999681802.0
2019-09-12,ZCH0BP6F,ST12000NM0007,12000138625024,0,81.0,114430568.0,90.0,0.0,100.0,9.0,100.0,0.0,87.0,524953502.0,84.0,14614.0,100.0,0.0,100.0,8.0,,,,,100.0,0.0,100.0,0.0,,,62.0,38.0,,,100.0,245.0,100.0,761.0,38.0,38.0,100.0,0.0,100.0,0.0,200.0,0.0,100.0,14489.0,100.0,58714807976.0,100.0,124261115706.0
2019-09-13,ZCH0BP6F,ST12000NM0007,12000138625024,0,79.0,73690280.0,90.0,0.0,100.0,9.0,100.0,0.0,87.0,528881400.0,84.0,14646.0,100.0,0.0,100.0,8.0,,,,,100.0,0.0,100.0,0.0,,,60.0,40.0,,,100.0,246.0,100.0,763.0,40.0,40.0,100.0,0.0,100.0,0.0,200.0,0.0,100.0,14521.0,100.0,58777891552.0,100.0,124645573530.0
2019-09-14,ZCH0BP6F,ST12000NM0007,12000138625024,0,78.0,67722336.0,90.0,0.0,100.0,9.0,100.0,0.0,87.0,530453364.0,84.0,14662.0,100.0,0.0,100.0,8.0,,,,,100.0,0.0,100.0,0.0,,,62.0,38.0,,,100.0,246.0,100.0,763.0,38.0,38.0,100.0,0.0,100.0,0.0,200.0,0.0,100.0,14537.0,100.0,58804344640.0,100.0,124857293218.0
2019-09-15,ZCH0BP6F,ST12000NM0007,12000138625024,0,79.0,78039744.0,90.0,0.0,100.0,9.0,100.0,0.0,87.0,534600800.0,84.0,14694.0,100.0,0.0,100.0,8.0,,,,,100.0,0.0,100.0,0.0,,,60.0,40.0,,,100.0,246.0,100.0,765.0,40.0,40.0,100.0,0.0,100.0,0.0,200.0,0.0,100.0,14568.0,100.0,58866980992.0,100.0,125293255866.0
2019-09-16,ZCH0BP6F,ST12000NM0007,12000138625024,0,80.0,94684656.0,90.0,0.0,100.0,9.0,100.0,0.0,87.0,537812091.0,84.0,14710.0,100.0,0.0,100.0,8.0,,,,,100.0,0.0,100.0,0.0,,,62.0,38.0,,,100.0,246.0,100.0,765.0,38.0,38.0,100.0,0.0,100.0,0.0,200.0,0.0,100.0,14584.0,100.0,58907205952.0,100.0,125513816522.0
2019-09-17,ZCH0BP6F,ST12000NM0007,12000138625024,0,76.0,43592608.0,90.0,0.0,100.0,9.0,100.0,0.0,87.0,540823369.0,84.0,14742.0,100.0,0.0,100.0,8.0,,,,,100.0,0.0,100.0,0.0,,,61.0,39.0,,,100.0,247.0,100.0,767.0,39.0,39.0,100.0,0.0,100.0,0.0,200.0,0.0,100.0,14616.0,100.0,58970960552.0,100.0,125887251290.0
2019-09-18,ZCH0BP6F,ST12000NM0007,12000138625024,0,78.0,61691920.0,90.0,0.0,100.0,9.0,100.0,0.0,87.0,545250094.0,84.0,14773.0,100.0,0.0,100.0,8.0,,,,,100.0,0.0,100.0,0.0,,,61.0,39.0,,,100.0,247.0,100.0,768.0,39.0,39.0,100.0,0.0,100.0,0.0,200.0,0.0,100.0,14647.0,100.0,59037199984.0,100.0,126327392978.0
2019-09-19,ZCH0BP6F,ST12000NM0007,12000138625024,0,78.0,59113744.0,90.0,0.0,100.0,9.0,100.0,0.0,87.0,546727420.0,84.0,14789.0,100.0,0.0,100.0,8.0,,,,,100.0,0.0,100.0,0.0,,,60.0,40.0,,,100.0,247.0,100.0,769.0,40.0,40.0,100.0,0.0,100.0,0.0,200.0,0.0,100.0,14663.0,100.0,59060846048.0,100.0,126545309562.0
2019-09-20,ZCH0BP6F,ST12000NM0007,12000138625024,0,73.0,20166576.0,90.0,0.0,100.0,9.0,100.0,0.0,87.0,550841622.0,84.0,14821.0,100.0,0.0,100.0,8.0,,,,,100.0,0.0,100.0,0.0,,,62.0,38.0,,,100.0,248.0,100.0,770.0,38.0,38.0,100.0,0.0,100.0,0.0,200.0,0.0,100.0,14695.0,100.0,59132219608.0,100.0,126923270250.0
2019-09-21,ZCH0BP6F,ST12000NM0007,12000138625024,0,84.0,231730600.0,90.0,0.0,100.0,9.0,100.0,0.0,87.0,552369186.0,84.0,14837.0,100.0,0.0,100.0,8.0,,,,,100.0,0.0,100.0,0.0,,,61.0,39.0,,,100.0,249.0,100.0,771.0,39.0,39.0,100.0,0.0,100.0,0.0,200.0,0.0,100.0,14711.0,100.0,59167411032.0,100.0,127099642850.0
2019-09-22,ZCH0BP6F,ST12000NM0007,12000138625024,0,72.0,17134264.0,90.0,0.0,100.0,9.0,100.0,0.0,87.0,556721157.0,84.0,14869.0,100.0,0.0,100.0,8.0,,,,,100.0,0.0,100.0,0.0,,,62.0,38.0,,,100.0,249.0,100.0,772.0,38.0,38.0,100.0,0.0,100.0,0.0,200.0,0.0,100.0,14742.0,100.0,59249361560.0,100.0,127535517970.0
2019-09-23,ZCH0BP6F,ST12000NM0007,12000138625024,0,83.0,213339168.0,90.0,0.0,100.0,9.0,100.0,0.0,87.0,558266756.0,84.0,14885.0,100.0,0.0,100.0,8.0,,,,,100.0,0.0,100.0,0.0,,,61.0,39.0,,,100.0,250.0,100.0,773.0,39.0,39.0,100.0,0.0,100.0,0.0,200.0,0.0,100.0,14758.0,100.0,59294543016.0,100.0,127686541450.0
2019-09-24,ZCH0BP6F,ST12000NM0007,12000138625024,0,82.0,149522464.0,90.0,0.0,100.0,9.0,100.0,0.0,87.0,561130614.0,83.0,14916.0,100.0,0.0,100.0,8.0,,,,,100.0,0.0,100.0,0.0,,,62.0,38.0,,,100.0,250.0,100.0,774.0,38.0,38.0,100.0,0.0,100.0,0.0,200.0,0.0,100.0,14790.0,100.0,59360406440.0,100.0,128045142826.0
2019-09-25,ZCH0BP6F,ST12000NM0007,12000138625024,0,82.0,151605448.0,90.0,0.0,100.0,9.0,100.0,0.0,88.0,563690404.0,83.0,14932.0,100.0,0.0,100.0,8.0,,,,,100.0,0.0,100.0,0.0,,,61.0,39.0,,,100.0,250.0,100.0,775.0,39.0,39.0,100.0,0.0,100.0,0.0,200.0,0.0,100.0,14806.0,100.0,59396925736.0,100.0,128254847154.0
2019-09-26,ZCH0BP6F,ST12000NM0007,12000138625024,0,81.0,129159096.0,90.0,0.0,100.0,9.0,100.0,0.0,88.0,567476662.0,83.0,14964.0,100.0,0.0,100.0,8.0,,,,,100.0,0.0,100.0,0.0,,,62.0,38.0,,,100.0,250.0,100.0,777.0,38.0,38.0,100.0,0.0,100.0,0.0,200.0,0.0,100.0,14837.0,100.0,59479466536.0,100.0,128638141802.0
2019-09-27,ZCH0BP6F,ST12000NM0007,12000138625024,0,81.0,122197856.0,90.0,0.0,100.0,9.0,100.0,0.0,88.0,569861911.0,83.0,14980.0,100.0,0.0,100.0,8.0,,,,,100.0,0.0,100.0,0.0,,,61.0,39.0,,,100.0,250.0,100.0,777.0,39.0,39.0,100.0,0.0,100.0,0.0,200.0,0.0,100.0,14853.0,100.0,59516401128.0,100.0,128838386730.0
2019-09-28,ZCH0BP6F,ST12000NM0007,12000138625024,0,80.0,97516448.0,90.0,0.0,100.0,9.0,100.0,0.0,88.0,574470495.0,83.0,15012.0,100.0,0.0,100.0,8.0,,,,,100.0,0.0,100.0,0.0,,,62.0,38.0,,,100.0,250.0,100.0,779.0,38.0,38.0,100.0,0.0,100.0,0.0,200.0,0.0,100.0,14885.0,100.0,59590235264.0,100.0,129228152810.0
2019-09-29,ZCH0BP6F,ST12000NM0007,12000138625024,0,80.0,95482224.0,90.0,0.0,100.0,9.0,100.0,0.0,88.0,576083299.0,83.0,15028.0,100.0,0.0,100.0,8.0,,,,,100.0,0.0,100.0,0.0,,,61.0,39.0,,,100.0,250.0,100.0,779.0,39.0,39.0,100.0,0.0,100.0,0.0,200.0,0.0,100.0,14900.0,100.0,59618139144.0,100.0,129442355554.0
2019-09-30,ZCH0BP6F,ST12000NM0007,12000138625024,0,77.0,55910288.0,90.0,0.0,100.0,9.0,100.0,0.0,88.0,579311854.0,83.0,15059.0,100.0,0.0,100.0,8.0,,,,,100.0,0.0,100.0,0.0,,,61.0,39.0,,,100.0,250.0,100.0,781.0,39.0,39.0,100.0,0.0,100.0,0.0,200.0,0.0,100.0,14932.0,100.0,59682728896.0,100.0,129826475714.0
2019-10-01,ZCH0BP6F,ST12000NM0007,12000138625024,0,76.0,40428544.0,90.0,0.0,100.0,9.0,100.0,0.0,88.0,580980686.0,83.0,15075.0,100.0,0.0,100.0,8.0,,,,,100.0,0.0,100.0,0.0,,,61.0,39.0,,,100.0,250.0,100.0,782.0,39.0,39.0,100.0,0.0,100.0,0.0,200.0,0.0,100.0,14948.0,100.0,59719526512.0,100.0,130018337130.0
2019-10-02,ZCH0BP6F,ST12000NM0007,12000138625024,0,79.0,84876792.0,90.0,0.0,100.0,9.0,100.0,0.0,88.0,583856385.0,83.0,15091.0,100.0,0.0,100.0,8.0,,,,,100.0,0.0,100.0,0.0,,,62.0,38.0,,,100.0,250.0,100.0,782.0,38.0,38.0,100.0,0.0,100.0,0.0,200.0,0.0,100.0,14964.0,100.0,59756875784.0,100.0,130269576890.0
2019-10-03,ZCH0BP6F,ST12000NM0007,12000138625024,0,66.0,4160768.0,90.0,0.0,100.0,9.0,100.0,0.0,88.0,588697134.0,83.0,15123.0,100.0,0.0,100.0,8.0,,,,,100.0,0.0,100.0,0.0,,,63.0,37.0,,,100.0,250.0,100.0,784.0,37.0,37.0,100.0,0.0,100.0,0.0,200.0,0.0,100.0,14995.0,100.0,59818072728.0,100.0,130615945594.0
2019-10-04,ZCH0BP6F,ST12000NM0007,12000138625024,0,80.0,102222152.0,90.0,0.0,100.0,9.0,100.0,0.0,88.0,589724290.0,83.0,15139.0,100.0,0.0,100.0,8.0,,,,,100.0,0.0,100.0,0.0,,,64.0,36.0,,,100.0,251.0,100.0,785.0,36.0,36.0,100.0,0.0,100.0,0.0,200.0,0.0,100.0,15011.0,100.0,59844469792.0,100.0,130687609914.0
2019-10-05,ZCH0BP6F,ST12000NM0007,12000138625024,0,81.0,128816048.0,90.0,0.0,100.0,9.0,100.0,0.0,88.0,594085664.0,83.0,15171.0,100.0,0.0,100.0,8.0,,,,,100.0,0.0,100.0,0.0,,,62.0,38.0,,,100.0,252.0,100.0,786.0,38.0,38.0,100.0,0.0,100.0,0.0,200.0,0.0,100.0,15043.0,100.0,59911576736.0,100.0,130891237538.0
2019-10-06,ZCH0BP6F,ST12000NM0007,12000138625024,0,84.0,233542104.0,90.0,0.0,100.0,9.0,100.0,0.0,88.0,595480813.0,83.0,15186.0,100.0,0.0,100.0,8.0,,,,,100.0,0.0,100.0,0.0,,,63.0,37.0,,,100.0,253.0,100.0,787.0,37.0,37.0,100.0,0.0,100.0,0.0,200.0,0.0,100.0,15059.0,100.0,59950943912.0,100.0,130956596418.0
2019-10-07,ZCH0BP6F,ST12000NM0007,12000138625024,0,83.0,220979504.0,90.0,0.0,100.0,9.0,100.0,0.0,88.0,598080481.0,83.0,15218.0,100.0,0.0,100.0,8.0,,,,,100.0,0.0,100.0,0.0,,,62.0,38.0,,,100.0,254.0,100.0,788.0,38.0,38.0,100.0,0.0,100.0,0.0,200.0,0.0,100.0,15090.0,100.0,60033648000.0,100.0,131105470618.0
2019-10-08,ZCH0BP6F,ST12000NM0007,12000138625024,0,74.0,27494304.0,90.0,0.0,100.0,9.0,100.0,0.0,88.0,600908181.0,83.0,15250.0,100.0,0.0,100.0,8.0,,,,,100.0,0.0,100.0,0.0,,,61.0,39.0,,,100.0,254.0,100.0,792.0,39.0,39.0,100.0,0.0,100.0,0.0,200.0,0.0,100.0,15121.0,100.0,60123007712.0,100.0,131310907334.0
2019-10-09,ZCH0BP6F,ST12000NM0007,12000138625024,0,83.0,217030624.0,90.0,0.0,100.0,9.0,100.0,0.0,88.0,603527868.0,83.0,15266.0,100.0,0.0,100.0,8.0,,,,,100.0,0.0,100.0,0.0,,,62.0,38.0,,,100.0,254.0,100.0,792.0,38.0,38.0,100.0,0.0,100.0,0.0,200.0,0.0,100.0,15137.0,100.0,60168568832.0,100.0,131454882534.0
2019-10-10,ZCH0BP6F,ST12000NM0007,12000138625024,0,83.0,216770760.0,90.0,0.0,100.0,9.0,100.0,0.0,88.0,606117343.0,83.0,15298.0,100.0,0.0,100.0,8.0,,,,,100.0,0.0,100.0,0.0,,,62.0,38.0,,,100.0,255.0,100.0,794.0,38.0,38.0,100.0,0.0,100.0,0.0,200.0,0.0,100.0,15169.0,100.0,60256554656.0,100.0,131610777598.0
2019-10-11,ZCH0BP6F,ST12000NM0007,12000138625024,0,82.0,148252416.0,90.0,0.0,100.0,9.0,100.0,0.0,88.0,608073015.0,83.0,15314.0,100.0,0.0,100.0,8.0,,,,,100.0,0.0,100.0,0.0,,,62.0,38.0,,,100.0,255.0,100.0,794.0,38.0,38.0,100.0,0.0,100.0,0.0,200.0,0.0,100.0,15185.0,100.0,60323688768.0,100.0,131719265990.0
2019-10-12,ZCH0BP6F,ST12000NM0007,12000138625024,0,81.0,126532344.0,90.0,0.0,100.0,9.0,100.0,0.0,88.0,611044262.0,83.0,15346.0,100.0,0.0,100.0,8.0,,,,,100.0,0.0,100.0,0.0,,,63.0,37.0,,,100.0,257.0,100.0,796.0,37.0,37.0,100.0,0.0,100.0,0.0,200.0,0.0,100.0,15216.0,100.0,60403696296.0,100.0,131861679102.0
2019-10-13,ZCH0BP6F,ST12000NM0007,12000138625024,0,77.0,45340080.0,90.0,0.0,100.0,9.0,100.0,0.0,88.0,613592136.0,83.0,15361.0,100.0,0.0,100.0,8.0,,,,,100.0,0.0,100.0,0.0,,,62.0,38.0,,,100.0,257.0,100.0,796.0,38.0,38.0,100.0,0.0,100.0,0.0,200.0,0.0,100.0,15232.0,100.0,60449276984.0,100.0,131979046782.0
2019-10-14,ZCH0BP6F,ST12000NM0007,12000138625024,0,84.0,239376672.0,90.0,0.0,100.0,9.0,100.0,0.0,88.0,615850630.0,83.0,15393.0,100.0,0.0,100.0,8.0,,,,,100.0,0.0,100.0,0.0,,,62.0,38.0,,,100.0,259.0,100.0,798.0,38.0,38.0,100.0,0.0,100.0,0.0,200.0,0.0,100.0,15264.0,100.0,60523860696.0,100.0,132098499662.0
2019-10-15,ZCH0BP6F,ST12000NM0007,12000138625024,0,82.0,155135616.0,90.0,0.0,100.0,9.0,100.0,0.0,88.0,620987959.0,83.0,15441.0,100.0,0.0,100.0,8.0,,,,,100.0,0.0,100.0,0.0,,,61.0,39.0,,,100.0,259.0,100.0,800.0,39.0,39.0,100.0,0.0,100.0,0.0,200.0,0.0,100.0,15311.0,100.0,60658496176.0,100.0,132367904678.0
2019-10-16,ZCH0BP6F,ST12000NM0007,12000138625024,0,82.0,155135616.0,90.0,0.0,100.0,9.0,100.0,0.0,88.0,620987959.0,83.0,15441.0,100.0,0.0,100.0,8.0,,,,,100.0,0.0,100.0,0.0,,,61.0,39.0,,,100.0,259.0,100.0,800.0,39.0,39.0,100.0,0.0,100.0,0.0,200.0,0.0,100.0,15311.0,100.0,60658496176.0,100.0,132367904678.0
2019-10-17,ZCH0BP6F,ST12000NM0007,12000138625024,0,76.0,35920074.0,89.0,0.0,100.0,11.0,100.0,0.0,88.0,622233187.0,83.0,15461.0,100.0,0.0,100.0,10.0,,,,,100.0,0.0,100.0,0.0,,,66.0,34.0,,,100.0,259.0,100.0,830.0,34.0,34.0,100.0,0.0,100.0,0.0,200.0,0.0,100.0,15326.0,100.0,60703678728.0,100.0,132447647218.0
2019-10-18,ZCH0BP6F,ST12000NM0007,12000138625024,0,72.0,15725592.0,89.0,0.0,100.0,11.0,100.0,0.0,88.0,624533969.0,83.0,15477.0,100.0,0.0,100.0,10.0,,,,,100.0,0.0,100.0,0.0,,,63.0,37.0,,,100.0,259.0,100.0,836.0,37.0,37.0,100.0,0.0,100.0,0.0,200.0,0.0,100.0,15341.0,100.0,60751012224.0,100.0,132624259910.0
2019-10-19,ZCH0BP6F,ST12000NM0007,12000138625024,0,77.0,46599536.0,89.0,0.0,100.0,11.0,100.0,0.0,88.0,629042618.0,83.0,15508.0,100.0,0.0,100.0,10.0,,,,,100.0,0.0,100.0,0.0,,,62.0,38.0,,,100.0,260.0,100.0,837.0,38.0,38.0,100.0,0.0,100.0,0.0,200.0,0.0,100.0,15373.0,100.0,60842827600.0,100.0,132807459206.0
2019-10-20,ZCH0BP6F,ST12000NM0007,12000138625024,0,82.0,154038232.0,89.0,0.0,100.0,11.0,100.0,0.0,88.0,633476583.0,83.0,15540.0,100.0,0.0,100.0,10.0,,,,,100.0,0.0,100.0,0.0,,,63.0,37.0,,,100.0,262.0,100.0,839.0,37.0,37.0,100.0,0.0,100.0,0.0,200.0,0.0,100.0,15405.0,100.0,60957011992.0,100.0,133044854342.0
2019-10-21,ZCH0BP6F,ST12000NM0007,12000138625024,0,74.0,25537504.0,89.0,0.0,100.0,11.0,100.0,0.0,88.0,634758798.0,83.0,15556.0,100.0,0.0,100.0,10.0,,,,,100.0,0.0,100.0,0.0,,,63.0,37.0,,,100.0,262.0,100.0,839.0,37.0,37.0,100.0,0.0,100.0,0.0,200.0,0.0,100.0,15421.0,100.0,60994236472.0,100.0,133123269782.0
2019-10-22,ZCH0BP6F,ST12000NM0007,12000138625024,0,81.0,124942480.0,89.0,0.0,100.0,11.0,100.0,0.0,88.0,635800376.0,83.0,15572.0,100.0,0.0,100.0,10.0,,,,,100.0,0.0,100.0,0.0,,,64.0,36.0,,,100.0,262.0,100.0,840.0,36.0,36.0,100.0,0.0,100.0,0.0,200.0,0.0,100.0,15436.0,100.0,61026254864.0,100.0,133190656366.0
2019-10-23,ZCH0BP6F,ST12000NM0007,12000138625024,0,83.0,183669640.0,89.0,0.0,100.0,11.0,100.0,0.0,88.0,639643014.0,83.0,15604.0,100.0,0.0,100.0,10.0,,,,,100.0,0.0,100.0,0.0,,,62.0,38.0,,,100.0,262.0,100.0,844.0,38.0,38.0,100.0,0.0,100.0,0.0,200.0,0.0,100.0,15467.0,100.0,61115562360.0,100.0,133404216698.0
2019-10-24,ZCH0BP6F,ST12000NM0007,12000138625024,0,82.0,177338912.0,89.0,0.0,100.0,11.0,100.0,0.0,88.0,642690066.0,83.0,15635.0,100.0,0.0,100.0,10.0,,,,,100.0,0.0,100.0,0.0,,,63.0,37.0,,,100.0,262.0,100.0,846.0,37.0,37.0,100.0,0.0,100.0,0.0,200.0,0.0,100.0,15499.0,100.0,61209753448.0,100.0,133547835626.0
2019-10-25,ZCH0BP6F,ST12000NM0007,12000138625024,0,78.0,68264480.0,89.0,0.0,100.0,11.0,100.0,0.0,88.0,645072359.0,83.0,15651.0,100.0,0.0,100.0,10.0,,,,,100.0,0.0,100.0,0.0,,,62.0,38.0,,,100.0,262.0,100.0,846.0,38.0,38.0,100.0,0.0,100.0,0.0,200.0,0.0,100.0,15515.0,100.0,61264730456.0,100.0,133627924874.0
2019-10-26,ZCH0BP6F,ST12000NM0007,12000138625024,0,74.0,26309512.0,89.0,0.0,100.0,11.0,100.0,0.0,88.0,648081508.0,83.0,15683.0,100.0,0.0,100.0,10.0,,,,,100.0,0.0,100.0,0.0,,,63.0,37.0,,,100.0,264.0,100.0,848.0,37.0,37.0,100.0,0.0,100.0,0.0,200.0,0.0,100.0,15546.0,100.0,61344132968.0,100.0,133750708050.0
2019-10-27,ZCH0BP6F,ST12000NM0007,12000138625024,0,83.0,184663160.0,89.0,0.0,100.0,11.0,100.0,0.0,88.0,650716209.0,83.0,15699.0,100.0,0.0,100.0,10.0,,,,,100.0,0.0,100.0,0.0,,,63.0,37.0,,,100.0,264.0,100.0,848.0,37.0,37.0,100.0,0.0,100.0,0.0,200.0,0.0,100.0,15562.0,100.0,61389696232.0,100.0,133863498434.0
2019-10-28,ZCH0BP6F,ST12000NM0007,12000138625024,0,83.0,198589640.0,89.0,0.0,100.0,11.0,100.0,0.0,88.0,653602810.0,83.0,15731.0,100.0,0.0,100.0,10.0,,,,,100.0,0.0,100.0,0.0,,,62.0,38.0,,,100.0,265.0,100.0,850.0,38.0,38.0,100.0,0.0,100.0,0.0,200.0,0.0,100.0,15593.0,100.0,61485057160.0,100.0,134026204650.0
2019-10-29,ZCH0BP6F,ST12000NM0007,12000138625024,0,79.0,77224624.0,89.0,0.0,100.0,11.0,100.0,0.0,88.0,655058500.0,83.0,15746.0,100.0,0.0,100.0,10.0,,,,,100.0,0.0,100.0,0.0,,,63.0,37.0,,,100.0,265.0,100.0,850.0,37.0,37.0,100.0,0.0,100.0,0.0,200.0,0.0,100.0,15609.0,100.0,61530960392.0,100.0,134103077098.0
2019-10-30,ZCH0BP6F,ST12000NM0007,12000138625024,0,79.0,87629480.0,89.0,0.0,100.0,11.0,100.0,0.0,88.0,658970906.0,82.0,15778.0,100.0,0.0,100.0,10.0,,,,,100.0,0.0,100.0,0.0,,,64.0,36.0,,,100.0,265.0,100.0,852.0,36.0,36.0,100.0,0.0,100.0,0.0,200.0,0.0,100.0,15640.0,100.0,61605864032.0,100.0,134282719042.0
2019-10-31,ZCH0BP6F,ST12000NM0007,12000138625024,0,83.0,217359448.0,89.0,0.0,100.0,11.0,100.0,0.0,88.0,660354354.0,82.0,15794.0,100.0,0.0,100.0,10.0,,,,,100.0,0.0,100.0,0.0,,,64.0,36.0,,,100.0,265.0,100.0,853.0,36.0,36.0,100.0,0.0,100.0,0.0,200.0,0.0,100.0,15656.0,100.0,61642281168.0,100.0,134376031874.0
2019-11-01,ZCH0BP6F,ST12000NM0007,12000138625024,0,83.0,208144904.0,89.0,0.0,100.0,11.0,100.0,0.0,88.0,662092920.0,82.0,15810.0,100.0,0.0,100.0,10.0,,,,,100.0,0.0,100.0,0.0,,,67.0,33.0,,,100.0,265.0,100.0,853.0,33.0,33.0,100.0,0.0,100.0,0.0,200.0,0.0,100.0,15672.0,100.0,61691216288.0,100.0,134562022922.0
2019-11-02,ZCH0BP6F,ST12000NM0007,12000138625024,0,82.0,155240376.0,89.0,0.0,100.0,11.0,100.0,0.0,88.0,666845809.0,82.0,15841.0,100.0,0.0,100.0,10.0,,,,,100.0,0.0,100.0,0.0,,,66.0,34.0,,,100.0,266.0,100.0,855.0,34.0,34.0,100.0,0.0,100.0,0.0,200.0,0.0,100.0,15703.0,100.0,61784326200.0,100.0,134904290058.0
2019-11-03,ZCH0BP6F,ST12000NM0007,12000138625024,0,83.0,181780320.0,89.0,0.0,100.0,11.0,100.0,0.0,88.0,668660687.0,82.0,15857.0,100.0,0.0,100.0,10.0,,,,,100.0,0.0,100.0,0.0,,,66.0,34.0,,,100.0,266.0,100.0,855.0,34.0,34.0,100.0,0.0,100.0,0.0,200.0,0.0,100.0,15719.0,100.0,61848098928.0,100.0,135111198178.0
2019-11-04,ZCH0BP6F,ST12000NM0007,12000138625024,0,75.0,33869216.0,89.0,0.0,100.0,11.0,100.0,0.0,88.0,673965133.0,82.0,15889.0,100.0,0.0,100.0,10.0,,,,,100.0,0.0,100.0,0.0,,,66.0,34.0,,,100.0,267.0,100.0,857.0,34.0,34.0,100.0,0.0,100.0,0.0,200.0,0.0,100.0,15751.0,100.0,61951966672.0,100.0,135591841226.0
2019-11-05,ZCH0BP6F,ST12000NM0007,12000138625024,0,69.0,7703872.0,89.0,0.0,100.0,11.0,100.0,0.0,88.0,675683519.0,82.0,15905.0,100.0,0.0,100.0,10.0,,,,,100.0,0.0,100.0,0.0,,,66.0,34.0,,,100.0,267.0,100.0,857.0,34.0,34.0,100.0,0.0,100.0,0.0,200.0,0.0,100.0,15766.0,100.0,61998738152.0,100.0,135763045090.0
2019-11-06,ZCH0BP6F,ST12000NM0007,12000138625024,0,81.0,124649224.0,89.0,0.0,100.0,11.0,100.0,0.0,88.0,681719015.0,82.0,15936.0,100.0,0.0,100.0,10.0,,,,,100.0,0.0,100.0,0.0,,,65.0,35.0,,,100.0,268.0,100.0,859.0,35.0,35.0,100.0,0.0,100.0,0.0,200.0,0.0,100.0,15798.0,100.0,62092655128.0,100.0,136274355058.0
2019-11-07,ZCH0BP6F,ST12000NM0007,12000138625024,0,80.0,89933960.0,89.0,0.0,100.0,11.0,100.0,0.0,88.0,683351786.0,82.0,15952.0,100.0,0.0,100.0,10.0,,,,,100.0,0.0,100.0,0.0,,,65.0,35.0,,,100.0,268.0,100.0,860.0,35.0,35.0,100.0,0.0,100.0,0.0,200.0,0.0,100.0,15813.0,100.0,62142166648.0,100.0,136434268930.0
2019-11-08,ZCH0BP6F,ST12000NM0007,12000138625024,0,79.0,78408304.0,89.0,0.0,100.0,11.0,100.0,0.0,88.0,686763750.0,82.0,15984.0,100.0,0.0,100.0,10.0,,,,,100.0,0.0,100.0,0.0,,,65.0,35.0,,,100.0,268.0,100.0,861.0,35.0,35.0,100.0,0.0,100.0,0.0,200.0,0.0,100.0,15845.0,100.0,62239159888.0,100.0,136814031834.0
2019-11-09,ZCH0BP6F,ST12000NM0007,12000138625024,0,83.0,186177784.0,89.0,0.0,100.0,11.0,100.0,0.0,88.0,691664694.0,82.0,16016.0,100.0,0.0,100.0,10.0,,,,,100.0,0.0,100.0,0.0,,,65.0,35.0,,,100.0,269.0,100.0,862.0,35.0,35.0,100.0,0.0,100.0,0.0,200.0,0.0,100.0,15876.0,100.0,62325119792.0,100.0,137079982122.0
2019-11-10,ZCH0BP6F,ST12000NM0007,12000138625024,0,83.0,180872912.0,89.0,0.0,100.0,11.0,100.0,0.0,88.0,693461336.0,82.0,16031.0,100.0,0.0,100.0,10.0,,,,,100.0,0.0,100.0,0.0,,,65.0,35.0,,,100.0,269.0,100.0,863.0,35.0,35.0,100.0,0.0,100.0,0.0,200.0,0.0,100.0,15892.0,100.0,62365889432.0,100.0,137278048258.0
2019-11-11,ZCH0BP6F,ST12000NM0007,12000138625024,0,82.0,146625200.0,89.0,0.0,100.0,11.0,100.0,0.0,88.0,697707563.0,82.0,16063.0,100.0,0.0,100.0,10.0,,,,,100.0,0.0,100.0,0.0,,,65.0,35.0,,,100.0,269.0,100.0,864.0,35.0,35.0,100.0,0.0,100.0,0.0,200.0,0.0,100.0,15924.0,100.0,62433794632.0,100.0,137664176882.0
2019-11-12,ZCH0BP6F,ST12000NM0007,12000138625024,0,79.0,86056592.0,89.0,0.0,100.0,11.0,100.0,0.0,88.0,699211991.0,82.0,16079.0,100.0,0.0,100.0,10.0,,,,,100.0,0.0,100.0,0.0,,,65.0,35.0,,,100.0,269.0,100.0,865.0,35.0,35.0,100.0,0.0,100.0,0.0,200.0,0.0,100.0,15939.0,100.0,62467757408.0,100.0,137813786146.0
2019-11-13,ZCH0BP6F,ST12000NM0007,12000138625024,0,81.0,138564520.0,89.0,0.0,100.0,11.0,100.0,0.0,88.0,704096872.0,82.0,16111.0,100.0,0.0,100.0,10.0,,,,,100.0,0.0,100.0,0.0,,,65.0,35.0,,,100.0,269.0,100.0,867.0,35.0,35.0,100.0,0.0,100.0,0.0,200.0,0.0,100.0,15971.0,100.0,62576646376.0,100.0,138245686458.0
2019-11-14,ZCH0BP6F,ST12000NM0007,12000138625024,0,82.0,141947776.0,89.0,0.0,100.0,11.0,100.0,0.0,88.0,706104273.0,82.0,16127.0,100.0,0.0,100.0,10.0,,,,,100.0,0.0,100.0,0.0,,,65.0,35.0,,,100.0,269.0,100.0,867.0,35.0,35.0,100.0,0.0,100.0,0.0,200.0,0.0,100.0,15987.0,100.0,62634174720.0,100.0,138435682034.0
2019-11-15,ZCH0BP6F,ST12000NM0007,12000138625024,0,76.0,42866704.0,89.0,0.0,100.0,11.0,100.0,0.0,89.0,709697062.0,82.0,16158.0,100.0,0.0,100.0,10.0,,,,,100.0,0.0,100.0,0.0,,,65.0,35.0,,,100.0,271.0,100.0,869.0,35.0,35.0,100.0,0.0,100.0,0.0,200.0,0.0,100.0,16018.0,100.0,62715184008.0,100.0,138743873522.0
2019-11-16,ZCH0BP6F,ST12000NM0007,12000138625024,0,83.0,214807776.0,89.0,0.0,100.0,11.0,100.0,0.0,89.0,711701644.0,82.0,16174.0,100.0,0.0,100.0,10.0,,,,,100.0,0.0,100.0,0.0,,,66.0,34.0,,,100.0,271.0,100.0,869.0,34.0,34.0,100.0,0.0,100.0,0.0,200.0,0.0,100.0,16034.0,100.0,62738011664.0,100.0,138892986938.0
2019-11-17,ZCH0BP6F,ST12000NM0007,12000138625024,0,84.0,232229736.0,89.0,0.0,100.0,11.0,100.0,0.0,89.0,716258852.0,82.0,16206.0,100.0,0.0,100.0,10.0,,,,,100.0,0.0,100.0,0.0,,,65.0,35.0,,,100.0,272.0,100.0,871.0,35.0,35.0,100.0,0.0,100.0,0.0,200.0,0.0,100.0,16066.0,100.0,62798036208.0,100.0,139338665810.0
2019-11-18,ZCH0BP6F,ST12000NM0007,12000138625024,0,83.0,216784664.0,89.0,0.0,100.0,11.0,100.0,0.0,89.0,717920253.0,82.0,16222.0,100.0,0.0,100.0,10.0,,,,,100.0,0.0,100.0,0.0,,,65.0,35.0,,,100.0,272.0,100.0,871.0,35.0,35.0,100.0,0.0,100.0,0.0,200.0,0.0,100.0,16082.0,100.0,62834077200.0,100.0,139531320466.0
2019-11-19,ZCH0BP6F,ST12000NM0007,12000138625024,0,83.0,211972048.0,89.0,0.0,100.0,11.0,100.0,0.0,89.0,721390653.0,82.0,16254.0,100.0,0.0,100.0,10.0,,,,,100.0,0.0,100.0,0.0,,,64.0,36.0,,,100.0,272.0,100.0,872.0,36.0,36.0,100.0,0.0,100.0,0.0,200.0,0.0,100.0,16113.0,100.0,62909191888.0,100.0,139939675002.0
2019-11-20,ZCH0BP6F,ST12000NM0007,12000138625024,0,73.0,21496432.0,89.0,0.0,100.0,11.0,100.0,0.0,89.0,723635477.0,82.0,16269.0,100.0,0.0,100.0,10.0,,,,,100.0,0.0,100.0,0.0,,,65.0,35.0,,,100.0,272.0,100.0,873.0,35.0,35.0,100.0,0.0,100.0,0.0,200.0,0.0,100.0,16129.0,100.0,62946145008.0,100.0,140200528002.0
2019-11-21,ZCH0BP6F,ST12000NM0007,12000138625024,0,77.0,45560504.0,89.0,0.0,100.0,11.0,100.0,0.0,89.0,727858315.0,82.0,16301.0,100.0,0.0,100.0,10.0,,,,,100.0,0.0,100.0,0.0,,,65.0,35.0,,,100.0,272.0,100.0,875.0,35.0,35.0,100.0,0.0,100.0,0.0,200.0,0.0,100.0,16160.0,100.0,63026894808.0,100.0,140632123602.0
2019-11-22,ZCH0BP6F,ST12000NM0007,12000138625024,0,74.0,27845104.0,89.0,0.0,100.0,11.0,100.0,0.0,89.0,729490960.0,82.0,16317.0,100.0,0.0,100.0,10.0,,,,,100.0,0.0,100.0,0.0,,,65.0,35.0,,,100.0,272.0,100.0,876.0,35.0,35.0,100.0,0.0,100.0,0.0,200.0,0.0,100.0,16176.0,100.0,63065593896.0,100.0,140819849762.0
2019-11-23,ZCH0BP6F,ST12000NM0007,12000138625024,0,79.0,87489936.0,89.0,0.0,100.0,11.0,100.0,0.0,89.0,732934698.0,82.0,16349.0,100.0,0.0,100.0,10.0,,,,,100.0,0.0,100.0,0.0,,,66.0,34.0,,,100.0,272.0,100.0,877.0,34.0,34.0,100.0,0.0,100.0,0.0,200.0,0.0,100.0,16207.0,100.0,63090156296.0,100.0,141099072970.0
2019-11-24,ZCH0BP6F,ST12000NM0007,12000138625024,0,75.0,32953848.0,89.0,0.0,100.0,11.0,100.0,0.0,89.0,733948537.0,82.0,16364.0,100.0,0.0,100.0,10.0,,,,,100.0,0.0,100.0,0.0,,,65.0,35.0,,,100.0,273.0,100.0,878.0,35.0,35.0,100.0,0.0,100.0,0.0,200.0,0.0,100.0,16223.0,100.0,63091510688.0,100.0,141287323306.0
2019-11-25,ZCH0BP6F,ST12000NM0007,12000138625024,0,82.0,166967032.0,89.0,0.0,100.0,11.0,100.0,0.0,89.0,737083911.0,82.0,16396.0,100.0,0.0,100.0,10.0,,,,,100.0,0.0,100.0,0.0,,,66.0,34.0,,,100.0,274.0,100.0,879.0,34.0,34.0,100.0,0.0,100.0,0.0,200.0,0.0,100.0,16254.0,100.0,63091903368.0,100.0,141665084810.0
2019-11-26,ZCH0BP6F,ST12000NM0007,12000138625024,0,80.0,103731416.0,89.0,0.0,100.0,11.0,100.0,0.0,89.0,737930513.0,82.0,16412.0,100.0,0.0,100.0,10.0,,,,,100.0,0.0,100.0,0.0,,,66.0,34.0,,,100.0,275.0,100.0,880.0,34.0,34.0,100.0,0.0,100.0,0.0,200.0,0.0,100.0,16270.0,100.0,63092144968.0,100.0,141845748378.0
2019-11-27,ZCH0BP6F,ST12000NM0007,12000138625024,0,78.0,65838928.0,89.0,0.0,100.0,11.0,100.0,0.0,89.0,740960351.0,82.0,16444.0,100.0,0.0,100.0,10.0,,,,,100.0,0.0,100.0,0.0,,,66.0,34.0,,,100.0,276.0,100.0,881.0,34.0,34.0,100.0,0.0,100.0,0.0,200.0,0.0,100.0,16302.0,100.0,63102783584.0,100.0,142285498730.0
2019-11-28,ZCH0BP6F,ST12000NM0007,12000138625024,0,83.0,214222720.0,89.0,0.0,100.0,11.0,100.0,0.0,89.0,746225465.0,82.0,16476.0,100.0,0.0,100.0,10.0,,,,,100.0,0.0,100.0,0.0,,,64.0,36.0,,,100.0,277.0,100.0,883.0,36.0,36.0,100.0,0.0,100.0,0.0,200.0,0.0,100.0,16333.0,100.0,63103662712.0,100.0,143409566178.0
2019-11-29,ZCH0BP6F,ST12000NM0007,12000138625024,0,83.0,178303096.0,89.0,0.0,100.0,11.0,100.0,0.0,89.0,751024923.0,82.0,16492.0,100.0,0.0,100.0,10.0,,,,,100.0,0.0,100.0,0.0,,,64.0,36.0,,,100.0,277.0,100.0,883.0,36.0,36.0,100.0,0.0,100.0,0.0,200.0,0.0,100.0,16349.0,100.0,63103666760.0,100.0,144594346962.0
2019-11-30,ZCH0BP6F,ST12000NM0007,12000138625024,0,82.0,151630448.0,89.0,0.0,100.0,11.0,100.0,0.0,89.0,761656194.0,82.0,16523.0,100.0,0.0,100.0,10.0,,,,,100.0,0.0,100.0,0.0,,,64.0,36.0,,,100.0,277.0,100.0,885.0,36.0,36.0,100.0,0.0,100.0,0.0,200.0,0.0,100.0,16381.0,100.0,63103667136.0,100.0,146276659034.0
2019-12-01,ZCH0BP6F,ST12000NM0007,12000138625024,0,81.0,133964904.0,89.0,0.0,100.0,11.0,100.0,0.0,89.0,767132066.0,82.0,16539.0,100.0,0.0,100.0,10.0,,,,,100.0,0.0,100.0,0.0,,,65.0,35.0,,,100.0,277.0,100.0,885.0,35.0,35.0,100.0,0.0,100.0,0.0,200.0,0.0,100.0,16397.0,100.0,63103671168.0,100.0,146991411650.0
2019-12-02,ZCH0BP6F,ST12000NM0007,12000138625024,0,82.0,144091736.0,89.0,0.0,100.0,11.0,100.0,0.0,89.0,778218695.0,82.0,16571.0,100.0,0.0,100.0,10.0,,,,,100.0,0.0,100.0,0.0,,,65.0,35.0,,,100.0,278.0,100.0,887.0,35.0,35.0,100.0,0.0,100.0,0.0,200.0,0.0,100.0,16428.0,100.0,63103681576.0,100.0,149198794394.0
2019-12-03,ZCH0BP6F,ST12000NM0007,12000138625024,0,76.0,38067176.0,89.0,0.0,100.0,11.0,100.0,0.0,89.0,784482725.0,82.0,16587.0,100.0,0.0,100.0,10.0,,,,,100.0,0.0,100.0,0.0,,,65.0,35.0,,,100.0,278.0,100.0,888.0,35.0,35.0,100.0,0.0,100.0,0.0,200.0,0.0,100.0,16444.0,100.0,63103700248.0,100.0,150801736618.0
2019-12-04,ZCH0BP6F,ST12000NM0007,12000138625024,0,83.0,216878688.0,89.0,0.0,100.0,11.0,100.0,0.0,89.0,796440411.0,82.0,16619.0,100.0,0.0,100.0,10.0,,,,,100.0,0.0,100.0,0.0,,,65.0,35.0,,,100.0,278.0,100.0,889.0,35.0,35.0,100.0,0.0,100.0,0.0,200.0,0.0,100.0,16475.0,100.0,63104514888.0,100.0,154153564690.0
2019-12-05,ZCH0BP6F,ST12000NM0007,12000138625024,0,84.0,237355064.0,89.0,0.0,100.0,11.0,100.0,0.0,89.0,802233836.0,82.0,16634.0,100.0,0.0,100.0,10.0,,,,,100.0,0.0,100.0,0.0,,,65.0,35.0,,,100.0,278.0,100.0,890.0,35.0,35.0,100.0,0.0,100.0,0.0,200.0,0.0,100.0,16491.0,100.0,63104831312.0,100.0,155394428706.0
2019-12-06,ZCH0BP6F,ST12000NM0007,12000138625024,0,76.0,40671384.0,89.0,0.0,100.0,11.0,100.0,0.0,89.0,812917270.0,81.0,16666.0,100.0,0.0,100.0,10.0,,,,,100.0,0.0,100.0,0.0,,,64.0,36.0,,,100.0,278.0,100.0,891.0,36.0,36.0,100.0,0.0,100.0,0.0,200.0,0.0,100.0,16523.0,100.0,63104851360.0,100.0,157394991426.0
2019-12-07,ZCH0BP6F,ST12000NM0007,12000138625024,0,84.0,227151552.0,89.0,0.0,100.0,11.0,100.0,0.0,89.0,818283473.0,81.0,16682.0,100.0,0.0,100.0,10.0,,,,,100.0,0.0,100.0,0.0,,,64.0,36.0,,,100.0,278.0,100.0,891.0,36.0,36.0,100.0,0.0,100.0,0.0,200.0,0.0,100.0,16539.0,100.0,63104863216.0,100.0,158313882018.0
2019-12-08,ZCH0BP6F,ST12000NM0007,12000138625024,0,83.0,220753408.0,89.0,0.0,100.0,11.0,100.0,0.0,89.0,829589653.0,81.0,16714.0,100.0,0.0,100.0,10.0,,,,,100.0,0.0,100.0,0.0,,,64.0,36.0,,,100.0,279.0,100.0,893.0,36.0,36.0,100.0,0.0,100.0,0.0,200.0,0.0,100.0,16570.0,100.0,63105007120.0,100.0,160016325042.0
2019-12-09,ZCH0BP6F,ST12000NM0007,12000138625024,0,81.0,124883600.0,89.0,0.0,100.0,11.0,100.0,0.0,89.0,835309661.0,81.0,16730.0,100.0,0.0,100.0,10.0,,,,,100.0,0.0,100.0,0.0,,,64.0,36.0,,,100.0,279.0,100.0,893.0,36.0,36.0,100.0,0.0,100.0,0.0,200.0,0.0,100.0,16586.0,100.0,63105038288.0,100.0,160896987098.0
2019-12-10,ZCH0BP6F,ST12000NM0007,12000138625024,0,80.0,91880320.0,89.0,0.0,100.0,11.0,100.0,0.0,89.0,846043842.0,81.0,16762.0,100.0,0.0,100.0,10.0,,,,,100.0,0.0,100.0,0.0,,,67.0,33.0,,,100.0,279.0,100.0,895.0,33.0,33.0,100.0,0.0,100.0,0.0,200.0,0.0,100.0,16618.0,100.0,63105049736.0,100.0,162572957898.0
2019-12-11,ZCH0BP6F,ST12000NM0007,12000138625024,0,75.0,31662976.0,89.0,0.0,100.0,11.0,100.0,0.0,89.0,851754048.0,81.0,16777.0,100.0,0.0,100.0,10.0,,,,,100.0,0.0,100.0,0.0,,,66.0,34.0,,,100.0,279.0,100.0,895.0,34.0,34.0,100.0,0.0,100.0,0.0,200.0,0.0,100.0,16634.0,100.0,63105054464.0,100.0,163489298786.0
2019-12-12,ZCH0BP6F,ST12000NM0007,12000138625024,0,81.0,137791928.0,89.0,0.0,100.0,11.0,100.0,0.0,89.0,857064397.0,81.0,16809.0,100.0,0.0,100.0,10.0,,,,,100.0,0.0,100.0,0.0,,,68.0,32.0,,,100.0,279.0,100.0,898.0,32.0,32.0,100.0,0.0,100.0,0.0,200.0,0.0,100.0,16665.0,100.0,63105281488.0,100.0,164571763954.0
2019-12-13,ZCH0BP6F,ST12000NM0007,12000138625024,0,78.0,69766048.0,89.0,0.0,100.0,11.0,100.0,0.0,89.0,858515573.0,81.0,16825.0,100.0,0.0,100.0,10.0,,,,,100.0,0.0,100.0,0.0,,,67.0,33.0,,,100.0,279.0,100.0,898.0,33.0,33.0,100.0,0.0,100.0,0.0,200.0,0.0,100.0,16681.0,100.0,63105480840.0,100.0,164747679410.0
2019-12-14,ZCH0BP6F,ST12000NM0007,12000138625024,0,81.0,124641552.0,89.0,0.0,100.0,11.0,100.0,0.0,89.0,860634186.0,81.0,16857.0,100.0,0.0,100.0,10.0,,,,,100.0,0.0,100.0,0.0,,,68.0,32.0,,,100.0,280.0,100.0,900.0,32.0,32.0,100.0,0.0,100.0,0.0,200.0,0.0,100.0,16713.0,100.0,63105812160.0,100.0,165046364242.0
2019-12-15,ZCH0BP6F,ST12000NM0007,12000138625024,0,75.0,30107256.0,89.0,0.0,100.0,11.0,100.0,0.0,89.0,861290216.0,81.0,16873.0,100.0,0.0,100.0,10.0,,,,,100.0,0.0,100.0,0.0,,,68.0,32.0,,,100.0,280.0,100.0,900.0,32.0,32.0,100.0,0.0,100.0,0.0,200.0,0.0,100.0,16729.0,100.0,63106811776.0,100.0,165194971002.0
2019-12-16,ZCH0BP6F,ST12000NM0007,12000138625024,0,80.0,96412888.0,89.0,0.0,100.0,11.0,100.0,0.0,89.0,862804459.0,81.0,16905.0,100.0,0.0,100.0,10.0,,,,,100.0,0.0,100.0,0.0,,,68.0,32.0,,,100.0,282.0,100.0,902.0,32.0,32.0,100.0,0.0,100.0,0.0,200.0,0.0,100.0,16760.0,100.0,63108885184.0,100.0,165503343858.0
2019-12-17,ZCH0BP6F,ST12000NM0007,12000138625024,0,83.0,191270104.0,89.0,0.0,100.0,11.0,100.0,0.0,89.0,863279757.0,81.0,16920.0,100.0,0.0,100.0,10.0,,,,,100.0,0.0,100.0,0.0,,,67.0,33.0,,,100.0,282.0,100.0,902.0,33.0,33.0,100.0,0.0,100.0,0.0,200.0,0.0,100.0,16776.0,100.0,63109053648.0,100.0,165598032610.0
2019-12-18,ZCH0BP6F,ST12000NM0007,12000138625024,0,82.0,165545352.0,89.0,0.0,100.0,11.0,100.0,0.0,89.0,865460218.0,81.0,16952.0,100.0,0.0,100.0,10.0,,,,,100.0,0.0,100.0,0.0,,,67.0,33.0,,,100.0,284.0,100.0,904.0,33.0,33.0,100.0,0.0,100.0,0.0,200.0,0.0,100.0,16807.0,100.0,63109405296.0,100.0,165816096962.0
2019-12-19,ZCH0BP6F,ST12000NM0007,12000138625024,0,78.0,61638984.0,89.0,0.0,100.0,11.0,100.0,0.0,89.0,866137892.0,81.0,16968.0,100.0,0.0,100.0,10.0,,,,,100.0,0.0,100.0,0.0,,,67.0,33.0,,,100.0,284.0,100.0,904.0,33.0,33.0,100.0,0.0,100.0,0.0,200.0,0.0,100.0,16823.0,100.0,63109605632.0,100.0,165956130890.0
2019-12-20,ZCH0BP6F,ST12000NM0007,12000138625024,0,81.0,123959504.0,89.0,0.0,100.0,11.0,100.0,0.0,89.0,867552233.0,81.0,17000.0,100.0,0.0,100.0,10.0,,,,,100.0,0.0,100.0,0.0,,,66.0,34.0,,,100.0,284.0,100.0,906.0,34.0,34.0,100.0,0.0,100.0,0.0,200.0,0.0,100.0,16855.0,100.0,63109945736.0,100.0,166262252052.0
2019-12-21,ZCH0BP6F,ST12000NM0007,12000138625024,0,83.0,215508672.0,89.0,0.0,100.0,11.0,100.0,0.0,89.0,868090122.0,81.0,17016.0,100.0,0.0,100.0,10.0,,,,,100.0,0.0,100.0,0.0,,,67.0,33.0,,,100.0,284.0,100.0,906.0,33.0,33.0,100.0,0.0,100.0,0.0,200.0,0.0,100.0,16870.0,100.0,63110119288.0,100.0,166353627668.0
2019-12-22,ZCH0BP6F,ST12000NM0007,12000138625024,0,83.0,202886648.0,89.0,0.0,100.0,11.0,100.0,0.0,89.0,870362036.0,81.0,17048.0,100.0,0.0,100.0,10.0,,,,,100.0,0.0,100.0,0.0,,,68.0,32.0,,,100.0,286.0,100.0,908.0,32.0,32.0,100.0,0.0,100.0,0.0,200.0,0.0,100.0,16902.0,100.0,63110447224.0,100.0,166584818444.0
2019-12-23,ZCH0BP6F,ST12000NM0007,12000138625024,0,81.0,133487384.0,89.0,0.0,100.0,11.0,100.0,0.0,89.0,871809188.0,81.0,17064.0,100.0,0.0,100.0,10.0,,,,,100.0,0.0,100.0,0.0,,,66.0,34.0,,,100.0,286.0,100.0,908.0,34.0,34.0,100.0,0.0,100.0,0.0,200.0,0.0,100.0,16918.0,100.0,63110616856.0,100.0,166759390204.0
2019-12-24,ZCH0BP6F,ST12000NM0007,12000138625024,0,82.0,168096192.0,89.0,0.0,100.0,11.0,100.0,0.0,89.0,873684508.0,81.0,17095.0,100.0,0.0,100.0,10.0,,,,,100.0,0.0,100.0,0.0,,,67.0,33.0,,,100.0,287.0,100.0,910.0,33.0,33.0,100.0,0.0,100.0,0.0,200.0,0.0,100.0,16950.0,100.0,63110956376.0,100.0,167037800564.0
2019-12-25,ZCH0BP6F,ST12000NM0007,12000138625024,0,74.0,27951808.0,89.0,0.0,100.0,11.0,100.0,0.0,89.0,874160985.0,81.0,17111.0,100.0,0.0,100.0,10.0,,,,,100.0,0.0,100.0,0.0,,,67.0,33.0,,,100.0,287.0,100.0,910.0,33.0,33.0,100.0,0.0,100.0,0.0,200.0,0.0,100.0,16966.0,100.0,63111125656.0,100.0,167141627628.0
2019-12-26,ZCH0BP6F,ST12000NM0007,12000138625024,0,84.0,230008040.0,89.0,0.0,100.0,11.0,100.0,0.0,89.0,875103256.0,81.0,17143.0,100.0,0.0,100.0,10.0,,,,,100.0,0.0,100.0,0.0,,,68.0,32.0,,,100.0,288.0,100.0,912.0,32.0,32.0,100.0,0.0,100.0,0.0,200.0,0.0,100.0,16997.0,100.0,63111491008.0,100.0,167343318508.0
2019-12-27,ZCH0BP6F,ST12000NM0007,12000138625024,0,82.0,173547424.0,89.0,0.0,100.0,11.0,100.0,0.0,89.0,875896727.0,81.0,17159.0,100.0,0.0,100.0,10.0,,,,,100.0,0.0,100.0,0.0,,,66.0,34.0,,,100.0,288.0,100.0,912.0,34.0,34.0,100.0,0.0,100.0,0.0,200.0,0.0,100.0,17013.0,100.0,63111660352.0,100.0,167530829372.0
2019-12-28,ZCH0BP6F,ST12000NM0007,12000138625024,0,83.0,209033696.0,89.0,0.0,100.0,11.0,100.0,0.0,89.0,878654296.0,81.0,17191.0,100.0,0.0,100.0,10.0,,,,,100.0,0.0,100.0,0.0,,,66.0,34.0,,,100.0,289.0,100.0,914.0,34.0,34.0,100.0,0.0,100.0,0.0,200.0,0.0,100.0,17044.0,100.0,63111999584.0,100.0,167810117084.0
2019-12-29,ZCH0BP6F,ST12000NM0007,12000138625024,0,77.0,55451464.0,89.0,0.0,100.0,11.0,100.0,0.0,89.0,879278430.0,81.0,17207.0,100.0,0.0,100.0,10.0,,,,,100.0,0.0,100.0,0.0,,,67.0,33.0,,,100.0,289.0,100.0,914.0,33.0,33.0,100.0,0.0,100.0,0.0,200.0,0.0,100.0,17060.0,100.0,63112168672.0,100.0,167900506396.0
2019-12-30,ZCH0BP6F,ST12000NM0007,12000138625024,0,76.0,44309520.0,89.0,0.0,100.0,11.0,100.0,0.0,89.0,880385888.0,81.0,17238.0,100.0,0.0,100.0,10.0,,,,,100.0,0.0,100.0,0.0,,,67.0,33.0,,,100.0,291.0,100.0,916.0,33.0,33.0,100.0,0.0,100.0,0.0,200.0,0.0,100.0,17092.0,100.0,63112507440.0,100.0,168133166436.0
2019-12-31,ZCH0BP6F,ST12000NM0007,12000138625024,0,77.0,56038010.0,89.0,0.0,100.0,12.0,100.0,0.0,89.0,881537418.0,81.0,17270.0,100.0,0.0,100.0,11.0,,,,,100.0,0.0,100.0,0.0,,,67.0,33.0,,,100.0,293.0,100.0,919.0,33.0,33.0,100.0,0.0,100.0,0.0,200.0,0.0,100.0,17123.0,100.0,63112867040.0,100.0,168388676182.0
