2019-01-01,ZCH060TK,ST12000NM0007,12000138625024,0,100,1987960,93.0,0.0,100.0,6.0,100.0,0.0,90.0,926397453.0,89,10376,100.0,0.0,100,5,,,,,100.0,0.0,100.0,0.0,,,65.0,35.0,,,100.0,141.0,99.0,3156.0,35,35,100.0,0.0,100.0,0.0,200.0,0.0,100.0,9052.0,100.0,50031232056.0,100.0,51779337596.0
2019-01-02,ZCH060TK,ST12000NM0007,12000138625024,0,78,70590224,93.0,0.0,100.0,6.0,100.0,0.0,90.0,929918352.0,89,10402,100.0,0.0,100,5,,,,,100.0,0.0,100.0,0.0,,,66.0,34.0,,,100.0,142.0,99.0,3157.0,34,34,100.0,0.0,100.0,0.0,200.0,0.0,100.0,9078.0,100.0,50146826800.0,100.0,51976485788.0
2019-01-03,ZCH060TK,ST12000NM0007,12000138625024,0,79.0,80831248.0,93.0,0.0,100.0,6.0,100.0,0.0,90.0,931904149.0,89.0,10426.0,100.0,0.0,100.0,5.0,,,,,100.0,0.0,100.0,0.0,,,66.0,34.0,,,100.0,142.0,99.0,3158.0,34.0,34.0,100.0,0.0,100.0,0.0,200.0,0.0,100.0,9101.0,100.0,50215640936.0,100.0,52162053492.0
2019-01-04,ZCH060TK,ST12000NM0007,12000138625024,0,79,83366608,93.0,0.0,100.0,6.0,100.0,0.0,90.0,934297415.0,89,10449,100.0,0.0,100,5,,,,,100.0,0.0,100.0,0.0,,,66.0,34.0,,,100.0,143.0,99.0,3159.0,34,34,100.0,0.0,100.0,0.0,200.0,0.0,100.0,9125.0,100.0,50298843472.0,100.0,52325527292.0
2019-01-05,ZCH060TK,ST12000NM0007,12000138625024,0,79,84064816,93.0,0.0,100.0,6.0,100.0,0.0,90.0,936210825.0,89,10473,100.0,0.0,100,5,,,,,100.0,0.0,100.0,0.0,,,66.0,34.0,,,100.0,144.0,99.0,3160.0,34,34,100.0,0.0,100.0,0.0,200.0,0.0,100.0,9148.0,100.0,50359111648.0,100.0,52510097980.0
2019-01-06,ZCH060TK,ST12000NM0007,12000138625024,0,82,167731408,93.0,0.0,100.0,6.0,100.0,0.0,90.0,939715918.0,89,10497,100.0,0.0,100,5,,,,,100.0,0.0,100.0,0.0,,,66.0,34.0,,,100.0,145.0,99.0,3161.0,34,34,100.0,0.0,100.0,0.0,200.0,0.0,100.0,9172.0,100.0,50467969968.0,100.0,52729046884.0
2019-01-07,ZCH060TK,ST12000NM0007,12000138625024,0,83,207699352,93.0,0.0,100.0,6.0,100.0,0.0,90.0,942205282.0,88,10522,100.0,0.0,100,5,,,,,100.0,0.0,100.0,0.0,,,66.0,34.0,,,100.0,146.0,99.0,3162.0,34,34,100.0,0.0,100.0,0.0,200.0,0.0,100.0,9197.0,100.0,50555736864.0,100.0,52925388644.0
2019-01-08,ZCH060TK,ST12000NM0007,12000138625024,0,84,241714800,93.0,0.0,100.0,6.0,100.0,0.0,90.0,944811210.0,88,10545,100.0,0.0,100,5,,,,,100.0,0.0,100.0,0.0,,,66.0,34.0,,,100.0,147.0,99.0,3163.0,34,34,100.0,0.0,100.0,0.0,200.0,0.0,100.0,9220.0,100.0,50648598608.0,100.0,53110683036.0
2019-01-09,ZCH060TK,ST12000NM0007,12000138625024,0,76,35605688,93.0,0.0,100.0,6.0,100.0,0.0,90.0,947982378.0,88,10569,100.0,0.0,100,5,,,,,100.0,0.0,100.0,0.0,,,67.0,33.0,,,100.0,148.0,99.0,3164.0,33,33,100.0,0.0,100.0,0.0,200.0,0.0,100.0,9244.0,100.0,50744807792.0,100.0,53296646252.0
2019-01-10,ZCH060TK,ST12000NM0007,12000138625024,0,83,188060000,93.0,0.0,100.0,6.0,100.0,0.0,90.0,949429946.0,88,10588,100.0,0.0,100,5,,,,,100.0,0.0,100.0,0.0,,,66.0,34.0,,,100.0,149.0,99.0,3165.0,34,34,100.0,0.0,100.0,0.0,200.0,0.0,100.0,9262.0,100.0,50808375528.0,100.0,53385532828.0
2019-01-11,ZCH060TK,ST12000NM0007,12000138625024,0,78.0,69882968.0,93.0,0.0,100.0,6.0,100.0,0.0,90.0,950512087.0,88.0,10599.0,100.0,0.0,100.0,5.0,,,,,100.0,0.0,100.0,0.0,,,67.0,33.0,,,100.0,149.0,99.0,3166.0,33.0,33.0,100.0,0.0,100.0,0.0,200.0,0.0,100.0,9273.0,100.0,50848274232.0,100.0,53471597876.0
2019-01-12,ZCH060TK,ST12000NM0007,12000138625024,0,82,159997352,93.0,0.0,100.0,6.0,100.0,0.0,90.0,953641759.0,88,10630,100.0,0.0,100,5,,,,,100.0,0.0,100.0,0.0,,,67.0,33.0,,,100.0,149.0,99.0,3167.0,33,33,100.0,0.0,100.0,0.0,200.0,0.0,100.0,9305.0,100.0,50942285896.0,100.0,53711841380.0
2019-01-13,ZCH060TK,ST12000NM0007,12000138625024,0,81,137284888,93.0,0.0,100.0,6.0,100.0,0.0,90.0,955960359.0,88,10646,100.0,0.0,100,5,,,,,100.0,0.0,100.0,0.0,,,67.0,33.0,,,100.0,150.0,99.0,3168.0,33,33,100.0,0.0,100.0,0.0,200.0,0.0,100.0,9321.0,100.0,50994701048.0,100.0,53880854580.0
2019-01-14,ZCH060TK,ST12000NM0007,12000138625024,0,81,112468272,93.0,0.0,100.0,6.0,100.0,0.0,90.0,960379359.0,88,10678,100.0,0.0,100,5,,,,,100.0,0.0,100.0,0.0,,,66.0,34.0,,,100.0,151.0,99.0,3169.0,34,34,100.0,0.0,100.0,0.0,200.0,0.0,100.0,9352.0,100.0,51118228184.0,100.0,54220792252.0
2019-01-15,ZCH060TK,ST12000NM0007,12000138625024,0,75.0,30990776.0,93.0,0.0,100.0,6.0,100.0,0.0,90.0,961939367.0,88.0,10694.0,100.0,0.0,100.0,5.0,,,,,100.0,0.0,100.0,0.0,,,66.0,34.0,,,100.0,152.0,99.0,3170.0,34.0,34.0,100.0,0.0,100.0,0.0,200.0,0.0,100.0,9368.0,100.0,51170627120.0,100.0,54331056508.0
2019-01-16,ZCH060TK,ST12000NM0007,12000138625024,0,82,164419152,93.0,0.0,100.0,6.0,100.0,0.0,90.0,966454000.0,88,10726,100.0,0.0,100,5,,,,,100.0,0.0,100.0,0.0,,,66.0,34.0,,,100,153,99.0,3171.0,34,34,100.0,0.0,100.0,0.0,200.0,0.0,100.0,9400.0,100.0,51307359408.0,100.0,54571893228.0
2019-01-17,ZCH060TK,ST12000NM0007,12000138625024,0,79,81496320,93.0,0.0,100.0,6.0,100.0,0.0,90.0,968048415.0,88,10742,100.0,0.0,100,5,,,,,100.0,0.0,100.0,0.0,,,67.0,33.0,,,100,154,99.0,3172.0,33,33,100.0,0.0,100.0,0.0,200.0,0.0,100.0,9416.0,100.0,51360096600.0,100.0,54680373956.0
2019-01-18,ZCH060TK,ST12000NM0007,12000138625024,0,81,139795616,93.0,0.0,100.0,6.0,100.0,0.0,90.0,971447807.0,88,10773,100.0,0.0,100,5,,,,,100.0,0.0,100.0,0.0,,,66.0,34.0,,,100,155,99.0,3173.0,34,34,100.0,0.0,100.0,0.0,200.0,0.0,100.0,9447.0,100.0,51450517648.0,100.0,54892392884.0
2019-01-19,ZCH060TK,ST12000NM0007,12000138625024,0,76,35842824,93.0,0.0,100.0,6.0,100.0,0.0,90.0,973006404.0,88,10789,100.0,0.0,100,5,,,,,100.0,0.0,100.0,0.0,,,67.0,33.0,,,100,156,99.0,3174.0,33,33,100.0,0.0,100.0,0.0,200.0,0.0,100.0,9463.0,100.0,51502457968.0,100.0,54980640868.0
2019-01-20,ZCH060TK,ST12000NM0007,12000138625024,0,77,55764216,93.0,0.0,100.0,6.0,100.0,0.0,90.0,976047518.0,88,10821,100.0,0.0,100,5,,,,,100.0,0.0,100.0,0.0,,,66.0,34.0,,,100,156,99.0,3175.0,34,34,100.0,0.0,100.0,0.0,200.0,0.0,100.0,9494.0,100.0,51590358160.0,100.0,55156802708.0
2019-01-21,ZCH060TK,ST12000NM0007,12000138625024,0,78,67848120,93.0,0.0,100.0,6.0,100.0,0.0,90.0,979086158.0,88,10837,100.0,0.0,100,5,,,,,100.0,0.0,100.0,0.0,,,66.0,34.0,,,100,156,99.0,3176.0,34,34,100.0,0.0,100.0,0.0,200.0,0.0,100.0,9510.0,100.0,51679468624.0,100.0,55323916828.0
2019-01-22,ZCH060TK,ST12000NM0007,12000138625024,0,84.0,229301072.0,93.0,0.0,100.0,6.0,100.0,0.0,90.0,982437492.0,88.0,10869.0,100.0,0.0,100.0,5.0,,,,,100.0,0.0,100.0,0.0,,,66.0,34.0,,,100.0,157.0,99.0,3177.0,34.0,34.0,100.0,0.0,100.0,0.0,200.0,0.0,100.0,9542.0,100.0,51829154016.0,100.0,55579825388.0
2019-01-23,ZCH060TK,ST12000NM0007,12000138625024,0,81.0,112319064.0,93.0,0.0,100.0,6.0,100.0,0.0,90.0,987191383.0,88.0,10900.0,100.0,0.0,100.0,5.0,,,,,100.0,0.0,100.0,0.0,,,66.0,34.0,,,100.0,158.0,99.0,3179.0,34.0,34.0,100.0,0.0,100.0,0.0,200.0,0.0,100.0,9573.0,100.0,51951829072.0,100.0,55828450076.0
2019-01-24,ZCH060TK,ST12000NM0007,12000138625024,0,72.0,15840760.0,93.0,0.0,100.0,6.0,100.0,0.0,90.0,988681295.0,88.0,10916.0,100.0,0.0,100.0,5.0,,,,,100.0,0.0,100.0,0.0,,,66.0,34.0,,,100.0,158.0,99.0,3179.0,34.0,34.0,100.0,0.0,100.0,0.0,200.0,0.0,100.0,9589.0,100.0,52003959568.0,100.0,55923981988.0
2019-01-25,ZCH060TK,ST12000NM0007,12000138625024,0,82,142438168,93.0,0.0,100.0,6.0,100.0,0.0,90.0,991970081.0,88,10948,100.0,0.0,100,5,,,,,100.0,0.0,100.0,0.0,,,66.0,34.0,,,100,159,99.0,3181.0,34,34,100.0,0.0,100.0,0.0,200.0,0.0,100.0,9621.0,100.0,52128235024.0,100.0,56170444572.0
2019-01-26,ZCH060TK,ST12000NM0007,12000138625024,0,79,76697544,93.0,0.0,100.0,6.0,100.0,0.0,90.0,993712245.0,88,10964,100.0,0.0,100,5,,,,,100.0,0.0,100.0,0.0,,,66.0,34.0,,,100,159,99.0,3181.0,34,34,100.0,0.0,100.0,0.0,200.0,0.0,100.0,9637.0,100.0,52186012584.0,100.0,56291067492.0
2019-01-27,ZCH060TK,ST12000NM0007,12000138625024,0,82,175369376,93.0,0.0,100.0,6.0,100.0,0.0,90.0,998117883.0,88,10995,100.0,0.0,100,5,,,,,100.0,0.0,100.0,0.0,,,65.0,35.0,,,100,160,99.0,3183.0,35,35,100.0,0.0,100.0,0.0,200.0,0.0,100.0,9668.0,100.0,52311692544.0,100.0,56508200244.0
2019-01-28,ZCH060TK,ST12000NM0007,12000138625024,0,77,52863872,93.0,0.0,100.0,6.0,100.0,0.0,90.0,999736088.0,88,11011,100.0,0.0,100,5,,,,,100.0,0.0,100.0,0.0,,,66.0,34.0,,,100,160,99.0,3183.0,34,34,100.0,0.0,100.0,0.0,200.0,0.0,100.0,9684.0,100.0,52353546664.0,100.0,56587981468.0
2019-01-29,ZCH060TK,ST12000NM0007,12000138625024,0,82,161330536,93.0,0.0,100.0,6.0,100.0,0.0,65.0,3085720.0,88,11043,100.0,0.0,100,5,,,,,100.0,0.0,100.0,0.0,,,66.0,34.0,,,100,160,99.0,3185.0,34,34,100.0,0.0,100.0,0.0,200.0,0.0,100.0,9716.0,100.0,52444950720.0,100.0,56849184788.0
2019-01-30,ZCH060TK,ST12000NM0007,12000138625024,0,81,132499672,93.0,0.0,100.0,6.0,100.0,0.0,68.0,5944517.0,88,11059,100.0,0.0,100,5,,,,,100.0,0.0,100.0,0.0,,,66.0,34.0,,,100,160,99.0,3185.0,34,34,100.0,0.0,100.0,0.0,200.0,0.0,100.0,9731.0,100.0,52528138808.0,100.0,56981306468.0
2019-01-31,ZCH060TK,ST12000NM0007,12000138625024,0,83,209955896,93.0,0.0,100.0,6.0,100.0,0.0,69.0,8807483.0,88,11090,100.0,0.0,100,5,,,,,100.0,0.0,100.0,0.0,,,66.0,34.0,,,100,162,99.0,3187.0,34,34,100.0,0.0,100.0,0.0,200.0,0.0,100.0,9762.0,100.0,52627103320.0,100.0,57203938940.0
2019-02-01,ZCH060TK,ST12000NM0007,12000138625024,0,82,150313072,93.0,0.0,100.0,6.0,100.0,0.0,70.0,10501614.0,88,11106,100.0,0.0,100,5,,,,,100.0,0.0,100.0,0.0,,,66.0,34.0,,,100,162,99.0,3187.0,34,34,100.0,0.0,100.0,0.0,200.0,0.0,100.0,9778.0,100.0,52694445384.0,100.0,57321094796.0
2019-02-02,ZCH060TK,ST12000NM0007,12000138625024,0,78.0,64072032.0,93.0,0.0,100.0,6.0,100.0,0.0,72.0,15230104.0,88.0,11138.0,100.0,0.0,100.0,5.0,,,,,100.0,0.0,100.0,0.0,,,66.0,34.0,,,100.0,162.0,99.0,3189.0,34.0,34.0,100.0,0.0,100.0,0.0,200.0,0.0,100.0,9810.0,100.0,52834777920.0,100.0,57582802812.0
2019-02-03,ZCH060TK,ST12000NM0007,12000138625024,0,84,225623008,93.0,0.0,100.0,6.0,100.0,0.0,72.0,16828305.0,88,11154,100.0,0.0,100,5,,,,,100.0,0.0,100.0,0.0,,,66.0,34.0,,,100,162,99.0,3189.0,34,34,100.0,0.0,100.0,0.0,200.0,0.0,100.0,9826.0,100.0,52885514384.0,100.0,57693617324.0
2019-02-04,ZCH060TK,ST12000NM0007,12000138625024,0,78,67947680,93.0,0.0,100.0,6.0,100.0,0.0,73.0,21264158.0,88,11186,100.0,0.0,100,5,,,,,100.0,0.0,100.0,0.0,,,67.0,33.0,,,100,162,99.0,3191.0,33,33,100.0,0.0,100.0,0.0,200.0,0.0,100.0,9857.0,100.0,53048576352.0,100.0,57861161636.0
2019-02-05,ZCH060TK,ST12000NM0007,12000138625024,0,83.0,192190296.0,93.0,0.0,100.0,6.0,100.0,0.0,74.0,23413952.0,88.0,11201.0,100.0,0.0,100.0,5.0,,,,,100.0,0.0,100.0,0.0,,,67.0,33.0,,,100.0,162.0,99.0,3191.0,33.0,33.0,100.0,0.0,100.0,0.0,200.0,0.0,100.0,9873.0,100.0,53096335056.0,100.0,57937645548.0
2019-02-06,ZCH060TK,ST12000NM0007,12000138625024,0,82,149598392,93.0,0.0,100.0,6.0,100.0,0.0,75.0,29084504.0,88,11233,100.0,0.0,100,5,,,,,100.0,0.0,100.0,0.0,,,66.0,34.0,,,100,163,99.0,3193.0,34,34,100.0,0.0,100.0,0.0,200.0,0.0,100.0,9904.0,100.0,53250733432.0,100.0,58228937044.0
2019-02-07,ZCH060TK,ST12000NM0007,12000138625024,0,84.0,227548560.0,93.0,0.0,100.0,6.0,100.0,0.0,75.0,32117771.0,88.0,11265.0,100.0,0.0,100.0,5.0,,,,,100.0,0.0,100.0,0.0,,,67.0,33.0,,,100.0,164.0,99.0,3194.0,33.0,33.0,100.0,0.0,100.0,0.0,200.0,0.0,100.0,9936.0,100.0,53347492288.0,100.0,58454269140.0
2019-02-08,ZCH060TK,ST12000NM0007,12000138625024,0,82,157092088,93.0,0.0,100.0,6.0,100.0,0.0,75.0,33518037.0,88,11280,100.0,0.0,100,5,,,,,100.0,0.0,100.0,0.0,,,66.0,34.0,,,100,165,99.0,3195.0,34,34,100.0,0.0,100.0,0.0,200.0,0.0,100.0,9952.0,100.0,53406802176.0,100.0,58568643900.0
2019-02-09,ZCH060TK,ST12000NM0007,12000138625024,0,83.0,181735288.0,93.0,0.0,100.0,6.0,100.0,0.0,76.0,36080109.0,88.0,11312.0,100.0,0.0,100.0,5.0,,,,,100.0,0.0,100.0,0.0,,,66.0,34.0,,,100.0,165.0,99.0,3196.0,34.0,34.0,100.0,0.0,100.0,0.0,200.0,0.0,100.0,9983.0,100.0,53517385120.0,100.0,58726844836.0
2019-02-10,ZCH060TK,ST12000NM0007,12000138625024,0,82,148266224,93.0,0.0,100.0,6.0,100.0,0.0,76.0,38025488.0,88,11328,100.0,0.0,100,5,,,,,100.0,0.0,100.0,0.0,,,65.0,35.0,,,100,165,99.0,3197.0,35,35,100.0,0.0,100.0,0.0,200.0,0.0,100.0,9999.0,100.0,53590600208.0,100.0,58864301492.0
2019-02-11,ZCH060TK,ST12000NM0007,12000138625024,0,78,59091432,93.0,0.0,100.0,6.0,100.0,0.0,76.0,42149468.0,88,11360,100.0,0.0,100,5,,,,,100.0,0.0,100.0,0.0,,,66.0,34.0,,,100,166,99.0,3198.0,34,34,100.0,0.0,100.0,0.0,200.0,0.0,100.0,10031.0,100.0,53698281232.0,100.0,59155727164.0
2019-02-12,ZCH060TK,ST12000NM0007,12000138625024,0,83.0,220355760.0,93.0,0.0,100.0,6.0,100.0,0.0,76.0,43512971.0,88.0,11376.0,100.0,0.0,100.0,5.0,,,,,100.0,0.0,100.0,0.0,,,65.0,35.0,,,100.0,166.0,99.0,3198.0,35.0,35.0,100.0,0.0,100.0,0.0,200.0,0.0,100.0,10046.0,100.0,53736814856.0,100.0,59278457868.0
2019-02-13,ZCH060TK,ST12000NM0007,12000138625024,0,82,156101264,93.0,0.0,100.0,6.0,100.0,0.0,77.0,46360194.0,87,11391,100.0,0.0,100,5,,,,,100.0,0.0,100.0,0.0,,,66.0,34.0,,,100,167,99.0,3199.0,34,34,100.0,0.0,100.0,0.0,200.0,0.0,100.0,10062.0,100.0,53810672856.0,100.0,59384486004.0
2019-02-14,ZCH060TK,ST12000NM0007,12000138625024,0,68,5765536,93.0,0.0,100.0,6.0,100.0,0.0,77.0,49749031.0,87,11423,100.0,0.0,100,5,,,,,100.0,0.0,100.0,0.0,,,65.0,35.0,,,100,167,99.0,3200.0,35,35,100.0,0.0,100.0,0.0,200.0,0.0,100.0,10093.0,100.0,53902900480.0,100.0,59630204724.0
2019-02-15,ZCH060TK,ST12000NM0007,12000138625024,0,82.0,171035328.0,93.0,0.0,100.0,6.0,100.0,0.0,77.0,51331872.0,87.0,11439.0,100.0,0.0,100.0,5.0,,,,,100.0,0.0,100.0,0.0,,,65.0,35.0,,,100.0,168.0,99.0,3201.0,35.0,35.0,100.0,0.0,100.0,0.0,200.0,0.0,100.0,10109.0,100.0,53950326008.0,100.0,59748048988.0
2019-02-16,ZCH060TK,ST12000NM0007,12000138625024,0,72.0,16220032.0,93.0,0.0,100.0,6.0,100.0,0.0,77.0,54540093.0,87.0,11471.0,100.0,0.0,100.0,5.0,,,,,100.0,0.0,100.0,0.0,,,66.0,34.0,,,100.0,169.0,99.0,3202.0,34.0,34.0,100.0,0.0,100.0,0.0,200.0,0.0,100.0,10141.0,100.0,54075142648.0,100.0,59956698396.0
2019-02-17,ZCH060TK,ST12000NM0007,12000138625024,0,83,203578376,93.0,0.0,100.0,6.0,100.0,0.0,77.0,56169674.0,87,11487,100.0,0.0,100,5,,,,,100.0,0.0,100.0,0.0,,,65.0,35.0,,,100,169,99.0,3203.0,35,35,100.0,0.0,100.0,0.0,200.0,0.0,100.0,10157.0,100.0,54138839560.0,100.0,60080359828.0
2019-02-18,ZCH060TK,ST12000NM0007,12000138625024,0,81,119631072,93.0,0.0,100.0,6.0,100.0,0.0,78.0,60088536.0,87,11518,100.0,0.0,100,5,,,,,100.0,0.0,100.0,0.0,,,65.0,35.0,,,100,170,99.0,3204.0,35,35,100.0,0.0,100.0,0.0,200.0,0.0,100.0,10188.0,100.0,54263893568.0,100.0,60359640044.0
2019-02-19,ZCH060TK,ST12000NM0007,12000138625024,0,78,69620776,93.0,0.0,100.0,6.0,100.0,0.0,78.0,61421611.0,87,11534,100.0,0.0,100,5,,,,,100.0,0.0,100.0,0.0,,,66.0,34.0,,,100,171,99.0,3205.0,34,34,100.0,0.0,100.0,0.0,200.0,0.0,100.0,10204.0,100.0,54319316648.0,100.0,60498347436.0
2019-02-20,ZCH060TK,ST12000NM0007,12000138625024,0,83.0,205822968.0,93.0,0.0,100.0,6.0,100.0,0.0,78.0,66221331.0,87.0,11566.0,100.0,0.0,100.0,5.0,,,,,100.0,0.0,100.0,0.0,,,66.0,34.0,,,100.0,171.0,99.0,3206.0,34.0,34.0,100.0,0.0,100.0,0.0,200.0,0.0,100.0,10236.0,100.0,54438529792.0,100.0,60759477340.0
2019-02-21,ZCH060TK,ST12000NM0007,12000138625024,0,74,26415568,93.0,0.0,100.0,6.0,100.0,0.0,78.0,69056632.0,87,11598,100.0,0.0,100,5,,,,,100.0,0.0,100.0,0.0,,,66.0,34.0,,,100,173,99.0,3208.0,34,34,100.0,0.0,100.0,0.0,200.0,0.0,100.0,10267.0,100.0,54525081840.0,100.0,60981799236.0
2019-02-22,ZCH060TK,ST12000NM0007,12000138625024,0,83,219060352,93.0,0.0,100.0,6.0,100.0,0.0,78.0,70707956.0,87,11613,100.0,0.0,100,5,,,,,100.0,0.0,100.0,0.0,,,66.0,34.0,,,100,173,99.0,3208.0,34,34,100.0,0.0,100.0,0.0,200.0,0.0,100.0,10283.0,100.0,54568852192.0,100.0,61130673668.0
2019-02-23,ZCH060TK,ST12000NM0007,12000138625024,0,74.0,23226408.0,93.0,0.0,100.0,6.0,100.0,0.0,79.0,73940678.0,87.0,11645.0,100.0,0.0,100.0,5.0,,,,,100.0,0.0,100.0,0.0,,,65.0,35.0,,,100.0,174.0,99.0,3210.0,35.0,35.0,100.0,0.0,100.0,0.0,200.0,0.0,100.0,10315.0,100.0,54678223656.0,100.0,61313749940.0
2019-02-24,ZCH060TK,ST12000NM0007,12000138625024,0,83,184251960,93.0,0.0,100.0,6.0,100.0,0.0,79.0,75538288.0,87,11661,100.0,0.0,100,5,,,,,100.0,0.0,100.0,0.0,,,66.0,34.0,,,100,174,99.0,3210.0,34,34,100.0,0.0,100.0,0.0,200.0,0.0,100.0,10330.0,100.0,54729750080.0,100.0,61423249068.0
2019-02-25,ZCH060TK,ST12000NM0007,12000138625024,0,75,28885144,93.0,0.0,100.0,6.0,100.0,0.0,79.0,79602351.0,87,11693,100.0,0.0,100,5,,,,,100.0,0.0,100.0,0.0,,,66.0,34.0,,,100,176,99.0,3212.0,34,34,100.0,0.0,100.0,0.0,200.0,0.0,100.0,10361.0,100.0,54827870872.0,100.0,61658042844.0
2019-02-26,ZCH060TK,ST12000NM0007,12000138625024,0,83,212363624,93.0,0.0,100.0,6.0,100.0,0.0,79.0,80934130.0,87,11708,100.0,0.0,100,5,,,,,100.0,0.0,100.0,0.0,,,66.0,34.0,,,100,176,99.0,3212.0,34,34,100.0,0.0,100.0,0.0,200.0,0.0,100.0,10377.0,100.0,54886829216.0,100.0,61782562980.0
2019-02-27,ZCH060TK,ST12000NM0007,12000138625024,0,78.0,56241224.0,93.0,0.0,100.0,6.0,100.0,0.0,79.0,85115407.0,87.0,11740.0,100.0,0.0,100.0,5.0,,,,,100.0,0.0,100.0,0.0,,,65.0,35.0,,,100.0,178.0,99.0,3214.0,35.0,35.0,100.0,0.0,100.0,0.0,200.0,0.0,100.0,10408.0,100.0,55008604856.0,100.0,61992946612.0
2019-02-28,ZCH060TK,ST12000NM0007,12000138625024,0,83,213085544,93.0,0.0,100.0,6.0,100.0,0.0,79.0,86437719.0,87,11756,100.0,0.0,100,5,,,,,100.0,0.0,100.0,0.0,,,65.0,35.0,,,100,178,99.0,3214.0,35,35,100.0,0.0,100.0,0.0,200.0,0.0,100.0,10424.0,100.0,55046629272.0,100.0,62111766516.0
2019-03-01,ZCH060TK,ST12000NM0007,12000138625024,0,78.0,69596088.0,93.0,0.0,100.0,6.0,100.0,0.0,80.0,89596611.0,87.0,11788.0,100.0,0.0,100.0,5.0,,,,,100.0,0.0,100.0,0.0,,,65.0,35.0,,,100.0,178.0,99.0,3216.0,35.0,35.0,100.0,0.0,100.0,0.0,200.0,0.0,100.0,10456.0,100.0,55140598560.0,100.0,62362589292.0
2019-03-02,ZCH060TK,ST12000NM0007,12000138625024,0,84.0,225463416.0,93.0,0.0,100.0,6.0,100.0,0.0,80.0,91200673.0,87.0,11803.0,100.0,0.0,100.0,5.0,,,,,100.0,0.0,100.0,0.0,,,65.0,35.0,,,100.0,178.0,99.0,3216.0,35.0,35.0,100.0,0.0,100.0,0.0,200.0,0.0,100.0,10472.0,100.0,55189080144.0,100.0,62469975036.0
2019-03-03,ZCH060TK,ST12000NM0007,12000138625024,0,83.0,192543992.0,93.0,0.0,100.0,6.0,100.0,0.0,80.0,96108120.0,87.0,11835.0,100.0,0.0,100.0,5.0,,,,,100.0,0.0,100.0,0.0,,,65.0,35.0,,,100.0,179.0,99.0,3218.0,35.0,35.0,100.0,0.0,100.0,0.0,200.0,0.0,100.0,10503.0,100.0,55318312176.0,100.0,62796105308.0
2019-03-04,ZCH060TK,ST12000NM0007,12000138625024,0,80,93288288,93.0,0.0,100.0,6.0,100.0,0.0,80.0,97604427.0,87,11851,100.0,0.0,100,5,,,,,100.0,0.0,100.0,0.0,,,66.0,34.0,,,100,179,99.0,3218.0,34,34,100.0,0.0,100.0,0.0,200.0,0.0,100.0,10519.0,100.0,55359785040.0,100.0,62899517580.0
2019-03-05,ZCH060TK,ST12000NM0007,12000138625024,0,82.0,177212264.0,93.0,0.0,100.0,6.0,100.0,0.0,80.0,100552676.0,87.0,11883.0,100.0,0.0,100.0,5.0,,,,,100.0,0.0,100.0,0.0,,,65.0,35.0,,,100.0,179.0,99.0,3219.0,35.0,35.0,100.0,0.0,100.0,0.0,200.0,0.0,100.0,10550.0,100.0,55456472048.0,100.0,63130895212.0
2019-03-06,ZCH060TK,ST12000NM0007,12000138625024,0,82.0,146794672.0,93.0,0.0,100.0,6.0,100.0,0.0,80.0,103547647.0,87.0,11898.0,100.0,0.0,100.0,5.0,,,,,100.0,0.0,100.0,0.0,,,66.0,34.0,,,100.0,179.0,99.0,3220.0,34.0,34.0,100.0,0.0,100.0,0.0,200.0,0.0,100.0,10566.0,100.0,55537680320.0,100.0,63263410036.0
2019-03-07,ZCH060TK,ST12000NM0007,12000138625024,0,83.0,206514352.0,93.0,0.0,100.0,6.0,100.0,0.0,80.0,106369893.0,87.0,11930.0,100.0,0.0,100.0,5.0,,,,,100.0,0.0,100.0,0.0,,,65.0,35.0,,,100.0,180.0,99.0,3221.0,35.0,35.0,100.0,0.0,100.0,0.0,200.0,0.0,100.0,10598.0,100.0,55639387160.0,100.0,63465563548.0
2019-03-08,ZCH060TK,ST12000NM0007,12000138625024,0,82.0,148641200.0,93.0,0.0,100.0,6.0,100.0,0.0,80.0,108037464.0,87.0,11946.0,100.0,0.0,100.0,5.0,,,,,100.0,0.0,100.0,0.0,,,65.0,35.0,,,100.0,180.0,99.0,3222.0,35.0,35.0,100.0,0.0,100.0,0.0,200.0,0.0,100.0,10613.0,100.0,55704928728.0,100.0,63586289476.0
2019-03-09,ZCH060TK,ST12000NM0007,12000138625024,0,84.0,233664048.0,93.0,0.0,100.0,6.0,100.0,0.0,80.0,111173806.0,87.0,11978.0,100.0,0.0,100.0,5.0,,,,,100.0,0.0,100.0,0.0,,,65.0,35.0,,,100.0,181.0,99.0,3224.0,35.0,35.0,100.0,0.0,100.0,0.0,200.0,0.0,100.0,10645.0,100.0,55813075128.0,100.0,63807306628.0
2019-03-10,ZCH060TK,ST12000NM0007,12000138625024,0,81.0,129090568.0,93.0,0.0,100.0,6.0,100.0,0.0,81.0,112543113.0,87.0,11994.0,100.0,0.0,100.0,5.0,,,,,100.0,0.0,100.0,0.0,,,65.0,35.0,,,100.0,181.0,99.0,3224.0,35.0,35.0,100.0,0.0,100.0,0.0,200.0,0.0,100.0,10661.0,100.0,55858449168.0,100.0,63901499820.0
2019-03-11,ZCH060TK,ST12000NM0007,12000138625024,0,74.0,24248112.0,93.0,0.0,100.0,6.0,100.0,0.0,81.0,116889000.0,87.0,12025.0,100.0,0.0,100.0,5.0,,,,,100.0,0.0,100.0,0.0,,,66.0,34.0,,,100.0,182.0,99.0,3226.0,34.0,34.0,100.0,0.0,100.0,0.0,200.0,0.0,100.0,10692.0,100.0,55978483072.0,100.0,64164905436.0
2019-03-12,ZCH060TK,ST12000NM0007,12000138625024,0,82.0,173004160.0,93.0,0.0,100.0,6.0,100.0,0.0,81.0,118416778.0,87.0,12041.0,100.0,0.0,100.0,5.0,,,,,100.0,0.0,100.0,0.0,,,65.0,35.0,,,100.0,182.0,99.0,3226.0,35.0,35.0,100.0,0.0,100.0,0.0,200.0,0.0,100.0,10708.0,100.0,56030863320.0,100.0,64261281236.0
2019-03-13,ZCH060TK,ST12000NM0007,12000138625024,0,82.0,159996560.0,93.0,0.0,100.0,6.0,100.0,0.0,81.0,124144655.0,87.0,12073.0,100.0,0.0,100.0,5.0,,,,,100.0,0.0,100.0,0.0,,,70.0,30.0,,,100.0,183.0,99.0,3227.0,30.0,30.0,100.0,0.0,100.0,0.0,200.0,0.0,100.0,10739.0,100.0,56177095608.0,100.0,64590322828.0
2019-03-14,ZCH060TK,ST12000NM0007,12000138625024,0,84.0,240943800.0,93.0,0.0,100.0,6.0,100.0,0.0,81.0,127388344.0,87.0,12105.0,100.0,0.0,100.0,5.0,,,,,100.0,0.0,100.0,0.0,,,71.0,29.0,,,100.0,185.0,99.0,3229.0,29.0,29.0,100.0,0.0,100.0,0.0,200.0,0.0,100.0,10771.0,100.0,56276816320.0,100.0,64815690052.0
2019-03-15,ZCH060TK,ST12000NM0007,12000138625024,0,81.0,132387448.0,93.0,0.0,100.0,6.0,100.0,0.0,81.0,130737736.0,87.0,12120.0,100.0,0.0,100.0,5.0,,,,,100.0,0.0,100.0,0.0,,,70.0,30.0,,,100.0,185.0,99.0,3229.0,30.0,30.0,100.0,0.0,100.0,0.0,200.0,0.0,100.0,10787.0,100.0,56318627496.0,100.0,64909463444.0
2019-03-16,ZCH060TK,ST12000NM0007,12000138625024,0,82.0,177799816.0,93.0,0.0,100.0,6.0,100.0,0.0,81.0,134790132.0,87.0,12152.0,100.0,0.0,100.0,5.0,,,,,100.0,0.0,100.0,0.0,,,71.0,29.0,,,100.0,186.0,99.0,3231.0,29.0,29.0,100.0,0.0,100.0,0.0,200.0,0.0,100.0,10818.0,100.0,56427060160.0,100.0,65090584252.0
2019-03-17,ZCH060TK,ST12000NM0007,12000138625024,0,81.0,128739888.0,93.0,0.0,100.0,6.0,100.0,0.0,81.0,136858610.0,87.0,12168.0,100.0,0.0,100.0,5.0,,,,,100.0,0.0,100.0,0.0,,,71.0,29.0,,,100.0,186.0,99.0,3231.0,29.0,29.0,100.0,0.0,100.0,0.0,200.0,0.0,100.0,10834.0,100.0,56485642016.0,100.0,65227083244.0
2019-03-18,ZCH060TK,ST12000NM0007,12000138625024,0,78.0,59789824.0,93.0,0.0,100.0,6.0,100.0,0.0,82.0,141541885.0,87.0,12200.0,100.0,0.0,100.0,5.0,,,,,100.0,0.0,100.0,0.0,,,74.0,26.0,,,100.0,186.0,99.0,3233.0,26.0,26.0,100.0,0.0,100.0,0.0,200.0,0.0,100.0,10866.0,100.0,56611759112.0,100.0,65520297380.0
2019-03-19,ZCH060TK,ST12000NM0007,12000138625024,0,84.0,230682064.0,93.0,0.0,100.0,6.0,100.0,0.0,82.0,143322619.0,87.0,12215.0,100.0,0.0,100.0,5.0,,,,,100.0,0.0,100.0,0.0,,,71.0,29.0,,,100.0,186.0,99.0,3233.0,29.0,29.0,100.0,0.0,100.0,0.0,200.0,0.0,100.0,10881.0,100.0,56672427960.0,100.0,65630520772.0
2019-03-20,ZCH060TK,ST12000NM0007,12000138625024,0,81.0,128162824.0,93.0,0.0,100.0,6.0,100.0,0.0,82.0,148381148.0,87.0,12247.0,100.0,0.0,100.0,5.0,,,,,100.0,0.0,100.0,0.0,,,73.0,27.0,,,100.0,188.0,99.0,3235.0,27.0,27.0,100.0,0.0,100.0,0.0,200.0,0.0,100.0,10913.0,100.0,56812353288.0,100.0,65876357924.0
2019-03-21,ZCH060TK,ST12000NM0007,12000138625024,0,78.0,61105400.0,93.0,0.0,100.0,6.0,100.0,0.0,82.0,150205504.0,87.0,12263.0,100.0,0.0,100.0,5.0,,,,,100.0,0.0,100.0,0.0,,,71.0,29.0,,,100.0,188.0,99.0,3235.0,29.0,29.0,100.0,0.0,100.0,0.0,200.0,0.0,100.0,10929.0,100.0,56872072976.0,100.0,65993721572.0
2019-03-22,ZCH060TK,ST12000NM0007,12000138625024,0,81.0,121165552.0,93.0,0.0,100.0,6.0,100.0,0.0,82.0,153574099.0,86.0,12295.0,100.0,0.0,100.0,5.0,,,,,100.0,0.0,100.0,0.0,,,71.0,29.0,,,100.0,188.0,99.0,3237.0,29.0,29.0,100.0,0.0,100.0,0.0,200.0,0.0,100.0,10960.0,100.0,56992423376.0,100.0,66177572084.0
2019-03-23,ZCH060TK,ST12000NM0007,12000138625024,0,76.0,40354040.0,93.0,0.0,100.0,6.0,100.0,0.0,82.0,155275757.0,86.0,12311.0,100.0,0.0,100.0,5.0,,,,,100.0,0.0,100.0,0.0,,,71.0,29.0,,,100.0,188.0,99.0,3237.0,29.0,29.0,100.0,0.0,100.0,0.0,200.0,0.0,100.0,10976.0,100.0,57046424496.0,100.0,66286900300.0
2019-03-24,ZCH060TK,ST12000NM0007,12000138625024,0,74.0,24087688.0,93.0,0.0,100.0,6.0,100.0,0.0,82.0,160757315.0,86.0,12342.0,100.0,0.0,100.0,5.0,,,,,100.0,0.0,100.0,0.0,,,71.0,29.0,,,100.0,189.0,99.0,3239.0,29.0,29.0,100.0,0.0,100.0,0.0,200.0,0.0,100.0,11007.0,100.0,57222822464.0,100.0,66582517244.0
2019-03-25,ZCH060TK,ST12000NM0007,12000138625024,0,82.0,176293368.0,93.0,0.0,100.0,6.0,100.0,0.0,82.0,162180173.0,86.0,12358.0,100.0,0.0,100.0,5.0,,,,,100.0,0.0,100.0,0.0,,,71.0,29.0,,,100.0,189.0,99.0,3239.0,29.0,29.0,100.0,0.0,100.0,0.0,200.0,0.0,100.0,11023.0,100.0,57268864024.0,100.0,66688681364.0
2019-03-26,ZCH060TK,ST12000NM0007,12000138625024,0,78.0,58725984.0,93.0,0.0,100.0,6.0,100.0,0.0,82.0,165933425.0,86.0,12390.0,100.0,0.0,100.0,5.0,,,,,100.0,0.0,100.0,0.0,,,71.0,29.0,,,100.0,189.0,99.0,3241.0,29.0,29.0,100.0,0.0,100.0,0.0,200.0,0.0,100.0,11055.0,100.0,57379335600.0,100.0,66948924092.0
2019-03-27,ZCH060TK,ST12000NM0007,12000138625024,0,74.0,24286384.0,93.0,0.0,100.0,6.0,100.0,0.0,82.0,168956847.0,86.0,12406.0,100.0,0.0,100.0,5.0,,,,,100.0,0.0,100.0,0.0,,,69.0,31.0,,,100.0,189.0,99.0,3241.0,31.0,31.0,100.0,0.0,100.0,0.0,200.0,0.0,100.0,11070.0,100.0,57452111896.0,100.0,67085850460.0
2019-03-28,ZCH060TK,ST12000NM0007,12000138625024,0,80.0,99643944.0,93.0,0.0,100.0,6.0,100.0,0.0,82.0,171910412.0,86.0,12438.0,100.0,0.0,100.0,5.0,,,,,100.0,0.0,100.0,0.0,,,71.0,29.0,,,100.0,189.0,99.0,3243.0,29.0,29.0,100.0,0.0,100.0,0.0,200.0,0.0,100.0,11102.0,100.0,57557607328.0,100.0,67299853396.0
2019-03-29,ZCH060TK,ST12000NM0007,12000138625024,0,75.0,31071904.0,93.0,0.0,100.0,6.0,100.0,0.0,82.0,173680665.0,86.0,12453.0,100.0,0.0,100.0,5.0,,,,,100.0,0.0,100.0,0.0,,,71.0,29.0,,,100.0,189.0,99.0,3243.0,29.0,29.0,100.0,0.0,100.0,0.0,200.0,0.0,100.0,11118.0,100.0,57618779256.0,100.0,67414250060.0
2019-03-30,ZCH060TK,ST12000NM0007,12000138625024,0,81.0,127333832.0,93.0,0.0,100.0,6.0,100.0,0.0,82.0,177138036.0,86.0,12485.0,100.0,0.0,100.0,5.0,,,,,100.0,0.0,100.0,0.0,,,71.0,29.0,,,100.0,190.0,99.0,3245.0,29.0,29.0,100.0,0.0,100.0,0.0,200.0,0.0,100.0,11149.0,100.0,57733435064.0,100.0,67639996892.0
2019-03-31,ZCH060TK,ST12000NM0007,12000138625024,0,76.0,43496112.0,93.0,0.0,100.0,6.0,100.0,0.0,83.0,178802322.0,86.0,12501.0,100.0,0.0,100.0,5.0,,,,,100.0,0.0,100.0,0.0,,,71.0,29.0,,,100.0,190.0,99.0,3245.0,29.0,29.0,100.0,0.0,100.0,0.0,200.0,0.0,100.0,11165.0,100.0,57789244720.0,100.0,67744490260.0
2019-04-01,ZCH060TK,ST12000NM0007,12000138625024,0,76.0,41033832.0,93.0,0.0,100.0,6.0,100.0,0.0,83.0,184164796.0,86.0,12533.0,100.0,0.0,100.0,5.0,,,,,100.0,0.0,100.0,0.0,,,71.0,29.0,,,100.0,190.0,99.0,3247.0,29.0,29.0,100.0,0.0,100.0,0.0,200.0,0.0,100.0,11196.0,100.0,57950657232.0,100.0,68068897228.0
2019-04-02,ZCH060TK,ST12000NM0007,12000138625024,0,84.0,235006440.0,93.0,0.0,100.0,6.0,100.0,0.0,83.0,185850771.0,86.0,12549.0,100.0,0.0,100.0,5.0,,,,,100.0,0.0,100.0,0.0,,,70.0,30.0,,,100.0,190.0,99.0,3247.0,30.0,30.0,100.0,0.0,100.0,0.0,200.0,0.0,100.0,11212.0,100.0,58009362728.0,100.0,68204164340.0
2019-04-03,ZCH060TK,ST12000NM0007,12000138625024,0,83.0,182912856.0,93.0,0.0,100.0,6.0,100.0,0.0,83.0,191131164.0,86.0,12580.0,100.0,0.0,100.0,5.0,,,,,100.0,0.0,100.0,0.0,,,71.0,29.0,,,100.0,191.0,99.0,3249.0,29.0,29.0,100.0,0.0,100.0,0.0,200.0,0.0,100.0,11244.0,100.0,58184014896.0,100.0,68465700276.0
2019-04-04,ZCH060TK,ST12000NM0007,12000138625024,0,80.0,104277840.0,93.0,0.0,100.0,6.0,100.0,0.0,83.0,192996995.0,86.0,12596.0,100.0,0.0,100.0,5.0,,,,,100.0,0.0,100.0,0.0,,,69.0,31.0,,,100.0,191.0,99.0,3249.0,31.0,31.0,100.0,0.0,100.0,0.0,200.0,0.0,100.0,11260.0,100.0,58252408288.0,100.0,68562812556.0
2019-04-05,ZCH060TK,ST12000NM0007,12000138625024,0,84.0,242748736.0,93.0,0.0,100.0,6.0,100.0,0.0,83.0,196946160.0,86.0,12628.0,100.0,0.0,100.0,5.0,,,,,100.0,0.0,100.0,0.0,,,71.0,29.0,,,100.0,192.0,99.0,3251.0,29.0,29.0,100.0,0.0,100.0,0.0,200.0,0.0,100.0,11291.0,100.0,58377804152.0,100.0,68820028332.0
2019-04-06,ZCH060TK,ST12000NM0007,12000138625024,0,82.0,154284384.0,93.0,0.0,100.0,6.0,100.0,0.0,83.0,198624275.0,86.0,12644.0,100.0,0.0,100.0,5.0,,,,,100.0,0.0,100.0,0.0,,,71.0,29.0,,,100.0,192.0,99.0,3251.0,29.0,29.0,100.0,0.0,100.0,0.0,200.0,0.0,100.0,11307.0,100.0,58423252232.0,100.0,68930256668.0
2019-04-07,ZCH060TK,ST12000NM0007,12000138625024,0,78.0,63538856.0,93.0,0.0,100.0,6.0,100.0,0.0,83.0,203363759.0,86.0,12675.0,100.0,0.0,100.0,5.0,,,,,100.0,0.0,100.0,0.0,,,71.0,29.0,,,100.0,192.0,99.0,3252.0,29.0,29.0,100.0,0.0,100.0,0.0,200.0,0.0,100.0,11338.0,100.0,58559563048.0,100.0,69191482012.0
2019-04-08,ZCH060TK,ST12000NM0007,12000138625024,0,74.0,25925112.0,93.0,0.0,100.0,6.0,100.0,0.0,83.0,205726597.0,86.0,12691.0,100.0,0.0,100.0,5.0,,,,,100.0,0.0,100.0,0.0,,,71.0,29.0,,,100.0,193.0,99.0,3253.0,29.0,29.0,100.0,0.0,100.0,0.0,200.0,0.0,100.0,11354.0,100.0,58640068952.0,100.0,69317503004.0
2019-04-09,ZCH060TK,ST12000NM0007,12000138625024,0,83.0,180488352.0,93.0,0.0,100.0,6.0,100.0,0.0,83.0,209385552.0,86.0,12723.0,100.0,0.0,100.0,5.0,,,,,100.0,0.0,100.0,0.0,,,71.0,29.0,,,100.0,193.0,99.0,3254.0,29.0,29.0,100.0,0.0,100.0,0.0,200.0,0.0,100.0,11386.0,100.0,58771185056.0,100.0,69585090772.0
2019-04-10,ZCH060TK,ST12000NM0007,12000138625024,0,82.0,163470352.0,93.0,0.0,100.0,6.0,100.0,0.0,83.0,213393741.0,86.0,12739.0,100.0,0.0,100.0,5.0,,,,,100.0,0.0,100.0,0.0,,,71.0,29.0,,,100.0,194.0,99.0,3255.0,29.0,29.0,100.0,0.0,100.0,0.0,200.0,0.0,100.0,11402.0,100.0,58848751384.0,100.0,69734647220.0
2019-04-11,ZCH060TK,ST12000NM0007,12000138625024,0,84.0,228887448.0,93.0,0.0,100.0,6.0,100.0,0.0,83.0,216235096.0,86.0,12771.0,100.0,0.0,100.0,5.0,,,,,100.0,0.0,100.0,0.0,,,71.0,29.0,,,100.0,195.0,99.0,3256.0,29.0,29.0,100.0,0.0,100.0,0.0,200.0,0.0,100.0,11433.0,100.0,58955766344.0,100.0,69937190004.0
2019-04-12,ZCH060TK,ST12000NM0007,12000138625024,0,82.0,169101512.0,93.0,0.0,100.0,6.0,100.0,0.0,83.0,218049024.0,86.0,12786.0,100.0,0.0,100.0,5.0,,,,,100.0,0.0,100.0,0.0,,,71.0,29.0,,,100.0,195.0,99.0,3258.0,29.0,29.0,100.0,0.0,100.0,0.0,200.0,0.0,100.0,11449.0,100.0,59005708592.0,100.0,70071602492.0
2019-04-13,ZCH060TK,ST12000NM0007,12000138625024,0,84.0,238804512.0,93.0,0.0,100.0,6.0,100.0,0.0,83.0,221445250.0,86.0,12818.0,100.0,0.0,100.0,5.0,,,,,100.0,0.0,100.0,0.0,,,72.0,28.0,,,100.0,195.0,99.0,3259.0,28.0,28.0,100.0,0.0,100.0,0.0,200.0,0.0,100.0,11480.0,100.0,59117684648.0,100.0,70273470172.0
2019-04-14,ZCH060TK,ST12000NM0007,12000138625024,0,82.0,167385944.0,93.0,0.0,100.0,6.0,100.0,0.0,83.0,223370227.0,86.0,12834.0,100.0,0.0,100.0,5.0,,,,,100.0,0.0,100.0,0.0,,,70.0,30.0,,,100.0,195.0,99.0,3260.0,30.0,30.0,100.0,0.0,100.0,0.0,200.0,0.0,100.0,11496.0,100.0,59184653944.0,100.0,70379223124.0
2019-04-15,ZCH060TK,ST12000NM0007,12000138625024,0,81.0,115384968.0,93.0,0.0,100.0,6.0,100.0,0.0,84.0,228346786.0,86.0,12866.0,100.0,0.0,100.0,5.0,,,,,100.0,0.0,100.0,0.0,,,73.0,27.0,,,100.0,195.0,99.0,3261.0,27.0,27.0,100.0,0.0,100.0,0.0,200.0,0.0,100.0,11527.0,100.0,59333321696.0,100.0,70666835828.0
2019-04-16,ZCH060TK,ST12000NM0007,12000138625024,0,75.0,30695520.0,93.0,0.0,100.0,6.0,100.0,0.0,84.0,230096075.0,86.0,12881.0,100.0,0.0,100.0,5.0,,,,,100.0,0.0,100.0,0.0,,,74.0,26.0,,,100.0,195.0,99.0,3262.0,26.0,26.0,100.0,0.0,100.0,0.0,200.0,0.0,100.0,11543.0,100.0,59396861216.0,100.0,70762747812.0
2019-04-17,ZCH060TK,ST12000NM0007,12000138625024,0,83.0,205221232.0,93.0,0.0,100.0,6.0,100.0,0.0,84.0,235013494.0,86.0,12913.0,100.0,0.0,100.0,5.0,,,,,100.0,0.0,100.0,0.0,,,73.0,27.0,,,100.0,195.0,99.0,3263.0,27.0,27.0,100.0,0.0,100.0,0.0,200.0,0.0,100.0,11575.0,100.0,59534874568.0,100.0,71043400908.0
2019-04-18,ZCH060TK,ST12000NM0007,12000138625024,0,77.0,50181432.0,93.0,0.0,100.0,6.0,100.0,0.0,84.0,238658239.0,86.0,12945.0,100.0,0.0,100.0,5.0,,,,,100.0,0.0,100.0,0.0,,,73.0,27.0,,,100.0,195.0,99.0,3265.0,27.0,27.0,100.0,0.0,100.0,0.0,200.0,0.0,100.0,11606.0,100.0,59648465776.0,100.0,71263052044.0
2019-04-19,ZCH060TK,ST12000NM0007,12000138625024,0,83.0,201283808.0,93.0,0.0,100.0,6.0,100.0,0.0,84.0,240184264.0,86.0,12960.0,100.0,0.0,100.0,5.0,,,,,100.0,0.0,100.0,0.0,,,72.0,28.0,,,100.0,195.0,99.0,3265.0,28.0,28.0,100.0,0.0,100.0,0.0,200.0,0.0,100.0,11622.0,100.0,59699180264.0,100.0,71363439932.0
2019-04-20,ZCH060TK,ST12000NM0007,12000138625024,0,100.0,674096.0,93.0,0.0,100.0,6.0,100.0,0.0,84.0,243064616.0,86.0,12992.0,100.0,0.0,100.0,5.0,,,,,100.0,0.0,100.0,0.0,,,71.0,29.0,,,100.0,197.0,99.0,3267.0,29.0,29.0,100.0,0.0,100.0,0.0,200.0,0.0,100.0,11653.0,100.0,59789673136.0,100.0,71560618724.0
2019-04-21,ZCH060TK,ST12000NM0007,12000138625024,0,83.0,207445680.0,93.0,0.0,100.0,6.0,100.0,0.0,84.0,245146730.0,86.0,13008.0,100.0,0.0,100.0,5.0,,,,,100.0,0.0,100.0,0.0,,,71.0,29.0,,,100.0,197.0,99.0,3267.0,29.0,29.0,100.0,0.0,100.0,0.0,200.0,0.0,100.0,11669.0,100.0,59852088336.0,100.0,71704975108.0
2019-04-22,ZCH060TK,ST12000NM0007,12000138625024,0,81.0,131619464.0,93.0,0.0,100.0,6.0,100.0,0.0,84.0,249363609.0,86.0,13040.0,100.0,0.0,100.0,5.0,,,,,100.0,0.0,100.0,0.0,,,73.0,27.0,,,100.0,199.0,99.0,3269.0,27.0,27.0,100.0,0.0,100.0,0.0,200.0,0.0,100.0,11700.0,100.0,59967759224.0,100.0,72001759516.0
2019-04-23,ZCH060TK,ST12000NM0007,12000138625024,0,75.0,34890968.0,93.0,0.0,100.0,6.0,100.0,0.0,84.0,250955901.0,86.0,13055.0,100.0,0.0,100.0,5.0,,,,,100.0,0.0,100.0,0.0,,,73.0,27.0,,,100.0,199.0,99.0,3269.0,27.0,27.0,100.0,0.0,100.0,0.0,200.0,0.0,100.0,11716.0,100.0,60023096856.0,100.0,72093834196.0
2019-04-24,ZCH060TK,ST12000NM0007,12000138625024,0,73.0,19907776.0,93.0,0.0,100.0,6.0,100.0,0.0,84.0,254877441.0,86.0,13071.0,100.0,0.0,100.0,5.0,,,,,100.0,0.0,100.0,0.0,,,74.0,26.0,,,100.0,199.0,99.0,3270.0,26.0,26.0,100.0,0.0,100.0,0.0,200.0,0.0,100.0,11732.0,100.0,60102176464.0,100.0,72243912156.0
2019-04-25,ZCH060TK,ST12000NM0007,12000138625024,0,80.0,98529568.0,93.0,0.0,100.0,6.0,100.0,0.0,84.0,257843081.0,86.0,13103.0,100.0,0.0,100.0,5.0,,,,,100.0,0.0,100.0,0.0,,,72.0,28.0,,,100.0,200.0,99.0,3272.0,28.0,28.0,100.0,0.0,100.0,0.0,200.0,0.0,100.0,11763.0,100.0,60186991264.0,100.0,72481859900.0
2019-04-26,ZCH060TK,ST12000NM0007,12000138625024,0,83.0,222987736.0,93.0,0.0,100.0,6.0,100.0,0.0,84.0,259255084.0,86.0,13119.0,100.0,0.0,100.0,5.0,,,,,100.0,0.0,100.0,0.0,,,73.0,27.0,,,100.0,200.0,99.0,3273.0,27.0,27.0,100.0,0.0,100.0,0.0,200.0,0.0,100.0,11779.0,100.0,60235070680.0,100.0,72558238652.0
2019-04-27,ZCH060TK,ST12000NM0007,12000138625024,0,79.0,80191424.0,93.0,0.0,100.0,6.0,100.0,0.0,84.0,262758564.0,85.0,13150.0,100.0,0.0,100.0,5.0,,,,,100.0,0.0,100.0,0.0,,,71.0,29.0,,,100.0,201.0,99.0,3274.0,29.0,29.0,100.0,0.0,100.0,0.0,200.0,0.0,100.0,11810.0,100.0,60346678304.0,100.0,72792116244.0
2019-04-28,ZCH060TK,ST12000NM0007,12000138625024,0,84.0,226249928.0,93.0,0.0,100.0,6.0,100.0,0.0,84.0,264473878.0,85.0,13166.0,100.0,0.0,100.0,5.0,,,,,100.0,0.0,100.0,0.0,,,73.0,27.0,,,100.0,202.0,99.0,3275.0,27.0,27.0,100.0,0.0,100.0,0.0,200.0,0.0,100.0,11826.0,100.0,60403580024.0,100.0,72881273028.0
2019-04-29,ZCH060TK,ST12000NM0007,12000138625024,0,82.0,151524816.0,93.0,0.0,100.0,6.0,100.0,0.0,84.0,270088259.0,85.0,13198.0,100.0,0.0,100.0,5.0,,,,,100.0,0.0,100.0,0.0,,,71.0,29.0,,,100.0,202.0,99.0,3276.0,29.0,29.0,100.0,0.0,100.0,0.0,200.0,0.0,100.0,11858.0,100.0,60560415240.0,100.0,73137993988.0
2019-04-30,ZCH060TK,ST12000NM0007,12000138625024,0,78.0,68329208.0,93.0,0.0,100.0,6.0,100.0,0.0,84.0,271743913.0,85.0,13214.0,100.0,0.0,100.0,5.0,,,,,100.0,0.0,100.0,0.0,,,73.0,27.0,,,100.0,203.0,99.0,3277.0,27.0,27.0,100.0,0.0,100.0,0.0,200.0,0.0,100.0,11874.0,100.0,60619418448.0,100.0,73239935876.0
2019-05-01,ZCH060TK,ST12000NM0007,12000138625024,0,83.0,196175328.0,93.0,0.0,100.0,6.0,100.0,0.0,84.0,276916169.0,85.0,13246.0,100.0,0.0,100.0,5.0,,,,,100.0,0.0,100.0,0.0,,,73.0,27.0,,,100.0,203.0,99.0,3278.0,27.0,27.0,100.0,0.0,100.0,0.0,200.0,0.0,100.0,11905.0,100.0,60766571384.0,100.0,73464769764.0
2019-05-02,ZCH060TK,ST12000NM0007,12000138625024,0,74.0,22743040.0,93.0,0.0,100.0,6.0,100.0,0.0,84.0,280273201.0,85.0,13277.0,100.0,0.0,100.0,5.0,,,,,100.0,0.0,100.0,0.0,,,72.0,28.0,,,100.0,204.0,99.0,3280.0,28.0,28.0,100.0,0.0,100.0,0.0,200.0,0.0,100.0,11937.0,100.0,60860046448.0,100.0,73686143940.0
2019-05-03,ZCH060TK,ST12000NM0007,12000138625024,0,82.0,174710344.0,93.0,0.0,100.0,6.0,100.0,0.0,84.0,281809872.0,85.0,13293.0,100.0,0.0,100.0,5.0,,,,,100.0,0.0,100.0,0.0,,,73.0,27.0,,,100.0,204.0,99.0,3280.0,27.0,27.0,100.0,0.0,100.0,0.0,200.0,0.0,100.0,11952.0,100.0,60895708000.0,100.0,73802449692.0
2019-05-04,ZCH060TK,ST12000NM0007,12000138625024,0,69.0,8810920.0,93.0,0.0,100.0,6.0,100.0,0.0,85.0,284592779.0,85.0,13325.0,100.0,0.0,100.0,5.0,,,,,100.0,0.0,100.0,0.0,,,72.0,28.0,,,100.0,205.0,99.0,3282.0,28.0,28.0,100.0,0.0,100.0,0.0,200.0,0.0,100.0,11984.0,100.0,60973484400.0,100.0,74047055468.0
2019-05-05,ZCH060TK,ST12000NM0007,12000138625024,0,81.0,132772608.0,93.0,0.0,100.0,6.0,100.0,0.0,85.0,285870289.0,85.0,13341.0,100.0,0.0,100.0,5.0,,,,,100.0,0.0,100.0,0.0,,,73.0,27.0,,,100.0,205.0,99.0,3282.0,27.0,27.0,100.0,0.0,100.0,0.0,200.0,0.0,100.0,12000.0,100.0,61013623744.0,100.0,74130877812.0
2019-05-06,ZCH060TK,ST12000NM0007,12000138625024,0,78.0,57342272.0,93.0,0.0,100.0,6.0,100.0,0.0,85.0,291331833.0,85.0,13372.0,100.0,0.0,100.0,5.0,,,,,100.0,0.0,100.0,0.0,,,72.0,28.0,,,100.0,206.0,99.0,3284.0,28.0,28.0,100.0,0.0,100.0,0.0,200.0,0.0,100.0,12031.0,100.0,61105087152.0,100.0,74452265772.0
2019-05-07,ZCH060TK,ST12000NM0007,12000138625024,0,83.0,207773664.0,93.0,0.0,100.0,6.0,100.0,0.0,85.0,292855469.0,85.0,13388.0,100.0,0.0,100.0,5.0,,,,,100.0,0.0,100.0,0.0,,,73.0,27.0,,,100.0,206.0,99.0,3284.0,27.0,27.0,100.0,0.0,100.0,0.0,200.0,0.0,100.0,12047.0,100.0,61150235264.0,100.0,74557549052.0
2019-05-08,ZCH060TK,ST12000NM0007,12000138625024,0,77.0,53905072.0,93.0,0.0,100.0,6.0,100.0,0.0,85.0,297519708.0,85.0,13420.0,100.0,0.0,100.0,5.0,,,,,100.0,0.0,100.0,0.0,,,73.0,27.0,,,100.0,207.0,99.0,3286.0,27.0,27.0,100.0,0.0,100.0,0.0,200.0,0.0,100.0,12079.0,100.0,61254450312.0,100.0,74787747036.0
2019-05-09,ZCH060TK,ST12000NM0007,12000138625024,0,83.0,211177232.0,93.0,0.0,100.0,6.0,100.0,0.0,85.0,299203279.0,85.0,13436.0,100.0,0.0,100.0,5.0,,,,,100.0,0.0,100.0,0.0,,,73.0,27.0,,,100.0,207.0,99.0,3286.0,27.0,27.0,100.0,0.0,100.0,0.0,200.0,0.0,100.0,12094.0,100.0,61294325480.0,100.0,74905144028.0
2019-05-10,ZCH060TK,ST12000NM0007,12000138625024,0,77.0,45375648.0,93.0,0.0,100.0,6.0,100.0,0.0,85.0,302122966.0,85.0,13468.0,100.0,0.0,100.0,5.0,,,,,100.0,0.0,100.0,0.0,,,72.0,28.0,,,100.0,207.0,99.0,3288.0,28.0,28.0,100.0,0.0,100.0,0.0,200.0,0.0,100.0,12126.0,100.0,61362880184.0,100.0,75159069540.0
2019-05-11,ZCH060TK,ST12000NM0007,12000138625024,0,83.0,207899928.0,93.0,0.0,100.0,6.0,100.0,0.0,85.0,303535077.0,85.0,13483.0,100.0,0.0,100.0,5.0,,,,,100.0,0.0,100.0,0.0,,,73.0,27.0,,,100.0,207.0,99.0,3288.0,27.0,27.0,100.0,0.0,100.0,0.0,200.0,0.0,100.0,12142.0,100.0,61390997528.0,100.0,75293476476.0
2019-05-12,ZCH060TK,ST12000NM0007,12000138625024,0,76.0,39896304.0,93.0,0.0,100.0,6.0,100.0,0.0,85.0,307219046.0,85.0,13515.0,100.0,0.0,100.0,5.0,,,,,100.0,0.0,100.0,0.0,,,71.0,29.0,,,100.0,209.0,99.0,3290.0,29.0,29.0,100.0,0.0,100.0,0.0,200.0,0.0,100.0,12173.0,100.0,61474541800.0,100.0,75530210492.0
2019-05-13,ZCH060TK,ST12000NM0007,12000138625024,0,75.0,29773912.0,93.0,0.0,100.0,6.0,100.0,0.0,85.0,309872672.0,85.0,13531.0,100.0,0.0,100.0,5.0,,,,,100.0,0.0,100.0,0.0,,,73.0,27.0,,,100.0,209.0,99.0,3290.0,27.0,27.0,100.0,0.0,100.0,0.0,200.0,0.0,100.0,12189.0,100.0,61528166160.0,100.0,75710604412.0
2019-05-14,ZCH060TK,ST12000NM0007,12000138625024,0,77.0,51504544.0,93.0,0.0,100.0,6.0,100.0,0.0,85.0,312984587.0,85.0,13563.0,100.0,0.0,100.0,5.0,,,,,100.0,0.0,100.0,0.0,,,72.0,28.0,,,100.0,209.0,99.0,3292.0,28.0,28.0,100.0,0.0,100.0,0.0,200.0,0.0,100.0,12221.0,100.0,61599348496.0,100.0,75905293548.0
2019-05-15,ZCH060TK,ST12000NM0007,12000138625024,0,84.0,232674056.0,93.0,0.0,100.0,6.0,100.0,0.0,85.0,315617968.0,85.0,13579.0,100.0,0.0,100.0,5.0,,,,,100.0,0.0,100.0,0.0,,,72.0,28.0,,,100.0,209.0,99.0,3292.0,28.0,28.0,100.0,0.0,100.0,0.0,200.0,0.0,100.0,12237.0,100.0,61665563656.0,100.0,76020247900.0
2019-05-16,ZCH060TK,ST12000NM0007,12000138625024,0,78.0,60896600.0,93.0,0.0,100.0,6.0,100.0,0.0,85.0,319033790.0,85.0,13611.0,100.0,0.0,100.0,5.0,,,,,100.0,0.0,100.0,0.0,,,71.0,29.0,,,100.0,210.0,99.0,3294.0,29.0,29.0,100.0,0.0,100.0,0.0,200.0,0.0,100.0,12268.0,100.0,61743283784.0,100.0,76259031764.0
2019-05-17,ZCH060TK,ST12000NM0007,12000138625024,0,83.0,193018568.0,93.0,0.0,100.0,6.0,100.0,0.0,85.0,320530303.0,85.0,13626.0,100.0,0.0,100.0,5.0,,,,,100.0,0.0,100.0,0.0,,,72.0,28.0,,,100.0,210.0,99.0,3294.0,28.0,28.0,100.0,0.0,100.0,0.0,200.0,0.0,100.0,12284.0,100.0,61767376784.0,100.0,76367060732.0
2019-05-18,ZCH060TK,ST12000NM0007,12000138625024,0,83.0,214056664.0,93.0,0.0,100.0,6.0,100.0,0.0,85.0,323857147.0,85.0,13658.0,100.0,0.0,100.0,5.0,,,,,100.0,0.0,100.0,0.0,,,72.0,28.0,,,100.0,211.0,99.0,3296.0,28.0,28.0,100.0,0.0,100.0,0.0,200.0,0.0,100.0,12315.0,100.0,61816372728.0,100.0,76583243628.0
2019-05-19,ZCH060TK,ST12000NM0007,12000138625024,0,80.0,96429432.0,93.0,0.0,100.0,6.0,100.0,0.0,85.0,325371826.0,85.0,13674.0,100.0,0.0,100.0,5.0,,,,,100.0,0.0,100.0,0.0,,,73.0,27.0,,,100.0,211.0,99.0,3296.0,27.0,27.0,100.0,0.0,100.0,0.0,200.0,0.0,100.0,12331.0,100.0,61850716800.0,100.0,76675413068.0
2019-05-20,ZCH060TK,ST12000NM0007,12000138625024,0,100.0,1070648.0,93.0,0.0,100.0,6.0,100.0,0.0,85.0,330160336.0,85.0,13706.0,100.0,0.0,100.0,5.0,,,,,100.0,0.0,100.0,0.0,,,72.0,28.0,,,100.0,212.0,99.0,3298.0,28.0,28.0,100.0,0.0,100.0,0.0,200.0,0.0,100.0,12362.0,100.0,61935685392.0,100.0,76983367396.0
2019-05-21,ZCH060TK,ST12000NM0007,12000138625024,0,83.0,180175928.0,93.0,0.0,100.0,6.0,100.0,0.0,85.0,332354744.0,85.0,13722.0,100.0,0.0,100.0,5.0,,,,,100.0,0.0,100.0,0.0,,,72.0,28.0,,,100.0,212.0,99.0,3298.0,28.0,28.0,100.0,0.0,100.0,0.0,200.0,0.0,100.0,12378.0,100.0,61977678264.0,100.0,77120479804.0
2019-05-22,ZCH060TK,ST12000NM0007,12000138625024,0,78.0,60337408.0,93.0,0.0,100.0,6.0,100.0,0.0,85.0,337717885.0,85.0,13753.0,100.0,0.0,100.0,5.0,,,,,100.0,0.0,100.0,0.0,,,72.0,28.0,,,100.0,212.0,99.0,3299.0,28.0,28.0,100.0,0.0,100.0,0.0,200.0,0.0,100.0,12410.0,100.0,62109430248.0,100.0,77357171396.0
2019-05-23,ZCH060TK,ST12000NM0007,12000138625024,0,82.0,167128320.0,93.0,0.0,100.0,6.0,100.0,0.0,85.0,341211727.0,85.0,13785.0,100.0,0.0,100.0,5.0,,,,,100.0,0.0,100.0,0.0,,,73.0,27.0,,,100.0,212.0,99.0,3301.0,27.0,27.0,100.0,0.0,100.0,0.0,200.0,0.0,100.0,12441.0,100.0,62199600168.0,100.0,77617933308.0
2019-05-24,ZCH060TK,ST12000NM0007,12000138625024,0,78.0,68368320.0,93.0,0.0,100.0,6.0,100.0,0.0,85.0,342457719.0,85.0,13801.0,100.0,0.0,100.0,5.0,,,,,100.0,0.0,100.0,0.0,,,73.0,27.0,,,100.0,212.0,99.0,3301.0,27.0,27.0,100.0,0.0,100.0,0.0,200.0,0.0,100.0,12457.0,100.0,62230558096.0,100.0,77732356060.0
2019-05-25,ZCH060TK,ST12000NM0007,12000138625024,0,82.0,147447640.0,93.0,0.0,100.0,6.0,100.0,0.0,85.0,345119406.0,85.0,13833.0,100.0,0.0,100.0,5.0,,,,,100.0,0.0,100.0,0.0,,,73.0,27.0,,,100.0,213.0,99.0,3303.0,27.0,27.0,100.0,0.0,100.0,0.0,200.0,0.0,100.0,12488.0,100.0,62316939464.0,100.0,77969195020.0
2019-05-26,ZCH060TK,ST12000NM0007,12000138625024,0,80.0,107777328.0,93.0,0.0,100.0,6.0,100.0,0.0,85.0,347362106.0,85.0,13849.0,100.0,0.0,100.0,5.0,,,,,100.0,0.0,100.0,0.0,,,71.0,29.0,,,100.0,213.0,99.0,3303.0,29.0,29.0,100.0,0.0,100.0,0.0,200.0,0.0,100.0,12504.0,100.0,62392293392.0,100.0,78098311556.0
2019-05-27,ZCH060TK,ST12000NM0007,12000138625024,0,82.0,170401696.0,93.0,0.0,100.0,6.0,100.0,0.0,85.0,351028247.0,85.0,13880.0,100.0,0.0,100.0,5.0,,,,,100.0,0.0,100.0,0.0,,,72.0,28.0,,,100.0,214.0,99.0,3305.0,28.0,28.0,100.0,0.0,100.0,0.0,200.0,0.0,100.0,12536.0,100.0,62468688208.0,100.0,78328682244.0
2019-05-28,ZCH060TK,ST12000NM0007,12000138625024,0,78.0,63315416.0,93.0,0.0,100.0,6.0,100.0,0.0,85.0,352442403.0,85.0,13896.0,100.0,0.0,100.0,5.0,,,,,100.0,0.0,100.0,0.0,,,72.0,28.0,,,100.0,214.0,99.0,3305.0,28.0,28.0,100.0,0.0,100.0,0.0,200.0,0.0,100.0,12552.0,100.0,62502375752.0,100.0,78432049100.0
2019-05-29,ZCH060TK,ST12000NM0007,12000138625024,0,83.0,189904744.0,93.0,0.0,100.0,6.0,100.0,0.0,86.0,357037634.0,85.0,13928.0,100.0,0.0,100.0,5.0,,,,,100.0,0.0,100.0,0.0,,,72.0,28.0,,,100.0,215.0,99.0,3307.0,28.0,28.0,100.0,0.0,100.0,0.0,200.0,0.0,100.0,12583.0,100.0,62601498728.0,100.0,78703656084.0
2019-05-30,ZCH060TK,ST12000NM0007,12000138625024,0,79.0,70973232.0,93.0,0.0,100.0,6.0,100.0,0.0,86.0,358265549.0,85.0,13944.0,100.0,0.0,100.0,5.0,,,,,100.0,0.0,100.0,0.0,,,72.0,28.0,,,100.0,216.0,99.0,3308.0,28.0,28.0,100.0,0.0,100.0,0.0,200.0,0.0,100.0,12599.0,100.0,62640878712.0,100.0,78789485852.0
2019-05-31,ZCH060TK,ST12000NM0007,12000138625024,0,83.0,197938240.0,93.0,0.0,100.0,6.0,100.0,0.0,86.0,359402697.0,85.0,13960.0,100.0,0.0,100.0,5.0,,,,,100.0,0.0,100.0,0.0,,,73.0,27.0,,,100.0,216.0,99.0,3309.0,27.0,27.0,100.0,0.0,100.0,0.0,200.0,0.0,100.0,12614.0,100.0,62668580584.0,100.0,78888748988.0
2019-06-01,ZCH060TK,ST12000NM0007,12000138625024,0,67.0,4560592.0,93.0,0.0,100.0,6.0,100.0,0.0,86.0,362141307.0,85.0,13991.0,100.0,0.0,100.0,5.0,,,,,100.0,0.0,100.0,0.0,,,71.0,29.0,,,100.0,217.0,99.0,3310.0,29.0,29.0,100.0,0.0,100.0,0.0,200.0,0.0,100.0,12646.0,100.0,62734150368.0,100.0,79118082980.0
2019-06-02,ZCH060TK,ST12000NM0007,12000138625024,0,83.0,193662000.0,93.0,0.0,100.0,6.0,100.0,0.0,86.0,363845055.0,85.0,14007.0,100.0,0.0,100.0,5.0,,,,,100.0,0.0,100.0,0.0,,,71.0,29.0,,,100.0,217.0,99.0,3311.0,29.0,29.0,100.0,0.0,100.0,0.0,200.0,0.0,100.0,12661.0,100.0,62769487504.0,100.0,79271847252.0
2019-06-03,ZCH060TK,ST12000NM0007,12000138625024,0,81.0,117005528.0,93.0,0.0,100.0,6.0,100.0,0.0,86.0,368841193.0,84.0,14039.0,100.0,0.0,100.0,5.0,,,,,100.0,0.0,100.0,0.0,,,71.0,29.0,,,100.0,217.0,99.0,3312.0,29.0,29.0,100.0,0.0,100.0,0.0,200.0,0.0,100.0,12693.0,100.0,62863184120.0,100.0,79589775676.0
2019-06-04,ZCH060TK,ST12000NM0007,12000138625024,0,84.0,239435696.0,93.0,0.0,100.0,6.0,100.0,0.0,86.0,373521026.0,84.0,14070.0,100.0,0.0,100.0,5.0,,,,,100.0,0.0,100.0,0.0,,,70.0,30.0,,,100.0,217.0,99.0,3313.0,30.0,30.0,100.0,0.0,100.0,0.0,200.0,0.0,100.0,12724.0,100.0,62942323304.0,100.0,79877207364.0
2019-06-05,ZCH060TK,ST12000NM0007,12000138625024,0,82.0,174916136.0,93.0,0.0,100.0,6.0,100.0,0.0,86.0,376197024.0,84.0,14086.0,100.0,0.0,100.0,5.0,,,,,100.0,0.0,100.0,0.0,,,71.0,29.0,,,100.0,218.0,99.0,3314.0,29.0,29.0,100.0,0.0,100.0,0.0,200.0,0.0,100.0,12740.0,100.0,63011415104.0,100.0,79987737100.0
2019-06-06,ZCH060TK,ST12000NM0007,12000138625024,0,84.0,241176024.0,93.0,0.0,100.0,6.0,100.0,0.0,86.0,380061390.0,84.0,14118.0,100.0,0.0,100.0,5.0,,,,,100.0,0.0,100.0,0.0,,,70.0,30.0,,,100.0,219.0,99.0,3316.0,30.0,30.0,100.0,0.0,100.0,0.0,200.0,0.0,100.0,12771.0,100.0,63091259528.0,100.0,80218293372.0
2019-06-07,ZCH060TK,ST12000NM0007,12000138625024,0,82.0,142668752.0,93.0,0.0,100.0,6.0,100.0,0.0,86.0,381312223.0,84.0,14134.0,100.0,0.0,100.0,5.0,,,,,100.0,0.0,100.0,0.0,,,71.0,29.0,,,100.0,219.0,99.0,3316.0,29.0,29.0,100.0,0.0,100.0,0.0,200.0,0.0,100.0,12787.0,100.0,63123734216.0,100.0,80331452484.0
2019-06-08,ZCH060TK,ST12000NM0007,12000138625024,0,82.0,168152360.0,93.0,0.0,100.0,6.0,100.0,0.0,86.0,384067281.0,84.0,14166.0,100.0,0.0,100.0,5.0,,,,,100.0,0.0,100.0,0.0,,,70.0,30.0,,,100.0,220.0,99.0,3318.0,30.0,30.0,100.0,0.0,100.0,0.0,200.0,0.0,100.0,12819.0,100.0,63207199552.0,100.0,80517611892.0
2019-06-09,ZCH060TK,ST12000NM0007,12000138625024,0,79.0,85483576.0,93.0,0.0,100.0,6.0,100.0,0.0,86.0,385342558.0,84.0,14181.0,100.0,0.0,100.0,5.0,,,,,100.0,0.0,100.0,0.0,,,70.0,30.0,,,100.0,220.0,99.0,3318.0,30.0,30.0,100.0,0.0,100.0,0.0,200.0,0.0,100.0,12835.0,100.0,63244845888.0,100.0,80641437868.0
2019-06-10,ZCH060TK,ST12000NM0007,12000138625024,0,83.0,202369032.0,93.0,0.0,100.0,6.0,100.0,0.0,86.0,390039078.0,84.0,14213.0,100.0,0.0,100.0,5.0,,,,,100.0,0.0,100.0,0.0,,,70.0,30.0,,,100.0,221.0,99.0,3320.0,30.0,30.0,100.0,0.0,100.0,0.0,200.0,0.0,100.0,12866.0,100.0,63354858136.0,100.0,80892451900.0
2019-06-11,ZCH060TK,ST12000NM0007,12000138625024,0,81.0,122486608.0,93.0,0.0,100.0,6.0,100.0,0.0,86.0,391473609.0,84.0,14229.0,100.0,0.0,100.0,5.0,,,,,100.0,0.0,100.0,0.0,,,70.0,30.0,,,100.0,221.0,99.0,3320.0,30.0,30.0,100.0,0.0,100.0,0.0,200.0,0.0,100.0,12882.0,100.0,63387464440.0,100.0,81024103892.0
2019-06-12,ZCH060TK,ST12000NM0007,12000138625024,0,83.0,220149328.0,93.0,0.0,100.0,6.0,100.0,0.0,86.0,396613451.0,84.0,14261.0,100.0,0.0,100.0,5.0,,,,,100.0,0.0,100.0,0.0,,,69.0,31.0,,,100.0,222.0,99.0,3322.0,31.0,31.0,100.0,0.0,100.0,0.0,200.0,0.0,100.0,12914.0,100.0,63496180856.0,100.0,81257190916.0
2019-06-13,ZCH060TK,ST12000NM0007,12000138625024,0,80.0,106075344.0,93.0,0.0,100.0,6.0,100.0,0.0,86.0,398150737.0,84.0,14277.0,100.0,0.0,100.0,5.0,,,,,100.0,0.0,100.0,0.0,,,70.0,30.0,,,100.0,222.0,99.0,3322.0,30.0,30.0,100.0,0.0,100.0,0.0,200.0,0.0,100.0,12930.0,100.0,63536012088.0,100.0,81347426572.0
2019-06-14,ZCH060TK,ST12000NM0007,12000138625024,0,83.0,180629568.0,93.0,0.0,100.0,6.0,100.0,0.0,86.0,401258555.0,84.0,14309.0,100.0,0.0,100.0,5.0,,,,,100.0,0.0,100.0,0.0,,,69.0,31.0,,,100.0,224.0,99.0,3324.0,31.0,31.0,100.0,0.0,100.0,0.0,200.0,0.0,100.0,12961.0,100.0,63610439344.0,100.0,81591694364.0
2019-06-15,ZCH060TK,ST12000NM0007,12000138625024,0,78.0,59122440.0,93.0,0.0,100.0,6.0,100.0,0.0,86.0,402672566.0,84.0,14324.0,100.0,0.0,100.0,5.0,,,,,100.0,0.0,100.0,0.0,,,70.0,30.0,,,100.0,224.0,99.0,3324.0,30.0,30.0,100.0,0.0,100.0,0.0,200.0,0.0,100.0,12977.0,100.0,63642894312.0,100.0,81681872900.0
2019-06-16,ZCH060TK,ST12000NM0007,12000138625024,0,83.0,183017360.0,93.0,0.0,100.0,6.0,100.0,0.0,86.0,406307370.0,84.0,14356.0,100.0,0.0,100.0,5.0,,,,,100.0,0.0,100.0,0.0,,,69.0,31.0,,,100.0,225.0,99.0,3326.0,31.0,31.0,100.0,0.0,100.0,0.0,200.0,0.0,100.0,13009.0,100.0,63731605320.0,100.0,81961197588.0
2019-06-17,ZCH060TK,ST12000NM0007,12000138625024,0,82.0,174856040.0,93.0,0.0,100.0,6.0,100.0,0.0,86.0,409495979.0,84.0,14372.0,100.0,0.0,100.0,5.0,,,,,100.0,0.0,100.0,0.0,,,71.0,29.0,,,100.0,225.0,99.0,3326.0,29.0,29.0,100.0,0.0,100.0,0.0,200.0,0.0,100.0,13025.0,100.0,63803822504.0,100.0,82124959740.0
2019-06-18,ZCH060TK,ST12000NM0007,12000138625024,0,72.0,15629832.0,93.0,0.0,100.0,6.0,100.0,0.0,86.0,412683327.0,84.0,14404.0,100.0,0.0,100.0,5.0,,,,,100.0,0.0,100.0,0.0,,,69.0,31.0,,,100.0,227.0,99.0,3328.0,31.0,31.0,100.0,0.0,100.0,0.0,200.0,0.0,100.0,13056.0,100.0,63892090088.0,100.0,82365747756.0
2019-06-19,ZCH060TK,ST12000NM0007,12000138625024,0,83.0,188165192.0,93.0,0.0,100.0,6.0,100.0,0.0,86.0,415165021.0,84.0,14420.0,100.0,0.0,100.0,5.0,,,,,100.0,0.0,100.0,0.0,,,71.0,29.0,,,100.0,227.0,99.0,3328.0,29.0,29.0,100.0,0.0,100.0,0.0,200.0,0.0,100.0,13072.0,100.0,63961289152.0,100.0,82469084052.0
2019-06-20,ZCH060TK,ST12000NM0007,12000138625024,0,75.0,30415304.0,93.0,0.0,100.0,6.0,100.0,0.0,86.0,418939184.0,84.0,14452.0,100.0,0.0,100.0,5.0,,,,,100.0,0.0,100.0,0.0,,,68.0,32.0,,,100.0,228.0,99.0,3331.0,32.0,32.0,100.0,0.0,100.0,0.0,200.0,0.0,100.0,13104.0,100.0,64044167752.0,100.0,82716736836.0
2019-06-21,ZCH060TK,ST12000NM0007,12000138625024,0,83.0,185510152.0,93.0,0.0,100.0,6.0,100.0,0.0,86.0,421441172.0,84.0,14467.0,100.0,0.0,100.0,5.0,,,,,100.0,0.0,100.0,0.0,,,71.0,29.0,,,100.0,228.0,99.0,3331.0,29.0,29.0,100.0,0.0,100.0,0.0,200.0,0.0,100.0,13120.0,100.0,64096998264.0,100.0,82819001172.0
2019-06-22,ZCH060TK,ST12000NM0007,12000138625024,0,83.0,202320368.0,93.0,0.0,100.0,6.0,100.0,0.0,86.0,424707479.0,84.0,14499.0,100.0,0.0,100.0,5.0,,,,,100.0,0.0,100.0,0.0,,,69.0,31.0,,,100.0,230.0,99.0,3333.0,31.0,31.0,100.0,0.0,100.0,0.0,200.0,0.0,100.0,13151.0,100.0,64188274072.0,100.0,82988676316.0
2019-06-23,ZCH060TK,ST12000NM0007,12000138625024,0,81.0,116703688.0,93.0,0.0,100.0,6.0,100.0,0.0,86.0,426521120.0,84.0,14515.0,100.0,0.0,100.0,5.0,,,,,100.0,0.0,100.0,0.0,,,71.0,29.0,,,100.0,230.0,99.0,3333.0,29.0,29.0,100.0,0.0,100.0,0.0,200.0,0.0,100.0,13167.0,100.0,64229238792.0,100.0,83106235884.0
2019-06-24,ZCH060TK,ST12000NM0007,12000138625024,0,78.0,56954904.0,93.0,0.0,100.0,6.0,100.0,0.0,86.0,431984170.0,84.0,14546.0,100.0,0.0,100.0,5.0,,,,,100.0,0.0,100.0,0.0,,,70.0,30.0,,,100.0,230.0,99.0,3335.0,30.0,30.0,100.0,0.0,100.0,0.0,200.0,0.0,100.0,13198.0,100.0,64341709760.0,100.0,83422297660.0
2019-06-25,ZCH060TK,ST12000NM0007,12000138625024,0,83.0,184364568.0,93.0,0.0,100.0,6.0,100.0,0.0,86.0,433363373.0,84.0,14562.0,100.0,0.0,100.0,5.0,,,,,100.0,0.0,100.0,0.0,,,71.0,29.0,,,100.0,230.0,99.0,3335.0,29.0,29.0,100.0,0.0,100.0,0.0,200.0,0.0,100.0,13214.0,100.0,64372442576.0,100.0,83518974508.0
2019-06-26,ZCH060TK,ST12000NM0007,12000138625024,0,80.0,104795424.0,93.0,0.0,100.0,6.0,100.0,0.0,86.0,438791972.0,84.0,14594.0,100.0,0.0,100.0,5.0,,,,,100.0,0.0,100.0,0.0,,,69.0,31.0,,,100.0,231.0,99.0,3336.0,31.0,31.0,100.0,0.0,100.0,0.0,200.0,0.0,100.0,13246.0,100.0,64511723224.0,100.0,83788406564.0
2019-06-27,ZCH060TK,ST12000NM0007,12000138625024,0,78.0,67851128.0,93.0,0.0,100.0,6.0,100.0,0.0,86.0,440777568.0,84.0,14610.0,100.0,0.0,100.0,5.0,,,,,100.0,0.0,100.0,0.0,,,71.0,29.0,,,100.0,232.0,99.0,3338.0,29.0,29.0,100.0,0.0,100.0,0.0,200.0,0.0,100.0,13261.0,100.0,64565000808.0,100.0,83942325460.0
2019-06-28,ZCH060TK,ST12000NM0007,12000138625024,0,80.0,98970776.0,93.0,0.0,100.0,6.0,100.0,0.0,86.0,444438775.0,84.0,14642.0,100.0,0.0,100.0,5.0,,,,,100.0,0.0,100.0,0.0,,,68.0,32.0,,,100.0,232.0,99.0,3339.0,32.0,32.0,100.0,0.0,100.0,0.0,200.0,0.0,100.0,13293.0,100.0,64664409840.0,100.0,84362317436.0
2019-06-29,ZCH060TK,ST12000NM0007,12000138625024,0,80.0,95953840.0,93.0,0.0,100.0,6.0,100.0,0.0,86.0,446248159.0,84.0,14657.0,100.0,0.0,100.0,5.0,,,,,100.0,0.0,100.0,0.0,,,70.0,30.0,,,100.0,232.0,99.0,3340.0,30.0,30.0,100.0,0.0,100.0,0.0,200.0,0.0,100.0,13308.0,100.0,64707519848.0,100.0,84560331148.0
2019-06-30,ZCH060TK,ST12000NM0007,12000138625024,0,81.0,117879992.0,93.0,0.0,100.0,6.0,100.0,0.0,87.0,449938376.0,84.0,14689.0,100.0,0.0,100.0,5.0,,,,,100.0,0.0,100.0,0.0,,,67.0,33.0,,,100.0,233.0,99.0,3341.0,33.0,33.0,100.0,0.0,100.0,0.0,200.0,0.0,100.0,13340.0,100.0,64790507400.0,100.0,84987551164.0
2019-07-01,ZCH060TK,ST12000NM0007,12000138625024,0,82.0,157237024.0,93.0,0.0,100.0,6.0,100.0,0.0,87.0,453084510.0,84.0,14705.0,100.0,0.0,100.0,5.0,,,,,100.0,0.0,100.0,0.0,,,69.0,31.0,,,100.0,233.0,99.0,3342.0,31.0,31.0,100.0,0.0,100.0,0.0,200.0,0.0,100.0,13356.0,100.0,64843233160.0,100.0,85218323220.0
2019-07-02,ZCH060TK,ST12000NM0007,12000138625024,0,82.0,145006808.0,93.0,0.0,100.0,6.0,100.0,0.0,87.0,456596442.0,84.0,14737.0,100.0,0.0,100.0,5.0,,,,,100.0,0.0,100.0,0.0,,,68.0,32.0,,,100.0,233.0,99.0,3343.0,32.0,32.0,100.0,0.0,100.0,0.0,200.0,0.0,100.0,13387.0,100.0,64937291504.0,100.0,85600316076.0
2019-07-03,ZCH060TK,ST12000NM0007,12000138625024,0,81.0,121625432.0,93.0,0.0,100.0,6.0,100.0,0.0,87.0,459169230.0,84.0,14753.0,100.0,0.0,100.0,5.0,,,,,100.0,0.0,100.0,0.0,,,70.0,30.0,,,100.0,234.0,99.0,3344.0,30.0,30.0,100.0,0.0,100.0,0.0,200.0,0.0,100.0,13403.0,100.0,64994139280.0,100.0,85764227612.0
2019-07-04,ZCH060TK,ST12000NM0007,12000138625024,0,73.0,18136352.0,93.0,0.0,100.0,6.0,100.0,0.0,87.0,463746819.0,84.0,14784.0,100.0,0.0,100.0,5.0,,,,,100.0,0.0,100.0,0.0,,,68.0,32.0,,,100.0,235.0,99.0,3346.0,32.0,32.0,100.0,0.0,100.0,0.0,200.0,0.0,100.0,13434.0,100.0,65071347432.0,100.0,86071812116.0
2019-07-05,ZCH060TK,ST12000NM0007,12000138625024,0,78.0,58378024.0,93.0,0.0,100.0,6.0,100.0,0.0,87.0,466083833.0,84.0,14800.0,100.0,0.0,100.0,5.0,,,,,100.0,0.0,100.0,0.0,,,69.0,31.0,,,100.0,236.0,99.0,3347.0,31.0,31.0,100.0,0.0,100.0,0.0,200.0,0.0,100.0,13450.0,100.0,65116481808.0,100.0,86311060292.0
2019-07-06,ZCH060TK,ST12000NM0007,12000138625024,0,83.0,190349136.0,93.0,0.0,100.0,6.0,100.0,0.0,87.0,471777415.0,84.0,14832.0,100.0,0.0,100.0,5.0,,,,,100.0,0.0,100.0,0.0,,,67.0,33.0,,,100.0,237.0,99.0,3348.0,33.0,33.0,100.0,0.0,100.0,0.0,200.0,0.0,100.0,13482.0,100.0,65221785920.0,100.0,86826009676.0
2019-07-07,ZCH060TK,ST12000NM0007,12000138625024,0,83.0,184392864.0,93.0,0.0,100.0,6.0,100.0,0.0,87.0,473800630.0,84.0,14848.0,100.0,0.0,100.0,5.0,,,,,100.0,0.0,100.0,0.0,,,70.0,30.0,,,100.0,238.0,99.0,3349.0,30.0,30.0,100.0,0.0,100.0,0.0,200.0,0.0,100.0,13498.0,100.0,65285985992.0,100.0,86999994196.0
2019-07-08,ZCH060TK,ST12000NM0007,12000138625024,0,75.0,32872848.0,93.0,0.0,100.0,6.0,100.0,0.0,87.0,480900970.0,84.0,14880.0,100.0,0.0,100.0,5.0,,,,,100.0,0.0,100.0,0.0,,,67.0,33.0,,,100.0,239.0,99.0,3350.0,33.0,33.0,100.0,0.0,100.0,0.0,200.0,0.0,100.0,13529.0,100.0,65372843512.0,100.0,87494039388.0
2019-07-09,ZCH060TK,ST12000NM0007,12000138625024,0,79.0,78540104.0,93.0,0.0,100.0,6.0,100.0,0.0,87.0,484786563.0,83.0,14911.0,100.0,0.0,100.0,5.0,,,,,100.0,0.0,100.0,0.0,,,69.0,31.0,,,100.0,239.0,99.0,3351.0,31.0,31.0,100.0,0.0,100.0,0.0,200.0,0.0,100.0,13561.0,100.0,65484479112.0,100.0,87916352484.0
2019-07-10,ZCH060TK,ST12000NM0007,12000138625024,0,84.0,224886520.0,93.0,0.0,100.0,6.0,100.0,0.0,87.0,487429197.0,83.0,14927.0,100.0,0.0,100.0,5.0,,,,,100.0,0.0,100.0,0.0,,,68.0,32.0,,,100.0,239.0,99.0,3352.0,32.0,32.0,100.0,0.0,100.0,0.0,200.0,0.0,100.0,13577.0,100.0,65537294880.0,100.0,88009883132.0
2019-07-11,ZCH060TK,ST12000NM0007,12000138625024,0,76.0,39139568.0,93.0,0.0,100.0,6.0,100.0,0.0,87.0,491871481.0,83.0,14959.0,100.0,0.0,100.0,5.0,,,,,100.0,0.0,100.0,0.0,,,68.0,32.0,,,100.0,239.0,99.0,3354.0,32.0,32.0,100.0,0.0,100.0,0.0,200.0,0.0,100.0,13608.0,100.0,65613146992.0,100.0,88480706396.0
2019-07-12,ZCH060TK,ST12000NM0007,12000138625024,0,79.0,71200624.0,93.0,0.0,100.0,6.0,100.0,0.0,87.0,493702203.0,83.0,14975.0,100.0,0.0,100.0,5.0,,,,,100.0,0.0,100.0,0.0,,,68.0,32.0,,,100.0,239.0,99.0,3354.0,32.0,32.0,100.0,0.0,100.0,0.0,200.0,0.0,100.0,13624.0,100.0,65660109152.0,100.0,88709946036.0
2019-07-13,ZCH060TK,ST12000NM0007,12000138625024,0,74.0,23682792.0,93.0,0.0,100.0,6.0,100.0,0.0,87.0,497136169.0,83.0,15006.0,100.0,0.0,100.0,5.0,,,,,100.0,0.0,100.0,0.0,,,68.0,32.0,,,100.0,240.0,99.0,3356.0,32.0,32.0,100.0,0.0,100.0,0.0,200.0,0.0,100.0,13655.0,100.0,65765368136.0,100.0,89045450612.0
2019-07-14,ZCH060TK,ST12000NM0007,12000138625024,0,77.0,48967096.0,93.0,0.0,100.0,6.0,100.0,0.0,87.0,499188207.0,83.0,15022.0,100.0,0.0,100.0,5.0,,,,,100.0,0.0,100.0,0.0,,,67.0,33.0,,,100.0,240.0,99.0,3356.0,33.0,33.0,100.0,0.0,100.0,0.0,200.0,0.0,100.0,13671.0,100.0,65825668912.0,100.0,89254574932.0
2019-07-15,ZCH060TK,ST12000NM0007,12000138625024,0,81.0,137033688.0,93.0,0.0,100.0,6.0,100.0,0.0,87.0,504502848.0,83.0,15054.0,100.0,0.0,100.0,5.0,,,,,100.0,0.0,100.0,0.0,,,68.0,32.0,,,100.0,240.0,99.0,3358.0,32.0,32.0,100.0,0.0,100.0,0.0,200.0,0.0,100.0,13703.0,100.0,65931397816.0,100.0,89725194004.0
2019-07-16,ZCH060TK,ST12000NM0007,12000138625024,0,82.0,162008944.0,93.0,0.0,100.0,6.0,100.0,0.0,87.0,506435421.0,83.0,15070.0,100.0,0.0,100.0,5.0,,,,,100.0,0.0,100.0,0.0,,,67.0,33.0,,,100.0,240.0,99.0,3358.0,33.0,33.0,100.0,0.0,100.0,0.0,200.0,0.0,100.0,13719.0,100.0,65979895184.0,100.0,89945812596.0
2019-07-17,ZCH060TK,ST12000NM0007,12000138625024,0,83.0,190054080.0,93.0,0.0,100.0,6.0,100.0,0.0,87.0,512170449.0,83.0,15102.0,100.0,0.0,100.0,5.0,,,,,100.0,0.0,100.0,0.0,,,67.0,33.0,,,100.0,240.0,99.0,3360.0,33.0,33.0,100.0,0.0,100.0,0.0,200.0,0.0,100.0,13750.0,100.0,66134513264.0,100.0,90307521116.0
2019-07-18,ZCH060TK,ST12000NM0007,12000138625024,0,82.0,169566568.0,93.0,0.0,100.0,6.0,100.0,0.0,87.0,514606409.0,83.0,15118.0,100.0,0.0,100.0,5.0,,,,,100.0,0.0,100.0,0.0,,,68.0,32.0,,,100.0,240.0,99.0,3361.0,32.0,32.0,100.0,0.0,100.0,0.0,200.0,0.0,100.0,13766.0,100.0,66200572720.0,100.0,90465114908.0
2019-07-19,ZCH060TK,ST12000NM0007,12000138625024,0,83.0,182295240.0,93.0,0.0,100.0,6.0,100.0,0.0,87.0,519270581.0,83.0,15149.0,100.0,0.0,100.0,5.0,,,,,100.0,0.0,100.0,0.0,,,67.0,33.0,,,100.0,240.0,99.0,3363.0,33.0,33.0,100.0,0.0,100.0,0.0,200.0,0.0,100.0,13798.0,100.0,66288940792.0,100.0,90877756804.0
2019-07-20,ZCH060TK,ST12000NM0007,12000138625024,0,83.0,192306440.0,93.0,0.0,100.0,6.0,100.0,0.0,87.0,521376098.0,83.0,15165.0,100.0,0.0,100.0,5.0,,,,,100.0,0.0,100.0,0.0,,,68.0,32.0,,,100.0,240.0,99.0,3363.0,32.0,32.0,100.0,0.0,100.0,0.0,200.0,0.0,100.0,13814.0,100.0,66343281960.0,100.0,91077567468.0
2019-07-21,ZCH060TK,ST12000NM0007,12000138625024,0,77.0,49940104.0,93.0,0.0,100.0,6.0,100.0,0.0,87.0,526373391.0,83.0,15197.0,100.0,0.0,100.0,5.0,,,,,100.0,0.0,100.0,0.0,,,67.0,33.0,,,100.0,241.0,99.0,3364.0,33.0,33.0,100.0,0.0,100.0,0.0,200.0,0.0,100.0,13845.0,100.0,66483283408.0,100.0,91527622068.0
2019-07-22,ZCH060TK,ST12000NM0007,12000138625024,0,78.0,65518416.0,93.0,0.0,100.0,6.0,100.0,0.0,87.0,528846144.0,83.0,15213.0,100.0,0.0,100.0,5.0,,,,,100.0,0.0,100.0,0.0,,,69.0,31.0,,,100.0,241.0,99.0,3365.0,31.0,31.0,100.0,0.0,100.0,0.0,200.0,0.0,100.0,13861.0,100.0,66529071416.0,100.0,91741553100.0
2019-07-23,ZCH060TK,ST12000NM0007,12000138625024,0,80.0,105855616.0,93.0,0.0,100.0,6.0,100.0,0.0,87.0,532838431.0,83.0,15245.0,100.0,0.0,100.0,5.0,,,,,100.0,0.0,100.0,0.0,,,68.0,32.0,,,100.0,242.0,99.0,3367.0,32.0,32.0,100.0,0.0,100.0,0.0,200.0,0.0,100.0,13893.0,100.0,66633226856.0,100.0,92166016340.0
2019-07-24,ZCH060TK,ST12000NM0007,12000138625024,0,79.0,81120744.0,93.0,0.0,100.0,6.0,100.0,0.0,87.0,536372720.0,83.0,15261.0,100.0,0.0,100.0,5.0,,,,,100.0,0.0,100.0,0.0,,,68.0,32.0,,,100.0,242.0,99.0,3367.0,32.0,32.0,100.0,0.0,100.0,0.0,200.0,0.0,100.0,13909.0,100.0,66705642536.0,100.0,92313006556.0
2019-07-25,ZCH060TK,ST12000NM0007,12000138625024,0,80.0,91862600.0,93.0,0.0,100.0,6.0,100.0,0.0,87.0,539053826.0,83.0,15276.0,100.0,0.0,100.0,5.0,,,,,100.0,0.0,100.0,0.0,,,68.0,32.0,,,100.0,242.0,99.0,3369.0,32.0,32.0,100.0,0.0,100.0,0.0,200.0,0.0,100.0,13924.0,100.0,66759388392.0,100.0,92514143412.0
2019-07-26,ZCH060TK,ST12000NM0007,12000138625024,0,76.0,43954464.0,93.0,0.0,100.0,6.0,100.0,0.0,87.0,542869717.0,83.0,15308.0,100.0,0.0,100.0,5.0,,,,,100.0,0.0,100.0,0.0,,,69.0,31.0,,,100.0,242.0,99.0,3370.0,31.0,31.0,100.0,0.0,100.0,0.0,200.0,0.0,100.0,13956.0,100.0,66852920848.0,100.0,92860984356.0
2019-07-27,ZCH060TK,ST12000NM0007,12000138625024,0,84.0,242626328.0,93.0,0.0,100.0,6.0,100.0,0.0,87.0,544432627.0,83.0,15324.0,100.0,0.0,100.0,5.0,,,,,100.0,0.0,100.0,0.0,,,68.0,32.0,,,100.0,242.0,99.0,3371.0,32.0,32.0,100.0,0.0,100.0,0.0,200.0,0.0,100.0,13972.0,100.0,66892530456.0,100.0,93020046612.0
2019-07-28,ZCH060TK,ST12000NM0007,12000138625024,0,75.0,30501144.0,93.0,0.0,100.0,6.0,100.0,0.0,87.0,548181394.0,83.0,15356.0,100.0,0.0,100.0,5.0,,,,,100.0,0.0,100.0,0.0,,,68.0,32.0,,,100.0,243.0,99.0,3372.0,32.0,32.0,100.0,0.0,100.0,0.0,200.0,0.0,100.0,14003.0,100.0,67005131608.0,100.0,93427742372.0
2019-07-29,ZCH060TK,ST12000NM0007,12000138625024,0,82.0,157010776.0,93.0,0.0,100.0,6.0,100.0,0.0,87.0,552312901.0,83.0,15372.0,100.0,0.0,100.0,5.0,,,,,100.0,0.0,100.0,0.0,,,68.0,32.0,,,100.0,243.0,99.0,3373.0,32.0,32.0,100.0,0.0,100.0,0.0,200.0,0.0,100.0,14019.0,100.0,67093614104.0,100.0,93709910172.0
2019-07-30,ZCH060TK,ST12000NM0007,12000138625024,0,83.0,208953168.0,93.0,0.0,100.0,6.0,100.0,0.0,87.0,557521871.0,83.0,15404.0,100.0,0.0,100.0,5.0,,,,,100.0,0.0,100.0,0.0,,,69.0,31.0,,,100.0,243.0,99.0,3374.0,31.0,31.0,100.0,0.0,100.0,0.0,200.0,0.0,100.0,14051.0,100.0,67198625776.0,100.0,94145122268.0
2019-07-31,ZCH060TK,ST12000NM0007,12000138625024,0,80.0,96551736.0,93.0,0.0,100.0,6.0,100.0,0.0,87.0,562118070.0,83.0,15435.0,100.0,0.0,100.0,5.0,,,,,100.0,0.0,100.0,0.0,,,68.0,32.0,,,100.0,244.0,99.0,3376.0,32.0,32.0,100.0,0.0,100.0,0.0,200.0,0.0,100.0,14082.0,100.0,67272056616.0,100.0,94447571604.0
2019-08-01,ZCH060TK,ST12000NM0007,12000138625024,0,76.0,36909968.0,93.0,0.0,100.0,6.0,100.0,0.0,88.0,564181825.0,83.0,15451.0,100.0,0.0,100.0,5.0,,,,,100.0,0.0,100.0,0.0,,,70.0,30.0,,,100.0,244.0,99.0,3376.0,30.0,30.0,100.0,0.0,100.0,0.0,200.0,0.0,100.0,14098.0,100.0,67295537592.0,100.0,94608589796.0
2019-08-02,ZCH060TK,ST12000NM0007,12000138625024,0,74.0,26067536.0,93.0,0.0,100.0,6.0,100.0,0.0,88.0,567777971.0,83.0,15483.0,100.0,0.0,100.0,5.0,,,,,100.0,0.0,100.0,0.0,,,69.0,31.0,,,100.0,245.0,99.0,3378.0,31.0,31.0,100.0,0.0,100.0,0.0,200.0,0.0,100.0,14130.0,100.0,67333317776.0,100.0,95048248572.0
2019-08-03,ZCH060TK,ST12000NM0007,12000138625024,0,83.0,221393440.0,93.0,0.0,100.0,6.0,100.0,0.0,88.0,569077028.0,83.0,15499.0,100.0,0.0,100.0,5.0,,,,,100.0,0.0,100.0,0.0,,,69.0,31.0,,,100.0,245.0,99.0,3378.0,31.0,31.0,100.0,0.0,100.0,0.0,200.0,0.0,100.0,14146.0,100.0,67348898936.0,100.0,95227993316.0
2019-08-04,ZCH060TK,ST12000NM0007,12000138625024,0,83.0,214524816.0,91.0,0.0,100.0,7.0,100.0,0.0,88.0,572747632.0,83.0,15531.0,100.0,0.0,100.0,6.0,,,,,100.0,0.0,100.0,0.0,,,67.0,33.0,,,100.0,245.0,99.0,3381.0,33.0,33.0,100.0,0.0,100.0,0.0,200.0,0.0,100.0,14177.0,100.0,67404562456.0,100.0,95653742902.0
2019-08-05,ZCH060TK,ST12000NM0007,12000138625024,0,82.0,177704592.0,91.0,0.0,100.0,7.0,100.0,0.0,88.0,575214504.0,83.0,15547.0,100.0,0.0,100.0,6.0,,,,,100.0,0.0,100.0,0.0,,,70.0,30.0,,,100.0,245.0,99.0,3381.0,30.0,30.0,100.0,0.0,100.0,0.0,200.0,0.0,100.0,14193.0,100.0,67427521768.0,100.0,95838104078.0
2019-08-06,ZCH060TK,ST12000NM0007,12000138625024,0,78.0,70639704.0,90.0,0.0,100.0,8.0,100.0,0.0,88.0,578012475.0,83.0,15579.0,100.0,0.0,100.0,7.0,,,,,100.0,0.0,100.0,0.0,,,66.0,34.0,,,100.0,245.0,99.0,3384.0,34.0,34.0,100.0,0.0,100.0,0.0,200.0,0.0,100.0,14225.0,100.0,67467846992.0,100.0,96178995458.0
2019-08-07,ZCH060TK,ST12000NM0007,12000138625024,0,73.0,21338720.0,90.0,0.0,100.0,8.0,100.0,0.0,88.0,580897166.0,83.0,15595.0,100.0,0.0,100.0,7.0,,,,,100.0,0.0,100.0,0.0,,,69.0,31.0,,,100.0,245.0,99.0,3384.0,31.0,31.0,100.0,0.0,100.0,0.0,200.0,0.0,100.0,14241.0,100.0,67513031568.0,100.0,96328650618.0
2019-08-08,ZCH060TK,ST12000NM0007,12000138625024,0,82.0,171282680.0,90.0,0.0,100.0,8.0,100.0,0.0,88.0,583854673.0,83.0,15626.0,100.0,0.0,100.0,7.0,,,,,100.0,0.0,100.0,0.0,,,67.0,33.0,,,100.0,246.0,99.0,3386.0,33.0,33.0,100.0,0.0,100.0,0.0,200.0,0.0,100.0,14273.0,100.0,67551112160.0,100.0,96684654658.0
2019-08-09,ZCH060TK,ST12000NM0007,12000138625024,0,81.0,135000616.0,90.0,0.0,100.0,8.0,100.0,0.0,88.0,585162392.0,83.0,15642.0,100.0,0.0,100.0,7.0,,,,,100.0,0.0,100.0,0.0,,,69.0,31.0,,,100.0,246.0,99.0,3387.0,31.0,31.0,100.0,0.0,100.0,0.0,200.0,0.0,100.0,14289.0,100.0,67562993256.0,100.0,96880632130.0
2019-08-10,ZCH060TK,ST12000NM0007,12000138625024,0,75.0,29140136.0,90.0,0.0,100.0,8.0,100.0,0.0,88.0,587559257.0,83.0,15674.0,100.0,0.0,100.0,7.0,,,,,100.0,0.0,100.0,0.0,,,68.0,32.0,,,100.0,246.0,99.0,3388.0,32.0,32.0,100.0,0.0,100.0,0.0,200.0,0.0,100.0,14320.0,100.0,67590064440.0,100.0,97235981810.0
2019-08-11,ZCH060TK,ST12000NM0007,12000138625024,0,82.0,167416296.0,90.0,0.0,100.0,8.0,100.0,0.0,88.0,588586543.0,83.0,15690.0,100.0,0.0,100.0,7.0,,,,,100.0,0.0,100.0,0.0,,,69.0,31.0,,,100.0,246.0,99.0,3389.0,31.0,31.0,100.0,0.0,100.0,0.0,200.0,0.0,100.0,14336.0,100.0,67601375936.0,100.0,97362946474.0
2019-08-12,ZCH060TK,ST12000NM0007,12000138625024,0,83.0,211498608.0,90.0,0.0,100.0,8.0,100.0,0.0,88.0,593313539.0,83.0,15722.0,100.0,0.0,100.0,7.0,,,,,100.0,0.0,100.0,0.0,,,69.0,31.0,,,100.0,246.0,99.0,3390.0,31.0,31.0,100.0,0.0,100.0,0.0,200.0,0.0,100.0,14368.0,100.0,67668674008.0,100.0,97828012210.0
2019-08-13,ZCH060TK,ST12000NM0007,12000138625024,0,82.0,164447536.0,90.0,0.0,100.0,8.0,100.0,0.0,88.0,594622021.0,83.0,15738.0,100.0,0.0,100.0,7.0,,,,,100.0,0.0,100.0,0.0,,,69.0,31.0,,,100.0,246.0,99.0,3391.0,31.0,31.0,100.0,0.0,100.0,0.0,200.0,0.0,100.0,14383.0,100.0,67682045296.0,100.0,98011730634.0
2019-08-14,ZCH060TK,ST12000NM0007,12000138625024,0,76.0,40186264.0,90.0,0.0,100.0,8.0,100.0,0.0,88.0,600512749.0,82.0,15770.0,100.0,0.0,100.0,7.0,,,,,100.0,0.0,100.0,0.0,,,73.0,27.0,,,100.0,247.0,99.0,3392.0,27.0,27.0,100.0,0.0,100.0,0.0,200.0,0.0,100.0,14415.0,100.0,67741676584.0,100.0,98316142786.0
2019-08-15,ZCH060TK,ST12000NM0007,12000138625024,0,81.0,139473120.0,90.0,0.0,100.0,8.0,100.0,0.0,88.0,603078565.0,82.0,15801.0,100.0,0.0,100.0,7.0,,,,,100.0,0.0,100.0,0.0,,,72.0,28.0,,,100.0,249.0,99.0,3395.0,28.0,28.0,100.0,0.0,100.0,0.0,200.0,0.0,100.0,14447.0,100.0,67773394552.0,100.0,98627852778.0
2019-08-16,ZCH060TK,ST12000NM0007,12000138625024,0,76.0,36036216.0,90.0,0.0,100.0,8.0,100.0,0.0,88.0,604220914.0,82.0,15817.0,100.0,0.0,100.0,7.0,,,,,100.0,0.0,100.0,0.0,,,73.0,27.0,,,100.0,249.0,99.0,3395.0,27.0,27.0,100.0,0.0,100.0,0.0,200.0,0.0,100.0,14462.0,100.0,67787759648.0,100.0,98754191490.0
2019-08-17,ZCH060TK,ST12000NM0007,12000138625024,0,83.0,187500184.0,90.0,0.0,100.0,8.0,100.0,0.0,88.0,606678483.0,82.0,15849.0,100.0,0.0,100.0,7.0,,,,,100.0,0.0,100.0,0.0,,,69.0,31.0,,,100.0,250.0,99.0,3396.0,31.0,31.0,100.0,0.0,100.0,0.0,200.0,0.0,100.0,14494.0,100.0,67814331656.0,100.0,99123224090.0
2019-08-18,ZCH060TK,ST12000NM0007,12000138625024,0,82.0,165839792.0,90.0,0.0,100.0,8.0,100.0,0.0,88.0,608269577.0,82.0,15865.0,100.0,0.0,100.0,7.0,,,,,100.0,0.0,100.0,0.0,,,67.0,33.0,,,100.0,250.0,99.0,3397.0,33.0,33.0,100.0,0.0,100.0,0.0,200.0,0.0,100.0,14510.0,100.0,67840010584.0,100.0,99320025562.0
2019-08-19,ZCH060TK,ST12000NM0007,12000138625024,0,81.0,128851152.0,90.0,0.0,100.0,8.0,100.0,0.0,88.0,612318596.0,82.0,15897.0,100.0,0.0,100.0,7.0,,,,,100.0,0.0,100.0,0.0,,,69.0,31.0,,,100.0,251.0,99.0,3398.0,31.0,31.0,100.0,0.0,100.0,0.0,200.0,0.0,100.0,14541.0,100.0,67887891424.0,100.0,99723437474.0
2019-08-20,ZCH060TK,ST12000NM0007,12000138625024,0,69.0,8267328.0,90.0,0.0,100.0,8.0,100.0,0.0,88.0,613124106.0,82.0,15912.0,100.0,0.0,100.0,7.0,,,,,100.0,0.0,100.0,0.0,,,67.0,33.0,,,100.0,252.0,99.0,3399.0,33.0,33.0,100.0,0.0,100.0,0.0,200.0,0.0,100.0,14557.0,100.0,67901342016.0,100.0,99833543714.0
2019-08-21,ZCH060TK,ST12000NM0007,12000138625024,0,78.0,68418656.0,90.0,0.0,100.0,8.0,100.0,0.0,88.0,616687000.0,82.0,15944.0,100.0,0.0,100.0,7.0,,,,,100.0,0.0,100.0,0.0,,,67.0,33.0,,,100.0,253.0,99.0,3401.0,33.0,33.0,100.0,0.0,100.0,0.0,200.0,0.0,100.0,14588.0,100.0,67953508480.0,100.0,100085669338.0
2019-08-22,ZCH060TK,ST12000NM0007,12000138625024,0,72.0,16230720.0,90.0,0.0,100.0,8.0,100.0,0.0,88.0,618130850.0,82.0,15960.0,100.0,0.0,100.0,7.0,,,,,100.0,0.0,100.0,0.0,,,67.0,33.0,,,100.0,253.0,99.0,3401.0,33.0,33.0,100.0,0.0,100.0,0.0,200.0,0.0,100.0,14604.0,100.0,67971663296.0,100.0,100259467602.0
2019-08-23,ZCH060TK,ST12000NM0007,12000138625024,0,83.0,192399016.0,90.0,0.0,100.0,8.0,100.0,0.0,88.0,620835938.0,82.0,15992.0,100.0,0.0,100.0,7.0,,,,,100.0,0.0,100.0,0.0,,,68.0,32.0,,,100.0,254.0,99.0,3403.0,32.0,32.0,100.0,0.0,100.0,0.0,200.0,0.0,100.0,14636.0,100.0,68010150128.0,100.0,100641289722.0
2019-08-24,ZCH060TK,ST12000NM0007,12000138625024,0,82.0,148904872.0,90.0,0.0,100.0,8.0,100.0,0.0,88.0,622155228.0,82.0,16008.0,100.0,0.0,100.0,7.0,,,,,100.0,0.0,100.0,0.0,,,68.0,32.0,,,100.0,254.0,99.0,3403.0,32.0,32.0,100.0,0.0,100.0,0.0,200.0,0.0,100.0,14652.0,100.0,68026360440.0,100.0,100825725978.0
2019-08-25,ZCH060TK,ST12000NM0007,12000138625024,0,79.0,87754584.0,90.0,0.0,100.0,8.0,100.0,0.0,88.0,625993549.0,82.0,16039.0,100.0,0.0,100.0,7.0,,,,,100.0,0.0,100.0,0.0,,,67.0,33.0,,,100.0,255.0,99.0,3405.0,33.0,33.0,100.0,0.0,100.0,0.0,200.0,0.0,100.0,14683.0,100.0,68091306704.0,100.0,101187910882.0
2019-08-26,ZCH060TK,ST12000NM0007,12000138625024,0,76.0,44028648.0,90.0,0.0,100.0,8.0,100.0,0.0,88.0,631455111.0,82.0,16087.0,100.0,0.0,100.0,7.0,,,,,100.0,0.0,100.0,0.0,,,63.0,37.0,,,100.0,255.0,99.0,3407.0,37.0,37.0,100.0,0.0,100.0,0.0,200.0,0.0,100.0,14730.0,100.0,68167718928.0,100.0,101800195194.0
2019-08-27,ZCH060TK,ST12000NM0007,12000138625024,0,76.0,44028648.0,90.0,0.0,100.0,8.0,100.0,0.0,88.0,631455111.0,82.0,16087.0,100.0,0.0,100.0,7.0,,,,,100.0,0.0,100.0,0.0,,,63.0,37.0,,,100.0,255.0,99.0,3407.0,37.0,37.0,100.0,0.0,100.0,0.0,200.0,0.0,100.0,14730.0,100.0,68167718928.0,100.0,101800195194.0
2019-08-28,ZCH060TK,ST12000NM0007,12000138625024,0,83.0,217573896.0,90.0,0.0,100.0,8.0,100.0,0.0,88.0,634818201.0,82.0,16103.0,100.0,0.0,100.0,7.0,,,,,100.0,0.0,100.0,0.0,,,64.0,36.0,,,100.0,255.0,99.0,3407.0,36.0,36.0,100.0,0.0,100.0,0.0,200.0,0.0,100.0,14746.0,100.0,68218914288.0,100.0,101922545082.0
2019-08-29,ZCH060TK,ST12000NM0007,12000138625024,0,82.0,143497296.0,90.0,0.0,100.0,8.0,100.0,0.0,88.0,637871448.0,82.0,16135.0,100.0,0.0,100.0,7.0,,,,,100.0,0.0,100.0,0.0,,,68.0,32.0,,,100.0,255.0,99.0,3409.0,32.0,32.0,100.0,0.0,100.0,0.0,200.0,0.0,100.0,14778.0,100.0,68283868568.0,100.0,102271800506.0
2019-08-30,ZCH060TK,ST12000NM0007,12000138625024,0,80.0,90135488.0,90.0,0.0,100.0,8.0,100.0,0.0,88.0,639246836.0,82.0,16151.0,100.0,0.0,100.0,7.0,,,,,100.0,0.0,100.0,0.0,,,67.0,33.0,,,100.0,255.0,99.0,3409.0,33.0,33.0,100.0,0.0,100.0,0.0,200.0,0.0,100.0,14794.0,100.0,68308182680.0,100.0,102438265258.0
2019-08-31,ZCH060TK,ST12000NM0007,12000138625024,0,74.0,23081352.0,90.0,0.0,100.0,8.0,100.0,0.0,88.0,643199056.0,82.0,16182.0,100.0,0.0,100.0,7.0,,,,,100.0,0.0,100.0,0.0,,,66.0,34.0,,,100.0,255.0,99.0,3411.0,34.0,34.0,100.0,0.0,100.0,0.0,200.0,0.0,100.0,14825.0,100.0,68357067136.0,100.0,102810608570.0
2019-09-01,ZCH060TK,ST12000NM0007,12000138625024,0,74.0,22856096.0,90.0,0.0,100.0,8.0,100.0,0.0,88.0,644753892.0,82.0,16198.0,100.0,0.0,100.0,7.0,,,,,100.0,0.0,100.0,0.0,,,67.0,33.0,,,100.0,255.0,99.0,3411.0,33.0,33.0,100.0,0.0,100.0,0.0,200.0,0.0,100.0,14841.0,100.0,68376964792.0,100.0,103034626298.0
2019-09-02,ZCH060TK,ST12000NM0007,12000138625024,0,100.0,2336792.0,90.0,0.0,100.0,8.0,100.0,0.0,88.0,649151623.0,82.0,16230.0,100.0,0.0,100.0,7.0,,,,,100.0,0.0,100.0,0.0,,,68.0,32.0,,,100.0,255.0,99.0,3413.0,32.0,32.0,100.0,0.0,100.0,0.0,200.0,0.0,100.0,14873.0,100.0,68449010120.0,100.0,103430343234.0
2019-09-03,ZCH060TK,ST12000NM0007,12000138625024,0,83.0,193977608.0,90.0,0.0,100.0,8.0,100.0,0.0,88.0,650432286.0,82.0,16246.0,100.0,0.0,100.0,7.0,,,,,100.0,0.0,100.0,0.0,,,68.0,32.0,,,100.0,255.0,99.0,3413.0,32.0,32.0,100.0,0.0,100.0,0.0,200.0,0.0,100.0,14888.0,100.0,68479858544.0,100.0,103591135626.0
2019-09-04,ZCH060TK,ST12000NM0007,12000138625024,0,81.0,138860312.0,90.0,0.0,100.0,8.0,100.0,0.0,88.0,655076188.0,82.0,16278.0,100.0,0.0,100.0,7.0,,,,,100.0,0.0,100.0,0.0,,,67.0,33.0,,,100.0,256.0,99.0,3415.0,33.0,33.0,100.0,0.0,100.0,0.0,200.0,0.0,100.0,14920.0,100.0,68562433592.0,100.0,103941725178.0
2019-09-05,ZCH060TK,ST12000NM0007,12000138625024,0,81.0,125251264.0,90.0,0.0,100.0,8.0,100.0,0.0,88.0,656658415.0,82.0,16294.0,100.0,0.0,100.0,7.0,,,,,100.0,0.0,100.0,0.0,,,67.0,33.0,,,100.0,256.0,99.0,3415.0,33.0,33.0,100.0,0.0,100.0,0.0,200.0,0.0,100.0,14936.0,100.0,68600361848.0,100.0,104134328850.0
2019-09-06,ZCH060TK,ST12000NM0007,12000138625024,0,75.0,28810696.0,90.0,0.0,100.0,8.0,100.0,0.0,88.0,659831373.0,82.0,16326.0,100.0,0.0,100.0,7.0,,,,,100.0,0.0,100.0,0.0,,,67.0,33.0,,,100.0,257.0,99.0,3417.0,33.0,33.0,100.0,0.0,100.0,0.0,200.0,0.0,100.0,14968.0,100.0,68650128048.0,100.0,104476403690.0
2019-09-07,ZCH060TK,ST12000NM0007,12000138625024,0,84.0,224562368.0,90.0,0.0,100.0,8.0,100.0,0.0,88.0,661421131.0,82.0,16342.0,100.0,0.0,100.0,7.0,,,,,100.0,0.0,100.0,0.0,,,68.0,32.0,,,100.0,257.0,99.0,3417.0,32.0,32.0,100.0,0.0,100.0,0.0,200.0,0.0,100.0,14984.0,100.0,68668886384.0,100.0,104653397026.0
2019-09-08,ZCH060TK,ST12000NM0007,12000138625024,0,68.0,6150192.0,90.0,0.0,100.0,8.0,100.0,0.0,88.0,666251201.0,82.0,16373.0,100.0,0.0,100.0,7.0,,,,,100.0,0.0,100.0,0.0,,,67.0,33.0,,,100.0,257.0,99.0,3419.0,33.0,33.0,100.0,0.0,100.0,0.0,200.0,0.0,100.0,15015.0,100.0,68757091264.0,100.0,105079202834.0
2019-09-09,ZCH060TK,ST12000NM0007,12000138625024,0,83.0,194055096.0,90.0,0.0,100.0,8.0,100.0,0.0,88.0,667752493.0,82.0,16389.0,100.0,0.0,100.0,7.0,,,,,100.0,0.0,100.0,0.0,,,68.0,32.0,,,100.0,257.0,99.0,3419.0,32.0,32.0,100.0,0.0,100.0,0.0,200.0,0.0,100.0,15031.0,100.0,68774635416.0,100.0,105249563586.0
2019-09-10,ZCH060TK,ST12000NM0007,12000138625024,0,82.0,147870024.0,90.0,0.0,100.0,8.0,100.0,0.0,88.0,670713308.0,82.0,16421.0,100.0,0.0,100.0,7.0,,,,,100.0,0.0,100.0,0.0,,,68.0,32.0,,,100.0,257.0,99.0,3421.0,32.0,32.0,100.0,0.0,100.0,0.0,200.0,0.0,100.0,15063.0,100.0,68826951296.0,100.0,105639344194.0
2019-09-11,ZCH060TK,ST12000NM0007,12000138625024,0,80.0,96066304.0,90.0,0.0,100.0,8.0,100.0,0.0,88.0,673819073.0,82.0,16437.0,100.0,0.0,100.0,7.0,,,,,100.0,0.0,100.0,0.0,,,68.0,32.0,,,100.0,257.0,99.0,3421.0,32.0,32.0,100.0,0.0,100.0,0.0,200.0,0.0,100.0,15079.0,100.0,68873681368.0,100.0,105784951034.0
2019-09-12,ZCH060TK,ST12000NM0007,12000138625024,0,75.0,34060168.0,90.0,0.0,100.0,8.0,100.0,0.0,88.0,676483109.0,82.0,16468.0,100.0,0.0,100.0,7.0,,,,,100.0,0.0,100.0,0.0,,,68.0,32.0,,,100.0,258.0,99.0,3423.0,32.0,32.0,100.0,0.0,100.0,0.0,200.0,0.0,100.0,15110.0,100.0,68913661384.0,100.0,106171246578.0
2019-09-13,ZCH060TK,ST12000NM0007,12000138625024,0,84.0,224270712.0,90.0,0.0,100.0,8.0,100.0,0.0,88.0,677599336.0,82.0,16484.0,100.0,0.0,100.0,7.0,,,,,100.0,0.0,100.0,0.0,,,69.0,31.0,,,100.0,258.0,99.0,3423.0,31.0,31.0,100.0,0.0,100.0,0.0,200.0,0.0,100.0,15126.0,100.0,68932375104.0,100.0,106342743402.0
2019-09-14,ZCH060TK,ST12000NM0007,12000138625024,0,80.0,103016600.0,90.0,0.0,100.0,8.0,100.0,0.0,88.0,680112082.0,82.0,16516.0,100.0,0.0,100.0,7.0,,,,,100.0,0.0,100.0,0.0,,,67.0,33.0,,,100.0,260.0,99.0,3425.0,33.0,33.0,100.0,0.0,100.0,0.0,200.0,0.0,100.0,15158.0,100.0,68989350152.0,100.0,106652795746.0
2019-09-15,ZCH060TK,ST12000NM0007,12000138625024,0,79.0,80172944.0,90.0,0.0,100.0,8.0,100.0,0.0,88.0,681425535.0,82.0,16532.0,100.0,0.0,100.0,7.0,,,,,100.0,0.0,100.0,0.0,,,68.0,32.0,,,100.0,260.0,99.0,3425.0,32.0,32.0,100.0,0.0,100.0,0.0,200.0,0.0,100.0,15173.0,100.0,69019683296.0,100.0,106843759674.0
2019-09-16,ZCH060TK,ST12000NM0007,12000138625024,0,80.0,102487832.0,90.0,0.0,100.0,8.0,100.0,0.0,88.0,686057618.0,82.0,16564.0,100.0,0.0,100.0,7.0,,,,,100.0,0.0,100.0,0.0,,,67.0,33.0,,,100.0,260.0,99.0,3427.0,33.0,33.0,100.0,0.0,100.0,0.0,200.0,0.0,100.0,15205.0,100.0,69094703696.0,100.0,107279336298.0
2019-09-17,ZCH060TK,ST12000NM0007,12000138625024,0,77.0,52223512.0,90.0,0.0,100.0,8.0,100.0,0.0,88.0,687301642.0,82.0,16580.0,100.0,0.0,100.0,7.0,,,,,100.0,0.0,100.0,0.0,,,68.0,32.0,,,100.0,260.0,99.0,3427.0,32.0,32.0,100.0,0.0,100.0,0.0,200.0,0.0,100.0,15221.0,100.0,69119780616.0,100.0,107448135842.0
2019-09-18,ZCH060TK,ST12000NM0007,12000138625024,0,83.0,194277956.0,90.0,0.0,100.0,9.0,100.0,0.0,88.0,690993595.0,82.0,16612.0,100.0,0.0,100.0,8.0,,,,,100.0,0.0,100.0,0.0,,,68.0,32.0,,,100.0,261.0,99.0,3436.0,32.0,32.0,100.0,0.0,100.0,0.0,200.0,0.0,100.0,15252.0,100.0,69193070480.0,100.0,107761041054.0
2019-09-19,ZCH060TK,ST12000NM0007,12000138625024,0,83.0,195725608.0,90.0,0.0,100.0,9.0,100.0,0.0,88.0,692551157.0,82.0,16628.0,100.0,0.0,100.0,8.0,,,,,100.0,0.0,100.0,0.0,,,69.0,31.0,,,100.0,261.0,99.0,3436.0,31.0,31.0,100.0,0.0,100.0,0.0,200.0,0.0,100.0,15268.0,100.0,69222292144.0,100.0,107977407950.0
2019-09-20,ZCH060TK,ST12000NM0007,12000138625024,0,82.0,167721336.0,90.0,0.0,100.0,9.0,100.0,0.0,88.0,697112140.0,81.0,16659.0,100.0,0.0,100.0,8.0,,,,,100.0,0.0,100.0,0.0,,,67.0,33.0,,,100.0,262.0,99.0,3437.0,33.0,33.0,100.0,0.0,100.0,0.0,200.0,0.0,100.0,15300.0,100.0,69290130704.0,100.0,108369846542.0
2019-09-21,ZCH060TK,ST12000NM0007,12000138625024,0,81.0,114336992.0,90.0,0.0,100.0,9.0,100.0,0.0,88.0,699819486.0,81.0,16691.0,100.0,0.0,100.0,8.0,,,,,100.0,0.0,100.0,0.0,,,70.0,30.0,,,100.0,262.0,99.0,3439.0,30.0,30.0,100.0,0.0,100.0,0.0,200.0,0.0,100.0,15332.0,100.0,69343419728.0,100.0,108751455054.0
2019-09-22,ZCH060TK,ST12000NM0007,12000138625024,0,79.0,88071648.0,90.0,0.0,100.0,9.0,100.0,0.0,88.0,701970059.0,81.0,16707.0,100.0,0.0,100.0,8.0,,,,,100.0,0.0,100.0,0.0,,,68.0,32.0,,,100.0,262.0,99.0,3440.0,32.0,32.0,100.0,0.0,100.0,0.0,200.0,0.0,100.0,15348.0,100.0,69386512400.0,100.0,108926237678.0
2019-09-23,ZCH060TK,ST12000NM0007,12000138625024,0,77.0,52192608.0,90.0,0.0,100.0,9.0,100.0,0.0,88.0,705869684.0,81.0,16739.0,100.0,0.0,100.0,8.0,,,,,100.0,0.0,100.0,0.0,,,69.0,31.0,,,100.0,262.0,99.0,3441.0,31.0,31.0,100.0,0.0,100.0,0.0,200.0,0.0,100.0,15379.0,100.0,69455971000.0,100.0,109309181470.0
2019-09-24,ZCH060TK,ST12000NM0007,12000138625024,0,74.0,27599872.0,90.0,0.0,100.0,9.0,100.0,0.0,88.0,707360609.0,81.0,16755.0,100.0,0.0,100.0,8.0,,,,,100.0,0.0,100.0,0.0,,,69.0,31.0,,,100.0,262.0,99.0,3441.0,31.0,31.0,100.0,0.0,100.0,0.0,200.0,0.0,100.0,15395.0,100.0,69491311552.0,100.0,109493388846.0
2019-09-25,ZCH060TK,ST12000NM0007,12000138625024,0,100.0,1304472.0,90.0,0.0,100.0,9.0,100.0,0.0,89.0,710541857.0,81.0,16771.0,100.0,0.0,100.0,8.0,,,,,100.0,0.0,100.0,0.0,,,70.0,30.0,,,100.0,262.0,99.0,3442.0,30.0,30.0,100.0,0.0,100.0,0.0,200.0,0.0,100.0,15411.0,100.0,69549865008.0,100.0,109652680686.0
2019-09-26,ZCH060TK,ST12000NM0007,12000138625024,0,83.0,211271176.0,90.0,0.0,100.0,9.0,100.0,0.0,89.0,713935055.0,81.0,16802.0,100.0,0.0,100.0,8.0,,,,,100.0,0.0,100.0,0.0,,,68.0,32.0,,,100.0,263.0,99.0,3444.0,32.0,32.0,100.0,0.0,100.0,0.0,200.0,0.0,100.0,15442.0,100.0,69629110488.0,100.0,110027542694.0
2019-09-27,ZCH060TK,ST12000NM0007,12000138625024,0,82.0,175676768.0,90.0,0.0,100.0,9.0,100.0,0.0,89.0,715284936.0,81.0,16818.0,100.0,0.0,100.0,8.0,,,,,100.0,0.0,100.0,0.0,,,69.0,31.0,,,100.0,263.0,99.0,3445.0,31.0,31.0,100.0,0.0,100.0,0.0,200.0,0.0,100.0,15458.0,100.0,69672254976.0,100.0,110192944478.0
2019-09-28,ZCH060TK,ST12000NM0007,12000138625024,0,79.0,88808536.0,90.0,0.0,100.0,10.0,100.0,0.0,89.0,718186341.0,81.0,16850.0,100.0,0.0,100.0,9.0,,,,,100.0,0.0,100.0,0.0,,,68.0,32.0,,,100.0,264.0,99.0,3448.0,32.0,32.0,100.0,0.0,100.0,0.0,200.0,0.0,100.0,15490.0,100.0,69757278328.0,100.0,110509334282.0
2019-09-29,ZCH060TK,ST12000NM0007,12000138625024,0,76.0,42265840.0,90.0,0.0,100.0,10.0,100.0,0.0,89.0,719461360.0,81.0,16866.0,100.0,0.0,100.0,9.0,,,,,100.0,0.0,100.0,0.0,,,70.0,30.0,,,100.0,264.0,99.0,3448.0,30.0,30.0,100.0,0.0,100.0,0.0,200.0,0.0,100.0,15506.0,100.0,69782153216.0,100.0,110682057522.0
2019-09-30,ZCH060TK,ST12000NM0007,12000138625024,0,79.0,85925784.0,90.0,0.0,100.0,10.0,100.0,0.0,89.0,724458008.0,81.0,16898.0,100.0,0.0,100.0,9.0,,,,,100.0,0.0,100.0,0.0,,,68.0,32.0,,,100.0,264.0,99.0,3450.0,32.0,32.0,100.0,0.0,100.0,0.0,200.0,0.0,100.0,15537.0,100.0,69859683984.0,100.0,111136468362.0
2019-10-01,ZCH060TK,ST12000NM0007,12000138625024,0,78.0,56478592.0,90.0,0.0,100.0,10.0,100.0,0.0,89.0,725962711.0,81.0,16914.0,100.0,0.0,100.0,9.0,,,,,100.0,0.0,100.0,0.0,,,70.0,30.0,,,100.0,264.0,99.0,3450.0,30.0,30.0,100.0,0.0,100.0,0.0,200.0,0.0,100.0,15553.0,100.0,69885994416.0,100.0,111324851546.0
2019-10-02,ZCH060TK,ST12000NM0007,12000138625024,0,83.0,220442528.0,90.0,0.0,100.0,10.0,100.0,0.0,89.0,731807347.0,81.0,16946.0,100.0,0.0,100.0,9.0,,,,,100.0,0.0,100.0,0.0,,,69.0,31.0,,,100.0,266.0,99.0,3452.0,31.0,31.0,100.0,0.0,100.0,0.0,200.0,0.0,100.0,15585.0,100.0,69989072432.0,100.0,111629878466.0
2019-10-03,ZCH060TK,ST12000NM0007,12000138625024,0,80.0,89806320.0,90.0,0.0,100.0,10.0,100.0,0.0,89.0,732897894.0,81.0,16962.0,100.0,0.0,100.0,9.0,,,,,100.0,0.0,100.0,0.0,,,71.0,29.0,,,100.0,266.0,99.0,3453.0,29.0,29.0,100.0,0.0,100.0,0.0,200.0,0.0,100.0,15600.0,100.0,70012369296.0,100.0,111720086194.0
2019-10-04,ZCH060TK,ST12000NM0007,12000138625024,0,77.0,49900592.0,90.0,0.0,100.0,10.0,100.0,0.0,89.0,734829824.0,81.0,16993.0,100.0,0.0,100.0,9.0,,,,,100.0,0.0,100.0,0.0,,,69.0,31.0,,,100.0,267.0,99.0,3454.0,31.0,31.0,100.0,0.0,100.0,0.0,200.0,0.0,100.0,15632.0,100.0,70071589720.0,100.0,111865100866.0
2019-10-05,ZCH060TK,ST12000NM0007,12000138625024,0,83.0,184140200.0,90.0,0.0,100.0,10.0,100.0,0.0,89.0,736108505.0,81.0,17009.0,100.0,0.0,100.0,9.0,,,,,100.0,0.0,100.0,0.0,,,70.0,30.0,,,100.0,268.0,99.0,3455.0,30.0,30.0,100.0,0.0,100.0,0.0,200.0,0.0,100.0,15648.0,100.0,70102770456.0,100.0,111968159738.0
2019-10-06,ZCH060TK,ST12000NM0007,12000138625024,0,84.0,235920728.0,90.0,0.0,100.0,10.0,100.0,0.0,89.0,739507820.0,81.0,17041.0,100.0,0.0,100.0,9.0,,,,,100.0,0.0,100.0,0.0,,,68.0,32.0,,,100.0,269.0,99.0,3456.0,32.0,32.0,100.0,0.0,100.0,0.0,200.0,0.0,100.0,15679.0,100.0,70192742296.0,100.0,112174109298.0
2019-10-07,ZCH060TK,ST12000NM0007,12000138625024,0,81.0,139888568.0,90.0,0.0,100.0,10.0,100.0,0.0,89.0,742140619.0,81.0,17057.0,100.0,0.0,100.0,9.0,,,,,100.0,0.0,100.0,0.0,,,70.0,30.0,,,100.0,269.0,99.0,3457.0,30.0,30.0,100.0,0.0,100.0,0.0,200.0,0.0,100.0,15695.0,100.0,70238276200.0,100.0,112276683978.0
2019-10-08,ZCH060TK,ST12000NM0007,12000138625024,0,81.0,139095368.0,90.0,0.0,100.0,10.0,100.0,0.0,89.0,744959237.0,81.0,17089.0,100.0,0.0,100.0,9.0,,,,,100.0,0.0,100.0,0.0,,,68.0,32.0,,,100.0,270.0,99.0,3458.0,32.0,32.0,100.0,0.0,100.0,0.0,200.0,0.0,100.0,15727.0,100.0,70327180208.0,100.0,112431127994.0
2019-10-09,ZCH060TK,ST12000NM0007,12000138625024,0,80.0,93692688.0,90.0,0.0,100.0,10.0,100.0,0.0,89.0,748376785.0,81.0,17105.0,100.0,0.0,100.0,9.0,,,,,100.0,0.0,100.0,0.0,,,70.0,30.0,,,100.0,270.0,99.0,3459.0,30.0,30.0,100.0,0.0,100.0,0.0,200.0,0.0,100.0,15743.0,100.0,70401942128.0,100.0,112555104050.0
2019-10-10,ZCH060TK,ST12000NM0007,12000138625024,0,78.0,70776800.0,90.0,0.0,100.0,10.0,100.0,0.0,89.0,750970778.0,81.0,17137.0,100.0,0.0,100.0,9.0,,,,,100.0,0.0,100.0,0.0,,,69.0,31.0,,,100.0,271.0,99.0,3461.0,31.0,31.0,100.0,0.0,100.0,0.0,200.0,0.0,100.0,15774.0,100.0,70485346552.0,100.0,112692924394.0
2019-10-11,ZCH060TK,ST12000NM0007,12000138625024,0,83.0,189216712.0,90.0,0.0,100.0,10.0,100.0,0.0,89.0,752193014.0,81.0,17152.0,100.0,0.0,100.0,9.0,,,,,100.0,0.0,100.0,0.0,,,70.0,30.0,,,100.0,271.0,99.0,3461.0,30.0,30.0,100.0,0.0,100.0,0.0,200.0,0.0,100.0,15790.0,100.0,70522229008.0,100.0,112774481850.0
2019-10-12,ZCH060TK,ST12000NM0007,12000138625024,0,82.0,146233272.0,90.0,0.0,100.0,10.0,100.0,0.0,89.0,754538773.0,81.0,17184.0,100.0,0.0,100.0,9.0,,,,,100.0,0.0,100.0,0.0,,,70.0,30.0,,,100.0,272.0,99.0,3463.0,30.0,30.0,100.0,0.0,100.0,0.0,200.0,0.0,100.0,15822.0,100.0,70603995480.0,100.0,112893873090.0
2019-10-13,ZCH060TK,ST12000NM0007,12000138625024,0,83.0,218168216.0,90.0,0.0,100.0,10.0,100.0,0.0,89.0,759279677.0,81.0,17216.0,100.0,0.0,100.0,9.0,,,,,100.0,0.0,100.0,0.0,,,70.0,30.0,,,100.0,273.0,99.0,3464.0,30.0,30.0,100.0,0.0,100.0,0.0,200.0,0.0,100.0,15853.0,100.0,70697342096.0,100.0,113116602090.0
2019-10-14,ZCH060TK,ST12000NM0007,12000138625024,0,79.0,76893304.0,90.0,0.0,100.0,10.0,100.0,0.0,89.0,761831624.0,81.0,17232.0,100.0,0.0,100.0,9.0,,,,,100.0,0.0,100.0,0.0,,,69.0,31.0,,,100.0,273.0,99.0,3464.0,31.0,31.0,100.0,0.0,100.0,0.0,200.0,0.0,100.0,15869.0,100.0,70719234536.0,100.0,113197575458.0
2019-10-15,ZCH060TK,ST12000NM0007,12000138625024,0,83.0,218205840.0,90.0,0.0,100.0,10.0,100.0,0.0,89.0,767549446.0,81.0,17280.0,100.0,0.0,100.0,9.0,,,,,100.0,0.0,100.0,0.0,,,69.0,31.0,,,100.0,273.0,99.0,3466.0,31.0,31.0,100.0,0.0,100.0,0.0,200.0,0.0,100.0,15917.0,100.0,70865329712.0,100.0,113436933458.0
2019-10-16,ZCH060TK,ST12000NM0007,12000138625024,0,83.0,218205840.0,90.0,0.0,100.0,10.0,100.0,0.0,89.0,767549446.0,81.0,17280.0,100.0,0.0,100.0,9.0,,,,,100.0,0.0,100.0,0.0,,,69.0,31.0,,,100.0,273.0,99.0,3466.0,31.0,31.0,100.0,0.0,100.0,0.0,200.0,0.0,100.0,15917.0,100.0,70865329712.0,100.0,113436933458.0
2019-10-17,ZCH060TK,ST12000NM0007,12000138625024,0,71.0,13264824.0,90.0,0.0,100.0,10.0,100.0,0.0,89.0,770422778.0,81.0,17312.0,100.0,0.0,100.0,9.0,,,,,100.0,0.0,100.0,0.0,,,68.0,32.0,,,100.0,273.0,99.0,3469.0,32.0,32.0,100.0,0.0,100.0,0.0,200.0,0.0,100.0,15948.0,100.0,70949326696.0,100.0,113636276932.0
2019-10-18,ZCH060TK,ST12000NM0007,12000138625024,0,82.0,156070128.0,90.0,0.0,100.0,10.0,100.0,0.0,89.0,772351296.0,81.0,17327.0,100.0,0.0,100.0,9.0,,,,,100.0,0.0,100.0,0.0,,,68.0,32.0,,,100.0,273.0,99.0,3469.0,32.0,32.0,100.0,0.0,100.0,0.0,200.0,0.0,100.0,15964.0,100.0,70995799224.0,100.0,113732609708.0
2019-10-19,ZCH060TK,ST12000NM0007,12000138625024,0,82.0,141768736.0,90.0,0.0,100.0,10.0,100.0,0.0,89.0,773872879.0,81.0,17343.0,100.0,0.0,100.0,9.0,,,,,100.0,0.0,100.0,0.0,,,70.0,30.0,,,100.0,273.0,99.0,3470.0,30.0,30.0,100.0,0.0,100.0,0.0,200.0,0.0,100.0,15980.0,100.0,71022036120.0,100.0,113936212292.0
2019-10-20,ZCH060TK,ST12000NM0007,12000138625024,0,82.0,151166616.0,90.0,0.0,100.0,10.0,100.0,0.0,89.0,777758336.0,81.0,17375.0,100.0,0.0,100.0,9.0,,,,,100.0,0.0,100.0,0.0,,,69.0,31.0,,,100.0,273.0,99.0,3472.0,31.0,31.0,100.0,0.0,100.0,0.0,200.0,0.0,100.0,16011.0,100.0,71113524216.0,100.0,114342403580.0
2019-10-21,ZCH060TK,ST12000NM0007,12000138625024,0,81.0,139315312.0,90.0,0.0,100.0,10.0,100.0,0.0,89.0,781374369.0,81.0,17391.0,100.0,0.0,100.0,9.0,,,,,100.0,0.0,100.0,0.0,,,71.0,29.0,,,100.0,273.0,99.0,3472.0,29.0,29.0,100.0,0.0,100.0,0.0,200.0,0.0,100.0,16027.0,100.0,71171539888.0,100.0,114516677268.0
2019-10-22,ZCH060TK,ST12000NM0007,12000138625024,0,81.0,123818616.0,90.0,0.0,100.0,10.0,100.0,0.0,89.0,784835447.0,81.0,17423.0,100.0,0.0,100.0,9.0,,,,,100.0,0.0,100.0,0.0,,,69.0,31.0,,,100.0,273.0,99.0,3474.0,31.0,31.0,100.0,0.0,100.0,0.0,200.0,0.0,100.0,16058.0,100.0,71259475920.0,100.0,114901526220.0
2019-10-23,ZCH060TK,ST12000NM0007,12000138625024,0,83.0,190218544.0,90.0,0.0,100.0,10.0,100.0,0.0,89.0,789567430.0,81.0,17454.0,100.0,0.0,100.0,9.0,,,,,100.0,0.0,100.0,0.0,,,70.0,30.0,,,100.0,273.0,99.0,3476.0,30.0,30.0,100.0,0.0,100.0,0.0,200.0,0.0,100.0,16089.0,100.0,71343839504.0,100.0,115127703348.0
2019-10-24,ZCH060TK,ST12000NM0007,12000138625024,0,77.0,47399928.0,90.0,0.0,100.0,10.0,100.0,0.0,89.0,790934207.0,81.0,17470.0,100.0,0.0,100.0,9.0,,,,,100.0,0.0,100.0,0.0,,,70.0,30.0,,,100.0,273.0,99.0,3476.0,30.0,30.0,100.0,0.0,100.0,0.0,200.0,0.0,100.0,16105.0,100.0,71389072400.0,100.0,115183792492.0
2019-10-25,ZCH060TK,ST12000NM0007,12000138625024,0,78.0,68328880.0,90.0,0.0,100.0,10.0,100.0,0.0,89.0,793999699.0,81.0,17502.0,100.0,0.0,100.0,9.0,,,,,100.0,0.0,100.0,0.0,,,70.0,30.0,,,100.0,275.0,99.0,3478.0,30.0,30.0,100.0,0.0,100.0,0.0,200.0,0.0,100.0,16137.0,100.0,71508324264.0,100.0,115329610220.0
2019-10-26,ZCH060TK,ST12000NM0007,12000138625024,0,83.0,182435840.0,90.0,0.0,100.0,10.0,100.0,0.0,89.0,795207421.0,81.0,17518.0,100.0,0.0,100.0,9.0,,,,,100.0,0.0,100.0,0.0,,,70.0,30.0,,,100.0,275.0,99.0,3478.0,30.0,30.0,100.0,0.0,100.0,0.0,200.0,0.0,100.0,16153.0,100.0,71544062176.0,100.0,115407979268.0
2019-10-27,ZCH060TK,ST12000NM0007,12000138625024,0,83.0,209858360.0,90.0,0.0,100.0,10.0,100.0,0.0,89.0,799517624.0,80.0,17550.0,100.0,0.0,100.0,9.0,,,,,100.0,0.0,100.0,0.0,,,70.0,30.0,,,100.0,276.0,99.0,3480.0,30.0,30.0,100.0,0.0,100.0,0.0,200.0,0.0,100.0,16184.0,100.0,71619335888.0,100.0,115604268772.0
2019-10-28,ZCH060TK,ST12000NM0007,12000138625024,0,78.0,63186640.0,90.0,0.0,100.0,10.0,100.0,0.0,89.0,800583190.0,80.0,17566.0,100.0,0.0,100.0,9.0,,,,,100.0,0.0,100.0,0.0,,,70.0,30.0,,,100.0,276.0,99.0,3480.0,30.0,30.0,100.0,0.0,100.0,0.0,200.0,0.0,100.0,16199.0,100.0,71650198784.0,100.0,115670875852.0
2019-10-29,ZCH060TK,ST12000NM0007,12000138625024,0,77.0,49450888.0,90.0,0.0,100.0,10.0,100.0,0.0,89.0,803141117.0,80.0,17597.0,100.0,0.0,100.0,9.0,,,,,100.0,0.0,100.0,0.0,,,70.0,30.0,,,100.0,276.0,99.0,3482.0,30.0,30.0,100.0,0.0,100.0,0.0,200.0,0.0,100.0,16231.0,100.0,71720044688.0,100.0,115831435268.0
2019-10-30,ZCH060TK,ST12000NM0007,12000138625024,0,83.0,222937688.0,90.0,0.0,100.0,10.0,100.0,0.0,89.0,806227088.0,80.0,17613.0,100.0,0.0,100.0,9.0,,,,,100.0,0.0,100.0,0.0,,,71.0,29.0,,,100.0,276.0,99.0,3482.0,29.0,29.0,100.0,0.0,100.0,0.0,200.0,0.0,100.0,16247.0,100.0,71771438128.0,100.0,115953528628.0
2019-10-31,ZCH060TK,ST12000NM0007,12000138625024,0,81.0,121294224.0,90.0,0.0,100.0,10.0,100.0,0.0,89.0,807751156.0,80.0,17629.0,100.0,0.0,100.0,9.0,,,,,100.0,0.0,100.0,0.0,,,71.0,29.0,,,100.0,277.0,99.0,3483.0,29.0,29.0,100.0,0.0,100.0,0.0,200.0,0.0,100.0,16263.0,100.0,71817424488.0,100.0,116050039532.0
2019-11-01,ZCH060TK,ST12000NM0007,12000138625024,0,79.0,82564632.0,90.0,0.0,100.0,10.0,100.0,0.0,89.0,810963178.0,80.0,17661.0,100.0,0.0,100.0,9.0,,,,,100.0,0.0,100.0,0.0,,,71.0,29.0,,,100.0,277.0,99.0,3485.0,29.0,29.0,100.0,0.0,100.0,0.0,200.0,0.0,100.0,16294.0,100.0,71910043664.0,100.0,116406972460.0
2019-11-02,ZCH060TK,ST12000NM0007,12000138625024,0,79.0,88629392.0,90.0,0.0,100.0,10.0,100.0,0.0,89.0,813380994.0,80.0,17677.0,100.0,0.0,100.0,9.0,,,,,100.0,0.0,100.0,0.0,,,70.0,30.0,,,100.0,277.0,99.0,3485.0,30.0,30.0,100.0,0.0,100.0,0.0,200.0,0.0,100.0,16309.0,100.0,71960455680.0,100.0,116606765988.0
2019-11-03,ZCH060TK,ST12000NM0007,12000138625024,0,81.0,113800296.0,90.0,0.0,100.0,10.0,100.0,0.0,89.0,818363449.0,80.0,17708.0,100.0,0.0,100.0,9.0,,,,,100.0,0.0,100.0,0.0,,,69.0,31.0,,,100.0,278.0,99.0,3486.0,31.0,31.0,100.0,0.0,100.0,0.0,200.0,0.0,100.0,16341.0,100.0,72035680528.0,100.0,117289134084.0
2019-11-04,ZCH060TK,ST12000NM0007,12000138625024,0,81.0,121144840.0,90.0,0.0,100.0,10.0,100.0,0.0,89.0,828660955.0,80.0,17740.0,100.0,0.0,100.0,9.0,,,,,100.0,0.0,100.0,0.0,,,68.0,32.0,,,100.0,279.0,99.0,3488.0,32.0,32.0,100.0,0.0,100.0,0.0,200.0,0.0,100.0,16372.0,100.0,72037677536.0,100.0,119003467052.0
2019-11-05,ZCH060TK,ST12000NM0007,12000138625024,0,77.0,45066728.0,90.0,0.0,100.0,10.0,100.0,0.0,89.0,834079079.0,80.0,17756.0,100.0,0.0,100.0,9.0,,,,,100.0,0.0,100.0,0.0,,,68.0,32.0,,,100.0,279.0,99.0,3488.0,32.0,32.0,100.0,0.0,100.0,0.0,200.0,0.0,100.0,16388.0,100.0,72038328024.0,100.0,119659161044.0
2019-11-06,ZCH060TK,ST12000NM0007,12000138625024,0,77.0,45321640.0,90.0,0.0,100.0,10.0,100.0,0.0,89.0,844609738.0,80.0,17788.0,100.0,0.0,100.0,9.0,,,,,100.0,0.0,100.0,0.0,,,67.0,33.0,,,100.0,280.0,99.0,3490.0,33.0,33.0,100.0,0.0,100.0,0.0,200.0,0.0,100.0,16419.0,100.0,72039902968.0,100.0,120878544580.0
2019-11-07,ZCH060TK,ST12000NM0007,12000138625024,0,80.0,99559064.0,90.0,0.0,100.0,10.0,100.0,0.0,89.0,848401132.0,80.0,17804.0,100.0,0.0,100.0,9.0,,,,,100.0,0.0,100.0,0.0,,,68.0,32.0,,,100.0,280.0,99.0,3490.0,32.0,32.0,100.0,0.0,100.0,0.0,200.0,0.0,100.0,16435.0,100.0,72055709184.0,100.0,121405257476.0
2019-11-08,ZCH060TK,ST12000NM0007,12000138625024,0,83.0,180159720.0,90.0,0.0,100.0,10.0,100.0,0.0,89.0,859230060.0,80.0,17835.0,100.0,0.0,100.0,9.0,,,,,100.0,0.0,100.0,0.0,,,68.0,32.0,,,100.0,281.0,99.0,3492.0,32.0,32.0,100.0,0.0,100.0,0.0,200.0,0.0,100.0,16467.0,100.0,72057578024.0,100.0,123681256260.0
2019-11-09,ZCH060TK,ST12000NM0007,12000138625024,0,80.0,107717968.0,90.0,0.0,100.0,10.0,100.0,0.0,89.0,864201407.0,80.0,17851.0,100.0,0.0,100.0,9.0,,,,,100.0,0.0,100.0,0.0,,,68.0,32.0,,,100.0,281.0,99.0,3492.0,32.0,32.0,100.0,0.0,100.0,0.0,200.0,0.0,100.0,16483.0,100.0,72058814128.0,100.0,124828281772.0
2019-11-10,ZCH060TK,ST12000NM0007,12000138625024,0,81.0,127403024.0,90.0,0.0,100.0,10.0,100.0,0.0,89.0,873509141.0,80.0,17883.0,100.0,0.0,100.0,9.0,,,,,100.0,0.0,100.0,0.0,,,68.0,32.0,,,100.0,282.0,99.0,3494.0,32.0,32.0,100.0,0.0,100.0,0.0,200.0,0.0,100.0,16514.0,100.0,72060540168.0,100.0,127043507988.0
2019-11-11,ZCH060TK,ST12000NM0007,12000138625024,0,84.0,234783800.0,90.0,0.0,100.0,10.0,100.0,0.0,89.0,878225832.0,80.0,17899.0,100.0,0.0,100.0,9.0,,,,,100.0,0.0,100.0,0.0,,,68.0,32.0,,,100.0,282.0,99.0,3494.0,32.0,32.0,100.0,0.0,100.0,0.0,200.0,0.0,100.0,16530.0,100.0,72060936520.0,100.0,128127055700.0
2019-11-12,ZCH060TK,ST12000NM0007,12000138625024,0,83.0,200010136.0,90.0,0.0,100.0,10.0,100.0,0.0,89.0,888303289.0,80.0,17930.0,100.0,0.0,100.0,9.0,,,,,100.0,0.0,100.0,0.0,,,67.0,33.0,,,100.0,282.0,99.0,3496.0,33.0,33.0,100.0,0.0,100.0,0.0,200.0,0.0,100.0,16562.0,100.0,72061094312.0,100.0,130045250308.0
2019-11-13,ZCH060TK,ST12000NM0007,12000138625024,0,81.0,126975096.0,90.0,0.0,100.0,10.0,100.0,0.0,90.0,893222848.0,80.0,17946.0,100.0,0.0,100.0,9.0,,,,,100.0,0.0,100.0,0.0,,,68.0,32.0,,,100.0,282.0,99.0,3496.0,32.0,32.0,100.0,0.0,100.0,0.0,200.0,0.0,100.0,16577.0,100.0,72061186512.0,100.0,130948686188.0
2019-11-14,ZCH060TK,ST12000NM0007,12000138625024,0,83.0,216350128.0,90.0,0.0,100.0,10.0,100.0,0.0,90.0,903280549.0,80.0,17978.0,100.0,0.0,100.0,9.0,,,,,100.0,0.0,100.0,0.0,,,68.0,32.0,,,100.0,282.0,99.0,3498.0,32.0,32.0,100.0,0.0,100.0,0.0,200.0,0.0,100.0,16609.0,100.0,72061464232.0,100.0,132746768436.0
2019-11-15,ZCH060TK,ST12000NM0007,12000138625024,0,79.0,82892880.0,90.0,0.0,100.0,10.0,100.0,0.0,90.0,908189125.0,80.0,17994.0,100.0,0.0,100.0,9.0,,,,,100.0,0.0,100.0,0.0,,,69.0,31.0,,,100.0,283.0,99.0,3499.0,31.0,31.0,100.0,0.0,100.0,0.0,200.0,0.0,100.0,16625.0,100.0,72061871560.0,100.0,133589466940.0
2019-11-16,ZCH060TK,ST12000NM0007,12000138625024,0,83.0,192192688.0,90.0,0.0,100.0,10.0,100.0,0.0,90.0,918078116.0,80.0,18025.0,100.0,0.0,100.0,9.0,,,,,100.0,0.0,100.0,0.0,,,67.0,33.0,,,100.0,283.0,99.0,3500.0,33.0,33.0,100.0,0.0,100.0,0.0,200.0,0.0,100.0,16656.0,100.0,72062221728.0,100.0,135163261076.0
2019-11-17,ZCH060TK,ST12000NM0007,12000138625024,0,71.0,13920776.0,90.0,0.0,100.0,10.0,100.0,0.0,90.0,923311309.0,80.0,18041.0,100.0,0.0,100.0,9.0,,,,,100.0,0.0,100.0,0.0,,,68.0,32.0,,,100.0,284.0,99.0,3501.0,32.0,32.0,100.0,0.0,100.0,0.0,200.0,0.0,100.0,16672.0,100.0,72062327960.0,100.0,135961445644.0
2019-11-18,ZCH060TK,ST12000NM0007,12000138625024,0,84.0,224124720.0,90.0,0.0,100.0,10.0,100.0,0.0,90.0,934745183.0,80.0,18073.0,100.0,0.0,100.0,9.0,,,,,100.0,0.0,100.0,0.0,,,67.0,33.0,,,100.0,284.0,99.0,3502.0,33.0,33.0,100.0,0.0,100.0,0.0,200.0,0.0,100.0,16703.0,100.0,72062686872.0,100.0,137636134740.0
2019-11-19,ZCH060TK,ST12000NM0007,12000138625024,0,73.0,19154344.0,90.0,0.0,100.0,10.0,100.0,0.0,90.0,940386509.0,80.0,18089.0,100.0,0.0,100.0,9.0,,,,,100.0,0.0,100.0,0.0,,,68.0,32.0,,,100.0,284.0,99.0,3503.0,32.0,32.0,100.0,0.0,100.0,0.0,200.0,0.0,100.0,16719.0,100.0,72063014712.0,100.0,138407399252.0
2019-11-20,ZCH060TK,ST12000NM0007,12000138625024,0,76.0,39158472.0,90.0,0.0,100.0,10.0,100.0,0.0,90.0,949627980.0,80.0,18121.0,100.0,0.0,100.0,9.0,,,,,100.0,0.0,100.0,0.0,,,68.0,32.0,,,100.0,284.0,99.0,3504.0,32.0,32.0,100.0,0.0,100.0,0.0,200.0,0.0,100.0,16750.0,100.0,72066181184.0,100.0,139889081716.0
2019-11-21,ZCH060TK,ST12000NM0007,12000138625024,0,69.0,7205592.0,90.0,0.0,100.0,10.0,100.0,0.0,90.0,954705348.0,80.0,18136.0,100.0,0.0,100.0,9.0,,,,,100.0,0.0,100.0,0.0,,,68.0,32.0,,,100.0,284.0,99.0,3505.0,32.0,32.0,100.0,0.0,100.0,0.0,200.0,0.0,100.0,16766.0,100.0,72069843528.0,100.0,140830029604.0
2019-11-22,ZCH060TK,ST12000NM0007,12000138625024,0,83.0,220447264.0,90.0,0.0,100.0,10.0,100.0,0.0,90.0,964383932.0,80.0,18168.0,100.0,0.0,100.0,9.0,,,,,100.0,0.0,100.0,0.0,,,68.0,32.0,,,100.0,284.0,99.0,3506.0,32.0,32.0,100.0,0.0,100.0,0.0,200.0,0.0,100.0,16798.0,100.0,72075819352.0,100.0,142257998860.0
2019-11-23,ZCH060TK,ST12000NM0007,12000138625024,0,77.0,51262080.0,90.0,0.0,100.0,10.0,100.0,0.0,90.0,970207657.0,80.0,18184.0,100.0,0.0,100.0,9.0,,,,,100.0,0.0,100.0,0.0,,,69.0,31.0,,,100.0,284.0,99.0,3507.0,31.0,31.0,100.0,0.0,100.0,0.0,200.0,0.0,100.0,16814.0,100.0,72075980040.0,100.0,143309356724.0
2019-11-24,ZCH060TK,ST12000NM0007,12000138625024,0,82.0,153586368.0,90.0,0.0,100.0,10.0,100.0,0.0,90.0,982641077.0,80.0,18216.0,100.0,0.0,100.0,9.0,,,,,100.0,0.0,100.0,0.0,,,67.0,33.0,,,100.0,284.0,99.0,3508.0,33.0,33.0,100.0,0.0,100.0,0.0,200.0,0.0,100.0,16845.0,100.0,72076054352.0,100.0,146341295748.0
2019-11-25,ZCH060TK,ST12000NM0007,12000138625024,0,79.0,86185744.0,90.0,0.0,100.0,10.0,100.0,0.0,90.0,988775981.0,80.0,18232.0,100.0,0.0,100.0,9.0,,,,,100.0,0.0,100.0,0.0,,,68.0,32.0,,,100.0,284.0,99.0,3509.0,32.0,32.0,100.0,0.0,100.0,0.0,200.0,0.0,100.0,16861.0,100.0,72076188376.0,100.0,147982746628.0
2019-11-26,ZCH060TK,ST12000NM0007,12000138625024,0,82.0,146273408.0,90.0,0.0,100.0,10.0,100.0,0.0,90.0,638069.0,80.0,18264.0,100.0,0.0,100.0,9.0,,,,,100.0,0.0,100.0,0.0,,,68.0,32.0,,,100.0,284.0,99.0,3510.0,32.0,32.0,100.0,0.0,100.0,0.0,200.0,0.0,100.0,16893.0,100.0,72076249328.0,100.0,150972462708.0
2019-11-27,ZCH060TK,ST12000NM0007,12000138625024,0,82.0,174899288.0,90.0,0.0,100.0,10.0,100.0,0.0,71.0,11843704.0,80.0,18295.0,100.0,0.0,100.0,9.0,,,,,100.0,0.0,100.0,0.0,,,66.0,34.0,,,100.0,284.0,99.0,3512.0,34.0,34.0,100.0,0.0,100.0,0.0,200.0,0.0,100.0,16924.0,100.0,72076385440.0,100.0,153198219404.0
2019-11-28,ZCH060TK,ST12000NM0007,12000138625024,0,80.0,108501152.0,90.0,0.0,100.0,10.0,100.0,0.0,73.0,17861712.0,80.0,18311.0,100.0,0.0,100.0,9.0,,,,,100.0,0.0,100.0,0.0,,,67.0,33.0,,,100.0,284.0,99.0,3512.0,33.0,33.0,100.0,0.0,100.0,0.0,200.0,0.0,100.0,16940.0,100.0,72076408648.0,100.0,154352501532.0
2019-11-29,ZCH060TK,ST12000NM0007,12000138625024,0,84.0,229479256.0,90.0,0.0,100.0,10.0,100.0,0.0,75.0,29667183.0,80.0,18343.0,100.0,0.0,100.0,9.0,,,,,100.0,0.0,100.0,0.0,,,62.0,38.0,,,100.0,285.0,99.0,3514.0,38.0,38.0,100.0,0.0,100.0,0.0,200.0,0.0,100.0,16971.0,100.0,72076456816.0,100.0,156426557652.0
2019-11-30,ZCH060TK,ST12000NM0007,12000138625024,0,83.0,210231960.0,90.0,0.0,100.0,10.0,100.0,0.0,76.0,35634968.0,80.0,18359.0,100.0,0.0,100.0,9.0,,,,,100.0,0.0,100.0,0.0,,,62.0,38.0,,,100.0,285.0,99.0,3514.0,38.0,38.0,100.0,0.0,100.0,0.0,200.0,0.0,100.0,16987.0,100.0,72076481600.0,100.0,157383848540.0
2019-12-01,ZCH060TK,ST12000NM0007,12000138625024,0,82.0,142699048.0,90.0,0.0,100.0,10.0,100.0,0.0,77.0,47276491.0,80.0,18391.0,100.0,0.0,100.0,9.0,,,,,100.0,0.0,100.0,0.0,,,67.0,33.0,,,100.0,285.0,99.0,3516.0,33.0,33.0,100.0,0.0,100.0,0.0,200.0,0.0,100.0,17019.0,100.0,72076529920.0,100.0,159269393052.0
2019-12-02,ZCH060TK,ST12000NM0007,12000138625024,0,79.0,88144976.0,90.0,0.0,100.0,10.0,100.0,0.0,77.0,52526498.0,79.0,18406.0,100.0,0.0,100.0,9.0,,,,,100.0,0.0,100.0,0.0,,,69.0,31.0,,,100.0,285.0,99.0,3516.0,31.0,31.0,100.0,0.0,100.0,0.0,200.0,0.0,100.0,17035.0,100.0,72077887424.0,100.0,159945904364.0
2019-12-03,ZCH060TK,ST12000NM0007,12000138625024,0,100.0,1006552.0,90.0,0.0,100.0,10.0,100.0,0.0,77.0,53282945.0,79.0,18438.0,100.0,0.0,100.0,9.0,,,,,100.0,0.0,100.0,0.0,,,70.0,30.0,,,100.0,287.0,99.0,3518.0,30.0,30.0,100.0,0.0,100.0,0.0,200.0,0.0,100.0,17066.0,100.0,72078434104.0,100.0,160102359908.0
2019-12-04,ZCH060TK,ST12000NM0007,12000138625024,0,80.0,101852648.0,90.0,0.0,100.0,10.0,100.0,0.0,77.0,55273119.0,79.0,18454.0,100.0,0.0,100.0,9.0,,,,,100.0,0.0,100.0,0.0,,,69.0,31.0,,,100.0,287.0,99.0,3518.0,31.0,31.0,100.0,0.0,100.0,0.0,200.0,0.0,100.0,17082.0,100.0,72078602552.0,100.0,160203037556.0
2019-12-05,ZCH060TK,ST12000NM0007,12000138625024,0,64.0,2489464.0,90.0,0.0,100.0,10.0,100.0,0.0,77.0,55996964.0,79.0,18485.0,100.0,0.0,100.0,9.0,,,,,100.0,0.0,100.0,0.0,,,69.0,31.0,,,100.0,289.0,99.0,3521.0,31.0,31.0,100.0,0.0,100.0,0.0,200.0,0.0,100.0,17113.0,100.0,72079151976.0,100.0,160347265700.0
2019-12-06,ZCH060TK,ST12000NM0007,12000138625024,0,80.0,103956552.0,90.0,0.0,100.0,10.0,100.0,0.0,78.0,56564712.0,79.0,18501.0,100.0,0.0,100.0,9.0,,,,,100.0,0.0,100.0,0.0,,,69.0,31.0,,,100.0,289.0,99.0,3521.0,31.0,31.0,100.0,0.0,100.0,0.0,200.0,0.0,100.0,17129.0,100.0,72079426496.0,100.0,160448458268.0
2019-12-07,ZCH060TK,ST12000NM0007,-1,0,,,,,,,,,,,,,,,,,,,,,,,,,,,,,,,,,,,,,,,,,,,,,,,,
2019-12-08,ZCH060TK,ST12000NM0007,12000138625024,0,82.0,158182496.0,90.0,0.0,100.0,12.0,100.0,0.0,78.0,59029208.0,79.0,18553.0,100.0,0.0,100.0,11.0,,,,,100.0,0.0,100.0,0.0,,,68.0,32.0,,,100.0,290.0,99.0,3533.0,32.0,32.0,100.0,0.0,100.0,0.0,200.0,0.0,100.0,17180.0,100.0,72080310464.0,100.0,160745940880.0
2019-12-09,ZCH060TK,ST12000NM0007,12000138625024,0,84.0,236697456.0,90.0,0.0,100.0,12.0,100.0,0.0,78.0,59921470.0,79.0,18569.0,100.0,0.0,100.0,11.0,,,,,100.0,0.0,100.0,0.0,,,68.0,32.0,,,100.0,290.0,99.0,3533.0,32.0,32.0,100.0,0.0,100.0,0.0,200.0,0.0,100.0,17195.0,100.0,72080610488.0,100.0,160824155816.0
2019-12-10,ZCH060TK,ST12000NM0007,12000138625024,0,80.0,91978424.0,90.0,0.0,100.0,12.0,100.0,0.0,78.0,60543995.0,79.0,18601.0,100.0,0.0,100.0,11.0,,,,,100.0,0.0,100.0,0.0,,,72.0,28.0,,,100.0,292.0,99.0,3535.0,28.0,28.0,100.0,0.0,100.0,0.0,200.0,0.0,100.0,17227.0,100.0,72081152552.0,100.0,160923035400.0
2019-12-11,ZCH060TK,ST12000NM0007,12000138625024,0,83.0,194959360.0,90.0,0.0,100.0,12.0,100.0,0.0,78.0,62606577.0,79.0,18617.0,100.0,0.0,100.0,11.0,,,,,100.0,0.0,100.0,0.0,,,71.0,29.0,,,100.0,292.0,99.0,3535.0,29.0,29.0,100.0,0.0,100.0,0.0,200.0,0.0,100.0,17243.0,100.0,72081319304.0,100.0,161025849584.0
2019-12-12,ZCH060TK,ST12000NM0007,12000138625024,0,81.0,114123600.0,90.0,0.0,100.0,12.0,100.0,0.0,78.0,63388471.0,79.0,18648.0,100.0,0.0,100.0,11.0,,,,,100.0,0.0,100.0,0.0,,,72.0,28.0,,,100.0,294.0,99.0,3537.0,28.0,28.0,100.0,0.0,100.0,0.0,200.0,0.0,100.0,17274.0,100.0,72081873168.0,100.0,161188600648.0
2019-12-13,ZCH060TK,ST12000NM0007,12000138625024,0,82.0,169973280.0,90.0,0.0,100.0,12.0,100.0,0.0,78.0,63678845.0,79.0,18664.0,100.0,0.0,100.0,11.0,,,,,100.0,0.0,100.0,0.0,,,71.0,29.0,,,100.0,294.0,99.0,3537.0,29.0,29.0,100.0,0.0,100.0,0.0,200.0,0.0,100.0,17290.0,100.0,72082145688.0,100.0,161244177808.0
2019-12-14,ZCH060TK,ST12000NM0007,12000138625024,0,79.0,84203032.0,90.0,0.0,100.0,12.0,100.0,0.0,78.0,64468822.0,79.0,18696.0,100.0,0.0,100.0,11.0,,,,,100.0,0.0,100.0,0.0,,,71.0,29.0,,,100.0,296.0,99.0,3539.0,29.0,29.0,100.0,0.0,100.0,0.0,200.0,0.0,100.0,17322.0,100.0,72082694984.0,100.0,161401999032.0
2019-12-15,ZCH060TK,ST12000NM0007,12000138625024,0,82.0,170395408.0,90.0,0.0,100.0,12.0,100.0,0.0,78.0,64846151.0,79.0,18712.0,100.0,0.0,100.0,11.0,,,,,100.0,0.0,100.0,0.0,,,71.0,29.0,,,100.0,296.0,99.0,3539.0,29.0,29.0,100.0,0.0,100.0,0.0,200.0,0.0,100.0,17338.0,100.0,72082971184.0,100.0,161487915208.0
2019-12-16,ZCH060TK,ST12000NM0007,12000138625024,0,82.0,162593904.0,90.0,0.0,100.0,12.0,100.0,0.0,78.0,67476184.0,79.0,18744.0,100.0,0.0,100.0,11.0,,,,,100.0,0.0,100.0,0.0,,,72.0,28.0,,,100.0,297.0,99.0,3540.0,28.0,28.0,100.0,0.0,100.0,0.0,200.0,0.0,100.0,17370.0,100.0,72084050168.0,100.0,161723175352.0
2019-12-17,ZCH060TK,ST12000NM0007,12000138625024,0,66.0,4170056.0,90.0,0.0,100.0,12.0,100.0,0.0,78.0,67890272.0,79.0,18760.0,100.0,0.0,100.0,11.0,,,,,100.0,0.0,100.0,0.0,,,71.0,29.0,,,100.0,298.0,99.0,3541.0,29.0,29.0,100.0,0.0,100.0,0.0,200.0,0.0,100.0,17385.0,100.0,72084313584.0,100.0,161808628904.0
2019-12-18,ZCH060TK,ST12000NM0007,12000138625024,0,83.0,178474648.0,90.0,0.0,100.0,12.0,100.0,0.0,78.0,70298079.0,79.0,18791.0,100.0,0.0,100.0,11.0,,,,,100.0,0.0,100.0,0.0,,,71.0,29.0,,,100.0,299.0,99.0,3542.0,29.0,29.0,100.0,0.0,100.0,0.0,200.0,0.0,100.0,17417.0,100.0,72084754960.0,100.0,161982492120.0
2019-12-19,ZCH060TK,ST12000NM0007,12000138625024,0,84.0,242988920.0,90.0,0.0,100.0,12.0,100.0,0.0,78.0,70623673.0,79.0,18807.0,100.0,0.0,100.0,11.0,,,,,100.0,0.0,100.0,0.0,,,71.0,29.0,,,100.0,299.0,99.0,3544.0,29.0,29.0,100.0,0.0,100.0,0.0,200.0,0.0,100.0,17433.0,100.0,72085028224.0,100.0,162046733128.0
2019-12-20,ZCH060TK,ST12000NM0007,12000138625024,0,80.0,111284866.0,90.0,0.0,100.0,12.0,100.0,0.0,79.0,71290164.0,79.0,18839.0,100.0,0.0,100.0,11.0,,,,,100.0,0.0,100.0,0.0,,,70.0,30.0,,,100.0,300.0,99.0,3545.0,30.0,30.0,100.0,0.0,100.0,0.0,200.0,0.0,100.0,17465.0,100.0,72085583872.0,100.0,162158614074.0
2019-12-21,ZCH060TK,ST12000NM0007,12000138625024,0,83.0,215941778.0,90.0,0.0,100.0,12.0,100.0,0.0,79.0,71845391.0,79.0,18855.0,100.0,0.0,100.0,11.0,,,,,100.0,0.0,100.0,0.0,,,69.0,31.0,,,100.0,301.0,99.0,3546.0,31.0,31.0,100.0,0.0,100.0,0.0,200.0,0.0,100.0,17480.0,100.0,72085860752.0,100.0,162262994106.0
2019-12-22,ZCH060TK,ST12000NM0007,12000138625024,0,81.0,138092320.0,90.0,0.0,100.0,12.0,100.0,0.0,79.0,73228388.0,79.0,18887.0,100.0,0.0,100.0,11.0,,,,,100.0,0.0,100.0,0.0,,,70.0,30.0,,,100.0,302.0,99.0,3547.0,30.0,30.0,100.0,0.0,100.0,0.0,200.0,0.0,100.0,17512.0,100.0,72086430696.0,100.0,162428715586.0
2019-12-23,ZCH060TK,ST12000NM0007,12000138625024,0,84.0,243861016.0,90.0,0.0,100.0,12.0,100.0,0.0,79.0,73939152.0,79.0,18903.0,100.0,0.0,100.0,11.0,,,,,100.0,0.0,100.0,0.0,,,69.0,31.0,,,100.0,303.0,99.0,3548.0,31.0,31.0,100.0,0.0,100.0,0.0,200.0,0.0,100.0,17528.0,100.0,72086787856.0,100.0,162534127122.0
2019-12-24,ZCH060TK,ST12000NM0007,12000138625024,0,82.0,163686480.0,90.0,0.0,100.0,12.0,100.0,0.0,79.0,74751169.0,79.0,18935.0,100.0,0.0,100.0,11.0,,,,,100.0,0.0,100.0,0.0,,,69.0,31.0,,,100.0,304.0,99.0,3549.0,31.0,31.0,100.0,0.0,100.0,0.0,200.0,0.0,100.0,17560.0,100.0,72087351104.0,100.0,162697529978.0
2019-12-25,ZCH060TK,ST12000NM0007,12000138625024,0,84.0,236722976.0,90.0,0.0,100.0,12.0,100.0,0.0,79.0,75103474.0,79.0,18951.0,100.0,0.0,100.0,11.0,,,,,100.0,0.0,100.0,0.0,,,69.0,31.0,,,100.0,305.0,99.0,3550.0,31.0,31.0,100.0,0.0,100.0,0.0,200.0,0.0,100.0,17575.0,100.0,72087626968.0,100.0,162770290610.0
2019-12-26,ZCH060TK,ST12000NM0007,12000138625024,0,82.0,152067344.0,90.0,0.0,100.0,12.0,100.0,0.0,79.0,75793663.0,79.0,18983.0,100.0,0.0,100.0,11.0,,,,,100.0,0.0,100.0,0.0,,,71.0,29.0,,,100.0,306.0,99.0,3551.0,29.0,29.0,100.0,0.0,100.0,0.0,200.0,0.0,100.0,17607.0,100.0,72088163976.0,100.0,162929238778.0
2019-12-27,ZCH060TK,ST12000NM0007,12000138625024,0,84.0,232501008.0,90.0,0.0,100.0,12.0,100.0,0.0,79.0,76134391.0,79.0,18999.0,100.0,0.0,100.0,11.0,,,,,100.0,0.0,100.0,0.0,,,69.0,31.0,,,100.0,307.0,99.0,3552.0,31.0,31.0,100.0,0.0,100.0,0.0,200.0,0.0,100.0,17623.0,100.0,72088440392.0,100.0,163009396026.0
2019-12-28,ZCH060TK,ST12000NM0007,12000138625024,0,80.0,100313536.0,90.0,0.0,100.0,12.0,100.0,0.0,79.0,77027721.0,79.0,19031.0,100.0,0.0,100.0,11.0,,,,,100.0,0.0,100.0,0.0,,,69.0,31.0,,,100.0,308.0,99.0,3553.0,31.0,31.0,100.0,0.0,100.0,0.0,200.0,0.0,100.0,17655.0,100.0,72088993744.0,100.0,163120795938.0
2019-12-29,ZCH060TK,ST12000NM0007,12000138625024,0,83.0,196727960.0,90.0,0.0,100.0,12.0,100.0,0.0,79.0,77913494.0,79.0,19047.0,100.0,0.0,100.0,11.0,,,,,100.0,0.0,100.0,0.0,,,69.0,31.0,,,100.0,308.0,99.0,3554.0,31.0,31.0,100.0,0.0,100.0,0.0,200.0,0.0,100.0,17671.0,100.0,72089275896.0,100.0,163216928210.0
2019-12-30,ZCH060TK,ST12000NM0007,12000138625024,0,80.0,111641552.0,90.0,0.0,100.0,12.0,100.0,0.0,79.0,78675365.0,79.0,19078.0,100.0,0.0,100.0,11.0,,,,,100.0,0.0,100.0,0.0,,,70.0,30.0,,,100.0,309.0,99.0,3555.0,30.0,30.0,100.0,0.0,100.0,0.0,200.0,0.0,100.0,17703.0,100.0,72089826976.0,100.0,163375431386.0
2019-12-31,ZCH060TK,ST12000NM0007,12000138625024,0,76.0,40005290.0,90.0,0.0,100.0,13.0,100.0,0.0,79.0,79404918.0,79.0,19110.0,100.0,0.0,100.0,12.0,,,,,100.0,0.0,100.0,0.0,,,69.0,31.0,,,100.0,311.0,99.0,3558.0,31.0,31.0,100.0,0.0,100.0,0.0,200.0,0.0,100.0,17734.0,100.0,72090404568.0,100.0,163547358292.0
