2019-01-01,ZCH0D29B,ST12000NM0007,12000138625024,0,75,29824952,96.0,0.0,100.0,4.0,100.0,0.0,89.0,753303917.0,92,7208,100.0,0.0,100,3,,,,,100.0,0.0,100.0,0.0,,,72.0,28.0,,,100.0,112.0,100.0,505.0,28,28,100.0,0.0,100.0,0.0,200.0,0.0,100.0,7077.0,100.0,38970331440.0,100.0,73120225370.0
2019-01-02,ZCH0D29B,ST12000NM0007,12000138625024,0,72,17005640,96.0,0.0,100.0,4.0,100.0,0.0,89.0,755383878.0,92,7232,100.0,0.0,100,3,,,,,100.0,0.0,100.0,0.0,,,72.0,28.0,,,100.0,112.0,100.0,506.0,28,28,100.0,0.0,100.0,0.0,200.0,0.0,100.0,7101.0,100.0,39021253528.0,100.0,73300624730.0
2019-01-03,ZCH0D29B,ST12000NM0007,12000138625024,0,72.0,16694400.0,96.0,0.0,100.0,4.0,100.0,0.0,89.0,757956406.0,92.0,7255.0,100.0,0.0,100.0,3.0,,,,,100.0,0.0,100.0,0.0,,,71.0,29.0,,,100.0,112.0,100.0,507.0,29.0,29.0,100.0,0.0,100.0,0.0,200.0,0.0,100.0,7124.0,100.0,39089415936.0,100.0,73476291858.0
2019-01-04,ZCH0D29B,ST12000NM0007,12000138625024,0,84,229518688,96.0,0.0,100.0,4.0,100.0,0.0,89.0,760932994.0,92,7280,100.0,0.0,100,3,,,,,100.0,0.0,100.0,0.0,,,71.0,29.0,,,100.0,113.0,100.0,508.0,29,29,100.0,0.0,100.0,0.0,200.0,0.0,100.0,7149.0,100.0,39159614472.0,100.0,73618917610.0
2019-01-05,ZCH0D29B,ST12000NM0007,12000138625024,0,84,225100728,96.0,0.0,100.0,4.0,100.0,0.0,89.0,763396605.0,92,7304,100.0,0.0,100,3,,,,,100.0,0.0,100.0,0.0,,,71.0,29.0,,,100.0,114.0,100.0,509.0,29,29,100.0,0.0,100.0,0.0,200.0,0.0,100.0,7173.0,100.0,39230256112.0,100.0,73787998642.0
2019-01-06,ZCH0D29B,ST12000NM0007,12000138625024,0,78,57259160,96.0,0.0,100.0,4.0,100.0,0.0,89.0,767328308.0,92,7328,100.0,0.0,100,3,,,,,100.0,0.0,100.0,0.0,,,71.0,29.0,,,100.0,114.0,100.0,510.0,29,29,100.0,0.0,100.0,0.0,200.0,0.0,100.0,7197.0,100.0,39315854128.0,100.0,74022840378.0
2019-01-07,ZCH0D29B,ST12000NM0007,12000138625024,0,79,83759512,96.0,0.0,100.0,4.0,100.0,0.0,89.0,769901595.0,92,7352,100.0,0.0,100,3,,,,,100.0,0.0,100.0,0.0,,,71.0,29.0,,,100.0,115.0,100.0,511.0,29,29,100.0,0.0,100.0,0.0,200.0,0.0,100.0,7220.0,100.0,39410460952.0,100.0,74198874538.0
2019-01-08,ZCH0D29B,ST12000NM0007,12000138625024,0,83,211712328,96.0,0.0,100.0,4.0,100.0,0.0,89.0,774152298.0,92,7376,100.0,0.0,100,3,,,,,100.0,0.0,100.0,0.0,,,68.0,32.0,,,100.0,116.0,100.0,512.0,32,32,100.0,0.0,100.0,0.0,200.0,0.0,100.0,7244.0,100.0,39550644992.0,100.0,74430783994.0
2019-01-09,ZCH0D29B,ST12000NM0007,12000138625024,0,84,236469336,96.0,0.0,100.0,4.0,100.0,0.0,89.0,776928685.0,92,7400,100.0,0.0,100,3,,,,,100.0,0.0,100.0,0.0,,,68.0,32.0,,,100.0,117.0,100.0,513.0,32,32,100.0,0.0,100.0,0.0,200.0,0.0,100.0,7269.0,100.0,39663404544.0,100.0,74586922138.0
2019-01-10,ZCH0D29B,ST12000NM0007,12000138625024,0,82,151774616,96.0,0.0,100.0,4.0,100.0,0.0,89.0,778348962.0,92,7417,100.0,0.0,100,3,,,,,100.0,0.0,100.0,0.0,,,68.0,32.0,,,100.0,118.0,100.0,514.0,32,32,100.0,0.0,100.0,0.0,200.0,0.0,100.0,7285.0,100.0,39708481920.0,100.0,74701290722.0
2019-01-11,ZCH0D29B,ST12000NM0007,12000138625024,0,84.0,232469976.0,96.0,0.0,100.0,4.0,100.0,0.0,89.0,779825694.0,92.0,7426.0,100.0,0.0,100.0,3.0,,,,,100.0,0.0,100.0,0.0,,,68.0,32.0,,,100.0,118.0,100.0,514.0,32.0,32.0,100.0,0.0,100.0,0.0,200.0,0.0,100.0,7294.0,100.0,39721572816.0,100.0,74768895186.0
2019-01-12,ZCH0D29B,ST12000NM0007,12000138625024,0,83,203677824,96.0,0.0,100.0,4.0,100.0,0.0,89.0,782072234.0,92,7458,100.0,0.0,100,3,,,,,100.0,0.0,100.0,0.0,,,68.0,32.0,,,100.0,120.0,100.0,516.0,32,32,100.0,0.0,100.0,0.0,200.0,0.0,100.0,7326.0,100.0,39773473272.0,100.0,74932343378.0
2019-01-13,ZCH0D29B,ST12000NM0007,12000138625024,0,78,62702832,96.0,0.0,100.0,4.0,100.0,0.0,89.0,783058266.0,92,7474,100.0,0.0,100,3,,,,,100.0,0.0,100.0,0.0,,,68.0,32.0,,,100.0,120.0,100.0,516.0,32,32,100.0,0.0,100.0,0.0,200.0,0.0,100.0,7342.0,100.0,39792470712.0,100.0,75016511666.0
2019-01-14,ZCH0D29B,ST12000NM0007,12000138625024,0,81,138388736,96.0,0.0,100.0,4.0,100.0,0.0,89.0,785870622.0,92,7505,100.0,0.0,100,3,,,,,100.0,0.0,100.0,0.0,,,68.0,32.0,,,100.0,121.0,100.0,518.0,32,32,100.0,0.0,100.0,0.0,200.0,0.0,100.0,7373.0,100.0,39858350952.0,100.0,75270458074.0
2019-01-15,ZCH0D29B,ST12000NM0007,12000138625024,0,83.0,191325680.0,96.0,0.0,100.0,4.0,100.0,0.0,89.0,788532403.0,92.0,7537.0,100.0,0.0,100.0,3.0,,,,,100.0,0.0,100.0,0.0,,,71.0,29.0,,,100.0,121.0,100.0,519.0,29.0,29.0,100.0,0.0,100.0,0.0,200.0,0.0,100.0,7405.0,100.0,39931696968.0,100.0,75494189674.0
2019-01-16,ZCH0D29B,ST12000NM0007,12000138625024,0,80,90360376,96.0,0.0,100.0,4.0,100.0,0.0,89.0,789872037.0,92,7553,100.0,0.0,100,3,,,,,100.0,0.0,100.0,0.0,,,72.0,28.0,,,100,121,100.0,520.0,28,28,100.0,0.0,100.0,0.0,200.0,0.0,100.0,7421.0,100.0,39961716800.0,100.0,75607345258.0
2019-01-17,ZCH0D29B,ST12000NM0007,12000138625024,0,83,201857186,96.0,0.0,100.0,4.0,100.0,0.0,89.0,793948582.0,92,7587,100.0,0.0,100,3,,,,,100.0,0.0,100.0,0.0,,,72.0,28.0,,,100,122,100.0,528.0,28,28,100.0,0.0,100.0,0.0,200.0,0.0,100.0,7453.0,100.0,40032517720.0,100.0,75892181788.0
2019-01-18,ZCH0D29B,ST12000NM0007,12000138625024,0,84,227145744,96.0,0.0,100.0,4.0,100.0,0.0,89.0,797088697.0,92,7612,100.0,0.0,100,3,,,,,100.0,0.0,100.0,0.0,,,72.0,28.0,,,100,123,100.0,529.0,28,28,100.0,0.0,100.0,0.0,200.0,0.0,100.0,7477.0,100.0,40103451592.0,100.0,76090677180.0
2019-01-19,ZCH0D29B,ST12000NM0007,12000138625024,0,83,184964792,96.0,0.0,100.0,4.0,100.0,0.0,89.0,798904171.0,92,7635,100.0,0.0,100,3,,,,,100.0,0.0,100.0,0.0,,,72.0,28.0,,,100,124,100.0,530.0,28,28,100.0,0.0,100.0,0.0,200.0,0.0,100.0,7500.0,100.0,40155745184.0,100.0,76240343348.0
2019-01-20,ZCH0D29B,ST12000NM0007,12000138625024,0,82,166470336,96.0,0.0,100.0,4.0,100.0,0.0,89.0,801064383.0,92,7659,100.0,0.0,100,3,,,,,100.0,0.0,100.0,0.0,,,71.0,29.0,,,100,124,100.0,531.0,29,29,100.0,0.0,100.0,0.0,200.0,0.0,100.0,7524.0,100.0,40236453080.0,100.0,76385281668.0
2019-01-21,ZCH0D29B,ST12000NM0007,12000138625024,0,82,144964864,96.0,0.0,100.0,4.0,100.0,0.0,89.0,803109267.0,92,7683,100.0,0.0,100,3,,,,,100.0,0.0,100.0,0.0,,,71.0,29.0,,,100,124,100.0,532.0,29,29,100.0,0.0,100.0,0.0,200.0,0.0,100.0,7548.0,100.0,40291553152.0,100.0,76552816772.0
2019-01-22,ZCH0D29B,ST12000NM0007,12000138625024,0,81.0,134008064.0,96.0,0.0,100.0,4.0,100.0,0.0,89.0,806134628.0,92.0,7707.0,100.0,0.0,100.0,3.0,,,,,100.0,0.0,100.0,0.0,,,71.0,29.0,,,100.0,125.0,100.0,533.0,29.0,29.0,100.0,0.0,100.0,0.0,200.0,0.0,100.0,7572.0,100.0,40347484488.0,100.0,76730069556.0
2019-01-23,ZCH0D29B,ST12000NM0007,12000138625024,0,78.0,67891832.0,96.0,0.0,100.0,4.0,100.0,0.0,89.0,807620650.0,92.0,7723.0,100.0,0.0,100.0,3.0,,,,,100.0,0.0,100.0,0.0,,,71.0,29.0,,,100.0,125.0,100.0,533.0,29.0,29.0,100.0,0.0,100.0,0.0,200.0,0.0,100.0,7588.0,100.0,40387725656.0,100.0,76867852908.0
2019-01-26,ZCH0D29B,ST12000NM0007,12000138625024,0,75,34109296,96.0,0.0,100.0,4.0,100.0,0.0,89.0,814645204.0,92,7802,100.0,0.0,100,3,,,,,100.0,0.0,100.0,0.0,,,71.0,29.0,,,100,126,100.0,537.0,29,29,100.0,0.0,100.0,0.0,200.0,0.0,100.0,7666.0,100.0,40544338168.0,100.0,77409880660.0
2019-01-27,ZCH0D29B,ST12000NM0007,12000138625024,0,83,199384864,96.0,0.0,100.0,4.0,100.0,0.0,89.0,817203086.0,92,7817,100.0,0.0,100,3,,,,,100.0,0.0,100.0,0.0,,,71.0,29.0,,,100,126,100.0,538.0,29,29,100.0,0.0,100.0,0.0,200.0,0.0,100.0,7682.0,100.0,40584175728.0,100.0,77535318668.0
2019-01-28,ZCH0D29B,ST12000NM0007,12000138625024,0,79,88947816,96.0,0.0,100.0,4.0,100.0,0.0,89.0,820798895.0,92,7849,100.0,0.0,100,3,,,,,100.0,0.0,100.0,0.0,,,71.0,29.0,,,100,127,100.0,539.0,29,29,100.0,0.0,100.0,0.0,200.0,0.0,100.0,7714.0,100.0,40714111232.0,100.0,77783227876.0
2019-01-29,ZCH0D29B,ST12000NM0007,12000138625024,0,84,242808088,96.0,0.0,100.0,4.0,100.0,0.0,89.0,822364239.0,92,7865,100.0,0.0,100,3,,,,,100.0,0.0,100.0,0.0,,,68.0,32.0,,,100,127,100.0,539.0,32,32,100.0,0.0,100.0,0.0,200.0,0.0,100.0,7729.0,100.0,40761887664.0,100.0,77889311716.0
2019-01-30,ZCH0D29B,ST12000NM0007,12000138625024,0,79,86762504,96.0,0.0,100.0,4.0,100.0,0.0,89.0,826147754.0,91,7897,100.0,0.0,100,3,,,,,100.0,0.0,100.0,0.0,,,67.0,33.0,,,100,128,100.0,541.0,33,33,100.0,0.0,100.0,0.0,200.0,0.0,100.0,7761.0,100.0,40844292400.0,100.0,78139143084.0
2019-01-31,ZCH0D29B,ST12000NM0007,12000138625024,0,84,235880312,96.0,0.0,100.0,4.0,100.0,0.0,89.0,827631690.0,91,7913,100.0,0.0,100,3,,,,,100.0,0.0,100.0,0.0,,,68.0,32.0,,,100,128,100.0,541.0,32,32,100.0,0.0,100.0,0.0,200.0,0.0,100.0,7777.0,100.0,40885950880.0,100.0,78246602412.0
2019-02-01,ZCH0D29B,ST12000NM0007,12000138625024,0,78,57780504,96.0,0.0,100.0,4.0,100.0,0.0,89.0,831709293.0,91,7945,100.0,0.0,100,3,,,,,100.0,0.0,100.0,0.0,,,68.0,32.0,,,100,128,100.0,543.0,32,32,100.0,0.0,100.0,0.0,200.0,0.0,100.0,7808.0,100.0,40969058528.0,100.0,78473676676.0
2019-02-02,ZCH0D29B,ST12000NM0007,12000138625024,0,83.0,216766240.0,96.0,0.0,100.0,4.0,100.0,0.0,89.0,833496688.0,91.0,7961.0,100.0,0.0,100.0,3.0,,,,,100.0,0.0,100.0,0.0,,,67.0,33.0,,,100.0,128.0,100.0,543.0,33.0,33.0,100.0,0.0,100.0,0.0,200.0,0.0,100.0,7824.0,100.0,41021246216.0,100.0,78580474724.0
2019-02-03,ZCH0D29B,ST12000NM0007,12000138625024,0,79,86498960,96.0,0.0,100.0,4.0,100.0,0.0,89.0,836948270.0,91,7993,100.0,0.0,100,3,,,,,100.0,0.0,100.0,0.0,,,67.0,33.0,,,100,129,100.0,545.0,33,33,100.0,0.0,100.0,0.0,200.0,0.0,100.0,7856.0,100.0,41138291864.0,100.0,78821443332.0
2019-02-04,ZCH0D29B,ST12000NM0007,12000138625024,0,100,2414112,96.0,0.0,100.0,4.0,100.0,0.0,89.0,838490308.0,91,8009,100.0,0.0,100,3,,,,,100.0,0.0,100.0,0.0,,,67.0,33.0,,,100,129,100.0,545.0,33,33,100.0,0.0,100.0,0.0,200.0,0.0,100.0,7872.0,100.0,41186175352.0,100.0,78933615996.0
2019-02-05,ZCH0D29B,ST12000NM0007,12000138625024,0,81.0,117307088.0,96.0,0.0,100.0,4.0,100.0,0.0,89.0,842790091.0,91.0,8040.0,100.0,0.0,100.0,3.0,,,,,100.0,0.0,100.0,0.0,,,70.0,30.0,,,100.0,130.0,100.0,547.0,30.0,30.0,100.0,0.0,100.0,0.0,200.0,0.0,100.0,7903.0,100.0,41298366008.0,100.0,79180458948.0
2019-02-06,ZCH0D29B,ST12000NM0007,12000138625024,0,72,16698704,96.0,0.0,100.0,4.0,100.0,0.0,89.0,844645182.0,91,8056,100.0,0.0,100,3,,,,,100.0,0.0,100.0,0.0,,,71.0,29.0,,,100,130,100.0,547.0,29,29,100.0,0.0,100.0,0.0,200.0,0.0,100.0,7919.0,100.0,41339691784.0,100.0,79282665492.0
2019-02-07,ZCH0D29B,ST12000NM0007,12000138625024,0,84.0,238183496.0,96.0,0.0,100.0,4.0,100.0,0.0,89.0,847811621.0,91.0,8088.0,100.0,0.0,100.0,3.0,,,,,100.0,0.0,100.0,0.0,,,71.0,29.0,,,100.0,131.0,100.0,549.0,29.0,29.0,100.0,0.0,100.0,0.0,200.0,0.0,100.0,7950.0,100.0,41431071088.0,100.0,79412770980.0
2019-02-08,ZCH0D29B,ST12000NM0007,12000138625024,0,81,138590992,96.0,0.0,100.0,4.0,100.0,0.0,89.0,849973928.0,91,8104,100.0,0.0,100,3,,,,,100.0,0.0,100.0,0.0,,,70.0,30.0,,,100,131,100.0,549.0,30,30,100.0,0.0,100.0,0.0,200.0,0.0,100.0,7966.0,100.0,41459498416.0,100.0,79528891972.0
2019-02-09,ZCH0D29B,ST12000NM0007,12000138625024,0,83.0,184988728.0,96.0,0.0,100.0,4.0,100.0,0.0,89.0,853467208.0,91.0,8135.0,100.0,0.0,100.0,3.0,,,,,100.0,0.0,100.0,0.0,,,71.0,29.0,,,100.0,132.0,100.0,551.0,29.0,29.0,100.0,0.0,100.0,0.0,200.0,0.0,100.0,7998.0,100.0,41518076400.0,100.0,79760852364.0
2019-02-10,ZCH0D29B,ST12000NM0007,12000138625024,0,79,85227504,96.0,0.0,100.0,4.0,100.0,0.0,89.0,854765131.0,91,8151,100.0,0.0,100,3,,,,,100.0,0.0,100.0,0.0,,,72.0,28.0,,,100,132,100.0,551.0,28,28,100.0,0.0,100.0,0.0,200.0,0.0,100.0,8013.0,100.0,41546862896.0,100.0,79876445548.0
2019-02-11,ZCH0D29B,ST12000NM0007,12000138625024,0,76,41161912,96.0,0.0,100.0,4.0,100.0,0.0,89.0,856739499.0,91,8183,100.0,0.0,100,3,,,,,100.0,0.0,100.0,0.0,,,71.0,29.0,,,100,134,100.0,553.0,29,29,100.0,0.0,100.0,0.0,200.0,0.0,100.0,8045.0,100.0,41588917152.0,100.0,80034466684.0
2019-02-12,ZCH0D29B,ST12000NM0007,12000138625024,0,82.0,142933584.0,96.0,0.0,100.0,4.0,100.0,0.0,89.0,857712984.0,91.0,8199.0,100.0,0.0,100.0,3.0,,,,,100.0,0.0,100.0,0.0,,,72.0,28.0,,,100.0,134.0,100.0,553.0,28.0,28.0,100.0,0.0,100.0,0.0,200.0,0.0,100.0,8061.0,100.0,41610131128.0,100.0,80115024380.0
2019-02-13,ZCH0D29B,ST12000NM0007,12000138625024,0,84,227552712,96.0,0.0,100.0,4.0,100.0,0.0,89.0,861267834.0,91,8231,100.0,0.0,100,3,,,,,100.0,0.0,100.0,0.0,,,72.0,28.0,,,100,134,100.0,555.0,28,28,100.0,0.0,100.0,0.0,200.0,0.0,100.0,8092.0,100.0,41683174448.0,100.0,80370740940.0
2019-02-14,ZCH0D29B,ST12000NM0007,12000138625024,0,81,128013184,96.0,0.0,100.0,4.0,100.0,0.0,89.0,862717206.0,91,8246,100.0,0.0,100,3,,,,,100.0,0.0,100.0,0.0,,,72.0,28.0,,,100,134,100.0,555.0,28,28,100.0,0.0,100.0,0.0,200.0,0.0,100.0,8108.0,100.0,41748074768.0,100.0,80450441772.0
2019-02-15,ZCH0D29B,ST12000NM0007,12000138625024,0,82.0,176412704.0,96.0,0.0,100.0,4.0,100.0,0.0,89.0,866419521.0,91.0,8278.0,100.0,0.0,100.0,3.0,,,,,100.0,0.0,100.0,0.0,,,72.0,28.0,,,100.0,134.0,100.0,557.0,28.0,28.0,100.0,0.0,100.0,0.0,200.0,0.0,100.0,8139.0,100.0,41820676440.0,100.0,80670380268.0
2019-02-16,ZCH0D29B,ST12000NM0007,12000138625024,0,78.0,58171528.0,96.0,0.0,100.0,4.0,100.0,0.0,89.0,868011391.0,91.0,8294.0,100.0,0.0,100.0,3.0,,,,,100.0,0.0,100.0,0.0,,,71.0,29.0,,,100.0,134.0,100.0,557.0,29.0,29.0,100.0,0.0,100.0,0.0,200.0,0.0,100.0,8155.0,100.0,41856973488.0,100.0,80759982724.0
2019-02-17,ZCH0D29B,ST12000NM0007,12000138625024,0,78,66839920,96.0,0.0,100.0,4.0,100.0,0.0,89.0,870943370.0,91,8326,100.0,0.0,100,3,,,,,100.0,0.0,100.0,0.0,,,72.0,28.0,,,100,136,100.0,559.0,28,28,100.0,0.0,100.0,0.0,200.0,0.0,100.0,8187.0,100.0,41941332024.0,100.0,80928433332.0
2019-02-18,ZCH0D29B,ST12000NM0007,12000138625024,0,83,189080520,96.0,0.0,100.0,4.0,100.0,0.0,89.0,872163569.0,91,8342,100.0,0.0,100,3,,,,,100.0,0.0,100.0,0.0,,,72.0,28.0,,,100,136,100.0,559.0,28,28,100.0,0.0,100.0,0.0,200.0,0.0,100.0,8203.0,100.0,41974906104.0,100.0,81017099852.0
2019-02-19,ZCH0D29B,ST12000NM0007,12000138625024,0,84,242909520,96.0,0.0,100.0,4.0,100.0,0.0,89.0,875285183.0,91,8374,100.0,0.0,100,3,,,,,100.0,0.0,100.0,0.0,,,67.0,33.0,,,100,137,100.0,561.0,33,33,100.0,0.0,100.0,0.0,200.0,0.0,100.0,8234.0,100.0,42041364032.0,100.0,81248611668.0
2019-02-20,ZCH0D29B,ST12000NM0007,12000138625024,0,83.0,201421040.0,96.0,0.0,100.0,4.0,100.0,0.0,89.0,878557772.0,91.0,8390.0,100.0,0.0,100.0,3.0,,,,,100.0,0.0,100.0,0.0,,,67.0,33.0,,,100.0,137.0,100.0,561.0,33.0,33.0,100.0,0.0,100.0,0.0,200.0,0.0,100.0,8250.0,100.0,42104311136.0,100.0,81388316740.0
2019-02-21,ZCH0D29B,ST12000NM0007,12000138625024,0,83,221345488,96.0,0.0,100.0,4.0,100.0,0.0,89.0,881825622.0,91,8421,100.0,0.0,100,3,,,,,100.0,0.0,100.0,0.0,,,68.0,32.0,,,100,138,100.0,563.0,32,32,100.0,0.0,100.0,0.0,200.0,0.0,100.0,8282.0,100.0,42203327904.0,100.0,81553365196.0
2019-02-22,ZCH0D29B,ST12000NM0007,12000138625024,0,81,136630504,96.0,0.0,100.0,4.0,100.0,0.0,89.0,884206753.0,91,8437,100.0,0.0,100,3,,,,,100.0,0.0,100.0,0.0,,,68.0,32.0,,,100,138,100.0,563.0,32,32,100.0,0.0,100.0,0.0,200.0,0.0,100.0,8298.0,100.0,42246201560.0,100.0,81669917292.0
2019-02-23,ZCH0D29B,ST12000NM0007,12000138625024,0,82.0,160484568.0,96.0,0.0,100.0,4.0,100.0,0.0,89.0,886869185.0,91.0,8469.0,100.0,0.0,100.0,3.0,,,,,100.0,0.0,100.0,0.0,,,68.0,32.0,,,100.0,139.0,100.0,565.0,32.0,32.0,100.0,0.0,100.0,0.0,200.0,0.0,100.0,8329.0,100.0,42312272160.0,100.0,81871841484.0
2019-02-24,ZCH0D29B,ST12000NM0007,12000138625024,0,82,171086392,96.0,0.0,100.0,4.0,100.0,0.0,89.0,889384142.0,91,8500,100.0,0.0,100,3,,,,,100.0,0.0,100.0,0.0,,,68.0,32.0,,,100,139,100.0,566.0,32,32,100.0,0.0,100.0,0.0,200.0,0.0,100.0,8360.0,100.0,42375766472.0,100.0,82063089700.0
2019-02-25,ZCH0D29B,ST12000NM0007,12000138625024,0,77,45145416,96.0,0.0,100.0,4.0,100.0,0.0,89.0,890609013.0,91,8516,100.0,0.0,100,3,,,,,100.0,0.0,100.0,0.0,,,68.0,32.0,,,100,140,100.0,567.0,32,32,100.0,0.0,100.0,0.0,200.0,0.0,100.0,8376.0,100.0,42410765632.0,100.0,82146290276.0
2019-02-26,ZCH0D29B,ST12000NM0007,12000138625024,0,82,142839984,96.0,0.0,100.0,4.0,100.0,0.0,90.0,894470440.0,91,8548,100.0,0.0,100,3,,,,,100.0,0.0,100.0,0.0,,,71.0,29.0,,,100,140,100.0,568.0,29,29,100.0,0.0,100.0,0.0,200.0,0.0,100.0,8408.0,100.0,42493288824.0,100.0,82405602284.0
2019-02-27,ZCH0D29B,ST12000NM0007,12000138625024,0,77.0,48302416.0,96.0,0.0,100.0,4.0,100.0,0.0,90.0,895923826.0,91.0,8564.0,100.0,0.0,100.0,3.0,,,,,100.0,0.0,100.0,0.0,,,71.0,29.0,,,100.0,141.0,100.0,569.0,29.0,29.0,100.0,0.0,100.0,0.0,200.0,0.0,100.0,8423.0,100.0,42538014592.0,100.0,82510479796.0
2019-02-28,ZCH0D29B,ST12000NM0007,12000138625024,0,81,119560456,96.0,0.0,100.0,4.0,100.0,0.0,90.0,899232277.0,91,8595,100.0,0.0,100,3,,,,,100.0,0.0,100.0,0.0,,,70.0,30.0,,,100,142,100.0,570.0,30,30,100.0,0.0,100.0,0.0,200.0,0.0,100.0,8455.0,100.0,42628855152.0,100.0,82735038244.0
2019-03-01,ZCH0D29B,ST12000NM0007,12000138625024,0,78.0,62496216.0,96.0,0.0,100.0,4.0,100.0,0.0,90.0,902028268.0,91.0,8611.0,100.0,0.0,100.0,3.0,,,,,100.0,0.0,100.0,0.0,,,71.0,29.0,,,100.0,142.0,100.0,571.0,29.0,29.0,100.0,0.0,100.0,0.0,200.0,0.0,100.0,8470.0,100.0,42676220048.0,100.0,82874749964.0
2019-03-02,ZCH0D29B,ST12000NM0007,12000138625024,0,81.0,123064320.0,96.0,0.0,100.0,4.0,100.0,0.0,90.0,905170703.0,91.0,8643.0,100.0,0.0,100.0,3.0,,,,,100.0,0.0,100.0,0.0,,,71.0,29.0,,,100.0,143.0,100.0,572.0,29.0,29.0,100.0,0.0,100.0,0.0,200.0,0.0,100.0,8502.0,100.0,42759385432.0,100.0,83096293492.0
2019-03-03,ZCH0D29B,ST12000NM0007,12000138625024,0,84.0,237655984.0,96.0,0.0,100.0,4.0,100.0,0.0,90.0,906615933.0,91.0,8659.0,100.0,0.0,100.0,3.0,,,,,100.0,0.0,100.0,0.0,,,71.0,29.0,,,100.0,143.0,100.0,573.0,29.0,29.0,100.0,0.0,100.0,0.0,200.0,0.0,100.0,8518.0,100.0,42787219008.0,100.0,83183051580.0
2019-03-04,ZCH0D29B,ST12000NM0007,12000138625024,0,72,14869416,96.0,0.0,100.0,4.0,100.0,0.0,90.0,909658852.0,91,8691,100.0,0.0,100,3,,,,,100.0,0.0,100.0,0.0,,,71.0,29.0,,,100,144,100.0,574.0,29,29,100.0,0.0,100.0,0.0,200.0,0.0,100.0,8549.0,100.0,42855454128.0,100.0,83380311596.0
2019-03-05,ZCH0D29B,ST12000NM0007,12000138625024,0,83.0,220472424.0,96.0,0.0,100.0,4.0,100.0,0.0,90.0,912811640.0,91.0,8707.0,100.0,0.0,100.0,3.0,,,,,100.0,0.0,100.0,0.0,,,71.0,29.0,,,100.0,145.0,100.0,575.0,29.0,29.0,100.0,0.0,100.0,0.0,200.0,0.0,100.0,8565.0,100.0,42893014904.0,100.0,83548353828.0
2019-03-06,ZCH0D29B,ST12000NM0007,12000138625024,0,77.0,55474768.0,96.0,0.0,100.0,4.0,100.0,0.0,90.0,916962312.0,91.0,8738.0,100.0,0.0,100.0,3.0,,,,,100.0,0.0,100.0,0.0,,,71.0,29.0,,,100.0,146.0,100.0,576.0,29.0,29.0,100.0,0.0,100.0,0.0,200.0,0.0,100.0,8597.0,100.0,42959869280.0,100.0,83804783644.0
2019-03-07,ZCH0D29B,ST12000NM0007,12000138625024,0,84.0,224066432.0,96.0,0.0,100.0,4.0,100.0,0.0,90.0,918639183.0,91.0,8754.0,100.0,0.0,100.0,3.0,,,,,100.0,0.0,100.0,0.0,,,71.0,29.0,,,100.0,147.0,100.0,577.0,29.0,29.0,100.0,0.0,100.0,0.0,200.0,0.0,100.0,8612.0,100.0,43008072512.0,100.0,83925172076.0
2019-03-08,ZCH0D29B,ST12000NM0007,12000138625024,0,78.0,58025616.0,96.0,0.0,100.0,4.0,100.0,0.0,90.0,922760659.0,90.0,8786.0,100.0,0.0,100.0,3.0,,,,,100.0,0.0,100.0,0.0,,,71.0,29.0,,,100.0,148.0,100.0,578.0,29.0,29.0,100.0,0.0,100.0,0.0,200.0,0.0,100.0,8644.0,100.0,43084393440.0,100.0,84171092140.0
2019-03-09,ZCH0D29B,ST12000NM0007,12000138625024,0,83.0,178577200.0,96.0,0.0,100.0,4.0,100.0,0.0,90.0,924025839.0,90.0,8802.0,100.0,0.0,100.0,3.0,,,,,100.0,0.0,100.0,0.0,,,71.0,29.0,,,100.0,149.0,100.0,579.0,29.0,29.0,100.0,0.0,100.0,0.0,200.0,0.0,100.0,8660.0,100.0,43114093120.0,100.0,84261944044.0
2019-03-10,ZCH0D29B,ST12000NM0007,12000138625024,0,81.0,131149520.0,96.0,0.0,100.0,4.0,100.0,0.0,90.0,926658631.0,90.0,8834.0,100.0,0.0,100.0,3.0,,,,,100.0,0.0,100.0,0.0,,,71.0,29.0,,,100.0,150.0,100.0,580.0,29.0,29.0,100.0,0.0,100.0,0.0,200.0,0.0,100.0,8691.0,100.0,43190521712.0,100.0,84382229036.0
2019-03-11,ZCH0D29B,ST12000NM0007,12000138625024,0,78.0,68077936.0,96.0,0.0,100.0,4.0,100.0,0.0,90.0,928494727.0,90.0,8850.0,100.0,0.0,100.0,3.0,,,,,100.0,0.0,100.0,0.0,,,71.0,29.0,,,100.0,151.0,100.0,581.0,29.0,29.0,100.0,0.0,100.0,0.0,200.0,0.0,100.0,8707.0,100.0,43246167072.0,100.0,84507653236.0
2019-03-12,ZCH0D29B,ST12000NM0007,12000138625024,0,82.0,148426056.0,96.0,0.0,100.0,4.0,100.0,0.0,90.0,932894877.0,90.0,8881.0,100.0,0.0,100.0,3.0,,,,,100.0,0.0,100.0,0.0,,,66.0,34.0,,,100.0,152.0,100.0,582.0,34.0,34.0,100.0,0.0,100.0,0.0,200.0,0.0,100.0,8739.0,100.0,43364175104.0,100.0,84714134116.0
2019-03-13,ZCH0D29B,ST12000NM0007,12000138625024,0,76.0,37988072.0,96.0,0.0,100.0,4.0,100.0,0.0,90.0,934686786.0,90.0,8897.0,100.0,0.0,100.0,3.0,,,,,100.0,0.0,100.0,0.0,,,67.0,33.0,,,100.0,152.0,100.0,583.0,33.0,33.0,100.0,0.0,100.0,0.0,200.0,0.0,100.0,8754.0,100.0,43420584288.0,100.0,84791427596.0
2019-03-14,ZCH0D29B,ST12000NM0007,12000138625024,0,78.0,68542328.0,96.0,0.0,100.0,4.0,100.0,0.0,90.0,938306666.0,90.0,8929.0,100.0,0.0,100.0,3.0,,,,,100.0,0.0,100.0,0.0,,,67.0,33.0,,,100.0,152.0,100.0,584.0,33.0,33.0,100.0,0.0,100.0,0.0,200.0,0.0,100.0,8786.0,100.0,43541996768.0,100.0,84944710084.0
2019-03-15,ZCH0D29B,ST12000NM0007,12000138625024,0,84.0,234265704.0,96.0,0.0,100.0,4.0,100.0,0.0,90.0,941074671.0,90.0,8945.0,100.0,0.0,100.0,3.0,,,,,100.0,0.0,100.0,0.0,,,67.0,33.0,,,100.0,153.0,100.0,585.0,33.0,33.0,100.0,0.0,100.0,0.0,200.0,0.0,100.0,8801.0,100.0,43583944096.0,100.0,85068486132.0
2019-03-16,ZCH0D29B,ST12000NM0007,12000138625024,0,83.0,188044576.0,96.0,0.0,100.0,4.0,100.0,0.0,90.0,943728825.0,90.0,8977.0,100.0,0.0,100.0,3.0,,,,,100.0,0.0,100.0,0.0,,,67.0,33.0,,,100.0,154.0,100.0,586.0,33.0,33.0,100.0,0.0,100.0,0.0,200.0,0.0,100.0,8833.0,100.0,43653872560.0,100.0,85196477308.0
2019-03-17,ZCH0D29B,ST12000NM0007,12000138625024,0,83.0,193117992.0,96.0,0.0,100.0,4.0,100.0,0.0,90.0,946777140.0,90.0,9008.0,100.0,0.0,100.0,3.0,,,,,100.0,0.0,100.0,0.0,,,68.0,32.0,,,100.0,155.0,100.0,588.0,32.0,32.0,100.0,0.0,100.0,0.0,200.0,0.0,100.0,8865.0,100.0,43742312648.0,100.0,85357251540.0
2019-03-18,ZCH0D29B,ST12000NM0007,12000138625024,0,77.0,53827432.0,96.0,0.0,100.0,4.0,100.0,0.0,90.0,948206571.0,90.0,9024.0,100.0,0.0,100.0,3.0,,,,,100.0,0.0,100.0,0.0,,,67.0,33.0,,,100.0,155.0,100.0,588.0,33.0,33.0,100.0,0.0,100.0,0.0,200.0,0.0,100.0,8881.0,100.0,43774422792.0,100.0,85429991588.0
2019-03-19,ZCH0D29B,ST12000NM0007,12000138625024,0,83.0,218876608.0,96.0,0.0,100.0,4.0,100.0,0.0,90.0,954493412.0,90.0,9056.0,100.0,0.0,100.0,3.0,,,,,100.0,0.0,100.0,0.0,,,70.0,30.0,,,100.0,155.0,100.0,590.0,30.0,30.0,100.0,0.0,100.0,0.0,200.0,0.0,100.0,8912.0,100.0,43879250552.0,100.0,85734353812.0
2019-03-20,ZCH0D29B,ST12000NM0007,12000138625024,0,82.0,162852784.0,96.0,0.0,100.0,4.0,100.0,0.0,90.0,956258944.0,90.0,9072.0,100.0,0.0,100.0,3.0,,,,,100.0,0.0,100.0,0.0,,,71.0,29.0,,,100.0,155.0,100.0,590.0,29.0,29.0,100.0,0.0,100.0,0.0,200.0,0.0,100.0,8928.0,100.0,43921514864.0,100.0,85880206524.0
2019-03-21,ZCH0D29B,ST12000NM0007,12000138625024,0,75.0,35193568.0,96.0,0.0,100.0,4.0,100.0,0.0,90.0,957520401.0,90.0,9087.0,100.0,0.0,100.0,3.0,,,,,100.0,0.0,100.0,0.0,,,71.0,29.0,,,100.0,155.0,100.0,591.0,29.0,29.0,100.0,0.0,100.0,0.0,200.0,0.0,100.0,8944.0,100.0,43941389448.0,100.0,85976813356.0
2019-03-22,ZCH0D29B,ST12000NM0007,12000138625024,0,78.0,66265824.0,96.0,0.0,100.0,4.0,100.0,0.0,90.0,961221063.0,90.0,9119.0,100.0,0.0,100.0,3.0,,,,,100.0,0.0,100.0,0.0,,,71.0,29.0,,,100.0,155.0,100.0,592.0,29.0,29.0,100.0,0.0,100.0,0.0,200.0,0.0,100.0,8975.0,100.0,43988490384.0,100.0,86204925308.0
2019-03-23,ZCH0D29B,ST12000NM0007,12000138625024,0,84.0,227473536.0,96.0,0.0,100.0,4.0,100.0,0.0,90.0,962657789.0,90.0,9135.0,100.0,0.0,100.0,3.0,,,,,100.0,0.0,100.0,0.0,,,71.0,29.0,,,100.0,156.0,100.0,593.0,29.0,29.0,100.0,0.0,100.0,0.0,200.0,0.0,100.0,8991.0,100.0,44008290792.0,100.0,86346332612.0
2019-03-24,ZCH0D29B,ST12000NM0007,12000138625024,0,66.0,4182584.0,96.0,0.0,100.0,4.0,100.0,0.0,90.0,965651906.0,90.0,9167.0,100.0,0.0,100.0,3.0,,,,,100.0,0.0,100.0,0.0,,,71.0,29.0,,,100.0,156.0,100.0,594.0,29.0,29.0,100.0,0.0,100.0,0.0,200.0,0.0,100.0,9023.0,100.0,44057005696.0,100.0,86562608364.0
2019-03-25,ZCH0D29B,ST12000NM0007,12000138625024,0,81.0,139038792.0,96.0,0.0,100.0,4.0,100.0,0.0,90.0,967078764.0,90.0,9183.0,100.0,0.0,100.0,3.0,,,,,100.0,0.0,100.0,0.0,,,71.0,29.0,,,100.0,157.0,100.0,595.0,29.0,29.0,100.0,0.0,100.0,0.0,200.0,0.0,100.0,9039.0,100.0,44078739216.0,100.0,86675731052.0
2019-03-26,ZCH0D29B,ST12000NM0007,12000138625024,0,83.0,204287152.0,96.0,0.0,100.0,4.0,100.0,0.0,90.0,970708986.0,90.0,9215.0,100.0,0.0,100.0,3.0,,,,,100.0,0.0,100.0,0.0,,,71.0,29.0,,,100.0,158.0,100.0,596.0,29.0,29.0,100.0,0.0,100.0,0.0,200.0,0.0,100.0,9070.0,100.0,44136884096.0,100.0,86926975316.0
2019-03-27,ZCH0D29B,ST12000NM0007,12000138625024,0,78.0,68642656.0,96.0,0.0,100.0,4.0,100.0,0.0,90.0,972917147.0,90.0,9230.0,100.0,0.0,100.0,3.0,,,,,100.0,0.0,100.0,0.0,,,71.0,29.0,,,100.0,158.0,100.0,597.0,29.0,29.0,100.0,0.0,100.0,0.0,200.0,0.0,100.0,9086.0,100.0,44155981136.0,100.0,87016374612.0
2019-03-28,ZCH0D29B,ST12000NM0007,12000138625024,0,79.0,73899080.0,96.0,0.0,100.0,4.0,100.0,0.0,90.0,975585600.0,90.0,9262.0,100.0,0.0,100.0,3.0,,,,,100.0,0.0,100.0,0.0,,,71.0,29.0,,,100.0,159.0,100.0,598.0,29.0,29.0,100.0,0.0,100.0,0.0,200.0,0.0,100.0,9118.0,100.0,44209107392.0,100.0,87212645460.0
2019-03-29,ZCH0D29B,ST12000NM0007,12000138625024,0,72.0,15014464.0,96.0,0.0,100.0,4.0,100.0,0.0,90.0,978870231.0,90.0,9294.0,100.0,0.0,100.0,3.0,,,,,100.0,0.0,100.0,0.0,,,72.0,28.0,,,100.0,160.0,100.0,600.0,28.0,28.0,100.0,0.0,100.0,0.0,200.0,0.0,100.0,9149.0,100.0,44245669704.0,100.0,87361339500.0
2019-03-30,ZCH0D29B,ST12000NM0007,12000138625024,0,79.0,86493152.0,96.0,0.0,100.0,4.0,100.0,0.0,90.0,979755589.0,90.0,9310.0,100.0,0.0,100.0,3.0,,,,,100.0,0.0,100.0,0.0,,,72.0,28.0,,,100.0,160.0,100.0,600.0,28.0,28.0,100.0,0.0,100.0,0.0,200.0,0.0,100.0,9165.0,100.0,44259354816.0,100.0,87419133076.0
2019-03-31,ZCH0D29B,ST12000NM0007,12000138625024,0,84.0,240966752.0,96.0,0.0,100.0,4.0,100.0,0.0,90.0,982538702.0,90.0,9326.0,100.0,0.0,100.0,3.0,,,,,100.0,0.0,100.0,0.0,,,72.0,28.0,,,100.0,161.0,100.0,601.0,28.0,28.0,100.0,0.0,100.0,0.0,200.0,0.0,100.0,9181.0,100.0,44285998672.0,100.0,87546962820.0
2019-04-01,ZCH0D29B,ST12000NM0007,12000138625024,0,83.0,197365608.0,96.0,0.0,100.0,4.0,100.0,0.0,90.0,984719117.0,90.0,9357.0,100.0,0.0,100.0,3.0,,,,,100.0,0.0,100.0,0.0,,,71.0,29.0,,,100.0,162.0,100.0,602.0,29.0,29.0,100.0,0.0,100.0,0.0,200.0,0.0,100.0,9212.0,100.0,44322740248.0,100.0,87710760732.0
2019-04-02,ZCH0D29B,ST12000NM0007,12000138625024,0,79.0,71558584.0,96.0,0.0,100.0,4.0,100.0,0.0,90.0,985983668.0,90.0,9373.0,100.0,0.0,100.0,3.0,,,,,100.0,0.0,100.0,0.0,,,72.0,28.0,,,100.0,162.0,100.0,603.0,28.0,28.0,100.0,0.0,100.0,0.0,200.0,0.0,100.0,9228.0,100.0,44352018720.0,100.0,87799815996.0
2019-04-03,ZCH0D29B,ST12000NM0007,12000138625024,0,79.0,74014328.0,96.0,0.0,100.0,4.0,100.0,0.0,90.0,989732711.0,90.0,9405.0,100.0,0.0,100.0,3.0,,,,,100.0,0.0,100.0,0.0,,,67.0,33.0,,,100.0,162.0,100.0,604.0,33.0,33.0,100.0,0.0,100.0,0.0,200.0,0.0,100.0,9260.0,100.0,44422282688.0,100.0,87976148708.0
2019-04-04,ZCH0D29B,ST12000NM0007,12000138625024,0,80.0,107865544.0,96.0,0.0,100.0,4.0,100.0,0.0,90.0,992723023.0,90.0,9437.0,100.0,0.0,100.0,3.0,,,,,100.0,0.0,100.0,0.0,,,68.0,32.0,,,100.0,163.0,100.0,606.0,32.0,32.0,100.0,0.0,100.0,0.0,200.0,0.0,100.0,9292.0,100.0,44495396944.0,100.0,88181026572.0
2019-04-05,ZCH0D29B,ST12000NM0007,12000138625024,0,84.0,236869952.0,96.0,0.0,100.0,4.0,100.0,0.0,90.0,995042159.0,90.0,9453.0,100.0,0.0,100.0,3.0,,,,,100.0,0.0,100.0,0.0,,,68.0,32.0,,,100.0,163.0,100.0,606.0,32.0,32.0,100.0,0.0,100.0,0.0,200.0,0.0,100.0,9307.0,100.0,44529026016.0,100.0,88276401908.0
2019-04-06,ZCH0D29B,ST12000NM0007,12000138625024,0,70.0,9577440.0,96.0,0.0,100.0,4.0,100.0,0.0,90.0,997878865.0,90.0,9484.0,100.0,0.0,100.0,3.0,,,,,100.0,0.0,100.0,0.0,,,68.0,32.0,,,100.0,164.0,100.0,608.0,32.0,32.0,100.0,0.0,100.0,0.0,200.0,0.0,100.0,9339.0,100.0,44587587368.0,100.0,88478829404.0
2019-04-07,ZCH0D29B,ST12000NM0007,12000138625024,0,79.0,87129840.0,96.0,0.0,100.0,4.0,100.0,0.0,90.0,998921052.0,90.0,9500.0,100.0,0.0,100.0,3.0,,,,,100.0,0.0,100.0,0.0,,,68.0,32.0,,,100.0,164.0,100.0,608.0,32.0,32.0,100.0,0.0,100.0,0.0,200.0,0.0,100.0,9355.0,100.0,44606548752.0,100.0,88537420420.0
2019-04-08,ZCH0D29B,ST12000NM0007,12000138625024,0,76.0,37326000.0,96.0,0.0,100.0,4.0,100.0,0.0,61.0,1407274.0,90.0,9532.0,100.0,0.0,100.0,3.0,,,,,100.0,0.0,100.0,0.0,,,67.0,33.0,,,100.0,166.0,100.0,610.0,33.0,33.0,100.0,0.0,100.0,0.0,200.0,0.0,100.0,9386.0,100.0,44662948576.0,100.0,88675357556.0
2019-04-09,ZCH0D29B,ST12000NM0007,12000138625024,0,82.0,144471944.0,96.0,0.0,100.0,4.0,100.0,0.0,64.0,2698516.0,90.0,9548.0,100.0,0.0,100.0,3.0,,,,,100.0,0.0,100.0,0.0,,,70.0,30.0,,,100.0,166.0,100.0,610.0,30.0,30.0,100.0,0.0,100.0,0.0,200.0,0.0,100.0,9402.0,100.0,44692607456.0,100.0,88752844620.0
2019-04-10,ZCH0D29B,ST12000NM0007,12000138625024,0,80.0,106317824.0,96.0,0.0,100.0,4.0,100.0,0.0,68.0,6336563.0,90.0,9580.0,100.0,0.0,100.0,3.0,,,,,100.0,0.0,100.0,0.0,,,71.0,29.0,,,100.0,167.0,100.0,612.0,29.0,29.0,100.0,0.0,100.0,0.0,200.0,0.0,100.0,9434.0,100.0,44752351888.0,100.0,88899086708.0
2019-04-11,ZCH0D29B,ST12000NM0007,12000138625024,0,83.0,223372864.0,96.0,0.0,100.0,4.0,100.0,0.0,69.0,7517224.0,90.0,9596.0,100.0,0.0,100.0,3.0,,,,,100.0,0.0,100.0,0.0,,,71.0,29.0,,,100.0,167.0,100.0,612.0,29.0,29.0,100.0,0.0,100.0,0.0,200.0,0.0,100.0,9450.0,100.0,44781123816.0,100.0,88987369820.0
2019-04-12,ZCH0D29B,ST12000NM0007,12000138625024,0,74.0,26682520.0,96.0,0.0,100.0,4.0,100.0,0.0,71.0,12705048.0,90.0,9628.0,100.0,0.0,100.0,3.0,,,,,100.0,0.0,100.0,0.0,,,70.0,30.0,,,100.0,168.0,100.0,614.0,30.0,30.0,100.0,0.0,100.0,0.0,200.0,0.0,100.0,9481.0,100.0,44833012376.0,100.0,89227072180.0
2019-04-13,ZCH0D29B,ST12000NM0007,12000138625024,0,82.0,149000608.0,96.0,0.0,100.0,4.0,100.0,0.0,71.0,14021038.0,89.0,9643.0,100.0,0.0,100.0,3.0,,,,,100.0,0.0,100.0,0.0,,,70.0,30.0,,,100.0,168.0,100.0,614.0,30.0,30.0,100.0,0.0,100.0,0.0,200.0,0.0,100.0,9497.0,100.0,44865081416.0,100.0,89317321228.0
2019-04-14,ZCH0D29B,ST12000NM0007,12000138625024,0,83.0,195223448.0,96.0,0.0,100.0,4.0,100.0,0.0,72.0,16990738.0,89.0,9675.0,100.0,0.0,100.0,3.0,,,,,100.0,0.0,100.0,0.0,,,70.0,30.0,,,100.0,168.0,100.0,616.0,30.0,30.0,100.0,0.0,100.0,0.0,200.0,0.0,100.0,9528.0,100.0,44941820696.0,100.0,89530945428.0
2019-04-15,ZCH0D29B,ST12000NM0007,12000138625024,0,80.0,111741848.0,96.0,0.0,100.0,4.0,100.0,0.0,73.0,18728230.0,89.0,9691.0,100.0,0.0,100.0,3.0,,,,,100.0,0.0,100.0,0.0,,,71.0,29.0,,,100.0,168.0,100.0,616.0,29.0,29.0,100.0,0.0,100.0,0.0,200.0,0.0,100.0,9544.0,100.0,44993073048.0,100.0,89640352252.0
2019-04-16,ZCH0D29B,ST12000NM0007,12000138625024,0,82.0,172431320.0,96.0,0.0,100.0,4.0,100.0,0.0,74.0,23315686.0,89.0,9723.0,100.0,0.0,100.0,3.0,,,,,100.0,0.0,100.0,0.0,,,70.0,30.0,,,100.0,168.0,100.0,618.0,30.0,30.0,100.0,0.0,100.0,0.0,200.0,0.0,100.0,9576.0,100.0,45087923040.0,100.0,89850332532.0
2019-04-17,ZCH0D29B,ST12000NM0007,12000138625024,0,80.0,91527552.0,96.0,0.0,100.0,4.0,100.0,0.0,74.0,25125544.0,89.0,9739.0,100.0,0.0,100.0,3.0,,,,,100.0,0.0,100.0,0.0,,,71.0,29.0,,,100.0,168.0,100.0,618.0,29.0,29.0,100.0,0.0,100.0,0.0,200.0,0.0,100.0,9592.0,100.0,45133806032.0,100.0,89967686628.0
2019-04-18,ZCH0D29B,ST12000NM0007,12000138625024,0,80.0,91452632.0,96.0,0.0,100.0,4.0,100.0,0.0,74.0,28006397.0,89.0,9770.0,100.0,0.0,100.0,3.0,,,,,100.0,0.0,100.0,0.0,,,71.0,29.0,,,100.0,170.0,100.0,620.0,29.0,29.0,100.0,0.0,100.0,0.0,200.0,0.0,100.0,9623.0,100.0,45209547312.0,100.0,90136011276.0
2019-04-19,ZCH0D29B,ST12000NM0007,12000138625024,0,84.0,240167632.0,96.0,0.0,100.0,4.0,100.0,0.0,75.0,30989432.0,89.0,9786.0,100.0,0.0,100.0,3.0,,,,,100.0,0.0,100.0,0.0,,,71.0,29.0,,,100.0,170.0,100.0,620.0,29.0,29.0,100.0,0.0,100.0,0.0,200.0,0.0,100.0,9639.0,100.0,45256036752.0,100.0,90238236836.0
2019-04-20,ZCH0D29B,ST12000NM0007,12000138625024,0,77.0,48362152.0,96.0,0.0,100.0,4.0,100.0,0.0,75.0,34038284.0,89.0,9818.0,100.0,0.0,100.0,3.0,,,,,100.0,0.0,100.0,0.0,,,70.0,30.0,,,100.0,170.0,100.0,622.0,30.0,30.0,100.0,0.0,100.0,0.0,200.0,0.0,100.0,9670.0,100.0,45336886848.0,100.0,90453862676.0
2019-04-21,ZCH0D29B,ST12000NM0007,12000138625024,0,82.0,147862608.0,96.0,0.0,100.0,4.0,100.0,0.0,75.0,35094644.0,89.0,9834.0,100.0,0.0,100.0,3.0,,,,,100.0,0.0,100.0,0.0,,,71.0,29.0,,,100.0,170.0,100.0,622.0,29.0,29.0,100.0,0.0,100.0,0.0,200.0,0.0,100.0,9686.0,100.0,45352181816.0,100.0,90538068164.0
2019-04-22,ZCH0D29B,ST12000NM0007,12000138625024,0,83.0,202455704.0,96.0,0.0,100.0,4.0,100.0,0.0,76.0,37513657.0,89.0,9865.0,100.0,0.0,100.0,3.0,,,,,100.0,0.0,100.0,0.0,,,71.0,29.0,,,100.0,171.0,100.0,624.0,29.0,29.0,100.0,0.0,100.0,0.0,200.0,0.0,100.0,9718.0,100.0,45385264128.0,100.0,90803719676.0
2019-04-23,ZCH0D29B,ST12000NM0007,12000138625024,0,79.0,86408688.0,96.0,0.0,100.0,4.0,100.0,0.0,76.0,38894968.0,89.0,9881.0,100.0,0.0,100.0,3.0,,,,,100.0,0.0,100.0,0.0,,,68.0,32.0,,,100.0,171.0,100.0,624.0,32.0,32.0,100.0,0.0,100.0,0.0,200.0,0.0,100.0,9734.0,100.0,45407785424.0,100.0,90909292100.0
2019-04-24,ZCH0D29B,ST12000NM0007,12000138625024,0,82.0,156388408.0,96.0,0.0,100.0,4.0,100.0,0.0,76.0,42702535.0,89.0,9913.0,100.0,0.0,100.0,3.0,,,,,100.0,0.0,100.0,0.0,,,67.0,33.0,,,100.0,172.0,100.0,626.0,33.0,33.0,100.0,0.0,100.0,0.0,200.0,0.0,100.0,9765.0,100.0,45449485384.0,100.0,91181712596.0
2019-04-25,ZCH0D29B,ST12000NM0007,12000138625024,0,79.0,77749528.0,96.0,0.0,100.0,4.0,100.0,0.0,77.0,44737842.0,89.0,9929.0,100.0,0.0,100.0,3.0,,,,,100.0,0.0,100.0,0.0,,,66.0,34.0,,,100.0,172.0,100.0,626.0,34.0,34.0,100.0,0.0,100.0,0.0,200.0,0.0,100.0,9781.0,100.0,45476028104.0,100.0,91320671788.0
2019-04-26,ZCH0D29B,ST12000NM0007,12000138625024,0,82.0,147431576.0,96.0,0.0,100.0,4.0,100.0,0.0,77.0,50073434.0,89.0,9961.0,100.0,0.0,100.0,3.0,,,,,100.0,0.0,100.0,0.0,,,67.0,33.0,,,100.0,174.0,100.0,628.0,33.0,33.0,100.0,0.0,100.0,0.0,200.0,0.0,100.0,9812.0,100.0,45550188576.0,100.0,91560334092.0
2019-04-27,ZCH0D29B,ST12000NM0007,12000138625024,0,76.0,40399736.0,96.0,0.0,100.0,4.0,100.0,0.0,77.0,51670752.0,89.0,9976.0,100.0,0.0,100.0,3.0,,,,,100.0,0.0,100.0,0.0,,,67.0,33.0,,,100.0,174.0,100.0,628.0,33.0,33.0,100.0,0.0,100.0,0.0,200.0,0.0,100.0,9828.0,100.0,45581182624.0,100.0,91666449020.0
2019-04-28,ZCH0D29B,ST12000NM0007,12000138625024,0,74.0,27568960.0,96.0,0.0,100.0,4.0,100.0,0.0,77.0,54521403.0,89.0,10008.0,100.0,0.0,100.0,3.0,,,,,100.0,0.0,100.0,0.0,,,67.0,33.0,,,100.0,175.0,100.0,630.0,33.0,33.0,100.0,0.0,100.0,0.0,200.0,0.0,100.0,9860.0,100.0,45645684680.0,100.0,91833256884.0
2019-04-29,ZCH0D29B,ST12000NM0007,12000138625024,0,81.0,138057272.0,96.0,0.0,100.0,4.0,100.0,0.0,77.0,55847542.0,89.0,10024.0,100.0,0.0,100.0,3.0,,,,,100.0,0.0,100.0,0.0,,,67.0,33.0,,,100.0,175.0,100.0,630.0,33.0,33.0,100.0,0.0,100.0,0.0,200.0,0.0,100.0,9876.0,100.0,45673564992.0,100.0,91915864884.0
2019-04-30,ZCH0D29B,ST12000NM0007,12000138625024,0,83.0,187991248.0,96.0,0.0,100.0,4.0,100.0,0.0,78.0,59033540.0,89.0,10056.0,100.0,0.0,100.0,3.0,,,,,100.0,0.0,100.0,0.0,,,70.0,30.0,,,100.0,176.0,100.0,632.0,30.0,30.0,100.0,0.0,100.0,0.0,200.0,0.0,100.0,9907.0,100.0,45738119504.0,100.0,92145385156.0
2019-05-01,ZCH0D29B,ST12000NM0007,12000138625024,0,80.0,99857232.0,96.0,0.0,100.0,4.0,100.0,0.0,78.0,61038156.0,89.0,10072.0,100.0,0.0,100.0,3.0,,,,,100.0,0.0,100.0,0.0,,,71.0,29.0,,,100.0,176.0,100.0,632.0,29.0,29.0,100.0,0.0,100.0,0.0,200.0,0.0,100.0,9923.0,100.0,45777320784.0,100.0,92262190500.0
2019-05-02,ZCH0D29B,ST12000NM0007,12000138625024,0,79.0,87066024.0,96.0,0.0,100.0,4.0,100.0,0.0,78.0,63816275.0,89.0,10103.0,100.0,0.0,100.0,3.0,,,,,100.0,0.0,100.0,0.0,,,71.0,29.0,,,100.0,177.0,100.0,634.0,29.0,29.0,100.0,0.0,100.0,0.0,200.0,0.0,100.0,9955.0,100.0,45834584024.0,100.0,92436276820.0
2019-05-03,ZCH0D29B,ST12000NM0007,12000138625024,0,76.0,41799808.0,96.0,0.0,100.0,4.0,100.0,0.0,78.0,67397152.0,89.0,10135.0,100.0,0.0,100.0,3.0,,,,,100.0,0.0,100.0,0.0,,,71.0,29.0,,,100.0,178.0,100.0,635.0,29.0,29.0,100.0,0.0,100.0,0.0,200.0,0.0,100.0,9986.0,100.0,45874173040.0,100.0,92595562548.0
2019-05-04,ZCH0D29B,ST12000NM0007,12000138625024,0,82.0,165545048.0,96.0,0.0,100.0,4.0,100.0,0.0,78.0,68692434.0,89.0,10151.0,100.0,0.0,100.0,3.0,,,,,100.0,0.0,100.0,0.0,,,71.0,29.0,,,100.0,178.0,100.0,635.0,29.0,29.0,100.0,0.0,100.0,0.0,200.0,0.0,100.0,10002.0,100.0,45906040896.0,100.0,92687439932.0
2019-05-05,ZCH0D29B,ST12000NM0007,12000138625024,0,84.0,229994456.0,96.0,0.0,100.0,4.0,100.0,0.0,79.0,71510679.0,89.0,10183.0,100.0,0.0,100.0,3.0,,,,,100.0,0.0,100.0,0.0,,,71.0,29.0,,,100.0,178.0,100.0,637.0,29.0,29.0,100.0,0.0,100.0,0.0,200.0,0.0,100.0,10033.0,100.0,45984371816.0,100.0,92917699100.0
2019-05-06,ZCH0D29B,ST12000NM0007,12000138625024,0,81.0,133429880.0,96.0,0.0,100.0,4.0,100.0,0.0,79.0,72967451.0,89.0,10199.0,100.0,0.0,100.0,3.0,,,,,100.0,0.0,100.0,0.0,,,71.0,29.0,,,100.0,178.0,100.0,637.0,29.0,29.0,100.0,0.0,100.0,0.0,200.0,0.0,100.0,10049.0,100.0,46021474496.0,100.0,93028172644.0
2019-05-07,ZCH0D29B,ST12000NM0007,12000138625024,0,83.0,203077984.0,96.0,0.0,100.0,4.0,100.0,0.0,79.0,77143327.0,89.0,10230.0,100.0,0.0,100.0,3.0,,,,,100.0,0.0,100.0,0.0,,,68.0,32.0,,,100.0,179.0,100.0,639.0,32.0,32.0,100.0,0.0,100.0,0.0,200.0,0.0,100.0,10081.0,100.0,46101260608.0,100.0,93262175540.0
2019-05-08,ZCH0D29B,ST12000NM0007,12000138625024,0,81.0,119562120.0,96.0,0.0,100.0,4.0,100.0,0.0,79.0,78689711.0,89.0,10246.0,100.0,0.0,100.0,3.0,,,,,100.0,0.0,100.0,0.0,,,67.0,33.0,,,100.0,179.0,100.0,639.0,33.0,33.0,100.0,0.0,100.0,0.0,200.0,0.0,100.0,10097.0,100.0,46146010472.0,100.0,93378050676.0
2019-05-09,ZCH0D29B,ST12000NM0007,12000138625024,0,82.0,142990008.0,96.0,0.0,100.0,4.0,100.0,0.0,79.0,83382021.0,89.0,10278.0,100.0,0.0,100.0,3.0,,,,,100.0,0.0,100.0,0.0,,,67.0,33.0,,,100.0,179.0,100.0,641.0,33.0,33.0,100.0,0.0,100.0,0.0,200.0,0.0,100.0,10128.0,100.0,46209786872.0,100.0,93581843148.0
2019-05-10,ZCH0D29B,ST12000NM0007,12000138625024,0,76.0,40478192.0,96.0,0.0,100.0,4.0,100.0,0.0,79.0,85951517.0,89.0,10294.0,100.0,0.0,100.0,3.0,,,,,100.0,0.0,100.0,0.0,,,67.0,33.0,,,100.0,179.0,100.0,641.0,33.0,33.0,100.0,0.0,100.0,0.0,200.0,0.0,100.0,10144.0,100.0,46240461992.0,100.0,93692797116.0
2019-05-11,ZCH0D29B,ST12000NM0007,12000138625024,0,78.0,64603704.0,96.0,0.0,100.0,4.0,100.0,0.0,79.0,88872386.0,89.0,10325.0,100.0,0.0,100.0,3.0,,,,,100.0,0.0,100.0,0.0,,,67.0,33.0,,,100.0,180.0,100.0,643.0,33.0,33.0,100.0,0.0,100.0,0.0,200.0,0.0,100.0,10175.0,100.0,46301364440.0,100.0,93900160908.0
2019-05-12,ZCH0D29B,ST12000NM0007,12000138625024,0,83.0,209549784.0,96.0,0.0,100.0,4.0,100.0,0.0,80.0,90137703.0,89.0,10341.0,100.0,0.0,100.0,3.0,,,,,100.0,0.0,100.0,0.0,,,67.0,33.0,,,100.0,180.0,100.0,643.0,33.0,33.0,100.0,0.0,100.0,0.0,200.0,0.0,100.0,10191.0,100.0,46333104912.0,100.0,94013366516.0
2019-05-13,ZCH0D29B,ST12000NM0007,12000138625024,0,83.0,200144624.0,96.0,0.0,100.0,4.0,100.0,0.0,80.0,92707512.0,89.0,10373.0,100.0,0.0,100.0,3.0,,,,,100.0,0.0,100.0,0.0,,,67.0,33.0,,,100.0,182.0,100.0,645.0,33.0,33.0,100.0,0.0,100.0,0.0,200.0,0.0,100.0,10223.0,100.0,46388122624.0,100.0,94193084348.0
2019-05-14,ZCH0D29B,ST12000NM0007,12000138625024,0,78.0,56440464.0,96.0,0.0,100.0,4.0,100.0,0.0,80.0,94021781.0,89.0,10388.0,100.0,0.0,100.0,3.0,,,,,100.0,0.0,100.0,0.0,,,66.0,34.0,,,100.0,182.0,100.0,645.0,34.0,34.0,100.0,0.0,100.0,0.0,200.0,0.0,100.0,10238.0,100.0,46421861216.0,100.0,94259782268.0
2019-05-15,ZCH0D29B,ST12000NM0007,12000138625024,0,77.0,45051600.0,96.0,0.0,100.0,4.0,100.0,0.0,80.0,97912407.0,89.0,10420.0,100.0,0.0,100.0,3.0,,,,,100.0,0.0,100.0,0.0,,,67.0,33.0,,,100.0,183.0,100.0,647.0,33.0,33.0,100.0,0.0,100.0,0.0,200.0,0.0,100.0,10270.0,100.0,46495925024.0,100.0,94418470300.0
2019-05-16,ZCH0D29B,ST12000NM0007,12000138625024,0,82.0,161775880.0,96.0,0.0,100.0,4.0,100.0,0.0,80.0,99192169.0,89.0,10436.0,100.0,0.0,100.0,3.0,,,,,100.0,0.0,100.0,0.0,,,67.0,33.0,,,100.0,183.0,100.0,647.0,33.0,33.0,100.0,0.0,100.0,0.0,200.0,0.0,100.0,10285.0,100.0,46522763360.0,100.0,94508356412.0
2019-05-17,ZCH0D29B,ST12000NM0007,12000138625024,0,82.0,176953504.0,96.0,0.0,100.0,4.0,100.0,0.0,80.0,103211834.0,89.0,10467.0,100.0,0.0,100.0,3.0,,,,,100.0,0.0,100.0,0.0,,,71.0,29.0,,,100.0,183.0,100.0,649.0,29.0,29.0,100.0,0.0,100.0,0.0,200.0,0.0,100.0,10317.0,100.0,46588680616.0,100.0,94701757412.0
2019-05-18,ZCH0D29B,ST12000NM0007,12000138625024,0,75.0,31778472.0,96.0,0.0,100.0,4.0,100.0,0.0,80.0,104450277.0,89.0,10483.0,100.0,0.0,100.0,3.0,,,,,100.0,0.0,100.0,0.0,,,71.0,29.0,,,100.0,183.0,100.0,649.0,29.0,29.0,100.0,0.0,100.0,0.0,200.0,0.0,100.0,10333.0,100.0,46625919952.0,100.0,94763483892.0
2019-05-19,ZCH0D29B,ST12000NM0007,12000138625024,0,76.0,44627312.0,96.0,0.0,100.0,4.0,100.0,0.0,80.0,106791076.0,88.0,10515.0,100.0,0.0,100.0,3.0,,,,,100.0,0.0,100.0,0.0,,,71.0,29.0,,,100.0,185.0,100.0,651.0,29.0,29.0,100.0,0.0,100.0,0.0,200.0,0.0,100.0,10364.0,100.0,46670666320.0,100.0,94975731908.0
2019-05-20,ZCH0D29B,ST12000NM0007,12000138625024,0,83.0,182700152.0,96.0,0.0,100.0,4.0,100.0,0.0,80.0,108178430.0,88.0,10531.0,100.0,0.0,100.0,3.0,,,,,100.0,0.0,100.0,0.0,,,70.0,30.0,,,100.0,185.0,100.0,651.0,30.0,30.0,100.0,0.0,100.0,0.0,200.0,0.0,100.0,10380.0,100.0,46701504808.0,100.0,95082966260.0
2019-05-21,ZCH0D29B,ST12000NM0007,12000138625024,0,78.0,63852104.0,96.0,0.0,100.0,4.0,100.0,0.0,81.0,112480225.0,88.0,10563.0,100.0,0.0,100.0,3.0,,,,,100.0,0.0,100.0,0.0,,,70.0,30.0,,,100.0,185.0,100.0,653.0,30.0,30.0,100.0,0.0,100.0,0.0,200.0,0.0,100.0,10412.0,100.0,46778527400.0,100.0,95375377708.0
2019-05-22,ZCH0D29B,ST12000NM0007,12000138625024,0,73.0,21929312.0,96.0,0.0,100.0,4.0,100.0,0.0,81.0,114262984.0,88.0,10579.0,100.0,0.0,100.0,3.0,,,,,100.0,0.0,100.0,0.0,,,71.0,29.0,,,100.0,185.0,100.0,653.0,29.0,29.0,100.0,0.0,100.0,0.0,200.0,0.0,100.0,10428.0,100.0,46826782520.0,100.0,95529340452.0
2019-05-23,ZCH0D29B,ST12000NM0007,12000138625024,0,78.0,61723312.0,96.0,0.0,100.0,4.0,100.0,0.0,81.0,118696779.0,88.0,10610.0,100.0,0.0,100.0,3.0,,,,,100.0,0.0,100.0,0.0,,,71.0,29.0,,,100.0,187.0,100.0,655.0,29.0,29.0,100.0,0.0,100.0,0.0,200.0,0.0,100.0,10459.0,100.0,46889410136.0,100.0,95750647740.0
2019-05-24,ZCH0D29B,ST12000NM0007,12000138625024,0,83.0,221225232.0,96.0,0.0,100.0,4.0,100.0,0.0,81.0,121324154.0,88.0,10626.0,100.0,0.0,100.0,3.0,,,,,100.0,0.0,100.0,0.0,,,71.0,29.0,,,100.0,187.0,100.0,655.0,29.0,29.0,100.0,0.0,100.0,0.0,200.0,0.0,100.0,10475.0,100.0,46927060344.0,100.0,95872499452.0
2019-05-25,ZCH0D29B,ST12000NM0007,12000138625024,0,75.0,30720440.0,96.0,0.0,100.0,4.0,100.0,0.0,81.0,124142891.0,88.0,10658.0,100.0,0.0,100.0,3.0,,,,,100.0,0.0,100.0,0.0,,,70.0,30.0,,,100.0,189.0,100.0,657.0,30.0,30.0,100.0,0.0,100.0,0.0,200.0,0.0,100.0,10506.0,100.0,46992756840.0,100.0,96104579764.0
2019-05-26,ZCH0D29B,ST12000NM0007,12000138625024,0,83.0,203679328.0,96.0,0.0,100.0,4.0,100.0,0.0,81.0,125660849.0,88.0,10674.0,100.0,0.0,100.0,3.0,,,,,100.0,0.0,100.0,0.0,,,71.0,29.0,,,100.0,189.0,100.0,657.0,29.0,29.0,100.0,0.0,100.0,0.0,200.0,0.0,100.0,10522.0,100.0,47036113208.0,100.0,96234182284.0
2019-05-27,ZCH0D29B,ST12000NM0007,12000138625024,0,79.0,83254528.0,96.0,0.0,100.0,4.0,100.0,0.0,81.0,128612501.0,88.0,10705.0,100.0,0.0,100.0,3.0,,,,,100.0,0.0,100.0,0.0,,,70.0,30.0,,,100.0,190.0,100.0,659.0,30.0,30.0,100.0,0.0,100.0,0.0,200.0,0.0,100.0,10554.0,100.0,47104739896.0,100.0,96533412324.0
2019-05-28,ZCH0D29B,ST12000NM0007,12000138625024,0,84.0,240850840.0,96.0,0.0,100.0,4.0,100.0,0.0,81.0,130026636.0,88.0,10721.0,100.0,0.0,100.0,3.0,,,,,100.0,0.0,100.0,0.0,,,71.0,29.0,,,100.0,190.0,100.0,659.0,29.0,29.0,100.0,0.0,100.0,0.0,200.0,0.0,100.0,10570.0,100.0,47135231280.0,100.0,96660517252.0
2019-05-29,ZCH0D29B,ST12000NM0007,12000138625024,0,82.0,149991008.0,96.0,0.0,100.0,4.0,100.0,0.0,81.0,134397435.0,88.0,10753.0,100.0,0.0,100.0,3.0,,,,,100.0,0.0,100.0,0.0,,,70.0,30.0,,,100.0,191.0,100.0,661.0,30.0,30.0,100.0,0.0,100.0,0.0,200.0,0.0,100.0,10601.0,100.0,47209741776.0,100.0,96983428764.0
2019-05-30,ZCH0D29B,ST12000NM0007,12000138625024,0,75.0,34373864.0,96.0,0.0,100.0,4.0,100.0,0.0,81.0,135448487.0,88.0,10769.0,100.0,0.0,100.0,3.0,,,,,100.0,0.0,100.0,0.0,,,70.0,30.0,,,100.0,191.0,100.0,661.0,30.0,30.0,100.0,0.0,100.0,0.0,200.0,0.0,100.0,10617.0,100.0,47232658840.0,100.0,97089035236.0
2019-05-31,ZCH0D29B,ST12000NM0007,12000138625024,0,75.0,28309176.0,96.0,0.0,100.0,4.0,100.0,0.0,81.0,138891005.0,88.0,10800.0,100.0,0.0,100.0,3.0,,,,,100.0,0.0,100.0,0.0,,,70.0,30.0,,,100.0,192.0,100.0,663.0,30.0,30.0,100.0,0.0,100.0,0.0,200.0,0.0,100.0,10648.0,100.0,47280207528.0,100.0,97279562596.0
2019-06-01,ZCH0D29B,ST12000NM0007,12000138625024,0,82.0,173430528.0,96.0,0.0,100.0,4.0,100.0,0.0,81.0,140009072.0,88.0,10816.0,100.0,0.0,100.0,3.0,,,,,100.0,0.0,100.0,0.0,,,70.0,30.0,,,100.0,192.0,100.0,664.0,30.0,30.0,100.0,0.0,100.0,0.0,200.0,0.0,100.0,10664.0,100.0,47298911104.0,100.0,97405980372.0
2019-06-02,ZCH0D29B,ST12000NM0007,12000138625024,0,81.0,126111600.0,96.0,0.0,100.0,4.0,100.0,0.0,82.0,141983023.0,88.0,10848.0,100.0,0.0,100.0,3.0,,,,,100.0,0.0,100.0,0.0,,,70.0,30.0,,,100.0,193.0,100.0,665.0,30.0,30.0,100.0,0.0,100.0,0.0,200.0,0.0,100.0,10696.0,100.0,47352641768.0,100.0,97549071436.0
2019-06-03,ZCH0D29B,ST12000NM0007,12000138625024,0,77.0,45762744.0,96.0,0.0,100.0,4.0,100.0,0.0,82.0,143282949.0,88.0,10864.0,100.0,0.0,100.0,3.0,,,,,100.0,0.0,100.0,0.0,,,70.0,30.0,,,100.0,194.0,100.0,666.0,30.0,30.0,100.0,0.0,100.0,0.0,200.0,0.0,100.0,10712.0,100.0,47378458008.0,100.0,97687047156.0
2019-06-04,ZCH0D29B,ST12000NM0007,12000138625024,0,82.0,147883344.0,96.0,0.0,100.0,4.0,100.0,0.0,82.0,146770764.0,88.0,10896.0,100.0,0.0,100.0,3.0,,,,,100.0,0.0,100.0,0.0,,,69.0,31.0,,,100.0,194.0,100.0,667.0,31.0,31.0,100.0,0.0,100.0,0.0,200.0,0.0,100.0,10743.0,100.0,47445442944.0,100.0,97966323500.0
2019-06-05,ZCH0D29B,ST12000NM0007,12000138625024,0,78.0,68516168.0,96.0,0.0,100.0,4.0,100.0,0.0,82.0,148783277.0,88.0,10912.0,100.0,0.0,100.0,3.0,,,,,100.0,0.0,100.0,0.0,,,70.0,30.0,,,100.0,194.0,100.0,668.0,30.0,30.0,100.0,0.0,100.0,0.0,200.0,0.0,100.0,10759.0,100.0,47488398664.0,100.0,98088141524.0
2019-06-06,ZCH0D29B,ST12000NM0007,12000138625024,0,83.0,182317016.0,96.0,0.0,100.0,4.0,100.0,0.0,82.0,153386572.0,88.0,10944.0,100.0,0.0,100.0,3.0,,,,,100.0,0.0,100.0,0.0,,,68.0,32.0,,,100.0,194.0,100.0,669.0,32.0,32.0,100.0,0.0,100.0,0.0,200.0,0.0,100.0,10791.0,100.0,47554512944.0,100.0,98379968900.0
2019-06-07,ZCH0D29B,ST12000NM0007,12000138625024,0,80.0,106942792.0,96.0,0.0,100.0,4.0,100.0,0.0,82.0,156358591.0,88.0,10959.0,100.0,0.0,100.0,3.0,,,,,100.0,0.0,100.0,0.0,,,70.0,30.0,,,100.0,194.0,100.0,670.0,30.0,30.0,100.0,0.0,100.0,0.0,200.0,0.0,100.0,10806.0,100.0,47599638888.0,100.0,98503609492.0
2019-06-08,ZCH0D29B,ST12000NM0007,12000138625024,0,82.0,153103704.0,96.0,0.0,100.0,4.0,100.0,0.0,82.0,159273679.0,88.0,10991.0,100.0,0.0,100.0,3.0,,,,,100.0,0.0,100.0,0.0,,,69.0,31.0,,,100.0,194.0,100.0,671.0,31.0,31.0,100.0,0.0,100.0,0.0,200.0,0.0,100.0,10838.0,100.0,47663681944.0,100.0,98729868164.0
2019-06-09,ZCH0D29B,ST12000NM0007,12000138625024,0,77.0,47773096.0,96.0,0.0,100.0,4.0,100.0,0.0,82.0,160355898.0,88.0,11007.0,100.0,0.0,100.0,3.0,,,,,100.0,0.0,100.0,0.0,,,70.0,30.0,,,100.0,195.0,100.0,672.0,30.0,30.0,100.0,0.0,100.0,0.0,200.0,0.0,100.0,10854.0,100.0,47683176624.0,100.0,98849183508.0
2019-06-10,ZCH0D29B,ST12000NM0007,12000138625024,0,80.0,94519920.0,96.0,0.0,100.0,4.0,100.0,0.0,82.0,163045336.0,88.0,11039.0,100.0,0.0,100.0,3.0,,,,,100.0,0.0,100.0,0.0,,,69.0,31.0,,,100.0,196.0,100.0,673.0,31.0,31.0,100.0,0.0,100.0,0.0,200.0,0.0,100.0,10885.0,100.0,47720285960.0,100.0,99102961676.0
2019-06-11,ZCH0D29B,ST12000NM0007,12000138625024,0,82.0,177719104.0,96.0,0.0,100.0,4.0,100.0,0.0,82.0,164215952.0,88.0,11055.0,100.0,0.0,100.0,3.0,,,,,100.0,0.0,100.0,0.0,,,70.0,30.0,,,100.0,197.0,100.0,674.0,30.0,30.0,100.0,0.0,100.0,0.0,200.0,0.0,100.0,10901.0,100.0,47742492136.0,100.0,99163954684.0
2019-06-12,ZCH0D29B,ST12000NM0007,12000138625024,0,82.0,158731632.0,96.0,0.0,100.0,4.0,100.0,0.0,82.0,168134208.0,88.0,11086.0,100.0,0.0,100.0,3.0,,,,,100.0,0.0,100.0,0.0,,,69.0,31.0,,,100.0,199.0,100.0,676.0,31.0,31.0,100.0,0.0,100.0,0.0,200.0,0.0,100.0,10932.0,100.0,47791509360.0,100.0,99340090748.0
2019-06-13,ZCH0D29B,ST12000NM0007,12000138625024,0,77.0,48764744.0,96.0,0.0,100.0,4.0,100.0,0.0,82.0,169315870.0,88.0,11102.0,100.0,0.0,100.0,3.0,,,,,100.0,0.0,100.0,0.0,,,70.0,30.0,,,100.0,199.0,100.0,676.0,30.0,30.0,100.0,0.0,100.0,0.0,200.0,0.0,100.0,10948.0,100.0,47808527224.0,100.0,99457246852.0
2019-06-14,ZCH0D29B,ST12000NM0007,12000138625024,0,80.0,102901296.0,96.0,0.0,100.0,4.0,100.0,0.0,82.0,172865260.0,88.0,11134.0,100.0,0.0,100.0,3.0,,,,,100.0,0.0,100.0,0.0,,,69.0,31.0,,,100.0,199.0,100.0,677.0,31.0,31.0,100.0,0.0,100.0,0.0,200.0,0.0,100.0,10979.0,100.0,47849047368.0,100.0,99715004180.0
2019-06-15,ZCH0D29B,ST12000NM0007,12000138625024,0,84.0,229745984.0,96.0,0.0,100.0,4.0,100.0,0.0,82.0,173781546.0,88.0,11150.0,100.0,0.0,100.0,3.0,,,,,100.0,0.0,100.0,0.0,,,70.0,30.0,,,100.0,200.0,100.0,678.0,30.0,30.0,100.0,0.0,100.0,0.0,200.0,0.0,100.0,10995.0,100.0,47856951144.0,100.0,99833945092.0
2019-06-16,ZCH0D29B,ST12000NM0007,12000138625024,0,75.0,28333520.0,96.0,0.0,100.0,4.0,100.0,0.0,82.0,175621041.0,88.0,11182.0,100.0,0.0,100.0,3.0,,,,,100.0,0.0,100.0,0.0,,,70.0,30.0,,,100.0,201.0,100.0,679.0,30.0,30.0,100.0,0.0,100.0,0.0,200.0,0.0,100.0,11027.0,100.0,47877938872.0,100.0,100099826308.0
2019-06-17,ZCH0D29B,ST12000NM0007,12000138625024,0,83.0,185829184.0,96.0,0.0,100.0,4.0,100.0,0.0,82.0,176684419.0,88.0,11198.0,100.0,0.0,100.0,3.0,,,,,100.0,0.0,100.0,0.0,,,70.0,30.0,,,100.0,202.0,100.0,680.0,30.0,30.0,100.0,0.0,100.0,0.0,200.0,0.0,100.0,11043.0,100.0,47892191952.0,100.0,100243068892.0
2019-06-18,ZCH0D29B,ST12000NM0007,12000138625024,0,75.0,32114576.0,96.0,0.0,100.0,4.0,100.0,0.0,83.0,179138458.0,88.0,11229.0,100.0,0.0,100.0,3.0,,,,,100.0,0.0,100.0,0.0,,,68.0,32.0,,,100.0,203.0,100.0,681.0,32.0,32.0,100.0,0.0,100.0,0.0,200.0,0.0,100.0,11075.0,100.0,47914101472.0,100.0,100555726180.0
2019-06-19,ZCH0D29B,ST12000NM0007,12000138625024,0,78.0,67047008.0,96.0,0.0,100.0,4.0,100.0,0.0,83.0,182148201.0,88.0,11261.0,100.0,0.0,100.0,3.0,,,,,100.0,0.0,100.0,0.0,,,69.0,31.0,,,100.0,204.0,100.0,683.0,31.0,31.0,100.0,0.0,100.0,0.0,200.0,0.0,100.0,11106.0,100.0,47939571984.0,100.0,100809328788.0
2019-06-20,ZCH0D29B,ST12000NM0007,12000138625024,0,83.0,220255984.0,96.0,0.0,100.0,4.0,100.0,0.0,83.0,185051541.0,88.0,11277.0,100.0,0.0,100.0,3.0,,,,,100.0,0.0,100.0,0.0,,,68.0,32.0,,,100.0,204.0,100.0,683.0,32.0,32.0,100.0,0.0,100.0,0.0,200.0,0.0,100.0,11122.0,100.0,47955638192.0,100.0,100946471556.0
2019-06-21,ZCH0D29B,ST12000NM0007,12000138625024,0,83.0,223592160.0,96.0,0.0,100.0,4.0,100.0,0.0,83.0,188155367.0,88.0,11309.0,100.0,0.0,100.0,3.0,,,,,100.0,0.0,100.0,0.0,,,70.0,30.0,,,100.0,206.0,100.0,685.0,30.0,30.0,100.0,0.0,100.0,0.0,200.0,0.0,100.0,11154.0,100.0,47983726728.0,100.0,101165859852.0
2019-06-22,ZCH0D29B,ST12000NM0007,12000138625024,0,77.0,54073920.0,96.0,0.0,100.0,4.0,100.0,0.0,83.0,188944904.0,88.0,11325.0,100.0,0.0,100.0,3.0,,,,,100.0,0.0,100.0,0.0,,,69.0,31.0,,,100.0,206.0,100.0,685.0,31.0,31.0,100.0,0.0,100.0,0.0,200.0,0.0,100.0,11170.0,100.0,48003412760.0,100.0,101220796388.0
2019-06-23,ZCH0D29B,ST12000NM0007,12000138625024,0,76.0,40485200.0,96.0,0.0,100.0,4.0,100.0,0.0,83.0,190859280.0,88.0,11357.0,100.0,0.0,100.0,3.0,,,,,100.0,0.0,100.0,0.0,,,69.0,31.0,,,100.0,208.0,100.0,687.0,31.0,31.0,100.0,0.0,100.0,0.0,200.0,0.0,100.0,11201.0,100.0,48035772880.0,100.0,101418988276.0
2019-06-24,ZCH0D29B,ST12000NM0007,12000138625024,0,83.0,196512120.0,96.0,0.0,100.0,4.0,100.0,0.0,83.0,192159312.0,88.0,11373.0,100.0,0.0,100.0,3.0,,,,,100.0,0.0,100.0,0.0,,,69.0,31.0,,,100.0,208.0,100.0,687.0,31.0,31.0,100.0,0.0,100.0,0.0,200.0,0.0,100.0,11217.0,100.0,48060984144.0,100.0,101549803932.0
2019-06-25,ZCH0D29B,ST12000NM0007,12000138625024,0,79.0,78834368.0,96.0,0.0,100.0,4.0,100.0,0.0,83.0,196411407.0,87.0,11404.0,100.0,0.0,100.0,3.0,,,,,100.0,0.0,100.0,0.0,,,68.0,32.0,,,100.0,209.0,100.0,689.0,32.0,32.0,100.0,0.0,100.0,0.0,200.0,0.0,100.0,11249.0,100.0,48139182440.0,100.0,101842209212.0
2019-06-26,ZCH0D29B,ST12000NM0007,12000138625024,0,84.0,234946632.0,96.0,0.0,100.0,4.0,100.0,0.0,83.0,197736103.0,87.0,11420.0,100.0,0.0,100.0,3.0,,,,,100.0,0.0,100.0,0.0,,,68.0,32.0,,,100.0,209.0,100.0,689.0,32.0,32.0,100.0,0.0,100.0,0.0,200.0,0.0,100.0,11265.0,100.0,48173796984.0,100.0,101963706932.0
2019-06-27,ZCH0D29B,ST12000NM0007,12000138625024,0,82.0,167198752.0,96.0,0.0,100.0,4.0,100.0,0.0,83.0,200683581.0,87.0,11452.0,100.0,0.0,100.0,3.0,,,,,100.0,0.0,100.0,0.0,,,68.0,32.0,,,100.0,210.0,100.0,691.0,32.0,32.0,100.0,0.0,100.0,0.0,200.0,0.0,100.0,11296.0,100.0,48227368880.0,100.0,102330669036.0
2019-06-28,ZCH0D29B,ST12000NM0007,12000138625024,0,78.0,61078672.0,96.0,0.0,100.0,4.0,100.0,0.0,83.0,203282129.0,87.0,11467.0,100.0,0.0,100.0,3.0,,,,,100.0,0.0,100.0,0.0,,,69.0,31.0,,,100.0,210.0,100.0,691.0,31.0,31.0,100.0,0.0,100.0,0.0,200.0,0.0,100.0,11312.0,100.0,48249366216.0,100.0,102446692492.0
2019-06-29,ZCH0D29B,ST12000NM0007,12000138625024,0,83.0,207011296.0,96.0,0.0,100.0,4.0,100.0,0.0,83.0,205650747.0,87.0,11499.0,100.0,0.0,100.0,3.0,,,,,100.0,0.0,100.0,0.0,,,68.0,32.0,,,100.0,211.0,100.0,693.0,32.0,32.0,100.0,0.0,100.0,0.0,200.0,0.0,100.0,11343.0,100.0,48276243224.0,100.0,102809888852.0
2019-06-30,ZCH0D29B,ST12000NM0007,12000138625024,0,83.0,189874656.0,96.0,0.0,100.0,4.0,100.0,0.0,83.0,207216067.0,87.0,11515.0,100.0,0.0,100.0,3.0,,,,,100.0,0.0,100.0,0.0,,,69.0,31.0,,,100.0,211.0,100.0,693.0,31.0,31.0,100.0,0.0,100.0,0.0,200.0,0.0,100.0,11359.0,100.0,48300204096.0,100.0,103012932108.0
2019-07-01,ZCH0D29B,ST12000NM0007,12000138625024,0,83.0,182429392.0,96.0,0.0,100.0,4.0,100.0,0.0,83.0,210041408.0,87.0,11546.0,100.0,0.0,100.0,3.0,,,,,100.0,0.0,100.0,0.0,,,68.0,32.0,,,100.0,211.0,100.0,695.0,32.0,32.0,100.0,0.0,100.0,0.0,200.0,0.0,100.0,11390.0,100.0,48340933992.0,100.0,103453038404.0
2019-07-02,ZCH0D29B,ST12000NM0007,12000138625024,0,82.0,176217224.0,96.0,0.0,100.0,4.0,100.0,0.0,83.0,211349346.0,87.0,11562.0,100.0,0.0,100.0,3.0,,,,,100.0,0.0,100.0,0.0,,,69.0,31.0,,,100.0,211.0,100.0,695.0,31.0,31.0,100.0,0.0,100.0,0.0,200.0,0.0,100.0,11406.0,100.0,48360398960.0,100.0,103671502060.0
2019-07-03,ZCH0D29B,ST12000NM0007,12000138625024,0,81.0,115885888.0,96.0,0.0,100.0,4.0,100.0,0.0,83.0,215429495.0,87.0,11594.0,100.0,0.0,100.0,3.0,,,,,100.0,0.0,100.0,0.0,,,68.0,32.0,,,100.0,212.0,100.0,697.0,32.0,32.0,100.0,0.0,100.0,0.0,200.0,0.0,100.0,11437.0,100.0,48410016592.0,100.0,104049834620.0
2019-07-04,ZCH0D29B,ST12000NM0007,12000138625024,0,79.0,87751704.0,96.0,0.0,100.0,4.0,100.0,0.0,83.0,216710808.0,87.0,11610.0,100.0,0.0,100.0,3.0,,,,,100.0,0.0,100.0,0.0,,,68.0,32.0,,,100.0,212.0,100.0,697.0,32.0,32.0,100.0,0.0,100.0,0.0,200.0,0.0,100.0,11453.0,100.0,48439467008.0,100.0,104236390684.0
2019-07-05,ZCH0D29B,ST12000NM0007,12000138625024,0,75.0,31625280.0,96.0,0.0,100.0,4.0,100.0,0.0,83.0,222613700.0,87.0,11641.0,100.0,0.0,100.0,3.0,,,,,100.0,0.0,100.0,0.0,,,68.0,32.0,,,100.0,214.0,100.0,699.0,32.0,32.0,100.0,0.0,100.0,0.0,200.0,0.0,100.0,11485.0,100.0,48493557272.0,100.0,104614455452.0
2019-07-06,ZCH0D29B,ST12000NM0007,12000138625024,0,82.0,173473560.0,96.0,0.0,100.0,4.0,100.0,0.0,83.0,223667475.0,87.0,11657.0,100.0,0.0,100.0,3.0,,,,,100.0,0.0,100.0,0.0,,,69.0,31.0,,,100.0,214.0,100.0,699.0,31.0,31.0,100.0,0.0,100.0,0.0,200.0,0.0,100.0,11500.0,100.0,48505611232.0,100.0,104744249772.0
2019-07-07,ZCH0D29B,ST12000NM0007,12000138625024,0,79.0,71362872.0,96.0,0.0,100.0,4.0,100.0,0.0,84.0,226297845.0,87.0,11689.0,100.0,0.0,100.0,3.0,,,,,100.0,0.0,100.0,0.0,,,67.0,33.0,,,100.0,215.0,100.0,701.0,33.0,33.0,100.0,0.0,100.0,0.0,200.0,0.0,100.0,11532.0,100.0,48547092576.0,100.0,105088939028.0
2019-07-08,ZCH0D29B,ST12000NM0007,12000138625024,0,83.0,210553888.0,96.0,0.0,100.0,4.0,100.0,0.0,84.0,228699712.0,87.0,11721.0,100.0,0.0,100.0,3.0,,,,,100.0,0.0,100.0,0.0,,,69.0,31.0,,,100.0,216.0,100.0,702.0,31.0,31.0,100.0,0.0,100.0,0.0,200.0,0.0,100.0,11563.0,100.0,48591711384.0,100.0,105427651868.0
2019-07-09,ZCH0D29B,ST12000NM0007,12000138625024,0,84.0,232150928.0,96.0,0.0,100.0,4.0,100.0,0.0,84.0,231084978.0,87.0,11736.0,100.0,0.0,100.0,3.0,,,,,100.0,0.0,100.0,0.0,,,67.0,33.0,,,100.0,216.0,100.0,703.0,33.0,33.0,100.0,0.0,100.0,0.0,200.0,0.0,100.0,11579.0,100.0,48612822192.0,100.0,105672288052.0
2019-07-10,ZCH0D29B,ST12000NM0007,12000138625024,0,82.0,156435448.0,96.0,0.0,100.0,4.0,100.0,0.0,84.0,232843527.0,87.0,11752.0,100.0,0.0,100.0,3.0,,,,,100.0,0.0,100.0,0.0,,,68.0,32.0,,,100.0,216.0,100.0,703.0,32.0,32.0,100.0,0.0,100.0,0.0,200.0,0.0,100.0,11595.0,100.0,48629648944.0,100.0,105823886532.0
2019-07-11,ZCH0D29B,ST12000NM0007,12000138625024,0,80.0,104944008.0,96.0,0.0,100.0,4.0,100.0,0.0,84.0,236513519.0,87.0,11784.0,100.0,0.0,100.0,3.0,,,,,100.0,0.0,100.0,0.0,,,67.0,33.0,,,100.0,216.0,100.0,705.0,33.0,33.0,100.0,0.0,100.0,0.0,200.0,0.0,100.0,11626.0,100.0,48699083176.0,100.0,106191242300.0
2019-07-12,ZCH0D29B,ST12000NM0007,12000138625024,0,77.0,44896600.0,96.0,0.0,100.0,4.0,100.0,0.0,84.0,239641491.0,87.0,11799.0,100.0,0.0,100.0,3.0,,,,,100.0,0.0,100.0,0.0,,,67.0,33.0,,,100.0,216.0,100.0,706.0,33.0,33.0,100.0,0.0,100.0,0.0,200.0,0.0,100.0,11642.0,100.0,48730805832.0,100.0,106343613156.0
2019-07-13,ZCH0D29B,ST12000NM0007,12000138625024,0,79.0,77105840.0,96.0,0.0,100.0,4.0,100.0,0.0,84.0,243377574.0,87.0,11831.0,100.0,0.0,100.0,3.0,,,,,100.0,0.0,100.0,0.0,,,67.0,33.0,,,100.0,216.0,100.0,707.0,33.0,33.0,100.0,0.0,100.0,0.0,200.0,0.0,100.0,11673.0,100.0,48816368072.0,100.0,106778541644.0
2019-07-14,ZCH0D29B,ST12000NM0007,12000138625024,0,79.0,84093832.0,96.0,0.0,100.0,4.0,100.0,0.0,84.0,245230168.0,87.0,11847.0,100.0,0.0,100.0,3.0,,,,,100.0,0.0,100.0,0.0,,,68.0,32.0,,,100.0,217.0,100.0,708.0,32.0,32.0,100.0,0.0,100.0,0.0,200.0,0.0,100.0,11689.0,100.0,48863650560.0,100.0,106982388028.0
2019-07-15,ZCH0D29B,ST12000NM0007,12000138625024,0,81.0,113540576.0,96.0,0.0,100.0,4.0,100.0,0.0,84.0,248515571.0,87.0,11878.0,100.0,0.0,100.0,3.0,,,,,100.0,0.0,100.0,0.0,,,67.0,33.0,,,100.0,217.0,100.0,709.0,33.0,33.0,100.0,0.0,100.0,0.0,200.0,0.0,100.0,11721.0,100.0,48918509080.0,100.0,107445258028.0
2019-07-16,ZCH0D29B,ST12000NM0007,12000138625024,0,81.0,119215888.0,96.0,0.0,100.0,4.0,100.0,0.0,84.0,250007228.0,87.0,11894.0,100.0,0.0,100.0,3.0,,,,,100.0,0.0,100.0,0.0,,,67.0,33.0,,,100.0,217.0,100.0,710.0,33.0,33.0,100.0,0.0,100.0,0.0,200.0,0.0,100.0,11736.0,100.0,48940062376.0,100.0,107673521132.0
2019-07-17,ZCH0D29B,ST12000NM0007,12000138625024,0,80.0,89339720.0,96.0,0.0,100.0,4.0,100.0,0.0,84.0,254260693.0,87.0,11926.0,100.0,0.0,100.0,3.0,,,,,100.0,0.0,100.0,0.0,,,68.0,32.0,,,100.0,218.0,100.0,711.0,32.0,32.0,100.0,0.0,100.0,0.0,200.0,0.0,100.0,11768.0,100.0,48987375392.0,100.0,108084613636.0
2019-07-18,ZCH0D29B,ST12000NM0007,12000138625024,0,75.0,35070120.0,96.0,0.0,100.0,4.0,100.0,0.0,84.0,257474006.0,87.0,11957.0,100.0,0.0,100.0,3.0,,,,,100.0,0.0,100.0,0.0,,,67.0,33.0,,,100.0,219.0,100.0,712.0,33.0,33.0,100.0,0.0,100.0,0.0,200.0,0.0,100.0,11800.0,100.0,49052345744.0,100.0,108453655276.0
2019-07-19,ZCH0D29B,ST12000NM0007,12000138625024,0,83.0,196142376.0,96.0,0.0,100.0,4.0,100.0,0.0,84.0,260027730.0,87.0,11973.0,100.0,0.0,100.0,3.0,,,,,100.0,0.0,100.0,0.0,,,68.0,32.0,,,100.0,219.0,100.0,713.0,32.0,32.0,100.0,0.0,100.0,0.0,200.0,0.0,100.0,11815.0,100.0,49075710088.0,100.0,108591363188.0
2019-07-20,ZCH0D29B,ST12000NM0007,12000138625024,0,76.0,43831488.0,96.0,0.0,100.0,4.0,100.0,0.0,84.0,262390870.0,87.0,12005.0,100.0,0.0,100.0,3.0,,,,,100.0,0.0,100.0,0.0,,,68.0,32.0,,,100.0,220.0,100.0,714.0,32.0,32.0,100.0,0.0,100.0,0.0,200.0,0.0,100.0,11847.0,100.0,49117493592.0,100.0,108885550068.0
2019-07-21,ZCH0D29B,ST12000NM0007,12000138625024,0,83.0,180341032.0,96.0,0.0,100.0,4.0,100.0,0.0,84.0,263491696.0,87.0,12021.0,100.0,0.0,100.0,3.0,,,,,100.0,0.0,100.0,0.0,,,68.0,32.0,,,100.0,220.0,100.0,715.0,32.0,32.0,100.0,0.0,100.0,0.0,200.0,0.0,100.0,11862.0,100.0,49135152152.0,100.0,109004401052.0
2019-07-22,ZCH0D29B,ST12000NM0007,12000138625024,0,82.0,149507280.0,96.0,0.0,100.0,4.0,100.0,0.0,84.0,266695485.0,87.0,12052.0,100.0,0.0,100.0,3.0,,,,,100.0,0.0,100.0,0.0,,,68.0,32.0,,,100.0,220.0,100.0,716.0,32.0,32.0,100.0,0.0,100.0,0.0,200.0,0.0,100.0,11894.0,100.0,49204903008.0,100.0,109392097876.0
2019-07-23,ZCH0D29B,ST12000NM0007,12000138625024,0,82.0,169367848.0,96.0,0.0,100.0,4.0,100.0,0.0,84.0,269042799.0,87.0,12068.0,100.0,0.0,100.0,3.0,,,,,100.0,0.0,100.0,0.0,,,66.0,34.0,,,100.0,221.0,100.0,717.0,34.0,34.0,100.0,0.0,100.0,0.0,200.0,0.0,100.0,11910.0,100.0,49234255584.0,100.0,109626746516.0
2019-07-24,ZCH0D29B,ST12000NM0007,12000138625024,0,83.0,198902504.0,96.0,0.0,100.0,4.0,100.0,0.0,84.0,275050240.0,87.0,12100.0,100.0,0.0,100.0,3.0,,,,,100.0,0.0,100.0,0.0,,,66.0,34.0,,,100.0,221.0,100.0,719.0,34.0,34.0,100.0,0.0,100.0,0.0,200.0,0.0,100.0,11941.0,100.0,49313094904.0,100.0,110065723116.0
2019-07-25,ZCH0D29B,ST12000NM0007,12000138625024,0,82.0,156587208.0,96.0,0.0,100.0,4.0,100.0,0.0,84.0,276842347.0,87.0,12115.0,100.0,0.0,100.0,3.0,,,,,100.0,0.0,100.0,0.0,,,68.0,32.0,,,100.0,221.0,100.0,719.0,32.0,32.0,100.0,0.0,100.0,0.0,200.0,0.0,100.0,11957.0,100.0,49366828792.0,100.0,110213814604.0
2019-07-26,ZCH0D29B,ST12000NM0007,12000138625024,0,80.0,109835472.0,96.0,0.0,100.0,4.0,100.0,0.0,84.0,281286878.0,87.0,12147.0,100.0,0.0,100.0,3.0,,,,,100.0,0.0,100.0,0.0,,,67.0,33.0,,,100.0,222.0,100.0,721.0,33.0,33.0,100.0,0.0,100.0,0.0,200.0,0.0,100.0,11988.0,100.0,49420519168.0,100.0,110601654124.0
2019-07-27,ZCH0D29B,ST12000NM0007,12000138625024,0,79.0,86698656.0,96.0,0.0,100.0,4.0,100.0,0.0,85.0,282913055.0,87.0,12163.0,100.0,0.0,100.0,3.0,,,,,100.0,0.0,100.0,0.0,,,67.0,33.0,,,100.0,222.0,100.0,721.0,33.0,33.0,100.0,0.0,100.0,0.0,200.0,0.0,100.0,12004.0,100.0,49455349976.0,100.0,110787827236.0
2019-07-28,ZCH0D29B,ST12000NM0007,12000138625024,0,80.0,106914408.0,96.0,0.0,100.0,4.0,100.0,0.0,85.0,286868445.0,87.0,12195.0,100.0,0.0,100.0,3.0,,,,,100.0,0.0,100.0,0.0,,,67.0,33.0,,,100.0,222.0,100.0,723.0,33.0,33.0,100.0,0.0,100.0,0.0,200.0,0.0,100.0,12035.0,100.0,49579742488.0,100.0,111171931844.0
2019-07-29,ZCH0D29B,ST12000NM0007,12000138625024,0,79.0,77292528.0,96.0,0.0,100.0,4.0,100.0,0.0,85.0,288666094.0,87.0,12210.0,100.0,0.0,100.0,3.0,,,,,100.0,0.0,100.0,0.0,,,67.0,33.0,,,100.0,222.0,100.0,723.0,33.0,33.0,100.0,0.0,100.0,0.0,200.0,0.0,100.0,12051.0,100.0,49626316712.0,100.0,111339876748.0
2019-07-30,ZCH0D29B,ST12000NM0007,12000138625024,0,82.0,150643408.0,96.0,0.0,100.0,4.0,100.0,0.0,85.0,293767187.0,87.0,12242.0,100.0,0.0,100.0,3.0,,,,,100.0,0.0,100.0,0.0,,,67.0,33.0,,,100.0,223.0,100.0,725.0,33.0,33.0,100.0,0.0,100.0,0.0,200.0,0.0,100.0,12083.0,100.0,49729158240.0,100.0,111798667772.0
2019-07-31,ZCH0D29B,ST12000NM0007,12000138625024,0,81.0,112789328.0,96.0,0.0,100.0,4.0,100.0,0.0,85.0,295712881.0,87.0,12258.0,100.0,0.0,100.0,3.0,,,,,100.0,0.0,100.0,0.0,,,67.0,33.0,,,100.0,223.0,100.0,725.0,33.0,33.0,100.0,0.0,100.0,0.0,200.0,0.0,100.0,12099.0,100.0,49770921968.0,100.0,111963190940.0
2019-08-01,ZCH0D29B,ST12000NM0007,12000138625024,0,100.0,2331896.0,96.0,0.0,100.0,4.0,100.0,0.0,85.0,299494465.0,86.0,12289.0,100.0,0.0,100.0,3.0,,,,,100.0,0.0,100.0,0.0,,,66.0,34.0,,,100.0,224.0,100.0,727.0,34.0,34.0,100.0,0.0,100.0,0.0,200.0,0.0,100.0,12130.0,100.0,49843689304.0,100.0,112268247748.0
2019-08-02,ZCH0D29B,ST12000NM0007,12000138625024,0,83.0,208186264.0,96.0,0.0,100.0,4.0,100.0,0.0,85.0,302941682.0,86.0,12305.0,100.0,0.0,100.0,3.0,,,,,100.0,0.0,100.0,0.0,,,67.0,33.0,,,100.0,224.0,100.0,727.0,33.0,33.0,100.0,0.0,100.0,0.0,200.0,0.0,100.0,12146.0,100.0,49896726240.0,100.0,112421065180.0
2019-08-03,ZCH0D29B,ST12000NM0007,12000138625024,0,82.0,158260256.0,96.0,0.0,100.0,4.0,100.0,0.0,85.0,306783879.0,86.0,12337.0,100.0,0.0,100.0,3.0,,,,,100.0,0.0,100.0,0.0,,,66.0,34.0,,,100.0,225.0,100.0,729.0,34.0,34.0,100.0,0.0,100.0,0.0,200.0,0.0,100.0,12177.0,100.0,49971464416.0,100.0,112784682620.0
2019-08-04,ZCH0D29B,ST12000NM0007,12000138625024,0,83.0,202047368.0,96.0,0.0,100.0,4.0,100.0,0.0,85.0,309002652.0,86.0,12353.0,100.0,0.0,100.0,3.0,,,,,100.0,0.0,100.0,0.0,,,67.0,33.0,,,100.0,225.0,100.0,729.0,33.0,33.0,100.0,0.0,100.0,0.0,200.0,0.0,100.0,12193.0,100.0,50036834144.0,100.0,113007240716.0
2019-08-05,ZCH0D29B,ST12000NM0007,12000138625024,0,77.0,46302864.0,96.0,0.0,100.0,4.0,100.0,0.0,85.0,313467506.0,86.0,12384.0,100.0,0.0,100.0,3.0,,,,,100.0,0.0,100.0,0.0,,,67.0,33.0,,,100.0,226.0,100.0,731.0,33.0,33.0,100.0,0.0,100.0,0.0,200.0,0.0,100.0,12224.0,100.0,50167620216.0,100.0,113453132612.0
2019-08-06,ZCH0D29B,ST12000NM0007,12000138625024,0,77.0,50161328.0,96.0,0.0,100.0,4.0,100.0,0.0,85.0,315305580.0,86.0,12400.0,100.0,0.0,100.0,3.0,,,,,100.0,0.0,100.0,0.0,,,67.0,33.0,,,100.0,226.0,100.0,731.0,33.0,33.0,100.0,0.0,100.0,0.0,200.0,0.0,100.0,12240.0,100.0,50225795816.0,100.0,113642956164.0
2019-08-07,ZCH0D29B,ST12000NM0007,12000138625024,0,83.0,212656496.0,96.0,0.0,100.0,4.0,100.0,0.0,85.0,321667295.0,86.0,12432.0,100.0,0.0,100.0,3.0,,,,,100.0,0.0,100.0,0.0,,,66.0,34.0,,,100.0,226.0,100.0,733.0,34.0,34.0,100.0,0.0,100.0,0.0,200.0,0.0,100.0,12272.0,100.0,50417310216.0,100.0,114102218348.0
2019-08-08,ZCH0D29B,ST12000NM0007,12000138625024,0,79.0,86418152.0,96.0,0.0,100.0,4.0,100.0,0.0,85.0,326824337.0,86.0,12464.0,100.0,0.0,100.0,3.0,,,,,100.0,0.0,100.0,0.0,,,67.0,33.0,,,100.0,227.0,100.0,734.0,33.0,33.0,100.0,0.0,100.0,0.0,200.0,0.0,100.0,12303.0,100.0,50541621056.0,100.0,114584091324.0
2019-08-09,ZCH0D29B,ST12000NM0007,12000138625024,0,77.0,46266168.0,96.0,0.0,100.0,4.0,100.0,0.0,85.0,330048161.0,86.0,12479.0,100.0,0.0,100.0,3.0,,,,,100.0,0.0,100.0,0.0,,,67.0,33.0,,,100.0,227.0,100.0,735.0,33.0,33.0,100.0,0.0,100.0,0.0,200.0,0.0,100.0,12319.0,100.0,50576143936.0,100.0,114753557108.0
2019-08-10,ZCH0D29B,ST12000NM0007,12000138625024,0,79.0,71572040.0,96.0,0.0,100.0,4.0,100.0,0.0,85.0,334292656.0,86.0,12511.0,100.0,0.0,100.0,3.0,,,,,100.0,0.0,100.0,0.0,,,66.0,34.0,,,100.0,228.0,100.0,736.0,34.0,34.0,100.0,0.0,100.0,0.0,200.0,0.0,100.0,12351.0,100.0,50705523376.0,100.0,115137765132.0
2019-08-11,ZCH0D29B,ST12000NM0007,12000138625024,0,78.0,56556272.0,96.0,0.0,100.0,4.0,100.0,0.0,85.0,336274289.0,86.0,12527.0,100.0,0.0,100.0,3.0,,,,,100.0,0.0,100.0,0.0,,,67.0,33.0,,,100.0,228.0,100.0,737.0,33.0,33.0,100.0,0.0,100.0,0.0,200.0,0.0,100.0,12367.0,100.0,50768473520.0,100.0,115303940204.0
2019-08-12,ZCH0D29B,ST12000NM0007,12000138625024,0,83.0,183579776.0,96.0,0.0,100.0,4.0,100.0,0.0,85.0,341204053.0,86.0,12559.0,100.0,0.0,100.0,3.0,,,,,100.0,0.0,100.0,0.0,,,66.0,34.0,,,100.0,228.0,100.0,738.0,34.0,34.0,100.0,0.0,100.0,0.0,200.0,0.0,100.0,12398.0,100.0,50933754552.0,100.0,115753964068.0
2019-08-13,ZCH0D29B,ST12000NM0007,12000138625024,0,79.0,85245528.0,96.0,0.0,100.0,4.0,100.0,0.0,85.0,345783869.0,86.0,12575.0,100.0,0.0,100.0,3.0,,,,,100.0,0.0,100.0,0.0,,,65.0,35.0,,,100.0,228.0,100.0,739.0,35.0,35.0,100.0,0.0,100.0,0.0,200.0,0.0,100.0,12414.0,100.0,51057105296.0,100.0,116020560404.0
2019-08-14,ZCH0D29B,ST12000NM0007,12000138625024,0,83.0,208349488.0,96.0,0.0,100.0,4.0,100.0,0.0,85.0,350977107.0,86.0,12590.0,100.0,0.0,100.0,3.0,,,,,100.0,0.0,100.0,0.0,,,66.0,34.0,,,100.0,228.0,100.0,739.0,34.0,34.0,100.0,0.0,100.0,0.0,200.0,0.0,100.0,12430.0,100.0,51080107488.0,100.0,116853084348.0
2019-08-15,ZCH0D29B,ST12000NM0007,12000138625024,0,83.0,222161328.0,96.0,0.0,100.0,4.0,100.0,0.0,86.0,360163448.0,86.0,12622.0,100.0,0.0,100.0,3.0,,,,,100.0,0.0,100.0,0.0,,,66.0,34.0,,,100.0,229.0,100.0,741.0,34.0,34.0,100.0,0.0,100.0,0.0,200.0,0.0,100.0,12461.0,100.0,51108101512.0,100.0,118547888260.0
2019-08-16,ZCH0D29B,ST12000NM0007,12000138625024,0,79.0,84895800.0,96.0,0.0,100.0,4.0,100.0,0.0,86.0,364971041.0,86.0,12654.0,100.0,0.0,100.0,3.0,,,,,100.0,0.0,100.0,0.0,,,67.0,33.0,,,100.0,230.0,100.0,742.0,33.0,33.0,100.0,0.0,100.0,0.0,200.0,0.0,100.0,12493.0,100.0,51121377520.0,100.0,118885628060.0
2019-08-17,ZCH0D29B,ST12000NM0007,12000138625024,0,70.0,11075904.0,96.0,0.0,100.0,4.0,100.0,0.0,86.0,366656250.0,86.0,12669.0,100.0,0.0,100.0,3.0,,,,,100.0,0.0,100.0,0.0,,,67.0,33.0,,,100.0,231.0,100.0,743.0,33.0,33.0,100.0,0.0,100.0,0.0,200.0,0.0,100.0,12509.0,100.0,51134139440.0,100.0,119043187108.0
2019-08-18,ZCH0D29B,ST12000NM0007,12000138625024,0,81.0,126810544.0,96.0,0.0,100.0,4.0,100.0,0.0,86.0,370037931.0,86.0,12701.0,100.0,0.0,100.0,3.0,,,,,100.0,0.0,100.0,0.0,,,67.0,33.0,,,100.0,231.0,100.0,744.0,33.0,33.0,100.0,0.0,100.0,0.0,200.0,0.0,100.0,12540.0,100.0,51198583584.0,100.0,119338618244.0
2019-08-19,ZCH0D29B,ST12000NM0007,12000138625024,0,76.0,38319096.0,96.0,0.0,100.0,4.0,100.0,0.0,86.0,371353460.0,86.0,12717.0,100.0,0.0,100.0,3.0,,,,,100.0,0.0,100.0,0.0,,,67.0,33.0,,,100.0,232.0,100.0,745.0,33.0,33.0,100.0,0.0,100.0,0.0,200.0,0.0,100.0,12556.0,100.0,51219937168.0,100.0,119472914100.0
2019-08-20,ZCH0D29B,ST12000NM0007,12000138625024,0,84.0,237102688.0,96.0,0.0,100.0,4.0,100.0,0.0,86.0,376434187.0,86.0,12749.0,100.0,0.0,100.0,3.0,,,,,100.0,0.0,100.0,0.0,,,66.0,34.0,,,100.0,232.0,100.0,746.0,34.0,34.0,100.0,0.0,100.0,0.0,200.0,0.0,100.0,12587.0,100.0,51294230624.0,100.0,119841544908.0
2019-08-21,ZCH0D29B,ST12000NM0007,12000138625024,0,83.0,190448512.0,96.0,0.0,100.0,4.0,100.0,0.0,86.0,378204896.0,86.0,12765.0,100.0,0.0,100.0,3.0,,,,,100.0,0.0,100.0,0.0,,,67.0,33.0,,,100.0,232.0,100.0,746.0,33.0,33.0,100.0,0.0,100.0,0.0,200.0,0.0,100.0,12603.0,100.0,51335937504.0,100.0,119997324548.0
2019-08-22,ZCH0D29B,ST12000NM0007,12000138625024,0,80.0,89489448.0,96.0,0.0,100.0,4.0,100.0,0.0,86.0,379795111.0,86.0,12780.0,100.0,0.0,100.0,3.0,,,,,100.0,0.0,100.0,0.0,,,67.0,33.0,,,100.0,232.0,100.0,748.0,33.0,33.0,100.0,0.0,100.0,0.0,200.0,0.0,100.0,12619.0,100.0,51374105368.0,100.0,120102338252.0
2019-08-23,ZCH0D29B,ST12000NM0007,12000138625024,0,84.0,229235520.0,96.0,0.0,100.0,4.0,100.0,0.0,86.0,385060926.0,86.0,12812.0,100.0,0.0,100.0,3.0,,,,,100.0,0.0,100.0,0.0,,,66.0,34.0,,,100.0,233.0,100.0,749.0,34.0,34.0,100.0,0.0,100.0,0.0,200.0,0.0,100.0,12650.0,100.0,51478907592.0,100.0,120381422788.0
2019-08-24,ZCH0D29B,ST12000NM0007,12000138625024,0,83.0,195652736.0,96.0,0.0,100.0,4.0,100.0,0.0,86.0,387472435.0,86.0,12828.0,100.0,0.0,100.0,3.0,,,,,100.0,0.0,100.0,0.0,,,67.0,33.0,,,100.0,233.0,100.0,750.0,33.0,33.0,100.0,0.0,100.0,0.0,200.0,0.0,100.0,12666.0,100.0,51539754088.0,100.0,120531134220.0
2019-08-25,ZCH0D29B,ST12000NM0007,12000138625024,0,78.0,67837448.0,96.0,0.0,100.0,4.0,100.0,0.0,86.0,390820975.0,86.0,12859.0,100.0,0.0,100.0,3.0,,,,,100.0,0.0,100.0,0.0,,,67.0,33.0,,,100.0,233.0,100.0,751.0,33.0,33.0,100.0,0.0,100.0,0.0,200.0,0.0,100.0,12698.0,100.0,51599329792.0,100.0,120832024852.0
2019-08-26,ZCH0D29B,ST12000NM0007,12000138625024,0,84.0,232196792.0,96.0,0.0,100.0,4.0,100.0,0.0,86.0,396425735.0,86.0,12907.0,100.0,0.0,100.0,3.0,,,,,100.0,0.0,100.0,0.0,,,67.0,33.0,,,100.0,234.0,100.0,753.0,33.0,33.0,100.0,0.0,100.0,0.0,200.0,0.0,100.0,12745.0,100.0,51722541120.0,100.0,121361454644.0
2019-08-27,ZCH0D29B,ST12000NM0007,12000138625024,0,84.0,232196792.0,96.0,0.0,100.0,4.0,100.0,0.0,86.0,396425735.0,86.0,12907.0,100.0,0.0,100.0,3.0,,,,,100.0,0.0,100.0,0.0,,,67.0,33.0,,,100.0,234.0,100.0,753.0,33.0,33.0,100.0,0.0,100.0,0.0,200.0,0.0,100.0,12745.0,100.0,51722541120.0,100.0,121361454644.0
2019-08-28,ZCH0D29B,ST12000NM0007,12000138625024,0,84.0,233791832.0,96.0,0.0,100.0,4.0,100.0,0.0,86.0,400094416.0,86.0,12923.0,100.0,0.0,100.0,3.0,,,,,100.0,0.0,100.0,0.0,,,66.0,34.0,,,100.0,234.0,100.0,754.0,34.0,34.0,100.0,0.0,100.0,0.0,200.0,0.0,100.0,12760.0,100.0,51764160408.0,100.0,121565571028.0
2019-08-29,ZCH0D29B,ST12000NM0007,12000138625024,0,71.0,14022424.0,96.0,0.0,100.0,4.0,100.0,0.0,86.0,404723870.0,86.0,12955.0,100.0,0.0,100.0,3.0,,,,,100.0,0.0,100.0,0.0,,,66.0,34.0,,,100.0,234.0,100.0,755.0,34.0,34.0,100.0,0.0,100.0,0.0,200.0,0.0,100.0,12792.0,100.0,51854563640.0,100.0,121987820484.0
2019-08-30,ZCH0D29B,ST12000NM0007,12000138625024,0,83.0,180248808.0,96.0,0.0,100.0,4.0,100.0,0.0,86.0,410234123.0,86.0,12986.0,100.0,0.0,100.0,3.0,,,,,100.0,0.0,100.0,0.0,,,67.0,33.0,,,100.0,235.0,100.0,756.0,33.0,33.0,100.0,0.0,100.0,0.0,200.0,0.0,100.0,12824.0,100.0,51926573816.0,100.0,122326177524.0
2019-08-31,ZCH0D29B,ST12000NM0007,12000138625024,0,83.0,195189960.0,96.0,0.0,100.0,4.0,100.0,0.0,86.0,412409888.0,86.0,13002.0,100.0,0.0,100.0,3.0,,,,,100.0,0.0,100.0,0.0,,,66.0,34.0,,,100.0,235.0,100.0,757.0,34.0,34.0,100.0,0.0,100.0,0.0,200.0,0.0,100.0,12840.0,100.0,51968461448.0,100.0,122543371724.0
2019-09-01,ZCH0D29B,ST12000NM0007,12000138625024,0,83.0,190423808.0,96.0,0.0,100.0,4.0,100.0,0.0,86.0,416999093.0,86.0,13034.0,100.0,0.0,100.0,3.0,,,,,100.0,0.0,100.0,0.0,,,67.0,33.0,,,100.0,235.0,100.0,758.0,33.0,33.0,100.0,0.0,100.0,0.0,200.0,0.0,100.0,12871.0,100.0,52074075056.0,100.0,122921273572.0
2019-09-02,ZCH0D29B,ST12000NM0007,12000138625024,0,81.0,130837840.0,96.0,0.0,100.0,4.0,100.0,0.0,86.0,419127510.0,86.0,13050.0,100.0,0.0,100.0,3.0,,,,,100.0,0.0,100.0,0.0,,,67.0,33.0,,,100.0,235.0,100.0,759.0,33.0,33.0,100.0,0.0,100.0,0.0,200.0,0.0,100.0,12887.0,100.0,52136025912.0,100.0,123043877444.0
2019-09-03,ZCH0D29B,ST12000NM0007,12000138625024,0,76.0,39095488.0,96.0,0.0,100.0,4.0,100.0,0.0,86.0,424176884.0,86.0,13081.0,100.0,0.0,100.0,3.0,,,,,100.0,0.0,100.0,0.0,,,66.0,34.0,,,100.0,235.0,100.0,760.0,34.0,34.0,100.0,0.0,100.0,0.0,200.0,0.0,100.0,12919.0,100.0,52234751528.0,100.0,123341690828.0
2019-09-04,ZCH0D29B,ST12000NM0007,12000138625024,0,84.0,243922144.0,96.0,0.0,100.0,4.0,100.0,0.0,86.0,427056784.0,86.0,13097.0,100.0,0.0,100.0,3.0,,,,,100.0,0.0,100.0,0.0,,,66.0,34.0,,,100.0,235.0,100.0,761.0,34.0,34.0,100.0,0.0,100.0,0.0,200.0,0.0,100.0,12934.0,100.0,52306273160.0,100.0,123474995852.0
2019-09-05,ZCH0D29B,ST12000NM0007,12000138625024,0,82.0,151757264.0,96.0,0.0,100.0,4.0,100.0,0.0,86.0,431711157.0,86.0,13129.0,100.0,0.0,100.0,3.0,,,,,100.0,0.0,100.0,0.0,,,66.0,34.0,,,100.0,236.0,100.0,762.0,34.0,34.0,100.0,0.0,100.0,0.0,200.0,0.0,100.0,12966.0,100.0,52443236184.0,100.0,123734149612.0
2019-09-06,ZCH0D29B,ST12000NM0007,12000138625024,0,78.0,56889864.0,96.0,0.0,100.0,4.0,100.0,0.0,86.0,435030307.0,85.0,13145.0,100.0,0.0,100.0,3.0,,,,,100.0,0.0,100.0,0.0,,,67.0,33.0,,,100.0,236.0,100.0,764.0,33.0,33.0,100.0,0.0,100.0,0.0,200.0,0.0,100.0,12981.0,100.0,52476854800.0,100.0,123849804444.0
2019-09-07,ZCH0D29B,ST12000NM0007,12000138625024,0,81.0,125582768.0,96.0,0.0,100.0,4.0,100.0,0.0,86.0,438578154.0,85.0,13176.0,100.0,0.0,100.0,3.0,,,,,100.0,0.0,100.0,0.0,,,67.0,33.0,,,100.0,237.0,100.0,765.0,33.0,33.0,100.0,0.0,100.0,0.0,200.0,0.0,100.0,13013.0,100.0,52532358880.0,100.0,124107133996.0
2019-09-08,ZCH0D29B,ST12000NM0007,12000138625024,0,80.0,105335840.0,96.0,0.0,100.0,4.0,100.0,0.0,86.0,440861748.0,85.0,13192.0,100.0,0.0,100.0,3.0,,,,,100.0,0.0,100.0,0.0,,,67.0,33.0,,,100.0,238.0,100.0,766.0,33.0,33.0,100.0,0.0,100.0,0.0,200.0,0.0,100.0,13029.0,100.0,52589434440.0,100.0,124273952268.0
2019-09-09,ZCH0D29B,ST12000NM0007,12000138625024,0,79.0,80115184.0,96.0,0.0,100.0,4.0,100.0,0.0,87.0,447056096.0,85.0,13224.0,100.0,0.0,100.0,3.0,,,,,100.0,0.0,100.0,0.0,,,67.0,33.0,,,100.0,238.0,100.0,767.0,33.0,33.0,100.0,0.0,100.0,0.0,200.0,0.0,100.0,13060.0,100.0,52658909848.0,100.0,124667538084.0
2019-09-10,ZCH0D29B,ST12000NM0007,12000138625024,0,69.0,7567552.0,96.0,0.0,100.0,4.0,100.0,0.0,87.0,449174025.0,85.0,13240.0,100.0,0.0,100.0,3.0,,,,,100.0,0.0,100.0,0.0,,,68.0,32.0,,,100.0,238.0,100.0,768.0,32.0,32.0,100.0,0.0,100.0,0.0,200.0,0.0,100.0,13076.0,100.0,52684023704.0,100.0,124814017588.0
2019-09-11,ZCH0D29B,ST12000NM0007,12000138625024,0,70.0,10703776.0,96.0,0.0,100.0,4.0,100.0,0.0,87.0,454817995.0,85.0,13272.0,100.0,0.0,100.0,3.0,,,,,100.0,0.0,100.0,0.0,,,68.0,32.0,,,100.0,238.0,100.0,769.0,32.0,32.0,100.0,0.0,100.0,0.0,200.0,0.0,100.0,13108.0,100.0,52764007800.0,100.0,125225451436.0
2019-09-12,ZCH0D29B,ST12000NM0007,12000138625024,0,82.0,158258440.0,96.0,0.0,100.0,4.0,100.0,0.0,87.0,459626304.0,85.0,13303.0,100.0,0.0,100.0,3.0,,,,,100.0,0.0,100.0,0.0,,,68.0,32.0,,,100.0,240.0,100.0,772.0,32.0,32.0,100.0,0.0,100.0,0.0,200.0,0.0,100.0,13139.0,100.0,52964803576.0,100.0,125660492476.0
2019-09-13,ZCH0D29B,ST12000NM0007,12000138625024,0,80.0,100436184.0,96.0,0.0,100.0,4.0,100.0,0.0,87.0,462936504.0,85.0,13319.0,100.0,0.0,100.0,3.0,,,,,100.0,0.0,100.0,0.0,,,67.0,33.0,,,100.0,240.0,100.0,772.0,33.0,33.0,100.0,0.0,100.0,0.0,200.0,0.0,100.0,13155.0,100.0,52996743304.0,100.0,125814871236.0
2019-09-14,ZCH0D29B,ST12000NM0007,12000138625024,0,78.0,65905936.0,96.0,0.0,100.0,4.0,100.0,0.0,87.0,467396552.0,85.0,13351.0,100.0,0.0,100.0,3.0,,,,,100.0,0.0,100.0,0.0,,,68.0,32.0,,,100.0,240.0,100.0,773.0,32.0,32.0,100.0,0.0,100.0,0.0,200.0,0.0,100.0,13186.0,100.0,53120896368.0,100.0,126144469548.0
2019-09-15,ZCH0D29B,ST12000NM0007,12000138625024,0,76.0,40388144.0,96.0,0.0,100.0,4.0,100.0,0.0,87.0,469708335.0,85.0,13366.0,100.0,0.0,100.0,3.0,,,,,100.0,0.0,100.0,0.0,,,66.0,34.0,,,100.0,241.0,100.0,774.0,34.0,34.0,100.0,0.0,100.0,0.0,200.0,0.0,100.0,13202.0,100.0,53185363680.0,100.0,126298625260.0
2019-09-16,ZCH0D29B,ST12000NM0007,12000138625024,0,71.0,12814408.0,96.0,0.0,100.0,4.0,100.0,0.0,87.0,474537808.0,85.0,13398.0,100.0,0.0,100.0,3.0,,,,,100.0,0.0,100.0,0.0,,,68.0,32.0,,,100.0,241.0,100.0,775.0,32.0,32.0,100.0,0.0,100.0,0.0,200.0,0.0,100.0,13234.0,100.0,53304533320.0,100.0,126640163420.0
2019-09-17,ZCH0D29B,ST12000NM0007,12000138625024,0,83.0,177989744.0,96.0,0.0,100.0,4.0,100.0,0.0,87.0,476552159.0,85.0,13414.0,100.0,0.0,100.0,3.0,,,,,100.0,0.0,100.0,0.0,,,67.0,33.0,,,100.0,241.0,100.0,776.0,33.0,33.0,100.0,0.0,100.0,0.0,200.0,0.0,100.0,13249.0,100.0,53336445272.0,100.0,126773426804.0
2019-09-18,ZCH0D29B,ST12000NM0007,12000138625024,0,81.0,137728776.0,96.0,0.0,100.0,4.0,100.0,0.0,87.0,482173861.0,85.0,13445.0,100.0,0.0,100.0,3.0,,,,,100.0,0.0,100.0,0.0,,,68.0,32.0,,,100.0,241.0,100.0,778.0,32.0,32.0,100.0,0.0,100.0,0.0,200.0,0.0,100.0,13281.0,100.0,53415592032.0,100.0,127142303828.0
2019-09-19,ZCH0D29B,ST12000NM0007,12000138625024,0,82.0,147511112.0,96.0,0.0,100.0,4.0,100.0,0.0,87.0,484382464.0,85.0,13461.0,100.0,0.0,100.0,3.0,,,,,100.0,0.0,100.0,0.0,,,67.0,33.0,,,100.0,241.0,100.0,778.0,33.0,33.0,100.0,0.0,100.0,0.0,200.0,0.0,100.0,13296.0,100.0,53442726944.0,100.0,127369091908.0
2019-09-20,ZCH0D29B,ST12000NM0007,12000138625024,0,81.0,139691760.0,96.0,0.0,100.0,4.0,100.0,0.0,87.0,490878276.0,85.0,13493.0,100.0,0.0,100.0,3.0,,,,,100.0,0.0,100.0,0.0,,,67.0,33.0,,,100.0,242.0,100.0,780.0,33.0,33.0,100.0,0.0,100.0,0.0,200.0,0.0,100.0,13328.0,100.0,53574266808.0,100.0,127718014076.0
2019-09-21,ZCH0D29B,ST12000NM0007,12000138625024,0,80.0,101407264.0,96.0,0.0,100.0,4.0,100.0,0.0,87.0,493042912.0,85.0,13509.0,100.0,0.0,100.0,3.0,,,,,100.0,0.0,100.0,0.0,,,68.0,32.0,,,100.0,242.0,100.0,780.0,32.0,32.0,100.0,0.0,100.0,0.0,200.0,0.0,100.0,13344.0,100.0,53638803584.0,100.0,127859333452.0
2019-09-22,ZCH0D29B,ST12000NM0007,12000138625024,0,80.0,108674480.0,96.0,0.0,100.0,4.0,100.0,0.0,87.0,496215842.0,85.0,13540.0,100.0,0.0,100.0,3.0,,,,,100.0,0.0,100.0,0.0,,,68.0,32.0,,,100.0,242.0,100.0,781.0,32.0,32.0,100.0,0.0,100.0,0.0,200.0,0.0,100.0,13375.0,100.0,53692577608.0,100.0,128056967276.0
2019-09-23,ZCH0D29B,ST12000NM0007,12000138625024,0,80.0,101858600.0,96.0,0.0,100.0,4.0,100.0,0.0,87.0,498449692.0,85.0,13556.0,100.0,0.0,100.0,3.0,,,,,100.0,0.0,100.0,0.0,,,67.0,33.0,,,100.0,243.0,100.0,782.0,33.0,33.0,100.0,0.0,100.0,0.0,200.0,0.0,100.0,13391.0,100.0,53743117992.0,100.0,128243751852.0
2019-09-24,ZCH0D29B,ST12000NM0007,12000138625024,0,76.0,40343296.0,96.0,0.0,100.0,4.0,100.0,0.0,87.0,503700761.0,85.0,13588.0,100.0,0.0,100.0,3.0,,,,,100.0,0.0,100.0,0.0,,,67.0,33.0,,,100.0,243.0,100.0,783.0,33.0,33.0,100.0,0.0,100.0,0.0,200.0,0.0,100.0,13423.0,100.0,53829140128.0,100.0,128584496916.0
2019-09-25,ZCH0D29B,ST12000NM0007,12000138625024,0,70.0,10272512.0,96.0,0.0,100.0,4.0,100.0,0.0,87.0,506309740.0,85.0,13604.0,100.0,0.0,100.0,3.0,,,,,100.0,0.0,100.0,0.0,,,68.0,32.0,,,100.0,243.0,100.0,784.0,32.0,32.0,100.0,0.0,100.0,0.0,200.0,0.0,100.0,13438.0,100.0,53864804456.0,100.0,128762903580.0
2019-09-26,ZCH0D29B,ST12000NM0007,12000138625024,0,82.0,175716648.0,96.0,0.0,100.0,4.0,100.0,0.0,87.0,510298367.0,85.0,13635.0,100.0,0.0,100.0,3.0,,,,,100.0,0.0,100.0,0.0,,,66.0,34.0,,,100.0,243.0,100.0,786.0,34.0,34.0,100.0,0.0,100.0,0.0,200.0,0.0,100.0,13470.0,100.0,53928549472.0,100.0,129108743564.0
2019-09-27,ZCH0D29B,ST12000NM0007,12000138625024,0,80.0,108153296.0,96.0,0.0,100.0,4.0,100.0,0.0,87.0,513651582.0,85.0,13651.0,100.0,0.0,100.0,3.0,,,,,100.0,0.0,100.0,0.0,,,67.0,33.0,,,100.0,243.0,100.0,786.0,33.0,33.0,100.0,0.0,100.0,0.0,200.0,0.0,100.0,13485.0,100.0,53958775768.0,100.0,129255094548.0
2019-09-28,ZCH0D29B,ST12000NM0007,12000138625024,0,81.0,114717728.0,96.0,0.0,100.0,4.0,100.0,0.0,87.0,515865104.0,85.0,13667.0,100.0,0.0,100.0,3.0,,,,,100.0,0.0,100.0,0.0,,,67.0,33.0,,,100.0,243.0,100.0,787.0,33.0,33.0,100.0,0.0,100.0,0.0,200.0,0.0,100.0,13501.0,100.0,54031205040.0,100.0,129433370340.0
2019-09-29,ZCH0D29B,ST12000NM0007,12000138625024,0,82.0,158438706.0,94.0,0.0,100.0,5.0,100.0,0.0,87.0,520557823.0,85.0,13698.0,100.0,0.0,100.0,4.0,,,,,100.0,0.0,100.0,0.0,,,67.0,33.0,,,100.0,243.0,100.0,792.0,33.0,33.0,100.0,0.0,100.0,0.0,200.0,0.0,100.0,13532.0,100.0,54152862088.0,100.0,129843716254.0
2019-09-30,ZCH0D29B,ST12000NM0007,12000138625024,0,81.0,113221368.0,94.0,0.0,100.0,5.0,100.0,0.0,87.0,525039266.0,85.0,13730.0,100.0,0.0,100.0,4.0,,,,,100.0,0.0,100.0,0.0,,,66.0,34.0,,,100.0,244.0,100.0,793.0,34.0,34.0,100.0,0.0,100.0,0.0,200.0,0.0,100.0,13564.0,100.0,54264023424.0,100.0,130175619630.0
2019-10-01,ZCH0D29B,ST12000NM0007,12000138625024,0,78.0,66043072.0,94.0,0.0,100.0,5.0,100.0,0.0,87.0,526824546.0,85.0,13746.0,100.0,0.0,100.0,4.0,,,,,100.0,0.0,100.0,0.0,,,67.0,33.0,,,100.0,244.0,100.0,794.0,33.0,33.0,100.0,0.0,100.0,0.0,200.0,0.0,100.0,13580.0,100.0,54297363648.0,100.0,130339241742.0
2019-10-02,ZCH0D29B,ST12000NM0007,12000138625024,0,80.0,91162928.0,94.0,0.0,100.0,5.0,100.0,0.0,87.0,532148726.0,85.0,13778.0,100.0,0.0,100.0,4.0,,,,,100.0,0.0,100.0,0.0,,,67.0,33.0,,,100.0,244.0,100.0,795.0,33.0,33.0,100.0,0.0,100.0,0.0,200.0,0.0,100.0,13611.0,100.0,54378339760.0,100.0,130771667150.0
2019-10-03,ZCH0D29B,ST12000NM0007,12000138625024,0,74.0,26040000.0,94.0,0.0,100.0,5.0,100.0,0.0,87.0,533691280.0,85.0,13793.0,100.0,0.0,100.0,4.0,,,,,100.0,0.0,100.0,0.0,,,69.0,31.0,,,100.0,244.0,100.0,796.0,31.0,31.0,100.0,0.0,100.0,0.0,200.0,0.0,100.0,13626.0,100.0,54410894040.0,100.0,130918130590.0
2019-10-04,ZCH0D29B,ST12000NM0007,12000138625024,0,84.0,237913800.0,94.0,0.0,100.0,5.0,100.0,0.0,87.0,537440411.0,85.0,13825.0,100.0,0.0,100.0,4.0,,,,,100.0,0.0,100.0,0.0,,,68.0,32.0,,,100.0,245.0,100.0,797.0,32.0,32.0,100.0,0.0,100.0,0.0,200.0,0.0,100.0,13658.0,100.0,54444892656.0,100.0,131096005774.0
2019-10-05,ZCH0D29B,ST12000NM0007,12000138625024,0,80.0,90544992.0,94.0,0.0,100.0,5.0,100.0,0.0,87.0,538649229.0,85.0,13841.0,100.0,0.0,100.0,4.0,,,,,100.0,0.0,100.0,0.0,,,68.0,32.0,,,100.0,245.0,100.0,798.0,32.0,32.0,100.0,0.0,100.0,0.0,200.0,0.0,100.0,13674.0,100.0,54458787816.0,100.0,131178882478.0
2019-10-06,ZCH0D29B,ST12000NM0007,12000138625024,0,79.0,82107040.0,94.0,0.0,100.0,5.0,100.0,0.0,87.0,542972435.0,85.0,13873.0,100.0,0.0,100.0,4.0,,,,,100.0,0.0,100.0,0.0,,,67.0,33.0,,,100.0,245.0,100.0,799.0,33.0,33.0,100.0,0.0,100.0,0.0,200.0,0.0,100.0,13706.0,100.0,54495617616.0,100.0,131377755358.0
2019-10-07,ZCH0D29B,ST12000NM0007,12000138625024,0,82.0,174406408.0,94.0,0.0,100.0,5.0,100.0,0.0,87.0,544100858.0,85.0,13889.0,100.0,0.0,100.0,4.0,,,,,100.0,0.0,100.0,0.0,,,67.0,33.0,,,100.0,246.0,100.0,800.0,33.0,33.0,100.0,0.0,100.0,0.0,200.0,0.0,100.0,13721.0,100.0,54517349840.0,100.0,131448322502.0
2019-10-08,ZCH0D29B,ST12000NM0007,12000138625024,0,83.0,215754944.0,94.0,0.0,100.0,5.0,100.0,0.0,87.0,547802004.0,85.0,13920.0,100.0,0.0,100.0,4.0,,,,,100.0,0.0,100.0,0.0,,,67.0,33.0,,,100.0,247.0,100.0,801.0,33.0,33.0,100.0,0.0,100.0,0.0,200.0,0.0,100.0,13753.0,100.0,54611864120.0,100.0,131639297478.0
2019-10-09,ZCH0D29B,ST12000NM0007,12000138625024,0,81.0,112313472.0,94.0,0.0,100.0,5.0,100.0,0.0,87.0,550652466.0,85.0,13936.0,100.0,0.0,100.0,4.0,,,,,100.0,0.0,100.0,0.0,,,67.0,33.0,,,100.0,247.0,100.0,802.0,33.0,33.0,100.0,0.0,100.0,0.0,200.0,0.0,100.0,13769.0,100.0,54652491680.0,100.0,131739369134.0
2019-10-10,ZCH0D29B,ST12000NM0007,12000138625024,0,80.0,103021640.0,94.0,0.0,100.0,5.0,100.0,0.0,87.0,553242705.0,85.0,13968.0,100.0,0.0,100.0,4.0,,,,,100.0,0.0,100.0,0.0,,,67.0,33.0,,,100.0,248.0,100.0,803.0,33.0,33.0,100.0,0.0,100.0,0.0,200.0,0.0,100.0,13800.0,100.0,54705438480.0,100.0,131921271190.0
2019-10-11,ZCH0D29B,ST12000NM0007,12000138625024,0,83.0,220759192.0,94.0,0.0,100.0,5.0,100.0,0.0,87.0,555984919.0,85.0,13983.0,100.0,0.0,100.0,4.0,,,,,100.0,0.0,100.0,0.0,,,68.0,32.0,,,100.0,248.0,100.0,804.0,32.0,32.0,100.0,0.0,100.0,0.0,200.0,0.0,100.0,13816.0,100.0,54720868840.0,100.0,132023578382.0
2019-10-12,ZCH0D29B,ST12000NM0007,12000138625024,0,83.0,200534704.0,94.0,0.0,100.0,5.0,100.0,0.0,87.0,559059100.0,85.0,14015.0,100.0,0.0,100.0,4.0,,,,,100.0,0.0,100.0,0.0,,,67.0,33.0,,,100.0,248.0,100.0,805.0,33.0,33.0,100.0,0.0,100.0,0.0,200.0,0.0,100.0,13848.0,100.0,54756077168.0,100.0,132456427022.0
2019-10-13,ZCH0D29B,ST12000NM0007,12000138625024,0,80.0,93563416.0,94.0,0.0,100.0,5.0,100.0,0.0,88.0,563298771.0,84.0,14031.0,100.0,0.0,100.0,4.0,,,,,100.0,0.0,100.0,0.0,,,67.0,33.0,,,100.0,249.0,100.0,806.0,33.0,33.0,100.0,0.0,100.0,0.0,200.0,0.0,100.0,13863.0,100.0,54766141624.0,100.0,133315954382.0
2019-10-14,ZCH0D29B,ST12000NM0007,12000138625024,0,81.0,126197216.0,94.0,0.0,100.0,5.0,100.0,0.0,88.0,571015204.0,84.0,14063.0,100.0,0.0,100.0,4.0,,,,,100.0,0.0,100.0,0.0,,,67.0,33.0,,,100.0,249.0,100.0,807.0,33.0,33.0,100.0,0.0,100.0,0.0,200.0,0.0,100.0,13895.0,100.0,54787056256.0,100.0,134792518462.0
2019-10-15,ZCH0D29B,ST12000NM0007,12000138625024,0,82.0,156599480.0,94.0,0.0,100.0,5.0,100.0,0.0,88.0,579042180.0,84.0,14110.0,100.0,0.0,100.0,4.0,,,,,100.0,0.0,100.0,0.0,,,67.0,33.0,,,100.0,250.0,100.0,809.0,33.0,33.0,100.0,0.0,100.0,0.0,200.0,0.0,100.0,13942.0,100.0,54831992752.0,100.0,135754547062.0
2019-10-16,ZCH0D29B,ST12000NM0007,12000138625024,0,82.0,156599480.0,94.0,0.0,100.0,5.0,100.0,0.0,88.0,579042180.0,84.0,14110.0,100.0,0.0,100.0,4.0,,,,,100.0,0.0,100.0,0.0,,,67.0,33.0,,,100.0,250.0,100.0,809.0,33.0,33.0,100.0,0.0,100.0,0.0,200.0,0.0,100.0,13942.0,100.0,54831992752.0,100.0,135754547062.0
2019-10-17,ZCH0D29B,ST12000NM0007,12000138625024,0,83.0,223000600.0,94.0,0.0,100.0,5.0,100.0,0.0,88.0,579880588.0,84.0,14126.0,100.0,0.0,100.0,4.0,,,,,100.0,0.0,100.0,0.0,,,68.0,32.0,,,100.0,251.0,100.0,810.0,32.0,32.0,100.0,0.0,100.0,0.0,200.0,0.0,100.0,13958.0,100.0,54846902888.0,100.0,135806038046.0
2019-10-18,ZCH0D29B,ST12000NM0007,12000138625024,0,83.0,204200152.0,94.0,0.0,100.0,5.0,100.0,0.0,88.0,583424397.0,84.0,14158.0,100.0,0.0,100.0,4.0,,,,,100.0,0.0,100.0,0.0,,,68.0,32.0,,,100.0,252.0,100.0,812.0,32.0,32.0,100.0,0.0,100.0,0.0,200.0,0.0,100.0,13989.0,100.0,54896500088.0,100.0,135981781150.0
2019-10-19,ZCH0D29B,ST12000NM0007,12000138625024,0,76.0,38653376.0,94.0,0.0,100.0,5.0,100.0,0.0,88.0,584357229.0,84.0,14174.0,100.0,0.0,100.0,4.0,,,,,100.0,0.0,100.0,0.0,,,68.0,32.0,,,100.0,252.0,100.0,812.0,32.0,32.0,100.0,0.0,100.0,0.0,200.0,0.0,100.0,14005.0,100.0,54923133056.0,100.0,136033742190.0
2019-10-20,ZCH0D29B,ST12000NM0007,12000138625024,0,84.0,239784496.0,94.0,0.0,100.0,5.0,100.0,0.0,88.0,586678564.0,84.0,14205.0,100.0,0.0,100.0,4.0,,,,,100.0,0.0,100.0,0.0,,,68.0,32.0,,,100.0,253.0,100.0,814.0,32.0,32.0,100.0,0.0,100.0,0.0,200.0,0.0,100.0,14037.0,100.0,54956087616.0,100.0,136201918750.0
2019-10-21,ZCH0D29B,ST12000NM0007,12000138625024,0,79.0,84431608.0,94.0,0.0,100.0,5.0,100.0,0.0,88.0,587773763.0,84.0,14221.0,100.0,0.0,100.0,4.0,,,,,100.0,0.0,100.0,0.0,,,68.0,32.0,,,100.0,253.0,100.0,815.0,32.0,32.0,100.0,0.0,100.0,0.0,200.0,0.0,100.0,14053.0,100.0,54975383936.0,100.0,136271410326.0
2019-10-22,ZCH0D29B,ST12000NM0007,12000138625024,0,77.0,48323104.0,94.0,0.0,100.0,5.0,100.0,0.0,88.0,590189823.0,84.0,14253.0,100.0,0.0,100.0,4.0,,,,,100.0,0.0,100.0,0.0,,,70.0,30.0,,,100.0,254.0,100.0,816.0,30.0,30.0,100.0,0.0,100.0,0.0,200.0,0.0,100.0,14084.0,100.0,55018684856.0,100.0,136436141638.0
2019-10-23,ZCH0D29B,ST12000NM0007,12000138625024,0,83.0,188136352.0,94.0,0.0,100.0,5.0,100.0,0.0,88.0,593211636.0,84.0,14268.0,100.0,0.0,100.0,4.0,,,,,100.0,0.0,100.0,0.0,,,71.0,29.0,,,100.0,254.0,100.0,817.0,29.0,29.0,100.0,0.0,100.0,0.0,200.0,0.0,100.0,14099.0,100.0,55053855856.0,100.0,136540783886.0
2019-10-24,ZCH0D29B,ST12000NM0007,12000138625024,0,83.0,184702304.0,94.0,0.0,100.0,5.0,100.0,0.0,88.0,595724657.0,84.0,14300.0,100.0,0.0,100.0,4.0,,,,,100.0,0.0,100.0,0.0,,,70.0,30.0,,,100.0,255.0,100.0,818.0,30.0,30.0,100.0,0.0,100.0,0.0,200.0,0.0,100.0,14131.0,100.0,55110236184.0,100.0,136725110302.0
2019-10-25,ZCH0D29B,ST12000NM0007,12000138625024,0,83.0,189237290.0,94.0,0.0,100.0,5.0,100.0,0.0,88.0,599594896.0,84.0,14332.0,100.0,0.0,100.0,4.0,,,,,100.0,0.0,100.0,0.0,,,70.0,30.0,,,100.0,256.0,100.0,820.0,30.0,30.0,100.0,0.0,100.0,0.0,200.0,0.0,100.0,14162.0,100.0,55148296024.0,100.0,136935726096.0
2019-10-26,ZCH0D29B,ST12000NM0007,12000138625024,0,80.0,103915328.0,94.0,0.0,100.0,5.0,100.0,0.0,88.0,601060168.0,84.0,14348.0,100.0,0.0,100.0,4.0,,,,,100.0,0.0,100.0,0.0,,,71.0,29.0,,,100.0,256.0,100.0,820.0,29.0,29.0,100.0,0.0,100.0,0.0,200.0,0.0,100.0,14178.0,100.0,55175437520.0,100.0,137067403496.0
2019-10-27,ZCH0D29B,ST12000NM0007,12000138625024,0,82.0,144666072.0,94.0,0.0,100.0,5.0,100.0,0.0,88.0,605689449.0,84.0,14379.0,100.0,0.0,100.0,4.0,,,,,100.0,0.0,100.0,0.0,,,71.0,29.0,,,100.0,256.0,100.0,822.0,29.0,29.0,100.0,0.0,100.0,0.0,200.0,0.0,100.0,14210.0,100.0,55248508144.0,100.0,137279224272.0
2019-10-28,ZCH0D29B,ST12000NM0007,12000138625024,0,80.0,98252960.0,94.0,0.0,100.0,5.0,100.0,0.0,88.0,607037697.0,84.0,14395.0,100.0,0.0,100.0,4.0,,,,,100.0,0.0,100.0,0.0,,,71.0,29.0,,,100.0,256.0,100.0,822.0,29.0,29.0,100.0,0.0,100.0,0.0,200.0,0.0,100.0,14225.0,100.0,55276187712.0,100.0,137449272464.0
2019-10-29,ZCH0D29B,ST12000NM0007,12000138625024,0,81.0,130205584.0,94.0,0.0,100.0,5.0,100.0,0.0,88.0,610953093.0,84.0,14427.0,100.0,0.0,100.0,4.0,,,,,100.0,0.0,100.0,0.0,,,67.0,33.0,,,100.0,257.0,100.0,824.0,33.0,33.0,100.0,0.0,100.0,0.0,200.0,0.0,100.0,14257.0,100.0,55318782984.0,100.0,137926911512.0
2019-10-30,ZCH0D29B,ST12000NM0007,12000138625024,0,81.0,114427128.0,94.0,0.0,100.0,5.0,100.0,0.0,88.0,613268610.0,84.0,14442.0,100.0,0.0,100.0,4.0,,,,,100.0,0.0,100.0,0.0,,,67.0,33.0,,,100.0,257.0,100.0,824.0,33.0,33.0,100.0,0.0,100.0,0.0,200.0,0.0,100.0,14273.0,100.0,55339589232.0,100.0,138134467848.0
2019-10-31,ZCH0D29B,ST12000NM0007,12000138625024,0,80.0,90365680.0,94.0,0.0,100.0,5.0,100.0,0.0,88.0,615994333.0,84.0,14474.0,100.0,0.0,100.0,4.0,,,,,100.0,0.0,100.0,0.0,,,68.0,32.0,,,100.0,257.0,100.0,826.0,32.0,32.0,100.0,0.0,100.0,0.0,200.0,0.0,100.0,14304.0,100.0,55367454816.0,100.0,138570822440.0
2019-11-01,ZCH0D29B,ST12000NM0007,12000138625024,0,68.0,5930888.0,94.0,0.0,100.0,5.0,100.0,0.0,88.0,618838321.0,84.0,14490.0,100.0,0.0,100.0,4.0,,,,,100.0,0.0,100.0,0.0,,,67.0,33.0,,,100.0,257.0,100.0,826.0,33.0,33.0,100.0,0.0,100.0,0.0,200.0,0.0,100.0,14320.0,100.0,55373148104.0,100.0,138724835040.0
2019-11-02,ZCH0D29B,ST12000NM0007,12000138625024,0,74.0,24715120.0,94.0,0.0,100.0,5.0,100.0,0.0,88.0,621909646.0,84.0,14521.0,100.0,0.0,100.0,4.0,,,,,100.0,0.0,100.0,0.0,,,69.0,31.0,,,100.0,257.0,100.0,828.0,31.0,31.0,100.0,0.0,100.0,0.0,200.0,0.0,100.0,14351.0,100.0,55441392032.0,100.0,139163657416.0
2019-11-03,ZCH0D29B,ST12000NM0007,12000138625024,0,81.0,114383560.0,94.0,0.0,100.0,5.0,100.0,0.0,88.0,622874076.0,84.0,14537.0,100.0,0.0,100.0,4.0,,,,,100.0,0.0,100.0,0.0,,,68.0,32.0,,,100.0,257.0,100.0,828.0,32.0,32.0,100.0,0.0,100.0,0.0,200.0,0.0,100.0,14367.0,100.0,55453373720.0,100.0,139241344168.0
2019-11-04,ZCH0D29B,ST12000NM0007,12000138625024,0,83.0,216135424.0,94.0,0.0,100.0,5.0,100.0,0.0,88.0,625202923.0,84.0,14569.0,100.0,0.0,100.0,4.0,,,,,100.0,0.0,100.0,0.0,,,69.0,31.0,,,100.0,258.0,100.0,830.0,31.0,31.0,100.0,0.0,100.0,0.0,200.0,0.0,100.0,14398.0,100.0,55493808200.0,100.0,139546802208.0
2019-11-05,ZCH0D29B,ST12000NM0007,12000138625024,0,83.0,208194760.0,94.0,0.0,100.0,5.0,100.0,0.0,88.0,626583854.0,84.0,14584.0,100.0,0.0,100.0,4.0,,,,,100.0,0.0,100.0,0.0,,,67.0,33.0,,,100.0,258.0,100.0,830.0,33.0,33.0,100.0,0.0,100.0,0.0,200.0,0.0,100.0,14414.0,100.0,55511326256.0,100.0,139765484688.0
2019-11-06,ZCH0D29B,ST12000NM0007,12000138625024,0,73.0,19866608.0,94.0,0.0,100.0,5.0,100.0,0.0,88.0,631437850.0,84.0,14616.0,100.0,0.0,100.0,4.0,,,,,100.0,0.0,100.0,0.0,,,68.0,32.0,,,100.0,258.0,100.0,832.0,32.0,32.0,100.0,0.0,100.0,0.0,200.0,0.0,100.0,14445.0,100.0,55558451568.0,100.0,140262455728.0
2019-11-07,ZCH0D29B,ST12000NM0007,12000138625024,0,78.0,70772392.0,94.0,0.0,100.0,5.0,100.0,0.0,88.0,632988154.0,84.0,14632.0,100.0,0.0,100.0,4.0,,,,,100.0,0.0,100.0,0.0,,,68.0,32.0,,,100.0,258.0,100.0,833.0,32.0,32.0,100.0,0.0,100.0,0.0,200.0,0.0,100.0,14461.0,100.0,55576849136.0,100.0,140539104608.0
2019-11-08,ZCH0D29B,ST12000NM0007,12000138625024,0,80.0,109084848.0,94.0,0.0,100.0,5.0,100.0,0.0,88.0,637519715.0,84.0,14663.0,100.0,0.0,100.0,4.0,,,,,100.0,0.0,100.0,0.0,,,68.0,32.0,,,100.0,258.0,100.0,834.0,32.0,32.0,100.0,0.0,100.0,0.0,200.0,0.0,100.0,14493.0,100.0,55627475632.0,100.0,140770931328.0
2019-11-09,ZCH0D29B,ST12000NM0007,12000138625024,0,80.0,98179760.0,94.0,0.0,100.0,5.0,100.0,0.0,88.0,638878069.0,84.0,14679.0,100.0,0.0,100.0,4.0,,,,,100.0,0.0,100.0,0.0,,,68.0,32.0,,,100.0,259.0,100.0,835.0,32.0,32.0,100.0,0.0,100.0,0.0,200.0,0.0,100.0,14508.0,100.0,55640418648.0,100.0,140991224024.0
2019-11-10,ZCH0D29B,ST12000NM0007,12000138625024,0,82.0,177047632.0,94.0,0.0,100.0,5.0,100.0,0.0,88.0,642140386.0,84.0,14711.0,100.0,0.0,100.0,4.0,,,,,100.0,0.0,100.0,0.0,,,67.0,33.0,,,100.0,259.0,100.0,836.0,33.0,33.0,100.0,0.0,100.0,0.0,200.0,0.0,100.0,14540.0,100.0,55674025216.0,100.0,141524766864.0
2019-11-11,ZCH0D29B,ST12000NM0007,12000138625024,0,78.0,69028704.0,94.0,0.0,100.0,5.0,100.0,0.0,88.0,646805083.0,84.0,14726.0,100.0,0.0,100.0,4.0,,,,,100.0,0.0,100.0,0.0,,,67.0,33.0,,,100.0,260.0,100.0,837.0,33.0,33.0,100.0,0.0,100.0,0.0,200.0,0.0,100.0,14556.0,100.0,55674782552.0,100.0,142392553744.0
2019-11-12,ZCH0D29B,ST12000NM0007,12000138625024,0,83.0,178349180.0,90.0,0.0,100.0,8.0,100.0,0.0,88.0,652972271.0,84.0,14765.0,100.0,0.0,100.0,7.0,,,,,100.0,0.0,100.0,0.0,,,70.0,30.0,,,100.0,262.0,100.0,847.0,30.0,30.0,100.0,0.0,100.0,0.0,200.0,0.0,100.0,14593.0,100.0,55676508704.0,100.0,143476710996.0
2019-11-13,ZCH0D29B,ST12000NM0007,12000138625024,0,78.0,61329584.0,90.0,0.0,100.0,8.0,100.0,0.0,88.0,656739868.0,84.0,14781.0,100.0,0.0,100.0,7.0,,,,,100.0,0.0,100.0,0.0,,,70.0,30.0,,,100.0,262.0,100.0,847.0,30.0,30.0,100.0,0.0,100.0,0.0,200.0,0.0,100.0,14609.0,100.0,55678889096.0,100.0,144089733276.0
2019-11-14,ZCH0D29B,ST12000NM0007,12000138625024,0,82.0,168618728.0,90.0,0.0,100.0,8.0,100.0,0.0,88.0,660625542.0,84.0,14797.0,100.0,0.0,100.0,7.0,,,,,100.0,0.0,100.0,0.0,,,69.0,31.0,,,100.0,262.0,100.0,848.0,31.0,31.0,100.0,0.0,100.0,0.0,200.0,0.0,100.0,14625.0,100.0,55686183544.0,100.0,144678009460.0
2019-11-15,ZCH0D29B,ST12000NM0007,12000138625024,0,81.0,115379080.0,90.0,0.0,100.0,9.0,100.0,0.0,88.0,668459140.0,84.0,14829.0,100.0,0.0,100.0,8.0,,,,,100.0,0.0,100.0,0.0,,,69.0,31.0,,,100.0,262.0,100.0,851.0,31.0,31.0,100.0,0.0,100.0,0.0,200.0,0.0,100.0,14656.0,100.0,55698536408.0,100.0,145588979840.0
2019-11-16,ZCH0D29B,ST12000NM0007,12000138625024,0,65.0,3087000.0,90.0,0.0,100.0,9.0,100.0,0.0,88.0,676889622.0,84.0,14861.0,100.0,0.0,100.0,8.0,,,,,100.0,0.0,100.0,0.0,,,69.0,31.0,,,100.0,263.0,100.0,852.0,31.0,31.0,100.0,0.0,100.0,0.0,200.0,0.0,100.0,14687.0,100.0,55702897168.0,100.0,146693030864.0
2019-11-17,ZCH0D29B,ST12000NM0007,12000138625024,0,76.0,36371864.0,90.0,0.0,100.0,9.0,100.0,0.0,88.0,682074123.0,84.0,14877.0,100.0,0.0,100.0,8.0,,,,,100.0,0.0,100.0,0.0,,,69.0,31.0,,,100.0,263.0,100.0,853.0,31.0,31.0,100.0,0.0,100.0,0.0,200.0,0.0,100.0,14703.0,100.0,55707299472.0,100.0,147210194960.0
2019-11-18,ZCH0D29B,ST12000NM0007,12000138625024,0,79.0,85883504.0,90.0,0.0,100.0,9.0,100.0,0.0,88.0,688705017.0,83.0,14908.0,100.0,0.0,100.0,8.0,,,,,100.0,0.0,100.0,0.0,,,69.0,31.0,,,100.0,263.0,100.0,854.0,31.0,31.0,100.0,0.0,100.0,0.0,200.0,0.0,100.0,14735.0,100.0,55715704872.0,100.0,148227864072.0
2019-11-19,ZCH0D29B,ST12000NM0007,12000138625024,0,82.0,168703000.0,90.0,0.0,100.0,9.0,100.0,0.0,88.0,692272769.0,83.0,14924.0,100.0,0.0,100.0,8.0,,,,,100.0,0.0,100.0,0.0,,,67.0,33.0,,,100.0,263.0,100.0,855.0,33.0,33.0,100.0,0.0,100.0,0.0,200.0,0.0,100.0,14751.0,100.0,55717440480.0,100.0,149041370048.0
2019-11-20,ZCH0D29B,ST12000NM0007,12000138625024,0,72.0,15007528.0,90.0,0.0,100.0,9.0,100.0,0.0,88.0,696356500.0,83.0,14940.0,100.0,0.0,100.0,8.0,,,,,100.0,0.0,100.0,0.0,,,66.0,34.0,,,100.0,263.0,100.0,855.0,34.0,34.0,100.0,0.0,100.0,0.0,200.0,0.0,100.0,14767.0,100.0,55721193944.0,100.0,149860483976.0
2019-11-21,ZCH0D29B,ST12000NM0007,12000138625024,0,83.0,192215600.0,90.0,0.0,100.0,9.0,100.0,0.0,88.0,707223823.0,83.0,14972.0,100.0,0.0,100.0,8.0,,,,,100.0,0.0,100.0,0.0,,,66.0,34.0,,,100.0,263.0,100.0,857.0,34.0,34.0,100.0,0.0,100.0,0.0,200.0,0.0,100.0,14798.0,100.0,55725069400.0,100.0,152475224040.0
2019-11-22,ZCH0D29B,ST12000NM0007,12000138625024,0,81.0,123831496.0,90.0,0.0,100.0,9.0,100.0,0.0,89.0,713376064.0,83.0,14988.0,100.0,0.0,100.0,8.0,,,,,100.0,0.0,100.0,0.0,,,67.0,33.0,,,100.0,263.0,100.0,857.0,33.0,33.0,100.0,0.0,100.0,0.0,200.0,0.0,100.0,14814.0,100.0,55725165176.0,100.0,154115729712.0
2019-11-23,ZCH0D29B,ST12000NM0007,12000138625024,0,75.0,34859368.0,90.0,0.0,100.0,9.0,100.0,0.0,89.0,724517973.0,83.0,15019.0,100.0,0.0,100.0,8.0,,,,,100.0,0.0,100.0,0.0,,,66.0,34.0,,,100.0,264.0,100.0,859.0,34.0,34.0,100.0,0.0,100.0,0.0,200.0,0.0,100.0,14845.0,100.0,55725215784.0,100.0,156712255672.0
2019-11-24,ZCH0D29B,ST12000NM0007,12000138625024,0,82.0,165010656.0,90.0,0.0,100.0,9.0,100.0,0.0,89.0,734068741.0,83.0,15051.0,100.0,0.0,100.0,8.0,,,,,100.0,0.0,100.0,0.0,,,67.0,33.0,,,100.0,265.0,100.0,860.0,33.0,33.0,100.0,0.0,100.0,0.0,200.0,0.0,100.0,14877.0,100.0,55725297920.0,100.0,159039591984.0
2019-11-25,ZCH0D29B,ST12000NM0007,12000138625024,0,79.0,89085984.0,90.0,0.0,100.0,9.0,100.0,0.0,89.0,739153115.0,83.0,15067.0,100.0,0.0,100.0,8.0,,,,,100.0,0.0,100.0,0.0,,,66.0,34.0,,,100.0,266.0,100.0,861.0,34.0,34.0,100.0,0.0,100.0,0.0,200.0,0.0,100.0,14892.0,100.0,55725303368.0,100.0,159940224968.0
2019-11-26,ZCH0D29B,ST12000NM0007,12000138625024,0,80.0,99814816.0,90.0,0.0,100.0,9.0,100.0,0.0,89.0,749486449.0,83.0,15098.0,100.0,0.0,100.0,8.0,,,,,100.0,0.0,100.0,0.0,,,66.0,34.0,,,100.0,266.0,100.0,862.0,34.0,34.0,100.0,0.0,100.0,0.0,200.0,0.0,100.0,14924.0,100.0,55725374576.0,100.0,161659867904.0
2019-11-27,ZCH0D29B,ST12000NM0007,12000138625024,0,84.0,229213944.0,90.0,0.0,100.0,9.0,100.0,0.0,89.0,754903007.0,83.0,15114.0,100.0,0.0,100.0,8.0,,,,,100.0,0.0,100.0,0.0,,,65.0,35.0,,,100.0,266.0,100.0,862.0,35.0,35.0,100.0,0.0,100.0,0.0,200.0,0.0,100.0,14940.0,100.0,55725392664.0,100.0,162521671152.0
2019-11-28,ZCH0D29B,ST12000NM0007,12000138625024,0,82.0,174796440.0,90.0,0.0,100.0,9.0,100.0,0.0,89.0,759705166.0,83.0,15130.0,100.0,0.0,100.0,8.0,,,,,100.0,0.0,100.0,0.0,,,65.0,35.0,,,100.0,267.0,100.0,864.0,35.0,35.0,100.0,0.0,100.0,0.0,200.0,0.0,100.0,14955.0,100.0,55725466536.0,100.0,163199602000.0
2019-11-29,ZCH0D29B,ST12000NM0007,12000138625024,0,79.0,84958024.0,90.0,0.0,100.0,9.0,100.0,0.0,89.0,769494259.0,83.0,15162.0,100.0,0.0,100.0,8.0,,,,,100.0,0.0,100.0,0.0,,,67.0,33.0,,,100.0,267.0,100.0,865.0,33.0,33.0,100.0,0.0,100.0,0.0,200.0,0.0,100.0,14987.0,100.0,55725544736.0,100.0,164574529880.0
2019-11-30,ZCH0D29B,ST12000NM0007,12000138625024,0,75.0,32708264.0,90.0,0.0,100.0,9.0,100.0,0.0,89.0,770397549.0,83.0,15177.0,100.0,0.0,100.0,8.0,,,,,100.0,0.0,100.0,0.0,,,67.0,33.0,,,100.0,267.0,100.0,866.0,33.0,33.0,100.0,0.0,100.0,0.0,200.0,0.0,100.0,15003.0,100.0,55725787056.0,100.0,164766178680.0
2019-12-01,ZCH0D29B,ST12000NM0007,12000138625024,0,84.0,238326216.0,90.0,0.0,100.0,9.0,100.0,0.0,89.0,772600167.0,83.0,15209.0,100.0,0.0,100.0,8.0,,,,,100.0,0.0,100.0,0.0,,,67.0,33.0,,,100.0,267.0,100.0,867.0,33.0,33.0,100.0,0.0,100.0,0.0,200.0,0.0,100.0,15035.0,100.0,55726275664.0,100.0,165215448656.0
2019-12-02,ZCH0D29B,ST12000NM0007,12000138625024,0,82.0,174328264.0,90.0,0.0,100.0,9.0,100.0,0.0,89.0,774319438.0,83.0,15241.0,100.0,0.0,100.0,8.0,,,,,100.0,0.0,100.0,0.0,,,67.0,33.0,,,100.0,268.0,100.0,868.0,33.0,33.0,100.0,0.0,100.0,0.0,200.0,0.0,100.0,15066.0,100.0,55726760024.0,100.0,165639247752.0
2019-12-03,ZCH0D29B,ST12000NM0007,12000138625024,0,79.0,85203672.0,90.0,0.0,100.0,9.0,100.0,0.0,89.0,775018849.0,83.0,15257.0,100.0,0.0,100.0,8.0,,,,,100.0,0.0,100.0,0.0,,,69.0,31.0,,,100.0,269.0,100.0,869.0,31.0,31.0,100.0,0.0,100.0,0.0,200.0,0.0,100.0,15082.0,100.0,55727003248.0,100.0,165794020568.0
2019-12-04,ZCH0D29B,ST12000NM0007,12000138625024,0,82.0,174290592.0,90.0,0.0,100.0,9.0,100.0,0.0,89.0,778215634.0,83.0,15288.0,100.0,0.0,100.0,8.0,,,,,100.0,0.0,100.0,0.0,,,71.0,29.0,,,100.0,270.0,100.0,870.0,29.0,29.0,100.0,0.0,100.0,0.0,200.0,0.0,100.0,15113.0,100.0,55727563040.0,100.0,166126688432.0
2019-12-05,ZCH0D29B,ST12000NM0007,12000138625024,0,83.0,222908232.0,90.0,0.0,100.0,9.0,100.0,0.0,89.0,780030163.0,83.0,15320.0,100.0,0.0,100.0,8.0,,,,,100.0,0.0,100.0,0.0,,,71.0,29.0,,,100.0,271.0,100.0,872.0,29.0,29.0,100.0,0.0,100.0,0.0,200.0,0.0,100.0,15144.0,100.0,55728024416.0,100.0,166418985552.0
2019-12-06,ZCH0D29B,ST12000NM0007,12000138625024,0,81.0,115823832.0,90.0,0.0,100.0,9.0,100.0,0.0,89.0,782068617.0,83.0,15336.0,100.0,0.0,100.0,8.0,,,,,100.0,0.0,100.0,0.0,,,71.0,29.0,,,100.0,271.0,100.0,872.0,29.0,29.0,100.0,0.0,100.0,0.0,200.0,0.0,100.0,15160.0,100.0,55728188536.0,100.0,166555877672.0
2019-12-07,ZCH0D29B,ST12000NM0007,12000138625024,0,73.0,19691064.0,90.0,0.0,100.0,9.0,100.0,0.0,89.0,782846235.0,83.0,15352.0,100.0,0.0,100.0,8.0,,,,,100.0,0.0,100.0,0.0,,,71.0,29.0,,,100.0,272.0,100.0,873.0,29.0,29.0,100.0,0.0,100.0,0.0,200.0,0.0,100.0,15176.0,100.0,55728430552.0,100.0,166703643552.0
2019-12-08,ZCH0D29B,ST12000NM0007,12000138625024,0,81.0,137427240.0,90.0,0.0,100.0,9.0,100.0,0.0,89.0,784481510.0,83.0,15383.0,100.0,0.0,100.0,8.0,,,,,100.0,0.0,100.0,0.0,,,70.0,30.0,,,100.0,273.0,100.0,874.0,30.0,30.0,100.0,0.0,100.0,0.0,200.0,0.0,100.0,15208.0,100.0,55728913688.0,100.0,167065040704.0
2019-12-09,ZCH0D29B,ST12000NM0007,12000138625024,0,78.0,56371080.0,90.0,0.0,100.0,9.0,100.0,0.0,89.0,785265477.0,83.0,15399.0,100.0,0.0,100.0,8.0,,,,,100.0,0.0,100.0,0.0,,,71.0,29.0,,,100.0,273.0,100.0,875.0,29.0,29.0,100.0,0.0,100.0,0.0,200.0,0.0,100.0,15223.0,100.0,55729155448.0,100.0,167227883544.0
2019-12-10,ZCH0D29B,ST12000NM0007,12000138625024,0,82.0,155826936.0,90.0,0.0,100.0,9.0,100.0,0.0,89.0,787504004.0,83.0,15430.0,100.0,0.0,100.0,8.0,,,,,100.0,0.0,100.0,0.0,,,67.0,33.0,,,100.0,274.0,100.0,876.0,33.0,33.0,100.0,0.0,100.0,0.0,200.0,0.0,100.0,15254.0,100.0,55729638192.0,100.0,167570997528.0
2019-12-11,ZCH0D29B,ST12000NM0007,12000138625024,0,77.0,52337280.0,90.0,0.0,100.0,9.0,100.0,0.0,89.0,790280746.0,83.0,15462.0,100.0,0.0,100.0,8.0,,,,,100.0,0.0,100.0,0.0,,,69.0,31.0,,,100.0,275.0,100.0,878.0,31.0,31.0,100.0,0.0,100.0,0.0,200.0,0.0,100.0,15286.0,100.0,55730123008.0,100.0,167955304544.0
2019-12-12,ZCH0D29B,ST12000NM0007,12000138625024,0,84.0,239520808.0,90.0,0.0,100.0,9.0,100.0,0.0,89.0,791040398.0,83.0,15478.0,100.0,0.0,100.0,8.0,,,,,100.0,0.0,100.0,0.0,,,69.0,31.0,,,100.0,275.0,100.0,878.0,31.0,31.0,100.0,0.0,100.0,0.0,200.0,0.0,100.0,15301.0,100.0,55730363896.0,100.0,168142247184.0
2019-12-13,ZCH0D29B,ST12000NM0007,12000138625024,0,80.0,111206920.0,90.0,0.0,100.0,9.0,100.0,0.0,89.0,794211426.0,83.0,15509.0,100.0,0.0,100.0,8.0,,,,,100.0,0.0,100.0,0.0,,,68.0,32.0,,,100.0,277.0,100.0,880.0,32.0,32.0,100.0,0.0,100.0,0.0,200.0,0.0,100.0,15333.0,100.0,55730741904.0,100.0,168501836640.0
2019-12-14,ZCH0D29B,ST12000NM0007,12000138625024,0,77.0,55131424.0,90.0,0.0,100.0,9.0,100.0,0.0,89.0,795008390.0,83.0,15525.0,100.0,0.0,100.0,8.0,,,,,100.0,0.0,100.0,0.0,,,69.0,31.0,,,100.0,277.0,100.0,880.0,31.0,31.0,100.0,0.0,100.0,0.0,200.0,0.0,100.0,15348.0,100.0,55730983360.0,100.0,168689660360.0
2019-12-15,ZCH0D29B,ST12000NM0007,12000138625024,0,80.0,103634040.0,90.0,0.0,100.0,9.0,100.0,0.0,89.0,796825328.0,83.0,15557.0,100.0,0.0,100.0,8.0,,,,,100.0,0.0,100.0,0.0,,,68.0,32.0,,,100.0,278.0,100.0,882.0,32.0,32.0,100.0,0.0,100.0,0.0,200.0,0.0,100.0,15380.0,100.0,55731472936.0,100.0,168981814160.0
2019-12-16,ZCH0D29B,ST12000NM0007,12000138625024,0,74.0,25076192.0,90.0,0.0,100.0,9.0,100.0,0.0,89.0,797885512.0,83.0,15573.0,100.0,0.0,100.0,8.0,,,,,100.0,0.0,100.0,0.0,,,69.0,31.0,,,100.0,278.0,100.0,882.0,31.0,31.0,100.0,0.0,100.0,0.0,200.0,0.0,100.0,15396.0,100.0,55731717656.0,100.0,169147152712.0
2019-12-17,ZCH0D29B,ST12000NM0007,12000138625024,0,80.0,99135296.0,90.0,0.0,100.0,9.0,100.0,0.0,89.0,801121630.0,83.0,15605.0,100.0,0.0,100.0,8.0,,,,,100.0,0.0,100.0,0.0,,,68.0,32.0,,,100.0,280.0,100.0,884.0,32.0,32.0,100.0,0.0,100.0,0.0,200.0,0.0,100.0,15427.0,100.0,55732204600.0,100.0,169464865504.0
2019-12-18,ZCH0D29B,ST12000NM0007,12000138625024,0,74.0,24085568.0,90.0,0.0,100.0,9.0,100.0,0.0,89.0,801892401.0,83.0,15620.0,100.0,0.0,100.0,8.0,,,,,100.0,0.0,100.0,0.0,,,67.0,33.0,,,100.0,280.0,100.0,884.0,33.0,33.0,100.0,0.0,100.0,0.0,200.0,0.0,100.0,15443.0,100.0,55732447792.0,100.0,169633713584.0
2019-12-19,ZCH0D29B,ST12000NM0007,12000138625024,0,83.0,201594336.0,90.0,0.0,100.0,9.0,100.0,0.0,89.0,802710006.0,83.0,15636.0,100.0,0.0,100.0,8.0,,,,,100.0,0.0,100.0,0.0,,,68.0,32.0,,,100.0,280.0,100.0,885.0,32.0,32.0,100.0,0.0,100.0,0.0,200.0,0.0,100.0,15459.0,100.0,55732690528.0,100.0,169810979616.0
2019-12-20,ZCH0D29B,ST12000NM0007,12000138625024,0,77.0,51337216.0,90.0,0.0,100.0,9.0,100.0,0.0,89.0,804251835.0,83.0,15668.0,100.0,0.0,100.0,8.0,,,,,100.0,0.0,100.0,0.0,,,68.0,32.0,,,100.0,280.0,100.0,887.0,32.0,32.0,100.0,0.0,100.0,0.0,200.0,0.0,100.0,15490.0,100.0,55733176768.0,100.0,170148517730.0
2019-12-21,ZCH0D29B,ST12000NM0007,12000138625024,0,81.0,140671088.0,90.0,0.0,100.0,9.0,100.0,0.0,89.0,805832852.0,83.0,15700.0,100.0,0.0,100.0,8.0,,,,,100.0,0.0,100.0,0.0,,,68.0,32.0,,,100.0,281.0,100.0,888.0,32.0,32.0,100.0,0.0,100.0,0.0,200.0,0.0,100.0,15522.0,100.0,55733658400.0,100.0,170481510762.0
2019-12-22,ZCH0D29B,ST12000NM0007,12000138625024,0,78.0,65231864.0,90.0,0.0,100.0,9.0,100.0,0.0,89.0,806629188.0,83.0,15715.0,100.0,0.0,100.0,8.0,,,,,100.0,0.0,100.0,0.0,,,68.0,32.0,,,100.0,282.0,100.0,889.0,32.0,32.0,100.0,0.0,100.0,0.0,200.0,0.0,100.0,15537.0,100.0,55733898344.0,100.0,170649972330.0
2019-12-23,ZCH0D29B,ST12000NM0007,12000138625024,0,79.0,80482008.0,90.0,0.0,100.0,9.0,100.0,0.0,89.0,808064699.0,83.0,15747.0,100.0,0.0,100.0,8.0,,,,,100.0,0.0,100.0,0.0,,,67.0,33.0,,,100.0,283.0,100.0,890.0,33.0,33.0,100.0,0.0,100.0,0.0,200.0,0.0,100.0,15569.0,100.0,55734378328.0,100.0,170908883410.0
2019-12-24,ZCH0D29B,ST12000NM0007,12000138625024,0,72.0,14450888.0,90.0,0.0,100.0,9.0,100.0,0.0,89.0,808883144.0,83.0,15763.0,100.0,0.0,100.0,8.0,,,,,100.0,0.0,100.0,0.0,,,71.0,29.0,,,100.0,283.0,100.0,890.0,29.0,29.0,100.0,0.0,100.0,0.0,200.0,0.0,100.0,15584.0,100.0,55734619384.0,100.0,171086752154.0
2019-12-25,ZCH0D29B,ST12000NM0007,12000138625024,0,79.0,75535216.0,90.0,0.0,100.0,9.0,100.0,0.0,89.0,810459149.0,82.0,15794.0,100.0,0.0,100.0,8.0,,,,,100.0,0.0,100.0,0.0,,,71.0,29.0,,,100.0,285.0,100.0,892.0,29.0,29.0,100.0,0.0,100.0,0.0,200.0,0.0,100.0,15616.0,100.0,55735100856.0,100.0,171391495922.0
2019-12-26,ZCH0D29B,ST12000NM0007,12000138625024,0,100.0,154872.0,90.0,0.0,100.0,9.0,100.0,0.0,89.0,811298625.0,82.0,15810.0,100.0,0.0,100.0,8.0,,,,,100.0,0.0,100.0,0.0,,,71.0,29.0,,,100.0,285.0,100.0,892.0,29.0,29.0,100.0,0.0,100.0,0.0,200.0,0.0,100.0,15631.0,100.0,55735340760.0,100.0,171560016530.0
2019-12-27,ZCH0D29B,ST12000NM0007,12000138625024,0,80.0,96860096.0,90.0,0.0,100.0,9.0,100.0,0.0,89.0,812997112.0,82.0,15841.0,100.0,0.0,100.0,8.0,,,,,100.0,0.0,100.0,0.0,,,71.0,29.0,,,100.0,287.0,100.0,894.0,29.0,29.0,100.0,0.0,100.0,0.0,200.0,0.0,100.0,15663.0,100.0,55735823008.0,100.0,171900380138.0
2019-12-28,ZCH0D29B,ST12000NM0007,12000138625024,0,83.0,220152072.0,90.0,0.0,100.0,9.0,100.0,0.0,89.0,813658590.0,82.0,15857.0,100.0,0.0,100.0,8.0,,,,,100.0,0.0,100.0,0.0,,,71.0,29.0,,,100.0,287.0,100.0,894.0,29.0,29.0,100.0,0.0,100.0,0.0,200.0,0.0,100.0,15678.0,100.0,55736063296.0,100.0,172023431826.0
2019-12-29,ZCH0D29B,ST12000NM0007,12000138625024,0,79.0,71531024.0,90.0,0.0,100.0,9.0,100.0,0.0,89.0,815272485.0,82.0,15888.0,100.0,0.0,100.0,8.0,,,,,100.0,0.0,100.0,0.0,,,71.0,29.0,,,100.0,288.0,100.0,896.0,29.0,29.0,100.0,0.0,100.0,0.0,200.0,0.0,100.0,15710.0,100.0,55736546808.0,100.0,172362608938.0
2019-12-30,ZCH0D29B,ST12000NM0007,12000138625024,0,84.0,238600784.0,90.0,0.0,100.0,9.0,100.0,0.0,89.0,816127187.0,82.0,15904.0,100.0,0.0,100.0,8.0,,,,,100.0,0.0,100.0,0.0,,,71.0,29.0,,,100.0,288.0,100.0,896.0,29.0,29.0,100.0,0.0,100.0,0.0,200.0,0.0,100.0,15726.0,100.0,55736786736.0,100.0,172529438770.0
2019-12-31,ZCH0D29B,ST12000NM0007,12000138625024,0,79.0,81954896.0,90.0,0.0,100.0,9.0,100.0,0.0,89.0,817758564.0,82.0,15936.0,100.0,0.0,100.0,8.0,,,,,100.0,0.0,100.0,0.0,,,68.0,32.0,,,100.0,289.0,100.0,898.0,32.0,32.0,100.0,0.0,100.0,0.0,200.0,0.0,100.0,15757.0,100.0,55737268976.0,100.0,172860592146.0
