2019-01-01,ZJV01YHH,ST12000NM0007,12000138625024,0,84,234136736,97.0,0.0,100.0,3.0,100.0,0.0,90.0,905807525.0,92,7825,100.0,0.0,100,2,,,,,100.0,0.0,100.0,0.0,,,73.0,27.0,,,100.0,149.0,100.0,503.0,27,27,100.0,0.0,100.0,0.0,200.0,0.0,100.0,7709.0,100.0,44687631424.0,100.0,32939231774.0
2019-01-02,ZJV01YHH,ST12000NM0007,12000138625024,0,83,182111656,97.0,0.0,100.0,3.0,100.0,0.0,90.0,908166605.0,92,7848,100.0,0.0,100,2,,,,,100.0,0.0,100.0,0.0,,,72.0,28.0,,,100.0,150.0,100.0,504.0,28,28,100.0,0.0,100.0,0.0,200.0,0.0,100.0,7732.0,100.0,44746373880.0,100.0,33072605054.0
2019-01-03,ZJV01YHH,ST12000NM0007,12000138625024,0,82.0,145078584.0,97.0,0.0,100.0,3.0,100.0,0.0,90.0,910942489.0,92.0,7872.0,100.0,0.0,100.0,2.0,,,,,100.0,0.0,100.0,0.0,,,73.0,27.0,,,100.0,150.0,100.0,505.0,27.0,27.0,100.0,0.0,100.0,0.0,200.0,0.0,100.0,7756.0,100.0,44812045296.0,100.0,33214041310.0
2019-01-04,ZJV01YHH,ST12000NM0007,12000138625024,0,83,188945144,97.0,0.0,100.0,3.0,100.0,0.0,90.0,914751248.0,91,7896,100.0,0.0,100,2,,,,,100.0,0.0,100.0,0.0,,,71.0,29.0,,,100.0,151.0,100.0,506.0,29,29,100.0,0.0,100.0,0.0,200.0,0.0,100.0,7780.0,100.0,44922176512.0,100.0,33391917334.0
2019-01-05,ZJV01YHH,ST12000NM0007,12000138625024,0,84,227276056,97.0,0.0,100.0,3.0,100.0,0.0,90.0,919114581.0,91,7919,100.0,0.0,100,2,,,,,100.0,0.0,100.0,0.0,,,71.0,29.0,,,100.0,152.0,100.0,507.0,29,29,100.0,0.0,100.0,0.0,200.0,0.0,100.0,7802.0,100.0,45001281200.0,100.0,33595284190.0
2019-01-06,ZJV01YHH,ST12000NM0007,12000138625024,0,83,216141536,97.0,0.0,100.0,3.0,100.0,0.0,90.0,921996453.0,91,7944,100.0,0.0,100,2,,,,,100.0,0.0,100.0,0.0,,,69.0,31.0,,,100.0,152.0,100.0,508.0,31,31,100.0,0.0,100.0,0.0,200.0,0.0,100.0,7827.0,100.0,45082501864.0,100.0,33747070118.0
2019-01-07,ZJV01YHH,ST12000NM0007,12000138625024,0,79,83362384,97.0,0.0,100.0,3.0,100.0,0.0,90.0,927717763.0,91,7968,100.0,0.0,100,2,,,,,100.0,0.0,100.0,0.0,,,69.0,31.0,,,100.0,152.0,100.0,509.0,31,31,100.0,0.0,100.0,0.0,200.0,0.0,100.0,7851.0,100.0,45261305608.0,100.0,33923768830.0
2019-01-08,ZJV01YHH,ST12000NM0007,12000138625024,0,78,64000928,97.0,0.0,100.0,3.0,100.0,0.0,90.0,930445746.0,91,7991,100.0,0.0,100,2,,,,,100.0,0.0,100.0,0.0,,,74.0,26.0,,,100.0,153.0,100.0,510.0,26,26,100.0,0.0,100.0,0.0,200.0,0.0,100.0,7874.0,100.0,45334952880.0,100.0,34074900734.0
2019-01-09,ZJV01YHH,ST12000NM0007,12000138625024,0,76,41127456,97.0,0.0,100.0,3.0,100.0,0.0,90.0,933111358.0,91,8014,100.0,0.0,100,2,,,,,100.0,0.0,100.0,0.0,,,74.0,26.0,,,100.0,153.0,100.0,511.0,26,26,100.0,0.0,100.0,0.0,200.0,0.0,100.0,7898.0,100.0,45417202376.0,100.0,34213918606.0
2019-01-10,ZJV01YHH,ST12000NM0007,12000138625024,0,74,24197352,97.0,0.0,100.0,3.0,100.0,0.0,90.0,936202520.0,91,8040,100.0,0.0,100,2,,,,,100.0,0.0,100.0,0.0,,,74.0,26.0,,,100.0,153.0,100.0,512.0,26,26,100.0,0.0,100.0,0.0,200.0,0.0,100.0,7923.0,100.0,45492834608.0,100.0,34365496958.0
2019-01-11,ZJV01YHH,ST12000NM0007,12000138625024,0,77.0,45561312.0,97.0,0.0,100.0,3.0,100.0,0.0,90.0,939853588.0,91.0,8064.0,100.0,0.0,100.0,2.0,,,,,100.0,0.0,100.0,0.0,,,73.0,27.0,,,100.0,154.0,100.0,513.0,27.0,27.0,100.0,0.0,100.0,0.0,200.0,0.0,100.0,7947.0,100.0,45572014552.0,100.0,34551821606.0
2019-01-12,ZJV01YHH,ST12000NM0007,12000138625024,0,78,59510808,97.0,0.0,100.0,3.0,100.0,0.0,90.0,944015828.0,91,8088,100.0,0.0,100,2,,,,,100.0,0.0,100.0,0.0,,,74.0,26.0,,,100.0,154.0,100.0,514.0,26,26,100.0,0.0,100.0,0.0,200.0,0.0,100.0,7971.0,100.0,45661398240.0,100.0,34720528270.0
2019-01-13,ZJV01YHH,ST12000NM0007,12000138625024,0,84,224001984,97.0,0.0,100.0,3.0,100.0,0.0,90.0,946241015.0,91,8112,100.0,0.0,100,2,,,,,100.0,0.0,100.0,0.0,,,74.0,26.0,,,100.0,155.0,100.0,515.0,26,26,100.0,0.0,100.0,0.0,200.0,0.0,100.0,7994.0,100.0,45721287824.0,100.0,34825129862.0
2019-01-14,ZJV01YHH,ST12000NM0007,12000138625024,0,76,40151000,97.0,0.0,100.0,3.0,100.0,0.0,90.0,951577084.0,91,8135,100.0,0.0,100,2,,,,,100.0,0.0,100.0,0.0,,,74.0,26.0,,,100.0,156.0,100.0,516.0,26,26,100.0,0.0,100.0,0.0,200.0,0.0,100.0,8017.0,100.0,45853604064.0,100.0,34997243934.0
2019-01-15,ZJV01YHH,ST12000NM0007,12000138625024,0,83.0,221921736.0,97.0,0.0,100.0,3.0,100.0,0.0,90.0,953895394.0,91.0,8160.0,100.0,0.0,100.0,2.0,,,,,100.0,0.0,100.0,0.0,,,74.0,26.0,,,100.0,157.0,100.0,517.0,26.0,26.0,100.0,0.0,100.0,0.0,200.0,0.0,100.0,8042.0,100.0,45911496384.0,100.0,35121122350.0
2019-01-16,ZJV01YHH,ST12000NM0007,12000138625024,0,82,153963632,97.0,0.0,100.0,3.0,100.0,0.0,90.0,956118992.0,91,8185,100.0,0.0,100,2,,,,,100.0,0.0,100.0,0.0,,,74.0,26.0,,,100,158,100.0,518.0,26,26,100.0,0.0,100.0,0.0,200.0,0.0,100.0,8067.0,100.0,45975116664.0,100.0,35233684678.0
2019-01-17,ZJV01YHH,ST12000NM0007,12000138625024,0,80,96427792,97.0,0.0,100.0,3.0,100.0,0.0,90.0,958145275.0,91,8208,100.0,0.0,100,2,,,,,100.0,0.0,100.0,0.0,,,74.0,26.0,,,100,158,100.0,519.0,26,26,100.0,0.0,100.0,0.0,200.0,0.0,100.0,8090.0,100.0,46026910464.0,100.0,35368495702.0
2019-01-18,ZJV01YHH,ST12000NM0007,12000138625024,0,81,125613360,97.0,0.0,100.0,3.0,100.0,0.0,90.0,961690776.0,91,8232,100.0,0.0,100,2,,,,,100.0,0.0,100.0,0.0,,,74.0,26.0,,,100,158,100.0,520.0,26,26,100.0,0.0,100.0,0.0,200.0,0.0,100.0,8114.0,100.0,46103634992.0,100.0,35565097390.0
2019-01-19,ZJV01YHH,ST12000NM0007,12000138625024,0,81,140979528,97.0,0.0,100.0,3.0,100.0,0.0,90.0,965476839.0,91,8256,100.0,0.0,100,2,,,,,100.0,0.0,100.0,0.0,,,74.0,26.0,,,100,159,100.0,521.0,26,26,100.0,0.0,100.0,0.0,200.0,0.0,100.0,8137.0,100.0,46163212976.0,100.0,35765026342.0
2019-01-20,ZJV01YHH,ST12000NM0007,12000138625024,0,80,94364936,97.0,0.0,100.0,3.0,100.0,0.0,90.0,967556048.0,91,8279,100.0,0.0,100,2,,,,,100.0,0.0,100.0,0.0,,,74.0,26.0,,,100,159,100.0,522.0,26,26,100.0,0.0,100.0,0.0,200.0,0.0,100.0,8160.0,100.0,46207542328.0,100.0,35918223158.0
2019-01-21,ZJV01YHH,ST12000NM0007,12000138625024,0,81,135167640,97.0,0.0,100.0,3.0,100.0,0.0,90.0,972475678.0,91,8304,100.0,0.0,100,2,,,,,100.0,0.0,100.0,0.0,,,74.0,26.0,,,100,159,100.0,523.0,26,26,100.0,0.0,100.0,0.0,200.0,0.0,100.0,8185.0,100.0,46309455088.0,100.0,36101253958.0
2019-01-22,ZJV01YHH,ST12000NM0007,12000138625024,0,79.0,72329368.0,97.0,0.0,100.0,3.0,100.0,0.0,90.0,974371574.0,91.0,8327.0,100.0,0.0,100.0,2.0,,,,,100.0,0.0,100.0,0.0,,,72.0,28.0,,,100.0,160.0,100.0,524.0,28.0,28.0,100.0,0.0,100.0,0.0,200.0,0.0,100.0,8208.0,100.0,46346286072.0,100.0,36245725414.0
2019-01-23,ZJV01YHH,ST12000NM0007,12000138625024,0,71.0,12665720.0,97.0,0.0,100.0,3.0,100.0,0.0,90.0,976410844.0,91.0,8351.0,100.0,0.0,100.0,2.0,,,,,100.0,0.0,100.0,0.0,,,74.0,26.0,,,100.0,160.0,100.0,525.0,26.0,26.0,100.0,0.0,100.0,0.0,200.0,0.0,100.0,8232.0,100.0,46385272568.0,100.0,36391216022.0
2019-01-24,ZJV01YHH,ST12000NM0007,12000138625024,0,83.0,184499704.0,97.0,0.0,100.0,3.0,100.0,0.0,90.0,978186111.0,91.0,8372.0,100.0,0.0,100.0,2.0,,,,,100.0,0.0,100.0,0.0,,,72.0,28.0,,,100.0,160.0,100.0,525.0,28.0,28.0,100.0,0.0,100.0,0.0,200.0,0.0,100.0,8253.0,100.0,46428531400.0,100.0,36519791174.0
2019-01-25,ZJV01YHH,ST12000NM0007,12000138625024,0,79,86871024,97.0,0.0,100.0,3.0,100.0,0.0,90.0,979722772.0,91,8388,100.0,0.0,100,2,,,,,100.0,0.0,100.0,0.0,,,73.0,27.0,,,100,161,100.0,526.0,27,27,100.0,0.0,100.0,0.0,200.0,0.0,100.0,8269.0,100.0,46463169568.0,100.0,36631665150.0
2019-01-26,ZJV01YHH,ST12000NM0007,12000138625024,0,79,72522784,97.0,0.0,100.0,3.0,100.0,0.0,90.0,986747324.0,91,8419,100.0,0.0,100,2,,,,,100.0,0.0,100.0,0.0,,,73.0,27.0,,,100,161,100.0,527.0,27,27,100.0,0.0,100.0,0.0,200.0,0.0,100.0,8300.0,100.0,46613872200.0,100.0,36954895590.0
2019-01-27,ZJV01YHH,ST12000NM0007,12000138625024,0,83,214656408,97.0,0.0,100.0,3.0,100.0,0.0,90.0,988374177.0,91,8435,100.0,0.0,100,2,,,,,100.0,0.0,100.0,0.0,,,73.0,27.0,,,100,161,100.0,528.0,27,27,100.0,0.0,100.0,0.0,200.0,0.0,100.0,8316.0,100.0,46650734784.0,100.0,37060166630.0
2019-01-28,ZJV01YHH,ST12000NM0007,12000138625024,0,81,116646472,97.0,0.0,100.0,3.0,100.0,0.0,90.0,994969457.0,91,8467,100.0,0.0,100,2,,,,,100.0,0.0,100.0,0.0,,,74.0,26.0,,,100,162,100.0,529.0,26,26,100.0,0.0,100.0,0.0,200.0,0.0,100.0,8348.0,100.0,46782468408.0,100.0,37318704358.0
2019-01-29,ZJV01YHH,ST12000NM0007,12000138625024,0,76,44447352,97.0,0.0,100.0,3.0,100.0,0.0,90.0,997117513.0,91,8483,100.0,0.0,100,2,,,,,100.0,0.0,100.0,0.0,,,73.0,27.0,,,100,163,100.0,530.0,27,27,100.0,0.0,100.0,0.0,200.0,0.0,100.0,8364.0,100.0,46811559696.0,100.0,37461554670.0
2019-01-30,ZJV01YHH,ST12000NM0007,12000138625024,0,79,77576480,97.0,0.0,100.0,3.0,100.0,0.0,90.0,589844.0,91,8515,100.0,0.0,100,2,,,,,100.0,0.0,100.0,0.0,,,74.0,26.0,,,100,165,100.0,532.0,26,26,100.0,0.0,100.0,0.0,200.0,0.0,100.0,8395.0,100.0,46880837832.0,100.0,37669546374.0
2019-01-31,ZJV01YHH,ST12000NM0007,12000138625024,0,81,127152648,97.0,0.0,100.0,3.0,100.0,0.0,66.0,4160714.0,91,8546,100.0,0.0,100,2,,,,,100.0,0.0,100.0,0.0,,,74.0,26.0,,,100,165,100.0,533.0,26,26,100.0,0.0,100.0,0.0,200.0,0.0,100.0,8427.0,100.0,46954529904.0,100.0,37889571110.0
2019-02-01,ZJV01YHH,ST12000NM0007,12000138625024,0,76,39638424,97.0,0.0,100.0,3.0,100.0,0.0,68.0,6010330.0,91,8562,100.0,0.0,100,2,,,,,100.0,0.0,100.0,0.0,,,73.0,27.0,,,100,166,100.0,534.0,27,27,100.0,0.0,100.0,0.0,200.0,0.0,100.0,8443.0,100.0,46996532016.0,100.0,38004195598.0
2019-02-02,ZJV01YHH,ST12000NM0007,12000138625024,0,100.0,1848936.0,97.0,0.0,100.0,3.0,100.0,0.0,71.0,12832627.0,91.0,8594.0,100.0,0.0,100.0,2.0,,,,,100.0,0.0,100.0,0.0,,,73.0,27.0,,,100.0,166.0,100.0,535.0,27.0,27.0,100.0,0.0,100.0,0.0,200.0,0.0,100.0,8474.0,100.0,47108705280.0,100.0,38342514142.0
2019-02-03,ZJV01YHH,ST12000NM0007,12000138625024,0,81,128292080,97.0,0.0,100.0,3.0,100.0,0.0,72.0,14834115.0,91,8610,100.0,0.0,100,2,,,,,100.0,0.0,100.0,0.0,,,73.0,27.0,,,100,166,100.0,536.0,27,27,100.0,0.0,100.0,0.0,200.0,0.0,100.0,8490.0,100.0,47147292376.0,100.0,38430370190.0
2019-02-04,ZJV01YHH,ST12000NM0007,12000138625024,0,83,206923784,97.0,0.0,100.0,3.0,100.0,0.0,73.0,20507981.0,91,8641,100.0,0.0,100,2,,,,,100.0,0.0,100.0,0.0,,,74.0,26.0,,,100,167,100.0,537.0,26,26,100.0,0.0,100.0,0.0,200.0,0.0,100.0,8521.0,100.0,47258733960.0,100.0,38641700990.0
2019-02-05,ZJV01YHH,ST12000NM0007,12000138625024,0,80.0,91269768.0,97.0,0.0,100.0,3.0,100.0,0.0,73.0,22140485.0,91.0,8657.0,100.0,0.0,100.0,2.0,,,,,100.0,0.0,100.0,0.0,,,73.0,27.0,,,100.0,167.0,100.0,537.0,27.0,27.0,100.0,0.0,100.0,0.0,200.0,0.0,100.0,8537.0,100.0,47288233080.0,100.0,38740688558.0
2019-02-06,ZJV01YHH,ST12000NM0007,12000138625024,0,81,137140952,97.0,0.0,100.0,3.0,100.0,0.0,74.0,25604894.0,91,8689,100.0,0.0,100,2,,,,,100.0,0.0,100.0,0.0,,,72.0,28.0,,,100,168,100.0,539.0,28,28,100.0,0.0,100.0,0.0,200.0,0.0,100.0,8569.0,100.0,47364612496.0,100.0,38954321070.0
2019-02-07,ZJV01YHH,ST12000NM0007,12000138625024,0,72.0,17628312.0,97.0,0.0,100.0,3.0,100.0,0.0,74.0,27151892.0,91.0,8705.0,100.0,0.0,100.0,2.0,,,,,100.0,0.0,100.0,0.0,,,71.0,29.0,,,100.0,168.0,100.0,539.0,29.0,29.0,100.0,0.0,100.0,0.0,200.0,0.0,100.0,8584.0,100.0,47395383320.0,100.0,39048178238.0
2019-02-08,ZJV01YHH,ST12000NM0007,12000138625024,0,80,94943352,97.0,0.0,100.0,3.0,100.0,0.0,75.0,31820362.0,91,8736,100.0,0.0,100,2,,,,,100.0,0.0,100.0,0.0,,,72.0,28.0,,,100,170,100.0,541.0,28,28,100.0,0.0,100.0,0.0,200.0,0.0,100.0,8616.0,100.0,47497243728.0,100.0,39267773510.0
2019-02-09,ZJV01YHH,ST12000NM0007,12000138625024,0,82.0,155164336.0,97.0,0.0,100.0,3.0,100.0,0.0,76.0,36685061.0,90.0,8768.0,100.0,0.0,100.0,2.0,,,,,100.0,0.0,100.0,0.0,,,71.0,29.0,,,100.0,171.0,100.0,542.0,29.0,29.0,100.0,0.0,100.0,0.0,200.0,0.0,100.0,8647.0,100.0,47595329176.0,100.0,39474049862.0
2019-02-10,ZJV01YHH,ST12000NM0007,12000138625024,0,77,45535888,97.0,0.0,100.0,3.0,100.0,0.0,76.0,38224914.0,90,8784,100.0,0.0,100,2,,,,,100.0,0.0,100.0,0.0,,,72.0,28.0,,,100,171,100.0,543.0,28,28,100.0,0.0,100.0,0.0,200.0,0.0,100.0,8663.0,100.0,47632746512.0,100.0,39571144998.0
2019-02-11,ZJV01YHH,ST12000NM0007,12000138625024,0,82,166699760,97.0,0.0,100.0,3.0,100.0,0.0,77.0,44684779.0,90,8816,100.0,0.0,100,2,,,,,100.0,0.0,100.0,0.0,,,70.0,30.0,,,100,171,100.0,544.0,30,30,100.0,0.0,100.0,0.0,200.0,0.0,100.0,8695.0,100.0,47783689568.0,100.0,39785506470.0
2019-02-12,ZJV01YHH,ST12000NM0007,12000138625024,0,76.0,44610432.0,97.0,0.0,100.0,3.0,100.0,0.0,77.0,46292352.0,90.0,8831.0,100.0,0.0,100.0,2.0,,,,,100.0,0.0,100.0,0.0,,,72.0,28.0,,,100.0,171.0,100.0,545.0,28.0,28.0,100.0,0.0,100.0,0.0,200.0,0.0,100.0,8710.0,100.0,47818733576.0,100.0,39872514198.0
2019-02-13,ZJV01YHH,ST12000NM0007,12000138625024,0,75,35102456,97.0,0.0,100.0,3.0,100.0,0.0,77.0,49504502.0,90,8863,100.0,0.0,100,2,,,,,100.0,0.0,100.0,0.0,,,73.0,27.0,,,100,172,100.0,546.0,27,27,100.0,0.0,100.0,0.0,200.0,0.0,100.0,8742.0,100.0,47893770616.0,100.0,40032109822.0
2019-02-14,ZJV01YHH,ST12000NM0007,12000138625024,0,82,163270232,97.0,0.0,100.0,3.0,100.0,0.0,77.0,51127423.0,90,8879,100.0,0.0,100,2,,,,,100.0,0.0,100.0,0.0,,,73.0,27.0,,,100,173,100.0,547.0,27,27,100.0,0.0,100.0,0.0,200.0,0.0,100.0,8758.0,100.0,47927334000.0,100.0,40126714214.0
2019-02-15,ZJV01YHH,ST12000NM0007,12000138625024,0,80.0,101093944.0,97.0,0.0,100.0,3.0,100.0,0.0,78.0,57244478.0,90.0,8911.0,100.0,0.0,100.0,2.0,,,,,100.0,0.0,100.0,0.0,,,72.0,28.0,,,100.0,173.0,100.0,548.0,28.0,28.0,100.0,0.0,100.0,0.0,200.0,0.0,100.0,8789.0,100.0,48083859880.0,100.0,40396293358.0
2019-02-16,ZJV01YHH,ST12000NM0007,12000138625024,0,84.0,228120768.0,97.0,0.0,100.0,3.0,100.0,0.0,78.0,59549878.0,90.0,8927.0,100.0,0.0,100.0,2.0,,,,,100.0,0.0,100.0,0.0,,,73.0,27.0,,,100.0,173.0,100.0,549.0,27.0,27.0,100.0,0.0,100.0,0.0,200.0,0.0,100.0,8805.0,100.0,48121760000.0,100.0,40485420062.0
2019-02-17,ZJV01YHH,ST12000NM0007,12000138625024,0,75,31900680,97.0,0.0,100.0,3.0,100.0,0.0,78.0,63604514.0,90,8958,100.0,0.0,100,2,,,,,100.0,0.0,100.0,0.0,,,72.0,28.0,,,100,174,100.0,550.0,28,28,100.0,0.0,100.0,0.0,200.0,0.0,100.0,8837.0,100.0,48232455232.0,100.0,40666786310.0
2019-02-18,ZJV01YHH,ST12000NM0007,12000138625024,0,84,232413200,97.0,0.0,100.0,3.0,100.0,0.0,78.0,67680269.0,90,8974,100.0,0.0,100,2,,,,,100.0,0.0,100.0,0.0,,,72.0,28.0,,,100,174,100.0,551.0,28,28,100.0,0.0,100.0,0.0,200.0,0.0,100.0,8853.0,100.0,48313432072.0,100.0,40786321990.0
2019-02-19,ZJV01YHH,ST12000NM0007,12000138625024,0,68,6081792,97.0,0.0,100.0,3.0,100.0,0.0,79.0,71146927.0,90,9006,100.0,0.0,100,2,,,,,100.0,0.0,100.0,0.0,,,73.0,27.0,,,100,175,100.0,552.0,27,27,100.0,0.0,100.0,0.0,200.0,0.0,100.0,8884.0,100.0,48401897176.0,100.0,40959806830.0
2019-02-20,ZJV01YHH,ST12000NM0007,12000138625024,0,81.0,119512936.0,97.0,0.0,100.0,3.0,100.0,0.0,79.0,72707474.0,90.0,9022.0,100.0,0.0,100.0,2.0,,,,,100.0,0.0,100.0,0.0,,,72.0,28.0,,,100.0,176.0,100.0,553.0,28.0,28.0,100.0,0.0,100.0,0.0,200.0,0.0,100.0,8900.0,100.0,48439669872.0,100.0,41035465278.0
2019-02-21,ZJV01YHH,ST12000NM0007,12000138625024,0,84,230386704,97.0,0.0,100.0,3.0,100.0,0.0,79.0,74109167.0,90,9038,100.0,0.0,100,2,,,,,100.0,0.0,100.0,0.0,,,72.0,28.0,,,100,176,100.0,553.0,28,28,100.0,0.0,100.0,0.0,200.0,0.0,100.0,8916.0,100.0,48466060768.0,100.0,41119948150.0
2019-02-22,ZJV01YHH,ST12000NM0007,12000138625024,0,75,34665552,97.0,0.0,100.0,3.0,100.0,0.0,79.0,77869917.0,90,9069,100.0,0.0,100,2,,,,,100.0,0.0,100.0,0.0,,,72.0,28.0,,,100,177,100.0,555.0,28,28,100.0,0.0,100.0,0.0,200.0,0.0,100.0,8947.0,100.0,48541337888.0,100.0,41337231198.0
2019-02-23,ZJV01YHH,ST12000NM0007,12000138625024,0,72.0,16285336.0,97.0,0.0,100.0,3.0,100.0,0.0,79.0,81656273.0,90.0,9085.0,100.0,0.0,100.0,2.0,,,,,100.0,0.0,100.0,0.0,,,70.0,30.0,,,100.0,177.0,100.0,555.0,30.0,30.0,100.0,0.0,100.0,0.0,200.0,0.0,100.0,8963.0,100.0,48610168840.0,100.0,41494160710.0
2019-02-24,ZJV01YHH,ST12000NM0007,12000138625024,0,84,233802448,97.0,0.0,100.0,3.0,100.0,0.0,79.0,84208703.0,90,9117,100.0,0.0,100,2,,,,,100.0,0.0,100.0,0.0,,,72.0,28.0,,,100,178,100.0,557.0,28,28,100.0,0.0,100.0,0.0,200.0,0.0,100.0,8994.0,100.0,48666797760.0,100.0,41655048902.0
2019-02-25,ZJV01YHH,ST12000NM0007,12000138625024,0,82,145357272,97.0,0.0,100.0,3.0,100.0,0.0,80.0,90199593.0,90,9148,100.0,0.0,100,2,,,,,100.0,0.0,100.0,0.0,,,73.0,27.0,,,100,179,100.0,558.0,27,27,100.0,0.0,100.0,0.0,200.0,0.0,100.0,9025.0,100.0,48808309112.0,100.0,41913373678.0
2019-02-26,ZJV01YHH,ST12000NM0007,12000138625024,0,74,25814416,97.0,0.0,100.0,3.0,100.0,0.0,80.0,91616868.0,90,9164,100.0,0.0,100,2,,,,,100.0,0.0,100.0,0.0,,,73.0,27.0,,,100,180,100.0,559.0,27,27,100.0,0.0,100.0,0.0,200.0,0.0,100.0,9041.0,100.0,48840568768.0,100.0,42005712022.0
2019-02-27,ZJV01YHH,ST12000NM0007,12000138625024,0,72.0,15850808.0,97.0,0.0,100.0,3.0,100.0,0.0,80.0,94465066.0,90.0,9196.0,100.0,0.0,100.0,2.0,,,,,100.0,0.0,100.0,0.0,,,73.0,27.0,,,100.0,181.0,100.0,560.0,27.0,27.0,100.0,0.0,100.0,0.0,200.0,0.0,100.0,9073.0,100.0,48901987864.0,100.0,42178470070.0
2019-02-28,ZJV01YHH,ST12000NM0007,12000138625024,0,82,146364024,97.0,0.0,100.0,3.0,100.0,0.0,80.0,96039784.0,90,9212,100.0,0.0,100,2,,,,,100.0,0.0,100.0,0.0,,,73.0,27.0,,,100,182,100.0,561.0,27,27,100.0,0.0,100.0,0.0,200.0,0.0,100.0,9088.0,100.0,48932892304.0,100.0,42278078846.0
2019-03-01,ZJV01YHH,ST12000NM0007,12000138625024,0,84.0,235829520.0,97.0,0.0,100.0,3.0,100.0,0.0,80.0,101044856.0,90.0,9243.0,100.0,0.0,100.0,2.0,,,,,100.0,0.0,100.0,0.0,,,67.0,33.0,,,100.0,182.0,100.0,562.0,33.0,33.0,100.0,0.0,100.0,0.0,200.0,0.0,100.0,9120.0,100.0,49045106528.0,100.0,42499470942.0
2019-03-02,ZJV01YHH,ST12000NM0007,12000138625024,0,81.0,133447128.0,97.0,0.0,100.0,3.0,100.0,0.0,80.0,103356293.0,90.0,9259.0,100.0,0.0,100.0,2.0,,,,,100.0,0.0,100.0,0.0,,,73.0,27.0,,,100.0,183.0,100.0,563.0,27.0,27.0,100.0,0.0,100.0,0.0,200.0,0.0,100.0,9135.0,100.0,49075898824.0,100.0,42610436886.0
2019-03-03,ZJV01YHH,ST12000NM0007,12000138625024,0,81.0,127467552.0,97.0,0.0,100.0,3.0,100.0,0.0,80.0,106176490.0,90.0,9291.0,100.0,0.0,100.0,2.0,,,,,100.0,0.0,100.0,0.0,,,72.0,28.0,,,100.0,184.0,100.0,564.0,28.0,28.0,100.0,0.0,100.0,0.0,200.0,0.0,100.0,9167.0,100.0,49151563448.0,100.0,42772933534.0
2019-03-04,ZJV01YHH,ST12000NM0007,12000138625024,0,80,89326528,97.0,0.0,100.0,3.0,100.0,0.0,80.0,110987022.0,90,9307,100.0,0.0,100,2,,,,,100.0,0.0,100.0,0.0,,,72.0,28.0,,,100,184,100.0,565.0,28,28,100.0,0.0,100.0,0.0,200.0,0.0,100.0,9182.0,100.0,49238444256.0,100.0,42892052446.0
2019-03-05,ZJV01YHH,ST12000NM0007,12000138625024,0,77.0,51651992.0,97.0,0.0,100.0,3.0,100.0,0.0,81.0,113660009.0,90.0,9338.0,100.0,0.0,100.0,2.0,,,,,100.0,0.0,100.0,0.0,,,74.0,26.0,,,100.0,184.0,100.0,566.0,26.0,26.0,100.0,0.0,100.0,0.0,200.0,0.0,100.0,9214.0,100.0,49299247800.0,100.0,43037715046.0
2019-03-06,ZJV01YHH,ST12000NM0007,12000138625024,0,83.0,198055560.0,97.0,0.0,100.0,3.0,100.0,0.0,81.0,115573437.0,90.0,9354.0,100.0,0.0,100.0,2.0,,,,,100.0,0.0,100.0,0.0,,,73.0,27.0,,,100.0,185.0,100.0,567.0,27.0,27.0,100.0,0.0,100.0,0.0,200.0,0.0,100.0,9230.0,100.0,49336860648.0,100.0,43146505766.0
2019-03-07,ZJV01YHH,ST12000NM0007,12000138625024,0,83.0,193978320.0,97.0,0.0,100.0,3.0,100.0,0.0,81.0,119136962.0,90.0,9386.0,100.0,0.0,100.0,2.0,,,,,100.0,0.0,100.0,0.0,,,73.0,27.0,,,100.0,185.0,100.0,568.0,27.0,27.0,100.0,0.0,100.0,0.0,200.0,0.0,100.0,9261.0,100.0,49408867360.0,100.0,43314562582.0
2019-03-08,ZJV01YHH,ST12000NM0007,12000138625024,0,80.0,105230704.0,97.0,0.0,100.0,3.0,100.0,0.0,81.0,120809504.0,90.0,9401.0,100.0,0.0,100.0,2.0,,,,,100.0,0.0,100.0,0.0,,,72.0,28.0,,,100.0,185.0,100.0,568.0,28.0,28.0,100.0,0.0,100.0,0.0,200.0,0.0,100.0,9277.0,100.0,49457810584.0,100.0,43421012630.0
2019-03-09,ZJV01YHH,ST12000NM0007,12000138625024,0,76.0,37914296.0,97.0,0.0,100.0,3.0,100.0,0.0,81.0,127335999.0,90.0,9433.0,100.0,0.0,100.0,2.0,,,,,100.0,0.0,100.0,0.0,,,73.0,27.0,,,100.0,185.0,100.0,570.0,27.0,27.0,100.0,0.0,100.0,0.0,200.0,0.0,100.0,9309.0,100.0,49579493200.0,100.0,43720294926.0
2019-03-10,ZJV01YHH,ST12000NM0007,12000138625024,0,81.0,128230880.0,97.0,0.0,100.0,3.0,100.0,0.0,81.0,128598808.0,90.0,9449.0,100.0,0.0,100.0,2.0,,,,,100.0,0.0,100.0,0.0,,,71.0,29.0,,,100.0,185.0,100.0,570.0,29.0,29.0,100.0,0.0,100.0,0.0,200.0,0.0,100.0,9324.0,100.0,49610026928.0,100.0,43780077782.0
2019-03-11,ZJV01YHH,ST12000NM0007,12000138625024,0,84.0,242643912.0,97.0,0.0,100.0,3.0,100.0,0.0,81.0,134730472.0,90.0,9481.0,100.0,0.0,100.0,2.0,,,,,100.0,0.0,100.0,0.0,,,73.0,27.0,,,100.0,186.0,100.0,572.0,27.0,27.0,100.0,0.0,100.0,0.0,200.0,0.0,100.0,9356.0,100.0,49751155776.0,100.0,43997502902.0
2019-03-12,ZJV01YHH,ST12000NM0007,12000138625024,0,82.0,162366512.0,97.0,0.0,100.0,3.0,100.0,0.0,81.0,136830796.0,90.0,9496.0,100.0,0.0,100.0,2.0,,,,,100.0,0.0,100.0,0.0,,,72.0,28.0,,,100.0,186.0,100.0,572.0,28.0,28.0,100.0,0.0,100.0,0.0,200.0,0.0,100.0,9372.0,100.0,49807879920.0,100.0,44104641990.0
2019-03-13,ZJV01YHH,ST12000NM0007,12000138625024,0,83.0,184558320.0,97.0,0.0,100.0,3.0,100.0,0.0,81.0,140549671.0,90.0,9528.0,100.0,0.0,100.0,2.0,,,,,100.0,0.0,100.0,0.0,,,74.0,26.0,,,100.0,186.0,100.0,574.0,26.0,26.0,100.0,0.0,100.0,0.0,200.0,0.0,100.0,9403.0,100.0,49896618176.0,100.0,44282236286.0
2019-03-14,ZJV01YHH,ST12000NM0007,12000138625024,0,80.0,104087440.0,97.0,0.0,100.0,3.0,100.0,0.0,82.0,142513191.0,90.0,9544.0,100.0,0.0,100.0,2.0,,,,,100.0,0.0,100.0,0.0,,,70.0,30.0,,,100.0,186.0,100.0,574.0,30.0,30.0,100.0,0.0,100.0,0.0,200.0,0.0,100.0,9419.0,100.0,49948861632.0,100.0,44393662726.0
2019-03-15,ZJV01YHH,ST12000NM0007,12000138625024,0,83.0,186251368.0,97.0,0.0,100.0,3.0,100.0,0.0,82.0,147020524.0,90.0,9576.0,100.0,0.0,100.0,2.0,,,,,100.0,0.0,100.0,0.0,,,74.0,26.0,,,100.0,186.0,100.0,576.0,26.0,26.0,100.0,0.0,100.0,0.0,200.0,0.0,100.0,9450.0,100.0,50049897424.0,100.0,44618931606.0
2019-03-16,ZJV01YHH,ST12000NM0007,12000138625024,0,82.0,155106320.0,97.0,0.0,100.0,3.0,100.0,0.0,82.0,150608531.0,90.0,9591.0,100.0,0.0,100.0,2.0,,,,,100.0,0.0,100.0,0.0,,,73.0,27.0,,,100.0,186.0,100.0,576.0,27.0,27.0,100.0,0.0,100.0,0.0,200.0,0.0,100.0,9466.0,100.0,50105521496.0,100.0,44776303302.0
2019-03-17,ZJV01YHH,ST12000NM0007,12000138625024,0,82.0,161649560.0,97.0,0.0,100.0,3.0,100.0,0.0,82.0,153944875.0,90.0,9623.0,100.0,0.0,100.0,2.0,,,,,100.0,0.0,100.0,0.0,,,74.0,26.0,,,100.0,187.0,100.0,578.0,26.0,26.0,100.0,0.0,100.0,0.0,200.0,0.0,100.0,9498.0,100.0,50164792896.0,100.0,44967715782.0
2019-03-18,ZJV01YHH,ST12000NM0007,12000138625024,0,75.0,28943208.0,97.0,0.0,100.0,3.0,100.0,0.0,82.0,160195122.0,89.0,9655.0,100.0,0.0,100.0,2.0,,,,,100.0,0.0,100.0,0.0,,,73.0,27.0,,,100.0,188.0,100.0,579.0,27.0,27.0,100.0,0.0,100.0,0.0,200.0,0.0,100.0,9529.0,100.0,50296582272.0,100.0,45191501654.0
2019-03-19,ZJV01YHH,ST12000NM0007,12000138625024,0,82.0,166075752.0,97.0,0.0,100.0,3.0,100.0,0.0,82.0,161764219.0,89.0,9671.0,100.0,0.0,100.0,2.0,,,,,100.0,0.0,100.0,0.0,,,74.0,26.0,,,100.0,188.0,100.0,580.0,26.0,26.0,100.0,0.0,100.0,0.0,200.0,0.0,100.0,9545.0,100.0,50337193440.0,100.0,45288023030.0
2019-03-20,ZJV01YHH,ST12000NM0007,12000138625024,0,83.0,189210200.0,97.0,0.0,100.0,3.0,100.0,0.0,82.0,165096855.0,89.0,9702.0,100.0,0.0,100.0,2.0,,,,,100.0,0.0,100.0,0.0,,,72.0,28.0,,,100.0,189.0,100.0,581.0,28.0,28.0,100.0,0.0,100.0,0.0,200.0,0.0,100.0,9576.0,100.0,50421096184.0,100.0,45471395422.0
2019-03-21,ZJV01YHH,ST12000NM0007,12000138625024,0,77.0,52114768.0,97.0,0.0,100.0,3.0,100.0,0.0,82.0,166463010.0,89.0,9718.0,100.0,0.0,100.0,2.0,,,,,100.0,0.0,100.0,0.0,,,73.0,27.0,,,100.0,190.0,100.0,582.0,27.0,27.0,100.0,0.0,100.0,0.0,200.0,0.0,100.0,9592.0,100.0,50459814416.0,100.0,45539722654.0
2019-03-22,ZJV01YHH,ST12000NM0007,12000138625024,0,82.0,163813840.0,97.0,0.0,100.0,3.0,100.0,0.0,82.0,167790586.0,89.0,9734.0,100.0,0.0,100.0,2.0,,,,,100.0,0.0,100.0,0.0,,,72.0,28.0,,,100.0,190.0,100.0,582.0,28.0,28.0,100.0,0.0,100.0,0.0,200.0,0.0,100.0,9608.0,100.0,50493138240.0,100.0,45618097902.0
2019-03-23,ZJV01YHH,ST12000NM0007,12000138625024,0,78.0,68522200.0,97.0,0.0,100.0,3.0,100.0,0.0,82.0,174054399.0,89.0,9766.0,100.0,0.0,100.0,2.0,,,,,100.0,0.0,100.0,0.0,,,73.0,27.0,,,100.0,191.0,100.0,584.0,27.0,27.0,100.0,0.0,100.0,0.0,200.0,0.0,100.0,9640.0,100.0,50628525472.0,100.0,45875700390.0
2019-03-24,ZJV01YHH,ST12000NM0007,12000138625024,0,83.0,196508512.0,97.0,0.0,100.0,3.0,100.0,0.0,82.0,175914785.0,89.0,9781.0,100.0,0.0,100.0,2.0,,,,,100.0,0.0,100.0,0.0,,,72.0,28.0,,,100.0,191.0,100.0,584.0,28.0,28.0,100.0,0.0,100.0,0.0,200.0,0.0,100.0,9655.0,100.0,50670978048.0,100.0,45961234126.0
2019-03-25,ZJV01YHH,ST12000NM0007,12000138625024,0,75.0,28540904.0,97.0,0.0,100.0,3.0,100.0,0.0,83.0,182069085.0,89.0,9813.0,100.0,0.0,100.0,2.0,,,,,100.0,0.0,100.0,0.0,,,73.0,27.0,,,100.0,193.0,100.0,586.0,27.0,27.0,100.0,0.0,100.0,0.0,200.0,0.0,100.0,9687.0,100.0,50814937248.0,100.0,46137588670.0
2019-03-26,ZJV01YHH,ST12000NM0007,12000138625024,0,82.0,147302952.0,97.0,0.0,100.0,3.0,100.0,0.0,83.0,183623097.0,89.0,9829.0,100.0,0.0,100.0,2.0,,,,,100.0,0.0,100.0,0.0,,,73.0,27.0,,,100.0,193.0,100.0,586.0,27.0,27.0,100.0,0.0,100.0,0.0,200.0,0.0,100.0,9703.0,100.0,50847527144.0,100.0,46223760822.0
2019-03-27,ZJV01YHH,ST12000NM0007,12000138625024,0,82.0,177027528.0,97.0,0.0,100.0,3.0,100.0,0.0,83.0,187222014.0,89.0,9860.0,100.0,0.0,100.0,2.0,,,,,100.0,0.0,100.0,0.0,,,73.0,27.0,,,100.0,194.0,100.0,588.0,27.0,27.0,100.0,0.0,100.0,0.0,200.0,0.0,100.0,9734.0,100.0,50961555224.0,100.0,46383597990.0
2019-03-28,ZJV01YHH,ST12000NM0007,12000138625024,0,82.0,170986952.0,97.0,0.0,100.0,3.0,100.0,0.0,83.0,190623547.0,89.0,9892.0,100.0,0.0,100.0,2.0,,,,,100.0,0.0,100.0,0.0,,,73.0,27.0,,,100.0,195.0,100.0,589.0,27.0,27.0,100.0,0.0,100.0,0.0,200.0,0.0,100.0,9765.0,100.0,51042747784.0,100.0,46540505630.0
2019-03-29,ZJV01YHH,ST12000NM0007,12000138625024,0,80.0,90071088.0,97.0,0.0,100.0,3.0,100.0,0.0,83.0,192785646.0,89.0,9908.0,100.0,0.0,100.0,2.0,,,,,100.0,0.0,100.0,0.0,,,73.0,27.0,,,100.0,196.0,100.0,590.0,27.0,27.0,100.0,0.0,100.0,0.0,200.0,0.0,100.0,9781.0,100.0,51089170264.0,100.0,46657307974.0
2019-03-30,ZJV01YHH,ST12000NM0007,12000138625024,0,83.0,202052016.0,97.0,0.0,100.0,3.0,100.0,0.0,83.0,198661799.0,89.0,9939.0,100.0,0.0,100.0,2.0,,,,,100.0,0.0,100.0,0.0,,,74.0,26.0,,,100.0,197.0,100.0,591.0,26.0,26.0,100.0,0.0,100.0,0.0,200.0,0.0,100.0,9812.0,100.0,51210038296.0,100.0,46892561694.0
2019-03-31,ZJV01YHH,ST12000NM0007,12000138625024,0,80.0,90207696.0,97.0,0.0,100.0,3.0,100.0,0.0,83.0,200090415.0,89.0,9955.0,100.0,0.0,100.0,2.0,,,,,100.0,0.0,100.0,0.0,,,73.0,27.0,,,100.0,198.0,100.0,592.0,27.0,27.0,100.0,0.0,100.0,0.0,200.0,0.0,100.0,9828.0,100.0,51238392920.0,100.0,46996503438.0
2019-04-01,ZJV01YHH,ST12000NM0007,12000138625024,0,83.0,186065144.0,97.0,0.0,100.0,3.0,100.0,0.0,83.0,206382070.0,89.0,9987.0,100.0,0.0,100.0,2.0,,,,,100.0,0.0,100.0,0.0,,,74.0,26.0,,,100.0,199.0,100.0,593.0,26.0,26.0,100.0,0.0,100.0,0.0,200.0,0.0,100.0,9860.0,100.0,51390503960.0,100.0,47184390478.0
2019-04-02,ZJV01YHH,ST12000NM0007,12000138625024,0,78.0,59204680.0,97.0,0.0,100.0,3.0,100.0,0.0,83.0,207868226.0,89.0,10003.0,100.0,0.0,100.0,2.0,,,,,100.0,0.0,100.0,0.0,,,74.0,26.0,,,100.0,200.0,100.0,594.0,26.0,26.0,100.0,0.0,100.0,0.0,200.0,0.0,100.0,9875.0,100.0,51426269240.0,100.0,47265905614.0
2019-04-03,ZJV01YHH,ST12000NM0007,12000138625024,0,78.0,62100840.0,97.0,0.0,100.0,3.0,100.0,0.0,83.0,211055005.0,89.0,10035.0,100.0,0.0,100.0,2.0,,,,,100.0,0.0,100.0,0.0,,,73.0,27.0,,,100.0,201.0,100.0,595.0,27.0,27.0,100.0,0.0,100.0,0.0,200.0,0.0,100.0,9907.0,100.0,51501782392.0,100.0,47437429310.0
2019-04-04,ZJV01YHH,ST12000NM0007,12000138625024,0,82.0,146304792.0,97.0,0.0,100.0,3.0,100.0,0.0,83.0,212485588.0,89.0,10051.0,100.0,0.0,100.0,2.0,,,,,100.0,0.0,100.0,0.0,,,73.0,27.0,,,100.0,201.0,100.0,596.0,27.0,27.0,100.0,0.0,100.0,0.0,200.0,0.0,100.0,9923.0,100.0,51530413992.0,100.0,47493001662.0
2019-04-05,ZJV01YHH,ST12000NM0007,12000138625024,0,83.0,218195456.0,97.0,0.0,100.0,3.0,100.0,0.0,83.0,217550194.0,89.0,10082.0,100.0,0.0,100.0,2.0,,,,,100.0,0.0,100.0,0.0,,,72.0,28.0,,,100.0,201.0,100.0,597.0,28.0,28.0,100.0,0.0,100.0,0.0,200.0,0.0,100.0,9955.0,100.0,51620842864.0,100.0,47718604206.0
2019-04-06,ZJV01YHH,ST12000NM0007,12000138625024,0,81.0,137645128.0,97.0,0.0,100.0,3.0,100.0,0.0,83.0,220721708.0,89.0,10098.0,100.0,0.0,100.0,2.0,,,,,100.0,0.0,100.0,0.0,,,73.0,27.0,,,100.0,202.0,100.0,598.0,27.0,27.0,100.0,0.0,100.0,0.0,200.0,0.0,100.0,9970.0,100.0,51680749776.0,100.0,47822287614.0
2019-04-07,ZJV01YHH,ST12000NM0007,12000138625024,0,81.0,115154688.0,97.0,0.0,100.0,3.0,100.0,0.0,83.0,223787218.0,89.0,10130.0,100.0,0.0,100.0,2.0,,,,,100.0,0.0,100.0,0.0,,,74.0,26.0,,,100.0,202.0,100.0,599.0,26.0,26.0,100.0,0.0,100.0,0.0,200.0,0.0,100.0,10002.0,100.0,51753825320.0,100.0,47970862374.0
2019-04-08,ZJV01YHH,ST12000NM0007,12000138625024,0,78.0,61866688.0,97.0,0.0,100.0,3.0,100.0,0.0,84.0,228242727.0,89.0,10146.0,100.0,0.0,100.0,2.0,,,,,100.0,0.0,100.0,0.0,,,73.0,27.0,,,100.0,203.0,100.0,600.0,27.0,27.0,100.0,0.0,100.0,0.0,200.0,0.0,100.0,10018.0,100.0,51836691584.0,100.0,48078848742.0
2019-04-09,ZJV01YHH,ST12000NM0007,12000138625024,0,72.0,16474272.0,97.0,0.0,100.0,3.0,100.0,0.0,84.0,231073729.0,89.0,10178.0,100.0,0.0,100.0,2.0,,,,,100.0,0.0,100.0,0.0,,,74.0,26.0,,,100.0,204.0,100.0,601.0,26.0,26.0,100.0,0.0,100.0,0.0,200.0,0.0,100.0,10049.0,100.0,51901464896.0,100.0,48212823814.0
2019-04-10,ZJV01YHH,ST12000NM0007,12000138625024,0,81.0,115838856.0,97.0,0.0,100.0,3.0,100.0,0.0,84.0,232372159.0,89.0,10194.0,100.0,0.0,100.0,2.0,,,,,100.0,0.0,100.0,0.0,,,73.0,27.0,,,100.0,205.0,100.0,602.0,27.0,27.0,100.0,0.0,100.0,0.0,200.0,0.0,100.0,10065.0,100.0,51930145176.0,100.0,48283508118.0
2019-04-11,ZJV01YHH,ST12000NM0007,12000138625024,0,78.0,66526064.0,97.0,0.0,100.0,3.0,100.0,0.0,84.0,235061184.0,89.0,10225.0,100.0,0.0,100.0,2.0,,,,,100.0,0.0,100.0,0.0,,,74.0,26.0,,,100.0,206.0,100.0,603.0,26.0,26.0,100.0,0.0,100.0,0.0,200.0,0.0,100.0,10096.0,100.0,51978814408.0,100.0,48429666926.0
2019-04-12,ZJV01YHH,ST12000NM0007,12000138625024,0,82.0,175239752.0,97.0,0.0,100.0,3.0,100.0,0.0,84.0,236370199.0,89.0,10241.0,100.0,0.0,100.0,2.0,,,,,100.0,0.0,100.0,0.0,,,74.0,26.0,,,100.0,206.0,100.0,604.0,26.0,26.0,100.0,0.0,100.0,0.0,200.0,0.0,100.0,10112.0,100.0,52008608112.0,100.0,48508586910.0
2019-04-13,ZJV01YHH,ST12000NM0007,12000138625024,0,78.0,61302416.0,97.0,0.0,100.0,3.0,100.0,0.0,84.0,242761013.0,89.0,10273.0,100.0,0.0,100.0,2.0,,,,,100.0,0.0,100.0,0.0,,,74.0,26.0,,,100.0,206.0,100.0,605.0,26.0,26.0,100.0,0.0,100.0,0.0,200.0,0.0,100.0,10144.0,100.0,52122022304.0,100.0,48769516710.0
2019-04-14,ZJV01YHH,ST12000NM0007,12000138625024,0,82.0,175910256.0,97.0,0.0,100.0,3.0,100.0,0.0,84.0,244096940.0,89.0,10289.0,100.0,0.0,100.0,2.0,,,,,100.0,0.0,100.0,0.0,,,73.0,27.0,,,100.0,207.0,100.0,606.0,27.0,27.0,100.0,0.0,100.0,0.0,200.0,0.0,100.0,10159.0,100.0,52156291328.0,100.0,48849855526.0
2019-04-15,ZJV01YHH,ST12000NM0007,12000138625024,0,70.0,9138888.0,97.0,0.0,100.0,3.0,100.0,0.0,84.0,249877440.0,89.0,10320.0,100.0,0.0,100.0,2.0,,,,,100.0,0.0,100.0,0.0,,,74.0,26.0,,,100.0,208.0,100.0,607.0,26.0,26.0,100.0,0.0,100.0,0.0,200.0,0.0,100.0,10191.0,100.0,52282461728.0,100.0,49045195078.0
2019-04-16,ZJV01YHH,ST12000NM0007,12000138625024,0,80.0,90682800.0,97.0,0.0,100.0,3.0,100.0,0.0,84.0,251023592.0,89.0,10336.0,100.0,0.0,100.0,2.0,,,,,100.0,0.0,100.0,0.0,,,73.0,27.0,,,100.0,209.0,100.0,608.0,27.0,27.0,100.0,0.0,100.0,0.0,200.0,0.0,100.0,10206.0,100.0,52304184744.0,100.0,49105015974.0
2019-04-17,ZJV01YHH,ST12000NM0007,12000138625024,0,77.0,55957576.0,97.0,0.0,100.0,3.0,100.0,0.0,84.0,254026925.0,89.0,10368.0,100.0,0.0,100.0,2.0,,,,,100.0,0.0,100.0,0.0,,,73.0,27.0,,,100.0,210.0,100.0,609.0,27.0,27.0,100.0,0.0,100.0,0.0,200.0,0.0,100.0,10238.0,100.0,52361650232.0,100.0,49256965934.0
2019-04-18,ZJV01YHH,ST12000NM0007,12000138625024,0,82.0,168446176.0,97.0,0.0,100.0,3.0,100.0,0.0,84.0,255619427.0,89.0,10384.0,100.0,0.0,100.0,2.0,,,,,100.0,0.0,100.0,0.0,,,73.0,27.0,,,100.0,210.0,100.0,610.0,27.0,27.0,100.0,0.0,100.0,0.0,200.0,0.0,100.0,10254.0,100.0,52395838000.0,100.0,49335266766.0
2019-04-19,ZJV01YHH,ST12000NM0007,12000138625024,0,83.0,220208072.0,97.0,0.0,100.0,3.0,100.0,0.0,84.0,259800149.0,89.0,10416.0,100.0,0.0,100.0,2.0,,,,,100.0,0.0,100.0,0.0,,,69.0,31.0,,,100.0,211.0,100.0,611.0,31.0,31.0,100.0,0.0,100.0,0.0,200.0,0.0,100.0,10285.0,100.0,52496947336.0,100.0,49530060006.0
2019-04-20,ZJV01YHH,ST12000NM0007,12000138625024,0,82.0,146885216.0,97.0,0.0,100.0,3.0,100.0,0.0,84.0,263283973.0,89.0,10431.0,100.0,0.0,100.0,2.0,,,,,100.0,0.0,100.0,0.0,,,73.0,27.0,,,100.0,212.0,100.0,612.0,27.0,27.0,100.0,0.0,100.0,0.0,200.0,0.0,100.0,10301.0,100.0,52551798752.0,100.0,49646026446.0
2019-04-21,ZJV01YHH,ST12000NM0007,12000138625024,0,81.0,117349536.0,97.0,0.0,100.0,3.0,100.0,0.0,84.0,266095625.0,89.0,10463.0,100.0,0.0,100.0,2.0,,,,,100.0,0.0,100.0,0.0,,,74.0,26.0,,,100.0,213.0,100.0,613.0,26.0,26.0,100.0,0.0,100.0,0.0,200.0,0.0,100.0,10332.0,100.0,52612217960.0,100.0,49800212206.0
2019-04-22,ZJV01YHH,ST12000NM0007,12000138625024,0,78.0,68794032.0,97.0,0.0,100.0,3.0,100.0,0.0,84.0,269971936.0,89.0,10479.0,100.0,0.0,100.0,2.0,,,,,100.0,0.0,100.0,0.0,,,72.0,28.0,,,100.0,214.0,100.0,614.0,28.0,28.0,100.0,0.0,100.0,0.0,200.0,0.0,100.0,10348.0,100.0,52701274264.0,100.0,49906741246.0
2019-04-23,ZJV01YHH,ST12000NM0007,12000138625024,0,74.0,23798776.0,97.0,0.0,100.0,3.0,100.0,0.0,84.0,273232407.0,89.0,10511.0,100.0,0.0,100.0,2.0,,,,,100.0,0.0,100.0,0.0,,,74.0,26.0,,,100.0,215.0,100.0,615.0,26.0,26.0,100.0,0.0,100.0,0.0,200.0,0.0,100.0,10380.0,100.0,52772255456.0,100.0,50034905478.0
2019-04-24,ZJV01YHH,ST12000NM0007,12000138625024,0,82.0,150109392.0,97.0,0.0,100.0,3.0,100.0,0.0,84.0,274920732.0,88.0,10527.0,100.0,0.0,100.0,2.0,,,,,100.0,0.0,100.0,0.0,,,74.0,26.0,,,100.0,215.0,100.0,615.0,26.0,26.0,100.0,0.0,100.0,0.0,200.0,0.0,100.0,10396.0,100.0,52808159048.0,100.0,50125312502.0
2019-04-25,ZJV01YHH,ST12000NM0007,12000138625024,0,81.0,126810936.0,97.0,0.0,100.0,3.0,100.0,0.0,84.0,277949369.0,88.0,10558.0,100.0,0.0,100.0,2.0,,,,,100.0,0.0,100.0,0.0,,,75.0,25.0,,,100.0,216.0,100.0,617.0,25.0,25.0,100.0,0.0,100.0,0.0,200.0,0.0,100.0,10427.0,100.0,52879381192.0,100.0,50274932622.0
2019-04-26,ZJV01YHH,ST12000NM0007,12000138625024,0,100.0,628384.0,97.0,0.0,100.0,3.0,100.0,0.0,84.0,279292340.0,88.0,10574.0,100.0,0.0,100.0,2.0,,,,,100.0,0.0,100.0,0.0,,,74.0,26.0,,,100.0,216.0,100.0,618.0,26.0,26.0,100.0,0.0,100.0,0.0,200.0,0.0,100.0,10443.0,100.0,52905768936.0,100.0,50366503030.0
2019-04-27,ZJV01YHH,ST12000NM0007,12000138625024,0,80.0,111841216.0,97.0,0.0,100.0,3.0,100.0,0.0,85.0,285534101.0,88.0,10606.0,100.0,0.0,100.0,2.0,,,,,100.0,0.0,100.0,0.0,,,74.0,26.0,,,100.0,216.0,100.0,619.0,26.0,26.0,100.0,0.0,100.0,0.0,200.0,0.0,100.0,10474.0,100.0,53032507136.0,100.0,50595118294.0
2019-04-28,ZJV01YHH,ST12000NM0007,12000138625024,0,84.0,224757336.0,97.0,0.0,100.0,3.0,100.0,0.0,85.0,286884280.0,88.0,10622.0,100.0,0.0,100.0,2.0,,,,,100.0,0.0,100.0,0.0,,,73.0,27.0,,,100.0,217.0,100.0,620.0,27.0,27.0,100.0,0.0,100.0,0.0,200.0,0.0,100.0,10490.0,100.0,53068796840.0,100.0,50671744710.0
2019-04-29,ZJV01YHH,ST12000NM0007,12000138625024,0,76.0,41951936.0,97.0,0.0,100.0,3.0,100.0,0.0,85.0,292601486.0,88.0,10653.0,100.0,0.0,100.0,2.0,,,,,100.0,0.0,100.0,0.0,,,74.0,26.0,,,100.0,218.0,100.0,621.0,26.0,26.0,100.0,0.0,100.0,0.0,200.0,0.0,100.0,10522.0,100.0,53187107376.0,100.0,50858911174.0
2019-04-30,ZJV01YHH,ST12000NM0007,12000138625024,0,81.0,115361960.0,97.0,0.0,100.0,3.0,100.0,0.0,85.0,293770976.0,88.0,10669.0,100.0,0.0,100.0,2.0,,,,,100.0,0.0,100.0,0.0,,,73.0,27.0,,,100.0,218.0,100.0,622.0,27.0,27.0,100.0,0.0,100.0,0.0,200.0,0.0,100.0,10538.0,100.0,53209777608.0,100.0,50909650966.0
2019-05-01,ZJV01YHH,ST12000NM0007,12000138625024,0,80.0,104820336.0,97.0,0.0,100.0,3.0,100.0,0.0,85.0,296721762.0,88.0,10701.0,100.0,0.0,100.0,2.0,,,,,100.0,0.0,100.0,0.0,,,73.0,27.0,,,100.0,219.0,100.0,623.0,27.0,27.0,100.0,0.0,100.0,0.0,200.0,0.0,100.0,10569.0,100.0,53282233952.0,100.0,51070793814.0
2019-05-02,ZJV01YHH,ST12000NM0007,12000138625024,0,82.0,156013016.0,97.0,0.0,100.0,3.0,100.0,0.0,85.0,300101564.0,88.0,10733.0,100.0,0.0,100.0,2.0,,,,,100.0,0.0,100.0,0.0,,,72.0,28.0,,,100.0,220.0,100.0,625.0,28.0,28.0,100.0,0.0,100.0,0.0,200.0,0.0,100.0,10601.0,100.0,53379225056.0,100.0,51269136198.0
2019-05-03,ZJV01YHH,ST12000NM0007,12000138625024,0,77.0,52783552.0,97.0,0.0,100.0,3.0,100.0,0.0,85.0,302224776.0,88.0,10748.0,100.0,0.0,100.0,2.0,,,,,100.0,0.0,100.0,0.0,,,73.0,27.0,,,100.0,220.0,100.0,625.0,27.0,27.0,100.0,0.0,100.0,0.0,200.0,0.0,100.0,10617.0,100.0,53430540008.0,100.0,51358732414.0
2019-05-04,ZJV01YHH,ST12000NM0007,12000138625024,0,81.0,124982080.0,97.0,0.0,100.0,3.0,100.0,0.0,85.0,307679893.0,88.0,10780.0,100.0,0.0,100.0,2.0,,,,,100.0,0.0,100.0,0.0,,,73.0,27.0,,,100.0,220.0,100.0,627.0,27.0,27.0,100.0,0.0,100.0,0.0,200.0,0.0,100.0,10648.0,100.0,53534547912.0,100.0,51571063758.0
2019-05-05,ZJV01YHH,ST12000NM0007,12000138625024,0,84.0,228650136.0,97.0,0.0,100.0,3.0,100.0,0.0,85.0,309041656.0,88.0,10796.0,100.0,0.0,100.0,2.0,,,,,100.0,0.0,100.0,0.0,,,74.0,26.0,,,100.0,220.0,100.0,627.0,26.0,26.0,100.0,0.0,100.0,0.0,200.0,0.0,100.0,10664.0,100.0,53572603040.0,100.0,51636676686.0
2019-05-06,ZJV01YHH,ST12000NM0007,12000138625024,0,75.0,28806200.0,97.0,0.0,100.0,3.0,100.0,0.0,85.0,314563513.0,88.0,10828.0,100.0,0.0,100.0,2.0,,,,,100.0,0.0,100.0,0.0,,,73.0,27.0,,,100.0,222.0,100.0,629.0,27.0,27.0,100.0,0.0,100.0,0.0,200.0,0.0,100.0,10695.0,100.0,53691813736.0,100.0,51805903382.0
2019-05-07,ZJV01YHH,ST12000NM0007,12000138625024,0,81.0,117251256.0,97.0,0.0,100.0,3.0,100.0,0.0,85.0,315769296.0,88.0,10843.0,100.0,0.0,100.0,2.0,,,,,100.0,0.0,100.0,0.0,,,73.0,27.0,,,100.0,222.0,100.0,629.0,27.0,27.0,100.0,0.0,100.0,0.0,200.0,0.0,100.0,10711.0,100.0,53718945904.0,100.0,51867216270.0
2019-05-08,ZJV01YHH,ST12000NM0007,12000138625024,0,81.0,127442008.0,97.0,0.0,100.0,3.0,100.0,0.0,85.0,318761433.0,88.0,10875.0,100.0,0.0,100.0,2.0,,,,,100.0,0.0,100.0,0.0,,,73.0,27.0,,,100.0,223.0,100.0,631.0,27.0,27.0,100.0,0.0,100.0,0.0,200.0,0.0,100.0,10743.0,100.0,53773450624.0,100.0,52067043134.0
2019-05-09,ZJV01YHH,ST12000NM0007,12000138625024,0,72.0,15654296.0,97.0,0.0,100.0,3.0,100.0,0.0,85.0,320984283.0,88.0,10891.0,100.0,0.0,100.0,2.0,,,,,100.0,0.0,100.0,0.0,,,73.0,27.0,,,100.0,223.0,100.0,631.0,27.0,27.0,100.0,0.0,100.0,0.0,200.0,0.0,100.0,10759.0,100.0,53803162856.0,100.0,52169683934.0
2019-05-10,ZJV01YHH,ST12000NM0007,12000138625024,0,79.0,78050496.0,97.0,0.0,100.0,3.0,100.0,0.0,85.0,325790469.0,88.0,10923.0,100.0,0.0,100.0,2.0,,,,,100.0,0.0,100.0,0.0,,,72.0,28.0,,,100.0,224.0,100.0,633.0,28.0,28.0,100.0,0.0,100.0,0.0,200.0,0.0,100.0,10790.0,100.0,53900930448.0,100.0,52378453238.0
2019-05-11,ZJV01YHH,ST12000NM0007,12000138625024,0,83.0,201967264.0,97.0,0.0,100.0,3.0,100.0,0.0,85.0,328307512.0,88.0,10939.0,100.0,0.0,100.0,2.0,,,,,100.0,0.0,100.0,0.0,,,74.0,26.0,,,100.0,224.0,100.0,633.0,26.0,26.0,100.0,0.0,100.0,0.0,200.0,0.0,100.0,10806.0,100.0,53939253712.0,100.0,52464046742.0
2019-05-12,ZJV01YHH,ST12000NM0007,12000138625024,0,82.0,153849016.0,97.0,0.0,100.0,3.0,100.0,0.0,85.0,331435818.0,88.0,10971.0,100.0,0.0,100.0,2.0,,,,,100.0,0.0,100.0,0.0,,,73.0,27.0,,,100.0,226.0,100.0,635.0,27.0,27.0,100.0,0.0,100.0,0.0,200.0,0.0,100.0,10838.0,100.0,53994821032.0,100.0,52604501806.0
2019-05-13,ZJV01YHH,ST12000NM0007,12000138625024,0,80.0,95943880.0,97.0,0.0,100.0,3.0,100.0,0.0,85.0,335589347.0,88.0,10986.0,100.0,0.0,100.0,2.0,,,,,100.0,0.0,100.0,0.0,,,73.0,27.0,,,100.0,226.0,100.0,635.0,27.0,27.0,100.0,0.0,100.0,0.0,200.0,0.0,100.0,10853.0,100.0,54077081792.0,100.0,52708476542.0
2019-05-14,ZJV01YHH,ST12000NM0007,12000138625024,0,76.0,43896472.0,97.0,0.0,100.0,3.0,100.0,0.0,85.0,338495088.0,88.0,11018.0,100.0,0.0,100.0,2.0,,,,,100.0,0.0,100.0,0.0,,,73.0,27.0,,,100.0,227.0,100.0,636.0,27.0,27.0,100.0,0.0,100.0,0.0,200.0,0.0,100.0,10885.0,100.0,54139984800.0,100.0,52837666870.0
2019-05-15,ZJV01YHH,ST12000NM0007,12000138625024,0,82.0,151845424.0,97.0,0.0,100.0,3.0,100.0,0.0,85.0,340076955.0,88.0,11034.0,100.0,0.0,100.0,2.0,,,,,100.0,0.0,100.0,0.0,,,72.0,28.0,,,100.0,228.0,100.0,637.0,28.0,28.0,100.0,0.0,100.0,0.0,200.0,0.0,100.0,10901.0,100.0,54173022960.0,100.0,52912577662.0
2019-05-16,ZJV01YHH,ST12000NM0007,12000138625024,0,82.0,146365528.0,97.0,0.0,100.0,3.0,100.0,0.0,85.0,343171030.0,88.0,11066.0,100.0,0.0,100.0,2.0,,,,,100.0,0.0,100.0,0.0,,,72.0,28.0,,,100.0,229.0,100.0,638.0,28.0,28.0,100.0,0.0,100.0,0.0,200.0,0.0,100.0,10932.0,100.0,54239671784.0,100.0,53084589574.0
2019-05-17,ZJV01YHH,ST12000NM0007,12000138625024,0,77.0,48345512.0,97.0,0.0,100.0,3.0,100.0,0.0,85.0,344841444.0,88.0,11082.0,100.0,0.0,100.0,2.0,,,,,100.0,0.0,100.0,0.0,,,72.0,28.0,,,100.0,230.0,100.0,639.0,28.0,28.0,100.0,0.0,100.0,0.0,200.0,0.0,100.0,10948.0,100.0,54286215272.0,100.0,53184166854.0
2019-05-18,ZJV01YHH,ST12000NM0007,12000138625024,0,81.0,137753680.0,97.0,0.0,100.0,3.0,100.0,0.0,85.0,350801682.0,88.0,11113.0,100.0,0.0,100.0,2.0,,,,,100.0,0.0,100.0,0.0,,,72.0,28.0,,,100.0,230.0,100.0,640.0,28.0,28.0,100.0,0.0,100.0,0.0,200.0,0.0,100.0,10980.0,100.0,54404834328.0,100.0,53399096598.0
2019-05-19,ZJV01YHH,ST12000NM0007,12000138625024,0,72.0,14387184.0,97.0,0.0,100.0,3.0,100.0,0.0,85.0,352474103.0,88.0,11129.0,100.0,0.0,100.0,2.0,,,,,100.0,0.0,100.0,0.0,,,72.0,28.0,,,100.0,231.0,100.0,641.0,28.0,28.0,100.0,0.0,100.0,0.0,200.0,0.0,100.0,10995.0,100.0,54449865408.0,100.0,53474839686.0
2019-05-20,ZJV01YHH,ST12000NM0007,12000138625024,0,79.0,84251288.0,97.0,0.0,100.0,3.0,100.0,0.0,86.0,358753404.0,88.0,11161.0,100.0,0.0,100.0,2.0,,,,,100.0,0.0,100.0,0.0,,,71.0,29.0,,,100.0,232.0,100.0,642.0,29.0,29.0,100.0,0.0,100.0,0.0,200.0,0.0,100.0,11027.0,100.0,54594875936.0,100.0,53643833894.0
2019-05-21,ZJV01YHH,ST12000NM0007,12000138625024,0,83.0,185098504.0,97.0,0.0,100.0,3.0,100.0,0.0,86.0,360285885.0,88.0,11177.0,100.0,0.0,100.0,2.0,,,,,100.0,0.0,100.0,0.0,,,71.0,29.0,,,100.0,232.0,100.0,643.0,29.0,29.0,100.0,0.0,100.0,0.0,200.0,0.0,100.0,11043.0,100.0,54625294048.0,100.0,53714262998.0
2019-05-22,ZJV01YHH,ST12000NM0007,12000138625024,0,81.0,140115224.0,97.0,0.0,100.0,3.0,100.0,0.0,86.0,362959574.0,88.0,11208.0,100.0,0.0,100.0,2.0,,,,,100.0,0.0,100.0,0.0,,,72.0,28.0,,,100.0,232.0,100.0,644.0,28.0,28.0,100.0,0.0,100.0,0.0,200.0,0.0,100.0,11074.0,100.0,54694063680.0,100.0,53844650854.0
2019-05-23,ZJV01YHH,ST12000NM0007,12000138625024,0,74.0,27955408.0,97.0,0.0,100.0,3.0,100.0,0.0,86.0,364329599.0,88.0,11224.0,100.0,0.0,100.0,2.0,,,,,100.0,0.0,100.0,0.0,,,72.0,28.0,,,100.0,232.0,100.0,645.0,28.0,28.0,100.0,0.0,100.0,0.0,200.0,0.0,100.0,11090.0,100.0,54719199584.0,100.0,53951495862.0
2019-05-24,ZJV01YHH,ST12000NM0007,12000138625024,0,81.0,125652056.0,97.0,0.0,100.0,3.0,100.0,0.0,86.0,369519669.0,88.0,11256.0,100.0,0.0,100.0,2.0,,,,,100.0,0.0,100.0,0.0,,,73.0,27.0,,,100.0,232.0,100.0,646.0,27.0,27.0,100.0,0.0,100.0,0.0,200.0,0.0,100.0,11121.0,100.0,54823231984.0,100.0,54189300742.0
2019-05-25,ZJV01YHH,ST12000NM0007,12000138625024,0,77.0,51768104.0,97.0,0.0,100.0,3.0,100.0,0.0,86.0,372499623.0,88.0,11272.0,100.0,0.0,100.0,2.0,,,,,100.0,0.0,100.0,0.0,,,72.0,28.0,,,100.0,233.0,100.0,647.0,28.0,28.0,100.0,0.0,100.0,0.0,200.0,0.0,100.0,11137.0,100.0,54878420088.0,100.0,54304369350.0
2019-05-26,ZJV01YHH,ST12000NM0007,12000138625024,0,75.0,34214848.0,97.0,0.0,100.0,3.0,100.0,0.0,86.0,375503728.0,88.0,11303.0,100.0,0.0,100.0,2.0,,,,,100.0,0.0,100.0,0.0,,,74.0,26.0,,,100.0,234.0,100.0,648.0,26.0,26.0,100.0,0.0,100.0,0.0,200.0,0.0,100.0,11169.0,100.0,54948655056.0,100.0,54460721782.0
2019-05-27,ZJV01YHH,ST12000NM0007,12000138625024,0,84.0,224103840.0,97.0,0.0,100.0,3.0,100.0,0.0,86.0,378987365.0,88.0,11319.0,100.0,0.0,100.0,2.0,,,,,100.0,0.0,100.0,0.0,,,72.0,28.0,,,100.0,235.0,100.0,649.0,28.0,28.0,100.0,0.0,100.0,0.0,200.0,0.0,100.0,11185.0,100.0,55036924208.0,100.0,54562341622.0
2019-05-28,ZJV01YHH,ST12000NM0007,12000138625024,0,83.0,180522104.0,97.0,0.0,100.0,3.0,100.0,0.0,86.0,382520281.0,88.0,11351.0,100.0,0.0,100.0,2.0,,,,,100.0,0.0,100.0,0.0,,,74.0,26.0,,,100.0,236.0,100.0,650.0,26.0,26.0,100.0,0.0,100.0,0.0,200.0,0.0,100.0,11216.0,100.0,55106842112.0,100.0,54692982638.0
2019-05-29,ZJV01YHH,ST12000NM0007,12000138625024,0,81.0,138133424.0,97.0,0.0,100.0,3.0,100.0,0.0,86.0,385374019.0,88.0,11382.0,100.0,0.0,100.0,2.0,,,,,100.0,0.0,100.0,0.0,,,73.0,27.0,,,100.0,238.0,100.0,652.0,27.0,27.0,100.0,0.0,100.0,0.0,200.0,0.0,100.0,11248.0,100.0,55174094080.0,100.0,54827482694.0
2019-05-30,ZJV01YHH,ST12000NM0007,12000138625024,0,74.0,24335816.0,97.0,0.0,100.0,3.0,100.0,0.0,86.0,387255902.0,87.0,11398.0,100.0,0.0,100.0,2.0,,,,,100.0,0.0,100.0,0.0,,,73.0,27.0,,,100.0,238.0,100.0,652.0,27.0,27.0,100.0,0.0,100.0,0.0,200.0,0.0,100.0,11264.0,100.0,55217162472.0,100.0,54914757446.0
2019-05-31,ZJV01YHH,ST12000NM0007,12000138625024,0,83.0,182135752.0,97.0,0.0,100.0,3.0,100.0,0.0,86.0,388887336.0,87.0,11414.0,100.0,0.0,100.0,2.0,,,,,100.0,0.0,100.0,0.0,,,73.0,27.0,,,100.0,238.0,100.0,653.0,27.0,27.0,100.0,0.0,100.0,0.0,200.0,0.0,100.0,11279.0,100.0,55250930712.0,100.0,55038789142.0
2019-06-01,ZJV01YHH,ST12000NM0007,12000138625024,0,80.0,98842506.0,95.0,0.0,100.0,4.0,100.0,0.0,86.0,395234519.0,87.0,11446.0,100.0,0.0,100.0,3.0,,,,,100.0,0.0,100.0,0.0,,,74.0,26.0,,,100.0,238.0,100.0,657.0,26.0,26.0,100.0,0.0,100.0,0.0,200.0,0.0,100.0,11311.0,100.0,55378849832.0,100.0,55315858664.0
2019-06-02,ZJV01YHH,ST12000NM0007,12000138625024,0,83.0,223384634.0,95.0,0.0,100.0,4.0,100.0,0.0,86.0,396874998.0,87.0,11462.0,100.0,0.0,100.0,3.0,,,,,100.0,0.0,100.0,0.0,,,72.0,28.0,,,100.0,238.0,100.0,657.0,28.0,28.0,100.0,0.0,100.0,0.0,200.0,0.0,100.0,11327.0,100.0,55422663216.0,100.0,55396587408.0
2019-06-03,ZJV01YHH,ST12000NM0007,12000138625024,0,82.0,156351560.0,95.0,0.0,100.0,4.0,100.0,0.0,86.0,403538577.0,87.0,11494.0,100.0,0.0,100.0,3.0,,,,,100.0,0.0,100.0,0.0,,,74.0,26.0,,,100.0,238.0,100.0,659.0,26.0,26.0,100.0,0.0,100.0,0.0,200.0,0.0,100.0,11359.0,100.0,55588430792.0,100.0,55652068024.0
2019-06-04,ZJV01YHH,ST12000NM0007,12000138625024,0,80.0,105584128.0,95.0,0.0,100.0,4.0,100.0,0.0,86.0,405671430.0,87.0,11510.0,100.0,0.0,100.0,3.0,,,,,100.0,0.0,100.0,0.0,,,72.0,28.0,,,100.0,238.0,100.0,659.0,28.0,28.0,100.0,0.0,100.0,0.0,200.0,0.0,100.0,11375.0,100.0,55645984736.0,100.0,55787887352.0
2019-06-05,ZJV01YHH,ST12000NM0007,12000138625024,0,83.0,185900280.0,95.0,0.0,100.0,4.0,100.0,0.0,86.0,409381712.0,87.0,11542.0,100.0,0.0,100.0,3.0,,,,,100.0,0.0,100.0,0.0,,,73.0,27.0,,,100.0,238.0,100.0,661.0,27.0,27.0,100.0,0.0,100.0,0.0,200.0,0.0,100.0,11406.0,100.0,55724198056.0,100.0,56034130816.0
2019-06-06,ZJV01YHH,ST12000NM0007,12000138625024,0,83.0,199141952.0,95.0,0.0,100.0,4.0,100.0,0.0,86.0,412506348.0,87.0,11573.0,100.0,0.0,100.0,3.0,,,,,100.0,0.0,100.0,0.0,,,74.0,26.0,,,100.0,238.0,100.0,662.0,26.0,26.0,100.0,0.0,100.0,0.0,200.0,0.0,100.0,11438.0,100.0,55805278872.0,100.0,56210432360.0
2019-06-07,ZJV01YHH,ST12000NM0007,12000138625024,0,80.0,102808704.0,95.0,0.0,100.0,4.0,100.0,0.0,86.0,414666711.0,87.0,11589.0,100.0,0.0,100.0,3.0,,,,,100.0,0.0,100.0,0.0,,,74.0,26.0,,,100.0,239.0,100.0,663.0,26.0,26.0,100.0,0.0,100.0,0.0,200.0,0.0,100.0,11454.0,100.0,55870795976.0,100.0,56292722960.0
2019-06-08,ZJV01YHH,ST12000NM0007,12000138625024,0,81.0,136911176.0,95.0,0.0,100.0,4.0,100.0,0.0,86.0,419739178.0,87.0,11621.0,100.0,0.0,100.0,3.0,,,,,100.0,0.0,100.0,0.0,,,75.0,25.0,,,100.0,240.0,100.0,664.0,25.0,25.0,100.0,0.0,100.0,0.0,200.0,0.0,100.0,11485.0,100.0,55992273376.0,100.0,56449488664.0
2019-06-09,ZJV01YHH,ST12000NM0007,12000138625024,0,70.0,10309968.0,95.0,0.0,100.0,4.0,100.0,0.0,86.0,421039500.0,87.0,11637.0,100.0,0.0,100.0,3.0,,,,,100.0,0.0,100.0,0.0,,,75.0,25.0,,,100.0,241.0,100.0,665.0,25.0,25.0,100.0,0.0,100.0,0.0,200.0,0.0,100.0,11501.0,100.0,56017284992.0,100.0,56542016704.0
2019-06-10,ZJV01YHH,ST12000NM0007,12000138625024,0,79.0,73698992.0,95.0,0.0,100.0,4.0,100.0,0.0,86.0,426842690.0,87.0,11668.0,100.0,0.0,100.0,3.0,,,,,100.0,0.0,100.0,0.0,,,75.0,25.0,,,100.0,242.0,100.0,666.0,25.0,25.0,100.0,0.0,100.0,0.0,200.0,0.0,100.0,11533.0,100.0,56130636392.0,100.0,56736194960.0
2019-06-11,ZJV01YHH,ST12000NM0007,12000138625024,0,83.0,205490792.0,95.0,0.0,100.0,4.0,100.0,0.0,86.0,428529443.0,87.0,11684.0,100.0,0.0,100.0,3.0,,,,,100.0,0.0,100.0,0.0,,,75.0,25.0,,,100.0,243.0,100.0,667.0,25.0,25.0,100.0,0.0,100.0,0.0,200.0,0.0,100.0,11549.0,100.0,56167997920.0,100.0,56830625232.0
2019-06-12,ZJV01YHH,ST12000NM0007,12000138625024,0,83.0,219511264.0,95.0,0.0,100.0,4.0,100.0,0.0,86.0,431828812.0,87.0,11716.0,100.0,0.0,100.0,3.0,,,,,100.0,0.0,100.0,0.0,,,75.0,25.0,,,100.0,243.0,100.0,668.0,25.0,25.0,100.0,0.0,100.0,0.0,200.0,0.0,100.0,11580.0,100.0,56248142360.0,100.0,57008641912.0
2019-06-13,ZJV01YHH,ST12000NM0007,12000138625024,0,81.0,115279920.0,95.0,0.0,100.0,4.0,100.0,0.0,86.0,433528589.0,87.0,11732.0,100.0,0.0,100.0,3.0,,,,,100.0,0.0,100.0,0.0,,,75.0,25.0,,,100.0,244.0,100.0,669.0,25.0,25.0,100.0,0.0,100.0,0.0,200.0,0.0,100.0,11596.0,100.0,56279888336.0,100.0,57116805552.0
2019-06-14,ZJV01YHH,ST12000NM0007,12000138625024,0,83.0,184719032.0,95.0,0.0,100.0,4.0,100.0,0.0,86.0,438665654.0,87.0,11764.0,100.0,0.0,100.0,3.0,,,,,100.0,0.0,100.0,0.0,,,74.0,26.0,,,100.0,244.0,100.0,670.0,26.0,26.0,100.0,0.0,100.0,0.0,200.0,0.0,100.0,11628.0,100.0,56395297472.0,100.0,57314976176.0
2019-06-15,ZJV01YHH,ST12000NM0007,12000138625024,0,76.0,37540432.0,95.0,0.0,100.0,4.0,100.0,0.0,86.0,440915721.0,87.0,11780.0,100.0,0.0,100.0,3.0,,,,,100.0,0.0,100.0,0.0,,,75.0,25.0,,,100.0,245.0,100.0,671.0,25.0,25.0,100.0,0.0,100.0,0.0,200.0,0.0,100.0,11643.0,100.0,56426492696.0,100.0,57380743136.0
2019-06-16,ZJV01YHH,ST12000NM0007,12000138625024,0,75.0,33591320.0,95.0,0.0,100.0,4.0,100.0,0.0,86.0,444499115.0,87.0,11811.0,100.0,0.0,100.0,3.0,,,,,100.0,0.0,100.0,0.0,,,74.0,26.0,,,100.0,245.0,100.0,672.0,26.0,26.0,100.0,0.0,100.0,0.0,200.0,0.0,100.0,11675.0,100.0,56485341088.0,100.0,57562086552.0
2019-06-17,ZJV01YHH,ST12000NM0007,12000138625024,0,71.0,13321192.0,95.0,0.0,100.0,4.0,100.0,0.0,87.0,448719433.0,87.0,11827.0,100.0,0.0,100.0,3.0,,,,,100.0,0.0,100.0,0.0,,,75.0,25.0,,,100.0,245.0,100.0,673.0,25.0,25.0,100.0,0.0,100.0,0.0,200.0,0.0,100.0,11691.0,100.0,56579016896.0,100.0,57692281248.0
2019-06-18,ZJV01YHH,ST12000NM0007,12000138625024,0,79.0,76823000.0,95.0,0.0,100.0,4.0,100.0,0.0,87.0,453079153.0,87.0,11859.0,100.0,0.0,100.0,3.0,,,,,100.0,0.0,100.0,0.0,,,75.0,25.0,,,100.0,245.0,100.0,674.0,25.0,25.0,100.0,0.0,100.0,0.0,200.0,0.0,100.0,11722.0,100.0,56677234424.0,100.0,57901706280.0
2019-06-19,ZJV01YHH,ST12000NM0007,12000138625024,0,83.0,188833808.0,95.0,0.0,100.0,4.0,100.0,0.0,87.0,454763897.0,87.0,11875.0,100.0,0.0,100.0,3.0,,,,,100.0,0.0,100.0,0.0,,,75.0,25.0,,,100.0,245.0,100.0,675.0,25.0,25.0,100.0,0.0,100.0,0.0,200.0,0.0,100.0,11738.0,100.0,56724595488.0,100.0,57966356024.0
2019-06-20,ZJV01YHH,ST12000NM0007,12000138625024,0,84.0,227495008.0,95.0,0.0,100.0,4.0,100.0,0.0,87.0,458160217.0,87.0,11906.0,100.0,0.0,100.0,3.0,,,,,100.0,0.0,100.0,0.0,,,76.0,24.0,,,100.0,246.0,100.0,677.0,24.0,24.0,100.0,0.0,100.0,0.0,200.0,0.0,100.0,11769.0,100.0,56808272112.0,100.0,58165481528.0
2019-06-21,ZJV01YHH,ST12000NM0007,12000138625024,0,82.0,147566120.0,95.0,0.0,100.0,4.0,100.0,0.0,87.0,460225351.0,87.0,11922.0,100.0,0.0,100.0,3.0,,,,,100.0,0.0,100.0,0.0,,,76.0,24.0,,,100.0,246.0,100.0,677.0,24.0,24.0,100.0,0.0,100.0,0.0,200.0,0.0,100.0,11785.0,100.0,56863395008.0,100.0,58274570624.0
2019-06-22,ZJV01YHH,ST12000NM0007,12000138625024,0,74.0,22750032.0,95.0,0.0,100.0,4.0,100.0,0.0,87.0,466620783.0,87.0,11954.0,100.0,0.0,100.0,3.0,,,,,100.0,0.0,100.0,0.0,,,76.0,24.0,,,100.0,247.0,100.0,679.0,24.0,24.0,100.0,0.0,100.0,0.0,200.0,0.0,100.0,11817.0,100.0,56985800024.0,100.0,58515630856.0
2019-06-23,ZJV01YHH,ST12000NM0007,12000138625024,0,82.0,157860840.0,95.0,0.0,100.0,4.0,100.0,0.0,87.0,468337198.0,87.0,11970.0,100.0,0.0,100.0,3.0,,,,,100.0,0.0,100.0,0.0,,,76.0,24.0,,,100.0,247.0,100.0,679.0,24.0,24.0,100.0,0.0,100.0,0.0,200.0,0.0,100.0,11832.0,100.0,57015344728.0,100.0,58621196960.0
2019-06-24,ZJV01YHH,ST12000NM0007,12000138625024,0,84.0,239741320.0,95.0,0.0,100.0,4.0,100.0,0.0,87.0,474787692.0,87.0,12001.0,100.0,0.0,100.0,3.0,,,,,100.0,0.0,100.0,0.0,,,76.0,24.0,,,100.0,249.0,100.0,681.0,24.0,24.0,100.0,0.0,100.0,0.0,200.0,0.0,100.0,11864.0,100.0,57132871456.0,100.0,58829691384.0
2019-06-25,ZJV01YHH,ST12000NM0007,12000138625024,0,81.0,119541704.0,95.0,0.0,100.0,4.0,100.0,0.0,87.0,476526320.0,87.0,12017.0,100.0,0.0,100.0,3.0,,,,,100.0,0.0,100.0,0.0,,,76.0,24.0,,,100.0,249.0,100.0,681.0,24.0,24.0,100.0,0.0,100.0,0.0,200.0,0.0,100.0,11880.0,100.0,57164363328.0,100.0,58922140824.0
2019-06-26,ZJV01YHH,ST12000NM0007,12000138625024,0,81.0,117870744.0,95.0,0.0,100.0,4.0,100.0,0.0,87.0,480840216.0,87.0,12049.0,100.0,0.0,100.0,3.0,,,,,100.0,0.0,100.0,0.0,,,76.0,24.0,,,100.0,250.0,100.0,683.0,24.0,24.0,100.0,0.0,100.0,0.0,200.0,0.0,100.0,11911.0,100.0,57244759096.0,100.0,59084214736.0
2019-06-27,ZJV01YHH,ST12000NM0007,12000138625024,0,79.0,86984856.0,95.0,0.0,100.0,4.0,100.0,0.0,87.0,482925077.0,87.0,12065.0,100.0,0.0,100.0,3.0,,,,,100.0,0.0,100.0,0.0,,,76.0,24.0,,,100.0,250.0,100.0,683.0,24.0,24.0,100.0,0.0,100.0,0.0,200.0,0.0,100.0,11927.0,100.0,57283666808.0,100.0,59258561856.0
2019-06-28,ZJV01YHH,ST12000NM0007,12000138625024,0,77.0,52475136.0,95.0,0.0,100.0,4.0,100.0,0.0,87.0,487744724.0,87.0,12096.0,100.0,0.0,100.0,3.0,,,,,100.0,0.0,100.0,0.0,,,75.0,25.0,,,100.0,250.0,100.0,685.0,25.0,25.0,100.0,0.0,100.0,0.0,200.0,0.0,100.0,11959.0,100.0,57385124312.0,100.0,59610877312.0
2019-06-29,ZJV01YHH,ST12000NM0007,12000138625024,0,79.0,72174824.0,95.0,0.0,100.0,4.0,100.0,0.0,87.0,494176057.0,87.0,12128.0,100.0,0.0,100.0,3.0,,,,,100.0,0.0,100.0,0.0,,,76.0,24.0,,,100.0,251.0,100.0,686.0,24.0,24.0,100.0,0.0,100.0,0.0,200.0,0.0,100.0,11990.0,100.0,57527583752.0,100.0,59976398944.0
2019-06-30,ZJV01YHH,ST12000NM0007,12000138625024,0,77.0,48814920.0,95.0,0.0,100.0,4.0,100.0,0.0,87.0,496537369.0,87.0,12144.0,100.0,0.0,100.0,3.0,,,,,100.0,0.0,100.0,0.0,,,76.0,24.0,,,100.0,251.0,100.0,687.0,24.0,24.0,100.0,0.0,100.0,0.0,200.0,0.0,100.0,12006.0,100.0,57570117128.0,100.0,60154646344.0
2019-07-01,ZJV01YHH,ST12000NM0007,12000138625024,0,84.0,235038424.0,95.0,0.0,100.0,4.0,100.0,0.0,87.0,503295234.0,87.0,12175.0,100.0,0.0,100.0,3.0,,,,,100.0,0.0,100.0,0.0,,,76.0,24.0,,,100.0,252.0,100.0,688.0,24.0,24.0,100.0,0.0,100.0,0.0,200.0,0.0,100.0,12038.0,100.0,57703850352.0,100.0,60451277256.0
2019-07-02,ZJV01YHH,ST12000NM0007,12000138625024,0,84.0,241325160.0,95.0,0.0,100.0,4.0,100.0,0.0,87.0,505481884.0,87.0,12191.0,100.0,0.0,100.0,3.0,,,,,100.0,0.0,100.0,0.0,,,76.0,24.0,,,100.0,252.0,100.0,689.0,24.0,24.0,100.0,0.0,100.0,0.0,200.0,0.0,100.0,12053.0,100.0,57740937424.0,100.0,60664617728.0
2019-07-03,ZJV01YHH,ST12000NM0007,12000138625024,0,83.0,199908736.0,95.0,0.0,100.0,4.0,100.0,0.0,87.0,507602325.0,87.0,12207.0,100.0,0.0,100.0,3.0,,,,,100.0,0.0,100.0,0.0,,,76.0,24.0,,,100.0,252.0,100.0,689.0,24.0,24.0,100.0,0.0,100.0,0.0,200.0,0.0,100.0,12069.0,100.0,57771598080.0,100.0,60836681376.0
2019-07-04,ZJV01YHH,ST12000NM0007,12000138625024,0,81.0,118684808.0,95.0,0.0,100.0,4.0,100.0,0.0,87.0,511814963.0,87.0,12238.0,100.0,0.0,100.0,3.0,,,,,100.0,0.0,100.0,0.0,,,76.0,24.0,,,100.0,252.0,100.0,691.0,24.0,24.0,100.0,0.0,100.0,0.0,200.0,0.0,100.0,12100.0,100.0,57824488856.0,100.0,61190848128.0
2019-07-05,ZJV01YHH,ST12000NM0007,12000138625024,0,80.0,104895808.0,95.0,0.0,100.0,4.0,100.0,0.0,87.0,514241104.0,87.0,12254.0,100.0,0.0,100.0,3.0,,,,,100.0,0.0,100.0,0.0,,,76.0,24.0,,,100.0,252.0,100.0,691.0,24.0,24.0,100.0,0.0,100.0,0.0,200.0,0.0,100.0,12116.0,100.0,57869131856.0,100.0,61376556824.0
2019-07-06,ZJV01YHH,ST12000NM0007,12000138625024,0,83.0,201596720.0,95.0,0.0,100.0,4.0,100.0,0.0,87.0,521853416.0,86.0,12286.0,100.0,0.0,100.0,3.0,,,,,100.0,0.0,100.0,0.0,,,76.0,24.0,,,100.0,253.0,100.0,693.0,24.0,24.0,100.0,0.0,100.0,0.0,200.0,0.0,100.0,12148.0,100.0,57985294168.0,100.0,61845376792.0
2019-07-07,ZJV01YHH,ST12000NM0007,12000138625024,0,83.0,178959408.0,95.0,0.0,100.0,4.0,100.0,0.0,87.0,524553402.0,86.0,12302.0,100.0,0.0,100.0,3.0,,,,,100.0,0.0,100.0,0.0,,,76.0,24.0,,,100.0,253.0,100.0,693.0,24.0,24.0,100.0,0.0,100.0,0.0,200.0,0.0,100.0,12163.0,100.0,58029837520.0,100.0,62022337112.0
2019-07-08,ZJV01YHH,ST12000NM0007,12000138625024,0,80.0,90742008.0,95.0,0.0,100.0,4.0,100.0,0.0,87.0,530594611.0,86.0,12333.0,100.0,0.0,100.0,3.0,,,,,100.0,0.0,100.0,0.0,,,75.0,25.0,,,100.0,253.0,100.0,694.0,25.0,25.0,100.0,0.0,100.0,0.0,200.0,0.0,100.0,12195.0,100.0,58141076328.0,100.0,62311162496.0
2019-07-09,ZJV01YHH,ST12000NM0007,12000138625024,0,71.0,13032856.0,95.0,0.0,100.0,4.0,100.0,0.0,87.0,533385476.0,86.0,12349.0,100.0,0.0,100.0,3.0,,,,,100.0,0.0,100.0,0.0,,,76.0,24.0,,,100.0,254.0,100.0,695.0,24.0,24.0,100.0,0.0,100.0,0.0,200.0,0.0,100.0,12211.0,100.0,58174834248.0,100.0,62443836168.0
2019-07-10,ZJV01YHH,ST12000NM0007,12000138625024,0,83.0,195350896.0,95.0,0.0,100.0,4.0,100.0,0.0,87.0,538028738.0,86.0,12381.0,100.0,0.0,100.0,3.0,,,,,100.0,0.0,100.0,0.0,,,76.0,24.0,,,100.0,255.0,100.0,696.0,24.0,24.0,100.0,0.0,100.0,0.0,200.0,0.0,100.0,12242.0,100.0,58258508368.0,100.0,62786620912.0
2019-07-11,ZJV01YHH,ST12000NM0007,12000138625024,0,83.0,188169160.0,95.0,0.0,100.0,4.0,100.0,0.0,87.0,540442563.0,86.0,12397.0,100.0,0.0,100.0,3.0,,,,,100.0,0.0,100.0,0.0,,,75.0,25.0,,,100.0,256.0,100.0,697.0,25.0,25.0,100.0,0.0,100.0,0.0,200.0,0.0,100.0,12258.0,100.0,58301508920.0,100.0,62980579296.0
2019-07-12,ZJV01YHH,ST12000NM0007,12000138625024,0,79.0,89090456.0,95.0,0.0,100.0,4.0,100.0,0.0,87.0,544758566.0,86.0,12428.0,100.0,0.0,100.0,3.0,,,,,100.0,0.0,100.0,0.0,,,76.0,24.0,,,100.0,256.0,100.0,698.0,24.0,24.0,100.0,0.0,100.0,0.0,200.0,0.0,100.0,12290.0,100.0,58387201456.0,100.0,63284089552.0
2019-07-13,ZJV01YHH,ST12000NM0007,12000138625024,0,82.0,171105952.0,95.0,0.0,100.0,4.0,100.0,0.0,87.0,549244691.0,86.0,12444.0,100.0,0.0,100.0,3.0,,,,,100.0,0.0,100.0,0.0,,,75.0,25.0,,,100.0,256.0,100.0,699.0,25.0,25.0,100.0,0.0,100.0,0.0,200.0,0.0,100.0,12305.0,100.0,58467960656.0,100.0,63529486496.0
2019-07-14,ZJV01YHH,ST12000NM0007,12000138625024,0,80.0,102019840.0,95.0,0.0,100.0,4.0,100.0,0.0,87.0,553945981.0,86.0,12476.0,100.0,0.0,100.0,3.0,,,,,100.0,0.0,100.0,0.0,,,76.0,24.0,,,100.0,256.0,100.0,700.0,24.0,24.0,100.0,0.0,100.0,0.0,200.0,0.0,100.0,12337.0,100.0,58545055104.0,100.0,63871588120.0
2019-07-15,ZJV01YHH,ST12000NM0007,12000138625024,0,76.0,43914368.0,95.0,0.0,100.0,4.0,100.0,0.0,87.0,556519221.0,86.0,12491.0,100.0,0.0,100.0,3.0,,,,,100.0,0.0,100.0,0.0,,,76.0,24.0,,,100.0,256.0,100.0,701.0,24.0,24.0,100.0,0.0,100.0,0.0,200.0,0.0,100.0,12352.0,100.0,58597294008.0,100.0,64005384408.0
2019-07-16,ZJV01YHH,ST12000NM0007,12000138625024,0,82.0,153431272.0,95.0,0.0,100.0,4.0,100.0,0.0,88.0,562470517.0,86.0,12523.0,100.0,0.0,100.0,3.0,,,,,100.0,0.0,100.0,0.0,,,74.0,26.0,,,100.0,256.0,100.0,702.0,26.0,26.0,100.0,0.0,100.0,0.0,200.0,0.0,100.0,12384.0,100.0,58696114648.0,100.0,64260221304.0
2019-07-17,ZJV01YHH,ST12000NM0007,12000138625024,0,75.0,32631496.0,95.0,0.0,100.0,4.0,100.0,0.0,88.0,566778775.0,86.0,12555.0,100.0,0.0,100.0,3.0,,,,,100.0,0.0,100.0,0.0,,,75.0,25.0,,,100.0,258.0,100.0,704.0,25.0,25.0,100.0,0.0,100.0,0.0,200.0,0.0,100.0,12415.0,100.0,58782036104.0,100.0,64541781432.0
2019-07-18,ZJV01YHH,ST12000NM0007,12000138625024,0,84.0,233900800.0,95.0,0.0,100.0,4.0,100.0,0.0,88.0,568835979.0,86.0,12570.0,100.0,0.0,100.0,3.0,,,,,100.0,0.0,100.0,0.0,,,76.0,24.0,,,100.0,258.0,100.0,704.0,24.0,24.0,100.0,0.0,100.0,0.0,200.0,0.0,100.0,12431.0,100.0,58816321232.0,100.0,64708765608.0
2019-07-19,ZJV01YHH,ST12000NM0007,12000138625024,0,83.0,223193680.0,95.0,0.0,100.0,4.0,100.0,0.0,88.0,573884853.0,86.0,12602.0,100.0,0.0,100.0,3.0,,,,,100.0,0.0,100.0,0.0,,,75.0,25.0,,,100.0,259.0,100.0,706.0,25.0,25.0,100.0,0.0,100.0,0.0,200.0,0.0,100.0,12463.0,100.0,58914493880.0,100.0,65088167184.0
2019-07-20,ZJV01YHH,ST12000NM0007,12000138625024,0,76.0,38919888.0,95.0,0.0,100.0,4.0,100.0,0.0,88.0,578249959.0,86.0,12618.0,100.0,0.0,100.0,3.0,,,,,100.0,0.0,100.0,0.0,,,76.0,24.0,,,100.0,259.0,100.0,706.0,24.0,24.0,100.0,0.0,100.0,0.0,200.0,0.0,100.0,12479.0,100.0,58983913432.0,100.0,65322755176.0
2019-07-21,ZJV01YHH,ST12000NM0007,12000138625024,0,84.0,228877858.0,94.0,0.0,100.0,5.0,100.0,0.0,88.0,582329139.0,86.0,12649.0,100.0,0.0,100.0,4.0,,,,,100.0,0.0,100.0,0.0,,,75.0,25.0,,,100.0,261.0,100.0,709.0,25.0,25.0,100.0,0.0,100.0,0.0,200.0,0.0,100.0,12509.0,100.0,59048791384.0,100.0,65691975994.0
2019-07-22,ZJV01YHH,ST12000NM0007,12000138625024,0,83.0,204767536.0,94.0,0.0,100.0,5.0,100.0,0.0,88.0,586058591.0,86.0,12665.0,100.0,0.0,100.0,4.0,,,,,100.0,0.0,100.0,0.0,,,75.0,25.0,,,100.0,261.0,100.0,710.0,25.0,25.0,100.0,0.0,100.0,0.0,200.0,0.0,100.0,12525.0,100.0,59154987256.0,100.0,65805810506.0
2019-07-23,ZJV01YHH,ST12000NM0007,12000138625024,0,81.0,139098304.0,94.0,0.0,100.0,5.0,100.0,0.0,88.0,591290284.0,86.0,12696.0,100.0,0.0,100.0,4.0,,,,,100.0,0.0,100.0,0.0,,,75.0,25.0,,,100.0,262.0,100.0,711.0,25.0,25.0,100.0,0.0,100.0,0.0,200.0,0.0,100.0,12557.0,100.0,59242395360.0,100.0,66141014498.0
2019-07-24,ZJV01YHH,ST12000NM0007,12000138625024,0,81.0,123441136.0,94.0,0.0,100.0,5.0,100.0,0.0,88.0,593498133.0,86.0,12712.0,100.0,0.0,100.0,4.0,,,,,100.0,0.0,100.0,0.0,,,76.0,24.0,,,100.0,262.0,100.0,712.0,24.0,24.0,100.0,0.0,100.0,0.0,200.0,0.0,100.0,12572.0,100.0,59292489424.0,100.0,66319404402.0
2019-07-25,ZJV01YHH,ST12000NM0007,12000138625024,0,80.0,106631480.0,94.0,0.0,100.0,5.0,100.0,0.0,88.0,595606567.0,86.0,12728.0,100.0,0.0,100.0,4.0,,,,,100.0,0.0,100.0,0.0,,,76.0,24.0,,,100.0,262.0,100.0,713.0,24.0,24.0,100.0,0.0,100.0,0.0,200.0,0.0,100.0,12588.0,100.0,59331075072.0,100.0,66508149858.0
2019-07-26,ZJV01YHH,ST12000NM0007,12000138625024,0,82.0,165755824.0,94.0,0.0,100.0,5.0,100.0,0.0,88.0,599038353.0,86.0,12759.0,100.0,0.0,100.0,4.0,,,,,100.0,0.0,100.0,0.0,,,76.0,24.0,,,100.0,263.0,100.0,714.0,24.0,24.0,100.0,0.0,100.0,0.0,200.0,0.0,100.0,12619.0,100.0,59398620936.0,100.0,66743869002.0
2019-07-27,ZJV01YHH,ST12000NM0007,12000138625024,0,83.0,222320936.0,94.0,0.0,100.0,5.0,100.0,0.0,88.0,604525856.0,86.0,12791.0,100.0,0.0,100.0,4.0,,,,,100.0,0.0,100.0,0.0,,,76.0,24.0,,,100.0,263.0,100.0,716.0,24.0,24.0,100.0,0.0,100.0,0.0,200.0,0.0,100.0,12650.0,100.0,59488603576.0,100.0,67198732802.0
2019-07-28,ZJV01YHH,ST12000NM0007,12000138625024,0,83.0,223763680.0,94.0,0.0,100.0,5.0,100.0,0.0,88.0,606745284.0,86.0,12807.0,100.0,0.0,100.0,4.0,,,,,100.0,0.0,100.0,0.0,,,76.0,24.0,,,100.0,263.0,100.0,716.0,24.0,24.0,100.0,0.0,100.0,0.0,200.0,0.0,100.0,12666.0,100.0,59523691832.0,100.0,67409228122.0
2019-07-29,ZJV01YHH,ST12000NM0007,12000138625024,0,81.0,131442640.0,94.0,0.0,100.0,5.0,100.0,0.0,88.0,613420111.0,86.0,12839.0,100.0,0.0,100.0,4.0,,,,,100.0,0.0,100.0,0.0,,,76.0,24.0,,,100.0,263.0,100.0,718.0,24.0,24.0,100.0,0.0,100.0,0.0,200.0,0.0,100.0,12697.0,100.0,59657624056.0,100.0,67671256202.0
2019-07-30,ZJV01YHH,ST12000NM0007,12000138625024,0,81.0,126064104.0,94.0,0.0,100.0,5.0,100.0,0.0,88.0,615701873.0,86.0,12854.0,100.0,0.0,100.0,4.0,,,,,100.0,0.0,100.0,0.0,,,76.0,24.0,,,100.0,263.0,100.0,718.0,24.0,24.0,100.0,0.0,100.0,0.0,200.0,0.0,100.0,12713.0,100.0,59687732456.0,100.0,67879909986.0
2019-07-31,ZJV01YHH,ST12000NM0007,12000138625024,0,81.0,139194160.0,94.0,0.0,100.0,5.0,100.0,0.0,88.0,620671582.0,86.0,12886.0,100.0,0.0,100.0,4.0,,,,,100.0,0.0,100.0,0.0,,,75.0,25.0,,,100.0,263.0,100.0,721.0,25.0,25.0,100.0,0.0,100.0,0.0,200.0,0.0,100.0,12744.0,100.0,59791390144.0,100.0,68277664082.0
2019-08-01,ZJV01YHH,ST12000NM0007,12000138625024,0,82.0,165383088.0,94.0,0.0,100.0,5.0,100.0,0.0,88.0,623109003.0,86.0,12902.0,100.0,0.0,100.0,4.0,,,,,100.0,0.0,100.0,0.0,,,76.0,24.0,,,100.0,263.0,100.0,721.0,24.0,24.0,100.0,0.0,100.0,0.0,200.0,0.0,100.0,12760.0,100.0,59828470088.0,100.0,68510913906.0
2019-08-02,ZJV01YHH,ST12000NM0007,12000138625024,0,82.0,167498800.0,94.0,0.0,100.0,5.0,100.0,0.0,88.0,628181967.0,86.0,12934.0,100.0,0.0,100.0,4.0,,,,,100.0,0.0,100.0,0.0,,,75.0,25.0,,,100.0,263.0,100.0,723.0,25.0,25.0,100.0,0.0,100.0,0.0,200.0,0.0,100.0,12792.0,100.0,59905265144.0,100.0,68924516306.0
2019-08-03,ZJV01YHH,ST12000NM0007,12000138625024,0,75.0,30284688.0,94.0,0.0,100.0,5.0,100.0,0.0,88.0,633194677.0,86.0,12949.0,100.0,0.0,100.0,4.0,,,,,100.0,0.0,100.0,0.0,,,76.0,24.0,,,100.0,263.0,100.0,723.0,24.0,24.0,100.0,0.0,100.0,0.0,200.0,0.0,100.0,12808.0,100.0,59970285768.0,100.0,69210563026.0
2019-08-04,ZJV01YHH,ST12000NM0007,12000138625024,0,79.0,78098336.0,94.0,0.0,100.0,5.0,100.0,0.0,88.0,637501681.0,86.0,12981.0,100.0,0.0,100.0,4.0,,,,,100.0,0.0,100.0,0.0,,,75.0,25.0,,,100.0,263.0,100.0,725.0,25.0,25.0,100.0,0.0,100.0,0.0,200.0,0.0,100.0,12839.0,100.0,60036274392.0,100.0,69436528706.0
2019-08-05,ZJV01YHH,ST12000NM0007,12000138625024,0,82.0,156533184.0,94.0,0.0,100.0,5.0,100.0,0.0,88.0,643798315.0,86.0,13013.0,100.0,0.0,100.0,4.0,,,,,100.0,0.0,100.0,0.0,,,76.0,24.0,,,100.0,263.0,100.0,726.0,24.0,24.0,100.0,0.0,100.0,0.0,200.0,0.0,100.0,12871.0,100.0,60153791784.0,100.0,69641586970.0
2019-08-06,ZJV01YHH,ST12000NM0007,12000138625024,0,80.0,109208136.0,94.0,0.0,100.0,5.0,100.0,0.0,88.0,645862496.0,86.0,13028.0,100.0,0.0,100.0,4.0,,,,,100.0,0.0,100.0,0.0,,,75.0,25.0,,,100.0,264.0,100.0,727.0,25.0,25.0,100.0,0.0,100.0,0.0,200.0,0.0,100.0,12886.0,100.0,60191033984.0,100.0,69801160522.0
2019-08-07,ZJV01YHH,ST12000NM0007,12000138625024,0,80.0,103197808.0,94.0,0.0,100.0,5.0,100.0,0.0,88.0,650918011.0,86.0,13060.0,100.0,0.0,100.0,4.0,,,,,100.0,0.0,100.0,0.0,,,76.0,24.0,,,100.0,264.0,100.0,729.0,24.0,24.0,100.0,0.0,100.0,0.0,200.0,0.0,100.0,12918.0,100.0,60284841472.0,100.0,70189625706.0
2019-08-08,ZJV01YHH,ST12000NM0007,12000138625024,0,76.0,35592920.0,94.0,0.0,100.0,5.0,100.0,0.0,88.0,653062062.0,86.0,13076.0,100.0,0.0,100.0,4.0,,,,,100.0,0.0,100.0,0.0,,,75.0,25.0,,,100.0,264.0,100.0,729.0,25.0,25.0,100.0,0.0,100.0,0.0,200.0,0.0,100.0,12934.0,100.0,60321063128.0,100.0,70329939794.0
2019-08-09,ZJV01YHH,ST12000NM0007,12000138625024,0,83.0,222099376.0,94.0,0.0,100.0,5.0,100.0,0.0,88.0,659431302.0,86.0,13108.0,100.0,0.0,100.0,4.0,,,,,100.0,0.0,100.0,0.0,,,75.0,25.0,,,100.0,265.0,100.0,731.0,25.0,25.0,100.0,0.0,100.0,0.0,200.0,0.0,100.0,12965.0,100.0,60456095072.0,100.0,70625555010.0
2019-08-10,ZJV01YHH,ST12000NM0007,12000138625024,0,80.0,101436832.0,94.0,0.0,100.0,5.0,100.0,0.0,88.0,662245010.0,86.0,13124.0,100.0,0.0,100.0,4.0,,,,,100.0,0.0,100.0,0.0,,,76.0,24.0,,,100.0,265.0,100.0,731.0,24.0,24.0,100.0,0.0,100.0,0.0,200.0,0.0,100.0,12981.0,100.0,60503022080.0,100.0,70702106090.0
2019-08-11,ZJV01YHH,ST12000NM0007,12000138625024,0,82.0,146988792.0,94.0,0.0,100.0,5.0,100.0,0.0,88.0,666572679.0,85.0,13155.0,100.0,0.0,100.0,4.0,,,,,100.0,0.0,100.0,0.0,,,75.0,25.0,,,100.0,265.0,100.0,733.0,25.0,25.0,100.0,0.0,100.0,0.0,200.0,0.0,100.0,13012.0,100.0,60586251392.0,100.0,70908569522.0
2019-08-12,ZJV01YHH,ST12000NM0007,12000138625024,0,80.0,107123440.0,94.0,0.0,100.0,5.0,100.0,0.0,88.0,671277887.0,85.0,13171.0,100.0,0.0,100.0,4.0,,,,,100.0,0.0,100.0,0.0,,,76.0,24.0,,,100.0,265.0,100.0,733.0,24.0,24.0,100.0,0.0,100.0,0.0,200.0,0.0,100.0,13028.0,100.0,60678236392.0,100.0,71020859962.0
2019-08-13,ZJV01YHH,ST12000NM0007,12000138625024,0,82.0,170957024.0,94.0,0.0,100.0,5.0,100.0,0.0,88.0,675187122.0,85.0,13203.0,100.0,0.0,100.0,4.0,,,,,100.0,0.0,100.0,0.0,,,76.0,24.0,,,100.0,266.0,100.0,735.0,24.0,24.0,100.0,0.0,100.0,0.0,200.0,0.0,100.0,13060.0,100.0,60768534080.0,100.0,71238536610.0
2019-08-14,ZJV01YHH,ST12000NM0007,12000138625024,0,76.0,42132816.0,94.0,0.0,100.0,5.0,100.0,0.0,88.0,676882096.0,85.0,13219.0,100.0,0.0,100.0,4.0,,,,,100.0,0.0,100.0,0.0,,,76.0,24.0,,,100.0,266.0,100.0,735.0,24.0,24.0,100.0,0.0,100.0,0.0,200.0,0.0,100.0,13076.0,100.0,60805461592.0,100.0,71316925546.0
2019-08-15,ZJV01YHH,ST12000NM0007,12000138625024,0,82.0,175574944.0,94.0,0.0,100.0,5.0,100.0,0.0,88.0,681858256.0,85.0,13250.0,100.0,0.0,100.0,4.0,,,,,100.0,0.0,100.0,0.0,,,76.0,24.0,,,100.0,266.0,100.0,737.0,24.0,24.0,100.0,0.0,100.0,0.0,200.0,0.0,100.0,13107.0,100.0,60932316832.0,100.0,71567653066.0
2019-08-16,ZJV01YHH,ST12000NM0007,12000138625024,0,80.0,102466224.0,94.0,0.0,100.0,5.0,100.0,0.0,88.0,683919650.0,85.0,13266.0,100.0,0.0,100.0,4.0,,,,,100.0,0.0,100.0,0.0,,,75.0,25.0,,,100.0,267.0,100.0,738.0,25.0,25.0,100.0,0.0,100.0,0.0,200.0,0.0,100.0,13123.0,100.0,60975962336.0,100.0,71695039562.0
2019-08-17,ZJV01YHH,ST12000NM0007,12000138625024,0,83.0,190367872.0,94.0,0.0,100.0,5.0,100.0,0.0,88.0,690179982.0,85.0,13298.0,100.0,0.0,100.0,4.0,,,,,100.0,0.0,100.0,0.0,,,75.0,25.0,,,100.0,268.0,100.0,739.0,25.0,25.0,100.0,0.0,100.0,0.0,200.0,0.0,100.0,13154.0,100.0,61092153960.0,100.0,71910890402.0
2019-08-18,ZJV01YHH,ST12000NM0007,12000138625024,0,79.0,73565688.0,94.0,0.0,100.0,5.0,100.0,0.0,88.0,691836697.0,85.0,13314.0,100.0,0.0,100.0,4.0,,,,,100.0,0.0,100.0,0.0,,,76.0,24.0,,,100.0,269.0,100.0,740.0,24.0,24.0,100.0,0.0,100.0,0.0,200.0,0.0,100.0,13170.0,100.0,61127736976.0,100.0,72002645930.0
2019-08-19,ZJV01YHH,ST12000NM0007,12000138625024,0,83.0,180920520.0,94.0,0.0,100.0,5.0,100.0,0.0,88.0,698240704.0,85.0,13345.0,100.0,0.0,100.0,4.0,,,,,100.0,0.0,100.0,0.0,,,76.0,24.0,,,100.0,269.0,100.0,741.0,24.0,24.0,100.0,0.0,100.0,0.0,200.0,0.0,100.0,13201.0,100.0,61288277912.0,100.0,72193600610.0
2019-08-20,ZJV01YHH,ST12000NM0007,12000138625024,0,81.0,135770136.0,94.0,0.0,100.0,5.0,100.0,0.0,88.0,700304673.0,85.0,13361.0,100.0,0.0,100.0,4.0,,,,,100.0,0.0,100.0,0.0,,,76.0,24.0,,,100.0,269.0,100.0,742.0,24.0,24.0,100.0,0.0,100.0,0.0,200.0,0.0,100.0,13217.0,100.0,61340235784.0,100.0,72340632994.0
2019-08-21,ZJV01YHH,ST12000NM0007,12000138625024,0,82.0,174720072.0,94.0,0.0,100.0,5.0,100.0,0.0,88.0,703852933.0,85.0,13393.0,100.0,0.0,100.0,4.0,,,,,100.0,0.0,100.0,0.0,,,76.0,24.0,,,100.0,269.0,100.0,744.0,24.0,24.0,100.0,0.0,100.0,0.0,200.0,0.0,100.0,13248.0,100.0,61418273856.0,100.0,72545685634.0
2019-08-22,ZJV01YHH,ST12000NM0007,12000138625024,0,80.0,103829000.0,94.0,0.0,100.0,5.0,100.0,0.0,88.0,705894420.0,85.0,13409.0,100.0,0.0,100.0,4.0,,,,,100.0,0.0,100.0,0.0,,,76.0,24.0,,,100.0,269.0,100.0,744.0,24.0,24.0,100.0,0.0,100.0,0.0,200.0,0.0,100.0,13264.0,100.0,61473721720.0,100.0,72663487506.0
2019-08-23,ZJV01YHH,ST12000NM0007,12000138625024,0,84.0,229152560.0,94.0,0.0,100.0,5.0,100.0,0.0,89.0,710977998.0,85.0,13440.0,100.0,0.0,100.0,4.0,,,,,100.0,0.0,100.0,0.0,,,75.0,25.0,,,100.0,270.0,100.0,746.0,25.0,25.0,100.0,0.0,100.0,0.0,200.0,0.0,100.0,13296.0,100.0,61603179616.0,100.0,72903493834.0
2019-08-24,ZJV01YHH,ST12000NM0007,12000138625024,0,83.0,191446680.0,94.0,0.0,100.0,5.0,100.0,0.0,89.0,715038819.0,85.0,13456.0,100.0,0.0,100.0,4.0,,,,,100.0,0.0,100.0,0.0,,,76.0,24.0,,,100.0,270.0,100.0,746.0,24.0,24.0,100.0,0.0,100.0,0.0,200.0,0.0,100.0,13311.0,100.0,61671218408.0,100.0,73041889930.0
2019-08-25,ZJV01YHH,ST12000NM0007,12000138625024,0,83.0,218856464.0,94.0,0.0,100.0,5.0,100.0,0.0,89.0,718782979.0,85.0,13488.0,100.0,0.0,100.0,4.0,,,,,100.0,0.0,100.0,0.0,,,76.0,24.0,,,100.0,271.0,100.0,748.0,24.0,24.0,100.0,0.0,100.0,0.0,200.0,0.0,100.0,13343.0,100.0,61762954480.0,100.0,73221704354.0
2019-08-26,ZJV01YHH,ST12000NM0007,12000138625024,0,83.0,208615384.0,94.0,0.0,100.0,5.0,100.0,0.0,89.0,727362922.0,85.0,13535.0,100.0,0.0,100.0,4.0,,,,,100.0,0.0,100.0,0.0,,,76.0,24.0,,,100.0,272.0,100.0,749.0,24.0,24.0,100.0,0.0,100.0,0.0,200.0,0.0,100.0,13390.0,100.0,61967524520.0,100.0,73495174594.0
2019-08-27,ZJV01YHH,ST12000NM0007,12000138625024,0,83.0,208615384.0,94.0,0.0,100.0,5.0,100.0,0.0,89.0,727362922.0,85.0,13535.0,100.0,0.0,100.0,4.0,,,,,100.0,0.0,100.0,0.0,,,76.0,24.0,,,100.0,272.0,100.0,749.0,24.0,24.0,100.0,0.0,100.0,0.0,200.0,0.0,100.0,13390.0,100.0,61967524520.0,100.0,73495174594.0
2019-08-28,ZJV01YHH,ST12000NM0007,12000138625024,0,79.0,86927224.0,94.0,0.0,100.0,5.0,100.0,0.0,89.0,728975722.0,85.0,13551.0,100.0,0.0,100.0,4.0,,,,,100.0,0.0,100.0,0.0,,,76.0,24.0,,,100.0,273.0,100.0,750.0,24.0,24.0,100.0,0.0,100.0,0.0,200.0,0.0,100.0,13406.0,100.0,62004518544.0,100.0,73580633114.0
2019-08-29,ZJV01YHH,ST12000NM0007,12000138625024,0,81.0,118167344.0,94.0,0.0,100.0,5.0,100.0,0.0,89.0,732466952.0,85.0,13583.0,100.0,0.0,100.0,4.0,,,,,100.0,0.0,100.0,0.0,,,76.0,24.0,,,100.0,273.0,100.0,751.0,24.0,24.0,100.0,0.0,100.0,0.0,200.0,0.0,100.0,13438.0,100.0,62076129896.0,100.0,73784402570.0
2019-08-30,ZJV01YHH,ST12000NM0007,12000138625024,0,84.0,229118688.0,94.0,0.0,100.0,5.0,100.0,0.0,89.0,734021120.0,85.0,13598.0,100.0,0.0,100.0,4.0,,,,,100.0,0.0,100.0,0.0,,,76.0,24.0,,,100.0,274.0,100.0,752.0,24.0,24.0,100.0,0.0,100.0,0.0,200.0,0.0,100.0,13453.0,100.0,62109414096.0,100.0,73862069714.0
2019-08-31,ZJV01YHH,ST12000NM0007,12000138625024,0,83.0,178284816.0,94.0,0.0,100.0,5.0,100.0,0.0,89.0,741418672.0,85.0,13630.0,100.0,0.0,100.0,4.0,,,,,100.0,0.0,100.0,0.0,,,76.0,24.0,,,100.0,274.0,100.0,753.0,24.0,24.0,100.0,0.0,100.0,0.0,200.0,0.0,100.0,13485.0,100.0,62259665200.0,100.0,74149266074.0
2019-09-01,ZJV01YHH,ST12000NM0007,12000138625024,0,83.0,193090856.0,94.0,0.0,100.0,5.0,100.0,0.0,89.0,745251777.0,85.0,13662.0,100.0,0.0,100.0,4.0,,,,,100.0,0.0,100.0,0.0,,,76.0,24.0,,,100.0,275.0,100.0,755.0,24.0,24.0,100.0,0.0,100.0,0.0,200.0,0.0,100.0,13516.0,100.0,62356257720.0,100.0,74311620314.0
2019-09-02,ZJV01YHH,ST12000NM0007,12000138625024,0,81.0,120896976.0,94.0,0.0,100.0,5.0,100.0,0.0,89.0,749479229.0,85.0,13677.0,100.0,0.0,100.0,4.0,,,,,100.0,0.0,100.0,0.0,,,76.0,24.0,,,100.0,275.0,100.0,755.0,24.0,24.0,100.0,0.0,100.0,0.0,200.0,0.0,100.0,13532.0,100.0,62428509152.0,100.0,74411315650.0
2019-09-03,ZJV01YHH,ST12000NM0007,12000138625024,0,83.0,180967640.0,94.0,0.0,100.0,5.0,100.0,0.0,89.0,753505116.0,85.0,13709.0,100.0,0.0,100.0,4.0,,,,,100.0,0.0,100.0,0.0,,,76.0,24.0,,,100.0,275.0,100.0,757.0,24.0,24.0,100.0,0.0,100.0,0.0,200.0,0.0,100.0,13563.0,100.0,62547845296.0,100.0,74596191042.0
2019-09-04,ZJV01YHH,ST12000NM0007,12000138625024,0,79.0,73041304.0,94.0,0.0,100.0,5.0,100.0,0.0,89.0,755213486.0,85.0,13725.0,100.0,0.0,100.0,4.0,,,,,100.0,0.0,100.0,0.0,,,76.0,24.0,,,100.0,275.0,100.0,757.0,24.0,24.0,100.0,0.0,100.0,0.0,200.0,0.0,100.0,13579.0,100.0,62583924184.0,100.0,74696326466.0
2019-09-05,ZJV01YHH,ST12000NM0007,12000138625024,0,82.0,165429992.0,94.0,0.0,100.0,5.0,100.0,0.0,89.0,759123535.0,85.0,13756.0,100.0,0.0,100.0,4.0,,,,,100.0,0.0,100.0,0.0,,,75.0,25.0,,,100.0,275.0,100.0,759.0,25.0,25.0,100.0,0.0,100.0,0.0,200.0,0.0,100.0,13610.0,100.0,62669244144.0,100.0,74947536098.0
2019-09-06,ZJV01YHH,ST12000NM0007,12000138625024,0,81.0,125422824.0,94.0,0.0,100.0,5.0,100.0,0.0,89.0,761799487.0,85.0,13772.0,100.0,0.0,100.0,4.0,,,,,100.0,0.0,100.0,0.0,,,75.0,25.0,,,100.0,275.0,100.0,759.0,25.0,25.0,100.0,0.0,100.0,0.0,200.0,0.0,100.0,13626.0,100.0,62727467288.0,100.0,75093446586.0
2019-09-07,ZJV01YHH,ST12000NM0007,12000138625024,0,77.0,50934864.0,94.0,0.0,100.0,5.0,100.0,0.0,89.0,768754692.0,85.0,13804.0,100.0,0.0,100.0,4.0,,,,,100.0,0.0,100.0,0.0,,,76.0,24.0,,,100.0,276.0,100.0,761.0,24.0,24.0,100.0,0.0,100.0,0.0,200.0,0.0,100.0,13657.0,100.0,62856735744.0,100.0,75377971802.0
2019-09-08,ZJV01YHH,ST12000NM0007,12000138625024,0,83.0,220349632.0,94.0,0.0,100.0,5.0,100.0,0.0,89.0,771957333.0,85.0,13819.0,100.0,0.0,100.0,4.0,,,,,100.0,0.0,100.0,0.0,,,76.0,24.0,,,100.0,276.0,100.0,761.0,24.0,24.0,100.0,0.0,100.0,0.0,200.0,0.0,100.0,13673.0,100.0,62915109856.0,100.0,75489012458.0
2019-09-09,ZJV01YHH,ST12000NM0007,12000138625024,0,80.0,105222792.0,94.0,0.0,100.0,5.0,100.0,0.0,89.0,778913267.0,85.0,13851.0,100.0,0.0,100.0,4.0,,,,,100.0,0.0,100.0,0.0,,,76.0,24.0,,,100.0,276.0,100.0,763.0,24.0,24.0,100.0,0.0,100.0,0.0,200.0,0.0,100.0,13705.0,100.0,63069717688.0,100.0,75707559066.0
2019-09-10,ZJV01YHH,ST12000NM0007,12000138625024,0,83.0,203264648.0,94.0,0.0,100.0,5.0,100.0,0.0,89.0,780711297.0,85.0,13867.0,100.0,0.0,100.0,4.0,,,,,100.0,0.0,100.0,0.0,,,76.0,24.0,,,100.0,276.0,100.0,763.0,24.0,24.0,100.0,0.0,100.0,0.0,200.0,0.0,100.0,13720.0,100.0,63103452208.0,100.0,75771866402.0
2019-09-11,ZJV01YHH,ST12000NM0007,12000138625024,0,66.0,4367080.0,94.0,0.0,100.0,5.0,100.0,0.0,89.0,784508792.0,85.0,13898.0,100.0,0.0,100.0,4.0,,,,,100.0,0.0,100.0,0.0,,,76.0,24.0,,,100.0,276.0,100.0,765.0,24.0,24.0,100.0,0.0,100.0,0.0,200.0,0.0,100.0,13752.0,100.0,63172286872.0,100.0,75992415802.0
2019-09-12,ZJV01YHH,ST12000NM0007,12000138625024,0,82.0,157337464.0,94.0,0.0,100.0,5.0,100.0,0.0,89.0,786376071.0,85.0,13914.0,100.0,0.0,100.0,4.0,,,,,100.0,0.0,100.0,0.0,,,76.0,24.0,,,100.0,276.0,100.0,766.0,24.0,24.0,100.0,0.0,100.0,0.0,200.0,0.0,100.0,13767.0,100.0,63207816256.0,100.0,76109856802.0
2019-09-13,ZJV01YHH,ST12000NM0007,12000138625024,0,81.0,135643056.0,94.0,0.0,100.0,5.0,100.0,0.0,89.0,792429094.0,85.0,13946.0,100.0,0.0,100.0,4.0,,,,,100.0,0.0,100.0,0.0,,,76.0,24.0,,,100.0,276.0,100.0,767.0,24.0,24.0,100.0,0.0,100.0,0.0,200.0,0.0,100.0,13799.0,100.0,63334318768.0,100.0,76449941370.0
2019-09-14,ZJV01YHH,ST12000NM0007,12000138625024,0,77.0,55587560.0,94.0,0.0,100.0,5.0,100.0,0.0,89.0,795839690.0,85.0,13962.0,100.0,0.0,100.0,4.0,,,,,100.0,0.0,100.0,0.0,,,76.0,24.0,,,100.0,277.0,100.0,768.0,24.0,24.0,100.0,0.0,100.0,0.0,200.0,0.0,100.0,13814.0,100.0,63379643096.0,100.0,76568702346.0
2019-09-15,ZJV01YHH,ST12000NM0007,12000138625024,0,81.0,132870480.0,94.0,0.0,100.0,5.0,100.0,0.0,89.0,799707587.0,85.0,13993.0,100.0,0.0,100.0,4.0,,,,,100.0,0.0,100.0,0.0,,,76.0,24.0,,,100.0,278.0,100.0,769.0,24.0,24.0,100.0,0.0,100.0,0.0,200.0,0.0,100.0,13846.0,100.0,63454280192.0,100.0,76815488882.0
2019-09-16,ZJV01YHH,ST12000NM0007,12000138625024,0,80.0,94789192.0,94.0,0.0,100.0,5.0,100.0,0.0,89.0,803708520.0,85.0,14009.0,100.0,0.0,100.0,4.0,,,,,100.0,0.0,100.0,0.0,,,76.0,24.0,,,100.0,279.0,100.0,770.0,24.0,24.0,100.0,0.0,100.0,0.0,200.0,0.0,100.0,13862.0,100.0,63533694288.0,100.0,76942134130.0
2019-09-17,ZJV01YHH,ST12000NM0007,12000138625024,0,82.0,153375752.0,94.0,0.0,100.0,5.0,100.0,0.0,89.0,808641049.0,84.0,14041.0,100.0,0.0,100.0,4.0,,,,,100.0,0.0,100.0,0.0,,,76.0,24.0,,,100.0,280.0,100.0,771.0,24.0,24.0,100.0,0.0,100.0,0.0,200.0,0.0,100.0,13893.0,100.0,63616641376.0,100.0,77161914410.0
2019-09-18,ZJV01YHH,ST12000NM0007,12000138625024,0,75.0,30223072.0,94.0,0.0,100.0,5.0,100.0,0.0,89.0,810386992.0,84.0,14056.0,100.0,0.0,100.0,4.0,,,,,100.0,0.0,100.0,0.0,,,76.0,24.0,,,100.0,281.0,100.0,772.0,24.0,24.0,100.0,0.0,100.0,0.0,200.0,0.0,100.0,13909.0,100.0,63648416120.0,100.0,77251127698.0
2019-09-19,ZJV01YHH,ST12000NM0007,12000138625024,0,80.0,92148768.0,94.0,0.0,100.0,5.0,100.0,0.0,89.0,814721759.0,84.0,14088.0,100.0,0.0,100.0,4.0,,,,,100.0,0.0,100.0,0.0,,,76.0,24.0,,,100.0,281.0,100.0,774.0,24.0,24.0,100.0,0.0,100.0,0.0,200.0,0.0,100.0,13940.0,100.0,63727141544.0,100.0,77478468754.0
2019-09-20,ZJV01YHH,ST12000NM0007,12000138625024,0,73.0,21344584.0,94.0,0.0,100.0,5.0,100.0,0.0,89.0,816934505.0,84.0,14104.0,100.0,0.0,100.0,4.0,,,,,100.0,0.0,100.0,0.0,,,76.0,24.0,,,100.0,281.0,100.0,774.0,24.0,24.0,100.0,0.0,100.0,0.0,200.0,0.0,100.0,13956.0,100.0,63779888992.0,100.0,77599058010.0
2019-09-21,ZJV01YHH,ST12000NM0007,12000138625024,0,83.0,216595368.0,94.0,0.0,100.0,5.0,100.0,0.0,89.0,824395290.0,84.0,14136.0,100.0,0.0,100.0,4.0,,,,,100.0,0.0,100.0,0.0,,,76.0,24.0,,,100.0,283.0,100.0,776.0,24.0,24.0,100.0,0.0,100.0,0.0,200.0,0.0,100.0,13988.0,100.0,63896914288.0,100.0,77921424426.0
2019-09-22,ZJV01YHH,ST12000NM0007,12000138625024,0,80.0,108472160.0,94.0,0.0,100.0,5.0,100.0,0.0,89.0,826165327.0,84.0,14152.0,100.0,0.0,100.0,4.0,,,,,100.0,0.0,100.0,0.0,,,76.0,24.0,,,100.0,283.0,100.0,776.0,24.0,24.0,100.0,0.0,100.0,0.0,200.0,0.0,100.0,14004.0,100.0,63935374344.0,100.0,78018981858.0
2019-09-23,ZJV01YHH,ST12000NM0007,12000138625024,0,83.0,207048656.0,94.0,0.0,100.0,5.0,100.0,0.0,89.0,832592618.0,84.0,14183.0,100.0,0.0,100.0,4.0,,,,,100.0,0.0,100.0,0.0,,,76.0,24.0,,,100.0,284.0,100.0,778.0,24.0,24.0,100.0,0.0,100.0,0.0,200.0,0.0,100.0,14035.0,100.0,64055933160.0,100.0,78241140258.0
2019-09-24,ZJV01YHH,ST12000NM0007,12000138625024,0,81.0,120242664.0,94.0,0.0,100.0,5.0,100.0,0.0,89.0,834589460.0,84.0,14199.0,100.0,0.0,100.0,4.0,,,,,100.0,0.0,100.0,0.0,,,76.0,24.0,,,100.0,284.0,100.0,778.0,24.0,24.0,100.0,0.0,100.0,0.0,200.0,0.0,100.0,14051.0,100.0,64103692736.0,100.0,78350715362.0
2019-09-25,ZJV01YHH,ST12000NM0007,12000138625024,0,82.0,163260312.0,94.0,0.0,100.0,5.0,100.0,0.0,89.0,838151747.0,84.0,14231.0,100.0,0.0,100.0,4.0,,,,,100.0,0.0,100.0,0.0,,,76.0,24.0,,,100.0,285.0,100.0,780.0,24.0,24.0,100.0,0.0,100.0,0.0,200.0,0.0,100.0,14082.0,100.0,64176012864.0,100.0,78565553602.0
2019-09-26,ZJV01YHH,ST12000NM0007,12000138625024,0,79.0,77307216.0,94.0,0.0,100.0,5.0,100.0,0.0,89.0,840360845.0,84.0,14247.0,100.0,0.0,100.0,4.0,,,,,100.0,0.0,100.0,0.0,,,76.0,24.0,,,100.0,285.0,100.0,780.0,24.0,24.0,100.0,0.0,100.0,0.0,200.0,0.0,100.0,14098.0,100.0,64224860888.0,100.0,78674893146.0
2019-09-27,ZJV01YHH,ST12000NM0007,12000138625024,0,100.0,736864.0,94.0,0.0,100.0,5.0,100.0,0.0,89.0,846246630.0,84.0,14278.0,100.0,0.0,100.0,4.0,,,,,100.0,0.0,100.0,0.0,,,76.0,24.0,,,100.0,286.0,100.0,781.0,24.0,24.0,100.0,0.0,100.0,0.0,200.0,0.0,100.0,14130.0,100.0,64368072408.0,100.0,78943392594.0
2019-09-28,ZJV01YHH,ST12000NM0007,12000138625024,0,77.0,44952976.0,94.0,0.0,100.0,5.0,100.0,0.0,89.0,851449025.0,84.0,14294.0,100.0,0.0,100.0,4.0,,,,,100.0,0.0,100.0,0.0,,,76.0,24.0,,,100.0,286.0,100.0,782.0,24.0,24.0,100.0,0.0,100.0,0.0,200.0,0.0,100.0,14145.0,100.0,64444734304.0,100.0,79155087522.0
2019-09-29,ZJV01YHH,ST12000NM0007,12000138625024,0,73.0,19904976.0,94.0,0.0,100.0,5.0,100.0,0.0,89.0,854308658.0,84.0,14326.0,100.0,0.0,100.0,4.0,,,,,100.0,0.0,100.0,0.0,,,77.0,23.0,,,100.0,286.0,100.0,783.0,23.0,23.0,100.0,0.0,100.0,0.0,200.0,0.0,100.0,14177.0,100.0,64484037144.0,100.0,79334877426.0
2019-09-30,ZJV01YHH,ST12000NM0007,12000138625024,0,83.0,200105928.0,94.0,0.0,100.0,5.0,100.0,0.0,89.0,857566441.0,84.0,14342.0,100.0,0.0,100.0,4.0,,,,,100.0,0.0,100.0,0.0,,,76.0,24.0,,,100.0,287.0,100.0,784.0,24.0,24.0,100.0,0.0,100.0,0.0,200.0,0.0,100.0,14193.0,100.0,64546928112.0,100.0,79452187410.0
2019-10-01,ZJV01YHH,ST12000NM0007,12000138625024,0,83.0,180167240.0,94.0,0.0,100.0,5.0,100.0,0.0,89.0,861906174.0,84.0,14373.0,100.0,0.0,100.0,4.0,,,,,100.0,0.0,100.0,0.0,,,76.0,24.0,,,100.0,287.0,100.0,785.0,24.0,24.0,100.0,0.0,100.0,0.0,200.0,0.0,100.0,14225.0,100.0,64611458192.0,100.0,79611859506.0
2019-10-02,ZJV01YHH,ST12000NM0007,12000138625024,0,77.0,56020448.0,94.0,0.0,100.0,5.0,100.0,0.0,89.0,863557517.0,84.0,14389.0,100.0,0.0,100.0,4.0,,,,,100.0,0.0,100.0,0.0,,,76.0,24.0,,,100.0,288.0,100.0,786.0,24.0,24.0,100.0,0.0,100.0,0.0,200.0,0.0,100.0,14240.0,100.0,64650600608.0,100.0,79692711034.0
2019-10-03,ZJV01YHH,ST12000NM0007,12000138625024,0,65.0,3486360.0,94.0,0.0,100.0,5.0,100.0,0.0,89.0,866135622.0,84.0,14421.0,100.0,0.0,100.0,4.0,,,,,100.0,0.0,100.0,0.0,,,76.0,24.0,,,100.0,289.0,100.0,788.0,24.0,24.0,100.0,0.0,100.0,0.0,200.0,0.0,100.0,14272.0,100.0,64703058312.0,100.0,79831859938.0
2019-10-04,ZJV01YHH,ST12000NM0007,12000138625024,0,78.0,69946032.0,94.0,0.0,100.0,5.0,100.0,0.0,89.0,867062104.0,84.0,14437.0,100.0,0.0,100.0,4.0,,,,,100.0,0.0,100.0,0.0,,,77.0,23.0,,,100.0,289.0,100.0,789.0,23.0,23.0,100.0,0.0,100.0,0.0,200.0,0.0,100.0,14287.0,100.0,64726232216.0,100.0,79875145706.0
2019-10-05,ZJV01YHH,ST12000NM0007,12000138625024,0,77.0,48156232.0,94.0,0.0,100.0,5.0,100.0,0.0,89.0,872230181.0,84.0,14468.0,100.0,0.0,100.0,4.0,,,,,100.0,0.0,100.0,0.0,,,76.0,24.0,,,100.0,290.0,100.0,790.0,24.0,24.0,100.0,0.0,100.0,0.0,200.0,0.0,100.0,14319.0,100.0,64794521400.0,100.0,80029207594.0
2019-10-06,ZJV01YHH,ST12000NM0007,12000138625024,0,82.0,177715920.0,94.0,0.0,100.0,5.0,100.0,0.0,89.0,877354001.0,84.0,14484.0,100.0,0.0,100.0,4.0,,,,,100.0,0.0,100.0,0.0,,,76.0,24.0,,,100.0,291.0,100.0,791.0,24.0,24.0,100.0,0.0,100.0,0.0,200.0,0.0,100.0,14335.0,100.0,64816445000.0,100.0,80136843682.0
2019-10-07,ZJV01YHH,ST12000NM0007,12000138625024,0,83.0,193102624.0,94.0,0.0,100.0,5.0,100.0,0.0,89.0,883747251.0,84.0,14516.0,100.0,0.0,100.0,4.0,,,,,100.0,0.0,100.0,0.0,,,77.0,23.0,,,100.0,292.0,100.0,792.0,23.0,23.0,100.0,0.0,100.0,0.0,200.0,0.0,100.0,14366.0,100.0,64918697352.0,100.0,80294118666.0
2019-10-08,ZJV01YHH,ST12000NM0007,12000138625024,0,75.0,34825112.0,94.0,0.0,100.0,5.0,100.0,0.0,89.0,885186171.0,84.0,14531.0,100.0,0.0,100.0,4.0,,,,,100.0,0.0,100.0,0.0,,,76.0,24.0,,,100.0,293.0,100.0,793.0,24.0,24.0,100.0,0.0,100.0,0.0,200.0,0.0,100.0,14382.0,100.0,64948899768.0,100.0,80349779746.0
2019-10-09,ZJV01YHH,ST12000NM0007,12000138625024,0,83.0,190083792.0,94.0,0.0,100.0,5.0,100.0,0.0,89.0,887936799.0,84.0,14563.0,100.0,0.0,100.0,4.0,,,,,100.0,0.0,100.0,0.0,,,76.0,24.0,,,100.0,294.0,100.0,794.0,24.0,24.0,100.0,0.0,100.0,0.0,200.0,0.0,100.0,14413.0,100.0,65027259744.0,100.0,80426678450.0
2019-10-10,ZJV01YHH,ST12000NM0007,12000138625024,0,74.0,25536120.0,94.0,0.0,100.0,5.0,100.0,0.0,89.0,889267128.0,84.0,14579.0,100.0,0.0,100.0,4.0,,,,,100.0,0.0,100.0,0.0,,,76.0,24.0,,,100.0,295.0,100.0,795.0,24.0,24.0,100.0,0.0,100.0,0.0,200.0,0.0,100.0,14429.0,100.0,65056965840.0,100.0,80476565402.0
2019-10-11,ZJV01YHH,ST12000NM0007,12000138625024,0,84.0,228761760.0,94.0,0.0,100.0,5.0,100.0,0.0,90.0,893520600.0,84.0,14610.0,100.0,0.0,100.0,4.0,,,,,100.0,0.0,100.0,0.0,,,76.0,24.0,,,100.0,295.0,100.0,796.0,24.0,24.0,100.0,0.0,100.0,0.0,200.0,0.0,100.0,14460.0,100.0,65129203376.0,100.0,80607553506.0
2019-10-12,ZJV01YHH,ST12000NM0007,12000138625024,0,81.0,131212544.0,94.0,0.0,100.0,5.0,100.0,0.0,90.0,897364875.0,84.0,14626.0,100.0,0.0,100.0,4.0,,,,,100.0,0.0,100.0,0.0,,,77.0,23.0,,,100.0,296.0,100.0,797.0,23.0,23.0,100.0,0.0,100.0,0.0,200.0,0.0,100.0,14476.0,100.0,65178668912.0,100.0,80704679410.0
2019-10-13,ZJV01YHH,ST12000NM0007,12000138625024,0,84.0,240765776.0,94.0,0.0,100.0,5.0,100.0,0.0,90.0,899201750.0,84.0,14658.0,100.0,0.0,100.0,4.0,,,,,100.0,0.0,100.0,0.0,,,77.0,23.0,,,100.0,297.0,100.0,798.0,23.0,23.0,100.0,0.0,100.0,0.0,200.0,0.0,100.0,14507.0,100.0,65210688648.0,100.0,80782212906.0
2019-10-14,ZJV01YHH,ST12000NM0007,12000138625024,0,81.0,128176624.0,94.0,0.0,100.0,5.0,100.0,0.0,90.0,902239700.0,84.0,14674.0,100.0,0.0,100.0,4.0,,,,,100.0,0.0,100.0,0.0,,,77.0,23.0,,,100.0,298.0,100.0,799.0,23.0,23.0,100.0,0.0,100.0,0.0,200.0,0.0,100.0,14523.0,100.0,65266912920.0,100.0,80857540202.0
2019-10-15,ZJV01YHH,ST12000NM0007,12000138625024,0,74.0,24898656.0,94.0,0.0,100.0,5.0,100.0,0.0,90.0,905167994.0,84.0,14737.0,100.0,0.0,100.0,4.0,,,,,100.0,0.0,100.0,0.0,,,77.0,23.0,,,100.0,301.0,100.0,802.0,23.0,23.0,100.0,0.0,100.0,0.0,200.0,0.0,100.0,14586.0,100.0,65287027640.0,100.0,80978288178.0
2019-10-16,ZJV01YHH,ST12000NM0007,12000138625024,0,74.0,24898656.0,94.0,0.0,100.0,5.0,100.0,0.0,90.0,905167994.0,84.0,14737.0,100.0,0.0,100.0,4.0,,,,,100.0,0.0,100.0,0.0,,,77.0,23.0,,,100.0,301.0,100.0,802.0,23.0,23.0,100.0,0.0,100.0,0.0,200.0,0.0,100.0,14586.0,100.0,65287027640.0,100.0,80978288178.0
2019-10-17,ZJV01YHH,ST12000NM0007,12000138625024,0,78.0,61396480.0,94.0,0.0,100.0,5.0,100.0,0.0,90.0,905781963.0,84.0,14753.0,100.0,0.0,100.0,4.0,,,,,100.0,0.0,100.0,0.0,,,77.0,23.0,,,100.0,301.0,100.0,802.0,23.0,23.0,100.0,0.0,100.0,0.0,200.0,0.0,100.0,14602.0,100.0,65288476696.0,100.0,81013336946.0
2019-10-18,ZJV01YHH,ST12000NM0007,12000138625024,0,79.0,87404440.0,94.0,0.0,100.0,5.0,100.0,0.0,90.0,909959670.0,84.0,14784.0,100.0,0.0,100.0,4.0,,,,,100.0,0.0,100.0,0.0,,,75.0,25.0,,,100.0,302.0,100.0,803.0,25.0,25.0,100.0,0.0,100.0,0.0,200.0,0.0,100.0,14633.0,100.0,65356375928.0,100.0,81215586330.0
2019-10-19,ZJV01YHH,ST12000NM0007,12000138625024,0,83.0,216316648.0,94.0,0.0,100.0,5.0,100.0,0.0,90.0,912801705.0,84.0,14800.0,100.0,0.0,100.0,4.0,,,,,100.0,0.0,100.0,0.0,,,76.0,24.0,,,100.0,302.0,100.0,804.0,24.0,24.0,100.0,0.0,100.0,0.0,200.0,0.0,100.0,14649.0,100.0,65381666368.0,100.0,81319208098.0
2019-10-20,ZJV01YHH,ST12000NM0007,12000138625024,0,83.0,197364776.0,94.0,0.0,100.0,5.0,100.0,0.0,90.0,916111455.0,84.0,14831.0,100.0,0.0,100.0,4.0,,,,,100.0,0.0,100.0,0.0,,,76.0,24.0,,,100.0,302.0,100.0,805.0,24.0,24.0,100.0,0.0,100.0,0.0,200.0,0.0,100.0,14680.0,100.0,65428978144.0,100.0,81497085186.0
2019-10-21,ZJV01YHH,ST12000NM0007,12000138625024,0,82.0,155989368.0,94.0,0.0,100.0,5.0,100.0,0.0,90.0,920057765.0,84.0,14847.0,100.0,0.0,100.0,4.0,,,,,100.0,0.0,100.0,0.0,,,75.0,25.0,,,100.0,302.0,100.0,806.0,25.0,25.0,100.0,0.0,100.0,0.0,200.0,0.0,100.0,14696.0,100.0,65507589232.0,100.0,81621240394.0
2019-10-22,ZJV01YHH,ST12000NM0007,12000138625024,0,80.0,96629720.0,94.0,0.0,100.0,5.0,100.0,0.0,90.0,924171302.0,84.0,14879.0,100.0,0.0,100.0,4.0,,,,,100.0,0.0,100.0,0.0,,,76.0,24.0,,,100.0,303.0,100.0,807.0,24.0,24.0,100.0,0.0,100.0,0.0,200.0,0.0,100.0,14727.0,100.0,65560453944.0,100.0,81753156890.0
2019-10-23,ZJV01YHH,ST12000NM0007,12000138625024,0,83.0,201730992.0,94.0,0.0,100.0,5.0,100.0,0.0,90.0,925677730.0,83.0,14895.0,100.0,0.0,100.0,4.0,,,,,100.0,0.0,100.0,0.0,,,76.0,24.0,,,100.0,304.0,100.0,808.0,24.0,24.0,100.0,0.0,100.0,0.0,200.0,0.0,100.0,14743.0,100.0,65588310016.0,100.0,81830402090.0
2019-10-24,ZJV01YHH,ST12000NM0007,12000138625024,0,82.0,176266680.0,94.0,0.0,100.0,5.0,100.0,0.0,90.0,928820581.0,83.0,14926.0,100.0,0.0,100.0,4.0,,,,,100.0,0.0,100.0,0.0,,,76.0,24.0,,,100.0,305.0,100.0,810.0,24.0,24.0,100.0,0.0,100.0,0.0,200.0,0.0,100.0,14774.0,100.0,65647030824.0,100.0,81990357698.0
2019-10-25,ZJV01YHH,ST12000NM0007,12000138625024,0,78.0,66275416.0,94.0,0.0,100.0,5.0,100.0,0.0,90.0,930396853.0,83.0,14942.0,100.0,0.0,100.0,4.0,,,,,100.0,0.0,100.0,0.0,,,76.0,24.0,,,100.0,305.0,100.0,810.0,24.0,24.0,100.0,0.0,100.0,0.0,200.0,0.0,100.0,14790.0,100.0,65665108416.0,100.0,82106429650.0
2019-10-26,ZJV01YHH,ST12000NM0007,12000138625024,0,80.0,89744304.0,94.0,0.0,100.0,5.0,100.0,0.0,90.0,933781177.0,83.0,14974.0,100.0,0.0,100.0,4.0,,,,,100.0,0.0,100.0,0.0,,,76.0,24.0,,,100.0,306.0,100.0,812.0,24.0,24.0,100.0,0.0,100.0,0.0,200.0,0.0,100.0,14822.0,100.0,65708969072.0,100.0,82330178636.0
2019-10-27,ZJV01YHH,ST12000NM0007,12000138625024,0,82.0,146539760.0,94.0,0.0,100.0,5.0,100.0,0.0,90.0,934792260.0,83.0,14990.0,100.0,0.0,100.0,4.0,,,,,100.0,0.0,100.0,0.0,,,76.0,24.0,,,100.0,306.0,100.0,812.0,24.0,24.0,100.0,0.0,100.0,0.0,200.0,0.0,100.0,14838.0,100.0,65731144128.0,100.0,82364799036.0
2019-10-28,ZJV01YHH,ST12000NM0007,12000138625024,0,80.0,89531240.0,94.0,0.0,100.0,5.0,100.0,0.0,90.0,939765836.0,83.0,15022.0,100.0,0.0,100.0,4.0,,,,,100.0,0.0,100.0,0.0,,,76.0,24.0,,,100.0,307.0,100.0,814.0,24.0,24.0,100.0,0.0,100.0,0.0,200.0,0.0,100.0,14870.0,100.0,65777856368.0,100.0,82505219076.0
2019-10-29,ZJV01YHH,ST12000NM0007,12000138625024,0,81.0,136905328.0,94.0,0.0,100.0,5.0,100.0,0.0,90.0,940760226.0,83.0,15038.0,100.0,0.0,100.0,4.0,,,,,100.0,0.0,100.0,0.0,,,77.0,23.0,,,100.0,307.0,100.0,814.0,23.0,23.0,100.0,0.0,100.0,0.0,200.0,0.0,100.0,14885.0,100.0,65798935872.0,100.0,82531513660.0
2019-10-30,ZJV01YHH,ST12000NM0007,12000138625024,0,71.0,13067016.0,94.0,0.0,100.0,5.0,100.0,0.0,90.0,942618730.0,83.0,15069.0,100.0,0.0,100.0,4.0,,,,,100.0,0.0,100.0,0.0,,,75.0,25.0,,,100.0,309.0,100.0,816.0,25.0,25.0,100.0,0.0,100.0,0.0,200.0,0.0,100.0,14917.0,100.0,65848420448.0,100.0,82602332100.0
2019-10-31,ZJV01YHH,ST12000NM0007,12000138625024,0,79.0,74042560.0,94.0,0.0,100.0,5.0,100.0,0.0,90.0,943539857.0,83.0,15085.0,100.0,0.0,100.0,4.0,,,,,100.0,0.0,100.0,0.0,,,75.0,25.0,,,100.0,309.0,100.0,816.0,25.0,25.0,100.0,0.0,100.0,0.0,200.0,0.0,100.0,14932.0,100.0,65868636984.0,100.0,82643091108.0
2019-11-01,ZJV01YHH,ST12000NM0007,12000138625024,0,74.0,26883520.0,94.0,0.0,100.0,5.0,100.0,0.0,90.0,946728216.0,83.0,15117.0,100.0,0.0,100.0,4.0,,,,,100.0,0.0,100.0,0.0,,,75.0,25.0,,,100.0,309.0,100.0,818.0,25.0,25.0,100.0,0.0,100.0,0.0,200.0,0.0,100.0,14964.0,100.0,65897675504.0,100.0,82811034180.0
2019-11-02,ZJV01YHH,ST12000NM0007,12000138625024,0,82.0,152917112.0,94.0,0.0,100.0,5.0,100.0,0.0,90.0,949911071.0,83.0,15133.0,100.0,0.0,100.0,4.0,,,,,100.0,0.0,100.0,0.0,,,75.0,25.0,,,100.0,309.0,100.0,818.0,25.0,25.0,100.0,0.0,100.0,0.0,200.0,0.0,100.0,14980.0,100.0,65909002408.0,100.0,82925740868.0
2019-11-03,ZJV01YHH,ST12000NM0007,12000138625024,0,79.0,88031464.0,94.0,0.0,100.0,5.0,100.0,0.0,90.0,952012339.0,83.0,15165.0,100.0,0.0,100.0,4.0,,,,,100.0,0.0,100.0,0.0,,,75.0,25.0,,,100.0,310.0,100.0,820.0,25.0,25.0,100.0,0.0,100.0,0.0,200.0,0.0,100.0,15011.0,100.0,65933860096.0,100.0,83080138252.0
2019-11-04,ZJV01YHH,ST12000NM0007,12000138625024,0,84.0,226157104.0,94.0,0.0,100.0,5.0,100.0,0.0,90.0,954972571.0,83.0,15180.0,100.0,0.0,100.0,4.0,,,,,100.0,0.0,100.0,0.0,,,75.0,25.0,,,100.0,310.0,100.0,820.0,25.0,25.0,100.0,0.0,100.0,0.0,200.0,0.0,100.0,15027.0,100.0,65944756144.0,100.0,83207367844.0
2019-11-06,ZJV01YHH,ST12000NM0007,12000138625024,0,84.0,237856832.0,94.0,0.0,100.0,5.0,100.0,0.0,90.0,958409978.0,83.0,15228.0,100.0,0.0,100.0,4.0,,,,,100.0,0.0,100.0,0.0,,,76.0,24.0,,,100.0,312.0,100.0,822.0,24.0,24.0,100.0,0.0,100.0,0.0,200.0,0.0,100.0,15075.0,100.0,65986445608.0,100.0,83421518836.0
2019-11-07,ZJV01YHH,ST12000NM0007,12000138625024,0,82.0,170176752.0,94.0,0.0,100.0,5.0,100.0,0.0,90.0,960162115.0,83.0,15260.0,100.0,0.0,100.0,4.0,,,,,100.0,0.0,100.0,0.0,,,76.0,24.0,,,100.0,313.0,100.0,824.0,24.0,24.0,100.0,0.0,100.0,0.0,200.0,0.0,100.0,15106.0,100.0,66014663832.0,100.0,83569761324.0
2019-11-08,ZJV01YHH,ST12000NM0007,12000138625024,0,72.0,15330856.0,94.0,0.0,100.0,5.0,100.0,0.0,90.0,961014047.0,83.0,15275.0,100.0,0.0,100.0,4.0,,,,,100.0,0.0,100.0,0.0,,,76.0,24.0,,,100.0,313.0,100.0,825.0,24.0,24.0,100.0,0.0,100.0,0.0,200.0,0.0,100.0,15122.0,100.0,66026220104.0,100.0,83647499876.0
2019-11-09,ZJV01YHH,ST12000NM0007,12000138625024,0,82.0,157247568.0,94.0,0.0,100.0,5.0,100.0,0.0,90.0,968100704.0,83.0,15307.0,100.0,0.0,100.0,4.0,,,,,100.0,0.0,100.0,0.0,,,76.0,24.0,,,100.0,313.0,100.0,826.0,24.0,24.0,100.0,0.0,100.0,0.0,200.0,0.0,100.0,15153.0,100.0,66056977824.0,100.0,84002799972.0
2019-11-10,ZJV01YHH,ST12000NM0007,12000138625024,0,80.0,94203640.0,94.0,0.0,100.0,5.0,100.0,0.0,90.0,969516995.0,83.0,15323.0,100.0,0.0,100.0,4.0,,,,,100.0,0.0,100.0,0.0,,,76.0,24.0,,,100.0,313.0,100.0,827.0,24.0,24.0,100.0,0.0,100.0,0.0,200.0,0.0,100.0,15169.0,100.0,66067287112.0,100.0,84173587460.0
2019-11-11,ZJV01YHH,ST12000NM0007,12000138625024,0,81.0,121733192.0,91.0,0.0,100.0,7.0,100.0,0.0,90.0,974375955.0,83.0,15355.0,100.0,0.0,100.0,6.0,,,,,100.0,0.0,100.0,0.0,,,76.0,24.0,,,100.0,315.0,100.0,832.0,24.0,24.0,100.0,0.0,100.0,0.0,200.0,0.0,100.0,15201.0,100.0,66091711488.0,100.0,84420833424.0
2019-11-12,ZJV01YHH,ST12000NM0007,12000138625024,0,77.0,52644568.0,91.0,0.0,100.0,7.0,100.0,0.0,90.0,976183778.0,83.0,15371.0,100.0,0.0,100.0,6.0,,,,,100.0,0.0,100.0,0.0,,,76.0,24.0,,,100.0,315.0,100.0,832.0,24.0,24.0,100.0,0.0,100.0,0.0,200.0,0.0,100.0,15217.0,100.0,66107563600.0,100.0,84580033408.0
2019-11-13,ZJV01YHH,ST12000NM0007,12000138625024,0,82.0,161708464.0,91.0,0.0,100.0,7.0,100.0,0.0,90.0,979253151.0,83.0,15403.0,100.0,0.0,100.0,6.0,,,,,100.0,0.0,100.0,0.0,,,76.0,24.0,,,100.0,315.0,100.0,835.0,24.0,24.0,100.0,0.0,100.0,0.0,200.0,0.0,100.0,15248.0,100.0,66129027072.0,100.0,84911774528.0
2019-11-14,ZJV01YHH,ST12000NM0007,12000138625024,0,78.0,65066760.0,91.0,0.0,100.0,7.0,100.0,0.0,90.0,980649945.0,83.0,15418.0,100.0,0.0,100.0,6.0,,,,,100.0,0.0,100.0,0.0,,,75.0,25.0,,,100.0,315.0,100.0,835.0,25.0,25.0,100.0,0.0,100.0,0.0,200.0,0.0,100.0,15263.0,100.0,66143592872.0,100.0,85044707680.0
2019-11-15,ZJV01YHH,ST12000NM0007,12000138625024,0,82.0,154487648.0,91.0,0.0,100.0,7.0,100.0,0.0,90.0,983840430.0,83.0,15450.0,100.0,0.0,100.0,6.0,,,,,100.0,0.0,100.0,0.0,,,75.0,25.0,,,100.0,316.0,100.0,837.0,25.0,25.0,100.0,0.0,100.0,0.0,200.0,0.0,100.0,15295.0,100.0,66168724800.0,100.0,85353137336.0
2019-11-16,ZJV01YHH,ST12000NM0007,12000138625024,0,83.0,203571232.0,91.0,0.0,100.0,7.0,100.0,0.0,90.0,988455626.0,83.0,15466.0,100.0,0.0,100.0,6.0,,,,,100.0,0.0,100.0,0.0,,,76.0,24.0,,,100.0,316.0,100.0,837.0,24.0,24.0,100.0,0.0,100.0,0.0,200.0,0.0,100.0,15310.0,100.0,66186410440.0,100.0,85628676048.0
2019-11-17,ZJV01YHH,ST12000NM0007,12000138625024,0,80.0,99904456.0,91.0,0.0,100.0,7.0,100.0,0.0,90.0,991573122.0,83.0,15497.0,100.0,0.0,100.0,6.0,,,,,100.0,0.0,100.0,0.0,,,76.0,24.0,,,100.0,316.0,100.0,838.0,24.0,24.0,100.0,0.0,100.0,0.0,200.0,0.0,100.0,15342.0,100.0,66211378328.0,100.0,85988322824.0
2019-11-18,ZJV01YHH,ST12000NM0007,12000138625024,0,82.0,167270968.0,91.0,0.0,100.0,7.0,100.0,0.0,90.0,996908014.0,83.0,15529.0,100.0,0.0,100.0,6.0,,,,,100.0,0.0,100.0,0.0,,,76.0,24.0,,,100.0,316.0,100.0,840.0,24.0,24.0,100.0,0.0,100.0,0.0,200.0,0.0,100.0,15373.0,100.0,66231914496.0,100.0,86279293816.0
2019-11-19,ZJV01YHH,ST12000NM0007,12000138625024,0,83.0,178578480.0,91.0,0.0,100.0,7.0,100.0,0.0,90.0,998870993.0,83.0,15544.0,100.0,0.0,100.0,6.0,,,,,100.0,0.0,100.0,0.0,,,76.0,24.0,,,100.0,316.0,100.0,840.0,24.0,24.0,100.0,0.0,100.0,0.0,200.0,0.0,100.0,15389.0,100.0,66280875192.0,100.0,86485781464.0
2019-11-20,ZJV01YHH,ST12000NM0007,12000138625024,0,80.0,105360224.0,91.0,0.0,100.0,7.0,100.0,0.0,64.0,2639992.0,83.0,15576.0,100.0,0.0,100.0,6.0,,,,,100.0,0.0,100.0,0.0,,,76.0,24.0,,,100.0,318.0,100.0,842.0,24.0,24.0,100.0,0.0,100.0,0.0,200.0,0.0,100.0,15421.0,100.0,66296795712.0,100.0,86884924224.0
2019-11-21,ZJV01YHH,ST12000NM0007,12000138625024,0,80.0,94133512.0,91.0,0.0,100.0,7.0,100.0,0.0,66.0,4214939.0,83.0,15591.0,100.0,0.0,100.0,6.0,,,,,100.0,0.0,100.0,0.0,,,76.0,24.0,,,100.0,318.0,100.0,843.0,24.0,24.0,100.0,0.0,100.0,0.0,200.0,0.0,100.0,15436.0,100.0,66303967768.0,100.0,87110666248.0
2019-11-22,ZJV01YHH,ST12000NM0007,12000138625024,0,81.0,115172368.0,91.0,0.0,100.0,7.0,100.0,0.0,69.0,7822559.0,83.0,15623.0,100.0,0.0,100.0,6.0,,,,,100.0,0.0,100.0,0.0,,,75.0,25.0,,,100.0,319.0,100.0,844.0,25.0,25.0,100.0,0.0,100.0,0.0,200.0,0.0,100.0,15468.0,100.0,66319286856.0,100.0,87360526736.0
2019-11-23,ZJV01YHH,ST12000NM0007,12000138625024,0,74.0,26259280.0,91.0,0.0,100.0,7.0,100.0,0.0,70.0,10300418.0,83.0,15639.0,100.0,0.0,100.0,6.0,,,,,100.0,0.0,100.0,0.0,,,76.0,24.0,,,100.0,319.0,100.0,845.0,24.0,24.0,100.0,0.0,100.0,0.0,200.0,0.0,100.0,15483.0,100.0,66319630984.0,100.0,87515410264.0
2019-11-24,ZJV01YHH,ST12000NM0007,12000138625024,0,79.0,83217648.0,91.0,0.0,100.0,7.0,100.0,0.0,71.0,12642220.0,83.0,15671.0,100.0,0.0,100.0,6.0,,,,,100.0,0.0,100.0,0.0,,,76.0,24.0,,,100.0,320.0,100.0,846.0,24.0,24.0,100.0,0.0,100.0,0.0,200.0,0.0,100.0,15515.0,100.0,66320125680.0,100.0,87816014704.0
2019-11-25,ZJV01YHH,ST12000NM0007,12000138625024,0,82.0,168203112.0,91.0,0.0,100.0,7.0,100.0,0.0,72.0,15741034.0,83.0,15686.0,100.0,0.0,100.0,6.0,,,,,100.0,0.0,100.0,0.0,,,76.0,24.0,,,100.0,320.0,100.0,847.0,24.0,24.0,100.0,0.0,100.0,0.0,200.0,0.0,100.0,15530.0,100.0,66320286416.0,100.0,87900839440.0
2019-11-26,ZJV01YHH,ST12000NM0007,12000138625024,0,82.0,174121624.0,91.0,0.0,100.0,7.0,100.0,0.0,73.0,18260083.0,83.0,15718.0,100.0,0.0,100.0,6.0,,,,,100.0,0.0,100.0,0.0,,,76.0,24.0,,,100.0,320.0,100.0,848.0,24.0,24.0,100.0,0.0,100.0,0.0,200.0,0.0,100.0,15562.0,100.0,66320796912.0,100.0,88150388136.0
2019-11-27,ZJV01YHH,ST12000NM0007,12000138625024,0,75.0,31318600.0,91.0,0.0,100.0,7.0,100.0,0.0,73.0,21178582.0,83.0,15749.0,100.0,0.0,100.0,6.0,,,,,100.0,0.0,100.0,0.0,,,77.0,23.0,,,100.0,320.0,100.0,850.0,23.0,23.0,100.0,0.0,100.0,0.0,200.0,0.0,100.0,15593.0,100.0,66321294112.0,100.0,88495369384.0
2019-11-28,ZJV01YHH,ST12000NM0007,12000138625024,0,82.0,167782696.0,91.0,0.0,100.0,7.0,100.0,0.0,73.0,22326761.0,83.0,15765.0,100.0,0.0,100.0,6.0,,,,,100.0,0.0,100.0,0.0,,,77.0,23.0,,,100.0,320.0,100.0,850.0,23.0,23.0,100.0,0.0,100.0,0.0,200.0,0.0,100.0,15609.0,100.0,66321546328.0,100.0,88631581264.0
2019-11-29,ZJV01YHH,ST12000NM0007,12000138625024,0,72.0,15931080.0,91.0,0.0,100.0,7.0,100.0,0.0,74.0,27836421.0,82.0,15797.0,100.0,0.0,100.0,6.0,,,,,100.0,0.0,100.0,0.0,,,76.0,24.0,,,100.0,321.0,100.0,852.0,24.0,24.0,100.0,0.0,100.0,0.0,200.0,0.0,100.0,15640.0,100.0,66322116520.0,100.0,88967440960.0
2019-11-30,ZJV01YHH,ST12000NM0007,12000138625024,0,83.0,195938384.0,91.0,0.0,100.0,7.0,100.0,0.0,75.0,29238629.0,82.0,15813.0,100.0,0.0,100.0,6.0,,,,,100.0,0.0,100.0,0.0,,,76.0,24.0,,,100.0,321.0,100.0,852.0,24.0,24.0,100.0,0.0,100.0,0.0,200.0,0.0,100.0,15656.0,100.0,66322374720.0,100.0,89147190064.0
2019-12-01,ZJV01YHH,ST12000NM0007,12000138625024,0,84.0,232401112.0,91.0,0.0,100.0,7.0,100.0,0.0,75.0,31708527.0,82.0,15844.0,100.0,0.0,100.0,6.0,,,,,100.0,0.0,100.0,0.0,,,76.0,24.0,,,100.0,321.0,100.0,854.0,24.0,24.0,100.0,0.0,100.0,0.0,200.0,0.0,100.0,15687.0,100.0,66322860032.0,100.0,89427308224.0
2019-12-02,ZJV01YHH,ST12000NM0007,12000138625024,0,79.0,78195984.0,91.0,0.0,100.0,7.0,100.0,0.0,75.0,34725643.0,82.0,15860.0,100.0,0.0,100.0,6.0,,,,,100.0,0.0,100.0,0.0,,,77.0,23.0,,,100.0,321.0,100.0,854.0,23.0,23.0,100.0,0.0,100.0,0.0,200.0,0.0,100.0,15703.0,100.0,66322942240.0,100.0,89517161520.0
2019-12-03,ZJV01YHH,ST12000NM0007,12000138625024,0,81.0,125179696.0,91.0,0.0,100.0,7.0,100.0,0.0,76.0,36982026.0,82.0,15891.0,100.0,0.0,100.0,6.0,,,,,100.0,0.0,100.0,0.0,,,76.0,24.0,,,100.0,321.0,100.0,856.0,24.0,24.0,100.0,0.0,100.0,0.0,200.0,0.0,100.0,15734.0,100.0,66323459288.0,100.0,89807768840.0
2019-12-04,ZJV01YHH,ST12000NM0007,12000138625024,0,79.0,74654920.0,91.0,0.0,100.0,7.0,100.0,0.0,76.0,38298657.0,82.0,15907.0,100.0,0.0,100.0,6.0,,,,,100.0,0.0,100.0,0.0,,,76.0,24.0,,,100.0,321.0,100.0,856.0,24.0,24.0,100.0,0.0,100.0,0.0,200.0,0.0,100.0,15750.0,100.0,66323721280.0,100.0,90001122760.0
2019-12-05,ZJV01YHH,ST12000NM0007,12000138625024,0,82.0,168441584.0,91.0,0.0,100.0,7.0,100.0,0.0,76.0,41112464.0,82.0,15938.0,100.0,0.0,100.0,6.0,,,,,100.0,0.0,100.0,0.0,,,76.0,24.0,,,100.0,322.0,100.0,859.0,24.0,24.0,100.0,0.0,100.0,0.0,200.0,0.0,100.0,15781.0,100.0,66324238864.0,100.0,90338532544.0
2019-12-06,ZJV01YHH,ST12000NM0007,12000138625024,0,80.0,96009512.0,91.0,0.0,100.0,7.0,100.0,0.0,76.0,42813970.0,82.0,15954.0,100.0,0.0,100.0,6.0,,,,,100.0,0.0,100.0,0.0,,,76.0,24.0,,,100.0,322.0,100.0,859.0,24.0,24.0,100.0,0.0,100.0,0.0,200.0,0.0,100.0,15796.0,100.0,66324497408.0,100.0,90509982560.0
2019-12-07,ZJV01YHH,ST12000NM0007,12000138625024,0,74.0,27113056.0,91.0,0.0,100.0,7.0,100.0,0.0,77.0,48400669.0,82.0,15986.0,100.0,0.0,100.0,6.0,,,,,100.0,0.0,100.0,0.0,,,76.0,24.0,,,100.0,322.0,100.0,861.0,24.0,24.0,100.0,0.0,100.0,0.0,200.0,0.0,100.0,15828.0,100.0,66325024800.0,100.0,90928840160.0
2019-12-08,ZJV01YHH,ST12000NM0007,12000138625024,0,83.0,195439688.0,91.0,0.0,100.0,7.0,100.0,0.0,77.0,50084831.0,82.0,16002.0,100.0,0.0,100.0,6.0,,,,,100.0,0.0,100.0,0.0,,,76.0,24.0,,,100.0,322.0,100.0,861.0,24.0,24.0,100.0,0.0,100.0,0.0,200.0,0.0,100.0,15844.0,100.0,66325289232.0,100.0,91096902360.0
2019-12-09,ZJV01YHH,ST12000NM0007,12000138625024,0,83.0,193197552.0,91.0,0.0,100.0,7.0,100.0,0.0,77.0,54501271.0,82.0,16033.0,100.0,0.0,100.0,6.0,,,,,100.0,0.0,100.0,0.0,,,77.0,23.0,,,100.0,322.0,100.0,863.0,23.0,23.0,100.0,0.0,100.0,0.0,200.0,0.0,100.0,15875.0,100.0,66325614040.0,100.0,91338476168.0
2019-12-10,ZJV01YHH,ST12000NM0007,12000138625024,0,80.0,97165160.0,91.0,0.0,100.0,7.0,100.0,0.0,77.0,55730426.0,82.0,16049.0,100.0,0.0,100.0,6.0,,,,,100.0,0.0,100.0,0.0,,,77.0,23.0,,,100.0,322.0,100.0,863.0,23.0,23.0,100.0,0.0,100.0,0.0,200.0,0.0,100.0,15891.0,100.0,66325870800.0,100.0,91486327680.0
2019-12-11,ZJV01YHH,ST12000NM0007,12000138625024,0,82.0,162700448.0,91.0,0.0,100.0,7.0,100.0,0.0,78.0,58045503.0,82.0,16080.0,100.0,0.0,100.0,6.0,,,,,100.0,0.0,100.0,0.0,,,77.0,23.0,,,100.0,323.0,100.0,866.0,23.0,23.0,100.0,0.0,100.0,0.0,200.0,0.0,100.0,15922.0,100.0,66326392152.0,100.0,91795482248.0
2019-12-12,ZJV01YHH,ST12000NM0007,12000138625024,0,74.0,26177736.0,91.0,0.0,100.0,7.0,100.0,0.0,78.0,58991109.0,82.0,16096.0,100.0,0.0,100.0,6.0,,,,,100.0,0.0,100.0,0.0,,,76.0,24.0,,,100.0,323.0,100.0,866.0,24.0,24.0,100.0,0.0,100.0,0.0,200.0,0.0,100.0,15938.0,100.0,66326658968.0,100.0,91902833360.0
2019-12-13,ZJV01YHH,ST12000NM0007,12000138625024,0,80.0,110667592.0,91.0,0.0,100.0,7.0,100.0,0.0,78.0,62859457.0,82.0,16128.0,100.0,0.0,100.0,6.0,,,,,100.0,0.0,100.0,0.0,,,75.0,25.0,,,100.0,324.0,100.0,868.0,25.0,25.0,100.0,0.0,100.0,0.0,200.0,0.0,100.0,15969.0,100.0,66327168768.0,100.0,92230954120.0
2019-12-14,ZJV01YHH,ST12000NM0007,12000138625024,0,71.0,11396288.0,91.0,0.0,100.0,7.0,100.0,0.0,78.0,65038742.0,82.0,16143.0,100.0,0.0,100.0,6.0,,,,,100.0,0.0,100.0,0.0,,,76.0,24.0,,,100.0,324.0,100.0,868.0,24.0,24.0,100.0,0.0,100.0,0.0,200.0,0.0,100.0,15984.0,100.0,66327431680.0,100.0,92375560616.0
2019-12-15,ZJV01YHH,ST12000NM0007,12000138625024,0,74.0,24802432.0,91.0,0.0,100.0,7.0,100.0,0.0,78.0,66956914.0,82.0,16175.0,100.0,0.0,100.0,6.0,,,,,100.0,0.0,100.0,0.0,,,76.0,24.0,,,100.0,325.0,100.0,869.0,24.0,24.0,100.0,0.0,100.0,0.0,200.0,0.0,100.0,16016.0,100.0,66327948864.0,100.0,92632590296.0
2019-12-16,ZJV01YHH,ST12000NM0007,12000138625024,0,70.0,9090760.0,91.0,0.0,100.0,7.0,100.0,0.0,79.0,71320912.0,82.0,16206.0,100.0,0.0,100.0,6.0,,,,,100.0,0.0,100.0,0.0,,,76.0,24.0,,,100.0,327.0,100.0,871.0,24.0,24.0,100.0,0.0,100.0,0.0,200.0,0.0,100.0,16047.0,100.0,66328265024.0,100.0,92860703096.0
2019-12-17,ZJV01YHH,ST12000NM0007,12000138625024,0,82.0,165193472.0,91.0,0.0,100.0,7.0,100.0,0.0,79.0,72520314.0,82.0,16222.0,100.0,0.0,100.0,6.0,,,,,100.0,0.0,100.0,0.0,,,76.0,24.0,,,100.0,327.0,100.0,871.0,24.0,24.0,100.0,0.0,100.0,0.0,200.0,0.0,100.0,16062.0,100.0,66328526224.0,100.0,93016544608.0
2019-12-18,ZJV01YHH,ST12000NM0007,12000138625024,0,74.0,26990024.0,91.0,0.0,100.0,7.0,100.0,0.0,79.0,74862372.0,82.0,16253.0,100.0,0.0,100.0,6.0,,,,,100.0,0.0,100.0,0.0,,,77.0,23.0,,,100.0,327.0,100.0,873.0,23.0,23.0,100.0,0.0,100.0,0.0,200.0,0.0,100.0,16093.0,100.0,66329043768.0,100.0,93366105064.0
2019-12-19,ZJV01YHH,ST12000NM0007,12000138625024,0,82.0,171951712.0,91.0,0.0,100.0,7.0,100.0,0.0,79.0,75931130.0,82.0,16269.0,100.0,0.0,100.0,6.0,,,,,100.0,0.0,100.0,0.0,,,76.0,24.0,,,100.0,327.0,100.0,873.0,24.0,24.0,100.0,0.0,100.0,0.0,200.0,0.0,100.0,16109.0,100.0,66329308112.0,100.0,93510802408.0
2019-12-20,ZJV01YHH,ST12000NM0007,12000138625024,0,83.0,222722304.0,91.0,0.0,100.0,7.0,100.0,0.0,79.0,78054325.0,82.0,16300.0,100.0,0.0,100.0,6.0,,,,,100.0,0.0,100.0,0.0,,,76.0,24.0,,,100.0,329.0,100.0,875.0,24.0,24.0,100.0,0.0,100.0,0.0,200.0,0.0,100.0,16140.0,100.0,66329833968.0,100.0,93805187848.0
2019-12-21,ZJV01YHH,ST12000NM0007,12000138625024,0,77.0,46141842.0,91.0,0.0,100.0,7.0,100.0,0.0,79.0,78697976.0,82.0,16316.0,100.0,0.0,100.0,6.0,,,,,100.0,0.0,100.0,0.0,,,76.0,24.0,,,100.0,329.0,100.0,876.0,24.0,24.0,100.0,0.0,100.0,0.0,200.0,0.0,100.0,16156.0,100.0,66330093176.0,100.0,93872488818.0
2019-12-22,ZJV01YHH,ST12000NM0007,12000138625024,0,82.0,177105184.0,91.0,0.0,100.0,7.0,100.0,0.0,79.0,81511949.0,82.0,16348.0,100.0,0.0,100.0,6.0,,,,,100.0,0.0,100.0,0.0,,,76.0,24.0,,,100.0,329.0,100.0,877.0,24.0,24.0,100.0,0.0,100.0,0.0,200.0,0.0,100.0,16187.0,100.0,66330602944.0,100.0,94247083042.0
2019-12-23,ZJV01YHH,ST12000NM0007,12000138625024,0,80.0,96877032.0,91.0,0.0,100.0,7.0,100.0,0.0,79.0,82677037.0,82.0,16363.0,100.0,0.0,100.0,6.0,,,,,100.0,0.0,100.0,0.0,,,76.0,24.0,,,100.0,329.0,100.0,878.0,24.0,24.0,100.0,0.0,100.0,0.0,200.0,0.0,100.0,16203.0,100.0,66330859192.0,100.0,94410739330.0
2019-12-24,ZJV01YHH,ST12000NM0007,12000138625024,0,84.0,225831792.0,91.0,0.0,100.0,7.0,100.0,0.0,79.0,85458334.0,82.0,16395.0,100.0,0.0,100.0,6.0,,,,,100.0,0.0,100.0,0.0,,,76.0,24.0,,,100.0,329.0,100.0,879.0,24.0,24.0,100.0,0.0,100.0,0.0,200.0,0.0,100.0,16234.0,100.0,66331378592.0,100.0,94783315474.0
2019-12-25,ZJV01YHH,ST12000NM0007,12000138625024,0,82.0,166129728.0,91.0,0.0,100.0,7.0,100.0,0.0,79.0,86847800.0,82.0,16411.0,100.0,0.0,100.0,6.0,,,,,100.0,0.0,100.0,0.0,,,76.0,24.0,,,100.0,329.0,100.0,880.0,24.0,24.0,100.0,0.0,100.0,0.0,200.0,0.0,100.0,16250.0,100.0,66331637968.0,100.0,94967494802.0
2019-12-26,ZJV01YHH,ST12000NM0007,12000138625024,0,74.0,27298568.0,91.0,0.0,100.0,7.0,100.0,0.0,80.0,89570454.0,82.0,16442.0,100.0,0.0,100.0,6.0,,,,,100.0,0.0,100.0,0.0,,,76.0,24.0,,,100.0,330.0,100.0,881.0,24.0,24.0,100.0,0.0,100.0,0.0,200.0,0.0,100.0,16281.0,100.0,66332146576.0,100.0,95316436418.0
2019-12-27,ZJV01YHH,ST12000NM0007,12000138625024,0,83.0,210923640.0,91.0,0.0,100.0,7.0,100.0,0.0,80.0,90980373.0,82.0,16458.0,100.0,0.0,100.0,6.0,,,,,100.0,0.0,100.0,0.0,,,77.0,23.0,,,100.0,330.0,100.0,882.0,23.0,23.0,100.0,0.0,100.0,0.0,200.0,0.0,100.0,16296.0,100.0,66332405296.0,100.0,95499802770.0
2019-12-28,ZJV01YHH,ST12000NM0007,12000138625024,0,82.0,154505552.0,91.0,0.0,100.0,7.0,100.0,0.0,80.0,92634751.0,82.0,16489.0,100.0,0.0,100.0,6.0,,,,,100.0,0.0,100.0,0.0,,,76.0,24.0,,,100.0,331.0,100.0,883.0,24.0,24.0,100.0,0.0,100.0,0.0,200.0,0.0,100.0,16328.0,100.0,66332914056.0,100.0,95687016618.0
2019-12-29,ZJV01YHH,ST12000NM0007,12000138625024,0,78.0,58157040.0,91.0,0.0,100.0,7.0,100.0,0.0,80.0,93792271.0,82.0,16505.0,100.0,0.0,100.0,6.0,,,,,100.0,0.0,100.0,0.0,,,76.0,24.0,,,100.0,332.0,100.0,884.0,24.0,24.0,100.0,0.0,100.0,0.0,200.0,0.0,100.0,16343.0,100.0,66333175128.0,100.0,95834547682.0
2019-12-30,ZJV01YHH,ST12000NM0007,12000138625024,0,79.0,80743128.0,91.0,0.0,100.0,7.0,100.0,0.0,80.0,96021938.0,82.0,16536.0,100.0,0.0,100.0,6.0,,,,,100.0,0.0,100.0,0.0,,,76.0,24.0,,,100.0,333.0,100.0,885.0,24.0,24.0,100.0,0.0,100.0,0.0,200.0,0.0,100.0,16374.0,100.0,66333684424.0,100.0,96100765386.0
2019-12-31,ZJV01YHH,ST12000NM0007,12000138625024,0,82.0,168280144.0,91.0,0.0,100.0,7.0,100.0,0.0,80.0,96977072.0,82.0,16552.0,100.0,0.0,100.0,6.0,,,,,100.0,0.0,100.0,0.0,,,76.0,24.0,,,100.0,333.0,100.0,886.0,24.0,24.0,100.0,0.0,100.0,0.0,200.0,0.0,100.0,16390.0,100.0,66333931160.0,100.0,96188055666.0
